<?xml version="1.0" encoding="utf-8"?>
<VTKFile byte_order="LittleEndian" type="UnstructuredGrid" version="0.1">
   <UnstructuredGrid>
      <Piece NumberOfCells="19602" NumberOfPoints="10000">
         <Points>
            <DataArray Name="Points" NumberOfComponents="3" format="ascii" type="Float32">
0.0000 0.0000 0.0000
0.0000 0.0101 0.0000
0.0000 0.0202 0.0000
0.0000 0.0303 0.0000
0.0000 0.0404 0.0000
0.0000 0.0505 0.0000
0.0000 0.0606 0.0000
0.0000 0.0707 0.0000
0.0000 0.0808 0.0000
0.0000 0.0909 0.0000
0.0000 0.1010 0.0000
0.0000 0.1111 0.0000
0.0000 0.1212 0.0000
0.0000 0.1313 0.0000
0.0000 0.1414 0.0000
0.0000 0.1515 0.0000
0.0000 0.1616 0.0000
0.0000 0.1717 0.0000
0.0000 0.1818 0.0000
0.0000 0.1919 0.0000
0.0000 0.2020 0.0000
0.0000 0.2121 0.0000
0.0000 0.2222 0.0000
0.0000 0.2323 0.0000
0.0000 0.2424 0.0000
0.0000 0.2525 0.0000
0.0000 0.2626 0.0000
0.0000 0.2727 0.0000
0.0000 0.2828 0.0000
0.0000 0.2929 0.0000
0.0000 0.3030 0.0000
0.0000 0.3131 0.0000
0.0000 0.3232 0.0000
0.0000 0.3333 0.0000
0.0000 0.3434 0.0000
0.0000 0.3535 0.0000
0.0000 0.3636 0.0000
0.0000 0.3737 0.0000
0.0000 0.3838 0.0000
0.0000 0.3939 0.0000
0.0000 0.4040 0.0000
0.0000 0.4141 0.0000
0.0000 0.4242 0.0000
0.0000 0.4343 0.0000
0.0000 0.4444 0.0000
0.0000 0.4545 0.0000
0.0000 0.4646 0.0000
0.0000 0.4747 0.0000
0.0000 0.4848 0.0000
0.0000 0.4949 0.0000
0.0000 0.5051 0.0000
0.0000 0.5152 0.0000
0.0000 0.5253 0.0000
0.0000 0.5354 0.0000
0.0000 0.5455 0.0000
0.0000 0.5556 0.0000
0.0000 0.5657 0.0000
0.0000 0.5758 0.0000
0.0000 0.5859 0.0000
0.0000 0.5960 0.0000
0.0000 0.6061 0.0000
0.0000 0.6162 0.0000
0.0000 0.6263 0.0000
0.0000 0.6364 0.0000
0.0000 0.6465 0.0000
0.0000 0.6566 0.0000
0.0000 0.6667 0.0000
0.0000 0.6768 0.0000
0.0000 0.6869 0.0000
0.0000 0.6970 0.0000
0.0000 0.7071 0.0000
0.0000 0.7172 0.0000
0.0000 0.7273 0.0000
0.0000 0.7374 0.0000
0.0000 0.7475 0.0000
0.0000 0.7576 0.0000
0.0000 0.7677 0.0000
0.0000 0.7778 0.0000
0.0000 0.7879 0.0000
0.0000 0.7980 0.0000
0.0000 0.8081 0.0000
0.0000 0.8182 0.0000
0.0000 0.8283 0.0000
0.0000 0.8384 0.0000
0.0000 0.8485 0.0000
0.0000 0.8586 0.0000
0.0000 0.8687 0.0000
0.0000 0.8788 0.0000
0.0000 0.8889 0.0000
0.0000 0.8990 0.0000
0.0000 0.9091 0.0000
0.0000 0.9192 0.0000
0.0000 0.9293 0.0000
0.0000 0.9394 0.0000
0.0000 0.9495 0.0000
0.0000 0.9596 0.0000
0.0000 0.9697 0.0000
0.0000 0.9798 0.0000
0.0000 0.9899 0.0000
0.0000 1.0000 0.0000
0.0101 0.0000 0.0000
0.0101 0.0101 0.0000
0.0101 0.0202 0.0000
0.0101 0.0303 0.0000
0.0101 0.0404 0.0000
0.0101 0.0505 0.0000
0.0101 0.0606 0.0000
0.0101 0.0707 0.0000
0.0101 0.0808 0.0000
0.0101 0.0909 0.0000
0.0101 0.1010 0.0000
0.0101 0.1111 0.0000
0.0101 0.1212 0.0000
0.0101 0.1313 0.0000
0.0101 0.1414 0.0000
0.0101 0.1515 0.0000
0.0101 0.1616 0.0000
0.0101 0.1717 0.0000
0.0101 0.1818 0.0000
0.0101 0.1919 0.0000
0.0101 0.2020 0.0000
0.0101 0.2121 0.0000
0.0101 0.2222 0.0000
0.0101 0.2323 0.0000
0.0101 0.2424 0.0000
0.0101 0.2525 0.0000
0.0101 0.2626 0.0000
0.0101 0.2727 0.0000
0.0101 0.2828 0.0000
0.0101 0.2929 0.0000
0.0101 0.3030 0.0000
0.0101 0.3131 0.0000
0.0101 0.3232 0.0000
0.0101 0.3333 0.0000
0.0101 0.3434 0.0000
0.0101 0.3535 0.0000
0.0101 0.3636 0.0000
0.0101 0.3737 0.0000
0.0101 0.3838 0.0000
0.0101 0.3939 0.0000
0.0101 0.4040 0.0000
0.0101 0.4141 0.0000
0.0101 0.4242 0.0000
0.0101 0.4343 0.0000
0.0101 0.4444 0.0000
0.0101 0.4545 0.0000
0.0101 0.4646 0.0000
0.0101 0.4747 0.0000
0.0101 0.4848 0.0000
0.0101 0.4949 0.0000
0.0101 0.5051 0.0000
0.0101 0.5152 0.0000
0.0101 0.5253 0.0000
0.0101 0.5354 0.0000
0.0101 0.5455 0.0000
0.0101 0.5556 0.0000
0.0101 0.5657 0.0000
0.0101 0.5758 0.0000
0.0101 0.5859 0.0000
0.0101 0.5960 0.0000
0.0101 0.6061 0.0000
0.0101 0.6162 0.0000
0.0101 0.6263 0.0000
0.0101 0.6364 0.0000
0.0101 0.6465 0.0000
0.0101 0.6566 0.0000
0.0101 0.6667 0.0000
0.0101 0.6768 0.0000
0.0101 0.6869 0.0000
0.0101 0.6970 0.0000
0.0101 0.7071 0.0000
0.0101 0.7172 0.0000
0.0101 0.7273 0.0000
0.0101 0.7374 0.0000
0.0101 0.7475 0.0000
0.0101 0.7576 0.0000
0.0101 0.7677 0.0000
0.0101 0.7778 0.0000
0.0101 0.7879 0.0000
0.0101 0.7980 0.0000
0.0101 0.8081 0.0000
0.0101 0.8182 0.0000
0.0101 0.8283 0.0000
0.0101 0.8384 0.0000
0.0101 0.8485 0.0000
0.0101 0.8586 0.0000
0.0101 0.8687 0.0000
0.0101 0.8788 0.0000
0.0101 0.8889 0.0000
0.0101 0.8990 0.0000
0.0101 0.9091 0.0000
0.0101 0.9192 0.0000
0.0101 0.9293 0.0000
0.0101 0.9394 0.0000
0.0101 0.9495 0.0000
0.0101 0.9596 0.0000
0.0101 0.9697 0.0000
0.0101 0.9798 0.0000
0.0101 0.9899 0.0000
0.0101 1.0000 0.0000
0.0202 0.0000 0.0000
0.0202 0.0101 0.0000
0.0202 0.0202 0.0000
0.0202 0.0303 0.0000
0.0202 0.0404 0.0000
0.0202 0.0505 0.0000
0.0202 0.0606 0.0000
0.0202 0.0707 0.0000
0.0202 0.0808 0.0000
0.0202 0.0909 0.0000
0.0202 0.1010 0.0000
0.0202 0.1111 0.0000
0.0202 0.1212 0.0000
0.0202 0.1313 0.0000
0.0202 0.1414 0.0000
0.0202 0.1515 0.0000
0.0202 0.1616 0.0000
0.0202 0.1717 0.0000
0.0202 0.1818 0.0000
0.0202 0.1919 0.0000
0.0202 0.2020 0.0000
0.0202 0.2121 0.0000
0.0202 0.2222 0.0000
0.0202 0.2323 0.0000
0.0202 0.2424 0.0000
0.0202 0.2525 0.0000
0.0202 0.2626 0.0000
0.0202 0.2727 0.0000
0.0202 0.2828 0.0000
0.0202 0.2929 0.0000
0.0202 0.3030 0.0000
0.0202 0.3131 0.0000
0.0202 0.3232 0.0000
0.0202 0.3333 0.0000
0.0202 0.3434 0.0000
0.0202 0.3535 0.0000
0.0202 0.3636 0.0000
0.0202 0.3737 0.0000
0.0202 0.3838 0.0000
0.0202 0.3939 0.0000
0.0202 0.4040 0.0000
0.0202 0.4141 0.0000
0.0202 0.4242 0.0000
0.0202 0.4343 0.0000
0.0202 0.4444 0.0000
0.0202 0.4545 0.0000
0.0202 0.4646 0.0000
0.0202 0.4747 0.0000
0.0202 0.4848 0.0000
0.0202 0.4949 0.0000
0.0202 0.5051 0.0000
0.0202 0.5152 0.0000
0.0202 0.5253 0.0000
0.0202 0.5354 0.0000
0.0202 0.5455 0.0000
0.0202 0.5556 0.0000
0.0202 0.5657 0.0000
0.0202 0.5758 0.0000
0.0202 0.5859 0.0000
0.0202 0.5960 0.0000
0.0202 0.6061 0.0000
0.0202 0.6162 0.0000
0.0202 0.6263 0.0000
0.0202 0.6364 0.0000
0.0202 0.6465 0.0000
0.0202 0.6566 0.0000
0.0202 0.6667 0.0000
0.0202 0.6768 0.0000
0.0202 0.6869 0.0000
0.0202 0.6970 0.0000
0.0202 0.7071 0.0000
0.0202 0.7172 0.0000
0.0202 0.7273 0.0000
0.0202 0.7374 0.0000
0.0202 0.7475 0.0000
0.0202 0.7576 0.0000
0.0202 0.7677 0.0000
0.0202 0.7778 0.0000
0.0202 0.7879 0.0000
0.0202 0.7980 0.0000
0.0202 0.8081 0.0000
0.0202 0.8182 0.0000
0.0202 0.8283 0.0000
0.0202 0.8384 0.0000
0.0202 0.8485 0.0000
0.0202 0.8586 0.0000
0.0202 0.8687 0.0000
0.0202 0.8788 0.0000
0.0202 0.8889 0.0000
0.0202 0.8990 0.0000
0.0202 0.9091 0.0000
0.0202 0.9192 0.0000
0.0202 0.9293 0.0000
0.0202 0.9394 0.0000
0.0202 0.9495 0.0000
0.0202 0.9596 0.0000
0.0202 0.9697 0.0000
0.0202 0.9798 0.0000
0.0202 0.9899 0.0000
0.0202 1.0000 0.0000
0.0303 0.0000 0.0000
0.0303 0.0101 0.0000
0.0303 0.0202 0.0000
0.0303 0.0303 0.0000
0.0303 0.0404 0.0000
0.0303 0.0505 0.0000
0.0303 0.0606 0.0000
0.0303 0.0707 0.0000
0.0303 0.0808 0.0000
0.0303 0.0909 0.0000
0.0303 0.1010 0.0000
0.0303 0.1111 0.0000
0.0303 0.1212 0.0000
0.0303 0.1313 0.0000
0.0303 0.1414 0.0000
0.0303 0.1515 0.0000
0.0303 0.1616 0.0000
0.0303 0.1717 0.0000
0.0303 0.1818 0.0000
0.0303 0.1919 0.0000
0.0303 0.2020 0.0000
0.0303 0.2121 0.0000
0.0303 0.2222 0.0000
0.0303 0.2323 0.0000
0.0303 0.2424 0.0000
0.0303 0.2525 0.0000
0.0303 0.2626 0.0000
0.0303 0.2727 0.0000
0.0303 0.2828 0.0000
0.0303 0.2929 0.0000
0.0303 0.3030 0.0000
0.0303 0.3131 0.0000
0.0303 0.3232 0.0000
0.0303 0.3333 0.0000
0.0303 0.3434 0.0000
0.0303 0.3535 0.0000
0.0303 0.3636 0.0000
0.0303 0.3737 0.0000
0.0303 0.3838 0.0000
0.0303 0.3939 0.0000
0.0303 0.4040 0.0000
0.0303 0.4141 0.0000
0.0303 0.4242 0.0000
0.0303 0.4343 0.0000
0.0303 0.4444 0.0000
0.0303 0.4545 0.0000
0.0303 0.4646 0.0000
0.0303 0.4747 0.0000
0.0303 0.4848 0.0000
0.0303 0.4949 0.0000
0.0303 0.5051 0.0000
0.0303 0.5152 0.0000
0.0303 0.5253 0.0000
0.0303 0.5354 0.0000
0.0303 0.5455 0.0000
0.0303 0.5556 0.0000
0.0303 0.5657 0.0000
0.0303 0.5758 0.0000
0.0303 0.5859 0.0000
0.0303 0.5960 0.0000
0.0303 0.6061 0.0000
0.0303 0.6162 0.0000
0.0303 0.6263 0.0000
0.0303 0.6364 0.0000
0.0303 0.6465 0.0000
0.0303 0.6566 0.0000
0.0303 0.6667 0.0000
0.0303 0.6768 0.0000
0.0303 0.6869 0.0000
0.0303 0.6970 0.0000
0.0303 0.7071 0.0000
0.0303 0.7172 0.0000
0.0303 0.7273 0.0000
0.0303 0.7374 0.0000
0.0303 0.7475 0.0000
0.0303 0.7576 0.0000
0.0303 0.7677 0.0000
0.0303 0.7778 0.0000
0.0303 0.7879 0.0000
0.0303 0.7980 0.0000
0.0303 0.8081 0.0000
0.0303 0.8182 0.0000
0.0303 0.8283 0.0000
0.0303 0.8384 0.0000
0.0303 0.8485 0.0000
0.0303 0.8586 0.0000
0.0303 0.8687 0.0000
0.0303 0.8788 0.0000
0.0303 0.8889 0.0000
0.0303 0.8990 0.0000
0.0303 0.9091 0.0000
0.0303 0.9192 0.0000
0.0303 0.9293 0.0000
0.0303 0.9394 0.0000
0.0303 0.9495 0.0000
0.0303 0.9596 0.0000
0.0303 0.9697 0.0000
0.0303 0.9798 0.0000
0.0303 0.9899 0.0000
0.0303 1.0000 0.0000
0.0404 0.0000 0.0000
0.0404 0.0101 0.0000
0.0404 0.0202 0.0000
0.0404 0.0303 0.0000
0.0404 0.0404 0.0000
0.0404 0.0505 0.0000
0.0404 0.0606 0.0000
0.0404 0.0707 0.0000
0.0404 0.0808 0.0000
0.0404 0.0909 0.0000
0.0404 0.1010 0.0000
0.0404 0.1111 0.0000
0.0404 0.1212 0.0000
0.0404 0.1313 0.0000
0.0404 0.1414 0.0000
0.0404 0.1515 0.0000
0.0404 0.1616 0.0000
0.0404 0.1717 0.0000
0.0404 0.1818 0.0000
0.0404 0.1919 0.0000
0.0404 0.2020 0.0000
0.0404 0.2121 0.0000
0.0404 0.2222 0.0000
0.0404 0.2323 0.0000
0.0404 0.2424 0.0000
0.0404 0.2525 0.0000
0.0404 0.2626 0.0000
0.0404 0.2727 0.0000
0.0404 0.2828 0.0000
0.0404 0.2929 0.0000
0.0404 0.3030 0.0000
0.0404 0.3131 0.0000
0.0404 0.3232 0.0000
0.0404 0.3333 0.0000
0.0404 0.3434 0.0000
0.0404 0.3535 0.0000
0.0404 0.3636 0.0000
0.0404 0.3737 0.0000
0.0404 0.3838 0.0000
0.0404 0.3939 0.0000
0.0404 0.4040 0.0000
0.0404 0.4141 0.0000
0.0404 0.4242 0.0000
0.0404 0.4343 0.0000
0.0404 0.4444 0.0000
0.0404 0.4545 0.0000
0.0404 0.4646 0.0000
0.0404 0.4747 0.0000
0.0404 0.4848 0.0000
0.0404 0.4949 0.0000
0.0404 0.5051 0.0000
0.0404 0.5152 0.0000
0.0404 0.5253 0.0000
0.0404 0.5354 0.0000
0.0404 0.5455 0.0000
0.0404 0.5556 0.0000
0.0404 0.5657 0.0000
0.0404 0.5758 0.0000
0.0404 0.5859 0.0000
0.0404 0.5960 0.0000
0.0404 0.6061 0.0000
0.0404 0.6162 0.0000
0.0404 0.6263 0.0000
0.0404 0.6364 0.0000
0.0404 0.6465 0.0000
0.0404 0.6566 0.0000
0.0404 0.6667 0.0000
0.0404 0.6768 0.0000
0.0404 0.6869 0.0000
0.0404 0.6970 0.0000
0.0404 0.7071 0.0000
0.0404 0.7172 0.0000
0.0404 0.7273 0.0000
0.0404 0.7374 0.0000
0.0404 0.7475 0.0000
0.0404 0.7576 0.0000
0.0404 0.7677 0.0000
0.0404 0.7778 0.0000
0.0404 0.7879 0.0000
0.0404 0.7980 0.0000
0.0404 0.8081 0.0000
0.0404 0.8182 0.0000
0.0404 0.8283 0.0000
0.0404 0.8384 0.0000
0.0404 0.8485 0.0000
0.0404 0.8586 0.0000
0.0404 0.8687 0.0000
0.0404 0.8788 0.0000
0.0404 0.8889 0.0000
0.0404 0.8990 0.0000
0.0404 0.9091 0.0000
0.0404 0.9192 0.0000
0.0404 0.9293 0.0000
0.0404 0.9394 0.0000
0.0404 0.9495 0.0000
0.0404 0.9596 0.0000
0.0404 0.9697 0.0000
0.0404 0.9798 0.0000
0.0404 0.9899 0.0000
0.0404 1.0000 0.0000
0.0505 0.0000 0.0000
0.0505 0.0101 0.0000
0.0505 0.0202 0.0000
0.0505 0.0303 0.0000
0.0505 0.0404 0.0000
0.0505 0.0505 0.0000
0.0505 0.0606 0.0000
0.0505 0.0707 0.0000
0.0505 0.0808 0.0000
0.0505 0.0909 0.0000
0.0505 0.1010 0.0000
0.0505 0.1111 0.0000
0.0505 0.1212 0.0000
0.0505 0.1313 0.0000
0.0505 0.1414 0.0000
0.0505 0.1515 0.0000
0.0505 0.1616 0.0000
0.0505 0.1717 0.0000
0.0505 0.1818 0.0000
0.0505 0.1919 0.0000
0.0505 0.2020 0.0000
0.0505 0.2121 0.0000
0.0505 0.2222 0.0000
0.0505 0.2323 0.0000
0.0505 0.2424 0.0000
0.0505 0.2525 0.0000
0.0505 0.2626 0.0000
0.0505 0.2727 0.0000
0.0505 0.2828 0.0000
0.0505 0.2929 0.0000
0.0505 0.3030 0.0000
0.0505 0.3131 0.0000
0.0505 0.3232 0.0000
0.0505 0.3333 0.0000
0.0505 0.3434 0.0000
0.0505 0.3535 0.0000
0.0505 0.3636 0.0000
0.0505 0.3737 0.0000
0.0505 0.3838 0.0000
0.0505 0.3939 0.0000
0.0505 0.4040 0.0000
0.0505 0.4141 0.0000
0.0505 0.4242 0.0000
0.0505 0.4343 0.0000
0.0505 0.4444 0.0000
0.0505 0.4545 0.0000
0.0505 0.4646 0.0000
0.0505 0.4747 0.0000
0.0505 0.4848 0.0000
0.0505 0.4949 0.0000
0.0505 0.5051 0.0000
0.0505 0.5152 0.0000
0.0505 0.5253 0.0000
0.0505 0.5354 0.0000
0.0505 0.5455 0.0000
0.0505 0.5556 0.0000
0.0505 0.5657 0.0000
0.0505 0.5758 0.0000
0.0505 0.5859 0.0000
0.0505 0.5960 0.0000
0.0505 0.6061 0.0000
0.0505 0.6162 0.0000
0.0505 0.6263 0.0000
0.0505 0.6364 0.0000
0.0505 0.6465 0.0000
0.0505 0.6566 0.0000
0.0505 0.6667 0.0000
0.0505 0.6768 0.0000
0.0505 0.6869 0.0000
0.0505 0.6970 0.0000
0.0505 0.7071 0.0000
0.0505 0.7172 0.0000
0.0505 0.7273 0.0000
0.0505 0.7374 0.0000
0.0505 0.7475 0.0000
0.0505 0.7576 0.0000
0.0505 0.7677 0.0000
0.0505 0.7778 0.0000
0.0505 0.7879 0.0000
0.0505 0.7980 0.0000
0.0505 0.8081 0.0000
0.0505 0.8182 0.0000
0.0505 0.8283 0.0000
0.0505 0.8384 0.0000
0.0505 0.8485 0.0000
0.0505 0.8586 0.0000
0.0505 0.8687 0.0000
0.0505 0.8788 0.0000
0.0505 0.8889 0.0000
0.0505 0.8990 0.0000
0.0505 0.9091 0.0000
0.0505 0.9192 0.0000
0.0505 0.9293 0.0000
0.0505 0.9394 0.0000
0.0505 0.9495 0.0000
0.0505 0.9596 0.0000
0.0505 0.9697 0.0000
0.0505 0.9798 0.0000
0.0505 0.9899 0.0000
0.0505 1.0000 0.0000
0.0606 0.0000 0.0000
0.0606 0.0101 0.0000
0.0606 0.0202 0.0000
0.0606 0.0303 0.0000
0.0606 0.0404 0.0000
0.0606 0.0505 0.0000
0.0606 0.0606 0.0000
0.0606 0.0707 0.0000
0.0606 0.0808 0.0000
0.0606 0.0909 0.0000
0.0606 0.1010 0.0000
0.0606 0.1111 0.0000
0.0606 0.1212 0.0000
0.0606 0.1313 0.0000
0.0606 0.1414 0.0000
0.0606 0.1515 0.0000
0.0606 0.1616 0.0000
0.0606 0.1717 0.0000
0.0606 0.1818 0.0000
0.0606 0.1919 0.0000
0.0606 0.2020 0.0000
0.0606 0.2121 0.0000
0.0606 0.2222 0.0000
0.0606 0.2323 0.0000
0.0606 0.2424 0.0000
0.0606 0.2525 0.0000
0.0606 0.2626 0.0000
0.0606 0.2727 0.0000
0.0606 0.2828 0.0000
0.0606 0.2929 0.0000
0.0606 0.3030 0.0000
0.0606 0.3131 0.0000
0.0606 0.3232 0.0000
0.0606 0.3333 0.0000
0.0606 0.3434 0.0000
0.0606 0.3535 0.0000
0.0606 0.3636 0.0000
0.0606 0.3737 0.0000
0.0606 0.3838 0.0000
0.0606 0.3939 0.0000
0.0606 0.4040 0.0000
0.0606 0.4141 0.0000
0.0606 0.4242 0.0000
0.0606 0.4343 0.0000
0.0606 0.4444 0.0000
0.0606 0.4545 0.0000
0.0606 0.4646 0.0000
0.0606 0.4747 0.0000
0.0606 0.4848 0.0000
0.0606 0.4949 0.0000
0.0606 0.5051 0.0000
0.0606 0.5152 0.0000
0.0606 0.5253 0.0000
0.0606 0.5354 0.0000
0.0606 0.5455 0.0000
0.0606 0.5556 0.0000
0.0606 0.5657 0.0000
0.0606 0.5758 0.0000
0.0606 0.5859 0.0000
0.0606 0.5960 0.0000
0.0606 0.6061 0.0000
0.0606 0.6162 0.0000
0.0606 0.6263 0.0000
0.0606 0.6364 0.0000
0.0606 0.6465 0.0000
0.0606 0.6566 0.0000
0.0606 0.6667 0.0000
0.0606 0.6768 0.0000
0.0606 0.6869 0.0000
0.0606 0.6970 0.0000
0.0606 0.7071 0.0000
0.0606 0.7172 0.0000
0.0606 0.7273 0.0000
0.0606 0.7374 0.0000
0.0606 0.7475 0.0000
0.0606 0.7576 0.0000
0.0606 0.7677 0.0000
0.0606 0.7778 0.0000
0.0606 0.7879 0.0000
0.0606 0.7980 0.0000
0.0606 0.8081 0.0000
0.0606 0.8182 0.0000
0.0606 0.8283 0.0000
0.0606 0.8384 0.0000
0.0606 0.8485 0.0000
0.0606 0.8586 0.0000
0.0606 0.8687 0.0000
0.0606 0.8788 0.0000
0.0606 0.8889 0.0000
0.0606 0.8990 0.0000
0.0606 0.9091 0.0000
0.0606 0.9192 0.0000
0.0606 0.9293 0.0000
0.0606 0.9394 0.0000
0.0606 0.9495 0.0000
0.0606 0.9596 0.0000
0.0606 0.9697 0.0000
0.0606 0.9798 0.0000
0.0606 0.9899 0.0000
0.0606 1.0000 0.0000
0.0707 0.0000 0.0000
0.0707 0.0101 0.0000
0.0707 0.0202 0.0000
0.0707 0.0303 0.0000
0.0707 0.0404 0.0000
0.0707 0.0505 0.0000
0.0707 0.0606 0.0000
0.0707 0.0707 0.0000
0.0707 0.0808 0.0000
0.0707 0.0909 0.0000
0.0707 0.1010 0.0000
0.0707 0.1111 0.0000
0.0707 0.1212 0.0000
0.0707 0.1313 0.0000
0.0707 0.1414 0.0000
0.0707 0.1515 0.0000
0.0707 0.1616 0.0000
0.0707 0.1717 0.0000
0.0707 0.1818 0.0000
0.0707 0.1919 0.0000
0.0707 0.2020 0.0000
0.0707 0.2121 0.0000
0.0707 0.2222 0.0000
0.0707 0.2323 0.0000
0.0707 0.2424 0.0000
0.0707 0.2525 0.0000
0.0707 0.2626 0.0000
0.0707 0.2727 0.0000
0.0707 0.2828 0.0000
0.0707 0.2929 0.0000
0.0707 0.3030 0.0000
0.0707 0.3131 0.0000
0.0707 0.3232 0.0000
0.0707 0.3333 0.0000
0.0707 0.3434 0.0000
0.0707 0.3535 0.0000
0.0707 0.3636 0.0000
0.0707 0.3737 0.0000
0.0707 0.3838 0.0000
0.0707 0.3939 0.0000
0.0707 0.4040 0.0000
0.0707 0.4141 0.0000
0.0707 0.4242 0.0000
0.0707 0.4343 0.0000
0.0707 0.4444 0.0000
0.0707 0.4545 0.0000
0.0707 0.4646 0.0000
0.0707 0.4747 0.0000
0.0707 0.4848 0.0000
0.0707 0.4949 0.0000
0.0707 0.5051 0.0000
0.0707 0.5152 0.0000
0.0707 0.5253 0.0000
0.0707 0.5354 0.0000
0.0707 0.5455 0.0000
0.0707 0.5556 0.0000
0.0707 0.5657 0.0000
0.0707 0.5758 0.0000
0.0707 0.5859 0.0000
0.0707 0.5960 0.0000
0.0707 0.6061 0.0000
0.0707 0.6162 0.0000
0.0707 0.6263 0.0000
0.0707 0.6364 0.0000
0.0707 0.6465 0.0000
0.0707 0.6566 0.0000
0.0707 0.6667 0.0000
0.0707 0.6768 0.0000
0.0707 0.6869 0.0000
0.0707 0.6970 0.0000
0.0707 0.7071 0.0000
0.0707 0.7172 0.0000
0.0707 0.7273 0.0000
0.0707 0.7374 0.0000
0.0707 0.7475 0.0000
0.0707 0.7576 0.0000
0.0707 0.7677 0.0000
0.0707 0.7778 0.0000
0.0707 0.7879 0.0000
0.0707 0.7980 0.0000
0.0707 0.8081 0.0000
0.0707 0.8182 0.0000
0.0707 0.8283 0.0000
0.0707 0.8384 0.0000
0.0707 0.8485 0.0000
0.0707 0.8586 0.0000
0.0707 0.8687 0.0000
0.0707 0.8788 0.0000
0.0707 0.8889 0.0000
0.0707 0.8990 0.0000
0.0707 0.9091 0.0000
0.0707 0.9192 0.0000
0.0707 0.9293 0.0000
0.0707 0.9394 0.0000
0.0707 0.9495 0.0000
0.0707 0.9596 0.0000
0.0707 0.9697 0.0000
0.0707 0.9798 0.0000
0.0707 0.9899 0.0000
0.0707 1.0000 0.0000
0.0808 0.0000 0.0000
0.0808 0.0101 0.0000
0.0808 0.0202 0.0000
0.0808 0.0303 0.0000
0.0808 0.0404 0.0000
0.0808 0.0505 0.0000
0.0808 0.0606 0.0000
0.0808 0.0707 0.0000
0.0808 0.0808 0.0000
0.0808 0.0909 0.0000
0.0808 0.1010 0.0000
0.0808 0.1111 0.0000
0.0808 0.1212 0.0000
0.0808 0.1313 0.0000
0.0808 0.1414 0.0000
0.0808 0.1515 0.0000
0.0808 0.1616 0.0000
0.0808 0.1717 0.0000
0.0808 0.1818 0.0000
0.0808 0.1919 0.0000
0.0808 0.2020 0.0000
0.0808 0.2121 0.0000
0.0808 0.2222 0.0000
0.0808 0.2323 0.0000
0.0808 0.2424 0.0000
0.0808 0.2525 0.0000
0.0808 0.2626 0.0000
0.0808 0.2727 0.0000
0.0808 0.2828 0.0000
0.0808 0.2929 0.0000
0.0808 0.3030 0.0000
0.0808 0.3131 0.0000
0.0808 0.3232 0.0000
0.0808 0.3333 0.0000
0.0808 0.3434 0.0000
0.0808 0.3535 0.0000
0.0808 0.3636 0.0000
0.0808 0.3737 0.0000
0.0808 0.3838 0.0000
0.0808 0.3939 0.0000
0.0808 0.4040 0.0000
0.0808 0.4141 0.0000
0.0808 0.4242 0.0000
0.0808 0.4343 0.0000
0.0808 0.4444 0.0000
0.0808 0.4545 0.0000
0.0808 0.4646 0.0000
0.0808 0.4747 0.0000
0.0808 0.4848 0.0000
0.0808 0.4949 0.0000
0.0808 0.5051 0.0000
0.0808 0.5152 0.0000
0.0808 0.5253 0.0000
0.0808 0.5354 0.0000
0.0808 0.5455 0.0000
0.0808 0.5556 0.0000
0.0808 0.5657 0.0000
0.0808 0.5758 0.0000
0.0808 0.5859 0.0000
0.0808 0.5960 0.0000
0.0808 0.6061 0.0000
0.0808 0.6162 0.0000
0.0808 0.6263 0.0000
0.0808 0.6364 0.0000
0.0808 0.6465 0.0000
0.0808 0.6566 0.0000
0.0808 0.6667 0.0000
0.0808 0.6768 0.0000
0.0808 0.6869 0.0000
0.0808 0.6970 0.0000
0.0808 0.7071 0.0000
0.0808 0.7172 0.0000
0.0808 0.7273 0.0000
0.0808 0.7374 0.0000
0.0808 0.7475 0.0000
0.0808 0.7576 0.0000
0.0808 0.7677 0.0000
0.0808 0.7778 0.0000
0.0808 0.7879 0.0000
0.0808 0.7980 0.0000
0.0808 0.8081 0.0000
0.0808 0.8182 0.0000
0.0808 0.8283 0.0000
0.0808 0.8384 0.0000
0.0808 0.8485 0.0000
0.0808 0.8586 0.0000
0.0808 0.8687 0.0000
0.0808 0.8788 0.0000
0.0808 0.8889 0.0000
0.0808 0.8990 0.0000
0.0808 0.9091 0.0000
0.0808 0.9192 0.0000
0.0808 0.9293 0.0000
0.0808 0.9394 0.0000
0.0808 0.9495 0.0000
0.0808 0.9596 0.0000
0.0808 0.9697 0.0000
0.0808 0.9798 0.0000
0.0808 0.9899 0.0000
0.0808 1.0000 0.0000
0.0909 0.0000 0.0000
0.0909 0.0101 0.0000
0.0909 0.0202 0.0000
0.0909 0.0303 0.0000
0.0909 0.0404 0.0000
0.0909 0.0505 0.0000
0.0909 0.0606 0.0000
0.0909 0.0707 0.0000
0.0909 0.0808 0.0000
0.0909 0.0909 0.0000
0.0909 0.1010 0.0000
0.0909 0.1111 0.0000
0.0909 0.1212 0.0000
0.0909 0.1313 0.0000
0.0909 0.1414 0.0000
0.0909 0.1515 0.0000
0.0909 0.1616 0.0000
0.0909 0.1717 0.0000
0.0909 0.1818 0.0000
0.0909 0.1919 0.0000
0.0909 0.2020 0.0000
0.0909 0.2121 0.0000
0.0909 0.2222 0.0000
0.0909 0.2323 0.0000
0.0909 0.2424 0.0000
0.0909 0.2525 0.0000
0.0909 0.2626 0.0000
0.0909 0.2727 0.0000
0.0909 0.2828 0.0000
0.0909 0.2929 0.0000
0.0909 0.3030 0.0000
0.0909 0.3131 0.0000
0.0909 0.3232 0.0000
0.0909 0.3333 0.0000
0.0909 0.3434 0.0000
0.0909 0.3535 0.0000
0.0909 0.3636 0.0000
0.0909 0.3737 0.0000
0.0909 0.3838 0.0000
0.0909 0.3939 0.0000
0.0909 0.4040 0.0000
0.0909 0.4141 0.0000
0.0909 0.4242 0.0000
0.0909 0.4343 0.0000
0.0909 0.4444 0.0000
0.0909 0.4545 0.0000
0.0909 0.4646 0.0000
0.0909 0.4747 0.0000
0.0909 0.4848 0.0000
0.0909 0.4949 0.0000
0.0909 0.5051 0.0000
0.0909 0.5152 0.0000
0.0909 0.5253 0.0000
0.0909 0.5354 0.0000
0.0909 0.5455 0.0000
0.0909 0.5556 0.0000
0.0909 0.5657 0.0000
0.0909 0.5758 0.0000
0.0909 0.5859 0.0000
0.0909 0.5960 0.0000
0.0909 0.6061 0.0000
0.0909 0.6162 0.0000
0.0909 0.6263 0.0000
0.0909 0.6364 0.0000
0.0909 0.6465 0.0000
0.0909 0.6566 0.0000
0.0909 0.6667 0.0000
0.0909 0.6768 0.0000
0.0909 0.6869 0.0000
0.0909 0.6970 0.0000
0.0909 0.7071 0.0000
0.0909 0.7172 0.0000
0.0909 0.7273 0.0000
0.0909 0.7374 0.0000
0.0909 0.7475 0.0000
0.0909 0.7576 0.0000
0.0909 0.7677 0.0000
0.0909 0.7778 0.0000
0.0909 0.7879 0.0000
0.0909 0.7980 0.0000
0.0909 0.8081 0.0000
0.0909 0.8182 0.0000
0.0909 0.8283 0.0000
0.0909 0.8384 0.0000
0.0909 0.8485 0.0000
0.0909 0.8586 0.0000
0.0909 0.8687 0.0000
0.0909 0.8788 0.0000
0.0909 0.8889 0.0000
0.0909 0.8990 0.0000
0.0909 0.9091 0.0000
0.0909 0.9192 0.0000
0.0909 0.9293 0.0000
0.0909 0.9394 0.0000
0.0909 0.9495 0.0000
0.0909 0.9596 0.0000
0.0909 0.9697 0.0000
0.0909 0.9798 0.0000
0.0909 0.9899 0.0000
0.0909 1.0000 0.0000
0.1010 0.0000 0.0000
0.1010 0.0101 0.0000
0.1010 0.0202 0.0000
0.1010 0.0303 0.0000
0.1010 0.0404 0.0000
0.1010 0.0505 0.0000
0.1010 0.0606 0.0000
0.1010 0.0707 0.0000
0.1010 0.0808 0.0000
0.1010 0.0909 0.0000
0.1010 0.1010 0.0000
0.1010 0.1111 0.0000
0.1010 0.1212 0.0000
0.1010 0.1313 0.0000
0.1010 0.1414 0.0000
0.1010 0.1515 0.0000
0.1010 0.1616 0.0000
0.1010 0.1717 0.0000
0.1010 0.1818 0.0000
0.1010 0.1919 0.0000
0.1010 0.2020 0.0000
0.1010 0.2121 0.0000
0.1010 0.2222 0.0000
0.1010 0.2323 0.0000
0.1010 0.2424 0.0000
0.1010 0.2525 0.0000
0.1010 0.2626 0.0000
0.1010 0.2727 0.0000
0.1010 0.2828 0.0000
0.1010 0.2929 0.0000
0.1010 0.3030 0.0000
0.1010 0.3131 0.0000
0.1010 0.3232 0.0000
0.1010 0.3333 0.0000
0.1010 0.3434 0.0000
0.1010 0.3535 0.0000
0.1010 0.3636 0.0000
0.1010 0.3737 0.0000
0.1010 0.3838 0.0000
0.1010 0.3939 0.0000
0.1010 0.4040 0.0000
0.1010 0.4141 0.0000
0.1010 0.4242 0.0000
0.1010 0.4343 0.0000
0.1010 0.4444 0.0000
0.1010 0.4545 0.0000
0.1010 0.4646 0.0000
0.1010 0.4747 0.0000
0.1010 0.4848 0.0000
0.1010 0.4949 0.0000
0.1010 0.5051 0.0000
0.1010 0.5152 0.0000
0.1010 0.5253 0.0000
0.1010 0.5354 0.0000
0.1010 0.5455 0.0000
0.1010 0.5556 0.0000
0.1010 0.5657 0.0000
0.1010 0.5758 0.0000
0.1010 0.5859 0.0000
0.1010 0.5960 0.0000
0.1010 0.6061 0.0000
0.1010 0.6162 0.0000
0.1010 0.6263 0.0000
0.1010 0.6364 0.0000
0.1010 0.6465 0.0000
0.1010 0.6566 0.0000
0.1010 0.6667 0.0000
0.1010 0.6768 0.0000
0.1010 0.6869 0.0000
0.1010 0.6970 0.0000
0.1010 0.7071 0.0000
0.1010 0.7172 0.0000
0.1010 0.7273 0.0000
0.1010 0.7374 0.0000
0.1010 0.7475 0.0000
0.1010 0.7576 0.0000
0.1010 0.7677 0.0000
0.1010 0.7778 0.0000
0.1010 0.7879 0.0000
0.1010 0.7980 0.0000
0.1010 0.8081 0.0000
0.1010 0.8182 0.0000
0.1010 0.8283 0.0000
0.1010 0.8384 0.0000
0.1010 0.8485 0.0000
0.1010 0.8586 0.0000
0.1010 0.8687 0.0000
0.1010 0.8788 0.0000
0.1010 0.8889 0.0000
0.1010 0.8990 0.0000
0.1010 0.9091 0.0000
0.1010 0.9192 0.0000
0.1010 0.9293 0.0000
0.1010 0.9394 0.0000
0.1010 0.9495 0.0000
0.1010 0.9596 0.0000
0.1010 0.9697 0.0000
0.1010 0.9798 0.0000
0.1010 0.9899 0.0000
0.1010 1.0000 0.0000
0.1111 0.0000 0.0000
0.1111 0.0101 0.0000
0.1111 0.0202 0.0000
0.1111 0.0303 0.0000
0.1111 0.0404 0.0000
0.1111 0.0505 0.0000
0.1111 0.0606 0.0000
0.1111 0.0707 0.0000
0.1111 0.0808 0.0000
0.1111 0.0909 0.0000
0.1111 0.1010 0.0000
0.1111 0.1111 0.0000
0.1111 0.1212 0.0000
0.1111 0.1313 0.0000
0.1111 0.1414 0.0000
0.1111 0.1515 0.0000
0.1111 0.1616 0.0000
0.1111 0.1717 0.0000
0.1111 0.1818 0.0000
0.1111 0.1919 0.0000
0.1111 0.2020 0.0000
0.1111 0.2121 0.0000
0.1111 0.2222 0.0000
0.1111 0.2323 0.0000
0.1111 0.2424 0.0000
0.1111 0.2525 0.0000
0.1111 0.2626 0.0000
0.1111 0.2727 0.0000
0.1111 0.2828 0.0000
0.1111 0.2929 0.0000
0.1111 0.3030 0.0000
0.1111 0.3131 0.0000
0.1111 0.3232 0.0000
0.1111 0.3333 0.0000
0.1111 0.3434 0.0000
0.1111 0.3535 0.0000
0.1111 0.3636 0.0000
0.1111 0.3737 0.0000
0.1111 0.3838 0.0000
0.1111 0.3939 0.0000
0.1111 0.4040 0.0000
0.1111 0.4141 0.0000
0.1111 0.4242 0.0000
0.1111 0.4343 0.0000
0.1111 0.4444 0.0000
0.1111 0.4545 0.0000
0.1111 0.4646 0.0000
0.1111 0.4747 0.0000
0.1111 0.4848 0.0000
0.1111 0.4949 0.0000
0.1111 0.5051 0.0000
0.1111 0.5152 0.0000
0.1111 0.5253 0.0000
0.1111 0.5354 0.0000
0.1111 0.5455 0.0000
0.1111 0.5556 0.0000
0.1111 0.5657 0.0000
0.1111 0.5758 0.0000
0.1111 0.5859 0.0000
0.1111 0.5960 0.0000
0.1111 0.6061 0.0000
0.1111 0.6162 0.0000
0.1111 0.6263 0.0000
0.1111 0.6364 0.0000
0.1111 0.6465 0.0000
0.1111 0.6566 0.0000
0.1111 0.6667 0.0000
0.1111 0.6768 0.0000
0.1111 0.6869 0.0000
0.1111 0.6970 0.0000
0.1111 0.7071 0.0000
0.1111 0.7172 0.0000
0.1111 0.7273 0.0000
0.1111 0.7374 0.0000
0.1111 0.7475 0.0000
0.1111 0.7576 0.0000
0.1111 0.7677 0.0000
0.1111 0.7778 0.0000
0.1111 0.7879 0.0000
0.1111 0.7980 0.0000
0.1111 0.8081 0.0000
0.1111 0.8182 0.0000
0.1111 0.8283 0.0000
0.1111 0.8384 0.0000
0.1111 0.8485 0.0000
0.1111 0.8586 0.0000
0.1111 0.8687 0.0000
0.1111 0.8788 0.0000
0.1111 0.8889 0.0000
0.1111 0.8990 0.0000
0.1111 0.9091 0.0000
0.1111 0.9192 0.0000
0.1111 0.9293 0.0000
0.1111 0.9394 0.0000
0.1111 0.9495 0.0000
0.1111 0.9596 0.0000
0.1111 0.9697 0.0000
0.1111 0.9798 0.0000
0.1111 0.9899 0.0000
0.1111 1.0000 0.0000
0.1212 0.0000 0.0000
0.1212 0.0101 0.0000
0.1212 0.0202 0.0000
0.1212 0.0303 0.0000
0.1212 0.0404 0.0000
0.1212 0.0505 0.0000
0.1212 0.0606 0.0000
0.1212 0.0707 0.0000
0.1212 0.0808 0.0000
0.1212 0.0909 0.0000
0.1212 0.1010 0.0000
0.1212 0.1111 0.0000
0.1212 0.1212 0.0000
0.1212 0.1313 0.0000
0.1212 0.1414 0.0000
0.1212 0.1515 0.0000
0.1212 0.1616 0.0000
0.1212 0.1717 0.0000
0.1212 0.1818 0.0000
0.1212 0.1919 0.0000
0.1212 0.2020 0.0000
0.1212 0.2121 0.0000
0.1212 0.2222 0.0000
0.1212 0.2323 0.0000
0.1212 0.2424 0.0000
0.1212 0.2525 0.0000
0.1212 0.2626 0.0000
0.1212 0.2727 0.0000
0.1212 0.2828 0.0000
0.1212 0.2929 0.0000
0.1212 0.3030 0.0000
0.1212 0.3131 0.0000
0.1212 0.3232 0.0000
0.1212 0.3333 0.0000
0.1212 0.3434 0.0000
0.1212 0.3535 0.0000
0.1212 0.3636 0.0000
0.1212 0.3737 0.0000
0.1212 0.3838 0.0000
0.1212 0.3939 0.0000
0.1212 0.4040 0.0000
0.1212 0.4141 0.0000
0.1212 0.4242 0.0000
0.1212 0.4343 0.0000
0.1212 0.4444 0.0000
0.1212 0.4545 0.0000
0.1212 0.4646 0.0000
0.1212 0.4747 0.0000
0.1212 0.4848 0.0000
0.1212 0.4949 0.0000
0.1212 0.5051 0.0000
0.1212 0.5152 0.0000
0.1212 0.5253 0.0000
0.1212 0.5354 0.0000
0.1212 0.5455 0.0000
0.1212 0.5556 0.0000
0.1212 0.5657 0.0000
0.1212 0.5758 0.0000
0.1212 0.5859 0.0000
0.1212 0.5960 0.0000
0.1212 0.6061 0.0000
0.1212 0.6162 0.0000
0.1212 0.6263 0.0000
0.1212 0.6364 0.0000
0.1212 0.6465 0.0000
0.1212 0.6566 0.0000
0.1212 0.6667 0.0000
0.1212 0.6768 0.0000
0.1212 0.6869 0.0000
0.1212 0.6970 0.0000
0.1212 0.7071 0.0000
0.1212 0.7172 0.0000
0.1212 0.7273 0.0000
0.1212 0.7374 0.0000
0.1212 0.7475 0.0000
0.1212 0.7576 0.0000
0.1212 0.7677 0.0000
0.1212 0.7778 0.0000
0.1212 0.7879 0.0000
0.1212 0.7980 0.0000
0.1212 0.8081 0.0000
0.1212 0.8182 0.0000
0.1212 0.8283 0.0000
0.1212 0.8384 0.0000
0.1212 0.8485 0.0000
0.1212 0.8586 0.0000
0.1212 0.8687 0.0000
0.1212 0.8788 0.0000
0.1212 0.8889 0.0000
0.1212 0.8990 0.0000
0.1212 0.9091 0.0000
0.1212 0.9192 0.0000
0.1212 0.9293 0.0000
0.1212 0.9394 0.0000
0.1212 0.9495 0.0000
0.1212 0.9596 0.0000
0.1212 0.9697 0.0000
0.1212 0.9798 0.0000
0.1212 0.9899 0.0000
0.1212 1.0000 0.0000
0.1313 0.0000 0.0000
0.1313 0.0101 0.0000
0.1313 0.0202 0.0000
0.1313 0.0303 0.0000
0.1313 0.0404 0.0000
0.1313 0.0505 0.0000
0.1313 0.0606 0.0000
0.1313 0.0707 0.0000
0.1313 0.0808 0.0000
0.1313 0.0909 0.0000
0.1313 0.1010 0.0000
0.1313 0.1111 0.0000
0.1313 0.1212 0.0000
0.1313 0.1313 0.0000
0.1313 0.1414 0.0000
0.1313 0.1515 0.0000
0.1313 0.1616 0.0000
0.1313 0.1717 0.0000
0.1313 0.1818 0.0000
0.1313 0.1919 0.0000
0.1313 0.2020 0.0000
0.1313 0.2121 0.0000
0.1313 0.2222 0.0000
0.1313 0.2323 0.0000
0.1313 0.2424 0.0000
0.1313 0.2525 0.0000
0.1313 0.2626 0.0000
0.1313 0.2727 0.0000
0.1313 0.2828 0.0000
0.1313 0.2929 0.0000
0.1313 0.3030 0.0000
0.1313 0.3131 0.0000
0.1313 0.3232 0.0000
0.1313 0.3333 0.0000
0.1313 0.3434 0.0000
0.1313 0.3535 0.0000
0.1313 0.3636 0.0000
0.1313 0.3737 0.0000
0.1313 0.3838 0.0000
0.1313 0.3939 0.0000
0.1313 0.4040 0.0000
0.1313 0.4141 0.0000
0.1313 0.4242 0.0000
0.1313 0.4343 0.0000
0.1313 0.4444 0.0000
0.1313 0.4545 0.0000
0.1313 0.4646 0.0000
0.1313 0.4747 0.0000
0.1313 0.4848 0.0000
0.1313 0.4949 0.0000
0.1313 0.5051 0.0000
0.1313 0.5152 0.0000
0.1313 0.5253 0.0000
0.1313 0.5354 0.0000
0.1313 0.5455 0.0000
0.1313 0.5556 0.0000
0.1313 0.5657 0.0000
0.1313 0.5758 0.0000
0.1313 0.5859 0.0000
0.1313 0.5960 0.0000
0.1313 0.6061 0.0000
0.1313 0.6162 0.0000
0.1313 0.6263 0.0000
0.1313 0.6364 0.0000
0.1313 0.6465 0.0000
0.1313 0.6566 0.0000
0.1313 0.6667 0.0000
0.1313 0.6768 0.0000
0.1313 0.6869 0.0000
0.1313 0.6970 0.0000
0.1313 0.7071 0.0000
0.1313 0.7172 0.0000
0.1313 0.7273 0.0000
0.1313 0.7374 0.0000
0.1313 0.7475 0.0000
0.1313 0.7576 0.0000
0.1313 0.7677 0.0000
0.1313 0.7778 0.0000
0.1313 0.7879 0.0000
0.1313 0.7980 0.0000
0.1313 0.8081 0.0000
0.1313 0.8182 0.0000
0.1313 0.8283 0.0000
0.1313 0.8384 0.0000
0.1313 0.8485 0.0000
0.1313 0.8586 0.0000
0.1313 0.8687 0.0000
0.1313 0.8788 0.0000
0.1313 0.8889 0.0000
0.1313 0.8990 0.0000
0.1313 0.9091 0.0000
0.1313 0.9192 0.0000
0.1313 0.9293 0.0000
0.1313 0.9394 0.0000
0.1313 0.9495 0.0000
0.1313 0.9596 0.0000
0.1313 0.9697 0.0000
0.1313 0.9798 0.0000
0.1313 0.9899 0.0000
0.1313 1.0000 0.0000
0.1414 0.0000 0.0000
0.1414 0.0101 0.0000
0.1414 0.0202 0.0000
0.1414 0.0303 0.0000
0.1414 0.0404 0.0000
0.1414 0.0505 0.0000
0.1414 0.0606 0.0000
0.1414 0.0707 0.0000
0.1414 0.0808 0.0000
0.1414 0.0909 0.0000
0.1414 0.1010 0.0000
0.1414 0.1111 0.0000
0.1414 0.1212 0.0000
0.1414 0.1313 0.0000
0.1414 0.1414 0.0000
0.1414 0.1515 0.0000
0.1414 0.1616 0.0000
0.1414 0.1717 0.0000
0.1414 0.1818 0.0000
0.1414 0.1919 0.0000
0.1414 0.2020 0.0000
0.1414 0.2121 0.0000
0.1414 0.2222 0.0000
0.1414 0.2323 0.0000
0.1414 0.2424 0.0000
0.1414 0.2525 0.0000
0.1414 0.2626 0.0000
0.1414 0.2727 0.0000
0.1414 0.2828 0.0000
0.1414 0.2929 0.0000
0.1414 0.3030 0.0000
0.1414 0.3131 0.0000
0.1414 0.3232 0.0000
0.1414 0.3333 0.0000
0.1414 0.3434 0.0000
0.1414 0.3535 0.0000
0.1414 0.3636 0.0000
0.1414 0.3737 0.0000
0.1414 0.3838 0.0000
0.1414 0.3939 0.0000
0.1414 0.4040 0.0000
0.1414 0.4141 0.0000
0.1414 0.4242 0.0000
0.1414 0.4343 0.0000
0.1414 0.4444 0.0000
0.1414 0.4545 0.0000
0.1414 0.4646 0.0000
0.1414 0.4747 0.0000
0.1414 0.4848 0.0000
0.1414 0.4949 0.0000
0.1414 0.5051 0.0000
0.1414 0.5152 0.0000
0.1414 0.5253 0.0000
0.1414 0.5354 0.0000
0.1414 0.5455 0.0000
0.1414 0.5556 0.0000
0.1414 0.5657 0.0000
0.1414 0.5758 0.0000
0.1414 0.5859 0.0000
0.1414 0.5960 0.0000
0.1414 0.6061 0.0000
0.1414 0.6162 0.0000
0.1414 0.6263 0.0000
0.1414 0.6364 0.0000
0.1414 0.6465 0.0000
0.1414 0.6566 0.0000
0.1414 0.6667 0.0000
0.1414 0.6768 0.0000
0.1414 0.6869 0.0000
0.1414 0.6970 0.0000
0.1414 0.7071 0.0000
0.1414 0.7172 0.0000
0.1414 0.7273 0.0000
0.1414 0.7374 0.0000
0.1414 0.7475 0.0000
0.1414 0.7576 0.0000
0.1414 0.7677 0.0000
0.1414 0.7778 0.0000
0.1414 0.7879 0.0000
0.1414 0.7980 0.0000
0.1414 0.8081 0.0000
0.1414 0.8182 0.0000
0.1414 0.8283 0.0000
0.1414 0.8384 0.0000
0.1414 0.8485 0.0000
0.1414 0.8586 0.0000
0.1414 0.8687 0.0000
0.1414 0.8788 0.0000
0.1414 0.8889 0.0000
0.1414 0.8990 0.0000
0.1414 0.9091 0.0000
0.1414 0.9192 0.0000
0.1414 0.9293 0.0000
0.1414 0.9394 0.0000
0.1414 0.9495 0.0000
0.1414 0.9596 0.0000
0.1414 0.9697 0.0000
0.1414 0.9798 0.0000
0.1414 0.9899 0.0000
0.1414 1.0000 0.0000
0.1515 0.0000 0.0000
0.1515 0.0101 0.0000
0.1515 0.0202 0.0000
0.1515 0.0303 0.0000
0.1515 0.0404 0.0000
0.1515 0.0505 0.0000
0.1515 0.0606 0.0000
0.1515 0.0707 0.0000
0.1515 0.0808 0.0000
0.1515 0.0909 0.0000
0.1515 0.1010 0.0000
0.1515 0.1111 0.0000
0.1515 0.1212 0.0000
0.1515 0.1313 0.0000
0.1515 0.1414 0.0000
0.1515 0.1515 0.0000
0.1515 0.1616 0.0000
0.1515 0.1717 0.0000
0.1515 0.1818 0.0000
0.1515 0.1919 0.0000
0.1515 0.2020 0.0000
0.1515 0.2121 0.0000
0.1515 0.2222 0.0000
0.1515 0.2323 0.0000
0.1515 0.2424 0.0000
0.1515 0.2525 0.0000
0.1515 0.2626 0.0000
0.1515 0.2727 0.0000
0.1515 0.2828 0.0000
0.1515 0.2929 0.0000
0.1515 0.3030 0.0000
0.1515 0.3131 0.0000
0.1515 0.3232 0.0000
0.1515 0.3333 0.0000
0.1515 0.3434 0.0000
0.1515 0.3535 0.0000
0.1515 0.3636 0.0000
0.1515 0.3737 0.0000
0.1515 0.3838 0.0000
0.1515 0.3939 0.0000
0.1515 0.4040 0.0000
0.1515 0.4141 0.0000
0.1515 0.4242 0.0000
0.1515 0.4343 0.0000
0.1515 0.4444 0.0000
0.1515 0.4545 0.0000
0.1515 0.4646 0.0000
0.1515 0.4747 0.0000
0.1515 0.4848 0.0000
0.1515 0.4949 0.0000
0.1515 0.5051 0.0000
0.1515 0.5152 0.0000
0.1515 0.5253 0.0000
0.1515 0.5354 0.0000
0.1515 0.5455 0.0000
0.1515 0.5556 0.0000
0.1515 0.5657 0.0000
0.1515 0.5758 0.0000
0.1515 0.5859 0.0000
0.1515 0.5960 0.0000
0.1515 0.6061 0.0000
0.1515 0.6162 0.0000
0.1515 0.6263 0.0000
0.1515 0.6364 0.0000
0.1515 0.6465 0.0000
0.1515 0.6566 0.0000
0.1515 0.6667 0.0000
0.1515 0.6768 0.0000
0.1515 0.6869 0.0000
0.1515 0.6970 0.0000
0.1515 0.7071 0.0000
0.1515 0.7172 0.0000
0.1515 0.7273 0.0000
0.1515 0.7374 0.0000
0.1515 0.7475 0.0000
0.1515 0.7576 0.0000
0.1515 0.7677 0.0000
0.1515 0.7778 0.0000
0.1515 0.7879 0.0000
0.1515 0.7980 0.0000
0.1515 0.8081 0.0000
0.1515 0.8182 0.0000
0.1515 0.8283 0.0000
0.1515 0.8384 0.0000
0.1515 0.8485 0.0000
0.1515 0.8586 0.0000
0.1515 0.8687 0.0000
0.1515 0.8788 0.0000
0.1515 0.8889 0.0000
0.1515 0.8990 0.0000
0.1515 0.9091 0.0000
0.1515 0.9192 0.0000
0.1515 0.9293 0.0000
0.1515 0.9394 0.0000
0.1515 0.9495 0.0000
0.1515 0.9596 0.0000
0.1515 0.9697 0.0000
0.1515 0.9798 0.0000
0.1515 0.9899 0.0000
0.1515 1.0000 0.0000
0.1616 0.0000 0.0000
0.1616 0.0101 0.0000
0.1616 0.0202 0.0000
0.1616 0.0303 0.0000
0.1616 0.0404 0.0000
0.1616 0.0505 0.0000
0.1616 0.0606 0.0000
0.1616 0.0707 0.0000
0.1616 0.0808 0.0000
0.1616 0.0909 0.0000
0.1616 0.1010 0.0000
0.1616 0.1111 0.0000
0.1616 0.1212 0.0000
0.1616 0.1313 0.0000
0.1616 0.1414 0.0000
0.1616 0.1515 0.0000
0.1616 0.1616 0.0000
0.1616 0.1717 0.0000
0.1616 0.1818 0.0000
0.1616 0.1919 0.0000
0.1616 0.2020 0.0000
0.1616 0.2121 0.0000
0.1616 0.2222 0.0000
0.1616 0.2323 0.0000
0.1616 0.2424 0.0000
0.1616 0.2525 0.0000
0.1616 0.2626 0.0000
0.1616 0.2727 0.0000
0.1616 0.2828 0.0000
0.1616 0.2929 0.0000
0.1616 0.3030 0.0000
0.1616 0.3131 0.0000
0.1616 0.3232 0.0000
0.1616 0.3333 0.0000
0.1616 0.3434 0.0000
0.1616 0.3535 0.0000
0.1616 0.3636 0.0000
0.1616 0.3737 0.0000
0.1616 0.3838 0.0000
0.1616 0.3939 0.0000
0.1616 0.4040 0.0000
0.1616 0.4141 0.0000
0.1616 0.4242 0.0000
0.1616 0.4343 0.0000
0.1616 0.4444 0.0000
0.1616 0.4545 0.0000
0.1616 0.4646 0.0000
0.1616 0.4747 0.0000
0.1616 0.4848 0.0000
0.1616 0.4949 0.0000
0.1616 0.5051 0.0000
0.1616 0.5152 0.0000
0.1616 0.5253 0.0000
0.1616 0.5354 0.0000
0.1616 0.5455 0.0000
0.1616 0.5556 0.0000
0.1616 0.5657 0.0000
0.1616 0.5758 0.0000
0.1616 0.5859 0.0000
0.1616 0.5960 0.0000
0.1616 0.6061 0.0000
0.1616 0.6162 0.0000
0.1616 0.6263 0.0000
0.1616 0.6364 0.0000
0.1616 0.6465 0.0000
0.1616 0.6566 0.0000
0.1616 0.6667 0.0000
0.1616 0.6768 0.0000
0.1616 0.6869 0.0000
0.1616 0.6970 0.0000
0.1616 0.7071 0.0000
0.1616 0.7172 0.0000
0.1616 0.7273 0.0000
0.1616 0.7374 0.0000
0.1616 0.7475 0.0000
0.1616 0.7576 0.0000
0.1616 0.7677 0.0000
0.1616 0.7778 0.0000
0.1616 0.7879 0.0000
0.1616 0.7980 0.0000
0.1616 0.8081 0.0000
0.1616 0.8182 0.0000
0.1616 0.8283 0.0000
0.1616 0.8384 0.0000
0.1616 0.8485 0.0000
0.1616 0.8586 0.0000
0.1616 0.8687 0.0000
0.1616 0.8788 0.0000
0.1616 0.8889 0.0000
0.1616 0.8990 0.0000
0.1616 0.9091 0.0000
0.1616 0.9192 0.0000
0.1616 0.9293 0.0000
0.1616 0.9394 0.0000
0.1616 0.9495 0.0000
0.1616 0.9596 0.0000
0.1616 0.9697 0.0000
0.1616 0.9798 0.0000
0.1616 0.9899 0.0000
0.1616 1.0000 0.0000
0.1717 0.0000 0.0000
0.1717 0.0101 0.0000
0.1717 0.0202 0.0000
0.1717 0.0303 0.0000
0.1717 0.0404 0.0000
0.1717 0.0505 0.0000
0.1717 0.0606 0.0000
0.1717 0.0707 0.0000
0.1717 0.0808 0.0000
0.1717 0.0909 0.0000
0.1717 0.1010 0.0000
0.1717 0.1111 0.0000
0.1717 0.1212 0.0000
0.1717 0.1313 0.0000
0.1717 0.1414 0.0000
0.1717 0.1515 0.0000
0.1717 0.1616 0.0000
0.1717 0.1717 0.0000
0.1717 0.1818 0.0000
0.1717 0.1919 0.0000
0.1717 0.2020 0.0000
0.1717 0.2121 0.0000
0.1717 0.2222 0.0000
0.1717 0.2323 0.0000
0.1717 0.2424 0.0000
0.1717 0.2525 0.0000
0.1717 0.2626 0.0000
0.1717 0.2727 0.0000
0.1717 0.2828 0.0000
0.1717 0.2929 0.0000
0.1717 0.3030 0.0000
0.1717 0.3131 0.0000
0.1717 0.3232 0.0000
0.1717 0.3333 0.0000
0.1717 0.3434 0.0000
0.1717 0.3535 0.0000
0.1717 0.3636 0.0000
0.1717 0.3737 0.0000
0.1717 0.3838 0.0000
0.1717 0.3939 0.0000
0.1717 0.4040 0.0000
0.1717 0.4141 0.0000
0.1717 0.4242 0.0000
0.1717 0.4343 0.0000
0.1717 0.4444 0.0000
0.1717 0.4545 0.0000
0.1717 0.4646 0.0000
0.1717 0.4747 0.0000
0.1717 0.4848 0.0000
0.1717 0.4949 0.0000
0.1717 0.5051 0.0000
0.1717 0.5152 0.0000
0.1717 0.5253 0.0000
0.1717 0.5354 0.0000
0.1717 0.5455 0.0000
0.1717 0.5556 0.0000
0.1717 0.5657 0.0000
0.1717 0.5758 0.0000
0.1717 0.5859 0.0000
0.1717 0.5960 0.0000
0.1717 0.6061 0.0000
0.1717 0.6162 0.0000
0.1717 0.6263 0.0000
0.1717 0.6364 0.0000
0.1717 0.6465 0.0000
0.1717 0.6566 0.0000
0.1717 0.6667 0.0000
0.1717 0.6768 0.0000
0.1717 0.6869 0.0000
0.1717 0.6970 0.0000
0.1717 0.7071 0.0000
0.1717 0.7172 0.0000
0.1717 0.7273 0.0000
0.1717 0.7374 0.0000
0.1717 0.7475 0.0000
0.1717 0.7576 0.0000
0.1717 0.7677 0.0000
0.1717 0.7778 0.0000
0.1717 0.7879 0.0000
0.1717 0.7980 0.0000
0.1717 0.8081 0.0000
0.1717 0.8182 0.0000
0.1717 0.8283 0.0000
0.1717 0.8384 0.0000
0.1717 0.8485 0.0000
0.1717 0.8586 0.0000
0.1717 0.8687 0.0000
0.1717 0.8788 0.0000
0.1717 0.8889 0.0000
0.1717 0.8990 0.0000
0.1717 0.9091 0.0000
0.1717 0.9192 0.0000
0.1717 0.9293 0.0000
0.1717 0.9394 0.0000
0.1717 0.9495 0.0000
0.1717 0.9596 0.0000
0.1717 0.9697 0.0000
0.1717 0.9798 0.0000
0.1717 0.9899 0.0000
0.1717 1.0000 0.0000
0.1818 0.0000 0.0000
0.1818 0.0101 0.0000
0.1818 0.0202 0.0000
0.1818 0.0303 0.0000
0.1818 0.0404 0.0000
0.1818 0.0505 0.0000
0.1818 0.0606 0.0000
0.1818 0.0707 0.0000
0.1818 0.0808 0.0000
0.1818 0.0909 0.0000
0.1818 0.1010 0.0000
0.1818 0.1111 0.0000
0.1818 0.1212 0.0000
0.1818 0.1313 0.0000
0.1818 0.1414 0.0000
0.1818 0.1515 0.0000
0.1818 0.1616 0.0000
0.1818 0.1717 0.0000
0.1818 0.1818 0.0000
0.1818 0.1919 0.0000
0.1818 0.2020 0.0000
0.1818 0.2121 0.0000
0.1818 0.2222 0.0000
0.1818 0.2323 0.0000
0.1818 0.2424 0.0000
0.1818 0.2525 0.0000
0.1818 0.2626 0.0000
0.1818 0.2727 0.0000
0.1818 0.2828 0.0000
0.1818 0.2929 0.0000
0.1818 0.3030 0.0000
0.1818 0.3131 0.0000
0.1818 0.3232 0.0000
0.1818 0.3333 0.0000
0.1818 0.3434 0.0000
0.1818 0.3535 0.0000
0.1818 0.3636 0.0000
0.1818 0.3737 0.0000
0.1818 0.3838 0.0000
0.1818 0.3939 0.0000
0.1818 0.4040 0.0000
0.1818 0.4141 0.0000
0.1818 0.4242 0.0000
0.1818 0.4343 0.0000
0.1818 0.4444 0.0000
0.1818 0.4545 0.0000
0.1818 0.4646 0.0000
0.1818 0.4747 0.0000
0.1818 0.4848 0.0000
0.1818 0.4949 0.0000
0.1818 0.5051 0.0000
0.1818 0.5152 0.0000
0.1818 0.5253 0.0000
0.1818 0.5354 0.0000
0.1818 0.5455 0.0000
0.1818 0.5556 0.0000
0.1818 0.5657 0.0000
0.1818 0.5758 0.0000
0.1818 0.5859 0.0000
0.1818 0.5960 0.0000
0.1818 0.6061 0.0000
0.1818 0.6162 0.0000
0.1818 0.6263 0.0000
0.1818 0.6364 0.0000
0.1818 0.6465 0.0000
0.1818 0.6566 0.0000
0.1818 0.6667 0.0000
0.1818 0.6768 0.0000
0.1818 0.6869 0.0000
0.1818 0.6970 0.0000
0.1818 0.7071 0.0000
0.1818 0.7172 0.0000
0.1818 0.7273 0.0000
0.1818 0.7374 0.0000
0.1818 0.7475 0.0000
0.1818 0.7576 0.0000
0.1818 0.7677 0.0000
0.1818 0.7778 0.0000
0.1818 0.7879 0.0000
0.1818 0.7980 0.0000
0.1818 0.8081 0.0000
0.1818 0.8182 0.0000
0.1818 0.8283 0.0000
0.1818 0.8384 0.0000
0.1818 0.8485 0.0000
0.1818 0.8586 0.0000
0.1818 0.8687 0.0000
0.1818 0.8788 0.0000
0.1818 0.8889 0.0000
0.1818 0.8990 0.0000
0.1818 0.9091 0.0000
0.1818 0.9192 0.0000
0.1818 0.9293 0.0000
0.1818 0.9394 0.0000
0.1818 0.9495 0.0000
0.1818 0.9596 0.0000
0.1818 0.9697 0.0000
0.1818 0.9798 0.0000
0.1818 0.9899 0.0000
0.1818 1.0000 0.0000
0.1919 0.0000 0.0000
0.1919 0.0101 0.0000
0.1919 0.0202 0.0000
0.1919 0.0303 0.0000
0.1919 0.0404 0.0000
0.1919 0.0505 0.0000
0.1919 0.0606 0.0000
0.1919 0.0707 0.0000
0.1919 0.0808 0.0000
0.1919 0.0909 0.0000
0.1919 0.1010 0.0000
0.1919 0.1111 0.0000
0.1919 0.1212 0.0000
0.1919 0.1313 0.0000
0.1919 0.1414 0.0000
0.1919 0.1515 0.0000
0.1919 0.1616 0.0000
0.1919 0.1717 0.0000
0.1919 0.1818 0.0000
0.1919 0.1919 0.0000
0.1919 0.2020 0.0000
0.1919 0.2121 0.0000
0.1919 0.2222 0.0000
0.1919 0.2323 0.0000
0.1919 0.2424 0.0000
0.1919 0.2525 0.0000
0.1919 0.2626 0.0000
0.1919 0.2727 0.0000
0.1919 0.2828 0.0000
0.1919 0.2929 0.0000
0.1919 0.3030 0.0000
0.1919 0.3131 0.0000
0.1919 0.3232 0.0000
0.1919 0.3333 0.0000
0.1919 0.3434 0.0000
0.1919 0.3535 0.0000
0.1919 0.3636 0.0000
0.1919 0.3737 0.0000
0.1919 0.3838 0.0000
0.1919 0.3939 0.0000
0.1919 0.4040 0.0000
0.1919 0.4141 0.0000
0.1919 0.4242 0.0000
0.1919 0.4343 0.0000
0.1919 0.4444 0.0000
0.1919 0.4545 0.0000
0.1919 0.4646 0.0000
0.1919 0.4747 0.0000
0.1919 0.4848 0.0000
0.1919 0.4949 0.0000
0.1919 0.5051 0.0000
0.1919 0.5152 0.0000
0.1919 0.5253 0.0000
0.1919 0.5354 0.0000
0.1919 0.5455 0.0000
0.1919 0.5556 0.0000
0.1919 0.5657 0.0000
0.1919 0.5758 0.0000
0.1919 0.5859 0.0000
0.1919 0.5960 0.0000
0.1919 0.6061 0.0000
0.1919 0.6162 0.0000
0.1919 0.6263 0.0000
0.1919 0.6364 0.0000
0.1919 0.6465 0.0000
0.1919 0.6566 0.0000
0.1919 0.6667 0.0000
0.1919 0.6768 0.0000
0.1919 0.6869 0.0000
0.1919 0.6970 0.0000
0.1919 0.7071 0.0000
0.1919 0.7172 0.0000
0.1919 0.7273 0.0000
0.1919 0.7374 0.0000
0.1919 0.7475 0.0000
0.1919 0.7576 0.0000
0.1919 0.7677 0.0000
0.1919 0.7778 0.0000
0.1919 0.7879 0.0000
0.1919 0.7980 0.0000
0.1919 0.8081 0.0000
0.1919 0.8182 0.0000
0.1919 0.8283 0.0000
0.1919 0.8384 0.0000
0.1919 0.8485 0.0000
0.1919 0.8586 0.0000
0.1919 0.8687 0.0000
0.1919 0.8788 0.0000
0.1919 0.8889 0.0000
0.1919 0.8990 0.0000
0.1919 0.9091 0.0000
0.1919 0.9192 0.0000
0.1919 0.9293 0.0000
0.1919 0.9394 0.0000
0.1919 0.9495 0.0000
0.1919 0.9596 0.0000
0.1919 0.9697 0.0000
0.1919 0.9798 0.0000
0.1919 0.9899 0.0000
0.1919 1.0000 0.0000
0.2020 0.0000 0.0000
0.2020 0.0101 0.0000
0.2020 0.0202 0.0000
0.2020 0.0303 0.0000
0.2020 0.0404 0.0000
0.2020 0.0505 0.0000
0.2020 0.0606 0.0000
0.2020 0.0707 0.0000
0.2020 0.0808 0.0000
0.2020 0.0909 0.0000
0.2020 0.1010 0.0000
0.2020 0.1111 0.0000
0.2020 0.1212 0.0000
0.2020 0.1313 0.0000
0.2020 0.1414 0.0000
0.2020 0.1515 0.0000
0.2020 0.1616 0.0000
0.2020 0.1717 0.0000
0.2020 0.1818 0.0000
0.2020 0.1919 0.0000
0.2020 0.2020 0.0000
0.2020 0.2121 0.0000
0.2020 0.2222 0.0000
0.2020 0.2323 0.0000
0.2020 0.2424 0.0000
0.2020 0.2525 0.0000
0.2020 0.2626 0.0000
0.2020 0.2727 0.0000
0.2020 0.2828 0.0000
0.2020 0.2929 0.0000
0.2020 0.3030 0.0000
0.2020 0.3131 0.0000
0.2020 0.3232 0.0000
0.2020 0.3333 0.0000
0.2020 0.3434 0.0000
0.2020 0.3535 0.0000
0.2020 0.3636 0.0000
0.2020 0.3737 0.0000
0.2020 0.3838 0.0000
0.2020 0.3939 0.0000
0.2020 0.4040 0.0000
0.2020 0.4141 0.0000
0.2020 0.4242 0.0000
0.2020 0.4343 0.0000
0.2020 0.4444 0.0000
0.2020 0.4545 0.0000
0.2020 0.4646 0.0000
0.2020 0.4747 0.0000
0.2020 0.4848 0.0000
0.2020 0.4949 0.0000
0.2020 0.5051 0.0000
0.2020 0.5152 0.0000
0.2020 0.5253 0.0000
0.2020 0.5354 0.0000
0.2020 0.5455 0.0000
0.2020 0.5556 0.0000
0.2020 0.5657 0.0000
0.2020 0.5758 0.0000
0.2020 0.5859 0.0000
0.2020 0.5960 0.0000
0.2020 0.6061 0.0000
0.2020 0.6162 0.0000
0.2020 0.6263 0.0000
0.2020 0.6364 0.0000
0.2020 0.6465 0.0000
0.2020 0.6566 0.0000
0.2020 0.6667 0.0000
0.2020 0.6768 0.0000
0.2020 0.6869 0.0000
0.2020 0.6970 0.0000
0.2020 0.7071 0.0000
0.2020 0.7172 0.0000
0.2020 0.7273 0.0000
0.2020 0.7374 0.0000
0.2020 0.7475 0.0000
0.2020 0.7576 0.0000
0.2020 0.7677 0.0000
0.2020 0.7778 0.0000
0.2020 0.7879 0.0000
0.2020 0.7980 0.0000
0.2020 0.8081 0.0000
0.2020 0.8182 0.0000
0.2020 0.8283 0.0000
0.2020 0.8384 0.0000
0.2020 0.8485 0.0000
0.2020 0.8586 0.0000
0.2020 0.8687 0.0000
0.2020 0.8788 0.0000
0.2020 0.8889 0.0000
0.2020 0.8990 0.0000
0.2020 0.9091 0.0000
0.2020 0.9192 0.0000
0.2020 0.9293 0.0000
0.2020 0.9394 0.0000
0.2020 0.9495 0.0000
0.2020 0.9596 0.0000
0.2020 0.9697 0.0000
0.2020 0.9798 0.0000
0.2020 0.9899 0.0000
0.2020 1.0000 0.0000
0.2121 0.0000 0.0000
0.2121 0.0101 0.0000
0.2121 0.0202 0.0000
0.2121 0.0303 0.0000
0.2121 0.0404 0.0000
0.2121 0.0505 0.0000
0.2121 0.0606 0.0000
0.2121 0.0707 0.0000
0.2121 0.0808 0.0000
0.2121 0.0909 0.0000
0.2121 0.1010 0.0000
0.2121 0.1111 0.0000
0.2121 0.1212 0.0000
0.2121 0.1313 0.0000
0.2121 0.1414 0.0000
0.2121 0.1515 0.0000
0.2121 0.1616 0.0000
0.2121 0.1717 0.0000
0.2121 0.1818 0.0000
0.2121 0.1919 0.0000
0.2121 0.2020 0.0000
0.2121 0.2121 0.0000
0.2121 0.2222 0.0000
0.2121 0.2323 0.0000
0.2121 0.2424 0.0000
0.2121 0.2525 0.0000
0.2121 0.2626 0.0000
0.2121 0.2727 0.0000
0.2121 0.2828 0.0000
0.2121 0.2929 0.0000
0.2121 0.3030 0.0000
0.2121 0.3131 0.0000
0.2121 0.3232 0.0000
0.2121 0.3333 0.0000
0.2121 0.3434 0.0000
0.2121 0.3535 0.0000
0.2121 0.3636 0.0000
0.2121 0.3737 0.0000
0.2121 0.3838 0.0000
0.2121 0.3939 0.0000
0.2121 0.4040 0.0000
0.2121 0.4141 0.0000
0.2121 0.4242 0.0000
0.2121 0.4343 0.0000
0.2121 0.4444 0.0000
0.2121 0.4545 0.0000
0.2121 0.4646 0.0000
0.2121 0.4747 0.0000
0.2121 0.4848 0.0000
0.2121 0.4949 0.0000
0.2121 0.5051 0.0000
0.2121 0.5152 0.0000
0.2121 0.5253 0.0000
0.2121 0.5354 0.0000
0.2121 0.5455 0.0000
0.2121 0.5556 0.0000
0.2121 0.5657 0.0000
0.2121 0.5758 0.0000
0.2121 0.5859 0.0000
0.2121 0.5960 0.0000
0.2121 0.6061 0.0000
0.2121 0.6162 0.0000
0.2121 0.6263 0.0000
0.2121 0.6364 0.0000
0.2121 0.6465 0.0000
0.2121 0.6566 0.0000
0.2121 0.6667 0.0000
0.2121 0.6768 0.0000
0.2121 0.6869 0.0000
0.2121 0.6970 0.0000
0.2121 0.7071 0.0000
0.2121 0.7172 0.0000
0.2121 0.7273 0.0000
0.2121 0.7374 0.0000
0.2121 0.7475 0.0000
0.2121 0.7576 0.0000
0.2121 0.7677 0.0000
0.2121 0.7778 0.0000
0.2121 0.7879 0.0000
0.2121 0.7980 0.0000
0.2121 0.8081 0.0000
0.2121 0.8182 0.0000
0.2121 0.8283 0.0000
0.2121 0.8384 0.0000
0.2121 0.8485 0.0000
0.2121 0.8586 0.0000
0.2121 0.8687 0.0000
0.2121 0.8788 0.0000
0.2121 0.8889 0.0000
0.2121 0.8990 0.0000
0.2121 0.9091 0.0000
0.2121 0.9192 0.0000
0.2121 0.9293 0.0000
0.2121 0.9394 0.0000
0.2121 0.9495 0.0000
0.2121 0.9596 0.0000
0.2121 0.9697 0.0000
0.2121 0.9798 0.0000
0.2121 0.9899 0.0000
0.2121 1.0000 0.0000
0.2222 0.0000 0.0000
0.2222 0.0101 0.0000
0.2222 0.0202 0.0000
0.2222 0.0303 0.0000
0.2222 0.0404 0.0000
0.2222 0.0505 0.0000
0.2222 0.0606 0.0000
0.2222 0.0707 0.0000
0.2222 0.0808 0.0000
0.2222 0.0909 0.0000
0.2222 0.1010 0.0000
0.2222 0.1111 0.0000
0.2222 0.1212 0.0000
0.2222 0.1313 0.0000
0.2222 0.1414 0.0000
0.2222 0.1515 0.0000
0.2222 0.1616 0.0000
0.2222 0.1717 0.0000
0.2222 0.1818 0.0000
0.2222 0.1919 0.0000
0.2222 0.2020 0.0000
0.2222 0.2121 0.0000
0.2222 0.2222 0.0000
0.2222 0.2323 0.0000
0.2222 0.2424 0.0000
0.2222 0.2525 0.0000
0.2222 0.2626 0.0000
0.2222 0.2727 0.0000
0.2222 0.2828 0.0000
0.2222 0.2929 0.0000
0.2222 0.3030 0.0000
0.2222 0.3131 0.0000
0.2222 0.3232 0.0000
0.2222 0.3333 0.0000
0.2222 0.3434 0.0000
0.2222 0.3535 0.0000
0.2222 0.3636 0.0000
0.2222 0.3737 0.0000
0.2222 0.3838 0.0000
0.2222 0.3939 0.0000
0.2222 0.4040 0.0000
0.2222 0.4141 0.0000
0.2222 0.4242 0.0000
0.2222 0.4343 0.0000
0.2222 0.4444 0.0000
0.2222 0.4545 0.0000
0.2222 0.4646 0.0000
0.2222 0.4747 0.0000
0.2222 0.4848 0.0000
0.2222 0.4949 0.0000
0.2222 0.5051 0.0000
0.2222 0.5152 0.0000
0.2222 0.5253 0.0000
0.2222 0.5354 0.0000
0.2222 0.5455 0.0000
0.2222 0.5556 0.0000
0.2222 0.5657 0.0000
0.2222 0.5758 0.0000
0.2222 0.5859 0.0000
0.2222 0.5960 0.0000
0.2222 0.6061 0.0000
0.2222 0.6162 0.0000
0.2222 0.6263 0.0000
0.2222 0.6364 0.0000
0.2222 0.6465 0.0000
0.2222 0.6566 0.0000
0.2222 0.6667 0.0000
0.2222 0.6768 0.0000
0.2222 0.6869 0.0000
0.2222 0.6970 0.0000
0.2222 0.7071 0.0000
0.2222 0.7172 0.0000
0.2222 0.7273 0.0000
0.2222 0.7374 0.0000
0.2222 0.7475 0.0000
0.2222 0.7576 0.0000
0.2222 0.7677 0.0000
0.2222 0.7778 0.0000
0.2222 0.7879 0.0000
0.2222 0.7980 0.0000
0.2222 0.8081 0.0000
0.2222 0.8182 0.0000
0.2222 0.8283 0.0000
0.2222 0.8384 0.0000
0.2222 0.8485 0.0000
0.2222 0.8586 0.0000
0.2222 0.8687 0.0000
0.2222 0.8788 0.0000
0.2222 0.8889 0.0000
0.2222 0.8990 0.0000
0.2222 0.9091 0.0000
0.2222 0.9192 0.0000
0.2222 0.9293 0.0000
0.2222 0.9394 0.0000
0.2222 0.9495 0.0000
0.2222 0.9596 0.0000
0.2222 0.9697 0.0000
0.2222 0.9798 0.0000
0.2222 0.9899 0.0000
0.2222 1.0000 0.0000
0.2323 0.0000 0.0000
0.2323 0.0101 0.0000
0.2323 0.0202 0.0000
0.2323 0.0303 0.0000
0.2323 0.0404 0.0000
0.2323 0.0505 0.0000
0.2323 0.0606 0.0000
0.2323 0.0707 0.0000
0.2323 0.0808 0.0000
0.2323 0.0909 0.0000
0.2323 0.1010 0.0000
0.2323 0.1111 0.0000
0.2323 0.1212 0.0000
0.2323 0.1313 0.0000
0.2323 0.1414 0.0000
0.2323 0.1515 0.0000
0.2323 0.1616 0.0000
0.2323 0.1717 0.0000
0.2323 0.1818 0.0000
0.2323 0.1919 0.0000
0.2323 0.2020 0.0000
0.2323 0.2121 0.0000
0.2323 0.2222 0.0000
0.2323 0.2323 0.0000
0.2323 0.2424 0.0000
0.2323 0.2525 0.0000
0.2323 0.2626 0.0000
0.2323 0.2727 0.0000
0.2323 0.2828 0.0000
0.2323 0.2929 0.0000
0.2323 0.3030 0.0000
0.2323 0.3131 0.0000
0.2323 0.3232 0.0000
0.2323 0.3333 0.0000
0.2323 0.3434 0.0000
0.2323 0.3535 0.0000
0.2323 0.3636 0.0000
0.2323 0.3737 0.0000
0.2323 0.3838 0.0000
0.2323 0.3939 0.0000
0.2323 0.4040 0.0000
0.2323 0.4141 0.0000
0.2323 0.4242 0.0000
0.2323 0.4343 0.0000
0.2323 0.4444 0.0000
0.2323 0.4545 0.0000
0.2323 0.4646 0.0000
0.2323 0.4747 0.0000
0.2323 0.4848 0.0000
0.2323 0.4949 0.0000
0.2323 0.5051 0.0000
0.2323 0.5152 0.0000
0.2323 0.5253 0.0000
0.2323 0.5354 0.0000
0.2323 0.5455 0.0000
0.2323 0.5556 0.0000
0.2323 0.5657 0.0000
0.2323 0.5758 0.0000
0.2323 0.5859 0.0000
0.2323 0.5960 0.0000
0.2323 0.6061 0.0000
0.2323 0.6162 0.0000
0.2323 0.6263 0.0000
0.2323 0.6364 0.0000
0.2323 0.6465 0.0000
0.2323 0.6566 0.0000
0.2323 0.6667 0.0000
0.2323 0.6768 0.0000
0.2323 0.6869 0.0000
0.2323 0.6970 0.0000
0.2323 0.7071 0.0000
0.2323 0.7172 0.0000
0.2323 0.7273 0.0000
0.2323 0.7374 0.0000
0.2323 0.7475 0.0000
0.2323 0.7576 0.0000
0.2323 0.7677 0.0000
0.2323 0.7778 0.0000
0.2323 0.7879 0.0000
0.2323 0.7980 0.0000
0.2323 0.8081 0.0000
0.2323 0.8182 0.0000
0.2323 0.8283 0.0000
0.2323 0.8384 0.0000
0.2323 0.8485 0.0000
0.2323 0.8586 0.0000
0.2323 0.8687 0.0000
0.2323 0.8788 0.0000
0.2323 0.8889 0.0000
0.2323 0.8990 0.0000
0.2323 0.9091 0.0000
0.2323 0.9192 0.0000
0.2323 0.9293 0.0000
0.2323 0.9394 0.0000
0.2323 0.9495 0.0000
0.2323 0.9596 0.0000
0.2323 0.9697 0.0000
0.2323 0.9798 0.0000
0.2323 0.9899 0.0000
0.2323 1.0000 0.0000
0.2424 0.0000 0.0000
0.2424 0.0101 0.0000
0.2424 0.0202 0.0000
0.2424 0.0303 0.0000
0.2424 0.0404 0.0000
0.2424 0.0505 0.0000
0.2424 0.0606 0.0000
0.2424 0.0707 0.0000
0.2424 0.0808 0.0000
0.2424 0.0909 0.0000
0.2424 0.1010 0.0000
0.2424 0.1111 0.0000
0.2424 0.1212 0.0000
0.2424 0.1313 0.0000
0.2424 0.1414 0.0000
0.2424 0.1515 0.0000
0.2424 0.1616 0.0000
0.2424 0.1717 0.0000
0.2424 0.1818 0.0000
0.2424 0.1919 0.0000
0.2424 0.2020 0.0000
0.2424 0.2121 0.0000
0.2424 0.2222 0.0000
0.2424 0.2323 0.0000
0.2424 0.2424 0.0000
0.2424 0.2525 0.0000
0.2424 0.2626 0.0000
0.2424 0.2727 0.0000
0.2424 0.2828 0.0000
0.2424 0.2929 0.0000
0.2424 0.3030 0.0000
0.2424 0.3131 0.0000
0.2424 0.3232 0.0000
0.2424 0.3333 0.0000
0.2424 0.3434 0.0000
0.2424 0.3535 0.0000
0.2424 0.3636 0.0000
0.2424 0.3737 0.0000
0.2424 0.3838 0.0000
0.2424 0.3939 0.0000
0.2424 0.4040 0.0000
0.2424 0.4141 0.0000
0.2424 0.4242 0.0000
0.2424 0.4343 0.0000
0.2424 0.4444 0.0000
0.2424 0.4545 0.0000
0.2424 0.4646 0.0000
0.2424 0.4747 0.0000
0.2424 0.4848 0.0000
0.2424 0.4949 0.0000
0.2424 0.5051 0.0000
0.2424 0.5152 0.0000
0.2424 0.5253 0.0000
0.2424 0.5354 0.0000
0.2424 0.5455 0.0000
0.2424 0.5556 0.0000
0.2424 0.5657 0.0000
0.2424 0.5758 0.0000
0.2424 0.5859 0.0000
0.2424 0.5960 0.0000
0.2424 0.6061 0.0000
0.2424 0.6162 0.0000
0.2424 0.6263 0.0000
0.2424 0.6364 0.0000
0.2424 0.6465 0.0000
0.2424 0.6566 0.0000
0.2424 0.6667 0.0000
0.2424 0.6768 0.0000
0.2424 0.6869 0.0000
0.2424 0.6970 0.0000
0.2424 0.7071 0.0000
0.2424 0.7172 0.0000
0.2424 0.7273 0.0000
0.2424 0.7374 0.0000
0.2424 0.7475 0.0000
0.2424 0.7576 0.0000
0.2424 0.7677 0.0000
0.2424 0.7778 0.0000
0.2424 0.7879 0.0000
0.2424 0.7980 0.0000
0.2424 0.8081 0.0000
0.2424 0.8182 0.0000
0.2424 0.8283 0.0000
0.2424 0.8384 0.0000
0.2424 0.8485 0.0000
0.2424 0.8586 0.0000
0.2424 0.8687 0.0000
0.2424 0.8788 0.0000
0.2424 0.8889 0.0000
0.2424 0.8990 0.0000
0.2424 0.9091 0.0000
0.2424 0.9192 0.0000
0.2424 0.9293 0.0000
0.2424 0.9394 0.0000
0.2424 0.9495 0.0000
0.2424 0.9596 0.0000
0.2424 0.9697 0.0000
0.2424 0.9798 0.0000
0.2424 0.9899 0.0000
0.2424 1.0000 0.0000
0.2525 0.0000 0.0000
0.2525 0.0101 0.0000
0.2525 0.0202 0.0000
0.2525 0.0303 0.0000
0.2525 0.0404 0.0000
0.2525 0.0505 0.0000
0.2525 0.0606 0.0000
0.2525 0.0707 0.0000
0.2525 0.0808 0.0000
0.2525 0.0909 0.0000
0.2525 0.1010 0.0000
0.2525 0.1111 0.0000
0.2525 0.1212 0.0000
0.2525 0.1313 0.0000
0.2525 0.1414 0.0000
0.2525 0.1515 0.0000
0.2525 0.1616 0.0000
0.2525 0.1717 0.0000
0.2525 0.1818 0.0000
0.2525 0.1919 0.0000
0.2525 0.2020 0.0000
0.2525 0.2121 0.0000
0.2525 0.2222 0.0000
0.2525 0.2323 0.0000
0.2525 0.2424 0.0000
0.2525 0.2525 0.0000
0.2525 0.2626 0.0000
0.2525 0.2727 0.0000
0.2525 0.2828 0.0000
0.2525 0.2929 0.0000
0.2525 0.3030 0.0000
0.2525 0.3131 0.0000
0.2525 0.3232 0.0000
0.2525 0.3333 0.0000
0.2525 0.3434 0.0000
0.2525 0.3535 0.0000
0.2525 0.3636 0.0000
0.2525 0.3737 0.0000
0.2525 0.3838 0.0000
0.2525 0.3939 0.0000
0.2525 0.4040 0.0000
0.2525 0.4141 0.0000
0.2525 0.4242 0.0000
0.2525 0.4343 0.0000
0.2525 0.4444 0.0000
0.2525 0.4545 0.0000
0.2525 0.4646 0.0000
0.2525 0.4747 0.0000
0.2525 0.4848 0.0000
0.2525 0.4949 0.0000
0.2525 0.5051 0.0000
0.2525 0.5152 0.0000
0.2525 0.5253 0.0000
0.2525 0.5354 0.0000
0.2525 0.5455 0.0000
0.2525 0.5556 0.0000
0.2525 0.5657 0.0000
0.2525 0.5758 0.0000
0.2525 0.5859 0.0000
0.2525 0.5960 0.0000
0.2525 0.6061 0.0000
0.2525 0.6162 0.0000
0.2525 0.6263 0.0000
0.2525 0.6364 0.0000
0.2525 0.6465 0.0000
0.2525 0.6566 0.0000
0.2525 0.6667 0.0000
0.2525 0.6768 0.0000
0.2525 0.6869 0.0000
0.2525 0.6970 0.0000
0.2525 0.7071 0.0000
0.2525 0.7172 0.0000
0.2525 0.7273 0.0000
0.2525 0.7374 0.0000
0.2525 0.7475 0.0000
0.2525 0.7576 0.0000
0.2525 0.7677 0.0000
0.2525 0.7778 0.0000
0.2525 0.7879 0.0000
0.2525 0.7980 0.0000
0.2525 0.8081 0.0000
0.2525 0.8182 0.0000
0.2525 0.8283 0.0000
0.2525 0.8384 0.0000
0.2525 0.8485 0.0000
0.2525 0.8586 0.0000
0.2525 0.8687 0.0000
0.2525 0.8788 0.0000
0.2525 0.8889 0.0000
0.2525 0.8990 0.0000
0.2525 0.9091 0.0000
0.2525 0.9192 0.0000
0.2525 0.9293 0.0000
0.2525 0.9394 0.0000
0.2525 0.9495 0.0000
0.2525 0.9596 0.0000
0.2525 0.9697 0.0000
0.2525 0.9798 0.0000
0.2525 0.9899 0.0000
0.2525 1.0000 0.0000
0.2626 0.0000 0.0000
0.2626 0.0101 0.0000
0.2626 0.0202 0.0000
0.2626 0.0303 0.0000
0.2626 0.0404 0.0000
0.2626 0.0505 0.0000
0.2626 0.0606 0.0000
0.2626 0.0707 0.0000
0.2626 0.0808 0.0000
0.2626 0.0909 0.0000
0.2626 0.1010 0.0000
0.2626 0.1111 0.0000
0.2626 0.1212 0.0000
0.2626 0.1313 0.0000
0.2626 0.1414 0.0000
0.2626 0.1515 0.0000
0.2626 0.1616 0.0000
0.2626 0.1717 0.0000
0.2626 0.1818 0.0000
0.2626 0.1919 0.0000
0.2626 0.2020 0.0000
0.2626 0.2121 0.0000
0.2626 0.2222 0.0000
0.2626 0.2323 0.0000
0.2626 0.2424 0.0000
0.2626 0.2525 0.0000
0.2626 0.2626 0.0000
0.2626 0.2727 0.0000
0.2626 0.2828 0.0000
0.2626 0.2929 0.0000
0.2626 0.3030 0.0000
0.2626 0.3131 0.0000
0.2626 0.3232 0.0000
0.2626 0.3333 0.0000
0.2626 0.3434 0.0000
0.2626 0.3535 0.0000
0.2626 0.3636 0.0000
0.2626 0.3737 0.0000
0.2626 0.3838 0.0000
0.2626 0.3939 0.0000
0.2626 0.4040 0.0000
0.2626 0.4141 0.0000
0.2626 0.4242 0.0000
0.2626 0.4343 0.0000
0.2626 0.4444 0.0000
0.2626 0.4545 0.0000
0.2626 0.4646 0.0000
0.2626 0.4747 0.0000
0.2626 0.4848 0.0000
0.2626 0.4949 0.0000
0.2626 0.5051 0.0000
0.2626 0.5152 0.0000
0.2626 0.5253 0.0000
0.2626 0.5354 0.0000
0.2626 0.5455 0.0000
0.2626 0.5556 0.0000
0.2626 0.5657 0.0000
0.2626 0.5758 0.0000
0.2626 0.5859 0.0000
0.2626 0.5960 0.0000
0.2626 0.6061 0.0000
0.2626 0.6162 0.0000
0.2626 0.6263 0.0000
0.2626 0.6364 0.0000
0.2626 0.6465 0.0000
0.2626 0.6566 0.0000
0.2626 0.6667 0.0000
0.2626 0.6768 0.0000
0.2626 0.6869 0.0000
0.2626 0.6970 0.0000
0.2626 0.7071 0.0000
0.2626 0.7172 0.0000
0.2626 0.7273 0.0000
0.2626 0.7374 0.0000
0.2626 0.7475 0.0000
0.2626 0.7576 0.0000
0.2626 0.7677 0.0000
0.2626 0.7778 0.0000
0.2626 0.7879 0.0000
0.2626 0.7980 0.0000
0.2626 0.8081 0.0000
0.2626 0.8182 0.0000
0.2626 0.8283 0.0000
0.2626 0.8384 0.0000
0.2626 0.8485 0.0000
0.2626 0.8586 0.0000
0.2626 0.8687 0.0000
0.2626 0.8788 0.0000
0.2626 0.8889 0.0000
0.2626 0.8990 0.0000
0.2626 0.9091 0.0000
0.2626 0.9192 0.0000
0.2626 0.9293 0.0000
0.2626 0.9394 0.0000
0.2626 0.9495 0.0000
0.2626 0.9596 0.0000
0.2626 0.9697 0.0000
0.2626 0.9798 0.0000
0.2626 0.9899 0.0000
0.2626 1.0000 0.0000
0.2727 0.0000 0.0000
0.2727 0.0101 0.0000
0.2727 0.0202 0.0000
0.2727 0.0303 0.0000
0.2727 0.0404 0.0000
0.2727 0.0505 0.0000
0.2727 0.0606 0.0000
0.2727 0.0707 0.0000
0.2727 0.0808 0.0000
0.2727 0.0909 0.0000
0.2727 0.1010 0.0000
0.2727 0.1111 0.0000
0.2727 0.1212 0.0000
0.2727 0.1313 0.0000
0.2727 0.1414 0.0000
0.2727 0.1515 0.0000
0.2727 0.1616 0.0000
0.2727 0.1717 0.0000
0.2727 0.1818 0.0000
0.2727 0.1919 0.0000
0.2727 0.2020 0.0000
0.2727 0.2121 0.0000
0.2727 0.2222 0.0000
0.2727 0.2323 0.0000
0.2727 0.2424 0.0000
0.2727 0.2525 0.0000
0.2727 0.2626 0.0000
0.2727 0.2727 0.0000
0.2727 0.2828 0.0000
0.2727 0.2929 0.0000
0.2727 0.3030 0.0000
0.2727 0.3131 0.0000
0.2727 0.3232 0.0000
0.2727 0.3333 0.0000
0.2727 0.3434 0.0000
0.2727 0.3535 0.0000
0.2727 0.3636 0.0000
0.2727 0.3737 0.0000
0.2727 0.3838 0.0000
0.2727 0.3939 0.0000
0.2727 0.4040 0.0000
0.2727 0.4141 0.0000
0.2727 0.4242 0.0000
0.2727 0.4343 0.0000
0.2727 0.4444 0.0000
0.2727 0.4545 0.0000
0.2727 0.4646 0.0000
0.2727 0.4747 0.0000
0.2727 0.4848 0.0000
0.2727 0.4949 0.0000
0.2727 0.5051 0.0000
0.2727 0.5152 0.0000
0.2727 0.5253 0.0000
0.2727 0.5354 0.0000
0.2727 0.5455 0.0000
0.2727 0.5556 0.0000
0.2727 0.5657 0.0000
0.2727 0.5758 0.0000
0.2727 0.5859 0.0000
0.2727 0.5960 0.0000
0.2727 0.6061 0.0000
0.2727 0.6162 0.0000
0.2727 0.6263 0.0000
0.2727 0.6364 0.0000
0.2727 0.6465 0.0000
0.2727 0.6566 0.0000
0.2727 0.6667 0.0000
0.2727 0.6768 0.0000
0.2727 0.6869 0.0000
0.2727 0.6970 0.0000
0.2727 0.7071 0.0000
0.2727 0.7172 0.0000
0.2727 0.7273 0.0000
0.2727 0.7374 0.0000
0.2727 0.7475 0.0000
0.2727 0.7576 0.0000
0.2727 0.7677 0.0000
0.2727 0.7778 0.0000
0.2727 0.7879 0.0000
0.2727 0.7980 0.0000
0.2727 0.8081 0.0000
0.2727 0.8182 0.0000
0.2727 0.8283 0.0000
0.2727 0.8384 0.0000
0.2727 0.8485 0.0000
0.2727 0.8586 0.0000
0.2727 0.8687 0.0000
0.2727 0.8788 0.0000
0.2727 0.8889 0.0000
0.2727 0.8990 0.0000
0.2727 0.9091 0.0000
0.2727 0.9192 0.0000
0.2727 0.9293 0.0000
0.2727 0.9394 0.0000
0.2727 0.9495 0.0000
0.2727 0.9596 0.0000
0.2727 0.9697 0.0000
0.2727 0.9798 0.0000
0.2727 0.9899 0.0000
0.2727 1.0000 0.0000
0.2828 0.0000 0.0000
0.2828 0.0101 0.0000
0.2828 0.0202 0.0000
0.2828 0.0303 0.0000
0.2828 0.0404 0.0000
0.2828 0.0505 0.0000
0.2828 0.0606 0.0000
0.2828 0.0707 0.0000
0.2828 0.0808 0.0000
0.2828 0.0909 0.0000
0.2828 0.1010 0.0000
0.2828 0.1111 0.0000
0.2828 0.1212 0.0000
0.2828 0.1313 0.0000
0.2828 0.1414 0.0000
0.2828 0.1515 0.0000
0.2828 0.1616 0.0000
0.2828 0.1717 0.0000
0.2828 0.1818 0.0000
0.2828 0.1919 0.0000
0.2828 0.2020 0.0000
0.2828 0.2121 0.0000
0.2828 0.2222 0.0000
0.2828 0.2323 0.0000
0.2828 0.2424 0.0000
0.2828 0.2525 0.0000
0.2828 0.2626 0.0000
0.2828 0.2727 0.0000
0.2828 0.2828 0.0000
0.2828 0.2929 0.0000
0.2828 0.3030 0.0000
0.2828 0.3131 0.0000
0.2828 0.3232 0.0000
0.2828 0.3333 0.0000
0.2828 0.3434 0.0000
0.2828 0.3535 0.0000
0.2828 0.3636 0.0000
0.2828 0.3737 0.0000
0.2828 0.3838 0.0000
0.2828 0.3939 0.0000
0.2828 0.4040 0.0000
0.2828 0.4141 0.0000
0.2828 0.4242 0.0000
0.2828 0.4343 0.0000
0.2828 0.4444 0.0000
0.2828 0.4545 0.0000
0.2828 0.4646 0.0000
0.2828 0.4747 0.0000
0.2828 0.4848 0.0000
0.2828 0.4949 0.0000
0.2828 0.5051 0.0000
0.2828 0.5152 0.0000
0.2828 0.5253 0.0000
0.2828 0.5354 0.0000
0.2828 0.5455 0.0000
0.2828 0.5556 0.0000
0.2828 0.5657 0.0000
0.2828 0.5758 0.0000
0.2828 0.5859 0.0000
0.2828 0.5960 0.0000
0.2828 0.6061 0.0000
0.2828 0.6162 0.0000
0.2828 0.6263 0.0000
0.2828 0.6364 0.0000
0.2828 0.6465 0.0000
0.2828 0.6566 0.0000
0.2828 0.6667 0.0000
0.2828 0.6768 0.0000
0.2828 0.6869 0.0000
0.2828 0.6970 0.0000
0.2828 0.7071 0.0000
0.2828 0.7172 0.0000
0.2828 0.7273 0.0000
0.2828 0.7374 0.0000
0.2828 0.7475 0.0000
0.2828 0.7576 0.0000
0.2828 0.7677 0.0000
0.2828 0.7778 0.0000
0.2828 0.7879 0.0000
0.2828 0.7980 0.0000
0.2828 0.8081 0.0000
0.2828 0.8182 0.0000
0.2828 0.8283 0.0000
0.2828 0.8384 0.0000
0.2828 0.8485 0.0000
0.2828 0.8586 0.0000
0.2828 0.8687 0.0000
0.2828 0.8788 0.0000
0.2828 0.8889 0.0000
0.2828 0.8990 0.0000
0.2828 0.9091 0.0000
0.2828 0.9192 0.0000
0.2828 0.9293 0.0000
0.2828 0.9394 0.0000
0.2828 0.9495 0.0000
0.2828 0.9596 0.0000
0.2828 0.9697 0.0000
0.2828 0.9798 0.0000
0.2828 0.9899 0.0000
0.2828 1.0000 0.0000
0.2929 0.0000 0.0000
0.2929 0.0101 0.0000
0.2929 0.0202 0.0000
0.2929 0.0303 0.0000
0.2929 0.0404 0.0000
0.2929 0.0505 0.0000
0.2929 0.0606 0.0000
0.2929 0.0707 0.0000
0.2929 0.0808 0.0000
0.2929 0.0909 0.0000
0.2929 0.1010 0.0000
0.2929 0.1111 0.0000
0.2929 0.1212 0.0000
0.2929 0.1313 0.0000
0.2929 0.1414 0.0000
0.2929 0.1515 0.0000
0.2929 0.1616 0.0000
0.2929 0.1717 0.0000
0.2929 0.1818 0.0000
0.2929 0.1919 0.0000
0.2929 0.2020 0.0000
0.2929 0.2121 0.0000
0.2929 0.2222 0.0000
0.2929 0.2323 0.0000
0.2929 0.2424 0.0000
0.2929 0.2525 0.0000
0.2929 0.2626 0.0000
0.2929 0.2727 0.0000
0.2929 0.2828 0.0000
0.2929 0.2929 0.0000
0.2929 0.3030 0.0000
0.2929 0.3131 0.0000
0.2929 0.3232 0.0000
0.2929 0.3333 0.0000
0.2929 0.3434 0.0000
0.2929 0.3535 0.0000
0.2929 0.3636 0.0000
0.2929 0.3737 0.0000
0.2929 0.3838 0.0000
0.2929 0.3939 0.0000
0.2929 0.4040 0.0000
0.2929 0.4141 0.0000
0.2929 0.4242 0.0000
0.2929 0.4343 0.0000
0.2929 0.4444 0.0000
0.2929 0.4545 0.0000
0.2929 0.4646 0.0000
0.2929 0.4747 0.0000
0.2929 0.4848 0.0000
0.2929 0.4949 0.0000
0.2929 0.5051 0.0000
0.2929 0.5152 0.0000
0.2929 0.5253 0.0000
0.2929 0.5354 0.0000
0.2929 0.5455 0.0000
0.2929 0.5556 0.0000
0.2929 0.5657 0.0000
0.2929 0.5758 0.0000
0.2929 0.5859 0.0000
0.2929 0.5960 0.0000
0.2929 0.6061 0.0000
0.2929 0.6162 0.0000
0.2929 0.6263 0.0000
0.2929 0.6364 0.0000
0.2929 0.6465 0.0000
0.2929 0.6566 0.0000
0.2929 0.6667 0.0000
0.2929 0.6768 0.0000
0.2929 0.6869 0.0000
0.2929 0.6970 0.0000
0.2929 0.7071 0.0000
0.2929 0.7172 0.0000
0.2929 0.7273 0.0000
0.2929 0.7374 0.0000
0.2929 0.7475 0.0000
0.2929 0.7576 0.0000
0.2929 0.7677 0.0000
0.2929 0.7778 0.0000
0.2929 0.7879 0.0000
0.2929 0.7980 0.0000
0.2929 0.8081 0.0000
0.2929 0.8182 0.0000
0.2929 0.8283 0.0000
0.2929 0.8384 0.0000
0.2929 0.8485 0.0000
0.2929 0.8586 0.0000
0.2929 0.8687 0.0000
0.2929 0.8788 0.0000
0.2929 0.8889 0.0000
0.2929 0.8990 0.0000
0.2929 0.9091 0.0000
0.2929 0.9192 0.0000
0.2929 0.9293 0.0000
0.2929 0.9394 0.0000
0.2929 0.9495 0.0000
0.2929 0.9596 0.0000
0.2929 0.9697 0.0000
0.2929 0.9798 0.0000
0.2929 0.9899 0.0000
0.2929 1.0000 0.0000
0.3030 0.0000 0.0000
0.3030 0.0101 0.0000
0.3030 0.0202 0.0000
0.3030 0.0303 0.0000
0.3030 0.0404 0.0000
0.3030 0.0505 0.0000
0.3030 0.0606 0.0000
0.3030 0.0707 0.0000
0.3030 0.0808 0.0000
0.3030 0.0909 0.0000
0.3030 0.1010 0.0000
0.3030 0.1111 0.0000
0.3030 0.1212 0.0000
0.3030 0.1313 0.0000
0.3030 0.1414 0.0000
0.3030 0.1515 0.0000
0.3030 0.1616 0.0000
0.3030 0.1717 0.0000
0.3030 0.1818 0.0000
0.3030 0.1919 0.0000
0.3030 0.2020 0.0000
0.3030 0.2121 0.0000
0.3030 0.2222 0.0000
0.3030 0.2323 0.0000
0.3030 0.2424 0.0000
0.3030 0.2525 0.0000
0.3030 0.2626 0.0000
0.3030 0.2727 0.0000
0.3030 0.2828 0.0000
0.3030 0.2929 0.0000
0.3030 0.3030 0.0000
0.3030 0.3131 0.0000
0.3030 0.3232 0.0000
0.3030 0.3333 0.0000
0.3030 0.3434 0.0000
0.3030 0.3535 0.0000
0.3030 0.3636 0.0000
0.3030 0.3737 0.0000
0.3030 0.3838 0.0000
0.3030 0.3939 0.0000
0.3030 0.4040 0.0000
0.3030 0.4141 0.0000
0.3030 0.4242 0.0000
0.3030 0.4343 0.0000
0.3030 0.4444 0.0000
0.3030 0.4545 0.0000
0.3030 0.4646 0.0000
0.3030 0.4747 0.0000
0.3030 0.4848 0.0000
0.3030 0.4949 0.0000
0.3030 0.5051 0.0000
0.3030 0.5152 0.0000
0.3030 0.5253 0.0000
0.3030 0.5354 0.0000
0.3030 0.5455 0.0000
0.3030 0.5556 0.0000
0.3030 0.5657 0.0000
0.3030 0.5758 0.0000
0.3030 0.5859 0.0000
0.3030 0.5960 0.0000
0.3030 0.6061 0.0000
0.3030 0.6162 0.0000
0.3030 0.6263 0.0000
0.3030 0.6364 0.0000
0.3030 0.6465 0.0000
0.3030 0.6566 0.0000
0.3030 0.6667 0.0000
0.3030 0.6768 0.0000
0.3030 0.6869 0.0000
0.3030 0.6970 0.0000
0.3030 0.7071 0.0000
0.3030 0.7172 0.0000
0.3030 0.7273 0.0000
0.3030 0.7374 0.0000
0.3030 0.7475 0.0000
0.3030 0.7576 0.0000
0.3030 0.7677 0.0000
0.3030 0.7778 0.0000
0.3030 0.7879 0.0000
0.3030 0.7980 0.0000
0.3030 0.8081 0.0000
0.3030 0.8182 0.0000
0.3030 0.8283 0.0000
0.3030 0.8384 0.0000
0.3030 0.8485 0.0000
0.3030 0.8586 0.0000
0.3030 0.8687 0.0000
0.3030 0.8788 0.0000
0.3030 0.8889 0.0000
0.3030 0.8990 0.0000
0.3030 0.9091 0.0000
0.3030 0.9192 0.0000
0.3030 0.9293 0.0000
0.3030 0.9394 0.0000
0.3030 0.9495 0.0000
0.3030 0.9596 0.0000
0.3030 0.9697 0.0000
0.3030 0.9798 0.0000
0.3030 0.9899 0.0000
0.3030 1.0000 0.0000
0.3131 0.0000 0.0000
0.3131 0.0101 0.0000
0.3131 0.0202 0.0000
0.3131 0.0303 0.0000
0.3131 0.0404 0.0000
0.3131 0.0505 0.0000
0.3131 0.0606 0.0000
0.3131 0.0707 0.0000
0.3131 0.0808 0.0000
0.3131 0.0909 0.0000
0.3131 0.1010 0.0000
0.3131 0.1111 0.0000
0.3131 0.1212 0.0000
0.3131 0.1313 0.0000
0.3131 0.1414 0.0000
0.3131 0.1515 0.0000
0.3131 0.1616 0.0000
0.3131 0.1717 0.0000
0.3131 0.1818 0.0000
0.3131 0.1919 0.0000
0.3131 0.2020 0.0000
0.3131 0.2121 0.0000
0.3131 0.2222 0.0000
0.3131 0.2323 0.0000
0.3131 0.2424 0.0000
0.3131 0.2525 0.0000
0.3131 0.2626 0.0000
0.3131 0.2727 0.0000
0.3131 0.2828 0.0000
0.3131 0.2929 0.0000
0.3131 0.3030 0.0000
0.3131 0.3131 0.0000
0.3131 0.3232 0.0000
0.3131 0.3333 0.0000
0.3131 0.3434 0.0000
0.3131 0.3535 0.0000
0.3131 0.3636 0.0000
0.3131 0.3737 0.0000
0.3131 0.3838 0.0000
0.3131 0.3939 0.0000
0.3131 0.4040 0.0000
0.3131 0.4141 0.0000
0.3131 0.4242 0.0000
0.3131 0.4343 0.0000
0.3131 0.4444 0.0000
0.3131 0.4545 0.0000
0.3131 0.4646 0.0000
0.3131 0.4747 0.0000
0.3131 0.4848 0.0000
0.3131 0.4949 0.0000
0.3131 0.5051 0.0000
0.3131 0.5152 0.0000
0.3131 0.5253 0.0000
0.3131 0.5354 0.0000
0.3131 0.5455 0.0000
0.3131 0.5556 0.0000
0.3131 0.5657 0.0000
0.3131 0.5758 0.0000
0.3131 0.5859 0.0000
0.3131 0.5960 0.0000
0.3131 0.6061 0.0000
0.3131 0.6162 0.0000
0.3131 0.6263 0.0000
0.3131 0.6364 0.0000
0.3131 0.6465 0.0000
0.3131 0.6566 0.0000
0.3131 0.6667 0.0000
0.3131 0.6768 0.0000
0.3131 0.6869 0.0000
0.3131 0.6970 0.0000
0.3131 0.7071 0.0000
0.3131 0.7172 0.0000
0.3131 0.7273 0.0000
0.3131 0.7374 0.0000
0.3131 0.7475 0.0000
0.3131 0.7576 0.0000
0.3131 0.7677 0.0000
0.3131 0.7778 0.0000
0.3131 0.7879 0.0000
0.3131 0.7980 0.0000
0.3131 0.8081 0.0000
0.3131 0.8182 0.0000
0.3131 0.8283 0.0000
0.3131 0.8384 0.0000
0.3131 0.8485 0.0000
0.3131 0.8586 0.0000
0.3131 0.8687 0.0000
0.3131 0.8788 0.0000
0.3131 0.8889 0.0000
0.3131 0.8990 0.0000
0.3131 0.9091 0.0000
0.3131 0.9192 0.0000
0.3131 0.9293 0.0000
0.3131 0.9394 0.0000
0.3131 0.9495 0.0000
0.3131 0.9596 0.0000
0.3131 0.9697 0.0000
0.3131 0.9798 0.0000
0.3131 0.9899 0.0000
0.3131 1.0000 0.0000
0.3232 0.0000 0.0000
0.3232 0.0101 0.0000
0.3232 0.0202 0.0000
0.3232 0.0303 0.0000
0.3232 0.0404 0.0000
0.3232 0.0505 0.0000
0.3232 0.0606 0.0000
0.3232 0.0707 0.0000
0.3232 0.0808 0.0000
0.3232 0.0909 0.0000
0.3232 0.1010 0.0000
0.3232 0.1111 0.0000
0.3232 0.1212 0.0000
0.3232 0.1313 0.0000
0.3232 0.1414 0.0000
0.3232 0.1515 0.0000
0.3232 0.1616 0.0000
0.3232 0.1717 0.0000
0.3232 0.1818 0.0000
0.3232 0.1919 0.0000
0.3232 0.2020 0.0000
0.3232 0.2121 0.0000
0.3232 0.2222 0.0000
0.3232 0.2323 0.0000
0.3232 0.2424 0.0000
0.3232 0.2525 0.0000
0.3232 0.2626 0.0000
0.3232 0.2727 0.0000
0.3232 0.2828 0.0000
0.3232 0.2929 0.0000
0.3232 0.3030 0.0000
0.3232 0.3131 0.0000
0.3232 0.3232 0.0000
0.3232 0.3333 0.0000
0.3232 0.3434 0.0000
0.3232 0.3535 0.0000
0.3232 0.3636 0.0000
0.3232 0.3737 0.0000
0.3232 0.3838 0.0000
0.3232 0.3939 0.0000
0.3232 0.4040 0.0000
0.3232 0.4141 0.0000
0.3232 0.4242 0.0000
0.3232 0.4343 0.0000
0.3232 0.4444 0.0000
0.3232 0.4545 0.0000
0.3232 0.4646 0.0000
0.3232 0.4747 0.0000
0.3232 0.4848 0.0000
0.3232 0.4949 0.0000
0.3232 0.5051 0.0000
0.3232 0.5152 0.0000
0.3232 0.5253 0.0000
0.3232 0.5354 0.0000
0.3232 0.5455 0.0000
0.3232 0.5556 0.0000
0.3232 0.5657 0.0000
0.3232 0.5758 0.0000
0.3232 0.5859 0.0000
0.3232 0.5960 0.0000
0.3232 0.6061 0.0000
0.3232 0.6162 0.0000
0.3232 0.6263 0.0000
0.3232 0.6364 0.0000
0.3232 0.6465 0.0000
0.3232 0.6566 0.0000
0.3232 0.6667 0.0000
0.3232 0.6768 0.0000
0.3232 0.6869 0.0000
0.3232 0.6970 0.0000
0.3232 0.7071 0.0000
0.3232 0.7172 0.0000
0.3232 0.7273 0.0000
0.3232 0.7374 0.0000
0.3232 0.7475 0.0000
0.3232 0.7576 0.0000
0.3232 0.7677 0.0000
0.3232 0.7778 0.0000
0.3232 0.7879 0.0000
0.3232 0.7980 0.0000
0.3232 0.8081 0.0000
0.3232 0.8182 0.0000
0.3232 0.8283 0.0000
0.3232 0.8384 0.0000
0.3232 0.8485 0.0000
0.3232 0.8586 0.0000
0.3232 0.8687 0.0000
0.3232 0.8788 0.0000
0.3232 0.8889 0.0000
0.3232 0.8990 0.0000
0.3232 0.9091 0.0000
0.3232 0.9192 0.0000
0.3232 0.9293 0.0000
0.3232 0.9394 0.0000
0.3232 0.9495 0.0000
0.3232 0.9596 0.0000
0.3232 0.9697 0.0000
0.3232 0.9798 0.0000
0.3232 0.9899 0.0000
0.3232 1.0000 0.0000
0.3333 0.0000 0.0000
0.3333 0.0101 0.0000
0.3333 0.0202 0.0000
0.3333 0.0303 0.0000
0.3333 0.0404 0.0000
0.3333 0.0505 0.0000
0.3333 0.0606 0.0000
0.3333 0.0707 0.0000
0.3333 0.0808 0.0000
0.3333 0.0909 0.0000
0.3333 0.1010 0.0000
0.3333 0.1111 0.0000
0.3333 0.1212 0.0000
0.3333 0.1313 0.0000
0.3333 0.1414 0.0000
0.3333 0.1515 0.0000
0.3333 0.1616 0.0000
0.3333 0.1717 0.0000
0.3333 0.1818 0.0000
0.3333 0.1919 0.0000
0.3333 0.2020 0.0000
0.3333 0.2121 0.0000
0.3333 0.2222 0.0000
0.3333 0.2323 0.0000
0.3333 0.2424 0.0000
0.3333 0.2525 0.0000
0.3333 0.2626 0.0000
0.3333 0.2727 0.0000
0.3333 0.2828 0.0000
0.3333 0.2929 0.0000
0.3333 0.3030 0.0000
0.3333 0.3131 0.0000
0.3333 0.3232 0.0000
0.3333 0.3333 0.0000
0.3333 0.3434 0.0000
0.3333 0.3535 0.0000
0.3333 0.3636 0.0000
0.3333 0.3737 0.0000
0.3333 0.3838 0.0000
0.3333 0.3939 0.0000
0.3333 0.4040 0.0000
0.3333 0.4141 0.0000
0.3333 0.4242 0.0000
0.3333 0.4343 0.0000
0.3333 0.4444 0.0000
0.3333 0.4545 0.0000
0.3333 0.4646 0.0000
0.3333 0.4747 0.0000
0.3333 0.4848 0.0000
0.3333 0.4949 0.0000
0.3333 0.5051 0.0000
0.3333 0.5152 0.0000
0.3333 0.5253 0.0000
0.3333 0.5354 0.0000
0.3333 0.5455 0.0000
0.3333 0.5556 0.0000
0.3333 0.5657 0.0000
0.3333 0.5758 0.0000
0.3333 0.5859 0.0000
0.3333 0.5960 0.0000
0.3333 0.6061 0.0000
0.3333 0.6162 0.0000
0.3333 0.6263 0.0000
0.3333 0.6364 0.0000
0.3333 0.6465 0.0000
0.3333 0.6566 0.0000
0.3333 0.6667 0.0000
0.3333 0.6768 0.0000
0.3333 0.6869 0.0000
0.3333 0.6970 0.0000
0.3333 0.7071 0.0000
0.3333 0.7172 0.0000
0.3333 0.7273 0.0000
0.3333 0.7374 0.0000
0.3333 0.7475 0.0000
0.3333 0.7576 0.0000
0.3333 0.7677 0.0000
0.3333 0.7778 0.0000
0.3333 0.7879 0.0000
0.3333 0.7980 0.0000
0.3333 0.8081 0.0000
0.3333 0.8182 0.0000
0.3333 0.8283 0.0000
0.3333 0.8384 0.0000
0.3333 0.8485 0.0000
0.3333 0.8586 0.0000
0.3333 0.8687 0.0000
0.3333 0.8788 0.0000
0.3333 0.8889 0.0000
0.3333 0.8990 0.0000
0.3333 0.9091 0.0000
0.3333 0.9192 0.0000
0.3333 0.9293 0.0000
0.3333 0.9394 0.0000
0.3333 0.9495 0.0000
0.3333 0.9596 0.0000
0.3333 0.9697 0.0000
0.3333 0.9798 0.0000
0.3333 0.9899 0.0000
0.3333 1.0000 0.0000
0.3434 0.0000 0.0000
0.3434 0.0101 0.0000
0.3434 0.0202 0.0000
0.3434 0.0303 0.0000
0.3434 0.0404 0.0000
0.3434 0.0505 0.0000
0.3434 0.0606 0.0000
0.3434 0.0707 0.0000
0.3434 0.0808 0.0000
0.3434 0.0909 0.0000
0.3434 0.1010 0.0000
0.3434 0.1111 0.0000
0.3434 0.1212 0.0000
0.3434 0.1313 0.0000
0.3434 0.1414 0.0000
0.3434 0.1515 0.0000
0.3434 0.1616 0.0000
0.3434 0.1717 0.0000
0.3434 0.1818 0.0000
0.3434 0.1919 0.0000
0.3434 0.2020 0.0000
0.3434 0.2121 0.0000
0.3434 0.2222 0.0000
0.3434 0.2323 0.0000
0.3434 0.2424 0.0000
0.3434 0.2525 0.0000
0.3434 0.2626 0.0000
0.3434 0.2727 0.0000
0.3434 0.2828 0.0000
0.3434 0.2929 0.0000
0.3434 0.3030 0.0000
0.3434 0.3131 0.0000
0.3434 0.3232 0.0000
0.3434 0.3333 0.0000
0.3434 0.3434 0.0000
0.3434 0.3535 0.0000
0.3434 0.3636 0.0000
0.3434 0.3737 0.0000
0.3434 0.3838 0.0000
0.3434 0.3939 0.0000
0.3434 0.4040 0.0000
0.3434 0.4141 0.0000
0.3434 0.4242 0.0000
0.3434 0.4343 0.0000
0.3434 0.4444 0.0000
0.3434 0.4545 0.0000
0.3434 0.4646 0.0000
0.3434 0.4747 0.0000
0.3434 0.4848 0.0000
0.3434 0.4949 0.0000
0.3434 0.5051 0.0000
0.3434 0.5152 0.0000
0.3434 0.5253 0.0000
0.3434 0.5354 0.0000
0.3434 0.5455 0.0000
0.3434 0.5556 0.0000
0.3434 0.5657 0.0000
0.3434 0.5758 0.0000
0.3434 0.5859 0.0000
0.3434 0.5960 0.0000
0.3434 0.6061 0.0000
0.3434 0.6162 0.0000
0.3434 0.6263 0.0000
0.3434 0.6364 0.0000
0.3434 0.6465 0.0000
0.3434 0.6566 0.0000
0.3434 0.6667 0.0000
0.3434 0.6768 0.0000
0.3434 0.6869 0.0000
0.3434 0.6970 0.0000
0.3434 0.7071 0.0000
0.3434 0.7172 0.0000
0.3434 0.7273 0.0000
0.3434 0.7374 0.0000
0.3434 0.7475 0.0000
0.3434 0.7576 0.0000
0.3434 0.7677 0.0000
0.3434 0.7778 0.0000
0.3434 0.7879 0.0000
0.3434 0.7980 0.0000
0.3434 0.8081 0.0000
0.3434 0.8182 0.0000
0.3434 0.8283 0.0000
0.3434 0.8384 0.0000
0.3434 0.8485 0.0000
0.3434 0.8586 0.0000
0.3434 0.8687 0.0000
0.3434 0.8788 0.0000
0.3434 0.8889 0.0000
0.3434 0.8990 0.0000
0.3434 0.9091 0.0000
0.3434 0.9192 0.0000
0.3434 0.9293 0.0000
0.3434 0.9394 0.0000
0.3434 0.9495 0.0000
0.3434 0.9596 0.0000
0.3434 0.9697 0.0000
0.3434 0.9798 0.0000
0.3434 0.9899 0.0000
0.3434 1.0000 0.0000
0.3535 0.0000 0.0000
0.3535 0.0101 0.0000
0.3535 0.0202 0.0000
0.3535 0.0303 0.0000
0.3535 0.0404 0.0000
0.3535 0.0505 0.0000
0.3535 0.0606 0.0000
0.3535 0.0707 0.0000
0.3535 0.0808 0.0000
0.3535 0.0909 0.0000
0.3535 0.1010 0.0000
0.3535 0.1111 0.0000
0.3535 0.1212 0.0000
0.3535 0.1313 0.0000
0.3535 0.1414 0.0000
0.3535 0.1515 0.0000
0.3535 0.1616 0.0000
0.3535 0.1717 0.0000
0.3535 0.1818 0.0000
0.3535 0.1919 0.0000
0.3535 0.2020 0.0000
0.3535 0.2121 0.0000
0.3535 0.2222 0.0000
0.3535 0.2323 0.0000
0.3535 0.2424 0.0000
0.3535 0.2525 0.0000
0.3535 0.2626 0.0000
0.3535 0.2727 0.0000
0.3535 0.2828 0.0000
0.3535 0.2929 0.0000
0.3535 0.3030 0.0000
0.3535 0.3131 0.0000
0.3535 0.3232 0.0000
0.3535 0.3333 0.0000
0.3535 0.3434 0.0000
0.3535 0.3535 0.0000
0.3535 0.3636 0.0000
0.3535 0.3737 0.0000
0.3535 0.3838 0.0000
0.3535 0.3939 0.0000
0.3535 0.4040 0.0000
0.3535 0.4141 0.0000
0.3535 0.4242 0.0000
0.3535 0.4343 0.0000
0.3535 0.4444 0.0000
0.3535 0.4545 0.0000
0.3535 0.4646 0.0000
0.3535 0.4747 0.0000
0.3535 0.4848 0.0000
0.3535 0.4949 0.0000
0.3535 0.5051 0.0000
0.3535 0.5152 0.0000
0.3535 0.5253 0.0000
0.3535 0.5354 0.0000
0.3535 0.5455 0.0000
0.3535 0.5556 0.0000
0.3535 0.5657 0.0000
0.3535 0.5758 0.0000
0.3535 0.5859 0.0000
0.3535 0.5960 0.0000
0.3535 0.6061 0.0000
0.3535 0.6162 0.0000
0.3535 0.6263 0.0000
0.3535 0.6364 0.0000
0.3535 0.6465 0.0000
0.3535 0.6566 0.0000
0.3535 0.6667 0.0000
0.3535 0.6768 0.0000
0.3535 0.6869 0.0000
0.3535 0.6970 0.0000
0.3535 0.7071 0.0000
0.3535 0.7172 0.0000
0.3535 0.7273 0.0000
0.3535 0.7374 0.0000
0.3535 0.7475 0.0000
0.3535 0.7576 0.0000
0.3535 0.7677 0.0000
0.3535 0.7778 0.0000
0.3535 0.7879 0.0000
0.3535 0.7980 0.0000
0.3535 0.8081 0.0000
0.3535 0.8182 0.0000
0.3535 0.8283 0.0000
0.3535 0.8384 0.0000
0.3535 0.8485 0.0000
0.3535 0.8586 0.0000
0.3535 0.8687 0.0000
0.3535 0.8788 0.0000
0.3535 0.8889 0.0000
0.3535 0.8990 0.0000
0.3535 0.9091 0.0000
0.3535 0.9192 0.0000
0.3535 0.9293 0.0000
0.3535 0.9394 0.0000
0.3535 0.9495 0.0000
0.3535 0.9596 0.0000
0.3535 0.9697 0.0000
0.3535 0.9798 0.0000
0.3535 0.9899 0.0000
0.3535 1.0000 0.0000
0.3636 0.0000 0.0000
0.3636 0.0101 0.0000
0.3636 0.0202 0.0000
0.3636 0.0303 0.0000
0.3636 0.0404 0.0000
0.3636 0.0505 0.0000
0.3636 0.0606 0.0000
0.3636 0.0707 0.0000
0.3636 0.0808 0.0000
0.3636 0.0909 0.0000
0.3636 0.1010 0.0000
0.3636 0.1111 0.0000
0.3636 0.1212 0.0000
0.3636 0.1313 0.0000
0.3636 0.1414 0.0000
0.3636 0.1515 0.0000
0.3636 0.1616 0.0000
0.3636 0.1717 0.0000
0.3636 0.1818 0.0000
0.3636 0.1919 0.0000
0.3636 0.2020 0.0000
0.3636 0.2121 0.0000
0.3636 0.2222 0.0000
0.3636 0.2323 0.0000
0.3636 0.2424 0.0000
0.3636 0.2525 0.0000
0.3636 0.2626 0.0000
0.3636 0.2727 0.0000
0.3636 0.2828 0.0000
0.3636 0.2929 0.0000
0.3636 0.3030 0.0000
0.3636 0.3131 0.0000
0.3636 0.3232 0.0000
0.3636 0.3333 0.0000
0.3636 0.3434 0.0000
0.3636 0.3535 0.0000
0.3636 0.3636 0.0000
0.3636 0.3737 0.0000
0.3636 0.3838 0.0000
0.3636 0.3939 0.0000
0.3636 0.4040 0.0000
0.3636 0.4141 0.0000
0.3636 0.4242 0.0000
0.3636 0.4343 0.0000
0.3636 0.4444 0.0000
0.3636 0.4545 0.0000
0.3636 0.4646 0.0000
0.3636 0.4747 0.0000
0.3636 0.4848 0.0000
0.3636 0.4949 0.0000
0.3636 0.5051 0.0000
0.3636 0.5152 0.0000
0.3636 0.5253 0.0000
0.3636 0.5354 0.0000
0.3636 0.5455 0.0000
0.3636 0.5556 0.0000
0.3636 0.5657 0.0000
0.3636 0.5758 0.0000
0.3636 0.5859 0.0000
0.3636 0.5960 0.0000
0.3636 0.6061 0.0000
0.3636 0.6162 0.0000
0.3636 0.6263 0.0000
0.3636 0.6364 0.0000
0.3636 0.6465 0.0000
0.3636 0.6566 0.0000
0.3636 0.6667 0.0000
0.3636 0.6768 0.0000
0.3636 0.6869 0.0000
0.3636 0.6970 0.0000
0.3636 0.7071 0.0000
0.3636 0.7172 0.0000
0.3636 0.7273 0.0000
0.3636 0.7374 0.0000
0.3636 0.7475 0.0000
0.3636 0.7576 0.0000
0.3636 0.7677 0.0000
0.3636 0.7778 0.0000
0.3636 0.7879 0.0000
0.3636 0.7980 0.0000
0.3636 0.8081 0.0000
0.3636 0.8182 0.0000
0.3636 0.8283 0.0000
0.3636 0.8384 0.0000
0.3636 0.8485 0.0000
0.3636 0.8586 0.0000
0.3636 0.8687 0.0000
0.3636 0.8788 0.0000
0.3636 0.8889 0.0000
0.3636 0.8990 0.0000
0.3636 0.9091 0.0000
0.3636 0.9192 0.0000
0.3636 0.9293 0.0000
0.3636 0.9394 0.0000
0.3636 0.9495 0.0000
0.3636 0.9596 0.0000
0.3636 0.9697 0.0000
0.3636 0.9798 0.0000
0.3636 0.9899 0.0000
0.3636 1.0000 0.0000
0.3737 0.0000 0.0000
0.3737 0.0101 0.0000
0.3737 0.0202 0.0000
0.3737 0.0303 0.0000
0.3737 0.0404 0.0000
0.3737 0.0505 0.0000
0.3737 0.0606 0.0000
0.3737 0.0707 0.0000
0.3737 0.0808 0.0000
0.3737 0.0909 0.0000
0.3737 0.1010 0.0000
0.3737 0.1111 0.0000
0.3737 0.1212 0.0000
0.3737 0.1313 0.0000
0.3737 0.1414 0.0000
0.3737 0.1515 0.0000
0.3737 0.1616 0.0000
0.3737 0.1717 0.0000
0.3737 0.1818 0.0000
0.3737 0.1919 0.0000
0.3737 0.2020 0.0000
0.3737 0.2121 0.0000
0.3737 0.2222 0.0000
0.3737 0.2323 0.0000
0.3737 0.2424 0.0000
0.3737 0.2525 0.0000
0.3737 0.2626 0.0000
0.3737 0.2727 0.0000
0.3737 0.2828 0.0000
0.3737 0.2929 0.0000
0.3737 0.3030 0.0000
0.3737 0.3131 0.0000
0.3737 0.3232 0.0000
0.3737 0.3333 0.0000
0.3737 0.3434 0.0000
0.3737 0.3535 0.0000
0.3737 0.3636 0.0000
0.3737 0.3737 0.0000
0.3737 0.3838 0.0000
0.3737 0.3939 0.0000
0.3737 0.4040 0.0000
0.3737 0.4141 0.0000
0.3737 0.4242 0.0000
0.3737 0.4343 0.0000
0.3737 0.4444 0.0000
0.3737 0.4545 0.0000
0.3737 0.4646 0.0000
0.3737 0.4747 0.0000
0.3737 0.4848 0.0000
0.3737 0.4949 0.0000
0.3737 0.5051 0.0000
0.3737 0.5152 0.0000
0.3737 0.5253 0.0000
0.3737 0.5354 0.0000
0.3737 0.5455 0.0000
0.3737 0.5556 0.0000
0.3737 0.5657 0.0000
0.3737 0.5758 0.0000
0.3737 0.5859 0.0000
0.3737 0.5960 0.0000
0.3737 0.6061 0.0000
0.3737 0.6162 0.0000
0.3737 0.6263 0.0000
0.3737 0.6364 0.0000
0.3737 0.6465 0.0000
0.3737 0.6566 0.0000
0.3737 0.6667 0.0000
0.3737 0.6768 0.0000
0.3737 0.6869 0.0000
0.3737 0.6970 0.0000
0.3737 0.7071 0.0000
0.3737 0.7172 0.0000
0.3737 0.7273 0.0000
0.3737 0.7374 0.0000
0.3737 0.7475 0.0000
0.3737 0.7576 0.0000
0.3737 0.7677 0.0000
0.3737 0.7778 0.0000
0.3737 0.7879 0.0000
0.3737 0.7980 0.0000
0.3737 0.8081 0.0000
0.3737 0.8182 0.0000
0.3737 0.8283 0.0000
0.3737 0.8384 0.0000
0.3737 0.8485 0.0000
0.3737 0.8586 0.0000
0.3737 0.8687 0.0000
0.3737 0.8788 0.0000
0.3737 0.8889 0.0000
0.3737 0.8990 0.0000
0.3737 0.9091 0.0000
0.3737 0.9192 0.0000
0.3737 0.9293 0.0000
0.3737 0.9394 0.0000
0.3737 0.9495 0.0000
0.3737 0.9596 0.0000
0.3737 0.9697 0.0000
0.3737 0.9798 0.0000
0.3737 0.9899 0.0000
0.3737 1.0000 0.0000
0.3838 0.0000 0.0000
0.3838 0.0101 0.0000
0.3838 0.0202 0.0000
0.3838 0.0303 0.0000
0.3838 0.0404 0.0000
0.3838 0.0505 0.0000
0.3838 0.0606 0.0000
0.3838 0.0707 0.0000
0.3838 0.0808 0.0000
0.3838 0.0909 0.0000
0.3838 0.1010 0.0000
0.3838 0.1111 0.0000
0.3838 0.1212 0.0000
0.3838 0.1313 0.0000
0.3838 0.1414 0.0000
0.3838 0.1515 0.0000
0.3838 0.1616 0.0000
0.3838 0.1717 0.0000
0.3838 0.1818 0.0000
0.3838 0.1919 0.0000
0.3838 0.2020 0.0000
0.3838 0.2121 0.0000
0.3838 0.2222 0.0000
0.3838 0.2323 0.0000
0.3838 0.2424 0.0000
0.3838 0.2525 0.0000
0.3838 0.2626 0.0000
0.3838 0.2727 0.0000
0.3838 0.2828 0.0000
0.3838 0.2929 0.0000
0.3838 0.3030 0.0000
0.3838 0.3131 0.0000
0.3838 0.3232 0.0000
0.3838 0.3333 0.0000
0.3838 0.3434 0.0000
0.3838 0.3535 0.0000
0.3838 0.3636 0.0000
0.3838 0.3737 0.0000
0.3838 0.3838 0.0000
0.3838 0.3939 0.0000
0.3838 0.4040 0.0000
0.3838 0.4141 0.0000
0.3838 0.4242 0.0000
0.3838 0.4343 0.0000
0.3838 0.4444 0.0000
0.3838 0.4545 0.0000
0.3838 0.4646 0.0000
0.3838 0.4747 0.0000
0.3838 0.4848 0.0000
0.3838 0.4949 0.0000
0.3838 0.5051 0.0000
0.3838 0.5152 0.0000
0.3838 0.5253 0.0000
0.3838 0.5354 0.0000
0.3838 0.5455 0.0000
0.3838 0.5556 0.0000
0.3838 0.5657 0.0000
0.3838 0.5758 0.0000
0.3838 0.5859 0.0000
0.3838 0.5960 0.0000
0.3838 0.6061 0.0000
0.3838 0.6162 0.0000
0.3838 0.6263 0.0000
0.3838 0.6364 0.0000
0.3838 0.6465 0.0000
0.3838 0.6566 0.0000
0.3838 0.6667 0.0000
0.3838 0.6768 0.0000
0.3838 0.6869 0.0000
0.3838 0.6970 0.0000
0.3838 0.7071 0.0000
0.3838 0.7172 0.0000
0.3838 0.7273 0.0000
0.3838 0.7374 0.0000
0.3838 0.7475 0.0000
0.3838 0.7576 0.0000
0.3838 0.7677 0.0000
0.3838 0.7778 0.0000
0.3838 0.7879 0.0000
0.3838 0.7980 0.0000
0.3838 0.8081 0.0000
0.3838 0.8182 0.0000
0.3838 0.8283 0.0000
0.3838 0.8384 0.0000
0.3838 0.8485 0.0000
0.3838 0.8586 0.0000
0.3838 0.8687 0.0000
0.3838 0.8788 0.0000
0.3838 0.8889 0.0000
0.3838 0.8990 0.0000
0.3838 0.9091 0.0000
0.3838 0.9192 0.0000
0.3838 0.9293 0.0000
0.3838 0.9394 0.0000
0.3838 0.9495 0.0000
0.3838 0.9596 0.0000
0.3838 0.9697 0.0000
0.3838 0.9798 0.0000
0.3838 0.9899 0.0000
0.3838 1.0000 0.0000
0.3939 0.0000 0.0000
0.3939 0.0101 0.0000
0.3939 0.0202 0.0000
0.3939 0.0303 0.0000
0.3939 0.0404 0.0000
0.3939 0.0505 0.0000
0.3939 0.0606 0.0000
0.3939 0.0707 0.0000
0.3939 0.0808 0.0000
0.3939 0.0909 0.0000
0.3939 0.1010 0.0000
0.3939 0.1111 0.0000
0.3939 0.1212 0.0000
0.3939 0.1313 0.0000
0.3939 0.1414 0.0000
0.3939 0.1515 0.0000
0.3939 0.1616 0.0000
0.3939 0.1717 0.0000
0.3939 0.1818 0.0000
0.3939 0.1919 0.0000
0.3939 0.2020 0.0000
0.3939 0.2121 0.0000
0.3939 0.2222 0.0000
0.3939 0.2323 0.0000
0.3939 0.2424 0.0000
0.3939 0.2525 0.0000
0.3939 0.2626 0.0000
0.3939 0.2727 0.0000
0.3939 0.2828 0.0000
0.3939 0.2929 0.0000
0.3939 0.3030 0.0000
0.3939 0.3131 0.0000
0.3939 0.3232 0.0000
0.3939 0.3333 0.0000
0.3939 0.3434 0.0000
0.3939 0.3535 0.0000
0.3939 0.3636 0.0000
0.3939 0.3737 0.0000
0.3939 0.3838 0.0000
0.3939 0.3939 0.0000
0.3939 0.4040 0.0000
0.3939 0.4141 0.0000
0.3939 0.4242 0.0000
0.3939 0.4343 0.0000
0.3939 0.4444 0.0000
0.3939 0.4545 0.0000
0.3939 0.4646 0.0000
0.3939 0.4747 0.0000
0.3939 0.4848 0.0000
0.3939 0.4949 0.0000
0.3939 0.5051 0.0000
0.3939 0.5152 0.0000
0.3939 0.5253 0.0000
0.3939 0.5354 0.0000
0.3939 0.5455 0.0000
0.3939 0.5556 0.0000
0.3939 0.5657 0.0000
0.3939 0.5758 0.0000
0.3939 0.5859 0.0000
0.3939 0.5960 0.0000
0.3939 0.6061 0.0000
0.3939 0.6162 0.0000
0.3939 0.6263 0.0000
0.3939 0.6364 0.0000
0.3939 0.6465 0.0000
0.3939 0.6566 0.0000
0.3939 0.6667 0.0000
0.3939 0.6768 0.0000
0.3939 0.6869 0.0000
0.3939 0.6970 0.0000
0.3939 0.7071 0.0000
0.3939 0.7172 0.0000
0.3939 0.7273 0.0000
0.3939 0.7374 0.0000
0.3939 0.7475 0.0000
0.3939 0.7576 0.0000
0.3939 0.7677 0.0000
0.3939 0.7778 0.0000
0.3939 0.7879 0.0000
0.3939 0.7980 0.0000
0.3939 0.8081 0.0000
0.3939 0.8182 0.0000
0.3939 0.8283 0.0000
0.3939 0.8384 0.0000
0.3939 0.8485 0.0000
0.3939 0.8586 0.0000
0.3939 0.8687 0.0000
0.3939 0.8788 0.0000
0.3939 0.8889 0.0000
0.3939 0.8990 0.0000
0.3939 0.9091 0.0000
0.3939 0.9192 0.0000
0.3939 0.9293 0.0000
0.3939 0.9394 0.0000
0.3939 0.9495 0.0000
0.3939 0.9596 0.0000
0.3939 0.9697 0.0000
0.3939 0.9798 0.0000
0.3939 0.9899 0.0000
0.3939 1.0000 0.0000
0.4040 0.0000 0.0000
0.4040 0.0101 0.0000
0.4040 0.0202 0.0000
0.4040 0.0303 0.0000
0.4040 0.0404 0.0000
0.4040 0.0505 0.0000
0.4040 0.0606 0.0000
0.4040 0.0707 0.0000
0.4040 0.0808 0.0000
0.4040 0.0909 0.0000
0.4040 0.1010 0.0000
0.4040 0.1111 0.0000
0.4040 0.1212 0.0000
0.4040 0.1313 0.0000
0.4040 0.1414 0.0000
0.4040 0.1515 0.0000
0.4040 0.1616 0.0000
0.4040 0.1717 0.0000
0.4040 0.1818 0.0000
0.4040 0.1919 0.0000
0.4040 0.2020 0.0000
0.4040 0.2121 0.0000
0.4040 0.2222 0.0000
0.4040 0.2323 0.0000
0.4040 0.2424 0.0000
0.4040 0.2525 0.0000
0.4040 0.2626 0.0000
0.4040 0.2727 0.0000
0.4040 0.2828 0.0000
0.4040 0.2929 0.0000
0.4040 0.3030 0.0000
0.4040 0.3131 0.0000
0.4040 0.3232 0.0000
0.4040 0.3333 0.0000
0.4040 0.3434 0.0000
0.4040 0.3535 0.0000
0.4040 0.3636 0.0000
0.4040 0.3737 0.0000
0.4040 0.3838 0.0000
0.4040 0.3939 0.0000
0.4040 0.4040 0.0000
0.4040 0.4141 0.0000
0.4040 0.4242 0.0000
0.4040 0.4343 0.0000
0.4040 0.4444 0.0000
0.4040 0.4545 0.0000
0.4040 0.4646 0.0000
0.4040 0.4747 0.0000
0.4040 0.4848 0.0000
0.4040 0.4949 0.0000
0.4040 0.5051 0.0000
0.4040 0.5152 0.0000
0.4040 0.5253 0.0000
0.4040 0.5354 0.0000
0.4040 0.5455 0.0000
0.4040 0.5556 0.0000
0.4040 0.5657 0.0000
0.4040 0.5758 0.0000
0.4040 0.5859 0.0000
0.4040 0.5960 0.0000
0.4040 0.6061 0.0000
0.4040 0.6162 0.0000
0.4040 0.6263 0.0000
0.4040 0.6364 0.0000
0.4040 0.6465 0.0000
0.4040 0.6566 0.0000
0.4040 0.6667 0.0000
0.4040 0.6768 0.0000
0.4040 0.6869 0.0000
0.4040 0.6970 0.0000
0.4040 0.7071 0.0000
0.4040 0.7172 0.0000
0.4040 0.7273 0.0000
0.4040 0.7374 0.0000
0.4040 0.7475 0.0000
0.4040 0.7576 0.0000
0.4040 0.7677 0.0000
0.4040 0.7778 0.0000
0.4040 0.7879 0.0000
0.4040 0.7980 0.0000
0.4040 0.8081 0.0000
0.4040 0.8182 0.0000
0.4040 0.8283 0.0000
0.4040 0.8384 0.0000
0.4040 0.8485 0.0000
0.4040 0.8586 0.0000
0.4040 0.8687 0.0000
0.4040 0.8788 0.0000
0.4040 0.8889 0.0000
0.4040 0.8990 0.0000
0.4040 0.9091 0.0000
0.4040 0.9192 0.0000
0.4040 0.9293 0.0000
0.4040 0.9394 0.0000
0.4040 0.9495 0.0000
0.4040 0.9596 0.0000
0.4040 0.9697 0.0000
0.4040 0.9798 0.0000
0.4040 0.9899 0.0000
0.4040 1.0000 0.0000
0.4141 0.0000 0.0000
0.4141 0.0101 0.0000
0.4141 0.0202 0.0000
0.4141 0.0303 0.0000
0.4141 0.0404 0.0000
0.4141 0.0505 0.0000
0.4141 0.0606 0.0000
0.4141 0.0707 0.0000
0.4141 0.0808 0.0000
0.4141 0.0909 0.0000
0.4141 0.1010 0.0000
0.4141 0.1111 0.0000
0.4141 0.1212 0.0000
0.4141 0.1313 0.0000
0.4141 0.1414 0.0000
0.4141 0.1515 0.0000
0.4141 0.1616 0.0000
0.4141 0.1717 0.0000
0.4141 0.1818 0.0000
0.4141 0.1919 0.0000
0.4141 0.2020 0.0000
0.4141 0.2121 0.0000
0.4141 0.2222 0.0000
0.4141 0.2323 0.0000
0.4141 0.2424 0.0000
0.4141 0.2525 0.0000
0.4141 0.2626 0.0000
0.4141 0.2727 0.0000
0.4141 0.2828 0.0000
0.4141 0.2929 0.0000
0.4141 0.3030 0.0000
0.4141 0.3131 0.0000
0.4141 0.3232 0.0000
0.4141 0.3333 0.0000
0.4141 0.3434 0.0000
0.4141 0.3535 0.0000
0.4141 0.3636 0.0000
0.4141 0.3737 0.0000
0.4141 0.3838 0.0000
0.4141 0.3939 0.0000
0.4141 0.4040 0.0000
0.4141 0.4141 0.0000
0.4141 0.4242 0.0000
0.4141 0.4343 0.0000
0.4141 0.4444 0.0000
0.4141 0.4545 0.0000
0.4141 0.4646 0.0000
0.4141 0.4747 0.0000
0.4141 0.4848 0.0000
0.4141 0.4949 0.0000
0.4141 0.5051 0.0000
0.4141 0.5152 0.0000
0.4141 0.5253 0.0000
0.4141 0.5354 0.0000
0.4141 0.5455 0.0000
0.4141 0.5556 0.0000
0.4141 0.5657 0.0000
0.4141 0.5758 0.0000
0.4141 0.5859 0.0000
0.4141 0.5960 0.0000
0.4141 0.6061 0.0000
0.4141 0.6162 0.0000
0.4141 0.6263 0.0000
0.4141 0.6364 0.0000
0.4141 0.6465 0.0000
0.4141 0.6566 0.0000
0.4141 0.6667 0.0000
0.4141 0.6768 0.0000
0.4141 0.6869 0.0000
0.4141 0.6970 0.0000
0.4141 0.7071 0.0000
0.4141 0.7172 0.0000
0.4141 0.7273 0.0000
0.4141 0.7374 0.0000
0.4141 0.7475 0.0000
0.4141 0.7576 0.0000
0.4141 0.7677 0.0000
0.4141 0.7778 0.0000
0.4141 0.7879 0.0000
0.4141 0.7980 0.0000
0.4141 0.8081 0.0000
0.4141 0.8182 0.0000
0.4141 0.8283 0.0000
0.4141 0.8384 0.0000
0.4141 0.8485 0.0000
0.4141 0.8586 0.0000
0.4141 0.8687 0.0000
0.4141 0.8788 0.0000
0.4141 0.8889 0.0000
0.4141 0.8990 0.0000
0.4141 0.9091 0.0000
0.4141 0.9192 0.0000
0.4141 0.9293 0.0000
0.4141 0.9394 0.0000
0.4141 0.9495 0.0000
0.4141 0.9596 0.0000
0.4141 0.9697 0.0000
0.4141 0.9798 0.0000
0.4141 0.9899 0.0000
0.4141 1.0000 0.0000
0.4242 0.0000 0.0000
0.4242 0.0101 0.0000
0.4242 0.0202 0.0000
0.4242 0.0303 0.0000
0.4242 0.0404 0.0000
0.4242 0.0505 0.0000
0.4242 0.0606 0.0000
0.4242 0.0707 0.0000
0.4242 0.0808 0.0000
0.4242 0.0909 0.0000
0.4242 0.1010 0.0000
0.4242 0.1111 0.0000
0.4242 0.1212 0.0000
0.4242 0.1313 0.0000
0.4242 0.1414 0.0000
0.4242 0.1515 0.0000
0.4242 0.1616 0.0000
0.4242 0.1717 0.0000
0.4242 0.1818 0.0000
0.4242 0.1919 0.0000
0.4242 0.2020 0.0000
0.4242 0.2121 0.0000
0.4242 0.2222 0.0000
0.4242 0.2323 0.0000
0.4242 0.2424 0.0000
0.4242 0.2525 0.0000
0.4242 0.2626 0.0000
0.4242 0.2727 0.0000
0.4242 0.2828 0.0000
0.4242 0.2929 0.0000
0.4242 0.3030 0.0000
0.4242 0.3131 0.0000
0.4242 0.3232 0.0000
0.4242 0.3333 0.0000
0.4242 0.3434 0.0000
0.4242 0.3535 0.0000
0.4242 0.3636 0.0000
0.4242 0.3737 0.0000
0.4242 0.3838 0.0000
0.4242 0.3939 0.0000
0.4242 0.4040 0.0000
0.4242 0.4141 0.0000
0.4242 0.4242 0.0000
0.4242 0.4343 0.0000
0.4242 0.4444 0.0000
0.4242 0.4545 0.0000
0.4242 0.4646 0.0000
0.4242 0.4747 0.0000
0.4242 0.4848 0.0000
0.4242 0.4949 0.0000
0.4242 0.5051 0.0000
0.4242 0.5152 0.0000
0.4242 0.5253 0.0000
0.4242 0.5354 0.0000
0.4242 0.5455 0.0000
0.4242 0.5556 0.0000
0.4242 0.5657 0.0000
0.4242 0.5758 0.0000
0.4242 0.5859 0.0000
0.4242 0.5960 0.0000
0.4242 0.6061 0.0000
0.4242 0.6162 0.0000
0.4242 0.6263 0.0000
0.4242 0.6364 0.0000
0.4242 0.6465 0.0000
0.4242 0.6566 0.0000
0.4242 0.6667 0.0000
0.4242 0.6768 0.0000
0.4242 0.6869 0.0000
0.4242 0.6970 0.0000
0.4242 0.7071 0.0000
0.4242 0.7172 0.0000
0.4242 0.7273 0.0000
0.4242 0.7374 0.0000
0.4242 0.7475 0.0000
0.4242 0.7576 0.0000
0.4242 0.7677 0.0000
0.4242 0.7778 0.0000
0.4242 0.7879 0.0000
0.4242 0.7980 0.0000
0.4242 0.8081 0.0000
0.4242 0.8182 0.0000
0.4242 0.8283 0.0000
0.4242 0.8384 0.0000
0.4242 0.8485 0.0000
0.4242 0.8586 0.0000
0.4242 0.8687 0.0000
0.4242 0.8788 0.0000
0.4242 0.8889 0.0000
0.4242 0.8990 0.0000
0.4242 0.9091 0.0000
0.4242 0.9192 0.0000
0.4242 0.9293 0.0000
0.4242 0.9394 0.0000
0.4242 0.9495 0.0000
0.4242 0.9596 0.0000
0.4242 0.9697 0.0000
0.4242 0.9798 0.0000
0.4242 0.9899 0.0000
0.4242 1.0000 0.0000
0.4343 0.0000 0.0000
0.4343 0.0101 0.0000
0.4343 0.0202 0.0000
0.4343 0.0303 0.0000
0.4343 0.0404 0.0000
0.4343 0.0505 0.0000
0.4343 0.0606 0.0000
0.4343 0.0707 0.0000
0.4343 0.0808 0.0000
0.4343 0.0909 0.0000
0.4343 0.1010 0.0000
0.4343 0.1111 0.0000
0.4343 0.1212 0.0000
0.4343 0.1313 0.0000
0.4343 0.1414 0.0000
0.4343 0.1515 0.0000
0.4343 0.1616 0.0000
0.4343 0.1717 0.0000
0.4343 0.1818 0.0000
0.4343 0.1919 0.0000
0.4343 0.2020 0.0000
0.4343 0.2121 0.0000
0.4343 0.2222 0.0000
0.4343 0.2323 0.0000
0.4343 0.2424 0.0000
0.4343 0.2525 0.0000
0.4343 0.2626 0.0000
0.4343 0.2727 0.0000
0.4343 0.2828 0.0000
0.4343 0.2929 0.0000
0.4343 0.3030 0.0000
0.4343 0.3131 0.0000
0.4343 0.3232 0.0000
0.4343 0.3333 0.0000
0.4343 0.3434 0.0000
0.4343 0.3535 0.0000
0.4343 0.3636 0.0000
0.4343 0.3737 0.0000
0.4343 0.3838 0.0000
0.4343 0.3939 0.0000
0.4343 0.4040 0.0000
0.4343 0.4141 0.0000
0.4343 0.4242 0.0000
0.4343 0.4343 0.0000
0.4343 0.4444 0.0000
0.4343 0.4545 0.0000
0.4343 0.4646 0.0000
0.4343 0.4747 0.0000
0.4343 0.4848 0.0000
0.4343 0.4949 0.0000
0.4343 0.5051 0.0000
0.4343 0.5152 0.0000
0.4343 0.5253 0.0000
0.4343 0.5354 0.0000
0.4343 0.5455 0.0000
0.4343 0.5556 0.0000
0.4343 0.5657 0.0000
0.4343 0.5758 0.0000
0.4343 0.5859 0.0000
0.4343 0.5960 0.0000
0.4343 0.6061 0.0000
0.4343 0.6162 0.0000
0.4343 0.6263 0.0000
0.4343 0.6364 0.0000
0.4343 0.6465 0.0000
0.4343 0.6566 0.0000
0.4343 0.6667 0.0000
0.4343 0.6768 0.0000
0.4343 0.6869 0.0000
0.4343 0.6970 0.0000
0.4343 0.7071 0.0000
0.4343 0.7172 0.0000
0.4343 0.7273 0.0000
0.4343 0.7374 0.0000
0.4343 0.7475 0.0000
0.4343 0.7576 0.0000
0.4343 0.7677 0.0000
0.4343 0.7778 0.0000
0.4343 0.7879 0.0000
0.4343 0.7980 0.0000
0.4343 0.8081 0.0000
0.4343 0.8182 0.0000
0.4343 0.8283 0.0000
0.4343 0.8384 0.0000
0.4343 0.8485 0.0000
0.4343 0.8586 0.0000
0.4343 0.8687 0.0000
0.4343 0.8788 0.0000
0.4343 0.8889 0.0000
0.4343 0.8990 0.0000
0.4343 0.9091 0.0000
0.4343 0.9192 0.0000
0.4343 0.9293 0.0000
0.4343 0.9394 0.0000
0.4343 0.9495 0.0000
0.4343 0.9596 0.0000
0.4343 0.9697 0.0000
0.4343 0.9798 0.0000
0.4343 0.9899 0.0000
0.4343 1.0000 0.0000
0.4444 0.0000 0.0000
0.4444 0.0101 0.0000
0.4444 0.0202 0.0000
0.4444 0.0303 0.0000
0.4444 0.0404 0.0000
0.4444 0.0505 0.0000
0.4444 0.0606 0.0000
0.4444 0.0707 0.0000
0.4444 0.0808 0.0000
0.4444 0.0909 0.0000
0.4444 0.1010 0.0000
0.4444 0.1111 0.0000
0.4444 0.1212 0.0000
0.4444 0.1313 0.0000
0.4444 0.1414 0.0000
0.4444 0.1515 0.0000
0.4444 0.1616 0.0000
0.4444 0.1717 0.0000
0.4444 0.1818 0.0000
0.4444 0.1919 0.0000
0.4444 0.2020 0.0000
0.4444 0.2121 0.0000
0.4444 0.2222 0.0000
0.4444 0.2323 0.0000
0.4444 0.2424 0.0000
0.4444 0.2525 0.0000
0.4444 0.2626 0.0000
0.4444 0.2727 0.0000
0.4444 0.2828 0.0000
0.4444 0.2929 0.0000
0.4444 0.3030 0.0000
0.4444 0.3131 0.0000
0.4444 0.3232 0.0000
0.4444 0.3333 0.0000
0.4444 0.3434 0.0000
0.4444 0.3535 0.0000
0.4444 0.3636 0.0000
0.4444 0.3737 0.0000
0.4444 0.3838 0.0000
0.4444 0.3939 0.0000
0.4444 0.4040 0.0000
0.4444 0.4141 0.0000
0.4444 0.4242 0.0000
0.4444 0.4343 0.0000
0.4444 0.4444 0.0000
0.4444 0.4545 0.0000
0.4444 0.4646 0.0000
0.4444 0.4747 0.0000
0.4444 0.4848 0.0000
0.4444 0.4949 0.0000
0.4444 0.5051 0.0000
0.4444 0.5152 0.0000
0.4444 0.5253 0.0000
0.4444 0.5354 0.0000
0.4444 0.5455 0.0000
0.4444 0.5556 0.0000
0.4444 0.5657 0.0000
0.4444 0.5758 0.0000
0.4444 0.5859 0.0000
0.4444 0.5960 0.0000
0.4444 0.6061 0.0000
0.4444 0.6162 0.0000
0.4444 0.6263 0.0000
0.4444 0.6364 0.0000
0.4444 0.6465 0.0000
0.4444 0.6566 0.0000
0.4444 0.6667 0.0000
0.4444 0.6768 0.0000
0.4444 0.6869 0.0000
0.4444 0.6970 0.0000
0.4444 0.7071 0.0000
0.4444 0.7172 0.0000
0.4444 0.7273 0.0000
0.4444 0.7374 0.0000
0.4444 0.7475 0.0000
0.4444 0.7576 0.0000
0.4444 0.7677 0.0000
0.4444 0.7778 0.0000
0.4444 0.7879 0.0000
0.4444 0.7980 0.0000
0.4444 0.8081 0.0000
0.4444 0.8182 0.0000
0.4444 0.8283 0.0000
0.4444 0.8384 0.0000
0.4444 0.8485 0.0000
0.4444 0.8586 0.0000
0.4444 0.8687 0.0000
0.4444 0.8788 0.0000
0.4444 0.8889 0.0000
0.4444 0.8990 0.0000
0.4444 0.9091 0.0000
0.4444 0.9192 0.0000
0.4444 0.9293 0.0000
0.4444 0.9394 0.0000
0.4444 0.9495 0.0000
0.4444 0.9596 0.0000
0.4444 0.9697 0.0000
0.4444 0.9798 0.0000
0.4444 0.9899 0.0000
0.4444 1.0000 0.0000
0.4545 0.0000 0.0000
0.4545 0.0101 0.0000
0.4545 0.0202 0.0000
0.4545 0.0303 0.0000
0.4545 0.0404 0.0000
0.4545 0.0505 0.0000
0.4545 0.0606 0.0000
0.4545 0.0707 0.0000
0.4545 0.0808 0.0000
0.4545 0.0909 0.0000
0.4545 0.1010 0.0000
0.4545 0.1111 0.0000
0.4545 0.1212 0.0000
0.4545 0.1313 0.0000
0.4545 0.1414 0.0000
0.4545 0.1515 0.0000
0.4545 0.1616 0.0000
0.4545 0.1717 0.0000
0.4545 0.1818 0.0000
0.4545 0.1919 0.0000
0.4545 0.2020 0.0000
0.4545 0.2121 0.0000
0.4545 0.2222 0.0000
0.4545 0.2323 0.0000
0.4545 0.2424 0.0000
0.4545 0.2525 0.0000
0.4545 0.2626 0.0000
0.4545 0.2727 0.0000
0.4545 0.2828 0.0000
0.4545 0.2929 0.0000
0.4545 0.3030 0.0000
0.4545 0.3131 0.0000
0.4545 0.3232 0.0000
0.4545 0.3333 0.0000
0.4545 0.3434 0.0000
0.4545 0.3535 0.0000
0.4545 0.3636 0.0000
0.4545 0.3737 0.0000
0.4545 0.3838 0.0000
0.4545 0.3939 0.0000
0.4545 0.4040 0.0000
0.4545 0.4141 0.0000
0.4545 0.4242 0.0000
0.4545 0.4343 0.0000
0.4545 0.4444 0.0000
0.4545 0.4545 0.0000
0.4545 0.4646 0.0000
0.4545 0.4747 0.0000
0.4545 0.4848 0.0000
0.4545 0.4949 0.0000
0.4545 0.5051 0.0000
0.4545 0.5152 0.0000
0.4545 0.5253 0.0000
0.4545 0.5354 0.0000
0.4545 0.5455 0.0000
0.4545 0.5556 0.0000
0.4545 0.5657 0.0000
0.4545 0.5758 0.0000
0.4545 0.5859 0.0000
0.4545 0.5960 0.0000
0.4545 0.6061 0.0000
0.4545 0.6162 0.0000
0.4545 0.6263 0.0000
0.4545 0.6364 0.0000
0.4545 0.6465 0.0000
0.4545 0.6566 0.0000
0.4545 0.6667 0.0000
0.4545 0.6768 0.0000
0.4545 0.6869 0.0000
0.4545 0.6970 0.0000
0.4545 0.7071 0.0000
0.4545 0.7172 0.0000
0.4545 0.7273 0.0000
0.4545 0.7374 0.0000
0.4545 0.7475 0.0000
0.4545 0.7576 0.0000
0.4545 0.7677 0.0000
0.4545 0.7778 0.0000
0.4545 0.7879 0.0000
0.4545 0.7980 0.0000
0.4545 0.8081 0.0000
0.4545 0.8182 0.0000
0.4545 0.8283 0.0000
0.4545 0.8384 0.0000
0.4545 0.8485 0.0000
0.4545 0.8586 0.0000
0.4545 0.8687 0.0000
0.4545 0.8788 0.0000
0.4545 0.8889 0.0000
0.4545 0.8990 0.0000
0.4545 0.9091 0.0000
0.4545 0.9192 0.0000
0.4545 0.9293 0.0000
0.4545 0.9394 0.0000
0.4545 0.9495 0.0000
0.4545 0.9596 0.0000
0.4545 0.9697 0.0000
0.4545 0.9798 0.0000
0.4545 0.9899 0.0000
0.4545 1.0000 0.0000
0.4646 0.0000 0.0000
0.4646 0.0101 0.0000
0.4646 0.0202 0.0000
0.4646 0.0303 0.0000
0.4646 0.0404 0.0000
0.4646 0.0505 0.0000
0.4646 0.0606 0.0000
0.4646 0.0707 0.0000
0.4646 0.0808 0.0000
0.4646 0.0909 0.0000
0.4646 0.1010 0.0000
0.4646 0.1111 0.0000
0.4646 0.1212 0.0000
0.4646 0.1313 0.0000
0.4646 0.1414 0.0000
0.4646 0.1515 0.0000
0.4646 0.1616 0.0000
0.4646 0.1717 0.0000
0.4646 0.1818 0.0000
0.4646 0.1919 0.0000
0.4646 0.2020 0.0000
0.4646 0.2121 0.0000
0.4646 0.2222 0.0000
0.4646 0.2323 0.0000
0.4646 0.2424 0.0000
0.4646 0.2525 0.0000
0.4646 0.2626 0.0000
0.4646 0.2727 0.0000
0.4646 0.2828 0.0000
0.4646 0.2929 0.0000
0.4646 0.3030 0.0000
0.4646 0.3131 0.0000
0.4646 0.3232 0.0000
0.4646 0.3333 0.0000
0.4646 0.3434 0.0000
0.4646 0.3535 0.0000
0.4646 0.3636 0.0000
0.4646 0.3737 0.0000
0.4646 0.3838 0.0000
0.4646 0.3939 0.0000
0.4646 0.4040 0.0000
0.4646 0.4141 0.0000
0.4646 0.4242 0.0000
0.4646 0.4343 0.0000
0.4646 0.4444 0.0000
0.4646 0.4545 0.0000
0.4646 0.4646 0.0000
0.4646 0.4747 0.0000
0.4646 0.4848 0.0000
0.4646 0.4949 0.0000
0.4646 0.5051 0.0000
0.4646 0.5152 0.0000
0.4646 0.5253 0.0000
0.4646 0.5354 0.0000
0.4646 0.5455 0.0000
0.4646 0.5556 0.0000
0.4646 0.5657 0.0000
0.4646 0.5758 0.0000
0.4646 0.5859 0.0000
0.4646 0.5960 0.0000
0.4646 0.6061 0.0000
0.4646 0.6162 0.0000
0.4646 0.6263 0.0000
0.4646 0.6364 0.0000
0.4646 0.6465 0.0000
0.4646 0.6566 0.0000
0.4646 0.6667 0.0000
0.4646 0.6768 0.0000
0.4646 0.6869 0.0000
0.4646 0.6970 0.0000
0.4646 0.7071 0.0000
0.4646 0.7172 0.0000
0.4646 0.7273 0.0000
0.4646 0.7374 0.0000
0.4646 0.7475 0.0000
0.4646 0.7576 0.0000
0.4646 0.7677 0.0000
0.4646 0.7778 0.0000
0.4646 0.7879 0.0000
0.4646 0.7980 0.0000
0.4646 0.8081 0.0000
0.4646 0.8182 0.0000
0.4646 0.8283 0.0000
0.4646 0.8384 0.0000
0.4646 0.8485 0.0000
0.4646 0.8586 0.0000
0.4646 0.8687 0.0000
0.4646 0.8788 0.0000
0.4646 0.8889 0.0000
0.4646 0.8990 0.0000
0.4646 0.9091 0.0000
0.4646 0.9192 0.0000
0.4646 0.9293 0.0000
0.4646 0.9394 0.0000
0.4646 0.9495 0.0000
0.4646 0.9596 0.0000
0.4646 0.9697 0.0000
0.4646 0.9798 0.0000
0.4646 0.9899 0.0000
0.4646 1.0000 0.0000
0.4747 0.0000 0.0000
0.4747 0.0101 0.0000
0.4747 0.0202 0.0000
0.4747 0.0303 0.0000
0.4747 0.0404 0.0000
0.4747 0.0505 0.0000
0.4747 0.0606 0.0000
0.4747 0.0707 0.0000
0.4747 0.0808 0.0000
0.4747 0.0909 0.0000
0.4747 0.1010 0.0000
0.4747 0.1111 0.0000
0.4747 0.1212 0.0000
0.4747 0.1313 0.0000
0.4747 0.1414 0.0000
0.4747 0.1515 0.0000
0.4747 0.1616 0.0000
0.4747 0.1717 0.0000
0.4747 0.1818 0.0000
0.4747 0.1919 0.0000
0.4747 0.2020 0.0000
0.4747 0.2121 0.0000
0.4747 0.2222 0.0000
0.4747 0.2323 0.0000
0.4747 0.2424 0.0000
0.4747 0.2525 0.0000
0.4747 0.2626 0.0000
0.4747 0.2727 0.0000
0.4747 0.2828 0.0000
0.4747 0.2929 0.0000
0.4747 0.3030 0.0000
0.4747 0.3131 0.0000
0.4747 0.3232 0.0000
0.4747 0.3333 0.0000
0.4747 0.3434 0.0000
0.4747 0.3535 0.0000
0.4747 0.3636 0.0000
0.4747 0.3737 0.0000
0.4747 0.3838 0.0000
0.4747 0.3939 0.0000
0.4747 0.4040 0.0000
0.4747 0.4141 0.0000
0.4747 0.4242 0.0000
0.4747 0.4343 0.0000
0.4747 0.4444 0.0000
0.4747 0.4545 0.0000
0.4747 0.4646 0.0000
0.4747 0.4747 0.0000
0.4747 0.4848 0.0000
0.4747 0.4949 0.0000
0.4747 0.5051 0.0000
0.4747 0.5152 0.0000
0.4747 0.5253 0.0000
0.4747 0.5354 0.0000
0.4747 0.5455 0.0000
0.4747 0.5556 0.0000
0.4747 0.5657 0.0000
0.4747 0.5758 0.0000
0.4747 0.5859 0.0000
0.4747 0.5960 0.0000
0.4747 0.6061 0.0000
0.4747 0.6162 0.0000
0.4747 0.6263 0.0000
0.4747 0.6364 0.0000
0.4747 0.6465 0.0000
0.4747 0.6566 0.0000
0.4747 0.6667 0.0000
0.4747 0.6768 0.0000
0.4747 0.6869 0.0000
0.4747 0.6970 0.0000
0.4747 0.7071 0.0000
0.4747 0.7172 0.0000
0.4747 0.7273 0.0000
0.4747 0.7374 0.0000
0.4747 0.7475 0.0000
0.4747 0.7576 0.0000
0.4747 0.7677 0.0000
0.4747 0.7778 0.0000
0.4747 0.7879 0.0000
0.4747 0.7980 0.0000
0.4747 0.8081 0.0000
0.4747 0.8182 0.0000
0.4747 0.8283 0.0000
0.4747 0.8384 0.0000
0.4747 0.8485 0.0000
0.4747 0.8586 0.0000
0.4747 0.8687 0.0000
0.4747 0.8788 0.0000
0.4747 0.8889 0.0000
0.4747 0.8990 0.0000
0.4747 0.9091 0.0000
0.4747 0.9192 0.0000
0.4747 0.9293 0.0000
0.4747 0.9394 0.0000
0.4747 0.9495 0.0000
0.4747 0.9596 0.0000
0.4747 0.9697 0.0000
0.4747 0.9798 0.0000
0.4747 0.9899 0.0000
0.4747 1.0000 0.0000
0.4848 0.0000 0.0000
0.4848 0.0101 0.0000
0.4848 0.0202 0.0000
0.4848 0.0303 0.0000
0.4848 0.0404 0.0000
0.4848 0.0505 0.0000
0.4848 0.0606 0.0000
0.4848 0.0707 0.0000
0.4848 0.0808 0.0000
0.4848 0.0909 0.0000
0.4848 0.1010 0.0000
0.4848 0.1111 0.0000
0.4848 0.1212 0.0000
0.4848 0.1313 0.0000
0.4848 0.1414 0.0000
0.4848 0.1515 0.0000
0.4848 0.1616 0.0000
0.4848 0.1717 0.0000
0.4848 0.1818 0.0000
0.4848 0.1919 0.0000
0.4848 0.2020 0.0000
0.4848 0.2121 0.0000
0.4848 0.2222 0.0000
0.4848 0.2323 0.0000
0.4848 0.2424 0.0000
0.4848 0.2525 0.0000
0.4848 0.2626 0.0000
0.4848 0.2727 0.0000
0.4848 0.2828 0.0000
0.4848 0.2929 0.0000
0.4848 0.3030 0.0000
0.4848 0.3131 0.0000
0.4848 0.3232 0.0000
0.4848 0.3333 0.0000
0.4848 0.3434 0.0000
0.4848 0.3535 0.0000
0.4848 0.3636 0.0000
0.4848 0.3737 0.0000
0.4848 0.3838 0.0000
0.4848 0.3939 0.0000
0.4848 0.4040 0.0000
0.4848 0.4141 0.0000
0.4848 0.4242 0.0000
0.4848 0.4343 0.0000
0.4848 0.4444 0.0000
0.4848 0.4545 0.0000
0.4848 0.4646 0.0000
0.4848 0.4747 0.0000
0.4848 0.4848 0.0000
0.4848 0.4949 0.0000
0.4848 0.5051 0.0000
0.4848 0.5152 0.0000
0.4848 0.5253 0.0000
0.4848 0.5354 0.0000
0.4848 0.5455 0.0000
0.4848 0.5556 0.0000
0.4848 0.5657 0.0000
0.4848 0.5758 0.0000
0.4848 0.5859 0.0000
0.4848 0.5960 0.0000
0.4848 0.6061 0.0000
0.4848 0.6162 0.0000
0.4848 0.6263 0.0000
0.4848 0.6364 0.0000
0.4848 0.6465 0.0000
0.4848 0.6566 0.0000
0.4848 0.6667 0.0000
0.4848 0.6768 0.0000
0.4848 0.6869 0.0000
0.4848 0.6970 0.0000
0.4848 0.7071 0.0000
0.4848 0.7172 0.0000
0.4848 0.7273 0.0000
0.4848 0.7374 0.0000
0.4848 0.7475 0.0000
0.4848 0.7576 0.0000
0.4848 0.7677 0.0000
0.4848 0.7778 0.0000
0.4848 0.7879 0.0000
0.4848 0.7980 0.0000
0.4848 0.8081 0.0000
0.4848 0.8182 0.0000
0.4848 0.8283 0.0000
0.4848 0.8384 0.0000
0.4848 0.8485 0.0000
0.4848 0.8586 0.0000
0.4848 0.8687 0.0000
0.4848 0.8788 0.0000
0.4848 0.8889 0.0000
0.4848 0.8990 0.0000
0.4848 0.9091 0.0000
0.4848 0.9192 0.0000
0.4848 0.9293 0.0000
0.4848 0.9394 0.0000
0.4848 0.9495 0.0000
0.4848 0.9596 0.0000
0.4848 0.9697 0.0000
0.4848 0.9798 0.0000
0.4848 0.9899 0.0000
0.4848 1.0000 0.0000
0.4949 0.0000 0.0000
0.4949 0.0101 0.0000
0.4949 0.0202 0.0000
0.4949 0.0303 0.0000
0.4949 0.0404 0.0000
0.4949 0.0505 0.0000
0.4949 0.0606 0.0000
0.4949 0.0707 0.0000
0.4949 0.0808 0.0000
0.4949 0.0909 0.0000
0.4949 0.1010 0.0000
0.4949 0.1111 0.0000
0.4949 0.1212 0.0000
0.4949 0.1313 0.0000
0.4949 0.1414 0.0000
0.4949 0.1515 0.0000
0.4949 0.1616 0.0000
0.4949 0.1717 0.0000
0.4949 0.1818 0.0000
0.4949 0.1919 0.0000
0.4949 0.2020 0.0000
0.4949 0.2121 0.0000
0.4949 0.2222 0.0000
0.4949 0.2323 0.0000
0.4949 0.2424 0.0000
0.4949 0.2525 0.0000
0.4949 0.2626 0.0000
0.4949 0.2727 0.0000
0.4949 0.2828 0.0000
0.4949 0.2929 0.0000
0.4949 0.3030 0.0000
0.4949 0.3131 0.0000
0.4949 0.3232 0.0000
0.4949 0.3333 0.0000
0.4949 0.3434 0.0000
0.4949 0.3535 0.0000
0.4949 0.3636 0.0000
0.4949 0.3737 0.0000
0.4949 0.3838 0.0000
0.4949 0.3939 0.0000
0.4949 0.4040 0.0000
0.4949 0.4141 0.0000
0.4949 0.4242 0.0000
0.4949 0.4343 0.0000
0.4949 0.4444 0.0000
0.4949 0.4545 0.0000
0.4949 0.4646 0.0000
0.4949 0.4747 0.0000
0.4949 0.4848 0.0000
0.4949 0.4949 0.0000
0.4949 0.5051 0.0000
0.4949 0.5152 0.0000
0.4949 0.5253 0.0000
0.4949 0.5354 0.0000
0.4949 0.5455 0.0000
0.4949 0.5556 0.0000
0.4949 0.5657 0.0000
0.4949 0.5758 0.0000
0.4949 0.5859 0.0000
0.4949 0.5960 0.0000
0.4949 0.6061 0.0000
0.4949 0.6162 0.0000
0.4949 0.6263 0.0000
0.4949 0.6364 0.0000
0.4949 0.6465 0.0000
0.4949 0.6566 0.0000
0.4949 0.6667 0.0000
0.4949 0.6768 0.0000
0.4949 0.6869 0.0000
0.4949 0.6970 0.0000
0.4949 0.7071 0.0000
0.4949 0.7172 0.0000
0.4949 0.7273 0.0000
0.4949 0.7374 0.0000
0.4949 0.7475 0.0000
0.4949 0.7576 0.0000
0.4949 0.7677 0.0000
0.4949 0.7778 0.0000
0.4949 0.7879 0.0000
0.4949 0.7980 0.0000
0.4949 0.8081 0.0000
0.4949 0.8182 0.0000
0.4949 0.8283 0.0000
0.4949 0.8384 0.0000
0.4949 0.8485 0.0000
0.4949 0.8586 0.0000
0.4949 0.8687 0.0000
0.4949 0.8788 0.0000
0.4949 0.8889 0.0000
0.4949 0.8990 0.0000
0.4949 0.9091 0.0000
0.4949 0.9192 0.0000
0.4949 0.9293 0.0000
0.4949 0.9394 0.0000
0.4949 0.9495 0.0000
0.4949 0.9596 0.0000
0.4949 0.9697 0.0000
0.4949 0.9798 0.0000
0.4949 0.9899 0.0000
0.4949 1.0000 0.0000
0.5051 0.0000 0.0000
0.5051 0.0101 0.0000
0.5051 0.0202 0.0000
0.5051 0.0303 0.0000
0.5051 0.0404 0.0000
0.5051 0.0505 0.0000
0.5051 0.0606 0.0000
0.5051 0.0707 0.0000
0.5051 0.0808 0.0000
0.5051 0.0909 0.0000
0.5051 0.1010 0.0000
0.5051 0.1111 0.0000
0.5051 0.1212 0.0000
0.5051 0.1313 0.0000
0.5051 0.1414 0.0000
0.5051 0.1515 0.0000
0.5051 0.1616 0.0000
0.5051 0.1717 0.0000
0.5051 0.1818 0.0000
0.5051 0.1919 0.0000
0.5051 0.2020 0.0000
0.5051 0.2121 0.0000
0.5051 0.2222 0.0000
0.5051 0.2323 0.0000
0.5051 0.2424 0.0000
0.5051 0.2525 0.0000
0.5051 0.2626 0.0000
0.5051 0.2727 0.0000
0.5051 0.2828 0.0000
0.5051 0.2929 0.0000
0.5051 0.3030 0.0000
0.5051 0.3131 0.0000
0.5051 0.3232 0.0000
0.5051 0.3333 0.0000
0.5051 0.3434 0.0000
0.5051 0.3535 0.0000
0.5051 0.3636 0.0000
0.5051 0.3737 0.0000
0.5051 0.3838 0.0000
0.5051 0.3939 0.0000
0.5051 0.4040 0.0000
0.5051 0.4141 0.0000
0.5051 0.4242 0.0000
0.5051 0.4343 0.0000
0.5051 0.4444 0.0000
0.5051 0.4545 0.0000
0.5051 0.4646 0.0000
0.5051 0.4747 0.0000
0.5051 0.4848 0.0000
0.5051 0.4949 0.0000
0.5051 0.5051 0.0000
0.5051 0.5152 0.0000
0.5051 0.5253 0.0000
0.5051 0.5354 0.0000
0.5051 0.5455 0.0000
0.5051 0.5556 0.0000
0.5051 0.5657 0.0000
0.5051 0.5758 0.0000
0.5051 0.5859 0.0000
0.5051 0.5960 0.0000
0.5051 0.6061 0.0000
0.5051 0.6162 0.0000
0.5051 0.6263 0.0000
0.5051 0.6364 0.0000
0.5051 0.6465 0.0000
0.5051 0.6566 0.0000
0.5051 0.6667 0.0000
0.5051 0.6768 0.0000
0.5051 0.6869 0.0000
0.5051 0.6970 0.0000
0.5051 0.7071 0.0000
0.5051 0.7172 0.0000
0.5051 0.7273 0.0000
0.5051 0.7374 0.0000
0.5051 0.7475 0.0000
0.5051 0.7576 0.0000
0.5051 0.7677 0.0000
0.5051 0.7778 0.0000
0.5051 0.7879 0.0000
0.5051 0.7980 0.0000
0.5051 0.8081 0.0000
0.5051 0.8182 0.0000
0.5051 0.8283 0.0000
0.5051 0.8384 0.0000
0.5051 0.8485 0.0000
0.5051 0.8586 0.0000
0.5051 0.8687 0.0000
0.5051 0.8788 0.0000
0.5051 0.8889 0.0000
0.5051 0.8990 0.0000
0.5051 0.9091 0.0000
0.5051 0.9192 0.0000
0.5051 0.9293 0.0000
0.5051 0.9394 0.0000
0.5051 0.9495 0.0000
0.5051 0.9596 0.0000
0.5051 0.9697 0.0000
0.5051 0.9798 0.0000
0.5051 0.9899 0.0000
0.5051 1.0000 0.0000
0.5152 0.0000 0.0000
0.5152 0.0101 0.0000
0.5152 0.0202 0.0000
0.5152 0.0303 0.0000
0.5152 0.0404 0.0000
0.5152 0.0505 0.0000
0.5152 0.0606 0.0000
0.5152 0.0707 0.0000
0.5152 0.0808 0.0000
0.5152 0.0909 0.0000
0.5152 0.1010 0.0000
0.5152 0.1111 0.0000
0.5152 0.1212 0.0000
0.5152 0.1313 0.0000
0.5152 0.1414 0.0000
0.5152 0.1515 0.0000
0.5152 0.1616 0.0000
0.5152 0.1717 0.0000
0.5152 0.1818 0.0000
0.5152 0.1919 0.0000
0.5152 0.2020 0.0000
0.5152 0.2121 0.0000
0.5152 0.2222 0.0000
0.5152 0.2323 0.0000
0.5152 0.2424 0.0000
0.5152 0.2525 0.0000
0.5152 0.2626 0.0000
0.5152 0.2727 0.0000
0.5152 0.2828 0.0000
0.5152 0.2929 0.0000
0.5152 0.3030 0.0000
0.5152 0.3131 0.0000
0.5152 0.3232 0.0000
0.5152 0.3333 0.0000
0.5152 0.3434 0.0000
0.5152 0.3535 0.0000
0.5152 0.3636 0.0000
0.5152 0.3737 0.0000
0.5152 0.3838 0.0000
0.5152 0.3939 0.0000
0.5152 0.4040 0.0000
0.5152 0.4141 0.0000
0.5152 0.4242 0.0000
0.5152 0.4343 0.0000
0.5152 0.4444 0.0000
0.5152 0.4545 0.0000
0.5152 0.4646 0.0000
0.5152 0.4747 0.0000
0.5152 0.4848 0.0000
0.5152 0.4949 0.0000
0.5152 0.5051 0.0000
0.5152 0.5152 0.0000
0.5152 0.5253 0.0000
0.5152 0.5354 0.0000
0.5152 0.5455 0.0000
0.5152 0.5556 0.0000
0.5152 0.5657 0.0000
0.5152 0.5758 0.0000
0.5152 0.5859 0.0000
0.5152 0.5960 0.0000
0.5152 0.6061 0.0000
0.5152 0.6162 0.0000
0.5152 0.6263 0.0000
0.5152 0.6364 0.0000
0.5152 0.6465 0.0000
0.5152 0.6566 0.0000
0.5152 0.6667 0.0000
0.5152 0.6768 0.0000
0.5152 0.6869 0.0000
0.5152 0.6970 0.0000
0.5152 0.7071 0.0000
0.5152 0.7172 0.0000
0.5152 0.7273 0.0000
0.5152 0.7374 0.0000
0.5152 0.7475 0.0000
0.5152 0.7576 0.0000
0.5152 0.7677 0.0000
0.5152 0.7778 0.0000
0.5152 0.7879 0.0000
0.5152 0.7980 0.0000
0.5152 0.8081 0.0000
0.5152 0.8182 0.0000
0.5152 0.8283 0.0000
0.5152 0.8384 0.0000
0.5152 0.8485 0.0000
0.5152 0.8586 0.0000
0.5152 0.8687 0.0000
0.5152 0.8788 0.0000
0.5152 0.8889 0.0000
0.5152 0.8990 0.0000
0.5152 0.9091 0.0000
0.5152 0.9192 0.0000
0.5152 0.9293 0.0000
0.5152 0.9394 0.0000
0.5152 0.9495 0.0000
0.5152 0.9596 0.0000
0.5152 0.9697 0.0000
0.5152 0.9798 0.0000
0.5152 0.9899 0.0000
0.5152 1.0000 0.0000
0.5253 0.0000 0.0000
0.5253 0.0101 0.0000
0.5253 0.0202 0.0000
0.5253 0.0303 0.0000
0.5253 0.0404 0.0000
0.5253 0.0505 0.0000
0.5253 0.0606 0.0000
0.5253 0.0707 0.0000
0.5253 0.0808 0.0000
0.5253 0.0909 0.0000
0.5253 0.1010 0.0000
0.5253 0.1111 0.0000
0.5253 0.1212 0.0000
0.5253 0.1313 0.0000
0.5253 0.1414 0.0000
0.5253 0.1515 0.0000
0.5253 0.1616 0.0000
0.5253 0.1717 0.0000
0.5253 0.1818 0.0000
0.5253 0.1919 0.0000
0.5253 0.2020 0.0000
0.5253 0.2121 0.0000
0.5253 0.2222 0.0000
0.5253 0.2323 0.0000
0.5253 0.2424 0.0000
0.5253 0.2525 0.0000
0.5253 0.2626 0.0000
0.5253 0.2727 0.0000
0.5253 0.2828 0.0000
0.5253 0.2929 0.0000
0.5253 0.3030 0.0000
0.5253 0.3131 0.0000
0.5253 0.3232 0.0000
0.5253 0.3333 0.0000
0.5253 0.3434 0.0000
0.5253 0.3535 0.0000
0.5253 0.3636 0.0000
0.5253 0.3737 0.0000
0.5253 0.3838 0.0000
0.5253 0.3939 0.0000
0.5253 0.4040 0.0000
0.5253 0.4141 0.0000
0.5253 0.4242 0.0000
0.5253 0.4343 0.0000
0.5253 0.4444 0.0000
0.5253 0.4545 0.0000
0.5253 0.4646 0.0000
0.5253 0.4747 0.0000
0.5253 0.4848 0.0000
0.5253 0.4949 0.0000
0.5253 0.5051 0.0000
0.5253 0.5152 0.0000
0.5253 0.5253 0.0000
0.5253 0.5354 0.0000
0.5253 0.5455 0.0000
0.5253 0.5556 0.0000
0.5253 0.5657 0.0000
0.5253 0.5758 0.0000
0.5253 0.5859 0.0000
0.5253 0.5960 0.0000
0.5253 0.6061 0.0000
0.5253 0.6162 0.0000
0.5253 0.6263 0.0000
0.5253 0.6364 0.0000
0.5253 0.6465 0.0000
0.5253 0.6566 0.0000
0.5253 0.6667 0.0000
0.5253 0.6768 0.0000
0.5253 0.6869 0.0000
0.5253 0.6970 0.0000
0.5253 0.7071 0.0000
0.5253 0.7172 0.0000
0.5253 0.7273 0.0000
0.5253 0.7374 0.0000
0.5253 0.7475 0.0000
0.5253 0.7576 0.0000
0.5253 0.7677 0.0000
0.5253 0.7778 0.0000
0.5253 0.7879 0.0000
0.5253 0.7980 0.0000
0.5253 0.8081 0.0000
0.5253 0.8182 0.0000
0.5253 0.8283 0.0000
0.5253 0.8384 0.0000
0.5253 0.8485 0.0000
0.5253 0.8586 0.0000
0.5253 0.8687 0.0000
0.5253 0.8788 0.0000
0.5253 0.8889 0.0000
0.5253 0.8990 0.0000
0.5253 0.9091 0.0000
0.5253 0.9192 0.0000
0.5253 0.9293 0.0000
0.5253 0.9394 0.0000
0.5253 0.9495 0.0000
0.5253 0.9596 0.0000
0.5253 0.9697 0.0000
0.5253 0.9798 0.0000
0.5253 0.9899 0.0000
0.5253 1.0000 0.0000
0.5354 0.0000 0.0000
0.5354 0.0101 0.0000
0.5354 0.0202 0.0000
0.5354 0.0303 0.0000
0.5354 0.0404 0.0000
0.5354 0.0505 0.0000
0.5354 0.0606 0.0000
0.5354 0.0707 0.0000
0.5354 0.0808 0.0000
0.5354 0.0909 0.0000
0.5354 0.1010 0.0000
0.5354 0.1111 0.0000
0.5354 0.1212 0.0000
0.5354 0.1313 0.0000
0.5354 0.1414 0.0000
0.5354 0.1515 0.0000
0.5354 0.1616 0.0000
0.5354 0.1717 0.0000
0.5354 0.1818 0.0000
0.5354 0.1919 0.0000
0.5354 0.2020 0.0000
0.5354 0.2121 0.0000
0.5354 0.2222 0.0000
0.5354 0.2323 0.0000
0.5354 0.2424 0.0000
0.5354 0.2525 0.0000
0.5354 0.2626 0.0000
0.5354 0.2727 0.0000
0.5354 0.2828 0.0000
0.5354 0.2929 0.0000
0.5354 0.3030 0.0000
0.5354 0.3131 0.0000
0.5354 0.3232 0.0000
0.5354 0.3333 0.0000
0.5354 0.3434 0.0000
0.5354 0.3535 0.0000
0.5354 0.3636 0.0000
0.5354 0.3737 0.0000
0.5354 0.3838 0.0000
0.5354 0.3939 0.0000
0.5354 0.4040 0.0000
0.5354 0.4141 0.0000
0.5354 0.4242 0.0000
0.5354 0.4343 0.0000
0.5354 0.4444 0.0000
0.5354 0.4545 0.0000
0.5354 0.4646 0.0000
0.5354 0.4747 0.0000
0.5354 0.4848 0.0000
0.5354 0.4949 0.0000
0.5354 0.5051 0.0000
0.5354 0.5152 0.0000
0.5354 0.5253 0.0000
0.5354 0.5354 0.0000
0.5354 0.5455 0.0000
0.5354 0.5556 0.0000
0.5354 0.5657 0.0000
0.5354 0.5758 0.0000
0.5354 0.5859 0.0000
0.5354 0.5960 0.0000
0.5354 0.6061 0.0000
0.5354 0.6162 0.0000
0.5354 0.6263 0.0000
0.5354 0.6364 0.0000
0.5354 0.6465 0.0000
0.5354 0.6566 0.0000
0.5354 0.6667 0.0000
0.5354 0.6768 0.0000
0.5354 0.6869 0.0000
0.5354 0.6970 0.0000
0.5354 0.7071 0.0000
0.5354 0.7172 0.0000
0.5354 0.7273 0.0000
0.5354 0.7374 0.0000
0.5354 0.7475 0.0000
0.5354 0.7576 0.0000
0.5354 0.7677 0.0000
0.5354 0.7778 0.0000
0.5354 0.7879 0.0000
0.5354 0.7980 0.0000
0.5354 0.8081 0.0000
0.5354 0.8182 0.0000
0.5354 0.8283 0.0000
0.5354 0.8384 0.0000
0.5354 0.8485 0.0000
0.5354 0.8586 0.0000
0.5354 0.8687 0.0000
0.5354 0.8788 0.0000
0.5354 0.8889 0.0000
0.5354 0.8990 0.0000
0.5354 0.9091 0.0000
0.5354 0.9192 0.0000
0.5354 0.9293 0.0000
0.5354 0.9394 0.0000
0.5354 0.9495 0.0000
0.5354 0.9596 0.0000
0.5354 0.9697 0.0000
0.5354 0.9798 0.0000
0.5354 0.9899 0.0000
0.5354 1.0000 0.0000
0.5455 0.0000 0.0000
0.5455 0.0101 0.0000
0.5455 0.0202 0.0000
0.5455 0.0303 0.0000
0.5455 0.0404 0.0000
0.5455 0.0505 0.0000
0.5455 0.0606 0.0000
0.5455 0.0707 0.0000
0.5455 0.0808 0.0000
0.5455 0.0909 0.0000
0.5455 0.1010 0.0000
0.5455 0.1111 0.0000
0.5455 0.1212 0.0000
0.5455 0.1313 0.0000
0.5455 0.1414 0.0000
0.5455 0.1515 0.0000
0.5455 0.1616 0.0000
0.5455 0.1717 0.0000
0.5455 0.1818 0.0000
0.5455 0.1919 0.0000
0.5455 0.2020 0.0000
0.5455 0.2121 0.0000
0.5455 0.2222 0.0000
0.5455 0.2323 0.0000
0.5455 0.2424 0.0000
0.5455 0.2525 0.0000
0.5455 0.2626 0.0000
0.5455 0.2727 0.0000
0.5455 0.2828 0.0000
0.5455 0.2929 0.0000
0.5455 0.3030 0.0000
0.5455 0.3131 0.0000
0.5455 0.3232 0.0000
0.5455 0.3333 0.0000
0.5455 0.3434 0.0000
0.5455 0.3535 0.0000
0.5455 0.3636 0.0000
0.5455 0.3737 0.0000
0.5455 0.3838 0.0000
0.5455 0.3939 0.0000
0.5455 0.4040 0.0000
0.5455 0.4141 0.0000
0.5455 0.4242 0.0000
0.5455 0.4343 0.0000
0.5455 0.4444 0.0000
0.5455 0.4545 0.0000
0.5455 0.4646 0.0000
0.5455 0.4747 0.0000
0.5455 0.4848 0.0000
0.5455 0.4949 0.0000
0.5455 0.5051 0.0000
0.5455 0.5152 0.0000
0.5455 0.5253 0.0000
0.5455 0.5354 0.0000
0.5455 0.5455 0.0000
0.5455 0.5556 0.0000
0.5455 0.5657 0.0000
0.5455 0.5758 0.0000
0.5455 0.5859 0.0000
0.5455 0.5960 0.0000
0.5455 0.6061 0.0000
0.5455 0.6162 0.0000
0.5455 0.6263 0.0000
0.5455 0.6364 0.0000
0.5455 0.6465 0.0000
0.5455 0.6566 0.0000
0.5455 0.6667 0.0000
0.5455 0.6768 0.0000
0.5455 0.6869 0.0000
0.5455 0.6970 0.0000
0.5455 0.7071 0.0000
0.5455 0.7172 0.0000
0.5455 0.7273 0.0000
0.5455 0.7374 0.0000
0.5455 0.7475 0.0000
0.5455 0.7576 0.0000
0.5455 0.7677 0.0000
0.5455 0.7778 0.0000
0.5455 0.7879 0.0000
0.5455 0.7980 0.0000
0.5455 0.8081 0.0000
0.5455 0.8182 0.0000
0.5455 0.8283 0.0000
0.5455 0.8384 0.0000
0.5455 0.8485 0.0000
0.5455 0.8586 0.0000
0.5455 0.8687 0.0000
0.5455 0.8788 0.0000
0.5455 0.8889 0.0000
0.5455 0.8990 0.0000
0.5455 0.9091 0.0000
0.5455 0.9192 0.0000
0.5455 0.9293 0.0000
0.5455 0.9394 0.0000
0.5455 0.9495 0.0000
0.5455 0.9596 0.0000
0.5455 0.9697 0.0000
0.5455 0.9798 0.0000
0.5455 0.9899 0.0000
0.5455 1.0000 0.0000
0.5556 0.0000 0.0000
0.5556 0.0101 0.0000
0.5556 0.0202 0.0000
0.5556 0.0303 0.0000
0.5556 0.0404 0.0000
0.5556 0.0505 0.0000
0.5556 0.0606 0.0000
0.5556 0.0707 0.0000
0.5556 0.0808 0.0000
0.5556 0.0909 0.0000
0.5556 0.1010 0.0000
0.5556 0.1111 0.0000
0.5556 0.1212 0.0000
0.5556 0.1313 0.0000
0.5556 0.1414 0.0000
0.5556 0.1515 0.0000
0.5556 0.1616 0.0000
0.5556 0.1717 0.0000
0.5556 0.1818 0.0000
0.5556 0.1919 0.0000
0.5556 0.2020 0.0000
0.5556 0.2121 0.0000
0.5556 0.2222 0.0000
0.5556 0.2323 0.0000
0.5556 0.2424 0.0000
0.5556 0.2525 0.0000
0.5556 0.2626 0.0000
0.5556 0.2727 0.0000
0.5556 0.2828 0.0000
0.5556 0.2929 0.0000
0.5556 0.3030 0.0000
0.5556 0.3131 0.0000
0.5556 0.3232 0.0000
0.5556 0.3333 0.0000
0.5556 0.3434 0.0000
0.5556 0.3535 0.0000
0.5556 0.3636 0.0000
0.5556 0.3737 0.0000
0.5556 0.3838 0.0000
0.5556 0.3939 0.0000
0.5556 0.4040 0.0000
0.5556 0.4141 0.0000
0.5556 0.4242 0.0000
0.5556 0.4343 0.0000
0.5556 0.4444 0.0000
0.5556 0.4545 0.0000
0.5556 0.4646 0.0000
0.5556 0.4747 0.0000
0.5556 0.4848 0.0000
0.5556 0.4949 0.0000
0.5556 0.5051 0.0000
0.5556 0.5152 0.0000
0.5556 0.5253 0.0000
0.5556 0.5354 0.0000
0.5556 0.5455 0.0000
0.5556 0.5556 0.0000
0.5556 0.5657 0.0000
0.5556 0.5758 0.0000
0.5556 0.5859 0.0000
0.5556 0.5960 0.0000
0.5556 0.6061 0.0000
0.5556 0.6162 0.0000
0.5556 0.6263 0.0000
0.5556 0.6364 0.0000
0.5556 0.6465 0.0000
0.5556 0.6566 0.0000
0.5556 0.6667 0.0000
0.5556 0.6768 0.0000
0.5556 0.6869 0.0000
0.5556 0.6970 0.0000
0.5556 0.7071 0.0000
0.5556 0.7172 0.0000
0.5556 0.7273 0.0000
0.5556 0.7374 0.0000
0.5556 0.7475 0.0000
0.5556 0.7576 0.0000
0.5556 0.7677 0.0000
0.5556 0.7778 0.0000
0.5556 0.7879 0.0000
0.5556 0.7980 0.0000
0.5556 0.8081 0.0000
0.5556 0.8182 0.0000
0.5556 0.8283 0.0000
0.5556 0.8384 0.0000
0.5556 0.8485 0.0000
0.5556 0.8586 0.0000
0.5556 0.8687 0.0000
0.5556 0.8788 0.0000
0.5556 0.8889 0.0000
0.5556 0.8990 0.0000
0.5556 0.9091 0.0000
0.5556 0.9192 0.0000
0.5556 0.9293 0.0000
0.5556 0.9394 0.0000
0.5556 0.9495 0.0000
0.5556 0.9596 0.0000
0.5556 0.9697 0.0000
0.5556 0.9798 0.0000
0.5556 0.9899 0.0000
0.5556 1.0000 0.0000
0.5657 0.0000 0.0000
0.5657 0.0101 0.0000
0.5657 0.0202 0.0000
0.5657 0.0303 0.0000
0.5657 0.0404 0.0000
0.5657 0.0505 0.0000
0.5657 0.0606 0.0000
0.5657 0.0707 0.0000
0.5657 0.0808 0.0000
0.5657 0.0909 0.0000
0.5657 0.1010 0.0000
0.5657 0.1111 0.0000
0.5657 0.1212 0.0000
0.5657 0.1313 0.0000
0.5657 0.1414 0.0000
0.5657 0.1515 0.0000
0.5657 0.1616 0.0000
0.5657 0.1717 0.0000
0.5657 0.1818 0.0000
0.5657 0.1919 0.0000
0.5657 0.2020 0.0000
0.5657 0.2121 0.0000
0.5657 0.2222 0.0000
0.5657 0.2323 0.0000
0.5657 0.2424 0.0000
0.5657 0.2525 0.0000
0.5657 0.2626 0.0000
0.5657 0.2727 0.0000
0.5657 0.2828 0.0000
0.5657 0.2929 0.0000
0.5657 0.3030 0.0000
0.5657 0.3131 0.0000
0.5657 0.3232 0.0000
0.5657 0.3333 0.0000
0.5657 0.3434 0.0000
0.5657 0.3535 0.0000
0.5657 0.3636 0.0000
0.5657 0.3737 0.0000
0.5657 0.3838 0.0000
0.5657 0.3939 0.0000
0.5657 0.4040 0.0000
0.5657 0.4141 0.0000
0.5657 0.4242 0.0000
0.5657 0.4343 0.0000
0.5657 0.4444 0.0000
0.5657 0.4545 0.0000
0.5657 0.4646 0.0000
0.5657 0.4747 0.0000
0.5657 0.4848 0.0000
0.5657 0.4949 0.0000
0.5657 0.5051 0.0000
0.5657 0.5152 0.0000
0.5657 0.5253 0.0000
0.5657 0.5354 0.0000
0.5657 0.5455 0.0000
0.5657 0.5556 0.0000
0.5657 0.5657 0.0000
0.5657 0.5758 0.0000
0.5657 0.5859 0.0000
0.5657 0.5960 0.0000
0.5657 0.6061 0.0000
0.5657 0.6162 0.0000
0.5657 0.6263 0.0000
0.5657 0.6364 0.0000
0.5657 0.6465 0.0000
0.5657 0.6566 0.0000
0.5657 0.6667 0.0000
0.5657 0.6768 0.0000
0.5657 0.6869 0.0000
0.5657 0.6970 0.0000
0.5657 0.7071 0.0000
0.5657 0.7172 0.0000
0.5657 0.7273 0.0000
0.5657 0.7374 0.0000
0.5657 0.7475 0.0000
0.5657 0.7576 0.0000
0.5657 0.7677 0.0000
0.5657 0.7778 0.0000
0.5657 0.7879 0.0000
0.5657 0.7980 0.0000
0.5657 0.8081 0.0000
0.5657 0.8182 0.0000
0.5657 0.8283 0.0000
0.5657 0.8384 0.0000
0.5657 0.8485 0.0000
0.5657 0.8586 0.0000
0.5657 0.8687 0.0000
0.5657 0.8788 0.0000
0.5657 0.8889 0.0000
0.5657 0.8990 0.0000
0.5657 0.9091 0.0000
0.5657 0.9192 0.0000
0.5657 0.9293 0.0000
0.5657 0.9394 0.0000
0.5657 0.9495 0.0000
0.5657 0.9596 0.0000
0.5657 0.9697 0.0000
0.5657 0.9798 0.0000
0.5657 0.9899 0.0000
0.5657 1.0000 0.0000
0.5758 0.0000 0.0000
0.5758 0.0101 0.0000
0.5758 0.0202 0.0000
0.5758 0.0303 0.0000
0.5758 0.0404 0.0000
0.5758 0.0505 0.0000
0.5758 0.0606 0.0000
0.5758 0.0707 0.0000
0.5758 0.0808 0.0000
0.5758 0.0909 0.0000
0.5758 0.1010 0.0000
0.5758 0.1111 0.0000
0.5758 0.1212 0.0000
0.5758 0.1313 0.0000
0.5758 0.1414 0.0000
0.5758 0.1515 0.0000
0.5758 0.1616 0.0000
0.5758 0.1717 0.0000
0.5758 0.1818 0.0000
0.5758 0.1919 0.0000
0.5758 0.2020 0.0000
0.5758 0.2121 0.0000
0.5758 0.2222 0.0000
0.5758 0.2323 0.0000
0.5758 0.2424 0.0000
0.5758 0.2525 0.0000
0.5758 0.2626 0.0000
0.5758 0.2727 0.0000
0.5758 0.2828 0.0000
0.5758 0.2929 0.0000
0.5758 0.3030 0.0000
0.5758 0.3131 0.0000
0.5758 0.3232 0.0000
0.5758 0.3333 0.0000
0.5758 0.3434 0.0000
0.5758 0.3535 0.0000
0.5758 0.3636 0.0000
0.5758 0.3737 0.0000
0.5758 0.3838 0.0000
0.5758 0.3939 0.0000
0.5758 0.4040 0.0000
0.5758 0.4141 0.0000
0.5758 0.4242 0.0000
0.5758 0.4343 0.0000
0.5758 0.4444 0.0000
0.5758 0.4545 0.0000
0.5758 0.4646 0.0000
0.5758 0.4747 0.0000
0.5758 0.4848 0.0000
0.5758 0.4949 0.0000
0.5758 0.5051 0.0000
0.5758 0.5152 0.0000
0.5758 0.5253 0.0000
0.5758 0.5354 0.0000
0.5758 0.5455 0.0000
0.5758 0.5556 0.0000
0.5758 0.5657 0.0000
0.5758 0.5758 0.0000
0.5758 0.5859 0.0000
0.5758 0.5960 0.0000
0.5758 0.6061 0.0000
0.5758 0.6162 0.0000
0.5758 0.6263 0.0000
0.5758 0.6364 0.0000
0.5758 0.6465 0.0000
0.5758 0.6566 0.0000
0.5758 0.6667 0.0000
0.5758 0.6768 0.0000
0.5758 0.6869 0.0000
0.5758 0.6970 0.0000
0.5758 0.7071 0.0000
0.5758 0.7172 0.0000
0.5758 0.7273 0.0000
0.5758 0.7374 0.0000
0.5758 0.7475 0.0000
0.5758 0.7576 0.0000
0.5758 0.7677 0.0000
0.5758 0.7778 0.0000
0.5758 0.7879 0.0000
0.5758 0.7980 0.0000
0.5758 0.8081 0.0000
0.5758 0.8182 0.0000
0.5758 0.8283 0.0000
0.5758 0.8384 0.0000
0.5758 0.8485 0.0000
0.5758 0.8586 0.0000
0.5758 0.8687 0.0000
0.5758 0.8788 0.0000
0.5758 0.8889 0.0000
0.5758 0.8990 0.0000
0.5758 0.9091 0.0000
0.5758 0.9192 0.0000
0.5758 0.9293 0.0000
0.5758 0.9394 0.0000
0.5758 0.9495 0.0000
0.5758 0.9596 0.0000
0.5758 0.9697 0.0000
0.5758 0.9798 0.0000
0.5758 0.9899 0.0000
0.5758 1.0000 0.0000
0.5859 0.0000 0.0000
0.5859 0.0101 0.0000
0.5859 0.0202 0.0000
0.5859 0.0303 0.0000
0.5859 0.0404 0.0000
0.5859 0.0505 0.0000
0.5859 0.0606 0.0000
0.5859 0.0707 0.0000
0.5859 0.0808 0.0000
0.5859 0.0909 0.0000
0.5859 0.1010 0.0000
0.5859 0.1111 0.0000
0.5859 0.1212 0.0000
0.5859 0.1313 0.0000
0.5859 0.1414 0.0000
0.5859 0.1515 0.0000
0.5859 0.1616 0.0000
0.5859 0.1717 0.0000
0.5859 0.1818 0.0000
0.5859 0.1919 0.0000
0.5859 0.2020 0.0000
0.5859 0.2121 0.0000
0.5859 0.2222 0.0000
0.5859 0.2323 0.0000
0.5859 0.2424 0.0000
0.5859 0.2525 0.0000
0.5859 0.2626 0.0000
0.5859 0.2727 0.0000
0.5859 0.2828 0.0000
0.5859 0.2929 0.0000
0.5859 0.3030 0.0000
0.5859 0.3131 0.0000
0.5859 0.3232 0.0000
0.5859 0.3333 0.0000
0.5859 0.3434 0.0000
0.5859 0.3535 0.0000
0.5859 0.3636 0.0000
0.5859 0.3737 0.0000
0.5859 0.3838 0.0000
0.5859 0.3939 0.0000
0.5859 0.4040 0.0000
0.5859 0.4141 0.0000
0.5859 0.4242 0.0000
0.5859 0.4343 0.0000
0.5859 0.4444 0.0000
0.5859 0.4545 0.0000
0.5859 0.4646 0.0000
0.5859 0.4747 0.0000
0.5859 0.4848 0.0000
0.5859 0.4949 0.0000
0.5859 0.5051 0.0000
0.5859 0.5152 0.0000
0.5859 0.5253 0.0000
0.5859 0.5354 0.0000
0.5859 0.5455 0.0000
0.5859 0.5556 0.0000
0.5859 0.5657 0.0000
0.5859 0.5758 0.0000
0.5859 0.5859 0.0000
0.5859 0.5960 0.0000
0.5859 0.6061 0.0000
0.5859 0.6162 0.0000
0.5859 0.6263 0.0000
0.5859 0.6364 0.0000
0.5859 0.6465 0.0000
0.5859 0.6566 0.0000
0.5859 0.6667 0.0000
0.5859 0.6768 0.0000
0.5859 0.6869 0.0000
0.5859 0.6970 0.0000
0.5859 0.7071 0.0000
0.5859 0.7172 0.0000
0.5859 0.7273 0.0000
0.5859 0.7374 0.0000
0.5859 0.7475 0.0000
0.5859 0.7576 0.0000
0.5859 0.7677 0.0000
0.5859 0.7778 0.0000
0.5859 0.7879 0.0000
0.5859 0.7980 0.0000
0.5859 0.8081 0.0000
0.5859 0.8182 0.0000
0.5859 0.8283 0.0000
0.5859 0.8384 0.0000
0.5859 0.8485 0.0000
0.5859 0.8586 0.0000
0.5859 0.8687 0.0000
0.5859 0.8788 0.0000
0.5859 0.8889 0.0000
0.5859 0.8990 0.0000
0.5859 0.9091 0.0000
0.5859 0.9192 0.0000
0.5859 0.9293 0.0000
0.5859 0.9394 0.0000
0.5859 0.9495 0.0000
0.5859 0.9596 0.0000
0.5859 0.9697 0.0000
0.5859 0.9798 0.0000
0.5859 0.9899 0.0000
0.5859 1.0000 0.0000
0.5960 0.0000 0.0000
0.5960 0.0101 0.0000
0.5960 0.0202 0.0000
0.5960 0.0303 0.0000
0.5960 0.0404 0.0000
0.5960 0.0505 0.0000
0.5960 0.0606 0.0000
0.5960 0.0707 0.0000
0.5960 0.0808 0.0000
0.5960 0.0909 0.0000
0.5960 0.1010 0.0000
0.5960 0.1111 0.0000
0.5960 0.1212 0.0000
0.5960 0.1313 0.0000
0.5960 0.1414 0.0000
0.5960 0.1515 0.0000
0.5960 0.1616 0.0000
0.5960 0.1717 0.0000
0.5960 0.1818 0.0000
0.5960 0.1919 0.0000
0.5960 0.2020 0.0000
0.5960 0.2121 0.0000
0.5960 0.2222 0.0000
0.5960 0.2323 0.0000
0.5960 0.2424 0.0000
0.5960 0.2525 0.0000
0.5960 0.2626 0.0000
0.5960 0.2727 0.0000
0.5960 0.2828 0.0000
0.5960 0.2929 0.0000
0.5960 0.3030 0.0000
0.5960 0.3131 0.0000
0.5960 0.3232 0.0000
0.5960 0.3333 0.0000
0.5960 0.3434 0.0000
0.5960 0.3535 0.0000
0.5960 0.3636 0.0000
0.5960 0.3737 0.0000
0.5960 0.3838 0.0000
0.5960 0.3939 0.0000
0.5960 0.4040 0.0000
0.5960 0.4141 0.0000
0.5960 0.4242 0.0000
0.5960 0.4343 0.0000
0.5960 0.4444 0.0000
0.5960 0.4545 0.0000
0.5960 0.4646 0.0000
0.5960 0.4747 0.0000
0.5960 0.4848 0.0000
0.5960 0.4949 0.0000
0.5960 0.5051 0.0000
0.5960 0.5152 0.0000
0.5960 0.5253 0.0000
0.5960 0.5354 0.0000
0.5960 0.5455 0.0000
0.5960 0.5556 0.0000
0.5960 0.5657 0.0000
0.5960 0.5758 0.0000
0.5960 0.5859 0.0000
0.5960 0.5960 0.0000
0.5960 0.6061 0.0000
0.5960 0.6162 0.0000
0.5960 0.6263 0.0000
0.5960 0.6364 0.0000
0.5960 0.6465 0.0000
0.5960 0.6566 0.0000
0.5960 0.6667 0.0000
0.5960 0.6768 0.0000
0.5960 0.6869 0.0000
0.5960 0.6970 0.0000
0.5960 0.7071 0.0000
0.5960 0.7172 0.0000
0.5960 0.7273 0.0000
0.5960 0.7374 0.0000
0.5960 0.7475 0.0000
0.5960 0.7576 0.0000
0.5960 0.7677 0.0000
0.5960 0.7778 0.0000
0.5960 0.7879 0.0000
0.5960 0.7980 0.0000
0.5960 0.8081 0.0000
0.5960 0.8182 0.0000
0.5960 0.8283 0.0000
0.5960 0.8384 0.0000
0.5960 0.8485 0.0000
0.5960 0.8586 0.0000
0.5960 0.8687 0.0000
0.5960 0.8788 0.0000
0.5960 0.8889 0.0000
0.5960 0.8990 0.0000
0.5960 0.9091 0.0000
0.5960 0.9192 0.0000
0.5960 0.9293 0.0000
0.5960 0.9394 0.0000
0.5960 0.9495 0.0000
0.5960 0.9596 0.0000
0.5960 0.9697 0.0000
0.5960 0.9798 0.0000
0.5960 0.9899 0.0000
0.5960 1.0000 0.0000
0.6061 0.0000 0.0000
0.6061 0.0101 0.0000
0.6061 0.0202 0.0000
0.6061 0.0303 0.0000
0.6061 0.0404 0.0000
0.6061 0.0505 0.0000
0.6061 0.0606 0.0000
0.6061 0.0707 0.0000
0.6061 0.0808 0.0000
0.6061 0.0909 0.0000
0.6061 0.1010 0.0000
0.6061 0.1111 0.0000
0.6061 0.1212 0.0000
0.6061 0.1313 0.0000
0.6061 0.1414 0.0000
0.6061 0.1515 0.0000
0.6061 0.1616 0.0000
0.6061 0.1717 0.0000
0.6061 0.1818 0.0000
0.6061 0.1919 0.0000
0.6061 0.2020 0.0000
0.6061 0.2121 0.0000
0.6061 0.2222 0.0000
0.6061 0.2323 0.0000
0.6061 0.2424 0.0000
0.6061 0.2525 0.0000
0.6061 0.2626 0.0000
0.6061 0.2727 0.0000
0.6061 0.2828 0.0000
0.6061 0.2929 0.0000
0.6061 0.3030 0.0000
0.6061 0.3131 0.0000
0.6061 0.3232 0.0000
0.6061 0.3333 0.0000
0.6061 0.3434 0.0000
0.6061 0.3535 0.0000
0.6061 0.3636 0.0000
0.6061 0.3737 0.0000
0.6061 0.3838 0.0000
0.6061 0.3939 0.0000
0.6061 0.4040 0.0000
0.6061 0.4141 0.0000
0.6061 0.4242 0.0000
0.6061 0.4343 0.0000
0.6061 0.4444 0.0000
0.6061 0.4545 0.0000
0.6061 0.4646 0.0000
0.6061 0.4747 0.0000
0.6061 0.4848 0.0000
0.6061 0.4949 0.0000
0.6061 0.5051 0.0000
0.6061 0.5152 0.0000
0.6061 0.5253 0.0000
0.6061 0.5354 0.0000
0.6061 0.5455 0.0000
0.6061 0.5556 0.0000
0.6061 0.5657 0.0000
0.6061 0.5758 0.0000
0.6061 0.5859 0.0000
0.6061 0.5960 0.0000
0.6061 0.6061 0.0000
0.6061 0.6162 0.0000
0.6061 0.6263 0.0000
0.6061 0.6364 0.0000
0.6061 0.6465 0.0000
0.6061 0.6566 0.0000
0.6061 0.6667 0.0000
0.6061 0.6768 0.0000
0.6061 0.6869 0.0000
0.6061 0.6970 0.0000
0.6061 0.7071 0.0000
0.6061 0.7172 0.0000
0.6061 0.7273 0.0000
0.6061 0.7374 0.0000
0.6061 0.7475 0.0000
0.6061 0.7576 0.0000
0.6061 0.7677 0.0000
0.6061 0.7778 0.0000
0.6061 0.7879 0.0000
0.6061 0.7980 0.0000
0.6061 0.8081 0.0000
0.6061 0.8182 0.0000
0.6061 0.8283 0.0000
0.6061 0.8384 0.0000
0.6061 0.8485 0.0000
0.6061 0.8586 0.0000
0.6061 0.8687 0.0000
0.6061 0.8788 0.0000
0.6061 0.8889 0.0000
0.6061 0.8990 0.0000
0.6061 0.9091 0.0000
0.6061 0.9192 0.0000
0.6061 0.9293 0.0000
0.6061 0.9394 0.0000
0.6061 0.9495 0.0000
0.6061 0.9596 0.0000
0.6061 0.9697 0.0000
0.6061 0.9798 0.0000
0.6061 0.9899 0.0000
0.6061 1.0000 0.0000
0.6162 0.0000 0.0000
0.6162 0.0101 0.0000
0.6162 0.0202 0.0000
0.6162 0.0303 0.0000
0.6162 0.0404 0.0000
0.6162 0.0505 0.0000
0.6162 0.0606 0.0000
0.6162 0.0707 0.0000
0.6162 0.0808 0.0000
0.6162 0.0909 0.0000
0.6162 0.1010 0.0000
0.6162 0.1111 0.0000
0.6162 0.1212 0.0000
0.6162 0.1313 0.0000
0.6162 0.1414 0.0000
0.6162 0.1515 0.0000
0.6162 0.1616 0.0000
0.6162 0.1717 0.0000
0.6162 0.1818 0.0000
0.6162 0.1919 0.0000
0.6162 0.2020 0.0000
0.6162 0.2121 0.0000
0.6162 0.2222 0.0000
0.6162 0.2323 0.0000
0.6162 0.2424 0.0000
0.6162 0.2525 0.0000
0.6162 0.2626 0.0000
0.6162 0.2727 0.0000
0.6162 0.2828 0.0000
0.6162 0.2929 0.0000
0.6162 0.3030 0.0000
0.6162 0.3131 0.0000
0.6162 0.3232 0.0000
0.6162 0.3333 0.0000
0.6162 0.3434 0.0000
0.6162 0.3535 0.0000
0.6162 0.3636 0.0000
0.6162 0.3737 0.0000
0.6162 0.3838 0.0000
0.6162 0.3939 0.0000
0.6162 0.4040 0.0000
0.6162 0.4141 0.0000
0.6162 0.4242 0.0000
0.6162 0.4343 0.0000
0.6162 0.4444 0.0000
0.6162 0.4545 0.0000
0.6162 0.4646 0.0000
0.6162 0.4747 0.0000
0.6162 0.4848 0.0000
0.6162 0.4949 0.0000
0.6162 0.5051 0.0000
0.6162 0.5152 0.0000
0.6162 0.5253 0.0000
0.6162 0.5354 0.0000
0.6162 0.5455 0.0000
0.6162 0.5556 0.0000
0.6162 0.5657 0.0000
0.6162 0.5758 0.0000
0.6162 0.5859 0.0000
0.6162 0.5960 0.0000
0.6162 0.6061 0.0000
0.6162 0.6162 0.0000
0.6162 0.6263 0.0000
0.6162 0.6364 0.0000
0.6162 0.6465 0.0000
0.6162 0.6566 0.0000
0.6162 0.6667 0.0000
0.6162 0.6768 0.0000
0.6162 0.6869 0.0000
0.6162 0.6970 0.0000
0.6162 0.7071 0.0000
0.6162 0.7172 0.0000
0.6162 0.7273 0.0000
0.6162 0.7374 0.0000
0.6162 0.7475 0.0000
0.6162 0.7576 0.0000
0.6162 0.7677 0.0000
0.6162 0.7778 0.0000
0.6162 0.7879 0.0000
0.6162 0.7980 0.0000
0.6162 0.8081 0.0000
0.6162 0.8182 0.0000
0.6162 0.8283 0.0000
0.6162 0.8384 0.0000
0.6162 0.8485 0.0000
0.6162 0.8586 0.0000
0.6162 0.8687 0.0000
0.6162 0.8788 0.0000
0.6162 0.8889 0.0000
0.6162 0.8990 0.0000
0.6162 0.9091 0.0000
0.6162 0.9192 0.0000
0.6162 0.9293 0.0000
0.6162 0.9394 0.0000
0.6162 0.9495 0.0000
0.6162 0.9596 0.0000
0.6162 0.9697 0.0000
0.6162 0.9798 0.0000
0.6162 0.9899 0.0000
0.6162 1.0000 0.0000
0.6263 0.0000 0.0000
0.6263 0.0101 0.0000
0.6263 0.0202 0.0000
0.6263 0.0303 0.0000
0.6263 0.0404 0.0000
0.6263 0.0505 0.0000
0.6263 0.0606 0.0000
0.6263 0.0707 0.0000
0.6263 0.0808 0.0000
0.6263 0.0909 0.0000
0.6263 0.1010 0.0000
0.6263 0.1111 0.0000
0.6263 0.1212 0.0000
0.6263 0.1313 0.0000
0.6263 0.1414 0.0000
0.6263 0.1515 0.0000
0.6263 0.1616 0.0000
0.6263 0.1717 0.0000
0.6263 0.1818 0.0000
0.6263 0.1919 0.0000
0.6263 0.2020 0.0000
0.6263 0.2121 0.0000
0.6263 0.2222 0.0000
0.6263 0.2323 0.0000
0.6263 0.2424 0.0000
0.6263 0.2525 0.0000
0.6263 0.2626 0.0000
0.6263 0.2727 0.0000
0.6263 0.2828 0.0000
0.6263 0.2929 0.0000
0.6263 0.3030 0.0000
0.6263 0.3131 0.0000
0.6263 0.3232 0.0000
0.6263 0.3333 0.0000
0.6263 0.3434 0.0000
0.6263 0.3535 0.0000
0.6263 0.3636 0.0000
0.6263 0.3737 0.0000
0.6263 0.3838 0.0000
0.6263 0.3939 0.0000
0.6263 0.4040 0.0000
0.6263 0.4141 0.0000
0.6263 0.4242 0.0000
0.6263 0.4343 0.0000
0.6263 0.4444 0.0000
0.6263 0.4545 0.0000
0.6263 0.4646 0.0000
0.6263 0.4747 0.0000
0.6263 0.4848 0.0000
0.6263 0.4949 0.0000
0.6263 0.5051 0.0000
0.6263 0.5152 0.0000
0.6263 0.5253 0.0000
0.6263 0.5354 0.0000
0.6263 0.5455 0.0000
0.6263 0.5556 0.0000
0.6263 0.5657 0.0000
0.6263 0.5758 0.0000
0.6263 0.5859 0.0000
0.6263 0.5960 0.0000
0.6263 0.6061 0.0000
0.6263 0.6162 0.0000
0.6263 0.6263 0.0000
0.6263 0.6364 0.0000
0.6263 0.6465 0.0000
0.6263 0.6566 0.0000
0.6263 0.6667 0.0000
0.6263 0.6768 0.0000
0.6263 0.6869 0.0000
0.6263 0.6970 0.0000
0.6263 0.7071 0.0000
0.6263 0.7172 0.0000
0.6263 0.7273 0.0000
0.6263 0.7374 0.0000
0.6263 0.7475 0.0000
0.6263 0.7576 0.0000
0.6263 0.7677 0.0000
0.6263 0.7778 0.0000
0.6263 0.7879 0.0000
0.6263 0.7980 0.0000
0.6263 0.8081 0.0000
0.6263 0.8182 0.0000
0.6263 0.8283 0.0000
0.6263 0.8384 0.0000
0.6263 0.8485 0.0000
0.6263 0.8586 0.0000
0.6263 0.8687 0.0000
0.6263 0.8788 0.0000
0.6263 0.8889 0.0000
0.6263 0.8990 0.0000
0.6263 0.9091 0.0000
0.6263 0.9192 0.0000
0.6263 0.9293 0.0000
0.6263 0.9394 0.0000
0.6263 0.9495 0.0000
0.6263 0.9596 0.0000
0.6263 0.9697 0.0000
0.6263 0.9798 0.0000
0.6263 0.9899 0.0000
0.6263 1.0000 0.0000
0.6364 0.0000 0.0000
0.6364 0.0101 0.0000
0.6364 0.0202 0.0000
0.6364 0.0303 0.0000
0.6364 0.0404 0.0000
0.6364 0.0505 0.0000
0.6364 0.0606 0.0000
0.6364 0.0707 0.0000
0.6364 0.0808 0.0000
0.6364 0.0909 0.0000
0.6364 0.1010 0.0000
0.6364 0.1111 0.0000
0.6364 0.1212 0.0000
0.6364 0.1313 0.0000
0.6364 0.1414 0.0000
0.6364 0.1515 0.0000
0.6364 0.1616 0.0000
0.6364 0.1717 0.0000
0.6364 0.1818 0.0000
0.6364 0.1919 0.0000
0.6364 0.2020 0.0000
0.6364 0.2121 0.0000
0.6364 0.2222 0.0000
0.6364 0.2323 0.0000
0.6364 0.2424 0.0000
0.6364 0.2525 0.0000
0.6364 0.2626 0.0000
0.6364 0.2727 0.0000
0.6364 0.2828 0.0000
0.6364 0.2929 0.0000
0.6364 0.3030 0.0000
0.6364 0.3131 0.0000
0.6364 0.3232 0.0000
0.6364 0.3333 0.0000
0.6364 0.3434 0.0000
0.6364 0.3535 0.0000
0.6364 0.3636 0.0000
0.6364 0.3737 0.0000
0.6364 0.3838 0.0000
0.6364 0.3939 0.0000
0.6364 0.4040 0.0000
0.6364 0.4141 0.0000
0.6364 0.4242 0.0000
0.6364 0.4343 0.0000
0.6364 0.4444 0.0000
0.6364 0.4545 0.0000
0.6364 0.4646 0.0000
0.6364 0.4747 0.0000
0.6364 0.4848 0.0000
0.6364 0.4949 0.0000
0.6364 0.5051 0.0000
0.6364 0.5152 0.0000
0.6364 0.5253 0.0000
0.6364 0.5354 0.0000
0.6364 0.5455 0.0000
0.6364 0.5556 0.0000
0.6364 0.5657 0.0000
0.6364 0.5758 0.0000
0.6364 0.5859 0.0000
0.6364 0.5960 0.0000
0.6364 0.6061 0.0000
0.6364 0.6162 0.0000
0.6364 0.6263 0.0000
0.6364 0.6364 0.0000
0.6364 0.6465 0.0000
0.6364 0.6566 0.0000
0.6364 0.6667 0.0000
0.6364 0.6768 0.0000
0.6364 0.6869 0.0000
0.6364 0.6970 0.0000
0.6364 0.7071 0.0000
0.6364 0.7172 0.0000
0.6364 0.7273 0.0000
0.6364 0.7374 0.0000
0.6364 0.7475 0.0000
0.6364 0.7576 0.0000
0.6364 0.7677 0.0000
0.6364 0.7778 0.0000
0.6364 0.7879 0.0000
0.6364 0.7980 0.0000
0.6364 0.8081 0.0000
0.6364 0.8182 0.0000
0.6364 0.8283 0.0000
0.6364 0.8384 0.0000
0.6364 0.8485 0.0000
0.6364 0.8586 0.0000
0.6364 0.8687 0.0000
0.6364 0.8788 0.0000
0.6364 0.8889 0.0000
0.6364 0.8990 0.0000
0.6364 0.9091 0.0000
0.6364 0.9192 0.0000
0.6364 0.9293 0.0000
0.6364 0.9394 0.0000
0.6364 0.9495 0.0000
0.6364 0.9596 0.0000
0.6364 0.9697 0.0000
0.6364 0.9798 0.0000
0.6364 0.9899 0.0000
0.6364 1.0000 0.0000
0.6465 0.0000 0.0000
0.6465 0.0101 0.0000
0.6465 0.0202 0.0000
0.6465 0.0303 0.0000
0.6465 0.0404 0.0000
0.6465 0.0505 0.0000
0.6465 0.0606 0.0000
0.6465 0.0707 0.0000
0.6465 0.0808 0.0000
0.6465 0.0909 0.0000
0.6465 0.1010 0.0000
0.6465 0.1111 0.0000
0.6465 0.1212 0.0000
0.6465 0.1313 0.0000
0.6465 0.1414 0.0000
0.6465 0.1515 0.0000
0.6465 0.1616 0.0000
0.6465 0.1717 0.0000
0.6465 0.1818 0.0000
0.6465 0.1919 0.0000
0.6465 0.2020 0.0000
0.6465 0.2121 0.0000
0.6465 0.2222 0.0000
0.6465 0.2323 0.0000
0.6465 0.2424 0.0000
0.6465 0.2525 0.0000
0.6465 0.2626 0.0000
0.6465 0.2727 0.0000
0.6465 0.2828 0.0000
0.6465 0.2929 0.0000
0.6465 0.3030 0.0000
0.6465 0.3131 0.0000
0.6465 0.3232 0.0000
0.6465 0.3333 0.0000
0.6465 0.3434 0.0000
0.6465 0.3535 0.0000
0.6465 0.3636 0.0000
0.6465 0.3737 0.0000
0.6465 0.3838 0.0000
0.6465 0.3939 0.0000
0.6465 0.4040 0.0000
0.6465 0.4141 0.0000
0.6465 0.4242 0.0000
0.6465 0.4343 0.0000
0.6465 0.4444 0.0000
0.6465 0.4545 0.0000
0.6465 0.4646 0.0000
0.6465 0.4747 0.0000
0.6465 0.4848 0.0000
0.6465 0.4949 0.0000
0.6465 0.5051 0.0000
0.6465 0.5152 0.0000
0.6465 0.5253 0.0000
0.6465 0.5354 0.0000
0.6465 0.5455 0.0000
0.6465 0.5556 0.0000
0.6465 0.5657 0.0000
0.6465 0.5758 0.0000
0.6465 0.5859 0.0000
0.6465 0.5960 0.0000
0.6465 0.6061 0.0000
0.6465 0.6162 0.0000
0.6465 0.6263 0.0000
0.6465 0.6364 0.0000
0.6465 0.6465 0.0000
0.6465 0.6566 0.0000
0.6465 0.6667 0.0000
0.6465 0.6768 0.0000
0.6465 0.6869 0.0000
0.6465 0.6970 0.0000
0.6465 0.7071 0.0000
0.6465 0.7172 0.0000
0.6465 0.7273 0.0000
0.6465 0.7374 0.0000
0.6465 0.7475 0.0000
0.6465 0.7576 0.0000
0.6465 0.7677 0.0000
0.6465 0.7778 0.0000
0.6465 0.7879 0.0000
0.6465 0.7980 0.0000
0.6465 0.8081 0.0000
0.6465 0.8182 0.0000
0.6465 0.8283 0.0000
0.6465 0.8384 0.0000
0.6465 0.8485 0.0000
0.6465 0.8586 0.0000
0.6465 0.8687 0.0000
0.6465 0.8788 0.0000
0.6465 0.8889 0.0000
0.6465 0.8990 0.0000
0.6465 0.9091 0.0000
0.6465 0.9192 0.0000
0.6465 0.9293 0.0000
0.6465 0.9394 0.0000
0.6465 0.9495 0.0000
0.6465 0.9596 0.0000
0.6465 0.9697 0.0000
0.6465 0.9798 0.0000
0.6465 0.9899 0.0000
0.6465 1.0000 0.0000
0.6566 0.0000 0.0000
0.6566 0.0101 0.0000
0.6566 0.0202 0.0000
0.6566 0.0303 0.0000
0.6566 0.0404 0.0000
0.6566 0.0505 0.0000
0.6566 0.0606 0.0000
0.6566 0.0707 0.0000
0.6566 0.0808 0.0000
0.6566 0.0909 0.0000
0.6566 0.1010 0.0000
0.6566 0.1111 0.0000
0.6566 0.1212 0.0000
0.6566 0.1313 0.0000
0.6566 0.1414 0.0000
0.6566 0.1515 0.0000
0.6566 0.1616 0.0000
0.6566 0.1717 0.0000
0.6566 0.1818 0.0000
0.6566 0.1919 0.0000
0.6566 0.2020 0.0000
0.6566 0.2121 0.0000
0.6566 0.2222 0.0000
0.6566 0.2323 0.0000
0.6566 0.2424 0.0000
0.6566 0.2525 0.0000
0.6566 0.2626 0.0000
0.6566 0.2727 0.0000
0.6566 0.2828 0.0000
0.6566 0.2929 0.0000
0.6566 0.3030 0.0000
0.6566 0.3131 0.0000
0.6566 0.3232 0.0000
0.6566 0.3333 0.0000
0.6566 0.3434 0.0000
0.6566 0.3535 0.0000
0.6566 0.3636 0.0000
0.6566 0.3737 0.0000
0.6566 0.3838 0.0000
0.6566 0.3939 0.0000
0.6566 0.4040 0.0000
0.6566 0.4141 0.0000
0.6566 0.4242 0.0000
0.6566 0.4343 0.0000
0.6566 0.4444 0.0000
0.6566 0.4545 0.0000
0.6566 0.4646 0.0000
0.6566 0.4747 0.0000
0.6566 0.4848 0.0000
0.6566 0.4949 0.0000
0.6566 0.5051 0.0000
0.6566 0.5152 0.0000
0.6566 0.5253 0.0000
0.6566 0.5354 0.0000
0.6566 0.5455 0.0000
0.6566 0.5556 0.0000
0.6566 0.5657 0.0000
0.6566 0.5758 0.0000
0.6566 0.5859 0.0000
0.6566 0.5960 0.0000
0.6566 0.6061 0.0000
0.6566 0.6162 0.0000
0.6566 0.6263 0.0000
0.6566 0.6364 0.0000
0.6566 0.6465 0.0000
0.6566 0.6566 0.0000
0.6566 0.6667 0.0000
0.6566 0.6768 0.0000
0.6566 0.6869 0.0000
0.6566 0.6970 0.0000
0.6566 0.7071 0.0000
0.6566 0.7172 0.0000
0.6566 0.7273 0.0000
0.6566 0.7374 0.0000
0.6566 0.7475 0.0000
0.6566 0.7576 0.0000
0.6566 0.7677 0.0000
0.6566 0.7778 0.0000
0.6566 0.7879 0.0000
0.6566 0.7980 0.0000
0.6566 0.8081 0.0000
0.6566 0.8182 0.0000
0.6566 0.8283 0.0000
0.6566 0.8384 0.0000
0.6566 0.8485 0.0000
0.6566 0.8586 0.0000
0.6566 0.8687 0.0000
0.6566 0.8788 0.0000
0.6566 0.8889 0.0000
0.6566 0.8990 0.0000
0.6566 0.9091 0.0000
0.6566 0.9192 0.0000
0.6566 0.9293 0.0000
0.6566 0.9394 0.0000
0.6566 0.9495 0.0000
0.6566 0.9596 0.0000
0.6566 0.9697 0.0000
0.6566 0.9798 0.0000
0.6566 0.9899 0.0000
0.6566 1.0000 0.0000
0.6667 0.0000 0.0000
0.6667 0.0101 0.0000
0.6667 0.0202 0.0000
0.6667 0.0303 0.0000
0.6667 0.0404 0.0000
0.6667 0.0505 0.0000
0.6667 0.0606 0.0000
0.6667 0.0707 0.0000
0.6667 0.0808 0.0000
0.6667 0.0909 0.0000
0.6667 0.1010 0.0000
0.6667 0.1111 0.0000
0.6667 0.1212 0.0000
0.6667 0.1313 0.0000
0.6667 0.1414 0.0000
0.6667 0.1515 0.0000
0.6667 0.1616 0.0000
0.6667 0.1717 0.0000
0.6667 0.1818 0.0000
0.6667 0.1919 0.0000
0.6667 0.2020 0.0000
0.6667 0.2121 0.0000
0.6667 0.2222 0.0000
0.6667 0.2323 0.0000
0.6667 0.2424 0.0000
0.6667 0.2525 0.0000
0.6667 0.2626 0.0000
0.6667 0.2727 0.0000
0.6667 0.2828 0.0000
0.6667 0.2929 0.0000
0.6667 0.3030 0.0000
0.6667 0.3131 0.0000
0.6667 0.3232 0.0000
0.6667 0.3333 0.0000
0.6667 0.3434 0.0000
0.6667 0.3535 0.0000
0.6667 0.3636 0.0000
0.6667 0.3737 0.0000
0.6667 0.3838 0.0000
0.6667 0.3939 0.0000
0.6667 0.4040 0.0000
0.6667 0.4141 0.0000
0.6667 0.4242 0.0000
0.6667 0.4343 0.0000
0.6667 0.4444 0.0000
0.6667 0.4545 0.0000
0.6667 0.4646 0.0000
0.6667 0.4747 0.0000
0.6667 0.4848 0.0000
0.6667 0.4949 0.0000
0.6667 0.5051 0.0000
0.6667 0.5152 0.0000
0.6667 0.5253 0.0000
0.6667 0.5354 0.0000
0.6667 0.5455 0.0000
0.6667 0.5556 0.0000
0.6667 0.5657 0.0000
0.6667 0.5758 0.0000
0.6667 0.5859 0.0000
0.6667 0.5960 0.0000
0.6667 0.6061 0.0000
0.6667 0.6162 0.0000
0.6667 0.6263 0.0000
0.6667 0.6364 0.0000
0.6667 0.6465 0.0000
0.6667 0.6566 0.0000
0.6667 0.6667 0.0000
0.6667 0.6768 0.0000
0.6667 0.6869 0.0000
0.6667 0.6970 0.0000
0.6667 0.7071 0.0000
0.6667 0.7172 0.0000
0.6667 0.7273 0.0000
0.6667 0.7374 0.0000
0.6667 0.7475 0.0000
0.6667 0.7576 0.0000
0.6667 0.7677 0.0000
0.6667 0.7778 0.0000
0.6667 0.7879 0.0000
0.6667 0.7980 0.0000
0.6667 0.8081 0.0000
0.6667 0.8182 0.0000
0.6667 0.8283 0.0000
0.6667 0.8384 0.0000
0.6667 0.8485 0.0000
0.6667 0.8586 0.0000
0.6667 0.8687 0.0000
0.6667 0.8788 0.0000
0.6667 0.8889 0.0000
0.6667 0.8990 0.0000
0.6667 0.9091 0.0000
0.6667 0.9192 0.0000
0.6667 0.9293 0.0000
0.6667 0.9394 0.0000
0.6667 0.9495 0.0000
0.6667 0.9596 0.0000
0.6667 0.9697 0.0000
0.6667 0.9798 0.0000
0.6667 0.9899 0.0000
0.6667 1.0000 0.0000
0.6768 0.0000 0.0000
0.6768 0.0101 0.0000
0.6768 0.0202 0.0000
0.6768 0.0303 0.0000
0.6768 0.0404 0.0000
0.6768 0.0505 0.0000
0.6768 0.0606 0.0000
0.6768 0.0707 0.0000
0.6768 0.0808 0.0000
0.6768 0.0909 0.0000
0.6768 0.1010 0.0000
0.6768 0.1111 0.0000
0.6768 0.1212 0.0000
0.6768 0.1313 0.0000
0.6768 0.1414 0.0000
0.6768 0.1515 0.0000
0.6768 0.1616 0.0000
0.6768 0.1717 0.0000
0.6768 0.1818 0.0000
0.6768 0.1919 0.0000
0.6768 0.2020 0.0000
0.6768 0.2121 0.0000
0.6768 0.2222 0.0000
0.6768 0.2323 0.0000
0.6768 0.2424 0.0000
0.6768 0.2525 0.0000
0.6768 0.2626 0.0000
0.6768 0.2727 0.0000
0.6768 0.2828 0.0000
0.6768 0.2929 0.0000
0.6768 0.3030 0.0000
0.6768 0.3131 0.0000
0.6768 0.3232 0.0000
0.6768 0.3333 0.0000
0.6768 0.3434 0.0000
0.6768 0.3535 0.0000
0.6768 0.3636 0.0000
0.6768 0.3737 0.0000
0.6768 0.3838 0.0000
0.6768 0.3939 0.0000
0.6768 0.4040 0.0000
0.6768 0.4141 0.0000
0.6768 0.4242 0.0000
0.6768 0.4343 0.0000
0.6768 0.4444 0.0000
0.6768 0.4545 0.0000
0.6768 0.4646 0.0000
0.6768 0.4747 0.0000
0.6768 0.4848 0.0000
0.6768 0.4949 0.0000
0.6768 0.5051 0.0000
0.6768 0.5152 0.0000
0.6768 0.5253 0.0000
0.6768 0.5354 0.0000
0.6768 0.5455 0.0000
0.6768 0.5556 0.0000
0.6768 0.5657 0.0000
0.6768 0.5758 0.0000
0.6768 0.5859 0.0000
0.6768 0.5960 0.0000
0.6768 0.6061 0.0000
0.6768 0.6162 0.0000
0.6768 0.6263 0.0000
0.6768 0.6364 0.0000
0.6768 0.6465 0.0000
0.6768 0.6566 0.0000
0.6768 0.6667 0.0000
0.6768 0.6768 0.0000
0.6768 0.6869 0.0000
0.6768 0.6970 0.0000
0.6768 0.7071 0.0000
0.6768 0.7172 0.0000
0.6768 0.7273 0.0000
0.6768 0.7374 0.0000
0.6768 0.7475 0.0000
0.6768 0.7576 0.0000
0.6768 0.7677 0.0000
0.6768 0.7778 0.0000
0.6768 0.7879 0.0000
0.6768 0.7980 0.0000
0.6768 0.8081 0.0000
0.6768 0.8182 0.0000
0.6768 0.8283 0.0000
0.6768 0.8384 0.0000
0.6768 0.8485 0.0000
0.6768 0.8586 0.0000
0.6768 0.8687 0.0000
0.6768 0.8788 0.0000
0.6768 0.8889 0.0000
0.6768 0.8990 0.0000
0.6768 0.9091 0.0000
0.6768 0.9192 0.0000
0.6768 0.9293 0.0000
0.6768 0.9394 0.0000
0.6768 0.9495 0.0000
0.6768 0.9596 0.0000
0.6768 0.9697 0.0000
0.6768 0.9798 0.0000
0.6768 0.9899 0.0000
0.6768 1.0000 0.0000
0.6869 0.0000 0.0000
0.6869 0.0101 0.0000
0.6869 0.0202 0.0000
0.6869 0.0303 0.0000
0.6869 0.0404 0.0000
0.6869 0.0505 0.0000
0.6869 0.0606 0.0000
0.6869 0.0707 0.0000
0.6869 0.0808 0.0000
0.6869 0.0909 0.0000
0.6869 0.1010 0.0000
0.6869 0.1111 0.0000
0.6869 0.1212 0.0000
0.6869 0.1313 0.0000
0.6869 0.1414 0.0000
0.6869 0.1515 0.0000
0.6869 0.1616 0.0000
0.6869 0.1717 0.0000
0.6869 0.1818 0.0000
0.6869 0.1919 0.0000
0.6869 0.2020 0.0000
0.6869 0.2121 0.0000
0.6869 0.2222 0.0000
0.6869 0.2323 0.0000
0.6869 0.2424 0.0000
0.6869 0.2525 0.0000
0.6869 0.2626 0.0000
0.6869 0.2727 0.0000
0.6869 0.2828 0.0000
0.6869 0.2929 0.0000
0.6869 0.3030 0.0000
0.6869 0.3131 0.0000
0.6869 0.3232 0.0000
0.6869 0.3333 0.0000
0.6869 0.3434 0.0000
0.6869 0.3535 0.0000
0.6869 0.3636 0.0000
0.6869 0.3737 0.0000
0.6869 0.3838 0.0000
0.6869 0.3939 0.0000
0.6869 0.4040 0.0000
0.6869 0.4141 0.0000
0.6869 0.4242 0.0000
0.6869 0.4343 0.0000
0.6869 0.4444 0.0000
0.6869 0.4545 0.0000
0.6869 0.4646 0.0000
0.6869 0.4747 0.0000
0.6869 0.4848 0.0000
0.6869 0.4949 0.0000
0.6869 0.5051 0.0000
0.6869 0.5152 0.0000
0.6869 0.5253 0.0000
0.6869 0.5354 0.0000
0.6869 0.5455 0.0000
0.6869 0.5556 0.0000
0.6869 0.5657 0.0000
0.6869 0.5758 0.0000
0.6869 0.5859 0.0000
0.6869 0.5960 0.0000
0.6869 0.6061 0.0000
0.6869 0.6162 0.0000
0.6869 0.6263 0.0000
0.6869 0.6364 0.0000
0.6869 0.6465 0.0000
0.6869 0.6566 0.0000
0.6869 0.6667 0.0000
0.6869 0.6768 0.0000
0.6869 0.6869 0.0000
0.6869 0.6970 0.0000
0.6869 0.7071 0.0000
0.6869 0.7172 0.0000
0.6869 0.7273 0.0000
0.6869 0.7374 0.0000
0.6869 0.7475 0.0000
0.6869 0.7576 0.0000
0.6869 0.7677 0.0000
0.6869 0.7778 0.0000
0.6869 0.7879 0.0000
0.6869 0.7980 0.0000
0.6869 0.8081 0.0000
0.6869 0.8182 0.0000
0.6869 0.8283 0.0000
0.6869 0.8384 0.0000
0.6869 0.8485 0.0000
0.6869 0.8586 0.0000
0.6869 0.8687 0.0000
0.6869 0.8788 0.0000
0.6869 0.8889 0.0000
0.6869 0.8990 0.0000
0.6869 0.9091 0.0000
0.6869 0.9192 0.0000
0.6869 0.9293 0.0000
0.6869 0.9394 0.0000
0.6869 0.9495 0.0000
0.6869 0.9596 0.0000
0.6869 0.9697 0.0000
0.6869 0.9798 0.0000
0.6869 0.9899 0.0000
0.6869 1.0000 0.0000
0.6970 0.0000 0.0000
0.6970 0.0101 0.0000
0.6970 0.0202 0.0000
0.6970 0.0303 0.0000
0.6970 0.0404 0.0000
0.6970 0.0505 0.0000
0.6970 0.0606 0.0000
0.6970 0.0707 0.0000
0.6970 0.0808 0.0000
0.6970 0.0909 0.0000
0.6970 0.1010 0.0000
0.6970 0.1111 0.0000
0.6970 0.1212 0.0000
0.6970 0.1313 0.0000
0.6970 0.1414 0.0000
0.6970 0.1515 0.0000
0.6970 0.1616 0.0000
0.6970 0.1717 0.0000
0.6970 0.1818 0.0000
0.6970 0.1919 0.0000
0.6970 0.2020 0.0000
0.6970 0.2121 0.0000
0.6970 0.2222 0.0000
0.6970 0.2323 0.0000
0.6970 0.2424 0.0000
0.6970 0.2525 0.0000
0.6970 0.2626 0.0000
0.6970 0.2727 0.0000
0.6970 0.2828 0.0000
0.6970 0.2929 0.0000
0.6970 0.3030 0.0000
0.6970 0.3131 0.0000
0.6970 0.3232 0.0000
0.6970 0.3333 0.0000
0.6970 0.3434 0.0000
0.6970 0.3535 0.0000
0.6970 0.3636 0.0000
0.6970 0.3737 0.0000
0.6970 0.3838 0.0000
0.6970 0.3939 0.0000
0.6970 0.4040 0.0000
0.6970 0.4141 0.0000
0.6970 0.4242 0.0000
0.6970 0.4343 0.0000
0.6970 0.4444 0.0000
0.6970 0.4545 0.0000
0.6970 0.4646 0.0000
0.6970 0.4747 0.0000
0.6970 0.4848 0.0000
0.6970 0.4949 0.0000
0.6970 0.5051 0.0000
0.6970 0.5152 0.0000
0.6970 0.5253 0.0000
0.6970 0.5354 0.0000
0.6970 0.5455 0.0000
0.6970 0.5556 0.0000
0.6970 0.5657 0.0000
0.6970 0.5758 0.0000
0.6970 0.5859 0.0000
0.6970 0.5960 0.0000
0.6970 0.6061 0.0000
0.6970 0.6162 0.0000
0.6970 0.6263 0.0000
0.6970 0.6364 0.0000
0.6970 0.6465 0.0000
0.6970 0.6566 0.0000
0.6970 0.6667 0.0000
0.6970 0.6768 0.0000
0.6970 0.6869 0.0000
0.6970 0.6970 0.0000
0.6970 0.7071 0.0000
0.6970 0.7172 0.0000
0.6970 0.7273 0.0000
0.6970 0.7374 0.0000
0.6970 0.7475 0.0000
0.6970 0.7576 0.0000
0.6970 0.7677 0.0000
0.6970 0.7778 0.0000
0.6970 0.7879 0.0000
0.6970 0.7980 0.0000
0.6970 0.8081 0.0000
0.6970 0.8182 0.0000
0.6970 0.8283 0.0000
0.6970 0.8384 0.0000
0.6970 0.8485 0.0000
0.6970 0.8586 0.0000
0.6970 0.8687 0.0000
0.6970 0.8788 0.0000
0.6970 0.8889 0.0000
0.6970 0.8990 0.0000
0.6970 0.9091 0.0000
0.6970 0.9192 0.0000
0.6970 0.9293 0.0000
0.6970 0.9394 0.0000
0.6970 0.9495 0.0000
0.6970 0.9596 0.0000
0.6970 0.9697 0.0000
0.6970 0.9798 0.0000
0.6970 0.9899 0.0000
0.6970 1.0000 0.0000
0.7071 0.0000 0.0000
0.7071 0.0101 0.0000
0.7071 0.0202 0.0000
0.7071 0.0303 0.0000
0.7071 0.0404 0.0000
0.7071 0.0505 0.0000
0.7071 0.0606 0.0000
0.7071 0.0707 0.0000
0.7071 0.0808 0.0000
0.7071 0.0909 0.0000
0.7071 0.1010 0.0000
0.7071 0.1111 0.0000
0.7071 0.1212 0.0000
0.7071 0.1313 0.0000
0.7071 0.1414 0.0000
0.7071 0.1515 0.0000
0.7071 0.1616 0.0000
0.7071 0.1717 0.0000
0.7071 0.1818 0.0000
0.7071 0.1919 0.0000
0.7071 0.2020 0.0000
0.7071 0.2121 0.0000
0.7071 0.2222 0.0000
0.7071 0.2323 0.0000
0.7071 0.2424 0.0000
0.7071 0.2525 0.0000
0.7071 0.2626 0.0000
0.7071 0.2727 0.0000
0.7071 0.2828 0.0000
0.7071 0.2929 0.0000
0.7071 0.3030 0.0000
0.7071 0.3131 0.0000
0.7071 0.3232 0.0000
0.7071 0.3333 0.0000
0.7071 0.3434 0.0000
0.7071 0.3535 0.0000
0.7071 0.3636 0.0000
0.7071 0.3737 0.0000
0.7071 0.3838 0.0000
0.7071 0.3939 0.0000
0.7071 0.4040 0.0000
0.7071 0.4141 0.0000
0.7071 0.4242 0.0000
0.7071 0.4343 0.0000
0.7071 0.4444 0.0000
0.7071 0.4545 0.0000
0.7071 0.4646 0.0000
0.7071 0.4747 0.0000
0.7071 0.4848 0.0000
0.7071 0.4949 0.0000
0.7071 0.5051 0.0000
0.7071 0.5152 0.0000
0.7071 0.5253 0.0000
0.7071 0.5354 0.0000
0.7071 0.5455 0.0000
0.7071 0.5556 0.0000
0.7071 0.5657 0.0000
0.7071 0.5758 0.0000
0.7071 0.5859 0.0000
0.7071 0.5960 0.0000
0.7071 0.6061 0.0000
0.7071 0.6162 0.0000
0.7071 0.6263 0.0000
0.7071 0.6364 0.0000
0.7071 0.6465 0.0000
0.7071 0.6566 0.0000
0.7071 0.6667 0.0000
0.7071 0.6768 0.0000
0.7071 0.6869 0.0000
0.7071 0.6970 0.0000
0.7071 0.7071 0.0000
0.7071 0.7172 0.0000
0.7071 0.7273 0.0000
0.7071 0.7374 0.0000
0.7071 0.7475 0.0000
0.7071 0.7576 0.0000
0.7071 0.7677 0.0000
0.7071 0.7778 0.0000
0.7071 0.7879 0.0000
0.7071 0.7980 0.0000
0.7071 0.8081 0.0000
0.7071 0.8182 0.0000
0.7071 0.8283 0.0000
0.7071 0.8384 0.0000
0.7071 0.8485 0.0000
0.7071 0.8586 0.0000
0.7071 0.8687 0.0000
0.7071 0.8788 0.0000
0.7071 0.8889 0.0000
0.7071 0.8990 0.0000
0.7071 0.9091 0.0000
0.7071 0.9192 0.0000
0.7071 0.9293 0.0000
0.7071 0.9394 0.0000
0.7071 0.9495 0.0000
0.7071 0.9596 0.0000
0.7071 0.9697 0.0000
0.7071 0.9798 0.0000
0.7071 0.9899 0.0000
0.7071 1.0000 0.0000
0.7172 0.0000 0.0000
0.7172 0.0101 0.0000
0.7172 0.0202 0.0000
0.7172 0.0303 0.0000
0.7172 0.0404 0.0000
0.7172 0.0505 0.0000
0.7172 0.0606 0.0000
0.7172 0.0707 0.0000
0.7172 0.0808 0.0000
0.7172 0.0909 0.0000
0.7172 0.1010 0.0000
0.7172 0.1111 0.0000
0.7172 0.1212 0.0000
0.7172 0.1313 0.0000
0.7172 0.1414 0.0000
0.7172 0.1515 0.0000
0.7172 0.1616 0.0000
0.7172 0.1717 0.0000
0.7172 0.1818 0.0000
0.7172 0.1919 0.0000
0.7172 0.2020 0.0000
0.7172 0.2121 0.0000
0.7172 0.2222 0.0000
0.7172 0.2323 0.0000
0.7172 0.2424 0.0000
0.7172 0.2525 0.0000
0.7172 0.2626 0.0000
0.7172 0.2727 0.0000
0.7172 0.2828 0.0000
0.7172 0.2929 0.0000
0.7172 0.3030 0.0000
0.7172 0.3131 0.0000
0.7172 0.3232 0.0000
0.7172 0.3333 0.0000
0.7172 0.3434 0.0000
0.7172 0.3535 0.0000
0.7172 0.3636 0.0000
0.7172 0.3737 0.0000
0.7172 0.3838 0.0000
0.7172 0.3939 0.0000
0.7172 0.4040 0.0000
0.7172 0.4141 0.0000
0.7172 0.4242 0.0000
0.7172 0.4343 0.0000
0.7172 0.4444 0.0000
0.7172 0.4545 0.0000
0.7172 0.4646 0.0000
0.7172 0.4747 0.0000
0.7172 0.4848 0.0000
0.7172 0.4949 0.0000
0.7172 0.5051 0.0000
0.7172 0.5152 0.0000
0.7172 0.5253 0.0000
0.7172 0.5354 0.0000
0.7172 0.5455 0.0000
0.7172 0.5556 0.0000
0.7172 0.5657 0.0000
0.7172 0.5758 0.0000
0.7172 0.5859 0.0000
0.7172 0.5960 0.0000
0.7172 0.6061 0.0000
0.7172 0.6162 0.0000
0.7172 0.6263 0.0000
0.7172 0.6364 0.0000
0.7172 0.6465 0.0000
0.7172 0.6566 0.0000
0.7172 0.6667 0.0000
0.7172 0.6768 0.0000
0.7172 0.6869 0.0000
0.7172 0.6970 0.0000
0.7172 0.7071 0.0000
0.7172 0.7172 0.0000
0.7172 0.7273 0.0000
0.7172 0.7374 0.0000
0.7172 0.7475 0.0000
0.7172 0.7576 0.0000
0.7172 0.7677 0.0000
0.7172 0.7778 0.0000
0.7172 0.7879 0.0000
0.7172 0.7980 0.0000
0.7172 0.8081 0.0000
0.7172 0.8182 0.0000
0.7172 0.8283 0.0000
0.7172 0.8384 0.0000
0.7172 0.8485 0.0000
0.7172 0.8586 0.0000
0.7172 0.8687 0.0000
0.7172 0.8788 0.0000
0.7172 0.8889 0.0000
0.7172 0.8990 0.0000
0.7172 0.9091 0.0000
0.7172 0.9192 0.0000
0.7172 0.9293 0.0000
0.7172 0.9394 0.0000
0.7172 0.9495 0.0000
0.7172 0.9596 0.0000
0.7172 0.9697 0.0000
0.7172 0.9798 0.0000
0.7172 0.9899 0.0000
0.7172 1.0000 0.0000
0.7273 0.0000 0.0000
0.7273 0.0101 0.0000
0.7273 0.0202 0.0000
0.7273 0.0303 0.0000
0.7273 0.0404 0.0000
0.7273 0.0505 0.0000
0.7273 0.0606 0.0000
0.7273 0.0707 0.0000
0.7273 0.0808 0.0000
0.7273 0.0909 0.0000
0.7273 0.1010 0.0000
0.7273 0.1111 0.0000
0.7273 0.1212 0.0000
0.7273 0.1313 0.0000
0.7273 0.1414 0.0000
0.7273 0.1515 0.0000
0.7273 0.1616 0.0000
0.7273 0.1717 0.0000
0.7273 0.1818 0.0000
0.7273 0.1919 0.0000
0.7273 0.2020 0.0000
0.7273 0.2121 0.0000
0.7273 0.2222 0.0000
0.7273 0.2323 0.0000
0.7273 0.2424 0.0000
0.7273 0.2525 0.0000
0.7273 0.2626 0.0000
0.7273 0.2727 0.0000
0.7273 0.2828 0.0000
0.7273 0.2929 0.0000
0.7273 0.3030 0.0000
0.7273 0.3131 0.0000
0.7273 0.3232 0.0000
0.7273 0.3333 0.0000
0.7273 0.3434 0.0000
0.7273 0.3535 0.0000
0.7273 0.3636 0.0000
0.7273 0.3737 0.0000
0.7273 0.3838 0.0000
0.7273 0.3939 0.0000
0.7273 0.4040 0.0000
0.7273 0.4141 0.0000
0.7273 0.4242 0.0000
0.7273 0.4343 0.0000
0.7273 0.4444 0.0000
0.7273 0.4545 0.0000
0.7273 0.4646 0.0000
0.7273 0.4747 0.0000
0.7273 0.4848 0.0000
0.7273 0.4949 0.0000
0.7273 0.5051 0.0000
0.7273 0.5152 0.0000
0.7273 0.5253 0.0000
0.7273 0.5354 0.0000
0.7273 0.5455 0.0000
0.7273 0.5556 0.0000
0.7273 0.5657 0.0000
0.7273 0.5758 0.0000
0.7273 0.5859 0.0000
0.7273 0.5960 0.0000
0.7273 0.6061 0.0000
0.7273 0.6162 0.0000
0.7273 0.6263 0.0000
0.7273 0.6364 0.0000
0.7273 0.6465 0.0000
0.7273 0.6566 0.0000
0.7273 0.6667 0.0000
0.7273 0.6768 0.0000
0.7273 0.6869 0.0000
0.7273 0.6970 0.0000
0.7273 0.7071 0.0000
0.7273 0.7172 0.0000
0.7273 0.7273 0.0000
0.7273 0.7374 0.0000
0.7273 0.7475 0.0000
0.7273 0.7576 0.0000
0.7273 0.7677 0.0000
0.7273 0.7778 0.0000
0.7273 0.7879 0.0000
0.7273 0.7980 0.0000
0.7273 0.8081 0.0000
0.7273 0.8182 0.0000
0.7273 0.8283 0.0000
0.7273 0.8384 0.0000
0.7273 0.8485 0.0000
0.7273 0.8586 0.0000
0.7273 0.8687 0.0000
0.7273 0.8788 0.0000
0.7273 0.8889 0.0000
0.7273 0.8990 0.0000
0.7273 0.9091 0.0000
0.7273 0.9192 0.0000
0.7273 0.9293 0.0000
0.7273 0.9394 0.0000
0.7273 0.9495 0.0000
0.7273 0.9596 0.0000
0.7273 0.9697 0.0000
0.7273 0.9798 0.0000
0.7273 0.9899 0.0000
0.7273 1.0000 0.0000
0.7374 0.0000 0.0000
0.7374 0.0101 0.0000
0.7374 0.0202 0.0000
0.7374 0.0303 0.0000
0.7374 0.0404 0.0000
0.7374 0.0505 0.0000
0.7374 0.0606 0.0000
0.7374 0.0707 0.0000
0.7374 0.0808 0.0000
0.7374 0.0909 0.0000
0.7374 0.1010 0.0000
0.7374 0.1111 0.0000
0.7374 0.1212 0.0000
0.7374 0.1313 0.0000
0.7374 0.1414 0.0000
0.7374 0.1515 0.0000
0.7374 0.1616 0.0000
0.7374 0.1717 0.0000
0.7374 0.1818 0.0000
0.7374 0.1919 0.0000
0.7374 0.2020 0.0000
0.7374 0.2121 0.0000
0.7374 0.2222 0.0000
0.7374 0.2323 0.0000
0.7374 0.2424 0.0000
0.7374 0.2525 0.0000
0.7374 0.2626 0.0000
0.7374 0.2727 0.0000
0.7374 0.2828 0.0000
0.7374 0.2929 0.0000
0.7374 0.3030 0.0000
0.7374 0.3131 0.0000
0.7374 0.3232 0.0000
0.7374 0.3333 0.0000
0.7374 0.3434 0.0000
0.7374 0.3535 0.0000
0.7374 0.3636 0.0000
0.7374 0.3737 0.0000
0.7374 0.3838 0.0000
0.7374 0.3939 0.0000
0.7374 0.4040 0.0000
0.7374 0.4141 0.0000
0.7374 0.4242 0.0000
0.7374 0.4343 0.0000
0.7374 0.4444 0.0000
0.7374 0.4545 0.0000
0.7374 0.4646 0.0000
0.7374 0.4747 0.0000
0.7374 0.4848 0.0000
0.7374 0.4949 0.0000
0.7374 0.5051 0.0000
0.7374 0.5152 0.0000
0.7374 0.5253 0.0000
0.7374 0.5354 0.0000
0.7374 0.5455 0.0000
0.7374 0.5556 0.0000
0.7374 0.5657 0.0000
0.7374 0.5758 0.0000
0.7374 0.5859 0.0000
0.7374 0.5960 0.0000
0.7374 0.6061 0.0000
0.7374 0.6162 0.0000
0.7374 0.6263 0.0000
0.7374 0.6364 0.0000
0.7374 0.6465 0.0000
0.7374 0.6566 0.0000
0.7374 0.6667 0.0000
0.7374 0.6768 0.0000
0.7374 0.6869 0.0000
0.7374 0.6970 0.0000
0.7374 0.7071 0.0000
0.7374 0.7172 0.0000
0.7374 0.7273 0.0000
0.7374 0.7374 0.0000
0.7374 0.7475 0.0000
0.7374 0.7576 0.0000
0.7374 0.7677 0.0000
0.7374 0.7778 0.0000
0.7374 0.7879 0.0000
0.7374 0.7980 0.0000
0.7374 0.8081 0.0000
0.7374 0.8182 0.0000
0.7374 0.8283 0.0000
0.7374 0.8384 0.0000
0.7374 0.8485 0.0000
0.7374 0.8586 0.0000
0.7374 0.8687 0.0000
0.7374 0.8788 0.0000
0.7374 0.8889 0.0000
0.7374 0.8990 0.0000
0.7374 0.9091 0.0000
0.7374 0.9192 0.0000
0.7374 0.9293 0.0000
0.7374 0.9394 0.0000
0.7374 0.9495 0.0000
0.7374 0.9596 0.0000
0.7374 0.9697 0.0000
0.7374 0.9798 0.0000
0.7374 0.9899 0.0000
0.7374 1.0000 0.0000
0.7475 0.0000 0.0000
0.7475 0.0101 0.0000
0.7475 0.0202 0.0000
0.7475 0.0303 0.0000
0.7475 0.0404 0.0000
0.7475 0.0505 0.0000
0.7475 0.0606 0.0000
0.7475 0.0707 0.0000
0.7475 0.0808 0.0000
0.7475 0.0909 0.0000
0.7475 0.1010 0.0000
0.7475 0.1111 0.0000
0.7475 0.1212 0.0000
0.7475 0.1313 0.0000
0.7475 0.1414 0.0000
0.7475 0.1515 0.0000
0.7475 0.1616 0.0000
0.7475 0.1717 0.0000
0.7475 0.1818 0.0000
0.7475 0.1919 0.0000
0.7475 0.2020 0.0000
0.7475 0.2121 0.0000
0.7475 0.2222 0.0000
0.7475 0.2323 0.0000
0.7475 0.2424 0.0000
0.7475 0.2525 0.0000
0.7475 0.2626 0.0000
0.7475 0.2727 0.0000
0.7475 0.2828 0.0000
0.7475 0.2929 0.0000
0.7475 0.3030 0.0000
0.7475 0.3131 0.0000
0.7475 0.3232 0.0000
0.7475 0.3333 0.0000
0.7475 0.3434 0.0000
0.7475 0.3535 0.0000
0.7475 0.3636 0.0000
0.7475 0.3737 0.0000
0.7475 0.3838 0.0000
0.7475 0.3939 0.0000
0.7475 0.4040 0.0000
0.7475 0.4141 0.0000
0.7475 0.4242 0.0000
0.7475 0.4343 0.0000
0.7475 0.4444 0.0000
0.7475 0.4545 0.0000
0.7475 0.4646 0.0000
0.7475 0.4747 0.0000
0.7475 0.4848 0.0000
0.7475 0.4949 0.0000
0.7475 0.5051 0.0000
0.7475 0.5152 0.0000
0.7475 0.5253 0.0000
0.7475 0.5354 0.0000
0.7475 0.5455 0.0000
0.7475 0.5556 0.0000
0.7475 0.5657 0.0000
0.7475 0.5758 0.0000
0.7475 0.5859 0.0000
0.7475 0.5960 0.0000
0.7475 0.6061 0.0000
0.7475 0.6162 0.0000
0.7475 0.6263 0.0000
0.7475 0.6364 0.0000
0.7475 0.6465 0.0000
0.7475 0.6566 0.0000
0.7475 0.6667 0.0000
0.7475 0.6768 0.0000
0.7475 0.6869 0.0000
0.7475 0.6970 0.0000
0.7475 0.7071 0.0000
0.7475 0.7172 0.0000
0.7475 0.7273 0.0000
0.7475 0.7374 0.0000
0.7475 0.7475 0.0000
0.7475 0.7576 0.0000
0.7475 0.7677 0.0000
0.7475 0.7778 0.0000
0.7475 0.7879 0.0000
0.7475 0.7980 0.0000
0.7475 0.8081 0.0000
0.7475 0.8182 0.0000
0.7475 0.8283 0.0000
0.7475 0.8384 0.0000
0.7475 0.8485 0.0000
0.7475 0.8586 0.0000
0.7475 0.8687 0.0000
0.7475 0.8788 0.0000
0.7475 0.8889 0.0000
0.7475 0.8990 0.0000
0.7475 0.9091 0.0000
0.7475 0.9192 0.0000
0.7475 0.9293 0.0000
0.7475 0.9394 0.0000
0.7475 0.9495 0.0000
0.7475 0.9596 0.0000
0.7475 0.9697 0.0000
0.7475 0.9798 0.0000
0.7475 0.9899 0.0000
0.7475 1.0000 0.0000
0.7576 0.0000 0.0000
0.7576 0.0101 0.0000
0.7576 0.0202 0.0000
0.7576 0.0303 0.0000
0.7576 0.0404 0.0000
0.7576 0.0505 0.0000
0.7576 0.0606 0.0000
0.7576 0.0707 0.0000
0.7576 0.0808 0.0000
0.7576 0.0909 0.0000
0.7576 0.1010 0.0000
0.7576 0.1111 0.0000
0.7576 0.1212 0.0000
0.7576 0.1313 0.0000
0.7576 0.1414 0.0000
0.7576 0.1515 0.0000
0.7576 0.1616 0.0000
0.7576 0.1717 0.0000
0.7576 0.1818 0.0000
0.7576 0.1919 0.0000
0.7576 0.2020 0.0000
0.7576 0.2121 0.0000
0.7576 0.2222 0.0000
0.7576 0.2323 0.0000
0.7576 0.2424 0.0000
0.7576 0.2525 0.0000
0.7576 0.2626 0.0000
0.7576 0.2727 0.0000
0.7576 0.2828 0.0000
0.7576 0.2929 0.0000
0.7576 0.3030 0.0000
0.7576 0.3131 0.0000
0.7576 0.3232 0.0000
0.7576 0.3333 0.0000
0.7576 0.3434 0.0000
0.7576 0.3535 0.0000
0.7576 0.3636 0.0000
0.7576 0.3737 0.0000
0.7576 0.3838 0.0000
0.7576 0.3939 0.0000
0.7576 0.4040 0.0000
0.7576 0.4141 0.0000
0.7576 0.4242 0.0000
0.7576 0.4343 0.0000
0.7576 0.4444 0.0000
0.7576 0.4545 0.0000
0.7576 0.4646 0.0000
0.7576 0.4747 0.0000
0.7576 0.4848 0.0000
0.7576 0.4949 0.0000
0.7576 0.5051 0.0000
0.7576 0.5152 0.0000
0.7576 0.5253 0.0000
0.7576 0.5354 0.0000
0.7576 0.5455 0.0000
0.7576 0.5556 0.0000
0.7576 0.5657 0.0000
0.7576 0.5758 0.0000
0.7576 0.5859 0.0000
0.7576 0.5960 0.0000
0.7576 0.6061 0.0000
0.7576 0.6162 0.0000
0.7576 0.6263 0.0000
0.7576 0.6364 0.0000
0.7576 0.6465 0.0000
0.7576 0.6566 0.0000
0.7576 0.6667 0.0000
0.7576 0.6768 0.0000
0.7576 0.6869 0.0000
0.7576 0.6970 0.0000
0.7576 0.7071 0.0000
0.7576 0.7172 0.0000
0.7576 0.7273 0.0000
0.7576 0.7374 0.0000
0.7576 0.7475 0.0000
0.7576 0.7576 0.0000
0.7576 0.7677 0.0000
0.7576 0.7778 0.0000
0.7576 0.7879 0.0000
0.7576 0.7980 0.0000
0.7576 0.8081 0.0000
0.7576 0.8182 0.0000
0.7576 0.8283 0.0000
0.7576 0.8384 0.0000
0.7576 0.8485 0.0000
0.7576 0.8586 0.0000
0.7576 0.8687 0.0000
0.7576 0.8788 0.0000
0.7576 0.8889 0.0000
0.7576 0.8990 0.0000
0.7576 0.9091 0.0000
0.7576 0.9192 0.0000
0.7576 0.9293 0.0000
0.7576 0.9394 0.0000
0.7576 0.9495 0.0000
0.7576 0.9596 0.0000
0.7576 0.9697 0.0000
0.7576 0.9798 0.0000
0.7576 0.9899 0.0000
0.7576 1.0000 0.0000
0.7677 0.0000 0.0000
0.7677 0.0101 0.0000
0.7677 0.0202 0.0000
0.7677 0.0303 0.0000
0.7677 0.0404 0.0000
0.7677 0.0505 0.0000
0.7677 0.0606 0.0000
0.7677 0.0707 0.0000
0.7677 0.0808 0.0000
0.7677 0.0909 0.0000
0.7677 0.1010 0.0000
0.7677 0.1111 0.0000
0.7677 0.1212 0.0000
0.7677 0.1313 0.0000
0.7677 0.1414 0.0000
0.7677 0.1515 0.0000
0.7677 0.1616 0.0000
0.7677 0.1717 0.0000
0.7677 0.1818 0.0000
0.7677 0.1919 0.0000
0.7677 0.2020 0.0000
0.7677 0.2121 0.0000
0.7677 0.2222 0.0000
0.7677 0.2323 0.0000
0.7677 0.2424 0.0000
0.7677 0.2525 0.0000
0.7677 0.2626 0.0000
0.7677 0.2727 0.0000
0.7677 0.2828 0.0000
0.7677 0.2929 0.0000
0.7677 0.3030 0.0000
0.7677 0.3131 0.0000
0.7677 0.3232 0.0000
0.7677 0.3333 0.0000
0.7677 0.3434 0.0000
0.7677 0.3535 0.0000
0.7677 0.3636 0.0000
0.7677 0.3737 0.0000
0.7677 0.3838 0.0000
0.7677 0.3939 0.0000
0.7677 0.4040 0.0000
0.7677 0.4141 0.0000
0.7677 0.4242 0.0000
0.7677 0.4343 0.0000
0.7677 0.4444 0.0000
0.7677 0.4545 0.0000
0.7677 0.4646 0.0000
0.7677 0.4747 0.0000
0.7677 0.4848 0.0000
0.7677 0.4949 0.0000
0.7677 0.5051 0.0000
0.7677 0.5152 0.0000
0.7677 0.5253 0.0000
0.7677 0.5354 0.0000
0.7677 0.5455 0.0000
0.7677 0.5556 0.0000
0.7677 0.5657 0.0000
0.7677 0.5758 0.0000
0.7677 0.5859 0.0000
0.7677 0.5960 0.0000
0.7677 0.6061 0.0000
0.7677 0.6162 0.0000
0.7677 0.6263 0.0000
0.7677 0.6364 0.0000
0.7677 0.6465 0.0000
0.7677 0.6566 0.0000
0.7677 0.6667 0.0000
0.7677 0.6768 0.0000
0.7677 0.6869 0.0000
0.7677 0.6970 0.0000
0.7677 0.7071 0.0000
0.7677 0.7172 0.0000
0.7677 0.7273 0.0000
0.7677 0.7374 0.0000
0.7677 0.7475 0.0000
0.7677 0.7576 0.0000
0.7677 0.7677 0.0000
0.7677 0.7778 0.0000
0.7677 0.7879 0.0000
0.7677 0.7980 0.0000
0.7677 0.8081 0.0000
0.7677 0.8182 0.0000
0.7677 0.8283 0.0000
0.7677 0.8384 0.0000
0.7677 0.8485 0.0000
0.7677 0.8586 0.0000
0.7677 0.8687 0.0000
0.7677 0.8788 0.0000
0.7677 0.8889 0.0000
0.7677 0.8990 0.0000
0.7677 0.9091 0.0000
0.7677 0.9192 0.0000
0.7677 0.9293 0.0000
0.7677 0.9394 0.0000
0.7677 0.9495 0.0000
0.7677 0.9596 0.0000
0.7677 0.9697 0.0000
0.7677 0.9798 0.0000
0.7677 0.9899 0.0000
0.7677 1.0000 0.0000
0.7778 0.0000 0.0000
0.7778 0.0101 0.0000
0.7778 0.0202 0.0000
0.7778 0.0303 0.0000
0.7778 0.0404 0.0000
0.7778 0.0505 0.0000
0.7778 0.0606 0.0000
0.7778 0.0707 0.0000
0.7778 0.0808 0.0000
0.7778 0.0909 0.0000
0.7778 0.1010 0.0000
0.7778 0.1111 0.0000
0.7778 0.1212 0.0000
0.7778 0.1313 0.0000
0.7778 0.1414 0.0000
0.7778 0.1515 0.0000
0.7778 0.1616 0.0000
0.7778 0.1717 0.0000
0.7778 0.1818 0.0000
0.7778 0.1919 0.0000
0.7778 0.2020 0.0000
0.7778 0.2121 0.0000
0.7778 0.2222 0.0000
0.7778 0.2323 0.0000
0.7778 0.2424 0.0000
0.7778 0.2525 0.0000
0.7778 0.2626 0.0000
0.7778 0.2727 0.0000
0.7778 0.2828 0.0000
0.7778 0.2929 0.0000
0.7778 0.3030 0.0000
0.7778 0.3131 0.0000
0.7778 0.3232 0.0000
0.7778 0.3333 0.0000
0.7778 0.3434 0.0000
0.7778 0.3535 0.0000
0.7778 0.3636 0.0000
0.7778 0.3737 0.0000
0.7778 0.3838 0.0000
0.7778 0.3939 0.0000
0.7778 0.4040 0.0000
0.7778 0.4141 0.0000
0.7778 0.4242 0.0000
0.7778 0.4343 0.0000
0.7778 0.4444 0.0000
0.7778 0.4545 0.0000
0.7778 0.4646 0.0000
0.7778 0.4747 0.0000
0.7778 0.4848 0.0000
0.7778 0.4949 0.0000
0.7778 0.5051 0.0000
0.7778 0.5152 0.0000
0.7778 0.5253 0.0000
0.7778 0.5354 0.0000
0.7778 0.5455 0.0000
0.7778 0.5556 0.0000
0.7778 0.5657 0.0000
0.7778 0.5758 0.0000
0.7778 0.5859 0.0000
0.7778 0.5960 0.0000
0.7778 0.6061 0.0000
0.7778 0.6162 0.0000
0.7778 0.6263 0.0000
0.7778 0.6364 0.0000
0.7778 0.6465 0.0000
0.7778 0.6566 0.0000
0.7778 0.6667 0.0000
0.7778 0.6768 0.0000
0.7778 0.6869 0.0000
0.7778 0.6970 0.0000
0.7778 0.7071 0.0000
0.7778 0.7172 0.0000
0.7778 0.7273 0.0000
0.7778 0.7374 0.0000
0.7778 0.7475 0.0000
0.7778 0.7576 0.0000
0.7778 0.7677 0.0000
0.7778 0.7778 0.0000
0.7778 0.7879 0.0000
0.7778 0.7980 0.0000
0.7778 0.8081 0.0000
0.7778 0.8182 0.0000
0.7778 0.8283 0.0000
0.7778 0.8384 0.0000
0.7778 0.8485 0.0000
0.7778 0.8586 0.0000
0.7778 0.8687 0.0000
0.7778 0.8788 0.0000
0.7778 0.8889 0.0000
0.7778 0.8990 0.0000
0.7778 0.9091 0.0000
0.7778 0.9192 0.0000
0.7778 0.9293 0.0000
0.7778 0.9394 0.0000
0.7778 0.9495 0.0000
0.7778 0.9596 0.0000
0.7778 0.9697 0.0000
0.7778 0.9798 0.0000
0.7778 0.9899 0.0000
0.7778 1.0000 0.0000
0.7879 0.0000 0.0000
0.7879 0.0101 0.0000
0.7879 0.0202 0.0000
0.7879 0.0303 0.0000
0.7879 0.0404 0.0000
0.7879 0.0505 0.0000
0.7879 0.0606 0.0000
0.7879 0.0707 0.0000
0.7879 0.0808 0.0000
0.7879 0.0909 0.0000
0.7879 0.1010 0.0000
0.7879 0.1111 0.0000
0.7879 0.1212 0.0000
0.7879 0.1313 0.0000
0.7879 0.1414 0.0000
0.7879 0.1515 0.0000
0.7879 0.1616 0.0000
0.7879 0.1717 0.0000
0.7879 0.1818 0.0000
0.7879 0.1919 0.0000
0.7879 0.2020 0.0000
0.7879 0.2121 0.0000
0.7879 0.2222 0.0000
0.7879 0.2323 0.0000
0.7879 0.2424 0.0000
0.7879 0.2525 0.0000
0.7879 0.2626 0.0000
0.7879 0.2727 0.0000
0.7879 0.2828 0.0000
0.7879 0.2929 0.0000
0.7879 0.3030 0.0000
0.7879 0.3131 0.0000
0.7879 0.3232 0.0000
0.7879 0.3333 0.0000
0.7879 0.3434 0.0000
0.7879 0.3535 0.0000
0.7879 0.3636 0.0000
0.7879 0.3737 0.0000
0.7879 0.3838 0.0000
0.7879 0.3939 0.0000
0.7879 0.4040 0.0000
0.7879 0.4141 0.0000
0.7879 0.4242 0.0000
0.7879 0.4343 0.0000
0.7879 0.4444 0.0000
0.7879 0.4545 0.0000
0.7879 0.4646 0.0000
0.7879 0.4747 0.0000
0.7879 0.4848 0.0000
0.7879 0.4949 0.0000
0.7879 0.5051 0.0000
0.7879 0.5152 0.0000
0.7879 0.5253 0.0000
0.7879 0.5354 0.0000
0.7879 0.5455 0.0000
0.7879 0.5556 0.0000
0.7879 0.5657 0.0000
0.7879 0.5758 0.0000
0.7879 0.5859 0.0000
0.7879 0.5960 0.0000
0.7879 0.6061 0.0000
0.7879 0.6162 0.0000
0.7879 0.6263 0.0000
0.7879 0.6364 0.0000
0.7879 0.6465 0.0000
0.7879 0.6566 0.0000
0.7879 0.6667 0.0000
0.7879 0.6768 0.0000
0.7879 0.6869 0.0000
0.7879 0.6970 0.0000
0.7879 0.7071 0.0000
0.7879 0.7172 0.0000
0.7879 0.7273 0.0000
0.7879 0.7374 0.0000
0.7879 0.7475 0.0000
0.7879 0.7576 0.0000
0.7879 0.7677 0.0000
0.7879 0.7778 0.0000
0.7879 0.7879 0.0000
0.7879 0.7980 0.0000
0.7879 0.8081 0.0000
0.7879 0.8182 0.0000
0.7879 0.8283 0.0000
0.7879 0.8384 0.0000
0.7879 0.8485 0.0000
0.7879 0.8586 0.0000
0.7879 0.8687 0.0000
0.7879 0.8788 0.0000
0.7879 0.8889 0.0000
0.7879 0.8990 0.0000
0.7879 0.9091 0.0000
0.7879 0.9192 0.0000
0.7879 0.9293 0.0000
0.7879 0.9394 0.0000
0.7879 0.9495 0.0000
0.7879 0.9596 0.0000
0.7879 0.9697 0.0000
0.7879 0.9798 0.0000
0.7879 0.9899 0.0000
0.7879 1.0000 0.0000
0.7980 0.0000 0.0000
0.7980 0.0101 0.0000
0.7980 0.0202 0.0000
0.7980 0.0303 0.0000
0.7980 0.0404 0.0000
0.7980 0.0505 0.0000
0.7980 0.0606 0.0000
0.7980 0.0707 0.0000
0.7980 0.0808 0.0000
0.7980 0.0909 0.0000
0.7980 0.1010 0.0000
0.7980 0.1111 0.0000
0.7980 0.1212 0.0000
0.7980 0.1313 0.0000
0.7980 0.1414 0.0000
0.7980 0.1515 0.0000
0.7980 0.1616 0.0000
0.7980 0.1717 0.0000
0.7980 0.1818 0.0000
0.7980 0.1919 0.0000
0.7980 0.2020 0.0000
0.7980 0.2121 0.0000
0.7980 0.2222 0.0000
0.7980 0.2323 0.0000
0.7980 0.2424 0.0000
0.7980 0.2525 0.0000
0.7980 0.2626 0.0000
0.7980 0.2727 0.0000
0.7980 0.2828 0.0000
0.7980 0.2929 0.0000
0.7980 0.3030 0.0000
0.7980 0.3131 0.0000
0.7980 0.3232 0.0000
0.7980 0.3333 0.0000
0.7980 0.3434 0.0000
0.7980 0.3535 0.0000
0.7980 0.3636 0.0000
0.7980 0.3737 0.0000
0.7980 0.3838 0.0000
0.7980 0.3939 0.0000
0.7980 0.4040 0.0000
0.7980 0.4141 0.0000
0.7980 0.4242 0.0000
0.7980 0.4343 0.0000
0.7980 0.4444 0.0000
0.7980 0.4545 0.0000
0.7980 0.4646 0.0000
0.7980 0.4747 0.0000
0.7980 0.4848 0.0000
0.7980 0.4949 0.0000
0.7980 0.5051 0.0000
0.7980 0.5152 0.0000
0.7980 0.5253 0.0000
0.7980 0.5354 0.0000
0.7980 0.5455 0.0000
0.7980 0.5556 0.0000
0.7980 0.5657 0.0000
0.7980 0.5758 0.0000
0.7980 0.5859 0.0000
0.7980 0.5960 0.0000
0.7980 0.6061 0.0000
0.7980 0.6162 0.0000
0.7980 0.6263 0.0000
0.7980 0.6364 0.0000
0.7980 0.6465 0.0000
0.7980 0.6566 0.0000
0.7980 0.6667 0.0000
0.7980 0.6768 0.0000
0.7980 0.6869 0.0000
0.7980 0.6970 0.0000
0.7980 0.7071 0.0000
0.7980 0.7172 0.0000
0.7980 0.7273 0.0000
0.7980 0.7374 0.0000
0.7980 0.7475 0.0000
0.7980 0.7576 0.0000
0.7980 0.7677 0.0000
0.7980 0.7778 0.0000
0.7980 0.7879 0.0000
0.7980 0.7980 0.0000
0.7980 0.8081 0.0000
0.7980 0.8182 0.0000
0.7980 0.8283 0.0000
0.7980 0.8384 0.0000
0.7980 0.8485 0.0000
0.7980 0.8586 0.0000
0.7980 0.8687 0.0000
0.7980 0.8788 0.0000
0.7980 0.8889 0.0000
0.7980 0.8990 0.0000
0.7980 0.9091 0.0000
0.7980 0.9192 0.0000
0.7980 0.9293 0.0000
0.7980 0.9394 0.0000
0.7980 0.9495 0.0000
0.7980 0.9596 0.0000
0.7980 0.9697 0.0000
0.7980 0.9798 0.0000
0.7980 0.9899 0.0000
0.7980 1.0000 0.0000
0.8081 0.0000 0.0000
0.8081 0.0101 0.0000
0.8081 0.0202 0.0000
0.8081 0.0303 0.0000
0.8081 0.0404 0.0000
0.8081 0.0505 0.0000
0.8081 0.0606 0.0000
0.8081 0.0707 0.0000
0.8081 0.0808 0.0000
0.8081 0.0909 0.0000
0.8081 0.1010 0.0000
0.8081 0.1111 0.0000
0.8081 0.1212 0.0000
0.8081 0.1313 0.0000
0.8081 0.1414 0.0000
0.8081 0.1515 0.0000
0.8081 0.1616 0.0000
0.8081 0.1717 0.0000
0.8081 0.1818 0.0000
0.8081 0.1919 0.0000
0.8081 0.2020 0.0000
0.8081 0.2121 0.0000
0.8081 0.2222 0.0000
0.8081 0.2323 0.0000
0.8081 0.2424 0.0000
0.8081 0.2525 0.0000
0.8081 0.2626 0.0000
0.8081 0.2727 0.0000
0.8081 0.2828 0.0000
0.8081 0.2929 0.0000
0.8081 0.3030 0.0000
0.8081 0.3131 0.0000
0.8081 0.3232 0.0000
0.8081 0.3333 0.0000
0.8081 0.3434 0.0000
0.8081 0.3535 0.0000
0.8081 0.3636 0.0000
0.8081 0.3737 0.0000
0.8081 0.3838 0.0000
0.8081 0.3939 0.0000
0.8081 0.4040 0.0000
0.8081 0.4141 0.0000
0.8081 0.4242 0.0000
0.8081 0.4343 0.0000
0.8081 0.4444 0.0000
0.8081 0.4545 0.0000
0.8081 0.4646 0.0000
0.8081 0.4747 0.0000
0.8081 0.4848 0.0000
0.8081 0.4949 0.0000
0.8081 0.5051 0.0000
0.8081 0.5152 0.0000
0.8081 0.5253 0.0000
0.8081 0.5354 0.0000
0.8081 0.5455 0.0000
0.8081 0.5556 0.0000
0.8081 0.5657 0.0000
0.8081 0.5758 0.0000
0.8081 0.5859 0.0000
0.8081 0.5960 0.0000
0.8081 0.6061 0.0000
0.8081 0.6162 0.0000
0.8081 0.6263 0.0000
0.8081 0.6364 0.0000
0.8081 0.6465 0.0000
0.8081 0.6566 0.0000
0.8081 0.6667 0.0000
0.8081 0.6768 0.0000
0.8081 0.6869 0.0000
0.8081 0.6970 0.0000
0.8081 0.7071 0.0000
0.8081 0.7172 0.0000
0.8081 0.7273 0.0000
0.8081 0.7374 0.0000
0.8081 0.7475 0.0000
0.8081 0.7576 0.0000
0.8081 0.7677 0.0000
0.8081 0.7778 0.0000
0.8081 0.7879 0.0000
0.8081 0.7980 0.0000
0.8081 0.8081 0.0000
0.8081 0.8182 0.0000
0.8081 0.8283 0.0000
0.8081 0.8384 0.0000
0.8081 0.8485 0.0000
0.8081 0.8586 0.0000
0.8081 0.8687 0.0000
0.8081 0.8788 0.0000
0.8081 0.8889 0.0000
0.8081 0.8990 0.0000
0.8081 0.9091 0.0000
0.8081 0.9192 0.0000
0.8081 0.9293 0.0000
0.8081 0.9394 0.0000
0.8081 0.9495 0.0000
0.8081 0.9596 0.0000
0.8081 0.9697 0.0000
0.8081 0.9798 0.0000
0.8081 0.9899 0.0000
0.8081 1.0000 0.0000
0.8182 0.0000 0.0000
0.8182 0.0101 0.0000
0.8182 0.0202 0.0000
0.8182 0.0303 0.0000
0.8182 0.0404 0.0000
0.8182 0.0505 0.0000
0.8182 0.0606 0.0000
0.8182 0.0707 0.0000
0.8182 0.0808 0.0000
0.8182 0.0909 0.0000
0.8182 0.1010 0.0000
0.8182 0.1111 0.0000
0.8182 0.1212 0.0000
0.8182 0.1313 0.0000
0.8182 0.1414 0.0000
0.8182 0.1515 0.0000
0.8182 0.1616 0.0000
0.8182 0.1717 0.0000
0.8182 0.1818 0.0000
0.8182 0.1919 0.0000
0.8182 0.2020 0.0000
0.8182 0.2121 0.0000
0.8182 0.2222 0.0000
0.8182 0.2323 0.0000
0.8182 0.2424 0.0000
0.8182 0.2525 0.0000
0.8182 0.2626 0.0000
0.8182 0.2727 0.0000
0.8182 0.2828 0.0000
0.8182 0.2929 0.0000
0.8182 0.3030 0.0000
0.8182 0.3131 0.0000
0.8182 0.3232 0.0000
0.8182 0.3333 0.0000
0.8182 0.3434 0.0000
0.8182 0.3535 0.0000
0.8182 0.3636 0.0000
0.8182 0.3737 0.0000
0.8182 0.3838 0.0000
0.8182 0.3939 0.0000
0.8182 0.4040 0.0000
0.8182 0.4141 0.0000
0.8182 0.4242 0.0000
0.8182 0.4343 0.0000
0.8182 0.4444 0.0000
0.8182 0.4545 0.0000
0.8182 0.4646 0.0000
0.8182 0.4747 0.0000
0.8182 0.4848 0.0000
0.8182 0.4949 0.0000
0.8182 0.5051 0.0000
0.8182 0.5152 0.0000
0.8182 0.5253 0.0000
0.8182 0.5354 0.0000
0.8182 0.5455 0.0000
0.8182 0.5556 0.0000
0.8182 0.5657 0.0000
0.8182 0.5758 0.0000
0.8182 0.5859 0.0000
0.8182 0.5960 0.0000
0.8182 0.6061 0.0000
0.8182 0.6162 0.0000
0.8182 0.6263 0.0000
0.8182 0.6364 0.0000
0.8182 0.6465 0.0000
0.8182 0.6566 0.0000
0.8182 0.6667 0.0000
0.8182 0.6768 0.0000
0.8182 0.6869 0.0000
0.8182 0.6970 0.0000
0.8182 0.7071 0.0000
0.8182 0.7172 0.0000
0.8182 0.7273 0.0000
0.8182 0.7374 0.0000
0.8182 0.7475 0.0000
0.8182 0.7576 0.0000
0.8182 0.7677 0.0000
0.8182 0.7778 0.0000
0.8182 0.7879 0.0000
0.8182 0.7980 0.0000
0.8182 0.8081 0.0000
0.8182 0.8182 0.0000
0.8182 0.8283 0.0000
0.8182 0.8384 0.0000
0.8182 0.8485 0.0000
0.8182 0.8586 0.0000
0.8182 0.8687 0.0000
0.8182 0.8788 0.0000
0.8182 0.8889 0.0000
0.8182 0.8990 0.0000
0.8182 0.9091 0.0000
0.8182 0.9192 0.0000
0.8182 0.9293 0.0000
0.8182 0.9394 0.0000
0.8182 0.9495 0.0000
0.8182 0.9596 0.0000
0.8182 0.9697 0.0000
0.8182 0.9798 0.0000
0.8182 0.9899 0.0000
0.8182 1.0000 0.0000
0.8283 0.0000 0.0000
0.8283 0.0101 0.0000
0.8283 0.0202 0.0000
0.8283 0.0303 0.0000
0.8283 0.0404 0.0000
0.8283 0.0505 0.0000
0.8283 0.0606 0.0000
0.8283 0.0707 0.0000
0.8283 0.0808 0.0000
0.8283 0.0909 0.0000
0.8283 0.1010 0.0000
0.8283 0.1111 0.0000
0.8283 0.1212 0.0000
0.8283 0.1313 0.0000
0.8283 0.1414 0.0000
0.8283 0.1515 0.0000
0.8283 0.1616 0.0000
0.8283 0.1717 0.0000
0.8283 0.1818 0.0000
0.8283 0.1919 0.0000
0.8283 0.2020 0.0000
0.8283 0.2121 0.0000
0.8283 0.2222 0.0000
0.8283 0.2323 0.0000
0.8283 0.2424 0.0000
0.8283 0.2525 0.0000
0.8283 0.2626 0.0000
0.8283 0.2727 0.0000
0.8283 0.2828 0.0000
0.8283 0.2929 0.0000
0.8283 0.3030 0.0000
0.8283 0.3131 0.0000
0.8283 0.3232 0.0000
0.8283 0.3333 0.0000
0.8283 0.3434 0.0000
0.8283 0.3535 0.0000
0.8283 0.3636 0.0000
0.8283 0.3737 0.0000
0.8283 0.3838 0.0000
0.8283 0.3939 0.0000
0.8283 0.4040 0.0000
0.8283 0.4141 0.0000
0.8283 0.4242 0.0000
0.8283 0.4343 0.0000
0.8283 0.4444 0.0000
0.8283 0.4545 0.0000
0.8283 0.4646 0.0000
0.8283 0.4747 0.0000
0.8283 0.4848 0.0000
0.8283 0.4949 0.0000
0.8283 0.5051 0.0000
0.8283 0.5152 0.0000
0.8283 0.5253 0.0000
0.8283 0.5354 0.0000
0.8283 0.5455 0.0000
0.8283 0.5556 0.0000
0.8283 0.5657 0.0000
0.8283 0.5758 0.0000
0.8283 0.5859 0.0000
0.8283 0.5960 0.0000
0.8283 0.6061 0.0000
0.8283 0.6162 0.0000
0.8283 0.6263 0.0000
0.8283 0.6364 0.0000
0.8283 0.6465 0.0000
0.8283 0.6566 0.0000
0.8283 0.6667 0.0000
0.8283 0.6768 0.0000
0.8283 0.6869 0.0000
0.8283 0.6970 0.0000
0.8283 0.7071 0.0000
0.8283 0.7172 0.0000
0.8283 0.7273 0.0000
0.8283 0.7374 0.0000
0.8283 0.7475 0.0000
0.8283 0.7576 0.0000
0.8283 0.7677 0.0000
0.8283 0.7778 0.0000
0.8283 0.7879 0.0000
0.8283 0.7980 0.0000
0.8283 0.8081 0.0000
0.8283 0.8182 0.0000
0.8283 0.8283 0.0000
0.8283 0.8384 0.0000
0.8283 0.8485 0.0000
0.8283 0.8586 0.0000
0.8283 0.8687 0.0000
0.8283 0.8788 0.0000
0.8283 0.8889 0.0000
0.8283 0.8990 0.0000
0.8283 0.9091 0.0000
0.8283 0.9192 0.0000
0.8283 0.9293 0.0000
0.8283 0.9394 0.0000
0.8283 0.9495 0.0000
0.8283 0.9596 0.0000
0.8283 0.9697 0.0000
0.8283 0.9798 0.0000
0.8283 0.9899 0.0000
0.8283 1.0000 0.0000
0.8384 0.0000 0.0000
0.8384 0.0101 0.0000
0.8384 0.0202 0.0000
0.8384 0.0303 0.0000
0.8384 0.0404 0.0000
0.8384 0.0505 0.0000
0.8384 0.0606 0.0000
0.8384 0.0707 0.0000
0.8384 0.0808 0.0000
0.8384 0.0909 0.0000
0.8384 0.1010 0.0000
0.8384 0.1111 0.0000
0.8384 0.1212 0.0000
0.8384 0.1313 0.0000
0.8384 0.1414 0.0000
0.8384 0.1515 0.0000
0.8384 0.1616 0.0000
0.8384 0.1717 0.0000
0.8384 0.1818 0.0000
0.8384 0.1919 0.0000
0.8384 0.2020 0.0000
0.8384 0.2121 0.0000
0.8384 0.2222 0.0000
0.8384 0.2323 0.0000
0.8384 0.2424 0.0000
0.8384 0.2525 0.0000
0.8384 0.2626 0.0000
0.8384 0.2727 0.0000
0.8384 0.2828 0.0000
0.8384 0.2929 0.0000
0.8384 0.3030 0.0000
0.8384 0.3131 0.0000
0.8384 0.3232 0.0000
0.8384 0.3333 0.0000
0.8384 0.3434 0.0000
0.8384 0.3535 0.0000
0.8384 0.3636 0.0000
0.8384 0.3737 0.0000
0.8384 0.3838 0.0000
0.8384 0.3939 0.0000
0.8384 0.4040 0.0000
0.8384 0.4141 0.0000
0.8384 0.4242 0.0000
0.8384 0.4343 0.0000
0.8384 0.4444 0.0000
0.8384 0.4545 0.0000
0.8384 0.4646 0.0000
0.8384 0.4747 0.0000
0.8384 0.4848 0.0000
0.8384 0.4949 0.0000
0.8384 0.5051 0.0000
0.8384 0.5152 0.0000
0.8384 0.5253 0.0000
0.8384 0.5354 0.0000
0.8384 0.5455 0.0000
0.8384 0.5556 0.0000
0.8384 0.5657 0.0000
0.8384 0.5758 0.0000
0.8384 0.5859 0.0000
0.8384 0.5960 0.0000
0.8384 0.6061 0.0000
0.8384 0.6162 0.0000
0.8384 0.6263 0.0000
0.8384 0.6364 0.0000
0.8384 0.6465 0.0000
0.8384 0.6566 0.0000
0.8384 0.6667 0.0000
0.8384 0.6768 0.0000
0.8384 0.6869 0.0000
0.8384 0.6970 0.0000
0.8384 0.7071 0.0000
0.8384 0.7172 0.0000
0.8384 0.7273 0.0000
0.8384 0.7374 0.0000
0.8384 0.7475 0.0000
0.8384 0.7576 0.0000
0.8384 0.7677 0.0000
0.8384 0.7778 0.0000
0.8384 0.7879 0.0000
0.8384 0.7980 0.0000
0.8384 0.8081 0.0000
0.8384 0.8182 0.0000
0.8384 0.8283 0.0000
0.8384 0.8384 0.0000
0.8384 0.8485 0.0000
0.8384 0.8586 0.0000
0.8384 0.8687 0.0000
0.8384 0.8788 0.0000
0.8384 0.8889 0.0000
0.8384 0.8990 0.0000
0.8384 0.9091 0.0000
0.8384 0.9192 0.0000
0.8384 0.9293 0.0000
0.8384 0.9394 0.0000
0.8384 0.9495 0.0000
0.8384 0.9596 0.0000
0.8384 0.9697 0.0000
0.8384 0.9798 0.0000
0.8384 0.9899 0.0000
0.8384 1.0000 0.0000
0.8485 0.0000 0.0000
0.8485 0.0101 0.0000
0.8485 0.0202 0.0000
0.8485 0.0303 0.0000
0.8485 0.0404 0.0000
0.8485 0.0505 0.0000
0.8485 0.0606 0.0000
0.8485 0.0707 0.0000
0.8485 0.0808 0.0000
0.8485 0.0909 0.0000
0.8485 0.1010 0.0000
0.8485 0.1111 0.0000
0.8485 0.1212 0.0000
0.8485 0.1313 0.0000
0.8485 0.1414 0.0000
0.8485 0.1515 0.0000
0.8485 0.1616 0.0000
0.8485 0.1717 0.0000
0.8485 0.1818 0.0000
0.8485 0.1919 0.0000
0.8485 0.2020 0.0000
0.8485 0.2121 0.0000
0.8485 0.2222 0.0000
0.8485 0.2323 0.0000
0.8485 0.2424 0.0000
0.8485 0.2525 0.0000
0.8485 0.2626 0.0000
0.8485 0.2727 0.0000
0.8485 0.2828 0.0000
0.8485 0.2929 0.0000
0.8485 0.3030 0.0000
0.8485 0.3131 0.0000
0.8485 0.3232 0.0000
0.8485 0.3333 0.0000
0.8485 0.3434 0.0000
0.8485 0.3535 0.0000
0.8485 0.3636 0.0000
0.8485 0.3737 0.0000
0.8485 0.3838 0.0000
0.8485 0.3939 0.0000
0.8485 0.4040 0.0000
0.8485 0.4141 0.0000
0.8485 0.4242 0.0000
0.8485 0.4343 0.0000
0.8485 0.4444 0.0000
0.8485 0.4545 0.0000
0.8485 0.4646 0.0000
0.8485 0.4747 0.0000
0.8485 0.4848 0.0000
0.8485 0.4949 0.0000
0.8485 0.5051 0.0000
0.8485 0.5152 0.0000
0.8485 0.5253 0.0000
0.8485 0.5354 0.0000
0.8485 0.5455 0.0000
0.8485 0.5556 0.0000
0.8485 0.5657 0.0000
0.8485 0.5758 0.0000
0.8485 0.5859 0.0000
0.8485 0.5960 0.0000
0.8485 0.6061 0.0000
0.8485 0.6162 0.0000
0.8485 0.6263 0.0000
0.8485 0.6364 0.0000
0.8485 0.6465 0.0000
0.8485 0.6566 0.0000
0.8485 0.6667 0.0000
0.8485 0.6768 0.0000
0.8485 0.6869 0.0000
0.8485 0.6970 0.0000
0.8485 0.7071 0.0000
0.8485 0.7172 0.0000
0.8485 0.7273 0.0000
0.8485 0.7374 0.0000
0.8485 0.7475 0.0000
0.8485 0.7576 0.0000
0.8485 0.7677 0.0000
0.8485 0.7778 0.0000
0.8485 0.7879 0.0000
0.8485 0.7980 0.0000
0.8485 0.8081 0.0000
0.8485 0.8182 0.0000
0.8485 0.8283 0.0000
0.8485 0.8384 0.0000
0.8485 0.8485 0.0000
0.8485 0.8586 0.0000
0.8485 0.8687 0.0000
0.8485 0.8788 0.0000
0.8485 0.8889 0.0000
0.8485 0.8990 0.0000
0.8485 0.9091 0.0000
0.8485 0.9192 0.0000
0.8485 0.9293 0.0000
0.8485 0.9394 0.0000
0.8485 0.9495 0.0000
0.8485 0.9596 0.0000
0.8485 0.9697 0.0000
0.8485 0.9798 0.0000
0.8485 0.9899 0.0000
0.8485 1.0000 0.0000
0.8586 0.0000 0.0000
0.8586 0.0101 0.0000
0.8586 0.0202 0.0000
0.8586 0.0303 0.0000
0.8586 0.0404 0.0000
0.8586 0.0505 0.0000
0.8586 0.0606 0.0000
0.8586 0.0707 0.0000
0.8586 0.0808 0.0000
0.8586 0.0909 0.0000
0.8586 0.1010 0.0000
0.8586 0.1111 0.0000
0.8586 0.1212 0.0000
0.8586 0.1313 0.0000
0.8586 0.1414 0.0000
0.8586 0.1515 0.0000
0.8586 0.1616 0.0000
0.8586 0.1717 0.0000
0.8586 0.1818 0.0000
0.8586 0.1919 0.0000
0.8586 0.2020 0.0000
0.8586 0.2121 0.0000
0.8586 0.2222 0.0000
0.8586 0.2323 0.0000
0.8586 0.2424 0.0000
0.8586 0.2525 0.0000
0.8586 0.2626 0.0000
0.8586 0.2727 0.0000
0.8586 0.2828 0.0000
0.8586 0.2929 0.0000
0.8586 0.3030 0.0000
0.8586 0.3131 0.0000
0.8586 0.3232 0.0000
0.8586 0.3333 0.0000
0.8586 0.3434 0.0000
0.8586 0.3535 0.0000
0.8586 0.3636 0.0000
0.8586 0.3737 0.0000
0.8586 0.3838 0.0000
0.8586 0.3939 0.0000
0.8586 0.4040 0.0000
0.8586 0.4141 0.0000
0.8586 0.4242 0.0000
0.8586 0.4343 0.0000
0.8586 0.4444 0.0000
0.8586 0.4545 0.0000
0.8586 0.4646 0.0000
0.8586 0.4747 0.0000
0.8586 0.4848 0.0000
0.8586 0.4949 0.0000
0.8586 0.5051 0.0000
0.8586 0.5152 0.0000
0.8586 0.5253 0.0000
0.8586 0.5354 0.0000
0.8586 0.5455 0.0000
0.8586 0.5556 0.0000
0.8586 0.5657 0.0000
0.8586 0.5758 0.0000
0.8586 0.5859 0.0000
0.8586 0.5960 0.0000
0.8586 0.6061 0.0000
0.8586 0.6162 0.0000
0.8586 0.6263 0.0000
0.8586 0.6364 0.0000
0.8586 0.6465 0.0000
0.8586 0.6566 0.0000
0.8586 0.6667 0.0000
0.8586 0.6768 0.0000
0.8586 0.6869 0.0000
0.8586 0.6970 0.0000
0.8586 0.7071 0.0000
0.8586 0.7172 0.0000
0.8586 0.7273 0.0000
0.8586 0.7374 0.0000
0.8586 0.7475 0.0000
0.8586 0.7576 0.0000
0.8586 0.7677 0.0000
0.8586 0.7778 0.0000
0.8586 0.7879 0.0000
0.8586 0.7980 0.0000
0.8586 0.8081 0.0000
0.8586 0.8182 0.0000
0.8586 0.8283 0.0000
0.8586 0.8384 0.0000
0.8586 0.8485 0.0000
0.8586 0.8586 0.0000
0.8586 0.8687 0.0000
0.8586 0.8788 0.0000
0.8586 0.8889 0.0000
0.8586 0.8990 0.0000
0.8586 0.9091 0.0000
0.8586 0.9192 0.0000
0.8586 0.9293 0.0000
0.8586 0.9394 0.0000
0.8586 0.9495 0.0000
0.8586 0.9596 0.0000
0.8586 0.9697 0.0000
0.8586 0.9798 0.0000
0.8586 0.9899 0.0000
0.8586 1.0000 0.0000
0.8687 0.0000 0.0000
0.8687 0.0101 0.0000
0.8687 0.0202 0.0000
0.8687 0.0303 0.0000
0.8687 0.0404 0.0000
0.8687 0.0505 0.0000
0.8687 0.0606 0.0000
0.8687 0.0707 0.0000
0.8687 0.0808 0.0000
0.8687 0.0909 0.0000
0.8687 0.1010 0.0000
0.8687 0.1111 0.0000
0.8687 0.1212 0.0000
0.8687 0.1313 0.0000
0.8687 0.1414 0.0000
0.8687 0.1515 0.0000
0.8687 0.1616 0.0000
0.8687 0.1717 0.0000
0.8687 0.1818 0.0000
0.8687 0.1919 0.0000
0.8687 0.2020 0.0000
0.8687 0.2121 0.0000
0.8687 0.2222 0.0000
0.8687 0.2323 0.0000
0.8687 0.2424 0.0000
0.8687 0.2525 0.0000
0.8687 0.2626 0.0000
0.8687 0.2727 0.0000
0.8687 0.2828 0.0000
0.8687 0.2929 0.0000
0.8687 0.3030 0.0000
0.8687 0.3131 0.0000
0.8687 0.3232 0.0000
0.8687 0.3333 0.0000
0.8687 0.3434 0.0000
0.8687 0.3535 0.0000
0.8687 0.3636 0.0000
0.8687 0.3737 0.0000
0.8687 0.3838 0.0000
0.8687 0.3939 0.0000
0.8687 0.4040 0.0000
0.8687 0.4141 0.0000
0.8687 0.4242 0.0000
0.8687 0.4343 0.0000
0.8687 0.4444 0.0000
0.8687 0.4545 0.0000
0.8687 0.4646 0.0000
0.8687 0.4747 0.0000
0.8687 0.4848 0.0000
0.8687 0.4949 0.0000
0.8687 0.5051 0.0000
0.8687 0.5152 0.0000
0.8687 0.5253 0.0000
0.8687 0.5354 0.0000
0.8687 0.5455 0.0000
0.8687 0.5556 0.0000
0.8687 0.5657 0.0000
0.8687 0.5758 0.0000
0.8687 0.5859 0.0000
0.8687 0.5960 0.0000
0.8687 0.6061 0.0000
0.8687 0.6162 0.0000
0.8687 0.6263 0.0000
0.8687 0.6364 0.0000
0.8687 0.6465 0.0000
0.8687 0.6566 0.0000
0.8687 0.6667 0.0000
0.8687 0.6768 0.0000
0.8687 0.6869 0.0000
0.8687 0.6970 0.0000
0.8687 0.7071 0.0000
0.8687 0.7172 0.0000
0.8687 0.7273 0.0000
0.8687 0.7374 0.0000
0.8687 0.7475 0.0000
0.8687 0.7576 0.0000
0.8687 0.7677 0.0000
0.8687 0.7778 0.0000
0.8687 0.7879 0.0000
0.8687 0.7980 0.0000
0.8687 0.8081 0.0000
0.8687 0.8182 0.0000
0.8687 0.8283 0.0000
0.8687 0.8384 0.0000
0.8687 0.8485 0.0000
0.8687 0.8586 0.0000
0.8687 0.8687 0.0000
0.8687 0.8788 0.0000
0.8687 0.8889 0.0000
0.8687 0.8990 0.0000
0.8687 0.9091 0.0000
0.8687 0.9192 0.0000
0.8687 0.9293 0.0000
0.8687 0.9394 0.0000
0.8687 0.9495 0.0000
0.8687 0.9596 0.0000
0.8687 0.9697 0.0000
0.8687 0.9798 0.0000
0.8687 0.9899 0.0000
0.8687 1.0000 0.0000
0.8788 0.0000 0.0000
0.8788 0.0101 0.0000
0.8788 0.0202 0.0000
0.8788 0.0303 0.0000
0.8788 0.0404 0.0000
0.8788 0.0505 0.0000
0.8788 0.0606 0.0000
0.8788 0.0707 0.0000
0.8788 0.0808 0.0000
0.8788 0.0909 0.0000
0.8788 0.1010 0.0000
0.8788 0.1111 0.0000
0.8788 0.1212 0.0000
0.8788 0.1313 0.0000
0.8788 0.1414 0.0000
0.8788 0.1515 0.0000
0.8788 0.1616 0.0000
0.8788 0.1717 0.0000
0.8788 0.1818 0.0000
0.8788 0.1919 0.0000
0.8788 0.2020 0.0000
0.8788 0.2121 0.0000
0.8788 0.2222 0.0000
0.8788 0.2323 0.0000
0.8788 0.2424 0.0000
0.8788 0.2525 0.0000
0.8788 0.2626 0.0000
0.8788 0.2727 0.0000
0.8788 0.2828 0.0000
0.8788 0.2929 0.0000
0.8788 0.3030 0.0000
0.8788 0.3131 0.0000
0.8788 0.3232 0.0000
0.8788 0.3333 0.0000
0.8788 0.3434 0.0000
0.8788 0.3535 0.0000
0.8788 0.3636 0.0000
0.8788 0.3737 0.0000
0.8788 0.3838 0.0000
0.8788 0.3939 0.0000
0.8788 0.4040 0.0000
0.8788 0.4141 0.0000
0.8788 0.4242 0.0000
0.8788 0.4343 0.0000
0.8788 0.4444 0.0000
0.8788 0.4545 0.0000
0.8788 0.4646 0.0000
0.8788 0.4747 0.0000
0.8788 0.4848 0.0000
0.8788 0.4949 0.0000
0.8788 0.5051 0.0000
0.8788 0.5152 0.0000
0.8788 0.5253 0.0000
0.8788 0.5354 0.0000
0.8788 0.5455 0.0000
0.8788 0.5556 0.0000
0.8788 0.5657 0.0000
0.8788 0.5758 0.0000
0.8788 0.5859 0.0000
0.8788 0.5960 0.0000
0.8788 0.6061 0.0000
0.8788 0.6162 0.0000
0.8788 0.6263 0.0000
0.8788 0.6364 0.0000
0.8788 0.6465 0.0000
0.8788 0.6566 0.0000
0.8788 0.6667 0.0000
0.8788 0.6768 0.0000
0.8788 0.6869 0.0000
0.8788 0.6970 0.0000
0.8788 0.7071 0.0000
0.8788 0.7172 0.0000
0.8788 0.7273 0.0000
0.8788 0.7374 0.0000
0.8788 0.7475 0.0000
0.8788 0.7576 0.0000
0.8788 0.7677 0.0000
0.8788 0.7778 0.0000
0.8788 0.7879 0.0000
0.8788 0.7980 0.0000
0.8788 0.8081 0.0000
0.8788 0.8182 0.0000
0.8788 0.8283 0.0000
0.8788 0.8384 0.0000
0.8788 0.8485 0.0000
0.8788 0.8586 0.0000
0.8788 0.8687 0.0000
0.8788 0.8788 0.0000
0.8788 0.8889 0.0000
0.8788 0.8990 0.0000
0.8788 0.9091 0.0000
0.8788 0.9192 0.0000
0.8788 0.9293 0.0000
0.8788 0.9394 0.0000
0.8788 0.9495 0.0000
0.8788 0.9596 0.0000
0.8788 0.9697 0.0000
0.8788 0.9798 0.0000
0.8788 0.9899 0.0000
0.8788 1.0000 0.0000
0.8889 0.0000 0.0000
0.8889 0.0101 0.0000
0.8889 0.0202 0.0000
0.8889 0.0303 0.0000
0.8889 0.0404 0.0000
0.8889 0.0505 0.0000
0.8889 0.0606 0.0000
0.8889 0.0707 0.0000
0.8889 0.0808 0.0000
0.8889 0.0909 0.0000
0.8889 0.1010 0.0000
0.8889 0.1111 0.0000
0.8889 0.1212 0.0000
0.8889 0.1313 0.0000
0.8889 0.1414 0.0000
0.8889 0.1515 0.0000
0.8889 0.1616 0.0000
0.8889 0.1717 0.0000
0.8889 0.1818 0.0000
0.8889 0.1919 0.0000
0.8889 0.2020 0.0000
0.8889 0.2121 0.0000
0.8889 0.2222 0.0000
0.8889 0.2323 0.0000
0.8889 0.2424 0.0000
0.8889 0.2525 0.0000
0.8889 0.2626 0.0000
0.8889 0.2727 0.0000
0.8889 0.2828 0.0000
0.8889 0.2929 0.0000
0.8889 0.3030 0.0000
0.8889 0.3131 0.0000
0.8889 0.3232 0.0000
0.8889 0.3333 0.0000
0.8889 0.3434 0.0000
0.8889 0.3535 0.0000
0.8889 0.3636 0.0000
0.8889 0.3737 0.0000
0.8889 0.3838 0.0000
0.8889 0.3939 0.0000
0.8889 0.4040 0.0000
0.8889 0.4141 0.0000
0.8889 0.4242 0.0000
0.8889 0.4343 0.0000
0.8889 0.4444 0.0000
0.8889 0.4545 0.0000
0.8889 0.4646 0.0000
0.8889 0.4747 0.0000
0.8889 0.4848 0.0000
0.8889 0.4949 0.0000
0.8889 0.5051 0.0000
0.8889 0.5152 0.0000
0.8889 0.5253 0.0000
0.8889 0.5354 0.0000
0.8889 0.5455 0.0000
0.8889 0.5556 0.0000
0.8889 0.5657 0.0000
0.8889 0.5758 0.0000
0.8889 0.5859 0.0000
0.8889 0.5960 0.0000
0.8889 0.6061 0.0000
0.8889 0.6162 0.0000
0.8889 0.6263 0.0000
0.8889 0.6364 0.0000
0.8889 0.6465 0.0000
0.8889 0.6566 0.0000
0.8889 0.6667 0.0000
0.8889 0.6768 0.0000
0.8889 0.6869 0.0000
0.8889 0.6970 0.0000
0.8889 0.7071 0.0000
0.8889 0.7172 0.0000
0.8889 0.7273 0.0000
0.8889 0.7374 0.0000
0.8889 0.7475 0.0000
0.8889 0.7576 0.0000
0.8889 0.7677 0.0000
0.8889 0.7778 0.0000
0.8889 0.7879 0.0000
0.8889 0.7980 0.0000
0.8889 0.8081 0.0000
0.8889 0.8182 0.0000
0.8889 0.8283 0.0000
0.8889 0.8384 0.0000
0.8889 0.8485 0.0000
0.8889 0.8586 0.0000
0.8889 0.8687 0.0000
0.8889 0.8788 0.0000
0.8889 0.8889 0.0000
0.8889 0.8990 0.0000
0.8889 0.9091 0.0000
0.8889 0.9192 0.0000
0.8889 0.9293 0.0000
0.8889 0.9394 0.0000
0.8889 0.9495 0.0000
0.8889 0.9596 0.0000
0.8889 0.9697 0.0000
0.8889 0.9798 0.0000
0.8889 0.9899 0.0000
0.8889 1.0000 0.0000
0.8990 0.0000 0.0000
0.8990 0.0101 0.0000
0.8990 0.0202 0.0000
0.8990 0.0303 0.0000
0.8990 0.0404 0.0000
0.8990 0.0505 0.0000
0.8990 0.0606 0.0000
0.8990 0.0707 0.0000
0.8990 0.0808 0.0000
0.8990 0.0909 0.0000
0.8990 0.1010 0.0000
0.8990 0.1111 0.0000
0.8990 0.1212 0.0000
0.8990 0.1313 0.0000
0.8990 0.1414 0.0000
0.8990 0.1515 0.0000
0.8990 0.1616 0.0000
0.8990 0.1717 0.0000
0.8990 0.1818 0.0000
0.8990 0.1919 0.0000
0.8990 0.2020 0.0000
0.8990 0.2121 0.0000
0.8990 0.2222 0.0000
0.8990 0.2323 0.0000
0.8990 0.2424 0.0000
0.8990 0.2525 0.0000
0.8990 0.2626 0.0000
0.8990 0.2727 0.0000
0.8990 0.2828 0.0000
0.8990 0.2929 0.0000
0.8990 0.3030 0.0000
0.8990 0.3131 0.0000
0.8990 0.3232 0.0000
0.8990 0.3333 0.0000
0.8990 0.3434 0.0000
0.8990 0.3535 0.0000
0.8990 0.3636 0.0000
0.8990 0.3737 0.0000
0.8990 0.3838 0.0000
0.8990 0.3939 0.0000
0.8990 0.4040 0.0000
0.8990 0.4141 0.0000
0.8990 0.4242 0.0000
0.8990 0.4343 0.0000
0.8990 0.4444 0.0000
0.8990 0.4545 0.0000
0.8990 0.4646 0.0000
0.8990 0.4747 0.0000
0.8990 0.4848 0.0000
0.8990 0.4949 0.0000
0.8990 0.5051 0.0000
0.8990 0.5152 0.0000
0.8990 0.5253 0.0000
0.8990 0.5354 0.0000
0.8990 0.5455 0.0000
0.8990 0.5556 0.0000
0.8990 0.5657 0.0000
0.8990 0.5758 0.0000
0.8990 0.5859 0.0000
0.8990 0.5960 0.0000
0.8990 0.6061 0.0000
0.8990 0.6162 0.0000
0.8990 0.6263 0.0000
0.8990 0.6364 0.0000
0.8990 0.6465 0.0000
0.8990 0.6566 0.0000
0.8990 0.6667 0.0000
0.8990 0.6768 0.0000
0.8990 0.6869 0.0000
0.8990 0.6970 0.0000
0.8990 0.7071 0.0000
0.8990 0.7172 0.0000
0.8990 0.7273 0.0000
0.8990 0.7374 0.0000
0.8990 0.7475 0.0000
0.8990 0.7576 0.0000
0.8990 0.7677 0.0000
0.8990 0.7778 0.0000
0.8990 0.7879 0.0000
0.8990 0.7980 0.0000
0.8990 0.8081 0.0000
0.8990 0.8182 0.0000
0.8990 0.8283 0.0000
0.8990 0.8384 0.0000
0.8990 0.8485 0.0000
0.8990 0.8586 0.0000
0.8990 0.8687 0.0000
0.8990 0.8788 0.0000
0.8990 0.8889 0.0000
0.8990 0.8990 0.0000
0.8990 0.9091 0.0000
0.8990 0.9192 0.0000
0.8990 0.9293 0.0000
0.8990 0.9394 0.0000
0.8990 0.9495 0.0000
0.8990 0.9596 0.0000
0.8990 0.9697 0.0000
0.8990 0.9798 0.0000
0.8990 0.9899 0.0000
0.8990 1.0000 0.0000
0.9091 0.0000 0.0000
0.9091 0.0101 0.0000
0.9091 0.0202 0.0000
0.9091 0.0303 0.0000
0.9091 0.0404 0.0000
0.9091 0.0505 0.0000
0.9091 0.0606 0.0000
0.9091 0.0707 0.0000
0.9091 0.0808 0.0000
0.9091 0.0909 0.0000
0.9091 0.1010 0.0000
0.9091 0.1111 0.0000
0.9091 0.1212 0.0000
0.9091 0.1313 0.0000
0.9091 0.1414 0.0000
0.9091 0.1515 0.0000
0.9091 0.1616 0.0000
0.9091 0.1717 0.0000
0.9091 0.1818 0.0000
0.9091 0.1919 0.0000
0.9091 0.2020 0.0000
0.9091 0.2121 0.0000
0.9091 0.2222 0.0000
0.9091 0.2323 0.0000
0.9091 0.2424 0.0000
0.9091 0.2525 0.0000
0.9091 0.2626 0.0000
0.9091 0.2727 0.0000
0.9091 0.2828 0.0000
0.9091 0.2929 0.0000
0.9091 0.3030 0.0000
0.9091 0.3131 0.0000
0.9091 0.3232 0.0000
0.9091 0.3333 0.0000
0.9091 0.3434 0.0000
0.9091 0.3535 0.0000
0.9091 0.3636 0.0000
0.9091 0.3737 0.0000
0.9091 0.3838 0.0000
0.9091 0.3939 0.0000
0.9091 0.4040 0.0000
0.9091 0.4141 0.0000
0.9091 0.4242 0.0000
0.9091 0.4343 0.0000
0.9091 0.4444 0.0000
0.9091 0.4545 0.0000
0.9091 0.4646 0.0000
0.9091 0.4747 0.0000
0.9091 0.4848 0.0000
0.9091 0.4949 0.0000
0.9091 0.5051 0.0000
0.9091 0.5152 0.0000
0.9091 0.5253 0.0000
0.9091 0.5354 0.0000
0.9091 0.5455 0.0000
0.9091 0.5556 0.0000
0.9091 0.5657 0.0000
0.9091 0.5758 0.0000
0.9091 0.5859 0.0000
0.9091 0.5960 0.0000
0.9091 0.6061 0.0000
0.9091 0.6162 0.0000
0.9091 0.6263 0.0000
0.9091 0.6364 0.0000
0.9091 0.6465 0.0000
0.9091 0.6566 0.0000
0.9091 0.6667 0.0000
0.9091 0.6768 0.0000
0.9091 0.6869 0.0000
0.9091 0.6970 0.0000
0.9091 0.7071 0.0000
0.9091 0.7172 0.0000
0.9091 0.7273 0.0000
0.9091 0.7374 0.0000
0.9091 0.7475 0.0000
0.9091 0.7576 0.0000
0.9091 0.7677 0.0000
0.9091 0.7778 0.0000
0.9091 0.7879 0.0000
0.9091 0.7980 0.0000
0.9091 0.8081 0.0000
0.9091 0.8182 0.0000
0.9091 0.8283 0.0000
0.9091 0.8384 0.0000
0.9091 0.8485 0.0000
0.9091 0.8586 0.0000
0.9091 0.8687 0.0000
0.9091 0.8788 0.0000
0.9091 0.8889 0.0000
0.9091 0.8990 0.0000
0.9091 0.9091 0.0000
0.9091 0.9192 0.0000
0.9091 0.9293 0.0000
0.9091 0.9394 0.0000
0.9091 0.9495 0.0000
0.9091 0.9596 0.0000
0.9091 0.9697 0.0000
0.9091 0.9798 0.0000
0.9091 0.9899 0.0000
0.9091 1.0000 0.0000
0.9192 0.0000 0.0000
0.9192 0.0101 0.0000
0.9192 0.0202 0.0000
0.9192 0.0303 0.0000
0.9192 0.0404 0.0000
0.9192 0.0505 0.0000
0.9192 0.0606 0.0000
0.9192 0.0707 0.0000
0.9192 0.0808 0.0000
0.9192 0.0909 0.0000
0.9192 0.1010 0.0000
0.9192 0.1111 0.0000
0.9192 0.1212 0.0000
0.9192 0.1313 0.0000
0.9192 0.1414 0.0000
0.9192 0.1515 0.0000
0.9192 0.1616 0.0000
0.9192 0.1717 0.0000
0.9192 0.1818 0.0000
0.9192 0.1919 0.0000
0.9192 0.2020 0.0000
0.9192 0.2121 0.0000
0.9192 0.2222 0.0000
0.9192 0.2323 0.0000
0.9192 0.2424 0.0000
0.9192 0.2525 0.0000
0.9192 0.2626 0.0000
0.9192 0.2727 0.0000
0.9192 0.2828 0.0000
0.9192 0.2929 0.0000
0.9192 0.3030 0.0000
0.9192 0.3131 0.0000
0.9192 0.3232 0.0000
0.9192 0.3333 0.0000
0.9192 0.3434 0.0000
0.9192 0.3535 0.0000
0.9192 0.3636 0.0000
0.9192 0.3737 0.0000
0.9192 0.3838 0.0000
0.9192 0.3939 0.0000
0.9192 0.4040 0.0000
0.9192 0.4141 0.0000
0.9192 0.4242 0.0000
0.9192 0.4343 0.0000
0.9192 0.4444 0.0000
0.9192 0.4545 0.0000
0.9192 0.4646 0.0000
0.9192 0.4747 0.0000
0.9192 0.4848 0.0000
0.9192 0.4949 0.0000
0.9192 0.5051 0.0000
0.9192 0.5152 0.0000
0.9192 0.5253 0.0000
0.9192 0.5354 0.0000
0.9192 0.5455 0.0000
0.9192 0.5556 0.0000
0.9192 0.5657 0.0000
0.9192 0.5758 0.0000
0.9192 0.5859 0.0000
0.9192 0.5960 0.0000
0.9192 0.6061 0.0000
0.9192 0.6162 0.0000
0.9192 0.6263 0.0000
0.9192 0.6364 0.0000
0.9192 0.6465 0.0000
0.9192 0.6566 0.0000
0.9192 0.6667 0.0000
0.9192 0.6768 0.0000
0.9192 0.6869 0.0000
0.9192 0.6970 0.0000
0.9192 0.7071 0.0000
0.9192 0.7172 0.0000
0.9192 0.7273 0.0000
0.9192 0.7374 0.0000
0.9192 0.7475 0.0000
0.9192 0.7576 0.0000
0.9192 0.7677 0.0000
0.9192 0.7778 0.0000
0.9192 0.7879 0.0000
0.9192 0.7980 0.0000
0.9192 0.8081 0.0000
0.9192 0.8182 0.0000
0.9192 0.8283 0.0000
0.9192 0.8384 0.0000
0.9192 0.8485 0.0000
0.9192 0.8586 0.0000
0.9192 0.8687 0.0000
0.9192 0.8788 0.0000
0.9192 0.8889 0.0000
0.9192 0.8990 0.0000
0.9192 0.9091 0.0000
0.9192 0.9192 0.0000
0.9192 0.9293 0.0000
0.9192 0.9394 0.0000
0.9192 0.9495 0.0000
0.9192 0.9596 0.0000
0.9192 0.9697 0.0000
0.9192 0.9798 0.0000
0.9192 0.9899 0.0000
0.9192 1.0000 0.0000
0.9293 0.0000 0.0000
0.9293 0.0101 0.0000
0.9293 0.0202 0.0000
0.9293 0.0303 0.0000
0.9293 0.0404 0.0000
0.9293 0.0505 0.0000
0.9293 0.0606 0.0000
0.9293 0.0707 0.0000
0.9293 0.0808 0.0000
0.9293 0.0909 0.0000
0.9293 0.1010 0.0000
0.9293 0.1111 0.0000
0.9293 0.1212 0.0000
0.9293 0.1313 0.0000
0.9293 0.1414 0.0000
0.9293 0.1515 0.0000
0.9293 0.1616 0.0000
0.9293 0.1717 0.0000
0.9293 0.1818 0.0000
0.9293 0.1919 0.0000
0.9293 0.2020 0.0000
0.9293 0.2121 0.0000
0.9293 0.2222 0.0000
0.9293 0.2323 0.0000
0.9293 0.2424 0.0000
0.9293 0.2525 0.0000
0.9293 0.2626 0.0000
0.9293 0.2727 0.0000
0.9293 0.2828 0.0000
0.9293 0.2929 0.0000
0.9293 0.3030 0.0000
0.9293 0.3131 0.0000
0.9293 0.3232 0.0000
0.9293 0.3333 0.0000
0.9293 0.3434 0.0000
0.9293 0.3535 0.0000
0.9293 0.3636 0.0000
0.9293 0.3737 0.0000
0.9293 0.3838 0.0000
0.9293 0.3939 0.0000
0.9293 0.4040 0.0000
0.9293 0.4141 0.0000
0.9293 0.4242 0.0000
0.9293 0.4343 0.0000
0.9293 0.4444 0.0000
0.9293 0.4545 0.0000
0.9293 0.4646 0.0000
0.9293 0.4747 0.0000
0.9293 0.4848 0.0000
0.9293 0.4949 0.0000
0.9293 0.5051 0.0000
0.9293 0.5152 0.0000
0.9293 0.5253 0.0000
0.9293 0.5354 0.0000
0.9293 0.5455 0.0000
0.9293 0.5556 0.0000
0.9293 0.5657 0.0000
0.9293 0.5758 0.0000
0.9293 0.5859 0.0000
0.9293 0.5960 0.0000
0.9293 0.6061 0.0000
0.9293 0.6162 0.0000
0.9293 0.6263 0.0000
0.9293 0.6364 0.0000
0.9293 0.6465 0.0000
0.9293 0.6566 0.0000
0.9293 0.6667 0.0000
0.9293 0.6768 0.0000
0.9293 0.6869 0.0000
0.9293 0.6970 0.0000
0.9293 0.7071 0.0000
0.9293 0.7172 0.0000
0.9293 0.7273 0.0000
0.9293 0.7374 0.0000
0.9293 0.7475 0.0000
0.9293 0.7576 0.0000
0.9293 0.7677 0.0000
0.9293 0.7778 0.0000
0.9293 0.7879 0.0000
0.9293 0.7980 0.0000
0.9293 0.8081 0.0000
0.9293 0.8182 0.0000
0.9293 0.8283 0.0000
0.9293 0.8384 0.0000
0.9293 0.8485 0.0000
0.9293 0.8586 0.0000
0.9293 0.8687 0.0000
0.9293 0.8788 0.0000
0.9293 0.8889 0.0000
0.9293 0.8990 0.0000
0.9293 0.9091 0.0000
0.9293 0.9192 0.0000
0.9293 0.9293 0.0000
0.9293 0.9394 0.0000
0.9293 0.9495 0.0000
0.9293 0.9596 0.0000
0.9293 0.9697 0.0000
0.9293 0.9798 0.0000
0.9293 0.9899 0.0000
0.9293 1.0000 0.0000
0.9394 0.0000 0.0000
0.9394 0.0101 0.0000
0.9394 0.0202 0.0000
0.9394 0.0303 0.0000
0.9394 0.0404 0.0000
0.9394 0.0505 0.0000
0.9394 0.0606 0.0000
0.9394 0.0707 0.0000
0.9394 0.0808 0.0000
0.9394 0.0909 0.0000
0.9394 0.1010 0.0000
0.9394 0.1111 0.0000
0.9394 0.1212 0.0000
0.9394 0.1313 0.0000
0.9394 0.1414 0.0000
0.9394 0.1515 0.0000
0.9394 0.1616 0.0000
0.9394 0.1717 0.0000
0.9394 0.1818 0.0000
0.9394 0.1919 0.0000
0.9394 0.2020 0.0000
0.9394 0.2121 0.0000
0.9394 0.2222 0.0000
0.9394 0.2323 0.0000
0.9394 0.2424 0.0000
0.9394 0.2525 0.0000
0.9394 0.2626 0.0000
0.9394 0.2727 0.0000
0.9394 0.2828 0.0000
0.9394 0.2929 0.0000
0.9394 0.3030 0.0000
0.9394 0.3131 0.0000
0.9394 0.3232 0.0000
0.9394 0.3333 0.0000
0.9394 0.3434 0.0000
0.9394 0.3535 0.0000
0.9394 0.3636 0.0000
0.9394 0.3737 0.0000
0.9394 0.3838 0.0000
0.9394 0.3939 0.0000
0.9394 0.4040 0.0000
0.9394 0.4141 0.0000
0.9394 0.4242 0.0000
0.9394 0.4343 0.0000
0.9394 0.4444 0.0000
0.9394 0.4545 0.0000
0.9394 0.4646 0.0000
0.9394 0.4747 0.0000
0.9394 0.4848 0.0000
0.9394 0.4949 0.0000
0.9394 0.5051 0.0000
0.9394 0.5152 0.0000
0.9394 0.5253 0.0000
0.9394 0.5354 0.0000
0.9394 0.5455 0.0000
0.9394 0.5556 0.0000
0.9394 0.5657 0.0000
0.9394 0.5758 0.0000
0.9394 0.5859 0.0000
0.9394 0.5960 0.0000
0.9394 0.6061 0.0000
0.9394 0.6162 0.0000
0.9394 0.6263 0.0000
0.9394 0.6364 0.0000
0.9394 0.6465 0.0000
0.9394 0.6566 0.0000
0.9394 0.6667 0.0000
0.9394 0.6768 0.0000
0.9394 0.6869 0.0000
0.9394 0.6970 0.0000
0.9394 0.7071 0.0000
0.9394 0.7172 0.0000
0.9394 0.7273 0.0000
0.9394 0.7374 0.0000
0.9394 0.7475 0.0000
0.9394 0.7576 0.0000
0.9394 0.7677 0.0000
0.9394 0.7778 0.0000
0.9394 0.7879 0.0000
0.9394 0.7980 0.0000
0.9394 0.8081 0.0000
0.9394 0.8182 0.0000
0.9394 0.8283 0.0000
0.9394 0.8384 0.0000
0.9394 0.8485 0.0000
0.9394 0.8586 0.0000
0.9394 0.8687 0.0000
0.9394 0.8788 0.0000
0.9394 0.8889 0.0000
0.9394 0.8990 0.0000
0.9394 0.9091 0.0000
0.9394 0.9192 0.0000
0.9394 0.9293 0.0000
0.9394 0.9394 0.0000
0.9394 0.9495 0.0000
0.9394 0.9596 0.0000
0.9394 0.9697 0.0000
0.9394 0.9798 0.0000
0.9394 0.9899 0.0000
0.9394 1.0000 0.0000
0.9495 0.0000 0.0000
0.9495 0.0101 0.0000
0.9495 0.0202 0.0000
0.9495 0.0303 0.0000
0.9495 0.0404 0.0000
0.9495 0.0505 0.0000
0.9495 0.0606 0.0000
0.9495 0.0707 0.0000
0.9495 0.0808 0.0000
0.9495 0.0909 0.0000
0.9495 0.1010 0.0000
0.9495 0.1111 0.0000
0.9495 0.1212 0.0000
0.9495 0.1313 0.0000
0.9495 0.1414 0.0000
0.9495 0.1515 0.0000
0.9495 0.1616 0.0000
0.9495 0.1717 0.0000
0.9495 0.1818 0.0000
0.9495 0.1919 0.0000
0.9495 0.2020 0.0000
0.9495 0.2121 0.0000
0.9495 0.2222 0.0000
0.9495 0.2323 0.0000
0.9495 0.2424 0.0000
0.9495 0.2525 0.0000
0.9495 0.2626 0.0000
0.9495 0.2727 0.0000
0.9495 0.2828 0.0000
0.9495 0.2929 0.0000
0.9495 0.3030 0.0000
0.9495 0.3131 0.0000
0.9495 0.3232 0.0000
0.9495 0.3333 0.0000
0.9495 0.3434 0.0000
0.9495 0.3535 0.0000
0.9495 0.3636 0.0000
0.9495 0.3737 0.0000
0.9495 0.3838 0.0000
0.9495 0.3939 0.0000
0.9495 0.4040 0.0000
0.9495 0.4141 0.0000
0.9495 0.4242 0.0000
0.9495 0.4343 0.0000
0.9495 0.4444 0.0000
0.9495 0.4545 0.0000
0.9495 0.4646 0.0000
0.9495 0.4747 0.0000
0.9495 0.4848 0.0000
0.9495 0.4949 0.0000
0.9495 0.5051 0.0000
0.9495 0.5152 0.0000
0.9495 0.5253 0.0000
0.9495 0.5354 0.0000
0.9495 0.5455 0.0000
0.9495 0.5556 0.0000
0.9495 0.5657 0.0000
0.9495 0.5758 0.0000
0.9495 0.5859 0.0000
0.9495 0.5960 0.0000
0.9495 0.6061 0.0000
0.9495 0.6162 0.0000
0.9495 0.6263 0.0000
0.9495 0.6364 0.0000
0.9495 0.6465 0.0000
0.9495 0.6566 0.0000
0.9495 0.6667 0.0000
0.9495 0.6768 0.0000
0.9495 0.6869 0.0000
0.9495 0.6970 0.0000
0.9495 0.7071 0.0000
0.9495 0.7172 0.0000
0.9495 0.7273 0.0000
0.9495 0.7374 0.0000
0.9495 0.7475 0.0000
0.9495 0.7576 0.0000
0.9495 0.7677 0.0000
0.9495 0.7778 0.0000
0.9495 0.7879 0.0000
0.9495 0.7980 0.0000
0.9495 0.8081 0.0000
0.9495 0.8182 0.0000
0.9495 0.8283 0.0000
0.9495 0.8384 0.0000
0.9495 0.8485 0.0000
0.9495 0.8586 0.0000
0.9495 0.8687 0.0000
0.9495 0.8788 0.0000
0.9495 0.8889 0.0000
0.9495 0.8990 0.0000
0.9495 0.9091 0.0000
0.9495 0.9192 0.0000
0.9495 0.9293 0.0000
0.9495 0.9394 0.0000
0.9495 0.9495 0.0000
0.9495 0.9596 0.0000
0.9495 0.9697 0.0000
0.9495 0.9798 0.0000
0.9495 0.9899 0.0000
0.9495 1.0000 0.0000
0.9596 0.0000 0.0000
0.9596 0.0101 0.0000
0.9596 0.0202 0.0000
0.9596 0.0303 0.0000
0.9596 0.0404 0.0000
0.9596 0.0505 0.0000
0.9596 0.0606 0.0000
0.9596 0.0707 0.0000
0.9596 0.0808 0.0000
0.9596 0.0909 0.0000
0.9596 0.1010 0.0000
0.9596 0.1111 0.0000
0.9596 0.1212 0.0000
0.9596 0.1313 0.0000
0.9596 0.1414 0.0000
0.9596 0.1515 0.0000
0.9596 0.1616 0.0000
0.9596 0.1717 0.0000
0.9596 0.1818 0.0000
0.9596 0.1919 0.0000
0.9596 0.2020 0.0000
0.9596 0.2121 0.0000
0.9596 0.2222 0.0000
0.9596 0.2323 0.0000
0.9596 0.2424 0.0000
0.9596 0.2525 0.0000
0.9596 0.2626 0.0000
0.9596 0.2727 0.0000
0.9596 0.2828 0.0000
0.9596 0.2929 0.0000
0.9596 0.3030 0.0000
0.9596 0.3131 0.0000
0.9596 0.3232 0.0000
0.9596 0.3333 0.0000
0.9596 0.3434 0.0000
0.9596 0.3535 0.0000
0.9596 0.3636 0.0000
0.9596 0.3737 0.0000
0.9596 0.3838 0.0000
0.9596 0.3939 0.0000
0.9596 0.4040 0.0000
0.9596 0.4141 0.0000
0.9596 0.4242 0.0000
0.9596 0.4343 0.0000
0.9596 0.4444 0.0000
0.9596 0.4545 0.0000
0.9596 0.4646 0.0000
0.9596 0.4747 0.0000
0.9596 0.4848 0.0000
0.9596 0.4949 0.0000
0.9596 0.5051 0.0000
0.9596 0.5152 0.0000
0.9596 0.5253 0.0000
0.9596 0.5354 0.0000
0.9596 0.5455 0.0000
0.9596 0.5556 0.0000
0.9596 0.5657 0.0000
0.9596 0.5758 0.0000
0.9596 0.5859 0.0000
0.9596 0.5960 0.0000
0.9596 0.6061 0.0000
0.9596 0.6162 0.0000
0.9596 0.6263 0.0000
0.9596 0.6364 0.0000
0.9596 0.6465 0.0000
0.9596 0.6566 0.0000
0.9596 0.6667 0.0000
0.9596 0.6768 0.0000
0.9596 0.6869 0.0000
0.9596 0.6970 0.0000
0.9596 0.7071 0.0000
0.9596 0.7172 0.0000
0.9596 0.7273 0.0000
0.9596 0.7374 0.0000
0.9596 0.7475 0.0000
0.9596 0.7576 0.0000
0.9596 0.7677 0.0000
0.9596 0.7778 0.0000
0.9596 0.7879 0.0000
0.9596 0.7980 0.0000
0.9596 0.8081 0.0000
0.9596 0.8182 0.0000
0.9596 0.8283 0.0000
0.9596 0.8384 0.0000
0.9596 0.8485 0.0000
0.9596 0.8586 0.0000
0.9596 0.8687 0.0000
0.9596 0.8788 0.0000
0.9596 0.8889 0.0000
0.9596 0.8990 0.0000
0.9596 0.9091 0.0000
0.9596 0.9192 0.0000
0.9596 0.9293 0.0000
0.9596 0.9394 0.0000
0.9596 0.9495 0.0000
0.9596 0.9596 0.0000
0.9596 0.9697 0.0000
0.9596 0.9798 0.0000
0.9596 0.9899 0.0000
0.9596 1.0000 0.0000
0.9697 0.0000 0.0000
0.9697 0.0101 0.0000
0.9697 0.0202 0.0000
0.9697 0.0303 0.0000
0.9697 0.0404 0.0000
0.9697 0.0505 0.0000
0.9697 0.0606 0.0000
0.9697 0.0707 0.0000
0.9697 0.0808 0.0000
0.9697 0.0909 0.0000
0.9697 0.1010 0.0000
0.9697 0.1111 0.0000
0.9697 0.1212 0.0000
0.9697 0.1313 0.0000
0.9697 0.1414 0.0000
0.9697 0.1515 0.0000
0.9697 0.1616 0.0000
0.9697 0.1717 0.0000
0.9697 0.1818 0.0000
0.9697 0.1919 0.0000
0.9697 0.2020 0.0000
0.9697 0.2121 0.0000
0.9697 0.2222 0.0000
0.9697 0.2323 0.0000
0.9697 0.2424 0.0000
0.9697 0.2525 0.0000
0.9697 0.2626 0.0000
0.9697 0.2727 0.0000
0.9697 0.2828 0.0000
0.9697 0.2929 0.0000
0.9697 0.3030 0.0000
0.9697 0.3131 0.0000
0.9697 0.3232 0.0000
0.9697 0.3333 0.0000
0.9697 0.3434 0.0000
0.9697 0.3535 0.0000
0.9697 0.3636 0.0000
0.9697 0.3737 0.0000
0.9697 0.3838 0.0000
0.9697 0.3939 0.0000
0.9697 0.4040 0.0000
0.9697 0.4141 0.0000
0.9697 0.4242 0.0000
0.9697 0.4343 0.0000
0.9697 0.4444 0.0000
0.9697 0.4545 0.0000
0.9697 0.4646 0.0000
0.9697 0.4747 0.0000
0.9697 0.4848 0.0000
0.9697 0.4949 0.0000
0.9697 0.5051 0.0000
0.9697 0.5152 0.0000
0.9697 0.5253 0.0000
0.9697 0.5354 0.0000
0.9697 0.5455 0.0000
0.9697 0.5556 0.0000
0.9697 0.5657 0.0000
0.9697 0.5758 0.0000
0.9697 0.5859 0.0000
0.9697 0.5960 0.0000
0.9697 0.6061 0.0000
0.9697 0.6162 0.0000
0.9697 0.6263 0.0000
0.9697 0.6364 0.0000
0.9697 0.6465 0.0000
0.9697 0.6566 0.0000
0.9697 0.6667 0.0000
0.9697 0.6768 0.0000
0.9697 0.6869 0.0000
0.9697 0.6970 0.0000
0.9697 0.7071 0.0000
0.9697 0.7172 0.0000
0.9697 0.7273 0.0000
0.9697 0.7374 0.0000
0.9697 0.7475 0.0000
0.9697 0.7576 0.0000
0.9697 0.7677 0.0000
0.9697 0.7778 0.0000
0.9697 0.7879 0.0000
0.9697 0.7980 0.0000
0.9697 0.8081 0.0000
0.9697 0.8182 0.0000
0.9697 0.8283 0.0000
0.9697 0.8384 0.0000
0.9697 0.8485 0.0000
0.9697 0.8586 0.0000
0.9697 0.8687 0.0000
0.9697 0.8788 0.0000
0.9697 0.8889 0.0000
0.9697 0.8990 0.0000
0.9697 0.9091 0.0000
0.9697 0.9192 0.0000
0.9697 0.9293 0.0000
0.9697 0.9394 0.0000
0.9697 0.9495 0.0000
0.9697 0.9596 0.0000
0.9697 0.9697 0.0000
0.9697 0.9798 0.0000
0.9697 0.9899 0.0000
0.9697 1.0000 0.0000
0.9798 0.0000 0.0000
0.9798 0.0101 0.0000
0.9798 0.0202 0.0000
0.9798 0.0303 0.0000
0.9798 0.0404 0.0000
0.9798 0.0505 0.0000
0.9798 0.0606 0.0000
0.9798 0.0707 0.0000
0.9798 0.0808 0.0000
0.9798 0.0909 0.0000
0.9798 0.1010 0.0000
0.9798 0.1111 0.0000
0.9798 0.1212 0.0000
0.9798 0.1313 0.0000
0.9798 0.1414 0.0000
0.9798 0.1515 0.0000
0.9798 0.1616 0.0000
0.9798 0.1717 0.0000
0.9798 0.1818 0.0000
0.9798 0.1919 0.0000
0.9798 0.2020 0.0000
0.9798 0.2121 0.0000
0.9798 0.2222 0.0000
0.9798 0.2323 0.0000
0.9798 0.2424 0.0000
0.9798 0.2525 0.0000
0.9798 0.2626 0.0000
0.9798 0.2727 0.0000
0.9798 0.2828 0.0000
0.9798 0.2929 0.0000
0.9798 0.3030 0.0000
0.9798 0.3131 0.0000
0.9798 0.3232 0.0000
0.9798 0.3333 0.0000
0.9798 0.3434 0.0000
0.9798 0.3535 0.0000
0.9798 0.3636 0.0000
0.9798 0.3737 0.0000
0.9798 0.3838 0.0000
0.9798 0.3939 0.0000
0.9798 0.4040 0.0000
0.9798 0.4141 0.0000
0.9798 0.4242 0.0000
0.9798 0.4343 0.0000
0.9798 0.4444 0.0000
0.9798 0.4545 0.0000
0.9798 0.4646 0.0000
0.9798 0.4747 0.0000
0.9798 0.4848 0.0000
0.9798 0.4949 0.0000
0.9798 0.5051 0.0000
0.9798 0.5152 0.0000
0.9798 0.5253 0.0000
0.9798 0.5354 0.0000
0.9798 0.5455 0.0000
0.9798 0.5556 0.0000
0.9798 0.5657 0.0000
0.9798 0.5758 0.0000
0.9798 0.5859 0.0000
0.9798 0.5960 0.0000
0.9798 0.6061 0.0000
0.9798 0.6162 0.0000
0.9798 0.6263 0.0000
0.9798 0.6364 0.0000
0.9798 0.6465 0.0000
0.9798 0.6566 0.0000
0.9798 0.6667 0.0000
0.9798 0.6768 0.0000
0.9798 0.6869 0.0000
0.9798 0.6970 0.0000
0.9798 0.7071 0.0000
0.9798 0.7172 0.0000
0.9798 0.7273 0.0000
0.9798 0.7374 0.0000
0.9798 0.7475 0.0000
0.9798 0.7576 0.0000
0.9798 0.7677 0.0000
0.9798 0.7778 0.0000
0.9798 0.7879 0.0000
0.9798 0.7980 0.0000
0.9798 0.8081 0.0000
0.9798 0.8182 0.0000
0.9798 0.8283 0.0000
0.9798 0.8384 0.0000
0.9798 0.8485 0.0000
0.9798 0.8586 0.0000
0.9798 0.8687 0.0000
0.9798 0.8788 0.0000
0.9798 0.8889 0.0000
0.9798 0.8990 0.0000
0.9798 0.9091 0.0000
0.9798 0.9192 0.0000
0.9798 0.9293 0.0000
0.9798 0.9394 0.0000
0.9798 0.9495 0.0000
0.9798 0.9596 0.0000
0.9798 0.9697 0.0000
0.9798 0.9798 0.0000
0.9798 0.9899 0.0000
0.9798 1.0000 0.0000
0.9899 0.0000 0.0000
0.9899 0.0101 0.0000
0.9899 0.0202 0.0000
0.9899 0.0303 0.0000
0.9899 0.0404 0.0000
0.9899 0.0505 0.0000
0.9899 0.0606 0.0000
0.9899 0.0707 0.0000
0.9899 0.0808 0.0000
0.9899 0.0909 0.0000
0.9899 0.1010 0.0000
0.9899 0.1111 0.0000
0.9899 0.1212 0.0000
0.9899 0.1313 0.0000
0.9899 0.1414 0.0000
0.9899 0.1515 0.0000
0.9899 0.1616 0.0000
0.9899 0.1717 0.0000
0.9899 0.1818 0.0000
0.9899 0.1919 0.0000
0.9899 0.2020 0.0000
0.9899 0.2121 0.0000
0.9899 0.2222 0.0000
0.9899 0.2323 0.0000
0.9899 0.2424 0.0000
0.9899 0.2525 0.0000
0.9899 0.2626 0.0000
0.9899 0.2727 0.0000
0.9899 0.2828 0.0000
0.9899 0.2929 0.0000
0.9899 0.3030 0.0000
0.9899 0.3131 0.0000
0.9899 0.3232 0.0000
0.9899 0.3333 0.0000
0.9899 0.3434 0.0000
0.9899 0.3535 0.0000
0.9899 0.3636 0.0000
0.9899 0.3737 0.0000
0.9899 0.3838 0.0000
0.9899 0.3939 0.0000
0.9899 0.4040 0.0000
0.9899 0.4141 0.0000
0.9899 0.4242 0.0000
0.9899 0.4343 0.0000
0.9899 0.4444 0.0000
0.9899 0.4545 0.0000
0.9899 0.4646 0.0000
0.9899 0.4747 0.0000
0.9899 0.4848 0.0000
0.9899 0.4949 0.0000
0.9899 0.5051 0.0000
0.9899 0.5152 0.0000
0.9899 0.5253 0.0000
0.9899 0.5354 0.0000
0.9899 0.5455 0.0000
0.9899 0.5556 0.0000
0.9899 0.5657 0.0000
0.9899 0.5758 0.0000
0.9899 0.5859 0.0000
0.9899 0.5960 0.0000
0.9899 0.6061 0.0000
0.9899 0.6162 0.0000
0.9899 0.6263 0.0000
0.9899 0.6364 0.0000
0.9899 0.6465 0.0000
0.9899 0.6566 0.0000
0.9899 0.6667 0.0000
0.9899 0.6768 0.0000
0.9899 0.6869 0.0000
0.9899 0.6970 0.0000
0.9899 0.7071 0.0000
0.9899 0.7172 0.0000
0.9899 0.7273 0.0000
0.9899 0.7374 0.0000
0.9899 0.7475 0.0000
0.9899 0.7576 0.0000
0.9899 0.7677 0.0000
0.9899 0.7778 0.0000
0.9899 0.7879 0.0000
0.9899 0.7980 0.0000
0.9899 0.8081 0.0000
0.9899 0.8182 0.0000
0.9899 0.8283 0.0000
0.9899 0.8384 0.0000
0.9899 0.8485 0.0000
0.9899 0.8586 0.0000
0.9899 0.8687 0.0000
0.9899 0.8788 0.0000
0.9899 0.8889 0.0000
0.9899 0.8990 0.0000
0.9899 0.9091 0.0000
0.9899 0.9192 0.0000
0.9899 0.9293 0.0000
0.9899 0.9394 0.0000
0.9899 0.9495 0.0000
0.9899 0.9596 0.0000
0.9899 0.9697 0.0000
0.9899 0.9798 0.0000
0.9899 0.9899 0.0000
0.9899 1.0000 0.0000
1.0000 0.0000 0.0000
1.0000 0.0101 0.0000
1.0000 0.0202 0.0000
1.0000 0.0303 0.0000
1.0000 0.0404 0.0000
1.0000 0.0505 0.0000
1.0000 0.0606 0.0000
1.0000 0.0707 0.0000
1.0000 0.0808 0.0000
1.0000 0.0909 0.0000
1.0000 0.1010 0.0000
1.0000 0.1111 0.0000
1.0000 0.1212 0.0000
1.0000 0.1313 0.0000
1.0000 0.1414 0.0000
1.0000 0.1515 0.0000
1.0000 0.1616 0.0000
1.0000 0.1717 0.0000
1.0000 0.1818 0.0000
1.0000 0.1919 0.0000
1.0000 0.2020 0.0000
1.0000 0.2121 0.0000
1.0000 0.2222 0.0000
1.0000 0.2323 0.0000
1.0000 0.2424 0.0000
1.0000 0.2525 0.0000
1.0000 0.2626 0.0000
1.0000 0.2727 0.0000
1.0000 0.2828 0.0000
1.0000 0.2929 0.0000
1.0000 0.3030 0.0000
1.0000 0.3131 0.0000
1.0000 0.3232 0.0000
1.0000 0.3333 0.0000
1.0000 0.3434 0.0000
1.0000 0.3535 0.0000
1.0000 0.3636 0.0000
1.0000 0.3737 0.0000
1.0000 0.3838 0.0000
1.0000 0.3939 0.0000
1.0000 0.4040 0.0000
1.0000 0.4141 0.0000
1.0000 0.4242 0.0000
1.0000 0.4343 0.0000
1.0000 0.4444 0.0000
1.0000 0.4545 0.0000
1.0000 0.4646 0.0000
1.0000 0.4747 0.0000
1.0000 0.4848 0.0000
1.0000 0.4949 0.0000
1.0000 0.5051 0.0000
1.0000 0.5152 0.0000
1.0000 0.5253 0.0000
1.0000 0.5354 0.0000
1.0000 0.5455 0.0000
1.0000 0.5556 0.0000
1.0000 0.5657 0.0000
1.0000 0.5758 0.0000
1.0000 0.5859 0.0000
1.0000 0.5960 0.0000
1.0000 0.6061 0.0000
1.0000 0.6162 0.0000
1.0000 0.6263 0.0000
1.0000 0.6364 0.0000
1.0000 0.6465 0.0000
1.0000 0.6566 0.0000
1.0000 0.6667 0.0000
1.0000 0.6768 0.0000
1.0000 0.6869 0.0000
1.0000 0.6970 0.0000
1.0000 0.7071 0.0000
1.0000 0.7172 0.0000
1.0000 0.7273 0.0000
1.0000 0.7374 0.0000
1.0000 0.7475 0.0000
1.0000 0.7576 0.0000
1.0000 0.7677 0.0000
1.0000 0.7778 0.0000
1.0000 0.7879 0.0000
1.0000 0.7980 0.0000
1.0000 0.8081 0.0000
1.0000 0.8182 0.0000
1.0000 0.8283 0.0000
1.0000 0.8384 0.0000
1.0000 0.8485 0.0000
1.0000 0.8586 0.0000
1.0000 0.8687 0.0000
1.0000 0.8788 0.0000
1.0000 0.8889 0.0000
1.0000 0.8990 0.0000
1.0000 0.9091 0.0000
1.0000 0.9192 0.0000
1.0000 0.9293 0.0000
1.0000 0.9394 0.0000
1.0000 0.9495 0.0000
1.0000 0.9596 0.0000
1.0000 0.9697 0.0000
1.0000 0.9798 0.0000
1.0000 0.9899 0.0000
1.0000 1.0000 0.0000</DataArray>
         </Points>
         <Cells>
            <DataArray Name="connectivity" format="ascii" type="Int32">
 0 101 1
 1 102 2
 2 103 3
 3 104 4
 4 105 5
 5 106 6
 6 107 7
 7 108 8
 8 109 9
 9 110 10
 10 111 11
 11 112 12
 12 113 13
 13 114 14
 14 115 15
 15 116 16
 16 117 17
 17 118 18
 18 119 19
 19 120 20
 20 121 21
 21 122 22
 22 123 23
 23 124 24
 24 125 25
 25 126 26
 26 127 27
 27 128 28
 28 129 29
 29 130 30
 30 131 31
 31 132 32
 32 133 33
 33 134 34
 34 135 35
 35 136 36
 36 137 37
 37 138 38
 38 139 39
 39 140 40
 40 141 41
 41 142 42
 42 143 43
 43 144 44
 44 145 45
 45 146 46
 46 147 47
 47 148 48
 48 149 49
 49 150 50
 50 151 51
 51 152 52
 52 153 53
 53 154 54
 54 155 55
 55 156 56
 56 157 57
 57 158 58
 58 159 59
 59 160 60
 60 161 61
 61 162 62
 62 163 63
 63 164 64
 64 165 65
 65 166 66
 66 167 67
 67 168 68
 68 169 69
 69 170 70
 70 171 71
 71 172 72
 72 173 73
 73 174 74
 74 175 75
 75 176 76
 76 177 77
 77 178 78
 78 179 79
 79 180 80
 80 181 81
 81 182 82
 82 183 83
 83 184 84
 84 185 85
 85 186 86
 86 187 87
 87 188 88
 88 189 89
 89 190 90
 90 191 91
 91 192 92
 92 193 93
 93 194 94
 94 195 95
 95 196 96
 96 197 97
 97 198 98
 98 199 99
 100 201 101
 101 202 102
 102 203 103
 103 204 104
 104 205 105
 105 206 106
 106 207 107
 107 208 108
 108 209 109
 109 210 110
 110 211 111
 111 212 112
 112 213 113
 113 214 114
 114 215 115
 115 216 116
 116 217 117
 117 218 118
 118 219 119
 119 220 120
 120 221 121
 121 222 122
 122 223 123
 123 224 124
 124 225 125
 125 226 126
 126 227 127
 127 228 128
 128 229 129
 129 230 130
 130 231 131
 131 232 132
 132 233 133
 133 234 134
 134 235 135
 135 236 136
 136 237 137
 137 238 138
 138 239 139
 139 240 140
 140 241 141
 141 242 142
 142 243 143
 143 244 144
 144 245 145
 145 246 146
 146 247 147
 147 248 148
 148 249 149
 149 250 150
 150 251 151
 151 252 152
 152 253 153
 153 254 154
 154 255 155
 155 256 156
 156 257 157
 157 258 158
 158 259 159
 159 260 160
 160 261 161
 161 262 162
 162 263 163
 163 264 164
 164 265 165
 165 266 166
 166 267 167
 167 268 168
 168 269 169
 169 270 170
 170 271 171
 171 272 172
 172 273 173
 173 274 174
 174 275 175
 175 276 176
 176 277 177
 177 278 178
 178 279 179
 179 280 180
 180 281 181
 181 282 182
 182 283 183
 183 284 184
 184 285 185
 185 286 186
 186 287 187
 187 288 188
 188 289 189
 189 290 190
 190 291 191
 191 292 192
 192 293 193
 193 294 194
 194 295 195
 195 296 196
 196 297 197
 197 298 198
 198 299 199
 200 301 201
 201 302 202
 202 303 203
 203 304 204
 204 305 205
 205 306 206
 206 307 207
 207 308 208
 208 309 209
 209 310 210
 210 311 211
 211 312 212
 212 313 213
 213 314 214
 214 315 215
 215 316 216
 216 317 217
 217 318 218
 218 319 219
 219 320 220
 220 321 221
 221 322 222
 222 323 223
 223 324 224
 224 325 225
 225 326 226
 226 327 227
 227 328 228
 228 329 229
 229 330 230
 230 331 231
 231 332 232
 232 333 233
 233 334 234
 234 335 235
 235 336 236
 236 337 237
 237 338 238
 238 339 239
 239 340 240
 240 341 241
 241 342 242
 242 343 243
 243 344 244
 244 345 245
 245 346 246
 246 347 247
 247 348 248
 248 349 249
 249 350 250
 250 351 251
 251 352 252
 252 353 253
 253 354 254
 254 355 255
 255 356 256
 256 357 257
 257 358 258
 258 359 259
 259 360 260
 260 361 261
 261 362 262
 262 363 263
 263 364 264
 264 365 265
 265 366 266
 266 367 267
 267 368 268
 268 369 269
 269 370 270
 270 371 271
 271 372 272
 272 373 273
 273 374 274
 274 375 275
 275 376 276
 276 377 277
 277 378 278
 278 379 279
 279 380 280
 280 381 281
 281 382 282
 282 383 283
 283 384 284
 284 385 285
 285 386 286
 286 387 287
 287 388 288
 288 389 289
 289 390 290
 290 391 291
 291 392 292
 292 393 293
 293 394 294
 294 395 295
 295 396 296
 296 397 297
 297 398 298
 298 399 299
 300 401 301
 301 402 302
 302 403 303
 303 404 304
 304 405 305
 305 406 306
 306 407 307
 307 408 308
 308 409 309
 309 410 310
 310 411 311
 311 412 312
 312 413 313
 313 414 314
 314 415 315
 315 416 316
 316 417 317
 317 418 318
 318 419 319
 319 420 320
 320 421 321
 321 422 322
 322 423 323
 323 424 324
 324 425 325
 325 426 326
 326 427 327
 327 428 328
 328 429 329
 329 430 330
 330 431 331
 331 432 332
 332 433 333
 333 434 334
 334 435 335
 335 436 336
 336 437 337
 337 438 338
 338 439 339
 339 440 340
 340 441 341
 341 442 342
 342 443 343
 343 444 344
 344 445 345
 345 446 346
 346 447 347
 347 448 348
 348 449 349
 349 450 350
 350 451 351
 351 452 352
 352 453 353
 353 454 354
 354 455 355
 355 456 356
 356 457 357
 357 458 358
 358 459 359
 359 460 360
 360 461 361
 361 462 362
 362 463 363
 363 464 364
 364 465 365
 365 466 366
 366 467 367
 367 468 368
 368 469 369
 369 470 370
 370 471 371
 371 472 372
 372 473 373
 373 474 374
 374 475 375
 375 476 376
 376 477 377
 377 478 378
 378 479 379
 379 480 380
 380 481 381
 381 482 382
 382 483 383
 383 484 384
 384 485 385
 385 486 386
 386 487 387
 387 488 388
 388 489 389
 389 490 390
 390 491 391
 391 492 392
 392 493 393
 393 494 394
 394 495 395
 395 496 396
 396 497 397
 397 498 398
 398 499 399
 400 501 401
 401 502 402
 402 503 403
 403 504 404
 404 505 405
 405 506 406
 406 507 407
 407 508 408
 408 509 409
 409 510 410
 410 511 411
 411 512 412
 412 513 413
 413 514 414
 414 515 415
 415 516 416
 416 517 417
 417 518 418
 418 519 419
 419 520 420
 420 521 421
 421 522 422
 422 523 423
 423 524 424
 424 525 425
 425 526 426
 426 527 427
 427 528 428
 428 529 429
 429 530 430
 430 531 431
 431 532 432
 432 533 433
 433 534 434
 434 535 435
 435 536 436
 436 537 437
 437 538 438
 438 539 439
 439 540 440
 440 541 441
 441 542 442
 442 543 443
 443 544 444
 444 545 445
 445 546 446
 446 547 447
 447 548 448
 448 549 449
 449 550 450
 450 551 451
 451 552 452
 452 553 453
 453 554 454
 454 555 455
 455 556 456
 456 557 457
 457 558 458
 458 559 459
 459 560 460
 460 561 461
 461 562 462
 462 563 463
 463 564 464
 464 565 465
 465 566 466
 466 567 467
 467 568 468
 468 569 469
 469 570 470
 470 571 471
 471 572 472
 472 573 473
 473 574 474
 474 575 475
 475 576 476
 476 577 477
 477 578 478
 478 579 479
 479 580 480
 480 581 481
 481 582 482
 482 583 483
 483 584 484
 484 585 485
 485 586 486
 486 587 487
 487 588 488
 488 589 489
 489 590 490
 490 591 491
 491 592 492
 492 593 493
 493 594 494
 494 595 495
 495 596 496
 496 597 497
 497 598 498
 498 599 499
 500 601 501
 501 602 502
 502 603 503
 503 604 504
 504 605 505
 505 606 506
 506 607 507
 507 608 508
 508 609 509
 509 610 510
 510 611 511
 511 612 512
 512 613 513
 513 614 514
 514 615 515
 515 616 516
 516 617 517
 517 618 518
 518 619 519
 519 620 520
 520 621 521
 521 622 522
 522 623 523
 523 624 524
 524 625 525
 525 626 526
 526 627 527
 527 628 528
 528 629 529
 529 630 530
 530 631 531
 531 632 532
 532 633 533
 533 634 534
 534 635 535
 535 636 536
 536 637 537
 537 638 538
 538 639 539
 539 640 540
 540 641 541
 541 642 542
 542 643 543
 543 644 544
 544 645 545
 545 646 546
 546 647 547
 547 648 548
 548 649 549
 549 650 550
 550 651 551
 551 652 552
 552 653 553
 553 654 554
 554 655 555
 555 656 556
 556 657 557
 557 658 558
 558 659 559
 559 660 560
 560 661 561
 561 662 562
 562 663 563
 563 664 564
 564 665 565
 565 666 566
 566 667 567
 567 668 568
 568 669 569
 569 670 570
 570 671 571
 571 672 572
 572 673 573
 573 674 574
 574 675 575
 575 676 576
 576 677 577
 577 678 578
 578 679 579
 579 680 580
 580 681 581
 581 682 582
 582 683 583
 583 684 584
 584 685 585
 585 686 586
 586 687 587
 587 688 588
 588 689 589
 589 690 590
 590 691 591
 591 692 592
 592 693 593
 593 694 594
 594 695 595
 595 696 596
 596 697 597
 597 698 598
 598 699 599
 600 701 601
 601 702 602
 602 703 603
 603 704 604
 604 705 605
 605 706 606
 606 707 607
 607 708 608
 608 709 609
 609 710 610
 610 711 611
 611 712 612
 612 713 613
 613 714 614
 614 715 615
 615 716 616
 616 717 617
 617 718 618
 618 719 619
 619 720 620
 620 721 621
 621 722 622
 622 723 623
 623 724 624
 624 725 625
 625 726 626
 626 727 627
 627 728 628
 628 729 629
 629 730 630
 630 731 631
 631 732 632
 632 733 633
 633 734 634
 634 735 635
 635 736 636
 636 737 637
 637 738 638
 638 739 639
 639 740 640
 640 741 641
 641 742 642
 642 743 643
 643 744 644
 644 745 645
 645 746 646
 646 747 647
 647 748 648
 648 749 649
 649 750 650
 650 751 651
 651 752 652
 652 753 653
 653 754 654
 654 755 655
 655 756 656
 656 757 657
 657 758 658
 658 759 659
 659 760 660
 660 761 661
 661 762 662
 662 763 663
 663 764 664
 664 765 665
 665 766 666
 666 767 667
 667 768 668
 668 769 669
 669 770 670
 670 771 671
 671 772 672
 672 773 673
 673 774 674
 674 775 675
 675 776 676
 676 777 677
 677 778 678
 678 779 679
 679 780 680
 680 781 681
 681 782 682
 682 783 683
 683 784 684
 684 785 685
 685 786 686
 686 787 687
 687 788 688
 688 789 689
 689 790 690
 690 791 691
 691 792 692
 692 793 693
 693 794 694
 694 795 695
 695 796 696
 696 797 697
 697 798 698
 698 799 699
 700 801 701
 701 802 702
 702 803 703
 703 804 704
 704 805 705
 705 806 706
 706 807 707
 707 808 708
 708 809 709
 709 810 710
 710 811 711
 711 812 712
 712 813 713
 713 814 714
 714 815 715
 715 816 716
 716 817 717
 717 818 718
 718 819 719
 719 820 720
 720 821 721
 721 822 722
 722 823 723
 723 824 724
 724 825 725
 725 826 726
 726 827 727
 727 828 728
 728 829 729
 729 830 730
 730 831 731
 731 832 732
 732 833 733
 733 834 734
 734 835 735
 735 836 736
 736 837 737
 737 838 738
 738 839 739
 739 840 740
 740 841 741
 741 842 742
 742 843 743
 743 844 744
 744 845 745
 745 846 746
 746 847 747
 747 848 748
 748 849 749
 749 850 750
 750 851 751
 751 852 752
 752 853 753
 753 854 754
 754 855 755
 755 856 756
 756 857 757
 757 858 758
 758 859 759
 759 860 760
 760 861 761
 761 862 762
 762 863 763
 763 864 764
 764 865 765
 765 866 766
 766 867 767
 767 868 768
 768 869 769
 769 870 770
 770 871 771
 771 872 772
 772 873 773
 773 874 774
 774 875 775
 775 876 776
 776 877 777
 777 878 778
 778 879 779
 779 880 780
 780 881 781
 781 882 782
 782 883 783
 783 884 784
 784 885 785
 785 886 786
 786 887 787
 787 888 788
 788 889 789
 789 890 790
 790 891 791
 791 892 792
 792 893 793
 793 894 794
 794 895 795
 795 896 796
 796 897 797
 797 898 798
 798 899 799
 800 901 801
 801 902 802
 802 903 803
 803 904 804
 804 905 805
 805 906 806
 806 907 807
 807 908 808
 808 909 809
 809 910 810
 810 911 811
 811 912 812
 812 913 813
 813 914 814
 814 915 815
 815 916 816
 816 917 817
 817 918 818
 818 919 819
 819 920 820
 820 921 821
 821 922 822
 822 923 823
 823 924 824
 824 925 825
 825 926 826
 826 927 827
 827 928 828
 828 929 829
 829 930 830
 830 931 831
 831 932 832
 832 933 833
 833 934 834
 834 935 835
 835 936 836
 836 937 837
 837 938 838
 838 939 839
 839 940 840
 840 941 841
 841 942 842
 842 943 843
 843 944 844
 844 945 845
 845 946 846
 846 947 847
 847 948 848
 848 949 849
 849 950 850
 850 951 851
 851 952 852
 852 953 853
 853 954 854
 854 955 855
 855 956 856
 856 957 857
 857 958 858
 858 959 859
 859 960 860
 860 961 861
 861 962 862
 862 963 863
 863 964 864
 864 965 865
 865 966 866
 866 967 867
 867 968 868
 868 969 869
 869 970 870
 870 971 871
 871 972 872
 872 973 873
 873 974 874
 874 975 875
 875 976 876
 876 977 877
 877 978 878
 878 979 879
 879 980 880
 880 981 881
 881 982 882
 882 983 883
 883 984 884
 884 985 885
 885 986 886
 886 987 887
 887 988 888
 888 989 889
 889 990 890
 890 991 891
 891 992 892
 892 993 893
 893 994 894
 894 995 895
 895 996 896
 896 997 897
 897 998 898
 898 999 899
 900 1001 901
 901 1002 902
 902 1003 903
 903 1004 904
 904 1005 905
 905 1006 906
 906 1007 907
 907 1008 908
 908 1009 909
 909 1010 910
 910 1011 911
 911 1012 912
 912 1013 913
 913 1014 914
 914 1015 915
 915 1016 916
 916 1017 917
 917 1018 918
 918 1019 919
 919 1020 920
 920 1021 921
 921 1022 922
 922 1023 923
 923 1024 924
 924 1025 925
 925 1026 926
 926 1027 927
 927 1028 928
 928 1029 929
 929 1030 930
 930 1031 931
 931 1032 932
 932 1033 933
 933 1034 934
 934 1035 935
 935 1036 936
 936 1037 937
 937 1038 938
 938 1039 939
 939 1040 940
 940 1041 941
 941 1042 942
 942 1043 943
 943 1044 944
 944 1045 945
 945 1046 946
 946 1047 947
 947 1048 948
 948 1049 949
 949 1050 950
 950 1051 951
 951 1052 952
 952 1053 953
 953 1054 954
 954 1055 955
 955 1056 956
 956 1057 957
 957 1058 958
 958 1059 959
 959 1060 960
 960 1061 961
 961 1062 962
 962 1063 963
 963 1064 964
 964 1065 965
 965 1066 966
 966 1067 967
 967 1068 968
 968 1069 969
 969 1070 970
 970 1071 971
 971 1072 972
 972 1073 973
 973 1074 974
 974 1075 975
 975 1076 976
 976 1077 977
 977 1078 978
 978 1079 979
 979 1080 980
 980 1081 981
 981 1082 982
 982 1083 983
 983 1084 984
 984 1085 985
 985 1086 986
 986 1087 987
 987 1088 988
 988 1089 989
 989 1090 990
 990 1091 991
 991 1092 992
 992 1093 993
 993 1094 994
 994 1095 995
 995 1096 996
 996 1097 997
 997 1098 998
 998 1099 999
 1000 1101 1001
 1001 1102 1002
 1002 1103 1003
 1003 1104 1004
 1004 1105 1005
 1005 1106 1006
 1006 1107 1007
 1007 1108 1008
 1008 1109 1009
 1009 1110 1010
 1010 1111 1011
 1011 1112 1012
 1012 1113 1013
 1013 1114 1014
 1014 1115 1015
 1015 1116 1016
 1016 1117 1017
 1017 1118 1018
 1018 1119 1019
 1019 1120 1020
 1020 1121 1021
 1021 1122 1022
 1022 1123 1023
 1023 1124 1024
 1024 1125 1025
 1025 1126 1026
 1026 1127 1027
 1027 1128 1028
 1028 1129 1029
 1029 1130 1030
 1030 1131 1031
 1031 1132 1032
 1032 1133 1033
 1033 1134 1034
 1034 1135 1035
 1035 1136 1036
 1036 1137 1037
 1037 1138 1038
 1038 1139 1039
 1039 1140 1040
 1040 1141 1041
 1041 1142 1042
 1042 1143 1043
 1043 1144 1044
 1044 1145 1045
 1045 1146 1046
 1046 1147 1047
 1047 1148 1048
 1048 1149 1049
 1049 1150 1050
 1050 1151 1051
 1051 1152 1052
 1052 1153 1053
 1053 1154 1054
 1054 1155 1055
 1055 1156 1056
 1056 1157 1057
 1057 1158 1058
 1058 1159 1059
 1059 1160 1060
 1060 1161 1061
 1061 1162 1062
 1062 1163 1063
 1063 1164 1064
 1064 1165 1065
 1065 1166 1066
 1066 1167 1067
 1067 1168 1068
 1068 1169 1069
 1069 1170 1070
 1070 1171 1071
 1071 1172 1072
 1072 1173 1073
 1073 1174 1074
 1074 1175 1075
 1075 1176 1076
 1076 1177 1077
 1077 1178 1078
 1078 1179 1079
 1079 1180 1080
 1080 1181 1081
 1081 1182 1082
 1082 1183 1083
 1083 1184 1084
 1084 1185 1085
 1085 1186 1086
 1086 1187 1087
 1087 1188 1088
 1088 1189 1089
 1089 1190 1090
 1090 1191 1091
 1091 1192 1092
 1092 1193 1093
 1093 1194 1094
 1094 1195 1095
 1095 1196 1096
 1096 1197 1097
 1097 1198 1098
 1098 1199 1099
 1100 1201 1101
 1101 1202 1102
 1102 1203 1103
 1103 1204 1104
 1104 1205 1105
 1105 1206 1106
 1106 1207 1107
 1107 1208 1108
 1108 1209 1109
 1109 1210 1110
 1110 1211 1111
 1111 1212 1112
 1112 1213 1113
 1113 1214 1114
 1114 1215 1115
 1115 1216 1116
 1116 1217 1117
 1117 1218 1118
 1118 1219 1119
 1119 1220 1120
 1120 1221 1121
 1121 1222 1122
 1122 1223 1123
 1123 1224 1124
 1124 1225 1125
 1125 1226 1126
 1126 1227 1127
 1127 1228 1128
 1128 1229 1129
 1129 1230 1130
 1130 1231 1131
 1131 1232 1132
 1132 1233 1133
 1133 1234 1134
 1134 1235 1135
 1135 1236 1136
 1136 1237 1137
 1137 1238 1138
 1138 1239 1139
 1139 1240 1140
 1140 1241 1141
 1141 1242 1142
 1142 1243 1143
 1143 1244 1144
 1144 1245 1145
 1145 1246 1146
 1146 1247 1147
 1147 1248 1148
 1148 1249 1149
 1149 1250 1150
 1150 1251 1151
 1151 1252 1152
 1152 1253 1153
 1153 1254 1154
 1154 1255 1155
 1155 1256 1156
 1156 1257 1157
 1157 1258 1158
 1158 1259 1159
 1159 1260 1160
 1160 1261 1161
 1161 1262 1162
 1162 1263 1163
 1163 1264 1164
 1164 1265 1165
 1165 1266 1166
 1166 1267 1167
 1167 1268 1168
 1168 1269 1169
 1169 1270 1170
 1170 1271 1171
 1171 1272 1172
 1172 1273 1173
 1173 1274 1174
 1174 1275 1175
 1175 1276 1176
 1176 1277 1177
 1177 1278 1178
 1178 1279 1179
 1179 1280 1180
 1180 1281 1181
 1181 1282 1182
 1182 1283 1183
 1183 1284 1184
 1184 1285 1185
 1185 1286 1186
 1186 1287 1187
 1187 1288 1188
 1188 1289 1189
 1189 1290 1190
 1190 1291 1191
 1191 1292 1192
 1192 1293 1193
 1193 1294 1194
 1194 1295 1195
 1195 1296 1196
 1196 1297 1197
 1197 1298 1198
 1198 1299 1199
 1200 1301 1201
 1201 1302 1202
 1202 1303 1203
 1203 1304 1204
 1204 1305 1205
 1205 1306 1206
 1206 1307 1207
 1207 1308 1208
 1208 1309 1209
 1209 1310 1210
 1210 1311 1211
 1211 1312 1212
 1212 1313 1213
 1213 1314 1214
 1214 1315 1215
 1215 1316 1216
 1216 1317 1217
 1217 1318 1218
 1218 1319 1219
 1219 1320 1220
 1220 1321 1221
 1221 1322 1222
 1222 1323 1223
 1223 1324 1224
 1224 1325 1225
 1225 1326 1226
 1226 1327 1227
 1227 1328 1228
 1228 1329 1229
 1229 1330 1230
 1230 1331 1231
 1231 1332 1232
 1232 1333 1233
 1233 1334 1234
 1234 1335 1235
 1235 1336 1236
 1236 1337 1237
 1237 1338 1238
 1238 1339 1239
 1239 1340 1240
 1240 1341 1241
 1241 1342 1242
 1242 1343 1243
 1243 1344 1244
 1244 1345 1245
 1245 1346 1246
 1246 1347 1247
 1247 1348 1248
 1248 1349 1249
 1249 1350 1250
 1250 1351 1251
 1251 1352 1252
 1252 1353 1253
 1253 1354 1254
 1254 1355 1255
 1255 1356 1256
 1256 1357 1257
 1257 1358 1258
 1258 1359 1259
 1259 1360 1260
 1260 1361 1261
 1261 1362 1262
 1262 1363 1263
 1263 1364 1264
 1264 1365 1265
 1265 1366 1266
 1266 1367 1267
 1267 1368 1268
 1268 1369 1269
 1269 1370 1270
 1270 1371 1271
 1271 1372 1272
 1272 1373 1273
 1273 1374 1274
 1274 1375 1275
 1275 1376 1276
 1276 1377 1277
 1277 1378 1278
 1278 1379 1279
 1279 1380 1280
 1280 1381 1281
 1281 1382 1282
 1282 1383 1283
 1283 1384 1284
 1284 1385 1285
 1285 1386 1286
 1286 1387 1287
 1287 1388 1288
 1288 1389 1289
 1289 1390 1290
 1290 1391 1291
 1291 1392 1292
 1292 1393 1293
 1293 1394 1294
 1294 1395 1295
 1295 1396 1296
 1296 1397 1297
 1297 1398 1298
 1298 1399 1299
 1300 1401 1301
 1301 1402 1302
 1302 1403 1303
 1303 1404 1304
 1304 1405 1305
 1305 1406 1306
 1306 1407 1307
 1307 1408 1308
 1308 1409 1309
 1309 1410 1310
 1310 1411 1311
 1311 1412 1312
 1312 1413 1313
 1313 1414 1314
 1314 1415 1315
 1315 1416 1316
 1316 1417 1317
 1317 1418 1318
 1318 1419 1319
 1319 1420 1320
 1320 1421 1321
 1321 1422 1322
 1322 1423 1323
 1323 1424 1324
 1324 1425 1325
 1325 1426 1326
 1326 1427 1327
 1327 1428 1328
 1328 1429 1329
 1329 1430 1330
 1330 1431 1331
 1331 1432 1332
 1332 1433 1333
 1333 1434 1334
 1334 1435 1335
 1335 1436 1336
 1336 1437 1337
 1337 1438 1338
 1338 1439 1339
 1339 1440 1340
 1340 1441 1341
 1341 1442 1342
 1342 1443 1343
 1343 1444 1344
 1344 1445 1345
 1345 1446 1346
 1346 1447 1347
 1347 1448 1348
 1348 1449 1349
 1349 1450 1350
 1350 1451 1351
 1351 1452 1352
 1352 1453 1353
 1353 1454 1354
 1354 1455 1355
 1355 1456 1356
 1356 1457 1357
 1357 1458 1358
 1358 1459 1359
 1359 1460 1360
 1360 1461 1361
 1361 1462 1362
 1362 1463 1363
 1363 1464 1364
 1364 1465 1365
 1365 1466 1366
 1366 1467 1367
 1367 1468 1368
 1368 1469 1369
 1369 1470 1370
 1370 1471 1371
 1371 1472 1372
 1372 1473 1373
 1373 1474 1374
 1374 1475 1375
 1375 1476 1376
 1376 1477 1377
 1377 1478 1378
 1378 1479 1379
 1379 1480 1380
 1380 1481 1381
 1381 1482 1382
 1382 1483 1383
 1383 1484 1384
 1384 1485 1385
 1385 1486 1386
 1386 1487 1387
 1387 1488 1388
 1388 1489 1389
 1389 1490 1390
 1390 1491 1391
 1391 1492 1392
 1392 1493 1393
 1393 1494 1394
 1394 1495 1395
 1395 1496 1396
 1396 1497 1397
 1397 1498 1398
 1398 1499 1399
 1400 1501 1401
 1401 1502 1402
 1402 1503 1403
 1403 1504 1404
 1404 1505 1405
 1405 1506 1406
 1406 1507 1407
 1407 1508 1408
 1408 1509 1409
 1409 1510 1410
 1410 1511 1411
 1411 1512 1412
 1412 1513 1413
 1413 1514 1414
 1414 1515 1415
 1415 1516 1416
 1416 1517 1417
 1417 1518 1418
 1418 1519 1419
 1419 1520 1420
 1420 1521 1421
 1421 1522 1422
 1422 1523 1423
 1423 1524 1424
 1424 1525 1425
 1425 1526 1426
 1426 1527 1427
 1427 1528 1428
 1428 1529 1429
 1429 1530 1430
 1430 1531 1431
 1431 1532 1432
 1432 1533 1433
 1433 1534 1434
 1434 1535 1435
 1435 1536 1436
 1436 1537 1437
 1437 1538 1438
 1438 1539 1439
 1439 1540 1440
 1440 1541 1441
 1441 1542 1442
 1442 1543 1443
 1443 1544 1444
 1444 1545 1445
 1445 1546 1446
 1446 1547 1447
 1447 1548 1448
 1448 1549 1449
 1449 1550 1450
 1450 1551 1451
 1451 1552 1452
 1452 1553 1453
 1453 1554 1454
 1454 1555 1455
 1455 1556 1456
 1456 1557 1457
 1457 1558 1458
 1458 1559 1459
 1459 1560 1460
 1460 1561 1461
 1461 1562 1462
 1462 1563 1463
 1463 1564 1464
 1464 1565 1465
 1465 1566 1466
 1466 1567 1467
 1467 1568 1468
 1468 1569 1469
 1469 1570 1470
 1470 1571 1471
 1471 1572 1472
 1472 1573 1473
 1473 1574 1474
 1474 1575 1475
 1475 1576 1476
 1476 1577 1477
 1477 1578 1478
 1478 1579 1479
 1479 1580 1480
 1480 1581 1481
 1481 1582 1482
 1482 1583 1483
 1483 1584 1484
 1484 1585 1485
 1485 1586 1486
 1486 1587 1487
 1487 1588 1488
 1488 1589 1489
 1489 1590 1490
 1490 1591 1491
 1491 1592 1492
 1492 1593 1493
 1493 1594 1494
 1494 1595 1495
 1495 1596 1496
 1496 1597 1497
 1497 1598 1498
 1498 1599 1499
 1500 1601 1501
 1501 1602 1502
 1502 1603 1503
 1503 1604 1504
 1504 1605 1505
 1505 1606 1506
 1506 1607 1507
 1507 1608 1508
 1508 1609 1509
 1509 1610 1510
 1510 1611 1511
 1511 1612 1512
 1512 1613 1513
 1513 1614 1514
 1514 1615 1515
 1515 1616 1516
 1516 1617 1517
 1517 1618 1518
 1518 1619 1519
 1519 1620 1520
 1520 1621 1521
 1521 1622 1522
 1522 1623 1523
 1523 1624 1524
 1524 1625 1525
 1525 1626 1526
 1526 1627 1527
 1527 1628 1528
 1528 1629 1529
 1529 1630 1530
 1530 1631 1531
 1531 1632 1532
 1532 1633 1533
 1533 1634 1534
 1534 1635 1535
 1535 1636 1536
 1536 1637 1537
 1537 1638 1538
 1538 1639 1539
 1539 1640 1540
 1540 1641 1541
 1541 1642 1542
 1542 1643 1543
 1543 1644 1544
 1544 1645 1545
 1545 1646 1546
 1546 1647 1547
 1547 1648 1548
 1548 1649 1549
 1549 1650 1550
 1550 1651 1551
 1551 1652 1552
 1552 1653 1553
 1553 1654 1554
 1554 1655 1555
 1555 1656 1556
 1556 1657 1557
 1557 1658 1558
 1558 1659 1559
 1559 1660 1560
 1560 1661 1561
 1561 1662 1562
 1562 1663 1563
 1563 1664 1564
 1564 1665 1565
 1565 1666 1566
 1566 1667 1567
 1567 1668 1568
 1568 1669 1569
 1569 1670 1570
 1570 1671 1571
 1571 1672 1572
 1572 1673 1573
 1573 1674 1574
 1574 1675 1575
 1575 1676 1576
 1576 1677 1577
 1577 1678 1578
 1578 1679 1579
 1579 1680 1580
 1580 1681 1581
 1581 1682 1582
 1582 1683 1583
 1583 1684 1584
 1584 1685 1585
 1585 1686 1586
 1586 1687 1587
 1587 1688 1588
 1588 1689 1589
 1589 1690 1590
 1590 1691 1591
 1591 1692 1592
 1592 1693 1593
 1593 1694 1594
 1594 1695 1595
 1595 1696 1596
 1596 1697 1597
 1597 1698 1598
 1598 1699 1599
 1600 1701 1601
 1601 1702 1602
 1602 1703 1603
 1603 1704 1604
 1604 1705 1605
 1605 1706 1606
 1606 1707 1607
 1607 1708 1608
 1608 1709 1609
 1609 1710 1610
 1610 1711 1611
 1611 1712 1612
 1612 1713 1613
 1613 1714 1614
 1614 1715 1615
 1615 1716 1616
 1616 1717 1617
 1617 1718 1618
 1618 1719 1619
 1619 1720 1620
 1620 1721 1621
 1621 1722 1622
 1622 1723 1623
 1623 1724 1624
 1624 1725 1625
 1625 1726 1626
 1626 1727 1627
 1627 1728 1628
 1628 1729 1629
 1629 1730 1630
 1630 1731 1631
 1631 1732 1632
 1632 1733 1633
 1633 1734 1634
 1634 1735 1635
 1635 1736 1636
 1636 1737 1637
 1637 1738 1638
 1638 1739 1639
 1639 1740 1640
 1640 1741 1641
 1641 1742 1642
 1642 1743 1643
 1643 1744 1644
 1644 1745 1645
 1645 1746 1646
 1646 1747 1647
 1647 1748 1648
 1648 1749 1649
 1649 1750 1650
 1650 1751 1651
 1651 1752 1652
 1652 1753 1653
 1653 1754 1654
 1654 1755 1655
 1655 1756 1656
 1656 1757 1657
 1657 1758 1658
 1658 1759 1659
 1659 1760 1660
 1660 1761 1661
 1661 1762 1662
 1662 1763 1663
 1663 1764 1664
 1664 1765 1665
 1665 1766 1666
 1666 1767 1667
 1667 1768 1668
 1668 1769 1669
 1669 1770 1670
 1670 1771 1671
 1671 1772 1672
 1672 1773 1673
 1673 1774 1674
 1674 1775 1675
 1675 1776 1676
 1676 1777 1677
 1677 1778 1678
 1678 1779 1679
 1679 1780 1680
 1680 1781 1681
 1681 1782 1682
 1682 1783 1683
 1683 1784 1684
 1684 1785 1685
 1685 1786 1686
 1686 1787 1687
 1687 1788 1688
 1688 1789 1689
 1689 1790 1690
 1690 1791 1691
 1691 1792 1692
 1692 1793 1693
 1693 1794 1694
 1694 1795 1695
 1695 1796 1696
 1696 1797 1697
 1697 1798 1698
 1698 1799 1699
 1700 1801 1701
 1701 1802 1702
 1702 1803 1703
 1703 1804 1704
 1704 1805 1705
 1705 1806 1706
 1706 1807 1707
 1707 1808 1708
 1708 1809 1709
 1709 1810 1710
 1710 1811 1711
 1711 1812 1712
 1712 1813 1713
 1713 1814 1714
 1714 1815 1715
 1715 1816 1716
 1716 1817 1717
 1717 1818 1718
 1718 1819 1719
 1719 1820 1720
 1720 1821 1721
 1721 1822 1722
 1722 1823 1723
 1723 1824 1724
 1724 1825 1725
 1725 1826 1726
 1726 1827 1727
 1727 1828 1728
 1728 1829 1729
 1729 1830 1730
 1730 1831 1731
 1731 1832 1732
 1732 1833 1733
 1733 1834 1734
 1734 1835 1735
 1735 1836 1736
 1736 1837 1737
 1737 1838 1738
 1738 1839 1739
 1739 1840 1740
 1740 1841 1741
 1741 1842 1742
 1742 1843 1743
 1743 1844 1744
 1744 1845 1745
 1745 1846 1746
 1746 1847 1747
 1747 1848 1748
 1748 1849 1749
 1749 1850 1750
 1750 1851 1751
 1751 1852 1752
 1752 1853 1753
 1753 1854 1754
 1754 1855 1755
 1755 1856 1756
 1756 1857 1757
 1757 1858 1758
 1758 1859 1759
 1759 1860 1760
 1760 1861 1761
 1761 1862 1762
 1762 1863 1763
 1763 1864 1764
 1764 1865 1765
 1765 1866 1766
 1766 1867 1767
 1767 1868 1768
 1768 1869 1769
 1769 1870 1770
 1770 1871 1771
 1771 1872 1772
 1772 1873 1773
 1773 1874 1774
 1774 1875 1775
 1775 1876 1776
 1776 1877 1777
 1777 1878 1778
 1778 1879 1779
 1779 1880 1780
 1780 1881 1781
 1781 1882 1782
 1782 1883 1783
 1783 1884 1784
 1784 1885 1785
 1785 1886 1786
 1786 1887 1787
 1787 1888 1788
 1788 1889 1789
 1789 1890 1790
 1790 1891 1791
 1791 1892 1792
 1792 1893 1793
 1793 1894 1794
 1794 1895 1795
 1795 1896 1796
 1796 1897 1797
 1797 1898 1798
 1798 1899 1799
 1800 1901 1801
 1801 1902 1802
 1802 1903 1803
 1803 1904 1804
 1804 1905 1805
 1805 1906 1806
 1806 1907 1807
 1807 1908 1808
 1808 1909 1809
 1809 1910 1810
 1810 1911 1811
 1811 1912 1812
 1812 1913 1813
 1813 1914 1814
 1814 1915 1815
 1815 1916 1816
 1816 1917 1817
 1817 1918 1818
 1818 1919 1819
 1819 1920 1820
 1820 1921 1821
 1821 1922 1822
 1822 1923 1823
 1823 1924 1824
 1824 1925 1825
 1825 1926 1826
 1826 1927 1827
 1827 1928 1828
 1828 1929 1829
 1829 1930 1830
 1830 1931 1831
 1831 1932 1832
 1832 1933 1833
 1833 1934 1834
 1834 1935 1835
 1835 1936 1836
 1836 1937 1837
 1837 1938 1838
 1838 1939 1839
 1839 1940 1840
 1840 1941 1841
 1841 1942 1842
 1842 1943 1843
 1843 1944 1844
 1844 1945 1845
 1845 1946 1846
 1846 1947 1847
 1847 1948 1848
 1848 1949 1849
 1849 1950 1850
 1850 1951 1851
 1851 1952 1852
 1852 1953 1853
 1853 1954 1854
 1854 1955 1855
 1855 1956 1856
 1856 1957 1857
 1857 1958 1858
 1858 1959 1859
 1859 1960 1860
 1860 1961 1861
 1861 1962 1862
 1862 1963 1863
 1863 1964 1864
 1864 1965 1865
 1865 1966 1866
 1866 1967 1867
 1867 1968 1868
 1868 1969 1869
 1869 1970 1870
 1870 1971 1871
 1871 1972 1872
 1872 1973 1873
 1873 1974 1874
 1874 1975 1875
 1875 1976 1876
 1876 1977 1877
 1877 1978 1878
 1878 1979 1879
 1879 1980 1880
 1880 1981 1881
 1881 1982 1882
 1882 1983 1883
 1883 1984 1884
 1884 1985 1885
 1885 1986 1886
 1886 1987 1887
 1887 1988 1888
 1888 1989 1889
 1889 1990 1890
 1890 1991 1891
 1891 1992 1892
 1892 1993 1893
 1893 1994 1894
 1894 1995 1895
 1895 1996 1896
 1896 1997 1897
 1897 1998 1898
 1898 1999 1899
 1900 2001 1901
 1901 2002 1902
 1902 2003 1903
 1903 2004 1904
 1904 2005 1905
 1905 2006 1906
 1906 2007 1907
 1907 2008 1908
 1908 2009 1909
 1909 2010 1910
 1910 2011 1911
 1911 2012 1912
 1912 2013 1913
 1913 2014 1914
 1914 2015 1915
 1915 2016 1916
 1916 2017 1917
 1917 2018 1918
 1918 2019 1919
 1919 2020 1920
 1920 2021 1921
 1921 2022 1922
 1922 2023 1923
 1923 2024 1924
 1924 2025 1925
 1925 2026 1926
 1926 2027 1927
 1927 2028 1928
 1928 2029 1929
 1929 2030 1930
 1930 2031 1931
 1931 2032 1932
 1932 2033 1933
 1933 2034 1934
 1934 2035 1935
 1935 2036 1936
 1936 2037 1937
 1937 2038 1938
 1938 2039 1939
 1939 2040 1940
 1940 2041 1941
 1941 2042 1942
 1942 2043 1943
 1943 2044 1944
 1944 2045 1945
 1945 2046 1946
 1946 2047 1947
 1947 2048 1948
 1948 2049 1949
 1949 2050 1950
 1950 2051 1951
 1951 2052 1952
 1952 2053 1953
 1953 2054 1954
 1954 2055 1955
 1955 2056 1956
 1956 2057 1957
 1957 2058 1958
 1958 2059 1959
 1959 2060 1960
 1960 2061 1961
 1961 2062 1962
 1962 2063 1963
 1963 2064 1964
 1964 2065 1965
 1965 2066 1966
 1966 2067 1967
 1967 2068 1968
 1968 2069 1969
 1969 2070 1970
 1970 2071 1971
 1971 2072 1972
 1972 2073 1973
 1973 2074 1974
 1974 2075 1975
 1975 2076 1976
 1976 2077 1977
 1977 2078 1978
 1978 2079 1979
 1979 2080 1980
 1980 2081 1981
 1981 2082 1982
 1982 2083 1983
 1983 2084 1984
 1984 2085 1985
 1985 2086 1986
 1986 2087 1987
 1987 2088 1988
 1988 2089 1989
 1989 2090 1990
 1990 2091 1991
 1991 2092 1992
 1992 2093 1993
 1993 2094 1994
 1994 2095 1995
 1995 2096 1996
 1996 2097 1997
 1997 2098 1998
 1998 2099 1999
 2000 2101 2001
 2001 2102 2002
 2002 2103 2003
 2003 2104 2004
 2004 2105 2005
 2005 2106 2006
 2006 2107 2007
 2007 2108 2008
 2008 2109 2009
 2009 2110 2010
 2010 2111 2011
 2011 2112 2012
 2012 2113 2013
 2013 2114 2014
 2014 2115 2015
 2015 2116 2016
 2016 2117 2017
 2017 2118 2018
 2018 2119 2019
 2019 2120 2020
 2020 2121 2021
 2021 2122 2022
 2022 2123 2023
 2023 2124 2024
 2024 2125 2025
 2025 2126 2026
 2026 2127 2027
 2027 2128 2028
 2028 2129 2029
 2029 2130 2030
 2030 2131 2031
 2031 2132 2032
 2032 2133 2033
 2033 2134 2034
 2034 2135 2035
 2035 2136 2036
 2036 2137 2037
 2037 2138 2038
 2038 2139 2039
 2039 2140 2040
 2040 2141 2041
 2041 2142 2042
 2042 2143 2043
 2043 2144 2044
 2044 2145 2045
 2045 2146 2046
 2046 2147 2047
 2047 2148 2048
 2048 2149 2049
 2049 2150 2050
 2050 2151 2051
 2051 2152 2052
 2052 2153 2053
 2053 2154 2054
 2054 2155 2055
 2055 2156 2056
 2056 2157 2057
 2057 2158 2058
 2058 2159 2059
 2059 2160 2060
 2060 2161 2061
 2061 2162 2062
 2062 2163 2063
 2063 2164 2064
 2064 2165 2065
 2065 2166 2066
 2066 2167 2067
 2067 2168 2068
 2068 2169 2069
 2069 2170 2070
 2070 2171 2071
 2071 2172 2072
 2072 2173 2073
 2073 2174 2074
 2074 2175 2075
 2075 2176 2076
 2076 2177 2077
 2077 2178 2078
 2078 2179 2079
 2079 2180 2080
 2080 2181 2081
 2081 2182 2082
 2082 2183 2083
 2083 2184 2084
 2084 2185 2085
 2085 2186 2086
 2086 2187 2087
 2087 2188 2088
 2088 2189 2089
 2089 2190 2090
 2090 2191 2091
 2091 2192 2092
 2092 2193 2093
 2093 2194 2094
 2094 2195 2095
 2095 2196 2096
 2096 2197 2097
 2097 2198 2098
 2098 2199 2099
 2100 2201 2101
 2101 2202 2102
 2102 2203 2103
 2103 2204 2104
 2104 2205 2105
 2105 2206 2106
 2106 2207 2107
 2107 2208 2108
 2108 2209 2109
 2109 2210 2110
 2110 2211 2111
 2111 2212 2112
 2112 2213 2113
 2113 2214 2114
 2114 2215 2115
 2115 2216 2116
 2116 2217 2117
 2117 2218 2118
 2118 2219 2119
 2119 2220 2120
 2120 2221 2121
 2121 2222 2122
 2122 2223 2123
 2123 2224 2124
 2124 2225 2125
 2125 2226 2126
 2126 2227 2127
 2127 2228 2128
 2128 2229 2129
 2129 2230 2130
 2130 2231 2131
 2131 2232 2132
 2132 2233 2133
 2133 2234 2134
 2134 2235 2135
 2135 2236 2136
 2136 2237 2137
 2137 2238 2138
 2138 2239 2139
 2139 2240 2140
 2140 2241 2141
 2141 2242 2142
 2142 2243 2143
 2143 2244 2144
 2144 2245 2145
 2145 2246 2146
 2146 2247 2147
 2147 2248 2148
 2148 2249 2149
 2149 2250 2150
 2150 2251 2151
 2151 2252 2152
 2152 2253 2153
 2153 2254 2154
 2154 2255 2155
 2155 2256 2156
 2156 2257 2157
 2157 2258 2158
 2158 2259 2159
 2159 2260 2160
 2160 2261 2161
 2161 2262 2162
 2162 2263 2163
 2163 2264 2164
 2164 2265 2165
 2165 2266 2166
 2166 2267 2167
 2167 2268 2168
 2168 2269 2169
 2169 2270 2170
 2170 2271 2171
 2171 2272 2172
 2172 2273 2173
 2173 2274 2174
 2174 2275 2175
 2175 2276 2176
 2176 2277 2177
 2177 2278 2178
 2178 2279 2179
 2179 2280 2180
 2180 2281 2181
 2181 2282 2182
 2182 2283 2183
 2183 2284 2184
 2184 2285 2185
 2185 2286 2186
 2186 2287 2187
 2187 2288 2188
 2188 2289 2189
 2189 2290 2190
 2190 2291 2191
 2191 2292 2192
 2192 2293 2193
 2193 2294 2194
 2194 2295 2195
 2195 2296 2196
 2196 2297 2197
 2197 2298 2198
 2198 2299 2199
 2200 2301 2201
 2201 2302 2202
 2202 2303 2203
 2203 2304 2204
 2204 2305 2205
 2205 2306 2206
 2206 2307 2207
 2207 2308 2208
 2208 2309 2209
 2209 2310 2210
 2210 2311 2211
 2211 2312 2212
 2212 2313 2213
 2213 2314 2214
 2214 2315 2215
 2215 2316 2216
 2216 2317 2217
 2217 2318 2218
 2218 2319 2219
 2219 2320 2220
 2220 2321 2221
 2221 2322 2222
 2222 2323 2223
 2223 2324 2224
 2224 2325 2225
 2225 2326 2226
 2226 2327 2227
 2227 2328 2228
 2228 2329 2229
 2229 2330 2230
 2230 2331 2231
 2231 2332 2232
 2232 2333 2233
 2233 2334 2234
 2234 2335 2235
 2235 2336 2236
 2236 2337 2237
 2237 2338 2238
 2238 2339 2239
 2239 2340 2240
 2240 2341 2241
 2241 2342 2242
 2242 2343 2243
 2243 2344 2244
 2244 2345 2245
 2245 2346 2246
 2246 2347 2247
 2247 2348 2248
 2248 2349 2249
 2249 2350 2250
 2250 2351 2251
 2251 2352 2252
 2252 2353 2253
 2253 2354 2254
 2254 2355 2255
 2255 2356 2256
 2256 2357 2257
 2257 2358 2258
 2258 2359 2259
 2259 2360 2260
 2260 2361 2261
 2261 2362 2262
 2262 2363 2263
 2263 2364 2264
 2264 2365 2265
 2265 2366 2266
 2266 2367 2267
 2267 2368 2268
 2268 2369 2269
 2269 2370 2270
 2270 2371 2271
 2271 2372 2272
 2272 2373 2273
 2273 2374 2274
 2274 2375 2275
 2275 2376 2276
 2276 2377 2277
 2277 2378 2278
 2278 2379 2279
 2279 2380 2280
 2280 2381 2281
 2281 2382 2282
 2282 2383 2283
 2283 2384 2284
 2284 2385 2285
 2285 2386 2286
 2286 2387 2287
 2287 2388 2288
 2288 2389 2289
 2289 2390 2290
 2290 2391 2291
 2291 2392 2292
 2292 2393 2293
 2293 2394 2294
 2294 2395 2295
 2295 2396 2296
 2296 2397 2297
 2297 2398 2298
 2298 2399 2299
 2300 2401 2301
 2301 2402 2302
 2302 2403 2303
 2303 2404 2304
 2304 2405 2305
 2305 2406 2306
 2306 2407 2307
 2307 2408 2308
 2308 2409 2309
 2309 2410 2310
 2310 2411 2311
 2311 2412 2312
 2312 2413 2313
 2313 2414 2314
 2314 2415 2315
 2315 2416 2316
 2316 2417 2317
 2317 2418 2318
 2318 2419 2319
 2319 2420 2320
 2320 2421 2321
 2321 2422 2322
 2322 2423 2323
 2323 2424 2324
 2324 2425 2325
 2325 2426 2326
 2326 2427 2327
 2327 2428 2328
 2328 2429 2329
 2329 2430 2330
 2330 2431 2331
 2331 2432 2332
 2332 2433 2333
 2333 2434 2334
 2334 2435 2335
 2335 2436 2336
 2336 2437 2337
 2337 2438 2338
 2338 2439 2339
 2339 2440 2340
 2340 2441 2341
 2341 2442 2342
 2342 2443 2343
 2343 2444 2344
 2344 2445 2345
 2345 2446 2346
 2346 2447 2347
 2347 2448 2348
 2348 2449 2349
 2349 2450 2350
 2350 2451 2351
 2351 2452 2352
 2352 2453 2353
 2353 2454 2354
 2354 2455 2355
 2355 2456 2356
 2356 2457 2357
 2357 2458 2358
 2358 2459 2359
 2359 2460 2360
 2360 2461 2361
 2361 2462 2362
 2362 2463 2363
 2363 2464 2364
 2364 2465 2365
 2365 2466 2366
 2366 2467 2367
 2367 2468 2368
 2368 2469 2369
 2369 2470 2370
 2370 2471 2371
 2371 2472 2372
 2372 2473 2373
 2373 2474 2374
 2374 2475 2375
 2375 2476 2376
 2376 2477 2377
 2377 2478 2378
 2378 2479 2379
 2379 2480 2380
 2380 2481 2381
 2381 2482 2382
 2382 2483 2383
 2383 2484 2384
 2384 2485 2385
 2385 2486 2386
 2386 2487 2387
 2387 2488 2388
 2388 2489 2389
 2389 2490 2390
 2390 2491 2391
 2391 2492 2392
 2392 2493 2393
 2393 2494 2394
 2394 2495 2395
 2395 2496 2396
 2396 2497 2397
 2397 2498 2398
 2398 2499 2399
 2400 2501 2401
 2401 2502 2402
 2402 2503 2403
 2403 2504 2404
 2404 2505 2405
 2405 2506 2406
 2406 2507 2407
 2407 2508 2408
 2408 2509 2409
 2409 2510 2410
 2410 2511 2411
 2411 2512 2412
 2412 2513 2413
 2413 2514 2414
 2414 2515 2415
 2415 2516 2416
 2416 2517 2417
 2417 2518 2418
 2418 2519 2419
 2419 2520 2420
 2420 2521 2421
 2421 2522 2422
 2422 2523 2423
 2423 2524 2424
 2424 2525 2425
 2425 2526 2426
 2426 2527 2427
 2427 2528 2428
 2428 2529 2429
 2429 2530 2430
 2430 2531 2431
 2431 2532 2432
 2432 2533 2433
 2433 2534 2434
 2434 2535 2435
 2435 2536 2436
 2436 2537 2437
 2437 2538 2438
 2438 2539 2439
 2439 2540 2440
 2440 2541 2441
 2441 2542 2442
 2442 2543 2443
 2443 2544 2444
 2444 2545 2445
 2445 2546 2446
 2446 2547 2447
 2447 2548 2448
 2448 2549 2449
 2449 2550 2450
 2450 2551 2451
 2451 2552 2452
 2452 2553 2453
 2453 2554 2454
 2454 2555 2455
 2455 2556 2456
 2456 2557 2457
 2457 2558 2458
 2458 2559 2459
 2459 2560 2460
 2460 2561 2461
 2461 2562 2462
 2462 2563 2463
 2463 2564 2464
 2464 2565 2465
 2465 2566 2466
 2466 2567 2467
 2467 2568 2468
 2468 2569 2469
 2469 2570 2470
 2470 2571 2471
 2471 2572 2472
 2472 2573 2473
 2473 2574 2474
 2474 2575 2475
 2475 2576 2476
 2476 2577 2477
 2477 2578 2478
 2478 2579 2479
 2479 2580 2480
 2480 2581 2481
 2481 2582 2482
 2482 2583 2483
 2483 2584 2484
 2484 2585 2485
 2485 2586 2486
 2486 2587 2487
 2487 2588 2488
 2488 2589 2489
 2489 2590 2490
 2490 2591 2491
 2491 2592 2492
 2492 2593 2493
 2493 2594 2494
 2494 2595 2495
 2495 2596 2496
 2496 2597 2497
 2497 2598 2498
 2498 2599 2499
 2500 2601 2501
 2501 2602 2502
 2502 2603 2503
 2503 2604 2504
 2504 2605 2505
 2505 2606 2506
 2506 2607 2507
 2507 2608 2508
 2508 2609 2509
 2509 2610 2510
 2510 2611 2511
 2511 2612 2512
 2512 2613 2513
 2513 2614 2514
 2514 2615 2515
 2515 2616 2516
 2516 2617 2517
 2517 2618 2518
 2518 2619 2519
 2519 2620 2520
 2520 2621 2521
 2521 2622 2522
 2522 2623 2523
 2523 2624 2524
 2524 2625 2525
 2525 2626 2526
 2526 2627 2527
 2527 2628 2528
 2528 2629 2529
 2529 2630 2530
 2530 2631 2531
 2531 2632 2532
 2532 2633 2533
 2533 2634 2534
 2534 2635 2535
 2535 2636 2536
 2536 2637 2537
 2537 2638 2538
 2538 2639 2539
 2539 2640 2540
 2540 2641 2541
 2541 2642 2542
 2542 2643 2543
 2543 2644 2544
 2544 2645 2545
 2545 2646 2546
 2546 2647 2547
 2547 2648 2548
 2548 2649 2549
 2549 2650 2550
 2550 2651 2551
 2551 2652 2552
 2552 2653 2553
 2553 2654 2554
 2554 2655 2555
 2555 2656 2556
 2556 2657 2557
 2557 2658 2558
 2558 2659 2559
 2559 2660 2560
 2560 2661 2561
 2561 2662 2562
 2562 2663 2563
 2563 2664 2564
 2564 2665 2565
 2565 2666 2566
 2566 2667 2567
 2567 2668 2568
 2568 2669 2569
 2569 2670 2570
 2570 2671 2571
 2571 2672 2572
 2572 2673 2573
 2573 2674 2574
 2574 2675 2575
 2575 2676 2576
 2576 2677 2577
 2577 2678 2578
 2578 2679 2579
 2579 2680 2580
 2580 2681 2581
 2581 2682 2582
 2582 2683 2583
 2583 2684 2584
 2584 2685 2585
 2585 2686 2586
 2586 2687 2587
 2587 2688 2588
 2588 2689 2589
 2589 2690 2590
 2590 2691 2591
 2591 2692 2592
 2592 2693 2593
 2593 2694 2594
 2594 2695 2595
 2595 2696 2596
 2596 2697 2597
 2597 2698 2598
 2598 2699 2599
 2600 2701 2601
 2601 2702 2602
 2602 2703 2603
 2603 2704 2604
 2604 2705 2605
 2605 2706 2606
 2606 2707 2607
 2607 2708 2608
 2608 2709 2609
 2609 2710 2610
 2610 2711 2611
 2611 2712 2612
 2612 2713 2613
 2613 2714 2614
 2614 2715 2615
 2615 2716 2616
 2616 2717 2617
 2617 2718 2618
 2618 2719 2619
 2619 2720 2620
 2620 2721 2621
 2621 2722 2622
 2622 2723 2623
 2623 2724 2624
 2624 2725 2625
 2625 2726 2626
 2626 2727 2627
 2627 2728 2628
 2628 2729 2629
 2629 2730 2630
 2630 2731 2631
 2631 2732 2632
 2632 2733 2633
 2633 2734 2634
 2634 2735 2635
 2635 2736 2636
 2636 2737 2637
 2637 2738 2638
 2638 2739 2639
 2639 2740 2640
 2640 2741 2641
 2641 2742 2642
 2642 2743 2643
 2643 2744 2644
 2644 2745 2645
 2645 2746 2646
 2646 2747 2647
 2647 2748 2648
 2648 2749 2649
 2649 2750 2650
 2650 2751 2651
 2651 2752 2652
 2652 2753 2653
 2653 2754 2654
 2654 2755 2655
 2655 2756 2656
 2656 2757 2657
 2657 2758 2658
 2658 2759 2659
 2659 2760 2660
 2660 2761 2661
 2661 2762 2662
 2662 2763 2663
 2663 2764 2664
 2664 2765 2665
 2665 2766 2666
 2666 2767 2667
 2667 2768 2668
 2668 2769 2669
 2669 2770 2670
 2670 2771 2671
 2671 2772 2672
 2672 2773 2673
 2673 2774 2674
 2674 2775 2675
 2675 2776 2676
 2676 2777 2677
 2677 2778 2678
 2678 2779 2679
 2679 2780 2680
 2680 2781 2681
 2681 2782 2682
 2682 2783 2683
 2683 2784 2684
 2684 2785 2685
 2685 2786 2686
 2686 2787 2687
 2687 2788 2688
 2688 2789 2689
 2689 2790 2690
 2690 2791 2691
 2691 2792 2692
 2692 2793 2693
 2693 2794 2694
 2694 2795 2695
 2695 2796 2696
 2696 2797 2697
 2697 2798 2698
 2698 2799 2699
 2700 2801 2701
 2701 2802 2702
 2702 2803 2703
 2703 2804 2704
 2704 2805 2705
 2705 2806 2706
 2706 2807 2707
 2707 2808 2708
 2708 2809 2709
 2709 2810 2710
 2710 2811 2711
 2711 2812 2712
 2712 2813 2713
 2713 2814 2714
 2714 2815 2715
 2715 2816 2716
 2716 2817 2717
 2717 2818 2718
 2718 2819 2719
 2719 2820 2720
 2720 2821 2721
 2721 2822 2722
 2722 2823 2723
 2723 2824 2724
 2724 2825 2725
 2725 2826 2726
 2726 2827 2727
 2727 2828 2728
 2728 2829 2729
 2729 2830 2730
 2730 2831 2731
 2731 2832 2732
 2732 2833 2733
 2733 2834 2734
 2734 2835 2735
 2735 2836 2736
 2736 2837 2737
 2737 2838 2738
 2738 2839 2739
 2739 2840 2740
 2740 2841 2741
 2741 2842 2742
 2742 2843 2743
 2743 2844 2744
 2744 2845 2745
 2745 2846 2746
 2746 2847 2747
 2747 2848 2748
 2748 2849 2749
 2749 2850 2750
 2750 2851 2751
 2751 2852 2752
 2752 2853 2753
 2753 2854 2754
 2754 2855 2755
 2755 2856 2756
 2756 2857 2757
 2757 2858 2758
 2758 2859 2759
 2759 2860 2760
 2760 2861 2761
 2761 2862 2762
 2762 2863 2763
 2763 2864 2764
 2764 2865 2765
 2765 2866 2766
 2766 2867 2767
 2767 2868 2768
 2768 2869 2769
 2769 2870 2770
 2770 2871 2771
 2771 2872 2772
 2772 2873 2773
 2773 2874 2774
 2774 2875 2775
 2775 2876 2776
 2776 2877 2777
 2777 2878 2778
 2778 2879 2779
 2779 2880 2780
 2780 2881 2781
 2781 2882 2782
 2782 2883 2783
 2783 2884 2784
 2784 2885 2785
 2785 2886 2786
 2786 2887 2787
 2787 2888 2788
 2788 2889 2789
 2789 2890 2790
 2790 2891 2791
 2791 2892 2792
 2792 2893 2793
 2793 2894 2794
 2794 2895 2795
 2795 2896 2796
 2796 2897 2797
 2797 2898 2798
 2798 2899 2799
 2800 2901 2801
 2801 2902 2802
 2802 2903 2803
 2803 2904 2804
 2804 2905 2805
 2805 2906 2806
 2806 2907 2807
 2807 2908 2808
 2808 2909 2809
 2809 2910 2810
 2810 2911 2811
 2811 2912 2812
 2812 2913 2813
 2813 2914 2814
 2814 2915 2815
 2815 2916 2816
 2816 2917 2817
 2817 2918 2818
 2818 2919 2819
 2819 2920 2820
 2820 2921 2821
 2821 2922 2822
 2822 2923 2823
 2823 2924 2824
 2824 2925 2825
 2825 2926 2826
 2826 2927 2827
 2827 2928 2828
 2828 2929 2829
 2829 2930 2830
 2830 2931 2831
 2831 2932 2832
 2832 2933 2833
 2833 2934 2834
 2834 2935 2835
 2835 2936 2836
 2836 2937 2837
 2837 2938 2838
 2838 2939 2839
 2839 2940 2840
 2840 2941 2841
 2841 2942 2842
 2842 2943 2843
 2843 2944 2844
 2844 2945 2845
 2845 2946 2846
 2846 2947 2847
 2847 2948 2848
 2848 2949 2849
 2849 2950 2850
 2850 2951 2851
 2851 2952 2852
 2852 2953 2853
 2853 2954 2854
 2854 2955 2855
 2855 2956 2856
 2856 2957 2857
 2857 2958 2858
 2858 2959 2859
 2859 2960 2860
 2860 2961 2861
 2861 2962 2862
 2862 2963 2863
 2863 2964 2864
 2864 2965 2865
 2865 2966 2866
 2866 2967 2867
 2867 2968 2868
 2868 2969 2869
 2869 2970 2870
 2870 2971 2871
 2871 2972 2872
 2872 2973 2873
 2873 2974 2874
 2874 2975 2875
 2875 2976 2876
 2876 2977 2877
 2877 2978 2878
 2878 2979 2879
 2879 2980 2880
 2880 2981 2881
 2881 2982 2882
 2882 2983 2883
 2883 2984 2884
 2884 2985 2885
 2885 2986 2886
 2886 2987 2887
 2887 2988 2888
 2888 2989 2889
 2889 2990 2890
 2890 2991 2891
 2891 2992 2892
 2892 2993 2893
 2893 2994 2894
 2894 2995 2895
 2895 2996 2896
 2896 2997 2897
 2897 2998 2898
 2898 2999 2899
 2900 3001 2901
 2901 3002 2902
 2902 3003 2903
 2903 3004 2904
 2904 3005 2905
 2905 3006 2906
 2906 3007 2907
 2907 3008 2908
 2908 3009 2909
 2909 3010 2910
 2910 3011 2911
 2911 3012 2912
 2912 3013 2913
 2913 3014 2914
 2914 3015 2915
 2915 3016 2916
 2916 3017 2917
 2917 3018 2918
 2918 3019 2919
 2919 3020 2920
 2920 3021 2921
 2921 3022 2922
 2922 3023 2923
 2923 3024 2924
 2924 3025 2925
 2925 3026 2926
 2926 3027 2927
 2927 3028 2928
 2928 3029 2929
 2929 3030 2930
 2930 3031 2931
 2931 3032 2932
 2932 3033 2933
 2933 3034 2934
 2934 3035 2935
 2935 3036 2936
 2936 3037 2937
 2937 3038 2938
 2938 3039 2939
 2939 3040 2940
 2940 3041 2941
 2941 3042 2942
 2942 3043 2943
 2943 3044 2944
 2944 3045 2945
 2945 3046 2946
 2946 3047 2947
 2947 3048 2948
 2948 3049 2949
 2949 3050 2950
 2950 3051 2951
 2951 3052 2952
 2952 3053 2953
 2953 3054 2954
 2954 3055 2955
 2955 3056 2956
 2956 3057 2957
 2957 3058 2958
 2958 3059 2959
 2959 3060 2960
 2960 3061 2961
 2961 3062 2962
 2962 3063 2963
 2963 3064 2964
 2964 3065 2965
 2965 3066 2966
 2966 3067 2967
 2967 3068 2968
 2968 3069 2969
 2969 3070 2970
 2970 3071 2971
 2971 3072 2972
 2972 3073 2973
 2973 3074 2974
 2974 3075 2975
 2975 3076 2976
 2976 3077 2977
 2977 3078 2978
 2978 3079 2979
 2979 3080 2980
 2980 3081 2981
 2981 3082 2982
 2982 3083 2983
 2983 3084 2984
 2984 3085 2985
 2985 3086 2986
 2986 3087 2987
 2987 3088 2988
 2988 3089 2989
 2989 3090 2990
 2990 3091 2991
 2991 3092 2992
 2992 3093 2993
 2993 3094 2994
 2994 3095 2995
 2995 3096 2996
 2996 3097 2997
 2997 3098 2998
 2998 3099 2999
 3000 3101 3001
 3001 3102 3002
 3002 3103 3003
 3003 3104 3004
 3004 3105 3005
 3005 3106 3006
 3006 3107 3007
 3007 3108 3008
 3008 3109 3009
 3009 3110 3010
 3010 3111 3011
 3011 3112 3012
 3012 3113 3013
 3013 3114 3014
 3014 3115 3015
 3015 3116 3016
 3016 3117 3017
 3017 3118 3018
 3018 3119 3019
 3019 3120 3020
 3020 3121 3021
 3021 3122 3022
 3022 3123 3023
 3023 3124 3024
 3024 3125 3025
 3025 3126 3026
 3026 3127 3027
 3027 3128 3028
 3028 3129 3029
 3029 3130 3030
 3030 3131 3031
 3031 3132 3032
 3032 3133 3033
 3033 3134 3034
 3034 3135 3035
 3035 3136 3036
 3036 3137 3037
 3037 3138 3038
 3038 3139 3039
 3039 3140 3040
 3040 3141 3041
 3041 3142 3042
 3042 3143 3043
 3043 3144 3044
 3044 3145 3045
 3045 3146 3046
 3046 3147 3047
 3047 3148 3048
 3048 3149 3049
 3049 3150 3050
 3050 3151 3051
 3051 3152 3052
 3052 3153 3053
 3053 3154 3054
 3054 3155 3055
 3055 3156 3056
 3056 3157 3057
 3057 3158 3058
 3058 3159 3059
 3059 3160 3060
 3060 3161 3061
 3061 3162 3062
 3062 3163 3063
 3063 3164 3064
 3064 3165 3065
 3065 3166 3066
 3066 3167 3067
 3067 3168 3068
 3068 3169 3069
 3069 3170 3070
 3070 3171 3071
 3071 3172 3072
 3072 3173 3073
 3073 3174 3074
 3074 3175 3075
 3075 3176 3076
 3076 3177 3077
 3077 3178 3078
 3078 3179 3079
 3079 3180 3080
 3080 3181 3081
 3081 3182 3082
 3082 3183 3083
 3083 3184 3084
 3084 3185 3085
 3085 3186 3086
 3086 3187 3087
 3087 3188 3088
 3088 3189 3089
 3089 3190 3090
 3090 3191 3091
 3091 3192 3092
 3092 3193 3093
 3093 3194 3094
 3094 3195 3095
 3095 3196 3096
 3096 3197 3097
 3097 3198 3098
 3098 3199 3099
 3100 3201 3101
 3101 3202 3102
 3102 3203 3103
 3103 3204 3104
 3104 3205 3105
 3105 3206 3106
 3106 3207 3107
 3107 3208 3108
 3108 3209 3109
 3109 3210 3110
 3110 3211 3111
 3111 3212 3112
 3112 3213 3113
 3113 3214 3114
 3114 3215 3115
 3115 3216 3116
 3116 3217 3117
 3117 3218 3118
 3118 3219 3119
 3119 3220 3120
 3120 3221 3121
 3121 3222 3122
 3122 3223 3123
 3123 3224 3124
 3124 3225 3125
 3125 3226 3126
 3126 3227 3127
 3127 3228 3128
 3128 3229 3129
 3129 3230 3130
 3130 3231 3131
 3131 3232 3132
 3132 3233 3133
 3133 3234 3134
 3134 3235 3135
 3135 3236 3136
 3136 3237 3137
 3137 3238 3138
 3138 3239 3139
 3139 3240 3140
 3140 3241 3141
 3141 3242 3142
 3142 3243 3143
 3143 3244 3144
 3144 3245 3145
 3145 3246 3146
 3146 3247 3147
 3147 3248 3148
 3148 3249 3149
 3149 3250 3150
 3150 3251 3151
 3151 3252 3152
 3152 3253 3153
 3153 3254 3154
 3154 3255 3155
 3155 3256 3156
 3156 3257 3157
 3157 3258 3158
 3158 3259 3159
 3159 3260 3160
 3160 3261 3161
 3161 3262 3162
 3162 3263 3163
 3163 3264 3164
 3164 3265 3165
 3165 3266 3166
 3166 3267 3167
 3167 3268 3168
 3168 3269 3169
 3169 3270 3170
 3170 3271 3171
 3171 3272 3172
 3172 3273 3173
 3173 3274 3174
 3174 3275 3175
 3175 3276 3176
 3176 3277 3177
 3177 3278 3178
 3178 3279 3179
 3179 3280 3180
 3180 3281 3181
 3181 3282 3182
 3182 3283 3183
 3183 3284 3184
 3184 3285 3185
 3185 3286 3186
 3186 3287 3187
 3187 3288 3188
 3188 3289 3189
 3189 3290 3190
 3190 3291 3191
 3191 3292 3192
 3192 3293 3193
 3193 3294 3194
 3194 3295 3195
 3195 3296 3196
 3196 3297 3197
 3197 3298 3198
 3198 3299 3199
 3200 3301 3201
 3201 3302 3202
 3202 3303 3203
 3203 3304 3204
 3204 3305 3205
 3205 3306 3206
 3206 3307 3207
 3207 3308 3208
 3208 3309 3209
 3209 3310 3210
 3210 3311 3211
 3211 3312 3212
 3212 3313 3213
 3213 3314 3214
 3214 3315 3215
 3215 3316 3216
 3216 3317 3217
 3217 3318 3218
 3218 3319 3219
 3219 3320 3220
 3220 3321 3221
 3221 3322 3222
 3222 3323 3223
 3223 3324 3224
 3224 3325 3225
 3225 3326 3226
 3226 3327 3227
 3227 3328 3228
 3228 3329 3229
 3229 3330 3230
 3230 3331 3231
 3231 3332 3232
 3232 3333 3233
 3233 3334 3234
 3234 3335 3235
 3235 3336 3236
 3236 3337 3237
 3237 3338 3238
 3238 3339 3239
 3239 3340 3240
 3240 3341 3241
 3241 3342 3242
 3242 3343 3243
 3243 3344 3244
 3244 3345 3245
 3245 3346 3246
 3246 3347 3247
 3247 3348 3248
 3248 3349 3249
 3249 3350 3250
 3250 3351 3251
 3251 3352 3252
 3252 3353 3253
 3253 3354 3254
 3254 3355 3255
 3255 3356 3256
 3256 3357 3257
 3257 3358 3258
 3258 3359 3259
 3259 3360 3260
 3260 3361 3261
 3261 3362 3262
 3262 3363 3263
 3263 3364 3264
 3264 3365 3265
 3265 3366 3266
 3266 3367 3267
 3267 3368 3268
 3268 3369 3269
 3269 3370 3270
 3270 3371 3271
 3271 3372 3272
 3272 3373 3273
 3273 3374 3274
 3274 3375 3275
 3275 3376 3276
 3276 3377 3277
 3277 3378 3278
 3278 3379 3279
 3279 3380 3280
 3280 3381 3281
 3281 3382 3282
 3282 3383 3283
 3283 3384 3284
 3284 3385 3285
 3285 3386 3286
 3286 3387 3287
 3287 3388 3288
 3288 3389 3289
 3289 3390 3290
 3290 3391 3291
 3291 3392 3292
 3292 3393 3293
 3293 3394 3294
 3294 3395 3295
 3295 3396 3296
 3296 3397 3297
 3297 3398 3298
 3298 3399 3299
 3300 3401 3301
 3301 3402 3302
 3302 3403 3303
 3303 3404 3304
 3304 3405 3305
 3305 3406 3306
 3306 3407 3307
 3307 3408 3308
 3308 3409 3309
 3309 3410 3310
 3310 3411 3311
 3311 3412 3312
 3312 3413 3313
 3313 3414 3314
 3314 3415 3315
 3315 3416 3316
 3316 3417 3317
 3317 3418 3318
 3318 3419 3319
 3319 3420 3320
 3320 3421 3321
 3321 3422 3322
 3322 3423 3323
 3323 3424 3324
 3324 3425 3325
 3325 3426 3326
 3326 3427 3327
 3327 3428 3328
 3328 3429 3329
 3329 3430 3330
 3330 3431 3331
 3331 3432 3332
 3332 3433 3333
 3333 3434 3334
 3334 3435 3335
 3335 3436 3336
 3336 3437 3337
 3337 3438 3338
 3338 3439 3339
 3339 3440 3340
 3340 3441 3341
 3341 3442 3342
 3342 3443 3343
 3343 3444 3344
 3344 3445 3345
 3345 3446 3346
 3346 3447 3347
 3347 3448 3348
 3348 3449 3349
 3349 3450 3350
 3350 3451 3351
 3351 3452 3352
 3352 3453 3353
 3353 3454 3354
 3354 3455 3355
 3355 3456 3356
 3356 3457 3357
 3357 3458 3358
 3358 3459 3359
 3359 3460 3360
 3360 3461 3361
 3361 3462 3362
 3362 3463 3363
 3363 3464 3364
 3364 3465 3365
 3365 3466 3366
 3366 3467 3367
 3367 3468 3368
 3368 3469 3369
 3369 3470 3370
 3370 3471 3371
 3371 3472 3372
 3372 3473 3373
 3373 3474 3374
 3374 3475 3375
 3375 3476 3376
 3376 3477 3377
 3377 3478 3378
 3378 3479 3379
 3379 3480 3380
 3380 3481 3381
 3381 3482 3382
 3382 3483 3383
 3383 3484 3384
 3384 3485 3385
 3385 3486 3386
 3386 3487 3387
 3387 3488 3388
 3388 3489 3389
 3389 3490 3390
 3390 3491 3391
 3391 3492 3392
 3392 3493 3393
 3393 3494 3394
 3394 3495 3395
 3395 3496 3396
 3396 3497 3397
 3397 3498 3398
 3398 3499 3399
 3400 3501 3401
 3401 3502 3402
 3402 3503 3403
 3403 3504 3404
 3404 3505 3405
 3405 3506 3406
 3406 3507 3407
 3407 3508 3408
 3408 3509 3409
 3409 3510 3410
 3410 3511 3411
 3411 3512 3412
 3412 3513 3413
 3413 3514 3414
 3414 3515 3415
 3415 3516 3416
 3416 3517 3417
 3417 3518 3418
 3418 3519 3419
 3419 3520 3420
 3420 3521 3421
 3421 3522 3422
 3422 3523 3423
 3423 3524 3424
 3424 3525 3425
 3425 3526 3426
 3426 3527 3427
 3427 3528 3428
 3428 3529 3429
 3429 3530 3430
 3430 3531 3431
 3431 3532 3432
 3432 3533 3433
 3433 3534 3434
 3434 3535 3435
 3435 3536 3436
 3436 3537 3437
 3437 3538 3438
 3438 3539 3439
 3439 3540 3440
 3440 3541 3441
 3441 3542 3442
 3442 3543 3443
 3443 3544 3444
 3444 3545 3445
 3445 3546 3446
 3446 3547 3447
 3447 3548 3448
 3448 3549 3449
 3449 3550 3450
 3450 3551 3451
 3451 3552 3452
 3452 3553 3453
 3453 3554 3454
 3454 3555 3455
 3455 3556 3456
 3456 3557 3457
 3457 3558 3458
 3458 3559 3459
 3459 3560 3460
 3460 3561 3461
 3461 3562 3462
 3462 3563 3463
 3463 3564 3464
 3464 3565 3465
 3465 3566 3466
 3466 3567 3467
 3467 3568 3468
 3468 3569 3469
 3469 3570 3470
 3470 3571 3471
 3471 3572 3472
 3472 3573 3473
 3473 3574 3474
 3474 3575 3475
 3475 3576 3476
 3476 3577 3477
 3477 3578 3478
 3478 3579 3479
 3479 3580 3480
 3480 3581 3481
 3481 3582 3482
 3482 3583 3483
 3483 3584 3484
 3484 3585 3485
 3485 3586 3486
 3486 3587 3487
 3487 3588 3488
 3488 3589 3489
 3489 3590 3490
 3490 3591 3491
 3491 3592 3492
 3492 3593 3493
 3493 3594 3494
 3494 3595 3495
 3495 3596 3496
 3496 3597 3497
 3497 3598 3498
 3498 3599 3499
 3500 3601 3501
 3501 3602 3502
 3502 3603 3503
 3503 3604 3504
 3504 3605 3505
 3505 3606 3506
 3506 3607 3507
 3507 3608 3508
 3508 3609 3509
 3509 3610 3510
 3510 3611 3511
 3511 3612 3512
 3512 3613 3513
 3513 3614 3514
 3514 3615 3515
 3515 3616 3516
 3516 3617 3517
 3517 3618 3518
 3518 3619 3519
 3519 3620 3520
 3520 3621 3521
 3521 3622 3522
 3522 3623 3523
 3523 3624 3524
 3524 3625 3525
 3525 3626 3526
 3526 3627 3527
 3527 3628 3528
 3528 3629 3529
 3529 3630 3530
 3530 3631 3531
 3531 3632 3532
 3532 3633 3533
 3533 3634 3534
 3534 3635 3535
 3535 3636 3536
 3536 3637 3537
 3537 3638 3538
 3538 3639 3539
 3539 3640 3540
 3540 3641 3541
 3541 3642 3542
 3542 3643 3543
 3543 3644 3544
 3544 3645 3545
 3545 3646 3546
 3546 3647 3547
 3547 3648 3548
 3548 3649 3549
 3549 3650 3550
 3550 3651 3551
 3551 3652 3552
 3552 3653 3553
 3553 3654 3554
 3554 3655 3555
 3555 3656 3556
 3556 3657 3557
 3557 3658 3558
 3558 3659 3559
 3559 3660 3560
 3560 3661 3561
 3561 3662 3562
 3562 3663 3563
 3563 3664 3564
 3564 3665 3565
 3565 3666 3566
 3566 3667 3567
 3567 3668 3568
 3568 3669 3569
 3569 3670 3570
 3570 3671 3571
 3571 3672 3572
 3572 3673 3573
 3573 3674 3574
 3574 3675 3575
 3575 3676 3576
 3576 3677 3577
 3577 3678 3578
 3578 3679 3579
 3579 3680 3580
 3580 3681 3581
 3581 3682 3582
 3582 3683 3583
 3583 3684 3584
 3584 3685 3585
 3585 3686 3586
 3586 3687 3587
 3587 3688 3588
 3588 3689 3589
 3589 3690 3590
 3590 3691 3591
 3591 3692 3592
 3592 3693 3593
 3593 3694 3594
 3594 3695 3595
 3595 3696 3596
 3596 3697 3597
 3597 3698 3598
 3598 3699 3599
 3600 3701 3601
 3601 3702 3602
 3602 3703 3603
 3603 3704 3604
 3604 3705 3605
 3605 3706 3606
 3606 3707 3607
 3607 3708 3608
 3608 3709 3609
 3609 3710 3610
 3610 3711 3611
 3611 3712 3612
 3612 3713 3613
 3613 3714 3614
 3614 3715 3615
 3615 3716 3616
 3616 3717 3617
 3617 3718 3618
 3618 3719 3619
 3619 3720 3620
 3620 3721 3621
 3621 3722 3622
 3622 3723 3623
 3623 3724 3624
 3624 3725 3625
 3625 3726 3626
 3626 3727 3627
 3627 3728 3628
 3628 3729 3629
 3629 3730 3630
 3630 3731 3631
 3631 3732 3632
 3632 3733 3633
 3633 3734 3634
 3634 3735 3635
 3635 3736 3636
 3636 3737 3637
 3637 3738 3638
 3638 3739 3639
 3639 3740 3640
 3640 3741 3641
 3641 3742 3642
 3642 3743 3643
 3643 3744 3644
 3644 3745 3645
 3645 3746 3646
 3646 3747 3647
 3647 3748 3648
 3648 3749 3649
 3649 3750 3650
 3650 3751 3651
 3651 3752 3652
 3652 3753 3653
 3653 3754 3654
 3654 3755 3655
 3655 3756 3656
 3656 3757 3657
 3657 3758 3658
 3658 3759 3659
 3659 3760 3660
 3660 3761 3661
 3661 3762 3662
 3662 3763 3663
 3663 3764 3664
 3664 3765 3665
 3665 3766 3666
 3666 3767 3667
 3667 3768 3668
 3668 3769 3669
 3669 3770 3670
 3670 3771 3671
 3671 3772 3672
 3672 3773 3673
 3673 3774 3674
 3674 3775 3675
 3675 3776 3676
 3676 3777 3677
 3677 3778 3678
 3678 3779 3679
 3679 3780 3680
 3680 3781 3681
 3681 3782 3682
 3682 3783 3683
 3683 3784 3684
 3684 3785 3685
 3685 3786 3686
 3686 3787 3687
 3687 3788 3688
 3688 3789 3689
 3689 3790 3690
 3690 3791 3691
 3691 3792 3692
 3692 3793 3693
 3693 3794 3694
 3694 3795 3695
 3695 3796 3696
 3696 3797 3697
 3697 3798 3698
 3698 3799 3699
 3700 3801 3701
 3701 3802 3702
 3702 3803 3703
 3703 3804 3704
 3704 3805 3705
 3705 3806 3706
 3706 3807 3707
 3707 3808 3708
 3708 3809 3709
 3709 3810 3710
 3710 3811 3711
 3711 3812 3712
 3712 3813 3713
 3713 3814 3714
 3714 3815 3715
 3715 3816 3716
 3716 3817 3717
 3717 3818 3718
 3718 3819 3719
 3719 3820 3720
 3720 3821 3721
 3721 3822 3722
 3722 3823 3723
 3723 3824 3724
 3724 3825 3725
 3725 3826 3726
 3726 3827 3727
 3727 3828 3728
 3728 3829 3729
 3729 3830 3730
 3730 3831 3731
 3731 3832 3732
 3732 3833 3733
 3733 3834 3734
 3734 3835 3735
 3735 3836 3736
 3736 3837 3737
 3737 3838 3738
 3738 3839 3739
 3739 3840 3740
 3740 3841 3741
 3741 3842 3742
 3742 3843 3743
 3743 3844 3744
 3744 3845 3745
 3745 3846 3746
 3746 3847 3747
 3747 3848 3748
 3748 3849 3749
 3749 3850 3750
 3750 3851 3751
 3751 3852 3752
 3752 3853 3753
 3753 3854 3754
 3754 3855 3755
 3755 3856 3756
 3756 3857 3757
 3757 3858 3758
 3758 3859 3759
 3759 3860 3760
 3760 3861 3761
 3761 3862 3762
 3762 3863 3763
 3763 3864 3764
 3764 3865 3765
 3765 3866 3766
 3766 3867 3767
 3767 3868 3768
 3768 3869 3769
 3769 3870 3770
 3770 3871 3771
 3771 3872 3772
 3772 3873 3773
 3773 3874 3774
 3774 3875 3775
 3775 3876 3776
 3776 3877 3777
 3777 3878 3778
 3778 3879 3779
 3779 3880 3780
 3780 3881 3781
 3781 3882 3782
 3782 3883 3783
 3783 3884 3784
 3784 3885 3785
 3785 3886 3786
 3786 3887 3787
 3787 3888 3788
 3788 3889 3789
 3789 3890 3790
 3790 3891 3791
 3791 3892 3792
 3792 3893 3793
 3793 3894 3794
 3794 3895 3795
 3795 3896 3796
 3796 3897 3797
 3797 3898 3798
 3798 3899 3799
 3800 3901 3801
 3801 3902 3802
 3802 3903 3803
 3803 3904 3804
 3804 3905 3805
 3805 3906 3806
 3806 3907 3807
 3807 3908 3808
 3808 3909 3809
 3809 3910 3810
 3810 3911 3811
 3811 3912 3812
 3812 3913 3813
 3813 3914 3814
 3814 3915 3815
 3815 3916 3816
 3816 3917 3817
 3817 3918 3818
 3818 3919 3819
 3819 3920 3820
 3820 3921 3821
 3821 3922 3822
 3822 3923 3823
 3823 3924 3824
 3824 3925 3825
 3825 3926 3826
 3826 3927 3827
 3827 3928 3828
 3828 3929 3829
 3829 3930 3830
 3830 3931 3831
 3831 3932 3832
 3832 3933 3833
 3833 3934 3834
 3834 3935 3835
 3835 3936 3836
 3836 3937 3837
 3837 3938 3838
 3838 3939 3839
 3839 3940 3840
 3840 3941 3841
 3841 3942 3842
 3842 3943 3843
 3843 3944 3844
 3844 3945 3845
 3845 3946 3846
 3846 3947 3847
 3847 3948 3848
 3848 3949 3849
 3849 3950 3850
 3850 3951 3851
 3851 3952 3852
 3852 3953 3853
 3853 3954 3854
 3854 3955 3855
 3855 3956 3856
 3856 3957 3857
 3857 3958 3858
 3858 3959 3859
 3859 3960 3860
 3860 3961 3861
 3861 3962 3862
 3862 3963 3863
 3863 3964 3864
 3864 3965 3865
 3865 3966 3866
 3866 3967 3867
 3867 3968 3868
 3868 3969 3869
 3869 3970 3870
 3870 3971 3871
 3871 3972 3872
 3872 3973 3873
 3873 3974 3874
 3874 3975 3875
 3875 3976 3876
 3876 3977 3877
 3877 3978 3878
 3878 3979 3879
 3879 3980 3880
 3880 3981 3881
 3881 3982 3882
 3882 3983 3883
 3883 3984 3884
 3884 3985 3885
 3885 3986 3886
 3886 3987 3887
 3887 3988 3888
 3888 3989 3889
 3889 3990 3890
 3890 3991 3891
 3891 3992 3892
 3892 3993 3893
 3893 3994 3894
 3894 3995 3895
 3895 3996 3896
 3896 3997 3897
 3897 3998 3898
 3898 3999 3899
 3900 4001 3901
 3901 4002 3902
 3902 4003 3903
 3903 4004 3904
 3904 4005 3905
 3905 4006 3906
 3906 4007 3907
 3907 4008 3908
 3908 4009 3909
 3909 4010 3910
 3910 4011 3911
 3911 4012 3912
 3912 4013 3913
 3913 4014 3914
 3914 4015 3915
 3915 4016 3916
 3916 4017 3917
 3917 4018 3918
 3918 4019 3919
 3919 4020 3920
 3920 4021 3921
 3921 4022 3922
 3922 4023 3923
 3923 4024 3924
 3924 4025 3925
 3925 4026 3926
 3926 4027 3927
 3927 4028 3928
 3928 4029 3929
 3929 4030 3930
 3930 4031 3931
 3931 4032 3932
 3932 4033 3933
 3933 4034 3934
 3934 4035 3935
 3935 4036 3936
 3936 4037 3937
 3937 4038 3938
 3938 4039 3939
 3939 4040 3940
 3940 4041 3941
 3941 4042 3942
 3942 4043 3943
 3943 4044 3944
 3944 4045 3945
 3945 4046 3946
 3946 4047 3947
 3947 4048 3948
 3948 4049 3949
 3949 4050 3950
 3950 4051 3951
 3951 4052 3952
 3952 4053 3953
 3953 4054 3954
 3954 4055 3955
 3955 4056 3956
 3956 4057 3957
 3957 4058 3958
 3958 4059 3959
 3959 4060 3960
 3960 4061 3961
 3961 4062 3962
 3962 4063 3963
 3963 4064 3964
 3964 4065 3965
 3965 4066 3966
 3966 4067 3967
 3967 4068 3968
 3968 4069 3969
 3969 4070 3970
 3970 4071 3971
 3971 4072 3972
 3972 4073 3973
 3973 4074 3974
 3974 4075 3975
 3975 4076 3976
 3976 4077 3977
 3977 4078 3978
 3978 4079 3979
 3979 4080 3980
 3980 4081 3981
 3981 4082 3982
 3982 4083 3983
 3983 4084 3984
 3984 4085 3985
 3985 4086 3986
 3986 4087 3987
 3987 4088 3988
 3988 4089 3989
 3989 4090 3990
 3990 4091 3991
 3991 4092 3992
 3992 4093 3993
 3993 4094 3994
 3994 4095 3995
 3995 4096 3996
 3996 4097 3997
 3997 4098 3998
 3998 4099 3999
 4000 4101 4001
 4001 4102 4002
 4002 4103 4003
 4003 4104 4004
 4004 4105 4005
 4005 4106 4006
 4006 4107 4007
 4007 4108 4008
 4008 4109 4009
 4009 4110 4010
 4010 4111 4011
 4011 4112 4012
 4012 4113 4013
 4013 4114 4014
 4014 4115 4015
 4015 4116 4016
 4016 4117 4017
 4017 4118 4018
 4018 4119 4019
 4019 4120 4020
 4020 4121 4021
 4021 4122 4022
 4022 4123 4023
 4023 4124 4024
 4024 4125 4025
 4025 4126 4026
 4026 4127 4027
 4027 4128 4028
 4028 4129 4029
 4029 4130 4030
 4030 4131 4031
 4031 4132 4032
 4032 4133 4033
 4033 4134 4034
 4034 4135 4035
 4035 4136 4036
 4036 4137 4037
 4037 4138 4038
 4038 4139 4039
 4039 4140 4040
 4040 4141 4041
 4041 4142 4042
 4042 4143 4043
 4043 4144 4044
 4044 4145 4045
 4045 4146 4046
 4046 4147 4047
 4047 4148 4048
 4048 4149 4049
 4049 4150 4050
 4050 4151 4051
 4051 4152 4052
 4052 4153 4053
 4053 4154 4054
 4054 4155 4055
 4055 4156 4056
 4056 4157 4057
 4057 4158 4058
 4058 4159 4059
 4059 4160 4060
 4060 4161 4061
 4061 4162 4062
 4062 4163 4063
 4063 4164 4064
 4064 4165 4065
 4065 4166 4066
 4066 4167 4067
 4067 4168 4068
 4068 4169 4069
 4069 4170 4070
 4070 4171 4071
 4071 4172 4072
 4072 4173 4073
 4073 4174 4074
 4074 4175 4075
 4075 4176 4076
 4076 4177 4077
 4077 4178 4078
 4078 4179 4079
 4079 4180 4080
 4080 4181 4081
 4081 4182 4082
 4082 4183 4083
 4083 4184 4084
 4084 4185 4085
 4085 4186 4086
 4086 4187 4087
 4087 4188 4088
 4088 4189 4089
 4089 4190 4090
 4090 4191 4091
 4091 4192 4092
 4092 4193 4093
 4093 4194 4094
 4094 4195 4095
 4095 4196 4096
 4096 4197 4097
 4097 4198 4098
 4098 4199 4099
 4100 4201 4101
 4101 4202 4102
 4102 4203 4103
 4103 4204 4104
 4104 4205 4105
 4105 4206 4106
 4106 4207 4107
 4107 4208 4108
 4108 4209 4109
 4109 4210 4110
 4110 4211 4111
 4111 4212 4112
 4112 4213 4113
 4113 4214 4114
 4114 4215 4115
 4115 4216 4116
 4116 4217 4117
 4117 4218 4118
 4118 4219 4119
 4119 4220 4120
 4120 4221 4121
 4121 4222 4122
 4122 4223 4123
 4123 4224 4124
 4124 4225 4125
 4125 4226 4126
 4126 4227 4127
 4127 4228 4128
 4128 4229 4129
 4129 4230 4130
 4130 4231 4131
 4131 4232 4132
 4132 4233 4133
 4133 4234 4134
 4134 4235 4135
 4135 4236 4136
 4136 4237 4137
 4137 4238 4138
 4138 4239 4139
 4139 4240 4140
 4140 4241 4141
 4141 4242 4142
 4142 4243 4143
 4143 4244 4144
 4144 4245 4145
 4145 4246 4146
 4146 4247 4147
 4147 4248 4148
 4148 4249 4149
 4149 4250 4150
 4150 4251 4151
 4151 4252 4152
 4152 4253 4153
 4153 4254 4154
 4154 4255 4155
 4155 4256 4156
 4156 4257 4157
 4157 4258 4158
 4158 4259 4159
 4159 4260 4160
 4160 4261 4161
 4161 4262 4162
 4162 4263 4163
 4163 4264 4164
 4164 4265 4165
 4165 4266 4166
 4166 4267 4167
 4167 4268 4168
 4168 4269 4169
 4169 4270 4170
 4170 4271 4171
 4171 4272 4172
 4172 4273 4173
 4173 4274 4174
 4174 4275 4175
 4175 4276 4176
 4176 4277 4177
 4177 4278 4178
 4178 4279 4179
 4179 4280 4180
 4180 4281 4181
 4181 4282 4182
 4182 4283 4183
 4183 4284 4184
 4184 4285 4185
 4185 4286 4186
 4186 4287 4187
 4187 4288 4188
 4188 4289 4189
 4189 4290 4190
 4190 4291 4191
 4191 4292 4192
 4192 4293 4193
 4193 4294 4194
 4194 4295 4195
 4195 4296 4196
 4196 4297 4197
 4197 4298 4198
 4198 4299 4199
 4200 4301 4201
 4201 4302 4202
 4202 4303 4203
 4203 4304 4204
 4204 4305 4205
 4205 4306 4206
 4206 4307 4207
 4207 4308 4208
 4208 4309 4209
 4209 4310 4210
 4210 4311 4211
 4211 4312 4212
 4212 4313 4213
 4213 4314 4214
 4214 4315 4215
 4215 4316 4216
 4216 4317 4217
 4217 4318 4218
 4218 4319 4219
 4219 4320 4220
 4220 4321 4221
 4221 4322 4222
 4222 4323 4223
 4223 4324 4224
 4224 4325 4225
 4225 4326 4226
 4226 4327 4227
 4227 4328 4228
 4228 4329 4229
 4229 4330 4230
 4230 4331 4231
 4231 4332 4232
 4232 4333 4233
 4233 4334 4234
 4234 4335 4235
 4235 4336 4236
 4236 4337 4237
 4237 4338 4238
 4238 4339 4239
 4239 4340 4240
 4240 4341 4241
 4241 4342 4242
 4242 4343 4243
 4243 4344 4244
 4244 4345 4245
 4245 4346 4246
 4246 4347 4247
 4247 4348 4248
 4248 4349 4249
 4249 4350 4250
 4250 4351 4251
 4251 4352 4252
 4252 4353 4253
 4253 4354 4254
 4254 4355 4255
 4255 4356 4256
 4256 4357 4257
 4257 4358 4258
 4258 4359 4259
 4259 4360 4260
 4260 4361 4261
 4261 4362 4262
 4262 4363 4263
 4263 4364 4264
 4264 4365 4265
 4265 4366 4266
 4266 4367 4267
 4267 4368 4268
 4268 4369 4269
 4269 4370 4270
 4270 4371 4271
 4271 4372 4272
 4272 4373 4273
 4273 4374 4274
 4274 4375 4275
 4275 4376 4276
 4276 4377 4277
 4277 4378 4278
 4278 4379 4279
 4279 4380 4280
 4280 4381 4281
 4281 4382 4282
 4282 4383 4283
 4283 4384 4284
 4284 4385 4285
 4285 4386 4286
 4286 4387 4287
 4287 4388 4288
 4288 4389 4289
 4289 4390 4290
 4290 4391 4291
 4291 4392 4292
 4292 4393 4293
 4293 4394 4294
 4294 4395 4295
 4295 4396 4296
 4296 4397 4297
 4297 4398 4298
 4298 4399 4299
 4300 4401 4301
 4301 4402 4302
 4302 4403 4303
 4303 4404 4304
 4304 4405 4305
 4305 4406 4306
 4306 4407 4307
 4307 4408 4308
 4308 4409 4309
 4309 4410 4310
 4310 4411 4311
 4311 4412 4312
 4312 4413 4313
 4313 4414 4314
 4314 4415 4315
 4315 4416 4316
 4316 4417 4317
 4317 4418 4318
 4318 4419 4319
 4319 4420 4320
 4320 4421 4321
 4321 4422 4322
 4322 4423 4323
 4323 4424 4324
 4324 4425 4325
 4325 4426 4326
 4326 4427 4327
 4327 4428 4328
 4328 4429 4329
 4329 4430 4330
 4330 4431 4331
 4331 4432 4332
 4332 4433 4333
 4333 4434 4334
 4334 4435 4335
 4335 4436 4336
 4336 4437 4337
 4337 4438 4338
 4338 4439 4339
 4339 4440 4340
 4340 4441 4341
 4341 4442 4342
 4342 4443 4343
 4343 4444 4344
 4344 4445 4345
 4345 4446 4346
 4346 4447 4347
 4347 4448 4348
 4348 4449 4349
 4349 4450 4350
 4350 4451 4351
 4351 4452 4352
 4352 4453 4353
 4353 4454 4354
 4354 4455 4355
 4355 4456 4356
 4356 4457 4357
 4357 4458 4358
 4358 4459 4359
 4359 4460 4360
 4360 4461 4361
 4361 4462 4362
 4362 4463 4363
 4363 4464 4364
 4364 4465 4365
 4365 4466 4366
 4366 4467 4367
 4367 4468 4368
 4368 4469 4369
 4369 4470 4370
 4370 4471 4371
 4371 4472 4372
 4372 4473 4373
 4373 4474 4374
 4374 4475 4375
 4375 4476 4376
 4376 4477 4377
 4377 4478 4378
 4378 4479 4379
 4379 4480 4380
 4380 4481 4381
 4381 4482 4382
 4382 4483 4383
 4383 4484 4384
 4384 4485 4385
 4385 4486 4386
 4386 4487 4387
 4387 4488 4388
 4388 4489 4389
 4389 4490 4390
 4390 4491 4391
 4391 4492 4392
 4392 4493 4393
 4393 4494 4394
 4394 4495 4395
 4395 4496 4396
 4396 4497 4397
 4397 4498 4398
 4398 4499 4399
 4400 4501 4401
 4401 4502 4402
 4402 4503 4403
 4403 4504 4404
 4404 4505 4405
 4405 4506 4406
 4406 4507 4407
 4407 4508 4408
 4408 4509 4409
 4409 4510 4410
 4410 4511 4411
 4411 4512 4412
 4412 4513 4413
 4413 4514 4414
 4414 4515 4415
 4415 4516 4416
 4416 4517 4417
 4417 4518 4418
 4418 4519 4419
 4419 4520 4420
 4420 4521 4421
 4421 4522 4422
 4422 4523 4423
 4423 4524 4424
 4424 4525 4425
 4425 4526 4426
 4426 4527 4427
 4427 4528 4428
 4428 4529 4429
 4429 4530 4430
 4430 4531 4431
 4431 4532 4432
 4432 4533 4433
 4433 4534 4434
 4434 4535 4435
 4435 4536 4436
 4436 4537 4437
 4437 4538 4438
 4438 4539 4439
 4439 4540 4440
 4440 4541 4441
 4441 4542 4442
 4442 4543 4443
 4443 4544 4444
 4444 4545 4445
 4445 4546 4446
 4446 4547 4447
 4447 4548 4448
 4448 4549 4449
 4449 4550 4450
 4450 4551 4451
 4451 4552 4452
 4452 4553 4453
 4453 4554 4454
 4454 4555 4455
 4455 4556 4456
 4456 4557 4457
 4457 4558 4458
 4458 4559 4459
 4459 4560 4460
 4460 4561 4461
 4461 4562 4462
 4462 4563 4463
 4463 4564 4464
 4464 4565 4465
 4465 4566 4466
 4466 4567 4467
 4467 4568 4468
 4468 4569 4469
 4469 4570 4470
 4470 4571 4471
 4471 4572 4472
 4472 4573 4473
 4473 4574 4474
 4474 4575 4475
 4475 4576 4476
 4476 4577 4477
 4477 4578 4478
 4478 4579 4479
 4479 4580 4480
 4480 4581 4481
 4481 4582 4482
 4482 4583 4483
 4483 4584 4484
 4484 4585 4485
 4485 4586 4486
 4486 4587 4487
 4487 4588 4488
 4488 4589 4489
 4489 4590 4490
 4490 4591 4491
 4491 4592 4492
 4492 4593 4493
 4493 4594 4494
 4494 4595 4495
 4495 4596 4496
 4496 4597 4497
 4497 4598 4498
 4498 4599 4499
 4500 4601 4501
 4501 4602 4502
 4502 4603 4503
 4503 4604 4504
 4504 4605 4505
 4505 4606 4506
 4506 4607 4507
 4507 4608 4508
 4508 4609 4509
 4509 4610 4510
 4510 4611 4511
 4511 4612 4512
 4512 4613 4513
 4513 4614 4514
 4514 4615 4515
 4515 4616 4516
 4516 4617 4517
 4517 4618 4518
 4518 4619 4519
 4519 4620 4520
 4520 4621 4521
 4521 4622 4522
 4522 4623 4523
 4523 4624 4524
 4524 4625 4525
 4525 4626 4526
 4526 4627 4527
 4527 4628 4528
 4528 4629 4529
 4529 4630 4530
 4530 4631 4531
 4531 4632 4532
 4532 4633 4533
 4533 4634 4534
 4534 4635 4535
 4535 4636 4536
 4536 4637 4537
 4537 4638 4538
 4538 4639 4539
 4539 4640 4540
 4540 4641 4541
 4541 4642 4542
 4542 4643 4543
 4543 4644 4544
 4544 4645 4545
 4545 4646 4546
 4546 4647 4547
 4547 4648 4548
 4548 4649 4549
 4549 4650 4550
 4550 4651 4551
 4551 4652 4552
 4552 4653 4553
 4553 4654 4554
 4554 4655 4555
 4555 4656 4556
 4556 4657 4557
 4557 4658 4558
 4558 4659 4559
 4559 4660 4560
 4560 4661 4561
 4561 4662 4562
 4562 4663 4563
 4563 4664 4564
 4564 4665 4565
 4565 4666 4566
 4566 4667 4567
 4567 4668 4568
 4568 4669 4569
 4569 4670 4570
 4570 4671 4571
 4571 4672 4572
 4572 4673 4573
 4573 4674 4574
 4574 4675 4575
 4575 4676 4576
 4576 4677 4577
 4577 4678 4578
 4578 4679 4579
 4579 4680 4580
 4580 4681 4581
 4581 4682 4582
 4582 4683 4583
 4583 4684 4584
 4584 4685 4585
 4585 4686 4586
 4586 4687 4587
 4587 4688 4588
 4588 4689 4589
 4589 4690 4590
 4590 4691 4591
 4591 4692 4592
 4592 4693 4593
 4593 4694 4594
 4594 4695 4595
 4595 4696 4596
 4596 4697 4597
 4597 4698 4598
 4598 4699 4599
 4600 4701 4601
 4601 4702 4602
 4602 4703 4603
 4603 4704 4604
 4604 4705 4605
 4605 4706 4606
 4606 4707 4607
 4607 4708 4608
 4608 4709 4609
 4609 4710 4610
 4610 4711 4611
 4611 4712 4612
 4612 4713 4613
 4613 4714 4614
 4614 4715 4615
 4615 4716 4616
 4616 4717 4617
 4617 4718 4618
 4618 4719 4619
 4619 4720 4620
 4620 4721 4621
 4621 4722 4622
 4622 4723 4623
 4623 4724 4624
 4624 4725 4625
 4625 4726 4626
 4626 4727 4627
 4627 4728 4628
 4628 4729 4629
 4629 4730 4630
 4630 4731 4631
 4631 4732 4632
 4632 4733 4633
 4633 4734 4634
 4634 4735 4635
 4635 4736 4636
 4636 4737 4637
 4637 4738 4638
 4638 4739 4639
 4639 4740 4640
 4640 4741 4641
 4641 4742 4642
 4642 4743 4643
 4643 4744 4644
 4644 4745 4645
 4645 4746 4646
 4646 4747 4647
 4647 4748 4648
 4648 4749 4649
 4649 4750 4650
 4650 4751 4651
 4651 4752 4652
 4652 4753 4653
 4653 4754 4654
 4654 4755 4655
 4655 4756 4656
 4656 4757 4657
 4657 4758 4658
 4658 4759 4659
 4659 4760 4660
 4660 4761 4661
 4661 4762 4662
 4662 4763 4663
 4663 4764 4664
 4664 4765 4665
 4665 4766 4666
 4666 4767 4667
 4667 4768 4668
 4668 4769 4669
 4669 4770 4670
 4670 4771 4671
 4671 4772 4672
 4672 4773 4673
 4673 4774 4674
 4674 4775 4675
 4675 4776 4676
 4676 4777 4677
 4677 4778 4678
 4678 4779 4679
 4679 4780 4680
 4680 4781 4681
 4681 4782 4682
 4682 4783 4683
 4683 4784 4684
 4684 4785 4685
 4685 4786 4686
 4686 4787 4687
 4687 4788 4688
 4688 4789 4689
 4689 4790 4690
 4690 4791 4691
 4691 4792 4692
 4692 4793 4693
 4693 4794 4694
 4694 4795 4695
 4695 4796 4696
 4696 4797 4697
 4697 4798 4698
 4698 4799 4699
 4700 4801 4701
 4701 4802 4702
 4702 4803 4703
 4703 4804 4704
 4704 4805 4705
 4705 4806 4706
 4706 4807 4707
 4707 4808 4708
 4708 4809 4709
 4709 4810 4710
 4710 4811 4711
 4711 4812 4712
 4712 4813 4713
 4713 4814 4714
 4714 4815 4715
 4715 4816 4716
 4716 4817 4717
 4717 4818 4718
 4718 4819 4719
 4719 4820 4720
 4720 4821 4721
 4721 4822 4722
 4722 4823 4723
 4723 4824 4724
 4724 4825 4725
 4725 4826 4726
 4726 4827 4727
 4727 4828 4728
 4728 4829 4729
 4729 4830 4730
 4730 4831 4731
 4731 4832 4732
 4732 4833 4733
 4733 4834 4734
 4734 4835 4735
 4735 4836 4736
 4736 4837 4737
 4737 4838 4738
 4738 4839 4739
 4739 4840 4740
 4740 4841 4741
 4741 4842 4742
 4742 4843 4743
 4743 4844 4744
 4744 4845 4745
 4745 4846 4746
 4746 4847 4747
 4747 4848 4748
 4748 4849 4749
 4749 4850 4750
 4750 4851 4751
 4751 4852 4752
 4752 4853 4753
 4753 4854 4754
 4754 4855 4755
 4755 4856 4756
 4756 4857 4757
 4757 4858 4758
 4758 4859 4759
 4759 4860 4760
 4760 4861 4761
 4761 4862 4762
 4762 4863 4763
 4763 4864 4764
 4764 4865 4765
 4765 4866 4766
 4766 4867 4767
 4767 4868 4768
 4768 4869 4769
 4769 4870 4770
 4770 4871 4771
 4771 4872 4772
 4772 4873 4773
 4773 4874 4774
 4774 4875 4775
 4775 4876 4776
 4776 4877 4777
 4777 4878 4778
 4778 4879 4779
 4779 4880 4780
 4780 4881 4781
 4781 4882 4782
 4782 4883 4783
 4783 4884 4784
 4784 4885 4785
 4785 4886 4786
 4786 4887 4787
 4787 4888 4788
 4788 4889 4789
 4789 4890 4790
 4790 4891 4791
 4791 4892 4792
 4792 4893 4793
 4793 4894 4794
 4794 4895 4795
 4795 4896 4796
 4796 4897 4797
 4797 4898 4798
 4798 4899 4799
 4800 4901 4801
 4801 4902 4802
 4802 4903 4803
 4803 4904 4804
 4804 4905 4805
 4805 4906 4806
 4806 4907 4807
 4807 4908 4808
 4808 4909 4809
 4809 4910 4810
 4810 4911 4811
 4811 4912 4812
 4812 4913 4813
 4813 4914 4814
 4814 4915 4815
 4815 4916 4816
 4816 4917 4817
 4817 4918 4818
 4818 4919 4819
 4819 4920 4820
 4820 4921 4821
 4821 4922 4822
 4822 4923 4823
 4823 4924 4824
 4824 4925 4825
 4825 4926 4826
 4826 4927 4827
 4827 4928 4828
 4828 4929 4829
 4829 4930 4830
 4830 4931 4831
 4831 4932 4832
 4832 4933 4833
 4833 4934 4834
 4834 4935 4835
 4835 4936 4836
 4836 4937 4837
 4837 4938 4838
 4838 4939 4839
 4839 4940 4840
 4840 4941 4841
 4841 4942 4842
 4842 4943 4843
 4843 4944 4844
 4844 4945 4845
 4845 4946 4846
 4846 4947 4847
 4847 4948 4848
 4848 4949 4849
 4849 4950 4850
 4850 4951 4851
 4851 4952 4852
 4852 4953 4853
 4853 4954 4854
 4854 4955 4855
 4855 4956 4856
 4856 4957 4857
 4857 4958 4858
 4858 4959 4859
 4859 4960 4860
 4860 4961 4861
 4861 4962 4862
 4862 4963 4863
 4863 4964 4864
 4864 4965 4865
 4865 4966 4866
 4866 4967 4867
 4867 4968 4868
 4868 4969 4869
 4869 4970 4870
 4870 4971 4871
 4871 4972 4872
 4872 4973 4873
 4873 4974 4874
 4874 4975 4875
 4875 4976 4876
 4876 4977 4877
 4877 4978 4878
 4878 4979 4879
 4879 4980 4880
 4880 4981 4881
 4881 4982 4882
 4882 4983 4883
 4883 4984 4884
 4884 4985 4885
 4885 4986 4886
 4886 4987 4887
 4887 4988 4888
 4888 4989 4889
 4889 4990 4890
 4890 4991 4891
 4891 4992 4892
 4892 4993 4893
 4893 4994 4894
 4894 4995 4895
 4895 4996 4896
 4896 4997 4897
 4897 4998 4898
 4898 4999 4899
 4900 5001 4901
 4901 5002 4902
 4902 5003 4903
 4903 5004 4904
 4904 5005 4905
 4905 5006 4906
 4906 5007 4907
 4907 5008 4908
 4908 5009 4909
 4909 5010 4910
 4910 5011 4911
 4911 5012 4912
 4912 5013 4913
 4913 5014 4914
 4914 5015 4915
 4915 5016 4916
 4916 5017 4917
 4917 5018 4918
 4918 5019 4919
 4919 5020 4920
 4920 5021 4921
 4921 5022 4922
 4922 5023 4923
 4923 5024 4924
 4924 5025 4925
 4925 5026 4926
 4926 5027 4927
 4927 5028 4928
 4928 5029 4929
 4929 5030 4930
 4930 5031 4931
 4931 5032 4932
 4932 5033 4933
 4933 5034 4934
 4934 5035 4935
 4935 5036 4936
 4936 5037 4937
 4937 5038 4938
 4938 5039 4939
 4939 5040 4940
 4940 5041 4941
 4941 5042 4942
 4942 5043 4943
 4943 5044 4944
 4944 5045 4945
 4945 5046 4946
 4946 5047 4947
 4947 5048 4948
 4948 5049 4949
 4949 5050 4950
 4950 5051 4951
 4951 5052 4952
 4952 5053 4953
 4953 5054 4954
 4954 5055 4955
 4955 5056 4956
 4956 5057 4957
 4957 5058 4958
 4958 5059 4959
 4959 5060 4960
 4960 5061 4961
 4961 5062 4962
 4962 5063 4963
 4963 5064 4964
 4964 5065 4965
 4965 5066 4966
 4966 5067 4967
 4967 5068 4968
 4968 5069 4969
 4969 5070 4970
 4970 5071 4971
 4971 5072 4972
 4972 5073 4973
 4973 5074 4974
 4974 5075 4975
 4975 5076 4976
 4976 5077 4977
 4977 5078 4978
 4978 5079 4979
 4979 5080 4980
 4980 5081 4981
 4981 5082 4982
 4982 5083 4983
 4983 5084 4984
 4984 5085 4985
 4985 5086 4986
 4986 5087 4987
 4987 5088 4988
 4988 5089 4989
 4989 5090 4990
 4990 5091 4991
 4991 5092 4992
 4992 5093 4993
 4993 5094 4994
 4994 5095 4995
 4995 5096 4996
 4996 5097 4997
 4997 5098 4998
 4998 5099 4999
 5000 5101 5001
 5001 5102 5002
 5002 5103 5003
 5003 5104 5004
 5004 5105 5005
 5005 5106 5006
 5006 5107 5007
 5007 5108 5008
 5008 5109 5009
 5009 5110 5010
 5010 5111 5011
 5011 5112 5012
 5012 5113 5013
 5013 5114 5014
 5014 5115 5015
 5015 5116 5016
 5016 5117 5017
 5017 5118 5018
 5018 5119 5019
 5019 5120 5020
 5020 5121 5021
 5021 5122 5022
 5022 5123 5023
 5023 5124 5024
 5024 5125 5025
 5025 5126 5026
 5026 5127 5027
 5027 5128 5028
 5028 5129 5029
 5029 5130 5030
 5030 5131 5031
 5031 5132 5032
 5032 5133 5033
 5033 5134 5034
 5034 5135 5035
 5035 5136 5036
 5036 5137 5037
 5037 5138 5038
 5038 5139 5039
 5039 5140 5040
 5040 5141 5041
 5041 5142 5042
 5042 5143 5043
 5043 5144 5044
 5044 5145 5045
 5045 5146 5046
 5046 5147 5047
 5047 5148 5048
 5048 5149 5049
 5049 5150 5050
 5050 5151 5051
 5051 5152 5052
 5052 5153 5053
 5053 5154 5054
 5054 5155 5055
 5055 5156 5056
 5056 5157 5057
 5057 5158 5058
 5058 5159 5059
 5059 5160 5060
 5060 5161 5061
 5061 5162 5062
 5062 5163 5063
 5063 5164 5064
 5064 5165 5065
 5065 5166 5066
 5066 5167 5067
 5067 5168 5068
 5068 5169 5069
 5069 5170 5070
 5070 5171 5071
 5071 5172 5072
 5072 5173 5073
 5073 5174 5074
 5074 5175 5075
 5075 5176 5076
 5076 5177 5077
 5077 5178 5078
 5078 5179 5079
 5079 5180 5080
 5080 5181 5081
 5081 5182 5082
 5082 5183 5083
 5083 5184 5084
 5084 5185 5085
 5085 5186 5086
 5086 5187 5087
 5087 5188 5088
 5088 5189 5089
 5089 5190 5090
 5090 5191 5091
 5091 5192 5092
 5092 5193 5093
 5093 5194 5094
 5094 5195 5095
 5095 5196 5096
 5096 5197 5097
 5097 5198 5098
 5098 5199 5099
 5100 5201 5101
 5101 5202 5102
 5102 5203 5103
 5103 5204 5104
 5104 5205 5105
 5105 5206 5106
 5106 5207 5107
 5107 5208 5108
 5108 5209 5109
 5109 5210 5110
 5110 5211 5111
 5111 5212 5112
 5112 5213 5113
 5113 5214 5114
 5114 5215 5115
 5115 5216 5116
 5116 5217 5117
 5117 5218 5118
 5118 5219 5119
 5119 5220 5120
 5120 5221 5121
 5121 5222 5122
 5122 5223 5123
 5123 5224 5124
 5124 5225 5125
 5125 5226 5126
 5126 5227 5127
 5127 5228 5128
 5128 5229 5129
 5129 5230 5130
 5130 5231 5131
 5131 5232 5132
 5132 5233 5133
 5133 5234 5134
 5134 5235 5135
 5135 5236 5136
 5136 5237 5137
 5137 5238 5138
 5138 5239 5139
 5139 5240 5140
 5140 5241 5141
 5141 5242 5142
 5142 5243 5143
 5143 5244 5144
 5144 5245 5145
 5145 5246 5146
 5146 5247 5147
 5147 5248 5148
 5148 5249 5149
 5149 5250 5150
 5150 5251 5151
 5151 5252 5152
 5152 5253 5153
 5153 5254 5154
 5154 5255 5155
 5155 5256 5156
 5156 5257 5157
 5157 5258 5158
 5158 5259 5159
 5159 5260 5160
 5160 5261 5161
 5161 5262 5162
 5162 5263 5163
 5163 5264 5164
 5164 5265 5165
 5165 5266 5166
 5166 5267 5167
 5167 5268 5168
 5168 5269 5169
 5169 5270 5170
 5170 5271 5171
 5171 5272 5172
 5172 5273 5173
 5173 5274 5174
 5174 5275 5175
 5175 5276 5176
 5176 5277 5177
 5177 5278 5178
 5178 5279 5179
 5179 5280 5180
 5180 5281 5181
 5181 5282 5182
 5182 5283 5183
 5183 5284 5184
 5184 5285 5185
 5185 5286 5186
 5186 5287 5187
 5187 5288 5188
 5188 5289 5189
 5189 5290 5190
 5190 5291 5191
 5191 5292 5192
 5192 5293 5193
 5193 5294 5194
 5194 5295 5195
 5195 5296 5196
 5196 5297 5197
 5197 5298 5198
 5198 5299 5199
 5200 5301 5201
 5201 5302 5202
 5202 5303 5203
 5203 5304 5204
 5204 5305 5205
 5205 5306 5206
 5206 5307 5207
 5207 5308 5208
 5208 5309 5209
 5209 5310 5210
 5210 5311 5211
 5211 5312 5212
 5212 5313 5213
 5213 5314 5214
 5214 5315 5215
 5215 5316 5216
 5216 5317 5217
 5217 5318 5218
 5218 5319 5219
 5219 5320 5220
 5220 5321 5221
 5221 5322 5222
 5222 5323 5223
 5223 5324 5224
 5224 5325 5225
 5225 5326 5226
 5226 5327 5227
 5227 5328 5228
 5228 5329 5229
 5229 5330 5230
 5230 5331 5231
 5231 5332 5232
 5232 5333 5233
 5233 5334 5234
 5234 5335 5235
 5235 5336 5236
 5236 5337 5237
 5237 5338 5238
 5238 5339 5239
 5239 5340 5240
 5240 5341 5241
 5241 5342 5242
 5242 5343 5243
 5243 5344 5244
 5244 5345 5245
 5245 5346 5246
 5246 5347 5247
 5247 5348 5248
 5248 5349 5249
 5249 5350 5250
 5250 5351 5251
 5251 5352 5252
 5252 5353 5253
 5253 5354 5254
 5254 5355 5255
 5255 5356 5256
 5256 5357 5257
 5257 5358 5258
 5258 5359 5259
 5259 5360 5260
 5260 5361 5261
 5261 5362 5262
 5262 5363 5263
 5263 5364 5264
 5264 5365 5265
 5265 5366 5266
 5266 5367 5267
 5267 5368 5268
 5268 5369 5269
 5269 5370 5270
 5270 5371 5271
 5271 5372 5272
 5272 5373 5273
 5273 5374 5274
 5274 5375 5275
 5275 5376 5276
 5276 5377 5277
 5277 5378 5278
 5278 5379 5279
 5279 5380 5280
 5280 5381 5281
 5281 5382 5282
 5282 5383 5283
 5283 5384 5284
 5284 5385 5285
 5285 5386 5286
 5286 5387 5287
 5287 5388 5288
 5288 5389 5289
 5289 5390 5290
 5290 5391 5291
 5291 5392 5292
 5292 5393 5293
 5293 5394 5294
 5294 5395 5295
 5295 5396 5296
 5296 5397 5297
 5297 5398 5298
 5298 5399 5299
 5300 5401 5301
 5301 5402 5302
 5302 5403 5303
 5303 5404 5304
 5304 5405 5305
 5305 5406 5306
 5306 5407 5307
 5307 5408 5308
 5308 5409 5309
 5309 5410 5310
 5310 5411 5311
 5311 5412 5312
 5312 5413 5313
 5313 5414 5314
 5314 5415 5315
 5315 5416 5316
 5316 5417 5317
 5317 5418 5318
 5318 5419 5319
 5319 5420 5320
 5320 5421 5321
 5321 5422 5322
 5322 5423 5323
 5323 5424 5324
 5324 5425 5325
 5325 5426 5326
 5326 5427 5327
 5327 5428 5328
 5328 5429 5329
 5329 5430 5330
 5330 5431 5331
 5331 5432 5332
 5332 5433 5333
 5333 5434 5334
 5334 5435 5335
 5335 5436 5336
 5336 5437 5337
 5337 5438 5338
 5338 5439 5339
 5339 5440 5340
 5340 5441 5341
 5341 5442 5342
 5342 5443 5343
 5343 5444 5344
 5344 5445 5345
 5345 5446 5346
 5346 5447 5347
 5347 5448 5348
 5348 5449 5349
 5349 5450 5350
 5350 5451 5351
 5351 5452 5352
 5352 5453 5353
 5353 5454 5354
 5354 5455 5355
 5355 5456 5356
 5356 5457 5357
 5357 5458 5358
 5358 5459 5359
 5359 5460 5360
 5360 5461 5361
 5361 5462 5362
 5362 5463 5363
 5363 5464 5364
 5364 5465 5365
 5365 5466 5366
 5366 5467 5367
 5367 5468 5368
 5368 5469 5369
 5369 5470 5370
 5370 5471 5371
 5371 5472 5372
 5372 5473 5373
 5373 5474 5374
 5374 5475 5375
 5375 5476 5376
 5376 5477 5377
 5377 5478 5378
 5378 5479 5379
 5379 5480 5380
 5380 5481 5381
 5381 5482 5382
 5382 5483 5383
 5383 5484 5384
 5384 5485 5385
 5385 5486 5386
 5386 5487 5387
 5387 5488 5388
 5388 5489 5389
 5389 5490 5390
 5390 5491 5391
 5391 5492 5392
 5392 5493 5393
 5393 5494 5394
 5394 5495 5395
 5395 5496 5396
 5396 5497 5397
 5397 5498 5398
 5398 5499 5399
 5400 5501 5401
 5401 5502 5402
 5402 5503 5403
 5403 5504 5404
 5404 5505 5405
 5405 5506 5406
 5406 5507 5407
 5407 5508 5408
 5408 5509 5409
 5409 5510 5410
 5410 5511 5411
 5411 5512 5412
 5412 5513 5413
 5413 5514 5414
 5414 5515 5415
 5415 5516 5416
 5416 5517 5417
 5417 5518 5418
 5418 5519 5419
 5419 5520 5420
 5420 5521 5421
 5421 5522 5422
 5422 5523 5423
 5423 5524 5424
 5424 5525 5425
 5425 5526 5426
 5426 5527 5427
 5427 5528 5428
 5428 5529 5429
 5429 5530 5430
 5430 5531 5431
 5431 5532 5432
 5432 5533 5433
 5433 5534 5434
 5434 5535 5435
 5435 5536 5436
 5436 5537 5437
 5437 5538 5438
 5438 5539 5439
 5439 5540 5440
 5440 5541 5441
 5441 5542 5442
 5442 5543 5443
 5443 5544 5444
 5444 5545 5445
 5445 5546 5446
 5446 5547 5447
 5447 5548 5448
 5448 5549 5449
 5449 5550 5450
 5450 5551 5451
 5451 5552 5452
 5452 5553 5453
 5453 5554 5454
 5454 5555 5455
 5455 5556 5456
 5456 5557 5457
 5457 5558 5458
 5458 5559 5459
 5459 5560 5460
 5460 5561 5461
 5461 5562 5462
 5462 5563 5463
 5463 5564 5464
 5464 5565 5465
 5465 5566 5466
 5466 5567 5467
 5467 5568 5468
 5468 5569 5469
 5469 5570 5470
 5470 5571 5471
 5471 5572 5472
 5472 5573 5473
 5473 5574 5474
 5474 5575 5475
 5475 5576 5476
 5476 5577 5477
 5477 5578 5478
 5478 5579 5479
 5479 5580 5480
 5480 5581 5481
 5481 5582 5482
 5482 5583 5483
 5483 5584 5484
 5484 5585 5485
 5485 5586 5486
 5486 5587 5487
 5487 5588 5488
 5488 5589 5489
 5489 5590 5490
 5490 5591 5491
 5491 5592 5492
 5492 5593 5493
 5493 5594 5494
 5494 5595 5495
 5495 5596 5496
 5496 5597 5497
 5497 5598 5498
 5498 5599 5499
 5500 5601 5501
 5501 5602 5502
 5502 5603 5503
 5503 5604 5504
 5504 5605 5505
 5505 5606 5506
 5506 5607 5507
 5507 5608 5508
 5508 5609 5509
 5509 5610 5510
 5510 5611 5511
 5511 5612 5512
 5512 5613 5513
 5513 5614 5514
 5514 5615 5515
 5515 5616 5516
 5516 5617 5517
 5517 5618 5518
 5518 5619 5519
 5519 5620 5520
 5520 5621 5521
 5521 5622 5522
 5522 5623 5523
 5523 5624 5524
 5524 5625 5525
 5525 5626 5526
 5526 5627 5527
 5527 5628 5528
 5528 5629 5529
 5529 5630 5530
 5530 5631 5531
 5531 5632 5532
 5532 5633 5533
 5533 5634 5534
 5534 5635 5535
 5535 5636 5536
 5536 5637 5537
 5537 5638 5538
 5538 5639 5539
 5539 5640 5540
 5540 5641 5541
 5541 5642 5542
 5542 5643 5543
 5543 5644 5544
 5544 5645 5545
 5545 5646 5546
 5546 5647 5547
 5547 5648 5548
 5548 5649 5549
 5549 5650 5550
 5550 5651 5551
 5551 5652 5552
 5552 5653 5553
 5553 5654 5554
 5554 5655 5555
 5555 5656 5556
 5556 5657 5557
 5557 5658 5558
 5558 5659 5559
 5559 5660 5560
 5560 5661 5561
 5561 5662 5562
 5562 5663 5563
 5563 5664 5564
 5564 5665 5565
 5565 5666 5566
 5566 5667 5567
 5567 5668 5568
 5568 5669 5569
 5569 5670 5570
 5570 5671 5571
 5571 5672 5572
 5572 5673 5573
 5573 5674 5574
 5574 5675 5575
 5575 5676 5576
 5576 5677 5577
 5577 5678 5578
 5578 5679 5579
 5579 5680 5580
 5580 5681 5581
 5581 5682 5582
 5582 5683 5583
 5583 5684 5584
 5584 5685 5585
 5585 5686 5586
 5586 5687 5587
 5587 5688 5588
 5588 5689 5589
 5589 5690 5590
 5590 5691 5591
 5591 5692 5592
 5592 5693 5593
 5593 5694 5594
 5594 5695 5595
 5595 5696 5596
 5596 5697 5597
 5597 5698 5598
 5598 5699 5599
 5600 5701 5601
 5601 5702 5602
 5602 5703 5603
 5603 5704 5604
 5604 5705 5605
 5605 5706 5606
 5606 5707 5607
 5607 5708 5608
 5608 5709 5609
 5609 5710 5610
 5610 5711 5611
 5611 5712 5612
 5612 5713 5613
 5613 5714 5614
 5614 5715 5615
 5615 5716 5616
 5616 5717 5617
 5617 5718 5618
 5618 5719 5619
 5619 5720 5620
 5620 5721 5621
 5621 5722 5622
 5622 5723 5623
 5623 5724 5624
 5624 5725 5625
 5625 5726 5626
 5626 5727 5627
 5627 5728 5628
 5628 5729 5629
 5629 5730 5630
 5630 5731 5631
 5631 5732 5632
 5632 5733 5633
 5633 5734 5634
 5634 5735 5635
 5635 5736 5636
 5636 5737 5637
 5637 5738 5638
 5638 5739 5639
 5639 5740 5640
 5640 5741 5641
 5641 5742 5642
 5642 5743 5643
 5643 5744 5644
 5644 5745 5645
 5645 5746 5646
 5646 5747 5647
 5647 5748 5648
 5648 5749 5649
 5649 5750 5650
 5650 5751 5651
 5651 5752 5652
 5652 5753 5653
 5653 5754 5654
 5654 5755 5655
 5655 5756 5656
 5656 5757 5657
 5657 5758 5658
 5658 5759 5659
 5659 5760 5660
 5660 5761 5661
 5661 5762 5662
 5662 5763 5663
 5663 5764 5664
 5664 5765 5665
 5665 5766 5666
 5666 5767 5667
 5667 5768 5668
 5668 5769 5669
 5669 5770 5670
 5670 5771 5671
 5671 5772 5672
 5672 5773 5673
 5673 5774 5674
 5674 5775 5675
 5675 5776 5676
 5676 5777 5677
 5677 5778 5678
 5678 5779 5679
 5679 5780 5680
 5680 5781 5681
 5681 5782 5682
 5682 5783 5683
 5683 5784 5684
 5684 5785 5685
 5685 5786 5686
 5686 5787 5687
 5687 5788 5688
 5688 5789 5689
 5689 5790 5690
 5690 5791 5691
 5691 5792 5692
 5692 5793 5693
 5693 5794 5694
 5694 5795 5695
 5695 5796 5696
 5696 5797 5697
 5697 5798 5698
 5698 5799 5699
 5700 5801 5701
 5701 5802 5702
 5702 5803 5703
 5703 5804 5704
 5704 5805 5705
 5705 5806 5706
 5706 5807 5707
 5707 5808 5708
 5708 5809 5709
 5709 5810 5710
 5710 5811 5711
 5711 5812 5712
 5712 5813 5713
 5713 5814 5714
 5714 5815 5715
 5715 5816 5716
 5716 5817 5717
 5717 5818 5718
 5718 5819 5719
 5719 5820 5720
 5720 5821 5721
 5721 5822 5722
 5722 5823 5723
 5723 5824 5724
 5724 5825 5725
 5725 5826 5726
 5726 5827 5727
 5727 5828 5728
 5728 5829 5729
 5729 5830 5730
 5730 5831 5731
 5731 5832 5732
 5732 5833 5733
 5733 5834 5734
 5734 5835 5735
 5735 5836 5736
 5736 5837 5737
 5737 5838 5738
 5738 5839 5739
 5739 5840 5740
 5740 5841 5741
 5741 5842 5742
 5742 5843 5743
 5743 5844 5744
 5744 5845 5745
 5745 5846 5746
 5746 5847 5747
 5747 5848 5748
 5748 5849 5749
 5749 5850 5750
 5750 5851 5751
 5751 5852 5752
 5752 5853 5753
 5753 5854 5754
 5754 5855 5755
 5755 5856 5756
 5756 5857 5757
 5757 5858 5758
 5758 5859 5759
 5759 5860 5760
 5760 5861 5761
 5761 5862 5762
 5762 5863 5763
 5763 5864 5764
 5764 5865 5765
 5765 5866 5766
 5766 5867 5767
 5767 5868 5768
 5768 5869 5769
 5769 5870 5770
 5770 5871 5771
 5771 5872 5772
 5772 5873 5773
 5773 5874 5774
 5774 5875 5775
 5775 5876 5776
 5776 5877 5777
 5777 5878 5778
 5778 5879 5779
 5779 5880 5780
 5780 5881 5781
 5781 5882 5782
 5782 5883 5783
 5783 5884 5784
 5784 5885 5785
 5785 5886 5786
 5786 5887 5787
 5787 5888 5788
 5788 5889 5789
 5789 5890 5790
 5790 5891 5791
 5791 5892 5792
 5792 5893 5793
 5793 5894 5794
 5794 5895 5795
 5795 5896 5796
 5796 5897 5797
 5797 5898 5798
 5798 5899 5799
 5800 5901 5801
 5801 5902 5802
 5802 5903 5803
 5803 5904 5804
 5804 5905 5805
 5805 5906 5806
 5806 5907 5807
 5807 5908 5808
 5808 5909 5809
 5809 5910 5810
 5810 5911 5811
 5811 5912 5812
 5812 5913 5813
 5813 5914 5814
 5814 5915 5815
 5815 5916 5816
 5816 5917 5817
 5817 5918 5818
 5818 5919 5819
 5819 5920 5820
 5820 5921 5821
 5821 5922 5822
 5822 5923 5823
 5823 5924 5824
 5824 5925 5825
 5825 5926 5826
 5826 5927 5827
 5827 5928 5828
 5828 5929 5829
 5829 5930 5830
 5830 5931 5831
 5831 5932 5832
 5832 5933 5833
 5833 5934 5834
 5834 5935 5835
 5835 5936 5836
 5836 5937 5837
 5837 5938 5838
 5838 5939 5839
 5839 5940 5840
 5840 5941 5841
 5841 5942 5842
 5842 5943 5843
 5843 5944 5844
 5844 5945 5845
 5845 5946 5846
 5846 5947 5847
 5847 5948 5848
 5848 5949 5849
 5849 5950 5850
 5850 5951 5851
 5851 5952 5852
 5852 5953 5853
 5853 5954 5854
 5854 5955 5855
 5855 5956 5856
 5856 5957 5857
 5857 5958 5858
 5858 5959 5859
 5859 5960 5860
 5860 5961 5861
 5861 5962 5862
 5862 5963 5863
 5863 5964 5864
 5864 5965 5865
 5865 5966 5866
 5866 5967 5867
 5867 5968 5868
 5868 5969 5869
 5869 5970 5870
 5870 5971 5871
 5871 5972 5872
 5872 5973 5873
 5873 5974 5874
 5874 5975 5875
 5875 5976 5876
 5876 5977 5877
 5877 5978 5878
 5878 5979 5879
 5879 5980 5880
 5880 5981 5881
 5881 5982 5882
 5882 5983 5883
 5883 5984 5884
 5884 5985 5885
 5885 5986 5886
 5886 5987 5887
 5887 5988 5888
 5888 5989 5889
 5889 5990 5890
 5890 5991 5891
 5891 5992 5892
 5892 5993 5893
 5893 5994 5894
 5894 5995 5895
 5895 5996 5896
 5896 5997 5897
 5897 5998 5898
 5898 5999 5899
 5900 6001 5901
 5901 6002 5902
 5902 6003 5903
 5903 6004 5904
 5904 6005 5905
 5905 6006 5906
 5906 6007 5907
 5907 6008 5908
 5908 6009 5909
 5909 6010 5910
 5910 6011 5911
 5911 6012 5912
 5912 6013 5913
 5913 6014 5914
 5914 6015 5915
 5915 6016 5916
 5916 6017 5917
 5917 6018 5918
 5918 6019 5919
 5919 6020 5920
 5920 6021 5921
 5921 6022 5922
 5922 6023 5923
 5923 6024 5924
 5924 6025 5925
 5925 6026 5926
 5926 6027 5927
 5927 6028 5928
 5928 6029 5929
 5929 6030 5930
 5930 6031 5931
 5931 6032 5932
 5932 6033 5933
 5933 6034 5934
 5934 6035 5935
 5935 6036 5936
 5936 6037 5937
 5937 6038 5938
 5938 6039 5939
 5939 6040 5940
 5940 6041 5941
 5941 6042 5942
 5942 6043 5943
 5943 6044 5944
 5944 6045 5945
 5945 6046 5946
 5946 6047 5947
 5947 6048 5948
 5948 6049 5949
 5949 6050 5950
 5950 6051 5951
 5951 6052 5952
 5952 6053 5953
 5953 6054 5954
 5954 6055 5955
 5955 6056 5956
 5956 6057 5957
 5957 6058 5958
 5958 6059 5959
 5959 6060 5960
 5960 6061 5961
 5961 6062 5962
 5962 6063 5963
 5963 6064 5964
 5964 6065 5965
 5965 6066 5966
 5966 6067 5967
 5967 6068 5968
 5968 6069 5969
 5969 6070 5970
 5970 6071 5971
 5971 6072 5972
 5972 6073 5973
 5973 6074 5974
 5974 6075 5975
 5975 6076 5976
 5976 6077 5977
 5977 6078 5978
 5978 6079 5979
 5979 6080 5980
 5980 6081 5981
 5981 6082 5982
 5982 6083 5983
 5983 6084 5984
 5984 6085 5985
 5985 6086 5986
 5986 6087 5987
 5987 6088 5988
 5988 6089 5989
 5989 6090 5990
 5990 6091 5991
 5991 6092 5992
 5992 6093 5993
 5993 6094 5994
 5994 6095 5995
 5995 6096 5996
 5996 6097 5997
 5997 6098 5998
 5998 6099 5999
 6000 6101 6001
 6001 6102 6002
 6002 6103 6003
 6003 6104 6004
 6004 6105 6005
 6005 6106 6006
 6006 6107 6007
 6007 6108 6008
 6008 6109 6009
 6009 6110 6010
 6010 6111 6011
 6011 6112 6012
 6012 6113 6013
 6013 6114 6014
 6014 6115 6015
 6015 6116 6016
 6016 6117 6017
 6017 6118 6018
 6018 6119 6019
 6019 6120 6020
 6020 6121 6021
 6021 6122 6022
 6022 6123 6023
 6023 6124 6024
 6024 6125 6025
 6025 6126 6026
 6026 6127 6027
 6027 6128 6028
 6028 6129 6029
 6029 6130 6030
 6030 6131 6031
 6031 6132 6032
 6032 6133 6033
 6033 6134 6034
 6034 6135 6035
 6035 6136 6036
 6036 6137 6037
 6037 6138 6038
 6038 6139 6039
 6039 6140 6040
 6040 6141 6041
 6041 6142 6042
 6042 6143 6043
 6043 6144 6044
 6044 6145 6045
 6045 6146 6046
 6046 6147 6047
 6047 6148 6048
 6048 6149 6049
 6049 6150 6050
 6050 6151 6051
 6051 6152 6052
 6052 6153 6053
 6053 6154 6054
 6054 6155 6055
 6055 6156 6056
 6056 6157 6057
 6057 6158 6058
 6058 6159 6059
 6059 6160 6060
 6060 6161 6061
 6061 6162 6062
 6062 6163 6063
 6063 6164 6064
 6064 6165 6065
 6065 6166 6066
 6066 6167 6067
 6067 6168 6068
 6068 6169 6069
 6069 6170 6070
 6070 6171 6071
 6071 6172 6072
 6072 6173 6073
 6073 6174 6074
 6074 6175 6075
 6075 6176 6076
 6076 6177 6077
 6077 6178 6078
 6078 6179 6079
 6079 6180 6080
 6080 6181 6081
 6081 6182 6082
 6082 6183 6083
 6083 6184 6084
 6084 6185 6085
 6085 6186 6086
 6086 6187 6087
 6087 6188 6088
 6088 6189 6089
 6089 6190 6090
 6090 6191 6091
 6091 6192 6092
 6092 6193 6093
 6093 6194 6094
 6094 6195 6095
 6095 6196 6096
 6096 6197 6097
 6097 6198 6098
 6098 6199 6099
 6100 6201 6101
 6101 6202 6102
 6102 6203 6103
 6103 6204 6104
 6104 6205 6105
 6105 6206 6106
 6106 6207 6107
 6107 6208 6108
 6108 6209 6109
 6109 6210 6110
 6110 6211 6111
 6111 6212 6112
 6112 6213 6113
 6113 6214 6114
 6114 6215 6115
 6115 6216 6116
 6116 6217 6117
 6117 6218 6118
 6118 6219 6119
 6119 6220 6120
 6120 6221 6121
 6121 6222 6122
 6122 6223 6123
 6123 6224 6124
 6124 6225 6125
 6125 6226 6126
 6126 6227 6127
 6127 6228 6128
 6128 6229 6129
 6129 6230 6130
 6130 6231 6131
 6131 6232 6132
 6132 6233 6133
 6133 6234 6134
 6134 6235 6135
 6135 6236 6136
 6136 6237 6137
 6137 6238 6138
 6138 6239 6139
 6139 6240 6140
 6140 6241 6141
 6141 6242 6142
 6142 6243 6143
 6143 6244 6144
 6144 6245 6145
 6145 6246 6146
 6146 6247 6147
 6147 6248 6148
 6148 6249 6149
 6149 6250 6150
 6150 6251 6151
 6151 6252 6152
 6152 6253 6153
 6153 6254 6154
 6154 6255 6155
 6155 6256 6156
 6156 6257 6157
 6157 6258 6158
 6158 6259 6159
 6159 6260 6160
 6160 6261 6161
 6161 6262 6162
 6162 6263 6163
 6163 6264 6164
 6164 6265 6165
 6165 6266 6166
 6166 6267 6167
 6167 6268 6168
 6168 6269 6169
 6169 6270 6170
 6170 6271 6171
 6171 6272 6172
 6172 6273 6173
 6173 6274 6174
 6174 6275 6175
 6175 6276 6176
 6176 6277 6177
 6177 6278 6178
 6178 6279 6179
 6179 6280 6180
 6180 6281 6181
 6181 6282 6182
 6182 6283 6183
 6183 6284 6184
 6184 6285 6185
 6185 6286 6186
 6186 6287 6187
 6187 6288 6188
 6188 6289 6189
 6189 6290 6190
 6190 6291 6191
 6191 6292 6192
 6192 6293 6193
 6193 6294 6194
 6194 6295 6195
 6195 6296 6196
 6196 6297 6197
 6197 6298 6198
 6198 6299 6199
 6200 6301 6201
 6201 6302 6202
 6202 6303 6203
 6203 6304 6204
 6204 6305 6205
 6205 6306 6206
 6206 6307 6207
 6207 6308 6208
 6208 6309 6209
 6209 6310 6210
 6210 6311 6211
 6211 6312 6212
 6212 6313 6213
 6213 6314 6214
 6214 6315 6215
 6215 6316 6216
 6216 6317 6217
 6217 6318 6218
 6218 6319 6219
 6219 6320 6220
 6220 6321 6221
 6221 6322 6222
 6222 6323 6223
 6223 6324 6224
 6224 6325 6225
 6225 6326 6226
 6226 6327 6227
 6227 6328 6228
 6228 6329 6229
 6229 6330 6230
 6230 6331 6231
 6231 6332 6232
 6232 6333 6233
 6233 6334 6234
 6234 6335 6235
 6235 6336 6236
 6236 6337 6237
 6237 6338 6238
 6238 6339 6239
 6239 6340 6240
 6240 6341 6241
 6241 6342 6242
 6242 6343 6243
 6243 6344 6244
 6244 6345 6245
 6245 6346 6246
 6246 6347 6247
 6247 6348 6248
 6248 6349 6249
 6249 6350 6250
 6250 6351 6251
 6251 6352 6252
 6252 6353 6253
 6253 6354 6254
 6254 6355 6255
 6255 6356 6256
 6256 6357 6257
 6257 6358 6258
 6258 6359 6259
 6259 6360 6260
 6260 6361 6261
 6261 6362 6262
 6262 6363 6263
 6263 6364 6264
 6264 6365 6265
 6265 6366 6266
 6266 6367 6267
 6267 6368 6268
 6268 6369 6269
 6269 6370 6270
 6270 6371 6271
 6271 6372 6272
 6272 6373 6273
 6273 6374 6274
 6274 6375 6275
 6275 6376 6276
 6276 6377 6277
 6277 6378 6278
 6278 6379 6279
 6279 6380 6280
 6280 6381 6281
 6281 6382 6282
 6282 6383 6283
 6283 6384 6284
 6284 6385 6285
 6285 6386 6286
 6286 6387 6287
 6287 6388 6288
 6288 6389 6289
 6289 6390 6290
 6290 6391 6291
 6291 6392 6292
 6292 6393 6293
 6293 6394 6294
 6294 6395 6295
 6295 6396 6296
 6296 6397 6297
 6297 6398 6298
 6298 6399 6299
 6300 6401 6301
 6301 6402 6302
 6302 6403 6303
 6303 6404 6304
 6304 6405 6305
 6305 6406 6306
 6306 6407 6307
 6307 6408 6308
 6308 6409 6309
 6309 6410 6310
 6310 6411 6311
 6311 6412 6312
 6312 6413 6313
 6313 6414 6314
 6314 6415 6315
 6315 6416 6316
 6316 6417 6317
 6317 6418 6318
 6318 6419 6319
 6319 6420 6320
 6320 6421 6321
 6321 6422 6322
 6322 6423 6323
 6323 6424 6324
 6324 6425 6325
 6325 6426 6326
 6326 6427 6327
 6327 6428 6328
 6328 6429 6329
 6329 6430 6330
 6330 6431 6331
 6331 6432 6332
 6332 6433 6333
 6333 6434 6334
 6334 6435 6335
 6335 6436 6336
 6336 6437 6337
 6337 6438 6338
 6338 6439 6339
 6339 6440 6340
 6340 6441 6341
 6341 6442 6342
 6342 6443 6343
 6343 6444 6344
 6344 6445 6345
 6345 6446 6346
 6346 6447 6347
 6347 6448 6348
 6348 6449 6349
 6349 6450 6350
 6350 6451 6351
 6351 6452 6352
 6352 6453 6353
 6353 6454 6354
 6354 6455 6355
 6355 6456 6356
 6356 6457 6357
 6357 6458 6358
 6358 6459 6359
 6359 6460 6360
 6360 6461 6361
 6361 6462 6362
 6362 6463 6363
 6363 6464 6364
 6364 6465 6365
 6365 6466 6366
 6366 6467 6367
 6367 6468 6368
 6368 6469 6369
 6369 6470 6370
 6370 6471 6371
 6371 6472 6372
 6372 6473 6373
 6373 6474 6374
 6374 6475 6375
 6375 6476 6376
 6376 6477 6377
 6377 6478 6378
 6378 6479 6379
 6379 6480 6380
 6380 6481 6381
 6381 6482 6382
 6382 6483 6383
 6383 6484 6384
 6384 6485 6385
 6385 6486 6386
 6386 6487 6387
 6387 6488 6388
 6388 6489 6389
 6389 6490 6390
 6390 6491 6391
 6391 6492 6392
 6392 6493 6393
 6393 6494 6394
 6394 6495 6395
 6395 6496 6396
 6396 6497 6397
 6397 6498 6398
 6398 6499 6399
 6400 6501 6401
 6401 6502 6402
 6402 6503 6403
 6403 6504 6404
 6404 6505 6405
 6405 6506 6406
 6406 6507 6407
 6407 6508 6408
 6408 6509 6409
 6409 6510 6410
 6410 6511 6411
 6411 6512 6412
 6412 6513 6413
 6413 6514 6414
 6414 6515 6415
 6415 6516 6416
 6416 6517 6417
 6417 6518 6418
 6418 6519 6419
 6419 6520 6420
 6420 6521 6421
 6421 6522 6422
 6422 6523 6423
 6423 6524 6424
 6424 6525 6425
 6425 6526 6426
 6426 6527 6427
 6427 6528 6428
 6428 6529 6429
 6429 6530 6430
 6430 6531 6431
 6431 6532 6432
 6432 6533 6433
 6433 6534 6434
 6434 6535 6435
 6435 6536 6436
 6436 6537 6437
 6437 6538 6438
 6438 6539 6439
 6439 6540 6440
 6440 6541 6441
 6441 6542 6442
 6442 6543 6443
 6443 6544 6444
 6444 6545 6445
 6445 6546 6446
 6446 6547 6447
 6447 6548 6448
 6448 6549 6449
 6449 6550 6450
 6450 6551 6451
 6451 6552 6452
 6452 6553 6453
 6453 6554 6454
 6454 6555 6455
 6455 6556 6456
 6456 6557 6457
 6457 6558 6458
 6458 6559 6459
 6459 6560 6460
 6460 6561 6461
 6461 6562 6462
 6462 6563 6463
 6463 6564 6464
 6464 6565 6465
 6465 6566 6466
 6466 6567 6467
 6467 6568 6468
 6468 6569 6469
 6469 6570 6470
 6470 6571 6471
 6471 6572 6472
 6472 6573 6473
 6473 6574 6474
 6474 6575 6475
 6475 6576 6476
 6476 6577 6477
 6477 6578 6478
 6478 6579 6479
 6479 6580 6480
 6480 6581 6481
 6481 6582 6482
 6482 6583 6483
 6483 6584 6484
 6484 6585 6485
 6485 6586 6486
 6486 6587 6487
 6487 6588 6488
 6488 6589 6489
 6489 6590 6490
 6490 6591 6491
 6491 6592 6492
 6492 6593 6493
 6493 6594 6494
 6494 6595 6495
 6495 6596 6496
 6496 6597 6497
 6497 6598 6498
 6498 6599 6499
 6500 6601 6501
 6501 6602 6502
 6502 6603 6503
 6503 6604 6504
 6504 6605 6505
 6505 6606 6506
 6506 6607 6507
 6507 6608 6508
 6508 6609 6509
 6509 6610 6510
 6510 6611 6511
 6511 6612 6512
 6512 6613 6513
 6513 6614 6514
 6514 6615 6515
 6515 6616 6516
 6516 6617 6517
 6517 6618 6518
 6518 6619 6519
 6519 6620 6520
 6520 6621 6521
 6521 6622 6522
 6522 6623 6523
 6523 6624 6524
 6524 6625 6525
 6525 6626 6526
 6526 6627 6527
 6527 6628 6528
 6528 6629 6529
 6529 6630 6530
 6530 6631 6531
 6531 6632 6532
 6532 6633 6533
 6533 6634 6534
 6534 6635 6535
 6535 6636 6536
 6536 6637 6537
 6537 6638 6538
 6538 6639 6539
 6539 6640 6540
 6540 6641 6541
 6541 6642 6542
 6542 6643 6543
 6543 6644 6544
 6544 6645 6545
 6545 6646 6546
 6546 6647 6547
 6547 6648 6548
 6548 6649 6549
 6549 6650 6550
 6550 6651 6551
 6551 6652 6552
 6552 6653 6553
 6553 6654 6554
 6554 6655 6555
 6555 6656 6556
 6556 6657 6557
 6557 6658 6558
 6558 6659 6559
 6559 6660 6560
 6560 6661 6561
 6561 6662 6562
 6562 6663 6563
 6563 6664 6564
 6564 6665 6565
 6565 6666 6566
 6566 6667 6567
 6567 6668 6568
 6568 6669 6569
 6569 6670 6570
 6570 6671 6571
 6571 6672 6572
 6572 6673 6573
 6573 6674 6574
 6574 6675 6575
 6575 6676 6576
 6576 6677 6577
 6577 6678 6578
 6578 6679 6579
 6579 6680 6580
 6580 6681 6581
 6581 6682 6582
 6582 6683 6583
 6583 6684 6584
 6584 6685 6585
 6585 6686 6586
 6586 6687 6587
 6587 6688 6588
 6588 6689 6589
 6589 6690 6590
 6590 6691 6591
 6591 6692 6592
 6592 6693 6593
 6593 6694 6594
 6594 6695 6595
 6595 6696 6596
 6596 6697 6597
 6597 6698 6598
 6598 6699 6599
 6600 6701 6601
 6601 6702 6602
 6602 6703 6603
 6603 6704 6604
 6604 6705 6605
 6605 6706 6606
 6606 6707 6607
 6607 6708 6608
 6608 6709 6609
 6609 6710 6610
 6610 6711 6611
 6611 6712 6612
 6612 6713 6613
 6613 6714 6614
 6614 6715 6615
 6615 6716 6616
 6616 6717 6617
 6617 6718 6618
 6618 6719 6619
 6619 6720 6620
 6620 6721 6621
 6621 6722 6622
 6622 6723 6623
 6623 6724 6624
 6624 6725 6625
 6625 6726 6626
 6626 6727 6627
 6627 6728 6628
 6628 6729 6629
 6629 6730 6630
 6630 6731 6631
 6631 6732 6632
 6632 6733 6633
 6633 6734 6634
 6634 6735 6635
 6635 6736 6636
 6636 6737 6637
 6637 6738 6638
 6638 6739 6639
 6639 6740 6640
 6640 6741 6641
 6641 6742 6642
 6642 6743 6643
 6643 6744 6644
 6644 6745 6645
 6645 6746 6646
 6646 6747 6647
 6647 6748 6648
 6648 6749 6649
 6649 6750 6650
 6650 6751 6651
 6651 6752 6652
 6652 6753 6653
 6653 6754 6654
 6654 6755 6655
 6655 6756 6656
 6656 6757 6657
 6657 6758 6658
 6658 6759 6659
 6659 6760 6660
 6660 6761 6661
 6661 6762 6662
 6662 6763 6663
 6663 6764 6664
 6664 6765 6665
 6665 6766 6666
 6666 6767 6667
 6667 6768 6668
 6668 6769 6669
 6669 6770 6670
 6670 6771 6671
 6671 6772 6672
 6672 6773 6673
 6673 6774 6674
 6674 6775 6675
 6675 6776 6676
 6676 6777 6677
 6677 6778 6678
 6678 6779 6679
 6679 6780 6680
 6680 6781 6681
 6681 6782 6682
 6682 6783 6683
 6683 6784 6684
 6684 6785 6685
 6685 6786 6686
 6686 6787 6687
 6687 6788 6688
 6688 6789 6689
 6689 6790 6690
 6690 6791 6691
 6691 6792 6692
 6692 6793 6693
 6693 6794 6694
 6694 6795 6695
 6695 6796 6696
 6696 6797 6697
 6697 6798 6698
 6698 6799 6699
 6700 6801 6701
 6701 6802 6702
 6702 6803 6703
 6703 6804 6704
 6704 6805 6705
 6705 6806 6706
 6706 6807 6707
 6707 6808 6708
 6708 6809 6709
 6709 6810 6710
 6710 6811 6711
 6711 6812 6712
 6712 6813 6713
 6713 6814 6714
 6714 6815 6715
 6715 6816 6716
 6716 6817 6717
 6717 6818 6718
 6718 6819 6719
 6719 6820 6720
 6720 6821 6721
 6721 6822 6722
 6722 6823 6723
 6723 6824 6724
 6724 6825 6725
 6725 6826 6726
 6726 6827 6727
 6727 6828 6728
 6728 6829 6729
 6729 6830 6730
 6730 6831 6731
 6731 6832 6732
 6732 6833 6733
 6733 6834 6734
 6734 6835 6735
 6735 6836 6736
 6736 6837 6737
 6737 6838 6738
 6738 6839 6739
 6739 6840 6740
 6740 6841 6741
 6741 6842 6742
 6742 6843 6743
 6743 6844 6744
 6744 6845 6745
 6745 6846 6746
 6746 6847 6747
 6747 6848 6748
 6748 6849 6749
 6749 6850 6750
 6750 6851 6751
 6751 6852 6752
 6752 6853 6753
 6753 6854 6754
 6754 6855 6755
 6755 6856 6756
 6756 6857 6757
 6757 6858 6758
 6758 6859 6759
 6759 6860 6760
 6760 6861 6761
 6761 6862 6762
 6762 6863 6763
 6763 6864 6764
 6764 6865 6765
 6765 6866 6766
 6766 6867 6767
 6767 6868 6768
 6768 6869 6769
 6769 6870 6770
 6770 6871 6771
 6771 6872 6772
 6772 6873 6773
 6773 6874 6774
 6774 6875 6775
 6775 6876 6776
 6776 6877 6777
 6777 6878 6778
 6778 6879 6779
 6779 6880 6780
 6780 6881 6781
 6781 6882 6782
 6782 6883 6783
 6783 6884 6784
 6784 6885 6785
 6785 6886 6786
 6786 6887 6787
 6787 6888 6788
 6788 6889 6789
 6789 6890 6790
 6790 6891 6791
 6791 6892 6792
 6792 6893 6793
 6793 6894 6794
 6794 6895 6795
 6795 6896 6796
 6796 6897 6797
 6797 6898 6798
 6798 6899 6799
 6800 6901 6801
 6801 6902 6802
 6802 6903 6803
 6803 6904 6804
 6804 6905 6805
 6805 6906 6806
 6806 6907 6807
 6807 6908 6808
 6808 6909 6809
 6809 6910 6810
 6810 6911 6811
 6811 6912 6812
 6812 6913 6813
 6813 6914 6814
 6814 6915 6815
 6815 6916 6816
 6816 6917 6817
 6817 6918 6818
 6818 6919 6819
 6819 6920 6820
 6820 6921 6821
 6821 6922 6822
 6822 6923 6823
 6823 6924 6824
 6824 6925 6825
 6825 6926 6826
 6826 6927 6827
 6827 6928 6828
 6828 6929 6829
 6829 6930 6830
 6830 6931 6831
 6831 6932 6832
 6832 6933 6833
 6833 6934 6834
 6834 6935 6835
 6835 6936 6836
 6836 6937 6837
 6837 6938 6838
 6838 6939 6839
 6839 6940 6840
 6840 6941 6841
 6841 6942 6842
 6842 6943 6843
 6843 6944 6844
 6844 6945 6845
 6845 6946 6846
 6846 6947 6847
 6847 6948 6848
 6848 6949 6849
 6849 6950 6850
 6850 6951 6851
 6851 6952 6852
 6852 6953 6853
 6853 6954 6854
 6854 6955 6855
 6855 6956 6856
 6856 6957 6857
 6857 6958 6858
 6858 6959 6859
 6859 6960 6860
 6860 6961 6861
 6861 6962 6862
 6862 6963 6863
 6863 6964 6864
 6864 6965 6865
 6865 6966 6866
 6866 6967 6867
 6867 6968 6868
 6868 6969 6869
 6869 6970 6870
 6870 6971 6871
 6871 6972 6872
 6872 6973 6873
 6873 6974 6874
 6874 6975 6875
 6875 6976 6876
 6876 6977 6877
 6877 6978 6878
 6878 6979 6879
 6879 6980 6880
 6880 6981 6881
 6881 6982 6882
 6882 6983 6883
 6883 6984 6884
 6884 6985 6885
 6885 6986 6886
 6886 6987 6887
 6887 6988 6888
 6888 6989 6889
 6889 6990 6890
 6890 6991 6891
 6891 6992 6892
 6892 6993 6893
 6893 6994 6894
 6894 6995 6895
 6895 6996 6896
 6896 6997 6897
 6897 6998 6898
 6898 6999 6899
 6900 7001 6901
 6901 7002 6902
 6902 7003 6903
 6903 7004 6904
 6904 7005 6905
 6905 7006 6906
 6906 7007 6907
 6907 7008 6908
 6908 7009 6909
 6909 7010 6910
 6910 7011 6911
 6911 7012 6912
 6912 7013 6913
 6913 7014 6914
 6914 7015 6915
 6915 7016 6916
 6916 7017 6917
 6917 7018 6918
 6918 7019 6919
 6919 7020 6920
 6920 7021 6921
 6921 7022 6922
 6922 7023 6923
 6923 7024 6924
 6924 7025 6925
 6925 7026 6926
 6926 7027 6927
 6927 7028 6928
 6928 7029 6929
 6929 7030 6930
 6930 7031 6931
 6931 7032 6932
 6932 7033 6933
 6933 7034 6934
 6934 7035 6935
 6935 7036 6936
 6936 7037 6937
 6937 7038 6938
 6938 7039 6939
 6939 7040 6940
 6940 7041 6941
 6941 7042 6942
 6942 7043 6943
 6943 7044 6944
 6944 7045 6945
 6945 7046 6946
 6946 7047 6947
 6947 7048 6948
 6948 7049 6949
 6949 7050 6950
 6950 7051 6951
 6951 7052 6952
 6952 7053 6953
 6953 7054 6954
 6954 7055 6955
 6955 7056 6956
 6956 7057 6957
 6957 7058 6958
 6958 7059 6959
 6959 7060 6960
 6960 7061 6961
 6961 7062 6962
 6962 7063 6963
 6963 7064 6964
 6964 7065 6965
 6965 7066 6966
 6966 7067 6967
 6967 7068 6968
 6968 7069 6969
 6969 7070 6970
 6970 7071 6971
 6971 7072 6972
 6972 7073 6973
 6973 7074 6974
 6974 7075 6975
 6975 7076 6976
 6976 7077 6977
 6977 7078 6978
 6978 7079 6979
 6979 7080 6980
 6980 7081 6981
 6981 7082 6982
 6982 7083 6983
 6983 7084 6984
 6984 7085 6985
 6985 7086 6986
 6986 7087 6987
 6987 7088 6988
 6988 7089 6989
 6989 7090 6990
 6990 7091 6991
 6991 7092 6992
 6992 7093 6993
 6993 7094 6994
 6994 7095 6995
 6995 7096 6996
 6996 7097 6997
 6997 7098 6998
 6998 7099 6999
 7000 7101 7001
 7001 7102 7002
 7002 7103 7003
 7003 7104 7004
 7004 7105 7005
 7005 7106 7006
 7006 7107 7007
 7007 7108 7008
 7008 7109 7009
 7009 7110 7010
 7010 7111 7011
 7011 7112 7012
 7012 7113 7013
 7013 7114 7014
 7014 7115 7015
 7015 7116 7016
 7016 7117 7017
 7017 7118 7018
 7018 7119 7019
 7019 7120 7020
 7020 7121 7021
 7021 7122 7022
 7022 7123 7023
 7023 7124 7024
 7024 7125 7025
 7025 7126 7026
 7026 7127 7027
 7027 7128 7028
 7028 7129 7029
 7029 7130 7030
 7030 7131 7031
 7031 7132 7032
 7032 7133 7033
 7033 7134 7034
 7034 7135 7035
 7035 7136 7036
 7036 7137 7037
 7037 7138 7038
 7038 7139 7039
 7039 7140 7040
 7040 7141 7041
 7041 7142 7042
 7042 7143 7043
 7043 7144 7044
 7044 7145 7045
 7045 7146 7046
 7046 7147 7047
 7047 7148 7048
 7048 7149 7049
 7049 7150 7050
 7050 7151 7051
 7051 7152 7052
 7052 7153 7053
 7053 7154 7054
 7054 7155 7055
 7055 7156 7056
 7056 7157 7057
 7057 7158 7058
 7058 7159 7059
 7059 7160 7060
 7060 7161 7061
 7061 7162 7062
 7062 7163 7063
 7063 7164 7064
 7064 7165 7065
 7065 7166 7066
 7066 7167 7067
 7067 7168 7068
 7068 7169 7069
 7069 7170 7070
 7070 7171 7071
 7071 7172 7072
 7072 7173 7073
 7073 7174 7074
 7074 7175 7075
 7075 7176 7076
 7076 7177 7077
 7077 7178 7078
 7078 7179 7079
 7079 7180 7080
 7080 7181 7081
 7081 7182 7082
 7082 7183 7083
 7083 7184 7084
 7084 7185 7085
 7085 7186 7086
 7086 7187 7087
 7087 7188 7088
 7088 7189 7089
 7089 7190 7090
 7090 7191 7091
 7091 7192 7092
 7092 7193 7093
 7093 7194 7094
 7094 7195 7095
 7095 7196 7096
 7096 7197 7097
 7097 7198 7098
 7098 7199 7099
 7100 7201 7101
 7101 7202 7102
 7102 7203 7103
 7103 7204 7104
 7104 7205 7105
 7105 7206 7106
 7106 7207 7107
 7107 7208 7108
 7108 7209 7109
 7109 7210 7110
 7110 7211 7111
 7111 7212 7112
 7112 7213 7113
 7113 7214 7114
 7114 7215 7115
 7115 7216 7116
 7116 7217 7117
 7117 7218 7118
 7118 7219 7119
 7119 7220 7120
 7120 7221 7121
 7121 7222 7122
 7122 7223 7123
 7123 7224 7124
 7124 7225 7125
 7125 7226 7126
 7126 7227 7127
 7127 7228 7128
 7128 7229 7129
 7129 7230 7130
 7130 7231 7131
 7131 7232 7132
 7132 7233 7133
 7133 7234 7134
 7134 7235 7135
 7135 7236 7136
 7136 7237 7137
 7137 7238 7138
 7138 7239 7139
 7139 7240 7140
 7140 7241 7141
 7141 7242 7142
 7142 7243 7143
 7143 7244 7144
 7144 7245 7145
 7145 7246 7146
 7146 7247 7147
 7147 7248 7148
 7148 7249 7149
 7149 7250 7150
 7150 7251 7151
 7151 7252 7152
 7152 7253 7153
 7153 7254 7154
 7154 7255 7155
 7155 7256 7156
 7156 7257 7157
 7157 7258 7158
 7158 7259 7159
 7159 7260 7160
 7160 7261 7161
 7161 7262 7162
 7162 7263 7163
 7163 7264 7164
 7164 7265 7165
 7165 7266 7166
 7166 7267 7167
 7167 7268 7168
 7168 7269 7169
 7169 7270 7170
 7170 7271 7171
 7171 7272 7172
 7172 7273 7173
 7173 7274 7174
 7174 7275 7175
 7175 7276 7176
 7176 7277 7177
 7177 7278 7178
 7178 7279 7179
 7179 7280 7180
 7180 7281 7181
 7181 7282 7182
 7182 7283 7183
 7183 7284 7184
 7184 7285 7185
 7185 7286 7186
 7186 7287 7187
 7187 7288 7188
 7188 7289 7189
 7189 7290 7190
 7190 7291 7191
 7191 7292 7192
 7192 7293 7193
 7193 7294 7194
 7194 7295 7195
 7195 7296 7196
 7196 7297 7197
 7197 7298 7198
 7198 7299 7199
 7200 7301 7201
 7201 7302 7202
 7202 7303 7203
 7203 7304 7204
 7204 7305 7205
 7205 7306 7206
 7206 7307 7207
 7207 7308 7208
 7208 7309 7209
 7209 7310 7210
 7210 7311 7211
 7211 7312 7212
 7212 7313 7213
 7213 7314 7214
 7214 7315 7215
 7215 7316 7216
 7216 7317 7217
 7217 7318 7218
 7218 7319 7219
 7219 7320 7220
 7220 7321 7221
 7221 7322 7222
 7222 7323 7223
 7223 7324 7224
 7224 7325 7225
 7225 7326 7226
 7226 7327 7227
 7227 7328 7228
 7228 7329 7229
 7229 7330 7230
 7230 7331 7231
 7231 7332 7232
 7232 7333 7233
 7233 7334 7234
 7234 7335 7235
 7235 7336 7236
 7236 7337 7237
 7237 7338 7238
 7238 7339 7239
 7239 7340 7240
 7240 7341 7241
 7241 7342 7242
 7242 7343 7243
 7243 7344 7244
 7244 7345 7245
 7245 7346 7246
 7246 7347 7247
 7247 7348 7248
 7248 7349 7249
 7249 7350 7250
 7250 7351 7251
 7251 7352 7252
 7252 7353 7253
 7253 7354 7254
 7254 7355 7255
 7255 7356 7256
 7256 7357 7257
 7257 7358 7258
 7258 7359 7259
 7259 7360 7260
 7260 7361 7261
 7261 7362 7262
 7262 7363 7263
 7263 7364 7264
 7264 7365 7265
 7265 7366 7266
 7266 7367 7267
 7267 7368 7268
 7268 7369 7269
 7269 7370 7270
 7270 7371 7271
 7271 7372 7272
 7272 7373 7273
 7273 7374 7274
 7274 7375 7275
 7275 7376 7276
 7276 7377 7277
 7277 7378 7278
 7278 7379 7279
 7279 7380 7280
 7280 7381 7281
 7281 7382 7282
 7282 7383 7283
 7283 7384 7284
 7284 7385 7285
 7285 7386 7286
 7286 7387 7287
 7287 7388 7288
 7288 7389 7289
 7289 7390 7290
 7290 7391 7291
 7291 7392 7292
 7292 7393 7293
 7293 7394 7294
 7294 7395 7295
 7295 7396 7296
 7296 7397 7297
 7297 7398 7298
 7298 7399 7299
 7300 7401 7301
 7301 7402 7302
 7302 7403 7303
 7303 7404 7304
 7304 7405 7305
 7305 7406 7306
 7306 7407 7307
 7307 7408 7308
 7308 7409 7309
 7309 7410 7310
 7310 7411 7311
 7311 7412 7312
 7312 7413 7313
 7313 7414 7314
 7314 7415 7315
 7315 7416 7316
 7316 7417 7317
 7317 7418 7318
 7318 7419 7319
 7319 7420 7320
 7320 7421 7321
 7321 7422 7322
 7322 7423 7323
 7323 7424 7324
 7324 7425 7325
 7325 7426 7326
 7326 7427 7327
 7327 7428 7328
 7328 7429 7329
 7329 7430 7330
 7330 7431 7331
 7331 7432 7332
 7332 7433 7333
 7333 7434 7334
 7334 7435 7335
 7335 7436 7336
 7336 7437 7337
 7337 7438 7338
 7338 7439 7339
 7339 7440 7340
 7340 7441 7341
 7341 7442 7342
 7342 7443 7343
 7343 7444 7344
 7344 7445 7345
 7345 7446 7346
 7346 7447 7347
 7347 7448 7348
 7348 7449 7349
 7349 7450 7350
 7350 7451 7351
 7351 7452 7352
 7352 7453 7353
 7353 7454 7354
 7354 7455 7355
 7355 7456 7356
 7356 7457 7357
 7357 7458 7358
 7358 7459 7359
 7359 7460 7360
 7360 7461 7361
 7361 7462 7362
 7362 7463 7363
 7363 7464 7364
 7364 7465 7365
 7365 7466 7366
 7366 7467 7367
 7367 7468 7368
 7368 7469 7369
 7369 7470 7370
 7370 7471 7371
 7371 7472 7372
 7372 7473 7373
 7373 7474 7374
 7374 7475 7375
 7375 7476 7376
 7376 7477 7377
 7377 7478 7378
 7378 7479 7379
 7379 7480 7380
 7380 7481 7381
 7381 7482 7382
 7382 7483 7383
 7383 7484 7384
 7384 7485 7385
 7385 7486 7386
 7386 7487 7387
 7387 7488 7388
 7388 7489 7389
 7389 7490 7390
 7390 7491 7391
 7391 7492 7392
 7392 7493 7393
 7393 7494 7394
 7394 7495 7395
 7395 7496 7396
 7396 7497 7397
 7397 7498 7398
 7398 7499 7399
 7400 7501 7401
 7401 7502 7402
 7402 7503 7403
 7403 7504 7404
 7404 7505 7405
 7405 7506 7406
 7406 7507 7407
 7407 7508 7408
 7408 7509 7409
 7409 7510 7410
 7410 7511 7411
 7411 7512 7412
 7412 7513 7413
 7413 7514 7414
 7414 7515 7415
 7415 7516 7416
 7416 7517 7417
 7417 7518 7418
 7418 7519 7419
 7419 7520 7420
 7420 7521 7421
 7421 7522 7422
 7422 7523 7423
 7423 7524 7424
 7424 7525 7425
 7425 7526 7426
 7426 7527 7427
 7427 7528 7428
 7428 7529 7429
 7429 7530 7430
 7430 7531 7431
 7431 7532 7432
 7432 7533 7433
 7433 7534 7434
 7434 7535 7435
 7435 7536 7436
 7436 7537 7437
 7437 7538 7438
 7438 7539 7439
 7439 7540 7440
 7440 7541 7441
 7441 7542 7442
 7442 7543 7443
 7443 7544 7444
 7444 7545 7445
 7445 7546 7446
 7446 7547 7447
 7447 7548 7448
 7448 7549 7449
 7449 7550 7450
 7450 7551 7451
 7451 7552 7452
 7452 7553 7453
 7453 7554 7454
 7454 7555 7455
 7455 7556 7456
 7456 7557 7457
 7457 7558 7458
 7458 7559 7459
 7459 7560 7460
 7460 7561 7461
 7461 7562 7462
 7462 7563 7463
 7463 7564 7464
 7464 7565 7465
 7465 7566 7466
 7466 7567 7467
 7467 7568 7468
 7468 7569 7469
 7469 7570 7470
 7470 7571 7471
 7471 7572 7472
 7472 7573 7473
 7473 7574 7474
 7474 7575 7475
 7475 7576 7476
 7476 7577 7477
 7477 7578 7478
 7478 7579 7479
 7479 7580 7480
 7480 7581 7481
 7481 7582 7482
 7482 7583 7483
 7483 7584 7484
 7484 7585 7485
 7485 7586 7486
 7486 7587 7487
 7487 7588 7488
 7488 7589 7489
 7489 7590 7490
 7490 7591 7491
 7491 7592 7492
 7492 7593 7493
 7493 7594 7494
 7494 7595 7495
 7495 7596 7496
 7496 7597 7497
 7497 7598 7498
 7498 7599 7499
 7500 7601 7501
 7501 7602 7502
 7502 7603 7503
 7503 7604 7504
 7504 7605 7505
 7505 7606 7506
 7506 7607 7507
 7507 7608 7508
 7508 7609 7509
 7509 7610 7510
 7510 7611 7511
 7511 7612 7512
 7512 7613 7513
 7513 7614 7514
 7514 7615 7515
 7515 7616 7516
 7516 7617 7517
 7517 7618 7518
 7518 7619 7519
 7519 7620 7520
 7520 7621 7521
 7521 7622 7522
 7522 7623 7523
 7523 7624 7524
 7524 7625 7525
 7525 7626 7526
 7526 7627 7527
 7527 7628 7528
 7528 7629 7529
 7529 7630 7530
 7530 7631 7531
 7531 7632 7532
 7532 7633 7533
 7533 7634 7534
 7534 7635 7535
 7535 7636 7536
 7536 7637 7537
 7537 7638 7538
 7538 7639 7539
 7539 7640 7540
 7540 7641 7541
 7541 7642 7542
 7542 7643 7543
 7543 7644 7544
 7544 7645 7545
 7545 7646 7546
 7546 7647 7547
 7547 7648 7548
 7548 7649 7549
 7549 7650 7550
 7550 7651 7551
 7551 7652 7552
 7552 7653 7553
 7553 7654 7554
 7554 7655 7555
 7555 7656 7556
 7556 7657 7557
 7557 7658 7558
 7558 7659 7559
 7559 7660 7560
 7560 7661 7561
 7561 7662 7562
 7562 7663 7563
 7563 7664 7564
 7564 7665 7565
 7565 7666 7566
 7566 7667 7567
 7567 7668 7568
 7568 7669 7569
 7569 7670 7570
 7570 7671 7571
 7571 7672 7572
 7572 7673 7573
 7573 7674 7574
 7574 7675 7575
 7575 7676 7576
 7576 7677 7577
 7577 7678 7578
 7578 7679 7579
 7579 7680 7580
 7580 7681 7581
 7581 7682 7582
 7582 7683 7583
 7583 7684 7584
 7584 7685 7585
 7585 7686 7586
 7586 7687 7587
 7587 7688 7588
 7588 7689 7589
 7589 7690 7590
 7590 7691 7591
 7591 7692 7592
 7592 7693 7593
 7593 7694 7594
 7594 7695 7595
 7595 7696 7596
 7596 7697 7597
 7597 7698 7598
 7598 7699 7599
 7600 7701 7601
 7601 7702 7602
 7602 7703 7603
 7603 7704 7604
 7604 7705 7605
 7605 7706 7606
 7606 7707 7607
 7607 7708 7608
 7608 7709 7609
 7609 7710 7610
 7610 7711 7611
 7611 7712 7612
 7612 7713 7613
 7613 7714 7614
 7614 7715 7615
 7615 7716 7616
 7616 7717 7617
 7617 7718 7618
 7618 7719 7619
 7619 7720 7620
 7620 7721 7621
 7621 7722 7622
 7622 7723 7623
 7623 7724 7624
 7624 7725 7625
 7625 7726 7626
 7626 7727 7627
 7627 7728 7628
 7628 7729 7629
 7629 7730 7630
 7630 7731 7631
 7631 7732 7632
 7632 7733 7633
 7633 7734 7634
 7634 7735 7635
 7635 7736 7636
 7636 7737 7637
 7637 7738 7638
 7638 7739 7639
 7639 7740 7640
 7640 7741 7641
 7641 7742 7642
 7642 7743 7643
 7643 7744 7644
 7644 7745 7645
 7645 7746 7646
 7646 7747 7647
 7647 7748 7648
 7648 7749 7649
 7649 7750 7650
 7650 7751 7651
 7651 7752 7652
 7652 7753 7653
 7653 7754 7654
 7654 7755 7655
 7655 7756 7656
 7656 7757 7657
 7657 7758 7658
 7658 7759 7659
 7659 7760 7660
 7660 7761 7661
 7661 7762 7662
 7662 7763 7663
 7663 7764 7664
 7664 7765 7665
 7665 7766 7666
 7666 7767 7667
 7667 7768 7668
 7668 7769 7669
 7669 7770 7670
 7670 7771 7671
 7671 7772 7672
 7672 7773 7673
 7673 7774 7674
 7674 7775 7675
 7675 7776 7676
 7676 7777 7677
 7677 7778 7678
 7678 7779 7679
 7679 7780 7680
 7680 7781 7681
 7681 7782 7682
 7682 7783 7683
 7683 7784 7684
 7684 7785 7685
 7685 7786 7686
 7686 7787 7687
 7687 7788 7688
 7688 7789 7689
 7689 7790 7690
 7690 7791 7691
 7691 7792 7692
 7692 7793 7693
 7693 7794 7694
 7694 7795 7695
 7695 7796 7696
 7696 7797 7697
 7697 7798 7698
 7698 7799 7699
 7700 7801 7701
 7701 7802 7702
 7702 7803 7703
 7703 7804 7704
 7704 7805 7705
 7705 7806 7706
 7706 7807 7707
 7707 7808 7708
 7708 7809 7709
 7709 7810 7710
 7710 7811 7711
 7711 7812 7712
 7712 7813 7713
 7713 7814 7714
 7714 7815 7715
 7715 7816 7716
 7716 7817 7717
 7717 7818 7718
 7718 7819 7719
 7719 7820 7720
 7720 7821 7721
 7721 7822 7722
 7722 7823 7723
 7723 7824 7724
 7724 7825 7725
 7725 7826 7726
 7726 7827 7727
 7727 7828 7728
 7728 7829 7729
 7729 7830 7730
 7730 7831 7731
 7731 7832 7732
 7732 7833 7733
 7733 7834 7734
 7734 7835 7735
 7735 7836 7736
 7736 7837 7737
 7737 7838 7738
 7738 7839 7739
 7739 7840 7740
 7740 7841 7741
 7741 7842 7742
 7742 7843 7743
 7743 7844 7744
 7744 7845 7745
 7745 7846 7746
 7746 7847 7747
 7747 7848 7748
 7748 7849 7749
 7749 7850 7750
 7750 7851 7751
 7751 7852 7752
 7752 7853 7753
 7753 7854 7754
 7754 7855 7755
 7755 7856 7756
 7756 7857 7757
 7757 7858 7758
 7758 7859 7759
 7759 7860 7760
 7760 7861 7761
 7761 7862 7762
 7762 7863 7763
 7763 7864 7764
 7764 7865 7765
 7765 7866 7766
 7766 7867 7767
 7767 7868 7768
 7768 7869 7769
 7769 7870 7770
 7770 7871 7771
 7771 7872 7772
 7772 7873 7773
 7773 7874 7774
 7774 7875 7775
 7775 7876 7776
 7776 7877 7777
 7777 7878 7778
 7778 7879 7779
 7779 7880 7780
 7780 7881 7781
 7781 7882 7782
 7782 7883 7783
 7783 7884 7784
 7784 7885 7785
 7785 7886 7786
 7786 7887 7787
 7787 7888 7788
 7788 7889 7789
 7789 7890 7790
 7790 7891 7791
 7791 7892 7792
 7792 7893 7793
 7793 7894 7794
 7794 7895 7795
 7795 7896 7796
 7796 7897 7797
 7797 7898 7798
 7798 7899 7799
 7800 7901 7801
 7801 7902 7802
 7802 7903 7803
 7803 7904 7804
 7804 7905 7805
 7805 7906 7806
 7806 7907 7807
 7807 7908 7808
 7808 7909 7809
 7809 7910 7810
 7810 7911 7811
 7811 7912 7812
 7812 7913 7813
 7813 7914 7814
 7814 7915 7815
 7815 7916 7816
 7816 7917 7817
 7817 7918 7818
 7818 7919 7819
 7819 7920 7820
 7820 7921 7821
 7821 7922 7822
 7822 7923 7823
 7823 7924 7824
 7824 7925 7825
 7825 7926 7826
 7826 7927 7827
 7827 7928 7828
 7828 7929 7829
 7829 7930 7830
 7830 7931 7831
 7831 7932 7832
 7832 7933 7833
 7833 7934 7834
 7834 7935 7835
 7835 7936 7836
 7836 7937 7837
 7837 7938 7838
 7838 7939 7839
 7839 7940 7840
 7840 7941 7841
 7841 7942 7842
 7842 7943 7843
 7843 7944 7844
 7844 7945 7845
 7845 7946 7846
 7846 7947 7847
 7847 7948 7848
 7848 7949 7849
 7849 7950 7850
 7850 7951 7851
 7851 7952 7852
 7852 7953 7853
 7853 7954 7854
 7854 7955 7855
 7855 7956 7856
 7856 7957 7857
 7857 7958 7858
 7858 7959 7859
 7859 7960 7860
 7860 7961 7861
 7861 7962 7862
 7862 7963 7863
 7863 7964 7864
 7864 7965 7865
 7865 7966 7866
 7866 7967 7867
 7867 7968 7868
 7868 7969 7869
 7869 7970 7870
 7870 7971 7871
 7871 7972 7872
 7872 7973 7873
 7873 7974 7874
 7874 7975 7875
 7875 7976 7876
 7876 7977 7877
 7877 7978 7878
 7878 7979 7879
 7879 7980 7880
 7880 7981 7881
 7881 7982 7882
 7882 7983 7883
 7883 7984 7884
 7884 7985 7885
 7885 7986 7886
 7886 7987 7887
 7887 7988 7888
 7888 7989 7889
 7889 7990 7890
 7890 7991 7891
 7891 7992 7892
 7892 7993 7893
 7893 7994 7894
 7894 7995 7895
 7895 7996 7896
 7896 7997 7897
 7897 7998 7898
 7898 7999 7899
 7900 8001 7901
 7901 8002 7902
 7902 8003 7903
 7903 8004 7904
 7904 8005 7905
 7905 8006 7906
 7906 8007 7907
 7907 8008 7908
 7908 8009 7909
 7909 8010 7910
 7910 8011 7911
 7911 8012 7912
 7912 8013 7913
 7913 8014 7914
 7914 8015 7915
 7915 8016 7916
 7916 8017 7917
 7917 8018 7918
 7918 8019 7919
 7919 8020 7920
 7920 8021 7921
 7921 8022 7922
 7922 8023 7923
 7923 8024 7924
 7924 8025 7925
 7925 8026 7926
 7926 8027 7927
 7927 8028 7928
 7928 8029 7929
 7929 8030 7930
 7930 8031 7931
 7931 8032 7932
 7932 8033 7933
 7933 8034 7934
 7934 8035 7935
 7935 8036 7936
 7936 8037 7937
 7937 8038 7938
 7938 8039 7939
 7939 8040 7940
 7940 8041 7941
 7941 8042 7942
 7942 8043 7943
 7943 8044 7944
 7944 8045 7945
 7945 8046 7946
 7946 8047 7947
 7947 8048 7948
 7948 8049 7949
 7949 8050 7950
 7950 8051 7951
 7951 8052 7952
 7952 8053 7953
 7953 8054 7954
 7954 8055 7955
 7955 8056 7956
 7956 8057 7957
 7957 8058 7958
 7958 8059 7959
 7959 8060 7960
 7960 8061 7961
 7961 8062 7962
 7962 8063 7963
 7963 8064 7964
 7964 8065 7965
 7965 8066 7966
 7966 8067 7967
 7967 8068 7968
 7968 8069 7969
 7969 8070 7970
 7970 8071 7971
 7971 8072 7972
 7972 8073 7973
 7973 8074 7974
 7974 8075 7975
 7975 8076 7976
 7976 8077 7977
 7977 8078 7978
 7978 8079 7979
 7979 8080 7980
 7980 8081 7981
 7981 8082 7982
 7982 8083 7983
 7983 8084 7984
 7984 8085 7985
 7985 8086 7986
 7986 8087 7987
 7987 8088 7988
 7988 8089 7989
 7989 8090 7990
 7990 8091 7991
 7991 8092 7992
 7992 8093 7993
 7993 8094 7994
 7994 8095 7995
 7995 8096 7996
 7996 8097 7997
 7997 8098 7998
 7998 8099 7999
 8000 8101 8001
 8001 8102 8002
 8002 8103 8003
 8003 8104 8004
 8004 8105 8005
 8005 8106 8006
 8006 8107 8007
 8007 8108 8008
 8008 8109 8009
 8009 8110 8010
 8010 8111 8011
 8011 8112 8012
 8012 8113 8013
 8013 8114 8014
 8014 8115 8015
 8015 8116 8016
 8016 8117 8017
 8017 8118 8018
 8018 8119 8019
 8019 8120 8020
 8020 8121 8021
 8021 8122 8022
 8022 8123 8023
 8023 8124 8024
 8024 8125 8025
 8025 8126 8026
 8026 8127 8027
 8027 8128 8028
 8028 8129 8029
 8029 8130 8030
 8030 8131 8031
 8031 8132 8032
 8032 8133 8033
 8033 8134 8034
 8034 8135 8035
 8035 8136 8036
 8036 8137 8037
 8037 8138 8038
 8038 8139 8039
 8039 8140 8040
 8040 8141 8041
 8041 8142 8042
 8042 8143 8043
 8043 8144 8044
 8044 8145 8045
 8045 8146 8046
 8046 8147 8047
 8047 8148 8048
 8048 8149 8049
 8049 8150 8050
 8050 8151 8051
 8051 8152 8052
 8052 8153 8053
 8053 8154 8054
 8054 8155 8055
 8055 8156 8056
 8056 8157 8057
 8057 8158 8058
 8058 8159 8059
 8059 8160 8060
 8060 8161 8061
 8061 8162 8062
 8062 8163 8063
 8063 8164 8064
 8064 8165 8065
 8065 8166 8066
 8066 8167 8067
 8067 8168 8068
 8068 8169 8069
 8069 8170 8070
 8070 8171 8071
 8071 8172 8072
 8072 8173 8073
 8073 8174 8074
 8074 8175 8075
 8075 8176 8076
 8076 8177 8077
 8077 8178 8078
 8078 8179 8079
 8079 8180 8080
 8080 8181 8081
 8081 8182 8082
 8082 8183 8083
 8083 8184 8084
 8084 8185 8085
 8085 8186 8086
 8086 8187 8087
 8087 8188 8088
 8088 8189 8089
 8089 8190 8090
 8090 8191 8091
 8091 8192 8092
 8092 8193 8093
 8093 8194 8094
 8094 8195 8095
 8095 8196 8096
 8096 8197 8097
 8097 8198 8098
 8098 8199 8099
 8100 8201 8101
 8101 8202 8102
 8102 8203 8103
 8103 8204 8104
 8104 8205 8105
 8105 8206 8106
 8106 8207 8107
 8107 8208 8108
 8108 8209 8109
 8109 8210 8110
 8110 8211 8111
 8111 8212 8112
 8112 8213 8113
 8113 8214 8114
 8114 8215 8115
 8115 8216 8116
 8116 8217 8117
 8117 8218 8118
 8118 8219 8119
 8119 8220 8120
 8120 8221 8121
 8121 8222 8122
 8122 8223 8123
 8123 8224 8124
 8124 8225 8125
 8125 8226 8126
 8126 8227 8127
 8127 8228 8128
 8128 8229 8129
 8129 8230 8130
 8130 8231 8131
 8131 8232 8132
 8132 8233 8133
 8133 8234 8134
 8134 8235 8135
 8135 8236 8136
 8136 8237 8137
 8137 8238 8138
 8138 8239 8139
 8139 8240 8140
 8140 8241 8141
 8141 8242 8142
 8142 8243 8143
 8143 8244 8144
 8144 8245 8145
 8145 8246 8146
 8146 8247 8147
 8147 8248 8148
 8148 8249 8149
 8149 8250 8150
 8150 8251 8151
 8151 8252 8152
 8152 8253 8153
 8153 8254 8154
 8154 8255 8155
 8155 8256 8156
 8156 8257 8157
 8157 8258 8158
 8158 8259 8159
 8159 8260 8160
 8160 8261 8161
 8161 8262 8162
 8162 8263 8163
 8163 8264 8164
 8164 8265 8165
 8165 8266 8166
 8166 8267 8167
 8167 8268 8168
 8168 8269 8169
 8169 8270 8170
 8170 8271 8171
 8171 8272 8172
 8172 8273 8173
 8173 8274 8174
 8174 8275 8175
 8175 8276 8176
 8176 8277 8177
 8177 8278 8178
 8178 8279 8179
 8179 8280 8180
 8180 8281 8181
 8181 8282 8182
 8182 8283 8183
 8183 8284 8184
 8184 8285 8185
 8185 8286 8186
 8186 8287 8187
 8187 8288 8188
 8188 8289 8189
 8189 8290 8190
 8190 8291 8191
 8191 8292 8192
 8192 8293 8193
 8193 8294 8194
 8194 8295 8195
 8195 8296 8196
 8196 8297 8197
 8197 8298 8198
 8198 8299 8199
 8200 8301 8201
 8201 8302 8202
 8202 8303 8203
 8203 8304 8204
 8204 8305 8205
 8205 8306 8206
 8206 8307 8207
 8207 8308 8208
 8208 8309 8209
 8209 8310 8210
 8210 8311 8211
 8211 8312 8212
 8212 8313 8213
 8213 8314 8214
 8214 8315 8215
 8215 8316 8216
 8216 8317 8217
 8217 8318 8218
 8218 8319 8219
 8219 8320 8220
 8220 8321 8221
 8221 8322 8222
 8222 8323 8223
 8223 8324 8224
 8224 8325 8225
 8225 8326 8226
 8226 8327 8227
 8227 8328 8228
 8228 8329 8229
 8229 8330 8230
 8230 8331 8231
 8231 8332 8232
 8232 8333 8233
 8233 8334 8234
 8234 8335 8235
 8235 8336 8236
 8236 8337 8237
 8237 8338 8238
 8238 8339 8239
 8239 8340 8240
 8240 8341 8241
 8241 8342 8242
 8242 8343 8243
 8243 8344 8244
 8244 8345 8245
 8245 8346 8246
 8246 8347 8247
 8247 8348 8248
 8248 8349 8249
 8249 8350 8250
 8250 8351 8251
 8251 8352 8252
 8252 8353 8253
 8253 8354 8254
 8254 8355 8255
 8255 8356 8256
 8256 8357 8257
 8257 8358 8258
 8258 8359 8259
 8259 8360 8260
 8260 8361 8261
 8261 8362 8262
 8262 8363 8263
 8263 8364 8264
 8264 8365 8265
 8265 8366 8266
 8266 8367 8267
 8267 8368 8268
 8268 8369 8269
 8269 8370 8270
 8270 8371 8271
 8271 8372 8272
 8272 8373 8273
 8273 8374 8274
 8274 8375 8275
 8275 8376 8276
 8276 8377 8277
 8277 8378 8278
 8278 8379 8279
 8279 8380 8280
 8280 8381 8281
 8281 8382 8282
 8282 8383 8283
 8283 8384 8284
 8284 8385 8285
 8285 8386 8286
 8286 8387 8287
 8287 8388 8288
 8288 8389 8289
 8289 8390 8290
 8290 8391 8291
 8291 8392 8292
 8292 8393 8293
 8293 8394 8294
 8294 8395 8295
 8295 8396 8296
 8296 8397 8297
 8297 8398 8298
 8298 8399 8299
 8300 8401 8301
 8301 8402 8302
 8302 8403 8303
 8303 8404 8304
 8304 8405 8305
 8305 8406 8306
 8306 8407 8307
 8307 8408 8308
 8308 8409 8309
 8309 8410 8310
 8310 8411 8311
 8311 8412 8312
 8312 8413 8313
 8313 8414 8314
 8314 8415 8315
 8315 8416 8316
 8316 8417 8317
 8317 8418 8318
 8318 8419 8319
 8319 8420 8320
 8320 8421 8321
 8321 8422 8322
 8322 8423 8323
 8323 8424 8324
 8324 8425 8325
 8325 8426 8326
 8326 8427 8327
 8327 8428 8328
 8328 8429 8329
 8329 8430 8330
 8330 8431 8331
 8331 8432 8332
 8332 8433 8333
 8333 8434 8334
 8334 8435 8335
 8335 8436 8336
 8336 8437 8337
 8337 8438 8338
 8338 8439 8339
 8339 8440 8340
 8340 8441 8341
 8341 8442 8342
 8342 8443 8343
 8343 8444 8344
 8344 8445 8345
 8345 8446 8346
 8346 8447 8347
 8347 8448 8348
 8348 8449 8349
 8349 8450 8350
 8350 8451 8351
 8351 8452 8352
 8352 8453 8353
 8353 8454 8354
 8354 8455 8355
 8355 8456 8356
 8356 8457 8357
 8357 8458 8358
 8358 8459 8359
 8359 8460 8360
 8360 8461 8361
 8361 8462 8362
 8362 8463 8363
 8363 8464 8364
 8364 8465 8365
 8365 8466 8366
 8366 8467 8367
 8367 8468 8368
 8368 8469 8369
 8369 8470 8370
 8370 8471 8371
 8371 8472 8372
 8372 8473 8373
 8373 8474 8374
 8374 8475 8375
 8375 8476 8376
 8376 8477 8377
 8377 8478 8378
 8378 8479 8379
 8379 8480 8380
 8380 8481 8381
 8381 8482 8382
 8382 8483 8383
 8383 8484 8384
 8384 8485 8385
 8385 8486 8386
 8386 8487 8387
 8387 8488 8388
 8388 8489 8389
 8389 8490 8390
 8390 8491 8391
 8391 8492 8392
 8392 8493 8393
 8393 8494 8394
 8394 8495 8395
 8395 8496 8396
 8396 8497 8397
 8397 8498 8398
 8398 8499 8399
 8400 8501 8401
 8401 8502 8402
 8402 8503 8403
 8403 8504 8404
 8404 8505 8405
 8405 8506 8406
 8406 8507 8407
 8407 8508 8408
 8408 8509 8409
 8409 8510 8410
 8410 8511 8411
 8411 8512 8412
 8412 8513 8413
 8413 8514 8414
 8414 8515 8415
 8415 8516 8416
 8416 8517 8417
 8417 8518 8418
 8418 8519 8419
 8419 8520 8420
 8420 8521 8421
 8421 8522 8422
 8422 8523 8423
 8423 8524 8424
 8424 8525 8425
 8425 8526 8426
 8426 8527 8427
 8427 8528 8428
 8428 8529 8429
 8429 8530 8430
 8430 8531 8431
 8431 8532 8432
 8432 8533 8433
 8433 8534 8434
 8434 8535 8435
 8435 8536 8436
 8436 8537 8437
 8437 8538 8438
 8438 8539 8439
 8439 8540 8440
 8440 8541 8441
 8441 8542 8442
 8442 8543 8443
 8443 8544 8444
 8444 8545 8445
 8445 8546 8446
 8446 8547 8447
 8447 8548 8448
 8448 8549 8449
 8449 8550 8450
 8450 8551 8451
 8451 8552 8452
 8452 8553 8453
 8453 8554 8454
 8454 8555 8455
 8455 8556 8456
 8456 8557 8457
 8457 8558 8458
 8458 8559 8459
 8459 8560 8460
 8460 8561 8461
 8461 8562 8462
 8462 8563 8463
 8463 8564 8464
 8464 8565 8465
 8465 8566 8466
 8466 8567 8467
 8467 8568 8468
 8468 8569 8469
 8469 8570 8470
 8470 8571 8471
 8471 8572 8472
 8472 8573 8473
 8473 8574 8474
 8474 8575 8475
 8475 8576 8476
 8476 8577 8477
 8477 8578 8478
 8478 8579 8479
 8479 8580 8480
 8480 8581 8481
 8481 8582 8482
 8482 8583 8483
 8483 8584 8484
 8484 8585 8485
 8485 8586 8486
 8486 8587 8487
 8487 8588 8488
 8488 8589 8489
 8489 8590 8490
 8490 8591 8491
 8491 8592 8492
 8492 8593 8493
 8493 8594 8494
 8494 8595 8495
 8495 8596 8496
 8496 8597 8497
 8497 8598 8498
 8498 8599 8499
 8500 8601 8501
 8501 8602 8502
 8502 8603 8503
 8503 8604 8504
 8504 8605 8505
 8505 8606 8506
 8506 8607 8507
 8507 8608 8508
 8508 8609 8509
 8509 8610 8510
 8510 8611 8511
 8511 8612 8512
 8512 8613 8513
 8513 8614 8514
 8514 8615 8515
 8515 8616 8516
 8516 8617 8517
 8517 8618 8518
 8518 8619 8519
 8519 8620 8520
 8520 8621 8521
 8521 8622 8522
 8522 8623 8523
 8523 8624 8524
 8524 8625 8525
 8525 8626 8526
 8526 8627 8527
 8527 8628 8528
 8528 8629 8529
 8529 8630 8530
 8530 8631 8531
 8531 8632 8532
 8532 8633 8533
 8533 8634 8534
 8534 8635 8535
 8535 8636 8536
 8536 8637 8537
 8537 8638 8538
 8538 8639 8539
 8539 8640 8540
 8540 8641 8541
 8541 8642 8542
 8542 8643 8543
 8543 8644 8544
 8544 8645 8545
 8545 8646 8546
 8546 8647 8547
 8547 8648 8548
 8548 8649 8549
 8549 8650 8550
 8550 8651 8551
 8551 8652 8552
 8552 8653 8553
 8553 8654 8554
 8554 8655 8555
 8555 8656 8556
 8556 8657 8557
 8557 8658 8558
 8558 8659 8559
 8559 8660 8560
 8560 8661 8561
 8561 8662 8562
 8562 8663 8563
 8563 8664 8564
 8564 8665 8565
 8565 8666 8566
 8566 8667 8567
 8567 8668 8568
 8568 8669 8569
 8569 8670 8570
 8570 8671 8571
 8571 8672 8572
 8572 8673 8573
 8573 8674 8574
 8574 8675 8575
 8575 8676 8576
 8576 8677 8577
 8577 8678 8578
 8578 8679 8579
 8579 8680 8580
 8580 8681 8581
 8581 8682 8582
 8582 8683 8583
 8583 8684 8584
 8584 8685 8585
 8585 8686 8586
 8586 8687 8587
 8587 8688 8588
 8588 8689 8589
 8589 8690 8590
 8590 8691 8591
 8591 8692 8592
 8592 8693 8593
 8593 8694 8594
 8594 8695 8595
 8595 8696 8596
 8596 8697 8597
 8597 8698 8598
 8598 8699 8599
 8600 8701 8601
 8601 8702 8602
 8602 8703 8603
 8603 8704 8604
 8604 8705 8605
 8605 8706 8606
 8606 8707 8607
 8607 8708 8608
 8608 8709 8609
 8609 8710 8610
 8610 8711 8611
 8611 8712 8612
 8612 8713 8613
 8613 8714 8614
 8614 8715 8615
 8615 8716 8616
 8616 8717 8617
 8617 8718 8618
 8618 8719 8619
 8619 8720 8620
 8620 8721 8621
 8621 8722 8622
 8622 8723 8623
 8623 8724 8624
 8624 8725 8625
 8625 8726 8626
 8626 8727 8627
 8627 8728 8628
 8628 8729 8629
 8629 8730 8630
 8630 8731 8631
 8631 8732 8632
 8632 8733 8633
 8633 8734 8634
 8634 8735 8635
 8635 8736 8636
 8636 8737 8637
 8637 8738 8638
 8638 8739 8639
 8639 8740 8640
 8640 8741 8641
 8641 8742 8642
 8642 8743 8643
 8643 8744 8644
 8644 8745 8645
 8645 8746 8646
 8646 8747 8647
 8647 8748 8648
 8648 8749 8649
 8649 8750 8650
 8650 8751 8651
 8651 8752 8652
 8652 8753 8653
 8653 8754 8654
 8654 8755 8655
 8655 8756 8656
 8656 8757 8657
 8657 8758 8658
 8658 8759 8659
 8659 8760 8660
 8660 8761 8661
 8661 8762 8662
 8662 8763 8663
 8663 8764 8664
 8664 8765 8665
 8665 8766 8666
 8666 8767 8667
 8667 8768 8668
 8668 8769 8669
 8669 8770 8670
 8670 8771 8671
 8671 8772 8672
 8672 8773 8673
 8673 8774 8674
 8674 8775 8675
 8675 8776 8676
 8676 8777 8677
 8677 8778 8678
 8678 8779 8679
 8679 8780 8680
 8680 8781 8681
 8681 8782 8682
 8682 8783 8683
 8683 8784 8684
 8684 8785 8685
 8685 8786 8686
 8686 8787 8687
 8687 8788 8688
 8688 8789 8689
 8689 8790 8690
 8690 8791 8691
 8691 8792 8692
 8692 8793 8693
 8693 8794 8694
 8694 8795 8695
 8695 8796 8696
 8696 8797 8697
 8697 8798 8698
 8698 8799 8699
 8700 8801 8701
 8701 8802 8702
 8702 8803 8703
 8703 8804 8704
 8704 8805 8705
 8705 8806 8706
 8706 8807 8707
 8707 8808 8708
 8708 8809 8709
 8709 8810 8710
 8710 8811 8711
 8711 8812 8712
 8712 8813 8713
 8713 8814 8714
 8714 8815 8715
 8715 8816 8716
 8716 8817 8717
 8717 8818 8718
 8718 8819 8719
 8719 8820 8720
 8720 8821 8721
 8721 8822 8722
 8722 8823 8723
 8723 8824 8724
 8724 8825 8725
 8725 8826 8726
 8726 8827 8727
 8727 8828 8728
 8728 8829 8729
 8729 8830 8730
 8730 8831 8731
 8731 8832 8732
 8732 8833 8733
 8733 8834 8734
 8734 8835 8735
 8735 8836 8736
 8736 8837 8737
 8737 8838 8738
 8738 8839 8739
 8739 8840 8740
 8740 8841 8741
 8741 8842 8742
 8742 8843 8743
 8743 8844 8744
 8744 8845 8745
 8745 8846 8746
 8746 8847 8747
 8747 8848 8748
 8748 8849 8749
 8749 8850 8750
 8750 8851 8751
 8751 8852 8752
 8752 8853 8753
 8753 8854 8754
 8754 8855 8755
 8755 8856 8756
 8756 8857 8757
 8757 8858 8758
 8758 8859 8759
 8759 8860 8760
 8760 8861 8761
 8761 8862 8762
 8762 8863 8763
 8763 8864 8764
 8764 8865 8765
 8765 8866 8766
 8766 8867 8767
 8767 8868 8768
 8768 8869 8769
 8769 8870 8770
 8770 8871 8771
 8771 8872 8772
 8772 8873 8773
 8773 8874 8774
 8774 8875 8775
 8775 8876 8776
 8776 8877 8777
 8777 8878 8778
 8778 8879 8779
 8779 8880 8780
 8780 8881 8781
 8781 8882 8782
 8782 8883 8783
 8783 8884 8784
 8784 8885 8785
 8785 8886 8786
 8786 8887 8787
 8787 8888 8788
 8788 8889 8789
 8789 8890 8790
 8790 8891 8791
 8791 8892 8792
 8792 8893 8793
 8793 8894 8794
 8794 8895 8795
 8795 8896 8796
 8796 8897 8797
 8797 8898 8798
 8798 8899 8799
 8800 8901 8801
 8801 8902 8802
 8802 8903 8803
 8803 8904 8804
 8804 8905 8805
 8805 8906 8806
 8806 8907 8807
 8807 8908 8808
 8808 8909 8809
 8809 8910 8810
 8810 8911 8811
 8811 8912 8812
 8812 8913 8813
 8813 8914 8814
 8814 8915 8815
 8815 8916 8816
 8816 8917 8817
 8817 8918 8818
 8818 8919 8819
 8819 8920 8820
 8820 8921 8821
 8821 8922 8822
 8822 8923 8823
 8823 8924 8824
 8824 8925 8825
 8825 8926 8826
 8826 8927 8827
 8827 8928 8828
 8828 8929 8829
 8829 8930 8830
 8830 8931 8831
 8831 8932 8832
 8832 8933 8833
 8833 8934 8834
 8834 8935 8835
 8835 8936 8836
 8836 8937 8837
 8837 8938 8838
 8838 8939 8839
 8839 8940 8840
 8840 8941 8841
 8841 8942 8842
 8842 8943 8843
 8843 8944 8844
 8844 8945 8845
 8845 8946 8846
 8846 8947 8847
 8847 8948 8848
 8848 8949 8849
 8849 8950 8850
 8850 8951 8851
 8851 8952 8852
 8852 8953 8853
 8853 8954 8854
 8854 8955 8855
 8855 8956 8856
 8856 8957 8857
 8857 8958 8858
 8858 8959 8859
 8859 8960 8860
 8860 8961 8861
 8861 8962 8862
 8862 8963 8863
 8863 8964 8864
 8864 8965 8865
 8865 8966 8866
 8866 8967 8867
 8867 8968 8868
 8868 8969 8869
 8869 8970 8870
 8870 8971 8871
 8871 8972 8872
 8872 8973 8873
 8873 8974 8874
 8874 8975 8875
 8875 8976 8876
 8876 8977 8877
 8877 8978 8878
 8878 8979 8879
 8879 8980 8880
 8880 8981 8881
 8881 8982 8882
 8882 8983 8883
 8883 8984 8884
 8884 8985 8885
 8885 8986 8886
 8886 8987 8887
 8887 8988 8888
 8888 8989 8889
 8889 8990 8890
 8890 8991 8891
 8891 8992 8892
 8892 8993 8893
 8893 8994 8894
 8894 8995 8895
 8895 8996 8896
 8896 8997 8897
 8897 8998 8898
 8898 8999 8899
 8900 9001 8901
 8901 9002 8902
 8902 9003 8903
 8903 9004 8904
 8904 9005 8905
 8905 9006 8906
 8906 9007 8907
 8907 9008 8908
 8908 9009 8909
 8909 9010 8910
 8910 9011 8911
 8911 9012 8912
 8912 9013 8913
 8913 9014 8914
 8914 9015 8915
 8915 9016 8916
 8916 9017 8917
 8917 9018 8918
 8918 9019 8919
 8919 9020 8920
 8920 9021 8921
 8921 9022 8922
 8922 9023 8923
 8923 9024 8924
 8924 9025 8925
 8925 9026 8926
 8926 9027 8927
 8927 9028 8928
 8928 9029 8929
 8929 9030 8930
 8930 9031 8931
 8931 9032 8932
 8932 9033 8933
 8933 9034 8934
 8934 9035 8935
 8935 9036 8936
 8936 9037 8937
 8937 9038 8938
 8938 9039 8939
 8939 9040 8940
 8940 9041 8941
 8941 9042 8942
 8942 9043 8943
 8943 9044 8944
 8944 9045 8945
 8945 9046 8946
 8946 9047 8947
 8947 9048 8948
 8948 9049 8949
 8949 9050 8950
 8950 9051 8951
 8951 9052 8952
 8952 9053 8953
 8953 9054 8954
 8954 9055 8955
 8955 9056 8956
 8956 9057 8957
 8957 9058 8958
 8958 9059 8959
 8959 9060 8960
 8960 9061 8961
 8961 9062 8962
 8962 9063 8963
 8963 9064 8964
 8964 9065 8965
 8965 9066 8966
 8966 9067 8967
 8967 9068 8968
 8968 9069 8969
 8969 9070 8970
 8970 9071 8971
 8971 9072 8972
 8972 9073 8973
 8973 9074 8974
 8974 9075 8975
 8975 9076 8976
 8976 9077 8977
 8977 9078 8978
 8978 9079 8979
 8979 9080 8980
 8980 9081 8981
 8981 9082 8982
 8982 9083 8983
 8983 9084 8984
 8984 9085 8985
 8985 9086 8986
 8986 9087 8987
 8987 9088 8988
 8988 9089 8989
 8989 9090 8990
 8990 9091 8991
 8991 9092 8992
 8992 9093 8993
 8993 9094 8994
 8994 9095 8995
 8995 9096 8996
 8996 9097 8997
 8997 9098 8998
 8998 9099 8999
 9000 9101 9001
 9001 9102 9002
 9002 9103 9003
 9003 9104 9004
 9004 9105 9005
 9005 9106 9006
 9006 9107 9007
 9007 9108 9008
 9008 9109 9009
 9009 9110 9010
 9010 9111 9011
 9011 9112 9012
 9012 9113 9013
 9013 9114 9014
 9014 9115 9015
 9015 9116 9016
 9016 9117 9017
 9017 9118 9018
 9018 9119 9019
 9019 9120 9020
 9020 9121 9021
 9021 9122 9022
 9022 9123 9023
 9023 9124 9024
 9024 9125 9025
 9025 9126 9026
 9026 9127 9027
 9027 9128 9028
 9028 9129 9029
 9029 9130 9030
 9030 9131 9031
 9031 9132 9032
 9032 9133 9033
 9033 9134 9034
 9034 9135 9035
 9035 9136 9036
 9036 9137 9037
 9037 9138 9038
 9038 9139 9039
 9039 9140 9040
 9040 9141 9041
 9041 9142 9042
 9042 9143 9043
 9043 9144 9044
 9044 9145 9045
 9045 9146 9046
 9046 9147 9047
 9047 9148 9048
 9048 9149 9049
 9049 9150 9050
 9050 9151 9051
 9051 9152 9052
 9052 9153 9053
 9053 9154 9054
 9054 9155 9055
 9055 9156 9056
 9056 9157 9057
 9057 9158 9058
 9058 9159 9059
 9059 9160 9060
 9060 9161 9061
 9061 9162 9062
 9062 9163 9063
 9063 9164 9064
 9064 9165 9065
 9065 9166 9066
 9066 9167 9067
 9067 9168 9068
 9068 9169 9069
 9069 9170 9070
 9070 9171 9071
 9071 9172 9072
 9072 9173 9073
 9073 9174 9074
 9074 9175 9075
 9075 9176 9076
 9076 9177 9077
 9077 9178 9078
 9078 9179 9079
 9079 9180 9080
 9080 9181 9081
 9081 9182 9082
 9082 9183 9083
 9083 9184 9084
 9084 9185 9085
 9085 9186 9086
 9086 9187 9087
 9087 9188 9088
 9088 9189 9089
 9089 9190 9090
 9090 9191 9091
 9091 9192 9092
 9092 9193 9093
 9093 9194 9094
 9094 9195 9095
 9095 9196 9096
 9096 9197 9097
 9097 9198 9098
 9098 9199 9099
 9100 9201 9101
 9101 9202 9102
 9102 9203 9103
 9103 9204 9104
 9104 9205 9105
 9105 9206 9106
 9106 9207 9107
 9107 9208 9108
 9108 9209 9109
 9109 9210 9110
 9110 9211 9111
 9111 9212 9112
 9112 9213 9113
 9113 9214 9114
 9114 9215 9115
 9115 9216 9116
 9116 9217 9117
 9117 9218 9118
 9118 9219 9119
 9119 9220 9120
 9120 9221 9121
 9121 9222 9122
 9122 9223 9123
 9123 9224 9124
 9124 9225 9125
 9125 9226 9126
 9126 9227 9127
 9127 9228 9128
 9128 9229 9129
 9129 9230 9130
 9130 9231 9131
 9131 9232 9132
 9132 9233 9133
 9133 9234 9134
 9134 9235 9135
 9135 9236 9136
 9136 9237 9137
 9137 9238 9138
 9138 9239 9139
 9139 9240 9140
 9140 9241 9141
 9141 9242 9142
 9142 9243 9143
 9143 9244 9144
 9144 9245 9145
 9145 9246 9146
 9146 9247 9147
 9147 9248 9148
 9148 9249 9149
 9149 9250 9150
 9150 9251 9151
 9151 9252 9152
 9152 9253 9153
 9153 9254 9154
 9154 9255 9155
 9155 9256 9156
 9156 9257 9157
 9157 9258 9158
 9158 9259 9159
 9159 9260 9160
 9160 9261 9161
 9161 9262 9162
 9162 9263 9163
 9163 9264 9164
 9164 9265 9165
 9165 9266 9166
 9166 9267 9167
 9167 9268 9168
 9168 9269 9169
 9169 9270 9170
 9170 9271 9171
 9171 9272 9172
 9172 9273 9173
 9173 9274 9174
 9174 9275 9175
 9175 9276 9176
 9176 9277 9177
 9177 9278 9178
 9178 9279 9179
 9179 9280 9180
 9180 9281 9181
 9181 9282 9182
 9182 9283 9183
 9183 9284 9184
 9184 9285 9185
 9185 9286 9186
 9186 9287 9187
 9187 9288 9188
 9188 9289 9189
 9189 9290 9190
 9190 9291 9191
 9191 9292 9192
 9192 9293 9193
 9193 9294 9194
 9194 9295 9195
 9195 9296 9196
 9196 9297 9197
 9197 9298 9198
 9198 9299 9199
 9200 9301 9201
 9201 9302 9202
 9202 9303 9203
 9203 9304 9204
 9204 9305 9205
 9205 9306 9206
 9206 9307 9207
 9207 9308 9208
 9208 9309 9209
 9209 9310 9210
 9210 9311 9211
 9211 9312 9212
 9212 9313 9213
 9213 9314 9214
 9214 9315 9215
 9215 9316 9216
 9216 9317 9217
 9217 9318 9218
 9218 9319 9219
 9219 9320 9220
 9220 9321 9221
 9221 9322 9222
 9222 9323 9223
 9223 9324 9224
 9224 9325 9225
 9225 9326 9226
 9226 9327 9227
 9227 9328 9228
 9228 9329 9229
 9229 9330 9230
 9230 9331 9231
 9231 9332 9232
 9232 9333 9233
 9233 9334 9234
 9234 9335 9235
 9235 9336 9236
 9236 9337 9237
 9237 9338 9238
 9238 9339 9239
 9239 9340 9240
 9240 9341 9241
 9241 9342 9242
 9242 9343 9243
 9243 9344 9244
 9244 9345 9245
 9245 9346 9246
 9246 9347 9247
 9247 9348 9248
 9248 9349 9249
 9249 9350 9250
 9250 9351 9251
 9251 9352 9252
 9252 9353 9253
 9253 9354 9254
 9254 9355 9255
 9255 9356 9256
 9256 9357 9257
 9257 9358 9258
 9258 9359 9259
 9259 9360 9260
 9260 9361 9261
 9261 9362 9262
 9262 9363 9263
 9263 9364 9264
 9264 9365 9265
 9265 9366 9266
 9266 9367 9267
 9267 9368 9268
 9268 9369 9269
 9269 9370 9270
 9270 9371 9271
 9271 9372 9272
 9272 9373 9273
 9273 9374 9274
 9274 9375 9275
 9275 9376 9276
 9276 9377 9277
 9277 9378 9278
 9278 9379 9279
 9279 9380 9280
 9280 9381 9281
 9281 9382 9282
 9282 9383 9283
 9283 9384 9284
 9284 9385 9285
 9285 9386 9286
 9286 9387 9287
 9287 9388 9288
 9288 9389 9289
 9289 9390 9290
 9290 9391 9291
 9291 9392 9292
 9292 9393 9293
 9293 9394 9294
 9294 9395 9295
 9295 9396 9296
 9296 9397 9297
 9297 9398 9298
 9298 9399 9299
 9300 9401 9301
 9301 9402 9302
 9302 9403 9303
 9303 9404 9304
 9304 9405 9305
 9305 9406 9306
 9306 9407 9307
 9307 9408 9308
 9308 9409 9309
 9309 9410 9310
 9310 9411 9311
 9311 9412 9312
 9312 9413 9313
 9313 9414 9314
 9314 9415 9315
 9315 9416 9316
 9316 9417 9317
 9317 9418 9318
 9318 9419 9319
 9319 9420 9320
 9320 9421 9321
 9321 9422 9322
 9322 9423 9323
 9323 9424 9324
 9324 9425 9325
 9325 9426 9326
 9326 9427 9327
 9327 9428 9328
 9328 9429 9329
 9329 9430 9330
 9330 9431 9331
 9331 9432 9332
 9332 9433 9333
 9333 9434 9334
 9334 9435 9335
 9335 9436 9336
 9336 9437 9337
 9337 9438 9338
 9338 9439 9339
 9339 9440 9340
 9340 9441 9341
 9341 9442 9342
 9342 9443 9343
 9343 9444 9344
 9344 9445 9345
 9345 9446 9346
 9346 9447 9347
 9347 9448 9348
 9348 9449 9349
 9349 9450 9350
 9350 9451 9351
 9351 9452 9352
 9352 9453 9353
 9353 9454 9354
 9354 9455 9355
 9355 9456 9356
 9356 9457 9357
 9357 9458 9358
 9358 9459 9359
 9359 9460 9360
 9360 9461 9361
 9361 9462 9362
 9362 9463 9363
 9363 9464 9364
 9364 9465 9365
 9365 9466 9366
 9366 9467 9367
 9367 9468 9368
 9368 9469 9369
 9369 9470 9370
 9370 9471 9371
 9371 9472 9372
 9372 9473 9373
 9373 9474 9374
 9374 9475 9375
 9375 9476 9376
 9376 9477 9377
 9377 9478 9378
 9378 9479 9379
 9379 9480 9380
 9380 9481 9381
 9381 9482 9382
 9382 9483 9383
 9383 9484 9384
 9384 9485 9385
 9385 9486 9386
 9386 9487 9387
 9387 9488 9388
 9388 9489 9389
 9389 9490 9390
 9390 9491 9391
 9391 9492 9392
 9392 9493 9393
 9393 9494 9394
 9394 9495 9395
 9395 9496 9396
 9396 9497 9397
 9397 9498 9398
 9398 9499 9399
 9400 9501 9401
 9401 9502 9402
 9402 9503 9403
 9403 9504 9404
 9404 9505 9405
 9405 9506 9406
 9406 9507 9407
 9407 9508 9408
 9408 9509 9409
 9409 9510 9410
 9410 9511 9411
 9411 9512 9412
 9412 9513 9413
 9413 9514 9414
 9414 9515 9415
 9415 9516 9416
 9416 9517 9417
 9417 9518 9418
 9418 9519 9419
 9419 9520 9420
 9420 9521 9421
 9421 9522 9422
 9422 9523 9423
 9423 9524 9424
 9424 9525 9425
 9425 9526 9426
 9426 9527 9427
 9427 9528 9428
 9428 9529 9429
 9429 9530 9430
 9430 9531 9431
 9431 9532 9432
 9432 9533 9433
 9433 9534 9434
 9434 9535 9435
 9435 9536 9436
 9436 9537 9437
 9437 9538 9438
 9438 9539 9439
 9439 9540 9440
 9440 9541 9441
 9441 9542 9442
 9442 9543 9443
 9443 9544 9444
 9444 9545 9445
 9445 9546 9446
 9446 9547 9447
 9447 9548 9448
 9448 9549 9449
 9449 9550 9450
 9450 9551 9451
 9451 9552 9452
 9452 9553 9453
 9453 9554 9454
 9454 9555 9455
 9455 9556 9456
 9456 9557 9457
 9457 9558 9458
 9458 9559 9459
 9459 9560 9460
 9460 9561 9461
 9461 9562 9462
 9462 9563 9463
 9463 9564 9464
 9464 9565 9465
 9465 9566 9466
 9466 9567 9467
 9467 9568 9468
 9468 9569 9469
 9469 9570 9470
 9470 9571 9471
 9471 9572 9472
 9472 9573 9473
 9473 9574 9474
 9474 9575 9475
 9475 9576 9476
 9476 9577 9477
 9477 9578 9478
 9478 9579 9479
 9479 9580 9480
 9480 9581 9481
 9481 9582 9482
 9482 9583 9483
 9483 9584 9484
 9484 9585 9485
 9485 9586 9486
 9486 9587 9487
 9487 9588 9488
 9488 9589 9489
 9489 9590 9490
 9490 9591 9491
 9491 9592 9492
 9492 9593 9493
 9493 9594 9494
 9494 9595 9495
 9495 9596 9496
 9496 9597 9497
 9497 9598 9498
 9498 9599 9499
 9500 9601 9501
 9501 9602 9502
 9502 9603 9503
 9503 9604 9504
 9504 9605 9505
 9505 9606 9506
 9506 9607 9507
 9507 9608 9508
 9508 9609 9509
 9509 9610 9510
 9510 9611 9511
 9511 9612 9512
 9512 9613 9513
 9513 9614 9514
 9514 9615 9515
 9515 9616 9516
 9516 9617 9517
 9517 9618 9518
 9518 9619 9519
 9519 9620 9520
 9520 9621 9521
 9521 9622 9522
 9522 9623 9523
 9523 9624 9524
 9524 9625 9525
 9525 9626 9526
 9526 9627 9527
 9527 9628 9528
 9528 9629 9529
 9529 9630 9530
 9530 9631 9531
 9531 9632 9532
 9532 9633 9533
 9533 9634 9534
 9534 9635 9535
 9535 9636 9536
 9536 9637 9537
 9537 9638 9538
 9538 9639 9539
 9539 9640 9540
 9540 9641 9541
 9541 9642 9542
 9542 9643 9543
 9543 9644 9544
 9544 9645 9545
 9545 9646 9546
 9546 9647 9547
 9547 9648 9548
 9548 9649 9549
 9549 9650 9550
 9550 9651 9551
 9551 9652 9552
 9552 9653 9553
 9553 9654 9554
 9554 9655 9555
 9555 9656 9556
 9556 9657 9557
 9557 9658 9558
 9558 9659 9559
 9559 9660 9560
 9560 9661 9561
 9561 9662 9562
 9562 9663 9563
 9563 9664 9564
 9564 9665 9565
 9565 9666 9566
 9566 9667 9567
 9567 9668 9568
 9568 9669 9569
 9569 9670 9570
 9570 9671 9571
 9571 9672 9572
 9572 9673 9573
 9573 9674 9574
 9574 9675 9575
 9575 9676 9576
 9576 9677 9577
 9577 9678 9578
 9578 9679 9579
 9579 9680 9580
 9580 9681 9581
 9581 9682 9582
 9582 9683 9583
 9583 9684 9584
 9584 9685 9585
 9585 9686 9586
 9586 9687 9587
 9587 9688 9588
 9588 9689 9589
 9589 9690 9590
 9590 9691 9591
 9591 9692 9592
 9592 9693 9593
 9593 9694 9594
 9594 9695 9595
 9595 9696 9596
 9596 9697 9597
 9597 9698 9598
 9598 9699 9599
 9600 9701 9601
 9601 9702 9602
 9602 9703 9603
 9603 9704 9604
 9604 9705 9605
 9605 9706 9606
 9606 9707 9607
 9607 9708 9608
 9608 9709 9609
 9609 9710 9610
 9610 9711 9611
 9611 9712 9612
 9612 9713 9613
 9613 9714 9614
 9614 9715 9615
 9615 9716 9616
 9616 9717 9617
 9617 9718 9618
 9618 9719 9619
 9619 9720 9620
 9620 9721 9621
 9621 9722 9622
 9622 9723 9623
 9623 9724 9624
 9624 9725 9625
 9625 9726 9626
 9626 9727 9627
 9627 9728 9628
 9628 9729 9629
 9629 9730 9630
 9630 9731 9631
 9631 9732 9632
 9632 9733 9633
 9633 9734 9634
 9634 9735 9635
 9635 9736 9636
 9636 9737 9637
 9637 9738 9638
 9638 9739 9639
 9639 9740 9640
 9640 9741 9641
 9641 9742 9642
 9642 9743 9643
 9643 9744 9644
 9644 9745 9645
 9645 9746 9646
 9646 9747 9647
 9647 9748 9648
 9648 9749 9649
 9649 9750 9650
 9650 9751 9651
 9651 9752 9652
 9652 9753 9653
 9653 9754 9654
 9654 9755 9655
 9655 9756 9656
 9656 9757 9657
 9657 9758 9658
 9658 9759 9659
 9659 9760 9660
 9660 9761 9661
 9661 9762 9662
 9662 9763 9663
 9663 9764 9664
 9664 9765 9665
 9665 9766 9666
 9666 9767 9667
 9667 9768 9668
 9668 9769 9669
 9669 9770 9670
 9670 9771 9671
 9671 9772 9672
 9672 9773 9673
 9673 9774 9674
 9674 9775 9675
 9675 9776 9676
 9676 9777 9677
 9677 9778 9678
 9678 9779 9679
 9679 9780 9680
 9680 9781 9681
 9681 9782 9682
 9682 9783 9683
 9683 9784 9684
 9684 9785 9685
 9685 9786 9686
 9686 9787 9687
 9687 9788 9688
 9688 9789 9689
 9689 9790 9690
 9690 9791 9691
 9691 9792 9692
 9692 9793 9693
 9693 9794 9694
 9694 9795 9695
 9695 9796 9696
 9696 9797 9697
 9697 9798 9698
 9698 9799 9699
 9700 9801 9701
 9701 9802 9702
 9702 9803 9703
 9703 9804 9704
 9704 9805 9705
 9705 9806 9706
 9706 9807 9707
 9707 9808 9708
 9708 9809 9709
 9709 9810 9710
 9710 9811 9711
 9711 9812 9712
 9712 9813 9713
 9713 9814 9714
 9714 9815 9715
 9715 9816 9716
 9716 9817 9717
 9717 9818 9718
 9718 9819 9719
 9719 9820 9720
 9720 9821 9721
 9721 9822 9722
 9722 9823 9723
 9723 9824 9724
 9724 9825 9725
 9725 9826 9726
 9726 9827 9727
 9727 9828 9728
 9728 9829 9729
 9729 9830 9730
 9730 9831 9731
 9731 9832 9732
 9732 9833 9733
 9733 9834 9734
 9734 9835 9735
 9735 9836 9736
 9736 9837 9737
 9737 9838 9738
 9738 9839 9739
 9739 9840 9740
 9740 9841 9741
 9741 9842 9742
 9742 9843 9743
 9743 9844 9744
 9744 9845 9745
 9745 9846 9746
 9746 9847 9747
 9747 9848 9748
 9748 9849 9749
 9749 9850 9750
 9750 9851 9751
 9751 9852 9752
 9752 9853 9753
 9753 9854 9754
 9754 9855 9755
 9755 9856 9756
 9756 9857 9757
 9757 9858 9758
 9758 9859 9759
 9759 9860 9760
 9760 9861 9761
 9761 9862 9762
 9762 9863 9763
 9763 9864 9764
 9764 9865 9765
 9765 9866 9766
 9766 9867 9767
 9767 9868 9768
 9768 9869 9769
 9769 9870 9770
 9770 9871 9771
 9771 9872 9772
 9772 9873 9773
 9773 9874 9774
 9774 9875 9775
 9775 9876 9776
 9776 9877 9777
 9777 9878 9778
 9778 9879 9779
 9779 9880 9780
 9780 9881 9781
 9781 9882 9782
 9782 9883 9783
 9783 9884 9784
 9784 9885 9785
 9785 9886 9786
 9786 9887 9787
 9787 9888 9788
 9788 9889 9789
 9789 9890 9790
 9790 9891 9791
 9791 9892 9792
 9792 9893 9793
 9793 9894 9794
 9794 9895 9795
 9795 9896 9796
 9796 9897 9797
 9797 9898 9798
 9798 9899 9799
 9800 9901 9801
 9801 9902 9802
 9802 9903 9803
 9803 9904 9804
 9804 9905 9805
 9805 9906 9806
 9806 9907 9807
 9807 9908 9808
 9808 9909 9809
 9809 9910 9810
 9810 9911 9811
 9811 9912 9812
 9812 9913 9813
 9813 9914 9814
 9814 9915 9815
 9815 9916 9816
 9816 9917 9817
 9817 9918 9818
 9818 9919 9819
 9819 9920 9820
 9820 9921 9821
 9821 9922 9822
 9822 9923 9823
 9823 9924 9824
 9824 9925 9825
 9825 9926 9826
 9826 9927 9827
 9827 9928 9828
 9828 9929 9829
 9829 9930 9830
 9830 9931 9831
 9831 9932 9832
 9832 9933 9833
 9833 9934 9834
 9834 9935 9835
 9835 9936 9836
 9836 9937 9837
 9837 9938 9838
 9838 9939 9839
 9839 9940 9840
 9840 9941 9841
 9841 9942 9842
 9842 9943 9843
 9843 9944 9844
 9844 9945 9845
 9845 9946 9846
 9846 9947 9847
 9847 9948 9848
 9848 9949 9849
 9849 9950 9850
 9850 9951 9851
 9851 9952 9852
 9852 9953 9853
 9853 9954 9854
 9854 9955 9855
 9855 9956 9856
 9856 9957 9857
 9857 9958 9858
 9858 9959 9859
 9859 9960 9860
 9860 9961 9861
 9861 9962 9862
 9862 9963 9863
 9863 9964 9864
 9864 9965 9865
 9865 9966 9866
 9866 9967 9867
 9867 9968 9868
 9868 9969 9869
 9869 9970 9870
 9870 9971 9871
 9871 9972 9872
 9872 9973 9873
 9873 9974 9874
 9874 9975 9875
 9875 9976 9876
 9876 9977 9877
 9877 9978 9878
 9878 9979 9879
 9879 9980 9880
 9880 9981 9881
 9881 9982 9882
 9882 9983 9883
 9883 9984 9884
 9884 9985 9885
 9885 9986 9886
 9886 9987 9887
 9887 9988 9888
 9888 9989 9889
 9889 9990 9890
 9890 9991 9891
 9891 9992 9892
 9892 9993 9893
 9893 9994 9894
 9894 9995 9895
 9895 9996 9896
 9896 9997 9897
 9897 9998 9898
 9898 9999 9899
 0 100 101
 1 101 102
 2 102 103
 3 103 104
 4 104 105
 5 105 106
 6 106 107
 7 107 108
 8 108 109
 9 109 110
 10 110 111
 11 111 112
 12 112 113
 13 113 114
 14 114 115
 15 115 116
 16 116 117
 17 117 118
 18 118 119
 19 119 120
 20 120 121
 21 121 122
 22 122 123
 23 123 124
 24 124 125
 25 125 126
 26 126 127
 27 127 128
 28 128 129
 29 129 130
 30 130 131
 31 131 132
 32 132 133
 33 133 134
 34 134 135
 35 135 136
 36 136 137
 37 137 138
 38 138 139
 39 139 140
 40 140 141
 41 141 142
 42 142 143
 43 143 144
 44 144 145
 45 145 146
 46 146 147
 47 147 148
 48 148 149
 49 149 150
 50 150 151
 51 151 152
 52 152 153
 53 153 154
 54 154 155
 55 155 156
 56 156 157
 57 157 158
 58 158 159
 59 159 160
 60 160 161
 61 161 162
 62 162 163
 63 163 164
 64 164 165
 65 165 166
 66 166 167
 67 167 168
 68 168 169
 69 169 170
 70 170 171
 71 171 172
 72 172 173
 73 173 174
 74 174 175
 75 175 176
 76 176 177
 77 177 178
 78 178 179
 79 179 180
 80 180 181
 81 181 182
 82 182 183
 83 183 184
 84 184 185
 85 185 186
 86 186 187
 87 187 188
 88 188 189
 89 189 190
 90 190 191
 91 191 192
 92 192 193
 93 193 194
 94 194 195
 95 195 196
 96 196 197
 97 197 198
 98 198 199
 100 200 201
 101 201 202
 102 202 203
 103 203 204
 104 204 205
 105 205 206
 106 206 207
 107 207 208
 108 208 209
 109 209 210
 110 210 211
 111 211 212
 112 212 213
 113 213 214
 114 214 215
 115 215 216
 116 216 217
 117 217 218
 118 218 219
 119 219 220
 120 220 221
 121 221 222
 122 222 223
 123 223 224
 124 224 225
 125 225 226
 126 226 227
 127 227 228
 128 228 229
 129 229 230
 130 230 231
 131 231 232
 132 232 233
 133 233 234
 134 234 235
 135 235 236
 136 236 237
 137 237 238
 138 238 239
 139 239 240
 140 240 241
 141 241 242
 142 242 243
 143 243 244
 144 244 245
 145 245 246
 146 246 247
 147 247 248
 148 248 249
 149 249 250
 150 250 251
 151 251 252
 152 252 253
 153 253 254
 154 254 255
 155 255 256
 156 256 257
 157 257 258
 158 258 259
 159 259 260
 160 260 261
 161 261 262
 162 262 263
 163 263 264
 164 264 265
 165 265 266
 166 266 267
 167 267 268
 168 268 269
 169 269 270
 170 270 271
 171 271 272
 172 272 273
 173 273 274
 174 274 275
 175 275 276
 176 276 277
 177 277 278
 178 278 279
 179 279 280
 180 280 281
 181 281 282
 182 282 283
 183 283 284
 184 284 285
 185 285 286
 186 286 287
 187 287 288
 188 288 289
 189 289 290
 190 290 291
 191 291 292
 192 292 293
 193 293 294
 194 294 295
 195 295 296
 196 296 297
 197 297 298
 198 298 299
 200 300 301
 201 301 302
 202 302 303
 203 303 304
 204 304 305
 205 305 306
 206 306 307
 207 307 308
 208 308 309
 209 309 310
 210 310 311
 211 311 312
 212 312 313
 213 313 314
 214 314 315
 215 315 316
 216 316 317
 217 317 318
 218 318 319
 219 319 320
 220 320 321
 221 321 322
 222 322 323
 223 323 324
 224 324 325
 225 325 326
 226 326 327
 227 327 328
 228 328 329
 229 329 330
 230 330 331
 231 331 332
 232 332 333
 233 333 334
 234 334 335
 235 335 336
 236 336 337
 237 337 338
 238 338 339
 239 339 340
 240 340 341
 241 341 342
 242 342 343
 243 343 344
 244 344 345
 245 345 346
 246 346 347
 247 347 348
 248 348 349
 249 349 350
 250 350 351
 251 351 352
 252 352 353
 253 353 354
 254 354 355
 255 355 356
 256 356 357
 257 357 358
 258 358 359
 259 359 360
 260 360 361
 261 361 362
 262 362 363
 263 363 364
 264 364 365
 265 365 366
 266 366 367
 267 367 368
 268 368 369
 269 369 370
 270 370 371
 271 371 372
 272 372 373
 273 373 374
 274 374 375
 275 375 376
 276 376 377
 277 377 378
 278 378 379
 279 379 380
 280 380 381
 281 381 382
 282 382 383
 283 383 384
 284 384 385
 285 385 386
 286 386 387
 287 387 388
 288 388 389
 289 389 390
 290 390 391
 291 391 392
 292 392 393
 293 393 394
 294 394 395
 295 395 396
 296 396 397
 297 397 398
 298 398 399
 300 400 401
 301 401 402
 302 402 403
 303 403 404
 304 404 405
 305 405 406
 306 406 407
 307 407 408
 308 408 409
 309 409 410
 310 410 411
 311 411 412
 312 412 413
 313 413 414
 314 414 415
 315 415 416
 316 416 417
 317 417 418
 318 418 419
 319 419 420
 320 420 421
 321 421 422
 322 422 423
 323 423 424
 324 424 425
 325 425 426
 326 426 427
 327 427 428
 328 428 429
 329 429 430
 330 430 431
 331 431 432
 332 432 433
 333 433 434
 334 434 435
 335 435 436
 336 436 437
 337 437 438
 338 438 439
 339 439 440
 340 440 441
 341 441 442
 342 442 443
 343 443 444
 344 444 445
 345 445 446
 346 446 447
 347 447 448
 348 448 449
 349 449 450
 350 450 451
 351 451 452
 352 452 453
 353 453 454
 354 454 455
 355 455 456
 356 456 457
 357 457 458
 358 458 459
 359 459 460
 360 460 461
 361 461 462
 362 462 463
 363 463 464
 364 464 465
 365 465 466
 366 466 467
 367 467 468
 368 468 469
 369 469 470
 370 470 471
 371 471 472
 372 472 473
 373 473 474
 374 474 475
 375 475 476
 376 476 477
 377 477 478
 378 478 479
 379 479 480
 380 480 481
 381 481 482
 382 482 483
 383 483 484
 384 484 485
 385 485 486
 386 486 487
 387 487 488
 388 488 489
 389 489 490
 390 490 491
 391 491 492
 392 492 493
 393 493 494
 394 494 495
 395 495 496
 396 496 497
 397 497 498
 398 498 499
 400 500 501
 401 501 502
 402 502 503
 403 503 504
 404 504 505
 405 505 506
 406 506 507
 407 507 508
 408 508 509
 409 509 510
 410 510 511
 411 511 512
 412 512 513
 413 513 514
 414 514 515
 415 515 516
 416 516 517
 417 517 518
 418 518 519
 419 519 520
 420 520 521
 421 521 522
 422 522 523
 423 523 524
 424 524 525
 425 525 526
 426 526 527
 427 527 528
 428 528 529
 429 529 530
 430 530 531
 431 531 532
 432 532 533
 433 533 534
 434 534 535
 435 535 536
 436 536 537
 437 537 538
 438 538 539
 439 539 540
 440 540 541
 441 541 542
 442 542 543
 443 543 544
 444 544 545
 445 545 546
 446 546 547
 447 547 548
 448 548 549
 449 549 550
 450 550 551
 451 551 552
 452 552 553
 453 553 554
 454 554 555
 455 555 556
 456 556 557
 457 557 558
 458 558 559
 459 559 560
 460 560 561
 461 561 562
 462 562 563
 463 563 564
 464 564 565
 465 565 566
 466 566 567
 467 567 568
 468 568 569
 469 569 570
 470 570 571
 471 571 572
 472 572 573
 473 573 574
 474 574 575
 475 575 576
 476 576 577
 477 577 578
 478 578 579
 479 579 580
 480 580 581
 481 581 582
 482 582 583
 483 583 584
 484 584 585
 485 585 586
 486 586 587
 487 587 588
 488 588 589
 489 589 590
 490 590 591
 491 591 592
 492 592 593
 493 593 594
 494 594 595
 495 595 596
 496 596 597
 497 597 598
 498 598 599
 500 600 601
 501 601 602
 502 602 603
 503 603 604
 504 604 605
 505 605 606
 506 606 607
 507 607 608
 508 608 609
 509 609 610
 510 610 611
 511 611 612
 512 612 613
 513 613 614
 514 614 615
 515 615 616
 516 616 617
 517 617 618
 518 618 619
 519 619 620
 520 620 621
 521 621 622
 522 622 623
 523 623 624
 524 624 625
 525 625 626
 526 626 627
 527 627 628
 528 628 629
 529 629 630
 530 630 631
 531 631 632
 532 632 633
 533 633 634
 534 634 635
 535 635 636
 536 636 637
 537 637 638
 538 638 639
 539 639 640
 540 640 641
 541 641 642
 542 642 643
 543 643 644
 544 644 645
 545 645 646
 546 646 647
 547 647 648
 548 648 649
 549 649 650
 550 650 651
 551 651 652
 552 652 653
 553 653 654
 554 654 655
 555 655 656
 556 656 657
 557 657 658
 558 658 659
 559 659 660
 560 660 661
 561 661 662
 562 662 663
 563 663 664
 564 664 665
 565 665 666
 566 666 667
 567 667 668
 568 668 669
 569 669 670
 570 670 671
 571 671 672
 572 672 673
 573 673 674
 574 674 675
 575 675 676
 576 676 677
 577 677 678
 578 678 679
 579 679 680
 580 680 681
 581 681 682
 582 682 683
 583 683 684
 584 684 685
 585 685 686
 586 686 687
 587 687 688
 588 688 689
 589 689 690
 590 690 691
 591 691 692
 592 692 693
 593 693 694
 594 694 695
 595 695 696
 596 696 697
 597 697 698
 598 698 699
 600 700 701
 601 701 702
 602 702 703
 603 703 704
 604 704 705
 605 705 706
 606 706 707
 607 707 708
 608 708 709
 609 709 710
 610 710 711
 611 711 712
 612 712 713
 613 713 714
 614 714 715
 615 715 716
 616 716 717
 617 717 718
 618 718 719
 619 719 720
 620 720 721
 621 721 722
 622 722 723
 623 723 724
 624 724 725
 625 725 726
 626 726 727
 627 727 728
 628 728 729
 629 729 730
 630 730 731
 631 731 732
 632 732 733
 633 733 734
 634 734 735
 635 735 736
 636 736 737
 637 737 738
 638 738 739
 639 739 740
 640 740 741
 641 741 742
 642 742 743
 643 743 744
 644 744 745
 645 745 746
 646 746 747
 647 747 748
 648 748 749
 649 749 750
 650 750 751
 651 751 752
 652 752 753
 653 753 754
 654 754 755
 655 755 756
 656 756 757
 657 757 758
 658 758 759
 659 759 760
 660 760 761
 661 761 762
 662 762 763
 663 763 764
 664 764 765
 665 765 766
 666 766 767
 667 767 768
 668 768 769
 669 769 770
 670 770 771
 671 771 772
 672 772 773
 673 773 774
 674 774 775
 675 775 776
 676 776 777
 677 777 778
 678 778 779
 679 779 780
 680 780 781
 681 781 782
 682 782 783
 683 783 784
 684 784 785
 685 785 786
 686 786 787
 687 787 788
 688 788 789
 689 789 790
 690 790 791
 691 791 792
 692 792 793
 693 793 794
 694 794 795
 695 795 796
 696 796 797
 697 797 798
 698 798 799
 700 800 801
 701 801 802
 702 802 803
 703 803 804
 704 804 805
 705 805 806
 706 806 807
 707 807 808
 708 808 809
 709 809 810
 710 810 811
 711 811 812
 712 812 813
 713 813 814
 714 814 815
 715 815 816
 716 816 817
 717 817 818
 718 818 819
 719 819 820
 720 820 821
 721 821 822
 722 822 823
 723 823 824
 724 824 825
 725 825 826
 726 826 827
 727 827 828
 728 828 829
 729 829 830
 730 830 831
 731 831 832
 732 832 833
 733 833 834
 734 834 835
 735 835 836
 736 836 837
 737 837 838
 738 838 839
 739 839 840
 740 840 841
 741 841 842
 742 842 843
 743 843 844
 744 844 845
 745 845 846
 746 846 847
 747 847 848
 748 848 849
 749 849 850
 750 850 851
 751 851 852
 752 852 853
 753 853 854
 754 854 855
 755 855 856
 756 856 857
 757 857 858
 758 858 859
 759 859 860
 760 860 861
 761 861 862
 762 862 863
 763 863 864
 764 864 865
 765 865 866
 766 866 867
 767 867 868
 768 868 869
 769 869 870
 770 870 871
 771 871 872
 772 872 873
 773 873 874
 774 874 875
 775 875 876
 776 876 877
 777 877 878
 778 878 879
 779 879 880
 780 880 881
 781 881 882
 782 882 883
 783 883 884
 784 884 885
 785 885 886
 786 886 887
 787 887 888
 788 888 889
 789 889 890
 790 890 891
 791 891 892
 792 892 893
 793 893 894
 794 894 895
 795 895 896
 796 896 897
 797 897 898
 798 898 899
 800 900 901
 801 901 902
 802 902 903
 803 903 904
 804 904 905
 805 905 906
 806 906 907
 807 907 908
 808 908 909
 809 909 910
 810 910 911
 811 911 912
 812 912 913
 813 913 914
 814 914 915
 815 915 916
 816 916 917
 817 917 918
 818 918 919
 819 919 920
 820 920 921
 821 921 922
 822 922 923
 823 923 924
 824 924 925
 825 925 926
 826 926 927
 827 927 928
 828 928 929
 829 929 930
 830 930 931
 831 931 932
 832 932 933
 833 933 934
 834 934 935
 835 935 936
 836 936 937
 837 937 938
 838 938 939
 839 939 940
 840 940 941
 841 941 942
 842 942 943
 843 943 944
 844 944 945
 845 945 946
 846 946 947
 847 947 948
 848 948 949
 849 949 950
 850 950 951
 851 951 952
 852 952 953
 853 953 954
 854 954 955
 855 955 956
 856 956 957
 857 957 958
 858 958 959
 859 959 960
 860 960 961
 861 961 962
 862 962 963
 863 963 964
 864 964 965
 865 965 966
 866 966 967
 867 967 968
 868 968 969
 869 969 970
 870 970 971
 871 971 972
 872 972 973
 873 973 974
 874 974 975
 875 975 976
 876 976 977
 877 977 978
 878 978 979
 879 979 980
 880 980 981
 881 981 982
 882 982 983
 883 983 984
 884 984 985
 885 985 986
 886 986 987
 887 987 988
 888 988 989
 889 989 990
 890 990 991
 891 991 992
 892 992 993
 893 993 994
 894 994 995
 895 995 996
 896 996 997
 897 997 998
 898 998 999
 900 1000 1001
 901 1001 1002
 902 1002 1003
 903 1003 1004
 904 1004 1005
 905 1005 1006
 906 1006 1007
 907 1007 1008
 908 1008 1009
 909 1009 1010
 910 1010 1011
 911 1011 1012
 912 1012 1013
 913 1013 1014
 914 1014 1015
 915 1015 1016
 916 1016 1017
 917 1017 1018
 918 1018 1019
 919 1019 1020
 920 1020 1021
 921 1021 1022
 922 1022 1023
 923 1023 1024
 924 1024 1025
 925 1025 1026
 926 1026 1027
 927 1027 1028
 928 1028 1029
 929 1029 1030
 930 1030 1031
 931 1031 1032
 932 1032 1033
 933 1033 1034
 934 1034 1035
 935 1035 1036
 936 1036 1037
 937 1037 1038
 938 1038 1039
 939 1039 1040
 940 1040 1041
 941 1041 1042
 942 1042 1043
 943 1043 1044
 944 1044 1045
 945 1045 1046
 946 1046 1047
 947 1047 1048
 948 1048 1049
 949 1049 1050
 950 1050 1051
 951 1051 1052
 952 1052 1053
 953 1053 1054
 954 1054 1055
 955 1055 1056
 956 1056 1057
 957 1057 1058
 958 1058 1059
 959 1059 1060
 960 1060 1061
 961 1061 1062
 962 1062 1063
 963 1063 1064
 964 1064 1065
 965 1065 1066
 966 1066 1067
 967 1067 1068
 968 1068 1069
 969 1069 1070
 970 1070 1071
 971 1071 1072
 972 1072 1073
 973 1073 1074
 974 1074 1075
 975 1075 1076
 976 1076 1077
 977 1077 1078
 978 1078 1079
 979 1079 1080
 980 1080 1081
 981 1081 1082
 982 1082 1083
 983 1083 1084
 984 1084 1085
 985 1085 1086
 986 1086 1087
 987 1087 1088
 988 1088 1089
 989 1089 1090
 990 1090 1091
 991 1091 1092
 992 1092 1093
 993 1093 1094
 994 1094 1095
 995 1095 1096
 996 1096 1097
 997 1097 1098
 998 1098 1099
 1000 1100 1101
 1001 1101 1102
 1002 1102 1103
 1003 1103 1104
 1004 1104 1105
 1005 1105 1106
 1006 1106 1107
 1007 1107 1108
 1008 1108 1109
 1009 1109 1110
 1010 1110 1111
 1011 1111 1112
 1012 1112 1113
 1013 1113 1114
 1014 1114 1115
 1015 1115 1116
 1016 1116 1117
 1017 1117 1118
 1018 1118 1119
 1019 1119 1120
 1020 1120 1121
 1021 1121 1122
 1022 1122 1123
 1023 1123 1124
 1024 1124 1125
 1025 1125 1126
 1026 1126 1127
 1027 1127 1128
 1028 1128 1129
 1029 1129 1130
 1030 1130 1131
 1031 1131 1132
 1032 1132 1133
 1033 1133 1134
 1034 1134 1135
 1035 1135 1136
 1036 1136 1137
 1037 1137 1138
 1038 1138 1139
 1039 1139 1140
 1040 1140 1141
 1041 1141 1142
 1042 1142 1143
 1043 1143 1144
 1044 1144 1145
 1045 1145 1146
 1046 1146 1147
 1047 1147 1148
 1048 1148 1149
 1049 1149 1150
 1050 1150 1151
 1051 1151 1152
 1052 1152 1153
 1053 1153 1154
 1054 1154 1155
 1055 1155 1156
 1056 1156 1157
 1057 1157 1158
 1058 1158 1159
 1059 1159 1160
 1060 1160 1161
 1061 1161 1162
 1062 1162 1163
 1063 1163 1164
 1064 1164 1165
 1065 1165 1166
 1066 1166 1167
 1067 1167 1168
 1068 1168 1169
 1069 1169 1170
 1070 1170 1171
 1071 1171 1172
 1072 1172 1173
 1073 1173 1174
 1074 1174 1175
 1075 1175 1176
 1076 1176 1177
 1077 1177 1178
 1078 1178 1179
 1079 1179 1180
 1080 1180 1181
 1081 1181 1182
 1082 1182 1183
 1083 1183 1184
 1084 1184 1185
 1085 1185 1186
 1086 1186 1187
 1087 1187 1188
 1088 1188 1189
 1089 1189 1190
 1090 1190 1191
 1091 1191 1192
 1092 1192 1193
 1093 1193 1194
 1094 1194 1195
 1095 1195 1196
 1096 1196 1197
 1097 1197 1198
 1098 1198 1199
 1100 1200 1201
 1101 1201 1202
 1102 1202 1203
 1103 1203 1204
 1104 1204 1205
 1105 1205 1206
 1106 1206 1207
 1107 1207 1208
 1108 1208 1209
 1109 1209 1210
 1110 1210 1211
 1111 1211 1212
 1112 1212 1213
 1113 1213 1214
 1114 1214 1215
 1115 1215 1216
 1116 1216 1217
 1117 1217 1218
 1118 1218 1219
 1119 1219 1220
 1120 1220 1221
 1121 1221 1222
 1122 1222 1223
 1123 1223 1224
 1124 1224 1225
 1125 1225 1226
 1126 1226 1227
 1127 1227 1228
 1128 1228 1229
 1129 1229 1230
 1130 1230 1231
 1131 1231 1232
 1132 1232 1233
 1133 1233 1234
 1134 1234 1235
 1135 1235 1236
 1136 1236 1237
 1137 1237 1238
 1138 1238 1239
 1139 1239 1240
 1140 1240 1241
 1141 1241 1242
 1142 1242 1243
 1143 1243 1244
 1144 1244 1245
 1145 1245 1246
 1146 1246 1247
 1147 1247 1248
 1148 1248 1249
 1149 1249 1250
 1150 1250 1251
 1151 1251 1252
 1152 1252 1253
 1153 1253 1254
 1154 1254 1255
 1155 1255 1256
 1156 1256 1257
 1157 1257 1258
 1158 1258 1259
 1159 1259 1260
 1160 1260 1261
 1161 1261 1262
 1162 1262 1263
 1163 1263 1264
 1164 1264 1265
 1165 1265 1266
 1166 1266 1267
 1167 1267 1268
 1168 1268 1269
 1169 1269 1270
 1170 1270 1271
 1171 1271 1272
 1172 1272 1273
 1173 1273 1274
 1174 1274 1275
 1175 1275 1276
 1176 1276 1277
 1177 1277 1278
 1178 1278 1279
 1179 1279 1280
 1180 1280 1281
 1181 1281 1282
 1182 1282 1283
 1183 1283 1284
 1184 1284 1285
 1185 1285 1286
 1186 1286 1287
 1187 1287 1288
 1188 1288 1289
 1189 1289 1290
 1190 1290 1291
 1191 1291 1292
 1192 1292 1293
 1193 1293 1294
 1194 1294 1295
 1195 1295 1296
 1196 1296 1297
 1197 1297 1298
 1198 1298 1299
 1200 1300 1301
 1201 1301 1302
 1202 1302 1303
 1203 1303 1304
 1204 1304 1305
 1205 1305 1306
 1206 1306 1307
 1207 1307 1308
 1208 1308 1309
 1209 1309 1310
 1210 1310 1311
 1211 1311 1312
 1212 1312 1313
 1213 1313 1314
 1214 1314 1315
 1215 1315 1316
 1216 1316 1317
 1217 1317 1318
 1218 1318 1319
 1219 1319 1320
 1220 1320 1321
 1221 1321 1322
 1222 1322 1323
 1223 1323 1324
 1224 1324 1325
 1225 1325 1326
 1226 1326 1327
 1227 1327 1328
 1228 1328 1329
 1229 1329 1330
 1230 1330 1331
 1231 1331 1332
 1232 1332 1333
 1233 1333 1334
 1234 1334 1335
 1235 1335 1336
 1236 1336 1337
 1237 1337 1338
 1238 1338 1339
 1239 1339 1340
 1240 1340 1341
 1241 1341 1342
 1242 1342 1343
 1243 1343 1344
 1244 1344 1345
 1245 1345 1346
 1246 1346 1347
 1247 1347 1348
 1248 1348 1349
 1249 1349 1350
 1250 1350 1351
 1251 1351 1352
 1252 1352 1353
 1253 1353 1354
 1254 1354 1355
 1255 1355 1356
 1256 1356 1357
 1257 1357 1358
 1258 1358 1359
 1259 1359 1360
 1260 1360 1361
 1261 1361 1362
 1262 1362 1363
 1263 1363 1364
 1264 1364 1365
 1265 1365 1366
 1266 1366 1367
 1267 1367 1368
 1268 1368 1369
 1269 1369 1370
 1270 1370 1371
 1271 1371 1372
 1272 1372 1373
 1273 1373 1374
 1274 1374 1375
 1275 1375 1376
 1276 1376 1377
 1277 1377 1378
 1278 1378 1379
 1279 1379 1380
 1280 1380 1381
 1281 1381 1382
 1282 1382 1383
 1283 1383 1384
 1284 1384 1385
 1285 1385 1386
 1286 1386 1387
 1287 1387 1388
 1288 1388 1389
 1289 1389 1390
 1290 1390 1391
 1291 1391 1392
 1292 1392 1393
 1293 1393 1394
 1294 1394 1395
 1295 1395 1396
 1296 1396 1397
 1297 1397 1398
 1298 1398 1399
 1300 1400 1401
 1301 1401 1402
 1302 1402 1403
 1303 1403 1404
 1304 1404 1405
 1305 1405 1406
 1306 1406 1407
 1307 1407 1408
 1308 1408 1409
 1309 1409 1410
 1310 1410 1411
 1311 1411 1412
 1312 1412 1413
 1313 1413 1414
 1314 1414 1415
 1315 1415 1416
 1316 1416 1417
 1317 1417 1418
 1318 1418 1419
 1319 1419 1420
 1320 1420 1421
 1321 1421 1422
 1322 1422 1423
 1323 1423 1424
 1324 1424 1425
 1325 1425 1426
 1326 1426 1427
 1327 1427 1428
 1328 1428 1429
 1329 1429 1430
 1330 1430 1431
 1331 1431 1432
 1332 1432 1433
 1333 1433 1434
 1334 1434 1435
 1335 1435 1436
 1336 1436 1437
 1337 1437 1438
 1338 1438 1439
 1339 1439 1440
 1340 1440 1441
 1341 1441 1442
 1342 1442 1443
 1343 1443 1444
 1344 1444 1445
 1345 1445 1446
 1346 1446 1447
 1347 1447 1448
 1348 1448 1449
 1349 1449 1450
 1350 1450 1451
 1351 1451 1452
 1352 1452 1453
 1353 1453 1454
 1354 1454 1455
 1355 1455 1456
 1356 1456 1457
 1357 1457 1458
 1358 1458 1459
 1359 1459 1460
 1360 1460 1461
 1361 1461 1462
 1362 1462 1463
 1363 1463 1464
 1364 1464 1465
 1365 1465 1466
 1366 1466 1467
 1367 1467 1468
 1368 1468 1469
 1369 1469 1470
 1370 1470 1471
 1371 1471 1472
 1372 1472 1473
 1373 1473 1474
 1374 1474 1475
 1375 1475 1476
 1376 1476 1477
 1377 1477 1478
 1378 1478 1479
 1379 1479 1480
 1380 1480 1481
 1381 1481 1482
 1382 1482 1483
 1383 1483 1484
 1384 1484 1485
 1385 1485 1486
 1386 1486 1487
 1387 1487 1488
 1388 1488 1489
 1389 1489 1490
 1390 1490 1491
 1391 1491 1492
 1392 1492 1493
 1393 1493 1494
 1394 1494 1495
 1395 1495 1496
 1396 1496 1497
 1397 1497 1498
 1398 1498 1499
 1400 1500 1501
 1401 1501 1502
 1402 1502 1503
 1403 1503 1504
 1404 1504 1505
 1405 1505 1506
 1406 1506 1507
 1407 1507 1508
 1408 1508 1509
 1409 1509 1510
 1410 1510 1511
 1411 1511 1512
 1412 1512 1513
 1413 1513 1514
 1414 1514 1515
 1415 1515 1516
 1416 1516 1517
 1417 1517 1518
 1418 1518 1519
 1419 1519 1520
 1420 1520 1521
 1421 1521 1522
 1422 1522 1523
 1423 1523 1524
 1424 1524 1525
 1425 1525 1526
 1426 1526 1527
 1427 1527 1528
 1428 1528 1529
 1429 1529 1530
 1430 1530 1531
 1431 1531 1532
 1432 1532 1533
 1433 1533 1534
 1434 1534 1535
 1435 1535 1536
 1436 1536 1537
 1437 1537 1538
 1438 1538 1539
 1439 1539 1540
 1440 1540 1541
 1441 1541 1542
 1442 1542 1543
 1443 1543 1544
 1444 1544 1545
 1445 1545 1546
 1446 1546 1547
 1447 1547 1548
 1448 1548 1549
 1449 1549 1550
 1450 1550 1551
 1451 1551 1552
 1452 1552 1553
 1453 1553 1554
 1454 1554 1555
 1455 1555 1556
 1456 1556 1557
 1457 1557 1558
 1458 1558 1559
 1459 1559 1560
 1460 1560 1561
 1461 1561 1562
 1462 1562 1563
 1463 1563 1564
 1464 1564 1565
 1465 1565 1566
 1466 1566 1567
 1467 1567 1568
 1468 1568 1569
 1469 1569 1570
 1470 1570 1571
 1471 1571 1572
 1472 1572 1573
 1473 1573 1574
 1474 1574 1575
 1475 1575 1576
 1476 1576 1577
 1477 1577 1578
 1478 1578 1579
 1479 1579 1580
 1480 1580 1581
 1481 1581 1582
 1482 1582 1583
 1483 1583 1584
 1484 1584 1585
 1485 1585 1586
 1486 1586 1587
 1487 1587 1588
 1488 1588 1589
 1489 1589 1590
 1490 1590 1591
 1491 1591 1592
 1492 1592 1593
 1493 1593 1594
 1494 1594 1595
 1495 1595 1596
 1496 1596 1597
 1497 1597 1598
 1498 1598 1599
 1500 1600 1601
 1501 1601 1602
 1502 1602 1603
 1503 1603 1604
 1504 1604 1605
 1505 1605 1606
 1506 1606 1607
 1507 1607 1608
 1508 1608 1609
 1509 1609 1610
 1510 1610 1611
 1511 1611 1612
 1512 1612 1613
 1513 1613 1614
 1514 1614 1615
 1515 1615 1616
 1516 1616 1617
 1517 1617 1618
 1518 1618 1619
 1519 1619 1620
 1520 1620 1621
 1521 1621 1622
 1522 1622 1623
 1523 1623 1624
 1524 1624 1625
 1525 1625 1626
 1526 1626 1627
 1527 1627 1628
 1528 1628 1629
 1529 1629 1630
 1530 1630 1631
 1531 1631 1632
 1532 1632 1633
 1533 1633 1634
 1534 1634 1635
 1535 1635 1636
 1536 1636 1637
 1537 1637 1638
 1538 1638 1639
 1539 1639 1640
 1540 1640 1641
 1541 1641 1642
 1542 1642 1643
 1543 1643 1644
 1544 1644 1645
 1545 1645 1646
 1546 1646 1647
 1547 1647 1648
 1548 1648 1649
 1549 1649 1650
 1550 1650 1651
 1551 1651 1652
 1552 1652 1653
 1553 1653 1654
 1554 1654 1655
 1555 1655 1656
 1556 1656 1657
 1557 1657 1658
 1558 1658 1659
 1559 1659 1660
 1560 1660 1661
 1561 1661 1662
 1562 1662 1663
 1563 1663 1664
 1564 1664 1665
 1565 1665 1666
 1566 1666 1667
 1567 1667 1668
 1568 1668 1669
 1569 1669 1670
 1570 1670 1671
 1571 1671 1672
 1572 1672 1673
 1573 1673 1674
 1574 1674 1675
 1575 1675 1676
 1576 1676 1677
 1577 1677 1678
 1578 1678 1679
 1579 1679 1680
 1580 1680 1681
 1581 1681 1682
 1582 1682 1683
 1583 1683 1684
 1584 1684 1685
 1585 1685 1686
 1586 1686 1687
 1587 1687 1688
 1588 1688 1689
 1589 1689 1690
 1590 1690 1691
 1591 1691 1692
 1592 1692 1693
 1593 1693 1694
 1594 1694 1695
 1595 1695 1696
 1596 1696 1697
 1597 1697 1698
 1598 1698 1699
 1600 1700 1701
 1601 1701 1702
 1602 1702 1703
 1603 1703 1704
 1604 1704 1705
 1605 1705 1706
 1606 1706 1707
 1607 1707 1708
 1608 1708 1709
 1609 1709 1710
 1610 1710 1711
 1611 1711 1712
 1612 1712 1713
 1613 1713 1714
 1614 1714 1715
 1615 1715 1716
 1616 1716 1717
 1617 1717 1718
 1618 1718 1719
 1619 1719 1720
 1620 1720 1721
 1621 1721 1722
 1622 1722 1723
 1623 1723 1724
 1624 1724 1725
 1625 1725 1726
 1626 1726 1727
 1627 1727 1728
 1628 1728 1729
 1629 1729 1730
 1630 1730 1731
 1631 1731 1732
 1632 1732 1733
 1633 1733 1734
 1634 1734 1735
 1635 1735 1736
 1636 1736 1737
 1637 1737 1738
 1638 1738 1739
 1639 1739 1740
 1640 1740 1741
 1641 1741 1742
 1642 1742 1743
 1643 1743 1744
 1644 1744 1745
 1645 1745 1746
 1646 1746 1747
 1647 1747 1748
 1648 1748 1749
 1649 1749 1750
 1650 1750 1751
 1651 1751 1752
 1652 1752 1753
 1653 1753 1754
 1654 1754 1755
 1655 1755 1756
 1656 1756 1757
 1657 1757 1758
 1658 1758 1759
 1659 1759 1760
 1660 1760 1761
 1661 1761 1762
 1662 1762 1763
 1663 1763 1764
 1664 1764 1765
 1665 1765 1766
 1666 1766 1767
 1667 1767 1768
 1668 1768 1769
 1669 1769 1770
 1670 1770 1771
 1671 1771 1772
 1672 1772 1773
 1673 1773 1774
 1674 1774 1775
 1675 1775 1776
 1676 1776 1777
 1677 1777 1778
 1678 1778 1779
 1679 1779 1780
 1680 1780 1781
 1681 1781 1782
 1682 1782 1783
 1683 1783 1784
 1684 1784 1785
 1685 1785 1786
 1686 1786 1787
 1687 1787 1788
 1688 1788 1789
 1689 1789 1790
 1690 1790 1791
 1691 1791 1792
 1692 1792 1793
 1693 1793 1794
 1694 1794 1795
 1695 1795 1796
 1696 1796 1797
 1697 1797 1798
 1698 1798 1799
 1700 1800 1801
 1701 1801 1802
 1702 1802 1803
 1703 1803 1804
 1704 1804 1805
 1705 1805 1806
 1706 1806 1807
 1707 1807 1808
 1708 1808 1809
 1709 1809 1810
 1710 1810 1811
 1711 1811 1812
 1712 1812 1813
 1713 1813 1814
 1714 1814 1815
 1715 1815 1816
 1716 1816 1817
 1717 1817 1818
 1718 1818 1819
 1719 1819 1820
 1720 1820 1821
 1721 1821 1822
 1722 1822 1823
 1723 1823 1824
 1724 1824 1825
 1725 1825 1826
 1726 1826 1827
 1727 1827 1828
 1728 1828 1829
 1729 1829 1830
 1730 1830 1831
 1731 1831 1832
 1732 1832 1833
 1733 1833 1834
 1734 1834 1835
 1735 1835 1836
 1736 1836 1837
 1737 1837 1838
 1738 1838 1839
 1739 1839 1840
 1740 1840 1841
 1741 1841 1842
 1742 1842 1843
 1743 1843 1844
 1744 1844 1845
 1745 1845 1846
 1746 1846 1847
 1747 1847 1848
 1748 1848 1849
 1749 1849 1850
 1750 1850 1851
 1751 1851 1852
 1752 1852 1853
 1753 1853 1854
 1754 1854 1855
 1755 1855 1856
 1756 1856 1857
 1757 1857 1858
 1758 1858 1859
 1759 1859 1860
 1760 1860 1861
 1761 1861 1862
 1762 1862 1863
 1763 1863 1864
 1764 1864 1865
 1765 1865 1866
 1766 1866 1867
 1767 1867 1868
 1768 1868 1869
 1769 1869 1870
 1770 1870 1871
 1771 1871 1872
 1772 1872 1873
 1773 1873 1874
 1774 1874 1875
 1775 1875 1876
 1776 1876 1877
 1777 1877 1878
 1778 1878 1879
 1779 1879 1880
 1780 1880 1881
 1781 1881 1882
 1782 1882 1883
 1783 1883 1884
 1784 1884 1885
 1785 1885 1886
 1786 1886 1887
 1787 1887 1888
 1788 1888 1889
 1789 1889 1890
 1790 1890 1891
 1791 1891 1892
 1792 1892 1893
 1793 1893 1894
 1794 1894 1895
 1795 1895 1896
 1796 1896 1897
 1797 1897 1898
 1798 1898 1899
 1800 1900 1901
 1801 1901 1902
 1802 1902 1903
 1803 1903 1904
 1804 1904 1905
 1805 1905 1906
 1806 1906 1907
 1807 1907 1908
 1808 1908 1909
 1809 1909 1910
 1810 1910 1911
 1811 1911 1912
 1812 1912 1913
 1813 1913 1914
 1814 1914 1915
 1815 1915 1916
 1816 1916 1917
 1817 1917 1918
 1818 1918 1919
 1819 1919 1920
 1820 1920 1921
 1821 1921 1922
 1822 1922 1923
 1823 1923 1924
 1824 1924 1925
 1825 1925 1926
 1826 1926 1927
 1827 1927 1928
 1828 1928 1929
 1829 1929 1930
 1830 1930 1931
 1831 1931 1932
 1832 1932 1933
 1833 1933 1934
 1834 1934 1935
 1835 1935 1936
 1836 1936 1937
 1837 1937 1938
 1838 1938 1939
 1839 1939 1940
 1840 1940 1941
 1841 1941 1942
 1842 1942 1943
 1843 1943 1944
 1844 1944 1945
 1845 1945 1946
 1846 1946 1947
 1847 1947 1948
 1848 1948 1949
 1849 1949 1950
 1850 1950 1951
 1851 1951 1952
 1852 1952 1953
 1853 1953 1954
 1854 1954 1955
 1855 1955 1956
 1856 1956 1957
 1857 1957 1958
 1858 1958 1959
 1859 1959 1960
 1860 1960 1961
 1861 1961 1962
 1862 1962 1963
 1863 1963 1964
 1864 1964 1965
 1865 1965 1966
 1866 1966 1967
 1867 1967 1968
 1868 1968 1969
 1869 1969 1970
 1870 1970 1971
 1871 1971 1972
 1872 1972 1973
 1873 1973 1974
 1874 1974 1975
 1875 1975 1976
 1876 1976 1977
 1877 1977 1978
 1878 1978 1979
 1879 1979 1980
 1880 1980 1981
 1881 1981 1982
 1882 1982 1983
 1883 1983 1984
 1884 1984 1985
 1885 1985 1986
 1886 1986 1987
 1887 1987 1988
 1888 1988 1989
 1889 1989 1990
 1890 1990 1991
 1891 1991 1992
 1892 1992 1993
 1893 1993 1994
 1894 1994 1995
 1895 1995 1996
 1896 1996 1997
 1897 1997 1998
 1898 1998 1999
 1900 2000 2001
 1901 2001 2002
 1902 2002 2003
 1903 2003 2004
 1904 2004 2005
 1905 2005 2006
 1906 2006 2007
 1907 2007 2008
 1908 2008 2009
 1909 2009 2010
 1910 2010 2011
 1911 2011 2012
 1912 2012 2013
 1913 2013 2014
 1914 2014 2015
 1915 2015 2016
 1916 2016 2017
 1917 2017 2018
 1918 2018 2019
 1919 2019 2020
 1920 2020 2021
 1921 2021 2022
 1922 2022 2023
 1923 2023 2024
 1924 2024 2025
 1925 2025 2026
 1926 2026 2027
 1927 2027 2028
 1928 2028 2029
 1929 2029 2030
 1930 2030 2031
 1931 2031 2032
 1932 2032 2033
 1933 2033 2034
 1934 2034 2035
 1935 2035 2036
 1936 2036 2037
 1937 2037 2038
 1938 2038 2039
 1939 2039 2040
 1940 2040 2041
 1941 2041 2042
 1942 2042 2043
 1943 2043 2044
 1944 2044 2045
 1945 2045 2046
 1946 2046 2047
 1947 2047 2048
 1948 2048 2049
 1949 2049 2050
 1950 2050 2051
 1951 2051 2052
 1952 2052 2053
 1953 2053 2054
 1954 2054 2055
 1955 2055 2056
 1956 2056 2057
 1957 2057 2058
 1958 2058 2059
 1959 2059 2060
 1960 2060 2061
 1961 2061 2062
 1962 2062 2063
 1963 2063 2064
 1964 2064 2065
 1965 2065 2066
 1966 2066 2067
 1967 2067 2068
 1968 2068 2069
 1969 2069 2070
 1970 2070 2071
 1971 2071 2072
 1972 2072 2073
 1973 2073 2074
 1974 2074 2075
 1975 2075 2076
 1976 2076 2077
 1977 2077 2078
 1978 2078 2079
 1979 2079 2080
 1980 2080 2081
 1981 2081 2082
 1982 2082 2083
 1983 2083 2084
 1984 2084 2085
 1985 2085 2086
 1986 2086 2087
 1987 2087 2088
 1988 2088 2089
 1989 2089 2090
 1990 2090 2091
 1991 2091 2092
 1992 2092 2093
 1993 2093 2094
 1994 2094 2095
 1995 2095 2096
 1996 2096 2097
 1997 2097 2098
 1998 2098 2099
 2000 2100 2101
 2001 2101 2102
 2002 2102 2103
 2003 2103 2104
 2004 2104 2105
 2005 2105 2106
 2006 2106 2107
 2007 2107 2108
 2008 2108 2109
 2009 2109 2110
 2010 2110 2111
 2011 2111 2112
 2012 2112 2113
 2013 2113 2114
 2014 2114 2115
 2015 2115 2116
 2016 2116 2117
 2017 2117 2118
 2018 2118 2119
 2019 2119 2120
 2020 2120 2121
 2021 2121 2122
 2022 2122 2123
 2023 2123 2124
 2024 2124 2125
 2025 2125 2126
 2026 2126 2127
 2027 2127 2128
 2028 2128 2129
 2029 2129 2130
 2030 2130 2131
 2031 2131 2132
 2032 2132 2133
 2033 2133 2134
 2034 2134 2135
 2035 2135 2136
 2036 2136 2137
 2037 2137 2138
 2038 2138 2139
 2039 2139 2140
 2040 2140 2141
 2041 2141 2142
 2042 2142 2143
 2043 2143 2144
 2044 2144 2145
 2045 2145 2146
 2046 2146 2147
 2047 2147 2148
 2048 2148 2149
 2049 2149 2150
 2050 2150 2151
 2051 2151 2152
 2052 2152 2153
 2053 2153 2154
 2054 2154 2155
 2055 2155 2156
 2056 2156 2157
 2057 2157 2158
 2058 2158 2159
 2059 2159 2160
 2060 2160 2161
 2061 2161 2162
 2062 2162 2163
 2063 2163 2164
 2064 2164 2165
 2065 2165 2166
 2066 2166 2167
 2067 2167 2168
 2068 2168 2169
 2069 2169 2170
 2070 2170 2171
 2071 2171 2172
 2072 2172 2173
 2073 2173 2174
 2074 2174 2175
 2075 2175 2176
 2076 2176 2177
 2077 2177 2178
 2078 2178 2179
 2079 2179 2180
 2080 2180 2181
 2081 2181 2182
 2082 2182 2183
 2083 2183 2184
 2084 2184 2185
 2085 2185 2186
 2086 2186 2187
 2087 2187 2188
 2088 2188 2189
 2089 2189 2190
 2090 2190 2191
 2091 2191 2192
 2092 2192 2193
 2093 2193 2194
 2094 2194 2195
 2095 2195 2196
 2096 2196 2197
 2097 2197 2198
 2098 2198 2199
 2100 2200 2201
 2101 2201 2202
 2102 2202 2203
 2103 2203 2204
 2104 2204 2205
 2105 2205 2206
 2106 2206 2207
 2107 2207 2208
 2108 2208 2209
 2109 2209 2210
 2110 2210 2211
 2111 2211 2212
 2112 2212 2213
 2113 2213 2214
 2114 2214 2215
 2115 2215 2216
 2116 2216 2217
 2117 2217 2218
 2118 2218 2219
 2119 2219 2220
 2120 2220 2221
 2121 2221 2222
 2122 2222 2223
 2123 2223 2224
 2124 2224 2225
 2125 2225 2226
 2126 2226 2227
 2127 2227 2228
 2128 2228 2229
 2129 2229 2230
 2130 2230 2231
 2131 2231 2232
 2132 2232 2233
 2133 2233 2234
 2134 2234 2235
 2135 2235 2236
 2136 2236 2237
 2137 2237 2238
 2138 2238 2239
 2139 2239 2240
 2140 2240 2241
 2141 2241 2242
 2142 2242 2243
 2143 2243 2244
 2144 2244 2245
 2145 2245 2246
 2146 2246 2247
 2147 2247 2248
 2148 2248 2249
 2149 2249 2250
 2150 2250 2251
 2151 2251 2252
 2152 2252 2253
 2153 2253 2254
 2154 2254 2255
 2155 2255 2256
 2156 2256 2257
 2157 2257 2258
 2158 2258 2259
 2159 2259 2260
 2160 2260 2261
 2161 2261 2262
 2162 2262 2263
 2163 2263 2264
 2164 2264 2265
 2165 2265 2266
 2166 2266 2267
 2167 2267 2268
 2168 2268 2269
 2169 2269 2270
 2170 2270 2271
 2171 2271 2272
 2172 2272 2273
 2173 2273 2274
 2174 2274 2275
 2175 2275 2276
 2176 2276 2277
 2177 2277 2278
 2178 2278 2279
 2179 2279 2280
 2180 2280 2281
 2181 2281 2282
 2182 2282 2283
 2183 2283 2284
 2184 2284 2285
 2185 2285 2286
 2186 2286 2287
 2187 2287 2288
 2188 2288 2289
 2189 2289 2290
 2190 2290 2291
 2191 2291 2292
 2192 2292 2293
 2193 2293 2294
 2194 2294 2295
 2195 2295 2296
 2196 2296 2297
 2197 2297 2298
 2198 2298 2299
 2200 2300 2301
 2201 2301 2302
 2202 2302 2303
 2203 2303 2304
 2204 2304 2305
 2205 2305 2306
 2206 2306 2307
 2207 2307 2308
 2208 2308 2309
 2209 2309 2310
 2210 2310 2311
 2211 2311 2312
 2212 2312 2313
 2213 2313 2314
 2214 2314 2315
 2215 2315 2316
 2216 2316 2317
 2217 2317 2318
 2218 2318 2319
 2219 2319 2320
 2220 2320 2321
 2221 2321 2322
 2222 2322 2323
 2223 2323 2324
 2224 2324 2325
 2225 2325 2326
 2226 2326 2327
 2227 2327 2328
 2228 2328 2329
 2229 2329 2330
 2230 2330 2331
 2231 2331 2332
 2232 2332 2333
 2233 2333 2334
 2234 2334 2335
 2235 2335 2336
 2236 2336 2337
 2237 2337 2338
 2238 2338 2339
 2239 2339 2340
 2240 2340 2341
 2241 2341 2342
 2242 2342 2343
 2243 2343 2344
 2244 2344 2345
 2245 2345 2346
 2246 2346 2347
 2247 2347 2348
 2248 2348 2349
 2249 2349 2350
 2250 2350 2351
 2251 2351 2352
 2252 2352 2353
 2253 2353 2354
 2254 2354 2355
 2255 2355 2356
 2256 2356 2357
 2257 2357 2358
 2258 2358 2359
 2259 2359 2360
 2260 2360 2361
 2261 2361 2362
 2262 2362 2363
 2263 2363 2364
 2264 2364 2365
 2265 2365 2366
 2266 2366 2367
 2267 2367 2368
 2268 2368 2369
 2269 2369 2370
 2270 2370 2371
 2271 2371 2372
 2272 2372 2373
 2273 2373 2374
 2274 2374 2375
 2275 2375 2376
 2276 2376 2377
 2277 2377 2378
 2278 2378 2379
 2279 2379 2380
 2280 2380 2381
 2281 2381 2382
 2282 2382 2383
 2283 2383 2384
 2284 2384 2385
 2285 2385 2386
 2286 2386 2387
 2287 2387 2388
 2288 2388 2389
 2289 2389 2390
 2290 2390 2391
 2291 2391 2392
 2292 2392 2393
 2293 2393 2394
 2294 2394 2395
 2295 2395 2396
 2296 2396 2397
 2297 2397 2398
 2298 2398 2399
 2300 2400 2401
 2301 2401 2402
 2302 2402 2403
 2303 2403 2404
 2304 2404 2405
 2305 2405 2406
 2306 2406 2407
 2307 2407 2408
 2308 2408 2409
 2309 2409 2410
 2310 2410 2411
 2311 2411 2412
 2312 2412 2413
 2313 2413 2414
 2314 2414 2415
 2315 2415 2416
 2316 2416 2417
 2317 2417 2418
 2318 2418 2419
 2319 2419 2420
 2320 2420 2421
 2321 2421 2422
 2322 2422 2423
 2323 2423 2424
 2324 2424 2425
 2325 2425 2426
 2326 2426 2427
 2327 2427 2428
 2328 2428 2429
 2329 2429 2430
 2330 2430 2431
 2331 2431 2432
 2332 2432 2433
 2333 2433 2434
 2334 2434 2435
 2335 2435 2436
 2336 2436 2437
 2337 2437 2438
 2338 2438 2439
 2339 2439 2440
 2340 2440 2441
 2341 2441 2442
 2342 2442 2443
 2343 2443 2444
 2344 2444 2445
 2345 2445 2446
 2346 2446 2447
 2347 2447 2448
 2348 2448 2449
 2349 2449 2450
 2350 2450 2451
 2351 2451 2452
 2352 2452 2453
 2353 2453 2454
 2354 2454 2455
 2355 2455 2456
 2356 2456 2457
 2357 2457 2458
 2358 2458 2459
 2359 2459 2460
 2360 2460 2461
 2361 2461 2462
 2362 2462 2463
 2363 2463 2464
 2364 2464 2465
 2365 2465 2466
 2366 2466 2467
 2367 2467 2468
 2368 2468 2469
 2369 2469 2470
 2370 2470 2471
 2371 2471 2472
 2372 2472 2473
 2373 2473 2474
 2374 2474 2475
 2375 2475 2476
 2376 2476 2477
 2377 2477 2478
 2378 2478 2479
 2379 2479 2480
 2380 2480 2481
 2381 2481 2482
 2382 2482 2483
 2383 2483 2484
 2384 2484 2485
 2385 2485 2486
 2386 2486 2487
 2387 2487 2488
 2388 2488 2489
 2389 2489 2490
 2390 2490 2491
 2391 2491 2492
 2392 2492 2493
 2393 2493 2494
 2394 2494 2495
 2395 2495 2496
 2396 2496 2497
 2397 2497 2498
 2398 2498 2499
 2400 2500 2501
 2401 2501 2502
 2402 2502 2503
 2403 2503 2504
 2404 2504 2505
 2405 2505 2506
 2406 2506 2507
 2407 2507 2508
 2408 2508 2509
 2409 2509 2510
 2410 2510 2511
 2411 2511 2512
 2412 2512 2513
 2413 2513 2514
 2414 2514 2515
 2415 2515 2516
 2416 2516 2517
 2417 2517 2518
 2418 2518 2519
 2419 2519 2520
 2420 2520 2521
 2421 2521 2522
 2422 2522 2523
 2423 2523 2524
 2424 2524 2525
 2425 2525 2526
 2426 2526 2527
 2427 2527 2528
 2428 2528 2529
 2429 2529 2530
 2430 2530 2531
 2431 2531 2532
 2432 2532 2533
 2433 2533 2534
 2434 2534 2535
 2435 2535 2536
 2436 2536 2537
 2437 2537 2538
 2438 2538 2539
 2439 2539 2540
 2440 2540 2541
 2441 2541 2542
 2442 2542 2543
 2443 2543 2544
 2444 2544 2545
 2445 2545 2546
 2446 2546 2547
 2447 2547 2548
 2448 2548 2549
 2449 2549 2550
 2450 2550 2551
 2451 2551 2552
 2452 2552 2553
 2453 2553 2554
 2454 2554 2555
 2455 2555 2556
 2456 2556 2557
 2457 2557 2558
 2458 2558 2559
 2459 2559 2560
 2460 2560 2561
 2461 2561 2562
 2462 2562 2563
 2463 2563 2564
 2464 2564 2565
 2465 2565 2566
 2466 2566 2567
 2467 2567 2568
 2468 2568 2569
 2469 2569 2570
 2470 2570 2571
 2471 2571 2572
 2472 2572 2573
 2473 2573 2574
 2474 2574 2575
 2475 2575 2576
 2476 2576 2577
 2477 2577 2578
 2478 2578 2579
 2479 2579 2580
 2480 2580 2581
 2481 2581 2582
 2482 2582 2583
 2483 2583 2584
 2484 2584 2585
 2485 2585 2586
 2486 2586 2587
 2487 2587 2588
 2488 2588 2589
 2489 2589 2590
 2490 2590 2591
 2491 2591 2592
 2492 2592 2593
 2493 2593 2594
 2494 2594 2595
 2495 2595 2596
 2496 2596 2597
 2497 2597 2598
 2498 2598 2599
 2500 2600 2601
 2501 2601 2602
 2502 2602 2603
 2503 2603 2604
 2504 2604 2605
 2505 2605 2606
 2506 2606 2607
 2507 2607 2608
 2508 2608 2609
 2509 2609 2610
 2510 2610 2611
 2511 2611 2612
 2512 2612 2613
 2513 2613 2614
 2514 2614 2615
 2515 2615 2616
 2516 2616 2617
 2517 2617 2618
 2518 2618 2619
 2519 2619 2620
 2520 2620 2621
 2521 2621 2622
 2522 2622 2623
 2523 2623 2624
 2524 2624 2625
 2525 2625 2626
 2526 2626 2627
 2527 2627 2628
 2528 2628 2629
 2529 2629 2630
 2530 2630 2631
 2531 2631 2632
 2532 2632 2633
 2533 2633 2634
 2534 2634 2635
 2535 2635 2636
 2536 2636 2637
 2537 2637 2638
 2538 2638 2639
 2539 2639 2640
 2540 2640 2641
 2541 2641 2642
 2542 2642 2643
 2543 2643 2644
 2544 2644 2645
 2545 2645 2646
 2546 2646 2647
 2547 2647 2648
 2548 2648 2649
 2549 2649 2650
 2550 2650 2651
 2551 2651 2652
 2552 2652 2653
 2553 2653 2654
 2554 2654 2655
 2555 2655 2656
 2556 2656 2657
 2557 2657 2658
 2558 2658 2659
 2559 2659 2660
 2560 2660 2661
 2561 2661 2662
 2562 2662 2663
 2563 2663 2664
 2564 2664 2665
 2565 2665 2666
 2566 2666 2667
 2567 2667 2668
 2568 2668 2669
 2569 2669 2670
 2570 2670 2671
 2571 2671 2672
 2572 2672 2673
 2573 2673 2674
 2574 2674 2675
 2575 2675 2676
 2576 2676 2677
 2577 2677 2678
 2578 2678 2679
 2579 2679 2680
 2580 2680 2681
 2581 2681 2682
 2582 2682 2683
 2583 2683 2684
 2584 2684 2685
 2585 2685 2686
 2586 2686 2687
 2587 2687 2688
 2588 2688 2689
 2589 2689 2690
 2590 2690 2691
 2591 2691 2692
 2592 2692 2693
 2593 2693 2694
 2594 2694 2695
 2595 2695 2696
 2596 2696 2697
 2597 2697 2698
 2598 2698 2699
 2600 2700 2701
 2601 2701 2702
 2602 2702 2703
 2603 2703 2704
 2604 2704 2705
 2605 2705 2706
 2606 2706 2707
 2607 2707 2708
 2608 2708 2709
 2609 2709 2710
 2610 2710 2711
 2611 2711 2712
 2612 2712 2713
 2613 2713 2714
 2614 2714 2715
 2615 2715 2716
 2616 2716 2717
 2617 2717 2718
 2618 2718 2719
 2619 2719 2720
 2620 2720 2721
 2621 2721 2722
 2622 2722 2723
 2623 2723 2724
 2624 2724 2725
 2625 2725 2726
 2626 2726 2727
 2627 2727 2728
 2628 2728 2729
 2629 2729 2730
 2630 2730 2731
 2631 2731 2732
 2632 2732 2733
 2633 2733 2734
 2634 2734 2735
 2635 2735 2736
 2636 2736 2737
 2637 2737 2738
 2638 2738 2739
 2639 2739 2740
 2640 2740 2741
 2641 2741 2742
 2642 2742 2743
 2643 2743 2744
 2644 2744 2745
 2645 2745 2746
 2646 2746 2747
 2647 2747 2748
 2648 2748 2749
 2649 2749 2750
 2650 2750 2751
 2651 2751 2752
 2652 2752 2753
 2653 2753 2754
 2654 2754 2755
 2655 2755 2756
 2656 2756 2757
 2657 2757 2758
 2658 2758 2759
 2659 2759 2760
 2660 2760 2761
 2661 2761 2762
 2662 2762 2763
 2663 2763 2764
 2664 2764 2765
 2665 2765 2766
 2666 2766 2767
 2667 2767 2768
 2668 2768 2769
 2669 2769 2770
 2670 2770 2771
 2671 2771 2772
 2672 2772 2773
 2673 2773 2774
 2674 2774 2775
 2675 2775 2776
 2676 2776 2777
 2677 2777 2778
 2678 2778 2779
 2679 2779 2780
 2680 2780 2781
 2681 2781 2782
 2682 2782 2783
 2683 2783 2784
 2684 2784 2785
 2685 2785 2786
 2686 2786 2787
 2687 2787 2788
 2688 2788 2789
 2689 2789 2790
 2690 2790 2791
 2691 2791 2792
 2692 2792 2793
 2693 2793 2794
 2694 2794 2795
 2695 2795 2796
 2696 2796 2797
 2697 2797 2798
 2698 2798 2799
 2700 2800 2801
 2701 2801 2802
 2702 2802 2803
 2703 2803 2804
 2704 2804 2805
 2705 2805 2806
 2706 2806 2807
 2707 2807 2808
 2708 2808 2809
 2709 2809 2810
 2710 2810 2811
 2711 2811 2812
 2712 2812 2813
 2713 2813 2814
 2714 2814 2815
 2715 2815 2816
 2716 2816 2817
 2717 2817 2818
 2718 2818 2819
 2719 2819 2820
 2720 2820 2821
 2721 2821 2822
 2722 2822 2823
 2723 2823 2824
 2724 2824 2825
 2725 2825 2826
 2726 2826 2827
 2727 2827 2828
 2728 2828 2829
 2729 2829 2830
 2730 2830 2831
 2731 2831 2832
 2732 2832 2833
 2733 2833 2834
 2734 2834 2835
 2735 2835 2836
 2736 2836 2837
 2737 2837 2838
 2738 2838 2839
 2739 2839 2840
 2740 2840 2841
 2741 2841 2842
 2742 2842 2843
 2743 2843 2844
 2744 2844 2845
 2745 2845 2846
 2746 2846 2847
 2747 2847 2848
 2748 2848 2849
 2749 2849 2850
 2750 2850 2851
 2751 2851 2852
 2752 2852 2853
 2753 2853 2854
 2754 2854 2855
 2755 2855 2856
 2756 2856 2857
 2757 2857 2858
 2758 2858 2859
 2759 2859 2860
 2760 2860 2861
 2761 2861 2862
 2762 2862 2863
 2763 2863 2864
 2764 2864 2865
 2765 2865 2866
 2766 2866 2867
 2767 2867 2868
 2768 2868 2869
 2769 2869 2870
 2770 2870 2871
 2771 2871 2872
 2772 2872 2873
 2773 2873 2874
 2774 2874 2875
 2775 2875 2876
 2776 2876 2877
 2777 2877 2878
 2778 2878 2879
 2779 2879 2880
 2780 2880 2881
 2781 2881 2882
 2782 2882 2883
 2783 2883 2884
 2784 2884 2885
 2785 2885 2886
 2786 2886 2887
 2787 2887 2888
 2788 2888 2889
 2789 2889 2890
 2790 2890 2891
 2791 2891 2892
 2792 2892 2893
 2793 2893 2894
 2794 2894 2895
 2795 2895 2896
 2796 2896 2897
 2797 2897 2898
 2798 2898 2899
 2800 2900 2901
 2801 2901 2902
 2802 2902 2903
 2803 2903 2904
 2804 2904 2905
 2805 2905 2906
 2806 2906 2907
 2807 2907 2908
 2808 2908 2909
 2809 2909 2910
 2810 2910 2911
 2811 2911 2912
 2812 2912 2913
 2813 2913 2914
 2814 2914 2915
 2815 2915 2916
 2816 2916 2917
 2817 2917 2918
 2818 2918 2919
 2819 2919 2920
 2820 2920 2921
 2821 2921 2922
 2822 2922 2923
 2823 2923 2924
 2824 2924 2925
 2825 2925 2926
 2826 2926 2927
 2827 2927 2928
 2828 2928 2929
 2829 2929 2930
 2830 2930 2931
 2831 2931 2932
 2832 2932 2933
 2833 2933 2934
 2834 2934 2935
 2835 2935 2936
 2836 2936 2937
 2837 2937 2938
 2838 2938 2939
 2839 2939 2940
 2840 2940 2941
 2841 2941 2942
 2842 2942 2943
 2843 2943 2944
 2844 2944 2945
 2845 2945 2946
 2846 2946 2947
 2847 2947 2948
 2848 2948 2949
 2849 2949 2950
 2850 2950 2951
 2851 2951 2952
 2852 2952 2953
 2853 2953 2954
 2854 2954 2955
 2855 2955 2956
 2856 2956 2957
 2857 2957 2958
 2858 2958 2959
 2859 2959 2960
 2860 2960 2961
 2861 2961 2962
 2862 2962 2963
 2863 2963 2964
 2864 2964 2965
 2865 2965 2966
 2866 2966 2967
 2867 2967 2968
 2868 2968 2969
 2869 2969 2970
 2870 2970 2971
 2871 2971 2972
 2872 2972 2973
 2873 2973 2974
 2874 2974 2975
 2875 2975 2976
 2876 2976 2977
 2877 2977 2978
 2878 2978 2979
 2879 2979 2980
 2880 2980 2981
 2881 2981 2982
 2882 2982 2983
 2883 2983 2984
 2884 2984 2985
 2885 2985 2986
 2886 2986 2987
 2887 2987 2988
 2888 2988 2989
 2889 2989 2990
 2890 2990 2991
 2891 2991 2992
 2892 2992 2993
 2893 2993 2994
 2894 2994 2995
 2895 2995 2996
 2896 2996 2997
 2897 2997 2998
 2898 2998 2999
 2900 3000 3001
 2901 3001 3002
 2902 3002 3003
 2903 3003 3004
 2904 3004 3005
 2905 3005 3006
 2906 3006 3007
 2907 3007 3008
 2908 3008 3009
 2909 3009 3010
 2910 3010 3011
 2911 3011 3012
 2912 3012 3013
 2913 3013 3014
 2914 3014 3015
 2915 3015 3016
 2916 3016 3017
 2917 3017 3018
 2918 3018 3019
 2919 3019 3020
 2920 3020 3021
 2921 3021 3022
 2922 3022 3023
 2923 3023 3024
 2924 3024 3025
 2925 3025 3026
 2926 3026 3027
 2927 3027 3028
 2928 3028 3029
 2929 3029 3030
 2930 3030 3031
 2931 3031 3032
 2932 3032 3033
 2933 3033 3034
 2934 3034 3035
 2935 3035 3036
 2936 3036 3037
 2937 3037 3038
 2938 3038 3039
 2939 3039 3040
 2940 3040 3041
 2941 3041 3042
 2942 3042 3043
 2943 3043 3044
 2944 3044 3045
 2945 3045 3046
 2946 3046 3047
 2947 3047 3048
 2948 3048 3049
 2949 3049 3050
 2950 3050 3051
 2951 3051 3052
 2952 3052 3053
 2953 3053 3054
 2954 3054 3055
 2955 3055 3056
 2956 3056 3057
 2957 3057 3058
 2958 3058 3059
 2959 3059 3060
 2960 3060 3061
 2961 3061 3062
 2962 3062 3063
 2963 3063 3064
 2964 3064 3065
 2965 3065 3066
 2966 3066 3067
 2967 3067 3068
 2968 3068 3069
 2969 3069 3070
 2970 3070 3071
 2971 3071 3072
 2972 3072 3073
 2973 3073 3074
 2974 3074 3075
 2975 3075 3076
 2976 3076 3077
 2977 3077 3078
 2978 3078 3079
 2979 3079 3080
 2980 3080 3081
 2981 3081 3082
 2982 3082 3083
 2983 3083 3084
 2984 3084 3085
 2985 3085 3086
 2986 3086 3087
 2987 3087 3088
 2988 3088 3089
 2989 3089 3090
 2990 3090 3091
 2991 3091 3092
 2992 3092 3093
 2993 3093 3094
 2994 3094 3095
 2995 3095 3096
 2996 3096 3097
 2997 3097 3098
 2998 3098 3099
 3000 3100 3101
 3001 3101 3102
 3002 3102 3103
 3003 3103 3104
 3004 3104 3105
 3005 3105 3106
 3006 3106 3107
 3007 3107 3108
 3008 3108 3109
 3009 3109 3110
 3010 3110 3111
 3011 3111 3112
 3012 3112 3113
 3013 3113 3114
 3014 3114 3115
 3015 3115 3116
 3016 3116 3117
 3017 3117 3118
 3018 3118 3119
 3019 3119 3120
 3020 3120 3121
 3021 3121 3122
 3022 3122 3123
 3023 3123 3124
 3024 3124 3125
 3025 3125 3126
 3026 3126 3127
 3027 3127 3128
 3028 3128 3129
 3029 3129 3130
 3030 3130 3131
 3031 3131 3132
 3032 3132 3133
 3033 3133 3134
 3034 3134 3135
 3035 3135 3136
 3036 3136 3137
 3037 3137 3138
 3038 3138 3139
 3039 3139 3140
 3040 3140 3141
 3041 3141 3142
 3042 3142 3143
 3043 3143 3144
 3044 3144 3145
 3045 3145 3146
 3046 3146 3147
 3047 3147 3148
 3048 3148 3149
 3049 3149 3150
 3050 3150 3151
 3051 3151 3152
 3052 3152 3153
 3053 3153 3154
 3054 3154 3155
 3055 3155 3156
 3056 3156 3157
 3057 3157 3158
 3058 3158 3159
 3059 3159 3160
 3060 3160 3161
 3061 3161 3162
 3062 3162 3163
 3063 3163 3164
 3064 3164 3165
 3065 3165 3166
 3066 3166 3167
 3067 3167 3168
 3068 3168 3169
 3069 3169 3170
 3070 3170 3171
 3071 3171 3172
 3072 3172 3173
 3073 3173 3174
 3074 3174 3175
 3075 3175 3176
 3076 3176 3177
 3077 3177 3178
 3078 3178 3179
 3079 3179 3180
 3080 3180 3181
 3081 3181 3182
 3082 3182 3183
 3083 3183 3184
 3084 3184 3185
 3085 3185 3186
 3086 3186 3187
 3087 3187 3188
 3088 3188 3189
 3089 3189 3190
 3090 3190 3191
 3091 3191 3192
 3092 3192 3193
 3093 3193 3194
 3094 3194 3195
 3095 3195 3196
 3096 3196 3197
 3097 3197 3198
 3098 3198 3199
 3100 3200 3201
 3101 3201 3202
 3102 3202 3203
 3103 3203 3204
 3104 3204 3205
 3105 3205 3206
 3106 3206 3207
 3107 3207 3208
 3108 3208 3209
 3109 3209 3210
 3110 3210 3211
 3111 3211 3212
 3112 3212 3213
 3113 3213 3214
 3114 3214 3215
 3115 3215 3216
 3116 3216 3217
 3117 3217 3218
 3118 3218 3219
 3119 3219 3220
 3120 3220 3221
 3121 3221 3222
 3122 3222 3223
 3123 3223 3224
 3124 3224 3225
 3125 3225 3226
 3126 3226 3227
 3127 3227 3228
 3128 3228 3229
 3129 3229 3230
 3130 3230 3231
 3131 3231 3232
 3132 3232 3233
 3133 3233 3234
 3134 3234 3235
 3135 3235 3236
 3136 3236 3237
 3137 3237 3238
 3138 3238 3239
 3139 3239 3240
 3140 3240 3241
 3141 3241 3242
 3142 3242 3243
 3143 3243 3244
 3144 3244 3245
 3145 3245 3246
 3146 3246 3247
 3147 3247 3248
 3148 3248 3249
 3149 3249 3250
 3150 3250 3251
 3151 3251 3252
 3152 3252 3253
 3153 3253 3254
 3154 3254 3255
 3155 3255 3256
 3156 3256 3257
 3157 3257 3258
 3158 3258 3259
 3159 3259 3260
 3160 3260 3261
 3161 3261 3262
 3162 3262 3263
 3163 3263 3264
 3164 3264 3265
 3165 3265 3266
 3166 3266 3267
 3167 3267 3268
 3168 3268 3269
 3169 3269 3270
 3170 3270 3271
 3171 3271 3272
 3172 3272 3273
 3173 3273 3274
 3174 3274 3275
 3175 3275 3276
 3176 3276 3277
 3177 3277 3278
 3178 3278 3279
 3179 3279 3280
 3180 3280 3281
 3181 3281 3282
 3182 3282 3283
 3183 3283 3284
 3184 3284 3285
 3185 3285 3286
 3186 3286 3287
 3187 3287 3288
 3188 3288 3289
 3189 3289 3290
 3190 3290 3291
 3191 3291 3292
 3192 3292 3293
 3193 3293 3294
 3194 3294 3295
 3195 3295 3296
 3196 3296 3297
 3197 3297 3298
 3198 3298 3299
 3200 3300 3301
 3201 3301 3302
 3202 3302 3303
 3203 3303 3304
 3204 3304 3305
 3205 3305 3306
 3206 3306 3307
 3207 3307 3308
 3208 3308 3309
 3209 3309 3310
 3210 3310 3311
 3211 3311 3312
 3212 3312 3313
 3213 3313 3314
 3214 3314 3315
 3215 3315 3316
 3216 3316 3317
 3217 3317 3318
 3218 3318 3319
 3219 3319 3320
 3220 3320 3321
 3221 3321 3322
 3222 3322 3323
 3223 3323 3324
 3224 3324 3325
 3225 3325 3326
 3226 3326 3327
 3227 3327 3328
 3228 3328 3329
 3229 3329 3330
 3230 3330 3331
 3231 3331 3332
 3232 3332 3333
 3233 3333 3334
 3234 3334 3335
 3235 3335 3336
 3236 3336 3337
 3237 3337 3338
 3238 3338 3339
 3239 3339 3340
 3240 3340 3341
 3241 3341 3342
 3242 3342 3343
 3243 3343 3344
 3244 3344 3345
 3245 3345 3346
 3246 3346 3347
 3247 3347 3348
 3248 3348 3349
 3249 3349 3350
 3250 3350 3351
 3251 3351 3352
 3252 3352 3353
 3253 3353 3354
 3254 3354 3355
 3255 3355 3356
 3256 3356 3357
 3257 3357 3358
 3258 3358 3359
 3259 3359 3360
 3260 3360 3361
 3261 3361 3362
 3262 3362 3363
 3263 3363 3364
 3264 3364 3365
 3265 3365 3366
 3266 3366 3367
 3267 3367 3368
 3268 3368 3369
 3269 3369 3370
 3270 3370 3371
 3271 3371 3372
 3272 3372 3373
 3273 3373 3374
 3274 3374 3375
 3275 3375 3376
 3276 3376 3377
 3277 3377 3378
 3278 3378 3379
 3279 3379 3380
 3280 3380 3381
 3281 3381 3382
 3282 3382 3383
 3283 3383 3384
 3284 3384 3385
 3285 3385 3386
 3286 3386 3387
 3287 3387 3388
 3288 3388 3389
 3289 3389 3390
 3290 3390 3391
 3291 3391 3392
 3292 3392 3393
 3293 3393 3394
 3294 3394 3395
 3295 3395 3396
 3296 3396 3397
 3297 3397 3398
 3298 3398 3399
 3300 3400 3401
 3301 3401 3402
 3302 3402 3403
 3303 3403 3404
 3304 3404 3405
 3305 3405 3406
 3306 3406 3407
 3307 3407 3408
 3308 3408 3409
 3309 3409 3410
 3310 3410 3411
 3311 3411 3412
 3312 3412 3413
 3313 3413 3414
 3314 3414 3415
 3315 3415 3416
 3316 3416 3417
 3317 3417 3418
 3318 3418 3419
 3319 3419 3420
 3320 3420 3421
 3321 3421 3422
 3322 3422 3423
 3323 3423 3424
 3324 3424 3425
 3325 3425 3426
 3326 3426 3427
 3327 3427 3428
 3328 3428 3429
 3329 3429 3430
 3330 3430 3431
 3331 3431 3432
 3332 3432 3433
 3333 3433 3434
 3334 3434 3435
 3335 3435 3436
 3336 3436 3437
 3337 3437 3438
 3338 3438 3439
 3339 3439 3440
 3340 3440 3441
 3341 3441 3442
 3342 3442 3443
 3343 3443 3444
 3344 3444 3445
 3345 3445 3446
 3346 3446 3447
 3347 3447 3448
 3348 3448 3449
 3349 3449 3450
 3350 3450 3451
 3351 3451 3452
 3352 3452 3453
 3353 3453 3454
 3354 3454 3455
 3355 3455 3456
 3356 3456 3457
 3357 3457 3458
 3358 3458 3459
 3359 3459 3460
 3360 3460 3461
 3361 3461 3462
 3362 3462 3463
 3363 3463 3464
 3364 3464 3465
 3365 3465 3466
 3366 3466 3467
 3367 3467 3468
 3368 3468 3469
 3369 3469 3470
 3370 3470 3471
 3371 3471 3472
 3372 3472 3473
 3373 3473 3474
 3374 3474 3475
 3375 3475 3476
 3376 3476 3477
 3377 3477 3478
 3378 3478 3479
 3379 3479 3480
 3380 3480 3481
 3381 3481 3482
 3382 3482 3483
 3383 3483 3484
 3384 3484 3485
 3385 3485 3486
 3386 3486 3487
 3387 3487 3488
 3388 3488 3489
 3389 3489 3490
 3390 3490 3491
 3391 3491 3492
 3392 3492 3493
 3393 3493 3494
 3394 3494 3495
 3395 3495 3496
 3396 3496 3497
 3397 3497 3498
 3398 3498 3499
 3400 3500 3501
 3401 3501 3502
 3402 3502 3503
 3403 3503 3504
 3404 3504 3505
 3405 3505 3506
 3406 3506 3507
 3407 3507 3508
 3408 3508 3509
 3409 3509 3510
 3410 3510 3511
 3411 3511 3512
 3412 3512 3513
 3413 3513 3514
 3414 3514 3515
 3415 3515 3516
 3416 3516 3517
 3417 3517 3518
 3418 3518 3519
 3419 3519 3520
 3420 3520 3521
 3421 3521 3522
 3422 3522 3523
 3423 3523 3524
 3424 3524 3525
 3425 3525 3526
 3426 3526 3527
 3427 3527 3528
 3428 3528 3529
 3429 3529 3530
 3430 3530 3531
 3431 3531 3532
 3432 3532 3533
 3433 3533 3534
 3434 3534 3535
 3435 3535 3536
 3436 3536 3537
 3437 3537 3538
 3438 3538 3539
 3439 3539 3540
 3440 3540 3541
 3441 3541 3542
 3442 3542 3543
 3443 3543 3544
 3444 3544 3545
 3445 3545 3546
 3446 3546 3547
 3447 3547 3548
 3448 3548 3549
 3449 3549 3550
 3450 3550 3551
 3451 3551 3552
 3452 3552 3553
 3453 3553 3554
 3454 3554 3555
 3455 3555 3556
 3456 3556 3557
 3457 3557 3558
 3458 3558 3559
 3459 3559 3560
 3460 3560 3561
 3461 3561 3562
 3462 3562 3563
 3463 3563 3564
 3464 3564 3565
 3465 3565 3566
 3466 3566 3567
 3467 3567 3568
 3468 3568 3569
 3469 3569 3570
 3470 3570 3571
 3471 3571 3572
 3472 3572 3573
 3473 3573 3574
 3474 3574 3575
 3475 3575 3576
 3476 3576 3577
 3477 3577 3578
 3478 3578 3579
 3479 3579 3580
 3480 3580 3581
 3481 3581 3582
 3482 3582 3583
 3483 3583 3584
 3484 3584 3585
 3485 3585 3586
 3486 3586 3587
 3487 3587 3588
 3488 3588 3589
 3489 3589 3590
 3490 3590 3591
 3491 3591 3592
 3492 3592 3593
 3493 3593 3594
 3494 3594 3595
 3495 3595 3596
 3496 3596 3597
 3497 3597 3598
 3498 3598 3599
 3500 3600 3601
 3501 3601 3602
 3502 3602 3603
 3503 3603 3604
 3504 3604 3605
 3505 3605 3606
 3506 3606 3607
 3507 3607 3608
 3508 3608 3609
 3509 3609 3610
 3510 3610 3611
 3511 3611 3612
 3512 3612 3613
 3513 3613 3614
 3514 3614 3615
 3515 3615 3616
 3516 3616 3617
 3517 3617 3618
 3518 3618 3619
 3519 3619 3620
 3520 3620 3621
 3521 3621 3622
 3522 3622 3623
 3523 3623 3624
 3524 3624 3625
 3525 3625 3626
 3526 3626 3627
 3527 3627 3628
 3528 3628 3629
 3529 3629 3630
 3530 3630 3631
 3531 3631 3632
 3532 3632 3633
 3533 3633 3634
 3534 3634 3635
 3535 3635 3636
 3536 3636 3637
 3537 3637 3638
 3538 3638 3639
 3539 3639 3640
 3540 3640 3641
 3541 3641 3642
 3542 3642 3643
 3543 3643 3644
 3544 3644 3645
 3545 3645 3646
 3546 3646 3647
 3547 3647 3648
 3548 3648 3649
 3549 3649 3650
 3550 3650 3651
 3551 3651 3652
 3552 3652 3653
 3553 3653 3654
 3554 3654 3655
 3555 3655 3656
 3556 3656 3657
 3557 3657 3658
 3558 3658 3659
 3559 3659 3660
 3560 3660 3661
 3561 3661 3662
 3562 3662 3663
 3563 3663 3664
 3564 3664 3665
 3565 3665 3666
 3566 3666 3667
 3567 3667 3668
 3568 3668 3669
 3569 3669 3670
 3570 3670 3671
 3571 3671 3672
 3572 3672 3673
 3573 3673 3674
 3574 3674 3675
 3575 3675 3676
 3576 3676 3677
 3577 3677 3678
 3578 3678 3679
 3579 3679 3680
 3580 3680 3681
 3581 3681 3682
 3582 3682 3683
 3583 3683 3684
 3584 3684 3685
 3585 3685 3686
 3586 3686 3687
 3587 3687 3688
 3588 3688 3689
 3589 3689 3690
 3590 3690 3691
 3591 3691 3692
 3592 3692 3693
 3593 3693 3694
 3594 3694 3695
 3595 3695 3696
 3596 3696 3697
 3597 3697 3698
 3598 3698 3699
 3600 3700 3701
 3601 3701 3702
 3602 3702 3703
 3603 3703 3704
 3604 3704 3705
 3605 3705 3706
 3606 3706 3707
 3607 3707 3708
 3608 3708 3709
 3609 3709 3710
 3610 3710 3711
 3611 3711 3712
 3612 3712 3713
 3613 3713 3714
 3614 3714 3715
 3615 3715 3716
 3616 3716 3717
 3617 3717 3718
 3618 3718 3719
 3619 3719 3720
 3620 3720 3721
 3621 3721 3722
 3622 3722 3723
 3623 3723 3724
 3624 3724 3725
 3625 3725 3726
 3626 3726 3727
 3627 3727 3728
 3628 3728 3729
 3629 3729 3730
 3630 3730 3731
 3631 3731 3732
 3632 3732 3733
 3633 3733 3734
 3634 3734 3735
 3635 3735 3736
 3636 3736 3737
 3637 3737 3738
 3638 3738 3739
 3639 3739 3740
 3640 3740 3741
 3641 3741 3742
 3642 3742 3743
 3643 3743 3744
 3644 3744 3745
 3645 3745 3746
 3646 3746 3747
 3647 3747 3748
 3648 3748 3749
 3649 3749 3750
 3650 3750 3751
 3651 3751 3752
 3652 3752 3753
 3653 3753 3754
 3654 3754 3755
 3655 3755 3756
 3656 3756 3757
 3657 3757 3758
 3658 3758 3759
 3659 3759 3760
 3660 3760 3761
 3661 3761 3762
 3662 3762 3763
 3663 3763 3764
 3664 3764 3765
 3665 3765 3766
 3666 3766 3767
 3667 3767 3768
 3668 3768 3769
 3669 3769 3770
 3670 3770 3771
 3671 3771 3772
 3672 3772 3773
 3673 3773 3774
 3674 3774 3775
 3675 3775 3776
 3676 3776 3777
 3677 3777 3778
 3678 3778 3779
 3679 3779 3780
 3680 3780 3781
 3681 3781 3782
 3682 3782 3783
 3683 3783 3784
 3684 3784 3785
 3685 3785 3786
 3686 3786 3787
 3687 3787 3788
 3688 3788 3789
 3689 3789 3790
 3690 3790 3791
 3691 3791 3792
 3692 3792 3793
 3693 3793 3794
 3694 3794 3795
 3695 3795 3796
 3696 3796 3797
 3697 3797 3798
 3698 3798 3799
 3700 3800 3801
 3701 3801 3802
 3702 3802 3803
 3703 3803 3804
 3704 3804 3805
 3705 3805 3806
 3706 3806 3807
 3707 3807 3808
 3708 3808 3809
 3709 3809 3810
 3710 3810 3811
 3711 3811 3812
 3712 3812 3813
 3713 3813 3814
 3714 3814 3815
 3715 3815 3816
 3716 3816 3817
 3717 3817 3818
 3718 3818 3819
 3719 3819 3820
 3720 3820 3821
 3721 3821 3822
 3722 3822 3823
 3723 3823 3824
 3724 3824 3825
 3725 3825 3826
 3726 3826 3827
 3727 3827 3828
 3728 3828 3829
 3729 3829 3830
 3730 3830 3831
 3731 3831 3832
 3732 3832 3833
 3733 3833 3834
 3734 3834 3835
 3735 3835 3836
 3736 3836 3837
 3737 3837 3838
 3738 3838 3839
 3739 3839 3840
 3740 3840 3841
 3741 3841 3842
 3742 3842 3843
 3743 3843 3844
 3744 3844 3845
 3745 3845 3846
 3746 3846 3847
 3747 3847 3848
 3748 3848 3849
 3749 3849 3850
 3750 3850 3851
 3751 3851 3852
 3752 3852 3853
 3753 3853 3854
 3754 3854 3855
 3755 3855 3856
 3756 3856 3857
 3757 3857 3858
 3758 3858 3859
 3759 3859 3860
 3760 3860 3861
 3761 3861 3862
 3762 3862 3863
 3763 3863 3864
 3764 3864 3865
 3765 3865 3866
 3766 3866 3867
 3767 3867 3868
 3768 3868 3869
 3769 3869 3870
 3770 3870 3871
 3771 3871 3872
 3772 3872 3873
 3773 3873 3874
 3774 3874 3875
 3775 3875 3876
 3776 3876 3877
 3777 3877 3878
 3778 3878 3879
 3779 3879 3880
 3780 3880 3881
 3781 3881 3882
 3782 3882 3883
 3783 3883 3884
 3784 3884 3885
 3785 3885 3886
 3786 3886 3887
 3787 3887 3888
 3788 3888 3889
 3789 3889 3890
 3790 3890 3891
 3791 3891 3892
 3792 3892 3893
 3793 3893 3894
 3794 3894 3895
 3795 3895 3896
 3796 3896 3897
 3797 3897 3898
 3798 3898 3899
 3800 3900 3901
 3801 3901 3902
 3802 3902 3903
 3803 3903 3904
 3804 3904 3905
 3805 3905 3906
 3806 3906 3907
 3807 3907 3908
 3808 3908 3909
 3809 3909 3910
 3810 3910 3911
 3811 3911 3912
 3812 3912 3913
 3813 3913 3914
 3814 3914 3915
 3815 3915 3916
 3816 3916 3917
 3817 3917 3918
 3818 3918 3919
 3819 3919 3920
 3820 3920 3921
 3821 3921 3922
 3822 3922 3923
 3823 3923 3924
 3824 3924 3925
 3825 3925 3926
 3826 3926 3927
 3827 3927 3928
 3828 3928 3929
 3829 3929 3930
 3830 3930 3931
 3831 3931 3932
 3832 3932 3933
 3833 3933 3934
 3834 3934 3935
 3835 3935 3936
 3836 3936 3937
 3837 3937 3938
 3838 3938 3939
 3839 3939 3940
 3840 3940 3941
 3841 3941 3942
 3842 3942 3943
 3843 3943 3944
 3844 3944 3945
 3845 3945 3946
 3846 3946 3947
 3847 3947 3948
 3848 3948 3949
 3849 3949 3950
 3850 3950 3951
 3851 3951 3952
 3852 3952 3953
 3853 3953 3954
 3854 3954 3955
 3855 3955 3956
 3856 3956 3957
 3857 3957 3958
 3858 3958 3959
 3859 3959 3960
 3860 3960 3961
 3861 3961 3962
 3862 3962 3963
 3863 3963 3964
 3864 3964 3965
 3865 3965 3966
 3866 3966 3967
 3867 3967 3968
 3868 3968 3969
 3869 3969 3970
 3870 3970 3971
 3871 3971 3972
 3872 3972 3973
 3873 3973 3974
 3874 3974 3975
 3875 3975 3976
 3876 3976 3977
 3877 3977 3978
 3878 3978 3979
 3879 3979 3980
 3880 3980 3981
 3881 3981 3982
 3882 3982 3983
 3883 3983 3984
 3884 3984 3985
 3885 3985 3986
 3886 3986 3987
 3887 3987 3988
 3888 3988 3989
 3889 3989 3990
 3890 3990 3991
 3891 3991 3992
 3892 3992 3993
 3893 3993 3994
 3894 3994 3995
 3895 3995 3996
 3896 3996 3997
 3897 3997 3998
 3898 3998 3999
 3900 4000 4001
 3901 4001 4002
 3902 4002 4003
 3903 4003 4004
 3904 4004 4005
 3905 4005 4006
 3906 4006 4007
 3907 4007 4008
 3908 4008 4009
 3909 4009 4010
 3910 4010 4011
 3911 4011 4012
 3912 4012 4013
 3913 4013 4014
 3914 4014 4015
 3915 4015 4016
 3916 4016 4017
 3917 4017 4018
 3918 4018 4019
 3919 4019 4020
 3920 4020 4021
 3921 4021 4022
 3922 4022 4023
 3923 4023 4024
 3924 4024 4025
 3925 4025 4026
 3926 4026 4027
 3927 4027 4028
 3928 4028 4029
 3929 4029 4030
 3930 4030 4031
 3931 4031 4032
 3932 4032 4033
 3933 4033 4034
 3934 4034 4035
 3935 4035 4036
 3936 4036 4037
 3937 4037 4038
 3938 4038 4039
 3939 4039 4040
 3940 4040 4041
 3941 4041 4042
 3942 4042 4043
 3943 4043 4044
 3944 4044 4045
 3945 4045 4046
 3946 4046 4047
 3947 4047 4048
 3948 4048 4049
 3949 4049 4050
 3950 4050 4051
 3951 4051 4052
 3952 4052 4053
 3953 4053 4054
 3954 4054 4055
 3955 4055 4056
 3956 4056 4057
 3957 4057 4058
 3958 4058 4059
 3959 4059 4060
 3960 4060 4061
 3961 4061 4062
 3962 4062 4063
 3963 4063 4064
 3964 4064 4065
 3965 4065 4066
 3966 4066 4067
 3967 4067 4068
 3968 4068 4069
 3969 4069 4070
 3970 4070 4071
 3971 4071 4072
 3972 4072 4073
 3973 4073 4074
 3974 4074 4075
 3975 4075 4076
 3976 4076 4077
 3977 4077 4078
 3978 4078 4079
 3979 4079 4080
 3980 4080 4081
 3981 4081 4082
 3982 4082 4083
 3983 4083 4084
 3984 4084 4085
 3985 4085 4086
 3986 4086 4087
 3987 4087 4088
 3988 4088 4089
 3989 4089 4090
 3990 4090 4091
 3991 4091 4092
 3992 4092 4093
 3993 4093 4094
 3994 4094 4095
 3995 4095 4096
 3996 4096 4097
 3997 4097 4098
 3998 4098 4099
 4000 4100 4101
 4001 4101 4102
 4002 4102 4103
 4003 4103 4104
 4004 4104 4105
 4005 4105 4106
 4006 4106 4107
 4007 4107 4108
 4008 4108 4109
 4009 4109 4110
 4010 4110 4111
 4011 4111 4112
 4012 4112 4113
 4013 4113 4114
 4014 4114 4115
 4015 4115 4116
 4016 4116 4117
 4017 4117 4118
 4018 4118 4119
 4019 4119 4120
 4020 4120 4121
 4021 4121 4122
 4022 4122 4123
 4023 4123 4124
 4024 4124 4125
 4025 4125 4126
 4026 4126 4127
 4027 4127 4128
 4028 4128 4129
 4029 4129 4130
 4030 4130 4131
 4031 4131 4132
 4032 4132 4133
 4033 4133 4134
 4034 4134 4135
 4035 4135 4136
 4036 4136 4137
 4037 4137 4138
 4038 4138 4139
 4039 4139 4140
 4040 4140 4141
 4041 4141 4142
 4042 4142 4143
 4043 4143 4144
 4044 4144 4145
 4045 4145 4146
 4046 4146 4147
 4047 4147 4148
 4048 4148 4149
 4049 4149 4150
 4050 4150 4151
 4051 4151 4152
 4052 4152 4153
 4053 4153 4154
 4054 4154 4155
 4055 4155 4156
 4056 4156 4157
 4057 4157 4158
 4058 4158 4159
 4059 4159 4160
 4060 4160 4161
 4061 4161 4162
 4062 4162 4163
 4063 4163 4164
 4064 4164 4165
 4065 4165 4166
 4066 4166 4167
 4067 4167 4168
 4068 4168 4169
 4069 4169 4170
 4070 4170 4171
 4071 4171 4172
 4072 4172 4173
 4073 4173 4174
 4074 4174 4175
 4075 4175 4176
 4076 4176 4177
 4077 4177 4178
 4078 4178 4179
 4079 4179 4180
 4080 4180 4181
 4081 4181 4182
 4082 4182 4183
 4083 4183 4184
 4084 4184 4185
 4085 4185 4186
 4086 4186 4187
 4087 4187 4188
 4088 4188 4189
 4089 4189 4190
 4090 4190 4191
 4091 4191 4192
 4092 4192 4193
 4093 4193 4194
 4094 4194 4195
 4095 4195 4196
 4096 4196 4197
 4097 4197 4198
 4098 4198 4199
 4100 4200 4201
 4101 4201 4202
 4102 4202 4203
 4103 4203 4204
 4104 4204 4205
 4105 4205 4206
 4106 4206 4207
 4107 4207 4208
 4108 4208 4209
 4109 4209 4210
 4110 4210 4211
 4111 4211 4212
 4112 4212 4213
 4113 4213 4214
 4114 4214 4215
 4115 4215 4216
 4116 4216 4217
 4117 4217 4218
 4118 4218 4219
 4119 4219 4220
 4120 4220 4221
 4121 4221 4222
 4122 4222 4223
 4123 4223 4224
 4124 4224 4225
 4125 4225 4226
 4126 4226 4227
 4127 4227 4228
 4128 4228 4229
 4129 4229 4230
 4130 4230 4231
 4131 4231 4232
 4132 4232 4233
 4133 4233 4234
 4134 4234 4235
 4135 4235 4236
 4136 4236 4237
 4137 4237 4238
 4138 4238 4239
 4139 4239 4240
 4140 4240 4241
 4141 4241 4242
 4142 4242 4243
 4143 4243 4244
 4144 4244 4245
 4145 4245 4246
 4146 4246 4247
 4147 4247 4248
 4148 4248 4249
 4149 4249 4250
 4150 4250 4251
 4151 4251 4252
 4152 4252 4253
 4153 4253 4254
 4154 4254 4255
 4155 4255 4256
 4156 4256 4257
 4157 4257 4258
 4158 4258 4259
 4159 4259 4260
 4160 4260 4261
 4161 4261 4262
 4162 4262 4263
 4163 4263 4264
 4164 4264 4265
 4165 4265 4266
 4166 4266 4267
 4167 4267 4268
 4168 4268 4269
 4169 4269 4270
 4170 4270 4271
 4171 4271 4272
 4172 4272 4273
 4173 4273 4274
 4174 4274 4275
 4175 4275 4276
 4176 4276 4277
 4177 4277 4278
 4178 4278 4279
 4179 4279 4280
 4180 4280 4281
 4181 4281 4282
 4182 4282 4283
 4183 4283 4284
 4184 4284 4285
 4185 4285 4286
 4186 4286 4287
 4187 4287 4288
 4188 4288 4289
 4189 4289 4290
 4190 4290 4291
 4191 4291 4292
 4192 4292 4293
 4193 4293 4294
 4194 4294 4295
 4195 4295 4296
 4196 4296 4297
 4197 4297 4298
 4198 4298 4299
 4200 4300 4301
 4201 4301 4302
 4202 4302 4303
 4203 4303 4304
 4204 4304 4305
 4205 4305 4306
 4206 4306 4307
 4207 4307 4308
 4208 4308 4309
 4209 4309 4310
 4210 4310 4311
 4211 4311 4312
 4212 4312 4313
 4213 4313 4314
 4214 4314 4315
 4215 4315 4316
 4216 4316 4317
 4217 4317 4318
 4218 4318 4319
 4219 4319 4320
 4220 4320 4321
 4221 4321 4322
 4222 4322 4323
 4223 4323 4324
 4224 4324 4325
 4225 4325 4326
 4226 4326 4327
 4227 4327 4328
 4228 4328 4329
 4229 4329 4330
 4230 4330 4331
 4231 4331 4332
 4232 4332 4333
 4233 4333 4334
 4234 4334 4335
 4235 4335 4336
 4236 4336 4337
 4237 4337 4338
 4238 4338 4339
 4239 4339 4340
 4240 4340 4341
 4241 4341 4342
 4242 4342 4343
 4243 4343 4344
 4244 4344 4345
 4245 4345 4346
 4246 4346 4347
 4247 4347 4348
 4248 4348 4349
 4249 4349 4350
 4250 4350 4351
 4251 4351 4352
 4252 4352 4353
 4253 4353 4354
 4254 4354 4355
 4255 4355 4356
 4256 4356 4357
 4257 4357 4358
 4258 4358 4359
 4259 4359 4360
 4260 4360 4361
 4261 4361 4362
 4262 4362 4363
 4263 4363 4364
 4264 4364 4365
 4265 4365 4366
 4266 4366 4367
 4267 4367 4368
 4268 4368 4369
 4269 4369 4370
 4270 4370 4371
 4271 4371 4372
 4272 4372 4373
 4273 4373 4374
 4274 4374 4375
 4275 4375 4376
 4276 4376 4377
 4277 4377 4378
 4278 4378 4379
 4279 4379 4380
 4280 4380 4381
 4281 4381 4382
 4282 4382 4383
 4283 4383 4384
 4284 4384 4385
 4285 4385 4386
 4286 4386 4387
 4287 4387 4388
 4288 4388 4389
 4289 4389 4390
 4290 4390 4391
 4291 4391 4392
 4292 4392 4393
 4293 4393 4394
 4294 4394 4395
 4295 4395 4396
 4296 4396 4397
 4297 4397 4398
 4298 4398 4399
 4300 4400 4401
 4301 4401 4402
 4302 4402 4403
 4303 4403 4404
 4304 4404 4405
 4305 4405 4406
 4306 4406 4407
 4307 4407 4408
 4308 4408 4409
 4309 4409 4410
 4310 4410 4411
 4311 4411 4412
 4312 4412 4413
 4313 4413 4414
 4314 4414 4415
 4315 4415 4416
 4316 4416 4417
 4317 4417 4418
 4318 4418 4419
 4319 4419 4420
 4320 4420 4421
 4321 4421 4422
 4322 4422 4423
 4323 4423 4424
 4324 4424 4425
 4325 4425 4426
 4326 4426 4427
 4327 4427 4428
 4328 4428 4429
 4329 4429 4430
 4330 4430 4431
 4331 4431 4432
 4332 4432 4433
 4333 4433 4434
 4334 4434 4435
 4335 4435 4436
 4336 4436 4437
 4337 4437 4438
 4338 4438 4439
 4339 4439 4440
 4340 4440 4441
 4341 4441 4442
 4342 4442 4443
 4343 4443 4444
 4344 4444 4445
 4345 4445 4446
 4346 4446 4447
 4347 4447 4448
 4348 4448 4449
 4349 4449 4450
 4350 4450 4451
 4351 4451 4452
 4352 4452 4453
 4353 4453 4454
 4354 4454 4455
 4355 4455 4456
 4356 4456 4457
 4357 4457 4458
 4358 4458 4459
 4359 4459 4460
 4360 4460 4461
 4361 4461 4462
 4362 4462 4463
 4363 4463 4464
 4364 4464 4465
 4365 4465 4466
 4366 4466 4467
 4367 4467 4468
 4368 4468 4469
 4369 4469 4470
 4370 4470 4471
 4371 4471 4472
 4372 4472 4473
 4373 4473 4474
 4374 4474 4475
 4375 4475 4476
 4376 4476 4477
 4377 4477 4478
 4378 4478 4479
 4379 4479 4480
 4380 4480 4481
 4381 4481 4482
 4382 4482 4483
 4383 4483 4484
 4384 4484 4485
 4385 4485 4486
 4386 4486 4487
 4387 4487 4488
 4388 4488 4489
 4389 4489 4490
 4390 4490 4491
 4391 4491 4492
 4392 4492 4493
 4393 4493 4494
 4394 4494 4495
 4395 4495 4496
 4396 4496 4497
 4397 4497 4498
 4398 4498 4499
 4400 4500 4501
 4401 4501 4502
 4402 4502 4503
 4403 4503 4504
 4404 4504 4505
 4405 4505 4506
 4406 4506 4507
 4407 4507 4508
 4408 4508 4509
 4409 4509 4510
 4410 4510 4511
 4411 4511 4512
 4412 4512 4513
 4413 4513 4514
 4414 4514 4515
 4415 4515 4516
 4416 4516 4517
 4417 4517 4518
 4418 4518 4519
 4419 4519 4520
 4420 4520 4521
 4421 4521 4522
 4422 4522 4523
 4423 4523 4524
 4424 4524 4525
 4425 4525 4526
 4426 4526 4527
 4427 4527 4528
 4428 4528 4529
 4429 4529 4530
 4430 4530 4531
 4431 4531 4532
 4432 4532 4533
 4433 4533 4534
 4434 4534 4535
 4435 4535 4536
 4436 4536 4537
 4437 4537 4538
 4438 4538 4539
 4439 4539 4540
 4440 4540 4541
 4441 4541 4542
 4442 4542 4543
 4443 4543 4544
 4444 4544 4545
 4445 4545 4546
 4446 4546 4547
 4447 4547 4548
 4448 4548 4549
 4449 4549 4550
 4450 4550 4551
 4451 4551 4552
 4452 4552 4553
 4453 4553 4554
 4454 4554 4555
 4455 4555 4556
 4456 4556 4557
 4457 4557 4558
 4458 4558 4559
 4459 4559 4560
 4460 4560 4561
 4461 4561 4562
 4462 4562 4563
 4463 4563 4564
 4464 4564 4565
 4465 4565 4566
 4466 4566 4567
 4467 4567 4568
 4468 4568 4569
 4469 4569 4570
 4470 4570 4571
 4471 4571 4572
 4472 4572 4573
 4473 4573 4574
 4474 4574 4575
 4475 4575 4576
 4476 4576 4577
 4477 4577 4578
 4478 4578 4579
 4479 4579 4580
 4480 4580 4581
 4481 4581 4582
 4482 4582 4583
 4483 4583 4584
 4484 4584 4585
 4485 4585 4586
 4486 4586 4587
 4487 4587 4588
 4488 4588 4589
 4489 4589 4590
 4490 4590 4591
 4491 4591 4592
 4492 4592 4593
 4493 4593 4594
 4494 4594 4595
 4495 4595 4596
 4496 4596 4597
 4497 4597 4598
 4498 4598 4599
 4500 4600 4601
 4501 4601 4602
 4502 4602 4603
 4503 4603 4604
 4504 4604 4605
 4505 4605 4606
 4506 4606 4607
 4507 4607 4608
 4508 4608 4609
 4509 4609 4610
 4510 4610 4611
 4511 4611 4612
 4512 4612 4613
 4513 4613 4614
 4514 4614 4615
 4515 4615 4616
 4516 4616 4617
 4517 4617 4618
 4518 4618 4619
 4519 4619 4620
 4520 4620 4621
 4521 4621 4622
 4522 4622 4623
 4523 4623 4624
 4524 4624 4625
 4525 4625 4626
 4526 4626 4627
 4527 4627 4628
 4528 4628 4629
 4529 4629 4630
 4530 4630 4631
 4531 4631 4632
 4532 4632 4633
 4533 4633 4634
 4534 4634 4635
 4535 4635 4636
 4536 4636 4637
 4537 4637 4638
 4538 4638 4639
 4539 4639 4640
 4540 4640 4641
 4541 4641 4642
 4542 4642 4643
 4543 4643 4644
 4544 4644 4645
 4545 4645 4646
 4546 4646 4647
 4547 4647 4648
 4548 4648 4649
 4549 4649 4650
 4550 4650 4651
 4551 4651 4652
 4552 4652 4653
 4553 4653 4654
 4554 4654 4655
 4555 4655 4656
 4556 4656 4657
 4557 4657 4658
 4558 4658 4659
 4559 4659 4660
 4560 4660 4661
 4561 4661 4662
 4562 4662 4663
 4563 4663 4664
 4564 4664 4665
 4565 4665 4666
 4566 4666 4667
 4567 4667 4668
 4568 4668 4669
 4569 4669 4670
 4570 4670 4671
 4571 4671 4672
 4572 4672 4673
 4573 4673 4674
 4574 4674 4675
 4575 4675 4676
 4576 4676 4677
 4577 4677 4678
 4578 4678 4679
 4579 4679 4680
 4580 4680 4681
 4581 4681 4682
 4582 4682 4683
 4583 4683 4684
 4584 4684 4685
 4585 4685 4686
 4586 4686 4687
 4587 4687 4688
 4588 4688 4689
 4589 4689 4690
 4590 4690 4691
 4591 4691 4692
 4592 4692 4693
 4593 4693 4694
 4594 4694 4695
 4595 4695 4696
 4596 4696 4697
 4597 4697 4698
 4598 4698 4699
 4600 4700 4701
 4601 4701 4702
 4602 4702 4703
 4603 4703 4704
 4604 4704 4705
 4605 4705 4706
 4606 4706 4707
 4607 4707 4708
 4608 4708 4709
 4609 4709 4710
 4610 4710 4711
 4611 4711 4712
 4612 4712 4713
 4613 4713 4714
 4614 4714 4715
 4615 4715 4716
 4616 4716 4717
 4617 4717 4718
 4618 4718 4719
 4619 4719 4720
 4620 4720 4721
 4621 4721 4722
 4622 4722 4723
 4623 4723 4724
 4624 4724 4725
 4625 4725 4726
 4626 4726 4727
 4627 4727 4728
 4628 4728 4729
 4629 4729 4730
 4630 4730 4731
 4631 4731 4732
 4632 4732 4733
 4633 4733 4734
 4634 4734 4735
 4635 4735 4736
 4636 4736 4737
 4637 4737 4738
 4638 4738 4739
 4639 4739 4740
 4640 4740 4741
 4641 4741 4742
 4642 4742 4743
 4643 4743 4744
 4644 4744 4745
 4645 4745 4746
 4646 4746 4747
 4647 4747 4748
 4648 4748 4749
 4649 4749 4750
 4650 4750 4751
 4651 4751 4752
 4652 4752 4753
 4653 4753 4754
 4654 4754 4755
 4655 4755 4756
 4656 4756 4757
 4657 4757 4758
 4658 4758 4759
 4659 4759 4760
 4660 4760 4761
 4661 4761 4762
 4662 4762 4763
 4663 4763 4764
 4664 4764 4765
 4665 4765 4766
 4666 4766 4767
 4667 4767 4768
 4668 4768 4769
 4669 4769 4770
 4670 4770 4771
 4671 4771 4772
 4672 4772 4773
 4673 4773 4774
 4674 4774 4775
 4675 4775 4776
 4676 4776 4777
 4677 4777 4778
 4678 4778 4779
 4679 4779 4780
 4680 4780 4781
 4681 4781 4782
 4682 4782 4783
 4683 4783 4784
 4684 4784 4785
 4685 4785 4786
 4686 4786 4787
 4687 4787 4788
 4688 4788 4789
 4689 4789 4790
 4690 4790 4791
 4691 4791 4792
 4692 4792 4793
 4693 4793 4794
 4694 4794 4795
 4695 4795 4796
 4696 4796 4797
 4697 4797 4798
 4698 4798 4799
 4700 4800 4801
 4701 4801 4802
 4702 4802 4803
 4703 4803 4804
 4704 4804 4805
 4705 4805 4806
 4706 4806 4807
 4707 4807 4808
 4708 4808 4809
 4709 4809 4810
 4710 4810 4811
 4711 4811 4812
 4712 4812 4813
 4713 4813 4814
 4714 4814 4815
 4715 4815 4816
 4716 4816 4817
 4717 4817 4818
 4718 4818 4819
 4719 4819 4820
 4720 4820 4821
 4721 4821 4822
 4722 4822 4823
 4723 4823 4824
 4724 4824 4825
 4725 4825 4826
 4726 4826 4827
 4727 4827 4828
 4728 4828 4829
 4729 4829 4830
 4730 4830 4831
 4731 4831 4832
 4732 4832 4833
 4733 4833 4834
 4734 4834 4835
 4735 4835 4836
 4736 4836 4837
 4737 4837 4838
 4738 4838 4839
 4739 4839 4840
 4740 4840 4841
 4741 4841 4842
 4742 4842 4843
 4743 4843 4844
 4744 4844 4845
 4745 4845 4846
 4746 4846 4847
 4747 4847 4848
 4748 4848 4849
 4749 4849 4850
 4750 4850 4851
 4751 4851 4852
 4752 4852 4853
 4753 4853 4854
 4754 4854 4855
 4755 4855 4856
 4756 4856 4857
 4757 4857 4858
 4758 4858 4859
 4759 4859 4860
 4760 4860 4861
 4761 4861 4862
 4762 4862 4863
 4763 4863 4864
 4764 4864 4865
 4765 4865 4866
 4766 4866 4867
 4767 4867 4868
 4768 4868 4869
 4769 4869 4870
 4770 4870 4871
 4771 4871 4872
 4772 4872 4873
 4773 4873 4874
 4774 4874 4875
 4775 4875 4876
 4776 4876 4877
 4777 4877 4878
 4778 4878 4879
 4779 4879 4880
 4780 4880 4881
 4781 4881 4882
 4782 4882 4883
 4783 4883 4884
 4784 4884 4885
 4785 4885 4886
 4786 4886 4887
 4787 4887 4888
 4788 4888 4889
 4789 4889 4890
 4790 4890 4891
 4791 4891 4892
 4792 4892 4893
 4793 4893 4894
 4794 4894 4895
 4795 4895 4896
 4796 4896 4897
 4797 4897 4898
 4798 4898 4899
 4800 4900 4901
 4801 4901 4902
 4802 4902 4903
 4803 4903 4904
 4804 4904 4905
 4805 4905 4906
 4806 4906 4907
 4807 4907 4908
 4808 4908 4909
 4809 4909 4910
 4810 4910 4911
 4811 4911 4912
 4812 4912 4913
 4813 4913 4914
 4814 4914 4915
 4815 4915 4916
 4816 4916 4917
 4817 4917 4918
 4818 4918 4919
 4819 4919 4920
 4820 4920 4921
 4821 4921 4922
 4822 4922 4923
 4823 4923 4924
 4824 4924 4925
 4825 4925 4926
 4826 4926 4927
 4827 4927 4928
 4828 4928 4929
 4829 4929 4930
 4830 4930 4931
 4831 4931 4932
 4832 4932 4933
 4833 4933 4934
 4834 4934 4935
 4835 4935 4936
 4836 4936 4937
 4837 4937 4938
 4838 4938 4939
 4839 4939 4940
 4840 4940 4941
 4841 4941 4942
 4842 4942 4943
 4843 4943 4944
 4844 4944 4945
 4845 4945 4946
 4846 4946 4947
 4847 4947 4948
 4848 4948 4949
 4849 4949 4950
 4850 4950 4951
 4851 4951 4952
 4852 4952 4953
 4853 4953 4954
 4854 4954 4955
 4855 4955 4956
 4856 4956 4957
 4857 4957 4958
 4858 4958 4959
 4859 4959 4960
 4860 4960 4961
 4861 4961 4962
 4862 4962 4963
 4863 4963 4964
 4864 4964 4965
 4865 4965 4966
 4866 4966 4967
 4867 4967 4968
 4868 4968 4969
 4869 4969 4970
 4870 4970 4971
 4871 4971 4972
 4872 4972 4973
 4873 4973 4974
 4874 4974 4975
 4875 4975 4976
 4876 4976 4977
 4877 4977 4978
 4878 4978 4979
 4879 4979 4980
 4880 4980 4981
 4881 4981 4982
 4882 4982 4983
 4883 4983 4984
 4884 4984 4985
 4885 4985 4986
 4886 4986 4987
 4887 4987 4988
 4888 4988 4989
 4889 4989 4990
 4890 4990 4991
 4891 4991 4992
 4892 4992 4993
 4893 4993 4994
 4894 4994 4995
 4895 4995 4996
 4896 4996 4997
 4897 4997 4998
 4898 4998 4999
 4900 5000 5001
 4901 5001 5002
 4902 5002 5003
 4903 5003 5004
 4904 5004 5005
 4905 5005 5006
 4906 5006 5007
 4907 5007 5008
 4908 5008 5009
 4909 5009 5010
 4910 5010 5011
 4911 5011 5012
 4912 5012 5013
 4913 5013 5014
 4914 5014 5015
 4915 5015 5016
 4916 5016 5017
 4917 5017 5018
 4918 5018 5019
 4919 5019 5020
 4920 5020 5021
 4921 5021 5022
 4922 5022 5023
 4923 5023 5024
 4924 5024 5025
 4925 5025 5026
 4926 5026 5027
 4927 5027 5028
 4928 5028 5029
 4929 5029 5030
 4930 5030 5031
 4931 5031 5032
 4932 5032 5033
 4933 5033 5034
 4934 5034 5035
 4935 5035 5036
 4936 5036 5037
 4937 5037 5038
 4938 5038 5039
 4939 5039 5040
 4940 5040 5041
 4941 5041 5042
 4942 5042 5043
 4943 5043 5044
 4944 5044 5045
 4945 5045 5046
 4946 5046 5047
 4947 5047 5048
 4948 5048 5049
 4949 5049 5050
 4950 5050 5051
 4951 5051 5052
 4952 5052 5053
 4953 5053 5054
 4954 5054 5055
 4955 5055 5056
 4956 5056 5057
 4957 5057 5058
 4958 5058 5059
 4959 5059 5060
 4960 5060 5061
 4961 5061 5062
 4962 5062 5063
 4963 5063 5064
 4964 5064 5065
 4965 5065 5066
 4966 5066 5067
 4967 5067 5068
 4968 5068 5069
 4969 5069 5070
 4970 5070 5071
 4971 5071 5072
 4972 5072 5073
 4973 5073 5074
 4974 5074 5075
 4975 5075 5076
 4976 5076 5077
 4977 5077 5078
 4978 5078 5079
 4979 5079 5080
 4980 5080 5081
 4981 5081 5082
 4982 5082 5083
 4983 5083 5084
 4984 5084 5085
 4985 5085 5086
 4986 5086 5087
 4987 5087 5088
 4988 5088 5089
 4989 5089 5090
 4990 5090 5091
 4991 5091 5092
 4992 5092 5093
 4993 5093 5094
 4994 5094 5095
 4995 5095 5096
 4996 5096 5097
 4997 5097 5098
 4998 5098 5099
 5000 5100 5101
 5001 5101 5102
 5002 5102 5103
 5003 5103 5104
 5004 5104 5105
 5005 5105 5106
 5006 5106 5107
 5007 5107 5108
 5008 5108 5109
 5009 5109 5110
 5010 5110 5111
 5011 5111 5112
 5012 5112 5113
 5013 5113 5114
 5014 5114 5115
 5015 5115 5116
 5016 5116 5117
 5017 5117 5118
 5018 5118 5119
 5019 5119 5120
 5020 5120 5121
 5021 5121 5122
 5022 5122 5123
 5023 5123 5124
 5024 5124 5125
 5025 5125 5126
 5026 5126 5127
 5027 5127 5128
 5028 5128 5129
 5029 5129 5130
 5030 5130 5131
 5031 5131 5132
 5032 5132 5133
 5033 5133 5134
 5034 5134 5135
 5035 5135 5136
 5036 5136 5137
 5037 5137 5138
 5038 5138 5139
 5039 5139 5140
 5040 5140 5141
 5041 5141 5142
 5042 5142 5143
 5043 5143 5144
 5044 5144 5145
 5045 5145 5146
 5046 5146 5147
 5047 5147 5148
 5048 5148 5149
 5049 5149 5150
 5050 5150 5151
 5051 5151 5152
 5052 5152 5153
 5053 5153 5154
 5054 5154 5155
 5055 5155 5156
 5056 5156 5157
 5057 5157 5158
 5058 5158 5159
 5059 5159 5160
 5060 5160 5161
 5061 5161 5162
 5062 5162 5163
 5063 5163 5164
 5064 5164 5165
 5065 5165 5166
 5066 5166 5167
 5067 5167 5168
 5068 5168 5169
 5069 5169 5170
 5070 5170 5171
 5071 5171 5172
 5072 5172 5173
 5073 5173 5174
 5074 5174 5175
 5075 5175 5176
 5076 5176 5177
 5077 5177 5178
 5078 5178 5179
 5079 5179 5180
 5080 5180 5181
 5081 5181 5182
 5082 5182 5183
 5083 5183 5184
 5084 5184 5185
 5085 5185 5186
 5086 5186 5187
 5087 5187 5188
 5088 5188 5189
 5089 5189 5190
 5090 5190 5191
 5091 5191 5192
 5092 5192 5193
 5093 5193 5194
 5094 5194 5195
 5095 5195 5196
 5096 5196 5197
 5097 5197 5198
 5098 5198 5199
 5100 5200 5201
 5101 5201 5202
 5102 5202 5203
 5103 5203 5204
 5104 5204 5205
 5105 5205 5206
 5106 5206 5207
 5107 5207 5208
 5108 5208 5209
 5109 5209 5210
 5110 5210 5211
 5111 5211 5212
 5112 5212 5213
 5113 5213 5214
 5114 5214 5215
 5115 5215 5216
 5116 5216 5217
 5117 5217 5218
 5118 5218 5219
 5119 5219 5220
 5120 5220 5221
 5121 5221 5222
 5122 5222 5223
 5123 5223 5224
 5124 5224 5225
 5125 5225 5226
 5126 5226 5227
 5127 5227 5228
 5128 5228 5229
 5129 5229 5230
 5130 5230 5231
 5131 5231 5232
 5132 5232 5233
 5133 5233 5234
 5134 5234 5235
 5135 5235 5236
 5136 5236 5237
 5137 5237 5238
 5138 5238 5239
 5139 5239 5240
 5140 5240 5241
 5141 5241 5242
 5142 5242 5243
 5143 5243 5244
 5144 5244 5245
 5145 5245 5246
 5146 5246 5247
 5147 5247 5248
 5148 5248 5249
 5149 5249 5250
 5150 5250 5251
 5151 5251 5252
 5152 5252 5253
 5153 5253 5254
 5154 5254 5255
 5155 5255 5256
 5156 5256 5257
 5157 5257 5258
 5158 5258 5259
 5159 5259 5260
 5160 5260 5261
 5161 5261 5262
 5162 5262 5263
 5163 5263 5264
 5164 5264 5265
 5165 5265 5266
 5166 5266 5267
 5167 5267 5268
 5168 5268 5269
 5169 5269 5270
 5170 5270 5271
 5171 5271 5272
 5172 5272 5273
 5173 5273 5274
 5174 5274 5275
 5175 5275 5276
 5176 5276 5277
 5177 5277 5278
 5178 5278 5279
 5179 5279 5280
 5180 5280 5281
 5181 5281 5282
 5182 5282 5283
 5183 5283 5284
 5184 5284 5285
 5185 5285 5286
 5186 5286 5287
 5187 5287 5288
 5188 5288 5289
 5189 5289 5290
 5190 5290 5291
 5191 5291 5292
 5192 5292 5293
 5193 5293 5294
 5194 5294 5295
 5195 5295 5296
 5196 5296 5297
 5197 5297 5298
 5198 5298 5299
 5200 5300 5301
 5201 5301 5302
 5202 5302 5303
 5203 5303 5304
 5204 5304 5305
 5205 5305 5306
 5206 5306 5307
 5207 5307 5308
 5208 5308 5309
 5209 5309 5310
 5210 5310 5311
 5211 5311 5312
 5212 5312 5313
 5213 5313 5314
 5214 5314 5315
 5215 5315 5316
 5216 5316 5317
 5217 5317 5318
 5218 5318 5319
 5219 5319 5320
 5220 5320 5321
 5221 5321 5322
 5222 5322 5323
 5223 5323 5324
 5224 5324 5325
 5225 5325 5326
 5226 5326 5327
 5227 5327 5328
 5228 5328 5329
 5229 5329 5330
 5230 5330 5331
 5231 5331 5332
 5232 5332 5333
 5233 5333 5334
 5234 5334 5335
 5235 5335 5336
 5236 5336 5337
 5237 5337 5338
 5238 5338 5339
 5239 5339 5340
 5240 5340 5341
 5241 5341 5342
 5242 5342 5343
 5243 5343 5344
 5244 5344 5345
 5245 5345 5346
 5246 5346 5347
 5247 5347 5348
 5248 5348 5349
 5249 5349 5350
 5250 5350 5351
 5251 5351 5352
 5252 5352 5353
 5253 5353 5354
 5254 5354 5355
 5255 5355 5356
 5256 5356 5357
 5257 5357 5358
 5258 5358 5359
 5259 5359 5360
 5260 5360 5361
 5261 5361 5362
 5262 5362 5363
 5263 5363 5364
 5264 5364 5365
 5265 5365 5366
 5266 5366 5367
 5267 5367 5368
 5268 5368 5369
 5269 5369 5370
 5270 5370 5371
 5271 5371 5372
 5272 5372 5373
 5273 5373 5374
 5274 5374 5375
 5275 5375 5376
 5276 5376 5377
 5277 5377 5378
 5278 5378 5379
 5279 5379 5380
 5280 5380 5381
 5281 5381 5382
 5282 5382 5383
 5283 5383 5384
 5284 5384 5385
 5285 5385 5386
 5286 5386 5387
 5287 5387 5388
 5288 5388 5389
 5289 5389 5390
 5290 5390 5391
 5291 5391 5392
 5292 5392 5393
 5293 5393 5394
 5294 5394 5395
 5295 5395 5396
 5296 5396 5397
 5297 5397 5398
 5298 5398 5399
 5300 5400 5401
 5301 5401 5402
 5302 5402 5403
 5303 5403 5404
 5304 5404 5405
 5305 5405 5406
 5306 5406 5407
 5307 5407 5408
 5308 5408 5409
 5309 5409 5410
 5310 5410 5411
 5311 5411 5412
 5312 5412 5413
 5313 5413 5414
 5314 5414 5415
 5315 5415 5416
 5316 5416 5417
 5317 5417 5418
 5318 5418 5419
 5319 5419 5420
 5320 5420 5421
 5321 5421 5422
 5322 5422 5423
 5323 5423 5424
 5324 5424 5425
 5325 5425 5426
 5326 5426 5427
 5327 5427 5428
 5328 5428 5429
 5329 5429 5430
 5330 5430 5431
 5331 5431 5432
 5332 5432 5433
 5333 5433 5434
 5334 5434 5435
 5335 5435 5436
 5336 5436 5437
 5337 5437 5438
 5338 5438 5439
 5339 5439 5440
 5340 5440 5441
 5341 5441 5442
 5342 5442 5443
 5343 5443 5444
 5344 5444 5445
 5345 5445 5446
 5346 5446 5447
 5347 5447 5448
 5348 5448 5449
 5349 5449 5450
 5350 5450 5451
 5351 5451 5452
 5352 5452 5453
 5353 5453 5454
 5354 5454 5455
 5355 5455 5456
 5356 5456 5457
 5357 5457 5458
 5358 5458 5459
 5359 5459 5460
 5360 5460 5461
 5361 5461 5462
 5362 5462 5463
 5363 5463 5464
 5364 5464 5465
 5365 5465 5466
 5366 5466 5467
 5367 5467 5468
 5368 5468 5469
 5369 5469 5470
 5370 5470 5471
 5371 5471 5472
 5372 5472 5473
 5373 5473 5474
 5374 5474 5475
 5375 5475 5476
 5376 5476 5477
 5377 5477 5478
 5378 5478 5479
 5379 5479 5480
 5380 5480 5481
 5381 5481 5482
 5382 5482 5483
 5383 5483 5484
 5384 5484 5485
 5385 5485 5486
 5386 5486 5487
 5387 5487 5488
 5388 5488 5489
 5389 5489 5490
 5390 5490 5491
 5391 5491 5492
 5392 5492 5493
 5393 5493 5494
 5394 5494 5495
 5395 5495 5496
 5396 5496 5497
 5397 5497 5498
 5398 5498 5499
 5400 5500 5501
 5401 5501 5502
 5402 5502 5503
 5403 5503 5504
 5404 5504 5505
 5405 5505 5506
 5406 5506 5507
 5407 5507 5508
 5408 5508 5509
 5409 5509 5510
 5410 5510 5511
 5411 5511 5512
 5412 5512 5513
 5413 5513 5514
 5414 5514 5515
 5415 5515 5516
 5416 5516 5517
 5417 5517 5518
 5418 5518 5519
 5419 5519 5520
 5420 5520 5521
 5421 5521 5522
 5422 5522 5523
 5423 5523 5524
 5424 5524 5525
 5425 5525 5526
 5426 5526 5527
 5427 5527 5528
 5428 5528 5529
 5429 5529 5530
 5430 5530 5531
 5431 5531 5532
 5432 5532 5533
 5433 5533 5534
 5434 5534 5535
 5435 5535 5536
 5436 5536 5537
 5437 5537 5538
 5438 5538 5539
 5439 5539 5540
 5440 5540 5541
 5441 5541 5542
 5442 5542 5543
 5443 5543 5544
 5444 5544 5545
 5445 5545 5546
 5446 5546 5547
 5447 5547 5548
 5448 5548 5549
 5449 5549 5550
 5450 5550 5551
 5451 5551 5552
 5452 5552 5553
 5453 5553 5554
 5454 5554 5555
 5455 5555 5556
 5456 5556 5557
 5457 5557 5558
 5458 5558 5559
 5459 5559 5560
 5460 5560 5561
 5461 5561 5562
 5462 5562 5563
 5463 5563 5564
 5464 5564 5565
 5465 5565 5566
 5466 5566 5567
 5467 5567 5568
 5468 5568 5569
 5469 5569 5570
 5470 5570 5571
 5471 5571 5572
 5472 5572 5573
 5473 5573 5574
 5474 5574 5575
 5475 5575 5576
 5476 5576 5577
 5477 5577 5578
 5478 5578 5579
 5479 5579 5580
 5480 5580 5581
 5481 5581 5582
 5482 5582 5583
 5483 5583 5584
 5484 5584 5585
 5485 5585 5586
 5486 5586 5587
 5487 5587 5588
 5488 5588 5589
 5489 5589 5590
 5490 5590 5591
 5491 5591 5592
 5492 5592 5593
 5493 5593 5594
 5494 5594 5595
 5495 5595 5596
 5496 5596 5597
 5497 5597 5598
 5498 5598 5599
 5500 5600 5601
 5501 5601 5602
 5502 5602 5603
 5503 5603 5604
 5504 5604 5605
 5505 5605 5606
 5506 5606 5607
 5507 5607 5608
 5508 5608 5609
 5509 5609 5610
 5510 5610 5611
 5511 5611 5612
 5512 5612 5613
 5513 5613 5614
 5514 5614 5615
 5515 5615 5616
 5516 5616 5617
 5517 5617 5618
 5518 5618 5619
 5519 5619 5620
 5520 5620 5621
 5521 5621 5622
 5522 5622 5623
 5523 5623 5624
 5524 5624 5625
 5525 5625 5626
 5526 5626 5627
 5527 5627 5628
 5528 5628 5629
 5529 5629 5630
 5530 5630 5631
 5531 5631 5632
 5532 5632 5633
 5533 5633 5634
 5534 5634 5635
 5535 5635 5636
 5536 5636 5637
 5537 5637 5638
 5538 5638 5639
 5539 5639 5640
 5540 5640 5641
 5541 5641 5642
 5542 5642 5643
 5543 5643 5644
 5544 5644 5645
 5545 5645 5646
 5546 5646 5647
 5547 5647 5648
 5548 5648 5649
 5549 5649 5650
 5550 5650 5651
 5551 5651 5652
 5552 5652 5653
 5553 5653 5654
 5554 5654 5655
 5555 5655 5656
 5556 5656 5657
 5557 5657 5658
 5558 5658 5659
 5559 5659 5660
 5560 5660 5661
 5561 5661 5662
 5562 5662 5663
 5563 5663 5664
 5564 5664 5665
 5565 5665 5666
 5566 5666 5667
 5567 5667 5668
 5568 5668 5669
 5569 5669 5670
 5570 5670 5671
 5571 5671 5672
 5572 5672 5673
 5573 5673 5674
 5574 5674 5675
 5575 5675 5676
 5576 5676 5677
 5577 5677 5678
 5578 5678 5679
 5579 5679 5680
 5580 5680 5681
 5581 5681 5682
 5582 5682 5683
 5583 5683 5684
 5584 5684 5685
 5585 5685 5686
 5586 5686 5687
 5587 5687 5688
 5588 5688 5689
 5589 5689 5690
 5590 5690 5691
 5591 5691 5692
 5592 5692 5693
 5593 5693 5694
 5594 5694 5695
 5595 5695 5696
 5596 5696 5697
 5597 5697 5698
 5598 5698 5699
 5600 5700 5701
 5601 5701 5702
 5602 5702 5703
 5603 5703 5704
 5604 5704 5705
 5605 5705 5706
 5606 5706 5707
 5607 5707 5708
 5608 5708 5709
 5609 5709 5710
 5610 5710 5711
 5611 5711 5712
 5612 5712 5713
 5613 5713 5714
 5614 5714 5715
 5615 5715 5716
 5616 5716 5717
 5617 5717 5718
 5618 5718 5719
 5619 5719 5720
 5620 5720 5721
 5621 5721 5722
 5622 5722 5723
 5623 5723 5724
 5624 5724 5725
 5625 5725 5726
 5626 5726 5727
 5627 5727 5728
 5628 5728 5729
 5629 5729 5730
 5630 5730 5731
 5631 5731 5732
 5632 5732 5733
 5633 5733 5734
 5634 5734 5735
 5635 5735 5736
 5636 5736 5737
 5637 5737 5738
 5638 5738 5739
 5639 5739 5740
 5640 5740 5741
 5641 5741 5742
 5642 5742 5743
 5643 5743 5744
 5644 5744 5745
 5645 5745 5746
 5646 5746 5747
 5647 5747 5748
 5648 5748 5749
 5649 5749 5750
 5650 5750 5751
 5651 5751 5752
 5652 5752 5753
 5653 5753 5754
 5654 5754 5755
 5655 5755 5756
 5656 5756 5757
 5657 5757 5758
 5658 5758 5759
 5659 5759 5760
 5660 5760 5761
 5661 5761 5762
 5662 5762 5763
 5663 5763 5764
 5664 5764 5765
 5665 5765 5766
 5666 5766 5767
 5667 5767 5768
 5668 5768 5769
 5669 5769 5770
 5670 5770 5771
 5671 5771 5772
 5672 5772 5773
 5673 5773 5774
 5674 5774 5775
 5675 5775 5776
 5676 5776 5777
 5677 5777 5778
 5678 5778 5779
 5679 5779 5780
 5680 5780 5781
 5681 5781 5782
 5682 5782 5783
 5683 5783 5784
 5684 5784 5785
 5685 5785 5786
 5686 5786 5787
 5687 5787 5788
 5688 5788 5789
 5689 5789 5790
 5690 5790 5791
 5691 5791 5792
 5692 5792 5793
 5693 5793 5794
 5694 5794 5795
 5695 5795 5796
 5696 5796 5797
 5697 5797 5798
 5698 5798 5799
 5700 5800 5801
 5701 5801 5802
 5702 5802 5803
 5703 5803 5804
 5704 5804 5805
 5705 5805 5806
 5706 5806 5807
 5707 5807 5808
 5708 5808 5809
 5709 5809 5810
 5710 5810 5811
 5711 5811 5812
 5712 5812 5813
 5713 5813 5814
 5714 5814 5815
 5715 5815 5816
 5716 5816 5817
 5717 5817 5818
 5718 5818 5819
 5719 5819 5820
 5720 5820 5821
 5721 5821 5822
 5722 5822 5823
 5723 5823 5824
 5724 5824 5825
 5725 5825 5826
 5726 5826 5827
 5727 5827 5828
 5728 5828 5829
 5729 5829 5830
 5730 5830 5831
 5731 5831 5832
 5732 5832 5833
 5733 5833 5834
 5734 5834 5835
 5735 5835 5836
 5736 5836 5837
 5737 5837 5838
 5738 5838 5839
 5739 5839 5840
 5740 5840 5841
 5741 5841 5842
 5742 5842 5843
 5743 5843 5844
 5744 5844 5845
 5745 5845 5846
 5746 5846 5847
 5747 5847 5848
 5748 5848 5849
 5749 5849 5850
 5750 5850 5851
 5751 5851 5852
 5752 5852 5853
 5753 5853 5854
 5754 5854 5855
 5755 5855 5856
 5756 5856 5857
 5757 5857 5858
 5758 5858 5859
 5759 5859 5860
 5760 5860 5861
 5761 5861 5862
 5762 5862 5863
 5763 5863 5864
 5764 5864 5865
 5765 5865 5866
 5766 5866 5867
 5767 5867 5868
 5768 5868 5869
 5769 5869 5870
 5770 5870 5871
 5771 5871 5872
 5772 5872 5873
 5773 5873 5874
 5774 5874 5875
 5775 5875 5876
 5776 5876 5877
 5777 5877 5878
 5778 5878 5879
 5779 5879 5880
 5780 5880 5881
 5781 5881 5882
 5782 5882 5883
 5783 5883 5884
 5784 5884 5885
 5785 5885 5886
 5786 5886 5887
 5787 5887 5888
 5788 5888 5889
 5789 5889 5890
 5790 5890 5891
 5791 5891 5892
 5792 5892 5893
 5793 5893 5894
 5794 5894 5895
 5795 5895 5896
 5796 5896 5897
 5797 5897 5898
 5798 5898 5899
 5800 5900 5901
 5801 5901 5902
 5802 5902 5903
 5803 5903 5904
 5804 5904 5905
 5805 5905 5906
 5806 5906 5907
 5807 5907 5908
 5808 5908 5909
 5809 5909 5910
 5810 5910 5911
 5811 5911 5912
 5812 5912 5913
 5813 5913 5914
 5814 5914 5915
 5815 5915 5916
 5816 5916 5917
 5817 5917 5918
 5818 5918 5919
 5819 5919 5920
 5820 5920 5921
 5821 5921 5922
 5822 5922 5923
 5823 5923 5924
 5824 5924 5925
 5825 5925 5926
 5826 5926 5927
 5827 5927 5928
 5828 5928 5929
 5829 5929 5930
 5830 5930 5931
 5831 5931 5932
 5832 5932 5933
 5833 5933 5934
 5834 5934 5935
 5835 5935 5936
 5836 5936 5937
 5837 5937 5938
 5838 5938 5939
 5839 5939 5940
 5840 5940 5941
 5841 5941 5942
 5842 5942 5943
 5843 5943 5944
 5844 5944 5945
 5845 5945 5946
 5846 5946 5947
 5847 5947 5948
 5848 5948 5949
 5849 5949 5950
 5850 5950 5951
 5851 5951 5952
 5852 5952 5953
 5853 5953 5954
 5854 5954 5955
 5855 5955 5956
 5856 5956 5957
 5857 5957 5958
 5858 5958 5959
 5859 5959 5960
 5860 5960 5961
 5861 5961 5962
 5862 5962 5963
 5863 5963 5964
 5864 5964 5965
 5865 5965 5966
 5866 5966 5967
 5867 5967 5968
 5868 5968 5969
 5869 5969 5970
 5870 5970 5971
 5871 5971 5972
 5872 5972 5973
 5873 5973 5974
 5874 5974 5975
 5875 5975 5976
 5876 5976 5977
 5877 5977 5978
 5878 5978 5979
 5879 5979 5980
 5880 5980 5981
 5881 5981 5982
 5882 5982 5983
 5883 5983 5984
 5884 5984 5985
 5885 5985 5986
 5886 5986 5987
 5887 5987 5988
 5888 5988 5989
 5889 5989 5990
 5890 5990 5991
 5891 5991 5992
 5892 5992 5993
 5893 5993 5994
 5894 5994 5995
 5895 5995 5996
 5896 5996 5997
 5897 5997 5998
 5898 5998 5999
 5900 6000 6001
 5901 6001 6002
 5902 6002 6003
 5903 6003 6004
 5904 6004 6005
 5905 6005 6006
 5906 6006 6007
 5907 6007 6008
 5908 6008 6009
 5909 6009 6010
 5910 6010 6011
 5911 6011 6012
 5912 6012 6013
 5913 6013 6014
 5914 6014 6015
 5915 6015 6016
 5916 6016 6017
 5917 6017 6018
 5918 6018 6019
 5919 6019 6020
 5920 6020 6021
 5921 6021 6022
 5922 6022 6023
 5923 6023 6024
 5924 6024 6025
 5925 6025 6026
 5926 6026 6027
 5927 6027 6028
 5928 6028 6029
 5929 6029 6030
 5930 6030 6031
 5931 6031 6032
 5932 6032 6033
 5933 6033 6034
 5934 6034 6035
 5935 6035 6036
 5936 6036 6037
 5937 6037 6038
 5938 6038 6039
 5939 6039 6040
 5940 6040 6041
 5941 6041 6042
 5942 6042 6043
 5943 6043 6044
 5944 6044 6045
 5945 6045 6046
 5946 6046 6047
 5947 6047 6048
 5948 6048 6049
 5949 6049 6050
 5950 6050 6051
 5951 6051 6052
 5952 6052 6053
 5953 6053 6054
 5954 6054 6055
 5955 6055 6056
 5956 6056 6057
 5957 6057 6058
 5958 6058 6059
 5959 6059 6060
 5960 6060 6061
 5961 6061 6062
 5962 6062 6063
 5963 6063 6064
 5964 6064 6065
 5965 6065 6066
 5966 6066 6067
 5967 6067 6068
 5968 6068 6069
 5969 6069 6070
 5970 6070 6071
 5971 6071 6072
 5972 6072 6073
 5973 6073 6074
 5974 6074 6075
 5975 6075 6076
 5976 6076 6077
 5977 6077 6078
 5978 6078 6079
 5979 6079 6080
 5980 6080 6081
 5981 6081 6082
 5982 6082 6083
 5983 6083 6084
 5984 6084 6085
 5985 6085 6086
 5986 6086 6087
 5987 6087 6088
 5988 6088 6089
 5989 6089 6090
 5990 6090 6091
 5991 6091 6092
 5992 6092 6093
 5993 6093 6094
 5994 6094 6095
 5995 6095 6096
 5996 6096 6097
 5997 6097 6098
 5998 6098 6099
 6000 6100 6101
 6001 6101 6102
 6002 6102 6103
 6003 6103 6104
 6004 6104 6105
 6005 6105 6106
 6006 6106 6107
 6007 6107 6108
 6008 6108 6109
 6009 6109 6110
 6010 6110 6111
 6011 6111 6112
 6012 6112 6113
 6013 6113 6114
 6014 6114 6115
 6015 6115 6116
 6016 6116 6117
 6017 6117 6118
 6018 6118 6119
 6019 6119 6120
 6020 6120 6121
 6021 6121 6122
 6022 6122 6123
 6023 6123 6124
 6024 6124 6125
 6025 6125 6126
 6026 6126 6127
 6027 6127 6128
 6028 6128 6129
 6029 6129 6130
 6030 6130 6131
 6031 6131 6132
 6032 6132 6133
 6033 6133 6134
 6034 6134 6135
 6035 6135 6136
 6036 6136 6137
 6037 6137 6138
 6038 6138 6139
 6039 6139 6140
 6040 6140 6141
 6041 6141 6142
 6042 6142 6143
 6043 6143 6144
 6044 6144 6145
 6045 6145 6146
 6046 6146 6147
 6047 6147 6148
 6048 6148 6149
 6049 6149 6150
 6050 6150 6151
 6051 6151 6152
 6052 6152 6153
 6053 6153 6154
 6054 6154 6155
 6055 6155 6156
 6056 6156 6157
 6057 6157 6158
 6058 6158 6159
 6059 6159 6160
 6060 6160 6161
 6061 6161 6162
 6062 6162 6163
 6063 6163 6164
 6064 6164 6165
 6065 6165 6166
 6066 6166 6167
 6067 6167 6168
 6068 6168 6169
 6069 6169 6170
 6070 6170 6171
 6071 6171 6172
 6072 6172 6173
 6073 6173 6174
 6074 6174 6175
 6075 6175 6176
 6076 6176 6177
 6077 6177 6178
 6078 6178 6179
 6079 6179 6180
 6080 6180 6181
 6081 6181 6182
 6082 6182 6183
 6083 6183 6184
 6084 6184 6185
 6085 6185 6186
 6086 6186 6187
 6087 6187 6188
 6088 6188 6189
 6089 6189 6190
 6090 6190 6191
 6091 6191 6192
 6092 6192 6193
 6093 6193 6194
 6094 6194 6195
 6095 6195 6196
 6096 6196 6197
 6097 6197 6198
 6098 6198 6199
 6100 6200 6201
 6101 6201 6202
 6102 6202 6203
 6103 6203 6204
 6104 6204 6205
 6105 6205 6206
 6106 6206 6207
 6107 6207 6208
 6108 6208 6209
 6109 6209 6210
 6110 6210 6211
 6111 6211 6212
 6112 6212 6213
 6113 6213 6214
 6114 6214 6215
 6115 6215 6216
 6116 6216 6217
 6117 6217 6218
 6118 6218 6219
 6119 6219 6220
 6120 6220 6221
 6121 6221 6222
 6122 6222 6223
 6123 6223 6224
 6124 6224 6225
 6125 6225 6226
 6126 6226 6227
 6127 6227 6228
 6128 6228 6229
 6129 6229 6230
 6130 6230 6231
 6131 6231 6232
 6132 6232 6233
 6133 6233 6234
 6134 6234 6235
 6135 6235 6236
 6136 6236 6237
 6137 6237 6238
 6138 6238 6239
 6139 6239 6240
 6140 6240 6241
 6141 6241 6242
 6142 6242 6243
 6143 6243 6244
 6144 6244 6245
 6145 6245 6246
 6146 6246 6247
 6147 6247 6248
 6148 6248 6249
 6149 6249 6250
 6150 6250 6251
 6151 6251 6252
 6152 6252 6253
 6153 6253 6254
 6154 6254 6255
 6155 6255 6256
 6156 6256 6257
 6157 6257 6258
 6158 6258 6259
 6159 6259 6260
 6160 6260 6261
 6161 6261 6262
 6162 6262 6263
 6163 6263 6264
 6164 6264 6265
 6165 6265 6266
 6166 6266 6267
 6167 6267 6268
 6168 6268 6269
 6169 6269 6270
 6170 6270 6271
 6171 6271 6272
 6172 6272 6273
 6173 6273 6274
 6174 6274 6275
 6175 6275 6276
 6176 6276 6277
 6177 6277 6278
 6178 6278 6279
 6179 6279 6280
 6180 6280 6281
 6181 6281 6282
 6182 6282 6283
 6183 6283 6284
 6184 6284 6285
 6185 6285 6286
 6186 6286 6287
 6187 6287 6288
 6188 6288 6289
 6189 6289 6290
 6190 6290 6291
 6191 6291 6292
 6192 6292 6293
 6193 6293 6294
 6194 6294 6295
 6195 6295 6296
 6196 6296 6297
 6197 6297 6298
 6198 6298 6299
 6200 6300 6301
 6201 6301 6302
 6202 6302 6303
 6203 6303 6304
 6204 6304 6305
 6205 6305 6306
 6206 6306 6307
 6207 6307 6308
 6208 6308 6309
 6209 6309 6310
 6210 6310 6311
 6211 6311 6312
 6212 6312 6313
 6213 6313 6314
 6214 6314 6315
 6215 6315 6316
 6216 6316 6317
 6217 6317 6318
 6218 6318 6319
 6219 6319 6320
 6220 6320 6321
 6221 6321 6322
 6222 6322 6323
 6223 6323 6324
 6224 6324 6325
 6225 6325 6326
 6226 6326 6327
 6227 6327 6328
 6228 6328 6329
 6229 6329 6330
 6230 6330 6331
 6231 6331 6332
 6232 6332 6333
 6233 6333 6334
 6234 6334 6335
 6235 6335 6336
 6236 6336 6337
 6237 6337 6338
 6238 6338 6339
 6239 6339 6340
 6240 6340 6341
 6241 6341 6342
 6242 6342 6343
 6243 6343 6344
 6244 6344 6345
 6245 6345 6346
 6246 6346 6347
 6247 6347 6348
 6248 6348 6349
 6249 6349 6350
 6250 6350 6351
 6251 6351 6352
 6252 6352 6353
 6253 6353 6354
 6254 6354 6355
 6255 6355 6356
 6256 6356 6357
 6257 6357 6358
 6258 6358 6359
 6259 6359 6360
 6260 6360 6361
 6261 6361 6362
 6262 6362 6363
 6263 6363 6364
 6264 6364 6365
 6265 6365 6366
 6266 6366 6367
 6267 6367 6368
 6268 6368 6369
 6269 6369 6370
 6270 6370 6371
 6271 6371 6372
 6272 6372 6373
 6273 6373 6374
 6274 6374 6375
 6275 6375 6376
 6276 6376 6377
 6277 6377 6378
 6278 6378 6379
 6279 6379 6380
 6280 6380 6381
 6281 6381 6382
 6282 6382 6383
 6283 6383 6384
 6284 6384 6385
 6285 6385 6386
 6286 6386 6387
 6287 6387 6388
 6288 6388 6389
 6289 6389 6390
 6290 6390 6391
 6291 6391 6392
 6292 6392 6393
 6293 6393 6394
 6294 6394 6395
 6295 6395 6396
 6296 6396 6397
 6297 6397 6398
 6298 6398 6399
 6300 6400 6401
 6301 6401 6402
 6302 6402 6403
 6303 6403 6404
 6304 6404 6405
 6305 6405 6406
 6306 6406 6407
 6307 6407 6408
 6308 6408 6409
 6309 6409 6410
 6310 6410 6411
 6311 6411 6412
 6312 6412 6413
 6313 6413 6414
 6314 6414 6415
 6315 6415 6416
 6316 6416 6417
 6317 6417 6418
 6318 6418 6419
 6319 6419 6420
 6320 6420 6421
 6321 6421 6422
 6322 6422 6423
 6323 6423 6424
 6324 6424 6425
 6325 6425 6426
 6326 6426 6427
 6327 6427 6428
 6328 6428 6429
 6329 6429 6430
 6330 6430 6431
 6331 6431 6432
 6332 6432 6433
 6333 6433 6434
 6334 6434 6435
 6335 6435 6436
 6336 6436 6437
 6337 6437 6438
 6338 6438 6439
 6339 6439 6440
 6340 6440 6441
 6341 6441 6442
 6342 6442 6443
 6343 6443 6444
 6344 6444 6445
 6345 6445 6446
 6346 6446 6447
 6347 6447 6448
 6348 6448 6449
 6349 6449 6450
 6350 6450 6451
 6351 6451 6452
 6352 6452 6453
 6353 6453 6454
 6354 6454 6455
 6355 6455 6456
 6356 6456 6457
 6357 6457 6458
 6358 6458 6459
 6359 6459 6460
 6360 6460 6461
 6361 6461 6462
 6362 6462 6463
 6363 6463 6464
 6364 6464 6465
 6365 6465 6466
 6366 6466 6467
 6367 6467 6468
 6368 6468 6469
 6369 6469 6470
 6370 6470 6471
 6371 6471 6472
 6372 6472 6473
 6373 6473 6474
 6374 6474 6475
 6375 6475 6476
 6376 6476 6477
 6377 6477 6478
 6378 6478 6479
 6379 6479 6480
 6380 6480 6481
 6381 6481 6482
 6382 6482 6483
 6383 6483 6484
 6384 6484 6485
 6385 6485 6486
 6386 6486 6487
 6387 6487 6488
 6388 6488 6489
 6389 6489 6490
 6390 6490 6491
 6391 6491 6492
 6392 6492 6493
 6393 6493 6494
 6394 6494 6495
 6395 6495 6496
 6396 6496 6497
 6397 6497 6498
 6398 6498 6499
 6400 6500 6501
 6401 6501 6502
 6402 6502 6503
 6403 6503 6504
 6404 6504 6505
 6405 6505 6506
 6406 6506 6507
 6407 6507 6508
 6408 6508 6509
 6409 6509 6510
 6410 6510 6511
 6411 6511 6512
 6412 6512 6513
 6413 6513 6514
 6414 6514 6515
 6415 6515 6516
 6416 6516 6517
 6417 6517 6518
 6418 6518 6519
 6419 6519 6520
 6420 6520 6521
 6421 6521 6522
 6422 6522 6523
 6423 6523 6524
 6424 6524 6525
 6425 6525 6526
 6426 6526 6527
 6427 6527 6528
 6428 6528 6529
 6429 6529 6530
 6430 6530 6531
 6431 6531 6532
 6432 6532 6533
 6433 6533 6534
 6434 6534 6535
 6435 6535 6536
 6436 6536 6537
 6437 6537 6538
 6438 6538 6539
 6439 6539 6540
 6440 6540 6541
 6441 6541 6542
 6442 6542 6543
 6443 6543 6544
 6444 6544 6545
 6445 6545 6546
 6446 6546 6547
 6447 6547 6548
 6448 6548 6549
 6449 6549 6550
 6450 6550 6551
 6451 6551 6552
 6452 6552 6553
 6453 6553 6554
 6454 6554 6555
 6455 6555 6556
 6456 6556 6557
 6457 6557 6558
 6458 6558 6559
 6459 6559 6560
 6460 6560 6561
 6461 6561 6562
 6462 6562 6563
 6463 6563 6564
 6464 6564 6565
 6465 6565 6566
 6466 6566 6567
 6467 6567 6568
 6468 6568 6569
 6469 6569 6570
 6470 6570 6571
 6471 6571 6572
 6472 6572 6573
 6473 6573 6574
 6474 6574 6575
 6475 6575 6576
 6476 6576 6577
 6477 6577 6578
 6478 6578 6579
 6479 6579 6580
 6480 6580 6581
 6481 6581 6582
 6482 6582 6583
 6483 6583 6584
 6484 6584 6585
 6485 6585 6586
 6486 6586 6587
 6487 6587 6588
 6488 6588 6589
 6489 6589 6590
 6490 6590 6591
 6491 6591 6592
 6492 6592 6593
 6493 6593 6594
 6494 6594 6595
 6495 6595 6596
 6496 6596 6597
 6497 6597 6598
 6498 6598 6599
 6500 6600 6601
 6501 6601 6602
 6502 6602 6603
 6503 6603 6604
 6504 6604 6605
 6505 6605 6606
 6506 6606 6607
 6507 6607 6608
 6508 6608 6609
 6509 6609 6610
 6510 6610 6611
 6511 6611 6612
 6512 6612 6613
 6513 6613 6614
 6514 6614 6615
 6515 6615 6616
 6516 6616 6617
 6517 6617 6618
 6518 6618 6619
 6519 6619 6620
 6520 6620 6621
 6521 6621 6622
 6522 6622 6623
 6523 6623 6624
 6524 6624 6625
 6525 6625 6626
 6526 6626 6627
 6527 6627 6628
 6528 6628 6629
 6529 6629 6630
 6530 6630 6631
 6531 6631 6632
 6532 6632 6633
 6533 6633 6634
 6534 6634 6635
 6535 6635 6636
 6536 6636 6637
 6537 6637 6638
 6538 6638 6639
 6539 6639 6640
 6540 6640 6641
 6541 6641 6642
 6542 6642 6643
 6543 6643 6644
 6544 6644 6645
 6545 6645 6646
 6546 6646 6647
 6547 6647 6648
 6548 6648 6649
 6549 6649 6650
 6550 6650 6651
 6551 6651 6652
 6552 6652 6653
 6553 6653 6654
 6554 6654 6655
 6555 6655 6656
 6556 6656 6657
 6557 6657 6658
 6558 6658 6659
 6559 6659 6660
 6560 6660 6661
 6561 6661 6662
 6562 6662 6663
 6563 6663 6664
 6564 6664 6665
 6565 6665 6666
 6566 6666 6667
 6567 6667 6668
 6568 6668 6669
 6569 6669 6670
 6570 6670 6671
 6571 6671 6672
 6572 6672 6673
 6573 6673 6674
 6574 6674 6675
 6575 6675 6676
 6576 6676 6677
 6577 6677 6678
 6578 6678 6679
 6579 6679 6680
 6580 6680 6681
 6581 6681 6682
 6582 6682 6683
 6583 6683 6684
 6584 6684 6685
 6585 6685 6686
 6586 6686 6687
 6587 6687 6688
 6588 6688 6689
 6589 6689 6690
 6590 6690 6691
 6591 6691 6692
 6592 6692 6693
 6593 6693 6694
 6594 6694 6695
 6595 6695 6696
 6596 6696 6697
 6597 6697 6698
 6598 6698 6699
 6600 6700 6701
 6601 6701 6702
 6602 6702 6703
 6603 6703 6704
 6604 6704 6705
 6605 6705 6706
 6606 6706 6707
 6607 6707 6708
 6608 6708 6709
 6609 6709 6710
 6610 6710 6711
 6611 6711 6712
 6612 6712 6713
 6613 6713 6714
 6614 6714 6715
 6615 6715 6716
 6616 6716 6717
 6617 6717 6718
 6618 6718 6719
 6619 6719 6720
 6620 6720 6721
 6621 6721 6722
 6622 6722 6723
 6623 6723 6724
 6624 6724 6725
 6625 6725 6726
 6626 6726 6727
 6627 6727 6728
 6628 6728 6729
 6629 6729 6730
 6630 6730 6731
 6631 6731 6732
 6632 6732 6733
 6633 6733 6734
 6634 6734 6735
 6635 6735 6736
 6636 6736 6737
 6637 6737 6738
 6638 6738 6739
 6639 6739 6740
 6640 6740 6741
 6641 6741 6742
 6642 6742 6743
 6643 6743 6744
 6644 6744 6745
 6645 6745 6746
 6646 6746 6747
 6647 6747 6748
 6648 6748 6749
 6649 6749 6750
 6650 6750 6751
 6651 6751 6752
 6652 6752 6753
 6653 6753 6754
 6654 6754 6755
 6655 6755 6756
 6656 6756 6757
 6657 6757 6758
 6658 6758 6759
 6659 6759 6760
 6660 6760 6761
 6661 6761 6762
 6662 6762 6763
 6663 6763 6764
 6664 6764 6765
 6665 6765 6766
 6666 6766 6767
 6667 6767 6768
 6668 6768 6769
 6669 6769 6770
 6670 6770 6771
 6671 6771 6772
 6672 6772 6773
 6673 6773 6774
 6674 6774 6775
 6675 6775 6776
 6676 6776 6777
 6677 6777 6778
 6678 6778 6779
 6679 6779 6780
 6680 6780 6781
 6681 6781 6782
 6682 6782 6783
 6683 6783 6784
 6684 6784 6785
 6685 6785 6786
 6686 6786 6787
 6687 6787 6788
 6688 6788 6789
 6689 6789 6790
 6690 6790 6791
 6691 6791 6792
 6692 6792 6793
 6693 6793 6794
 6694 6794 6795
 6695 6795 6796
 6696 6796 6797
 6697 6797 6798
 6698 6798 6799
 6700 6800 6801
 6701 6801 6802
 6702 6802 6803
 6703 6803 6804
 6704 6804 6805
 6705 6805 6806
 6706 6806 6807
 6707 6807 6808
 6708 6808 6809
 6709 6809 6810
 6710 6810 6811
 6711 6811 6812
 6712 6812 6813
 6713 6813 6814
 6714 6814 6815
 6715 6815 6816
 6716 6816 6817
 6717 6817 6818
 6718 6818 6819
 6719 6819 6820
 6720 6820 6821
 6721 6821 6822
 6722 6822 6823
 6723 6823 6824
 6724 6824 6825
 6725 6825 6826
 6726 6826 6827
 6727 6827 6828
 6728 6828 6829
 6729 6829 6830
 6730 6830 6831
 6731 6831 6832
 6732 6832 6833
 6733 6833 6834
 6734 6834 6835
 6735 6835 6836
 6736 6836 6837
 6737 6837 6838
 6738 6838 6839
 6739 6839 6840
 6740 6840 6841
 6741 6841 6842
 6742 6842 6843
 6743 6843 6844
 6744 6844 6845
 6745 6845 6846
 6746 6846 6847
 6747 6847 6848
 6748 6848 6849
 6749 6849 6850
 6750 6850 6851
 6751 6851 6852
 6752 6852 6853
 6753 6853 6854
 6754 6854 6855
 6755 6855 6856
 6756 6856 6857
 6757 6857 6858
 6758 6858 6859
 6759 6859 6860
 6760 6860 6861
 6761 6861 6862
 6762 6862 6863
 6763 6863 6864
 6764 6864 6865
 6765 6865 6866
 6766 6866 6867
 6767 6867 6868
 6768 6868 6869
 6769 6869 6870
 6770 6870 6871
 6771 6871 6872
 6772 6872 6873
 6773 6873 6874
 6774 6874 6875
 6775 6875 6876
 6776 6876 6877
 6777 6877 6878
 6778 6878 6879
 6779 6879 6880
 6780 6880 6881
 6781 6881 6882
 6782 6882 6883
 6783 6883 6884
 6784 6884 6885
 6785 6885 6886
 6786 6886 6887
 6787 6887 6888
 6788 6888 6889
 6789 6889 6890
 6790 6890 6891
 6791 6891 6892
 6792 6892 6893
 6793 6893 6894
 6794 6894 6895
 6795 6895 6896
 6796 6896 6897
 6797 6897 6898
 6798 6898 6899
 6800 6900 6901
 6801 6901 6902
 6802 6902 6903
 6803 6903 6904
 6804 6904 6905
 6805 6905 6906
 6806 6906 6907
 6807 6907 6908
 6808 6908 6909
 6809 6909 6910
 6810 6910 6911
 6811 6911 6912
 6812 6912 6913
 6813 6913 6914
 6814 6914 6915
 6815 6915 6916
 6816 6916 6917
 6817 6917 6918
 6818 6918 6919
 6819 6919 6920
 6820 6920 6921
 6821 6921 6922
 6822 6922 6923
 6823 6923 6924
 6824 6924 6925
 6825 6925 6926
 6826 6926 6927
 6827 6927 6928
 6828 6928 6929
 6829 6929 6930
 6830 6930 6931
 6831 6931 6932
 6832 6932 6933
 6833 6933 6934
 6834 6934 6935
 6835 6935 6936
 6836 6936 6937
 6837 6937 6938
 6838 6938 6939
 6839 6939 6940
 6840 6940 6941
 6841 6941 6942
 6842 6942 6943
 6843 6943 6944
 6844 6944 6945
 6845 6945 6946
 6846 6946 6947
 6847 6947 6948
 6848 6948 6949
 6849 6949 6950
 6850 6950 6951
 6851 6951 6952
 6852 6952 6953
 6853 6953 6954
 6854 6954 6955
 6855 6955 6956
 6856 6956 6957
 6857 6957 6958
 6858 6958 6959
 6859 6959 6960
 6860 6960 6961
 6861 6961 6962
 6862 6962 6963
 6863 6963 6964
 6864 6964 6965
 6865 6965 6966
 6866 6966 6967
 6867 6967 6968
 6868 6968 6969
 6869 6969 6970
 6870 6970 6971
 6871 6971 6972
 6872 6972 6973
 6873 6973 6974
 6874 6974 6975
 6875 6975 6976
 6876 6976 6977
 6877 6977 6978
 6878 6978 6979
 6879 6979 6980
 6880 6980 6981
 6881 6981 6982
 6882 6982 6983
 6883 6983 6984
 6884 6984 6985
 6885 6985 6986
 6886 6986 6987
 6887 6987 6988
 6888 6988 6989
 6889 6989 6990
 6890 6990 6991
 6891 6991 6992
 6892 6992 6993
 6893 6993 6994
 6894 6994 6995
 6895 6995 6996
 6896 6996 6997
 6897 6997 6998
 6898 6998 6999
 6900 7000 7001
 6901 7001 7002
 6902 7002 7003
 6903 7003 7004
 6904 7004 7005
 6905 7005 7006
 6906 7006 7007
 6907 7007 7008
 6908 7008 7009
 6909 7009 7010
 6910 7010 7011
 6911 7011 7012
 6912 7012 7013
 6913 7013 7014
 6914 7014 7015
 6915 7015 7016
 6916 7016 7017
 6917 7017 7018
 6918 7018 7019
 6919 7019 7020
 6920 7020 7021
 6921 7021 7022
 6922 7022 7023
 6923 7023 7024
 6924 7024 7025
 6925 7025 7026
 6926 7026 7027
 6927 7027 7028
 6928 7028 7029
 6929 7029 7030
 6930 7030 7031
 6931 7031 7032
 6932 7032 7033
 6933 7033 7034
 6934 7034 7035
 6935 7035 7036
 6936 7036 7037
 6937 7037 7038
 6938 7038 7039
 6939 7039 7040
 6940 7040 7041
 6941 7041 7042
 6942 7042 7043
 6943 7043 7044
 6944 7044 7045
 6945 7045 7046
 6946 7046 7047
 6947 7047 7048
 6948 7048 7049
 6949 7049 7050
 6950 7050 7051
 6951 7051 7052
 6952 7052 7053
 6953 7053 7054
 6954 7054 7055
 6955 7055 7056
 6956 7056 7057
 6957 7057 7058
 6958 7058 7059
 6959 7059 7060
 6960 7060 7061
 6961 7061 7062
 6962 7062 7063
 6963 7063 7064
 6964 7064 7065
 6965 7065 7066
 6966 7066 7067
 6967 7067 7068
 6968 7068 7069
 6969 7069 7070
 6970 7070 7071
 6971 7071 7072
 6972 7072 7073
 6973 7073 7074
 6974 7074 7075
 6975 7075 7076
 6976 7076 7077
 6977 7077 7078
 6978 7078 7079
 6979 7079 7080
 6980 7080 7081
 6981 7081 7082
 6982 7082 7083
 6983 7083 7084
 6984 7084 7085
 6985 7085 7086
 6986 7086 7087
 6987 7087 7088
 6988 7088 7089
 6989 7089 7090
 6990 7090 7091
 6991 7091 7092
 6992 7092 7093
 6993 7093 7094
 6994 7094 7095
 6995 7095 7096
 6996 7096 7097
 6997 7097 7098
 6998 7098 7099
 7000 7100 7101
 7001 7101 7102
 7002 7102 7103
 7003 7103 7104
 7004 7104 7105
 7005 7105 7106
 7006 7106 7107
 7007 7107 7108
 7008 7108 7109
 7009 7109 7110
 7010 7110 7111
 7011 7111 7112
 7012 7112 7113
 7013 7113 7114
 7014 7114 7115
 7015 7115 7116
 7016 7116 7117
 7017 7117 7118
 7018 7118 7119
 7019 7119 7120
 7020 7120 7121
 7021 7121 7122
 7022 7122 7123
 7023 7123 7124
 7024 7124 7125
 7025 7125 7126
 7026 7126 7127
 7027 7127 7128
 7028 7128 7129
 7029 7129 7130
 7030 7130 7131
 7031 7131 7132
 7032 7132 7133
 7033 7133 7134
 7034 7134 7135
 7035 7135 7136
 7036 7136 7137
 7037 7137 7138
 7038 7138 7139
 7039 7139 7140
 7040 7140 7141
 7041 7141 7142
 7042 7142 7143
 7043 7143 7144
 7044 7144 7145
 7045 7145 7146
 7046 7146 7147
 7047 7147 7148
 7048 7148 7149
 7049 7149 7150
 7050 7150 7151
 7051 7151 7152
 7052 7152 7153
 7053 7153 7154
 7054 7154 7155
 7055 7155 7156
 7056 7156 7157
 7057 7157 7158
 7058 7158 7159
 7059 7159 7160
 7060 7160 7161
 7061 7161 7162
 7062 7162 7163
 7063 7163 7164
 7064 7164 7165
 7065 7165 7166
 7066 7166 7167
 7067 7167 7168
 7068 7168 7169
 7069 7169 7170
 7070 7170 7171
 7071 7171 7172
 7072 7172 7173
 7073 7173 7174
 7074 7174 7175
 7075 7175 7176
 7076 7176 7177
 7077 7177 7178
 7078 7178 7179
 7079 7179 7180
 7080 7180 7181
 7081 7181 7182
 7082 7182 7183
 7083 7183 7184
 7084 7184 7185
 7085 7185 7186
 7086 7186 7187
 7087 7187 7188
 7088 7188 7189
 7089 7189 7190
 7090 7190 7191
 7091 7191 7192
 7092 7192 7193
 7093 7193 7194
 7094 7194 7195
 7095 7195 7196
 7096 7196 7197
 7097 7197 7198
 7098 7198 7199
 7100 7200 7201
 7101 7201 7202
 7102 7202 7203
 7103 7203 7204
 7104 7204 7205
 7105 7205 7206
 7106 7206 7207
 7107 7207 7208
 7108 7208 7209
 7109 7209 7210
 7110 7210 7211
 7111 7211 7212
 7112 7212 7213
 7113 7213 7214
 7114 7214 7215
 7115 7215 7216
 7116 7216 7217
 7117 7217 7218
 7118 7218 7219
 7119 7219 7220
 7120 7220 7221
 7121 7221 7222
 7122 7222 7223
 7123 7223 7224
 7124 7224 7225
 7125 7225 7226
 7126 7226 7227
 7127 7227 7228
 7128 7228 7229
 7129 7229 7230
 7130 7230 7231
 7131 7231 7232
 7132 7232 7233
 7133 7233 7234
 7134 7234 7235
 7135 7235 7236
 7136 7236 7237
 7137 7237 7238
 7138 7238 7239
 7139 7239 7240
 7140 7240 7241
 7141 7241 7242
 7142 7242 7243
 7143 7243 7244
 7144 7244 7245
 7145 7245 7246
 7146 7246 7247
 7147 7247 7248
 7148 7248 7249
 7149 7249 7250
 7150 7250 7251
 7151 7251 7252
 7152 7252 7253
 7153 7253 7254
 7154 7254 7255
 7155 7255 7256
 7156 7256 7257
 7157 7257 7258
 7158 7258 7259
 7159 7259 7260
 7160 7260 7261
 7161 7261 7262
 7162 7262 7263
 7163 7263 7264
 7164 7264 7265
 7165 7265 7266
 7166 7266 7267
 7167 7267 7268
 7168 7268 7269
 7169 7269 7270
 7170 7270 7271
 7171 7271 7272
 7172 7272 7273
 7173 7273 7274
 7174 7274 7275
 7175 7275 7276
 7176 7276 7277
 7177 7277 7278
 7178 7278 7279
 7179 7279 7280
 7180 7280 7281
 7181 7281 7282
 7182 7282 7283
 7183 7283 7284
 7184 7284 7285
 7185 7285 7286
 7186 7286 7287
 7187 7287 7288
 7188 7288 7289
 7189 7289 7290
 7190 7290 7291
 7191 7291 7292
 7192 7292 7293
 7193 7293 7294
 7194 7294 7295
 7195 7295 7296
 7196 7296 7297
 7197 7297 7298
 7198 7298 7299
 7200 7300 7301
 7201 7301 7302
 7202 7302 7303
 7203 7303 7304
 7204 7304 7305
 7205 7305 7306
 7206 7306 7307
 7207 7307 7308
 7208 7308 7309
 7209 7309 7310
 7210 7310 7311
 7211 7311 7312
 7212 7312 7313
 7213 7313 7314
 7214 7314 7315
 7215 7315 7316
 7216 7316 7317
 7217 7317 7318
 7218 7318 7319
 7219 7319 7320
 7220 7320 7321
 7221 7321 7322
 7222 7322 7323
 7223 7323 7324
 7224 7324 7325
 7225 7325 7326
 7226 7326 7327
 7227 7327 7328
 7228 7328 7329
 7229 7329 7330
 7230 7330 7331
 7231 7331 7332
 7232 7332 7333
 7233 7333 7334
 7234 7334 7335
 7235 7335 7336
 7236 7336 7337
 7237 7337 7338
 7238 7338 7339
 7239 7339 7340
 7240 7340 7341
 7241 7341 7342
 7242 7342 7343
 7243 7343 7344
 7244 7344 7345
 7245 7345 7346
 7246 7346 7347
 7247 7347 7348
 7248 7348 7349
 7249 7349 7350
 7250 7350 7351
 7251 7351 7352
 7252 7352 7353
 7253 7353 7354
 7254 7354 7355
 7255 7355 7356
 7256 7356 7357
 7257 7357 7358
 7258 7358 7359
 7259 7359 7360
 7260 7360 7361
 7261 7361 7362
 7262 7362 7363
 7263 7363 7364
 7264 7364 7365
 7265 7365 7366
 7266 7366 7367
 7267 7367 7368
 7268 7368 7369
 7269 7369 7370
 7270 7370 7371
 7271 7371 7372
 7272 7372 7373
 7273 7373 7374
 7274 7374 7375
 7275 7375 7376
 7276 7376 7377
 7277 7377 7378
 7278 7378 7379
 7279 7379 7380
 7280 7380 7381
 7281 7381 7382
 7282 7382 7383
 7283 7383 7384
 7284 7384 7385
 7285 7385 7386
 7286 7386 7387
 7287 7387 7388
 7288 7388 7389
 7289 7389 7390
 7290 7390 7391
 7291 7391 7392
 7292 7392 7393
 7293 7393 7394
 7294 7394 7395
 7295 7395 7396
 7296 7396 7397
 7297 7397 7398
 7298 7398 7399
 7300 7400 7401
 7301 7401 7402
 7302 7402 7403
 7303 7403 7404
 7304 7404 7405
 7305 7405 7406
 7306 7406 7407
 7307 7407 7408
 7308 7408 7409
 7309 7409 7410
 7310 7410 7411
 7311 7411 7412
 7312 7412 7413
 7313 7413 7414
 7314 7414 7415
 7315 7415 7416
 7316 7416 7417
 7317 7417 7418
 7318 7418 7419
 7319 7419 7420
 7320 7420 7421
 7321 7421 7422
 7322 7422 7423
 7323 7423 7424
 7324 7424 7425
 7325 7425 7426
 7326 7426 7427
 7327 7427 7428
 7328 7428 7429
 7329 7429 7430
 7330 7430 7431
 7331 7431 7432
 7332 7432 7433
 7333 7433 7434
 7334 7434 7435
 7335 7435 7436
 7336 7436 7437
 7337 7437 7438
 7338 7438 7439
 7339 7439 7440
 7340 7440 7441
 7341 7441 7442
 7342 7442 7443
 7343 7443 7444
 7344 7444 7445
 7345 7445 7446
 7346 7446 7447
 7347 7447 7448
 7348 7448 7449
 7349 7449 7450
 7350 7450 7451
 7351 7451 7452
 7352 7452 7453
 7353 7453 7454
 7354 7454 7455
 7355 7455 7456
 7356 7456 7457
 7357 7457 7458
 7358 7458 7459
 7359 7459 7460
 7360 7460 7461
 7361 7461 7462
 7362 7462 7463
 7363 7463 7464
 7364 7464 7465
 7365 7465 7466
 7366 7466 7467
 7367 7467 7468
 7368 7468 7469
 7369 7469 7470
 7370 7470 7471
 7371 7471 7472
 7372 7472 7473
 7373 7473 7474
 7374 7474 7475
 7375 7475 7476
 7376 7476 7477
 7377 7477 7478
 7378 7478 7479
 7379 7479 7480
 7380 7480 7481
 7381 7481 7482
 7382 7482 7483
 7383 7483 7484
 7384 7484 7485
 7385 7485 7486
 7386 7486 7487
 7387 7487 7488
 7388 7488 7489
 7389 7489 7490
 7390 7490 7491
 7391 7491 7492
 7392 7492 7493
 7393 7493 7494
 7394 7494 7495
 7395 7495 7496
 7396 7496 7497
 7397 7497 7498
 7398 7498 7499
 7400 7500 7501
 7401 7501 7502
 7402 7502 7503
 7403 7503 7504
 7404 7504 7505
 7405 7505 7506
 7406 7506 7507
 7407 7507 7508
 7408 7508 7509
 7409 7509 7510
 7410 7510 7511
 7411 7511 7512
 7412 7512 7513
 7413 7513 7514
 7414 7514 7515
 7415 7515 7516
 7416 7516 7517
 7417 7517 7518
 7418 7518 7519
 7419 7519 7520
 7420 7520 7521
 7421 7521 7522
 7422 7522 7523
 7423 7523 7524
 7424 7524 7525
 7425 7525 7526
 7426 7526 7527
 7427 7527 7528
 7428 7528 7529
 7429 7529 7530
 7430 7530 7531
 7431 7531 7532
 7432 7532 7533
 7433 7533 7534
 7434 7534 7535
 7435 7535 7536
 7436 7536 7537
 7437 7537 7538
 7438 7538 7539
 7439 7539 7540
 7440 7540 7541
 7441 7541 7542
 7442 7542 7543
 7443 7543 7544
 7444 7544 7545
 7445 7545 7546
 7446 7546 7547
 7447 7547 7548
 7448 7548 7549
 7449 7549 7550
 7450 7550 7551
 7451 7551 7552
 7452 7552 7553
 7453 7553 7554
 7454 7554 7555
 7455 7555 7556
 7456 7556 7557
 7457 7557 7558
 7458 7558 7559
 7459 7559 7560
 7460 7560 7561
 7461 7561 7562
 7462 7562 7563
 7463 7563 7564
 7464 7564 7565
 7465 7565 7566
 7466 7566 7567
 7467 7567 7568
 7468 7568 7569
 7469 7569 7570
 7470 7570 7571
 7471 7571 7572
 7472 7572 7573
 7473 7573 7574
 7474 7574 7575
 7475 7575 7576
 7476 7576 7577
 7477 7577 7578
 7478 7578 7579
 7479 7579 7580
 7480 7580 7581
 7481 7581 7582
 7482 7582 7583
 7483 7583 7584
 7484 7584 7585
 7485 7585 7586
 7486 7586 7587
 7487 7587 7588
 7488 7588 7589
 7489 7589 7590
 7490 7590 7591
 7491 7591 7592
 7492 7592 7593
 7493 7593 7594
 7494 7594 7595
 7495 7595 7596
 7496 7596 7597
 7497 7597 7598
 7498 7598 7599
 7500 7600 7601
 7501 7601 7602
 7502 7602 7603
 7503 7603 7604
 7504 7604 7605
 7505 7605 7606
 7506 7606 7607
 7507 7607 7608
 7508 7608 7609
 7509 7609 7610
 7510 7610 7611
 7511 7611 7612
 7512 7612 7613
 7513 7613 7614
 7514 7614 7615
 7515 7615 7616
 7516 7616 7617
 7517 7617 7618
 7518 7618 7619
 7519 7619 7620
 7520 7620 7621
 7521 7621 7622
 7522 7622 7623
 7523 7623 7624
 7524 7624 7625
 7525 7625 7626
 7526 7626 7627
 7527 7627 7628
 7528 7628 7629
 7529 7629 7630
 7530 7630 7631
 7531 7631 7632
 7532 7632 7633
 7533 7633 7634
 7534 7634 7635
 7535 7635 7636
 7536 7636 7637
 7537 7637 7638
 7538 7638 7639
 7539 7639 7640
 7540 7640 7641
 7541 7641 7642
 7542 7642 7643
 7543 7643 7644
 7544 7644 7645
 7545 7645 7646
 7546 7646 7647
 7547 7647 7648
 7548 7648 7649
 7549 7649 7650
 7550 7650 7651
 7551 7651 7652
 7552 7652 7653
 7553 7653 7654
 7554 7654 7655
 7555 7655 7656
 7556 7656 7657
 7557 7657 7658
 7558 7658 7659
 7559 7659 7660
 7560 7660 7661
 7561 7661 7662
 7562 7662 7663
 7563 7663 7664
 7564 7664 7665
 7565 7665 7666
 7566 7666 7667
 7567 7667 7668
 7568 7668 7669
 7569 7669 7670
 7570 7670 7671
 7571 7671 7672
 7572 7672 7673
 7573 7673 7674
 7574 7674 7675
 7575 7675 7676
 7576 7676 7677
 7577 7677 7678
 7578 7678 7679
 7579 7679 7680
 7580 7680 7681
 7581 7681 7682
 7582 7682 7683
 7583 7683 7684
 7584 7684 7685
 7585 7685 7686
 7586 7686 7687
 7587 7687 7688
 7588 7688 7689
 7589 7689 7690
 7590 7690 7691
 7591 7691 7692
 7592 7692 7693
 7593 7693 7694
 7594 7694 7695
 7595 7695 7696
 7596 7696 7697
 7597 7697 7698
 7598 7698 7699
 7600 7700 7701
 7601 7701 7702
 7602 7702 7703
 7603 7703 7704
 7604 7704 7705
 7605 7705 7706
 7606 7706 7707
 7607 7707 7708
 7608 7708 7709
 7609 7709 7710
 7610 7710 7711
 7611 7711 7712
 7612 7712 7713
 7613 7713 7714
 7614 7714 7715
 7615 7715 7716
 7616 7716 7717
 7617 7717 7718
 7618 7718 7719
 7619 7719 7720
 7620 7720 7721
 7621 7721 7722
 7622 7722 7723
 7623 7723 7724
 7624 7724 7725
 7625 7725 7726
 7626 7726 7727
 7627 7727 7728
 7628 7728 7729
 7629 7729 7730
 7630 7730 7731
 7631 7731 7732
 7632 7732 7733
 7633 7733 7734
 7634 7734 7735
 7635 7735 7736
 7636 7736 7737
 7637 7737 7738
 7638 7738 7739
 7639 7739 7740
 7640 7740 7741
 7641 7741 7742
 7642 7742 7743
 7643 7743 7744
 7644 7744 7745
 7645 7745 7746
 7646 7746 7747
 7647 7747 7748
 7648 7748 7749
 7649 7749 7750
 7650 7750 7751
 7651 7751 7752
 7652 7752 7753
 7653 7753 7754
 7654 7754 7755
 7655 7755 7756
 7656 7756 7757
 7657 7757 7758
 7658 7758 7759
 7659 7759 7760
 7660 7760 7761
 7661 7761 7762
 7662 7762 7763
 7663 7763 7764
 7664 7764 7765
 7665 7765 7766
 7666 7766 7767
 7667 7767 7768
 7668 7768 7769
 7669 7769 7770
 7670 7770 7771
 7671 7771 7772
 7672 7772 7773
 7673 7773 7774
 7674 7774 7775
 7675 7775 7776
 7676 7776 7777
 7677 7777 7778
 7678 7778 7779
 7679 7779 7780
 7680 7780 7781
 7681 7781 7782
 7682 7782 7783
 7683 7783 7784
 7684 7784 7785
 7685 7785 7786
 7686 7786 7787
 7687 7787 7788
 7688 7788 7789
 7689 7789 7790
 7690 7790 7791
 7691 7791 7792
 7692 7792 7793
 7693 7793 7794
 7694 7794 7795
 7695 7795 7796
 7696 7796 7797
 7697 7797 7798
 7698 7798 7799
 7700 7800 7801
 7701 7801 7802
 7702 7802 7803
 7703 7803 7804
 7704 7804 7805
 7705 7805 7806
 7706 7806 7807
 7707 7807 7808
 7708 7808 7809
 7709 7809 7810
 7710 7810 7811
 7711 7811 7812
 7712 7812 7813
 7713 7813 7814
 7714 7814 7815
 7715 7815 7816
 7716 7816 7817
 7717 7817 7818
 7718 7818 7819
 7719 7819 7820
 7720 7820 7821
 7721 7821 7822
 7722 7822 7823
 7723 7823 7824
 7724 7824 7825
 7725 7825 7826
 7726 7826 7827
 7727 7827 7828
 7728 7828 7829
 7729 7829 7830
 7730 7830 7831
 7731 7831 7832
 7732 7832 7833
 7733 7833 7834
 7734 7834 7835
 7735 7835 7836
 7736 7836 7837
 7737 7837 7838
 7738 7838 7839
 7739 7839 7840
 7740 7840 7841
 7741 7841 7842
 7742 7842 7843
 7743 7843 7844
 7744 7844 7845
 7745 7845 7846
 7746 7846 7847
 7747 7847 7848
 7748 7848 7849
 7749 7849 7850
 7750 7850 7851
 7751 7851 7852
 7752 7852 7853
 7753 7853 7854
 7754 7854 7855
 7755 7855 7856
 7756 7856 7857
 7757 7857 7858
 7758 7858 7859
 7759 7859 7860
 7760 7860 7861
 7761 7861 7862
 7762 7862 7863
 7763 7863 7864
 7764 7864 7865
 7765 7865 7866
 7766 7866 7867
 7767 7867 7868
 7768 7868 7869
 7769 7869 7870
 7770 7870 7871
 7771 7871 7872
 7772 7872 7873
 7773 7873 7874
 7774 7874 7875
 7775 7875 7876
 7776 7876 7877
 7777 7877 7878
 7778 7878 7879
 7779 7879 7880
 7780 7880 7881
 7781 7881 7882
 7782 7882 7883
 7783 7883 7884
 7784 7884 7885
 7785 7885 7886
 7786 7886 7887
 7787 7887 7888
 7788 7888 7889
 7789 7889 7890
 7790 7890 7891
 7791 7891 7892
 7792 7892 7893
 7793 7893 7894
 7794 7894 7895
 7795 7895 7896
 7796 7896 7897
 7797 7897 7898
 7798 7898 7899
 7800 7900 7901
 7801 7901 7902
 7802 7902 7903
 7803 7903 7904
 7804 7904 7905
 7805 7905 7906
 7806 7906 7907
 7807 7907 7908
 7808 7908 7909
 7809 7909 7910
 7810 7910 7911
 7811 7911 7912
 7812 7912 7913
 7813 7913 7914
 7814 7914 7915
 7815 7915 7916
 7816 7916 7917
 7817 7917 7918
 7818 7918 7919
 7819 7919 7920
 7820 7920 7921
 7821 7921 7922
 7822 7922 7923
 7823 7923 7924
 7824 7924 7925
 7825 7925 7926
 7826 7926 7927
 7827 7927 7928
 7828 7928 7929
 7829 7929 7930
 7830 7930 7931
 7831 7931 7932
 7832 7932 7933
 7833 7933 7934
 7834 7934 7935
 7835 7935 7936
 7836 7936 7937
 7837 7937 7938
 7838 7938 7939
 7839 7939 7940
 7840 7940 7941
 7841 7941 7942
 7842 7942 7943
 7843 7943 7944
 7844 7944 7945
 7845 7945 7946
 7846 7946 7947
 7847 7947 7948
 7848 7948 7949
 7849 7949 7950
 7850 7950 7951
 7851 7951 7952
 7852 7952 7953
 7853 7953 7954
 7854 7954 7955
 7855 7955 7956
 7856 7956 7957
 7857 7957 7958
 7858 7958 7959
 7859 7959 7960
 7860 7960 7961
 7861 7961 7962
 7862 7962 7963
 7863 7963 7964
 7864 7964 7965
 7865 7965 7966
 7866 7966 7967
 7867 7967 7968
 7868 7968 7969
 7869 7969 7970
 7870 7970 7971
 7871 7971 7972
 7872 7972 7973
 7873 7973 7974
 7874 7974 7975
 7875 7975 7976
 7876 7976 7977
 7877 7977 7978
 7878 7978 7979
 7879 7979 7980
 7880 7980 7981
 7881 7981 7982
 7882 7982 7983
 7883 7983 7984
 7884 7984 7985
 7885 7985 7986
 7886 7986 7987
 7887 7987 7988
 7888 7988 7989
 7889 7989 7990
 7890 7990 7991
 7891 7991 7992
 7892 7992 7993
 7893 7993 7994
 7894 7994 7995
 7895 7995 7996
 7896 7996 7997
 7897 7997 7998
 7898 7998 7999
 7900 8000 8001
 7901 8001 8002
 7902 8002 8003
 7903 8003 8004
 7904 8004 8005
 7905 8005 8006
 7906 8006 8007
 7907 8007 8008
 7908 8008 8009
 7909 8009 8010
 7910 8010 8011
 7911 8011 8012
 7912 8012 8013
 7913 8013 8014
 7914 8014 8015
 7915 8015 8016
 7916 8016 8017
 7917 8017 8018
 7918 8018 8019
 7919 8019 8020
 7920 8020 8021
 7921 8021 8022
 7922 8022 8023
 7923 8023 8024
 7924 8024 8025
 7925 8025 8026
 7926 8026 8027
 7927 8027 8028
 7928 8028 8029
 7929 8029 8030
 7930 8030 8031
 7931 8031 8032
 7932 8032 8033
 7933 8033 8034
 7934 8034 8035
 7935 8035 8036
 7936 8036 8037
 7937 8037 8038
 7938 8038 8039
 7939 8039 8040
 7940 8040 8041
 7941 8041 8042
 7942 8042 8043
 7943 8043 8044
 7944 8044 8045
 7945 8045 8046
 7946 8046 8047
 7947 8047 8048
 7948 8048 8049
 7949 8049 8050
 7950 8050 8051
 7951 8051 8052
 7952 8052 8053
 7953 8053 8054
 7954 8054 8055
 7955 8055 8056
 7956 8056 8057
 7957 8057 8058
 7958 8058 8059
 7959 8059 8060
 7960 8060 8061
 7961 8061 8062
 7962 8062 8063
 7963 8063 8064
 7964 8064 8065
 7965 8065 8066
 7966 8066 8067
 7967 8067 8068
 7968 8068 8069
 7969 8069 8070
 7970 8070 8071
 7971 8071 8072
 7972 8072 8073
 7973 8073 8074
 7974 8074 8075
 7975 8075 8076
 7976 8076 8077
 7977 8077 8078
 7978 8078 8079
 7979 8079 8080
 7980 8080 8081
 7981 8081 8082
 7982 8082 8083
 7983 8083 8084
 7984 8084 8085
 7985 8085 8086
 7986 8086 8087
 7987 8087 8088
 7988 8088 8089
 7989 8089 8090
 7990 8090 8091
 7991 8091 8092
 7992 8092 8093
 7993 8093 8094
 7994 8094 8095
 7995 8095 8096
 7996 8096 8097
 7997 8097 8098
 7998 8098 8099
 8000 8100 8101
 8001 8101 8102
 8002 8102 8103
 8003 8103 8104
 8004 8104 8105
 8005 8105 8106
 8006 8106 8107
 8007 8107 8108
 8008 8108 8109
 8009 8109 8110
 8010 8110 8111
 8011 8111 8112
 8012 8112 8113
 8013 8113 8114
 8014 8114 8115
 8015 8115 8116
 8016 8116 8117
 8017 8117 8118
 8018 8118 8119
 8019 8119 8120
 8020 8120 8121
 8021 8121 8122
 8022 8122 8123
 8023 8123 8124
 8024 8124 8125
 8025 8125 8126
 8026 8126 8127
 8027 8127 8128
 8028 8128 8129
 8029 8129 8130
 8030 8130 8131
 8031 8131 8132
 8032 8132 8133
 8033 8133 8134
 8034 8134 8135
 8035 8135 8136
 8036 8136 8137
 8037 8137 8138
 8038 8138 8139
 8039 8139 8140
 8040 8140 8141
 8041 8141 8142
 8042 8142 8143
 8043 8143 8144
 8044 8144 8145
 8045 8145 8146
 8046 8146 8147
 8047 8147 8148
 8048 8148 8149
 8049 8149 8150
 8050 8150 8151
 8051 8151 8152
 8052 8152 8153
 8053 8153 8154
 8054 8154 8155
 8055 8155 8156
 8056 8156 8157
 8057 8157 8158
 8058 8158 8159
 8059 8159 8160
 8060 8160 8161
 8061 8161 8162
 8062 8162 8163
 8063 8163 8164
 8064 8164 8165
 8065 8165 8166
 8066 8166 8167
 8067 8167 8168
 8068 8168 8169
 8069 8169 8170
 8070 8170 8171
 8071 8171 8172
 8072 8172 8173
 8073 8173 8174
 8074 8174 8175
 8075 8175 8176
 8076 8176 8177
 8077 8177 8178
 8078 8178 8179
 8079 8179 8180
 8080 8180 8181
 8081 8181 8182
 8082 8182 8183
 8083 8183 8184
 8084 8184 8185
 8085 8185 8186
 8086 8186 8187
 8087 8187 8188
 8088 8188 8189
 8089 8189 8190
 8090 8190 8191
 8091 8191 8192
 8092 8192 8193
 8093 8193 8194
 8094 8194 8195
 8095 8195 8196
 8096 8196 8197
 8097 8197 8198
 8098 8198 8199
 8100 8200 8201
 8101 8201 8202
 8102 8202 8203
 8103 8203 8204
 8104 8204 8205
 8105 8205 8206
 8106 8206 8207
 8107 8207 8208
 8108 8208 8209
 8109 8209 8210
 8110 8210 8211
 8111 8211 8212
 8112 8212 8213
 8113 8213 8214
 8114 8214 8215
 8115 8215 8216
 8116 8216 8217
 8117 8217 8218
 8118 8218 8219
 8119 8219 8220
 8120 8220 8221
 8121 8221 8222
 8122 8222 8223
 8123 8223 8224
 8124 8224 8225
 8125 8225 8226
 8126 8226 8227
 8127 8227 8228
 8128 8228 8229
 8129 8229 8230
 8130 8230 8231
 8131 8231 8232
 8132 8232 8233
 8133 8233 8234
 8134 8234 8235
 8135 8235 8236
 8136 8236 8237
 8137 8237 8238
 8138 8238 8239
 8139 8239 8240
 8140 8240 8241
 8141 8241 8242
 8142 8242 8243
 8143 8243 8244
 8144 8244 8245
 8145 8245 8246
 8146 8246 8247
 8147 8247 8248
 8148 8248 8249
 8149 8249 8250
 8150 8250 8251
 8151 8251 8252
 8152 8252 8253
 8153 8253 8254
 8154 8254 8255
 8155 8255 8256
 8156 8256 8257
 8157 8257 8258
 8158 8258 8259
 8159 8259 8260
 8160 8260 8261
 8161 8261 8262
 8162 8262 8263
 8163 8263 8264
 8164 8264 8265
 8165 8265 8266
 8166 8266 8267
 8167 8267 8268
 8168 8268 8269
 8169 8269 8270
 8170 8270 8271
 8171 8271 8272
 8172 8272 8273
 8173 8273 8274
 8174 8274 8275
 8175 8275 8276
 8176 8276 8277
 8177 8277 8278
 8178 8278 8279
 8179 8279 8280
 8180 8280 8281
 8181 8281 8282
 8182 8282 8283
 8183 8283 8284
 8184 8284 8285
 8185 8285 8286
 8186 8286 8287
 8187 8287 8288
 8188 8288 8289
 8189 8289 8290
 8190 8290 8291
 8191 8291 8292
 8192 8292 8293
 8193 8293 8294
 8194 8294 8295
 8195 8295 8296
 8196 8296 8297
 8197 8297 8298
 8198 8298 8299
 8200 8300 8301
 8201 8301 8302
 8202 8302 8303
 8203 8303 8304
 8204 8304 8305
 8205 8305 8306
 8206 8306 8307
 8207 8307 8308
 8208 8308 8309
 8209 8309 8310
 8210 8310 8311
 8211 8311 8312
 8212 8312 8313
 8213 8313 8314
 8214 8314 8315
 8215 8315 8316
 8216 8316 8317
 8217 8317 8318
 8218 8318 8319
 8219 8319 8320
 8220 8320 8321
 8221 8321 8322
 8222 8322 8323
 8223 8323 8324
 8224 8324 8325
 8225 8325 8326
 8226 8326 8327
 8227 8327 8328
 8228 8328 8329
 8229 8329 8330
 8230 8330 8331
 8231 8331 8332
 8232 8332 8333
 8233 8333 8334
 8234 8334 8335
 8235 8335 8336
 8236 8336 8337
 8237 8337 8338
 8238 8338 8339
 8239 8339 8340
 8240 8340 8341
 8241 8341 8342
 8242 8342 8343
 8243 8343 8344
 8244 8344 8345
 8245 8345 8346
 8246 8346 8347
 8247 8347 8348
 8248 8348 8349
 8249 8349 8350
 8250 8350 8351
 8251 8351 8352
 8252 8352 8353
 8253 8353 8354
 8254 8354 8355
 8255 8355 8356
 8256 8356 8357
 8257 8357 8358
 8258 8358 8359
 8259 8359 8360
 8260 8360 8361
 8261 8361 8362
 8262 8362 8363
 8263 8363 8364
 8264 8364 8365
 8265 8365 8366
 8266 8366 8367
 8267 8367 8368
 8268 8368 8369
 8269 8369 8370
 8270 8370 8371
 8271 8371 8372
 8272 8372 8373
 8273 8373 8374
 8274 8374 8375
 8275 8375 8376
 8276 8376 8377
 8277 8377 8378
 8278 8378 8379
 8279 8379 8380
 8280 8380 8381
 8281 8381 8382
 8282 8382 8383
 8283 8383 8384
 8284 8384 8385
 8285 8385 8386
 8286 8386 8387
 8287 8387 8388
 8288 8388 8389
 8289 8389 8390
 8290 8390 8391
 8291 8391 8392
 8292 8392 8393
 8293 8393 8394
 8294 8394 8395
 8295 8395 8396
 8296 8396 8397
 8297 8397 8398
 8298 8398 8399
 8300 8400 8401
 8301 8401 8402
 8302 8402 8403
 8303 8403 8404
 8304 8404 8405
 8305 8405 8406
 8306 8406 8407
 8307 8407 8408
 8308 8408 8409
 8309 8409 8410
 8310 8410 8411
 8311 8411 8412
 8312 8412 8413
 8313 8413 8414
 8314 8414 8415
 8315 8415 8416
 8316 8416 8417
 8317 8417 8418
 8318 8418 8419
 8319 8419 8420
 8320 8420 8421
 8321 8421 8422
 8322 8422 8423
 8323 8423 8424
 8324 8424 8425
 8325 8425 8426
 8326 8426 8427
 8327 8427 8428
 8328 8428 8429
 8329 8429 8430
 8330 8430 8431
 8331 8431 8432
 8332 8432 8433
 8333 8433 8434
 8334 8434 8435
 8335 8435 8436
 8336 8436 8437
 8337 8437 8438
 8338 8438 8439
 8339 8439 8440
 8340 8440 8441
 8341 8441 8442
 8342 8442 8443
 8343 8443 8444
 8344 8444 8445
 8345 8445 8446
 8346 8446 8447
 8347 8447 8448
 8348 8448 8449
 8349 8449 8450
 8350 8450 8451
 8351 8451 8452
 8352 8452 8453
 8353 8453 8454
 8354 8454 8455
 8355 8455 8456
 8356 8456 8457
 8357 8457 8458
 8358 8458 8459
 8359 8459 8460
 8360 8460 8461
 8361 8461 8462
 8362 8462 8463
 8363 8463 8464
 8364 8464 8465
 8365 8465 8466
 8366 8466 8467
 8367 8467 8468
 8368 8468 8469
 8369 8469 8470
 8370 8470 8471
 8371 8471 8472
 8372 8472 8473
 8373 8473 8474
 8374 8474 8475
 8375 8475 8476
 8376 8476 8477
 8377 8477 8478
 8378 8478 8479
 8379 8479 8480
 8380 8480 8481
 8381 8481 8482
 8382 8482 8483
 8383 8483 8484
 8384 8484 8485
 8385 8485 8486
 8386 8486 8487
 8387 8487 8488
 8388 8488 8489
 8389 8489 8490
 8390 8490 8491
 8391 8491 8492
 8392 8492 8493
 8393 8493 8494
 8394 8494 8495
 8395 8495 8496
 8396 8496 8497
 8397 8497 8498
 8398 8498 8499
 8400 8500 8501
 8401 8501 8502
 8402 8502 8503
 8403 8503 8504
 8404 8504 8505
 8405 8505 8506
 8406 8506 8507
 8407 8507 8508
 8408 8508 8509
 8409 8509 8510
 8410 8510 8511
 8411 8511 8512
 8412 8512 8513
 8413 8513 8514
 8414 8514 8515
 8415 8515 8516
 8416 8516 8517
 8417 8517 8518
 8418 8518 8519
 8419 8519 8520
 8420 8520 8521
 8421 8521 8522
 8422 8522 8523
 8423 8523 8524
 8424 8524 8525
 8425 8525 8526
 8426 8526 8527
 8427 8527 8528
 8428 8528 8529
 8429 8529 8530
 8430 8530 8531
 8431 8531 8532
 8432 8532 8533
 8433 8533 8534
 8434 8534 8535
 8435 8535 8536
 8436 8536 8537
 8437 8537 8538
 8438 8538 8539
 8439 8539 8540
 8440 8540 8541
 8441 8541 8542
 8442 8542 8543
 8443 8543 8544
 8444 8544 8545
 8445 8545 8546
 8446 8546 8547
 8447 8547 8548
 8448 8548 8549
 8449 8549 8550
 8450 8550 8551
 8451 8551 8552
 8452 8552 8553
 8453 8553 8554
 8454 8554 8555
 8455 8555 8556
 8456 8556 8557
 8457 8557 8558
 8458 8558 8559
 8459 8559 8560
 8460 8560 8561
 8461 8561 8562
 8462 8562 8563
 8463 8563 8564
 8464 8564 8565
 8465 8565 8566
 8466 8566 8567
 8467 8567 8568
 8468 8568 8569
 8469 8569 8570
 8470 8570 8571
 8471 8571 8572
 8472 8572 8573
 8473 8573 8574
 8474 8574 8575
 8475 8575 8576
 8476 8576 8577
 8477 8577 8578
 8478 8578 8579
 8479 8579 8580
 8480 8580 8581
 8481 8581 8582
 8482 8582 8583
 8483 8583 8584
 8484 8584 8585
 8485 8585 8586
 8486 8586 8587
 8487 8587 8588
 8488 8588 8589
 8489 8589 8590
 8490 8590 8591
 8491 8591 8592
 8492 8592 8593
 8493 8593 8594
 8494 8594 8595
 8495 8595 8596
 8496 8596 8597
 8497 8597 8598
 8498 8598 8599
 8500 8600 8601
 8501 8601 8602
 8502 8602 8603
 8503 8603 8604
 8504 8604 8605
 8505 8605 8606
 8506 8606 8607
 8507 8607 8608
 8508 8608 8609
 8509 8609 8610
 8510 8610 8611
 8511 8611 8612
 8512 8612 8613
 8513 8613 8614
 8514 8614 8615
 8515 8615 8616
 8516 8616 8617
 8517 8617 8618
 8518 8618 8619
 8519 8619 8620
 8520 8620 8621
 8521 8621 8622
 8522 8622 8623
 8523 8623 8624
 8524 8624 8625
 8525 8625 8626
 8526 8626 8627
 8527 8627 8628
 8528 8628 8629
 8529 8629 8630
 8530 8630 8631
 8531 8631 8632
 8532 8632 8633
 8533 8633 8634
 8534 8634 8635
 8535 8635 8636
 8536 8636 8637
 8537 8637 8638
 8538 8638 8639
 8539 8639 8640
 8540 8640 8641
 8541 8641 8642
 8542 8642 8643
 8543 8643 8644
 8544 8644 8645
 8545 8645 8646
 8546 8646 8647
 8547 8647 8648
 8548 8648 8649
 8549 8649 8650
 8550 8650 8651
 8551 8651 8652
 8552 8652 8653
 8553 8653 8654
 8554 8654 8655
 8555 8655 8656
 8556 8656 8657
 8557 8657 8658
 8558 8658 8659
 8559 8659 8660
 8560 8660 8661
 8561 8661 8662
 8562 8662 8663
 8563 8663 8664
 8564 8664 8665
 8565 8665 8666
 8566 8666 8667
 8567 8667 8668
 8568 8668 8669
 8569 8669 8670
 8570 8670 8671
 8571 8671 8672
 8572 8672 8673
 8573 8673 8674
 8574 8674 8675
 8575 8675 8676
 8576 8676 8677
 8577 8677 8678
 8578 8678 8679
 8579 8679 8680
 8580 8680 8681
 8581 8681 8682
 8582 8682 8683
 8583 8683 8684
 8584 8684 8685
 8585 8685 8686
 8586 8686 8687
 8587 8687 8688
 8588 8688 8689
 8589 8689 8690
 8590 8690 8691
 8591 8691 8692
 8592 8692 8693
 8593 8693 8694
 8594 8694 8695
 8595 8695 8696
 8596 8696 8697
 8597 8697 8698
 8598 8698 8699
 8600 8700 8701
 8601 8701 8702
 8602 8702 8703
 8603 8703 8704
 8604 8704 8705
 8605 8705 8706
 8606 8706 8707
 8607 8707 8708
 8608 8708 8709
 8609 8709 8710
 8610 8710 8711
 8611 8711 8712
 8612 8712 8713
 8613 8713 8714
 8614 8714 8715
 8615 8715 8716
 8616 8716 8717
 8617 8717 8718
 8618 8718 8719
 8619 8719 8720
 8620 8720 8721
 8621 8721 8722
 8622 8722 8723
 8623 8723 8724
 8624 8724 8725
 8625 8725 8726
 8626 8726 8727
 8627 8727 8728
 8628 8728 8729
 8629 8729 8730
 8630 8730 8731
 8631 8731 8732
 8632 8732 8733
 8633 8733 8734
 8634 8734 8735
 8635 8735 8736
 8636 8736 8737
 8637 8737 8738
 8638 8738 8739
 8639 8739 8740
 8640 8740 8741
 8641 8741 8742
 8642 8742 8743
 8643 8743 8744
 8644 8744 8745
 8645 8745 8746
 8646 8746 8747
 8647 8747 8748
 8648 8748 8749
 8649 8749 8750
 8650 8750 8751
 8651 8751 8752
 8652 8752 8753
 8653 8753 8754
 8654 8754 8755
 8655 8755 8756
 8656 8756 8757
 8657 8757 8758
 8658 8758 8759
 8659 8759 8760
 8660 8760 8761
 8661 8761 8762
 8662 8762 8763
 8663 8763 8764
 8664 8764 8765
 8665 8765 8766
 8666 8766 8767
 8667 8767 8768
 8668 8768 8769
 8669 8769 8770
 8670 8770 8771
 8671 8771 8772
 8672 8772 8773
 8673 8773 8774
 8674 8774 8775
 8675 8775 8776
 8676 8776 8777
 8677 8777 8778
 8678 8778 8779
 8679 8779 8780
 8680 8780 8781
 8681 8781 8782
 8682 8782 8783
 8683 8783 8784
 8684 8784 8785
 8685 8785 8786
 8686 8786 8787
 8687 8787 8788
 8688 8788 8789
 8689 8789 8790
 8690 8790 8791
 8691 8791 8792
 8692 8792 8793
 8693 8793 8794
 8694 8794 8795
 8695 8795 8796
 8696 8796 8797
 8697 8797 8798
 8698 8798 8799
 8700 8800 8801
 8701 8801 8802
 8702 8802 8803
 8703 8803 8804
 8704 8804 8805
 8705 8805 8806
 8706 8806 8807
 8707 8807 8808
 8708 8808 8809
 8709 8809 8810
 8710 8810 8811
 8711 8811 8812
 8712 8812 8813
 8713 8813 8814
 8714 8814 8815
 8715 8815 8816
 8716 8816 8817
 8717 8817 8818
 8718 8818 8819
 8719 8819 8820
 8720 8820 8821
 8721 8821 8822
 8722 8822 8823
 8723 8823 8824
 8724 8824 8825
 8725 8825 8826
 8726 8826 8827
 8727 8827 8828
 8728 8828 8829
 8729 8829 8830
 8730 8830 8831
 8731 8831 8832
 8732 8832 8833
 8733 8833 8834
 8734 8834 8835
 8735 8835 8836
 8736 8836 8837
 8737 8837 8838
 8738 8838 8839
 8739 8839 8840
 8740 8840 8841
 8741 8841 8842
 8742 8842 8843
 8743 8843 8844
 8744 8844 8845
 8745 8845 8846
 8746 8846 8847
 8747 8847 8848
 8748 8848 8849
 8749 8849 8850
 8750 8850 8851
 8751 8851 8852
 8752 8852 8853
 8753 8853 8854
 8754 8854 8855
 8755 8855 8856
 8756 8856 8857
 8757 8857 8858
 8758 8858 8859
 8759 8859 8860
 8760 8860 8861
 8761 8861 8862
 8762 8862 8863
 8763 8863 8864
 8764 8864 8865
 8765 8865 8866
 8766 8866 8867
 8767 8867 8868
 8768 8868 8869
 8769 8869 8870
 8770 8870 8871
 8771 8871 8872
 8772 8872 8873
 8773 8873 8874
 8774 8874 8875
 8775 8875 8876
 8776 8876 8877
 8777 8877 8878
 8778 8878 8879
 8779 8879 8880
 8780 8880 8881
 8781 8881 8882
 8782 8882 8883
 8783 8883 8884
 8784 8884 8885
 8785 8885 8886
 8786 8886 8887
 8787 8887 8888
 8788 8888 8889
 8789 8889 8890
 8790 8890 8891
 8791 8891 8892
 8792 8892 8893
 8793 8893 8894
 8794 8894 8895
 8795 8895 8896
 8796 8896 8897
 8797 8897 8898
 8798 8898 8899
 8800 8900 8901
 8801 8901 8902
 8802 8902 8903
 8803 8903 8904
 8804 8904 8905
 8805 8905 8906
 8806 8906 8907
 8807 8907 8908
 8808 8908 8909
 8809 8909 8910
 8810 8910 8911
 8811 8911 8912
 8812 8912 8913
 8813 8913 8914
 8814 8914 8915
 8815 8915 8916
 8816 8916 8917
 8817 8917 8918
 8818 8918 8919
 8819 8919 8920
 8820 8920 8921
 8821 8921 8922
 8822 8922 8923
 8823 8923 8924
 8824 8924 8925
 8825 8925 8926
 8826 8926 8927
 8827 8927 8928
 8828 8928 8929
 8829 8929 8930
 8830 8930 8931
 8831 8931 8932
 8832 8932 8933
 8833 8933 8934
 8834 8934 8935
 8835 8935 8936
 8836 8936 8937
 8837 8937 8938
 8838 8938 8939
 8839 8939 8940
 8840 8940 8941
 8841 8941 8942
 8842 8942 8943
 8843 8943 8944
 8844 8944 8945
 8845 8945 8946
 8846 8946 8947
 8847 8947 8948
 8848 8948 8949
 8849 8949 8950
 8850 8950 8951
 8851 8951 8952
 8852 8952 8953
 8853 8953 8954
 8854 8954 8955
 8855 8955 8956
 8856 8956 8957
 8857 8957 8958
 8858 8958 8959
 8859 8959 8960
 8860 8960 8961
 8861 8961 8962
 8862 8962 8963
 8863 8963 8964
 8864 8964 8965
 8865 8965 8966
 8866 8966 8967
 8867 8967 8968
 8868 8968 8969
 8869 8969 8970
 8870 8970 8971
 8871 8971 8972
 8872 8972 8973
 8873 8973 8974
 8874 8974 8975
 8875 8975 8976
 8876 8976 8977
 8877 8977 8978
 8878 8978 8979
 8879 8979 8980
 8880 8980 8981
 8881 8981 8982
 8882 8982 8983
 8883 8983 8984
 8884 8984 8985
 8885 8985 8986
 8886 8986 8987
 8887 8987 8988
 8888 8988 8989
 8889 8989 8990
 8890 8990 8991
 8891 8991 8992
 8892 8992 8993
 8893 8993 8994
 8894 8994 8995
 8895 8995 8996
 8896 8996 8997
 8897 8997 8998
 8898 8998 8999
 8900 9000 9001
 8901 9001 9002
 8902 9002 9003
 8903 9003 9004
 8904 9004 9005
 8905 9005 9006
 8906 9006 9007
 8907 9007 9008
 8908 9008 9009
 8909 9009 9010
 8910 9010 9011
 8911 9011 9012
 8912 9012 9013
 8913 9013 9014
 8914 9014 9015
 8915 9015 9016
 8916 9016 9017
 8917 9017 9018
 8918 9018 9019
 8919 9019 9020
 8920 9020 9021
 8921 9021 9022
 8922 9022 9023
 8923 9023 9024
 8924 9024 9025
 8925 9025 9026
 8926 9026 9027
 8927 9027 9028
 8928 9028 9029
 8929 9029 9030
 8930 9030 9031
 8931 9031 9032
 8932 9032 9033
 8933 9033 9034
 8934 9034 9035
 8935 9035 9036
 8936 9036 9037
 8937 9037 9038
 8938 9038 9039
 8939 9039 9040
 8940 9040 9041
 8941 9041 9042
 8942 9042 9043
 8943 9043 9044
 8944 9044 9045
 8945 9045 9046
 8946 9046 9047
 8947 9047 9048
 8948 9048 9049
 8949 9049 9050
 8950 9050 9051
 8951 9051 9052
 8952 9052 9053
 8953 9053 9054
 8954 9054 9055
 8955 9055 9056
 8956 9056 9057
 8957 9057 9058
 8958 9058 9059
 8959 9059 9060
 8960 9060 9061
 8961 9061 9062
 8962 9062 9063
 8963 9063 9064
 8964 9064 9065
 8965 9065 9066
 8966 9066 9067
 8967 9067 9068
 8968 9068 9069
 8969 9069 9070
 8970 9070 9071
 8971 9071 9072
 8972 9072 9073
 8973 9073 9074
 8974 9074 9075
 8975 9075 9076
 8976 9076 9077
 8977 9077 9078
 8978 9078 9079
 8979 9079 9080
 8980 9080 9081
 8981 9081 9082
 8982 9082 9083
 8983 9083 9084
 8984 9084 9085
 8985 9085 9086
 8986 9086 9087
 8987 9087 9088
 8988 9088 9089
 8989 9089 9090
 8990 9090 9091
 8991 9091 9092
 8992 9092 9093
 8993 9093 9094
 8994 9094 9095
 8995 9095 9096
 8996 9096 9097
 8997 9097 9098
 8998 9098 9099
 9000 9100 9101
 9001 9101 9102
 9002 9102 9103
 9003 9103 9104
 9004 9104 9105
 9005 9105 9106
 9006 9106 9107
 9007 9107 9108
 9008 9108 9109
 9009 9109 9110
 9010 9110 9111
 9011 9111 9112
 9012 9112 9113
 9013 9113 9114
 9014 9114 9115
 9015 9115 9116
 9016 9116 9117
 9017 9117 9118
 9018 9118 9119
 9019 9119 9120
 9020 9120 9121
 9021 9121 9122
 9022 9122 9123
 9023 9123 9124
 9024 9124 9125
 9025 9125 9126
 9026 9126 9127
 9027 9127 9128
 9028 9128 9129
 9029 9129 9130
 9030 9130 9131
 9031 9131 9132
 9032 9132 9133
 9033 9133 9134
 9034 9134 9135
 9035 9135 9136
 9036 9136 9137
 9037 9137 9138
 9038 9138 9139
 9039 9139 9140
 9040 9140 9141
 9041 9141 9142
 9042 9142 9143
 9043 9143 9144
 9044 9144 9145
 9045 9145 9146
 9046 9146 9147
 9047 9147 9148
 9048 9148 9149
 9049 9149 9150
 9050 9150 9151
 9051 9151 9152
 9052 9152 9153
 9053 9153 9154
 9054 9154 9155
 9055 9155 9156
 9056 9156 9157
 9057 9157 9158
 9058 9158 9159
 9059 9159 9160
 9060 9160 9161
 9061 9161 9162
 9062 9162 9163
 9063 9163 9164
 9064 9164 9165
 9065 9165 9166
 9066 9166 9167
 9067 9167 9168
 9068 9168 9169
 9069 9169 9170
 9070 9170 9171
 9071 9171 9172
 9072 9172 9173
 9073 9173 9174
 9074 9174 9175
 9075 9175 9176
 9076 9176 9177
 9077 9177 9178
 9078 9178 9179
 9079 9179 9180
 9080 9180 9181
 9081 9181 9182
 9082 9182 9183
 9083 9183 9184
 9084 9184 9185
 9085 9185 9186
 9086 9186 9187
 9087 9187 9188
 9088 9188 9189
 9089 9189 9190
 9090 9190 9191
 9091 9191 9192
 9092 9192 9193
 9093 9193 9194
 9094 9194 9195
 9095 9195 9196
 9096 9196 9197
 9097 9197 9198
 9098 9198 9199
 9100 9200 9201
 9101 9201 9202
 9102 9202 9203
 9103 9203 9204
 9104 9204 9205
 9105 9205 9206
 9106 9206 9207
 9107 9207 9208
 9108 9208 9209
 9109 9209 9210
 9110 9210 9211
 9111 9211 9212
 9112 9212 9213
 9113 9213 9214
 9114 9214 9215
 9115 9215 9216
 9116 9216 9217
 9117 9217 9218
 9118 9218 9219
 9119 9219 9220
 9120 9220 9221
 9121 9221 9222
 9122 9222 9223
 9123 9223 9224
 9124 9224 9225
 9125 9225 9226
 9126 9226 9227
 9127 9227 9228
 9128 9228 9229
 9129 9229 9230
 9130 9230 9231
 9131 9231 9232
 9132 9232 9233
 9133 9233 9234
 9134 9234 9235
 9135 9235 9236
 9136 9236 9237
 9137 9237 9238
 9138 9238 9239
 9139 9239 9240
 9140 9240 9241
 9141 9241 9242
 9142 9242 9243
 9143 9243 9244
 9144 9244 9245
 9145 9245 9246
 9146 9246 9247
 9147 9247 9248
 9148 9248 9249
 9149 9249 9250
 9150 9250 9251
 9151 9251 9252
 9152 9252 9253
 9153 9253 9254
 9154 9254 9255
 9155 9255 9256
 9156 9256 9257
 9157 9257 9258
 9158 9258 9259
 9159 9259 9260
 9160 9260 9261
 9161 9261 9262
 9162 9262 9263
 9163 9263 9264
 9164 9264 9265
 9165 9265 9266
 9166 9266 9267
 9167 9267 9268
 9168 9268 9269
 9169 9269 9270
 9170 9270 9271
 9171 9271 9272
 9172 9272 9273
 9173 9273 9274
 9174 9274 9275
 9175 9275 9276
 9176 9276 9277
 9177 9277 9278
 9178 9278 9279
 9179 9279 9280
 9180 9280 9281
 9181 9281 9282
 9182 9282 9283
 9183 9283 9284
 9184 9284 9285
 9185 9285 9286
 9186 9286 9287
 9187 9287 9288
 9188 9288 9289
 9189 9289 9290
 9190 9290 9291
 9191 9291 9292
 9192 9292 9293
 9193 9293 9294
 9194 9294 9295
 9195 9295 9296
 9196 9296 9297
 9197 9297 9298
 9198 9298 9299
 9200 9300 9301
 9201 9301 9302
 9202 9302 9303
 9203 9303 9304
 9204 9304 9305
 9205 9305 9306
 9206 9306 9307
 9207 9307 9308
 9208 9308 9309
 9209 9309 9310
 9210 9310 9311
 9211 9311 9312
 9212 9312 9313
 9213 9313 9314
 9214 9314 9315
 9215 9315 9316
 9216 9316 9317
 9217 9317 9318
 9218 9318 9319
 9219 9319 9320
 9220 9320 9321
 9221 9321 9322
 9222 9322 9323
 9223 9323 9324
 9224 9324 9325
 9225 9325 9326
 9226 9326 9327
 9227 9327 9328
 9228 9328 9329
 9229 9329 9330
 9230 9330 9331
 9231 9331 9332
 9232 9332 9333
 9233 9333 9334
 9234 9334 9335
 9235 9335 9336
 9236 9336 9337
 9237 9337 9338
 9238 9338 9339
 9239 9339 9340
 9240 9340 9341
 9241 9341 9342
 9242 9342 9343
 9243 9343 9344
 9244 9344 9345
 9245 9345 9346
 9246 9346 9347
 9247 9347 9348
 9248 9348 9349
 9249 9349 9350
 9250 9350 9351
 9251 9351 9352
 9252 9352 9353
 9253 9353 9354
 9254 9354 9355
 9255 9355 9356
 9256 9356 9357
 9257 9357 9358
 9258 9358 9359
 9259 9359 9360
 9260 9360 9361
 9261 9361 9362
 9262 9362 9363
 9263 9363 9364
 9264 9364 9365
 9265 9365 9366
 9266 9366 9367
 9267 9367 9368
 9268 9368 9369
 9269 9369 9370
 9270 9370 9371
 9271 9371 9372
 9272 9372 9373
 9273 9373 9374
 9274 9374 9375
 9275 9375 9376
 9276 9376 9377
 9277 9377 9378
 9278 9378 9379
 9279 9379 9380
 9280 9380 9381
 9281 9381 9382
 9282 9382 9383
 9283 9383 9384
 9284 9384 9385
 9285 9385 9386
 9286 9386 9387
 9287 9387 9388
 9288 9388 9389
 9289 9389 9390
 9290 9390 9391
 9291 9391 9392
 9292 9392 9393
 9293 9393 9394
 9294 9394 9395
 9295 9395 9396
 9296 9396 9397
 9297 9397 9398
 9298 9398 9399
 9300 9400 9401
 9301 9401 9402
 9302 9402 9403
 9303 9403 9404
 9304 9404 9405
 9305 9405 9406
 9306 9406 9407
 9307 9407 9408
 9308 9408 9409
 9309 9409 9410
 9310 9410 9411
 9311 9411 9412
 9312 9412 9413
 9313 9413 9414
 9314 9414 9415
 9315 9415 9416
 9316 9416 9417
 9317 9417 9418
 9318 9418 9419
 9319 9419 9420
 9320 9420 9421
 9321 9421 9422
 9322 9422 9423
 9323 9423 9424
 9324 9424 9425
 9325 9425 9426
 9326 9426 9427
 9327 9427 9428
 9328 9428 9429
 9329 9429 9430
 9330 9430 9431
 9331 9431 9432
 9332 9432 9433
 9333 9433 9434
 9334 9434 9435
 9335 9435 9436
 9336 9436 9437
 9337 9437 9438
 9338 9438 9439
 9339 9439 9440
 9340 9440 9441
 9341 9441 9442
 9342 9442 9443
 9343 9443 9444
 9344 9444 9445
 9345 9445 9446
 9346 9446 9447
 9347 9447 9448
 9348 9448 9449
 9349 9449 9450
 9350 9450 9451
 9351 9451 9452
 9352 9452 9453
 9353 9453 9454
 9354 9454 9455
 9355 9455 9456
 9356 9456 9457
 9357 9457 9458
 9358 9458 9459
 9359 9459 9460
 9360 9460 9461
 9361 9461 9462
 9362 9462 9463
 9363 9463 9464
 9364 9464 9465
 9365 9465 9466
 9366 9466 9467
 9367 9467 9468
 9368 9468 9469
 9369 9469 9470
 9370 9470 9471
 9371 9471 9472
 9372 9472 9473
 9373 9473 9474
 9374 9474 9475
 9375 9475 9476
 9376 9476 9477
 9377 9477 9478
 9378 9478 9479
 9379 9479 9480
 9380 9480 9481
 9381 9481 9482
 9382 9482 9483
 9383 9483 9484
 9384 9484 9485
 9385 9485 9486
 9386 9486 9487
 9387 9487 9488
 9388 9488 9489
 9389 9489 9490
 9390 9490 9491
 9391 9491 9492
 9392 9492 9493
 9393 9493 9494
 9394 9494 9495
 9395 9495 9496
 9396 9496 9497
 9397 9497 9498
 9398 9498 9499
 9400 9500 9501
 9401 9501 9502
 9402 9502 9503
 9403 9503 9504
 9404 9504 9505
 9405 9505 9506
 9406 9506 9507
 9407 9507 9508
 9408 9508 9509
 9409 9509 9510
 9410 9510 9511
 9411 9511 9512
 9412 9512 9513
 9413 9513 9514
 9414 9514 9515
 9415 9515 9516
 9416 9516 9517
 9417 9517 9518
 9418 9518 9519
 9419 9519 9520
 9420 9520 9521
 9421 9521 9522
 9422 9522 9523
 9423 9523 9524
 9424 9524 9525
 9425 9525 9526
 9426 9526 9527
 9427 9527 9528
 9428 9528 9529
 9429 9529 9530
 9430 9530 9531
 9431 9531 9532
 9432 9532 9533
 9433 9533 9534
 9434 9534 9535
 9435 9535 9536
 9436 9536 9537
 9437 9537 9538
 9438 9538 9539
 9439 9539 9540
 9440 9540 9541
 9441 9541 9542
 9442 9542 9543
 9443 9543 9544
 9444 9544 9545
 9445 9545 9546
 9446 9546 9547
 9447 9547 9548
 9448 9548 9549
 9449 9549 9550
 9450 9550 9551
 9451 9551 9552
 9452 9552 9553
 9453 9553 9554
 9454 9554 9555
 9455 9555 9556
 9456 9556 9557
 9457 9557 9558
 9458 9558 9559
 9459 9559 9560
 9460 9560 9561
 9461 9561 9562
 9462 9562 9563
 9463 9563 9564
 9464 9564 9565
 9465 9565 9566
 9466 9566 9567
 9467 9567 9568
 9468 9568 9569
 9469 9569 9570
 9470 9570 9571
 9471 9571 9572
 9472 9572 9573
 9473 9573 9574
 9474 9574 9575
 9475 9575 9576
 9476 9576 9577
 9477 9577 9578
 9478 9578 9579
 9479 9579 9580
 9480 9580 9581
 9481 9581 9582
 9482 9582 9583
 9483 9583 9584
 9484 9584 9585
 9485 9585 9586
 9486 9586 9587
 9487 9587 9588
 9488 9588 9589
 9489 9589 9590
 9490 9590 9591
 9491 9591 9592
 9492 9592 9593
 9493 9593 9594
 9494 9594 9595
 9495 9595 9596
 9496 9596 9597
 9497 9597 9598
 9498 9598 9599
 9500 9600 9601
 9501 9601 9602
 9502 9602 9603
 9503 9603 9604
 9504 9604 9605
 9505 9605 9606
 9506 9606 9607
 9507 9607 9608
 9508 9608 9609
 9509 9609 9610
 9510 9610 9611
 9511 9611 9612
 9512 9612 9613
 9513 9613 9614
 9514 9614 9615
 9515 9615 9616
 9516 9616 9617
 9517 9617 9618
 9518 9618 9619
 9519 9619 9620
 9520 9620 9621
 9521 9621 9622
 9522 9622 9623
 9523 9623 9624
 9524 9624 9625
 9525 9625 9626
 9526 9626 9627
 9527 9627 9628
 9528 9628 9629
 9529 9629 9630
 9530 9630 9631
 9531 9631 9632
 9532 9632 9633
 9533 9633 9634
 9534 9634 9635
 9535 9635 9636
 9536 9636 9637
 9537 9637 9638
 9538 9638 9639
 9539 9639 9640
 9540 9640 9641
 9541 9641 9642
 9542 9642 9643
 9543 9643 9644
 9544 9644 9645
 9545 9645 9646
 9546 9646 9647
 9547 9647 9648
 9548 9648 9649
 9549 9649 9650
 9550 9650 9651
 9551 9651 9652
 9552 9652 9653
 9553 9653 9654
 9554 9654 9655
 9555 9655 9656
 9556 9656 9657
 9557 9657 9658
 9558 9658 9659
 9559 9659 9660
 9560 9660 9661
 9561 9661 9662
 9562 9662 9663
 9563 9663 9664
 9564 9664 9665
 9565 9665 9666
 9566 9666 9667
 9567 9667 9668
 9568 9668 9669
 9569 9669 9670
 9570 9670 9671
 9571 9671 9672
 9572 9672 9673
 9573 9673 9674
 9574 9674 9675
 9575 9675 9676
 9576 9676 9677
 9577 9677 9678
 9578 9678 9679
 9579 9679 9680
 9580 9680 9681
 9581 9681 9682
 9582 9682 9683
 9583 9683 9684
 9584 9684 9685
 9585 9685 9686
 9586 9686 9687
 9587 9687 9688
 9588 9688 9689
 9589 9689 9690
 9590 9690 9691
 9591 9691 9692
 9592 9692 9693
 9593 9693 9694
 9594 9694 9695
 9595 9695 9696
 9596 9696 9697
 9597 9697 9698
 9598 9698 9699
 9600 9700 9701
 9601 9701 9702
 9602 9702 9703
 9603 9703 9704
 9604 9704 9705
 9605 9705 9706
 9606 9706 9707
 9607 9707 9708
 9608 9708 9709
 9609 9709 9710
 9610 9710 9711
 9611 9711 9712
 9612 9712 9713
 9613 9713 9714
 9614 9714 9715
 9615 9715 9716
 9616 9716 9717
 9617 9717 9718
 9618 9718 9719
 9619 9719 9720
 9620 9720 9721
 9621 9721 9722
 9622 9722 9723
 9623 9723 9724
 9624 9724 9725
 9625 9725 9726
 9626 9726 9727
 9627 9727 9728
 9628 9728 9729
 9629 9729 9730
 9630 9730 9731
 9631 9731 9732
 9632 9732 9733
 9633 9733 9734
 9634 9734 9735
 9635 9735 9736
 9636 9736 9737
 9637 9737 9738
 9638 9738 9739
 9639 9739 9740
 9640 9740 9741
 9641 9741 9742
 9642 9742 9743
 9643 9743 9744
 9644 9744 9745
 9645 9745 9746
 9646 9746 9747
 9647 9747 9748
 9648 9748 9749
 9649 9749 9750
 9650 9750 9751
 9651 9751 9752
 9652 9752 9753
 9653 9753 9754
 9654 9754 9755
 9655 9755 9756
 9656 9756 9757
 9657 9757 9758
 9658 9758 9759
 9659 9759 9760
 9660 9760 9761
 9661 9761 9762
 9662 9762 9763
 9663 9763 9764
 9664 9764 9765
 9665 9765 9766
 9666 9766 9767
 9667 9767 9768
 9668 9768 9769
 9669 9769 9770
 9670 9770 9771
 9671 9771 9772
 9672 9772 9773
 9673 9773 9774
 9674 9774 9775
 9675 9775 9776
 9676 9776 9777
 9677 9777 9778
 9678 9778 9779
 9679 9779 9780
 9680 9780 9781
 9681 9781 9782
 9682 9782 9783
 9683 9783 9784
 9684 9784 9785
 9685 9785 9786
 9686 9786 9787
 9687 9787 9788
 9688 9788 9789
 9689 9789 9790
 9690 9790 9791
 9691 9791 9792
 9692 9792 9793
 9693 9793 9794
 9694 9794 9795
 9695 9795 9796
 9696 9796 9797
 9697 9797 9798
 9698 9798 9799
 9700 9800 9801
 9701 9801 9802
 9702 9802 9803
 9703 9803 9804
 9704 9804 9805
 9705 9805 9806
 9706 9806 9807
 9707 9807 9808
 9708 9808 9809
 9709 9809 9810
 9710 9810 9811
 9711 9811 9812
 9712 9812 9813
 9713 9813 9814
 9714 9814 9815
 9715 9815 9816
 9716 9816 9817
 9717 9817 9818
 9718 9818 9819
 9719 9819 9820
 9720 9820 9821
 9721 9821 9822
 9722 9822 9823
 9723 9823 9824
 9724 9824 9825
 9725 9825 9826
 9726 9826 9827
 9727 9827 9828
 9728 9828 9829
 9729 9829 9830
 9730 9830 9831
 9731 9831 9832
 9732 9832 9833
 9733 9833 9834
 9734 9834 9835
 9735 9835 9836
 9736 9836 9837
 9737 9837 9838
 9738 9838 9839
 9739 9839 9840
 9740 9840 9841
 9741 9841 9842
 9742 9842 9843
 9743 9843 9844
 9744 9844 9845
 9745 9845 9846
 9746 9846 9847
 9747 9847 9848
 9748 9848 9849
 9749 9849 9850
 9750 9850 9851
 9751 9851 9852
 9752 9852 9853
 9753 9853 9854
 9754 9854 9855
 9755 9855 9856
 9756 9856 9857
 9757 9857 9858
 9758 9858 9859
 9759 9859 9860
 9760 9860 9861
 9761 9861 9862
 9762 9862 9863
 9763 9863 9864
 9764 9864 9865
 9765 9865 9866
 9766 9866 9867
 9767 9867 9868
 9768 9868 9869
 9769 9869 9870
 9770 9870 9871
 9771 9871 9872
 9772 9872 9873
 9773 9873 9874
 9774 9874 9875
 9775 9875 9876
 9776 9876 9877
 9777 9877 9878
 9778 9878 9879
 9779 9879 9880
 9780 9880 9881
 9781 9881 9882
 9782 9882 9883
 9783 9883 9884
 9784 9884 9885
 9785 9885 9886
 9786 9886 9887
 9787 9887 9888
 9788 9888 9889
 9789 9889 9890
 9790 9890 9891
 9791 9891 9892
 9792 9892 9893
 9793 9893 9894
 9794 9894 9895
 9795 9895 9896
 9796 9896 9897
 9797 9897 9898
 9798 9898 9899
 9800 9900 9901
 9801 9901 9902
 9802 9902 9903
 9803 9903 9904
 9804 9904 9905
 9805 9905 9906
 9806 9906 9907
 9807 9907 9908
 9808 9908 9909
 9809 9909 9910
 9810 9910 9911
 9811 9911 9912
 9812 9912 9913
 9813 9913 9914
 9814 9914 9915
 9815 9915 9916
 9816 9916 9917
 9817 9917 9918
 9818 9918 9919
 9819 9919 9920
 9820 9920 9921
 9821 9921 9922
 9822 9922 9923
 9823 9923 9924
 9824 9924 9925
 9825 9925 9926
 9826 9926 9927
 9827 9927 9928
 9828 9928 9929
 9829 9929 9930
 9830 9930 9931
 9831 9931 9932
 9832 9932 9933
 9833 9933 9934
 9834 9934 9935
 9835 9935 9936
 9836 9936 9937
 9837 9937 9938
 9838 9938 9939
 9839 9939 9940
 9840 9940 9941
 9841 9941 9942
 9842 9942 9943
 9843 9943 9944
 9844 9944 9945
 9845 9945 9946
 9846 9946 9947
 9847 9947 9948
 9848 9948 9949
 9849 9949 9950
 9850 9950 9951
 9851 9951 9952
 9852 9952 9953
 9853 9953 9954
 9854 9954 9955
 9855 9955 9956
 9856 9956 9957
 9857 9957 9958
 9858 9958 9959
 9859 9959 9960
 9860 9960 9961
 9861 9961 9962
 9862 9962 9963
 9863 9963 9964
 9864 9964 9965
 9865 9965 9966
 9866 9966 9967
 9867 9967 9968
 9868 9968 9969
 9869 9969 9970
 9870 9970 9971
 9871 9971 9972
 9872 9972 9973
 9873 9973 9974
 9874 9974 9975
 9875 9975 9976
 9876 9976 9977
 9877 9977 9978
 9878 9978 9979
 9879 9979 9980
 9880 9980 9981
 9881 9981 9982
 9882 9982 9983
 9883 9983 9984
 9884 9984 9985
 9885 9985 9986
 9886 9986 9987
 9887 9987 9988
 9888 9988 9989
 9889 9989 9990
 9890 9990 9991
 9891 9991 9992
 9892 9992 9993
 9893 9993 9994
 9894 9994 9995
 9895 9995 9996
 9896 9996 9997
 9897 9997 9998
 9898 9998 9999</DataArray>
            <DataArray Name="offsets" format="ascii" type="Int32">3 6 9 12 15 18 21 24 27 30 33 36 39 42 45 48 51 54 57 60 63 66 69 72 75 78 81 84 87 90 93 96 99 102 105 108 111 114 117 120 123 126 129 132 135 138 141 144 147 150 153 156 159 162 165 168 171 174 177 180 183 186 189 192 195 198 201 204 207 210 213 216 219 222 225 228 231 234 237 240 243 246 249 252 255 258 261 264 267 270 273 276 279 282 285 288 291 294 297 300 303 306 309 312 315 318 321 324 327 330 333 336 339 342 345 348 351 354 357 360 363 366 369 372 375 378 381 384 387 390 393 396 399 402 405 408 411 414 417 420 423 426 429 432 435 438 441 444 447 450 453 456 459 462 465 468 471 474 477 480 483 486 489 492 495 498 501 504 507 510 513 516 519 522 525 528 531 534 537 540 543 546 549 552 555 558 561 564 567 570 573 576 579 582 585 588 591 594 597 600 603 606 609 612 615 618 621 624 627 630 633 636 639 642 645 648 651 654 657 660 663 666 669 672 675 678 681 684 687 690 693 696 699 702 705 708 711 714 717 720 723 726 729 732 735 738 741 744 747 750 753 756 759 762 765 768 771 774 777 780 783 786 789 792 795 798 801 804 807 810 813 816 819 822 825 828 831 834 837 840 843 846 849 852 855 858 861 864 867 870 873 876 879 882 885 888 891 894 897 900 903 906 909 912 915 918 921 924 927 930 933 936 939 942 945 948 951 954 957 960 963 966 969 972 975 978 981 984 987 990 993 996 999 1002 1005 1008 1011 1014 1017 1020 1023 1026 1029 1032 1035 1038 1041 1044 1047 1050 1053 1056 1059 1062 1065 1068 1071 1074 1077 1080 1083 1086 1089 1092 1095 1098 1101 1104 1107 1110 1113 1116 1119 1122 1125 1128 1131 1134 1137 1140 1143 1146 1149 1152 1155 1158 1161 1164 1167 1170 1173 1176 1179 1182 1185 1188 1191 1194 1197 1200 1203 1206 1209 1212 1215 1218 1221 1224 1227 1230 1233 1236 1239 1242 1245 1248 1251 1254 1257 1260 1263 1266 1269 1272 1275 1278 1281 1284 1287 1290 1293 1296 1299 1302 1305 1308 1311 1314 1317 1320 1323 1326 1329 1332 1335 1338 1341 1344 1347 1350 1353 1356 1359 1362 1365 1368 1371 1374 1377 1380 1383 1386 1389 1392 1395 1398 1401 1404 1407 1410 1413 1416 1419 1422 1425 1428 1431 1434 1437 1440 1443 1446 1449 1452 1455 1458 1461 1464 1467 1470 1473 1476 1479 1482 1485 1488 1491 1494 1497 1500 1503 1506 1509 1512 1515 1518 1521 1524 1527 1530 1533 1536 1539 1542 1545 1548 1551 1554 1557 1560 1563 1566 1569 1572 1575 1578 1581 1584 1587 1590 1593 1596 1599 1602 1605 1608 1611 1614 1617 1620 1623 1626 1629 1632 1635 1638 1641 1644 1647 1650 1653 1656 1659 1662 1665 1668 1671 1674 1677 1680 1683 1686 1689 1692 1695 1698 1701 1704 1707 1710 1713 1716 1719 1722 1725 1728 1731 1734 1737 1740 1743 1746 1749 1752 1755 1758 1761 1764 1767 1770 1773 1776 1779 1782 1785 1788 1791 1794 1797 1800 1803 1806 1809 1812 1815 1818 1821 1824 1827 1830 1833 1836 1839 1842 1845 1848 1851 1854 1857 1860 1863 1866 1869 1872 1875 1878 1881 1884 1887 1890 1893 1896 1899 1902 1905 1908 1911 1914 1917 1920 1923 1926 1929 1932 1935 1938 1941 1944 1947 1950 1953 1956 1959 1962 1965 1968 1971 1974 1977 1980 1983 1986 1989 1992 1995 1998 2001 2004 2007 2010 2013 2016 2019 2022 2025 2028 2031 2034 2037 2040 2043 2046 2049 2052 2055 2058 2061 2064 2067 2070 2073 2076 2079 2082 2085 2088 2091 2094 2097 2100 2103 2106 2109 2112 2115 2118 2121 2124 2127 2130 2133 2136 2139 2142 2145 2148 2151 2154 2157 2160 2163 2166 2169 2172 2175 2178 2181 2184 2187 2190 2193 2196 2199 2202 2205 2208 2211 2214 2217 2220 2223 2226 2229 2232 2235 2238 2241 2244 2247 2250 2253 2256 2259 2262 2265 2268 2271 2274 2277 2280 2283 2286 2289 2292 2295 2298 2301 2304 2307 2310 2313 2316 2319 2322 2325 2328 2331 2334 2337 2340 2343 2346 2349 2352 2355 2358 2361 2364 2367 2370 2373 2376 2379 2382 2385 2388 2391 2394 2397 2400 2403 2406 2409 2412 2415 2418 2421 2424 2427 2430 2433 2436 2439 2442 2445 2448 2451 2454 2457 2460 2463 2466 2469 2472 2475 2478 2481 2484 2487 2490 2493 2496 2499 2502 2505 2508 2511 2514 2517 2520 2523 2526 2529 2532 2535 2538 2541 2544 2547 2550 2553 2556 2559 2562 2565 2568 2571 2574 2577 2580 2583 2586 2589 2592 2595 2598 2601 2604 2607 2610 2613 2616 2619 2622 2625 2628 2631 2634 2637 2640 2643 2646 2649 2652 2655 2658 2661 2664 2667 2670 2673 2676 2679 2682 2685 2688 2691 2694 2697 2700 2703 2706 2709 2712 2715 2718 2721 2724 2727 2730 2733 2736 2739 2742 2745 2748 2751 2754 2757 2760 2763 2766 2769 2772 2775 2778 2781 2784 2787 2790 2793 2796 2799 2802 2805 2808 2811 2814 2817 2820 2823 2826 2829 2832 2835 2838 2841 2844 2847 2850 2853 2856 2859 2862 2865 2868 2871 2874 2877 2880 2883 2886 2889 2892 2895 2898 2901 2904 2907 2910 2913 2916 2919 2922 2925 2928 2931 2934 2937 2940 2943 2946 2949 2952 2955 2958 2961 2964 2967 2970 2973 2976 2979 2982 2985 2988 2991 2994 2997 3000 3003 3006 3009 3012 3015 3018 3021 3024 3027 3030 3033 3036 3039 3042 3045 3048 3051 3054 3057 3060 3063 3066 3069 3072 3075 3078 3081 3084 3087 3090 3093 3096 3099 3102 3105 3108 3111 3114 3117 3120 3123 3126 3129 3132 3135 3138 3141 3144 3147 3150 3153 3156 3159 3162 3165 3168 3171 3174 3177 3180 3183 3186 3189 3192 3195 3198 3201 3204 3207 3210 3213 3216 3219 3222 3225 3228 3231 3234 3237 3240 3243 3246 3249 3252 3255 3258 3261 3264 3267 3270 3273 3276 3279 3282 3285 3288 3291 3294 3297 3300 3303 3306 3309 3312 3315 3318 3321 3324 3327 3330 3333 3336 3339 3342 3345 3348 3351 3354 3357 3360 3363 3366 3369 3372 3375 3378 3381 3384 3387 3390 3393 3396 3399 3402 3405 3408 3411 3414 3417 3420 3423 3426 3429 3432 3435 3438 3441 3444 3447 3450 3453 3456 3459 3462 3465 3468 3471 3474 3477 3480 3483 3486 3489 3492 3495 3498 3501 3504 3507 3510 3513 3516 3519 3522 3525 3528 3531 3534 3537 3540 3543 3546 3549 3552 3555 3558 3561 3564 3567 3570 3573 3576 3579 3582 3585 3588 3591 3594 3597 3600 3603 3606 3609 3612 3615 3618 3621 3624 3627 3630 3633 3636 3639 3642 3645 3648 3651 3654 3657 3660 3663 3666 3669 3672 3675 3678 3681 3684 3687 3690 3693 3696 3699 3702 3705 3708 3711 3714 3717 3720 3723 3726 3729 3732 3735 3738 3741 3744 3747 3750 3753 3756 3759 3762 3765 3768 3771 3774 3777 3780 3783 3786 3789 3792 3795 3798 3801 3804 3807 3810 3813 3816 3819 3822 3825 3828 3831 3834 3837 3840 3843 3846 3849 3852 3855 3858 3861 3864 3867 3870 3873 3876 3879 3882 3885 3888 3891 3894 3897 3900 3903 3906 3909 3912 3915 3918 3921 3924 3927 3930 3933 3936 3939 3942 3945 3948 3951 3954 3957 3960 3963 3966 3969 3972 3975 3978 3981 3984 3987 3990 3993 3996 3999 4002 4005 4008 4011 4014 4017 4020 4023 4026 4029 4032 4035 4038 4041 4044 4047 4050 4053 4056 4059 4062 4065 4068 4071 4074 4077 4080 4083 4086 4089 4092 4095 4098 4101 4104 4107 4110 4113 4116 4119 4122 4125 4128 4131 4134 4137 4140 4143 4146 4149 4152 4155 4158 4161 4164 4167 4170 4173 4176 4179 4182 4185 4188 4191 4194 4197 4200 4203 4206 4209 4212 4215 4218 4221 4224 4227 4230 4233 4236 4239 4242 4245 4248 4251 4254 4257 4260 4263 4266 4269 4272 4275 4278 4281 4284 4287 4290 4293 4296 4299 4302 4305 4308 4311 4314 4317 4320 4323 4326 4329 4332 4335 4338 4341 4344 4347 4350 4353 4356 4359 4362 4365 4368 4371 4374 4377 4380 4383 4386 4389 4392 4395 4398 4401 4404 4407 4410 4413 4416 4419 4422 4425 4428 4431 4434 4437 4440 4443 4446 4449 4452 4455 4458 4461 4464 4467 4470 4473 4476 4479 4482 4485 4488 4491 4494 4497 4500 4503 4506 4509 4512 4515 4518 4521 4524 4527 4530 4533 4536 4539 4542 4545 4548 4551 4554 4557 4560 4563 4566 4569 4572 4575 4578 4581 4584 4587 4590 4593 4596 4599 4602 4605 4608 4611 4614 4617 4620 4623 4626 4629 4632 4635 4638 4641 4644 4647 4650 4653 4656 4659 4662 4665 4668 4671 4674 4677 4680 4683 4686 4689 4692 4695 4698 4701 4704 4707 4710 4713 4716 4719 4722 4725 4728 4731 4734 4737 4740 4743 4746 4749 4752 4755 4758 4761 4764 4767 4770 4773 4776 4779 4782 4785 4788 4791 4794 4797 4800 4803 4806 4809 4812 4815 4818 4821 4824 4827 4830 4833 4836 4839 4842 4845 4848 4851 4854 4857 4860 4863 4866 4869 4872 4875 4878 4881 4884 4887 4890 4893 4896 4899 4902 4905 4908 4911 4914 4917 4920 4923 4926 4929 4932 4935 4938 4941 4944 4947 4950 4953 4956 4959 4962 4965 4968 4971 4974 4977 4980 4983 4986 4989 4992 4995 4998 5001 5004 5007 5010 5013 5016 5019 5022 5025 5028 5031 5034 5037 5040 5043 5046 5049 5052 5055 5058 5061 5064 5067 5070 5073 5076 5079 5082 5085 5088 5091 5094 5097 5100 5103 5106 5109 5112 5115 5118 5121 5124 5127 5130 5133 5136 5139 5142 5145 5148 5151 5154 5157 5160 5163 5166 5169 5172 5175 5178 5181 5184 5187 5190 5193 5196 5199 5202 5205 5208 5211 5214 5217 5220 5223 5226 5229 5232 5235 5238 5241 5244 5247 5250 5253 5256 5259 5262 5265 5268 5271 5274 5277 5280 5283 5286 5289 5292 5295 5298 5301 5304 5307 5310 5313 5316 5319 5322 5325 5328 5331 5334 5337 5340 5343 5346 5349 5352 5355 5358 5361 5364 5367 5370 5373 5376 5379 5382 5385 5388 5391 5394 5397 5400 5403 5406 5409 5412 5415 5418 5421 5424 5427 5430 5433 5436 5439 5442 5445 5448 5451 5454 5457 5460 5463 5466 5469 5472 5475 5478 5481 5484 5487 5490 5493 5496 5499 5502 5505 5508 5511 5514 5517 5520 5523 5526 5529 5532 5535 5538 5541 5544 5547 5550 5553 5556 5559 5562 5565 5568 5571 5574 5577 5580 5583 5586 5589 5592 5595 5598 5601 5604 5607 5610 5613 5616 5619 5622 5625 5628 5631 5634 5637 5640 5643 5646 5649 5652 5655 5658 5661 5664 5667 5670 5673 5676 5679 5682 5685 5688 5691 5694 5697 5700 5703 5706 5709 5712 5715 5718 5721 5724 5727 5730 5733 5736 5739 5742 5745 5748 5751 5754 5757 5760 5763 5766 5769 5772 5775 5778 5781 5784 5787 5790 5793 5796 5799 5802 5805 5808 5811 5814 5817 5820 5823 5826 5829 5832 5835 5838 5841 5844 5847 5850 5853 5856 5859 5862 5865 5868 5871 5874 5877 5880 5883 5886 5889 5892 5895 5898 5901 5904 5907 5910 5913 5916 5919 5922 5925 5928 5931 5934 5937 5940 5943 5946 5949 5952 5955 5958 5961 5964 5967 5970 5973 5976 5979 5982 5985 5988 5991 5994 5997 6000 6003 6006 6009 6012 6015 6018 6021 6024 6027 6030 6033 6036 6039 6042 6045 6048 6051 6054 6057 6060 6063 6066 6069 6072 6075 6078 6081 6084 6087 6090 6093 6096 6099 6102 6105 6108 6111 6114 6117 6120 6123 6126 6129 6132 6135 6138 6141 6144 6147 6150 6153 6156 6159 6162 6165 6168 6171 6174 6177 6180 6183 6186 6189 6192 6195 6198 6201 6204 6207 6210 6213 6216 6219 6222 6225 6228 6231 6234 6237 6240 6243 6246 6249 6252 6255 6258 6261 6264 6267 6270 6273 6276 6279 6282 6285 6288 6291 6294 6297 6300 6303 6306 6309 6312 6315 6318 6321 6324 6327 6330 6333 6336 6339 6342 6345 6348 6351 6354 6357 6360 6363 6366 6369 6372 6375 6378 6381 6384 6387 6390 6393 6396 6399 6402 6405 6408 6411 6414 6417 6420 6423 6426 6429 6432 6435 6438 6441 6444 6447 6450 6453 6456 6459 6462 6465 6468 6471 6474 6477 6480 6483 6486 6489 6492 6495 6498 6501 6504 6507 6510 6513 6516 6519 6522 6525 6528 6531 6534 6537 6540 6543 6546 6549 6552 6555 6558 6561 6564 6567 6570 6573 6576 6579 6582 6585 6588 6591 6594 6597 6600 6603 6606 6609 6612 6615 6618 6621 6624 6627 6630 6633 6636 6639 6642 6645 6648 6651 6654 6657 6660 6663 6666 6669 6672 6675 6678 6681 6684 6687 6690 6693 6696 6699 6702 6705 6708 6711 6714 6717 6720 6723 6726 6729 6732 6735 6738 6741 6744 6747 6750 6753 6756 6759 6762 6765 6768 6771 6774 6777 6780 6783 6786 6789 6792 6795 6798 6801 6804 6807 6810 6813 6816 6819 6822 6825 6828 6831 6834 6837 6840 6843 6846 6849 6852 6855 6858 6861 6864 6867 6870 6873 6876 6879 6882 6885 6888 6891 6894 6897 6900 6903 6906 6909 6912 6915 6918 6921 6924 6927 6930 6933 6936 6939 6942 6945 6948 6951 6954 6957 6960 6963 6966 6969 6972 6975 6978 6981 6984 6987 6990 6993 6996 6999 7002 7005 7008 7011 7014 7017 7020 7023 7026 7029 7032 7035 7038 7041 7044 7047 7050 7053 7056 7059 7062 7065 7068 7071 7074 7077 7080 7083 7086 7089 7092 7095 7098 7101 7104 7107 7110 7113 7116 7119 7122 7125 7128 7131 7134 7137 7140 7143 7146 7149 7152 7155 7158 7161 7164 7167 7170 7173 7176 7179 7182 7185 7188 7191 7194 7197 7200 7203 7206 7209 7212 7215 7218 7221 7224 7227 7230 7233 7236 7239 7242 7245 7248 7251 7254 7257 7260 7263 7266 7269 7272 7275 7278 7281 7284 7287 7290 7293 7296 7299 7302 7305 7308 7311 7314 7317 7320 7323 7326 7329 7332 7335 7338 7341 7344 7347 7350 7353 7356 7359 7362 7365 7368 7371 7374 7377 7380 7383 7386 7389 7392 7395 7398 7401 7404 7407 7410 7413 7416 7419 7422 7425 7428 7431 7434 7437 7440 7443 7446 7449 7452 7455 7458 7461 7464 7467 7470 7473 7476 7479 7482 7485 7488 7491 7494 7497 7500 7503 7506 7509 7512 7515 7518 7521 7524 7527 7530 7533 7536 7539 7542 7545 7548 7551 7554 7557 7560 7563 7566 7569 7572 7575 7578 7581 7584 7587 7590 7593 7596 7599 7602 7605 7608 7611 7614 7617 7620 7623 7626 7629 7632 7635 7638 7641 7644 7647 7650 7653 7656 7659 7662 7665 7668 7671 7674 7677 7680 7683 7686 7689 7692 7695 7698 7701 7704 7707 7710 7713 7716 7719 7722 7725 7728 7731 7734 7737 7740 7743 7746 7749 7752 7755 7758 7761 7764 7767 7770 7773 7776 7779 7782 7785 7788 7791 7794 7797 7800 7803 7806 7809 7812 7815 7818 7821 7824 7827 7830 7833 7836 7839 7842 7845 7848 7851 7854 7857 7860 7863 7866 7869 7872 7875 7878 7881 7884 7887 7890 7893 7896 7899 7902 7905 7908 7911 7914 7917 7920 7923 7926 7929 7932 7935 7938 7941 7944 7947 7950 7953 7956 7959 7962 7965 7968 7971 7974 7977 7980 7983 7986 7989 7992 7995 7998 8001 8004 8007 8010 8013 8016 8019 8022 8025 8028 8031 8034 8037 8040 8043 8046 8049 8052 8055 8058 8061 8064 8067 8070 8073 8076 8079 8082 8085 8088 8091 8094 8097 8100 8103 8106 8109 8112 8115 8118 8121 8124 8127 8130 8133 8136 8139 8142 8145 8148 8151 8154 8157 8160 8163 8166 8169 8172 8175 8178 8181 8184 8187 8190 8193 8196 8199 8202 8205 8208 8211 8214 8217 8220 8223 8226 8229 8232 8235 8238 8241 8244 8247 8250 8253 8256 8259 8262 8265 8268 8271 8274 8277 8280 8283 8286 8289 8292 8295 8298 8301 8304 8307 8310 8313 8316 8319 8322 8325 8328 8331 8334 8337 8340 8343 8346 8349 8352 8355 8358 8361 8364 8367 8370 8373 8376 8379 8382 8385 8388 8391 8394 8397 8400 8403 8406 8409 8412 8415 8418 8421 8424 8427 8430 8433 8436 8439 8442 8445 8448 8451 8454 8457 8460 8463 8466 8469 8472 8475 8478 8481 8484 8487 8490 8493 8496 8499 8502 8505 8508 8511 8514 8517 8520 8523 8526 8529 8532 8535 8538 8541 8544 8547 8550 8553 8556 8559 8562 8565 8568 8571 8574 8577 8580 8583 8586 8589 8592 8595 8598 8601 8604 8607 8610 8613 8616 8619 8622 8625 8628 8631 8634 8637 8640 8643 8646 8649 8652 8655 8658 8661 8664 8667 8670 8673 8676 8679 8682 8685 8688 8691 8694 8697 8700 8703 8706 8709 8712 8715 8718 8721 8724 8727 8730 8733 8736 8739 8742 8745 8748 8751 8754 8757 8760 8763 8766 8769 8772 8775 8778 8781 8784 8787 8790 8793 8796 8799 8802 8805 8808 8811 8814 8817 8820 8823 8826 8829 8832 8835 8838 8841 8844 8847 8850 8853 8856 8859 8862 8865 8868 8871 8874 8877 8880 8883 8886 8889 8892 8895 8898 8901 8904 8907 8910 8913 8916 8919 8922 8925 8928 8931 8934 8937 8940 8943 8946 8949 8952 8955 8958 8961 8964 8967 8970 8973 8976 8979 8982 8985 8988 8991 8994 8997 9000 9003 9006 9009 9012 9015 9018 9021 9024 9027 9030 9033 9036 9039 9042 9045 9048 9051 9054 9057 9060 9063 9066 9069 9072 9075 9078 9081 9084 9087 9090 9093 9096 9099 9102 9105 9108 9111 9114 9117 9120 9123 9126 9129 9132 9135 9138 9141 9144 9147 9150 9153 9156 9159 9162 9165 9168 9171 9174 9177 9180 9183 9186 9189 9192 9195 9198 9201 9204 9207 9210 9213 9216 9219 9222 9225 9228 9231 9234 9237 9240 9243 9246 9249 9252 9255 9258 9261 9264 9267 9270 9273 9276 9279 9282 9285 9288 9291 9294 9297 9300 9303 9306 9309 9312 9315 9318 9321 9324 9327 9330 9333 9336 9339 9342 9345 9348 9351 9354 9357 9360 9363 9366 9369 9372 9375 9378 9381 9384 9387 9390 9393 9396 9399 9402 9405 9408 9411 9414 9417 9420 9423 9426 9429 9432 9435 9438 9441 9444 9447 9450 9453 9456 9459 9462 9465 9468 9471 9474 9477 9480 9483 9486 9489 9492 9495 9498 9501 9504 9507 9510 9513 9516 9519 9522 9525 9528 9531 9534 9537 9540 9543 9546 9549 9552 9555 9558 9561 9564 9567 9570 9573 9576 9579 9582 9585 9588 9591 9594 9597 9600 9603 9606 9609 9612 9615 9618 9621 9624 9627 9630 9633 9636 9639 9642 9645 9648 9651 9654 9657 9660 9663 9666 9669 9672 9675 9678 9681 9684 9687 9690 9693 9696 9699 9702 9705 9708 9711 9714 9717 9720 9723 9726 9729 9732 9735 9738 9741 9744 9747 9750 9753 9756 9759 9762 9765 9768 9771 9774 9777 9780 9783 9786 9789 9792 9795 9798 9801 9804 9807 9810 9813 9816 9819 9822 9825 9828 9831 9834 9837 9840 9843 9846 9849 9852 9855 9858 9861 9864 9867 9870 9873 9876 9879 9882 9885 9888 9891 9894 9897 9900 9903 9906 9909 9912 9915 9918 9921 9924 9927 9930 9933 9936 9939 9942 9945 9948 9951 9954 9957 9960 9963 9966 9969 9972 9975 9978 9981 9984 9987 9990 9993 9996 9999 10002 10005 10008 10011 10014 10017 10020 10023 10026 10029 10032 10035 10038 10041 10044 10047 10050 10053 10056 10059 10062 10065 10068 10071 10074 10077 10080 10083 10086 10089 10092 10095 10098 10101 10104 10107 10110 10113 10116 10119 10122 10125 10128 10131 10134 10137 10140 10143 10146 10149 10152 10155 10158 10161 10164 10167 10170 10173 10176 10179 10182 10185 10188 10191 10194 10197 10200 10203 10206 10209 10212 10215 10218 10221 10224 10227 10230 10233 10236 10239 10242 10245 10248 10251 10254 10257 10260 10263 10266 10269 10272 10275 10278 10281 10284 10287 10290 10293 10296 10299 10302 10305 10308 10311 10314 10317 10320 10323 10326 10329 10332 10335 10338 10341 10344 10347 10350 10353 10356 10359 10362 10365 10368 10371 10374 10377 10380 10383 10386 10389 10392 10395 10398 10401 10404 10407 10410 10413 10416 10419 10422 10425 10428 10431 10434 10437 10440 10443 10446 10449 10452 10455 10458 10461 10464 10467 10470 10473 10476 10479 10482 10485 10488 10491 10494 10497 10500 10503 10506 10509 10512 10515 10518 10521 10524 10527 10530 10533 10536 10539 10542 10545 10548 10551 10554 10557 10560 10563 10566 10569 10572 10575 10578 10581 10584 10587 10590 10593 10596 10599 10602 10605 10608 10611 10614 10617 10620 10623 10626 10629 10632 10635 10638 10641 10644 10647 10650 10653 10656 10659 10662 10665 10668 10671 10674 10677 10680 10683 10686 10689 10692 10695 10698 10701 10704 10707 10710 10713 10716 10719 10722 10725 10728 10731 10734 10737 10740 10743 10746 10749 10752 10755 10758 10761 10764 10767 10770 10773 10776 10779 10782 10785 10788 10791 10794 10797 10800 10803 10806 10809 10812 10815 10818 10821 10824 10827 10830 10833 10836 10839 10842 10845 10848 10851 10854 10857 10860 10863 10866 10869 10872 10875 10878 10881 10884 10887 10890 10893 10896 10899 10902 10905 10908 10911 10914 10917 10920 10923 10926 10929 10932 10935 10938 10941 10944 10947 10950 10953 10956 10959 10962 10965 10968 10971 10974 10977 10980 10983 10986 10989 10992 10995 10998 11001 11004 11007 11010 11013 11016 11019 11022 11025 11028 11031 11034 11037 11040 11043 11046 11049 11052 11055 11058 11061 11064 11067 11070 11073 11076 11079 11082 11085 11088 11091 11094 11097 11100 11103 11106 11109 11112 11115 11118 11121 11124 11127 11130 11133 11136 11139 11142 11145 11148 11151 11154 11157 11160 11163 11166 11169 11172 11175 11178 11181 11184 11187 11190 11193 11196 11199 11202 11205 11208 11211 11214 11217 11220 11223 11226 11229 11232 11235 11238 11241 11244 11247 11250 11253 11256 11259 11262 11265 11268 11271 11274 11277 11280 11283 11286 11289 11292 11295 11298 11301 11304 11307 11310 11313 11316 11319 11322 11325 11328 11331 11334 11337 11340 11343 11346 11349 11352 11355 11358 11361 11364 11367 11370 11373 11376 11379 11382 11385 11388 11391 11394 11397 11400 11403 11406 11409 11412 11415 11418 11421 11424 11427 11430 11433 11436 11439 11442 11445 11448 11451 11454 11457 11460 11463 11466 11469 11472 11475 11478 11481 11484 11487 11490 11493 11496 11499 11502 11505 11508 11511 11514 11517 11520 11523 11526 11529 11532 11535 11538 11541 11544 11547 11550 11553 11556 11559 11562 11565 11568 11571 11574 11577 11580 11583 11586 11589 11592 11595 11598 11601 11604 11607 11610 11613 11616 11619 11622 11625 11628 11631 11634 11637 11640 11643 11646 11649 11652 11655 11658 11661 11664 11667 11670 11673 11676 11679 11682 11685 11688 11691 11694 11697 11700 11703 11706 11709 11712 11715 11718 11721 11724 11727 11730 11733 11736 11739 11742 11745 11748 11751 11754 11757 11760 11763 11766 11769 11772 11775 11778 11781 11784 11787 11790 11793 11796 11799 11802 11805 11808 11811 11814 11817 11820 11823 11826 11829 11832 11835 11838 11841 11844 11847 11850 11853 11856 11859 11862 11865 11868 11871 11874 11877 11880 11883 11886 11889 11892 11895 11898 11901 11904 11907 11910 11913 11916 11919 11922 11925 11928 11931 11934 11937 11940 11943 11946 11949 11952 11955 11958 11961 11964 11967 11970 11973 11976 11979 11982 11985 11988 11991 11994 11997 12000 12003 12006 12009 12012 12015 12018 12021 12024 12027 12030 12033 12036 12039 12042 12045 12048 12051 12054 12057 12060 12063 12066 12069 12072 12075 12078 12081 12084 12087 12090 12093 12096 12099 12102 12105 12108 12111 12114 12117 12120 12123 12126 12129 12132 12135 12138 12141 12144 12147 12150 12153 12156 12159 12162 12165 12168 12171 12174 12177 12180 12183 12186 12189 12192 12195 12198 12201 12204 12207 12210 12213 12216 12219 12222 12225 12228 12231 12234 12237 12240 12243 12246 12249 12252 12255 12258 12261 12264 12267 12270 12273 12276 12279 12282 12285 12288 12291 12294 12297 12300 12303 12306 12309 12312 12315 12318 12321 12324 12327 12330 12333 12336 12339 12342 12345 12348 12351 12354 12357 12360 12363 12366 12369 12372 12375 12378 12381 12384 12387 12390 12393 12396 12399 12402 12405 12408 12411 12414 12417 12420 12423 12426 12429 12432 12435 12438 12441 12444 12447 12450 12453 12456 12459 12462 12465 12468 12471 12474 12477 12480 12483 12486 12489 12492 12495 12498 12501 12504 12507 12510 12513 12516 12519 12522 12525 12528 12531 12534 12537 12540 12543 12546 12549 12552 12555 12558 12561 12564 12567 12570 12573 12576 12579 12582 12585 12588 12591 12594 12597 12600 12603 12606 12609 12612 12615 12618 12621 12624 12627 12630 12633 12636 12639 12642 12645 12648 12651 12654 12657 12660 12663 12666 12669 12672 12675 12678 12681 12684 12687 12690 12693 12696 12699 12702 12705 12708 12711 12714 12717 12720 12723 12726 12729 12732 12735 12738 12741 12744 12747 12750 12753 12756 12759 12762 12765 12768 12771 12774 12777 12780 12783 12786 12789 12792 12795 12798 12801 12804 12807 12810 12813 12816 12819 12822 12825 12828 12831 12834 12837 12840 12843 12846 12849 12852 12855 12858 12861 12864 12867 12870 12873 12876 12879 12882 12885 12888 12891 12894 12897 12900 12903 12906 12909 12912 12915 12918 12921 12924 12927 12930 12933 12936 12939 12942 12945 12948 12951 12954 12957 12960 12963 12966 12969 12972 12975 12978 12981 12984 12987 12990 12993 12996 12999 13002 13005 13008 13011 13014 13017 13020 13023 13026 13029 13032 13035 13038 13041 13044 13047 13050 13053 13056 13059 13062 13065 13068 13071 13074 13077 13080 13083 13086 13089 13092 13095 13098 13101 13104 13107 13110 13113 13116 13119 13122 13125 13128 13131 13134 13137 13140 13143 13146 13149 13152 13155 13158 13161 13164 13167 13170 13173 13176 13179 13182 13185 13188 13191 13194 13197 13200 13203 13206 13209 13212 13215 13218 13221 13224 13227 13230 13233 13236 13239 13242 13245 13248 13251 13254 13257 13260 13263 13266 13269 13272 13275 13278 13281 13284 13287 13290 13293 13296 13299 13302 13305 13308 13311 13314 13317 13320 13323 13326 13329 13332 13335 13338 13341 13344 13347 13350 13353 13356 13359 13362 13365 13368 13371 13374 13377 13380 13383 13386 13389 13392 13395 13398 13401 13404 13407 13410 13413 13416 13419 13422 13425 13428 13431 13434 13437 13440 13443 13446 13449 13452 13455 13458 13461 13464 13467 13470 13473 13476 13479 13482 13485 13488 13491 13494 13497 13500 13503 13506 13509 13512 13515 13518 13521 13524 13527 13530 13533 13536 13539 13542 13545 13548 13551 13554 13557 13560 13563 13566 13569 13572 13575 13578 13581 13584 13587 13590 13593 13596 13599 13602 13605 13608 13611 13614 13617 13620 13623 13626 13629 13632 13635 13638 13641 13644 13647 13650 13653 13656 13659 13662 13665 13668 13671 13674 13677 13680 13683 13686 13689 13692 13695 13698 13701 13704 13707 13710 13713 13716 13719 13722 13725 13728 13731 13734 13737 13740 13743 13746 13749 13752 13755 13758 13761 13764 13767 13770 13773 13776 13779 13782 13785 13788 13791 13794 13797 13800 13803 13806 13809 13812 13815 13818 13821 13824 13827 13830 13833 13836 13839 13842 13845 13848 13851 13854 13857 13860 13863 13866 13869 13872 13875 13878 13881 13884 13887 13890 13893 13896 13899 13902 13905 13908 13911 13914 13917 13920 13923 13926 13929 13932 13935 13938 13941 13944 13947 13950 13953 13956 13959 13962 13965 13968 13971 13974 13977 13980 13983 13986 13989 13992 13995 13998 14001 14004 14007 14010 14013 14016 14019 14022 14025 14028 14031 14034 14037 14040 14043 14046 14049 14052 14055 14058 14061 14064 14067 14070 14073 14076 14079 14082 14085 14088 14091 14094 14097 14100 14103 14106 14109 14112 14115 14118 14121 14124 14127 14130 14133 14136 14139 14142 14145 14148 14151 14154 14157 14160 14163 14166 14169 14172 14175 14178 14181 14184 14187 14190 14193 14196 14199 14202 14205 14208 14211 14214 14217 14220 14223 14226 14229 14232 14235 14238 14241 14244 14247 14250 14253 14256 14259 14262 14265 14268 14271 14274 14277 14280 14283 14286 14289 14292 14295 14298 14301 14304 14307 14310 14313 14316 14319 14322 14325 14328 14331 14334 14337 14340 14343 14346 14349 14352 14355 14358 14361 14364 14367 14370 14373 14376 14379 14382 14385 14388 14391 14394 14397 14400 14403 14406 14409 14412 14415 14418 14421 14424 14427 14430 14433 14436 14439 14442 14445 14448 14451 14454 14457 14460 14463 14466 14469 14472 14475 14478 14481 14484 14487 14490 14493 14496 14499 14502 14505 14508 14511 14514 14517 14520 14523 14526 14529 14532 14535 14538 14541 14544 14547 14550 14553 14556 14559 14562 14565 14568 14571 14574 14577 14580 14583 14586 14589 14592 14595 14598 14601 14604 14607 14610 14613 14616 14619 14622 14625 14628 14631 14634 14637 14640 14643 14646 14649 14652 14655 14658 14661 14664 14667 14670 14673 14676 14679 14682 14685 14688 14691 14694 14697 14700 14703 14706 14709 14712 14715 14718 14721 14724 14727 14730 14733 14736 14739 14742 14745 14748 14751 14754 14757 14760 14763 14766 14769 14772 14775 14778 14781 14784 14787 14790 14793 14796 14799 14802 14805 14808 14811 14814 14817 14820 14823 14826 14829 14832 14835 14838 14841 14844 14847 14850 14853 14856 14859 14862 14865 14868 14871 14874 14877 14880 14883 14886 14889 14892 14895 14898 14901 14904 14907 14910 14913 14916 14919 14922 14925 14928 14931 14934 14937 14940 14943 14946 14949 14952 14955 14958 14961 14964 14967 14970 14973 14976 14979 14982 14985 14988 14991 14994 14997 15000 15003 15006 15009 15012 15015 15018 15021 15024 15027 15030 15033 15036 15039 15042 15045 15048 15051 15054 15057 15060 15063 15066 15069 15072 15075 15078 15081 15084 15087 15090 15093 15096 15099 15102 15105 15108 15111 15114 15117 15120 15123 15126 15129 15132 15135 15138 15141 15144 15147 15150 15153 15156 15159 15162 15165 15168 15171 15174 15177 15180 15183 15186 15189 15192 15195 15198 15201 15204 15207 15210 15213 15216 15219 15222 15225 15228 15231 15234 15237 15240 15243 15246 15249 15252 15255 15258 15261 15264 15267 15270 15273 15276 15279 15282 15285 15288 15291 15294 15297 15300 15303 15306 15309 15312 15315 15318 15321 15324 15327 15330 15333 15336 15339 15342 15345 15348 15351 15354 15357 15360 15363 15366 15369 15372 15375 15378 15381 15384 15387 15390 15393 15396 15399 15402 15405 15408 15411 15414 15417 15420 15423 15426 15429 15432 15435 15438 15441 15444 15447 15450 15453 15456 15459 15462 15465 15468 15471 15474 15477 15480 15483 15486 15489 15492 15495 15498 15501 15504 15507 15510 15513 15516 15519 15522 15525 15528 15531 15534 15537 15540 15543 15546 15549 15552 15555 15558 15561 15564 15567 15570 15573 15576 15579 15582 15585 15588 15591 15594 15597 15600 15603 15606 15609 15612 15615 15618 15621 15624 15627 15630 15633 15636 15639 15642 15645 15648 15651 15654 15657 15660 15663 15666 15669 15672 15675 15678 15681 15684 15687 15690 15693 15696 15699 15702 15705 15708 15711 15714 15717 15720 15723 15726 15729 15732 15735 15738 15741 15744 15747 15750 15753 15756 15759 15762 15765 15768 15771 15774 15777 15780 15783 15786 15789 15792 15795 15798 15801 15804 15807 15810 15813 15816 15819 15822 15825 15828 15831 15834 15837 15840 15843 15846 15849 15852 15855 15858 15861 15864 15867 15870 15873 15876 15879 15882 15885 15888 15891 15894 15897 15900 15903 15906 15909 15912 15915 15918 15921 15924 15927 15930 15933 15936 15939 15942 15945 15948 15951 15954 15957 15960 15963 15966 15969 15972 15975 15978 15981 15984 15987 15990 15993 15996 15999 16002 16005 16008 16011 16014 16017 16020 16023 16026 16029 16032 16035 16038 16041 16044 16047 16050 16053 16056 16059 16062 16065 16068 16071 16074 16077 16080 16083 16086 16089 16092 16095 16098 16101 16104 16107 16110 16113 16116 16119 16122 16125 16128 16131 16134 16137 16140 16143 16146 16149 16152 16155 16158 16161 16164 16167 16170 16173 16176 16179 16182 16185 16188 16191 16194 16197 16200 16203 16206 16209 16212 16215 16218 16221 16224 16227 16230 16233 16236 16239 16242 16245 16248 16251 16254 16257 16260 16263 16266 16269 16272 16275 16278 16281 16284 16287 16290 16293 16296 16299 16302 16305 16308 16311 16314 16317 16320 16323 16326 16329 16332 16335 16338 16341 16344 16347 16350 16353 16356 16359 16362 16365 16368 16371 16374 16377 16380 16383 16386 16389 16392 16395 16398 16401 16404 16407 16410 16413 16416 16419 16422 16425 16428 16431 16434 16437 16440 16443 16446 16449 16452 16455 16458 16461 16464 16467 16470 16473 16476 16479 16482 16485 16488 16491 16494 16497 16500 16503 16506 16509 16512 16515 16518 16521 16524 16527 16530 16533 16536 16539 16542 16545 16548 16551 16554 16557 16560 16563 16566 16569 16572 16575 16578 16581 16584 16587 16590 16593 16596 16599 16602 16605 16608 16611 16614 16617 16620 16623 16626 16629 16632 16635 16638 16641 16644 16647 16650 16653 16656 16659 16662 16665 16668 16671 16674 16677 16680 16683 16686 16689 16692 16695 16698 16701 16704 16707 16710 16713 16716 16719 16722 16725 16728 16731 16734 16737 16740 16743 16746 16749 16752 16755 16758 16761 16764 16767 16770 16773 16776 16779 16782 16785 16788 16791 16794 16797 16800 16803 16806 16809 16812 16815 16818 16821 16824 16827 16830 16833 16836 16839 16842 16845 16848 16851 16854 16857 16860 16863 16866 16869 16872 16875 16878 16881 16884 16887 16890 16893 16896 16899 16902 16905 16908 16911 16914 16917 16920 16923 16926 16929 16932 16935 16938 16941 16944 16947 16950 16953 16956 16959 16962 16965 16968 16971 16974 16977 16980 16983 16986 16989 16992 16995 16998 17001 17004 17007 17010 17013 17016 17019 17022 17025 17028 17031 17034 17037 17040 17043 17046 17049 17052 17055 17058 17061 17064 17067 17070 17073 17076 17079 17082 17085 17088 17091 17094 17097 17100 17103 17106 17109 17112 17115 17118 17121 17124 17127 17130 17133 17136 17139 17142 17145 17148 17151 17154 17157 17160 17163 17166 17169 17172 17175 17178 17181 17184 17187 17190 17193 17196 17199 17202 17205 17208 17211 17214 17217 17220 17223 17226 17229 17232 17235 17238 17241 17244 17247 17250 17253 17256 17259 17262 17265 17268 17271 17274 17277 17280 17283 17286 17289 17292 17295 17298 17301 17304 17307 17310 17313 17316 17319 17322 17325 17328 17331 17334 17337 17340 17343 17346 17349 17352 17355 17358 17361 17364 17367 17370 17373 17376 17379 17382 17385 17388 17391 17394 17397 17400 17403 17406 17409 17412 17415 17418 17421 17424 17427 17430 17433 17436 17439 17442 17445 17448 17451 17454 17457 17460 17463 17466 17469 17472 17475 17478 17481 17484 17487 17490 17493 17496 17499 17502 17505 17508 17511 17514 17517 17520 17523 17526 17529 17532 17535 17538 17541 17544 17547 17550 17553 17556 17559 17562 17565 17568 17571 17574 17577 17580 17583 17586 17589 17592 17595 17598 17601 17604 17607 17610 17613 17616 17619 17622 17625 17628 17631 17634 17637 17640 17643 17646 17649 17652 17655 17658 17661 17664 17667 17670 17673 17676 17679 17682 17685 17688 17691 17694 17697 17700 17703 17706 17709 17712 17715 17718 17721 17724 17727 17730 17733 17736 17739 17742 17745 17748 17751 17754 17757 17760 17763 17766 17769 17772 17775 17778 17781 17784 17787 17790 17793 17796 17799 17802 17805 17808 17811 17814 17817 17820 17823 17826 17829 17832 17835 17838 17841 17844 17847 17850 17853 17856 17859 17862 17865 17868 17871 17874 17877 17880 17883 17886 17889 17892 17895 17898 17901 17904 17907 17910 17913 17916 17919 17922 17925 17928 17931 17934 17937 17940 17943 17946 17949 17952 17955 17958 17961 17964 17967 17970 17973 17976 17979 17982 17985 17988 17991 17994 17997 18000 18003 18006 18009 18012 18015 18018 18021 18024 18027 18030 18033 18036 18039 18042 18045 18048 18051 18054 18057 18060 18063 18066 18069 18072 18075 18078 18081 18084 18087 18090 18093 18096 18099 18102 18105 18108 18111 18114 18117 18120 18123 18126 18129 18132 18135 18138 18141 18144 18147 18150 18153 18156 18159 18162 18165 18168 18171 18174 18177 18180 18183 18186 18189 18192 18195 18198 18201 18204 18207 18210 18213 18216 18219 18222 18225 18228 18231 18234 18237 18240 18243 18246 18249 18252 18255 18258 18261 18264 18267 18270 18273 18276 18279 18282 18285 18288 18291 18294 18297 18300 18303 18306 18309 18312 18315 18318 18321 18324 18327 18330 18333 18336 18339 18342 18345 18348 18351 18354 18357 18360 18363 18366 18369 18372 18375 18378 18381 18384 18387 18390 18393 18396 18399 18402 18405 18408 18411 18414 18417 18420 18423 18426 18429 18432 18435 18438 18441 18444 18447 18450 18453 18456 18459 18462 18465 18468 18471 18474 18477 18480 18483 18486 18489 18492 18495 18498 18501 18504 18507 18510 18513 18516 18519 18522 18525 18528 18531 18534 18537 18540 18543 18546 18549 18552 18555 18558 18561 18564 18567 18570 18573 18576 18579 18582 18585 18588 18591 18594 18597 18600 18603 18606 18609 18612 18615 18618 18621 18624 18627 18630 18633 18636 18639 18642 18645 18648 18651 18654 18657 18660 18663 18666 18669 18672 18675 18678 18681 18684 18687 18690 18693 18696 18699 18702 18705 18708 18711 18714 18717 18720 18723 18726 18729 18732 18735 18738 18741 18744 18747 18750 18753 18756 18759 18762 18765 18768 18771 18774 18777 18780 18783 18786 18789 18792 18795 18798 18801 18804 18807 18810 18813 18816 18819 18822 18825 18828 18831 18834 18837 18840 18843 18846 18849 18852 18855 18858 18861 18864 18867 18870 18873 18876 18879 18882 18885 18888 18891 18894 18897 18900 18903 18906 18909 18912 18915 18918 18921 18924 18927 18930 18933 18936 18939 18942 18945 18948 18951 18954 18957 18960 18963 18966 18969 18972 18975 18978 18981 18984 18987 18990 18993 18996 18999 19002 19005 19008 19011 19014 19017 19020 19023 19026 19029 19032 19035 19038 19041 19044 19047 19050 19053 19056 19059 19062 19065 19068 19071 19074 19077 19080 19083 19086 19089 19092 19095 19098 19101 19104 19107 19110 19113 19116 19119 19122 19125 19128 19131 19134 19137 19140 19143 19146 19149 19152 19155 19158 19161 19164 19167 19170 19173 19176 19179 19182 19185 19188 19191 19194 19197 19200 19203 19206 19209 19212 19215 19218 19221 19224 19227 19230 19233 19236 19239 19242 19245 19248 19251 19254 19257 19260 19263 19266 19269 19272 19275 19278 19281 19284 19287 19290 19293 19296 19299 19302 19305 19308 19311 19314 19317 19320 19323 19326 19329 19332 19335 19338 19341 19344 19347 19350 19353 19356 19359 19362 19365 19368 19371 19374 19377 19380 19383 19386 19389 19392 19395 19398 19401 19404 19407 19410 19413 19416 19419 19422 19425 19428 19431 19434 19437 19440 19443 19446 19449 19452 19455 19458 19461 19464 19467 19470 19473 19476 19479 19482 19485 19488 19491 19494 19497 19500 19503 19506 19509 19512 19515 19518 19521 19524 19527 19530 19533 19536 19539 19542 19545 19548 19551 19554 19557 19560 19563 19566 19569 19572 19575 19578 19581 19584 19587 19590 19593 19596 19599 19602 19605 19608 19611 19614 19617 19620 19623 19626 19629 19632 19635 19638 19641 19644 19647 19650 19653 19656 19659 19662 19665 19668 19671 19674 19677 19680 19683 19686 19689 19692 19695 19698 19701 19704 19707 19710 19713 19716 19719 19722 19725 19728 19731 19734 19737 19740 19743 19746 19749 19752 19755 19758 19761 19764 19767 19770 19773 19776 19779 19782 19785 19788 19791 19794 19797 19800 19803 19806 19809 19812 19815 19818 19821 19824 19827 19830 19833 19836 19839 19842 19845 19848 19851 19854 19857 19860 19863 19866 19869 19872 19875 19878 19881 19884 19887 19890 19893 19896 19899 19902 19905 19908 19911 19914 19917 19920 19923 19926 19929 19932 19935 19938 19941 19944 19947 19950 19953 19956 19959 19962 19965 19968 19971 19974 19977 19980 19983 19986 19989 19992 19995 19998 20001 20004 20007 20010 20013 20016 20019 20022 20025 20028 20031 20034 20037 20040 20043 20046 20049 20052 20055 20058 20061 20064 20067 20070 20073 20076 20079 20082 20085 20088 20091 20094 20097 20100 20103 20106 20109 20112 20115 20118 20121 20124 20127 20130 20133 20136 20139 20142 20145 20148 20151 20154 20157 20160 20163 20166 20169 20172 20175 20178 20181 20184 20187 20190 20193 20196 20199 20202 20205 20208 20211 20214 20217 20220 20223 20226 20229 20232 20235 20238 20241 20244 20247 20250 20253 20256 20259 20262 20265 20268 20271 20274 20277 20280 20283 20286 20289 20292 20295 20298 20301 20304 20307 20310 20313 20316 20319 20322 20325 20328 20331 20334 20337 20340 20343 20346 20349 20352 20355 20358 20361 20364 20367 20370 20373 20376 20379 20382 20385 20388 20391 20394 20397 20400 20403 20406 20409 20412 20415 20418 20421 20424 20427 20430 20433 20436 20439 20442 20445 20448 20451 20454 20457 20460 20463 20466 20469 20472 20475 20478 20481 20484 20487 20490 20493 20496 20499 20502 20505 20508 20511 20514 20517 20520 20523 20526 20529 20532 20535 20538 20541 20544 20547 20550 20553 20556 20559 20562 20565 20568 20571 20574 20577 20580 20583 20586 20589 20592 20595 20598 20601 20604 20607 20610 20613 20616 20619 20622 20625 20628 20631 20634 20637 20640 20643 20646 20649 20652 20655 20658 20661 20664 20667 20670 20673 20676 20679 20682 20685 20688 20691 20694 20697 20700 20703 20706 20709 20712 20715 20718 20721 20724 20727 20730 20733 20736 20739 20742 20745 20748 20751 20754 20757 20760 20763 20766 20769 20772 20775 20778 20781 20784 20787 20790 20793 20796 20799 20802 20805 20808 20811 20814 20817 20820 20823 20826 20829 20832 20835 20838 20841 20844 20847 20850 20853 20856 20859 20862 20865 20868 20871 20874 20877 20880 20883 20886 20889 20892 20895 20898 20901 20904 20907 20910 20913 20916 20919 20922 20925 20928 20931 20934 20937 20940 20943 20946 20949 20952 20955 20958 20961 20964 20967 20970 20973 20976 20979 20982 20985 20988 20991 20994 20997 21000 21003 21006 21009 21012 21015 21018 21021 21024 21027 21030 21033 21036 21039 21042 21045 21048 21051 21054 21057 21060 21063 21066 21069 21072 21075 21078 21081 21084 21087 21090 21093 21096 21099 21102 21105 21108 21111 21114 21117 21120 21123 21126 21129 21132 21135 21138 21141 21144 21147 21150 21153 21156 21159 21162 21165 21168 21171 21174 21177 21180 21183 21186 21189 21192 21195 21198 21201 21204 21207 21210 21213 21216 21219 21222 21225 21228 21231 21234 21237 21240 21243 21246 21249 21252 21255 21258 21261 21264 21267 21270 21273 21276 21279 21282 21285 21288 21291 21294 21297 21300 21303 21306 21309 21312 21315 21318 21321 21324 21327 21330 21333 21336 21339 21342 21345 21348 21351 21354 21357 21360 21363 21366 21369 21372 21375 21378 21381 21384 21387 21390 21393 21396 21399 21402 21405 21408 21411 21414 21417 21420 21423 21426 21429 21432 21435 21438 21441 21444 21447 21450 21453 21456 21459 21462 21465 21468 21471 21474 21477 21480 21483 21486 21489 21492 21495 21498 21501 21504 21507 21510 21513 21516 21519 21522 21525 21528 21531 21534 21537 21540 21543 21546 21549 21552 21555 21558 21561 21564 21567 21570 21573 21576 21579 21582 21585 21588 21591 21594 21597 21600 21603 21606 21609 21612 21615 21618 21621 21624 21627 21630 21633 21636 21639 21642 21645 21648 21651 21654 21657 21660 21663 21666 21669 21672 21675 21678 21681 21684 21687 21690 21693 21696 21699 21702 21705 21708 21711 21714 21717 21720 21723 21726 21729 21732 21735 21738 21741 21744 21747 21750 21753 21756 21759 21762 21765 21768 21771 21774 21777 21780 21783 21786 21789 21792 21795 21798 21801 21804 21807 21810 21813 21816 21819 21822 21825 21828 21831 21834 21837 21840 21843 21846 21849 21852 21855 21858 21861 21864 21867 21870 21873 21876 21879 21882 21885 21888 21891 21894 21897 21900 21903 21906 21909 21912 21915 21918 21921 21924 21927 21930 21933 21936 21939 21942 21945 21948 21951 21954 21957 21960 21963 21966 21969 21972 21975 21978 21981 21984 21987 21990 21993 21996 21999 22002 22005 22008 22011 22014 22017 22020 22023 22026 22029 22032 22035 22038 22041 22044 22047 22050 22053 22056 22059 22062 22065 22068 22071 22074 22077 22080 22083 22086 22089 22092 22095 22098 22101 22104 22107 22110 22113 22116 22119 22122 22125 22128 22131 22134 22137 22140 22143 22146 22149 22152 22155 22158 22161 22164 22167 22170 22173 22176 22179 22182 22185 22188 22191 22194 22197 22200 22203 22206 22209 22212 22215 22218 22221 22224 22227 22230 22233 22236 22239 22242 22245 22248 22251 22254 22257 22260 22263 22266 22269 22272 22275 22278 22281 22284 22287 22290 22293 22296 22299 22302 22305 22308 22311 22314 22317 22320 22323 22326 22329 22332 22335 22338 22341 22344 22347 22350 22353 22356 22359 22362 22365 22368 22371 22374 22377 22380 22383 22386 22389 22392 22395 22398 22401 22404 22407 22410 22413 22416 22419 22422 22425 22428 22431 22434 22437 22440 22443 22446 22449 22452 22455 22458 22461 22464 22467 22470 22473 22476 22479 22482 22485 22488 22491 22494 22497 22500 22503 22506 22509 22512 22515 22518 22521 22524 22527 22530 22533 22536 22539 22542 22545 22548 22551 22554 22557 22560 22563 22566 22569 22572 22575 22578 22581 22584 22587 22590 22593 22596 22599 22602 22605 22608 22611 22614 22617 22620 22623 22626 22629 22632 22635 22638 22641 22644 22647 22650 22653 22656 22659 22662 22665 22668 22671 22674 22677 22680 22683 22686 22689 22692 22695 22698 22701 22704 22707 22710 22713 22716 22719 22722 22725 22728 22731 22734 22737 22740 22743 22746 22749 22752 22755 22758 22761 22764 22767 22770 22773 22776 22779 22782 22785 22788 22791 22794 22797 22800 22803 22806 22809 22812 22815 22818 22821 22824 22827 22830 22833 22836 22839 22842 22845 22848 22851 22854 22857 22860 22863 22866 22869 22872 22875 22878 22881 22884 22887 22890 22893 22896 22899 22902 22905 22908 22911 22914 22917 22920 22923 22926 22929 22932 22935 22938 22941 22944 22947 22950 22953 22956 22959 22962 22965 22968 22971 22974 22977 22980 22983 22986 22989 22992 22995 22998 23001 23004 23007 23010 23013 23016 23019 23022 23025 23028 23031 23034 23037 23040 23043 23046 23049 23052 23055 23058 23061 23064 23067 23070 23073 23076 23079 23082 23085 23088 23091 23094 23097 23100 23103 23106 23109 23112 23115 23118 23121 23124 23127 23130 23133 23136 23139 23142 23145 23148 23151 23154 23157 23160 23163 23166 23169 23172 23175 23178 23181 23184 23187 23190 23193 23196 23199 23202 23205 23208 23211 23214 23217 23220 23223 23226 23229 23232 23235 23238 23241 23244 23247 23250 23253 23256 23259 23262 23265 23268 23271 23274 23277 23280 23283 23286 23289 23292 23295 23298 23301 23304 23307 23310 23313 23316 23319 23322 23325 23328 23331 23334 23337 23340 23343 23346 23349 23352 23355 23358 23361 23364 23367 23370 23373 23376 23379 23382 23385 23388 23391 23394 23397 23400 23403 23406 23409 23412 23415 23418 23421 23424 23427 23430 23433 23436 23439 23442 23445 23448 23451 23454 23457 23460 23463 23466 23469 23472 23475 23478 23481 23484 23487 23490 23493 23496 23499 23502 23505 23508 23511 23514 23517 23520 23523 23526 23529 23532 23535 23538 23541 23544 23547 23550 23553 23556 23559 23562 23565 23568 23571 23574 23577 23580 23583 23586 23589 23592 23595 23598 23601 23604 23607 23610 23613 23616 23619 23622 23625 23628 23631 23634 23637 23640 23643 23646 23649 23652 23655 23658 23661 23664 23667 23670 23673 23676 23679 23682 23685 23688 23691 23694 23697 23700 23703 23706 23709 23712 23715 23718 23721 23724 23727 23730 23733 23736 23739 23742 23745 23748 23751 23754 23757 23760 23763 23766 23769 23772 23775 23778 23781 23784 23787 23790 23793 23796 23799 23802 23805 23808 23811 23814 23817 23820 23823 23826 23829 23832 23835 23838 23841 23844 23847 23850 23853 23856 23859 23862 23865 23868 23871 23874 23877 23880 23883 23886 23889 23892 23895 23898 23901 23904 23907 23910 23913 23916 23919 23922 23925 23928 23931 23934 23937 23940 23943 23946 23949 23952 23955 23958 23961 23964 23967 23970 23973 23976 23979 23982 23985 23988 23991 23994 23997 24000 24003 24006 24009 24012 24015 24018 24021 24024 24027 24030 24033 24036 24039 24042 24045 24048 24051 24054 24057 24060 24063 24066 24069 24072 24075 24078 24081 24084 24087 24090 24093 24096 24099 24102 24105 24108 24111 24114 24117 24120 24123 24126 24129 24132 24135 24138 24141 24144 24147 24150 24153 24156 24159 24162 24165 24168 24171 24174 24177 24180 24183 24186 24189 24192 24195 24198 24201 24204 24207 24210 24213 24216 24219 24222 24225 24228 24231 24234 24237 24240 24243 24246 24249 24252 24255 24258 24261 24264 24267 24270 24273 24276 24279 24282 24285 24288 24291 24294 24297 24300 24303 24306 24309 24312 24315 24318 24321 24324 24327 24330 24333 24336 24339 24342 24345 24348 24351 24354 24357 24360 24363 24366 24369 24372 24375 24378 24381 24384 24387 24390 24393 24396 24399 24402 24405 24408 24411 24414 24417 24420 24423 24426 24429 24432 24435 24438 24441 24444 24447 24450 24453 24456 24459 24462 24465 24468 24471 24474 24477 24480 24483 24486 24489 24492 24495 24498 24501 24504 24507 24510 24513 24516 24519 24522 24525 24528 24531 24534 24537 24540 24543 24546 24549 24552 24555 24558 24561 24564 24567 24570 24573 24576 24579 24582 24585 24588 24591 24594 24597 24600 24603 24606 24609 24612 24615 24618 24621 24624 24627 24630 24633 24636 24639 24642 24645 24648 24651 24654 24657 24660 24663 24666 24669 24672 24675 24678 24681 24684 24687 24690 24693 24696 24699 24702 24705 24708 24711 24714 24717 24720 24723 24726 24729 24732 24735 24738 24741 24744 24747 24750 24753 24756 24759 24762 24765 24768 24771 24774 24777 24780 24783 24786 24789 24792 24795 24798 24801 24804 24807 24810 24813 24816 24819 24822 24825 24828 24831 24834 24837 24840 24843 24846 24849 24852 24855 24858 24861 24864 24867 24870 24873 24876 24879 24882 24885 24888 24891 24894 24897 24900 24903 24906 24909 24912 24915 24918 24921 24924 24927 24930 24933 24936 24939 24942 24945 24948 24951 24954 24957 24960 24963 24966 24969 24972 24975 24978 24981 24984 24987 24990 24993 24996 24999 25002 25005 25008 25011 25014 25017 25020 25023 25026 25029 25032 25035 25038 25041 25044 25047 25050 25053 25056 25059 25062 25065 25068 25071 25074 25077 25080 25083 25086 25089 25092 25095 25098 25101 25104 25107 25110 25113 25116 25119 25122 25125 25128 25131 25134 25137 25140 25143 25146 25149 25152 25155 25158 25161 25164 25167 25170 25173 25176 25179 25182 25185 25188 25191 25194 25197 25200 25203 25206 25209 25212 25215 25218 25221 25224 25227 25230 25233 25236 25239 25242 25245 25248 25251 25254 25257 25260 25263 25266 25269 25272 25275 25278 25281 25284 25287 25290 25293 25296 25299 25302 25305 25308 25311 25314 25317 25320 25323 25326 25329 25332 25335 25338 25341 25344 25347 25350 25353 25356 25359 25362 25365 25368 25371 25374 25377 25380 25383 25386 25389 25392 25395 25398 25401 25404 25407 25410 25413 25416 25419 25422 25425 25428 25431 25434 25437 25440 25443 25446 25449 25452 25455 25458 25461 25464 25467 25470 25473 25476 25479 25482 25485 25488 25491 25494 25497 25500 25503 25506 25509 25512 25515 25518 25521 25524 25527 25530 25533 25536 25539 25542 25545 25548 25551 25554 25557 25560 25563 25566 25569 25572 25575 25578 25581 25584 25587 25590 25593 25596 25599 25602 25605 25608 25611 25614 25617 25620 25623 25626 25629 25632 25635 25638 25641 25644 25647 25650 25653 25656 25659 25662 25665 25668 25671 25674 25677 25680 25683 25686 25689 25692 25695 25698 25701 25704 25707 25710 25713 25716 25719 25722 25725 25728 25731 25734 25737 25740 25743 25746 25749 25752 25755 25758 25761 25764 25767 25770 25773 25776 25779 25782 25785 25788 25791 25794 25797 25800 25803 25806 25809 25812 25815 25818 25821 25824 25827 25830 25833 25836 25839 25842 25845 25848 25851 25854 25857 25860 25863 25866 25869 25872 25875 25878 25881 25884 25887 25890 25893 25896 25899 25902 25905 25908 25911 25914 25917 25920 25923 25926 25929 25932 25935 25938 25941 25944 25947 25950 25953 25956 25959 25962 25965 25968 25971 25974 25977 25980 25983 25986 25989 25992 25995 25998 26001 26004 26007 26010 26013 26016 26019 26022 26025 26028 26031 26034 26037 26040 26043 26046 26049 26052 26055 26058 26061 26064 26067 26070 26073 26076 26079 26082 26085 26088 26091 26094 26097 26100 26103 26106 26109 26112 26115 26118 26121 26124 26127 26130 26133 26136 26139 26142 26145 26148 26151 26154 26157 26160 26163 26166 26169 26172 26175 26178 26181 26184 26187 26190 26193 26196 26199 26202 26205 26208 26211 26214 26217 26220 26223 26226 26229 26232 26235 26238 26241 26244 26247 26250 26253 26256 26259 26262 26265 26268 26271 26274 26277 26280 26283 26286 26289 26292 26295 26298 26301 26304 26307 26310 26313 26316 26319 26322 26325 26328 26331 26334 26337 26340 26343 26346 26349 26352 26355 26358 26361 26364 26367 26370 26373 26376 26379 26382 26385 26388 26391 26394 26397 26400 26403 26406 26409 26412 26415 26418 26421 26424 26427 26430 26433 26436 26439 26442 26445 26448 26451 26454 26457 26460 26463 26466 26469 26472 26475 26478 26481 26484 26487 26490 26493 26496 26499 26502 26505 26508 26511 26514 26517 26520 26523 26526 26529 26532 26535 26538 26541 26544 26547 26550 26553 26556 26559 26562 26565 26568 26571 26574 26577 26580 26583 26586 26589 26592 26595 26598 26601 26604 26607 26610 26613 26616 26619 26622 26625 26628 26631 26634 26637 26640 26643 26646 26649 26652 26655 26658 26661 26664 26667 26670 26673 26676 26679 26682 26685 26688 26691 26694 26697 26700 26703 26706 26709 26712 26715 26718 26721 26724 26727 26730 26733 26736 26739 26742 26745 26748 26751 26754 26757 26760 26763 26766 26769 26772 26775 26778 26781 26784 26787 26790 26793 26796 26799 26802 26805 26808 26811 26814 26817 26820 26823 26826 26829 26832 26835 26838 26841 26844 26847 26850 26853 26856 26859 26862 26865 26868 26871 26874 26877 26880 26883 26886 26889 26892 26895 26898 26901 26904 26907 26910 26913 26916 26919 26922 26925 26928 26931 26934 26937 26940 26943 26946 26949 26952 26955 26958 26961 26964 26967 26970 26973 26976 26979 26982 26985 26988 26991 26994 26997 27000 27003 27006 27009 27012 27015 27018 27021 27024 27027 27030 27033 27036 27039 27042 27045 27048 27051 27054 27057 27060 27063 27066 27069 27072 27075 27078 27081 27084 27087 27090 27093 27096 27099 27102 27105 27108 27111 27114 27117 27120 27123 27126 27129 27132 27135 27138 27141 27144 27147 27150 27153 27156 27159 27162 27165 27168 27171 27174 27177 27180 27183 27186 27189 27192 27195 27198 27201 27204 27207 27210 27213 27216 27219 27222 27225 27228 27231 27234 27237 27240 27243 27246 27249 27252 27255 27258 27261 27264 27267 27270 27273 27276 27279 27282 27285 27288 27291 27294 27297 27300 27303 27306 27309 27312 27315 27318 27321 27324 27327 27330 27333 27336 27339 27342 27345 27348 27351 27354 27357 27360 27363 27366 27369 27372 27375 27378 27381 27384 27387 27390 27393 27396 27399 27402 27405 27408 27411 27414 27417 27420 27423 27426 27429 27432 27435 27438 27441 27444 27447 27450 27453 27456 27459 27462 27465 27468 27471 27474 27477 27480 27483 27486 27489 27492 27495 27498 27501 27504 27507 27510 27513 27516 27519 27522 27525 27528 27531 27534 27537 27540 27543 27546 27549 27552 27555 27558 27561 27564 27567 27570 27573 27576 27579 27582 27585 27588 27591 27594 27597 27600 27603 27606 27609 27612 27615 27618 27621 27624 27627 27630 27633 27636 27639 27642 27645 27648 27651 27654 27657 27660 27663 27666 27669 27672 27675 27678 27681 27684 27687 27690 27693 27696 27699 27702 27705 27708 27711 27714 27717 27720 27723 27726 27729 27732 27735 27738 27741 27744 27747 27750 27753 27756 27759 27762 27765 27768 27771 27774 27777 27780 27783 27786 27789 27792 27795 27798 27801 27804 27807 27810 27813 27816 27819 27822 27825 27828 27831 27834 27837 27840 27843 27846 27849 27852 27855 27858 27861 27864 27867 27870 27873 27876 27879 27882 27885 27888 27891 27894 27897 27900 27903 27906 27909 27912 27915 27918 27921 27924 27927 27930 27933 27936 27939 27942 27945 27948 27951 27954 27957 27960 27963 27966 27969 27972 27975 27978 27981 27984 27987 27990 27993 27996 27999 28002 28005 28008 28011 28014 28017 28020 28023 28026 28029 28032 28035 28038 28041 28044 28047 28050 28053 28056 28059 28062 28065 28068 28071 28074 28077 28080 28083 28086 28089 28092 28095 28098 28101 28104 28107 28110 28113 28116 28119 28122 28125 28128 28131 28134 28137 28140 28143 28146 28149 28152 28155 28158 28161 28164 28167 28170 28173 28176 28179 28182 28185 28188 28191 28194 28197 28200 28203 28206 28209 28212 28215 28218 28221 28224 28227 28230 28233 28236 28239 28242 28245 28248 28251 28254 28257 28260 28263 28266 28269 28272 28275 28278 28281 28284 28287 28290 28293 28296 28299 28302 28305 28308 28311 28314 28317 28320 28323 28326 28329 28332 28335 28338 28341 28344 28347 28350 28353 28356 28359 28362 28365 28368 28371 28374 28377 28380 28383 28386 28389 28392 28395 28398 28401 28404 28407 28410 28413 28416 28419 28422 28425 28428 28431 28434 28437 28440 28443 28446 28449 28452 28455 28458 28461 28464 28467 28470 28473 28476 28479 28482 28485 28488 28491 28494 28497 28500 28503 28506 28509 28512 28515 28518 28521 28524 28527 28530 28533 28536 28539 28542 28545 28548 28551 28554 28557 28560 28563 28566 28569 28572 28575 28578 28581 28584 28587 28590 28593 28596 28599 28602 28605 28608 28611 28614 28617 28620 28623 28626 28629 28632 28635 28638 28641 28644 28647 28650 28653 28656 28659 28662 28665 28668 28671 28674 28677 28680 28683 28686 28689 28692 28695 28698 28701 28704 28707 28710 28713 28716 28719 28722 28725 28728 28731 28734 28737 28740 28743 28746 28749 28752 28755 28758 28761 28764 28767 28770 28773 28776 28779 28782 28785 28788 28791 28794 28797 28800 28803 28806 28809 28812 28815 28818 28821 28824 28827 28830 28833 28836 28839 28842 28845 28848 28851 28854 28857 28860 28863 28866 28869 28872 28875 28878 28881 28884 28887 28890 28893 28896 28899 28902 28905 28908 28911 28914 28917 28920 28923 28926 28929 28932 28935 28938 28941 28944 28947 28950 28953 28956 28959 28962 28965 28968 28971 28974 28977 28980 28983 28986 28989 28992 28995 28998 29001 29004 29007 29010 29013 29016 29019 29022 29025 29028 29031 29034 29037 29040 29043 29046 29049 29052 29055 29058 29061 29064 29067 29070 29073 29076 29079 29082 29085 29088 29091 29094 29097 29100 29103 29106 29109 29112 29115 29118 29121 29124 29127 29130 29133 29136 29139 29142 29145 29148 29151 29154 29157 29160 29163 29166 29169 29172 29175 29178 29181 29184 29187 29190 29193 29196 29199 29202 29205 29208 29211 29214 29217 29220 29223 29226 29229 29232 29235 29238 29241 29244 29247 29250 29253 29256 29259 29262 29265 29268 29271 29274 29277 29280 29283 29286 29289 29292 29295 29298 29301 29304 29307 29310 29313 29316 29319 29322 29325 29328 29331 29334 29337 29340 29343 29346 29349 29352 29355 29358 29361 29364 29367 29370 29373 29376 29379 29382 29385 29388 29391 29394 29397 29400 29403 29406 29409 29412 29415 29418 29421 29424 29427 29430 29433 29436 29439 29442 29445 29448 29451 29454 29457 29460 29463 29466 29469 29472 29475 29478 29481 29484 29487 29490 29493 29496 29499 29502 29505 29508 29511 29514 29517 29520 29523 29526 29529 29532 29535 29538 29541 29544 29547 29550 29553 29556 29559 29562 29565 29568 29571 29574 29577 29580 29583 29586 29589 29592 29595 29598 29601 29604 29607 29610 29613 29616 29619 29622 29625 29628 29631 29634 29637 29640 29643 29646 29649 29652 29655 29658 29661 29664 29667 29670 29673 29676 29679 29682 29685 29688 29691 29694 29697 29700 29703 29706 29709 29712 29715 29718 29721 29724 29727 29730 29733 29736 29739 29742 29745 29748 29751 29754 29757 29760 29763 29766 29769 29772 29775 29778 29781 29784 29787 29790 29793 29796 29799 29802 29805 29808 29811 29814 29817 29820 29823 29826 29829 29832 29835 29838 29841 29844 29847 29850 29853 29856 29859 29862 29865 29868 29871 29874 29877 29880 29883 29886 29889 29892 29895 29898 29901 29904 29907 29910 29913 29916 29919 29922 29925 29928 29931 29934 29937 29940 29943 29946 29949 29952 29955 29958 29961 29964 29967 29970 29973 29976 29979 29982 29985 29988 29991 29994 29997 30000 30003 30006 30009 30012 30015 30018 30021 30024 30027 30030 30033 30036 30039 30042 30045 30048 30051 30054 30057 30060 30063 30066 30069 30072 30075 30078 30081 30084 30087 30090 30093 30096 30099 30102 30105 30108 30111 30114 30117 30120 30123 30126 30129 30132 30135 30138 30141 30144 30147 30150 30153 30156 30159 30162 30165 30168 30171 30174 30177 30180 30183 30186 30189 30192 30195 30198 30201 30204 30207 30210 30213 30216 30219 30222 30225 30228 30231 30234 30237 30240 30243 30246 30249 30252 30255 30258 30261 30264 30267 30270 30273 30276 30279 30282 30285 30288 30291 30294 30297 30300 30303 30306 30309 30312 30315 30318 30321 30324 30327 30330 30333 30336 30339 30342 30345 30348 30351 30354 30357 30360 30363 30366 30369 30372 30375 30378 30381 30384 30387 30390 30393 30396 30399 30402 30405 30408 30411 30414 30417 30420 30423 30426 30429 30432 30435 30438 30441 30444 30447 30450 30453 30456 30459 30462 30465 30468 30471 30474 30477 30480 30483 30486 30489 30492 30495 30498 30501 30504 30507 30510 30513 30516 30519 30522 30525 30528 30531 30534 30537 30540 30543 30546 30549 30552 30555 30558 30561 30564 30567 30570 30573 30576 30579 30582 30585 30588 30591 30594 30597 30600 30603 30606 30609 30612 30615 30618 30621 30624 30627 30630 30633 30636 30639 30642 30645 30648 30651 30654 30657 30660 30663 30666 30669 30672 30675 30678 30681 30684 30687 30690 30693 30696 30699 30702 30705 30708 30711 30714 30717 30720 30723 30726 30729 30732 30735 30738 30741 30744 30747 30750 30753 30756 30759 30762 30765 30768 30771 30774 30777 30780 30783 30786 30789 30792 30795 30798 30801 30804 30807 30810 30813 30816 30819 30822 30825 30828 30831 30834 30837 30840 30843 30846 30849 30852 30855 30858 30861 30864 30867 30870 30873 30876 30879 30882 30885 30888 30891 30894 30897 30900 30903 30906 30909 30912 30915 30918 30921 30924 30927 30930 30933 30936 30939 30942 30945 30948 30951 30954 30957 30960 30963 30966 30969 30972 30975 30978 30981 30984 30987 30990 30993 30996 30999 31002 31005 31008 31011 31014 31017 31020 31023 31026 31029 31032 31035 31038 31041 31044 31047 31050 31053 31056 31059 31062 31065 31068 31071 31074 31077 31080 31083 31086 31089 31092 31095 31098 31101 31104 31107 31110 31113 31116 31119 31122 31125 31128 31131 31134 31137 31140 31143 31146 31149 31152 31155 31158 31161 31164 31167 31170 31173 31176 31179 31182 31185 31188 31191 31194 31197 31200 31203 31206 31209 31212 31215 31218 31221 31224 31227 31230 31233 31236 31239 31242 31245 31248 31251 31254 31257 31260 31263 31266 31269 31272 31275 31278 31281 31284 31287 31290 31293 31296 31299 31302 31305 31308 31311 31314 31317 31320 31323 31326 31329 31332 31335 31338 31341 31344 31347 31350 31353 31356 31359 31362 31365 31368 31371 31374 31377 31380 31383 31386 31389 31392 31395 31398 31401 31404 31407 31410 31413 31416 31419 31422 31425 31428 31431 31434 31437 31440 31443 31446 31449 31452 31455 31458 31461 31464 31467 31470 31473 31476 31479 31482 31485 31488 31491 31494 31497 31500 31503 31506 31509 31512 31515 31518 31521 31524 31527 31530 31533 31536 31539 31542 31545 31548 31551 31554 31557 31560 31563 31566 31569 31572 31575 31578 31581 31584 31587 31590 31593 31596 31599 31602 31605 31608 31611 31614 31617 31620 31623 31626 31629 31632 31635 31638 31641 31644 31647 31650 31653 31656 31659 31662 31665 31668 31671 31674 31677 31680 31683 31686 31689 31692 31695 31698 31701 31704 31707 31710 31713 31716 31719 31722 31725 31728 31731 31734 31737 31740 31743 31746 31749 31752 31755 31758 31761 31764 31767 31770 31773 31776 31779 31782 31785 31788 31791 31794 31797 31800 31803 31806 31809 31812 31815 31818 31821 31824 31827 31830 31833 31836 31839 31842 31845 31848 31851 31854 31857 31860 31863 31866 31869 31872 31875 31878 31881 31884 31887 31890 31893 31896 31899 31902 31905 31908 31911 31914 31917 31920 31923 31926 31929 31932 31935 31938 31941 31944 31947 31950 31953 31956 31959 31962 31965 31968 31971 31974 31977 31980 31983 31986 31989 31992 31995 31998 32001 32004 32007 32010 32013 32016 32019 32022 32025 32028 32031 32034 32037 32040 32043 32046 32049 32052 32055 32058 32061 32064 32067 32070 32073 32076 32079 32082 32085 32088 32091 32094 32097 32100 32103 32106 32109 32112 32115 32118 32121 32124 32127 32130 32133 32136 32139 32142 32145 32148 32151 32154 32157 32160 32163 32166 32169 32172 32175 32178 32181 32184 32187 32190 32193 32196 32199 32202 32205 32208 32211 32214 32217 32220 32223 32226 32229 32232 32235 32238 32241 32244 32247 32250 32253 32256 32259 32262 32265 32268 32271 32274 32277 32280 32283 32286 32289 32292 32295 32298 32301 32304 32307 32310 32313 32316 32319 32322 32325 32328 32331 32334 32337 32340 32343 32346 32349 32352 32355 32358 32361 32364 32367 32370 32373 32376 32379 32382 32385 32388 32391 32394 32397 32400 32403 32406 32409 32412 32415 32418 32421 32424 32427 32430 32433 32436 32439 32442 32445 32448 32451 32454 32457 32460 32463 32466 32469 32472 32475 32478 32481 32484 32487 32490 32493 32496 32499 32502 32505 32508 32511 32514 32517 32520 32523 32526 32529 32532 32535 32538 32541 32544 32547 32550 32553 32556 32559 32562 32565 32568 32571 32574 32577 32580 32583 32586 32589 32592 32595 32598 32601 32604 32607 32610 32613 32616 32619 32622 32625 32628 32631 32634 32637 32640 32643 32646 32649 32652 32655 32658 32661 32664 32667 32670 32673 32676 32679 32682 32685 32688 32691 32694 32697 32700 32703 32706 32709 32712 32715 32718 32721 32724 32727 32730 32733 32736 32739 32742 32745 32748 32751 32754 32757 32760 32763 32766 32769 32772 32775 32778 32781 32784 32787 32790 32793 32796 32799 32802 32805 32808 32811 32814 32817 32820 32823 32826 32829 32832 32835 32838 32841 32844 32847 32850 32853 32856 32859 32862 32865 32868 32871 32874 32877 32880 32883 32886 32889 32892 32895 32898 32901 32904 32907 32910 32913 32916 32919 32922 32925 32928 32931 32934 32937 32940 32943 32946 32949 32952 32955 32958 32961 32964 32967 32970 32973 32976 32979 32982 32985 32988 32991 32994 32997 33000 33003 33006 33009 33012 33015 33018 33021 33024 33027 33030 33033 33036 33039 33042 33045 33048 33051 33054 33057 33060 33063 33066 33069 33072 33075 33078 33081 33084 33087 33090 33093 33096 33099 33102 33105 33108 33111 33114 33117 33120 33123 33126 33129 33132 33135 33138 33141 33144 33147 33150 33153 33156 33159 33162 33165 33168 33171 33174 33177 33180 33183 33186 33189 33192 33195 33198 33201 33204 33207 33210 33213 33216 33219 33222 33225 33228 33231 33234 33237 33240 33243 33246 33249 33252 33255 33258 33261 33264 33267 33270 33273 33276 33279 33282 33285 33288 33291 33294 33297 33300 33303 33306 33309 33312 33315 33318 33321 33324 33327 33330 33333 33336 33339 33342 33345 33348 33351 33354 33357 33360 33363 33366 33369 33372 33375 33378 33381 33384 33387 33390 33393 33396 33399 33402 33405 33408 33411 33414 33417 33420 33423 33426 33429 33432 33435 33438 33441 33444 33447 33450 33453 33456 33459 33462 33465 33468 33471 33474 33477 33480 33483 33486 33489 33492 33495 33498 33501 33504 33507 33510 33513 33516 33519 33522 33525 33528 33531 33534 33537 33540 33543 33546 33549 33552 33555 33558 33561 33564 33567 33570 33573 33576 33579 33582 33585 33588 33591 33594 33597 33600 33603 33606 33609 33612 33615 33618 33621 33624 33627 33630 33633 33636 33639 33642 33645 33648 33651 33654 33657 33660 33663 33666 33669 33672 33675 33678 33681 33684 33687 33690 33693 33696 33699 33702 33705 33708 33711 33714 33717 33720 33723 33726 33729 33732 33735 33738 33741 33744 33747 33750 33753 33756 33759 33762 33765 33768 33771 33774 33777 33780 33783 33786 33789 33792 33795 33798 33801 33804 33807 33810 33813 33816 33819 33822 33825 33828 33831 33834 33837 33840 33843 33846 33849 33852 33855 33858 33861 33864 33867 33870 33873 33876 33879 33882 33885 33888 33891 33894 33897 33900 33903 33906 33909 33912 33915 33918 33921 33924 33927 33930 33933 33936 33939 33942 33945 33948 33951 33954 33957 33960 33963 33966 33969 33972 33975 33978 33981 33984 33987 33990 33993 33996 33999 34002 34005 34008 34011 34014 34017 34020 34023 34026 34029 34032 34035 34038 34041 34044 34047 34050 34053 34056 34059 34062 34065 34068 34071 34074 34077 34080 34083 34086 34089 34092 34095 34098 34101 34104 34107 34110 34113 34116 34119 34122 34125 34128 34131 34134 34137 34140 34143 34146 34149 34152 34155 34158 34161 34164 34167 34170 34173 34176 34179 34182 34185 34188 34191 34194 34197 34200 34203 34206 34209 34212 34215 34218 34221 34224 34227 34230 34233 34236 34239 34242 34245 34248 34251 34254 34257 34260 34263 34266 34269 34272 34275 34278 34281 34284 34287 34290 34293 34296 34299 34302 34305 34308 34311 34314 34317 34320 34323 34326 34329 34332 34335 34338 34341 34344 34347 34350 34353 34356 34359 34362 34365 34368 34371 34374 34377 34380 34383 34386 34389 34392 34395 34398 34401 34404 34407 34410 34413 34416 34419 34422 34425 34428 34431 34434 34437 34440 34443 34446 34449 34452 34455 34458 34461 34464 34467 34470 34473 34476 34479 34482 34485 34488 34491 34494 34497 34500 34503 34506 34509 34512 34515 34518 34521 34524 34527 34530 34533 34536 34539 34542 34545 34548 34551 34554 34557 34560 34563 34566 34569 34572 34575 34578 34581 34584 34587 34590 34593 34596 34599 34602 34605 34608 34611 34614 34617 34620 34623 34626 34629 34632 34635 34638 34641 34644 34647 34650 34653 34656 34659 34662 34665 34668 34671 34674 34677 34680 34683 34686 34689 34692 34695 34698 34701 34704 34707 34710 34713 34716 34719 34722 34725 34728 34731 34734 34737 34740 34743 34746 34749 34752 34755 34758 34761 34764 34767 34770 34773 34776 34779 34782 34785 34788 34791 34794 34797 34800 34803 34806 34809 34812 34815 34818 34821 34824 34827 34830 34833 34836 34839 34842 34845 34848 34851 34854 34857 34860 34863 34866 34869 34872 34875 34878 34881 34884 34887 34890 34893 34896 34899 34902 34905 34908 34911 34914 34917 34920 34923 34926 34929 34932 34935 34938 34941 34944 34947 34950 34953 34956 34959 34962 34965 34968 34971 34974 34977 34980 34983 34986 34989 34992 34995 34998 35001 35004 35007 35010 35013 35016 35019 35022 35025 35028 35031 35034 35037 35040 35043 35046 35049 35052 35055 35058 35061 35064 35067 35070 35073 35076 35079 35082 35085 35088 35091 35094 35097 35100 35103 35106 35109 35112 35115 35118 35121 35124 35127 35130 35133 35136 35139 35142 35145 35148 35151 35154 35157 35160 35163 35166 35169 35172 35175 35178 35181 35184 35187 35190 35193 35196 35199 35202 35205 35208 35211 35214 35217 35220 35223 35226 35229 35232 35235 35238 35241 35244 35247 35250 35253 35256 35259 35262 35265 35268 35271 35274 35277 35280 35283 35286 35289 35292 35295 35298 35301 35304 35307 35310 35313 35316 35319 35322 35325 35328 35331 35334 35337 35340 35343 35346 35349 35352 35355 35358 35361 35364 35367 35370 35373 35376 35379 35382 35385 35388 35391 35394 35397 35400 35403 35406 35409 35412 35415 35418 35421 35424 35427 35430 35433 35436 35439 35442 35445 35448 35451 35454 35457 35460 35463 35466 35469 35472 35475 35478 35481 35484 35487 35490 35493 35496 35499 35502 35505 35508 35511 35514 35517 35520 35523 35526 35529 35532 35535 35538 35541 35544 35547 35550 35553 35556 35559 35562 35565 35568 35571 35574 35577 35580 35583 35586 35589 35592 35595 35598 35601 35604 35607 35610 35613 35616 35619 35622 35625 35628 35631 35634 35637 35640 35643 35646 35649 35652 35655 35658 35661 35664 35667 35670 35673 35676 35679 35682 35685 35688 35691 35694 35697 35700 35703 35706 35709 35712 35715 35718 35721 35724 35727 35730 35733 35736 35739 35742 35745 35748 35751 35754 35757 35760 35763 35766 35769 35772 35775 35778 35781 35784 35787 35790 35793 35796 35799 35802 35805 35808 35811 35814 35817 35820 35823 35826 35829 35832 35835 35838 35841 35844 35847 35850 35853 35856 35859 35862 35865 35868 35871 35874 35877 35880 35883 35886 35889 35892 35895 35898 35901 35904 35907 35910 35913 35916 35919 35922 35925 35928 35931 35934 35937 35940 35943 35946 35949 35952 35955 35958 35961 35964 35967 35970 35973 35976 35979 35982 35985 35988 35991 35994 35997 36000 36003 36006 36009 36012 36015 36018 36021 36024 36027 36030 36033 36036 36039 36042 36045 36048 36051 36054 36057 36060 36063 36066 36069 36072 36075 36078 36081 36084 36087 36090 36093 36096 36099 36102 36105 36108 36111 36114 36117 36120 36123 36126 36129 36132 36135 36138 36141 36144 36147 36150 36153 36156 36159 36162 36165 36168 36171 36174 36177 36180 36183 36186 36189 36192 36195 36198 36201 36204 36207 36210 36213 36216 36219 36222 36225 36228 36231 36234 36237 36240 36243 36246 36249 36252 36255 36258 36261 36264 36267 36270 36273 36276 36279 36282 36285 36288 36291 36294 36297 36300 36303 36306 36309 36312 36315 36318 36321 36324 36327 36330 36333 36336 36339 36342 36345 36348 36351 36354 36357 36360 36363 36366 36369 36372 36375 36378 36381 36384 36387 36390 36393 36396 36399 36402 36405 36408 36411 36414 36417 36420 36423 36426 36429 36432 36435 36438 36441 36444 36447 36450 36453 36456 36459 36462 36465 36468 36471 36474 36477 36480 36483 36486 36489 36492 36495 36498 36501 36504 36507 36510 36513 36516 36519 36522 36525 36528 36531 36534 36537 36540 36543 36546 36549 36552 36555 36558 36561 36564 36567 36570 36573 36576 36579 36582 36585 36588 36591 36594 36597 36600 36603 36606 36609 36612 36615 36618 36621 36624 36627 36630 36633 36636 36639 36642 36645 36648 36651 36654 36657 36660 36663 36666 36669 36672 36675 36678 36681 36684 36687 36690 36693 36696 36699 36702 36705 36708 36711 36714 36717 36720 36723 36726 36729 36732 36735 36738 36741 36744 36747 36750 36753 36756 36759 36762 36765 36768 36771 36774 36777 36780 36783 36786 36789 36792 36795 36798 36801 36804 36807 36810 36813 36816 36819 36822 36825 36828 36831 36834 36837 36840 36843 36846 36849 36852 36855 36858 36861 36864 36867 36870 36873 36876 36879 36882 36885 36888 36891 36894 36897 36900 36903 36906 36909 36912 36915 36918 36921 36924 36927 36930 36933 36936 36939 36942 36945 36948 36951 36954 36957 36960 36963 36966 36969 36972 36975 36978 36981 36984 36987 36990 36993 36996 36999 37002 37005 37008 37011 37014 37017 37020 37023 37026 37029 37032 37035 37038 37041 37044 37047 37050 37053 37056 37059 37062 37065 37068 37071 37074 37077 37080 37083 37086 37089 37092 37095 37098 37101 37104 37107 37110 37113 37116 37119 37122 37125 37128 37131 37134 37137 37140 37143 37146 37149 37152 37155 37158 37161 37164 37167 37170 37173 37176 37179 37182 37185 37188 37191 37194 37197 37200 37203 37206 37209 37212 37215 37218 37221 37224 37227 37230 37233 37236 37239 37242 37245 37248 37251 37254 37257 37260 37263 37266 37269 37272 37275 37278 37281 37284 37287 37290 37293 37296 37299 37302 37305 37308 37311 37314 37317 37320 37323 37326 37329 37332 37335 37338 37341 37344 37347 37350 37353 37356 37359 37362 37365 37368 37371 37374 37377 37380 37383 37386 37389 37392 37395 37398 37401 37404 37407 37410 37413 37416 37419 37422 37425 37428 37431 37434 37437 37440 37443 37446 37449 37452 37455 37458 37461 37464 37467 37470 37473 37476 37479 37482 37485 37488 37491 37494 37497 37500 37503 37506 37509 37512 37515 37518 37521 37524 37527 37530 37533 37536 37539 37542 37545 37548 37551 37554 37557 37560 37563 37566 37569 37572 37575 37578 37581 37584 37587 37590 37593 37596 37599 37602 37605 37608 37611 37614 37617 37620 37623 37626 37629 37632 37635 37638 37641 37644 37647 37650 37653 37656 37659 37662 37665 37668 37671 37674 37677 37680 37683 37686 37689 37692 37695 37698 37701 37704 37707 37710 37713 37716 37719 37722 37725 37728 37731 37734 37737 37740 37743 37746 37749 37752 37755 37758 37761 37764 37767 37770 37773 37776 37779 37782 37785 37788 37791 37794 37797 37800 37803 37806 37809 37812 37815 37818 37821 37824 37827 37830 37833 37836 37839 37842 37845 37848 37851 37854 37857 37860 37863 37866 37869 37872 37875 37878 37881 37884 37887 37890 37893 37896 37899 37902 37905 37908 37911 37914 37917 37920 37923 37926 37929 37932 37935 37938 37941 37944 37947 37950 37953 37956 37959 37962 37965 37968 37971 37974 37977 37980 37983 37986 37989 37992 37995 37998 38001 38004 38007 38010 38013 38016 38019 38022 38025 38028 38031 38034 38037 38040 38043 38046 38049 38052 38055 38058 38061 38064 38067 38070 38073 38076 38079 38082 38085 38088 38091 38094 38097 38100 38103 38106 38109 38112 38115 38118 38121 38124 38127 38130 38133 38136 38139 38142 38145 38148 38151 38154 38157 38160 38163 38166 38169 38172 38175 38178 38181 38184 38187 38190 38193 38196 38199 38202 38205 38208 38211 38214 38217 38220 38223 38226 38229 38232 38235 38238 38241 38244 38247 38250 38253 38256 38259 38262 38265 38268 38271 38274 38277 38280 38283 38286 38289 38292 38295 38298 38301 38304 38307 38310 38313 38316 38319 38322 38325 38328 38331 38334 38337 38340 38343 38346 38349 38352 38355 38358 38361 38364 38367 38370 38373 38376 38379 38382 38385 38388 38391 38394 38397 38400 38403 38406 38409 38412 38415 38418 38421 38424 38427 38430 38433 38436 38439 38442 38445 38448 38451 38454 38457 38460 38463 38466 38469 38472 38475 38478 38481 38484 38487 38490 38493 38496 38499 38502 38505 38508 38511 38514 38517 38520 38523 38526 38529 38532 38535 38538 38541 38544 38547 38550 38553 38556 38559 38562 38565 38568 38571 38574 38577 38580 38583 38586 38589 38592 38595 38598 38601 38604 38607 38610 38613 38616 38619 38622 38625 38628 38631 38634 38637 38640 38643 38646 38649 38652 38655 38658 38661 38664 38667 38670 38673 38676 38679 38682 38685 38688 38691 38694 38697 38700 38703 38706 38709 38712 38715 38718 38721 38724 38727 38730 38733 38736 38739 38742 38745 38748 38751 38754 38757 38760 38763 38766 38769 38772 38775 38778 38781 38784 38787 38790 38793 38796 38799 38802 38805 38808 38811 38814 38817 38820 38823 38826 38829 38832 38835 38838 38841 38844 38847 38850 38853 38856 38859 38862 38865 38868 38871 38874 38877 38880 38883 38886 38889 38892 38895 38898 38901 38904 38907 38910 38913 38916 38919 38922 38925 38928 38931 38934 38937 38940 38943 38946 38949 38952 38955 38958 38961 38964 38967 38970 38973 38976 38979 38982 38985 38988 38991 38994 38997 39000 39003 39006 39009 39012 39015 39018 39021 39024 39027 39030 39033 39036 39039 39042 39045 39048 39051 39054 39057 39060 39063 39066 39069 39072 39075 39078 39081 39084 39087 39090 39093 39096 39099 39102 39105 39108 39111 39114 39117 39120 39123 39126 39129 39132 39135 39138 39141 39144 39147 39150 39153 39156 39159 39162 39165 39168 39171 39174 39177 39180 39183 39186 39189 39192 39195 39198 39201 39204 39207 39210 39213 39216 39219 39222 39225 39228 39231 39234 39237 39240 39243 39246 39249 39252 39255 39258 39261 39264 39267 39270 39273 39276 39279 39282 39285 39288 39291 39294 39297 39300 39303 39306 39309 39312 39315 39318 39321 39324 39327 39330 39333 39336 39339 39342 39345 39348 39351 39354 39357 39360 39363 39366 39369 39372 39375 39378 39381 39384 39387 39390 39393 39396 39399 39402 39405 39408 39411 39414 39417 39420 39423 39426 39429 39432 39435 39438 39441 39444 39447 39450 39453 39456 39459 39462 39465 39468 39471 39474 39477 39480 39483 39486 39489 39492 39495 39498 39501 39504 39507 39510 39513 39516 39519 39522 39525 39528 39531 39534 39537 39540 39543 39546 39549 39552 39555 39558 39561 39564 39567 39570 39573 39576 39579 39582 39585 39588 39591 39594 39597 39600 39603 39606 39609 39612 39615 39618 39621 39624 39627 39630 39633 39636 39639 39642 39645 39648 39651 39654 39657 39660 39663 39666 39669 39672 39675 39678 39681 39684 39687 39690 39693 39696 39699 39702 39705 39708 39711 39714 39717 39720 39723 39726 39729 39732 39735 39738 39741 39744 39747 39750 39753 39756 39759 39762 39765 39768 39771 39774 39777 39780 39783 39786 39789 39792 39795 39798 39801 39804 39807 39810 39813 39816 39819 39822 39825 39828 39831 39834 39837 39840 39843 39846 39849 39852 39855 39858 39861 39864 39867 39870 39873 39876 39879 39882 39885 39888 39891 39894 39897 39900 39903 39906 39909 39912 39915 39918 39921 39924 39927 39930 39933 39936 39939 39942 39945 39948 39951 39954 39957 39960 39963 39966 39969 39972 39975 39978 39981 39984 39987 39990 39993 39996 39999 40002 40005 40008 40011 40014 40017 40020 40023 40026 40029 40032 40035 40038 40041 40044 40047 40050 40053 40056 40059 40062 40065 40068 40071 40074 40077 40080 40083 40086 40089 40092 40095 40098 40101 40104 40107 40110 40113 40116 40119 40122 40125 40128 40131 40134 40137 40140 40143 40146 40149 40152 40155 40158 40161 40164 40167 40170 40173 40176 40179 40182 40185 40188 40191 40194 40197 40200 40203 40206 40209 40212 40215 40218 40221 40224 40227 40230 40233 40236 40239 40242 40245 40248 40251 40254 40257 40260 40263 40266 40269 40272 40275 40278 40281 40284 40287 40290 40293 40296 40299 40302 40305 40308 40311 40314 40317 40320 40323 40326 40329 40332 40335 40338 40341 40344 40347 40350 40353 40356 40359 40362 40365 40368 40371 40374 40377 40380 40383 40386 40389 40392 40395 40398 40401 40404 40407 40410 40413 40416 40419 40422 40425 40428 40431 40434 40437 40440 40443 40446 40449 40452 40455 40458 40461 40464 40467 40470 40473 40476 40479 40482 40485 40488 40491 40494 40497 40500 40503 40506 40509 40512 40515 40518 40521 40524 40527 40530 40533 40536 40539 40542 40545 40548 40551 40554 40557 40560 40563 40566 40569 40572 40575 40578 40581 40584 40587 40590 40593 40596 40599 40602 40605 40608 40611 40614 40617 40620 40623 40626 40629 40632 40635 40638 40641 40644 40647 40650 40653 40656 40659 40662 40665 40668 40671 40674 40677 40680 40683 40686 40689 40692 40695 40698 40701 40704 40707 40710 40713 40716 40719 40722 40725 40728 40731 40734 40737 40740 40743 40746 40749 40752 40755 40758 40761 40764 40767 40770 40773 40776 40779 40782 40785 40788 40791 40794 40797 40800 40803 40806 40809 40812 40815 40818 40821 40824 40827 40830 40833 40836 40839 40842 40845 40848 40851 40854 40857 40860 40863 40866 40869 40872 40875 40878 40881 40884 40887 40890 40893 40896 40899 40902 40905 40908 40911 40914 40917 40920 40923 40926 40929 40932 40935 40938 40941 40944 40947 40950 40953 40956 40959 40962 40965 40968 40971 40974 40977 40980 40983 40986 40989 40992 40995 40998 41001 41004 41007 41010 41013 41016 41019 41022 41025 41028 41031 41034 41037 41040 41043 41046 41049 41052 41055 41058 41061 41064 41067 41070 41073 41076 41079 41082 41085 41088 41091 41094 41097 41100 41103 41106 41109 41112 41115 41118 41121 41124 41127 41130 41133 41136 41139 41142 41145 41148 41151 41154 41157 41160 41163 41166 41169 41172 41175 41178 41181 41184 41187 41190 41193 41196 41199 41202 41205 41208 41211 41214 41217 41220 41223 41226 41229 41232 41235 41238 41241 41244 41247 41250 41253 41256 41259 41262 41265 41268 41271 41274 41277 41280 41283 41286 41289 41292 41295 41298 41301 41304 41307 41310 41313 41316 41319 41322 41325 41328 41331 41334 41337 41340 41343 41346 41349 41352 41355 41358 41361 41364 41367 41370 41373 41376 41379 41382 41385 41388 41391 41394 41397 41400 41403 41406 41409 41412 41415 41418 41421 41424 41427 41430 41433 41436 41439 41442 41445 41448 41451 41454 41457 41460 41463 41466 41469 41472 41475 41478 41481 41484 41487 41490 41493 41496 41499 41502 41505 41508 41511 41514 41517 41520 41523 41526 41529 41532 41535 41538 41541 41544 41547 41550 41553 41556 41559 41562 41565 41568 41571 41574 41577 41580 41583 41586 41589 41592 41595 41598 41601 41604 41607 41610 41613 41616 41619 41622 41625 41628 41631 41634 41637 41640 41643 41646 41649 41652 41655 41658 41661 41664 41667 41670 41673 41676 41679 41682 41685 41688 41691 41694 41697 41700 41703 41706 41709 41712 41715 41718 41721 41724 41727 41730 41733 41736 41739 41742 41745 41748 41751 41754 41757 41760 41763 41766 41769 41772 41775 41778 41781 41784 41787 41790 41793 41796 41799 41802 41805 41808 41811 41814 41817 41820 41823 41826 41829 41832 41835 41838 41841 41844 41847 41850 41853 41856 41859 41862 41865 41868 41871 41874 41877 41880 41883 41886 41889 41892 41895 41898 41901 41904 41907 41910 41913 41916 41919 41922 41925 41928 41931 41934 41937 41940 41943 41946 41949 41952 41955 41958 41961 41964 41967 41970 41973 41976 41979 41982 41985 41988 41991 41994 41997 42000 42003 42006 42009 42012 42015 42018 42021 42024 42027 42030 42033 42036 42039 42042 42045 42048 42051 42054 42057 42060 42063 42066 42069 42072 42075 42078 42081 42084 42087 42090 42093 42096 42099 42102 42105 42108 42111 42114 42117 42120 42123 42126 42129 42132 42135 42138 42141 42144 42147 42150 42153 42156 42159 42162 42165 42168 42171 42174 42177 42180 42183 42186 42189 42192 42195 42198 42201 42204 42207 42210 42213 42216 42219 42222 42225 42228 42231 42234 42237 42240 42243 42246 42249 42252 42255 42258 42261 42264 42267 42270 42273 42276 42279 42282 42285 42288 42291 42294 42297 42300 42303 42306 42309 42312 42315 42318 42321 42324 42327 42330 42333 42336 42339 42342 42345 42348 42351 42354 42357 42360 42363 42366 42369 42372 42375 42378 42381 42384 42387 42390 42393 42396 42399 42402 42405 42408 42411 42414 42417 42420 42423 42426 42429 42432 42435 42438 42441 42444 42447 42450 42453 42456 42459 42462 42465 42468 42471 42474 42477 42480 42483 42486 42489 42492 42495 42498 42501 42504 42507 42510 42513 42516 42519 42522 42525 42528 42531 42534 42537 42540 42543 42546 42549 42552 42555 42558 42561 42564 42567 42570 42573 42576 42579 42582 42585 42588 42591 42594 42597 42600 42603 42606 42609 42612 42615 42618 42621 42624 42627 42630 42633 42636 42639 42642 42645 42648 42651 42654 42657 42660 42663 42666 42669 42672 42675 42678 42681 42684 42687 42690 42693 42696 42699 42702 42705 42708 42711 42714 42717 42720 42723 42726 42729 42732 42735 42738 42741 42744 42747 42750 42753 42756 42759 42762 42765 42768 42771 42774 42777 42780 42783 42786 42789 42792 42795 42798 42801 42804 42807 42810 42813 42816 42819 42822 42825 42828 42831 42834 42837 42840 42843 42846 42849 42852 42855 42858 42861 42864 42867 42870 42873 42876 42879 42882 42885 42888 42891 42894 42897 42900 42903 42906 42909 42912 42915 42918 42921 42924 42927 42930 42933 42936 42939 42942 42945 42948 42951 42954 42957 42960 42963 42966 42969 42972 42975 42978 42981 42984 42987 42990 42993 42996 42999 43002 43005 43008 43011 43014 43017 43020 43023 43026 43029 43032 43035 43038 43041 43044 43047 43050 43053 43056 43059 43062 43065 43068 43071 43074 43077 43080 43083 43086 43089 43092 43095 43098 43101 43104 43107 43110 43113 43116 43119 43122 43125 43128 43131 43134 43137 43140 43143 43146 43149 43152 43155 43158 43161 43164 43167 43170 43173 43176 43179 43182 43185 43188 43191 43194 43197 43200 43203 43206 43209 43212 43215 43218 43221 43224 43227 43230 43233 43236 43239 43242 43245 43248 43251 43254 43257 43260 43263 43266 43269 43272 43275 43278 43281 43284 43287 43290 43293 43296 43299 43302 43305 43308 43311 43314 43317 43320 43323 43326 43329 43332 43335 43338 43341 43344 43347 43350 43353 43356 43359 43362 43365 43368 43371 43374 43377 43380 43383 43386 43389 43392 43395 43398 43401 43404 43407 43410 43413 43416 43419 43422 43425 43428 43431 43434 43437 43440 43443 43446 43449 43452 43455 43458 43461 43464 43467 43470 43473 43476 43479 43482 43485 43488 43491 43494 43497 43500 43503 43506 43509 43512 43515 43518 43521 43524 43527 43530 43533 43536 43539 43542 43545 43548 43551 43554 43557 43560 43563 43566 43569 43572 43575 43578 43581 43584 43587 43590 43593 43596 43599 43602 43605 43608 43611 43614 43617 43620 43623 43626 43629 43632 43635 43638 43641 43644 43647 43650 43653 43656 43659 43662 43665 43668 43671 43674 43677 43680 43683 43686 43689 43692 43695 43698 43701 43704 43707 43710 43713 43716 43719 43722 43725 43728 43731 43734 43737 43740 43743 43746 43749 43752 43755 43758 43761 43764 43767 43770 43773 43776 43779 43782 43785 43788 43791 43794 43797 43800 43803 43806 43809 43812 43815 43818 43821 43824 43827 43830 43833 43836 43839 43842 43845 43848 43851 43854 43857 43860 43863 43866 43869 43872 43875 43878 43881 43884 43887 43890 43893 43896 43899 43902 43905 43908 43911 43914 43917 43920 43923 43926 43929 43932 43935 43938 43941 43944 43947 43950 43953 43956 43959 43962 43965 43968 43971 43974 43977 43980 43983 43986 43989 43992 43995 43998 44001 44004 44007 44010 44013 44016 44019 44022 44025 44028 44031 44034 44037 44040 44043 44046 44049 44052 44055 44058 44061 44064 44067 44070 44073 44076 44079 44082 44085 44088 44091 44094 44097 44100 44103 44106 44109 44112 44115 44118 44121 44124 44127 44130 44133 44136 44139 44142 44145 44148 44151 44154 44157 44160 44163 44166 44169 44172 44175 44178 44181 44184 44187 44190 44193 44196 44199 44202 44205 44208 44211 44214 44217 44220 44223 44226 44229 44232 44235 44238 44241 44244 44247 44250 44253 44256 44259 44262 44265 44268 44271 44274 44277 44280 44283 44286 44289 44292 44295 44298 44301 44304 44307 44310 44313 44316 44319 44322 44325 44328 44331 44334 44337 44340 44343 44346 44349 44352 44355 44358 44361 44364 44367 44370 44373 44376 44379 44382 44385 44388 44391 44394 44397 44400 44403 44406 44409 44412 44415 44418 44421 44424 44427 44430 44433 44436 44439 44442 44445 44448 44451 44454 44457 44460 44463 44466 44469 44472 44475 44478 44481 44484 44487 44490 44493 44496 44499 44502 44505 44508 44511 44514 44517 44520 44523 44526 44529 44532 44535 44538 44541 44544 44547 44550 44553 44556 44559 44562 44565 44568 44571 44574 44577 44580 44583 44586 44589 44592 44595 44598 44601 44604 44607 44610 44613 44616 44619 44622 44625 44628 44631 44634 44637 44640 44643 44646 44649 44652 44655 44658 44661 44664 44667 44670 44673 44676 44679 44682 44685 44688 44691 44694 44697 44700 44703 44706 44709 44712 44715 44718 44721 44724 44727 44730 44733 44736 44739 44742 44745 44748 44751 44754 44757 44760 44763 44766 44769 44772 44775 44778 44781 44784 44787 44790 44793 44796 44799 44802 44805 44808 44811 44814 44817 44820 44823 44826 44829 44832 44835 44838 44841 44844 44847 44850 44853 44856 44859 44862 44865 44868 44871 44874 44877 44880 44883 44886 44889 44892 44895 44898 44901 44904 44907 44910 44913 44916 44919 44922 44925 44928 44931 44934 44937 44940 44943 44946 44949 44952 44955 44958 44961 44964 44967 44970 44973 44976 44979 44982 44985 44988 44991 44994 44997 45000 45003 45006 45009 45012 45015 45018 45021 45024 45027 45030 45033 45036 45039 45042 45045 45048 45051 45054 45057 45060 45063 45066 45069 45072 45075 45078 45081 45084 45087 45090 45093 45096 45099 45102 45105 45108 45111 45114 45117 45120 45123 45126 45129 45132 45135 45138 45141 45144 45147 45150 45153 45156 45159 45162 45165 45168 45171 45174 45177 45180 45183 45186 45189 45192 45195 45198 45201 45204 45207 45210 45213 45216 45219 45222 45225 45228 45231 45234 45237 45240 45243 45246 45249 45252 45255 45258 45261 45264 45267 45270 45273 45276 45279 45282 45285 45288 45291 45294 45297 45300 45303 45306 45309 45312 45315 45318 45321 45324 45327 45330 45333 45336 45339 45342 45345 45348 45351 45354 45357 45360 45363 45366 45369 45372 45375 45378 45381 45384 45387 45390 45393 45396 45399 45402 45405 45408 45411 45414 45417 45420 45423 45426 45429 45432 45435 45438 45441 45444 45447 45450 45453 45456 45459 45462 45465 45468 45471 45474 45477 45480 45483 45486 45489 45492 45495 45498 45501 45504 45507 45510 45513 45516 45519 45522 45525 45528 45531 45534 45537 45540 45543 45546 45549 45552 45555 45558 45561 45564 45567 45570 45573 45576 45579 45582 45585 45588 45591 45594 45597 45600 45603 45606 45609 45612 45615 45618 45621 45624 45627 45630 45633 45636 45639 45642 45645 45648 45651 45654 45657 45660 45663 45666 45669 45672 45675 45678 45681 45684 45687 45690 45693 45696 45699 45702 45705 45708 45711 45714 45717 45720 45723 45726 45729 45732 45735 45738 45741 45744 45747 45750 45753 45756 45759 45762 45765 45768 45771 45774 45777 45780 45783 45786 45789 45792 45795 45798 45801 45804 45807 45810 45813 45816 45819 45822 45825 45828 45831 45834 45837 45840 45843 45846 45849 45852 45855 45858 45861 45864 45867 45870 45873 45876 45879 45882 45885 45888 45891 45894 45897 45900 45903 45906 45909 45912 45915 45918 45921 45924 45927 45930 45933 45936 45939 45942 45945 45948 45951 45954 45957 45960 45963 45966 45969 45972 45975 45978 45981 45984 45987 45990 45993 45996 45999 46002 46005 46008 46011 46014 46017 46020 46023 46026 46029 46032 46035 46038 46041 46044 46047 46050 46053 46056 46059 46062 46065 46068 46071 46074 46077 46080 46083 46086 46089 46092 46095 46098 46101 46104 46107 46110 46113 46116 46119 46122 46125 46128 46131 46134 46137 46140 46143 46146 46149 46152 46155 46158 46161 46164 46167 46170 46173 46176 46179 46182 46185 46188 46191 46194 46197 46200 46203 46206 46209 46212 46215 46218 46221 46224 46227 46230 46233 46236 46239 46242 46245 46248 46251 46254 46257 46260 46263 46266 46269 46272 46275 46278 46281 46284 46287 46290 46293 46296 46299 46302 46305 46308 46311 46314 46317 46320 46323 46326 46329 46332 46335 46338 46341 46344 46347 46350 46353 46356 46359 46362 46365 46368 46371 46374 46377 46380 46383 46386 46389 46392 46395 46398 46401 46404 46407 46410 46413 46416 46419 46422 46425 46428 46431 46434 46437 46440 46443 46446 46449 46452 46455 46458 46461 46464 46467 46470 46473 46476 46479 46482 46485 46488 46491 46494 46497 46500 46503 46506 46509 46512 46515 46518 46521 46524 46527 46530 46533 46536 46539 46542 46545 46548 46551 46554 46557 46560 46563 46566 46569 46572 46575 46578 46581 46584 46587 46590 46593 46596 46599 46602 46605 46608 46611 46614 46617 46620 46623 46626 46629 46632 46635 46638 46641 46644 46647 46650 46653 46656 46659 46662 46665 46668 46671 46674 46677 46680 46683 46686 46689 46692 46695 46698 46701 46704 46707 46710 46713 46716 46719 46722 46725 46728 46731 46734 46737 46740 46743 46746 46749 46752 46755 46758 46761 46764 46767 46770 46773 46776 46779 46782 46785 46788 46791 46794 46797 46800 46803 46806 46809 46812 46815 46818 46821 46824 46827 46830 46833 46836 46839 46842 46845 46848 46851 46854 46857 46860 46863 46866 46869 46872 46875 46878 46881 46884 46887 46890 46893 46896 46899 46902 46905 46908 46911 46914 46917 46920 46923 46926 46929 46932 46935 46938 46941 46944 46947 46950 46953 46956 46959 46962 46965 46968 46971 46974 46977 46980 46983 46986 46989 46992 46995 46998 47001 47004 47007 47010 47013 47016 47019 47022 47025 47028 47031 47034 47037 47040 47043 47046 47049 47052 47055 47058 47061 47064 47067 47070 47073 47076 47079 47082 47085 47088 47091 47094 47097 47100 47103 47106 47109 47112 47115 47118 47121 47124 47127 47130 47133 47136 47139 47142 47145 47148 47151 47154 47157 47160 47163 47166 47169 47172 47175 47178 47181 47184 47187 47190 47193 47196 47199 47202 47205 47208 47211 47214 47217 47220 47223 47226 47229 47232 47235 47238 47241 47244 47247 47250 47253 47256 47259 47262 47265 47268 47271 47274 47277 47280 47283 47286 47289 47292 47295 47298 47301 47304 47307 47310 47313 47316 47319 47322 47325 47328 47331 47334 47337 47340 47343 47346 47349 47352 47355 47358 47361 47364 47367 47370 47373 47376 47379 47382 47385 47388 47391 47394 47397 47400 47403 47406 47409 47412 47415 47418 47421 47424 47427 47430 47433 47436 47439 47442 47445 47448 47451 47454 47457 47460 47463 47466 47469 47472 47475 47478 47481 47484 47487 47490 47493 47496 47499 47502 47505 47508 47511 47514 47517 47520 47523 47526 47529 47532 47535 47538 47541 47544 47547 47550 47553 47556 47559 47562 47565 47568 47571 47574 47577 47580 47583 47586 47589 47592 47595 47598 47601 47604 47607 47610 47613 47616 47619 47622 47625 47628 47631 47634 47637 47640 47643 47646 47649 47652 47655 47658 47661 47664 47667 47670 47673 47676 47679 47682 47685 47688 47691 47694 47697 47700 47703 47706 47709 47712 47715 47718 47721 47724 47727 47730 47733 47736 47739 47742 47745 47748 47751 47754 47757 47760 47763 47766 47769 47772 47775 47778 47781 47784 47787 47790 47793 47796 47799 47802 47805 47808 47811 47814 47817 47820 47823 47826 47829 47832 47835 47838 47841 47844 47847 47850 47853 47856 47859 47862 47865 47868 47871 47874 47877 47880 47883 47886 47889 47892 47895 47898 47901 47904 47907 47910 47913 47916 47919 47922 47925 47928 47931 47934 47937 47940 47943 47946 47949 47952 47955 47958 47961 47964 47967 47970 47973 47976 47979 47982 47985 47988 47991 47994 47997 48000 48003 48006 48009 48012 48015 48018 48021 48024 48027 48030 48033 48036 48039 48042 48045 48048 48051 48054 48057 48060 48063 48066 48069 48072 48075 48078 48081 48084 48087 48090 48093 48096 48099 48102 48105 48108 48111 48114 48117 48120 48123 48126 48129 48132 48135 48138 48141 48144 48147 48150 48153 48156 48159 48162 48165 48168 48171 48174 48177 48180 48183 48186 48189 48192 48195 48198 48201 48204 48207 48210 48213 48216 48219 48222 48225 48228 48231 48234 48237 48240 48243 48246 48249 48252 48255 48258 48261 48264 48267 48270 48273 48276 48279 48282 48285 48288 48291 48294 48297 48300 48303 48306 48309 48312 48315 48318 48321 48324 48327 48330 48333 48336 48339 48342 48345 48348 48351 48354 48357 48360 48363 48366 48369 48372 48375 48378 48381 48384 48387 48390 48393 48396 48399 48402 48405 48408 48411 48414 48417 48420 48423 48426 48429 48432 48435 48438 48441 48444 48447 48450 48453 48456 48459 48462 48465 48468 48471 48474 48477 48480 48483 48486 48489 48492 48495 48498 48501 48504 48507 48510 48513 48516 48519 48522 48525 48528 48531 48534 48537 48540 48543 48546 48549 48552 48555 48558 48561 48564 48567 48570 48573 48576 48579 48582 48585 48588 48591 48594 48597 48600 48603 48606 48609 48612 48615 48618 48621 48624 48627 48630 48633 48636 48639 48642 48645 48648 48651 48654 48657 48660 48663 48666 48669 48672 48675 48678 48681 48684 48687 48690 48693 48696 48699 48702 48705 48708 48711 48714 48717 48720 48723 48726 48729 48732 48735 48738 48741 48744 48747 48750 48753 48756 48759 48762 48765 48768 48771 48774 48777 48780 48783 48786 48789 48792 48795 48798 48801 48804 48807 48810 48813 48816 48819 48822 48825 48828 48831 48834 48837 48840 48843 48846 48849 48852 48855 48858 48861 48864 48867 48870 48873 48876 48879 48882 48885 48888 48891 48894 48897 48900 48903 48906 48909 48912 48915 48918 48921 48924 48927 48930 48933 48936 48939 48942 48945 48948 48951 48954 48957 48960 48963 48966 48969 48972 48975 48978 48981 48984 48987 48990 48993 48996 48999 49002 49005 49008 49011 49014 49017 49020 49023 49026 49029 49032 49035 49038 49041 49044 49047 49050 49053 49056 49059 49062 49065 49068 49071 49074 49077 49080 49083 49086 49089 49092 49095 49098 49101 49104 49107 49110 49113 49116 49119 49122 49125 49128 49131 49134 49137 49140 49143 49146 49149 49152 49155 49158 49161 49164 49167 49170 49173 49176 49179 49182 49185 49188 49191 49194 49197 49200 49203 49206 49209 49212 49215 49218 49221 49224 49227 49230 49233 49236 49239 49242 49245 49248 49251 49254 49257 49260 49263 49266 49269 49272 49275 49278 49281 49284 49287 49290 49293 49296 49299 49302 49305 49308 49311 49314 49317 49320 49323 49326 49329 49332 49335 49338 49341 49344 49347 49350 49353 49356 49359 49362 49365 49368 49371 49374 49377 49380 49383 49386 49389 49392 49395 49398 49401 49404 49407 49410 49413 49416 49419 49422 49425 49428 49431 49434 49437 49440 49443 49446 49449 49452 49455 49458 49461 49464 49467 49470 49473 49476 49479 49482 49485 49488 49491 49494 49497 49500 49503 49506 49509 49512 49515 49518 49521 49524 49527 49530 49533 49536 49539 49542 49545 49548 49551 49554 49557 49560 49563 49566 49569 49572 49575 49578 49581 49584 49587 49590 49593 49596 49599 49602 49605 49608 49611 49614 49617 49620 49623 49626 49629 49632 49635 49638 49641 49644 49647 49650 49653 49656 49659 49662 49665 49668 49671 49674 49677 49680 49683 49686 49689 49692 49695 49698 49701 49704 49707 49710 49713 49716 49719 49722 49725 49728 49731 49734 49737 49740 49743 49746 49749 49752 49755 49758 49761 49764 49767 49770 49773 49776 49779 49782 49785 49788 49791 49794 49797 49800 49803 49806 49809 49812 49815 49818 49821 49824 49827 49830 49833 49836 49839 49842 49845 49848 49851 49854 49857 49860 49863 49866 49869 49872 49875 49878 49881 49884 49887 49890 49893 49896 49899 49902 49905 49908 49911 49914 49917 49920 49923 49926 49929 49932 49935 49938 49941 49944 49947 49950 49953 49956 49959 49962 49965 49968 49971 49974 49977 49980 49983 49986 49989 49992 49995 49998 50001 50004 50007 50010 50013 50016 50019 50022 50025 50028 50031 50034 50037 50040 50043 50046 50049 50052 50055 50058 50061 50064 50067 50070 50073 50076 50079 50082 50085 50088 50091 50094 50097 50100 50103 50106 50109 50112 50115 50118 50121 50124 50127 50130 50133 50136 50139 50142 50145 50148 50151 50154 50157 50160 50163 50166 50169 50172 50175 50178 50181 50184 50187 50190 50193 50196 50199 50202 50205 50208 50211 50214 50217 50220 50223 50226 50229 50232 50235 50238 50241 50244 50247 50250 50253 50256 50259 50262 50265 50268 50271 50274 50277 50280 50283 50286 50289 50292 50295 50298 50301 50304 50307 50310 50313 50316 50319 50322 50325 50328 50331 50334 50337 50340 50343 50346 50349 50352 50355 50358 50361 50364 50367 50370 50373 50376 50379 50382 50385 50388 50391 50394 50397 50400 50403 50406 50409 50412 50415 50418 50421 50424 50427 50430 50433 50436 50439 50442 50445 50448 50451 50454 50457 50460 50463 50466 50469 50472 50475 50478 50481 50484 50487 50490 50493 50496 50499 50502 50505 50508 50511 50514 50517 50520 50523 50526 50529 50532 50535 50538 50541 50544 50547 50550 50553 50556 50559 50562 50565 50568 50571 50574 50577 50580 50583 50586 50589 50592 50595 50598 50601 50604 50607 50610 50613 50616 50619 50622 50625 50628 50631 50634 50637 50640 50643 50646 50649 50652 50655 50658 50661 50664 50667 50670 50673 50676 50679 50682 50685 50688 50691 50694 50697 50700 50703 50706 50709 50712 50715 50718 50721 50724 50727 50730 50733 50736 50739 50742 50745 50748 50751 50754 50757 50760 50763 50766 50769 50772 50775 50778 50781 50784 50787 50790 50793 50796 50799 50802 50805 50808 50811 50814 50817 50820 50823 50826 50829 50832 50835 50838 50841 50844 50847 50850 50853 50856 50859 50862 50865 50868 50871 50874 50877 50880 50883 50886 50889 50892 50895 50898 50901 50904 50907 50910 50913 50916 50919 50922 50925 50928 50931 50934 50937 50940 50943 50946 50949 50952 50955 50958 50961 50964 50967 50970 50973 50976 50979 50982 50985 50988 50991 50994 50997 51000 51003 51006 51009 51012 51015 51018 51021 51024 51027 51030 51033 51036 51039 51042 51045 51048 51051 51054 51057 51060 51063 51066 51069 51072 51075 51078 51081 51084 51087 51090 51093 51096 51099 51102 51105 51108 51111 51114 51117 51120 51123 51126 51129 51132 51135 51138 51141 51144 51147 51150 51153 51156 51159 51162 51165 51168 51171 51174 51177 51180 51183 51186 51189 51192 51195 51198 51201 51204 51207 51210 51213 51216 51219 51222 51225 51228 51231 51234 51237 51240 51243 51246 51249 51252 51255 51258 51261 51264 51267 51270 51273 51276 51279 51282 51285 51288 51291 51294 51297 51300 51303 51306 51309 51312 51315 51318 51321 51324 51327 51330 51333 51336 51339 51342 51345 51348 51351 51354 51357 51360 51363 51366 51369 51372 51375 51378 51381 51384 51387 51390 51393 51396 51399 51402 51405 51408 51411 51414 51417 51420 51423 51426 51429 51432 51435 51438 51441 51444 51447 51450 51453 51456 51459 51462 51465 51468 51471 51474 51477 51480 51483 51486 51489 51492 51495 51498 51501 51504 51507 51510 51513 51516 51519 51522 51525 51528 51531 51534 51537 51540 51543 51546 51549 51552 51555 51558 51561 51564 51567 51570 51573 51576 51579 51582 51585 51588 51591 51594 51597 51600 51603 51606 51609 51612 51615 51618 51621 51624 51627 51630 51633 51636 51639 51642 51645 51648 51651 51654 51657 51660 51663 51666 51669 51672 51675 51678 51681 51684 51687 51690 51693 51696 51699 51702 51705 51708 51711 51714 51717 51720 51723 51726 51729 51732 51735 51738 51741 51744 51747 51750 51753 51756 51759 51762 51765 51768 51771 51774 51777 51780 51783 51786 51789 51792 51795 51798 51801 51804 51807 51810 51813 51816 51819 51822 51825 51828 51831 51834 51837 51840 51843 51846 51849 51852 51855 51858 51861 51864 51867 51870 51873 51876 51879 51882 51885 51888 51891 51894 51897 51900 51903 51906 51909 51912 51915 51918 51921 51924 51927 51930 51933 51936 51939 51942 51945 51948 51951 51954 51957 51960 51963 51966 51969 51972 51975 51978 51981 51984 51987 51990 51993 51996 51999 52002 52005 52008 52011 52014 52017 52020 52023 52026 52029 52032 52035 52038 52041 52044 52047 52050 52053 52056 52059 52062 52065 52068 52071 52074 52077 52080 52083 52086 52089 52092 52095 52098 52101 52104 52107 52110 52113 52116 52119 52122 52125 52128 52131 52134 52137 52140 52143 52146 52149 52152 52155 52158 52161 52164 52167 52170 52173 52176 52179 52182 52185 52188 52191 52194 52197 52200 52203 52206 52209 52212 52215 52218 52221 52224 52227 52230 52233 52236 52239 52242 52245 52248 52251 52254 52257 52260 52263 52266 52269 52272 52275 52278 52281 52284 52287 52290 52293 52296 52299 52302 52305 52308 52311 52314 52317 52320 52323 52326 52329 52332 52335 52338 52341 52344 52347 52350 52353 52356 52359 52362 52365 52368 52371 52374 52377 52380 52383 52386 52389 52392 52395 52398 52401 52404 52407 52410 52413 52416 52419 52422 52425 52428 52431 52434 52437 52440 52443 52446 52449 52452 52455 52458 52461 52464 52467 52470 52473 52476 52479 52482 52485 52488 52491 52494 52497 52500 52503 52506 52509 52512 52515 52518 52521 52524 52527 52530 52533 52536 52539 52542 52545 52548 52551 52554 52557 52560 52563 52566 52569 52572 52575 52578 52581 52584 52587 52590 52593 52596 52599 52602 52605 52608 52611 52614 52617 52620 52623 52626 52629 52632 52635 52638 52641 52644 52647 52650 52653 52656 52659 52662 52665 52668 52671 52674 52677 52680 52683 52686 52689 52692 52695 52698 52701 52704 52707 52710 52713 52716 52719 52722 52725 52728 52731 52734 52737 52740 52743 52746 52749 52752 52755 52758 52761 52764 52767 52770 52773 52776 52779 52782 52785 52788 52791 52794 52797 52800 52803 52806 52809 52812 52815 52818 52821 52824 52827 52830 52833 52836 52839 52842 52845 52848 52851 52854 52857 52860 52863 52866 52869 52872 52875 52878 52881 52884 52887 52890 52893 52896 52899 52902 52905 52908 52911 52914 52917 52920 52923 52926 52929 52932 52935 52938 52941 52944 52947 52950 52953 52956 52959 52962 52965 52968 52971 52974 52977 52980 52983 52986 52989 52992 52995 52998 53001 53004 53007 53010 53013 53016 53019 53022 53025 53028 53031 53034 53037 53040 53043 53046 53049 53052 53055 53058 53061 53064 53067 53070 53073 53076 53079 53082 53085 53088 53091 53094 53097 53100 53103 53106 53109 53112 53115 53118 53121 53124 53127 53130 53133 53136 53139 53142 53145 53148 53151 53154 53157 53160 53163 53166 53169 53172 53175 53178 53181 53184 53187 53190 53193 53196 53199 53202 53205 53208 53211 53214 53217 53220 53223 53226 53229 53232 53235 53238 53241 53244 53247 53250 53253 53256 53259 53262 53265 53268 53271 53274 53277 53280 53283 53286 53289 53292 53295 53298 53301 53304 53307 53310 53313 53316 53319 53322 53325 53328 53331 53334 53337 53340 53343 53346 53349 53352 53355 53358 53361 53364 53367 53370 53373 53376 53379 53382 53385 53388 53391 53394 53397 53400 53403 53406 53409 53412 53415 53418 53421 53424 53427 53430 53433 53436 53439 53442 53445 53448 53451 53454 53457 53460 53463 53466 53469 53472 53475 53478 53481 53484 53487 53490 53493 53496 53499 53502 53505 53508 53511 53514 53517 53520 53523 53526 53529 53532 53535 53538 53541 53544 53547 53550 53553 53556 53559 53562 53565 53568 53571 53574 53577 53580 53583 53586 53589 53592 53595 53598 53601 53604 53607 53610 53613 53616 53619 53622 53625 53628 53631 53634 53637 53640 53643 53646 53649 53652 53655 53658 53661 53664 53667 53670 53673 53676 53679 53682 53685 53688 53691 53694 53697 53700 53703 53706 53709 53712 53715 53718 53721 53724 53727 53730 53733 53736 53739 53742 53745 53748 53751 53754 53757 53760 53763 53766 53769 53772 53775 53778 53781 53784 53787 53790 53793 53796 53799 53802 53805 53808 53811 53814 53817 53820 53823 53826 53829 53832 53835 53838 53841 53844 53847 53850 53853 53856 53859 53862 53865 53868 53871 53874 53877 53880 53883 53886 53889 53892 53895 53898 53901 53904 53907 53910 53913 53916 53919 53922 53925 53928 53931 53934 53937 53940 53943 53946 53949 53952 53955 53958 53961 53964 53967 53970 53973 53976 53979 53982 53985 53988 53991 53994 53997 54000 54003 54006 54009 54012 54015 54018 54021 54024 54027 54030 54033 54036 54039 54042 54045 54048 54051 54054 54057 54060 54063 54066 54069 54072 54075 54078 54081 54084 54087 54090 54093 54096 54099 54102 54105 54108 54111 54114 54117 54120 54123 54126 54129 54132 54135 54138 54141 54144 54147 54150 54153 54156 54159 54162 54165 54168 54171 54174 54177 54180 54183 54186 54189 54192 54195 54198 54201 54204 54207 54210 54213 54216 54219 54222 54225 54228 54231 54234 54237 54240 54243 54246 54249 54252 54255 54258 54261 54264 54267 54270 54273 54276 54279 54282 54285 54288 54291 54294 54297 54300 54303 54306 54309 54312 54315 54318 54321 54324 54327 54330 54333 54336 54339 54342 54345 54348 54351 54354 54357 54360 54363 54366 54369 54372 54375 54378 54381 54384 54387 54390 54393 54396 54399 54402 54405 54408 54411 54414 54417 54420 54423 54426 54429 54432 54435 54438 54441 54444 54447 54450 54453 54456 54459 54462 54465 54468 54471 54474 54477 54480 54483 54486 54489 54492 54495 54498 54501 54504 54507 54510 54513 54516 54519 54522 54525 54528 54531 54534 54537 54540 54543 54546 54549 54552 54555 54558 54561 54564 54567 54570 54573 54576 54579 54582 54585 54588 54591 54594 54597 54600 54603 54606 54609 54612 54615 54618 54621 54624 54627 54630 54633 54636 54639 54642 54645 54648 54651 54654 54657 54660 54663 54666 54669 54672 54675 54678 54681 54684 54687 54690 54693 54696 54699 54702 54705 54708 54711 54714 54717 54720 54723 54726 54729 54732 54735 54738 54741 54744 54747 54750 54753 54756 54759 54762 54765 54768 54771 54774 54777 54780 54783 54786 54789 54792 54795 54798 54801 54804 54807 54810 54813 54816 54819 54822 54825 54828 54831 54834 54837 54840 54843 54846 54849 54852 54855 54858 54861 54864 54867 54870 54873 54876 54879 54882 54885 54888 54891 54894 54897 54900 54903 54906 54909 54912 54915 54918 54921 54924 54927 54930 54933 54936 54939 54942 54945 54948 54951 54954 54957 54960 54963 54966 54969 54972 54975 54978 54981 54984 54987 54990 54993 54996 54999 55002 55005 55008 55011 55014 55017 55020 55023 55026 55029 55032 55035 55038 55041 55044 55047 55050 55053 55056 55059 55062 55065 55068 55071 55074 55077 55080 55083 55086 55089 55092 55095 55098 55101 55104 55107 55110 55113 55116 55119 55122 55125 55128 55131 55134 55137 55140 55143 55146 55149 55152 55155 55158 55161 55164 55167 55170 55173 55176 55179 55182 55185 55188 55191 55194 55197 55200 55203 55206 55209 55212 55215 55218 55221 55224 55227 55230 55233 55236 55239 55242 55245 55248 55251 55254 55257 55260 55263 55266 55269 55272 55275 55278 55281 55284 55287 55290 55293 55296 55299 55302 55305 55308 55311 55314 55317 55320 55323 55326 55329 55332 55335 55338 55341 55344 55347 55350 55353 55356 55359 55362 55365 55368 55371 55374 55377 55380 55383 55386 55389 55392 55395 55398 55401 55404 55407 55410 55413 55416 55419 55422 55425 55428 55431 55434 55437 55440 55443 55446 55449 55452 55455 55458 55461 55464 55467 55470 55473 55476 55479 55482 55485 55488 55491 55494 55497 55500 55503 55506 55509 55512 55515 55518 55521 55524 55527 55530 55533 55536 55539 55542 55545 55548 55551 55554 55557 55560 55563 55566 55569 55572 55575 55578 55581 55584 55587 55590 55593 55596 55599 55602 55605 55608 55611 55614 55617 55620 55623 55626 55629 55632 55635 55638 55641 55644 55647 55650 55653 55656 55659 55662 55665 55668 55671 55674 55677 55680 55683 55686 55689 55692 55695 55698 55701 55704 55707 55710 55713 55716 55719 55722 55725 55728 55731 55734 55737 55740 55743 55746 55749 55752 55755 55758 55761 55764 55767 55770 55773 55776 55779 55782 55785 55788 55791 55794 55797 55800 55803 55806 55809 55812 55815 55818 55821 55824 55827 55830 55833 55836 55839 55842 55845 55848 55851 55854 55857 55860 55863 55866 55869 55872 55875 55878 55881 55884 55887 55890 55893 55896 55899 55902 55905 55908 55911 55914 55917 55920 55923 55926 55929 55932 55935 55938 55941 55944 55947 55950 55953 55956 55959 55962 55965 55968 55971 55974 55977 55980 55983 55986 55989 55992 55995 55998 56001 56004 56007 56010 56013 56016 56019 56022 56025 56028 56031 56034 56037 56040 56043 56046 56049 56052 56055 56058 56061 56064 56067 56070 56073 56076 56079 56082 56085 56088 56091 56094 56097 56100 56103 56106 56109 56112 56115 56118 56121 56124 56127 56130 56133 56136 56139 56142 56145 56148 56151 56154 56157 56160 56163 56166 56169 56172 56175 56178 56181 56184 56187 56190 56193 56196 56199 56202 56205 56208 56211 56214 56217 56220 56223 56226 56229 56232 56235 56238 56241 56244 56247 56250 56253 56256 56259 56262 56265 56268 56271 56274 56277 56280 56283 56286 56289 56292 56295 56298 56301 56304 56307 56310 56313 56316 56319 56322 56325 56328 56331 56334 56337 56340 56343 56346 56349 56352 56355 56358 56361 56364 56367 56370 56373 56376 56379 56382 56385 56388 56391 56394 56397 56400 56403 56406 56409 56412 56415 56418 56421 56424 56427 56430 56433 56436 56439 56442 56445 56448 56451 56454 56457 56460 56463 56466 56469 56472 56475 56478 56481 56484 56487 56490 56493 56496 56499 56502 56505 56508 56511 56514 56517 56520 56523 56526 56529 56532 56535 56538 56541 56544 56547 56550 56553 56556 56559 56562 56565 56568 56571 56574 56577 56580 56583 56586 56589 56592 56595 56598 56601 56604 56607 56610 56613 56616 56619 56622 56625 56628 56631 56634 56637 56640 56643 56646 56649 56652 56655 56658 56661 56664 56667 56670 56673 56676 56679 56682 56685 56688 56691 56694 56697 56700 56703 56706 56709 56712 56715 56718 56721 56724 56727 56730 56733 56736 56739 56742 56745 56748 56751 56754 56757 56760 56763 56766 56769 56772 56775 56778 56781 56784 56787 56790 56793 56796 56799 56802 56805 56808 56811 56814 56817 56820 56823 56826 56829 56832 56835 56838 56841 56844 56847 56850 56853 56856 56859 56862 56865 56868 56871 56874 56877 56880 56883 56886 56889 56892 56895 56898 56901 56904 56907 56910 56913 56916 56919 56922 56925 56928 56931 56934 56937 56940 56943 56946 56949 56952 56955 56958 56961 56964 56967 56970 56973 56976 56979 56982 56985 56988 56991 56994 56997 57000 57003 57006 57009 57012 57015 57018 57021 57024 57027 57030 57033 57036 57039 57042 57045 57048 57051 57054 57057 57060 57063 57066 57069 57072 57075 57078 57081 57084 57087 57090 57093 57096 57099 57102 57105 57108 57111 57114 57117 57120 57123 57126 57129 57132 57135 57138 57141 57144 57147 57150 57153 57156 57159 57162 57165 57168 57171 57174 57177 57180 57183 57186 57189 57192 57195 57198 57201 57204 57207 57210 57213 57216 57219 57222 57225 57228 57231 57234 57237 57240 57243 57246 57249 57252 57255 57258 57261 57264 57267 57270 57273 57276 57279 57282 57285 57288 57291 57294 57297 57300 57303 57306 57309 57312 57315 57318 57321 57324 57327 57330 57333 57336 57339 57342 57345 57348 57351 57354 57357 57360 57363 57366 57369 57372 57375 57378 57381 57384 57387 57390 57393 57396 57399 57402 57405 57408 57411 57414 57417 57420 57423 57426 57429 57432 57435 57438 57441 57444 57447 57450 57453 57456 57459 57462 57465 57468 57471 57474 57477 57480 57483 57486 57489 57492 57495 57498 57501 57504 57507 57510 57513 57516 57519 57522 57525 57528 57531 57534 57537 57540 57543 57546 57549 57552 57555 57558 57561 57564 57567 57570 57573 57576 57579 57582 57585 57588 57591 57594 57597 57600 57603 57606 57609 57612 57615 57618 57621 57624 57627 57630 57633 57636 57639 57642 57645 57648 57651 57654 57657 57660 57663 57666 57669 57672 57675 57678 57681 57684 57687 57690 57693 57696 57699 57702 57705 57708 57711 57714 57717 57720 57723 57726 57729 57732 57735 57738 57741 57744 57747 57750 57753 57756 57759 57762 57765 57768 57771 57774 57777 57780 57783 57786 57789 57792 57795 57798 57801 57804 57807 57810 57813 57816 57819 57822 57825 57828 57831 57834 57837 57840 57843 57846 57849 57852 57855 57858 57861 57864 57867 57870 57873 57876 57879 57882 57885 57888 57891 57894 57897 57900 57903 57906 57909 57912 57915 57918 57921 57924 57927 57930 57933 57936 57939 57942 57945 57948 57951 57954 57957 57960 57963 57966 57969 57972 57975 57978 57981 57984 57987 57990 57993 57996 57999 58002 58005 58008 58011 58014 58017 58020 58023 58026 58029 58032 58035 58038 58041 58044 58047 58050 58053 58056 58059 58062 58065 58068 58071 58074 58077 58080 58083 58086 58089 58092 58095 58098 58101 58104 58107 58110 58113 58116 58119 58122 58125 58128 58131 58134 58137 58140 58143 58146 58149 58152 58155 58158 58161 58164 58167 58170 58173 58176 58179 58182 58185 58188 58191 58194 58197 58200 58203 58206 58209 58212 58215 58218 58221 58224 58227 58230 58233 58236 58239 58242 58245 58248 58251 58254 58257 58260 58263 58266 58269 58272 58275 58278 58281 58284 58287 58290 58293 58296 58299 58302 58305 58308 58311 58314 58317 58320 58323 58326 58329 58332 58335 58338 58341 58344 58347 58350 58353 58356 58359 58362 58365 58368 58371 58374 58377 58380 58383 58386 58389 58392 58395 58398 58401 58404 58407 58410 58413 58416 58419 58422 58425 58428 58431 58434 58437 58440 58443 58446 58449 58452 58455 58458 58461 58464 58467 58470 58473 58476 58479 58482 58485 58488 58491 58494 58497 58500 58503 58506 58509 58512 58515 58518 58521 58524 58527 58530 58533 58536 58539 58542 58545 58548 58551 58554 58557 58560 58563 58566 58569 58572 58575 58578 58581 58584 58587 58590 58593 58596 58599 58602 58605 58608 58611 58614 58617 58620 58623 58626 58629 58632 58635 58638 58641 58644 58647 58650 58653 58656 58659 58662 58665 58668 58671 58674 58677 58680 58683 58686 58689 58692 58695 58698 58701 58704 58707 58710 58713 58716 58719 58722 58725 58728 58731 58734 58737 58740 58743 58746 58749 58752 58755 58758 58761 58764 58767 58770 58773 58776 58779 58782 58785 58788 58791 58794 58797 58800 58803 58806 </DataArray>
            <DataArray Name="types" format="ascii" type="UInt8">5 5 5 5 5 5 5 5 5 5 5 5 5 5 5 5 5 5 5 5 5 5 5 5 5 5 5 5 5 5 5 5 5 5 5 5 5 5 5 5 5 5 5 5 5 5 5 5 5 5 5 5 5 5 5 5 5 5 5 5 5 5 5 5 5 5 5 5 5 5 5 5 5 5 5 5 5 5 5 5 5 5 5 5 5 5 5 5 5 5 5 5 5 5 5 5 5 5 5 5 5 5 5 5 5 5 5 5 5 5 5 5 5 5 5 5 5 5 5 5 5 5 5 5 5 5 5 5 5 5 5 5 5 5 5 5 5 5 5 5 5 5 5 5 5 5 5 5 5 5 5 5 5 5 5 5 5 5 5 5 5 5 5 5 5 5 5 5 5 5 5 5 5 5 5 5 5 5 5 5 5 5 5 5 5 5 5 5 5 5 5 5 5 5 5 5 5 5 5 5 5 5 5 5 5 5 5 5 5 5 5 5 5 5 5 5 5 5 5 5 5 5 5 5 5 5 5 5 5 5 5 5 5 5 5 5 5 5 5 5 5 5 5 5 5 5 5 5 5 5 5 5 5 5 5 5 5 5 5 5 5 5 5 5 5 5 5 5 5 5 5 5 5 5 5 5 5 5 5 5 5 5 5 5 5 5 5 5 5 5 5 5 5 5 5 5 5 5 5 5 5 5 5 5 5 5 5 5 5 5 5 5 5 5 5 5 5 5 5 5 5 5 5 5 5 5 5 5 5 5 5 5 5 5 5 5 5 5 5 5 5 5 5 5 5 5 5 5 5 5 5 5 5 5 5 5 5 5 5 5 5 5 5 5 5 5 5 5 5 5 5 5 5 5 5 5 5 5 5 5 5 5 5 5 5 5 5 5 5 5 5 5 5 5 5 5 5 5 5 5 5 5 5 5 5 5 5 5 5 5 5 5 5 5 5 5 5 5 5 5 5 5 5 5 5 5 5 5 5 5 5 5 5 5 5 5 5 5 5 5 5 5 5 5 5 5 5 5 5 5 5 5 5 5 5 5 5 5 5 5 5 5 5 5 5 5 5 5 5 5 5 5 5 5 5 5 5 5 5 5 5 5 5 5 5 5 5 5 5 5 5 5 5 5 5 5 5 5 5 5 5 5 5 5 5 5 5 5 5 5 5 5 5 5 5 5 5 5 5 5 5 5 5 5 5 5 5 5 5 5 5 5 5 5 5 5 5 5 5 5 5 5 5 5 5 5 5 5 5 5 5 5 5 5 5 5 5 5 5 5 5 5 5 5 5 5 5 5 5 5 5 5 5 5 5 5 5 5 5 5 5 5 5 5 5 5 5 5 5 5 5 5 5 5 5 5 5 5 5 5 5 5 5 5 5 5 5 5 5 5 5 5 5 5 5 5 5 5 5 5 5 5 5 5 5 5 5 5 5 5 5 5 5 5 5 5 5 5 5 5 5 5 5 5 5 5 5 5 5 5 5 5 5 5 5 5 5 5 5 5 5 5 5 5 5 5 5 5 5 5 5 5 5 5 5 5 5 5 5 5 5 5 5 5 5 5 5 5 5 5 5 5 5 5 5 5 5 5 5 5 5 5 5 5 5 5 5 5 5 5 5 5 5 5 5 5 5 5 5 5 5 5 5 5 5 5 5 5 5 5 5 5 5 5 5 5 5 5 5 5 5 5 5 5 5 5 5 5 5 5 5 5 5 5 5 5 5 5 5 5 5 5 5 5 5 5 5 5 5 5 5 5 5 5 5 5 5 5 5 5 5 5 5 5 5 5 5 5 5 5 5 5 5 5 5 5 5 5 5 5 5 5 5 5 5 5 5 5 5 5 5 5 5 5 5 5 5 5 5 5 5 5 5 5 5 5 5 5 5 5 5 5 5 5 5 5 5 5 5 5 5 5 5 5 5 5 5 5 5 5 5 5 5 5 5 5 5 5 5 5 5 5 5 5 5 5 5 5 5 5 5 5 5 5 5 5 5 5 5 5 5 5 5 5 5 5 5 5 5 5 5 5 5 5 5 5 5 5 5 5 5 5 5 5 5 5 5 5 5 5 5 5 5 5 5 5 5 5 5 5 5 5 5 5 5 5 5 5 5 5 5 5 5 5 5 5 5 5 5 5 5 5 5 5 5 5 5 5 5 5 5 5 5 5 5 5 5 5 5 5 5 5 5 5 5 5 5 5 5 5 5 5 5 5 5 5 5 5 5 5 5 5 5 5 5 5 5 5 5 5 5 5 5 5 5 5 5 5 5 5 5 5 5 5 5 5 5 5 5 5 5 5 5 5 5 5 5 5 5 5 5 5 5 5 5 5 5 5 5 5 5 5 5 5 5 5 5 5 5 5 5 5 5 5 5 5 5 5 5 5 5 5 5 5 5 5 5 5 5 5 5 5 5 5 5 5 5 5 5 5 5 5 5 5 5 5 5 5 5 5 5 5 5 5 5 5 5 5 5 5 5 5 5 5 5 5 5 5 5 5 5 5 5 5 5 5 5 5 5 5 5 5 5 5 5 5 5 5 5 5 5 5 5 5 5 5 5 5 5 5 5 5 5 5 5 5 5 5 5 5 5 5 5 5 5 5 5 5 5 5 5 5 5 5 5 5 5 5 5 5 5 5 5 5 5 5 5 5 5 5 5 5 5 5 5 5 5 5 5 5 5 5 5 5 5 5 5 5 5 5 5 5 5 5 5 5 5 5 5 5 5 5 5 5 5 5 5 5 5 5 5 5 5 5 5 5 5 5 5 5 5 5 5 5 5 5 5 5 5 5 5 5 5 5 5 5 5 5 5 5 5 5 5 5 5 5 5 5 5 5 5 5 5 5 5 5 5 5 5 5 5 5 5 5 5 5 5 5 5 5 5 5 5 5 5 5 5 5 5 5 5 5 5 5 5 5 5 5 5 5 5 5 5 5 5 5 5 5 5 5 5 5 5 5 5 5 5 5 5 5 5 5 5 5 5 5 5 5 5 5 5 5 5 5 5 5 5 5 5 5 5 5 5 5 5 5 5 5 5 5 5 5 5 5 5 5 5 5 5 5 5 5 5 5 5 5 5 5 5 5 5 5 5 5 5 5 5 5 5 5 5 5 5 5 5 5 5 5 5 5 5 5 5 5 5 5 5 5 5 5 5 5 5 5 5 5 5 5 5 5 5 5 5 5 5 5 5 5 5 5 5 5 5 5 5 5 5 5 5 5 5 5 5 5 5 5 5 5 5 5 5 5 5 5 5 5 5 5 5 5 5 5 5 5 5 5 5 5 5 5 5 5 5 5 5 5 5 5 5 5 5 5 5 5 5 5 5 5 5 5 5 5 5 5 5 5 5 5 5 5 5 5 5 5 5 5 5 5 5 5 5 5 5 5 5 5 5 5 5 5 5 5 5 5 5 5 5 5 5 5 5 5 5 5 5 5 5 5 5 5 5 5 5 5 5 5 5 5 5 5 5 5 5 5 5 5 5 5 5 5 5 5 5 5 5 5 5 5 5 5 5 5 5 5 5 5 5 5 5 5 5 5 5 5 5 5 5 5 5 5 5 5 5 5 5 5 5 5 5 5 5 5 5 5 5 5 5 5 5 5 5 5 5 5 5 5 5 5 5 5 5 5 5 5 5 5 5 5 5 5 5 5 5 5 5 5 5 5 5 5 5 5 5 5 5 5 5 5 5 5 5 5 5 5 5 5 5 5 5 5 5 5 5 5 5 5 5 5 5 5 5 5 5 5 5 5 5 5 5 5 5 5 5 5 5 5 5 5 5 5 5 5 5 5 5 5 5 5 5 5 5 5 5 5 5 5 5 5 5 5 5 5 5 5 5 5 5 5 5 5 5 5 5 5 5 5 5 5 5 5 5 5 5 5 5 5 5 5 5 5 5 5 5 5 5 5 5 5 5 5 5 5 5 5 5 5 5 5 5 5 5 5 5 5 5 5 5 5 5 5 5 5 5 5 5 5 5 5 5 5 5 5 5 5 5 5 5 5 5 5 5 5 5 5 5 5 5 5 5 5 5 5 5 5 5 5 5 5 5 5 5 5 5 5 5 5 5 5 5 5 5 5 5 5 5 5 5 5 5 5 5 5 5 5 5 5 5 5 5 5 5 5 5 5 5 5 5 5 5 5 5 5 5 5 5 5 5 5 5 5 5 5 5 5 5 5 5 5 5 5 5 5 5 5 5 5 5 5 5 5 5 5 5 5 5 5 5 5 5 5 5 5 5 5 5 5 5 5 5 5 5 5 5 5 5 5 5 5 5 5 5 5 5 5 5 5 5 5 5 5 5 5 5 5 5 5 5 5 5 5 5 5 5 5 5 5 5 5 5 5 5 5 5 5 5 5 5 5 5 5 5 5 5 5 5 5 5 5 5 5 5 5 5 5 5 5 5 5 5 5 5 5 5 5 5 5 5 5 5 5 5 5 5 5 5 5 5 5 5 5 5 5 5 5 5 5 5 5 5 5 5 5 5 5 5 5 5 5 5 5 5 5 5 5 5 5 5 5 5 5 5 5 5 5 5 5 5 5 5 5 5 5 5 5 5 5 5 5 5 5 5 5 5 5 5 5 5 5 5 5 5 5 5 5 5 5 5 5 5 5 5 5 5 5 5 5 5 5 5 5 5 5 5 5 5 5 5 5 5 5 5 5 5 5 5 5 5 5 5 5 5 5 5 5 5 5 5 5 5 5 5 5 5 5 5 5 5 5 5 5 5 5 5 5 5 5 5 5 5 5 5 5 5 5 5 5 5 5 5 5 5 5 5 5 5 5 5 5 5 5 5 5 5 5 5 5 5 5 5 5 5 5 5 5 5 5 5 5 5 5 5 5 5 5 5 5 5 5 5 5 5 5 5 5 5 5 5 5 5 5 5 5 5 5 5 5 5 5 5 5 5 5 5 5 5 5 5 5 5 5 5 5 5 5 5 5 5 5 5 5 5 5 5 5 5 5 5 5 5 5 5 5 5 5 5 5 5 5 5 5 5 5 5 5 5 5 5 5 5 5 5 5 5 5 5 5 5 5 5 5 5 5 5 5 5 5 5 5 5 5 5 5 5 5 5 5 5 5 5 5 5 5 5 5 5 5 5 5 5 5 5 5 5 5 5 5 5 5 5 5 5 5 5 5 5 5 5 5 5 5 5 5 5 5 5 5 5 5 5 5 5 5 5 5 5 5 5 5 5 5 5 5 5 5 5 5 5 5 5 5 5 5 5 5 5 5 5 5 5 5 5 5 5 5 5 5 5 5 5 5 5 5 5 5 5 5 5 5 5 5 5 5 5 5 5 5 5 5 5 5 5 5 5 5 5 5 5 5 5 5 5 5 5 5 5 5 5 5 5 5 5 5 5 5 5 5 5 5 5 5 5 5 5 5 5 5 5 5 5 5 5 5 5 5 5 5 5 5 5 5 5 5 5 5 5 5 5 5 5 5 5 5 5 5 5 5 5 5 5 5 5 5 5 5 5 5 5 5 5 5 5 5 5 5 5 5 5 5 5 5 5 5 5 5 5 5 5 5 5 5 5 5 5 5 5 5 5 5 5 5 5 5 5 5 5 5 5 5 5 5 5 5 5 5 5 5 5 5 5 5 5 5 5 5 5 5 5 5 5 5 5 5 5 5 5 5 5 5 5 5 5 5 5 5 5 5 5 5 5 5 5 5 5 5 5 5 5 5 5 5 5 5 5 5 5 5 5 5 5 5 5 5 5 5 5 5 5 5 5 5 5 5 5 5 5 5 5 5 5 5 5 5 5 5 5 5 5 5 5 5 5 5 5 5 5 5 5 5 5 5 5 5 5 5 5 5 5 5 5 5 5 5 5 5 5 5 5 5 5 5 5 5 5 5 5 5 5 5 5 5 5 5 5 5 5 5 5 5 5 5 5 5 5 5 5 5 5 5 5 5 5 5 5 5 5 5 5 5 5 5 5 5 5 5 5 5 5 5 5 5 5 5 5 5 5 5 5 5 5 5 5 5 5 5 5 5 5 5 5 5 5 5 5 5 5 5 5 5 5 5 5 5 5 5 5 5 5 5 5 5 5 5 5 5 5 5 5 5 5 5 5 5 5 5 5 5 5 5 5 5 5 5 5 5 5 5 5 5 5 5 5 5 5 5 5 5 5 5 5 5 5 5 5 5 5 5 5 5 5 5 5 5 5 5 5 5 5 5 5 5 5 5 5 5 5 5 5 5 5 5 5 5 5 5 5 5 5 5 5 5 5 5 5 5 5 5 5 5 5 5 5 5 5 5 5 5 5 5 5 5 5 5 5 5 5 5 5 5 5 5 5 5 5 5 5 5 5 5 5 5 5 5 5 5 5 5 5 5 5 5 5 5 5 5 5 5 5 5 5 5 5 5 5 5 5 5 5 5 5 5 5 5 5 5 5 5 5 5 5 5 5 5 5 5 5 5 5 5 5 5 5 5 5 5 5 5 5 5 5 5 5 5 5 5 5 5 5 5 5 5 5 5 5 5 5 5 5 5 5 5 5 5 5 5 5 5 5 5 5 5 5 5 5 5 5 5 5 5 5 5 5 5 5 5 5 5 5 5 5 5 5 5 5 5 5 5 5 5 5 5 5 5 5 5 5 5 5 5 5 5 5 5 5 5 5 5 5 5 5 5 5 5 5 5 5 5 5 5 5 5 5 5 5 5 5 5 5 5 5 5 5 5 5 5 5 5 5 5 5 5 5 5 5 5 5 5 5 5 5 5 5 5 5 5 5 5 5 5 5 5 5 5 5 5 5 5 5 5 5 5 5 5 5 5 5 5 5 5 5 5 5 5 5 5 5 5 5 5 5 5 5 5 5 5 5 5 5 5 5 5 5 5 5 5 5 5 5 5 5 5 5 5 5 5 5 5 5 5 5 5 5 5 5 5 5 5 5 5 5 5 5 5 5 5 5 5 5 5 5 5 5 5 5 5 5 5 5 5 5 5 5 5 5 5 5 5 5 5 5 5 5 5 5 5 5 5 5 5 5 5 5 5 5 5 5 5 5 5 5 5 5 5 5 5 5 5 5 5 5 5 5 5 5 5 5 5 5 5 5 5 5 5 5 5 5 5 5 5 5 5 5 5 5 5 5 5 5 5 5 5 5 5 5 5 5 5 5 5 5 5 5 5 5 5 5 5 5 5 5 5 5 5 5 5 5 5 5 5 5 5 5 5 5 5 5 5 5 5 5 5 5 5 5 5 5 5 5 5 5 5 5 5 5 5 5 5 5 5 5 5 5 5 5 5 5 5 5 5 5 5 5 5 5 5 5 5 5 5 5 5 5 5 5 5 5 5 5 5 5 5 5 5 5 5 5 5 5 5 5 5 5 5 5 5 5 5 5 5 5 5 5 5 5 5 5 5 5 5 5 5 5 5 5 5 5 5 5 5 5 5 5 5 5 5 5 5 5 5 5 5 5 5 5 5 5 5 5 5 5 5 5 5 5 5 5 5 5 5 5 5 5 5 5 5 5 5 5 5 5 5 5 5 5 5 5 5 5 5 5 5 5 5 5 5 5 5 5 5 5 5 5 5 5 5 5 5 5 5 5 5 5 5 5 5 5 5 5 5 5 5 5 5 5 5 5 5 5 5 5 5 5 5 5 5 5 5 5 5 5 5 5 5 5 5 5 5 5 5 5 5 5 5 5 5 5 5 5 5 5 5 5 5 5 5 5 5 5 5 5 5 5 5 5 5 5 5 5 5 5 5 5 5 5 5 5 5 5 5 5 5 5 5 5 5 5 5 5 5 5 5 5 5 5 5 5 5 5 5 5 5 5 5 5 5 5 5 5 5 5 5 5 5 5 5 5 5 5 5 5 5 5 5 5 5 5 5 5 5 5 5 5 5 5 5 5 5 5 5 5 5 5 5 5 5 5 5 5 5 5 5 5 5 5 5 5 5 5 5 5 5 5 5 5 5 5 5 5 5 5 5 5 5 5 5 5 5 5 5 5 5 5 5 5 5 5 5 5 5 5 5 5 5 5 5 5 5 5 5 5 5 5 5 5 5 5 5 5 5 5 5 5 5 5 5 5 5 5 5 5 5 5 5 5 5 5 5 5 5 5 5 5 5 5 5 5 5 5 5 5 5 5 5 5 5 5 5 5 5 5 5 5 5 5 5 5 5 5 5 5 5 5 5 5 5 5 5 5 5 5 5 5 5 5 5 5 5 5 5 5 5 5 5 5 5 5 5 5 5 5 5 5 5 5 5 5 5 5 5 5 5 5 5 5 5 5 5 5 5 5 5 5 5 5 5 5 5 5 5 5 5 5 5 5 5 5 5 5 5 5 5 5 5 5 5 5 5 5 5 5 5 5 5 5 5 5 5 5 5 5 5 5 5 5 5 5 5 5 5 5 5 5 5 5 5 5 5 5 5 5 5 5 5 5 5 5 5 5 5 5 5 5 5 5 5 5 5 5 5 5 5 5 5 5 5 5 5 5 5 5 5 5 5 5 5 5 5 5 5 5 5 5 5 5 5 5 5 5 5 5 5 5 5 5 5 5 5 5 5 5 5 5 5 5 5 5 5 5 5 5 5 5 5 5 5 5 5 5 5 5 5 5 5 5 5 5 5 5 5 5 5 5 5 5 5 5 5 5 5 5 5 5 5 5 5 5 5 5 5 5 5 5 5 5 5 5 5 5 5 5 5 5 5 5 5 5 5 5 5 5 5 5 5 5 5 5 5 5 5 5 5 5 5 5 5 5 5 5 5 5 5 5 5 5 5 5 5 5 5 5 5 5 5 5 5 5 5 5 5 5 5 5 5 5 5 5 5 5 5 5 5 5 5 5 5 5 5 5 5 5 5 5 5 5 5 5 5 5 5 5 5 5 5 5 5 5 5 5 5 5 5 5 5 5 5 5 5 5 5 5 5 5 5 5 5 5 5 5 5 5 5 5 5 5 5 5 5 5 5 5 5 5 5 5 5 5 5 5 5 5 5 5 5 5 5 5 5 5 5 5 5 5 5 5 5 5 5 5 5 5 5 5 5 5 5 5 5 5 5 5 5 5 5 5 5 5 5 5 5 5 5 5 5 5 5 5 5 5 5 5 5 5 5 5 5 5 5 5 5 5 5 5 5 5 5 5 5 5 5 5 5 5 5 5 5 5 5 5 5 5 5 5 5 5 5 5 5 5 5 5 5 5 5 5 5 5 5 5 5 5 5 5 5 5 5 5 5 5 5 5 5 5 5 5 5 5 5 5 5 5 5 5 5 5 5 5 5 5 5 5 5 5 5 5 5 5 5 5 5 5 5 5 5 5 5 5 5 5 5 5 5 5 5 5 5 5 5 5 5 5 5 5 5 5 5 5 5 5 5 5 5 5 5 5 5 5 5 5 5 5 5 5 5 5 5 5 5 5 5 5 5 5 5 5 5 5 5 5 5 5 5 5 5 5 5 5 5 5 5 5 5 5 5 5 5 5 5 5 5 5 5 5 5 5 5 5 5 5 5 5 5 5 5 5 5 5 5 5 5 5 5 5 5 5 5 5 5 5 5 5 5 5 5 5 5 5 5 5 5 5 5 5 5 5 5 5 5 5 5 5 5 5 5 5 5 5 5 5 5 5 5 5 5 5 5 5 5 5 5 5 5 5 5 5 5 5 5 5 5 5 5 5 5 5 5 5 5 5 5 5 5 5 5 5 5 5 5 5 5 5 5 5 5 5 5 5 5 5 5 5 5 5 5 5 5 5 5 5 5 5 5 5 5 5 5 5 5 5 5 5 5 5 5 5 5 5 5 5 5 5 5 5 5 5 5 5 5 5 5 5 5 5 5 5 5 5 5 5 5 5 5 5 5 5 5 5 5 5 5 5 5 5 5 5 5 5 5 5 5 5 5 5 5 5 5 5 5 5 5 5 5 5 5 5 5 5 5 5 5 5 5 5 5 5 5 5 5 5 5 5 5 5 5 5 5 5 5 5 5 5 5 5 5 5 5 5 5 5 5 5 5 5 5 5 5 5 5 5 5 5 5 5 5 5 5 5 5 5 5 5 5 5 5 5 5 5 5 5 5 5 5 5 5 5 5 5 5 5 5 5 5 5 5 5 5 5 5 5 5 5 5 5 5 5 5 5 5 5 5 5 5 5 5 5 5 5 5 5 5 5 5 5 5 5 5 5 5 5 5 5 5 5 5 5 5 5 5 5 5 5 5 5 5 5 5 5 5 5 5 5 5 5 5 5 5 5 5 5 5 5 5 5 5 5 5 5 5 5 5 5 5 5 5 5 5 5 5 5 5 5 5 5 5 5 5 5 5 5 5 5 5 5 5 5 5 5 5 5 5 5 5 5 5 5 5 5 5 5 5 5 5 5 5 5 5 5 5 5 5 5 5 5 5 5 5 5 5 5 5 5 5 5 5 5 5 5 5 5 5 5 5 5 5 5 5 5 5 5 5 5 5 5 5 5 5 5 5 5 5 5 5 5 5 5 5 5 5 5 5 5 5 5 5 5 5 5 5 5 5 5 5 5 5 5 5 5 5 5 5 5 5 5 5 5 5 5 5 5 5 5 5 5 5 5 5 5 5 5 5 5 5 5 5 5 5 5 5 5 5 5 5 5 5 5 5 5 5 5 5 5 5 5 5 5 5 5 5 5 5 5 5 5 5 5 5 5 5 5 5 5 5 5 5 5 5 5 5 5 5 5 5 5 5 5 5 5 5 5 5 5 5 5 5 5 5 5 5 5 5 5 5 5 5 5 5 5 5 5 5 5 5 5 5 5 5 5 5 5 5 5 5 5 5 5 5 5 5 5 5 5 5 5 5 5 5 5 5 5 5 5 5 5 5 5 5 5 5 5 5 5 5 5 5 5 5 5 5 5 5 5 5 5 5 5 5 5 5 5 5 5 5 5 5 5 5 5 5 5 5 5 5 5 5 5 5 5 5 5 5 5 5 5 5 5 5 5 5 5 5 5 5 5 5 5 5 5 5 5 5 5 5 5 5 5 5 5 5 5 5 5 5 5 5 5 5 5 5 5 5 5 5 5 5 5 5 5 5 5 5 5 5 5 5 5 5 5 5 5 5 5 5 5 5 5 5 5 5 5 5 5 5 5 5 5 5 5 5 5 5 5 5 5 5 5 5 5 5 5 5 5 5 5 5 5 5 5 5 5 5 5 5 5 5 5 5 5 5 5 5 5 5 5 5 5 5 5 5 5 5 5 5 5 5 5 5 5 5 5 5 5 5 5 5 5 5 5 5 5 5 5 5 5 5 5 5 5 5 5 5 5 5 5 5 5 5 5 5 5 5 5 5 5 5 5 5 5 5 5 5 5 5 5 5 5 5 5 5 5 5 5 5 5 5 5 5 5 5 5 5 5 5 5 5 5 5 5 5 5 5 5 5 5 5 5 5 5 5 5 5 5 5 5 5 5 5 5 5 5 5 5 5 5 5 5 5 5 5 5 5 5 5 5 5 5 5 5 5 5 5 5 5 5 5 5 5 5 5 5 5 5 5 5 5 5 5 5 5 5 5 5 5 5 5 5 5 5 5 5 5 5 5 5 5 5 5 5 5 5 5 5 5 5 5 5 5 5 5 5 5 5 5 5 5 5 5 5 5 5 5 5 5 5 5 5 5 5 5 5 5 5 5 5 5 5 5 5 5 5 5 5 5 5 5 5 5 5 5 5 5 5 5 5 5 5 5 5 5 5 5 5 5 5 5 5 5 5 5 5 5 5 5 5 5 5 5 5 5 5 5 5 5 5 5 5 5 5 5 5 5 5 5 5 5 5 5 5 5 5 5 5 5 5 5 5 5 5 5 5 5 5 5 5 5 5 5 5 5 5 5 5 5 5 5 5 5 5 5 5 5 5 5 5 5 5 5 5 5 5 5 5 5 5 5 5 5 5 5 5 5 5 5 5 5 5 5 5 5 5 5 5 5 5 5 5 5 5 5 5 5 5 5 5 5 5 5 5 5 5 5 5 5 5 5 5 5 5 5 5 5 5 5 5 5 5 5 5 5 5 5 5 5 5 5 5 5 5 5 5 5 5 5 5 5 5 5 5 5 5 5 5 5 5 5 5 5 5 5 5 5 5 5 5 5 5 5 5 5 5 5 5 5 5 5 5 5 5 5 5 5 5 5 5 5 5 5 5 5 5 5 5 5 5 5 5 5 5 5 5 5 5 5 5 5 5 5 5 5 5 5 5 5 5 5 5 5 5 5 5 5 5 5 5 5 5 5 5 5 5 5 5 5 5 5 5 5 5 5 5 5 5 5 5 5 5 5 5 5 5 5 5 5 5 5 5 5 5 5 5 5 5 5 5 5 5 5 5 5 5 5 5 5 5 5 5 5 5 5 5 5 5 5 5 5 5 5 5 5 5 5 5 5 5 5 5 5 5 5 5 5 5 5 5 5 5 5 5 5 5 5 5 5 5 5 5 5 5 5 5 5 5 5 5 5 5 5 5 5 5 5 5 5 5 5 5 5 5 5 5 5 5 5 5 5 5 5 5 5 5 5 5 5 5 5 5 5 5 5 5 5 5 5 5 5 5 5 5 5 5 5 5 5 5 5 5 5 5 5 5 5 5 5 5 5 5 5 5 5 5 5 5 5 5 5 5 5 5 5 5 5 5 5 5 5 5 5 5 5 5 5 5 5 5 5 5 5 5 5 5 5 5 5 5 5 5 5 5 5 5 5 5 5 5 5 5 5 5 5 5 5 5 5 5 5 5 5 5 5 5 5 5 5 5 5 5 5 5 5 5 5 5 5 5 5 5 5 5 5 5 5 5 5 5 5 5 5 5 5 5 5 5 5 5 5 5 5 5 5 5 5 5 5 5 5 5 5 5 5 5 5 5 5 5 5 5 5 5 5 5 5 5 5 5 5 5 5 5 5 5 5 5 5 5 5 5 5 5 5 5 5 5 5 5 5 5 5 5 5 5 5 5 5 5 5 5 5 5 5 5 5 5 5 5 5 5 5 5 5 5 5 5 5 5 5 5 5 5 5 5 5 5 5 5 5 5 5 5 5 5 5 5 5 5 5 5 5 5 5 5 5 5 5 5 5 5 5 5 5 5 5 5 5 5 5 5 5 5 5 5 5 5 5 5 5 5 5 5 5 5 5 5 5 5 5 5 5 5 5 5 5 5 5 5 5 5 5 5 5 5 5 5 5 5 5 5 5 5 5 5 5 5 5 5 5 5 5 5 5 5 5 5 5 5 5 5 5 5 5 5 5 5 5 5 5 5 5 5 5 5 5 5 5 5 5 5 5 5 5 5 5 5 5 5 5 5 5 5 5 5 5 5 5 5 5 5 5 5 5 5 5 5 5 5 5 5 5 5 5 5 5 5 5 5 5 5 5 5 5 5 5 5 5 5 5 5 5 5 5 5 5 5 5 5 5 5 5 5 5 5 5 5 5 5 5 5 5 5 5 5 5 5 5 5 5 5 5 5 5 5 5 5 5 5 5 5 5 5 5 5 5 5 5 5 5 5 5 5 5 5 5 5 5 5 5 5 5 5 5 5 5 5 5 5 5 5 5 5 5 5 5 5 5 5 5 5 5 5 5 5 5 5 5 5 5 5 5 5 5 5 5 5 5 5 5 5 5 5 5 5 5 5 5 5 5 5 5 5 5 5 5 5 5 5 5 5 5 5 5 5 5 5 5 5 5 5 5 5 5 5 5 5 5 5 5 5 5 5 5 5 5 5 5 5 5 5 5 5 5 5 5 5 5 5 5 5 5 5 5 5 5 5 5 5 5 5 5 5 5 5 5 5 5 5 5 5 5 5 5 5 5 5 5 5 5 5 5 5 5 5 5 5 5 5 5 5 5 5 5 5 5 5 5 5 5 5 5 5 5 5 5 5 5 5 5 5 5 5 5 5 5 5 5 5 5 5 5 5 5 5 5 5 5 5 5 5 5 5 5 5 5 5 5 5 5 5 5 5 5 5 5 5 5 5 5 5 5 5 5 5 5 5 5 5 5 5 5 5 5 5 5 5 5 5 5 5 5 5 5 5 5 5 5 5 5 5 5 5 5 5 5 5 5 5 5 5 5 5 5 5 5 5 5 5 5 5 5 5 5 5 5 5 5 5 5 5 5 5 5 5 5 5 5 5 5 5 5 5 5 5 5 5 5 5 5 5 5 5 5 5 5 5 5 5 5 5 5 5 5 5 5 5 5 5 5 5 5 5 5 5 5 5 5 5 5 5 5 5 5 5 5 5 5 5 5 5 5 5 5 5 5 5 5 5 5 5 5 5 5 5 5 5 5 5 5 5 5 5 5 5 5 5 5 5 5 5 5 5 5 5 5 5 5 5 5 5 5 5 5 5 5 5 5 5 5 5 5 5 5 5 5 5 5 5 5 5 5 5 5 5 5 5 5 5 5 5 5 5 5 5 5 5 5 5 5 5 5 5 5 5 5 5 5 5 5 5 5 5 5 5 5 5 5 5 5 5 5 5 5 5 5 5 5 5 5 5 5 5 5 5 5 5 5 5 5 5 5 5 5 5 5 5 5 5 5 5 5 5 5 5 5 5 5 5 5 5 5 5 5 5 5 5 5 5 5 5 5 5 5 5 5 5 5 5 5 5 5 5 5 5 5 5 5 5 5 5 5 5 5 5 5 5 5 5 5 5 5 5 5 5 5 5 5 5 5 5 5 5 5 5 5 5 5 5 5 5 5 5 5 5 5 5 5 5 5 5 5 5 5 5 5 5 5 5 5 5 5 5 5 5 5 5 5 5 5 5 5 5 5 5 5 5 5 5 5 5 5 5 5 5 5 5 5 5 5 5 5 5 5 5 5 5 5 5 5 5 5 5 5 5 5 5 5 5 5 5 5 5 5 5 5 5 5 5 5 5 5 5 5 5 5 5 5 5 5 5 5 5 5 5 5 5 5 5 5 5 5 5 5 5 5 5 5 5 5 5 5 5 5 5 5 5 5 5 5 5 5 5 5 5 5 5 5 5 5 5 5 5 5 5 5 5 5 5 5 5 5 5 5 5 5 5 5 5 5 5 5 5 5 5 5 5 5 5 5 5 5 5 5 5 5 5 5 5 5 5 5 5 5 5 5 5 5 5 5 5 5 5 5 5 5 5 5 5 5 5 5 5 5 5 5 5 5 5 5 5 5 5 5 5 5 5 5 5 5 5 5 5 5 5 5 5 5 5 5 5 5 5 5 5 5 5 5 5 5 5 5 5 5 5 5 5 5 5 5 5 5 5 5 5 5 5 5 5 5 5 5 5 5 5 5 5 5 5 5 5 5 5 5 5 5 5 5 5 5 5 5 5 5 5 5 5 5 5 5 5 5 5 5 5 5 5 5 5 5 5 5 5 5 5 5 5 5 5 5 5 5 5 5 5 5 5 5 5 5 5 5 5 5 5 5 5 5 5 5 5 5 5 5 5 5 5 5 5 5 5 5 5 5 5 5 5 5 5 5 5 5 5 5 5 5 5 5 5 5 5 5 5 5 5 5 5 5 5 5 5 5 5 5 5 5 5 5 5 5 5 5 5 5 5 5 5 5 5 5 5 5 5 5 5 5 5 5 5 5 5 5 5 5 5 5 5 5 5 5 5 5 5 5 5 5 5 5 5 5 5 5 5 5 5 5 5 5 5 5 5 5 5 5 5 5 5 5 5 5 5 5 5 5 5 5 5 5 5 5 5 5 5 5 5 5 5 5 5 5 5 5 5 5 5 5 5 5 5 5 5 5 5 5 5 5 5 5 5 5 5 5 5 5 5 5 5 5 5 5 5 5 5 5 5 5 5 5 5 5 5 5 5 5 5 5 5 5 5 5 5 5 5 5 5 5 5 5 5 5 5 5 5 5 5 5 5 5 5 5 5 5 5 5 5 5 5 5 5 5 5 5 5 5 5 5 5 5 5 5 5 5 5 5 5 5 5 5 5 5 5 5 5 5 5 5 5 5 5 5 5 5 5 5 5 5 5 5 5 5 5 5 5 5 5 5 5 5 5 5 5 5 5 5 5 5 5 5 5 5 5 5 5 5 5 5 5 5 5 5 5 5 5 5 5 5 5 5 5 5 5 5 5 5 5 5 5 5 5 5 5 5 5 5 5 5 5 5 5 5 5 5 5 5 5 5 5 5 5 5 5 5 5 5 5 5 5 5 5 5 5 5 5 5 5 5 5 5 5 5 5 5 5 5 5 5 5 5 5 5 5 5 5 5 5 5 5 5 5 5 5 5 5 5 5 5 5 5 5 5 5 5 5 5 5 5 5 5 5 5 5 5 5 5 5 5 5 5 5 5 5 5 5 5 5 5 5 5 5 5 5 5 5 5 5 5 5 5 5 5 5 5 5 5 5 5 5 5 5 5 5 5 5 5 5 5 5 5 5 5 5 5 5 5 5 5 5 5 5 5 5 5 5 5 5 5 5 5 5 5 5 5 5 5 5 5 5 5 5 5 5 5 5 5 5 5 5 5 5 5 5 5 5 5 5 5 5 5 5 5 5 5 5 5 5 5 5 5 5 5 5 5 5 5 5 5 5 5 5 5 5 5 5 5 5 5 5 5 5 5 5 5 5 5 5 5 5 5 5 5 5 5 5 5 5 5 5 5 5 5 5 5 5 5 5 5 5 5 5 5 5 5 5 5 5 5 5 5 5 5 5 5 5 5 5 5 5 5 5 5 5 5 5 5 5 5 5 5 5 5 5 5 5 5 5 5 5 5 5 5 5 5 5 5 5 5 5 5 5 5 5 5 5 5 5 5 5 5 5 5 5 5 5 5 5 5 5 5 5 5 5 5 5 5 5 5 5 5 5 5 5 5 5 5 5 5 5 5 5 5 5 5 5 5 5 5 5 5 5 5 5 5 5 5 5 5 5 5 5 5 5 5 5 5 5 5 5 5 5 5 5 5 5 5 5 5 5 5 5 5 5 5 5 5 5 5 5 5 5 5 5 5 5 5 5 5 5 5 5 5 5 5 5 5 5 5 5 5 5 5 5 5 5 5 5 5 5 5 5 5 5 5 5 5 5 5 5 5 5 5 5 5 5 5 5 5 5 5 5 5 5 5 5 5 5 5 5 5 5 5 5 5 5 5 5 5 5 5 5 5 5 5 5 5 5 5 5 5 5 5 5 5 5 5 5 5 5 5 5 5 5 5 5 5 5 5 5 5 5 5 5 5 5 5 5 5 5 5 5 5 5 5 5 5 5 5 5 5 5 5 5 5 5 5 5 5 5 5 5 5 5 5 5 5 5 5 5 5 5 5 5 5 5 5 5 5 5 5 5 5 5 5 5 5 5 5 5 5 5 5 5 5 5 5 5 5 5 5 5 5 5 5 5 5 5 5 5 5 5 5 5 5 5 5 5 5 5 5 5 5 5 5 5 5 5 5 5 5 5 5 5 5 5 5 5 5 5 5 5 5 5 5 5 5 5 5 5 5 5 5 5 5 5 5 5 5 5 5 5 5 5 5 5 5 5 5 5 5 5 5 5 5 5 5 5 5 5 5 5 5 5 5 5 5 5 5 5 5 5 5 5 5 5 5 5 5 5 5 5 5 5 5 5 5 5 5 5 5 5 5 5 5 5 5 5 5 5 5 5 5 5 5 5 5 5 5 5 5 5 5 5 5 5 5 5 5 5 5 5 5 5 5 5 5 5 5 5 5 5 5 5 5 5 5 5 5 5 5 5 5 5 5 5 5 5 5 5 5 5 5 5 5 5 5 5 5 5 5 5 5 5 5 5 5 5 5 5 5 5 5 5 5 5 5 5 5 5 5 5 5 5 5 5 5 5 5 5 5 5 5 5 5 5 5 5 5 5 5 5 5 5 5 5 5 5 5 5 5 5 5 5 5 5 5 5 5 5 5 5 5 5 5 5 5 5 5 5 5 5 5 5 5 5 5 5 5 5 5 5 5 5 5 5 5 5 5 5 5 5 5 5 5 5 5 5 5 5 5 5 5 5 5 5 5 5 5 5 5 5 5 5 5 5 5 5 5 5 5 5 5 5 5 5 5 5 5 5 5 5 5 5 5 5 5 5 5 5 5 5 5 5 5 5 5 5 5 5 5 5 5 5 5 5 5 5 5 5 5 5 5 5 5 5 5 5 5 5 5 5 5 5 5 5 5 5 5 5 5 5 5 5 5 5 5 5 5 5 5 5 5 5 5 5 5 5 5 5 5 5 5 5 5 5 5 5 5 5 5 5 5 5 5 5 5 5 5 5 5 5 5 5 5 5 5 5 5 5 5 5 5 5 5 5 5 5 5 5 5 5 5 5 5 5 5 5 5 5 5 5 5 5 5 5 5 5 5 5 5 5 5 5 5 5 5 5 5 5 5 5 5 5 5 5 5 5 5 5 5 5 5 5 5 5 5 5 5 5 5 5 5 5 5 5 5 5 5 5 5 5 5 5 5 5 5 5 5 5 5 5 5 5 5 5 5 5 5 5 5 5 5 5 5 5 5 5 5 5 5 5 5 5 5 5 5 5 5 5 5 5 5 5 5 5 5 5 5 5 5 5 5 5 5 5 5 5 5 5 5 5 5 5 5 5 5 5 5 5 5 5 5 5 5 5 5 5 5 5 5 5 5 5 5 5 5 5 5 5 5 5 5 5 5 5 5 5 5 5 5 5 5 5 5 5 5 5 5 5 5 5 5 5 5 5 5 5 5 5 5 5 5 5 5 5 5 5 5 5 5 5 5 5 5 5 5 5 5 5 5 5 5 5 5 5 5 5 5 5 5 5 5 5 5 5 5 5 5 5 5 5 5 5 5 5 5 5 5 5 5 5 5 5 5 5 5 5 5 5 5 5 5 5 5 5 5 5 5 5 5 5 5 5 5 5 5 5 5 5 5 5 5 5 5 5 5 5 5 5 5 5 5 5 5 5 5 5 5 5 5 5 5 5 5 5 5 5 5 5 5 5 5 5 5 5 5 5 5 5 5 5 5 5 5 5 5 5 5 5 5 5 5 5 5 5 5 5 5 5 5 5 5 5 5 5 5 5 5 5 5 5 5 5 5 5 5 5 5 5 5 5 5 5 5 5 5 5 5 5 5 5 5 5 5 5 5 5 5 5 5 5 5 5 5 5 5 5 5 5 5 5 5 5 5 5 5 5 5 5 5 5 5 5 5 5 5 5 5 5 5 5 5 5 5 5 5 5 5 5 5 5 5 5 5 5 5 5 5 5 5 5 5 5 5 5 5 5 5 5 5 5 5 5 5 5 5 5 5 5 5 5 5 5 5 5 5 5 5 5 5 5 5 5 5 5 5 5 5 5 5 5 5 5 5 5 5 5 5 5 5 5 5 5 5 5 5 5 5 5 5 5 5 5 5 5 5 5 5 5 5 5 5 5 5 5 5 5 5 5 5 5 5 5 5 5 5 5 5 5 5 5 5 5 5 5 5 5 5 5 5 5 5 5 5 5 5 5 5 5 5 5 5 5 5 5 5 5 5 5 5 5 5 5 5 5 5 5 5 5 5 5 5 5 5 5 5 5 5 5 5 5 5 5 5 5 5 5 5 5 5 5 5 5 5 5 5 5 5 5 5 5 5 5 5 5 5 5 5 5 5 5 5 5 5 5 5 5 5 5 5 5 5 5 5 5 5 5 5 5 5 5 5 5 5 5 5 5 5 5 5 5 5 5 5 5 5 5 5 5 5 5 5 5 5 5 5 5 5 5 5 5 5 5 5 5 5 5 5 5 5 5 5 5 5 5 5 5 5 5 5 5 5 5 5 5 5 5 5 5 5 5 5 5 5 5 5 5 5 5 5 5 5 5 5 5 5 5 5 5 5 5 5 5 5 5 5 5 5 5 5 5 5 5 5 5 5 5 5 5 5 5 5 5 5 5 5 5 5 5 5 5 5 5 5 5 5 5 5 5 5 5 5 5 5 5 5 5 5 5 5 5 5 5 5 5 5 5 5 5 5 5 5 5 5 5 5 5 5 5 5 5 5 5 5 5 5 5 5 5 5 5 5 5 5 5 5 5 5 5 5 5 5 5 5 5 5 5 5 5 5 5 5 5 5 5 5 5 5 5 5 5 5 5 5 5 5 5 5 5 5 5 5 5 5 5 5 5 5 5 5 5 5 5 5 5 5 5 5 5 5 5 5 5 5 5 5 5 5 5 5 5 5 5 5 5 5 5 5 5 5 5 5 5 5 5 5 5 5 5 5 5 5 5 5 5 5 5 5 5 5 5 5 5 5 5 5 5 5 5 5 5 5 5 5 5 5 5 5 5 5 5 5 5 5 5 5 5 5 5 5 5 5 5 5 5 5 5 5 5 5 5 5 5 5 5 5 5 5 5 5 5 5 5 5 5 5 5 5 5 5 5 5 5 5 5 5 5 5 5 5 5 5 5 5 5 5 5 5 5 5 5 5 5 5 5 5 5 5 5 5 5 5 5 5 5 5 5 5 5 5 5 5 5 5 5 5 5 5 5 5 5 5 5 5 5 5 5 5 5 5 5 5 5 5 5 5 5 5 5 5 5 5 5 5 5 5 5 5 5 5 5 5 5 5 5 5 5 5 5 5 5 5 5 5 5 5 5 5 5 5 5 5 5 5 5 5 5 5 5 5 5 5 5 5 5 5 5 5 5 5 5 5 5 5 5 5 5 5 5 5 5 5 5 5 5 5 5 5 5 5 5 5 5 5 5 5 5 5 5 5 5 5 5 5 5 5 5 5 5 5 5 5 5 5 5 5 5 5 5 5 5 5 5 5 5 5 5 5 5 5 5 5 5 5 5 5 5 5 5 5 5 5 5 5 5 5 5 5 5 5 5 5 5 5 5 5 5 5 5 5 5 5 5 5 5 5 5 5 5 5 5 5 5 5 5 5 5 5 5 5 5 5 5 5 5 5 5 5 5 5 5 5 5 5 5 5 5 5 5 5 5 5 5 5 5 5 5 5 5 5 5 5 5 5 5 5 5 5 5 5 5 5 5 5 5 5 5 5 5 5 5 5 5 5 5 5 5 5 5 5 5 5 5 5 5 5 5 5 5 5 5 5 5 5 5 5 5 5 5 5 5 5 5 5 5 5 5 5 5 5 5 5 5 5 5 5 5 5 5 5 5 5 5 5 5 5 5 5 5 5 5 5 5 5 5 5 5 5 5 5 5 5 5 5 5 5 5 5 5 5 5 5 5 5 5 5 5 5 5 5 5 5 5 5 5 5 5 5 5 5 5 5 5 5 5 5 5 5 5 5 5 5 5 5 5 5 5 5 5 5 5 5 5 5 5 5 5 5 5 5 5 5 5 5 5 5 5 5 5 5 5 5 5 5 5 5 5 5 5 5 5 5 5 5 5 5 5 5 5 5 5 5 5 5 5 5 5 5 5 5 5 5 5 5 5 5 5 5 5 5 5 5 5 5 5 5 5 5 5 5 5 5 5 5 5 5 5 5 5 5 5 5 5 5 5 5 5 5 5 5 5 5 5 5 5 5 5 5 5 5 5 5 5 5 5 5 5 5 5 5 5 5 5 5 5 5 5 5 5 5 5 5 5 5 5 5 5 5 5 5 5 5 5 5 5 5 5 5 5 5 5 5 5 5 5 5 5 5 5 5 5 5 5 5 5 5 5 5 5 5 5 5 5 5 5 5 5 5 5 5 5 5 5 5 5 5 5 5 5 5 5 5 5 5 5 5 5 5 5 5 5 5 5 5 5 5 5 5 5 5 5 5 5 5 5 5 5 5 5 5 5 5 5 5 5 5 5 5 5 5 5 5 5 5 5 5 5 5 5 5 5 5 5 5 5 5 5 5 5 5 5 5 5 5 5 5 5 5 5 5 5 5 5 5 5 5 5 5 5 5 5 5 5 5 5 5 5 5 5 5 5 5 5 5 5 5 5 5 5 5 5 5 5 5 5 5 5 5 5 5 5 5 5 5 5 5 5 5 5 5 5 5 5 5 5 5 5 5 5 5 5 5 5 5 5 5 5 5 5 5 5 5 5 5 5 5 5 5 5 5 5 5 5 5 5 5 5 5 5 5 5 5 5 5 5 5 5 5 5 5 5 5 5 5 5 5 5 5 5 5 5 5 5 5 5 5 5 5 5 5 5 5 5 5 5 5 5 5 5 5 5 5 5 5 5 5 5 5 5 5 5 5 5 5 5 5 5 5 5 5 5 5 5 5 5 5 5 5 5 5 5 5 5 5 5 5 5 5 5 5 5 5 5 5 5 5 5 5 5 5 5 5 5 5 5 5 5 5 5 5 5 5 5 5 5 5 5 5 5 5 5 5 5 5 5 5 5 5 5 5 5 5 5 5 5 5 5 5 5 5 5 5 5 5 5 5 5 5 5 5 5 5 5 5 5 5 5 5 5 5 5 5 5 5 5 5 5 5 5 5 5 5 5 5 5 5 5 5 5 5 5 5 5 5 5 5 5 5 5 5 5 5 5 5 5 5 5 5 5 5 5 5 5 5 5 5 5 5 5 5 5 5 5 5 5 5 5 5 5 5 5 5 5 5 5 5 5 5 5 5 5 5 5 5 5 5 5 5 5 5 5 5 5 5 5 5 5 5 5 5 5 5 5 5 5 5 5 5 5 5 5 5 5 5 5 5 5 5 5 5 5 5 5 5 5 5 5 5 5 5 5 5 5 5 5 5 5 5 5 5 5 5 5 5 5 5 5 5 5 5 5 5 5 5 5 5 5 5 5 5 5 5 5 5 5 5 5 5 5 5 5 5 5 5 5 5 5 5 5 5 5 5 5 5 5 5 5 5 5 5 5 5 5 5 5 5 5 5 5 5 5 5 5 5 5 5 5 5 5 5 5 5 5 5 5 5 5 5 5 5 5 5 5 5 5 5 5 5 5 5 5 5 5 5 5 5 5 5 5 5 5 5 5 5 5 5 5 5 5 5 5 5 5 5 5 5 5 5 5 5 5 5 5 5 5 5 5 5 5 5 5 5 5 5 5 5 5 5 5 5 5 5 5 5 5 5 5 5 5 5 5 5 5 5 5 5 5 5 5 5 5 5 5 5 5 5 5 5 5 5 5 5 5 5 5 5 5 5 5 5 5 5 5 5 5 5 5 5 5 5 5 5 5 5 5 5 5 5 5 5 5 5 5 5 5 5 5 5 5 5 5 5 5 5 5 5 5 5 5 5 5 5 5 5 5 5 5 5 5 5 5 5 5 5 5 5 5 5 5 5 5 5 5 5 5 5 5 5 5 5 5 5 5 5 5 5 5 5 5 5 5 5 5 5 5 5 5 5 5 5 5 5 5 5 5 5 5 5 5 5 5 5 5 5 5 5 5 5 5 5 5 5 5 5 5 5 5 5 5 5 5 5 5 5 5 5 5 5 5 5 5 5 5 5 5 5 5 5 5 5 5 5 5 5 5 5 5 5 5 5 5 5 5 5 5 5 5 5 5 5 5 5 5 5 5 5 5 5 5 5 5 5 5 5 5 5 5 5 5 5 5 5 5 5 5 5 5 5 5 5 5 5 5 5 5 5 5 5 5 5 5 5 5 5 5 5 5 5 5 5 5 5 5 5 5 5 5 5 5 5 5 5 5 5 5 5 5 5 5 5 5 5 5 5 5 5 5 5 5 5 5 5 5 5 5 5 5 5 5 5 5 5 5 5 5 5 5 5 5 5 5 5 5 5 5 5 5 5 5 5 5 5 5 5 5 5 5 5 5 5 5 5 5 5 5 5 5 5 5 5 5 5 5 5 5 5 5 5 5 5 5 5 5 5 5 5 5 5 5 5 5 5 5 5 5 5 5 5 5 5 5 5 5 5 5 5 5 5 5 5 5 5 5 5 5 5 5 5 5 5 5 5 5 5 5 5 5 5 5 5 5 5 5 5 5 5 5 5 5 5 5 5 5 5 5 5 5 5 5 5 5 5 5 5 5 5 5 5 5 5 5 5 5 5 5 5 5 5 5 5 5 5 5 5 5 5 5 5 5 5 5 5 5 5 5 5 5 5 5 5 5 5 5 5 5 5 5 5 5 5 5 5 5 5 5 5 5 5 5 5 5 5 5 5 5 5 5 5 5 5 5 5 5 5 5 5 5 5 5 5 5 5 5 5 5 5 5 5 5 5 5 5 5 5 5 5 5 5 5 5 5 5 5 5 5 5 5 5 5 5 5 5 5 5 5 5 5 5 5 5 5 5 5 5 5 5 5 5 5 5 5 5 5 5 5 5 5 5 5 5 5 5 5 5 5 5 5 5 5 5 5 5 5 5 5 5 5 5 5 5 5 5 5 5 5 5 5 5 5 5 5 5 5 5 5 5 5 5 5 5 5 5 5 5 5 5 5 5 5 5 5 5 5 5 5 5 5 5 5 5 5 5 5 5 5 5 5 5 5 5 5 5 5 5 5 5 5 5 5 5 5 5 5 5 5 5 5 5 5 5 5 5 5 5 5 5 5 5 5 5 5 5 5 5 5 5 5 5 5 5 5 5 5 5 5 5 5 5 5 5 5 5 5 5 5 5 5 5 5 5 5 5 5 5 5 5 5 5 5 5 5 5 5 5 5 5 5 5 5 5 5 5 5 5 5 5 5 5 5 5 5 5 5 5 5 5 5 5 5 5 5 5 5 5 5 5 5 5 5 5 5 5 5 5 5 5 5 5 5 5 5 5 5 5 5 5 5 5 5 5 5 5 5 5 5 5 5 5 5 5 5 5 5 5 5 5 5 5 5 5 5 5 5 5 5 5 5 5 5 5 5 5 5 5 5 5 5 5 5 5 5 5 5 5 5 5 5 5 5 5 5 5 5 5 5 5 5 5 5 5 5 5 5 5 5 5 5 5 5 5 5 5 5 5 5 5 5 5 5 5 5 5 5 5 5 5 5 5 5 5 5 5 5 5 5 5 5 5 5 5 5 5 5 5 5 5 5 5 5 5 5 5 5 5 5 5 5 5 5 5 5 5 5 5 5 5 5 5 5 5 5 5 5 5 5 5 5 5 5 5 5 5 5 5 5 5 5 5 5 5 5 5 5 5 5 5 5 5 5 5 5 5 5 5 5 5 5 5 5 5 5 5 5 5 5 5 5 5 5 5 5 5 5 5 5 5 5 5 5 5 5 5 5 5 5 5 5 5 5 5 5 5 5 5 5 5 5 5 5 5 5 5 5 5 5 5 5 5 5 5 5 5 5 5 5 5 5 5 5 5 5 5 5 5 5 5 5 5 5 5 5 5 5 5 5 5 5 5 5 5 5 5 5 5 5 5 5 5 5 5 5 5 5 5 5 5 5 5 5 5 5 5 5 5 5 5 5 5 5 5 5 5 5 5 5 5 5 5 5 5 5 5 5 5 5 5 5 5 5 5 5 5 5 5 5 5 5 5 5 5 5 5 5 5 5 5 5 5 5 5 5 5 5 5 5 5 5 5 5 5 5 5 5 5 5 5 5 5 5 5 5 5 5 5 5 5 5 5 5 5 5 5 5 5 5 5 5 5 5 5 5 5 5 5 5 5 5 5 5 5 5 5 5 5 5 5 5 5 5 5 5 5 5 5 5 5 5 5 5 5 5 5 5 5 5 5 5 5 5 5 5 5 5 5 5 5 5 5 5 5 5 5 5 5 5 5 5 5 5 5 5 5 5 5 5 5 5 5 5 5 5 5 5 5 5 5 5 5 5 5 5 5 5 5 5 5 5 5 5 5 5 5 5 5 5 5 5 5 5 5 5 5 5 5 5 5 5 5 5 5 5 5 5 5 5 5 5 5 5 5 5 5 5 5 5 5 5 5 5 5 5 5 5 5 5 5 5 5 5 5 5 5 5 5 5 5 5 5 5 5 5 5 5 5 5 5 5 5 5 5 5 5 5 5 5 5 5 5 5 5 5 5 5 5 5 5 5 5 5 5 5 5 5 5 5 5 5 5 5 5 5 5 5 5 5 5 5 5 5 5 5 5 5 5 5 5 5 5 5 5 5 5 5 5 5 5 5 5 5 5 5 5 5 5 5 5 5 5 5 5 5 5 5 5 5 5 5 5 5 5 5 5 5 5 5 5 5 5 5 5 5 5 5 5 5 5 5 5 5 5 5 5 5 5 5 5 5 5 5 5 5 5 5 5 5 5 5 5 5 5 5 5 5 5 5 5 5 5 5 5 5 5 5 5 5 5 5 5 5 5 5 5 5 5 5 5 5 5 5 5 5 5 5 5 5 5 5 5 5 5 5 5 5 5 5 5 5 5 5 5 5 5 5 5 5 5 5 5 5 5 5 5 5 5 5 5 5 5 5 5 5 5 5 5 5 5 5 5 5 5 5 5 5 5 5 5 5 5 5 5 5 5 5 5 5 5 5 5 5 5 5 5 5 5 5 5 5 5 5 5 5 5 5 5 5 5 5 5 5 5 5 5 5 5 5 5 5 5 5 5 5 5 5 5 5 5 5 5 5 5 5 5 5 5 5 5 5 5 5 5 5 5 5 5 5 5 5 5 5 5 5 5 5 5 5 5 5 5 5 5 5 5 5 5 5 5 5 5 5 5 5 5 5 5 5 5 5 5 5 5 5 5 5 5 5 5 5 5 5 5 5 5 5 5 5 5 5 5 5 5 5 5 5 5 5 5 5 5 5 5 5 5 5 5 5 5 5 5 5 5 5 5 5 5 5 5 5 5 5 5 5 5 5 5 5 5 5 5 5 5 5 5 5 5 5 5 5 5 5 5 5 5 5 5 5 5 5 5 5 5 5 5 5 5 5 5 5 5 5 5 5 5 5 5 5 5 5 5 5 5 5 5 5 5 5 5 5 5 5 5 5 5 5 5 5 5 5 5 5 5 5 5 5 5 5 5 5 5 5 5 5 5 5 5 5 5 5 5 5 5 5 5 5 5 5 5 5 5 5 5 5 5 5 5 5 5 5 5 5 5 5 5 5 5 5 5 5 5 5 5 5 5 5 5 5 5 5 5 5 5 5 5 5 5 5 5 5 5 5 5 5 5 5 5 5 5 5 5 5 5 5 5 5 5 5 5 5 5 5 5 5 5 5 5 5 5 5 5 5 5 5 5 5 5 5 5 5 5 5 5 5 5 5 5 5 5 5 5 5 5 5 5 5 5 5 5 5 5 5 5 5 5 5 5 5 5 5 5 5 5 5 5 5 5 5 5 5 5 5 5 5 5 5 5 5 5 5 5 5 5 5 5 5 5 5 5 5 5 5 5 5 5 5 5 5 5 5 5 5 5 5 5 5 5 5 5 5 5 5 5 5 5 5 5 5 5 5 5 5 5 5 5 5 5 5 5 5 5 5 5 5 5 5 5 5 5 5 5 5 5 5 5 5 5 5 5 5 5 5 5 5 5 5 5 5 5 5 5 5 5 5 5 5 5 5 5 5 5 5 5 5 5 5 5 5 5 5 5 5 5 5 5 5 5 5 5 5 5 5 5 5 5 5 5 5 5 5 5 5 5 5 5 5 5 5 5 5 5 5 5 5 5 5 5 5 5 5 5 5 5 5 5 5 5 5 5 5 5 5 5 5 5 5 5 5 5 5 5 5 5 5 5 5 5 5 5 5 5 5 5 5 5 5 5 5 5 5 5 5 5 5 5 5 5 5 5 5 5 5 5 5 5 5 5 5 5 5 5 5 5 5 5 5 5 5 5 5 5 5 5 5 5 5 5 5 5 5 5 5 5 5 5 5 5 5 5 5 5 5 5 5 5 5 5 5 5 5 5 5 5 5 5 5 5 5 5 5 5 5 5 5 5 5 5 5 5 5 5 5 5 5 5 5 5 5 5 5 5 5 5 5 5 5 5 5 5 5 5 5 5 5 5 5 5 5 5 5 5 5 5 5 5 5 5 5 5 5 5 5 5 5 5 5 5 5 5 5 5 5 5 5 5 5 5 5 5 5 5 5 5 5 5 5 5 5 5 5 5 5 5 5 5 5 5 5 5 5 5 5 5 5 5 5 5 5 5 5 5 5 5 5 5 5 5 5 5 5 5 5 5 5 5 5 5 5 5 5 5 5 5 5 5 5 5 5 5 5 5 5 5 5 5 5 5 5 5 5 5 5 5 5 5 5 5 5 5 5 5 5 5 5 5 5 5 5 5 5 5 5 5 5 5 5 5 5 5 5 5 5 5 5 5 5 5 5 5 5 5 5 5 5 5 5 5 5 5 5 5 5 5 5 5 5 5 5 5 5 5 5 5 5 5 5 5 5 5 5 5 5 5 5 5 5 5 5 5 5 5 5 5 5 5 5 5 5 5 5 5 5 5 5 5 5 5 5 5 5 5 5 5 5 5 5 5 5 5 5 5 5 5 5 5 5 5 5 5 5 5 5 5 5 5 5 5 5 5 5 5 5 5 5 5 5 5 5 5 5 5 5 5 5 5 5 5 5 5 5 5 5 5 5 5 5 5 5 5 5 5 5 5 5 5 5 5 5 5 5 5 5 5 5 5 5 5 5 5 5 5 5 5 5 5 5 5 5 5 5 5 5 5 5 5 5 5 5 5 5 5 5 5 5 5 5 5 5 5 5 5 5 5 5 5 5 5 5 5 5 5 5 5 5 5 5 5 5 5 5 5 5 5 5 5 5 5 5 5 5 5 5 5 5 5 5 5 5 5 5 5 5 5 5 5 5 5 5 5 5 5 5 5 5 5 5 5 5 5 5 5 5 5 5 5 5 5 5 5 5 5 5 5 5 5 5 5 5 5 5 5 5 5 5 5 5 5 5 5 5 5 5 5 5 5 5 5 5 5 5 5 5 5 5 5 5 5 5 5 5 5 5 5 5 5 5 5 5 5 5 5 5 5 5 5 5 5 5 5 5 5 5 5 5 5 5 5 5 5 5 5 5 5 5 5 5 5 5 5 5 5 5 5 5 5 5 5 5 5 5 5 5 5 5 5 5 5 5 5 5 5 5 5 5 5 5 5 5 5 5 5 5 5 5 5 5 5 5 5 5 5 5 5 5 5 5 5 5 5 5 5 5 5 5 5 5 5 5 5 5 5 5 5 5 5 5 5 5 5 5 5 5 5 5 5 5 5 5 5 5 5 5 5 5 5 5 5 5 5 5 5 5 5 5 5 5 5 5 5 5 5 5 5 5 5 5 5 5 5 5 5 5 5 5 5 5 5 5 5 5 5 5 5 5 5 5 5 5 5 5 5 5 5 5 5 5 5 5 5 5 5 5 5 5 5 5 5 5 5 5 5 5 5 5 5 5 5 5 5 5 5 5 5 5 5 5 5 5 5 5 5 5 5 5 5 5 5 5 5 5 5 5 5 5 5 5 5 5 5 5 5 5 5 5 5 5 5 5 5 5 5 5 5 5 5 5 5 5 5 5 5 5 5 5 5 5 5 5 5 5 5 5 5 5 5 5 5 5 5 5 5 5 5 5 5 5 5 5 5 5 5 5 5 5 5 5 5 5 5 5 5 5 5 5 5 5 5 5 5 5 5 5 5 5 5 5 5 5 5 5 5 5 5 5 5 5 5 5 5 5 5 5 5 5 5 5 5 5 5 5 5 5 5 5 5 5 5 5 5 5 5 5 5 5 5 5 5 5 5 5 5 5 5 5 5 5 5 5 5 5 5 5 5 5 5 5 5 5 5 5 5 5 5 5 5 5 5 5 5 5 5 5 5 5 5 5 5 5 5 5 5 5 5 5 5 5 5 5 5 5 5 5 5 5 5 5 5 5 5 5 5 5 5 5 5 5 5 5 5 5 5 5 5 5 5 5 5 5 5 5 5 5 5 5 5 5 5 5 5 5 5 5 5 5 5 5 5 5 5 5 5 5 5 5 5 5 5 5 5 5 5 5 5 5 5 5 5 5 5 5 5 5 5 5 5 5 5 5 5 5 5 5 5 5 5 5 5 5 5 5 5 5 5 5 5 5 5 5 5 5 5 5 5 5 5 5 5 5 5 5 5 5 5 5 5 5 5 5 5 5 5 5 5 5 5 5 5 5 5 5 5 5 5 5 5 5 5 5 5 5 5 5 5 5 5 5 5 5 5 5 5 5 5 5 5 5 5 5 5 5 5 5 5 5 5 5 5 5 5 5 5 5 5 5 5 5 5 5 5 5 5 5 5 5 5 5 5 5 5 5 5 5 5 5 5 5 5 5 5 5 5 5 5 5 5 5 5 5 5 5 5 5 5 5 5 5 5 5 5 5 5 5 5 5 5 5 5 5 5 5 5 5 5 5 5 5 5 5 5 5 5 5 5 5 5 5 5 5 5 5 5 5 5 5 5 5 5 5 5 5 5 5 5 5 5 5 5 5 5 5 5 5 5 5 5 5 5 5 5 5 5 5 5 5 5 5 5 5 5 5 5 5 5 5 5 5 5 5 5 5 5 5 5 5 5 5 5 5 5 5 5 5 5 5 5 5 5 5 5 5 5 5 5 5 5 5 5 5 5 5 5 5 5 5 5 5 5 5 5 5 5 5 5 5 5 5 5 5 5 5 5 5 5 5 5 5 5 5 5 5 5 5 5 5 5 5 5 5 5 5 5 5 5 5 5 5 5 5 5 5 5 5 5 5 5 5 5 5 5 5 5 5 5 5 5 5 5 5 5 5 5 5 5 5 5 5 5 5 5 5 5 5 5 5 5 5 5 5 5 5 5 5 5 5 5 5 5 5 5 5 5 5 5 5 5 5 5 5 5 5 5 5 5 5 5 5 5 5 5 5 5 5 5 5 5 5 5 5 5 5 5 5 5 5 5 5 5 5 5 5 5 5 5 5 5 5 5 5 5 5 5 5 5 5 5 5 5 5 5 5 5 5 5 5 5 5 5 5 5 5 5 5 5 5 5 5 5 5 5 5 5 5 5 5 5 5 5 5 5 5 5 5 5 5 5 5 5 5 5 5 5 5 5 5 5 5 5 5 5 5 5 5 5 5 5 5 5 5 5 5 5 5 5 5 5 5 5 5 5 5 5 5 5 5 5 5 5 5 5 5 5 5 5 5 5 5 5 5 5 5 5 5 5 5 5 5 5 5 5 5 5 5 5 5 5 5 5 5 5 5 5 5 5 5 5 5 5 5 5 5 5 5 5 5 5 5 5 5 5 5 5 5 5 5 5 5 5 5 5 5 5 5 5 5 5 5 5 5 5 5 5 5 5 5 5 5 5 5 5 5 5 5 5 5 5 5 5 5 5 5 5 5 5 5 5 5 5 5 5 5 5 5 5 5 5 5 5 5 5 5 5 5 5 5 5 5 5 5 5 5 5 5 5 5 5 5 5 5 5 5 5 5 5 5 5 5 5 5 5 5 5 5 5 5 5 5 5 5 5 5 5 5 5 5 5 5 5 5 5 5 5 5 5 5 5 5 5 5 5 5 5 5 5 5 5 5 5 5 5 5 5 5 5 5 5 5 5 5 5 5 5 5 5 5 5 5 5 5 5 5 5 5 5 5 5 5 5 5 5 5 5 5 5 5 5 5 5 5 5 5 5 5 5 5 5 5 5 5 5 5 5 5 5 5 5 5 5 5 5 5 5 5 5 5 5 5 5 5 5 5 5 5 5 5 5 5 5 5 5 5 5 5 5 5 5 5 5 5 5 5 5 5 5 5 5 5 5 5 5 5 5 5 5 5 5 5 5 5 5 5 5 5 5 5 5 5 5 5 5 5 5 5 5 5 5 5 5 5 5 5 5 5 5 5 5 5 5 5 5 5 5 5 5 5 5 5 5 5 5 5 5 5 5 5 5 5 5 5 5 5 5 5 5 5 5 5 5 5 5 5 5 5 5 5 5 5 5 5 5 5 5 5 5 5 5 5 5 5 5 5 5 5 5 5 5 5 5 5 5 5 5 5 5 5 5 5 5 5 5 5 5 5 5 5 5 5 5 5 5 5 5 5 5 5 5 5 5 5 5 5 5 5 5 5 5 5 5 5 5 5 5 5 5 5 5 5 5 5 5 5 5 5 5 5 5 5 5 5 5 5 5 5 5 5 5 5 5 5 5 5 5 5 5 5 5 5 5 5 5 5 5 5 5 5 5 5 5 5 5 5 5 5 5 5 5 5 5 5 5 5 5 5 5 5 5 5 5 5 5 5 5 5 5 5 5 5 5 5 5 5 5 5 5 5 5 5 5 5 5 5 5 5 5 5 5 5 5 5 5 5 5 5 5 5 5 5 5 5 5 5 5 5 5 5 5 5 5 5 5 5 5 5 5 5 5 5 5 5 5 5 5 5 5 5 5 5 5 5 5 5 5 5 5 5 5 5 5 5 5 5 5 5 5 5 5 5 5 5 5 5 5 5 5 5 5 5 5 5 5 5 5 5 5 5 5 5 5 5 5 5 5 5 5 5 5 5 5 5 5 5 5 5 5 5 5 5 5 5 5 5 5 5 5 5 5 5 5 5 5 5 5 5 5 5 5 5 5 5 5 5 5 5 5 5 5 5 5 5 5 5 5 5 5 5 5 5 5 5 5 5 5 5 5 5 5 5 5 5 5 5 5 5 5 5 5 5 5 5 5 5 5 5 5 5 5 5 5 5 5 5 5 5 5 5 5 5 5 5 5 5 5 5 5 5 5 5 5 5 5 5 5 5 5 5 5 5 5 5 5 5 5 5 5 5 5 5 5 5 5 5 5 5 5 5 5 5 5 5 5 5 5 5 5 5 5 5 5 5 5 5 5 5 5 5 5 5 5 5 5 5 5 5 5 5 5 5 5 5 5 5 5 5 5 5 5 5 5 5 5 5 5 5 5 5 5 5 5 5 5 5 5 5 5 5 5 5 5 5 5 5 5 5 5 5 5 5 5 5 5 5 5 5 5 5 5 5 5 5 5 5 5 5 5 5 5 5 5 5 5 5 5 5 5 5 5 5 5 5 5 5 5 5 5 5 5 5 5 5 5 5 5 5 5 5 5 5 5 5 5 5 5 5 5 5 5 5 5 5 5 5 5 5 5 5 5 5 5 5 5 5 5 5 5 5 5 5 5 5 5 5 5 5 5 5 5 5 5 5 5 5 5 5 5 5 5 5 5 5 5 5 5 5 5 5 5 5 5 5 5 5 5 5 5 5 5 5 5 5 5 5 5 5 5 5 5 5 5 5 5 5 5 5 5 5 5 5 5 5 5 5 5 5 5 5 5 5 5 5 5 5 5 5 5 5 5 5 5 5 5 5 5 5 5 5 5 5 5 5 5 5 5 5 5 5 5 5 5 5 5 5 5 5 5 5 5 5 5 5 5 5 5 5 5 5 5 5 5 5 5 5 5 5 5 5 5 5 5 5 5 5 5 5 5 5 5 5 5 5 5 5 5 5 5 5 5 5 5 5 5 5 5 5 5 5 5 5 5 5 5 5 5 5 5 5 5 5 5 5 5 5 5 5 5 5 5 5 5 5 5 5 5 5 5 5 5 5 5 5 5 5 5 5 5 5 5 5 5 5 5 5 5 5 5 5 5 5 5 5 5 5 5 5 5 5 5 5 5 5 5 5 5 5 5 5 5 5 5 5 5 5 5 5 5 5 5 5 5 5 5 5 5 5 5 5 5 5 5 5 5 5 5 5 5 5 5 5 5 5 5 5 5 5 5 5 5 5 5 5 5 5 5 5 5 5 5 5 5 5 5 5 5 5 5 5 5 5 5 5 5 5 5 5 5 5 5 5 5 5 5 5 5 5 5 5 5 5 5 5 5 5 5 5 5 5 5 5 5 5 5 5 5 5 5 5 5 5 5 5 5 5 5 5 5 5 5 5 5 5 5 5 5 5 5 5 5 5 5 5 5 5 5 5 5 5 5 5 5 5 5 5 5 5 5 5 5 5 5 5 5 5 5 5 5 5 5 5 5 5 5 5 5 5 5 5 5 5 5 5 5 5 5 5 5 5 5 5 5 5 5 5 5 5 5 5 5 5 5 5 5 5 5 5 5 5 5 5 5 5 5 5 5 5 5 5 5 5 5 5 5 5 5 5 5 5 5 5 5 5 5 5 5 5 5 5 5 5 5 5 5 5 5 5 5 5 5 5 5 5 5 5 5 5 5 5 5 5 5 5 5 5 5 5 5 5 5 5 5 5 5 5 5 5 5 5 5 5 5 5 5 5 5 5 5 5 5 5 5 5 5 5 5 5 5 5 5 5 5 5 5 5 5 5 5 5 5 5 5 5 5 5 5 5 5 5 5 5 5 5 5 5 5 5 5 5 5 5 5 5 5 5 5 5 5 5 5 5 5 5 5 5 5 5 5 5 5 5 5 5 5 5 5 5 5 5 5 5 5 5 5 5 5 5 5 5 5 5 5 5 5 5 5 5 5 5 5 5 5 5 5 5 5 5 5 5 5 5 5 5 5 5 5 5 5 5 5 5 5 5 5 5 5 5 5 5 5 5 5 5 5 5 5 5 5 5 5 5 5 5 5 5 5 5 5 5 5 5 5 5 5 5 5 5 5 5 5 5 5 5 5 5 5 5 5 5 5 5 5 5 5 5 5 5 5 5 5 5 5 5 5 5 5 5 5 5 5 5 5 5 5 5 5 5 5 5 5 5 5 5 5 5 5 5 5 5 5 5 5 5 5 5 5 5 5 5 5 5 5 5 5 5 5 5 5 5 5 5 5 5 5 5 5 5 5 5 5 5 5 5 5 5 5 5 5 5 5 5 5 5 5 5 5 5 5 5 5 5 5 5 5 5 5 5 5 5 5 5 5 5 5 5 5 5 5 5 5 5 5 5 5 5 5 5 5 5 5 5 5 5 5 5 5 5 5 5 5 5 5 5 5 5 5 5 5 5 5 5 5 5 5 5 5 5 5 5 5 5 5 5 5 5 5 5 5 5 5 5 5 5 5 5 5 5 5 5 5 5 5 5 5 5 5 5 5 5 5 5 5 5 5 5 5 5 5 5 5 5 5 5 5 5 5 5 5 5 5 5 5 5 5 5 5 5 5 5 5 5 5 5 5 5 5 5 5 5 5 5 5 5 5 5 5 5 5 5 5 5 5 5 5 5 5 5 5 5 5 5 5 5 5 5 5 5 5 5 5 5 5 5 5 5 5 5 5 5 5 5 5 5 5 5 5 5 5 5 5 5 5 5 5 5 5 5 5 5 5 5 5 5 5 5 5 5 5 5 5 5 5 5 5 5 5 5 5 5 5 5 5 5 5 5 5 5 5 5 5 5 5 5 5 5 5 5 5 5 5 5 5 5 5 5 5 5 5 5 5 5 5 5 5 5 5 5 5 5 5 5 5 5 5 5 5 5 5 5 5 5 5 5 5 5 5 5 5 5 5 5 5 5 5 5 5 5 5 5 5 5 5 5 5 5 5 5 5 5 5 5 5 5 5 5 5 5 5 5 5 5 5 5 5 5 5 5 5 5 5 5 5 5 5 5 5 5 5 5 5 5 5 5 5 5 5 5 5 5 5 5 5 5 5 5 5 5 5 5 5 5 5 5 5 5 5 5 5 5 5 5 5 5 5 5 5 5 5 5 5 5 5 5 5 5 5 5 5 5 5 5 5 5 5 5 5 5 5 5 5 5 5 5 5 5 5 5 5 5 5 5 5 5 5 5 5 5 5 5 5 5 5 5 5 5 5 5 5 5 5 5 5 5 5 5 5 5 5 5 5 5 5 5 5 5 5 5 5 5 5 5 5 5 5 5 5 5 5 5 5 5 5 5 5 5 5 5 5 5 5 5 5 5 5 5 5 5 5 5 5 5 5 5 5 5 5 5 5 5 5 5 5 5 5 5 5 5 5 5 5 5 5 5 5 5 5 5 5 5 5 5 5 5 5 5 5 5 5 5 5 5 5 5 5 5 5 5 5 5 5 5 5 5 5 5 5 5 5 5 5 5 5 5 5 5 5 5 5 5 5 5 5 5 5 5 5 5 5 5 5 5 5 5 5 5 5 5 5 5 5 5 5 5 5 5 5 5 5 5 5 5 5 5 5 5 5 5 5 5 5 5 5 5 5 5 5 5 5 5 5 5 5 5 5 5 5 5 5 5 5 5 5 5 5 5 5 5 5 5 5 5 5 5 5 5 5 5 5 5 5 5 5 5 5 5 5 5 5 5 5 5 5 5 5 5 5 5 5 5 5 5 5 5 5 5 5 5 5 5 5 5 5 5 5 5 5 5 5 5 5 5 5 5 5 5 5 5 5 5 5 5 5 5 5 5 5 5 5 5 5 5 5 5 5 5 5 5 5 5 5 5 5 5 5 5 5 5 5 5 5 5 5 5 5 5 5 5 5 5 5 5 5 5 5 5 5 5 5 5 5 5 5 5 5 5 5 5 5 5 5 5 5 5 5 5 5 5 5 5 5 5 5 5 5 5 5 5 5 5 5 5 5 5 5 5 5 5 5 5 5 5 5 5 5 5 5 5 5 5 5 5 5 5 5 5 5 5 5 5 5 5 5 5 5 5 5 5 5 5 5 5 5 5 5 5 5 5 5 5 5 5 5 5 5 5 5 5 5 5 5 5 5 5 5 5 5 5 5 5 5 5 5 5 5 5 5 5 5 5 5 5 5 5 5 5 5 5 5 5 5 5 5 5 5 5 5 5 5 5 5 5 5 5 5 5 5 5 5 5 5 5 5 5 5 5 5 5 5 5 5 5 5 5 5 5 5 5 5 5 5 5 5 5 5 5 5 5 5 5 5 5 5 5 5 5 5 5 5 5 5 5 5 5 5 5 5 5 5 5 5 5 5 5 5 5 5 5 5 5 5 5 5 5 5 5 5 5 5 5 5 5 5 5 5 5 5 5 5 5 5 5 5 5 5 5 5 5 5 5 5 5 5 5 5 5 5 5 5 5 5 5 5 5 5 5 5 5 5 5 5 5 5 5 5 5 5 5 5 5 5 5 5 5 5 5 5 5 5 5 5 5 5 5 5 5 5 5 5 5 5 5 5 5 5 5 5 5 5 5 5 5 5 5 5 5 5 5 5 5 5 5 5 5 5 5 5 5 5 5 5 5 5 5 5 5 5 5 5 5 5 5 5 5 5 5 5 5 5 5 5 5 5 5 5 5 5 5 5 5 5 5 5 5 5 5 5 5 5 5 5 5 5 5 5 5 5 5 5 5 5 5 5 5 5 5 5 5 5 5 5 5 5 5 5 5 5 5 5 5 5 5 5 5 5 5 5 5 5 5 5 5 5 5 5 5 5 5 5 5 5 5 5 5 5 5 5 5 5 5 5 5 5 5 5 5 5 5 5 5 5 5 5 5 5 5 5 5 5 5 5 5 5 5 5 5 5 5 5 5 5 5 5 5 5 5 5 5 5 5 5 5 5 5 5 5 5 5 5 5 5 5 5 5 5 5 5 5 5 5 5 5 5 5 5 5 5 5 5 5 5 5 5 5 5 5 5 5 5 5 5 5 5 5 5 5 5 5 5 5 5 5 5 5 5 5 5 5 5 5 5 5 5 5 5 5 5 5 5 5 5 5 5 5 5 5 5 5 5 5 5 5 5 5 5 5 5 5 5 5 5 5 5 5 5 5 5 5 5 5 5 5 5 5 5 5 5 5 5 5 5 5 5 5 5 5 5 5 5 5 5 5 5 5 5 5 5 5 5 5 5 5 5 5 5 5 5 5 5 5 5 5 5 5 5 5 5 5 5 5 5 5 5 5 5 5 5 5 5 5 5 5 5 5 5 5 5 5 5 5 5 5 5 5 5 5 5 5 5 5 5 5 5 5 5 5 5 5 5 5 5 5 5 5 5 5 5 5 5 5 5 5 5 5 5 5 5 5 5 5 5 5 5 5 5 5 5 5 5 5 5 5 5 5 5 5 5 5 5 5 5 5 5 5 5 5 5 5 5 5 5 5 5 5 5 5 5 5 5 5 5 5 5 5 5 5 5 5 5 5 5 5 5 5 5 5 5 5 5 5 5 5 5 5 5 5 5 5 5 5 5 5 5 5 5 5 5 5 5 5 5 5 5 5 5 5 5 5 5 5 5 5 5 5 5 5 5 5 5 5 5 5 5 5 5 5 5 5 5 5 5 5 5 5 5 5 5 5 5 5 5 5 5 5 5 5 5 5 5 5 5 5 5 5 5 5 5 5 5 5 5 5 5 5 5 5 5 5 5 5 5 5 5 5 5 5 5 5 5 5 5 5 5 5 5 5 5 5 5 5 5 5 5 5 5 5 5 5 5 5 5 5 5 5 5 5 5 5 5 5 5 5 5 5 5 5 5 5 5 5 5 5 5 5 5 5 5 5 5 5 5 5 5 5 5 5 5 5 5 5 5 5 5 5 5 5 5 5 5 5 5 5 5 5 5 5 5 5 5 5 5 5 5 5 5 5 5 5 5 5 5 5 5 5 5 5 5 5 5 5 5 5 5 5 5 5 5 5 5 5 5 5 5 5 5 5 5 5 5 5 5 5 5 5 5 5 5 5 5 5 5 5 5 5 5 5 5 5 5 5 5 5 5 5 5 5 5 5 5 5 5 5 5 5 5 5 5 5 5 5 5 5 5 5 5 5 5 5 5 5 5 5 5 5 5 5 5 5 5 5 5 5 5 5 5 5 5 5 5 5 5 5 5 5 5 5 5 5 5 5 5 5 5 5 5 5 5 5 5 5 5 5 5 5 5 5 5 5 5 5 5 5 5 5 5 5 5 5 5 5 5 5 5 5 5 5 5 5 5 5 5 5 5 5 5 5 5 5 5 5 5 5 5 5 5 5 5 5 5 5 5 5 5 5 5 5 5 5 5 5 5 5 5 5 5 5 5 5 5 5 5 5 5 5 5 5 5 5 5 5 5 5 5 5 5 5 5 5 5 5 5 5 5 5 5 5 5 5 5 5 5 5 5 5 5 5 5 5 5 5 5 5 5 5 5 5 5 5 5 5 5 5 5 5 5 5 5 5 5 5 5 5 5 5 5 5 5 5 5 5 5 5 5 5 5 5 5 5 5 5 5 5 5 5 5 5 5 5 5 5 5 5 5 5 5 5 5 5 5 5 5 5 5 5 5 5 5 5 5 5 5 5 5 5 5 5 5 5 5 5 5 5 5 5 5 5 5 5 5 5 5 5 5 5 5 5 5 5 5 5 5 5 5 5 5 5 5 5 5 5 5 5 5 5 5 5 5 5 5 5 5 5 5 5 5 5 5 5 5 5 5 5 5 5 5 5 5 5 5 5 5 5 5 5 5 5 5 5 5 5 5 5 5 5 5 5 5 5 5 5 5 5 5 5 5 5 5 5 5 5 5 5 5 5 5 5 5 5 5 5 5 5 5 5 5 5 5 5 5 5 5 5 5 5 5 5 5 5 5 5 5 5 5 5 5 5 5 5 5 5 5 5 5 5 5 5 5 5 5 5 5 5 5 5 5 5 5 5 5 5 5 5 5 5 5 5 5 5 5 5 5 5 5 5 5 5 5 5 5 5 5 5 5 5 5 5 5 5 5 5 5 5 5 5 5 5 5 5 5 5 5 5 5 5 5 5 5 5 5 5 5 5 5 5 5 5 5 5 5 5 5 5 5 5 5 5 5 5 5 5 5 5 5 5 5 5 5 5 5 5 5 5 5 5 5 5 5 5 5 5 5 5 5 5 5 5 5 5 5 5 5 5 5 5 5 5 5 5 5 5 5 5 5 5 5 5 5 5 5 5 5 5 5 5 5 5 5 5 5 5 5 5 5 5 5 5 5 5 5 5 5 5 5 5 5 5 5 5 5 5 5 5 5 5 5 5 5 5 5 5 5 5 5 5 5 5 5 5 5 5 5 5 5 5 5 5 5 5 5 5 5 5 5 5 5 5 5 5 5 5 5 5 5 5 5 5 5 5 5 5 5 5 5 5 5 5 5 5 5 5 5 5 5 5 5 5 5 5 5 5 5 5 5 5 5 5 5 5 5 5 5 5 5 5 5 5 5 5 5 5 5 5 5 5 5 5 5 5 5 5 5 5 5 5 5 5 5 5 5 5 5 5 5 5 5 5 5 5 5 5 5 5 5 5 5 5 5 5 5 5 5 5 5 5 5 5 5 5 5 5 5 5 5 5 5 5 5 5 5 5 5 5 5 5 5 5 5 5 5 5 5 5 5 5 5 5 5 5 5 5 5 5 5 5 5 5 5 5 5 5 5 5 5 5 5 5 5 5 5 5 5 5 5 5 5 5 5 5 5 5 5 5 5 5 5 5 5 5 5 5 5 5 5 5 5 5 5 5 5 5 5 5 5 5 5 5 5 5 5 5 5 5 5 5 5 5 5 5 5 5 5 5 5 5 5 5 5 5 5 5 5 5 5 5 5 5 5 5 5 5 5 5 5 5 5 5 5 5 5 5 5 5 5 5 5 5 5 5 5 5 5 5 5 5 5 5 5 5 5 5 5 5 5 5 5 5 5 5 5 5 5 5 5 5 5 5 5 5 5 5 5 5 5 5 5 5 5 5 5 5 5 5 5 5 5 5 5 5 5 5 5 5 5 5 5 5 5 5 5 5 5 5 5 5 5 5 5 5 5 5 5 5 5 5 5 5 5 5 5 5 5 5 5 5 5 5 5 5 5 5 5 5 5 5 5 5 5 5 5 5 5 5 5 5 5 5 5 5 5 5 5 5 5 5 5 5 5 5 5 5 5 5 5 5 5 5 5 5 5 5 5 5 5 5 5 5 5 5 5 5 5 5 5 5 5 5 5 5 5 5 5 5 5 5 5 5 5 5 5 5 5 5 5 5 5 5 5 5 5 5 5 5 5 5 5 5 5 5 5 5 5 5 5 5 5 5 5 5 5 5 5 5 5 5 5 5 5 5 5 5 5 5 5 5 5 5 5 5 5 5 5 5 5 5 5 5 5 5 5 5 5 5 5 5 5 5 5 5 5 5 5 5 5 5 5 5 5 5 5 5 5 5 5 5 5 5 5 5 5 5 5 5 5 5 5 5 5 5 5 5 5 5 5 5 5 5 5 5 5 5 5 5 5 5 5 5 5 5 5 5 5 5 5 5 5 5 5 5 5 5 5 5 5 5 5 5 5 5 5 5 5 5 5 5 5 5 5 5 5 5 5 5 5 5 5 5 5 5 5 5 5 5 5 5 5 5 5 5 5 5 5 5 5 5 5 5 5 5 5 5 5 5 5 5 5 5 5 5 5 5 5 5 5 5 5 5 5 5 5 5 5 5 5 5 5 5 5 5 5 5 5 5 5 5 5 5 5 5 5 5 5 5 5 5 5 5 5 5 5 5 5 5 5 5 5 5 5 5 5 5 5 5 5 5 5 5 5 5 5 5 5 5 5 5 5 5 5 5 5 5 5 5 5 5 5 5 5 5 5 5 5 5 5 5 5 5 5 5 5 5 5 5 5 5 5 5 5 5 5 5 5 5 5 5 5 5 5 5 5 5 5 5 5 5 5 5 5 5 5 5 5 5 5 5 5 5 5 5 5 5 5 5 5 5 5 5 5 5 5 5 5 5 5 5 5 5 5 5 5 5 5 5 5 5 5 5 5 5 5 5 5 5 5 5 5 5 5 5 5 5 5 5 5 5 5 5 5 5 5 5 5 5 5 5 5 5 5 5 5 5 5 5 5 5 5 5 5 5 5 5 5 5 5 5 5 5 5 5 5 5 5 5 5 5 5 5 5 5 5 5 5 5 5 5 5 5 5 5 5 5 5 5 5 5 5 5 5 5 5 5 5 5 5 5 5 5 5 5 5 5 5 5 5 5 5 5 5 5 5 5 5 5 5 5 5 5 5 5 5 5 5 5 5 5 5 5 5 5 5 5 5 5 5 5 5 5 5 5 5 5 5 5 5 5 5 5 5 5 5 5 5 5 5 5 5 5 5 5 5 5 5 5 5 5 5 5 5 5 5 5 5 5 5 5 5 5 5 5 5 5 5 5 5 5 5 5 5 5 5 5 5 5 5 5 5 5 5 5 5 5 5 5 5 5 5 5 5 5 5 5 5 5 5 5 5 5 5 5 5 5 5 5 5 5 5 5 5 5 5 5 5 5 5 5 5 5 5 5 5 5 5 5 5 5 5 5 5 5 5 5 5 5 5 5 5 5 5 5 5 5 5 5 5 5 5 5 5 5 5 5 5 5 5 5 5 5 5 5 5 5 5 5 5 5 5 5 5 5 5 5 5 5 5 5 5 5 5 5 5 5 5 5 5 5 5 5 5 5 5 5 5 5 5 5 5 5 5 5 5 5 5 5 5 5 5 5 5 5 5 5 5 5 5 5 5 5 5 5 5 5 5 5 5 5 5 5 5 5 5 5 5 5 5 5 5 5 5 5 5 5 5 5 5 5 5 5 5 5 5 5 5 5 5 5 5 5 5 5 5 5 5 5 5 5 5 5 5 5 5 5 5 5 5 5 5 5 5 5 5 5 5 5 5 5 5 5 5 5 5 5 5 5 5 5 5 5 5 5 5 5 5 5 5 5 5 5 5 5 5 5 5 5 5 5 5 5 5 5 5 5 5 5 5 5 5 5 5 5 5 5 5 5 5 5 5 5 5 5 5 5 5 5 5 5 5 5 5 5 5 5 5 5 5 5 5 5 5 5 5 5 5 5 5 5 5 5 5 5 5 5 5 5 5 5 5 5 5 5 5 5 5 5 5 5 5 5 5 5 5 5 5 5 5 5 5 5 5 5 5 5 5 5 5 5 5 5 5 5 5 5 5 5 5 5 5 5 5 5 5 5 5 5 5 5 5 5 5 5 5 5 5 5 5 5 5 5 5 5 5 5 5 5 5 5 5 5 5 5 5 5 5 5 5 5 5 5 5 5 5 5 5 5 5 5 5 5 5 5 5 5 5 5 5 5 5 5 5 5 5 5 5 5 5 5 5 5 5 5 5 5 5 5 5 5 5 5 5 5 5 5 5 5 5 5 5 5 5 5 5 5 5 5 5 5 5 5 5 5 5 5 5 5 5 5 5 5 5 5 5 5 5 5 5 5 5 5 5 5 5 5 5 5 5 5 5 5 5 5 5 5 5 5 5 5 5 5 5 5 5 5 5 5 5 5 5 5 5 5 5 5 5 5 5 5 5 5 5 5 5 5 5 5 5 5 5 5 5 5 5 5 5 5 5 5 5 5 5 5 5 5 5 5 5 5 5 5 5 5 5 5 5 5 5 5 5 5 5 5 5 5 5 5 5 5 5 5 5 5 5 5 5 5 5 5 5 5 5 5 5 5 5 5 5 5 5 5 5 5 5 5 5 5 5 5 5 5 5 5 5 5 5 5 5 5 5 5 5 5 5 5 5 5 5 5 5 5 5 5 5 5 5 5 5 5 5 5 5 5 5 5 5 5 5 5 5 5 5 5 5 5 5 5 5 5 5 5 5 5 5 5 5 5 5 5 5 5 5 5 5 5 5 5 5 5 5 5 5 5 5 5 5 5 5 5 5 5 5 5 5 5 5 5 5 5 5 5 5 5 5 5 5 5 5 5 5 5 5 5 5 5 5 5 5 5 5 5 5 5 5 5 5 5 5 5 5 5 5 5 5 5 5 5 5 5 5 5 5 5 5 5 5 5 5 5 5 5 5 5 5 5 5 5 5 5 5 5 5 5 5 5 5 5 5 5 5 5 5 5 5 5 5 5 5 5 5 5 5 5 5 5 5 5 5 5 5 5 5 5 5 5 5 5 5 5 5 5 5 5 5 5 5 5 5 5 5 5 5 5 5 5 5 5 5 5 5 5 5 5 5 5 5 5 5 5 5 5 5 5 5 5 5 5 5 5 5 5 5 5 5 5 5 5 5 5 5 5 5 5 5 5 5 5 5 5 5 5 5 5 5 5 5 5 5 5 5 5 5 5 5 5 5 5 5 5 5 5 5 5 5 5 5 5 5 5 5 5 5 5 5 5 5 5 5 5 5 5 5 5 5 5 5 5 5 5 5 5 5 5 5 5 5 5 5 5 5 5 5 5 5 5 5 5 5 5 5 5 5 5 5 5 5 5 5 5 5 5 5 5 5 5 5 5 5 5 5 5 5 5 5 5 5 5 5 5 5 5 5 5 5 5 5 5 5 5 5 5 5 5 5 5 5 5 5 5 5 5 5 5 5 5 5 5 5 5 5 5 5 5 5 5 5 5 5 5 5 5 5 5 5 5 5 5 5 5 5 5 5 5 5 5 5 5 5 5 5 5 5 5 5 5 5 5 5 5 5 5 5 5 5 5 5 5 5 5 5 5 5 5 5 5 5 5 5 5 5 5 5 5 5 5 5 5 5 5 5 5 5 5 5 5 5 5 5 5 5 5 5 5 5 5 5 5 5 5 5 5 5 5 5 5 5 </DataArray>
         </Cells>
         <PointData>
            <DataArray Name="fValues" NumberOfComponents="1" format="ascii" type="Float64">
 8.94268e-03 
 5.55317e-03 
 5.54897e-03 
 1.00330e-02 
 5.46338e-03 
 5.45613e-03 
 5.45077e-03 
 5.44686e-03 
 5.48149e-03 
 5.47978e-03 
 5.47844e-03 
 5.47737e-03 
 5.47651e-03 
 5.47584e-03 
 5.47531e-03 
 5.47490e-03 
 5.47460e-03 
 5.47440e-03 
 5.47429e-03 
 5.47427e-03 
 5.47434e-03 
 5.47451e-03 
 5.47481e-03 
 5.47523e-03 
 5.47587e-03 
 5.47685e-03 
 5.47844e-03 
 5.48134e-03 
 5.48716e-03 
 5.49984e-03 
 5.52895e-03 
 5.59749e-03 
 5.75900e-03 
 6.13475e-03 
 7.03389e-03 
 6.77882e-01 
 9.93522e-01 
 9.91938e-01 
 9.93526e-01 
 9.94337e-01 
 9.94844e-01 
 9.95283e-01 
 9.95782e-01 
 9.96382e-01 
 9.97053e-01 
 9.97727e-01 
 9.98335e-01 
 9.98918e-01 
 9.99209e-01 
 9.99251e-01 
 9.99076e-01 
 9.98968e-01 
 9.98892e-01 
 9.98860e-01 
 9.98867e-01 
 9.98903e-01 
 9.98954e-01 
 9.99012e-01 
 9.99069e-01 
 9.99123e-01 
 9.99115e-01 
 9.99214e-01 
 9.99248e-01 
 9.99242e-01 
 9.99274e-01 
 9.99341e-01 
 9.99361e-01 
 9.99356e-01 
 9.99379e-01 
 9.99401e-01 
 9.99420e-01 
 9.99434e-01 
 9.99439e-01 
 9.99434e-01 
 9.99418e-01 
 9.99391e-01 
 9.99353e-01 
 9.99327e-01 
 9.99173e-01 
 9.98090e-01 
 8.47804e-04 
 6.63517e-04 
 7.15498e-04 
 7.38261e-04 
 7.62958e-04 
 6.36993e-04 
 5.18318e-04 
 4.28051e-04 
 3.87293e-04 
 3.67445e-04 
 3.62788e-04 
 3.68910e-04 
 3.78383e-04 
 3.83738e-04 
 3.85957e-04 
 3.92914e-04 
 4.10087e-04 
 4.30648e-04 
 4.33901e-04 
 4.64971e-04 
 8.99035e-03 
 5.49604e-03 
 5.48331e-03 
 1.00348e-02 
 5.46353e-03 
 5.45631e-03 
 5.45097e-03 
 5.56300e-03 
 5.56062e-03 
 5.47993e-03 
 5.47857e-03 
 5.47749e-03 
 5.47663e-03 
 5.47595e-03 
 5.47541e-03 
 5.47501e-03 
 5.47469e-03 
 5.47448e-03 
 5.47436e-03 
 5.47434e-03 
 5.47440e-03 
 5.47456e-03 
 5.47483e-03 
 5.47524e-03 
 5.47586e-03 
 5.47679e-03 
 5.47834e-03 
 5.48116e-03 
 5.48680e-03 
 5.49890e-03 
 5.52603e-03 
 5.58769e-03 
 5.72674e-03 
 6.03632e-03 
 6.74036e-03 
 1.99946e-02 
 9.92853e-01 
 9.91087e-01 
 9.93125e-01 
 9.94135e-01 
 9.94733e-01 
 9.95212e-01 
 9.95722e-01 
 9.96315e-01 
 9.96968e-01 
 9.97615e-01 
 9.98190e-01 
 9.98775e-01 
 9.99028e-01 
 9.99120e-01 
 9.98954e-01 
 9.98829e-01 
 9.98778e-01 
 9.98774e-01 
 9.98801e-01 
 9.98847e-01 
 9.98903e-01 
 9.98962e-01 
 9.99018e-01 
 9.99071e-01 
 9.99119e-01 
 9.99162e-01 
 9.99196e-01 
 9.99231e-01 
 9.99261e-01 
 9.99290e-01 
 9.99281e-01 
 9.99342e-01 
 9.99332e-01 
 9.99356e-01 
 9.99377e-01 
 9.99394e-01 
 9.99404e-01 
 9.99406e-01 
 9.99401e-01 
 9.99391e-01 
 9.99375e-01 
 9.99369e-01 
 9.99260e-01 
 9.98689e-01 
 1.62862e-01 
 5.44640e-03 
 3.98888e-01 
 1.34519e-01 
 7.20263e-03 
 2.13524e-03 
 1.14227e-03 
 8.85474e-04 
 6.71786e-04 
 6.09956e-04 
 5.88834e-04 
 5.93409e-04 
 6.12976e-04 
 6.27416e-04 
 6.33847e-04 
 6.44790e-04 
 6.67567e-04 
 6.86049e-04 
 6.76097e-04 
 6.41019e-04 
 5.49236e-03 
 5.55143e-03 
 5.48028e-03 
 1.00460e-02 
 5.46302e-03 
 5.45625e-03 
 5.45113e-03 
 5.44734e-03 
 5.48185e-03 
 5.48015e-03 
 5.47881e-03 
 5.47775e-03 
 5.47689e-03 
 5.47621e-03 
 5.47569e-03 
 5.47528e-03 
 5.47498e-03 
 5.47476e-03 
 5.47463e-03 
 5.47458e-03 
 5.47462e-03 
 5.47473e-03 
 5.47496e-03 
 5.47531e-03 
 5.47587e-03 
 5.47670e-03 
 5.47809e-03 
 5.48059e-03 
 5.48549e-03 
 5.49572e-03 
 5.51772e-03 
 5.56530e-03 
 5.66630e-03 
 5.87594e-03 
 6.31728e-03 
 7.29918e-03 
 8.73480e-01 
 9.93520e-01 
 9.91835e-01 
 9.93471e-01 
 9.94360e-01 
 9.94975e-01 
 9.95540e-01 
 9.96139e-01 
 9.96770e-01 
 9.97381e-01 
 9.97918e-01 
 9.98337e-01 
 9.98748e-01 
 9.98820e-01 
 9.98691e-01 
 9.98553e-01 
 9.98532e-01 
 9.98574e-01 
 9.98638e-01 
 9.98707e-01 
 9.98773e-01 
 9.98835e-01 
 9.98892e-01 
 9.98944e-01 
 9.98990e-01 
 9.98955e-01 
 9.99071e-01 
 9.99106e-01 
 9.99140e-01 
 9.99114e-01 
 9.99147e-01 
 9.99178e-01 
 9.99208e-01 
 9.99236e-01 
 9.99262e-01 
 9.99285e-01 
 9.99304e-01 
 9.99321e-01 
 9.99339e-01 
 9.99362e-01 
 9.99389e-01 
 9.99411e-01 
 9.99441e-01 
 9.99417e-01 
 9.99348e-01 
 9.99520e-01 
 9.99558e-01 
 9.99524e-01 
 9.99471e-01 
 9.99344e-01 
 9.99118e-01 
 9.98510e-01 
 9.97392e-01 
 9.94441e-01 
 9.83342e-01 
 9.72314e-01 
 8.56472e-01 
 8.33254e-01 
 9.00374e-01 
 9.65921e-01 
 9.76296e-01 
 9.54933e-01 
 9.54562e-01 
 9.95160e-01 
 5.48342e-03 
 5.48118e-03 
 1.00419e-02 
 5.54809e-03 
 5.46148e-03 
 5.45558e-03 
 5.45097e-03 
 5.48415e-03 
 5.48205e-03 
 5.48040e-03 
 5.47909e-03 
 5.47805e-03 
 5.47721e-03 
 5.47655e-03 
 5.47604e-03 
 5.47564e-03 
 5.47534e-03 
 5.47512e-03 
 5.47498e-03 
 5.47491e-03 
 5.47492e-03 
 5.47501e-03 
 5.47519e-03 
 5.47547e-03 
 5.47593e-03 
 5.47667e-03 
 5.47786e-03 
 5.47996e-03 
 5.48399e-03 
 5.49210e-03 
 5.50882e-03 
 5.54340e-03 
 5.61349e-03 
 5.75192e-03 
 6.02660e-03 
 6.59979e-03 
 8.04168e-03 
 9.75135e-01 
 9.93959e-01 
 9.92303e-01 
 9.93669e-01 
 9.94503e-01 
 9.95160e-01 
 9.95784e-01 
 9.96404e-01 
 9.96992e-01 
 9.97504e-01 
 9.97903e-01 
 9.98161e-01 
 9.98463e-01 
 9.98378e-01 
 9.98268e-01 
 9.98261e-01 
 9.98326e-01 
 9.98415e-01 
 9.98500e-01 
 9.98575e-01 
 9.98640e-01 
 9.98695e-01 
 9.98744e-01 
 9.98787e-01 
 9.98826e-01 
 9.98863e-01 
 9.98899e-01 
 9.98934e-01 
 9.98967e-01 
 9.98999e-01 
 9.99030e-01 
 9.99059e-01 
 9.99086e-01 
 9.99113e-01 
 9.99140e-01 
 9.99109e-01 
 9.99141e-01 
 9.99229e-01 
 9.99276e-01 
 9.99331e-01 
 9.99379e-01 
 9.99406e-01 
 9.99418e-01 
 9.99449e-01 
 9.99524e-01 
 9.99564e-01 
 9.99553e-01 
 9.99528e-01 
 9.99457e-01 
 9.99343e-01 
 9.99174e-01 
 9.98929e-01 
 9.98369e-01 
 9.97841e-01 
 9.97861e-01 
 9.97565e-01 
 9.97317e-01 
 9.97042e-01 
 9.96715e-01 
 9.96363e-01 
 9.96170e-01 
 9.96765e-01 
 9.97654e-01 
 1.00573e-02 
 1.00625e-02 
 5.55034e-03 
 5.46471e-03 
 5.45919e-03 
 5.45435e-03 
 5.45042e-03 
 5.48412e-03 
 5.48217e-03 
 5.48062e-03 
 5.47938e-03 
 5.47838e-03 
 5.47759e-03 
 5.47696e-03 
 5.47646e-03 
 5.47607e-03 
 5.47577e-03 
 5.47555e-03 
 5.47542e-03 
 5.47533e-03 
 5.47531e-03 
 5.47536e-03 
 5.47548e-03 
 5.47572e-03 
 5.47610e-03 
 5.47672e-03 
 5.47775e-03 
 5.47951e-03 
 5.48275e-03 
 5.48902e-03 
 5.50146e-03 
 5.52621e-03 
 5.57471e-03 
 5.66710e-03 
 5.84260e-03 
 6.18969e-03 
 6.91195e-03 
 6.53401e-02 
 9.89902e-01 
 9.94167e-01 
 9.92455e-01 
 9.93662e-01 
 9.94488e-01 
 9.95181e-01 
 9.95823e-01 
 9.96417e-01 
 9.96932e-01 
 9.97337e-01 
 9.97608e-01 
 9.97725e-01 
 9.98046e-01 
 9.97985e-01 
 9.97983e-01 
 9.98050e-01 
 9.98140e-01 
 9.98229e-01 
 9.98303e-01 
 9.98363e-01 
 9.98411e-01 
 9.98449e-01 
 9.98483e-01 
 9.98515e-01 
 9.98546e-01 
 9.98577e-01 
 9.98609e-01 
 9.98640e-01 
 9.98669e-01 
 9.98695e-01 
 9.98712e-01 
 9.98726e-01 
 9.98745e-01 
 9.98776e-01 
 9.98812e-01 
 9.98843e-01 
 9.98879e-01 
 9.98931e-01 
 9.98988e-01 
 9.99009e-01 
 9.98934e-01 
 9.98820e-01 
 9.98919e-01 
 9.99178e-01 
 9.99319e-01 
 9.99354e-01 
 9.99297e-01 
 9.99226e-01 
 9.99164e-01 
 9.99009e-01 
 9.98783e-01 
 9.98488e-01 
 9.97722e-01 
 9.97728e-01 
 9.97352e-01 
 9.97006e-01 
 9.96530e-01 
 9.95955e-01 
 9.95496e-01 
 9.95710e-01 
 9.96808e-01 
 9.97617e-01 
 5.55262e-03 
 5.46823e-03 
 5.46497e-03 
 5.46080e-03 
 5.45657e-03 
 5.45275e-03 
 5.44954e-03 
 5.48394e-03 
 5.48220e-03 
 5.48079e-03 
 5.47965e-03 
 5.47874e-03 
 5.47800e-03 
 5.47743e-03 
 5.47695e-03 
 5.47658e-03 
 5.47630e-03 
 5.47607e-03 
 5.47591e-03 
 5.47581e-03 
 5.47577e-03 
 5.47579e-03 
 5.47589e-03 
 5.47608e-03 
 5.47640e-03 
 5.47696e-03 
 5.47783e-03 
 5.47932e-03 
 5.48197e-03 
 5.48689e-03 
 5.49630e-03 
 5.51426e-03 
 5.54826e-03 
 5.61130e-03 
 5.72686e-03 
 5.94141e-03 
 6.36035e-03 
 7.20565e-03 
 1.33028e-01 
 9.88724e-01 
 9.94150e-01 
 9.92142e-01 
 9.93313e-01 
 9.94178e-01 
 9.94913e-01 
 9.95570e-01 
 9.96140e-01 
 9.96600e-01 
 9.96926e-01 
 9.97104e-01 
 9.97143e-01 
 9.97654e-01 
 9.97667e-01 
 9.97722e-01 
 9.97798e-01 
 9.97863e-01 
 9.97921e-01 
 9.97962e-01 
 9.97974e-01 
 9.98003e-01 
 9.98014e-01 
 9.98024e-01 
 9.98039e-01 
 9.98055e-01 
 9.98068e-01 
 9.98075e-01 
 9.98073e-01 
 9.98055e-01 
 9.97999e-01 
 9.97915e-01 
 9.97863e-01 
 9.97910e-01 
 9.98001e-01 
 9.98020e-01 
 9.97942e-01 
 9.97824e-01 
 9.97535e-01 
 9.96345e-01 
 3.23859e-02 
 3.69539e-03 
 5.59769e-03 
 9.93291e-01 
 9.98241e-01 
 9.98649e-01 
 9.98734e-01 
 9.98702e-01 
 9.98597e-01 
 9.98212e-01 
 9.98158e-01 
 9.97823e-01 
 9.97368e-01 
 9.96851e-01 
 9.96318e-01 
 9.93329e-01 
 9.91391e-01 
 9.94081e-01 
 9.93593e-01 
 9.94910e-01 
 9.96580e-01 
 9.97406e-01 
 5.46369e-03 
 5.46267e-03 
 5.46020e-03 
 5.45708e-03 
 5.45390e-03 
 5.45097e-03 
 5.48548e-03 
 5.48365e-03 
 5.48214e-03 
 5.48091e-03 
 5.47991e-03 
 5.47910e-03 
 5.47845e-03 
 5.47793e-03 
 5.47753e-03 
 5.47718e-03 
 5.47694e-03 
 5.47673e-03 
 5.47657e-03 
 5.47645e-03 
 5.47639e-03 
 5.47638e-03 
 5.47645e-03 
 5.47660e-03 
 5.47685e-03 
 5.47736e-03 
 5.47815e-03 
 5.47948e-03 
 5.48174e-03 
 5.48585e-03 
 5.49327e-03 
 5.50684e-03 
 5.53158e-03 
 5.57633e-03 
 5.65447e-03 
 5.79195e-03 
 6.04087e-03 
 6.49821e-03 
 1.47491e-02 
 1.40253e-01 
 9.74789e-01 
 9.93526e-01 
 9.91254e-01 
 9.92480e-01 
 9.93442e-01 
 9.94268e-01 
 9.94987e-01 
 9.95581e-01 
 9.96022e-01 
 9.96292e-01 
 9.96401e-01 
 9.96413e-01 
 9.97207e-01 
 9.97237e-01 
 9.97280e-01 
 9.97317e-01 
 9.97337e-01 
 9.97336e-01 
 9.97316e-01 
 9.97250e-01 
 9.97207e-01 
 9.97185e-01 
 9.97153e-01 
 9.97126e-01 
 9.97078e-01 
 9.96986e-01 
 9.96835e-01 
 9.96294e-01 
 9.95929e-01 
 9.92595e-01 
 9.90072e-01 
 9.89982e-01 
 9.93449e-01 
 9.95434e-01 
 9.94651e-01 
 9.12814e-01 
 6.56636e-03 
 3.60215e-03 
 1.73254e-03 
 1.26165e-03 
 1.32095e-03 
 2.22452e-03 
 3.35603e-02 
 9.94659e-01 
 9.97134e-01 
 9.97288e-01 
 9.97240e-01 
 9.97032e-01 
 9.95536e-01 
 9.96349e-01 
 9.95767e-01 
 9.92211e-01 
 9.94289e-01 
 9.93452e-01 
 9.90800e-01 
 9.50856e-01 
 9.69893e-01 
 9.94246e-01 
 9.96305e-01 
 9.96353e-01 
 5.45889e-03 
 5.45802e-03 
 5.45608e-03 
 5.45372e-03 
 5.45133e-03 
 5.44913e-03 
 5.48477e-03 
 5.48327e-03 
 5.48202e-03 
 5.48100e-03 
 5.48016e-03 
 5.47952e-03 
 5.47895e-03 
 5.47851e-03 
 5.47815e-03 
 5.47789e-03 
 5.47766e-03 
 5.47746e-03 
 5.47730e-03 
 5.47718e-03 
 5.47711e-03 
 5.47705e-03 
 5.47709e-03 
 5.47722e-03 
 5.47752e-03 
 5.47797e-03 
 5.47874e-03 
 5.48001e-03 
 5.48216e-03 
 5.48585e-03 
 5.49224e-03 
 5.50335e-03 
 5.52283e-03 
 5.55649e-03 
 5.61346e-03 
 5.70922e-03 
 5.86643e-03 
 6.26181e-03 
 7.51739e-03 
 2.05085e-02 
 8.85816e-02 
 9.40098e-01 
 9.82567e-01 
 9.93714e-01 
 9.91272e-01 
 9.92347e-01 
 9.93296e-01 
 9.94102e-01 
 9.94710e-01 
 9.95077e-01 
 9.95202e-01 
 9.95155e-01 
 9.95059e-01 
 9.94993e-01 
 9.96352e-01 
 9.96318e-01 
 9.96262e-01 
 9.96182e-01 
 9.96074e-01 
 9.95938e-01 
 9.95735e-01 
 9.95570e-01 
 9.95435e-01 
 9.95275e-01 
 9.95039e-01 
 9.94598e-01 
 9.93695e-01 
 9.87190e-01 
 2.22487e-02 
 8.56337e-03 
 5.97956e-03 
 6.75845e-03 
 9.70854e-01 
 9.83679e-01 
 1.47290e-02 
 5.62357e-03 
 2.59295e-03 
 1.92130e-03 
 1.47450e-03 
 1.21850e-03 
 1.24741e-03 
 1.74921e-03 
 3.73047e-03 
 9.46807e-03 
 9.79911e-01 
 9.94179e-01 
 9.94570e-01 
 9.94418e-01 
 9.94098e-01 
 9.92869e-01 
 9.89140e-01 
 9.89240e-01 
 9.44283e-01 
 8.16752e-01 
 1.42823e-01 
 7.77711e-02 
 8.17975e-01 
 9.93835e-01 
 9.94343e-01 
 9.95934e-01 
 5.45484e-03 
 5.45409e-03 
 5.45251e-03 
 5.45068e-03 
 5.44889e-03 
 5.48539e-03 
 5.48401e-03 
 5.48283e-03 
 5.48186e-03 
 5.48106e-03 
 5.48045e-03 
 5.47992e-03 
 5.47953e-03 
 5.47915e-03 
 5.47891e-03 
 5.47868e-03 
 5.47848e-03 
 5.47831e-03 
 5.47817e-03 
 5.47805e-03 
 5.47797e-03 
 5.47794e-03 
 5.47797e-03 
 5.47809e-03 
 5.47835e-03 
 5.47883e-03 
 5.47964e-03 
 5.48098e-03 
 5.48317e-03 
 5.48691e-03 
 5.49313e-03 
 5.50346e-03 
 5.52118e-03 
 5.55030e-03 
 5.59784e-03 
 6.33894e-03 
 6.65413e-03 
 9.25547e-03 
 1.22371e-02 
 2.06927e-02 
 2.82733e-02 
 5.12396e-02 
 5.81557e-01 
 9.48949e-01 
 9.84756e-01 
 9.92685e-01 
 9.94067e-01 
 9.94625e-01 
 9.95038e-01 
 9.95254e-01 
 9.93055e-01 
 9.95090e-01 
 9.94840e-01 
 9.94610e-01 
 9.94414e-01 
 9.94222e-01 
 9.88771e-01 
 9.93796e-01 
 9.93522e-01 
 9.92979e-01 
 9.92798e-01 
 9.91080e-01 
 9.81911e-01 
 9.52986e-01 
 1.94030e-01 
 3.80063e-02 
 1.66766e-02 
 8.08412e-03 
 5.13101e-03 
 3.25904e-03 
 2.98892e-03 
 3.17206e-03 
 5.37338e-03 
 9.88968e-01 
 9.67362e-01 
 7.00394e-03 
 2.47956e-03 
 1.85415e-03 
 1.62308e-03 
 1.52477e-03 
 1.58102e-03 
 1.98223e-03 
 3.01560e-03 
 5.64967e-03 
 2.05874e-02 
 2.87554e-02 
 3.93873e-01 
 4.16793e-01 
 3.63512e-01 
 7.14446e-01 
 6.42499e-01 
 9.12512e-01 
 7.50194e-01 
 1.23107e-01 
 7.02520e-02 
 4.64544e-02 
 6.01221e-01 
 9.93468e-01 
 9.93697e-01 
 9.95387e-01 
 5.45127e-03 
 5.45062e-03 
 5.44931e-03 
 5.44790e-03 
 5.48547e-03 
 5.48425e-03 
 5.48322e-03 
 5.48236e-03 
 5.48168e-03 
 5.48113e-03 
 5.48073e-03 
 5.48039e-03 
 5.48012e-03 
 5.47992e-03 
 5.47974e-03 
 5.47954e-03 
 5.47944e-03 
 5.47930e-03 
 5.47918e-03 
 5.47907e-03 
 5.47901e-03 
 5.47898e-03 
 5.47900e-03 
 5.47913e-03 
 5.47940e-03 
 5.47994e-03 
 5.48086e-03 
 5.48243e-03 
 5.48496e-03 
 5.48913e-03 
 5.49603e-03 
 5.50741e-03 
 5.52586e-03 
 5.55577e-03 
 5.83214e-03 
 7.09439e-03 
 8.65448e-03 
 1.06718e-02 
 1.50814e-02 
 1.93419e-02 
 2.38899e-02 
 3.22879e-02 
 5.16052e-02 
 4.67662e-01 
 6.95784e-01 
 9.55847e-01 
 9.81879e-01 
 9.89511e-01 
 9.86702e-01 
 9.89142e-01 
 9.89517e-01 
 9.85227e-01 
 9.71589e-01 
 8.97919e-01 
 1.79260e-01 
 8.08995e-02 
 3.76686e-02 
 1.82993e-02 
 1.20494e-02 
 7.28682e-03 
 6.98369e-03 
 6.70515e-03 
 6.37518e-03 
 5.99932e-03 
 5.53669e-03 
 4.99224e-03 
 4.29221e-03 
 3.53777e-03 
 2.80260e-03 
 2.19594e-03 
 1.90946e-03 
 2.06578e-03 
 3.47598e-03 
 9.65884e-01 
 9.92071e-01 
 1.77652e-01 
 4.56466e-03 
 2.35266e-03 
 2.03247e-03 
 2.05931e-03 
 2.24431e-03 
 2.73214e-03 
 3.78196e-03 
 4.74395e-03 
 1.21697e-02 
 1.57593e-02 
 7.70665e-03 
 6.86062e-03 
 7.14385e-03 
 7.99244e-03 
 1.50077e-01 
 7.91129e-01 
 6.60413e-01 
 9.48682e-01 
 7.55201e-01 
 6.91027e-02 
 6.65522e-01 
 9.93252e-01 
 9.92740e-01 
 9.94559e-01 
 5.44803e-03 
 5.44746e-03 
 5.48624e-03 
 5.48506e-03 
 5.48400e-03 
 5.48312e-03 
 5.48242e-03 
 5.48189e-03 
 5.48150e-03 
 5.48125e-03 
 5.48106e-03 
 5.48091e-03 
 5.48079e-03 
 5.48075e-03 
 5.48068e-03 
 5.48061e-03 
 5.48053e-03 
 5.48044e-03 
 5.48037e-03 
 5.48029e-03 
 5.48023e-03 
 5.48013e-03 
 5.48018e-03 
 5.48034e-03 
 5.48070e-03 
 5.48136e-03 
 5.48259e-03 
 5.48451e-03 
 5.48750e-03 
 5.49283e-03 
 5.50125e-03 
 5.51495e-03 
 5.53977e-03 
 6.19146e-03 
 7.06210e-03 
 8.46614e-03 
 1.14063e-02 
 1.56796e-02 
 1.81672e-02 
 2.20232e-02 
 9.51775e-02 
 3.44422e-01 
 3.59473e-01 
 3.73676e-01 
 3.83244e-01 
 3.89131e-01 
 7.34797e-01 
 7.89509e-01 
 7.62282e-01 
 4.44868e-01 
 6.29566e-02 
 2.71271e-02 
 9.07262e-03 
 6.51239e-03 
 6.24585e-03 
 6.05639e-03 
 6.47350e-03 
 6.42524e-03 
 5.62609e-03 
 5.47528e-03 
 5.30516e-03 
 5.62940e-03 
 4.87339e-03 
 4.62587e-03 
 4.31116e-03 
 3.92933e-03 
 3.60965e-03 
 3.02343e-03 
 2.52034e-03 
 2.09428e-03 
 1.81458e-03 
 1.84295e-03 
 2.71158e-03 
 8.27681e-03 
 9.94628e-01 
 9.91570e-01 
 2.72392e-02 
 4.94417e-03 
 3.05760e-03 
 2.97851e-03 
 3.35916e-03 
 4.29679e-03 
 5.61024e-03 
 7.15582e-03 
 8.53938e-03 
 1.30471e-02 
 5.93111e-03 
 6.04615e-03 
 6.65031e-03 
 3.06444e-02 
 1.24812e-01 
 8.36144e-01 
 6.95818e-01 
 9.47528e-01 
 6.32630e-01 
 9.55798e-02 
 7.78595e-01 
 9.92790e-01 
 9.91320e-01 
 9.93277e-01 
 5.48572e-03 
 5.48521e-03 
 5.48426e-03 
 5.48333e-03 
 5.48257e-03 
 5.48201e-03 
 5.48164e-03 
 5.48144e-03 
 5.48135e-03 
 5.48138e-03 
 5.48143e-03 
 5.48150e-03 
 5.48157e-03 
 5.48169e-03 
 5.48175e-03 
 5.48178e-03 
 5.48178e-03 
 5.48169e-03 
 5.48172e-03 
 5.48159e-03 
 5.48156e-03 
 5.48157e-03 
 5.48166e-03 
 5.48190e-03 
 5.48235e-03 
 5.48322e-03 
 5.48475e-03 
 5.48749e-03 
 5.49175e-03 
 5.49858e-03 
 5.51027e-03 
 5.57253e-03 
 6.50108e-03 
 7.26199e-03 
 8.57070e-03 
 1.13368e-02 
 1.55533e-02 
 1.77493e-02 
 1.92329e-01 
 3.18973e-01 
 3.23535e-01 
 3.46256e-01 
 3.62574e-01 
 3.96584e-01 
 4.09170e-01 
 3.36024e-01 
 4.97648e-01 
 2.38488e-01 
 4.73085e-02 
 2.65562e-02 
 1.40678e-02 
 6.08097e-03 
 5.73783e-03 
 5.50149e-03 
 5.31264e-03 
 5.15584e-03 
 5.02991e-03 
 4.87139e-03 
 4.73563e-03 
 4.59374e-03 
 4.63683e-03 
 4.28854e-03 
 4.30512e-03 
 4.07531e-03 
 3.82953e-03 
 3.60531e-03 
 3.34912e-03 
 3.70527e-03 
 2.62536e-03 
 2.64989e-03 
 2.28495e-03 
 2.26930e-03 
 2.48505e-03 
 6.83826e-03 
 9.92878e-01 
 9.95368e-01 
 9.86402e-01 
 1.70039e-02 
 5.24681e-03 
 4.34611e-03 
 4.60709e-03 
 7.87991e-03 
 9.31676e-03 
 1.04541e-02 
 5.74491e-03 
 1.23314e-02 
 5.71828e-03 
 5.92691e-03 
 6.80166e-03 
 3.73616e-02 
 2.89583e-01 
 8.93217e-01 
 7.34685e-01 
 9.04339e-01 
 6.87293e-01 
 1.50097e-01 
 7.96595e-01 
 9.91803e-01 
 9.89375e-01 
 9.91369e-01 
 5.48354e-03 
 5.48311e-03 
 5.48233e-03 
 5.48164e-03 
 5.48117e-03 
 5.48093e-03 
 5.48090e-03 
 5.48102e-03 
 5.48127e-03 
 5.48157e-03 
 5.48189e-03 
 5.48221e-03 
 5.48250e-03 
 5.48275e-03 
 5.48296e-03 
 5.48312e-03 
 5.48316e-03 
 5.48325e-03 
 5.48317e-03 
 5.48325e-03 
 5.48329e-03 
 5.48326e-03 
 5.48342e-03 
 6.53460e-03 
 5.48443e-03 
 5.48567e-03 
 5.48810e-03 
 5.49188e-03 
 5.49795e-03 
 5.54948e-03 
 5.73740e-03 
 6.25525e-03 
 7.39279e-03 
 9.04412e-03 
 1.42329e-02 
 1.56141e-02 
 2.18334e-01 
 2.94454e-02 
 2.55197e-01 
 3.14892e-01 
 3.39766e-01 
 3.57189e-01 
 4.04797e-01 
 4.25479e-01 
 6.03604e-01 
 3.16531e-01 
 4.70710e-01 
 1.71373e-01 
 2.89062e-02 
 1.65172e-02 
 5.89393e-03 
 5.45572e-03 
 5.19589e-03 
 4.99910e-03 
 4.84891e-03 
 4.71661e-03 
 4.59807e-03 
 4.48196e-03 
 4.36372e-03 
 4.22562e-03 
 4.09752e-03 
 5.38988e-03 
 5.18062e-03 
 4.99593e-03 
 4.83017e-03 
 4.66001e-03 
 4.44330e-03 
 4.13035e-03 
 3.68965e-03 
 3.16970e-03 
 2.74463e-03 
 2.67293e-03 
 3.23539e-03 
 6.07065e-03 
 8.63467e-01 
 9.94842e-01 
 9.94597e-01 
 9.59767e-01 
 6.86916e-03 
 1.01689e-02 
 9.19156e-03 
 9.31171e-03 
 9.92623e-03 
 1.06080e-02 
 1.09492e-02 
 5.70895e-03 
 5.72129e-03 
 5.96363e-03 
 7.05441e-03 
 1.35076e-02 
 6.25432e-01 
 3.02741e-01 
 9.30171e-01 
 8.51521e-01 
 1.52985e-01 
 2.33823e-01 
 8.58283e-01 
 9.87542e-01 
 9.86989e-01 
 9.88694e-01 
 5.48139e-03 
 5.48103e-03 
 5.48043e-03 
 5.47999e-03 
 5.47982e-03 
 5.47991e-03 
 5.48021e-03 
 5.48068e-03 
 5.48124e-03 
 5.48183e-03 
 5.48243e-03 
 5.48300e-03 
 5.48351e-03 
 5.48396e-03 
 5.48432e-03 
 5.48459e-03 
 5.48472e-03 
 5.48484e-03 
 5.48500e-03 
 5.48507e-03 
 5.48507e-03 
 6.53390e-03 
 5.48547e-03 
 5.48602e-03 
 5.48728e-03 
 5.48925e-03 
 5.49270e-03 
 5.49804e-03 
 5.88872e-03 
 5.77983e-03 
 6.32079e-03 
 7.98405e-03 
 9.57848e-03 
 1.42215e-02 
 1.58955e-02 
 1.78548e-02 
 5.54243e-02 
 3.26408e-01 
 2.67362e-01 
 3.84700e-01 
 4.24007e-01 
 5.14252e-01 
 3.07577e-01 
 3.95134e-01 
 3.81141e-01 
 4.51539e-01 
 2.59515e-01 
 3.60242e-02 
 2.00978e-02 
 1.28481e-02 
 5.44427e-03 
 5.12840e-03 
 4.91803e-03 
 4.78552e-03 
 4.66936e-03 
 4.57453e-03 
 4.49251e-03 
 4.41223e-03 
 4.32716e-03 
 4.23911e-03 
 4.14920e-03 
 5.22028e-03 
 5.43669e-03 
 3.94615e-03 
 5.27788e-03 
 3.85215e-03 
 5.05924e-03 
 4.79863e-03 
 4.37580e-03 
 3.82501e-03 
 3.31871e-03 
 3.15864e-03 
 3.03085e-03 
 4.72754e-03 
 4.10423e-02 
 9.93303e-01 
 9.94620e-01 
 9.91110e-01 
 7.64206e-01 
 6.99810e-03 
 5.77376e-03 
 7.92340e-03 
 5.36182e-03 
 5.26090e-03 
 5.86780e-03 
 5.29520e-03 
 1.11422e-02 
 6.06433e-03 
 6.97618e-03 
 1.54726e-02 
 7.51571e-01 
 8.89168e-01 
 8.93788e-01 
 1.80915e-01 
 1.35499e-01 
 2.71932e-01 
 8.98760e-01 
 9.82658e-01 
 9.92311e-01 
 9.85341e-01 
 5.47927e-03 
 5.47899e-03 
 5.47859e-03 
 5.47841e-03 
 5.47854e-03 
 5.47896e-03 
 5.47960e-03 
 5.48041e-03 
 5.48129e-03 
 5.48220e-03 
 5.48306e-03 
 5.48391e-03 
 5.48466e-03 
 5.48531e-03 
 5.48586e-03 
 5.48620e-03 
 5.48651e-03 
 5.48673e-03 
 5.48688e-03 
 5.48703e-03 
 5.48719e-03 
 5.48747e-03 
 5.48797e-03 
 5.48913e-03 
 5.49093e-03 
 5.49395e-03 
 5.49973e-03 
 5.90203e-03 
 5.80319e-03 
 6.80408e-03 
 8.28951e-03 
 1.08010e-02 
 1.41805e-02 
 4.59158e-02 
 1.76774e-02 
 1.49433e-01 
 2.29272e-01 
 2.31268e-01 
 2.66352e-01 
 3.86356e-01 
 3.38491e-01 
 2.80307e-01 
 5.43878e-01 
 5.56324e-01 
 4.63332e-01 
 2.90849e-01 
 1.64085e-01 
 2.08825e-02 
 1.33384e-02 
 8.14562e-03 
 5.14250e-03 
 4.96332e-03 
 4.85498e-03 
 4.76816e-03 
 4.69480e-03 
 4.63247e-03 
 4.57738e-03 
 4.52367e-03 
 4.46762e-03 
 4.41205e-03 
 4.35562e-03 
 4.30561e-03 
 4.26963e-03 
 4.24125e-03 
 5.89502e-03 
 4.26906e-03 
 4.16000e-03 
 5.48296e-03 
 5.06760e-03 
 4.50173e-03 
 3.93158e-03 
 3.65683e-03 
 4.07412e-03 
 4.33167e-03 
 2.11695e-02 
 9.86268e-01 
 9.93944e-01 
 9.93599e-01 
 9.76702e-01 
 3.54401e-02 
 6.57928e-03 
 5.67267e-03 
 5.26309e-03 
 5.05314e-03 
 4.97772e-03 
 5.08805e-03 
 1.08064e-02 
 1.58379e-02 
 7.43116e-03 
 4.27437e-02 
 8.63627e-01 
 8.69213e-01 
 4.84352e-01 
 1.41509e-01 
 1.20930e-01 
 7.08407e-01 
 9.51275e-01 
 9.76906e-01 
 9.71192e-01 
 9.80982e-01 
 5.47721e-03 
 5.47701e-03 
 5.47681e-03 
 5.47690e-03 
 5.47734e-03 
 5.47809e-03 
 5.47908e-03 
 5.48022e-03 
 5.48144e-03 
 5.48265e-03 
 5.48383e-03 
 5.48496e-03 
 5.48591e-03 
 5.48682e-03 
 5.48752e-03 
 5.48806e-03 
 5.48851e-03 
 5.48884e-03 
 5.48913e-03 
 5.48938e-03 
 5.48971e-03 
 5.49045e-03 
 5.49118e-03 
 5.49317e-03 
 5.49605e-03 
 5.54772e-03 
 5.92529e-03 
 6.15864e-03 
 6.84258e-03 
 8.41103e-03 
 1.23395e-02 
 1.45090e-02 
 1.40085e-01 
 1.76121e-02 
 1.81315e-01 
 2.46155e-01 
 2.49942e-01 
 3.42362e-01 
 3.95583e-01 
 4.86151e-01 
 3.41243e-01 
 5.00726e-01 
 7.36354e-01 
 3.96264e-01 
 2.52643e-01 
 1.91901e-01 
 2.09199e-02 
 1.50547e-02 
 1.01240e-02 
 5.88886e-03 
 4.99287e-03 
 4.93089e-03 
 4.88089e-03 
 4.83388e-03 
 4.78712e-03 
 4.72167e-03 
 4.81573e-03 
 4.66091e-03 
 4.72296e-03 
 4.56144e-03 
 4.55109e-03 
 4.52182e-03 
 4.50039e-03 
 4.48603e-03 
 4.44703e-03 
 4.45146e-03 
 4.42877e-03 
 4.32539e-03 
 5.67990e-03 
 5.14028e-03 
 4.55099e-03 
 4.16802e-03 
 4.39421e-03 
 4.24728e-03 
 7.55449e-03 
 5.88363e-01 
 9.92175e-01 
 9.93744e-01 
 9.90637e-01 
 8.31275e-01 
 2.02317e-02 
 5.99491e-03 
 5.19251e-03 
 4.81968e-03 
 4.72322e-03 
 4.90730e-03 
 1.12881e-02 
 6.44374e-03 
 8.64521e-03 
 4.23126e-02 
 9.24930e-01 
 8.57057e-01 
 2.29441e-01 
 1.23687e-01 
 1.56445e-01 
 8.92283e-01 
 9.70435e-01 
 9.84226e-01 
 8.75943e-01 
 3.35089e-01 
 5.47522e-03 
 5.47511e-03 
 5.47512e-03 
 5.47548e-03 
 5.47624e-03 
 5.47732e-03 
 5.47866e-03 
 5.48015e-03 
 5.48169e-03 
 5.48324e-03 
 5.48476e-03 
 5.48615e-03 
 5.48740e-03 
 5.48845e-03 
 5.48937e-03 
 5.49013e-03 
 5.49074e-03 
 5.49125e-03 
 5.49169e-03 
 5.49217e-03 
 5.49303e-03 
 5.49412e-03 
 5.49596e-03 
 5.49862e-03 
 5.68125e-03 
 5.93871e-03 
 6.18310e-03 
 6.87188e-03 
 8.47433e-03 
 1.35946e-02 
 1.47937e-02 
 1.60651e-02 
 1.80032e-02 
 1.78446e-01 
 2.45631e-01 
 2.56085e-01 
 3.45719e-01 
 3.99540e-01 
 5.00098e-01 
 5.44787e-01 
 3.42632e-01 
 7.11370e-01 
 5.00807e-01 
 2.38922e-01 
 1.68148e-01 
 2.05345e-02 
 1.50072e-02 
 1.02679e-02 
 5.86950e-03 
 5.09321e-03 
 4.95989e-03 
 4.94363e-03 
 4.92566e-03 
 4.89917e-03 
 5.09197e-03 
 4.83123e-03 
 4.90078e-03 
 4.86282e-03 
 4.82844e-03 
 4.70925e-03 
 4.68648e-03 
 4.66824e-03 
 4.62542e-03 
 4.61607e-03 
 4.60676e-03 
 4.61977e-03 
 4.60645e-03 
 4.50048e-03 
 4.38434e-03 
 5.03193e-03 
 5.15977e-03 
 4.71105e-03 
 3.60959e-03 
 4.16148e-03 
 5.40951e-03 
 3.07914e-02 
 9.79369e-01 
 9.92934e-01 
 9.91314e-01 
 9.82518e-01 
 3.76716e-02 
 1.61775e-02 
 5.38059e-03 
 4.69004e-03 
 4.51982e-03 
 7.42321e-03 
 1.18311e-02 
 6.76182e-03 
 1.13855e-02 
 7.36586e-02 
 9.47300e-01 
 8.37555e-01 
 1.54572e-01 
 1.31983e-01 
 7.26699e-01 
 9.59202e-01 
 9.85897e-01 
 9.74237e-01 
 1.94335e-01 
 3.38304e-02 
 5.47334e-03 
 5.47332e-03 
 5.47354e-03 
 5.47418e-03 
 5.47525e-03 
 5.47667e-03 
 5.47836e-03 
 5.48018e-03 
 5.48208e-03 
 5.48397e-03 
 5.48580e-03 
 5.48745e-03 
 5.48902e-03 
 5.49031e-03 
 5.49150e-03 
 5.49243e-03 
 5.49326e-03 
 5.49398e-03 
 5.49472e-03 
 5.49581e-03 
 5.49714e-03 
 5.49909e-03 
 5.50219e-03 
 5.68724e-03 
 5.95017e-03 
 6.20522e-03 
 6.91890e-03 
 8.79551e-03 
 1.36130e-02 
 1.46332e-02 
 1.61469e-02 
 2.05648e-02 
 2.28464e-02 
 2.33837e-01 
 2.76975e-01 
 3.47856e-01 
 4.21533e-01 
 5.10359e-01 
 5.59234e-01 
 3.47079e-01 
 5.02039e-01 
 3.75355e-01 
 2.35919e-01 
 8.12056e-02 
 2.02760e-02 
 1.51254e-02 
 1.24443e-02 
 6.07136e-03 
 5.02702e-03 
 4.96593e-03 
 4.95877e-03 
 4.96396e-03 
 4.95828e-03 
 4.94308e-03 
 4.91532e-03 
 4.88802e-03 
 4.85661e-03 
 4.82879e-03 
 4.80400e-03 
 4.78390e-03 
 4.76665e-03 
 4.75388e-03 
 4.77037e-03 
 4.76227e-03 
 4.75460e-03 
 4.74268e-03 
 4.68958e-03 
 4.63214e-03 
 4.55844e-03 
 4.39750e-03 
 5.72632e-03 
 4.95271e-03 
 3.82212e-03 
 4.11902e-03 
 4.97168e-03 
 7.94519e-03 
 3.36724e-01 
 9.88902e-01 
 9.88251e-01 
 9.82928e-01 
 9.53069e-01 
 1.98360e-02 
 1.20363e-02 
 4.79831e-03 
 4.40844e-03 
 8.16270e-03 
 1.20006e-02 
 2.03731e-02 
 1.47617e-02 
 7.39717e-02 
 6.08145e-01 
 7.61001e-01 
 2.18160e-01 
 2.70940e-01 
 9.50174e-01 
 9.73951e-01 
 9.80543e-01 
 9.08263e-01 
 2.94216e-02 
 9.50934e-03 
 5.47160e-03 
 5.47168e-03 
 5.47211e-03 
 5.47302e-03 
 5.47441e-03 
 5.47617e-03 
 5.47819e-03 
 5.48037e-03 
 5.48262e-03 
 5.48484e-03 
 5.48697e-03 
 5.48899e-03 
 5.49081e-03 
 5.49236e-03 
 5.49377e-03 
 5.49500e-03 
 5.49611e-03 
 5.49720e-03 
 5.49862e-03 
 5.50031e-03 
 5.50267e-03 
 5.50628e-03 
 5.69330e-03 
 5.73630e-03 
 6.22624e-03 
 6.97607e-03 
 8.86996e-03 
 1.25655e-02 
 1.47166e-02 
 1.62344e-02 
 1.63674e-01 
 8.98861e-02 
 2.14034e-01 
 3.97162e-01 
 3.40138e-01 
 4.26144e-01 
 5.13672e-01 
 5.63268e-01 
 3.47419e-01 
 5.15639e-01 
 3.89973e-01 
 2.58809e-01 
 8.18725e-02 
 2.03277e-02 
 1.52959e-02 
 1.26325e-02 
 6.08605e-03 
 5.00776e-03 
 4.94974e-03 
 4.95396e-03 
 4.96934e-03 
 4.97829e-03 
 4.97740e-03 
 4.96118e-03 
 4.94157e-03 
 4.91628e-03 
 4.88855e-03 
 4.86379e-03 
 4.84159e-03 
 4.82365e-03 
 4.80824e-03 
 4.79541e-03 
 4.78648e-03 
 4.77955e-03 
 4.77231e-03 
 4.76201e-03 
 4.73931e-03 
 4.72826e-03 
 4.63505e-03 
 4.61676e-03 
 4.37848e-03 
 4.19129e-03 
 4.06130e-03 
 4.15296e-03 
 4.63142e-03 
 5.61275e-03 
 2.57911e-02 
 9.44597e-01 
 9.90667e-01 
 9.86050e-01 
 9.80052e-01 
 3.15083e-02 
 1.44010e-02 
 9.90408e-03 
 4.59162e-03 
 8.45921e-03 
 1.34870e-02 
 2.81861e-02 
 5.05671e-02 
 9.32185e-01 
 8.99961e-01 
 3.23767e-01 
 1.49373e-01 
 9.34846e-01 
 9.43031e-01 
 9.79264e-01 
 9.58019e-01 
 1.27246e-01 
 8.49925e-03 
 7.68043e-03 
 5.47003e-03 
 5.47020e-03 
 5.47085e-03 
 5.47204e-03 
 5.47373e-03 
 5.47581e-03 
 5.47818e-03 
 5.48071e-03 
 5.48330e-03 
 5.48589e-03 
 5.48836e-03 
 5.49067e-03 
 5.49274e-03 
 5.49468e-03 
 5.49635e-03 
 5.49793e-03 
 5.49946e-03 
 5.50114e-03 
 5.50346e-03 
 5.50637e-03 
 5.51067e-03 
 5.69909e-03 
 5.74544e-03 
 6.24633e-03 
 7.24055e-03 
 8.97464e-03 
 1.26824e-02 
 1.50308e-02 
 1.64462e-02 
 1.64945e-01 
 8.65861e-02 
 2.49668e-01 
 3.46540e-01 
 3.20503e-01 
 4.20479e-01 
 5.07354e-01 
 5.50826e-01 
 3.40424e-01 
 5.07561e-01 
 2.77906e-01 
 2.65088e-01 
 8.33760e-02 
 2.04896e-02 
 1.54736e-02 
 1.28848e-02 
 6.11849e-03 
 5.19184e-03 
 7.05344e-03 
 8.51230e-03 
 4.96355e-03 
 4.97788e-03 
 4.95906e-03 
 4.98077e-03 
 4.93805e-03 
 4.95027e-03 
 4.92686e-03 
 4.90302e-03 
 4.87984e-03 
 4.82599e-03 
 4.83900e-03 
 4.82387e-03 
 4.81049e-03 
 4.79922e-03 
 4.78914e-03 
 4.77836e-03 
 4.76386e-03 
 4.74157e-03 
 4.71136e-03 
 4.76140e-03 
 4.61026e-03 
 4.61820e-03 
 4.40055e-03 
 4.28069e-03 
 4.25000e-03 
 4.45565e-03 
 4.99282e-03 
 6.50849e-03 
 6.28472e-02 
 9.81422e-01 
 9.84176e-01 
 9.85839e-01 
 9.58340e-01 
 2.11719e-02 
 1.24459e-02 
 9.28025e-03 
 4.95392e-03 
 1.57242e-02 
 7.75905e-03 
 4.71982e-02 
 8.40268e-01 
 5.01732e-01 
 7.97355e-01 
 8.83079e-01 
 9.77049e-01 
 9.60529e-01 
 9.72710e-01 
 4.85678e-01 
 1.76080e-02 
 7.83031e-03 
 7.76678e-03 
 5.46868e-03 
 5.46894e-03 
 5.46979e-03 
 5.47124e-03 
 5.47323e-03 
 5.47563e-03 
 5.47834e-03 
 5.48122e-03 
 5.48416e-03 
 5.48709e-03 
 5.48989e-03 
 5.49250e-03 
 5.49499e-03 
 5.49719e-03 
 5.49930e-03 
 5.50136e-03 
 5.50357e-03 
 5.50645e-03 
 5.51003e-03 
 5.51564e-03 
 5.70375e-03 
 5.96457e-03 
 6.26517e-03 
 7.28520e-03 
 9.11905e-03 
 1.40087e-02 
 1.52672e-02 
 1.67483e-02 
 1.69708e-01 
 9.50894e-02 
 2.49042e-01 
 2.98050e-01 
 4.47787e-01 
 3.69470e-01 
 5.04520e-01 
 5.41065e-01 
 5.29241e-01 
 4.71372e-01 
 3.41571e-01 
 2.53210e-01 
 7.65669e-02 
 2.04397e-02 
 1.56144e-02 
 1.30982e-02 
 6.95980e-03 
 5.18959e-03 
 7.16497e-03 
 7.19150e-03 
 7.24575e-03 
 7.32113e-03 
 5.19983e-03 
 4.95856e-03 
 4.95119e-03 
 4.93687e-03 
 4.91772e-03 
 4.89571e-03 
 4.87246e-03 
 4.84932e-03 
 4.82730e-03 
 4.80691e-03 
 4.78823e-03 
 4.80280e-03 
 4.78618e-03 
 4.76968e-03 
 4.75186e-03 
 4.70063e-03 
 4.70480e-03 
 7.05148e-03 
 6.99359e-03 
 6.63793e-03 
 6.52090e-03 
 4.50275e-03 
 4.43071e-03 
 4.36875e-03 
 4.39780e-03 
 4.62892e-03 
 5.41937e-03 
 2.03452e-02 
 8.74497e-01 
 9.83615e-01 
 9.82002e-01 
 9.41198e-01 
 4.86971e-02 
 1.95049e-02 
 1.27929e-02 
 5.62872e-03 
 2.15673e-02 
 9.91915e-02 
 8.18905e-01 
 8.17425e-01 
 9.23670e-01 
 9.19405e-01 
 9.83310e-01 
 9.63182e-01 
 9.72697e-01 
 5.78551e-01 
 2.00803e-02 
 7.84136e-03 
 7.99956e-03 
 1.42759e-02 
 5.46759e-03 
 5.46793e-03 
 5.46897e-03 
 5.47067e-03 
 5.47294e-03 
 5.47567e-03 
 5.47870e-03 
 5.48191e-03 
 5.48521e-03 
 5.48847e-03 
 5.49160e-03 
 5.49463e-03 
 5.49742e-03 
 5.50011e-03 
 5.50276e-03 
 5.50572e-03 
 5.50911e-03 
 5.51347e-03 
 5.52003e-03 
 5.78096e-03 
 5.79084e-03 
 6.27636e-03 
 7.76065e-03 
 9.47423e-03 
 1.41720e-02 
 1.55861e-02 
 1.73050e-02 
 1.77595e-01 
 2.13389e-01 
 2.89454e-01 
 3.02601e-01 
 4.17474e-01 
 5.40318e-01 
 4.74113e-01 
 5.32466e-01 
 5.15558e-01 
 4.21715e-01 
 3.17162e-01 
 2.02848e-01 
 2.85550e-02 
 2.00750e-02 
 1.56805e-02 
 1.32924e-02 
 8.76022e-03 
 5.22601e-03 
 5.06667e-03 
 7.30979e-03 
 8.36158e-03 
 8.28247e-03 
 8.06469e-03 
 4.98876e-03 
 4.95643e-03 
 4.94731e-03 
 4.93223e-03 
 4.91280e-03 
 4.89042e-03 
 4.86618e-03 
 4.84124e-03 
 4.81661e-03 
 4.79256e-03 
 4.76888e-03 
 4.74506e-03 
 4.72037e-03 
 4.72470e-03 
 4.69621e-03 
 4.66387e-03 
 6.68150e-03 
 6.58706e-03 
 6.45970e-03 
 6.67548e-03 
 6.38415e-03 
 6.33048e-03 
 6.27192e-03 
 4.50339e-03 
 4.50715e-03 
 4.59347e-03 
 4.96190e-03 
 7.62643e-03 
 4.11283e-02 
 9.53089e-01 
 9.76295e-01 
 9.75658e-01 
 8.70425e-01 
 4.56843e-02 
 2.46915e-02 
 7.99211e-03 
 2.98760e-02 
 4.74603e-01 
 9.25096e-01 
 9.33400e-01 
 9.81804e-01 
 7.87280e-01 
 9.90667e-01 
 9.51254e-01 
 4.67772e-01 
 1.73903e-02 
 7.62588e-03 
 7.60125e-03 
 8.22973e-03 
 4.96389e-02 
 5.46679e-03 
 5.46721e-03 
 5.46842e-03 
 5.47036e-03 
 5.47291e-03 
 5.47593e-03 
 5.47928e-03 
 5.48282e-03 
 5.48645e-03 
 5.49008e-03 
 5.49361e-03 
 5.49698e-03 
 5.50033e-03 
 5.50357e-03 
 5.50718e-03 
 5.51131e-03 
 5.51654e-03 
 5.52416e-03 
 5.60186e-03 
 6.05591e-03 
 6.28228e-03 
 7.78115e-03 
 9.52990e-03 
 1.31360e-02 
 1.59055e-02 
 1.78392e-02 
 4.70917e-02 
 2.27460e-01 
 2.77595e-01 
 3.26728e-01 
 3.53730e-01 
 5.38167e-01 
 6.26581e-01 
 4.87252e-01 
 4.91938e-01 
 3.97280e-01 
 2.94817e-01 
 1.88243e-01 
 3.13418e-02 
 1.94867e-02 
 1.56766e-02 
 1.34697e-02 
 8.58305e-03 
 5.22168e-03 
 5.13220e-03 
 8.61404e-03 
 7.44296e-03 
 7.42790e-03 
 7.41303e-03 
 7.41477e-03 
 4.99172e-03 
 4.98546e-03 
 4.94191e-03 
 4.92495e-03 
 4.90395e-03 
 4.87972e-03 
 4.85264e-03 
 4.82365e-03 
 4.79402e-03 
 4.79428e-03 
 4.76186e-03 
 4.72746e-03 
 4.69014e-03 
 6.72653e-03 
 6.62425e-03 
 6.51339e-03 
 6.39760e-03 
 6.29219e-03 
 6.21607e-03 
 6.18289e-03 
 6.19907e-03 
 6.26963e-03 
 6.38703e-03 
 6.52088e-03 
 8.05716e-03 
 8.55643e-03 
 7.31034e-03 
 6.54700e-03 
 2.30691e-02 
 5.78822e-01 
 9.58669e-01 
 9.64080e-01 
 9.54395e-01 
 9.02226e-01 
 6.57232e-02 
 2.46610e-02 
 3.70442e-02 
 2.34834e-01 
 9.58822e-01 
 9.89464e-01 
 9.90287e-01 
 9.49503e-01 
 9.82921e-01 
 2.28694e-01 
 1.09699e-02 
 7.49513e-03 
 7.20742e-03 
 7.45004e-03 
 7.01042e-02 
 2.96276e-01 
 5.46633e-03 
 5.46682e-03 
 5.46819e-03 
 5.47035e-03 
 5.47315e-03 
 5.47645e-03 
 5.48011e-03 
 5.48398e-03 
 5.48797e-03 
 5.49195e-03 
 5.49590e-03 
 5.49977e-03 
 5.50372e-03 
 5.50794e-03 
 5.51282e-03 
 5.51921e-03 
 5.52789e-03 
 5.60517e-03 
 5.90891e-03 
 6.28773e-03 
 7.80577e-03 
 9.59236e-03 
 1.33879e-02 
 1.61338e-02 
 1.82372e-02 
 2.39167e-01 
 2.39048e-01 
 2.91084e-01 
 3.46837e-01 
 3.87253e-01 
 4.60275e-01 
 5.03137e-01 
 7.18534e-01 
 4.36786e-01 
 3.47309e-01 
 2.38280e-01 
 1.75242e-01 
 2.55625e-02 
 1.88559e-02 
 1.55820e-02 
 1.18452e-02 
 8.47994e-03 
 5.27137e-03 
 5.18897e-03 
 8.75278e-03 
 7.58239e-03 
 7.55331e-03 
 5.27101e-03 
 7.47905e-03 
 7.45037e-03 
 4.99375e-03 
 4.98094e-03 
 4.96580e-03 
 4.94620e-03 
 4.92222e-03 
 4.89444e-03 
 4.86271e-03 
 7.12181e-03 
 7.03271e-03 
 6.93713e-03 
 6.83307e-03 
 6.72103e-03 
 6.60047e-03 
 6.47280e-03 
 4.63190e-03 
 4.57494e-03 
 4.52679e-03 
 6.01414e-03 
 5.99299e-03 
 6.05356e-03 
 4.72701e-03 
 5.07591e-03 
 6.04302e-03 
 7.17818e-03 
 6.33022e-03 
 8.00512e-03 
 1.44985e-02 
 8.80870e-03 
 2.39654e-02 
 6.78610e-01 
 9.43142e-01 
 9.34491e-01 
 9.04545e-01 
 7.79596e-01 
 6.32750e-01 
 9.10363e-01 
 4.81697e-01 
 9.72130e-01 
 9.64549e-01 
 9.91977e-01 
 9.81089e-01 
 8.60350e-01 
 5.93555e-02 
 7.92417e-03 
 7.35642e-03 
 7.00777e-03 
 6.97354e-03 
 3.07958e-02 
 7.08415e-02 
 2.65678e-01 
 5.46626e-03 
 5.46681e-03 
 5.46832e-03 
 5.47067e-03 
 5.47370e-03 
 5.47727e-03 
 5.48123e-03 
 5.48542e-03 
 5.48977e-03 
 5.49418e-03 
 5.49864e-03 
 5.50324e-03 
 5.50813e-03 
 5.51385e-03 
 5.52122e-03 
 5.53102e-03 
 5.60840e-03 
 5.79280e-03 
 6.28911e-03 
 7.83280e-03 
 9.71163e-03 
 1.35444e-02 
 1.63998e-02 
 1.87981e-02 
 2.40820e-01 
 2.49154e-01 
 2.62694e-01 
 3.49678e-01 
 4.04530e-01 
 5.05665e-01 
 5.49949e-01 
 5.33967e-01 
 4.45501e-01 
 2.55412e-01 
 2.22449e-01 
 1.67097e-01 
 9.15139e-02 
 1.83316e-02 
 1.54578e-02 
 1.16593e-02 
 8.48777e-03 
 5.31678e-03 
 5.24690e-03 
 8.89754e-03 
 7.74095e-03 
 5.37117e-03 
 7.64271e-03 
 7.58636e-03 
 5.22014e-03 
 7.47420e-03 
 7.43372e-03 
 7.40468e-03 
 5.11395e-03 
 5.08674e-03 
 5.01034e-03 
 4.97654e-03 
 4.86699e-03 
 4.82646e-03 
 4.78169e-03 
 4.79566e-03 
 6.64415e-03 
 6.50120e-03 
 6.35407e-03 
 6.21032e-03 
 6.08227e-03 
 5.98543e-03 
 5.94084e-03 
 5.97011e-03 
 6.09125e-03 
 6.31661e-03 
 6.64968e-03 
 5.19567e-03 
 8.00126e-03 
 1.06753e-02 
 1.58055e-02 
 7.57139e-02 
 1.33891e-02 
 6.81025e-01 
 9.51202e-01 
 9.59192e-01 
 9.57276e-01 
 9.36458e-01 
 8.76900e-01 
 8.38279e-01 
 9.04159e-01 
 9.55494e-01 
 9.65580e-01 
 9.80600e-01 
 9.91980e-01 
 9.84822e-01 
 1.30182e-01 
 1.70860e-02 
 7.50323e-03 
 7.08486e-03 
 6.80777e-03 
 8.53326e-03 
 6.85163e-03 
 3.16995e-02 
 6.81240e-02 
 2.32371e-01 
 5.46662e-03 
 5.46722e-03 
 5.46885e-03 
 5.47137e-03 
 5.47462e-03 
 5.47844e-03 
 5.48269e-03 
 5.48723e-03 
 5.49199e-03 
 5.49691e-03 
 5.50207e-03 
 5.50765e-03 
 5.51419e-03 
 5.52256e-03 
 5.53371e-03 
 5.62963e-03 
 5.76826e-03 
 6.28518e-03 
 7.84820e-03 
 9.79768e-03 
 1.50523e-02 
 1.66772e-02 
 1.93051e-02 
 2.43159e-01 
 2.71320e-01 
 3.00068e-01 
 3.76895e-01 
 4.18793e-01 
 5.19647e-01 
 5.60797e-01 
 5.46653e-01 
 4.50861e-01 
 3.35392e-01 
 2.04886e-01 
 1.71797e-01 
 4.28101e-02 
 1.80212e-02 
 1.53502e-02 
 1.33645e-02 
 9.16496e-03 
 5.35177e-03 
 7.97277e-03 
 5.24844e-03 
 7.91250e-03 
 5.37400e-03 
 7.79151e-03 
 7.71672e-03 
 7.64054e-03 
 5.22762e-03 
 7.48991e-03 
 7.42500e-03 
 7.37156e-03 
 5.10245e-03 
 4.94890e-03 
 7.17579e-03 
 7.08088e-03 
 6.97505e-03 
 6.85751e-03 
 6.72874e-03 
 6.58983e-03 
 6.44351e-03 
 6.29800e-03 
 6.16726e-03 
 6.07187e-03 
 6.03549e-03 
 6.07800e-03 
 6.21317e-03 
 6.44485e-03 
 5.13678e-03 
 5.77319e-03 
 7.02925e-03 
 9.03888e-03 
 1.33720e-02 
 9.15494e-02 
 1.50735e-02 
 9.74267e-01 
 9.79072e-01 
 9.79083e-01 
 9.77327e-01 
 9.75233e-01 
 9.70174e-01 
 9.51153e-01 
 9.05469e-01 
 8.79268e-01 
 9.21667e-01 
 9.55765e-01 
 9.74751e-01 
 9.82435e-01 
 9.44837e-01 
 4.47932e-02 
 8.81078e-03 
 6.99238e-03 
 6.70720e-03 
 6.52423e-03 
 6.45695e-03 
 1.48714e-02 
 2.09632e-02 
 3.35485e-02 
 7.12727e-02 
 2.28777e-01 
 5.46747e-03 
 5.46810e-03 
 5.46983e-03 
 5.47250e-03 
 5.47595e-03 
 5.48003e-03 
 5.48459e-03 
 5.48952e-03 
 5.49478e-03 
 5.50041e-03 
 5.50665e-03 
 5.51391e-03 
 5.52324e-03 
 5.53583e-03 
 5.55370e-03 
 5.76837e-03 
 6.27964e-03 
 7.41945e-03 
 9.87765e-03 
 1.54782e-02 
 1.69027e-02 
 1.97165e-02 
 2.30517e-01 
 2.64050e-01 
 2.97098e-01 
 3.86184e-01 
 4.66406e-01 
 5.39958e-01 
 5.67367e-01 
 5.41421e-01 
 4.38045e-01 
 3.21458e-01 
 2.12383e-01 
 1.72557e-01 
 2.18484e-02 
 1.77314e-02 
 1.46539e-02 
 1.12782e-02 
 1.14644e-02 
 5.60938e-03 
 5.32892e-03 
 8.10522e-03 
 8.07654e-03 
 8.02660e-03 
 5.39818e-03 
 7.87408e-03 
 7.78105e-03 
 5.27232e-03 
 7.59035e-03 
 7.49819e-03 
 7.41351e-03 
 7.33580e-03 
 7.25859e-03 
 7.17123e-03 
 7.06758e-03 
 6.94996e-03 
 6.82180e-03 
 6.68632e-03 
 6.54967e-03 
 6.42198e-03 
 6.31584e-03 
 6.24616e-03 
 6.23450e-03 
 6.30618e-03 
 6.48174e-03 
 4.99808e-03 
 5.56886e-03 
 5.97977e-03 
 7.55400e-03 
 9.17130e-03 
 2.84979e-02 
 4.12537e-02 
 2.67918e-02 
 9.80181e-01 
 9.85616e-01 
 9.86717e-01 
 9.85588e-01 
 9.84068e-01 
 9.80114e-01 
 9.76393e-01 
 9.78777e-01 
 9.48034e-01 
 8.78313e-01 
 9.35775e-01 
 9.53536e-01 
 9.75364e-01 
 9.21867e-01 
 4.76831e-02 
 2.81565e-02 
 7.36468e-03 
 6.40454e-03 
 6.26613e-03 
 6.17748e-03 
 1.22962e-02 
 6.22676e-03 
 1.89308e-02 
 2.40422e-02 
 3.46696e-02 
 7.26097e-02 
 2.02998e-01 
 5.46887e-03 
 5.46952e-03 
 5.47132e-03 
 5.47413e-03 
 5.47778e-03 
 5.48213e-03 
 5.48704e-03 
 5.49248e-03 
 5.49845e-03 
 5.50519e-03 
 5.51314e-03 
 5.52338e-03 
 5.53719e-03 
 5.55712e-03 
 5.76834e-03 
 6.27377e-03 
 7.85749e-03 
 9.94621e-03 
 1.57254e-02 
 1.73231e-02 
 2.02587e-02 
 2.53760e-01 
 3.72340e-01 
 4.22509e-01 
 3.09276e-01 
 4.89413e-01 
 5.72510e-01 
 5.87846e-01 
 5.44296e-01 
 4.23848e-01 
 3.08831e-01 
 2.42390e-01 
 1.58007e-01 
 2.05267e-02 
 1.72240e-02 
 1.44672e-02 
 1.09438e-02 
 9.19126e-03 
 5.50514e-03 
 5.34086e-03 
 5.30486e-03 
 5.27653e-03 
 5.24943e-03 
 5.42754e-03 
 5.18990e-03 
 5.19159e-03 
 5.32140e-03 
 5.28212e-03 
 7.60632e-03 
 7.49709e-03 
 7.39331e-03 
 7.29130e-03 
 7.18585e-03 
 7.07200e-03 
 6.94762e-03 
 6.81517e-03 
 6.68161e-03 
 6.55920e-03 
 6.46659e-03 
 6.42856e-03 
 6.46790e-03 
 6.60001e-03 
 6.83911e-03 
 5.48741e-03 
 5.71672e-03 
 6.69927e-03 
 8.06488e-03 
 1.07772e-02 
 1.28604e-02 
 1.13826e-01 
 7.12139e-01 
 9.80080e-01 
 9.87139e-01 
 9.89409e-01 
 9.90180e-01 
 9.90600e-01 
 9.87579e-01 
 9.84223e-01 
 9.78627e-01 
 9.87266e-01 
 9.85570e-01 
 9.76650e-01 
 9.64431e-01 
 8.99858e-01 
 8.13201e-01 
 4.68417e-02 
 3.10568e-02 
 1.97419e-02 
 1.62952e-02 
 6.01232e-03 
 5.88101e-03 
 5.84860e-03 
 5.86690e-03 
 1.03659e-02 
 1.06160e-02 
 1.83102e-02 
 6.76938e-03 
 3.50923e-02 
 7.57713e-02 
 1.37867e-01 
 5.47087e-03 
 5.47153e-03 
 5.47340e-03 
 5.47634e-03 
 5.48022e-03 
 5.48489e-03 
 5.49030e-03 
 5.49645e-03 
 5.50356e-03 
 5.51210e-03 
 5.52310e-03 
 5.53829e-03 
 5.56001e-03 
 5.68658e-03 
 6.20412e-03 
 7.55720e-03 
 9.94836e-03 
 1.44964e-02 
 1.77732e-02 
 2.11268e-02 
 2.46747e-01 
 3.38143e-01 
 3.70271e-01 
 4.38923e-01 
 5.52429e-01 
 3.80231e-01 
 3.97891e-01 
 5.54118e-01 
 4.24793e-01 
 2.83979e-01 
 2.04994e-01 
 2.62704e-02 
 1.97748e-02 
 1.67713e-02 
 1.46668e-02 
 9.68656e-03 
 8.86389e-03 
 5.42981e-03 
 5.40860e-03 
 5.34105e-03 
 5.31434e-03 
 5.33001e-03 
 5.26419e-03 
 5.23594e-03 
 5.20430e-03 
 5.16855e-03 
 5.16338e-03 
 7.73374e-03 
 7.60560e-03 
 7.48048e-03 
 7.35686e-03 
 7.23091e-03 
 7.10137e-03 
 6.97170e-03 
 6.84862e-03 
 6.74137e-03 
 6.66536e-03 
 6.64460e-03 
 6.70585e-03 
 6.87788e-03 
 5.42296e-03 
 5.77089e-03 
 6.32794e-03 
 7.18606e-03 
 9.39769e-03 
 1.27957e-02 
 5.44779e-02 
 2.61061e-01 
 9.56341e-01 
 9.78138e-01 
 9.85938e-01 
 9.89395e-01 
 9.93383e-01 
 9.93201e-01 
 9.93457e-01 
 9.88505e-01 
 9.73581e-01 
 8.95062e-01 
 9.36358e-01 
 9.65536e-01 
 8.76711e-01 
 7.30868e-01 
 3.54403e-02 
 2.77850e-02 
 2.52906e-02 
 2.14237e-02 
 1.76657e-02 
 1.41970e-02 
 5.80123e-03 
 5.66491e-03 
 5.62373e-03 
 5.64718e-03 
 1.27247e-02 
 5.81903e-03 
 5.99258e-03 
 6.28283e-03 
 2.30450e-02 
 3.48534e-02 
 7.16786e-02 
 1.28724e-01 
 5.47356e-03 
 5.47423e-03 
 5.47617e-03 
 5.47928e-03 
 5.48346e-03 
 5.48860e-03 
 5.49474e-03 
 5.50207e-03 
 5.51111e-03 
 5.52283e-03 
 5.53920e-03 
 5.56248e-03 
 5.66469e-03 
 5.92333e-03 
 7.13653e-03 
 9.99788e-03 
 1.35168e-02 
 1.82764e-02 
 2.20536e-02 
 3.01987e-01 
 3.43934e-01 
 3.59465e-01 
 4.28417e-01 
 5.07400e-01 
 5.80044e-01 
 6.15966e-01 
 5.87545e-01 
 3.11965e-01 
 2.63399e-01 
 1.93816e-01 
 2.46792e-02 
 1.91809e-02 
 1.58284e-02 
 1.09595e-02 
 9.64026e-03 
 6.44194e-03 
 5.48337e-03 
 5.44209e-03 
 5.41434e-03 
 5.39098e-03 
 5.59632e-03 
 5.34500e-03 
 5.31822e-03 
 5.24767e-03 
 5.21467e-03 
 5.17697e-03 
 7.86452e-03 
 7.72484e-03 
 7.58581e-03 
 7.44733e-03 
 7.30890e-03 
 7.17129e-03 
 7.04268e-03 
 6.94114e-03 
 6.88828e-03 
 6.90255e-03 
 7.00348e-03 
 7.21571e-03 
 5.40711e-03 
 5.94761e-03 
 8.71823e-03 
 8.16232e-03 
 1.08500e-02 
 1.66736e-02 
 1.19407e-01 
 6.38705e-01 
 9.64003e-01 
 9.78217e-01 
 9.84355e-01 
 9.89306e-01 
 9.89397e-01 
 9.94645e-01 
 9.94222e-01 
 9.88688e-01 
 8.97916e-01 
 5.41522e-02 
 3.97901e-02 
 5.93788e-02 
 4.69220e-01 
 9.73694e-01 
 8.23267e-01 
 6.02495e-02 
 2.24959e-02 
 1.77544e-02 
 1.61727e-02 
 1.55851e-02 
 6.86930e-03 
 5.72462e-03 
 5.62452e-03 
 5.56218e-03 
 5.56143e-03 
 1.20434e-02 
 5.64861e-03 
 9.89627e-03 
 5.96692e-03 
 6.23168e-03 
 1.65994e-02 
 3.55714e-02 
 6.41373e-02 
 9.80007e-02 
 5.47703e-03 
 5.47771e-03 
 5.47976e-03 
 5.48315e-03 
 5.48780e-03 
 5.49371e-03 
 5.50109e-03 
 5.51045e-03 
 5.52283e-03 
 5.54030e-03 
 5.56560e-03 
 5.60345e-03 
 5.92464e-03 
 7.51686e-03 
 9.72757e-03 
 1.37552e-02 
 1.88732e-02 
 3.11661e-02 
 3.07587e-01 
 3.44091e-01 
 3.95277e-01 
 4.50738e-01 
 5.30571e-01 
 5.70285e-01 
 5.54418e-01 
 4.81396e-01 
 3.99801e-01 
 2.29383e-01 
 1.68835e-01 
 2.31929e-02 
 1.88091e-02 
 1.59852e-02 
 1.05257e-02 
 9.42764e-03 
 6.05065e-03 
 9.48824e-03 
 9.45230e-03 
 5.40320e-03 
 5.37956e-03 
 5.35811e-03 
 5.33633e-03 
 5.35755e-03 
 5.48863e-03 
 5.25668e-03 
 5.22181e-03 
 5.21793e-03 
 7.84458e-03 
 7.70078e-03 
 7.56019e-03 
 7.42366e-03 
 7.29835e-03 
 5.13285e-03 
 7.14380e-03 
 7.16718e-03 
 7.29890e-03 
 5.33193e-03 
 5.85255e-03 
 8.55886e-03 
 1.17199e-02 
 8.86335e-03 
 1.26475e-02 
 4.36384e-02 
 2.58194e-01 
 6.52158e-02 
 9.74749e-01 
 9.81007e-01 
 9.84133e-01 
 9.88753e-01 
 9.93576e-01 
 9.91337e-01 
 9.93842e-01 
 9.92991e-01 
 8.91267e-01 
 3.60645e-02 
 1.84370e-02 
 1.59008e-02 
 1.47207e-02 
 2.77878e-02 
 7.28154e-01 
 9.56896e-01 
 9.49335e-01 
 5.65524e-02 
 2.03130e-02 
 1.46541e-02 
 9.59763e-03 
 5.96324e-03 
 5.73511e-03 
 5.64151e-03 
 5.51443e-03 
 5.53753e-03 
 5.55039e-03 
 5.55947e-03 
 5.62810e-03 
 9.84722e-03 
 5.90133e-03 
 6.17867e-03 
 1.61820e-02 
 3.33122e-02 
 5.35714e-02 
 7.25961e-02 
 5.48141e-03 
 5.48214e-03 
 5.48442e-03 
 5.48829e-03 
 5.49378e-03 
 5.50105e-03 
 5.51062e-03 
 5.52357e-03 
 5.54198e-03 
 5.56927e-03 
 5.61007e-03 
 5.93047e-03 
 7.53958e-03 
 1.01504e-02 
 1.40531e-02 
 1.83214e-02 
 3.74356e-02 
 3.16769e-01 
 3.41068e-01 
 4.17676e-01 
 4.74620e-01 
 5.69444e-01 
 5.88340e-01 
 5.50723e-01 
 4.35427e-01 
 3.61946e-01 
 3.07110e-01 
 2.46676e-01 
 2.15876e-02 
 1.73607e-02 
 1.20623e-02 
 9.96211e-03 
 5.99345e-03 
 5.55583e-03 
 5.51591e-03 
 5.50183e-03 
 9.54536e-03 
 9.50319e-03 
 9.46020e-03 
 5.47041e-03 
 5.34823e-03 
 5.52828e-03 
 5.30083e-03 
 5.26517e-03 
 5.26551e-03 
 7.96135e-03 
 7.82193e-03 
 7.69427e-03 
 5.29650e-03 
 5.27205e-03 
 5.26787e-03 
 5.29608e-03 
 5.35250e-03 
 5.77449e-03 
 5.73520e-03 
 8.96663e-03 
 1.10316e-02 
 2.12214e-02 
 3.07038e-02 
 6.36081e-02 
 3.65928e-01 
 9.47227e-01 
 9.74986e-01 
 9.83801e-01 
 9.86126e-01 
 9.87607e-01 
 9.94002e-01 
 9.93814e-01 
 9.83605e-01 
 9.92470e-01 
 9.88520e-01 
 4.53647e-02 
 1.94171e-02 
 1.27719e-02 
 6.52863e-03 
 5.34559e-03 
 6.56357e-03 
 2.01074e-02 
 9.21150e-01 
 9.69995e-01 
 9.65534e-01 
 3.09235e-01 
 2.37285e-02 
 7.41437e-03 
 8.55381e-03 
 5.86516e-03 
 5.70753e-03 
 5.61937e-03 
 5.52019e-03 
 5.52281e-03 
 5.53194e-03 
 5.56449e-03 
 5.62276e-03 
 5.71395e-03 
 5.86667e-03 
 6.11370e-03 
 2.18776e-02 
 2.95101e-02 
 4.19303e-02 
 5.15145e-02 
 5.48689e-03 
 5.48776e-03 
 5.49052e-03 
 5.49535e-03 
 5.50241e-03 
 5.51214e-03 
 5.52568e-03 
 5.54513e-03 
 5.57423e-03 
 5.61808e-03 
 5.91619e-03 
 7.54457e-03 
 1.02807e-02 
 1.28847e-02 
 1.91645e-02 
 4.85342e-02 
 3.27775e-01 
 3.63745e-01 
 4.37944e-01 
 5.18848e-01 
 5.88529e-01 
 5.96689e-01 
 5.33917e-01 
 4.25855e-01 
 3.15599e-01 
 2.80445e-01 
 2.65739e-02 
 2.00378e-02 
 1.53478e-02 
 1.14501e-02 
 9.61268e-03 
 5.90738e-03 
 5.57806e-03 
 5.55871e-03 
 5.50350e-03 
 5.50902e-03 
 5.48722e-03 
 9.57437e-03 
 5.50187e-03 
 5.48483e-03 
 5.36233e-03 
 5.38131e-03 
 5.31127e-03 
 5.27962e-03 
 8.08911e-03 
 7.96653e-03 
 7.86738e-03 
 7.81035e-03 
 7.81211e-03 
 7.89095e-03 
 5.57509e-03 
 5.98246e-03 
 8.82682e-03 
 5.90122e-03 
 1.71356e-02 
 2.17742e-02 
 1.66152e-02 
 1.52750e-02 
 3.11303e-02 
 9.61123e-01 
 9.74705e-01 
 9.80944e-01 
 9.88064e-01 
 9.92087e-01 
 9.94176e-01 
 9.94085e-01 
 9.93529e-01 
 9.73593e-01 
 9.85457e-01 
 5.85701e-01 
 2.29514e-02 
 1.53807e-02 
 5.95808e-03 
 4.85193e-03 
 7.01956e-03 
 7.81991e-03 
 6.19344e-03 
 2.25629e-02 
 9.45398e-01 
 9.78423e-01 
 9.68827e-01 
 2.50068e-01 
 3.09153e-02 
 8.55726e-03 
 6.22178e-03 
 8.86436e-03 
 9.97454e-03 
 5.64573e-03 
 5.59675e-03 
 5.54487e-03 
 5.54906e-03 
 5.57361e-03 
 5.62050e-03 
 5.69851e-03 
 5.82750e-03 
 6.01163e-03 
 2.01802e-02 
 2.52160e-02 
 3.18914e-02 
 3.62243e-02 
 5.49377e-03 
 5.49494e-03 
 5.49870e-03 
 5.50543e-03 
 5.51548e-03 
 5.52983e-03 
 5.55056e-03 
 5.58194e-03 
 5.62956e-03 
 5.70540e-03 
 6.91711e-03 
 1.04367e-02 
 1.32262e-02 
 1.99944e-02 
 6.45170e-02 
 3.40306e-01 
 3.70156e-01 
 4.57099e-01 
 5.42659e-01 
 6.04529e-01 
 5.99161e-01 
 5.21817e-01 
 4.10648e-01 
 3.04920e-01 
 2.68642e-01 
 2.49154e-02 
 1.92748e-02 
 1.19160e-02 
 1.00130e-02 
 6.18138e-03 
 5.83195e-03 
 5.60673e-03 
 5.57253e-03 
 5.52214e-03 
 5.53487e-03 
 5.50017e-03 
 5.50452e-03 
 9.64035e-03 
 5.52161e-03 
 5.40728e-03 
 5.42755e-03 
 5.36315e-03 
 5.33994e-03 
 8.25358e-03 
 8.16955e-03 
 8.12630e-03 
 8.14456e-03 
 8.25338e-03 
 5.76508e-03 
 5.63748e-03 
 9.39921e-03 
 8.04903e-03 
 1.92521e-02 
 2.46698e-02 
 7.62141e-03 
 9.22887e-03 
 8.91727e-01 
 9.64272e-01 
 9.78220e-01 
 9.84373e-01 
 9.87172e-01 
 9.93770e-01 
 9.93958e-01 
 9.93870e-01 
 9.93170e-01 
 9.66428e-01 
 8.61774e-01 
 6.66102e-02 
 2.38264e-02 
 1.62777e-02 
 1.15495e-02 
 5.24550e-03 
 7.39631e-03 
 6.94619e-03 
 7.12860e-03 
 8.22091e-03 
 6.40704e-03 
 2.69378e-02 
 9.51331e-01 
 9.78664e-01 
 9.69790e-01 
 3.57209e-01 
 3.28150e-02 
 1.81205e-02 
 6.31934e-03 
 5.96077e-03 
 5.77990e-03 
 5.67798e-03 
 5.58975e-03 
 5.56573e-03 
 5.56451e-03 
 5.58225e-03 
 5.61935e-03 
 5.68201e-03 
 9.90768e-03 
 5.91658e-03 
 9.82493e-03 
 2.13481e-02 
 2.46351e-02 
 2.64929e-02 
 5.50240e-03 
 5.50423e-03 
 5.51008e-03 
 5.52055e-03 
 5.53635e-03 
 5.55918e-03 
 5.59269e-03 
 5.64388e-03 
 5.72768e-03 
 7.24932e-03 
 1.06554e-02 
 1.36779e-02 
 2.08956e-02 
 8.54114e-02 
 3.54457e-01 
 3.90467e-01 
 4.75594e-01 
 5.66325e-01 
 6.18349e-01 
 5.96986e-01 
 4.84951e-01 
 4.05268e-01 
 3.22148e-01 
 2.19388e-01 
 2.25823e-02 
 1.82470e-02 
 1.13698e-02 
 9.68702e-03 
 5.96710e-03 
 5.63915e-03 
 5.59014e-03 
 5.55813e-03 
 5.56836e-03 
 5.67528e-03 
 5.58149e-03 
 5.53777e-03 
 5.52614e-03 
 5.46538e-03 
 5.45386e-03 
 5.44185e-03 
 5.42482e-03 
 5.41372e-03 
 5.40926e-03 
 8.46495e-03 
 8.51368e-03 
 5.50203e-03 
 5.59695e-03 
 6.06066e-03 
 6.01633e-03 
 6.30620e-03 
 6.82269e-03 
 1.04381e-02 
 5.27193e-02 
 2.35297e-01 
 9.25081e-01 
 9.65357e-01 
 9.83058e-01 
 9.90670e-01 
 9.91963e-01 
 9.94008e-01 
 9.93801e-01 
 9.86132e-01 
 9.92845e-01 
 9.69313e-01 
 9.91006e-01 
 6.31152e-02 
 2.57395e-02 
 1.56211e-02 
 1.41051e-02 
 5.51740e-03 
 5.20344e-03 
 5.00072e-03 
 7.30274e-03 
 7.19239e-03 
 7.61578e-03 
 8.84846e-03 
 6.58633e-03 
 3.30764e-02 
 9.50919e-01 
 9.78689e-01 
 9.70688e-01 
 4.23862e-01 
 3.97587e-02 
 1.74738e-02 
 1.80316e-02 
 6.01079e-03 
 5.82689e-03 
 5.68054e-03 
 5.61581e-03 
 5.58554e-03 
 5.57882e-03 
 5.58996e-03 
 5.61762e-03 
 5.66428e-03 
 5.73660e-03 
 5.82312e-03 
 6.00252e-03 
 1.64879e-02 
 9.70971e-03 
 1.19318e-02 
 5.51324e-03 
 5.51643e-03 
 5.52651e-03 
 5.54445e-03 
 5.57091e-03 
 5.60907e-03 
 5.66701e-03 
 5.75999e-03 
 7.42664e-03 
 1.11778e-02 
 1.43051e-02 
 2.20001e-02 
 1.18495e-01 
 3.76665e-01 
 4.13398e-01 
 4.93576e-01 
 6.02119e-01 
 6.29436e-01 
 5.79408e-01 
 4.74697e-01 
 3.70580e-01 
 3.30200e-01 
 2.91591e-02 
 2.13858e-02 
 1.47590e-02 
 1.14039e-02 
 9.53415e-03 
 5.92742e-03 
 5.63865e-03 
 5.59661e-03 
 9.63632e-03 
 5.56048e-03 
 5.70040e-03 
 5.60763e-03 
 5.57605e-03 
 5.56684e-03 
 5.51276e-03 
 5.50994e-03 
 5.50825e-03 
 5.54389e-03 
 5.51609e-03 
 5.52661e-03 
 5.56572e-03 
 5.67640e-03 
 1.03750e-02 
 5.97104e-03 
 6.19742e-03 
 6.50022e-03 
 8.14954e-03 
 1.27392e-02 
 2.20113e-02 
 2.05458e-02 
 9.57734e-01 
 9.72376e-01 
 9.85979e-01 
 9.91340e-01 
 9.93534e-01 
 9.94092e-01 
 9.93880e-01 
 9.93413e-01 
 9.92648e-01 
 9.88678e-01 
 8.84385e-01 
 5.18289e-02 
 2.56314e-02 
 7.36368e-03 
 6.34912e-03 
 5.94343e-03 
 5.47694e-03 
 5.26083e-03 
 5.09942e-03 
 4.98868e-03 
 7.60773e-03 
 7.70462e-03 
 8.23489e-03 
 1.02826e-02 
 6.65138e-03 
 3.30265e-02 
 9.48031e-01 
 9.78559e-01 
 9.70982e-01 
 4.51703e-01 
 4.05243e-02 
 8.71468e-03 
 1.81791e-02 
 6.02249e-03 
 5.84261e-03 
 5.71336e-03 
 5.70416e-03 
 5.60535e-03 
 5.59297e-03 
 5.59717e-03 
 5.61510e-03 
 5.64755e-03 
 5.69635e-03 
 5.74279e-03 
 5.82978e-03 
 5.95829e-03 
 6.02381e-03 
 1.06482e-02 
 5.52633e-03 
 5.53232e-03 
 5.55088e-03 
 5.58265e-03 
 5.62925e-03 
 5.69553e-03 
 6.50310e-03 
 6.58945e-03 
 1.16422e-02 
 1.51793e-02 
 2.34808e-02 
 1.48237e-01 
 3.89403e-01 
 4.46954e-01 
 5.16900e-01 
 6.24499e-01 
 6.37184e-01 
 5.73381e-01 
 4.63741e-01 
 3.29047e-01 
 3.16094e-01 
 2.63509e-02 
 2.01746e-02 
 1.27145e-02 
 9.95654e-03 
 7.25733e-03 
 5.70078e-03 
 5.63828e-03 
 5.60226e-03 
 5.58205e-03 
 5.57260e-03 
 5.56854e-03 
 5.60204e-03 
 5.62044e-03 
 5.61144e-03 
 5.61794e-03 
 5.57920e-03 
 5.59309e-03 
 5.61412e-03 
 5.64499e-03 
 1.02540e-02 
 6.05830e-03 
 5.87388e-03 
 1.53466e-02 
 6.33304e-03 
 6.70627e-03 
 1.06737e-02 
 1.65184e-02 
 1.17220e-01 
 8.74747e-01 
 9.62610e-01 
 9.77799e-01 
 9.83855e-01 
 9.89564e-01 
 9.93675e-01 
 9.94040e-01 
 9.93832e-01 
 9.93430e-01 
 9.85240e-01 
 9.81431e-01 
 8.21375e-01 
 4.28958e-02 
 1.28185e-02 
 6.53507e-03 
 6.06661e-03 
 5.75396e-03 
 5.48409e-03 
 5.30560e-03 
 5.24693e-03 
 8.86077e-03 
 5.04069e-03 
 5.08859e-03 
 5.11266e-03 
 5.15354e-03 
 5.44768e-03 
 5.90586e-03 
 6.66343e-03 
 3.09749e-02 
 9.44033e-01 
 9.78552e-01 
 9.71921e-01 
 3.62394e-01 
 4.11146e-02 
 8.56628e-03 
 6.34874e-03 
 6.09953e-03 
 5.87711e-03 
 5.74540e-03 
 5.71309e-03 
 5.62458e-03 
 5.60616e-03 
 5.60344e-03 
 5.61243e-03 
 5.63222e-03 
 5.66228e-03 
 5.68019e-03 
 5.72933e-03 
 5.82007e-03 
 5.84948e-03 
 5.86151e-03 
 5.53963e-03 
 5.55132e-03 
 5.58721e-03 
 5.64475e-03 
 5.72787e-03 
 7.24564e-03 
 6.88108e-03 
 1.17281e-02 
 1.62478e-02 
 2.53379e-02 
 1.79832e-01 
 3.84493e-01 
 4.65493e-01 
 5.39730e-01 
 6.45994e-01 
 6.39839e-01 
 5.62310e-01 
 4.51861e-01 
 3.59746e-01 
 2.74980e-01 
 2.39896e-02 
 1.87822e-02 
 1.20337e-02 
 9.26039e-03 
 6.05424e-03 
 5.68570e-03 
 5.63672e-03 
 5.60810e-03 
 5.59632e-03 
 5.59246e-03 
 5.59465e-03 
 5.60210e-03 
 5.61485e-03 
 5.66246e-03 
 5.65840e-03 
 5.70957e-03 
 5.74434e-03 
 5.74790e-03 
 5.81986e-03 
 5.96984e-03 
 6.06517e-03 
 6.24060e-03 
 7.08980e-03 
 7.62129e-03 
 1.05077e-02 
 6.54812e-02 
 2.00969e-02 
 9.34333e-01 
 9.66194e-01 
 9.76903e-01 
 9.86832e-01 
 9.93746e-01 
 9.94132e-01 
 9.93968e-01 
 9.88185e-01 
 9.85589e-01 
 9.83025e-01 
 9.85227e-01 
 1.44983e-01 
 4.22295e-02 
 2.16983e-02 
 6.39851e-03 
 6.03587e-03 
 5.82304e-03 
 5.52606e-03 
 5.35127e-03 
 5.23776e-03 
 5.16314e-03 
 5.19495e-03 
 5.17923e-03 
 5.18656e-03 
 9.03540e-03 
 5.26508e-03 
 9.46306e-03 
 1.00872e-02 
 5.97124e-03 
 6.63101e-03 
 3.29548e-02 
 9.36779e-01 
 9.78748e-01 
 9.71730e-01 
 3.64254e-01 
 4.18864e-02 
 8.38456e-03 
 6.39085e-03 
 6.10893e-03 
 5.91014e-03 
 5.77399e-03 
 5.68947e-03 
 5.64234e-03 
 5.61810e-03 
 5.60877e-03 
 5.60965e-03 
 5.61887e-03 
 5.63430e-03 
 5.63312e-03 
 5.65862e-03 
 5.70248e-03 
 5.69864e-03 
 5.70397e-03 
 5.54661e-03 
 5.57088e-03 
 5.63346e-03 
 5.74541e-03 
 6.37234e-03 
 9.71934e-03 
 1.25744e-02 
 2.25862e-02 
 2.95565e-02 
 2.08550e-01 
 3.99006e-01 
 4.82802e-01 
 5.69605e-01 
 6.67155e-01 
 6.29844e-01 
 5.42996e-01 
 4.33172e-01 
 3.71204e-01 
 2.99682e-02 
 2.19588e-02 
 1.55644e-02 
 1.14707e-02 
 7.15905e-03 
 5.80090e-03 
 5.67415e-03 
 5.63714e-03 
 5.62545e-03 
 5.61336e-03 
 5.61635e-03 
 5.62725e-03 
 5.64533e-03 
 5.66785e-03 
 5.69539e-03 
 5.70826e-03 
 5.75448e-03 
 5.81609e-03 
 5.92804e-03 
 6.05925e-03 
 6.24454e-03 
 6.48080e-03 
 6.78422e-03 
 7.16859e-03 
 7.70425e-03 
 8.65581e-02 
 6.56774e-01 
 9.54696e-01 
 9.72336e-01 
 9.79358e-01 
 9.91530e-01 
 9.94084e-01 
 9.94119e-01 
 9.93889e-01 
 9.93456e-01 
 9.92823e-01 
 9.81390e-01 
 9.90951e-01 
 7.85817e-02 
 3.86204e-02 
 1.39043e-02 
 6.42096e-03 
 6.03557e-03 
 5.82138e-03 
 5.53514e-03 
 5.37422e-03 
 5.26889e-03 
 5.20005e-03 
 5.16274e-03 
 5.22752e-03 
 5.23211e-03 
 5.25040e-03 
 5.27963e-03 
 5.24033e-03 
 5.37788e-03 
 5.40366e-03 
 5.59344e-03 
 5.92691e-03 
 1.30868e-02 
 3.06878e-02 
 9.31662e-01 
 9.78798e-01 
 9.72029e-01 
 3.85119e-01 
 4.21503e-02 
 7.81104e-03 
 6.40945e-03 
 6.13703e-03 
 5.93879e-03 
 5.79898e-03 
 5.70993e-03 
 5.65788e-03 
 5.62833e-03 
 5.61296e-03 
 5.60644e-03 
 5.60722e-03 
 5.61197e-03 
 5.59741e-03 
 5.60807e-03 
 5.61720e-03 
 5.62261e-03 
 5.62369e-03 
 5.57225e-03 
 5.61852e-03 
 5.69289e-03 
 6.09326e-03 
 9.55744e-03 
 1.44393e-02 
 1.98541e-02 
 6.63902e-02 
 3.17192e-01 
 4.09985e-01 
 4.98117e-01 
 5.89886e-01 
 6.84238e-01 
 6.33741e-01 
 5.22341e-01 
 4.20558e-01 
 3.85925e-01 
 2.67798e-02 
 2.05885e-02 
 1.50002e-02 
 9.53665e-03 
 6.30778e-03 
 5.78681e-03 
 5.66712e-03 
 5.64912e-03 
 5.63338e-03 
 5.63705e-03 
 5.64977e-03 
 5.67046e-03 
 5.69987e-03 
 5.73812e-03 
 5.78503e-03 
 5.84372e-03 
 5.91830e-03 
 6.01372e-03 
 6.14236e-03 
 6.33146e-03 
 6.62813e-03 
 7.06568e-03 
 7.62789e-03 
 8.31718e-03 
 4.32324e-02 
 9.21729e-01 
 9.61422e-01 
 9.75501e-01 
 9.91312e-01 
 9.93911e-01 
 9.94093e-01 
 9.94073e-01 
 9.93868e-01 
 9.93430e-01 
 9.92779e-01 
 9.91710e-01 
 9.73752e-01 
 5.01660e-02 
 3.12888e-02 
 1.22811e-02 
 7.60058e-03 
 6.03372e-03 
 5.83815e-03 
 5.58230e-03 
 5.39951e-03 
 5.32967e-03 
 5.26127e-03 
 5.19076e-03 
 5.17519e-03 
 5.17611e-03 
 5.22025e-03 
 5.24007e-03 
 5.23353e-03 
 5.26703e-03 
 5.30987e-03 
 5.36975e-03 
 5.46687e-03 
 5.71564e-03 
 6.00718e-03 
 1.29809e-02 
 2.91343e-02 
 9.25184e-01 
 9.78969e-01 
 9.74755e-01 
 3.90949e-01 
 3.18464e-02 
 8.55846e-03 
 6.38155e-03 
 6.13806e-03 
 5.96472e-03 
 5.81959e-03 
 5.72704e-03 
 5.67089e-03 
 5.63662e-03 
 5.61593e-03 
 5.60328e-03 
 5.59696e-03 
 5.59395e-03 
 5.56956e-03 
 5.57038e-03 
 5.57047e-03 
 5.56928e-03 
 5.56796e-03 
 5.43993e-03 
 5.54188e-03 
 5.79690e-03 
 1.12954e-02 
 1.64010e-02 
 2.52269e-02 
 1.36874e-01 
 3.47127e-01 
 4.23051e-01 
 5.05704e-01 
 6.04449e-01 
 6.94185e-01 
 6.32986e-01 
 5.17576e-01 
 4.10302e-01 
 3.75759e-01 
 2.37646e-02 
 1.90206e-02 
 1.25884e-02 
 8.91502e-03 
 6.39271e-03 
 5.78310e-03 
 5.81671e-03 
 5.66835e-03 
 5.66100e-03 
 5.67357e-03 
 5.69916e-03 
 5.73317e-03 
 5.77824e-03 
 5.83703e-03 
 5.91367e-03 
 6.01102e-03 
 6.13763e-03 
 6.30018e-03 
 6.50389e-03 
 6.77856e-03 
 7.17084e-03 
 7.79679e-03 
 3.42062e-02 
 1.18966e-01 
 9.59975e-01 
 9.74434e-01 
 9.85024e-01 
 9.93707e-01 
 9.93921e-01 
 9.93943e-01 
 9.93838e-01 
 9.93536e-01 
 9.93127e-01 
 9.92454e-01 
 9.15221e-01 
 2.07656e-01 
 4.53476e-02 
 2.78212e-02 
 6.54967e-03 
 6.17256e-03 
 5.94252e-03 
 5.75767e-03 
 5.55895e-03 
 5.51886e-03 
 5.36508e-03 
 5.26300e-03 
 5.22191e-03 
 5.20189e-03 
 5.19767e-03 
 5.20420e-03 
 5.30729e-03 
 5.23483e-03 
 9.74639e-03 
 5.31829e-03 
 9.96595e-03 
 5.39292e-03 
 5.45038e-03 
 5.50683e-03 
 5.74393e-03 
 6.00479e-03 
 1.28692e-02 
 2.81225e-02 
 9.01066e-01 
 9.79270e-01 
 9.75439e-01 
 4.44784e-01 
 3.16111e-02 
 8.23057e-03 
 6.40438e-03 
 6.17680e-03 
 5.98505e-03 
 5.83741e-03 
 5.74132e-03 
 5.68140e-03 
 5.64306e-03 
 5.61781e-03 
 5.60076e-03 
 5.58765e-03 
 5.57860e-03 
 5.54726e-03 
 5.54102e-03 
 5.53492e-03 
 5.52936e-03 
 5.52646e-03 
 5.35581e-03 
 5.53139e-03 
 6.40410e-03 
 1.74155e-02 
 5.15723e-02 
 2.30772e-01 
 3.31508e-01 
 4.24447e-01 
 5.13723e-01 
 6.12975e-01 
 6.98790e-01 
 5.95974e-01 
 5.07762e-01 
 4.53832e-01 
 3.16655e-02 
 2.21234e-02 
 1.70074e-02 
 1.18349e-02 
 7.93193e-03 
 7.27146e-03 
 6.88022e-03 
 5.91235e-03 
 5.69742e-03 
 5.71458e-03 
 5.74319e-03 
 5.78108e-03 
 5.83187e-03 
 5.89739e-03 
 5.98359e-03 
 6.10217e-03 
 6.26037e-03 
 6.46423e-03 
 6.74543e-03 
 7.12621e-03 
 9.10623e-03 
 8.77287e-03 
 3.05787e-01 
 9.18732e-01 
 9.77074e-01 
 9.86248e-01 
 9.92752e-01 
 9.94067e-01 
 9.94130e-01 
 9.94034e-01 
 9.93765e-01 
 9.93272e-01 
 9.92699e-01 
 9.91885e-01 
 9.83414e-01 
 7.78277e-02 
 3.99002e-02 
 1.77960e-02 
 6.51633e-03 
 6.11500e-03 
 5.85884e-03 
 5.77301e-03 
 5.63631e-03 
 5.43972e-03 
 5.39365e-03 
 5.38808e-03 
 5.25765e-03 
 5.23349e-03 
 5.22347e-03 
 5.22356e-03 
 5.23064e-03 
 5.27778e-03 
 5.29319e-03 
 5.31108e-03 
 5.33197e-03 
 5.35748e-03 
 5.38846e-03 
 5.42786e-03 
 5.48288e-03 
 5.56857e-03 
 5.67449e-03 
 5.99877e-03 
 1.27624e-02 
 2.68827e-02 
 8.84650e-01 
 9.79486e-01 
 9.76161e-01 
 4.12931e-01 
 3.04631e-02 
 7.94445e-03 
 6.40861e-03 
 6.16923e-03 
 6.00022e-03 
 5.85213e-03 
 5.75273e-03 
 5.68961e-03 
 5.64751e-03 
 5.61888e-03 
 5.59761e-03 
 5.55393e-03 
 5.56634e-03 
 5.52900e-03 
 5.51727e-03 
 5.50657e-03 
 5.49787e-03 
 5.49382e-03 
 5.43712e-03 
 5.72298e-03 
 1.06609e-02 
 4.99158e-02 
 2.34135e-01 
 3.46403e-01 
 3.98363e-01 
 4.83906e-01 
 6.13245e-01 
 6.44379e-01 
 5.98992e-01 
 5.02459e-01 
 4.63200e-01 
 2.84372e-02 
 2.08254e-02 
 1.64828e-02 
 1.04136e-02 
 7.85076e-03 
 7.27505e-03 
 6.54781e-03 
 5.97735e-03 
 5.77286e-03 
 5.81791e-03 
 5.87286e-03 
 5.93547e-03 
 6.00857e-03 
 6.10414e-03 
 6.23054e-03 
 6.39685e-03 
 6.64416e-03 
 7.00339e-03 
 7.44979e-03 
 8.08152e-03 
 2.25458e-02 
 4.12866e-01 
 9.62791e-01 
 9.81684e-01 
 9.92741e-01 
 9.93709e-01 
 9.94056e-01 
 9.94183e-01 
 9.94037e-01 
 9.93722e-01 
 9.93247e-01 
 9.92457e-01 
 9.89448e-01 
 8.74824e-01 
 4.82663e-02 
 2.89369e-02 
 6.82366e-03 
 6.46092e-03 
 6.12841e-03 
 5.86259e-03 
 5.68098e-03 
 5.58239e-03 
 5.54216e-03 
 5.41362e-03 
 5.41964e-03 
 5.29158e-03 
 5.26795e-03 
 5.25385e-03 
 5.24779e-03 
 5.28394e-03 
 5.28946e-03 
 5.29856e-03 
 5.31050e-03 
 5.32492e-03 
 5.34189e-03 
 5.36189e-03 
 5.38595e-03 
 5.41522e-03 
 5.45275e-03 
 5.50565e-03 
 5.58763e-03 
 5.71872e-03 
 5.91018e-03 
 6.44374e-03 
 2.04874e-02 
 8.94580e-01 
 9.79446e-01 
 9.76443e-01 
 4.17268e-01 
 3.01466e-02 
 7.46622e-03 
 6.38809e-03 
 6.20092e-03 
 6.01294e-03 
 5.86360e-03 
 5.76151e-03 
 5.69566e-03 
 5.65107e-03 
 5.61971e-03 
 5.59488e-03 
 5.54722e-03 
 5.55492e-03 
 1.18633e-02 
 5.49730e-03 
 5.48316e-03 
 5.47215e-03 
 5.46722e-03 
 5.91486e-03 
 6.52710e-03 
 2.46575e-02 
 2.67119e-01 
 2.57651e-01 
 2.73878e-01 
 3.76694e-01 
 4.80630e-01 
 6.27589e-01 
 5.99821e-01 
 5.29082e-01 
 3.40139e-01 
 2.81171e-02 
 1.99430e-02 
 1.41726e-02 
 9.90388e-03 
 7.59035e-03 
 6.96132e-03 
 6.63685e-03 
 5.86246e-03 
 5.92016e-03 
 6.00057e-03 
 6.10201e-03 
 6.21948e-03 
 6.34219e-03 
 6.47903e-03 
 6.66958e-03 
 6.94696e-03 
 7.73314e-03 
 7.80766e-03 
 1.68168e-02 
 7.80383e-02 
 9.47315e-01 
 9.74132e-01 
 9.90325e-01 
 9.93757e-01 
 9.93942e-01 
 9.94082e-01 
 9.94081e-01 
 9.93890e-01 
 9.93498e-01 
 9.92902e-01 
 9.91798e-01 
 9.81877e-01 
 1.04830e-01 
 3.51054e-02 
 8.45685e-03 
 6.52697e-03 
 6.22083e-03 
 6.03281e-03 
 5.86283e-03 
 5.72245e-03 
 5.56952e-03 
 5.51344e-03 
 5.44350e-03 
 5.35761e-03 
 5.32354e-03 
 5.33696e-03 
 5.32209e-03 
 5.31285e-03 
 5.30800e-03 
 5.30703e-03 
 5.30952e-03 
 5.31503e-03 
 5.32323e-03 
 5.33399e-03 
 5.34736e-03 
 5.36351e-03 
 5.38282e-03 
 5.40593e-03 
 5.43406e-03 
 5.47033e-03 
 5.52174e-03 
 5.60073e-03 
 5.72485e-03 
 5.90282e-03 
 6.41869e-03 
 2.07539e-02 
 8.78141e-01 
 9.79480e-01 
 9.76688e-01 
 5.31093e-01 
 2.85720e-02 
 7.35065e-03 
 6.42510e-03 
 6.24025e-03 
 6.02210e-03 
 5.87182e-03 
 5.76795e-03 
 5.70019e-03 
 5.65366e-03 
 5.62023e-03 
 5.59286e-03 
 5.56811e-03 
 5.57837e-03 
 5.49881e-03 
 5.47989e-03 
 5.46342e-03 
 5.45077e-03 
 5.44517e-03 
 7.28272e-03 
 3.39626e-02 
 7.09914e-01 
 9.59102e-01 
 1.12136e-01 
 4.14539e-02 
 1.66729e-01 
 4.65179e-01 
 5.60043e-01 
 5.57367e-01 
 1.59232e-01 
 3.18240e-02 
 2.15313e-02 
 1.59459e-02 
 1.02421e-02 
 7.52136e-03 
 9.29374e-03 
 7.33146e-03 
 6.64133e-03 
 6.36867e-03 
 6.44228e-03 
 6.56820e-03 
 6.69520e-03 
 7.00407e-03 
 7.18211e-03 
 7.45194e-03 
 7.86084e-03 
 1.83334e-02 
 1.07679e-01 
 9.15682e-01 
 9.77464e-01 
 9.91699e-01 
 9.93650e-01 
 9.93964e-01 
 9.94142e-01 
 9.94153e-01 
 9.94011e-01 
 9.88167e-01 
 9.93315e-01 
 9.92004e-01 
 9.84098e-01 
 9.48318e-01 
 5.64672e-02 
 1.68771e-02 
 6.93391e-03 
 6.48605e-03 
 6.18060e-03 
 5.92781e-03 
 5.77629e-03 
 5.70051e-03 
 5.61213e-03 
 5.53929e-03 
 5.47953e-03 
 5.43221e-03 
 5.39715e-03 
 5.37248e-03 
 5.35545e-03 
 5.34378e-03 
 5.33572e-03 
 5.33033e-03 
 5.32730e-03 
 5.32671e-03 
 5.32867e-03 
 5.33322e-03 
 5.34041e-03 
 5.35029e-03 
 5.36298e-03 
 5.37863e-03 
 5.39745e-03 
 5.41994e-03 
 5.44734e-03 
 5.48279e-03 
 5.53315e-03 
 5.61000e-03 
 5.72872e-03 
 5.89628e-03 
 6.39820e-03 
 2.76162e-02 
 8.62943e-01 
 9.79366e-01 
 9.77165e-01 
 5.33973e-01 
 2.94583e-02 
 7.31305e-03 
 1.19455e-02 
 6.24387e-03 
 6.02900e-03 
 5.87734e-03 
 5.77231e-03 
 5.70323e-03 
 5.65539e-03 
 5.62047e-03 
 5.59103e-03 
 1.19725e-02 
 5.56944e-03 
 5.48630e-03 
 5.48850e-03 
 5.49960e-03 
 5.48413e-03 
 5.47727e-03 
 9.58475e-01 
 9.88509e-01 
 9.90368e-01 
 9.92133e-01 
 9.52907e-01 
 2.45249e-02 
 6.00182e-02 
 5.23884e-01 
 6.29925e-01 
 1.87073e-01 
 4.73674e-02 
 3.29102e-02 
 1.88970e-02 
 1.46899e-02 
 1.13571e-02 
 9.32874e-03 
 8.18073e-03 
 7.64171e-03 
 7.29806e-03 
 7.40033e-03 
 7.48352e-03 
 7.66074e-03 
 8.50252e-03 
 1.44992e-02 
 3.10427e-02 
 2.29590e-01 
 8.99904e-01 
 9.72857e-01 
 9.89856e-01 
 9.93268e-01 
 9.93686e-01 
 9.93996e-01 
 9.94135e-01 
 9.89525e-01 
 9.93911e-01 
 9.93521e-01 
 9.92945e-01 
 9.89469e-01 
 9.69287e-01 
 1.64473e-01 
 3.80174e-02 
 8.10681e-03 
 6.66051e-03 
 6.31584e-03 
 6.08409e-03 
 5.94276e-03 
 5.80093e-03 
 5.69313e-03 
 5.61371e-03 
 5.55301e-03 
 5.50508e-03 
 5.46612e-03 
 5.43454e-03 
 5.40948e-03 
 5.39021e-03 
 5.37578e-03 
 5.36486e-03 
 5.35643e-03 
 5.34987e-03 
 5.34494e-03 
 5.34178e-03 
 5.34067e-03 
 5.34190e-03 
 5.34569e-03 
 5.35221e-03 
 5.36158e-03 
 5.37389e-03 
 5.38924e-03 
 5.40775e-03 
 5.42984e-03 
 5.45676e-03 
 5.49167e-03 
 5.54128e-03 
 5.61649e-03 
 5.73111e-03 
 5.89077e-03 
 6.38198e-03 
 2.44054e-02 
 8.56169e-01 
 9.79404e-01 
 9.77459e-01 
 4.70306e-01 
 2.77460e-02 
 7.25600e-03 
 6.40862e-03 
 6.21230e-03 
 6.03137e-03 
 5.88018e-03 
 5.77477e-03 
 5.70481e-03 
 5.65607e-03 
 5.61936e-03 
 5.58834e-03 
 1.19453e-02 
 5.50212e-03 
 5.47560e-03 
 5.47628e-03 
 5.48623e-03 
 5.46969e-03 
 5.46237e-03 
 9.92570e-01 
 9.93285e-01 
 9.91779e-01 
 9.93825e-01 
 9.95120e-01 
 9.81179e-01 
 9.57463e-01 
 9.52949e-01 
 8.87157e-01 
 6.80851e-01 
 5.65614e-01 
 2.77054e-01 
 2.83515e-01 
 1.10091e-01 
 1.89401e-01 
 2.13751e-01 
 2.37581e-01 
 2.57059e-01 
 2.65316e-01 
 7.94241e-01 
 5.52789e-01 
 8.28197e-01 
 8.90621e-01 
 9.38869e-01 
 9.72755e-01 
 9.86715e-01 
 9.92268e-01 
 9.93230e-01 
 9.93543e-01 
 9.93788e-01 
 9.93897e-01 
 9.93827e-01 
 9.93645e-01 
 9.93205e-01 
 9.90315e-01 
 9.75673e-01 
 7.92196e-01 
 6.30960e-02 
 1.25254e-02 
 7.00230e-03 
 6.64081e-03 
 6.32188e-03 
 6.01516e-03 
 5.95516e-03 
 5.78852e-03 
 5.70040e-03 
 5.62846e-03 
 5.57116e-03 
 5.52698e-03 
 5.49246e-03 
 5.46494e-03 
 5.44236e-03 
 5.42353e-03 
 5.40777e-03 
 5.39467e-03 
 5.38378e-03 
 5.37463e-03 
 5.36685e-03 
 5.36033e-03 
 5.35515e-03 
 5.35160e-03 
 5.35003e-03 
 5.35078e-03 
 5.35413e-03 
 5.36028e-03 
 5.36938e-03 
 5.38149e-03 
 5.39666e-03 
 5.41498e-03 
 5.43681e-03 
 5.46342e-03 
 5.49796e-03 
 5.54703e-03 
 5.62103e-03 
 5.73268e-03 
 5.92039e-03 
 6.36988e-03 
 2.35967e-02 
 8.43878e-01 
 9.79803e-01 
 9.78033e-01 
 4.77582e-01 
 2.81927e-02 
 7.25509e-03 
 6.41034e-03 
 6.21131e-03 
 6.03143e-03 
 5.88118e-03 
 5.77547e-03 
 5.70465e-03 
 5.65565e-03 
 5.61734e-03 
 1.20666e-02 
 5.52472e-03 
 5.49390e-03 
 5.46634e-03 
 5.46615e-03 
 5.44487e-03 
 5.45764e-03 
 5.44990e-03 
 9.92674e-01 
 9.88392e-01 
 9.92432e-01 
 9.94586e-01 
 9.95900e-01 
 9.94643e-01 
 9.93026e-01 
 9.89483e-01 
 9.82903e-01 
 9.74679e-01 
 9.81694e-01 
 9.81982e-01 
 9.88342e-01 
 9.90435e-01 
 9.91852e-01 
 9.92392e-01 
 9.92442e-01 
 9.92519e-01 
 9.92177e-01 
 9.92766e-01 
 9.92538e-01 
 9.92467e-01 
 9.92160e-01 
 9.91865e-01 
 9.92376e-01 
 9.92749e-01 
 9.93077e-01 
 9.93219e-01 
 9.93271e-01 
 9.93201e-01 
 9.92492e-01 
 9.79318e-01 
 9.76548e-01 
 9.39293e-01 
 1.15916e-01 
 2.01539e-02 
 7.48187e-03 
 6.91342e-03 
 6.50114e-03 
 6.23466e-03 
 6.11629e-03 
 5.90694e-03 
 5.79049e-03 
 5.70775e-03 
 5.64458e-03 
 5.59399e-03 
 5.55232e-03 
 5.51857e-03 
 5.49172e-03 
 5.47011e-03 
 5.45223e-03 
 5.43689e-03 
 5.42334e-03 
 5.41120e-03 
 5.40029e-03 
 5.39050e-03 
 5.38172e-03 
 5.37392e-03 
 5.36719e-03 
 5.36176e-03 
 5.35794e-03 
 5.35610e-03 
 5.35660e-03 
 5.35972e-03 
 5.36569e-03 
 5.37464e-03 
 5.38665e-03 
 5.40172e-03 
 5.41991e-03 
 5.44158e-03 
 5.46798e-03 
 5.50229e-03 
 5.55101e-03 
 5.62419e-03 
 5.73391e-03 
 5.91788e-03 
 6.32997e-03 
 2.34298e-02 
 8.39060e-01 
 9.79905e-01 
 9.75218e-01 
 4.83271e-01 
 2.80836e-02 
 7.25331e-03 
 6.40807e-03 
 6.20913e-03 
 6.03028e-03 
 5.88050e-03 
 5.77459e-03 
 5.70328e-03 
 5.65270e-03 
 5.58405e-03 
 1.20378e-02 
 5.51761e-03 
 5.48636e-03 
 5.51661e-03 
 5.45787e-03 
 5.46593e-03 
 5.44741e-03 
 5.43922e-03 
 9.92570e-01 
 9.93566e-01 
 9.92767e-01 
 9.94964e-01 
 9.96273e-01 
 9.95349e-01 
 9.94679e-01 
 9.94204e-01 
 9.93720e-01 
 9.93720e-01 
 9.94017e-01 
 9.94530e-01 
 9.94819e-01 
 9.95002e-01 
 9.95060e-01 
 9.95057e-01 
 9.94990e-01 
 9.94880e-01 
 9.94691e-01 
 9.94420e-01 
 9.94119e-01 
 9.93796e-01 
 9.93312e-01 
 9.92879e-01 
 9.90797e-01 
 9.88775e-01 
 9.86809e-01 
 9.84007e-01 
 9.77333e-01 
 9.54235e-01 
 8.96972e-01 
 1.17907e-01 
 2.79368e-02 
 9.17986e-03 
 7.28152e-03 
 6.86292e-03 
 6.55561e-03 
 6.34948e-03 
 6.07966e-03 
 5.96755e-03 
 5.84955e-03 
 5.75520e-03 
 5.68183e-03 
 5.62612e-03 
 5.58279e-03 
 5.54820e-03 
 5.52013e-03 
 5.49729e-03 
 5.47859e-03 
 5.46290e-03 
 5.44925e-03 
 5.43690e-03 
 5.42542e-03 
 5.41462e-03 
 5.40444e-03 
 5.39493e-03 
 5.38614e-03 
 5.37820e-03 
 5.37130e-03 
 5.36570e-03 
 5.36175e-03 
 5.35978e-03 
 5.36016e-03 
 5.36317e-03 
 5.36905e-03 
 5.37793e-03 
 5.38988e-03 
 5.40489e-03 
 5.42301e-03 
 5.44459e-03 
 5.47087e-03 
 5.50505e-03 
 5.55357e-03 
 5.62633e-03 
 5.73504e-03 
 5.91754e-03 
 6.32623e-03 
 1.04211e-02 
 8.36288e-01 
 9.80025e-01 
 9.75374e-01 
 4.86978e-01 
 2.80501e-02 
 7.24659e-03 
 6.40394e-03 
 6.20581e-03 
 6.02795e-03 
 5.87857e-03 
 5.77277e-03 
 5.70011e-03 
 5.64842e-03 
 5.57769e-03 
 5.54324e-03 
 5.51045e-03 
 5.47983e-03 
 5.51063e-03 
 5.45125e-03 
 5.42826e-03 
 5.43844e-03 
 5.42969e-03 
 9.92532e-01 
 9.93605e-01 
 9.95382e-01 
 9.96453e-01 
 9.96405e-01 
 9.95605e-01 
 9.95038e-01 
 9.94701e-01 
 9.94621e-01 
 9.94681e-01 
 9.95013e-01 
 9.95244e-01 
 9.95413e-01 
 9.95524e-01 
 9.95562e-01 
 9.95540e-01 
 9.95456e-01 
 9.95310e-01 
 9.95101e-01 
 9.94802e-01 
 9.94469e-01 
 9.94041e-01 
 9.93424e-01 
 9.91974e-01 
 9.84456e-01 
 9.68144e-01 
 9.27510e-01 
 7.72415e-01 
 1.13227e-01 
 1.17181e-01 
 1.55497e-02 
 8.13016e-03 
 7.42174e-03 
 7.04352e-03 
 6.72951e-03 
 6.51355e-03 
 6.30408e-03 
 6.13058e-03 
 5.99274e-03 
 5.87835e-03 
 5.78361e-03 
 5.70622e-03 
 5.64509e-03 
 5.59791e-03 
 5.56140e-03 
 5.53274e-03 
 5.50978e-03 
 5.49102e-03 
 5.47532e-03 
 5.46171e-03 
 5.44948e-03 
 5.43809e-03 
 5.42724e-03 
 5.41680e-03 
 5.40678e-03 
 5.39727e-03 
 5.38838e-03 
 5.38031e-03 
 5.37330e-03 
 5.36762e-03 
 5.36359e-03 
 5.36157e-03 
 5.36190e-03 
 5.36485e-03 
 5.37068e-03 
 5.37952e-03 
 5.39145e-03 
 5.40644e-03 
 5.42453e-03 
 5.44608e-03 
 5.47232e-03 
 5.50645e-03 
 5.55492e-03 
 5.62759e-03 
 5.73615e-03 
 5.91826e-03 
 6.32603e-03 
 1.04047e-02 
 8.33590e-01 
 9.80002e-01 
 9.75310e-01 
 4.88160e-01 
 2.81642e-02 
 7.23497e-03 
 6.39797e-03 
 6.20147e-03 
 5.99545e-03 
 5.87553e-03 
 5.77001e-03 
 5.69664e-03 
 5.64394e-03 
 5.60165e-03 
 5.53660e-03 
 5.50434e-03 
 5.47460e-03 
 5.47231e-03 
 5.44621e-03 
 5.42241e-03 
 5.43079e-03 
 9.42691e-03 
 9.92553e-01 
 9.93613e-01 
 9.95388e-01 
 9.96421e-01 
 9.96385e-01 
 9.95583e-01 
 9.95003e-01 
 9.94665e-01 
 9.94634e-01 
 9.94802e-01 
 9.95054e-01 
 9.95281e-01 
 9.95433e-01 
 9.95526e-01 
 9.95560e-01 
 9.95532e-01 
 9.95444e-01 
 9.95288e-01 
 9.95071e-01 
 9.94789e-01 
 9.94448e-01 
 9.94034e-01 
 9.93403e-01 
 9.91419e-01 
 9.85619e-01 
 9.69018e-01 
 9.06575e-01 
 7.32372e-01 
 2.60139e-01 
 3.48077e-02 
 1.50028e-02 
 8.05217e-03 
 7.44017e-03 
 7.48588e-03 
 6.79763e-03 
 6.55015e-03 
 6.34237e-03 
 6.16930e-03 
 6.02521e-03 
 5.90398e-03 
 5.80317e-03 
 5.72150e-03 
 5.65700e-03 
 5.60700e-03 
 5.56827e-03 
 5.53798e-03 
 5.51387e-03 
 5.49427e-03 
 5.47791e-03 
 5.46374e-03 
 5.45105e-03 
 5.43930e-03 
 5.42820e-03 
 5.41758e-03 
 5.40740e-03 
 5.39775e-03 
 5.38874e-03 
 5.38057e-03 
 5.37348e-03 
 5.36776e-03 
 5.36372e-03 
 5.36168e-03 
 5.36198e-03 
 5.36491e-03 
 5.37071e-03 
 5.37954e-03 
 5.39147e-03 
 5.40647e-03 
 5.42460e-03 
 5.44617e-03 
 5.47243e-03 
 5.50659e-03 
 5.55512e-03 
 5.62801e-03 
 5.73716e-03 
 5.92030e-03 
 6.32900e-03 
 1.04008e-02 
 8.30172e-01 
 9.79880e-01 
 9.75185e-01 
 4.86689e-01 
 2.79311e-02 
 7.21927e-03 
 6.39055e-03 
 6.19625e-03 
 5.99155e-03 
 5.87213e-03 
 5.76673e-03 
 5.69308e-03 
 5.63935e-03 
 5.59693e-03 
 5.53157e-03 
 5.49979e-03 
 5.47075e-03 
 5.44401e-03 
 5.44284e-03 
 5.44767e-03 
 9.44216e-03 
 9.39661e-03 
 9.92658e-01 
 9.86877e-01 
 9.95262e-01 
 9.96376e-01 
 9.96241e-01 
 9.95295e-01 
 9.94573e-01 
 9.94042e-01 
 9.93728e-01 
 9.93397e-01 
 9.94256e-01 
 9.94692e-01 
 9.94855e-01 
 9.94977e-01 
 9.95018e-01 
 9.95018e-01 
 9.94941e-01 
 9.94792e-01 
 9.94591e-01 
 9.94331e-01 
 9.94039e-01 
 9.93694e-01 
 9.93347e-01 
 9.91515e-01 
 9.92029e-01 
 9.89296e-01 
 9.86310e-01 
 9.82182e-01 
 9.69275e-01 
 9.43109e-01 
 8.99102e-01 
 3.85029e-01 
 2.30070e-02 
 8.65601e-03 
 7.41045e-03 
 7.04988e-03 
 6.66155e-03 
 6.40430e-03 
 6.20127e-03 
 6.03800e-03 
 7.23820e-03 
 5.80234e-03 
 5.72025e-03 
 5.65590e-03 
 5.60526e-03 
 5.56525e-03 
 5.53348e-03 
 5.50796e-03 
 5.48707e-03 
 5.46952e-03 
 5.45432e-03 
 5.44079e-03 
 5.42846e-03 
 5.41702e-03 
 5.40633e-03 
 5.39634e-03 
 5.38714e-03 
 5.37888e-03 
 5.37178e-03 
 5.36608e-03 
 5.36207e-03 
 5.36007e-03 
 5.36038e-03 
 5.36331e-03 
 5.36911e-03 
 5.37795e-03 
 5.38991e-03 
 5.40498e-03 
 5.42318e-03 
 5.44484e-03 
 5.47119e-03 
 5.50544e-03 
 5.55414e-03 
 5.62749e-03 
 5.73785e-03 
 5.92307e-03 
 6.33464e-03 
 1.04061e-02 
 8.27924e-01 
 9.79965e-01 
 9.74759e-01 
 5.60453e-01 
 2.87215e-02 
 7.20313e-03 
 6.38273e-03 
 6.19053e-03 
 5.98722e-03 
 5.86906e-03 
 5.76303e-03 
 5.68981e-03 
 5.63613e-03 
 5.56313e-03 
 5.52776e-03 
 5.49650e-03 
 5.46817e-03 
 5.44209e-03 
 5.44135e-03 
 5.44623e-03 
 9.43212e-03 
 9.38477e-03 
 9.92802e-01 
 9.93469e-01 
 9.95099e-01 
 9.96156e-01 
 9.95855e-01 
 9.94634e-01 
 9.93177e-01 
 9.86666e-01 
 9.78273e-01 
 9.76781e-01 
 9.78440e-01 
 9.84037e-01 
 9.86099e-01 
 9.89305e-01 
 9.90230e-01 
 9.91022e-01 
 9.91678e-01 
 9.92260e-01 
 9.92255e-01 
 9.91930e-01 
 9.92234e-01 
 9.91529e-01 
 9.90442e-01 
 9.91983e-01 
 9.92401e-01 
 9.92055e-01 
 9.92636e-01 
 9.92864e-01 
 9.93014e-01 
 9.93026e-01 
 9.92382e-01 
 9.84587e-01 
 9.76991e-01 
 9.19892e-01 
 2.64380e-01 
 1.68663e-02 
 7.65347e-03 
 7.04531e-03 
 6.66904e-03 
 6.37910e-03 
 8.63106e-03 
 5.98817e-03 
 7.12595e-03 
 5.76461e-03 
 5.68801e-03 
 5.62704e-03 
 5.57841e-03 
 5.53969e-03 
 5.50852e-03 
 5.48311e-03 
 5.46203e-03 
 5.44423e-03 
 5.42892e-03 
 5.41551e-03 
 5.40357e-03 
 5.39284e-03 
 5.38326e-03 
 5.37485e-03 
 5.36776e-03 
 5.36216e-03 
 5.35829e-03 
 5.35641e-03 
 5.35681e-03 
 5.35980e-03 
 5.36565e-03 
 5.37455e-03 
 5.38659e-03 
 5.40178e-03 
 5.42013e-03 
 5.44195e-03 
 5.46846e-03 
 5.50286e-03 
 5.55179e-03 
 5.62582e-03 
 5.73789e-03 
 5.92640e-03 
 6.34222e-03 
 1.11033e-02 
 8.28033e-01 
 9.79921e-01 
 9.74371e-01 
 5.52222e-01 
 2.85342e-02 
 7.02444e-03 
 6.38382e-03 
 6.21505e-03 
 5.98280e-03 
 5.86524e-03 
 5.72813e-03 
 5.68751e-03 
 5.60204e-03 
 5.55987e-03 
 5.52474e-03 
 5.49413e-03 
 5.46667e-03 
 5.44153e-03 
 5.44176e-03 
 5.44608e-03 
 9.44148e-03 
 9.39558e-03 
 9.92832e-01 
 9.93348e-01 
 9.94722e-01 
 9.95646e-01 
 9.94825e-01 
 9.84581e-01 
 9.69687e-01 
 9.46464e-01 
 8.15066e-01 
 5.43898e-01 
 3.27436e-01 
 1.36176e-01 
 1.50387e-01 
 1.59306e-01 
 1.52051e-01 
 1.62134e-01 
 1.05970e-01 
 1.60244e-01 
 4.92127e-01 
 4.59086e-01 
 6.28062e-01 
 7.45736e-01 
 8.38771e-01 
 9.28373e-01 
 9.56641e-01 
 9.82150e-01 
 9.91225e-01 
 9.92807e-01 
 9.93211e-01 
 9.93486e-01 
 9.93639e-01 
 9.93666e-01 
 9.93551e-01 
 9.93219e-01 
 9.87710e-01 
 9.74032e-01 
 8.52305e-01 
 4.88189e-02 
 1.13763e-02 
 7.20995e-03 
 6.74070e-03 
 1.14010e-02 
 8.69802e-03 
 5.99400e-03 
 5.85967e-03 
 5.75512e-03 
 5.67341e-03 
 5.60884e-03 
 5.55721e-03 
 5.51562e-03 
 5.48200e-03 
 5.45478e-03 
 5.43275e-03 
 5.41474e-03 
 5.39978e-03 
 5.38721e-03 
 5.37662e-03 
 5.36780e-03 
 5.36066e-03 
 5.35525e-03 
 5.35165e-03 
 5.35005e-03 
 5.35069e-03 
 5.35388e-03 
 5.35989e-03 
 5.36895e-03 
 5.38118e-03 
 5.39658e-03 
 5.41517e-03 
 5.43724e-03 
 5.46396e-03 
 5.49857e-03 
 5.54780e-03 
 5.62262e-03 
 5.73692e-03 
 5.92968e-03 
 6.35108e-03 
 1.11332e-02 
 8.31293e-01 
 9.79797e-01 
 9.77930e-01 
 5.24766e-01 
 2.85939e-02 
 7.20538e-03 
 6.38210e-03 
 6.21054e-03 
 5.97876e-03 
 5.82956e-03 
 5.72520e-03 
 7.27768e-03 
 5.59921e-03 
 5.55684e-03 
 5.52215e-03 
 5.49244e-03 
 5.46612e-03 
 5.44225e-03 
 5.47432e-03 
 5.45031e-03 
 9.46675e-03 
 5.37682e-03 
 9.88197e-01 
 9.92495e-01 
 9.93615e-01 
 9.93975e-01 
 9.46763e-01 
 2.93613e-02 
 1.91935e-01 
 5.74424e-01 
 6.18161e-01 
 3.35294e-01 
 5.09293e-02 
 2.58544e-02 
 1.71972e-02 
 1.18255e-02 
 8.68311e-03 
 7.81088e-03 
 7.48271e-03 
 7.33560e-03 
 7.30177e-03 
 7.25731e-03 
 7.29686e-03 
 7.44134e-03 
 7.74364e-03 
 9.62048e-03 
 2.16459e-02 
 1.23226e-01 
 7.25479e-01 
 9.51487e-01 
 9.90171e-01 
 9.92807e-01 
 9.93310e-01 
 9.93632e-01 
 9.93830e-01 
 9.93898e-01 
 9.93820e-01 
 9.93578e-01 
 9.92838e-01 
 9.86983e-01 
 9.68483e-01 
 3.78433e-01 
 2.70533e-02 
 7.79279e-03 
 6.87395e-03 
 6.50425e-03 
 8.93053e-03 
 6.02651e-03 
 5.87452e-03 
 5.75880e-03 
 5.66771e-03 
 5.59409e-03 
 5.53442e-03 
 5.48684e-03 
 5.44962e-03 
 5.42078e-03 
 5.39841e-03 
 5.38103e-03 
 5.36753e-03 
 5.35719e-03 
 5.34953e-03 
 5.34419e-03 
 5.34098e-03 
 5.33988e-03 
 5.34102e-03 
 5.34464e-03 
 5.35104e-03 
 5.36046e-03 
 5.37305e-03 
 5.38884e-03 
 5.40781e-03 
 5.43026e-03 
 5.45730e-03 
 5.49215e-03 
 5.54171e-03 
 5.61755e-03 
 5.73466e-03 
 5.93276e-03 
 6.36100e-03 
 1.12505e-02 
 8.38307e-01 
 9.79738e-01 
 9.77789e-01 
 5.23688e-01 
 2.95396e-02 
 7.23257e-03 
 6.37787e-03 
 6.20816e-03 
 6.00473e-03 
 5.82541e-03 
 5.72076e-03 
 7.28439e-03 
 5.59538e-03 
 5.55345e-03 
 5.51969e-03 
 5.49126e-03 
 5.46642e-03 
 5.44416e-03 
 5.47840e-03 
 5.45675e-03 
 9.50269e-03 
 5.38524e-03 
 1.47014e-02 
 6.17892e-02 
 7.83988e-01 
 9.31826e-01 
 2.19495e-01 
 2.72047e-02 
 9.52977e-02 
 4.76552e-01 
 5.85528e-01 
 5.86770e-01 
 2.76914e-01 
 3.62741e-02 
 2.19354e-02 
 1.31604e-02 
 8.11134e-03 
 6.76090e-03 
 6.44717e-03 
 1.02994e-02 
 1.05955e-02 
 1.08629e-02 
 1.11377e-02 
 6.52534e-03 
 1.49881e-02 
 6.73303e-03 
 6.94833e-03 
 7.19884e-03 
 7.49917e-03 
 1.17412e-02 
 5.84555e-02 
 6.52616e-01 
 9.72252e-01 
 9.91802e-01 
 9.93108e-01 
 9.93563e-01 
 9.93850e-01 
 9.93972e-01 
 9.93960e-01 
 9.93806e-01 
 9.93479e-01 
 9.92325e-01 
 9.85286e-01 
 9.43875e-01 
 9.31690e-02 
 1.74606e-02 
 7.08403e-03 
 6.62698e-03 
 6.30956e-03 
 6.08179e-03 
 5.91096e-03 
 5.77505e-03 
 5.66464e-03 
 5.57581e-03 
 5.50596e-03 
 5.45233e-03 
 5.41184e-03 
 5.38179e-03 
 5.35992e-03 
 5.34455e-03 
 5.33429e-03 
 5.32802e-03 
 5.32487e-03 
 5.32436e-03 
 5.32627e-03 
 5.33068e-03 
 5.33781e-03 
 5.34794e-03 
 5.36121e-03 
 5.37766e-03 
 5.39728e-03 
 5.42030e-03 
 5.44781e-03 
 5.48302e-03 
 5.53301e-03 
 5.61011e-03 
 5.73092e-03 
 5.93597e-03 
 6.37301e-03 
 2.37267e-02 
 8.53323e-01 
 9.79396e-01 
 9.74083e-01 
 5.25281e-01 
 2.97769e-02 
 7.27554e-03 
 6.38498e-03 
 6.21130e-03 
 5.97381e-03 
 5.82080e-03 
 5.71445e-03 
 7.28413e-03 
 5.58990e-03 
 5.54938e-03 
 5.51719e-03 
 5.49050e-03 
 5.46751e-03 
 5.44721e-03 
 5.48376e-03 
 5.46476e-03 
 5.40122e-03 
 5.39556e-03 
 9.41827e-03 
 6.50573e-03 
 2.09212e-02 
 1.09401e-01 
 2.53464e-01 
 3.53533e-01 
 3.71928e-01 
 4.75555e-01 
 5.65457e-01 
 5.85689e-01 
 5.54569e-01 
 4.39174e-01 
 4.06790e-02 
 2.09930e-02 
 1.58396e-02 
 8.40321e-03 
 6.52839e-03 
 9.29541e-03 
 9.54664e-03 
 9.79481e-03 
 1.00387e-02 
 1.02854e-02 
 1.05493e-02 
 6.20554e-03 
 6.36676e-03 
 6.40795e-03 
 6.53755e-03 
 6.71870e-03 
 7.06080e-03 
 7.43736e-03 
 9.55829e-03 
 6.25238e-02 
 8.42939e-01 
 9.68708e-01 
 9.92452e-01 
 9.93372e-01 
 9.93738e-01 
 9.93958e-01 
 9.94043e-01 
 9.93965e-01 
 9.93714e-01 
 9.93252e-01 
 9.91531e-01 
 9.73382e-01 
 3.80172e-01 
 4.13102e-02 
 8.83610e-03 
 6.79364e-03 
 6.43676e-03 
 6.16699e-03 
 5.95542e-03 
 5.78916e-03 
 5.65800e-03 
 5.55490e-03 
 5.47484e-03 
 5.41415e-03 
 5.36987e-03 
 5.33935e-03 
 5.31972e-03 
 5.30838e-03 
 5.30311e-03 
 5.30223e-03 
 5.30470e-03 
 5.31009e-03 
 5.31835e-03 
 5.32964e-03 
 5.34407e-03 
 5.36164e-03 
 5.38230e-03 
 5.40623e-03 
 5.43446e-03 
 5.47025e-03 
 5.52086e-03 
 5.59969e-03 
 5.72545e-03 
 5.93975e-03 
 6.38842e-03 
 2.10136e-02 
 8.58876e-01 
 9.79302e-01 
 9.77107e-01 
 5.62527e-01 
 3.05780e-02 
 7.40323e-03 
 1.03975e-02 
 1.30132e-02 
 6.03543e-03 
 5.81579e-03 
 5.70683e-03 
 5.64338e-03 
 5.58308e-03 
 5.54469e-03 
 5.51466e-03 
 5.49015e-03 
 5.46941e-03 
 5.45138e-03 
 5.49062e-03 
 5.47370e-03 
 5.41192e-03 
 5.40723e-03 
 8.20993e-03 
 8.43246e-03 
 6.91664e-03 
 2.13671e-02 
 2.09491e-01 
 3.86801e-01 
 4.48101e-01 
 4.74939e-01 
 5.35078e-01 
 6.36999e-01 
 5.56289e-01 
 5.27323e-01 
 4.75641e-01 
 1.04943e-01 
 2.23676e-02 
 1.65585e-02 
 9.66443e-03 
 6.52681e-03 
 9.17494e-03 
 9.35320e-03 
 9.54565e-03 
 9.73128e-03 
 9.91276e-03 
 1.12329e-02 
 6.01478e-03 
 6.12179e-03 
 6.11274e-03 
 1.22816e-02 
 6.37408e-03 
 1.32837e-02 
 1.40693e-02 
 6.99700e-03 
 7.51487e-03 
 1.11060e-02 
 1.61381e-01 
 9.13989e-01 
 9.79146e-01 
 9.92956e-01 
 9.93400e-01 
 9.93920e-01 
 9.94089e-01 
 9.94110e-01 
 9.93954e-01 
 9.93578e-01 
 9.92900e-01 
 9.60992e-01 
 9.51256e-01 
 8.39682e-02 
 2.75671e-02 
 7.10847e-03 
 6.57497e-03 
 6.24406e-03 
 5.99666e-03 
 5.80688e-03 
 5.65604e-03 
 5.53558e-03 
 6.24990e-03 
 5.37334e-03 
 5.32647e-03 
 5.29741e-03 
 5.28182e-03 
 5.27573e-03 
 5.27619e-03 
 5.28140e-03 
 5.29053e-03 
 5.30320e-03 
 5.31926e-03 
 5.33853e-03 
 5.36081e-03 
 5.38619e-03 
 5.41561e-03 
 5.45234e-03 
 5.50400e-03 
 5.58525e-03 
 5.71782e-03 
 5.94434e-03 
 6.40852e-03 
 2.53480e-02 
 8.73276e-01 
 9.79367e-01 
 9.76978e-01 
 4.35213e-01 
 3.14661e-02 
 7.48011e-03 
 6.40332e-03 
 1.30594e-02 
 6.02843e-03 
 5.80957e-03 
 5.69860e-03 
 5.62558e-03 
 5.57579e-03 
 5.53972e-03 
 5.51219e-03 
 5.49025e-03 
 5.47215e-03 
 5.51441e-03 
 5.49817e-03 
 9.66841e-03 
 5.42409e-03 
 5.42027e-03 
 7.91107e-03 
 8.08309e-03 
 8.33155e-03 
 1.18003e-02 
 2.90389e-02 
 1.21395e-01 
 4.07329e-01 
 4.45731e-01 
 4.79486e-01 
 5.92383e-01 
 6.28408e-01 
 6.03784e-01 
 5.07965e-01 
 4.61169e-01 
 1.46913e-01 
 2.49575e-02 
 1.77129e-02 
 1.01613e-02 
 6.57992e-03 
 9.23256e-03 
 9.36243e-03 
 9.49798e-03 
 9.62218e-03 
 9.73759e-03 
 1.08846e-02 
 5.90236e-03 
 5.98481e-03 
 6.02261e-03 
 1.15969e-02 
 1.18647e-02 
 6.23997e-03 
 6.29511e-03 
 6.47921e-03 
 1.42924e-02 
 1.55668e-02 
 7.71098e-03 
 1.43639e-02 
 6.18249e-01 
 9.46486e-01 
 9.86378e-01 
 9.92456e-01 
 9.93833e-01 
 9.94109e-01 
 9.94220e-01 
 9.94064e-01 
 9.93738e-01 
 9.93236e-01 
 9.92313e-01 
 9.85936e-01 
 2.60088e-01 
 4.48988e-02 
 1.08074e-02 
 6.70725e-03 
 6.33503e-03 
 6.05505e-03 
 5.83332e-03 
 5.65576e-03 
 5.51555e-03 
 5.40964e-03 
 5.33515e-03 
 5.28739e-03 
 5.26046e-03 
 5.24873e-03 
 5.24756e-03 
 5.25408e-03 
 5.26653e-03 
 5.28381e-03 
 5.30506e-03 
 5.32960e-03 
 5.35714e-03 
 5.38849e-03 
 5.42680e-03 
 5.48008e-03 
 5.56504e-03 
 5.70707e-03 
 5.95031e-03 
 6.43458e-03 
 2.64587e-02 
 8.85669e-01 
 9.79253e-01 
 9.76531e-01 
 4.33315e-01 
 3.23884e-02 
 7.71699e-03 
 1.02833e-02 
 1.30747e-02 
 1.11039e-02 
 5.80074e-03 
 5.68941e-03 
 5.61668e-03 
 5.56839e-03 
 5.53464e-03 
 5.50983e-03 
 5.49083e-03 
 5.47581e-03 
 5.52046e-03 
 5.50732e-03 
 9.70226e-03 
 5.43814e-03 
 5.48573e-03 
 8.09768e-03 
 8.20415e-03 
 8.40423e-03 
 6.73158e-03 
 1.21378e-02 
 2.86457e-02 
 6.63918e-02 
 3.08738e-01 
 4.33177e-01 
 5.09275e-01 
 5.73380e-01 
 6.20865e-01 
 6.14876e-01 
 4.94832e-01 
 4.52043e-01 
 3.92843e-01 
 3.21716e-02 
 1.88638e-02 
 1.36849e-02 
 7.20639e-03 
 9.30769e-03 
 9.39830e-03 
 9.49071e-03 
 9.57081e-03 
 9.64241e-03 
 1.06461e-02 
 5.88595e-03 
 5.90327e-03 
 5.87115e-03 
 5.96701e-03 
 6.01286e-03 
 6.07166e-03 
 6.08125e-03 
 6.18546e-03 
 6.33439e-03 
 6.54170e-03 
 6.90873e-03 
 1.59751e-02 
 7.93647e-03 
 2.22390e-02 
 9.11039e-01 
 9.73829e-01 
 9.90108e-01 
 9.93422e-01 
 9.93979e-01 
 9.94116e-01 
 9.94064e-01 
 9.93882e-01 
 9.93533e-01 
 9.92901e-01 
 9.90454e-01 
 7.65962e-01 
 7.15631e-02 
 2.01550e-02 
 6.92901e-03 
 6.44475e-03 
 6.11209e-03 
 5.85547e-03 
 5.65641e-03 
 5.50215e-03 
 5.38640e-03 
 5.30566e-03 
 5.25479e-03 
 5.22765e-03 
 5.21837e-03 
 5.22249e-03 
 5.23658e-03 
 5.25784e-03 
 5.28431e-03 
 5.31451e-03 
 5.34862e-03 
 5.38943e-03 
 5.44552e-03 
 5.53601e-03 
 5.69140e-03 
 5.95677e-03 
 6.43841e-03 
 2.68160e-02 
 8.96644e-01 
 9.79295e-01 
 9.76035e-01 
 4.30232e-01 
 3.26724e-02 
 7.63288e-03 
 6.41354e-03 
 1.01753e-02 
 5.99728e-03 
 1.08372e-02 
 5.74719e-03 
 5.67710e-03 
 5.56057e-03 
 5.52936e-03 
 5.50752e-03 
 5.49186e-03 
 5.48041e-03 
 5.52779e-03 
 9.78304e-03 
 5.45876e-03 
 5.45415e-03 
 5.50323e-03 
 8.44244e-03 
 8.49870e-03 
 8.62450e-03 
 8.76693e-03 
 6.90019e-03 
 1.18392e-02 
 1.72979e-02 
 3.34079e-02 
 2.47688e-01 
 4.15682e-01 
 5.03540e-01 
 5.64522e-01 
 6.13045e-01 
 6.11074e-01 
 5.54350e-01 
 4.44934e-01 
 3.76537e-01 
 6.81583e-02 
 2.01948e-02 
 1.40174e-02 
 7.31190e-03 
 9.35419e-03 
 9.41724e-03 
 9.48489e-03 
 9.53923e-03 
 9.58539e-03 
 9.62879e-03 
 5.83903e-03 
 5.84708e-03 
 5.86350e-03 
 5.88924e-03 
 5.92108e-03 
 5.95897e-03 
 6.00638e-03 
 6.06788e-03 
 6.15121e-03 
 6.26980e-03 
 6.37789e-03 
 6.70979e-03 
 7.09622e-03 
 1.68626e-02 
 9.81342e-03 
 4.03734e-02 
 9.53795e-01 
 9.86110e-01 
 9.92834e-01 
 9.93730e-01 
 9.94029e-01 
 9.94123e-01 
 9.94014e-01 
 9.93724e-01 
 9.93219e-01 
 9.92464e-01 
 9.87280e-01 
 1.32380e-01 
 3.69151e-02 
 9.22167e-03 
 6.53417e-03 
 6.16648e-03 
 5.89028e-03 
 5.67371e-03 
 5.50180e-03 
 5.37071e-03 
 5.27841e-03 
 5.22075e-03 
 5.19232e-03 
 5.18699e-03 
 5.19860e-03 
 5.22188e-03 
 5.25285e-03 
 5.28956e-03 
 5.33356e-03 
 5.39380e-03 
 5.49239e-03 
 5.66647e-03 
 5.96304e-03 
 6.47815e-03 
 2.79150e-02 
 9.06305e-01 
 9.78865e-01 
 9.75418e-01 
 4.69865e-01 
 3.30615e-02 
 8.03579e-03 
 6.41140e-03 
 1.00541e-02 
 5.92180e-03 
 1.07355e-02 
 5.72827e-03 
 5.66395e-03 
 5.55195e-03 
 5.52366e-03 
 5.50516e-03 
 5.49320e-03 
 5.54408e-03 
 9.85420e-03 
 9.81770e-03 
 5.47456e-03 
 5.47210e-03 
 5.52293e-03 
 8.74643e-03 
 8.77523e-03 
 8.84485e-03 
 8.92210e-03 
 8.97843e-03 
 6.21016e-03 
 1.03354e-02 
 1.55770e-02 
 2.72938e-02 
 2.01057e-01 
 3.94310e-01 
 4.92628e-01 
 5.64970e-01 
 6.02912e-01 
 6.04712e-01 
 5.68864e-01 
 4.39290e-01 
 3.77428e-01 
 1.95849e-01 
 2.26028e-02 
 1.51988e-02 
 8.59269e-03 
 6.22996e-03 
 9.42554e-03 
 9.47530e-03 
 9.51350e-03 
 9.54270e-03 
 9.56684e-03 
 5.80733e-03 
 5.80436e-03 
 5.81043e-03 
 5.82321e-03 
 5.84288e-03 
 5.86745e-03 
 5.89699e-03 
 5.93326e-03 
 5.98121e-03 
 6.05111e-03 
 6.15703e-03 
 6.31662e-03 
 6.55230e-03 
 6.89983e-03 
 7.39467e-03 
 8.03873e-03 
 1.52567e-02 
 8.97776e-01 
 9.61359e-01 
 9.88699e-01 
 9.93589e-01 
 9.93982e-01 
 9.94132e-01 
 9.94109e-01 
 9.93911e-01 
 9.93515e-01 
 9.92860e-01 
 9.91584e-01 
 4.81736e-01 
 5.31183e-02 
 2.27202e-02 
 6.66081e-03 
 6.25900e-03 
 5.94668e-03 
 5.69586e-03 
 5.49633e-03 
 5.34476e-03 
 5.23928e-03 
 5.17650e-03 
 5.14959e-03 
 5.15053e-03 
 5.17096e-03 
 5.20469e-03 
 5.25009e-03 
 5.31503e-03 
 5.42458e-03 
 5.62470e-03 
 5.96394e-03 
 6.55014e-03 
 2.98503e-02 
 9.15777e-01 
 9.78692e-01 
 9.74604e-01 
 4.30989e-01 
 3.33807e-02 
 8.23520e-03 
 6.41680e-03 
 9.91683e-03 
 5.94539e-03 
 5.74565e-03 
 1.04061e-02 
 5.64690e-03 
 5.60903e-03 
 5.51736e-03 
 5.50263e-03 
 5.49473e-03 
 5.54941e-03 
 9.88230e-03 
 9.86247e-03 
 5.49206e-03 
 5.49206e-03 
 5.54487e-03 
 8.95730e-03 
 8.97226e-03 
 9.00922e-03 
 9.05243e-03 
 9.08065e-03 
 5.79643e-03 
 6.63540e-03 
 9.03733e-03 
 1.30329e-02 
 2.38381e-02 
 1.68609e-01 
 3.81035e-01 
 4.80100e-01 
 5.50564e-01 
 5.90307e-01 
 6.69151e-01 
 5.69489e-01 
 4.34617e-01 
 3.85023e-01 
 3.06948e-01 
 2.72182e-02 
 1.73151e-02 
 1.23866e-02 
 6.48748e-03 
 9.41970e-03 
 9.45716e-03 
 9.48326e-03 
 1.06286e-02 
 1.04046e-02 
 5.78107e-03 
 5.76811e-03 
 5.76405e-03 
 5.76770e-03 
 5.77474e-03 
 5.78662e-03 
 5.80198e-03 
 5.82135e-03 
 5.84748e-03 
 5.88585e-03 
 1.08800e-02 
 6.43217e-03 
 1.16744e-02 
 1.23618e-02 
 1.32703e-02 
 1.44452e-02 
 1.60489e-02 
 8.47072e-03 
 4.55132e-01 
 9.46315e-01 
 9.72780e-01 
 9.90507e-01 
 9.93915e-01 
 9.94114e-01 
 9.94227e-01 
 9.94065e-01 
 9.93673e-01 
 9.93040e-01 
 9.92162e-01 
 9.85069e-01 
 7.31165e-02 
 2.92408e-02 
 6.81020e-03 
 6.35072e-03 
 5.97732e-03 
 5.68626e-03 
 5.46249e-03 
 5.29594e-03 
 5.18099e-03 
 5.11466e-03 
 5.09020e-03 
 5.09853e-03 
 5.13236e-03 
 5.19644e-03 
 5.31962e-03 
 5.55281e-03 
 5.95081e-03 
 6.59708e-03 
 3.12827e-02 
 9.23949e-01 
 9.78108e-01 
 9.73611e-01 
 4.13165e-01 
 3.32731e-02 
 8.40359e-03 
 6.45924e-03 
 9.75498e-03 
 9.62553e-03 
 5.77366e-03 
 1.03052e-02 
 5.62919e-03 
 5.59617e-03 
 5.57341e-03 
 5.56189e-03 
 5.55681e-03 
 5.55628e-03 
 9.91773e-03 
 5.53993e-03 
 5.56914e-03 
 5.51429e-03 
 5.51545e-03 
 9.09018e-03 
 9.09821e-03 
 9.11824e-03 
 9.14301e-03 
 9.16001e-03 
 9.15539e-03 
 5.74422e-03 
 6.18922e-03 
 8.14302e-03 
 1.19876e-02 
 2.19366e-02 
 4.22449e-02 
 3.66492e-01 
 4.41932e-01 
 5.25632e-01 
 5.75316e-01 
 6.59452e-01 
 5.68640e-01 
 4.31116e-01 
 3.92510e-01 
 3.16005e-01 
 9.14607e-02 
 1.93451e-02 
 1.34467e-02 
 6.99282e-03 
 6.12153e-03 
 9.42939e-03 
 9.44346e-03 
 9.44524e-03 
 5.79595e-03 
 5.75937e-03 
 5.73785e-03 
 5.72472e-03 
 5.71772e-03 
 5.71495e-03 
 5.71499e-03 
 5.71702e-03 
 5.72256e-03 
 5.73009e-03 
 5.74497e-03 
 6.18259e-03 
 5.81401e-03 
 6.30518e-03 
 1.09670e-02 
 6.57876e-03 
 6.84285e-03 
 1.33700e-02 
 7.19046e-03 
 1.68001e-02 
 5.86486e-02 
 9.19450e-01 
 9.72653e-01 
 9.87550e-01 
 9.91871e-01 
 9.94106e-01 
 9.94182e-01 
 9.94051e-01 
 9.93734e-01 
 9.93261e-01 
 9.84108e-01 
 9.63791e-01 
 1.50229e-01 
 4.13495e-02 
 1.11651e-02 
 6.35784e-03 
 5.94538e-03 
 5.63754e-03 
 5.39772e-03 
 5.21375e-03 
 5.08508e-03 
 5.01314e-03 
 4.99508e-03 
 5.03488e-03 
 5.15841e-03 
 5.43033e-03 
 5.90847e-03 
 6.61417e-03 
 3.74301e-02 
 9.30603e-01 
 9.77589e-01 
 9.72974e-01 
 4.13319e-01 
 3.19386e-02 
 9.01997e-03 
 6.46424e-03 
 9.56210e-03 
 9.45872e-03 
 5.69706e-03 
 5.60477e-03 
 1.00897e-02 
 5.55104e-03 
 5.53465e-03 
 5.55718e-03 
 5.55774e-03 
 9.94423e-03 
 5.54729e-03 
 5.58308e-03 
 5.53310e-03 
 5.53949e-03 
 5.59622e-03 
 9.17352e-03 
 9.17806e-03 
 9.18950e-03 
 9.20417e-03 
 9.21509e-03 
 9.21390e-03 
 9.19097e-03 
 5.70041e-03 
 6.09097e-03 
 7.93815e-03 
 1.13032e-02 
 2.06415e-02 
 3.59825e-02 
 3.49665e-01 
 4.27166e-01 
 5.09323e-01 
 6.11872e-01 
 6.46947e-01 
 6.33704e-01 
 4.26998e-01 
 3.93496e-01 
 2.86659e-01 
 1.36200e-01 
 2.19333e-02 
 1.59320e-02 
 1.09684e-02 
 6.23197e-03 
 9.38617e-03 
 9.38362e-03 
 9.37419e-03 
 9.35662e-03 
 5.74211e-03 
 5.71040e-03 
 5.68921e-03 
 5.67372e-03 
 5.66158e-03 
 5.65218e-03 
 5.64249e-03 
 5.63310e-03 
 5.62538e-03 
 5.61865e-03 
 5.61731e-03 
 8.78115e-03 
 6.37481e-03 
 8.98923e-03 
 5.81089e-03 
 6.41017e-03 
 6.25786e-03 
 1.25642e-02 
 1.39401e-02 
 7.57336e-03 
 9.77421e-03 
 4.17970e-01 
 9.61784e-01 
 9.83296e-01 
 9.90640e-01 
 9.93490e-01 
 9.94114e-01 
 9.94139e-01 
 9.94004e-01 
 9.93666e-01 
 9.85600e-01 
 9.91969e-01 
 3.02861e-01 
 4.24226e-02 
 1.49021e-02 
 6.31270e-03 
 5.88656e-03 
 5.54855e-03 
 5.27068e-03 
 5.05375e-03 
 4.90938e-03 
 4.85911e-03 
 9.45864e-03 
 5.25861e-03 
 5.80356e-03 
 7.52621e-03 
 3.96825e-02 
 9.38570e-01 
 9.77305e-01 
 9.73265e-01 
 4.12968e-01 
 3.22822e-02 
 1.58160e-02 
 6.63627e-03 
 9.34304e-03 
 9.26923e-03 
 9.20080e-03 
 5.63243e-03 
 5.56343e-03 
 5.53608e-03 
 5.52467e-03 
 9.91988e-03 
 9.93207e-03 
 5.56976e-03 
 5.58475e-03 
 5.60023e-03 
 5.55886e-03 
 5.56883e-03 
 5.62764e-03 
 9.22903e-03 
 9.23180e-03 
 9.23876e-03 
 9.24763e-03 
 9.25432e-03 
 9.25408e-03 
 9.24094e-03 
 9.20567e-03 
 5.67722e-03 
 6.01408e-03 
 7.71809e-03 
 1.10073e-02 
 1.94802e-02 
 2.76241e-02 
 3.46371e-01 
 4.11895e-01 
 4.91112e-01 
 5.87334e-01 
 6.34468e-01 
 6.35046e-01 
 4.47703e-01 
 3.93301e-01 
 3.16228e-01 
 2.66762e-01 
 3.98059e-02 
 1.75154e-02 
 1.25961e-02 
 7.04939e-03 
 6.10066e-03 
 9.30614e-03 
 9.28193e-03 
 9.25461e-03 
 5.72069e-03 
 5.68347e-03 
 5.65690e-03 
 5.63205e-03 
 5.61184e-03 
 5.59375e-03 
 5.57330e-03 
 9.68831e-03 
 5.53456e-03 
 5.88723e-03 
 6.04183e-03 
 6.02916e-03 
 6.04535e-03 
 8.40012e-03 
 8.53103e-03 
 8.78193e-03 
 9.17654e-03 
 6.02527e-03 
 7.15996e-03 
 8.75073e-03 
 1.38790e-02 
 8.19569e-03 
 1.85683e-02 
 9.44155e-01 
 9.70346e-01 
 9.86104e-01 
 9.90575e-01 
 9.94273e-01 
 9.94412e-01 
 9.89115e-01 
 9.93901e-01 
 9.86058e-01 
 9.81880e-01 
 9.80069e-01 
 4.40772e-02 
 2.44070e-02 
 9.38339e-03 
 5.75530e-03 
 5.32024e-03 
 5.03434e-03 
 4.80538e-03 
 4.78359e-03 
 8.13949e-03 
 5.62980e-03 
 6.60746e-03 
 3.02294e-02 
 9.42050e-01 
 9.76912e-01 
 9.72959e-01 
 4.03078e-01 
 3.36869e-02 
 1.62301e-02 
 6.48031e-03 
 9.08879e-03 
 9.05846e-03 
 9.03404e-03 
 5.55857e-03 
 5.52797e-03 
 5.51794e-03 
 5.51187e-03 
 9.88177e-03 
 5.55715e-03 
 9.97479e-03 
 5.60135e-03 
 1.01049e-02 
 5.64860e-03 
 5.65777e-03 
 5.60889e-03 
 5.53130e-03 
 5.53264e-03 
 5.53645e-03 
 5.54237e-03 
 5.55025e-03 
 9.28322e-03 
 9.27450e-03 
 9.25206e-03 
 9.20612e-03 
 5.66054e-03 
 5.97929e-03 
 7.63553e-03 
 1.08608e-02 
 1.75193e-02 
 2.62706e-02 
 3.29984e-01 
 3.92114e-01 
 4.72514e-01 
 5.23387e-01 
 6.22783e-01 
 6.35037e-01 
 4.47391e-01 
 3.91813e-01 
 3.53863e-01 
 2.81038e-01 
 7.36011e-02 
 2.03052e-02 
 1.54364e-02 
 1.11238e-02 
 6.47614e-03 
 5.97128e-03 
 9.17096e-03 
 5.75989e-03 
 5.70200e-03 
 5.65525e-03 
 5.62174e-03 
 5.59174e-03 
 5.56286e-03 
 5.53710e-03 
 5.51120e-03 
 5.48659e-03 
 5.69466e-03 
 5.79048e-03 
 5.92471e-03 
 8.14453e-03 
 8.05391e-03 
 5.90107e-03 
 5.92804e-03 
 8.12538e-03 
 8.34462e-03 
 8.70335e-03 
 5.94272e-03 
 1.02122e-02 
 1.15314e-02 
 1.02311e-02 
 1.38399e-02 
 4.70066e-02 
 8.97992e-01 
 9.68754e-01 
 9.80870e-01 
 9.85757e-01 
 9.92904e-01 
 9.94505e-01 
 9.94303e-01 
 9.93840e-01 
 9.84717e-01 
 9.80371e-01 
 9.90275e-01 
 4.63437e-02 
 2.20217e-02 
 1.62212e-02 
 5.46593e-03 
 4.99037e-03 
 6.90194e-03 
 7.90004e-03 
 9.44572e-03 
 1.18507e-02 
 2.66449e-02 
 9.40813e-01 
 9.77388e-01 
 9.73320e-01 
 3.61717e-01 
 3.15904e-02 
 1.59901e-02 
 6.50522e-03 
 8.81435e-03 
 8.83666e-03 
 8.85145e-03 
 8.85574e-03 
 5.50702e-03 
 5.51523e-03 
 5.49401e-03 
 9.83379e-03 
 9.90443e-03 
 9.99115e-03 
 1.00873e-02 
 5.63169e-03 
 1.02647e-02 
 5.64317e-03 
 5.65036e-03 
 5.43334e-03 
 5.43467e-03 
 5.43851e-03 
 5.44450e-03 
 5.45251e-03 
 5.55229e-03 
 5.47599e-03 
 9.28257e-03 
 9.25218e-03 
 9.19596e-03 
 5.64732e-03 
 5.95369e-03 
 7.75927e-03 
 1.11233e-02 
 1.69162e-02 
 2.37696e-02 
 3.12797e-01 
 3.76421e-01 
 4.54632e-01 
 5.07282e-01 
 6.11396e-01 
 6.32875e-01 
 4.45624e-01 
 4.11089e-01 
 3.53713e-01 
 2.96675e-01 
 1.25181e-01 
 3.00097e-02 
 1.78103e-02 
 1.34548e-02 
 9.00129e-03 
 6.19300e-03 
 5.94639e-03 
 6.00955e-03 
 5.67815e-03 
 5.62507e-03 
 5.54275e-03 
 5.54643e-03 
 5.51451e-03 
 5.48474e-03 
 5.45324e-03 
 5.64182e-03 
 5.62570e-03 
 5.70851e-03 
 5.82804e-03 
 5.88040e-03 
 5.86052e-03 
 5.84678e-03 
 7.69334e-03 
 7.68684e-03 
 5.82151e-03 
 5.91365e-03 
 8.25165e-03 
 8.71572e-03 
 6.62461e-03 
 6.50962e-03 
 1.11164e-02 
 1.23661e-02 
 7.91669e-02 
 7.92286e-02 
 9.66258e-01 
 9.81241e-01 
 9.86424e-01 
 9.91182e-01 
 9.94235e-01 
 9.94183e-01 
 9.93884e-01 
 9.93361e-01 
 9.92493e-01 
 9.91058e-01 
 4.36601e-02 
 2.09544e-02 
 9.04278e-03 
 6.20959e-03 
 7.05222e-03 
 7.69234e-03 
 9.77312e-03 
 1.96807e-02 
 9.30235e-01 
 9.76429e-01 
 9.72722e-01 
 2.53648e-01 
 2.81276e-02 
 1.23081e-02 
 6.38376e-03 
 8.58473e-03 
 8.64133e-03 
 8.67245e-03 
 8.67940e-03 
 8.69978e-03 
 5.46514e-03 
 5.48813e-03 
 5.51311e-03 
 5.49445e-03 
 1.00074e-02 
 1.01411e-02 
 1.02706e-02 
 1.03815e-02 
 5.68725e-03 
 5.69689e-03 
 1.00999e-02 
 1.01022e-02 
 1.01073e-02 
 1.01137e-02 
 1.01203e-02 
 5.45274e-03 
 5.46240e-03 
 7.49517e-03 
 5.56901e-03 
 9.24328e-03 
 9.17719e-03 
 5.63733e-03 
 5.93521e-03 
 7.69556e-03 
 1.46485e-02 
 1.65158e-02 
 2.29326e-02 
 2.74119e-01 
 3.61320e-01 
 4.37878e-01 
 4.91611e-01 
 5.98364e-01 
 6.24414e-01 
 4.39525e-01 
 4.08997e-01 
 3.54501e-01 
 3.11273e-01 
 2.79111e-01 
 3.43807e-02 
 2.02014e-02 
 1.59421e-02 
 1.13993e-02 
 9.11614e-03 
 6.24328e-03 
 6.10775e-03 
 8.78361e-03 
 5.58536e-03 
 8.68045e-03 
 5.45959e-03 
 5.46173e-03 
 5.43046e-03 
 5.40007e-03 
 5.58691e-03 
 5.56482e-03 
 5.54279e-03 
 5.52018e-03 
 7.84477e-03 
 7.71893e-03 
 5.64694e-03 
 5.62486e-03 
 5.61129e-03 
 5.61436e-03 
 5.39133e-03 
 5.45920e-03 
 5.58177e-03 
 8.20629e-03 
 6.39181e-03 
 9.54617e-03 
 1.05358e-02 
 1.17781e-02 
 8.39428e-03 
 6.68077e-02 
 6.32953e-01 
 9.76441e-01 
 9.83245e-01 
 9.90616e-01 
 9.93745e-01 
 9.94299e-01 
 9.94173e-01 
 9.93741e-01 
 9.92831e-01 
 9.90745e-01 
 3.45692e-02 
 1.72391e-02 
 1.26972e-02 
 7.28096e-03 
 7.02386e-03 
 1.68077e-02 
 8.71688e-01 
 9.66678e-01 
 9.65767e-01 
 2.09530e-01 
 2.30236e-02 
 8.12633e-03 
 8.42231e-03 
 8.52423e-03 
 8.58663e-03 
 8.57185e-03 
 8.51936e-03 
 8.50590e-03 
 5.45971e-03 
 5.43231e-03 
 5.48605e-03 
 5.53818e-03 
 5.54160e-03 
 1.01988e-02 
 1.03686e-02 
 5.70316e-03 
 5.73587e-03 
 5.74930e-03 
 5.53584e-03 
 5.53655e-03 
 5.53827e-03 
 5.54060e-03 
 5.54335e-03 
 5.54644e-03 
 1.01328e-02 
 5.46251e-03 
 5.55932e-03 
 5.56670e-03 
 9.22650e-03 
 9.15109e-03 
 5.66387e-03 
 6.24793e-03 
 8.09847e-03 
 1.45996e-02 
 1.62977e-02 
 2.27136e-02 
 2.84142e-01 
 3.47425e-01 
 3.89200e-01 
 4.73736e-01 
 5.74359e-01 
 4.39869e-01 
 4.30932e-01 
 4.13460e-01 
 3.76160e-01 
 3.63211e-01 
 2.35682e-01 
 2.03917e-01 
 2.70847e-02 
 1.78412e-02 
 1.41848e-02 
 1.09419e-02 
 8.31666e-03 
 5.74531e-03 
 8.59761e-03 
 8.54118e-03 
 8.48951e-03 
 8.44099e-03 
 5.37295e-03 
 5.37605e-03 
 5.56238e-03 
 5.31485e-03 
 8.07519e-03 
 7.97034e-03 
 5.53236e-03 
 7.74230e-03 
 7.62036e-03 
 7.49653e-03 
 7.37336e-03 
 7.25660e-03 
 7.15674e-03 
 7.09220e-03 
 7.08980e-03 
 5.37136e-03 
 5.49577e-03 
 5.81544e-03 
 6.32378e-03 
 9.06620e-03 
 9.95457e-03 
 1.09887e-02 
 1.21709e-02 
 1.05195e-02 
 8.53073e-01 
 9.64601e-01 
 9.79171e-01 
 9.87956e-01 
 9.92052e-01 
 9.94389e-01 
 9.94540e-01 
 9.94058e-01 
 9.93017e-01 
 9.91093e-01 
 3.43826e-02 
 2.10775e-02 
 1.66584e-02 
 3.95934e-02 
 6.39761e-01 
 9.45520e-01 
 9.31292e-01 
 5.80160e-02 
 2.06023e-02 
 1.39427e-02 
 6.92259e-03 
 6.15497e-03 
 8.92613e-03 
 8.74817e-03 
 8.50594e-03 
 8.35525e-03 
 8.35628e-03 
 5.37848e-03 
 5.43327e-03 
 5.52253e-03 
 5.60105e-03 
 5.62192e-03 
 5.69150e-03 
 5.75054e-03 
 5.79427e-03 
 5.81278e-03 
 5.42434e-03 
 5.42525e-03 
 5.42768e-03 
 5.54157e-03 
 5.54352e-03 
 5.54565e-03 
 5.54798e-03 
 1.01341e-02 
 5.46264e-03 
 5.47299e-03 
 5.56406e-03 
 9.20342e-03 
 5.58996e-03 
 5.62247e-03 
 6.24922e-03 
 8.99745e-03 
 1.45037e-02 
 1.44792e-02 
 2.30315e-02 
 1.88073e-01 
 3.37748e-01 
 3.79702e-01 
 4.49011e-01 
 4.87522e-01 
 5.73915e-01 
 5.96615e-01 
 6.13047e-01 
 3.49262e-01 
 3.24101e-01 
 2.82321e-01 
 2.27579e-01 
 3.21085e-02 
 2.32723e-02 
 1.61324e-02 
 1.26046e-02 
 8.85061e-03 
 5.74382e-03 
 8.40192e-03 
 8.34344e-03 
 8.29905e-03 
 8.26079e-03 
 8.21949e-03 
 5.29060e-03 
 5.26231e-03 
 5.23353e-03 
 5.47719e-03 
 5.44976e-03 
 5.47586e-03 
 7.65181e-03 
 7.53755e-03 
 7.41663e-03 
 7.29068e-03 
 7.16191e-03 
 7.03636e-03 
 6.92646e-03 
 6.85311e-03 
 6.84260e-03 
 5.22438e-03 
 5.33849e-03 
 5.62821e-03 
 6.05707e-03 
 6.65592e-03 
 8.57808e-03 
 1.01944e-02 
 1.09277e-02 
 8.25066e-03 
 2.79856e-01 
 9.54997e-01 
 9.77901e-01 
 9.86049e-01 
 9.90715e-01 
 9.91863e-01 
 9.92939e-01 
 9.94134e-01 
 9.93201e-01 
 9.67968e-01 
 4.85800e-01 
 2.48334e-01 
 8.56328e-01 
 9.39509e-01 
 9.45895e-01 
 8.97813e-02 
 2.78353e-02 
 2.09905e-02 
 1.52070e-02 
 1.38958e-02 
 6.50999e-03 
 5.94892e-03 
 8.89692e-03 
 8.43626e-03 
 8.24769e-03 
 5.31926e-03 
 5.39086e-03 
 5.49153e-03 
 5.61201e-03 
 5.71022e-03 
 5.79790e-03 
 5.81510e-03 
 5.87232e-03 
 5.95591e-03 
 5.42284e-03 
 5.42367e-03 
 5.42583e-03 
 5.42899e-03 
 5.43293e-03 
 5.43754e-03 
 5.44277e-03 
 5.54856e-03 
 5.55045e-03 
 5.46287e-03 
 7.52700e-03 
 5.56083e-03 
 9.17517e-03 
 5.58374e-03 
 5.65586e-03 
 6.34525e-03 
 9.05117e-03 
 1.44769e-02 
 1.45263e-02 
 2.34855e-02 
 1.93478e-01 
 3.45574e-01 
 3.86681e-01 
 4.56246e-01 
 5.10067e-01 
 6.29165e-01 
 3.81345e-01 
 3.93675e-01 
 3.85985e-01 
 3.53455e-01 
 2.97384e-01 
 2.54343e-01 
 1.60063e-01 
 2.73083e-02 
 2.03118e-02 
 1.36713e-02 
 1.11421e-02 
 5.81238e-03 
 8.21036e-03 
 8.15348e-03 
 8.12058e-03 
 8.09211e-03 
 8.05951e-03 
 8.01523e-03 
 7.95819e-03 
 7.89219e-03 
 7.82128e-03 
 5.35523e-03 
 5.32512e-03 
 5.29292e-03 
 7.46033e-03 
 7.35119e-03 
 7.23611e-03 
 7.11489e-03 
 6.99057e-03 
 6.87071e-03 
 6.76621e-03 
 6.68924e-03 
 4.93460e-03 
 4.97714e-03 
 5.04947e-03 
 5.28682e-03 
 5.66873e-03 
 6.12811e-03 
 7.07604e-03 
 8.21639e-03 
 1.01300e-02 
 2.12894e-02 
 1.12147e-01 
 7.67080e-01 
 9.77069e-01 
 9.85612e-01 
 9.91597e-01 
 9.91857e-01 
 9.92523e-01 
 9.94230e-01 
 9.92378e-01 
 9.78558e-01 
 9.71470e-01 
 9.88342e-01 
 9.80424e-01 
 9.63314e-01 
 8.54999e-01 
 7.27386e-01 
 5.83221e-02 
 4.31938e-02 
 2.89323e-02 
 1.42008e-02 
 6.22856e-03 
 5.59627e-03 
 8.77973e-03 
 8.31070e-03 
 5.34120e-03 
 5.49157e-03 
 5.62661e-03 
 9.47735e-03 
 5.87369e-03 
 5.96691e-03 
 6.25270e-03 
 6.29434e-03 
 5.46407e-03 
 5.46473e-03 
 5.46643e-03 
 5.46885e-03 
 5.43091e-03 
 5.43496e-03 
 5.43945e-03 
 5.44435e-03 
 5.54820e-03 
 5.54938e-03 
 5.46295e-03 
 5.55312e-03 
 5.55702e-03 
 9.14266e-03 
 5.57781e-03 
 5.70107e-03 
 6.37563e-03 
 8.60893e-03 
 1.44799e-02 
 1.45951e-02 
 2.47815e-02 
 1.93398e-01 
 3.74352e-01 
 4.25815e-01 
 5.14234e-01 
 3.61525e-01 
 3.94512e-01 
 4.13479e-01 
 4.14568e-01 
 3.97514e-01 
 3.67354e-01 
 3.30562e-01 
 2.30998e-01 
 2.10009e-01 
 4.83829e-02 
 2.18448e-02 
 1.63874e-02 
 1.11989e-02 
 5.78472e-03 
 8.03133e-03 
 7.97898e-03 
 7.95705e-03 
 7.93910e-03 
 7.91294e-03 
 7.87391e-03 
 7.82412e-03 
 7.76737e-03 
 7.70547e-03 
 7.63693e-03 
 7.56110e-03 
 7.47894e-03 
 7.39233e-03 
 7.30107e-03 
 7.20337e-03 
 7.09835e-03 
 6.98675e-03 
 6.87039e-03 
 6.75136e-03 
 6.63242e-03 
 6.52000e-03 
 4.80102e-03 
 6.39335e-03 
 6.44247e-03 
 5.05187e-03 
 5.37704e-03 
 5.80387e-03 
 6.41053e-03 
 7.79444e-03 
 9.34423e-03 
 9.84741e-03 
 8.92369e-03 
 1.63874e-02 
 9.74613e-01 
 9.83974e-01 
 9.87623e-01 
 9.91621e-01 
 9.90908e-01 
 9.91823e-01 
 9.90023e-01 
 9.90936e-01 
 9.86279e-01 
 9.79871e-01 
 9.73930e-01 
 9.60630e-01 
 9.81560e-01 
 9.85550e-01 
 9.50794e-01 
 4.05763e-02 
 1.99786e-02 
 6.40581e-03 
 5.59896e-03 
 8.87300e-03 
 8.65418e-03 
 5.54025e-03 
 5.69929e-03 
 5.88912e-03 
 5.99133e-03 
 6.34995e-03 
 6.19830e-03 
 6.64489e-03 
 5.46409e-03 
 5.46465e-03 
 5.46613e-03 
 5.46824e-03 
 5.47080e-03 
 5.47368e-03 
 5.43697e-03 
 5.44119e-03 
 5.44569e-03 
 5.54693e-03 
 5.54746e-03 
 5.46271e-03 
 5.54970e-03 
 5.55232e-03 
 9.10784e-03 
 5.56992e-03 
 5.70911e-03 
 6.41464e-03 
 9.08723e-03 
 1.50548e-02 
 1.72740e-02 
 2.37892e-02 
 2.38549e-01 
 2.79397e-01 
 3.13330e-01 
 3.52034e-01 
 3.89664e-01 
 4.12642e-01 
 4.20244e-01 
 4.15313e-01 
 4.03359e-01 
 3.89834e-01 
 2.59630e-01 
 2.45210e-01 
 2.04103e-01 
 1.78453e-01 
 2.33516e-02 
 1.73474e-02 
 1.13656e-02 
 5.85915e-03 
 7.86639e-03 
 7.82378e-03 
 7.81243e-03 
 7.80290e-03 
 7.78289e-03 
 7.74973e-03 
 7.70637e-03 
 7.65609e-03 
 7.60042e-03 
 7.54026e-03 
 7.47648e-03 
 7.40985e-03 
 7.33994e-03 
 7.26516e-03 
 7.18373e-03 
 7.09410e-03 
 6.99460e-03 
 6.88321e-03 
 6.75815e-03 
 6.61968e-03 
 6.47352e-03 
 6.33213e-03 
 4.67429e-03 
 6.15719e-03 
 6.18138e-03 
 4.91254e-03 
 4.94655e-03 
 6.89528e-03 
 6.21355e-03 
 7.45363e-03 
 8.87442e-03 
 6.98460e-03 
 9.24776e-03 
 3.40675e-02 
 9.71705e-01 
 9.82795e-01 
 9.85583e-01 
 9.87023e-01 
 9.86391e-01 
 9.83714e-01 
 9.79075e-01 
 9.71184e-01 
 9.56107e-01 
 9.52123e-01 
 9.67177e-01 
 9.88130e-01 
 9.91880e-01 
 9.90991e-01 
 4.22672e-01 
 2.26697e-02 
 1.09766e-02 
 5.66919e-03 
 5.58622e-03 
 5.70619e-03 
 5.84478e-03 
 6.06273e-03 
 6.17394e-03 
 6.25745e-03 
 7.19883e-03 
 7.30343e-03 
 5.46441e-03 
 5.46487e-03 
 5.46611e-03 
 5.46792e-03 
 5.47013e-03 
 5.47261e-03 
 5.47527e-03 
 5.43873e-03 
 5.44260e-03 
 5.44669e-03 
 5.54482e-03 
 5.54477e-03 
 7.51001e-03 
 5.54571e-03 
 5.54758e-03 
 9.07307e-03 
 5.56768e-03 
 5.95147e-03 
 7.31428e-03 
 9.38883e-03 
 1.28128e-02 
 1.73149e-02 
 1.80228e-01 
 2.53924e-01 
 2.98938e-01 
 3.29541e-01 
 3.66110e-01 
 3.94366e-01 
 4.09962e-01 
 4.16711e-01 
 4.19464e-01 
 4.21456e-01 
 2.77057e-01 
 2.70082e-01 
 2.54855e-01 
 2.30559e-01 
 1.69968e-01 
 2.42655e-02 
 1.73017e-02 
 1.14810e-02 
 5.80159e-03 
 7.72072e-03 
 7.68619e-03 
 7.68374e-03 
 7.68092e-03 
 7.66664e-03 
 7.63939e-03 
 7.60255e-03 
 7.55952e-03 
 7.51271e-03 
 7.46344e-03 
 7.41215e-03 
 7.35832e-03 
 7.30073e-03 
 7.23784e-03 
 7.16792e-03 
 7.08890e-03 
 6.99830e-03 
 6.89363e-03 
 6.77334e-03 
 6.63814e-03 
 6.49188e-03 
 6.34322e-03 
 6.20559e-03 
 6.09694e-03 
 6.03678e-03 
 6.04697e-03 
 6.15313e-03 
 5.13561e-03 
 5.47587e-03 
 7.12885e-03 
 7.47825e-03 
 8.93028e-03 
 1.16352e-02 
 9.91844e-03 
 2.09153e-02 
 5.72686e-02 
 9.72121e-01 
 9.69256e-01 
 9.62692e-01 
 9.55895e-01 
 9.35750e-01 
 8.83547e-01 
 5.44774e-01 
 9.10688e-01 
 9.52396e-01 
 9.84976e-01 
 9.91804e-01 
 9.91596e-01 
 7.23886e-01 
 2.29691e-02 
 9.29189e-03 
 6.08541e-03 
 6.03570e-03 
 6.11007e-03 
 6.40782e-03 
 6.94508e-03 
 6.59442e-03 
 6.75092e-03 
 6.83177e-03 
 5.46498e-03 
 5.46534e-03 
 5.46634e-03 
 5.46783e-03 
 5.46969e-03 
 5.47180e-03 
 5.47404e-03 
 5.47636e-03 
 5.44007e-03 
 5.44353e-03 
 5.44721e-03 
 5.54196e-03 
 1.00682e-02 
 5.46060e-03 
 5.46677e-03 
 5.54245e-03 
 5.54814e-03 
 5.59105e-03 
 5.96600e-03 
 7.35465e-03 
 9.89200e-03 
 1.27860e-02 
 1.74457e-02 
 1.90175e-01 
 2.62844e-01 
 3.06674e-01 
 3.33112e-01 
 3.62140e-01 
 3.87426e-01 
 4.05476e-01 
 4.20326e-01 
 3.34245e-01 
 2.48612e-01 
 2.45914e-01 
 2.40859e-01 
 2.57221e-01 
 2.31864e-01 
 2.18220e-01 
 2.46926e-02 
 1.63767e-02 
 1.13381e-02 
 5.73826e-03 
 7.58759e-03 
 7.55918e-03 
 7.56378e-03 
 7.56818e-03 
 7.56095e-03 
 7.54195e-03 
 7.51450e-03 
 7.48181e-03 
 7.44578e-03 
 7.40709e-03 
 7.36544e-03 
 7.32005e-03 
 7.26996e-03 
 7.21409e-03 
 7.15116e-03 
 7.07970e-03 
 6.99820e-03 
 6.90547e-03 
 6.80105e-03 
 6.68541e-03 
 6.56079e-03 
 6.43157e-03 
 6.30514e-03 
 6.19193e-03 
 6.10714e-03 
 6.07238e-03 
 6.10984e-03 
 6.23874e-03 
 6.47469e-03 
 5.86674e-03 
 6.82661e-03 
 5.87826e-03 
 7.97164e-03 
 1.01032e-02 
 1.58869e-02 
 2.93993e-02 
 2.43177e-01 
 6.61275e-01 
 8.97045e-01 
 7.92181e-01 
 6.13569e-01 
 6.76626e-01 
 8.23543e-01 
 8.85265e-01 
 9.27229e-01 
 9.77942e-01 
 9.92237e-01 
 9.91968e-01 
 8.60603e-01 
 2.33907e-02 
 6.82658e-03 
 6.56739e-03 
 6.47875e-03 
 6.72523e-03 
 7.30548e-03 
 9.16343e-03 
 1.24158e-02 
 7.25919e-03 
 5.46578e-03 
 5.46602e-03 
 5.46676e-03 
 5.46794e-03 
 5.46944e-03 
 5.47117e-03 
 5.47303e-03 
 5.47494e-03 
 5.47685e-03 
 5.44085e-03 
 5.44387e-03 
 5.44705e-03 
 5.53852e-03 
 7.48260e-03 
 8.37199e-03 
 5.46373e-03 
 5.53694e-03 
 5.54221e-03 
 5.58769e-03 
 6.12852e-03 
 7.37823e-03 
 9.85555e-03 
 1.28131e-02 
 1.78811e-02 
 1.96079e-01 
 2.65866e-01 
 3.06333e-01 
 3.30086e-01 
 3.49616e-01 
 3.82091e-01 
 4.06844e-01 
 3.34464e-01 
 3.66487e-01 
 3.71689e-01 
 3.66019e-01 
 2.33872e-01 
 2.56530e-01 
 2.30840e-01 
 2.17187e-01 
 2.47365e-02 
 1.61034e-02 
 9.77486e-03 
 5.55916e-03 
 7.45926e-03 
 7.43790e-03 
 7.44946e-03 
 7.46361e-03 
 7.46787e-03 
 7.46146e-03 
 7.44666e-03 
 7.42558e-03 
 7.39932e-03 
 7.36813e-03 
 7.33190e-03 
 7.29047e-03 
 7.24375e-03 
 7.19166e-03 
 7.13404e-03 
 7.07074e-03 
 7.00159e-03 
 6.92644e-03 
 6.84508e-03 
 6.75740e-03 
 6.66389e-03 
 6.56673e-03 
 6.47052e-03 
 6.38342e-03 
 6.31772e-03 
 6.28739e-03 
 6.30732e-03 
 6.39469e-03 
 6.56732e-03 
 6.83190e-03 
 7.16564e-03 
 7.53358e-03 
 6.88804e-03 
 8.63366e-03 
 8.56928e-03 
 1.82928e-02 
 8.37641e-02 
 8.75916e-01 
 8.64039e-01 
 8.75965e-01 
 8.81986e-01 
 8.93500e-01 
 4.28111e-01 
 9.59854e-02 
 6.02128e-01 
 9.61646e-01 
 9.72165e-01 
 9.92256e-01 
 9.90629e-01 
 6.35730e-02 
 7.50412e-03 
 7.08756e-03 
 2.43302e-02 
 1.44335e-02 
 1.11578e-02 
 7.49888e-03 
 3.74526e-02 
 5.46674e-03 
 5.46686e-03 
 5.46735e-03 
 5.46819e-03 
 5.46934e-03 
 5.47069e-03 
 5.47217e-03 
 5.47370e-03 
 5.47521e-03 
 5.47668e-03 
 5.44098e-03 
 5.44348e-03 
 5.44605e-03 
 5.53470e-03 
 5.45170e-03 
 5.45525e-03 
 5.46048e-03 
 5.53098e-03 
 5.53594e-03 
 5.58143e-03 
 6.60682e-03 
 7.84899e-03 
 9.86556e-03 
 1.29112e-02 
 1.84523e-02 
 1.99507e-01 
 2.65964e-01 
 2.89634e-01 
 3.26692e-01 
 3.41556e-01 
 3.81095e-01 
 3.29801e-01 
 6.26423e-01 
 3.68201e-01 
 3.71355e-01 
 3.64326e-01 
 3.45217e-01 
 3.10636e-01 
 3.04757e-01 
 1.55748e-01 
 2.43839e-02 
 1.57112e-02 
 7.46198e-03 
 5.47719e-03 
 7.32859e-03 
 7.31677e-03 
 7.34253e-03 
 7.37313e-03 
 7.39458e-03 
 7.40409e-03 
 7.40234e-03 
 7.39062e-03 
 7.37001e-03 
 7.34146e-03 
 7.30600e-03 
 7.26485e-03 
 7.21930e-03 
 7.17057e-03 
 7.11973e-03 
 7.06764e-03 
 7.01484e-03 
 6.96115e-03 
 6.90546e-03 
 6.84661e-03 
 6.78518e-03 
 6.72363e-03 
 6.66615e-03 
 6.61859e-03 
 6.58744e-03 
 6.57982e-03 
 6.60454e-03 
 6.67216e-03 
 6.78997e-03 
 6.95350e-03 
 7.16487e-03 
 7.49802e-03 
 8.16918e-03 
 6.74696e-03 
 2.39249e-02 
 2.99363e-01 
 9.35595e-01 
 9.53835e-01 
 9.48248e-01 
 9.37019e-01 
 9.26982e-01 
 4.14940e-02 
 1.49739e-02 
 7.60936e-03 
 2.29008e-02 
 9.62227e-01 
 9.84846e-01 
 9.84384e-01 
 9.91396e-01 
 1.64212e-01 
 8.05853e-03 
 7.42302e-03 
 2.92044e-02 
 7.26567e-03 
 7.62330e-03 
 7.87318e-03 
 5.46783e-03 
 5.46783e-03 
 5.46805e-03 
 5.46857e-03 
 5.46936e-03 
 5.47034e-03 
 5.47144e-03 
 5.47259e-03 
 5.47374e-03 
 5.47482e-03 
 5.47584e-03 
 5.44042e-03 
 5.44239e-03 
 5.44436e-03 
 5.53052e-03 
 5.44905e-03 
 8.38169e-03 
 5.45711e-03 
 5.52490e-03 
 5.52983e-03 
 5.58070e-03 
 6.61745e-03 
 8.12801e-03 
 9.96289e-03 
 1.30602e-02 
 1.92058e-02 
 2.01350e-01 
 2.65604e-01 
 2.86308e-01 
 3.23859e-01 
 3.44249e-01 
 3.22462e-01 
 4.19059e-01 
 3.59877e-01 
 3.71049e-01 
 3.71676e-01 
 2.56523e-01 
 2.62688e-01 
 3.08001e-01 
 2.98472e-01 
 1.43628e-01 
 2.35173e-02 
 1.52237e-02 
 7.25116e-03 
 5.40637e-03 
 5.10379e-03 
 7.20322e-03 
 7.25383e-03 
 7.30793e-03 
 7.34949e-03 
 7.37360e-03 
 7.38041e-03 
 7.37184e-03 
 7.35045e-03 
 7.31908e-03 
 7.28074e-03 
 7.23837e-03 
 7.19458e-03 
 7.15159e-03 
 7.11121e-03 
 7.07472e-03 
 7.04196e-03 
 7.01018e-03 
 6.97623e-03 
 6.94091e-03 
 6.90718e-03 
 6.87724e-03 
 6.85254e-03 
 6.83358e-03 
 6.82007e-03 
 6.81260e-03 
 6.81682e-03 
 6.85045e-03 
 6.95010e-03 
 5.06232e-03 
 7.64015e-03 
 8.55848e-03 
 7.07329e-03 
 4.08818e-02 
 9.30389e-01 
 9.75123e-01 
 9.75984e-01 
 9.64134e-01 
 8.66890e-01 
 5.47528e-02 
 1.67673e-02 
 6.00163e-03 
 8.85310e-03 
 2.12979e-02 
 4.61700e-01 
 9.71745e-01 
 9.89230e-01 
 9.83497e-01 
 9.90681e-01 
 4.26663e-01 
 1.02389e-02 
 7.57404e-03 
 7.32986e-03 
 7.49656e-03 
 7.73388e-03 
 5.46900e-03 
 5.46889e-03 
 5.46884e-03 
 5.46903e-03 
 5.46946e-03 
 5.47008e-03 
 5.47081e-03 
 5.47161e-03 
 5.47239e-03 
 5.47314e-03 
 5.47381e-03 
 5.43776e-03 
 5.43928e-03 
 5.44077e-03 
 5.44230e-03 
 5.52603e-03 
 5.44633e-03 
 8.38748e-03 
 5.52037e-03 
 5.51933e-03 
 5.52466e-03 
 5.58041e-03 
 6.63366e-03 
 8.19287e-03 
 1.00955e-02 
 1.21265e-02 
 2.00183e-02 
 2.01872e-01 
 1.61491e-01 
 2.37470e-01 
 3.30127e-01 
 3.13733e-01 
 4.00695e-01 
 3.48102e-01 
 3.65602e-01 
 3.72257e-01 
 3.69919e-01 
 3.59466e-01 
 2.61522e-01 
 4.98071e-01 
 2.89971e-01 
 1.27042e-01 
 2.25422e-02 
 1.47003e-02 
 7.08073e-03 
 5.34027e-03 
 5.05263e-03 
 7.11682e-03 
 7.19912e-03 
 7.27827e-03 
 7.33543e-03 
 7.36588e-03 
 7.37166e-03 
 7.35738e-03 
 7.32852e-03 
 7.29057e-03 
 7.24853e-03 
 7.20654e-03 
 7.16786e-03 
 7.13519e-03 
 7.11069e-03 
 7.09445e-03 
 7.08059e-03 
 7.06156e-03 
 7.03947e-03 
 7.01981e-03 
 7.00303e-03 
 6.98583e-03 
 6.96217e-03 
 6.92418e-03 
 6.86707e-03 
 6.80346e-03 
 6.78643e-03 
 6.91982e-03 
 7.31922e-03 
 8.13453e-03 
 6.12609e-03 
 1.89183e-02 
 7.63854e-01 
 9.78482e-01 
 9.84889e-01 
 9.80470e-01 
 9.40636e-01 
 1.68753e-01 
 2.32073e-02 
 9.19067e-03 
 4.79129e-03 
 7.15240e-03 
 1.24607e-02 
 4.83640e-02 
 8.43641e-01 
 9.78449e-01 
 9.79116e-01 
 9.91704e-01 
 9.85396e-01 
 4.82189e-01 
 3.02545e-02 
 7.58926e-03 
 7.37915e-03 
 7.46554e-03 
 5.47022e-03 
 5.46999e-03 
 5.46968e-03 
 5.46955e-03 
 5.46963e-03 
 5.46989e-03 
 5.47026e-03 
 5.47071e-03 
 5.47118e-03 
 5.47160e-03 
 5.47197e-03 
 5.55109e-03 
 5.43657e-03 
 5.43770e-03 
 5.43883e-03 
 5.44005e-03 
 5.52142e-03 
 5.44341e-03 
 8.38862e-03 
 5.51576e-03 
 5.51493e-03 
 5.52094e-03 
 5.58112e-03 
 6.65328e-03 
 8.25825e-03 
 1.01991e-02 
 1.51042e-02 
 2.01935e-02 
 2.01853e-01 
 1.58916e-01 
 2.44428e-01 
 3.11085e-01 
 2.68644e-01 
 3.31616e-01 
 3.54347e-01 
 3.66227e-01 
 3.69785e-01 
 3.66706e-01 
 3.56527e-01 
 2.60827e-01 
 4.83617e-01 
 2.83207e-01 
 1.10568e-01 
 2.12349e-02 
 1.41936e-02 
 6.85567e-03 
 5.17745e-03 
 5.01859e-03 
 7.07620e-03 
 7.18896e-03 
 7.28326e-03 
 7.34188e-03 
 7.36426e-03 
 7.35702e-03 
 7.32906e-03 
 7.28923e-03 
 7.24506e-03 
 7.20225e-03 
 7.16492e-03 
 7.13637e-03 
 7.11967e-03 
 7.11478e-03 
 4.82274e-03 
 4.81552e-03 
 7.08425e-03 
 7.06695e-03 
 7.04821e-03 
 7.01864e-03 
 6.96380e-03 
 6.86852e-03 
 6.72945e-03 
 6.58609e-03 
 6.55340e-03 
 6.80505e-03 
 7.50940e-03 
 8.82374e-03 
 6.77535e-03 
 7.61837e-02 
 9.75651e-01 
 9.88979e-01 
 9.88376e-01 
 9.70987e-01 
 4.86069e-01 
 2.97449e-02 
 1.23270e-02 
 4.99948e-03 
 4.45196e-03 
 6.21107e-03 
 9.13386e-03 
 7.69598e-03 
 1.80979e-01 
 9.33053e-01 
 9.54036e-01 
 9.91362e-01 
 9.91323e-01 
 9.78203e-01 
 5.38357e-01 
 1.07082e-02 
 7.49019e-03 
 7.36430e-03 
 5.47145e-03 
 5.47110e-03 
 5.47054e-03 
 5.47009e-03 
 5.46983e-03 
 5.46974e-03 
 5.46978e-03 
 5.46990e-03 
 5.47004e-03 
 5.47020e-03 
 5.47029e-03 
 5.47034e-03 
 5.43417e-03 
 5.43501e-03 
 5.43583e-03 
 5.43668e-03 
 5.43764e-03 
 9.96150e-03 
 5.44039e-03 
 8.38368e-03 
 5.51234e-03 
 5.51190e-03 
 5.51852e-03 
 5.57542e-03 
 6.66529e-03 
 8.22146e-03 
 1.01500e-02 
 3.62534e-02 
 1.54133e-01 
 2.43968e-01 
 2.65510e-01 
 3.02245e-01 
 2.66088e-01 
 3.06193e-01 
 3.37217e-01 
 3.54560e-01 
 3.64180e-01 
 3.67532e-01 
 2.63336e-01 
 3.55513e-01 
 3.71436e-01 
 4.64274e-01 
 2.70912e-01 
 1.80835e-01 
 2.03175e-02 
 1.37805e-02 
 6.21774e-03 
 5.23336e-03 
 6.97033e-03 
 7.08881e-03 
 7.21412e-03 
 7.30103e-03 
 7.34040e-03 
 7.33924e-03 
 7.31027e-03 
 7.26645e-03 
 7.21818e-03 
 7.17252e-03 
 7.13390e-03 
 7.10582e-03 
 7.09052e-03 
 7.08875e-03 
 4.80916e-03 
 7.08265e-03 
 7.06620e-03 
 7.04623e-03 
 7.01562e-03 
 6.95661e-03 
 6.84619e-03 
 6.66410e-03 
 6.42026e-03 
 6.20419e-03 
 6.21255e-03 
 6.66635e-03 
 7.76408e-03 
 6.16890e-03 
 2.77149e-02 
 9.44461e-01 
 9.88978e-01 
 9.90649e-01 
 9.87682e-01 
 9.34003e-01 
 4.68887e-02 
 1.44209e-02 
 5.88715e-03 
 4.75337e-03 
 4.38004e-03 
 6.10548e-03 
 7.92644e-03 
 1.91386e-02 
 8.29240e-02 
 6.95139e-01 
 7.86138e-01 
 7.46955e-01 
 9.87856e-01 
 9.89664e-01 
 9.61959e-01 
 6.90629e-02 
 7.90775e-03 
 7.56468e-03 
 5.47263e-03 
 5.47218e-03 
 5.47138e-03 
 5.47063e-03 
 5.47005e-03 
 5.46963e-03 
 5.46934e-03 
 5.46914e-03 
 5.46900e-03 
 5.46887e-03 
 5.46878e-03 
 5.46862e-03 
 5.46842e-03 
 5.43261e-03 
 5.43319e-03 
 5.43377e-03 
 5.43440e-03 
 5.43512e-03 
 5.51420e-03 
 5.43755e-03 
 8.37397e-03 
 5.44427e-03 
 5.50989e-03 
 5.51662e-03 
 5.57389e-03 
 6.64581e-03 
 8.18249e-03 
 1.00491e-02 
 3.33961e-02 
 1.57342e-01 
 1.60508e-01 
 2.06222e-01 
 2.56755e-01 
 2.71329e-01 
 3.10336e-01 
 3.36604e-01 
 3.52629e-01 
 3.62629e-01 
 3.66944e-01 
 2.66537e-01 
 2.73945e-01 
 5.50896e-01 
 3.33334e-01 
 2.53403e-01 
 1.69320e-01 
 1.97634e-02 
 1.13653e-02 
 5.93904e-03 
 5.14883e-03 
 7.00106e-03 
 7.13144e-03 
 7.23598e-03 
 7.28723e-03 
 7.28845e-03 
 7.25551e-03 
 7.20574e-03 
 7.15221e-03 
 7.10244e-03 
 7.06019e-03 
 7.02819e-03 
 7.00807e-03 
 7.00060e-03 
 4.76878e-03 
 6.98956e-03 
 6.97295e-03 
 6.94785e-03 
 6.89915e-03 
 6.79966e-03 
 6.61680e-03 
 6.33046e-03 
 5.97933e-03 
 5.72436e-03 
 5.83552e-03 
 6.55423e-03 
 8.09205e-03 
 8.41833e-03 
 3.22622e-01 
 9.85506e-01 
 9.92187e-01 
 9.91502e-01 
 9.80378e-01 
 1.28368e-01 
 1.92561e-02 
 5.94910e-03 
 5.21814e-03 
 4.70110e-03 
 4.45413e-03 
 4.55550e-03 
 7.64478e-03 
 6.51159e-03 
 6.07724e-02 
 3.85069e-01 
 7.47830e-01 
 4.53253e-01 
 9.69417e-01 
 9.85566e-01 
 9.84884e-01 
 8.91814e-01 
 2.00699e-02 
 8.09132e-03 
 5.47375e-03 
 5.47319e-03 
 5.47217e-03 
 5.47114e-03 
 5.47025e-03 
 5.46951e-03 
 5.46892e-03 
 5.46844e-03 
 5.46803e-03 
 5.46767e-03 
 5.46735e-03 
 5.46706e-03 
 5.46672e-03 
 5.46635e-03 
 5.43086e-03 
 5.43125e-03 
 5.43165e-03 
 5.43211e-03 
 5.43269e-03 
 5.51206e-03 
 5.43513e-03 
 5.43756e-03 
 5.50793e-03 
 5.50821e-03 
 5.51449e-03 
 5.57278e-03 
 5.86303e-03 
 7.88842e-03 
 9.96593e-03 
 3.46071e-02 
 1.63780e-01 
 1.69620e-01 
 2.23778e-01 
 2.61064e-01 
 2.74501e-01 
 3.08305e-01 
 3.32832e-01 
 3.49965e-01 
 3.61679e-01 
 3.65883e-01 
 2.55677e-01 
 3.83744e-01 
 5.26394e-01 
 3.24300e-01 
 2.44203e-01 
 1.61012e-01 
 1.96037e-02 
 1.00097e-02 
 5.89428e-03 
 5.14098e-03 
 7.05401e-03 
 7.14747e-03 
 7.19444e-03 
 7.18800e-03 
 7.14510e-03 
 7.08675e-03 
 7.02731e-03 
 6.97270e-03 
 6.92434e-03 
 6.88358e-03 
 6.85167e-03 
 6.83008e-03 
 6.81616e-03 
 6.80183e-03 
 6.78285e-03 
 6.75059e-03 
 6.68131e-03 
 6.53727e-03 
 6.27609e-03 
 5.88512e-03 
 5.44665e-03 
 5.19998e-03 
 5.45638e-03 
 6.46986e-03 
 5.80019e-03 
 3.38158e-02 
 9.71727e-01 
 9.92271e-01 
 9.92808e-01 
 9.88875e-01 
 8.84225e-01 
 3.50241e-02 
 6.42302e-03 
 5.68646e-03 
 5.15546e-03 
 4.80297e-03 
 4.64173e-03 
 4.73423e-03 
 7.77899e-03 
 2.03184e-02 
 5.07357e-02 
 2.89435e-01 
 8.00211e-01 
 4.85398e-01 
 3.70162e-01 
 9.61549e-01 
 9.84379e-01 
 9.47383e-01 
 1.65687e-01 
 2.48187e-02 
 5.47475e-03 
 5.47411e-03 
 5.47289e-03 
 5.47159e-03 
 5.47041e-03 
 5.46939e-03 
 5.46851e-03 
 5.46776e-03 
 5.46712e-03 
 5.46656e-03 
 5.46606e-03 
 5.46560e-03 
 5.46516e-03 
 5.46474e-03 
 5.46429e-03 
 5.42906e-03 
 5.42932e-03 
 5.42962e-03 
 5.43001e-03 
 5.43058e-03 
 5.43149e-03 
 9.92434e-03 
 5.43567e-03 
 5.50665e-03 
 5.50657e-03 
 5.51249e-03 
 5.53180e-03 
 5.79711e-03 
 7.75528e-03 
 9.89771e-03 
 3.57060e-02 
 1.67536e-01 
 1.71266e-01 
 2.25156e-01 
 2.61245e-01 
 2.73715e-01 
 2.79927e-01 
 2.88432e-01 
 3.47211e-01 
 2.89116e-01 
 2.62189e-01 
 2.85810e-01 
 5.62571e-01 
 5.17157e-01 
 3.21393e-01 
 2.19850e-01 
 1.33726e-01 
 1.74158e-02 
 9.61848e-03 
 5.85120e-03 
 7.03161e-03 
 7.06483e-03 
 7.07490e-03 
 7.03931e-03 
 6.97342e-03 
 6.90019e-03 
 6.83235e-03 
 6.77047e-03 
 6.71117e-03 
 6.65374e-03 
 6.60075e-03 
 6.55619e-03 
 6.52067e-03 
 6.49217e-03 
 6.46458e-03 
 6.42240e-03 
 6.33409e-03 
 6.14909e-03 
 5.81758e-03 
 5.34199e-03 
 4.85575e-03 
 4.66049e-03 
 5.07032e-03 
 6.36987e-03 
 7.38152e-03 
 6.06372e-01 
 9.88496e-01 
 9.90315e-01 
 9.92672e-01 
 9.78584e-01 
 7.33234e-02 
 6.86846e-03 
 6.09544e-03 
 5.63307e-03 
 5.23520e-03 
 4.96370e-03 
 4.84964e-03 
 8.28519e-03 
 5.36866e-03 
 2.02434e-02 
 3.61807e-02 
 2.25307e-02 
 8.66746e-01 
 6.91303e-01 
 2.17813e-01 
 6.19706e-01 
 9.28717e-01 
 9.70931e-01 
 8.71155e-01 
 7.20688e-01 
 5.47561e-03 
 5.47489e-03 
 5.47348e-03 
 5.47195e-03 
 5.47051e-03 
 5.46923e-03 
 5.46809e-03 
 5.46712e-03 
 5.46627e-03 
 5.46554e-03 
 5.46489e-03 
 5.46431e-03 
 5.46379e-03 
 5.46330e-03 
 5.46286e-03 
 5.42716e-03 
 5.47622e-03 
 5.42753e-03 
 5.42781e-03 
 5.42821e-03 
 5.42883e-03 
 5.42981e-03 
 5.50850e-03 
 5.43414e-03 
 5.50562e-03 
 5.50574e-03 
 8.86438e-03 
 5.52600e-03 
 5.81408e-03 
 7.42290e-03 
 9.56830e-03 
 1.54710e-02 
 1.42431e-01 
 1.61563e-01 
 2.29640e-01 
 2.55846e-01 
 3.61372e-01 
 3.75549e-01 
 3.40735e-01 
 2.97113e-01 
 3.00174e-01 
 3.55951e-01 
 3.57691e-01 
 3.57141e-01 
 5.28449e-01 
 3.18874e-01 
 2.11029e-01 
 5.78139e-02 
 1.60175e-02 
 8.01798e-03 
 5.56530e-03 
 7.09150e-03 
 7.00756e-03 
 6.90834e-03 
 6.79490e-03 
 6.69081e-03 
 6.60385e-03 
 6.52472e-03 
 6.44248e-03 
 6.35495e-03 
 6.26561e-03 
 6.18156e-03 
 6.10934e-03 
 6.05112e-03 
 6.00138e-03 
 5.94311e-03 
 5.83593e-03 
 5.61884e-03 
 5.23799e-03 
 4.71610e-03 
 4.23104e-03 
 4.10975e-03 
 4.64561e-03 
 4.75100e-03 
 1.84899e-02 
 9.83568e-01 
 9.93873e-01 
 9.93928e-01 
 9.89093e-01 
 6.95427e-01 
 7.26514e-03 
 9.87520e-03 
 5.94429e-03 
 1.14473e-02 
 9.58253e-03 
 5.13157e-03 
 5.10687e-03 
 5.17654e-03 
 5.55959e-03 
 2.06219e-02 
 4.66691e-02 
 1.85749e-02 
 5.20596e-01 
 8.54827e-01 
 4.32997e-01 
 3.05404e-01 
 9.03553e-01 
 9.48802e-01 
 9.78206e-01 
 9.79535e-01 
 5.47629e-03 
 5.47550e-03 
 5.47394e-03 
 5.47220e-03 
 5.47053e-03 
 5.46901e-03 
 5.46766e-03 
 5.46648e-03 
 5.46546e-03 
 5.46458e-03 
 5.46382e-03 
 5.46316e-03 
 5.46258e-03 
 5.46207e-03 
 5.46160e-03 
 5.46119e-03 
 5.42563e-03 
 5.47444e-03 
 5.42598e-03 
 5.42629e-03 
 5.42675e-03 
 5.42745e-03 
 5.42852e-03 
 5.50820e-03 
 8.33544e-03 
 5.50601e-03 
 5.50797e-03 
 8.90019e-03 
 8.79857e-03 
 5.62972e-03 
 7.17123e-03 
 9.13145e-03 
 1.47442e-02 
 2.05564e-01 
 2.53909e-01 
 1.29483e-01 
 2.22701e-01 
 3.37672e-01 
 3.68696e-01 
 3.82538e-01 
 4.02673e-01 
 4.08945e-01 
 4.12851e-01 
 3.70136e-01 
 3.72206e-01 
 5.30982e-01 
 2.52601e-01 
 1.81790e-01 
 2.99632e-02 
 1.31633e-02 
 6.91172e-03 
 5.37689e-03 
 7.17986e-03 
 6.99013e-03 
 6.79872e-03 
 6.63350e-03 
 6.49969e-03 
 6.37780e-03 
 6.24850e-03 
 6.10766e-03 
 5.95903e-03 
 5.81231e-03 
 5.67757e-03 
 5.56087e-03 
 5.46143e-03 
 5.36294e-03 
 5.22235e-03 
 4.97356e-03 
 4.56528e-03 
 4.04068e-03 
 3.59873e-03 
 3.54141e-03 
 4.16778e-03 
 5.10221e-03 
 4.20863e-01 
 9.93298e-01 
 9.94361e-01 
 9.93419e-01 
 9.56060e-01 
 7.99152e-03 
 1.37968e-02 
 7.15692e-03 
 6.94271e-03 
 6.94442e-03 
 6.06790e-03 
 5.39956e-03 
 5.22186e-03 
 5.27534e-03 
 1.24467e-02 
 6.43353e-03 
 4.52481e-02 
 7.93085e-02 
 2.13770e-01 
 8.96246e-01 
 6.23824e-01 
 2.61183e-01 
 8.09642e-01 
 9.80252e-01 
 9.92729e-01 
 9.93051e-01 
 5.47676e-03 
 5.47592e-03 
 5.47422e-03 
 5.47230e-03 
 5.47044e-03 
 5.46872e-03 
 5.46719e-03 
 5.46585e-03 
 5.46469e-03 
 5.46372e-03 
 5.46286e-03 
 5.46215e-03 
 5.46154e-03 
 5.46102e-03 
 5.46057e-03 
 5.46018e-03 
 5.45992e-03 
 5.42431e-03 
 5.42448e-03 
 5.68389e-03 
 5.45942e-03 
 5.42567e-03 
 5.42648e-03 
 5.42771e-03 
 5.42967e-03 
 9.91619e-03 
 5.50854e-03 
 9.01752e-03 
 8.95545e-03 
 5.54230e-03 
 5.68872e-03 
 5.98219e-03 
 8.51420e-03 
 1.08412e-02 
 1.70713e-02 
 2.36110e-01 
 2.78009e-01 
 2.92052e-01 
 2.88684e-01 
 3.65393e-01 
 3.74704e-01 
 3.85996e-01 
 4.05414e-01 
 4.14998e-01 
 4.16622e-01 
 3.19490e-01 
 3.01274e-01 
 2.97385e-01 
 7.17203e-02 
 2.02979e-02 
 9.05730e-03 
 5.96647e-03 
 7.80453e-03 
 7.55564e-03 
 7.29692e-03 
 7.05795e-03 
 6.84975e-03 
 6.65440e-03 
 6.45052e-03 
 6.23250e-03 
 6.00169e-03 
 5.76394e-03 
 5.52920e-03 
 5.30461e-03 
 5.09389e-03 
 4.89043e-03 
 4.65884e-03 
 4.34077e-03 
 3.89909e-03 
 3.39508e-03 
 3.01646e-03 
 3.00325e-03 
 3.65313e-03 
 7.61523e-03 
 9.85325e-01 
 9.95140e-01 
 9.94633e-01 
 9.83094e-01 
 8.96490e-03 
 7.46773e-03 
 8.04918e-03 
 8.29242e-03 
 9.19922e-03 
 9.18838e-03 
 9.17225e-03 
 5.37819e-03 
 5.30612e-03 
 5.37033e-03 
 5.75534e-03 
 2.00637e-02 
 4.02686e-02 
 1.65479e-01 
 2.23506e-01 
 9.20280e-01 
 7.80643e-01 
 2.79401e-01 
 7.41452e-01 
 9.91379e-01 
 9.93551e-01 
 9.90608e-01 
 5.47697e-03 
 5.47609e-03 
 5.47429e-03 
 5.47223e-03 
 5.47021e-03 
 5.46834e-03 
 5.46666e-03 
 5.46520e-03 
 5.46395e-03 
 5.46291e-03 
 5.46202e-03 
 5.46126e-03 
 5.46066e-03 
 5.46015e-03 
 5.45974e-03 
 5.45940e-03 
 5.45912e-03 
 5.45892e-03 
 5.45875e-03 
 5.42350e-03 
 5.42383e-03 
 5.42431e-03 
 5.42498e-03 
 5.42597e-03 
 5.42749e-03 
 5.42992e-03 
 5.51136e-03 
 5.44068e-03 
 5.45189e-03 
 5.52903e-03 
 8.95454e-03 
 5.58760e-03 
 5.89106e-03 
 7.59978e-03 
 1.04191e-02 
 1.25652e-02 
 2.13016e-02 
 2.34816e-01 
 3.09196e-01 
 3.33459e-01 
 3.57118e-01 
 3.69828e-01 
 3.77760e-01 
 3.90067e-01 
 3.58184e-01 
 3.28313e-01 
 3.69555e-01 
 3.66599e-01 
 2.25216e-01 
 3.72508e-02 
 1.53200e-02 
 7.06908e-03 
 9.03914e-03 
 8.77389e-03 
 8.50274e-03 
 8.23990e-03 
 7.98750e-03 
 7.73051e-03 
 5.02426e-03 
 7.15720e-03 
 4.78955e-03 
 6.49684e-03 
 6.13446e-03 
 5.75026e-03 
 5.34445e-03 
 4.92277e-03 
 4.47596e-03 
 3.97957e-03 
 3.43053e-03 
 2.91590e-03 
 2.59028e-03 
 2.61545e-03 
 3.31310e-03 
 9.79543e-03 
 9.93981e-01 
 9.95929e-01 
 9.91757e-01 
 1.23190e-02 
 8.42747e-03 
 5.32010e-03 
 5.22704e-03 
 5.78099e-03 
 6.76147e-03 
 7.45889e-03 
 5.01430e-03 
 5.08098e-03 
 5.20412e-03 
 5.40077e-03 
 5.77700e-03 
 1.31356e-02 
 3.44442e-02 
 1.51642e-01 
 3.36761e-01 
 9.31088e-01 
 8.11228e-01 
 2.65976e-01 
 8.14971e-01 
 9.92589e-01 
 9.90945e-01 
 9.92094e-01 
 5.47689e-03 
 5.47598e-03 
 5.47411e-03 
 5.47196e-03 
 5.46983e-03 
 5.46784e-03 
 5.46607e-03 
 5.46455e-03 
 5.46324e-03 
 5.46215e-03 
 5.46126e-03 
 5.46053e-03 
 5.45992e-03 
 5.45948e-03 
 5.45909e-03 
 5.45881e-03 
 5.45860e-03 
 5.45845e-03 
 5.45837e-03 
 5.45836e-03 
 5.45843e-03 
 5.42329e-03 
 5.42389e-03 
 5.42474e-03 
 5.46037e-03 
 5.42794e-03 
 5.43100e-03 
 5.51614e-03 
 5.44377e-03 
 5.52636e-03 
 9.07733e-03 
 9.03229e-03 
 8.97484e-03 
 5.91970e-03 
 6.78426e-03 
 9.11943e-03 
 1.25501e-02 
 1.60718e-02 
 2.91076e-02 
 6.20537e-02 
 2.20653e-01 
 2.69258e-01 
 3.58848e-01 
 3.83528e-01 
 3.99083e-01 
 3.97750e-01 
 6.61314e-01 
 9.11834e-01 
 8.90397e-01 
 7.41549e-01 
 7.98520e-02 
 8.47699e-03 
 1.15933e-02 
 1.11909e-02 
 6.54908e-03 
 6.32961e-03 
 6.19840e-03 
 6.07073e-03 
 5.93077e-03 
 5.77579e-03 
 5.89059e-03 
 8.40634e-03 
 7.86900e-03 
 7.27365e-03 
 6.60017e-03 
 5.84533e-03 
 5.03076e-03 
 4.18737e-03 
 3.38216e-03 
 2.74957e-03 
 2.42433e-03 
 2.50486e-03 
 3.26727e-03 
 2.54254e-02 
 9.95596e-01 
 9.94622e-01 
 1.75152e-02 
 4.49991e-03 
 3.25176e-03 
 2.98376e-03 
 3.09408e-03 
 3.42343e-03 
 3.83092e-03 
 5.54329e-03 
 6.15742e-03 
 7.24870e-03 
 5.24550e-03 
 1.29681e-02 
 5.83532e-03 
 1.15023e-02 
 3.08381e-02 
 1.20309e-01 
 4.14300e-01 
 9.34955e-01 
 9.15226e-01 
 3.09002e-01 
 8.19514e-01 
 9.92971e-01 
 9.91844e-01 
 9.93660e-01 
 5.47648e-03 
 5.47557e-03 
 5.47367e-03 
 5.47146e-03 
 5.46927e-03 
 5.46723e-03 
 5.46542e-03 
 5.46386e-03 
 5.46255e-03 
 5.46147e-03 
 5.46059e-03 
 5.45989e-03 
 5.45935e-03 
 5.45894e-03 
 5.45863e-03 
 5.45842e-03 
 5.45825e-03 
 5.45819e-03 
 5.45819e-03 
 5.45825e-03 
 5.45839e-03 
 5.45861e-03 
 5.45895e-03 
 5.42389e-03 
 5.42498e-03 
 5.91926e-03 
 5.42908e-03 
 5.43286e-03 
 5.43870e-03 
 9.99409e-03 
 5.53527e-03 
 9.13635e-03 
 9.10628e-03 
 9.06452e-03 
 5.70969e-03 
 6.64877e-03 
 8.17923e-03 
 1.20977e-02 
 1.57517e-02 
 2.34062e-02 
 3.50227e-02 
 6.49295e-02 
 7.16873e-02 
 4.49491e-01 
 8.01670e-01 
 9.64339e-01 
 9.78450e-01 
 9.89256e-01 
 9.87594e-01 
 9.90723e-01 
 9.91504e-01 
 9.83511e-01 
 9.74968e-01 
 9.49144e-01 
 7.77289e-01 
 3.35175e-01 
 1.13934e-02 
 8.61641e-03 
 6.27212e-02 
 7.92261e-03 
 7.55380e-03 
 7.12601e-03 
 6.79944e-03 
 1.56194e-02 
 5.97980e-03 
 7.91015e-03 
 6.54841e-03 
 5.18241e-03 
 3.94399e-03 
 3.04282e-03 
 2.62625e-03 
 2.57440e-03 
 5.10614e-03 
 9.88448e-01 
 9.94572e-01 
 1.53699e-01 
 3.82779e-03 
 2.53640e-03 
 2.10693e-03 
 2.05102e-03 
 2.16126e-03 
 2.48650e-03 
 2.95475e-03 
 4.16416e-03 
 5.71564e-03 
 7.98564e-03 
 5.91205e-03 
 1.67723e-02 
 6.50864e-03 
 6.76377e-03 
 7.40657e-03 
 1.06874e-01 
 5.00750e-01 
 9.58165e-01 
 7.94538e-01 
 1.77550e-01 
 7.44420e-01 
 9.93282e-01 
 9.93032e-01 
 9.94740e-01 
 5.47565e-03 
 5.47476e-03 
 5.47288e-03 
 5.47068e-03 
 5.46850e-03 
 5.46648e-03 
 5.46469e-03 
 5.46316e-03 
 5.46188e-03 
 5.46084e-03 
 5.46000e-03 
 5.45938e-03 
 5.45889e-03 
 5.45852e-03 
 5.45828e-03 
 5.45815e-03 
 5.45809e-03 
 5.45811e-03 
 5.45817e-03 
 5.45832e-03 
 5.45854e-03 
 5.45891e-03 
 5.45926e-03 
 5.45982e-03 
 5.46063e-03 
 5.54043e-03 
 5.42787e-03 
 5.46637e-03 
 5.43558e-03 
 5.44268e-03 
 5.53551e-03 
 5.54700e-03 
 5.56699e-03 
 9.18285e-03 
 9.16592e-03 
 5.75625e-03 
 6.57452e-03 
 8.09207e-03 
 1.08057e-02 
 1.65540e-02 
 2.64223e-02 
 5.63630e-02 
 5.73307e-01 
 9.59096e-01 
 9.86622e-01 
 9.93536e-01 
 9.94210e-01 
 9.94666e-01 
 9.95008e-01 
 9.95231e-01 
 9.95313e-01 
 9.95240e-01 
 9.95039e-01 
 9.94800e-01 
 9.94615e-01 
 9.94479e-01 
 9.94402e-01 
 9.94315e-01 
 9.94096e-01 
 9.93757e-01 
 9.93158e-01 
 9.88079e-01 
 9.76916e-01 
 9.59434e-01 
 8.80827e-01 
 8.94049e-02 
 2.77727e-02 
 7.20868e-03 
 4.71896e-03 
 3.59031e-03 
 3.35801e-03 
 4.36276e-03 
 8.66672e-03 
 9.89819e-01 
 9.77582e-01 
 6.33881e-03 
 3.05925e-03 
 2.09036e-03 
 1.52877e-03 
 1.44307e-03 
 1.54649e-03 
 1.90157e-03 
 2.62451e-03 
 4.59693e-03 
 5.58459e-03 
 1.16257e-02 
 7.97125e-03 
 1.01035e-02 
 3.05810e-02 
 2.48164e-02 
 8.63288e-03 
 1.64320e-01 
 9.15004e-01 
 9.02863e-01 
 6.52056e-01 
 1.05915e-01 
 7.46474e-01 
 9.93612e-01 
 9.95842e-01 
 9.95485e-01 
 5.47432e-03 
 5.47348e-03 
 5.47169e-03 
 5.46960e-03 
 5.46751e-03 
 5.46558e-03 
 5.46389e-03 
 5.46245e-03 
 5.46126e-03 
 5.46028e-03 
 5.45955e-03 
 5.45898e-03 
 5.45857e-03 
 5.45829e-03 
 5.45810e-03 
 5.45803e-03 
 5.45805e-03 
 5.45814e-03 
 5.45831e-03 
 5.45854e-03 
 5.45886e-03 
 5.45925e-03 
 5.45979e-03 
 5.46041e-03 
 5.46127e-03 
 5.46245e-03 
 5.46410e-03 
 5.46649e-03 
 5.43386e-03 
 5.43993e-03 
 5.44947e-03 
 5.54921e-03 
 5.48983e-03 
 5.60035e-03 
 9.33161e-03 
 9.43571e-03 
 9.66854e-03 
 6.20954e-03 
 6.95402e-03 
 2.52884e-02 
 8.15610e-02 
 9.45819e-01 
 9.88138e-01 
 9.93758e-01 
 9.94625e-01 
 9.95115e-01 
 9.95528e-01 
 9.95876e-01 
 9.96138e-01 
 9.96313e-01 
 9.96409e-01 
 9.96437e-01 
 9.96418e-01 
 9.96387e-01 
 9.96353e-01 
 9.96366e-01 
 9.96378e-01 
 9.94783e-01 
 9.96317e-01 
 9.96196e-01 
 9.96043e-01 
 9.95864e-01 
 9.95628e-01 
 9.95442e-01 
 9.95216e-01 
 9.94907e-01 
 9.94253e-01 
 9.90437e-01 
 9.58001e-01 
 2.27694e-02 
 1.08084e-02 
 1.30838e-02 
 9.86386e-01 
 9.88496e-01 
 9.60431e-01 
 6.26101e-03 
 3.20738e-03 
 1.99502e-03 
 1.28135e-03 
 1.12043e-03 
 1.23753e-03 
 1.69945e-03 
 2.97151e-03 
 6.06348e-03 
 7.03633e-02 
 9.86774e-01 
 9.93625e-01 
 9.93684e-01 
 9.93766e-01 
 9.92256e-01 
 9.85428e-01 
 9.68231e-01 
 9.67710e-01 
 9.47746e-01 
 6.85219e-01 
 1.31574e-01 
 8.81493e-01 
 9.93906e-01 
 9.94494e-01 
 9.96003e-01 
 5.47231e-03 
 5.47157e-03 
 5.46999e-03 
 5.46817e-03 
 5.46630e-03 
 5.46457e-03 
 5.46305e-03 
 5.46176e-03 
 5.46069e-03 
 5.45984e-03 
 5.45919e-03 
 5.45870e-03 
 5.45837e-03 
 5.45816e-03 
 5.45804e-03 
 5.45805e-03 
 5.45814e-03 
 5.45832e-03 
 5.45857e-03 
 5.45890e-03 
 5.45931e-03 
 5.45981e-03 
 5.46043e-03 
 5.46121e-03 
 5.46215e-03 
 5.46339e-03 
 5.46504e-03 
 5.46739e-03 
 5.47088e-03 
 5.47632e-03 
 5.44883e-03 
 5.55643e-03 
 5.52728e-03 
 5.54114e-03 
 9.49968e-03 
 5.76759e-03 
 1.04135e-02 
 6.58548e-03 
 8.58443e-03 
 3.55960e-01 
 9.78434e-01 
 9.93846e-01 
 9.94747e-01 
 9.95323e-01 
 9.95764e-01 
 9.96142e-01 
 9.96470e-01 
 9.96736e-01 
 9.96925e-01 
 9.97033e-01 
 9.97086e-01 
 9.97120e-01 
 9.97156e-01 
 9.97182e-01 
 9.97239e-01 
 9.97301e-01 
 9.97352e-01 
 9.97408e-01 
 9.97404e-01 
 9.97375e-01 
 9.97329e-01 
 9.97273e-01 
 9.96366e-01 
 9.97145e-01 
 9.97091e-01 
 9.97027e-01 
 9.96923e-01 
 9.96742e-01 
 9.96467e-01 
 9.95477e-01 
 9.95472e-01 
 9.95542e-01 
 9.96184e-01 
 9.96416e-01 
 9.95792e-01 
 9.83608e-01 
 8.75269e-03 
 3.16841e-03 
 1.67626e-03 
 1.13177e-03 
 1.25662e-03 
 2.05579e-03 
 6.78609e-03 
 9.93297e-01 
 9.96725e-01 
 9.97030e-01 
 9.97031e-01 
 9.96891e-01 
 9.96621e-01 
 9.96256e-01 
 9.93473e-01 
 9.91801e-01 
 9.94288e-01 
 9.93304e-01 
 9.87708e-01 
 9.37032e-01 
 9.71318e-01 
 9.94322e-01 
 9.96387e-01 
 9.96386e-01 
 5.46949e-03 
 5.46896e-03 
 5.46777e-03 
 5.46633e-03 
 5.46489e-03 
 5.46348e-03 
 5.46221e-03 
 5.46112e-03 
 5.46022e-03 
 5.45950e-03 
 5.45894e-03 
 5.45854e-03 
 5.45828e-03 
 5.45814e-03 
 5.45811e-03 
 5.45816e-03 
 5.45833e-03 
 5.45858e-03 
 5.45892e-03 
 5.45935e-03 
 5.45987e-03 
 5.46051e-03 
 5.46124e-03 
 5.46213e-03 
 5.46322e-03 
 5.46459e-03 
 5.46637e-03 
 5.46889e-03 
 5.47265e-03 
 5.47881e-03 
 5.48950e-03 
 5.56920e-03 
 5.50848e-03 
 5.66262e-03 
 5.72932e-03 
 6.00968e-03 
 6.47048e-03 
 7.37834e-03 
 3.54130e-01 
 9.86539e-01 
 9.94232e-01 
 9.95114e-01 
 9.95686e-01 
 9.96114e-01 
 9.96485e-01 
 9.96829e-01 
 9.97133e-01 
 9.97371e-01 
 9.97518e-01 
 9.97567e-01 
 9.97561e-01 
 9.97566e-01 
 9.97608e-01 
 9.97679e-01 
 9.97764e-01 
 9.97846e-01 
 9.97916e-01 
 9.97954e-01 
 9.97988e-01 
 9.98027e-01 
 9.98034e-01 
 9.98030e-01 
 9.98030e-01 
 9.98033e-01 
 9.98038e-01 
 9.98046e-01 
 9.98049e-01 
 9.98042e-01 
 9.98026e-01 
 9.98011e-01 
 9.98010e-01 
 9.98041e-01 
 9.98090e-01 
 9.98090e-01 
 9.98016e-01 
 9.97908e-01 
 9.97662e-01 
 9.96426e-01 
 1.30396e-02 
 3.30928e-03 
 3.86121e-03 
 9.91400e-01 
 9.98022e-01 
 9.98522e-01 
 9.98647e-01 
 9.98631e-01 
 9.98538e-01 
 9.98383e-01 
 9.98159e-01 
 9.97832e-01 
 9.97400e-01 
 9.96847e-01 
 9.96117e-01 
 9.95353e-01 
 9.94519e-01 
 9.93897e-01 
 9.88073e-01 
 9.94980e-01 
 9.96583e-01 
 9.97348e-01 
 5.46564e-03 
 5.46539e-03 
 5.46493e-03 
 5.46421e-03 
 5.46331e-03 
 5.46239e-03 
 5.46145e-03 
 5.46060e-03 
 5.45987e-03 
 5.45927e-03 
 5.45881e-03 
 5.45849e-03 
 5.45828e-03 
 5.45819e-03 
 5.45822e-03 
 5.45836e-03 
 5.45857e-03 
 5.45890e-03 
 5.45933e-03 
 5.45985e-03 
 5.46049e-03 
 5.46124e-03 
 5.46214e-03 
 5.46319e-03 
 5.46445e-03 
 5.46601e-03 
 5.46804e-03 
 5.47089e-03 
 5.47533e-03 
 5.48294e-03 
 5.49694e-03 
 5.52380e-03 
 5.56989e-03 
 5.63522e-03 
 5.91914e-03 
 6.30078e-03 
 7.01586e-03 
 1.03700e-01 
 9.81435e-01 
 9.94278e-01 
 9.95230e-01 
 9.95823e-01 
 9.96242e-01 
 9.96602e-01 
 9.96956e-01 
 9.97307e-01 
 9.97627e-01 
 9.97874e-01 
 9.98011e-01 
 9.98017e-01 
 9.97948e-01 
 9.97910e-01 
 9.97937e-01 
 9.98012e-01 
 9.98104e-01 
 9.98194e-01 
 9.98272e-01 
 9.98337e-01 
 9.98389e-01 
 9.98434e-01 
 9.98468e-01 
 9.98493e-01 
 9.98519e-01 
 9.98545e-01 
 9.98572e-01 
 9.98600e-01 
 9.98629e-01 
 9.98657e-01 
 9.98686e-01 
 9.98716e-01 
 9.98751e-01 
 9.98786e-01 
 9.98817e-01 
 9.98839e-01 
 9.98860e-01 
 9.98907e-01 
 9.98979e-01 
 9.99033e-01 
 9.99029e-01 
 9.98979e-01 
 9.99032e-01 
 9.99209e-01 
 9.99310e-01 
 9.99340e-01 
 9.99319e-01 
 9.99214e-01 
 9.99161e-01 
 9.98938e-01 
 9.98820e-01 
 9.98549e-01 
 9.98191e-01 
 9.97751e-01 
 9.97244e-01 
 9.96759e-01 
 9.96272e-01 
 9.95821e-01 
 9.95534e-01 
 9.95782e-01 
 9.96797e-01 
 9.97484e-01 
 5.46067e-03 
 5.46085e-03 
 5.46158e-03 
 5.46187e-03 
 5.46178e-03 
 5.46140e-03 
 5.46085e-03 
 5.46024e-03 
 5.45967e-03 
 5.45918e-03 
 5.45877e-03 
 5.45850e-03 
 5.45836e-03 
 5.45831e-03 
 5.45837e-03 
 5.45855e-03 
 5.45884e-03 
 5.45923e-03 
 5.45973e-03 
 5.46036e-03 
 5.46111e-03 
 5.46199e-03 
 5.46303e-03 
 5.46426e-03 
 5.46573e-03 
 5.46754e-03 
 5.46991e-03 
 5.47330e-03 
 5.47877e-03 
 5.48861e-03 
 5.50781e-03 
 5.54640e-03 
 5.62343e-03 
 5.77482e-03 
 6.07877e-03 
 6.71237e-03 
 8.59002e-03 
 9.69144e-01 
 9.94096e-01 
 9.95183e-01 
 9.95821e-01 
 9.96239e-01 
 9.96574e-01 
 9.96908e-01 
 9.97270e-01 
 9.97648e-01 
 9.98004e-01 
 9.98287e-01 
 9.98446e-01 
 9.98434e-01 
 9.98305e-01 
 9.98218e-01 
 9.98220e-01 
 9.98283e-01 
 9.98367e-01 
 9.98453e-01 
 9.98530e-01 
 9.98598e-01 
 9.98657e-01 
 9.98709e-01 
 9.98754e-01 
 9.98795e-01 
 9.98832e-01 
 9.98867e-01 
 9.98900e-01 
 9.98933e-01 
 9.98965e-01 
 9.98997e-01 
 9.99029e-01 
 9.99061e-01 
 9.99092e-01 
 9.99122e-01 
 9.99148e-01 
 9.99170e-01 
 9.99197e-01 
 9.99237e-01 
 9.99298e-01 
 9.99372e-01 
 9.99444e-01 
 9.99500e-01 
 9.99525e-01 
 9.99563e-01 
 9.99572e-01 
 9.99558e-01 
 9.99520e-01 
 9.99449e-01 
 9.99365e-01 
 9.99214e-01 
 9.98998e-01 
 9.98695e-01 
 9.98301e-01 
 9.97865e-01 
 9.97450e-01 
 9.97162e-01 
 9.96902e-01 
 9.96682e-01 
 9.96486e-01 
 9.96325e-01 
 9.96634e-01 
 9.97268e-01 
 5.45356e-03 
 5.45470e-03 
 5.45779e-03 
 5.45966e-03 
 5.46048e-03 
 5.46066e-03 
 5.46048e-03 
 5.46007e-03 
 5.45962e-03 
 5.45920e-03 
 5.45884e-03 
 5.45860e-03 
 5.45846e-03 
 5.45844e-03 
 5.45853e-03 
 5.45874e-03 
 5.45907e-03 
 5.45951e-03 
 5.46009e-03 
 5.46080e-03 
 5.46165e-03 
 5.46267e-03 
 5.46386e-03 
 5.46526e-03 
 5.46694e-03 
 5.46903e-03 
 5.47179e-03 
 5.47586e-03 
 5.48267e-03 
 5.49553e-03 
 5.52188e-03 
 5.57753e-03 
 5.69402e-03 
 5.93375e-03 
 6.43382e-03 
 7.51202e-03 
 9.06675e-01 
 9.93692e-01 
 9.94993e-01 
 9.95732e-01 
 9.96168e-01 
 9.96477e-01 
 9.96765e-01 
 9.97089e-01 
 9.97467e-01 
 9.97877e-01 
 9.98275e-01 
 9.98612e-01 
 9.98825e-01 
 9.98831e-01 
 9.98653e-01 
 9.98517e-01 
 9.98481e-01 
 9.98515e-01 
 9.98579e-01 
 9.98650e-01 
 9.98720e-01 
 9.98787e-01 
 9.98848e-01 
 9.98903e-01 
 9.98954e-01 
 9.98999e-01 
 9.98963e-01 
 9.99006e-01 
 9.99046e-01 
 9.99082e-01 
 9.99117e-01 
 9.99149e-01 
 9.99180e-01 
 9.99210e-01 
 9.99237e-01 
 9.99260e-01 
 9.99279e-01 
 9.99293e-01 
 9.99306e-01 
 9.99324e-01 
 9.99354e-01 
 9.99422e-01 
 9.99462e-01 
 9.99448e-01 
 9.99510e-01 
 9.99564e-01 
 9.99562e-01 
 9.99533e-01 
 9.99474e-01 
 9.99361e-01 
 9.99157e-01 
 9.98873e-01 
 9.98287e-01 
 9.96781e-01 
 9.94887e-01 
 9.91498e-01 
 7.82319e-01 
 7.49200e-01 
 9.45471e-01 
 9.77580e-01 
 9.88694e-01 
 9.88484e-01 
 5.74323e-01 
 9.67060e-01 
 5.44280e-03 
 5.44957e-03 
 5.45477e-03 
 5.45788e-03 
 5.45963e-03 
 5.46030e-03 
 5.46032e-03 
 5.46004e-03 
 5.45968e-03 
 5.45929e-03 
 5.45896e-03 
 5.45870e-03 
 5.45856e-03 
 5.45855e-03 
 5.45865e-03 
 5.45887e-03 
 5.45923e-03 
 5.45971e-03 
 5.46033e-03 
 5.46110e-03 
 5.46204e-03 
 5.46316e-03 
 5.46447e-03 
 5.46601e-03 
 5.46788e-03 
 5.47021e-03 
 5.47334e-03 
 5.47807e-03 
 5.48627e-03 
 5.50241e-03 
 5.53693e-03 
 5.61352e-03 
 5.78324e-03 
 6.15216e-03 
 6.96049e-03 
 2.60499e-02 
 9.92815e-01 
 9.94646e-01 
 9.95010e-01 
 9.96058e-01 
 9.96361e-01 
 9.96599e-01 
 9.96854e-01 
 9.97173e-01 
 9.97563e-01 
 9.97997e-01 
 9.98430e-01 
 9.98815e-01 
 9.99108e-01 
 9.99133e-01 
 9.98970e-01 
 9.98786e-01 
 9.98702e-01 
 9.98696e-01 
 9.98731e-01 
 9.98785e-01 
 9.98847e-01 
 9.98910e-01 
 9.98972e-01 
 9.99029e-01 
 9.99081e-01 
 9.99066e-01 
 9.99114e-01 
 9.99156e-01 
 9.99241e-01 
 9.99270e-01 
 9.99257e-01 
 9.99285e-01 
 9.99311e-01 
 9.99335e-01 
 9.99355e-01 
 9.99371e-01 
 9.99381e-01 
 9.99384e-01 
 9.99380e-01 
 9.99373e-01 
 9.99398e-01 
 9.99392e-01 
 9.99319e-01 
 9.99039e-01 
 1.28627e-01 
 1.08622e-01 
 4.24671e-01 
 1.54455e-01 
 9.76546e-03 
 2.49715e-03 
 1.39336e-03 
 9.42681e-04 
 7.46914e-04 
 6.55506e-04 
 5.91120e-04 
 5.95438e-04 
 6.22601e-04 
 6.46399e-04 
 6.53265e-04 
 6.66256e-04 
 7.09488e-04 
 7.75378e-04 
 7.99132e-04 
 8.73188e-04 
 5.43643e-03 
 5.44276e-03 
 5.45152e-03 
 5.45682e-03 
 5.45928e-03 
 5.46019e-03 
 5.46035e-03 
 5.46011e-03 
 5.45974e-03 
 5.45935e-03 
 5.45902e-03 
 5.45875e-03 
 5.45861e-03 
 5.45859e-03 
 5.45869e-03 
 5.45891e-03 
 5.45926e-03 
 5.45976e-03 
 5.46039e-03 
 5.46118e-03 
 5.46213e-03 
 5.46327e-03 
 5.46463e-03 
 5.46623e-03 
 5.46815e-03 
 5.47057e-03 
 5.47387e-03 
 5.47892e-03 
 5.48784e-03 
 5.50563e-03 
 5.54407e-03 
 5.63052e-03 
 5.82744e-03 
 6.27502e-03 
 7.29919e-03 
 8.71414e-01 
 9.93699e-01 
 9.95081e-01 
 9.95809e-01 
 9.96201e-01 
 9.96443e-01 
 9.96646e-01 
 9.96883e-01 
 9.97193e-01 
 9.97583e-01 
 9.98023e-01 
 9.98464e-01 
 9.98855e-01 
 9.99156e-01 
 9.99286e-01 
 9.99160e-01 
 9.98932e-01 
 9.98816e-01 
 9.98779e-01 
 9.98794e-01 
 9.98838e-01 
 9.98895e-01 
 9.98958e-01 
 9.99020e-01 
 9.99078e-01 
 9.99132e-01 
 9.99124e-01 
 9.99172e-01 
 9.99259e-01 
 9.99250e-01 
 9.99320e-01 
 9.99311e-01 
 9.99337e-01 
 9.99360e-01 
 9.99381e-01 
 9.99399e-01 
 9.99413e-01 
 9.99420e-01 
 9.99418e-01 
 9.99407e-01 
 9.99391e-01 
 9.99404e-01 
 9.99393e-01 
 9.99328e-01 
 9.99113e-01 
 1.68973e-03 
 6.28047e-04 
 6.48145e-04 
 6.47298e-04 
 6.73991e-04 
 6.18651e-04 
 5.17318e-04 
 4.40928e-04 
 3.93761e-04 
 3.68836e-04 
 3.60572e-04 
 3.66163e-04 
 3.81218e-04 
 3.94170e-04 
 3.96818e-04 
 3.99782e-04 
 4.17357e-04 
 4.49943e-04 
 4.70938e-04 
 4.60112e-04 </DataArray>
         </PointData>
         <CellData/>
      </Piece>
   </UnstructuredGrid>
</VTKFile>