<?xml version="1.0" encoding="utf-8"?>
<VTKFile byte_order="LittleEndian" type="UnstructuredGrid" version="0.1">
   <UnstructuredGrid>
      <Piece NumberOfCells="6282" NumberOfPoints="3387">
         <Points>
            <DataArray Name="Points" NumberOfComponents="3" format="ascii" type="Float32">
0.0000 0.3390 0.0000
0.0000 1.0169 0.0000
0.0000 1.1864 0.0000
0.0000 1.3559 0.0000
0.0000 1.5254 0.0000
0.0000 1.6949 0.0000
0.0000 1.8644 0.0000
0.0000 2.0339 0.0000
0.0000 2.2034 0.0000
0.0000 2.3729 0.0000
0.0000 2.5424 0.0000
0.0000 2.7119 0.0000
0.0000 2.8814 0.0000
0.0000 3.0508 0.0000
0.0000 3.2203 0.0000
0.0000 3.3898 0.0000
0.0000 3.5593 0.0000
0.0000 3.7288 0.0000
0.0000 3.8983 0.0000
0.0000 4.0678 0.0000
0.0000 4.2373 0.0000
0.0000 4.4068 0.0000
0.0000 4.5763 0.0000
0.0000 4.7458 0.0000
0.0000 4.9153 0.0000
0.0000 5.0847 0.0000
0.0000 5.2542 0.0000
0.0000 5.4237 0.0000
0.0000 5.5932 0.0000
0.0000 5.7627 0.0000
0.0000 5.9322 0.0000
0.0000 6.1017 0.0000
0.0000 6.2712 0.0000
0.0000 6.4407 0.0000
0.0000 6.6102 0.0000
0.0000 6.7797 0.0000
0.3051 0.3390 0.0000
0.3051 0.5085 0.0000
0.3051 0.6780 0.0000
0.3051 0.8475 0.0000
0.3051 1.0169 0.0000
0.3051 1.1864 0.0000
0.3051 1.3559 0.0000
0.3051 1.5254 0.0000
0.3051 1.6949 0.0000
0.3051 1.8644 0.0000
0.3051 2.0339 0.0000
0.3051 2.2034 0.0000
0.3051 2.3729 0.0000
0.3051 2.5424 0.0000
0.3051 2.7119 0.0000
0.3051 2.8814 0.0000
0.3051 3.0508 0.0000
0.3051 3.2203 0.0000
0.3051 3.3898 0.0000
0.3051 3.5593 0.0000
0.3051 3.7288 0.0000
0.3051 3.8983 0.0000
0.3051 4.0678 0.0000
0.3051 4.2373 0.0000
0.3051 4.4068 0.0000
0.3051 4.5763 0.0000
0.3051 4.7458 0.0000
0.3051 4.9153 0.0000
0.3051 5.0847 0.0000
0.3051 5.2542 0.0000
0.3051 5.4237 0.0000
0.3051 5.5932 0.0000
0.3051 5.7627 0.0000
0.3051 5.9322 0.0000
0.3051 6.1017 0.0000
0.3051 6.2712 0.0000
0.3051 6.4407 0.0000
0.3051 6.6102 0.0000
0.3051 6.7797 0.0000
0.3051 6.9492 0.0000
0.3051 7.1186 0.0000
0.3051 7.2881 0.0000
0.6102 0.5085 0.0000
0.6102 0.6780 0.0000
0.6102 0.8475 0.0000
0.6102 1.0169 0.0000
0.6102 1.1864 0.0000
0.6102 1.3559 0.0000
0.6102 1.5254 0.0000
0.6102 1.6949 0.0000
0.6102 1.8644 0.0000
0.6102 2.0339 0.0000
0.6102 2.2034 0.0000
0.6102 2.3729 0.0000
0.6102 2.5424 0.0000
0.6102 2.7119 0.0000
0.6102 2.8814 0.0000
0.6102 3.0508 0.0000
0.6102 3.2203 0.0000
0.6102 3.3898 0.0000
0.6102 3.5593 0.0000
0.6102 3.7288 0.0000
0.6102 3.8983 0.0000
0.6102 4.0678 0.0000
0.6102 4.2373 0.0000
0.6102 4.4068 0.0000
0.6102 4.5763 0.0000
0.6102 4.7458 0.0000
0.6102 4.9153 0.0000
0.6102 5.0847 0.0000
0.6102 5.2542 0.0000
0.6102 5.4237 0.0000
0.6102 5.5932 0.0000
0.6102 5.7627 0.0000
0.6102 5.9322 0.0000
0.6102 6.1017 0.0000
0.6102 6.2712 0.0000
0.6102 6.4407 0.0000
0.6102 6.6102 0.0000
0.6102 6.7797 0.0000
0.6102 6.9492 0.0000
0.6102 7.1186 0.0000
0.6102 7.2881 0.0000
0.9153 0.6780 0.0000
0.9153 0.8475 0.0000
0.9153 1.0169 0.0000
0.9153 1.1864 0.0000
0.9153 1.3559 0.0000
0.9153 1.5254 0.0000
0.9153 1.6949 0.0000
0.9153 1.8644 0.0000
0.9153 2.0339 0.0000
0.9153 2.2034 0.0000
0.9153 2.3729 0.0000
0.9153 2.5424 0.0000
0.9153 2.7119 0.0000
0.9153 2.8814 0.0000
0.9153 3.0508 0.0000
0.9153 3.2203 0.0000
0.9153 3.3898 0.0000
0.9153 3.5593 0.0000
0.9153 3.7288 0.0000
0.9153 3.8983 0.0000
0.9153 4.0678 0.0000
0.9153 4.2373 0.0000
0.9153 4.4068 0.0000
0.9153 4.5763 0.0000
0.9153 4.7458 0.0000
0.9153 4.9153 0.0000
0.9153 5.0847 0.0000
0.9153 5.2542 0.0000
0.9153 5.4237 0.0000
0.9153 5.5932 0.0000
0.9153 5.7627 0.0000
0.9153 5.9322 0.0000
0.9153 6.1017 0.0000
0.9153 6.2712 0.0000
0.9153 6.4407 0.0000
0.9153 6.6102 0.0000
0.9153 6.7797 0.0000
0.9153 6.9492 0.0000
0.9153 7.1186 0.0000
0.9153 7.2881 0.0000
1.2203 0.8475 0.0000
1.2203 1.0169 0.0000
1.2203 1.1864 0.0000
1.2203 1.3559 0.0000
1.2203 1.5254 0.0000
1.2203 1.6949 0.0000
1.2203 1.8644 0.0000
1.2203 2.0339 0.0000
1.2203 2.2034 0.0000
1.2203 2.3729 0.0000
1.2203 2.5424 0.0000
1.2203 2.7119 0.0000
1.2203 2.8814 0.0000
1.2203 3.0508 0.0000
1.2203 3.2203 0.0000
1.2203 3.3898 0.0000
1.2203 3.5593 0.0000
1.2203 3.7288 0.0000
1.2203 3.8983 0.0000
1.2203 4.0678 0.0000
1.2203 4.2373 0.0000
1.2203 4.4068 0.0000
1.2203 4.5763 0.0000
1.2203 4.7458 0.0000
1.2203 4.9153 0.0000
1.2203 5.0847 0.0000
1.2203 5.2542 0.0000
1.2203 5.4237 0.0000
1.2203 5.5932 0.0000
1.2203 5.7627 0.0000
1.2203 5.9322 0.0000
1.2203 6.1017 0.0000
1.2203 6.2712 0.0000
1.2203 6.4407 0.0000
1.2203 6.6102 0.0000
1.2203 6.7797 0.0000
1.2203 6.9492 0.0000
1.2203 7.1186 0.0000
1.2203 7.2881 0.0000
1.5254 1.0169 0.0000
1.5254 1.1864 0.0000
1.5254 1.3559 0.0000
1.5254 1.5254 0.0000
1.5254 1.6949 0.0000
1.5254 1.8644 0.0000
1.5254 2.0339 0.0000
1.5254 2.2034 0.0000
1.5254 2.3729 0.0000
1.5254 2.5424 0.0000
1.5254 2.7119 0.0000
1.5254 2.8814 0.0000
1.5254 3.0508 0.0000
1.5254 3.2203 0.0000
1.5254 3.3898 0.0000
1.5254 3.5593 0.0000
1.5254 3.7288 0.0000
1.5254 3.8983 0.0000
1.5254 4.0678 0.0000
1.5254 4.2373 0.0000
1.5254 4.4068 0.0000
1.5254 4.5763 0.0000
1.5254 4.7458 0.0000
1.5254 4.9153 0.0000
1.5254 5.0847 0.0000
1.5254 5.2542 0.0000
1.5254 5.4237 0.0000
1.5254 5.5932 0.0000
1.5254 5.7627 0.0000
1.5254 5.9322 0.0000
1.5254 6.1017 0.0000
1.5254 6.2712 0.0000
1.5254 6.4407 0.0000
1.5254 6.6102 0.0000
1.5254 6.7797 0.0000
1.5254 6.9492 0.0000
1.5254 7.1186 0.0000
1.5254 7.2881 0.0000
1.8305 1.1864 0.0000
1.8305 1.3559 0.0000
1.8305 1.5254 0.0000
1.8305 1.6949 0.0000
1.8305 1.8644 0.0000
1.8305 2.0339 0.0000
1.8305 2.2034 0.0000
1.8305 2.3729 0.0000
1.8305 2.5424 0.0000
1.8305 2.7119 0.0000
1.8305 2.8814 0.0000
1.8305 3.0508 0.0000
1.8305 3.2203 0.0000
1.8305 3.3898 0.0000
1.8305 3.5593 0.0000
1.8305 3.7288 0.0000
1.8305 3.8983 0.0000
1.8305 4.0678 0.0000
1.8305 4.2373 0.0000
1.8305 4.4068 0.0000
1.8305 4.5763 0.0000
1.8305 4.7458 0.0000
1.8305 4.9153 0.0000
1.8305 5.0847 0.0000
1.8305 5.2542 0.0000
1.8305 5.4237 0.0000
1.8305 5.5932 0.0000
1.8305 5.7627 0.0000
1.8305 5.9322 0.0000
1.8305 6.1017 0.0000
1.8305 6.2712 0.0000
1.8305 6.4407 0.0000
1.8305 6.6102 0.0000
1.8305 6.7797 0.0000
1.8305 6.9492 0.0000
1.8305 7.1186 0.0000
1.8305 7.2881 0.0000
1.8305 7.4576 0.0000
2.1356 1.3559 0.0000
2.1356 1.5254 0.0000
2.1356 1.6949 0.0000
2.1356 1.8644 0.0000
2.1356 2.0339 0.0000
2.1356 2.2034 0.0000
2.1356 2.3729 0.0000
2.1356 2.5424 0.0000
2.1356 2.7119 0.0000
2.1356 2.8814 0.0000
2.1356 3.0508 0.0000
2.1356 3.2203 0.0000
2.1356 3.3898 0.0000
2.1356 3.5593 0.0000
2.1356 3.7288 0.0000
2.1356 3.8983 0.0000
2.1356 4.0678 0.0000
2.1356 4.2373 0.0000
2.1356 4.4068 0.0000
2.1356 4.5763 0.0000
2.1356 4.7458 0.0000
2.1356 4.9153 0.0000
2.1356 5.0847 0.0000
2.1356 5.2542 0.0000
2.1356 5.4237 0.0000
2.1356 5.5932 0.0000
2.1356 5.7627 0.0000
2.1356 5.9322 0.0000
2.1356 6.1017 0.0000
2.1356 6.2712 0.0000
2.1356 6.4407 0.0000
2.1356 6.6102 0.0000
2.1356 6.7797 0.0000
2.1356 6.9492 0.0000
2.1356 7.1186 0.0000
2.1356 7.2881 0.0000
2.1356 7.4576 0.0000
2.4407 1.3559 0.0000
2.4407 1.5254 0.0000
2.4407 1.6949 0.0000
2.4407 1.8644 0.0000
2.4407 2.0339 0.0000
2.4407 2.2034 0.0000
2.4407 2.3729 0.0000
2.4407 2.5424 0.0000
2.4407 2.7119 0.0000
2.4407 2.8814 0.0000
2.4407 3.0508 0.0000
2.4407 3.2203 0.0000
2.4407 3.3898 0.0000
2.4407 3.5593 0.0000
2.4407 3.7288 0.0000
2.4407 3.8983 0.0000
2.4407 4.0678 0.0000
2.4407 4.2373 0.0000
2.4407 4.4068 0.0000
2.4407 4.5763 0.0000
2.4407 4.7458 0.0000
2.4407 4.9153 0.0000
2.4407 5.0847 0.0000
2.4407 5.2542 0.0000
2.4407 5.4237 0.0000
2.4407 5.5932 0.0000
2.4407 5.7627 0.0000
2.4407 5.9322 0.0000
2.4407 6.1017 0.0000
2.4407 6.2712 0.0000
2.4407 6.4407 0.0000
2.4407 6.6102 0.0000
2.4407 6.7797 0.0000
2.4407 6.9492 0.0000
2.4407 7.1186 0.0000
2.4407 7.2881 0.0000
2.4407 7.4576 0.0000
2.7458 1.5254 0.0000
2.7458 1.6949 0.0000
2.7458 1.8644 0.0000
2.7458 2.0339 0.0000
2.7458 2.2034 0.0000
2.7458 2.3729 0.0000
2.7458 2.5424 0.0000
2.7458 2.7119 0.0000
2.7458 2.8814 0.0000
2.7458 3.0508 0.0000
2.7458 3.2203 0.0000
2.7458 3.3898 0.0000
2.7458 3.5593 0.0000
2.7458 3.7288 0.0000
2.7458 3.8983 0.0000
2.7458 4.0678 0.0000
2.7458 4.2373 0.0000
2.7458 4.4068 0.0000
2.7458 4.5763 0.0000
2.7458 4.7458 0.0000
2.7458 4.9153 0.0000
2.7458 5.0847 0.0000
2.7458 5.2542 0.0000
2.7458 5.4237 0.0000
2.7458 5.5932 0.0000
2.7458 5.7627 0.0000
2.7458 5.9322 0.0000
2.7458 6.1017 0.0000
2.7458 6.2712 0.0000
2.7458 6.4407 0.0000
2.7458 6.6102 0.0000
2.7458 6.7797 0.0000
2.7458 6.9492 0.0000
2.7458 7.1186 0.0000
2.7458 7.2881 0.0000
2.7458 7.4576 0.0000
3.0508 1.6949 0.0000
3.0508 1.8644 0.0000
3.0508 2.0339 0.0000
3.0508 2.2034 0.0000
3.0508 2.3729 0.0000
3.0508 2.5424 0.0000
3.0508 2.7119 0.0000
3.0508 2.8814 0.0000
3.0508 3.0508 0.0000
3.0508 3.2203 0.0000
3.0508 3.3898 0.0000
3.0508 3.5593 0.0000
3.0508 3.7288 0.0000
3.0508 3.8983 0.0000
3.0508 4.0678 0.0000
3.0508 4.2373 0.0000
3.0508 4.4068 0.0000
3.0508 4.5763 0.0000
3.0508 4.7458 0.0000
3.0508 4.9153 0.0000
3.0508 5.0847 0.0000
3.0508 5.2542 0.0000
3.0508 5.4237 0.0000
3.0508 5.5932 0.0000
3.0508 5.7627 0.0000
3.0508 5.9322 0.0000
3.0508 6.1017 0.0000
3.0508 6.2712 0.0000
3.0508 6.4407 0.0000
3.0508 6.6102 0.0000
3.0508 6.7797 0.0000
3.0508 6.9492 0.0000
3.0508 7.1186 0.0000
3.0508 7.2881 0.0000
3.0508 7.4576 0.0000
3.0508 7.6271 0.0000
3.3559 1.8644 0.0000
3.3559 2.0339 0.0000
3.3559 2.2034 0.0000
3.3559 2.3729 0.0000
3.3559 2.5424 0.0000
3.3559 2.7119 0.0000
3.3559 2.8814 0.0000
3.3559 3.0508 0.0000
3.3559 3.2203 0.0000
3.3559 3.3898 0.0000
3.3559 3.5593 0.0000
3.3559 3.7288 0.0000
3.3559 3.8983 0.0000
3.3559 4.0678 0.0000
3.3559 4.2373 0.0000
3.3559 4.4068 0.0000
3.3559 4.5763 0.0000
3.3559 4.7458 0.0000
3.3559 4.9153 0.0000
3.3559 5.0847 0.0000
3.3559 5.2542 0.0000
3.3559 5.4237 0.0000
3.3559 5.5932 0.0000
3.3559 5.7627 0.0000
3.3559 5.9322 0.0000
3.3559 6.1017 0.0000
3.3559 6.2712 0.0000
3.3559 6.4407 0.0000
3.3559 6.6102 0.0000
3.3559 6.7797 0.0000
3.3559 6.9492 0.0000
3.3559 7.1186 0.0000
3.3559 7.2881 0.0000
3.3559 7.4576 0.0000
3.3559 7.6271 0.0000
3.6610 2.0339 0.0000
3.6610 2.2034 0.0000
3.6610 2.3729 0.0000
3.6610 2.5424 0.0000
3.6610 2.7119 0.0000
3.6610 2.8814 0.0000
3.6610 3.0508 0.0000
3.6610 3.2203 0.0000
3.6610 3.3898 0.0000
3.6610 3.5593 0.0000
3.6610 3.7288 0.0000
3.6610 3.8983 0.0000
3.6610 4.0678 0.0000
3.6610 4.2373 0.0000
3.6610 4.4068 0.0000
3.6610 4.5763 0.0000
3.6610 4.7458 0.0000
3.6610 4.9153 0.0000
3.6610 5.0847 0.0000
3.6610 5.2542 0.0000
3.6610 5.4237 0.0000
3.6610 5.5932 0.0000
3.6610 5.7627 0.0000
3.6610 5.9322 0.0000
3.6610 6.1017 0.0000
3.6610 6.2712 0.0000
3.6610 6.4407 0.0000
3.6610 6.6102 0.0000
3.6610 6.7797 0.0000
3.6610 6.9492 0.0000
3.6610 7.1186 0.0000
3.6610 7.2881 0.0000
3.6610 7.4576 0.0000
3.6610 7.6271 0.0000
3.9661 2.2034 0.0000
3.9661 2.3729 0.0000
3.9661 2.5424 0.0000
3.9661 2.7119 0.0000
3.9661 2.8814 0.0000
3.9661 3.0508 0.0000
3.9661 3.2203 0.0000
3.9661 3.3898 0.0000
3.9661 3.5593 0.0000
3.9661 3.7288 0.0000
3.9661 3.8983 0.0000
3.9661 4.0678 0.0000
3.9661 4.2373 0.0000
3.9661 4.4068 0.0000
3.9661 4.5763 0.0000
3.9661 4.7458 0.0000
3.9661 4.9153 0.0000
3.9661 5.0847 0.0000
3.9661 5.2542 0.0000
3.9661 5.4237 0.0000
3.9661 5.5932 0.0000
3.9661 5.7627 0.0000
3.9661 5.9322 0.0000
3.9661 6.1017 0.0000
3.9661 6.2712 0.0000
3.9661 6.4407 0.0000
3.9661 6.6102 0.0000
3.9661 6.7797 0.0000
3.9661 6.9492 0.0000
3.9661 7.1186 0.0000
3.9661 7.2881 0.0000
3.9661 7.4576 0.0000
3.9661 7.6271 0.0000
4.2712 2.2034 0.0000
4.2712 2.3729 0.0000
4.2712 2.5424 0.0000
4.2712 2.7119 0.0000
4.2712 2.8814 0.0000
4.2712 3.0508 0.0000
4.2712 3.2203 0.0000
4.2712 3.3898 0.0000
4.2712 3.5593 0.0000
4.2712 3.7288 0.0000
4.2712 3.8983 0.0000
4.2712 4.0678 0.0000
4.2712 4.2373 0.0000
4.2712 4.4068 0.0000
4.2712 4.5763 0.0000
4.2712 4.7458 0.0000
4.2712 4.9153 0.0000
4.2712 5.0847 0.0000
4.2712 5.2542 0.0000
4.2712 5.4237 0.0000
4.2712 5.5932 0.0000
4.2712 5.7627 0.0000
4.2712 5.9322 0.0000
4.2712 6.1017 0.0000
4.2712 6.2712 0.0000
4.2712 6.4407 0.0000
4.2712 6.6102 0.0000
4.2712 6.7797 0.0000
4.2712 6.9492 0.0000
4.2712 7.1186 0.0000
4.2712 7.2881 0.0000
4.2712 7.4576 0.0000
4.2712 7.6271 0.0000
4.2712 7.7966 0.0000
4.5763 2.3729 0.0000
4.5763 2.5424 0.0000
4.5763 2.7119 0.0000
4.5763 2.8814 0.0000
4.5763 3.0508 0.0000
4.5763 3.2203 0.0000
4.5763 3.3898 0.0000
4.5763 3.5593 0.0000
4.5763 3.7288 0.0000
4.5763 3.8983 0.0000
4.5763 4.0678 0.0000
4.5763 4.2373 0.0000
4.5763 4.4068 0.0000
4.5763 4.5763 0.0000
4.5763 4.7458 0.0000
4.5763 4.9153 0.0000
4.5763 5.0847 0.0000
4.5763 5.2542 0.0000
4.5763 5.4237 0.0000
4.5763 5.5932 0.0000
4.5763 5.7627 0.0000
4.5763 5.9322 0.0000
4.5763 6.1017 0.0000
4.5763 6.2712 0.0000
4.5763 6.4407 0.0000
4.5763 6.6102 0.0000
4.5763 6.7797 0.0000
4.5763 6.9492 0.0000
4.5763 7.1186 0.0000
4.5763 7.2881 0.0000
4.5763 7.4576 0.0000
4.5763 7.6271 0.0000
4.5763 7.7966 0.0000
4.8814 2.5424 0.0000
4.8814 2.7119 0.0000
4.8814 2.8814 0.0000
4.8814 3.0508 0.0000
4.8814 3.2203 0.0000
4.8814 3.3898 0.0000
4.8814 3.5593 0.0000
4.8814 3.7288 0.0000
4.8814 3.8983 0.0000
4.8814 4.0678 0.0000
4.8814 4.2373 0.0000
4.8814 4.4068 0.0000
4.8814 4.5763 0.0000
4.8814 4.7458 0.0000
4.8814 4.9153 0.0000
4.8814 5.0847 0.0000
4.8814 5.2542 0.0000
4.8814 5.4237 0.0000
4.8814 5.5932 0.0000
4.8814 5.7627 0.0000
4.8814 5.9322 0.0000
4.8814 6.1017 0.0000
4.8814 6.2712 0.0000
4.8814 6.4407 0.0000
4.8814 6.6102 0.0000
4.8814 6.7797 0.0000
4.8814 6.9492 0.0000
4.8814 7.1186 0.0000
4.8814 7.2881 0.0000
4.8814 7.4576 0.0000
4.8814 7.6271 0.0000
4.8814 7.7966 0.0000
5.1864 2.7119 0.0000
5.1864 2.8814 0.0000
5.1864 3.0508 0.0000
5.1864 3.2203 0.0000
5.1864 3.3898 0.0000
5.1864 3.5593 0.0000
5.1864 3.7288 0.0000
5.1864 3.8983 0.0000
5.1864 4.0678 0.0000
5.1864 4.2373 0.0000
5.1864 4.4068 0.0000
5.1864 4.5763 0.0000
5.1864 4.7458 0.0000
5.1864 4.9153 0.0000
5.1864 5.0847 0.0000
5.1864 5.2542 0.0000
5.1864 5.4237 0.0000
5.1864 5.5932 0.0000
5.1864 5.7627 0.0000
5.1864 5.9322 0.0000
5.1864 6.1017 0.0000
5.1864 6.2712 0.0000
5.1864 6.4407 0.0000
5.1864 6.6102 0.0000
5.1864 6.7797 0.0000
5.1864 6.9492 0.0000
5.1864 7.1186 0.0000
5.1864 7.2881 0.0000
5.1864 7.4576 0.0000
5.1864 7.6271 0.0000
5.1864 7.7966 0.0000
5.4915 2.8814 0.0000
5.4915 3.0508 0.0000
5.4915 3.2203 0.0000
5.4915 3.3898 0.0000
5.4915 3.5593 0.0000
5.4915 3.7288 0.0000
5.4915 3.8983 0.0000
5.4915 4.0678 0.0000
5.4915 4.2373 0.0000
5.4915 4.4068 0.0000
5.4915 4.5763 0.0000
5.4915 4.7458 0.0000
5.4915 4.9153 0.0000
5.4915 5.0847 0.0000
5.4915 5.2542 0.0000
5.4915 5.4237 0.0000
5.4915 5.5932 0.0000
5.4915 5.7627 0.0000
5.4915 5.9322 0.0000
5.4915 6.1017 0.0000
5.4915 6.2712 0.0000
5.4915 6.4407 0.0000
5.4915 6.6102 0.0000
5.4915 6.7797 0.0000
5.4915 6.9492 0.0000
5.4915 7.1186 0.0000
5.4915 7.2881 0.0000
5.4915 7.4576 0.0000
5.4915 7.6271 0.0000
5.4915 7.7966 0.0000
5.4915 7.9661 0.0000
5.7966 3.0508 0.0000
5.7966 3.2203 0.0000
5.7966 3.3898 0.0000
5.7966 3.5593 0.0000
5.7966 3.7288 0.0000
5.7966 3.8983 0.0000
5.7966 4.0678 0.0000
5.7966 4.2373 0.0000
5.7966 4.4068 0.0000
5.7966 4.5763 0.0000
5.7966 4.7458 0.0000
5.7966 4.9153 0.0000
5.7966 5.0847 0.0000
5.7966 5.2542 0.0000
5.7966 5.4237 0.0000
5.7966 5.5932 0.0000
5.7966 5.7627 0.0000
5.7966 5.9322 0.0000
5.7966 6.1017 0.0000
5.7966 6.2712 0.0000
5.7966 6.4407 0.0000
5.7966 6.6102 0.0000
5.7966 6.7797 0.0000
5.7966 6.9492 0.0000
5.7966 7.1186 0.0000
5.7966 7.2881 0.0000
5.7966 7.4576 0.0000
5.7966 7.6271 0.0000
5.7966 7.7966 0.0000
5.7966 7.9661 0.0000
6.1017 3.2203 0.0000
6.1017 3.3898 0.0000
6.1017 3.5593 0.0000
6.1017 3.7288 0.0000
6.1017 3.8983 0.0000
6.1017 4.0678 0.0000
6.1017 4.2373 0.0000
6.1017 4.4068 0.0000
6.1017 4.5763 0.0000
6.1017 4.7458 0.0000
6.1017 4.9153 0.0000
6.1017 5.0847 0.0000
6.1017 5.2542 0.0000
6.1017 5.4237 0.0000
6.1017 5.5932 0.0000
6.1017 5.7627 0.0000
6.1017 5.9322 0.0000
6.1017 6.1017 0.0000
6.1017 6.2712 0.0000
6.1017 6.4407 0.0000
6.1017 6.6102 0.0000
6.1017 6.7797 0.0000
6.1017 6.9492 0.0000
6.1017 7.1186 0.0000
6.1017 7.2881 0.0000
6.1017 7.4576 0.0000
6.1017 7.6271 0.0000
6.1017 7.7966 0.0000
6.1017 7.9661 0.0000
6.4068 3.2203 0.0000
6.4068 3.3898 0.0000
6.4068 3.5593 0.0000
6.4068 3.7288 0.0000
6.4068 3.8983 0.0000
6.4068 4.0678 0.0000
6.4068 4.2373 0.0000
6.4068 4.4068 0.0000
6.4068 4.5763 0.0000
6.4068 4.7458 0.0000
6.4068 4.9153 0.0000
6.4068 5.0847 0.0000
6.4068 5.2542 0.0000
6.4068 5.4237 0.0000
6.4068 5.5932 0.0000
6.4068 5.7627 0.0000
6.4068 5.9322 0.0000
6.4068 6.1017 0.0000
6.4068 6.2712 0.0000
6.4068 6.4407 0.0000
6.4068 6.6102 0.0000
6.4068 6.7797 0.0000
6.4068 6.9492 0.0000
6.4068 7.1186 0.0000
6.4068 7.2881 0.0000
6.4068 7.4576 0.0000
6.4068 7.6271 0.0000
6.4068 7.7966 0.0000
6.4068 7.9661 0.0000
6.7119 3.3898 0.0000
6.7119 3.5593 0.0000
6.7119 3.7288 0.0000
6.7119 3.8983 0.0000
6.7119 4.0678 0.0000
6.7119 4.2373 0.0000
6.7119 4.4068 0.0000
6.7119 4.5763 0.0000
6.7119 4.7458 0.0000
6.7119 4.9153 0.0000
6.7119 5.0847 0.0000
6.7119 5.2542 0.0000
6.7119 5.4237 0.0000
6.7119 5.5932 0.0000
6.7119 5.7627 0.0000
6.7119 5.9322 0.0000
6.7119 6.1017 0.0000
6.7119 6.2712 0.0000
6.7119 6.4407 0.0000
6.7119 6.6102 0.0000
6.7119 6.7797 0.0000
6.7119 6.9492 0.0000
6.7119 7.1186 0.0000
6.7119 7.2881 0.0000
6.7119 7.4576 0.0000
6.7119 7.6271 0.0000
6.7119 7.7966 0.0000
6.7119 7.9661 0.0000
7.0169 3.5593 0.0000
7.0169 3.7288 0.0000
7.0169 3.8983 0.0000
7.0169 4.0678 0.0000
7.0169 4.2373 0.0000
7.0169 4.4068 0.0000
7.0169 4.5763 0.0000
7.0169 4.7458 0.0000
7.0169 4.9153 0.0000
7.0169 5.0847 0.0000
7.0169 5.2542 0.0000
7.0169 5.4237 0.0000
7.0169 5.5932 0.0000
7.0169 5.7627 0.0000
7.0169 5.9322 0.0000
7.0169 6.1017 0.0000
7.0169 6.2712 0.0000
7.0169 6.4407 0.0000
7.0169 6.6102 0.0000
7.0169 6.7797 0.0000
7.0169 6.9492 0.0000
7.0169 7.1186 0.0000
7.0169 7.2881 0.0000
7.0169 7.4576 0.0000
7.0169 7.6271 0.0000
7.0169 7.7966 0.0000
7.0169 7.9661 0.0000
7.0169 8.1356 0.0000
7.3220 3.7288 0.0000
7.3220 3.8983 0.0000
7.3220 4.0678 0.0000
7.3220 4.2373 0.0000
7.3220 4.4068 0.0000
7.3220 4.5763 0.0000
7.3220 4.7458 0.0000
7.3220 4.9153 0.0000
7.3220 5.0847 0.0000
7.3220 5.2542 0.0000
7.3220 5.4237 0.0000
7.3220 5.5932 0.0000
7.3220 5.7627 0.0000
7.3220 5.9322 0.0000
7.3220 6.1017 0.0000
7.3220 6.2712 0.0000
7.3220 6.4407 0.0000
7.3220 6.6102 0.0000
7.3220 6.7797 0.0000
7.3220 6.9492 0.0000
7.3220 7.1186 0.0000
7.3220 7.2881 0.0000
7.3220 7.4576 0.0000
7.3220 7.6271 0.0000
7.3220 7.7966 0.0000
7.3220 7.9661 0.0000
7.3220 8.1356 0.0000
7.6271 3.8983 0.0000
7.6271 4.0678 0.0000
7.6271 4.2373 0.0000
7.6271 4.4068 0.0000
7.6271 4.5763 0.0000
7.6271 4.7458 0.0000
7.6271 4.9153 0.0000
7.6271 5.0847 0.0000
7.6271 5.2542 0.0000
7.6271 5.4237 0.0000
7.6271 5.5932 0.0000
7.6271 5.7627 0.0000
7.6271 5.9322 0.0000
7.6271 6.1017 0.0000
7.6271 6.2712 0.0000
7.6271 6.4407 0.0000
7.6271 6.6102 0.0000
7.6271 6.7797 0.0000
7.6271 6.9492 0.0000
7.6271 7.1186 0.0000
7.6271 7.2881 0.0000
7.6271 7.4576 0.0000
7.6271 7.6271 0.0000
7.6271 7.7966 0.0000
7.6271 7.9661 0.0000
7.6271 8.1356 0.0000
7.9322 4.0678 0.0000
7.9322 4.2373 0.0000
7.9322 4.4068 0.0000
7.9322 4.5763 0.0000
7.9322 4.7458 0.0000
7.9322 4.9153 0.0000
7.9322 5.0847 0.0000
7.9322 5.2542 0.0000
7.9322 5.4237 0.0000
7.9322 5.5932 0.0000
7.9322 5.7627 0.0000
7.9322 5.9322 0.0000
7.9322 6.1017 0.0000
7.9322 6.2712 0.0000
7.9322 6.4407 0.0000
7.9322 6.6102 0.0000
7.9322 6.7797 0.0000
7.9322 6.9492 0.0000
7.9322 7.1186 0.0000
7.9322 7.2881 0.0000
7.9322 7.4576 0.0000
7.9322 7.6271 0.0000
7.9322 7.7966 0.0000
7.9322 7.9661 0.0000
7.9322 8.1356 0.0000
8.2373 4.0678 0.0000
8.2373 4.2373 0.0000
8.2373 4.4068 0.0000
8.2373 4.5763 0.0000
8.2373 4.7458 0.0000
8.2373 4.9153 0.0000
8.2373 5.0847 0.0000
8.2373 5.2542 0.0000
8.2373 5.4237 0.0000
8.2373 5.5932 0.0000
8.2373 5.7627 0.0000
8.2373 5.9322 0.0000
8.2373 6.1017 0.0000
8.2373 6.2712 0.0000
8.2373 6.4407 0.0000
8.2373 6.6102 0.0000
8.2373 6.7797 0.0000
8.2373 6.9492 0.0000
8.2373 7.1186 0.0000
8.2373 7.2881 0.0000
8.2373 7.4576 0.0000
8.2373 7.6271 0.0000
8.2373 7.7966 0.0000
8.2373 7.9661 0.0000
8.2373 8.1356 0.0000
8.2373 8.3051 0.0000
8.5424 4.2373 0.0000
8.5424 4.4068 0.0000
8.5424 4.5763 0.0000
8.5424 4.7458 0.0000
8.5424 4.9153 0.0000
8.5424 5.0847 0.0000
8.5424 5.2542 0.0000
8.5424 5.4237 0.0000
8.5424 5.5932 0.0000
8.5424 5.7627 0.0000
8.5424 5.9322 0.0000
8.5424 6.1017 0.0000
8.5424 6.2712 0.0000
8.5424 6.4407 0.0000
8.5424 6.6102 0.0000
8.5424 6.7797 0.0000
8.5424 6.9492 0.0000
8.5424 7.1186 0.0000
8.5424 7.2881 0.0000
8.5424 7.4576 0.0000
8.5424 7.6271 0.0000
8.5424 7.7966 0.0000
8.5424 7.9661 0.0000
8.5424 8.1356 0.0000
8.5424 8.3051 0.0000
8.8475 4.4068 0.0000
8.8475 4.5763 0.0000
8.8475 4.7458 0.0000
8.8475 4.9153 0.0000
8.8475 5.0847 0.0000
8.8475 5.2542 0.0000
8.8475 5.4237 0.0000
8.8475 5.5932 0.0000
8.8475 5.7627 0.0000
8.8475 5.9322 0.0000
8.8475 6.1017 0.0000
8.8475 6.2712 0.0000
8.8475 6.4407 0.0000
8.8475 6.6102 0.0000
8.8475 6.7797 0.0000
8.8475 6.9492 0.0000
8.8475 7.1186 0.0000
8.8475 7.2881 0.0000
8.8475 7.4576 0.0000
8.8475 7.6271 0.0000
8.8475 7.7966 0.0000
8.8475 7.9661 0.0000
8.8475 8.1356 0.0000
8.8475 8.3051 0.0000
9.1525 4.5763 0.0000
9.1525 4.7458 0.0000
9.1525 4.9153 0.0000
9.1525 5.0847 0.0000
9.1525 5.2542 0.0000
9.1525 5.4237 0.0000
9.1525 5.5932 0.0000
9.1525 5.7627 0.0000
9.1525 5.9322 0.0000
9.1525 6.1017 0.0000
9.1525 6.2712 0.0000
9.1525 6.4407 0.0000
9.1525 6.6102 0.0000
9.1525 6.7797 0.0000
9.1525 6.9492 0.0000
9.1525 7.1186 0.0000
9.1525 7.2881 0.0000
9.1525 7.4576 0.0000
9.1525 7.6271 0.0000
9.1525 7.7966 0.0000
9.1525 7.9661 0.0000
9.1525 8.1356 0.0000
9.1525 8.3051 0.0000
9.4576 4.7458 0.0000
9.4576 4.9153 0.0000
9.4576 5.0847 0.0000
9.4576 5.2542 0.0000
9.4576 5.4237 0.0000
9.4576 5.5932 0.0000
9.4576 5.7627 0.0000
9.4576 5.9322 0.0000
9.4576 6.1017 0.0000
9.4576 6.2712 0.0000
9.4576 6.4407 0.0000
9.4576 6.6102 0.0000
9.4576 6.7797 0.0000
9.4576 6.9492 0.0000
9.4576 7.1186 0.0000
9.4576 7.2881 0.0000
9.4576 7.4576 0.0000
9.4576 7.6271 0.0000
9.4576 7.7966 0.0000
9.4576 7.9661 0.0000
9.4576 8.1356 0.0000
9.4576 8.3051 0.0000
9.4576 8.4746 0.0000
9.7627 4.9153 0.0000
9.7627 5.0847 0.0000
9.7627 5.2542 0.0000
9.7627 5.4237 0.0000
9.7627 5.5932 0.0000
9.7627 5.7627 0.0000
9.7627 5.9322 0.0000
9.7627 6.1017 0.0000
9.7627 6.2712 0.0000
9.7627 6.4407 0.0000
9.7627 6.6102 0.0000
9.7627 6.7797 0.0000
9.7627 6.9492 0.0000
9.7627 7.1186 0.0000
9.7627 7.2881 0.0000
9.7627 7.4576 0.0000
9.7627 7.6271 0.0000
9.7627 7.7966 0.0000
9.7627 7.9661 0.0000
9.7627 8.1356 0.0000
9.7627 8.3051 0.0000
9.7627 8.4746 0.0000
10.0678 4.9153 0.0000
10.0678 5.0847 0.0000
10.0678 5.2542 0.0000
10.0678 5.4237 0.0000
10.0678 5.5932 0.0000
10.0678 5.7627 0.0000
10.0678 5.9322 0.0000
10.0678 6.1017 0.0000
10.0678 6.2712 0.0000
10.0678 6.4407 0.0000
10.0678 6.6102 0.0000
10.0678 6.7797 0.0000
10.0678 6.9492 0.0000
10.0678 7.1186 0.0000
10.0678 7.2881 0.0000
10.0678 7.4576 0.0000
10.0678 7.6271 0.0000
10.0678 7.7966 0.0000
10.0678 7.9661 0.0000
10.0678 8.1356 0.0000
10.0678 8.3051 0.0000
10.0678 8.4746 0.0000
10.3729 5.0847 0.0000
10.3729 5.2542 0.0000
10.3729 5.4237 0.0000
10.3729 5.5932 0.0000
10.3729 5.7627 0.0000
10.3729 5.9322 0.0000
10.3729 6.1017 0.0000
10.3729 6.2712 0.0000
10.3729 6.4407 0.0000
10.3729 6.6102 0.0000
10.3729 6.7797 0.0000
10.3729 6.9492 0.0000
10.3729 7.1186 0.0000
10.3729 7.2881 0.0000
10.3729 7.4576 0.0000
10.3729 7.6271 0.0000
10.3729 7.7966 0.0000
10.3729 7.9661 0.0000
10.3729 8.1356 0.0000
10.3729 8.3051 0.0000
10.3729 8.4746 0.0000
10.6780 5.2542 0.0000
10.6780 5.4237 0.0000
10.6780 5.5932 0.0000
10.6780 5.7627 0.0000
10.6780 5.9322 0.0000
10.6780 6.1017 0.0000
10.6780 6.2712 0.0000
10.6780 6.4407 0.0000
10.6780 6.6102 0.0000
10.6780 6.7797 0.0000
10.6780 6.9492 0.0000
10.6780 7.1186 0.0000
10.6780 7.2881 0.0000
10.6780 7.4576 0.0000
10.6780 7.6271 0.0000
10.6780 7.7966 0.0000
10.6780 7.9661 0.0000
10.6780 8.1356 0.0000
10.6780 8.3051 0.0000
10.6780 8.4746 0.0000
10.6780 8.6441 0.0000
10.9831 5.4237 0.0000
10.9831 5.5932 0.0000
10.9831 5.7627 0.0000
10.9831 5.9322 0.0000
10.9831 6.1017 0.0000
10.9831 6.2712 0.0000
10.9831 6.4407 0.0000
10.9831 6.6102 0.0000
10.9831 6.7797 0.0000
10.9831 6.9492 0.0000
10.9831 7.1186 0.0000
10.9831 7.2881 0.0000
10.9831 7.4576 0.0000
10.9831 7.6271 0.0000
10.9831 7.7966 0.0000
10.9831 7.9661 0.0000
10.9831 8.1356 0.0000
10.9831 8.3051 0.0000
10.9831 8.4746 0.0000
10.9831 8.6441 0.0000
11.2881 5.5932 0.0000
11.2881 5.7627 0.0000
11.2881 5.9322 0.0000
11.2881 6.1017 0.0000
11.2881 6.2712 0.0000
11.2881 6.4407 0.0000
11.2881 6.6102 0.0000
11.2881 6.7797 0.0000
11.2881 6.9492 0.0000
11.2881 7.1186 0.0000
11.2881 7.2881 0.0000
11.2881 7.4576 0.0000
11.2881 7.6271 0.0000
11.2881 7.7966 0.0000
11.2881 7.9661 0.0000
11.2881 8.1356 0.0000
11.2881 8.3051 0.0000
11.2881 8.4746 0.0000
11.2881 8.6441 0.0000
11.5932 5.7627 0.0000
11.5932 5.9322 0.0000
11.5932 6.1017 0.0000
11.5932 6.2712 0.0000
11.5932 6.4407 0.0000
11.5932 6.6102 0.0000
11.5932 6.7797 0.0000
11.5932 6.9492 0.0000
11.5932 7.1186 0.0000
11.5932 7.2881 0.0000
11.5932 7.4576 0.0000
11.5932 7.6271 0.0000
11.5932 7.7966 0.0000
11.5932 7.9661 0.0000
11.5932 8.1356 0.0000
11.5932 8.3051 0.0000
11.5932 8.4746 0.0000
11.5932 8.6441 0.0000
11.8983 5.7627 0.0000
11.8983 5.9322 0.0000
11.8983 6.1017 0.0000
11.8983 6.2712 0.0000
11.8983 6.4407 0.0000
11.8983 6.6102 0.0000
11.8983 6.7797 0.0000
11.8983 6.9492 0.0000
11.8983 7.1186 0.0000
11.8983 7.2881 0.0000
11.8983 7.4576 0.0000
11.8983 7.6271 0.0000
11.8983 7.7966 0.0000
11.8983 7.9661 0.0000
11.8983 8.1356 0.0000
11.8983 8.3051 0.0000
11.8983 8.4746 0.0000
11.8983 8.6441 0.0000
12.2034 5.9322 0.0000
12.2034 6.1017 0.0000
12.2034 6.2712 0.0000
12.2034 6.4407 0.0000
12.2034 6.6102 0.0000
12.2034 6.7797 0.0000
12.2034 6.9492 0.0000
12.2034 7.1186 0.0000
12.2034 7.2881 0.0000
12.2034 7.4576 0.0000
12.2034 7.6271 0.0000
12.2034 7.7966 0.0000
12.2034 7.9661 0.0000
12.2034 8.1356 0.0000
12.2034 8.3051 0.0000
12.2034 8.4746 0.0000
12.2034 8.6441 0.0000
12.2034 8.8136 0.0000
12.5085 6.1017 0.0000
12.5085 6.2712 0.0000
12.5085 6.4407 0.0000
12.5085 6.6102 0.0000
12.5085 6.7797 0.0000
12.5085 6.9492 0.0000
12.5085 7.1186 0.0000
12.5085 7.2881 0.0000
12.5085 7.4576 0.0000
12.5085 7.6271 0.0000
12.5085 7.7966 0.0000
12.5085 7.9661 0.0000
12.5085 8.1356 0.0000
12.5085 8.3051 0.0000
12.5085 8.4746 0.0000
12.5085 8.6441 0.0000
12.5085 8.8136 0.0000
12.8136 6.2712 0.0000
12.8136 6.4407 0.0000
12.8136 6.6102 0.0000
12.8136 6.7797 0.0000
12.8136 6.9492 0.0000
12.8136 7.1186 0.0000
12.8136 7.2881 0.0000
12.8136 7.4576 0.0000
12.8136 7.6271 0.0000
12.8136 7.7966 0.0000
12.8136 7.9661 0.0000
12.8136 8.1356 0.0000
12.8136 8.3051 0.0000
12.8136 8.4746 0.0000
12.8136 8.6441 0.0000
12.8136 8.8136 0.0000
13.1186 6.4407 0.0000
13.1186 6.6102 0.0000
13.1186 6.7797 0.0000
13.1186 6.9492 0.0000
13.1186 7.1186 0.0000
13.1186 7.2881 0.0000
13.1186 7.4576 0.0000
13.1186 7.6271 0.0000
13.1186 7.7966 0.0000
13.1186 7.9661 0.0000
13.1186 8.1356 0.0000
13.1186 8.3051 0.0000
13.1186 8.4746 0.0000
13.1186 8.6441 0.0000
13.1186 8.8136 0.0000
13.4237 6.6102 0.0000
13.4237 6.7797 0.0000
13.4237 6.9492 0.0000
13.4237 7.1186 0.0000
13.4237 7.2881 0.0000
13.4237 7.4576 0.0000
13.4237 7.6271 0.0000
13.4237 7.7966 0.0000
13.4237 7.9661 0.0000
13.4237 8.1356 0.0000
13.4237 8.3051 0.0000
13.4237 8.4746 0.0000
13.4237 8.6441 0.0000
13.4237 8.8136 0.0000
13.4237 8.9831 0.0000
13.7288 6.6102 0.0000
13.7288 6.7797 0.0000
13.7288 6.9492 0.0000
13.7288 7.1186 0.0000
13.7288 7.2881 0.0000
13.7288 7.4576 0.0000
13.7288 7.6271 0.0000
13.7288 7.7966 0.0000
13.7288 7.9661 0.0000
13.7288 8.1356 0.0000
13.7288 8.3051 0.0000
13.7288 8.4746 0.0000
13.7288 8.6441 0.0000
13.7288 8.8136 0.0000
13.7288 8.9831 0.0000
14.0339 6.7797 0.0000
14.0339 6.9492 0.0000
14.0339 7.1186 0.0000
14.0339 7.2881 0.0000
14.0339 7.4576 0.0000
14.0339 7.6271 0.0000
14.0339 7.7966 0.0000
14.0339 7.9661 0.0000
14.0339 8.1356 0.0000
14.0339 8.3051 0.0000
14.0339 8.4746 0.0000
14.0339 8.6441 0.0000
14.0339 8.8136 0.0000
14.0339 8.9831 0.0000
14.3390 6.9492 0.0000
14.3390 7.1186 0.0000
14.3390 7.2881 0.0000
14.3390 7.4576 0.0000
14.3390 7.6271 0.0000
14.3390 7.7966 0.0000
14.3390 7.9661 0.0000
14.3390 8.1356 0.0000
14.3390 8.3051 0.0000
14.3390 8.4746 0.0000
14.3390 8.6441 0.0000
14.3390 8.8136 0.0000
14.3390 8.9831 0.0000
14.6441 7.1186 0.0000
14.6441 7.2881 0.0000
14.6441 7.4576 0.0000
14.6441 7.6271 0.0000
14.6441 7.7966 0.0000
14.6441 7.9661 0.0000
14.6441 8.1356 0.0000
14.6441 8.3051 0.0000
14.6441 8.4746 0.0000
14.6441 8.6441 0.0000
14.6441 8.8136 0.0000
14.6441 8.9831 0.0000
14.6441 9.1525 0.0000
14.9492 7.2881 0.0000
14.9492 7.4576 0.0000
14.9492 7.6271 0.0000
14.9492 7.7966 0.0000
14.9492 7.9661 0.0000
14.9492 8.1356 0.0000
14.9492 8.3051 0.0000
14.9492 8.4746 0.0000
14.9492 8.6441 0.0000
14.9492 8.8136 0.0000
14.9492 8.9831 0.0000
14.9492 9.1525 0.0000
15.2542 7.4576 0.0000
15.2542 7.6271 0.0000
15.2542 7.7966 0.0000
15.2542 7.9661 0.0000
15.2542 8.1356 0.0000
15.2542 8.3051 0.0000
15.2542 8.4746 0.0000
15.2542 8.6441 0.0000
15.2542 8.8136 0.0000
15.2542 8.9831 0.0000
15.2542 9.1525 0.0000
15.5593 7.6271 0.0000
15.5593 7.7966 0.0000
15.5593 7.9661 0.0000
15.5593 8.1356 0.0000
15.5593 8.3051 0.0000
15.5593 8.4746 0.0000
15.5593 8.6441 0.0000
15.5593 8.8136 0.0000
15.5593 8.9831 0.0000
15.5593 9.1525 0.0000
15.8644 7.6271 0.0000
15.8644 7.7966 0.0000
15.8644 7.9661 0.0000
15.8644 8.1356 0.0000
15.8644 8.3051 0.0000
15.8644 8.4746 0.0000
15.8644 8.6441 0.0000
15.8644 8.8136 0.0000
15.8644 8.9831 0.0000
15.8644 9.1525 0.0000
16.1695 7.7966 0.0000
16.1695 7.9661 0.0000
16.1695 8.1356 0.0000
16.1695 8.3051 0.0000
16.1695 8.4746 0.0000
16.1695 8.6441 0.0000
16.1695 8.8136 0.0000
16.1695 8.9831 0.0000
16.1695 9.1525 0.0000
16.1695 9.3220 0.0000
16.4746 7.9661 0.0000
16.4746 8.1356 0.0000
16.4746 8.3051 0.0000
16.4746 8.4746 0.0000
16.4746 8.6441 0.0000
16.4746 8.8136 0.0000
16.4746 8.9831 0.0000
16.4746 9.1525 0.0000
16.4746 9.3220 0.0000
16.7797 8.1356 0.0000
16.7797 8.3051 0.0000
16.7797 8.4746 0.0000
16.7797 8.6441 0.0000
16.7797 8.8136 0.0000
16.7797 8.9831 0.0000
16.7797 9.1525 0.0000
16.7797 9.3220 0.0000
17.0847 8.3051 0.0000
17.0847 8.4746 0.0000
17.0847 8.6441 0.0000
17.0847 8.8136 0.0000
17.0847 8.9831 0.0000
17.0847 9.1525 0.0000
17.0847 9.3220 0.0000
17.3898 8.4746 0.0000
17.3898 8.6441 0.0000
17.3898 8.8136 0.0000
17.3898 8.9831 0.0000
17.3898 9.1525 0.0000
17.3898 9.3220 0.0000
17.3898 9.4915 0.0000
17.6949 8.4746 0.0000
17.6949 8.6441 0.0000
17.6949 8.8136 0.0000
17.6949 8.9831 0.0000
17.6949 9.1525 0.0000
17.6949 9.3220 0.0000
17.6949 9.4915 0.0000
0.6102 0.3390 0.0000
0.9153 0.5085 0.0000
1.2203 0.6780 0.0000
1.5254 0.8475 0.0000
1.8305 1.0169 0.0000
2.1356 1.1864 0.0000
2.7458 1.3559 0.0000
3.0508 1.5254 0.0000
3.3559 1.6949 0.0000
3.6610 1.8644 0.0000
3.9661 2.0339 0.0000
4.5763 2.2034 0.0000
4.8814 2.3729 0.0000
5.1864 2.5424 0.0000
5.4915 2.7119 0.0000
5.7966 2.8814 0.0000
6.1017 3.0508 0.0000
6.4068 3.0508 0.0000
6.7119 3.2203 0.0000
7.0169 3.3898 0.0000
7.3220 3.5593 0.0000
7.6271 3.7288 0.0000
7.9322 3.8983 0.0000
8.2373 3.8983 0.0000
8.5424 4.0678 0.0000
8.8475 4.2373 0.0000
9.1525 4.4068 0.0000
9.4576 4.5763 0.0000
9.7627 4.7458 0.0000
10.0678 4.7458 0.0000
10.3729 4.9153 0.0000
10.6780 5.0847 0.0000
10.9831 5.2542 0.0000
11.2881 5.4237 0.0000
11.5932 5.5932 0.0000
12.2034 5.7627 0.0000
12.5085 5.9322 0.0000
12.8136 6.1017 0.0000
13.1186 6.2712 0.0000
13.4237 6.4407 0.0000
14.0339 6.6102 0.0000
14.3390 6.7797 0.0000
14.6441 6.9492 0.0000
14.9492 7.1186 0.0000
15.2542 7.2881 0.0000
15.5593 7.4576 0.0000
15.8644 7.4576 0.0000
16.1695 7.6271 0.0000
16.4746 7.7966 0.0000
16.7797 7.9661 0.0000
17.0847 8.1356 0.0000
17.3898 8.3051 0.0000
17.6949 8.3051 0.0000
18.0000 9.4915 0.0000
0.3051 0.1695 0.0000
2.4407 1.1864 0.0000
4.2712 2.0339 0.0000
11.8983 5.5932 0.0000
13.7288 6.4407 0.0000
0.0000 0.1695 0.0000
0.0000 0.8475 0.0000
0.0000 7.1186 0.0000
0.1525 0.2542 0.0000
0.1525 0.9322 0.0000
0.1525 1.1017 0.0000
0.1525 1.2712 0.0000
0.1525 1.4407 0.0000
0.1525 1.6102 0.0000
0.1525 1.7797 0.0000
0.1525 1.9492 0.0000
0.1525 2.1186 0.0000
0.1525 2.2881 0.0000
0.1525 2.4576 0.0000
0.1525 2.6271 0.0000
0.1525 2.7966 0.0000
0.1525 2.9661 0.0000
0.1525 3.1356 0.0000
0.1525 3.3051 0.0000
0.1525 3.4746 0.0000
0.1525 3.6441 0.0000
0.1525 3.8136 0.0000
0.1525 3.9831 0.0000
0.1525 4.1525 0.0000
0.1525 4.3220 0.0000
0.1525 4.4915 0.0000
0.1525 4.6610 0.0000
0.1525 4.8305 0.0000
0.1525 5.0000 0.0000
0.1525 5.1695 0.0000
0.1525 5.3390 0.0000
0.1525 5.5085 0.0000
0.1525 5.6780 0.0000
0.1525 5.8475 0.0000
0.1525 6.0169 0.0000
0.1525 6.1864 0.0000
0.1525 6.3559 0.0000
0.1525 6.5254 0.0000
0.1525 6.6949 0.0000
0.4576 0.2542 0.0000
0.4576 0.4237 0.0000
0.4576 0.5932 0.0000
0.4576 0.7627 0.0000
0.4576 0.9322 0.0000
0.4576 1.1017 0.0000
0.4576 1.2712 0.0000
0.4576 1.4407 0.0000
0.4576 1.6102 0.0000
0.4576 1.7797 0.0000
0.4576 1.9492 0.0000
0.4576 2.1186 0.0000
0.4576 2.2881 0.0000
0.4576 2.4576 0.0000
0.4576 2.6271 0.0000
0.4576 2.7966 0.0000
0.4576 2.9661 0.0000
0.4576 3.1356 0.0000
0.4576 3.3051 0.0000
0.4576 3.4746 0.0000
0.4576 3.6441 0.0000
0.4576 3.8136 0.0000
0.4576 3.9831 0.0000
0.4576 4.1525 0.0000
0.4576 4.3220 0.0000
0.4576 4.4915 0.0000
0.4576 4.6610 0.0000
0.4576 4.8305 0.0000
0.4576 5.0000 0.0000
0.4576 5.1695 0.0000
0.4576 5.3390 0.0000
0.4576 5.5085 0.0000
0.4576 5.6780 0.0000
0.4576 5.8475 0.0000
0.4576 6.0169 0.0000
0.4576 6.1864 0.0000
0.4576 6.3559 0.0000
0.4576 6.5254 0.0000
0.4576 6.6949 0.0000
0.4576 6.8644 0.0000
0.4576 7.0339 0.0000
0.4576 7.2034 0.0000
0.7627 0.4237 0.0000
0.7627 0.5932 0.0000
0.7627 0.7627 0.0000
0.7627 0.9322 0.0000
0.7627 1.1017 0.0000
0.7627 1.2712 0.0000
0.7627 1.4407 0.0000
0.7627 1.6102 0.0000
0.7627 1.7797 0.0000
0.7627 1.9492 0.0000
0.7627 2.1186 0.0000
0.7627 2.2881 0.0000
0.7627 2.4576 0.0000
0.7627 2.6271 0.0000
0.7627 2.7966 0.0000
0.7627 2.9661 0.0000
0.7627 3.1356 0.0000
0.7627 3.3051 0.0000
0.7627 3.4746 0.0000
0.7627 3.6441 0.0000
0.7627 3.8136 0.0000
0.7627 3.9831 0.0000
0.7627 4.1525 0.0000
0.7627 4.3220 0.0000
0.7627 4.4915 0.0000
0.7627 4.6610 0.0000
0.7627 4.8305 0.0000
0.7627 5.0000 0.0000
0.7627 5.1695 0.0000
0.7627 5.3390 0.0000
0.7627 5.5085 0.0000
0.7627 5.6780 0.0000
0.7627 5.8475 0.0000
0.7627 6.0169 0.0000
0.7627 6.1864 0.0000
0.7627 6.3559 0.0000
0.7627 6.5254 0.0000
0.7627 6.6949 0.0000
0.7627 6.8644 0.0000
0.7627 7.0339 0.0000
0.7627 7.2034 0.0000
1.0678 0.5932 0.0000
1.0678 0.7627 0.0000
1.0678 0.9322 0.0000
1.0678 1.1017 0.0000
1.0678 1.2712 0.0000
1.0678 1.4407 0.0000
1.0678 1.6102 0.0000
1.0678 1.7797 0.0000
1.0678 1.9492 0.0000
1.0678 2.1186 0.0000
1.0678 2.2881 0.0000
1.0678 2.4576 0.0000
1.0678 2.6271 0.0000
1.0678 2.7966 0.0000
1.0678 2.9661 0.0000
1.0678 3.1356 0.0000
1.0678 3.3051 0.0000
1.0678 3.4746 0.0000
1.0678 3.6441 0.0000
1.0678 3.8136 0.0000
1.0678 3.9831 0.0000
1.0678 4.1525 0.0000
1.0678 4.3220 0.0000
1.0678 4.4915 0.0000
1.0678 4.6610 0.0000
1.0678 4.8305 0.0000
1.0678 5.0000 0.0000
1.0678 5.1695 0.0000
1.0678 5.3390 0.0000
1.0678 5.5085 0.0000
1.0678 5.6780 0.0000
1.0678 5.8475 0.0000
1.0678 6.0169 0.0000
1.0678 6.1864 0.0000
1.0678 6.3559 0.0000
1.0678 6.5254 0.0000
1.0678 6.6949 0.0000
1.0678 6.8644 0.0000
1.0678 7.0339 0.0000
1.0678 7.2034 0.0000
1.3729 0.7627 0.0000
1.3729 0.9322 0.0000
1.3729 1.1017 0.0000
1.3729 1.2712 0.0000
1.3729 1.4407 0.0000
1.3729 1.6102 0.0000
1.3729 1.7797 0.0000
1.3729 1.9492 0.0000
1.3729 2.1186 0.0000
1.3729 2.2881 0.0000
1.3729 2.4576 0.0000
1.3729 2.6271 0.0000
1.3729 2.7966 0.0000
1.3729 2.9661 0.0000
1.3729 3.1356 0.0000
1.3729 3.3051 0.0000
1.3729 3.4746 0.0000
1.3729 3.6441 0.0000
1.3729 3.8136 0.0000
1.3729 3.9831 0.0000
1.3729 4.1525 0.0000
1.3729 4.3220 0.0000
1.3729 4.4915 0.0000
1.3729 4.6610 0.0000
1.3729 4.8305 0.0000
1.3729 5.0000 0.0000
1.3729 5.1695 0.0000
1.3729 5.3390 0.0000
1.3729 5.5085 0.0000
1.3729 5.6780 0.0000
1.3729 5.8475 0.0000
1.3729 6.0169 0.0000
1.3729 6.1864 0.0000
1.3729 6.3559 0.0000
1.3729 6.5254 0.0000
1.3729 6.6949 0.0000
1.3729 6.8644 0.0000
1.3729 7.0339 0.0000
1.3729 7.2034 0.0000
1.6780 0.9322 0.0000
1.6780 1.1017 0.0000
1.6780 1.2712 0.0000
1.6780 1.4407 0.0000
1.6780 1.6102 0.0000
1.6780 1.7797 0.0000
1.6780 1.9492 0.0000
1.6780 2.1186 0.0000
1.6780 2.2881 0.0000
1.6780 2.4576 0.0000
1.6780 2.6271 0.0000
1.6780 2.7966 0.0000
1.6780 2.9661 0.0000
1.6780 3.1356 0.0000
1.6780 3.3051 0.0000
1.6780 3.4746 0.0000
1.6780 3.6441 0.0000
1.6780 3.8136 0.0000
1.6780 3.9831 0.0000
1.6780 4.1525 0.0000
1.6780 4.3220 0.0000
1.6780 4.4915 0.0000
1.6780 4.6610 0.0000
1.6780 4.8305 0.0000
1.6780 5.0000 0.0000
1.6780 5.1695 0.0000
1.6780 5.3390 0.0000
1.6780 5.5085 0.0000
1.6780 5.6780 0.0000
1.6780 5.8475 0.0000
1.6780 6.0169 0.0000
1.6780 6.1864 0.0000
1.6780 6.3559 0.0000
1.6780 6.5254 0.0000
1.6780 6.6949 0.0000
1.6780 6.8644 0.0000
1.6780 7.0339 0.0000
1.6780 7.2034 0.0000
1.9831 1.1017 0.0000
1.9831 1.2712 0.0000
1.9831 1.4407 0.0000
1.9831 1.6102 0.0000
1.9831 1.7797 0.0000
1.9831 1.9492 0.0000
1.9831 2.1186 0.0000
1.9831 2.2881 0.0000
1.9831 2.4576 0.0000
1.9831 2.6271 0.0000
1.9831 2.7966 0.0000
1.9831 2.9661 0.0000
1.9831 3.1356 0.0000
1.9831 3.3051 0.0000
1.9831 3.4746 0.0000
1.9831 3.6441 0.0000
1.9831 3.8136 0.0000
1.9831 3.9831 0.0000
1.9831 4.1525 0.0000
1.9831 4.3220 0.0000
1.9831 4.4915 0.0000
1.9831 4.6610 0.0000
1.9831 4.8305 0.0000
1.9831 5.0000 0.0000
1.9831 5.1695 0.0000
1.9831 5.3390 0.0000
1.9831 5.5085 0.0000
1.9831 5.6780 0.0000
1.9831 5.8475 0.0000
1.9831 6.0169 0.0000
1.9831 6.1864 0.0000
1.9831 6.3559 0.0000
1.9831 6.5254 0.0000
1.9831 6.6949 0.0000
1.9831 6.8644 0.0000
1.9831 7.0339 0.0000
1.9831 7.2034 0.0000
1.9831 7.3729 0.0000
2.2881 1.2712 0.0000
2.2881 1.4407 0.0000
2.2881 1.6102 0.0000
2.2881 1.7797 0.0000
2.2881 1.9492 0.0000
2.2881 2.1186 0.0000
2.2881 2.2881 0.0000
2.2881 2.4576 0.0000
2.2881 2.6271 0.0000
2.2881 2.7966 0.0000
2.2881 2.9661 0.0000
2.2881 3.1356 0.0000
2.2881 3.3051 0.0000
2.2881 3.4746 0.0000
2.2881 3.6441 0.0000
2.2881 3.8136 0.0000
2.2881 3.9831 0.0000
2.2881 4.1525 0.0000
2.2881 4.3220 0.0000
2.2881 4.4915 0.0000
2.2881 4.6610 0.0000
2.2881 4.8305 0.0000
2.2881 5.0000 0.0000
2.2881 5.1695 0.0000
2.2881 5.3390 0.0000
2.2881 5.5085 0.0000
2.2881 5.6780 0.0000
2.2881 5.8475 0.0000
2.2881 6.0169 0.0000
2.2881 6.1864 0.0000
2.2881 6.3559 0.0000
2.2881 6.5254 0.0000
2.2881 6.6949 0.0000
2.2881 6.8644 0.0000
2.2881 7.0339 0.0000
2.2881 7.2034 0.0000
2.2881 7.3729 0.0000
2.5932 1.2712 0.0000
2.5932 1.4407 0.0000
2.5932 1.6102 0.0000
2.5932 1.7797 0.0000
2.5932 1.9492 0.0000
2.5932 2.1186 0.0000
2.5932 2.2881 0.0000
2.5932 2.4576 0.0000
2.5932 2.6271 0.0000
2.5932 2.7966 0.0000
2.5932 2.9661 0.0000
2.5932 3.1356 0.0000
2.5932 3.3051 0.0000
2.5932 3.4746 0.0000
2.5932 3.6441 0.0000
2.5932 3.8136 0.0000
2.5932 3.9831 0.0000
2.5932 4.1525 0.0000
2.5932 4.3220 0.0000
2.5932 4.4915 0.0000
2.5932 4.6610 0.0000
2.5932 4.8305 0.0000
2.5932 5.0000 0.0000
2.5932 5.1695 0.0000
2.5932 5.3390 0.0000
2.5932 5.5085 0.0000
2.5932 5.6780 0.0000
2.5932 5.8475 0.0000
2.5932 6.0169 0.0000
2.5932 6.1864 0.0000
2.5932 6.3559 0.0000
2.5932 6.5254 0.0000
2.5932 6.6949 0.0000
2.5932 6.8644 0.0000
2.5932 7.0339 0.0000
2.5932 7.2034 0.0000
2.5932 7.3729 0.0000
2.8983 1.4407 0.0000
2.8983 1.6102 0.0000
2.8983 1.7797 0.0000
2.8983 1.9492 0.0000
2.8983 2.1186 0.0000
2.8983 2.2881 0.0000
2.8983 2.4576 0.0000
2.8983 2.6271 0.0000
2.8983 2.7966 0.0000
2.8983 2.9661 0.0000
2.8983 3.1356 0.0000
2.8983 3.3051 0.0000
2.8983 3.4746 0.0000
2.8983 3.6441 0.0000
2.8983 3.8136 0.0000
2.8983 3.9831 0.0000
2.8983 4.1525 0.0000
2.8983 4.3220 0.0000
2.8983 4.4915 0.0000
2.8983 4.6610 0.0000
2.8983 4.8305 0.0000
2.8983 5.0000 0.0000
2.8983 5.1695 0.0000
2.8983 5.3390 0.0000
2.8983 5.5085 0.0000
2.8983 5.6780 0.0000
2.8983 5.8475 0.0000
2.8983 6.0169 0.0000
2.8983 6.1864 0.0000
2.8983 6.3559 0.0000
2.8983 6.5254 0.0000
2.8983 6.6949 0.0000
2.8983 6.8644 0.0000
2.8983 7.0339 0.0000
2.8983 7.2034 0.0000
2.8983 7.3729 0.0000
3.2034 1.6102 0.0000
3.2034 1.7797 0.0000
3.2034 1.9492 0.0000
3.2034 2.1186 0.0000
3.2034 2.2881 0.0000
3.2034 2.4576 0.0000
3.2034 2.6271 0.0000
3.2034 2.7966 0.0000
3.2034 2.9661 0.0000
3.2034 3.1356 0.0000
3.2034 3.3051 0.0000
3.2034 3.4746 0.0000
3.2034 3.6441 0.0000
3.2034 3.8136 0.0000
3.2034 3.9831 0.0000
3.2034 4.1525 0.0000
3.2034 4.3220 0.0000
3.2034 4.4915 0.0000
3.2034 4.6610 0.0000
3.2034 4.8305 0.0000
3.2034 5.0000 0.0000
3.2034 5.1695 0.0000
3.2034 5.3390 0.0000
3.2034 5.5085 0.0000
3.2034 5.6780 0.0000
3.2034 5.8475 0.0000
3.2034 6.0169 0.0000
3.2034 6.1864 0.0000
3.2034 6.3559 0.0000
3.2034 6.5254 0.0000
3.2034 6.6949 0.0000
3.2034 6.8644 0.0000
3.2034 7.0339 0.0000
3.2034 7.2034 0.0000
3.2034 7.3729 0.0000
3.2034 7.5424 0.0000
3.5085 1.7797 0.0000
3.5085 1.9492 0.0000
3.5085 2.1186 0.0000
3.5085 2.2881 0.0000
3.5085 2.4576 0.0000
3.5085 2.6271 0.0000
3.5085 2.7966 0.0000
3.5085 2.9661 0.0000
3.5085 3.1356 0.0000
3.5085 3.3051 0.0000
3.5085 3.4746 0.0000
3.5085 3.6441 0.0000
3.5085 3.8136 0.0000
3.5085 3.9831 0.0000
3.5085 4.1525 0.0000
3.5085 4.3220 0.0000
3.5085 4.4915 0.0000
3.5085 4.6610 0.0000
3.5085 4.8305 0.0000
3.5085 5.0000 0.0000
3.5085 5.1695 0.0000
3.5085 5.3390 0.0000
3.5085 5.5085 0.0000
3.5085 5.6780 0.0000
3.5085 5.8475 0.0000
3.5085 6.0169 0.0000
3.5085 6.1864 0.0000
3.5085 6.3559 0.0000
3.5085 6.5254 0.0000
3.5085 6.6949 0.0000
3.5085 6.8644 0.0000
3.5085 7.0339 0.0000
3.5085 7.2034 0.0000
3.5085 7.3729 0.0000
3.5085 7.5424 0.0000
3.8136 1.9492 0.0000
3.8136 2.1186 0.0000
3.8136 2.2881 0.0000
3.8136 2.4576 0.0000
3.8136 2.6271 0.0000
3.8136 2.7966 0.0000
3.8136 2.9661 0.0000
3.8136 3.1356 0.0000
3.8136 3.3051 0.0000
3.8136 3.4746 0.0000
3.8136 3.6441 0.0000
3.8136 3.8136 0.0000
3.8136 3.9831 0.0000
3.8136 4.1525 0.0000
3.8136 4.3220 0.0000
3.8136 4.4915 0.0000
3.8136 4.6610 0.0000
3.8136 4.8305 0.0000
3.8136 5.0000 0.0000
3.8136 5.1695 0.0000
3.8136 5.3390 0.0000
3.8136 5.5085 0.0000
3.8136 5.6780 0.0000
3.8136 5.8475 0.0000
3.8136 6.0169 0.0000
3.8136 6.1864 0.0000
3.8136 6.3559 0.0000
3.8136 6.5254 0.0000
3.8136 6.6949 0.0000
3.8136 6.8644 0.0000
3.8136 7.0339 0.0000
3.8136 7.2034 0.0000
3.8136 7.3729 0.0000
3.8136 7.5424 0.0000
4.1186 2.1186 0.0000
4.1186 2.2881 0.0000
4.1186 2.4576 0.0000
4.1186 2.6271 0.0000
4.1186 2.7966 0.0000
4.1186 2.9661 0.0000
4.1186 3.1356 0.0000
4.1186 3.3051 0.0000
4.1186 3.4746 0.0000
4.1186 3.6441 0.0000
4.1186 3.8136 0.0000
4.1186 3.9831 0.0000
4.1186 4.1525 0.0000
4.1186 4.3220 0.0000
4.1186 4.4915 0.0000
4.1186 4.6610 0.0000
4.1186 4.8305 0.0000
4.1186 5.0000 0.0000
4.1186 5.1695 0.0000
4.1186 5.3390 0.0000
4.1186 5.5085 0.0000
4.1186 5.6780 0.0000
4.1186 5.8475 0.0000
4.1186 6.0169 0.0000
4.1186 6.1864 0.0000
4.1186 6.3559 0.0000
4.1186 6.5254 0.0000
4.1186 6.6949 0.0000
4.1186 6.8644 0.0000
4.1186 7.0339 0.0000
4.1186 7.2034 0.0000
4.1186 7.3729 0.0000
4.1186 7.5424 0.0000
4.4237 2.1186 0.0000
4.4237 2.2881 0.0000
4.4237 2.4576 0.0000
4.4237 2.6271 0.0000
4.4237 2.7966 0.0000
4.4237 2.9661 0.0000
4.4237 3.1356 0.0000
4.4237 3.3051 0.0000
4.4237 3.4746 0.0000
4.4237 3.6441 0.0000
4.4237 3.8136 0.0000
4.4237 3.9831 0.0000
4.4237 4.1525 0.0000
4.4237 4.3220 0.0000
4.4237 4.4915 0.0000
4.4237 4.6610 0.0000
4.4237 4.8305 0.0000
4.4237 5.0000 0.0000
4.4237 5.1695 0.0000
4.4237 5.3390 0.0000
4.4237 5.5085 0.0000
4.4237 5.6780 0.0000
4.4237 5.8475 0.0000
4.4237 6.0169 0.0000
4.4237 6.1864 0.0000
4.4237 6.3559 0.0000
4.4237 6.5254 0.0000
4.4237 6.6949 0.0000
4.4237 6.8644 0.0000
4.4237 7.0339 0.0000
4.4237 7.2034 0.0000
4.4237 7.3729 0.0000
4.4237 7.5424 0.0000
4.4237 7.7119 0.0000
4.7288 2.2881 0.0000
4.7288 2.4576 0.0000
4.7288 2.6271 0.0000
4.7288 2.7966 0.0000
4.7288 2.9661 0.0000
4.7288 3.1356 0.0000
4.7288 3.3051 0.0000
4.7288 3.4746 0.0000
4.7288 3.6441 0.0000
4.7288 3.8136 0.0000
4.7288 3.9831 0.0000
4.7288 4.1525 0.0000
4.7288 4.3220 0.0000
4.7288 4.4915 0.0000
4.7288 4.6610 0.0000
4.7288 4.8305 0.0000
4.7288 5.0000 0.0000
4.7288 5.1695 0.0000
4.7288 5.3390 0.0000
4.7288 5.5085 0.0000
4.7288 5.6780 0.0000
4.7288 5.8475 0.0000
4.7288 6.0169 0.0000
4.7288 6.1864 0.0000
4.7288 6.3559 0.0000
4.7288 6.5254 0.0000
4.7288 6.6949 0.0000
4.7288 6.8644 0.0000
4.7288 7.0339 0.0000
4.7288 7.2034 0.0000
4.7288 7.3729 0.0000
4.7288 7.5424 0.0000
4.7288 7.7119 0.0000
5.0339 2.4576 0.0000
5.0339 2.6271 0.0000
5.0339 2.7966 0.0000
5.0339 2.9661 0.0000
5.0339 3.1356 0.0000
5.0339 3.3051 0.0000
5.0339 3.4746 0.0000
5.0339 3.6441 0.0000
5.0339 3.8136 0.0000
5.0339 3.9831 0.0000
5.0339 4.1525 0.0000
5.0339 4.3220 0.0000
5.0339 4.4915 0.0000
5.0339 4.6610 0.0000
5.0339 4.8305 0.0000
5.0339 5.0000 0.0000
5.0339 5.1695 0.0000
5.0339 5.3390 0.0000
5.0339 5.5085 0.0000
5.0339 5.6780 0.0000
5.0339 5.8475 0.0000
5.0339 6.0169 0.0000
5.0339 6.1864 0.0000
5.0339 6.3559 0.0000
5.0339 6.5254 0.0000
5.0339 6.6949 0.0000
5.0339 6.8644 0.0000
5.0339 7.0339 0.0000
5.0339 7.2034 0.0000
5.0339 7.3729 0.0000
5.0339 7.5424 0.0000
5.0339 7.7119 0.0000
5.3390 2.6271 0.0000
5.3390 2.7966 0.0000
5.3390 2.9661 0.0000
5.3390 3.1356 0.0000
5.3390 3.3051 0.0000
5.3390 3.4746 0.0000
5.3390 3.6441 0.0000
5.3390 3.8136 0.0000
5.3390 3.9831 0.0000
5.3390 4.1525 0.0000
5.3390 4.3220 0.0000
5.3390 4.4915 0.0000
5.3390 4.6610 0.0000
5.3390 4.8305 0.0000
5.3390 5.0000 0.0000
5.3390 5.1695 0.0000
5.3390 5.3390 0.0000
5.3390 5.5085 0.0000
5.3390 5.6780 0.0000
5.3390 5.8475 0.0000
5.3390 6.0169 0.0000
5.3390 6.1864 0.0000
5.3390 6.3559 0.0000
5.3390 6.5254 0.0000
5.3390 6.6949 0.0000
5.3390 6.8644 0.0000
5.3390 7.0339 0.0000
5.3390 7.2034 0.0000
5.3390 7.3729 0.0000
5.3390 7.5424 0.0000
5.3390 7.7119 0.0000
5.6441 2.7966 0.0000
5.6441 2.9661 0.0000
5.6441 3.1356 0.0000
5.6441 3.3051 0.0000
5.6441 3.4746 0.0000
5.6441 3.6441 0.0000
5.6441 3.8136 0.0000
5.6441 3.9831 0.0000
5.6441 4.1525 0.0000
5.6441 4.3220 0.0000
5.6441 4.4915 0.0000
5.6441 4.6610 0.0000
5.6441 4.8305 0.0000
5.6441 5.0000 0.0000
5.6441 5.1695 0.0000
5.6441 5.3390 0.0000
5.6441 5.5085 0.0000
5.6441 5.6780 0.0000
5.6441 5.8475 0.0000
5.6441 6.0169 0.0000
5.6441 6.1864 0.0000
5.6441 6.3559 0.0000
5.6441 6.5254 0.0000
5.6441 6.6949 0.0000
5.6441 6.8644 0.0000
5.6441 7.0339 0.0000
5.6441 7.2034 0.0000
5.6441 7.3729 0.0000
5.6441 7.5424 0.0000
5.6441 7.7119 0.0000
5.6441 7.8814 0.0000
5.9492 2.9661 0.0000
5.9492 3.1356 0.0000
5.9492 3.3051 0.0000
5.9492 3.4746 0.0000
5.9492 3.6441 0.0000
5.9492 3.8136 0.0000
5.9492 3.9831 0.0000
5.9492 4.1525 0.0000
5.9492 4.3220 0.0000
5.9492 4.4915 0.0000
5.9492 4.6610 0.0000
5.9492 4.8305 0.0000
5.9492 5.0000 0.0000
5.9492 5.1695 0.0000
5.9492 5.3390 0.0000
5.9492 5.5085 0.0000
5.9492 5.6780 0.0000
5.9492 5.8475 0.0000
5.9492 6.0169 0.0000
5.9492 6.1864 0.0000
5.9492 6.3559 0.0000
5.9492 6.5254 0.0000
5.9492 6.6949 0.0000
5.9492 6.8644 0.0000
5.9492 7.0339 0.0000
5.9492 7.2034 0.0000
5.9492 7.3729 0.0000
5.9492 7.5424 0.0000
5.9492 7.7119 0.0000
5.9492 7.8814 0.0000
6.2542 3.1356 0.0000
6.2542 3.3051 0.0000
6.2542 3.4746 0.0000
6.2542 3.6441 0.0000
6.2542 3.8136 0.0000
6.2542 3.9831 0.0000
6.2542 4.1525 0.0000
6.2542 4.3220 0.0000
6.2542 4.4915 0.0000
6.2542 4.6610 0.0000
6.2542 4.8305 0.0000
6.2542 5.0000 0.0000
6.2542 5.1695 0.0000
6.2542 5.3390 0.0000
6.2542 5.5085 0.0000
6.2542 5.6780 0.0000
6.2542 5.8475 0.0000
6.2542 6.0169 0.0000
6.2542 6.1864 0.0000
6.2542 6.3559 0.0000
6.2542 6.5254 0.0000
6.2542 6.6949 0.0000
6.2542 6.8644 0.0000
6.2542 7.0339 0.0000
6.2542 7.2034 0.0000
6.2542 7.3729 0.0000
6.2542 7.5424 0.0000
6.2542 7.7119 0.0000
6.2542 7.8814 0.0000
6.5593 3.1356 0.0000
6.5593 3.3051 0.0000
6.5593 3.4746 0.0000
6.5593 3.6441 0.0000
6.5593 3.8136 0.0000
6.5593 3.9831 0.0000
6.5593 4.1525 0.0000
6.5593 4.3220 0.0000
6.5593 4.4915 0.0000
6.5593 4.6610 0.0000
6.5593 4.8305 0.0000
6.5593 5.0000 0.0000
6.5593 5.1695 0.0000
6.5593 5.3390 0.0000
6.5593 5.5085 0.0000
6.5593 5.6780 0.0000
6.5593 5.8475 0.0000
6.5593 6.0169 0.0000
6.5593 6.1864 0.0000
6.5593 6.3559 0.0000
6.5593 6.5254 0.0000
6.5593 6.6949 0.0000
6.5593 6.8644 0.0000
6.5593 7.0339 0.0000
6.5593 7.2034 0.0000
6.5593 7.3729 0.0000
6.5593 7.5424 0.0000
6.5593 7.7119 0.0000
6.5593 7.8814 0.0000
6.8644 3.3051 0.0000
6.8644 3.4746 0.0000
6.8644 3.6441 0.0000
6.8644 3.8136 0.0000
6.8644 3.9831 0.0000
6.8644 4.1525 0.0000
6.8644 4.3220 0.0000
6.8644 4.4915 0.0000
6.8644 4.6610 0.0000
6.8644 4.8305 0.0000
6.8644 5.0000 0.0000
6.8644 5.1695 0.0000
6.8644 5.3390 0.0000
6.8644 5.5085 0.0000
6.8644 5.6780 0.0000
6.8644 5.8475 0.0000
6.8644 6.0169 0.0000
6.8644 6.1864 0.0000
6.8644 6.3559 0.0000
6.8644 6.5254 0.0000
6.8644 6.6949 0.0000
6.8644 6.8644 0.0000
6.8644 7.0339 0.0000
6.8644 7.2034 0.0000
6.8644 7.3729 0.0000
6.8644 7.5424 0.0000
6.8644 7.7119 0.0000
6.8644 7.8814 0.0000
7.1695 3.4746 0.0000
7.1695 3.6441 0.0000
7.1695 3.8136 0.0000
7.1695 3.9831 0.0000
7.1695 4.1525 0.0000
7.1695 4.3220 0.0000
7.1695 4.4915 0.0000
7.1695 4.6610 0.0000
7.1695 4.8305 0.0000
7.1695 5.0000 0.0000
7.1695 5.1695 0.0000
7.1695 5.3390 0.0000
7.1695 5.5085 0.0000
7.1695 5.6780 0.0000
7.1695 5.8475 0.0000
7.1695 6.0169 0.0000
7.1695 6.1864 0.0000
7.1695 6.3559 0.0000
7.1695 6.5254 0.0000
7.1695 6.6949 0.0000
7.1695 6.8644 0.0000
7.1695 7.0339 0.0000
7.1695 7.2034 0.0000
7.1695 7.3729 0.0000
7.1695 7.5424 0.0000
7.1695 7.7119 0.0000
7.1695 7.8814 0.0000
7.1695 8.0508 0.0000
7.4746 3.6441 0.0000
7.4746 3.8136 0.0000
7.4746 3.9831 0.0000
7.4746 4.1525 0.0000
7.4746 4.3220 0.0000
7.4746 4.4915 0.0000
7.4746 4.6610 0.0000
7.4746 4.8305 0.0000
7.4746 5.0000 0.0000
7.4746 5.1695 0.0000
7.4746 5.3390 0.0000
7.4746 5.5085 0.0000
7.4746 5.6780 0.0000
7.4746 5.8475 0.0000
7.4746 6.0169 0.0000
7.4746 6.1864 0.0000
7.4746 6.3559 0.0000
7.4746 6.5254 0.0000
7.4746 6.6949 0.0000
7.4746 6.8644 0.0000
7.4746 7.0339 0.0000
7.4746 7.2034 0.0000
7.4746 7.3729 0.0000
7.4746 7.5424 0.0000
7.4746 7.7119 0.0000
7.4746 7.8814 0.0000
7.4746 8.0508 0.0000
7.7797 3.8136 0.0000
7.7797 3.9831 0.0000
7.7797 4.1525 0.0000
7.7797 4.3220 0.0000
7.7797 4.4915 0.0000
7.7797 4.6610 0.0000
7.7797 4.8305 0.0000
7.7797 5.0000 0.0000
7.7797 5.1695 0.0000
7.7797 5.3390 0.0000
7.7797 5.5085 0.0000
7.7797 5.6780 0.0000
7.7797 5.8475 0.0000
7.7797 6.0169 0.0000
7.7797 6.1864 0.0000
7.7797 6.3559 0.0000
7.7797 6.5254 0.0000
7.7797 6.6949 0.0000
7.7797 6.8644 0.0000
7.7797 7.0339 0.0000
7.7797 7.2034 0.0000
7.7797 7.3729 0.0000
7.7797 7.5424 0.0000
7.7797 7.7119 0.0000
7.7797 7.8814 0.0000
7.7797 8.0508 0.0000
8.0847 3.9831 0.0000
8.0847 4.1525 0.0000
8.0847 4.3220 0.0000
8.0847 4.4915 0.0000
8.0847 4.6610 0.0000
8.0847 4.8305 0.0000
8.0847 5.0000 0.0000
8.0847 5.1695 0.0000
8.0847 5.3390 0.0000
8.0847 5.5085 0.0000
8.0847 5.6780 0.0000
8.0847 5.8475 0.0000
8.0847 6.0169 0.0000
8.0847 6.1864 0.0000
8.0847 6.3559 0.0000
8.0847 6.5254 0.0000
8.0847 6.6949 0.0000
8.0847 6.8644 0.0000
8.0847 7.0339 0.0000
8.0847 7.2034 0.0000
8.0847 7.3729 0.0000
8.0847 7.5424 0.0000
8.0847 7.7119 0.0000
8.0847 7.8814 0.0000
8.0847 8.0508 0.0000
8.3898 3.9831 0.0000
8.3898 4.1525 0.0000
8.3898 4.3220 0.0000
8.3898 4.4915 0.0000
8.3898 4.6610 0.0000
8.3898 4.8305 0.0000
8.3898 5.0000 0.0000
8.3898 5.1695 0.0000
8.3898 5.3390 0.0000
8.3898 5.5085 0.0000
8.3898 5.6780 0.0000
8.3898 5.8475 0.0000
8.3898 6.0169 0.0000
8.3898 6.1864 0.0000
8.3898 6.3559 0.0000
8.3898 6.5254 0.0000
8.3898 6.6949 0.0000
8.3898 6.8644 0.0000
8.3898 7.0339 0.0000
8.3898 7.2034 0.0000
8.3898 7.3729 0.0000
8.3898 7.5424 0.0000
8.3898 7.7119 0.0000
8.3898 7.8814 0.0000
8.3898 8.0508 0.0000
8.3898 8.2203 0.0000
8.6949 4.1525 0.0000
8.6949 4.3220 0.0000
8.6949 4.4915 0.0000
8.6949 4.6610 0.0000
8.6949 4.8305 0.0000
8.6949 5.0000 0.0000
8.6949 5.1695 0.0000
8.6949 5.3390 0.0000
8.6949 5.5085 0.0000
8.6949 5.6780 0.0000
8.6949 5.8475 0.0000
8.6949 6.0169 0.0000
8.6949 6.1864 0.0000
8.6949 6.3559 0.0000
8.6949 6.5254 0.0000
8.6949 6.6949 0.0000
8.6949 6.8644 0.0000
8.6949 7.0339 0.0000
8.6949 7.2034 0.0000
8.6949 7.3729 0.0000
8.6949 7.5424 0.0000
8.6949 7.7119 0.0000
8.6949 7.8814 0.0000
8.6949 8.0508 0.0000
8.6949 8.2203 0.0000
9.0000 4.3220 0.0000
9.0000 4.4915 0.0000
9.0000 4.6610 0.0000
9.0000 4.8305 0.0000
9.0000 5.0000 0.0000
9.0000 5.1695 0.0000
9.0000 5.3390 0.0000
9.0000 5.5085 0.0000
9.0000 5.6780 0.0000
9.0000 5.8475 0.0000
9.0000 6.0169 0.0000
9.0000 6.1864 0.0000
9.0000 6.3559 0.0000
9.0000 6.5254 0.0000
9.0000 6.6949 0.0000
9.0000 6.8644 0.0000
9.0000 7.0339 0.0000
9.0000 7.2034 0.0000
9.0000 7.3729 0.0000
9.0000 7.5424 0.0000
9.0000 7.7119 0.0000
9.0000 7.8814 0.0000
9.0000 8.0508 0.0000
9.0000 8.2203 0.0000
9.3051 4.4915 0.0000
9.3051 4.6610 0.0000
9.3051 4.8305 0.0000
9.3051 5.0000 0.0000
9.3051 5.1695 0.0000
9.3051 5.3390 0.0000
9.3051 5.5085 0.0000
9.3051 5.6780 0.0000
9.3051 5.8475 0.0000
9.3051 6.0169 0.0000
9.3051 6.1864 0.0000
9.3051 6.3559 0.0000
9.3051 6.5254 0.0000
9.3051 6.6949 0.0000
9.3051 6.8644 0.0000
9.3051 7.0339 0.0000
9.3051 7.2034 0.0000
9.3051 7.3729 0.0000
9.3051 7.5424 0.0000
9.3051 7.7119 0.0000
9.3051 7.8814 0.0000
9.3051 8.0508 0.0000
9.3051 8.2203 0.0000
9.6102 4.6610 0.0000
9.6102 4.8305 0.0000
9.6102 5.0000 0.0000
9.6102 5.1695 0.0000
9.6102 5.3390 0.0000
9.6102 5.5085 0.0000
9.6102 5.6780 0.0000
9.6102 5.8475 0.0000
9.6102 6.0169 0.0000
9.6102 6.1864 0.0000
9.6102 6.3559 0.0000
9.6102 6.5254 0.0000
9.6102 6.6949 0.0000
9.6102 6.8644 0.0000
9.6102 7.0339 0.0000
9.6102 7.2034 0.0000
9.6102 7.3729 0.0000
9.6102 7.5424 0.0000
9.6102 7.7119 0.0000
9.6102 7.8814 0.0000
9.6102 8.0508 0.0000
9.6102 8.2203 0.0000
9.6102 8.3898 0.0000
9.9153 4.8305 0.0000
9.9153 5.0000 0.0000
9.9153 5.1695 0.0000
9.9153 5.3390 0.0000
9.9153 5.5085 0.0000
9.9153 5.6780 0.0000
9.9153 5.8475 0.0000
9.9153 6.0169 0.0000
9.9153 6.1864 0.0000
9.9153 6.3559 0.0000
9.9153 6.5254 0.0000
9.9153 6.6949 0.0000
9.9153 6.8644 0.0000
9.9153 7.0339 0.0000
9.9153 7.2034 0.0000
9.9153 7.3729 0.0000
9.9153 7.5424 0.0000
9.9153 7.7119 0.0000
9.9153 7.8814 0.0000
9.9153 8.0508 0.0000
9.9153 8.2203 0.0000
9.9153 8.3898 0.0000
10.2203 4.8305 0.0000
10.2203 5.0000 0.0000
10.2203 5.1695 0.0000
10.2203 5.3390 0.0000
10.2203 5.5085 0.0000
10.2203 5.6780 0.0000
10.2203 5.8475 0.0000
10.2203 6.0169 0.0000
10.2203 6.1864 0.0000
10.2203 6.3559 0.0000
10.2203 6.5254 0.0000
10.2203 6.6949 0.0000
10.2203 6.8644 0.0000
10.2203 7.0339 0.0000
10.2203 7.2034 0.0000
10.2203 7.3729 0.0000
10.2203 7.5424 0.0000
10.2203 7.7119 0.0000
10.2203 7.8814 0.0000
10.2203 8.0508 0.0000
10.2203 8.2203 0.0000
10.2203 8.3898 0.0000
10.5254 5.0000 0.0000
10.5254 5.1695 0.0000
10.5254 5.3390 0.0000
10.5254 5.5085 0.0000
10.5254 5.6780 0.0000
10.5254 5.8475 0.0000
10.5254 6.0169 0.0000
10.5254 6.1864 0.0000
10.5254 6.3559 0.0000
10.5254 6.5254 0.0000
10.5254 6.6949 0.0000
10.5254 6.8644 0.0000
10.5254 7.0339 0.0000
10.5254 7.2034 0.0000
10.5254 7.3729 0.0000
10.5254 7.5424 0.0000
10.5254 7.7119 0.0000
10.5254 7.8814 0.0000
10.5254 8.0508 0.0000
10.5254 8.2203 0.0000
10.5254 8.3898 0.0000
10.8305 5.1695 0.0000
10.8305 5.3390 0.0000
10.8305 5.5085 0.0000
10.8305 5.6780 0.0000
10.8305 5.8475 0.0000
10.8305 6.0169 0.0000
10.8305 6.1864 0.0000
10.8305 6.3559 0.0000
10.8305 6.5254 0.0000
10.8305 6.6949 0.0000
10.8305 6.8644 0.0000
10.8305 7.0339 0.0000
10.8305 7.2034 0.0000
10.8305 7.3729 0.0000
10.8305 7.5424 0.0000
10.8305 7.7119 0.0000
10.8305 7.8814 0.0000
10.8305 8.0508 0.0000
10.8305 8.2203 0.0000
10.8305 8.3898 0.0000
10.8305 8.5593 0.0000
11.1356 5.3390 0.0000
11.1356 5.5085 0.0000
11.1356 5.6780 0.0000
11.1356 5.8475 0.0000
11.1356 6.0169 0.0000
11.1356 6.1864 0.0000
11.1356 6.3559 0.0000
11.1356 6.5254 0.0000
11.1356 6.6949 0.0000
11.1356 6.8644 0.0000
11.1356 7.0339 0.0000
11.1356 7.2034 0.0000
11.1356 7.3729 0.0000
11.1356 7.5424 0.0000
11.1356 7.7119 0.0000
11.1356 7.8814 0.0000
11.1356 8.0508 0.0000
11.1356 8.2203 0.0000
11.1356 8.3898 0.0000
11.1356 8.5593 0.0000
11.4407 5.5085 0.0000
11.4407 5.6780 0.0000
11.4407 5.8475 0.0000
11.4407 6.0169 0.0000
11.4407 6.1864 0.0000
11.4407 6.3559 0.0000
11.4407 6.5254 0.0000
11.4407 6.6949 0.0000
11.4407 6.8644 0.0000
11.4407 7.0339 0.0000
11.4407 7.2034 0.0000
11.4407 7.3729 0.0000
11.4407 7.5424 0.0000
11.4407 7.7119 0.0000
11.4407 7.8814 0.0000
11.4407 8.0508 0.0000
11.4407 8.2203 0.0000
11.4407 8.3898 0.0000
11.4407 8.5593 0.0000
11.7458 5.6780 0.0000
11.7458 5.8475 0.0000
11.7458 6.0169 0.0000
11.7458 6.1864 0.0000
11.7458 6.3559 0.0000
11.7458 6.5254 0.0000
11.7458 6.6949 0.0000
11.7458 6.8644 0.0000
11.7458 7.0339 0.0000
11.7458 7.2034 0.0000
11.7458 7.3729 0.0000
11.7458 7.5424 0.0000
11.7458 7.7119 0.0000
11.7458 7.8814 0.0000
11.7458 8.0508 0.0000
11.7458 8.2203 0.0000
11.7458 8.3898 0.0000
11.7458 8.5593 0.0000
12.0508 5.6780 0.0000
12.0508 5.8475 0.0000
12.0508 6.0169 0.0000
12.0508 6.1864 0.0000
12.0508 6.3559 0.0000
12.0508 6.5254 0.0000
12.0508 6.6949 0.0000
12.0508 6.8644 0.0000
12.0508 7.0339 0.0000
12.0508 7.2034 0.0000
12.0508 7.3729 0.0000
12.0508 7.5424 0.0000
12.0508 7.7119 0.0000
12.0508 7.8814 0.0000
12.0508 8.0508 0.0000
12.0508 8.2203 0.0000
12.0508 8.3898 0.0000
12.0508 8.5593 0.0000
12.3559 5.8475 0.0000
12.3559 6.0169 0.0000
12.3559 6.1864 0.0000
12.3559 6.3559 0.0000
12.3559 6.5254 0.0000
12.3559 6.6949 0.0000
12.3559 6.8644 0.0000
12.3559 7.0339 0.0000
12.3559 7.2034 0.0000
12.3559 7.3729 0.0000
12.3559 7.5424 0.0000
12.3559 7.7119 0.0000
12.3559 7.8814 0.0000
12.3559 8.0508 0.0000
12.3559 8.2203 0.0000
12.3559 8.3898 0.0000
12.3559 8.5593 0.0000
12.3559 8.7288 0.0000
12.6610 6.0169 0.0000
12.6610 6.1864 0.0000
12.6610 6.3559 0.0000
12.6610 6.5254 0.0000
12.6610 6.6949 0.0000
12.6610 6.8644 0.0000
12.6610 7.0339 0.0000
12.6610 7.2034 0.0000
12.6610 7.3729 0.0000
12.6610 7.5424 0.0000
12.6610 7.7119 0.0000
12.6610 7.8814 0.0000
12.6610 8.0508 0.0000
12.6610 8.2203 0.0000
12.6610 8.3898 0.0000
12.6610 8.5593 0.0000
12.6610 8.7288 0.0000
12.9661 6.1864 0.0000
12.9661 6.3559 0.0000
12.9661 6.5254 0.0000
12.9661 6.6949 0.0000
12.9661 6.8644 0.0000
12.9661 7.0339 0.0000
12.9661 7.2034 0.0000
12.9661 7.3729 0.0000
12.9661 7.5424 0.0000
12.9661 7.7119 0.0000
12.9661 7.8814 0.0000
12.9661 8.0508 0.0000
12.9661 8.2203 0.0000
12.9661 8.3898 0.0000
12.9661 8.5593 0.0000
12.9661 8.7288 0.0000
13.2712 6.3559 0.0000
13.2712 6.5254 0.0000
13.2712 6.6949 0.0000
13.2712 6.8644 0.0000
13.2712 7.0339 0.0000
13.2712 7.2034 0.0000
13.2712 7.3729 0.0000
13.2712 7.5424 0.0000
13.2712 7.7119 0.0000
13.2712 7.8814 0.0000
13.2712 8.0508 0.0000
13.2712 8.2203 0.0000
13.2712 8.3898 0.0000
13.2712 8.5593 0.0000
13.2712 8.7288 0.0000
13.5763 6.5254 0.0000
13.5763 6.6949 0.0000
13.5763 6.8644 0.0000
13.5763 7.0339 0.0000
13.5763 7.2034 0.0000
13.5763 7.3729 0.0000
13.5763 7.5424 0.0000
13.5763 7.7119 0.0000
13.5763 7.8814 0.0000
13.5763 8.0508 0.0000
13.5763 8.2203 0.0000
13.5763 8.3898 0.0000
13.5763 8.5593 0.0000
13.5763 8.7288 0.0000
13.5763 8.8983 0.0000
13.8814 6.5254 0.0000
13.8814 6.6949 0.0000
13.8814 6.8644 0.0000
13.8814 7.0339 0.0000
13.8814 7.2034 0.0000
13.8814 7.3729 0.0000
13.8814 7.5424 0.0000
13.8814 7.7119 0.0000
13.8814 7.8814 0.0000
13.8814 8.0508 0.0000
13.8814 8.2203 0.0000
13.8814 8.3898 0.0000
13.8814 8.5593 0.0000
13.8814 8.7288 0.0000
13.8814 8.8983 0.0000
14.1864 6.6949 0.0000
14.1864 6.8644 0.0000
14.1864 7.0339 0.0000
14.1864 7.2034 0.0000
14.1864 7.3729 0.0000
14.1864 7.5424 0.0000
14.1864 7.7119 0.0000
14.1864 7.8814 0.0000
14.1864 8.0508 0.0000
14.1864 8.2203 0.0000
14.1864 8.3898 0.0000
14.1864 8.5593 0.0000
14.1864 8.7288 0.0000
14.1864 8.8983 0.0000
14.4915 6.8644 0.0000
14.4915 7.0339 0.0000
14.4915 7.2034 0.0000
14.4915 7.3729 0.0000
14.4915 7.5424 0.0000
14.4915 7.7119 0.0000
14.4915 7.8814 0.0000
14.4915 8.0508 0.0000
14.4915 8.2203 0.0000
14.4915 8.3898 0.0000
14.4915 8.5593 0.0000
14.4915 8.7288 0.0000
14.4915 8.8983 0.0000
14.7966 7.0339 0.0000
14.7966 7.2034 0.0000
14.7966 7.3729 0.0000
14.7966 7.5424 0.0000
14.7966 7.7119 0.0000
14.7966 7.8814 0.0000
14.7966 8.0508 0.0000
14.7966 8.2203 0.0000
14.7966 8.3898 0.0000
14.7966 8.5593 0.0000
14.7966 8.7288 0.0000
14.7966 8.8983 0.0000
14.7966 9.0678 0.0000
15.1017 7.2034 0.0000
15.1017 7.3729 0.0000
15.1017 7.5424 0.0000
15.1017 7.7119 0.0000
15.1017 7.8814 0.0000
15.1017 8.0508 0.0000
15.1017 8.2203 0.0000
15.1017 8.3898 0.0000
15.1017 8.5593 0.0000
15.1017 8.7288 0.0000
15.1017 8.8983 0.0000
15.1017 9.0678 0.0000
15.4068 7.3729 0.0000
15.4068 7.5424 0.0000
15.4068 7.7119 0.0000
15.4068 7.8814 0.0000
15.4068 8.0508 0.0000
15.4068 8.2203 0.0000
15.4068 8.3898 0.0000
15.4068 8.5593 0.0000
15.4068 8.7288 0.0000
15.4068 8.8983 0.0000
15.4068 9.0678 0.0000
15.7119 7.5424 0.0000
15.7119 7.7119 0.0000
15.7119 7.8814 0.0000
15.7119 8.0508 0.0000
15.7119 8.2203 0.0000
15.7119 8.3898 0.0000
15.7119 8.5593 0.0000
15.7119 8.7288 0.0000
15.7119 8.8983 0.0000
15.7119 9.0678 0.0000
16.0169 7.5424 0.0000
16.0169 7.7119 0.0000
16.0169 7.8814 0.0000
16.0169 8.0508 0.0000
16.0169 8.2203 0.0000
16.0169 8.3898 0.0000
16.0169 8.5593 0.0000
16.0169 8.7288 0.0000
16.0169 8.8983 0.0000
16.0169 9.0678 0.0000
16.3220 7.7119 0.0000
16.3220 7.8814 0.0000
16.3220 8.0508 0.0000
16.3220 8.2203 0.0000
16.3220 8.3898 0.0000
16.3220 8.5593 0.0000
16.3220 8.7288 0.0000
16.3220 8.8983 0.0000
16.3220 9.0678 0.0000
16.3220 9.2373 0.0000
16.6271 7.8814 0.0000
16.6271 8.0508 0.0000
16.6271 8.2203 0.0000
16.6271 8.3898 0.0000
16.6271 8.5593 0.0000
16.6271 8.7288 0.0000
16.6271 8.8983 0.0000
16.6271 9.0678 0.0000
16.6271 9.2373 0.0000
16.9322 8.0508 0.0000
16.9322 8.2203 0.0000
16.9322 8.3898 0.0000
16.9322 8.5593 0.0000
16.9322 8.7288 0.0000
16.9322 8.8983 0.0000
16.9322 9.0678 0.0000
16.9322 9.2373 0.0000
17.2373 8.2203 0.0000
17.2373 8.3898 0.0000
17.2373 8.5593 0.0000
17.2373 8.7288 0.0000
17.2373 8.8983 0.0000
17.2373 9.0678 0.0000
17.2373 9.2373 0.0000
17.5424 8.3898 0.0000
17.5424 8.5593 0.0000
17.5424 8.7288 0.0000
17.5424 8.8983 0.0000
17.5424 9.0678 0.0000
17.5424 9.2373 0.0000
17.5424 9.4068 0.0000
17.8475 8.3898 0.0000
17.8475 8.5593 0.0000
17.8475 8.7288 0.0000
17.8475 8.8983 0.0000
17.8475 9.0678 0.0000
17.8475 9.2373 0.0000
17.8475 9.4068 0.0000
0.1525 0.7627 0.0000
0.1525 7.0339 0.0000
6.2542 2.9661 0.0000
8.0847 3.8136 0.0000
9.9153 4.6610 0.0000
15.7119 7.3729 0.0000
17.5424 8.2203 0.0000
0.1525 0.4237 0.0000
0.1525 0.5932 0.0000
0.1525 6.8644 0.0000
0.1525 7.2034 0.0000
1.6780 7.3729 0.0000
2.8983 7.5424 0.0000
4.1186 7.7119 0.0000
5.3390 7.8814 0.0000
6.8644 8.0508 0.0000
8.0847 8.2203 0.0000
9.3051 8.3898 0.0000
10.5254 8.5593 0.0000
12.0508 8.7288 0.0000
13.2712 8.8983 0.0000
14.4915 9.0678 0.0000
16.0169 9.2373 0.0000
17.2373 9.4068 0.0000
1.0678 7.3729 0.0000
1.3729 7.3729 0.0000
2.2881 7.5424 0.0000
2.5932 7.5424 0.0000
3.5085 7.7119 0.0000
3.8136 7.7119 0.0000
5.0339 7.8814 0.0000
6.2542 8.0508 0.0000
6.5593 8.0508 0.0000
7.4746 8.2203 0.0000
7.7797 8.2203 0.0000
9.0000 8.3898 0.0000
10.2203 8.5593 0.0000
11.4407 8.7288 0.0000
11.7458 8.7288 0.0000
12.6610 8.8983 0.0000
12.9661 8.8983 0.0000
14.1864 9.0678 0.0000
15.4068 9.2373 0.0000
15.7119 9.2373 0.0000
16.6271 9.4068 0.0000
16.9322 9.4068 0.0000
17.8475 9.5763 0.0000
0.0000 0.0526 0.0000
0.1127 0.1069 0.0000
0.0000 0.4826 0.0000
0.0028 0.5085 0.0000
0.0036 0.5065 0.0000
0.0051 0.5113 0.0000
0.0000 0.7096 0.0000
0.0011 0.6780 0.0000
0.0024 0.6767 0.0000
0.0025 0.6793 0.0000
0.0000 6.8426 0.0000
0.0000 6.9835 0.0000
0.0080 6.9492 0.0000
0.0144 6.9412 0.0000
0.0120 6.9558 0.0000
0.0000 7.2095 0.0000
0.2164 7.2881 0.0000
0.0454 7.2629 0.0000
0.3051 0.1632 0.0000
0.3171 0.1695 0.0000
0.2728 0.1515 0.0000
0.3103 0.1666 0.0000
0.3051 7.2980 0.0000
0.2912 7.2959 0.0000
0.3277 7.3007 0.0000
0.6102 0.3235 0.0000
0.4601 0.2528 0.0000
0.6438 0.3390 0.0000
0.6256 0.3304 0.0000
0.6102 7.3354 0.0000
0.5416 7.3263 0.0000
0.7217 7.3501 0.0000
0.9153 0.4635 0.0000
0.7927 0.4071 0.0000
1.0114 0.5085 0.0000
0.9592 0.4841 0.0000
0.9153 7.3752 0.0000
0.7881 7.3588 0.0000
1.0353 7.3910 0.0000
1.2203 0.6062 0.0000
1.1249 0.5615 0.0000
1.3743 0.6780 0.0000
1.2906 0.6389 0.0000
1.2203 7.4150 0.0000
1.1202 7.4020 0.0000
1.2825 7.4231 0.0000
1.5254 0.7485 0.0000
1.4564 0.7163 0.0000
1.7377 0.8475 0.0000
1.6223 0.7936 0.0000
1.5254 7.4547 0.0000
1.5475 7.4576 0.0000
1.5187 7.4539 0.0000
1.5296 7.4553 0.0000
1.8305 0.8907 0.0000
1.7882 0.8710 0.0000
2.1012 1.0169 0.0000
1.9540 0.9483 0.0000
1.8305 7.4945 0.0000
1.7768 7.4875 0.0000
1.9171 7.5057 0.0000
2.1356 1.0330 0.0000
2.1199 1.0257 0.0000
2.2858 1.1030 0.0000
2.1356 7.5342 0.0000
2.0239 7.5197 0.0000
2.2711 7.5518 0.0000
2.4407 1.1752 0.0000
2.4647 1.1864 0.0000
2.3153 1.1168 0.0000
2.4516 1.1804 0.0000
2.4407 7.5739 0.0000
2.3156 7.5576 0.0000
2.5183 7.5840 0.0000
2.7458 1.3175 0.0000
2.6175 1.2577 0.0000
2.8282 1.3559 0.0000
2.7834 1.3350 0.0000
2.7458 7.6136 0.0000
2.8494 7.6271 0.0000
2.7140 7.6095 0.0000
2.7654 7.6162 0.0000
3.0508 1.4598 0.0000
2.9492 1.4124 0.0000
3.1916 1.5254 0.0000
3.1151 1.4897 0.0000
3.0508 7.6533 0.0000
3.0126 7.6484 0.0000
3.1125 7.6614 0.0000
3.3559 1.6020 0.0000
3.2810 1.5671 0.0000
3.5551 1.6949 0.0000
3.4468 1.6444 0.0000
3.3559 7.6931 0.0000
3.2598 7.6805 0.0000
3.5069 7.7127 0.0000
3.6610 1.7443 0.0000
3.6127 1.7218 0.0000
3.9186 1.8644 0.0000
3.7785 1.7991 0.0000
3.6610 7.7328 0.0000
3.5110 7.7133 0.0000
3.7541 7.7449 0.0000
3.9661 1.8866 0.0000
3.9444 1.8765 0.0000
4.1103 1.9538 0.0000
3.9661 7.7725 0.0000
4.1512 7.7966 0.0000
3.9095 7.7651 0.0000
4.0012 7.7771 0.0000
4.2712 2.0288 0.0000
4.2821 2.0339 0.0000
4.2144 2.0024 0.0000
4.2761 2.0311 0.0000
4.2712 7.8122 0.0000
4.2484 7.8093 0.0000
4.3079 7.8170 0.0000
4.5763 2.1711 0.0000
4.4420 2.1085 0.0000
4.6455 2.2034 0.0000
4.6079 2.1858 0.0000
4.5763 7.8520 0.0000
4.4956 7.8414 0.0000
4.7064 7.8689 0.0000
4.8814 2.3134 0.0000
4.7737 2.2632 0.0000
5.0090 2.3729 0.0000
4.9396 2.3405 0.0000
4.8814 7.8917 0.0000
4.7427 7.8736 0.0000
4.9899 7.9058 0.0000
5.1864 2.4556 0.0000
5.1055 2.4179 0.0000
5.3725 2.5424 0.0000
5.2713 2.4952 0.0000
5.1864 7.9314 0.0000
5.4530 7.9661 0.0000
5.1049 7.9208 0.0000
5.2370 7.9380 0.0000
5.4915 2.5979 0.0000
5.4372 2.5726 0.0000
5.7360 2.7119 0.0000
5.6031 2.6499 0.0000
5.4915 7.9711 0.0000
5.4842 7.9702 0.0000
5.5033 7.9727 0.0000
5.7966 2.7401 0.0000
5.7689 2.7272 0.0000
6.0994 2.8814 0.0000
5.9348 2.8046 0.0000
5.7966 8.0108 0.0000
5.7314 8.0023 0.0000
5.9018 8.0245 0.0000
6.1017 2.8824 0.0000
6.1007 2.8819 0.0000
6.1135 2.8879 0.0000
6.1017 8.0506 0.0000
5.9785 8.0345 0.0000
6.2257 8.0667 0.0000
6.4068 3.0247 0.0000
6.2665 2.9593 0.0000
6.4629 3.0508 0.0000
6.4324 3.0366 0.0000
6.4068 8.0903 0.0000
6.3003 8.0764 0.0000
6.4729 8.0989 0.0000
6.7119 3.1669 0.0000
6.5983 3.1140 0.0000
6.8264 3.2203 0.0000
6.7641 3.1913 0.0000
6.7119 8.1300 0.0000
6.7548 8.1356 0.0000
6.6987 8.1283 0.0000
6.7200 8.1311 0.0000
7.0169 3.3092 0.0000
6.9300 3.2687 0.0000
7.1899 3.3898 0.0000
7.0959 3.3460 0.0000
7.0169 8.1697 0.0000
6.9672 8.1632 0.0000
7.0972 8.1802 0.0000
7.3220 3.4515 0.0000
7.2617 3.4233 0.0000
7.5533 3.5593 0.0000
7.4276 3.5007 0.0000
7.3220 8.2094 0.0000
7.2143 8.1954 0.0000
7.4615 8.2276 0.0000
7.6271 3.5937 0.0000
7.5934 3.5780 0.0000
7.9168 3.7288 0.0000
7.7593 3.6554 0.0000
7.6271 8.2492 0.0000
7.4957 8.2320 0.0000
7.7087 8.2598 0.0000
7.9322 3.7360 0.0000
7.9252 3.7327 0.0000
8.0126 3.7735 0.0000
7.9322 8.2889 0.0000
8.0566 8.3051 0.0000
7.8941 8.2839 0.0000
7.9558 8.2920 0.0000
8.2373 3.8783 0.0000
8.0910 3.8101 0.0000
8.2803 3.8983 0.0000
8.2569 3.8874 0.0000
8.2373 8.3286 0.0000
8.2030 8.3241 0.0000
8.2926 8.3358 0.0000
8.5424 4.0205 0.0000
8.4228 3.9647 0.0000
8.6438 4.0678 0.0000
8.5886 4.0421 0.0000
8.5424 8.3683 0.0000
8.4501 8.3563 0.0000
8.6911 8.3877 0.0000
8.8475 4.1628 0.0000
8.7545 4.1194 0.0000
9.0072 4.2373 0.0000
8.9204 4.1968 0.0000
8.8475 8.4080 0.0000
8.6973 8.3885 0.0000
8.9445 8.4207 0.0000
9.1525 4.3050 0.0000
9.0862 4.2741 0.0000
9.3707 4.4068 0.0000
9.2521 4.3515 0.0000
9.1525 8.4478 0.0000
9.3584 8.4746 0.0000
9.0895 8.4396 0.0000
9.1916 8.4529 0.0000
9.4576 4.4473 0.0000
9.4180 4.4288 0.0000
9.7342 4.5763 0.0000
9.5838 4.5062 0.0000
9.4576 8.4875 0.0000
9.4388 8.4850 0.0000
9.4880 8.4914 0.0000
9.7627 4.5896 0.0000
9.7497 4.5835 0.0000
9.9117 4.6591 0.0000
9.7627 8.5272 0.0000
9.6860 8.5172 0.0000
9.8865 8.5433 0.0000
10.0678 4.7318 0.0000
9.9156 4.6608 0.0000
10.0977 4.7458 0.0000
10.0814 4.7382 0.0000
10.0678 8.5669 0.0000
9.9331 8.5494 0.0000
10.1803 8.5816 0.0000
10.3729 4.8741 0.0000
10.2473 4.8155 0.0000
10.4611 4.9153 0.0000
10.4132 4.8929 0.0000
10.3729 8.6067 0.0000
10.6602 8.6441 0.0000
10.2849 8.5952 0.0000
10.4274 8.6138 0.0000
10.6780 5.0164 0.0000
10.5790 4.9702 0.0000
10.8246 5.0847 0.0000
10.7449 5.0476 0.0000
10.6780 8.6464 0.0000
10.6746 8.6459 0.0000
10.6834 8.6471 0.0000
10.9831 5.1586 0.0000
10.9108 5.1249 0.0000
11.1881 5.2542 0.0000
11.0766 5.2023 0.0000
10.9831 8.6861 0.0000
10.9218 8.6781 0.0000
11.0819 8.6990 0.0000
11.2881 5.3009 0.0000
11.2425 5.2796 0.0000
11.5516 5.4237 0.0000
11.4083 5.3569 0.0000
11.2881 8.7258 0.0000
11.1689 8.7103 0.0000
11.4161 8.7425 0.0000
11.5932 5.4432 0.0000
11.5742 5.4343 0.0000
11.7401 5.5116 0.0000
11.5932 8.7655 0.0000
11.4803 8.7508 0.0000
11.6632 8.7747 0.0000
11.8983 5.5854 0.0000
11.9150 5.5932 0.0000
11.8108 5.5446 0.0000
11.9059 5.5890 0.0000
11.8983 8.8053 0.0000
11.9621 8.8136 0.0000
11.8788 8.8027 0.0000
11.9104 8.8068 0.0000
12.2034 5.7277 0.0000
12.0718 5.6663 0.0000
12.2785 5.7627 0.0000
12.2377 5.7437 0.0000
12.2034 8.8450 0.0000
12.1576 8.8390 0.0000
12.2773 8.8546 0.0000
12.5085 5.8699 0.0000
12.4035 5.8210 0.0000
12.6420 5.9322 0.0000
12.5694 5.8984 0.0000
12.5085 8.8847 0.0000
12.4047 8.8712 0.0000
12.6519 8.9034 0.0000
12.8136 6.0122 0.0000
12.7353 5.9757 0.0000
13.0055 6.1017 0.0000
12.9011 6.0530 0.0000
12.8136 8.9244 0.0000
12.6757 8.9065 0.0000
12.8991 8.9356 0.0000
13.1186 6.1545 0.0000
13.0670 6.1304 0.0000
13.3689 6.2712 0.0000
13.2329 6.2077 0.0000
13.1186 8.9641 0.0000
13.2639 8.9831 0.0000
13.0742 8.9584 0.0000
13.1462 8.9677 0.0000
13.4237 6.2967 0.0000
13.3987 6.2851 0.0000
13.5646 6.3624 0.0000
13.4237 9.0039 0.0000
13.3934 8.9999 0.0000
13.4727 9.0102 0.0000
13.7288 6.4390 0.0000
13.7324 6.4407 0.0000
13.7100 6.4302 0.0000
13.7305 6.4398 0.0000
13.7288 9.0436 0.0000
13.6405 9.0321 0.0000
13.8711 9.0621 0.0000
14.0339 6.5813 0.0000
13.8963 6.5171 0.0000
14.0959 6.6102 0.0000
14.0622 6.5945 0.0000
14.0339 9.0833 0.0000
13.8877 9.0643 0.0000
14.1349 9.0965 0.0000
14.3390 6.7235 0.0000
14.2281 6.6718 0.0000
14.4594 6.7797 0.0000
14.3939 6.7491 0.0000
14.3390 9.1230 0.0000
14.5657 9.1525 0.0000
14.2696 9.1140 0.0000
14.3820 9.1286 0.0000
14.6441 6.8658 0.0000
14.5598 6.8265 0.0000
14.8228 6.9492 0.0000
14.7257 6.9038 0.0000
14.6441 9.1627 0.0000
14.6292 9.1608 0.0000
14.6681 9.1659 0.0000
14.9492 7.0080 0.0000
14.8915 6.9812 0.0000
15.1863 7.1186 0.0000
15.0574 7.0585 0.0000
14.9492 9.2025 0.0000
14.8763 9.1930 0.0000
15.0665 9.2177 0.0000
15.2542 7.1503 0.0000
15.2232 7.1359 0.0000
15.5498 7.2881 0.0000
15.3891 7.2132 0.0000
15.2542 9.2422 0.0000
15.1235 9.2252 0.0000
15.3707 9.2573 0.0000
15.5593 7.2926 0.0000
15.5550 7.2905 0.0000
15.6091 7.3158 0.0000
15.5593 9.2819 0.0000
15.4650 9.2696 0.0000
15.6178 9.2895 0.0000
15.8644 7.4348 0.0000
15.7208 7.3679 0.0000
15.9133 7.4576 0.0000
15.8867 7.4452 0.0000
15.8644 9.3216 0.0000
15.8675 9.3220 0.0000
15.8635 9.3215 0.0000
15.8650 9.3217 0.0000
16.1695 7.5771 0.0000
16.0526 7.5226 0.0000
16.2768 7.6271 0.0000
16.2184 7.5999 0.0000
16.1695 9.3613 0.0000
16.1122 9.3539 0.0000
16.2619 9.3734 0.0000
16.4746 7.7194 0.0000
16.3843 7.6773 0.0000
16.6402 7.7966 0.0000
16.5502 7.7546 0.0000
16.4746 9.4011 0.0000
16.3593 9.3861 0.0000
16.6065 9.4183 0.0000
16.7797 7.8616 0.0000
16.7160 7.8320 0.0000
17.0037 7.9661 0.0000
16.8819 7.9093 0.0000
16.7797 9.4408 0.0000
16.6604 9.4253 0.0000
16.8537 9.4504 0.0000
17.0847 8.0039 0.0000
17.0478 7.9866 0.0000
17.3672 8.1356 0.0000
17.2136 8.0640 0.0000
17.0847 9.4806 0.0000
17.1731 9.4915 0.0000
17.0588 9.4771 0.0000
17.1007 9.4827 0.0000
17.3898 8.1462 0.0000
17.3795 8.1413 0.0000
17.5088 8.2017 0.0000
17.3898 9.5189 0.0000
17.3497 9.5138 0.0000
17.4541 9.5272 0.0000
17.6949 8.2880 0.0000
17.5453 8.2187 0.0000
17.7385 8.3051 0.0000
17.7107 8.2963 0.0000
17.9987 8.4746 0.0000
17.9722 8.6441 0.0000
17.9808 8.8136 0.0000
17.9808 8.9831 0.0000
17.9748 9.1525 0.0000
17.9742 9.3220 0.0000
17.6949 9.5631 0.0000
17.5926 9.5484 0.0000
17.8289 9.5866 0.0000
17.8706 8.3770 0.0000
17.9937 8.4711 0.0000
17.9979 8.4757 0.0000
17.9549 8.6190 0.0000
17.9503 8.6717 0.0000
17.9648 8.7940 0.0000
17.9652 8.8329 0.0000
17.9645 8.9634 0.0000
17.9608 9.0048 0.0000
17.9479 9.1236 0.0000
17.9535 9.1784 0.0000
18.0000 9.3821 0.0000
17.9603 9.3000 0.0000
17.9641 9.3420 0.0000
18.0000 9.5519 0.0000
17.8764 9.5923 0.0000</DataArray>
         </Points>
         <Cells>
            <DataArray Name="connectivity" format="ascii" type="Int32">
 0 1473 1476
 1 1474 1477
 2 1 1478
 3 2 1479
 4 3 1480
 5 4 1481
 6 5 1482
 7 6 1483
 8 7 1484
 9 8 1485
 10 9 1486
 11 10 1487
 12 11 1488
 13 12 1489
 14 13 1490
 15 14 1491
 16 15 1492
 17 16 1493
 18 17 1494
 19 18 1495
 20 19 1496
 21 20 1497
 22 21 1498
 23 22 1499
 24 23 1500
 25 24 1501
 26 25 1502
 27 26 1503
 28 27 1504
 29 28 1505
 30 29 1506
 31 30 1507
 32 31 1508
 33 32 1509
 34 33 1510
 35 34 1511
 36 1468 1512
 37 36 1513
 38 37 1514
 39 38 1515
 40 39 1516
 41 40 1517
 42 41 1518
 43 42 1519
 44 43 1520
 45 44 1521
 46 45 1522
 47 46 1523
 48 47 1524
 49 48 1525
 50 49 1526
 51 50 1527
 52 51 1528
 53 52 1529
 54 53 1530
 55 54 1531
 56 55 1532
 57 56 1533
 58 57 1534
 59 58 1535
 60 59 1536
 61 60 1537
 62 61 1538
 63 62 1539
 64 63 1540
 65 64 1541
 66 65 1542
 67 66 1543
 68 67 1544
 69 68 1545
 70 69 1546
 71 70 1547
 72 71 1548
 73 72 1549
 74 73 1550
 75 74 1551
 76 75 1552
 77 76 1553
 78 1414 1554
 79 78 1555
 80 79 1556
 81 80 1557
 82 81 1558
 83 82 1559
 84 83 1560
 85 84 1561
 86 85 1562
 87 86 1563
 88 87 1564
 89 88 1565
 90 89 1566
 91 90 1567
 92 91 1568
 93 92 1569
 94 93 1570
 95 94 1571
 96 95 1572
 97 96 1573
 98 97 1574
 99 98 1575
 100 99 1576
 101 100 1577
 102 101 1578
 103 102 1579
 104 103 1580
 105 104 1581
 106 105 1582
 107 106 1583
 108 107 1584
 109 108 1585
 110 109 1586
 111 110 1587
 112 111 1588
 113 112 1589
 114 113 1590
 115 114 1591
 116 115 1592
 117 116 1593
 118 117 1594
 119 1415 1595
 120 119 1596
 121 120 1597
 122 121 1598
 123 122 1599
 124 123 1600
 125 124 1601
 126 125 1602
 127 126 1603
 128 127 1604
 129 128 1605
 130 129 1606
 131 130 1607
 132 131 1608
 133 132 1609
 134 133 1610
 135 134 1611
 136 135 1612
 137 136 1613
 138 137 1614
 139 138 1615
 140 139 1616
 141 140 1617
 142 141 1618
 143 142 1619
 144 143 1620
 145 144 1621
 146 145 1622
 147 146 1623
 148 147 1624
 149 148 1625
 150 149 1626
 151 150 1627
 152 151 1628
 153 152 1629
 154 153 1630
 155 154 1631
 156 155 1632
 157 156 1633
 158 157 1634
 159 1416 1635
 160 159 1636
 161 160 1637
 162 161 1638
 163 162 1639
 164 163 1640
 165 164 1641
 166 165 1642
 167 166 1643
 168 167 1644
 169 168 1645
 170 169 1646
 171 170 1647
 172 171 1648
 173 172 1649
 174 173 1650
 175 174 1651
 176 175 1652
 177 176 1653
 178 177 1654
 179 178 1655
 180 179 1656
 181 180 1657
 182 181 1658
 183 182 1659
 184 183 1660
 185 184 1661
 186 185 1662
 187 186 1663
 188 187 1664
 189 188 1665
 190 189 1666
 191 190 1667
 192 191 1668
 193 192 1669
 194 193 1670
 195 194 1671
 196 195 1672
 197 196 1673
 198 1417 1674
 199 198 1675
 200 199 1676
 201 200 1677
 202 201 1678
 203 202 1679
 204 203 1680
 205 204 1681
 206 205 1682
 207 206 1683
 208 207 1684
 209 208 1685
 210 209 1686
 211 210 1687
 212 211 1688
 213 212 1689
 214 213 1690
 215 214 1691
 216 215 1692
 217 216 1693
 218 217 1694
 219 218 1695
 220 219 1696
 221 220 1697
 222 221 1698
 223 222 1699
 224 223 1700
 225 224 1701
 226 225 1702
 227 226 1703
 228 227 1704
 229 228 1705
 230 229 1706
 231 230 1707
 232 231 1708
 233 232 1709
 234 233 1710
 235 234 1711
 236 1418 1712
 237 236 1713
 238 237 1714
 239 238 1715
 240 239 1716
 241 240 1717
 242 241 1718
 243 242 1719
 244 243 1720
 245 244 1721
 246 245 1722
 247 246 1723
 248 247 1724
 249 248 1725
 250 249 1726
 251 250 1727
 252 251 1728
 253 252 1729
 254 253 1730
 255 254 1731
 256 255 1732
 257 256 1733
 258 257 1734
 259 258 1735
 260 259 1736
 261 260 1737
 262 261 1738
 263 262 1739
 264 263 1740
 265 264 1741
 266 265 1742
 267 266 1743
 268 267 1744
 269 268 1745
 270 269 1746
 271 270 1747
 272 271 1748
 273 272 1749
 274 1419 1750
 275 274 1751
 276 275 1752
 277 276 1753
 278 277 1754
 279 278 1755
 280 279 1756
 281 280 1757
 282 281 1758
 283 282 1759
 284 283 1760
 285 284 1761
 286 285 1762
 287 286 1763
 288 287 1764
 289 288 1765
 290 289 1766
 291 290 1767
 292 291 1768
 293 292 1769
 294 293 1770
 295 294 1771
 296 295 1772
 297 296 1773
 298 297 1774
 299 298 1775
 300 299 1776
 301 300 1777
 302 301 1778
 303 302 1779
 304 303 1780
 305 304 1781
 306 305 1782
 307 306 1783
 308 307 1784
 309 308 1785
 310 309 1786
 311 1469 1787
 312 311 1788
 313 312 1789
 314 313 1790
 315 314 1791
 316 315 1792
 317 316 1793
 318 317 1794
 319 318 1795
 320 319 1796
 321 320 1797
 322 321 1798
 323 322 1799
 324 323 1800
 325 324 1801
 326 325 1802
 327 326 1803
 328 327 1804
 329 328 1805
 330 329 1806
 331 330 1807
 332 331 1808
 333 332 1809
 334 333 1810
 335 334 1811
 336 335 1812
 337 336 1813
 338 337 1814
 339 338 1815
 340 339 1816
 341 340 1817
 342 341 1818
 343 342 1819
 344 343 1820
 345 344 1821
 346 345 1822
 347 346 1823
 348 1420 1824
 349 348 1825
 350 349 1826
 351 350 1827
 352 351 1828
 353 352 1829
 354 353 1830
 355 354 1831
 356 355 1832
 357 356 1833
 358 357 1834
 359 358 1835
 360 359 1836
 361 360 1837
 362 361 1838
 363 362 1839
 364 363 1840
 365 364 1841
 366 365 1842
 367 366 1843
 368 367 1844
 369 368 1845
 370 369 1846
 371 370 1847
 372 371 1848
 373 372 1849
 374 373 1850
 375 374 1851
 376 375 1852
 377 376 1853
 378 377 1854
 379 378 1855
 380 379 1856
 381 380 1857
 382 381 1858
 383 382 1859
 384 1421 1860
 385 384 1861
 386 385 1862
 387 386 1863
 388 387 1864
 389 388 1865
 390 389 1866
 391 390 1867
 392 391 1868
 393 392 1869
 394 393 1870
 395 394 1871
 396 395 1872
 397 396 1873
 398 397 1874
 399 398 1875
 400 399 1876
 401 400 1877
 402 401 1878
 403 402 1879
 404 403 1880
 405 404 1881
 406 405 1882
 407 406 1883
 408 407 1884
 409 408 1885
 410 409 1886
 411 410 1887
 412 411 1888
 413 412 1889
 414 413 1890
 415 414 1891
 416 415 1892
 417 416 1893
 418 417 1894
 419 418 1895
 420 1422 1896
 421 420 1897
 422 421 1898
 423 422 1899
 424 423 1900
 425 424 1901
 426 425 1902
 427 426 1903
 428 427 1904
 429 428 1905
 430 429 1906
 431 430 1907
 432 431 1908
 433 432 1909
 434 433 1910
 435 434 1911
 436 435 1912
 437 436 1913
 438 437 1914
 439 438 1915
 440 439 1916
 441 440 1917
 442 441 1918
 443 442 1919
 444 443 1920
 445 444 1921
 446 445 1922
 447 446 1923
 448 447 1924
 449 448 1925
 450 449 1926
 451 450 1927
 452 451 1928
 453 452 1929
 454 453 1930
 455 1423 1931
 456 455 1932
 457 456 1933
 458 457 1934
 459 458 1935
 460 459 1936
 461 460 1937
 462 461 1938
 463 462 1939
 464 463 1940
 465 464 1941
 466 465 1942
 467 466 1943
 468 467 1944
 469 468 1945
 470 469 1946
 471 470 1947
 472 471 1948
 473 472 1949
 474 473 1950
 475 474 1951
 476 475 1952
 477 476 1953
 478 477 1954
 479 478 1955
 480 479 1956
 481 480 1957
 482 481 1958
 483 482 1959
 484 483 1960
 485 484 1961
 486 485 1962
 487 486 1963
 488 487 1964
 489 1424 1965
 490 489 1966
 491 490 1967
 492 491 1968
 493 492 1969
 494 493 1970
 495 494 1971
 496 495 1972
 497 496 1973
 498 497 1974
 499 498 1975
 500 499 1976
 501 500 1977
 502 501 1978
 503 502 1979
 504 503 1980
 505 504 1981
 506 505 1982
 507 506 1983
 508 507 1984
 509 508 1985
 510 509 1986
 511 510 1987
 512 511 1988
 513 512 1989
 514 513 1990
 515 514 1991
 516 515 1992
 517 516 1993
 518 517 1994
 519 518 1995
 520 519 1996
 521 520 1997
 522 1470 1998
 523 522 1999
 524 523 2000
 525 524 2001
 526 525 2002
 527 526 2003
 528 527 2004
 529 528 2005
 530 529 2006
 531 530 2007
 532 531 2008
 533 532 2009
 534 533 2010
 535 534 2011
 536 535 2012
 537 536 2013
 538 537 2014
 539 538 2015
 540 539 2016
 541 540 2017
 542 541 2018
 543 542 2019
 544 543 2020
 545 544 2021
 546 545 2022
 547 546 2023
 548 547 2024
 549 548 2025
 550 549 2026
 551 550 2027
 552 551 2028
 553 552 2029
 554 553 2030
 555 554 2031
 556 1425 2032
 557 556 2033
 558 557 2034
 559 558 2035
 560 559 2036
 561 560 2037
 562 561 2038
 563 562 2039
 564 563 2040
 565 564 2041
 566 565 2042
 567 566 2043
 568 567 2044
 569 568 2045
 570 569 2046
 571 570 2047
 572 571 2048
 573 572 2049
 574 573 2050
 575 574 2051
 576 575 2052
 577 576 2053
 578 577 2054
 579 578 2055
 580 579 2056
 581 580 2057
 582 581 2058
 583 582 2059
 584 583 2060
 585 584 2061
 586 585 2062
 587 586 2063
 588 587 2064
 589 1426 2065
 590 589 2066
 591 590 2067
 592 591 2068
 593 592 2069
 594 593 2070
 595 594 2071
 596 595 2072
 597 596 2073
 598 597 2074
 599 598 2075
 600 599 2076
 601 600 2077
 602 601 2078
 603 602 2079
 604 603 2080
 605 604 2081
 606 605 2082
 607 606 2083
 608 607 2084
 609 608 2085
 610 609 2086
 611 610 2087
 612 611 2088
 613 612 2089
 614 613 2090
 615 614 2091
 616 615 2092
 617 616 2093
 618 617 2094
 619 618 2095
 620 619 2096
 621 1427 2097
 622 621 2098
 623 622 2099
 624 623 2100
 625 624 2101
 626 625 2102
 627 626 2103
 628 627 2104
 629 628 2105
 630 629 2106
 631 630 2107
 632 631 2108
 633 632 2109
 634 633 2110
 635 634 2111
 636 635 2112
 637 636 2113
 638 637 2114
 639 638 2115
 640 639 2116
 641 640 2117
 642 641 2118
 643 642 2119
 644 643 2120
 645 644 2121
 646 645 2122
 647 646 2123
 648 647 2124
 649 648 2125
 650 649 2126
 651 650 2127
 652 1428 2128
 653 652 2129
 654 653 2130
 655 654 2131
 656 655 2132
 657 656 2133
 658 657 2134
 659 658 2135
 660 659 2136
 661 660 2137
 662 661 2138
 663 662 2139
 664 663 2140
 665 664 2141
 666 665 2142
 667 666 2143
 668 667 2144
 669 668 2145
 670 669 2146
 671 670 2147
 672 671 2148
 673 672 2149
 674 673 2150
 675 674 2151
 676 675 2152
 677 676 2153
 678 677 2154
 679 678 2155
 680 679 2156
 681 680 2157
 682 681 2158
 683 1429 2159
 684 683 2160
 685 684 2161
 686 685 2162
 687 686 2163
 688 687 2164
 689 688 2165
 690 689 2166
 691 690 2167
 692 691 2168
 693 692 2169
 694 693 2170
 695 694 2171
 696 695 2172
 697 696 2173
 698 697 2174
 699 698 2175
 700 699 2176
 701 700 2177
 702 701 2178
 703 702 2179
 704 703 2180
 705 704 2181
 706 705 2182
 707 706 2183
 708 707 2184
 709 708 2185
 710 709 2186
 711 710 2187
 712 711 2188
 713 1430 2189
 714 713 2190
 715 714 2191
 716 715 2192
 717 716 2193
 718 717 2194
 719 718 2195
 720 719 2196
 721 720 2197
 722 721 2198
 723 722 2199
 724 723 2200
 725 724 2201
 726 725 2202
 727 726 2203
 728 727 2204
 729 728 2205
 730 729 2206
 731 730 2207
 732 731 2208
 733 732 2209
 734 733 2210
 735 734 2211
 736 735 2212
 737 736 2213
 738 737 2214
 739 738 2215
 740 739 2216
 741 740 2217
 742 1431 2218
 743 742 2219
 744 743 2220
 745 744 2221
 746 745 2222
 747 746 2223
 748 747 2224
 749 748 2225
 750 749 2226
 751 750 2227
 752 751 2228
 753 752 2229
 754 753 2230
 755 754 2231
 756 755 2232
 757 756 2233
 758 757 2234
 759 758 2235
 760 759 2236
 761 760 2237
 762 761 2238
 763 762 2239
 764 763 2240
 765 764 2241
 766 765 2242
 767 766 2243
 768 767 2244
 769 768 2245
 770 769 2246
 771 1432 2247
 772 771 2248
 773 772 2249
 774 773 2250
 775 774 2251
 776 775 2252
 777 776 2253
 778 777 2254
 779 778 2255
 780 779 2256
 781 780 2257
 782 781 2258
 783 782 2259
 784 783 2260
 785 784 2261
 786 785 2262
 787 786 2263
 788 787 2264
 789 788 2265
 790 789 2266
 791 790 2267
 792 791 2268
 793 792 2269
 794 793 2270
 795 794 2271
 796 795 2272
 797 796 2273
 798 797 2274
 799 1433 2275
 800 799 2276
 801 800 2277
 802 801 2278
 803 802 2279
 804 803 2280
 805 804 2281
 806 805 2282
 807 806 2283
 808 807 2284
 809 808 2285
 810 809 2286
 811 810 2287
 812 811 2288
 813 812 2289
 814 813 2290
 815 814 2291
 816 815 2292
 817 816 2293
 818 817 2294
 819 818 2295
 820 819 2296
 821 820 2297
 822 821 2298
 823 822 2299
 824 823 2300
 825 824 2301
 826 825 2302
 827 1434 2303
 828 827 2304
 829 828 2305
 830 829 2306
 831 830 2307
 832 831 2308
 833 832 2309
 834 833 2310
 835 834 2311
 836 835 2312
 837 836 2313
 838 837 2314
 839 838 2315
 840 839 2316
 841 840 2317
 842 841 2318
 843 842 2319
 844 843 2320
 845 844 2321
 846 845 2322
 847 846 2323
 848 847 2324
 849 848 2325
 850 849 2326
 851 850 2327
 852 851 2328
 853 852 2329
 854 1435 2330
 855 854 2331
 856 855 2332
 857 856 2333
 858 857 2334
 859 858 2335
 860 859 2336
 861 860 2337
 862 861 2338
 863 862 2339
 864 863 2340
 865 864 2341
 866 865 2342
 867 866 2343
 868 867 2344
 869 868 2345
 870 869 2346
 871 870 2347
 872 871 2348
 873 872 2349
 874 873 2350
 875 874 2351
 876 875 2352
 877 876 2353
 878 877 2354
 879 878 2355
 880 1436 2356
 881 880 2357
 882 881 2358
 883 882 2359
 884 883 2360
 885 884 2361
 886 885 2362
 887 886 2363
 888 887 2364
 889 888 2365
 890 889 2366
 891 890 2367
 892 891 2368
 893 892 2369
 894 893 2370
 895 894 2371
 896 895 2372
 897 896 2373
 898 897 2374
 899 898 2375
 900 899 2376
 901 900 2377
 902 901 2378
 903 902 2379
 904 903 2380
 905 1437 2381
 906 905 2382
 907 906 2383
 908 907 2384
 909 908 2385
 910 909 2386
 911 910 2387
 912 911 2388
 913 912 2389
 914 913 2390
 915 914 2391
 916 915 2392
 917 916 2393
 918 917 2394
 919 918 2395
 920 919 2396
 921 920 2397
 922 921 2398
 923 922 2399
 924 923 2400
 925 924 2401
 926 925 2402
 927 926 2403
 928 927 2404
 929 928 2405
 930 929 2406
 931 1438 2407
 932 931 2408
 933 932 2409
 934 933 2410
 935 934 2411
 936 935 2412
 937 936 2413
 938 937 2414
 939 938 2415
 940 939 2416
 941 940 2417
 942 941 2418
 943 942 2419
 944 943 2420
 945 944 2421
 946 945 2422
 947 946 2423
 948 947 2424
 949 948 2425
 950 949 2426
 951 950 2427
 952 951 2428
 953 952 2429
 954 953 2430
 955 954 2431
 956 1439 2432
 957 956 2433
 958 957 2434
 959 958 2435
 960 959 2436
 961 960 2437
 962 961 2438
 963 962 2439
 964 963 2440
 965 964 2441
 966 965 2442
 967 966 2443
 968 967 2444
 969 968 2445
 970 969 2446
 971 970 2447
 972 971 2448
 973 972 2449
 974 973 2450
 975 974 2451
 976 975 2452
 977 976 2453
 978 977 2454
 979 978 2455
 980 1440 2456
 981 980 2457
 982 981 2458
 983 982 2459
 984 983 2460
 985 984 2461
 986 985 2462
 987 986 2463
 988 987 2464
 989 988 2465
 990 989 2466
 991 990 2467
 992 991 2468
 993 992 2469
 994 993 2470
 995 994 2471
 996 995 2472
 997 996 2473
 998 997 2474
 999 998 2475
 1000 999 2476
 1001 1000 2477
 1002 1001 2478
 1003 1441 2479
 1004 1003 2480
 1005 1004 2481
 1006 1005 2482
 1007 1006 2483
 1008 1007 2484
 1009 1008 2485
 1010 1009 2486
 1011 1010 2487
 1012 1011 2488
 1013 1012 2489
 1014 1013 2490
 1015 1014 2491
 1016 1015 2492
 1017 1016 2493
 1018 1017 2494
 1019 1018 2495
 1020 1019 2496
 1021 1020 2497
 1022 1021 2498
 1023 1022 2499
 1024 1023 2500
 1025 1024 2501
 1026 1442 2502
 1027 1026 2503
 1028 1027 2504
 1029 1028 2505
 1030 1029 2506
 1031 1030 2507
 1032 1031 2508
 1033 1032 2509
 1034 1033 2510
 1035 1034 2511
 1036 1035 2512
 1037 1036 2513
 1038 1037 2514
 1039 1038 2515
 1040 1039 2516
 1041 1040 2517
 1042 1041 2518
 1043 1042 2519
 1044 1043 2520
 1045 1044 2521
 1046 1045 2522
 1047 1046 2523
 1048 1443 2524
 1049 1048 2525
 1050 1049 2526
 1051 1050 2527
 1052 1051 2528
 1053 1052 2529
 1054 1053 2530
 1055 1054 2531
 1056 1055 2532
 1057 1056 2533
 1058 1057 2534
 1059 1058 2535
 1060 1059 2536
 1061 1060 2537
 1062 1061 2538
 1063 1062 2539
 1064 1063 2540
 1065 1064 2541
 1066 1065 2542
 1067 1066 2543
 1068 1067 2544
 1069 1068 2545
 1070 1444 2546
 1071 1070 2547
 1072 1071 2548
 1073 1072 2549
 1074 1073 2550
 1075 1074 2551
 1076 1075 2552
 1077 1076 2553
 1078 1077 2554
 1079 1078 2555
 1080 1079 2556
 1081 1080 2557
 1082 1081 2558
 1083 1082 2559
 1084 1083 2560
 1085 1084 2561
 1086 1085 2562
 1087 1086 2563
 1088 1087 2564
 1089 1088 2565
 1090 1089 2566
 1091 1445 2567
 1092 1091 2568
 1093 1092 2569
 1094 1093 2570
 1095 1094 2571
 1096 1095 2572
 1097 1096 2573
 1098 1097 2574
 1099 1098 2575
 1100 1099 2576
 1101 1100 2577
 1102 1101 2578
 1103 1102 2579
 1104 1103 2580
 1105 1104 2581
 1106 1105 2582
 1107 1106 2583
 1108 1107 2584
 1109 1108 2585
 1110 1109 2586
 1111 1110 2587
 1112 1446 2588
 1113 1112 2589
 1114 1113 2590
 1115 1114 2591
 1116 1115 2592
 1117 1116 2593
 1118 1117 2594
 1119 1118 2595
 1120 1119 2596
 1121 1120 2597
 1122 1121 2598
 1123 1122 2599
 1124 1123 2600
 1125 1124 2601
 1126 1125 2602
 1127 1126 2603
 1128 1127 2604
 1129 1128 2605
 1130 1129 2606
 1131 1130 2607
 1132 1447 2608
 1133 1132 2609
 1134 1133 2610
 1135 1134 2611
 1136 1135 2612
 1137 1136 2613
 1138 1137 2614
 1139 1138 2615
 1140 1139 2616
 1141 1140 2617
 1142 1141 2618
 1143 1142 2619
 1144 1143 2620
 1145 1144 2621
 1146 1145 2622
 1147 1146 2623
 1148 1147 2624
 1149 1148 2625
 1150 1149 2626
 1151 1448 2627
 1152 1151 2628
 1153 1152 2629
 1154 1153 2630
 1155 1154 2631
 1156 1155 2632
 1157 1156 2633
 1158 1157 2634
 1159 1158 2635
 1160 1159 2636
 1161 1160 2637
 1162 1161 2638
 1163 1162 2639
 1164 1163 2640
 1165 1164 2641
 1166 1165 2642
 1167 1166 2643
 1168 1167 2644
 1169 1471 2645
 1170 1169 2646
 1171 1170 2647
 1172 1171 2648
 1173 1172 2649
 1174 1173 2650
 1175 1174 2651
 1176 1175 2652
 1177 1176 2653
 1178 1177 2654
 1179 1178 2655
 1180 1179 2656
 1181 1180 2657
 1182 1181 2658
 1183 1182 2659
 1184 1183 2660
 1185 1184 2661
 1186 1185 2662
 1187 1449 2663
 1188 1187 2664
 1189 1188 2665
 1190 1189 2666
 1191 1190 2667
 1192 1191 2668
 1193 1192 2669
 1194 1193 2670
 1195 1194 2671
 1196 1195 2672
 1197 1196 2673
 1198 1197 2674
 1199 1198 2675
 1200 1199 2676
 1201 1200 2677
 1202 1201 2678
 1203 1202 2679
 1204 1203 2680
 1205 1450 2681
 1206 1205 2682
 1207 1206 2683
 1208 1207 2684
 1209 1208 2685
 1210 1209 2686
 1211 1210 2687
 1212 1211 2688
 1213 1212 2689
 1214 1213 2690
 1215 1214 2691
 1216 1215 2692
 1217 1216 2693
 1218 1217 2694
 1219 1218 2695
 1220 1219 2696
 1221 1220 2697
 1222 1451 2698
 1223 1222 2699
 1224 1223 2700
 1225 1224 2701
 1226 1225 2702
 1227 1226 2703
 1228 1227 2704
 1229 1228 2705
 1230 1229 2706
 1231 1230 2707
 1232 1231 2708
 1233 1232 2709
 1234 1233 2710
 1235 1234 2711
 1236 1235 2712
 1237 1236 2713
 1238 1452 2714
 1239 1238 2715
 1240 1239 2716
 1241 1240 2717
 1242 1241 2718
 1243 1242 2719
 1244 1243 2720
 1245 1244 2721
 1246 1245 2722
 1247 1246 2723
 1248 1247 2724
 1249 1248 2725
 1250 1249 2726
 1251 1250 2727
 1252 1251 2728
 1253 1453 2729
 1254 1253 2730
 1255 1254 2731
 1256 1255 2732
 1257 1256 2733
 1258 1257 2734
 1259 1258 2735
 1260 1259 2736
 1261 1260 2737
 1262 1261 2738
 1263 1262 2739
 1264 1263 2740
 1265 1264 2741
 1266 1265 2742
 1267 1266 2743
 1268 1472 2744
 1269 1268 2745
 1270 1269 2746
 1271 1270 2747
 1272 1271 2748
 1273 1272 2749
 1274 1273 2750
 1275 1274 2751
 1276 1275 2752
 1277 1276 2753
 1278 1277 2754
 1279 1278 2755
 1280 1279 2756
 1281 1280 2757
 1282 1281 2758
 1283 1454 2759
 1284 1283 2760
 1285 1284 2761
 1286 1285 2762
 1287 1286 2763
 1288 1287 2764
 1289 1288 2765
 1290 1289 2766
 1291 1290 2767
 1292 1291 2768
 1293 1292 2769
 1294 1293 2770
 1295 1294 2771
 1296 1295 2772
 1297 1455 2773
 1298 1297 2774
 1299 1298 2775
 1300 1299 2776
 1301 1300 2777
 1302 1301 2778
 1303 1302 2779
 1304 1303 2780
 1305 1304 2781
 1306 1305 2782
 1307 1306 2783
 1308 1307 2784
 1309 1308 2785
 1310 1456 2786
 1311 1310 2787
 1312 1311 2788
 1313 1312 2789
 1314 1313 2790
 1315 1314 2791
 1316 1315 2792
 1317 1316 2793
 1318 1317 2794
 1319 1318 2795
 1320 1319 2796
 1321 1320 2797
 1322 1321 2798
 1323 1457 2799
 1324 1323 2800
 1325 1324 2801
 1326 1325 2802
 1327 1326 2803
 1328 1327 2804
 1329 1328 2805
 1330 1329 2806
 1331 1330 2807
 1332 1331 2808
 1333 1332 2809
 1334 1333 2810
 1335 1458 2811
 1336 1335 2812
 1337 1336 2813
 1338 1337 2814
 1339 1338 2815
 1340 1339 2816
 1341 1340 2817
 1342 1341 2818
 1343 1342 2819
 1344 1343 2820
 1345 1344 2821
 1346 1459 2822
 1347 1346 2823
 1348 1347 2824
 1349 1348 2825
 1350 1349 2826
 1351 1350 2827
 1352 1351 2828
 1353 1352 2829
 1354 1353 2830
 1355 1354 2831
 1356 1460 2832
 1357 1356 2833
 1358 1357 2834
 1359 1358 2835
 1360 1359 2836
 1361 1360 2837
 1362 1361 2838
 1363 1362 2839
 1364 1363 2840
 1365 1364 2841
 1366 1461 2842
 1367 1366 2843
 1368 1367 2844
 1369 1368 2845
 1370 1369 2846
 1371 1370 2847
 1372 1371 2848
 1373 1372 2849
 1374 1373 2850
 1375 1374 2851
 1376 1462 2852
 1377 1376 2853
 1378 1377 2854
 1379 1378 2855
 1380 1379 2856
 1381 1380 2857
 1382 1381 2858
 1383 1382 2859
 1384 1383 2860
 1385 1463 2861
 1386 1385 2862
 1387 1386 2863
 1388 1387 2864
 1389 1388 2865
 1390 1389 2866
 1391 1390 2867
 1392 1391 2868
 1393 1464 2869
 1394 1393 2870
 1395 1394 2871
 1396 1395 2872
 1397 1396 2873
 1398 1397 2874
 1399 1398 2875
 1400 1465 2876
 1401 1400 2877
 1402 1401 2878
 1403 1402 2879
 1404 1403 2880
 1405 1404 2881
 1406 1405 2882
 1407 1466 2883
 1408 1407 2884
 1409 1408 2885
 1410 1409 2886
 1411 1410 2887
 1412 1411 2888
 1413 1412 2889
 36 0 1476
 39 1474 2890
 40 1 1477
 41 2 1478
 42 3 1479
 43 4 1480
 44 5 1481
 45 6 1482
 46 7 1483
 47 8 1484
 48 9 1485
 49 10 1486
 50 11 1487
 51 12 1488
 52 13 1489
 53 14 1490
 54 15 1491
 55 16 1492
 56 17 1493
 57 18 1494
 58 19 1495
 59 20 1496
 60 21 1497
 61 22 1498
 62 23 1499
 63 24 1500
 64 25 1501
 65 26 1502
 66 27 1503
 67 28 1504
 68 29 1505
 69 30 1506
 70 31 1507
 71 32 1508
 72 33 1509
 73 34 1510
 74 35 1511
 76 1475 2891
 1414 36 1512
 78 37 1513
 79 38 1514
 80 39 1515
 81 40 1516
 82 41 1517
 83 42 1518
 84 43 1519
 85 44 1520
 86 45 1521
 87 46 1522
 88 47 1523
 89 48 1524
 90 49 1525
 91 50 1526
 92 51 1527
 93 52 1528
 94 53 1529
 95 54 1530
 96 55 1531
 97 56 1532
 98 57 1533
 99 58 1534
 100 59 1535
 101 60 1536
 102 61 1537
 103 62 1538
 104 63 1539
 105 64 1540
 106 65 1541
 107 66 1542
 108 67 1543
 109 68 1544
 110 69 1545
 111 70 1546
 112 71 1547
 113 72 1548
 114 73 1549
 115 74 1550
 116 75 1551
 117 76 1552
 118 77 1553
 1415 78 1554
 119 79 1555
 120 80 1556
 121 81 1557
 122 82 1558
 123 83 1559
 124 84 1560
 125 85 1561
 126 86 1562
 127 87 1563
 128 88 1564
 129 89 1565
 130 90 1566
 131 91 1567
 132 92 1568
 133 93 1569
 134 94 1570
 135 95 1571
 136 96 1572
 137 97 1573
 138 98 1574
 139 99 1575
 140 100 1576
 141 101 1577
 142 102 1578
 143 103 1579
 144 104 1580
 145 105 1581
 146 106 1582
 147 107 1583
 148 108 1584
 149 109 1585
 150 110 1586
 151 111 1587
 152 112 1588
 153 113 1589
 154 114 1590
 155 115 1591
 156 116 1592
 157 117 1593
 158 118 1594
 1416 119 1595
 159 120 1596
 160 121 1597
 161 122 1598
 162 123 1599
 163 124 1600
 164 125 1601
 165 126 1602
 166 127 1603
 167 128 1604
 168 129 1605
 169 130 1606
 170 131 1607
 171 132 1608
 172 133 1609
 173 134 1610
 174 135 1611
 175 136 1612
 176 137 1613
 177 138 1614
 178 139 1615
 179 140 1616
 180 141 1617
 181 142 1618
 182 143 1619
 183 144 1620
 184 145 1621
 185 146 1622
 186 147 1623
 187 148 1624
 188 149 1625
 189 150 1626
 190 151 1627
 191 152 1628
 192 153 1629
 193 154 1630
 194 155 1631
 195 156 1632
 196 157 1633
 197 158 1634
 1417 159 1635
 198 160 1636
 199 161 1637
 200 162 1638
 201 163 1639
 202 164 1640
 203 165 1641
 204 166 1642
 205 167 1643
 206 168 1644
 207 169 1645
 208 170 1646
 209 171 1647
 210 172 1648
 211 173 1649
 212 174 1650
 213 175 1651
 214 176 1652
 215 177 1653
 216 178 1654
 217 179 1655
 218 180 1656
 219 181 1657
 220 182 1658
 221 183 1659
 222 184 1660
 223 185 1661
 224 186 1662
 225 187 1663
 226 188 1664
 227 189 1665
 228 190 1666
 229 191 1667
 230 192 1668
 231 193 1669
 232 194 1670
 233 195 1671
 234 196 1672
 235 197 1673
 1418 198 1674
 236 199 1675
 237 200 1676
 238 201 1677
 239 202 1678
 240 203 1679
 241 204 1680
 242 205 1681
 243 206 1682
 244 207 1683
 245 208 1684
 246 209 1685
 247 210 1686
 248 211 1687
 249 212 1688
 250 213 1689
 251 214 1690
 252 215 1691
 253 216 1692
 254 217 1693
 255 218 1694
 256 219 1695
 257 220 1696
 258 221 1697
 259 222 1698
 260 223 1699
 261 224 1700
 262 225 1701
 263 226 1702
 264 227 1703
 265 228 1704
 266 229 1705
 267 230 1706
 268 231 1707
 269 232 1708
 270 233 1709
 271 234 1710
 272 235 1711
 1419 236 1712
 274 237 1713
 275 238 1714
 276 239 1715
 277 240 1716
 278 241 1717
 279 242 1718
 280 243 1719
 281 244 1720
 282 245 1721
 283 246 1722
 284 247 1723
 285 248 1724
 286 249 1725
 287 250 1726
 288 251 1727
 289 252 1728
 290 253 1729
 291 254 1730
 292 255 1731
 293 256 1732
 294 257 1733
 295 258 1734
 296 259 1735
 297 260 1736
 298 261 1737
 299 262 1738
 300 263 1739
 301 264 1740
 302 265 1741
 303 266 1742
 304 267 1743
 305 268 1744
 306 269 1745
 307 270 1746
 308 271 1747
 309 272 1748
 310 273 1749
 311 274 1750
 312 275 1751
 313 276 1752
 314 277 1753
 315 278 1754
 316 279 1755
 317 280 1756
 318 281 1757
 319 282 1758
 320 283 1759
 321 284 1760
 322 285 1761
 323 286 1762
 324 287 1763
 325 288 1764
 326 289 1765
 327 290 1766
 328 291 1767
 329 292 1768
 330 293 1769
 331 294 1770
 332 295 1771
 333 296 1772
 334 297 1773
 335 298 1774
 336 299 1775
 337 300 1776
 338 301 1777
 339 302 1778
 340 303 1779
 341 304 1780
 342 305 1781
 343 306 1782
 344 307 1783
 345 308 1784
 346 309 1785
 347 310 1786
 1420 311 1787
 348 312 1788
 349 313 1789
 350 314 1790
 351 315 1791
 352 316 1792
 353 317 1793
 354 318 1794
 355 319 1795
 356 320 1796
 357 321 1797
 358 322 1798
 359 323 1799
 360 324 1800
 361 325 1801
 362 326 1802
 363 327 1803
 364 328 1804
 365 329 1805
 366 330 1806
 367 331 1807
 368 332 1808
 369 333 1809
 370 334 1810
 371 335 1811
 372 336 1812
 373 337 1813
 374 338 1814
 375 339 1815
 376 340 1816
 377 341 1817
 378 342 1818
 379 343 1819
 380 344 1820
 381 345 1821
 382 346 1822
 383 347 1823
 1421 348 1824
 384 349 1825
 385 350 1826
 386 351 1827
 387 352 1828
 388 353 1829
 389 354 1830
 390 355 1831
 391 356 1832
 392 357 1833
 393 358 1834
 394 359 1835
 395 360 1836
 396 361 1837
 397 362 1838
 398 363 1839
 399 364 1840
 400 365 1841
 401 366 1842
 402 367 1843
 403 368 1844
 404 369 1845
 405 370 1846
 406 371 1847
 407 372 1848
 408 373 1849
 409 374 1850
 410 375 1851
 411 376 1852
 412 377 1853
 413 378 1854
 414 379 1855
 415 380 1856
 416 381 1857
 417 382 1858
 418 383 1859
 1422 384 1860
 420 385 1861
 421 386 1862
 422 387 1863
 423 388 1864
 424 389 1865
 425 390 1866
 426 391 1867
 427 392 1868
 428 393 1869
 429 394 1870
 430 395 1871
 431 396 1872
 432 397 1873
 433 398 1874
 434 399 1875
 435 400 1876
 436 401 1877
 437 402 1878
 438 403 1879
 439 404 1880
 440 405 1881
 441 406 1882
 442 407 1883
 443 408 1884
 444 409 1885
 445 410 1886
 446 411 1887
 447 412 1888
 448 413 1889
 449 414 1890
 450 415 1891
 451 416 1892
 452 417 1893
 453 418 1894
 454 419 1895
 1423 420 1896
 455 421 1897
 456 422 1898
 457 423 1899
 458 424 1900
 459 425 1901
 460 426 1902
 461 427 1903
 462 428 1904
 463 429 1905
 464 430 1906
 465 431 1907
 466 432 1908
 467 433 1909
 468 434 1910
 469 435 1911
 470 436 1912
 471 437 1913
 472 438 1914
 473 439 1915
 474 440 1916
 475 441 1917
 476 442 1918
 477 443 1919
 478 444 1920
 479 445 1921
 480 446 1922
 481 447 1923
 482 448 1924
 483 449 1925
 484 450 1926
 485 451 1927
 486 452 1928
 487 453 1929
 488 454 1930
 1424 455 1931
 489 456 1932
 490 457 1933
 491 458 1934
 492 459 1935
 493 460 1936
 494 461 1937
 495 462 1938
 496 463 1939
 497 464 1940
 498 465 1941
 499 466 1942
 500 467 1943
 501 468 1944
 502 469 1945
 503 470 1946
 504 471 1947
 505 472 1948
 506 473 1949
 507 474 1950
 508 475 1951
 509 476 1952
 510 477 1953
 511 478 1954
 512 479 1955
 513 480 1956
 514 481 1957
 515 482 1958
 516 483 1959
 517 484 1960
 518 485 1961
 519 486 1962
 520 487 1963
 521 488 1964
 522 489 1965
 523 490 1966
 524 491 1967
 525 492 1968
 526 493 1969
 527 494 1970
 528 495 1971
 529 496 1972
 530 497 1973
 531 498 1974
 532 499 1975
 533 500 1976
 534 501 1977
 535 502 1978
 536 503 1979
 537 504 1980
 538 505 1981
 539 506 1982
 540 507 1983
 541 508 1984
 542 509 1985
 543 510 1986
 544 511 1987
 545 512 1988
 546 513 1989
 547 514 1990
 548 515 1991
 549 516 1992
 550 517 1993
 551 518 1994
 552 519 1995
 553 520 1996
 554 521 1997
 1425 522 1998
 556 523 1999
 557 524 2000
 558 525 2001
 559 526 2002
 560 527 2003
 561 528 2004
 562 529 2005
 563 530 2006
 564 531 2007
 565 532 2008
 566 533 2009
 567 534 2010
 568 535 2011
 569 536 2012
 570 537 2013
 571 538 2014
 572 539 2015
 573 540 2016
 574 541 2017
 575 542 2018
 576 543 2019
 577 544 2020
 578 545 2021
 579 546 2022
 580 547 2023
 581 548 2024
 582 549 2025
 583 550 2026
 584 551 2027
 585 552 2028
 586 553 2029
 587 554 2030
 588 555 2031
 1426 556 2032
 589 557 2033
 590 558 2034
 591 559 2035
 592 560 2036
 593 561 2037
 594 562 2038
 595 563 2039
 596 564 2040
 597 565 2041
 598 566 2042
 599 567 2043
 600 568 2044
 601 569 2045
 602 570 2046
 603 571 2047
 604 572 2048
 605 573 2049
 606 574 2050
 607 575 2051
 608 576 2052
 609 577 2053
 610 578 2054
 611 579 2055
 612 580 2056
 613 581 2057
 614 582 2058
 615 583 2059
 616 584 2060
 617 585 2061
 618 586 2062
 619 587 2063
 620 588 2064
 1427 589 2065
 621 590 2066
 622 591 2067
 623 592 2068
 624 593 2069
 625 594 2070
 626 595 2071
 627 596 2072
 628 597 2073
 629 598 2074
 630 599 2075
 631 600 2076
 632 601 2077
 633 602 2078
 634 603 2079
 635 604 2080
 636 605 2081
 637 606 2082
 638 607 2083
 639 608 2084
 640 609 2085
 641 610 2086
 642 611 2087
 643 612 2088
 644 613 2089
 645 614 2090
 646 615 2091
 647 616 2092
 648 617 2093
 649 618 2094
 650 619 2095
 651 620 2096
 1428 621 2097
 652 622 2098
 653 623 2099
 654 624 2100
 655 625 2101
 656 626 2102
 657 627 2103
 658 628 2104
 659 629 2105
 660 630 2106
 661 631 2107
 662 632 2108
 663 633 2109
 664 634 2110
 665 635 2111
 666 636 2112
 667 637 2113
 668 638 2114
 669 639 2115
 670 640 2116
 671 641 2117
 672 642 2118
 673 643 2119
 674 644 2120
 675 645 2121
 676 646 2122
 677 647 2123
 678 648 2124
 679 649 2125
 680 650 2126
 681 651 2127
 1429 652 2128
 683 653 2129
 684 654 2130
 685 655 2131
 686 656 2132
 687 657 2133
 688 658 2134
 689 659 2135
 690 660 2136
 691 661 2137
 692 662 2138
 693 663 2139
 694 664 2140
 695 665 2141
 696 666 2142
 697 667 2143
 698 668 2144
 699 669 2145
 700 670 2146
 701 671 2147
 702 672 2148
 703 673 2149
 704 674 2150
 705 675 2151
 706 676 2152
 707 677 2153
 708 678 2154
 709 679 2155
 710 680 2156
 711 681 2157
 712 682 2158
 1430 683 2159
 713 684 2160
 714 685 2161
 715 686 2162
 716 687 2163
 717 688 2164
 718 689 2165
 719 690 2166
 720 691 2167
 721 692 2168
 722 693 2169
 723 694 2170
 724 695 2171
 725 696 2172
 726 697 2173
 727 698 2174
 728 699 2175
 729 700 2176
 730 701 2177
 731 702 2178
 732 703 2179
 733 704 2180
 734 705 2181
 735 706 2182
 736 707 2183
 737 708 2184
 738 709 2185
 739 710 2186
 740 711 2187
 741 712 2188
 1431 1430 2892
 742 713 2189
 743 714 2190
 744 715 2191
 745 716 2192
 746 717 2193
 747 718 2194
 748 719 2195
 749 720 2196
 750 721 2197
 751 722 2198
 752 723 2199
 753 724 2200
 754 725 2201
 755 726 2202
 756 727 2203
 757 728 2204
 758 729 2205
 759 730 2206
 760 731 2207
 761 732 2208
 762 733 2209
 763 734 2210
 764 735 2211
 765 736 2212
 766 737 2213
 767 738 2214
 768 739 2215
 769 740 2216
 770 741 2217
 1432 742 2218
 771 743 2219
 772 744 2220
 773 745 2221
 774 746 2222
 775 747 2223
 776 748 2224
 777 749 2225
 778 750 2226
 779 751 2227
 780 752 2228
 781 753 2229
 782 754 2230
 783 755 2231
 784 756 2232
 785 757 2233
 786 758 2234
 787 759 2235
 788 760 2236
 789 761 2237
 790 762 2238
 791 763 2239
 792 764 2240
 793 765 2241
 794 766 2242
 795 767 2243
 796 768 2244
 797 769 2245
 798 770 2246
 1433 771 2247
 799 772 2248
 800 773 2249
 801 774 2250
 802 775 2251
 803 776 2252
 804 777 2253
 805 778 2254
 806 779 2255
 807 780 2256
 808 781 2257
 809 782 2258
 810 783 2259
 811 784 2260
 812 785 2261
 813 786 2262
 814 787 2263
 815 788 2264
 816 789 2265
 817 790 2266
 818 791 2267
 819 792 2268
 820 793 2269
 821 794 2270
 822 795 2271
 823 796 2272
 824 797 2273
 825 798 2274
 1434 799 2275
 827 800 2276
 828 801 2277
 829 802 2278
 830 803 2279
 831 804 2280
 832 805 2281
 833 806 2282
 834 807 2283
 835 808 2284
 836 809 2285
 837 810 2286
 838 811 2287
 839 812 2288
 840 813 2289
 841 814 2290
 842 815 2291
 843 816 2292
 844 817 2293
 845 818 2294
 846 819 2295
 847 820 2296
 848 821 2297
 849 822 2298
 850 823 2299
 851 824 2300
 852 825 2301
 853 826 2302
 1435 827 2303
 854 828 2304
 855 829 2305
 856 830 2306
 857 831 2307
 858 832 2308
 859 833 2309
 860 834 2310
 861 835 2311
 862 836 2312
 863 837 2313
 864 838 2314
 865 839 2315
 866 840 2316
 867 841 2317
 868 842 2318
 869 843 2319
 870 844 2320
 871 845 2321
 872 846 2322
 873 847 2323
 874 848 2324
 875 849 2325
 876 850 2326
 877 851 2327
 878 852 2328
 879 853 2329
 1436 854 2330
 880 855 2331
 881 856 2332
 882 857 2333
 883 858 2334
 884 859 2335
 885 860 2336
 886 861 2337
 887 862 2338
 888 863 2339
 889 864 2340
 890 865 2341
 891 866 2342
 892 867 2343
 893 868 2344
 894 869 2345
 895 870 2346
 896 871 2347
 897 872 2348
 898 873 2349
 899 874 2350
 900 875 2351
 901 876 2352
 902 877 2353
 903 878 2354
 904 879 2355
 1437 1436 2893
 905 880 2356
 906 881 2357
 907 882 2358
 908 883 2359
 909 884 2360
 910 885 2361
 911 886 2362
 912 887 2363
 913 888 2364
 914 889 2365
 915 890 2366
 916 891 2367
 917 892 2368
 918 893 2369
 919 894 2370
 920 895 2371
 921 896 2372
 922 897 2373
 923 898 2374
 924 899 2375
 925 900 2376
 926 901 2377
 927 902 2378
 928 903 2379
 929 904 2380
 1438 905 2381
 931 906 2382
 932 907 2383
 933 908 2384
 934 909 2385
 935 910 2386
 936 911 2387
 937 912 2388
 938 913 2389
 939 914 2390
 940 915 2391
 941 916 2392
 942 917 2393
 943 918 2394
 944 919 2395
 945 920 2396
 946 921 2397
 947 922 2398
 948 923 2399
 949 924 2400
 950 925 2401
 951 926 2402
 952 927 2403
 953 928 2404
 954 929 2405
 955 930 2406
 1439 931 2407
 956 932 2408
 957 933 2409
 958 934 2410
 959 935 2411
 960 936 2412
 961 937 2413
 962 938 2414
 963 939 2415
 964 940 2416
 965 941 2417
 966 942 2418
 967 943 2419
 968 944 2420
 969 945 2421
 970 946 2422
 971 947 2423
 972 948 2424
 973 949 2425
 974 950 2426
 975 951 2427
 976 952 2428
 977 953 2429
 978 954 2430
 979 955 2431
 1440 956 2432
 980 957 2433
 981 958 2434
 982 959 2435
 983 960 2436
 984 961 2437
 985 962 2438
 986 963 2439
 987 964 2440
 988 965 2441
 989 966 2442
 990 967 2443
 991 968 2444
 992 969 2445
 993 970 2446
 994 971 2447
 995 972 2448
 996 973 2449
 997 974 2450
 998 975 2451
 999 976 2452
 1000 977 2453
 1001 978 2454
 1002 979 2455
 1441 980 2456
 1003 981 2457
 1004 982 2458
 1005 983 2459
 1006 984 2460
 1007 985 2461
 1008 986 2462
 1009 987 2463
 1010 988 2464
 1011 989 2465
 1012 990 2466
 1013 991 2467
 1014 992 2468
 1015 993 2469
 1016 994 2470
 1017 995 2471
 1018 996 2472
 1019 997 2473
 1020 998 2474
 1021 999 2475
 1022 1000 2476
 1023 1001 2477
 1024 1002 2478
 1442 1003 2479
 1026 1004 2480
 1027 1005 2481
 1028 1006 2482
 1029 1007 2483
 1030 1008 2484
 1031 1009 2485
 1032 1010 2486
 1033 1011 2487
 1034 1012 2488
 1035 1013 2489
 1036 1014 2490
 1037 1015 2491
 1038 1016 2492
 1039 1017 2493
 1040 1018 2494
 1041 1019 2495
 1042 1020 2496
 1043 1021 2497
 1044 1022 2498
 1045 1023 2499
 1046 1024 2500
 1047 1025 2501
 1443 1442 2894
 1048 1026 2502
 1049 1027 2503
 1050 1028 2504
 1051 1029 2505
 1052 1030 2506
 1053 1031 2507
 1054 1032 2508
 1055 1033 2509
 1056 1034 2510
 1057 1035 2511
 1058 1036 2512
 1059 1037 2513
 1060 1038 2514
 1061 1039 2515
 1062 1040 2516
 1063 1041 2517
 1064 1042 2518
 1065 1043 2519
 1066 1044 2520
 1067 1045 2521
 1068 1046 2522
 1069 1047 2523
 1444 1048 2524
 1070 1049 2525
 1071 1050 2526
 1072 1051 2527
 1073 1052 2528
 1074 1053 2529
 1075 1054 2530
 1076 1055 2531
 1077 1056 2532
 1078 1057 2533
 1079 1058 2534
 1080 1059 2535
 1081 1060 2536
 1082 1061 2537
 1083 1062 2538
 1084 1063 2539
 1085 1064 2540
 1086 1065 2541
 1087 1066 2542
 1088 1067 2543
 1089 1068 2544
 1090 1069 2545
 1445 1070 2546
 1091 1071 2547
 1092 1072 2548
 1093 1073 2549
 1094 1074 2550
 1095 1075 2551
 1096 1076 2552
 1097 1077 2553
 1098 1078 2554
 1099 1079 2555
 1100 1080 2556
 1101 1081 2557
 1102 1082 2558
 1103 1083 2559
 1104 1084 2560
 1105 1085 2561
 1106 1086 2562
 1107 1087 2563
 1108 1088 2564
 1109 1089 2565
 1110 1090 2566
 1446 1091 2567
 1112 1092 2568
 1113 1093 2569
 1114 1094 2570
 1115 1095 2571
 1116 1096 2572
 1117 1097 2573
 1118 1098 2574
 1119 1099 2575
 1120 1100 2576
 1121 1101 2577
 1122 1102 2578
 1123 1103 2579
 1124 1104 2580
 1125 1105 2581
 1126 1106 2582
 1127 1107 2583
 1128 1108 2584
 1129 1109 2585
 1130 1110 2586
 1131 1111 2587
 1447 1112 2588
 1132 1113 2589
 1133 1114 2590
 1134 1115 2591
 1135 1116 2592
 1136 1117 2593
 1137 1118 2594
 1138 1119 2595
 1139 1120 2596
 1140 1121 2597
 1141 1122 2598
 1142 1123 2599
 1143 1124 2600
 1144 1125 2601
 1145 1126 2602
 1146 1127 2603
 1147 1128 2604
 1148 1129 2605
 1149 1130 2606
 1150 1131 2607
 1448 1132 2608
 1151 1133 2609
 1152 1134 2610
 1153 1135 2611
 1154 1136 2612
 1155 1137 2613
 1156 1138 2614
 1157 1139 2615
 1158 1140 2616
 1159 1141 2617
 1160 1142 2618
 1161 1143 2619
 1162 1144 2620
 1163 1145 2621
 1164 1146 2622
 1165 1147 2623
 1166 1148 2624
 1167 1149 2625
 1168 1150 2626
 1169 1151 2627
 1170 1152 2628
 1171 1153 2629
 1172 1154 2630
 1173 1155 2631
 1174 1156 2632
 1175 1157 2633
 1176 1158 2634
 1177 1159 2635
 1178 1160 2636
 1179 1161 2637
 1180 1162 2638
 1181 1163 2639
 1182 1164 2640
 1183 1165 2641
 1184 1166 2642
 1185 1167 2643
 1186 1168 2644
 1449 1169 2645
 1187 1170 2646
 1188 1171 2647
 1189 1172 2648
 1190 1173 2649
 1191 1174 2650
 1192 1175 2651
 1193 1176 2652
 1194 1177 2653
 1195 1178 2654
 1196 1179 2655
 1197 1180 2656
 1198 1181 2657
 1199 1182 2658
 1200 1183 2659
 1201 1184 2660
 1202 1185 2661
 1203 1186 2662
 1450 1187 2663
 1205 1188 2664
 1206 1189 2665
 1207 1190 2666
 1208 1191 2667
 1209 1192 2668
 1210 1193 2669
 1211 1194 2670
 1212 1195 2671
 1213 1196 2672
 1214 1197 2673
 1215 1198 2674
 1216 1199 2675
 1217 1200 2676
 1218 1201 2677
 1219 1202 2678
 1220 1203 2679
 1221 1204 2680
 1451 1205 2681
 1222 1206 2682
 1223 1207 2683
 1224 1208 2684
 1225 1209 2685
 1226 1210 2686
 1227 1211 2687
 1228 1212 2688
 1229 1213 2689
 1230 1214 2690
 1231 1215 2691
 1232 1216 2692
 1233 1217 2693
 1234 1218 2694
 1235 1219 2695
 1236 1220 2696
 1237 1221 2697
 1452 1222 2698
 1238 1223 2699
 1239 1224 2700
 1240 1225 2701
 1241 1226 2702
 1242 1227 2703
 1243 1228 2704
 1244 1229 2705
 1245 1230 2706
 1246 1231 2707
 1247 1232 2708
 1248 1233 2709
 1249 1234 2710
 1250 1235 2711
 1251 1236 2712
 1252 1237 2713
 1453 1238 2714
 1253 1239 2715
 1254 1240 2716
 1255 1241 2717
 1256 1242 2718
 1257 1243 2719
 1258 1244 2720
 1259 1245 2721
 1260 1246 2722
 1261 1247 2723
 1262 1248 2724
 1263 1249 2725
 1264 1250 2726
 1265 1251 2727
 1266 1252 2728
 1268 1253 2729
 1269 1254 2730
 1270 1255 2731
 1271 1256 2732
 1272 1257 2733
 1273 1258 2734
 1274 1259 2735
 1275 1260 2736
 1276 1261 2737
 1277 1262 2738
 1278 1263 2739
 1279 1264 2740
 1280 1265 2741
 1281 1266 2742
 1282 1267 2743
 1454 1268 2744
 1283 1269 2745
 1284 1270 2746
 1285 1271 2747
 1286 1272 2748
 1287 1273 2749
 1288 1274 2750
 1289 1275 2751
 1290 1276 2752
 1291 1277 2753
 1292 1278 2754
 1293 1279 2755
 1294 1280 2756
 1295 1281 2757
 1296 1282 2758
 1455 1283 2759
 1297 1284 2760
 1298 1285 2761
 1299 1286 2762
 1300 1287 2763
 1301 1288 2764
 1302 1289 2765
 1303 1290 2766
 1304 1291 2767
 1305 1292 2768
 1306 1293 2769
 1307 1294 2770
 1308 1295 2771
 1309 1296 2772
 1456 1297 2773
 1310 1298 2774
 1311 1299 2775
 1312 1300 2776
 1313 1301 2777
 1314 1302 2778
 1315 1303 2779
 1316 1304 2780
 1317 1305 2781
 1318 1306 2782
 1319 1307 2783
 1320 1308 2784
 1321 1309 2785
 1457 1310 2786
 1323 1311 2787
 1324 1312 2788
 1325 1313 2789
 1326 1314 2790
 1327 1315 2791
 1328 1316 2792
 1329 1317 2793
 1330 1318 2794
 1331 1319 2795
 1332 1320 2796
 1333 1321 2797
 1334 1322 2798
 1458 1323 2799
 1335 1324 2800
 1336 1325 2801
 1337 1326 2802
 1338 1327 2803
 1339 1328 2804
 1340 1329 2805
 1341 1330 2806
 1342 1331 2807
 1343 1332 2808
 1344 1333 2809
 1345 1334 2810
 1459 1335 2811
 1346 1336 2812
 1347 1337 2813
 1348 1338 2814
 1349 1339 2815
 1350 1340 2816
 1351 1341 2817
 1352 1342 2818
 1353 1343 2819
 1354 1344 2820
 1355 1345 2821
 1460 1459 2895
 1356 1346 2822
 1357 1347 2823
 1358 1348 2824
 1359 1349 2825
 1360 1350 2826
 1361 1351 2827
 1362 1352 2828
 1363 1353 2829
 1364 1354 2830
 1365 1355 2831
 1461 1356 2832
 1366 1357 2833
 1367 1358 2834
 1368 1359 2835
 1369 1360 2836
 1370 1361 2837
 1371 1362 2838
 1372 1363 2839
 1373 1364 2840
 1374 1365 2841
 1462 1366 2842
 1376 1367 2843
 1377 1368 2844
 1378 1369 2845
 1379 1370 2846
 1380 1371 2847
 1381 1372 2848
 1382 1373 2849
 1383 1374 2850
 1384 1375 2851
 1463 1376 2852
 1385 1377 2853
 1386 1378 2854
 1387 1379 2855
 1388 1380 2856
 1389 1381 2857
 1390 1382 2858
 1391 1383 2859
 1392 1384 2860
 1464 1385 2861
 1393 1386 2862
 1394 1387 2863
 1395 1388 2864
 1396 1389 2865
 1397 1390 2866
 1398 1391 2867
 1399 1392 2868
 1465 1393 2869
 1400 1394 2870
 1401 1395 2871
 1402 1396 2872
 1403 1397 2873
 1404 1398 2874
 1405 1399 2875
 1466 1465 2896
 1407 1400 2876
 1408 1401 2877
 1409 1402 2878
 1410 1403 2879
 1411 1404 2880
 1412 1405 2881
 1413 1406 2882
 1467 1413 2889
 1468 36 1476
 36 37 2897
 37 38 2898
 38 39 2890
 39 40 1477
 40 41 1478
 41 42 1479
 42 43 1480
 43 44 1481
 44 45 1482
 45 46 1483
 46 47 1484
 47 48 1485
 48 49 1486
 49 50 1487
 50 51 1488
 51 52 1489
 52 53 1490
 53 54 1491
 54 55 1492
 55 56 1493
 56 57 1494
 57 58 1495
 58 59 1496
 59 60 1497
 60 61 1498
 61 62 1499
 62 63 1500
 63 64 1501
 64 65 1502
 65 66 1503
 66 67 1504
 67 68 1505
 68 69 1506
 69 70 1507
 70 71 1508
 71 72 1509
 72 73 1510
 73 74 1511
 74 75 2899
 75 76 2891
 76 77 2900
 1414 78 1513
 78 79 1514
 79 80 1515
 80 81 1516
 81 82 1517
 82 83 1518
 83 84 1519
 84 85 1520
 85 86 1521
 86 87 1522
 87 88 1523
 88 89 1524
 89 90 1525
 90 91 1526
 91 92 1527
 92 93 1528
 93 94 1529
 94 95 1530
 95 96 1531
 96 97 1532
 97 98 1533
 98 99 1534
 99 100 1535
 100 101 1536
 101 102 1537
 102 103 1538
 103 104 1539
 104 105 1540
 105 106 1541
 106 107 1542
 107 108 1543
 108 109 1544
 109 110 1545
 110 111 1546
 111 112 1547
 112 113 1548
 113 114 1549
 114 115 1550
 115 116 1551
 116 117 1552
 117 118 1553
 1415 119 1555
 119 120 1556
 120 121 1557
 121 122 1558
 122 123 1559
 123 124 1560
 124 125 1561
 125 126 1562
 126 127 1563
 127 128 1564
 128 129 1565
 129 130 1566
 130 131 1567
 131 132 1568
 132 133 1569
 133 134 1570
 134 135 1571
 135 136 1572
 136 137 1573
 137 138 1574
 138 139 1575
 139 140 1576
 140 141 1577
 141 142 1578
 142 143 1579
 143 144 1580
 144 145 1581
 145 146 1582
 146 147 1583
 147 148 1584
 148 149 1585
 149 150 1586
 150 151 1587
 151 152 1588
 152 153 1589
 153 154 1590
 154 155 1591
 155 156 1592
 156 157 1593
 157 158 1594
 1416 159 1596
 159 160 1597
 160 161 1598
 161 162 1599
 162 163 1600
 163 164 1601
 164 165 1602
 165 166 1603
 166 167 1604
 167 168 1605
 168 169 1606
 169 170 1607
 170 171 1608
 171 172 1609
 172 173 1610
 173 174 1611
 174 175 1612
 175 176 1613
 176 177 1614
 177 178 1615
 178 179 1616
 179 180 1617
 180 181 1618
 181 182 1619
 182 183 1620
 183 184 1621
 184 185 1622
 185 186 1623
 186 187 1624
 187 188 1625
 188 189 1626
 189 190 1627
 190 191 1628
 191 192 1629
 192 193 1630
 193 194 1631
 194 195 1632
 195 196 1633
 196 197 1634
 1417 198 1636
 198 199 1637
 199 200 1638
 200 201 1639
 201 202 1640
 202 203 1641
 203 204 1642
 204 205 1643
 205 206 1644
 206 207 1645
 207 208 1646
 208 209 1647
 209 210 1648
 210 211 1649
 211 212 1650
 212 213 1651
 213 214 1652
 214 215 1653
 215 216 1654
 216 217 1655
 217 218 1656
 218 219 1657
 219 220 1658
 220 221 1659
 221 222 1660
 222 223 1661
 223 224 1662
 224 225 1663
 225 226 1664
 226 227 1665
 227 228 1666
 228 229 1667
 229 230 1668
 230 231 1669
 231 232 1670
 232 233 1671
 233 234 1672
 234 235 1673
 1418 236 1675
 236 237 1676
 237 238 1677
 238 239 1678
 239 240 1679
 240 241 1680
 241 242 1681
 242 243 1682
 243 244 1683
 244 245 1684
 245 246 1685
 246 247 1686
 247 248 1687
 248 249 1688
 249 250 1689
 250 251 1690
 251 252 1691
 252 253 1692
 253 254 1693
 254 255 1694
 255 256 1695
 256 257 1696
 257 258 1697
 258 259 1698
 259 260 1699
 260 261 1700
 261 262 1701
 262 263 1702
 263 264 1703
 264 265 1704
 265 266 1705
 266 267 1706
 267 268 1707
 268 269 1708
 269 270 1709
 270 271 1710
 271 272 1711
 272 273 2901
 1419 274 1713
 274 275 1714
 275 276 1715
 276 277 1716
 277 278 1717
 278 279 1718
 279 280 1719
 280 281 1720
 281 282 1721
 282 283 1722
 283 284 1723
 284 285 1724
 285 286 1725
 286 287 1726
 287 288 1727
 288 289 1728
 289 290 1729
 290 291 1730
 291 292 1731
 292 293 1732
 293 294 1733
 294 295 1734
 295 296 1735
 296 297 1736
 297 298 1737
 298 299 1738
 299 300 1739
 300 301 1740
 301 302 1741
 302 303 1742
 303 304 1743
 304 305 1744
 305 306 1745
 306 307 1746
 307 308 1747
 308 309 1748
 309 310 1749
 1469 311 1750
 311 312 1751
 312 313 1752
 313 314 1753
 314 315 1754
 315 316 1755
 316 317 1756
 317 318 1757
 318 319 1758
 319 320 1759
 320 321 1760
 321 322 1761
 322 323 1762
 323 324 1763
 324 325 1764
 325 326 1765
 326 327 1766
 327 328 1767
 328 329 1768
 329 330 1769
 330 331 1770
 331 332 1771
 332 333 1772
 333 334 1773
 334 335 1774
 335 336 1775
 336 337 1776
 337 338 1777
 338 339 1778
 339 340 1779
 340 341 1780
 341 342 1781
 342 343 1782
 343 344 1783
 344 345 1784
 345 346 1785
 346 347 1786
 1420 348 1788
 348 349 1789
 349 350 1790
 350 351 1791
 351 352 1792
 352 353 1793
 353 354 1794
 354 355 1795
 355 356 1796
 356 357 1797
 357 358 1798
 358 359 1799
 359 360 1800
 360 361 1801
 361 362 1802
 362 363 1803
 363 364 1804
 364 365 1805
 365 366 1806
 366 367 1807
 367 368 1808
 368 369 1809
 369 370 1810
 370 371 1811
 371 372 1812
 372 373 1813
 373 374 1814
 374 375 1815
 375 376 1816
 376 377 1817
 377 378 1818
 378 379 1819
 379 380 1820
 380 381 1821
 381 382 1822
 382 383 1823
 1421 384 1825
 384 385 1826
 385 386 1827
 386 387 1828
 387 388 1829
 388 389 1830
 389 390 1831
 390 391 1832
 391 392 1833
 392 393 1834
 393 394 1835
 394 395 1836
 395 396 1837
 396 397 1838
 397 398 1839
 398 399 1840
 399 400 1841
 400 401 1842
 401 402 1843
 402 403 1844
 403 404 1845
 404 405 1846
 405 406 1847
 406 407 1848
 407 408 1849
 408 409 1850
 409 410 1851
 410 411 1852
 411 412 1853
 412 413 1854
 413 414 1855
 414 415 1856
 415 416 1857
 416 417 1858
 417 418 1859
 418 419 2902
 1422 420 1861
 420 421 1862
 421 422 1863
 422 423 1864
 423 424 1865
 424 425 1866
 425 426 1867
 426 427 1868
 427 428 1869
 428 429 1870
 429 430 1871
 430 431 1872
 431 432 1873
 432 433 1874
 433 434 1875
 434 435 1876
 435 436 1877
 436 437 1878
 437 438 1879
 438 439 1880
 439 440 1881
 440 441 1882
 441 442 1883
 442 443 1884
 443 444 1885
 444 445 1886
 445 446 1887
 446 447 1888
 447 448 1889
 448 449 1890
 449 450 1891
 450 451 1892
 451 452 1893
 452 453 1894
 453 454 1895
 1423 455 1897
 455 456 1898
 456 457 1899
 457 458 1900
 458 459 1901
 459 460 1902
 460 461 1903
 461 462 1904
 462 463 1905
 463 464 1906
 464 465 1907
 465 466 1908
 466 467 1909
 467 468 1910
 468 469 1911
 469 470 1912
 470 471 1913
 471 472 1914
 472 473 1915
 473 474 1916
 474 475 1917
 475 476 1918
 476 477 1919
 477 478 1920
 478 479 1921
 479 480 1922
 480 481 1923
 481 482 1924
 482 483 1925
 483 484 1926
 484 485 1927
 485 486 1928
 486 487 1929
 487 488 1930
 1424 489 1932
 489 490 1933
 490 491 1934
 491 492 1935
 492 493 1936
 493 494 1937
 494 495 1938
 495 496 1939
 496 497 1940
 497 498 1941
 498 499 1942
 499 500 1943
 500 501 1944
 501 502 1945
 502 503 1946
 503 504 1947
 504 505 1948
 505 506 1949
 506 507 1950
 507 508 1951
 508 509 1952
 509 510 1953
 510 511 1954
 511 512 1955
 512 513 1956
 513 514 1957
 514 515 1958
 515 516 1959
 516 517 1960
 517 518 1961
 518 519 1962
 519 520 1963
 520 521 1964
 1470 522 1965
 522 523 1966
 523 524 1967
 524 525 1968
 525 526 1969
 526 527 1970
 527 528 1971
 528 529 1972
 529 530 1973
 530 531 1974
 531 532 1975
 532 533 1976
 533 534 1977
 534 535 1978
 535 536 1979
 536 537 1980
 537 538 1981
 538 539 1982
 539 540 1983
 540 541 1984
 541 542 1985
 542 543 1986
 543 544 1987
 544 545 1988
 545 546 1989
 546 547 1990
 547 548 1991
 548 549 1992
 549 550 1993
 550 551 1994
 551 552 1995
 552 553 1996
 553 554 1997
 554 555 2903
 1425 556 1999
 556 557 2000
 557 558 2001
 558 559 2002
 559 560 2003
 560 561 2004
 561 562 2005
 562 563 2006
 563 564 2007
 564 565 2008
 565 566 2009
 566 567 2010
 567 568 2011
 568 569 2012
 569 570 2013
 570 571 2014
 571 572 2015
 572 573 2016
 573 574 2017
 574 575 2018
 575 576 2019
 576 577 2020
 577 578 2021
 578 579 2022
 579 580 2023
 580 581 2024
 581 582 2025
 582 583 2026
 583 584 2027
 584 585 2028
 585 586 2029
 586 587 2030
 587 588 2031
 1426 589 2033
 589 590 2034
 590 591 2035
 591 592 2036
 592 593 2037
 593 594 2038
 594 595 2039
 595 596 2040
 596 597 2041
 597 598 2042
 598 599 2043
 599 600 2044
 600 601 2045
 601 602 2046
 602 603 2047
 603 604 2048
 604 605 2049
 605 606 2050
 606 607 2051
 607 608 2052
 608 609 2053
 609 610 2054
 610 611 2055
 611 612 2056
 612 613 2057
 613 614 2058
 614 615 2059
 615 616 2060
 616 617 2061
 617 618 2062
 618 619 2063
 619 620 2064
 1427 621 2066
 621 622 2067
 622 623 2068
 623 624 2069
 624 625 2070
 625 626 2071
 626 627 2072
 627 628 2073
 628 629 2074
 629 630 2075
 630 631 2076
 631 632 2077
 632 633 2078
 633 634 2079
 634 635 2080
 635 636 2081
 636 637 2082
 637 638 2083
 638 639 2084
 639 640 2085
 640 641 2086
 641 642 2087
 642 643 2088
 643 644 2089
 644 645 2090
 645 646 2091
 646 647 2092
 647 648 2093
 648 649 2094
 649 650 2095
 650 651 2096
 1428 652 2098
 652 653 2099
 653 654 2100
 654 655 2101
 655 656 2102
 656 657 2103
 657 658 2104
 658 659 2105
 659 660 2106
 660 661 2107
 661 662 2108
 662 663 2109
 663 664 2110
 664 665 2111
 665 666 2112
 666 667 2113
 667 668 2114
 668 669 2115
 669 670 2116
 670 671 2117
 671 672 2118
 672 673 2119
 673 674 2120
 674 675 2121
 675 676 2122
 676 677 2123
 677 678 2124
 678 679 2125
 679 680 2126
 680 681 2127
 681 682 2904
 1429 683 2129
 683 684 2130
 684 685 2131
 685 686 2132
 686 687 2133
 687 688 2134
 688 689 2135
 689 690 2136
 690 691 2137
 691 692 2138
 692 693 2139
 693 694 2140
 694 695 2141
 695 696 2142
 696 697 2143
 697 698 2144
 698 699 2145
 699 700 2146
 700 701 2147
 701 702 2148
 702 703 2149
 703 704 2150
 704 705 2151
 705 706 2152
 706 707 2153
 707 708 2154
 708 709 2155
 709 710 2156
 710 711 2157
 711 712 2158
 1430 713 2160
 713 714 2161
 714 715 2162
 715 716 2163
 716 717 2164
 717 718 2165
 718 719 2166
 719 720 2167
 720 721 2168
 721 722 2169
 722 723 2170
 723 724 2171
 724 725 2172
 725 726 2173
 726 727 2174
 727 728 2175
 728 729 2176
 729 730 2177
 730 731 2178
 731 732 2179
 732 733 2180
 733 734 2181
 734 735 2182
 735 736 2183
 736 737 2184
 737 738 2185
 738 739 2186
 739 740 2187
 740 741 2188
 1431 742 2189
 742 743 2190
 743 744 2191
 744 745 2192
 745 746 2193
 746 747 2194
 747 748 2195
 748 749 2196
 749 750 2197
 750 751 2198
 751 752 2199
 752 753 2200
 753 754 2201
 754 755 2202
 755 756 2203
 756 757 2204
 757 758 2205
 758 759 2206
 759 760 2207
 760 761 2208
 761 762 2209
 762 763 2210
 763 764 2211
 764 765 2212
 765 766 2213
 766 767 2214
 767 768 2215
 768 769 2216
 769 770 2217
 1432 771 2219
 771 772 2220
 772 773 2221
 773 774 2222
 774 775 2223
 775 776 2224
 776 777 2225
 777 778 2226
 778 779 2227
 779 780 2228
 780 781 2229
 781 782 2230
 782 783 2231
 783 784 2232
 784 785 2233
 785 786 2234
 786 787 2235
 787 788 2236
 788 789 2237
 789 790 2238
 790 791 2239
 791 792 2240
 792 793 2241
 793 794 2242
 794 795 2243
 795 796 2244
 796 797 2245
 797 798 2246
 1433 799 2248
 799 800 2249
 800 801 2250
 801 802 2251
 802 803 2252
 803 804 2253
 804 805 2254
 805 806 2255
 806 807 2256
 807 808 2257
 808 809 2258
 809 810 2259
 810 811 2260
 811 812 2261
 812 813 2262
 813 814 2263
 814 815 2264
 815 816 2265
 816 817 2266
 817 818 2267
 818 819 2268
 819 820 2269
 820 821 2270
 821 822 2271
 822 823 2272
 823 824 2273
 824 825 2274
 825 826 2905
 1434 827 2276
 827 828 2277
 828 829 2278
 829 830 2279
 830 831 2280
 831 832 2281
 832 833 2282
 833 834 2283
 834 835 2284
 835 836 2285
 836 837 2286
 837 838 2287
 838 839 2288
 839 840 2289
 840 841 2290
 841 842 2291
 842 843 2292
 843 844 2293
 844 845 2294
 845 846 2295
 846 847 2296
 847 848 2297
 848 849 2298
 849 850 2299
 850 851 2300
 851 852 2301
 852 853 2302
 1435 854 2304
 854 855 2305
 855 856 2306
 856 857 2307
 857 858 2308
 858 859 2309
 859 860 2310
 860 861 2311
 861 862 2312
 862 863 2313
 863 864 2314
 864 865 2315
 865 866 2316
 866 867 2317
 867 868 2318
 868 869 2319
 869 870 2320
 870 871 2321
 871 872 2322
 872 873 2323
 873 874 2324
 874 875 2325
 875 876 2326
 876 877 2327
 877 878 2328
 878 879 2329
 1436 880 2331
 880 881 2332
 881 882 2333
 882 883 2334
 883 884 2335
 884 885 2336
 885 886 2337
 886 887 2338
 887 888 2339
 888 889 2340
 889 890 2341
 890 891 2342
 891 892 2343
 892 893 2344
 893 894 2345
 894 895 2346
 895 896 2347
 896 897 2348
 897 898 2349
 898 899 2350
 899 900 2351
 900 901 2352
 901 902 2353
 902 903 2354
 903 904 2355
 1437 905 2356
 905 906 2357
 906 907 2358
 907 908 2359
 908 909 2360
 909 910 2361
 910 911 2362
 911 912 2363
 912 913 2364
 913 914 2365
 914 915 2366
 915 916 2367
 916 917 2368
 917 918 2369
 918 919 2370
 919 920 2371
 920 921 2372
 921 922 2373
 922 923 2374
 923 924 2375
 924 925 2376
 925 926 2377
 926 927 2378
 927 928 2379
 928 929 2380
 929 930 2906
 1438 931 2382
 931 932 2383
 932 933 2384
 933 934 2385
 934 935 2386
 935 936 2387
 936 937 2388
 937 938 2389
 938 939 2390
 939 940 2391
 940 941 2392
 941 942 2393
 942 943 2394
 943 944 2395
 944 945 2396
 945 946 2397
 946 947 2398
 947 948 2399
 948 949 2400
 949 950 2401
 950 951 2402
 951 952 2403
 952 953 2404
 953 954 2405
 954 955 2406
 1439 956 2408
 956 957 2409
 957 958 2410
 958 959 2411
 959 960 2412
 960 961 2413
 961 962 2414
 962 963 2415
 963 964 2416
 964 965 2417
 965 966 2418
 966 967 2419
 967 968 2420
 968 969 2421
 969 970 2422
 970 971 2423
 971 972 2424
 972 973 2425
 973 974 2426
 974 975 2427
 975 976 2428
 976 977 2429
 977 978 2430
 978 979 2431
 1440 980 2433
 980 981 2434
 981 982 2435
 982 983 2436
 983 984 2437
 984 985 2438
 985 986 2439
 986 987 2440
 987 988 2441
 988 989 2442
 989 990 2443
 990 991 2444
 991 992 2445
 992 993 2446
 993 994 2447
 994 995 2448
 995 996 2449
 996 997 2450
 997 998 2451
 998 999 2452
 999 1000 2453
 1000 1001 2454
 1001 1002 2455
 1441 1003 2457
 1003 1004 2458
 1004 1005 2459
 1005 1006 2460
 1006 1007 2461
 1007 1008 2462
 1008 1009 2463
 1009 1010 2464
 1010 1011 2465
 1011 1012 2466
 1012 1013 2467
 1013 1014 2468
 1014 1015 2469
 1015 1016 2470
 1016 1017 2471
 1017 1018 2472
 1018 1019 2473
 1019 1020 2474
 1020 1021 2475
 1021 1022 2476
 1022 1023 2477
 1023 1024 2478
 1024 1025 2907
 1442 1026 2480
 1026 1027 2481
 1027 1028 2482
 1028 1029 2483
 1029 1030 2484
 1030 1031 2485
 1031 1032 2486
 1032 1033 2487
 1033 1034 2488
 1034 1035 2489
 1035 1036 2490
 1036 1037 2491
 1037 1038 2492
 1038 1039 2493
 1039 1040 2494
 1040 1041 2495
 1041 1042 2496
 1042 1043 2497
 1043 1044 2498
 1044 1045 2499
 1045 1046 2500
 1046 1047 2501
 1443 1048 2502
 1048 1049 2503
 1049 1050 2504
 1050 1051 2505
 1051 1052 2506
 1052 1053 2507
 1053 1054 2508
 1054 1055 2509
 1055 1056 2510
 1056 1057 2511
 1057 1058 2512
 1058 1059 2513
 1059 1060 2514
 1060 1061 2515
 1061 1062 2516
 1062 1063 2517
 1063 1064 2518
 1064 1065 2519
 1065 1066 2520
 1066 1067 2521
 1067 1068 2522
 1068 1069 2523
 1444 1070 2525
 1070 1071 2526
 1071 1072 2527
 1072 1073 2528
 1073 1074 2529
 1074 1075 2530
 1075 1076 2531
 1076 1077 2532
 1077 1078 2533
 1078 1079 2534
 1079 1080 2535
 1080 1081 2536
 1081 1082 2537
 1082 1083 2538
 1083 1084 2539
 1084 1085 2540
 1085 1086 2541
 1086 1087 2542
 1087 1088 2543
 1088 1089 2544
 1089 1090 2545
 1445 1091 2547
 1091 1092 2548
 1092 1093 2549
 1093 1094 2550
 1094 1095 2551
 1095 1096 2552
 1096 1097 2553
 1097 1098 2554
 1098 1099 2555
 1099 1100 2556
 1100 1101 2557
 1101 1102 2558
 1102 1103 2559
 1103 1104 2560
 1104 1105 2561
 1105 1106 2562
 1106 1107 2563
 1107 1108 2564
 1108 1109 2565
 1109 1110 2566
 1110 1111 2908
 1446 1112 2568
 1112 1113 2569
 1113 1114 2570
 1114 1115 2571
 1115 1116 2572
 1116 1117 2573
 1117 1118 2574
 1118 1119 2575
 1119 1120 2576
 1120 1121 2577
 1121 1122 2578
 1122 1123 2579
 1123 1124 2580
 1124 1125 2581
 1125 1126 2582
 1126 1127 2583
 1127 1128 2584
 1128 1129 2585
 1129 1130 2586
 1130 1131 2587
 1447 1132 2589
 1132 1133 2590
 1133 1134 2591
 1134 1135 2592
 1135 1136 2593
 1136 1137 2594
 1137 1138 2595
 1138 1139 2596
 1139 1140 2597
 1140 1141 2598
 1141 1142 2599
 1142 1143 2600
 1143 1144 2601
 1144 1145 2602
 1145 1146 2603
 1146 1147 2604
 1147 1148 2605
 1148 1149 2606
 1149 1150 2607
 1448 1151 2609
 1151 1152 2610
 1152 1153 2611
 1153 1154 2612
 1154 1155 2613
 1155 1156 2614
 1156 1157 2615
 1157 1158 2616
 1158 1159 2617
 1159 1160 2618
 1160 1161 2619
 1161 1162 2620
 1162 1163 2621
 1163 1164 2622
 1164 1165 2623
 1165 1166 2624
 1166 1167 2625
 1167 1168 2626
 1471 1169 2627
 1169 1170 2628
 1170 1171 2629
 1171 1172 2630
 1172 1173 2631
 1173 1174 2632
 1174 1175 2633
 1175 1176 2634
 1176 1177 2635
 1177 1178 2636
 1178 1179 2637
 1179 1180 2638
 1180 1181 2639
 1181 1182 2640
 1182 1183 2641
 1183 1184 2642
 1184 1185 2643
 1185 1186 2644
 1449 1187 2646
 1187 1188 2647
 1188 1189 2648
 1189 1190 2649
 1190 1191 2650
 1191 1192 2651
 1192 1193 2652
 1193 1194 2653
 1194 1195 2654
 1195 1196 2655
 1196 1197 2656
 1197 1198 2657
 1198 1199 2658
 1199 1200 2659
 1200 1201 2660
 1201 1202 2661
 1202 1203 2662
 1203 1204 2909
 1450 1205 2664
 1205 1206 2665
 1206 1207 2666
 1207 1208 2667
 1208 1209 2668
 1209 1210 2669
 1210 1211 2670
 1211 1212 2671
 1212 1213 2672
 1213 1214 2673
 1214 1215 2674
 1215 1216 2675
 1216 1217 2676
 1217 1218 2677
 1218 1219 2678
 1219 1220 2679
 1220 1221 2680
 1451 1222 2682
 1222 1223 2683
 1223 1224 2684
 1224 1225 2685
 1225 1226 2686
 1226 1227 2687
 1227 1228 2688
 1228 1229 2689
 1229 1230 2690
 1230 1231 2691
 1231 1232 2692
 1232 1233 2693
 1233 1234 2694
 1234 1235 2695
 1235 1236 2696
 1236 1237 2697
 1452 1238 2699
 1238 1239 2700
 1239 1240 2701
 1240 1241 2702
 1241 1242 2703
 1242 1243 2704
 1243 1244 2705
 1244 1245 2706
 1245 1246 2707
 1246 1247 2708
 1247 1248 2709
 1248 1249 2710
 1249 1250 2711
 1250 1251 2712
 1251 1252 2713
 1453 1253 2715
 1253 1254 2716
 1254 1255 2717
 1255 1256 2718
 1256 1257 2719
 1257 1258 2720
 1258 1259 2721
 1259 1260 2722
 1260 1261 2723
 1261 1262 2724
 1262 1263 2725
 1263 1264 2726
 1264 1265 2727
 1265 1266 2728
 1266 1267 2910
 1472 1268 2729
 1268 1269 2730
 1269 1270 2731
 1270 1271 2732
 1271 1272 2733
 1272 1273 2734
 1273 1274 2735
 1274 1275 2736
 1275 1276 2737
 1276 1277 2738
 1277 1278 2739
 1278 1279 2740
 1279 1280 2741
 1280 1281 2742
 1281 1282 2743
 1454 1283 2745
 1283 1284 2746
 1284 1285 2747
 1285 1286 2748
 1286 1287 2749
 1287 1288 2750
 1288 1289 2751
 1289 1290 2752
 1290 1291 2753
 1291 1292 2754
 1292 1293 2755
 1293 1294 2756
 1294 1295 2757
 1295 1296 2758
 1455 1297 2760
 1297 1298 2761
 1298 1299 2762
 1299 1300 2763
 1300 1301 2764
 1301 1302 2765
 1302 1303 2766
 1303 1304 2767
 1304 1305 2768
 1305 1306 2769
 1306 1307 2770
 1307 1308 2771
 1308 1309 2772
 1456 1310 2774
 1310 1311 2775
 1311 1312 2776
 1312 1313 2777
 1313 1314 2778
 1314 1315 2779
 1315 1316 2780
 1316 1317 2781
 1317 1318 2782
 1318 1319 2783
 1319 1320 2784
 1320 1321 2785
 1321 1322 2911
 1457 1323 2787
 1323 1324 2788
 1324 1325 2789
 1325 1326 2790
 1326 1327 2791
 1327 1328 2792
 1328 1329 2793
 1329 1330 2794
 1330 1331 2795
 1331 1332 2796
 1332 1333 2797
 1333 1334 2798
 1458 1335 2800
 1335 1336 2801
 1336 1337 2802
 1337 1338 2803
 1338 1339 2804
 1339 1340 2805
 1340 1341 2806
 1341 1342 2807
 1342 1343 2808
 1343 1344 2809
 1344 1345 2810
 1459 1346 2812
 1346 1347 2813
 1347 1348 2814
 1348 1349 2815
 1349 1350 2816
 1350 1351 2817
 1351 1352 2818
 1352 1353 2819
 1353 1354 2820
 1354 1355 2821
 1460 1356 2822
 1356 1357 2823
 1357 1358 2824
 1358 1359 2825
 1359 1360 2826
 1360 1361 2827
 1361 1362 2828
 1362 1363 2829
 1363 1364 2830
 1364 1365 2831
 1461 1366 2833
 1366 1367 2834
 1367 1368 2835
 1368 1369 2836
 1369 1370 2837
 1370 1371 2838
 1371 1372 2839
 1372 1373 2840
 1373 1374 2841
 1374 1375 2912
 1462 1376 2843
 1376 1377 2844
 1377 1378 2845
 1378 1379 2846
 1379 1380 2847
 1380 1381 2848
 1381 1382 2849
 1382 1383 2850
 1383 1384 2851
 1463 1385 2853
 1385 1386 2854
 1386 1387 2855
 1387 1388 2856
 1388 1389 2857
 1389 1390 2858
 1390 1391 2859
 1391 1392 2860
 1464 1393 2862
 1393 1394 2863
 1394 1395 2864
 1395 1396 2865
 1396 1397 2866
 1397 1398 2867
 1398 1399 2868
 1465 1400 2870
 1400 1401 2871
 1401 1402 2872
 1402 1403 2873
 1403 1404 2874
 1404 1405 2875
 1405 1406 2913
 1466 1407 2876
 1407 1408 2877
 1408 1409 2878
 1409 1410 2879
 1410 1411 2880
 1411 1412 2881
 1412 1413 2882
 1473 1468 1476
 0 36 2897
 1474 39 1477
 1 40 1478
 2 41 1479
 3 42 1480
 4 43 1481
 5 44 1482
 6 45 1483
 7 46 1484
 8 47 1485
 9 48 1486
 10 49 1487
 11 50 1488
 12 51 1489
 13 52 1490
 14 53 1491
 15 54 1492
 16 55 1493
 17 56 1494
 18 57 1495
 19 58 1496
 20 59 1497
 21 60 1498
 22 61 1499
 23 62 1500
 24 63 1501
 25 64 1502
 26 65 1503
 27 66 1504
 28 67 1505
 29 68 1506
 30 69 1507
 31 70 1508
 32 71 1509
 33 72 1510
 34 73 1511
 35 74 2899
 1475 76 2900
 36 1414 1513
 37 78 1514
 38 79 1515
 39 80 1516
 40 81 1517
 41 82 1518
 42 83 1519
 43 84 1520
 44 85 1521
 45 86 1522
 46 87 1523
 47 88 1524
 48 89 1525
 49 90 1526
 50 91 1527
 51 92 1528
 52 93 1529
 53 94 1530
 54 95 1531
 55 96 1532
 56 97 1533
 57 98 1534
 58 99 1535
 59 100 1536
 60 101 1537
 61 102 1538
 62 103 1539
 63 104 1540
 64 105 1541
 65 106 1542
 66 107 1543
 67 108 1544
 68 109 1545
 69 110 1546
 70 111 1547
 71 112 1548
 72 113 1549
 73 114 1550
 74 115 1551
 75 116 1552
 76 117 1553
 78 1415 1555
 79 119 1556
 80 120 1557
 81 121 1558
 82 122 1559
 83 123 1560
 84 124 1561
 85 125 1562
 86 126 1563
 87 127 1564
 88 128 1565
 89 129 1566
 90 130 1567
 91 131 1568
 92 132 1569
 93 133 1570
 94 134 1571
 95 135 1572
 96 136 1573
 97 137 1574
 98 138 1575
 99 139 1576
 100 140 1577
 101 141 1578
 102 142 1579
 103 143 1580
 104 144 1581
 105 145 1582
 106 146 1583
 107 147 1584
 108 148 1585
 109 149 1586
 110 150 1587
 111 151 1588
 112 152 1589
 113 153 1590
 114 154 1591
 115 155 1592
 116 156 1593
 117 157 1594
 119 1416 1596
 120 159 1597
 121 160 1598
 122 161 1599
 123 162 1600
 124 163 1601
 125 164 1602
 126 165 1603
 127 166 1604
 128 167 1605
 129 168 1606
 130 169 1607
 131 170 1608
 132 171 1609
 133 172 1610
 134 173 1611
 135 174 1612
 136 175 1613
 137 176 1614
 138 177 1615
 139 178 1616
 140 179 1617
 141 180 1618
 142 181 1619
 143 182 1620
 144 183 1621
 145 184 1622
 146 185 1623
 147 186 1624
 148 187 1625
 149 188 1626
 150 189 1627
 151 190 1628
 152 191 1629
 153 192 1630
 154 193 1631
 155 194 1632
 156 195 1633
 157 196 1634
 158 197 2914
 159 1417 1636
 160 198 1637
 161 199 1638
 162 200 1639
 163 201 1640
 164 202 1641
 165 203 1642
 166 204 1643
 167 205 1644
 168 206 1645
 169 207 1646
 170 208 1647
 171 209 1648
 172 210 1649
 173 211 1650
 174 212 1651
 175 213 1652
 176 214 1653
 177 215 1654
 178 216 1655
 179 217 1656
 180 218 1657
 181 219 1658
 182 220 1659
 183 221 1660
 184 222 1661
 185 223 1662
 186 224 1663
 187 225 1664
 188 226 1665
 189 227 1666
 190 228 1667
 191 229 1668
 192 230 1669
 193 231 1670
 194 232 1671
 195 233 1672
 196 234 1673
 197 235 2915
 198 1418 1675
 199 236 1676
 200 237 1677
 201 238 1678
 202 239 1679
 203 240 1680
 204 241 1681
 205 242 1682
 206 243 1683
 207 244 1684
 208 245 1685
 209 246 1686
 210 247 1687
 211 248 1688
 212 249 1689
 213 250 1690
 214 251 1691
 215 252 1692
 216 253 1693
 217 254 1694
 218 255 1695
 219 256 1696
 220 257 1697
 221 258 1698
 222 259 1699
 223 260 1700
 224 261 1701
 225 262 1702
 226 263 1703
 227 264 1704
 228 265 1705
 229 266 1706
 230 267 1707
 231 268 1708
 232 269 1709
 233 270 1710
 234 271 1711
 235 272 2901
 236 1419 1713
 237 274 1714
 238 275 1715
 239 276 1716
 240 277 1717
 241 278 1718
 242 279 1719
 243 280 1720
 244 281 1721
 245 282 1722
 246 283 1723
 247 284 1724
 248 285 1725
 249 286 1726
 250 287 1727
 251 288 1728
 252 289 1729
 253 290 1730
 254 291 1731
 255 292 1732
 256 293 1733
 257 294 1734
 258 295 1735
 259 296 1736
 260 297 1737
 261 298 1738
 262 299 1739
 263 300 1740
 264 301 1741
 265 302 1742
 266 303 1743
 267 304 1744
 268 305 1745
 269 306 1746
 270 307 1747
 271 308 1748
 272 309 1749
 1419 1469 1750
 274 311 1751
 275 312 1752
 276 313 1753
 277 314 1754
 278 315 1755
 279 316 1756
 280 317 1757
 281 318 1758
 282 319 1759
 283 320 1760
 284 321 1761
 285 322 1762
 286 323 1763
 287 324 1764
 288 325 1765
 289 326 1766
 290 327 1767
 291 328 1768
 292 329 1769
 293 330 1770
 294 331 1771
 295 332 1772
 296 333 1773
 297 334 1774
 298 335 1775
 299 336 1776
 300 337 1777
 301 338 1778
 302 339 1779
 303 340 1780
 304 341 1781
 305 342 1782
 306 343 1783
 307 344 1784
 308 345 1785
 309 346 1786
 310 347 2916
 311 1420 1788
 312 348 1789
 313 349 1790
 314 350 1791
 315 351 1792
 316 352 1793
 317 353 1794
 318 354 1795
 319 355 1796
 320 356 1797
 321 357 1798
 322 358 1799
 323 359 1800
 324 360 1801
 325 361 1802
 326 362 1803
 327 363 1804
 328 364 1805
 329 365 1806
 330 366 1807
 331 367 1808
 332 368 1809
 333 369 1810
 334 370 1811
 335 371 1812
 336 372 1813
 337 373 1814
 338 374 1815
 339 375 1816
 340 376 1817
 341 377 1818
 342 378 1819
 343 379 1820
 344 380 1821
 345 381 1822
 346 382 1823
 347 383 2917
 348 1421 1825
 349 384 1826
 350 385 1827
 351 386 1828
 352 387 1829
 353 388 1830
 354 389 1831
 355 390 1832
 356 391 1833
 357 392 1834
 358 393 1835
 359 394 1836
 360 395 1837
 361 396 1838
 362 397 1839
 363 398 1840
 364 399 1841
 365 400 1842
 366 401 1843
 367 402 1844
 368 403 1845
 369 404 1846
 370 405 1847
 371 406 1848
 372 407 1849
 373 408 1850
 374 409 1851
 375 410 1852
 376 411 1853
 377 412 1854
 378 413 1855
 379 414 1856
 380 415 1857
 381 416 1858
 382 417 1859
 383 418 2902
 384 1422 1861
 385 420 1862
 386 421 1863
 387 422 1864
 388 423 1865
 389 424 1866
 390 425 1867
 391 426 1868
 392 427 1869
 393 428 1870
 394 429 1871
 395 430 1872
 396 431 1873
 397 432 1874
 398 433 1875
 399 434 1876
 400 435 1877
 401 436 1878
 402 437 1879
 403 438 1880
 404 439 1881
 405 440 1882
 406 441 1883
 407 442 1884
 408 443 1885
 409 444 1886
 410 445 1887
 411 446 1888
 412 447 1889
 413 448 1890
 414 449 1891
 415 450 1892
 416 451 1893
 417 452 1894
 418 453 1895
 420 1423 1897
 421 455 1898
 422 456 1899
 423 457 1900
 424 458 1901
 425 459 1902
 426 460 1903
 427 461 1904
 428 462 1905
 429 463 1906
 430 464 1907
 431 465 1908
 432 466 1909
 433 467 1910
 434 468 1911
 435 469 1912
 436 470 1913
 437 471 1914
 438 472 1915
 439 473 1916
 440 474 1917
 441 475 1918
 442 476 1919
 443 477 1920
 444 478 1921
 445 479 1922
 446 480 1923
 447 481 1924
 448 482 1925
 449 483 1926
 450 484 1927
 451 485 1928
 452 486 1929
 453 487 1930
 454 488 2918
 455 1424 1932
 456 489 1933
 457 490 1934
 458 491 1935
 459 492 1936
 460 493 1937
 461 494 1938
 462 495 1939
 463 496 1940
 464 497 1941
 465 498 1942
 466 499 1943
 467 500 1944
 468 501 1945
 469 502 1946
 470 503 1947
 471 504 1948
 472 505 1949
 473 506 1950
 474 507 1951
 475 508 1952
 476 509 1953
 477 510 1954
 478 511 1955
 479 512 1956
 480 513 1957
 481 514 1958
 482 515 1959
 483 516 1960
 484 517 1961
 485 518 1962
 486 519 1963
 487 520 1964
 488 521 2919
 1424 1470 1965
 489 522 1966
 490 523 1967
 491 524 1968
 492 525 1969
 493 526 1970
 494 527 1971
 495 528 1972
 496 529 1973
 497 530 1974
 498 531 1975
 499 532 1976
 500 533 1977
 501 534 1978
 502 535 1979
 503 536 1980
 504 537 1981
 505 538 1982
 506 539 1983
 507 540 1984
 508 541 1985
 509 542 1986
 510 543 1987
 511 544 1988
 512 545 1989
 513 546 1990
 514 547 1991
 515 548 1992
 516 549 1993
 517 550 1994
 518 551 1995
 519 552 1996
 520 553 1997
 521 554 2903
 522 1425 1999
 523 556 2000
 524 557 2001
 525 558 2002
 526 559 2003
 527 560 2004
 528 561 2005
 529 562 2006
 530 563 2007
 531 564 2008
 532 565 2009
 533 566 2010
 534 567 2011
 535 568 2012
 536 569 2013
 537 570 2014
 538 571 2015
 539 572 2016
 540 573 2017
 541 574 2018
 542 575 2019
 543 576 2020
 544 577 2021
 545 578 2022
 546 579 2023
 547 580 2024
 548 581 2025
 549 582 2026
 550 583 2027
 551 584 2028
 552 585 2029
 553 586 2030
 554 587 2031
 556 1426 2033
 557 589 2034
 558 590 2035
 559 591 2036
 560 592 2037
 561 593 2038
 562 594 2039
 563 595 2040
 564 596 2041
 565 597 2042
 566 598 2043
 567 599 2044
 568 600 2045
 569 601 2046
 570 602 2047
 571 603 2048
 572 604 2049
 573 605 2050
 574 606 2051
 575 607 2052
 576 608 2053
 577 609 2054
 578 610 2055
 579 611 2056
 580 612 2057
 581 613 2058
 582 614 2059
 583 615 2060
 584 616 2061
 585 617 2062
 586 618 2063
 587 619 2064
 589 1427 2066
 590 621 2067
 591 622 2068
 592 623 2069
 593 624 2070
 594 625 2071
 595 626 2072
 596 627 2073
 597 628 2074
 598 629 2075
 599 630 2076
 600 631 2077
 601 632 2078
 602 633 2079
 603 634 2080
 604 635 2081
 605 636 2082
 606 637 2083
 607 638 2084
 608 639 2085
 609 640 2086
 610 641 2087
 611 642 2088
 612 643 2089
 613 644 2090
 614 645 2091
 615 646 2092
 616 647 2093
 617 648 2094
 618 649 2095
 619 650 2096
 620 651 2920
 621 1428 2098
 622 652 2099
 623 653 2100
 624 654 2101
 625 655 2102
 626 656 2103
 627 657 2104
 628 658 2105
 629 659 2106
 630 660 2107
 631 661 2108
 632 662 2109
 633 663 2110
 634 664 2111
 635 665 2112
 636 666 2113
 637 667 2114
 638 668 2115
 639 669 2116
 640 670 2117
 641 671 2118
 642 672 2119
 643 673 2120
 644 674 2121
 645 675 2122
 646 676 2123
 647 677 2124
 648 678 2125
 649 679 2126
 650 680 2127
 651 681 2904
 652 1429 2129
 653 683 2130
 654 684 2131
 655 685 2132
 656 686 2133
 657 687 2134
 658 688 2135
 659 689 2136
 660 690 2137
 661 691 2138
 662 692 2139
 663 693 2140
 664 694 2141
 665 695 2142
 666 696 2143
 667 697 2144
 668 698 2145
 669 699 2146
 670 700 2147
 671 701 2148
 672 702 2149
 673 703 2150
 674 704 2151
 675 705 2152
 676 706 2153
 677 707 2154
 678 708 2155
 679 709 2156
 680 710 2157
 681 711 2158
 683 1430 2160
 684 713 2161
 685 714 2162
 686 715 2163
 687 716 2164
 688 717 2165
 689 718 2166
 690 719 2167
 691 720 2168
 692 721 2169
 693 722 2170
 694 723 2171
 695 724 2172
 696 725 2173
 697 726 2174
 698 727 2175
 699 728 2176
 700 729 2177
 701 730 2178
 702 731 2179
 703 732 2180
 704 733 2181
 705 734 2182
 706 735 2183
 707 736 2184
 708 737 2185
 709 738 2186
 710 739 2187
 711 740 2188
 1430 1431 2189
 713 742 2190
 714 743 2191
 715 744 2192
 716 745 2193
 717 746 2194
 718 747 2195
 719 748 2196
 720 749 2197
 721 750 2198
 722 751 2199
 723 752 2200
 724 753 2201
 725 754 2202
 726 755 2203
 727 756 2204
 728 757 2205
 729 758 2206
 730 759 2207
 731 760 2208
 732 761 2209
 733 762 2210
 734 763 2211
 735 764 2212
 736 765 2213
 737 766 2214
 738 767 2215
 739 768 2216
 740 769 2217
 741 770 2921
 742 1432 2219
 743 771 2220
 744 772 2221
 745 773 2222
 746 774 2223
 747 775 2224
 748 776 2225
 749 777 2226
 750 778 2227
 751 779 2228
 752 780 2229
 753 781 2230
 754 782 2231
 755 783 2232
 756 784 2233
 757 785 2234
 758 786 2235
 759 787 2236
 760 788 2237
 761 789 2238
 762 790 2239
 763 791 2240
 764 792 2241
 765 793 2242
 766 794 2243
 767 795 2244
 768 796 2245
 769 797 2246
 770 798 2922
 771 1433 2248
 772 799 2249
 773 800 2250
 774 801 2251
 775 802 2252
 776 803 2253
 777 804 2254
 778 805 2255
 779 806 2256
 780 807 2257
 781 808 2258
 782 809 2259
 783 810 2260
 784 811 2261
 785 812 2262
 786 813 2263
 787 814 2264
 788 815 2265
 789 816 2266
 790 817 2267
 791 818 2268
 792 819 2269
 793 820 2270
 794 821 2271
 795 822 2272
 796 823 2273
 797 824 2274
 798 825 2905
 799 1434 2276
 800 827 2277
 801 828 2278
 802 829 2279
 803 830 2280
 804 831 2281
 805 832 2282
 806 833 2283
 807 834 2284
 808 835 2285
 809 836 2286
 810 837 2287
 811 838 2288
 812 839 2289
 813 840 2290
 814 841 2291
 815 842 2292
 816 843 2293
 817 844 2294
 818 845 2295
 819 846 2296
 820 847 2297
 821 848 2298
 822 849 2299
 823 850 2300
 824 851 2301
 825 852 2302
 827 1435 2304
 828 854 2305
 829 855 2306
 830 856 2307
 831 857 2308
 832 858 2309
 833 859 2310
 834 860 2311
 835 861 2312
 836 862 2313
 837 863 2314
 838 864 2315
 839 865 2316
 840 866 2317
 841 867 2318
 842 868 2319
 843 869 2320
 844 870 2321
 845 871 2322
 846 872 2323
 847 873 2324
 848 874 2325
 849 875 2326
 850 876 2327
 851 877 2328
 852 878 2329
 853 879 2923
 854 1436 2331
 855 880 2332
 856 881 2333
 857 882 2334
 858 883 2335
 859 884 2336
 860 885 2337
 861 886 2338
 862 887 2339
 863 888 2340
 864 889 2341
 865 890 2342
 866 891 2343
 867 892 2344
 868 893 2345
 869 894 2346
 870 895 2347
 871 896 2348
 872 897 2349
 873 898 2350
 874 899 2351
 875 900 2352
 876 901 2353
 877 902 2354
 878 903 2355
 879 904 2924
 1436 1437 2356
 880 905 2357
 881 906 2358
 882 907 2359
 883 908 2360
 884 909 2361
 885 910 2362
 886 911 2363
 887 912 2364
 888 913 2365
 889 914 2366
 890 915 2367
 891 916 2368
 892 917 2369
 893 918 2370
 894 919 2371
 895 920 2372
 896 921 2373
 897 922 2374
 898 923 2375
 899 924 2376
 900 925 2377
 901 926 2378
 902 927 2379
 903 928 2380
 904 929 2906
 905 1438 2382
 906 931 2383
 907 932 2384
 908 933 2385
 909 934 2386
 910 935 2387
 911 936 2388
 912 937 2389
 913 938 2390
 914 939 2391
 915 940 2392
 916 941 2393
 917 942 2394
 918 943 2395
 919 944 2396
 920 945 2397
 921 946 2398
 922 947 2399
 923 948 2400
 924 949 2401
 925 950 2402
 926 951 2403
 927 952 2404
 928 953 2405
 929 954 2406
 931 1439 2408
 932 956 2409
 933 957 2410
 934 958 2411
 935 959 2412
 936 960 2413
 937 961 2414
 938 962 2415
 939 963 2416
 940 964 2417
 941 965 2418
 942 966 2419
 943 967 2420
 944 968 2421
 945 969 2422
 946 970 2423
 947 971 2424
 948 972 2425
 949 973 2426
 950 974 2427
 951 975 2428
 952 976 2429
 953 977 2430
 954 978 2431
 956 1440 2433
 957 980 2434
 958 981 2435
 959 982 2436
 960 983 2437
 961 984 2438
 962 985 2439
 963 986 2440
 964 987 2441
 965 988 2442
 966 989 2443
 967 990 2444
 968 991 2445
 969 992 2446
 970 993 2447
 971 994 2448
 972 995 2449
 973 996 2450
 974 997 2451
 975 998 2452
 976 999 2453
 977 1000 2454
 978 1001 2455
 979 1002 2925
 980 1441 2457
 981 1003 2458
 982 1004 2459
 983 1005 2460
 984 1006 2461
 985 1007 2462
 986 1008 2463
 987 1009 2464
 988 1010 2465
 989 1011 2466
 990 1012 2467
 991 1013 2468
 992 1014 2469
 993 1015 2470
 994 1016 2471
 995 1017 2472
 996 1018 2473
 997 1019 2474
 998 1020 2475
 999 1021 2476
 1000 1022 2477
 1001 1023 2478
 1002 1024 2907
 1003 1442 2480
 1004 1026 2481
 1005 1027 2482
 1006 1028 2483
 1007 1029 2484
 1008 1030 2485
 1009 1031 2486
 1010 1032 2487
 1011 1033 2488
 1012 1034 2489
 1013 1035 2490
 1014 1036 2491
 1015 1037 2492
 1016 1038 2493
 1017 1039 2494
 1018 1040 2495
 1019 1041 2496
 1020 1042 2497
 1021 1043 2498
 1022 1044 2499
 1023 1045 2500
 1024 1046 2501
 1442 1443 2502
 1026 1048 2503
 1027 1049 2504
 1028 1050 2505
 1029 1051 2506
 1030 1052 2507
 1031 1053 2508
 1032 1054 2509
 1033 1055 2510
 1034 1056 2511
 1035 1057 2512
 1036 1058 2513
 1037 1059 2514
 1038 1060 2515
 1039 1061 2516
 1040 1062 2517
 1041 1063 2518
 1042 1064 2519
 1043 1065 2520
 1044 1066 2521
 1045 1067 2522
 1046 1068 2523
 1048 1444 2525
 1049 1070 2526
 1050 1071 2527
 1051 1072 2528
 1052 1073 2529
 1053 1074 2530
 1054 1075 2531
 1055 1076 2532
 1056 1077 2533
 1057 1078 2534
 1058 1079 2535
 1059 1080 2536
 1060 1081 2537
 1061 1082 2538
 1062 1083 2539
 1063 1084 2540
 1064 1085 2541
 1065 1086 2542
 1066 1087 2543
 1067 1088 2544
 1068 1089 2545
 1069 1090 2926
 1070 1445 2547
 1071 1091 2548
 1072 1092 2549
 1073 1093 2550
 1074 1094 2551
 1075 1095 2552
 1076 1096 2553
 1077 1097 2554
 1078 1098 2555
 1079 1099 2556
 1080 1100 2557
 1081 1101 2558
 1082 1102 2559
 1083 1103 2560
 1084 1104 2561
 1085 1105 2562
 1086 1106 2563
 1087 1107 2564
 1088 1108 2565
 1089 1109 2566
 1090 1110 2908
 1091 1446 2568
 1092 1112 2569
 1093 1113 2570
 1094 1114 2571
 1095 1115 2572
 1096 1116 2573
 1097 1117 2574
 1098 1118 2575
 1099 1119 2576
 1100 1120 2577
 1101 1121 2578
 1102 1122 2579
 1103 1123 2580
 1104 1124 2581
 1105 1125 2582
 1106 1126 2583
 1107 1127 2584
 1108 1128 2585
 1109 1129 2586
 1110 1130 2587
 1112 1447 2589
 1113 1132 2590
 1114 1133 2591
 1115 1134 2592
 1116 1135 2593
 1117 1136 2594
 1118 1137 2595
 1119 1138 2596
 1120 1139 2597
 1121 1140 2598
 1122 1141 2599
 1123 1142 2600
 1124 1143 2601
 1125 1144 2602
 1126 1145 2603
 1127 1146 2604
 1128 1147 2605
 1129 1148 2606
 1130 1149 2607
 1132 1448 2609
 1133 1151 2610
 1134 1152 2611
 1135 1153 2612
 1136 1154 2613
 1137 1155 2614
 1138 1156 2615
 1139 1157 2616
 1140 1158 2617
 1141 1159 2618
 1142 1160 2619
 1143 1161 2620
 1144 1162 2621
 1145 1163 2622
 1146 1164 2623
 1147 1165 2624
 1148 1166 2625
 1149 1167 2626
 1150 1168 2927
 1448 1471 2627
 1151 1169 2628
 1152 1170 2629
 1153 1171 2630
 1154 1172 2631
 1155 1173 2632
 1156 1174 2633
 1157 1175 2634
 1158 1176 2635
 1159 1177 2636
 1160 1178 2637
 1161 1179 2638
 1162 1180 2639
 1163 1181 2640
 1164 1182 2641
 1165 1183 2642
 1166 1184 2643
 1167 1185 2644
 1168 1186 2928
 1169 1449 2646
 1170 1187 2647
 1171 1188 2648
 1172 1189 2649
 1173 1190 2650
 1174 1191 2651
 1175 1192 2652
 1176 1193 2653
 1177 1194 2654
 1178 1195 2655
 1179 1196 2656
 1180 1197 2657
 1181 1198 2658
 1182 1199 2659
 1183 1200 2660
 1184 1201 2661
 1185 1202 2662
 1186 1203 2909
 1187 1450 2664
 1188 1205 2665
 1189 1206 2666
 1190 1207 2667
 1191 1208 2668
 1192 1209 2669
 1193 1210 2670
 1194 1211 2671
 1195 1212 2672
 1196 1213 2673
 1197 1214 2674
 1198 1215 2675
 1199 1216 2676
 1200 1217 2677
 1201 1218 2678
 1202 1219 2679
 1203 1220 2680
 1205 1451 2682
 1206 1222 2683
 1207 1223 2684
 1208 1224 2685
 1209 1225 2686
 1210 1226 2687
 1211 1227 2688
 1212 1228 2689
 1213 1229 2690
 1214 1230 2691
 1215 1231 2692
 1216 1232 2693
 1217 1233 2694
 1218 1234 2695
 1219 1235 2696
 1220 1236 2697
 1221 1237 2929
 1222 1452 2699
 1223 1238 2700
 1224 1239 2701
 1225 1240 2702
 1226 1241 2703
 1227 1242 2704
 1228 1243 2705
 1229 1244 2706
 1230 1245 2707
 1231 1246 2708
 1232 1247 2709
 1233 1248 2710
 1234 1249 2711
 1235 1250 2712
 1236 1251 2713
 1237 1252 2930
 1238 1453 2715
 1239 1253 2716
 1240 1254 2717
 1241 1255 2718
 1242 1256 2719
 1243 1257 2720
 1244 1258 2721
 1245 1259 2722
 1246 1260 2723
 1247 1261 2724
 1248 1262 2725
 1249 1263 2726
 1250 1264 2727
 1251 1265 2728
 1252 1266 2910
 1453 1472 2729
 1253 1268 2730
 1254 1269 2731
 1255 1270 2732
 1256 1271 2733
 1257 1272 2734
 1258 1273 2735
 1259 1274 2736
 1260 1275 2737
 1261 1276 2738
 1262 1277 2739
 1263 1278 2740
 1264 1279 2741
 1265 1280 2742
 1266 1281 2743
 1268 1454 2745
 1269 1283 2746
 1270 1284 2747
 1271 1285 2748
 1272 1286 2749
 1273 1287 2750
 1274 1288 2751
 1275 1289 2752
 1276 1290 2753
 1277 1291 2754
 1278 1292 2755
 1279 1293 2756
 1280 1294 2757
 1281 1295 2758
 1283 1455 2760
 1284 1297 2761
 1285 1298 2762
 1286 1299 2763
 1287 1300 2764
 1288 1301 2765
 1289 1302 2766
 1290 1303 2767
 1291 1304 2768
 1292 1305 2769
 1293 1306 2770
 1294 1307 2771
 1295 1308 2772
 1296 1309 2931
 1297 1456 2774
 1298 1310 2775
 1299 1311 2776
 1300 1312 2777
 1301 1313 2778
 1302 1314 2779
 1303 1315 2780
 1304 1316 2781
 1305 1317 2782
 1306 1318 2783
 1307 1319 2784
 1308 1320 2785
 1309 1321 2911
 1310 1457 2787
 1311 1323 2788
 1312 1324 2789
 1313 1325 2790
 1314 1326 2791
 1315 1327 2792
 1316 1328 2793
 1317 1329 2794
 1318 1330 2795
 1319 1331 2796
 1320 1332 2797
 1321 1333 2798
 1323 1458 2800
 1324 1335 2801
 1325 1336 2802
 1326 1337 2803
 1327 1338 2804
 1328 1339 2805
 1329 1340 2806
 1330 1341 2807
 1331 1342 2808
 1332 1343 2809
 1333 1344 2810
 1335 1459 2812
 1336 1346 2813
 1337 1347 2814
 1338 1348 2815
 1339 1349 2816
 1340 1350 2817
 1341 1351 2818
 1342 1352 2819
 1343 1353 2820
 1344 1354 2821
 1345 1355 2932
 1459 1460 2822
 1346 1356 2823
 1347 1357 2824
 1348 1358 2825
 1349 1359 2826
 1350 1360 2827
 1351 1361 2828
 1352 1362 2829
 1353 1363 2830
 1354 1364 2831
 1355 1365 2933
 1356 1461 2833
 1357 1366 2834
 1358 1367 2835
 1359 1368 2836
 1360 1369 2837
 1361 1370 2838
 1362 1371 2839
 1363 1372 2840
 1364 1373 2841
 1365 1374 2912
 1366 1462 2843
 1367 1376 2844
 1368 1377 2845
 1369 1378 2846
 1370 1379 2847
 1371 1380 2848
 1372 1381 2849
 1373 1382 2850
 1374 1383 2851
 1376 1463 2853
 1377 1385 2854
 1378 1386 2855
 1379 1387 2856
 1380 1388 2857
 1381 1389 2858
 1382 1390 2859
 1383 1391 2860
 1384 1392 2934
 1385 1464 2862
 1386 1393 2863
 1387 1394 2864
 1388 1395 2865
 1389 1396 2866
 1390 1397 2867
 1391 1398 2868
 1392 1399 2935
 1393 1465 2870
 1394 1400 2871
 1395 1401 2872
 1396 1402 2873
 1397 1403 2874
 1398 1404 2875
 1399 1405 2913
 1465 1466 2876
 1400 1407 2877
 1401 1408 2878
 1402 1409 2879
 1403 1410 2880
 1404 1411 2881
 1405 1412 2882
 1413 1467 2936
 1473 2937 2938
 2939 0 2897
 2941 2939 2897
 2942 2898 2945
 2943 2946 2890
 1474 2943 2890
 2947 35 2899
 2950 2947 2899
 2948 2951 2891
 1475 2948 2891
 2952 1475 2900
 2954 2952 2900
 1468 2955 2958
 2959 77 2961
 1414 2962 2965
 2966 118 2968
 1415 2969 2972
 158 2914 2975
 2973 158 2975
 1416 2976 2979
 197 2915 2982
 2980 197 2982
 1417 2983 2986
 235 2901 2990
 2987 235 2990
 1418 2991 2994
 2995 273 2997
 1419 2998 3000
 310 2916 3003
 3001 310 3003
 1469 3004 3007
 347 2917 3010
 3008 347 3010
 1420 3011 3014
 383 2902 3018
 3015 383 3018
 1421 3019 3022
 3023 419 3025
 1422 3026 3029
 454 2918 3032
 3030 454 3032
 1423 3033 3036
 488 2919 3039
 3037 488 3039
 1424 3040 3042
 521 2903 3046
 3043 521 3046
 1470 3047 3050
 3051 555 3053
 1425 3054 3057
 3058 588 3060
 1426 3061 3064
 620 2920 3067
 3065 620 3067
 1427 3068 3071
 651 2904 3075
 3072 651 3075
 1428 3076 3079
 3080 682 3082
 1429 3083 3086
 3087 712 3089
 1430 3090 3092
 1430 3092 2892
 741 2921 3095
 3093 741 3095
 1431 3096 3099
 770 2922 3102
 3100 770 3102
 1432 3103 3106
 798 2905 3110
 3107 798 3110
 1433 3111 3114
 3115 826 3117
 1434 3118 3121
 853 2923 3124
 3122 853 3124
 1435 3125 3128
 879 2924 3131
 3129 879 3131
 1436 3132 3134
 1436 3134 2893
 904 2906 3138
 3135 904 3138
 1437 3139 3142
 3143 930 3145
 1438 3146 3149
 3150 955 3152
 1439 3153 3156
 979 2925 3159
 3157 979 3159
 1440 3160 3163
 1002 2907 3167
 3164 1002 3167
 1441 3168 3171
 3172 1025 3174
 1442 3175 3177
 1442 3177 2894
 3178 1047 3180
 1443 3181 3184
 1069 2926 3187
 3185 1069 3187
 1444 3188 3191
 1090 2908 3195
 3192 1090 3195
 1445 3196 3199
 3200 1111 3202
 1446 3203 3206
 3207 1131 3209
 1447 3210 3213
 1150 2927 3216
 3214 1150 3216
 1448 3217 3219
 1168 2928 3222
 3220 1168 3222
 1471 3223 3226
 1186 2909 3230
 3227 1186 3230
 1449 3231 3234
 3235 1204 3237
 1450 3238 3241
 1221 2929 3244
 3242 1221 3244
 1451 3245 3248
 1237 2930 3251
 3249 1237 3251
 1452 3252 3255
 1252 2910 3259
 3256 1252 3259
 1453 3260 3262
 3263 1267 3265
 1472 3266 3269
 3270 1282 3272
 1454 3273 3276
 1296 2931 3279
 3277 1296 3279
 1455 3280 3283
 1309 2911 3287
 3284 1309 3287
 1456 3288 3291
 3292 1322 3294
 1457 3295 3298
 3299 1334 3301
 1458 3302 3305
 1345 2932 3308
 3306 1345 3308
 1459 3309 3311
 1459 3311 2895
 1355 2933 3314
 3312 1355 3314
 1460 3315 3318
 1365 2912 3322
 3319 1365 3322
 1461 3323 3326
 3327 1375 3329
 1462 3330 3333
 1384 2934 3336
 3334 1384 3336
 1463 3337 3340
 1392 2935 3343
 3341 1392 3343
 1464 3344 3347
 1399 2913 3351
 3348 1399 3351
 1465 3352 3354
 1465 3354 2896
 3355 1406 3357
 1466 3358 3361
 1413 2936 3370
 3368 1413 3370
 1468 1473 2957
 1473 2938 2957
 2940 2941 2897
 37 2940 2897
 38 2944 2945
 38 2945 2898
 2949 2950 2899
 75 2949 2899
 2953 2954 2900
 77 2953 2900
 2956 1468 2958
 2964 1414 2965
 2971 1415 2972
 2975 2914 2981
 2978 1416 2979
 2982 2915 2989
 2985 1417 2986
 2988 2990 2901
 273 2988 2901
 2993 1418 2994
 1469 1419 3006
 1419 3000 3006
 3003 2916 3009
 3005 1469 3007
 3010 2917 3017
 3013 1420 3014
 3016 3018 2902
 419 3016 2902
 3021 1421 3022
 3028 1422 3029
 3032 2918 3038
 3035 1423 3036
 3039 2919 3045
 1470 1424 3049
 1424 3042 3049
 3044 3046 2903
 555 3044 2903
 3048 1470 3050
 3056 1425 3057
 3063 1426 3064
 3067 2920 3074
 3070 1427 3071
 3073 3075 2904
 682 3073 2904
 3078 1428 3079
 3085 1429 3086
 3095 2921 3101
 3098 1431 3099
 3102 2922 3109
 3105 1432 3106
 3108 3110 2905
 826 3108 2905
 3113 1433 3114
 3120 1434 3121
 3124 2923 3130
 3127 1435 3128
 3131 2924 3137
 3136 3138 2906
 930 3136 2906
 3141 1437 3142
 3148 1438 3149
 3155 1439 3156
 3159 2925 3166
 3162 1440 3163
 3165 3167 2907
 1025 3165 2907
 3170 1441 3171
 3183 1443 3184
 3187 2926 3194
 3190 1444 3191
 3193 3195 2908
 1111 3193 2908
 3198 1445 3199
 3205 1446 3206
 3212 1447 3213
 3216 2927 3221
 1471 1448 3225
 1448 3219 3225
 3222 2928 3229
 3224 1471 3226
 3228 3230 2909
 1204 3228 2909
 3233 1449 3234
 3240 1450 3241
 3244 2929 3250
 3247 1451 3248
 3251 2930 3258
 3254 1452 3255
 3257 3259 2910
 1267 3257 2910
 1472 1453 3268
 1453 3262 3268
 3267 1472 3269
 3275 1454 3276
 3279 2931 3286
 3282 1455 3283
 3285 3287 2911
 1322 3285 2911
 3290 1456 3291
 3297 1457 3298
 3304 1458 3305
 3308 2932 3313
 3314 2933 3321
 3317 1460 3318
 3320 3322 2912
 1375 3320 2912
 3325 1461 3326
 3332 1462 3333
 3336 2934 3342
 3339 1463 3340
 3343 2935 3350
 3346 1464 3347
 3349 3351 2913
 1406 3349 2913
 3360 1466 3361
 1407 2883 3372
 3362 1407 3372
 3363 1408 2884
 3374 3363 2884
 3364 1409 2885
 3376 3364 2885
 3365 1410 2886
 3378 3365 2886
 3366 1411 2887
 3380 3366 2887
 3367 1412 2888
 3383 3367 2888
 3370 2936 3386
 2955 1468 2957
 77 2959 2960
 1414 1512 2963
 2962 1414 2963
 118 2966 2967
 1415 1554 2970
 2969 1415 2970
 158 2973 2974
 1416 1595 2977
 2976 1416 2977
 197 2980 2981
 197 2981 2914
 1417 1635 2984
 2983 1417 2984
 235 2987 2989
 235 2989 2915
 1418 1674 2992
 2991 1418 2992
 273 2995 2996
 1419 1712 2999
 2998 1419 2999
 310 3001 3002
 3004 1469 3006
 347 3008 3009
 347 3009 2916
 1420 1787 3012
 3011 1420 3012
 383 3015 3017
 383 3017 2917
 1421 1824 3020
 3019 1421 3020
 419 3023 3024
 1422 1860 3027
 3026 1422 3027
 454 3030 3031
 1423 1896 3034
 3033 1423 3034
 488 3037 3038
 488 3038 2918
 1424 1931 3041
 3040 1424 3041
 521 3043 3045
 521 3045 2919
 3047 1470 3049
 555 3051 3052
 1425 1998 3055
 3054 1425 3055
 588 3058 3059
 1426 2032 3062
 3061 1426 3062
 620 3065 3066
 1427 2065 3069
 3068 1427 3069
 651 3072 3074
 651 3074 2920
 1428 2097 3077
 3076 1428 3077
 682 3080 3081
 1429 2128 3084
 3083 1429 3084
 712 3087 3088
 1430 2159 3091
 3090 1430 3091
 741 3093 3094
 1431 2892 3097
 3096 1431 3097
 770 3100 3101
 770 3101 2921
 1432 2218 3104
 3103 1432 3104
 798 3107 3109
 798 3109 2922
 1433 2247 3112
 3111 1433 3112
 826 3115 3116
 1434 2275 3119
 3118 1434 3119
 853 3122 3123
 1435 2303 3126
 3125 1435 3126
 879 3129 3130
 879 3130 2923
 1436 2330 3133
 3132 1436 3133
 904 3135 3137
 904 3137 2924
 1437 2893 3140
 3139 1437 3140
 930 3143 3144
 1438 2381 3147
 3146 1438 3147
 955 3150 3151
 1439 2407 3154
 3153 1439 3154
 979 3157 3158
 1440 2432 3161
 3160 1440 3161
 1002 3164 3166
 1002 3166 2925
 1441 2456 3169
 3168 1441 3169
 1025 3172 3173
 1442 2479 3176
 3175 1442 3176
 1047 3178 3179
 1443 2894 3182
 3181 1443 3182
 1069 3185 3186
 1444 2524 3189
 3188 1444 3189
 1090 3192 3194
 1090 3194 2926
 1445 2546 3197
 3196 1445 3197
 1111 3200 3201
 1446 2567 3204
 3203 1446 3204
 1131 3207 3208
 1447 2588 3211
 3210 1447 3211
 1150 3214 3215
 1448 2608 3218
 3217 1448 3218
 1168 3220 3221
 1168 3221 2927
 3223 1471 3225
 1186 3227 3229
 1186 3229 2928
 1449 2645 3232
 3231 1449 3232
 1204 3235 3236
 1450 2663 3239
 3238 1450 3239
 1221 3242 3243
 1451 2681 3246
 3245 1451 3246
 1237 3249 3250
 1237 3250 2929
 1452 2698 3253
 3252 1452 3253
 1252 3256 3258
 1252 3258 2930
 1453 2714 3261
 3260 1453 3261
 1267 3263 3264
 3266 1472 3268
 1282 3270 3271
 1454 2744 3274
 3273 1454 3274
 1296 3277 3278
 1455 2759 3281
 3280 1455 3281
 1309 3284 3286
 1309 3286 2931
 1456 2773 3289
 3288 1456 3289
 1322 3292 3293
 1457 2786 3296
 3295 1457 3296
 1334 3299 3300
 1458 2799 3303
 3302 1458 3303
 1345 3306 3307
 1459 2811 3310
 3309 1459 3310
 1355 3312 3313
 1355 3313 2932
 1460 2895 3316
 3315 1460 3316
 1365 3319 3321
 1365 3321 2933
 1461 2832 3324
 3323 1461 3324
 1375 3327 3328
 1462 2842 3331
 3330 1462 3331
 1384 3334 3335
 1463 2852 3338
 3337 1463 3338
 1392 3341 3342
 1392 3342 2934
 1464 2861 3345
 3344 1464 3345
 1399 3348 3350
 1399 3350 2935
 1465 2869 3353
 3352 1465 3353
 1406 3355 3356
 1466 2896 3359
 3358 1466 3359
 1413 3368 3369
 3372 2883 3371
 3374 2884 3373
 3376 2885 3375
 3378 2886 3377
 3380 2887 3379
 3383 2888 3381
 3382 1467 2889
 3384 3382 2889
 1467 3385 3386
 1467 3386 2936
 2940 37 2898
 2942 2940 2898
 38 2890 2946
 2944 38 2946
 2949 75 2891
 2951 2949 2891
 2953 77 2960
 2956 2963 1512
 1468 2956 1512
 77 118 2961
 118 2967 2961
 2964 2970 1554
 1414 2964 1554
 118 158 2968
 158 2974 2968
 2971 2977 1595
 1415 2971 1595
 2978 2984 1635
 1416 2978 1635
 2985 2992 1674
 1417 2985 1674
 2988 273 2996
 2993 2999 1712
 1418 2993 1712
 273 310 2997
 310 3002 2997
 3005 3012 1787
 1469 3005 1787
 3013 3020 1824
 1420 3013 1824
 3016 419 3024
 3021 3027 1860
 1421 3021 1860
 419 454 3025
 454 3031 3025
 3028 3034 1896
 1422 3028 1896
 3035 3041 1931
 1423 3035 1931
 3044 555 3052
 3048 3055 1998
 1470 3048 1998
 555 588 3053
 588 3059 3053
 3056 3062 2032
 1425 3056 2032
 588 620 3060
 620 3066 3060
 3063 3069 2065
 1426 3063 2065
 3070 3077 2097
 1427 3070 2097
 3073 682 3081
 3078 3084 2128
 1428 3078 2128
 682 712 3082
 712 3088 3082
 3085 3091 2159
 1429 3085 2159
 712 741 3089
 741 3094 3089
 3097 2892 3092
 3098 3104 2218
 1431 3098 2218
 3105 3112 2247
 1432 3105 2247
 3108 826 3116
 3113 3119 2275
 1433 3113 2275
 826 853 3117
 853 3123 3117
 3120 3126 2303
 1434 3120 2303
 3127 3133 2330
 1435 3127 2330
 3140 2893 3134
 3136 930 3144
 3141 3147 2381
 1437 3141 2381
 930 955 3145
 955 3151 3145
 3148 3154 2407
 1438 3148 2407
 955 979 3152
 979 3158 3152
 3155 3161 2432
 1439 3155 2432
 3162 3169 2456
 1440 3162 2456
 3165 1025 3173
 3170 3176 2479
 1441 3170 2479
 1025 1047 3174
 1047 3179 3174
 3182 2894 3177
 1047 1069 3180
 1069 3186 3180
 3183 3189 2524
 1443 3183 2524
 3190 3197 2546
 1444 3190 2546
 3193 1111 3201
 3198 3204 2567
 1445 3198 2567
 1111 1131 3202
 1131 3208 3202
 3205 3211 2588
 1446 3205 2588
 1131 1150 3209
 1150 3215 3209
 3212 3218 2608
 1447 3212 2608
 3224 3232 2645
 1471 3224 2645
 3228 1204 3236
 3233 3239 2663
 1449 3233 2663
 1204 1221 3237
 1221 3243 3237
 3240 3246 2681
 1450 3240 2681
 3247 3253 2698
 1451 3247 2698
 3254 3261 2714
 1452 3254 2714
 3257 1267 3264
 1267 1282 3265
 1282 3271 3265
 3267 3274 2744
 1472 3267 2744
 1282 1296 3272
 1296 3278 3272
 3275 3281 2759
 1454 3275 2759
 3282 3289 2773
 1455 3282 2773
 3285 1322 3293
 3290 3296 2786
 1456 3290 2786
 1322 1334 3294
 1334 3300 3294
 3297 3303 2799
 1457 3297 2799
 1334 1345 3301
 1345 3307 3301
 3304 3310 2811
 1458 3304 2811
 3316 2895 3311
 3317 3324 2832
 1460 3317 2832
 3320 1375 3328
 3325 3331 2842
 1461 3325 2842
 1375 1384 3329
 1384 3335 3329
 3332 3338 2852
 1462 3332 2852
 3339 3345 2861
 1463 3339 2861
 3346 3353 2869
 1464 3346 2869
 3349 1406 3356
 3359 2896 3354
 1406 1413 3357
 1413 3369 3357
 3360 3371 2883
 1466 3360 2883
 3362 3373 2884
 1407 3362 2884
 3363 3375 2885
 1408 3363 2885
 3364 3377 2886
 1409 3364 2886
 3365 3379 2887
 1410 3365 2887
 3366 3381 2888
 1411 3366 2888
 3367 3384 2889
 1412 3367 2889</DataArray>
            <DataArray Name="offsets" format="ascii" type="Int32">3 6 9 12 15 18 21 24 27 30 33 36 39 42 45 48 51 54 57 60 63 66 69 72 75 78 81 84 87 90 93 96 99 102 105 108 111 114 117 120 123 126 129 132 135 138 141 144 147 150 153 156 159 162 165 168 171 174 177 180 183 186 189 192 195 198 201 204 207 210 213 216 219 222 225 228 231 234 237 240 243 246 249 252 255 258 261 264 267 270 273 276 279 282 285 288 291 294 297 300 303 306 309 312 315 318 321 324 327 330 333 336 339 342 345 348 351 354 357 360 363 366 369 372 375 378 381 384 387 390 393 396 399 402 405 408 411 414 417 420 423 426 429 432 435 438 441 444 447 450 453 456 459 462 465 468 471 474 477 480 483 486 489 492 495 498 501 504 507 510 513 516 519 522 525 528 531 534 537 540 543 546 549 552 555 558 561 564 567 570 573 576 579 582 585 588 591 594 597 600 603 606 609 612 615 618 621 624 627 630 633 636 639 642 645 648 651 654 657 660 663 666 669 672 675 678 681 684 687 690 693 696 699 702 705 708 711 714 717 720 723 726 729 732 735 738 741 744 747 750 753 756 759 762 765 768 771 774 777 780 783 786 789 792 795 798 801 804 807 810 813 816 819 822 825 828 831 834 837 840 843 846 849 852 855 858 861 864 867 870 873 876 879 882 885 888 891 894 897 900 903 906 909 912 915 918 921 924 927 930 933 936 939 942 945 948 951 954 957 960 963 966 969 972 975 978 981 984 987 990 993 996 999 1002 1005 1008 1011 1014 1017 1020 1023 1026 1029 1032 1035 1038 1041 1044 1047 1050 1053 1056 1059 1062 1065 1068 1071 1074 1077 1080 1083 1086 1089 1092 1095 1098 1101 1104 1107 1110 1113 1116 1119 1122 1125 1128 1131 1134 1137 1140 1143 1146 1149 1152 1155 1158 1161 1164 1167 1170 1173 1176 1179 1182 1185 1188 1191 1194 1197 1200 1203 1206 1209 1212 1215 1218 1221 1224 1227 1230 1233 1236 1239 1242 1245 1248 1251 1254 1257 1260 1263 1266 1269 1272 1275 1278 1281 1284 1287 1290 1293 1296 1299 1302 1305 1308 1311 1314 1317 1320 1323 1326 1329 1332 1335 1338 1341 1344 1347 1350 1353 1356 1359 1362 1365 1368 1371 1374 1377 1380 1383 1386 1389 1392 1395 1398 1401 1404 1407 1410 1413 1416 1419 1422 1425 1428 1431 1434 1437 1440 1443 1446 1449 1452 1455 1458 1461 1464 1467 1470 1473 1476 1479 1482 1485 1488 1491 1494 1497 1500 1503 1506 1509 1512 1515 1518 1521 1524 1527 1530 1533 1536 1539 1542 1545 1548 1551 1554 1557 1560 1563 1566 1569 1572 1575 1578 1581 1584 1587 1590 1593 1596 1599 1602 1605 1608 1611 1614 1617 1620 1623 1626 1629 1632 1635 1638 1641 1644 1647 1650 1653 1656 1659 1662 1665 1668 1671 1674 1677 1680 1683 1686 1689 1692 1695 1698 1701 1704 1707 1710 1713 1716 1719 1722 1725 1728 1731 1734 1737 1740 1743 1746 1749 1752 1755 1758 1761 1764 1767 1770 1773 1776 1779 1782 1785 1788 1791 1794 1797 1800 1803 1806 1809 1812 1815 1818 1821 1824 1827 1830 1833 1836 1839 1842 1845 1848 1851 1854 1857 1860 1863 1866 1869 1872 1875 1878 1881 1884 1887 1890 1893 1896 1899 1902 1905 1908 1911 1914 1917 1920 1923 1926 1929 1932 1935 1938 1941 1944 1947 1950 1953 1956 1959 1962 1965 1968 1971 1974 1977 1980 1983 1986 1989 1992 1995 1998 2001 2004 2007 2010 2013 2016 2019 2022 2025 2028 2031 2034 2037 2040 2043 2046 2049 2052 2055 2058 2061 2064 2067 2070 2073 2076 2079 2082 2085 2088 2091 2094 2097 2100 2103 2106 2109 2112 2115 2118 2121 2124 2127 2130 2133 2136 2139 2142 2145 2148 2151 2154 2157 2160 2163 2166 2169 2172 2175 2178 2181 2184 2187 2190 2193 2196 2199 2202 2205 2208 2211 2214 2217 2220 2223 2226 2229 2232 2235 2238 2241 2244 2247 2250 2253 2256 2259 2262 2265 2268 2271 2274 2277 2280 2283 2286 2289 2292 2295 2298 2301 2304 2307 2310 2313 2316 2319 2322 2325 2328 2331 2334 2337 2340 2343 2346 2349 2352 2355 2358 2361 2364 2367 2370 2373 2376 2379 2382 2385 2388 2391 2394 2397 2400 2403 2406 2409 2412 2415 2418 2421 2424 2427 2430 2433 2436 2439 2442 2445 2448 2451 2454 2457 2460 2463 2466 2469 2472 2475 2478 2481 2484 2487 2490 2493 2496 2499 2502 2505 2508 2511 2514 2517 2520 2523 2526 2529 2532 2535 2538 2541 2544 2547 2550 2553 2556 2559 2562 2565 2568 2571 2574 2577 2580 2583 2586 2589 2592 2595 2598 2601 2604 2607 2610 2613 2616 2619 2622 2625 2628 2631 2634 2637 2640 2643 2646 2649 2652 2655 2658 2661 2664 2667 2670 2673 2676 2679 2682 2685 2688 2691 2694 2697 2700 2703 2706 2709 2712 2715 2718 2721 2724 2727 2730 2733 2736 2739 2742 2745 2748 2751 2754 2757 2760 2763 2766 2769 2772 2775 2778 2781 2784 2787 2790 2793 2796 2799 2802 2805 2808 2811 2814 2817 2820 2823 2826 2829 2832 2835 2838 2841 2844 2847 2850 2853 2856 2859 2862 2865 2868 2871 2874 2877 2880 2883 2886 2889 2892 2895 2898 2901 2904 2907 2910 2913 2916 2919 2922 2925 2928 2931 2934 2937 2940 2943 2946 2949 2952 2955 2958 2961 2964 2967 2970 2973 2976 2979 2982 2985 2988 2991 2994 2997 3000 3003 3006 3009 3012 3015 3018 3021 3024 3027 3030 3033 3036 3039 3042 3045 3048 3051 3054 3057 3060 3063 3066 3069 3072 3075 3078 3081 3084 3087 3090 3093 3096 3099 3102 3105 3108 3111 3114 3117 3120 3123 3126 3129 3132 3135 3138 3141 3144 3147 3150 3153 3156 3159 3162 3165 3168 3171 3174 3177 3180 3183 3186 3189 3192 3195 3198 3201 3204 3207 3210 3213 3216 3219 3222 3225 3228 3231 3234 3237 3240 3243 3246 3249 3252 3255 3258 3261 3264 3267 3270 3273 3276 3279 3282 3285 3288 3291 3294 3297 3300 3303 3306 3309 3312 3315 3318 3321 3324 3327 3330 3333 3336 3339 3342 3345 3348 3351 3354 3357 3360 3363 3366 3369 3372 3375 3378 3381 3384 3387 3390 3393 3396 3399 3402 3405 3408 3411 3414 3417 3420 3423 3426 3429 3432 3435 3438 3441 3444 3447 3450 3453 3456 3459 3462 3465 3468 3471 3474 3477 3480 3483 3486 3489 3492 3495 3498 3501 3504 3507 3510 3513 3516 3519 3522 3525 3528 3531 3534 3537 3540 3543 3546 3549 3552 3555 3558 3561 3564 3567 3570 3573 3576 3579 3582 3585 3588 3591 3594 3597 3600 3603 3606 3609 3612 3615 3618 3621 3624 3627 3630 3633 3636 3639 3642 3645 3648 3651 3654 3657 3660 3663 3666 3669 3672 3675 3678 3681 3684 3687 3690 3693 3696 3699 3702 3705 3708 3711 3714 3717 3720 3723 3726 3729 3732 3735 3738 3741 3744 3747 3750 3753 3756 3759 3762 3765 3768 3771 3774 3777 3780 3783 3786 3789 3792 3795 3798 3801 3804 3807 3810 3813 3816 3819 3822 3825 3828 3831 3834 3837 3840 3843 3846 3849 3852 3855 3858 3861 3864 3867 3870 3873 3876 3879 3882 3885 3888 3891 3894 3897 3900 3903 3906 3909 3912 3915 3918 3921 3924 3927 3930 3933 3936 3939 3942 3945 3948 3951 3954 3957 3960 3963 3966 3969 3972 3975 3978 3981 3984 3987 3990 3993 3996 3999 4002 4005 4008 4011 4014 4017 4020 4023 4026 4029 4032 4035 4038 4041 4044 4047 4050 4053 4056 4059 4062 4065 4068 4071 4074 4077 4080 4083 4086 4089 4092 4095 4098 4101 4104 4107 4110 4113 4116 4119 4122 4125 4128 4131 4134 4137 4140 4143 4146 4149 4152 4155 4158 4161 4164 4167 4170 4173 4176 4179 4182 4185 4188 4191 4194 4197 4200 4203 4206 4209 4212 4215 4218 4221 4224 4227 4230 4233 4236 4239 4242 4245 4248 4251 4254 4257 4260 4263 4266 4269 4272 4275 4278 4281 4284 4287 4290 4293 4296 4299 4302 4305 4308 4311 4314 4317 4320 4323 4326 4329 4332 4335 4338 4341 4344 4347 4350 4353 4356 4359 4362 4365 4368 4371 4374 4377 4380 4383 4386 4389 4392 4395 4398 4401 4404 4407 4410 4413 4416 4419 4422 4425 4428 4431 4434 4437 4440 4443 4446 4449 4452 4455 4458 4461 4464 4467 4470 4473 4476 4479 4482 4485 4488 4491 4494 4497 4500 4503 4506 4509 4512 4515 4518 4521 4524 4527 4530 4533 4536 4539 4542 4545 4548 4551 4554 4557 4560 4563 4566 4569 4572 4575 4578 4581 4584 4587 4590 4593 4596 4599 4602 4605 4608 4611 4614 4617 4620 4623 4626 4629 4632 4635 4638 4641 4644 4647 4650 4653 4656 4659 4662 4665 4668 4671 4674 4677 4680 4683 4686 4689 4692 4695 4698 4701 4704 4707 4710 4713 4716 4719 4722 4725 4728 4731 4734 4737 4740 4743 4746 4749 4752 4755 4758 4761 4764 4767 4770 4773 4776 4779 4782 4785 4788 4791 4794 4797 4800 4803 4806 4809 4812 4815 4818 4821 4824 4827 4830 4833 4836 4839 4842 4845 4848 4851 4854 4857 4860 4863 4866 4869 4872 4875 4878 4881 4884 4887 4890 4893 4896 4899 4902 4905 4908 4911 4914 4917 4920 4923 4926 4929 4932 4935 4938 4941 4944 4947 4950 4953 4956 4959 4962 4965 4968 4971 4974 4977 4980 4983 4986 4989 4992 4995 4998 5001 5004 5007 5010 5013 5016 5019 5022 5025 5028 5031 5034 5037 5040 5043 5046 5049 5052 5055 5058 5061 5064 5067 5070 5073 5076 5079 5082 5085 5088 5091 5094 5097 5100 5103 5106 5109 5112 5115 5118 5121 5124 5127 5130 5133 5136 5139 5142 5145 5148 5151 5154 5157 5160 5163 5166 5169 5172 5175 5178 5181 5184 5187 5190 5193 5196 5199 5202 5205 5208 5211 5214 5217 5220 5223 5226 5229 5232 5235 5238 5241 5244 5247 5250 5253 5256 5259 5262 5265 5268 5271 5274 5277 5280 5283 5286 5289 5292 5295 5298 5301 5304 5307 5310 5313 5316 5319 5322 5325 5328 5331 5334 5337 5340 5343 5346 5349 5352 5355 5358 5361 5364 5367 5370 5373 5376 5379 5382 5385 5388 5391 5394 5397 5400 5403 5406 5409 5412 5415 5418 5421 5424 5427 5430 5433 5436 5439 5442 5445 5448 5451 5454 5457 5460 5463 5466 5469 5472 5475 5478 5481 5484 5487 5490 5493 5496 5499 5502 5505 5508 5511 5514 5517 5520 5523 5526 5529 5532 5535 5538 5541 5544 5547 5550 5553 5556 5559 5562 5565 5568 5571 5574 5577 5580 5583 5586 5589 5592 5595 5598 5601 5604 5607 5610 5613 5616 5619 5622 5625 5628 5631 5634 5637 5640 5643 5646 5649 5652 5655 5658 5661 5664 5667 5670 5673 5676 5679 5682 5685 5688 5691 5694 5697 5700 5703 5706 5709 5712 5715 5718 5721 5724 5727 5730 5733 5736 5739 5742 5745 5748 5751 5754 5757 5760 5763 5766 5769 5772 5775 5778 5781 5784 5787 5790 5793 5796 5799 5802 5805 5808 5811 5814 5817 5820 5823 5826 5829 5832 5835 5838 5841 5844 5847 5850 5853 5856 5859 5862 5865 5868 5871 5874 5877 5880 5883 5886 5889 5892 5895 5898 5901 5904 5907 5910 5913 5916 5919 5922 5925 5928 5931 5934 5937 5940 5943 5946 5949 5952 5955 5958 5961 5964 5967 5970 5973 5976 5979 5982 5985 5988 5991 5994 5997 6000 6003 6006 6009 6012 6015 6018 6021 6024 6027 6030 6033 6036 6039 6042 6045 6048 6051 6054 6057 6060 6063 6066 6069 6072 6075 6078 6081 6084 6087 6090 6093 6096 6099 6102 6105 6108 6111 6114 6117 6120 6123 6126 6129 6132 6135 6138 6141 6144 6147 6150 6153 6156 6159 6162 6165 6168 6171 6174 6177 6180 6183 6186 6189 6192 6195 6198 6201 6204 6207 6210 6213 6216 6219 6222 6225 6228 6231 6234 6237 6240 6243 6246 6249 6252 6255 6258 6261 6264 6267 6270 6273 6276 6279 6282 6285 6288 6291 6294 6297 6300 6303 6306 6309 6312 6315 6318 6321 6324 6327 6330 6333 6336 6339 6342 6345 6348 6351 6354 6357 6360 6363 6366 6369 6372 6375 6378 6381 6384 6387 6390 6393 6396 6399 6402 6405 6408 6411 6414 6417 6420 6423 6426 6429 6432 6435 6438 6441 6444 6447 6450 6453 6456 6459 6462 6465 6468 6471 6474 6477 6480 6483 6486 6489 6492 6495 6498 6501 6504 6507 6510 6513 6516 6519 6522 6525 6528 6531 6534 6537 6540 6543 6546 6549 6552 6555 6558 6561 6564 6567 6570 6573 6576 6579 6582 6585 6588 6591 6594 6597 6600 6603 6606 6609 6612 6615 6618 6621 6624 6627 6630 6633 6636 6639 6642 6645 6648 6651 6654 6657 6660 6663 6666 6669 6672 6675 6678 6681 6684 6687 6690 6693 6696 6699 6702 6705 6708 6711 6714 6717 6720 6723 6726 6729 6732 6735 6738 6741 6744 6747 6750 6753 6756 6759 6762 6765 6768 6771 6774 6777 6780 6783 6786 6789 6792 6795 6798 6801 6804 6807 6810 6813 6816 6819 6822 6825 6828 6831 6834 6837 6840 6843 6846 6849 6852 6855 6858 6861 6864 6867 6870 6873 6876 6879 6882 6885 6888 6891 6894 6897 6900 6903 6906 6909 6912 6915 6918 6921 6924 6927 6930 6933 6936 6939 6942 6945 6948 6951 6954 6957 6960 6963 6966 6969 6972 6975 6978 6981 6984 6987 6990 6993 6996 6999 7002 7005 7008 7011 7014 7017 7020 7023 7026 7029 7032 7035 7038 7041 7044 7047 7050 7053 7056 7059 7062 7065 7068 7071 7074 7077 7080 7083 7086 7089 7092 7095 7098 7101 7104 7107 7110 7113 7116 7119 7122 7125 7128 7131 7134 7137 7140 7143 7146 7149 7152 7155 7158 7161 7164 7167 7170 7173 7176 7179 7182 7185 7188 7191 7194 7197 7200 7203 7206 7209 7212 7215 7218 7221 7224 7227 7230 7233 7236 7239 7242 7245 7248 7251 7254 7257 7260 7263 7266 7269 7272 7275 7278 7281 7284 7287 7290 7293 7296 7299 7302 7305 7308 7311 7314 7317 7320 7323 7326 7329 7332 7335 7338 7341 7344 7347 7350 7353 7356 7359 7362 7365 7368 7371 7374 7377 7380 7383 7386 7389 7392 7395 7398 7401 7404 7407 7410 7413 7416 7419 7422 7425 7428 7431 7434 7437 7440 7443 7446 7449 7452 7455 7458 7461 7464 7467 7470 7473 7476 7479 7482 7485 7488 7491 7494 7497 7500 7503 7506 7509 7512 7515 7518 7521 7524 7527 7530 7533 7536 7539 7542 7545 7548 7551 7554 7557 7560 7563 7566 7569 7572 7575 7578 7581 7584 7587 7590 7593 7596 7599 7602 7605 7608 7611 7614 7617 7620 7623 7626 7629 7632 7635 7638 7641 7644 7647 7650 7653 7656 7659 7662 7665 7668 7671 7674 7677 7680 7683 7686 7689 7692 7695 7698 7701 7704 7707 7710 7713 7716 7719 7722 7725 7728 7731 7734 7737 7740 7743 7746 7749 7752 7755 7758 7761 7764 7767 7770 7773 7776 7779 7782 7785 7788 7791 7794 7797 7800 7803 7806 7809 7812 7815 7818 7821 7824 7827 7830 7833 7836 7839 7842 7845 7848 7851 7854 7857 7860 7863 7866 7869 7872 7875 7878 7881 7884 7887 7890 7893 7896 7899 7902 7905 7908 7911 7914 7917 7920 7923 7926 7929 7932 7935 7938 7941 7944 7947 7950 7953 7956 7959 7962 7965 7968 7971 7974 7977 7980 7983 7986 7989 7992 7995 7998 8001 8004 8007 8010 8013 8016 8019 8022 8025 8028 8031 8034 8037 8040 8043 8046 8049 8052 8055 8058 8061 8064 8067 8070 8073 8076 8079 8082 8085 8088 8091 8094 8097 8100 8103 8106 8109 8112 8115 8118 8121 8124 8127 8130 8133 8136 8139 8142 8145 8148 8151 8154 8157 8160 8163 8166 8169 8172 8175 8178 8181 8184 8187 8190 8193 8196 8199 8202 8205 8208 8211 8214 8217 8220 8223 8226 8229 8232 8235 8238 8241 8244 8247 8250 8253 8256 8259 8262 8265 8268 8271 8274 8277 8280 8283 8286 8289 8292 8295 8298 8301 8304 8307 8310 8313 8316 8319 8322 8325 8328 8331 8334 8337 8340 8343 8346 8349 8352 8355 8358 8361 8364 8367 8370 8373 8376 8379 8382 8385 8388 8391 8394 8397 8400 8403 8406 8409 8412 8415 8418 8421 8424 8427 8430 8433 8436 8439 8442 8445 8448 8451 8454 8457 8460 8463 8466 8469 8472 8475 8478 8481 8484 8487 8490 8493 8496 8499 8502 8505 8508 8511 8514 8517 8520 8523 8526 8529 8532 8535 8538 8541 8544 8547 8550 8553 8556 8559 8562 8565 8568 8571 8574 8577 8580 8583 8586 8589 8592 8595 8598 8601 8604 8607 8610 8613 8616 8619 8622 8625 8628 8631 8634 8637 8640 8643 8646 8649 8652 8655 8658 8661 8664 8667 8670 8673 8676 8679 8682 8685 8688 8691 8694 8697 8700 8703 8706 8709 8712 8715 8718 8721 8724 8727 8730 8733 8736 8739 8742 8745 8748 8751 8754 8757 8760 8763 8766 8769 8772 8775 8778 8781 8784 8787 8790 8793 8796 8799 8802 8805 8808 8811 8814 8817 8820 8823 8826 8829 8832 8835 8838 8841 8844 8847 8850 8853 8856 8859 8862 8865 8868 8871 8874 8877 8880 8883 8886 8889 8892 8895 8898 8901 8904 8907 8910 8913 8916 8919 8922 8925 8928 8931 8934 8937 8940 8943 8946 8949 8952 8955 8958 8961 8964 8967 8970 8973 8976 8979 8982 8985 8988 8991 8994 8997 9000 9003 9006 9009 9012 9015 9018 9021 9024 9027 9030 9033 9036 9039 9042 9045 9048 9051 9054 9057 9060 9063 9066 9069 9072 9075 9078 9081 9084 9087 9090 9093 9096 9099 9102 9105 9108 9111 9114 9117 9120 9123 9126 9129 9132 9135 9138 9141 9144 9147 9150 9153 9156 9159 9162 9165 9168 9171 9174 9177 9180 9183 9186 9189 9192 9195 9198 9201 9204 9207 9210 9213 9216 9219 9222 9225 9228 9231 9234 9237 9240 9243 9246 9249 9252 9255 9258 9261 9264 9267 9270 9273 9276 9279 9282 9285 9288 9291 9294 9297 9300 9303 9306 9309 9312 9315 9318 9321 9324 9327 9330 9333 9336 9339 9342 9345 9348 9351 9354 9357 9360 9363 9366 9369 9372 9375 9378 9381 9384 9387 9390 9393 9396 9399 9402 9405 9408 9411 9414 9417 9420 9423 9426 9429 9432 9435 9438 9441 9444 9447 9450 9453 9456 9459 9462 9465 9468 9471 9474 9477 9480 9483 9486 9489 9492 9495 9498 9501 9504 9507 9510 9513 9516 9519 9522 9525 9528 9531 9534 9537 9540 9543 9546 9549 9552 9555 9558 9561 9564 9567 9570 9573 9576 9579 9582 9585 9588 9591 9594 9597 9600 9603 9606 9609 9612 9615 9618 9621 9624 9627 9630 9633 9636 9639 9642 9645 9648 9651 9654 9657 9660 9663 9666 9669 9672 9675 9678 9681 9684 9687 9690 9693 9696 9699 9702 9705 9708 9711 9714 9717 9720 9723 9726 9729 9732 9735 9738 9741 9744 9747 9750 9753 9756 9759 9762 9765 9768 9771 9774 9777 9780 9783 9786 9789 9792 9795 9798 9801 9804 9807 9810 9813 9816 9819 9822 9825 9828 9831 9834 9837 9840 9843 9846 9849 9852 9855 9858 9861 9864 9867 9870 9873 9876 9879 9882 9885 9888 9891 9894 9897 9900 9903 9906 9909 9912 9915 9918 9921 9924 9927 9930 9933 9936 9939 9942 9945 9948 9951 9954 9957 9960 9963 9966 9969 9972 9975 9978 9981 9984 9987 9990 9993 9996 9999 10002 10005 10008 10011 10014 10017 10020 10023 10026 10029 10032 10035 10038 10041 10044 10047 10050 10053 10056 10059 10062 10065 10068 10071 10074 10077 10080 10083 10086 10089 10092 10095 10098 10101 10104 10107 10110 10113 10116 10119 10122 10125 10128 10131 10134 10137 10140 10143 10146 10149 10152 10155 10158 10161 10164 10167 10170 10173 10176 10179 10182 10185 10188 10191 10194 10197 10200 10203 10206 10209 10212 10215 10218 10221 10224 10227 10230 10233 10236 10239 10242 10245 10248 10251 10254 10257 10260 10263 10266 10269 10272 10275 10278 10281 10284 10287 10290 10293 10296 10299 10302 10305 10308 10311 10314 10317 10320 10323 10326 10329 10332 10335 10338 10341 10344 10347 10350 10353 10356 10359 10362 10365 10368 10371 10374 10377 10380 10383 10386 10389 10392 10395 10398 10401 10404 10407 10410 10413 10416 10419 10422 10425 10428 10431 10434 10437 10440 10443 10446 10449 10452 10455 10458 10461 10464 10467 10470 10473 10476 10479 10482 10485 10488 10491 10494 10497 10500 10503 10506 10509 10512 10515 10518 10521 10524 10527 10530 10533 10536 10539 10542 10545 10548 10551 10554 10557 10560 10563 10566 10569 10572 10575 10578 10581 10584 10587 10590 10593 10596 10599 10602 10605 10608 10611 10614 10617 10620 10623 10626 10629 10632 10635 10638 10641 10644 10647 10650 10653 10656 10659 10662 10665 10668 10671 10674 10677 10680 10683 10686 10689 10692 10695 10698 10701 10704 10707 10710 10713 10716 10719 10722 10725 10728 10731 10734 10737 10740 10743 10746 10749 10752 10755 10758 10761 10764 10767 10770 10773 10776 10779 10782 10785 10788 10791 10794 10797 10800 10803 10806 10809 10812 10815 10818 10821 10824 10827 10830 10833 10836 10839 10842 10845 10848 10851 10854 10857 10860 10863 10866 10869 10872 10875 10878 10881 10884 10887 10890 10893 10896 10899 10902 10905 10908 10911 10914 10917 10920 10923 10926 10929 10932 10935 10938 10941 10944 10947 10950 10953 10956 10959 10962 10965 10968 10971 10974 10977 10980 10983 10986 10989 10992 10995 10998 11001 11004 11007 11010 11013 11016 11019 11022 11025 11028 11031 11034 11037 11040 11043 11046 11049 11052 11055 11058 11061 11064 11067 11070 11073 11076 11079 11082 11085 11088 11091 11094 11097 11100 11103 11106 11109 11112 11115 11118 11121 11124 11127 11130 11133 11136 11139 11142 11145 11148 11151 11154 11157 11160 11163 11166 11169 11172 11175 11178 11181 11184 11187 11190 11193 11196 11199 11202 11205 11208 11211 11214 11217 11220 11223 11226 11229 11232 11235 11238 11241 11244 11247 11250 11253 11256 11259 11262 11265 11268 11271 11274 11277 11280 11283 11286 11289 11292 11295 11298 11301 11304 11307 11310 11313 11316 11319 11322 11325 11328 11331 11334 11337 11340 11343 11346 11349 11352 11355 11358 11361 11364 11367 11370 11373 11376 11379 11382 11385 11388 11391 11394 11397 11400 11403 11406 11409 11412 11415 11418 11421 11424 11427 11430 11433 11436 11439 11442 11445 11448 11451 11454 11457 11460 11463 11466 11469 11472 11475 11478 11481 11484 11487 11490 11493 11496 11499 11502 11505 11508 11511 11514 11517 11520 11523 11526 11529 11532 11535 11538 11541 11544 11547 11550 11553 11556 11559 11562 11565 11568 11571 11574 11577 11580 11583 11586 11589 11592 11595 11598 11601 11604 11607 11610 11613 11616 11619 11622 11625 11628 11631 11634 11637 11640 11643 11646 11649 11652 11655 11658 11661 11664 11667 11670 11673 11676 11679 11682 11685 11688 11691 11694 11697 11700 11703 11706 11709 11712 11715 11718 11721 11724 11727 11730 11733 11736 11739 11742 11745 11748 11751 11754 11757 11760 11763 11766 11769 11772 11775 11778 11781 11784 11787 11790 11793 11796 11799 11802 11805 11808 11811 11814 11817 11820 11823 11826 11829 11832 11835 11838 11841 11844 11847 11850 11853 11856 11859 11862 11865 11868 11871 11874 11877 11880 11883 11886 11889 11892 11895 11898 11901 11904 11907 11910 11913 11916 11919 11922 11925 11928 11931 11934 11937 11940 11943 11946 11949 11952 11955 11958 11961 11964 11967 11970 11973 11976 11979 11982 11985 11988 11991 11994 11997 12000 12003 12006 12009 12012 12015 12018 12021 12024 12027 12030 12033 12036 12039 12042 12045 12048 12051 12054 12057 12060 12063 12066 12069 12072 12075 12078 12081 12084 12087 12090 12093 12096 12099 12102 12105 12108 12111 12114 12117 12120 12123 12126 12129 12132 12135 12138 12141 12144 12147 12150 12153 12156 12159 12162 12165 12168 12171 12174 12177 12180 12183 12186 12189 12192 12195 12198 12201 12204 12207 12210 12213 12216 12219 12222 12225 12228 12231 12234 12237 12240 12243 12246 12249 12252 12255 12258 12261 12264 12267 12270 12273 12276 12279 12282 12285 12288 12291 12294 12297 12300 12303 12306 12309 12312 12315 12318 12321 12324 12327 12330 12333 12336 12339 12342 12345 12348 12351 12354 12357 12360 12363 12366 12369 12372 12375 12378 12381 12384 12387 12390 12393 12396 12399 12402 12405 12408 12411 12414 12417 12420 12423 12426 12429 12432 12435 12438 12441 12444 12447 12450 12453 12456 12459 12462 12465 12468 12471 12474 12477 12480 12483 12486 12489 12492 12495 12498 12501 12504 12507 12510 12513 12516 12519 12522 12525 12528 12531 12534 12537 12540 12543 12546 12549 12552 12555 12558 12561 12564 12567 12570 12573 12576 12579 12582 12585 12588 12591 12594 12597 12600 12603 12606 12609 12612 12615 12618 12621 12624 12627 12630 12633 12636 12639 12642 12645 12648 12651 12654 12657 12660 12663 12666 12669 12672 12675 12678 12681 12684 12687 12690 12693 12696 12699 12702 12705 12708 12711 12714 12717 12720 12723 12726 12729 12732 12735 12738 12741 12744 12747 12750 12753 12756 12759 12762 12765 12768 12771 12774 12777 12780 12783 12786 12789 12792 12795 12798 12801 12804 12807 12810 12813 12816 12819 12822 12825 12828 12831 12834 12837 12840 12843 12846 12849 12852 12855 12858 12861 12864 12867 12870 12873 12876 12879 12882 12885 12888 12891 12894 12897 12900 12903 12906 12909 12912 12915 12918 12921 12924 12927 12930 12933 12936 12939 12942 12945 12948 12951 12954 12957 12960 12963 12966 12969 12972 12975 12978 12981 12984 12987 12990 12993 12996 12999 13002 13005 13008 13011 13014 13017 13020 13023 13026 13029 13032 13035 13038 13041 13044 13047 13050 13053 13056 13059 13062 13065 13068 13071 13074 13077 13080 13083 13086 13089 13092 13095 13098 13101 13104 13107 13110 13113 13116 13119 13122 13125 13128 13131 13134 13137 13140 13143 13146 13149 13152 13155 13158 13161 13164 13167 13170 13173 13176 13179 13182 13185 13188 13191 13194 13197 13200 13203 13206 13209 13212 13215 13218 13221 13224 13227 13230 13233 13236 13239 13242 13245 13248 13251 13254 13257 13260 13263 13266 13269 13272 13275 13278 13281 13284 13287 13290 13293 13296 13299 13302 13305 13308 13311 13314 13317 13320 13323 13326 13329 13332 13335 13338 13341 13344 13347 13350 13353 13356 13359 13362 13365 13368 13371 13374 13377 13380 13383 13386 13389 13392 13395 13398 13401 13404 13407 13410 13413 13416 13419 13422 13425 13428 13431 13434 13437 13440 13443 13446 13449 13452 13455 13458 13461 13464 13467 13470 13473 13476 13479 13482 13485 13488 13491 13494 13497 13500 13503 13506 13509 13512 13515 13518 13521 13524 13527 13530 13533 13536 13539 13542 13545 13548 13551 13554 13557 13560 13563 13566 13569 13572 13575 13578 13581 13584 13587 13590 13593 13596 13599 13602 13605 13608 13611 13614 13617 13620 13623 13626 13629 13632 13635 13638 13641 13644 13647 13650 13653 13656 13659 13662 13665 13668 13671 13674 13677 13680 13683 13686 13689 13692 13695 13698 13701 13704 13707 13710 13713 13716 13719 13722 13725 13728 13731 13734 13737 13740 13743 13746 13749 13752 13755 13758 13761 13764 13767 13770 13773 13776 13779 13782 13785 13788 13791 13794 13797 13800 13803 13806 13809 13812 13815 13818 13821 13824 13827 13830 13833 13836 13839 13842 13845 13848 13851 13854 13857 13860 13863 13866 13869 13872 13875 13878 13881 13884 13887 13890 13893 13896 13899 13902 13905 13908 13911 13914 13917 13920 13923 13926 13929 13932 13935 13938 13941 13944 13947 13950 13953 13956 13959 13962 13965 13968 13971 13974 13977 13980 13983 13986 13989 13992 13995 13998 14001 14004 14007 14010 14013 14016 14019 14022 14025 14028 14031 14034 14037 14040 14043 14046 14049 14052 14055 14058 14061 14064 14067 14070 14073 14076 14079 14082 14085 14088 14091 14094 14097 14100 14103 14106 14109 14112 14115 14118 14121 14124 14127 14130 14133 14136 14139 14142 14145 14148 14151 14154 14157 14160 14163 14166 14169 14172 14175 14178 14181 14184 14187 14190 14193 14196 14199 14202 14205 14208 14211 14214 14217 14220 14223 14226 14229 14232 14235 14238 14241 14244 14247 14250 14253 14256 14259 14262 14265 14268 14271 14274 14277 14280 14283 14286 14289 14292 14295 14298 14301 14304 14307 14310 14313 14316 14319 14322 14325 14328 14331 14334 14337 14340 14343 14346 14349 14352 14355 14358 14361 14364 14367 14370 14373 14376 14379 14382 14385 14388 14391 14394 14397 14400 14403 14406 14409 14412 14415 14418 14421 14424 14427 14430 14433 14436 14439 14442 14445 14448 14451 14454 14457 14460 14463 14466 14469 14472 14475 14478 14481 14484 14487 14490 14493 14496 14499 14502 14505 14508 14511 14514 14517 14520 14523 14526 14529 14532 14535 14538 14541 14544 14547 14550 14553 14556 14559 14562 14565 14568 14571 14574 14577 14580 14583 14586 14589 14592 14595 14598 14601 14604 14607 14610 14613 14616 14619 14622 14625 14628 14631 14634 14637 14640 14643 14646 14649 14652 14655 14658 14661 14664 14667 14670 14673 14676 14679 14682 14685 14688 14691 14694 14697 14700 14703 14706 14709 14712 14715 14718 14721 14724 14727 14730 14733 14736 14739 14742 14745 14748 14751 14754 14757 14760 14763 14766 14769 14772 14775 14778 14781 14784 14787 14790 14793 14796 14799 14802 14805 14808 14811 14814 14817 14820 14823 14826 14829 14832 14835 14838 14841 14844 14847 14850 14853 14856 14859 14862 14865 14868 14871 14874 14877 14880 14883 14886 14889 14892 14895 14898 14901 14904 14907 14910 14913 14916 14919 14922 14925 14928 14931 14934 14937 14940 14943 14946 14949 14952 14955 14958 14961 14964 14967 14970 14973 14976 14979 14982 14985 14988 14991 14994 14997 15000 15003 15006 15009 15012 15015 15018 15021 15024 15027 15030 15033 15036 15039 15042 15045 15048 15051 15054 15057 15060 15063 15066 15069 15072 15075 15078 15081 15084 15087 15090 15093 15096 15099 15102 15105 15108 15111 15114 15117 15120 15123 15126 15129 15132 15135 15138 15141 15144 15147 15150 15153 15156 15159 15162 15165 15168 15171 15174 15177 15180 15183 15186 15189 15192 15195 15198 15201 15204 15207 15210 15213 15216 15219 15222 15225 15228 15231 15234 15237 15240 15243 15246 15249 15252 15255 15258 15261 15264 15267 15270 15273 15276 15279 15282 15285 15288 15291 15294 15297 15300 15303 15306 15309 15312 15315 15318 15321 15324 15327 15330 15333 15336 15339 15342 15345 15348 15351 15354 15357 15360 15363 15366 15369 15372 15375 15378 15381 15384 15387 15390 15393 15396 15399 15402 15405 15408 15411 15414 15417 15420 15423 15426 15429 15432 15435 15438 15441 15444 15447 15450 15453 15456 15459 15462 15465 15468 15471 15474 15477 15480 15483 15486 15489 15492 15495 15498 15501 15504 15507 15510 15513 15516 15519 15522 15525 15528 15531 15534 15537 15540 15543 15546 15549 15552 15555 15558 15561 15564 15567 15570 15573 15576 15579 15582 15585 15588 15591 15594 15597 15600 15603 15606 15609 15612 15615 15618 15621 15624 15627 15630 15633 15636 15639 15642 15645 15648 15651 15654 15657 15660 15663 15666 15669 15672 15675 15678 15681 15684 15687 15690 15693 15696 15699 15702 15705 15708 15711 15714 15717 15720 15723 15726 15729 15732 15735 15738 15741 15744 15747 15750 15753 15756 15759 15762 15765 15768 15771 15774 15777 15780 15783 15786 15789 15792 15795 15798 15801 15804 15807 15810 15813 15816 15819 15822 15825 15828 15831 15834 15837 15840 15843 15846 15849 15852 15855 15858 15861 15864 15867 15870 15873 15876 15879 15882 15885 15888 15891 15894 15897 15900 15903 15906 15909 15912 15915 15918 15921 15924 15927 15930 15933 15936 15939 15942 15945 15948 15951 15954 15957 15960 15963 15966 15969 15972 15975 15978 15981 15984 15987 15990 15993 15996 15999 16002 16005 16008 16011 16014 16017 16020 16023 16026 16029 16032 16035 16038 16041 16044 16047 16050 16053 16056 16059 16062 16065 16068 16071 16074 16077 16080 16083 16086 16089 16092 16095 16098 16101 16104 16107 16110 16113 16116 16119 16122 16125 16128 16131 16134 16137 16140 16143 16146 16149 16152 16155 16158 16161 16164 16167 16170 16173 16176 16179 16182 16185 16188 16191 16194 16197 16200 16203 16206 16209 16212 16215 16218 16221 16224 16227 16230 16233 16236 16239 16242 16245 16248 16251 16254 16257 16260 16263 16266 16269 16272 16275 16278 16281 16284 16287 16290 16293 16296 16299 16302 16305 16308 16311 16314 16317 16320 16323 16326 16329 16332 16335 16338 16341 16344 16347 16350 16353 16356 16359 16362 16365 16368 16371 16374 16377 16380 16383 16386 16389 16392 16395 16398 16401 16404 16407 16410 16413 16416 16419 16422 16425 16428 16431 16434 16437 16440 16443 16446 16449 16452 16455 16458 16461 16464 16467 16470 16473 16476 16479 16482 16485 16488 16491 16494 16497 16500 16503 16506 16509 16512 16515 16518 16521 16524 16527 16530 16533 16536 16539 16542 16545 16548 16551 16554 16557 16560 16563 16566 16569 16572 16575 16578 16581 16584 16587 16590 16593 16596 16599 16602 16605 16608 16611 16614 16617 16620 16623 16626 16629 16632 16635 16638 16641 16644 16647 16650 16653 16656 16659 16662 16665 16668 16671 16674 16677 16680 16683 16686 16689 16692 16695 16698 16701 16704 16707 16710 16713 16716 16719 16722 16725 16728 16731 16734 16737 16740 16743 16746 16749 16752 16755 16758 16761 16764 16767 16770 16773 16776 16779 16782 16785 16788 16791 16794 16797 16800 16803 16806 16809 16812 16815 16818 16821 16824 16827 16830 16833 16836 16839 16842 16845 16848 16851 16854 16857 16860 16863 16866 16869 16872 16875 16878 16881 16884 16887 16890 16893 16896 16899 16902 16905 16908 16911 16914 16917 16920 16923 16926 16929 16932 16935 16938 16941 16944 16947 16950 16953 16956 16959 16962 16965 16968 16971 16974 16977 16980 16983 16986 16989 16992 16995 16998 17001 17004 17007 17010 17013 17016 17019 17022 17025 17028 17031 17034 17037 17040 17043 17046 17049 17052 17055 17058 17061 17064 17067 17070 17073 17076 17079 17082 17085 17088 17091 17094 17097 17100 17103 17106 17109 17112 17115 17118 17121 17124 17127 17130 17133 17136 17139 17142 17145 17148 17151 17154 17157 17160 17163 17166 17169 17172 17175 17178 17181 17184 17187 17190 17193 17196 17199 17202 17205 17208 17211 17214 17217 17220 17223 17226 17229 17232 17235 17238 17241 17244 17247 17250 17253 17256 17259 17262 17265 17268 17271 17274 17277 17280 17283 17286 17289 17292 17295 17298 17301 17304 17307 17310 17313 17316 17319 17322 17325 17328 17331 17334 17337 17340 17343 17346 17349 17352 17355 17358 17361 17364 17367 17370 17373 17376 17379 17382 17385 17388 17391 17394 17397 17400 17403 17406 17409 17412 17415 17418 17421 17424 17427 17430 17433 17436 17439 17442 17445 17448 17451 17454 17457 17460 17463 17466 17469 17472 17475 17478 17481 17484 17487 17490 17493 17496 17499 17502 17505 17508 17511 17514 17517 17520 17523 17526 17529 17532 17535 17538 17541 17544 17547 17550 17553 17556 17559 17562 17565 17568 17571 17574 17577 17580 17583 17586 17589 17592 17595 17598 17601 17604 17607 17610 17613 17616 17619 17622 17625 17628 17631 17634 17637 17640 17643 17646 17649 17652 17655 17658 17661 17664 17667 17670 17673 17676 17679 17682 17685 17688 17691 17694 17697 17700 17703 17706 17709 17712 17715 17718 17721 17724 17727 17730 17733 17736 17739 17742 17745 17748 17751 17754 17757 17760 17763 17766 17769 17772 17775 17778 17781 17784 17787 17790 17793 17796 17799 17802 17805 17808 17811 17814 17817 17820 17823 17826 17829 17832 17835 17838 17841 17844 17847 17850 17853 17856 17859 17862 17865 17868 17871 17874 17877 17880 17883 17886 17889 17892 17895 17898 17901 17904 17907 17910 17913 17916 17919 17922 17925 17928 17931 17934 17937 17940 17943 17946 17949 17952 17955 17958 17961 17964 17967 17970 17973 17976 17979 17982 17985 17988 17991 17994 17997 18000 18003 18006 18009 18012 18015 18018 18021 18024 18027 18030 18033 18036 18039 18042 18045 18048 18051 18054 18057 18060 18063 18066 18069 18072 18075 18078 18081 18084 18087 18090 18093 18096 18099 18102 18105 18108 18111 18114 18117 18120 18123 18126 18129 18132 18135 18138 18141 18144 18147 18150 18153 18156 18159 18162 18165 18168 18171 18174 18177 18180 18183 18186 18189 18192 18195 18198 18201 18204 18207 18210 18213 18216 18219 18222 18225 18228 18231 18234 18237 18240 18243 18246 18249 18252 18255 18258 18261 18264 18267 18270 18273 18276 18279 18282 18285 18288 18291 18294 18297 18300 18303 18306 18309 18312 18315 18318 18321 18324 18327 18330 18333 18336 18339 18342 18345 18348 18351 18354 18357 18360 18363 18366 18369 18372 18375 18378 18381 18384 18387 18390 18393 18396 18399 18402 18405 18408 18411 18414 18417 18420 18423 18426 18429 18432 18435 18438 18441 18444 18447 18450 18453 18456 18459 18462 18465 18468 18471 18474 18477 18480 18483 18486 18489 18492 18495 18498 18501 18504 18507 18510 18513 18516 18519 18522 18525 18528 18531 18534 18537 18540 18543 18546 18549 18552 18555 18558 18561 18564 18567 18570 18573 18576 18579 18582 18585 18588 18591 18594 18597 18600 18603 18606 18609 18612 18615 18618 18621 18624 18627 18630 18633 18636 18639 18642 18645 18648 18651 18654 18657 18660 18663 18666 18669 18672 18675 18678 18681 18684 18687 18690 18693 18696 18699 18702 18705 18708 18711 18714 18717 18720 18723 18726 18729 18732 18735 18738 18741 18744 18747 18750 18753 18756 18759 18762 18765 18768 18771 18774 18777 18780 18783 18786 18789 18792 18795 18798 18801 18804 18807 18810 18813 18816 18819 18822 18825 18828 18831 18834 18837 18840 18843 18846 </DataArray>
            <DataArray Name="types" format="ascii" type="UInt8">5 5 5 5 5 5 5 5 5 5 5 5 5 5 5 5 5 5 5 5 5 5 5 5 5 5 5 5 5 5 5 5 5 5 5 5 5 5 5 5 5 5 5 5 5 5 5 5 5 5 5 5 5 5 5 5 5 5 5 5 5 5 5 5 5 5 5 5 5 5 5 5 5 5 5 5 5 5 5 5 5 5 5 5 5 5 5 5 5 5 5 5 5 5 5 5 5 5 5 5 5 5 5 5 5 5 5 5 5 5 5 5 5 5 5 5 5 5 5 5 5 5 5 5 5 5 5 5 5 5 5 5 5 5 5 5 5 5 5 5 5 5 5 5 5 5 5 5 5 5 5 5 5 5 5 5 5 5 5 5 5 5 5 5 5 5 5 5 5 5 5 5 5 5 5 5 5 5 5 5 5 5 5 5 5 5 5 5 5 5 5 5 5 5 5 5 5 5 5 5 5 5 5 5 5 5 5 5 5 5 5 5 5 5 5 5 5 5 5 5 5 5 5 5 5 5 5 5 5 5 5 5 5 5 5 5 5 5 5 5 5 5 5 5 5 5 5 5 5 5 5 5 5 5 5 5 5 5 5 5 5 5 5 5 5 5 5 5 5 5 5 5 5 5 5 5 5 5 5 5 5 5 5 5 5 5 5 5 5 5 5 5 5 5 5 5 5 5 5 5 5 5 5 5 5 5 5 5 5 5 5 5 5 5 5 5 5 5 5 5 5 5 5 5 5 5 5 5 5 5 5 5 5 5 5 5 5 5 5 5 5 5 5 5 5 5 5 5 5 5 5 5 5 5 5 5 5 5 5 5 5 5 5 5 5 5 5 5 5 5 5 5 5 5 5 5 5 5 5 5 5 5 5 5 5 5 5 5 5 5 5 5 5 5 5 5 5 5 5 5 5 5 5 5 5 5 5 5 5 5 5 5 5 5 5 5 5 5 5 5 5 5 5 5 5 5 5 5 5 5 5 5 5 5 5 5 5 5 5 5 5 5 5 5 5 5 5 5 5 5 5 5 5 5 5 5 5 5 5 5 5 5 5 5 5 5 5 5 5 5 5 5 5 5 5 5 5 5 5 5 5 5 5 5 5 5 5 5 5 5 5 5 5 5 5 5 5 5 5 5 5 5 5 5 5 5 5 5 5 5 5 5 5 5 5 5 5 5 5 5 5 5 5 5 5 5 5 5 5 5 5 5 5 5 5 5 5 5 5 5 5 5 5 5 5 5 5 5 5 5 5 5 5 5 5 5 5 5 5 5 5 5 5 5 5 5 5 5 5 5 5 5 5 5 5 5 5 5 5 5 5 5 5 5 5 5 5 5 5 5 5 5 5 5 5 5 5 5 5 5 5 5 5 5 5 5 5 5 5 5 5 5 5 5 5 5 5 5 5 5 5 5 5 5 5 5 5 5 5 5 5 5 5 5 5 5 5 5 5 5 5 5 5 5 5 5 5 5 5 5 5 5 5 5 5 5 5 5 5 5 5 5 5 5 5 5 5 5 5 5 5 5 5 5 5 5 5 5 5 5 5 5 5 5 5 5 5 5 5 5 5 5 5 5 5 5 5 5 5 5 5 5 5 5 5 5 5 5 5 5 5 5 5 5 5 5 5 5 5 5 5 5 5 5 5 5 5 5 5 5 5 5 5 5 5 5 5 5 5 5 5 5 5 5 5 5 5 5 5 5 5 5 5 5 5 5 5 5 5 5 5 5 5 5 5 5 5 5 5 5 5 5 5 5 5 5 5 5 5 5 5 5 5 5 5 5 5 5 5 5 5 5 5 5 5 5 5 5 5 5 5 5 5 5 5 5 5 5 5 5 5 5 5 5 5 5 5 5 5 5 5 5 5 5 5 5 5 5 5 5 5 5 5 5 5 5 5 5 5 5 5 5 5 5 5 5 5 5 5 5 5 5 5 5 5 5 5 5 5 5 5 5 5 5 5 5 5 5 5 5 5 5 5 5 5 5 5 5 5 5 5 5 5 5 5 5 5 5 5 5 5 5 5 5 5 5 5 5 5 5 5 5 5 5 5 5 5 5 5 5 5 5 5 5 5 5 5 5 5 5 5 5 5 5 5 5 5 5 5 5 5 5 5 5 5 5 5 5 5 5 5 5 5 5 5 5 5 5 5 5 5 5 5 5 5 5 5 5 5 5 5 5 5 5 5 5 5 5 5 5 5 5 5 5 5 5 5 5 5 5 5 5 5 5 5 5 5 5 5 5 5 5 5 5 5 5 5 5 5 5 5 5 5 5 5 5 5 5 5 5 5 5 5 5 5 5 5 5 5 5 5 5 5 5 5 5 5 5 5 5 5 5 5 5 5 5 5 5 5 5 5 5 5 5 5 5 5 5 5 5 5 5 5 5 5 5 5 5 5 5 5 5 5 5 5 5 5 5 5 5 5 5 5 5 5 5 5 5 5 5 5 5 5 5 5 5 5 5 5 5 5 5 5 5 5 5 5 5 5 5 5 5 5 5 5 5 5 5 5 5 5 5 5 5 5 5 5 5 5 5 5 5 5 5 5 5 5 5 5 5 5 5 5 5 5 5 5 5 5 5 5 5 5 5 5 5 5 5 5 5 5 5 5 5 5 5 5 5 5 5 5 5 5 5 5 5 5 5 5 5 5 5 5 5 5 5 5 5 5 5 5 5 5 5 5 5 5 5 5 5 5 5 5 5 5 5 5 5 5 5 5 5 5 5 5 5 5 5 5 5 5 5 5 5 5 5 5 5 5 5 5 5 5 5 5 5 5 5 5 5 5 5 5 5 5 5 5 5 5 5 5 5 5 5 5 5 5 5 5 5 5 5 5 5 5 5 5 5 5 5 5 5 5 5 5 5 5 5 5 5 5 5 5 5 5 5 5 5 5 5 5 5 5 5 5 5 5 5 5 5 5 5 5 5 5 5 5 5 5 5 5 5 5 5 5 5 5 5 5 5 5 5 5 5 5 5 5 5 5 5 5 5 5 5 5 5 5 5 5 5 5 5 5 5 5 5 5 5 5 5 5 5 5 5 5 5 5 5 5 5 5 5 5 5 5 5 5 5 5 5 5 5 5 5 5 5 5 5 5 5 5 5 5 5 5 5 5 5 5 5 5 5 5 5 5 5 5 5 5 5 5 5 5 5 5 5 5 5 5 5 5 5 5 5 5 5 5 5 5 5 5 5 5 5 5 5 5 5 5 5 5 5 5 5 5 5 5 5 5 5 5 5 5 5 5 5 5 5 5 5 5 5 5 5 5 5 5 5 5 5 5 5 5 5 5 5 5 5 5 5 5 5 5 5 5 5 5 5 5 5 5 5 5 5 5 5 5 5 5 5 5 5 5 5 5 5 5 5 5 5 5 5 5 5 5 5 5 5 5 5 5 5 5 5 5 5 5 5 5 5 5 5 5 5 5 5 5 5 5 5 5 5 5 5 5 5 5 5 5 5 5 5 5 5 5 5 5 5 5 5 5 5 5 5 5 5 5 5 5 5 5 5 5 5 5 5 5 5 5 5 5 5 5 5 5 5 5 5 5 5 5 5 5 5 5 5 5 5 5 5 5 5 5 5 5 5 5 5 5 5 5 5 5 5 5 5 5 5 5 5 5 5 5 5 5 5 5 5 5 5 5 5 5 5 5 5 5 5 5 5 5 5 5 5 5 5 5 5 5 5 5 5 5 5 5 5 5 5 5 5 5 5 5 5 5 5 5 5 5 5 5 5 5 5 5 5 5 5 5 5 5 5 5 5 5 5 5 5 5 5 5 5 5 5 5 5 5 5 5 5 5 5 5 5 5 5 5 5 5 5 5 5 5 5 5 5 5 5 5 5 5 5 5 5 5 5 5 5 5 5 5 5 5 5 5 5 5 5 5 5 5 5 5 5 5 5 5 5 5 5 5 5 5 5 5 5 5 5 5 5 5 5 5 5 5 5 5 5 5 5 5 5 5 5 5 5 5 5 5 5 5 5 5 5 5 5 5 5 5 5 5 5 5 5 5 5 5 5 5 5 5 5 5 5 5 5 5 5 5 5 5 5 5 5 5 5 5 5 5 5 5 5 5 5 5 5 5 5 5 5 5 5 5 5 5 5 5 5 5 5 5 5 5 5 5 5 5 5 5 5 5 5 5 5 5 5 5 5 5 5 5 5 5 5 5 5 5 5 5 5 5 5 5 5 5 5 5 5 5 5 5 5 5 5 5 5 5 5 5 5 5 5 5 5 5 5 5 5 5 5 5 5 5 5 5 5 5 5 5 5 5 5 5 5 5 5 5 5 5 5 5 5 5 5 5 5 5 5 5 5 5 5 5 5 5 5 5 5 5 5 5 5 5 5 5 5 5 5 5 5 5 5 5 5 5 5 5 5 5 5 5 5 5 5 5 5 5 5 5 5 5 5 5 5 5 5 5 5 5 5 5 5 5 5 5 5 5 5 5 5 5 5 5 5 5 5 5 5 5 5 5 5 5 5 5 5 5 5 5 5 5 5 5 5 5 5 5 5 5 5 5 5 5 5 5 5 5 5 5 5 5 5 5 5 5 5 5 5 5 5 5 5 5 5 5 5 5 5 5 5 5 5 5 5 5 5 5 5 5 5 5 5 5 5 5 5 5 5 5 5 5 5 5 5 5 5 5 5 5 5 5 5 5 5 5 5 5 5 5 5 5 5 5 5 5 5 5 5 5 5 5 5 5 5 5 5 5 5 5 5 5 5 5 5 5 5 5 5 5 5 5 5 5 5 5 5 5 5 5 5 5 5 5 5 5 5 5 5 5 5 5 5 5 5 5 5 5 5 5 5 5 5 5 5 5 5 5 5 5 5 5 5 5 5 5 5 5 5 5 5 5 5 5 5 5 5 5 5 5 5 5 5 5 5 5 5 5 5 5 5 5 5 5 5 5 5 5 5 5 5 5 5 5 5 5 5 5 5 5 5 5 5 5 5 5 5 5 5 5 5 5 5 5 5 5 5 5 5 5 5 5 5 5 5 5 5 5 5 5 5 5 5 5 5 5 5 5 5 5 5 5 5 5 5 5 5 5 5 5 5 5 5 5 5 5 5 5 5 5 5 5 5 5 5 5 5 5 5 5 5 5 5 5 5 5 5 5 5 5 5 5 5 5 5 5 5 5 5 5 5 5 5 5 5 5 5 5 5 5 5 5 5 5 5 5 5 5 5 5 5 5 5 5 5 5 5 5 5 5 5 5 5 5 5 5 5 5 5 5 5 5 5 5 5 5 5 5 5 5 5 5 5 5 5 5 5 5 5 5 5 5 5 5 5 5 5 5 5 5 5 5 5 5 5 5 5 5 5 5 5 5 5 5 5 5 5 5 5 5 5 5 5 5 5 5 5 5 5 5 5 5 5 5 5 5 5 5 5 5 5 5 5 5 5 5 5 5 5 5 5 5 5 5 5 5 5 5 5 5 5 5 5 5 5 5 5 5 5 5 5 5 5 5 5 5 5 5 5 5 5 5 5 5 5 5 5 5 5 5 5 5 5 5 5 5 5 5 5 5 5 5 5 5 5 5 5 5 5 5 5 5 5 5 5 5 5 5 5 5 5 5 5 5 5 5 5 5 5 5 5 5 5 5 5 5 5 5 5 5 5 5 5 5 5 5 5 5 5 5 5 5 5 5 5 5 5 5 5 5 5 5 5 5 5 5 5 5 5 5 5 5 5 5 5 5 5 5 5 5 5 5 5 5 5 5 5 5 5 5 5 5 5 5 5 5 5 5 5 5 5 5 5 5 5 5 5 5 5 5 5 5 5 5 5 5 5 5 5 5 5 5 5 5 5 5 5 5 5 5 5 5 5 5 5 5 5 5 5 5 5 5 5 5 5 5 5 5 5 5 5 5 5 5 5 5 5 5 5 5 5 5 5 5 5 5 5 5 5 5 5 5 5 5 5 5 5 5 5 5 5 5 5 5 5 5 5 5 5 5 5 5 5 5 5 5 5 5 5 5 5 5 5 5 5 5 5 5 5 5 5 5 5 5 5 5 5 5 5 5 5 5 5 5 5 5 5 5 5 5 5 5 5 5 5 5 5 5 5 5 5 5 5 5 5 5 5 5 5 5 5 5 5 5 5 5 5 5 5 5 5 5 5 5 5 5 5 5 5 5 5 5 5 5 5 5 5 5 5 5 5 5 5 5 5 5 5 5 5 5 5 5 5 5 5 5 5 5 5 5 5 5 5 5 5 5 5 5 5 5 5 5 5 5 5 5 5 5 5 5 5 5 5 5 5 5 5 5 5 5 5 5 5 5 5 5 5 5 5 5 5 5 5 5 5 5 5 5 5 5 5 5 5 5 5 5 5 5 5 5 5 5 5 5 5 5 5 5 5 5 5 5 5 5 5 5 5 5 5 5 5 5 5 5 5 5 5 5 5 5 5 5 5 5 5 5 5 5 5 5 5 5 5 5 5 5 5 5 5 5 5 5 5 5 5 5 5 5 5 5 5 5 5 5 5 5 5 5 5 5 5 5 5 5 5 5 5 5 5 5 5 5 5 5 5 5 5 5 5 5 5 5 5 5 5 5 5 5 5 5 5 5 5 5 5 5 5 5 5 5 5 5 5 5 5 5 5 5 5 5 5 5 5 5 5 5 5 5 5 5 5 5 5 5 5 5 5 5 5 5 5 5 5 5 5 5 5 5 5 5 5 5 5 5 5 5 5 5 5 5 5 5 5 5 5 5 5 5 5 5 5 5 5 5 5 5 5 5 5 5 5 5 5 5 5 5 5 5 5 5 5 5 5 5 5 5 5 5 5 5 5 5 5 5 5 5 5 5 5 5 5 5 5 5 5 5 5 5 5 5 5 5 5 5 5 5 5 5 5 5 5 5 5 5 5 5 5 5 5 5 5 5 5 5 5 5 5 5 5 5 5 5 5 5 5 5 5 5 5 5 5 5 5 5 5 5 5 5 5 5 5 5 5 5 5 5 5 5 5 5 5 5 5 5 5 5 5 5 5 5 5 5 5 5 5 5 5 5 5 5 5 5 5 5 5 5 5 5 5 5 5 5 5 5 5 5 5 5 5 5 5 5 5 5 5 5 5 5 5 5 5 5 5 5 5 5 5 5 5 5 5 5 5 5 5 5 5 5 5 5 5 5 5 5 5 5 5 5 5 5 5 5 5 5 5 5 5 5 5 5 5 5 5 5 5 5 5 5 5 5 5 5 5 5 5 5 5 5 5 5 5 5 5 5 5 5 5 5 5 5 5 5 5 5 5 5 5 5 5 5 5 5 5 5 5 5 5 5 5 5 5 5 5 5 5 5 5 5 5 5 5 5 5 5 5 5 5 5 5 5 5 5 5 5 5 5 5 5 5 5 5 5 5 5 5 5 5 5 5 5 5 5 5 5 5 5 5 5 5 5 5 5 5 5 5 5 5 5 5 5 5 5 5 5 5 5 5 5 5 5 5 5 5 5 5 5 5 5 5 5 5 5 5 5 5 5 5 5 5 5 5 5 5 5 5 5 5 5 5 5 5 5 5 5 5 5 5 5 5 5 5 5 5 5 5 5 5 5 5 5 5 5 5 5 5 5 5 5 5 5 5 5 5 5 5 5 5 5 5 5 5 5 5 5 5 5 5 5 5 5 5 5 5 5 5 5 5 5 5 5 5 5 5 5 5 5 5 5 5 5 5 5 5 5 5 5 5 5 5 5 5 5 5 5 5 5 5 5 5 5 5 5 5 5 5 5 5 5 5 5 5 5 5 5 5 5 5 5 5 5 5 5 5 5 5 5 5 5 5 5 5 5 5 5 5 5 5 5 5 5 5 5 5 5 5 5 5 5 5 5 5 5 5 5 5 5 5 5 5 5 5 5 5 5 5 5 5 5 5 5 5 5 5 5 5 5 5 5 5 5 5 5 5 5 5 5 5 5 5 5 5 5 5 5 5 5 5 5 5 5 5 5 5 5 5 5 5 5 5 5 5 5 5 5 5 5 5 5 5 5 5 5 5 5 5 5 5 5 5 5 5 5 5 5 5 5 5 5 5 5 5 5 5 5 5 5 5 5 5 5 5 5 5 5 5 5 5 5 5 5 5 5 5 5 5 5 5 5 5 5 5 5 5 5 5 5 5 5 5 5 5 5 5 5 5 5 5 5 5 5 5 5 5 5 5 5 5 5 5 5 5 5 5 5 5 5 5 5 5 5 5 5 5 5 5 5 5 5 5 5 5 5 5 5 5 5 5 5 5 5 5 5 5 5 5 5 5 5 5 5 5 5 5 5 5 5 5 5 5 5 5 5 5 5 5 5 5 5 5 5 5 5 5 5 5 5 5 5 5 5 5 5 5 5 5 5 5 5 5 5 5 5 5 5 5 5 5 5 5 5 5 5 5 5 5 5 5 5 5 5 5 5 5 5 5 5 5 5 5 5 5 5 5 5 5 5 5 5 5 5 5 5 5 5 5 5 5 5 5 5 5 5 5 5 5 5 5 5 5 5 5 5 5 5 5 5 5 5 5 5 5 5 5 5 5 5 5 5 5 5 5 5 5 5 5 5 5 5 5 5 5 5 5 5 5 5 5 5 5 5 5 5 5 5 5 5 5 5 5 5 5 5 5 5 5 5 5 5 5 5 5 5 5 5 5 5 5 5 5 5 5 5 5 5 5 5 5 5 5 5 5 5 5 5 5 5 5 5 5 5 5 5 5 5 5 5 5 5 5 5 5 5 5 5 5 5 5 5 5 5 5 5 5 5 5 5 5 5 5 5 5 5 5 5 5 5 5 5 5 5 5 5 5 5 5 5 5 5 5 5 5 5 5 5 5 5 5 5 5 5 5 5 5 5 5 5 5 5 5 5 5 5 5 5 5 5 5 5 5 5 5 5 5 5 5 5 5 5 5 5 5 5 5 5 5 5 5 5 5 5 5 5 5 5 5 5 5 5 5 5 5 5 5 5 5 5 5 5 5 5 5 5 5 5 5 5 5 5 5 5 5 5 5 5 5 5 5 5 5 5 5 5 5 5 5 5 5 5 5 5 5 5 5 5 5 5 5 5 5 5 5 5 5 5 5 5 5 5 5 5 5 5 5 5 5 5 5 5 5 5 5 5 5 5 5 5 5 5 5 5 5 5 5 5 5 5 5 5 5 5 5 5 5 5 5 5 5 5 5 5 5 5 5 5 5 5 5 5 5 5 5 5 5 5 5 5 5 5 5 5 5 5 5 5 5 5 5 5 5 5 5 5 5 5 5 5 5 5 5 5 5 5 5 5 5 5 5 5 5 5 5 5 5 5 5 5 5 5 5 5 5 5 5 5 5 5 5 5 5 5 5 5 5 5 5 5 5 5 5 5 5 5 5 5 5 5 5 5 5 5 5 5 5 5 5 5 5 5 5 5 5 5 5 5 5 5 5 5 5 5 5 5 5 5 5 5 5 5 5 5 5 5 5 5 5 5 5 5 5 5 5 5 5 5 5 5 5 5 5 5 5 5 5 5 5 5 5 5 5 5 5 5 5 5 5 5 5 5 5 5 5 5 5 5 5 5 5 5 5 5 5 5 5 5 5 5 5 5 5 5 5 5 5 5 5 5 5 5 5 5 5 5 5 5 5 5 5 5 5 5 5 5 5 5 5 5 5 5 5 5 5 5 5 5 5 5 5 5 5 5 5 5 5 5 5 5 5 5 5 5 5 5 5 5 5 5 5 5 5 5 5 5 5 5 5 5 5 5 5 5 5 5 5 5 5 5 5 5 5 5 5 5 5 5 5 5 5 5 5 5 5 5 5 5 5 5 5 5 5 5 5 5 5 5 5 5 5 5 5 5 5 5 5 5 5 5 5 5 5 5 5 5 5 5 5 5 5 5 5 5 5 5 5 5 5 5 5 5 5 5 5 5 5 5 5 5 5 5 5 5 5 5 5 5 5 5 5 5 5 5 5 5 5 5 5 5 5 5 5 5 5 5 5 5 5 5 5 5 5 5 5 5 5 5 5 5 5 5 5 5 5 5 5 5 5 5 5 5 5 5 5 5 5 5 5 5 5 5 5 5 5 5 5 5 5 5 5 5 5 5 5 5 5 5 5 5 5 5 5 5 5 5 5 5 5 5 5 5 5 5 5 5 5 5 5 5 5 5 5 5 5 5 5 5 5 5 5 5 5 5 5 5 5 5 5 5 5 5 5 5 5 5 5 5 5 5 5 5 5 5 5 5 5 5 5 5 5 5 5 5 5 5 5 5 5 5 5 5 5 5 5 5 5 5 5 5 5 5 5 5 5 5 5 5 5 5 5 5 5 5 5 5 5 5 5 5 5 5 5 5 5 5 5 5 5 5 5 5 5 5 5 5 5 5 5 5 5 5 5 5 5 5 5 5 5 5 5 5 5 5 5 5 5 5 5 5 5 5 5 5 5 5 5 5 5 5 5 5 5 5 5 5 5 5 5 5 5 5 5 5 5 5 5 5 5 5 5 5 5 5 5 5 5 5 5 5 5 5 5 5 5 5 5 5 5 5 5 5 5 5 5 5 5 5 5 5 5 5 5 5 5 5 5 5 5 5 5 5 5 5 5 5 5 5 5 5 5 5 5 5 5 5 5 5 5 5 5 5 5 5 5 5 5 5 5 5 5 5 5 5 5 5 5 5 5 5 5 5 5 5 5 5 5 5 5 5 5 5 5 5 5 5 5 5 5 5 5 5 5 5 5 5 5 5 5 5 5 5 5 5 5 5 5 5 5 5 5 5 5 5 5 5 5 5 5 5 5 5 5 5 5 5 5 5 5 5 5 5 5 5 5 5 5 5 5 5 5 5 5 5 5 5 5 5 5 5 5 5 5 5 5 5 5 5 5 5 5 5 5 5 5 5 5 5 5 5 5 5 5 5 5 5 5 5 5 5 5 5 5 5 5 5 5 5 5 5 5 5 5 5 5 5 5 5 5 5 5 5 5 5 5 5 5 5 5 5 5 5 5 5 5 5 5 5 5 5 5 5 5 5 5 5 5 5 5 5 5 5 5 5 5 5 5 5 5 5 5 5 5 5 5 5 5 5 5 5 5 5 5 5 5 5 5 5 5 5 5 5 5 5 5 5 5 5 5 5 5 5 5 5 5 5 5 5 5 5 5 5 5 5 5 5 5 5 5 5 5 5 5 5 5 5 5 5 5 5 5 5 5 5 5 5 5 5 5 5 5 5 5 5 5 5 5 5 5 5 5 5 5 5 5 5 5 5 5 5 5 5 5 5 5 5 5 5 5 5 5 5 5 5 5 5 5 5 5 5 5 5 5 5 5 5 5 5 5 5 5 5 5 5 5 5 5 5 5 5 5 5 5 5 5 5 5 5 5 5 5 5 5 5 5 5 5 5 5 5 5 5 5 5 5 5 5 5 5 5 5 5 5 5 5 5 5 5 5 5 5 5 5 5 5 5 5 5 5 5 5 5 5 5 5 5 5 5 5 5 5 5 5 5 5 5 5 5 5 5 5 5 5 5 5 5 5 5 5 5 5 5 5 5 5 5 5 5 5 5 5 5 5 5 5 5 5 5 5 5 5 5 5 5 5 5 5 5 5 5 5 5 5 5 5 5 5 5 5 5 5 5 5 5 5 5 5 5 5 5 5 5 5 5 5 5 5 5 5 5 5 5 5 5 5 5 5 5 5 5 5 5 5 5 5 5 5 5 5 5 5 5 5 5 5 5 5 5 5 5 5 5 5 5 5 5 5 5 5 5 5 5 5 5 5 5 5 5 5 5 5 5 5 5 5 5 5 5 5 5 5 5 5 5 5 5 5 5 5 5 5 5 5 5 5 5 5 5 5 5 5 5 5 5 5 5 5 5 5 5 5 5 5 5 5 5 5 5 5 5 5 5 5 5 5 5 5 5 5 5 5 5 5 5 5 5 5 5 5 5 5 5 5 5 5 5 5 5 5 5 5 5 5 5 5 5 5 5 5 5 5 5 5 5 5 5 5 5 5 5 5 5 5 5 5 5 5 5 5 5 5 5 5 5 5 5 5 5 5 5 5 5 5 5 5 5 5 5 5 5 5 5 5 5 5 5 5 5 5 5 5 5 5 5 5 5 5 5 5 5 5 5 5 5 5 5 5 5 5 5 5 5 5 5 5 5 5 5 5 5 5 5 5 5 5 5 5 5 5 5 5 5 5 5 5 5 5 5 5 5 5 5 5 5 5 5 5 5 5 5 5 5 5 5 5 5 5 5 5 5 5 5 5 5 5 5 5 5 5 5 5 5 5 5 5 5 5 5 5 5 5 5 5 5 5 5 5 5 5 5 5 5 5 5 5 5 5 5 5 5 5 5 5 5 5 5 5 5 5 5 5 5 5 5 5 5 5 5 5 5 5 5 5 5 5 5 5 5 5 5 5 5 5 5 5 5 5 5 5 5 5 5 5 5 5 5 5 5 5 5 5 5 5 5 5 5 5 5 5 5 5 5 5 5 5 5 5 5 5 5 5 5 5 5 5 5 5 5 5 5 5 5 5 5 5 5 5 5 5 5 5 5 5 5 5 5 5 5 5 5 5 5 5 5 5 5 5 5 5 5 5 5 5 5 5 5 5 5 5 5 5 5 5 5 5 5 5 5 5 5 5 5 5 5 5 5 5 5 5 5 5 5 5 5 5 5 5 5 5 5 5 5 5 5 5 5 5 5 5 5 5 5 5 5 5 5 5 5 5 5 5 5 5 5 5 5 5 5 5 5 5 5 5 5 5 5 5 5 5 5 5 5 5 5 5 5 5 5 5 5 5 5 5 5 5 5 5 5 5 5 5 5 5 5 5 5 5 5 5 5 5 5 5 5 5 5 5 5 5 5 5 5 5 5 5 5 5 5 5 5 5 5 5 5 5 5 5 5 5 5 5 5 5 5 5 5 5 5 5 5 5 5 5 5 5 5 5 5 5 5 5 5 5 5 5 5 5 5 5 5 5 5 5 5 5 5 5 5 5 5 5 5 5 5 5 5 5 5 5 5 5 5 5 5 5 5 5 5 5 5 5 5 5 5 5 5 5 5 5 5 5 5 5 5 5 5 5 5 5 5 5 5 5 5 5 5 5 5 5 5 5 5 5 5 5 5 5 5 5 5 5 5 5 5 5 5 5 5 5 5 5 5 5 5 5 5 5 5 5 5 5 5 5 5 5 5 5 5 5 5 5 5 5 5 5 5 5 5 5 5 5 5 5 5 5 5 5 5 5 5 5 5 5 5 5 5 5 5 5 5 5 5 5 5 5 5 5 5 5 5 5 5 5 5 5 5 5 5 5 5 5 5 5 5 5 5 5 5 5 5 5 5 5 5 5 5 5 5 5 5 5 5 5 5 5 5 5 5 5 5 5 5 5 5 5 5 5 5 5 5 5 5 5 5 5 5 5 5 5 5 5 5 5 5 5 5 5 5 5 5 5 5 5 5 5 5 5 5 5 5 5 5 5 5 5 5 5 5 5 5 5 5 5 5 5 5 5 5 5 5 5 5 5 5 5 5 5 5 5 5 5 5 5 5 5 5 5 5 5 5 5 5 5 5 5 5 5 5 5 5 5 5 5 5 5 5 5 5 5 5 5 5 5 5 5 5 5 5 5 5 5 5 5 5 5 5 5 5 5 5 5 5 5 5 5 5 5 5 5 5 5 5 5 5 5 5 5 5 5 5 5 5 5 5 5 5 5 5 5 5 5 5 5 5 5 5 5 5 5 5 5 5 5 5 5 5 5 5 5 5 5 5 5 5 5 5 5 5 5 5 5 5 5 5 5 5 5 5 5 5 5 5 5 5 5 5 5 5 5 5 5 5 5 5 5 5 5 5 5 5 5 5 5 5 5 5 5 5 5 5 5 5 5 5 5 5 5 5 5 5 5 5 5 5 5 5 5 5 5 5 5 5 5 5 5 5 5 5 5 5 5 5 5 5 5 5 5 5 5 5 5 5 5 5 5 5 5 5 5 5 5 5 5 5 5 5 5 5 5 5 5 5 5 5 5 5 5 5 5 5 5 5 5 5 5 5 5 5 5 5 5 5 5 5 5 5 5 5 5 5 5 5 5 5 5 5 5 5 5 5 5 5 5 5 5 5 5 5 5 5 5 5 5 5 5 5 5 5 5 5 5 5 5 5 5 5 5 5 5 5 5 5 5 5 5 5 5 5 5 5 5 5 5 5 5 5 5 </DataArray>
         </Cells>
         <PointData>
            <DataArray Name="fValues" NumberOfComponents="3" format="ascii" type="Float64">
-5.59877e-41  2.15337e-40        00000 
-2.08409e-41 -3.33455e-41        00000 
 4.75068e-41 -6.60964e-41        00000 
-4.74915e-41  1.30407e-40        00000 
 4.95723e-41 -1.96224e-41        00000 
-4.45418e-42 -8.82696e-42        00000 
-4.13103e-42  5.16378e-42        00000 
 1.42734e-41 -1.47924e-41        00000 
-7.43585e-41  8.26205e-42        00000 
-6.66763e-41        00000        00000 
-2.47862e-41 -8.26205e-42        00000 
-2.20589e-41 -2.15399e-41        00000 
       00000  3.69210e-41        00000 
 7.86246e-42 -5.88057e-42        00000 
 9.91446e-41 -2.01388e-41        00000 
-6.04674e-41  2.19292e-41        00000 
 7.84895e-41 -3.09827e-41        00000 
-5.00072e-41  1.87527e-41        00000 
 7.02274e-41 -3.51137e-41        00000 
 7.00695e-42  2.99742e-41        00000 
-1.96224e-41 -2.06551e-42        00000 
 8.99609e-42 -3.59295e-41        00000 
 2.89172e-41  6.19654e-42        00000 
-3.84085e-41 -1.29758e-42        00000 
 1.23931e-40 -1.23931e-41        00000 
-1.08349e-40  1.58356e-40        00000 
 8.67516e-41 -2.06551e-41        00000 
-4.10036e-41  6.22840e-42        00000 
 1.15669e-40 -3.30482e-41        00000 
-5.38344e-41  3.41297e-41        00000 
 1.07407e-40 -2.47862e-41        00000 
-3.81489e-41  4.16524e-41        00000 
 5.78344e-41 -1.44586e-41        00000 
-1.17206e-42  5.59982e-42        00000 
 1.23931e-41 -2.47862e-41        00000 
 7.30531e-42 -2.02301e-41        00000 
-4.72879e-25  9.81305e-25        00000 
-4.33865e-25  1.26932e-24        00000 
-2.51385e-25  1.32928e-24        00000 
-9.61796e-26  1.23065e-24        00000 
 7.87069e-26  1.20229e-24        00000 
 3.01583e-25  1.06919e-24        00000 
 5.57795e-25  7.70458e-25        00000 
 6.09941e-25  4.56938e-25        00000 
 2.67756e-25  1.26336e-25        00000 
-4.89234e-26  4.08046e-26        00000 
-2.53270e-25  1.19680e-25        00000 
-3.98818e-25  1.44675e-25        00000 
-3.61076e-25  2.76201e-25        00000 
 1.41955e-25  1.30257e-25        00000 
 3.29349e-25  5.69498e-26        00000 
 8.42076e-25  1.87555e-25        00000 
 1.04357e-24 -2.17229e-26        00000 
 7.09515e-25 -9.22271e-26        00000 
 3.63982e-25 -2.65752e-25        00000 
 2.71543e-25 -2.50877e-25        00000 
 3.38418e-25 -9.92327e-26        00000 
 3.88834e-25 -1.34341e-25        00000 
 2.49006e-25 -3.52288e-25        00000 
 1.85061e-25 -1.47438e-25        00000 
 1.06101e-25  1.92535e-25        00000 
-3.92808e-27  1.99119e-25        00000 
 2.89639e-25 -1.09056e-25        00000 
 4.35984e-25 -3.66480e-25        00000 
 3.64113e-25 -2.94012e-25        00000 
 3.08693e-25 -8.11302e-27        00000 
 7.54603e-25  1.31919e-25        00000 
 8.59136e-25  2.17639e-25        00000 
 6.26086e-25  2.73567e-25        00000 
 4.19730e-25  2.58173e-25        00000 
 1.80347e-25  1.16267e-25        00000 
 3.44026e-25 -9.93001e-27        00000 
 2.07984e-25 -1.39651e-25        00000 
-2.07886e-26 -2.38591e-25        00000 
 4.43953e-26 -2.32394e-25        00000 
 2.02664e-25 -2.82679e-25        00000 
-1.37838e-25  4.83139e-27        00000 
-3.05413e-25  1.04977e-25        00000 
-4.06662e-25  1.30028e-24        00000 
-8.50933e-26  1.52879e-24        00000 
 1.10630e-26  1.79241e-24        00000 
 3.40988e-25  1.69862e-24        00000 
 6.86483e-25  1.56222e-24        00000 
 9.90123e-25  1.18785e-24        00000 
 8.94952e-25  1.03497e-24        00000 
 5.02771e-25  6.77498e-25        00000 
-2.41219e-25  3.65435e-25        00000 
-5.91667e-25  7.43638e-26        00000 
-5.49737e-25  3.50691e-26        00000 
-6.96018e-26 -3.37128e-25        00000 
 3.72380e-25 -2.74350e-25        00000 
 7.66751e-25 -1.94048e-25        00000 
 1.29263e-24 -4.67455e-25        00000 
 1.58804e-24 -4.37828e-25        00000 
 1.23255e-24 -1.59724e-25        00000 
 8.63756e-25 -1.45710e-25        00000 
 3.65961e-25 -2.16109e-25        00000 
 2.57584e-25 -8.03093e-26        00000 
 5.76769e-26 -1.56628e-25        00000 
 2.62443e-25 -2.09337e-25        00000 
 2.39929e-25 -3.64283e-25        00000 
 2.92306e-25 -4.25884e-25        00000 
 4.99520e-25 -1.92055e-25        00000 
 4.53243e-25  1.05260e-25        00000 
 2.68657e-25  1.36418e-25        00000 
 3.22117e-25  2.55979e-25        00000 
 5.94773e-25  1.82941e-25        00000 
 8.47209e-25  2.34620e-25        00000 
 7.27733e-25  5.01496e-25        00000 
 5.35346e-25  7.72468e-25        00000 
 5.81674e-25  6.31364e-25        00000 
 3.63756e-25  2.16044e-25        00000 
 1.49070e-25  2.66356e-26        00000 
-1.26241e-25 -1.44442e-25        00000 
-2.31099e-25 -4.43109e-25        00000 
-5.55782e-25 -7.94718e-25        00000 
-4.88430e-25 -7.70320e-25        00000 
-6.45525e-25 -3.82688e-25        00000 
-6.77823e-25  2.80070e-27        00000 
-3.37843e-25  1.52220e-24        00000 
 5.38283e-27  1.58736e-24        00000 
 2.43077e-25  1.21540e-24        00000 
 5.83102e-25  1.05615e-24        00000 
 7.29319e-25  1.15911e-24        00000 
 8.64619e-25  1.07718e-24        00000 
 4.26672e-25  9.99940e-25        00000 
-1.58771e-26  6.26323e-25        00000 
-1.80710e-25 -6.18353e-26        00000 
 1.07114e-26 -5.03792e-25        00000 
 3.97609e-25 -8.08683e-25        00000 
 7.07342e-25 -1.16599e-24        00000 
 1.25413e-24 -1.21585e-24        00000 
 1.32740e-24 -1.23684e-24        00000 
 1.22773e-24 -8.25690e-25        00000 
 7.10731e-25 -1.73702e-25        00000 
 3.27368e-25  2.18856e-25        00000 
 3.45814e-25  4.21746e-25        00000 
 2.92501e-25  5.56642e-25        00000 
 1.46020e-25  2.60810e-25        00000 
 2.49881e-25 -2.83704e-25        00000 
 8.99414e-26 -6.42539e-25        00000 
 4.84143e-26 -7.97940e-25        00000 
-2.48885e-25 -5.09716e-25        00000 
 5.95075e-26 -1.30134e-25        00000 
 3.83126e-25 -1.25515e-25        00000 
 6.15492e-25 -3.87464e-25        00000 
 8.27340e-25 -3.34484e-25        00000 
 5.65713e-25 -4.20639e-26        00000 
 1.03562e-26  1.07510e-25        00000 
 7.87086e-26  2.19368e-25        00000 
 1.80481e-25 -8.40790e-27        00000 
 1.26082e-25 -2.76244e-25        00000 
 3.71999e-25 -7.77990e-25        00000 
-2.80619e-25 -1.13926e-24        00000 
-4.31713e-25 -1.13046e-24        00000 
-8.55963e-25 -1.20823e-24        00000 
-1.46581e-24 -1.33516e-24        00000 
-1.50086e-24 -1.05257e-24        00000 
-1.25677e-24 -5.34203e-25        00000 
-3.04664e-25  3.87707e-25        00000 
 3.65093e-25  5.28454e-25        00000 
 5.23575e-25  5.12997e-25        00000 
 3.49276e-25  8.20971e-25        00000 
 5.77192e-25  9.57889e-25        00000 
 5.37373e-25  9.16035e-25        00000 
 6.59037e-25  5.14449e-25        00000 
 8.35021e-25 -1.95143e-25        00000 
 9.85579e-25 -1.02410e-24        00000 
 1.04613e-24 -1.04421e-24        00000 
 1.18840e-24 -9.60984e-25        00000 
 1.17797e-24 -5.46967e-25        00000 
 8.77269e-25 -4.03515e-25        00000 
-3.48746e-26  2.11354e-25        00000 
-5.34147e-25  5.19755e-25        00000 
-9.10003e-26  1.07746e-24        00000 
 7.26048e-25  1.09144e-24        00000 
 9.93790e-25  1.04797e-24        00000 
 8.34490e-25  7.00175e-25        00000 
 3.98283e-25  3.28047e-25        00000 
-3.81524e-26 -1.06647e-25        00000 
-2.43394e-25 -4.03355e-25        00000 
-5.04718e-25 -9.28113e-25        00000 
-2.57571e-25 -1.09487e-24        00000 
 1.18634e-25 -1.11857e-24        00000 
-4.45049e-27 -8.46208e-25        00000 
-2.23773e-25 -3.63961e-25        00000 
-3.83981e-25 -3.70819e-26        00000 
-1.09262e-24 -8.13038e-26        00000 
-4.49759e-25 -3.28337e-25        00000 
 2.07365e-25 -4.83844e-25        00000 
 3.46291e-25 -9.75427e-25        00000 
 1.16744e-25 -1.17753e-24        00000 
-3.17199e-25 -1.34265e-24        00000 
-4.18442e-26 -1.25959e-24        00000 
-8.07070e-25 -1.46752e-24        00000 
-1.04303e-24 -1.12812e-24        00000 
-1.78791e-24 -9.49318e-25        00000 
-2.32140e-24 -3.37484e-25        00000 
 2.60774e-25 -3.54442e-25        00000 
 2.75464e-26  2.40856e-25        00000 
-4.82482e-26  6.54168e-25        00000 
-3.41040e-26  8.48352e-25        00000 
 2.58957e-25  7.19558e-25        00000 
 7.83861e-25  5.05534e-25        00000 
 1.24985e-24 -2.62727e-25        00000 
 1.44007e-24 -4.36232e-25        00000 
 1.21331e-24 -3.81066e-25        00000 
 9.38602e-25  1.39429e-25        00000 
 3.92441e-25  5.31406e-25        00000 
 1.68727e-25  7.85322e-25        00000 
-2.39506e-25  8.57095e-25        00000 
-5.92669e-25  6.30972e-25        00000 
-3.14173e-25  4.72315e-25        00000 
 4.33804e-25  5.83783e-25        00000 
 1.10954e-24  6.02012e-25        00000 
 1.03882e-24  1.07155e-24        00000 
 8.11870e-25  1.13624e-24        00000 
 5.49834e-25  7.74977e-25        00000 
 5.09494e-25  2.70264e-25        00000 
 2.09919e-25 -5.65423e-25        00000 
-2.59374e-25 -1.66111e-24        00000 
-5.77500e-25 -1.52161e-24        00000 
-1.07778e-24 -1.28200e-24        00000 
-1.06679e-24 -9.60743e-25        00000 
-4.77584e-25 -3.44656e-25        00000 
-2.70192e-26 -3.39321e-25        00000 
-7.30868e-25 -6.10488e-25        00000 
 6.24970e-26 -9.90771e-25        00000 
 2.75885e-25 -9.21394e-25        00000 
-7.47438e-26 -8.98365e-25        00000 
 6.25832e-25 -9.03827e-25        00000 
-2.16397e-25 -9.69310e-25        00000 
-5.74751e-25 -6.50074e-25        00000 
-1.19204e-24 -1.18328e-24        00000 
-2.35536e-24 -6.82410e-25        00000 
-2.37988e-24 -2.55524e-25        00000 
-7.69171e-25  1.53621e-25        00000 
-7.12875e-25  2.35281e-25        00000 
-1.32486e-25  5.96107e-25        00000 
 3.64569e-25  4.88708e-25        00000 
 5.93509e-25 -4.50484e-26        00000 
 9.89258e-25 -1.36490e-25        00000 
 1.09098e-24 -1.09880e-25        00000 
 6.89731e-25  4.99942e-25        00000 
 1.36962e-25  6.79610e-25        00000 
-9.25005e-26  6.55962e-25        00000 
-3.06110e-25  8.61526e-25        00000 
-3.22027e-25  6.37155e-25        00000 
-4.16180e-25  4.88418e-25        00000 
-4.62654e-25 -1.37686e-25        00000 
-2.18982e-25 -4.70141e-27        00000 
 6.08717e-26  6.77703e-25        00000 
 8.09677e-25  9.57903e-25        00000 
 1.20561e-24  1.47719e-24        00000 
 1.55614e-24  1.27049e-24        00000 
 1.68290e-24  2.09233e-25        00000 
 1.23831e-24 -3.10446e-25        00000 
 4.62085e-25 -7.07811e-25        00000 
-7.80960e-25 -1.14376e-24        00000 
-6.55810e-25 -1.49481e-24        00000 
-5.80059e-25 -1.32236e-24        00000 
-6.72209e-25 -1.24989e-24        00000 
-3.32752e-25 -7.05482e-25        00000 
 2.68786e-25 -5.07784e-25        00000 
 5.90521e-25 -5.20044e-25        00000 
 7.68572e-25 -1.04405e-24        00000 
 7.27526e-25 -7.82892e-25        00000 
 1.60527e-25 -1.24158e-24        00000 
 1.06927e-25 -9.29339e-25        00000 
 4.27363e-25 -8.44853e-25        00000 
-8.62625e-25 -9.98146e-25        00000 
-5.10254e-25 -7.76907e-25        00000 
-1.62916e-24 -5.11425e-25        00000 
-1.22402e-24 -4.45519e-25        00000 
-8.76835e-25 -1.32123e-25        00000 
-4.48098e-25  1.17499e-25        00000 
 2.90885e-25  2.99018e-25        00000 
 6.41640e-25 -8.91795e-26        00000 
 6.36051e-25  1.76450e-25        00000 
 8.11911e-25  2.31933e-25        00000 
 4.98102e-25  2.00107e-25        00000 
 3.49102e-25  1.47720e-25        00000 
 5.39262e-26  2.05512e-25        00000 
 2.08148e-26  3.00702e-25        00000 
-5.69240e-25  3.50107e-25        00000 
-5.51701e-25  3.61888e-25        00000 
-8.15053e-25  1.32253e-25        00000 
-1.03373e-24 -5.94671e-26        00000 
-8.56211e-25 -2.43699e-26        00000 
 1.19292e-25  5.26753e-25        00000 
 8.41511e-25  7.70628e-25        00000 
 1.59438e-24  6.53554e-25        00000 
 1.88136e-24  1.05023e-24        00000 
 1.53182e-24  9.80235e-25        00000 
 9.40607e-25  8.07389e-25        00000 
 6.06720e-25  2.54737e-25        00000 
 1.51262e-25 -7.07172e-25        00000 
 2.11468e-25 -9.35830e-25        00000 
-2.67908e-25 -9.41158e-25        00000 
-1.51968e-25 -8.67632e-25        00000 
 7.06232e-25 -6.79830e-25        00000 
 8.13216e-25 -1.02443e-24        00000 
 1.33548e-24 -4.41751e-25        00000 
 1.48314e-24 -1.28633e-24        00000 
 1.02074e-24 -8.00752e-25        00000 
 1.09688e-24 -1.24999e-24        00000 
 8.47182e-25 -1.19132e-24        00000 
 1.94225e-24 -6.34342e-25        00000 
 1.03009e-24 -3.28343e-25        00000 
 3.69595e-25 -2.16746e-25        00000 
-1.23389e-24 -5.04531e-25        00000 
-9.40105e-25  1.52674e-25        00000 
-1.03490e-24  2.30090e-25        00000 
-1.01282e-25  2.20964e-25        00000 
 6.63293e-25  6.73588e-25        00000 
 8.46409e-25  6.57043e-25        00000 
 1.03532e-24  9.40763e-25        00000 
 1.06155e-24  8.98202e-25        00000 
 5.58356e-25  9.97309e-25        00000 
 1.88792e-25  5.96888e-25        00000 
-3.17639e-25  6.44125e-25        00000 
-6.24249e-25  5.57582e-25        00000 
-8.34229e-25  8.39875e-25        00000 
-9.90382e-25  3.17713e-25        00000 
-1.14474e-24 -1.22651e-25        00000 
-8.32187e-25 -3.60970e-25        00000 
-4.58003e-25 -2.22165e-25        00000 
 4.33983e-25  4.60852e-25        00000 
 6.18243e-25  6.68935e-25        00000 
 1.08598e-24  1.34939e-24        00000 
 1.10204e-24  1.42841e-24        00000 
 1.47609e-24  1.61383e-24        00000 
 1.19229e-24  1.17492e-24        00000 
 7.50913e-25  9.29780e-25        00000 
-5.39439e-26  2.06742e-25        00000 
-4.73079e-26 -4.69152e-25        00000 
 1.18659e-25 -1.09367e-24        00000 
 4.92150e-25 -1.16695e-24        00000 
 1.16809e-24 -1.20878e-24        00000 
 1.72529e-24 -9.05824e-25        00000 
 1.88664e-24 -3.40259e-25        00000 
 2.53600e-24 -9.22935e-25        00000 
 1.99486e-24 -5.95607e-25        00000 
 2.08217e-24 -3.35932e-25        00000 
 1.27953e-24 -1.12008e-24        00000 
 6.97391e-25 -6.69550e-25        00000 
-1.42828e-25 -6.31194e-25        00000 
-3.52002e-26 -2.58477e-25        00000 
-3.08947e-25  4.33244e-25        00000 
-5.67833e-25 -2.91875e-25        00000 
 1.75809e-25  5.67467e-25        00000 
 9.12687e-25  7.99924e-25        00000 
 1.31686e-24  9.68374e-25        00000 
 1.18207e-24  1.46839e-24        00000 
 5.00943e-25  1.49191e-24        00000 
-2.02615e-25  1.15607e-24        00000 
-5.80623e-25  1.00203e-24        00000 
-6.68647e-25  7.55417e-25        00000 
-6.78608e-25  5.98055e-25        00000 
-7.22200e-25  4.46348e-25        00000 
-6.23445e-25  3.57347e-25        00000 
-4.36322e-25  4.33539e-25        00000 
-2.36786e-25 -2.13358e-25        00000 
 1.28976e-25 -1.31036e-26        00000 
 6.52533e-25  1.00228e-24        00000 
 7.32205e-25  5.49698e-25        00000 
 9.43473e-25  2.75545e-25        00000 
 1.15666e-24  9.40227e-25        00000 
 1.35201e-24  1.05217e-24        00000 
 9.46933e-25  1.91041e-25        00000 
 3.85889e-25  3.80057e-25        00000 
 2.59082e-25 -5.20565e-25        00000 
 3.13300e-25 -9.30366e-25        00000 
 2.53542e-25 -6.65171e-25        00000 
 8.65884e-25 -1.46256e-24        00000 
 5.97628e-25 -1.43400e-24        00000 
 2.27890e-24 -1.72076e-24        00000 
 1.88823e-24 -1.25860e-24        00000 
 2.12248e-24 -1.16361e-24        00000 
 1.34579e-24 -9.15686e-25        00000 
 1.09508e-24 -9.57436e-25        00000 
 1.10519e-24 -1.17926e-24        00000 
 2.20532e-26 -1.63828e-25        00000 
 4.45229e-25 -6.93035e-26        00000 
 3.82553e-25  8.76007e-25        00000 
 4.28359e-25  8.82171e-25        00000 
 1.06010e-24  9.42442e-25        00000 
 1.37802e-24  9.23342e-25        00000 
 3.89821e-25  1.47299e-24        00000 
-4.80108e-27  1.23004e-24        00000 
-3.07613e-25  9.84058e-25        00000 
-4.08545e-25  5.37824e-25        00000 
-3.64096e-25  8.62274e-26        00000 
-5.92618e-25 -1.72784e-26        00000 
-3.29821e-25 -2.08969e-25        00000 
 4.08272e-26  5.50969e-26        00000 
-5.75925e-27  9.69377e-26        00000 
 6.09115e-25  2.21347e-25        00000 
 6.78941e-25  1.23098e-24        00000 
 7.08811e-25  1.15790e-25        00000 
 9.48433e-25  6.73322e-25        00000 
 9.96504e-25  1.85441e-24        00000 
 1.05405e-24  8.70244e-25        00000 
 1.04521e-24  9.62199e-25        00000 
 8.98342e-25  2.37655e-25        00000 
 6.54758e-25 -3.70691e-25        00000 
 4.95793e-25 -6.70913e-25        00000 
 3.99236e-25 -6.91972e-25        00000 
 2.86721e-27 -9.13143e-25        00000 
 6.82325e-26 -1.74062e-24        00000 
 2.26817e-25 -1.54297e-24        00000 
 8.06091e-25 -1.52182e-24        00000 
 1.79138e-24 -2.75587e-24        00000 
 1.45128e-24 -1.72280e-24        00000 
 1.85269e-24 -1.49160e-24        00000 
 8.94792e-25 -1.88173e-24        00000 
 1.09333e-24 -2.01701e-24        00000 
 9.18516e-25 -1.13226e-24        00000 
 7.64560e-25 -1.59089e-24        00000 
 8.54911e-25 -8.51468e-25        00000 
 1.02320e-24  4.34096e-25        00000 
 1.49835e-24  2.83711e-25        00000 
 9.57520e-25  1.06908e-24        00000 
 9.75587e-25  4.80987e-25        00000 
 7.69276e-25  5.91260e-25        00000 
 3.96680e-25  8.46895e-25        00000 
 4.09546e-25  9.80571e-25        00000 
 3.76858e-25  3.15149e-25        00000 
 1.15877e-25 -9.18938e-26        00000 
-9.12477e-26 -2.72108e-25        00000 
-1.41108e-25  7.12241e-26        00000 
 1.12569e-25 -2.21903e-25        00000 
 5.30523e-25  1.35475e-25        00000 
 1.45996e-24  2.97362e-25        00000 
 1.56019e-24 -2.64365e-25        00000 
 1.56440e-24  1.05138e-24        00000 
 1.73682e-24  6.87106e-25        00000 
 1.57289e-24  1.08520e-24        00000 
 1.82184e-24  1.42614e-24        00000 
 1.32812e-24 -5.17426e-25        00000 
 3.57802e-25 -9.12487e-25        00000 
 3.61925e-25 -2.36339e-24        00000 
-2.81651e-25 -1.49891e-24        00000 
 1.93847e-25 -2.08931e-24        00000 
-1.06207e-25 -2.68346e-24        00000 
-7.93800e-26 -2.41165e-24        00000 
-1.13270e-25 -2.78023e-24        00000 
 8.98222e-25 -3.49233e-24        00000 
 1.21795e-24 -2.86231e-24        00000 
 1.85173e-24 -2.57601e-24        00000 
 1.91187e-24 -2.91715e-24        00000 
 6.69100e-25 -1.45058e-24        00000 
-3.80805e-25 -1.56145e-24        00000 
-1.43725e-25 -1.44618e-24        00000 
-1.10176e-25 -1.61259e-24        00000 
 9.15490e-25 -1.19913e-26        00000 
 1.00478e-24  1.82327e-25        00000 
 1.34208e-24  4.44664e-26        00000 
 1.00283e-24  3.62200e-25        00000 
 7.62685e-25  2.29852e-25        00000 
 8.70674e-25  9.02191e-26        00000 
 7.31323e-25  5.73705e-25        00000 
 7.52465e-25  1.86305e-25        00000 
 5.67900e-25  6.06011e-25        00000 
 5.52719e-25  1.32725e-25        00000 
 7.22750e-25 -6.75152e-25        00000 
 1.12882e-24 -5.68035e-25        00000 
 1.72467e-24 -4.48086e-25        00000 
 1.77193e-24 -9.10868e-26        00000 
 1.96660e-24  6.42876e-25        00000 
 1.21527e-24  1.10015e-24        00000 
 1.66667e-24  2.71435e-25        00000 
 1.42022e-24  2.01680e-25        00000 
 1.53390e-24  5.52240e-25        00000 
 1.89073e-24 -8.56354e-25        00000 
 7.88541e-25 -1.37946e-24        00000 
-1.04119e-25 -8.27994e-25        00000 
 4.05273e-25 -1.81376e-24        00000 
 7.16727e-26 -2.54355e-24        00000 
 2.88281e-25 -2.83957e-24        00000 
 8.41857e-25 -3.24720e-24        00000 
 6.13400e-25 -2.09074e-24        00000 
 1.46110e-24 -3.17104e-24        00000 
 1.31887e-24 -2.30683e-24        00000 
 1.28456e-24 -1.95592e-24        00000 
 7.02736e-25 -2.16529e-24        00000 
 1.11243e-25 -2.63458e-24        00000 
 1.90914e-25 -2.24347e-24        00000 
-4.46470e-26 -2.57341e-24        00000 
 8.76810e-25  6.77387e-25        00000 
 1.03234e-24  3.10597e-25        00000 
 8.39858e-25  1.50071e-25        00000 
 1.16522e-24  6.95483e-25        00000 
 6.52663e-25  7.66926e-25        00000 
 6.53476e-25  1.16978e-24        00000 
 1.22266e-24  1.01112e-24        00000 
 1.81842e-24  1.36201e-24        00000 
 2.20482e-24  7.29558e-26        00000 
 1.92926e-24 -3.56889e-25        00000 
 1.60900e-24 -6.21138e-25        00000 
 1.63397e-24 -7.45583e-25        00000 
 1.78579e-24  5.88815e-25        00000 
 1.55665e-24  9.56277e-25        00000 
 1.54384e-24  6.24512e-25        00000 
 9.47238e-25  4.28766e-25        00000 
 1.50587e-24  2.24261e-26        00000 
 2.55910e-24  4.19995e-25        00000 
 1.68468e-24 -6.70300e-25        00000 
 2.14679e-24 -8.67558e-25        00000 
 1.58629e-24 -8.14896e-25        00000 
 5.22976e-25 -1.72791e-24        00000 
 1.20561e-24 -2.51919e-24        00000 
 1.63769e-24 -1.90432e-24        00000 
 1.66613e-24 -9.36619e-25        00000 
 9.03601e-25 -2.37357e-24        00000 
 1.22476e-24 -2.21521e-24        00000 
 9.64613e-25 -2.43411e-24        00000 
 1.38040e-24 -1.08281e-24        00000 
 1.43547e-24 -1.00805e-24        00000 
 2.58885e-24 -8.64724e-25        00000 
 9.36718e-25 -2.56288e-24        00000 
 1.34179e-24 -2.29056e-24        00000 
-2.68971e-25 -3.17157e-26        00000 
-4.83448e-25  6.67174e-25        00000 
 6.20863e-25  1.12308e-24        00000 
 1.11808e-24  4.07890e-25        00000 
 1.28034e-24  1.08566e-24        00000 
 1.57841e-24  5.92043e-25        00000 
 1.81702e-24  5.77174e-25        00000 
 1.89726e-24 -2.18028e-25        00000 
 2.14979e-24  1.62951e-25        00000 
 2.64011e-24  5.91844e-25        00000 
 1.86321e-24  8.93898e-25        00000 
 1.39484e-24  8.50760e-25        00000 
 1.39103e-24  5.80974e-25        00000 
 1.48274e-24 -2.70564e-25        00000 
 1.18905e-24  1.67744e-25        00000 
 1.68559e-24 -9.57097e-25        00000 
 2.64183e-24 -1.29858e-24        00000 
 2.84759e-24 -1.79744e-24        00000 
 2.89133e-24 -1.59047e-24        00000 
 1.82430e-24 -2.09855e-24        00000 
 1.37612e-24 -1.75042e-24        00000 
 1.25435e-24 -2.17177e-24        00000 
 1.01513e-24 -2.48680e-24        00000 
 6.55962e-25 -1.74423e-24        00000 
 1.67843e-24 -2.39654e-24        00000 
 2.26726e-24 -1.53895e-24        00000 
 2.44893e-24 -1.22570e-24        00000 
 3.16576e-24 -9.09041e-25        00000 
 2.91800e-24 -2.57372e-24        00000 
 2.77082e-24 -1.74517e-24        00000 
 2.76203e-24 -2.84707e-24        00000 
 2.32527e-24 -3.47932e-24        00000 
 4.16611e-24 -2.51322e-24        00000 
 2.20826e-24 -2.03478e-24        00000 
-8.59568e-25 -1.50169e-25        00000 
-1.38210e-26 -5.59511e-25        00000 
 3.48793e-25 -1.24239e-24        00000 
 1.02026e-24 -8.45083e-25        00000 
 1.54947e-24  1.84802e-24        00000 
 1.99668e-24  1.86649e-25        00000 
 1.91402e-24  8.57800e-25        00000 
 1.95169e-24 -9.82110e-25        00000 
 2.25461e-24 -1.29256e-24        00000 
 2.02878e-24 -8.18542e-25        00000 
 1.51786e-24 -8.25756e-25        00000 
 1.62938e-24 -1.48265e-24        00000 
 1.35968e-24 -8.76278e-25        00000 
 1.79298e-24 -1.60188e-24        00000 
 1.45005e-24 -1.51244e-24        00000 
 2.35077e-24 -2.64469e-24        00000 
 2.76750e-24 -3.13378e-24        00000 
 2.27676e-24 -2.30493e-24        00000 
 9.24348e-25 -3.03625e-24        00000 
 1.12911e-24 -3.15586e-24        00000 
 2.39174e-24 -2.01933e-24        00000 
 8.50936e-25 -5.10887e-24        00000 
 1.50229e-24 -1.84943e-24        00000 
 1.23585e-24 -8.38485e-25        00000 
 1.43582e-24 -2.55624e-24        00000 
 2.64049e-24  1.08079e-25        00000 
 3.16483e-24  6.02842e-26        00000 
 5.06989e-24 -4.46962e-25        00000 
 2.76246e-24 -5.58970e-26        00000 
 1.54756e-24 -1.70772e-24        00000 
 3.09053e-24 -1.18636e-24        00000 
 3.01053e-24 -1.37627e-24        00000 
 2.90809e-24 -7.86167e-25        00000 
 4.34564e-25 -1.16871e-24        00000 
 2.65428e-25 -2.44749e-24        00000 
 6.63371e-25 -1.62792e-24        00000 
 4.33417e-25 -9.55687e-25        00000 
 8.19519e-25  1.23512e-25        00000 
 1.38091e-24 -1.55136e-25        00000 
 1.32979e-24 -4.11878e-25        00000 
 1.90571e-24 -4.53905e-25        00000 
 1.98453e-24  3.98762e-26        00000 
 1.87196e-24 -3.01956e-25        00000 
 1.55335e-24 -3.53033e-25        00000 
 1.84746e-24 -3.81070e-26        00000 
 8.69116e-25 -7.92007e-25        00000 
 1.29811e-24 -2.81109e-24        00000 
 1.77119e-24 -2.75686e-24        00000 
-3.16957e-27 -2.33319e-24        00000 
 8.57402e-25 -2.48704e-24        00000 
 1.17078e-24 -1.83033e-24        00000 
 7.63129e-25 -2.15725e-24        00000 
 3.53348e-25 -2.64205e-24        00000 
-4.37917e-25 -1.91580e-24        00000 
-2.27638e-25 -3.38271e-24        00000 
-1.99851e-25 -3.74211e-24        00000 
 1.49665e-24 -3.15261e-24        00000 
 2.23162e-24 -1.57245e-24        00000 
 3.81775e-24 -2.29379e-24        00000 
 3.07538e-24 -1.27392e-24        00000 
 3.20361e-24 -1.07772e-24        00000 
 4.08343e-24 -1.89342e-24        00000 
 2.30742e-24 -1.98550e-24        00000 
 3.97267e-24 -2.10199e-24        00000 
 4.35733e-24 -3.20500e-24        00000 
 6.05990e-25  1.37230e-25        00000 
-2.26968e-25 -1.61502e-25        00000 
-4.44548e-25 -1.24799e-25        00000 
-8.99625e-26  2.69304e-25        00000 
 7.23371e-25 -1.94414e-26        00000 
 9.40462e-25 -1.30835e-25        00000 
 1.05745e-24 -2.97211e-24        00000 
 4.71201e-25 -2.88327e-24        00000 
 1.29002e-24  4.75383e-25        00000 
 1.49513e-24 -6.13884e-25        00000 
 1.60024e-24 -1.02144e-24        00000 
 1.21807e-24 -9.53463e-25        00000 
 6.56789e-25 -2.84300e-24        00000 
 1.45040e-24 -2.49716e-24        00000 
 1.56224e-24 -2.01825e-24        00000 
 2.18575e-25 -2.06457e-24        00000 
 6.58531e-25 -2.06361e-24        00000 
 9.14744e-25 -2.01211e-24        00000 
-2.35305e-25 -2.01706e-24        00000 
-5.62281e-25 -2.87605e-24        00000 
 5.50901e-26 -3.80916e-24        00000 
 1.39920e-24 -4.32114e-24        00000 
 1.86397e-24 -2.23330e-24        00000 
 1.83197e-24 -1.64010e-24        00000 
 3.03729e-24 -9.25282e-25        00000 
 2.55541e-24 -3.53836e-24        00000 
 3.38290e-24 -1.81118e-24        00000 
 3.84728e-24 -4.53587e-25        00000 
 2.78066e-24 -2.87517e-24        00000 
 2.05901e-24 -3.49824e-24        00000 
 1.88129e-24 -3.07022e-24        00000 
 4.52947e-25  2.90060e-25        00000 
 2.81490e-25  9.79850e-25        00000 
 6.45136e-25  3.07179e-25        00000 
 7.15115e-25 -1.04768e-25        00000 
 8.35059e-25 -2.22696e-25        00000 
 6.14082e-25 -6.04056e-25        00000 
 1.06091e-24 -1.17210e-24        00000 
 1.14884e-24 -9.00895e-25        00000 
 1.25785e-24 -1.97127e-25        00000 
 1.75660e-24 -2.21852e-25        00000 
 1.77840e-24  4.10251e-25        00000 
 9.27488e-25  6.83130e-25        00000 
 7.49633e-25 -1.12320e-24        00000 
 1.50724e-24 -6.01324e-25        00000 
 8.25640e-25 -1.17800e-24        00000 
 1.02527e-24 -3.24392e-25        00000 
 2.99945e-25 -1.26915e-24        00000 
 1.34841e-25 -2.27526e-24        00000 
-2.78080e-25 -3.38696e-24        00000 
-7.09935e-25 -2.59631e-24        00000 
 6.62297e-25 -3.90887e-24        00000 
 9.66166e-25 -3.64567e-24        00000 
 1.97117e-24 -3.66814e-24        00000 
 3.66734e-24 -3.26577e-24        00000 
 3.26128e-24 -3.59459e-24        00000 
 2.26779e-24 -2.33011e-24        00000 
 2.56412e-24 -2.57771e-24        00000 
 1.02253e-24 -2.14947e-24        00000 
 8.22321e-25 -2.87169e-24        00000 
 9.38006e-25 -2.03151e-24        00000 
 1.52299e-24 -7.90093e-25        00000 
 6.18866e-25  1.72764e-25        00000 
 8.70080e-25  2.07694e-24        00000 
 1.22579e-24  2.76782e-24        00000 
 1.65783e-24  2.25371e-24        00000 
 1.66742e-24  5.03511e-26        00000 
 1.66901e-24 -1.29419e-24        00000 
 7.30366e-25 -8.64622e-25        00000 
 6.36052e-25 -1.31444e-24        00000 
 1.47805e-24 -1.58509e-24        00000 
 1.35920e-24 -7.11102e-25        00000 
 2.30605e-24 -7.27561e-25        00000 
 1.61662e-24 -2.42657e-24        00000 
 1.95327e-24 -1.93114e-24        00000 
 1.08681e-24  3.06433e-25        00000 
 7.52378e-25  2.46477e-25        00000 
 1.17368e-24 -2.68949e-24        00000 
 1.87319e-24 -1.91916e-24        00000 
-3.69516e-25 -1.65306e-24        00000 
 1.48573e-24 -4.00954e-24        00000 
 1.38980e-24 -4.50950e-24        00000 
 1.17391e-24 -5.69113e-24        00000 
 1.90117e-24 -3.17964e-24        00000 
 2.65821e-24 -3.44876e-24        00000 
 2.03213e-24 -3.59500e-24        00000 
 1.11538e-24 -2.06012e-24        00000 
 1.06256e-24 -2.56418e-24        00000 
 1.75041e-25 -1.18454e-24        00000 
 1.67263e-24 -2.16942e-24        00000 
 1.01303e-24 -1.89285e-24        00000 
 1.11697e-24 -2.24594e-24        00000 
 9.22757e-25  7.66967e-26        00000 
 1.33610e-24 -5.44919e-25        00000 
 2.52050e-24 -8.70002e-25        00000 
 2.09100e-24 -6.44132e-26        00000 
 2.24842e-24 -3.33272e-25        00000 
 1.35727e-24 -1.26106e-25        00000 
 1.26444e-24 -6.42704e-25        00000 
 6.31988e-25 -2.54790e-24        00000 
 1.54494e-24 -3.38572e-24        00000 
 1.61099e-24 -1.63791e-24        00000 
 2.05279e-24 -2.55759e-24        00000 
 2.29099e-24 -1.44814e-24        00000 
 1.61320e-24 -7.20825e-25        00000 
 1.86815e-24 -2.48811e-24        00000 
 7.82188e-25 -1.87597e-24        00000 
 9.90750e-25 -5.15162e-24        00000 
 1.03960e-24 -3.88317e-24        00000 
 1.12216e-24 -4.09040e-24        00000 
 1.66131e-24 -2.57667e-24        00000 
 1.41112e-24 -4.57887e-24        00000 
 1.99976e-24 -4.27079e-24        00000 
 2.04437e-24 -2.51982e-24        00000 
 1.85524e-24 -3.11462e-24        00000 
 3.61674e-25 -1.11654e-24        00000 
-1.74291e-24 -2.75217e-24        00000 
-9.27423e-25 -1.99790e-24        00000 
 7.27973e-25 -2.88395e-24        00000 
 8.81994e-25 -1.15302e-24        00000 
 1.52723e-24 -1.18685e-24        00000 
 1.02227e-24 -1.00282e-24        00000 
 1.33982e-24 -3.47268e-25        00000 
 1.42028e-24  4.77540e-26        00000 
 1.94967e-24 -6.22541e-25        00000 
 2.51095e-24  7.64479e-25        00000 
 2.40975e-24  1.17948e-24        00000 
 1.83726e-24 -1.45517e-24        00000 
 1.50024e-24 -2.63877e-24        00000 
 1.03048e-24 -1.88316e-24        00000 
 1.00263e-24 -1.12691e-24        00000 
 1.17668e-24 -1.22829e-24        00000 
 2.12462e-24 -1.22137e-24        00000 
 2.33945e-24 -1.17220e-24        00000 
 2.00862e-24 -1.88253e-24        00000 
 2.03769e-24 -2.16914e-24        00000 
 1.00218e-24 -2.92065e-24        00000 
 1.22858e-24 -3.43848e-24        00000 
 1.06211e-24 -5.94910e-24        00000 
 4.86447e-25 -4.53040e-24        00000 
 1.13466e-24 -2.05973e-24        00000 
 8.56999e-25 -3.83203e-24        00000 
 2.75776e-24 -2.88331e-24        00000 
 1.10548e-24 -3.08578e-24        00000 
 1.81202e-24  4.86072e-26        00000 
-3.48318e-25 -1.25137e-24        00000 
-5.37448e-25 -2.96704e-24        00000 
 4.67189e-25 -2.41516e-24        00000 
 2.96832e-25 -3.64640e-24        00000 
 2.95396e-24 -4.61623e-24        00000 
 1.21563e-24 -6.93145e-25        00000 
 1.10498e-24 -4.73758e-25        00000 
 1.41663e-24 -1.69731e-24        00000 
 2.00016e-24 -1.34660e-24        00000 
 2.68658e-24 -1.62207e-24        00000 
 2.61229e-24 -1.38211e-24        00000 
 1.74430e-24 -2.91149e-24        00000 
 1.17831e-24 -1.18211e-24        00000 
 1.59845e-24 -4.03594e-24        00000 
 1.09666e-24 -1.59559e-24        00000 
 1.44546e-24 -3.22391e-24        00000 
 1.90186e-24 -3.24379e-24        00000 
 1.23498e-24 -2.63494e-24        00000 
 2.37455e-24 -2.74124e-24        00000 
 2.87363e-24 -3.92383e-25        00000 
 1.54812e-24 -2.12628e-24        00000 
 1.03561e-24 -9.59273e-25        00000 
 9.11818e-25 -3.60322e-24        00000 
 2.43928e-24 -4.39953e-24        00000 
 9.01317e-25 -2.04054e-24        00000 
 2.07468e-24 -2.50349e-24        00000 
 1.58617e-24 -1.39203e-24        00000 
 1.42936e-24 -1.45747e-24        00000 
 1.48917e-24  6.65711e-25        00000 
 2.53844e-24 -1.53648e-24        00000 
-1.80346e-24 -1.92801e-24        00000 
 1.59053e-24 -1.79970e-24        00000 
-1.48530e-25 -1.23755e-24        00000 
 2.25289e-24  1.55336e-24        00000 
 2.03658e-24 -1.39892e-24        00000 
 2.14602e-24 -2.43912e-24        00000 
 1.86516e-24 -7.29289e-25        00000 
 2.18777e-24 -2.98508e-24        00000 
 1.78658e-24 -2.48314e-24        00000 
 2.30595e-24 -2.44923e-24        00000 
 1.43978e-24 -2.22233e-24        00000 
 1.12341e-24 -2.73343e-24        00000 
 9.03555e-25 -3.57295e-24        00000 
 2.55984e-25 -3.17341e-24        00000 
 1.24839e-24 -2.60611e-24        00000 
 1.43989e-24 -3.48226e-24        00000 
 1.45204e-24 -3.49949e-24        00000 
 1.19668e-24  2.80801e-24        00000 
 1.20758e-24  3.27102e-24        00000 
 1.74296e-24  5.14783e-25        00000 
 3.28998e-24 -1.05545e-24        00000 
 2.22188e-24 -1.63650e-24        00000 
 1.60330e-24 -1.36751e-24        00000 
 2.56438e-24 -2.42238e-24        00000 
 1.15482e-24 -1.66077e-24        00000 
 1.34673e-24 -1.19864e-24        00000 
 1.33655e-24 -1.65459e-24        00000 
 2.20614e-24 -1.47027e-24        00000 
 4.25951e-25 -1.34129e-25        00000 
 5.42596e-26 -1.50541e-24        00000 
-1.12590e-24 -2.48257e-24        00000 
 2.38311e-24 -2.27170e-24        00000 
 1.56434e-24  4.43888e-25        00000 
 1.58503e-24 -3.12612e-25        00000 
 1.28173e-24 -3.14813e-24        00000 
 1.10938e-24 -1.18319e-24        00000 
 1.01983e-24 -6.42984e-25        00000 
 1.98120e-24 -1.49338e-24        00000 
 1.52352e-24 -1.99920e-24        00000 
 1.36404e-24 -1.29568e-24        00000 
 1.42996e-24 -1.21064e-24        00000 
 1.51210e-24  1.51332e-24        00000 
 8.33086e-25  2.52757e-25        00000 
 2.53926e-25  1.45514e-24        00000 
 6.67323e-25 -7.51035e-25        00000 
 1.81245e-24 -2.62714e-24        00000 
 2.26387e-24 -1.15725e-24        00000 
 1.36867e-24 -1.61564e-24        00000 
 2.54448e-24 -3.96363e-25        00000 
 2.63623e-24 -1.69593e-24        00000 
 2.19189e-24 -2.67004e-24        00000 
 1.82011e-24 -2.18377e-24        00000 
 2.44628e-24 -4.23729e-24        00000 
 1.12687e-24 -3.73336e-24        00000 
 2.05329e-25 -3.59368e-24        00000 
 9.10641e-25 -1.73671e-24        00000 
-1.64675e-24  5.58778e-25        00000 
-4.96006e-25 -2.37839e-24        00000 
 1.33169e-24 -3.53857e-25        00000 
 1.41749e-24 -2.31640e-24        00000 
 9.81659e-25 -2.06535e-24        00000 
 7.26160e-25 -2.20523e-24        00000 
 9.53560e-26 -1.77299e-24        00000 
 7.23832e-25 -3.40525e-24        00000 
 1.74339e-24 -2.70904e-24        00000 
 9.64290e-25 -2.29717e-24        00000 
 2.25156e-24  3.80631e-25        00000 
 9.44742e-25  7.63768e-25        00000 
 1.55362e-24  1.14245e-24        00000 
 1.19424e-24 -1.87575e-24        00000 
 1.35246e-24 -2.13643e-24        00000 
 2.22684e-24  4.05854e-25        00000 
 2.00791e-24 -3.78326e-24        00000 
 1.27998e-24 -4.08494e-24        00000 
 2.25773e-24 -4.91268e-24        00000 
 3.09939e-24 -2.85960e-24        00000 
 2.75123e-24 -2.34419e-24        00000 
 3.12508e-24 -8.57048e-25        00000 
 2.14708e-24 -3.90725e-24        00000 
 9.06859e-25 -1.46401e-24        00000 
 5.38098e-25 -1.17791e-24        00000 
 7.17441e-25 -2.88646e-24        00000 
 1.69472e-24 -7.33079e-25        00000 
 6.84780e-25 -2.15276e-24        00000 
 1.92132e-24 -1.39215e-24        00000 
 1.53299e-24 -1.28947e-24        00000 
 5.65896e-25 -2.30155e-24        00000 
 1.03367e-24 -1.05594e-24        00000 
 1.21558e-24 -2.25414e-24        00000 
 5.04569e-25 -1.10719e-24        00000 
 4.96167e-25 -1.68024e-24        00000 
 1.16267e-24 -1.54411e-24        00000 
 1.09945e-24  2.32627e-25        00000 
 1.26635e-24  4.47358e-25        00000 
 2.40746e-24  1.59510e-24        00000 
 3.61950e-24 -1.14910e-24        00000 
 2.79403e-24 -1.65444e-24        00000 
 2.46543e-24 -1.61190e-24        00000 
 2.82899e-24 -4.36777e-24        00000 
 2.55661e-24 -4.17166e-24        00000 
 1.40083e-24 -5.21277e-24        00000 
 9.97746e-25 -4.91296e-24        00000 
 2.57129e-24 -1.53638e-24        00000 
 2.01663e-24  5.50570e-25        00000 
 1.24230e-24 -2.72316e-24        00000 
 3.42711e-24 -4.43562e-24        00000 
 1.04320e-24 -3.77495e-24        00000 
 1.97551e-25 -4.32790e-24        00000 
-2.39883e-24 -4.66357e-25        00000 
 1.51549e-24 -4.70424e-25        00000 
 1.40672e-24 -1.31097e-24        00000 
 1.63966e-24 -2.11143e-24        00000 
 1.27817e-24 -4.50771e-24        00000 
 2.53754e-24 -1.37336e-24        00000 
 4.69929e-25 -3.38643e-24        00000 
 3.49441e-25 -5.19168e-24        00000 
 3.46792e-25 -4.56080e-24        00000 
 5.76969e-25 -2.68456e-24        00000 
 2.02585e-24 -4.03898e-24        00000 
 1.78805e-24 -5.91217e-24        00000 
 2.22262e-24 -4.62880e-24        00000 
 4.35149e-24  1.58576e-24        00000 
 3.27412e-24 -5.98922e-24        00000 
 1.67885e-24 -1.56499e-24        00000 
 3.16928e-24 -3.74750e-24        00000 
 1.94242e-24 -3.12564e-24        00000 
 2.54322e-24 -3.31189e-24        00000 
 5.28737e-25 -2.09098e-24        00000 
 2.31030e-24 -3.36409e-24        00000 
 3.38332e-24 -3.84128e-24        00000 
 4.02478e-24 -9.46400e-25        00000 
 1.54823e-24 -2.01132e-24        00000 
-9.27158e-26 -3.61306e-24        00000 
-1.18523e-24 -5.41209e-24        00000 
 8.97508e-25 -2.69690e-24        00000 
 1.59031e-24 -2.99282e-24        00000 
 7.76111e-25 -3.66005e-24        00000 
 7.09194e-25 -1.17193e-24        00000 
 1.91518e-24 -1.14165e-24        00000 
 2.52025e-24 -2.48300e-24        00000 
 1.29723e-24 -3.65712e-24        00000 
 4.04688e-25 -4.50549e-24        00000 
 1.01659e-24 -6.76094e-24        00000 
 2.48468e-24 -1.06159e-23        00000 
 2.08981e-24 -8.14334e-24        00000 
 3.55187e-25 -6.99807e-24        00000 
 1.87619e-27 -6.09970e-24        00000 
 1.45331e-24 -9.94704e-26        00000 
 2.22158e-24 -9.03084e-25        00000 
 1.50043e-24 -4.80479e-24        00000 
-5.03630e-25 -4.60685e-24        00000 
-4.30592e-25 -1.40348e-24        00000 
 6.39086e-25 -6.49491e-25        00000 
 3.41639e-24 -1.85170e-24        00000 
 2.07278e-24 -5.72844e-24        00000 
 1.62621e-24 -3.43211e-24        00000 
 2.91524e-24 -4.43832e-24        00000 
 3.07319e-24 -9.32685e-25        00000 
 1.55378e-24 -2.15119e-24        00000 
-5.76100e-25 -5.39234e-24        00000 
 1.94623e-24  4.74628e-24        00000 
 1.65297e-24 -2.82641e-24        00000 
 1.67216e-24 -3.27877e-25        00000 
 2.32366e-24 -2.25028e-24        00000 
 3.02224e-24 -3.29584e-24        00000 
 3.44172e-24 -8.76271e-24        00000 
 3.09061e-24 -1.00617e-23        00000 
 1.03075e-24 -6.76210e-24        00000 
-1.20277e-24 -5.77292e-24        00000 
-1.16309e-24 -2.78833e-24        00000 
-1.06509e-24 -3.29929e-24        00000 
-9.39734e-25 -4.25431e-24        00000 
-1.57872e-24  6.61364e-25        00000 
-2.22426e-24  7.13741e-25        00000 
-2.29479e-25 -3.58273e-24        00000 
-6.89144e-25 -5.54407e-24        00000 
 1.30775e-24 -6.01006e-24        00000 
 1.49907e-24 -4.18791e-24        00000 
 1.35488e-24 -3.19291e-24        00000 
 1.71345e-24 -2.24459e-24        00000 
 2.34845e-24 -3.24404e-24        00000 
 3.04933e-24 -1.32586e-24        00000 
 2.71483e-24  8.92605e-25        00000 
 6.16254e-25  3.51394e-26        00000 
 1.71702e-24  7.03213e-25        00000 
 1.79352e-24 -1.37966e-24        00000 
 1.31488e-24 -3.31533e-24        00000 
 3.63704e-24 -4.06832e-24        00000 
 4.92104e-24 -5.60479e-24        00000 
 3.04801e-24 -5.54883e-25        00000 
 9.40225e-25 -4.00986e-24        00000 
-1.73078e-24 -4.77810e-24        00000 
-1.96435e-24 -3.86211e-24        00000 
-2.81034e-24 -3.75321e-24        00000 
-2.05002e-24 -1.05620e-24        00000 
-2.19899e-24 -1.77509e-24        00000 
-1.12497e-24 -3.46914e-24        00000 
-4.50432e-25 -5.96882e-24        00000 
 2.63210e-24 -6.37239e-24        00000 
 2.73883e-24 -2.90610e-24        00000 
 1.40866e-24 -4.05641e-24        00000 
 3.36895e-24 -1.72066e-24        00000 
-2.51364e-25 -4.36688e-24        00000 
 2.46321e-25 -3.41136e-24        00000 
 2.37593e-24 -6.43375e-25        00000 
 3.87528e-24  1.60085e-24        00000 
 4.17043e-24 -1.20504e-24        00000 
 3.65933e-25 -4.64392e-24        00000 
 3.11308e-24 -6.85036e-24        00000 
 3.79586e-24 -1.07429e-23        00000 
 1.86018e-24 -6.89475e-24        00000 
 3.49294e-24 -8.43628e-25        00000 
 2.27789e-24  4.03446e-24        00000 
 2.14835e-25  4.88051e-24        00000 
 1.79043e-26  6.43040e-25        00000 
-8.36310e-25 -5.67087e-24        00000 
-1.83179e-24 -1.52151e-24        00000 
-5.02883e-25 -2.33809e-24        00000 
 1.52855e-24 -4.62803e-24        00000 
-1.45576e-25 -3.28515e-24        00000 
-4.34798e-25 -1.23148e-24        00000 
 7.77761e-25 -3.32665e-24        00000 
 1.24576e-24 -3.77150e-24        00000 
 2.24909e-24 -5.54421e-24        00000 
 2.29097e-25 -2.46218e-24        00000 
-8.27338e-25 -1.58544e-24        00000 
-1.05366e-24 -2.71845e-24        00000 
-6.15185e-27 -5.81425e-24        00000 
 1.90051e-24 -1.04342e-24        00000 
 3.38007e-24 -1.56200e-24        00000 
 1.67343e-24 -2.16722e-24        00000 
 1.69079e-24 -2.81195e-24        00000 
 1.94923e-25 -2.25381e-24        00000 
-1.82622e-25 -3.05872e-24        00000 
 5.42502e-25  1.03848e-24        00000 
 2.77585e-24  2.15976e-24        00000 
 1.99889e-24  7.29957e-25        00000 
-2.20075e-25 -2.48199e-25        00000 
-8.76213e-25 -3.70284e-25        00000 
-8.50855e-25 -1.98323e-24        00000 
-1.09627e-24 -2.59126e-24        00000 
-2.02928e-24 -3.57123e-24        00000 
-1.29497e-24 -4.82900e-24        00000 
-3.94055e-25 -3.79440e-25        00000 
-7.41892e-26 -3.54350e-24        00000 
-8.77906e-26 -5.67504e-25        00000 
 1.00752e-25 -2.40971e-24        00000 
-4.45271e-25 -5.20851e-24        00000 
 4.00282e-25 -5.93678e-24        00000 
 9.73650e-25 -3.53356e-24        00000 
 1.46768e-24 -7.49950e-24        00000 
 1.55072e-24 -3.52298e-24        00000 
 3.97967e-25 -4.32482e-24        00000 
 8.90839e-26 -4.78415e-24        00000 
 1.22025e-24 -4.09251e-24        00000 
 8.02468e-25 -2.19184e-24        00000 
 2.27275e-25 -3.79138e-24        00000 
 7.45239e-25 -6.21097e-24        00000 
 9.75212e-25  4.78422e-25        00000 
 8.99317e-25 -1.33983e-24        00000 
-7.89725e-25 -1.81485e-24        00000 
-1.43452e-24 -5.36011e-24        00000 
-1.52975e-24 -5.11369e-24        00000 
-6.01050e-26 -2.91850e-24        00000 
-9.68112e-25 -5.69940e-24        00000 
 1.13215e-26 -3.50908e-24        00000 
-1.17935e-25 -2.50943e-24        00000 
 5.21233e-25 -4.27358e-24        00000 
 9.49325e-25 -5.40511e-24        00000 
 1.55813e-24 -5.93473e-24        00000 
 1.88320e-24 -5.28548e-24        00000 
 2.57576e-24 -6.35462e-24        00000 
 1.51446e-24 -3.20650e-24        00000 
-3.88792e-25 -4.89735e-24        00000 
 3.09360e-25 -4.35228e-24        00000 
 9.47854e-25 -1.92877e-24        00000 
 1.72604e-24 -3.45230e-24        00000 
 9.46213e-25 -3.35680e-25        00000 
-4.19268e-25 -7.67675e-25        00000 
 6.37376e-25 -4.60144e-24        00000 
 5.39661e-25 -1.24335e-24        00000 
-1.43139e-25 -3.66114e-24        00000 
 8.27657e-25 -4.29855e-24        00000 
-4.86239e-25 -5.07708e-24        00000 
-1.21700e-24 -4.25501e-24        00000 
-1.85379e-24 -3.22238e-24        00000 
 5.55391e-25 -3.12175e-24        00000 
-1.50012e-24 -6.00850e-24        00000 
-1.29275e-24 -5.93457e-24        00000 
-6.05571e-27 -6.25634e-24        00000 
 5.91679e-25 -5.94123e-24        00000 
 1.44269e-24 -4.89583e-24        00000 
 3.75087e-25 -6.69003e-24        00000 
 4.40080e-25 -5.14328e-24        00000 
 2.94777e-25 -2.35530e-24        00000 
 2.25733e-24 -7.49620e-24        00000 
-1.36879e-24 -3.47036e-24        00000 
-9.75239e-25  1.03821e-24        00000 
-5.38452e-25  6.93749e-24        00000 
 1.43541e-26 -1.53491e-24        00000 
-1.26345e-24 -4.78060e-24        00000 
 4.02568e-25 -4.51660e-24        00000 
 2.55186e-24 -4.90350e-24        00000 
 7.30067e-25  7.12227e-25        00000 
 2.59051e-25 -3.54328e-24        00000 
 6.62772e-27  2.12401e-25        00000 
-2.25254e-24 -8.47952e-25        00000 
 5.51271e-25 -2.16470e-24        00000 
-7.45002e-26 -4.95234e-24        00000 
-6.80534e-25 -5.67255e-24        00000 
-9.53406e-25 -2.63116e-24        00000 
 1.13381e-24 -1.85922e-24        00000 
-1.29620e-24 -7.23337e-25        00000 
-2.32440e-24 -2.16397e-24        00000 
-2.79671e-24  7.39991e-25        00000 
-4.08030e-24 -1.40791e-24        00000 
-1.24633e-24 -3.28954e-24        00000 
-1.71717e-24  1.46999e-24        00000 
-1.30175e-24 -1.49622e-24        00000 
-8.72907e-25 -1.19170e-24        00000 
 6.52054e-25 -2.85192e-24        00000 
 5.95686e-25 -4.43873e-24        00000 
-3.98492e-25 -8.30142e-25        00000 
 2.93038e-25 -3.73085e-24        00000 
-6.24968e-25 -2.52852e-24        00000 
-1.11908e-24  1.86929e-25        00000 
-1.10115e-25 -6.26193e-25        00000 
-1.43514e-24 -1.80669e-25        00000 
-9.61545e-25  6.20502e-25        00000 
-3.85967e-24 -1.65972e-25        00000 
-3.45270e-24  3.22220e-24        00000 
-2.49544e-24  2.52522e-26        00000 
-1.56078e-24  3.96961e-24        00000 
-3.80832e-24  2.07429e-24        00000 
-2.62211e-24  2.42803e-24        00000 
-2.12757e-24  4.89789e-24        00000 
-9.77408e-25 -2.63650e-24        00000 
-2.93929e-25 -2.64783e-24        00000 
-9.28972e-25 -6.49781e-24        00000 
-2.44329e-25 -8.07664e-24        00000 
 4.97968e-25  1.12225e-24        00000 
 1.48850e-24 -3.95557e-24        00000 
-8.96974e-25 -3.17022e-24        00000 
-2.24042e-24 -1.92671e-24        00000 
-2.56465e-24  8.33841e-25        00000 
-9.63019e-25  4.12410e-24        00000 
-2.63249e-24  3.53226e-24        00000 
-2.94070e-24  2.62442e-24        00000 
-2.66891e-24  2.23381e-24        00000 
-2.93012e-24  1.32512e-24        00000 
-2.07840e-24  4.69899e-25        00000 
-3.13689e-24  3.07420e-24        00000 
-2.07348e-24  5.47042e-24        00000 
-2.71582e-24 -1.18453e-24        00000 
-2.07178e-24  1.05957e-24        00000 
 2.09694e-25  2.45510e-24        00000 
 1.84856e-24 -1.50820e-24        00000 
-1.89146e-25  1.46097e-24        00000 
-5.95064e-25  2.92365e-24        00000 
 2.06046e-26  5.58653e-25        00000 
-2.21780e-24  3.65783e-24        00000 
-3.68745e-24  1.68140e-24        00000 
-1.69603e-24  3.07025e-24        00000 
-3.43942e-24  2.53636e-24        00000 
-6.45474e-25  3.27701e-24        00000 
-2.06034e-24  5.22405e-24        00000 
-2.10784e-24  1.68606e-24        00000 
-5.92969e-25  4.71358e-24        00000 
-1.57906e-24  1.21500e-24        00000 
-2.09675e-24 -1.36805e-24        00000 
-2.46455e-24 -5.78801e-25        00000 
-2.68153e-24  2.28613e-24        00000 
-1.74917e-24  6.09555e-25        00000 
 1.29773e-24  1.53837e-25        00000 
 1.01915e-24  1.95203e-24        00000 
 4.46586e-25  2.04981e-24        00000 
 1.85372e-25  2.18606e-24        00000 
 2.47349e-25  2.14662e-24        00000 
-3.94255e-26  1.06683e-24        00000 
-2.04915e-25  5.48853e-25        00000 
-2.08005e-24 -1.22890e-24        00000 
-6.91284e-25 -2.39777e-24        00000 
-2.15721e-24 -7.83522e-25        00000 
 1.80787e-25  3.87778e-24        00000 
-6.31401e-25  1.49609e-24        00000 
 4.32948e-25  3.56984e-24        00000 
-2.97034e-25  4.51691e-24        00000 
-1.69897e-24 -1.56123e-24        00000 
-3.08271e-24  2.38837e-24        00000 
-1.75348e-24 -4.41502e-24        00000 
-1.90589e-24  2.57456e-24        00000 
 1.91594e-24  4.59291e-24        00000 
-7.92470e-26  3.13442e-24        00000 
-1.39661e-24  1.41163e-24        00000 
 1.14863e-24  1.21720e-25        00000 
-4.85141e-25  7.01115e-25        00000 
 2.21210e-25  3.86422e-24        00000 
-5.93912e-25 -1.65077e-24        00000 
-7.08970e-25  1.48714e-24        00000 
-1.19496e-24 -5.49824e-25        00000 
-1.81975e-25 -5.18261e-25        00000 
-1.45805e-24  6.37580e-24        00000 
 4.85766e-25  4.93249e-24        00000 
-5.59084e-25  4.16248e-24        00000 
-1.02105e-24 -2.73931e-24        00000 
-1.51774e-24 -3.34373e-25        00000 
-2.43257e-24  8.13252e-25        00000 
-1.39690e-24  2.61208e-25        00000 
-1.98928e-24 -1.16960e-24        00000 
 3.45631e-25  7.92486e-24        00000 
 8.35488e-25  5.16621e-24        00000 
-1.19205e-24  7.74135e-24        00000 
-2.10722e-24  5.14303e-24        00000 
-9.17386e-26  7.20041e-25        00000 
 2.48096e-25  5.59916e-24        00000 
-1.01755e-24  1.87563e-24        00000 
 2.55693e-25 -8.86245e-25        00000 
-1.42781e-24  3.84698e-24        00000 
-3.86030e-25  9.84750e-26        00000 
-1.57016e-24  4.67465e-25        00000 
 1.07643e-24  3.92944e-24        00000 
 1.30818e-24  1.72470e-24        00000 
-5.12465e-25  2.07227e-24        00000 
-2.42543e-24  4.47114e-24        00000 
-1.23671e-24  1.76658e-24        00000 
-1.81337e-24  2.07908e-24        00000 
-6.04218e-25  9.87638e-24        00000 
-2.36836e-24  7.10134e-24        00000 
-8.76812e-25 -2.20076e-25        00000 
-2.98479e-24  2.92498e-24        00000 
-1.67132e-24  6.02523e-24        00000 
-1.38126e-25  2.61189e-24        00000 
-5.51469e-25  4.20364e-24        00000 
-7.45645e-25  3.48174e-24        00000 
-1.03546e-24  1.71268e-24        00000 
 1.12351e-24  3.68161e-24        00000 
 1.03721e-24  7.60226e-25        00000 
 9.74513e-25  2.31750e-24        00000 
-9.46162e-25  7.97875e-25        00000 
-1.05020e-24  2.10186e-24        00000 
-2.09856e-24  1.42538e-24        00000 
-2.75950e-24 -7.26544e-25        00000 
-2.80818e-24  2.18196e-24        00000 
-1.55034e-24  2.62418e-24        00000 
-3.06485e-24  5.68266e-24        00000 
-1.98970e-24  7.84859e-24        00000 
-2.21571e-25  7.26812e-24        00000 
-2.00287e-25  3.66740e-24        00000 
-2.03674e-25  4.45175e-24        00000 
-2.28151e-25  3.04320e-24        00000 
 5.31615e-25 -2.33953e-25        00000 
 1.33730e-24  1.87895e-24        00000 
-4.93903e-25 -1.69287e-26        00000 
-1.65473e-24  4.13386e-24        00000 
 1.08953e-25  3.97131e-24        00000 
-2.93015e-24  1.45690e-24        00000 
-5.04738e-24  1.67235e-24        00000 
-3.16373e-24  3.17138e-24        00000 
-6.71093e-25  6.25689e-24        00000 
-4.00222e-25  2.53848e-24        00000 
 2.18203e-24  4.17537e-24        00000 
 5.44372e-26  5.90812e-24        00000 
 7.34737e-25  4.17859e-24        00000 
 7.81018e-25  2.63135e-24        00000 
 4.24906e-25  1.40660e-24        00000 
-2.77833e-25  1.76127e-24        00000 
-1.09815e-24  3.60126e-24        00000 
-3.03623e-24  4.72911e-24        00000 
-2.74527e-24  1.23738e-24        00000 
-3.96995e-24  4.92769e-24        00000 
-2.71310e-24 -1.82637e-24        00000 
-5.24545e-24 -8.09276e-25        00000 
-2.49601e-24  2.89502e-24        00000 
-2.63993e-24  5.69812e-24        00000 
-1.99782e-24  2.67678e-25        00000 
-1.46405e-24 -1.00745e-24        00000 
 8.79152e-25  1.52326e-24        00000 
 1.22937e-24  1.24922e-24        00000 
 4.19948e-25 -1.13648e-24        00000 
 9.27144e-25  3.71307e-24        00000 
-1.96885e-24  5.42244e-24        00000 
-4.23369e-24  5.05115e-24        00000 
-2.15997e-24  7.97319e-24        00000 
-2.30293e-24  7.28809e-24        00000 
-1.41198e-24 -1.34236e-24        00000 
-1.09519e-24  1.13152e-24        00000 
-3.92747e-24 -1.47063e-24        00000 
-1.16090e-24  3.90266e-24        00000 
 8.10258e-25  3.34871e-24        00000 
-1.14439e-24  5.51833e-24        00000 
 1.87002e-24  2.00161e-24        00000 
-2.98491e-25 -1.89674e-24        00000 
-8.13950e-25  4.19830e-25        00000 
-2.65508e-24  1.67537e-24        00000 
-3.88173e-24  2.65377e-24        00000 
-2.31104e-24  1.10744e-24        00000 
-3.34257e-24  4.37921e-24        00000 
-2.37410e-24  2.06664e-24        00000 
-1.08184e-24  4.88379e-25        00000 
-2.69200e-25  3.56840e-25        00000 
 3.24792e-25 -8.53971e-26        00000 
-4.00862e-25  3.12687e-24        00000 
-1.93407e-24  1.78322e-24        00000 
-1.17294e-24  2.68216e-24        00000 
 1.03513e-24  5.49087e-24        00000 
 5.65579e-25  3.38227e-24        00000 
-2.82459e-24  8.63947e-25        00000 
-2.20110e-24  1.49765e-24        00000 
-1.97719e-24  7.53943e-26        00000 
-3.06578e-24 -7.52667e-25        00000 
-1.42553e-24 -1.68971e-24        00000 
-1.64571e-24 -3.94531e-24        00000 
 2.74672e-25 -1.66205e-24        00000 
 1.45348e-24 -5.94480e-24        00000 
-4.38238e-25  9.31685e-25        00000 
-3.90516e-24  1.32623e-24        00000 
-7.64571e-25  4.41289e-25        00000 
-1.79669e-24  3.63121e-24        00000 
-7.96451e-26  1.39463e-24        00000 
 8.07003e-26  2.60318e-24        00000 
 1.28872e-24 -1.25233e-24        00000 
-1.03403e-24 -1.63051e-24        00000 
 6.49945e-26 -1.10304e-24        00000 
 3.68423e-25 -2.95869e-24        00000 
-7.38351e-25 -7.10159e-24        00000 
-9.15567e-26  9.74840e-25        00000 
-4.49628e-25  1.88276e-24        00000 
-5.73403e-25  3.93869e-26        00000 
-1.22691e-24 -2.38695e-24        00000 
-2.57544e-24 -3.88654e-25        00000 
-2.10645e-24  1.89436e-24        00000 
 1.09756e-24  1.24541e-24        00000 
-8.41454e-25 -9.21286e-25        00000 
-2.40565e-25 -1.09803e-24        00000 
-4.58552e-25 -2.23590e-24        00000 
 6.08927e-25 -8.61673e-25        00000 
-2.44044e-26  4.28929e-25        00000 
-2.25897e-24  2.39224e-24        00000 
-1.35620e-24  3.50668e-25        00000 
-2.11763e-24 -3.68734e-24        00000 
-8.66313e-25  1.30687e-25        00000 
-6.43645e-25 -2.70686e-24        00000 
-8.23373e-25  1.69913e-24        00000 
 1.90848e-25  1.37447e-24        00000 
 7.35455e-25  3.61446e-24        00000 
 6.77895e-25  1.62281e-24        00000 
 1.27645e-24 -2.59816e-24        00000 
 7.79499e-25  3.53877e-24        00000 
-2.91168e-25  2.48090e-24        00000 
-3.09460e-25  2.87808e-24        00000 
 9.79347e-25 -1.77502e-24        00000 
 7.16874e-25  1.20275e-24        00000 
-2.61993e-24  2.16427e-24        00000 
-1.14270e-25  3.78533e-24        00000 
-7.17281e-25  1.93286e-24        00000 
 4.30311e-25  3.91368e-24        00000 
-1.14142e-24  1.14125e-24        00000 
-1.43668e-24 -5.94314e-25        00000 
-7.26745e-25  8.39420e-25        00000 
-8.88551e-25  6.07919e-25        00000 
-1.47482e-24 -1.48061e-24        00000 
-2.38537e-24  2.57657e-24        00000 
-8.97106e-25  2.39201e-24        00000 
-6.35407e-25  1.14893e-24        00000 
-1.23400e-24  1.65454e-24        00000 
-9.25632e-26  6.47005e-24        00000 
 6.30374e-25  2.05677e-24        00000 
-5.96825e-26  5.20342e-24        00000 
 2.44384e-25  1.91269e-24        00000 
 1.68065e-24  2.37447e-24        00000 
 7.41883e-25 -6.41369e-25        00000 
 1.55168e-25 -1.52157e-24        00000 
-1.78098e-24 -2.95167e-25        00000 
-1.53326e-24 -1.05574e-24        00000 
 1.40706e-25  1.26030e-24        00000 
 2.74415e-25  1.78003e-25        00000 
 1.32440e-24  1.31619e-24        00000 
 2.62331e-24  2.19272e-24        00000 
 2.16745e-24  5.47963e-25        00000 
 2.91705e-24  6.31861e-25        00000 
-7.14573e-26 -9.78882e-25        00000 
 3.66479e-25 -4.43131e-25        00000 
 1.09381e-25 -9.53532e-25        00000 
-3.72830e-25  3.33060e-25        00000 
 6.15068e-25 -1.63993e-24        00000 
 1.67021e-26 -7.64467e-26        00000 
 1.17969e-24 -8.63040e-25        00000 
 2.41698e-24  1.90612e-25        00000 
 2.60949e-24  2.94009e-25        00000 
-8.09014e-25 -1.55472e-24        00000 
-4.14083e-25 -5.06429e-25        00000 
-8.49712e-26  6.42880e-25        00000 
-2.06947e-25 -2.78237e-25        00000 
-4.82353e-25 -7.72331e-25        00000 
 7.91951e-25  2.23947e-26        00000 
 1.46215e-24  3.90946e-25        00000 
 1.98148e-24  1.09621e-25        00000 
-1.82742e-24 -1.40597e-24        00000 
-1.16767e-25  9.29909e-26        00000 
-9.88517e-25  3.43644e-25        00000 
 5.46466e-25 -8.18235e-25        00000 
 4.51764e-26 -7.44548e-26        00000 
 7.33105e-25 -1.40274e-24        00000 
 1.97493e-24 -5.44901e-25        00000 
 5.31033e-25 -1.42397e-24        00000 
-5.74570e-25 -1.99720e-24        00000 
-7.43201e-25 -1.45038e-24        00000 
-5.70061e-25 -2.20604e-24        00000 
 6.73657e-25 -2.02568e-24        00000 
 1.21508e-24 -1.85817e-24        00000 
 1.77970e-24 -2.27742e-24        00000 
 1.41539e-24 -1.83445e-24        00000 
-4.09150e-25 -1.70035e-24        00000 
-5.81225e-25 -2.56866e-24        00000 
-8.62632e-25 -2.01952e-24        00000 
 1.78639e-25 -2.24225e-24        00000 
 7.22952e-25 -2.33732e-24        00000 
 5.86869e-25 -1.94428e-24        00000 
-4.76319e-25  1.33285e-24        00000 
-6.10438e-25  1.14658e-24        00000 
-5.42967e-25  2.51392e-25        00000 
 3.20639e-25 -7.70436e-26        00000 
 2.76205e-25 -2.10154e-26        00000 
-6.80232e-25 -1.56453e-26        00000 
-4.56174e-25  8.63267e-25        00000 
-1.19031e-25  8.81034e-25        00000 
 3.37279e-25  1.34399e-24        00000 
 1.66573e-24  1.85593e-25        00000 
 1.18815e-24  6.52259e-25        00000 
-6.28415e-25 -2.08600e-25        00000 
 5.07864e-25 -1.90074e-24        00000 
 2.99246e-25  1.22505e-26        00000 
 4.87397e-25  5.52951e-25        00000 
-4.01968e-25  9.25888e-25        00000 
 8.08548e-25  1.24128e-25        00000 
 1.13492e-24  8.15808e-25        00000 
 1.11923e-24 -9.18786e-25        00000 
 1.37974e-24 -4.21395e-25        00000 
 2.08137e-24 -1.80679e-24        00000 
 1.31193e-24  1.22252e-24        00000 
 1.27880e-24  7.79023e-25        00000 
 9.85619e-25 -2.34956e-24        00000 
 1.49182e-24 -1.40326e-24        00000 
 1.86794e-24 -9.87256e-26        00000 
 2.38341e-24 -1.28190e-24        00000 
 2.21183e-25 -1.33960e-24        00000 
 1.23702e-24 -2.42254e-24        00000 
 2.16054e-24 -3.76300e-24        00000 
 9.86967e-25 -4.65695e-24        00000 
 1.95882e-24 -6.28290e-24        00000 
-8.17487e-25  2.01543e-24        00000 
-8.22946e-25  1.61207e-24        00000 
 1.41246e-25 -8.80356e-25        00000 
 2.20200e-24  1.10028e-24        00000 
 1.31208e-25  6.83514e-24        00000 
 6.39457e-25  9.11292e-24        00000 
-2.79423e-24  5.26598e-24        00000 
-3.21055e-24  3.43527e-24        00000 
-5.43204e-25  4.94810e-24        00000 
-5.71958e-25  2.58945e-24        00000 
-1.48349e-24  6.38611e-24        00000 
-1.06319e-24  1.26215e-24        00000 
 2.59323e-24 -2.73675e-24        00000 
-1.28420e-24 -3.90892e-25        00000 
 1.50815e-25 -6.93512e-25        00000 
 5.83253e-26 -3.37551e-25        00000 
-4.85788e-25 -1.58808e-24        00000 
-9.01360e-25 -5.57020e-25        00000 
-5.84630e-25 -2.13791e-24        00000 
-3.12424e-25 -3.35735e-25        00000 
 6.57919e-25 -1.32857e-24        00000 
-1.85618e-40  1.56309e-40        00000 
-8.32012e-26  9.06934e-25        00000 
-9.40134e-25  1.88448e-25        00000 
 5.85484e-25  1.11271e-24        00000 
 9.04396e-25  1.76552e-25        00000 
-1.62904e-24  1.94167e-24        00000 
 1.08206e-40  1.11446e-41        00000 
-6.41587e-42 -1.02654e-40        00000 
 3.23503e-41        00000        00000 
-1.72195e-25  4.52536e-25        00000 
-5.59153e-27  6.31553e-25        00000 
 7.31885e-26  6.65529e-25        00000 
 1.39496e-25  5.09565e-25        00000 
 3.12902e-25  3.27827e-25        00000 
 2.07613e-25  5.31516e-26        00000 
 7.42573e-26  5.45640e-26        00000 
-1.27680e-25  2.91480e-26        00000 
-1.44523e-25 -6.77933e-27        00000 
-1.99253e-25  6.81830e-26        00000 
-1.50301e-25  1.84207e-25        00000 
 1.35725e-25  3.65132e-26        00000 
 3.11430e-25  1.41285e-25        00000 
 5.17888e-25  5.67272e-26        00000 
 4.47356e-25 -4.12304e-26        00000 
 2.11871e-25 -1.56924e-25        00000 
 1.81278e-25 -1.85033e-25        00000 
 1.68403e-25 -7.82313e-26        00000 
 2.07087e-25 -3.73725e-26        00000 
 1.24142e-25 -1.65724e-25        00000 
 1.47551e-25 -1.90765e-25        00000 
 1.57266e-25  9.73973e-26        00000 
 3.50096e-27  1.32187e-25        00000 
-1.38958e-26  9.57837e-26        00000 
 2.06863e-25 -9.39674e-26        00000 
 2.22441e-25 -2.21526e-25        00000 
 2.31272e-25 -1.17997e-25        00000 
 3.26701e-25  8.22155e-26        00000 
 4.05809e-25  6.29104e-26        00000 
 4.49416e-25  1.23033e-25        00000 
 2.68337e-25  1.15595e-25        00000 
 1.91872e-25  4.98411e-26        00000 
 1.14357e-25  3.27641e-26        00000 
 1.21035e-25 -6.85480e-26        00000 
 1.26377e-25 -1.30882e-25        00000 
-2.68784e-26 -1.13796e-25        00000 
-5.23053e-25  1.07954e-24        00000 
-5.81048e-25  1.21855e-24        00000 
-2.99826e-25  1.38824e-24        00000 
-5.81721e-26  1.47884e-24        00000 
 4.69942e-26  1.49027e-24        00000 
 4.13468e-25  1.33037e-24        00000 
 7.02863e-25  1.19597e-24        00000 
 8.66199e-25  8.45084e-25        00000 
 6.39524e-25  5.15501e-25        00000 
 7.64484e-26  2.52129e-25        00000 
-3.79554e-25  1.10939e-25        00000 
-4.14959e-25  1.96828e-25        00000 
-5.13249e-25  1.01085e-25        00000 
 7.28003e-26 -5.48843e-26        00000 
 3.85859e-25 -6.11273e-26        00000 
 7.50515e-25 -1.05389e-25        00000 
 1.29685e-24 -1.95523e-25        00000 
 1.22104e-24 -1.63782e-25        00000 
 8.47725e-25 -1.69426e-25        00000 
 3.65234e-25 -2.73329e-25        00000 
 2.90211e-25 -2.22263e-25        00000 
 3.15496e-25 -1.73702e-25        00000 
 3.33702e-25 -1.60051e-25        00000 
 1.88920e-25 -3.25769e-25        00000 
 1.66896e-25 -1.40687e-25        00000 
 1.39305e-25  1.96077e-26        00000 
 3.81509e-25 -4.17133e-26        00000 
 4.11987e-25 -8.77189e-26        00000 
 3.64131e-25 -9.04445e-26        00000 
 3.83504e-25  1.03332e-25        00000 
 6.67624e-25  7.67977e-26        00000 
 9.69524e-25  2.42682e-25        00000 
 7.18131e-25  4.09474e-25        00000 
 5.88845e-25  5.50983e-25        00000 
 3.60750e-25  3.12111e-25        00000 
 2.97622e-25  4.28173e-26        00000 
 1.77843e-25  2.54429e-26        00000 
 2.76125e-26 -2.15054e-25        00000 
-3.68357e-25 -4.07686e-25        00000 
-1.29798e-25 -5.42452e-25        00000 
-2.79582e-25 -3.51581e-25        00000 
-2.79883e-25  1.54978e-25        00000 
-5.05751e-25  1.15702e-24        00000 
-2.97225e-25  1.33262e-24        00000 
-1.14861e-25  1.70113e-24        00000 
 2.49397e-26  1.59466e-24        00000 
 4.14196e-25  1.47352e-24        00000 
 8.77865e-25  1.33033e-24        00000 
 9.69333e-25  1.14398e-24        00000 
 6.75469e-25  9.41528e-25        00000 
 1.51319e-25  7.18920e-25        00000 
-2.98027e-25  2.76598e-25        00000 
-4.78485e-25 -9.63847e-26        00000 
-2.29695e-26 -4.41982e-25        00000 
 2.83953e-25 -6.86804e-25        00000 
 7.82570e-25 -7.17817e-25        00000 
 1.12741e-24 -8.43293e-25        00000 
 1.40369e-24 -8.53385e-25        00000 
 1.34976e-24 -4.15315e-25        00000 
 7.99319e-25 -1.30528e-25        00000 
 5.07152e-25 -2.75917e-27        00000 
 3.37576e-25  1.22398e-25        00000 
 1.01517e-25  1.82331e-25        00000 
 1.03995e-25 -1.65007e-25        00000 
 2.01593e-25 -3.84483e-25        00000 
 2.31849e-25 -6.28313e-25        00000 
 2.04477e-25 -5.50036e-25        00000 
 2.34346e-25 -1.53220e-25        00000 
 2.69848e-25  9.06220e-26        00000 
 2.07661e-25  5.71617e-26        00000 
 5.26910e-25 -8.60353e-26        00000 
 7.84588e-25 -4.93238e-26        00000 
 4.93581e-25  1.25927e-25        00000 
 3.97125e-25  4.89182e-25        00000 
 2.62481e-25  4.09900e-25        00000 
 4.53490e-25  1.58960e-25        00000 
 1.70903e-25 -1.94600e-25        00000 
 1.04018e-26 -4.89089e-25        00000 
-3.49607e-26 -6.61001e-25        00000 
-2.65926e-25 -9.30260e-25        00000 
-6.90489e-25 -9.94735e-25        00000 
-9.58390e-25 -9.86589e-25        00000 
-1.05942e-24 -4.99788e-25        00000 
-7.79224e-25  9.50869e-25        00000 
-3.19830e-25  9.46303e-25        00000 
 1.50886e-25  9.45597e-25        00000 
 5.19955e-25  8.47558e-25        00000 
 6.06520e-25  8.01855e-25        00000 
 7.81746e-25  8.10868e-25        00000 
 6.11662e-25  1.01395e-24        00000 
 3.10904e-25  8.55156e-25        00000 
 3.83337e-25  2.55293e-25        00000 
 2.47748e-25 -5.51009e-25        00000 
 6.36268e-25 -7.69352e-25        00000 
 9.33939e-25 -1.05363e-24        00000 
 1.14690e-24 -1.12444e-24        00000 
 1.25829e-24 -7.86088e-25        00000 
 9.51666e-25 -5.34102e-25        00000 
 3.11320e-25 -9.34336e-26        00000 
-2.09047e-26  4.45623e-25        00000 
 2.92767e-25  7.53694e-25        00000 
 5.50228e-25  9.44982e-25        00000 
 5.81920e-25  6.63975e-25        00000 
 4.85143e-25  1.90990e-25        00000 
 1.26808e-25 -2.18782e-25        00000 
-1.21285e-25 -5.40552e-25        00000 
-4.26035e-25 -6.67022e-25        00000 
-4.47885e-25 -5.48962e-25        00000 
 2.40304e-26 -5.73524e-25        00000 
 3.69049e-25 -6.87799e-25        00000 
 5.74001e-25 -5.46432e-25        00000 
 1.15561e-25 -6.53570e-26        00000 
-3.22351e-25  1.65508e-26        00000 
-6.05306e-25 -2.59893e-26        00000 
-1.16614e-25  6.94426e-26        00000 
 3.82675e-25 -4.49791e-25        00000 
 2.60260e-25 -8.11295e-25        00000 
-1.51276e-25 -9.60023e-25        00000 
-2.12616e-25 -1.30395e-24        00000 
-6.09824e-25 -1.38904e-24        00000 
-6.15056e-25 -1.33308e-24        00000 
-1.57844e-24 -1.30379e-24        00000 
-1.90586e-24 -7.03500e-25        00000 
-3.04329e-25  5.63029e-26        00000 
 1.34828e-25 -1.01193e-26        00000 
 1.38869e-25  6.44345e-26        00000 
 1.86882e-25  5.85373e-25        00000 
 2.68584e-26  9.19026e-25        00000 
 4.58577e-25  7.31362e-25        00000 
 6.10750e-25  6.54618e-25        00000 
 9.40263e-25  1.05365e-25        00000 
 1.28145e-24 -5.23701e-25        00000 
 1.30441e-24 -8.33750e-25        00000 
 1.26671e-24 -5.86236e-25        00000 
 8.66310e-25 -3.02319e-25        00000 
 7.19974e-25  1.79293e-25        00000 
 8.86214e-26  4.15204e-25        00000 
-5.55081e-25  3.98476e-25        00000 
-5.95231e-25  6.49131e-25        00000 
 1.45762e-25  7.31395e-25        00000 
 9.65471e-25  7.68564e-25        00000 
 1.16216e-24  8.45884e-25        00000 
 9.15830e-25  8.40812e-25        00000 
 3.36261e-25  6.51255e-25        00000 
 1.52594e-25 -4.71566e-26        00000 
-1.19651e-25 -5.06539e-25        00000 
-3.11568e-25 -1.22901e-24        00000 
-2.32179e-25 -1.45129e-24        00000 
-4.77270e-25 -1.29703e-24        00000 
-5.53096e-25 -9.14901e-25        00000 
-4.75508e-25 -5.81544e-25        00000 
-4.63203e-25 -3.17276e-25        00000 
-6.54179e-25 -4.78571e-25        00000 
-6.42894e-25 -6.80239e-25        00000 
 3.33259e-25 -8.54731e-25        00000 
 3.81724e-25 -1.06137e-24        00000 
-3.11876e-25 -9.70864e-25        00000 
-2.09430e-26 -1.04744e-24        00000 
-6.44418e-25 -8.92634e-25        00000 
-9.71002e-25 -8.54386e-25        00000 
-1.07744e-24 -1.00144e-24        00000 
-1.67150e-24 -6.75169e-25        00000 
 2.92397e-25 -2.26739e-26        00000 
-1.21739e-25 -2.05540e-25        00000 
-4.86110e-25  3.09055e-25        00000 
-2.58974e-25  4.85727e-25        00000 
 5.75205e-26  6.87425e-25        00000 
 3.01373e-25  2.32685e-25        00000 
 9.53577e-25  1.75675e-26        00000 
 1.23905e-24 -1.68805e-25        00000 
 1.17998e-24 -8.46246e-26        00000 
 6.11650e-25  2.69060e-25        00000 
 3.51370e-25  6.25213e-25        00000 
-2.60674e-26  6.84248e-25        00000 
-2.38447e-25  9.16477e-25        00000 
-3.62224e-25  8.91384e-25        00000 
-5.06703e-25  2.71571e-25        00000 
-1.61709e-25  2.26313e-25        00000 
 4.47390e-25  5.27215e-25        00000 
 7.89881e-25  9.94358e-25        00000 
 1.01127e-24  1.33552e-24        00000 
 1.14778e-24  1.32879e-24        00000 
 1.02501e-24  7.01603e-25        00000 
 8.94742e-25 -5.27063e-26        00000 
 5.23941e-25 -6.78786e-25        00000 
-4.61989e-25 -1.25362e-24        00000 
-9.69387e-25 -1.17324e-24        00000 
-8.89618e-25 -1.05532e-24        00000 
-9.89394e-25 -9.95489e-25        00000 
-4.13649e-25 -4.92598e-25        00000 
-3.74862e-25 -5.40150e-25        00000 
-3.25454e-25 -7.30778e-25        00000 
 3.61377e-25 -1.23196e-24        00000 
 3.88717e-25 -1.02499e-24        00000 
 5.13952e-25 -1.06671e-24        00000 
 3.74187e-25 -1.04194e-24        00000 
-2.19398e-25 -1.19119e-24        00000 
-2.30490e-25 -6.50483e-25        00000 
-1.43066e-24 -3.67030e-25        00000 
-1.26214e-24 -4.31743e-25        00000 
-6.29759e-25  7.69972e-26        00000 
-8.20646e-25 -8.91691e-26        00000 
-7.02461e-25  5.41952e-26        00000 
 9.83290e-26  5.10111e-25        00000 
 5.22354e-25  2.02284e-25        00000 
 6.18297e-25 -1.87923e-25        00000 
 9.38796e-25 -1.32072e-25        00000 
 5.96386e-25  3.62889e-27        00000 
 4.83090e-25  6.16356e-25        00000 
 1.14329e-25  3.55864e-25        00000 
-2.43326e-25  4.51845e-25        00000 
-2.60742e-25  5.82013e-25        00000 
-4.90956e-25  6.35825e-25        00000 
-4.71421e-25  2.86646e-25        00000 
-7.70622e-25 -1.58070e-25        00000 
-5.84675e-25  6.15021e-26        00000 
 1.74118e-26  7.35487e-25        00000 
 7.90638e-25  9.87835e-25        00000 
 1.32694e-24  1.12105e-24        00000 
 1.81324e-24  7.88974e-25        00000 
 1.68506e-24  9.76436e-25        00000 
 1.34108e-24  4.37568e-25        00000 
 2.37534e-25 -1.74128e-26        00000 
-2.88433e-25 -9.55925e-25        00000 
-2.25342e-26 -7.81018e-25        00000 
-2.99358e-25 -8.56839e-25        00000 
-3.30287e-25 -7.51591e-25        00000 
 9.24992e-26 -7.11260e-25        00000 
 8.85012e-25 -7.07382e-25        00000 
 1.28232e-24 -6.31860e-25        00000 
 1.04199e-24 -1.14945e-24        00000 
 1.41828e-24 -1.23204e-24        00000 
 9.58583e-25 -9.49204e-25        00000 
-8.70543e-26 -1.21654e-24        00000 
 7.57741e-25 -9.72959e-25        00000 
 7.57039e-25 -5.37471e-25        00000 
 6.88380e-25 -2.77288e-25        00000 
 6.42093e-25 -8.98349e-25        00000 
-9.87461e-25 -2.37688e-25        00000 
-8.13784e-25 -1.36802e-25        00000 
-5.53843e-25  6.06932e-25        00000 
 4.98784e-25  4.12556e-25        00000 
 9.53718e-25  2.85959e-25        00000 
 9.84027e-25  5.44518e-25        00000 
 1.00533e-24  6.11220e-25        00000 
 5.91200e-25  8.05715e-25        00000 
 3.54618e-25  5.94527e-25        00000 
-5.37947e-26  2.81302e-25        00000 
-4.07579e-25  5.23907e-25        00000 
-6.38508e-25  4.61803e-25        00000 
-8.55348e-25  2.70564e-25        00000 
-1.00484e-24  1.17667e-25        00000 
-1.06441e-24  1.93406e-25        00000 
-5.93525e-25  1.02042e-25        00000 
 1.87507e-25  6.07884e-25        00000 
 8.94968e-25  5.22976e-25        00000 
 1.50841e-24  1.20502e-24        00000 
 1.46047e-24  1.36795e-24        00000 
 1.22274e-24  8.26888e-25        00000 
 1.20520e-24  5.29615e-25        00000 
 7.04144e-25  4.48017e-26        00000 
 3.93280e-25 -4.34505e-25        00000 
-7.50209e-26 -4.74820e-25        00000 
-4.49881e-25 -7.23729e-25        00000 
 7.87284e-25 -5.17432e-25        00000 
 1.04025e-24 -7.75246e-25        00000 
 1.51395e-24 -8.74555e-25        00000 
 2.09057e-24 -9.21867e-25        00000 
 1.57048e-24 -7.12422e-25        00000 
 1.46753e-24 -4.07769e-25        00000 
 1.60748e-24 -1.14480e-24        00000 
 1.43631e-24 -8.74187e-25        00000 
 6.99146e-25 -8.38577e-25        00000 
 6.21025e-25 -8.32212e-25        00000 
 1.37138e-25 -5.24769e-25        00000 
-5.08745e-25 -1.42045e-25        00000 
-9.09604e-25  3.85007e-25        00000 
-8.15621e-25  2.42509e-25        00000 
 1.74708e-25  9.92877e-26        00000 
 4.52635e-25  6.61288e-25        00000 
 8.41703e-25  1.21693e-24        00000 
 1.26291e-24  1.17449e-24        00000 
 9.39576e-25  9.48704e-25        00000 
 2.81419e-25  1.02074e-24        00000 
-5.69218e-26  7.20191e-25        00000 
-6.47788e-25  1.07569e-24        00000 
-8.44743e-25  8.11803e-25        00000 
-8.06129e-25  6.76683e-25        00000 
-8.58180e-25  1.80813e-25        00000 
-7.40559e-25 -1.22352e-25        00000 
-7.45660e-25 -1.85900e-26        00000 
 3.60712e-26 -1.03364e-25        00000 
 6.37485e-25  5.58062e-25        00000 
 6.23529e-25  7.26452e-25        00000 
 8.75087e-25  8.36288e-25        00000 
 1.08935e-24  9.77134e-25        00000 
 1.54112e-24  8.74126e-25        00000 
 1.03250e-24  5.69628e-25        00000 
 6.26676e-25 -7.10942e-26        00000 
 1.15649e-27 -2.74246e-25        00000 
 3.05192e-25 -1.37652e-24        00000 
 3.05004e-25 -1.54964e-24        00000 
 1.16554e-24 -1.64039e-24        00000 
 1.13411e-24 -1.30581e-24        00000 
 1.60833e-24 -1.19997e-24        00000 
 2.04606e-24 -6.08835e-25        00000 
 2.16290e-24 -1.08679e-24        00000 
 2.01238e-24 -1.24790e-24        00000 
 1.15268e-24 -2.37144e-25        00000 
 1.39431e-24 -1.05547e-24        00000 
-4.68493e-25 -8.62859e-25        00000 
 1.04438e-25 -5.09503e-25        00000 
-4.30841e-25  1.11198e-24        00000 
-3.79519e-26  9.42777e-25        00000 
-1.60591e-25  3.47512e-26        00000 
 7.31112e-25  1.25736e-24        00000 
 1.38706e-24  7.66743e-25        00000 
 1.12156e-24  1.13185e-24        00000 
 6.34744e-25  1.86220e-24        00000 
-1.74741e-25  1.23150e-24        00000 
-4.29914e-25  1.23506e-24        00000 
-6.52867e-25  7.75554e-25        00000 
-7.50126e-25  4.19097e-25        00000 
-5.45707e-25  3.43632e-25        00000 
-5.27660e-25  4.80048e-25        00000 
-2.18867e-25 -5.37792e-26        00000 
 3.00384e-26  1.85790e-25        00000 
 3.38543e-25  2.74094e-26        00000 
 6.33495e-25  1.68943e-25        00000 
 1.01582e-24  6.08280e-25        00000 
 8.28197e-25  3.99026e-25        00000 
 1.16719e-24  1.38179e-24        00000 
 9.99608e-25  9.32395e-25        00000 
 1.18683e-24  5.93187e-25        00000 
 4.11552e-25  4.12607e-25        00000 
 3.94983e-25  4.56924e-26        00000 
 4.50242e-25 -1.22541e-24        00000 
 4.00922e-25 -1.30685e-24        00000 
 2.81996e-25 -1.92192e-24        00000 
 5.89308e-25 -1.00639e-24        00000 
 7.14719e-25 -1.88020e-24        00000 
 1.21911e-24 -1.30485e-24        00000 
 1.29059e-24 -1.39451e-24        00000 
 1.81927e-24 -1.06301e-24        00000 
 1.61971e-24 -1.28206e-24        00000 
 2.14041e-24 -9.39181e-25        00000 
 8.08194e-25 -1.01818e-24        00000 
 8.42040e-25 -6.43561e-25        00000 
 3.53762e-25  9.36403e-25        00000 
 6.26684e-25  1.21139e-24        00000 
 1.13273e-24  1.06026e-24        00000 
 1.28720e-24  5.84609e-25        00000 
 5.03751e-25  1.25336e-24        00000 
 5.63907e-25  9.60561e-25        00000 
 2.57720e-25  1.38515e-24        00000 
-6.24860e-26  8.68476e-25        00000 
-8.31436e-26  9.26465e-25        00000 
-1.19848e-25  3.43189e-25        00000 
-4.10077e-25  4.74773e-25        00000 
 3.44115e-26 -4.85410e-25        00000 
 1.62042e-26 -7.63913e-25        00000 
 2.97825e-25  1.53279e-25        00000 
 8.59503e-25  7.67387e-25        00000 
 1.41751e-24  2.32105e-25        00000 
 1.21735e-24  7.68910e-25        00000 
 1.68866e-24  6.57125e-25        00000 
 1.45082e-24  8.58725e-25        00000 
 1.66264e-24  8.21094e-25        00000 
 1.11117e-24  4.41747e-25        00000 
 7.93292e-25 -4.93698e-25        00000 
 4.33841e-25 -1.72468e-24        00000 
 4.65476e-25 -1.06287e-24        00000 
-6.96060e-26 -1.36176e-24        00000 
-3.87766e-25 -1.69669e-24        00000 
-8.16725e-26 -2.09416e-24        00000 
 3.51188e-26 -2.65363e-24        00000 
 1.29962e-24 -2.46607e-24        00000 
 1.63075e-24 -3.01653e-24        00000 
 8.07708e-25 -1.74539e-24        00000 
 2.17742e-24 -1.92233e-24        00000 
 1.32604e-24 -1.64142e-24        00000 
 4.69821e-25 -1.53340e-24        00000 
 1.04641e-24 -1.31025e-24        00000 
-1.11946e-25 -1.14559e-24        00000 
 1.18317e-24  1.98559e-25        00000 
 1.20384e-24 -7.40899e-26        00000 
 8.77520e-25  4.40518e-25        00000 
 1.19426e-24  4.46438e-25        00000 
 9.61890e-25  7.48109e-25        00000 
 8.40523e-25  5.47086e-25        00000 
 6.67112e-25  6.67032e-25        00000 
 6.86382e-25  3.49926e-25        00000 
 3.02706e-25  2.44042e-25        00000 
 3.72669e-25 -1.37966e-25        00000 
 2.00130e-26 -3.43826e-25        00000 
 3.45416e-25  4.02425e-26        00000 
 8.19614e-25  2.39181e-25        00000 
 1.37133e-24 -6.48808e-25        00000 
 1.74956e-24  1.74977e-26        00000 
 1.48803e-24  6.32574e-25        00000 
 1.34296e-24  7.89839e-25        00000 
 1.71395e-24  6.85438e-25        00000 
 1.54588e-24  6.08679e-25        00000 
 1.28275e-24  2.30454e-25        00000 
 9.81436e-25 -8.04164e-25        00000 
 6.99828e-25 -1.59720e-24        00000 
 2.61956e-25 -1.27245e-24        00000 
-1.39608e-25 -2.16099e-24        00000 
 5.80440e-25 -1.87882e-24        00000 
-1.29378e-25 -2.16911e-24        00000 
 4.73141e-25 -3.58323e-24        00000 
 1.24365e-24 -2.97122e-24        00000 
 1.20136e-24 -3.35855e-24        00000 
 1.53209e-24 -2.92048e-24        00000 
 1.73108e-24 -2.55249e-24        00000 
 1.18786e-24 -2.14694e-24        00000 
 5.49838e-25 -1.76276e-24        00000 
-9.80996e-25 -1.53354e-24        00000 
-9.60973e-25 -1.87623e-24        00000 
 1.53040e-24  6.86313e-25        00000 
 1.07977e-24 -1.13601e-25        00000 
 9.39560e-25  2.95756e-25        00000 
 1.14628e-24  1.40093e-25        00000 
 9.34351e-25  1.19677e-24        00000 
 8.68972e-25  1.14701e-24        00000 
 8.19247e-25  1.21306e-24        00000 
 6.64325e-25  8.24407e-25        00000 
 1.09011e-24  9.71182e-25        00000 
 1.13196e-24  8.91137e-25        00000 
 1.26170e-24 -2.04557e-25        00000 
 1.34472e-24 -8.68799e-25        00000 
 1.73887e-24 -5.86344e-25        00000 
 2.19194e-24 -6.52773e-25        00000 
 1.76980e-24  8.92399e-25        00000 
 1.60249e-24  8.65181e-25        00000 
 1.50073e-24  4.17395e-25        00000 
 1.43854e-24 -4.96025e-26        00000 
 1.40656e-24 -1.55054e-25        00000 
 1.73683e-24 -4.35803e-25        00000 
 1.91515e-24 -5.30196e-25        00000 
 1.29991e-24 -5.37508e-25        00000 
 7.75688e-25 -1.41616e-24        00000 
 4.97265e-25 -1.01829e-24        00000 
 3.59489e-25 -1.82436e-24        00000 
 1.70143e-24 -1.76745e-24        00000 
 1.55666e-24 -2.67442e-24        00000 
 1.43691e-24 -3.14245e-24        00000 
 1.23247e-24 -1.76287e-24        00000 
 1.40838e-24 -2.31888e-24        00000 
 2.48631e-24 -2.62386e-24        00000 
 1.99460e-24 -1.25352e-24        00000 
 1.57941e-24 -2.34175e-24        00000 
 6.91775e-25 -2.11701e-24        00000 
 5.88602e-25  4.83508e-25        00000 
 4.18628e-25 -4.32826e-26        00000 
 8.12282e-25  5.18581e-25        00000 
 9.34213e-25  3.08878e-25        00000 
 1.08121e-24  1.23039e-24        00000 
 1.13057e-24  6.35601e-25        00000 
 1.11059e-24  8.46072e-25        00000 
 1.62405e-24  1.17012e-24        00000 
 2.42155e-24  3.19548e-25        00000 
 2.46833e-24  1.75187e-25        00000 
 2.14263e-24  2.33330e-25        00000 
 1.53069e-24 -1.58031e-25        00000 
 1.36070e-24  9.09399e-25        00000 
 1.63953e-24  8.67994e-25        00000 
 1.48070e-24  1.86964e-25        00000 
 1.48900e-24  2.95270e-26        00000 
 1.43999e-24 -2.62725e-25        00000 
 1.97228e-24 -9.54041e-25        00000 
 2.64710e-24 -7.97180e-25        00000 
 1.73873e-24 -1.64889e-24        00000 
 1.51975e-24 -1.29086e-24        00000 
 1.05220e-24 -1.85504e-24        00000 
 1.35815e-24 -2.06102e-24        00000 
 7.80922e-25 -3.00220e-24        00000 
 1.25313e-24 -1.96064e-24        00000 
 1.82977e-24 -2.09179e-24        00000 
 1.92365e-24 -2.46330e-24        00000 
 2.57668e-24 -1.51749e-24        00000 
 2.11061e-24 -9.76161e-25        00000 
 2.12437e-24 -2.38791e-24        00000 
 1.84965e-24 -1.45532e-24        00000 
 2.82609e-24 -1.29799e-24        00000 
 1.63778e-24 -2.87088e-24        00000 
 1.25663e-25  4.46991e-25        00000 
-2.56554e-25 -5.53298e-25        00000 
-5.50490e-25 -3.32398e-25        00000 
 5.57577e-25  2.36407e-25        00000 
 1.08177e-24  7.54818e-25        00000 
 1.41119e-24  1.14893e-25        00000 
 1.51955e-24  6.76285e-25        00000 
 2.02017e-24 -1.13747e-25        00000 
 1.56049e-24 -6.05664e-25        00000 
 2.25124e-24 -7.67856e-25        00000 
 1.88598e-24 -9.07471e-25        00000 
 1.39024e-24  1.43815e-25        00000 
 2.02389e-24 -3.47163e-25        00000 
 1.85346e-24 -4.49489e-25        00000 
 1.18259e-24  2.19035e-25        00000 
 1.18767e-24 -6.69264e-25        00000 
 2.04929e-24 -1.72066e-24        00000 
 2.45453e-24 -2.07708e-24        00000 
 2.74211e-24 -2.53341e-24        00000 
 2.33918e-24 -3.05749e-24        00000 
 1.34072e-24 -3.04208e-24        00000 
 1.85458e-24 -2.10203e-24        00000 
 1.23357e-24 -3.01327e-24        00000 
 1.35260e-24 -2.14621e-24        00000 
 1.25852e-24 -3.01759e-24        00000 
 5.55878e-25 -1.73512e-24        00000 
 2.57869e-24 -1.00012e-24        00000 
 2.65451e-24 -1.49475e-24        00000 
 4.39683e-24 -7.65940e-25        00000 
 3.47434e-24 -2.25040e-24        00000 
 1.95694e-24 -2.92433e-24        00000 
 2.72299e-24 -1.93861e-24        00000 
 2.93080e-24 -2.64030e-24        00000 
 2.49928e-24 -3.07888e-24        00000 
-7.31115e-25 -5.40452e-25        00000 
-9.21294e-26 -1.09805e-24        00000 
 2.99381e-25 -1.23729e-24        00000 
 5.17422e-25 -1.37844e-24        00000 
 4.35454e-25 -4.65031e-25        00000 
 1.31328e-24  6.51796e-26        00000 
 1.32933e-24  9.15237e-25        00000 
 1.84121e-24 -4.75924e-25        00000 
 1.67791e-24 -1.53092e-24        00000 
 2.21042e-24 -8.85976e-25        00000 
 1.68756e-24 -1.18443e-24        00000 
 1.29947e-24 -5.56680e-25        00000 
 1.56750e-24 -6.64643e-25        00000 
 1.09687e-24 -7.50582e-25        00000 
 1.72674e-24 -1.25271e-24        00000 
 9.41710e-25 -1.22615e-24        00000 
 2.08562e-24 -2.63344e-24        00000 
 1.60444e-24 -3.14297e-24        00000 
 1.33169e-24 -2.36787e-24        00000 
 1.12786e-24 -2.83481e-24        00000 
 1.32412e-24 -2.05076e-24        00000 
 1.67832e-24 -2.43689e-24        00000 
 2.02045e-25 -2.63282e-24        00000 
 1.13375e-24 -3.25766e-24        00000 
 1.07335e-24 -1.85185e-24        00000 
 1.88175e-24 -1.98737e-24        00000 
 3.22977e-24 -8.10033e-25        00000 
 4.86285e-24 -1.26880e-24        00000 
 3.66786e-24 -7.51138e-25        00000 
 3.11171e-24 -1.12486e-24        00000 
 2.46433e-24 -1.81112e-24        00000 
 4.15822e-24 -2.36330e-24        00000 
 2.40537e-24 -2.92542e-24        00000 
 4.54392e-25 -1.17230e-24        00000 
 5.51799e-25 -1.12370e-24        00000 
 1.97213e-26 -1.36358e-24        00000 
-4.18132e-25  1.86905e-25        00000 
 1.85352e-25  3.34659e-25        00000 
 5.42673e-25  4.08202e-25        00000 
 1.13810e-24 -1.98237e-25        00000 
 1.19407e-24 -1.30737e-24        00000 
 1.31548e-24 -1.75435e-24        00000 
 1.28545e-24 -8.26575e-25        00000 
 1.40700e-24 -6.80387e-25        00000 
 1.43292e-24 -1.15518e-24        00000 
 1.49180e-24 -1.46759e-24        00000 
 1.04537e-24 -2.46458e-24        00000 
 2.00238e-24 -2.10101e-24        00000 
 1.29039e-24 -1.49251e-24        00000 
 7.12007e-25 -2.59028e-24        00000 
 6.53698e-25 -1.12123e-24        00000 
 1.41364e-24 -7.84342e-25        00000 
 2.38886e-25 -2.83736e-24        00000 
-1.36091e-25 -2.60175e-24        00000 
-5.70972e-25 -2.57210e-24        00000 
-2.86822e-25 -3.13237e-24        00000 
 1.89566e-24 -2.75385e-24        00000 
 1.02891e-24 -1.15551e-24        00000 
 2.75321e-24 -2.55016e-24        00000 
 2.45272e-24 -1.67493e-24        00000 
 2.91259e-24 -1.80064e-24        00000 
 3.74697e-24 -4.21201e-25        00000 
 3.37268e-24 -1.52566e-24        00000 
 1.24564e-24 -2.94354e-24        00000 
 2.87818e-24 -2.12552e-24        00000 
 7.13710e-25 -1.20216e-26        00000 
 5.86930e-25 -3.87340e-26        00000 
 4.68152e-25  9.89713e-26        00000 
 8.80898e-26  5.18846e-25        00000 
 4.28116e-25 -2.33867e-25        00000 
 9.79518e-25 -9.71141e-25        00000 
 7.23148e-25 -7.65873e-25        00000 
 1.01434e-24 -1.59381e-24        00000 
 1.11380e-24 -7.31968e-25        00000 
 9.79326e-25 -8.78640e-25        00000 
 1.26497e-24 -1.17274e-24        00000 
 2.13748e-24 -2.05693e-24        00000 
 2.00604e-24 -5.95874e-25        00000 
 9.29869e-25 -1.71414e-24        00000 
 1.50949e-24 -3.21611e-25        00000 
 6.54304e-25 -2.41326e-24        00000 
 1.02352e-24 -3.00202e-25        00000 
 6.15355e-25 -1.55870e-24        00000 
-4.23400e-25 -1.57293e-24        00000 
-1.15535e-25 -1.70688e-24        00000 
-1.29424e-24 -2.33636e-24        00000 
-9.83871e-25 -4.57024e-24        00000 
 2.59849e-25 -2.89061e-24        00000 
 1.66461e-24 -2.45197e-24        00000 
 2.25097e-24 -2.54616e-24        00000 
 4.21986e-24 -3.43662e-24        00000 
 2.89943e-24 -2.61072e-24        00000 
 2.66669e-24 -2.44721e-24        00000 
 3.52713e-24 -2.77052e-24        00000 
 1.32211e-24 -2.46667e-24        00000 
 1.70885e-24 -2.48017e-24        00000 
 9.10170e-25  1.15361e-25        00000 
-2.29902e-26  8.72457e-25        00000 
 7.21469e-25  1.27565e-24        00000 
 1.41976e-24  5.49038e-25        00000 
 1.30236e-24  8.15286e-25        00000 
 7.99072e-25  6.11271e-25        00000 
 8.25969e-25 -4.53817e-25        00000 
 1.21438e-24 -1.08375e-24        00000 
 8.34921e-25  1.54973e-25        00000 
 1.79710e-24 -1.84062e-24        00000 
 2.07307e-24 -5.29743e-25        00000 
 1.39941e-24 -7.81961e-25        00000 
 1.45536e-24 -1.33076e-24        00000 
 1.21201e-24 -2.15996e-24        00000 
 2.03093e-24  1.55068e-25        00000 
 9.86648e-25 -1.19290e-24        00000 
-1.89429e-25 -2.71847e-24        00000 
 1.20968e-24 -1.75123e-24        00000 
 4.41224e-25 -1.39058e-24        00000 
 6.07362e-25 -3.19123e-24        00000 
 9.13200e-25 -6.02150e-24        00000 
 1.31071e-24 -4.53001e-24        00000 
 1.64635e-24 -4.25213e-24        00000 
 1.43081e-24 -3.15596e-24        00000 
 3.21760e-24 -3.01156e-24        00000 
 2.54376e-24 -4.07507e-24        00000 
 2.94771e-24 -1.90074e-24        00000 
 1.68050e-24 -2.36542e-24        00000 
 7.44326e-25 -1.37207e-24        00000 
 1.55310e-24 -1.70535e-24        00000 
-1.89172e-25 -1.66062e-24        00000 
 3.88166e-25  2.70269e-25        00000 
 2.27485e-25  7.94059e-25        00000 
 1.19919e-24  7.46475e-25        00000 
 1.49165e-24  9.50733e-26        00000 
 2.53877e-24  5.79009e-25        00000 
 1.96931e-24 -1.89153e-25        00000 
 1.25114e-24 -1.13202e-24        00000 
 1.36054e-24 -2.27162e-24        00000 
 6.04517e-25 -4.52002e-25        00000 
 1.14802e-24 -2.51995e-24        00000 
 1.83059e-24 -2.50089e-24        00000 
 2.13477e-24 -2.28344e-24        00000 
 2.00935e-24 -5.96511e-25        00000 
 1.78723e-24 -1.35876e-24        00000 
 1.73735e-24 -1.70371e-24        00000 
 9.38528e-25 -1.02829e-24        00000 
 8.91781e-25 -3.68032e-24        00000 
 7.29869e-25 -3.36736e-24        00000 
 9.32042e-25 -4.26517e-24        00000 
 1.27797e-24 -3.44865e-24        00000 
 1.22440e-24 -4.60660e-24        00000 
 1.68350e-24 -3.98978e-24        00000 
 2.32023e-24 -4.07218e-24        00000 
 2.63895e-24 -3.76740e-24        00000 
 2.62099e-24 -3.86667e-24        00000 
 9.52128e-25 -2.69717e-24        00000 
 5.22626e-25 -2.49539e-24        00000 
 8.24356e-25 -1.37258e-24        00000 
 1.85472e-24 -2.77154e-24        00000 
 1.34738e-24 -1.67787e-24        00000 
 1.09048e-24 -1.69215e-24        00000 
 1.36626e-24 -1.10475e-24        00000 
 1.35981e-24  3.83820e-25        00000 
 2.34510e-24 -6.66477e-25        00000 
 2.10653e-24  3.63627e-26        00000 
 2.53188e-24  7.04990e-25        00000 
 1.16865e-24 -6.49910e-25        00000 
 1.11576e-24 -1.23993e-24        00000 
 9.11142e-25 -2.02132e-24        00000 
 2.37820e-24 -1.80986e-24        00000 
 1.27264e-24 -5.46182e-25        00000 
 1.89803e-24 -2.73204e-24        00000 
 1.99184e-24 -1.63670e-24        00000 
 2.38620e-24 -2.38488e-24        00000 
 1.53114e-24 -1.79730e-24        00000 
 1.33155e-24 -3.42410e-24        00000 
 8.02723e-25 -4.66411e-24        00000 
 4.36858e-25 -3.58942e-24        00000 
 1.24724e-24 -4.55545e-24        00000 
 8.35013e-25 -3.64455e-24        00000 
 4.85807e-25 -3.67717e-24        00000 
 2.06657e-24 -2.91759e-24        00000 
 1.62515e-24 -1.98150e-24        00000 
 1.85508e-24 -1.30548e-24        00000 
 1.43987e-24 -2.01898e-24        00000 
-1.21840e-24 -2.69474e-24        00000 
 1.55812e-25 -3.68352e-24        00000 
 2.97548e-25 -2.03494e-24        00000 
 2.22272e-24  1.14124e-25        00000 
 9.17969e-25 -7.61695e-25        00000 
 9.79876e-25 -1.50704e-25        00000 
 9.02271e-25 -1.12524e-24        00000 
 1.15888e-24 -2.24085e-25        00000 
 2.23532e-24 -1.16748e-24        00000 
 2.44413e-24  5.89509e-25        00000 
 2.90444e-24 -6.84964e-25        00000 
 1.80436e-24 -1.30974e-24        00000 
 1.85491e-24 -2.61506e-24        00000 
 1.16305e-24 -3.31821e-24        00000 
 1.89254e-24 -1.09614e-24        00000 
 1.62896e-24 -1.99754e-24        00000 
 2.13389e-24 -2.10057e-24        00000 
 1.85739e-24 -1.99340e-24        00000 
 1.37790e-24 -8.74839e-25        00000 
 1.45678e-24 -2.53521e-24        00000 
 7.77251e-25 -2.81573e-24        00000 
 9.52734e-25 -2.80028e-24        00000 
 3.00801e-25 -3.62975e-24        00000 
 3.79047e-25 -4.64355e-24        00000 
 2.16142e-24 -4.63138e-24        00000 
 1.67147e-24 -2.70356e-24        00000 
 1.32168e-24 -3.18571e-24        00000 
 1.60895e-24  1.54697e-25        00000 
 1.43125e-24 -6.08652e-25        00000 
 1.71522e-24  1.33982e-24        00000 
-1.10807e-24 -1.06181e-24        00000 
 7.79626e-25 -3.31072e-24        00000 
 2.32338e-24 -2.27190e-24        00000 
 6.16768e-25 -1.83205e-24        00000 
 1.90967e-24 -1.04036e-24        00000 
 1.98613e-24 -9.63243e-25        00000 
 2.10195e-24 -2.75848e-24        00000 
 2.72224e-24 -1.19544e-24        00000 
 2.18908e-24 -7.37437e-25        00000 
 3.06417e-24 -2.70351e-24        00000 
 1.29356e-24 -2.75008e-24        00000 
 1.22687e-24 -2.94609e-24        00000 
 1.31080e-24 -3.99098e-24        00000 
 7.78082e-25 -2.75491e-24        00000 
 1.46766e-24 -2.55901e-24        00000 
 7.18466e-25 -2.47256e-24        00000 
 1.72206e-24 -2.37154e-24        00000 
 1.49134e-24 -2.90056e-24        00000 
 2.30020e-24 -2.05162e-24        00000 
 1.08468e-24  1.33545e-25        00000 
 1.09779e-24  2.02216e-24        00000 
 1.49469e-24 -1.21551e-24        00000 
 2.04892e-24 -2.37177e-24        00000 
 2.59815e-24 -3.25138e-24        00000 
 1.49977e-24 -5.19300e-24        00000 
 1.40939e-24 -1.57418e-24        00000 
 1.63788e-24 -3.70300e-25        00000 
 1.49502e-24 -1.42137e-24        00000 
 1.00596e-24 -2.58649e-24        00000 
 9.37409e-25 -3.14438e-24        00000 
 1.17616e-24 -1.99642e-25        00000 
 1.59285e-24 -1.75342e-24        00000 
 1.96950e-24 -9.10410e-25        00000 
 2.14154e-24 -3.34987e-25        00000 
 1.40987e-24 -2.67696e-24        00000 
 2.09426e-24 -4.33383e-25        00000 
 1.00839e-24 -1.77455e-24        00000 
 1.91371e-24 -2.86585e-24        00000 
 1.16593e-24 -2.67366e-24        00000 
 1.80348e-24 -2.32912e-24        00000 
 1.82638e-24 -1.59215e-24        00000 
 2.29878e-25 -1.33891e-24        00000 
 9.36650e-25 -1.31880e-24        00000 
 3.13941e-25 -2.53427e-24        00000 
 4.27245e-25 -2.47371e-24        00000 
 1.79171e-25 -8.22926e-25        00000 
 1.19315e-24  1.47220e-24        00000 
 1.45759e-24 -3.35319e-25        00000 
 2.68319e-24 -1.29363e-25        00000 
 2.08568e-24 -4.92549e-25        00000 
 1.57552e-24 -1.85714e-24        00000 
 1.48941e-24 -6.41183e-25        00000 
 3.15357e-24 -2.20432e-24        00000 
 1.47519e-24 -3.48054e-24        00000 
 2.19083e-24 -4.50272e-24        00000 
 2.13605e-24 -1.36748e-24        00000 
-5.95360e-27 -1.34512e-24        00000 
-3.94832e-25 -3.52619e-25        00000 
-7.77598e-25 -1.84155e-25        00000 
 2.18958e-24 -3.96643e-25        00000 
 1.60515e-24 -8.29676e-25        00000 
 1.31077e-24 -3.11467e-25        00000 
 1.01380e-24  3.30673e-25        00000 
 1.14989e-24 -3.11716e-24        00000 
 9.73679e-25 -1.84915e-24        00000 
 4.85860e-25 -3.69703e-24        00000 
 1.38787e-24 -1.11026e-24        00000 
 1.58316e-24 -1.87924e-24        00000 
 2.16774e-24 -1.37549e-24        00000 
 7.70638e-25  3.05850e-24        00000 
 1.48780e-24 -2.22447e-25        00000 
 6.52829e-25  7.32600e-25        00000 
 2.82229e-25 -6.26601e-26        00000 
 2.30868e-24 -2.23725e-25        00000 
 2.51713e-24 -2.04769e-24        00000 
 1.97137e-24 -3.59819e-24        00000 
 2.05521e-24 -1.41865e-24        00000 
 3.36417e-24 -3.24953e-24        00000 
 2.14966e-24 -2.31939e-24        00000 
 2.66629e-24 -4.07892e-24        00000 
 2.77230e-24 -2.81734e-24        00000 
 2.26592e-24 -3.46805e-24        00000 
 1.68031e-24 -3.55220e-24        00000 
-1.68616e-25 -4.99146e-24        00000 
-3.29905e-25 -2.54852e-24        00000 
 2.00460e-27 -2.03579e-24        00000 
 1.08477e-24 -1.95008e-24        00000 
 1.03496e-24 -4.58633e-25        00000 
 9.04077e-25 -2.03327e-24        00000 
 8.26143e-25 -1.05094e-24        00000 
 8.59641e-25 -2.62276e-24        00000 
 9.47066e-25 -1.46737e-24        00000 
 5.51834e-25 -2.73288e-24        00000 
 9.16113e-25 -1.79565e-24        00000 
 1.13220e-24 -2.00719e-24        00000 
 1.05928e-24 -1.20473e-24        00000 
 1.46047e-24 -1.19151e-24        00000 
 1.40205e-24  4.66062e-25        00000 
 1.76342e-24 -1.61120e-24        00000 
 2.44930e-24 -1.80183e-24        00000 
 1.78367e-24 -4.14877e-24        00000 
 1.94515e-24 -4.64783e-24        00000 
 2.54880e-24 -3.92774e-24        00000 
 3.37109e-24 -3.13372e-24        00000 
 2.17306e-24 -2.87095e-24        00000 
 2.84933e-24 -3.50075e-24        00000 
 2.89279e-24 -4.64244e-25        00000 
 4.39723e-25 -1.95626e-24        00000 
 7.18786e-25 -1.67572e-24        00000 
 2.32479e-24 -2.55141e-24        00000 
-6.41062e-26 -4.52365e-24        00000 
 6.10649e-25 -9.64204e-25        00000 
 1.68552e-24 -1.87628e-24        00000 
 1.19615e-24 -5.14871e-25        00000 
 1.34892e-24 -4.11972e-25        00000 
 4.64657e-25 -1.02060e-24        00000 
 1.82187e-24  6.60997e-26        00000 
-6.18253e-26 -1.46807e-24        00000 
-3.43088e-25 -1.81451e-24        00000 
 6.64384e-26 -3.16331e-24        00000 
 9.92740e-25 -2.87799e-24        00000 
 1.39683e-24 -9.38222e-25        00000 
 7.11507e-25 -2.97082e-24        00000 
 3.09948e-24 -9.41937e-25        00000 
 3.89207e-24 -1.75368e-24        00000 
 2.20611e-24 -3.26156e-24        00000 
 4.21742e-24 -3.78327e-24        00000 
 2.12744e-24 -3.36646e-24        00000 
 2.61180e-24 -2.59903e-24        00000 
 1.18894e-24 -4.39573e-24        00000 
 1.20420e-24 -2.73402e-24        00000 
 1.72679e-24 -2.10659e-24        00000 
 2.97344e-24 -1.28045e-24        00000 
 4.27983e-24 -3.70240e-24        00000 
 2.92519e-24 -1.93660e-24        00000 
 9.35094e-25 -5.53132e-24        00000 
-1.54591e-24 -3.23720e-24        00000 
 1.67119e-24 -2.40461e-25        00000 
 1.87995e-24 -1.16589e-24        00000 
 1.95008e-24 -2.64570e-24        00000 
 1.62424e-24 -2.64853e-24        00000 
 2.31519e-25 -1.11715e-24        00000 
 1.19108e-24 -1.04847e-24        00000 
 1.67023e-24 -2.93858e-24        00000 
 4.97020e-25 -4.85115e-24        00000 
-1.29350e-25 -2.01639e-24        00000 
 1.27917e-24 -3.80349e-24        00000 
 2.31292e-24 -5.23252e-24        00000 
 1.11802e-24 -6.64932e-24        00000 
 2.15584e-24 -3.55655e-24        00000 
 2.57793e-24 -1.95811e-24        00000 
 2.16953e-24 -3.04764e-24        00000 
 1.73127e-24 -3.11130e-24        00000 
 7.03527e-25 -2.18785e-24        00000 
 8.72704e-25 -1.94288e-24        00000 
 1.13663e-24 -3.20718e-24        00000 
 1.82800e-24 -2.79280e-24        00000 
 2.22190e-24 -4.38974e-24        00000 
 3.44842e-24 -4.70076e-24        00000 
 3.27086e-24 -1.65447e-24        00000 
 6.94474e-25 -5.16971e-24        00000 
-6.03786e-25 -2.01529e-24        00000 
-1.38489e-24 -2.34718e-24        00000 
 1.78651e-24 -2.83109e-24        00000 
 2.03819e-24 -3.51797e-25        00000 
 1.39313e-24 -2.63472e-24        00000 
 1.17925e-24 -3.23352e-24        00000 
 1.90629e-24  8.48911e-25        00000 
 2.05619e-24 -2.62492e-24        00000 
 2.22356e-24 -4.44812e-24        00000 
 2.20581e-24 -5.98119e-24        00000 
 2.80337e-24 -1.00269e-23        00000 
 7.79703e-25 -7.34140e-24        00000 
-3.41091e-25 -5.72551e-24        00000 
-3.49639e-26 -4.41193e-24        00000 
-1.05866e-24 -1.14327e-24        00000 
 1.02084e-24 -2.36996e-24        00000 
 3.71712e-25 -1.67908e-25        00000 
-6.87140e-25 -3.63154e-24        00000 
-6.37932e-25 -5.06522e-24        00000 
 1.19648e-25 -3.60779e-25        00000 
 1.65805e-24 -3.75250e-24        00000 
 2.75967e-24 -4.76687e-24        00000 
 2.41907e-24 -4.31945e-24        00000 
 2.39598e-24 -4.03947e-24        00000 
 2.32893e-24 -1.55123e-24        00000 
 2.33764e-24  4.47068e-25        00000 
 1.39444e-24 -2.46666e-24        00000 
 1.69074e-24 -1.11819e-24        00000 
 2.69382e-24 -1.77504e-24        00000 
 1.40731e-24 -9.32974e-25        00000 
 1.74061e-24 -6.58203e-25        00000 
 4.19650e-24 -4.28233e-24        00000 
 4.54069e-24 -4.24356e-24        00000 
 3.93956e-24 -5.68869e-24        00000 
 1.60735e-24 -4.27537e-24        00000 
-8.99038e-25 -3.47518e-24        00000 
-1.65062e-24 -5.99940e-24        00000 
-1.75896e-24 -3.05786e-24        00000 
-1.80876e-24 -3.48628e-24        00000 
-2.08660e-24 -1.08085e-24        00000 
-1.96324e-24 -1.24220e-24        00000 
-5.46415e-25 -3.91357e-24        00000 
 2.80469e-25 -7.35139e-24        00000 
 1.93234e-24 -3.16909e-24        00000 
 1.11576e-24 -1.09130e-24        00000 
 1.69926e-24 -4.35694e-24        00000 
 3.35613e-25 -4.12467e-24        00000 
 1.10691e-24 -7.92128e-24        00000 
 2.18854e-24 -3.44556e-24        00000 
 7.42646e-25 -1.77715e-24        00000 
 2.59853e-24 -5.30902e-25        00000 
 1.04529e-24 -4.02675e-24        00000 
 9.44772e-25 -2.20268e-24        00000 
 1.98242e-24 -7.81931e-25        00000 
 2.82910e-24 -6.09691e-24        00000 
 3.05105e-24 -5.82643e-24        00000 
 4.42634e-24 -3.96748e-24        00000 
 2.83495e-24  3.48100e-26        00000 
 7.24318e-25  1.08425e-24        00000 
-1.37634e-24 -4.32591e-24        00000 
-2.10678e-24 -2.46015e-24        00000 
-2.25675e-24 -4.44789e-24        00000 
-1.20290e-24 -2.90963e-25        00000 
-1.26338e-24 -2.43175e-24        00000 
 2.67858e-25 -5.61357e-24        00000 
-3.24731e-25 -3.12447e-24        00000 
 2.04652e-25 -4.04550e-24        00000 
 7.69849e-25 -3.26390e-24        00000 
 1.86651e-24 -4.01885e-24        00000 
 1.85112e-24 -3.44074e-24        00000 
-5.36928e-25 -4.00172e-24        00000 
 5.72068e-25 -2.19864e-24        00000 
 1.30169e-24  9.46984e-25        00000 
 3.74748e-24 -3.86719e-25        00000 
 9.29086e-25 -3.07243e-24        00000 
 2.29160e-24 -4.36401e-24        00000 
 2.13240e-24 -3.62578e-24        00000 
 2.40790e-24 -5.57383e-24        00000 
 8.41081e-25 -3.36778e-24        00000 
 1.40771e-24 -8.12018e-25        00000 
 1.94313e-24  9.35657e-25        00000 
 1.37351e-24  8.43672e-25        00000 
 7.33502e-25 -1.90585e-25        00000 
-2.86101e-24 -8.03644e-25        00000 
-7.30049e-25 -2.10744e-24        00000 
-3.09971e-25 -2.92597e-24        00000 
-7.30898e-25 -2.15815e-24        00000 
-1.73329e-24 -2.73842e-24        00000 
 4.44678e-25 -4.79945e-24        00000 
-2.98847e-25 -1.61432e-24        00000 
 2.57909e-24 -3.90691e-24        00000 
 2.91680e-25 -2.08996e-24        00000 
 6.09186e-25 -2.23233e-24        00000 
-1.55200e-24 -2.35842e-24        00000 
 5.37206e-25 -5.21696e-24        00000 
-3.10886e-25 -5.30535e-24        00000 
 1.81409e-24 -3.45524e-24        00000 
 6.71985e-25 -6.22878e-24        00000 
 1.79905e-25 -1.98421e-24        00000 
 2.83828e-25 -9.66598e-25        00000 
-3.69897e-26 -2.06529e-24        00000 
-5.35828e-26 -2.48672e-24        00000 
 9.41699e-26  4.50024e-26        00000 
 1.56610e-24 -1.62368e-24        00000 
 4.56878e-25 -7.43503e-25        00000 
-7.72007e-25  6.15735e-25        00000 
-4.28031e-25 -1.32330e-24        00000 
-1.14681e-24 -5.56081e-24        00000 
-3.69847e-25 -8.93668e-25        00000 
-1.07836e-24 -2.61708e-24        00000 
-1.60066e-24 -3.47681e-24        00000 
 6.30245e-25 -3.67333e-24        00000 
-1.89433e-25 -3.98238e-24        00000 
 8.96878e-26 -2.98040e-24        00000 
 1.29232e-24 -2.69247e-24        00000 
-3.74334e-25 -7.74546e-24        00000 
 1.19708e-24 -7.22156e-24        00000 
 1.84097e-24 -5.71088e-24        00000 
-1.27574e-24 -1.97137e-24        00000 
 1.47002e-24 -2.03071e-24        00000 
 6.95826e-25 -5.05546e-24        00000 
 7.35407e-25 -3.79930e-24        00000 
 1.03343e-24 -3.47415e-24        00000 
 1.10878e-24 -2.11037e-24        00000 
 8.60629e-25 -1.09758e-24        00000 
-9.36336e-25 -4.58875e-24        00000 
 3.15200e-25 -4.08753e-24        00000 
-8.90987e-25 -3.44360e-24        00000 
-1.40745e-24 -3.37670e-24        00000 
-8.09672e-25 -6.28186e-24        00000 
-4.43694e-25 -1.71271e-24        00000 
-1.08644e-24 -4.02765e-24        00000 
-3.84197e-25 -4.86346e-24        00000 
-8.01455e-25 -2.80823e-24        00000 
 2.88364e-25 -6.31400e-24        00000 
-5.64150e-25 -4.24285e-24        00000 
 2.26247e-24 -4.22165e-24        00000 
 2.47075e-24 -5.18413e-24        00000 
 7.69871e-25 -7.21676e-24        00000 
 3.60533e-26 -3.12567e-24        00000 
 8.67146e-25 -6.18429e-24        00000 
 2.42158e-24 -3.58188e-24        00000 
 5.06780e-25 -6.29455e-24        00000 
 2.07213e-24 -2.91508e-24        00000 
 4.25575e-25  1.68184e-24        00000 
 1.16185e-24  3.06486e-24        00000 
-7.63480e-25  1.30604e-24        00000 
 3.02497e-25 -4.17214e-24        00000 
 5.55414e-25 -3.61214e-24        00000 
 1.92359e-24 -4.07118e-24        00000 
 2.26956e-24 -1.82736e-24        00000 
-6.28125e-25 -2.42284e-24        00000 
-5.29026e-25 -4.14250e-24        00000 
-1.16632e-24 -3.36164e-24        00000 
 4.12087e-25 -4.32328e-24        00000 
-1.48966e-24 -2.03160e-24        00000 
-4.82052e-25 -5.88103e-24        00000 
-1.19336e-24 -2.70203e-24        00000 
 5.14679e-25 -1.79380e-24        00000 
 7.57483e-25 -4.77916e-24        00000 
-1.38840e-24 -2.69113e-24        00000 
-6.90800e-25 -2.60976e-24        00000 
 1.63846e-24 -4.43936e-24        00000 
-1.58189e-24 -1.17169e-24        00000 
-8.82542e-25 -1.38520e-24        00000 
-2.59147e-24  1.87822e-24        00000 
 4.82285e-25  1.60790e-24        00000 
-6.02387e-25 -1.02105e-24        00000 
-3.28247e-25 -4.37975e-24        00000 
 9.00553e-25 -6.69737e-24        00000 
 2.74567e-25 -1.38428e-24        00000 
-1.62561e-25 -3.19581e-24        00000 
-2.21310e-25 -2.10447e-24        00000 
-1.11093e-24  2.03942e-24        00000 
-1.72259e-24 -3.00733e-24        00000 
 4.37109e-26 -3.88090e-24        00000 
-2.21588e-24 -2.47451e-24        00000 
-1.51065e-24 -1.04322e-24        00000 
-4.32381e-25  9.96879e-25        00000 
-1.31549e-24  5.59238e-25        00000 
-2.35209e-24 -6.42215e-25        00000 
-3.71840e-24 -1.97966e-25        00000 
-2.12859e-24 -1.87551e-25        00000 
 6.99076e-25 -8.63403e-25        00000 
-2.37076e-24 -7.07557e-25        00000 
-1.53291e-24  3.42859e-25        00000 
-8.74962e-25 -2.34210e-24        00000 
-6.50403e-25 -4.14264e-24        00000 
 1.62963e-24 -5.29239e-24        00000 
-1.17961e-24 -2.41732e-24        00000 
 5.44817e-25 -4.46275e-24        00000 
-2.09163e-25 -3.17177e-24        00000 
-2.61668e-24 -4.78899e-25        00000 
-1.43713e-24 -1.70349e-24        00000 
-5.64826e-25  2.13577e-24        00000 
-3.17055e-24  1.05248e-24        00000 
-3.53475e-24  1.89161e-24        00000 
-3.66412e-24  2.45370e-24        00000 
-1.92717e-24  7.12121e-25        00000 
-1.48972e-24  1.70775e-24        00000 
-2.13126e-24  4.40107e-24        00000 
-4.45458e-24 -1.12940e-24        00000 
-3.23709e-24  2.07903e-24        00000 
 5.75611e-25 -2.39560e-24        00000 
-1.33270e-25 -2.90249e-25        00000 
-9.06748e-25  6.48807e-25        00000 
 8.04252e-25 -4.17971e-24        00000 
-1.32977e-24  4.14416e-25        00000 
-2.60657e-25 -1.43347e-24        00000 
 5.67797e-25  8.90888e-25        00000 
-2.42756e-24  7.97879e-25        00000 
-4.07018e-24  3.22461e-24        00000 
-1.84708e-24  1.98386e-24        00000 
-2.51780e-24  5.31389e-24        00000 
-2.18473e-24  4.87229e-24        00000 
-3.35933e-24  3.66785e-24        00000 
-1.61308e-24  2.60873e-24        00000 
-1.78866e-24  7.64165e-25        00000 
-3.35121e-24  1.49419e-24        00000 
-1.49170e-24  2.27927e-24        00000 
-2.18679e-24  1.76376e-24        00000 
-2.03102e-24  3.22829e-24        00000 
-9.53945e-25  3.37860e-24        00000 
 1.88714e-24 -3.31902e-25        00000 
 2.77980e-25  5.58380e-24        00000 
-1.21175e-25  2.57432e-24        00000 
 9.47331e-25  2.03182e-24        00000 
-2.29830e-24  3.20617e-24        00000 
-2.41872e-24  6.89158e-25        00000 
-2.65817e-24  1.77113e-24        00000 
-3.26125e-24  5.11761e-25        00000 
-2.22923e-24  3.08006e-24        00000 
-2.50391e-25  4.85625e-24        00000 
-5.49854e-25  2.42173e-24        00000 
-1.30907e-24  2.04701e-24        00000 
-6.73542e-25  2.24749e-24        00000 
-1.18084e-24  2.71163e-24        00000 
-1.16882e-24 -9.94699e-26        00000 
-3.90297e-24 -1.10532e-24        00000 
-2.41531e-25  1.84952e-24        00000 
 1.87105e-24 -1.76160e-24        00000 
 1.01102e-24  3.73101e-24        00000 
 1.69444e-24  2.75785e-24        00000 
-7.92648e-25 -6.02777e-25        00000 
-5.50102e-26  5.20323e-24        00000 
-2.04723e-25  2.96219e-24        00000 
-1.52144e-24  1.07946e-25        00000 
-2.04862e-24  7.98702e-26        00000 
-9.56410e-25 -3.48643e-25        00000 
-1.59598e-24  1.20296e-24        00000 
-1.56693e-24  1.22832e-24        00000 
-9.76444e-25  2.32449e-24        00000 
-3.01064e-25  5.00721e-24        00000 
 3.62183e-25  2.93333e-24        00000 
-1.71897e-24  1.70284e-24        00000 
-3.03416e-24 -1.08789e-25        00000 
-1.06744e-24  1.61167e-24        00000 
-3.81192e-24 -1.85111e-24        00000 
 2.71573e-24  2.42520e-24        00000 
 1.90257e-24  5.90212e-24        00000 
-6.18404e-25  5.94585e-24        00000 
-1.00810e-24  2.06423e-24        00000 
 2.61156e-25  3.52266e-24        00000 
-1.34745e-24  2.56188e-24        00000 
 3.46679e-25 -5.08533e-25        00000 
-4.42168e-25 -2.27586e-25        00000 
-1.26988e-24 -2.11082e-24        00000 
-2.18218e-25 -1.23097e-24        00000 
-2.70648e-24  1.54511e-24        00000 
-4.37301e-25  1.78535e-24        00000 
 6.72877e-25  1.30153e-24        00000 
 3.22501e-25 -1.29444e-25        00000 
-7.33334e-25  8.69092e-25        00000 
-1.12455e-24  2.66724e-24        00000 
-1.47811e-24  8.62556e-25        00000 
-1.51098e-24 -1.59178e-24        00000 
 2.88818e-25  5.85637e-24        00000 
-1.99234e-25  2.59946e-24        00000 
-6.69574e-25  5.95750e-24        00000 
-1.95470e-24  5.51715e-24        00000 
-8.30063e-25  3.64244e-24        00000 
-1.00076e-24  3.27112e-24        00000 
 2.86754e-25  5.27021e-24        00000 
 1.22812e-24  3.81336e-24        00000 
-4.46622e-25  3.26403e-24        00000 
-8.17847e-25  1.71370e-24        00000 
 1.39801e-24  1.91821e-24        00000 
-7.09874e-25  4.86616e-25        00000 
 2.48679e-24  2.64517e-24        00000 
 1.25513e-24  3.93079e-25        00000 
-7.04720e-25  9.62713e-25        00000 
-3.18764e-24  1.86045e-25        00000 
-1.84643e-24  2.14973e-24        00000 
-1.60128e-24  6.98239e-24        00000 
-1.63897e-24  6.90889e-24        00000 
-7.41038e-25  5.10952e-24        00000 
-6.65123e-25  4.76264e-24        00000 
-1.26451e-24  6.56391e-24        00000 
-1.76454e-24  6.36066e-24        00000 
-1.90351e-24  6.54719e-24        00000 
 2.38669e-26  5.56979e-24        00000 
 1.98267e-25 -9.66627e-25        00000 
 1.08924e-25  2.34009e-24        00000 
 1.42103e-24  3.77250e-24        00000 
 1.30416e-24  8.60038e-25        00000 
 8.77679e-25  2.40652e-24        00000 
-1.27025e-24  3.36509e-24        00000 
-3.11053e-24  3.93949e-24        00000 
-3.55985e-24  2.66801e-24        00000 
-1.42921e-24  1.93612e-24        00000 
-1.62652e-24  3.65847e-24        00000 
-2.16027e-24  5.63718e-24        00000 
-2.50729e-24  4.38203e-24        00000 
-1.15198e-24  4.96467e-24        00000 
 7.64747e-25  4.29987e-24        00000 
-5.12005e-25  6.54555e-24        00000 
-3.87005e-25 -7.55269e-25        00000 
 2.49488e-25  2.62334e-24        00000 
-6.01033e-25  2.57755e-24        00000 
 4.86714e-25  2.99239e-24        00000 
-1.01847e-24  4.00505e-24        00000 
-2.65262e-24  2.45257e-24        00000 
-2.48044e-24  2.71189e-24        00000 
-3.91935e-24  3.28538e-24        00000 
-3.35059e-24  1.78725e-24        00000 
-1.43522e-24  6.19641e-24        00000 
-1.54402e-24  3.96306e-24        00000 
-1.16021e-24  7.67747e-25        00000 
-8.08299e-25  3.43166e-24        00000 
 2.08056e-24  1.83225e-24        00000 
 2.88265e-24 -1.04468e-24        00000 
 3.26343e-25  1.65070e-24        00000 
-5.57631e-25  2.00241e-24        00000 
-1.73282e-24  2.70433e-24        00000 
-2.41777e-24  1.12365e-23        00000 
-2.29565e-24  3.99592e-24        00000 
-5.22017e-24  1.34997e-24        00000 
-2.30830e-24  2.75393e-24        00000 
-3.30284e-24  1.11672e-25        00000 
-4.95420e-25  5.92999e-24        00000 
-1.94085e-24  5.32383e-24        00000 
-3.91560e-25  4.13212e-24        00000 
 5.10140e-25  8.20647e-25        00000 
-2.58891e-25 -3.97272e-26        00000 
-2.49227e-25 -2.72100e-25        00000 
 9.54976e-26  7.40976e-25        00000 
-1.04580e-24  4.94513e-26        00000 
-3.01395e-24  2.62751e-24        00000 
-3.71414e-24  3.52972e-24        00000 
-2.92064e-24  4.14375e-24        00000 
-2.85978e-24  4.99864e-24        00000 
-1.90857e-24  1.70239e-24        00000 
-2.50369e-24  1.45900e-24        00000 
-5.82192e-25 -3.08332e-24        00000 
-3.34071e-25  2.60305e-24        00000 
-1.36337e-24  2.65970e-24        00000 
-1.24777e-24  3.54051e-24        00000 
 4.48593e-26  9.88114e-25        00000 
 1.42629e-24  2.54162e-24        00000 
-2.06881e-24  5.65351e-24        00000 
-2.45821e-24  2.45401e-24        00000 
-2.74669e-24  3.11580e-24        00000 
-4.32197e-24  2.81270e-24        00000 
-3.67819e-24  4.30358e-25        00000 
-2.46230e-24 -3.23739e-25        00000 
-1.37871e-24 -2.23835e-24        00000 
-1.13673e-24  6.01799e-25        00000 
 5.69672e-25 -1.72672e-24        00000 
 3.88470e-26  6.60336e-24        00000 
-1.91597e-24  3.34284e-24        00000 
-1.69808e-24 -1.58487e-25        00000 
-1.49093e-24  4.70164e-24        00000 
-5.37593e-25  3.29325e-24        00000 
-1.33671e-24  5.35802e-24        00000 
-1.95828e-24  4.07335e-24        00000 
-1.70249e-24  6.95415e-26        00000 
-4.24883e-25 -1.18379e-24        00000 
-1.86005e-24 -4.12658e-25        00000 
-1.53353e-24 -8.12805e-25        00000 
-9.93505e-25 -3.32382e-24        00000 
 4.89364e-25 -3.43078e-24        00000 
-6.41224e-25  4.01689e-24        00000 
-6.64174e-25  4.41434e-24        00000 
-2.54246e-25  3.84593e-25        00000 
-1.42479e-24  7.12768e-25        00000 
-1.58175e-24  3.82964e-24        00000 
-1.57773e-24  1.19442e-24        00000 
 1.13638e-24  1.04809e-25        00000 
 3.84600e-25 -7.29465e-25        00000 
-5.38154e-25  8.77159e-25        00000 
 1.39466e-24 -4.21979e-24        00000 
-1.66555e-25 -4.45582e-25        00000 
-1.21579e-24 -4.48592e-24        00000 
-8.41134e-25 -3.46248e-26        00000 
 1.46801e-25 -2.83814e-24        00000 
-6.50933e-25 -2.34796e-24        00000 
-2.84388e-24 -3.80209e-24        00000 
-1.18141e-24 -1.46608e-25        00000 
-7.58155e-25 -2.80192e-24        00000 
 4.11493e-25 -1.61240e-25        00000 
-7.69651e-25  7.74133e-25        00000 
 4.29567e-25  1.67661e-24        00000 
 2.99218e-26 -1.02808e-24        00000 
 1.74100e-24  2.10205e-25        00000 
-8.69630e-25  1.16475e-24        00000 
-9.07192e-25  8.59294e-25        00000 
 6.15000e-25 -2.27781e-24        00000 
-9.46012e-25 -5.58915e-26        00000 
-5.06883e-26  1.24407e-25        00000 
-2.73416e-25 -6.48358e-25        00000 
-1.54792e-24  6.95350e-26        00000 
-1.08716e-24  3.34418e-24        00000 
 8.41922e-25  3.16934e-24        00000 
 4.53627e-25  9.90017e-25        00000 
-9.45263e-25  2.58229e-24        00000 
 4.61742e-26 -9.39269e-25        00000 
-1.42338e-25  1.41107e-24        00000 
-6.69729e-25  1.24229e-24        00000 
 9.77576e-25 -1.89876e-24        00000 
-1.14969e-24  9.70607e-25        00000 
-2.22596e-24  1.55527e-24        00000 
 4.58217e-25  3.42729e-24        00000 
 6.37807e-26  2.81446e-24        00000 
-4.00148e-25  2.61103e-24        00000 
-6.65527e-25  2.91580e-24        00000 
-8.16367e-25  2.78404e-24        00000 
-4.16321e-25  9.00095e-26        00000 
-9.03270e-26 -1.77418e-24        00000 
-1.03702e-24  1.87301e-24        00000 
-1.04382e-24 -3.52292e-25        00000 
-5.72514e-25 -1.36154e-25        00000 
-1.32025e-24  2.02750e-24        00000 
-2.15975e-24  5.24611e-25        00000 
 6.42673e-25 -1.06288e-24        00000 
 7.27494e-26  8.60374e-25        00000 
 9.51308e-25  2.62250e-24        00000 
 1.86814e-24  1.67004e-24        00000 
 1.05933e-24 -3.28235e-25        00000 
-9.40432e-25  3.11893e-25        00000 
-7.99581e-25  1.10921e-24        00000 
-1.51591e-24 -1.93221e-25        00000 
-3.39900e-25 -5.48383e-25        00000 
 3.18751e-25 -8.08252e-25        00000 
 8.00512e-25  8.76690e-25        00000 
 1.05169e-24  9.38750e-25        00000 
 1.60412e-24  1.92128e-25        00000 
 2.91666e-24  2.57732e-25        00000 
 9.50023e-25 -2.59417e-24        00000 
 4.78120e-25 -1.12938e-24        00000 
 8.07680e-25 -1.54017e-26        00000 
 9.52849e-25 -9.80662e-25        00000 
 3.78740e-25 -1.04257e-24        00000 
-4.57219e-25 -1.43582e-24        00000 
 9.60311e-25 -4.83764e-25        00000 
 1.78249e-24 -1.23140e-25        00000 
 1.87145e-24  4.88828e-25        00000 
 9.64207e-25 -1.70172e-24        00000 
-1.08230e-24 -1.47138e-24        00000 
-1.04375e-24 -1.07203e-24        00000 
-3.13401e-25  1.83905e-25        00000 
-9.47262e-25 -7.17990e-25        00000 
-3.47771e-27 -4.83764e-25        00000 
 9.95115e-25 -9.97416e-25        00000 
 1.35298e-24 -2.45176e-25        00000 
 3.60492e-25 -5.91257e-25        00000 
-9.39164e-25 -8.28998e-25        00000 
-1.07162e-24 -7.19555e-25        00000 
-4.77473e-25 -1.14201e-24        00000 
-6.84376e-25 -1.21895e-24        00000 
 7.82382e-25 -3.80689e-25        00000 
 1.15191e-24 -1.69323e-24        00000 
-5.37966e-25 -1.83480e-24        00000 
-2.03616e-25 -1.77363e-24        00000 
-9.23549e-25 -1.69097e-24        00000 
-7.42150e-25 -2.35029e-24        00000 
-6.27630e-26 -2.32134e-24        00000 
 6.91134e-25 -1.78792e-24        00000 
 1.27991e-24 -2.02109e-24        00000 
 2.86147e-24 -1.54595e-24        00000 
 6.55353e-25 -1.42853e-24        00000 
-6.10521e-25 -1.73661e-24        00000 
-5.31031e-25 -2.38980e-24        00000 
 2.85243e-25 -2.15820e-24        00000 
 4.83653e-25 -1.84421e-24        00000 
 4.74067e-25 -1.25319e-24        00000 
-1.61262e-26  7.64467e-25        00000 
 1.87787e-25 -4.13895e-26        00000 
 1.10226e-24 -1.46756e-24        00000 
 9.01626e-25 -2.39244e-24        00000 
 1.42623e-24 -5.20483e-24        00000 
 3.10451e-25  3.27078e-25        00000 
 1.56764e-24 -6.97489e-25        00000 
-2.09831e-25  5.76605e-25        00000 
-1.40368e-25  7.70055e-25        00000 
 6.37214e-26 -8.06269e-26        00000 
-9.73428e-26 -7.16550e-26        00000 
-1.80755e-24 -5.18056e-25        00000 
 8.98695e-26 -9.55049e-25        00000 
 2.74186e-24 -1.57560e-24        00000 
 9.96405e-25 -1.12058e-24        00000 
-5.55098e-25 -9.52510e-25        00000 
-2.49282e-24  2.06810e-26        00000 
 2.44690e-24  7.20393e-25        00000 
-4.15296e-24 -2.03356e-24        00000 
-1.43197e-24  3.11897e-24        00000 
-3.80608e-24 -2.43212e-24        00000 
-1.48826e-25  4.32847e-25        00000 
 2.16386e-24 -3.05528e-25        00000 
 2.16829e-24 -2.06711e-24        00000 
-1.73091e-24 -2.83809e-25        00000 
-1.43886e-24 -1.94849e-25        00000 
 4.24035e-25 -9.93464e-25        00000 
-5.73628e-26 -4.02732e-25        00000 
 1.08307e-24 -1.75698e-24        00000 
-2.29294e-25 -2.36205e-24        00000 
 1.97523e-24 -2.04952e-24        00000 
 2.93403e-24 -2.89291e-24        00000 
 1.41884e-24 -3.79537e-24        00000 
 7.02343e-25 -2.37909e-24        00000 
-7.50542e-25 -1.57731e-24        00000 
 1.68902e-24 -2.22003e-24        00000 
-2.55485e-24 -4.65710e-24        00000 
-1.21825e-24  6.77993e-25        00000 
-2.57003e-24  2.80038e-24        00000 
-1.87862e-24 -9.80639e-25        00000 
-4.26114e-24  7.38501e-26        00000 
 9.19362e-25 -1.47934e-24        00000 
 4.26791e-26  1.10682e-24        00000 
 6.64968e-25  9.78199e-25        00000 
 2.01863e-24  1.02424e-24        00000 
 2.62112e-24 -1.25437e-24        00000 
 8.95267e-26 -4.10406e-25        00000 
-3.24481e-41  8.10472e-41        00000 
 1.24629e-25  2.64845e-25        00000 
-7.32842e-42  6.61405e-41        00000 
-3.72937e-26  1.45721e-25        00000 
-3.39759e-26  1.43104e-25        00000 
-3.24258e-26  1.62358e-25        00000 
-1.69315e-41 -5.41808e-41        00000 
 2.90786e-26  1.69502e-25        00000 
 3.06658e-26  1.73212e-25        00000 
 3.76434e-26  1.71126e-25        00000 
-2.15496e-41  2.40633e-41        00000 
 1.89055e-41 -8.86142e-42        00000 
 5.77391e-26  2.73367e-26        00000 
 5.76260e-26  2.03506e-26        00000 
 6.00478e-26  2.38651e-26        00000 
-1.04486e-41  1.27286e-41        00000 
-8.74744e-26  9.48898e-26        00000 
 9.38734e-27 -6.27112e-26        00000 
-6.95921e-26  8.44747e-25        00000 
-1.06038e-25  9.08645e-25        00000 
-3.28987e-26  7.78154e-25        00000 
-7.80021e-26  8.66644e-25        00000 
-1.10588e-25  6.31452e-26        00000 
-1.92685e-25  6.98527e-26        00000 
-3.65419e-25  7.64288e-26        00000 
-5.02569e-25  1.23301e-24        00000 
-4.50745e-25  1.08566e-24        00000 
-6.27900e-25  1.23766e-24        00000 
-5.56159e-25  1.32531e-24        00000 
-9.33367e-25 -7.34489e-26        00000 
-5.19292e-25  7.40777e-26        00000 
-6.87552e-25 -1.67382e-25        00000 
-5.36461e-25  1.22876e-24        00000 
-5.38924e-25  1.19681e-24        00000 
-7.91929e-25  1.22380e-24        00000 
-7.32373e-25  1.08368e-24        00000 
-1.36503e-24 -2.69025e-25        00000 
-6.19421e-25 -3.39239e-25        00000 
-1.53569e-24 -2.31199e-25        00000 
-6.02373e-25  1.80807e-25        00000 
-8.53214e-25  8.67176e-25        00000 
-4.29218e-25  2.50454e-25        00000 
-4.39542e-25  1.41274e-25        00000 
-2.01236e-24 -6.55297e-25        00000 
-2.01869e-24 -1.75687e-25        00000 
-1.72253e-24 -5.28306e-25        00000 
 1.11704e-25 -7.57941e-26        00000 
-1.77972e-25  6.04733e-26        00000 
 5.69487e-25 -1.19378e-25        00000 
 3.38509e-25 -1.45419e-25        00000 
-1.99940e-24 -3.29416e-25        00000 
-1.22898e-24 -4.56615e-25        00000 
-1.25679e-24 -2.08468e-25        00000 
-1.32667e-24 -2.74065e-25        00000 
 5.04577e-25  3.13995e-26        00000 
 4.83396e-25 -1.10887e-25        00000 
-4.38617e-25  1.66731e-25        00000 
 2.22945e-25 -4.95069e-26        00000 
-5.24053e-25 -4.74748e-25        00000 
-4.26293e-25 -4.34455e-25        00000 
-3.43777e-25 -3.33680e-25        00000 
-5.76162e-25  8.46478e-26        00000 
-2.80739e-25  2.98723e-25        00000 
-8.27993e-25  1.32817e-25        00000 
-1.05122e-24 -1.35831e-24        00000 
-2.33027e-25 -5.59170e-25        00000 
-1.05652e-25 -8.90777e-25        00000 
-9.01114e-25  2.61461e-25        00000 
-7.15682e-25 -4.52095e-26        00000 
-7.31182e-25 -1.41298e-25        00000 
-9.11802e-25  1.89654e-27        00000 
-5.65101e-25 -6.85147e-25        00000 
 6.46895e-25 -9.93712e-25        00000 
-6.02285e-25 -4.99604e-25        00000 
-6.68463e-25  5.76755e-25        00000 
-1.07814e-25  3.45320e-25        00000 
-1.37933e-25  1.15789e-24        00000 
 2.83908e-26  3.85238e-25        00000 
 1.02939e-24 -4.13688e-26        00000 
 8.67677e-25 -1.89996e-25        00000 
 1.25776e-25  2.69052e-26        00000 
 1.37768e-24  4.66694e-25        00000 
 7.80862e-26  1.51658e-24        00000 
-3.45555e-25  8.53791e-25        00000 
 3.26650e-25  7.26295e-25        00000 
 2.95886e-25  6.79874e-25        00000 
 2.99630e-25  1.00322e-25        00000 
 4.55619e-25 -9.85251e-25        00000 
 4.48314e-26 -9.63738e-25        00000 
 3.90275e-25  5.73132e-25        00000 
 5.74774e-25  5.90662e-25        00000 
 5.56514e-25  2.67565e-25        00000 
 3.55140e-25  7.33894e-25        00000 
 1.04229e-24 -1.16532e-24        00000 
 1.58846e-25 -1.01682e-24        00000 
 7.01547e-25 -1.36467e-24        00000 
 9.13401e-25 -2.62000e-25        00000 
 8.97563e-25  9.63951e-26        00000 
 8.69872e-25  7.79925e-25        00000 
 1.31257e-24 -2.38886e-25        00000 
 1.23649e-24 -2.34957e-24        00000 
 2.20065e-25 -9.51979e-25        00000 
-1.63059e-25 -2.68872e-24        00000 
 1.29385e-24  9.53130e-25        00000 
 8.56839e-25  1.13572e-24        00000 
 7.72849e-25  7.48965e-25        00000 
 5.24384e-25 -2.03490e-24        00000 
 1.39248e-24 -2.75428e-24        00000 
 1.20425e-24 -2.07381e-24        00000 
 2.65485e-24 -1.42209e-24        00000 
 5.86576e-25  2.43785e-25        00000 
 8.50132e-25  1.50652e-24        00000 
 3.54353e-25  5.05877e-25        00000 
 9.43987e-25  6.48976e-25        00000 
 2.65195e-24 -2.62804e-24        00000 
 2.22244e-24 -1.17117e-24        00000 
 1.93297e-24 -2.16493e-24        00000 
-7.41746e-25 -2.08787e-25        00000 
 2.47275e-25  3.76607e-25        00000 
-9.49243e-25 -1.79095e-25        00000 
-5.07722e-25  3.62135e-25        00000 
 2.99610e-24 -9.40284e-25        00000 
 1.88204e-24 -2.09008e-24        00000 
 3.09814e-24 -2.33095e-24        00000 
 4.86088e-26 -1.23025e-24        00000 
-6.62677e-25 -5.99416e-25        00000 
 7.49066e-25 -3.08625e-25        00000 
 2.48272e-25 -6.26736e-26        00000 
 2.50756e-24 -3.58165e-24        00000 
 3.47059e-24 -1.76352e-24        00000 
 2.66514e-24 -7.99925e-25        00000 
 6.41263e-25 -7.79040e-26        00000 
 2.01750e-25 -1.49883e-24        00000 
 5.27089e-25 -6.59126e-25        00000 
 3.50046e-25  3.59695e-25        00000 
 1.21894e-24 -1.84864e-24        00000 
 1.29644e-24 -1.34837e-24        00000 
 2.53951e-24 -1.97005e-24        00000 
 1.37381e-24 -1.80725e-24        00000 
 6.06631e-25 -2.54846e-25        00000 
 9.66762e-26  8.52791e-26        00000 
 5.96012e-25  5.11760e-26        00000 
-2.97891e-26  6.61077e-25        00000 
 6.32125e-25 -1.80042e-24        00000 
 1.16894e-24 -1.43223e-24        00000 
 4.24414e-25 -2.08783e-24        00000 
 4.23256e-26 -6.07522e-26        00000 
 3.44904e-25  2.49848e-25        00000 
 1.81113e-25 -5.63358e-25        00000 
-2.55983e-25  1.65253e-24        00000 
 1.89193e-24 -1.20221e-24        00000 
 2.62108e-25 -1.45102e-24        00000 
 2.30777e-24 -2.69025e-24        00000 
 6.21213e-25 -8.12128e-25        00000 
 5.79210e-25 -1.15377e-24        00000 
 4.82408e-25 -1.50805e-24        00000 
 6.23417e-25 -1.74827e-24        00000 
 8.75318e-25 -3.31849e-24        00000 
 1.40030e-24 -1.48694e-24        00000 
 1.30389e-24 -1.15567e-24        00000 
 1.10975e-24 -5.24837e-25        00000 
 1.28963e-24 -1.11350e-24        00000 
 1.13883e-24  1.05347e-25        00000 
 1.88131e-24 -2.63532e-24        00000 
 2.36832e-24 -2.81865e-24        00000 
 1.34207e-24 -3.30562e-24        00000 
 1.04662e-24 -1.87852e-24        00000 
 6.82231e-25 -1.10306e-24        00000 
 9.37122e-25  3.08053e-25        00000 
 6.32513e-25 -1.47234e-24        00000 
-4.75468e-25 -1.77097e-24        00000 
-6.92078e-25 -2.23831e-24        00000 
 1.59357e-25 -2.57916e-26        00000 
-7.19443e-25 -7.67093e-25        00000 
-1.75182e-26 -1.88470e-24        00000 
 5.82000e-25 -1.84391e-24        00000 
 7.45939e-25 -4.08865e-24        00000 
-1.36194e-25 -5.34556e-24        00000 
 1.49920e-24 -3.12951e-24        00000 
 4.72020e-25 -2.40567e-24        00000 
 5.30775e-26 -2.43661e-24        00000 
 1.57138e-24 -1.46993e-24        00000 
 8.85097e-25 -2.04383e-24        00000 
 2.24249e-24 -7.97581e-25        00000 
 1.85131e-24 -9.18998e-25        00000 
 1.81092e-25  1.28623e-25        00000 
-2.01845e-24  6.11287e-25        00000 
-3.13082e-25 -2.02651e-24        00000 
 2.19234e-24 -3.17797e-25        00000 
 2.68642e-24 -4.76634e-25        00000 
 9.91993e-25 -7.73295e-25        00000 
 1.23241e-24  3.89362e-25        00000 
-1.59518e-26 -3.35954e-24        00000 
 1.24241e-24 -3.27361e-24        00000 
-7.55431e-25 -3.65993e-24        00000 
 9.28829e-25 -2.54000e-24        00000 
 1.47146e-24 -1.36644e-24        00000 
 8.94452e-25 -2.27639e-24        00000 
-6.65965e-25  5.67200e-25        00000 
 2.40234e-25 -1.59006e-24        00000 
-6.41632e-25 -1.71173e-24        00000 
-6.29295e-25  1.22678e-25        00000 
 1.67312e-24 -2.75736e-24        00000 
 9.21188e-25 -1.94005e-24        00000 
 6.99861e-25 -3.51966e-24        00000 
 9.25100e-25 -9.45591e-25        00000 
 2.46376e-24 -2.38815e-24        00000 
 7.27431e-25  2.26541e-25        00000 
-4.84604e-25 -5.12916e-24        00000 
 1.44209e-24 -2.12162e-25        00000 
 3.37770e-24 -1.12760e-25        00000 
 1.81742e-24 -2.20785e-24        00000 
 1.18285e-24 -2.58887e-24        00000 
-5.74445e-25 -4.65222e-24        00000 
-9.21255e-25 -3.96567e-24        00000 
-2.93989e-25 -2.53867e-24        00000 
 2.60048e-24 -1.88125e-24        00000 
 1.74066e-24 -3.87599e-24        00000 
 2.00340e-24 -2.44166e-24        00000 
 2.57989e-24 -2.58219e-24        00000 
 1.41282e-24 -2.69088e-24        00000 
-1.23319e-24 -2.13524e-24        00000 
 4.01255e-24 -2.51530e-24        00000 
 2.30076e-24 -1.95608e-24        00000 
 2.15136e-24 -1.69856e-24        00000 
 1.67609e-24 -2.23914e-25        00000 
 2.19095e-24 -4.95275e-24        00000 
 2.35013e-24 -1.06859e-24        00000 
 4.73012e-24 -5.76694e-25        00000 
 3.01752e-24 -1.11898e-24        00000 
 3.98513e-24 -1.32040e-25        00000 
 1.01406e-24 -9.97441e-25        00000 
 2.11627e-24 -1.62694e-24        00000 
 3.44412e-25 -4.78721e-24        00000 
-1.15862e-25 -4.73025e-24        00000 
 4.14816e-24 -1.88652e-24        00000 
 3.48512e-24 -2.51915e-24        00000 
 3.89559e-24 -2.89494e-24        00000 
 3.20962e-25 -3.63395e-24        00000 
 1.78734e-25 -6.29054e-24        00000 
 1.47708e-24 -2.96881e-24        00000 
 2.79372e-24 -2.12890e-25        00000 
 2.96297e-24 -3.54002e-24        00000 
 1.55748e-24 -3.08796e-24        00000 
 1.50726e-24 -2.47407e-24        00000 
 1.44343e-24 -2.84606e-24        00000 
 1.96197e-24 -2.50306e-24        00000 
 1.53774e-24  1.77840e-25        00000 
-8.83114e-25 -2.92093e-24        00000 
 1.64296e-25 -3.70154e-24        00000 
-1.05711e-24 -2.87324e-24        00000 
 1.39255e-24 -2.32712e-24        00000 
 1.33776e-24 -4.77080e-24        00000 
 1.75095e-24 -4.05188e-24        00000 
 3.61299e-25 -3.92248e-24        00000 
-4.36465e-25 -8.72388e-25        00000 
-3.30405e-24  2.72762e-24        00000 
-5.98545e-25 -2.58390e-24        00000 
-9.52247e-25  1.66626e-24        00000 
 1.46697e-24 -9.44476e-24        00000 
 1.23847e-24 -5.41651e-24        00000 
 3.32632e-24 -6.82099e-25        00000 
 2.17755e-24 -3.14559e-24        00000 
-2.61258e-24 -1.86739e-24        00000 
-3.68928e-24  8.72004e-25        00000 
-2.59665e-24 -1.67883e-24        00000 
 8.62429e-25  2.70209e-24        00000 
 2.11951e-24 -2.51609e-24        00000 
-5.92654e-25 -1.18130e-25        00000 
 2.32175e-25 -4.04863e-25        00000 
-2.15687e-24  3.00080e-24        00000 
-3.05916e-24  5.42358e-24        00000 
-2.58617e-24  3.56798e-24        00000 
-2.59029e-25 -1.12564e-24        00000 
-9.39072e-26 -4.99761e-25        00000 
-1.43000e-24  6.70924e-25        00000 
-6.56947e-25 -1.43821e-25        00000 
-7.29469e-25  1.65329e-24        00000 
-1.71895e-25  4.02155e-24        00000 
 1.28416e-25  7.49040e-25        00000 
-1.07686e-24  7.31838e-25        00000 
-7.95169e-25 -2.17848e-24        00000 
-1.11781e-24 -1.23332e-24        00000 
-1.68569e-24 -1.22241e-24        00000 
-1.19874e-24  2.36370e-24        00000 
-9.66729e-25  1.92786e-24        00000 
 1.38630e-24 -9.36074e-26        00000 
 5.61147e-25 -1.70507e-24        00000 
 4.86730e-25 -3.59759e-24        00000 
 7.00254e-25  1.26826e-24        00000 
-2.45062e-24  2.80222e-24        00000 
-9.25447e-25  1.46409e-24        00000 
-2.83860e-24  2.27349e-24        00000 
-2.93276e-24  1.62571e-24        00000 
 3.16957e-24  5.78667e-24        00000 
 2.65203e-24  4.51842e-25        00000 
 1.22786e-24  3.54956e-24        00000 
 1.64414e-24  9.61606e-25        00000 
-2.31243e-24 -3.88756e-25        00000 
-1.49754e-24 -1.17888e-24        00000 
-1.48478e-24 -1.97479e-24        00000 
 1.22532e-25  3.89754e-24        00000 
 2.25068e-24  4.24092e-24        00000 
-2.56566e-25  7.30151e-24        00000 
 6.06830e-25  6.38102e-24        00000 
-2.37595e-24  1.78497e-24        00000 
-2.98764e-24 -6.88563e-25        00000 
-2.27782e-24 -2.66005e-25        00000 
 2.63385e-25  7.27254e-24        00000 
-6.61139e-25  6.00325e-24        00000 
-8.48549e-25  6.64054e-24        00000 
-7.59218e-25  5.10626e-24        00000 
-3.04235e-24 -1.50874e-24        00000 
-3.18387e-24  2.04965e-24        00000 
-4.93796e-24  6.84526e-25        00000 
-3.06380e-24  7.33382e-24        00000 
-2.83014e-24  9.28451e-24        00000 
-2.99939e-24  3.46804e-24        00000 
-2.64103e-24  5.77429e-24        00000 
-3.15474e-24  8.95831e-25        00000 
-4.24994e-24 -1.72553e-24        00000 
-3.43016e-24  9.74563e-26        00000 
-2.61661e-24 -2.56639e-24        00000 
-1.95142e-24  3.20322e-24        00000 
-1.42292e-24  3.63249e-24        00000 
-1.54835e-24  7.44382e-25        00000 
-6.04352e-24 -4.06229e-24        00000 
-5.21268e-24 -4.44714e-24        00000 
-4.11127e-24 -3.93943e-24        00000 
-1.62969e-24  8.17995e-25        00000 
-1.54101e-24 -7.91841e-25        00000 
-1.34792e-24  2.34909e-24        00000 
-2.50143e-24  3.24097e-24        00000 
-4.07870e-24 -5.93521e-26        00000 
-4.34746e-24  3.57384e-25        00000 
-1.23550e-25  1.34685e-24        00000 
-1.04846e-24  6.51736e-24        00000 
 4.39547e-25  4.96500e-24        00000 
-8.76566e-25  1.74094e-24        00000 
-1.21590e-25  5.27578e-24        00000 
-1.84856e-26 -3.93037e-24        00000 
 6.19607e-25 -1.84745e-25        00000 
 5.50609e-25 -1.76449e-24        00000 
 5.93842e-25  2.62944e-24        00000 
 2.41831e-25  3.57444e-24        00000 
 6.55311e-25  6.07719e-24        00000 
 4.88652e-25  5.69449e-24        00000 
 1.57842e-24 -6.14416e-24        00000 
-7.66318e-25 -1.86941e-25        00000 
 1.95686e-24 -6.35680e-24        00000 
-1.06199e-25 -4.33117e-24        00000 
-7.09682e-25  8.99631e-24        00000 
 9.64444e-25  7.29196e-24        00000 
-2.55592e-24  6.57441e-24        00000 
-3.04714e-24  7.58917e-24        00000 
-7.13996e-25  2.85918e-25        00000 
-2.25686e-25  9.48778e-25        00000 
-1.54132e-25 -1.35773e-25        00000 
-2.39818e-24  4.60359e-25        00000 
-1.38766e-24 -7.38661e-26        00000 
-2.74110e-24 -4.08714e-24        00000 
-4.65548e-24 -2.59649e-24        00000 
-5.30806e-25  1.17977e-24        00000 
-7.58080e-25 -6.86614e-25        00000 
-9.80372e-25  2.63667e-25        00000 
 1.88998e-24 -4.47678e-24        00000 
-2.87398e-25 -3.47167e-24        00000 
-8.96436e-25 -2.02541e-25        00000 
-3.68183e-26 -1.29800e-24        00000 
-4.49785e-25 -7.98908e-25        00000 
-2.80465e-24  3.60120e-24        00000 
 1.00001e-25 -6.82588e-25        00000 
-5.64084e-25  5.81106e-25        00000 
-9.21784e-25  7.03227e-26        00000 
 6.52519e-25 -1.80686e-24        00000 
-2.26978e-25  2.09968e-25        00000 
 2.24753e-26 -3.41819e-25        00000 
 1.00514e-26  2.26422e-24        00000 
 1.88759e-24  1.57717e-24        00000 
-5.29606e-25  1.07470e-24        00000 
-2.87700e-25 -1.34163e-24        00000 
 3.64128e-26  1.39806e-24        00000 
 1.38530e-24 -1.32608e-24        00000 
 1.37020e-24  1.87557e-25        00000 
 1.57701e-24  1.03189e-24        00000 
 1.45364e-24  4.70336e-25        00000 
 1.22253e-26  6.57218e-25        00000 
 3.69114e-25 -1.98088e-24        00000 
 1.45067e-26 -9.68792e-25        00000 
-9.24697e-25 -7.47640e-25        00000 
 3.05561e-24  1.46196e-24        00000 
 2.71931e-24 -1.14662e-25        00000 
 2.56000e-24  1.43423e-24        00000 
-3.08156e-25 -8.20377e-25        00000 
 4.66679e-25  9.81214e-27        00000 
 4.35293e-25 -7.01894e-25        00000 
 5.48381e-25 -1.39005e-24        00000 
 2.59922e-24  2.19135e-24        00000 
 2.70925e-24 -1.01033e-25        00000 
 1.84248e-24  1.10738e-24        00000 
-4.47882e-25 -6.55884e-25        00000 
 3.95130e-25 -3.11268e-25        00000 
 1.41275e-24 -2.15315e-24        00000 
 4.70354e-25 -1.76573e-24        00000 
 2.22381e-24  8.43832e-25        00000 
 2.06880e-24  4.81606e-25        00000 
 2.84495e-24  1.80113e-25        00000 
-3.78925e-25 -2.17082e-24        00000 
 6.63007e-25 -2.31100e-24        00000 
 2.26347e-25 -8.56302e-25        00000 
-8.50092e-25 -1.43616e-24        00000 
 3.12013e-24 -1.63204e-24        00000 
 2.82611e-24 -1.85498e-24        00000 
 3.05057e-24 -1.20411e-24        00000 
 2.80894e-24 -1.41796e-24        00000 
-2.68010e-25 -1.20744e-24        00000 
-5.37126e-25 -1.09676e-24        00000 
-5.51479e-25 -4.28122e-26        00000 
 1.57598e-24 -2.29061e-24        00000 
 1.92021e-24 -2.56101e-24        00000 
 1.32453e-24 -2.16805e-24        00000 
 8.17806e-25 -1.82863e-24        00000 
 2.79077e-24 -6.33053e-25        00000 
 2.07662e-24 -1.63270e-24        00000 
 1.09142e-24 -1.55005e-24        00000 
 1.91349e-24 -9.11809e-25        00000 
 5.50021e-25 -7.20633e-25        00000 
-6.78256e-25 -1.62686e-24        00000 
-7.56163e-25 -2.82300e-24        00000 
-1.19891e-25 -2.49449e-24        00000 
 4.36177e-25 -1.06563e-24        00000 
 3.16174e-25 -1.61671e-24        00000 
 7.06114e-25 -1.90902e-24        00000 
-6.24175e-27 -5.37837e-25        00000 
 2.54511e-24 -1.40313e-24        00000 
 2.53526e-24 -7.47851e-25        00000 
 1.41725e-24 -6.66887e-25        00000 
 3.08581e-25 -1.08705e-24        00000 
 3.09382e-25 -1.53031e-24        00000 
-4.72515e-25 -1.65364e-24        00000 
-7.70916e-25 -1.80755e-24        00000 
-6.71829e-25 -2.68822e-24        00000 
-4.08325e-25 -2.46502e-24        00000 
 6.02936e-26 -2.32806e-24        00000 
 1.54089e-25 -2.40915e-24        00000 
 2.00833e-40 -5.28616e-40        00000 
 3.90666e-25 -1.29581e-24        00000 
 3.47331e-25 -8.73485e-25        00000 
 3.28418e-41 -1.53053e-41        00000 
 1.19934e-40 -1.25699e-40        00000 </DataArray>
         </PointData>
         <CellData/>
      </Piece>
   </UnstructuredGrid>
</VTKFile>