{
    "rho_plus": 1.0,
    "rho_minus": 0.0,
    "E_plus": 1.0,
    "E_minus": 1e-3,
    "nu_plus": 0.333333333333333,
    "nu_minus": 0.333333333333333
}