<?xml version="1.0" encoding="utf-8"?>
<VTKFile byte_order="LittleEndian" type="UnstructuredGrid" version="0.1">
   <UnstructuredGrid>
      <Piece NumberOfCells="11098" NumberOfPoints="5871">
         <Points>
            <DataArray Name="Points" NumberOfComponents="3" format="ascii" type="Float32">
0.0000 0.2532 0.0000
0.0000 0.3797 0.0000
0.0000 0.5063 0.0000
0.0000 0.6329 0.0000
0.0000 0.7595 0.0000
0.0000 0.8861 0.0000
0.0000 1.0127 0.0000
0.0000 1.1392 0.0000
0.0000 1.2658 0.0000
0.0000 1.3924 0.0000
0.0000 1.5190 0.0000
0.0000 1.6456 0.0000
0.0000 1.7722 0.0000
0.0000 1.8987 0.0000
0.0000 2.0253 0.0000
0.0000 2.1519 0.0000
0.0000 2.2785 0.0000
0.0000 2.4051 0.0000
0.0000 2.5316 0.0000
0.0000 2.6582 0.0000
0.0000 2.7848 0.0000
0.0000 2.9114 0.0000
0.0000 3.0380 0.0000
0.0000 3.1646 0.0000
0.0000 3.2911 0.0000
0.0000 3.4177 0.0000
0.0000 3.5443 0.0000
0.0000 3.6709 0.0000
0.0000 3.7975 0.0000
0.0000 3.9241 0.0000
0.0000 4.0506 0.0000
0.0000 4.1772 0.0000
0.0000 4.3038 0.0000
0.0000 4.4304 0.0000
0.0000 4.5570 0.0000
0.0000 4.6835 0.0000
0.0000 4.8101 0.0000
0.0000 4.9367 0.0000
0.0000 5.0633 0.0000
0.0000 5.1899 0.0000
0.0000 5.3165 0.0000
0.0000 5.4430 0.0000
0.0000 5.5696 0.0000
0.0000 5.6962 0.0000
0.0000 5.8228 0.0000
0.0000 5.9494 0.0000
0.0000 6.0759 0.0000
0.0000 6.2025 0.0000
0.0000 6.3291 0.0000
0.0000 6.4557 0.0000
0.0000 6.5823 0.0000
0.0000 6.7089 0.0000
0.0000 6.8354 0.0000
0.0000 6.9620 0.0000
0.0000 7.0886 0.0000
0.0000 7.2152 0.0000
0.2278 0.2532 0.0000
0.2278 0.3797 0.0000
0.2278 0.5063 0.0000
0.2278 0.6329 0.0000
0.2278 0.7595 0.0000
0.2278 0.8861 0.0000
0.2278 1.0127 0.0000
0.2278 1.1392 0.0000
0.2278 1.2658 0.0000
0.2278 1.3924 0.0000
0.2278 1.5190 0.0000
0.2278 1.6456 0.0000
0.2278 1.7722 0.0000
0.2278 1.8987 0.0000
0.2278 2.0253 0.0000
0.2278 2.1519 0.0000
0.2278 2.2785 0.0000
0.2278 2.4051 0.0000
0.2278 2.5316 0.0000
0.2278 2.6582 0.0000
0.2278 2.7848 0.0000
0.2278 2.9114 0.0000
0.2278 3.0380 0.0000
0.2278 3.1646 0.0000
0.2278 3.2911 0.0000
0.2278 3.4177 0.0000
0.2278 3.5443 0.0000
0.2278 3.6709 0.0000
0.2278 3.7975 0.0000
0.2278 3.9241 0.0000
0.2278 4.0506 0.0000
0.2278 4.1772 0.0000
0.2278 4.3038 0.0000
0.2278 4.4304 0.0000
0.2278 4.5570 0.0000
0.2278 4.6835 0.0000
0.2278 4.8101 0.0000
0.2278 4.9367 0.0000
0.2278 5.0633 0.0000
0.2278 5.1899 0.0000
0.2278 5.3165 0.0000
0.2278 5.4430 0.0000
0.2278 5.5696 0.0000
0.2278 5.6962 0.0000
0.2278 5.8228 0.0000
0.2278 5.9494 0.0000
0.2278 6.0759 0.0000
0.2278 6.2025 0.0000
0.2278 6.3291 0.0000
0.2278 6.4557 0.0000
0.2278 6.5823 0.0000
0.2278 6.7089 0.0000
0.2278 6.8354 0.0000
0.2278 6.9620 0.0000
0.2278 7.0886 0.0000
0.2278 7.2152 0.0000
0.4557 0.3797 0.0000
0.4557 0.5063 0.0000
0.4557 0.6329 0.0000
0.4557 0.7595 0.0000
0.4557 0.8861 0.0000
0.4557 1.0127 0.0000
0.4557 1.1392 0.0000
0.4557 1.2658 0.0000
0.4557 1.3924 0.0000
0.4557 1.5190 0.0000
0.4557 1.6456 0.0000
0.4557 1.7722 0.0000
0.4557 1.8987 0.0000
0.4557 2.0253 0.0000
0.4557 2.1519 0.0000
0.4557 2.2785 0.0000
0.4557 2.4051 0.0000
0.4557 2.5316 0.0000
0.4557 2.6582 0.0000
0.4557 2.7848 0.0000
0.4557 2.9114 0.0000
0.4557 3.0380 0.0000
0.4557 3.1646 0.0000
0.4557 3.2911 0.0000
0.4557 3.4177 0.0000
0.4557 3.5443 0.0000
0.4557 3.6709 0.0000
0.4557 3.7975 0.0000
0.4557 3.9241 0.0000
0.4557 4.0506 0.0000
0.4557 4.1772 0.0000
0.4557 4.3038 0.0000
0.4557 4.4304 0.0000
0.4557 4.5570 0.0000
0.4557 4.6835 0.0000
0.4557 4.8101 0.0000
0.4557 4.9367 0.0000
0.4557 5.0633 0.0000
0.4557 5.1899 0.0000
0.4557 5.3165 0.0000
0.4557 5.4430 0.0000
0.4557 5.5696 0.0000
0.4557 5.6962 0.0000
0.4557 5.8228 0.0000
0.4557 5.9494 0.0000
0.4557 6.0759 0.0000
0.4557 6.2025 0.0000
0.4557 6.3291 0.0000
0.4557 6.4557 0.0000
0.4557 6.5823 0.0000
0.4557 6.7089 0.0000
0.4557 6.8354 0.0000
0.4557 6.9620 0.0000
0.4557 7.0886 0.0000
0.4557 7.2152 0.0000
0.6835 0.5063 0.0000
0.6835 0.6329 0.0000
0.6835 0.7595 0.0000
0.6835 0.8861 0.0000
0.6835 1.0127 0.0000
0.6835 1.1392 0.0000
0.6835 1.2658 0.0000
0.6835 1.3924 0.0000
0.6835 1.5190 0.0000
0.6835 1.6456 0.0000
0.6835 1.7722 0.0000
0.6835 1.8987 0.0000
0.6835 2.0253 0.0000
0.6835 2.1519 0.0000
0.6835 2.2785 0.0000
0.6835 2.4051 0.0000
0.6835 2.5316 0.0000
0.6835 2.6582 0.0000
0.6835 2.7848 0.0000
0.6835 2.9114 0.0000
0.6835 3.0380 0.0000
0.6835 3.1646 0.0000
0.6835 3.2911 0.0000
0.6835 3.4177 0.0000
0.6835 3.5443 0.0000
0.6835 3.6709 0.0000
0.6835 3.7975 0.0000
0.6835 3.9241 0.0000
0.6835 4.0506 0.0000
0.6835 4.1772 0.0000
0.6835 4.3038 0.0000
0.6835 4.4304 0.0000
0.6835 4.5570 0.0000
0.6835 4.6835 0.0000
0.6835 4.8101 0.0000
0.6835 4.9367 0.0000
0.6835 5.0633 0.0000
0.6835 5.1899 0.0000
0.6835 5.3165 0.0000
0.6835 5.4430 0.0000
0.6835 5.5696 0.0000
0.6835 5.6962 0.0000
0.6835 5.8228 0.0000
0.6835 5.9494 0.0000
0.6835 6.0759 0.0000
0.6835 6.2025 0.0000
0.6835 6.3291 0.0000
0.6835 6.4557 0.0000
0.6835 6.5823 0.0000
0.6835 6.7089 0.0000
0.6835 6.8354 0.0000
0.6835 6.9620 0.0000
0.6835 7.0886 0.0000
0.6835 7.2152 0.0000
0.6835 7.3418 0.0000
0.9114 0.6329 0.0000
0.9114 0.7595 0.0000
0.9114 0.8861 0.0000
0.9114 1.0127 0.0000
0.9114 1.1392 0.0000
0.9114 1.2658 0.0000
0.9114 1.3924 0.0000
0.9114 1.5190 0.0000
0.9114 1.6456 0.0000
0.9114 1.7722 0.0000
0.9114 1.8987 0.0000
0.9114 2.0253 0.0000
0.9114 2.1519 0.0000
0.9114 2.2785 0.0000
0.9114 2.4051 0.0000
0.9114 2.5316 0.0000
0.9114 2.6582 0.0000
0.9114 2.7848 0.0000
0.9114 2.9114 0.0000
0.9114 3.0380 0.0000
0.9114 3.1646 0.0000
0.9114 3.2911 0.0000
0.9114 3.4177 0.0000
0.9114 3.5443 0.0000
0.9114 3.6709 0.0000
0.9114 3.7975 0.0000
0.9114 3.9241 0.0000
0.9114 4.0506 0.0000
0.9114 4.1772 0.0000
0.9114 4.3038 0.0000
0.9114 4.4304 0.0000
0.9114 4.5570 0.0000
0.9114 4.6835 0.0000
0.9114 4.8101 0.0000
0.9114 4.9367 0.0000
0.9114 5.0633 0.0000
0.9114 5.1899 0.0000
0.9114 5.3165 0.0000
0.9114 5.4430 0.0000
0.9114 5.5696 0.0000
0.9114 5.6962 0.0000
0.9114 5.8228 0.0000
0.9114 5.9494 0.0000
0.9114 6.0759 0.0000
0.9114 6.2025 0.0000
0.9114 6.3291 0.0000
0.9114 6.4557 0.0000
0.9114 6.5823 0.0000
0.9114 6.7089 0.0000
0.9114 6.8354 0.0000
0.9114 6.9620 0.0000
0.9114 7.0886 0.0000
0.9114 7.2152 0.0000
0.9114 7.3418 0.0000
1.1392 0.7595 0.0000
1.1392 0.8861 0.0000
1.1392 1.0127 0.0000
1.1392 1.1392 0.0000
1.1392 1.2658 0.0000
1.1392 1.3924 0.0000
1.1392 1.5190 0.0000
1.1392 1.6456 0.0000
1.1392 1.7722 0.0000
1.1392 1.8987 0.0000
1.1392 2.0253 0.0000
1.1392 2.1519 0.0000
1.1392 2.2785 0.0000
1.1392 2.4051 0.0000
1.1392 2.5316 0.0000
1.1392 2.6582 0.0000
1.1392 2.7848 0.0000
1.1392 2.9114 0.0000
1.1392 3.0380 0.0000
1.1392 3.1646 0.0000
1.1392 3.2911 0.0000
1.1392 3.4177 0.0000
1.1392 3.5443 0.0000
1.1392 3.6709 0.0000
1.1392 3.7975 0.0000
1.1392 3.9241 0.0000
1.1392 4.0506 0.0000
1.1392 4.1772 0.0000
1.1392 4.3038 0.0000
1.1392 4.4304 0.0000
1.1392 4.5570 0.0000
1.1392 4.6835 0.0000
1.1392 4.8101 0.0000
1.1392 4.9367 0.0000
1.1392 5.0633 0.0000
1.1392 5.1899 0.0000
1.1392 5.3165 0.0000
1.1392 5.4430 0.0000
1.1392 5.5696 0.0000
1.1392 5.6962 0.0000
1.1392 5.8228 0.0000
1.1392 5.9494 0.0000
1.1392 6.0759 0.0000
1.1392 6.2025 0.0000
1.1392 6.3291 0.0000
1.1392 6.4557 0.0000
1.1392 6.5823 0.0000
1.1392 6.7089 0.0000
1.1392 6.8354 0.0000
1.1392 6.9620 0.0000
1.1392 7.0886 0.0000
1.1392 7.2152 0.0000
1.1392 7.3418 0.0000
1.3671 0.8861 0.0000
1.3671 1.0127 0.0000
1.3671 1.1392 0.0000
1.3671 1.2658 0.0000
1.3671 1.3924 0.0000
1.3671 1.5190 0.0000
1.3671 1.6456 0.0000
1.3671 1.7722 0.0000
1.3671 1.8987 0.0000
1.3671 2.0253 0.0000
1.3671 2.1519 0.0000
1.3671 2.2785 0.0000
1.3671 2.4051 0.0000
1.3671 2.5316 0.0000
1.3671 2.6582 0.0000
1.3671 2.7848 0.0000
1.3671 2.9114 0.0000
1.3671 3.0380 0.0000
1.3671 3.1646 0.0000
1.3671 3.2911 0.0000
1.3671 3.4177 0.0000
1.3671 3.5443 0.0000
1.3671 3.6709 0.0000
1.3671 3.7975 0.0000
1.3671 3.9241 0.0000
1.3671 4.0506 0.0000
1.3671 4.1772 0.0000
1.3671 4.3038 0.0000
1.3671 4.4304 0.0000
1.3671 4.5570 0.0000
1.3671 4.6835 0.0000
1.3671 4.8101 0.0000
1.3671 4.9367 0.0000
1.3671 5.0633 0.0000
1.3671 5.1899 0.0000
1.3671 5.3165 0.0000
1.3671 5.4430 0.0000
1.3671 5.5696 0.0000
1.3671 5.6962 0.0000
1.3671 5.8228 0.0000
1.3671 5.9494 0.0000
1.3671 6.0759 0.0000
1.3671 6.2025 0.0000
1.3671 6.3291 0.0000
1.3671 6.4557 0.0000
1.3671 6.5823 0.0000
1.3671 6.7089 0.0000
1.3671 6.8354 0.0000
1.3671 6.9620 0.0000
1.3671 7.0886 0.0000
1.3671 7.2152 0.0000
1.3671 7.3418 0.0000
1.5949 1.0127 0.0000
1.5949 1.1392 0.0000
1.5949 1.2658 0.0000
1.5949 1.3924 0.0000
1.5949 1.5190 0.0000
1.5949 1.6456 0.0000
1.5949 1.7722 0.0000
1.5949 1.8987 0.0000
1.5949 2.0253 0.0000
1.5949 2.1519 0.0000
1.5949 2.2785 0.0000
1.5949 2.4051 0.0000
1.5949 2.5316 0.0000
1.5949 2.6582 0.0000
1.5949 2.7848 0.0000
1.5949 2.9114 0.0000
1.5949 3.0380 0.0000
1.5949 3.1646 0.0000
1.5949 3.2911 0.0000
1.5949 3.4177 0.0000
1.5949 3.5443 0.0000
1.5949 3.6709 0.0000
1.5949 3.7975 0.0000
1.5949 3.9241 0.0000
1.5949 4.0506 0.0000
1.5949 4.1772 0.0000
1.5949 4.3038 0.0000
1.5949 4.4304 0.0000
1.5949 4.5570 0.0000
1.5949 4.6835 0.0000
1.5949 4.8101 0.0000
1.5949 4.9367 0.0000
1.5949 5.0633 0.0000
1.5949 5.1899 0.0000
1.5949 5.3165 0.0000
1.5949 5.4430 0.0000
1.5949 5.5696 0.0000
1.5949 5.6962 0.0000
1.5949 5.8228 0.0000
1.5949 5.9494 0.0000
1.5949 6.0759 0.0000
1.5949 6.2025 0.0000
1.5949 6.3291 0.0000
1.5949 6.4557 0.0000
1.5949 6.5823 0.0000
1.5949 6.7089 0.0000
1.5949 6.8354 0.0000
1.5949 6.9620 0.0000
1.5949 7.0886 0.0000
1.5949 7.2152 0.0000
1.5949 7.3418 0.0000
1.5949 7.4684 0.0000
1.8228 1.0127 0.0000
1.8228 1.1392 0.0000
1.8228 1.2658 0.0000
1.8228 1.3924 0.0000
1.8228 1.5190 0.0000
1.8228 1.6456 0.0000
1.8228 1.7722 0.0000
1.8228 1.8987 0.0000
1.8228 2.0253 0.0000
1.8228 2.1519 0.0000
1.8228 2.2785 0.0000
1.8228 2.4051 0.0000
1.8228 2.5316 0.0000
1.8228 2.6582 0.0000
1.8228 2.7848 0.0000
1.8228 2.9114 0.0000
1.8228 3.0380 0.0000
1.8228 3.1646 0.0000
1.8228 3.2911 0.0000
1.8228 3.4177 0.0000
1.8228 3.5443 0.0000
1.8228 3.6709 0.0000
1.8228 3.7975 0.0000
1.8228 3.9241 0.0000
1.8228 4.0506 0.0000
1.8228 4.1772 0.0000
1.8228 4.3038 0.0000
1.8228 4.4304 0.0000
1.8228 4.5570 0.0000
1.8228 4.6835 0.0000
1.8228 4.8101 0.0000
1.8228 4.9367 0.0000
1.8228 5.0633 0.0000
1.8228 5.1899 0.0000
1.8228 5.3165 0.0000
1.8228 5.4430 0.0000
1.8228 5.5696 0.0000
1.8228 5.6962 0.0000
1.8228 5.8228 0.0000
1.8228 5.9494 0.0000
1.8228 6.0759 0.0000
1.8228 6.2025 0.0000
1.8228 6.3291 0.0000
1.8228 6.4557 0.0000
1.8228 6.5823 0.0000
1.8228 6.7089 0.0000
1.8228 6.8354 0.0000
1.8228 6.9620 0.0000
1.8228 7.0886 0.0000
1.8228 7.2152 0.0000
1.8228 7.3418 0.0000
1.8228 7.4684 0.0000
2.0506 1.1392 0.0000
2.0506 1.2658 0.0000
2.0506 1.3924 0.0000
2.0506 1.5190 0.0000
2.0506 1.6456 0.0000
2.0506 1.7722 0.0000
2.0506 1.8987 0.0000
2.0506 2.0253 0.0000
2.0506 2.1519 0.0000
2.0506 2.2785 0.0000
2.0506 2.4051 0.0000
2.0506 2.5316 0.0000
2.0506 2.6582 0.0000
2.0506 2.7848 0.0000
2.0506 2.9114 0.0000
2.0506 3.0380 0.0000
2.0506 3.1646 0.0000
2.0506 3.2911 0.0000
2.0506 3.4177 0.0000
2.0506 3.5443 0.0000
2.0506 3.6709 0.0000
2.0506 3.7975 0.0000
2.0506 3.9241 0.0000
2.0506 4.0506 0.0000
2.0506 4.1772 0.0000
2.0506 4.3038 0.0000
2.0506 4.4304 0.0000
2.0506 4.5570 0.0000
2.0506 4.6835 0.0000
2.0506 4.8101 0.0000
2.0506 4.9367 0.0000
2.0506 5.0633 0.0000
2.0506 5.1899 0.0000
2.0506 5.3165 0.0000
2.0506 5.4430 0.0000
2.0506 5.5696 0.0000
2.0506 5.6962 0.0000
2.0506 5.8228 0.0000
2.0506 5.9494 0.0000
2.0506 6.0759 0.0000
2.0506 6.2025 0.0000
2.0506 6.3291 0.0000
2.0506 6.4557 0.0000
2.0506 6.5823 0.0000
2.0506 6.7089 0.0000
2.0506 6.8354 0.0000
2.0506 6.9620 0.0000
2.0506 7.0886 0.0000
2.0506 7.2152 0.0000
2.0506 7.3418 0.0000
2.0506 7.4684 0.0000
2.2785 1.2658 0.0000
2.2785 1.3924 0.0000
2.2785 1.5190 0.0000
2.2785 1.6456 0.0000
2.2785 1.7722 0.0000
2.2785 1.8987 0.0000
2.2785 2.0253 0.0000
2.2785 2.1519 0.0000
2.2785 2.2785 0.0000
2.2785 2.4051 0.0000
2.2785 2.5316 0.0000
2.2785 2.6582 0.0000
2.2785 2.7848 0.0000
2.2785 2.9114 0.0000
2.2785 3.0380 0.0000
2.2785 3.1646 0.0000
2.2785 3.2911 0.0000
2.2785 3.4177 0.0000
2.2785 3.5443 0.0000
2.2785 3.6709 0.0000
2.2785 3.7975 0.0000
2.2785 3.9241 0.0000
2.2785 4.0506 0.0000
2.2785 4.1772 0.0000
2.2785 4.3038 0.0000
2.2785 4.4304 0.0000
2.2785 4.5570 0.0000
2.2785 4.6835 0.0000
2.2785 4.8101 0.0000
2.2785 4.9367 0.0000
2.2785 5.0633 0.0000
2.2785 5.1899 0.0000
2.2785 5.3165 0.0000
2.2785 5.4430 0.0000
2.2785 5.5696 0.0000
2.2785 5.6962 0.0000
2.2785 5.8228 0.0000
2.2785 5.9494 0.0000
2.2785 6.0759 0.0000
2.2785 6.2025 0.0000
2.2785 6.3291 0.0000
2.2785 6.4557 0.0000
2.2785 6.5823 0.0000
2.2785 6.7089 0.0000
2.2785 6.8354 0.0000
2.2785 6.9620 0.0000
2.2785 7.0886 0.0000
2.2785 7.2152 0.0000
2.2785 7.3418 0.0000
2.2785 7.4684 0.0000
2.5063 1.3924 0.0000
2.5063 1.5190 0.0000
2.5063 1.6456 0.0000
2.5063 1.7722 0.0000
2.5063 1.8987 0.0000
2.5063 2.0253 0.0000
2.5063 2.1519 0.0000
2.5063 2.2785 0.0000
2.5063 2.4051 0.0000
2.5063 2.5316 0.0000
2.5063 2.6582 0.0000
2.5063 2.7848 0.0000
2.5063 2.9114 0.0000
2.5063 3.0380 0.0000
2.5063 3.1646 0.0000
2.5063 3.2911 0.0000
2.5063 3.4177 0.0000
2.5063 3.5443 0.0000
2.5063 3.6709 0.0000
2.5063 3.7975 0.0000
2.5063 3.9241 0.0000
2.5063 4.0506 0.0000
2.5063 4.1772 0.0000
2.5063 4.3038 0.0000
2.5063 4.4304 0.0000
2.5063 4.5570 0.0000
2.5063 4.6835 0.0000
2.5063 4.8101 0.0000
2.5063 4.9367 0.0000
2.5063 5.0633 0.0000
2.5063 5.1899 0.0000
2.5063 5.3165 0.0000
2.5063 5.4430 0.0000
2.5063 5.5696 0.0000
2.5063 5.6962 0.0000
2.5063 5.8228 0.0000
2.5063 5.9494 0.0000
2.5063 6.0759 0.0000
2.5063 6.2025 0.0000
2.5063 6.3291 0.0000
2.5063 6.4557 0.0000
2.5063 6.5823 0.0000
2.5063 6.7089 0.0000
2.5063 6.8354 0.0000
2.5063 6.9620 0.0000
2.5063 7.0886 0.0000
2.5063 7.2152 0.0000
2.5063 7.3418 0.0000
2.5063 7.4684 0.0000
2.7342 1.5190 0.0000
2.7342 1.6456 0.0000
2.7342 1.7722 0.0000
2.7342 1.8987 0.0000
2.7342 2.0253 0.0000
2.7342 2.1519 0.0000
2.7342 2.2785 0.0000
2.7342 2.4051 0.0000
2.7342 2.5316 0.0000
2.7342 2.6582 0.0000
2.7342 2.7848 0.0000
2.7342 2.9114 0.0000
2.7342 3.0380 0.0000
2.7342 3.1646 0.0000
2.7342 3.2911 0.0000
2.7342 3.4177 0.0000
2.7342 3.5443 0.0000
2.7342 3.6709 0.0000
2.7342 3.7975 0.0000
2.7342 3.9241 0.0000
2.7342 4.0506 0.0000
2.7342 4.1772 0.0000
2.7342 4.3038 0.0000
2.7342 4.4304 0.0000
2.7342 4.5570 0.0000
2.7342 4.6835 0.0000
2.7342 4.8101 0.0000
2.7342 4.9367 0.0000
2.7342 5.0633 0.0000
2.7342 5.1899 0.0000
2.7342 5.3165 0.0000
2.7342 5.4430 0.0000
2.7342 5.5696 0.0000
2.7342 5.6962 0.0000
2.7342 5.8228 0.0000
2.7342 5.9494 0.0000
2.7342 6.0759 0.0000
2.7342 6.2025 0.0000
2.7342 6.3291 0.0000
2.7342 6.4557 0.0000
2.7342 6.5823 0.0000
2.7342 6.7089 0.0000
2.7342 6.8354 0.0000
2.7342 6.9620 0.0000
2.7342 7.0886 0.0000
2.7342 7.2152 0.0000
2.7342 7.3418 0.0000
2.7342 7.4684 0.0000
2.7342 7.5949 0.0000
2.9620 1.6456 0.0000
2.9620 1.7722 0.0000
2.9620 1.8987 0.0000
2.9620 2.0253 0.0000
2.9620 2.1519 0.0000
2.9620 2.2785 0.0000
2.9620 2.4051 0.0000
2.9620 2.5316 0.0000
2.9620 2.6582 0.0000
2.9620 2.7848 0.0000
2.9620 2.9114 0.0000
2.9620 3.0380 0.0000
2.9620 3.1646 0.0000
2.9620 3.2911 0.0000
2.9620 3.4177 0.0000
2.9620 3.5443 0.0000
2.9620 3.6709 0.0000
2.9620 3.7975 0.0000
2.9620 3.9241 0.0000
2.9620 4.0506 0.0000
2.9620 4.1772 0.0000
2.9620 4.3038 0.0000
2.9620 4.4304 0.0000
2.9620 4.5570 0.0000
2.9620 4.6835 0.0000
2.9620 4.8101 0.0000
2.9620 4.9367 0.0000
2.9620 5.0633 0.0000
2.9620 5.1899 0.0000
2.9620 5.3165 0.0000
2.9620 5.4430 0.0000
2.9620 5.5696 0.0000
2.9620 5.6962 0.0000
2.9620 5.8228 0.0000
2.9620 5.9494 0.0000
2.9620 6.0759 0.0000
2.9620 6.2025 0.0000
2.9620 6.3291 0.0000
2.9620 6.4557 0.0000
2.9620 6.5823 0.0000
2.9620 6.7089 0.0000
2.9620 6.8354 0.0000
2.9620 6.9620 0.0000
2.9620 7.0886 0.0000
2.9620 7.2152 0.0000
2.9620 7.3418 0.0000
2.9620 7.4684 0.0000
2.9620 7.5949 0.0000
3.1899 1.6456 0.0000
3.1899 1.7722 0.0000
3.1899 1.8987 0.0000
3.1899 2.0253 0.0000
3.1899 2.1519 0.0000
3.1899 2.2785 0.0000
3.1899 2.4051 0.0000
3.1899 2.5316 0.0000
3.1899 2.6582 0.0000
3.1899 2.7848 0.0000
3.1899 2.9114 0.0000
3.1899 3.0380 0.0000
3.1899 3.1646 0.0000
3.1899 3.2911 0.0000
3.1899 3.4177 0.0000
3.1899 3.5443 0.0000
3.1899 3.6709 0.0000
3.1899 3.7975 0.0000
3.1899 3.9241 0.0000
3.1899 4.0506 0.0000
3.1899 4.1772 0.0000
3.1899 4.3038 0.0000
3.1899 4.4304 0.0000
3.1899 4.5570 0.0000
3.1899 4.6835 0.0000
3.1899 4.8101 0.0000
3.1899 4.9367 0.0000
3.1899 5.0633 0.0000
3.1899 5.1899 0.0000
3.1899 5.3165 0.0000
3.1899 5.4430 0.0000
3.1899 5.5696 0.0000
3.1899 5.6962 0.0000
3.1899 5.8228 0.0000
3.1899 5.9494 0.0000
3.1899 6.0759 0.0000
3.1899 6.2025 0.0000
3.1899 6.3291 0.0000
3.1899 6.4557 0.0000
3.1899 6.5823 0.0000
3.1899 6.7089 0.0000
3.1899 6.8354 0.0000
3.1899 6.9620 0.0000
3.1899 7.0886 0.0000
3.1899 7.2152 0.0000
3.1899 7.3418 0.0000
3.1899 7.4684 0.0000
3.1899 7.5949 0.0000
3.4177 1.7722 0.0000
3.4177 1.8987 0.0000
3.4177 2.0253 0.0000
3.4177 2.1519 0.0000
3.4177 2.2785 0.0000
3.4177 2.4051 0.0000
3.4177 2.5316 0.0000
3.4177 2.6582 0.0000
3.4177 2.7848 0.0000
3.4177 2.9114 0.0000
3.4177 3.0380 0.0000
3.4177 3.1646 0.0000
3.4177 3.2911 0.0000
3.4177 3.4177 0.0000
3.4177 3.5443 0.0000
3.4177 3.6709 0.0000
3.4177 3.7975 0.0000
3.4177 3.9241 0.0000
3.4177 4.0506 0.0000
3.4177 4.1772 0.0000
3.4177 4.3038 0.0000
3.4177 4.4304 0.0000
3.4177 4.5570 0.0000
3.4177 4.6835 0.0000
3.4177 4.8101 0.0000
3.4177 4.9367 0.0000
3.4177 5.0633 0.0000
3.4177 5.1899 0.0000
3.4177 5.3165 0.0000
3.4177 5.4430 0.0000
3.4177 5.5696 0.0000
3.4177 5.6962 0.0000
3.4177 5.8228 0.0000
3.4177 5.9494 0.0000
3.4177 6.0759 0.0000
3.4177 6.2025 0.0000
3.4177 6.3291 0.0000
3.4177 6.4557 0.0000
3.4177 6.5823 0.0000
3.4177 6.7089 0.0000
3.4177 6.8354 0.0000
3.4177 6.9620 0.0000
3.4177 7.0886 0.0000
3.4177 7.2152 0.0000
3.4177 7.3418 0.0000
3.4177 7.4684 0.0000
3.4177 7.5949 0.0000
3.6456 1.8987 0.0000
3.6456 2.0253 0.0000
3.6456 2.1519 0.0000
3.6456 2.2785 0.0000
3.6456 2.4051 0.0000
3.6456 2.5316 0.0000
3.6456 2.6582 0.0000
3.6456 2.7848 0.0000
3.6456 2.9114 0.0000
3.6456 3.0380 0.0000
3.6456 3.1646 0.0000
3.6456 3.2911 0.0000
3.6456 3.4177 0.0000
3.6456 3.5443 0.0000
3.6456 3.6709 0.0000
3.6456 3.7975 0.0000
3.6456 3.9241 0.0000
3.6456 4.0506 0.0000
3.6456 4.1772 0.0000
3.6456 4.3038 0.0000
3.6456 4.4304 0.0000
3.6456 4.5570 0.0000
3.6456 4.6835 0.0000
3.6456 4.8101 0.0000
3.6456 4.9367 0.0000
3.6456 5.0633 0.0000
3.6456 5.1899 0.0000
3.6456 5.3165 0.0000
3.6456 5.4430 0.0000
3.6456 5.5696 0.0000
3.6456 5.6962 0.0000
3.6456 5.8228 0.0000
3.6456 5.9494 0.0000
3.6456 6.0759 0.0000
3.6456 6.2025 0.0000
3.6456 6.3291 0.0000
3.6456 6.4557 0.0000
3.6456 6.5823 0.0000
3.6456 6.7089 0.0000
3.6456 6.8354 0.0000
3.6456 6.9620 0.0000
3.6456 7.0886 0.0000
3.6456 7.2152 0.0000
3.6456 7.3418 0.0000
3.6456 7.4684 0.0000
3.6456 7.5949 0.0000
3.6456 7.7215 0.0000
3.8734 2.0253 0.0000
3.8734 2.1519 0.0000
3.8734 2.2785 0.0000
3.8734 2.4051 0.0000
3.8734 2.5316 0.0000
3.8734 2.6582 0.0000
3.8734 2.7848 0.0000
3.8734 2.9114 0.0000
3.8734 3.0380 0.0000
3.8734 3.1646 0.0000
3.8734 3.2911 0.0000
3.8734 3.4177 0.0000
3.8734 3.5443 0.0000
3.8734 3.6709 0.0000
3.8734 3.7975 0.0000
3.8734 3.9241 0.0000
3.8734 4.0506 0.0000
3.8734 4.1772 0.0000
3.8734 4.3038 0.0000
3.8734 4.4304 0.0000
3.8734 4.5570 0.0000
3.8734 4.6835 0.0000
3.8734 4.8101 0.0000
3.8734 4.9367 0.0000
3.8734 5.0633 0.0000
3.8734 5.1899 0.0000
3.8734 5.3165 0.0000
3.8734 5.4430 0.0000
3.8734 5.5696 0.0000
3.8734 5.6962 0.0000
3.8734 5.8228 0.0000
3.8734 5.9494 0.0000
3.8734 6.0759 0.0000
3.8734 6.2025 0.0000
3.8734 6.3291 0.0000
3.8734 6.4557 0.0000
3.8734 6.5823 0.0000
3.8734 6.7089 0.0000
3.8734 6.8354 0.0000
3.8734 6.9620 0.0000
3.8734 7.0886 0.0000
3.8734 7.2152 0.0000
3.8734 7.3418 0.0000
3.8734 7.4684 0.0000
3.8734 7.5949 0.0000
3.8734 7.7215 0.0000
4.1013 2.1519 0.0000
4.1013 2.2785 0.0000
4.1013 2.4051 0.0000
4.1013 2.5316 0.0000
4.1013 2.6582 0.0000
4.1013 2.7848 0.0000
4.1013 2.9114 0.0000
4.1013 3.0380 0.0000
4.1013 3.1646 0.0000
4.1013 3.2911 0.0000
4.1013 3.4177 0.0000
4.1013 3.5443 0.0000
4.1013 3.6709 0.0000
4.1013 3.7975 0.0000
4.1013 3.9241 0.0000
4.1013 4.0506 0.0000
4.1013 4.1772 0.0000
4.1013 4.3038 0.0000
4.1013 4.4304 0.0000
4.1013 4.5570 0.0000
4.1013 4.6835 0.0000
4.1013 4.8101 0.0000
4.1013 4.9367 0.0000
4.1013 5.0633 0.0000
4.1013 5.1899 0.0000
4.1013 5.3165 0.0000
4.1013 5.4430 0.0000
4.1013 5.5696 0.0000
4.1013 5.6962 0.0000
4.1013 5.8228 0.0000
4.1013 5.9494 0.0000
4.1013 6.0759 0.0000
4.1013 6.2025 0.0000
4.1013 6.3291 0.0000
4.1013 6.4557 0.0000
4.1013 6.5823 0.0000
4.1013 6.7089 0.0000
4.1013 6.8354 0.0000
4.1013 6.9620 0.0000
4.1013 7.0886 0.0000
4.1013 7.2152 0.0000
4.1013 7.3418 0.0000
4.1013 7.4684 0.0000
4.1013 7.5949 0.0000
4.1013 7.7215 0.0000
4.3291 2.2785 0.0000
4.3291 2.4051 0.0000
4.3291 2.5316 0.0000
4.3291 2.6582 0.0000
4.3291 2.7848 0.0000
4.3291 2.9114 0.0000
4.3291 3.0380 0.0000
4.3291 3.1646 0.0000
4.3291 3.2911 0.0000
4.3291 3.4177 0.0000
4.3291 3.5443 0.0000
4.3291 3.6709 0.0000
4.3291 3.7975 0.0000
4.3291 3.9241 0.0000
4.3291 4.0506 0.0000
4.3291 4.1772 0.0000
4.3291 4.3038 0.0000
4.3291 4.4304 0.0000
4.3291 4.5570 0.0000
4.3291 4.6835 0.0000
4.3291 4.8101 0.0000
4.3291 4.9367 0.0000
4.3291 5.0633 0.0000
4.3291 5.1899 0.0000
4.3291 5.3165 0.0000
4.3291 5.4430 0.0000
4.3291 5.5696 0.0000
4.3291 5.6962 0.0000
4.3291 5.8228 0.0000
4.3291 5.9494 0.0000
4.3291 6.0759 0.0000
4.3291 6.2025 0.0000
4.3291 6.3291 0.0000
4.3291 6.4557 0.0000
4.3291 6.5823 0.0000
4.3291 6.7089 0.0000
4.3291 6.8354 0.0000
4.3291 6.9620 0.0000
4.3291 7.0886 0.0000
4.3291 7.2152 0.0000
4.3291 7.3418 0.0000
4.3291 7.4684 0.0000
4.3291 7.5949 0.0000
4.3291 7.7215 0.0000
4.5570 2.2785 0.0000
4.5570 2.4051 0.0000
4.5570 2.5316 0.0000
4.5570 2.6582 0.0000
4.5570 2.7848 0.0000
4.5570 2.9114 0.0000
4.5570 3.0380 0.0000
4.5570 3.1646 0.0000
4.5570 3.2911 0.0000
4.5570 3.4177 0.0000
4.5570 3.5443 0.0000
4.5570 3.6709 0.0000
4.5570 3.7975 0.0000
4.5570 3.9241 0.0000
4.5570 4.0506 0.0000
4.5570 4.1772 0.0000
4.5570 4.3038 0.0000
4.5570 4.4304 0.0000
4.5570 4.5570 0.0000
4.5570 4.6835 0.0000
4.5570 4.8101 0.0000
4.5570 4.9367 0.0000
4.5570 5.0633 0.0000
4.5570 5.1899 0.0000
4.5570 5.3165 0.0000
4.5570 5.4430 0.0000
4.5570 5.5696 0.0000
4.5570 5.6962 0.0000
4.5570 5.8228 0.0000
4.5570 5.9494 0.0000
4.5570 6.0759 0.0000
4.5570 6.2025 0.0000
4.5570 6.3291 0.0000
4.5570 6.4557 0.0000
4.5570 6.5823 0.0000
4.5570 6.7089 0.0000
4.5570 6.8354 0.0000
4.5570 6.9620 0.0000
4.5570 7.0886 0.0000
4.5570 7.2152 0.0000
4.5570 7.3418 0.0000
4.5570 7.4684 0.0000
4.5570 7.5949 0.0000
4.5570 7.7215 0.0000
4.5570 7.8481 0.0000
4.7848 2.4051 0.0000
4.7848 2.5316 0.0000
4.7848 2.6582 0.0000
4.7848 2.7848 0.0000
4.7848 2.9114 0.0000
4.7848 3.0380 0.0000
4.7848 3.1646 0.0000
4.7848 3.2911 0.0000
4.7848 3.4177 0.0000
4.7848 3.5443 0.0000
4.7848 3.6709 0.0000
4.7848 3.7975 0.0000
4.7848 3.9241 0.0000
4.7848 4.0506 0.0000
4.7848 4.1772 0.0000
4.7848 4.3038 0.0000
4.7848 4.4304 0.0000
4.7848 4.5570 0.0000
4.7848 4.6835 0.0000
4.7848 4.8101 0.0000
4.7848 4.9367 0.0000
4.7848 5.0633 0.0000
4.7848 5.1899 0.0000
4.7848 5.3165 0.0000
4.7848 5.4430 0.0000
4.7848 5.5696 0.0000
4.7848 5.6962 0.0000
4.7848 5.8228 0.0000
4.7848 5.9494 0.0000
4.7848 6.0759 0.0000
4.7848 6.2025 0.0000
4.7848 6.3291 0.0000
4.7848 6.4557 0.0000
4.7848 6.5823 0.0000
4.7848 6.7089 0.0000
4.7848 6.8354 0.0000
4.7848 6.9620 0.0000
4.7848 7.0886 0.0000
4.7848 7.2152 0.0000
4.7848 7.3418 0.0000
4.7848 7.4684 0.0000
4.7848 7.5949 0.0000
4.7848 7.7215 0.0000
4.7848 7.8481 0.0000
5.0127 2.5316 0.0000
5.0127 2.6582 0.0000
5.0127 2.7848 0.0000
5.0127 2.9114 0.0000
5.0127 3.0380 0.0000
5.0127 3.1646 0.0000
5.0127 3.2911 0.0000
5.0127 3.4177 0.0000
5.0127 3.5443 0.0000
5.0127 3.6709 0.0000
5.0127 3.7975 0.0000
5.0127 3.9241 0.0000
5.0127 4.0506 0.0000
5.0127 4.1772 0.0000
5.0127 4.3038 0.0000
5.0127 4.4304 0.0000
5.0127 4.5570 0.0000
5.0127 4.6835 0.0000
5.0127 4.8101 0.0000
5.0127 4.9367 0.0000
5.0127 5.0633 0.0000
5.0127 5.1899 0.0000
5.0127 5.3165 0.0000
5.0127 5.4430 0.0000
5.0127 5.5696 0.0000
5.0127 5.6962 0.0000
5.0127 5.8228 0.0000
5.0127 5.9494 0.0000
5.0127 6.0759 0.0000
5.0127 6.2025 0.0000
5.0127 6.3291 0.0000
5.0127 6.4557 0.0000
5.0127 6.5823 0.0000
5.0127 6.7089 0.0000
5.0127 6.8354 0.0000
5.0127 6.9620 0.0000
5.0127 7.0886 0.0000
5.0127 7.2152 0.0000
5.0127 7.3418 0.0000
5.0127 7.4684 0.0000
5.0127 7.5949 0.0000
5.0127 7.7215 0.0000
5.0127 7.8481 0.0000
5.2405 2.6582 0.0000
5.2405 2.7848 0.0000
5.2405 2.9114 0.0000
5.2405 3.0380 0.0000
5.2405 3.1646 0.0000
5.2405 3.2911 0.0000
5.2405 3.4177 0.0000
5.2405 3.5443 0.0000
5.2405 3.6709 0.0000
5.2405 3.7975 0.0000
5.2405 3.9241 0.0000
5.2405 4.0506 0.0000
5.2405 4.1772 0.0000
5.2405 4.3038 0.0000
5.2405 4.4304 0.0000
5.2405 4.5570 0.0000
5.2405 4.6835 0.0000
5.2405 4.8101 0.0000
5.2405 4.9367 0.0000
5.2405 5.0633 0.0000
5.2405 5.1899 0.0000
5.2405 5.3165 0.0000
5.2405 5.4430 0.0000
5.2405 5.5696 0.0000
5.2405 5.6962 0.0000
5.2405 5.8228 0.0000
5.2405 5.9494 0.0000
5.2405 6.0759 0.0000
5.2405 6.2025 0.0000
5.2405 6.3291 0.0000
5.2405 6.4557 0.0000
5.2405 6.5823 0.0000
5.2405 6.7089 0.0000
5.2405 6.8354 0.0000
5.2405 6.9620 0.0000
5.2405 7.0886 0.0000
5.2405 7.2152 0.0000
5.2405 7.3418 0.0000
5.2405 7.4684 0.0000
5.2405 7.5949 0.0000
5.2405 7.7215 0.0000
5.2405 7.8481 0.0000
5.4684 2.7848 0.0000
5.4684 2.9114 0.0000
5.4684 3.0380 0.0000
5.4684 3.1646 0.0000
5.4684 3.2911 0.0000
5.4684 3.4177 0.0000
5.4684 3.5443 0.0000
5.4684 3.6709 0.0000
5.4684 3.7975 0.0000
5.4684 3.9241 0.0000
5.4684 4.0506 0.0000
5.4684 4.1772 0.0000
5.4684 4.3038 0.0000
5.4684 4.4304 0.0000
5.4684 4.5570 0.0000
5.4684 4.6835 0.0000
5.4684 4.8101 0.0000
5.4684 4.9367 0.0000
5.4684 5.0633 0.0000
5.4684 5.1899 0.0000
5.4684 5.3165 0.0000
5.4684 5.4430 0.0000
5.4684 5.5696 0.0000
5.4684 5.6962 0.0000
5.4684 5.8228 0.0000
5.4684 5.9494 0.0000
5.4684 6.0759 0.0000
5.4684 6.2025 0.0000
5.4684 6.3291 0.0000
5.4684 6.4557 0.0000
5.4684 6.5823 0.0000
5.4684 6.7089 0.0000
5.4684 6.8354 0.0000
5.4684 6.9620 0.0000
5.4684 7.0886 0.0000
5.4684 7.2152 0.0000
5.4684 7.3418 0.0000
5.4684 7.4684 0.0000
5.4684 7.5949 0.0000
5.4684 7.7215 0.0000
5.4684 7.8481 0.0000
5.4684 7.9747 0.0000
5.6962 2.9114 0.0000
5.6962 3.0380 0.0000
5.6962 3.1646 0.0000
5.6962 3.2911 0.0000
5.6962 3.4177 0.0000
5.6962 3.5443 0.0000
5.6962 3.6709 0.0000
5.6962 3.7975 0.0000
5.6962 3.9241 0.0000
5.6962 4.0506 0.0000
5.6962 4.1772 0.0000
5.6962 4.3038 0.0000
5.6962 4.4304 0.0000
5.6962 4.5570 0.0000
5.6962 4.6835 0.0000
5.6962 4.8101 0.0000
5.6962 4.9367 0.0000
5.6962 5.0633 0.0000
5.6962 5.1899 0.0000
5.6962 5.3165 0.0000
5.6962 5.4430 0.0000
5.6962 5.5696 0.0000
5.6962 5.6962 0.0000
5.6962 5.8228 0.0000
5.6962 5.9494 0.0000
5.6962 6.0759 0.0000
5.6962 6.2025 0.0000
5.6962 6.3291 0.0000
5.6962 6.4557 0.0000
5.6962 6.5823 0.0000
5.6962 6.7089 0.0000
5.6962 6.8354 0.0000
5.6962 6.9620 0.0000
5.6962 7.0886 0.0000
5.6962 7.2152 0.0000
5.6962 7.3418 0.0000
5.6962 7.4684 0.0000
5.6962 7.5949 0.0000
5.6962 7.7215 0.0000
5.6962 7.8481 0.0000
5.6962 7.9747 0.0000
5.9241 3.0380 0.0000
5.9241 3.1646 0.0000
5.9241 3.2911 0.0000
5.9241 3.4177 0.0000
5.9241 3.5443 0.0000
5.9241 3.6709 0.0000
5.9241 3.7975 0.0000
5.9241 3.9241 0.0000
5.9241 4.0506 0.0000
5.9241 4.1772 0.0000
5.9241 4.3038 0.0000
5.9241 4.4304 0.0000
5.9241 4.5570 0.0000
5.9241 4.6835 0.0000
5.9241 4.8101 0.0000
5.9241 4.9367 0.0000
5.9241 5.0633 0.0000
5.9241 5.1899 0.0000
5.9241 5.3165 0.0000
5.9241 5.4430 0.0000
5.9241 5.5696 0.0000
5.9241 5.6962 0.0000
5.9241 5.8228 0.0000
5.9241 5.9494 0.0000
5.9241 6.0759 0.0000
5.9241 6.2025 0.0000
5.9241 6.3291 0.0000
5.9241 6.4557 0.0000
5.9241 6.5823 0.0000
5.9241 6.7089 0.0000
5.9241 6.8354 0.0000
5.9241 6.9620 0.0000
5.9241 7.0886 0.0000
5.9241 7.2152 0.0000
5.9241 7.3418 0.0000
5.9241 7.4684 0.0000
5.9241 7.5949 0.0000
5.9241 7.7215 0.0000
5.9241 7.8481 0.0000
5.9241 7.9747 0.0000
6.1519 3.0380 0.0000
6.1519 3.1646 0.0000
6.1519 3.2911 0.0000
6.1519 3.4177 0.0000
6.1519 3.5443 0.0000
6.1519 3.6709 0.0000
6.1519 3.7975 0.0000
6.1519 3.9241 0.0000
6.1519 4.0506 0.0000
6.1519 4.1772 0.0000
6.1519 4.3038 0.0000
6.1519 4.4304 0.0000
6.1519 4.5570 0.0000
6.1519 4.6835 0.0000
6.1519 4.8101 0.0000
6.1519 4.9367 0.0000
6.1519 5.0633 0.0000
6.1519 5.1899 0.0000
6.1519 5.3165 0.0000
6.1519 5.4430 0.0000
6.1519 5.5696 0.0000
6.1519 5.6962 0.0000
6.1519 5.8228 0.0000
6.1519 5.9494 0.0000
6.1519 6.0759 0.0000
6.1519 6.2025 0.0000
6.1519 6.3291 0.0000
6.1519 6.4557 0.0000
6.1519 6.5823 0.0000
6.1519 6.7089 0.0000
6.1519 6.8354 0.0000
6.1519 6.9620 0.0000
6.1519 7.0886 0.0000
6.1519 7.2152 0.0000
6.1519 7.3418 0.0000
6.1519 7.4684 0.0000
6.1519 7.5949 0.0000
6.1519 7.7215 0.0000
6.1519 7.8481 0.0000
6.1519 7.9747 0.0000
6.3797 3.1646 0.0000
6.3797 3.2911 0.0000
6.3797 3.4177 0.0000
6.3797 3.5443 0.0000
6.3797 3.6709 0.0000
6.3797 3.7975 0.0000
6.3797 3.9241 0.0000
6.3797 4.0506 0.0000
6.3797 4.1772 0.0000
6.3797 4.3038 0.0000
6.3797 4.4304 0.0000
6.3797 4.5570 0.0000
6.3797 4.6835 0.0000
6.3797 4.8101 0.0000
6.3797 4.9367 0.0000
6.3797 5.0633 0.0000
6.3797 5.1899 0.0000
6.3797 5.3165 0.0000
6.3797 5.4430 0.0000
6.3797 5.5696 0.0000
6.3797 5.6962 0.0000
6.3797 5.8228 0.0000
6.3797 5.9494 0.0000
6.3797 6.0759 0.0000
6.3797 6.2025 0.0000
6.3797 6.3291 0.0000
6.3797 6.4557 0.0000
6.3797 6.5823 0.0000
6.3797 6.7089 0.0000
6.3797 6.8354 0.0000
6.3797 6.9620 0.0000
6.3797 7.0886 0.0000
6.3797 7.2152 0.0000
6.3797 7.3418 0.0000
6.3797 7.4684 0.0000
6.3797 7.5949 0.0000
6.3797 7.7215 0.0000
6.3797 7.8481 0.0000
6.3797 7.9747 0.0000
6.6076 3.2911 0.0000
6.6076 3.4177 0.0000
6.6076 3.5443 0.0000
6.6076 3.6709 0.0000
6.6076 3.7975 0.0000
6.6076 3.9241 0.0000
6.6076 4.0506 0.0000
6.6076 4.1772 0.0000
6.6076 4.3038 0.0000
6.6076 4.4304 0.0000
6.6076 4.5570 0.0000
6.6076 4.6835 0.0000
6.6076 4.8101 0.0000
6.6076 4.9367 0.0000
6.6076 5.0633 0.0000
6.6076 5.1899 0.0000
6.6076 5.3165 0.0000
6.6076 5.4430 0.0000
6.6076 5.5696 0.0000
6.6076 5.6962 0.0000
6.6076 5.8228 0.0000
6.6076 5.9494 0.0000
6.6076 6.0759 0.0000
6.6076 6.2025 0.0000
6.6076 6.3291 0.0000
6.6076 6.4557 0.0000
6.6076 6.5823 0.0000
6.6076 6.7089 0.0000
6.6076 6.8354 0.0000
6.6076 6.9620 0.0000
6.6076 7.0886 0.0000
6.6076 7.2152 0.0000
6.6076 7.3418 0.0000
6.6076 7.4684 0.0000
6.6076 7.5949 0.0000
6.6076 7.7215 0.0000
6.6076 7.8481 0.0000
6.6076 7.9747 0.0000
6.6076 8.1013 0.0000
6.8354 3.4177 0.0000
6.8354 3.5443 0.0000
6.8354 3.6709 0.0000
6.8354 3.7975 0.0000
6.8354 3.9241 0.0000
6.8354 4.0506 0.0000
6.8354 4.1772 0.0000
6.8354 4.3038 0.0000
6.8354 4.4304 0.0000
6.8354 4.5570 0.0000
6.8354 4.6835 0.0000
6.8354 4.8101 0.0000
6.8354 4.9367 0.0000
6.8354 5.0633 0.0000
6.8354 5.1899 0.0000
6.8354 5.3165 0.0000
6.8354 5.4430 0.0000
6.8354 5.5696 0.0000
6.8354 5.6962 0.0000
6.8354 5.8228 0.0000
6.8354 5.9494 0.0000
6.8354 6.0759 0.0000
6.8354 6.2025 0.0000
6.8354 6.3291 0.0000
6.8354 6.4557 0.0000
6.8354 6.5823 0.0000
6.8354 6.7089 0.0000
6.8354 6.8354 0.0000
6.8354 6.9620 0.0000
6.8354 7.0886 0.0000
6.8354 7.2152 0.0000
6.8354 7.3418 0.0000
6.8354 7.4684 0.0000
6.8354 7.5949 0.0000
6.8354 7.7215 0.0000
6.8354 7.8481 0.0000
6.8354 7.9747 0.0000
6.8354 8.1013 0.0000
7.0633 3.5443 0.0000
7.0633 3.6709 0.0000
7.0633 3.7975 0.0000
7.0633 3.9241 0.0000
7.0633 4.0506 0.0000
7.0633 4.1772 0.0000
7.0633 4.3038 0.0000
7.0633 4.4304 0.0000
7.0633 4.5570 0.0000
7.0633 4.6835 0.0000
7.0633 4.8101 0.0000
7.0633 4.9367 0.0000
7.0633 5.0633 0.0000
7.0633 5.1899 0.0000
7.0633 5.3165 0.0000
7.0633 5.4430 0.0000
7.0633 5.5696 0.0000
7.0633 5.6962 0.0000
7.0633 5.8228 0.0000
7.0633 5.9494 0.0000
7.0633 6.0759 0.0000
7.0633 6.2025 0.0000
7.0633 6.3291 0.0000
7.0633 6.4557 0.0000
7.0633 6.5823 0.0000
7.0633 6.7089 0.0000
7.0633 6.8354 0.0000
7.0633 6.9620 0.0000
7.0633 7.0886 0.0000
7.0633 7.2152 0.0000
7.0633 7.3418 0.0000
7.0633 7.4684 0.0000
7.0633 7.5949 0.0000
7.0633 7.7215 0.0000
7.0633 7.8481 0.0000
7.0633 7.9747 0.0000
7.0633 8.1013 0.0000
7.2911 3.6709 0.0000
7.2911 3.7975 0.0000
7.2911 3.9241 0.0000
7.2911 4.0506 0.0000
7.2911 4.1772 0.0000
7.2911 4.3038 0.0000
7.2911 4.4304 0.0000
7.2911 4.5570 0.0000
7.2911 4.6835 0.0000
7.2911 4.8101 0.0000
7.2911 4.9367 0.0000
7.2911 5.0633 0.0000
7.2911 5.1899 0.0000
7.2911 5.3165 0.0000
7.2911 5.4430 0.0000
7.2911 5.5696 0.0000
7.2911 5.6962 0.0000
7.2911 5.8228 0.0000
7.2911 5.9494 0.0000
7.2911 6.0759 0.0000
7.2911 6.2025 0.0000
7.2911 6.3291 0.0000
7.2911 6.4557 0.0000
7.2911 6.5823 0.0000
7.2911 6.7089 0.0000
7.2911 6.8354 0.0000
7.2911 6.9620 0.0000
7.2911 7.0886 0.0000
7.2911 7.2152 0.0000
7.2911 7.3418 0.0000
7.2911 7.4684 0.0000
7.2911 7.5949 0.0000
7.2911 7.7215 0.0000
7.2911 7.8481 0.0000
7.2911 7.9747 0.0000
7.2911 8.1013 0.0000
7.5190 3.6709 0.0000
7.5190 3.7975 0.0000
7.5190 3.9241 0.0000
7.5190 4.0506 0.0000
7.5190 4.1772 0.0000
7.5190 4.3038 0.0000
7.5190 4.4304 0.0000
7.5190 4.5570 0.0000
7.5190 4.6835 0.0000
7.5190 4.8101 0.0000
7.5190 4.9367 0.0000
7.5190 5.0633 0.0000
7.5190 5.1899 0.0000
7.5190 5.3165 0.0000
7.5190 5.4430 0.0000
7.5190 5.5696 0.0000
7.5190 5.6962 0.0000
7.5190 5.8228 0.0000
7.5190 5.9494 0.0000
7.5190 6.0759 0.0000
7.5190 6.2025 0.0000
7.5190 6.3291 0.0000
7.5190 6.4557 0.0000
7.5190 6.5823 0.0000
7.5190 6.7089 0.0000
7.5190 6.8354 0.0000
7.5190 6.9620 0.0000
7.5190 7.0886 0.0000
7.5190 7.2152 0.0000
7.5190 7.3418 0.0000
7.5190 7.4684 0.0000
7.5190 7.5949 0.0000
7.5190 7.7215 0.0000
7.5190 7.8481 0.0000
7.5190 7.9747 0.0000
7.5190 8.1013 0.0000
7.5190 8.2278 0.0000
7.7468 3.7975 0.0000
7.7468 3.9241 0.0000
7.7468 4.0506 0.0000
7.7468 4.1772 0.0000
7.7468 4.3038 0.0000
7.7468 4.4304 0.0000
7.7468 4.5570 0.0000
7.7468 4.6835 0.0000
7.7468 4.8101 0.0000
7.7468 4.9367 0.0000
7.7468 5.0633 0.0000
7.7468 5.1899 0.0000
7.7468 5.3165 0.0000
7.7468 5.4430 0.0000
7.7468 5.5696 0.0000
7.7468 5.6962 0.0000
7.7468 5.8228 0.0000
7.7468 5.9494 0.0000
7.7468 6.0759 0.0000
7.7468 6.2025 0.0000
7.7468 6.3291 0.0000
7.7468 6.4557 0.0000
7.7468 6.5823 0.0000
7.7468 6.7089 0.0000
7.7468 6.8354 0.0000
7.7468 6.9620 0.0000
7.7468 7.0886 0.0000
7.7468 7.2152 0.0000
7.7468 7.3418 0.0000
7.7468 7.4684 0.0000
7.7468 7.5949 0.0000
7.7468 7.7215 0.0000
7.7468 7.8481 0.0000
7.7468 7.9747 0.0000
7.7468 8.1013 0.0000
7.7468 8.2278 0.0000
7.9747 3.9241 0.0000
7.9747 4.0506 0.0000
7.9747 4.1772 0.0000
7.9747 4.3038 0.0000
7.9747 4.4304 0.0000
7.9747 4.5570 0.0000
7.9747 4.6835 0.0000
7.9747 4.8101 0.0000
7.9747 4.9367 0.0000
7.9747 5.0633 0.0000
7.9747 5.1899 0.0000
7.9747 5.3165 0.0000
7.9747 5.4430 0.0000
7.9747 5.5696 0.0000
7.9747 5.6962 0.0000
7.9747 5.8228 0.0000
7.9747 5.9494 0.0000
7.9747 6.0759 0.0000
7.9747 6.2025 0.0000
7.9747 6.3291 0.0000
7.9747 6.4557 0.0000
7.9747 6.5823 0.0000
7.9747 6.7089 0.0000
7.9747 6.8354 0.0000
7.9747 6.9620 0.0000
7.9747 7.0886 0.0000
7.9747 7.2152 0.0000
7.9747 7.3418 0.0000
7.9747 7.4684 0.0000
7.9747 7.5949 0.0000
7.9747 7.7215 0.0000
7.9747 7.8481 0.0000
7.9747 7.9747 0.0000
7.9747 8.1013 0.0000
7.9747 8.2278 0.0000
8.2025 4.0506 0.0000
8.2025 4.1772 0.0000
8.2025 4.3038 0.0000
8.2025 4.4304 0.0000
8.2025 4.5570 0.0000
8.2025 4.6835 0.0000
8.2025 4.8101 0.0000
8.2025 4.9367 0.0000
8.2025 5.0633 0.0000
8.2025 5.1899 0.0000
8.2025 5.3165 0.0000
8.2025 5.4430 0.0000
8.2025 5.5696 0.0000
8.2025 5.6962 0.0000
8.2025 5.8228 0.0000
8.2025 5.9494 0.0000
8.2025 6.0759 0.0000
8.2025 6.2025 0.0000
8.2025 6.3291 0.0000
8.2025 6.4557 0.0000
8.2025 6.5823 0.0000
8.2025 6.7089 0.0000
8.2025 6.8354 0.0000
8.2025 6.9620 0.0000
8.2025 7.0886 0.0000
8.2025 7.2152 0.0000
8.2025 7.3418 0.0000
8.2025 7.4684 0.0000
8.2025 7.5949 0.0000
8.2025 7.7215 0.0000
8.2025 7.8481 0.0000
8.2025 7.9747 0.0000
8.2025 8.1013 0.0000
8.2025 8.2278 0.0000
8.4304 4.1772 0.0000
8.4304 4.3038 0.0000
8.4304 4.4304 0.0000
8.4304 4.5570 0.0000
8.4304 4.6835 0.0000
8.4304 4.8101 0.0000
8.4304 4.9367 0.0000
8.4304 5.0633 0.0000
8.4304 5.1899 0.0000
8.4304 5.3165 0.0000
8.4304 5.4430 0.0000
8.4304 5.5696 0.0000
8.4304 5.6962 0.0000
8.4304 5.8228 0.0000
8.4304 5.9494 0.0000
8.4304 6.0759 0.0000
8.4304 6.2025 0.0000
8.4304 6.3291 0.0000
8.4304 6.4557 0.0000
8.4304 6.5823 0.0000
8.4304 6.7089 0.0000
8.4304 6.8354 0.0000
8.4304 6.9620 0.0000
8.4304 7.0886 0.0000
8.4304 7.2152 0.0000
8.4304 7.3418 0.0000
8.4304 7.4684 0.0000
8.4304 7.5949 0.0000
8.4304 7.7215 0.0000
8.4304 7.8481 0.0000
8.4304 7.9747 0.0000
8.4304 8.1013 0.0000
8.4304 8.2278 0.0000
8.4304 8.3544 0.0000
8.6582 4.3038 0.0000
8.6582 4.4304 0.0000
8.6582 4.5570 0.0000
8.6582 4.6835 0.0000
8.6582 4.8101 0.0000
8.6582 4.9367 0.0000
8.6582 5.0633 0.0000
8.6582 5.1899 0.0000
8.6582 5.3165 0.0000
8.6582 5.4430 0.0000
8.6582 5.5696 0.0000
8.6582 5.6962 0.0000
8.6582 5.8228 0.0000
8.6582 5.9494 0.0000
8.6582 6.0759 0.0000
8.6582 6.2025 0.0000
8.6582 6.3291 0.0000
8.6582 6.4557 0.0000
8.6582 6.5823 0.0000
8.6582 6.7089 0.0000
8.6582 6.8354 0.0000
8.6582 6.9620 0.0000
8.6582 7.0886 0.0000
8.6582 7.2152 0.0000
8.6582 7.3418 0.0000
8.6582 7.4684 0.0000
8.6582 7.5949 0.0000
8.6582 7.7215 0.0000
8.6582 7.8481 0.0000
8.6582 7.9747 0.0000
8.6582 8.1013 0.0000
8.6582 8.2278 0.0000
8.6582 8.3544 0.0000
8.8861 4.3038 0.0000
8.8861 4.4304 0.0000
8.8861 4.5570 0.0000
8.8861 4.6835 0.0000
8.8861 4.8101 0.0000
8.8861 4.9367 0.0000
8.8861 5.0633 0.0000
8.8861 5.1899 0.0000
8.8861 5.3165 0.0000
8.8861 5.4430 0.0000
8.8861 5.5696 0.0000
8.8861 5.6962 0.0000
8.8861 5.8228 0.0000
8.8861 5.9494 0.0000
8.8861 6.0759 0.0000
8.8861 6.2025 0.0000
8.8861 6.3291 0.0000
8.8861 6.4557 0.0000
8.8861 6.5823 0.0000
8.8861 6.7089 0.0000
8.8861 6.8354 0.0000
8.8861 6.9620 0.0000
8.8861 7.0886 0.0000
8.8861 7.2152 0.0000
8.8861 7.3418 0.0000
8.8861 7.4684 0.0000
8.8861 7.5949 0.0000
8.8861 7.7215 0.0000
8.8861 7.8481 0.0000
8.8861 7.9747 0.0000
8.8861 8.1013 0.0000
8.8861 8.2278 0.0000
8.8861 8.3544 0.0000
9.1139 4.4304 0.0000
9.1139 4.5570 0.0000
9.1139 4.6835 0.0000
9.1139 4.8101 0.0000
9.1139 4.9367 0.0000
9.1139 5.0633 0.0000
9.1139 5.1899 0.0000
9.1139 5.3165 0.0000
9.1139 5.4430 0.0000
9.1139 5.5696 0.0000
9.1139 5.6962 0.0000
9.1139 5.8228 0.0000
9.1139 5.9494 0.0000
9.1139 6.0759 0.0000
9.1139 6.2025 0.0000
9.1139 6.3291 0.0000
9.1139 6.4557 0.0000
9.1139 6.5823 0.0000
9.1139 6.7089 0.0000
9.1139 6.8354 0.0000
9.1139 6.9620 0.0000
9.1139 7.0886 0.0000
9.1139 7.2152 0.0000
9.1139 7.3418 0.0000
9.1139 7.4684 0.0000
9.1139 7.5949 0.0000
9.1139 7.7215 0.0000
9.1139 7.8481 0.0000
9.1139 7.9747 0.0000
9.1139 8.1013 0.0000
9.1139 8.2278 0.0000
9.1139 8.3544 0.0000
9.3418 4.5570 0.0000
9.3418 4.6835 0.0000
9.3418 4.8101 0.0000
9.3418 4.9367 0.0000
9.3418 5.0633 0.0000
9.3418 5.1899 0.0000
9.3418 5.3165 0.0000
9.3418 5.4430 0.0000
9.3418 5.5696 0.0000
9.3418 5.6962 0.0000
9.3418 5.8228 0.0000
9.3418 5.9494 0.0000
9.3418 6.0759 0.0000
9.3418 6.2025 0.0000
9.3418 6.3291 0.0000
9.3418 6.4557 0.0000
9.3418 6.5823 0.0000
9.3418 6.7089 0.0000
9.3418 6.8354 0.0000
9.3418 6.9620 0.0000
9.3418 7.0886 0.0000
9.3418 7.2152 0.0000
9.3418 7.3418 0.0000
9.3418 7.4684 0.0000
9.3418 7.5949 0.0000
9.3418 7.7215 0.0000
9.3418 7.8481 0.0000
9.3418 7.9747 0.0000
9.3418 8.1013 0.0000
9.3418 8.2278 0.0000
9.3418 8.3544 0.0000
9.3418 8.4810 0.0000
9.5696 4.6835 0.0000
9.5696 4.8101 0.0000
9.5696 4.9367 0.0000
9.5696 5.0633 0.0000
9.5696 5.1899 0.0000
9.5696 5.3165 0.0000
9.5696 5.4430 0.0000
9.5696 5.5696 0.0000
9.5696 5.6962 0.0000
9.5696 5.8228 0.0000
9.5696 5.9494 0.0000
9.5696 6.0759 0.0000
9.5696 6.2025 0.0000
9.5696 6.3291 0.0000
9.5696 6.4557 0.0000
9.5696 6.5823 0.0000
9.5696 6.7089 0.0000
9.5696 6.8354 0.0000
9.5696 6.9620 0.0000
9.5696 7.0886 0.0000
9.5696 7.2152 0.0000
9.5696 7.3418 0.0000
9.5696 7.4684 0.0000
9.5696 7.5949 0.0000
9.5696 7.7215 0.0000
9.5696 7.8481 0.0000
9.5696 7.9747 0.0000
9.5696 8.1013 0.0000
9.5696 8.2278 0.0000
9.5696 8.3544 0.0000
9.5696 8.4810 0.0000
9.7975 4.8101 0.0000
9.7975 4.9367 0.0000
9.7975 5.0633 0.0000
9.7975 5.1899 0.0000
9.7975 5.3165 0.0000
9.7975 5.4430 0.0000
9.7975 5.5696 0.0000
9.7975 5.6962 0.0000
9.7975 5.8228 0.0000
9.7975 5.9494 0.0000
9.7975 6.0759 0.0000
9.7975 6.2025 0.0000
9.7975 6.3291 0.0000
9.7975 6.4557 0.0000
9.7975 6.5823 0.0000
9.7975 6.7089 0.0000
9.7975 6.8354 0.0000
9.7975 6.9620 0.0000
9.7975 7.0886 0.0000
9.7975 7.2152 0.0000
9.7975 7.3418 0.0000
9.7975 7.4684 0.0000
9.7975 7.5949 0.0000
9.7975 7.7215 0.0000
9.7975 7.8481 0.0000
9.7975 7.9747 0.0000
9.7975 8.1013 0.0000
9.7975 8.2278 0.0000
9.7975 8.3544 0.0000
9.7975 8.4810 0.0000
10.0253 4.9367 0.0000
10.0253 5.0633 0.0000
10.0253 5.1899 0.0000
10.0253 5.3165 0.0000
10.0253 5.4430 0.0000
10.0253 5.5696 0.0000
10.0253 5.6962 0.0000
10.0253 5.8228 0.0000
10.0253 5.9494 0.0000
10.0253 6.0759 0.0000
10.0253 6.2025 0.0000
10.0253 6.3291 0.0000
10.0253 6.4557 0.0000
10.0253 6.5823 0.0000
10.0253 6.7089 0.0000
10.0253 6.8354 0.0000
10.0253 6.9620 0.0000
10.0253 7.0886 0.0000
10.0253 7.2152 0.0000
10.0253 7.3418 0.0000
10.0253 7.4684 0.0000
10.0253 7.5949 0.0000
10.0253 7.7215 0.0000
10.0253 7.8481 0.0000
10.0253 7.9747 0.0000
10.0253 8.1013 0.0000
10.0253 8.2278 0.0000
10.0253 8.3544 0.0000
10.0253 8.4810 0.0000
10.2532 4.9367 0.0000
10.2532 5.0633 0.0000
10.2532 5.1899 0.0000
10.2532 5.3165 0.0000
10.2532 5.4430 0.0000
10.2532 5.5696 0.0000
10.2532 5.6962 0.0000
10.2532 5.8228 0.0000
10.2532 5.9494 0.0000
10.2532 6.0759 0.0000
10.2532 6.2025 0.0000
10.2532 6.3291 0.0000
10.2532 6.4557 0.0000
10.2532 6.5823 0.0000
10.2532 6.7089 0.0000
10.2532 6.8354 0.0000
10.2532 6.9620 0.0000
10.2532 7.0886 0.0000
10.2532 7.2152 0.0000
10.2532 7.3418 0.0000
10.2532 7.4684 0.0000
10.2532 7.5949 0.0000
10.2532 7.7215 0.0000
10.2532 7.8481 0.0000
10.2532 7.9747 0.0000
10.2532 8.1013 0.0000
10.2532 8.2278 0.0000
10.2532 8.3544 0.0000
10.2532 8.4810 0.0000
10.4810 5.0633 0.0000
10.4810 5.1899 0.0000
10.4810 5.3165 0.0000
10.4810 5.4430 0.0000
10.4810 5.5696 0.0000
10.4810 5.6962 0.0000
10.4810 5.8228 0.0000
10.4810 5.9494 0.0000
10.4810 6.0759 0.0000
10.4810 6.2025 0.0000
10.4810 6.3291 0.0000
10.4810 6.4557 0.0000
10.4810 6.5823 0.0000
10.4810 6.7089 0.0000
10.4810 6.8354 0.0000
10.4810 6.9620 0.0000
10.4810 7.0886 0.0000
10.4810 7.2152 0.0000
10.4810 7.3418 0.0000
10.4810 7.4684 0.0000
10.4810 7.5949 0.0000
10.4810 7.7215 0.0000
10.4810 7.8481 0.0000
10.4810 7.9747 0.0000
10.4810 8.1013 0.0000
10.4810 8.2278 0.0000
10.4810 8.3544 0.0000
10.4810 8.4810 0.0000
10.4810 8.6076 0.0000
10.7089 5.1899 0.0000
10.7089 5.3165 0.0000
10.7089 5.4430 0.0000
10.7089 5.5696 0.0000
10.7089 5.6962 0.0000
10.7089 5.8228 0.0000
10.7089 5.9494 0.0000
10.7089 6.0759 0.0000
10.7089 6.2025 0.0000
10.7089 6.3291 0.0000
10.7089 6.4557 0.0000
10.7089 6.5823 0.0000
10.7089 6.7089 0.0000
10.7089 6.8354 0.0000
10.7089 6.9620 0.0000
10.7089 7.0886 0.0000
10.7089 7.2152 0.0000
10.7089 7.3418 0.0000
10.7089 7.4684 0.0000
10.7089 7.5949 0.0000
10.7089 7.7215 0.0000
10.7089 7.8481 0.0000
10.7089 7.9747 0.0000
10.7089 8.1013 0.0000
10.7089 8.2278 0.0000
10.7089 8.3544 0.0000
10.7089 8.4810 0.0000
10.7089 8.6076 0.0000
10.9367 5.3165 0.0000
10.9367 5.4430 0.0000
10.9367 5.5696 0.0000
10.9367 5.6962 0.0000
10.9367 5.8228 0.0000
10.9367 5.9494 0.0000
10.9367 6.0759 0.0000
10.9367 6.2025 0.0000
10.9367 6.3291 0.0000
10.9367 6.4557 0.0000
10.9367 6.5823 0.0000
10.9367 6.7089 0.0000
10.9367 6.8354 0.0000
10.9367 6.9620 0.0000
10.9367 7.0886 0.0000
10.9367 7.2152 0.0000
10.9367 7.3418 0.0000
10.9367 7.4684 0.0000
10.9367 7.5949 0.0000
10.9367 7.7215 0.0000
10.9367 7.8481 0.0000
10.9367 7.9747 0.0000
10.9367 8.1013 0.0000
10.9367 8.2278 0.0000
10.9367 8.3544 0.0000
10.9367 8.4810 0.0000
10.9367 8.6076 0.0000
11.1646 5.4430 0.0000
11.1646 5.5696 0.0000
11.1646 5.6962 0.0000
11.1646 5.8228 0.0000
11.1646 5.9494 0.0000
11.1646 6.0759 0.0000
11.1646 6.2025 0.0000
11.1646 6.3291 0.0000
11.1646 6.4557 0.0000
11.1646 6.5823 0.0000
11.1646 6.7089 0.0000
11.1646 6.8354 0.0000
11.1646 6.9620 0.0000
11.1646 7.0886 0.0000
11.1646 7.2152 0.0000
11.1646 7.3418 0.0000
11.1646 7.4684 0.0000
11.1646 7.5949 0.0000
11.1646 7.7215 0.0000
11.1646 7.8481 0.0000
11.1646 7.9747 0.0000
11.1646 8.1013 0.0000
11.1646 8.2278 0.0000
11.1646 8.3544 0.0000
11.1646 8.4810 0.0000
11.1646 8.6076 0.0000
11.3924 5.5696 0.0000
11.3924 5.6962 0.0000
11.3924 5.8228 0.0000
11.3924 5.9494 0.0000
11.3924 6.0759 0.0000
11.3924 6.2025 0.0000
11.3924 6.3291 0.0000
11.3924 6.4557 0.0000
11.3924 6.5823 0.0000
11.3924 6.7089 0.0000
11.3924 6.8354 0.0000
11.3924 6.9620 0.0000
11.3924 7.0886 0.0000
11.3924 7.2152 0.0000
11.3924 7.3418 0.0000
11.3924 7.4684 0.0000
11.3924 7.5949 0.0000
11.3924 7.7215 0.0000
11.3924 7.8481 0.0000
11.3924 7.9747 0.0000
11.3924 8.1013 0.0000
11.3924 8.2278 0.0000
11.3924 8.3544 0.0000
11.3924 8.4810 0.0000
11.3924 8.6076 0.0000
11.3924 8.7342 0.0000
11.6203 5.6962 0.0000
11.6203 5.8228 0.0000
11.6203 5.9494 0.0000
11.6203 6.0759 0.0000
11.6203 6.2025 0.0000
11.6203 6.3291 0.0000
11.6203 6.4557 0.0000
11.6203 6.5823 0.0000
11.6203 6.7089 0.0000
11.6203 6.8354 0.0000
11.6203 6.9620 0.0000
11.6203 7.0886 0.0000
11.6203 7.2152 0.0000
11.6203 7.3418 0.0000
11.6203 7.4684 0.0000
11.6203 7.5949 0.0000
11.6203 7.7215 0.0000
11.6203 7.8481 0.0000
11.6203 7.9747 0.0000
11.6203 8.1013 0.0000
11.6203 8.2278 0.0000
11.6203 8.3544 0.0000
11.6203 8.4810 0.0000
11.6203 8.6076 0.0000
11.6203 8.7342 0.0000
11.8481 5.6962 0.0000
11.8481 5.8228 0.0000
11.8481 5.9494 0.0000
11.8481 6.0759 0.0000
11.8481 6.2025 0.0000
11.8481 6.3291 0.0000
11.8481 6.4557 0.0000
11.8481 6.5823 0.0000
11.8481 6.7089 0.0000
11.8481 6.8354 0.0000
11.8481 6.9620 0.0000
11.8481 7.0886 0.0000
11.8481 7.2152 0.0000
11.8481 7.3418 0.0000
11.8481 7.4684 0.0000
11.8481 7.5949 0.0000
11.8481 7.7215 0.0000
11.8481 7.8481 0.0000
11.8481 7.9747 0.0000
11.8481 8.1013 0.0000
11.8481 8.2278 0.0000
11.8481 8.3544 0.0000
11.8481 8.4810 0.0000
11.8481 8.6076 0.0000
11.8481 8.7342 0.0000
12.0759 5.8228 0.0000
12.0759 5.9494 0.0000
12.0759 6.0759 0.0000
12.0759 6.2025 0.0000
12.0759 6.3291 0.0000
12.0759 6.4557 0.0000
12.0759 6.5823 0.0000
12.0759 6.7089 0.0000
12.0759 6.8354 0.0000
12.0759 6.9620 0.0000
12.0759 7.0886 0.0000
12.0759 7.2152 0.0000
12.0759 7.3418 0.0000
12.0759 7.4684 0.0000
12.0759 7.5949 0.0000
12.0759 7.7215 0.0000
12.0759 7.8481 0.0000
12.0759 7.9747 0.0000
12.0759 8.1013 0.0000
12.0759 8.2278 0.0000
12.0759 8.3544 0.0000
12.0759 8.4810 0.0000
12.0759 8.6076 0.0000
12.0759 8.7342 0.0000
12.3038 5.9494 0.0000
12.3038 6.0759 0.0000
12.3038 6.2025 0.0000
12.3038 6.3291 0.0000
12.3038 6.4557 0.0000
12.3038 6.5823 0.0000
12.3038 6.7089 0.0000
12.3038 6.8354 0.0000
12.3038 6.9620 0.0000
12.3038 7.0886 0.0000
12.3038 7.2152 0.0000
12.3038 7.3418 0.0000
12.3038 7.4684 0.0000
12.3038 7.5949 0.0000
12.3038 7.7215 0.0000
12.3038 7.8481 0.0000
12.3038 7.9747 0.0000
12.3038 8.1013 0.0000
12.3038 8.2278 0.0000
12.3038 8.3544 0.0000
12.3038 8.4810 0.0000
12.3038 8.6076 0.0000
12.3038 8.7342 0.0000
12.3038 8.8608 0.0000
12.5316 6.0759 0.0000
12.5316 6.2025 0.0000
12.5316 6.3291 0.0000
12.5316 6.4557 0.0000
12.5316 6.5823 0.0000
12.5316 6.7089 0.0000
12.5316 6.8354 0.0000
12.5316 6.9620 0.0000
12.5316 7.0886 0.0000
12.5316 7.2152 0.0000
12.5316 7.3418 0.0000
12.5316 7.4684 0.0000
12.5316 7.5949 0.0000
12.5316 7.7215 0.0000
12.5316 7.8481 0.0000
12.5316 7.9747 0.0000
12.5316 8.1013 0.0000
12.5316 8.2278 0.0000
12.5316 8.3544 0.0000
12.5316 8.4810 0.0000
12.5316 8.6076 0.0000
12.5316 8.7342 0.0000
12.5316 8.8608 0.0000
12.7595 6.2025 0.0000
12.7595 6.3291 0.0000
12.7595 6.4557 0.0000
12.7595 6.5823 0.0000
12.7595 6.7089 0.0000
12.7595 6.8354 0.0000
12.7595 6.9620 0.0000
12.7595 7.0886 0.0000
12.7595 7.2152 0.0000
12.7595 7.3418 0.0000
12.7595 7.4684 0.0000
12.7595 7.5949 0.0000
12.7595 7.7215 0.0000
12.7595 7.8481 0.0000
12.7595 7.9747 0.0000
12.7595 8.1013 0.0000
12.7595 8.2278 0.0000
12.7595 8.3544 0.0000
12.7595 8.4810 0.0000
12.7595 8.6076 0.0000
12.7595 8.7342 0.0000
12.7595 8.8608 0.0000
12.9873 6.3291 0.0000
12.9873 6.4557 0.0000
12.9873 6.5823 0.0000
12.9873 6.7089 0.0000
12.9873 6.8354 0.0000
12.9873 6.9620 0.0000
12.9873 7.0886 0.0000
12.9873 7.2152 0.0000
12.9873 7.3418 0.0000
12.9873 7.4684 0.0000
12.9873 7.5949 0.0000
12.9873 7.7215 0.0000
12.9873 7.8481 0.0000
12.9873 7.9747 0.0000
12.9873 8.1013 0.0000
12.9873 8.2278 0.0000
12.9873 8.3544 0.0000
12.9873 8.4810 0.0000
12.9873 8.6076 0.0000
12.9873 8.7342 0.0000
12.9873 8.8608 0.0000
13.2152 6.3291 0.0000
13.2152 6.4557 0.0000
13.2152 6.5823 0.0000
13.2152 6.7089 0.0000
13.2152 6.8354 0.0000
13.2152 6.9620 0.0000
13.2152 7.0886 0.0000
13.2152 7.2152 0.0000
13.2152 7.3418 0.0000
13.2152 7.4684 0.0000
13.2152 7.5949 0.0000
13.2152 7.7215 0.0000
13.2152 7.8481 0.0000
13.2152 7.9747 0.0000
13.2152 8.1013 0.0000
13.2152 8.2278 0.0000
13.2152 8.3544 0.0000
13.2152 8.4810 0.0000
13.2152 8.6076 0.0000
13.2152 8.7342 0.0000
13.2152 8.8608 0.0000
13.4430 6.4557 0.0000
13.4430 6.5823 0.0000
13.4430 6.7089 0.0000
13.4430 6.8354 0.0000
13.4430 6.9620 0.0000
13.4430 7.0886 0.0000
13.4430 7.2152 0.0000
13.4430 7.3418 0.0000
13.4430 7.4684 0.0000
13.4430 7.5949 0.0000
13.4430 7.7215 0.0000
13.4430 7.8481 0.0000
13.4430 7.9747 0.0000
13.4430 8.1013 0.0000
13.4430 8.2278 0.0000
13.4430 8.3544 0.0000
13.4430 8.4810 0.0000
13.4430 8.6076 0.0000
13.4430 8.7342 0.0000
13.4430 8.8608 0.0000
13.4430 8.9873 0.0000
13.6709 6.5823 0.0000
13.6709 6.7089 0.0000
13.6709 6.8354 0.0000
13.6709 6.9620 0.0000
13.6709 7.0886 0.0000
13.6709 7.2152 0.0000
13.6709 7.3418 0.0000
13.6709 7.4684 0.0000
13.6709 7.5949 0.0000
13.6709 7.7215 0.0000
13.6709 7.8481 0.0000
13.6709 7.9747 0.0000
13.6709 8.1013 0.0000
13.6709 8.2278 0.0000
13.6709 8.3544 0.0000
13.6709 8.4810 0.0000
13.6709 8.6076 0.0000
13.6709 8.7342 0.0000
13.6709 8.8608 0.0000
13.6709 8.9873 0.0000
13.8987 6.7089 0.0000
13.8987 6.8354 0.0000
13.8987 6.9620 0.0000
13.8987 7.0886 0.0000
13.8987 7.2152 0.0000
13.8987 7.3418 0.0000
13.8987 7.4684 0.0000
13.8987 7.5949 0.0000
13.8987 7.7215 0.0000
13.8987 7.8481 0.0000
13.8987 7.9747 0.0000
13.8987 8.1013 0.0000
13.8987 8.2278 0.0000
13.8987 8.3544 0.0000
13.8987 8.4810 0.0000
13.8987 8.6076 0.0000
13.8987 8.7342 0.0000
13.8987 8.8608 0.0000
13.8987 8.9873 0.0000
14.1266 6.8354 0.0000
14.1266 6.9620 0.0000
14.1266 7.0886 0.0000
14.1266 7.2152 0.0000
14.1266 7.3418 0.0000
14.1266 7.4684 0.0000
14.1266 7.5949 0.0000
14.1266 7.7215 0.0000
14.1266 7.8481 0.0000
14.1266 7.9747 0.0000
14.1266 8.1013 0.0000
14.1266 8.2278 0.0000
14.1266 8.3544 0.0000
14.1266 8.4810 0.0000
14.1266 8.6076 0.0000
14.1266 8.7342 0.0000
14.1266 8.8608 0.0000
14.1266 8.9873 0.0000
14.3544 6.9620 0.0000
14.3544 7.0886 0.0000
14.3544 7.2152 0.0000
14.3544 7.3418 0.0000
14.3544 7.4684 0.0000
14.3544 7.5949 0.0000
14.3544 7.7215 0.0000
14.3544 7.8481 0.0000
14.3544 7.9747 0.0000
14.3544 8.1013 0.0000
14.3544 8.2278 0.0000
14.3544 8.3544 0.0000
14.3544 8.4810 0.0000
14.3544 8.6076 0.0000
14.3544 8.7342 0.0000
14.3544 8.8608 0.0000
14.3544 8.9873 0.0000
14.3544 9.1139 0.0000
14.5823 6.9620 0.0000
14.5823 7.0886 0.0000
14.5823 7.2152 0.0000
14.5823 7.3418 0.0000
14.5823 7.4684 0.0000
14.5823 7.5949 0.0000
14.5823 7.7215 0.0000
14.5823 7.8481 0.0000
14.5823 7.9747 0.0000
14.5823 8.1013 0.0000
14.5823 8.2278 0.0000
14.5823 8.3544 0.0000
14.5823 8.4810 0.0000
14.5823 8.6076 0.0000
14.5823 8.7342 0.0000
14.5823 8.8608 0.0000
14.5823 8.9873 0.0000
14.5823 9.1139 0.0000
14.8101 7.0886 0.0000
14.8101 7.2152 0.0000
14.8101 7.3418 0.0000
14.8101 7.4684 0.0000
14.8101 7.5949 0.0000
14.8101 7.7215 0.0000
14.8101 7.8481 0.0000
14.8101 7.9747 0.0000
14.8101 8.1013 0.0000
14.8101 8.2278 0.0000
14.8101 8.3544 0.0000
14.8101 8.4810 0.0000
14.8101 8.6076 0.0000
14.8101 8.7342 0.0000
14.8101 8.8608 0.0000
14.8101 8.9873 0.0000
14.8101 9.1139 0.0000
15.0380 7.2152 0.0000
15.0380 7.3418 0.0000
15.0380 7.4684 0.0000
15.0380 7.5949 0.0000
15.0380 7.7215 0.0000
15.0380 7.8481 0.0000
15.0380 7.9747 0.0000
15.0380 8.1013 0.0000
15.0380 8.2278 0.0000
15.0380 8.3544 0.0000
15.0380 8.4810 0.0000
15.0380 8.6076 0.0000
15.0380 8.7342 0.0000
15.0380 8.8608 0.0000
15.0380 8.9873 0.0000
15.0380 9.1139 0.0000
15.2658 7.3418 0.0000
15.2658 7.4684 0.0000
15.2658 7.5949 0.0000
15.2658 7.7215 0.0000
15.2658 7.8481 0.0000
15.2658 7.9747 0.0000
15.2658 8.1013 0.0000
15.2658 8.2278 0.0000
15.2658 8.3544 0.0000
15.2658 8.4810 0.0000
15.2658 8.6076 0.0000
15.2658 8.7342 0.0000
15.2658 8.8608 0.0000
15.2658 8.9873 0.0000
15.2658 9.1139 0.0000
15.2658 9.2405 0.0000
15.4937 7.4684 0.0000
15.4937 7.5949 0.0000
15.4937 7.7215 0.0000
15.4937 7.8481 0.0000
15.4937 7.9747 0.0000
15.4937 8.1013 0.0000
15.4937 8.2278 0.0000
15.4937 8.3544 0.0000
15.4937 8.4810 0.0000
15.4937 8.6076 0.0000
15.4937 8.7342 0.0000
15.4937 8.8608 0.0000
15.4937 8.9873 0.0000
15.4937 9.1139 0.0000
15.4937 9.2405 0.0000
15.7215 7.5949 0.0000
15.7215 7.7215 0.0000
15.7215 7.8481 0.0000
15.7215 7.9747 0.0000
15.7215 8.1013 0.0000
15.7215 8.2278 0.0000
15.7215 8.3544 0.0000
15.7215 8.4810 0.0000
15.7215 8.6076 0.0000
15.7215 8.7342 0.0000
15.7215 8.8608 0.0000
15.7215 8.9873 0.0000
15.7215 9.1139 0.0000
15.7215 9.2405 0.0000
15.9494 7.5949 0.0000
15.9494 7.7215 0.0000
15.9494 7.8481 0.0000
15.9494 7.9747 0.0000
15.9494 8.1013 0.0000
15.9494 8.2278 0.0000
15.9494 8.3544 0.0000
15.9494 8.4810 0.0000
15.9494 8.6076 0.0000
15.9494 8.7342 0.0000
15.9494 8.8608 0.0000
15.9494 8.9873 0.0000
15.9494 9.1139 0.0000
15.9494 9.2405 0.0000
16.1772 7.7215 0.0000
16.1772 7.8481 0.0000
16.1772 7.9747 0.0000
16.1772 8.1013 0.0000
16.1772 8.2278 0.0000
16.1772 8.3544 0.0000
16.1772 8.4810 0.0000
16.1772 8.6076 0.0000
16.1772 8.7342 0.0000
16.1772 8.8608 0.0000
16.1772 8.9873 0.0000
16.1772 9.1139 0.0000
16.1772 9.2405 0.0000
16.1772 9.3671 0.0000
16.4051 7.8481 0.0000
16.4051 7.9747 0.0000
16.4051 8.1013 0.0000
16.4051 8.2278 0.0000
16.4051 8.3544 0.0000
16.4051 8.4810 0.0000
16.4051 8.6076 0.0000
16.4051 8.7342 0.0000
16.4051 8.8608 0.0000
16.4051 8.9873 0.0000
16.4051 9.1139 0.0000
16.4051 9.2405 0.0000
16.4051 9.3671 0.0000
16.6329 7.9747 0.0000
16.6329 8.1013 0.0000
16.6329 8.2278 0.0000
16.6329 8.3544 0.0000
16.6329 8.4810 0.0000
16.6329 8.6076 0.0000
16.6329 8.7342 0.0000
16.6329 8.8608 0.0000
16.6329 8.9873 0.0000
16.6329 9.1139 0.0000
16.6329 9.2405 0.0000
16.6329 9.3671 0.0000
16.8608 8.1013 0.0000
16.8608 8.2278 0.0000
16.8608 8.3544 0.0000
16.8608 8.4810 0.0000
16.8608 8.6076 0.0000
16.8608 8.7342 0.0000
16.8608 8.8608 0.0000
16.8608 8.9873 0.0000
16.8608 9.1139 0.0000
16.8608 9.2405 0.0000
16.8608 9.3671 0.0000
17.0886 8.2278 0.0000
17.0886 8.3544 0.0000
17.0886 8.4810 0.0000
17.0886 8.6076 0.0000
17.0886 8.7342 0.0000
17.0886 8.8608 0.0000
17.0886 8.9873 0.0000
17.0886 9.1139 0.0000
17.0886 9.2405 0.0000
17.0886 9.3671 0.0000
17.3165 8.2278 0.0000
17.3165 8.3544 0.0000
17.3165 8.4810 0.0000
17.3165 8.6076 0.0000
17.3165 8.7342 0.0000
17.3165 8.8608 0.0000
17.3165 8.9873 0.0000
17.3165 9.1139 0.0000
17.3165 9.2405 0.0000
17.3165 9.3671 0.0000
17.3165 9.4937 0.0000
17.5443 8.3544 0.0000
17.5443 8.4810 0.0000
17.5443 8.6076 0.0000
17.5443 8.7342 0.0000
17.5443 8.8608 0.0000
17.5443 8.9873 0.0000
17.5443 9.1139 0.0000
17.5443 9.2405 0.0000
17.5443 9.3671 0.0000
17.5443 9.4937 0.0000
17.7722 8.4810 0.0000
17.7722 8.6076 0.0000
17.7722 8.7342 0.0000
17.7722 8.8608 0.0000
17.7722 8.9873 0.0000
17.7722 9.1139 0.0000
17.7722 9.2405 0.0000
17.7722 9.3671 0.0000
17.7722 9.4937 0.0000
0.4557 0.2532 0.0000
0.6835 0.3797 0.0000
0.9114 0.5063 0.0000
1.1392 0.6329 0.0000
1.3671 0.7595 0.0000
1.5949 0.8861 0.0000
2.0506 1.0127 0.0000
2.2785 1.1392 0.0000
2.5063 1.2658 0.0000
2.7342 1.3924 0.0000
2.9620 1.5190 0.0000
3.4177 1.6456 0.0000
3.6456 1.7722 0.0000
3.8734 1.8987 0.0000
4.1013 2.0253 0.0000
4.3291 2.1519 0.0000
4.7848 2.2785 0.0000
5.0127 2.4051 0.0000
5.2405 2.5316 0.0000
5.4684 2.6582 0.0000
5.6962 2.7848 0.0000
5.9241 2.9114 0.0000
6.1519 2.9114 0.0000
6.3797 3.0380 0.0000
6.6076 3.1646 0.0000
6.8354 3.2911 0.0000
7.0633 3.4177 0.0000
7.2911 3.5443 0.0000
7.5190 3.5443 0.0000
7.7468 3.6709 0.0000
7.9747 3.7975 0.0000
8.2025 3.9241 0.0000
8.4304 4.0506 0.0000
8.6582 4.1772 0.0000
9.1139 4.3038 0.0000
9.3418 4.4304 0.0000
9.5696 4.5570 0.0000
9.7975 4.6835 0.0000
10.0253 4.8101 0.0000
10.4810 4.9367 0.0000
10.7089 5.0633 0.0000
10.9367 5.1899 0.0000
11.1646 5.3165 0.0000
11.3924 5.4430 0.0000
11.6203 5.5696 0.0000
11.8481 5.5696 0.0000
12.0759 5.6962 0.0000
12.3038 5.8228 0.0000
12.5316 5.9494 0.0000
12.7595 6.0759 0.0000
12.9873 6.2025 0.0000
13.2152 6.2025 0.0000
13.4430 6.3291 0.0000
13.6709 6.4557 0.0000
13.8987 6.5823 0.0000
14.1266 6.7089 0.0000
14.3544 6.8354 0.0000
14.8101 6.9620 0.0000
15.0380 7.0886 0.0000
15.2658 7.2152 0.0000
15.4937 7.3418 0.0000
15.7215 7.4684 0.0000
16.1772 7.5949 0.0000
16.4051 7.7215 0.0000
16.6329 7.8481 0.0000
16.8608 7.9747 0.0000
17.0886 8.1013 0.0000
17.5443 8.2278 0.0000
17.7722 8.3544 0.0000
18.0000 9.4937 0.0000
0.2278 0.1266 0.0000
1.8228 0.8861 0.0000
3.1899 1.5190 0.0000
4.5570 2.1519 0.0000
8.8861 4.1772 0.0000
10.2532 4.8101 0.0000
14.5823 6.8354 0.0000
15.9494 7.4684 0.0000
17.3165 8.1013 0.0000
0.0000 0.1266 0.0000
0.1139 0.1899 0.0000
0.1139 0.3165 0.0000
0.1139 0.4430 0.0000
0.1139 0.5696 0.0000
0.1139 0.6962 0.0000
0.1139 0.8228 0.0000
0.1139 0.9494 0.0000
0.1139 1.0759 0.0000
0.1139 1.2025 0.0000
0.1139 1.3291 0.0000
0.1139 1.4557 0.0000
0.1139 1.5823 0.0000
0.1139 1.7089 0.0000
0.1139 1.8354 0.0000
0.1139 1.9620 0.0000
0.1139 2.0886 0.0000
0.1139 2.2152 0.0000
0.1139 2.3418 0.0000
0.1139 2.4684 0.0000
0.1139 2.5949 0.0000
0.1139 2.7215 0.0000
0.1139 2.8481 0.0000
0.1139 2.9747 0.0000
0.1139 3.1013 0.0000
0.1139 3.2278 0.0000
0.1139 3.3544 0.0000
0.1139 3.4810 0.0000
0.1139 3.6076 0.0000
0.1139 3.7342 0.0000
0.1139 3.8608 0.0000
0.1139 3.9873 0.0000
0.1139 4.1139 0.0000
0.1139 4.2405 0.0000
0.1139 4.3671 0.0000
0.1139 4.4937 0.0000
0.1139 4.6203 0.0000
0.1139 4.7468 0.0000
0.1139 4.8734 0.0000
0.1139 5.0000 0.0000
0.1139 5.1266 0.0000
0.1139 5.2532 0.0000
0.1139 5.3797 0.0000
0.1139 5.5063 0.0000
0.1139 5.6329 0.0000
0.1139 5.7595 0.0000
0.1139 5.8861 0.0000
0.1139 6.0127 0.0000
0.1139 6.1392 0.0000
0.1139 6.2658 0.0000
0.1139 6.3924 0.0000
0.1139 6.5190 0.0000
0.1139 6.6456 0.0000
0.1139 6.7722 0.0000
0.1139 6.8987 0.0000
0.1139 7.0253 0.0000
0.1139 7.1519 0.0000
0.3418 0.1899 0.0000
0.3418 0.3165 0.0000
0.3418 0.4430 0.0000
0.3418 0.5696 0.0000
0.3418 0.6962 0.0000
0.3418 0.8228 0.0000
0.3418 0.9494 0.0000
0.3418 1.0759 0.0000
0.3418 1.2025 0.0000
0.3418 1.3291 0.0000
0.3418 1.4557 0.0000
0.3418 1.5823 0.0000
0.3418 1.7089 0.0000
0.3418 1.8354 0.0000
0.3418 1.9620 0.0000
0.3418 2.0886 0.0000
0.3418 2.2152 0.0000
0.3418 2.3418 0.0000
0.3418 2.4684 0.0000
0.3418 2.5949 0.0000
0.3418 2.7215 0.0000
0.3418 2.8481 0.0000
0.3418 2.9747 0.0000
0.3418 3.1013 0.0000
0.3418 3.2278 0.0000
0.3418 3.3544 0.0000
0.3418 3.4810 0.0000
0.3418 3.6076 0.0000
0.3418 3.7342 0.0000
0.3418 3.8608 0.0000
0.3418 3.9873 0.0000
0.3418 4.1139 0.0000
0.3418 4.2405 0.0000
0.3418 4.3671 0.0000
0.3418 4.4937 0.0000
0.3418 4.6203 0.0000
0.3418 4.7468 0.0000
0.3418 4.8734 0.0000
0.3418 5.0000 0.0000
0.3418 5.1266 0.0000
0.3418 5.2532 0.0000
0.3418 5.3797 0.0000
0.3418 5.5063 0.0000
0.3418 5.6329 0.0000
0.3418 5.7595 0.0000
0.3418 5.8861 0.0000
0.3418 6.0127 0.0000
0.3418 6.1392 0.0000
0.3418 6.2658 0.0000
0.3418 6.3924 0.0000
0.3418 6.5190 0.0000
0.3418 6.6456 0.0000
0.3418 6.7722 0.0000
0.3418 6.8987 0.0000
0.3418 7.0253 0.0000
0.3418 7.1519 0.0000
0.5696 0.3165 0.0000
0.5696 0.4430 0.0000
0.5696 0.5696 0.0000
0.5696 0.6962 0.0000
0.5696 0.8228 0.0000
0.5696 0.9494 0.0000
0.5696 1.0759 0.0000
0.5696 1.2025 0.0000
0.5696 1.3291 0.0000
0.5696 1.4557 0.0000
0.5696 1.5823 0.0000
0.5696 1.7089 0.0000
0.5696 1.8354 0.0000
0.5696 1.9620 0.0000
0.5696 2.0886 0.0000
0.5696 2.2152 0.0000
0.5696 2.3418 0.0000
0.5696 2.4684 0.0000
0.5696 2.5949 0.0000
0.5696 2.7215 0.0000
0.5696 2.8481 0.0000
0.5696 2.9747 0.0000
0.5696 3.1013 0.0000
0.5696 3.2278 0.0000
0.5696 3.3544 0.0000
0.5696 3.4810 0.0000
0.5696 3.6076 0.0000
0.5696 3.7342 0.0000
0.5696 3.8608 0.0000
0.5696 3.9873 0.0000
0.5696 4.1139 0.0000
0.5696 4.2405 0.0000
0.5696 4.3671 0.0000
0.5696 4.4937 0.0000
0.5696 4.6203 0.0000
0.5696 4.7468 0.0000
0.5696 4.8734 0.0000
0.5696 5.0000 0.0000
0.5696 5.1266 0.0000
0.5696 5.2532 0.0000
0.5696 5.3797 0.0000
0.5696 5.5063 0.0000
0.5696 5.6329 0.0000
0.5696 5.7595 0.0000
0.5696 5.8861 0.0000
0.5696 6.0127 0.0000
0.5696 6.1392 0.0000
0.5696 6.2658 0.0000
0.5696 6.3924 0.0000
0.5696 6.5190 0.0000
0.5696 6.6456 0.0000
0.5696 6.7722 0.0000
0.5696 6.8987 0.0000
0.5696 7.0253 0.0000
0.5696 7.1519 0.0000
0.7975 0.4430 0.0000
0.7975 0.5696 0.0000
0.7975 0.6962 0.0000
0.7975 0.8228 0.0000
0.7975 0.9494 0.0000
0.7975 1.0759 0.0000
0.7975 1.2025 0.0000
0.7975 1.3291 0.0000
0.7975 1.4557 0.0000
0.7975 1.5823 0.0000
0.7975 1.7089 0.0000
0.7975 1.8354 0.0000
0.7975 1.9620 0.0000
0.7975 2.0886 0.0000
0.7975 2.2152 0.0000
0.7975 2.3418 0.0000
0.7975 2.4684 0.0000
0.7975 2.5949 0.0000
0.7975 2.7215 0.0000
0.7975 2.8481 0.0000
0.7975 2.9747 0.0000
0.7975 3.1013 0.0000
0.7975 3.2278 0.0000
0.7975 3.3544 0.0000
0.7975 3.4810 0.0000
0.7975 3.6076 0.0000
0.7975 3.7342 0.0000
0.7975 3.8608 0.0000
0.7975 3.9873 0.0000
0.7975 4.1139 0.0000
0.7975 4.2405 0.0000
0.7975 4.3671 0.0000
0.7975 4.4937 0.0000
0.7975 4.6203 0.0000
0.7975 4.7468 0.0000
0.7975 4.8734 0.0000
0.7975 5.0000 0.0000
0.7975 5.1266 0.0000
0.7975 5.2532 0.0000
0.7975 5.3797 0.0000
0.7975 5.5063 0.0000
0.7975 5.6329 0.0000
0.7975 5.7595 0.0000
0.7975 5.8861 0.0000
0.7975 6.0127 0.0000
0.7975 6.1392 0.0000
0.7975 6.2658 0.0000
0.7975 6.3924 0.0000
0.7975 6.5190 0.0000
0.7975 6.6456 0.0000
0.7975 6.7722 0.0000
0.7975 6.8987 0.0000
0.7975 7.0253 0.0000
0.7975 7.1519 0.0000
0.7975 7.2785 0.0000
1.0253 0.5696 0.0000
1.0253 0.6962 0.0000
1.0253 0.8228 0.0000
1.0253 0.9494 0.0000
1.0253 1.0759 0.0000
1.0253 1.2025 0.0000
1.0253 1.3291 0.0000
1.0253 1.4557 0.0000
1.0253 1.5823 0.0000
1.0253 1.7089 0.0000
1.0253 1.8354 0.0000
1.0253 1.9620 0.0000
1.0253 2.0886 0.0000
1.0253 2.2152 0.0000
1.0253 2.3418 0.0000
1.0253 2.4684 0.0000
1.0253 2.5949 0.0000
1.0253 2.7215 0.0000
1.0253 2.8481 0.0000
1.0253 2.9747 0.0000
1.0253 3.1013 0.0000
1.0253 3.2278 0.0000
1.0253 3.3544 0.0000
1.0253 3.4810 0.0000
1.0253 3.6076 0.0000
1.0253 3.7342 0.0000
1.0253 3.8608 0.0000
1.0253 3.9873 0.0000
1.0253 4.1139 0.0000
1.0253 4.2405 0.0000
1.0253 4.3671 0.0000
1.0253 4.4937 0.0000
1.0253 4.6203 0.0000
1.0253 4.7468 0.0000
1.0253 4.8734 0.0000
1.0253 5.0000 0.0000
1.0253 5.1266 0.0000
1.0253 5.2532 0.0000
1.0253 5.3797 0.0000
1.0253 5.5063 0.0000
1.0253 5.6329 0.0000
1.0253 5.7595 0.0000
1.0253 5.8861 0.0000
1.0253 6.0127 0.0000
1.0253 6.1392 0.0000
1.0253 6.2658 0.0000
1.0253 6.3924 0.0000
1.0253 6.5190 0.0000
1.0253 6.6456 0.0000
1.0253 6.7722 0.0000
1.0253 6.8987 0.0000
1.0253 7.0253 0.0000
1.0253 7.1519 0.0000
1.0253 7.2785 0.0000
1.2532 0.6962 0.0000
1.2532 0.8228 0.0000
1.2532 0.9494 0.0000
1.2532 1.0759 0.0000
1.2532 1.2025 0.0000
1.2532 1.3291 0.0000
1.2532 1.4557 0.0000
1.2532 1.5823 0.0000
1.2532 1.7089 0.0000
1.2532 1.8354 0.0000
1.2532 1.9620 0.0000
1.2532 2.0886 0.0000
1.2532 2.2152 0.0000
1.2532 2.3418 0.0000
1.2532 2.4684 0.0000
1.2532 2.5949 0.0000
1.2532 2.7215 0.0000
1.2532 2.8481 0.0000
1.2532 2.9747 0.0000
1.2532 3.1013 0.0000
1.2532 3.2278 0.0000
1.2532 3.3544 0.0000
1.2532 3.4810 0.0000
1.2532 3.6076 0.0000
1.2532 3.7342 0.0000
1.2532 3.8608 0.0000
1.2532 3.9873 0.0000
1.2532 4.1139 0.0000
1.2532 4.2405 0.0000
1.2532 4.3671 0.0000
1.2532 4.4937 0.0000
1.2532 4.6203 0.0000
1.2532 4.7468 0.0000
1.2532 4.8734 0.0000
1.2532 5.0000 0.0000
1.2532 5.1266 0.0000
1.2532 5.2532 0.0000
1.2532 5.3797 0.0000
1.2532 5.5063 0.0000
1.2532 5.6329 0.0000
1.2532 5.7595 0.0000
1.2532 5.8861 0.0000
1.2532 6.0127 0.0000
1.2532 6.1392 0.0000
1.2532 6.2658 0.0000
1.2532 6.3924 0.0000
1.2532 6.5190 0.0000
1.2532 6.6456 0.0000
1.2532 6.7722 0.0000
1.2532 6.8987 0.0000
1.2532 7.0253 0.0000
1.2532 7.1519 0.0000
1.2532 7.2785 0.0000
1.4810 0.8228 0.0000
1.4810 0.9494 0.0000
1.4810 1.0759 0.0000
1.4810 1.2025 0.0000
1.4810 1.3291 0.0000
1.4810 1.4557 0.0000
1.4810 1.5823 0.0000
1.4810 1.7089 0.0000
1.4810 1.8354 0.0000
1.4810 1.9620 0.0000
1.4810 2.0886 0.0000
1.4810 2.2152 0.0000
1.4810 2.3418 0.0000
1.4810 2.4684 0.0000
1.4810 2.5949 0.0000
1.4810 2.7215 0.0000
1.4810 2.8481 0.0000
1.4810 2.9747 0.0000
1.4810 3.1013 0.0000
1.4810 3.2278 0.0000
1.4810 3.3544 0.0000
1.4810 3.4810 0.0000
1.4810 3.6076 0.0000
1.4810 3.7342 0.0000
1.4810 3.8608 0.0000
1.4810 3.9873 0.0000
1.4810 4.1139 0.0000
1.4810 4.2405 0.0000
1.4810 4.3671 0.0000
1.4810 4.4937 0.0000
1.4810 4.6203 0.0000
1.4810 4.7468 0.0000
1.4810 4.8734 0.0000
1.4810 5.0000 0.0000
1.4810 5.1266 0.0000
1.4810 5.2532 0.0000
1.4810 5.3797 0.0000
1.4810 5.5063 0.0000
1.4810 5.6329 0.0000
1.4810 5.7595 0.0000
1.4810 5.8861 0.0000
1.4810 6.0127 0.0000
1.4810 6.1392 0.0000
1.4810 6.2658 0.0000
1.4810 6.3924 0.0000
1.4810 6.5190 0.0000
1.4810 6.6456 0.0000
1.4810 6.7722 0.0000
1.4810 6.8987 0.0000
1.4810 7.0253 0.0000
1.4810 7.1519 0.0000
1.4810 7.2785 0.0000
1.7089 0.9494 0.0000
1.7089 1.0759 0.0000
1.7089 1.2025 0.0000
1.7089 1.3291 0.0000
1.7089 1.4557 0.0000
1.7089 1.5823 0.0000
1.7089 1.7089 0.0000
1.7089 1.8354 0.0000
1.7089 1.9620 0.0000
1.7089 2.0886 0.0000
1.7089 2.2152 0.0000
1.7089 2.3418 0.0000
1.7089 2.4684 0.0000
1.7089 2.5949 0.0000
1.7089 2.7215 0.0000
1.7089 2.8481 0.0000
1.7089 2.9747 0.0000
1.7089 3.1013 0.0000
1.7089 3.2278 0.0000
1.7089 3.3544 0.0000
1.7089 3.4810 0.0000
1.7089 3.6076 0.0000
1.7089 3.7342 0.0000
1.7089 3.8608 0.0000
1.7089 3.9873 0.0000
1.7089 4.1139 0.0000
1.7089 4.2405 0.0000
1.7089 4.3671 0.0000
1.7089 4.4937 0.0000
1.7089 4.6203 0.0000
1.7089 4.7468 0.0000
1.7089 4.8734 0.0000
1.7089 5.0000 0.0000
1.7089 5.1266 0.0000
1.7089 5.2532 0.0000
1.7089 5.3797 0.0000
1.7089 5.5063 0.0000
1.7089 5.6329 0.0000
1.7089 5.7595 0.0000
1.7089 5.8861 0.0000
1.7089 6.0127 0.0000
1.7089 6.1392 0.0000
1.7089 6.2658 0.0000
1.7089 6.3924 0.0000
1.7089 6.5190 0.0000
1.7089 6.6456 0.0000
1.7089 6.7722 0.0000
1.7089 6.8987 0.0000
1.7089 7.0253 0.0000
1.7089 7.1519 0.0000
1.7089 7.2785 0.0000
1.7089 7.4051 0.0000
1.9367 0.9494 0.0000
1.9367 1.0759 0.0000
1.9367 1.2025 0.0000
1.9367 1.3291 0.0000
1.9367 1.4557 0.0000
1.9367 1.5823 0.0000
1.9367 1.7089 0.0000
1.9367 1.8354 0.0000
1.9367 1.9620 0.0000
1.9367 2.0886 0.0000
1.9367 2.2152 0.0000
1.9367 2.3418 0.0000
1.9367 2.4684 0.0000
1.9367 2.5949 0.0000
1.9367 2.7215 0.0000
1.9367 2.8481 0.0000
1.9367 2.9747 0.0000
1.9367 3.1013 0.0000
1.9367 3.2278 0.0000
1.9367 3.3544 0.0000
1.9367 3.4810 0.0000
1.9367 3.6076 0.0000
1.9367 3.7342 0.0000
1.9367 3.8608 0.0000
1.9367 3.9873 0.0000
1.9367 4.1139 0.0000
1.9367 4.2405 0.0000
1.9367 4.3671 0.0000
1.9367 4.4937 0.0000
1.9367 4.6203 0.0000
1.9367 4.7468 0.0000
1.9367 4.8734 0.0000
1.9367 5.0000 0.0000
1.9367 5.1266 0.0000
1.9367 5.2532 0.0000
1.9367 5.3797 0.0000
1.9367 5.5063 0.0000
1.9367 5.6329 0.0000
1.9367 5.7595 0.0000
1.9367 5.8861 0.0000
1.9367 6.0127 0.0000
1.9367 6.1392 0.0000
1.9367 6.2658 0.0000
1.9367 6.3924 0.0000
1.9367 6.5190 0.0000
1.9367 6.6456 0.0000
1.9367 6.7722 0.0000
1.9367 6.8987 0.0000
1.9367 7.0253 0.0000
1.9367 7.1519 0.0000
1.9367 7.2785 0.0000
1.9367 7.4051 0.0000
2.1646 1.0759 0.0000
2.1646 1.2025 0.0000
2.1646 1.3291 0.0000
2.1646 1.4557 0.0000
2.1646 1.5823 0.0000
2.1646 1.7089 0.0000
2.1646 1.8354 0.0000
2.1646 1.9620 0.0000
2.1646 2.0886 0.0000
2.1646 2.2152 0.0000
2.1646 2.3418 0.0000
2.1646 2.4684 0.0000
2.1646 2.5949 0.0000
2.1646 2.7215 0.0000
2.1646 2.8481 0.0000
2.1646 2.9747 0.0000
2.1646 3.1013 0.0000
2.1646 3.2278 0.0000
2.1646 3.3544 0.0000
2.1646 3.4810 0.0000
2.1646 3.6076 0.0000
2.1646 3.7342 0.0000
2.1646 3.8608 0.0000
2.1646 3.9873 0.0000
2.1646 4.1139 0.0000
2.1646 4.2405 0.0000
2.1646 4.3671 0.0000
2.1646 4.4937 0.0000
2.1646 4.6203 0.0000
2.1646 4.7468 0.0000
2.1646 4.8734 0.0000
2.1646 5.0000 0.0000
2.1646 5.1266 0.0000
2.1646 5.2532 0.0000
2.1646 5.3797 0.0000
2.1646 5.5063 0.0000
2.1646 5.6329 0.0000
2.1646 5.7595 0.0000
2.1646 5.8861 0.0000
2.1646 6.0127 0.0000
2.1646 6.1392 0.0000
2.1646 6.2658 0.0000
2.1646 6.3924 0.0000
2.1646 6.5190 0.0000
2.1646 6.6456 0.0000
2.1646 6.7722 0.0000
2.1646 6.8987 0.0000
2.1646 7.0253 0.0000
2.1646 7.1519 0.0000
2.1646 7.2785 0.0000
2.1646 7.4051 0.0000
2.3924 1.2025 0.0000
2.3924 1.3291 0.0000
2.3924 1.4557 0.0000
2.3924 1.5823 0.0000
2.3924 1.7089 0.0000
2.3924 1.8354 0.0000
2.3924 1.9620 0.0000
2.3924 2.0886 0.0000
2.3924 2.2152 0.0000
2.3924 2.3418 0.0000
2.3924 2.4684 0.0000
2.3924 2.5949 0.0000
2.3924 2.7215 0.0000
2.3924 2.8481 0.0000
2.3924 2.9747 0.0000
2.3924 3.1013 0.0000
2.3924 3.2278 0.0000
2.3924 3.3544 0.0000
2.3924 3.4810 0.0000
2.3924 3.6076 0.0000
2.3924 3.7342 0.0000
2.3924 3.8608 0.0000
2.3924 3.9873 0.0000
2.3924 4.1139 0.0000
2.3924 4.2405 0.0000
2.3924 4.3671 0.0000
2.3924 4.4937 0.0000
2.3924 4.6203 0.0000
2.3924 4.7468 0.0000
2.3924 4.8734 0.0000
2.3924 5.0000 0.0000
2.3924 5.1266 0.0000
2.3924 5.2532 0.0000
2.3924 5.3797 0.0000
2.3924 5.5063 0.0000
2.3924 5.6329 0.0000
2.3924 5.7595 0.0000
2.3924 5.8861 0.0000
2.3924 6.0127 0.0000
2.3924 6.1392 0.0000
2.3924 6.2658 0.0000
2.3924 6.3924 0.0000
2.3924 6.5190 0.0000
2.3924 6.6456 0.0000
2.3924 6.7722 0.0000
2.3924 6.8987 0.0000
2.3924 7.0253 0.0000
2.3924 7.1519 0.0000
2.3924 7.2785 0.0000
2.3924 7.4051 0.0000
2.6203 1.3291 0.0000
2.6203 1.4557 0.0000
2.6203 1.5823 0.0000
2.6203 1.7089 0.0000
2.6203 1.8354 0.0000
2.6203 1.9620 0.0000
2.6203 2.0886 0.0000
2.6203 2.2152 0.0000
2.6203 2.3418 0.0000
2.6203 2.4684 0.0000
2.6203 2.5949 0.0000
2.6203 2.7215 0.0000
2.6203 2.8481 0.0000
2.6203 2.9747 0.0000
2.6203 3.1013 0.0000
2.6203 3.2278 0.0000
2.6203 3.3544 0.0000
2.6203 3.4810 0.0000
2.6203 3.6076 0.0000
2.6203 3.7342 0.0000
2.6203 3.8608 0.0000
2.6203 3.9873 0.0000
2.6203 4.1139 0.0000
2.6203 4.2405 0.0000
2.6203 4.3671 0.0000
2.6203 4.4937 0.0000
2.6203 4.6203 0.0000
2.6203 4.7468 0.0000
2.6203 4.8734 0.0000
2.6203 5.0000 0.0000
2.6203 5.1266 0.0000
2.6203 5.2532 0.0000
2.6203 5.3797 0.0000
2.6203 5.5063 0.0000
2.6203 5.6329 0.0000
2.6203 5.7595 0.0000
2.6203 5.8861 0.0000
2.6203 6.0127 0.0000
2.6203 6.1392 0.0000
2.6203 6.2658 0.0000
2.6203 6.3924 0.0000
2.6203 6.5190 0.0000
2.6203 6.6456 0.0000
2.6203 6.7722 0.0000
2.6203 6.8987 0.0000
2.6203 7.0253 0.0000
2.6203 7.1519 0.0000
2.6203 7.2785 0.0000
2.6203 7.4051 0.0000
2.8481 1.4557 0.0000
2.8481 1.5823 0.0000
2.8481 1.7089 0.0000
2.8481 1.8354 0.0000
2.8481 1.9620 0.0000
2.8481 2.0886 0.0000
2.8481 2.2152 0.0000
2.8481 2.3418 0.0000
2.8481 2.4684 0.0000
2.8481 2.5949 0.0000
2.8481 2.7215 0.0000
2.8481 2.8481 0.0000
2.8481 2.9747 0.0000
2.8481 3.1013 0.0000
2.8481 3.2278 0.0000
2.8481 3.3544 0.0000
2.8481 3.4810 0.0000
2.8481 3.6076 0.0000
2.8481 3.7342 0.0000
2.8481 3.8608 0.0000
2.8481 3.9873 0.0000
2.8481 4.1139 0.0000
2.8481 4.2405 0.0000
2.8481 4.3671 0.0000
2.8481 4.4937 0.0000
2.8481 4.6203 0.0000
2.8481 4.7468 0.0000
2.8481 4.8734 0.0000
2.8481 5.0000 0.0000
2.8481 5.1266 0.0000
2.8481 5.2532 0.0000
2.8481 5.3797 0.0000
2.8481 5.5063 0.0000
2.8481 5.6329 0.0000
2.8481 5.7595 0.0000
2.8481 5.8861 0.0000
2.8481 6.0127 0.0000
2.8481 6.1392 0.0000
2.8481 6.2658 0.0000
2.8481 6.3924 0.0000
2.8481 6.5190 0.0000
2.8481 6.6456 0.0000
2.8481 6.7722 0.0000
2.8481 6.8987 0.0000
2.8481 7.0253 0.0000
2.8481 7.1519 0.0000
2.8481 7.2785 0.0000
2.8481 7.4051 0.0000
2.8481 7.5316 0.0000
3.0759 1.5823 0.0000
3.0759 1.7089 0.0000
3.0759 1.8354 0.0000
3.0759 1.9620 0.0000
3.0759 2.0886 0.0000
3.0759 2.2152 0.0000
3.0759 2.3418 0.0000
3.0759 2.4684 0.0000
3.0759 2.5949 0.0000
3.0759 2.7215 0.0000
3.0759 2.8481 0.0000
3.0759 2.9747 0.0000
3.0759 3.1013 0.0000
3.0759 3.2278 0.0000
3.0759 3.3544 0.0000
3.0759 3.4810 0.0000
3.0759 3.6076 0.0000
3.0759 3.7342 0.0000
3.0759 3.8608 0.0000
3.0759 3.9873 0.0000
3.0759 4.1139 0.0000
3.0759 4.2405 0.0000
3.0759 4.3671 0.0000
3.0759 4.4937 0.0000
3.0759 4.6203 0.0000
3.0759 4.7468 0.0000
3.0759 4.8734 0.0000
3.0759 5.0000 0.0000
3.0759 5.1266 0.0000
3.0759 5.2532 0.0000
3.0759 5.3797 0.0000
3.0759 5.5063 0.0000
3.0759 5.6329 0.0000
3.0759 5.7595 0.0000
3.0759 5.8861 0.0000
3.0759 6.0127 0.0000
3.0759 6.1392 0.0000
3.0759 6.2658 0.0000
3.0759 6.3924 0.0000
3.0759 6.5190 0.0000
3.0759 6.6456 0.0000
3.0759 6.7722 0.0000
3.0759 6.8987 0.0000
3.0759 7.0253 0.0000
3.0759 7.1519 0.0000
3.0759 7.2785 0.0000
3.0759 7.4051 0.0000
3.0759 7.5316 0.0000
3.3038 1.5823 0.0000
3.3038 1.7089 0.0000
3.3038 1.8354 0.0000
3.3038 1.9620 0.0000
3.3038 2.0886 0.0000
3.3038 2.2152 0.0000
3.3038 2.3418 0.0000
3.3038 2.4684 0.0000
3.3038 2.5949 0.0000
3.3038 2.7215 0.0000
3.3038 2.8481 0.0000
3.3038 2.9747 0.0000
3.3038 3.1013 0.0000
3.3038 3.2278 0.0000
3.3038 3.3544 0.0000
3.3038 3.4810 0.0000
3.3038 3.6076 0.0000
3.3038 3.7342 0.0000
3.3038 3.8608 0.0000
3.3038 3.9873 0.0000
3.3038 4.1139 0.0000
3.3038 4.2405 0.0000
3.3038 4.3671 0.0000
3.3038 4.4937 0.0000
3.3038 4.6203 0.0000
3.3038 4.7468 0.0000
3.3038 4.8734 0.0000
3.3038 5.0000 0.0000
3.3038 5.1266 0.0000
3.3038 5.2532 0.0000
3.3038 5.3797 0.0000
3.3038 5.5063 0.0000
3.3038 5.6329 0.0000
3.3038 5.7595 0.0000
3.3038 5.8861 0.0000
3.3038 6.0127 0.0000
3.3038 6.1392 0.0000
3.3038 6.2658 0.0000
3.3038 6.3924 0.0000
3.3038 6.5190 0.0000
3.3038 6.6456 0.0000
3.3038 6.7722 0.0000
3.3038 6.8987 0.0000
3.3038 7.0253 0.0000
3.3038 7.1519 0.0000
3.3038 7.2785 0.0000
3.3038 7.4051 0.0000
3.3038 7.5316 0.0000
3.5316 1.7089 0.0000
3.5316 1.8354 0.0000
3.5316 1.9620 0.0000
3.5316 2.0886 0.0000
3.5316 2.2152 0.0000
3.5316 2.3418 0.0000
3.5316 2.4684 0.0000
3.5316 2.5949 0.0000
3.5316 2.7215 0.0000
3.5316 2.8481 0.0000
3.5316 2.9747 0.0000
3.5316 3.1013 0.0000
3.5316 3.2278 0.0000
3.5316 3.3544 0.0000
3.5316 3.4810 0.0000
3.5316 3.6076 0.0000
3.5316 3.7342 0.0000
3.5316 3.8608 0.0000
3.5316 3.9873 0.0000
3.5316 4.1139 0.0000
3.5316 4.2405 0.0000
3.5316 4.3671 0.0000
3.5316 4.4937 0.0000
3.5316 4.6203 0.0000
3.5316 4.7468 0.0000
3.5316 4.8734 0.0000
3.5316 5.0000 0.0000
3.5316 5.1266 0.0000
3.5316 5.2532 0.0000
3.5316 5.3797 0.0000
3.5316 5.5063 0.0000
3.5316 5.6329 0.0000
3.5316 5.7595 0.0000
3.5316 5.8861 0.0000
3.5316 6.0127 0.0000
3.5316 6.1392 0.0000
3.5316 6.2658 0.0000
3.5316 6.3924 0.0000
3.5316 6.5190 0.0000
3.5316 6.6456 0.0000
3.5316 6.7722 0.0000
3.5316 6.8987 0.0000
3.5316 7.0253 0.0000
3.5316 7.1519 0.0000
3.5316 7.2785 0.0000
3.5316 7.4051 0.0000
3.5316 7.5316 0.0000
3.7595 1.8354 0.0000
3.7595 1.9620 0.0000
3.7595 2.0886 0.0000
3.7595 2.2152 0.0000
3.7595 2.3418 0.0000
3.7595 2.4684 0.0000
3.7595 2.5949 0.0000
3.7595 2.7215 0.0000
3.7595 2.8481 0.0000
3.7595 2.9747 0.0000
3.7595 3.1013 0.0000
3.7595 3.2278 0.0000
3.7595 3.3544 0.0000
3.7595 3.4810 0.0000
3.7595 3.6076 0.0000
3.7595 3.7342 0.0000
3.7595 3.8608 0.0000
3.7595 3.9873 0.0000
3.7595 4.1139 0.0000
3.7595 4.2405 0.0000
3.7595 4.3671 0.0000
3.7595 4.4937 0.0000
3.7595 4.6203 0.0000
3.7595 4.7468 0.0000
3.7595 4.8734 0.0000
3.7595 5.0000 0.0000
3.7595 5.1266 0.0000
3.7595 5.2532 0.0000
3.7595 5.3797 0.0000
3.7595 5.5063 0.0000
3.7595 5.6329 0.0000
3.7595 5.7595 0.0000
3.7595 5.8861 0.0000
3.7595 6.0127 0.0000
3.7595 6.1392 0.0000
3.7595 6.2658 0.0000
3.7595 6.3924 0.0000
3.7595 6.5190 0.0000
3.7595 6.6456 0.0000
3.7595 6.7722 0.0000
3.7595 6.8987 0.0000
3.7595 7.0253 0.0000
3.7595 7.1519 0.0000
3.7595 7.2785 0.0000
3.7595 7.4051 0.0000
3.7595 7.5316 0.0000
3.7595 7.6582 0.0000
3.9873 1.9620 0.0000
3.9873 2.0886 0.0000
3.9873 2.2152 0.0000
3.9873 2.3418 0.0000
3.9873 2.4684 0.0000
3.9873 2.5949 0.0000
3.9873 2.7215 0.0000
3.9873 2.8481 0.0000
3.9873 2.9747 0.0000
3.9873 3.1013 0.0000
3.9873 3.2278 0.0000
3.9873 3.3544 0.0000
3.9873 3.4810 0.0000
3.9873 3.6076 0.0000
3.9873 3.7342 0.0000
3.9873 3.8608 0.0000
3.9873 3.9873 0.0000
3.9873 4.1139 0.0000
3.9873 4.2405 0.0000
3.9873 4.3671 0.0000
3.9873 4.4937 0.0000
3.9873 4.6203 0.0000
3.9873 4.7468 0.0000
3.9873 4.8734 0.0000
3.9873 5.0000 0.0000
3.9873 5.1266 0.0000
3.9873 5.2532 0.0000
3.9873 5.3797 0.0000
3.9873 5.5063 0.0000
3.9873 5.6329 0.0000
3.9873 5.7595 0.0000
3.9873 5.8861 0.0000
3.9873 6.0127 0.0000
3.9873 6.1392 0.0000
3.9873 6.2658 0.0000
3.9873 6.3924 0.0000
3.9873 6.5190 0.0000
3.9873 6.6456 0.0000
3.9873 6.7722 0.0000
3.9873 6.8987 0.0000
3.9873 7.0253 0.0000
3.9873 7.1519 0.0000
3.9873 7.2785 0.0000
3.9873 7.4051 0.0000
3.9873 7.5316 0.0000
3.9873 7.6582 0.0000
4.2152 2.0886 0.0000
4.2152 2.2152 0.0000
4.2152 2.3418 0.0000
4.2152 2.4684 0.0000
4.2152 2.5949 0.0000
4.2152 2.7215 0.0000
4.2152 2.8481 0.0000
4.2152 2.9747 0.0000
4.2152 3.1013 0.0000
4.2152 3.2278 0.0000
4.2152 3.3544 0.0000
4.2152 3.4810 0.0000
4.2152 3.6076 0.0000
4.2152 3.7342 0.0000
4.2152 3.8608 0.0000
4.2152 3.9873 0.0000
4.2152 4.1139 0.0000
4.2152 4.2405 0.0000
4.2152 4.3671 0.0000
4.2152 4.4937 0.0000
4.2152 4.6203 0.0000
4.2152 4.7468 0.0000
4.2152 4.8734 0.0000
4.2152 5.0000 0.0000
4.2152 5.1266 0.0000
4.2152 5.2532 0.0000
4.2152 5.3797 0.0000
4.2152 5.5063 0.0000
4.2152 5.6329 0.0000
4.2152 5.7595 0.0000
4.2152 5.8861 0.0000
4.2152 6.0127 0.0000
4.2152 6.1392 0.0000
4.2152 6.2658 0.0000
4.2152 6.3924 0.0000
4.2152 6.5190 0.0000
4.2152 6.6456 0.0000
4.2152 6.7722 0.0000
4.2152 6.8987 0.0000
4.2152 7.0253 0.0000
4.2152 7.1519 0.0000
4.2152 7.2785 0.0000
4.2152 7.4051 0.0000
4.2152 7.5316 0.0000
4.2152 7.6582 0.0000
4.4430 2.2152 0.0000
4.4430 2.3418 0.0000
4.4430 2.4684 0.0000
4.4430 2.5949 0.0000
4.4430 2.7215 0.0000
4.4430 2.8481 0.0000
4.4430 2.9747 0.0000
4.4430 3.1013 0.0000
4.4430 3.2278 0.0000
4.4430 3.3544 0.0000
4.4430 3.4810 0.0000
4.4430 3.6076 0.0000
4.4430 3.7342 0.0000
4.4430 3.8608 0.0000
4.4430 3.9873 0.0000
4.4430 4.1139 0.0000
4.4430 4.2405 0.0000
4.4430 4.3671 0.0000
4.4430 4.4937 0.0000
4.4430 4.6203 0.0000
4.4430 4.7468 0.0000
4.4430 4.8734 0.0000
4.4430 5.0000 0.0000
4.4430 5.1266 0.0000
4.4430 5.2532 0.0000
4.4430 5.3797 0.0000
4.4430 5.5063 0.0000
4.4430 5.6329 0.0000
4.4430 5.7595 0.0000
4.4430 5.8861 0.0000
4.4430 6.0127 0.0000
4.4430 6.1392 0.0000
4.4430 6.2658 0.0000
4.4430 6.3924 0.0000
4.4430 6.5190 0.0000
4.4430 6.6456 0.0000
4.4430 6.7722 0.0000
4.4430 6.8987 0.0000
4.4430 7.0253 0.0000
4.4430 7.1519 0.0000
4.4430 7.2785 0.0000
4.4430 7.4051 0.0000
4.4430 7.5316 0.0000
4.4430 7.6582 0.0000
4.6709 2.2152 0.0000
4.6709 2.3418 0.0000
4.6709 2.4684 0.0000
4.6709 2.5949 0.0000
4.6709 2.7215 0.0000
4.6709 2.8481 0.0000
4.6709 2.9747 0.0000
4.6709 3.1013 0.0000
4.6709 3.2278 0.0000
4.6709 3.3544 0.0000
4.6709 3.4810 0.0000
4.6709 3.6076 0.0000
4.6709 3.7342 0.0000
4.6709 3.8608 0.0000
4.6709 3.9873 0.0000
4.6709 4.1139 0.0000
4.6709 4.2405 0.0000
4.6709 4.3671 0.0000
4.6709 4.4937 0.0000
4.6709 4.6203 0.0000
4.6709 4.7468 0.0000
4.6709 4.8734 0.0000
4.6709 5.0000 0.0000
4.6709 5.1266 0.0000
4.6709 5.2532 0.0000
4.6709 5.3797 0.0000
4.6709 5.5063 0.0000
4.6709 5.6329 0.0000
4.6709 5.7595 0.0000
4.6709 5.8861 0.0000
4.6709 6.0127 0.0000
4.6709 6.1392 0.0000
4.6709 6.2658 0.0000
4.6709 6.3924 0.0000
4.6709 6.5190 0.0000
4.6709 6.6456 0.0000
4.6709 6.7722 0.0000
4.6709 6.8987 0.0000
4.6709 7.0253 0.0000
4.6709 7.1519 0.0000
4.6709 7.2785 0.0000
4.6709 7.4051 0.0000
4.6709 7.5316 0.0000
4.6709 7.6582 0.0000
4.6709 7.7848 0.0000
4.8987 2.3418 0.0000
4.8987 2.4684 0.0000
4.8987 2.5949 0.0000
4.8987 2.7215 0.0000
4.8987 2.8481 0.0000
4.8987 2.9747 0.0000
4.8987 3.1013 0.0000
4.8987 3.2278 0.0000
4.8987 3.3544 0.0000
4.8987 3.4810 0.0000
4.8987 3.6076 0.0000
4.8987 3.7342 0.0000
4.8987 3.8608 0.0000
4.8987 3.9873 0.0000
4.8987 4.1139 0.0000
4.8987 4.2405 0.0000
4.8987 4.3671 0.0000
4.8987 4.4937 0.0000
4.8987 4.6203 0.0000
4.8987 4.7468 0.0000
4.8987 4.8734 0.0000
4.8987 5.0000 0.0000
4.8987 5.1266 0.0000
4.8987 5.2532 0.0000
4.8987 5.3797 0.0000
4.8987 5.5063 0.0000
4.8987 5.6329 0.0000
4.8987 5.7595 0.0000
4.8987 5.8861 0.0000
4.8987 6.0127 0.0000
4.8987 6.1392 0.0000
4.8987 6.2658 0.0000
4.8987 6.3924 0.0000
4.8987 6.5190 0.0000
4.8987 6.6456 0.0000
4.8987 6.7722 0.0000
4.8987 6.8987 0.0000
4.8987 7.0253 0.0000
4.8987 7.1519 0.0000
4.8987 7.2785 0.0000
4.8987 7.4051 0.0000
4.8987 7.5316 0.0000
4.8987 7.6582 0.0000
4.8987 7.7848 0.0000
5.1266 2.4684 0.0000
5.1266 2.5949 0.0000
5.1266 2.7215 0.0000
5.1266 2.8481 0.0000
5.1266 2.9747 0.0000
5.1266 3.1013 0.0000
5.1266 3.2278 0.0000
5.1266 3.3544 0.0000
5.1266 3.4810 0.0000
5.1266 3.6076 0.0000
5.1266 3.7342 0.0000
5.1266 3.8608 0.0000
5.1266 3.9873 0.0000
5.1266 4.1139 0.0000
5.1266 4.2405 0.0000
5.1266 4.3671 0.0000
5.1266 4.4937 0.0000
5.1266 4.6203 0.0000
5.1266 4.7468 0.0000
5.1266 4.8734 0.0000
5.1266 5.0000 0.0000
5.1266 5.1266 0.0000
5.1266 5.2532 0.0000
5.1266 5.3797 0.0000
5.1266 5.5063 0.0000
5.1266 5.6329 0.0000
5.1266 5.7595 0.0000
5.1266 5.8861 0.0000
5.1266 6.0127 0.0000
5.1266 6.1392 0.0000
5.1266 6.2658 0.0000
5.1266 6.3924 0.0000
5.1266 6.5190 0.0000
5.1266 6.6456 0.0000
5.1266 6.7722 0.0000
5.1266 6.8987 0.0000
5.1266 7.0253 0.0000
5.1266 7.1519 0.0000
5.1266 7.2785 0.0000
5.1266 7.4051 0.0000
5.1266 7.5316 0.0000
5.1266 7.6582 0.0000
5.1266 7.7848 0.0000
5.3544 2.5949 0.0000
5.3544 2.7215 0.0000
5.3544 2.8481 0.0000
5.3544 2.9747 0.0000
5.3544 3.1013 0.0000
5.3544 3.2278 0.0000
5.3544 3.3544 0.0000
5.3544 3.4810 0.0000
5.3544 3.6076 0.0000
5.3544 3.7342 0.0000
5.3544 3.8608 0.0000
5.3544 3.9873 0.0000
5.3544 4.1139 0.0000
5.3544 4.2405 0.0000
5.3544 4.3671 0.0000
5.3544 4.4937 0.0000
5.3544 4.6203 0.0000
5.3544 4.7468 0.0000
5.3544 4.8734 0.0000
5.3544 5.0000 0.0000
5.3544 5.1266 0.0000
5.3544 5.2532 0.0000
5.3544 5.3797 0.0000
5.3544 5.5063 0.0000
5.3544 5.6329 0.0000
5.3544 5.7595 0.0000
5.3544 5.8861 0.0000
5.3544 6.0127 0.0000
5.3544 6.1392 0.0000
5.3544 6.2658 0.0000
5.3544 6.3924 0.0000
5.3544 6.5190 0.0000
5.3544 6.6456 0.0000
5.3544 6.7722 0.0000
5.3544 6.8987 0.0000
5.3544 7.0253 0.0000
5.3544 7.1519 0.0000
5.3544 7.2785 0.0000
5.3544 7.4051 0.0000
5.3544 7.5316 0.0000
5.3544 7.6582 0.0000
5.3544 7.7848 0.0000
5.5823 2.7215 0.0000
5.5823 2.8481 0.0000
5.5823 2.9747 0.0000
5.5823 3.1013 0.0000
5.5823 3.2278 0.0000
5.5823 3.3544 0.0000
5.5823 3.4810 0.0000
5.5823 3.6076 0.0000
5.5823 3.7342 0.0000
5.5823 3.8608 0.0000
5.5823 3.9873 0.0000
5.5823 4.1139 0.0000
5.5823 4.2405 0.0000
5.5823 4.3671 0.0000
5.5823 4.4937 0.0000
5.5823 4.6203 0.0000
5.5823 4.7468 0.0000
5.5823 4.8734 0.0000
5.5823 5.0000 0.0000
5.5823 5.1266 0.0000
5.5823 5.2532 0.0000
5.5823 5.3797 0.0000
5.5823 5.5063 0.0000
5.5823 5.6329 0.0000
5.5823 5.7595 0.0000
5.5823 5.8861 0.0000
5.5823 6.0127 0.0000
5.5823 6.1392 0.0000
5.5823 6.2658 0.0000
5.5823 6.3924 0.0000
5.5823 6.5190 0.0000
5.5823 6.6456 0.0000
5.5823 6.7722 0.0000
5.5823 6.8987 0.0000
5.5823 7.0253 0.0000
5.5823 7.1519 0.0000
5.5823 7.2785 0.0000
5.5823 7.4051 0.0000
5.5823 7.5316 0.0000
5.5823 7.6582 0.0000
5.5823 7.7848 0.0000
5.5823 7.9114 0.0000
5.8101 2.8481 0.0000
5.8101 2.9747 0.0000
5.8101 3.1013 0.0000
5.8101 3.2278 0.0000
5.8101 3.3544 0.0000
5.8101 3.4810 0.0000
5.8101 3.6076 0.0000
5.8101 3.7342 0.0000
5.8101 3.8608 0.0000
5.8101 3.9873 0.0000
5.8101 4.1139 0.0000
5.8101 4.2405 0.0000
5.8101 4.3671 0.0000
5.8101 4.4937 0.0000
5.8101 4.6203 0.0000
5.8101 4.7468 0.0000
5.8101 4.8734 0.0000
5.8101 5.0000 0.0000
5.8101 5.1266 0.0000
5.8101 5.2532 0.0000
5.8101 5.3797 0.0000
5.8101 5.5063 0.0000
5.8101 5.6329 0.0000
5.8101 5.7595 0.0000
5.8101 5.8861 0.0000
5.8101 6.0127 0.0000
5.8101 6.1392 0.0000
5.8101 6.2658 0.0000
5.8101 6.3924 0.0000
5.8101 6.5190 0.0000
5.8101 6.6456 0.0000
5.8101 6.7722 0.0000
5.8101 6.8987 0.0000
5.8101 7.0253 0.0000
5.8101 7.1519 0.0000
5.8101 7.2785 0.0000
5.8101 7.4051 0.0000
5.8101 7.5316 0.0000
5.8101 7.6582 0.0000
5.8101 7.7848 0.0000
5.8101 7.9114 0.0000
6.0380 2.9747 0.0000
6.0380 3.1013 0.0000
6.0380 3.2278 0.0000
6.0380 3.3544 0.0000
6.0380 3.4810 0.0000
6.0380 3.6076 0.0000
6.0380 3.7342 0.0000
6.0380 3.8608 0.0000
6.0380 3.9873 0.0000
6.0380 4.1139 0.0000
6.0380 4.2405 0.0000
6.0380 4.3671 0.0000
6.0380 4.4937 0.0000
6.0380 4.6203 0.0000
6.0380 4.7468 0.0000
6.0380 4.8734 0.0000
6.0380 5.0000 0.0000
6.0380 5.1266 0.0000
6.0380 5.2532 0.0000
6.0380 5.3797 0.0000
6.0380 5.5063 0.0000
6.0380 5.6329 0.0000
6.0380 5.7595 0.0000
6.0380 5.8861 0.0000
6.0380 6.0127 0.0000
6.0380 6.1392 0.0000
6.0380 6.2658 0.0000
6.0380 6.3924 0.0000
6.0380 6.5190 0.0000
6.0380 6.6456 0.0000
6.0380 6.7722 0.0000
6.0380 6.8987 0.0000
6.0380 7.0253 0.0000
6.0380 7.1519 0.0000
6.0380 7.2785 0.0000
6.0380 7.4051 0.0000
6.0380 7.5316 0.0000
6.0380 7.6582 0.0000
6.0380 7.7848 0.0000
6.0380 7.9114 0.0000
6.2658 2.9747 0.0000
6.2658 3.1013 0.0000
6.2658 3.2278 0.0000
6.2658 3.3544 0.0000
6.2658 3.4810 0.0000
6.2658 3.6076 0.0000
6.2658 3.7342 0.0000
6.2658 3.8608 0.0000
6.2658 3.9873 0.0000
6.2658 4.1139 0.0000
6.2658 4.2405 0.0000
6.2658 4.3671 0.0000
6.2658 4.4937 0.0000
6.2658 4.6203 0.0000
6.2658 4.7468 0.0000
6.2658 4.8734 0.0000
6.2658 5.0000 0.0000
6.2658 5.1266 0.0000
6.2658 5.2532 0.0000
6.2658 5.3797 0.0000
6.2658 5.5063 0.0000
6.2658 5.6329 0.0000
6.2658 5.7595 0.0000
6.2658 5.8861 0.0000
6.2658 6.0127 0.0000
6.2658 6.1392 0.0000
6.2658 6.2658 0.0000
6.2658 6.3924 0.0000
6.2658 6.5190 0.0000
6.2658 6.6456 0.0000
6.2658 6.7722 0.0000
6.2658 6.8987 0.0000
6.2658 7.0253 0.0000
6.2658 7.1519 0.0000
6.2658 7.2785 0.0000
6.2658 7.4051 0.0000
6.2658 7.5316 0.0000
6.2658 7.6582 0.0000
6.2658 7.7848 0.0000
6.2658 7.9114 0.0000
6.4937 3.1013 0.0000
6.4937 3.2278 0.0000
6.4937 3.3544 0.0000
6.4937 3.4810 0.0000
6.4937 3.6076 0.0000
6.4937 3.7342 0.0000
6.4937 3.8608 0.0000
6.4937 3.9873 0.0000
6.4937 4.1139 0.0000
6.4937 4.2405 0.0000
6.4937 4.3671 0.0000
6.4937 4.4937 0.0000
6.4937 4.6203 0.0000
6.4937 4.7468 0.0000
6.4937 4.8734 0.0000
6.4937 5.0000 0.0000
6.4937 5.1266 0.0000
6.4937 5.2532 0.0000
6.4937 5.3797 0.0000
6.4937 5.5063 0.0000
6.4937 5.6329 0.0000
6.4937 5.7595 0.0000
6.4937 5.8861 0.0000
6.4937 6.0127 0.0000
6.4937 6.1392 0.0000
6.4937 6.2658 0.0000
6.4937 6.3924 0.0000
6.4937 6.5190 0.0000
6.4937 6.6456 0.0000
6.4937 6.7722 0.0000
6.4937 6.8987 0.0000
6.4937 7.0253 0.0000
6.4937 7.1519 0.0000
6.4937 7.2785 0.0000
6.4937 7.4051 0.0000
6.4937 7.5316 0.0000
6.4937 7.6582 0.0000
6.4937 7.7848 0.0000
6.4937 7.9114 0.0000
6.7215 3.2278 0.0000
6.7215 3.3544 0.0000
6.7215 3.4810 0.0000
6.7215 3.6076 0.0000
6.7215 3.7342 0.0000
6.7215 3.8608 0.0000
6.7215 3.9873 0.0000
6.7215 4.1139 0.0000
6.7215 4.2405 0.0000
6.7215 4.3671 0.0000
6.7215 4.4937 0.0000
6.7215 4.6203 0.0000
6.7215 4.7468 0.0000
6.7215 4.8734 0.0000
6.7215 5.0000 0.0000
6.7215 5.1266 0.0000
6.7215 5.2532 0.0000
6.7215 5.3797 0.0000
6.7215 5.5063 0.0000
6.7215 5.6329 0.0000
6.7215 5.7595 0.0000
6.7215 5.8861 0.0000
6.7215 6.0127 0.0000
6.7215 6.1392 0.0000
6.7215 6.2658 0.0000
6.7215 6.3924 0.0000
6.7215 6.5190 0.0000
6.7215 6.6456 0.0000
6.7215 6.7722 0.0000
6.7215 6.8987 0.0000
6.7215 7.0253 0.0000
6.7215 7.1519 0.0000
6.7215 7.2785 0.0000
6.7215 7.4051 0.0000
6.7215 7.5316 0.0000
6.7215 7.6582 0.0000
6.7215 7.7848 0.0000
6.7215 7.9114 0.0000
6.7215 8.0380 0.0000
6.9494 3.3544 0.0000
6.9494 3.4810 0.0000
6.9494 3.6076 0.0000
6.9494 3.7342 0.0000
6.9494 3.8608 0.0000
6.9494 3.9873 0.0000
6.9494 4.1139 0.0000
6.9494 4.2405 0.0000
6.9494 4.3671 0.0000
6.9494 4.4937 0.0000
6.9494 4.6203 0.0000
6.9494 4.7468 0.0000
6.9494 4.8734 0.0000
6.9494 5.0000 0.0000
6.9494 5.1266 0.0000
6.9494 5.2532 0.0000
6.9494 5.3797 0.0000
6.9494 5.5063 0.0000
6.9494 5.6329 0.0000
6.9494 5.7595 0.0000
6.9494 5.8861 0.0000
6.9494 6.0127 0.0000
6.9494 6.1392 0.0000
6.9494 6.2658 0.0000
6.9494 6.3924 0.0000
6.9494 6.5190 0.0000
6.9494 6.6456 0.0000
6.9494 6.7722 0.0000
6.9494 6.8987 0.0000
6.9494 7.0253 0.0000
6.9494 7.1519 0.0000
6.9494 7.2785 0.0000
6.9494 7.4051 0.0000
6.9494 7.5316 0.0000
6.9494 7.6582 0.0000
6.9494 7.7848 0.0000
6.9494 7.9114 0.0000
6.9494 8.0380 0.0000
7.1772 3.4810 0.0000
7.1772 3.6076 0.0000
7.1772 3.7342 0.0000
7.1772 3.8608 0.0000
7.1772 3.9873 0.0000
7.1772 4.1139 0.0000
7.1772 4.2405 0.0000
7.1772 4.3671 0.0000
7.1772 4.4937 0.0000
7.1772 4.6203 0.0000
7.1772 4.7468 0.0000
7.1772 4.8734 0.0000
7.1772 5.0000 0.0000
7.1772 5.1266 0.0000
7.1772 5.2532 0.0000
7.1772 5.3797 0.0000
7.1772 5.5063 0.0000
7.1772 5.6329 0.0000
7.1772 5.7595 0.0000
7.1772 5.8861 0.0000
7.1772 6.0127 0.0000
7.1772 6.1392 0.0000
7.1772 6.2658 0.0000
7.1772 6.3924 0.0000
7.1772 6.5190 0.0000
7.1772 6.6456 0.0000
7.1772 6.7722 0.0000
7.1772 6.8987 0.0000
7.1772 7.0253 0.0000
7.1772 7.1519 0.0000
7.1772 7.2785 0.0000
7.1772 7.4051 0.0000
7.1772 7.5316 0.0000
7.1772 7.6582 0.0000
7.1772 7.7848 0.0000
7.1772 7.9114 0.0000
7.1772 8.0380 0.0000
7.4051 3.6076 0.0000
7.4051 3.7342 0.0000
7.4051 3.8608 0.0000
7.4051 3.9873 0.0000
7.4051 4.1139 0.0000
7.4051 4.2405 0.0000
7.4051 4.3671 0.0000
7.4051 4.4937 0.0000
7.4051 4.6203 0.0000
7.4051 4.7468 0.0000
7.4051 4.8734 0.0000
7.4051 5.0000 0.0000
7.4051 5.1266 0.0000
7.4051 5.2532 0.0000
7.4051 5.3797 0.0000
7.4051 5.5063 0.0000
7.4051 5.6329 0.0000
7.4051 5.7595 0.0000
7.4051 5.8861 0.0000
7.4051 6.0127 0.0000
7.4051 6.1392 0.0000
7.4051 6.2658 0.0000
7.4051 6.3924 0.0000
7.4051 6.5190 0.0000
7.4051 6.6456 0.0000
7.4051 6.7722 0.0000
7.4051 6.8987 0.0000
7.4051 7.0253 0.0000
7.4051 7.1519 0.0000
7.4051 7.2785 0.0000
7.4051 7.4051 0.0000
7.4051 7.5316 0.0000
7.4051 7.6582 0.0000
7.4051 7.7848 0.0000
7.4051 7.9114 0.0000
7.4051 8.0380 0.0000
7.6329 3.6076 0.0000
7.6329 3.7342 0.0000
7.6329 3.8608 0.0000
7.6329 3.9873 0.0000
7.6329 4.1139 0.0000
7.6329 4.2405 0.0000
7.6329 4.3671 0.0000
7.6329 4.4937 0.0000
7.6329 4.6203 0.0000
7.6329 4.7468 0.0000
7.6329 4.8734 0.0000
7.6329 5.0000 0.0000
7.6329 5.1266 0.0000
7.6329 5.2532 0.0000
7.6329 5.3797 0.0000
7.6329 5.5063 0.0000
7.6329 5.6329 0.0000
7.6329 5.7595 0.0000
7.6329 5.8861 0.0000
7.6329 6.0127 0.0000
7.6329 6.1392 0.0000
7.6329 6.2658 0.0000
7.6329 6.3924 0.0000
7.6329 6.5190 0.0000
7.6329 6.6456 0.0000
7.6329 6.7722 0.0000
7.6329 6.8987 0.0000
7.6329 7.0253 0.0000
7.6329 7.1519 0.0000
7.6329 7.2785 0.0000
7.6329 7.4051 0.0000
7.6329 7.5316 0.0000
7.6329 7.6582 0.0000
7.6329 7.7848 0.0000
7.6329 7.9114 0.0000
7.6329 8.0380 0.0000
7.6329 8.1646 0.0000
7.8608 3.7342 0.0000
7.8608 3.8608 0.0000
7.8608 3.9873 0.0000
7.8608 4.1139 0.0000
7.8608 4.2405 0.0000
7.8608 4.3671 0.0000
7.8608 4.4937 0.0000
7.8608 4.6203 0.0000
7.8608 4.7468 0.0000
7.8608 4.8734 0.0000
7.8608 5.0000 0.0000
7.8608 5.1266 0.0000
7.8608 5.2532 0.0000
7.8608 5.3797 0.0000
7.8608 5.5063 0.0000
7.8608 5.6329 0.0000
7.8608 5.7595 0.0000
7.8608 5.8861 0.0000
7.8608 6.0127 0.0000
7.8608 6.1392 0.0000
7.8608 6.2658 0.0000
7.8608 6.3924 0.0000
7.8608 6.5190 0.0000
7.8608 6.6456 0.0000
7.8608 6.7722 0.0000
7.8608 6.8987 0.0000
7.8608 7.0253 0.0000
7.8608 7.1519 0.0000
7.8608 7.2785 0.0000
7.8608 7.4051 0.0000
7.8608 7.5316 0.0000
7.8608 7.6582 0.0000
7.8608 7.7848 0.0000
7.8608 7.9114 0.0000
7.8608 8.0380 0.0000
7.8608 8.1646 0.0000
8.0886 3.8608 0.0000
8.0886 3.9873 0.0000
8.0886 4.1139 0.0000
8.0886 4.2405 0.0000
8.0886 4.3671 0.0000
8.0886 4.4937 0.0000
8.0886 4.6203 0.0000
8.0886 4.7468 0.0000
8.0886 4.8734 0.0000
8.0886 5.0000 0.0000
8.0886 5.1266 0.0000
8.0886 5.2532 0.0000
8.0886 5.3797 0.0000
8.0886 5.5063 0.0000
8.0886 5.6329 0.0000
8.0886 5.7595 0.0000
8.0886 5.8861 0.0000
8.0886 6.0127 0.0000
8.0886 6.1392 0.0000
8.0886 6.2658 0.0000
8.0886 6.3924 0.0000
8.0886 6.5190 0.0000
8.0886 6.6456 0.0000
8.0886 6.7722 0.0000
8.0886 6.8987 0.0000
8.0886 7.0253 0.0000
8.0886 7.1519 0.0000
8.0886 7.2785 0.0000
8.0886 7.4051 0.0000
8.0886 7.5316 0.0000
8.0886 7.6582 0.0000
8.0886 7.7848 0.0000
8.0886 7.9114 0.0000
8.0886 8.0380 0.0000
8.0886 8.1646 0.0000
8.3165 3.9873 0.0000
8.3165 4.1139 0.0000
8.3165 4.2405 0.0000
8.3165 4.3671 0.0000
8.3165 4.4937 0.0000
8.3165 4.6203 0.0000
8.3165 4.7468 0.0000
8.3165 4.8734 0.0000
8.3165 5.0000 0.0000
8.3165 5.1266 0.0000
8.3165 5.2532 0.0000
8.3165 5.3797 0.0000
8.3165 5.5063 0.0000
8.3165 5.6329 0.0000
8.3165 5.7595 0.0000
8.3165 5.8861 0.0000
8.3165 6.0127 0.0000
8.3165 6.1392 0.0000
8.3165 6.2658 0.0000
8.3165 6.3924 0.0000
8.3165 6.5190 0.0000
8.3165 6.6456 0.0000
8.3165 6.7722 0.0000
8.3165 6.8987 0.0000
8.3165 7.0253 0.0000
8.3165 7.1519 0.0000
8.3165 7.2785 0.0000
8.3165 7.4051 0.0000
8.3165 7.5316 0.0000
8.3165 7.6582 0.0000
8.3165 7.7848 0.0000
8.3165 7.9114 0.0000
8.3165 8.0380 0.0000
8.3165 8.1646 0.0000
8.5443 4.1139 0.0000
8.5443 4.2405 0.0000
8.5443 4.3671 0.0000
8.5443 4.4937 0.0000
8.5443 4.6203 0.0000
8.5443 4.7468 0.0000
8.5443 4.8734 0.0000
8.5443 5.0000 0.0000
8.5443 5.1266 0.0000
8.5443 5.2532 0.0000
8.5443 5.3797 0.0000
8.5443 5.5063 0.0000
8.5443 5.6329 0.0000
8.5443 5.7595 0.0000
8.5443 5.8861 0.0000
8.5443 6.0127 0.0000
8.5443 6.1392 0.0000
8.5443 6.2658 0.0000
8.5443 6.3924 0.0000
8.5443 6.5190 0.0000
8.5443 6.6456 0.0000
8.5443 6.7722 0.0000
8.5443 6.8987 0.0000
8.5443 7.0253 0.0000
8.5443 7.1519 0.0000
8.5443 7.2785 0.0000
8.5443 7.4051 0.0000
8.5443 7.5316 0.0000
8.5443 7.6582 0.0000
8.5443 7.7848 0.0000
8.5443 7.9114 0.0000
8.5443 8.0380 0.0000
8.5443 8.1646 0.0000
8.5443 8.2911 0.0000
8.7722 4.2405 0.0000
8.7722 4.3671 0.0000
8.7722 4.4937 0.0000
8.7722 4.6203 0.0000
8.7722 4.7468 0.0000
8.7722 4.8734 0.0000
8.7722 5.0000 0.0000
8.7722 5.1266 0.0000
8.7722 5.2532 0.0000
8.7722 5.3797 0.0000
8.7722 5.5063 0.0000
8.7722 5.6329 0.0000
8.7722 5.7595 0.0000
8.7722 5.8861 0.0000
8.7722 6.0127 0.0000
8.7722 6.1392 0.0000
8.7722 6.2658 0.0000
8.7722 6.3924 0.0000
8.7722 6.5190 0.0000
8.7722 6.6456 0.0000
8.7722 6.7722 0.0000
8.7722 6.8987 0.0000
8.7722 7.0253 0.0000
8.7722 7.1519 0.0000
8.7722 7.2785 0.0000
8.7722 7.4051 0.0000
8.7722 7.5316 0.0000
8.7722 7.6582 0.0000
8.7722 7.7848 0.0000
8.7722 7.9114 0.0000
8.7722 8.0380 0.0000
8.7722 8.1646 0.0000
8.7722 8.2911 0.0000
9.0000 4.2405 0.0000
9.0000 4.3671 0.0000
9.0000 4.4937 0.0000
9.0000 4.6203 0.0000
9.0000 4.7468 0.0000
9.0000 4.8734 0.0000
9.0000 5.0000 0.0000
9.0000 5.1266 0.0000
9.0000 5.2532 0.0000
9.0000 5.3797 0.0000
9.0000 5.5063 0.0000
9.0000 5.6329 0.0000
9.0000 5.7595 0.0000
9.0000 5.8861 0.0000
9.0000 6.0127 0.0000
9.0000 6.1392 0.0000
9.0000 6.2658 0.0000
9.0000 6.3924 0.0000
9.0000 6.5190 0.0000
9.0000 6.6456 0.0000
9.0000 6.7722 0.0000
9.0000 6.8987 0.0000
9.0000 7.0253 0.0000
9.0000 7.1519 0.0000
9.0000 7.2785 0.0000
9.0000 7.4051 0.0000
9.0000 7.5316 0.0000
9.0000 7.6582 0.0000
9.0000 7.7848 0.0000
9.0000 7.9114 0.0000
9.0000 8.0380 0.0000
9.0000 8.1646 0.0000
9.0000 8.2911 0.0000
9.2278 4.3671 0.0000
9.2278 4.4937 0.0000
9.2278 4.6203 0.0000
9.2278 4.7468 0.0000
9.2278 4.8734 0.0000
9.2278 5.0000 0.0000
9.2278 5.1266 0.0000
9.2278 5.2532 0.0000
9.2278 5.3797 0.0000
9.2278 5.5063 0.0000
9.2278 5.6329 0.0000
9.2278 5.7595 0.0000
9.2278 5.8861 0.0000
9.2278 6.0127 0.0000
9.2278 6.1392 0.0000
9.2278 6.2658 0.0000
9.2278 6.3924 0.0000
9.2278 6.5190 0.0000
9.2278 6.6456 0.0000
9.2278 6.7722 0.0000
9.2278 6.8987 0.0000
9.2278 7.0253 0.0000
9.2278 7.1519 0.0000
9.2278 7.2785 0.0000
9.2278 7.4051 0.0000
9.2278 7.5316 0.0000
9.2278 7.6582 0.0000
9.2278 7.7848 0.0000
9.2278 7.9114 0.0000
9.2278 8.0380 0.0000
9.2278 8.1646 0.0000
9.2278 8.2911 0.0000
9.4557 4.4937 0.0000
9.4557 4.6203 0.0000
9.4557 4.7468 0.0000
9.4557 4.8734 0.0000
9.4557 5.0000 0.0000
9.4557 5.1266 0.0000
9.4557 5.2532 0.0000
9.4557 5.3797 0.0000
9.4557 5.5063 0.0000
9.4557 5.6329 0.0000
9.4557 5.7595 0.0000
9.4557 5.8861 0.0000
9.4557 6.0127 0.0000
9.4557 6.1392 0.0000
9.4557 6.2658 0.0000
9.4557 6.3924 0.0000
9.4557 6.5190 0.0000
9.4557 6.6456 0.0000
9.4557 6.7722 0.0000
9.4557 6.8987 0.0000
9.4557 7.0253 0.0000
9.4557 7.1519 0.0000
9.4557 7.2785 0.0000
9.4557 7.4051 0.0000
9.4557 7.5316 0.0000
9.4557 7.6582 0.0000
9.4557 7.7848 0.0000
9.4557 7.9114 0.0000
9.4557 8.0380 0.0000
9.4557 8.1646 0.0000
9.4557 8.2911 0.0000
9.4557 8.4177 0.0000
9.6835 4.6203 0.0000
9.6835 4.7468 0.0000
9.6835 4.8734 0.0000
9.6835 5.0000 0.0000
9.6835 5.1266 0.0000
9.6835 5.2532 0.0000
9.6835 5.3797 0.0000
9.6835 5.5063 0.0000
9.6835 5.6329 0.0000
9.6835 5.7595 0.0000
9.6835 5.8861 0.0000
9.6835 6.0127 0.0000
9.6835 6.1392 0.0000
9.6835 6.2658 0.0000
9.6835 6.3924 0.0000
9.6835 6.5190 0.0000
9.6835 6.6456 0.0000
9.6835 6.7722 0.0000
9.6835 6.8987 0.0000
9.6835 7.0253 0.0000
9.6835 7.1519 0.0000
9.6835 7.2785 0.0000
9.6835 7.4051 0.0000
9.6835 7.5316 0.0000
9.6835 7.6582 0.0000
9.6835 7.7848 0.0000
9.6835 7.9114 0.0000
9.6835 8.0380 0.0000
9.6835 8.1646 0.0000
9.6835 8.2911 0.0000
9.6835 8.4177 0.0000
9.9114 4.7468 0.0000
9.9114 4.8734 0.0000
9.9114 5.0000 0.0000
9.9114 5.1266 0.0000
9.9114 5.2532 0.0000
9.9114 5.3797 0.0000
9.9114 5.5063 0.0000
9.9114 5.6329 0.0000
9.9114 5.7595 0.0000
9.9114 5.8861 0.0000
9.9114 6.0127 0.0000
9.9114 6.1392 0.0000
9.9114 6.2658 0.0000
9.9114 6.3924 0.0000
9.9114 6.5190 0.0000
9.9114 6.6456 0.0000
9.9114 6.7722 0.0000
9.9114 6.8987 0.0000
9.9114 7.0253 0.0000
9.9114 7.1519 0.0000
9.9114 7.2785 0.0000
9.9114 7.4051 0.0000
9.9114 7.5316 0.0000
9.9114 7.6582 0.0000
9.9114 7.7848 0.0000
9.9114 7.9114 0.0000
9.9114 8.0380 0.0000
9.9114 8.1646 0.0000
9.9114 8.2911 0.0000
9.9114 8.4177 0.0000
10.1392 4.8734 0.0000
10.1392 5.0000 0.0000
10.1392 5.1266 0.0000
10.1392 5.2532 0.0000
10.1392 5.3797 0.0000
10.1392 5.5063 0.0000
10.1392 5.6329 0.0000
10.1392 5.7595 0.0000
10.1392 5.8861 0.0000
10.1392 6.0127 0.0000
10.1392 6.1392 0.0000
10.1392 6.2658 0.0000
10.1392 6.3924 0.0000
10.1392 6.5190 0.0000
10.1392 6.6456 0.0000
10.1392 6.7722 0.0000
10.1392 6.8987 0.0000
10.1392 7.0253 0.0000
10.1392 7.1519 0.0000
10.1392 7.2785 0.0000
10.1392 7.4051 0.0000
10.1392 7.5316 0.0000
10.1392 7.6582 0.0000
10.1392 7.7848 0.0000
10.1392 7.9114 0.0000
10.1392 8.0380 0.0000
10.1392 8.1646 0.0000
10.1392 8.2911 0.0000
10.1392 8.4177 0.0000
10.3671 4.8734 0.0000
10.3671 5.0000 0.0000
10.3671 5.1266 0.0000
10.3671 5.2532 0.0000
10.3671 5.3797 0.0000
10.3671 5.5063 0.0000
10.3671 5.6329 0.0000
10.3671 5.7595 0.0000
10.3671 5.8861 0.0000
10.3671 6.0127 0.0000
10.3671 6.1392 0.0000
10.3671 6.2658 0.0000
10.3671 6.3924 0.0000
10.3671 6.5190 0.0000
10.3671 6.6456 0.0000
10.3671 6.7722 0.0000
10.3671 6.8987 0.0000
10.3671 7.0253 0.0000
10.3671 7.1519 0.0000
10.3671 7.2785 0.0000
10.3671 7.4051 0.0000
10.3671 7.5316 0.0000
10.3671 7.6582 0.0000
10.3671 7.7848 0.0000
10.3671 7.9114 0.0000
10.3671 8.0380 0.0000
10.3671 8.1646 0.0000
10.3671 8.2911 0.0000
10.3671 8.4177 0.0000
10.5949 5.0000 0.0000
10.5949 5.1266 0.0000
10.5949 5.2532 0.0000
10.5949 5.3797 0.0000
10.5949 5.5063 0.0000
10.5949 5.6329 0.0000
10.5949 5.7595 0.0000
10.5949 5.8861 0.0000
10.5949 6.0127 0.0000
10.5949 6.1392 0.0000
10.5949 6.2658 0.0000
10.5949 6.3924 0.0000
10.5949 6.5190 0.0000
10.5949 6.6456 0.0000
10.5949 6.7722 0.0000
10.5949 6.8987 0.0000
10.5949 7.0253 0.0000
10.5949 7.1519 0.0000
10.5949 7.2785 0.0000
10.5949 7.4051 0.0000
10.5949 7.5316 0.0000
10.5949 7.6582 0.0000
10.5949 7.7848 0.0000
10.5949 7.9114 0.0000
10.5949 8.0380 0.0000
10.5949 8.1646 0.0000
10.5949 8.2911 0.0000
10.5949 8.4177 0.0000
10.5949 8.5443 0.0000
10.8228 5.1266 0.0000
10.8228 5.2532 0.0000
10.8228 5.3797 0.0000
10.8228 5.5063 0.0000
10.8228 5.6329 0.0000
10.8228 5.7595 0.0000
10.8228 5.8861 0.0000
10.8228 6.0127 0.0000
10.8228 6.1392 0.0000
10.8228 6.2658 0.0000
10.8228 6.3924 0.0000
10.8228 6.5190 0.0000
10.8228 6.6456 0.0000
10.8228 6.7722 0.0000
10.8228 6.8987 0.0000
10.8228 7.0253 0.0000
10.8228 7.1519 0.0000
10.8228 7.2785 0.0000
10.8228 7.4051 0.0000
10.8228 7.5316 0.0000
10.8228 7.6582 0.0000
10.8228 7.7848 0.0000
10.8228 7.9114 0.0000
10.8228 8.0380 0.0000
10.8228 8.1646 0.0000
10.8228 8.2911 0.0000
10.8228 8.4177 0.0000
10.8228 8.5443 0.0000
11.0506 5.2532 0.0000
11.0506 5.3797 0.0000
11.0506 5.5063 0.0000
11.0506 5.6329 0.0000
11.0506 5.7595 0.0000
11.0506 5.8861 0.0000
11.0506 6.0127 0.0000
11.0506 6.1392 0.0000
11.0506 6.2658 0.0000
11.0506 6.3924 0.0000
11.0506 6.5190 0.0000
11.0506 6.6456 0.0000
11.0506 6.7722 0.0000
11.0506 6.8987 0.0000
11.0506 7.0253 0.0000
11.0506 7.1519 0.0000
11.0506 7.2785 0.0000
11.0506 7.4051 0.0000
11.0506 7.5316 0.0000
11.0506 7.6582 0.0000
11.0506 7.7848 0.0000
11.0506 7.9114 0.0000
11.0506 8.0380 0.0000
11.0506 8.1646 0.0000
11.0506 8.2911 0.0000
11.0506 8.4177 0.0000
11.0506 8.5443 0.0000
11.2785 5.3797 0.0000
11.2785 5.5063 0.0000
11.2785 5.6329 0.0000
11.2785 5.7595 0.0000
11.2785 5.8861 0.0000
11.2785 6.0127 0.0000
11.2785 6.1392 0.0000
11.2785 6.2658 0.0000
11.2785 6.3924 0.0000
11.2785 6.5190 0.0000
11.2785 6.6456 0.0000
11.2785 6.7722 0.0000
11.2785 6.8987 0.0000
11.2785 7.0253 0.0000
11.2785 7.1519 0.0000
11.2785 7.2785 0.0000
11.2785 7.4051 0.0000
11.2785 7.5316 0.0000
11.2785 7.6582 0.0000
11.2785 7.7848 0.0000
11.2785 7.9114 0.0000
11.2785 8.0380 0.0000
11.2785 8.1646 0.0000
11.2785 8.2911 0.0000
11.2785 8.4177 0.0000
11.2785 8.5443 0.0000
11.5063 5.5063 0.0000
11.5063 5.6329 0.0000
11.5063 5.7595 0.0000
11.5063 5.8861 0.0000
11.5063 6.0127 0.0000
11.5063 6.1392 0.0000
11.5063 6.2658 0.0000
11.5063 6.3924 0.0000
11.5063 6.5190 0.0000
11.5063 6.6456 0.0000
11.5063 6.7722 0.0000
11.5063 6.8987 0.0000
11.5063 7.0253 0.0000
11.5063 7.1519 0.0000
11.5063 7.2785 0.0000
11.5063 7.4051 0.0000
11.5063 7.5316 0.0000
11.5063 7.6582 0.0000
11.5063 7.7848 0.0000
11.5063 7.9114 0.0000
11.5063 8.0380 0.0000
11.5063 8.1646 0.0000
11.5063 8.2911 0.0000
11.5063 8.4177 0.0000
11.5063 8.5443 0.0000
11.5063 8.6709 0.0000
11.7342 5.6329 0.0000
11.7342 5.7595 0.0000
11.7342 5.8861 0.0000
11.7342 6.0127 0.0000
11.7342 6.1392 0.0000
11.7342 6.2658 0.0000
11.7342 6.3924 0.0000
11.7342 6.5190 0.0000
11.7342 6.6456 0.0000
11.7342 6.7722 0.0000
11.7342 6.8987 0.0000
11.7342 7.0253 0.0000
11.7342 7.1519 0.0000
11.7342 7.2785 0.0000
11.7342 7.4051 0.0000
11.7342 7.5316 0.0000
11.7342 7.6582 0.0000
11.7342 7.7848 0.0000
11.7342 7.9114 0.0000
11.7342 8.0380 0.0000
11.7342 8.1646 0.0000
11.7342 8.2911 0.0000
11.7342 8.4177 0.0000
11.7342 8.5443 0.0000
11.7342 8.6709 0.0000
11.9620 5.6329 0.0000
11.9620 5.7595 0.0000
11.9620 5.8861 0.0000
11.9620 6.0127 0.0000
11.9620 6.1392 0.0000
11.9620 6.2658 0.0000
11.9620 6.3924 0.0000
11.9620 6.5190 0.0000
11.9620 6.6456 0.0000
11.9620 6.7722 0.0000
11.9620 6.8987 0.0000
11.9620 7.0253 0.0000
11.9620 7.1519 0.0000
11.9620 7.2785 0.0000
11.9620 7.4051 0.0000
11.9620 7.5316 0.0000
11.9620 7.6582 0.0000
11.9620 7.7848 0.0000
11.9620 7.9114 0.0000
11.9620 8.0380 0.0000
11.9620 8.1646 0.0000
11.9620 8.2911 0.0000
11.9620 8.4177 0.0000
11.9620 8.5443 0.0000
11.9620 8.6709 0.0000
12.1899 5.7595 0.0000
12.1899 5.8861 0.0000
12.1899 6.0127 0.0000
12.1899 6.1392 0.0000
12.1899 6.2658 0.0000
12.1899 6.3924 0.0000
12.1899 6.5190 0.0000
12.1899 6.6456 0.0000
12.1899 6.7722 0.0000
12.1899 6.8987 0.0000
12.1899 7.0253 0.0000
12.1899 7.1519 0.0000
12.1899 7.2785 0.0000
12.1899 7.4051 0.0000
12.1899 7.5316 0.0000
12.1899 7.6582 0.0000
12.1899 7.7848 0.0000
12.1899 7.9114 0.0000
12.1899 8.0380 0.0000
12.1899 8.1646 0.0000
12.1899 8.2911 0.0000
12.1899 8.4177 0.0000
12.1899 8.5443 0.0000
12.1899 8.6709 0.0000
12.4177 5.8861 0.0000
12.4177 6.0127 0.0000
12.4177 6.1392 0.0000
12.4177 6.2658 0.0000
12.4177 6.3924 0.0000
12.4177 6.5190 0.0000
12.4177 6.6456 0.0000
12.4177 6.7722 0.0000
12.4177 6.8987 0.0000
12.4177 7.0253 0.0000
12.4177 7.1519 0.0000
12.4177 7.2785 0.0000
12.4177 7.4051 0.0000
12.4177 7.5316 0.0000
12.4177 7.6582 0.0000
12.4177 7.7848 0.0000
12.4177 7.9114 0.0000
12.4177 8.0380 0.0000
12.4177 8.1646 0.0000
12.4177 8.2911 0.0000
12.4177 8.4177 0.0000
12.4177 8.5443 0.0000
12.4177 8.6709 0.0000
12.4177 8.7975 0.0000
12.6456 6.0127 0.0000
12.6456 6.1392 0.0000
12.6456 6.2658 0.0000
12.6456 6.3924 0.0000
12.6456 6.5190 0.0000
12.6456 6.6456 0.0000
12.6456 6.7722 0.0000
12.6456 6.8987 0.0000
12.6456 7.0253 0.0000
12.6456 7.1519 0.0000
12.6456 7.2785 0.0000
12.6456 7.4051 0.0000
12.6456 7.5316 0.0000
12.6456 7.6582 0.0000
12.6456 7.7848 0.0000
12.6456 7.9114 0.0000
12.6456 8.0380 0.0000
12.6456 8.1646 0.0000
12.6456 8.2911 0.0000
12.6456 8.4177 0.0000
12.6456 8.5443 0.0000
12.6456 8.6709 0.0000
12.6456 8.7975 0.0000
12.8734 6.1392 0.0000
12.8734 6.2658 0.0000
12.8734 6.3924 0.0000
12.8734 6.5190 0.0000
12.8734 6.6456 0.0000
12.8734 6.7722 0.0000
12.8734 6.8987 0.0000
12.8734 7.0253 0.0000
12.8734 7.1519 0.0000
12.8734 7.2785 0.0000
12.8734 7.4051 0.0000
12.8734 7.5316 0.0000
12.8734 7.6582 0.0000
12.8734 7.7848 0.0000
12.8734 7.9114 0.0000
12.8734 8.0380 0.0000
12.8734 8.1646 0.0000
12.8734 8.2911 0.0000
12.8734 8.4177 0.0000
12.8734 8.5443 0.0000
12.8734 8.6709 0.0000
12.8734 8.7975 0.0000
13.1013 6.2658 0.0000
13.1013 6.3924 0.0000
13.1013 6.5190 0.0000
13.1013 6.6456 0.0000
13.1013 6.7722 0.0000
13.1013 6.8987 0.0000
13.1013 7.0253 0.0000
13.1013 7.1519 0.0000
13.1013 7.2785 0.0000
13.1013 7.4051 0.0000
13.1013 7.5316 0.0000
13.1013 7.6582 0.0000
13.1013 7.7848 0.0000
13.1013 7.9114 0.0000
13.1013 8.0380 0.0000
13.1013 8.1646 0.0000
13.1013 8.2911 0.0000
13.1013 8.4177 0.0000
13.1013 8.5443 0.0000
13.1013 8.6709 0.0000
13.1013 8.7975 0.0000
13.3291 6.2658 0.0000
13.3291 6.3924 0.0000
13.3291 6.5190 0.0000
13.3291 6.6456 0.0000
13.3291 6.7722 0.0000
13.3291 6.8987 0.0000
13.3291 7.0253 0.0000
13.3291 7.1519 0.0000
13.3291 7.2785 0.0000
13.3291 7.4051 0.0000
13.3291 7.5316 0.0000
13.3291 7.6582 0.0000
13.3291 7.7848 0.0000
13.3291 7.9114 0.0000
13.3291 8.0380 0.0000
13.3291 8.1646 0.0000
13.3291 8.2911 0.0000
13.3291 8.4177 0.0000
13.3291 8.5443 0.0000
13.3291 8.6709 0.0000
13.3291 8.7975 0.0000
13.5570 6.3924 0.0000
13.5570 6.5190 0.0000
13.5570 6.6456 0.0000
13.5570 6.7722 0.0000
13.5570 6.8987 0.0000
13.5570 7.0253 0.0000
13.5570 7.1519 0.0000
13.5570 7.2785 0.0000
13.5570 7.4051 0.0000
13.5570 7.5316 0.0000
13.5570 7.6582 0.0000
13.5570 7.7848 0.0000
13.5570 7.9114 0.0000
13.5570 8.0380 0.0000
13.5570 8.1646 0.0000
13.5570 8.2911 0.0000
13.5570 8.4177 0.0000
13.5570 8.5443 0.0000
13.5570 8.6709 0.0000
13.5570 8.7975 0.0000
13.5570 8.9241 0.0000
13.7848 6.5190 0.0000
13.7848 6.6456 0.0000
13.7848 6.7722 0.0000
13.7848 6.8987 0.0000
13.7848 7.0253 0.0000
13.7848 7.1519 0.0000
13.7848 7.2785 0.0000
13.7848 7.4051 0.0000
13.7848 7.5316 0.0000
13.7848 7.6582 0.0000
13.7848 7.7848 0.0000
13.7848 7.9114 0.0000
13.7848 8.0380 0.0000
13.7848 8.1646 0.0000
13.7848 8.2911 0.0000
13.7848 8.4177 0.0000
13.7848 8.5443 0.0000
13.7848 8.6709 0.0000
13.7848 8.7975 0.0000
13.7848 8.9241 0.0000
14.0127 6.6456 0.0000
14.0127 6.7722 0.0000
14.0127 6.8987 0.0000
14.0127 7.0253 0.0000
14.0127 7.1519 0.0000
14.0127 7.2785 0.0000
14.0127 7.4051 0.0000
14.0127 7.5316 0.0000
14.0127 7.6582 0.0000
14.0127 7.7848 0.0000
14.0127 7.9114 0.0000
14.0127 8.0380 0.0000
14.0127 8.1646 0.0000
14.0127 8.2911 0.0000
14.0127 8.4177 0.0000
14.0127 8.5443 0.0000
14.0127 8.6709 0.0000
14.0127 8.7975 0.0000
14.0127 8.9241 0.0000
14.2405 6.7722 0.0000
14.2405 6.8987 0.0000
14.2405 7.0253 0.0000
14.2405 7.1519 0.0000
14.2405 7.2785 0.0000
14.2405 7.4051 0.0000
14.2405 7.5316 0.0000
14.2405 7.6582 0.0000
14.2405 7.7848 0.0000
14.2405 7.9114 0.0000
14.2405 8.0380 0.0000
14.2405 8.1646 0.0000
14.2405 8.2911 0.0000
14.2405 8.4177 0.0000
14.2405 8.5443 0.0000
14.2405 8.6709 0.0000
14.2405 8.7975 0.0000
14.2405 8.9241 0.0000
14.4684 6.8987 0.0000
14.4684 7.0253 0.0000
14.4684 7.1519 0.0000
14.4684 7.2785 0.0000
14.4684 7.4051 0.0000
14.4684 7.5316 0.0000
14.4684 7.6582 0.0000
14.4684 7.7848 0.0000
14.4684 7.9114 0.0000
14.4684 8.0380 0.0000
14.4684 8.1646 0.0000
14.4684 8.2911 0.0000
14.4684 8.4177 0.0000
14.4684 8.5443 0.0000
14.4684 8.6709 0.0000
14.4684 8.7975 0.0000
14.4684 8.9241 0.0000
14.4684 9.0506 0.0000
14.6962 6.8987 0.0000
14.6962 7.0253 0.0000
14.6962 7.1519 0.0000
14.6962 7.2785 0.0000
14.6962 7.4051 0.0000
14.6962 7.5316 0.0000
14.6962 7.6582 0.0000
14.6962 7.7848 0.0000
14.6962 7.9114 0.0000
14.6962 8.0380 0.0000
14.6962 8.1646 0.0000
14.6962 8.2911 0.0000
14.6962 8.4177 0.0000
14.6962 8.5443 0.0000
14.6962 8.6709 0.0000
14.6962 8.7975 0.0000
14.6962 8.9241 0.0000
14.6962 9.0506 0.0000
14.9241 7.0253 0.0000
14.9241 7.1519 0.0000
14.9241 7.2785 0.0000
14.9241 7.4051 0.0000
14.9241 7.5316 0.0000
14.9241 7.6582 0.0000
14.9241 7.7848 0.0000
14.9241 7.9114 0.0000
14.9241 8.0380 0.0000
14.9241 8.1646 0.0000
14.9241 8.2911 0.0000
14.9241 8.4177 0.0000
14.9241 8.5443 0.0000
14.9241 8.6709 0.0000
14.9241 8.7975 0.0000
14.9241 8.9241 0.0000
14.9241 9.0506 0.0000
15.1519 7.1519 0.0000
15.1519 7.2785 0.0000
15.1519 7.4051 0.0000
15.1519 7.5316 0.0000
15.1519 7.6582 0.0000
15.1519 7.7848 0.0000
15.1519 7.9114 0.0000
15.1519 8.0380 0.0000
15.1519 8.1646 0.0000
15.1519 8.2911 0.0000
15.1519 8.4177 0.0000
15.1519 8.5443 0.0000
15.1519 8.6709 0.0000
15.1519 8.7975 0.0000
15.1519 8.9241 0.0000
15.1519 9.0506 0.0000
15.3797 7.2785 0.0000
15.3797 7.4051 0.0000
15.3797 7.5316 0.0000
15.3797 7.6582 0.0000
15.3797 7.7848 0.0000
15.3797 7.9114 0.0000
15.3797 8.0380 0.0000
15.3797 8.1646 0.0000
15.3797 8.2911 0.0000
15.3797 8.4177 0.0000
15.3797 8.5443 0.0000
15.3797 8.6709 0.0000
15.3797 8.7975 0.0000
15.3797 8.9241 0.0000
15.3797 9.0506 0.0000
15.3797 9.1772 0.0000
15.6076 7.4051 0.0000
15.6076 7.5316 0.0000
15.6076 7.6582 0.0000
15.6076 7.7848 0.0000
15.6076 7.9114 0.0000
15.6076 8.0380 0.0000
15.6076 8.1646 0.0000
15.6076 8.2911 0.0000
15.6076 8.4177 0.0000
15.6076 8.5443 0.0000
15.6076 8.6709 0.0000
15.6076 8.7975 0.0000
15.6076 8.9241 0.0000
15.6076 9.0506 0.0000
15.6076 9.1772 0.0000
15.8354 7.5316 0.0000
15.8354 7.6582 0.0000
15.8354 7.7848 0.0000
15.8354 7.9114 0.0000
15.8354 8.0380 0.0000
15.8354 8.1646 0.0000
15.8354 8.2911 0.0000
15.8354 8.4177 0.0000
15.8354 8.5443 0.0000
15.8354 8.6709 0.0000
15.8354 8.7975 0.0000
15.8354 8.9241 0.0000
15.8354 9.0506 0.0000
15.8354 9.1772 0.0000
16.0633 7.5316 0.0000
16.0633 7.6582 0.0000
16.0633 7.7848 0.0000
16.0633 7.9114 0.0000
16.0633 8.0380 0.0000
16.0633 8.1646 0.0000
16.0633 8.2911 0.0000
16.0633 8.4177 0.0000
16.0633 8.5443 0.0000
16.0633 8.6709 0.0000
16.0633 8.7975 0.0000
16.0633 8.9241 0.0000
16.0633 9.0506 0.0000
16.0633 9.1772 0.0000
16.2911 7.6582 0.0000
16.2911 7.7848 0.0000
16.2911 7.9114 0.0000
16.2911 8.0380 0.0000
16.2911 8.1646 0.0000
16.2911 8.2911 0.0000
16.2911 8.4177 0.0000
16.2911 8.5443 0.0000
16.2911 8.6709 0.0000
16.2911 8.7975 0.0000
16.2911 8.9241 0.0000
16.2911 9.0506 0.0000
16.2911 9.1772 0.0000
16.2911 9.3038 0.0000
16.5190 7.7848 0.0000
16.5190 7.9114 0.0000
16.5190 8.0380 0.0000
16.5190 8.1646 0.0000
16.5190 8.2911 0.0000
16.5190 8.4177 0.0000
16.5190 8.5443 0.0000
16.5190 8.6709 0.0000
16.5190 8.7975 0.0000
16.5190 8.9241 0.0000
16.5190 9.0506 0.0000
16.5190 9.1772 0.0000
16.5190 9.3038 0.0000
16.7468 7.9114 0.0000
16.7468 8.0380 0.0000
16.7468 8.1646 0.0000
16.7468 8.2911 0.0000
16.7468 8.4177 0.0000
16.7468 8.5443 0.0000
16.7468 8.6709 0.0000
16.7468 8.7975 0.0000
16.7468 8.9241 0.0000
16.7468 9.0506 0.0000
16.7468 9.1772 0.0000
16.7468 9.3038 0.0000
16.9747 8.0380 0.0000
16.9747 8.1646 0.0000
16.9747 8.2911 0.0000
16.9747 8.4177 0.0000
16.9747 8.5443 0.0000
16.9747 8.6709 0.0000
16.9747 8.7975 0.0000
16.9747 8.9241 0.0000
16.9747 9.0506 0.0000
16.9747 9.1772 0.0000
16.9747 9.3038 0.0000
17.2025 8.1646 0.0000
17.2025 8.2911 0.0000
17.2025 8.4177 0.0000
17.2025 8.5443 0.0000
17.2025 8.6709 0.0000
17.2025 8.7975 0.0000
17.2025 8.9241 0.0000
17.2025 9.0506 0.0000
17.2025 9.1772 0.0000
17.2025 9.3038 0.0000
17.4304 8.1646 0.0000
17.4304 8.2911 0.0000
17.4304 8.4177 0.0000
17.4304 8.5443 0.0000
17.4304 8.6709 0.0000
17.4304 8.7975 0.0000
17.4304 8.9241 0.0000
17.4304 9.0506 0.0000
17.4304 9.1772 0.0000
17.4304 9.3038 0.0000
17.4304 9.4304 0.0000
17.6582 8.2911 0.0000
17.6582 8.4177 0.0000
17.6582 8.5443 0.0000
17.6582 8.6709 0.0000
17.6582 8.7975 0.0000
17.6582 8.9241 0.0000
17.6582 9.0506 0.0000
17.6582 9.1772 0.0000
17.6582 9.3038 0.0000
17.6582 9.4304 0.0000
17.8861 8.4177 0.0000
17.8861 8.5443 0.0000
17.8861 8.6709 0.0000
17.8861 8.7975 0.0000
17.8861 8.9241 0.0000
17.8861 9.0506 0.0000
17.8861 9.1772 0.0000
17.8861 9.3038 0.0000
17.8861 9.4304 0.0000
6.0380 2.8481 0.0000
7.4051 3.4810 0.0000
11.7342 5.5063 0.0000
13.1013 6.1392 0.0000
0.5696 7.2785 0.0000
1.4810 7.4051 0.0000
2.6203 7.5316 0.0000
3.5316 7.6582 0.0000
4.4430 7.7848 0.0000
5.3544 7.9114 0.0000
6.4937 8.0380 0.0000
7.4051 8.1646 0.0000
8.3165 8.2911 0.0000
9.2278 8.4177 0.0000
10.3671 8.5443 0.0000
11.2785 8.6709 0.0000
12.1899 8.7975 0.0000
13.3291 8.9241 0.0000
14.2405 9.0506 0.0000
15.1519 9.1772 0.0000
16.0633 9.3038 0.0000
17.2025 9.4304 0.0000
0.1139 7.2785 0.0000
0.3418 7.2785 0.0000
1.2532 7.4051 0.0000
2.1646 7.5316 0.0000
2.3924 7.5316 0.0000
3.0759 7.6582 0.0000
3.3038 7.6582 0.0000
4.2152 7.7848 0.0000
5.1266 7.9114 0.0000
6.0380 8.0380 0.0000
6.2658 8.0380 0.0000
6.9494 8.1646 0.0000
7.1772 8.1646 0.0000
8.0886 8.2911 0.0000
9.0000 8.4177 0.0000
9.9114 8.5443 0.0000
10.1392 8.5443 0.0000
10.8228 8.6709 0.0000
11.0506 8.6709 0.0000
11.9620 8.7975 0.0000
12.8734 8.9241 0.0000
13.1013 8.9241 0.0000
13.7848 9.0506 0.0000
14.0127 9.0506 0.0000
14.6962 9.1772 0.0000
14.9241 9.1772 0.0000
15.8354 9.3038 0.0000
16.7468 9.4304 0.0000
16.9747 9.4304 0.0000
17.6582 9.5570 0.0000
17.8861 9.5570 0.0000
0.0000 0.0352 0.0000
0.0871 0.0782 0.0000
0.0000 7.2492 0.0000
0.1067 7.2825 0.0000
0.2278 0.1205 0.0000
0.2394 0.1266 0.0000
0.1967 0.1093 0.0000
0.2328 0.1238 0.0000
0.2278 7.2960 0.0000
0.1244 7.2843 0.0000
0.2982 7.3027 0.0000
0.4557 0.2402 0.0000
0.3449 0.1881 0.0000
0.4838 0.2532 0.0000
0.4686 0.2460 0.0000
0.4557 7.3246 0.0000
0.5883 7.3418 0.0000
0.4148 7.3191 0.0000
0.4804 7.3281 0.0000
0.6835 0.3448 0.0000
0.5934 0.3033 0.0000
0.7583 0.3797 0.0000
0.7177 0.3608 0.0000
0.6835 7.3539 0.0000
0.6658 7.3516 0.0000
0.7122 7.3577 0.0000
0.9114 0.4514 0.0000
0.8414 0.4186 0.0000
1.0293 0.5063 0.0000
0.9652 0.4764 0.0000
0.9114 7.3837 0.0000
0.8502 7.3758 0.0000
1.0100 7.3965 0.0000
1.1392 0.5576 0.0000
1.0890 0.5342 0.0000
1.3007 0.6329 0.0000
1.2129 0.5920 0.0000
1.1392 7.4134 0.0000
1.0348 7.3998 0.0000
1.2194 7.4238 0.0000
1.3671 0.6639 0.0000
1.3368 0.6497 0.0000
1.5722 0.7595 0.0000
1.4607 0.7075 0.0000
1.3671 7.4430 0.0000
1.5616 7.4684 0.0000
1.3076 7.4353 0.0000
1.4040 7.4478 0.0000
1.5949 0.7701 0.0000
1.5845 0.7653 0.0000
1.7084 0.8230 0.0000
1.5949 7.4727 0.0000
1.5886 7.4719 0.0000
1.6051 7.4740 0.0000
1.8228 0.8764 0.0000
1.8436 0.8861 0.0000
1.7140 0.8256 0.0000
1.8323 0.8808 0.0000
1.8228 7.5024 0.0000
1.7732 7.4959 0.0000
1.9027 7.5128 0.0000
2.0506 0.9826 0.0000
1.9562 0.9386 0.0000
2.1151 1.0127 0.0000
2.0800 0.9963 0.0000
2.0506 7.5320 0.0000
1.9578 7.5199 0.0000
2.1424 7.5440 0.0000
2.2785 1.0889 0.0000
2.2039 1.0541 0.0000
2.3865 1.1392 0.0000
2.3278 1.1119 0.0000
2.2785 7.5617 0.0000
2.2003 7.5515 0.0000
2.3270 7.5680 0.0000
2.5063 1.1951 0.0000
2.4517 1.1696 0.0000
2.6580 1.2658 0.0000
2.5755 1.2274 0.0000
2.5063 7.5914 0.0000
2.5338 7.5949 0.0000
2.4979 7.5903 0.0000
2.5115 7.5920 0.0000
2.7342 1.3014 0.0000
2.6994 1.2851 0.0000
2.9294 1.3924 0.0000
2.8233 1.3429 0.0000
2.7342 7.6210 0.0000
2.6961 7.6161 0.0000
2.7955 7.6290 0.0000
2.9620 1.4076 0.0000
2.9472 1.4007 0.0000
3.0710 1.4584 0.0000
2.9620 7.6507 0.0000
2.8807 7.6401 0.0000
3.0653 7.6641 0.0000
3.1899 1.5139 0.0000
3.2009 1.5190 0.0000
3.1323 1.4870 0.0000
3.1949 1.5162 0.0000
3.1899 7.6804 0.0000
3.0931 7.6678 0.0000
3.2499 7.6882 0.0000
3.4177 1.6201 0.0000
3.3188 1.5740 0.0000
3.4723 1.6456 0.0000
3.4426 1.6317 0.0000
3.4177 7.7100 0.0000
3.5061 7.7215 0.0000
3.3907 7.7065 0.0000
3.4345 7.7122 0.0000
3.6456 1.7263 0.0000
3.5665 1.6895 0.0000
3.7438 1.7722 0.0000
3.6904 1.7472 0.0000
3.6456 7.7397 0.0000
3.6191 7.7362 0.0000
3.6883 7.7452 0.0000
3.8734 1.8326 0.0000
3.8143 1.8050 0.0000
4.0153 1.8987 0.0000
3.9381 1.8628 0.0000
3.8734 7.7693 0.0000
3.8037 7.7603 0.0000
3.9859 7.7840 0.0000
4.1013 1.9388 0.0000
4.0620 1.9205 0.0000
4.2867 2.0253 0.0000
4.1859 1.9783 0.0000
4.1013 7.7990 0.0000
3.9883 7.7843 0.0000
4.1728 7.8083 0.0000
4.3291 2.0451 0.0000
4.3098 2.0361 0.0000
4.4336 2.0938 0.0000
4.3291 7.8287 0.0000
4.4783 7.8481 0.0000
4.2834 7.8227 0.0000
4.3574 7.8324 0.0000
4.5570 2.1513 0.0000
4.5582 2.1519 0.0000
4.5507 2.1484 0.0000
4.5575 2.1516 0.0000
4.5570 7.8583 0.0000
4.5420 7.8564 0.0000
4.5810 7.8615 0.0000
4.7848 2.2576 0.0000
4.6814 2.2094 0.0000
4.8296 2.2785 0.0000
4.8053 2.2671 0.0000
4.7848 7.8880 0.0000
4.7266 7.8804 0.0000
4.8786 7.9002 0.0000
5.0127 2.3638 0.0000
4.9291 2.3249 0.0000
5.1011 2.4051 0.0000
5.0530 2.3826 0.0000
5.0127 7.9177 0.0000
4.9112 7.9045 0.0000
5.0958 7.9285 0.0000
5.2405 2.4701 0.0000
5.1769 2.4404 0.0000
5.3725 2.5316 0.0000
5.3008 2.4982 0.0000
5.2405 7.9473 0.0000
5.4505 7.9747 0.0000
5.1762 7.9390 0.0000
5.2804 7.9525 0.0000
5.4684 2.5763 0.0000
5.4246 2.5559 0.0000
5.6440 2.6582 0.0000
5.5485 2.6137 0.0000
5.4684 7.9770 0.0000
5.4650 7.9766 0.0000
5.4738 7.9777 0.0000
5.6962 2.6826 0.0000
5.6724 2.6715 0.0000
5.9155 2.7848 0.0000
5.7963 2.7292 0.0000
5.6962 8.0067 0.0000
5.6496 8.0006 0.0000
5.7714 8.0165 0.0000
5.9241 2.7888 0.0000
5.9201 2.7870 0.0000
5.9690 2.8098 0.0000
5.9241 8.0363 0.0000
5.8342 8.0246 0.0000
6.0187 8.0487 0.0000
6.1519 2.8951 0.0000
6.0440 2.8448 0.0000
6.1869 2.9114 0.0000
6.1679 2.9025 0.0000
6.1519 8.0660 0.0000
6.0690 8.0552 0.0000
6.2033 8.0727 0.0000
6.3797 3.0013 0.0000
6.2917 2.9603 0.0000
6.4584 3.0380 0.0000
6.4156 3.0180 0.0000
6.3797 8.0957 0.0000
6.4228 8.1013 0.0000
6.3666 8.0939 0.0000
6.3879 8.0967 0.0000
6.6076 3.1076 0.0000
6.5395 3.0758 0.0000
6.7298 3.1646 0.0000
6.6634 3.1336 0.0000
6.6076 8.1253 0.0000
6.5725 8.1208 0.0000
6.6642 8.1327 0.0000
6.8354 3.2138 0.0000
6.7872 3.1913 0.0000
7.0013 3.2911 0.0000
6.9111 3.2491 0.0000
6.8354 8.1550 0.0000
6.7571 8.1448 0.0000
6.9417 8.1688 0.0000
7.0633 3.3201 0.0000
7.0350 3.3069 0.0000
7.2727 3.4177 0.0000
7.1589 3.3646 0.0000
7.0633 8.1847 0.0000
6.9618 8.1714 0.0000
7.1263 8.1929 0.0000
7.2911 3.4263 0.0000
7.2827 3.4224 0.0000
7.3873 3.4711 0.0000
7.2911 8.2143 0.0000
7.3950 8.2278 0.0000
7.2593 8.2102 0.0000
7.3109 8.2169 0.0000
7.5190 3.5326 0.0000
7.4066 3.4802 0.0000
7.5442 3.5443 0.0000
7.5305 3.5379 0.0000
7.5190 8.2440 0.0000
7.4955 8.2409 0.0000
7.5569 8.2489 0.0000
7.7468 3.6388 0.0000
7.6544 3.5957 0.0000
7.8156 3.6709 0.0000
7.7782 3.6534 0.0000
7.7468 8.2737 0.0000
7.6800 8.2650 0.0000
7.8545 8.2877 0.0000
7.9747 3.7450 0.0000
7.9021 3.7112 0.0000
8.0871 3.7975 0.0000
8.0260 3.7690 0.0000
7.9747 8.3033 0.0000
7.8646 8.2890 0.0000
8.0492 8.3130 0.0000
8.2025 3.8513 0.0000
8.1499 3.8267 0.0000
8.3586 3.9241 0.0000
8.2737 3.8845 0.0000
8.2025 8.3330 0.0000
8.3673 8.3544 0.0000
8.1521 8.3264 0.0000
8.2338 8.3371 0.0000
8.4304 3.9575 0.0000
8.3976 3.9423 0.0000
8.6300 4.0506 0.0000
8.5215 4.0000 0.0000
8.4304 8.3626 0.0000
8.4184 8.3611 0.0000
8.4497 8.3652 0.0000
8.6582 4.0638 0.0000
8.6454 4.0578 0.0000
8.7692 4.1155 0.0000
8.6582 8.3923 0.0000
8.6030 8.3851 0.0000
8.7473 8.4039 0.0000
8.8861 4.1700 0.0000
8.9015 4.1772 0.0000
8.8056 4.1325 0.0000
8.8931 4.1733 0.0000
8.8861 8.4220 0.0000
8.7876 8.4092 0.0000
8.9722 8.4332 0.0000
9.1139 4.2763 0.0000
9.0170 4.2311 0.0000
9.1729 4.3038 0.0000
9.1409 4.2888 0.0000
9.1139 8.4516 0.0000
9.3395 8.4810 0.0000
9.0449 8.4427 0.0000
9.1568 8.4572 0.0000
9.3418 4.3825 0.0000
9.2647 4.3466 0.0000
9.4444 4.4304 0.0000
9.3886 4.4044 0.0000
9.3418 8.4813 0.0000
9.3413 8.4813 0.0000
9.3425 8.4814 0.0000
9.5696 4.4888 0.0000
9.5125 4.4621 0.0000
9.7158 4.5570 0.0000
9.6363 4.5199 0.0000
9.5696 8.5110 0.0000
9.5259 8.5053 0.0000
9.6401 8.5201 0.0000
9.7975 4.5950 0.0000
9.7602 4.5777 0.0000
9.9873 4.6835 0.0000
9.8841 4.6354 0.0000
9.7975 8.5406 0.0000
9.7105 8.5293 0.0000
9.8951 8.5534 0.0000
10.0253 4.7013 0.0000
10.0080 4.6932 0.0000
10.1318 4.7509 0.0000
10.0253 8.5703 0.0000
9.9376 8.5589 0.0000
10.0797 8.5774 0.0000
10.2532 4.8075 0.0000
10.2588 4.8101 0.0000
10.2239 4.7939 0.0000
10.2557 4.8087 0.0000
10.2532 8.6000 0.0000
10.3117 8.6076 0.0000
10.2352 8.5976 0.0000
10.2643 8.6014 0.0000
10.4810 4.9138 0.0000
10.3796 4.8665 0.0000
10.5302 4.9367 0.0000
10.5035 4.9242 0.0000
10.4810 8.6296 0.0000
10.4489 8.6254 0.0000
10.5328 8.6364 0.0000
10.7089 5.0200 0.0000
10.6273 4.9820 0.0000
10.8017 5.0633 0.0000
10.7512 5.0398 0.0000
10.7089 8.6593 0.0000
10.6335 8.6495 0.0000
10.8181 8.6735 0.0000
10.9367 5.1263 0.0000
10.8751 5.0975 0.0000
11.0731 5.1899 0.0000
10.9990 5.1553 0.0000
10.9367 8.6890 0.0000
10.8304 8.6751 0.0000
11.0026 8.6975 0.0000
11.1646 5.2325 0.0000
11.1228 5.2131 0.0000
11.3446 5.3165 0.0000
11.2467 5.2708 0.0000
11.1646 8.7186 0.0000
11.2840 8.7342 0.0000
11.1280 8.7139 0.0000
11.1872 8.7216 0.0000
11.3924 5.3388 0.0000
11.3706 5.3286 0.0000
11.6160 5.4430 0.0000
11.4945 5.3863 0.0000
11.3924 8.7483 0.0000
11.3718 8.7456 0.0000
11.4256 8.7526 0.0000
11.6203 5.4450 0.0000
11.6183 5.4441 0.0000
11.6423 5.4553 0.0000
11.6203 8.7780 0.0000
11.5564 8.7696 0.0000
11.7232 8.7914 0.0000
11.8481 5.5512 0.0000
11.7422 5.5019 0.0000
11.8875 5.5696 0.0000
11.8661 5.5596 0.0000
11.8481 8.8076 0.0000
11.7410 8.7937 0.0000
11.9256 8.8177 0.0000
12.0759 5.6575 0.0000
11.9900 5.6174 0.0000
12.1590 5.6962 0.0000
12.1138 5.6752 0.0000
12.0759 8.8373 0.0000
12.2562 8.8608 0.0000
12.0208 8.8301 0.0000
12.1102 8.8417 0.0000
12.3038 5.7637 0.0000
12.2377 5.7329 0.0000
12.4304 5.8228 0.0000
12.3616 5.7907 0.0000
12.3038 8.8670 0.0000
12.2948 8.8658 0.0000
12.3184 8.8688 0.0000
12.5316 5.8700 0.0000
12.4854 5.8484 0.0000
12.7019 5.9494 0.0000
12.6093 5.9062 0.0000
12.5316 8.8966 0.0000
12.4794 8.8898 0.0000
12.6159 8.9076 0.0000
12.7595 5.9762 0.0000
12.7332 5.9640 0.0000
12.9733 6.0759 0.0000
12.8571 6.0217 0.0000
12.7595 8.9263 0.0000
12.6639 8.9138 0.0000
12.8485 8.9379 0.0000
12.9873 6.0825 0.0000
12.9809 6.0795 0.0000
13.0606 6.1166 0.0000
12.9873 8.9559 0.0000
12.9135 8.9463 0.0000
13.0331 8.9619 0.0000
13.2152 6.1887 0.0000
13.1048 6.1373 0.0000
13.2448 6.2025 0.0000
13.2287 6.1950 0.0000
13.2152 8.9856 0.0000
13.2285 8.9873 0.0000
13.2111 8.9851 0.0000
13.2177 8.9859 0.0000
13.4430 6.2950 0.0000
13.3526 6.2528 0.0000
13.5162 6.3291 0.0000
13.4764 6.3106 0.0000
13.4430 9.0153 0.0000
13.4023 9.0100 0.0000
13.5087 9.0238 0.0000
13.6709 6.4012 0.0000
13.6003 6.3683 0.0000
13.7877 6.4557 0.0000
13.7242 6.4261 0.0000
13.6709 9.0449 0.0000
13.5869 9.0340 0.0000
13.7715 9.0580 0.0000
13.8987 6.5075 0.0000
13.8481 6.4838 0.0000
14.0591 6.5823 0.0000
13.9719 6.5416 0.0000
13.8987 9.0746 0.0000
13.8063 9.0626 0.0000
13.9561 9.0821 0.0000
14.1266 6.6137 0.0000
14.0958 6.5994 0.0000
14.3306 6.7089 0.0000
14.2197 6.6571 0.0000
14.1266 9.1043 0.0000
14.2007 9.1139 0.0000
14.1039 9.1013 0.0000
14.1407 9.1061 0.0000
14.3544 6.7200 0.0000
14.3436 6.7149 0.0000
14.4674 6.7727 0.0000
14.3544 9.1339 0.0000
14.3252 9.1301 0.0000
14.4015 9.1401 0.0000
14.5823 6.8262 0.0000
14.6021 6.8354 0.0000
14.4789 6.7780 0.0000
14.5913 6.8304 0.0000
14.5823 9.1636 0.0000
14.5098 9.1542 0.0000
14.6944 9.1782 0.0000
14.8101 6.9325 0.0000
14.7152 6.8882 0.0000
14.8735 6.9620 0.0000
14.8391 6.9460 0.0000
14.8101 9.1933 0.0000
14.6991 9.1788 0.0000
14.8790 9.2022 0.0000
15.0380 7.0387 0.0000
14.9629 7.0037 0.0000
15.1450 7.0886 0.0000
15.0868 7.0615 0.0000
15.0380 9.2229 0.0000
15.1729 9.2405 0.0000
14.9967 9.2176 0.0000
15.0636 9.2263 0.0000
15.2658 7.1450 0.0000
15.2107 7.1192 0.0000
15.4164 7.2152 0.0000
15.3346 7.1770 0.0000
15.2658 9.2526 0.0000
15.2482 9.2503 0.0000
15.2943 9.2563 0.0000
15.4937 7.2512 0.0000
15.4584 7.2348 0.0000
15.6879 7.3418 0.0000
15.5823 7.2925 0.0000
15.4937 9.2823 0.0000
15.4328 9.2743 0.0000
15.5918 9.2950 0.0000
15.7215 7.3575 0.0000
15.7062 7.3503 0.0000
15.8300 7.4081 0.0000
15.7215 9.3119 0.0000
15.6174 9.2984 0.0000
15.8020 9.3224 0.0000
15.9494 7.4637 0.0000
15.9593 7.4684 0.0000
15.8972 7.4394 0.0000
15.9539 7.4658 0.0000
15.9494 9.3416 0.0000
16.1452 9.3671 0.0000
15.8894 9.3338 0.0000
15.9865 9.3464 0.0000
16.1772 7.5699 0.0000
16.0778 7.5236 0.0000
16.2308 7.5949 0.0000
16.2017 7.5814 0.0000
16.1772 9.3713 0.0000
16.1711 9.3705 0.0000
16.1870 9.3725 0.0000
16.4051 7.6762 0.0000
16.3255 7.6391 0.0000
16.5023 7.7215 0.0000
16.4494 7.6969 0.0000
16.4051 9.4009 0.0000
16.3557 9.3945 0.0000
16.4846 9.4113 0.0000
16.6329 7.7824 0.0000
16.5733 7.7546 0.0000
16.7737 7.8481 0.0000
16.6972 7.8124 0.0000
16.6329 9.4306 0.0000
16.5403 9.4185 0.0000
16.7249 9.4426 0.0000
16.8608 7.8887 0.0000
16.8210 7.8702 0.0000
17.0452 7.9747 0.0000
16.9449 7.9279 0.0000
16.8608 9.4603 0.0000
16.7822 9.4500 0.0000
16.9095 9.4666 0.0000
17.0886 7.9949 0.0000
17.0688 7.9857 0.0000
17.1927 8.0435 0.0000
17.0886 9.4899 0.0000
17.1173 9.4937 0.0000
17.0798 9.4888 0.0000
17.0941 9.4906 0.0000
17.3165 8.1012 0.0000
17.3167 8.1013 0.0000
17.3153 8.1006 0.0000
17.3166 8.1012 0.0000
17.3165 9.5197 0.0000
17.2785 9.5148 0.0000
17.3781 9.5279 0.0000
17.5443 8.2073 0.0000
17.4404 8.1590 0.0000
17.5885 8.2278 0.0000
17.5644 8.2167 0.0000
17.5443 9.5483 0.0000
17.4636 9.5385 0.0000
17.6482 9.5625 0.0000
17.7722 8.3117 0.0000
17.6878 8.2747 0.0000
17.8820 8.3544 0.0000
17.8113 8.3327 0.0000
17.9914 8.4810 0.0000
17.9783 8.6076 0.0000
17.9819 8.7342 0.0000
17.9808 8.8608 0.0000
17.9809 8.9873 0.0000
17.9822 9.1139 0.0000
17.9806 9.2405 0.0000
17.9739 9.3671 0.0000
17.7722 9.5808 0.0000
17.6753 9.5664 0.0000
17.8428 9.5810 0.0000
17.9324 8.3920 0.0000
17.9824 8.4713 0.0000
17.9845 8.4896 0.0000
17.9624 8.5867 0.0000
17.9607 8.6294 0.0000
17.9665 8.7156 0.0000
17.9667 8.7527 0.0000
17.9647 8.8411 0.0000
17.9647 8.8803 0.0000
17.9653 8.9681 0.0000
17.9657 9.0064 0.0000
17.9678 9.0960 0.0000
17.9660 9.1328 0.0000
17.9616 9.2192 0.0000
17.9627 9.2612 0.0000
18.0000 9.4685 0.0000
17.9559 9.3426 0.0000
17.9667 9.3856 0.0000
18.0000 9.5214 0.0000
17.9489 9.5918 0.0000</DataArray>
         </Points>
         <Cells>
            <DataArray Name="connectivity" format="ascii" type="Int32">
 0 2656 2657
 1 0 2658
 2 1 2659
 3 2 2660
 4 3 2661
 5 4 2662
 6 5 2663
 7 6 2664
 8 7 2665
 9 8 2666
 10 9 2667
 11 10 2668
 12 11 2669
 13 12 2670
 14 13 2671
 15 14 2672
 16 15 2673
 17 16 2674
 18 17 2675
 19 18 2676
 20 19 2677
 21 20 2678
 22 21 2679
 23 22 2680
 24 23 2681
 25 24 2682
 26 25 2683
 27 26 2684
 28 27 2685
 29 28 2686
 30 29 2687
 31 30 2688
 32 31 2689
 33 32 2690
 34 33 2691
 35 34 2692
 36 35 2693
 37 36 2694
 38 37 2695
 39 38 2696
 40 39 2697
 41 40 2698
 42 41 2699
 43 42 2700
 44 43 2701
 45 44 2702
 46 45 2703
 47 46 2704
 48 47 2705
 49 48 2706
 50 49 2707
 51 50 2708
 52 51 2709
 53 52 2710
 54 53 2711
 55 54 2712
 56 2647 2713
 57 56 2714
 58 57 2715
 59 58 2716
 60 59 2717
 61 60 2718
 62 61 2719
 63 62 2720
 64 63 2721
 65 64 2722
 66 65 2723
 67 66 2724
 68 67 2725
 69 68 2726
 70 69 2727
 71 70 2728
 72 71 2729
 73 72 2730
 74 73 2731
 75 74 2732
 76 75 2733
 77 76 2734
 78 77 2735
 79 78 2736
 80 79 2737
 81 80 2738
 82 81 2739
 83 82 2740
 84 83 2741
 85 84 2742
 86 85 2743
 87 86 2744
 88 87 2745
 89 88 2746
 90 89 2747
 91 90 2748
 92 91 2749
 93 92 2750
 94 93 2751
 95 94 2752
 96 95 2753
 97 96 2754
 98 97 2755
 99 98 2756
 100 99 2757
 101 100 2758
 102 101 2759
 103 102 2760
 104 103 2761
 105 104 2762
 106 105 2763
 107 106 2764
 108 107 2765
 109 108 2766
 110 109 2767
 111 110 2768
 112 2577 2769
 113 112 2770
 114 113 2771
 115 114 2772
 116 115 2773
 117 116 2774
 118 117 2775
 119 118 2776
 120 119 2777
 121 120 2778
 122 121 2779
 123 122 2780
 124 123 2781
 125 124 2782
 126 125 2783
 127 126 2784
 128 127 2785
 129 128 2786
 130 129 2787
 131 130 2788
 132 131 2789
 133 132 2790
 134 133 2791
 135 134 2792
 136 135 2793
 137 136 2794
 138 137 2795
 139 138 2796
 140 139 2797
 141 140 2798
 142 141 2799
 143 142 2800
 144 143 2801
 145 144 2802
 146 145 2803
 147 146 2804
 148 147 2805
 149 148 2806
 150 149 2807
 151 150 2808
 152 151 2809
 153 152 2810
 154 153 2811
 155 154 2812
 156 155 2813
 157 156 2814
 158 157 2815
 159 158 2816
 160 159 2817
 161 160 2818
 162 161 2819
 163 162 2820
 164 163 2821
 165 164 2822
 166 165 2823
 167 2578 2824
 168 167 2825
 169 168 2826
 170 169 2827
 171 170 2828
 172 171 2829
 173 172 2830
 174 173 2831
 175 174 2832
 176 175 2833
 177 176 2834
 178 177 2835
 179 178 2836
 180 179 2837
 181 180 2838
 182 181 2839
 183 182 2840
 184 183 2841
 185 184 2842
 186 185 2843
 187 186 2844
 188 187 2845
 189 188 2846
 190 189 2847
 191 190 2848
 192 191 2849
 193 192 2850
 194 193 2851
 195 194 2852
 196 195 2853
 197 196 2854
 198 197 2855
 199 198 2856
 200 199 2857
 201 200 2858
 202 201 2859
 203 202 2860
 204 203 2861
 205 204 2862
 206 205 2863
 207 206 2864
 208 207 2865
 209 208 2866
 210 209 2867
 211 210 2868
 212 211 2869
 213 212 2870
 214 213 2871
 215 214 2872
 216 215 2873
 217 216 2874
 218 217 2875
 219 218 2876
 220 219 2877
 221 220 2878
 222 2579 2879
 223 222 2880
 224 223 2881
 225 224 2882
 226 225 2883
 227 226 2884
 228 227 2885
 229 228 2886
 230 229 2887
 231 230 2888
 232 231 2889
 233 232 2890
 234 233 2891
 235 234 2892
 236 235 2893
 237 236 2894
 238 237 2895
 239 238 2896
 240 239 2897
 241 240 2898
 242 241 2899
 243 242 2900
 244 243 2901
 245 244 2902
 246 245 2903
 247 246 2904
 248 247 2905
 249 248 2906
 250 249 2907
 251 250 2908
 252 251 2909
 253 252 2910
 254 253 2911
 255 254 2912
 256 255 2913
 257 256 2914
 258 257 2915
 259 258 2916
 260 259 2917
 261 260 2918
 262 261 2919
 263 262 2920
 264 263 2921
 265 264 2922
 266 265 2923
 267 266 2924
 268 267 2925
 269 268 2926
 270 269 2927
 271 270 2928
 272 271 2929
 273 272 2930
 274 273 2931
 275 274 2932
 276 2580 2933
 277 276 2934
 278 277 2935
 279 278 2936
 280 279 2937
 281 280 2938
 282 281 2939
 283 282 2940
 284 283 2941
 285 284 2942
 286 285 2943
 287 286 2944
 288 287 2945
 289 288 2946
 290 289 2947
 291 290 2948
 292 291 2949
 293 292 2950
 294 293 2951
 295 294 2952
 296 295 2953
 297 296 2954
 298 297 2955
 299 298 2956
 300 299 2957
 301 300 2958
 302 301 2959
 303 302 2960
 304 303 2961
 305 304 2962
 306 305 2963
 307 306 2964
 308 307 2965
 309 308 2966
 310 309 2967
 311 310 2968
 312 311 2969
 313 312 2970
 314 313 2971
 315 314 2972
 316 315 2973
 317 316 2974
 318 317 2975
 319 318 2976
 320 319 2977
 321 320 2978
 322 321 2979
 323 322 2980
 324 323 2981
 325 324 2982
 326 325 2983
 327 326 2984
 328 327 2985
 329 2581 2986
 330 329 2987
 331 330 2988
 332 331 2989
 333 332 2990
 334 333 2991
 335 334 2992
 336 335 2993
 337 336 2994
 338 337 2995
 339 338 2996
 340 339 2997
 341 340 2998
 342 341 2999
 343 342 3000
 344 343 3001
 345 344 3002
 346 345 3003
 347 346 3004
 348 347 3005
 349 348 3006
 350 349 3007
 351 350 3008
 352 351 3009
 353 352 3010
 354 353 3011
 355 354 3012
 356 355 3013
 357 356 3014
 358 357 3015
 359 358 3016
 360 359 3017
 361 360 3018
 362 361 3019
 363 362 3020
 364 363 3021
 365 364 3022
 366 365 3023
 367 366 3024
 368 367 3025
 369 368 3026
 370 369 3027
 371 370 3028
 372 371 3029
 373 372 3030
 374 373 3031
 375 374 3032
 376 375 3033
 377 376 3034
 378 377 3035
 379 378 3036
 380 379 3037
 381 2582 3038
 382 381 3039
 383 382 3040
 384 383 3041
 385 384 3042
 386 385 3043
 387 386 3044
 388 387 3045
 389 388 3046
 390 389 3047
 391 390 3048
 392 391 3049
 393 392 3050
 394 393 3051
 395 394 3052
 396 395 3053
 397 396 3054
 398 397 3055
 399 398 3056
 400 399 3057
 401 400 3058
 402 401 3059
 403 402 3060
 404 403 3061
 405 404 3062
 406 405 3063
 407 406 3064
 408 407 3065
 409 408 3066
 410 409 3067
 411 410 3068
 412 411 3069
 413 412 3070
 414 413 3071
 415 414 3072
 416 415 3073
 417 416 3074
 418 417 3075
 419 418 3076
 420 419 3077
 421 420 3078
 422 421 3079
 423 422 3080
 424 423 3081
 425 424 3082
 426 425 3083
 427 426 3084
 428 427 3085
 429 428 3086
 430 429 3087
 431 430 3088
 432 431 3089
 433 2648 3090
 434 433 3091
 435 434 3092
 436 435 3093
 437 436 3094
 438 437 3095
 439 438 3096
 440 439 3097
 441 440 3098
 442 441 3099
 443 442 3100
 444 443 3101
 445 444 3102
 446 445 3103
 447 446 3104
 448 447 3105
 449 448 3106
 450 449 3107
 451 450 3108
 452 451 3109
 453 452 3110
 454 453 3111
 455 454 3112
 456 455 3113
 457 456 3114
 458 457 3115
 459 458 3116
 460 459 3117
 461 460 3118
 462 461 3119
 463 462 3120
 464 463 3121
 465 464 3122
 466 465 3123
 467 466 3124
 468 467 3125
 469 468 3126
 470 469 3127
 471 470 3128
 472 471 3129
 473 472 3130
 474 473 3131
 475 474 3132
 476 475 3133
 477 476 3134
 478 477 3135
 479 478 3136
 480 479 3137
 481 480 3138
 482 481 3139
 483 482 3140
 484 483 3141
 485 2583 3142
 486 485 3143
 487 486 3144
 488 487 3145
 489 488 3146
 490 489 3147
 491 490 3148
 492 491 3149
 493 492 3150
 494 493 3151
 495 494 3152
 496 495 3153
 497 496 3154
 498 497 3155
 499 498 3156
 500 499 3157
 501 500 3158
 502 501 3159
 503 502 3160
 504 503 3161
 505 504 3162
 506 505 3163
 507 506 3164
 508 507 3165
 509 508 3166
 510 509 3167
 511 510 3168
 512 511 3169
 513 512 3170
 514 513 3171
 515 514 3172
 516 515 3173
 517 516 3174
 518 517 3175
 519 518 3176
 520 519 3177
 521 520 3178
 522 521 3179
 523 522 3180
 524 523 3181
 525 524 3182
 526 525 3183
 527 526 3184
 528 527 3185
 529 528 3186
 530 529 3187
 531 530 3188
 532 531 3189
 533 532 3190
 534 533 3191
 535 534 3192
 536 2584 3193
 537 536 3194
 538 537 3195
 539 538 3196
 540 539 3197
 541 540 3198
 542 541 3199
 543 542 3200
 544 543 3201
 545 544 3202
 546 545 3203
 547 546 3204
 548 547 3205
 549 548 3206
 550 549 3207
 551 550 3208
 552 551 3209
 553 552 3210
 554 553 3211
 555 554 3212
 556 555 3213
 557 556 3214
 558 557 3215
 559 558 3216
 560 559 3217
 561 560 3218
 562 561 3219
 563 562 3220
 564 563 3221
 565 564 3222
 566 565 3223
 567 566 3224
 568 567 3225
 569 568 3226
 570 569 3227
 571 570 3228
 572 571 3229
 573 572 3230
 574 573 3231
 575 574 3232
 576 575 3233
 577 576 3234
 578 577 3235
 579 578 3236
 580 579 3237
 581 580 3238
 582 581 3239
 583 582 3240
 584 583 3241
 585 584 3242
 586 2585 3243
 587 586 3244
 588 587 3245
 589 588 3246
 590 589 3247
 591 590 3248
 592 591 3249
 593 592 3250
 594 593 3251
 595 594 3252
 596 595 3253
 597 596 3254
 598 597 3255
 599 598 3256
 600 599 3257
 601 600 3258
 602 601 3259
 603 602 3260
 604 603 3261
 605 604 3262
 606 605 3263
 607 606 3264
 608 607 3265
 609 608 3266
 610 609 3267
 611 610 3268
 612 611 3269
 613 612 3270
 614 613 3271
 615 614 3272
 616 615 3273
 617 616 3274
 618 617 3275
 619 618 3276
 620 619 3277
 621 620 3278
 622 621 3279
 623 622 3280
 624 623 3281
 625 624 3282
 626 625 3283
 627 626 3284
 628 627 3285
 629 628 3286
 630 629 3287
 631 630 3288
 632 631 3289
 633 632 3290
 634 633 3291
 635 2586 3292
 636 635 3293
 637 636 3294
 638 637 3295
 639 638 3296
 640 639 3297
 641 640 3298
 642 641 3299
 643 642 3300
 644 643 3301
 645 644 3302
 646 645 3303
 647 646 3304
 648 647 3305
 649 648 3306
 650 649 3307
 651 650 3308
 652 651 3309
 653 652 3310
 654 653 3311
 655 654 3312
 656 655 3313
 657 656 3314
 658 657 3315
 659 658 3316
 660 659 3317
 661 660 3318
 662 661 3319
 663 662 3320
 664 663 3321
 665 664 3322
 666 665 3323
 667 666 3324
 668 667 3325
 669 668 3326
 670 669 3327
 671 670 3328
 672 671 3329
 673 672 3330
 674 673 3331
 675 674 3332
 676 675 3333
 677 676 3334
 678 677 3335
 679 678 3336
 680 679 3337
 681 680 3338
 682 681 3339
 683 682 3340
 684 2587 3341
 685 684 3342
 686 685 3343
 687 686 3344
 688 687 3345
 689 688 3346
 690 689 3347
 691 690 3348
 692 691 3349
 693 692 3350
 694 693 3351
 695 694 3352
 696 695 3353
 697 696 3354
 698 697 3355
 699 698 3356
 700 699 3357
 701 700 3358
 702 701 3359
 703 702 3360
 704 703 3361
 705 704 3362
 706 705 3363
 707 706 3364
 708 707 3365
 709 708 3366
 710 709 3367
 711 710 3368
 712 711 3369
 713 712 3370
 714 713 3371
 715 714 3372
 716 715 3373
 717 716 3374
 718 717 3375
 719 718 3376
 720 719 3377
 721 720 3378
 722 721 3379
 723 722 3380
 724 723 3381
 725 724 3382
 726 725 3383
 727 726 3384
 728 727 3385
 729 728 3386
 730 729 3387
 731 730 3388
 732 2649 3389
 733 732 3390
 734 733 3391
 735 734 3392
 736 735 3393
 737 736 3394
 738 737 3395
 739 738 3396
 740 739 3397
 741 740 3398
 742 741 3399
 743 742 3400
 744 743 3401
 745 744 3402
 746 745 3403
 747 746 3404
 748 747 3405
 749 748 3406
 750 749 3407
 751 750 3408
 752 751 3409
 753 752 3410
 754 753 3411
 755 754 3412
 756 755 3413
 757 756 3414
 758 757 3415
 759 758 3416
 760 759 3417
 761 760 3418
 762 761 3419
 763 762 3420
 764 763 3421
 765 764 3422
 766 765 3423
 767 766 3424
 768 767 3425
 769 768 3426
 770 769 3427
 771 770 3428
 772 771 3429
 773 772 3430
 774 773 3431
 775 774 3432
 776 775 3433
 777 776 3434
 778 777 3435
 779 778 3436
 780 2588 3437
 781 780 3438
 782 781 3439
 783 782 3440
 784 783 3441
 785 784 3442
 786 785 3443
 787 786 3444
 788 787 3445
 789 788 3446
 790 789 3447
 791 790 3448
 792 791 3449
 793 792 3450
 794 793 3451
 795 794 3452
 796 795 3453
 797 796 3454
 798 797 3455
 799 798 3456
 800 799 3457
 801 800 3458
 802 801 3459
 803 802 3460
 804 803 3461
 805 804 3462
 806 805 3463
 807 806 3464
 808 807 3465
 809 808 3466
 810 809 3467
 811 810 3468
 812 811 3469
 813 812 3470
 814 813 3471
 815 814 3472
 816 815 3473
 817 816 3474
 818 817 3475
 819 818 3476
 820 819 3477
 821 820 3478
 822 821 3479
 823 822 3480
 824 823 3481
 825 824 3482
 826 825 3483
 827 2589 3484
 828 827 3485
 829 828 3486
 830 829 3487
 831 830 3488
 832 831 3489
 833 832 3490
 834 833 3491
 835 834 3492
 836 835 3493
 837 836 3494
 838 837 3495
 839 838 3496
 840 839 3497
 841 840 3498
 842 841 3499
 843 842 3500
 844 843 3501
 845 844 3502
 846 845 3503
 847 846 3504
 848 847 3505
 849 848 3506
 850 849 3507
 851 850 3508
 852 851 3509
 853 852 3510
 854 853 3511
 855 854 3512
 856 855 3513
 857 856 3514
 858 857 3515
 859 858 3516
 860 859 3517
 861 860 3518
 862 861 3519
 863 862 3520
 864 863 3521
 865 864 3522
 866 865 3523
 867 866 3524
 868 867 3525
 869 868 3526
 870 869 3527
 871 870 3528
 872 871 3529
 873 872 3530
 874 2590 3531
 875 874 3532
 876 875 3533
 877 876 3534
 878 877 3535
 879 878 3536
 880 879 3537
 881 880 3538
 882 881 3539
 883 882 3540
 884 883 3541
 885 884 3542
 886 885 3543
 887 886 3544
 888 887 3545
 889 888 3546
 890 889 3547
 891 890 3548
 892 891 3549
 893 892 3550
 894 893 3551
 895 894 3552
 896 895 3553
 897 896 3554
 898 897 3555
 899 898 3556
 900 899 3557
 901 900 3558
 902 901 3559
 903 902 3560
 904 903 3561
 905 904 3562
 906 905 3563
 907 906 3564
 908 907 3565
 909 908 3566
 910 909 3567
 911 910 3568
 912 911 3569
 913 912 3570
 914 913 3571
 915 914 3572
 916 915 3573
 917 916 3574
 918 917 3575
 919 918 3576
 920 2591 3577
 921 920 3578
 922 921 3579
 923 922 3580
 924 923 3581
 925 924 3582
 926 925 3583
 927 926 3584
 928 927 3585
 929 928 3586
 930 929 3587
 931 930 3588
 932 931 3589
 933 932 3590
 934 933 3591
 935 934 3592
 936 935 3593
 937 936 3594
 938 937 3595
 939 938 3596
 940 939 3597
 941 940 3598
 942 941 3599
 943 942 3600
 944 943 3601
 945 944 3602
 946 945 3603
 947 946 3604
 948 947 3605
 949 948 3606
 950 949 3607
 951 950 3608
 952 951 3609
 953 952 3610
 954 953 3611
 955 954 3612
 956 955 3613
 957 956 3614
 958 957 3615
 959 958 3616
 960 959 3617
 961 960 3618
 962 961 3619
 963 962 3620
 964 963 3621
 965 2592 3622
 966 965 3623
 967 966 3624
 968 967 3625
 969 968 3626
 970 969 3627
 971 970 3628
 972 971 3629
 973 972 3630
 974 973 3631
 975 974 3632
 976 975 3633
 977 976 3634
 978 977 3635
 979 978 3636
 980 979 3637
 981 980 3638
 982 981 3639
 983 982 3640
 984 983 3641
 985 984 3642
 986 985 3643
 987 986 3644
 988 987 3645
 989 988 3646
 990 989 3647
 991 990 3648
 992 991 3649
 993 992 3650
 994 993 3651
 995 994 3652
 996 995 3653
 997 996 3654
 998 997 3655
 999 998 3656
 1000 999 3657
 1001 1000 3658
 1002 1001 3659
 1003 1002 3660
 1004 1003 3661
 1005 1004 3662
 1006 1005 3663
 1007 1006 3664
 1008 1007 3665
 1009 2650 3666
 1010 1009 3667
 1011 1010 3668
 1012 1011 3669
 1013 1012 3670
 1014 1013 3671
 1015 1014 3672
 1016 1015 3673
 1017 1016 3674
 1018 1017 3675
 1019 1018 3676
 1020 1019 3677
 1021 1020 3678
 1022 1021 3679
 1023 1022 3680
 1024 1023 3681
 1025 1024 3682
 1026 1025 3683
 1027 1026 3684
 1028 1027 3685
 1029 1028 3686
 1030 1029 3687
 1031 1030 3688
 1032 1031 3689
 1033 1032 3690
 1034 1033 3691
 1035 1034 3692
 1036 1035 3693
 1037 1036 3694
 1038 1037 3695
 1039 1038 3696
 1040 1039 3697
 1041 1040 3698
 1042 1041 3699
 1043 1042 3700
 1044 1043 3701
 1045 1044 3702
 1046 1045 3703
 1047 1046 3704
 1048 1047 3705
 1049 1048 3706
 1050 1049 3707
 1051 1050 3708
 1052 1051 3709
 1053 1052 3710
 1054 2593 3711
 1055 1054 3712
 1056 1055 3713
 1057 1056 3714
 1058 1057 3715
 1059 1058 3716
 1060 1059 3717
 1061 1060 3718
 1062 1061 3719
 1063 1062 3720
 1064 1063 3721
 1065 1064 3722
 1066 1065 3723
 1067 1066 3724
 1068 1067 3725
 1069 1068 3726
 1070 1069 3727
 1071 1070 3728
 1072 1071 3729
 1073 1072 3730
 1074 1073 3731
 1075 1074 3732
 1076 1075 3733
 1077 1076 3734
 1078 1077 3735
 1079 1078 3736
 1080 1079 3737
 1081 1080 3738
 1082 1081 3739
 1083 1082 3740
 1084 1083 3741
 1085 1084 3742
 1086 1085 3743
 1087 1086 3744
 1088 1087 3745
 1089 1088 3746
 1090 1089 3747
 1091 1090 3748
 1092 1091 3749
 1093 1092 3750
 1094 1093 3751
 1095 1094 3752
 1096 1095 3753
 1097 1096 3754
 1098 2594 3755
 1099 1098 3756
 1100 1099 3757
 1101 1100 3758
 1102 1101 3759
 1103 1102 3760
 1104 1103 3761
 1105 1104 3762
 1106 1105 3763
 1107 1106 3764
 1108 1107 3765
 1109 1108 3766
 1110 1109 3767
 1111 1110 3768
 1112 1111 3769
 1113 1112 3770
 1114 1113 3771
 1115 1114 3772
 1116 1115 3773
 1117 1116 3774
 1118 1117 3775
 1119 1118 3776
 1120 1119 3777
 1121 1120 3778
 1122 1121 3779
 1123 1122 3780
 1124 1123 3781
 1125 1124 3782
 1126 1125 3783
 1127 1126 3784
 1128 1127 3785
 1129 1128 3786
 1130 1129 3787
 1131 1130 3788
 1132 1131 3789
 1133 1132 3790
 1134 1133 3791
 1135 1134 3792
 1136 1135 3793
 1137 1136 3794
 1138 1137 3795
 1139 1138 3796
 1140 1139 3797
 1141 2595 3798
 1142 1141 3799
 1143 1142 3800
 1144 1143 3801
 1145 1144 3802
 1146 1145 3803
 1147 1146 3804
 1148 1147 3805
 1149 1148 3806
 1150 1149 3807
 1151 1150 3808
 1152 1151 3809
 1153 1152 3810
 1154 1153 3811
 1155 1154 3812
 1156 1155 3813
 1157 1156 3814
 1158 1157 3815
 1159 1158 3816
 1160 1159 3817
 1161 1160 3818
 1162 1161 3819
 1163 1162 3820
 1164 1163 3821
 1165 1164 3822
 1166 1165 3823
 1167 1166 3824
 1168 1167 3825
 1169 1168 3826
 1170 1169 3827
 1171 1170 3828
 1172 1171 3829
 1173 1172 3830
 1174 1173 3831
 1175 1174 3832
 1176 1175 3833
 1177 1176 3834
 1178 1177 3835
 1179 1178 3836
 1180 1179 3837
 1181 1180 3838
 1182 1181 3839
 1183 2596 3840
 1184 1183 3841
 1185 1184 3842
 1186 1185 3843
 1187 1186 3844
 1188 1187 3845
 1189 1188 3846
 1190 1189 3847
 1191 1190 3848
 1192 1191 3849
 1193 1192 3850
 1194 1193 3851
 1195 1194 3852
 1196 1195 3853
 1197 1196 3854
 1198 1197 3855
 1199 1198 3856
 1200 1199 3857
 1201 1200 3858
 1202 1201 3859
 1203 1202 3860
 1204 1203 3861
 1205 1204 3862
 1206 1205 3863
 1207 1206 3864
 1208 1207 3865
 1209 1208 3866
 1210 1209 3867
 1211 1210 3868
 1212 1211 3869
 1213 1212 3870
 1214 1213 3871
 1215 1214 3872
 1216 1215 3873
 1217 1216 3874
 1218 1217 3875
 1219 1218 3876
 1220 1219 3877
 1221 1220 3878
 1222 1221 3879
 1223 1222 3880
 1224 1223 3881
 1225 2597 3882
 1226 1225 3883
 1227 1226 3884
 1228 1227 3885
 1229 1228 3886
 1230 1229 3887
 1231 1230 3888
 1232 1231 3889
 1233 1232 3890
 1234 1233 3891
 1235 1234 3892
 1236 1235 3893
 1237 1236 3894
 1238 1237 3895
 1239 1238 3896
 1240 1239 3897
 1241 1240 3898
 1242 1241 3899
 1243 1242 3900
 1244 1243 3901
 1245 1244 3902
 1246 1245 3903
 1247 1246 3904
 1248 1247 3905
 1249 1248 3906
 1250 1249 3907
 1251 1250 3908
 1252 1251 3909
 1253 1252 3910
 1254 1253 3911
 1255 1254 3912
 1256 1255 3913
 1257 1256 3914
 1258 1257 3915
 1259 1258 3916
 1260 1259 3917
 1261 1260 3918
 1262 1261 3919
 1263 1262 3920
 1264 1263 3921
 1265 1264 3922
 1266 2598 3923
 1267 1266 3924
 1268 1267 3925
 1269 1268 3926
 1270 1269 3927
 1271 1270 3928
 1272 1271 3929
 1273 1272 3930
 1274 1273 3931
 1275 1274 3932
 1276 1275 3933
 1277 1276 3934
 1278 1277 3935
 1279 1278 3936
 1280 1279 3937
 1281 1280 3938
 1282 1281 3939
 1283 1282 3940
 1284 1283 3941
 1285 1284 3942
 1286 1285 3943
 1287 1286 3944
 1288 1287 3945
 1289 1288 3946
 1290 1289 3947
 1291 1290 3948
 1292 1291 3949
 1293 1292 3950
 1294 1293 3951
 1295 1294 3952
 1296 1295 3953
 1297 1296 3954
 1298 1297 3955
 1299 1298 3956
 1300 1299 3957
 1301 1300 3958
 1302 1301 3959
 1303 1302 3960
 1304 1303 3961
 1305 1304 3962
 1306 2599 3963
 1307 1306 3964
 1308 1307 3965
 1309 1308 3966
 1310 1309 3967
 1311 1310 3968
 1312 1311 3969
 1313 1312 3970
 1314 1313 3971
 1315 1314 3972
 1316 1315 3973
 1317 1316 3974
 1318 1317 3975
 1319 1318 3976
 1320 1319 3977
 1321 1320 3978
 1322 1321 3979
 1323 1322 3980
 1324 1323 3981
 1325 1324 3982
 1326 1325 3983
 1327 1326 3984
 1328 1327 3985
 1329 1328 3986
 1330 1329 3987
 1331 1330 3988
 1332 1331 3989
 1333 1332 3990
 1334 1333 3991
 1335 1334 3992
 1336 1335 3993
 1337 1336 3994
 1338 1337 3995
 1339 1338 3996
 1340 1339 3997
 1341 1340 3998
 1342 1341 3999
 1343 1342 4000
 1344 1343 4001
 1345 1344 4002
 1346 2600 4003
 1347 1346 4004
 1348 1347 4005
 1349 1348 4006
 1350 1349 4007
 1351 1350 4008
 1352 1351 4009
 1353 1352 4010
 1354 1353 4011
 1355 1354 4012
 1356 1355 4013
 1357 1356 4014
 1358 1357 4015
 1359 1358 4016
 1360 1359 4017
 1361 1360 4018
 1362 1361 4019
 1363 1362 4020
 1364 1363 4021
 1365 1364 4022
 1366 1365 4023
 1367 1366 4024
 1368 1367 4025
 1369 1368 4026
 1370 1369 4027
 1371 1370 4028
 1372 1371 4029
 1373 1372 4030
 1374 1373 4031
 1375 1374 4032
 1376 1375 4033
 1377 1376 4034
 1378 1377 4035
 1379 1378 4036
 1380 1379 4037
 1381 1380 4038
 1382 1381 4039
 1383 1382 4040
 1384 1383 4041
 1385 2601 4042
 1386 1385 4043
 1387 1386 4044
 1388 1387 4045
 1389 1388 4046
 1390 1389 4047
 1391 1390 4048
 1392 1391 4049
 1393 1392 4050
 1394 1393 4051
 1395 1394 4052
 1396 1395 4053
 1397 1396 4054
 1398 1397 4055
 1399 1398 4056
 1400 1399 4057
 1401 1400 4058
 1402 1401 4059
 1403 1402 4060
 1404 1403 4061
 1405 1404 4062
 1406 1405 4063
 1407 1406 4064
 1408 1407 4065
 1409 1408 4066
 1410 1409 4067
 1411 1410 4068
 1412 1411 4069
 1413 1412 4070
 1414 1413 4071
 1415 1414 4072
 1416 1415 4073
 1417 1416 4074
 1418 1417 4075
 1419 1418 4076
 1420 1419 4077
 1421 1420 4078
 1422 1421 4079
 1423 1422 4080
 1424 2602 4081
 1425 1424 4082
 1426 1425 4083
 1427 1426 4084
 1428 1427 4085
 1429 1428 4086
 1430 1429 4087
 1431 1430 4088
 1432 1431 4089
 1433 1432 4090
 1434 1433 4091
 1435 1434 4092
 1436 1435 4093
 1437 1436 4094
 1438 1437 4095
 1439 1438 4096
 1440 1439 4097
 1441 1440 4098
 1442 1441 4099
 1443 1442 4100
 1444 1443 4101
 1445 1444 4102
 1446 1445 4103
 1447 1446 4104
 1448 1447 4105
 1449 1448 4106
 1450 1449 4107
 1451 1450 4108
 1452 1451 4109
 1453 1452 4110
 1454 1453 4111
 1455 1454 4112
 1456 1455 4113
 1457 1456 4114
 1458 1457 4115
 1459 1458 4116
 1460 1459 4117
 1461 1460 4118
 1462 2603 4119
 1463 1462 4120
 1464 1463 4121
 1465 1464 4122
 1466 1465 4123
 1467 1466 4124
 1468 1467 4125
 1469 1468 4126
 1470 1469 4127
 1471 1470 4128
 1472 1471 4129
 1473 1472 4130
 1474 1473 4131
 1475 1474 4132
 1476 1475 4133
 1477 1476 4134
 1478 1477 4135
 1479 1478 4136
 1480 1479 4137
 1481 1480 4138
 1482 1481 4139
 1483 1482 4140
 1484 1483 4141
 1485 1484 4142
 1486 1485 4143
 1487 1486 4144
 1488 1487 4145
 1489 1488 4146
 1490 1489 4147
 1491 1490 4148
 1492 1491 4149
 1493 1492 4150
 1494 1493 4151
 1495 1494 4152
 1496 1495 4153
 1497 1496 4154
 1498 1497 4155
 1499 2604 4156
 1500 1499 4157
 1501 1500 4158
 1502 1501 4159
 1503 1502 4160
 1504 1503 4161
 1505 1504 4162
 1506 1505 4163
 1507 1506 4164
 1508 1507 4165
 1509 1508 4166
 1510 1509 4167
 1511 1510 4168
 1512 1511 4169
 1513 1512 4170
 1514 1513 4171
 1515 1514 4172
 1516 1515 4173
 1517 1516 4174
 1518 1517 4175
 1519 1518 4176
 1520 1519 4177
 1521 1520 4178
 1522 1521 4179
 1523 1522 4180
 1524 1523 4181
 1525 1524 4182
 1526 1525 4183
 1527 1526 4184
 1528 1527 4185
 1529 1528 4186
 1530 1529 4187
 1531 1530 4188
 1532 1531 4189
 1533 1532 4190
 1534 1533 4191
 1535 2605 4192
 1536 1535 4193
 1537 1536 4194
 1538 1537 4195
 1539 1538 4196
 1540 1539 4197
 1541 1540 4198
 1542 1541 4199
 1543 1542 4200
 1544 1543 4201
 1545 1544 4202
 1546 1545 4203
 1547 1546 4204
 1548 1547 4205
 1549 1548 4206
 1550 1549 4207
 1551 1550 4208
 1552 1551 4209
 1553 1552 4210
 1554 1553 4211
 1555 1554 4212
 1556 1555 4213
 1557 1556 4214
 1558 1557 4215
 1559 1558 4216
 1560 1559 4217
 1561 1560 4218
 1562 1561 4219
 1563 1562 4220
 1564 1563 4221
 1565 1564 4222
 1566 1565 4223
 1567 1566 4224
 1568 1567 4225
 1569 1568 4226
 1570 1569 4227
 1571 1570 4228
 1572 2606 4229
 1573 1572 4230
 1574 1573 4231
 1575 1574 4232
 1576 1575 4233
 1577 1576 4234
 1578 1577 4235
 1579 1578 4236
 1580 1579 4237
 1581 1580 4238
 1582 1581 4239
 1583 1582 4240
 1584 1583 4241
 1585 1584 4242
 1586 1585 4243
 1587 1586 4244
 1588 1587 4245
 1589 1588 4246
 1590 1589 4247
 1591 1590 4248
 1592 1591 4249
 1593 1592 4250
 1594 1593 4251
 1595 1594 4252
 1596 1595 4253
 1597 1596 4254
 1598 1597 4255
 1599 1598 4256
 1600 1599 4257
 1601 1600 4258
 1602 1601 4259
 1603 1602 4260
 1604 1603 4261
 1605 1604 4262
 1606 1605 4263
 1607 1606 4264
 1608 2607 4265
 1609 1608 4266
 1610 1609 4267
 1611 1610 4268
 1612 1611 4269
 1613 1612 4270
 1614 1613 4271
 1615 1614 4272
 1616 1615 4273
 1617 1616 4274
 1618 1617 4275
 1619 1618 4276
 1620 1619 4277
 1621 1620 4278
 1622 1621 4279
 1623 1622 4280
 1624 1623 4281
 1625 1624 4282
 1626 1625 4283
 1627 1626 4284
 1628 1627 4285
 1629 1628 4286
 1630 1629 4287
 1631 1630 4288
 1632 1631 4289
 1633 1632 4290
 1634 1633 4291
 1635 1634 4292
 1636 1635 4293
 1637 1636 4294
 1638 1637 4295
 1639 1638 4296
 1640 1639 4297
 1641 1640 4298
 1642 1641 4299
 1643 2608 4300
 1644 1643 4301
 1645 1644 4302
 1646 1645 4303
 1647 1646 4304
 1648 1647 4305
 1649 1648 4306
 1650 1649 4307
 1651 1650 4308
 1652 1651 4309
 1653 1652 4310
 1654 1653 4311
 1655 1654 4312
 1656 1655 4313
 1657 1656 4314
 1658 1657 4315
 1659 1658 4316
 1660 1659 4317
 1661 1660 4318
 1662 1661 4319
 1663 1662 4320
 1664 1663 4321
 1665 1664 4322
 1666 1665 4323
 1667 1666 4324
 1668 1667 4325
 1669 1668 4326
 1670 1669 4327
 1671 1670 4328
 1672 1671 4329
 1673 1672 4330
 1674 1673 4331
 1675 1674 4332
 1676 1675 4333
 1677 2609 4334
 1678 1677 4335
 1679 1678 4336
 1680 1679 4337
 1681 1680 4338
 1682 1681 4339
 1683 1682 4340
 1684 1683 4341
 1685 1684 4342
 1686 1685 4343
 1687 1686 4344
 1688 1687 4345
 1689 1688 4346
 1690 1689 4347
 1691 1690 4348
 1692 1691 4349
 1693 1692 4350
 1694 1693 4351
 1695 1694 4352
 1696 1695 4353
 1697 1696 4354
 1698 1697 4355
 1699 1698 4356
 1700 1699 4357
 1701 1700 4358
 1702 1701 4359
 1703 1702 4360
 1704 1703 4361
 1705 1704 4362
 1706 1705 4363
 1707 1706 4364
 1708 1707 4365
 1709 1708 4366
 1710 1709 4367
 1711 2610 4368
 1712 1711 4369
 1713 1712 4370
 1714 1713 4371
 1715 1714 4372
 1716 1715 4373
 1717 1716 4374
 1718 1717 4375
 1719 1718 4376
 1720 1719 4377
 1721 1720 4378
 1722 1721 4379
 1723 1722 4380
 1724 1723 4381
 1725 1724 4382
 1726 1725 4383
 1727 1726 4384
 1728 1727 4385
 1729 1728 4386
 1730 1729 4387
 1731 1730 4388
 1732 1731 4389
 1733 1732 4390
 1734 1733 4391
 1735 1734 4392
 1736 1735 4393
 1737 1736 4394
 1738 1737 4395
 1739 1738 4396
 1740 1739 4397
 1741 1740 4398
 1742 1741 4399
 1743 1742 4400
 1744 2651 4401
 1745 1744 4402
 1746 1745 4403
 1747 1746 4404
 1748 1747 4405
 1749 1748 4406
 1750 1749 4407
 1751 1750 4408
 1752 1751 4409
 1753 1752 4410
 1754 1753 4411
 1755 1754 4412
 1756 1755 4413
 1757 1756 4414
 1758 1757 4415
 1759 1758 4416
 1760 1759 4417
 1761 1760 4418
 1762 1761 4419
 1763 1762 4420
 1764 1763 4421
 1765 1764 4422
 1766 1765 4423
 1767 1766 4424
 1768 1767 4425
 1769 1768 4426
 1770 1769 4427
 1771 1770 4428
 1772 1771 4429
 1773 1772 4430
 1774 1773 4431
 1775 1774 4432
 1776 1775 4433
 1777 2611 4434
 1778 1777 4435
 1779 1778 4436
 1780 1779 4437
 1781 1780 4438
 1782 1781 4439
 1783 1782 4440
 1784 1783 4441
 1785 1784 4442
 1786 1785 4443
 1787 1786 4444
 1788 1787 4445
 1789 1788 4446
 1790 1789 4447
 1791 1790 4448
 1792 1791 4449
 1793 1792 4450
 1794 1793 4451
 1795 1794 4452
 1796 1795 4453
 1797 1796 4454
 1798 1797 4455
 1799 1798 4456
 1800 1799 4457
 1801 1800 4458
 1802 1801 4459
 1803 1802 4460
 1804 1803 4461
 1805 1804 4462
 1806 1805 4463
 1807 1806 4464
 1808 1807 4465
 1809 2612 4466
 1810 1809 4467
 1811 1810 4468
 1812 1811 4469
 1813 1812 4470
 1814 1813 4471
 1815 1814 4472
 1816 1815 4473
 1817 1816 4474
 1818 1817 4475
 1819 1818 4476
 1820 1819 4477
 1821 1820 4478
 1822 1821 4479
 1823 1822 4480
 1824 1823 4481
 1825 1824 4482
 1826 1825 4483
 1827 1826 4484
 1828 1827 4485
 1829 1828 4486
 1830 1829 4487
 1831 1830 4488
 1832 1831 4489
 1833 1832 4490
 1834 1833 4491
 1835 1834 4492
 1836 1835 4493
 1837 1836 4494
 1838 1837 4495
 1839 1838 4496
 1840 1839 4497
 1841 2613 4498
 1842 1841 4499
 1843 1842 4500
 1844 1843 4501
 1845 1844 4502
 1846 1845 4503
 1847 1846 4504
 1848 1847 4505
 1849 1848 4506
 1850 1849 4507
 1851 1850 4508
 1852 1851 4509
 1853 1852 4510
 1854 1853 4511
 1855 1854 4512
 1856 1855 4513
 1857 1856 4514
 1858 1857 4515
 1859 1858 4516
 1860 1859 4517
 1861 1860 4518
 1862 1861 4519
 1863 1862 4520
 1864 1863 4521
 1865 1864 4522
 1866 1865 4523
 1867 1866 4524
 1868 1867 4525
 1869 1868 4526
 1870 1869 4527
 1871 1870 4528
 1872 2614 4529
 1873 1872 4530
 1874 1873 4531
 1875 1874 4532
 1876 1875 4533
 1877 1876 4534
 1878 1877 4535
 1879 1878 4536
 1880 1879 4537
 1881 1880 4538
 1882 1881 4539
 1883 1882 4540
 1884 1883 4541
 1885 1884 4542
 1886 1885 4543
 1887 1886 4544
 1888 1887 4545
 1889 1888 4546
 1890 1889 4547
 1891 1890 4548
 1892 1891 4549
 1893 1892 4550
 1894 1893 4551
 1895 1894 4552
 1896 1895 4553
 1897 1896 4554
 1898 1897 4555
 1899 1898 4556
 1900 1899 4557
 1901 1900 4558
 1902 2615 4559
 1903 1902 4560
 1904 1903 4561
 1905 1904 4562
 1906 1905 4563
 1907 1906 4564
 1908 1907 4565
 1909 1908 4566
 1910 1909 4567
 1911 1910 4568
 1912 1911 4569
 1913 1912 4570
 1914 1913 4571
 1915 1914 4572
 1916 1915 4573
 1917 1916 4574
 1918 1917 4575
 1919 1918 4576
 1920 1919 4577
 1921 1920 4578
 1922 1921 4579
 1923 1922 4580
 1924 1923 4581
 1925 1924 4582
 1926 1925 4583
 1927 1926 4584
 1928 1927 4585
 1929 1928 4586
 1930 1929 4587
 1931 2652 4588
 1932 1931 4589
 1933 1932 4590
 1934 1933 4591
 1935 1934 4592
 1936 1935 4593
 1937 1936 4594
 1938 1937 4595
 1939 1938 4596
 1940 1939 4597
 1941 1940 4598
 1942 1941 4599
 1943 1942 4600
 1944 1943 4601
 1945 1944 4602
 1946 1945 4603
 1947 1946 4604
 1948 1947 4605
 1949 1948 4606
 1950 1949 4607
 1951 1950 4608
 1952 1951 4609
 1953 1952 4610
 1954 1953 4611
 1955 1954 4612
 1956 1955 4613
 1957 1956 4614
 1958 1957 4615
 1959 1958 4616
 1960 2616 4617
 1961 1960 4618
 1962 1961 4619
 1963 1962 4620
 1964 1963 4621
 1965 1964 4622
 1966 1965 4623
 1967 1966 4624
 1968 1967 4625
 1969 1968 4626
 1970 1969 4627
 1971 1970 4628
 1972 1971 4629
 1973 1972 4630
 1974 1973 4631
 1975 1974 4632
 1976 1975 4633
 1977 1976 4634
 1978 1977 4635
 1979 1978 4636
 1980 1979 4637
 1981 1980 4638
 1982 1981 4639
 1983 1982 4640
 1984 1983 4641
 1985 1984 4642
 1986 1985 4643
 1987 1986 4644
 1988 1987 4645
 1989 2617 4646
 1990 1989 4647
 1991 1990 4648
 1992 1991 4649
 1993 1992 4650
 1994 1993 4651
 1995 1994 4652
 1996 1995 4653
 1997 1996 4654
 1998 1997 4655
 1999 1998 4656
 2000 1999 4657
 2001 2000 4658
 2002 2001 4659
 2003 2002 4660
 2004 2003 4661
 2005 2004 4662
 2006 2005 4663
 2007 2006 4664
 2008 2007 4665
 2009 2008 4666
 2010 2009 4667
 2011 2010 4668
 2012 2011 4669
 2013 2012 4670
 2014 2013 4671
 2015 2014 4672
 2016 2015 4673
 2017 2618 4674
 2018 2017 4675
 2019 2018 4676
 2020 2019 4677
 2021 2020 4678
 2022 2021 4679
 2023 2022 4680
 2024 2023 4681
 2025 2024 4682
 2026 2025 4683
 2027 2026 4684
 2028 2027 4685
 2029 2028 4686
 2030 2029 4687
 2031 2030 4688
 2032 2031 4689
 2033 2032 4690
 2034 2033 4691
 2035 2034 4692
 2036 2035 4693
 2037 2036 4694
 2038 2037 4695
 2039 2038 4696
 2040 2039 4697
 2041 2040 4698
 2042 2041 4699
 2043 2042 4700
 2044 2619 4701
 2045 2044 4702
 2046 2045 4703
 2047 2046 4704
 2048 2047 4705
 2049 2048 4706
 2050 2049 4707
 2051 2050 4708
 2052 2051 4709
 2053 2052 4710
 2054 2053 4711
 2055 2054 4712
 2056 2055 4713
 2057 2056 4714
 2058 2057 4715
 2059 2058 4716
 2060 2059 4717
 2061 2060 4718
 2062 2061 4719
 2063 2062 4720
 2064 2063 4721
 2065 2064 4722
 2066 2065 4723
 2067 2066 4724
 2068 2067 4725
 2069 2068 4726
 2070 2620 4727
 2071 2070 4728
 2072 2071 4729
 2073 2072 4730
 2074 2073 4731
 2075 2074 4732
 2076 2075 4733
 2077 2076 4734
 2078 2077 4735
 2079 2078 4736
 2080 2079 4737
 2081 2080 4738
 2082 2081 4739
 2083 2082 4740
 2084 2083 4741
 2085 2084 4742
 2086 2085 4743
 2087 2086 4744
 2088 2087 4745
 2089 2088 4746
 2090 2089 4747
 2091 2090 4748
 2092 2091 4749
 2093 2092 4750
 2094 2093 4751
 2095 2094 4752
 2096 2621 4753
 2097 2096 4754
 2098 2097 4755
 2099 2098 4756
 2100 2099 4757
 2101 2100 4758
 2102 2101 4759
 2103 2102 4760
 2104 2103 4761
 2105 2104 4762
 2106 2105 4763
 2107 2106 4764
 2108 2107 4765
 2109 2108 4766
 2110 2109 4767
 2111 2110 4768
 2112 2111 4769
 2113 2112 4770
 2114 2113 4771
 2115 2114 4772
 2116 2115 4773
 2117 2116 4774
 2118 2117 4775
 2119 2118 4776
 2120 2119 4777
 2121 2622 4778
 2122 2121 4779
 2123 2122 4780
 2124 2123 4781
 2125 2124 4782
 2126 2125 4783
 2127 2126 4784
 2128 2127 4785
 2129 2128 4786
 2130 2129 4787
 2131 2130 4788
 2132 2131 4789
 2133 2132 4790
 2134 2133 4791
 2135 2134 4792
 2136 2135 4793
 2137 2136 4794
 2138 2137 4795
 2139 2138 4796
 2140 2139 4797
 2141 2140 4798
 2142 2141 4799
 2143 2142 4800
 2144 2143 4801
 2145 2144 4802
 2146 2623 4803
 2147 2146 4804
 2148 2147 4805
 2149 2148 4806
 2150 2149 4807
 2151 2150 4808
 2152 2151 4809
 2153 2152 4810
 2154 2153 4811
 2155 2154 4812
 2156 2155 4813
 2157 2156 4814
 2158 2157 4815
 2159 2158 4816
 2160 2159 4817
 2161 2160 4818
 2162 2161 4819
 2163 2162 4820
 2164 2163 4821
 2165 2164 4822
 2166 2165 4823
 2167 2166 4824
 2168 2167 4825
 2169 2168 4826
 2170 2624 4827
 2171 2170 4828
 2172 2171 4829
 2173 2172 4830
 2174 2173 4831
 2175 2174 4832
 2176 2175 4833
 2177 2176 4834
 2178 2177 4835
 2179 2178 4836
 2180 2179 4837
 2181 2180 4838
 2182 2181 4839
 2183 2182 4840
 2184 2183 4841
 2185 2184 4842
 2186 2185 4843
 2187 2186 4844
 2188 2187 4845
 2189 2188 4846
 2190 2189 4847
 2191 2190 4848
 2192 2191 4849
 2193 2192 4850
 2194 2625 4851
 2195 2194 4852
 2196 2195 4853
 2197 2196 4854
 2198 2197 4855
 2199 2198 4856
 2200 2199 4857
 2201 2200 4858
 2202 2201 4859
 2203 2202 4860
 2204 2203 4861
 2205 2204 4862
 2206 2205 4863
 2207 2206 4864
 2208 2207 4865
 2209 2208 4866
 2210 2209 4867
 2211 2210 4868
 2212 2211 4869
 2213 2212 4870
 2214 2213 4871
 2215 2214 4872
 2216 2215 4873
 2217 2626 4874
 2218 2217 4875
 2219 2218 4876
 2220 2219 4877
 2221 2220 4878
 2222 2221 4879
 2223 2222 4880
 2224 2223 4881
 2225 2224 4882
 2226 2225 4883
 2227 2226 4884
 2228 2227 4885
 2229 2228 4886
 2230 2229 4887
 2231 2230 4888
 2232 2231 4889
 2233 2232 4890
 2234 2233 4891
 2235 2234 4892
 2236 2235 4893
 2237 2236 4894
 2238 2237 4895
 2239 2627 4896
 2240 2239 4897
 2241 2240 4898
 2242 2241 4899
 2243 2242 4900
 2244 2243 4901
 2245 2244 4902
 2246 2245 4903
 2247 2246 4904
 2248 2247 4905
 2249 2248 4906
 2250 2249 4907
 2251 2250 4908
 2252 2251 4909
 2253 2252 4910
 2254 2253 4911
 2255 2254 4912
 2256 2255 4913
 2257 2256 4914
 2258 2257 4915
 2259 2258 4916
 2260 2628 4917
 2261 2260 4918
 2262 2261 4919
 2263 2262 4920
 2264 2263 4921
 2265 2264 4922
 2266 2265 4923
 2267 2266 4924
 2268 2267 4925
 2269 2268 4926
 2270 2269 4927
 2271 2270 4928
 2272 2271 4929
 2273 2272 4930
 2274 2273 4931
 2275 2274 4932
 2276 2275 4933
 2277 2276 4934
 2278 2277 4935
 2279 2278 4936
 2280 2279 4937
 2281 2629 4938
 2282 2281 4939
 2283 2282 4940
 2284 2283 4941
 2285 2284 4942
 2286 2285 4943
 2287 2286 4944
 2288 2287 4945
 2289 2288 4946
 2290 2289 4947
 2291 2290 4948
 2292 2291 4949
 2293 2292 4950
 2294 2293 4951
 2295 2294 4952
 2296 2295 4953
 2297 2296 4954
 2298 2297 4955
 2299 2298 4956
 2300 2299 4957
 2301 2300 4958
 2302 2630 4959
 2303 2302 4960
 2304 2303 4961
 2305 2304 4962
 2306 2305 4963
 2307 2306 4964
 2308 2307 4965
 2309 2308 4966
 2310 2309 4967
 2311 2310 4968
 2312 2311 4969
 2313 2312 4970
 2314 2313 4971
 2315 2314 4972
 2316 2315 4973
 2317 2316 4974
 2318 2317 4975
 2319 2318 4976
 2320 2319 4977
 2321 2320 4978
 2322 2631 4979
 2323 2322 4980
 2324 2323 4981
 2325 2324 4982
 2326 2325 4983
 2327 2326 4984
 2328 2327 4985
 2329 2328 4986
 2330 2329 4987
 2331 2330 4988
 2332 2331 4989
 2333 2332 4990
 2334 2333 4991
 2335 2334 4992
 2336 2335 4993
 2337 2336 4994
 2338 2337 4995
 2339 2338 4996
 2340 2339 4997
 2341 2632 4998
 2342 2341 4999
 2343 2342 5000
 2344 2343 5001
 2345 2344 5002
 2346 2345 5003
 2347 2346 5004
 2348 2347 5005
 2349 2348 5006
 2350 2349 5007
 2351 2350 5008
 2352 2351 5009
 2353 2352 5010
 2354 2353 5011
 2355 2354 5012
 2356 2355 5013
 2357 2356 5014
 2358 2357 5015
 2359 2633 5016
 2360 2359 5017
 2361 2360 5018
 2362 2361 5019
 2363 2362 5020
 2364 2363 5021
 2365 2364 5022
 2366 2365 5023
 2367 2366 5024
 2368 2367 5025
 2369 2368 5026
 2370 2369 5027
 2371 2370 5028
 2372 2371 5029
 2373 2372 5030
 2374 2373 5031
 2375 2374 5032
 2376 2375 5033
 2377 2653 5034
 2378 2377 5035
 2379 2378 5036
 2380 2379 5037
 2381 2380 5038
 2382 2381 5039
 2383 2382 5040
 2384 2383 5041
 2385 2384 5042
 2386 2385 5043
 2387 2386 5044
 2388 2387 5045
 2389 2388 5046
 2390 2389 5047
 2391 2390 5048
 2392 2391 5049
 2393 2392 5050
 2394 2393 5051
 2395 2634 5052
 2396 2395 5053
 2397 2396 5054
 2398 2397 5055
 2399 2398 5056
 2400 2399 5057
 2401 2400 5058
 2402 2401 5059
 2403 2402 5060
 2404 2403 5061
 2405 2404 5062
 2406 2405 5063
 2407 2406 5064
 2408 2407 5065
 2409 2408 5066
 2410 2409 5067
 2411 2410 5068
 2412 2635 5069
 2413 2412 5070
 2414 2413 5071
 2415 2414 5072
 2416 2415 5073
 2417 2416 5074
 2418 2417 5075
 2419 2418 5076
 2420 2419 5077
 2421 2420 5078
 2422 2421 5079
 2423 2422 5080
 2424 2423 5081
 2425 2424 5082
 2426 2425 5083
 2427 2426 5084
 2428 2636 5085
 2429 2428 5086
 2430 2429 5087
 2431 2430 5088
 2432 2431 5089
 2433 2432 5090
 2434 2433 5091
 2435 2434 5092
 2436 2435 5093
 2437 2436 5094
 2438 2437 5095
 2439 2438 5096
 2440 2439 5097
 2441 2440 5098
 2442 2441 5099
 2443 2442 5100
 2444 2637 5101
 2445 2444 5102
 2446 2445 5103
 2447 2446 5104
 2448 2447 5105
 2449 2448 5106
 2450 2449 5107
 2451 2450 5108
 2452 2451 5109
 2453 2452 5110
 2454 2453 5111
 2455 2454 5112
 2456 2455 5113
 2457 2456 5114
 2458 2457 5115
 2459 2638 5116
 2460 2459 5117
 2461 2460 5118
 2462 2461 5119
 2463 2462 5120
 2464 2463 5121
 2465 2464 5122
 2466 2465 5123
 2467 2466 5124
 2468 2467 5125
 2469 2468 5126
 2470 2469 5127
 2471 2470 5128
 2472 2471 5129
 2473 2654 5130
 2474 2473 5131
 2475 2474 5132
 2476 2475 5133
 2477 2476 5134
 2478 2477 5135
 2479 2478 5136
 2480 2479 5137
 2481 2480 5138
 2482 2481 5139
 2483 2482 5140
 2484 2483 5141
 2485 2484 5142
 2486 2485 5143
 2487 2639 5144
 2488 2487 5145
 2489 2488 5146
 2490 2489 5147
 2491 2490 5148
 2492 2491 5149
 2493 2492 5150
 2494 2493 5151
 2495 2494 5152
 2496 2495 5153
 2497 2496 5154
 2498 2497 5155
 2499 2498 5156
 2500 2499 5157
 2501 2640 5158
 2502 2501 5159
 2503 2502 5160
 2504 2503 5161
 2505 2504 5162
 2506 2505 5163
 2507 2506 5164
 2508 2507 5165
 2509 2508 5166
 2510 2509 5167
 2511 2510 5168
 2512 2511 5169
 2513 2512 5170
 2514 2641 5171
 2515 2514 5172
 2516 2515 5173
 2517 2516 5174
 2518 2517 5175
 2519 2518 5176
 2520 2519 5177
 2521 2520 5178
 2522 2521 5179
 2523 2522 5180
 2524 2523 5181
 2525 2524 5182
 2526 2642 5183
 2527 2526 5184
 2528 2527 5185
 2529 2528 5186
 2530 2529 5187
 2531 2530 5188
 2532 2531 5189
 2533 2532 5190
 2534 2533 5191
 2535 2534 5192
 2536 2535 5193
 2537 2643 5194
 2538 2537 5195
 2539 2538 5196
 2540 2539 5197
 2541 2540 5198
 2542 2541 5199
 2543 2542 5200
 2544 2543 5201
 2545 2544 5202
 2546 2545 5203
 2547 2655 5204
 2548 2547 5205
 2549 2548 5206
 2550 2549 5207
 2551 2550 5208
 2552 2551 5209
 2553 2552 5210
 2554 2553 5211
 2555 2554 5212
 2556 2555 5213
 2557 2556 5214
 2558 2644 5215
 2559 2558 5216
 2560 2559 5217
 2561 2560 5218
 2562 2561 5219
 2563 2562 5220
 2564 2563 5221
 2565 2564 5222
 2566 2565 5223
 2567 2566 5224
 2568 2645 5225
 2569 2568 5226
 2570 2569 5227
 2571 2570 5228
 2572 2571 5229
 2573 2572 5230
 2574 2573 5231
 2575 2574 5232
 2576 2575 5233
 56 0 2657
 57 1 2658
 58 2 2659
 59 3 2660
 60 4 2661
 61 5 2662
 62 6 2663
 63 7 2664
 64 8 2665
 65 9 2666
 66 10 2667
 67 11 2668
 68 12 2669
 69 13 2670
 70 14 2671
 71 15 2672
 72 16 2673
 73 17 2674
 74 18 2675
 75 19 2676
 76 20 2677
 77 21 2678
 78 22 2679
 79 23 2680
 80 24 2681
 81 25 2682
 82 26 2683
 83 27 2684
 84 28 2685
 85 29 2686
 86 30 2687
 87 31 2688
 88 32 2689
 89 33 2690
 90 34 2691
 91 35 2692
 92 36 2693
 93 37 2694
 94 38 2695
 95 39 2696
 96 40 2697
 97 41 2698
 98 42 2699
 99 43 2700
 100 44 2701
 101 45 2702
 102 46 2703
 103 47 2704
 104 48 2705
 105 49 2706
 106 50 2707
 107 51 2708
 108 52 2709
 109 53 2710
 110 54 2711
 111 55 2712
 2577 56 2713
 112 57 2714
 113 58 2715
 114 59 2716
 115 60 2717
 116 61 2718
 117 62 2719
 118 63 2720
 119 64 2721
 120 65 2722
 121 66 2723
 122 67 2724
 123 68 2725
 124 69 2726
 125 70 2727
 126 71 2728
 127 72 2729
 128 73 2730
 129 74 2731
 130 75 2732
 131 76 2733
 132 77 2734
 133 78 2735
 134 79 2736
 135 80 2737
 136 81 2738
 137 82 2739
 138 83 2740
 139 84 2741
 140 85 2742
 141 86 2743
 142 87 2744
 143 88 2745
 144 89 2746
 145 90 2747
 146 91 2748
 147 92 2749
 148 93 2750
 149 94 2751
 150 95 2752
 151 96 2753
 152 97 2754
 153 98 2755
 154 99 2756
 155 100 2757
 156 101 2758
 157 102 2759
 158 103 2760
 159 104 2761
 160 105 2762
 161 106 2763
 162 107 2764
 163 108 2765
 164 109 2766
 165 110 2767
 166 111 2768
 2578 112 2769
 167 113 2770
 168 114 2771
 169 115 2772
 170 116 2773
 171 117 2774
 172 118 2775
 173 119 2776
 174 120 2777
 175 121 2778
 176 122 2779
 177 123 2780
 178 124 2781
 179 125 2782
 180 126 2783
 181 127 2784
 182 128 2785
 183 129 2786
 184 130 2787
 185 131 2788
 186 132 2789
 187 133 2790
 188 134 2791
 189 135 2792
 190 136 2793
 191 137 2794
 192 138 2795
 193 139 2796
 194 140 2797
 195 141 2798
 196 142 2799
 197 143 2800
 198 144 2801
 199 145 2802
 200 146 2803
 201 147 2804
 202 148 2805
 203 149 2806
 204 150 2807
 205 151 2808
 206 152 2809
 207 153 2810
 208 154 2811
 209 155 2812
 210 156 2813
 211 157 2814
 212 158 2815
 213 159 2816
 214 160 2817
 215 161 2818
 216 162 2819
 217 163 2820
 218 164 2821
 219 165 2822
 220 166 2823
 2579 167 2824
 222 168 2825
 223 169 2826
 224 170 2827
 225 171 2828
 226 172 2829
 227 173 2830
 228 174 2831
 229 175 2832
 230 176 2833
 231 177 2834
 232 178 2835
 233 179 2836
 234 180 2837
 235 181 2838
 236 182 2839
 237 183 2840
 238 184 2841
 239 185 2842
 240 186 2843
 241 187 2844
 242 188 2845
 243 189 2846
 244 190 2847
 245 191 2848
 246 192 2849
 247 193 2850
 248 194 2851
 249 195 2852
 250 196 2853
 251 197 2854
 252 198 2855
 253 199 2856
 254 200 2857
 255 201 2858
 256 202 2859
 257 203 2860
 258 204 2861
 259 205 2862
 260 206 2863
 261 207 2864
 262 208 2865
 263 209 2866
 264 210 2867
 265 211 2868
 266 212 2869
 267 213 2870
 268 214 2871
 269 215 2872
 270 216 2873
 271 217 2874
 272 218 2875
 273 219 2876
 274 220 2877
 275 221 2878
 2580 222 2879
 276 223 2880
 277 224 2881
 278 225 2882
 279 226 2883
 280 227 2884
 281 228 2885
 282 229 2886
 283 230 2887
 284 231 2888
 285 232 2889
 286 233 2890
 287 234 2891
 288 235 2892
 289 236 2893
 290 237 2894
 291 238 2895
 292 239 2896
 293 240 2897
 294 241 2898
 295 242 2899
 296 243 2900
 297 244 2901
 298 245 2902
 299 246 2903
 300 247 2904
 301 248 2905
 302 249 2906
 303 250 2907
 304 251 2908
 305 252 2909
 306 253 2910
 307 254 2911
 308 255 2912
 309 256 2913
 310 257 2914
 311 258 2915
 312 259 2916
 313 260 2917
 314 261 2918
 315 262 2919
 316 263 2920
 317 264 2921
 318 265 2922
 319 266 2923
 320 267 2924
 321 268 2925
 322 269 2926
 323 270 2927
 324 271 2928
 325 272 2929
 326 273 2930
 327 274 2931
 328 275 2932
 2581 276 2933
 329 277 2934
 330 278 2935
 331 279 2936
 332 280 2937
 333 281 2938
 334 282 2939
 335 283 2940
 336 284 2941
 337 285 2942
 338 286 2943
 339 287 2944
 340 288 2945
 341 289 2946
 342 290 2947
 343 291 2948
 344 292 2949
 345 293 2950
 346 294 2951
 347 295 2952
 348 296 2953
 349 297 2954
 350 298 2955
 351 299 2956
 352 300 2957
 353 301 2958
 354 302 2959
 355 303 2960
 356 304 2961
 357 305 2962
 358 306 2963
 359 307 2964
 360 308 2965
 361 309 2966
 362 310 2967
 363 311 2968
 364 312 2969
 365 313 2970
 366 314 2971
 367 315 2972
 368 316 2973
 369 317 2974
 370 318 2975
 371 319 2976
 372 320 2977
 373 321 2978
 374 322 2979
 375 323 2980
 376 324 2981
 377 325 2982
 378 326 2983
 379 327 2984
 380 328 2985
 2582 329 2986
 381 330 2987
 382 331 2988
 383 332 2989
 384 333 2990
 385 334 2991
 386 335 2992
 387 336 2993
 388 337 2994
 389 338 2995
 390 339 2996
 391 340 2997
 392 341 2998
 393 342 2999
 394 343 3000
 395 344 3001
 396 345 3002
 397 346 3003
 398 347 3004
 399 348 3005
 400 349 3006
 401 350 3007
 402 351 3008
 403 352 3009
 404 353 3010
 405 354 3011
 406 355 3012
 407 356 3013
 408 357 3014
 409 358 3015
 410 359 3016
 411 360 3017
 412 361 3018
 413 362 3019
 414 363 3020
 415 364 3021
 416 365 3022
 417 366 3023
 418 367 3024
 419 368 3025
 420 369 3026
 421 370 3027
 422 371 3028
 423 372 3029
 424 373 3030
 425 374 3031
 426 375 3032
 427 376 3033
 428 377 3034
 429 378 3035
 430 379 3036
 431 380 3037
 433 381 3038
 434 382 3039
 435 383 3040
 436 384 3041
 437 385 3042
 438 386 3043
 439 387 3044
 440 388 3045
 441 389 3046
 442 390 3047
 443 391 3048
 444 392 3049
 445 393 3050
 446 394 3051
 447 395 3052
 448 396 3053
 449 397 3054
 450 398 3055
 451 399 3056
 452 400 3057
 453 401 3058
 454 402 3059
 455 403 3060
 456 404 3061
 457 405 3062
 458 406 3063
 459 407 3064
 460 408 3065
 461 409 3066
 462 410 3067
 463 411 3068
 464 412 3069
 465 413 3070
 466 414 3071
 467 415 3072
 468 416 3073
 469 417 3074
 470 418 3075
 471 419 3076
 472 420 3077
 473 421 3078
 474 422 3079
 475 423 3080
 476 424 3081
 477 425 3082
 478 426 3083
 479 427 3084
 480 428 3085
 481 429 3086
 482 430 3087
 483 431 3088
 484 432 3089
 2583 433 3090
 485 434 3091
 486 435 3092
 487 436 3093
 488 437 3094
 489 438 3095
 490 439 3096
 491 440 3097
 492 441 3098
 493 442 3099
 494 443 3100
 495 444 3101
 496 445 3102
 497 446 3103
 498 447 3104
 499 448 3105
 500 449 3106
 501 450 3107
 502 451 3108
 503 452 3109
 504 453 3110
 505 454 3111
 506 455 3112
 507 456 3113
 508 457 3114
 509 458 3115
 510 459 3116
 511 460 3117
 512 461 3118
 513 462 3119
 514 463 3120
 515 464 3121
 516 465 3122
 517 466 3123
 518 467 3124
 519 468 3125
 520 469 3126
 521 470 3127
 522 471 3128
 523 472 3129
 524 473 3130
 525 474 3131
 526 475 3132
 527 476 3133
 528 477 3134
 529 478 3135
 530 479 3136
 531 480 3137
 532 481 3138
 533 482 3139
 534 483 3140
 535 484 3141
 2584 485 3142
 536 486 3143
 537 487 3144
 538 488 3145
 539 489 3146
 540 490 3147
 541 491 3148
 542 492 3149
 543 493 3150
 544 494 3151
 545 495 3152
 546 496 3153
 547 497 3154
 548 498 3155
 549 499 3156
 550 500 3157
 551 501 3158
 552 502 3159
 553 503 3160
 554 504 3161
 555 505 3162
 556 506 3163
 557 507 3164
 558 508 3165
 559 509 3166
 560 510 3167
 561 511 3168
 562 512 3169
 563 513 3170
 564 514 3171
 565 515 3172
 566 516 3173
 567 517 3174
 568 518 3175
 569 519 3176
 570 520 3177
 571 521 3178
 572 522 3179
 573 523 3180
 574 524 3181
 575 525 3182
 576 526 3183
 577 527 3184
 578 528 3185
 579 529 3186
 580 530 3187
 581 531 3188
 582 532 3189
 583 533 3190
 584 534 3191
 585 535 3192
 2585 536 3193
 586 537 3194
 587 538 3195
 588 539 3196
 589 540 3197
 590 541 3198
 591 542 3199
 592 543 3200
 593 544 3201
 594 545 3202
 595 546 3203
 596 547 3204
 597 548 3205
 598 549 3206
 599 550 3207
 600 551 3208
 601 552 3209
 602 553 3210
 603 554 3211
 604 555 3212
 605 556 3213
 606 557 3214
 607 558 3215
 608 559 3216
 609 560 3217
 610 561 3218
 611 562 3219
 612 563 3220
 613 564 3221
 614 565 3222
 615 566 3223
 616 567 3224
 617 568 3225
 618 569 3226
 619 570 3227
 620 571 3228
 621 572 3229
 622 573 3230
 623 574 3231
 624 575 3232
 625 576 3233
 626 577 3234
 627 578 3235
 628 579 3236
 629 580 3237
 630 581 3238
 631 582 3239
 632 583 3240
 633 584 3241
 634 585 3242
 2586 586 3243
 635 587 3244
 636 588 3245
 637 589 3246
 638 590 3247
 639 591 3248
 640 592 3249
 641 593 3250
 642 594 3251
 643 595 3252
 644 596 3253
 645 597 3254
 646 598 3255
 647 599 3256
 648 600 3257
 649 601 3258
 650 602 3259
 651 603 3260
 652 604 3261
 653 605 3262
 654 606 3263
 655 607 3264
 656 608 3265
 657 609 3266
 658 610 3267
 659 611 3268
 660 612 3269
 661 613 3270
 662 614 3271
 663 615 3272
 664 616 3273
 665 617 3274
 666 618 3275
 667 619 3276
 668 620 3277
 669 621 3278
 670 622 3279
 671 623 3280
 672 624 3281
 673 625 3282
 674 626 3283
 675 627 3284
 676 628 3285
 677 629 3286
 678 630 3287
 679 631 3288
 680 632 3289
 681 633 3290
 682 634 3291
 2587 635 3292
 684 636 3293
 685 637 3294
 686 638 3295
 687 639 3296
 688 640 3297
 689 641 3298
 690 642 3299
 691 643 3300
 692 644 3301
 693 645 3302
 694 646 3303
 695 647 3304
 696 648 3305
 697 649 3306
 698 650 3307
 699 651 3308
 700 652 3309
 701 653 3310
 702 654 3311
 703 655 3312
 704 656 3313
 705 657 3314
 706 658 3315
 707 659 3316
 708 660 3317
 709 661 3318
 710 662 3319
 711 663 3320
 712 664 3321
 713 665 3322
 714 666 3323
 715 667 3324
 716 668 3325
 717 669 3326
 718 670 3327
 719 671 3328
 720 672 3329
 721 673 3330
 722 674 3331
 723 675 3332
 724 676 3333
 725 677 3334
 726 678 3335
 727 679 3336
 728 680 3337
 729 681 3338
 730 682 3339
 731 683 3340
 732 684 3341
 733 685 3342
 734 686 3343
 735 687 3344
 736 688 3345
 737 689 3346
 738 690 3347
 739 691 3348
 740 692 3349
 741 693 3350
 742 694 3351
 743 695 3352
 744 696 3353
 745 697 3354
 746 698 3355
 747 699 3356
 748 700 3357
 749 701 3358
 750 702 3359
 751 703 3360
 752 704 3361
 753 705 3362
 754 706 3363
 755 707 3364
 756 708 3365
 757 709 3366
 758 710 3367
 759 711 3368
 760 712 3369
 761 713 3370
 762 714 3371
 763 715 3372
 764 716 3373
 765 717 3374
 766 718 3375
 767 719 3376
 768 720 3377
 769 721 3378
 770 722 3379
 771 723 3380
 772 724 3381
 773 725 3382
 774 726 3383
 775 727 3384
 776 728 3385
 777 729 3386
 778 730 3387
 779 731 3388
 2588 732 3389
 780 733 3390
 781 734 3391
 782 735 3392
 783 736 3393
 784 737 3394
 785 738 3395
 786 739 3396
 787 740 3397
 788 741 3398
 789 742 3399
 790 743 3400
 791 744 3401
 792 745 3402
 793 746 3403
 794 747 3404
 795 748 3405
 796 749 3406
 797 750 3407
 798 751 3408
 799 752 3409
 800 753 3410
 801 754 3411
 802 755 3412
 803 756 3413
 804 757 3414
 805 758 3415
 806 759 3416
 807 760 3417
 808 761 3418
 809 762 3419
 810 763 3420
 811 764 3421
 812 765 3422
 813 766 3423
 814 767 3424
 815 768 3425
 816 769 3426
 817 770 3427
 818 771 3428
 819 772 3429
 820 773 3430
 821 774 3431
 822 775 3432
 823 776 3433
 824 777 3434
 825 778 3435
 826 779 3436
 2589 780 3437
 827 781 3438
 828 782 3439
 829 783 3440
 830 784 3441
 831 785 3442
 832 786 3443
 833 787 3444
 834 788 3445
 835 789 3446
 836 790 3447
 837 791 3448
 838 792 3449
 839 793 3450
 840 794 3451
 841 795 3452
 842 796 3453
 843 797 3454
 844 798 3455
 845 799 3456
 846 800 3457
 847 801 3458
 848 802 3459
 849 803 3460
 850 804 3461
 851 805 3462
 852 806 3463
 853 807 3464
 854 808 3465
 855 809 3466
 856 810 3467
 857 811 3468
 858 812 3469
 859 813 3470
 860 814 3471
 861 815 3472
 862 816 3473
 863 817 3474
 864 818 3475
 865 819 3476
 866 820 3477
 867 821 3478
 868 822 3479
 869 823 3480
 870 824 3481
 871 825 3482
 872 826 3483
 2590 827 3484
 874 828 3485
 875 829 3486
 876 830 3487
 877 831 3488
 878 832 3489
 879 833 3490
 880 834 3491
 881 835 3492
 882 836 3493
 883 837 3494
 884 838 3495
 885 839 3496
 886 840 3497
 887 841 3498
 888 842 3499
 889 843 3500
 890 844 3501
 891 845 3502
 892 846 3503
 893 847 3504
 894 848 3505
 895 849 3506
 896 850 3507
 897 851 3508
 898 852 3509
 899 853 3510
 900 854 3511
 901 855 3512
 902 856 3513
 903 857 3514
 904 858 3515
 905 859 3516
 906 860 3517
 907 861 3518
 908 862 3519
 909 863 3520
 910 864 3521
 911 865 3522
 912 866 3523
 913 867 3524
 914 868 3525
 915 869 3526
 916 870 3527
 917 871 3528
 918 872 3529
 919 873 3530
 2591 874 3531
 920 875 3532
 921 876 3533
 922 877 3534
 923 878 3535
 924 879 3536
 925 880 3537
 926 881 3538
 927 882 3539
 928 883 3540
 929 884 3541
 930 885 3542
 931 886 3543
 932 887 3544
 933 888 3545
 934 889 3546
 935 890 3547
 936 891 3548
 937 892 3549
 938 893 3550
 939 894 3551
 940 895 3552
 941 896 3553
 942 897 3554
 943 898 3555
 944 899 3556
 945 900 3557
 946 901 3558
 947 902 3559
 948 903 3560
 949 904 3561
 950 905 3562
 951 906 3563
 952 907 3564
 953 908 3565
 954 909 3566
 955 910 3567
 956 911 3568
 957 912 3569
 958 913 3570
 959 914 3571
 960 915 3572
 961 916 3573
 962 917 3574
 963 918 3575
 964 919 3576
 2592 920 3577
 965 921 3578
 966 922 3579
 967 923 3580
 968 924 3581
 969 925 3582
 970 926 3583
 971 927 3584
 972 928 3585
 973 929 3586
 974 930 3587
 975 931 3588
 976 932 3589
 977 933 3590
 978 934 3591
 979 935 3592
 980 936 3593
 981 937 3594
 982 938 3595
 983 939 3596
 984 940 3597
 985 941 3598
 986 942 3599
 987 943 3600
 988 944 3601
 989 945 3602
 990 946 3603
 991 947 3604
 992 948 3605
 993 949 3606
 994 950 3607
 995 951 3608
 996 952 3609
 997 953 3610
 998 954 3611
 999 955 3612
 1000 956 3613
 1001 957 3614
 1002 958 3615
 1003 959 3616
 1004 960 3617
 1005 961 3618
 1006 962 3619
 1007 963 3620
 1008 964 3621
 1009 965 3622
 1010 966 3623
 1011 967 3624
 1012 968 3625
 1013 969 3626
 1014 970 3627
 1015 971 3628
 1016 972 3629
 1017 973 3630
 1018 974 3631
 1019 975 3632
 1020 976 3633
 1021 977 3634
 1022 978 3635
 1023 979 3636
 1024 980 3637
 1025 981 3638
 1026 982 3639
 1027 983 3640
 1028 984 3641
 1029 985 3642
 1030 986 3643
 1031 987 3644
 1032 988 3645
 1033 989 3646
 1034 990 3647
 1035 991 3648
 1036 992 3649
 1037 993 3650
 1038 994 3651
 1039 995 3652
 1040 996 3653
 1041 997 3654
 1042 998 3655
 1043 999 3656
 1044 1000 3657
 1045 1001 3658
 1046 1002 3659
 1047 1003 3660
 1048 1004 3661
 1049 1005 3662
 1050 1006 3663
 1051 1007 3664
 1052 1008 3665
 2593 1009 3666
 1054 1010 3667
 1055 1011 3668
 1056 1012 3669
 1057 1013 3670
 1058 1014 3671
 1059 1015 3672
 1060 1016 3673
 1061 1017 3674
 1062 1018 3675
 1063 1019 3676
 1064 1020 3677
 1065 1021 3678
 1066 1022 3679
 1067 1023 3680
 1068 1024 3681
 1069 1025 3682
 1070 1026 3683
 1071 1027 3684
 1072 1028 3685
 1073 1029 3686
 1074 1030 3687
 1075 1031 3688
 1076 1032 3689
 1077 1033 3690
 1078 1034 3691
 1079 1035 3692
 1080 1036 3693
 1081 1037 3694
 1082 1038 3695
 1083 1039 3696
 1084 1040 3697
 1085 1041 3698
 1086 1042 3699
 1087 1043 3700
 1088 1044 3701
 1089 1045 3702
 1090 1046 3703
 1091 1047 3704
 1092 1048 3705
 1093 1049 3706
 1094 1050 3707
 1095 1051 3708
 1096 1052 3709
 1097 1053 3710
 2594 1054 3711
 1098 1055 3712
 1099 1056 3713
 1100 1057 3714
 1101 1058 3715
 1102 1059 3716
 1103 1060 3717
 1104 1061 3718
 1105 1062 3719
 1106 1063 3720
 1107 1064 3721
 1108 1065 3722
 1109 1066 3723
 1110 1067 3724
 1111 1068 3725
 1112 1069 3726
 1113 1070 3727
 1114 1071 3728
 1115 1072 3729
 1116 1073 3730
 1117 1074 3731
 1118 1075 3732
 1119 1076 3733
 1120 1077 3734
 1121 1078 3735
 1122 1079 3736
 1123 1080 3737
 1124 1081 3738
 1125 1082 3739
 1126 1083 3740
 1127 1084 3741
 1128 1085 3742
 1129 1086 3743
 1130 1087 3744
 1131 1088 3745
 1132 1089 3746
 1133 1090 3747
 1134 1091 3748
 1135 1092 3749
 1136 1093 3750
 1137 1094 3751
 1138 1095 3752
 1139 1096 3753
 1140 1097 3754
 2595 1098 3755
 1141 1099 3756
 1142 1100 3757
 1143 1101 3758
 1144 1102 3759
 1145 1103 3760
 1146 1104 3761
 1147 1105 3762
 1148 1106 3763
 1149 1107 3764
 1150 1108 3765
 1151 1109 3766
 1152 1110 3767
 1153 1111 3768
 1154 1112 3769
 1155 1113 3770
 1156 1114 3771
 1157 1115 3772
 1158 1116 3773
 1159 1117 3774
 1160 1118 3775
 1161 1119 3776
 1162 1120 3777
 1163 1121 3778
 1164 1122 3779
 1165 1123 3780
 1166 1124 3781
 1167 1125 3782
 1168 1126 3783
 1169 1127 3784
 1170 1128 3785
 1171 1129 3786
 1172 1130 3787
 1173 1131 3788
 1174 1132 3789
 1175 1133 3790
 1176 1134 3791
 1177 1135 3792
 1178 1136 3793
 1179 1137 3794
 1180 1138 3795
 1181 1139 3796
 1182 1140 3797
 2596 1141 3798
 1183 1142 3799
 1184 1143 3800
 1185 1144 3801
 1186 1145 3802
 1187 1146 3803
 1188 1147 3804
 1189 1148 3805
 1190 1149 3806
 1191 1150 3807
 1192 1151 3808
 1193 1152 3809
 1194 1153 3810
 1195 1154 3811
 1196 1155 3812
 1197 1156 3813
 1198 1157 3814
 1199 1158 3815
 1200 1159 3816
 1201 1160 3817
 1202 1161 3818
 1203 1162 3819
 1204 1163 3820
 1205 1164 3821
 1206 1165 3822
 1207 1166 3823
 1208 1167 3824
 1209 1168 3825
 1210 1169 3826
 1211 1170 3827
 1212 1171 3828
 1213 1172 3829
 1214 1173 3830
 1215 1174 3831
 1216 1175 3832
 1217 1176 3833
 1218 1177 3834
 1219 1178 3835
 1220 1179 3836
 1221 1180 3837
 1222 1181 3838
 1223 1182 3839
 2597 1183 3840
 1225 1184 3841
 1226 1185 3842
 1227 1186 3843
 1228 1187 3844
 1229 1188 3845
 1230 1189 3846
 1231 1190 3847
 1232 1191 3848
 1233 1192 3849
 1234 1193 3850
 1235 1194 3851
 1236 1195 3852
 1237 1196 3853
 1238 1197 3854
 1239 1198 3855
 1240 1199 3856
 1241 1200 3857
 1242 1201 3858
 1243 1202 3859
 1244 1203 3860
 1245 1204 3861
 1246 1205 3862
 1247 1206 3863
 1248 1207 3864
 1249 1208 3865
 1250 1209 3866
 1251 1210 3867
 1252 1211 3868
 1253 1212 3869
 1254 1213 3870
 1255 1214 3871
 1256 1215 3872
 1257 1216 3873
 1258 1217 3874
 1259 1218 3875
 1260 1219 3876
 1261 1220 3877
 1262 1221 3878
 1263 1222 3879
 1264 1223 3880
 1265 1224 3881
 2598 1225 3882
 1266 1226 3883
 1267 1227 3884
 1268 1228 3885
 1269 1229 3886
 1270 1230 3887
 1271 1231 3888
 1272 1232 3889
 1273 1233 3890
 1274 1234 3891
 1275 1235 3892
 1276 1236 3893
 1277 1237 3894
 1278 1238 3895
 1279 1239 3896
 1280 1240 3897
 1281 1241 3898
 1282 1242 3899
 1283 1243 3900
 1284 1244 3901
 1285 1245 3902
 1286 1246 3903
 1287 1247 3904
 1288 1248 3905
 1289 1249 3906
 1290 1250 3907
 1291 1251 3908
 1292 1252 3909
 1293 1253 3910
 1294 1254 3911
 1295 1255 3912
 1296 1256 3913
 1297 1257 3914
 1298 1258 3915
 1299 1259 3916
 1300 1260 3917
 1301 1261 3918
 1302 1262 3919
 1303 1263 3920
 1304 1264 3921
 1305 1265 3922
 2599 2598 5234
 1306 1266 3923
 1307 1267 3924
 1308 1268 3925
 1309 1269 3926
 1310 1270 3927
 1311 1271 3928
 1312 1272 3929
 1313 1273 3930
 1314 1274 3931
 1315 1275 3932
 1316 1276 3933
 1317 1277 3934
 1318 1278 3935
 1319 1279 3936
 1320 1280 3937
 1321 1281 3938
 1322 1282 3939
 1323 1283 3940
 1324 1284 3941
 1325 1285 3942
 1326 1286 3943
 1327 1287 3944
 1328 1288 3945
 1329 1289 3946
 1330 1290 3947
 1331 1291 3948
 1332 1292 3949
 1333 1293 3950
 1334 1294 3951
 1335 1295 3952
 1336 1296 3953
 1337 1297 3954
 1338 1298 3955
 1339 1299 3956
 1340 1300 3957
 1341 1301 3958
 1342 1302 3959
 1343 1303 3960
 1344 1304 3961
 1345 1305 3962
 2600 1306 3963
 1346 1307 3964
 1347 1308 3965
 1348 1309 3966
 1349 1310 3967
 1350 1311 3968
 1351 1312 3969
 1352 1313 3970
 1353 1314 3971
 1354 1315 3972
 1355 1316 3973
 1356 1317 3974
 1357 1318 3975
 1358 1319 3976
 1359 1320 3977
 1360 1321 3978
 1361 1322 3979
 1362 1323 3980
 1363 1324 3981
 1364 1325 3982
 1365 1326 3983
 1366 1327 3984
 1367 1328 3985
 1368 1329 3986
 1369 1330 3987
 1370 1331 3988
 1371 1332 3989
 1372 1333 3990
 1373 1334 3991
 1374 1335 3992
 1375 1336 3993
 1376 1337 3994
 1377 1338 3995
 1378 1339 3996
 1379 1340 3997
 1380 1341 3998
 1381 1342 3999
 1382 1343 4000
 1383 1344 4001
 1384 1345 4002
 2601 1346 4003
 1385 1347 4004
 1386 1348 4005
 1387 1349 4006
 1388 1350 4007
 1389 1351 4008
 1390 1352 4009
 1391 1353 4010
 1392 1354 4011
 1393 1355 4012
 1394 1356 4013
 1395 1357 4014
 1396 1358 4015
 1397 1359 4016
 1398 1360 4017
 1399 1361 4018
 1400 1362 4019
 1401 1363 4020
 1402 1364 4021
 1403 1365 4022
 1404 1366 4023
 1405 1367 4024
 1406 1368 4025
 1407 1369 4026
 1408 1370 4027
 1409 1371 4028
 1410 1372 4029
 1411 1373 4030
 1412 1374 4031
 1413 1375 4032
 1414 1376 4033
 1415 1377 4034
 1416 1378 4035
 1417 1379 4036
 1418 1380 4037
 1419 1381 4038
 1420 1382 4039
 1421 1383 4040
 1422 1384 4041
 2602 1385 4042
 1424 1386 4043
 1425 1387 4044
 1426 1388 4045
 1427 1389 4046
 1428 1390 4047
 1429 1391 4048
 1430 1392 4049
 1431 1393 4050
 1432 1394 4051
 1433 1395 4052
 1434 1396 4053
 1435 1397 4054
 1436 1398 4055
 1437 1399 4056
 1438 1400 4057
 1439 1401 4058
 1440 1402 4059
 1441 1403 4060
 1442 1404 4061
 1443 1405 4062
 1444 1406 4063
 1445 1407 4064
 1446 1408 4065
 1447 1409 4066
 1448 1410 4067
 1449 1411 4068
 1450 1412 4069
 1451 1413 4070
 1452 1414 4071
 1453 1415 4072
 1454 1416 4073
 1455 1417 4074
 1456 1418 4075
 1457 1419 4076
 1458 1420 4077
 1459 1421 4078
 1460 1422 4079
 1461 1423 4080
 2603 1424 4081
 1462 1425 4082
 1463 1426 4083
 1464 1427 4084
 1465 1428 4085
 1466 1429 4086
 1467 1430 4087
 1468 1431 4088
 1469 1432 4089
 1470 1433 4090
 1471 1434 4091
 1472 1435 4092
 1473 1436 4093
 1474 1437 4094
 1475 1438 4095
 1476 1439 4096
 1477 1440 4097
 1478 1441 4098
 1479 1442 4099
 1480 1443 4100
 1481 1444 4101
 1482 1445 4102
 1483 1446 4103
 1484 1447 4104
 1485 1448 4105
 1486 1449 4106
 1487 1450 4107
 1488 1451 4108
 1489 1452 4109
 1490 1453 4110
 1491 1454 4111
 1492 1455 4112
 1493 1456 4113
 1494 1457 4114
 1495 1458 4115
 1496 1459 4116
 1497 1460 4117
 1498 1461 4118
 2604 1462 4119
 1499 1463 4120
 1500 1464 4121
 1501 1465 4122
 1502 1466 4123
 1503 1467 4124
 1504 1468 4125
 1505 1469 4126
 1506 1470 4127
 1507 1471 4128
 1508 1472 4129
 1509 1473 4130
 1510 1474 4131
 1511 1475 4132
 1512 1476 4133
 1513 1477 4134
 1514 1478 4135
 1515 1479 4136
 1516 1480 4137
 1517 1481 4138
 1518 1482 4139
 1519 1483 4140
 1520 1484 4141
 1521 1485 4142
 1522 1486 4143
 1523 1487 4144
 1524 1488 4145
 1525 1489 4146
 1526 1490 4147
 1527 1491 4148
 1528 1492 4149
 1529 1493 4150
 1530 1494 4151
 1531 1495 4152
 1532 1496 4153
 1533 1497 4154
 1534 1498 4155
 2605 2604 5235
 1535 1499 4156
 1536 1500 4157
 1537 1501 4158
 1538 1502 4159
 1539 1503 4160
 1540 1504 4161
 1541 1505 4162
 1542 1506 4163
 1543 1507 4164
 1544 1508 4165
 1545 1509 4166
 1546 1510 4167
 1547 1511 4168
 1548 1512 4169
 1549 1513 4170
 1550 1514 4171
 1551 1515 4172
 1552 1516 4173
 1553 1517 4174
 1554 1518 4175
 1555 1519 4176
 1556 1520 4177
 1557 1521 4178
 1558 1522 4179
 1559 1523 4180
 1560 1524 4181
 1561 1525 4182
 1562 1526 4183
 1563 1527 4184
 1564 1528 4185
 1565 1529 4186
 1566 1530 4187
 1567 1531 4188
 1568 1532 4189
 1569 1533 4190
 1570 1534 4191
 2606 1535 4192
 1572 1536 4193
 1573 1537 4194
 1574 1538 4195
 1575 1539 4196
 1576 1540 4197
 1577 1541 4198
 1578 1542 4199
 1579 1543 4200
 1580 1544 4201
 1581 1545 4202
 1582 1546 4203
 1583 1547 4204
 1584 1548 4205
 1585 1549 4206
 1586 1550 4207
 1587 1551 4208
 1588 1552 4209
 1589 1553 4210
 1590 1554 4211
 1591 1555 4212
 1592 1556 4213
 1593 1557 4214
 1594 1558 4215
 1595 1559 4216
 1596 1560 4217
 1597 1561 4218
 1598 1562 4219
 1599 1563 4220
 1600 1564 4221
 1601 1565 4222
 1602 1566 4223
 1603 1567 4224
 1604 1568 4225
 1605 1569 4226
 1606 1570 4227
 1607 1571 4228
 2607 1572 4229
 1608 1573 4230
 1609 1574 4231
 1610 1575 4232
 1611 1576 4233
 1612 1577 4234
 1613 1578 4235
 1614 1579 4236
 1615 1580 4237
 1616 1581 4238
 1617 1582 4239
 1618 1583 4240
 1619 1584 4241
 1620 1585 4242
 1621 1586 4243
 1622 1587 4244
 1623 1588 4245
 1624 1589 4246
 1625 1590 4247
 1626 1591 4248
 1627 1592 4249
 1628 1593 4250
 1629 1594 4251
 1630 1595 4252
 1631 1596 4253
 1632 1597 4254
 1633 1598 4255
 1634 1599 4256
 1635 1600 4257
 1636 1601 4258
 1637 1602 4259
 1638 1603 4260
 1639 1604 4261
 1640 1605 4262
 1641 1606 4263
 1642 1607 4264
 2608 1608 4265
 1643 1609 4266
 1644 1610 4267
 1645 1611 4268
 1646 1612 4269
 1647 1613 4270
 1648 1614 4271
 1649 1615 4272
 1650 1616 4273
 1651 1617 4274
 1652 1618 4275
 1653 1619 4276
 1654 1620 4277
 1655 1621 4278
 1656 1622 4279
 1657 1623 4280
 1658 1624 4281
 1659 1625 4282
 1660 1626 4283
 1661 1627 4284
 1662 1628 4285
 1663 1629 4286
 1664 1630 4287
 1665 1631 4288
 1666 1632 4289
 1667 1633 4290
 1668 1634 4291
 1669 1635 4292
 1670 1636 4293
 1671 1637 4294
 1672 1638 4295
 1673 1639 4296
 1674 1640 4297
 1675 1641 4298
 1676 1642 4299
 2609 1643 4300
 1677 1644 4301
 1678 1645 4302
 1679 1646 4303
 1680 1647 4304
 1681 1648 4305
 1682 1649 4306
 1683 1650 4307
 1684 1651 4308
 1685 1652 4309
 1686 1653 4310
 1687 1654 4311
 1688 1655 4312
 1689 1656 4313
 1690 1657 4314
 1691 1658 4315
 1692 1659 4316
 1693 1660 4317
 1694 1661 4318
 1695 1662 4319
 1696 1663 4320
 1697 1664 4321
 1698 1665 4322
 1699 1666 4323
 1700 1667 4324
 1701 1668 4325
 1702 1669 4326
 1703 1670 4327
 1704 1671 4328
 1705 1672 4329
 1706 1673 4330
 1707 1674 4331
 1708 1675 4332
 1709 1676 4333
 2610 1677 4334
 1711 1678 4335
 1712 1679 4336
 1713 1680 4337
 1714 1681 4338
 1715 1682 4339
 1716 1683 4340
 1717 1684 4341
 1718 1685 4342
 1719 1686 4343
 1720 1687 4344
 1721 1688 4345
 1722 1689 4346
 1723 1690 4347
 1724 1691 4348
 1725 1692 4349
 1726 1693 4350
 1727 1694 4351
 1728 1695 4352
 1729 1696 4353
 1730 1697 4354
 1731 1698 4355
 1732 1699 4356
 1733 1700 4357
 1734 1701 4358
 1735 1702 4359
 1736 1703 4360
 1737 1704 4361
 1738 1705 4362
 1739 1706 4363
 1740 1707 4364
 1741 1708 4365
 1742 1709 4366
 1743 1710 4367
 1744 1711 4368
 1745 1712 4369
 1746 1713 4370
 1747 1714 4371
 1748 1715 4372
 1749 1716 4373
 1750 1717 4374
 1751 1718 4375
 1752 1719 4376
 1753 1720 4377
 1754 1721 4378
 1755 1722 4379
 1756 1723 4380
 1757 1724 4381
 1758 1725 4382
 1759 1726 4383
 1760 1727 4384
 1761 1728 4385
 1762 1729 4386
 1763 1730 4387
 1764 1731 4388
 1765 1732 4389
 1766 1733 4390
 1767 1734 4391
 1768 1735 4392
 1769 1736 4393
 1770 1737 4394
 1771 1738 4395
 1772 1739 4396
 1773 1740 4397
 1774 1741 4398
 1775 1742 4399
 1776 1743 4400
 2611 1744 4401
 1777 1745 4402
 1778 1746 4403
 1779 1747 4404
 1780 1748 4405
 1781 1749 4406
 1782 1750 4407
 1783 1751 4408
 1784 1752 4409
 1785 1753 4410
 1786 1754 4411
 1787 1755 4412
 1788 1756 4413
 1789 1757 4414
 1790 1758 4415
 1791 1759 4416
 1792 1760 4417
 1793 1761 4418
 1794 1762 4419
 1795 1763 4420
 1796 1764 4421
 1797 1765 4422
 1798 1766 4423
 1799 1767 4424
 1800 1768 4425
 1801 1769 4426
 1802 1770 4427
 1803 1771 4428
 1804 1772 4429
 1805 1773 4430
 1806 1774 4431
 1807 1775 4432
 1808 1776 4433
 2612 1777 4434
 1809 1778 4435
 1810 1779 4436
 1811 1780 4437
 1812 1781 4438
 1813 1782 4439
 1814 1783 4440
 1815 1784 4441
 1816 1785 4442
 1817 1786 4443
 1818 1787 4444
 1819 1788 4445
 1820 1789 4446
 1821 1790 4447
 1822 1791 4448
 1823 1792 4449
 1824 1793 4450
 1825 1794 4451
 1826 1795 4452
 1827 1796 4453
 1828 1797 4454
 1829 1798 4455
 1830 1799 4456
 1831 1800 4457
 1832 1801 4458
 1833 1802 4459
 1834 1803 4460
 1835 1804 4461
 1836 1805 4462
 1837 1806 4463
 1838 1807 4464
 1839 1808 4465
 2613 1809 4466
 1841 1810 4467
 1842 1811 4468
 1843 1812 4469
 1844 1813 4470
 1845 1814 4471
 1846 1815 4472
 1847 1816 4473
 1848 1817 4474
 1849 1818 4475
 1850 1819 4476
 1851 1820 4477
 1852 1821 4478
 1853 1822 4479
 1854 1823 4480
 1855 1824 4481
 1856 1825 4482
 1857 1826 4483
 1858 1827 4484
 1859 1828 4485
 1860 1829 4486
 1861 1830 4487
 1862 1831 4488
 1863 1832 4489
 1864 1833 4490
 1865 1834 4491
 1866 1835 4492
 1867 1836 4493
 1868 1837 4494
 1869 1838 4495
 1870 1839 4496
 1871 1840 4497
 2614 1841 4498
 1872 1842 4499
 1873 1843 4500
 1874 1844 4501
 1875 1845 4502
 1876 1846 4503
 1877 1847 4504
 1878 1848 4505
 1879 1849 4506
 1880 1850 4507
 1881 1851 4508
 1882 1852 4509
 1883 1853 4510
 1884 1854 4511
 1885 1855 4512
 1886 1856 4513
 1887 1857 4514
 1888 1858 4515
 1889 1859 4516
 1890 1860 4517
 1891 1861 4518
 1892 1862 4519
 1893 1863 4520
 1894 1864 4521
 1895 1865 4522
 1896 1866 4523
 1897 1867 4524
 1898 1868 4525
 1899 1869 4526
 1900 1870 4527
 1901 1871 4528
 2615 1872 4529
 1902 1873 4530
 1903 1874 4531
 1904 1875 4532
 1905 1876 4533
 1906 1877 4534
 1907 1878 4535
 1908 1879 4536
 1909 1880 4537
 1910 1881 4538
 1911 1882 4539
 1912 1883 4540
 1913 1884 4541
 1914 1885 4542
 1915 1886 4543
 1916 1887 4544
 1917 1888 4545
 1918 1889 4546
 1919 1890 4547
 1920 1891 4548
 1921 1892 4549
 1922 1893 4550
 1923 1894 4551
 1924 1895 4552
 1925 1896 4553
 1926 1897 4554
 1927 1898 4555
 1928 1899 4556
 1929 1900 4557
 1930 1901 4558
 1931 1902 4559
 1932 1903 4560
 1933 1904 4561
 1934 1905 4562
 1935 1906 4563
 1936 1907 4564
 1937 1908 4565
 1938 1909 4566
 1939 1910 4567
 1940 1911 4568
 1941 1912 4569
 1942 1913 4570
 1943 1914 4571
 1944 1915 4572
 1945 1916 4573
 1946 1917 4574
 1947 1918 4575
 1948 1919 4576
 1949 1920 4577
 1950 1921 4578
 1951 1922 4579
 1952 1923 4580
 1953 1924 4581
 1954 1925 4582
 1955 1926 4583
 1956 1927 4584
 1957 1928 4585
 1958 1929 4586
 1959 1930 4587
 2616 1931 4588
 1960 1932 4589
 1961 1933 4590
 1962 1934 4591
 1963 1935 4592
 1964 1936 4593
 1965 1937 4594
 1966 1938 4595
 1967 1939 4596
 1968 1940 4597
 1969 1941 4598
 1970 1942 4599
 1971 1943 4600
 1972 1944 4601
 1973 1945 4602
 1974 1946 4603
 1975 1947 4604
 1976 1948 4605
 1977 1949 4606
 1978 1950 4607
 1979 1951 4608
 1980 1952 4609
 1981 1953 4610
 1982 1954 4611
 1983 1955 4612
 1984 1956 4613
 1985 1957 4614
 1986 1958 4615
 1987 1959 4616
 2617 1960 4617
 1989 1961 4618
 1990 1962 4619
 1991 1963 4620
 1992 1964 4621
 1993 1965 4622
 1994 1966 4623
 1995 1967 4624
 1996 1968 4625
 1997 1969 4626
 1998 1970 4627
 1999 1971 4628
 2000 1972 4629
 2001 1973 4630
 2002 1974 4631
 2003 1975 4632
 2004 1976 4633
 2005 1977 4634
 2006 1978 4635
 2007 1979 4636
 2008 1980 4637
 2009 1981 4638
 2010 1982 4639
 2011 1983 4640
 2012 1984 4641
 2013 1985 4642
 2014 1986 4643
 2015 1987 4644
 2016 1988 4645
 2618 1989 4646
 2017 1990 4647
 2018 1991 4648
 2019 1992 4649
 2020 1993 4650
 2021 1994 4651
 2022 1995 4652
 2023 1996 4653
 2024 1997 4654
 2025 1998 4655
 2026 1999 4656
 2027 2000 4657
 2028 2001 4658
 2029 2002 4659
 2030 2003 4660
 2031 2004 4661
 2032 2005 4662
 2033 2006 4663
 2034 2007 4664
 2035 2008 4665
 2036 2009 4666
 2037 2010 4667
 2038 2011 4668
 2039 2012 4669
 2040 2013 4670
 2041 2014 4671
 2042 2015 4672
 2043 2016 4673
 2619 2017 4674
 2044 2018 4675
 2045 2019 4676
 2046 2020 4677
 2047 2021 4678
 2048 2022 4679
 2049 2023 4680
 2050 2024 4681
 2051 2025 4682
 2052 2026 4683
 2053 2027 4684
 2054 2028 4685
 2055 2029 4686
 2056 2030 4687
 2057 2031 4688
 2058 2032 4689
 2059 2033 4690
 2060 2034 4691
 2061 2035 4692
 2062 2036 4693
 2063 2037 4694
 2064 2038 4695
 2065 2039 4696
 2066 2040 4697
 2067 2041 4698
 2068 2042 4699
 2069 2043 4700
 2620 2044 4701
 2070 2045 4702
 2071 2046 4703
 2072 2047 4704
 2073 2048 4705
 2074 2049 4706
 2075 2050 4707
 2076 2051 4708
 2077 2052 4709
 2078 2053 4710
 2079 2054 4711
 2080 2055 4712
 2081 2056 4713
 2082 2057 4714
 2083 2058 4715
 2084 2059 4716
 2085 2060 4717
 2086 2061 4718
 2087 2062 4719
 2088 2063 4720
 2089 2064 4721
 2090 2065 4722
 2091 2066 4723
 2092 2067 4724
 2093 2068 4725
 2094 2069 4726
 2621 2070 4727
 2096 2071 4728
 2097 2072 4729
 2098 2073 4730
 2099 2074 4731
 2100 2075 4732
 2101 2076 4733
 2102 2077 4734
 2103 2078 4735
 2104 2079 4736
 2105 2080 4737
 2106 2081 4738
 2107 2082 4739
 2108 2083 4740
 2109 2084 4741
 2110 2085 4742
 2111 2086 4743
 2112 2087 4744
 2113 2088 4745
 2114 2089 4746
 2115 2090 4747
 2116 2091 4748
 2117 2092 4749
 2118 2093 4750
 2119 2094 4751
 2120 2095 4752
 2622 2621 5236
 2121 2096 4753
 2122 2097 4754
 2123 2098 4755
 2124 2099 4756
 2125 2100 4757
 2126 2101 4758
 2127 2102 4759
 2128 2103 4760
 2129 2104 4761
 2130 2105 4762
 2131 2106 4763
 2132 2107 4764
 2133 2108 4765
 2134 2109 4766
 2135 2110 4767
 2136 2111 4768
 2137 2112 4769
 2138 2113 4770
 2139 2114 4771
 2140 2115 4772
 2141 2116 4773
 2142 2117 4774
 2143 2118 4775
 2144 2119 4776
 2145 2120 4777
 2623 2121 4778
 2146 2122 4779
 2147 2123 4780
 2148 2124 4781
 2149 2125 4782
 2150 2126 4783
 2151 2127 4784
 2152 2128 4785
 2153 2129 4786
 2154 2130 4787
 2155 2131 4788
 2156 2132 4789
 2157 2133 4790
 2158 2134 4791
 2159 2135 4792
 2160 2136 4793
 2161 2137 4794
 2162 2138 4795
 2163 2139 4796
 2164 2140 4797
 2165 2141 4798
 2166 2142 4799
 2167 2143 4800
 2168 2144 4801
 2169 2145 4802
 2624 2146 4803
 2170 2147 4804
 2171 2148 4805
 2172 2149 4806
 2173 2150 4807
 2174 2151 4808
 2175 2152 4809
 2176 2153 4810
 2177 2154 4811
 2178 2155 4812
 2179 2156 4813
 2180 2157 4814
 2181 2158 4815
 2182 2159 4816
 2183 2160 4817
 2184 2161 4818
 2185 2162 4819
 2186 2163 4820
 2187 2164 4821
 2188 2165 4822
 2189 2166 4823
 2190 2167 4824
 2191 2168 4825
 2192 2169 4826
 2625 2170 4827
 2194 2171 4828
 2195 2172 4829
 2196 2173 4830
 2197 2174 4831
 2198 2175 4832
 2199 2176 4833
 2200 2177 4834
 2201 2178 4835
 2202 2179 4836
 2203 2180 4837
 2204 2181 4838
 2205 2182 4839
 2206 2183 4840
 2207 2184 4841
 2208 2185 4842
 2209 2186 4843
 2210 2187 4844
 2211 2188 4845
 2212 2189 4846
 2213 2190 4847
 2214 2191 4848
 2215 2192 4849
 2216 2193 4850
 2626 2194 4851
 2217 2195 4852
 2218 2196 4853
 2219 2197 4854
 2220 2198 4855
 2221 2199 4856
 2222 2200 4857
 2223 2201 4858
 2224 2202 4859
 2225 2203 4860
 2226 2204 4861
 2227 2205 4862
 2228 2206 4863
 2229 2207 4864
 2230 2208 4865
 2231 2209 4866
 2232 2210 4867
 2233 2211 4868
 2234 2212 4869
 2235 2213 4870
 2236 2214 4871
 2237 2215 4872
 2238 2216 4873
 2627 2217 4874
 2239 2218 4875
 2240 2219 4876
 2241 2220 4877
 2242 2221 4878
 2243 2222 4879
 2244 2223 4880
 2245 2224 4881
 2246 2225 4882
 2247 2226 4883
 2248 2227 4884
 2249 2228 4885
 2250 2229 4886
 2251 2230 4887
 2252 2231 4888
 2253 2232 4889
 2254 2233 4890
 2255 2234 4891
 2256 2235 4892
 2257 2236 4893
 2258 2237 4894
 2259 2238 4895
 2628 2627 5237
 2260 2239 4896
 2261 2240 4897
 2262 2241 4898
 2263 2242 4899
 2264 2243 4900
 2265 2244 4901
 2266 2245 4902
 2267 2246 4903
 2268 2247 4904
 2269 2248 4905
 2270 2249 4906
 2271 2250 4907
 2272 2251 4908
 2273 2252 4909
 2274 2253 4910
 2275 2254 4911
 2276 2255 4912
 2277 2256 4913
 2278 2257 4914
 2279 2258 4915
 2280 2259 4916
 2629 2260 4917
 2281 2261 4918
 2282 2262 4919
 2283 2263 4920
 2284 2264 4921
 2285 2265 4922
 2286 2266 4923
 2287 2267 4924
 2288 2268 4925
 2289 2269 4926
 2290 2270 4927
 2291 2271 4928
 2292 2272 4929
 2293 2273 4930
 2294 2274 4931
 2295 2275 4932
 2296 2276 4933
 2297 2277 4934
 2298 2278 4935
 2299 2279 4936
 2300 2280 4937
 2630 2281 4938
 2302 2282 4939
 2303 2283 4940
 2304 2284 4941
 2305 2285 4942
 2306 2286 4943
 2307 2287 4944
 2308 2288 4945
 2309 2289 4946
 2310 2290 4947
 2311 2291 4948
 2312 2292 4949
 2313 2293 4950
 2314 2294 4951
 2315 2295 4952
 2316 2296 4953
 2317 2297 4954
 2318 2298 4955
 2319 2299 4956
 2320 2300 4957
 2321 2301 4958
 2631 2302 4959
 2322 2303 4960
 2323 2304 4961
 2324 2305 4962
 2325 2306 4963
 2326 2307 4964
 2327 2308 4965
 2328 2309 4966
 2329 2310 4967
 2330 2311 4968
 2331 2312 4969
 2332 2313 4970
 2333 2314 4971
 2334 2315 4972
 2335 2316 4973
 2336 2317 4974
 2337 2318 4975
 2338 2319 4976
 2339 2320 4977
 2340 2321 4978
 2632 2322 4979
 2341 2323 4980
 2342 2324 4981
 2343 2325 4982
 2344 2326 4983
 2345 2327 4984
 2346 2328 4985
 2347 2329 4986
 2348 2330 4987
 2349 2331 4988
 2350 2332 4989
 2351 2333 4990
 2352 2334 4991
 2353 2335 4992
 2354 2336 4993
 2355 2337 4994
 2356 2338 4995
 2357 2339 4996
 2358 2340 4997
 2633 2341 4998
 2359 2342 4999
 2360 2343 5000
 2361 2344 5001
 2362 2345 5002
 2363 2346 5003
 2364 2347 5004
 2365 2348 5005
 2366 2349 5006
 2367 2350 5007
 2368 2351 5008
 2369 2352 5009
 2370 2353 5010
 2371 2354 5011
 2372 2355 5012
 2373 2356 5013
 2374 2357 5014
 2375 2358 5015
 2377 2359 5016
 2378 2360 5017
 2379 2361 5018
 2380 2362 5019
 2381 2363 5020
 2382 2364 5021
 2383 2365 5022
 2384 2366 5023
 2385 2367 5024
 2386 2368 5025
 2387 2369 5026
 2388 2370 5027
 2389 2371 5028
 2390 2372 5029
 2391 2373 5030
 2392 2374 5031
 2393 2375 5032
 2394 2376 5033
 2634 2377 5034
 2395 2378 5035
 2396 2379 5036
 2397 2380 5037
 2398 2381 5038
 2399 2382 5039
 2400 2383 5040
 2401 2384 5041
 2402 2385 5042
 2403 2386 5043
 2404 2387 5044
 2405 2388 5045
 2406 2389 5046
 2407 2390 5047
 2408 2391 5048
 2409 2392 5049
 2410 2393 5050
 2411 2394 5051
 2635 2395 5052
 2412 2396 5053
 2413 2397 5054
 2414 2398 5055
 2415 2399 5056
 2416 2400 5057
 2417 2401 5058
 2418 2402 5059
 2419 2403 5060
 2420 2404 5061
 2421 2405 5062
 2422 2406 5063
 2423 2407 5064
 2424 2408 5065
 2425 2409 5066
 2426 2410 5067
 2427 2411 5068
 2636 2412 5069
 2428 2413 5070
 2429 2414 5071
 2430 2415 5072
 2431 2416 5073
 2432 2417 5074
 2433 2418 5075
 2434 2419 5076
 2435 2420 5077
 2436 2421 5078
 2437 2422 5079
 2438 2423 5080
 2439 2424 5081
 2440 2425 5082
 2441 2426 5083
 2442 2427 5084
 2637 2428 5085
 2444 2429 5086
 2445 2430 5087
 2446 2431 5088
 2447 2432 5089
 2448 2433 5090
 2449 2434 5091
 2450 2435 5092
 2451 2436 5093
 2452 2437 5094
 2453 2438 5095
 2454 2439 5096
 2455 2440 5097
 2456 2441 5098
 2457 2442 5099
 2458 2443 5100
 2638 2444 5101
 2459 2445 5102
 2460 2446 5103
 2461 2447 5104
 2462 2448 5105
 2463 2449 5106
 2464 2450 5107
 2465 2451 5108
 2466 2452 5109
 2467 2453 5110
 2468 2454 5111
 2469 2455 5112
 2470 2456 5113
 2471 2457 5114
 2472 2458 5115
 2473 2459 5116
 2474 2460 5117
 2475 2461 5118
 2476 2462 5119
 2477 2463 5120
 2478 2464 5121
 2479 2465 5122
 2480 2466 5123
 2481 2467 5124
 2482 2468 5125
 2483 2469 5126
 2484 2470 5127
 2485 2471 5128
 2486 2472 5129
 2639 2473 5130
 2487 2474 5131
 2488 2475 5132
 2489 2476 5133
 2490 2477 5134
 2491 2478 5135
 2492 2479 5136
 2493 2480 5137
 2494 2481 5138
 2495 2482 5139
 2496 2483 5140
 2497 2484 5141
 2498 2485 5142
 2499 2486 5143
 2640 2487 5144
 2501 2488 5145
 2502 2489 5146
 2503 2490 5147
 2504 2491 5148
 2505 2492 5149
 2506 2493 5150
 2507 2494 5151
 2508 2495 5152
 2509 2496 5153
 2510 2497 5154
 2511 2498 5155
 2512 2499 5156
 2513 2500 5157
 2641 2501 5158
 2514 2502 5159
 2515 2503 5160
 2516 2504 5161
 2517 2505 5162
 2518 2506 5163
 2519 2507 5164
 2520 2508 5165
 2521 2509 5166
 2522 2510 5167
 2523 2511 5168
 2524 2512 5169
 2525 2513 5170
 2642 2514 5171
 2526 2515 5172
 2527 2516 5173
 2528 2517 5174
 2529 2518 5175
 2530 2519 5176
 2531 2520 5177
 2532 2521 5178
 2533 2522 5179
 2534 2523 5180
 2535 2524 5181
 2536 2525 5182
 2643 2526 5183
 2537 2527 5184
 2538 2528 5185
 2539 2529 5186
 2540 2530 5187
 2541 2531 5188
 2542 2532 5189
 2543 2533 5190
 2544 2534 5191
 2545 2535 5192
 2546 2536 5193
 2547 2537 5194
 2548 2538 5195
 2549 2539 5196
 2550 2540 5197
 2551 2541 5198
 2552 2542 5199
 2553 2543 5200
 2554 2544 5201
 2555 2545 5202
 2556 2546 5203
 2644 2547 5204
 2558 2548 5205
 2559 2549 5206
 2560 2550 5207
 2561 2551 5208
 2562 2552 5209
 2563 2553 5210
 2564 2554 5211
 2565 2555 5212
 2566 2556 5213
 2567 2557 5214
 2645 2558 5215
 2568 2559 5216
 2569 2560 5217
 2570 2561 5218
 2571 2562 5219
 2572 2563 5220
 2573 2564 5221
 2574 2565 5222
 2575 2566 5223
 2576 2567 5224
 2646 2576 5233
 2647 56 2657
 56 57 2658
 57 58 2659
 58 59 2660
 59 60 2661
 60 61 2662
 61 62 2663
 62 63 2664
 63 64 2665
 64 65 2666
 65 66 2667
 66 67 2668
 67 68 2669
 68 69 2670
 69 70 2671
 70 71 2672
 71 72 2673
 72 73 2674
 73 74 2675
 74 75 2676
 75 76 2677
 76 77 2678
 77 78 2679
 78 79 2680
 79 80 2681
 80 81 2682
 81 82 2683
 82 83 2684
 83 84 2685
 84 85 2686
 85 86 2687
 86 87 2688
 87 88 2689
 88 89 2690
 89 90 2691
 90 91 2692
 91 92 2693
 92 93 2694
 93 94 2695
 94 95 2696
 95 96 2697
 96 97 2698
 97 98 2699
 98 99 2700
 99 100 2701
 100 101 2702
 101 102 2703
 102 103 2704
 103 104 2705
 104 105 2706
 105 106 2707
 106 107 2708
 107 108 2709
 108 109 2710
 109 110 2711
 110 111 2712
 2577 112 2714
 112 113 2715
 113 114 2716
 114 115 2717
 115 116 2718
 116 117 2719
 117 118 2720
 118 119 2721
 119 120 2722
 120 121 2723
 121 122 2724
 122 123 2725
 123 124 2726
 124 125 2727
 125 126 2728
 126 127 2729
 127 128 2730
 128 129 2731
 129 130 2732
 130 131 2733
 131 132 2734
 132 133 2735
 133 134 2736
 134 135 2737
 135 136 2738
 136 137 2739
 137 138 2740
 138 139 2741
 139 140 2742
 140 141 2743
 141 142 2744
 142 143 2745
 143 144 2746
 144 145 2747
 145 146 2748
 146 147 2749
 147 148 2750
 148 149 2751
 149 150 2752
 150 151 2753
 151 152 2754
 152 153 2755
 153 154 2756
 154 155 2757
 155 156 2758
 156 157 2759
 157 158 2760
 158 159 2761
 159 160 2762
 160 161 2763
 161 162 2764
 162 163 2765
 163 164 2766
 164 165 2767
 165 166 2768
 2578 167 2770
 167 168 2771
 168 169 2772
 169 170 2773
 170 171 2774
 171 172 2775
 172 173 2776
 173 174 2777
 174 175 2778
 175 176 2779
 176 177 2780
 177 178 2781
 178 179 2782
 179 180 2783
 180 181 2784
 181 182 2785
 182 183 2786
 183 184 2787
 184 185 2788
 185 186 2789
 186 187 2790
 187 188 2791
 188 189 2792
 189 190 2793
 190 191 2794
 191 192 2795
 192 193 2796
 193 194 2797
 194 195 2798
 195 196 2799
 196 197 2800
 197 198 2801
 198 199 2802
 199 200 2803
 200 201 2804
 201 202 2805
 202 203 2806
 203 204 2807
 204 205 2808
 205 206 2809
 206 207 2810
 207 208 2811
 208 209 2812
 209 210 2813
 210 211 2814
 211 212 2815
 212 213 2816
 213 214 2817
 214 215 2818
 215 216 2819
 216 217 2820
 217 218 2821
 218 219 2822
 219 220 2823
 220 221 5238
 2579 222 2825
 222 223 2826
 223 224 2827
 224 225 2828
 225 226 2829
 226 227 2830
 227 228 2831
 228 229 2832
 229 230 2833
 230 231 2834
 231 232 2835
 232 233 2836
 233 234 2837
 234 235 2838
 235 236 2839
 236 237 2840
 237 238 2841
 238 239 2842
 239 240 2843
 240 241 2844
 241 242 2845
 242 243 2846
 243 244 2847
 244 245 2848
 245 246 2849
 246 247 2850
 247 248 2851
 248 249 2852
 249 250 2853
 250 251 2854
 251 252 2855
 252 253 2856
 253 254 2857
 254 255 2858
 255 256 2859
 256 257 2860
 257 258 2861
 258 259 2862
 259 260 2863
 260 261 2864
 261 262 2865
 262 263 2866
 263 264 2867
 264 265 2868
 265 266 2869
 266 267 2870
 267 268 2871
 268 269 2872
 269 270 2873
 270 271 2874
 271 272 2875
 272 273 2876
 273 274 2877
 274 275 2878
 2580 276 2880
 276 277 2881
 277 278 2882
 278 279 2883
 279 280 2884
 280 281 2885
 281 282 2886
 282 283 2887
 283 284 2888
 284 285 2889
 285 286 2890
 286 287 2891
 287 288 2892
 288 289 2893
 289 290 2894
 290 291 2895
 291 292 2896
 292 293 2897
 293 294 2898
 294 295 2899
 295 296 2900
 296 297 2901
 297 298 2902
 298 299 2903
 299 300 2904
 300 301 2905
 301 302 2906
 302 303 2907
 303 304 2908
 304 305 2909
 305 306 2910
 306 307 2911
 307 308 2912
 308 309 2913
 309 310 2914
 310 311 2915
 311 312 2916
 312 313 2917
 313 314 2918
 314 315 2919
 315 316 2920
 316 317 2921
 317 318 2922
 318 319 2923
 319 320 2924
 320 321 2925
 321 322 2926
 322 323 2927
 323 324 2928
 324 325 2929
 325 326 2930
 326 327 2931
 327 328 2932
 2581 329 2934
 329 330 2935
 330 331 2936
 331 332 2937
 332 333 2938
 333 334 2939
 334 335 2940
 335 336 2941
 336 337 2942
 337 338 2943
 338 339 2944
 339 340 2945
 340 341 2946
 341 342 2947
 342 343 2948
 343 344 2949
 344 345 2950
 345 346 2951
 346 347 2952
 347 348 2953
 348 349 2954
 349 350 2955
 350 351 2956
 351 352 2957
 352 353 2958
 353 354 2959
 354 355 2960
 355 356 2961
 356 357 2962
 357 358 2963
 358 359 2964
 359 360 2965
 360 361 2966
 361 362 2967
 362 363 2968
 363 364 2969
 364 365 2970
 365 366 2971
 366 367 2972
 367 368 2973
 368 369 2974
 369 370 2975
 370 371 2976
 371 372 2977
 372 373 2978
 373 374 2979
 374 375 2980
 375 376 2981
 376 377 2982
 377 378 2983
 378 379 2984
 379 380 2985
 2582 381 2987
 381 382 2988
 382 383 2989
 383 384 2990
 384 385 2991
 385 386 2992
 386 387 2993
 387 388 2994
 388 389 2995
 389 390 2996
 390 391 2997
 391 392 2998
 392 393 2999
 393 394 3000
 394 395 3001
 395 396 3002
 396 397 3003
 397 398 3004
 398 399 3005
 399 400 3006
 400 401 3007
 401 402 3008
 402 403 3009
 403 404 3010
 404 405 3011
 405 406 3012
 406 407 3013
 407 408 3014
 408 409 3015
 409 410 3016
 410 411 3017
 411 412 3018
 412 413 3019
 413 414 3020
 414 415 3021
 415 416 3022
 416 417 3023
 417 418 3024
 418 419 3025
 419 420 3026
 420 421 3027
 421 422 3028
 422 423 3029
 423 424 3030
 424 425 3031
 425 426 3032
 426 427 3033
 427 428 3034
 428 429 3035
 429 430 3036
 430 431 3037
 431 432 5239
 2648 433 3038
 433 434 3039
 434 435 3040
 435 436 3041
 436 437 3042
 437 438 3043
 438 439 3044
 439 440 3045
 440 441 3046
 441 442 3047
 442 443 3048
 443 444 3049
 444 445 3050
 445 446 3051
 446 447 3052
 447 448 3053
 448 449 3054
 449 450 3055
 450 451 3056
 451 452 3057
 452 453 3058
 453 454 3059
 454 455 3060
 455 456 3061
 456 457 3062
 457 458 3063
 458 459 3064
 459 460 3065
 460 461 3066
 461 462 3067
 462 463 3068
 463 464 3069
 464 465 3070
 465 466 3071
 466 467 3072
 467 468 3073
 468 469 3074
 469 470 3075
 470 471 3076
 471 472 3077
 472 473 3078
 473 474 3079
 474 475 3080
 475 476 3081
 476 477 3082
 477 478 3083
 478 479 3084
 479 480 3085
 480 481 3086
 481 482 3087
 482 483 3088
 483 484 3089
 2583 485 3091
 485 486 3092
 486 487 3093
 487 488 3094
 488 489 3095
 489 490 3096
 490 491 3097
 491 492 3098
 492 493 3099
 493 494 3100
 494 495 3101
 495 496 3102
 496 497 3103
 497 498 3104
 498 499 3105
 499 500 3106
 500 501 3107
 501 502 3108
 502 503 3109
 503 504 3110
 504 505 3111
 505 506 3112
 506 507 3113
 507 508 3114
 508 509 3115
 509 510 3116
 510 511 3117
 511 512 3118
 512 513 3119
 513 514 3120
 514 515 3121
 515 516 3122
 516 517 3123
 517 518 3124
 518 519 3125
 519 520 3126
 520 521 3127
 521 522 3128
 522 523 3129
 523 524 3130
 524 525 3131
 525 526 3132
 526 527 3133
 527 528 3134
 528 529 3135
 529 530 3136
 530 531 3137
 531 532 3138
 532 533 3139
 533 534 3140
 534 535 3141
 2584 536 3143
 536 537 3144
 537 538 3145
 538 539 3146
 539 540 3147
 540 541 3148
 541 542 3149
 542 543 3150
 543 544 3151
 544 545 3152
 545 546 3153
 546 547 3154
 547 548 3155
 548 549 3156
 549 550 3157
 550 551 3158
 551 552 3159
 552 553 3160
 553 554 3161
 554 555 3162
 555 556 3163
 556 557 3164
 557 558 3165
 558 559 3166
 559 560 3167
 560 561 3168
 561 562 3169
 562 563 3170
 563 564 3171
 564 565 3172
 565 566 3173
 566 567 3174
 567 568 3175
 568 569 3176
 569 570 3177
 570 571 3178
 571 572 3179
 572 573 3180
 573 574 3181
 574 575 3182
 575 576 3183
 576 577 3184
 577 578 3185
 578 579 3186
 579 580 3187
 580 581 3188
 581 582 3189
 582 583 3190
 583 584 3191
 584 585 3192
 2585 586 3194
 586 587 3195
 587 588 3196
 588 589 3197
 589 590 3198
 590 591 3199
 591 592 3200
 592 593 3201
 593 594 3202
 594 595 3203
 595 596 3204
 596 597 3205
 597 598 3206
 598 599 3207
 599 600 3208
 600 601 3209
 601 602 3210
 602 603 3211
 603 604 3212
 604 605 3213
 605 606 3214
 606 607 3215
 607 608 3216
 608 609 3217
 609 610 3218
 610 611 3219
 611 612 3220
 612 613 3221
 613 614 3222
 614 615 3223
 615 616 3224
 616 617 3225
 617 618 3226
 618 619 3227
 619 620 3228
 620 621 3229
 621 622 3230
 622 623 3231
 623 624 3232
 624 625 3233
 625 626 3234
 626 627 3235
 627 628 3236
 628 629 3237
 629 630 3238
 630 631 3239
 631 632 3240
 632 633 3241
 633 634 3242
 2586 635 3244
 635 636 3245
 636 637 3246
 637 638 3247
 638 639 3248
 639 640 3249
 640 641 3250
 641 642 3251
 642 643 3252
 643 644 3253
 644 645 3254
 645 646 3255
 646 647 3256
 647 648 3257
 648 649 3258
 649 650 3259
 650 651 3260
 651 652 3261
 652 653 3262
 653 654 3263
 654 655 3264
 655 656 3265
 656 657 3266
 657 658 3267
 658 659 3268
 659 660 3269
 660 661 3270
 661 662 3271
 662 663 3272
 663 664 3273
 664 665 3274
 665 666 3275
 666 667 3276
 667 668 3277
 668 669 3278
 669 670 3279
 670 671 3280
 671 672 3281
 672 673 3282
 673 674 3283
 674 675 3284
 675 676 3285
 676 677 3286
 677 678 3287
 678 679 3288
 679 680 3289
 680 681 3290
 681 682 3291
 682 683 5240
 2587 684 3293
 684 685 3294
 685 686 3295
 686 687 3296
 687 688 3297
 688 689 3298
 689 690 3299
 690 691 3300
 691 692 3301
 692 693 3302
 693 694 3303
 694 695 3304
 695 696 3305
 696 697 3306
 697 698 3307
 698 699 3308
 699 700 3309
 700 701 3310
 701 702 3311
 702 703 3312
 703 704 3313
 704 705 3314
 705 706 3315
 706 707 3316
 707 708 3317
 708 709 3318
 709 710 3319
 710 711 3320
 711 712 3321
 712 713 3322
 713 714 3323
 714 715 3324
 715 716 3325
 716 717 3326
 717 718 3327
 718 719 3328
 719 720 3329
 720 721 3330
 721 722 3331
 722 723 3332
 723 724 3333
 724 725 3334
 725 726 3335
 726 727 3336
 727 728 3337
 728 729 3338
 729 730 3339
 730 731 3340
 2649 732 3341
 732 733 3342
 733 734 3343
 734 735 3344
 735 736 3345
 736 737 3346
 737 738 3347
 738 739 3348
 739 740 3349
 740 741 3350
 741 742 3351
 742 743 3352
 743 744 3353
 744 745 3354
 745 746 3355
 746 747 3356
 747 748 3357
 748 749 3358
 749 750 3359
 750 751 3360
 751 752 3361
 752 753 3362
 753 754 3363
 754 755 3364
 755 756 3365
 756 757 3366
 757 758 3367
 758 759 3368
 759 760 3369
 760 761 3370
 761 762 3371
 762 763 3372
 763 764 3373
 764 765 3374
 765 766 3375
 766 767 3376
 767 768 3377
 768 769 3378
 769 770 3379
 770 771 3380
 771 772 3381
 772 773 3382
 773 774 3383
 774 775 3384
 775 776 3385
 776 777 3386
 777 778 3387
 778 779 3388
 2588 780 3390
 780 781 3391
 781 782 3392
 782 783 3393
 783 784 3394
 784 785 3395
 785 786 3396
 786 787 3397
 787 788 3398
 788 789 3399
 789 790 3400
 790 791 3401
 791 792 3402
 792 793 3403
 793 794 3404
 794 795 3405
 795 796 3406
 796 797 3407
 797 798 3408
 798 799 3409
 799 800 3410
 800 801 3411
 801 802 3412
 802 803 3413
 803 804 3414
 804 805 3415
 805 806 3416
 806 807 3417
 807 808 3418
 808 809 3419
 809 810 3420
 810 811 3421
 811 812 3422
 812 813 3423
 813 814 3424
 814 815 3425
 815 816 3426
 816 817 3427
 817 818 3428
 818 819 3429
 819 820 3430
 820 821 3431
 821 822 3432
 822 823 3433
 823 824 3434
 824 825 3435
 825 826 3436
 2589 827 3438
 827 828 3439
 828 829 3440
 829 830 3441
 830 831 3442
 831 832 3443
 832 833 3444
 833 834 3445
 834 835 3446
 835 836 3447
 836 837 3448
 837 838 3449
 838 839 3450
 839 840 3451
 840 841 3452
 841 842 3453
 842 843 3454
 843 844 3455
 844 845 3456
 845 846 3457
 846 847 3458
 847 848 3459
 848 849 3460
 849 850 3461
 850 851 3462
 851 852 3463
 852 853 3464
 853 854 3465
 854 855 3466
 855 856 3467
 856 857 3468
 857 858 3469
 858 859 3470
 859 860 3471
 860 861 3472
 861 862 3473
 862 863 3474
 863 864 3475
 864 865 3476
 865 866 3477
 866 867 3478
 867 868 3479
 868 869 3480
 869 870 3481
 870 871 3482
 871 872 3483
 872 873 5241
 2590 874 3485
 874 875 3486
 875 876 3487
 876 877 3488
 877 878 3489
 878 879 3490
 879 880 3491
 880 881 3492
 881 882 3493
 882 883 3494
 883 884 3495
 884 885 3496
 885 886 3497
 886 887 3498
 887 888 3499
 888 889 3500
 889 890 3501
 890 891 3502
 891 892 3503
 892 893 3504
 893 894 3505
 894 895 3506
 895 896 3507
 896 897 3508
 897 898 3509
 898 899 3510
 899 900 3511
 900 901 3512
 901 902 3513
 902 903 3514
 903 904 3515
 904 905 3516
 905 906 3517
 906 907 3518
 907 908 3519
 908 909 3520
 909 910 3521
 910 911 3522
 911 912 3523
 912 913 3524
 913 914 3525
 914 915 3526
 915 916 3527
 916 917 3528
 917 918 3529
 918 919 3530
 2591 920 3532
 920 921 3533
 921 922 3534
 922 923 3535
 923 924 3536
 924 925 3537
 925 926 3538
 926 927 3539
 927 928 3540
 928 929 3541
 929 930 3542
 930 931 3543
 931 932 3544
 932 933 3545
 933 934 3546
 934 935 3547
 935 936 3548
 936 937 3549
 937 938 3550
 938 939 3551
 939 940 3552
 940 941 3553
 941 942 3554
 942 943 3555
 943 944 3556
 944 945 3557
 945 946 3558
 946 947 3559
 947 948 3560
 948 949 3561
 949 950 3562
 950 951 3563
 951 952 3564
 952 953 3565
 953 954 3566
 954 955 3567
 955 956 3568
 956 957 3569
 957 958 3570
 958 959 3571
 959 960 3572
 960 961 3573
 961 962 3574
 962 963 3575
 963 964 3576
 2592 965 3578
 965 966 3579
 966 967 3580
 967 968 3581
 968 969 3582
 969 970 3583
 970 971 3584
 971 972 3585
 972 973 3586
 973 974 3587
 974 975 3588
 975 976 3589
 976 977 3590
 977 978 3591
 978 979 3592
 979 980 3593
 980 981 3594
 981 982 3595
 982 983 3596
 983 984 3597
 984 985 3598
 985 986 3599
 986 987 3600
 987 988 3601
 988 989 3602
 989 990 3603
 990 991 3604
 991 992 3605
 992 993 3606
 993 994 3607
 994 995 3608
 995 996 3609
 996 997 3610
 997 998 3611
 998 999 3612
 999 1000 3613
 1000 1001 3614
 1001 1002 3615
 1002 1003 3616
 1003 1004 3617
 1004 1005 3618
 1005 1006 3619
 1006 1007 3620
 1007 1008 3621
 2650 1009 3622
 1009 1010 3623
 1010 1011 3624
 1011 1012 3625
 1012 1013 3626
 1013 1014 3627
 1014 1015 3628
 1015 1016 3629
 1016 1017 3630
 1017 1018 3631
 1018 1019 3632
 1019 1020 3633
 1020 1021 3634
 1021 1022 3635
 1022 1023 3636
 1023 1024 3637
 1024 1025 3638
 1025 1026 3639
 1026 1027 3640
 1027 1028 3641
 1028 1029 3642
 1029 1030 3643
 1030 1031 3644
 1031 1032 3645
 1032 1033 3646
 1033 1034 3647
 1034 1035 3648
 1035 1036 3649
 1036 1037 3650
 1037 1038 3651
 1038 1039 3652
 1039 1040 3653
 1040 1041 3654
 1041 1042 3655
 1042 1043 3656
 1043 1044 3657
 1044 1045 3658
 1045 1046 3659
 1046 1047 3660
 1047 1048 3661
 1048 1049 3662
 1049 1050 3663
 1050 1051 3664
 1051 1052 3665
 1052 1053 5242
 2593 1054 3667
 1054 1055 3668
 1055 1056 3669
 1056 1057 3670
 1057 1058 3671
 1058 1059 3672
 1059 1060 3673
 1060 1061 3674
 1061 1062 3675
 1062 1063 3676
 1063 1064 3677
 1064 1065 3678
 1065 1066 3679
 1066 1067 3680
 1067 1068 3681
 1068 1069 3682
 1069 1070 3683
 1070 1071 3684
 1071 1072 3685
 1072 1073 3686
 1073 1074 3687
 1074 1075 3688
 1075 1076 3689
 1076 1077 3690
 1077 1078 3691
 1078 1079 3692
 1079 1080 3693
 1080 1081 3694
 1081 1082 3695
 1082 1083 3696
 1083 1084 3697
 1084 1085 3698
 1085 1086 3699
 1086 1087 3700
 1087 1088 3701
 1088 1089 3702
 1089 1090 3703
 1090 1091 3704
 1091 1092 3705
 1092 1093 3706
 1093 1094 3707
 1094 1095 3708
 1095 1096 3709
 1096 1097 3710
 2594 1098 3712
 1098 1099 3713
 1099 1100 3714
 1100 1101 3715
 1101 1102 3716
 1102 1103 3717
 1103 1104 3718
 1104 1105 3719
 1105 1106 3720
 1106 1107 3721
 1107 1108 3722
 1108 1109 3723
 1109 1110 3724
 1110 1111 3725
 1111 1112 3726
 1112 1113 3727
 1113 1114 3728
 1114 1115 3729
 1115 1116 3730
 1116 1117 3731
 1117 1118 3732
 1118 1119 3733
 1119 1120 3734
 1120 1121 3735
 1121 1122 3736
 1122 1123 3737
 1123 1124 3738
 1124 1125 3739
 1125 1126 3740
 1126 1127 3741
 1127 1128 3742
 1128 1129 3743
 1129 1130 3744
 1130 1131 3745
 1131 1132 3746
 1132 1133 3747
 1133 1134 3748
 1134 1135 3749
 1135 1136 3750
 1136 1137 3751
 1137 1138 3752
 1138 1139 3753
 1139 1140 3754
 2595 1141 3756
 1141 1142 3757
 1142 1143 3758
 1143 1144 3759
 1144 1145 3760
 1145 1146 3761
 1146 1147 3762
 1147 1148 3763
 1148 1149 3764
 1149 1150 3765
 1150 1151 3766
 1151 1152 3767
 1152 1153 3768
 1153 1154 3769
 1154 1155 3770
 1155 1156 3771
 1156 1157 3772
 1157 1158 3773
 1158 1159 3774
 1159 1160 3775
 1160 1161 3776
 1161 1162 3777
 1162 1163 3778
 1163 1164 3779
 1164 1165 3780
 1165 1166 3781
 1166 1167 3782
 1167 1168 3783
 1168 1169 3784
 1169 1170 3785
 1170 1171 3786
 1171 1172 3787
 1172 1173 3788
 1173 1174 3789
 1174 1175 3790
 1175 1176 3791
 1176 1177 3792
 1177 1178 3793
 1178 1179 3794
 1179 1180 3795
 1180 1181 3796
 1181 1182 3797
 2596 1183 3799
 1183 1184 3800
 1184 1185 3801
 1185 1186 3802
 1186 1187 3803
 1187 1188 3804
 1188 1189 3805
 1189 1190 3806
 1190 1191 3807
 1191 1192 3808
 1192 1193 3809
 1193 1194 3810
 1194 1195 3811
 1195 1196 3812
 1196 1197 3813
 1197 1198 3814
 1198 1199 3815
 1199 1200 3816
 1200 1201 3817
 1201 1202 3818
 1202 1203 3819
 1203 1204 3820
 1204 1205 3821
 1205 1206 3822
 1206 1207 3823
 1207 1208 3824
 1208 1209 3825
 1209 1210 3826
 1210 1211 3827
 1211 1212 3828
 1212 1213 3829
 1213 1214 3830
 1214 1215 3831
 1215 1216 3832
 1216 1217 3833
 1217 1218 3834
 1218 1219 3835
 1219 1220 3836
 1220 1221 3837
 1221 1222 3838
 1222 1223 3839
 1223 1224 5243
 2597 1225 3841
 1225 1226 3842
 1226 1227 3843
 1227 1228 3844
 1228 1229 3845
 1229 1230 3846
 1230 1231 3847
 1231 1232 3848
 1232 1233 3849
 1233 1234 3850
 1234 1235 3851
 1235 1236 3852
 1236 1237 3853
 1237 1238 3854
 1238 1239 3855
 1239 1240 3856
 1240 1241 3857
 1241 1242 3858
 1242 1243 3859
 1243 1244 3860
 1244 1245 3861
 1245 1246 3862
 1246 1247 3863
 1247 1248 3864
 1248 1249 3865
 1249 1250 3866
 1250 1251 3867
 1251 1252 3868
 1252 1253 3869
 1253 1254 3870
 1254 1255 3871
 1255 1256 3872
 1256 1257 3873
 1257 1258 3874
 1258 1259 3875
 1259 1260 3876
 1260 1261 3877
 1261 1262 3878
 1262 1263 3879
 1263 1264 3880
 1264 1265 3881
 2598 1266 3883
 1266 1267 3884
 1267 1268 3885
 1268 1269 3886
 1269 1270 3887
 1270 1271 3888
 1271 1272 3889
 1272 1273 3890
 1273 1274 3891
 1274 1275 3892
 1275 1276 3893
 1276 1277 3894
 1277 1278 3895
 1278 1279 3896
 1279 1280 3897
 1280 1281 3898
 1281 1282 3899
 1282 1283 3900
 1283 1284 3901
 1284 1285 3902
 1285 1286 3903
 1286 1287 3904
 1287 1288 3905
 1288 1289 3906
 1289 1290 3907
 1290 1291 3908
 1291 1292 3909
 1292 1293 3910
 1293 1294 3911
 1294 1295 3912
 1295 1296 3913
 1296 1297 3914
 1297 1298 3915
 1298 1299 3916
 1299 1300 3917
 1300 1301 3918
 1301 1302 3919
 1302 1303 3920
 1303 1304 3921
 1304 1305 3922
 2599 1306 3923
 1306 1307 3924
 1307 1308 3925
 1308 1309 3926
 1309 1310 3927
 1310 1311 3928
 1311 1312 3929
 1312 1313 3930
 1313 1314 3931
 1314 1315 3932
 1315 1316 3933
 1316 1317 3934
 1317 1318 3935
 1318 1319 3936
 1319 1320 3937
 1320 1321 3938
 1321 1322 3939
 1322 1323 3940
 1323 1324 3941
 1324 1325 3942
 1325 1326 3943
 1326 1327 3944
 1327 1328 3945
 1328 1329 3946
 1329 1330 3947
 1330 1331 3948
 1331 1332 3949
 1332 1333 3950
 1333 1334 3951
 1334 1335 3952
 1335 1336 3953
 1336 1337 3954
 1337 1338 3955
 1338 1339 3956
 1339 1340 3957
 1340 1341 3958
 1341 1342 3959
 1342 1343 3960
 1343 1344 3961
 1344 1345 3962
 2600 1346 3964
 1346 1347 3965
 1347 1348 3966
 1348 1349 3967
 1349 1350 3968
 1350 1351 3969
 1351 1352 3970
 1352 1353 3971
 1353 1354 3972
 1354 1355 3973
 1355 1356 3974
 1356 1357 3975
 1357 1358 3976
 1358 1359 3977
 1359 1360 3978
 1360 1361 3979
 1361 1362 3980
 1362 1363 3981
 1363 1364 3982
 1364 1365 3983
 1365 1366 3984
 1366 1367 3985
 1367 1368 3986
 1368 1369 3987
 1369 1370 3988
 1370 1371 3989
 1371 1372 3990
 1372 1373 3991
 1373 1374 3992
 1374 1375 3993
 1375 1376 3994
 1376 1377 3995
 1377 1378 3996
 1378 1379 3997
 1379 1380 3998
 1380 1381 3999
 1381 1382 4000
 1382 1383 4001
 1383 1384 4002
 2601 1385 4004
 1385 1386 4005
 1386 1387 4006
 1387 1388 4007
 1388 1389 4008
 1389 1390 4009
 1390 1391 4010
 1391 1392 4011
 1392 1393 4012
 1393 1394 4013
 1394 1395 4014
 1395 1396 4015
 1396 1397 4016
 1397 1398 4017
 1398 1399 4018
 1399 1400 4019
 1400 1401 4020
 1401 1402 4021
 1402 1403 4022
 1403 1404 4023
 1404 1405 4024
 1405 1406 4025
 1406 1407 4026
 1407 1408 4027
 1408 1409 4028
 1409 1410 4029
 1410 1411 4030
 1411 1412 4031
 1412 1413 4032
 1413 1414 4033
 1414 1415 4034
 1415 1416 4035
 1416 1417 4036
 1417 1418 4037
 1418 1419 4038
 1419 1420 4039
 1420 1421 4040
 1421 1422 4041
 1422 1423 5244
 2602 1424 4043
 1424 1425 4044
 1425 1426 4045
 1426 1427 4046
 1427 1428 4047
 1428 1429 4048
 1429 1430 4049
 1430 1431 4050
 1431 1432 4051
 1432 1433 4052
 1433 1434 4053
 1434 1435 4054
 1435 1436 4055
 1436 1437 4056
 1437 1438 4057
 1438 1439 4058
 1439 1440 4059
 1440 1441 4060
 1441 1442 4061
 1442 1443 4062
 1443 1444 4063
 1444 1445 4064
 1445 1446 4065
 1446 1447 4066
 1447 1448 4067
 1448 1449 4068
 1449 1450 4069
 1450 1451 4070
 1451 1452 4071
 1452 1453 4072
 1453 1454 4073
 1454 1455 4074
 1455 1456 4075
 1456 1457 4076
 1457 1458 4077
 1458 1459 4078
 1459 1460 4079
 1460 1461 4080
 2603 1462 4082
 1462 1463 4083
 1463 1464 4084
 1464 1465 4085
 1465 1466 4086
 1466 1467 4087
 1467 1468 4088
 1468 1469 4089
 1469 1470 4090
 1470 1471 4091
 1471 1472 4092
 1472 1473 4093
 1473 1474 4094
 1474 1475 4095
 1475 1476 4096
 1476 1477 4097
 1477 1478 4098
 1478 1479 4099
 1479 1480 4100
 1480 1481 4101
 1481 1482 4102
 1482 1483 4103
 1483 1484 4104
 1484 1485 4105
 1485 1486 4106
 1486 1487 4107
 1487 1488 4108
 1488 1489 4109
 1489 1490 4110
 1490 1491 4111
 1491 1492 4112
 1492 1493 4113
 1493 1494 4114
 1494 1495 4115
 1495 1496 4116
 1496 1497 4117
 1497 1498 4118
 2604 1499 4120
 1499 1500 4121
 1500 1501 4122
 1501 1502 4123
 1502 1503 4124
 1503 1504 4125
 1504 1505 4126
 1505 1506 4127
 1506 1507 4128
 1507 1508 4129
 1508 1509 4130
 1509 1510 4131
 1510 1511 4132
 1511 1512 4133
 1512 1513 4134
 1513 1514 4135
 1514 1515 4136
 1515 1516 4137
 1516 1517 4138
 1517 1518 4139
 1518 1519 4140
 1519 1520 4141
 1520 1521 4142
 1521 1522 4143
 1522 1523 4144
 1523 1524 4145
 1524 1525 4146
 1525 1526 4147
 1526 1527 4148
 1527 1528 4149
 1528 1529 4150
 1529 1530 4151
 1530 1531 4152
 1531 1532 4153
 1532 1533 4154
 1533 1534 4155
 2605 1535 4156
 1535 1536 4157
 1536 1537 4158
 1537 1538 4159
 1538 1539 4160
 1539 1540 4161
 1540 1541 4162
 1541 1542 4163
 1542 1543 4164
 1543 1544 4165
 1544 1545 4166
 1545 1546 4167
 1546 1547 4168
 1547 1548 4169
 1548 1549 4170
 1549 1550 4171
 1550 1551 4172
 1551 1552 4173
 1552 1553 4174
 1553 1554 4175
 1554 1555 4176
 1555 1556 4177
 1556 1557 4178
 1557 1558 4179
 1558 1559 4180
 1559 1560 4181
 1560 1561 4182
 1561 1562 4183
 1562 1563 4184
 1563 1564 4185
 1564 1565 4186
 1565 1566 4187
 1566 1567 4188
 1567 1568 4189
 1568 1569 4190
 1569 1570 4191
 1570 1571 5245
 2606 1572 4193
 1572 1573 4194
 1573 1574 4195
 1574 1575 4196
 1575 1576 4197
 1576 1577 4198
 1577 1578 4199
 1578 1579 4200
 1579 1580 4201
 1580 1581 4202
 1581 1582 4203
 1582 1583 4204
 1583 1584 4205
 1584 1585 4206
 1585 1586 4207
 1586 1587 4208
 1587 1588 4209
 1588 1589 4210
 1589 1590 4211
 1590 1591 4212
 1591 1592 4213
 1592 1593 4214
 1593 1594 4215
 1594 1595 4216
 1595 1596 4217
 1596 1597 4218
 1597 1598 4219
 1598 1599 4220
 1599 1600 4221
 1600 1601 4222
 1601 1602 4223
 1602 1603 4224
 1603 1604 4225
 1604 1605 4226
 1605 1606 4227
 1606 1607 4228
 2607 1608 4230
 1608 1609 4231
 1609 1610 4232
 1610 1611 4233
 1611 1612 4234
 1612 1613 4235
 1613 1614 4236
 1614 1615 4237
 1615 1616 4238
 1616 1617 4239
 1617 1618 4240
 1618 1619 4241
 1619 1620 4242
 1620 1621 4243
 1621 1622 4244
 1622 1623 4245
 1623 1624 4246
 1624 1625 4247
 1625 1626 4248
 1626 1627 4249
 1627 1628 4250
 1628 1629 4251
 1629 1630 4252
 1630 1631 4253
 1631 1632 4254
 1632 1633 4255
 1633 1634 4256
 1634 1635 4257
 1635 1636 4258
 1636 1637 4259
 1637 1638 4260
 1638 1639 4261
 1639 1640 4262
 1640 1641 4263
 1641 1642 4264
 2608 1643 4266
 1643 1644 4267
 1644 1645 4268
 1645 1646 4269
 1646 1647 4270
 1647 1648 4271
 1648 1649 4272
 1649 1650 4273
 1650 1651 4274
 1651 1652 4275
 1652 1653 4276
 1653 1654 4277
 1654 1655 4278
 1655 1656 4279
 1656 1657 4280
 1657 1658 4281
 1658 1659 4282
 1659 1660 4283
 1660 1661 4284
 1661 1662 4285
 1662 1663 4286
 1663 1664 4287
 1664 1665 4288
 1665 1666 4289
 1666 1667 4290
 1667 1668 4291
 1668 1669 4292
 1669 1670 4293
 1670 1671 4294
 1671 1672 4295
 1672 1673 4296
 1673 1674 4297
 1674 1675 4298
 1675 1676 4299
 2609 1677 4301
 1677 1678 4302
 1678 1679 4303
 1679 1680 4304
 1680 1681 4305
 1681 1682 4306
 1682 1683 4307
 1683 1684 4308
 1684 1685 4309
 1685 1686 4310
 1686 1687 4311
 1687 1688 4312
 1688 1689 4313
 1689 1690 4314
 1690 1691 4315
 1691 1692 4316
 1692 1693 4317
 1693 1694 4318
 1694 1695 4319
 1695 1696 4320
 1696 1697 4321
 1697 1698 4322
 1698 1699 4323
 1699 1700 4324
 1700 1701 4325
 1701 1702 4326
 1702 1703 4327
 1703 1704 4328
 1704 1705 4329
 1705 1706 4330
 1706 1707 4331
 1707 1708 4332
 1708 1709 4333
 1709 1710 5246
 2610 1711 4335
 1711 1712 4336
 1712 1713 4337
 1713 1714 4338
 1714 1715 4339
 1715 1716 4340
 1716 1717 4341
 1717 1718 4342
 1718 1719 4343
 1719 1720 4344
 1720 1721 4345
 1721 1722 4346
 1722 1723 4347
 1723 1724 4348
 1724 1725 4349
 1725 1726 4350
 1726 1727 4351
 1727 1728 4352
 1728 1729 4353
 1729 1730 4354
 1730 1731 4355
 1731 1732 4356
 1732 1733 4357
 1733 1734 4358
 1734 1735 4359
 1735 1736 4360
 1736 1737 4361
 1737 1738 4362
 1738 1739 4363
 1739 1740 4364
 1740 1741 4365
 1741 1742 4366
 1742 1743 4367
 2651 1744 4368
 1744 1745 4369
 1745 1746 4370
 1746 1747 4371
 1747 1748 4372
 1748 1749 4373
 1749 1750 4374
 1750 1751 4375
 1751 1752 4376
 1752 1753 4377
 1753 1754 4378
 1754 1755 4379
 1755 1756 4380
 1756 1757 4381
 1757 1758 4382
 1758 1759 4383
 1759 1760 4384
 1760 1761 4385
 1761 1762 4386
 1762 1763 4387
 1763 1764 4388
 1764 1765 4389
 1765 1766 4390
 1766 1767 4391
 1767 1768 4392
 1768 1769 4393
 1769 1770 4394
 1770 1771 4395
 1771 1772 4396
 1772 1773 4397
 1773 1774 4398
 1774 1775 4399
 1775 1776 4400
 2611 1777 4402
 1777 1778 4403
 1778 1779 4404
 1779 1780 4405
 1780 1781 4406
 1781 1782 4407
 1782 1783 4408
 1783 1784 4409
 1784 1785 4410
 1785 1786 4411
 1786 1787 4412
 1787 1788 4413
 1788 1789 4414
 1789 1790 4415
 1790 1791 4416
 1791 1792 4417
 1792 1793 4418
 1793 1794 4419
 1794 1795 4420
 1795 1796 4421
 1796 1797 4422
 1797 1798 4423
 1798 1799 4424
 1799 1800 4425
 1800 1801 4426
 1801 1802 4427
 1802 1803 4428
 1803 1804 4429
 1804 1805 4430
 1805 1806 4431
 1806 1807 4432
 1807 1808 4433
 2612 1809 4435
 1809 1810 4436
 1810 1811 4437
 1811 1812 4438
 1812 1813 4439
 1813 1814 4440
 1814 1815 4441
 1815 1816 4442
 1816 1817 4443
 1817 1818 4444
 1818 1819 4445
 1819 1820 4446
 1820 1821 4447
 1821 1822 4448
 1822 1823 4449
 1823 1824 4450
 1824 1825 4451
 1825 1826 4452
 1826 1827 4453
 1827 1828 4454
 1828 1829 4455
 1829 1830 4456
 1830 1831 4457
 1831 1832 4458
 1832 1833 4459
 1833 1834 4460
 1834 1835 4461
 1835 1836 4462
 1836 1837 4463
 1837 1838 4464
 1838 1839 4465
 1839 1840 5247
 2613 1841 4467
 1841 1842 4468
 1842 1843 4469
 1843 1844 4470
 1844 1845 4471
 1845 1846 4472
 1846 1847 4473
 1847 1848 4474
 1848 1849 4475
 1849 1850 4476
 1850 1851 4477
 1851 1852 4478
 1852 1853 4479
 1853 1854 4480
 1854 1855 4481
 1855 1856 4482
 1856 1857 4483
 1857 1858 4484
 1858 1859 4485
 1859 1860 4486
 1860 1861 4487
 1861 1862 4488
 1862 1863 4489
 1863 1864 4490
 1864 1865 4491
 1865 1866 4492
 1866 1867 4493
 1867 1868 4494
 1868 1869 4495
 1869 1870 4496
 1870 1871 4497
 2614 1872 4499
 1872 1873 4500
 1873 1874 4501
 1874 1875 4502
 1875 1876 4503
 1876 1877 4504
 1877 1878 4505
 1878 1879 4506
 1879 1880 4507
 1880 1881 4508
 1881 1882 4509
 1882 1883 4510
 1883 1884 4511
 1884 1885 4512
 1885 1886 4513
 1886 1887 4514
 1887 1888 4515
 1888 1889 4516
 1889 1890 4517
 1890 1891 4518
 1891 1892 4519
 1892 1893 4520
 1893 1894 4521
 1894 1895 4522
 1895 1896 4523
 1896 1897 4524
 1897 1898 4525
 1898 1899 4526
 1899 1900 4527
 1900 1901 4528
 2615 1902 4530
 1902 1903 4531
 1903 1904 4532
 1904 1905 4533
 1905 1906 4534
 1906 1907 4535
 1907 1908 4536
 1908 1909 4537
 1909 1910 4538
 1910 1911 4539
 1911 1912 4540
 1912 1913 4541
 1913 1914 4542
 1914 1915 4543
 1915 1916 4544
 1916 1917 4545
 1917 1918 4546
 1918 1919 4547
 1919 1920 4548
 1920 1921 4549
 1921 1922 4550
 1922 1923 4551
 1923 1924 4552
 1924 1925 4553
 1925 1926 4554
 1926 1927 4555
 1927 1928 4556
 1928 1929 4557
 1929 1930 4558
 2652 1931 4559
 1931 1932 4560
 1932 1933 4561
 1933 1934 4562
 1934 1935 4563
 1935 1936 4564
 1936 1937 4565
 1937 1938 4566
 1938 1939 4567
 1939 1940 4568
 1940 1941 4569
 1941 1942 4570
 1942 1943 4571
 1943 1944 4572
 1944 1945 4573
 1945 1946 4574
 1946 1947 4575
 1947 1948 4576
 1948 1949 4577
 1949 1950 4578
 1950 1951 4579
 1951 1952 4580
 1952 1953 4581
 1953 1954 4582
 1954 1955 4583
 1955 1956 4584
 1956 1957 4585
 1957 1958 4586
 1958 1959 4587
 2616 1960 4589
 1960 1961 4590
 1961 1962 4591
 1962 1963 4592
 1963 1964 4593
 1964 1965 4594
 1965 1966 4595
 1966 1967 4596
 1967 1968 4597
 1968 1969 4598
 1969 1970 4599
 1970 1971 4600
 1971 1972 4601
 1972 1973 4602
 1973 1974 4603
 1974 1975 4604
 1975 1976 4605
 1976 1977 4606
 1977 1978 4607
 1978 1979 4608
 1979 1980 4609
 1980 1981 4610
 1981 1982 4611
 1982 1983 4612
 1983 1984 4613
 1984 1985 4614
 1985 1986 4615
 1986 1987 4616
 1987 1988 5248
 2617 1989 4618
 1989 1990 4619
 1990 1991 4620
 1991 1992 4621
 1992 1993 4622
 1993 1994 4623
 1994 1995 4624
 1995 1996 4625
 1996 1997 4626
 1997 1998 4627
 1998 1999 4628
 1999 2000 4629
 2000 2001 4630
 2001 2002 4631
 2002 2003 4632
 2003 2004 4633
 2004 2005 4634
 2005 2006 4635
 2006 2007 4636
 2007 2008 4637
 2008 2009 4638
 2009 2010 4639
 2010 2011 4640
 2011 2012 4641
 2012 2013 4642
 2013 2014 4643
 2014 2015 4644
 2015 2016 4645
 2618 2017 4647
 2017 2018 4648
 2018 2019 4649
 2019 2020 4650
 2020 2021 4651
 2021 2022 4652
 2022 2023 4653
 2023 2024 4654
 2024 2025 4655
 2025 2026 4656
 2026 2027 4657
 2027 2028 4658
 2028 2029 4659
 2029 2030 4660
 2030 2031 4661
 2031 2032 4662
 2032 2033 4663
 2033 2034 4664
 2034 2035 4665
 2035 2036 4666
 2036 2037 4667
 2037 2038 4668
 2038 2039 4669
 2039 2040 4670
 2040 2041 4671
 2041 2042 4672
 2042 2043 4673
 2619 2044 4675
 2044 2045 4676
 2045 2046 4677
 2046 2047 4678
 2047 2048 4679
 2048 2049 4680
 2049 2050 4681
 2050 2051 4682
 2051 2052 4683
 2052 2053 4684
 2053 2054 4685
 2054 2055 4686
 2055 2056 4687
 2056 2057 4688
 2057 2058 4689
 2058 2059 4690
 2059 2060 4691
 2060 2061 4692
 2061 2062 4693
 2062 2063 4694
 2063 2064 4695
 2064 2065 4696
 2065 2066 4697
 2066 2067 4698
 2067 2068 4699
 2068 2069 4700
 2620 2070 4702
 2070 2071 4703
 2071 2072 4704
 2072 2073 4705
 2073 2074 4706
 2074 2075 4707
 2075 2076 4708
 2076 2077 4709
 2077 2078 4710
 2078 2079 4711
 2079 2080 4712
 2080 2081 4713
 2081 2082 4714
 2082 2083 4715
 2083 2084 4716
 2084 2085 4717
 2085 2086 4718
 2086 2087 4719
 2087 2088 4720
 2088 2089 4721
 2089 2090 4722
 2090 2091 4723
 2091 2092 4724
 2092 2093 4725
 2093 2094 4726
 2094 2095 5249
 2621 2096 4728
 2096 2097 4729
 2097 2098 4730
 2098 2099 4731
 2099 2100 4732
 2100 2101 4733
 2101 2102 4734
 2102 2103 4735
 2103 2104 4736
 2104 2105 4737
 2105 2106 4738
 2106 2107 4739
 2107 2108 4740
 2108 2109 4741
 2109 2110 4742
 2110 2111 4743
 2111 2112 4744
 2112 2113 4745
 2113 2114 4746
 2114 2115 4747
 2115 2116 4748
 2116 2117 4749
 2117 2118 4750
 2118 2119 4751
 2119 2120 4752
 2622 2121 4753
 2121 2122 4754
 2122 2123 4755
 2123 2124 4756
 2124 2125 4757
 2125 2126 4758
 2126 2127 4759
 2127 2128 4760
 2128 2129 4761
 2129 2130 4762
 2130 2131 4763
 2131 2132 4764
 2132 2133 4765
 2133 2134 4766
 2134 2135 4767
 2135 2136 4768
 2136 2137 4769
 2137 2138 4770
 2138 2139 4771
 2139 2140 4772
 2140 2141 4773
 2141 2142 4774
 2142 2143 4775
 2143 2144 4776
 2144 2145 4777
 2623 2146 4779
 2146 2147 4780
 2147 2148 4781
 2148 2149 4782
 2149 2150 4783
 2150 2151 4784
 2151 2152 4785
 2152 2153 4786
 2153 2154 4787
 2154 2155 4788
 2155 2156 4789
 2156 2157 4790
 2157 2158 4791
 2158 2159 4792
 2159 2160 4793
 2160 2161 4794
 2161 2162 4795
 2162 2163 4796
 2163 2164 4797
 2164 2165 4798
 2165 2166 4799
 2166 2167 4800
 2167 2168 4801
 2168 2169 4802
 2624 2170 4804
 2170 2171 4805
 2171 2172 4806
 2172 2173 4807
 2173 2174 4808
 2174 2175 4809
 2175 2176 4810
 2176 2177 4811
 2177 2178 4812
 2178 2179 4813
 2179 2180 4814
 2180 2181 4815
 2181 2182 4816
 2182 2183 4817
 2183 2184 4818
 2184 2185 4819
 2185 2186 4820
 2186 2187 4821
 2187 2188 4822
 2188 2189 4823
 2189 2190 4824
 2190 2191 4825
 2191 2192 4826
 2192 2193 5250
 2625 2194 4828
 2194 2195 4829
 2195 2196 4830
 2196 2197 4831
 2197 2198 4832
 2198 2199 4833
 2199 2200 4834
 2200 2201 4835
 2201 2202 4836
 2202 2203 4837
 2203 2204 4838
 2204 2205 4839
 2205 2206 4840
 2206 2207 4841
 2207 2208 4842
 2208 2209 4843
 2209 2210 4844
 2210 2211 4845
 2211 2212 4846
 2212 2213 4847
 2213 2214 4848
 2214 2215 4849
 2215 2216 4850
 2626 2217 4852
 2217 2218 4853
 2218 2219 4854
 2219 2220 4855
 2220 2221 4856
 2221 2222 4857
 2222 2223 4858
 2223 2224 4859
 2224 2225 4860
 2225 2226 4861
 2226 2227 4862
 2227 2228 4863
 2228 2229 4864
 2229 2230 4865
 2230 2231 4866
 2231 2232 4867
 2232 2233 4868
 2233 2234 4869
 2234 2235 4870
 2235 2236 4871
 2236 2237 4872
 2237 2238 4873
 2627 2239 4875
 2239 2240 4876
 2240 2241 4877
 2241 2242 4878
 2242 2243 4879
 2243 2244 4880
 2244 2245 4881
 2245 2246 4882
 2246 2247 4883
 2247 2248 4884
 2248 2249 4885
 2249 2250 4886
 2250 2251 4887
 2251 2252 4888
 2252 2253 4889
 2253 2254 4890
 2254 2255 4891
 2255 2256 4892
 2256 2257 4893
 2257 2258 4894
 2258 2259 4895
 2628 2260 4896
 2260 2261 4897
 2261 2262 4898
 2262 2263 4899
 2263 2264 4900
 2264 2265 4901
 2265 2266 4902
 2266 2267 4903
 2267 2268 4904
 2268 2269 4905
 2269 2270 4906
 2270 2271 4907
 2271 2272 4908
 2272 2273 4909
 2273 2274 4910
 2274 2275 4911
 2275 2276 4912
 2276 2277 4913
 2277 2278 4914
 2278 2279 4915
 2279 2280 4916
 2629 2281 4918
 2281 2282 4919
 2282 2283 4920
 2283 2284 4921
 2284 2285 4922
 2285 2286 4923
 2286 2287 4924
 2287 2288 4925
 2288 2289 4926
 2289 2290 4927
 2290 2291 4928
 2291 2292 4929
 2292 2293 4930
 2293 2294 4931
 2294 2295 4932
 2295 2296 4933
 2296 2297 4934
 2297 2298 4935
 2298 2299 4936
 2299 2300 4937
 2300 2301 5251
 2630 2302 4939
 2302 2303 4940
 2303 2304 4941
 2304 2305 4942
 2305 2306 4943
 2306 2307 4944
 2307 2308 4945
 2308 2309 4946
 2309 2310 4947
 2310 2311 4948
 2311 2312 4949
 2312 2313 4950
 2313 2314 4951
 2314 2315 4952
 2315 2316 4953
 2316 2317 4954
 2317 2318 4955
 2318 2319 4956
 2319 2320 4957
 2320 2321 4958
 2631 2322 4960
 2322 2323 4961
 2323 2324 4962
 2324 2325 4963
 2325 2326 4964
 2326 2327 4965
 2327 2328 4966
 2328 2329 4967
 2329 2330 4968
 2330 2331 4969
 2331 2332 4970
 2332 2333 4971
 2333 2334 4972
 2334 2335 4973
 2335 2336 4974
 2336 2337 4975
 2337 2338 4976
 2338 2339 4977
 2339 2340 4978
 2632 2341 4980
 2341 2342 4981
 2342 2343 4982
 2343 2344 4983
 2344 2345 4984
 2345 2346 4985
 2346 2347 4986
 2347 2348 4987
 2348 2349 4988
 2349 2350 4989
 2350 2351 4990
 2351 2352 4991
 2352 2353 4992
 2353 2354 4993
 2354 2355 4994
 2355 2356 4995
 2356 2357 4996
 2357 2358 4997
 2633 2359 4999
 2359 2360 5000
 2360 2361 5001
 2361 2362 5002
 2362 2363 5003
 2363 2364 5004
 2364 2365 5005
 2365 2366 5006
 2366 2367 5007
 2367 2368 5008
 2368 2369 5009
 2369 2370 5010
 2370 2371 5011
 2371 2372 5012
 2372 2373 5013
 2373 2374 5014
 2374 2375 5015
 2375 2376 5252
 2653 2377 5016
 2377 2378 5017
 2378 2379 5018
 2379 2380 5019
 2380 2381 5020
 2381 2382 5021
 2382 2383 5022
 2383 2384 5023
 2384 2385 5024
 2385 2386 5025
 2386 2387 5026
 2387 2388 5027
 2388 2389 5028
 2389 2390 5029
 2390 2391 5030
 2391 2392 5031
 2392 2393 5032
 2393 2394 5033
 2634 2395 5035
 2395 2396 5036
 2396 2397 5037
 2397 2398 5038
 2398 2399 5039
 2399 2400 5040
 2400 2401 5041
 2401 2402 5042
 2402 2403 5043
 2403 2404 5044
 2404 2405 5045
 2405 2406 5046
 2406 2407 5047
 2407 2408 5048
 2408 2409 5049
 2409 2410 5050
 2410 2411 5051
 2635 2412 5053
 2412 2413 5054
 2413 2414 5055
 2414 2415 5056
 2415 2416 5057
 2416 2417 5058
 2417 2418 5059
 2418 2419 5060
 2419 2420 5061
 2420 2421 5062
 2421 2422 5063
 2422 2423 5064
 2423 2424 5065
 2424 2425 5066
 2425 2426 5067
 2426 2427 5068
 2636 2428 5070
 2428 2429 5071
 2429 2430 5072
 2430 2431 5073
 2431 2432 5074
 2432 2433 5075
 2433 2434 5076
 2434 2435 5077
 2435 2436 5078
 2436 2437 5079
 2437 2438 5080
 2438 2439 5081
 2439 2440 5082
 2440 2441 5083
 2441 2442 5084
 2442 2443 5253
 2637 2444 5086
 2444 2445 5087
 2445 2446 5088
 2446 2447 5089
 2447 2448 5090
 2448 2449 5091
 2449 2450 5092
 2450 2451 5093
 2451 2452 5094
 2452 2453 5095
 2453 2454 5096
 2454 2455 5097
 2455 2456 5098
 2456 2457 5099
 2457 2458 5100
 2638 2459 5102
 2459 2460 5103
 2460 2461 5104
 2461 2462 5105
 2462 2463 5106
 2463 2464 5107
 2464 2465 5108
 2465 2466 5109
 2466 2467 5110
 2467 2468 5111
 2468 2469 5112
 2469 2470 5113
 2470 2471 5114
 2471 2472 5115
 2654 2473 5116
 2473 2474 5117
 2474 2475 5118
 2475 2476 5119
 2476 2477 5120
 2477 2478 5121
 2478 2479 5122
 2479 2480 5123
 2480 2481 5124
 2481 2482 5125
 2482 2483 5126
 2483 2484 5127
 2484 2485 5128
 2485 2486 5129
 2639 2487 5131
 2487 2488 5132
 2488 2489 5133
 2489 2490 5134
 2490 2491 5135
 2491 2492 5136
 2492 2493 5137
 2493 2494 5138
 2494 2495 5139
 2495 2496 5140
 2496 2497 5141
 2497 2498 5142
 2498 2499 5143
 2499 2500 5254
 2640 2501 5145
 2501 2502 5146
 2502 2503 5147
 2503 2504 5148
 2504 2505 5149
 2505 2506 5150
 2506 2507 5151
 2507 2508 5152
 2508 2509 5153
 2509 2510 5154
 2510 2511 5155
 2511 2512 5156
 2512 2513 5157
 2641 2514 5159
 2514 2515 5160
 2515 2516 5161
 2516 2517 5162
 2517 2518 5163
 2518 2519 5164
 2519 2520 5165
 2520 2521 5166
 2521 2522 5167
 2522 2523 5168
 2523 2524 5169
 2524 2525 5170
 2642 2526 5172
 2526 2527 5173
 2527 2528 5174
 2528 2529 5175
 2529 2530 5176
 2530 2531 5177
 2531 2532 5178
 2532 2533 5179
 2533 2534 5180
 2534 2535 5181
 2535 2536 5182
 2643 2537 5184
 2537 2538 5185
 2538 2539 5186
 2539 2540 5187
 2540 2541 5188
 2541 2542 5189
 2542 2543 5190
 2543 2544 5191
 2544 2545 5192
 2545 2546 5193
 2655 2547 5194
 2547 2548 5195
 2548 2549 5196
 2549 2550 5197
 2550 2551 5198
 2551 2552 5199
 2552 2553 5200
 2553 2554 5201
 2554 2555 5202
 2555 2556 5203
 2556 2557 5255
 2644 2558 5205
 2558 2559 5206
 2559 2560 5207
 2560 2561 5208
 2561 2562 5209
 2562 2563 5210
 2563 2564 5211
 2564 2565 5212
 2565 2566 5213
 2566 2567 5214
 2645 2568 5216
 2568 2569 5217
 2569 2570 5218
 2570 2571 5219
 2571 2572 5220
 2572 2573 5221
 2573 2574 5222
 2574 2575 5223
 2575 2576 5224
 2656 2647 2657
 0 56 2658
 1 57 2659
 2 58 2660
 3 59 2661
 4 60 2662
 5 61 2663
 6 62 2664
 7 63 2665
 8 64 2666
 9 65 2667
 10 66 2668
 11 67 2669
 12 68 2670
 13 69 2671
 14 70 2672
 15 71 2673
 16 72 2674
 17 73 2675
 18 74 2676
 19 75 2677
 20 76 2678
 21 77 2679
 22 78 2680
 23 79 2681
 24 80 2682
 25 81 2683
 26 82 2684
 27 83 2685
 28 84 2686
 29 85 2687
 30 86 2688
 31 87 2689
 32 88 2690
 33 89 2691
 34 90 2692
 35 91 2693
 36 92 2694
 37 93 2695
 38 94 2696
 39 95 2697
 40 96 2698
 41 97 2699
 42 98 2700
 43 99 2701
 44 100 2702
 45 101 2703
 46 102 2704
 47 103 2705
 48 104 2706
 49 105 2707
 50 106 2708
 51 107 2709
 52 108 2710
 53 109 2711
 54 110 2712
 55 111 5256
 56 2577 2714
 57 112 2715
 58 113 2716
 59 114 2717
 60 115 2718
 61 116 2719
 62 117 2720
 63 118 2721
 64 119 2722
 65 120 2723
 66 121 2724
 67 122 2725
 68 123 2726
 69 124 2727
 70 125 2728
 71 126 2729
 72 127 2730
 73 128 2731
 74 129 2732
 75 130 2733
 76 131 2734
 77 132 2735
 78 133 2736
 79 134 2737
 80 135 2738
 81 136 2739
 82 137 2740
 83 138 2741
 84 139 2742
 85 140 2743
 86 141 2744
 87 142 2745
 88 143 2746
 89 144 2747
 90 145 2748
 91 146 2749
 92 147 2750
 93 148 2751
 94 149 2752
 95 150 2753
 96 151 2754
 97 152 2755
 98 153 2756
 99 154 2757
 100 155 2758
 101 156 2759
 102 157 2760
 103 158 2761
 104 159 2762
 105 160 2763
 106 161 2764
 107 162 2765
 108 163 2766
 109 164 2767
 110 165 2768
 111 166 5257
 112 2578 2770
 113 167 2771
 114 168 2772
 115 169 2773
 116 170 2774
 117 171 2775
 118 172 2776
 119 173 2777
 120 174 2778
 121 175 2779
 122 176 2780
 123 177 2781
 124 178 2782
 125 179 2783
 126 180 2784
 127 181 2785
 128 182 2786
 129 183 2787
 130 184 2788
 131 185 2789
 132 186 2790
 133 187 2791
 134 188 2792
 135 189 2793
 136 190 2794
 137 191 2795
 138 192 2796
 139 193 2797
 140 194 2798
 141 195 2799
 142 196 2800
 143 197 2801
 144 198 2802
 145 199 2803
 146 200 2804
 147 201 2805
 148 202 2806
 149 203 2807
 150 204 2808
 151 205 2809
 152 206 2810
 153 207 2811
 154 208 2812
 155 209 2813
 156 210 2814
 157 211 2815
 158 212 2816
 159 213 2817
 160 214 2818
 161 215 2819
 162 216 2820
 163 217 2821
 164 218 2822
 165 219 2823
 166 220 5238
 167 2579 2825
 168 222 2826
 169 223 2827
 170 224 2828
 171 225 2829
 172 226 2830
 173 227 2831
 174 228 2832
 175 229 2833
 176 230 2834
 177 231 2835
 178 232 2836
 179 233 2837
 180 234 2838
 181 235 2839
 182 236 2840
 183 237 2841
 184 238 2842
 185 239 2843
 186 240 2844
 187 241 2845
 188 242 2846
 189 243 2847
 190 244 2848
 191 245 2849
 192 246 2850
 193 247 2851
 194 248 2852
 195 249 2853
 196 250 2854
 197 251 2855
 198 252 2856
 199 253 2857
 200 254 2858
 201 255 2859
 202 256 2860
 203 257 2861
 204 258 2862
 205 259 2863
 206 260 2864
 207 261 2865
 208 262 2866
 209 263 2867
 210 264 2868
 211 265 2869
 212 266 2870
 213 267 2871
 214 268 2872
 215 269 2873
 216 270 2874
 217 271 2875
 218 272 2876
 219 273 2877
 220 274 2878
 222 2580 2880
 223 276 2881
 224 277 2882
 225 278 2883
 226 279 2884
 227 280 2885
 228 281 2886
 229 282 2887
 230 283 2888
 231 284 2889
 232 285 2890
 233 286 2891
 234 287 2892
 235 288 2893
 236 289 2894
 237 290 2895
 238 291 2896
 239 292 2897
 240 293 2898
 241 294 2899
 242 295 2900
 243 296 2901
 244 297 2902
 245 298 2903
 246 299 2904
 247 300 2905
 248 301 2906
 249 302 2907
 250 303 2908
 251 304 2909
 252 305 2910
 253 306 2911
 254 307 2912
 255 308 2913
 256 309 2914
 257 310 2915
 258 311 2916
 259 312 2917
 260 313 2918
 261 314 2919
 262 315 2920
 263 316 2921
 264 317 2922
 265 318 2923
 266 319 2924
 267 320 2925
 268 321 2926
 269 322 2927
 270 323 2928
 271 324 2929
 272 325 2930
 273 326 2931
 274 327 2932
 276 2581 2934
 277 329 2935
 278 330 2936
 279 331 2937
 280 332 2938
 281 333 2939
 282 334 2940
 283 335 2941
 284 336 2942
 285 337 2943
 286 338 2944
 287 339 2945
 288 340 2946
 289 341 2947
 290 342 2948
 291 343 2949
 292 344 2950
 293 345 2951
 294 346 2952
 295 347 2953
 296 348 2954
 297 349 2955
 298 350 2956
 299 351 2957
 300 352 2958
 301 353 2959
 302 354 2960
 303 355 2961
 304 356 2962
 305 357 2963
 306 358 2964
 307 359 2965
 308 360 2966
 309 361 2967
 310 362 2968
 311 363 2969
 312 364 2970
 313 365 2971
 314 366 2972
 315 367 2973
 316 368 2974
 317 369 2975
 318 370 2976
 319 371 2977
 320 372 2978
 321 373 2979
 322 374 2980
 323 375 2981
 324 376 2982
 325 377 2983
 326 378 2984
 327 379 2985
 328 380 5258
 329 2582 2987
 330 381 2988
 331 382 2989
 332 383 2990
 333 384 2991
 334 385 2992
 335 386 2993
 336 387 2994
 337 388 2995
 338 389 2996
 339 390 2997
 340 391 2998
 341 392 2999
 342 393 3000
 343 394 3001
 344 395 3002
 345 396 3003
 346 397 3004
 347 398 3005
 348 399 3006
 349 400 3007
 350 401 3008
 351 402 3009
 352 403 3010
 353 404 3011
 354 405 3012
 355 406 3013
 356 407 3014
 357 408 3015
 358 409 3016
 359 410 3017
 360 411 3018
 361 412 3019
 362 413 3020
 363 414 3021
 364 415 3022
 365 416 3023
 366 417 3024
 367 418 3025
 368 419 3026
 369 420 3027
 370 421 3028
 371 422 3029
 372 423 3030
 373 424 3031
 374 425 3032
 375 426 3033
 376 427 3034
 377 428 3035
 378 429 3036
 379 430 3037
 380 431 5239
 2582 2648 3038
 381 433 3039
 382 434 3040
 383 435 3041
 384 436 3042
 385 437 3043
 386 438 3044
 387 439 3045
 388 440 3046
 389 441 3047
 390 442 3048
 391 443 3049
 392 444 3050
 393 445 3051
 394 446 3052
 395 447 3053
 396 448 3054
 397 449 3055
 398 450 3056
 399 451 3057
 400 452 3058
 401 453 3059
 402 454 3060
 403 455 3061
 404 456 3062
 405 457 3063
 406 458 3064
 407 459 3065
 408 460 3066
 409 461 3067
 410 462 3068
 411 463 3069
 412 464 3070
 413 465 3071
 414 466 3072
 415 467 3073
 416 468 3074
 417 469 3075
 418 470 3076
 419 471 3077
 420 472 3078
 421 473 3079
 422 474 3080
 423 475 3081
 424 476 3082
 425 477 3083
 426 478 3084
 427 479 3085
 428 480 3086
 429 481 3087
 430 482 3088
 431 483 3089
 433 2583 3091
 434 485 3092
 435 486 3093
 436 487 3094
 437 488 3095
 438 489 3096
 439 490 3097
 440 491 3098
 441 492 3099
 442 493 3100
 443 494 3101
 444 495 3102
 445 496 3103
 446 497 3104
 447 498 3105
 448 499 3106
 449 500 3107
 450 501 3108
 451 502 3109
 452 503 3110
 453 504 3111
 454 505 3112
 455 506 3113
 456 507 3114
 457 508 3115
 458 509 3116
 459 510 3117
 460 511 3118
 461 512 3119
 462 513 3120
 463 514 3121
 464 515 3122
 465 516 3123
 466 517 3124
 467 518 3125
 468 519 3126
 469 520 3127
 470 521 3128
 471 522 3129
 472 523 3130
 473 524 3131
 474 525 3132
 475 526 3133
 476 527 3134
 477 528 3135
 478 529 3136
 479 530 3137
 480 531 3138
 481 532 3139
 482 533 3140
 483 534 3141
 485 2584 3143
 486 536 3144
 487 537 3145
 488 538 3146
 489 539 3147
 490 540 3148
 491 541 3149
 492 542 3150
 493 543 3151
 494 544 3152
 495 545 3153
 496 546 3154
 497 547 3155
 498 548 3156
 499 549 3157
 500 550 3158
 501 551 3159
 502 552 3160
 503 553 3161
 504 554 3162
 505 555 3163
 506 556 3164
 507 557 3165
 508 558 3166
 509 559 3167
 510 560 3168
 511 561 3169
 512 562 3170
 513 563 3171
 514 564 3172
 515 565 3173
 516 566 3174
 517 567 3175
 518 568 3176
 519 569 3177
 520 570 3178
 521 571 3179
 522 572 3180
 523 573 3181
 524 574 3182
 525 575 3183
 526 576 3184
 527 577 3185
 528 578 3186
 529 579 3187
 530 580 3188
 531 581 3189
 532 582 3190
 533 583 3191
 534 584 3192
 535 585 5259
 536 2585 3194
 537 586 3195
 538 587 3196
 539 588 3197
 540 589 3198
 541 590 3199
 542 591 3200
 543 592 3201
 544 593 3202
 545 594 3203
 546 595 3204
 547 596 3205
 548 597 3206
 549 598 3207
 550 599 3208
 551 600 3209
 552 601 3210
 553 602 3211
 554 603 3212
 555 604 3213
 556 605 3214
 557 606 3215
 558 607 3216
 559 608 3217
 560 609 3218
 561 610 3219
 562 611 3220
 563 612 3221
 564 613 3222
 565 614 3223
 566 615 3224
 567 616 3225
 568 617 3226
 569 618 3227
 570 619 3228
 571 620 3229
 572 621 3230
 573 622 3231
 574 623 3232
 575 624 3233
 576 625 3234
 577 626 3235
 578 627 3236
 579 628 3237
 580 629 3238
 581 630 3239
 582 631 3240
 583 632 3241
 584 633 3242
 585 634 5260
 586 2586 3244
 587 635 3245
 588 636 3246
 589 637 3247
 590 638 3248
 591 639 3249
 592 640 3250
 593 641 3251
 594 642 3252
 595 643 3253
 596 644 3254
 597 645 3255
 598 646 3256
 599 647 3257
 600 648 3258
 601 649 3259
 602 650 3260
 603 651 3261
 604 652 3262
 605 653 3263
 606 654 3264
 607 655 3265
 608 656 3266
 609 657 3267
 610 658 3268
 611 659 3269
 612 660 3270
 613 661 3271
 614 662 3272
 615 663 3273
 616 664 3274
 617 665 3275
 618 666 3276
 619 667 3277
 620 668 3278
 621 669 3279
 622 670 3280
 623 671 3281
 624 672 3282
 625 673 3283
 626 674 3284
 627 675 3285
 628 676 3286
 629 677 3287
 630 678 3288
 631 679 3289
 632 680 3290
 633 681 3291
 634 682 5240
 635 2587 3293
 636 684 3294
 637 685 3295
 638 686 3296
 639 687 3297
 640 688 3298
 641 689 3299
 642 690 3300
 643 691 3301
 644 692 3302
 645 693 3303
 646 694 3304
 647 695 3305
 648 696 3306
 649 697 3307
 650 698 3308
 651 699 3309
 652 700 3310
 653 701 3311
 654 702 3312
 655 703 3313
 656 704 3314
 657 705 3315
 658 706 3316
 659 707 3317
 660 708 3318
 661 709 3319
 662 710 3320
 663 711 3321
 664 712 3322
 665 713 3323
 666 714 3324
 667 715 3325
 668 716 3326
 669 717 3327
 670 718 3328
 671 719 3329
 672 720 3330
 673 721 3331
 674 722 3332
 675 723 3333
 676 724 3334
 677 725 3335
 678 726 3336
 679 727 3337
 680 728 3338
 681 729 3339
 682 730 3340
 2587 2649 3341
 684 732 3342
 685 733 3343
 686 734 3344
 687 735 3345
 688 736 3346
 689 737 3347
 690 738 3348
 691 739 3349
 692 740 3350
 693 741 3351
 694 742 3352
 695 743 3353
 696 744 3354
 697 745 3355
 698 746 3356
 699 747 3357
 700 748 3358
 701 749 3359
 702 750 3360
 703 751 3361
 704 752 3362
 705 753 3363
 706 754 3364
 707 755 3365
 708 756 3366
 709 757 3367
 710 758 3368
 711 759 3369
 712 760 3370
 713 761 3371
 714 762 3372
 715 763 3373
 716 764 3374
 717 765 3375
 718 766 3376
 719 767 3377
 720 768 3378
 721 769 3379
 722 770 3380
 723 771 3381
 724 772 3382
 725 773 3383
 726 774 3384
 727 775 3385
 728 776 3386
 729 777 3387
 730 778 3388
 731 779 5261
 732 2588 3390
 733 780 3391
 734 781 3392
 735 782 3393
 736 783 3394
 737 784 3395
 738 785 3396
 739 786 3397
 740 787 3398
 741 788 3399
 742 789 3400
 743 790 3401
 744 791 3402
 745 792 3403
 746 793 3404
 747 794 3405
 748 795 3406
 749 796 3407
 750 797 3408
 751 798 3409
 752 799 3410
 753 800 3411
 754 801 3412
 755 802 3413
 756 803 3414
 757 804 3415
 758 805 3416
 759 806 3417
 760 807 3418
 761 808 3419
 762 809 3420
 763 810 3421
 764 811 3422
 765 812 3423
 766 813 3424
 767 814 3425
 768 815 3426
 769 816 3427
 770 817 3428
 771 818 3429
 772 819 3430
 773 820 3431
 774 821 3432
 775 822 3433
 776 823 3434
 777 824 3435
 778 825 3436
 779 826 5262
 780 2589 3438
 781 827 3439
 782 828 3440
 783 829 3441
 784 830 3442
 785 831 3443
 786 832 3444
 787 833 3445
 788 834 3446
 789 835 3447
 790 836 3448
 791 837 3449
 792 838 3450
 793 839 3451
 794 840 3452
 795 841 3453
 796 842 3454
 797 843 3455
 798 844 3456
 799 845 3457
 800 846 3458
 801 847 3459
 802 848 3460
 803 849 3461
 804 850 3462
 805 851 3463
 806 852 3464
 807 853 3465
 808 854 3466
 809 855 3467
 810 856 3468
 811 857 3469
 812 858 3470
 813 859 3471
 814 860 3472
 815 861 3473
 816 862 3474
 817 863 3475
 818 864 3476
 819 865 3477
 820 866 3478
 821 867 3479
 822 868 3480
 823 869 3481
 824 870 3482
 825 871 3483
 826 872 5241
 827 2590 3485
 828 874 3486
 829 875 3487
 830 876 3488
 831 877 3489
 832 878 3490
 833 879 3491
 834 880 3492
 835 881 3493
 836 882 3494
 837 883 3495
 838 884 3496
 839 885 3497
 840 886 3498
 841 887 3499
 842 888 3500
 843 889 3501
 844 890 3502
 845 891 3503
 846 892 3504
 847 893 3505
 848 894 3506
 849 895 3507
 850 896 3508
 851 897 3509
 852 898 3510
 853 899 3511
 854 900 3512
 855 901 3513
 856 902 3514
 857 903 3515
 858 904 3516
 859 905 3517
 860 906 3518
 861 907 3519
 862 908 3520
 863 909 3521
 864 910 3522
 865 911 3523
 866 912 3524
 867 913 3525
 868 914 3526
 869 915 3527
 870 916 3528
 871 917 3529
 872 918 3530
 874 2591 3532
 875 920 3533
 876 921 3534
 877 922 3535
 878 923 3536
 879 924 3537
 880 925 3538
 881 926 3539
 882 927 3540
 883 928 3541
 884 929 3542
 885 930 3543
 886 931 3544
 887 932 3545
 888 933 3546
 889 934 3547
 890 935 3548
 891 936 3549
 892 937 3550
 893 938 3551
 894 939 3552
 895 940 3553
 896 941 3554
 897 942 3555
 898 943 3556
 899 944 3557
 900 945 3558
 901 946 3559
 902 947 3560
 903 948 3561
 904 949 3562
 905 950 3563
 906 951 3564
 907 952 3565
 908 953 3566
 909 954 3567
 910 955 3568
 911 956 3569
 912 957 3570
 913 958 3571
 914 959 3572
 915 960 3573
 916 961 3574
 917 962 3575
 918 963 3576
 920 2592 3578
 921 965 3579
 922 966 3580
 923 967 3581
 924 968 3582
 925 969 3583
 926 970 3584
 927 971 3585
 928 972 3586
 929 973 3587
 930 974 3588
 931 975 3589
 932 976 3590
 933 977 3591
 934 978 3592
 935 979 3593
 936 980 3594
 937 981 3595
 938 982 3596
 939 983 3597
 940 984 3598
 941 985 3599
 942 986 3600
 943 987 3601
 944 988 3602
 945 989 3603
 946 990 3604
 947 991 3605
 948 992 3606
 949 993 3607
 950 994 3608
 951 995 3609
 952 996 3610
 953 997 3611
 954 998 3612
 955 999 3613
 956 1000 3614
 957 1001 3615
 958 1002 3616
 959 1003 3617
 960 1004 3618
 961 1005 3619
 962 1006 3620
 963 1007 3621
 964 1008 5263
 2592 2650 3622
 965 1009 3623
 966 1010 3624
 967 1011 3625
 968 1012 3626
 969 1013 3627
 970 1014 3628
 971 1015 3629
 972 1016 3630
 973 1017 3631
 974 1018 3632
 975 1019 3633
 976 1020 3634
 977 1021 3635
 978 1022 3636
 979 1023 3637
 980 1024 3638
 981 1025 3639
 982 1026 3640
 983 1027 3641
 984 1028 3642
 985 1029 3643
 986 1030 3644
 987 1031 3645
 988 1032 3646
 989 1033 3647
 990 1034 3648
 991 1035 3649
 992 1036 3650
 993 1037 3651
 994 1038 3652
 995 1039 3653
 996 1040 3654
 997 1041 3655
 998 1042 3656
 999 1043 3657
 1000 1044 3658
 1001 1045 3659
 1002 1046 3660
 1003 1047 3661
 1004 1048 3662
 1005 1049 3663
 1006 1050 3664
 1007 1051 3665
 1008 1052 5242
 1009 2593 3667
 1010 1054 3668
 1011 1055 3669
 1012 1056 3670
 1013 1057 3671
 1014 1058 3672
 1015 1059 3673
 1016 1060 3674
 1017 1061 3675
 1018 1062 3676
 1019 1063 3677
 1020 1064 3678
 1021 1065 3679
 1022 1066 3680
 1023 1067 3681
 1024 1068 3682
 1025 1069 3683
 1026 1070 3684
 1027 1071 3685
 1028 1072 3686
 1029 1073 3687
 1030 1074 3688
 1031 1075 3689
 1032 1076 3690
 1033 1077 3691
 1034 1078 3692
 1035 1079 3693
 1036 1080 3694
 1037 1081 3695
 1038 1082 3696
 1039 1083 3697
 1040 1084 3698
 1041 1085 3699
 1042 1086 3700
 1043 1087 3701
 1044 1088 3702
 1045 1089 3703
 1046 1090 3704
 1047 1091 3705
 1048 1092 3706
 1049 1093 3707
 1050 1094 3708
 1051 1095 3709
 1052 1096 3710
 1054 2594 3712
 1055 1098 3713
 1056 1099 3714
 1057 1100 3715
 1058 1101 3716
 1059 1102 3717
 1060 1103 3718
 1061 1104 3719
 1062 1105 3720
 1063 1106 3721
 1064 1107 3722
 1065 1108 3723
 1066 1109 3724
 1067 1110 3725
 1068 1111 3726
 1069 1112 3727
 1070 1113 3728
 1071 1114 3729
 1072 1115 3730
 1073 1116 3731
 1074 1117 3732
 1075 1118 3733
 1076 1119 3734
 1077 1120 3735
 1078 1121 3736
 1079 1122 3737
 1080 1123 3738
 1081 1124 3739
 1082 1125 3740
 1083 1126 3741
 1084 1127 3742
 1085 1128 3743
 1086 1129 3744
 1087 1130 3745
 1088 1131 3746
 1089 1132 3747
 1090 1133 3748
 1091 1134 3749
 1092 1135 3750
 1093 1136 3751
 1094 1137 3752
 1095 1138 3753
 1096 1139 3754
 1098 2595 3756
 1099 1141 3757
 1100 1142 3758
 1101 1143 3759
 1102 1144 3760
 1103 1145 3761
 1104 1146 3762
 1105 1147 3763
 1106 1148 3764
 1107 1149 3765
 1108 1150 3766
 1109 1151 3767
 1110 1152 3768
 1111 1153 3769
 1112 1154 3770
 1113 1155 3771
 1114 1156 3772
 1115 1157 3773
 1116 1158 3774
 1117 1159 3775
 1118 1160 3776
 1119 1161 3777
 1120 1162 3778
 1121 1163 3779
 1122 1164 3780
 1123 1165 3781
 1124 1166 3782
 1125 1167 3783
 1126 1168 3784
 1127 1169 3785
 1128 1170 3786
 1129 1171 3787
 1130 1172 3788
 1131 1173 3789
 1132 1174 3790
 1133 1175 3791
 1134 1176 3792
 1135 1177 3793
 1136 1178 3794
 1137 1179 3795
 1138 1180 3796
 1139 1181 3797
 1140 1182 5264
 1141 2596 3799
 1142 1183 3800
 1143 1184 3801
 1144 1185 3802
 1145 1186 3803
 1146 1187 3804
 1147 1188 3805
 1148 1189 3806
 1149 1190 3807
 1150 1191 3808
 1151 1192 3809
 1152 1193 3810
 1153 1194 3811
 1154 1195 3812
 1155 1196 3813
 1156 1197 3814
 1157 1198 3815
 1158 1199 3816
 1159 1200 3817
 1160 1201 3818
 1161 1202 3819
 1162 1203 3820
 1163 1204 3821
 1164 1205 3822
 1165 1206 3823
 1166 1207 3824
 1167 1208 3825
 1168 1209 3826
 1169 1210 3827
 1170 1211 3828
 1171 1212 3829
 1172 1213 3830
 1173 1214 3831
 1174 1215 3832
 1175 1216 3833
 1176 1217 3834
 1177 1218 3835
 1178 1219 3836
 1179 1220 3837
 1180 1221 3838
 1181 1222 3839
 1182 1223 5243
 1183 2597 3841
 1184 1225 3842
 1185 1226 3843
 1186 1227 3844
 1187 1228 3845
 1188 1229 3846
 1189 1230 3847
 1190 1231 3848
 1191 1232 3849
 1192 1233 3850
 1193 1234 3851
 1194 1235 3852
 1195 1236 3853
 1196 1237 3854
 1197 1238 3855
 1198 1239 3856
 1199 1240 3857
 1200 1241 3858
 1201 1242 3859
 1202 1243 3860
 1203 1244 3861
 1204 1245 3862
 1205 1246 3863
 1206 1247 3864
 1207 1248 3865
 1208 1249 3866
 1209 1250 3867
 1210 1251 3868
 1211 1252 3869
 1212 1253 3870
 1213 1254 3871
 1214 1255 3872
 1215 1256 3873
 1216 1257 3874
 1217 1258 3875
 1218 1259 3876
 1219 1260 3877
 1220 1261 3878
 1221 1262 3879
 1222 1263 3880
 1223 1264 3881
 1225 2598 3883
 1226 1266 3884
 1227 1267 3885
 1228 1268 3886
 1229 1269 3887
 1230 1270 3888
 1231 1271 3889
 1232 1272 3890
 1233 1273 3891
 1234 1274 3892
 1235 1275 3893
 1236 1276 3894
 1237 1277 3895
 1238 1278 3896
 1239 1279 3897
 1240 1280 3898
 1241 1281 3899
 1242 1282 3900
 1243 1283 3901
 1244 1284 3902
 1245 1285 3903
 1246 1286 3904
 1247 1287 3905
 1248 1288 3906
 1249 1289 3907
 1250 1290 3908
 1251 1291 3909
 1252 1292 3910
 1253 1293 3911
 1254 1294 3912
 1255 1295 3913
 1256 1296 3914
 1257 1297 3915
 1258 1298 3916
 1259 1299 3917
 1260 1300 3918
 1261 1301 3919
 1262 1302 3920
 1263 1303 3921
 1264 1304 3922
 2598 2599 3923
 1266 1306 3924
 1267 1307 3925
 1268 1308 3926
 1269 1309 3927
 1270 1310 3928
 1271 1311 3929
 1272 1312 3930
 1273 1313 3931
 1274 1314 3932
 1275 1315 3933
 1276 1316 3934
 1277 1317 3935
 1278 1318 3936
 1279 1319 3937
 1280 1320 3938
 1281 1321 3939
 1282 1322 3940
 1283 1323 3941
 1284 1324 3942
 1285 1325 3943
 1286 1326 3944
 1287 1327 3945
 1288 1328 3946
 1289 1329 3947
 1290 1330 3948
 1291 1331 3949
 1292 1332 3950
 1293 1333 3951
 1294 1334 3952
 1295 1335 3953
 1296 1336 3954
 1297 1337 3955
 1298 1338 3956
 1299 1339 3957
 1300 1340 3958
 1301 1341 3959
 1302 1342 3960
 1303 1343 3961
 1304 1344 3962
 1305 1345 5265
 1306 2600 3964
 1307 1346 3965
 1308 1347 3966
 1309 1348 3967
 1310 1349 3968
 1311 1350 3969
 1312 1351 3970
 1313 1352 3971
 1314 1353 3972
 1315 1354 3973
 1316 1355 3974
 1317 1356 3975
 1318 1357 3976
 1319 1358 3977
 1320 1359 3978
 1321 1360 3979
 1322 1361 3980
 1323 1362 3981
 1324 1363 3982
 1325 1364 3983
 1326 1365 3984
 1327 1366 3985
 1328 1367 3986
 1329 1368 3987
 1330 1369 3988
 1331 1370 3989
 1332 1371 3990
 1333 1372 3991
 1334 1373 3992
 1335 1374 3993
 1336 1375 3994
 1337 1376 3995
 1338 1377 3996
 1339 1378 3997
 1340 1379 3998
 1341 1380 3999
 1342 1381 4000
 1343 1382 4001
 1344 1383 4002
 1345 1384 5266
 1346 2601 4004
 1347 1385 4005
 1348 1386 4006
 1349 1387 4007
 1350 1388 4008
 1351 1389 4009
 1352 1390 4010
 1353 1391 4011
 1354 1392 4012
 1355 1393 4013
 1356 1394 4014
 1357 1395 4015
 1358 1396 4016
 1359 1397 4017
 1360 1398 4018
 1361 1399 4019
 1362 1400 4020
 1363 1401 4021
 1364 1402 4022
 1365 1403 4023
 1366 1404 4024
 1367 1405 4025
 1368 1406 4026
 1369 1407 4027
 1370 1408 4028
 1371 1409 4029
 1372 1410 4030
 1373 1411 4031
 1374 1412 4032
 1375 1413 4033
 1376 1414 4034
 1377 1415 4035
 1378 1416 4036
 1379 1417 4037
 1380 1418 4038
 1381 1419 4039
 1382 1420 4040
 1383 1421 4041
 1384 1422 5244
 1385 2602 4043
 1386 1424 4044
 1387 1425 4045
 1388 1426 4046
 1389 1427 4047
 1390 1428 4048
 1391 1429 4049
 1392 1430 4050
 1393 1431 4051
 1394 1432 4052
 1395 1433 4053
 1396 1434 4054
 1397 1435 4055
 1398 1436 4056
 1399 1437 4057
 1400 1438 4058
 1401 1439 4059
 1402 1440 4060
 1403 1441 4061
 1404 1442 4062
 1405 1443 4063
 1406 1444 4064
 1407 1445 4065
 1408 1446 4066
 1409 1447 4067
 1410 1448 4068
 1411 1449 4069
 1412 1450 4070
 1413 1451 4071
 1414 1452 4072
 1415 1453 4073
 1416 1454 4074
 1417 1455 4075
 1418 1456 4076
 1419 1457 4077
 1420 1458 4078
 1421 1459 4079
 1422 1460 4080
 1424 2603 4082
 1425 1462 4083
 1426 1463 4084
 1427 1464 4085
 1428 1465 4086
 1429 1466 4087
 1430 1467 4088
 1431 1468 4089
 1432 1469 4090
 1433 1470 4091
 1434 1471 4092
 1435 1472 4093
 1436 1473 4094
 1437 1474 4095
 1438 1475 4096
 1439 1476 4097
 1440 1477 4098
 1441 1478 4099
 1442 1479 4100
 1443 1480 4101
 1444 1481 4102
 1445 1482 4103
 1446 1483 4104
 1447 1484 4105
 1448 1485 4106
 1449 1486 4107
 1450 1487 4108
 1451 1488 4109
 1452 1489 4110
 1453 1490 4111
 1454 1491 4112
 1455 1492 4113
 1456 1493 4114
 1457 1494 4115
 1458 1495 4116
 1459 1496 4117
 1460 1497 4118
 1461 1498 5267
 1462 2604 4120
 1463 1499 4121
 1464 1500 4122
 1465 1501 4123
 1466 1502 4124
 1467 1503 4125
 1468 1504 4126
 1469 1505 4127
 1470 1506 4128
 1471 1507 4129
 1472 1508 4130
 1473 1509 4131
 1474 1510 4132
 1475 1511 4133
 1476 1512 4134
 1477 1513 4135
 1478 1514 4136
 1479 1515 4137
 1480 1516 4138
 1481 1517 4139
 1482 1518 4140
 1483 1519 4141
 1484 1520 4142
 1485 1521 4143
 1486 1522 4144
 1487 1523 4145
 1488 1524 4146
 1489 1525 4147
 1490 1526 4148
 1491 1527 4149
 1492 1528 4150
 1493 1529 4151
 1494 1530 4152
 1495 1531 4153
 1496 1532 4154
 1497 1533 4155
 1498 1534 5268
 2604 2605 4156
 1499 1535 4157
 1500 1536 4158
 1501 1537 4159
 1502 1538 4160
 1503 1539 4161
 1504 1540 4162
 1505 1541 4163
 1506 1542 4164
 1507 1543 4165
 1508 1544 4166
 1509 1545 4167
 1510 1546 4168
 1511 1547 4169
 1512 1548 4170
 1513 1549 4171
 1514 1550 4172
 1515 1551 4173
 1516 1552 4174
 1517 1553 4175
 1518 1554 4176
 1519 1555 4177
 1520 1556 4178
 1521 1557 4179
 1522 1558 4180
 1523 1559 4181
 1524 1560 4182
 1525 1561 4183
 1526 1562 4184
 1527 1563 4185
 1528 1564 4186
 1529 1565 4187
 1530 1566 4188
 1531 1567 4189
 1532 1568 4190
 1533 1569 4191
 1534 1570 5245
 1535 2606 4193
 1536 1572 4194
 1537 1573 4195
 1538 1574 4196
 1539 1575 4197
 1540 1576 4198
 1541 1577 4199
 1542 1578 4200
 1543 1579 4201
 1544 1580 4202
 1545 1581 4203
 1546 1582 4204
 1547 1583 4205
 1548 1584 4206
 1549 1585 4207
 1550 1586 4208
 1551 1587 4209
 1552 1588 4210
 1553 1589 4211
 1554 1590 4212
 1555 1591 4213
 1556 1592 4214
 1557 1593 4215
 1558 1594 4216
 1559 1595 4217
 1560 1596 4218
 1561 1597 4219
 1562 1598 4220
 1563 1599 4221
 1564 1600 4222
 1565 1601 4223
 1566 1602 4224
 1567 1603 4225
 1568 1604 4226
 1569 1605 4227
 1570 1606 4228
 1572 2607 4230
 1573 1608 4231
 1574 1609 4232
 1575 1610 4233
 1576 1611 4234
 1577 1612 4235
 1578 1613 4236
 1579 1614 4237
 1580 1615 4238
 1581 1616 4239
 1582 1617 4240
 1583 1618 4241
 1584 1619 4242
 1585 1620 4243
 1586 1621 4244
 1587 1622 4245
 1588 1623 4246
 1589 1624 4247
 1590 1625 4248
 1591 1626 4249
 1592 1627 4250
 1593 1628 4251
 1594 1629 4252
 1595 1630 4253
 1596 1631 4254
 1597 1632 4255
 1598 1633 4256
 1599 1634 4257
 1600 1635 4258
 1601 1636 4259
 1602 1637 4260
 1603 1638 4261
 1604 1639 4262
 1605 1640 4263
 1606 1641 4264
 1608 2608 4266
 1609 1643 4267
 1610 1644 4268
 1611 1645 4269
 1612 1646 4270
 1613 1647 4271
 1614 1648 4272
 1615 1649 4273
 1616 1650 4274
 1617 1651 4275
 1618 1652 4276
 1619 1653 4277
 1620 1654 4278
 1621 1655 4279
 1622 1656 4280
 1623 1657 4281
 1624 1658 4282
 1625 1659 4283
 1626 1660 4284
 1627 1661 4285
 1628 1662 4286
 1629 1663 4287
 1630 1664 4288
 1631 1665 4289
 1632 1666 4290
 1633 1667 4291
 1634 1668 4292
 1635 1669 4293
 1636 1670 4294
 1637 1671 4295
 1638 1672 4296
 1639 1673 4297
 1640 1674 4298
 1641 1675 4299
 1642 1676 5269
 1643 2609 4301
 1644 1677 4302
 1645 1678 4303
 1646 1679 4304
 1647 1680 4305
 1648 1681 4306
 1649 1682 4307
 1650 1683 4308
 1651 1684 4309
 1652 1685 4310
 1653 1686 4311
 1654 1687 4312
 1655 1688 4313
 1656 1689 4314
 1657 1690 4315
 1658 1691 4316
 1659 1692 4317
 1660 1693 4318
 1661 1694 4319
 1662 1695 4320
 1663 1696 4321
 1664 1697 4322
 1665 1698 4323
 1666 1699 4324
 1667 1700 4325
 1668 1701 4326
 1669 1702 4327
 1670 1703 4328
 1671 1704 4329
 1672 1705 4330
 1673 1706 4331
 1674 1707 4332
 1675 1708 4333
 1676 1709 5246
 1677 2610 4335
 1678 1711 4336
 1679 1712 4337
 1680 1713 4338
 1681 1714 4339
 1682 1715 4340
 1683 1716 4341
 1684 1717 4342
 1685 1718 4343
 1686 1719 4344
 1687 1720 4345
 1688 1721 4346
 1689 1722 4347
 1690 1723 4348
 1691 1724 4349
 1692 1725 4350
 1693 1726 4351
 1694 1727 4352
 1695 1728 4353
 1696 1729 4354
 1697 1730 4355
 1698 1731 4356
 1699 1732 4357
 1700 1733 4358
 1701 1734 4359
 1702 1735 4360
 1703 1736 4361
 1704 1737 4362
 1705 1738 4363
 1706 1739 4364
 1707 1740 4365
 1708 1741 4366
 1709 1742 4367
 2610 2651 4368
 1711 1744 4369
 1712 1745 4370
 1713 1746 4371
 1714 1747 4372
 1715 1748 4373
 1716 1749 4374
 1717 1750 4375
 1718 1751 4376
 1719 1752 4377
 1720 1753 4378
 1721 1754 4379
 1722 1755 4380
 1723 1756 4381
 1724 1757 4382
 1725 1758 4383
 1726 1759 4384
 1727 1760 4385
 1728 1761 4386
 1729 1762 4387
 1730 1763 4388
 1731 1764 4389
 1732 1765 4390
 1733 1766 4391
 1734 1767 4392
 1735 1768 4393
 1736 1769 4394
 1737 1770 4395
 1738 1771 4396
 1739 1772 4397
 1740 1773 4398
 1741 1774 4399
 1742 1775 4400
 1744 2611 4402
 1745 1777 4403
 1746 1778 4404
 1747 1779 4405
 1748 1780 4406
 1749 1781 4407
 1750 1782 4408
 1751 1783 4409
 1752 1784 4410
 1753 1785 4411
 1754 1786 4412
 1755 1787 4413
 1756 1788 4414
 1757 1789 4415
 1758 1790 4416
 1759 1791 4417
 1760 1792 4418
 1761 1793 4419
 1762 1794 4420
 1763 1795 4421
 1764 1796 4422
 1765 1797 4423
 1766 1798 4424
 1767 1799 4425
 1768 1800 4426
 1769 1801 4427
 1770 1802 4428
 1771 1803 4429
 1772 1804 4430
 1773 1805 4431
 1774 1806 4432
 1775 1807 4433
 1776 1808 5270
 1777 2612 4435
 1778 1809 4436
 1779 1810 4437
 1780 1811 4438
 1781 1812 4439
 1782 1813 4440
 1783 1814 4441
 1784 1815 4442
 1785 1816 4443
 1786 1817 4444
 1787 1818 4445
 1788 1819 4446
 1789 1820 4447
 1790 1821 4448
 1791 1822 4449
 1792 1823 4450
 1793 1824 4451
 1794 1825 4452
 1795 1826 4453
 1796 1827 4454
 1797 1828 4455
 1798 1829 4456
 1799 1830 4457
 1800 1831 4458
 1801 1832 4459
 1802 1833 4460
 1803 1834 4461
 1804 1835 4462
 1805 1836 4463
 1806 1837 4464
 1807 1838 4465
 1808 1839 5247
 1809 2613 4467
 1810 1841 4468
 1811 1842 4469
 1812 1843 4470
 1813 1844 4471
 1814 1845 4472
 1815 1846 4473
 1816 1847 4474
 1817 1848 4475
 1818 1849 4476
 1819 1850 4477
 1820 1851 4478
 1821 1852 4479
 1822 1853 4480
 1823 1854 4481
 1824 1855 4482
 1825 1856 4483
 1826 1857 4484
 1827 1858 4485
 1828 1859 4486
 1829 1860 4487
 1830 1861 4488
 1831 1862 4489
 1832 1863 4490
 1833 1864 4491
 1834 1865 4492
 1835 1866 4493
 1836 1867 4494
 1837 1868 4495
 1838 1869 4496
 1839 1870 4497
 1841 2614 4499
 1842 1872 4500
 1843 1873 4501
 1844 1874 4502
 1845 1875 4503
 1846 1876 4504
 1847 1877 4505
 1848 1878 4506
 1849 1879 4507
 1850 1880 4508
 1851 1881 4509
 1852 1882 4510
 1853 1883 4511
 1854 1884 4512
 1855 1885 4513
 1856 1886 4514
 1857 1887 4515
 1858 1888 4516
 1859 1889 4517
 1860 1890 4518
 1861 1891 4519
 1862 1892 4520
 1863 1893 4521
 1864 1894 4522
 1865 1895 4523
 1866 1896 4524
 1867 1897 4525
 1868 1898 4526
 1869 1899 4527
 1870 1900 4528
 1872 2615 4530
 1873 1902 4531
 1874 1903 4532
 1875 1904 4533
 1876 1905 4534
 1877 1906 4535
 1878 1907 4536
 1879 1908 4537
 1880 1909 4538
 1881 1910 4539
 1882 1911 4540
 1883 1912 4541
 1884 1913 4542
 1885 1914 4543
 1886 1915 4544
 1887 1916 4545
 1888 1917 4546
 1889 1918 4547
 1890 1919 4548
 1891 1920 4549
 1892 1921 4550
 1893 1922 4551
 1894 1923 4552
 1895 1924 4553
 1896 1925 4554
 1897 1926 4555
 1898 1927 4556
 1899 1928 4557
 1900 1929 4558
 1901 1930 5271
 2615 2652 4559
 1902 1931 4560
 1903 1932 4561
 1904 1933 4562
 1905 1934 4563
 1906 1935 4564
 1907 1936 4565
 1908 1937 4566
 1909 1938 4567
 1910 1939 4568
 1911 1940 4569
 1912 1941 4570
 1913 1942 4571
 1914 1943 4572
 1915 1944 4573
 1916 1945 4574
 1917 1946 4575
 1918 1947 4576
 1919 1948 4577
 1920 1949 4578
 1921 1950 4579
 1922 1951 4580
 1923 1952 4581
 1924 1953 4582
 1925 1954 4583
 1926 1955 4584
 1927 1956 4585
 1928 1957 4586
 1929 1958 4587
 1930 1959 5272
 1931 2616 4589
 1932 1960 4590
 1933 1961 4591
 1934 1962 4592
 1935 1963 4593
 1936 1964 4594
 1937 1965 4595
 1938 1966 4596
 1939 1967 4597
 1940 1968 4598
 1941 1969 4599
 1942 1970 4600
 1943 1971 4601
 1944 1972 4602
 1945 1973 4603
 1946 1974 4604
 1947 1975 4605
 1948 1976 4606
 1949 1977 4607
 1950 1978 4608
 1951 1979 4609
 1952 1980 4610
 1953 1981 4611
 1954 1982 4612
 1955 1983 4613
 1956 1984 4614
 1957 1985 4615
 1958 1986 4616
 1959 1987 5248
 1960 2617 4618
 1961 1989 4619
 1962 1990 4620
 1963 1991 4621
 1964 1992 4622
 1965 1993 4623
 1966 1994 4624
 1967 1995 4625
 1968 1996 4626
 1969 1997 4627
 1970 1998 4628
 1971 1999 4629
 1972 2000 4630
 1973 2001 4631
 1974 2002 4632
 1975 2003 4633
 1976 2004 4634
 1977 2005 4635
 1978 2006 4636
 1979 2007 4637
 1980 2008 4638
 1981 2009 4639
 1982 2010 4640
 1983 2011 4641
 1984 2012 4642
 1985 2013 4643
 1986 2014 4644
 1987 2015 4645
 1989 2618 4647
 1990 2017 4648
 1991 2018 4649
 1992 2019 4650
 1993 2020 4651
 1994 2021 4652
 1995 2022 4653
 1996 2023 4654
 1997 2024 4655
 1998 2025 4656
 1999 2026 4657
 2000 2027 4658
 2001 2028 4659
 2002 2029 4660
 2003 2030 4661
 2004 2031 4662
 2005 2032 4663
 2006 2033 4664
 2007 2034 4665
 2008 2035 4666
 2009 2036 4667
 2010 2037 4668
 2011 2038 4669
 2012 2039 4670
 2013 2040 4671
 2014 2041 4672
 2015 2042 4673
 2016 2043 5273
 2017 2619 4675
 2018 2044 4676
 2019 2045 4677
 2020 2046 4678
 2021 2047 4679
 2022 2048 4680
 2023 2049 4681
 2024 2050 4682
 2025 2051 4683
 2026 2052 4684
 2027 2053 4685
 2028 2054 4686
 2029 2055 4687
 2030 2056 4688
 2031 2057 4689
 2032 2058 4690
 2033 2059 4691
 2034 2060 4692
 2035 2061 4693
 2036 2062 4694
 2037 2063 4695
 2038 2064 4696
 2039 2065 4697
 2040 2066 4698
 2041 2067 4699
 2042 2068 4700
 2043 2069 5274
 2044 2620 4702
 2045 2070 4703
 2046 2071 4704
 2047 2072 4705
 2048 2073 4706
 2049 2074 4707
 2050 2075 4708
 2051 2076 4709
 2052 2077 4710
 2053 2078 4711
 2054 2079 4712
 2055 2080 4713
 2056 2081 4714
 2057 2082 4715
 2058 2083 4716
 2059 2084 4717
 2060 2085 4718
 2061 2086 4719
 2062 2087 4720
 2063 2088 4721
 2064 2089 4722
 2065 2090 4723
 2066 2091 4724
 2067 2092 4725
 2068 2093 4726
 2069 2094 5249
 2070 2621 4728
 2071 2096 4729
 2072 2097 4730
 2073 2098 4731
 2074 2099 4732
 2075 2100 4733
 2076 2101 4734
 2077 2102 4735
 2078 2103 4736
 2079 2104 4737
 2080 2105 4738
 2081 2106 4739
 2082 2107 4740
 2083 2108 4741
 2084 2109 4742
 2085 2110 4743
 2086 2111 4744
 2087 2112 4745
 2088 2113 4746
 2089 2114 4747
 2090 2115 4748
 2091 2116 4749
 2092 2117 4750
 2093 2118 4751
 2094 2119 4752
 2621 2622 4753
 2096 2121 4754
 2097 2122 4755
 2098 2123 4756
 2099 2124 4757
 2100 2125 4758
 2101 2126 4759
 2102 2127 4760
 2103 2128 4761
 2104 2129 4762
 2105 2130 4763
 2106 2131 4764
 2107 2132 4765
 2108 2133 4766
 2109 2134 4767
 2110 2135 4768
 2111 2136 4769
 2112 2137 4770
 2113 2138 4771
 2114 2139 4772
 2115 2140 4773
 2116 2141 4774
 2117 2142 4775
 2118 2143 4776
 2119 2144 4777
 2121 2623 4779
 2122 2146 4780
 2123 2147 4781
 2124 2148 4782
 2125 2149 4783
 2126 2150 4784
 2127 2151 4785
 2128 2152 4786
 2129 2153 4787
 2130 2154 4788
 2131 2155 4789
 2132 2156 4790
 2133 2157 4791
 2134 2158 4792
 2135 2159 4793
 2136 2160 4794
 2137 2161 4795
 2138 2162 4796
 2139 2163 4797
 2140 2164 4798
 2141 2165 4799
 2142 2166 4800
 2143 2167 4801
 2144 2168 4802
 2145 2169 5275
 2146 2624 4804
 2147 2170 4805
 2148 2171 4806
 2149 2172 4807
 2150 2173 4808
 2151 2174 4809
 2152 2175 4810
 2153 2176 4811
 2154 2177 4812
 2155 2178 4813
 2156 2179 4814
 2157 2180 4815
 2158 2181 4816
 2159 2182 4817
 2160 2183 4818
 2161 2184 4819
 2162 2185 4820
 2163 2186 4821
 2164 2187 4822
 2165 2188 4823
 2166 2189 4824
 2167 2190 4825
 2168 2191 4826
 2169 2192 5250
 2170 2625 4828
 2171 2194 4829
 2172 2195 4830
 2173 2196 4831
 2174 2197 4832
 2175 2198 4833
 2176 2199 4834
 2177 2200 4835
 2178 2201 4836
 2179 2202 4837
 2180 2203 4838
 2181 2204 4839
 2182 2205 4840
 2183 2206 4841
 2184 2207 4842
 2185 2208 4843
 2186 2209 4844
 2187 2210 4845
 2188 2211 4846
 2189 2212 4847
 2190 2213 4848
 2191 2214 4849
 2192 2215 4850
 2194 2626 4852
 2195 2217 4853
 2196 2218 4854
 2197 2219 4855
 2198 2220 4856
 2199 2221 4857
 2200 2222 4858
 2201 2223 4859
 2202 2224 4860
 2203 2225 4861
 2204 2226 4862
 2205 2227 4863
 2206 2228 4864
 2207 2229 4865
 2208 2230 4866
 2209 2231 4867
 2210 2232 4868
 2211 2233 4869
 2212 2234 4870
 2213 2235 4871
 2214 2236 4872
 2215 2237 4873
 2217 2627 4875
 2218 2239 4876
 2219 2240 4877
 2220 2241 4878
 2221 2242 4879
 2222 2243 4880
 2223 2244 4881
 2224 2245 4882
 2225 2246 4883
 2226 2247 4884
 2227 2248 4885
 2228 2249 4886
 2229 2250 4887
 2230 2251 4888
 2231 2252 4889
 2232 2253 4890
 2233 2254 4891
 2234 2255 4892
 2235 2256 4893
 2236 2257 4894
 2237 2258 4895
 2238 2259 5276
 2627 2628 4896
 2239 2260 4897
 2240 2261 4898
 2241 2262 4899
 2242 2263 4900
 2243 2264 4901
 2244 2265 4902
 2245 2266 4903
 2246 2267 4904
 2247 2268 4905
 2248 2269 4906
 2249 2270 4907
 2250 2271 4908
 2251 2272 4909
 2252 2273 4910
 2253 2274 4911
 2254 2275 4912
 2255 2276 4913
 2256 2277 4914
 2257 2278 4915
 2258 2279 4916
 2259 2280 5277
 2260 2629 4918
 2261 2281 4919
 2262 2282 4920
 2263 2283 4921
 2264 2284 4922
 2265 2285 4923
 2266 2286 4924
 2267 2287 4925
 2268 2288 4926
 2269 2289 4927
 2270 2290 4928
 2271 2291 4929
 2272 2292 4930
 2273 2293 4931
 2274 2294 4932
 2275 2295 4933
 2276 2296 4934
 2277 2297 4935
 2278 2298 4936
 2279 2299 4937
 2280 2300 5251
 2281 2630 4939
 2282 2302 4940
 2283 2303 4941
 2284 2304 4942
 2285 2305 4943
 2286 2306 4944
 2287 2307 4945
 2288 2308 4946
 2289 2309 4947
 2290 2310 4948
 2291 2311 4949
 2292 2312 4950
 2293 2313 4951
 2294 2314 4952
 2295 2315 4953
 2296 2316 4954
 2297 2317 4955
 2298 2318 4956
 2299 2319 4957
 2300 2320 4958
 2302 2631 4960
 2303 2322 4961
 2304 2323 4962
 2305 2324 4963
 2306 2325 4964
 2307 2326 4965
 2308 2327 4966
 2309 2328 4967
 2310 2329 4968
 2311 2330 4969
 2312 2331 4970
 2313 2332 4971
 2314 2333 4972
 2315 2334 4973
 2316 2335 4974
 2317 2336 4975
 2318 2337 4976
 2319 2338 4977
 2320 2339 4978
 2321 2340 5278
 2322 2632 4980
 2323 2341 4981
 2324 2342 4982
 2325 2343 4983
 2326 2344 4984
 2327 2345 4985
 2328 2346 4986
 2329 2347 4987
 2330 2348 4988
 2331 2349 4989
 2332 2350 4990
 2333 2351 4991
 2334 2352 4992
 2335 2353 4993
 2336 2354 4994
 2337 2355 4995
 2338 2356 4996
 2339 2357 4997
 2340 2358 5279
 2341 2633 4999
 2342 2359 5000
 2343 2360 5001
 2344 2361 5002
 2345 2362 5003
 2346 2363 5004
 2347 2364 5005
 2348 2365 5006
 2349 2366 5007
 2350 2367 5008
 2351 2368 5009
 2352 2369 5010
 2353 2370 5011
 2354 2371 5012
 2355 2372 5013
 2356 2373 5014
 2357 2374 5015
 2358 2375 5252
 2633 2653 5016
 2359 2377 5017
 2360 2378 5018
 2361 2379 5019
 2362 2380 5020
 2363 2381 5021
 2364 2382 5022
 2365 2383 5023
 2366 2384 5024
 2367 2385 5025
 2368 2386 5026
 2369 2387 5027
 2370 2388 5028
 2371 2389 5029
 2372 2390 5030
 2373 2391 5031
 2374 2392 5032
 2375 2393 5033
 2377 2634 5035
 2378 2395 5036
 2379 2396 5037
 2380 2397 5038
 2381 2398 5039
 2382 2399 5040
 2383 2400 5041
 2384 2401 5042
 2385 2402 5043
 2386 2403 5044
 2387 2404 5045
 2388 2405 5046
 2389 2406 5047
 2390 2407 5048
 2391 2408 5049
 2392 2409 5050
 2393 2410 5051
 2394 2411 5280
 2395 2635 5053
 2396 2412 5054
 2397 2413 5055
 2398 2414 5056
 2399 2415 5057
 2400 2416 5058
 2401 2417 5059
 2402 2418 5060
 2403 2419 5061
 2404 2420 5062
 2405 2421 5063
 2406 2422 5064
 2407 2423 5065
 2408 2424 5066
 2409 2425 5067
 2410 2426 5068
 2411 2427 5281
 2412 2636 5070
 2413 2428 5071
 2414 2429 5072
 2415 2430 5073
 2416 2431 5074
 2417 2432 5075
 2418 2433 5076
 2419 2434 5077
 2420 2435 5078
 2421 2436 5079
 2422 2437 5080
 2423 2438 5081
 2424 2439 5082
 2425 2440 5083
 2426 2441 5084
 2427 2442 5253
 2428 2637 5086
 2429 2444 5087
 2430 2445 5088
 2431 2446 5089
 2432 2447 5090
 2433 2448 5091
 2434 2449 5092
 2435 2450 5093
 2436 2451 5094
 2437 2452 5095
 2438 2453 5096
 2439 2454 5097
 2440 2455 5098
 2441 2456 5099
 2442 2457 5100
 2444 2638 5102
 2445 2459 5103
 2446 2460 5104
 2447 2461 5105
 2448 2462 5106
 2449 2463 5107
 2450 2464 5108
 2451 2465 5109
 2452 2466 5110
 2453 2467 5111
 2454 2468 5112
 2455 2469 5113
 2456 2470 5114
 2457 2471 5115
 2638 2654 5116
 2459 2473 5117
 2460 2474 5118
 2461 2475 5119
 2462 2476 5120
 2463 2477 5121
 2464 2478 5122
 2465 2479 5123
 2466 2480 5124
 2467 2481 5125
 2468 2482 5126
 2469 2483 5127
 2470 2484 5128
 2471 2485 5129
 2472 2486 5282
 2473 2639 5131
 2474 2487 5132
 2475 2488 5133
 2476 2489 5134
 2477 2490 5135
 2478 2491 5136
 2479 2492 5137
 2480 2493 5138
 2481 2494 5139
 2482 2495 5140
 2483 2496 5141
 2484 2497 5142
 2485 2498 5143
 2486 2499 5254
 2487 2640 5145
 2488 2501 5146
 2489 2502 5147
 2490 2503 5148
 2491 2504 5149
 2492 2505 5150
 2493 2506 5151
 2494 2507 5152
 2495 2508 5153
 2496 2509 5154
 2497 2510 5155
 2498 2511 5156
 2499 2512 5157
 2501 2641 5159
 2502 2514 5160
 2503 2515 5161
 2504 2516 5162
 2505 2517 5163
 2506 2518 5164
 2507 2519 5165
 2508 2520 5166
 2509 2521 5167
 2510 2522 5168
 2511 2523 5169
 2512 2524 5170
 2514 2642 5172
 2515 2526 5173
 2516 2527 5174
 2517 2528 5175
 2518 2529 5176
 2519 2530 5177
 2520 2531 5178
 2521 2532 5179
 2522 2533 5180
 2523 2534 5181
 2524 2535 5182
 2525 2536 5283
 2526 2643 5184
 2527 2537 5185
 2528 2538 5186
 2529 2539 5187
 2530 2540 5188
 2531 2541 5189
 2532 2542 5190
 2533 2543 5191
 2534 2544 5192
 2535 2545 5193
 2536 2546 5284
 2643 2655 5194
 2537 2547 5195
 2538 2548 5196
 2539 2549 5197
 2540 2550 5198
 2541 2551 5199
 2542 2552 5200
 2543 2553 5201
 2544 2554 5202
 2545 2555 5203
 2546 2556 5255
 2547 2644 5205
 2548 2558 5206
 2549 2559 5207
 2550 2560 5208
 2551 2561 5209
 2552 2562 5210
 2553 2563 5211
 2554 2564 5212
 2555 2565 5213
 2556 2566 5214
 2558 2645 5216
 2559 2568 5217
 2560 2569 5218
 2561 2570 5219
 2562 2571 5220
 2563 2572 5221
 2564 2573 5222
 2565 2574 5223
 2566 2575 5224
 2567 2576 5285
 2576 2646 5286
 2656 5287 5288
 55 5256 5290
 5289 55 5290
 2647 5291 5294
 111 5257 5297
 5295 111 5297
 2577 5298 5301
 166 5238 5305
 5302 166 5305
 2578 5306 5309
 5310 221 5312
 2579 5313 5316
 5317 275 5319
 2580 5320 5323
 328 5258 5326
 5324 328 5326
 2581 5327 5330
 380 5239 5334
 5331 380 5334
 2582 5335 5337
 5338 432 5340
 2648 5341 5344
 5345 484 5347
 2583 5348 5351
 535 5259 5354
 5352 535 5354
 2584 5355 5358
 585 5260 5361
 5359 585 5361
 2585 5362 5365
 634 5240 5369
 5366 634 5369
 2586 5370 5373
 5374 683 5376
 2587 5377 5379
 731 5261 5382
 5380 731 5382
 2649 5383 5386
 779 5262 5389
 5387 779 5389
 2588 5390 5393
 826 5241 5397
 5394 826 5397
 2589 5398 5401
 5402 873 5404
 2590 5405 5408
 5409 919 5411
 2591 5412 5415
 964 5263 5418
 5416 964 5418
 2592 5419 5421
 1008 5242 5425
 5422 1008 5425
 2650 5426 5429
 5430 1053 5432
 2593 5433 5436
 5437 1097 5439
 2594 5440 5443
 1140 5264 5446
 5444 1140 5446
 2595 5447 5450
 1182 5243 5454
 5451 1182 5454
 2596 5455 5458
 5459 1224 5461
 2597 5462 5465
 5466 1265 5468
 2598 5469 5471
 2598 5471 5234
 1305 5265 5474
 5472 1305 5474
 2599 5475 5478
 1345 5266 5481
 5479 1345 5481
 2600 5482 5485
 1384 5244 5489
 5486 1384 5489
 2601 5490 5493
 5494 1423 5496
 2602 5497 5500
 1461 5267 5503
 5501 1461 5503
 2603 5504 5507
 1498 5268 5510
 5508 1498 5510
 2604 5511 5513
 2604 5513 5235
 1534 5245 5517
 5514 1534 5517
 2605 5518 5521
 5522 1571 5524
 2606 5525 5528
 5529 1607 5531
 2607 5532 5535
 1642 5269 5538
 5536 1642 5538
 2608 5539 5542
 1676 5246 5546
 5543 1676 5546
 2609 5547 5550
 5551 1710 5553
 2610 5554 5556
 5557 1743 5559
 2651 5560 5563
 1776 5270 5566
 5564 1776 5566
 2611 5567 5570
 1808 5247 5574
 5571 1808 5574
 2612 5575 5578
 5579 1840 5581
 2613 5582 5585
 5586 1871 5588
 2614 5589 5592
 1901 5271 5595
 5593 1901 5595
 2615 5596 5598
 1930 5272 5601
 5599 1930 5601
 2652 5602 5605
 1959 5248 5609
 5606 1959 5609
 2616 5610 5613
 5614 1988 5616
 2617 5617 5620
 2016 5273 5623
 5621 2016 5623
 2618 5624 5627
 2043 5274 5630
 5628 2043 5630
 2619 5631 5634
 2069 5249 5638
 5635 2069 5638
 2620 5639 5642
 5643 2095 5645
 2621 5646 5648
 2621 5648 5236
 5649 2120 5651
 2622 5652 5655
 2145 5275 5658
 5656 2145 5658
 2623 5659 5662
 2169 5250 5666
 5663 2169 5666
 2624 5667 5670
 5671 2193 5673
 2625 5674 5677
 5678 2216 5680
 2626 5681 5684
 2238 5276 5687
 5685 2238 5687
 2627 5688 5690
 2627 5690 5237
 2259 5277 5693
 5691 2259 5693
 2628 5694 5697
 2280 5251 5701
 5698 2280 5701
 2629 5702 5705
 5706 2301 5708
 2630 5709 5712
 2321 5278 5715
 5713 2321 5715
 2631 5716 5719
 2340 5279 5722
 5720 2340 5722
 2632 5723 5726
 2358 5252 5730
 5727 2358 5730
 2633 5731 5733
 5734 2376 5736
 2653 5737 5740
 2394 5280 5743
 5741 2394 5743
 2634 5744 5747
 2411 5281 5750
 5748 2411 5750
 2635 5751 5754
 2427 5253 5758
 5755 2427 5758
 2636 5759 5762
 5763 2443 5765
 2637 5766 5769
 5770 2458 5772
 2638 5773 5775
 2472 5282 5778
 5776 2472 5778
 2654 5779 5782
 2486 5254 5786
 5783 2486 5786
 2639 5787 5790
 5791 2500 5793
 2640 5794 5797
 5798 2513 5800
 2641 5801 5804
 2525 5283 5807
 5805 2525 5807
 2642 5808 5811
 2536 5284 5814
 5812 2536 5814
 2643 5815 5817
 2546 5255 5821
 5818 2546 5821
 2655 5822 5825
 5826 2557 5828
 2644 5829 5832
 2567 5285 5835
 5833 2567 5835
 2645 5836 5839
 2576 5286 5850
 5848 2576 5850
 2647 2656 5293
 2656 5288 5293
 5290 5256 5296
 5292 2647 5294
 5297 5257 5304
 5300 2577 5301
 5303 5305 5238
 221 5303 5238
 5308 2578 5309
 5315 2579 5316
 5322 2580 5323
 5326 5258 5333
 5329 2581 5330
 5332 5334 5239
 432 5332 5239
 2648 2582 5343
 2582 5337 5343
 5342 2648 5344
 5350 2583 5351
 5354 5259 5360
 5357 2584 5358
 5361 5260 5368
 5364 2585 5365
 5367 5369 5240
 683 5367 5240
 5372 2586 5373
 2649 2587 5385
 2587 5379 5385
 5382 5261 5388
 5384 2649 5386
 5389 5262 5396
 5392 2588 5393
 5395 5397 5241
 873 5395 5241
 5400 2589 5401
 5407 2590 5408
 5414 2591 5415
 5418 5263 5424
 2650 2592 5428
 2592 5421 5428
 5423 5425 5242
 1053 5423 5242
 5427 2650 5429
 5435 2593 5436
 5442 2594 5443
 5446 5264 5453
 5449 2595 5450
 5452 5454 5243
 1224 5452 5243
 5457 2596 5458
 5464 2597 5465
 5474 5265 5480
 5477 2599 5478
 5481 5266 5488
 5484 2600 5485
 5487 5489 5244
 1423 5487 5244
 5492 2601 5493
 5499 2602 5500
 5503 5267 5509
 5506 2603 5507
 5510 5268 5516
 5515 5517 5245
 1571 5515 5245
 5520 2605 5521
 5527 2606 5528
 5534 2607 5535
 5538 5269 5545
 5541 2608 5542
 5544 5546 5246
 1710 5544 5246
 5549 2609 5550
 2651 2610 5562
 2610 5556 5562
 5561 2651 5563
 5566 5270 5573
 5569 2611 5570
 5572 5574 5247
 1840 5572 5247
 5577 2612 5578
 5584 2613 5585
 5591 2614 5592
 5595 5271 5600
 2652 2615 5604
 2615 5598 5604
 5601 5272 5608
 5603 2652 5605
 5607 5609 5248
 1988 5607 5248
 5612 2616 5613
 5619 2617 5620
 5623 5273 5629
 5626 2618 5627
 5630 5274 5637
 5633 2619 5634
 5636 5638 5249
 2095 5636 5249
 5641 2620 5642
 5654 2622 5655
 5658 5275 5665
 5661 2623 5662
 5664 5666 5250
 2193 5664 5250
 5669 2624 5670
 5676 2625 5677
 5683 2626 5684
 5687 5276 5692
 5693 5277 5700
 5696 2628 5697
 5699 5701 5251
 2301 5699 5251
 5704 2629 5705
 5711 2630 5712
 5715 5278 5721
 5718 2631 5719
 5722 5279 5729
 5725 2632 5726
 5728 5730 5252
 2376 5728 5252
 2653 2633 5739
 2633 5733 5739
 5738 2653 5740
 5743 5280 5749
 5746 2634 5747
 5750 5281 5757
 5753 2635 5754
 5756 5758 5253
 2443 5756 5253
 5761 2636 5762
 5768 2637 5769
 2654 2638 5781
 2638 5775 5781
 5778 5282 5785
 5780 2654 5782
 5784 5786 5254
 2500 5784 5254
 5789 2639 5790
 5796 2640 5797
 5803 2641 5804
 5807 5283 5813
 5810 2642 5811
 5814 5284 5820
 2655 2643 5824
 2643 5817 5824
 5819 5821 5255
 2557 5819 5255
 5823 2655 5825
 5831 2644 5832
 5835 5285 5849
 5838 2645 5839
 2568 5225 5852
 5840 2568 5852
 5841 2569 5226
 5854 5841 5226
 5842 2570 5227
 5856 5842 5227
 5843 2571 5228
 5858 5843 5228
 5844 2572 5229
 5860 5844 5229
 5845 2573 5230
 5862 5845 5230
 5846 2574 5231
 5864 5846 5231
 5847 2575 5232
 5867 5847 5232
 5850 5286 5870
 5291 2647 5293
 111 5295 5296
 111 5296 5256
 2577 2713 5299
 5298 2577 5299
 166 5302 5304
 166 5304 5257
 2578 2769 5307
 5306 2578 5307
 221 5310 5311
 2579 2824 5314
 5313 2579 5314
 275 5317 5318
 2580 2879 5321
 5320 2580 5321
 328 5324 5325
 2581 2933 5328
 5327 2581 5328
 380 5331 5333
 380 5333 5258
 2582 2986 5336
 5335 2582 5336
 432 5338 5339
 5341 2648 5343
 484 5345 5346
 2583 3090 5349
 5348 2583 5349
 535 5352 5353
 2584 3142 5356
 5355 2584 5356
 585 5359 5360
 585 5360 5259
 2585 3193 5363
 5362 2585 5363
 634 5366 5368
 634 5368 5260
 2586 3243 5371
 5370 2586 5371
 683 5374 5375
 2587 3292 5378
 5377 2587 5378
 731 5380 5381
 5383 2649 5385
 779 5387 5388
 779 5388 5261
 2588 3389 5391
 5390 2588 5391
 826 5394 5396
 826 5396 5262
 2589 3437 5399
 5398 2589 5399
 873 5402 5403
 2590 3484 5406
 5405 2590 5406
 919 5409 5410
 2591 3531 5413
 5412 2591 5413
 964 5416 5417
 2592 3577 5420
 5419 2592 5420
 1008 5422 5424
 1008 5424 5263
 5426 2650 5428
 1053 5430 5431
 2593 3666 5434
 5433 2593 5434
 1097 5437 5438
 2594 3711 5441
 5440 2594 5441
 1140 5444 5445
 2595 3755 5448
 5447 2595 5448
 1182 5451 5453
 1182 5453 5264
 2596 3798 5456
 5455 2596 5456
 1224 5459 5460
 2597 3840 5463
 5462 2597 5463
 1265 5466 5467
 2598 3882 5470
 5469 2598 5470
 1305 5472 5473
 2599 5234 5476
 5475 2599 5476
 1345 5479 5480
 1345 5480 5265
 2600 3963 5483
 5482 2600 5483
 1384 5486 5488
 1384 5488 5266
 2601 4003 5491
 5490 2601 5491
 1423 5494 5495
 2602 4042 5498
 5497 2602 5498
 1461 5501 5502
 2603 4081 5505
 5504 2603 5505
 1498 5508 5509
 1498 5509 5267
 2604 4119 5512
 5511 2604 5512
 1534 5514 5516
 1534 5516 5268
 2605 5235 5519
 5518 2605 5519
 1571 5522 5523
 2606 4192 5526
 5525 2606 5526
 1607 5529 5530
 2607 4229 5533
 5532 2607 5533
 1642 5536 5537
 2608 4265 5540
 5539 2608 5540
 1676 5543 5545
 1676 5545 5269
 2609 4300 5548
 5547 2609 5548
 1710 5551 5552
 2610 4334 5555
 5554 2610 5555
 1743 5557 5558
 5560 2651 5562
 1776 5564 5565
 2611 4401 5568
 5567 2611 5568
 1808 5571 5573
 1808 5573 5270
 2612 4434 5576
 5575 2612 5576
 1840 5579 5580
 2613 4466 5583
 5582 2613 5583
 1871 5586 5587
 2614 4498 5590
 5589 2614 5590
 1901 5593 5594
 2615 4529 5597
 5596 2615 5597
 1930 5599 5600
 1930 5600 5271
 5602 2652 5604
 1959 5606 5608
 1959 5608 5272
 2616 4588 5611
 5610 2616 5611
 1988 5614 5615
 2617 4617 5618
 5617 2617 5618
 2016 5621 5622
 2618 4646 5625
 5624 2618 5625
 2043 5628 5629
 2043 5629 5273
 2619 4674 5632
 5631 2619 5632
 2069 5635 5637
 2069 5637 5274
 2620 4701 5640
 5639 2620 5640
 2095 5643 5644
 2621 4727 5647
 5646 2621 5647
 2120 5649 5650
 2622 5236 5653
 5652 2622 5653
 2145 5656 5657
 2623 4778 5660
 5659 2623 5660
 2169 5663 5665
 2169 5665 5275
 2624 4803 5668
 5667 2624 5668
 2193 5671 5672
 2625 4827 5675
 5674 2625 5675
 2216 5678 5679
 2626 4851 5682
 5681 2626 5682
 2238 5685 5686
 2627 4874 5689
 5688 2627 5689
 2259 5691 5692
 2259 5692 5276
 2628 5237 5695
 5694 2628 5695
 2280 5698 5700
 2280 5700 5277
 2629 4917 5703
 5702 2629 5703
 2301 5706 5707
 2630 4938 5710
 5709 2630 5710
 2321 5713 5714
 2631 4959 5717
 5716 2631 5717
 2340 5720 5721
 2340 5721 5278
 2632 4979 5724
 5723 2632 5724
 2358 5727 5729
 2358 5729 5279
 2633 4998 5732
 5731 2633 5732
 2376 5734 5735
 5737 2653 5739
 2394 5741 5742
 2634 5034 5745
 5744 2634 5745
 2411 5748 5749
 2411 5749 5280
 2635 5052 5752
 5751 2635 5752
 2427 5755 5757
 2427 5757 5281
 2636 5069 5760
 5759 2636 5760
 2443 5763 5764
 2637 5085 5767
 5766 2637 5767
 2458 5770 5771
 2638 5101 5774
 5773 2638 5774
 2472 5776 5777
 5779 2654 5781
 2486 5783 5785
 2486 5785 5282
 2639 5130 5788
 5787 2639 5788
 2500 5791 5792
 2640 5144 5795
 5794 2640 5795
 2513 5798 5799
 2641 5158 5802
 5801 2641 5802
 2525 5805 5806
 2642 5171 5809
 5808 2642 5809
 2536 5812 5813
 2536 5813 5283
 2643 5183 5816
 5815 2643 5816
 2546 5818 5820
 2546 5820 5284
 5822 2655 5824
 2557 5826 5827
 2644 5204 5830
 5829 2644 5830
 2567 5833 5834
 2645 5215 5837
 5836 2645 5837
 2576 5848 5849
 2576 5849 5285
 5852 5225 5851
 5854 5226 5853
 5856 5227 5855
 5858 5228 5857
 5860 5229 5859
 5862 5230 5861
 5864 5231 5863
 5867 5232 5865
 5866 2646 5233
 5868 5866 5233
 5869 5870 5286
 2646 5869 5286
 5292 5299 2713
 2647 5292 2713
 5300 5307 2769
 2577 5300 2769
 5303 221 5311
 5308 5314 2824
 2578 5308 2824
 221 275 5312
 275 5318 5312
 5315 5321 2879
 2579 5315 2879
 275 328 5319
 328 5325 5319
 5322 5328 2933
 2580 5322 2933
 5329 5336 2986
 2581 5329 2986
 5332 432 5339
 432 484 5340
 484 5346 5340
 5342 5349 3090
 2648 5342 3090
 484 535 5347
 535 5353 5347
 5350 5356 3142
 2583 5350 3142
 5357 5363 3193
 2584 5357 3193
 5364 5371 3243
 2585 5364 3243
 5367 683 5375
 5372 5378 3292
 2586 5372 3292
 683 731 5376
 731 5381 5376
 5384 5391 3389
 2649 5384 3389
 5392 5399 3437
 2588 5392 3437
 5395 873 5403
 5400 5406 3484
 2589 5400 3484
 873 919 5404
 919 5410 5404
 5407 5413 3531
 2590 5407 3531
 919 964 5411
 964 5417 5411
 5414 5420 3577
 2591 5414 3577
 5423 1053 5431
 5427 5434 3666
 2650 5427 3666
 1053 1097 5432
 1097 5438 5432
 5435 5441 3711
 2593 5435 3711
 1097 1140 5439
 1140 5445 5439
 5442 5448 3755
 2594 5442 3755
 5449 5456 3798
 2595 5449 3798
 5452 1224 5460
 5457 5463 3840
 2596 5457 3840
 1224 1265 5461
 1265 5467 5461
 5464 5470 3882
 2597 5464 3882
 1265 1305 5468
 1305 5473 5468
 5476 5234 5471
 5477 5483 3963
 2599 5477 3963
 5484 5491 4003
 2600 5484 4003
 5487 1423 5495
 5492 5498 4042
 2601 5492 4042
 1423 1461 5496
 1461 5502 5496
 5499 5505 4081
 2602 5499 4081
 5506 5512 4119
 2603 5506 4119
 5519 5235 5513
 5515 1571 5523
 5520 5526 4192
 2605 5520 4192
 1571 1607 5524
 1607 5530 5524
 5527 5533 4229
 2606 5527 4229
 1607 1642 5531
 1642 5537 5531
 5534 5540 4265
 2607 5534 4265
 5541 5548 4300
 2608 5541 4300
 5544 1710 5552
 5549 5555 4334
 2609 5549 4334
 1710 1743 5553
 1743 5558 5553
 1743 1776 5559
 1776 5565 5559
 5561 5568 4401
 2651 5561 4401
 5569 5576 4434
 2611 5569 4434
 5572 1840 5580
 5577 5583 4466
 2612 5577 4466
 1840 1871 5581
 1871 5587 5581
 5584 5590 4498
 2613 5584 4498
 1871 1901 5588
 1901 5594 5588
 5591 5597 4529
 2614 5591 4529
 5603 5611 4588
 2652 5603 4588
 5607 1988 5615
 5612 5618 4617
 2616 5612 4617
 1988 2016 5616
 2016 5622 5616
 5619 5625 4646
 2617 5619 4646
 5626 5632 4674
 2618 5626 4674
 5633 5640 4701
 2619 5633 4701
 5636 2095 5644
 5641 5647 4727
 2620 5641 4727
 2095 2120 5645
 2120 5650 5645
 5653 5236 5648
 2120 2145 5651
 2145 5657 5651
 5654 5660 4778
 2622 5654 4778
 5661 5668 4803
 2623 5661 4803
 5664 2193 5672
 5669 5675 4827
 2624 5669 4827
 2193 2216 5673
 2216 5679 5673
 5676 5682 4851
 2625 5676 4851
 2216 2238 5680
 2238 5686 5680
 5683 5689 4874
 2626 5683 4874
 5695 5237 5690
 5696 5703 4917
 2628 5696 4917
 5699 2301 5707
 5704 5710 4938
 2629 5704 4938
 2301 2321 5708
 2321 5714 5708
 5711 5717 4959
 2630 5711 4959
 5718 5724 4979
 2631 5718 4979
 5725 5732 4998
 2632 5725 4998
 5728 2376 5735
 2376 2394 5736
 2394 5742 5736
 5738 5745 5034
 2653 5738 5034
 5746 5752 5052
 2634 5746 5052
 5753 5760 5069
 2635 5753 5069
 5756 2443 5764
 5761 5767 5085
 2636 5761 5085
 2443 2458 5765
 2458 5771 5765
 5768 5774 5101
 2637 5768 5101
 2458 2472 5772
 2472 5777 5772
 5780 5788 5130
 2654 5780 5130
 5784 2500 5792
 5789 5795 5144
 2639 5789 5144
 2500 2513 5793
 2513 5799 5793
 5796 5802 5158
 2640 5796 5158
 2513 2525 5800
 2525 5806 5800
 5803 5809 5171
 2641 5803 5171
 5810 5816 5183
 2642 5810 5183
 5819 2557 5827
 5823 5830 5204
 2655 5823 5204
 2557 2567 5828
 2567 5834 5828
 5831 5837 5215
 2644 5831 5215
 5838 5851 5225
 2645 5838 5225
 5840 5853 5226
 2568 5840 5226
 5841 5855 5227
 2569 5841 5227
 5842 5857 5228
 2570 5842 5228
 5843 5859 5229
 2571 5843 5229
 5844 5861 5230
 2572 5844 5230
 5845 5863 5231
 2573 5845 5231
 5846 5865 5232
 2574 5846 5232
 5847 5868 5233
 2575 5847 5233</DataArray>
            <DataArray Name="offsets" format="ascii" type="Int32">3 6 9 12 15 18 21 24 27 30 33 36 39 42 45 48 51 54 57 60 63 66 69 72 75 78 81 84 87 90 93 96 99 102 105 108 111 114 117 120 123 126 129 132 135 138 141 144 147 150 153 156 159 162 165 168 171 174 177 180 183 186 189 192 195 198 201 204 207 210 213 216 219 222 225 228 231 234 237 240 243 246 249 252 255 258 261 264 267 270 273 276 279 282 285 288 291 294 297 300 303 306 309 312 315 318 321 324 327 330 333 336 339 342 345 348 351 354 357 360 363 366 369 372 375 378 381 384 387 390 393 396 399 402 405 408 411 414 417 420 423 426 429 432 435 438 441 444 447 450 453 456 459 462 465 468 471 474 477 480 483 486 489 492 495 498 501 504 507 510 513 516 519 522 525 528 531 534 537 540 543 546 549 552 555 558 561 564 567 570 573 576 579 582 585 588 591 594 597 600 603 606 609 612 615 618 621 624 627 630 633 636 639 642 645 648 651 654 657 660 663 666 669 672 675 678 681 684 687 690 693 696 699 702 705 708 711 714 717 720 723 726 729 732 735 738 741 744 747 750 753 756 759 762 765 768 771 774 777 780 783 786 789 792 795 798 801 804 807 810 813 816 819 822 825 828 831 834 837 840 843 846 849 852 855 858 861 864 867 870 873 876 879 882 885 888 891 894 897 900 903 906 909 912 915 918 921 924 927 930 933 936 939 942 945 948 951 954 957 960 963 966 969 972 975 978 981 984 987 990 993 996 999 1002 1005 1008 1011 1014 1017 1020 1023 1026 1029 1032 1035 1038 1041 1044 1047 1050 1053 1056 1059 1062 1065 1068 1071 1074 1077 1080 1083 1086 1089 1092 1095 1098 1101 1104 1107 1110 1113 1116 1119 1122 1125 1128 1131 1134 1137 1140 1143 1146 1149 1152 1155 1158 1161 1164 1167 1170 1173 1176 1179 1182 1185 1188 1191 1194 1197 1200 1203 1206 1209 1212 1215 1218 1221 1224 1227 1230 1233 1236 1239 1242 1245 1248 1251 1254 1257 1260 1263 1266 1269 1272 1275 1278 1281 1284 1287 1290 1293 1296 1299 1302 1305 1308 1311 1314 1317 1320 1323 1326 1329 1332 1335 1338 1341 1344 1347 1350 1353 1356 1359 1362 1365 1368 1371 1374 1377 1380 1383 1386 1389 1392 1395 1398 1401 1404 1407 1410 1413 1416 1419 1422 1425 1428 1431 1434 1437 1440 1443 1446 1449 1452 1455 1458 1461 1464 1467 1470 1473 1476 1479 1482 1485 1488 1491 1494 1497 1500 1503 1506 1509 1512 1515 1518 1521 1524 1527 1530 1533 1536 1539 1542 1545 1548 1551 1554 1557 1560 1563 1566 1569 1572 1575 1578 1581 1584 1587 1590 1593 1596 1599 1602 1605 1608 1611 1614 1617 1620 1623 1626 1629 1632 1635 1638 1641 1644 1647 1650 1653 1656 1659 1662 1665 1668 1671 1674 1677 1680 1683 1686 1689 1692 1695 1698 1701 1704 1707 1710 1713 1716 1719 1722 1725 1728 1731 1734 1737 1740 1743 1746 1749 1752 1755 1758 1761 1764 1767 1770 1773 1776 1779 1782 1785 1788 1791 1794 1797 1800 1803 1806 1809 1812 1815 1818 1821 1824 1827 1830 1833 1836 1839 1842 1845 1848 1851 1854 1857 1860 1863 1866 1869 1872 1875 1878 1881 1884 1887 1890 1893 1896 1899 1902 1905 1908 1911 1914 1917 1920 1923 1926 1929 1932 1935 1938 1941 1944 1947 1950 1953 1956 1959 1962 1965 1968 1971 1974 1977 1980 1983 1986 1989 1992 1995 1998 2001 2004 2007 2010 2013 2016 2019 2022 2025 2028 2031 2034 2037 2040 2043 2046 2049 2052 2055 2058 2061 2064 2067 2070 2073 2076 2079 2082 2085 2088 2091 2094 2097 2100 2103 2106 2109 2112 2115 2118 2121 2124 2127 2130 2133 2136 2139 2142 2145 2148 2151 2154 2157 2160 2163 2166 2169 2172 2175 2178 2181 2184 2187 2190 2193 2196 2199 2202 2205 2208 2211 2214 2217 2220 2223 2226 2229 2232 2235 2238 2241 2244 2247 2250 2253 2256 2259 2262 2265 2268 2271 2274 2277 2280 2283 2286 2289 2292 2295 2298 2301 2304 2307 2310 2313 2316 2319 2322 2325 2328 2331 2334 2337 2340 2343 2346 2349 2352 2355 2358 2361 2364 2367 2370 2373 2376 2379 2382 2385 2388 2391 2394 2397 2400 2403 2406 2409 2412 2415 2418 2421 2424 2427 2430 2433 2436 2439 2442 2445 2448 2451 2454 2457 2460 2463 2466 2469 2472 2475 2478 2481 2484 2487 2490 2493 2496 2499 2502 2505 2508 2511 2514 2517 2520 2523 2526 2529 2532 2535 2538 2541 2544 2547 2550 2553 2556 2559 2562 2565 2568 2571 2574 2577 2580 2583 2586 2589 2592 2595 2598 2601 2604 2607 2610 2613 2616 2619 2622 2625 2628 2631 2634 2637 2640 2643 2646 2649 2652 2655 2658 2661 2664 2667 2670 2673 2676 2679 2682 2685 2688 2691 2694 2697 2700 2703 2706 2709 2712 2715 2718 2721 2724 2727 2730 2733 2736 2739 2742 2745 2748 2751 2754 2757 2760 2763 2766 2769 2772 2775 2778 2781 2784 2787 2790 2793 2796 2799 2802 2805 2808 2811 2814 2817 2820 2823 2826 2829 2832 2835 2838 2841 2844 2847 2850 2853 2856 2859 2862 2865 2868 2871 2874 2877 2880 2883 2886 2889 2892 2895 2898 2901 2904 2907 2910 2913 2916 2919 2922 2925 2928 2931 2934 2937 2940 2943 2946 2949 2952 2955 2958 2961 2964 2967 2970 2973 2976 2979 2982 2985 2988 2991 2994 2997 3000 3003 3006 3009 3012 3015 3018 3021 3024 3027 3030 3033 3036 3039 3042 3045 3048 3051 3054 3057 3060 3063 3066 3069 3072 3075 3078 3081 3084 3087 3090 3093 3096 3099 3102 3105 3108 3111 3114 3117 3120 3123 3126 3129 3132 3135 3138 3141 3144 3147 3150 3153 3156 3159 3162 3165 3168 3171 3174 3177 3180 3183 3186 3189 3192 3195 3198 3201 3204 3207 3210 3213 3216 3219 3222 3225 3228 3231 3234 3237 3240 3243 3246 3249 3252 3255 3258 3261 3264 3267 3270 3273 3276 3279 3282 3285 3288 3291 3294 3297 3300 3303 3306 3309 3312 3315 3318 3321 3324 3327 3330 3333 3336 3339 3342 3345 3348 3351 3354 3357 3360 3363 3366 3369 3372 3375 3378 3381 3384 3387 3390 3393 3396 3399 3402 3405 3408 3411 3414 3417 3420 3423 3426 3429 3432 3435 3438 3441 3444 3447 3450 3453 3456 3459 3462 3465 3468 3471 3474 3477 3480 3483 3486 3489 3492 3495 3498 3501 3504 3507 3510 3513 3516 3519 3522 3525 3528 3531 3534 3537 3540 3543 3546 3549 3552 3555 3558 3561 3564 3567 3570 3573 3576 3579 3582 3585 3588 3591 3594 3597 3600 3603 3606 3609 3612 3615 3618 3621 3624 3627 3630 3633 3636 3639 3642 3645 3648 3651 3654 3657 3660 3663 3666 3669 3672 3675 3678 3681 3684 3687 3690 3693 3696 3699 3702 3705 3708 3711 3714 3717 3720 3723 3726 3729 3732 3735 3738 3741 3744 3747 3750 3753 3756 3759 3762 3765 3768 3771 3774 3777 3780 3783 3786 3789 3792 3795 3798 3801 3804 3807 3810 3813 3816 3819 3822 3825 3828 3831 3834 3837 3840 3843 3846 3849 3852 3855 3858 3861 3864 3867 3870 3873 3876 3879 3882 3885 3888 3891 3894 3897 3900 3903 3906 3909 3912 3915 3918 3921 3924 3927 3930 3933 3936 3939 3942 3945 3948 3951 3954 3957 3960 3963 3966 3969 3972 3975 3978 3981 3984 3987 3990 3993 3996 3999 4002 4005 4008 4011 4014 4017 4020 4023 4026 4029 4032 4035 4038 4041 4044 4047 4050 4053 4056 4059 4062 4065 4068 4071 4074 4077 4080 4083 4086 4089 4092 4095 4098 4101 4104 4107 4110 4113 4116 4119 4122 4125 4128 4131 4134 4137 4140 4143 4146 4149 4152 4155 4158 4161 4164 4167 4170 4173 4176 4179 4182 4185 4188 4191 4194 4197 4200 4203 4206 4209 4212 4215 4218 4221 4224 4227 4230 4233 4236 4239 4242 4245 4248 4251 4254 4257 4260 4263 4266 4269 4272 4275 4278 4281 4284 4287 4290 4293 4296 4299 4302 4305 4308 4311 4314 4317 4320 4323 4326 4329 4332 4335 4338 4341 4344 4347 4350 4353 4356 4359 4362 4365 4368 4371 4374 4377 4380 4383 4386 4389 4392 4395 4398 4401 4404 4407 4410 4413 4416 4419 4422 4425 4428 4431 4434 4437 4440 4443 4446 4449 4452 4455 4458 4461 4464 4467 4470 4473 4476 4479 4482 4485 4488 4491 4494 4497 4500 4503 4506 4509 4512 4515 4518 4521 4524 4527 4530 4533 4536 4539 4542 4545 4548 4551 4554 4557 4560 4563 4566 4569 4572 4575 4578 4581 4584 4587 4590 4593 4596 4599 4602 4605 4608 4611 4614 4617 4620 4623 4626 4629 4632 4635 4638 4641 4644 4647 4650 4653 4656 4659 4662 4665 4668 4671 4674 4677 4680 4683 4686 4689 4692 4695 4698 4701 4704 4707 4710 4713 4716 4719 4722 4725 4728 4731 4734 4737 4740 4743 4746 4749 4752 4755 4758 4761 4764 4767 4770 4773 4776 4779 4782 4785 4788 4791 4794 4797 4800 4803 4806 4809 4812 4815 4818 4821 4824 4827 4830 4833 4836 4839 4842 4845 4848 4851 4854 4857 4860 4863 4866 4869 4872 4875 4878 4881 4884 4887 4890 4893 4896 4899 4902 4905 4908 4911 4914 4917 4920 4923 4926 4929 4932 4935 4938 4941 4944 4947 4950 4953 4956 4959 4962 4965 4968 4971 4974 4977 4980 4983 4986 4989 4992 4995 4998 5001 5004 5007 5010 5013 5016 5019 5022 5025 5028 5031 5034 5037 5040 5043 5046 5049 5052 5055 5058 5061 5064 5067 5070 5073 5076 5079 5082 5085 5088 5091 5094 5097 5100 5103 5106 5109 5112 5115 5118 5121 5124 5127 5130 5133 5136 5139 5142 5145 5148 5151 5154 5157 5160 5163 5166 5169 5172 5175 5178 5181 5184 5187 5190 5193 5196 5199 5202 5205 5208 5211 5214 5217 5220 5223 5226 5229 5232 5235 5238 5241 5244 5247 5250 5253 5256 5259 5262 5265 5268 5271 5274 5277 5280 5283 5286 5289 5292 5295 5298 5301 5304 5307 5310 5313 5316 5319 5322 5325 5328 5331 5334 5337 5340 5343 5346 5349 5352 5355 5358 5361 5364 5367 5370 5373 5376 5379 5382 5385 5388 5391 5394 5397 5400 5403 5406 5409 5412 5415 5418 5421 5424 5427 5430 5433 5436 5439 5442 5445 5448 5451 5454 5457 5460 5463 5466 5469 5472 5475 5478 5481 5484 5487 5490 5493 5496 5499 5502 5505 5508 5511 5514 5517 5520 5523 5526 5529 5532 5535 5538 5541 5544 5547 5550 5553 5556 5559 5562 5565 5568 5571 5574 5577 5580 5583 5586 5589 5592 5595 5598 5601 5604 5607 5610 5613 5616 5619 5622 5625 5628 5631 5634 5637 5640 5643 5646 5649 5652 5655 5658 5661 5664 5667 5670 5673 5676 5679 5682 5685 5688 5691 5694 5697 5700 5703 5706 5709 5712 5715 5718 5721 5724 5727 5730 5733 5736 5739 5742 5745 5748 5751 5754 5757 5760 5763 5766 5769 5772 5775 5778 5781 5784 5787 5790 5793 5796 5799 5802 5805 5808 5811 5814 5817 5820 5823 5826 5829 5832 5835 5838 5841 5844 5847 5850 5853 5856 5859 5862 5865 5868 5871 5874 5877 5880 5883 5886 5889 5892 5895 5898 5901 5904 5907 5910 5913 5916 5919 5922 5925 5928 5931 5934 5937 5940 5943 5946 5949 5952 5955 5958 5961 5964 5967 5970 5973 5976 5979 5982 5985 5988 5991 5994 5997 6000 6003 6006 6009 6012 6015 6018 6021 6024 6027 6030 6033 6036 6039 6042 6045 6048 6051 6054 6057 6060 6063 6066 6069 6072 6075 6078 6081 6084 6087 6090 6093 6096 6099 6102 6105 6108 6111 6114 6117 6120 6123 6126 6129 6132 6135 6138 6141 6144 6147 6150 6153 6156 6159 6162 6165 6168 6171 6174 6177 6180 6183 6186 6189 6192 6195 6198 6201 6204 6207 6210 6213 6216 6219 6222 6225 6228 6231 6234 6237 6240 6243 6246 6249 6252 6255 6258 6261 6264 6267 6270 6273 6276 6279 6282 6285 6288 6291 6294 6297 6300 6303 6306 6309 6312 6315 6318 6321 6324 6327 6330 6333 6336 6339 6342 6345 6348 6351 6354 6357 6360 6363 6366 6369 6372 6375 6378 6381 6384 6387 6390 6393 6396 6399 6402 6405 6408 6411 6414 6417 6420 6423 6426 6429 6432 6435 6438 6441 6444 6447 6450 6453 6456 6459 6462 6465 6468 6471 6474 6477 6480 6483 6486 6489 6492 6495 6498 6501 6504 6507 6510 6513 6516 6519 6522 6525 6528 6531 6534 6537 6540 6543 6546 6549 6552 6555 6558 6561 6564 6567 6570 6573 6576 6579 6582 6585 6588 6591 6594 6597 6600 6603 6606 6609 6612 6615 6618 6621 6624 6627 6630 6633 6636 6639 6642 6645 6648 6651 6654 6657 6660 6663 6666 6669 6672 6675 6678 6681 6684 6687 6690 6693 6696 6699 6702 6705 6708 6711 6714 6717 6720 6723 6726 6729 6732 6735 6738 6741 6744 6747 6750 6753 6756 6759 6762 6765 6768 6771 6774 6777 6780 6783 6786 6789 6792 6795 6798 6801 6804 6807 6810 6813 6816 6819 6822 6825 6828 6831 6834 6837 6840 6843 6846 6849 6852 6855 6858 6861 6864 6867 6870 6873 6876 6879 6882 6885 6888 6891 6894 6897 6900 6903 6906 6909 6912 6915 6918 6921 6924 6927 6930 6933 6936 6939 6942 6945 6948 6951 6954 6957 6960 6963 6966 6969 6972 6975 6978 6981 6984 6987 6990 6993 6996 6999 7002 7005 7008 7011 7014 7017 7020 7023 7026 7029 7032 7035 7038 7041 7044 7047 7050 7053 7056 7059 7062 7065 7068 7071 7074 7077 7080 7083 7086 7089 7092 7095 7098 7101 7104 7107 7110 7113 7116 7119 7122 7125 7128 7131 7134 7137 7140 7143 7146 7149 7152 7155 7158 7161 7164 7167 7170 7173 7176 7179 7182 7185 7188 7191 7194 7197 7200 7203 7206 7209 7212 7215 7218 7221 7224 7227 7230 7233 7236 7239 7242 7245 7248 7251 7254 7257 7260 7263 7266 7269 7272 7275 7278 7281 7284 7287 7290 7293 7296 7299 7302 7305 7308 7311 7314 7317 7320 7323 7326 7329 7332 7335 7338 7341 7344 7347 7350 7353 7356 7359 7362 7365 7368 7371 7374 7377 7380 7383 7386 7389 7392 7395 7398 7401 7404 7407 7410 7413 7416 7419 7422 7425 7428 7431 7434 7437 7440 7443 7446 7449 7452 7455 7458 7461 7464 7467 7470 7473 7476 7479 7482 7485 7488 7491 7494 7497 7500 7503 7506 7509 7512 7515 7518 7521 7524 7527 7530 7533 7536 7539 7542 7545 7548 7551 7554 7557 7560 7563 7566 7569 7572 7575 7578 7581 7584 7587 7590 7593 7596 7599 7602 7605 7608 7611 7614 7617 7620 7623 7626 7629 7632 7635 7638 7641 7644 7647 7650 7653 7656 7659 7662 7665 7668 7671 7674 7677 7680 7683 7686 7689 7692 7695 7698 7701 7704 7707 7710 7713 7716 7719 7722 7725 7728 7731 7734 7737 7740 7743 7746 7749 7752 7755 7758 7761 7764 7767 7770 7773 7776 7779 7782 7785 7788 7791 7794 7797 7800 7803 7806 7809 7812 7815 7818 7821 7824 7827 7830 7833 7836 7839 7842 7845 7848 7851 7854 7857 7860 7863 7866 7869 7872 7875 7878 7881 7884 7887 7890 7893 7896 7899 7902 7905 7908 7911 7914 7917 7920 7923 7926 7929 7932 7935 7938 7941 7944 7947 7950 7953 7956 7959 7962 7965 7968 7971 7974 7977 7980 7983 7986 7989 7992 7995 7998 8001 8004 8007 8010 8013 8016 8019 8022 8025 8028 8031 8034 8037 8040 8043 8046 8049 8052 8055 8058 8061 8064 8067 8070 8073 8076 8079 8082 8085 8088 8091 8094 8097 8100 8103 8106 8109 8112 8115 8118 8121 8124 8127 8130 8133 8136 8139 8142 8145 8148 8151 8154 8157 8160 8163 8166 8169 8172 8175 8178 8181 8184 8187 8190 8193 8196 8199 8202 8205 8208 8211 8214 8217 8220 8223 8226 8229 8232 8235 8238 8241 8244 8247 8250 8253 8256 8259 8262 8265 8268 8271 8274 8277 8280 8283 8286 8289 8292 8295 8298 8301 8304 8307 8310 8313 8316 8319 8322 8325 8328 8331 8334 8337 8340 8343 8346 8349 8352 8355 8358 8361 8364 8367 8370 8373 8376 8379 8382 8385 8388 8391 8394 8397 8400 8403 8406 8409 8412 8415 8418 8421 8424 8427 8430 8433 8436 8439 8442 8445 8448 8451 8454 8457 8460 8463 8466 8469 8472 8475 8478 8481 8484 8487 8490 8493 8496 8499 8502 8505 8508 8511 8514 8517 8520 8523 8526 8529 8532 8535 8538 8541 8544 8547 8550 8553 8556 8559 8562 8565 8568 8571 8574 8577 8580 8583 8586 8589 8592 8595 8598 8601 8604 8607 8610 8613 8616 8619 8622 8625 8628 8631 8634 8637 8640 8643 8646 8649 8652 8655 8658 8661 8664 8667 8670 8673 8676 8679 8682 8685 8688 8691 8694 8697 8700 8703 8706 8709 8712 8715 8718 8721 8724 8727 8730 8733 8736 8739 8742 8745 8748 8751 8754 8757 8760 8763 8766 8769 8772 8775 8778 8781 8784 8787 8790 8793 8796 8799 8802 8805 8808 8811 8814 8817 8820 8823 8826 8829 8832 8835 8838 8841 8844 8847 8850 8853 8856 8859 8862 8865 8868 8871 8874 8877 8880 8883 8886 8889 8892 8895 8898 8901 8904 8907 8910 8913 8916 8919 8922 8925 8928 8931 8934 8937 8940 8943 8946 8949 8952 8955 8958 8961 8964 8967 8970 8973 8976 8979 8982 8985 8988 8991 8994 8997 9000 9003 9006 9009 9012 9015 9018 9021 9024 9027 9030 9033 9036 9039 9042 9045 9048 9051 9054 9057 9060 9063 9066 9069 9072 9075 9078 9081 9084 9087 9090 9093 9096 9099 9102 9105 9108 9111 9114 9117 9120 9123 9126 9129 9132 9135 9138 9141 9144 9147 9150 9153 9156 9159 9162 9165 9168 9171 9174 9177 9180 9183 9186 9189 9192 9195 9198 9201 9204 9207 9210 9213 9216 9219 9222 9225 9228 9231 9234 9237 9240 9243 9246 9249 9252 9255 9258 9261 9264 9267 9270 9273 9276 9279 9282 9285 9288 9291 9294 9297 9300 9303 9306 9309 9312 9315 9318 9321 9324 9327 9330 9333 9336 9339 9342 9345 9348 9351 9354 9357 9360 9363 9366 9369 9372 9375 9378 9381 9384 9387 9390 9393 9396 9399 9402 9405 9408 9411 9414 9417 9420 9423 9426 9429 9432 9435 9438 9441 9444 9447 9450 9453 9456 9459 9462 9465 9468 9471 9474 9477 9480 9483 9486 9489 9492 9495 9498 9501 9504 9507 9510 9513 9516 9519 9522 9525 9528 9531 9534 9537 9540 9543 9546 9549 9552 9555 9558 9561 9564 9567 9570 9573 9576 9579 9582 9585 9588 9591 9594 9597 9600 9603 9606 9609 9612 9615 9618 9621 9624 9627 9630 9633 9636 9639 9642 9645 9648 9651 9654 9657 9660 9663 9666 9669 9672 9675 9678 9681 9684 9687 9690 9693 9696 9699 9702 9705 9708 9711 9714 9717 9720 9723 9726 9729 9732 9735 9738 9741 9744 9747 9750 9753 9756 9759 9762 9765 9768 9771 9774 9777 9780 9783 9786 9789 9792 9795 9798 9801 9804 9807 9810 9813 9816 9819 9822 9825 9828 9831 9834 9837 9840 9843 9846 9849 9852 9855 9858 9861 9864 9867 9870 9873 9876 9879 9882 9885 9888 9891 9894 9897 9900 9903 9906 9909 9912 9915 9918 9921 9924 9927 9930 9933 9936 9939 9942 9945 9948 9951 9954 9957 9960 9963 9966 9969 9972 9975 9978 9981 9984 9987 9990 9993 9996 9999 10002 10005 10008 10011 10014 10017 10020 10023 10026 10029 10032 10035 10038 10041 10044 10047 10050 10053 10056 10059 10062 10065 10068 10071 10074 10077 10080 10083 10086 10089 10092 10095 10098 10101 10104 10107 10110 10113 10116 10119 10122 10125 10128 10131 10134 10137 10140 10143 10146 10149 10152 10155 10158 10161 10164 10167 10170 10173 10176 10179 10182 10185 10188 10191 10194 10197 10200 10203 10206 10209 10212 10215 10218 10221 10224 10227 10230 10233 10236 10239 10242 10245 10248 10251 10254 10257 10260 10263 10266 10269 10272 10275 10278 10281 10284 10287 10290 10293 10296 10299 10302 10305 10308 10311 10314 10317 10320 10323 10326 10329 10332 10335 10338 10341 10344 10347 10350 10353 10356 10359 10362 10365 10368 10371 10374 10377 10380 10383 10386 10389 10392 10395 10398 10401 10404 10407 10410 10413 10416 10419 10422 10425 10428 10431 10434 10437 10440 10443 10446 10449 10452 10455 10458 10461 10464 10467 10470 10473 10476 10479 10482 10485 10488 10491 10494 10497 10500 10503 10506 10509 10512 10515 10518 10521 10524 10527 10530 10533 10536 10539 10542 10545 10548 10551 10554 10557 10560 10563 10566 10569 10572 10575 10578 10581 10584 10587 10590 10593 10596 10599 10602 10605 10608 10611 10614 10617 10620 10623 10626 10629 10632 10635 10638 10641 10644 10647 10650 10653 10656 10659 10662 10665 10668 10671 10674 10677 10680 10683 10686 10689 10692 10695 10698 10701 10704 10707 10710 10713 10716 10719 10722 10725 10728 10731 10734 10737 10740 10743 10746 10749 10752 10755 10758 10761 10764 10767 10770 10773 10776 10779 10782 10785 10788 10791 10794 10797 10800 10803 10806 10809 10812 10815 10818 10821 10824 10827 10830 10833 10836 10839 10842 10845 10848 10851 10854 10857 10860 10863 10866 10869 10872 10875 10878 10881 10884 10887 10890 10893 10896 10899 10902 10905 10908 10911 10914 10917 10920 10923 10926 10929 10932 10935 10938 10941 10944 10947 10950 10953 10956 10959 10962 10965 10968 10971 10974 10977 10980 10983 10986 10989 10992 10995 10998 11001 11004 11007 11010 11013 11016 11019 11022 11025 11028 11031 11034 11037 11040 11043 11046 11049 11052 11055 11058 11061 11064 11067 11070 11073 11076 11079 11082 11085 11088 11091 11094 11097 11100 11103 11106 11109 11112 11115 11118 11121 11124 11127 11130 11133 11136 11139 11142 11145 11148 11151 11154 11157 11160 11163 11166 11169 11172 11175 11178 11181 11184 11187 11190 11193 11196 11199 11202 11205 11208 11211 11214 11217 11220 11223 11226 11229 11232 11235 11238 11241 11244 11247 11250 11253 11256 11259 11262 11265 11268 11271 11274 11277 11280 11283 11286 11289 11292 11295 11298 11301 11304 11307 11310 11313 11316 11319 11322 11325 11328 11331 11334 11337 11340 11343 11346 11349 11352 11355 11358 11361 11364 11367 11370 11373 11376 11379 11382 11385 11388 11391 11394 11397 11400 11403 11406 11409 11412 11415 11418 11421 11424 11427 11430 11433 11436 11439 11442 11445 11448 11451 11454 11457 11460 11463 11466 11469 11472 11475 11478 11481 11484 11487 11490 11493 11496 11499 11502 11505 11508 11511 11514 11517 11520 11523 11526 11529 11532 11535 11538 11541 11544 11547 11550 11553 11556 11559 11562 11565 11568 11571 11574 11577 11580 11583 11586 11589 11592 11595 11598 11601 11604 11607 11610 11613 11616 11619 11622 11625 11628 11631 11634 11637 11640 11643 11646 11649 11652 11655 11658 11661 11664 11667 11670 11673 11676 11679 11682 11685 11688 11691 11694 11697 11700 11703 11706 11709 11712 11715 11718 11721 11724 11727 11730 11733 11736 11739 11742 11745 11748 11751 11754 11757 11760 11763 11766 11769 11772 11775 11778 11781 11784 11787 11790 11793 11796 11799 11802 11805 11808 11811 11814 11817 11820 11823 11826 11829 11832 11835 11838 11841 11844 11847 11850 11853 11856 11859 11862 11865 11868 11871 11874 11877 11880 11883 11886 11889 11892 11895 11898 11901 11904 11907 11910 11913 11916 11919 11922 11925 11928 11931 11934 11937 11940 11943 11946 11949 11952 11955 11958 11961 11964 11967 11970 11973 11976 11979 11982 11985 11988 11991 11994 11997 12000 12003 12006 12009 12012 12015 12018 12021 12024 12027 12030 12033 12036 12039 12042 12045 12048 12051 12054 12057 12060 12063 12066 12069 12072 12075 12078 12081 12084 12087 12090 12093 12096 12099 12102 12105 12108 12111 12114 12117 12120 12123 12126 12129 12132 12135 12138 12141 12144 12147 12150 12153 12156 12159 12162 12165 12168 12171 12174 12177 12180 12183 12186 12189 12192 12195 12198 12201 12204 12207 12210 12213 12216 12219 12222 12225 12228 12231 12234 12237 12240 12243 12246 12249 12252 12255 12258 12261 12264 12267 12270 12273 12276 12279 12282 12285 12288 12291 12294 12297 12300 12303 12306 12309 12312 12315 12318 12321 12324 12327 12330 12333 12336 12339 12342 12345 12348 12351 12354 12357 12360 12363 12366 12369 12372 12375 12378 12381 12384 12387 12390 12393 12396 12399 12402 12405 12408 12411 12414 12417 12420 12423 12426 12429 12432 12435 12438 12441 12444 12447 12450 12453 12456 12459 12462 12465 12468 12471 12474 12477 12480 12483 12486 12489 12492 12495 12498 12501 12504 12507 12510 12513 12516 12519 12522 12525 12528 12531 12534 12537 12540 12543 12546 12549 12552 12555 12558 12561 12564 12567 12570 12573 12576 12579 12582 12585 12588 12591 12594 12597 12600 12603 12606 12609 12612 12615 12618 12621 12624 12627 12630 12633 12636 12639 12642 12645 12648 12651 12654 12657 12660 12663 12666 12669 12672 12675 12678 12681 12684 12687 12690 12693 12696 12699 12702 12705 12708 12711 12714 12717 12720 12723 12726 12729 12732 12735 12738 12741 12744 12747 12750 12753 12756 12759 12762 12765 12768 12771 12774 12777 12780 12783 12786 12789 12792 12795 12798 12801 12804 12807 12810 12813 12816 12819 12822 12825 12828 12831 12834 12837 12840 12843 12846 12849 12852 12855 12858 12861 12864 12867 12870 12873 12876 12879 12882 12885 12888 12891 12894 12897 12900 12903 12906 12909 12912 12915 12918 12921 12924 12927 12930 12933 12936 12939 12942 12945 12948 12951 12954 12957 12960 12963 12966 12969 12972 12975 12978 12981 12984 12987 12990 12993 12996 12999 13002 13005 13008 13011 13014 13017 13020 13023 13026 13029 13032 13035 13038 13041 13044 13047 13050 13053 13056 13059 13062 13065 13068 13071 13074 13077 13080 13083 13086 13089 13092 13095 13098 13101 13104 13107 13110 13113 13116 13119 13122 13125 13128 13131 13134 13137 13140 13143 13146 13149 13152 13155 13158 13161 13164 13167 13170 13173 13176 13179 13182 13185 13188 13191 13194 13197 13200 13203 13206 13209 13212 13215 13218 13221 13224 13227 13230 13233 13236 13239 13242 13245 13248 13251 13254 13257 13260 13263 13266 13269 13272 13275 13278 13281 13284 13287 13290 13293 13296 13299 13302 13305 13308 13311 13314 13317 13320 13323 13326 13329 13332 13335 13338 13341 13344 13347 13350 13353 13356 13359 13362 13365 13368 13371 13374 13377 13380 13383 13386 13389 13392 13395 13398 13401 13404 13407 13410 13413 13416 13419 13422 13425 13428 13431 13434 13437 13440 13443 13446 13449 13452 13455 13458 13461 13464 13467 13470 13473 13476 13479 13482 13485 13488 13491 13494 13497 13500 13503 13506 13509 13512 13515 13518 13521 13524 13527 13530 13533 13536 13539 13542 13545 13548 13551 13554 13557 13560 13563 13566 13569 13572 13575 13578 13581 13584 13587 13590 13593 13596 13599 13602 13605 13608 13611 13614 13617 13620 13623 13626 13629 13632 13635 13638 13641 13644 13647 13650 13653 13656 13659 13662 13665 13668 13671 13674 13677 13680 13683 13686 13689 13692 13695 13698 13701 13704 13707 13710 13713 13716 13719 13722 13725 13728 13731 13734 13737 13740 13743 13746 13749 13752 13755 13758 13761 13764 13767 13770 13773 13776 13779 13782 13785 13788 13791 13794 13797 13800 13803 13806 13809 13812 13815 13818 13821 13824 13827 13830 13833 13836 13839 13842 13845 13848 13851 13854 13857 13860 13863 13866 13869 13872 13875 13878 13881 13884 13887 13890 13893 13896 13899 13902 13905 13908 13911 13914 13917 13920 13923 13926 13929 13932 13935 13938 13941 13944 13947 13950 13953 13956 13959 13962 13965 13968 13971 13974 13977 13980 13983 13986 13989 13992 13995 13998 14001 14004 14007 14010 14013 14016 14019 14022 14025 14028 14031 14034 14037 14040 14043 14046 14049 14052 14055 14058 14061 14064 14067 14070 14073 14076 14079 14082 14085 14088 14091 14094 14097 14100 14103 14106 14109 14112 14115 14118 14121 14124 14127 14130 14133 14136 14139 14142 14145 14148 14151 14154 14157 14160 14163 14166 14169 14172 14175 14178 14181 14184 14187 14190 14193 14196 14199 14202 14205 14208 14211 14214 14217 14220 14223 14226 14229 14232 14235 14238 14241 14244 14247 14250 14253 14256 14259 14262 14265 14268 14271 14274 14277 14280 14283 14286 14289 14292 14295 14298 14301 14304 14307 14310 14313 14316 14319 14322 14325 14328 14331 14334 14337 14340 14343 14346 14349 14352 14355 14358 14361 14364 14367 14370 14373 14376 14379 14382 14385 14388 14391 14394 14397 14400 14403 14406 14409 14412 14415 14418 14421 14424 14427 14430 14433 14436 14439 14442 14445 14448 14451 14454 14457 14460 14463 14466 14469 14472 14475 14478 14481 14484 14487 14490 14493 14496 14499 14502 14505 14508 14511 14514 14517 14520 14523 14526 14529 14532 14535 14538 14541 14544 14547 14550 14553 14556 14559 14562 14565 14568 14571 14574 14577 14580 14583 14586 14589 14592 14595 14598 14601 14604 14607 14610 14613 14616 14619 14622 14625 14628 14631 14634 14637 14640 14643 14646 14649 14652 14655 14658 14661 14664 14667 14670 14673 14676 14679 14682 14685 14688 14691 14694 14697 14700 14703 14706 14709 14712 14715 14718 14721 14724 14727 14730 14733 14736 14739 14742 14745 14748 14751 14754 14757 14760 14763 14766 14769 14772 14775 14778 14781 14784 14787 14790 14793 14796 14799 14802 14805 14808 14811 14814 14817 14820 14823 14826 14829 14832 14835 14838 14841 14844 14847 14850 14853 14856 14859 14862 14865 14868 14871 14874 14877 14880 14883 14886 14889 14892 14895 14898 14901 14904 14907 14910 14913 14916 14919 14922 14925 14928 14931 14934 14937 14940 14943 14946 14949 14952 14955 14958 14961 14964 14967 14970 14973 14976 14979 14982 14985 14988 14991 14994 14997 15000 15003 15006 15009 15012 15015 15018 15021 15024 15027 15030 15033 15036 15039 15042 15045 15048 15051 15054 15057 15060 15063 15066 15069 15072 15075 15078 15081 15084 15087 15090 15093 15096 15099 15102 15105 15108 15111 15114 15117 15120 15123 15126 15129 15132 15135 15138 15141 15144 15147 15150 15153 15156 15159 15162 15165 15168 15171 15174 15177 15180 15183 15186 15189 15192 15195 15198 15201 15204 15207 15210 15213 15216 15219 15222 15225 15228 15231 15234 15237 15240 15243 15246 15249 15252 15255 15258 15261 15264 15267 15270 15273 15276 15279 15282 15285 15288 15291 15294 15297 15300 15303 15306 15309 15312 15315 15318 15321 15324 15327 15330 15333 15336 15339 15342 15345 15348 15351 15354 15357 15360 15363 15366 15369 15372 15375 15378 15381 15384 15387 15390 15393 15396 15399 15402 15405 15408 15411 15414 15417 15420 15423 15426 15429 15432 15435 15438 15441 15444 15447 15450 15453 15456 15459 15462 15465 15468 15471 15474 15477 15480 15483 15486 15489 15492 15495 15498 15501 15504 15507 15510 15513 15516 15519 15522 15525 15528 15531 15534 15537 15540 15543 15546 15549 15552 15555 15558 15561 15564 15567 15570 15573 15576 15579 15582 15585 15588 15591 15594 15597 15600 15603 15606 15609 15612 15615 15618 15621 15624 15627 15630 15633 15636 15639 15642 15645 15648 15651 15654 15657 15660 15663 15666 15669 15672 15675 15678 15681 15684 15687 15690 15693 15696 15699 15702 15705 15708 15711 15714 15717 15720 15723 15726 15729 15732 15735 15738 15741 15744 15747 15750 15753 15756 15759 15762 15765 15768 15771 15774 15777 15780 15783 15786 15789 15792 15795 15798 15801 15804 15807 15810 15813 15816 15819 15822 15825 15828 15831 15834 15837 15840 15843 15846 15849 15852 15855 15858 15861 15864 15867 15870 15873 15876 15879 15882 15885 15888 15891 15894 15897 15900 15903 15906 15909 15912 15915 15918 15921 15924 15927 15930 15933 15936 15939 15942 15945 15948 15951 15954 15957 15960 15963 15966 15969 15972 15975 15978 15981 15984 15987 15990 15993 15996 15999 16002 16005 16008 16011 16014 16017 16020 16023 16026 16029 16032 16035 16038 16041 16044 16047 16050 16053 16056 16059 16062 16065 16068 16071 16074 16077 16080 16083 16086 16089 16092 16095 16098 16101 16104 16107 16110 16113 16116 16119 16122 16125 16128 16131 16134 16137 16140 16143 16146 16149 16152 16155 16158 16161 16164 16167 16170 16173 16176 16179 16182 16185 16188 16191 16194 16197 16200 16203 16206 16209 16212 16215 16218 16221 16224 16227 16230 16233 16236 16239 16242 16245 16248 16251 16254 16257 16260 16263 16266 16269 16272 16275 16278 16281 16284 16287 16290 16293 16296 16299 16302 16305 16308 16311 16314 16317 16320 16323 16326 16329 16332 16335 16338 16341 16344 16347 16350 16353 16356 16359 16362 16365 16368 16371 16374 16377 16380 16383 16386 16389 16392 16395 16398 16401 16404 16407 16410 16413 16416 16419 16422 16425 16428 16431 16434 16437 16440 16443 16446 16449 16452 16455 16458 16461 16464 16467 16470 16473 16476 16479 16482 16485 16488 16491 16494 16497 16500 16503 16506 16509 16512 16515 16518 16521 16524 16527 16530 16533 16536 16539 16542 16545 16548 16551 16554 16557 16560 16563 16566 16569 16572 16575 16578 16581 16584 16587 16590 16593 16596 16599 16602 16605 16608 16611 16614 16617 16620 16623 16626 16629 16632 16635 16638 16641 16644 16647 16650 16653 16656 16659 16662 16665 16668 16671 16674 16677 16680 16683 16686 16689 16692 16695 16698 16701 16704 16707 16710 16713 16716 16719 16722 16725 16728 16731 16734 16737 16740 16743 16746 16749 16752 16755 16758 16761 16764 16767 16770 16773 16776 16779 16782 16785 16788 16791 16794 16797 16800 16803 16806 16809 16812 16815 16818 16821 16824 16827 16830 16833 16836 16839 16842 16845 16848 16851 16854 16857 16860 16863 16866 16869 16872 16875 16878 16881 16884 16887 16890 16893 16896 16899 16902 16905 16908 16911 16914 16917 16920 16923 16926 16929 16932 16935 16938 16941 16944 16947 16950 16953 16956 16959 16962 16965 16968 16971 16974 16977 16980 16983 16986 16989 16992 16995 16998 17001 17004 17007 17010 17013 17016 17019 17022 17025 17028 17031 17034 17037 17040 17043 17046 17049 17052 17055 17058 17061 17064 17067 17070 17073 17076 17079 17082 17085 17088 17091 17094 17097 17100 17103 17106 17109 17112 17115 17118 17121 17124 17127 17130 17133 17136 17139 17142 17145 17148 17151 17154 17157 17160 17163 17166 17169 17172 17175 17178 17181 17184 17187 17190 17193 17196 17199 17202 17205 17208 17211 17214 17217 17220 17223 17226 17229 17232 17235 17238 17241 17244 17247 17250 17253 17256 17259 17262 17265 17268 17271 17274 17277 17280 17283 17286 17289 17292 17295 17298 17301 17304 17307 17310 17313 17316 17319 17322 17325 17328 17331 17334 17337 17340 17343 17346 17349 17352 17355 17358 17361 17364 17367 17370 17373 17376 17379 17382 17385 17388 17391 17394 17397 17400 17403 17406 17409 17412 17415 17418 17421 17424 17427 17430 17433 17436 17439 17442 17445 17448 17451 17454 17457 17460 17463 17466 17469 17472 17475 17478 17481 17484 17487 17490 17493 17496 17499 17502 17505 17508 17511 17514 17517 17520 17523 17526 17529 17532 17535 17538 17541 17544 17547 17550 17553 17556 17559 17562 17565 17568 17571 17574 17577 17580 17583 17586 17589 17592 17595 17598 17601 17604 17607 17610 17613 17616 17619 17622 17625 17628 17631 17634 17637 17640 17643 17646 17649 17652 17655 17658 17661 17664 17667 17670 17673 17676 17679 17682 17685 17688 17691 17694 17697 17700 17703 17706 17709 17712 17715 17718 17721 17724 17727 17730 17733 17736 17739 17742 17745 17748 17751 17754 17757 17760 17763 17766 17769 17772 17775 17778 17781 17784 17787 17790 17793 17796 17799 17802 17805 17808 17811 17814 17817 17820 17823 17826 17829 17832 17835 17838 17841 17844 17847 17850 17853 17856 17859 17862 17865 17868 17871 17874 17877 17880 17883 17886 17889 17892 17895 17898 17901 17904 17907 17910 17913 17916 17919 17922 17925 17928 17931 17934 17937 17940 17943 17946 17949 17952 17955 17958 17961 17964 17967 17970 17973 17976 17979 17982 17985 17988 17991 17994 17997 18000 18003 18006 18009 18012 18015 18018 18021 18024 18027 18030 18033 18036 18039 18042 18045 18048 18051 18054 18057 18060 18063 18066 18069 18072 18075 18078 18081 18084 18087 18090 18093 18096 18099 18102 18105 18108 18111 18114 18117 18120 18123 18126 18129 18132 18135 18138 18141 18144 18147 18150 18153 18156 18159 18162 18165 18168 18171 18174 18177 18180 18183 18186 18189 18192 18195 18198 18201 18204 18207 18210 18213 18216 18219 18222 18225 18228 18231 18234 18237 18240 18243 18246 18249 18252 18255 18258 18261 18264 18267 18270 18273 18276 18279 18282 18285 18288 18291 18294 18297 18300 18303 18306 18309 18312 18315 18318 18321 18324 18327 18330 18333 18336 18339 18342 18345 18348 18351 18354 18357 18360 18363 18366 18369 18372 18375 18378 18381 18384 18387 18390 18393 18396 18399 18402 18405 18408 18411 18414 18417 18420 18423 18426 18429 18432 18435 18438 18441 18444 18447 18450 18453 18456 18459 18462 18465 18468 18471 18474 18477 18480 18483 18486 18489 18492 18495 18498 18501 18504 18507 18510 18513 18516 18519 18522 18525 18528 18531 18534 18537 18540 18543 18546 18549 18552 18555 18558 18561 18564 18567 18570 18573 18576 18579 18582 18585 18588 18591 18594 18597 18600 18603 18606 18609 18612 18615 18618 18621 18624 18627 18630 18633 18636 18639 18642 18645 18648 18651 18654 18657 18660 18663 18666 18669 18672 18675 18678 18681 18684 18687 18690 18693 18696 18699 18702 18705 18708 18711 18714 18717 18720 18723 18726 18729 18732 18735 18738 18741 18744 18747 18750 18753 18756 18759 18762 18765 18768 18771 18774 18777 18780 18783 18786 18789 18792 18795 18798 18801 18804 18807 18810 18813 18816 18819 18822 18825 18828 18831 18834 18837 18840 18843 18846 18849 18852 18855 18858 18861 18864 18867 18870 18873 18876 18879 18882 18885 18888 18891 18894 18897 18900 18903 18906 18909 18912 18915 18918 18921 18924 18927 18930 18933 18936 18939 18942 18945 18948 18951 18954 18957 18960 18963 18966 18969 18972 18975 18978 18981 18984 18987 18990 18993 18996 18999 19002 19005 19008 19011 19014 19017 19020 19023 19026 19029 19032 19035 19038 19041 19044 19047 19050 19053 19056 19059 19062 19065 19068 19071 19074 19077 19080 19083 19086 19089 19092 19095 19098 19101 19104 19107 19110 19113 19116 19119 19122 19125 19128 19131 19134 19137 19140 19143 19146 19149 19152 19155 19158 19161 19164 19167 19170 19173 19176 19179 19182 19185 19188 19191 19194 19197 19200 19203 19206 19209 19212 19215 19218 19221 19224 19227 19230 19233 19236 19239 19242 19245 19248 19251 19254 19257 19260 19263 19266 19269 19272 19275 19278 19281 19284 19287 19290 19293 19296 19299 19302 19305 19308 19311 19314 19317 19320 19323 19326 19329 19332 19335 19338 19341 19344 19347 19350 19353 19356 19359 19362 19365 19368 19371 19374 19377 19380 19383 19386 19389 19392 19395 19398 19401 19404 19407 19410 19413 19416 19419 19422 19425 19428 19431 19434 19437 19440 19443 19446 19449 19452 19455 19458 19461 19464 19467 19470 19473 19476 19479 19482 19485 19488 19491 19494 19497 19500 19503 19506 19509 19512 19515 19518 19521 19524 19527 19530 19533 19536 19539 19542 19545 19548 19551 19554 19557 19560 19563 19566 19569 19572 19575 19578 19581 19584 19587 19590 19593 19596 19599 19602 19605 19608 19611 19614 19617 19620 19623 19626 19629 19632 19635 19638 19641 19644 19647 19650 19653 19656 19659 19662 19665 19668 19671 19674 19677 19680 19683 19686 19689 19692 19695 19698 19701 19704 19707 19710 19713 19716 19719 19722 19725 19728 19731 19734 19737 19740 19743 19746 19749 19752 19755 19758 19761 19764 19767 19770 19773 19776 19779 19782 19785 19788 19791 19794 19797 19800 19803 19806 19809 19812 19815 19818 19821 19824 19827 19830 19833 19836 19839 19842 19845 19848 19851 19854 19857 19860 19863 19866 19869 19872 19875 19878 19881 19884 19887 19890 19893 19896 19899 19902 19905 19908 19911 19914 19917 19920 19923 19926 19929 19932 19935 19938 19941 19944 19947 19950 19953 19956 19959 19962 19965 19968 19971 19974 19977 19980 19983 19986 19989 19992 19995 19998 20001 20004 20007 20010 20013 20016 20019 20022 20025 20028 20031 20034 20037 20040 20043 20046 20049 20052 20055 20058 20061 20064 20067 20070 20073 20076 20079 20082 20085 20088 20091 20094 20097 20100 20103 20106 20109 20112 20115 20118 20121 20124 20127 20130 20133 20136 20139 20142 20145 20148 20151 20154 20157 20160 20163 20166 20169 20172 20175 20178 20181 20184 20187 20190 20193 20196 20199 20202 20205 20208 20211 20214 20217 20220 20223 20226 20229 20232 20235 20238 20241 20244 20247 20250 20253 20256 20259 20262 20265 20268 20271 20274 20277 20280 20283 20286 20289 20292 20295 20298 20301 20304 20307 20310 20313 20316 20319 20322 20325 20328 20331 20334 20337 20340 20343 20346 20349 20352 20355 20358 20361 20364 20367 20370 20373 20376 20379 20382 20385 20388 20391 20394 20397 20400 20403 20406 20409 20412 20415 20418 20421 20424 20427 20430 20433 20436 20439 20442 20445 20448 20451 20454 20457 20460 20463 20466 20469 20472 20475 20478 20481 20484 20487 20490 20493 20496 20499 20502 20505 20508 20511 20514 20517 20520 20523 20526 20529 20532 20535 20538 20541 20544 20547 20550 20553 20556 20559 20562 20565 20568 20571 20574 20577 20580 20583 20586 20589 20592 20595 20598 20601 20604 20607 20610 20613 20616 20619 20622 20625 20628 20631 20634 20637 20640 20643 20646 20649 20652 20655 20658 20661 20664 20667 20670 20673 20676 20679 20682 20685 20688 20691 20694 20697 20700 20703 20706 20709 20712 20715 20718 20721 20724 20727 20730 20733 20736 20739 20742 20745 20748 20751 20754 20757 20760 20763 20766 20769 20772 20775 20778 20781 20784 20787 20790 20793 20796 20799 20802 20805 20808 20811 20814 20817 20820 20823 20826 20829 20832 20835 20838 20841 20844 20847 20850 20853 20856 20859 20862 20865 20868 20871 20874 20877 20880 20883 20886 20889 20892 20895 20898 20901 20904 20907 20910 20913 20916 20919 20922 20925 20928 20931 20934 20937 20940 20943 20946 20949 20952 20955 20958 20961 20964 20967 20970 20973 20976 20979 20982 20985 20988 20991 20994 20997 21000 21003 21006 21009 21012 21015 21018 21021 21024 21027 21030 21033 21036 21039 21042 21045 21048 21051 21054 21057 21060 21063 21066 21069 21072 21075 21078 21081 21084 21087 21090 21093 21096 21099 21102 21105 21108 21111 21114 21117 21120 21123 21126 21129 21132 21135 21138 21141 21144 21147 21150 21153 21156 21159 21162 21165 21168 21171 21174 21177 21180 21183 21186 21189 21192 21195 21198 21201 21204 21207 21210 21213 21216 21219 21222 21225 21228 21231 21234 21237 21240 21243 21246 21249 21252 21255 21258 21261 21264 21267 21270 21273 21276 21279 21282 21285 21288 21291 21294 21297 21300 21303 21306 21309 21312 21315 21318 21321 21324 21327 21330 21333 21336 21339 21342 21345 21348 21351 21354 21357 21360 21363 21366 21369 21372 21375 21378 21381 21384 21387 21390 21393 21396 21399 21402 21405 21408 21411 21414 21417 21420 21423 21426 21429 21432 21435 21438 21441 21444 21447 21450 21453 21456 21459 21462 21465 21468 21471 21474 21477 21480 21483 21486 21489 21492 21495 21498 21501 21504 21507 21510 21513 21516 21519 21522 21525 21528 21531 21534 21537 21540 21543 21546 21549 21552 21555 21558 21561 21564 21567 21570 21573 21576 21579 21582 21585 21588 21591 21594 21597 21600 21603 21606 21609 21612 21615 21618 21621 21624 21627 21630 21633 21636 21639 21642 21645 21648 21651 21654 21657 21660 21663 21666 21669 21672 21675 21678 21681 21684 21687 21690 21693 21696 21699 21702 21705 21708 21711 21714 21717 21720 21723 21726 21729 21732 21735 21738 21741 21744 21747 21750 21753 21756 21759 21762 21765 21768 21771 21774 21777 21780 21783 21786 21789 21792 21795 21798 21801 21804 21807 21810 21813 21816 21819 21822 21825 21828 21831 21834 21837 21840 21843 21846 21849 21852 21855 21858 21861 21864 21867 21870 21873 21876 21879 21882 21885 21888 21891 21894 21897 21900 21903 21906 21909 21912 21915 21918 21921 21924 21927 21930 21933 21936 21939 21942 21945 21948 21951 21954 21957 21960 21963 21966 21969 21972 21975 21978 21981 21984 21987 21990 21993 21996 21999 22002 22005 22008 22011 22014 22017 22020 22023 22026 22029 22032 22035 22038 22041 22044 22047 22050 22053 22056 22059 22062 22065 22068 22071 22074 22077 22080 22083 22086 22089 22092 22095 22098 22101 22104 22107 22110 22113 22116 22119 22122 22125 22128 22131 22134 22137 22140 22143 22146 22149 22152 22155 22158 22161 22164 22167 22170 22173 22176 22179 22182 22185 22188 22191 22194 22197 22200 22203 22206 22209 22212 22215 22218 22221 22224 22227 22230 22233 22236 22239 22242 22245 22248 22251 22254 22257 22260 22263 22266 22269 22272 22275 22278 22281 22284 22287 22290 22293 22296 22299 22302 22305 22308 22311 22314 22317 22320 22323 22326 22329 22332 22335 22338 22341 22344 22347 22350 22353 22356 22359 22362 22365 22368 22371 22374 22377 22380 22383 22386 22389 22392 22395 22398 22401 22404 22407 22410 22413 22416 22419 22422 22425 22428 22431 22434 22437 22440 22443 22446 22449 22452 22455 22458 22461 22464 22467 22470 22473 22476 22479 22482 22485 22488 22491 22494 22497 22500 22503 22506 22509 22512 22515 22518 22521 22524 22527 22530 22533 22536 22539 22542 22545 22548 22551 22554 22557 22560 22563 22566 22569 22572 22575 22578 22581 22584 22587 22590 22593 22596 22599 22602 22605 22608 22611 22614 22617 22620 22623 22626 22629 22632 22635 22638 22641 22644 22647 22650 22653 22656 22659 22662 22665 22668 22671 22674 22677 22680 22683 22686 22689 22692 22695 22698 22701 22704 22707 22710 22713 22716 22719 22722 22725 22728 22731 22734 22737 22740 22743 22746 22749 22752 22755 22758 22761 22764 22767 22770 22773 22776 22779 22782 22785 22788 22791 22794 22797 22800 22803 22806 22809 22812 22815 22818 22821 22824 22827 22830 22833 22836 22839 22842 22845 22848 22851 22854 22857 22860 22863 22866 22869 22872 22875 22878 22881 22884 22887 22890 22893 22896 22899 22902 22905 22908 22911 22914 22917 22920 22923 22926 22929 22932 22935 22938 22941 22944 22947 22950 22953 22956 22959 22962 22965 22968 22971 22974 22977 22980 22983 22986 22989 22992 22995 22998 23001 23004 23007 23010 23013 23016 23019 23022 23025 23028 23031 23034 23037 23040 23043 23046 23049 23052 23055 23058 23061 23064 23067 23070 23073 23076 23079 23082 23085 23088 23091 23094 23097 23100 23103 23106 23109 23112 23115 23118 23121 23124 23127 23130 23133 23136 23139 23142 23145 23148 23151 23154 23157 23160 23163 23166 23169 23172 23175 23178 23181 23184 23187 23190 23193 23196 23199 23202 23205 23208 23211 23214 23217 23220 23223 23226 23229 23232 23235 23238 23241 23244 23247 23250 23253 23256 23259 23262 23265 23268 23271 23274 23277 23280 23283 23286 23289 23292 23295 23298 23301 23304 23307 23310 23313 23316 23319 23322 23325 23328 23331 23334 23337 23340 23343 23346 23349 23352 23355 23358 23361 23364 23367 23370 23373 23376 23379 23382 23385 23388 23391 23394 23397 23400 23403 23406 23409 23412 23415 23418 23421 23424 23427 23430 23433 23436 23439 23442 23445 23448 23451 23454 23457 23460 23463 23466 23469 23472 23475 23478 23481 23484 23487 23490 23493 23496 23499 23502 23505 23508 23511 23514 23517 23520 23523 23526 23529 23532 23535 23538 23541 23544 23547 23550 23553 23556 23559 23562 23565 23568 23571 23574 23577 23580 23583 23586 23589 23592 23595 23598 23601 23604 23607 23610 23613 23616 23619 23622 23625 23628 23631 23634 23637 23640 23643 23646 23649 23652 23655 23658 23661 23664 23667 23670 23673 23676 23679 23682 23685 23688 23691 23694 23697 23700 23703 23706 23709 23712 23715 23718 23721 23724 23727 23730 23733 23736 23739 23742 23745 23748 23751 23754 23757 23760 23763 23766 23769 23772 23775 23778 23781 23784 23787 23790 23793 23796 23799 23802 23805 23808 23811 23814 23817 23820 23823 23826 23829 23832 23835 23838 23841 23844 23847 23850 23853 23856 23859 23862 23865 23868 23871 23874 23877 23880 23883 23886 23889 23892 23895 23898 23901 23904 23907 23910 23913 23916 23919 23922 23925 23928 23931 23934 23937 23940 23943 23946 23949 23952 23955 23958 23961 23964 23967 23970 23973 23976 23979 23982 23985 23988 23991 23994 23997 24000 24003 24006 24009 24012 24015 24018 24021 24024 24027 24030 24033 24036 24039 24042 24045 24048 24051 24054 24057 24060 24063 24066 24069 24072 24075 24078 24081 24084 24087 24090 24093 24096 24099 24102 24105 24108 24111 24114 24117 24120 24123 24126 24129 24132 24135 24138 24141 24144 24147 24150 24153 24156 24159 24162 24165 24168 24171 24174 24177 24180 24183 24186 24189 24192 24195 24198 24201 24204 24207 24210 24213 24216 24219 24222 24225 24228 24231 24234 24237 24240 24243 24246 24249 24252 24255 24258 24261 24264 24267 24270 24273 24276 24279 24282 24285 24288 24291 24294 24297 24300 24303 24306 24309 24312 24315 24318 24321 24324 24327 24330 24333 24336 24339 24342 24345 24348 24351 24354 24357 24360 24363 24366 24369 24372 24375 24378 24381 24384 24387 24390 24393 24396 24399 24402 24405 24408 24411 24414 24417 24420 24423 24426 24429 24432 24435 24438 24441 24444 24447 24450 24453 24456 24459 24462 24465 24468 24471 24474 24477 24480 24483 24486 24489 24492 24495 24498 24501 24504 24507 24510 24513 24516 24519 24522 24525 24528 24531 24534 24537 24540 24543 24546 24549 24552 24555 24558 24561 24564 24567 24570 24573 24576 24579 24582 24585 24588 24591 24594 24597 24600 24603 24606 24609 24612 24615 24618 24621 24624 24627 24630 24633 24636 24639 24642 24645 24648 24651 24654 24657 24660 24663 24666 24669 24672 24675 24678 24681 24684 24687 24690 24693 24696 24699 24702 24705 24708 24711 24714 24717 24720 24723 24726 24729 24732 24735 24738 24741 24744 24747 24750 24753 24756 24759 24762 24765 24768 24771 24774 24777 24780 24783 24786 24789 24792 24795 24798 24801 24804 24807 24810 24813 24816 24819 24822 24825 24828 24831 24834 24837 24840 24843 24846 24849 24852 24855 24858 24861 24864 24867 24870 24873 24876 24879 24882 24885 24888 24891 24894 24897 24900 24903 24906 24909 24912 24915 24918 24921 24924 24927 24930 24933 24936 24939 24942 24945 24948 24951 24954 24957 24960 24963 24966 24969 24972 24975 24978 24981 24984 24987 24990 24993 24996 24999 25002 25005 25008 25011 25014 25017 25020 25023 25026 25029 25032 25035 25038 25041 25044 25047 25050 25053 25056 25059 25062 25065 25068 25071 25074 25077 25080 25083 25086 25089 25092 25095 25098 25101 25104 25107 25110 25113 25116 25119 25122 25125 25128 25131 25134 25137 25140 25143 25146 25149 25152 25155 25158 25161 25164 25167 25170 25173 25176 25179 25182 25185 25188 25191 25194 25197 25200 25203 25206 25209 25212 25215 25218 25221 25224 25227 25230 25233 25236 25239 25242 25245 25248 25251 25254 25257 25260 25263 25266 25269 25272 25275 25278 25281 25284 25287 25290 25293 25296 25299 25302 25305 25308 25311 25314 25317 25320 25323 25326 25329 25332 25335 25338 25341 25344 25347 25350 25353 25356 25359 25362 25365 25368 25371 25374 25377 25380 25383 25386 25389 25392 25395 25398 25401 25404 25407 25410 25413 25416 25419 25422 25425 25428 25431 25434 25437 25440 25443 25446 25449 25452 25455 25458 25461 25464 25467 25470 25473 25476 25479 25482 25485 25488 25491 25494 25497 25500 25503 25506 25509 25512 25515 25518 25521 25524 25527 25530 25533 25536 25539 25542 25545 25548 25551 25554 25557 25560 25563 25566 25569 25572 25575 25578 25581 25584 25587 25590 25593 25596 25599 25602 25605 25608 25611 25614 25617 25620 25623 25626 25629 25632 25635 25638 25641 25644 25647 25650 25653 25656 25659 25662 25665 25668 25671 25674 25677 25680 25683 25686 25689 25692 25695 25698 25701 25704 25707 25710 25713 25716 25719 25722 25725 25728 25731 25734 25737 25740 25743 25746 25749 25752 25755 25758 25761 25764 25767 25770 25773 25776 25779 25782 25785 25788 25791 25794 25797 25800 25803 25806 25809 25812 25815 25818 25821 25824 25827 25830 25833 25836 25839 25842 25845 25848 25851 25854 25857 25860 25863 25866 25869 25872 25875 25878 25881 25884 25887 25890 25893 25896 25899 25902 25905 25908 25911 25914 25917 25920 25923 25926 25929 25932 25935 25938 25941 25944 25947 25950 25953 25956 25959 25962 25965 25968 25971 25974 25977 25980 25983 25986 25989 25992 25995 25998 26001 26004 26007 26010 26013 26016 26019 26022 26025 26028 26031 26034 26037 26040 26043 26046 26049 26052 26055 26058 26061 26064 26067 26070 26073 26076 26079 26082 26085 26088 26091 26094 26097 26100 26103 26106 26109 26112 26115 26118 26121 26124 26127 26130 26133 26136 26139 26142 26145 26148 26151 26154 26157 26160 26163 26166 26169 26172 26175 26178 26181 26184 26187 26190 26193 26196 26199 26202 26205 26208 26211 26214 26217 26220 26223 26226 26229 26232 26235 26238 26241 26244 26247 26250 26253 26256 26259 26262 26265 26268 26271 26274 26277 26280 26283 26286 26289 26292 26295 26298 26301 26304 26307 26310 26313 26316 26319 26322 26325 26328 26331 26334 26337 26340 26343 26346 26349 26352 26355 26358 26361 26364 26367 26370 26373 26376 26379 26382 26385 26388 26391 26394 26397 26400 26403 26406 26409 26412 26415 26418 26421 26424 26427 26430 26433 26436 26439 26442 26445 26448 26451 26454 26457 26460 26463 26466 26469 26472 26475 26478 26481 26484 26487 26490 26493 26496 26499 26502 26505 26508 26511 26514 26517 26520 26523 26526 26529 26532 26535 26538 26541 26544 26547 26550 26553 26556 26559 26562 26565 26568 26571 26574 26577 26580 26583 26586 26589 26592 26595 26598 26601 26604 26607 26610 26613 26616 26619 26622 26625 26628 26631 26634 26637 26640 26643 26646 26649 26652 26655 26658 26661 26664 26667 26670 26673 26676 26679 26682 26685 26688 26691 26694 26697 26700 26703 26706 26709 26712 26715 26718 26721 26724 26727 26730 26733 26736 26739 26742 26745 26748 26751 26754 26757 26760 26763 26766 26769 26772 26775 26778 26781 26784 26787 26790 26793 26796 26799 26802 26805 26808 26811 26814 26817 26820 26823 26826 26829 26832 26835 26838 26841 26844 26847 26850 26853 26856 26859 26862 26865 26868 26871 26874 26877 26880 26883 26886 26889 26892 26895 26898 26901 26904 26907 26910 26913 26916 26919 26922 26925 26928 26931 26934 26937 26940 26943 26946 26949 26952 26955 26958 26961 26964 26967 26970 26973 26976 26979 26982 26985 26988 26991 26994 26997 27000 27003 27006 27009 27012 27015 27018 27021 27024 27027 27030 27033 27036 27039 27042 27045 27048 27051 27054 27057 27060 27063 27066 27069 27072 27075 27078 27081 27084 27087 27090 27093 27096 27099 27102 27105 27108 27111 27114 27117 27120 27123 27126 27129 27132 27135 27138 27141 27144 27147 27150 27153 27156 27159 27162 27165 27168 27171 27174 27177 27180 27183 27186 27189 27192 27195 27198 27201 27204 27207 27210 27213 27216 27219 27222 27225 27228 27231 27234 27237 27240 27243 27246 27249 27252 27255 27258 27261 27264 27267 27270 27273 27276 27279 27282 27285 27288 27291 27294 27297 27300 27303 27306 27309 27312 27315 27318 27321 27324 27327 27330 27333 27336 27339 27342 27345 27348 27351 27354 27357 27360 27363 27366 27369 27372 27375 27378 27381 27384 27387 27390 27393 27396 27399 27402 27405 27408 27411 27414 27417 27420 27423 27426 27429 27432 27435 27438 27441 27444 27447 27450 27453 27456 27459 27462 27465 27468 27471 27474 27477 27480 27483 27486 27489 27492 27495 27498 27501 27504 27507 27510 27513 27516 27519 27522 27525 27528 27531 27534 27537 27540 27543 27546 27549 27552 27555 27558 27561 27564 27567 27570 27573 27576 27579 27582 27585 27588 27591 27594 27597 27600 27603 27606 27609 27612 27615 27618 27621 27624 27627 27630 27633 27636 27639 27642 27645 27648 27651 27654 27657 27660 27663 27666 27669 27672 27675 27678 27681 27684 27687 27690 27693 27696 27699 27702 27705 27708 27711 27714 27717 27720 27723 27726 27729 27732 27735 27738 27741 27744 27747 27750 27753 27756 27759 27762 27765 27768 27771 27774 27777 27780 27783 27786 27789 27792 27795 27798 27801 27804 27807 27810 27813 27816 27819 27822 27825 27828 27831 27834 27837 27840 27843 27846 27849 27852 27855 27858 27861 27864 27867 27870 27873 27876 27879 27882 27885 27888 27891 27894 27897 27900 27903 27906 27909 27912 27915 27918 27921 27924 27927 27930 27933 27936 27939 27942 27945 27948 27951 27954 27957 27960 27963 27966 27969 27972 27975 27978 27981 27984 27987 27990 27993 27996 27999 28002 28005 28008 28011 28014 28017 28020 28023 28026 28029 28032 28035 28038 28041 28044 28047 28050 28053 28056 28059 28062 28065 28068 28071 28074 28077 28080 28083 28086 28089 28092 28095 28098 28101 28104 28107 28110 28113 28116 28119 28122 28125 28128 28131 28134 28137 28140 28143 28146 28149 28152 28155 28158 28161 28164 28167 28170 28173 28176 28179 28182 28185 28188 28191 28194 28197 28200 28203 28206 28209 28212 28215 28218 28221 28224 28227 28230 28233 28236 28239 28242 28245 28248 28251 28254 28257 28260 28263 28266 28269 28272 28275 28278 28281 28284 28287 28290 28293 28296 28299 28302 28305 28308 28311 28314 28317 28320 28323 28326 28329 28332 28335 28338 28341 28344 28347 28350 28353 28356 28359 28362 28365 28368 28371 28374 28377 28380 28383 28386 28389 28392 28395 28398 28401 28404 28407 28410 28413 28416 28419 28422 28425 28428 28431 28434 28437 28440 28443 28446 28449 28452 28455 28458 28461 28464 28467 28470 28473 28476 28479 28482 28485 28488 28491 28494 28497 28500 28503 28506 28509 28512 28515 28518 28521 28524 28527 28530 28533 28536 28539 28542 28545 28548 28551 28554 28557 28560 28563 28566 28569 28572 28575 28578 28581 28584 28587 28590 28593 28596 28599 28602 28605 28608 28611 28614 28617 28620 28623 28626 28629 28632 28635 28638 28641 28644 28647 28650 28653 28656 28659 28662 28665 28668 28671 28674 28677 28680 28683 28686 28689 28692 28695 28698 28701 28704 28707 28710 28713 28716 28719 28722 28725 28728 28731 28734 28737 28740 28743 28746 28749 28752 28755 28758 28761 28764 28767 28770 28773 28776 28779 28782 28785 28788 28791 28794 28797 28800 28803 28806 28809 28812 28815 28818 28821 28824 28827 28830 28833 28836 28839 28842 28845 28848 28851 28854 28857 28860 28863 28866 28869 28872 28875 28878 28881 28884 28887 28890 28893 28896 28899 28902 28905 28908 28911 28914 28917 28920 28923 28926 28929 28932 28935 28938 28941 28944 28947 28950 28953 28956 28959 28962 28965 28968 28971 28974 28977 28980 28983 28986 28989 28992 28995 28998 29001 29004 29007 29010 29013 29016 29019 29022 29025 29028 29031 29034 29037 29040 29043 29046 29049 29052 29055 29058 29061 29064 29067 29070 29073 29076 29079 29082 29085 29088 29091 29094 29097 29100 29103 29106 29109 29112 29115 29118 29121 29124 29127 29130 29133 29136 29139 29142 29145 29148 29151 29154 29157 29160 29163 29166 29169 29172 29175 29178 29181 29184 29187 29190 29193 29196 29199 29202 29205 29208 29211 29214 29217 29220 29223 29226 29229 29232 29235 29238 29241 29244 29247 29250 29253 29256 29259 29262 29265 29268 29271 29274 29277 29280 29283 29286 29289 29292 29295 29298 29301 29304 29307 29310 29313 29316 29319 29322 29325 29328 29331 29334 29337 29340 29343 29346 29349 29352 29355 29358 29361 29364 29367 29370 29373 29376 29379 29382 29385 29388 29391 29394 29397 29400 29403 29406 29409 29412 29415 29418 29421 29424 29427 29430 29433 29436 29439 29442 29445 29448 29451 29454 29457 29460 29463 29466 29469 29472 29475 29478 29481 29484 29487 29490 29493 29496 29499 29502 29505 29508 29511 29514 29517 29520 29523 29526 29529 29532 29535 29538 29541 29544 29547 29550 29553 29556 29559 29562 29565 29568 29571 29574 29577 29580 29583 29586 29589 29592 29595 29598 29601 29604 29607 29610 29613 29616 29619 29622 29625 29628 29631 29634 29637 29640 29643 29646 29649 29652 29655 29658 29661 29664 29667 29670 29673 29676 29679 29682 29685 29688 29691 29694 29697 29700 29703 29706 29709 29712 29715 29718 29721 29724 29727 29730 29733 29736 29739 29742 29745 29748 29751 29754 29757 29760 29763 29766 29769 29772 29775 29778 29781 29784 29787 29790 29793 29796 29799 29802 29805 29808 29811 29814 29817 29820 29823 29826 29829 29832 29835 29838 29841 29844 29847 29850 29853 29856 29859 29862 29865 29868 29871 29874 29877 29880 29883 29886 29889 29892 29895 29898 29901 29904 29907 29910 29913 29916 29919 29922 29925 29928 29931 29934 29937 29940 29943 29946 29949 29952 29955 29958 29961 29964 29967 29970 29973 29976 29979 29982 29985 29988 29991 29994 29997 30000 30003 30006 30009 30012 30015 30018 30021 30024 30027 30030 30033 30036 30039 30042 30045 30048 30051 30054 30057 30060 30063 30066 30069 30072 30075 30078 30081 30084 30087 30090 30093 30096 30099 30102 30105 30108 30111 30114 30117 30120 30123 30126 30129 30132 30135 30138 30141 30144 30147 30150 30153 30156 30159 30162 30165 30168 30171 30174 30177 30180 30183 30186 30189 30192 30195 30198 30201 30204 30207 30210 30213 30216 30219 30222 30225 30228 30231 30234 30237 30240 30243 30246 30249 30252 30255 30258 30261 30264 30267 30270 30273 30276 30279 30282 30285 30288 30291 30294 30297 30300 30303 30306 30309 30312 30315 30318 30321 30324 30327 30330 30333 30336 30339 30342 30345 30348 30351 30354 30357 30360 30363 30366 30369 30372 30375 30378 30381 30384 30387 30390 30393 30396 30399 30402 30405 30408 30411 30414 30417 30420 30423 30426 30429 30432 30435 30438 30441 30444 30447 30450 30453 30456 30459 30462 30465 30468 30471 30474 30477 30480 30483 30486 30489 30492 30495 30498 30501 30504 30507 30510 30513 30516 30519 30522 30525 30528 30531 30534 30537 30540 30543 30546 30549 30552 30555 30558 30561 30564 30567 30570 30573 30576 30579 30582 30585 30588 30591 30594 30597 30600 30603 30606 30609 30612 30615 30618 30621 30624 30627 30630 30633 30636 30639 30642 30645 30648 30651 30654 30657 30660 30663 30666 30669 30672 30675 30678 30681 30684 30687 30690 30693 30696 30699 30702 30705 30708 30711 30714 30717 30720 30723 30726 30729 30732 30735 30738 30741 30744 30747 30750 30753 30756 30759 30762 30765 30768 30771 30774 30777 30780 30783 30786 30789 30792 30795 30798 30801 30804 30807 30810 30813 30816 30819 30822 30825 30828 30831 30834 30837 30840 30843 30846 30849 30852 30855 30858 30861 30864 30867 30870 30873 30876 30879 30882 30885 30888 30891 30894 30897 30900 30903 30906 30909 30912 30915 30918 30921 30924 30927 30930 30933 30936 30939 30942 30945 30948 30951 30954 30957 30960 30963 30966 30969 30972 30975 30978 30981 30984 30987 30990 30993 30996 30999 31002 31005 31008 31011 31014 31017 31020 31023 31026 31029 31032 31035 31038 31041 31044 31047 31050 31053 31056 31059 31062 31065 31068 31071 31074 31077 31080 31083 31086 31089 31092 31095 31098 31101 31104 31107 31110 31113 31116 31119 31122 31125 31128 31131 31134 31137 31140 31143 31146 31149 31152 31155 31158 31161 31164 31167 31170 31173 31176 31179 31182 31185 31188 31191 31194 31197 31200 31203 31206 31209 31212 31215 31218 31221 31224 31227 31230 31233 31236 31239 31242 31245 31248 31251 31254 31257 31260 31263 31266 31269 31272 31275 31278 31281 31284 31287 31290 31293 31296 31299 31302 31305 31308 31311 31314 31317 31320 31323 31326 31329 31332 31335 31338 31341 31344 31347 31350 31353 31356 31359 31362 31365 31368 31371 31374 31377 31380 31383 31386 31389 31392 31395 31398 31401 31404 31407 31410 31413 31416 31419 31422 31425 31428 31431 31434 31437 31440 31443 31446 31449 31452 31455 31458 31461 31464 31467 31470 31473 31476 31479 31482 31485 31488 31491 31494 31497 31500 31503 31506 31509 31512 31515 31518 31521 31524 31527 31530 31533 31536 31539 31542 31545 31548 31551 31554 31557 31560 31563 31566 31569 31572 31575 31578 31581 31584 31587 31590 31593 31596 31599 31602 31605 31608 31611 31614 31617 31620 31623 31626 31629 31632 31635 31638 31641 31644 31647 31650 31653 31656 31659 31662 31665 31668 31671 31674 31677 31680 31683 31686 31689 31692 31695 31698 31701 31704 31707 31710 31713 31716 31719 31722 31725 31728 31731 31734 31737 31740 31743 31746 31749 31752 31755 31758 31761 31764 31767 31770 31773 31776 31779 31782 31785 31788 31791 31794 31797 31800 31803 31806 31809 31812 31815 31818 31821 31824 31827 31830 31833 31836 31839 31842 31845 31848 31851 31854 31857 31860 31863 31866 31869 31872 31875 31878 31881 31884 31887 31890 31893 31896 31899 31902 31905 31908 31911 31914 31917 31920 31923 31926 31929 31932 31935 31938 31941 31944 31947 31950 31953 31956 31959 31962 31965 31968 31971 31974 31977 31980 31983 31986 31989 31992 31995 31998 32001 32004 32007 32010 32013 32016 32019 32022 32025 32028 32031 32034 32037 32040 32043 32046 32049 32052 32055 32058 32061 32064 32067 32070 32073 32076 32079 32082 32085 32088 32091 32094 32097 32100 32103 32106 32109 32112 32115 32118 32121 32124 32127 32130 32133 32136 32139 32142 32145 32148 32151 32154 32157 32160 32163 32166 32169 32172 32175 32178 32181 32184 32187 32190 32193 32196 32199 32202 32205 32208 32211 32214 32217 32220 32223 32226 32229 32232 32235 32238 32241 32244 32247 32250 32253 32256 32259 32262 32265 32268 32271 32274 32277 32280 32283 32286 32289 32292 32295 32298 32301 32304 32307 32310 32313 32316 32319 32322 32325 32328 32331 32334 32337 32340 32343 32346 32349 32352 32355 32358 32361 32364 32367 32370 32373 32376 32379 32382 32385 32388 32391 32394 32397 32400 32403 32406 32409 32412 32415 32418 32421 32424 32427 32430 32433 32436 32439 32442 32445 32448 32451 32454 32457 32460 32463 32466 32469 32472 32475 32478 32481 32484 32487 32490 32493 32496 32499 32502 32505 32508 32511 32514 32517 32520 32523 32526 32529 32532 32535 32538 32541 32544 32547 32550 32553 32556 32559 32562 32565 32568 32571 32574 32577 32580 32583 32586 32589 32592 32595 32598 32601 32604 32607 32610 32613 32616 32619 32622 32625 32628 32631 32634 32637 32640 32643 32646 32649 32652 32655 32658 32661 32664 32667 32670 32673 32676 32679 32682 32685 32688 32691 32694 32697 32700 32703 32706 32709 32712 32715 32718 32721 32724 32727 32730 32733 32736 32739 32742 32745 32748 32751 32754 32757 32760 32763 32766 32769 32772 32775 32778 32781 32784 32787 32790 32793 32796 32799 32802 32805 32808 32811 32814 32817 32820 32823 32826 32829 32832 32835 32838 32841 32844 32847 32850 32853 32856 32859 32862 32865 32868 32871 32874 32877 32880 32883 32886 32889 32892 32895 32898 32901 32904 32907 32910 32913 32916 32919 32922 32925 32928 32931 32934 32937 32940 32943 32946 32949 32952 32955 32958 32961 32964 32967 32970 32973 32976 32979 32982 32985 32988 32991 32994 32997 33000 33003 33006 33009 33012 33015 33018 33021 33024 33027 33030 33033 33036 33039 33042 33045 33048 33051 33054 33057 33060 33063 33066 33069 33072 33075 33078 33081 33084 33087 33090 33093 33096 33099 33102 33105 33108 33111 33114 33117 33120 33123 33126 33129 33132 33135 33138 33141 33144 33147 33150 33153 33156 33159 33162 33165 33168 33171 33174 33177 33180 33183 33186 33189 33192 33195 33198 33201 33204 33207 33210 33213 33216 33219 33222 33225 33228 33231 33234 33237 33240 33243 33246 33249 33252 33255 33258 33261 33264 33267 33270 33273 33276 33279 33282 33285 33288 33291 33294 </DataArray>
            <DataArray Name="types" format="ascii" type="UInt8">5 5 5 5 5 5 5 5 5 5 5 5 5 5 5 5 5 5 5 5 5 5 5 5 5 5 5 5 5 5 5 5 5 5 5 5 5 5 5 5 5 5 5 5 5 5 5 5 5 5 5 5 5 5 5 5 5 5 5 5 5 5 5 5 5 5 5 5 5 5 5 5 5 5 5 5 5 5 5 5 5 5 5 5 5 5 5 5 5 5 5 5 5 5 5 5 5 5 5 5 5 5 5 5 5 5 5 5 5 5 5 5 5 5 5 5 5 5 5 5 5 5 5 5 5 5 5 5 5 5 5 5 5 5 5 5 5 5 5 5 5 5 5 5 5 5 5 5 5 5 5 5 5 5 5 5 5 5 5 5 5 5 5 5 5 5 5 5 5 5 5 5 5 5 5 5 5 5 5 5 5 5 5 5 5 5 5 5 5 5 5 5 5 5 5 5 5 5 5 5 5 5 5 5 5 5 5 5 5 5 5 5 5 5 5 5 5 5 5 5 5 5 5 5 5 5 5 5 5 5 5 5 5 5 5 5 5 5 5 5 5 5 5 5 5 5 5 5 5 5 5 5 5 5 5 5 5 5 5 5 5 5 5 5 5 5 5 5 5 5 5 5 5 5 5 5 5 5 5 5 5 5 5 5 5 5 5 5 5 5 5 5 5 5 5 5 5 5 5 5 5 5 5 5 5 5 5 5 5 5 5 5 5 5 5 5 5 5 5 5 5 5 5 5 5 5 5 5 5 5 5 5 5 5 5 5 5 5 5 5 5 5 5 5 5 5 5 5 5 5 5 5 5 5 5 5 5 5 5 5 5 5 5 5 5 5 5 5 5 5 5 5 5 5 5 5 5 5 5 5 5 5 5 5 5 5 5 5 5 5 5 5 5 5 5 5 5 5 5 5 5 5 5 5 5 5 5 5 5 5 5 5 5 5 5 5 5 5 5 5 5 5 5 5 5 5 5 5 5 5 5 5 5 5 5 5 5 5 5 5 5 5 5 5 5 5 5 5 5 5 5 5 5 5 5 5 5 5 5 5 5 5 5 5 5 5 5 5 5 5 5 5 5 5 5 5 5 5 5 5 5 5 5 5 5 5 5 5 5 5 5 5 5 5 5 5 5 5 5 5 5 5 5 5 5 5 5 5 5 5 5 5 5 5 5 5 5 5 5 5 5 5 5 5 5 5 5 5 5 5 5 5 5 5 5 5 5 5 5 5 5 5 5 5 5 5 5 5 5 5 5 5 5 5 5 5 5 5 5 5 5 5 5 5 5 5 5 5 5 5 5 5 5 5 5 5 5 5 5 5 5 5 5 5 5 5 5 5 5 5 5 5 5 5 5 5 5 5 5 5 5 5 5 5 5 5 5 5 5 5 5 5 5 5 5 5 5 5 5 5 5 5 5 5 5 5 5 5 5 5 5 5 5 5 5 5 5 5 5 5 5 5 5 5 5 5 5 5 5 5 5 5 5 5 5 5 5 5 5 5 5 5 5 5 5 5 5 5 5 5 5 5 5 5 5 5 5 5 5 5 5 5 5 5 5 5 5 5 5 5 5 5 5 5 5 5 5 5 5 5 5 5 5 5 5 5 5 5 5 5 5 5 5 5 5 5 5 5 5 5 5 5 5 5 5 5 5 5 5 5 5 5 5 5 5 5 5 5 5 5 5 5 5 5 5 5 5 5 5 5 5 5 5 5 5 5 5 5 5 5 5 5 5 5 5 5 5 5 5 5 5 5 5 5 5 5 5 5 5 5 5 5 5 5 5 5 5 5 5 5 5 5 5 5 5 5 5 5 5 5 5 5 5 5 5 5 5 5 5 5 5 5 5 5 5 5 5 5 5 5 5 5 5 5 5 5 5 5 5 5 5 5 5 5 5 5 5 5 5 5 5 5 5 5 5 5 5 5 5 5 5 5 5 5 5 5 5 5 5 5 5 5 5 5 5 5 5 5 5 5 5 5 5 5 5 5 5 5 5 5 5 5 5 5 5 5 5 5 5 5 5 5 5 5 5 5 5 5 5 5 5 5 5 5 5 5 5 5 5 5 5 5 5 5 5 5 5 5 5 5 5 5 5 5 5 5 5 5 5 5 5 5 5 5 5 5 5 5 5 5 5 5 5 5 5 5 5 5 5 5 5 5 5 5 5 5 5 5 5 5 5 5 5 5 5 5 5 5 5 5 5 5 5 5 5 5 5 5 5 5 5 5 5 5 5 5 5 5 5 5 5 5 5 5 5 5 5 5 5 5 5 5 5 5 5 5 5 5 5 5 5 5 5 5 5 5 5 5 5 5 5 5 5 5 5 5 5 5 5 5 5 5 5 5 5 5 5 5 5 5 5 5 5 5 5 5 5 5 5 5 5 5 5 5 5 5 5 5 5 5 5 5 5 5 5 5 5 5 5 5 5 5 5 5 5 5 5 5 5 5 5 5 5 5 5 5 5 5 5 5 5 5 5 5 5 5 5 5 5 5 5 5 5 5 5 5 5 5 5 5 5 5 5 5 5 5 5 5 5 5 5 5 5 5 5 5 5 5 5 5 5 5 5 5 5 5 5 5 5 5 5 5 5 5 5 5 5 5 5 5 5 5 5 5 5 5 5 5 5 5 5 5 5 5 5 5 5 5 5 5 5 5 5 5 5 5 5 5 5 5 5 5 5 5 5 5 5 5 5 5 5 5 5 5 5 5 5 5 5 5 5 5 5 5 5 5 5 5 5 5 5 5 5 5 5 5 5 5 5 5 5 5 5 5 5 5 5 5 5 5 5 5 5 5 5 5 5 5 5 5 5 5 5 5 5 5 5 5 5 5 5 5 5 5 5 5 5 5 5 5 5 5 5 5 5 5 5 5 5 5 5 5 5 5 5 5 5 5 5 5 5 5 5 5 5 5 5 5 5 5 5 5 5 5 5 5 5 5 5 5 5 5 5 5 5 5 5 5 5 5 5 5 5 5 5 5 5 5 5 5 5 5 5 5 5 5 5 5 5 5 5 5 5 5 5 5 5 5 5 5 5 5 5 5 5 5 5 5 5 5 5 5 5 5 5 5 5 5 5 5 5 5 5 5 5 5 5 5 5 5 5 5 5 5 5 5 5 5 5 5 5 5 5 5 5 5 5 5 5 5 5 5 5 5 5 5 5 5 5 5 5 5 5 5 5 5 5 5 5 5 5 5 5 5 5 5 5 5 5 5 5 5 5 5 5 5 5 5 5 5 5 5 5 5 5 5 5 5 5 5 5 5 5 5 5 5 5 5 5 5 5 5 5 5 5 5 5 5 5 5 5 5 5 5 5 5 5 5 5 5 5 5 5 5 5 5 5 5 5 5 5 5 5 5 5 5 5 5 5 5 5 5 5 5 5 5 5 5 5 5 5 5 5 5 5 5 5 5 5 5 5 5 5 5 5 5 5 5 5 5 5 5 5 5 5 5 5 5 5 5 5 5 5 5 5 5 5 5 5 5 5 5 5 5 5 5 5 5 5 5 5 5 5 5 5 5 5 5 5 5 5 5 5 5 5 5 5 5 5 5 5 5 5 5 5 5 5 5 5 5 5 5 5 5 5 5 5 5 5 5 5 5 5 5 5 5 5 5 5 5 5 5 5 5 5 5 5 5 5 5 5 5 5 5 5 5 5 5 5 5 5 5 5 5 5 5 5 5 5 5 5 5 5 5 5 5 5 5 5 5 5 5 5 5 5 5 5 5 5 5 5 5 5 5 5 5 5 5 5 5 5 5 5 5 5 5 5 5 5 5 5 5 5 5 5 5 5 5 5 5 5 5 5 5 5 5 5 5 5 5 5 5 5 5 5 5 5 5 5 5 5 5 5 5 5 5 5 5 5 5 5 5 5 5 5 5 5 5 5 5 5 5 5 5 5 5 5 5 5 5 5 5 5 5 5 5 5 5 5 5 5 5 5 5 5 5 5 5 5 5 5 5 5 5 5 5 5 5 5 5 5 5 5 5 5 5 5 5 5 5 5 5 5 5 5 5 5 5 5 5 5 5 5 5 5 5 5 5 5 5 5 5 5 5 5 5 5 5 5 5 5 5 5 5 5 5 5 5 5 5 5 5 5 5 5 5 5 5 5 5 5 5 5 5 5 5 5 5 5 5 5 5 5 5 5 5 5 5 5 5 5 5 5 5 5 5 5 5 5 5 5 5 5 5 5 5 5 5 5 5 5 5 5 5 5 5 5 5 5 5 5 5 5 5 5 5 5 5 5 5 5 5 5 5 5 5 5 5 5 5 5 5 5 5 5 5 5 5 5 5 5 5 5 5 5 5 5 5 5 5 5 5 5 5 5 5 5 5 5 5 5 5 5 5 5 5 5 5 5 5 5 5 5 5 5 5 5 5 5 5 5 5 5 5 5 5 5 5 5 5 5 5 5 5 5 5 5 5 5 5 5 5 5 5 5 5 5 5 5 5 5 5 5 5 5 5 5 5 5 5 5 5 5 5 5 5 5 5 5 5 5 5 5 5 5 5 5 5 5 5 5 5 5 5 5 5 5 5 5 5 5 5 5 5 5 5 5 5 5 5 5 5 5 5 5 5 5 5 5 5 5 5 5 5 5 5 5 5 5 5 5 5 5 5 5 5 5 5 5 5 5 5 5 5 5 5 5 5 5 5 5 5 5 5 5 5 5 5 5 5 5 5 5 5 5 5 5 5 5 5 5 5 5 5 5 5 5 5 5 5 5 5 5 5 5 5 5 5 5 5 5 5 5 5 5 5 5 5 5 5 5 5 5 5 5 5 5 5 5 5 5 5 5 5 5 5 5 5 5 5 5 5 5 5 5 5 5 5 5 5 5 5 5 5 5 5 5 5 5 5 5 5 5 5 5 5 5 5 5 5 5 5 5 5 5 5 5 5 5 5 5 5 5 5 5 5 5 5 5 5 5 5 5 5 5 5 5 5 5 5 5 5 5 5 5 5 5 5 5 5 5 5 5 5 5 5 5 5 5 5 5 5 5 5 5 5 5 5 5 5 5 5 5 5 5 5 5 5 5 5 5 5 5 5 5 5 5 5 5 5 5 5 5 5 5 5 5 5 5 5 5 5 5 5 5 5 5 5 5 5 5 5 5 5 5 5 5 5 5 5 5 5 5 5 5 5 5 5 5 5 5 5 5 5 5 5 5 5 5 5 5 5 5 5 5 5 5 5 5 5 5 5 5 5 5 5 5 5 5 5 5 5 5 5 5 5 5 5 5 5 5 5 5 5 5 5 5 5 5 5 5 5 5 5 5 5 5 5 5 5 5 5 5 5 5 5 5 5 5 5 5 5 5 5 5 5 5 5 5 5 5 5 5 5 5 5 5 5 5 5 5 5 5 5 5 5 5 5 5 5 5 5 5 5 5 5 5 5 5 5 5 5 5 5 5 5 5 5 5 5 5 5 5 5 5 5 5 5 5 5 5 5 5 5 5 5 5 5 5 5 5 5 5 5 5 5 5 5 5 5 5 5 5 5 5 5 5 5 5 5 5 5 5 5 5 5 5 5 5 5 5 5 5 5 5 5 5 5 5 5 5 5 5 5 5 5 5 5 5 5 5 5 5 5 5 5 5 5 5 5 5 5 5 5 5 5 5 5 5 5 5 5 5 5 5 5 5 5 5 5 5 5 5 5 5 5 5 5 5 5 5 5 5 5 5 5 5 5 5 5 5 5 5 5 5 5 5 5 5 5 5 5 5 5 5 5 5 5 5 5 5 5 5 5 5 5 5 5 5 5 5 5 5 5 5 5 5 5 5 5 5 5 5 5 5 5 5 5 5 5 5 5 5 5 5 5 5 5 5 5 5 5 5 5 5 5 5 5 5 5 5 5 5 5 5 5 5 5 5 5 5 5 5 5 5 5 5 5 5 5 5 5 5 5 5 5 5 5 5 5 5 5 5 5 5 5 5 5 5 5 5 5 5 5 5 5 5 5 5 5 5 5 5 5 5 5 5 5 5 5 5 5 5 5 5 5 5 5 5 5 5 5 5 5 5 5 5 5 5 5 5 5 5 5 5 5 5 5 5 5 5 5 5 5 5 5 5 5 5 5 5 5 5 5 5 5 5 5 5 5 5 5 5 5 5 5 5 5 5 5 5 5 5 5 5 5 5 5 5 5 5 5 5 5 5 5 5 5 5 5 5 5 5 5 5 5 5 5 5 5 5 5 5 5 5 5 5 5 5 5 5 5 5 5 5 5 5 5 5 5 5 5 5 5 5 5 5 5 5 5 5 5 5 5 5 5 5 5 5 5 5 5 5 5 5 5 5 5 5 5 5 5 5 5 5 5 5 5 5 5 5 5 5 5 5 5 5 5 5 5 5 5 5 5 5 5 5 5 5 5 5 5 5 5 5 5 5 5 5 5 5 5 5 5 5 5 5 5 5 5 5 5 5 5 5 5 5 5 5 5 5 5 5 5 5 5 5 5 5 5 5 5 5 5 5 5 5 5 5 5 5 5 5 5 5 5 5 5 5 5 5 5 5 5 5 5 5 5 5 5 5 5 5 5 5 5 5 5 5 5 5 5 5 5 5 5 5 5 5 5 5 5 5 5 5 5 5 5 5 5 5 5 5 5 5 5 5 5 5 5 5 5 5 5 5 5 5 5 5 5 5 5 5 5 5 5 5 5 5 5 5 5 5 5 5 5 5 5 5 5 5 5 5 5 5 5 5 5 5 5 5 5 5 5 5 5 5 5 5 5 5 5 5 5 5 5 5 5 5 5 5 5 5 5 5 5 5 5 5 5 5 5 5 5 5 5 5 5 5 5 5 5 5 5 5 5 5 5 5 5 5 5 5 5 5 5 5 5 5 5 5 5 5 5 5 5 5 5 5 5 5 5 5 5 5 5 5 5 5 5 5 5 5 5 5 5 5 5 5 5 5 5 5 5 5 5 5 5 5 5 5 5 5 5 5 5 5 5 5 5 5 5 5 5 5 5 5 5 5 5 5 5 5 5 5 5 5 5 5 5 5 5 5 5 5 5 5 5 5 5 5 5 5 5 5 5 5 5 5 5 5 5 5 5 5 5 5 5 5 5 5 5 5 5 5 5 5 5 5 5 5 5 5 5 5 5 5 5 5 5 5 5 5 5 5 5 5 5 5 5 5 5 5 5 5 5 5 5 5 5 5 5 5 5 5 5 5 5 5 5 5 5 5 5 5 5 5 5 5 5 5 5 5 5 5 5 5 5 5 5 5 5 5 5 5 5 5 5 5 5 5 5 5 5 5 5 5 5 5 5 5 5 5 5 5 5 5 5 5 5 5 5 5 5 5 5 5 5 5 5 5 5 5 5 5 5 5 5 5 5 5 5 5 5 5 5 5 5 5 5 5 5 5 5 5 5 5 5 5 5 5 5 5 5 5 5 5 5 5 5 5 5 5 5 5 5 5 5 5 5 5 5 5 5 5 5 5 5 5 5 5 5 5 5 5 5 5 5 5 5 5 5 5 5 5 5 5 5 5 5 5 5 5 5 5 5 5 5 5 5 5 5 5 5 5 5 5 5 5 5 5 5 5 5 5 5 5 5 5 5 5 5 5 5 5 5 5 5 5 5 5 5 5 5 5 5 5 5 5 5 5 5 5 5 5 5 5 5 5 5 5 5 5 5 5 5 5 5 5 5 5 5 5 5 5 5 5 5 5 5 5 5 5 5 5 5 5 5 5 5 5 5 5 5 5 5 5 5 5 5 5 5 5 5 5 5 5 5 5 5 5 5 5 5 5 5 5 5 5 5 5 5 5 5 5 5 5 5 5 5 5 5 5 5 5 5 5 5 5 5 5 5 5 5 5 5 5 5 5 5 5 5 5 5 5 5 5 5 5 5 5 5 5 5 5 5 5 5 5 5 5 5 5 5 5 5 5 5 5 5 5 5 5 5 5 5 5 5 5 5 5 5 5 5 5 5 5 5 5 5 5 5 5 5 5 5 5 5 5 5 5 5 5 5 5 5 5 5 5 5 5 5 5 5 5 5 5 5 5 5 5 5 5 5 5 5 5 5 5 5 5 5 5 5 5 5 5 5 5 5 5 5 5 5 5 5 5 5 5 5 5 5 5 5 5 5 5 5 5 5 5 5 5 5 5 5 5 5 5 5 5 5 5 5 5 5 5 5 5 5 5 5 5 5 5 5 5 5 5 5 5 5 5 5 5 5 5 5 5 5 5 5 5 5 5 5 5 5 5 5 5 5 5 5 5 5 5 5 5 5 5 5 5 5 5 5 5 5 5 5 5 5 5 5 5 5 5 5 5 5 5 5 5 5 5 5 5 5 5 5 5 5 5 5 5 5 5 5 5 5 5 5 5 5 5 5 5 5 5 5 5 5 5 5 5 5 5 5 5 5 5 5 5 5 5 5 5 5 5 5 5 5 5 5 5 5 5 5 5 5 5 5 5 5 5 5 5 5 5 5 5 5 5 5 5 5 5 5 5 5 5 5 5 5 5 5 5 5 5 5 5 5 5 5 5 5 5 5 5 5 5 5 5 5 5 5 5 5 5 5 5 5 5 5 5 5 5 5 5 5 5 5 5 5 5 5 5 5 5 5 5 5 5 5 5 5 5 5 5 5 5 5 5 5 5 5 5 5 5 5 5 5 5 5 5 5 5 5 5 5 5 5 5 5 5 5 5 5 5 5 5 5 5 5 5 5 5 5 5 5 5 5 5 5 5 5 5 5 5 5 5 5 5 5 5 5 5 5 5 5 5 5 5 5 5 5 5 5 5 5 5 5 5 5 5 5 5 5 5 5 5 5 5 5 5 5 5 5 5 5 5 5 5 5 5 5 5 5 5 5 5 5 5 5 5 5 5 5 5 5 5 5 5 5 5 5 5 5 5 5 5 5 5 5 5 5 5 5 5 5 5 5 5 5 5 5 5 5 5 5 5 5 5 5 5 5 5 5 5 5 5 5 5 5 5 5 5 5 5 5 5 5 5 5 5 5 5 5 5 5 5 5 5 5 5 5 5 5 5 5 5 5 5 5 5 5 5 5 5 5 5 5 5 5 5 5 5 5 5 5 5 5 5 5 5 5 5 5 5 5 5 5 5 5 5 5 5 5 5 5 5 5 5 5 5 5 5 5 5 5 5 5 5 5 5 5 5 5 5 5 5 5 5 5 5 5 5 5 5 5 5 5 5 5 5 5 5 5 5 5 5 5 5 5 5 5 5 5 5 5 5 5 5 5 5 5 5 5 5 5 5 5 5 5 5 5 5 5 5 5 5 5 5 5 5 5 5 5 5 5 5 5 5 5 5 5 5 5 5 5 5 5 5 5 5 5 5 5 5 5 5 5 5 5 5 5 5 5 5 5 5 5 5 5 5 5 5 5 5 5 5 5 5 5 5 5 5 5 5 5 5 5 5 5 5 5 5 5 5 5 5 5 5 5 5 5 5 5 5 5 5 5 5 5 5 5 5 5 5 5 5 5 5 5 5 5 5 5 5 5 5 5 5 5 5 5 5 5 5 5 5 5 5 5 5 5 5 5 5 5 5 5 5 5 5 5 5 5 5 5 5 5 5 5 5 5 5 5 5 5 5 5 5 5 5 5 5 5 5 5 5 5 5 5 5 5 5 5 5 5 5 5 5 5 5 5 5 5 5 5 5 5 5 5 5 5 5 5 5 5 5 5 5 5 5 5 5 5 5 5 5 5 5 5 5 5 5 5 5 5 5 5 5 5 5 5 5 5 5 5 5 5 5 5 5 5 5 5 5 5 5 5 5 5 5 5 5 5 5 5 5 5 5 5 5 5 5 5 5 5 5 5 5 5 5 5 5 5 5 5 5 5 5 5 5 5 5 5 5 5 5 5 5 5 5 5 5 5 5 5 5 5 5 5 5 5 5 5 5 5 5 5 5 5 5 5 5 5 5 5 5 5 5 5 5 5 5 5 5 5 5 5 5 5 5 5 5 5 5 5 5 5 5 5 5 5 5 5 5 5 5 5 5 5 5 5 5 5 5 5 5 5 5 5 5 5 5 5 5 5 5 5 5 5 5 5 5 5 5 5 5 5 5 5 5 5 5 5 5 5 5 5 5 5 5 5 5 5 5 5 5 5 5 5 5 5 5 5 5 5 5 5 5 5 5 5 5 5 5 5 5 5 5 5 5 5 5 5 5 5 5 5 5 5 5 5 5 5 5 5 5 5 5 5 5 5 5 5 5 5 5 5 5 5 5 5 5 5 5 5 5 5 5 5 5 5 5 5 5 5 5 5 5 5 5 5 5 5 5 5 5 5 5 5 5 5 5 5 5 5 5 5 5 5 5 5 5 5 5 5 5 5 5 5 5 5 5 5 5 5 5 5 5 5 5 5 5 5 5 5 5 5 5 5 5 5 5 5 5 5 5 5 5 5 5 5 5 5 5 5 5 5 5 5 5 5 5 5 5 5 5 5 5 5 5 5 5 5 5 5 5 5 5 5 5 5 5 5 5 5 5 5 5 5 5 5 5 5 5 5 5 5 5 5 5 5 5 5 5 5 5 5 5 5 5 5 5 5 5 5 5 5 5 5 5 5 5 5 5 5 5 5 5 5 5 5 5 5 5 5 5 5 5 5 5 5 5 5 5 5 5 5 5 5 5 5 5 5 5 5 5 5 5 5 5 5 5 5 5 5 5 5 5 5 5 5 5 5 5 5 5 5 5 5 5 5 5 5 5 5 5 5 5 5 5 5 5 5 5 5 5 5 5 5 5 5 5 5 5 5 5 5 5 5 5 5 5 5 5 5 5 5 5 5 5 5 5 5 5 5 5 5 5 5 5 5 5 5 5 5 5 5 5 5 5 5 5 5 5 5 5 5 5 5 5 5 5 5 5 5 5 5 5 5 5 5 5 5 5 5 5 5 5 5 5 5 5 5 5 5 5 5 5 5 5 5 5 5 5 5 5 5 5 5 5 5 5 5 5 5 5 5 5 5 5 5 5 5 5 5 5 5 5 5 5 5 5 5 5 5 5 5 5 5 5 5 5 5 5 5 5 5 5 5 5 5 5 5 5 5 5 5 5 5 5 5 5 5 5 5 5 5 5 5 5 5 5 5 5 5 5 5 5 5 5 5 5 5 5 5 5 5 5 5 5 5 5 5 5 5 5 5 5 5 5 5 5 5 5 5 5 5 5 5 5 5 5 5 5 5 5 5 5 5 5 5 5 5 5 5 5 5 5 5 5 5 5 5 5 5 5 5 5 5 5 5 5 5 5 5 5 5 5 5 5 5 5 5 5 5 5 5 5 5 5 5 5 5 5 5 5 5 5 5 5 5 5 5 5 5 5 5 5 5 5 5 5 5 5 5 5 5 5 5 5 5 5 5 5 5 5 5 5 5 5 5 5 5 5 5 5 5 5 5 5 5 5 5 5 5 5 5 5 5 5 5 5 5 5 5 5 5 5 5 5 5 5 5 5 5 5 5 5 5 5 5 5 5 5 5 5 5 5 5 5 5 5 5 5 5 5 5 5 5 5 5 5 5 5 5 5 5 5 5 5 5 5 5 5 5 5 5 5 5 5 5 5 5 5 5 5 5 5 5 5 5 5 5 5 5 5 5 5 5 5 5 5 5 5 5 5 5 5 5 5 5 5 5 5 5 5 5 5 5 5 5 5 5 5 5 5 5 5 5 5 5 5 5 5 5 5 5 5 5 5 5 5 5 5 5 5 5 5 5 5 5 5 5 5 5 5 5 5 5 5 5 5 5 5 5 5 5 5 5 5 5 5 5 5 5 5 5 5 5 5 5 5 5 5 5 5 5 5 5 5 5 5 5 5 5 5 5 5 5 5 5 5 5 5 5 5 5 5 5 5 5 5 5 5 5 5 5 5 5 5 5 5 5 5 5 5 5 5 5 5 5 5 5 5 5 5 5 5 5 5 5 5 5 5 5 5 5 5 5 5 5 5 5 5 5 5 5 5 5 5 5 5 5 5 5 5 5 5 5 5 5 5 5 5 5 5 5 5 5 5 5 5 5 5 5 5 5 5 5 5 5 5 5 5 5 5 5 5 5 5 5 5 5 5 5 5 5 5 5 5 5 5 5 5 5 5 5 5 5 5 5 5 5 5 5 5 5 5 5 5 5 5 5 5 5 5 5 5 5 5 5 5 5 5 5 5 5 5 5 5 5 5 5 5 5 5 5 5 5 5 5 5 5 5 5 5 5 5 5 5 5 5 5 5 5 5 5 5 5 5 5 5 5 5 5 5 5 5 5 5 5 5 5 5 5 5 5 5 5 5 5 5 5 5 5 5 5 5 5 5 5 5 5 5 5 5 5 5 5 5 5 5 5 5 5 5 5 5 5 5 5 5 5 5 5 5 5 5 5 5 5 5 5 5 5 5 5 5 5 5 5 5 5 5 5 5 5 5 5 5 5 5 5 5 5 5 5 5 5 5 5 5 5 5 5 5 5 5 5 5 5 5 5 5 5 5 5 5 5 5 5 5 5 5 5 5 5 5 5 5 5 5 5 5 5 5 5 5 5 5 5 5 5 5 5 5 5 5 5 5 5 5 5 5 5 5 5 5 5 5 5 5 5 5 5 5 5 5 5 5 5 5 5 5 5 5 5 5 5 5 5 5 5 5 5 5 5 5 5 5 5 5 5 5 5 5 5 5 5 5 5 5 5 5 5 5 5 5 5 5 5 5 5 5 5 5 5 5 5 5 5 5 5 5 5 5 5 5 5 5 5 5 5 5 5 5 5 5 5 5 5 5 5 5 5 5 5 5 5 5 5 5 5 5 5 5 5 5 5 5 5 5 5 5 5 5 5 5 5 5 5 5 5 5 5 5 5 5 5 5 5 5 5 5 5 5 5 5 5 5 5 5 5 5 5 5 5 5 5 5 5 5 5 5 5 5 5 5 5 5 5 5 5 5 5 5 5 5 5 5 5 5 5 5 5 5 5 5 5 5 5 5 5 5 5 5 5 5 5 5 5 5 5 5 5 5 5 5 5 5 5 5 5 5 5 5 5 5 5 5 5 5 5 5 5 5 5 5 5 5 5 5 5 5 5 5 5 5 5 5 5 5 5 5 5 5 5 5 5 5 5 5 5 5 5 5 5 5 5 5 5 5 5 5 5 5 5 5 5 5 5 5 5 5 5 5 5 5 5 5 5 5 5 5 5 5 5 5 5 5 5 5 5 5 5 5 5 5 5 5 5 5 5 5 5 5 5 5 5 5 5 5 5 5 5 5 5 5 5 5 5 5 5 5 5 5 5 5 5 5 5 5 5 5 5 5 5 5 5 5 5 5 5 5 5 5 5 5 5 5 5 5 5 5 5 5 5 5 5 5 5 5 5 5 5 5 5 5 5 5 5 5 5 5 5 5 5 5 5 5 5 5 5 5 5 5 5 5 5 5 5 5 5 5 5 5 5 5 5 5 5 5 5 5 5 5 5 5 5 5 5 5 5 5 5 5 5 5 5 5 5 5 5 5 5 5 5 5 5 5 5 5 5 5 5 5 5 5 5 5 5 5 5 5 5 5 5 5 5 5 5 5 5 5 5 5 5 5 5 5 5 5 5 5 5 5 5 5 5 5 5 5 5 5 5 5 5 5 5 5 5 5 5 5 5 5 5 5 5 5 5 5 5 5 5 5 5 5 5 5 5 5 5 5 5 5 5 5 5 5 5 5 5 5 5 5 5 5 5 5 5 5 5 5 5 5 5 5 5 5 5 5 5 5 5 5 5 5 5 5 5 5 5 5 5 5 5 5 5 5 5 5 5 5 5 5 5 5 5 5 5 5 5 5 5 5 5 5 5 5 5 5 5 5 5 5 5 5 5 5 5 5 5 5 5 5 5 5 5 5 5 5 5 5 5 5 5 5 5 5 5 5 5 5 5 5 5 5 5 5 5 5 5 5 5 5 5 5 5 5 5 5 5 5 5 5 5 5 5 5 5 5 5 5 5 5 5 5 5 5 5 5 5 5 5 5 5 5 5 5 5 5 5 5 5 5 5 5 5 5 5 5 5 5 5 5 5 5 5 5 5 5 5 5 5 5 5 5 5 5 5 5 5 5 5 5 5 5 5 5 5 5 5 5 5 5 5 5 5 5 5 5 5 5 5 5 5 5 5 5 5 5 5 5 5 5 5 5 5 5 5 5 5 5 5 5 5 5 5 5 5 5 5 5 5 5 5 5 5 5 5 5 5 5 5 5 5 5 5 5 5 5 5 5 5 5 5 5 5 5 5 5 5 5 5 5 5 5 5 5 5 5 5 5 5 5 5 5 5 5 5 5 5 5 5 5 5 5 5 5 5 5 5 5 5 5 5 5 5 5 5 5 5 5 5 5 5 5 5 5 5 5 5 5 5 5 5 5 5 5 5 5 5 5 5 5 5 5 5 5 5 5 5 5 5 5 5 5 5 5 5 5 5 5 5 5 5 5 5 5 5 5 5 5 5 5 5 5 5 5 5 5 5 5 5 5 5 5 5 5 5 5 5 5 5 5 5 5 5 5 5 5 5 5 5 5 5 5 5 5 5 5 5 5 5 5 5 5 5 5 5 5 5 5 5 5 5 5 5 5 5 5 5 5 5 5 5 5 5 5 5 5 5 5 5 5 5 5 5 5 5 5 5 5 5 5 5 5 5 5 5 5 5 5 5 5 5 5 5 5 5 5 5 5 5 5 5 5 5 5 5 5 5 5 5 5 5 5 5 5 5 5 5 5 5 5 5 5 5 5 5 5 5 5 5 5 5 5 5 5 5 5 5 5 5 5 5 5 5 5 5 5 5 5 5 5 5 5 5 5 5 5 5 5 5 5 5 5 5 5 5 5 5 5 5 5 5 5 5 5 5 5 5 5 5 5 5 5 5 5 5 5 5 5 5 5 5 5 5 5 5 5 5 5 5 5 5 5 5 5 5 5 5 5 5 5 5 5 5 5 5 5 5 5 5 5 5 5 5 5 5 5 5 5 5 5 5 5 5 5 5 5 5 5 5 5 5 5 5 5 5 5 5 5 5 5 5 5 5 5 5 5 5 5 5 5 5 5 5 5 5 5 5 5 5 5 5 5 5 5 5 5 5 5 5 5 5 5 5 5 5 5 5 5 5 5 5 5 5 5 5 5 5 5 5 5 5 5 5 5 5 5 5 5 5 5 5 5 5 5 5 5 5 5 5 5 5 5 5 5 5 5 5 5 5 5 5 5 5 5 5 5 5 5 5 5 5 5 5 5 5 5 5 5 5 5 5 5 5 5 5 5 5 5 5 5 5 5 5 5 5 5 5 5 5 5 5 5 5 5 5 5 5 5 5 5 5 5 5 5 5 5 5 5 5 5 5 5 5 5 5 5 5 5 5 5 5 5 5 5 5 5 5 5 5 5 5 5 5 5 5 5 5 5 5 5 5 5 5 5 5 5 5 5 5 5 5 5 5 5 5 5 5 5 5 5 5 5 5 5 5 5 5 5 5 5 5 5 5 5 5 5 5 5 5 5 5 5 5 5 5 5 5 5 5 5 5 5 5 5 5 5 5 5 5 5 5 5 5 5 5 5 5 5 5 5 5 5 5 5 5 5 5 5 5 5 5 5 5 5 5 5 5 5 5 5 5 5 5 5 5 5 5 5 5 5 5 5 5 5 5 5 5 5 5 5 5 5 5 5 5 5 5 5 5 5 5 5 5 5 5 5 5 5 5 5 5 5 5 5 5 5 5 5 5 5 5 5 5 5 5 5 5 5 5 5 5 5 5 5 5 5 5 5 5 5 5 5 5 5 5 5 5 5 5 5 5 5 5 5 5 5 5 5 5 5 5 5 5 5 5 5 5 5 5 5 5 5 5 5 5 5 5 5 5 5 5 5 5 5 5 5 5 5 5 5 5 5 5 5 5 5 5 5 5 5 5 5 5 5 5 5 5 5 5 5 5 5 5 5 5 5 5 5 5 5 5 5 5 5 5 5 5 5 5 5 5 5 5 5 5 5 5 5 5 5 5 5 5 5 5 5 5 5 5 5 5 5 5 5 5 5 5 5 5 5 5 5 5 5 5 5 5 5 5 5 5 5 5 5 5 5 5 5 5 5 5 5 5 5 5 5 5 5 5 5 5 5 5 5 5 5 5 5 5 5 5 5 5 5 5 5 5 5 5 5 5 5 5 5 5 5 5 5 5 5 5 5 5 5 5 5 5 5 5 5 5 5 5 5 5 5 5 5 5 5 5 5 5 5 5 5 5 5 5 5 5 5 5 5 5 5 5 5 5 5 5 5 5 5 5 5 5 5 5 5 5 5 5 5 5 5 5 5 5 5 5 5 5 5 5 5 5 5 5 5 5 5 5 5 5 5 5 5 5 5 5 5 5 5 5 5 5 5 5 5 5 5 5 5 5 5 5 5 5 5 5 5 5 5 5 5 5 5 5 5 5 5 5 5 5 5 5 5 5 5 5 5 5 5 5 5 5 5 5 5 5 5 5 5 5 5 5 5 5 5 5 5 5 5 5 5 5 5 5 5 5 5 5 5 5 5 5 5 5 5 5 5 5 5 5 5 5 5 5 5 5 5 5 5 5 5 5 5 5 5 5 5 5 5 5 5 5 5 5 5 5 5 5 5 5 5 5 5 5 5 5 5 5 5 5 5 5 5 5 5 5 5 5 5 5 5 5 5 5 5 5 5 5 5 5 5 5 5 5 5 5 5 5 5 5 5 5 5 5 5 5 5 5 5 5 5 5 5 5 5 5 5 5 5 5 5 5 5 5 5 5 5 5 5 5 5 5 5 5 5 5 5 5 5 5 5 5 5 5 5 5 5 5 5 5 5 5 5 5 5 5 5 5 5 5 5 5 5 5 5 5 5 5 5 5 5 5 5 5 5 5 5 5 5 5 5 5 5 5 5 5 5 5 5 5 5 5 5 5 5 5 5 5 5 5 5 5 5 5 5 5 5 5 5 5 5 5 5 5 5 5 5 5 5 5 5 5 5 5 5 5 5 5 5 5 5 5 5 5 5 5 5 5 5 5 5 5 5 5 5 5 5 5 5 5 5 5 5 5 5 5 5 5 5 5 5 5 5 5 5 5 5 5 5 5 5 5 5 5 5 5 5 5 5 5 5 5 5 5 5 5 5 5 5 5 5 5 5 5 5 5 5 5 5 5 5 5 5 5 5 5 5 5 5 5 5 5 5 5 5 5 5 5 5 5 5 5 5 5 5 5 5 5 5 5 5 5 5 5 5 5 5 5 5 5 5 5 5 5 5 5 5 5 5 5 5 5 5 5 5 5 5 5 5 5 5 5 5 5 5 5 5 5 5 5 5 5 5 5 5 5 5 5 5 5 5 5 5 5 5 5 5 5 5 5 5 5 5 5 5 5 5 5 5 5 5 5 5 5 5 5 5 5 5 5 5 5 5 5 5 5 5 5 5 5 5 5 5 5 5 5 5 5 5 5 5 5 5 5 5 5 5 5 5 5 5 5 5 5 5 5 5 5 5 5 5 5 5 5 5 5 5 5 5 5 5 5 5 5 5 5 5 5 5 5 5 5 5 5 5 5 5 5 5 5 5 5 5 5 5 5 5 5 5 5 5 5 5 5 5 5 5 5 5 5 5 5 5 5 5 5 5 5 5 5 5 5 5 5 5 5 5 5 5 5 5 5 5 5 5 5 5 5 5 5 5 5 5 5 5 5 5 5 5 5 5 5 5 5 5 5 5 5 5 5 5 5 5 5 5 5 5 5 5 5 5 5 5 5 5 5 5 5 5 5 5 5 5 5 5 5 5 5 5 5 5 5 5 5 5 5 5 5 5 5 5 5 5 5 5 5 5 5 5 5 5 5 5 5 5 5 5 5 5 5 5 5 5 5 5 5 5 5 5 5 5 5 5 5 5 5 5 5 5 5 5 5 5 5 5 5 5 5 5 5 5 5 5 5 5 5 5 5 5 5 5 5 5 5 5 5 5 5 5 5 5 5 5 5 5 5 5 5 5 5 5 5 5 5 5 5 5 5 5 5 5 5 5 5 5 5 5 5 5 5 5 5 5 5 5 5 5 5 5 5 5 5 5 5 5 5 5 5 5 5 5 5 5 5 5 5 5 5 5 5 5 5 5 5 5 5 5 5 5 5 5 5 5 5 5 5 5 5 5 5 5 5 5 5 5 5 5 5 5 5 5 5 5 5 5 5 5 5 5 5 5 5 5 5 5 5 5 5 5 5 5 5 5 5 5 5 5 5 5 5 5 5 5 5 5 5 5 5 5 5 5 5 5 5 5 5 5 5 5 5 5 5 5 5 5 5 5 5 5 5 5 5 5 5 5 5 5 5 5 5 5 5 5 5 5 5 5 5 5 5 5 5 5 5 5 5 5 5 5 5 5 5 5 5 5 5 5 5 5 5 5 5 5 5 5 5 5 5 5 5 5 5 5 5 5 5 5 5 5 5 5 5 5 5 5 5 5 5 5 5 5 5 5 5 5 5 5 5 5 5 5 5 5 5 5 5 5 5 5 5 5 5 5 5 5 5 5 5 5 5 5 5 5 5 5 5 5 5 5 5 5 5 5 5 5 5 5 5 5 5 5 5 5 5 5 5 5 5 5 5 5 5 5 5 5 5 5 5 5 5 5 5 5 5 5 5 5 5 5 5 5 5 5 5 5 5 5 5 5 5 5 5 5 5 5 5 5 5 5 5 5 5 5 5 5 5 5 5 5 5 5 5 5 5 5 5 5 5 5 5 5 5 5 5 5 5 5 5 5 5 5 5 5 5 5 5 5 5 5 5 5 5 5 5 5 5 5 5 5 5 5 5 5 5 5 5 5 5 5 5 5 5 5 5 5 5 5 5 5 5 5 5 5 5 5 5 5 5 5 5 5 5 5 5 5 5 5 5 5 5 5 5 5 5 5 5 5 5 5 5 5 5 5 5 5 5 5 5 5 5 5 5 5 5 5 5 5 5 5 5 5 5 5 5 5 5 5 5 5 5 5 5 5 5 5 5 5 5 5 5 5 5 5 5 5 5 5 5 5 5 5 5 5 5 5 5 5 5 5 5 5 5 5 5 5 5 5 5 5 5 5 5 5 5 5 5 5 5 5 5 5 5 5 5 5 5 5 5 5 5 5 5 5 5 5 5 5 5 5 5 5 5 5 5 5 5 5 5 5 5 5 5 5 5 5 5 5 5 5 5 5 5 5 5 5 5 5 5 5 5 5 5 5 5 5 5 5 5 5 5 5 5 5 5 5 5 5 5 5 5 5 5 5 5 5 5 5 5 5 5 5 5 5 5 5 5 5 5 5 5 5 5 5 5 5 5 5 5 5 5 5 5 5 5 5 5 5 5 5 5 5 5 5 5 5 5 5 5 5 5 5 5 5 5 5 5 5 5 5 5 5 5 5 5 5 5 5 5 5 5 5 5 5 5 5 5 5 5 5 5 5 5 5 5 5 5 5 5 5 5 5 5 5 5 5 5 5 5 5 5 5 5 5 5 5 5 5 5 5 5 5 5 5 5 5 5 5 5 5 5 5 5 5 5 5 5 5 5 5 5 5 5 5 5 5 5 5 5 5 5 5 5 5 5 5 5 5 5 5 5 5 5 5 5 5 5 5 5 5 5 5 5 5 5 5 5 5 5 5 5 5 5 5 5 5 5 5 5 5 5 5 5 5 5 5 5 5 5 5 5 5 5 5 5 5 5 5 5 5 5 5 5 5 5 5 5 5 5 5 5 5 5 5 5 5 5 5 5 5 5 5 5 5 5 5 5 5 5 5 5 5 5 5 5 5 5 5 5 5 5 5 5 5 5 5 5 5 5 5 5 5 5 5 5 5 5 5 5 5 5 5 5 5 5 5 5 5 5 5 5 5 5 5 5 5 5 5 5 5 5 5 5 5 5 5 5 5 5 5 5 5 5 5 5 5 5 5 5 5 5 5 5 5 5 5 5 5 5 5 5 5 5 5 5 5 5 5 5 5 5 5 5 5 5 5 5 5 5 5 5 5 5 5 5 5 5 5 5 5 5 5 5 5 5 5 5 5 5 5 5 5 5 5 5 5 5 5 5 5 5 5 5 5 5 5 5 5 5 5 5 5 5 5 5 5 5 5 5 5 5 5 5 5 5 5 5 5 5 5 5 5 5 5 5 5 5 5 5 5 5 5 5 5 5 5 5 5 5 5 5 5 5 5 5 5 5 5 5 5 5 5 5 5 5 5 5 5 5 5 5 5 5 5 5 5 5 5 5 5 5 5 5 5 5 5 5 5 5 5 5 5 5 5 5 5 5 5 5 5 5 5 5 5 5 5 5 5 5 5 5 5 5 5 5 5 5 5 5 5 5 5 5 5 5 5 5 5 5 5 5 5 5 5 5 5 5 5 5 5 5 5 5 5 5 5 5 5 5 5 5 5 5 5 5 5 5 5 5 5 5 5 5 5 5 5 5 5 5 5 5 5 5 5 5 5 5 5 5 5 5 5 5 5 5 5 5 5 5 5 5 5 5 5 5 5 5 5 5 5 5 5 5 5 5 5 5 5 5 5 5 5 5 5 5 5 5 5 5 5 5 5 5 5 5 5 5 5 5 5 5 5 5 5 5 5 5 5 5 5 5 5 5 5 5 5 5 5 5 5 5 5 5 5 5 5 5 5 5 5 5 5 5 5 5 5 5 5 5 5 5 5 5 5 5 5 5 5 5 5 5 5 5 5 5 5 5 5 5 5 5 5 5 5 5 5 5 5 5 5 5 5 5 5 5 5 5 5 5 5 5 5 5 5 5 5 5 5 5 5 5 5 5 5 5 5 5 5 5 5 5 5 5 5 5 5 5 5 5 5 5 5 5 5 5 5 5 5 5 5 5 5 5 5 5 5 5 5 5 5 5 5 5 5 5 5 5 5 5 5 5 5 5 5 5 5 5 5 5 5 5 5 5 5 5 5 5 5 5 5 5 5 5 5 5 5 5 5 5 5 5 5 5 5 5 5 5 5 5 5 5 5 5 5 5 5 5 5 5 5 5 5 5 5 5 5 5 5 5 5 5 5 5 5 5 5 5 5 5 5 5 5 5 5 5 5 5 5 5 5 5 5 5 5 5 5 5 5 5 5 5 5 5 5 5 5 5 5 5 5 5 5 5 5 5 5 5 5 5 5 5 5 5 5 5 5 5 5 5 5 5 5 5 5 5 5 5 5 5 5 5 5 5 5 5 5 5 5 5 5 5 5 5 5 5 5 5 5 5 5 5 5 5 5 5 5 5 5 5 5 5 5 5 5 5 5 5 5 5 5 5 5 5 5 5 5 5 5 5 5 5 5 5 5 5 5 5 5 5 5 5 5 5 5 5 5 5 5 5 5 5 5 5 5 5 5 5 5 5 5 5 5 5 5 5 5 5 5 5 5 5 5 5 5 5 5 5 5 5 5 5 5 5 5 5 5 5 5 5 5 5 5 5 5 5 5 5 5 5 5 5 5 5 5 5 5 5 5 5 5 5 5 5 5 5 5 5 5 5 5 5 5 5 5 5 5 5 5 5 5 5 5 5 5 5 5 5 5 5 5 5 5 5 5 5 5 5 5 5 5 5 5 5 5 5 5 5 5 5 5 5 5 5 5 5 5 5 5 5 5 5 5 5 5 5 5 5 5 5 5 5 5 5 5 5 5 5 5 5 5 5 5 5 5 5 5 5 5 5 5 5 5 5 5 5 5 5 5 5 5 5 5 5 5 5 5 5 5 5 5 5 5 5 5 5 5 5 5 5 5 5 5 5 5 5 5 5 5 5 5 5 5 5 5 5 5 5 5 5 5 5 5 5 5 5 5 5 5 5 5 5 5 5 5 5 5 5 5 5 5 5 5 5 5 5 5 5 5 5 5 5 5 5 5 5 5 5 5 5 5 5 5 5 5 5 5 5 5 5 5 5 5 5 5 5 5 5 5 5 5 5 5 5 5 5 5 5 5 5 5 5 5 5 5 5 5 5 5 5 5 5 5 5 5 5 5 5 5 5 5 5 5 5 5 5 5 5 5 5 5 5 5 5 5 5 5 5 5 5 5 5 5 5 5 5 5 5 5 5 5 5 5 5 5 5 5 5 5 5 5 5 5 5 5 5 5 5 5 5 5 5 5 5 5 5 5 5 5 5 5 5 5 5 5 5 5 5 5 5 5 5 5 5 5 5 5 5 5 5 5 5 5 5 5 5 5 5 5 5 5 5 5 5 5 5 5 5 5 5 5 5 5 5 5 5 5 5 5 5 5 5 5 5 5 5 5 5 5 5 5 5 5 5 5 5 5 5 5 5 5 5 5 5 5 5 5 5 5 5 5 5 5 5 5 5 5 5 5 5 5 5 5 5 5 5 5 5 5 5 5 5 5 5 5 5 5 5 5 5 5 5 5 5 5 5 5 5 5 5 5 5 5 5 5 5 5 5 5 5 5 5 5 5 5 5 5 5 5 5 5 5 5 5 5 5 5 5 5 5 5 5 5 5 5 5 5 5 5 5 5 5 5 5 5 5 5 5 5 5 5 5 5 5 5 5 5 5 5 5 5 5 5 5 5 5 5 5 5 5 5 5 5 5 5 5 5 5 5 5 5 5 5 5 5 5 5 5 5 5 5 5 5 5 5 5 5 5 5 5 5 5 5 5 5 5 5 5 5 5 5 5 5 5 5 5 5 5 5 5 5 5 5 5 5 5 5 5 5 5 5 5 5 5 5 5 5 5 5 5 5 5 5 5 5 5 5 5 5 5 5 5 5 5 5 5 5 5 5 5 5 5 5 5 5 5 5 5 5 5 5 5 5 5 5 5 5 5 5 5 5 5 5 5 5 5 5 5 5 5 5 5 5 5 5 5 5 5 5 5 5 5 5 5 5 5 5 5 5 5 5 5 5 5 5 5 5 5 5 5 5 5 5 5 5 5 5 5 5 5 5 5 5 5 5 5 5 5 5 5 5 5 5 5 5 5 5 5 5 5 5 5 5 5 5 5 5 5 5 5 5 5 5 5 5 5 5 5 5 5 5 5 5 5 5 5 5 5 5 5 5 5 5 5 5 5 5 5 5 5 5 5 5 5 5 5 5 5 5 5 5 5 5 5 5 5 5 5 5 5 5 5 5 5 5 5 5 5 5 5 5 5 5 5 5 5 5 5 5 5 5 5 5 5 5 5 5 5 5 5 5 5 5 5 5 5 5 5 5 5 5 5 5 5 5 5 5 5 5 5 5 5 5 5 5 5 5 5 5 5 5 5 5 5 5 5 5 5 5 5 5 5 5 5 5 5 5 5 5 5 5 5 5 5 5 5 5 5 5 5 5 5 5 5 5 5 5 5 5 5 5 5 5 5 5 5 5 5 5 5 5 5 5 5 5 5 5 5 5 5 5 5 5 5 5 5 5 5 5 5 5 5 5 5 5 5 5 5 5 5 5 5 5 5 5 5 5 5 5 5 5 5 5 5 5 5 5 5 5 5 5 5 5 5 5 5 5 5 5 5 5 5 5 5 5 5 5 5 5 5 5 5 5 5 5 5 5 5 5 5 5 5 5 5 5 5 5 5 5 5 5 5 5 5 5 5 5 5 5 5 5 5 5 5 5 5 5 5 5 5 5 5 5 5 5 5 5 5 5 5 5 5 5 5 5 5 5 5 5 5 5 5 5 5 5 5 5 5 5 5 5 5 5 5 5 5 5 5 5 5 5 5 5 5 5 5 5 5 5 5 5 5 5 5 5 5 5 5 5 5 5 5 5 5 5 5 5 5 5 5 5 5 5 5 5 5 5 5 5 5 5 5 5 5 5 5 5 5 5 5 5 5 5 5 5 5 5 5 5 5 5 5 5 5 5 5 5 5 5 5 5 5 5 5 5 5 5 5 5 5 5 5 5 5 5 5 5 5 5 5 5 5 5 5 5 5 5 5 5 5 5 5 5 5 5 5 5 5 5 5 5 5 5 5 5 5 5 5 5 5 5 5 5 5 5 5 5 5 5 5 5 5 5 5 5 5 5 5 5 5 5 5 5 5 5 5 5 5 5 5 5 5 5 5 5 5 5 5 5 5 5 5 5 5 5 5 5 5 5 5 5 5 5 5 5 5 5 5 5 5 5 5 5 5 5 5 5 5 5 5 5 5 5 5 5 5 5 5 5 5 5 5 5 5 5 5 5 5 5 5 5 5 5 5 5 5 5 5 5 5 5 5 5 5 5 5 5 5 5 5 5 5 5 5 5 5 5 5 5 5 5 5 5 5 5 5 5 5 5 5 5 5 5 5 5 5 5 5 5 5 5 5 5 5 5 5 5 5 5 5 5 5 5 5 5 5 5 5 5 5 5 5 5 5 5 5 5 5 5 5 5 5 5 5 5 5 5 5 5 5 5 5 5 5 5 5 5 5 5 5 5 5 5 5 5 5 5 5 5 5 5 5 5 5 5 5 5 5 5 5 5 5 5 5 5 5 5 5 5 5 5 5 5 5 5 5 5 5 5 5 5 5 5 5 5 5 5 5 5 5 5 5 5 5 5 5 5 5 5 5 5 5 5 5 5 5 5 5 5 5 5 5 5 5 5 5 5 5 5 5 5 5 5 5 5 5 5 5 5 5 5 5 5 5 5 5 5 5 5 5 5 5 5 5 5 5 5 5 5 5 5 5 5 5 5 5 5 5 5 5 5 5 5 5 5 5 5 5 5 5 5 5 5 5 5 5 5 5 5 5 5 5 5 5 5 5 5 5 5 5 5 5 5 5 5 5 5 5 5 5 5 5 5 5 5 5 5 5 5 5 5 5 5 5 5 5 5 5 5 5 5 5 5 5 5 5 5 5 5 5 5 5 5 5 5 5 5 5 5 5 5 5 5 5 5 5 5 5 5 5 5 5 5 5 5 5 5 5 5 5 5 5 5 5 5 5 5 5 5 5 5 5 5 5 5 5 5 5 5 5 5 5 5 5 5 5 5 5 5 5 5 5 5 5 5 5 5 5 5 5 5 5 5 5 5 5 5 5 5 5 5 5 5 5 5 5 5 5 5 5 5 5 5 5 5 5 5 5 5 5 5 5 5 5 </DataArray>
         </Cells>
         <PointData>
            <DataArray Name="fValues" NumberOfComponents="3" format="ascii" type="Float64">
-1.17151e-35  9.37210e-35        00000 
-2.32003e-35 -5.80007e-35        00000 
 8.39563e-35  2.77421e-34        00000 
-3.48004e-34 -3.94405e-34        00000 
 2.34034e-34  1.87227e-34        00000 
-3.13204e-34 -1.16001e-34        00000 
 1.76354e-34  8.87236e-35        00000 
 1.62402e-34 -6.38007e-35        00000 
-7.02114e-34  4.68076e-35        00000 
 1.39202e-34 -2.90003e-35        00000 
-2.11333e-34  4.00805e-35        00000 
 4.40805e-34 -1.16001e-34        00000 
-1.64318e-34  1.15508e-34        00000 
 2.08802e-34 -1.62402e-34        00000 
 6.70437e-34 -3.78943e-35        00000 
-3.48004e-34 -3.48004e-35        00000 
 4.68076e-34  4.21269e-34        00000 
 9.28011e-35 -2.78403e-34        00000 
 2.53600e-34  2.21536e-34        00000 
-1.62402e-34 -5.22006e-35        00000 
-2.68687e-34  3.46829e-36        00000 
 6.96008e-35 -2.32003e-35        00000 
-2.62345e-35 -1.67609e-35        00000 
-4.40805e-34  3.91504e-35        00000 
 7.19667e-34 -4.82704e-35        00000 
-4.64005e-35  2.90003e-36        00000 
 1.42832e-34  3.39773e-35        00000 
-1.16001e-34  5.80007e-36        00000 
 2.65395e-34  2.01069e-35        00000 
-3.48004e-34 -3.48004e-35        00000 
 3.59996e-34  9.47357e-36        00000 
-4.64005e-34  1.85602e-34        00000 
 2.34038e-34  2.32295e-35        00000 
 9.28011e-35  1.45002e-35        00000 
-1.50120e-34 -1.14776e-35        00000 
-2.78403e-34  4.35005e-36        00000 
 3.77832e-34 -8.99327e-35        00000 
 4.17605e-34  1.45002e-36        00000 
-3.49793e-35  9.47357e-35        00000 
-4.17605e-34 -9.28011e-35        00000 
-1.87230e-34  2.10634e-34        00000 
 2.32003e-35 -5.80007e-35        00000 
-5.82989e-36  4.22667e-35        00000 
 3.94405e-34        00000        00000 
-4.22046e-34 -8.82442e-35        00000 
-4.17605e-34  2.90003e-35        00000 
 1.39917e-34 -2.76920e-35        00000 
-3.24804e-34  3.94405e-34        00000 
-7.89878e-34 -2.35501e-34        00000 
-9.74411e-34  2.55203e-34        00000 
 4.40156e-34 -6.22340e-34        00000 
-6.03207e-34  1.62402e-34        00000 
-5.51270e-34  1.63644e-34        00000 
 2.08802e-34 -9.28011e-35        00000 
 2.33857e-35  8.33116e-35        00000 
-1.78904e-34 -9.74627e-35        00000 
 5.71173e-19  1.69035e-18        00000 
 8.81616e-19  1.20800e-18        00000 
 1.47746e-18  8.40357e-19        00000 
 1.12381e-18  1.35643e-18        00000 
 1.27032e-18  1.74253e-18        00000 
 1.37337e-18  1.52734e-18        00000 
 1.80165e-18  5.55431e-19        00000 
 2.16971e-18  1.06381e-20        00000 
 2.32529e-18 -1.94056e-19        00000 
 2.09842e-18 -5.03386e-20        00000 
 2.17291e-18 -3.08649e-20        00000 
 2.37502e-18 -5.25503e-19        00000 
 2.60491e-18 -8.16675e-19        00000 
 2.44471e-18 -9.91989e-19        00000 
 2.18534e-18 -6.57519e-19        00000 
 2.22844e-18 -5.58974e-19        00000 
 2.89321e-18 -1.36521e-18        00000 
 3.25870e-18 -1.64041e-18        00000 
 3.13834e-18 -1.08964e-18        00000 
 2.77324e-18 -5.92409e-19        00000 
 2.60592e-18 -3.01182e-19        00000 
 2.57858e-18 -1.29918e-20        00000 
 2.43338e-18 -2.99114e-20        00000 
 2.55122e-18 -1.56509e-19        00000 
 2.23481e-18  1.26955e-19        00000 
 2.07390e-18 -1.96560e-20        00000 
 2.61550e-18 -6.24872e-19        00000 
 2.37593e-18 -2.67073e-19        00000 
 2.23690e-18  3.09440e-19        00000 
 2.21788e-18  3.11518e-19        00000 
 2.58644e-18 -2.43369e-19        00000 
 2.65250e-18 -6.83265e-19        00000 
 2.42557e-18 -2.14440e-19        00000 
 2.59355e-18 -1.47469e-19        00000 
 2.63493e-18  6.39693e-20        00000 
 2.71274e-18  8.49436e-20        00000 
 2.84590e-18 -1.40640e-19        00000 
 3.14586e-18 -6.50072e-19        00000 
 3.09970e-18 -7.34639e-19        00000 
 2.97806e-18 -6.81052e-19        00000 
 2.80634e-18 -9.58644e-19        00000 
 2.50100e-18 -6.62982e-19        00000 
 2.59560e-18 -4.81340e-19        00000 
 2.91701e-18 -6.03652e-19        00000 
 2.77621e-18 -4.20755e-19        00000 
 2.79922e-18 -4.25175e-19        00000 
 2.80945e-18 -9.05423e-19        00000 
 2.85587e-18 -1.19444e-18        00000 
 3.20591e-18 -1.52073e-18        00000 
 3.17557e-18 -1.84160e-18        00000 
 3.47694e-18 -2.11453e-18        00000 
 3.34065e-18 -2.41201e-18        00000 
 2.66954e-18 -1.89666e-18        00000 
 2.38066e-18 -1.42377e-18        00000 
 2.61124e-18 -1.78402e-18        00000 
 2.27357e-18 -2.17768e-18        00000 
 2.04273e-18  1.89510e-18        00000 
 2.36418e-18  1.58654e-18        00000 
 2.53476e-18  1.50733e-18        00000 
 2.76888e-18  1.46325e-18        00000 
 2.83302e-18  1.85199e-18        00000 
 2.77940e-18  1.87351e-18        00000 
 2.98845e-18  1.49015e-18        00000 
 3.39232e-18  5.82891e-19        00000 
 3.82877e-18  2.72456e-19        00000 
 4.02160e-18 -1.80267e-20        00000 
 3.96770e-18 -4.81037e-19        00000 
 4.18435e-18 -1.00786e-18        00000 
 4.40955e-18 -1.31788e-18        00000 
 3.40272e-18 -9.96941e-19        00000 
 3.30837e-18 -9.35418e-19        00000 
 4.61815e-18 -1.96171e-18        00000 
 5.08730e-18 -2.28494e-18        00000 
 5.10382e-18 -2.01410e-18        00000 
 4.90324e-18 -1.46245e-18        00000 
 4.77406e-18 -9.06141e-19        00000 
 4.60461e-18 -4.33048e-19        00000 
 4.78423e-18 -6.37693e-19        00000 
 4.73692e-18 -6.40500e-19        00000 
 4.47995e-18 -3.65858e-19        00000 
 4.82586e-18 -4.46225e-19        00000 
 4.56080e-18 -6.20320e-19        00000 
 4.44867e-18 -9.81826e-20        00000 
 4.11917e-18  5.11556e-19        00000 
 4.24691e-18  6.18134e-19        00000 
 4.93635e-18 -4.22142e-19        00000 
 4.68559e-18 -2.60524e-19        00000 
 4.66880e-18  1.87210e-21        00000 
 5.09409e-18  2.11566e-20        00000 
 5.30797e-18 -3.32819e-19        00000 
 5.61057e-18 -4.53083e-19        00000 
 5.45597e-18 -3.22484e-19        00000 
 5.45075e-18 -3.61997e-19        00000 
 5.29399e-18 -3.23233e-19        00000 
 5.48360e-18 -6.10494e-19        00000 
 5.24401e-18 -5.82467e-19        00000 
 4.94533e-18 -6.89492e-19        00000 
 5.29483e-18 -9.12977e-19        00000 
 5.65862e-18 -1.10420e-18        00000 
 5.80464e-18 -1.09620e-18        00000 
 5.58156e-18 -8.19614e-19        00000 
 5.31364e-18 -9.68316e-19        00000 
 5.09459e-18 -6.55094e-19        00000 
 5.71371e-18 -1.06520e-18        00000 
 5.98126e-18 -1.50728e-18        00000 
 6.17688e-18 -1.86133e-18        00000 
 5.86657e-18 -2.48927e-18        00000 
 5.47865e-18 -2.40720e-18        00000 
 5.04482e-18 -2.26820e-18        00000 
 4.84585e-18 -2.79146e-18        00000 
 4.88561e-18 -3.39838e-18        00000 
 2.28409e-18  2.97375e-18        00000 
 2.24650e-18  2.72508e-18        00000 
 2.80113e-18  1.99802e-18        00000 
 3.36601e-18  1.63198e-18        00000 
 3.41599e-18  1.98423e-18        00000 
 4.08877e-18  1.97941e-18        00000 
 4.14151e-18  1.04873e-18        00000 
 4.57998e-18  8.37626e-19        00000 
 4.60787e-18  7.82129e-19        00000 
 4.81971e-18  5.47417e-19        00000 
 4.96761e-18 -1.62925e-19        00000 
 5.23416e-18 -1.03118e-18        00000 
 5.01627e-18 -1.46965e-18        00000 
 4.60777e-18 -9.15661e-19        00000 
 5.11256e-18 -1.29943e-18        00000 
 5.86998e-18 -2.14986e-18        00000 
 6.90277e-18 -2.14335e-18        00000 
 6.65147e-18 -1.62727e-18        00000 
 6.31829e-18 -1.44690e-18        00000 
 6.27198e-18 -1.67561e-18        00000 
 6.73371e-18 -1.55418e-18        00000 
 6.76958e-18 -1.40599e-18        00000 
 6.24941e-18 -1.53216e-18        00000 
 6.93069e-18 -1.45263e-18        00000 
 6.42914e-18 -6.28718e-19        00000 
 5.98969e-18 -6.06109e-19        00000 
 5.89226e-18 -1.72995e-19        00000 
 6.17594e-18  4.43301e-20        00000 
 6.63525e-18 -1.31099e-20        00000 
 6.48105e-18 -1.40629e-19        00000 
 5.83144e-18  1.75183e-19        00000 
 6.79667e-18  4.64070e-19        00000 
 7.39315e-18  4.16942e-19        00000 
 7.65613e-18  2.34227e-19        00000 
 7.65079e-18  2.06066e-19        00000 
 7.54223e-18  1.59213e-19        00000 
 7.34989e-18  3.58371e-19        00000 
 7.35930e-18 -1.72729e-19        00000 
 8.04845e-18 -4.55179e-19        00000 
 7.75414e-18 -4.70575e-19        00000 
 7.68637e-18 -7.75103e-19        00000 
 8.27849e-18 -1.51862e-18        00000 
 8.30518e-18 -2.00474e-18        00000 
 8.57098e-18 -1.96972e-18        00000 
 8.17613e-18 -9.62600e-19        00000 
 7.60447e-18 -6.61282e-19        00000 
 8.11919e-18 -1.06616e-18        00000 
 8.09826e-18 -1.50857e-18        00000 
 8.33410e-18 -1.71439e-18        00000 
 8.22319e-18 -1.93231e-18        00000 
 8.05920e-18 -1.87123e-18        00000 
 7.47498e-18 -1.61842e-18        00000 
 7.35109e-18 -2.65073e-18        00000 
 6.97415e-18 -3.85647e-18        00000 
 6.20135e-18 -4.22298e-18        00000 
 2.47835e-18  3.17765e-18        00000 
 2.89698e-18  2.72202e-18        00000 
 3.16236e-18  2.37428e-18        00000 
 3.51807e-18  2.62455e-18        00000 
 4.50052e-18  2.25057e-18        00000 
 4.77316e-18  1.51814e-18        00000 
 4.55984e-18  9.56072e-19        00000 
 4.86702e-18  9.51386e-19        00000 
 5.09658e-18  9.30985e-19        00000 
 5.35568e-18  9.76135e-19        00000 
 5.56122e-18  5.87308e-19        00000 
 5.68445e-18 -8.23356e-19        00000 
 5.42589e-18 -9.61636e-19        00000 
 6.06690e-18 -6.95565e-19        00000 
 6.53343e-18 -9.51212e-19        00000 
 7.52158e-18 -1.07133e-18        00000 
 8.69489e-18 -1.57942e-18        00000 
 8.09994e-18 -1.75845e-18        00000 
 7.83197e-18 -1.61043e-18        00000 
 7.56269e-18 -1.00806e-18        00000 
 7.78400e-18 -6.28945e-19        00000 
 7.42952e-18 -9.94403e-19        00000 
 7.61400e-18 -1.23761e-18        00000 
 7.45619e-18 -7.79060e-19        00000 
 7.16173e-18 -6.97183e-19        00000 
 7.02998e-18 -8.89666e-19        00000 
 7.11078e-18 -3.20685e-19        00000 
 7.10442e-18  1.94039e-19        00000 
 7.83627e-18  5.41263e-19        00000 
 7.89717e-18  4.13422e-19        00000 
 7.80709e-18  4.62334e-19        00000 
 8.75751e-18  5.29913e-19        00000 
 9.76913e-18  3.08103e-19        00000 
 9.39340e-18  3.83438e-19        00000 
 9.15021e-18  8.54881e-19        00000 
 9.11281e-18  8.82194e-19        00000 
 9.31097e-18  1.27375e-19        00000 
 9.31795e-18 -3.23834e-19        00000 
 9.63650e-18 -3.97518e-19        00000 
 9.67468e-18 -8.38909e-19        00000 
 1.01183e-17 -1.68383e-18        00000 
 1.02549e-17 -2.14041e-18        00000 
 1.07934e-17 -2.07339e-18        00000 
 1.05403e-17 -1.67052e-18        00000 
 1.05783e-17 -1.71769e-18        00000 
 1.04123e-17 -2.46998e-18        00000 
 1.09625e-17 -2.31767e-18        00000 
 1.05461e-17 -1.90806e-18        00000 
 1.07327e-17 -1.78520e-18        00000 
 1.04191e-17 -2.11514e-18        00000 
 1.05100e-17 -3.14975e-18        00000 
 1.06229e-17 -4.05723e-18        00000 
 9.89095e-18 -4.58829e-18        00000 
 8.46368e-18 -4.61651e-18        00000 
 3.70685e-18  2.14144e-18        00000 
 3.51357e-18  2.49144e-18        00000 
 3.98243e-18  3.14928e-18        00000 
 4.48326e-18  2.79263e-18        00000 
 4.71396e-18  2.38575e-18        00000 
 4.72373e-18  2.50802e-18        00000 
 4.19154e-18  2.05569e-18        00000 
 5.15765e-18  1.48435e-18        00000 
 5.74743e-18  8.44048e-19        00000 
 5.81927e-18  1.04996e-18        00000 
 6.42369e-18  8.73439e-19        00000 
 6.16019e-18 -5.29662e-20        00000 
 6.54739e-18 -6.92158e-19        00000 
 7.10965e-18 -7.60958e-19        00000 
 7.03808e-18 -8.09153e-19        00000 
 8.45093e-18 -1.35182e-18        00000 
 9.07993e-18 -2.04083e-18        00000 
 9.46054e-18 -1.96587e-18        00000 
 9.35196e-18 -1.30416e-18        00000 
 8.07966e-18 -3.32023e-19        00000 
 8.73116e-18 -4.37452e-19        00000 
 8.46435e-18 -3.58158e-19        00000 
 8.85234e-18 -4.94911e-19        00000 
 8.27750e-18  4.69391e-21        00000 
 8.42152e-18 -7.17455e-19        00000 
 8.59134e-18 -9.69076e-19        00000 
 8.85968e-18 -3.48458e-19        00000 
 9.18039e-18  1.65549e-19        00000 
 1.04275e-17 -1.21134e-19        00000 
 9.71693e-18  6.22922e-20        00000 
 9.57820e-18  5.80163e-19        00000 
 1.10457e-17  8.53928e-19        00000 
 1.09267e-17  1.05595e-18        00000 
 1.14915e-17  4.60520e-19        00000 
 1.12140e-17 -2.49959e-19        00000 
 1.16482e-17 -4.21167e-19        00000 
 1.12285e-17 -5.22880e-19        00000 
 1.10553e-17 -1.45748e-19        00000 
 1.10581e-17 -6.31682e-19        00000 
 1.18340e-17 -1.28527e-18        00000 
 1.16021e-17 -1.69789e-18        00000 
 1.21733e-17 -1.61550e-18        00000 
 1.23589e-17 -1.73875e-18        00000 
 1.23669e-17 -1.68990e-18        00000 
 1.34333e-17 -2.44021e-18        00000 
 1.18217e-17 -2.36716e-18        00000 
 1.26096e-17 -1.88308e-18        00000 
 1.30906e-17 -2.01364e-18        00000 
 1.31320e-17 -2.84061e-18        00000 
 1.35845e-17 -3.54443e-18        00000 
 1.29345e-17 -3.81445e-18        00000 
 1.28877e-17 -4.28776e-18        00000 
 1.16842e-17 -4.63215e-18        00000 
 3.49253e-18  3.29528e-18        00000 
 4.53374e-18  3.15453e-18        00000 
 3.63609e-18  3.87800e-18        00000 
 3.63547e-18  4.44966e-18        00000 
 4.60642e-18  4.36124e-18        00000 
 3.90726e-18  3.41089e-18        00000 
 4.86575e-18  2.07878e-18        00000 
 5.24523e-18  1.09246e-18        00000 
 6.25437e-18  7.09381e-19        00000 
 6.76230e-18  3.40815e-19        00000 
 7.10643e-18  1.36937e-19        00000 
 7.14657e-18 -2.89918e-19        00000 
 7.04390e-18 -1.32204e-19        00000 
 7.74929e-18 -1.96677e-19        00000 
 7.35367e-18 -5.50342e-19        00000 
 8.31233e-18 -1.03403e-18        00000 
 9.60957e-18 -1.25327e-18        00000 
 1.00666e-17 -1.51492e-18        00000 
 9.46416e-18 -7.23730e-19        00000 
 9.94867e-18 -6.16359e-19        00000 
 1.00662e-17 -9.09256e-19        00000 
 9.30206e-18 -6.67210e-19        00000 
 9.78560e-18 -4.55802e-19        00000 
 9.32372e-18 -2.63459e-19        00000 
 9.46561e-18 -6.92227e-19        00000 
 9.88694e-18  1.64052e-19        00000 
 1.01507e-17  4.86993e-19        00000 
 1.07032e-17  2.08299e-19        00000 
 1.09124e-17  3.21233e-19        00000 
 1.14061e-17  5.74103e-19        00000 
 1.19413e-17  7.20241e-19        00000 
 1.22816e-17  1.13198e-18        00000 
 1.22958e-17  9.12676e-19        00000 
 1.23083e-17  3.23409e-19        00000 
 1.29417e-17 -6.04840e-19        00000 
 1.25574e-17 -2.88772e-19        00000 
 1.20385e-17  2.43231e-19        00000 
 1.33717e-17  3.37358e-20        00000 
 1.32816e-17 -7.86026e-19        00000 
 1.40676e-17 -1.71142e-18        00000 
 1.38412e-17 -1.95264e-18        00000 
 1.33248e-17 -1.93829e-18        00000 
 1.37625e-17 -2.02662e-18        00000 
 1.51473e-17 -2.72152e-18        00000 
 1.51739e-17 -2.58723e-18        00000 
 1.44894e-17 -2.53343e-18        00000 
 1.48467e-17 -2.79947e-18        00000 
 1.50690e-17 -3.15369e-18        00000 
 1.49883e-17 -3.77552e-18        00000 
 1.53228e-17 -4.00098e-18        00000 
 1.51955e-17 -4.64255e-18        00000 
 1.44156e-17 -5.31837e-18        00000 
 3.32563e-18  3.47252e-18        00000 
 3.87663e-18  4.27819e-18        00000 
 3.57630e-18  4.10220e-18        00000 
 4.57010e-18  4.17073e-18        00000 
 4.92225e-18  3.86871e-18        00000 
 4.57450e-18  3.50502e-18        00000 
 5.01337e-18  3.24158e-18        00000 
 4.75707e-18  3.27223e-18        00000 
 4.39526e-18  2.33328e-18        00000 
 6.50961e-18  7.49996e-19        00000 
 6.77366e-18  6.69513e-20        00000 
 7.68460e-18 -5.07864e-19        00000 
 7.48297e-18 -8.19569e-19        00000 
 7.71752e-18 -1.51512e-19        00000 
 7.48911e-18 -4.52596e-20        00000 
 7.94816e-18 -1.10022e-19        00000 
 1.01202e-17 -1.00852e-19        00000 
 9.50384e-18  4.59622e-19        00000 
 9.49680e-18  1.06802e-21        00000 
 1.04020e-17 -2.91871e-19        00000 
 1.06759e-17 -4.51010e-19        00000 
 1.07488e-17  2.75230e-20        00000 
 1.03278e-17 -3.67490e-19        00000 
 1.01260e-17 -2.51794e-19        00000 
 1.01330e-17 -3.96794e-20        00000 
 1.06123e-17  5.50883e-19        00000 
 1.06454e-17  5.76881e-19        00000 
 1.14157e-17  3.23821e-19        00000 
 1.08142e-17  1.23077e-18        00000 
 1.21545e-17  9.71136e-19        00000 
 1.30146e-17  5.91466e-19        00000 
 1.30322e-17  1.45510e-19        00000 
 1.31837e-17  8.17517e-19        00000 
 1.29563e-17  9.62013e-19        00000 
 1.25763e-17  1.34893e-18        00000 
 1.27126e-17  8.70135e-19        00000 
 1.23284e-17  1.24522e-18        00000 
 1.41010e-17  1.63030e-19        00000 
 1.43930e-17 -2.03731e-19        00000 
 1.48801e-17 -7.08113e-19        00000 
 1.50442e-17 -9.00233e-19        00000 
 1.47786e-17 -6.87390e-19        00000 
 1.51445e-17 -1.59259e-18        00000 
 1.64982e-17 -2.10971e-18        00000 
 1.65951e-17 -2.62462e-18        00000 
 1.64910e-17 -3.30803e-18        00000 
 1.67813e-17 -3.40485e-18        00000 
 1.70420e-17 -3.70366e-18        00000 
 1.68397e-17 -3.64129e-18        00000 
 1.71843e-17 -3.72445e-18        00000 
 1.63081e-17 -4.66255e-18        00000 
 1.50669e-17 -5.10464e-18        00000 
 2.07066e-18  4.76465e-18        00000 
 3.24767e-18  3.58223e-18        00000 
 2.97581e-18  4.13725e-18        00000 
 3.52845e-18  3.18080e-18        00000 
 4.37322e-18  3.94638e-18        00000 
 4.12643e-18  5.13648e-18        00000 
 3.96465e-18  3.46125e-18        00000 
 4.17457e-18  4.23145e-18        00000 
 4.61078e-18  2.85540e-18        00000 
 5.76519e-18  2.10566e-18        00000 
 5.12545e-18  1.51152e-18        00000 
 6.70295e-18  7.69755e-19        00000 
 7.06560e-18  2.97966e-19        00000 
 6.59323e-18 -1.77370e-19        00000 
 7.16780e-18  9.48658e-19        00000 
 7.29050e-18  5.39120e-19        00000 
 8.37069e-18  5.79614e-19        00000 
 8.79074e-18  8.80400e-19        00000 
 8.84976e-18  1.09911e-18        00000 
 9.50112e-18  1.35784e-18        00000 
 9.67532e-18  1.52797e-18        00000 
 1.05909e-17  1.35537e-18        00000 
 1.10124e-17  7.36772e-19        00000 
 1.07375e-17  2.10608e-19        00000 
 1.09741e-17  5.22328e-19        00000 
 1.09583e-17  8.41316e-19        00000 
 1.07675e-17  1.83146e-18        00000 
 1.11110e-17  1.67560e-18        00000 
 1.16694e-17  1.84302e-18        00000 
 1.28437e-17  1.78411e-18        00000 
 1.31070e-17  1.86546e-18        00000 
 1.33300e-17  1.89424e-18        00000 
 1.31533e-17  1.59363e-18        00000 
 1.35564e-17  1.84200e-18        00000 
 1.31472e-17  1.90266e-18        00000 
 1.30217e-17  1.58852e-18        00000 
 1.34255e-17  1.53933e-18        00000 
 1.44538e-17  5.91578e-20        00000 
 1.44761e-17 -3.12969e-19        00000 
 1.50980e-17 -2.58301e-19        00000 
 1.57652e-17 -3.53578e-19        00000 
 1.59384e-17  3.62544e-19        00000 
 1.65897e-17  3.20668e-20        00000 
 1.60653e-17 -9.44855e-19        00000 
 1.73838e-17 -2.02196e-18        00000 
 1.73316e-17 -2.06469e-18        00000 
 1.73108e-17 -2.52554e-18        00000 
 1.75075e-17 -2.51795e-18        00000 
 1.80163e-17 -2.97736e-18        00000 
 1.75282e-17 -2.88278e-18        00000 
 1.80846e-17 -3.20403e-18        00000 
 1.68070e-17 -3.44871e-18        00000 
 2.27251e-18  4.25506e-18        00000 
 3.25116e-18  4.97443e-18        00000 
 2.94189e-18  4.41521e-18        00000 
 2.83583e-18  3.23448e-18        00000 
 4.29561e-18  3.60471e-18        00000 
 3.49241e-18  3.67237e-18        00000 
 3.60991e-18  3.33549e-18        00000 
 3.06822e-18  2.97543e-18        00000 
 5.24929e-18  3.10476e-18        00000 
 4.37661e-18  1.85879e-18        00000 
 5.68999e-18  2.20297e-18        00000 
 4.38829e-18  2.78701e-18        00000 
 4.23721e-18  2.67256e-18        00000 
 5.75612e-18  2.41764e-18        00000 
 6.54329e-18  2.30244e-18        00000 
 6.80994e-18  1.96644e-18        00000 
 7.32257e-18  1.65775e-18        00000 
 7.70405e-18  1.98826e-18        00000 
 8.06692e-18  1.55934e-18        00000 
 9.28138e-18  1.43888e-18        00000 
 9.49689e-18  2.04838e-18        00000 
 9.92294e-18  2.11175e-18        00000 
 1.10221e-17  2.23328e-18        00000 
 9.66697e-18  2.20126e-18        00000 
 1.11006e-17  2.19882e-18        00000 
 1.04525e-17  1.50987e-18        00000 
 1.03494e-17  1.46575e-18        00000 
 1.08689e-17  2.24964e-18        00000 
 1.16913e-17  2.89676e-18        00000 
 1.22423e-17  2.49174e-18        00000 
 1.30020e-17  2.20580e-18        00000 
 1.26150e-17  2.56353e-18        00000 
 1.34784e-17  2.91135e-18        00000 
 1.42060e-17  1.75235e-18        00000 
 1.32768e-17  1.63820e-18        00000 
 1.30081e-17  1.78782e-18        00000 
 1.44446e-17  9.87431e-19        00000 
 1.51833e-17  1.03002e-18        00000 
 1.41315e-17  1.64526e-18        00000 
 1.60200e-17  9.89559e-19        00000 
 1.57134e-17  8.49307e-19        00000 
 1.68477e-17  1.29718e-18        00000 
 1.66226e-17  4.91534e-19        00000 
 1.66062e-17 -5.55950e-19        00000 
 1.71046e-17 -7.68377e-19        00000 
 1.76153e-17 -6.57379e-19        00000 
 1.76893e-17 -1.20268e-18        00000 
 1.80647e-17 -1.51935e-18        00000 
 1.83015e-17 -1.09794e-18        00000 
 1.80185e-17 -1.03482e-18        00000 
 1.77523e-17 -1.73329e-18        00000 
 2.80489e-18  1.83887e-18        00000 
 1.99678e-18  3.77208e-18        00000 
 2.54288e-18  4.07726e-18        00000 
 2.07209e-18  3.73603e-18        00000 
 3.17899e-18  3.36281e-18        00000 
 3.07091e-18  3.19588e-18        00000 
 2.91515e-18  3.57547e-18        00000 
 3.55733e-18  3.24949e-18        00000 
 4.88782e-18  3.14745e-18        00000 
 4.59005e-18  3.40319e-18        00000 
 3.57716e-18  3.59183e-18        00000 
 3.29692e-18  3.26288e-18        00000 
 4.53201e-18  2.90428e-18        00000 
 5.79347e-18  3.32678e-18        00000 
 5.75142e-18  3.11475e-18        00000 
 6.25966e-18  2.95964e-18        00000 
 7.06609e-18  3.65282e-18        00000 
 7.04765e-18  3.29109e-18        00000 
 6.94752e-18  2.58349e-18        00000 
 8.05129e-18  2.48007e-18        00000 
 8.87523e-18  2.44708e-18        00000 
 8.88569e-18  2.69899e-18        00000 
 1.02923e-17  1.99692e-18        00000 
 1.12168e-17  2.63471e-18        00000 
 1.05199e-17  3.28083e-18        00000 
 9.61183e-18  3.17132e-18        00000 
 9.40572e-18  3.58371e-18        00000 
 1.01912e-17  3.92169e-18        00000 
 1.10841e-17  3.30387e-18        00000 
 1.23131e-17  2.86671e-18        00000 
 1.27324e-17  2.64213e-18        00000 
 1.26749e-17  3.19690e-18        00000 
 1.26011e-17  3.88963e-18        00000 
 1.22640e-17  3.50339e-18        00000 
 1.23553e-17  3.10834e-18        00000 
 1.38725e-17  1.36718e-18        00000 
 1.35444e-17  2.25434e-18        00000 
 1.44044e-17  2.81818e-18        00000 
 1.47181e-17  2.66083e-18        00000 
 1.47818e-17  2.00563e-18        00000 
 1.54596e-17  1.29893e-18        00000 
 1.58663e-17  5.80784e-19        00000 
 1.64662e-17  3.86617e-19        00000 
 1.63373e-17  1.15032e-18        00000 
 1.75805e-17  1.06650e-19        00000 
 1.66903e-17 -4.96740e-20        00000 
 1.79782e-17 -6.30084e-19        00000 
 1.77431e-17 -8.29249e-19        00000 
 1.82170e-17 -1.43636e-18        00000 
 1.81520e-17 -6.19394e-19        00000 
 1.77427e-18  1.31666e-18        00000 
 2.01829e-18  4.24539e-18        00000 
 1.01719e-18  4.11902e-18        00000 
 1.06383e-18  4.35910e-18        00000 
 1.46348e-18  3.45101e-18        00000 
 1.71191e-18  3.73186e-18        00000 
 3.37217e-18  4.27192e-18        00000 
 3.67003e-18  4.20513e-18        00000 
 2.60746e-18  4.64062e-18        00000 
 3.07037e-18  4.23279e-18        00000 
 4.02682e-18  4.34059e-18        00000 
 2.82777e-18  3.94483e-18        00000 
 4.70902e-18  3.71448e-18        00000 
 4.81819e-18  4.14903e-18        00000 
 5.93562e-18  3.49078e-18        00000 
 5.13361e-18  3.95139e-18        00000 
 7.01700e-18  3.63158e-18        00000 
 8.28476e-18  3.18542e-18        00000 
 6.94139e-18  3.38369e-18        00000 
 7.17661e-18  3.59846e-18        00000 
 8.21743e-18  3.11786e-18        00000 
 8.55635e-18  2.78496e-18        00000 
 1.03534e-17  3.73298e-18        00000 
 1.05334e-17  4.35489e-18        00000 
 1.03293e-17  4.76589e-18        00000 
 8.82762e-18  4.80832e-18        00000 
 9.82636e-18  3.54227e-18        00000 
 1.04051e-17  3.02939e-18        00000 
 1.20498e-17  2.51924e-18        00000 
 1.26861e-17  2.15218e-18        00000 
 1.21098e-17  2.96620e-18        00000 
 1.20117e-17  2.89087e-18        00000 
 1.28177e-17  3.42497e-18        00000 
 1.17597e-17  3.23873e-18        00000 
 1.24318e-17  3.03971e-18        00000 
 1.32591e-17  2.86769e-18        00000 
 1.38223e-17  2.27345e-18        00000 
 1.47378e-17  2.09415e-18        00000 
 1.45863e-17  2.97072e-18        00000 
 1.53760e-17  3.01015e-18        00000 
 1.46474e-17  3.29455e-18        00000 
 1.42087e-17  3.87708e-18        00000 
 1.51806e-17  2.44836e-18        00000 
 1.59946e-17  2.95815e-18        00000 
 1.67032e-17  1.85705e-18        00000 
 1.61664e-17  1.92281e-18        00000 
 1.72167e-17  2.61233e-19        00000 
 1.70956e-17  1.13492e-18        00000 
 1.75891e-17  6.93438e-19        00000 
 3.91618e-19  3.37377e-18        00000 
 4.26963e-19  4.26679e-18        00000 
-9.11744e-20  5.10674e-18        00000 
 4.86420e-19  4.72870e-18        00000 
 9.00734e-19  5.50593e-18        00000 
 1.51272e-18  5.22628e-18        00000 
 2.53933e-18  4.01029e-18        00000 
 1.60004e-18  4.82002e-18        00000 
 2.20382e-18  5.14387e-18        00000 
 2.39897e-18  4.90322e-18        00000 
 3.54031e-18  5.06088e-18        00000 
 5.00824e-18  4.49693e-18        00000 
 5.99251e-18  3.62765e-18        00000 
 5.29659e-18  4.72531e-18        00000 
 5.92367e-18  4.02301e-18        00000 
 6.01334e-18  3.33498e-18        00000 
 7.56038e-18  3.52379e-18        00000 
 7.15682e-18  4.18508e-18        00000 
 6.29333e-18  4.24538e-18        00000 
 7.46177e-18  3.59766e-18        00000 
 7.38478e-18  4.15309e-18        00000 
 8.80529e-18  3.43008e-18        00000 
 9.75009e-18  5.01437e-18        00000 
 8.82325e-18  6.41598e-18        00000 
 8.58820e-18  6.35762e-18        00000 
 9.28652e-18  4.91399e-18        00000 
 1.04655e-17  4.34327e-18        00000 
 1.08352e-17  3.68729e-18        00000 
 1.17002e-17  2.95100e-18        00000 
 1.24157e-17  3.87007e-18        00000 
 1.21377e-17  3.69750e-18        00000 
 1.16738e-17  3.59053e-18        00000 
 1.13077e-17  4.32063e-18        00000 
 1.28595e-17  3.33412e-18        00000 
 1.26258e-17  3.27846e-18        00000 
 1.38065e-17  2.52983e-18        00000 
 1.49131e-17  3.15819e-18        00000 
 1.42823e-17  2.48780e-18        00000 
 1.45294e-17  3.00225e-18        00000 
 1.47070e-17  3.05504e-18        00000 
 1.38488e-17  2.82262e-18        00000 
 1.44460e-17  3.44675e-18        00000 
 1.49581e-17  3.83170e-18        00000 
 1.53449e-17  3.43203e-18        00000 
 1.51481e-17  3.23243e-18        00000 
 1.52473e-17  3.88879e-18        00000 
 1.57970e-17  4.43764e-18        00000 
 1.62034e-17  4.43920e-18        00000 
 1.50386e-17  5.46093e-18        00000 
-1.29989e-18  6.41432e-18        00000 
-9.95001e-19  6.19642e-18        00000 
-5.37164e-19  6.22291e-18        00000 
 3.85989e-19  5.70483e-18        00000 
-6.73256e-19  5.25024e-18        00000 
 1.98526e-18  6.01776e-18        00000 
 1.42835e-18  6.14299e-18        00000 
 5.73067e-20  6.56854e-18        00000 
 2.35706e-18  5.79451e-18        00000 
 1.71524e-18  5.69962e-18        00000 
 2.26083e-18  5.29455e-18        00000 
 3.68963e-18  4.42655e-18        00000 
 3.85839e-18  3.25093e-18        00000 
 5.63552e-18  3.60432e-18        00000 
 5.04351e-18  6.35277e-18        00000 
 4.79390e-18  6.97312e-18        00000 
 4.91879e-18  6.29029e-18        00000 
 5.96860e-18  6.34348e-18        00000 
 6.61432e-18  5.18942e-18        00000 
 7.33367e-18  4.35702e-18        00000 
 7.88579e-18  5.20804e-18        00000 
 6.60700e-18  6.55737e-18        00000 
 7.18012e-18  6.65718e-18        00000 
 8.87912e-18  7.44961e-18        00000 
 7.64798e-18  5.83572e-18        00000 
 9.53850e-18  5.08595e-18        00000 
 1.04958e-17  4.49984e-18        00000 
 1.14031e-17  2.93970e-18        00000 
 1.18817e-17  3.08234e-18        00000 
 1.10018e-17  2.71874e-18        00000 
 1.18185e-17  5.03187e-18        00000 
 1.10098e-17  4.84553e-18        00000 
 1.15871e-17  4.62771e-18        00000 
 1.16396e-17  3.88758e-18        00000 
 1.32630e-17  3.52545e-18        00000 
 1.30001e-17  2.91061e-18        00000 
 1.41354e-17  3.41469e-18        00000 
 1.34396e-17  3.54321e-18        00000 
 1.42588e-17  3.59468e-18        00000 
 1.37304e-17  4.56374e-18        00000 
 1.49046e-17  3.47200e-18        00000 
 1.43430e-17  3.55573e-18        00000 
 1.39989e-17  2.93800e-18        00000 
 1.48320e-17  3.72686e-18        00000 
 1.38000e-17  4.80304e-18        00000 
 1.49685e-17  5.24083e-18        00000 
 1.36931e-17  5.63584e-18        00000 
 1.39080e-17  6.44243e-18        00000 
-3.03436e-18  7.59569e-18        00000 
-2.34067e-18  7.73387e-18        00000 
-2.40511e-18  7.22791e-18        00000 
-2.03103e-18  6.54495e-18        00000 
-5.53904e-19  7.10378e-18        00000 
 5.98480e-20  5.74668e-18        00000 
 4.94445e-19  6.32778e-18        00000 
-4.22609e-19  5.95531e-18        00000 
-3.26819e-20  5.20209e-18        00000 
 2.91580e-19  5.93180e-18        00000 
 1.49864e-18  6.99273e-18        00000 
 2.25232e-18  6.21315e-18        00000 
 2.17782e-18  7.27623e-18        00000 
 2.29593e-18  7.29155e-18        00000 
 2.89217e-18  7.77685e-18        00000 
 4.45439e-18  8.10227e-18        00000 
 4.02629e-18  7.90909e-18        00000 
 5.83362e-18  7.27610e-18        00000 
 5.81810e-18  6.49167e-18        00000 
 7.02216e-18  6.62446e-18        00000 
 5.82007e-18  6.71563e-18        00000 
 7.60549e-18  7.55534e-18        00000 
 6.29839e-18  7.40619e-18        00000 
 8.05025e-18  6.01240e-18        00000 
 8.42205e-18  5.75553e-18        00000 
 9.42205e-18  5.52862e-18        00000 
 1.02768e-17  5.11446e-18        00000 
 1.02682e-17  4.84016e-18        00000 
 9.84492e-18  4.95817e-18        00000 
 1.06294e-17  5.72348e-18        00000 
 1.10961e-17  6.03687e-18        00000 
 1.14121e-17  6.04667e-18        00000 
 1.05887e-17  5.92252e-18        00000 
 1.02784e-17  4.96660e-18        00000 
 1.19439e-17  4.01159e-18        00000 
 1.31658e-17  3.89313e-18        00000 
 1.37476e-17  2.41519e-18        00000 
 1.48844e-17  3.25756e-18        00000 
 1.32511e-17  5.18701e-18        00000 
 1.34415e-17  4.60947e-18        00000 
 1.41396e-17  5.72337e-18        00000 
 1.46363e-17  4.45554e-18        00000 
 1.34347e-17  4.61908e-18        00000 
 1.31269e-17  3.25006e-18        00000 
 1.31814e-17  4.56200e-18        00000 
 1.28768e-17  4.15460e-18        00000 
 1.30213e-17  5.70379e-18        00000 
 1.25130e-17  6.06001e-18        00000 
-2.66177e-18  7.57577e-18        00000 
-1.19337e-18  7.49879e-18        00000 
-1.67018e-18  6.98111e-18        00000 
-2.77475e-18  9.29284e-18        00000 
-1.74517e-18  8.91590e-18        00000 
-5.42826e-19  8.12740e-18        00000 
 1.32723e-18  6.04606e-18        00000 
-5.75756e-19  5.77114e-18        00000 
 5.00635e-19  5.84951e-18        00000 
 2.27891e-19  6.29060e-18        00000 
 5.73916e-19  6.89780e-18        00000 
-2.53975e-19  7.74641e-18        00000 
 1.73700e-18  7.76003e-18        00000 
 2.25973e-18  7.48713e-18        00000 
 2.74313e-18  7.50504e-18        00000 
 5.18164e-18  8.57512e-18        00000 
 5.48169e-18  7.75522e-18        00000 
 7.47181e-18  6.73612e-18        00000 
 5.57623e-18  6.12816e-18        00000 
 6.47804e-18  6.32460e-18        00000 
 5.04174e-18  7.05636e-18        00000 
 5.97375e-18  7.76175e-18        00000 
 6.74324e-18  7.01893e-18        00000 
 7.73752e-18  7.59557e-18        00000 
 7.80838e-18  7.23625e-18        00000 
 8.86158e-18  7.08836e-18        00000 
 8.71768e-18  8.13151e-18        00000 
 1.03623e-17  6.74645e-18        00000 
 8.96442e-18  6.10695e-18        00000 
 1.08862e-17  4.73886e-18        00000 
 1.01990e-17  4.24223e-18        00000 
 1.07382e-17  5.01712e-18        00000 
 1.13468e-17  4.47084e-18        00000 
 1.05393e-17  6.89103e-18        00000 
 1.17684e-17  5.21549e-18        00000 
 1.31856e-17  4.03318e-18        00000 
 1.30182e-17  3.29796e-18        00000 
 1.30571e-17  3.98842e-18        00000 
 1.13518e-17  6.40105e-18        00000 
 1.33118e-17  5.37826e-18        00000 
 1.32118e-17  5.15169e-18        00000 
 1.18901e-17  5.34345e-18        00000 
 1.28540e-17  5.19418e-18        00000 
 1.15283e-17  5.68929e-18        00000 
 1.21014e-17  6.40738e-18        00000 
 1.05468e-17  6.00840e-18        00000 
 1.17892e-17  5.32898e-18        00000 
-5.79615e-19  6.35422e-18        00000 
-5.74754e-19  6.42983e-18        00000 
-1.49560e-18  7.89359e-18        00000 
-2.24338e-18  8.32676e-18        00000 
 5.01847e-19  7.04919e-18        00000 
-9.65028e-19  6.93752e-18        00000 
-1.09744e-18  7.31315e-18        00000 
-1.14089e-18  8.32962e-18        00000 
-5.08457e-19  7.38172e-18        00000 
-5.09489e-19  8.13782e-18        00000 
 1.54293e-18  7.90573e-18        00000 
 1.25216e-18  1.01857e-17        00000 
 9.73231e-19  9.92169e-18        00000 
 2.95786e-18  8.98763e-18        00000 
 3.11138e-18  9.52094e-18        00000 
 4.50690e-18  9.44960e-18        00000 
 6.65505e-18  8.42295e-18        00000 
 6.27115e-18  7.12200e-18        00000 
 4.20903e-18  6.91095e-18        00000 
 5.94564e-18  7.98073e-18        00000 
 5.40510e-18  9.70880e-18        00000 
 4.51125e-18  1.20490e-17        00000 
 4.93994e-18  1.12950e-17        00000 
 5.56101e-18  1.00726e-17        00000 
 5.11718e-18  8.90915e-18        00000 
 7.16879e-18  8.03977e-18        00000 
 7.56902e-18  7.79509e-18        00000 
 9.04786e-18  6.70492e-18        00000 
 8.58718e-18  5.59918e-18        00000 
 9.65852e-18  4.59894e-18        00000 
 8.87246e-18  4.13173e-18        00000 
 8.32647e-18  4.16307e-18        00000 
 1.01905e-17  4.89846e-18        00000 
 1.05641e-17  5.91523e-18        00000 
 1.19198e-17  3.27768e-18        00000 
 1.19390e-17  4.25919e-18        00000 
 1.17973e-17  4.15717e-18        00000 
 1.06307e-17  4.86210e-18        00000 
 1.21800e-17  6.11499e-18        00000 
 1.13437e-17  5.92420e-18        00000 
 1.13289e-17  5.95011e-18        00000 
 1.11459e-17  4.02014e-18        00000 
 1.18081e-17  2.13728e-18        00000 
 1.20344e-17  3.80580e-18        00000 
 1.22404e-17  5.51161e-18        00000 
 1.20972e-17  5.23187e-18        00000 
 1.26917e-17  7.03730e-18        00000 
-2.01907e-18  8.68779e-18        00000 
-2.66326e-18  8.81267e-18        00000 
-2.22936e-18  9.01058e-18        00000 
-1.37067e-18  8.74355e-18        00000 
-1.82071e-18  7.32675e-18        00000 
-1.39093e-18  7.80990e-18        00000 
-1.16157e-18  8.28089e-18        00000 
 1.61223e-19  6.56357e-18        00000 
 7.15667e-19  7.75612e-18        00000 
-5.61336e-19  8.10363e-18        00000 
 6.83735e-19  9.89145e-18        00000 
 4.50672e-19  1.10876e-17        00000 
 7.12297e-19  1.11717e-17        00000 
 2.86896e-18  1.12234e-17        00000 
 2.38764e-18  1.06287e-17        00000 
 4.78242e-18  7.52713e-18        00000 
 3.30976e-18  8.29796e-18        00000 
 5.12546e-18  8.43148e-18        00000 
 4.78877e-18  7.82545e-18        00000 
 5.08749e-18  9.21898e-18        00000 
 3.39988e-18  1.14145e-17        00000 
 1.58356e-18  1.22149e-17        00000 
 4.34792e-18  1.04414e-17        00000 
 4.36082e-18  9.68578e-18        00000 
 5.51249e-18  9.19162e-18        00000 
 7.06297e-18  9.43038e-18        00000 
 7.17098e-18  8.36213e-18        00000 
 7.83387e-18  8.24908e-18        00000 
 8.99535e-18  5.67417e-18        00000 
 7.41267e-18  4.67993e-18        00000 
 9.01159e-18  4.24694e-18        00000 
 8.58127e-18  4.67597e-18        00000 
 9.16408e-18  3.47609e-18        00000 
 1.02975e-17  4.56399e-18        00000 
 1.15294e-17  3.23173e-18        00000 
 1.02298e-17  4.04276e-18        00000 
 1.14868e-17  2.61040e-18        00000 
 1.18661e-17  1.03510e-18        00000 
 1.17293e-17  3.18965e-18        00000 
 1.21353e-17  4.01004e-18        00000 
 1.22920e-17  1.81258e-18        00000 
 1.23680e-17  1.97881e-18        00000 
 1.18977e-17  1.38917e-18        00000 
 1.26019e-17  2.71229e-18        00000 
 1.26771e-17  3.08409e-18        00000 
 1.25685e-17  4.54841e-18        00000 
-3.46933e-18  8.62588e-18        00000 
-2.38625e-18  9.71280e-18        00000 
-1.12982e-18  9.61022e-18        00000 
-2.70591e-18  8.18774e-18        00000 
-1.61226e-18  8.24711e-18        00000 
-1.14591e-18  8.22704e-18        00000 
-2.95571e-19  8.07563e-18        00000 
-1.73313e-19  7.97859e-18        00000 
 2.17009e-18  8.56115e-18        00000 
-1.00449e-18  1.09253e-17        00000 
-3.41054e-19  1.08020e-17        00000 
 2.72100e-18  1.08025e-17        00000 
 3.36512e-18  1.06827e-17        00000 
 7.69869e-19  1.16414e-17        00000 
 2.18445e-18  8.81564e-18        00000 
 4.61353e-18  7.77244e-18        00000 
 2.97287e-18  8.63827e-18        00000 
 3.60206e-18  8.56597e-18        00000 
 2.64811e-18  9.35698e-18        00000 
 3.57474e-18  1.08559e-17        00000 
 2.70168e-18  1.20845e-17        00000 
 3.63241e-18  1.04626e-17        00000 
 3.62834e-18  1.06104e-17        00000 
 6.66805e-18  9.69532e-18        00000 
 3.43709e-18  1.09808e-17        00000 
 5.06057e-18  1.09898e-17        00000 
 7.68365e-18  9.76012e-18        00000 
 7.04970e-18  8.50406e-18        00000 
 8.31084e-18  8.31174e-18        00000 
 7.53649e-18  6.10502e-18        00000 
 8.06287e-18  4.57690e-18        00000 
 7.91388e-18  4.24160e-18        00000 
 7.02078e-18  3.16012e-18        00000 
 9.53172e-18  1.62018e-18        00000 
 1.02722e-17  3.18472e-18        00000 
 1.07146e-17  3.96197e-18        00000 
 9.16041e-18  5.05811e-18        00000 
 1.04496e-17  3.77987e-18        00000 
 1.25792e-17  1.87332e-18        00000 
 1.19656e-17  2.74561e-18        00000 
 8.95622e-18  2.82046e-18        00000 
 1.00701e-17  3.63575e-18        00000 
 1.14478e-17  1.88733e-18        00000 
 1.20442e-17  2.99614e-18        00000 
 1.15717e-17  2.79296e-18        00000 
-3.00230e-18  1.03284e-17        00000 
-1.79054e-18  1.09796e-17        00000 
-5.60876e-19  9.86191e-18        00000 
-1.26843e-18  9.27783e-18        00000 
-4.40322e-19  9.24630e-18        00000 
 9.35138e-19  8.88232e-18        00000 
 1.77415e-20  9.09989e-18        00000 
 1.38562e-18  8.55662e-18        00000 
-6.25265e-20  1.07312e-17        00000 
-6.37438e-19  1.12533e-17        00000 
 1.41924e-18  1.04110e-17        00000 
 2.16271e-18  9.30774e-18        00000 
 2.43135e-18  7.05529e-18        00000 
 1.65330e-18  6.23600e-18        00000 
 4.47919e-18  6.83772e-18        00000 
 2.84955e-18  7.67589e-18        00000 
 1.67588e-18  8.86203e-18        00000 
 2.48623e-18  8.09945e-18        00000 
 4.07546e-18  9.60573e-18        00000 
 2.09753e-18  1.28237e-17        00000 
 1.80102e-18  1.24016e-17        00000 
 3.21797e-18  1.04924e-17        00000 
 3.38081e-18  1.01906e-17        00000 
 4.43352e-18  1.01877e-17        00000 
 3.23378e-18  9.70458e-18        00000 
 5.67694e-18  9.05552e-18        00000 
 4.86038e-18  9.24607e-18        00000 
 7.16231e-18  9.60002e-18        00000 
 6.66902e-18  7.71148e-18        00000 
 6.07184e-18  6.45319e-18        00000 
 4.74383e-18  7.00376e-18        00000 
 6.70554e-18  4.82881e-18        00000 
 4.07599e-18  4.46608e-18        00000 
 6.75561e-18  3.49211e-18        00000 
 8.41087e-18  2.06430e-18        00000 
 8.87568e-18  5.05640e-18        00000 
 9.43936e-18  2.58748e-18        00000 
 1.04734e-17  2.37417e-18        00000 
 1.08976e-17  2.40565e-18        00000 
 8.87550e-18  4.35860e-18        00000 
 9.42188e-18  4.75903e-18        00000 
 9.24955e-18  5.39979e-18        00000 
 1.01492e-17  5.38920e-18        00000 
 9.51958e-18  5.77962e-18        00000 
 4.54769e-19  1.06458e-17        00000 
 1.32131e-21  1.02014e-17        00000 
 5.80525e-19  8.86311e-18        00000 
-8.07016e-19  7.89310e-18        00000 
-1.76016e-18  9.57368e-18        00000 
-9.62385e-19  1.00018e-17        00000 
-6.54548e-19  9.76026e-18        00000 
-4.27242e-19  1.00869e-17        00000 
 1.26402e-18  1.00327e-17        00000 
 9.25271e-19  8.81316e-18        00000 
-8.95765e-19  7.15012e-18        00000 
 4.76276e-19  7.13278e-18        00000 
 2.53615e-18  6.13366e-18        00000 
 5.56051e-19  7.67951e-18        00000 
 2.47657e-19  8.51181e-18        00000 
 3.26781e-18  7.72502e-18        00000 
 1.18838e-18  9.08439e-18        00000 
 2.66946e-19  1.02746e-17        00000 
 1.86926e-18  1.09211e-17        00000 
 2.35765e-18  1.25868e-17        00000 
 2.26364e-18  1.26834e-17        00000 
 3.26088e-18  1.07512e-17        00000 
 3.62348e-18  9.28218e-18        00000 
 2.13930e-18  1.03745e-17        00000 
 3.94876e-18  1.09038e-17        00000 
 4.18290e-18  8.72175e-18        00000 
 6.73254e-18  6.37322e-18        00000 
 5.67306e-18  7.02613e-18        00000 
 5.82163e-18  8.12605e-18        00000 
 5.16069e-18  7.81950e-18        00000 
 5.99187e-18  7.46803e-18        00000 
 8.58728e-18  6.40587e-18        00000 
 4.27740e-18  5.99952e-18        00000 
 5.12541e-18  4.34412e-18        00000 
 6.63078e-18  3.89958e-18        00000 
 7.90657e-18  3.13305e-18        00000 
 8.10748e-18  4.07047e-18        00000 
 9.25656e-18  3.48278e-18        00000 
 1.01558e-17  2.81083e-18        00000 
 1.06260e-17  5.26957e-18        00000 
 9.34656e-18  5.55983e-18        00000 
 8.13900e-18  5.15093e-18        00000 
 8.47440e-18  5.06945e-18        00000 
 9.12634e-18  5.89288e-18        00000 
 1.02731e-17  4.63630e-18        00000 
 1.38595e-18  8.00901e-18        00000 
 1.68293e-18  7.38034e-18        00000 
-7.43592e-19  1.08591e-17        00000 
-1.72160e-18  1.19645e-17        00000 
-1.76699e-18  1.17973e-17        00000 
-3.18140e-18  1.00033e-17        00000 
-2.51936e-18  9.43619e-18        00000 
-1.36747e-19  1.00339e-17        00000 
 1.81825e-20  1.02126e-17        00000 
-1.62311e-18  8.14238e-18        00000 
-2.69897e-18  9.81102e-18        00000 
-7.15113e-19  8.63573e-18        00000 
-1.46022e-18  1.01173e-17        00000 
-2.14893e-18  9.91446e-18        00000 
-1.66022e-18  9.75668e-18        00000 
-2.18162e-18  1.18664e-17        00000 
 1.23898e-18  1.17759e-17        00000 
 3.41678e-19  1.25313e-17        00000 
 2.04880e-18  1.27722e-17        00000 
 2.77344e-18  1.26183e-17        00000 
 2.51144e-18  1.07938e-17        00000 
 1.89916e-18  1.13235e-17        00000 
 1.25574e-18  1.14515e-17        00000 
 1.47120e-18  1.03267e-17        00000 
 5.23625e-18  9.85471e-18        00000 
 4.39559e-18  7.97554e-18        00000 
 4.74806e-18  7.30842e-18        00000 
 3.53247e-18  6.45939e-18        00000 
 4.91222e-18  5.59055e-18        00000 
 5.16673e-18  5.32649e-18        00000 
 5.91872e-18  5.17120e-18        00000 
 5.14439e-18  5.87412e-18        00000 
 3.58151e-18  6.36192e-18        00000 
 3.81104e-18  4.26794e-18        00000 
 6.74565e-18  4.67945e-18        00000 
 7.05880e-18  4.03208e-18        00000 
 8.60567e-18  3.06882e-18        00000 
 8.47834e-18  4.51557e-18        00000 
 1.15007e-17  4.13905e-18        00000 
 9.18869e-18  4.43536e-18        00000 
 9.28490e-18  3.20204e-18        00000 
 1.09652e-17  1.36893e-18        00000 
 9.29882e-18  3.32655e-18        00000 
 1.02936e-17  5.77681e-18        00000 
 3.05995e-18  6.57003e-18        00000 
 3.94235e-19  8.01712e-18        00000 
 1.17319e-18  7.73088e-18        00000 
-2.43852e-18  1.00313e-17        00000 
-1.52734e-18  1.09427e-17        00000 
-2.64620e-18  9.96688e-18        00000 
-5.26182e-18  1.10077e-17        00000 
-3.55357e-18  1.16158e-17        00000 
-3.56683e-18  1.06443e-17        00000 
-3.77200e-18  1.16239e-17        00000 
-3.43791e-18  1.14604e-17        00000 
-3.62674e-18  1.22600e-17        00000 
-2.64188e-18  1.18403e-17        00000 
-4.90694e-18  1.38339e-17        00000 
-3.82395e-18  1.39433e-17        00000 
-2.48799e-18  1.48226e-17        00000 
-1.67120e-18  1.63392e-17        00000 
-3.99690e-19  1.42154e-17        00000 
 6.77389e-19  1.16924e-17        00000 
 1.34497e-18  1.16891e-17        00000 
-2.79942e-19  1.19509e-17        00000 
-1.82326e-18  1.21768e-17        00000 
 1.10520e-18  1.16915e-17        00000 
 1.26041e-18  1.02862e-17        00000 
 2.69569e-18  9.48188e-18        00000 
 2.08828e-18  8.24776e-18        00000 
 6.79407e-19  6.35073e-18        00000 
 3.16059e-18  6.08443e-18        00000 
 2.53385e-18  5.23584e-18        00000 
 3.70456e-18  4.93914e-18        00000 
 3.12423e-18  5.46814e-18        00000 
 3.95596e-18  5.80772e-18        00000 
 3.35226e-18  4.46666e-18        00000 
 3.48576e-18  5.36694e-18        00000 
 5.93206e-18  3.11768e-18        00000 
 8.50651e-18  9.60482e-19        00000 
 7.19035e-18  1.15883e-18        00000 
 7.67571e-18  2.77657e-18        00000 
 8.59452e-18  4.96634e-18        00000 
 7.38025e-18  3.65304e-18        00000 
 8.16477e-18  2.84674e-18        00000 
 8.91048e-18  4.41901e-18        00000 
 7.08222e-18  8.26057e-18        00000 
 1.87148e-19  9.80114e-18        00000 
-8.13391e-19  6.46130e-18        00000 
-2.61551e-19  5.60820e-18        00000 
-1.79836e-18  8.05071e-18        00000 
-2.98905e-18  1.01496e-17        00000 
-2.44391e-18  8.75095e-18        00000 
-3.31234e-18  9.53320e-18        00000 
-4.60743e-18  1.11533e-17        00000 
-3.45681e-18  1.03530e-17        00000 
-1.86089e-18  1.04165e-17        00000 
-2.74422e-18  1.28009e-17        00000 
-1.91728e-18  1.25265e-17        00000 
-2.52067e-18  1.22826e-17        00000 
-2.64803e-18  1.30597e-17        00000 
-4.32119e-18  1.51683e-17        00000 
-1.98505e-18  1.32602e-17        00000 
-7.28767e-19  1.27748e-17        00000 
-6.55689e-19  1.22686e-17        00000 
-2.45709e-18  1.27882e-17        00000 
-1.76497e-18  1.24998e-17        00000 
-2.66207e-18  1.25734e-17        00000 
-2.37652e-18  1.10633e-17        00000 
 1.67857e-18  1.06998e-17        00000 
 3.16121e-18  6.04842e-18        00000 
-1.09943e-18  8.24273e-18        00000 
 3.47246e-19  6.53754e-18        00000 
-1.63280e-18  7.36440e-18        00000 
 1.32411e-18  6.31702e-18        00000 
 4.57349e-19  5.64977e-18        00000 
 1.12454e-18  3.90549e-18        00000 
 2.08987e-18  4.64420e-18        00000 
 3.92474e-19  6.70615e-18        00000 
 1.28053e-18  6.21801e-18        00000 
 4.34899e-18  6.03816e-18        00000 
 4.46232e-18  5.96420e-18        00000 
 6.47238e-18  5.91798e-18        00000 
 4.37369e-18  6.23931e-18        00000 
 6.15971e-18  3.96537e-18        00000 
 6.79145e-18  4.57759e-18        00000 
 6.37105e-18  4.25540e-18        00000 
 6.63779e-18  5.39666e-18        00000 
 6.45683e-18  5.77583e-18        00000 
-1.26628e-18  1.15704e-17        00000 
-1.97513e-18  9.19634e-18        00000 
-1.01903e-18  9.31408e-18        00000 
-4.24313e-18  9.28284e-18        00000 
-1.67403e-18  8.91764e-18        00000 
-3.05891e-18  8.34621e-18        00000 
-1.17516e-19  8.21991e-18        00000 
-5.98093e-18  9.40477e-18        00000 
-2.50793e-18  7.79853e-18        00000 
-4.07612e-18  8.94012e-18        00000 
-6.36024e-18  1.28133e-17        00000 
-2.94046e-18  1.31385e-17        00000 
-2.74503e-18  1.37454e-17        00000 
-4.70001e-18  1.41221e-17        00000 
-3.68334e-18  1.60152e-17        00000 
-4.36990e-18  1.61765e-17        00000 
-2.04070e-18  1.59530e-17        00000 
-4.37188e-18  1.50812e-17        00000 
-2.86036e-18  1.57399e-17        00000 
-3.31302e-18  1.50962e-17        00000 
-2.31342e-18  1.36144e-17        00000 
-2.76527e-18  1.28011e-17        00000 
-9.25564e-19  1.15245e-17        00000 
-9.90957e-19  1.06742e-17        00000 
 1.52071e-18  7.65188e-18        00000 
-6.75439e-19  6.33713e-18        00000 
 7.87405e-19  7.18406e-18        00000 
 9.17107e-20  6.07626e-18        00000 
-1.15501e-19  4.83355e-18        00000 
 1.85431e-18  4.49331e-18        00000 
 2.93834e-18  3.71005e-18        00000 
 2.76740e-18  5.13335e-18        00000 
 3.43791e-18  4.56509e-18        00000 
 3.40266e-18  5.30897e-18        00000 
 2.81860e-18  5.86382e-18        00000 
 3.90415e-18  6.74080e-18        00000 
 3.17544e-18  5.98525e-18        00000 
 3.70694e-18  5.82801e-18        00000 
 6.54226e-18  5.70131e-18        00000 
 6.19926e-18  5.47531e-18        00000 
 3.82226e-18  1.01379e-17        00000 
 2.91921e-18  1.05810e-17        00000 
-1.38475e-18  1.01694e-17        00000 
-3.18318e-18  8.65936e-18        00000 
-4.11485e-18  1.03566e-17        00000 
-3.75574e-18  9.18072e-18        00000 
-2.05929e-18  9.30095e-18        00000 
-3.13160e-18  7.68670e-18        00000 
-2.68076e-18  8.35724e-18        00000 
-4.42696e-18  9.12973e-18        00000 
-4.18143e-18  1.04699e-17        00000 
-5.85626e-18  1.09044e-17        00000 
-5.01744e-18  1.14542e-17        00000 
-7.74426e-18  1.28553e-17        00000 
-4.56059e-18  1.41718e-17        00000 
-4.90244e-18  1.44720e-17        00000 
-4.39900e-18  1.65240e-17        00000 
-4.27798e-18  1.58563e-17        00000 
-4.44500e-18  1.50859e-17        00000 
-4.64468e-18  1.39148e-17        00000 
-4.74801e-18  1.57115e-17        00000 
-7.40177e-18  1.47242e-17        00000 
-3.69767e-18  1.31697e-17        00000 
-2.20504e-18  1.17368e-17        00000 
-9.47636e-19  1.11560e-17        00000 
-3.02052e-18  1.09619e-17        00000 
-6.23125e-19  7.60123e-18        00000 
 1.20257e-18  6.66777e-18        00000 
 2.84257e-19  4.62946e-18        00000 
-7.44282e-19  5.04639e-18        00000 
-1.43720e-18  4.81787e-18        00000 
-8.80588e-19  5.27246e-18        00000 
 2.28529e-18  4.83193e-18        00000 
 1.83513e-18  4.20206e-18        00000 
 1.71296e-18  4.82986e-18        00000 
 7.52465e-19  6.59761e-18        00000 
 1.74784e-18  6.88358e-18        00000 
 2.25282e-18  6.33503e-18        00000 
 3.23521e-18  4.93090e-18        00000 
 2.92084e-18  6.09286e-18        00000 
 2.46082e-18  9.88298e-18        00000 
 2.51063e-18  1.03476e-17        00000 
 3.27942e-18  9.89104e-18        00000 
-1.07583e-18  6.78870e-18        00000 
-3.11361e-18  8.57644e-18        00000 
-1.68541e-18  8.84721e-18        00000 
-1.28736e-18  8.56159e-18        00000 
-2.92511e-18  8.72827e-18        00000 
-1.53272e-18  6.41103e-18        00000 
-4.45867e-18  7.73852e-18        00000 
-4.93917e-18  1.02609e-17        00000 
-6.71618e-18  1.22640e-17        00000 
-8.90759e-18  1.24336e-17        00000 
-8.34721e-18  1.47862e-17        00000 
-7.15926e-18  1.70962e-17        00000 
-5.77695e-18  1.71959e-17        00000 
-4.74949e-18  1.57647e-17        00000 
-5.51381e-18  1.63864e-17        00000 
-4.68443e-18  1.60359e-17        00000 
-6.19637e-18  1.45248e-17        00000 
-2.96854e-18  1.37223e-17        00000 
-5.67156e-18  1.20354e-17        00000 
-5.27067e-18  1.23856e-17        00000 
-4.71023e-18  1.33820e-17        00000 
-4.13919e-18  1.15568e-17        00000 
-3.62312e-18  9.22975e-18        00000 
-2.18367e-18  7.53189e-18        00000 
-2.22402e-18  6.17905e-18        00000 
-2.03985e-18  5.35031e-18        00000 
-2.25035e-18  5.68201e-18        00000 
-4.44127e-18  4.89350e-18        00000 
-1.69019e-18  2.35777e-18        00000 
-1.20962e-18  2.30686e-18        00000 
 2.89549e-20  6.53320e-18        00000 
-4.00027e-19  7.18971e-18        00000 
-2.18293e-19  9.02872e-18        00000 
-3.12129e-19  8.77182e-18        00000 
-6.41290e-19  7.95214e-18        00000 
-2.01434e-18  9.95244e-18        00000 
-1.38743e-18  9.45150e-18        00000 
-7.52110e-19  1.00049e-17        00000 
-7.97515e-20  1.09002e-17        00000 
-6.42943e-19  9.54912e-18        00000 
-1.95584e-18  9.74877e-18        00000 
-2.28572e-18  8.67209e-18        00000 
-3.53647e-18  8.92068e-18        00000 
-2.97788e-18  9.11184e-18        00000 
-3.21950e-18  1.05104e-17        00000 
-4.04576e-18  8.87830e-18        00000 
-5.68024e-18  8.80500e-18        00000 
-4.67680e-18  7.53616e-18        00000 
-4.64965e-18  1.15088e-17        00000 
-9.50517e-18  1.69071e-17        00000 
-1.09937e-17  1.64868e-17        00000 
-9.47326e-18  1.78325e-17        00000 
-9.08621e-18  1.58252e-17        00000 
-8.27542e-18  1.67877e-17        00000 
-6.18980e-18  1.69379e-17        00000 
-4.48617e-18  1.48694e-17        00000 
-4.73607e-18  1.15325e-17        00000 
-6.65037e-18  1.48717e-17        00000 
-7.69923e-18  1.75744e-17        00000 
-8.09413e-18  1.53237e-17        00000 
-5.14544e-18  1.09004e-17        00000 
-1.08789e-17  1.06213e-17        00000 
-5.53569e-18  9.85943e-18        00000 
-4.73970e-18  6.70753e-18        00000 
-3.24903e-18  6.90732e-18        00000 
-3.46802e-18  6.79686e-18        00000 
-8.55569e-18  9.41134e-18        00000 
-1.00786e-17  5.88065e-18        00000 
-3.59438e-18  5.51472e-18        00000 
-6.28788e-18  9.41504e-19        00000 
-5.23451e-18  2.74231e-18        00000 
-2.10299e-18  6.93366e-18        00000 
-4.23935e-18  9.21707e-18        00000 
-3.05364e-18  8.71501e-18        00000 
-5.31494e-18  1.08571e-17        00000 
-6.05424e-18  9.06104e-18        00000 
-6.13488e-18  1.13265e-17        00000 
-5.08240e-18  1.27903e-17        00000 
-3.87039e-18  1.03800e-17        00000 
-3.77328e-18  1.27315e-17        00000 
-2.78061e-18  1.10279e-17        00000 
-3.71740e-18  1.03807e-17        00000 
-4.26703e-18  9.60648e-18        00000 
-4.35559e-18  9.78234e-18        00000 
-2.94335e-18  5.64963e-18        00000 
-4.10771e-18  3.67481e-18        00000 
-6.25492e-18  7.73410e-18        00000 
-5.83117e-18  9.97972e-18        00000 
-1.06032e-17  1.14321e-17        00000 
-9.11317e-18  1.64860e-17        00000 
-9.86086e-18  1.79711e-17        00000 
-9.71634e-18  1.77538e-17        00000 
-1.19405e-17  1.74028e-17        00000 
-1.24275e-17  1.89978e-17        00000 
-1.07649e-17  1.83962e-17        00000 
-9.80773e-18  1.67289e-17        00000 
-9.17337e-18  1.44032e-17        00000 
-1.06063e-17  1.44715e-17        00000 
-9.76180e-18  1.50311e-17        00000 
-7.79540e-18  1.44689e-17        00000 
-7.43259e-18  1.25646e-17        00000 
-9.55844e-18  9.92942e-18        00000 
-8.79482e-18  7.95305e-18        00000 
-7.84418e-18  4.97795e-18        00000 
-8.08523e-18  6.49884e-18        00000 
-1.21967e-17  7.04704e-18        00000 
-1.07275e-17  7.31154e-18        00000 
-1.34937e-17  7.99020e-18        00000 
-8.75711e-18  7.81642e-18        00000 
-9.90236e-18  8.41479e-18        00000 
-8.61659e-18  7.36529e-18        00000 
-7.23569e-18  5.94280e-18        00000 
-6.83085e-18  4.10689e-18        00000 
-6.31367e-18  6.17622e-18        00000 
-4.79468e-18  1.01169e-17        00000 
-7.94536e-18  1.34031e-17        00000 
-5.80401e-18  1.28985e-17        00000 
-6.46709e-18  1.50789e-17        00000 
-7.68334e-18  1.49049e-17        00000 
-3.67302e-18  8.45228e-18        00000 
-4.77329e-18  8.50942e-18        00000 
-2.77671e-18  7.38672e-18        00000 
-4.16618e-18  9.46635e-18        00000 
-7.58077e-18  6.77554e-18        00000 
-8.82072e-18  8.79870e-18        00000 
-9.86462e-18  1.17425e-17        00000 
-4.73731e-18  8.66951e-18        00000 
-7.56580e-18  1.00074e-17        00000 
-9.72607e-18  1.31964e-17        00000 
-1.13610e-17  1.62335e-17        00000 
-1.20685e-17  1.74514e-17        00000 
-1.41819e-17  1.78254e-17        00000 
-1.49409e-17  2.07472e-17        00000 
-1.28750e-17  1.97676e-17        00000 
-1.08104e-17  1.77305e-17        00000 
-1.12275e-17  1.41760e-17        00000 
-1.06632e-17  1.08612e-17        00000 
-1.09073e-17  1.15146e-17        00000 
-1.03331e-17  1.14380e-17        00000 
-1.15121e-17  1.12568e-17        00000 
-1.05128e-17  1.00434e-17        00000 
-1.24023e-17  7.90390e-18        00000 
-1.36287e-17  8.70612e-18        00000 
-1.39505e-17  8.89480e-18        00000 
-1.43439e-17  8.45294e-18        00000 
-1.61180e-17  8.77193e-18        00000 
-1.24113e-17  8.20413e-18        00000 
-1.27565e-17  7.91160e-18        00000 
-1.29727e-17  8.08773e-18        00000 
-1.23875e-17  5.80246e-18        00000 
-1.06612e-17  3.89771e-18        00000 
-1.24811e-17  5.47478e-18        00000 
-1.01682e-17  9.38603e-18        00000 
-8.59820e-18  1.16962e-17        00000 
-9.46023e-18  1.53462e-17        00000 
-8.42697e-18  1.67004e-17        00000 
-7.51206e-18  1.85555e-17        00000 
-8.30888e-18  1.73984e-17        00000 
-4.96699e-18  3.00830e-18        00000 
-4.58286e-18  4.85804e-18        00000 
-5.30089e-18  6.47474e-18        00000 
-5.67587e-18  9.41340e-18        00000 
-7.29895e-18  1.02296e-17        00000 
-7.06984e-18  1.28303e-17        00000 
-7.41420e-18  1.49093e-17        00000 
-1.00788e-17  1.27008e-17        00000 
-1.24280e-17  1.26495e-17        00000 
-1.37396e-17  1.66149e-17        00000 
-1.36363e-17  1.66113e-17        00000 
-1.46841e-17  1.50441e-17        00000 
-1.47830e-17  1.46665e-17        00000 
-1.51906e-17  1.87432e-17        00000 
-1.48574e-17  1.55822e-17        00000 
-1.19852e-17  1.12856e-17        00000 
-1.51012e-17  1.01692e-17        00000 
-1.35572e-17  1.11443e-17        00000 
-1.47465e-17  1.08598e-17        00000 
-1.09998e-17  8.64371e-18        00000 
-1.33582e-17  7.07608e-18        00000 
-1.78836e-17  8.51700e-18        00000 
-1.69270e-17  1.06615e-17        00000 
-1.61985e-17  1.15127e-17        00000 
-1.68139e-17  1.04649e-17        00000 
-1.58135e-17  7.03357e-18        00000 
-1.79790e-17  4.71692e-18        00000 
-1.61118e-17  7.94128e-18        00000 
-1.35257e-17  8.35855e-18        00000 
-1.61122e-17  1.02402e-17        00000 
-1.34474e-17  9.01374e-18        00000 
-1.46449e-17  7.91972e-18        00000 
-1.81827e-17  8.70335e-18        00000 
-1.44788e-17  1.46323e-17        00000 
-1.23487e-17  1.48128e-17        00000 
-1.24542e-17  1.56366e-17        00000 
-1.27023e-17  1.64932e-17        00000 
-1.15242e-17  1.87443e-17        00000 
-4.45957e-18 -1.36374e-18        00000 
-4.00682e-18  4.75734e-19        00000 
-7.31496e-18  5.73969e-18        00000 
-8.49620e-18  9.66414e-18        00000 
-7.75439e-18  1.12824e-17        00000 
-7.06340e-18  1.29885e-17        00000 
-1.42650e-17  1.41818e-17        00000 
-1.33578e-17  1.77999e-17        00000 
-1.66225e-17  1.51220e-17        00000 
-1.69071e-17  1.60605e-17        00000 
-1.55371e-17  1.51902e-17        00000 
-1.68716e-17  1.57931e-17        00000 
-1.94581e-17  1.92574e-17        00000 
-1.51772e-17  1.77124e-17        00000 
-1.64364e-17  1.61195e-17        00000 
-1.72719e-17  1.59710e-17        00000 
-1.87210e-17  1.08390e-17        00000 
-1.37510e-17  7.33737e-18        00000 
-1.43477e-17  4.07631e-18        00000 
-1.52621e-17  6.13438e-18        00000 
-1.89017e-17  8.18429e-18        00000 
-2.47307e-17  1.16125e-17        00000 
-2.20742e-17  1.06270e-17        00000 
-2.05825e-17  1.04653e-17        00000 
-1.96270e-17  9.52729e-18        00000 
-2.23785e-17  1.31781e-17        00000 
-2.27956e-17  1.04727e-17        00000 
-2.36917e-17  1.22231e-17        00000 
-1.97368e-17  1.25993e-17        00000 
-1.75966e-17  1.32905e-17        00000 
-1.70817e-17  1.28755e-17        00000 
-1.86261e-17  1.17076e-17        00000 
-1.89430e-17  1.14876e-17        00000 
-1.59118e-17  1.62627e-17        00000 
-1.80359e-17  1.47192e-17        00000 
-1.82022e-17  1.80184e-17        00000 
-1.85273e-17  1.89745e-17        00000 
-2.96252e-18 -1.47968e-18        00000 
-3.09481e-18  2.00925e-19        00000 
-7.80229e-18  2.91271e-18        00000 
-5.06095e-18  4.34212e-18        00000 
-4.03541e-18  7.42158e-18        00000 
-1.22472e-17  1.21944e-17        00000 
-1.69183e-17  1.51936e-17        00000 
-1.84643e-17  1.80615e-17        00000 
-2.02514e-17  1.92568e-17        00000 
-1.94297e-17  2.00302e-17        00000 
-1.87925e-17  1.97511e-17        00000 
-2.32146e-17  2.06632e-17        00000 
-2.07387e-17  2.26130e-17        00000 
-1.88855e-17  1.97826e-17        00000 
-2.00983e-17  1.67575e-17        00000 
-1.80598e-17  1.21710e-17        00000 
-1.96273e-17  8.11309e-18        00000 
-1.89063e-17  4.15527e-18        00000 
-2.07659e-17  5.56793e-18        00000 
-2.07310e-17  7.46663e-18        00000 
-2.13068e-17  9.33381e-18        00000 
-2.47821e-17  1.13476e-17        00000 
-2.53821e-17  1.10826e-17        00000 
-2.16149e-17  1.37987e-17        00000 
-2.53988e-17  1.42698e-17        00000 
-2.60290e-17  1.42667e-17        00000 
-2.67699e-17  1.65514e-17        00000 
-2.30642e-17  1.37380e-17        00000 
-2.39997e-17  1.20081e-17        00000 
-2.33695e-17  1.61584e-17        00000 
-2.14864e-17  1.98323e-17        00000 
-2.20943e-17  1.60782e-17        00000 
-2.33895e-17  1.62305e-17        00000 
-2.32941e-17  1.97404e-17        00000 
-2.38466e-17  2.03210e-17        00000 
-2.11617e-17  2.24340e-17        00000 
-3.32105e-18 -1.83460e-18        00000 
-6.72050e-19 -3.38913e-18        00000 
-1.25394e-18 -3.23049e-18        00000 
-5.78969e-18 -7.92198e-19        00000 
-8.71900e-18  8.61935e-18        00000 
-1.03782e-17  1.16066e-17        00000 
-1.40402e-17  1.58547e-17        00000 
-1.75506e-17  1.60223e-17        00000 
-1.98132e-17  1.80698e-17        00000 
-2.12094e-17  1.94807e-17        00000 
-2.12617e-17  1.96186e-17        00000 
-2.15740e-17  2.08689e-17        00000 
-2.35265e-17  1.97049e-17        00000 
-1.99233e-17  2.01534e-17        00000 
-2.10869e-17  1.50905e-17        00000 
-2.18146e-17  1.51551e-17        00000 
-1.92014e-17  1.02488e-17        00000 
-1.85279e-17  7.20300e-18        00000 
-2.12906e-17  3.16816e-18        00000 
-2.51733e-17  6.46391e-18        00000 
-2.58877e-17  7.39694e-18        00000 
-2.18606e-17  7.55377e-18        00000 
-2.83865e-17  1.28147e-17        00000 
-2.65931e-17  1.48477e-17        00000 
-2.45652e-17  1.23532e-17        00000 
-3.02299e-17  1.64507e-17        00000 
-2.34625e-17  1.27222e-17        00000 
-2.69360e-17  1.24172e-17        00000 
-2.83144e-17  1.55652e-17        00000 
-2.80095e-17  1.62592e-17        00000 
-2.68181e-17  1.76710e-17        00000 
-2.65239e-17  1.70701e-17        00000 
-2.44199e-17  1.90297e-17        00000 
-2.88137e-17  1.75445e-17        00000 
-2.41031e-17  1.76935e-17        00000 
-2.60760e-17  1.92924e-17        00000 
-2.41080e-17  2.31666e-17        00000 
 3.20479e-19 -4.42664e-18        00000 
 1.17657e-18 -6.32449e-18        00000 
-2.40019e-18 -3.95017e-18        00000 
-3.39114e-18 -1.17068e-18        00000 
-6.99254e-18  3.60058e-18        00000 
-1.11041e-17  8.01792e-18        00000 
-1.42146e-17  1.04853e-17        00000 
-1.53619e-17  1.28639e-17        00000 
-1.85882e-17  1.45218e-17        00000 
-2.02066e-17  1.48677e-17        00000 
-2.04493e-17  1.38827e-17        00000 
-1.97053e-17  1.44734e-17        00000 
-2.18659e-17  1.48976e-17        00000 
-1.79316e-17  1.25815e-17        00000 
-2.24586e-17  1.20075e-17        00000 
-2.09841e-17  1.29356e-17        00000 
-1.88952e-17  1.04474e-17        00000 
-2.00110e-17  6.89042e-18        00000 
-2.37443e-17  6.44747e-18        00000 
-2.36588e-17  4.87714e-18        00000 
-2.70744e-17  9.26527e-18        00000 
-2.88503e-17  1.22231e-17        00000 
-3.25051e-17  1.52571e-17        00000 
-3.02475e-17  2.06588e-17        00000 
-2.63188e-17  1.78176e-17        00000 
-2.42391e-17  1.47318e-17        00000 
-2.89328e-17  1.86198e-17        00000 
-3.18850e-17  2.30624e-17        00000 
-3.16597e-17  2.48327e-17        00000 
-3.29828e-17  2.19605e-17        00000 
-3.04522e-17  2.43134e-17        00000 
-3.23344e-17  2.50347e-17        00000 
-3.02772e-17  1.89265e-17        00000 
-2.66683e-17  1.34050e-17        00000 
-2.84240e-17  1.42707e-17        00000 
-2.69132e-17  1.68054e-17        00000 
-1.48163e-18 -2.11365e-18        00000 
-3.17863e-18  1.16614e-18        00000 
-6.49673e-19 -2.04273e-18        00000 
 9.67612e-19 -4.07962e-18        00000 
-2.59847e-18 -2.74417e-18        00000 
-4.26243e-18  3.80026e-19        00000 
-1.04326e-17  5.25410e-18        00000 
-1.47048e-17  7.13477e-18        00000 
-1.35025e-17  4.21305e-18        00000 
-1.76177e-17  5.40893e-18        00000 
-2.09064e-17  7.27404e-18        00000 
-2.00318e-17  1.34652e-17        00000 
-1.96047e-17  1.07000e-17        00000 
-1.77064e-17  4.77435e-18        00000 
-1.91686e-17  2.87575e-18        00000 
-1.60639e-17  6.47340e-19        00000 
-1.68621e-17  1.85282e-18        00000 
-1.67808e-17  3.76454e-19        00000 
-2.41736e-17  2.97259e-18        00000 
-2.76826e-17  5.98591e-18        00000 
-2.95172e-17  1.17157e-17        00000 
-3.47107e-17  1.83242e-17        00000 
-3.34698e-17  2.18621e-17        00000 
-3.14194e-17  2.42046e-17        00000 
-2.61095e-17  1.37514e-17        00000 
-2.77389e-17  1.27120e-17        00000 
-2.99730e-17  1.79232e-17        00000 
-2.96260e-17  2.43277e-17        00000 
-3.34412e-17  2.49600e-17        00000 
-3.75506e-17  2.59758e-17        00000 
-3.19082e-17  2.60396e-17        00000 
-2.87953e-17  1.98324e-17        00000 
-2.95178e-17  1.62995e-17        00000 
-4.11629e-17  2.16381e-17        00000 
-3.24204e-17  1.66358e-17        00000 
 5.20205e-18 -7.89578e-18        00000 
 2.58507e-19 -1.72079e-18        00000 
-2.75158e-19 -3.37462e-18        00000 
 3.97499e-19 -4.93204e-18        00000 
 2.71995e-18 -6.16783e-18        00000 
-1.38811e-18 -5.25535e-18        00000 
-4.69659e-18 -4.07009e-18        00000 
-9.04222e-18  1.84130e-19        00000 
-1.48682e-17  5.30566e-18        00000 
-1.64115e-17  4.15149e-18        00000 
-1.64312e-17  4.27057e-18        00000 
-1.78131e-17  5.57329e-18        00000 
-1.73311e-17  2.44736e-18        00000 
-1.76927e-17  5.11346e-19        00000 
-1.67014e-17 -1.29589e-19        00000 
-1.48038e-17 -6.82183e-19        00000 
-1.51945e-17  2.46502e-18        00000 
-1.91870e-17  1.85150e-18        00000 
-2.14491e-17  1.39280e-18        00000 
-2.18839e-17  3.66632e-18        00000 
-2.36607e-17  8.44673e-18        00000 
-2.89072e-17  1.44343e-17        00000 
-2.97214e-17  1.43288e-17        00000 
-2.70943e-17  1.43955e-17        00000 
-2.57553e-17  1.05355e-17        00000 
-2.34855e-17  9.75353e-18        00000 
-2.57888e-17  1.20921e-17        00000 
-2.91536e-17  1.72920e-17        00000 
-3.43857e-17  1.93152e-17        00000 
-3.41470e-17  1.86173e-17        00000 
-3.16751e-17  1.74628e-17        00000 
-3.12589e-17  1.91462e-17        00000 
-3.28171e-17  1.71679e-17        00000 
-3.30644e-17  1.53575e-17        00000 
 2.06693e-18 -4.57731e-18        00000 
 4.04210e-19 -3.00971e-18        00000 
 1.54263e-18 -3.58764e-18        00000 
 7.52414e-19 -6.37018e-18        00000 
-2.82963e-18 -2.83267e-18        00000 
-8.08976e-18 -2.59837e-19        00000 
-1.24231e-17  2.98885e-18        00000 
-1.51126e-17  1.00976e-17        00000 
-1.71968e-17  6.55467e-18        00000 
-1.82430e-17  8.22401e-18        00000 
-1.58440e-17  6.72431e-18        00000 
-1.68571e-17  2.00058e-18        00000 
-1.41927e-17  1.02616e-18        00000 
-1.48076e-17 -5.97370e-18        00000 
-1.66048e-17 -3.89411e-18        00000 
-1.35563e-17 -2.29117e-18        00000 
-1.70499e-17 -1.20386e-19        00000 
-2.39319e-17  4.40438e-18        00000 
-2.23737e-17  4.74167e-18        00000 
-2.29249e-17  5.03319e-18        00000 
-2.44548e-17  8.68513e-18        00000 
-2.60860e-17  1.12288e-17        00000 
-2.73520e-17  1.51473e-17        00000 
-2.74183e-17  1.31324e-17        00000 
-2.59490e-17  6.72369e-18        00000 
-2.52542e-17  7.20491e-18        00000 
-2.72349e-17  1.04525e-17        00000 
-2.80271e-17  1.18368e-17        00000 
-2.96142e-17  1.16421e-17        00000 
-2.91732e-17  9.04892e-18        00000 
-3.12273e-17  1.28021e-17        00000 
-3.21428e-17  1.51224e-17        00000 
-3.25301e-17  1.65770e-17        00000 
-3.74119e-17  1.70704e-17        00000 
 8.10850e-18 -1.52822e-17        00000 
 5.99679e-18 -1.50889e-17        00000 
 4.21760e-18 -1.41711e-17        00000 
 3.49747e-18 -1.33312e-17        00000 
 1.15748e-18 -1.39104e-17        00000 
-7.31228e-18 -9.57401e-18        00000 
-1.70890e-17 -6.53439e-18        00000 
-1.38635e-17  1.89488e-18        00000 
-2.02004e-17  7.63177e-18        00000 
-1.45760e-17  1.17919e-17        00000 
-1.33689e-17  7.24137e-18        00000 
-1.53526e-17  5.95926e-18        00000 
-1.14560e-17  2.32436e-18        00000 
-1.81426e-17 -6.75810e-18        00000 
-2.29725e-17 -3.51356e-18        00000 
-1.87149e-17 -3.18252e-18        00000 
-1.99190e-17 -3.41948e-19        00000 
-2.27189e-17  4.13686e-18        00000 
-2.28971e-17  5.36890e-18        00000 
-2.32580e-17  3.83489e-18        00000 
-2.76000e-17  1.01641e-17        00000 
-2.75272e-17  1.18988e-17        00000 
-2.78919e-17  1.14373e-17        00000 
-2.82026e-17  1.06220e-17        00000 
-3.17126e-17  9.42045e-18        00000 
-3.08021e-17  1.42307e-17        00000 
-2.72399e-17  1.21516e-17        00000 
-3.06803e-17  1.10921e-17        00000 
-3.20491e-17  8.55000e-18        00000 
-3.40587e-17  7.76004e-18        00000 
-3.00800e-17  6.70929e-18        00000 
-3.22856e-17  8.54407e-18        00000 
-3.39350e-17  9.65976e-18        00000 
 1.15064e-17 -2.40932e-17        00000 
 1.13292e-17 -2.47803e-17        00000 
 9.75592e-18 -2.21537e-17        00000 
 3.27932e-19 -1.78801e-17        00000 
-7.54474e-19 -1.62627e-17        00000 
-1.40331e-18 -1.47484e-17        00000 
-6.05529e-18 -8.39799e-18        00000 
-9.30189e-18 -8.37202e-18        00000 
-9.44676e-18 -4.85602e-18        00000 
-1.47384e-17 -7.22070e-18        00000 
-1.31853e-17 -3.74151e-18        00000 
-1.25467e-17 -4.23477e-18        00000 
-1.50665e-17 -1.74732e-18        00000 
-1.59859e-17  4.75227e-18        00000 
-2.18112e-17  2.74046e-18        00000 
-2.53974e-17  5.79763e-18        00000 
-2.37969e-17  7.25307e-18        00000 
-2.48435e-17  5.07784e-18        00000 
-2.38168e-17  5.27592e-18        00000 
-2.47023e-17  8.08000e-18        00000 
-2.85028e-17  7.58070e-18        00000 
-2.28691e-17  4.89169e-18        00000 
-2.16362e-17  3.63853e-18        00000 
-2.36309e-17  2.89494e-18        00000 
-2.45370e-17  6.47869e-18        00000 
-2.73019e-17  8.25665e-18        00000 
-3.27830e-17  8.88301e-18        00000 
-3.00912e-17  7.52894e-18        00000 
-3.31828e-17  6.77323e-18        00000 
-3.10327e-17  3.56039e-18        00000 
-3.24596e-17  7.07190e-18        00000 
-3.31328e-17  8.09328e-18        00000 
-3.19057e-17  9.61461e-18        00000 
 1.27010e-17 -3.39578e-17        00000 
 8.50918e-18 -2.93119e-17        00000 
 7.11701e-18 -2.23289e-17        00000 
 1.06105e-18 -2.25735e-17        00000 
 4.17991e-19 -1.89772e-17        00000 
-5.19945e-18 -1.12371e-17        00000 
-1.08215e-17 -2.48171e-18        00000 
-1.20801e-17  2.24615e-18        00000 
-1.50362e-17  2.16101e-18        00000 
-1.63760e-17 -1.66887e-18        00000 
-1.75412e-17  5.65627e-19        00000 
-1.52900e-17 -4.58469e-19        00000 
-1.77252e-17 -1.46034e-20        00000 
-2.10117e-17  3.97344e-18        00000 
-2.63809e-17  1.09199e-17        00000 
-2.96924e-17  1.25926e-17        00000 
-2.56291e-17  1.12359e-17        00000 
-2.50106e-17  5.85984e-18        00000 
-2.38729e-17  1.11165e-18        00000 
-2.75018e-17  6.90391e-18        00000 
-2.72737e-17  8.62096e-18        00000 
-2.30837e-17  7.98625e-18        00000 
-2.61654e-17  9.56876e-18        00000 
-2.60678e-17  6.95175e-18        00000 
-2.87657e-17  2.39993e-18        00000 
-2.52277e-17 -2.35716e-18        00000 
-2.60506e-17 -2.04394e-18        00000 
-3.12287e-17  6.34828e-19        00000 
-3.02734e-17  2.84869e-18        00000 
-2.82948e-17  6.71241e-18        00000 
-2.73994e-17  8.88504e-19        00000 
-2.65069e-17  3.36999e-18        00000 
 1.03097e-17 -2.83636e-17        00000 
 4.66407e-18 -2.74357e-17        00000 
 3.03897e-18 -2.88814e-17        00000 
-2.07212e-18 -2.52570e-17        00000 
-1.99284e-18 -2.04466e-17        00000 
-6.79656e-18 -1.41997e-17        00000 
-3.08670e-19 -8.58301e-18        00000 
-1.04334e-17 -7.94981e-19        00000 
-1.41597e-17 -1.44877e-18        00000 
-1.88080e-17 -1.86064e-18        00000 
-1.43964e-17 -4.41922e-18        00000 
-1.70155e-17 -4.33130e-18        00000 
-1.42683e-17 -6.84075e-18        00000 
-2.26028e-17  1.10915e-19        00000 
-2.43347e-17  6.81497e-18        00000 
-2.83774e-17  1.49438e-17        00000 
-2.95212e-17  9.92239e-18        00000 
-2.42326e-17  2.81847e-18        00000 
-2.56900e-17  5.99348e-18        00000 
-2.81523e-17  2.13181e-18        00000 
-2.25604e-17  4.97087e-19        00000 
-2.05531e-17  4.07909e-18        00000 
-2.52169e-17  5.92815e-18        00000 
-2.60165e-17  2.91995e-18        00000 
-2.85434e-17  1.80476e-18        00000 
-2.73901e-17 -1.78782e-18        00000 
-2.93486e-17  3.01916e-18        00000 
-3.27254e-17 -4.31259e-19        00000 
-3.11158e-17  1.08221e-18        00000 
-2.39572e-17  2.73142e-18        00000 
-2.87841e-17  2.83915e-18        00000 
-2.67908e-17  3.92149e-18        00000 
 1.66183e-18 -2.52667e-17        00000 
-1.25186e-18 -2.65097e-17        00000 
-2.20917e-18 -2.33905e-17        00000 
-5.45055e-18 -2.52242e-17        00000 
-5.17338e-18 -2.17427e-17        00000 
-5.71172e-18 -1.88096e-17        00000 
-9.12346e-18 -1.27126e-17        00000 
-9.65067e-18 -7.52595e-18        00000 
-1.59975e-17 -6.28043e-18        00000 
-1.66836e-17 -6.66231e-18        00000 
-1.15317e-17 -1.09046e-17        00000 
-1.18588e-17 -1.05357e-17        00000 
-1.08098e-17 -9.35922e-18        00000 
-1.72998e-17 -4.63813e-18        00000 
-2.32321e-17  3.18290e-19        00000 
-2.78449e-17  5.15523e-18        00000 
-2.62036e-17  4.71743e-18        00000 
-2.04115e-17  8.99155e-18        00000 
-3.25595e-17  1.43062e-17        00000 
-3.09206e-17  1.35845e-17        00000 
-2.96668e-17  1.20427e-17        00000 
-2.46798e-17  1.37267e-17        00000 
-3.19829e-17  1.16878e-17        00000 
-3.19451e-17  9.79266e-18        00000 
-3.16164e-17  4.67446e-18        00000 
-3.49262e-17  5.78366e-18        00000 
-3.24061e-17  8.67757e-18        00000 
-2.87006e-17  7.23253e-18        00000 
-2.70732e-17  7.48598e-18        00000 
-2.62371e-17  7.29975e-18        00000 
-2.75293e-17  6.94138e-18        00000 
-5.02330e-18 -2.01166e-17        00000 
-8.26023e-18 -1.74390e-17        00000 
-1.07855e-17 -1.77962e-17        00000 
-1.00964e-17 -1.74265e-17        00000 
-1.10964e-17 -2.21763e-17        00000 
-7.18068e-18 -2.29279e-17        00000 
-7.74451e-18 -2.66075e-17        00000 
-9.90458e-18 -2.15080e-17        00000 
-1.09276e-17 -1.65038e-17        00000 
-6.16752e-18 -2.27531e-17        00000 
-3.99184e-18 -2.74475e-17        00000 
-3.73751e-18 -2.20892e-17        00000 
-7.31622e-18 -1.86984e-17        00000 
-1.34968e-17 -1.25942e-17        00000 
-1.47138e-17 -1.31209e-17        00000 
-1.88808e-17 -9.04325e-18        00000 
-2.86858e-17  5.93425e-18        00000 
-2.64050e-17  1.43416e-17        00000 
-2.76236e-17  1.63433e-17        00000 
-3.04120e-17  1.28044e-17        00000 
-3.22234e-17  1.12903e-17        00000 
-3.20339e-17  1.35583e-17        00000 
-3.07883e-17  1.25479e-17        00000 
-3.36466e-17  1.10486e-17        00000 
-3.17664e-17  5.55394e-18        00000 
-3.36049e-17  6.78522e-18        00000 
-3.23117e-17  5.30459e-18        00000 
-3.31704e-17  8.92142e-18        00000 
-2.89535e-17  1.01086e-17        00000 
-3.03303e-17  1.31033e-17        00000 
-1.50361e-17 -9.10682e-18        00000 
-1.51076e-17 -8.70495e-18        00000 
-1.40080e-17 -1.10272e-17        00000 
-1.47760e-17 -8.39526e-18        00000 
-9.89794e-18 -1.49766e-17        00000 
-1.40258e-17 -1.82973e-17        00000 
-1.02230e-17 -1.77884e-17        00000 
-1.04411e-17 -1.79945e-17        00000 
-1.06119e-17 -1.78740e-17        00000 
-3.46333e-18 -1.73816e-17        00000 
-4.46255e-18 -1.87382e-17        00000 
-3.93963e-18 -2.01667e-17        00000 
-8.36336e-18 -2.14207e-17        00000 
-3.62862e-18 -1.82171e-17        00000 
-8.10952e-18 -1.19035e-17        00000 
-1.64162e-17 -6.72550e-18        00000 
-1.76888e-17  2.61836e-19        00000 
-1.67491e-17  5.49845e-18        00000 
-2.23490e-17  9.54316e-18        00000 
-2.77950e-17  9.67937e-18        00000 
-3.12831e-17  1.11713e-17        00000 
-3.12969e-17  7.67870e-18        00000 
-3.22170e-17  8.20271e-18        00000 
-3.27102e-17  1.00703e-17        00000 
-3.35544e-17  1.04670e-17        00000 
-3.18404e-17  1.26250e-17        00000 
-3.31543e-17  1.26507e-17        00000 
-3.47130e-17  9.40440e-18        00000 
-3.00980e-17  1.24206e-17        00000 
-1.60026e-17 -1.04182e-17        00000 
-1.99260e-17 -6.17423e-18        00000 
-1.72916e-17 -7.91946e-18        00000 
-1.59608e-17 -1.11724e-17        00000 
-1.41150e-17 -1.09608e-17        00000 
-1.70592e-17 -6.71621e-18        00000 
-1.48740e-17 -9.82654e-18        00000 
-1.56610e-17 -1.61526e-17        00000 
-1.08177e-17 -1.53292e-17        00000 
-8.07131e-18 -1.62688e-17        00000 
-4.81572e-18 -1.53257e-17        00000 
-4.27975e-18 -9.12571e-18        00000 
-6.68842e-18 -1.36944e-17        00000 
-4.50823e-18 -1.65126e-17        00000 
-2.91042e-18 -1.36023e-17        00000 
-1.47797e-17 -6.17980e-18        00000 
-1.27712e-17 -8.26778e-18        00000 
-1.54072e-17 -6.39619e-18        00000 
-1.40854e-17 -2.93200e-18        00000 
-2.27114e-17  3.15454e-18        00000 
-2.87342e-17  1.31531e-17        00000 
-3.27008e-17  1.17263e-17        00000 
-3.59394e-17  1.10406e-17        00000 
-3.35703e-17  1.00162e-17        00000 
-3.28314e-17  1.14350e-17        00000 
-3.52748e-17  9.30371e-18        00000 
-3.22559e-17  8.35028e-18        00000 
-3.37894e-17  1.04153e-17        00000 
-3.05693e-17  7.12187e-18        00000 
-1.57257e-17 -1.19764e-17        00000 
-1.53586e-17 -1.64587e-17        00000 
-1.20214e-17 -1.74568e-17        00000 
-1.37666e-17 -1.86093e-17        00000 
-1.62658e-17 -1.27138e-17        00000 
-1.69029e-17 -8.07704e-18        00000 
-1.38487e-17 -8.24783e-18        00000 
-1.75606e-17 -4.26061e-18        00000 
-1.59403e-17  4.50668e-19        00000 
-1.34609e-17 -5.95134e-18        00000 
-1.07568e-17 -8.93473e-18        00000 
-4.14667e-18 -1.57486e-17        00000 
-6.36697e-18 -1.73923e-17        00000 
-9.01779e-18 -9.18286e-18        00000 
-7.55504e-18 -9.37937e-19        00000 
-9.01314e-18 -1.31440e-17        00000 
-1.05442e-17 -1.77787e-17        00000 
-9.92517e-18 -1.16829e-17        00000 
-1.83214e-17 -2.52967e-18        00000 
-2.60260e-17  4.22929e-18        00000 
-2.50463e-17  1.16932e-17        00000 
-3.59391e-17  1.30465e-17        00000 
-3.54036e-17  8.55064e-18        00000 
-3.32504e-17  1.05720e-17        00000 
-3.40225e-17  1.17642e-17        00000 
-3.25589e-17  1.14125e-17        00000 
-3.12494e-17  5.33461e-18        00000 
-3.32119e-17  4.13341e-18        00000 
-3.39246e-17  6.07167e-18        00000 
-1.27224e-17 -2.57990e-17        00000 
-1.33453e-17 -2.19736e-17        00000 
-1.66440e-17 -1.87437e-17        00000 
-1.96689e-17 -1.40944e-17        00000 
-1.09335e-17 -1.41309e-17        00000 
-1.33050e-17 -1.87081e-17        00000 
-8.73819e-18 -9.79351e-18        00000 
-1.45402e-17 -3.45150e-18        00000 
-1.06004e-17  7.02369e-19        00000 
-1.58171e-17 -2.23208e-18        00000 
-9.29842e-18 -4.35185e-18        00000 
-1.19771e-17 -7.88141e-18        00000 
-1.34332e-17 -1.39198e-18        00000 
-1.45013e-17 -5.90943e-18        00000 
-1.06418e-17 -1.28459e-17        00000 
-7.15503e-18 -1.78689e-17        00000 
-8.57384e-18 -1.22201e-17        00000 
-4.41018e-18 -7.19525e-18        00000 
-1.95149e-17 -4.99126e-18        00000 
-2.09608e-17  1.41729e-19        00000 
-2.87873e-17  1.89349e-17        00000 
-3.63073e-17  1.93220e-17        00000 
-2.62402e-17  1.13347e-17        00000 
-3.09199e-17  1.10432e-17        00000 
-2.80385e-17  5.86213e-18        00000 
-2.67076e-17 -1.34703e-18        00000 
-3.11366e-17 -1.20575e-19        00000 
-3.19559e-17  4.31751e-18        00000 
-1.26756e-17 -1.59187e-17        00000 
-1.35827e-17 -1.67993e-17        00000 
-1.19020e-17 -2.18228e-17        00000 
-1.13943e-17 -1.66730e-17        00000 
-1.10795e-17 -1.47050e-17        00000 
-1.35414e-17 -1.27399e-17        00000 
-1.50693e-17 -4.46532e-18        00000 
-1.42418e-17 -3.32373e-18        00000 
-1.60510e-17 -1.70501e-18        00000 
-8.92522e-18 -3.07303e-18        00000 
-1.28741e-17  9.44833e-19        00000 
-1.59421e-17 -1.58949e-18        00000 
-1.20940e-17 -1.99620e-18        00000 
-7.68840e-18 -1.13311e-17        00000 
-8.15568e-19 -2.02538e-17        00000 
 4.23014e-18 -2.25798e-17        00000 
 9.50733e-19 -1.96699e-17        00000 
-9.24616e-18 -6.41805e-18        00000 
-1.28829e-17 -3.46084e-18        00000 
-1.78160e-17 -2.37997e-18        00000 
-2.61092e-17  2.37572e-18        00000 
-3.12950e-17  5.56841e-18        00000 
-2.71693e-17  7.24196e-18        00000 
-2.21203e-17  4.54634e-18        00000 
-1.99542e-17 -5.15251e-18        00000 
-2.59424e-17 -9.30053e-18        00000 
-2.66920e-17 -8.40320e-18        00000 
-1.37451e-17 -1.45228e-17        00000 
-1.33168e-17 -1.62272e-17        00000 
-1.06685e-17 -1.71753e-17        00000 
-9.83622e-18 -1.00330e-17        00000 
-1.47865e-17 -4.80633e-18        00000 
-1.04297e-17 -5.33600e-18        00000 
-1.23460e-17 -2.66158e-18        00000 
-1.33038e-17 -7.54128e-19        00000 
-7.20534e-18 -6.23481e-18        00000 
-1.09311e-17 -3.29753e-18        00000 
-1.12371e-17 -1.65768e-18        00000 
-1.44811e-17  2.85567e-19        00000 
-8.95417e-18 -3.90237e-18        00000 
-7.38415e-18 -1.09755e-17        00000 
-1.51244e-18 -1.24021e-17        00000 
-6.55413e-18 -9.12255e-18        00000 
-8.11974e-18 -7.83223e-18        00000 
-9.01543e-18 -7.98724e-18        00000 
-7.43596e-18 -1.09749e-17        00000 
-1.12929e-17 -7.49646e-18        00000 
-1.90176e-17 -3.95585e-18        00000 
-2.16632e-17 -1.26469e-18        00000 
-2.25842e-17  3.54629e-19        00000 
-1.33057e-17 -2.24008e-18        00000 
-2.29256e-17 -5.19814e-18        00000 
-2.95472e-17 -6.78337e-18        00000 
-9.88237e-18 -1.51523e-17        00000 
-9.30039e-18 -1.45352e-17        00000 
-8.89396e-18 -9.86172e-18        00000 
-4.53797e-18 -1.21203e-17        00000 
-9.17152e-18 -1.05248e-17        00000 
-1.10948e-17 -8.18822e-18        00000 
-6.92593e-18 -5.56749e-18        00000 
-3.07280e-18 -9.61223e-18        00000 
-1.04001e-17 -8.97093e-18        00000 
-1.12529e-17 -2.21355e-18        00000 
-1.09324e-17 -1.97036e-18        00000 
-1.12738e-17 -5.76945e-18        00000 
-9.12127e-18 -7.95713e-18        00000 
-6.55729e-18 -6.74328e-18        00000 
-5.47066e-18 -7.30786e-18        00000 
-6.90103e-18  2.13437e-18        00000 
-1.02628e-17  5.13707e-18        00000 
-8.76255e-18  1.01028e-18        00000 
-2.19196e-18 -1.07627e-17        00000 
-4.44584e-18 -1.61851e-17        00000 
-4.74996e-18 -1.75409e-17        00000 
-1.57807e-17 -6.89692e-18        00000 
-1.28344e-17 -8.18800e-18        00000 
-1.26371e-17 -1.12046e-17        00000 
-1.40381e-17 -1.67314e-17        00000 
-1.95722e-17 -2.29693e-17        00000 
-2.49901e-18 -1.58687e-17        00000 
-4.61471e-18 -1.30482e-17        00000 
-4.13129e-18 -1.31363e-17        00000 
-4.22410e-18 -4.94344e-18        00000 
-8.07171e-18 -1.10019e-17        00000 
-5.30925e-18 -9.50515e-18        00000 
-5.92617e-18 -8.06329e-18        00000 
-4.37789e-18 -4.93576e-18        00000 
-8.41502e-18 -1.57449e-18        00000 
-1.13389e-17  1.25762e-18        00000 
-8.73657e-18 -4.85112e-18        00000 
-9.16740e-18 -3.14715e-18        00000 
-8.36742e-18 -3.44556e-18        00000 
-3.87228e-18 -7.06078e-18        00000 
-2.66949e-18 -8.04645e-18        00000 
-6.12869e-18 -6.08419e-18        00000 
-1.53571e-18 -7.08131e-18        00000 
-5.38924e-18 -3.79286e-18        00000 
-5.52227e-18 -1.06309e-17        00000 
-3.28172e-18 -2.08000e-17        00000 
-6.82345e-18 -2.15233e-17        00000 
-3.24462e-18 -1.81158e-17        00000 
-8.96178e-18 -1.78878e-17        00000 
-1.17561e-17 -1.52212e-17        00000 
-1.78374e-17 -1.68225e-17        00000 
-1.32469e-18 -1.18005e-17        00000 
-9.69853e-19 -1.57596e-17        00000 
 4.78101e-18 -2.00062e-17        00000 
 3.32944e-18 -1.13671e-17        00000 
-2.41927e-19 -8.26733e-18        00000 
-1.05212e-18 -8.61624e-18        00000 
-1.19865e-18 -4.74782e-18        00000 
-4.16970e-18 -4.89501e-18        00000 
-4.24251e-18 -8.63820e-18        00000 
-3.23046e-18 -8.51183e-18        00000 
-7.47449e-18  2.02860e-18        00000 
-7.88605e-18 -2.11576e-18        00000 
-4.27795e-18 -1.23902e-18        00000 
-1.73636e-19 -1.29526e-18        00000 
-3.79882e-18 -4.41913e-18        00000 
 3.11094e-18 -8.62309e-18        00000 
 2.00213e-18 -1.11478e-17        00000 
-1.82835e-19 -1.55675e-17        00000 
-3.10180e-18 -1.81013e-17        00000 
-1.91581e-18 -1.88965e-17        00000 
-3.96581e-18 -1.41162e-17        00000 
-6.33637e-18 -1.51905e-17        00000 
-4.04477e-18 -2.12491e-17        00000 
-4.73225e-18 -2.18285e-17        00000 
-2.46706e-18 -2.39636e-17        00000 
 3.55259e-19 -9.03632e-18        00000 
-2.58910e-19 -8.16676e-18        00000 
 6.18519e-18 -7.52424e-18        00000 
 8.07901e-18 -1.02184e-17        00000 
 2.62726e-18 -7.76989e-18        00000 
 4.95917e-18 -9.74588e-18        00000 
 1.88749e-18 -1.17514e-17        00000 
-7.14277e-19 -7.74501e-18        00000 
-2.34186e-18 -5.25125e-18        00000 
 1.04607e-18 -1.65155e-17        00000 
-4.17855e-18 -5.57181e-18        00000 
 3.81486e-18 -1.19691e-17        00000 
 3.25551e-18 -1.06104e-17        00000 
 1.23790e-17 -5.93748e-18        00000 
 3.73192e-18 -1.11002e-17        00000 
 6.47385e-18 -1.23831e-17        00000 
 3.50946e-18 -1.21388e-17        00000 
 8.63672e-19 -1.15847e-17        00000 
-5.88524e-19 -1.39195e-17        00000 
-3.58950e-18 -1.48298e-17        00000 
-2.71226e-18 -1.32920e-17        00000 
-3.05094e-18 -1.19379e-17        00000 
-2.63458e-18 -2.59261e-17        00000 
-2.46043e-18 -2.08814e-17        00000 
 4.84093e-18 -1.25193e-17        00000 
 5.23088e-18 -1.09450e-17        00000 
 1.15488e-17 -7.99684e-18        00000 
 3.27633e-18 -5.99917e-18        00000 
 5.32483e-18 -3.39444e-18        00000 
 1.14967e-17 -7.69548e-18        00000 
 6.23868e-18 -1.11229e-17        00000 
 9.66874e-18 -1.45285e-17        00000 
 3.36783e-18 -4.13592e-18        00000 
 2.70231e-20 -3.55854e-19        00000 
-7.59164e-19 -1.24248e-17        00000 
 1.04911e-17 -1.18830e-17        00000 
-1.87716e-18 -1.37187e-17        00000 
 1.57956e-17 -1.57188e-17        00000 
 1.02594e-17 -2.13697e-17        00000 
 1.11622e-17 -1.35001e-17        00000 
 6.64467e-18 -1.28943e-17        00000 
 1.06575e-17 -1.09390e-17        00000 
-5.79433e-18 -1.03549e-17        00000 
-2.05508e-18 -6.24796e-18        00000 
-2.70317e-19 -6.11727e-18        00000 
-2.66521e-19 -6.12902e-18        00000 
 1.57969e-18 -1.24168e-17        00000 
-3.20289e-18 -1.23747e-17        00000 
 5.69876e-18 -1.89107e-17        00000 
 1.23590e-17 -2.00929e-17        00000 
 5.72377e-18 -8.99769e-18        00000 
 1.03874e-17 -1.84175e-17        00000 
 1.43515e-17 -2.58367e-17        00000 
 1.12584e-17 -2.44159e-17        00000 
 1.61733e-17 -2.14959e-17        00000 
 7.51643e-18 -8.92226e-18        00000 
 2.30346e-18 -7.95678e-18        00000 
 4.44919e-18 -9.78534e-18        00000 
 2.71083e-18 -9.78914e-18        00000 
 6.22068e-18 -1.32434e-17        00000 
 7.48404e-18 -1.91617e-17        00000 
 1.20546e-17 -2.05688e-17        00000 
 1.98587e-17 -1.93894e-17        00000 
 9.22815e-18 -1.48152e-17        00000 
 1.01148e-17 -1.15900e-17        00000 
 8.56420e-18 -1.17469e-17        00000 
 1.45523e-18 -6.95042e-18        00000 
 2.14622e-18 -8.53786e-18        00000 
 9.29278e-18 -1.13552e-17        00000 
 5.11757e-18 -1.35232e-17        00000 
 6.36915e-18 -1.67232e-17        00000 
 1.10103e-18  5.41549e-19        00000 
 4.28303e-18 -6.21880e-18        00000 
 1.05029e-17 -1.79716e-17        00000 
 8.57811e-18 -2.65559e-17        00000 
 1.20015e-17 -2.57262e-17        00000 
 1.28118e-17 -2.25613e-17        00000 
 4.96890e-18 -1.49907e-17        00000 
 6.22238e-18 -1.02151e-17        00000 
 6.22572e-18 -1.51817e-17        00000 
 8.26235e-18 -1.58375e-17        00000 
 3.06930e-18 -1.47110e-17        00000 
 4.88125e-18 -1.63244e-17        00000 
 5.88679e-18 -7.61265e-18        00000 
 8.62246e-18 -1.46104e-17        00000 
 1.58498e-17 -1.74768e-17        00000 
 6.93403e-18 -1.12713e-17        00000 
 7.63378e-18 -7.04501e-18        00000 
 1.03399e-18 -1.19889e-17        00000 
 5.72469e-18 -1.48200e-17        00000 
 4.56081e-18 -1.64717e-17        00000 
 1.18162e-17 -2.09709e-17        00000 
 1.15467e-17 -3.15906e-17        00000 
 1.50366e-18  1.36697e-17        00000 
 6.44033e-18 -5.20318e-18        00000 
 6.03797e-18 -1.46096e-17        00000 
 5.98476e-18 -2.11562e-17        00000 
 4.83806e-18 -1.62034e-17        00000 
-1.05753e-18 -5.85957e-18        00000 
 7.75937e-18 -2.14905e-17        00000 
 1.45967e-17 -2.59469e-17        00000 
 1.05832e-17 -1.91833e-17        00000 
-1.39168e-18 -1.83341e-17        00000 
 2.19401e-18 -4.77242e-18        00000 
-4.88657e-19 -2.50467e-18        00000 
 7.06423e-18 -5.16418e-18        00000 
 8.89004e-18 -1.34042e-17        00000 
 1.15289e-17 -8.76416e-18        00000 
 2.06978e-18 -6.39566e-18        00000 
 4.43260e-19 -6.33727e-18        00000 
 2.87381e-18 -1.26012e-17        00000 
 4.01406e-18 -1.34743e-17        00000 
 5.28367e-18 -2.22851e-17        00000 
 9.24695e-18 -1.87772e-17        00000 
 1.24321e-17  1.21322e-17        00000 
 1.50342e-17 -4.86887e-19        00000 
 2.12105e-17 -1.74689e-17        00000 
 2.49611e-17 -3.01106e-17        00000 
 2.75145e-17 -4.04653e-17        00000 
 2.30530e-17 -4.68220e-17        00000 
 1.90099e-17 -2.76965e-17        00000 
 1.78035e-17 -1.66338e-17        00000 
 9.40904e-18 -1.40158e-17        00000 
 8.30893e-18 -1.18248e-17        00000 
 2.86770e-18 -7.16619e-18        00000 
 3.18957e-18 -1.56339e-18        00000 
 6.50617e-18 -2.76258e-18        00000 
 5.21907e-18 -6.22571e-18        00000 
 2.01077e-18 -4.03784e-18        00000 
 5.17453e-18  4.69632e-18        00000 
-9.69493e-20 -3.55669e-19        00000 
 2.62692e-18 -1.33896e-17        00000 
 6.06384e-18 -1.13222e-17        00000 
 4.31746e-18 -1.30370e-17        00000 
 2.21189e-18 -2.25422e-17        00000 
 3.24396e-17 -2.35341e-17        00000 
 3.49854e-17 -3.27029e-17        00000 
 3.56884e-17 -3.51799e-17        00000 
 3.15526e-17 -3.45262e-17        00000 
 2.96701e-17 -3.39389e-17        00000 
 2.87108e-17 -3.11342e-17        00000 
 3.35902e-17 -3.18377e-17        00000 
 2.82752e-17 -2.84712e-17        00000 
 1.35084e-17 -7.54272e-18        00000 
 6.55673e-18  6.48947e-18        00000 
 1.02175e-17  3.48577e-18        00000 
 1.33569e-17 -9.50453e-18        00000 
 1.10410e-17 -1.38360e-17        00000 
 1.35348e-17 -1.37657e-17        00000 
 4.32516e-18 -7.47761e-18        00000 
-3.78753e-18 -6.44035e-18        00000 
-1.52854e-18 -3.88858e-18        00000 
-6.22940e-18 -9.97779e-18        00000 
 1.52514e-18 -1.90386e-17        00000 
 5.22707e-18 -2.25646e-17        00000 
 6.81377e-18 -2.35912e-17        00000 
 3.03883e-17 -2.75034e-17        00000 
 3.40997e-17 -3.61101e-17        00000 
 4.01588e-17 -4.44950e-17        00000 
 3.65501e-17 -5.01999e-17        00000 
 3.32061e-17 -3.92291e-17        00000 
 3.35177e-17 -3.31743e-17        00000 
 3.55036e-17 -2.52489e-17        00000 
 2.21490e-17 -8.60255e-18        00000 
 9.27341e-18  6.94958e-18        00000 
 9.27148e-18  1.31828e-17        00000 
 1.28094e-17 -3.51756e-18        00000 
 1.87459e-17 -1.29389e-17        00000 
 1.70146e-17 -1.77832e-17        00000 
 1.55988e-17 -1.39132e-17        00000 
 1.40344e-17 -1.82137e-17        00000 
 5.07919e-18 -1.39906e-17        00000 
 4.99128e-18 -1.66940e-17        00000 
 3.05725e-18 -2.31437e-17        00000 
 6.62598e-18 -1.69735e-17        00000 
 3.49026e-18 -1.29732e-17        00000 
 2.85277e-17 -2.60890e-17        00000 
 3.17912e-17 -3.03440e-17        00000 
 3.20569e-17 -2.94752e-17        00000 
 3.02235e-17 -3.65606e-17        00000 
 3.53647e-17 -4.13764e-17        00000 
 3.59914e-17 -3.57689e-17        00000 
 3.35395e-17 -2.52230e-17        00000 
 2.87686e-17 -1.79970e-17        00000 
 1.96281e-17 -1.03413e-17        00000 
 1.50619e-17 -9.77712e-18        00000 
 1.75255e-17 -1.90569e-17        00000 
 2.36831e-17 -2.23728e-17        00000 
 1.68090e-17 -1.98669e-17        00000 
 1.28477e-17 -1.99756e-17        00000 
 8.54296e-18 -1.68638e-17        00000 
 9.81159e-18 -1.68385e-17        00000 
 1.01577e-17 -1.75866e-17        00000 
-2.78192e-19 -2.19664e-17        00000 
 1.90714e-18 -1.51348e-17        00000 
 4.20915e-17 -3.82107e-17        00000 
 3.53921e-17 -3.61858e-17        00000 
 4.01872e-17 -4.06343e-17        00000 
 3.27381e-17 -3.67853e-17        00000 
 2.98812e-17 -2.97773e-17        00000 
 3.63395e-17 -3.22053e-17        00000 
 3.62202e-17 -3.05281e-17        00000 
 2.98756e-17 -2.65952e-17        00000 
 2.12218e-17 -3.02496e-17        00000 
 2.62361e-17 -2.96911e-17        00000 
 2.92830e-17 -2.41959e-17        00000 
 2.15977e-17 -2.01373e-17        00000 
 1.32685e-17 -1.39377e-17        00000 
 1.93715e-17 -1.78414e-17        00000 
 7.90099e-18 -1.15676e-17        00000 
 9.68924e-18 -6.97521e-18        00000 
 7.20217e-18 -8.74533e-18        00000 
 3.32924e-18 -1.05092e-17        00000 
 4.28785e-17 -4.51190e-17        00000 
 4.74658e-17 -4.31121e-17        00000 
 3.61772e-17 -3.40282e-17        00000 
 3.88923e-17 -3.60904e-17        00000 
 3.86227e-17 -3.35738e-17        00000 
 4.20749e-17 -3.11744e-17        00000 
 4.00498e-17 -2.92780e-17        00000 
 3.00583e-17 -3.35924e-17        00000 
 2.56085e-17 -3.09971e-17        00000 
 2.76063e-17 -2.96472e-17        00000 
 2.36897e-17 -2.78797e-17        00000 
 2.51169e-17 -3.08659e-17        00000 
 2.14744e-17 -2.53413e-17        00000 
 2.32878e-17 -1.76141e-17        00000 
 1.46254e-17 -3.73498e-18        00000 
 1.41696e-17 -6.14846e-18        00000 
 1.02529e-17 -4.12471e-18        00000 
 8.08916e-18 -8.18021e-18        00000 
 3.92568e-17 -3.93413e-17        00000 
 4.64741e-17 -4.00462e-17        00000 
 4.10403e-17 -3.71692e-17        00000 
 4.24343e-17 -3.41171e-17        00000 
 4.46892e-17 -3.98851e-17        00000 
 4.34213e-17 -4.86097e-17        00000 
 4.65616e-17 -4.62596e-17        00000 
 4.57812e-17 -4.38232e-17        00000 
 4.08422e-17 -4.61873e-17        00000 
 3.24673e-17 -4.66484e-17        00000 
 2.65508e-17 -3.72256e-17        00000 
 2.81064e-17 -2.53211e-17        00000 
 2.69532e-17 -2.38149e-17        00000 
 3.16166e-17 -2.26968e-17        00000 
 2.32483e-17 -2.01895e-17        00000 
 2.56448e-17 -1.77027e-17        00000 
 2.18492e-17 -1.89660e-17        00000 
 2.00090e-17 -1.83887e-17        00000 
 4.21700e-17 -3.69896e-17        00000 
 3.52120e-17 -2.80484e-17        00000 
 3.37384e-17 -2.35942e-17        00000 
 3.43401e-17 -2.76011e-17        00000 
 4.23227e-17 -4.79824e-17        00000 
 4.36921e-17 -5.31220e-17        00000 
 4.40382e-17 -5.07092e-17        00000 
 4.17051e-17 -3.78871e-17        00000 
 4.13040e-17 -3.91985e-17        00000 
 3.64610e-17 -3.62736e-17        00000 
 3.65675e-17 -3.31123e-17        00000 
 3.25797e-17 -1.93319e-17        00000 
 3.43136e-17 -1.57379e-17        00000 
 3.14803e-17 -9.43757e-18        00000 
 2.70932e-17 -1.09459e-17        00000 
 3.01391e-17 -2.15292e-17        00000 
 2.71351e-17 -1.63664e-17        00000 
 4.05646e-17 -2.78052e-17        00000 
 3.89612e-17 -3.26049e-17        00000 
 3.16804e-17 -2.13340e-17        00000 
 4.07675e-17 -3.28588e-17        00000 
 3.88886e-17 -4.07172e-17        00000 
 3.92299e-17 -3.98712e-17        00000 
 4.43583e-17 -4.31715e-17        00000 
 4.90218e-17 -4.23133e-17        00000 
 4.79908e-17 -5.23873e-17        00000 
 5.50036e-17 -5.90384e-17        00000 
 4.71180e-17 -4.34643e-17        00000 
 4.22207e-17 -2.60395e-17        00000 
 3.32426e-17 -1.06568e-17        00000 
 2.56935e-17 -4.34577e-18        00000 
 3.12743e-17 -1.51728e-17        00000 
 2.80243e-17 -2.83231e-17        00000 
 3.34143e-17 -2.70005e-17        00000 
 4.46632e-17 -3.76767e-17        00000 
 4.04731e-17 -3.49998e-17        00000 
 5.05349e-17 -3.94908e-17        00000 
 4.42693e-17 -3.90578e-17        00000 
 5.01248e-17 -4.97426e-17        00000 
 5.04661e-17 -5.59919e-17        00000 
 5.42553e-17 -5.26491e-17        00000 
 4.84402e-17 -4.13662e-17        00000 
 4.81119e-17 -3.12653e-17        00000 
 4.73709e-17 -2.44666e-17        00000 
 4.07586e-17 -1.28521e-17        00000 
 3.46147e-17 -1.52431e-17        00000 
 3.80513e-17 -1.26435e-17        00000 
 3.11375e-17 -1.67279e-17        00000 
 2.82519e-17 -1.81547e-17        00000 
 4.25710e-17 -3.54578e-17        00000 
 3.98341e-17 -3.10154e-17        00000 
 3.92465e-17 -3.62738e-17        00000 
 4.37756e-17 -3.83565e-17        00000 
 3.87739e-17 -4.33547e-17        00000 
 4.43241e-17 -3.85182e-17        00000 
 4.61056e-17 -4.03651e-17        00000 
 4.82235e-17 -3.54056e-17        00000 
 5.12305e-17 -2.96566e-17        00000 
 4.71752e-17 -2.14043e-17        00000 
 4.47857e-17 -1.29822e-17        00000 
 3.90502e-17 -1.34190e-17        00000 
 4.17333e-17 -1.45725e-17        00000 
 3.93077e-17 -9.74585e-18        00000 
 4.06142e-17 -2.33791e-17        00000 
 4.47001e-17 -3.74634e-17        00000 
 4.53190e-17 -3.89505e-17        00000 
 4.37818e-17 -4.50433e-17        00000 
 4.49829e-17 -3.85766e-17        00000 
 4.82348e-17 -3.60508e-17        00000 
 5.17119e-17 -4.44648e-17        00000 
 4.97116e-17 -3.52658e-17        00000 
 4.55126e-17 -3.08095e-17        00000 
 4.64904e-17 -2.61756e-17        00000 
 4.28828e-17 -1.58252e-17        00000 
 4.35825e-17 -2.53689e-17        00000 
 4.32407e-17 -1.54421e-17        00000 
 4.13289e-17 -1.31807e-17        00000 
 4.69722e-17 -1.38765e-17        00000 
 5.54553e-17 -6.26421e-17        00000 
 5.72735e-17 -6.32615e-17        00000 
 5.75080e-17 -5.83614e-17        00000 
 4.73710e-17 -4.25442e-17        00000 
 5.31961e-17 -3.38453e-17        00000 
 5.46579e-17 -5.21272e-17        00000 
 5.65438e-17 -5.94345e-17        00000 
 4.86178e-17 -4.37722e-17        00000 
 5.06370e-17 -3.86515e-17        00000 
 5.33418e-17 -3.46578e-17        00000 
 5.69211e-17 -3.57439e-17        00000 
 4.68139e-17 -2.66236e-17        00000 
 4.39525e-17 -1.63810e-17        00000 
 3.94413e-17 -1.83326e-17        00000 
 7.01944e-17 -6.99028e-17        00000 
 6.88582e-17 -6.81731e-17        00000 
 6.08379e-17 -6.04033e-17        00000 
 6.06377e-17 -4.91175e-17        00000 
 6.01604e-17 -4.10869e-17        00000 
 5.12657e-17 -3.91985e-17        00000 
 4.95264e-17 -4.11558e-17        00000 
 5.53574e-17 -3.84751e-17        00000 
 5.28478e-17 -3.26893e-17        00000 
 5.70986e-17 -3.17734e-17        00000 
 5.18540e-17 -3.84462e-17        00000 
 4.54595e-17 -4.03345e-17        00000 
 4.30349e-17 -3.14550e-17        00000 
 4.69663e-17 -2.76731e-17        00000 
 5.97660e-17 -5.41753e-17        00000 
 5.98844e-17 -5.40039e-17        00000 
 6.34875e-17 -5.30433e-17        00000 
 5.75043e-17 -3.93727e-17        00000 
 5.15137e-17 -3.44436e-17        00000 
 5.24962e-17 -4.09057e-17        00000 
 5.20527e-17 -3.66292e-17        00000 
 5.88955e-17 -3.68774e-17        00000 
 5.46603e-17 -3.85847e-17        00000 
 6.13919e-17 -5.20661e-17        00000 
 5.73274e-17 -5.28286e-17        00000 
 5.22486e-17 -5.13864e-17        00000 
 5.09997e-17 -5.33318e-17        00000 
 5.31278e-17 -4.48713e-17        00000 
 5.61719e-17 -4.03407e-17        00000 
 5.63241e-17 -3.32186e-17        00000 
 5.45982e-17 -3.63563e-17        00000 
 5.47530e-17 -4.52949e-17        00000 
 4.76117e-17 -3.56885e-17        00000 
 5.25957e-17 -3.27523e-17        00000 
 5.29791e-17 -3.92271e-17        00000 
 5.94186e-17 -4.97255e-17        00000 
 5.94448e-17 -5.90437e-17        00000 
 5.91197e-17 -5.59117e-17        00000 
 5.34807e-17 -5.41713e-17        00000 
 5.42189e-17 -3.58626e-17        00000 
 5.72493e-17 -4.13189e-17        00000 
 6.05169e-17 -3.55912e-17        00000 
 6.00093e-17 -4.48490e-17        00000 
 5.28827e-17 -3.19492e-17        00000 
 5.05461e-17 -3.81024e-17        00000 
 4.86922e-17 -3.80868e-17        00000 
 5.60210e-17 -4.22129e-17        00000 
 5.63531e-17 -4.59747e-17        00000 
 6.05852e-17 -4.97260e-17        00000 
 5.95659e-17 -5.65105e-17        00000 
 5.35727e-17 -3.88325e-17        00000 
 5.16690e-17 -4.03314e-17        00000 
 5.85799e-17 -4.41300e-17        00000 
 5.57429e-17 -4.74715e-17        00000 
 5.30541e-17 -3.95992e-17        00000 
 5.39805e-17 -3.22099e-17        00000 
 5.31766e-17 -3.28596e-17        00000 
 5.70219e-17 -4.00902e-17        00000 
 5.09378e-17 -4.51036e-17        00000 
 5.47837e-17 -3.23382e-17        00000 
 5.77012e-17 -3.66428e-17        00000 
 5.86684e-17 -3.71405e-17        00000 
 5.03811e-17 -3.27765e-17        00000 
 5.87893e-17 -4.28559e-17        00000 
 5.78972e-17 -4.70615e-17        00000 
 6.19883e-17 -5.49597e-17        00000 
 6.13685e-17 -5.03257e-17        00000 
 5.56047e-17 -4.13622e-17        00000 
 5.50431e-17 -3.91527e-17        00000 
 5.52300e-17 -4.81736e-17        00000 
 5.83620e-17 -5.14926e-17        00000 
 7.29715e-17 -5.03191e-17        00000 
 6.48350e-17 -4.76842e-17        00000 
 5.79770e-17 -4.33843e-17        00000 
 5.76608e-17 -4.27839e-17        00000 
 5.58825e-17 -4.77483e-17        00000 
 5.42890e-17 -4.40333e-17        00000 
 5.88136e-17 -4.46165e-17        00000 
 5.21727e-17 -3.67942e-17        00000 
 5.60670e-17 -3.72987e-17        00000 
 5.94353e-17 -4.88681e-17        00000 
 7.74758e-17 -5.48045e-17        00000 
 6.84703e-17 -5.52399e-17        00000 
 6.28211e-17 -5.59529e-17        00000 
 5.54551e-17 -4.70273e-17        00000 
 5.65045e-17 -4.81910e-17        00000 
 5.63537e-17 -4.53311e-17        00000 
 5.67513e-17 -4.94296e-17        00000 
 5.36579e-17 -3.73868e-17        00000 
 6.04633e-17 -4.30385e-17        00000 
 1.77999e-18  2.31875e-18        00000 
 2.57412e-18  2.83688e-18        00000 
 2.33055e-18  3.49706e-18        00000 
 3.82389e-18  2.21350e-18        00000 
 4.11268e-18  2.63147e-18        00000 
 3.74838e-18  3.44244e-18        00000 
 2.22608e-18  3.97454e-18        00000 
 3.31021e-18  1.77594e-18        00000 
 4.11605e-18  1.58166e-18        00000 
 1.23831e-18  3.46268e-18        00000 
-6.74698e-20  5.69200e-18        00000 
-4.42354e-18  8.07857e-18        00000 
-2.56706e-18  5.86439e-18        00000 
-1.42649e-18  8.46009e-18        00000 
-8.70800e-19  8.72480e-18        00000 
-6.85134e-19  1.05319e-17        00000 
-1.92692e-19  9.83238e-18        00000 
 2.20604e-18  5.92829e-18        00000 
-8.07478e-19  1.04245e-17        00000 
-2.75748e-18  1.11173e-17        00000 
-6.07934e-19  9.67827e-18        00000 
-1.75702e-19  8.22007e-18        00000 
-2.31053e-18  1.00738e-17        00000 
-3.87578e-18  1.17991e-17        00000 
-3.33952e-18  1.14320e-17        00000 
-3.66232e-18  3.68694e-18        00000 
-5.82806e-18  2.12790e-18        00000 
-4.08523e-18 -1.48507e-18        00000 
-1.17452e-18 -3.73255e-18        00000 
-7.38981e-19 -2.56273e-18        00000 
-1.64622e-18 -5.10914e-18        00000 
 6.38907e-19 -5.93887e-18        00000 
 3.42801e-18 -6.48821e-18        00000 
 8.38727e-18 -1.39552e-17        00000 
 1.18127e-17 -3.48947e-17        00000 
 8.34876e-18 -3.14364e-17        00000 
 6.21914e-18 -2.85245e-17        00000 
-2.00537e-18 -1.81218e-17        00000 
-7.94215e-18 -1.17119e-17        00000 
-1.77357e-17 -7.40390e-18        00000 
-1.41063e-17 -2.31986e-17        00000 
-1.51875e-17 -1.77426e-17        00000 
-1.34786e-17 -9.12410e-18        00000 
-4.09628e-18 -1.36060e-17        00000 
 8.34255e-19 -2.17770e-17        00000 
-4.49637e-18 -1.43117e-17        00000 
-6.48798e-18 -5.48609e-18        00000 
 9.56520e-19 -8.23722e-18        00000 
 7.05138e-18 -1.37641e-17        00000 
-4.50049e-19 -2.66081e-18        00000 
-5.84015e-18  2.20339e-17        00000 
-7.84126e-18  1.86953e-17        00000 
 1.85330e-17 -2.50088e-17        00000 
 2.81129e-17 -2.78149e-17        00000 
 2.80795e-17 -2.96332e-17        00000 
 3.24639e-17 -2.98123e-17        00000 
 3.83807e-17 -4.18769e-17        00000 
 3.62054e-17 -3.17096e-17        00000 
 3.96828e-17 -2.77231e-17        00000 
 3.76407e-17 -3.86864e-17        00000 
 3.69977e-17 -3.52607e-17        00000 
 4.72631e-17 -4.39840e-17        00000 
 6.11732e-17 -6.59536e-17        00000 
 7.02547e-17 -6.74688e-17        00000 
 5.32526e-17 -4.89156e-17        00000 
 5.76642e-17 -4.65601e-17        00000 
 5.46886e-17 -3.18784e-17        00000 
 6.72209e-17 -4.46359e-17        00000 
 7.91683e-17 -5.36487e-17        00000 
 5.93811e-17 -5.27421e-17        00000 
 6.37760e-19  1.80601e-18        00000 
 2.42555e-18  5.10744e-18        00000 
-8.04334e-19  7.46501e-18        00000 
-1.28685e-18  1.03400e-17        00000 
 6.45869e-18 -2.18395e-17        00000 
-1.16002e-17 -1.10857e-17        00000 
 3.96656e-17 -4.36659e-17        00000 
 5.08026e-17 -6.29050e-17        00000 
 6.40123e-17 -4.91720e-17        00000 
 2.69581e-38  7.15494e-35        00000 
 2.23653e-19  8.77045e-19        00000 
 3.94530e-19  7.02201e-19        00000 
 6.41875e-19  4.98924e-19        00000 
 6.85990e-19  5.78590e-19        00000 
 6.67314e-19  7.80090e-19        00000 
 5.82336e-19  9.84542e-19        00000 
 7.24516e-19  5.55117e-19        00000 
 9.72390e-19  1.41505e-19        00000 
 1.17514e-18 -3.54396e-20        00000 
 1.11716e-18 -1.67993e-19        00000 
 9.53128e-19  1.49963e-19        00000 
 1.17930e-18 -2.16842e-19        00000 
 1.25524e-18 -2.87911e-19        00000 
 1.24588e-18 -4.94344e-19        00000 
 1.10670e-18 -4.35249e-19        00000 
 1.08587e-18 -2.44552e-19        00000 
 1.24942e-18 -3.90436e-19        00000 
 1.68559e-18 -8.74174e-19        00000 
 1.68749e-18 -7.74325e-19        00000 
 1.52139e-18 -3.70750e-19        00000 
 1.43691e-18 -3.47477e-19        00000 
 1.38934e-18 -4.03810e-20        00000 
 1.41641e-18 -1.18218e-19        00000 
 1.30910e-18 -9.07474e-20        00000 
 1.24598e-18 -5.94388e-20        00000 
 1.18565e-18  4.13125e-20        00000 
 1.19931e-18 -1.98660e-19        00000 
 1.38660e-18 -2.87229e-19        00000 
 1.27998e-18 -5.06600e-20        00000 
 1.03876e-18  2.98447e-19        00000 
 1.10690e-18  2.19175e-19        00000 
 1.23950e-18 -2.85724e-19        00000 
 1.23729e-18 -3.04781e-19        00000 
 1.28516e-18 -6.11339e-20        00000 
 1.33166e-18 -3.77186e-20        00000 
 1.30243e-18  5.77835e-20        00000 
 1.38490e-18  7.43568e-20        00000 
 1.59246e-18 -2.46162e-19        00000 
 1.66442e-18 -4.27278e-19        00000 
 1.57915e-18 -4.03137e-19        00000 
 1.46420e-18 -5.06672e-19        00000 
 1.38198e-18 -4.48973e-19        00000 
 1.33707e-18 -3.72066e-19        00000 
 1.41003e-18 -2.56966e-19        00000 
 1.44515e-18 -3.43762e-19        00000 
 1.38532e-18 -1.87832e-19        00000 
 1.41989e-18 -4.16647e-19        00000 
 1.47643e-18 -5.76040e-19        00000 
 1.56242e-18 -6.75784e-19        00000 
 1.67123e-18 -9.85341e-19        00000 
 1.65208e-18 -9.63151e-19        00000 
 1.62853e-18 -1.21058e-18        00000 
 1.38369e-18 -1.10379e-18        00000 
 1.15635e-18 -6.70518e-19        00000 
 1.18565e-18 -7.35187e-19        00000 
 1.07072e-18 -9.73384e-19        00000 
 1.12676e-18  2.16316e-18        00000 
 1.26550e-18  1.89373e-18        00000 
 1.64632e-18  1.20217e-18        00000 
 1.81152e-18  1.35507e-18        00000 
 1.96390e-18  1.45106e-18        00000 
 2.15910e-18  1.63688e-18        00000 
 2.14904e-18  1.60287e-18        00000 
 2.51721e-18  9.88685e-19        00000 
 2.94991e-18  4.49850e-19        00000 
 2.91941e-18  1.01474e-19        00000 
 3.23981e-18  1.13904e-19        00000 
 3.34168e-18 -3.71248e-19        00000 
 3.39856e-18 -6.79475e-19        00000 
 3.66016e-18 -1.11482e-18        00000 
 3.17111e-18 -1.11675e-18        00000 
 2.68225e-18 -6.89912e-19        00000 
 3.43378e-18 -1.18373e-18        00000 
 4.17286e-18 -2.01943e-18        00000 
 4.13292e-18 -1.78777e-18        00000 
 4.12294e-18 -1.28814e-18        00000 
 3.78424e-18 -7.79529e-19        00000 
 3.58192e-18 -3.16831e-19        00000 
 3.46793e-18 -2.43486e-19        00000 
 3.48466e-18 -3.85591e-19        00000 
 3.56531e-18 -1.91777e-19        00000 
 3.27900e-18 -5.04094e-20        00000 
 3.55698e-18 -4.99308e-19        00000 
 3.46434e-18 -3.39821e-19        00000 
 3.36642e-18  3.29536e-19        00000 
 3.35827e-18  5.86911e-19        00000 
 3.54898e-18  1.16333e-19        00000 
 3.62581e-18 -6.08853e-19        00000 
 3.68817e-18 -3.95807e-19        00000 
 3.62593e-18 -1.35932e-19        00000 
 3.76419e-18 -5.19932e-20        00000 
 4.09196e-18 -2.70781e-19        00000 
 4.14502e-18 -1.88416e-19        00000 
 4.30420e-18 -3.02843e-19        00000 
 4.31492e-18 -6.24642e-19        00000 
 4.14312e-18 -5.36865e-19        00000 
 4.21189e-18 -7.83674e-19        00000 
 3.73184e-18 -7.16232e-19        00000 
 3.81565e-18 -7.71021e-19        00000 
 4.06960e-18 -7.74322e-19        00000 
 4.37030e-18 -8.80042e-19        00000 
 4.14812e-18 -5.94726e-19        00000 
 4.09091e-18 -7.78215e-19        00000 
 3.93871e-18 -8.76786e-19        00000 
 4.26214e-18 -1.03396e-18        00000 
 4.53618e-18 -1.47448e-18        00000 
 4.84071e-18 -1.86263e-18        00000 
 4.74886e-18 -2.29999e-18        00000 
 4.50905e-18 -2.59637e-18        00000 
 3.85664e-18 -1.97760e-18        00000 
 3.63675e-18 -2.06005e-18        00000 
 3.80592e-18 -2.61443e-18        00000 
 2.52403e-18  2.35428e-18        00000 
 2.29435e-18  2.19210e-18        00000 
 2.17536e-18  2.33513e-18        00000 
 2.90290e-18  1.87378e-18        00000 
 3.09212e-18  1.55348e-18        00000 
 2.88041e-18  1.84798e-18        00000 
 3.13463e-18  1.82366e-18        00000 
 3.68174e-18  1.50252e-18        00000 
 3.92986e-18  1.02437e-18        00000 
 4.22409e-18  6.51354e-19        00000 
 4.48438e-18  1.91730e-19        00000 
 4.44017e-18 -3.17703e-19        00000 
 4.85305e-18 -9.08306e-19        00000 
 4.48267e-18 -1.23950e-18        00000 
 3.76772e-18 -8.71721e-19        00000 
 4.04138e-18 -1.14902e-18        00000 
 5.45032e-18 -2.17370e-18        00000 
 6.00082e-18 -2.22757e-18        00000 
 5.80487e-18 -1.98331e-18        00000 
 5.80820e-18 -1.32924e-18        00000 
 5.34400e-18 -1.21539e-18        00000 
 5.58957e-18 -8.95941e-19        00000 
 6.09557e-18 -1.13303e-18        00000 
 5.57289e-18 -9.34318e-19        00000 
 5.67492e-18 -8.03853e-19        00000 
 5.78277e-18 -8.07885e-19        00000 
 5.35741e-18 -5.59095e-19        00000 
 5.25201e-18 -1.17219e-19        00000 
 5.01785e-18  2.21974e-19        00000 
 5.34161e-18 -6.33756e-20        00000 
 5.50955e-18 -3.64177e-19        00000 
 5.22480e-18  1.54927e-20        00000 
 5.89118e-18  2.63295e-19        00000 
 6.07264e-18  2.22423e-19        00000 
 6.41533e-18 -6.17253e-20        00000 
 6.62851e-18 -1.90818e-19        00000 
 6.53679e-18 -4.79996e-20        00000 
 6.41303e-18 -1.89289e-20        00000 
 6.42992e-18 -2.43665e-19        00000 
 6.75053e-18 -4.78319e-19        00000 
 6.57768e-18 -5.02894e-19        00000 
 6.40134e-18 -7.21853e-19        00000 
 6.75717e-18 -1.03279e-18        00000 
 7.12558e-18 -1.52497e-18        00000 
 7.22586e-18 -1.54101e-18        00000 
 6.97035e-18 -1.22978e-18        00000 
 6.46909e-18 -7.12140e-19        00000 
 6.74348e-18 -8.47214e-19        00000 
 7.05318e-18 -1.36951e-18        00000 
 7.02579e-18 -1.60178e-18        00000 
 7.03989e-18 -1.87629e-18        00000 
 6.70802e-18 -2.18218e-18        00000 
 6.45798e-18 -1.80095e-18        00000 
 6.13001e-18 -2.30377e-18        00000 
 6.05087e-18 -3.28258e-18        00000 
 2.57323e-18  3.41864e-18        00000 
 2.17347e-18  3.22425e-18        00000 
 2.88817e-18  2.85853e-18        00000 
 3.22316e-18  2.20186e-18        00000 
 3.49101e-18  2.03749e-18        00000 
 3.81550e-18  1.95092e-18        00000 
 4.52438e-18  1.39017e-18        00000 
 4.44527e-18  1.17873e-18        00000 
 4.80987e-18  1.15110e-18        00000 
 5.01102e-18  9.59897e-19        00000 
 5.34979e-18  5.57623e-19        00000 
 5.39967e-18 -4.76453e-20        00000 
 5.40900e-18 -9.20491e-19        00000 
 5.06018e-18 -1.18206e-18        00000 
 5.20941e-18 -8.20736e-19        00000 
 5.72356e-18 -1.34963e-18        00000 
 7.10084e-18 -1.57818e-18        00000 
 7.42432e-18 -1.50950e-18        00000 
 7.08745e-18 -1.50439e-18        00000 
 7.48914e-18 -1.62776e-18        00000 
 6.92267e-18 -1.45908e-18        00000 
 7.57932e-18 -1.16725e-18        00000 
 7.31260e-18 -1.05793e-18        00000 
 7.08911e-18 -1.37330e-18        00000 
 7.57493e-18 -1.24902e-18        00000 
 6.88762e-18 -7.20671e-19        00000 
 6.13694e-18 -5.42117e-19        00000 
 6.58279e-18 -2.20263e-19        00000 
 6.83797e-18  1.17089e-19        00000 
 7.30376e-18  1.64964e-19        00000 
 6.86208e-18  1.54566e-19        00000 
 6.89112e-18  4.37836e-19        00000 
 8.01249e-18  5.41402e-19        00000 
 8.55298e-18  3.64878e-19        00000 
 8.62505e-18  1.24859e-19        00000 
 8.66562e-18  3.53317e-19        00000 
 8.25528e-18  6.72491e-19        00000 
 8.55598e-18  3.91747e-19        00000 
 8.43574e-18 -2.17659e-19        00000 
 8.78339e-18 -3.41218e-19        00000 
 8.71556e-18 -4.73574e-19        00000 
 9.00816e-18 -1.32057e-18        00000 
 9.22771e-18 -1.79683e-18        00000 
 9.66723e-18 -2.01544e-18        00000 
 9.22741e-18 -1.81716e-18        00000 
 9.11161e-18 -1.13118e-18        00000 
 9.25967e-18 -1.41085e-18        00000 
 9.72787e-18 -1.83298e-18        00000 
 9.46338e-18 -1.83459e-18        00000 
 9.66740e-18 -1.89064e-18        00000 
 9.31342e-18 -2.00532e-18        00000 
 9.05453e-18 -2.13781e-18        00000 
 9.08571e-18 -2.76536e-18        00000 
 8.69365e-18 -3.82470e-18        00000 
 7.63915e-18 -4.26275e-18        00000 
 2.80049e-18  2.73035e-18        00000 
 3.22938e-18  2.71933e-18        00000 
 3.60844e-18  2.29575e-18        00000 
 3.47723e-18  2.78665e-18        00000 
 4.12242e-18  2.95459e-18        00000 
 4.62631e-18  2.23356e-18        00000 
 4.80455e-18  1.45266e-18        00000 
 4.83006e-18  1.89664e-18        00000 
 5.13364e-18  1.37199e-18        00000 
 5.13624e-18  1.16456e-18        00000 
 5.53127e-18  8.37998e-19        00000 
 5.75274e-18  1.86879e-19        00000 
 5.80035e-18 -4.82452e-19        00000 
 5.72375e-18 -8.13758e-19        00000 
 6.49667e-18 -9.59117e-19        00000 
 7.15416e-18 -8.45246e-19        00000 
 8.09359e-18 -1.32027e-18        00000 
 9.06941e-18 -1.70565e-18        00000 
 8.99052e-18 -1.98954e-18        00000 
 8.75181e-18 -1.41147e-18        00000 
 8.04758e-18 -6.35564e-19        00000 
 8.00320e-18 -4.60200e-19        00000 
 8.11296e-18 -8.55644e-19        00000 
 8.03668e-18 -5.54101e-19        00000 
 8.27525e-18 -4.14910e-19        00000 
 7.68749e-18 -6.61573e-19        00000 
 7.91081e-18 -9.87704e-19        00000 
 7.80214e-18 -5.47404e-19        00000 
 8.43838e-18  3.12759e-19        00000 
 8.90462e-18  3.56913e-19        00000 
 9.23228e-18 -1.68619e-19        00000 
 8.73502e-18  3.49969e-19        00000 
 1.00083e-17  8.81323e-19        00000 
 1.03833e-17  4.93958e-19        00000 
 1.01255e-17  7.36827e-19        00000 
 1.01578e-17  4.11380e-19        00000 
 1.05941e-17  2.29910e-19        00000 
 1.01746e-17 -3.51469e-19        00000 
 1.01481e-17 -1.98548e-19        00000 
 1.03613e-17 -2.31045e-19        00000 
 1.06504e-17 -1.17596e-18        00000 
 1.09561e-17 -1.76700e-18        00000 
 1.12797e-17 -2.05044e-18        00000 
 1.15628e-17 -1.72445e-18        00000 
 1.14619e-17 -1.57739e-18        00000 
 1.22299e-17 -2.20426e-18        00000 
 1.14093e-17 -2.77710e-18        00000 
 1.16679e-17 -2.05473e-18        00000 
 1.17438e-17 -1.90721e-18        00000 
 1.21201e-17 -2.10826e-18        00000 
 1.21383e-17 -2.97168e-18        00000 
 1.18727e-17 -3.67234e-18        00000 
 1.17204e-17 -4.20413e-18        00000 
 1.09675e-17 -4.58090e-18        00000 
 3.88921e-18  1.80035e-18        00000 
 3.31489e-18  2.85571e-18        00000 
 3.79042e-18  3.24944e-18        00000 
 4.36962e-18  3.58364e-18        00000 
 4.40706e-18  2.85456e-18        00000 
 4.30589e-18  3.21360e-18        00000 
 4.25076e-18  3.40675e-18        00000 
 4.76925e-18  2.31035e-18        00000 
 5.28004e-18  1.06308e-18        00000 
 5.72793e-18  1.34458e-18        00000 
 6.27884e-18  1.08749e-18        00000 
 6.84455e-18  3.68964e-19        00000 
 6.65619e-18 -4.37384e-19        00000 
 6.83022e-18 -5.58755e-19        00000 
 6.99142e-18 -4.79983e-19        00000 
 7.42430e-18 -7.60343e-19        00000 
 8.03009e-18 -1.15996e-18        00000 
 9.93337e-18 -1.61369e-18        00000 
 1.01425e-17 -1.77543e-18        00000 
 9.29708e-18 -9.35493e-19        00000 
 9.32369e-18 -3.83079e-19        00000 
 9.39622e-18 -5.41302e-19        00000 
 9.18479e-18 -7.11980e-19        00000 
 9.28219e-18 -9.40948e-20        00000 
 8.81790e-18 -3.68635e-19        00000 
 9.03592e-18 -7.94288e-19        00000 
 9.52690e-18 -7.35635e-19        00000 
 9.44338e-18  1.72705e-19        00000 
 1.01512e-17 -2.18630e-19        00000 
 1.05840e-17 -2.17406e-20        00000 
 1.03230e-17  2.07703e-19        00000 
 1.07962e-17  5.56941e-19        00000 
 1.17538e-17  1.02099e-18        00000 
 1.16013e-17  1.05880e-18        00000 
 1.20131e-17  2.39717e-19        00000 
 1.20442e-17 -2.81476e-19        00000 
 1.24247e-17 -8.49359e-19        00000 
 1.16743e-17 -6.54256e-20        00000 
 1.19706e-17 -6.29542e-21        00000 
 1.23706e-17 -6.35146e-19        00000 
 1.27201e-17 -1.08027e-18        00000 
 1.28609e-17 -1.91220e-18        00000 
 1.27695e-17 -2.13806e-18        00000 
 1.32509e-17 -1.56102e-18        00000 
 1.37087e-17 -2.14748e-18        00000 
 1.41410e-17 -2.56421e-18        00000 
 1.31530e-17 -2.38321e-18        00000 
 1.37268e-17 -2.24936e-18        00000 
 1.41306e-17 -2.76795e-18        00000 
 1.47210e-17 -3.55882e-18        00000 
 1.46108e-17 -3.69777e-18        00000 
 1.40950e-17 -4.34912e-18        00000 
 1.38650e-17 -4.82611e-18        00000 
 3.21902e-18  2.54140e-18        00000 
 3.73766e-18  2.59543e-18        00000 
 3.63965e-18  3.94089e-18        00000 
 3.38800e-18  4.18440e-18        00000 
 4.15698e-18  4.10085e-18        00000 
 5.37700e-18  3.64516e-18        00000 
 4.12244e-18  3.22782e-18        00000 
 4.76664e-18  2.70301e-18        00000 
 5.35256e-18  2.47258e-18        00000 
 5.77217e-18  2.18407e-18        00000 
 6.42802e-18  1.12603e-18        00000 
 7.28031e-18  5.00826e-19        00000 
 7.36859e-18 -4.64431e-19        00000 
 6.89423e-18 -3.22365e-19        00000 
 7.55454e-18 -3.46737e-19        00000 
 7.86667e-18 -3.42126e-19        00000 
 8.07540e-18 -7.25561e-19        00000 
 9.81593e-18 -8.13672e-19        00000 
 9.85285e-18 -3.44704e-19        00000 
 9.53644e-18 -1.17297e-19        00000 
 9.90392e-18 -5.24482e-19        00000 
 1.02390e-17 -7.60432e-19        00000 
 1.00907e-17 -3.61412e-19        00000 
 9.71118e-18 -1.63527e-19        00000 
 9.69718e-18 -5.62289e-19        00000 
 9.77919e-18 -7.26044e-20        00000 
 1.02352e-17  1.38742e-19        00000 
 1.04991e-17  1.66742e-19        00000 
 1.11921e-17  2.79358e-19        00000 
 1.11948e-17  7.45865e-19        00000 
 1.12859e-17  9.73023e-19        00000 
 1.26980e-17  3.96019e-19        00000 
 1.30093e-17  5.15555e-19        00000 
 1.26731e-17  5.40850e-19        00000 
 1.28505e-17  3.06711e-19        00000 
 1.25623e-17  6.78502e-19        00000 
 1.23619e-17  4.83955e-19        00000 
 1.24255e-17  5.76006e-19        00000 
 1.35667e-17  6.23637e-19        00000 
 1.37446e-17 -8.44724e-19        00000 
 1.49223e-17 -1.16481e-18        00000 
 1.41766e-17 -1.22784e-18        00000 
 1.38450e-17 -1.40561e-18        00000 
 1.49836e-17 -1.81531e-18        00000 
 1.56625e-17 -2.78576e-18        00000 
 1.59591e-17 -2.52427e-18        00000 
 1.55793e-17 -2.85362e-18        00000 
 1.56820e-17 -3.07715e-18        00000 
 1.56534e-17 -3.48927e-18        00000 
 1.61249e-17 -3.83612e-18        00000 
 1.59343e-17 -3.88838e-18        00000 
 1.54413e-17 -4.81660e-18        00000 
 2.99788e-18  4.25628e-18        00000 
 3.28609e-18  5.07435e-18        00000 
 3.10554e-18  3.91984e-18        00000 
 3.62769e-18  4.03135e-18        00000 
 4.17772e-18  4.18993e-18        00000 
 4.26133e-18  3.39575e-18        00000 
 4.62031e-18  3.54330e-18        00000 
 4.33641e-18  3.37517e-18        00000 
 4.90260e-18  3.24512e-18        00000 
 5.36546e-18  1.54256e-18        00000 
 6.02858e-18  9.02722e-19        00000 
 6.44750e-18  4.74845e-19        00000 
 7.35713e-18 -1.28863e-20        00000 
 7.12898e-18 -2.83641e-19        00000 
 7.65257e-18  1.20909e-19        00000 
 7.81952e-18  5.16926e-19        00000 
 8.35092e-18  3.36914e-19        00000 
 9.40827e-18  4.03616e-19        00000 
 9.11693e-18  7.96504e-19        00000 
 9.84059e-18  5.40444e-19        00000 
 1.04218e-17  3.12999e-19        00000 
 1.02091e-17  6.94824e-19        00000 
 1.06612e-17  4.98673e-19        00000 
 1.03101e-17 -8.75868e-20        00000 
 1.03794e-17 -3.33426e-19        00000 
 1.02771e-17  5.78420e-19        00000 
 1.09127e-17  1.24076e-18        00000 
 1.14365e-17  1.06428e-18        00000 
 1.15051e-17  1.38786e-18        00000 
 1.14161e-17  1.79691e-18        00000 
 1.26528e-17  1.44750e-18        00000 
 1.28505e-17  6.63366e-19        00000 
 1.31899e-17  1.29111e-18        00000 
 1.30304e-17  1.84972e-18        00000 
 1.29475e-17  1.42523e-18        00000 
 1.32201e-17  1.37726e-18        00000 
 1.29669e-17  1.34113e-18        00000 
 1.35583e-17  7.16402e-19        00000 
 1.38981e-17  2.54742e-19        00000 
 1.52358e-17 -2.75050e-19        00000 
 1.55268e-17 -5.04840e-19        00000 
 1.54261e-17 -2.21717e-19        00000 
 1.51801e-17 -1.64910e-19        00000 
 1.63047e-17 -1.34978e-18        00000 
 1.71633e-17 -2.09412e-18        00000 
 1.77817e-17 -2.69000e-18        00000 
 1.66964e-17 -2.59455e-18        00000 
 1.72335e-17 -3.08251e-18        00000 
 1.68538e-17 -3.43247e-18        00000 
 1.79154e-17 -3.40554e-18        00000 
 1.75772e-17 -3.77230e-18        00000 
 1.62743e-17 -4.06617e-18        00000 
 1.97998e-18  3.92860e-18        00000 
 2.29260e-18  4.42000e-18        00000 
 2.51099e-18  4.65591e-18        00000 
 3.04986e-18  4.28750e-18        00000 
 3.45409e-18  3.80142e-18        00000 
 3.48153e-18  3.94044e-18        00000 
 4.63505e-18  3.40291e-18        00000 
 3.03930e-18  3.95614e-18        00000 
 4.29555e-18  3.96489e-18        00000 
 5.32025e-18  3.08381e-18        00000 
 4.54974e-18  1.86834e-18        00000 
 5.42587e-18  1.05802e-18        00000 
 6.38993e-18  1.35022e-18        00000 
 5.68860e-18  1.34018e-18        00000 
 6.22925e-18  1.40630e-18        00000 
 7.57603e-18  1.57875e-18        00000 
 7.15152e-18  9.43580e-19        00000 
 8.38820e-18  1.21004e-18        00000 
 8.27646e-18  1.39140e-18        00000 
 8.20202e-18  1.54406e-18        00000 
 9.50724e-18  1.59764e-18        00000 
 9.66576e-18  1.47476e-18        00000 
 1.01059e-17  1.84267e-18        00000 
 1.10944e-17  1.03807e-18        00000 
 9.99639e-18  1.21685e-18        00000 
 1.12052e-17  1.40125e-18        00000 
 1.10665e-17  1.84173e-18        00000 
 1.07097e-17  1.40699e-18        00000 
 1.14522e-17  1.21398e-18        00000 
 1.15521e-17  2.03256e-18        00000 
 1.26486e-17  2.38700e-18        00000 
 1.32349e-17  2.08083e-18        00000 
 1.29032e-17  1.45884e-18        00000 
 1.34469e-17  2.18455e-18        00000 
 1.38982e-17  2.15330e-18        00000 
 1.33779e-17  1.60699e-18        00000 
 1.28800e-17  1.57197e-18        00000 
 1.42346e-17  1.22254e-18        00000 
 1.45198e-17  4.48064e-19        00000 
 1.45909e-17  5.01187e-19        00000 
 1.56870e-17  6.47577e-19        00000 
 1.58565e-17  4.75094e-19        00000 
 1.65387e-17  5.78843e-19        00000 
 1.65946e-17  4.72132e-20        00000 
 1.66400e-17 -9.54540e-19        00000 
 1.75449e-17 -1.34038e-18        00000 
 1.73798e-17 -1.30890e-18        00000 
 1.78869e-17 -1.59606e-18        00000 
 1.76123e-17 -1.83999e-18        00000 
 1.75628e-17 -2.20968e-18        00000 
 1.78904e-17 -2.01023e-18        00000 
 1.71346e-17 -2.28077e-18        00000 
 2.66927e-18  3.23682e-18        00000 
 3.48176e-18  2.91601e-18        00000 
 2.68474e-18  3.59498e-18        00000 
 3.25552e-18  3.99004e-18        00000 
 2.83436e-18  3.06961e-18        00000 
 3.18780e-18  3.36383e-18        00000 
 3.92835e-18  3.47601e-18        00000 
 3.01182e-18  3.22094e-18        00000 
 3.60177e-18  3.88574e-18        00000 
 4.33023e-18  3.13145e-18        00000 
 4.91095e-18  1.93516e-18        00000 
 4.52497e-18  3.04860e-18        00000 
 3.04363e-18  3.45925e-18        00000 
 4.62024e-18  2.84854e-18        00000 
 5.46441e-18  2.93204e-18        00000 
 5.99599e-18  3.08564e-18        00000 
 6.34158e-18  2.46013e-18        00000 
 7.04390e-18  2.53631e-18        00000 
 7.15760e-18  2.51836e-18        00000 
 7.98543e-18  2.00510e-18        00000 
 8.58076e-18  1.97924e-18        00000 
 8.92670e-18  2.49765e-18        00000 
 9.81034e-18  2.19264e-18        00000 
 1.02763e-17  1.77519e-18        00000 
 1.05000e-17  2.46495e-18        00000 
 1.14414e-17  2.80927e-18        00000 
 1.09759e-17  2.20049e-18        00000 
 1.07057e-17  1.97529e-18        00000 
 1.05892e-17  3.29545e-18        00000 
 1.16788e-17  3.18217e-18        00000 
 1.16864e-17  2.41569e-18        00000 
 1.28652e-17  2.27371e-18        00000 
 1.33473e-17  2.98458e-18        00000 
 1.34206e-17  3.14098e-18        00000 
 1.31838e-17  3.25670e-18        00000 
 1.27822e-17  2.18836e-18        00000 
 1.32437e-17  2.09497e-18        00000 
 1.43815e-17  1.21140e-18        00000 
 1.45327e-17  2.40901e-18        00000 
 1.42772e-17  1.70466e-18        00000 
 1.58254e-17  1.84890e-18        00000 
 1.58924e-17  1.70678e-18        00000 
 1.68778e-17  8.82143e-19        00000 
 1.63524e-17  4.49391e-19        00000 
 1.68793e-17  4.24118e-20        00000 
 1.71851e-17  2.31019e-19        00000 
 1.76409e-17 -3.81107e-19        00000 
 1.80335e-17 -8.40030e-19        00000 
 1.81200e-17 -1.20748e-18        00000 
 1.82554e-17 -1.07459e-18        00000 
 1.83564e-17 -1.08849e-18        00000 
 3.19688e-18  1.70689e-18        00000 
 2.64817e-18  2.15378e-18        00000 
 2.89320e-18  2.86437e-18        00000 
 9.92841e-19  4.10052e-18        00000 
 1.59751e-18  3.95214e-18        00000 
 2.72423e-18  3.90795e-18        00000 
 1.83228e-18  2.98612e-18        00000 
 2.55992e-18  4.44926e-18        00000 
 3.36786e-18  4.02995e-18        00000 
 3.93545e-18  3.58443e-18        00000 
 3.60326e-18  3.66298e-18        00000 
 3.93729e-18  4.17800e-18        00000 
 3.83498e-18  3.65922e-18        00000 
 5.03211e-18  3.39177e-18        00000 
 4.92295e-18  3.84205e-18        00000 
 6.31358e-18  3.47659e-18        00000 
 6.07671e-18  3.39758e-18        00000 
 7.54243e-18  3.84626e-18        00000 
 7.07957e-18  3.29008e-18        00000 
 7.03162e-18  2.49019e-18        00000 
 8.11292e-18  2.77199e-18        00000 
 8.23018e-18  3.20896e-18        00000 
 9.32046e-18  2.23043e-18        00000 
 1.05675e-17  2.58665e-18        00000 
 1.10361e-17  3.55873e-18        00000 
 1.00540e-17  4.03197e-18        00000 
 9.00613e-18  4.04329e-18        00000 
 1.03899e-17  3.78148e-18        00000 
 1.03375e-17  3.60962e-18        00000 
 1.15125e-17  3.07674e-18        00000 
 1.28149e-17  3.06983e-18        00000 
 1.23285e-17  3.00354e-18        00000 
 1.23739e-17  3.57948e-18        00000 
 1.18624e-17  3.75544e-18        00000 
 1.19542e-17  3.74722e-18        00000 
 1.23827e-17  2.74607e-18        00000 
 1.33673e-17  2.83483e-18        00000 
 1.34172e-17  3.25905e-18        00000 
 1.47753e-17  2.32545e-18        00000 
 1.45231e-17  2.63239e-18        00000 
 1.52227e-17  2.58798e-18        00000 
 1.56576e-17  1.78013e-18        00000 
 1.51175e-17  1.95689e-18        00000 
 1.59033e-17  1.95328e-18        00000 
 1.62898e-17  1.75837e-18        00000 
 1.61915e-17  9.21317e-19        00000 
 1.69484e-17  5.02911e-19        00000 
 1.72094e-17  4.76838e-19        00000 
 1.82050e-17 -4.04417e-19        00000 
 1.87247e-17  1.23233e-20        00000 
 3.21205e-18  1.94337e-18        00000 
 8.64608e-19  2.99969e-18        00000 
 9.04829e-19  4.79356e-18        00000 
 5.26960e-21  3.66407e-18        00000 
 9.62863e-19  4.71871e-18        00000 
 1.59816e-18  4.25504e-18        00000 
 1.18188e-18  4.24801e-18        00000 
 1.84178e-18  5.19795e-18        00000 
 3.49895e-18  4.69102e-18        00000 
 2.86360e-18  4.49871e-18        00000 
 2.60375e-18  4.74887e-18        00000 
 3.73496e-18  4.46465e-18        00000 
 3.50292e-18  4.38171e-18        00000 
 5.54264e-18  4.25850e-18        00000 
 5.03738e-18  4.06901e-18        00000 
 5.85503e-18  4.11859e-18        00000 
 6.69110e-18  3.44314e-18        00000 
 7.60709e-18  3.19360e-18        00000 
 6.94751e-18  3.80944e-18        00000 
 6.07520e-18  4.37521e-18        00000 
 6.88788e-18  3.63315e-18        00000 
 7.82842e-18  3.48150e-18        00000 
 7.72068e-18  3.18704e-18        00000 
 9.93811e-18  4.09759e-18        00000 
 1.02101e-17  5.08128e-18        00000 
 9.12337e-18  5.39121e-18        00000 
 8.41312e-18  5.16258e-18        00000 
 9.84272e-18  4.13379e-18        00000 
 1.05479e-17  3.80341e-18        00000 
 1.21555e-17  3.55694e-18        00000 
 1.23697e-17  3.03004e-18        00000 
 1.19175e-17  3.22603e-18        00000 
 1.22380e-17  3.28550e-18        00000 
 1.16201e-17  3.39457e-18        00000 
 1.20562e-17  3.38532e-18        00000 
 1.21428e-17  3.02364e-18        00000 
 1.30195e-17  2.59057e-18        00000 
 1.47827e-17  2.00330e-18        00000 
 1.47525e-17  2.66717e-18        00000 
 1.51563e-17  2.47745e-18        00000 
 1.47921e-17  2.78164e-18        00000 
 1.46084e-17  3.30607e-18        00000 
 1.42564e-17  3.11158e-18        00000 
 1.52701e-17  3.22780e-18        00000 
 1.57819e-17  2.79976e-18        00000 
 1.63594e-17  2.87623e-18        00000 
 1.62327e-17  2.22616e-18        00000 
 1.65194e-17  2.09929e-18        00000 
 1.68482e-17  3.01855e-18        00000 
 4.38709e-20  5.06974e-18        00000 
 3.78291e-19  4.84366e-18        00000 
 1.00653e-18  5.17065e-18        00000 
-1.88079e-19  6.05853e-18        00000 
-2.07255e-20  5.26473e-18        00000 
-3.41358e-19  5.06608e-18        00000 
 1.49558e-18  4.88145e-18        00000 
 1.00988e-18  4.65281e-18        00000 
 1.02887e-18  5.60843e-18        00000 
 1.75396e-18  6.13680e-18        00000 
 1.99949e-18  5.24336e-18        00000 
 3.60586e-18  5.06717e-18        00000 
 4.40708e-18  4.38990e-18        00000 
 4.90852e-18  4.30972e-18        00000 
 5.88342e-18  3.79179e-18        00000 
 5.98891e-18  4.61504e-18        00000 
 6.02073e-18  4.91173e-18        00000 
 5.74692e-18  5.06990e-18        00000 
 6.48131e-18  5.43512e-18        00000 
 6.93447e-18  4.77591e-18        00000 
 7.28495e-18  4.41497e-18        00000 
 8.73135e-18  4.58103e-18        00000 
 8.65606e-18  4.98214e-18        00000 
 8.35979e-18  6.26049e-18        00000 
 8.33311e-18  6.59991e-18        00000 
 8.88684e-18  6.20239e-18        00000 
 9.51921e-18  4.98854e-18        00000 
 1.14308e-17  4.41079e-18        00000 
 1.13295e-17  3.68337e-18        00000 
 1.16305e-17  3.14767e-18        00000 
 1.13913e-17  3.69872e-18        00000 
 1.16399e-17  4.44996e-18        00000 
 1.13805e-17  4.45991e-18        00000 
 1.14640e-17  4.28245e-18        00000 
 1.22523e-17  3.84256e-18        00000 
 1.36623e-17  2.41614e-18        00000 
 1.34423e-17  3.00664e-18        00000 
 1.39718e-17  2.99643e-18        00000 
 1.36213e-17  3.30343e-18        00000 
 1.42937e-17  2.74630e-18        00000 
 1.40406e-17  3.92640e-18        00000 
 1.44328e-17  3.32136e-18        00000 
 1.37572e-17  3.50515e-18        00000 
 1.46070e-17  2.81505e-18        00000 
 1.49430e-17  3.52302e-18        00000 
 1.40636e-17  4.13132e-18        00000 
 1.45511e-17  3.96058e-18        00000 
 1.46553e-17  4.83806e-18        00000 
 1.41560e-17  5.65103e-18        00000 
-5.32535e-19  6.63545e-18        00000 
-1.94826e-18  6.81725e-18        00000 
-1.00733e-18  7.42852e-18        00000 
-1.26051e-18  7.28506e-18        00000 
-5.10417e-19  6.56264e-18        00000 
-3.03295e-19  6.27710e-18        00000 
 5.70246e-19  5.74376e-18        00000 
 8.07876e-19  6.10787e-18        00000 
 1.39317e-19  5.90337e-18        00000 
 1.90087e-18  5.68208e-18        00000 
 2.19809e-18  6.69989e-18        00000 
 2.28804e-18  5.85489e-18        00000 
 3.07034e-18  5.35290e-18        00000 
 3.88189e-18  5.53682e-18        00000 
 3.64739e-18  6.10207e-18        00000 
 3.80855e-18  7.22824e-18        00000 
 4.18977e-18  7.18424e-18        00000 
 4.63488e-18  6.89531e-18        00000 
 6.64916e-18  6.41966e-18        00000 
 7.13271e-18  5.50612e-18        00000 
 6.15634e-18  5.18196e-18        00000 
 7.02874e-18  7.06381e-18        00000 
 6.91206e-18  7.49692e-18        00000 
 6.82165e-18  6.95839e-18        00000 
 7.96485e-18  6.31208e-18        00000 
 8.51131e-18  5.73253e-18        00000 
 1.08526e-17  5.62825e-18        00000 
 1.07338e-17  4.03137e-18        00000 
 1.08996e-17  3.91618e-18        00000 
 1.15426e-17  3.59346e-18        00000 
 1.10722e-17  4.84440e-18        00000 
 1.22609e-17  5.76238e-18        00000 
 1.06057e-17  5.72893e-18        00000 
 1.06983e-17  4.62369e-18        00000 
 1.17707e-17  3.81436e-18        00000 
 1.35862e-17  3.72548e-18        00000 
 1.30624e-17  3.07995e-18        00000 
 1.43273e-17  3.67552e-18        00000 
 1.38806e-17  3.39758e-18        00000 
 1.33300e-17  5.09323e-18        00000 
 1.35751e-17  4.56880e-18        00000 
 1.46063e-17  4.24045e-18        00000 
 1.46715e-17  3.66085e-18        00000 
 1.36530e-17  3.33910e-18        00000 
 1.32491e-17  3.98659e-18        00000 
 1.37007e-17  4.02438e-18        00000 
 1.32813e-17  5.73750e-18        00000 
 1.32426e-17  6.14439e-18        00000 
-3.33481e-18  8.16537e-18        00000 
-2.87677e-18  8.24579e-18        00000 
-2.57608e-18  7.74670e-18        00000 
-2.03789e-18  7.67720e-18        00000 
-2.35816e-18  7.51373e-18        00000 
-1.09780e-18  8.19763e-18        00000 
-9.73730e-19  6.94980e-18        00000 
 8.83245e-19  6.70107e-18        00000 
 2.54228e-19  5.35431e-18        00000 
 1.56008e-19  5.63286e-18        00000 
 3.25572e-19  6.48711e-18        00000 
 1.16412e-18  6.49048e-18        00000 
 5.76233e-19  7.68702e-18        00000 
 1.62606e-18  7.80220e-18        00000 
 1.68595e-18  7.90204e-18        00000 
 3.43193e-18  7.66256e-18        00000 
 5.65387e-18  8.34790e-18        00000 
 4.33773e-18  7.94526e-18        00000 
 6.20582e-18  7.15571e-18        00000 
 6.70646e-18  6.40575e-18        00000 
 6.75435e-18  6.79655e-18        00000 
 5.79904e-18  6.84390e-18        00000 
 6.47679e-18  7.58519e-18        00000 
 7.22650e-18  6.74227e-18        00000 
 7.99019e-18  6.32669e-18        00000 
 7.42950e-18  6.49044e-18        00000 
 8.57798e-18  6.19706e-18        00000 
 9.78862e-18  6.41641e-18        00000 
 9.67615e-18  6.26489e-18        00000 
 9.84576e-18  5.34666e-18        00000 
 1.04379e-17  5.18093e-18        00000 
 1.04316e-17  5.23278e-18        00000 
 1.14075e-17  5.32599e-18        00000 
 1.08298e-17  4.55239e-18        00000 
 1.05645e-17  5.42001e-18        00000 
 1.21256e-17  5.19384e-18        00000 
 1.28639e-17  4.28683e-18        00000 
 1.26488e-17  3.38070e-18        00000 
 1.33519e-17  3.27458e-18        00000 
 1.27870e-17  5.01955e-18        00000 
 1.27228e-17  5.92881e-18        00000 
 1.35476e-17  4.69036e-18        00000 
 1.39765e-17  4.67786e-18        00000 
 1.35935e-17  4.98065e-18        00000 
 1.26736e-17  4.96603e-18        00000 
 1.25666e-17  4.98514e-18        00000 
 1.22845e-17  4.63712e-18        00000 
 1.25238e-17  4.88260e-18        00000 
-1.94281e-18  7.32062e-18        00000 
-2.19806e-18  7.03963e-18        00000 
-1.52807e-18  6.59574e-18        00000 
-1.92993e-18  8.56121e-18        00000 
-1.89460e-18  8.50571e-18        00000 
-1.41167e-18  8.62346e-18        00000 
-4.83862e-19  7.24164e-18        00000 
-1.27450e-18  6.57009e-18        00000 
 2.33523e-19  7.00297e-18        00000 
-4.42504e-19  6.96475e-18        00000 
 1.13316e-18  7.23779e-18        00000 
-1.78976e-19  8.07374e-18        00000 
 4.88046e-19  8.05470e-18        00000 
 1.63424e-18  9.40062e-18        00000 
 1.80938e-18  7.98100e-18        00000 
 3.16518e-18  8.85319e-18        00000 
 4.66826e-18  9.11071e-18        00000 
 6.35097e-18  7.57223e-18        00000 
 6.62437e-18  7.31792e-18        00000 
 4.86387e-18  6.10376e-18        00000 
 5.10582e-18  7.64358e-18        00000 
 5.48690e-18  8.38805e-18        00000 
 5.18878e-18  9.29280e-18        00000 
 6.21411e-18  9.38605e-18        00000 
 5.67405e-18  8.95641e-18        00000 
 6.36140e-18  8.04989e-18        00000 
 8.42827e-18  7.64096e-18        00000 
 8.41345e-18  6.92227e-18        00000 
 9.49461e-18  7.04105e-18        00000 
 9.07414e-18  5.68318e-18        00000 
 9.43975e-18  5.26147e-18        00000 
 1.03486e-17  4.44045e-18        00000 
 9.50789e-18  3.99625e-18        00000 
 1.04963e-17  4.01673e-18        00000 
 1.11708e-17  5.25708e-18        00000 
 1.14453e-17  4.39759e-18        00000 
 1.20213e-17  3.81528e-18        00000 
 1.34791e-17  3.89933e-18        00000 
 1.12311e-17  4.85745e-18        00000 
 1.14266e-17  5.45479e-18        00000 
 1.20440e-17  6.13080e-18        00000 
 1.19107e-17  5.46012e-18        00000 
 1.18497e-17  4.97906e-18        00000 
 1.12657e-17  4.54255e-18        00000 
 1.16644e-17  3.86915e-18        00000 
 1.16426e-17  5.66160e-18        00000 
 1.15736e-17  5.28697e-18        00000 
-2.17326e-18  7.12184e-18        00000 
-1.49703e-18  7.26252e-18        00000 
-1.86530e-18  7.71243e-18        00000 
-2.27173e-18  7.98098e-18        00000 
-1.74620e-18  8.26961e-18        00000 
-1.03735e-18  8.35954e-18        00000 
-1.68201e-18  7.85606e-18        00000 
-6.82254e-19  7.73464e-18        00000 
-1.04094e-18  7.26642e-18        00000 
-9.82540e-19  7.52427e-18        00000 
-7.06361e-19  7.62247e-18        00000 
 1.00294e-18  9.08629e-18        00000 
 1.13965e-18  1.06220e-17        00000 
 2.04079e-18  9.89957e-18        00000 
 2.07790e-18  1.02614e-17        00000 
 3.11964e-18  1.02223e-17        00000 
 4.74207e-18  8.82581e-18        00000 
 5.65029e-18  7.72010e-18        00000 
 5.68497e-18  7.25613e-18        00000 
 6.02231e-18  7.64710e-18        00000 
 4.98857e-18  8.33437e-18        00000 
 3.15722e-18  1.04653e-17        00000 
 4.53167e-18  1.16901e-17        00000 
 4.45734e-18  1.06732e-17        00000 
 5.38589e-18  9.97554e-18        00000 
 5.47051e-18  9.09772e-18        00000 
 6.99183e-18  8.67895e-18        00000 
 6.97761e-18  8.09372e-18        00000 
 8.70424e-18  7.39602e-18        00000 
 8.97917e-18  5.96182e-18        00000 
 9.02424e-18  4.47814e-18        00000 
 8.79523e-18  3.70331e-18        00000 
 8.55843e-18  3.74015e-18        00000 
 9.60852e-18  4.32302e-18        00000 
 9.79616e-18  4.10946e-18        00000 
 1.11325e-17  3.88679e-18        00000 
 1.10610e-17  3.72159e-18        00000 
 1.06263e-17  4.04508e-18        00000 
 1.17620e-17  3.28688e-18        00000 
 1.21013e-17  3.17967e-18        00000 
 1.16499e-17  5.35731e-18        00000 
 1.11211e-17  3.86927e-18        00000 
 1.12503e-17  3.45171e-18        00000 
 1.18229e-17  3.59899e-18        00000 
 1.24914e-17  2.50840e-18        00000 
 1.20377e-17  4.13490e-18        00000 
 1.18287e-17  4.34427e-18        00000 
-1.95489e-18  9.27755e-18        00000 
-1.35810e-18  8.28513e-18        00000 
-2.37587e-18  9.41878e-18        00000 
-1.62066e-18  8.65569e-18        00000 
-1.52963e-18  8.04168e-18        00000 
-6.92923e-19  7.51118e-18        00000 
-2.23279e-19  8.07405e-18        00000 
-3.40610e-19  7.81463e-18        00000 
 9.29297e-21  6.97597e-18        00000 
 1.20755e-18  8.20874e-18        00000 
-1.56400e-18  9.72006e-18        00000 
-9.03231e-20  1.09494e-17        00000 
 2.00272e-18  1.07112e-17        00000 
 2.49899e-18  1.13179e-17        00000 
 2.83605e-18  1.06286e-17        00000 
 1.89861e-18  9.49185e-18        00000 
 4.43486e-18  8.08866e-18        00000 
 4.02244e-18  8.08736e-18        00000 
 4.46009e-18  7.95804e-18        00000 
 3.62313e-18  8.04693e-18        00000 
 3.92852e-18  9.96577e-18        00000 
 3.59073e-18  1.17950e-17        00000 
 2.86214e-18  1.20352e-17        00000 
 4.38372e-18  1.04592e-17        00000 
 5.45081e-18  1.03703e-17        00000 
 5.20356e-18  9.64992e-18        00000 
 5.74431e-18  9.77793e-18        00000 
 6.35643e-18  1.02117e-17        00000 
 7.40950e-18  8.04725e-18        00000 
 9.01238e-18  6.49490e-18        00000 
 7.74950e-18  4.44772e-18        00000 
 8.77426e-18  6.01794e-18        00000 
 7.87300e-18  4.53034e-18        00000 
 8.67620e-18  4.29697e-18        00000 
 9.76932e-18  3.27520e-18        00000 
 1.01324e-17  3.28756e-18        00000 
 1.01080e-17  3.64373e-18        00000 
 1.15764e-17  2.98532e-18        00000 
 1.00392e-17  2.97474e-18        00000 
 1.09134e-17  3.54152e-18        00000 
 1.20395e-17  3.70790e-18        00000 
 1.01148e-17  2.64924e-18        00000 
 1.04198e-17  2.13012e-18        00000 
 1.10774e-17  2.01275e-18        00000 
 1.19160e-17  2.79694e-18        00000 
 1.15548e-17  3.97209e-18        00000 
-1.27482e-18  1.02518e-17        00000 
-2.31190e-18  1.02235e-17        00000 
-2.09413e-18  1.06129e-17        00000 
-1.49753e-18  1.06037e-17        00000 
-1.23246e-18  8.52130e-18        00000 
-1.25040e-18  9.75329e-18        00000 
 1.34526e-19  9.16043e-18        00000 
 3.08008e-19  8.34556e-18        00000 
-5.75177e-19  8.24704e-18        00000 
 6.08484e-19  9.33390e-18        00000 
-8.19432e-19  1.10985e-17        00000 
 9.27552e-19  1.08929e-17        00000 
 1.26335e-18  1.04524e-17        00000 
 3.07478e-18  9.42246e-18        00000 
 2.04383e-18  8.00064e-18        00000 
 3.80232e-18  7.36065e-18        00000 
 4.00222e-18  7.29931e-18        00000 
 3.31372e-18  8.72161e-18        00000 
 3.15356e-18  8.52407e-18        00000 
 3.43779e-18  9.90227e-18        00000 
 4.00058e-18  1.18378e-17        00000 
 1.38213e-18  1.22183e-17        00000 
 4.02780e-18  1.05056e-17        00000 
 3.29740e-18  9.63761e-18        00000 
 3.79816e-18  1.05133e-17        00000 
 3.67512e-18  1.05484e-17        00000 
 4.82532e-18  1.04952e-17        00000 
 6.97890e-18  8.46941e-18        00000 
 5.89276e-18  9.55974e-18        00000 
 7.16077e-18  7.95097e-18        00000 
 6.30631e-18  6.18871e-18        00000 
 7.20685e-18  6.22290e-18        00000 
 7.56741e-18  4.88426e-18        00000 
 6.27132e-18  2.58044e-18        00000 
 7.86630e-18  4.16217e-18        00000 
 8.66918e-18  3.84786e-18        00000 
 9.81689e-18  3.73064e-18        00000 
 8.86960e-18  3.28209e-18        00000 
 1.03005e-17  2.52104e-18        00000 
 1.20308e-17  2.69961e-18        00000 
 1.01872e-17  3.58327e-18        00000 
 9.42120e-18  4.08312e-18        00000 
 9.32460e-18  3.79486e-18        00000 
 1.10110e-17  3.57258e-18        00000 
 1.07383e-17  2.99370e-18        00000 
-5.60718e-20  1.12527e-17        00000 
-3.82117e-19  1.09090e-17        00000 
 1.59672e-19  1.08685e-17        00000 
-1.18730e-20  9.54043e-18        00000 
-7.42758e-19  9.29014e-18        00000 
 4.65928e-19  9.26654e-18        00000 
 7.21310e-19  9.70487e-18        00000 
-1.57046e-19  9.22380e-18        00000 
 2.60923e-19  1.01776e-17        00000 
 7.49939e-19  9.91181e-18        00000 
-5.27166e-19  9.73466e-18        00000 
 7.70149e-19  8.44435e-18        00000 
 1.60439e-18  7.53844e-18        00000 
 1.77490e-18  7.10218e-18        00000 
 8.71807e-19  7.31255e-18        00000 
 3.17384e-18  8.38403e-18        00000 
 2.42738e-18  8.23540e-18        00000 
 6.96198e-19  9.08103e-18        00000 
 2.13190e-18  9.82884e-18        00000 
 2.98783e-18  1.10232e-17        00000 
 2.16036e-18  1.30388e-17        00000 
 1.99400e-18  1.24064e-17        00000 
 3.82868e-18  9.53210e-18        00000 
 3.99478e-18  1.00347e-17        00000 
 3.51156e-18  1.12945e-17        00000 
 3.08701e-18  1.04596e-17        00000 
 5.74007e-18  9.10952e-18        00000 
 5.02517e-18  9.11240e-18        00000 
 6.37964e-18  9.24967e-18        00000 
 7.09950e-18  7.47961e-18        00000 
 6.23507e-18  7.79380e-18        00000 
 7.18988e-18  6.47742e-18        00000 
 5.44295e-18  5.75686e-18        00000 
 5.15778e-18  4.87819e-18        00000 
 6.26274e-18  4.17978e-18        00000 
 8.75913e-18  4.29920e-18        00000 
 9.17878e-18  4.05112e-18        00000 
 9.81268e-18  3.30831e-18        00000 
 1.09898e-17  1.64381e-18        00000 
 1.02437e-17  3.35222e-18        00000 
 9.42792e-18  5.52548e-18        00000 
 8.48345e-18  5.24140e-18        00000 
 8.86051e-18  5.16697e-18        00000 
 9.82644e-18  4.89371e-18        00000 
 3.33484e-19  8.86172e-18        00000 
 1.79769e-18  1.01518e-17        00000 
 1.29521e-18  8.45079e-18        00000 
 1.32566e-18  8.94013e-18        00000 
-8.67090e-19  1.07323e-17        00000 
-1.77181e-18  1.05834e-17        00000 
-1.09049e-18  9.91403e-18        00000 
-2.28943e-18  9.73328e-18        00000 
-7.00500e-19  9.66666e-18        00000 
 1.17465e-19  9.61434e-18        00000 
-5.21427e-19  8.97136e-18        00000 
-9.18180e-19  7.53892e-18        00000 
-8.34560e-19  8.33010e-18        00000 
-9.51430e-20  8.15819e-18        00000 
-3.47085e-19  9.58371e-18        00000 
-1.04938e-18  9.81030e-18        00000 
 8.00931e-19  9.60531e-18        00000 
 5.37314e-19  1.08760e-17        00000 
-3.63963e-20  1.09451e-17        00000 
 2.15820e-18  1.14097e-17        00000 
 2.37394e-18  1.30614e-17        00000 
 2.66714e-18  1.22436e-17        00000 
 2.92435e-18  1.04543e-17        00000 
 2.07252e-18  1.06890e-17        00000 
 2.32050e-18  1.10938e-17        00000 
 5.14770e-18  1.01797e-17        00000 
 5.02221e-18  8.10704e-18        00000 
 5.48423e-18  7.66166e-18        00000 
 6.54026e-18  6.86844e-18        00000 
 4.70281e-18  7.62003e-18        00000 
 5.87523e-18  6.01253e-18        00000 
 7.13144e-18  5.80933e-18        00000 
 6.47344e-18  6.12448e-18        00000 
 3.78296e-18  5.81627e-18        00000 
 4.85163e-18  4.74856e-18        00000 
 5.43518e-18  4.41901e-18        00000 
 8.19013e-18  3.26989e-18        00000 
 8.47315e-18  2.64084e-18        00000 
 9.08680e-18  3.62724e-18        00000 
 1.02621e-17  3.16123e-18        00000 
 9.04146e-18  4.84097e-18        00000 
 8.61658e-18  4.07327e-18        00000 
 9.67630e-18  3.43648e-18        00000 
 9.29070e-18  2.56243e-18        00000 
 1.08048e-17  4.21182e-18        00000 
 2.55833e-18  6.90768e-18        00000 
 2.61555e-18  6.90977e-18        00000 
 2.46276e-19  7.86447e-18        00000 
-4.59273e-19  9.79143e-18        00000 
-2.03278e-19  1.07587e-17        00000 
-3.23030e-18  1.10606e-17        00000 
-1.80878e-18  1.04853e-17        00000 
-2.25396e-18  9.50401e-18        00000 
-1.24353e-18  1.04166e-17        00000 
-1.54348e-18  1.02419e-17        00000 
-3.13172e-18  9.56416e-18        00000 
-2.47088e-18  1.00898e-17        00000 
-2.24107e-18  1.03966e-17        00000 
-2.89293e-18  1.08977e-17        00000 
-2.28700e-18  1.06093e-17        00000 
-1.97132e-18  1.30076e-17        00000 
-2.82244e-18  1.32871e-17        00000 
-3.71618e-19  1.39697e-17        00000 
-8.69979e-19  1.41756e-17        00000 
 1.29342e-18  1.23680e-17        00000 
 1.44726e-18  1.12063e-17        00000 
 1.62450e-18  1.13723e-17        00000 
 5.00962e-19  1.11420e-17        00000 
 4.47293e-19  1.24436e-17        00000 
 2.34154e-18  1.00089e-17        00000 
 3.26658e-18  9.91703e-18        00000 
 3.05398e-18  8.48313e-18        00000 
 3.16887e-18  6.71129e-18        00000 
 3.14474e-18  6.31619e-18        00000 
 3.96464e-18  5.54705e-18        00000 
 4.99768e-18  5.79229e-18        00000 
 4.17472e-18  5.35361e-18        00000 
 3.67150e-18  6.84554e-18        00000 
 3.00131e-18  5.38569e-18        00000 
 4.51319e-18  4.10264e-18        00000 
 6.29555e-18  3.98466e-18        00000 
 8.07069e-18  2.46032e-18        00000 
 8.40881e-18  2.61629e-18        00000 
 8.16581e-18  2.53959e-18        00000 
 9.51861e-18  5.39359e-18        00000 
 8.28325e-18  2.47123e-18        00000 
 8.92377e-18  2.51750e-18        00000 
 9.64811e-18  1.98562e-18        00000 
 9.16886e-18  4.63492e-18        00000 
 1.56760e-18  7.27526e-18        00000 
-3.21780e-19  8.08743e-18        00000 
-3.42425e-19  8.61136e-18        00000 
 6.73162e-19  6.85165e-18        00000 
-9.61720e-19  9.16997e-18        00000 
-2.53623e-18  1.01263e-17        00000 
-2.76847e-18  9.88609e-18        00000 
-4.14308e-18  9.31921e-18        00000 
-3.80270e-18  1.07506e-17        00000 
-3.46971e-18  1.08838e-17        00000 
-3.36275e-18  1.06897e-17        00000 
-3.30250e-18  1.17272e-17        00000 
-3.12331e-18  1.21269e-17        00000 
-3.88272e-18  1.27780e-17        00000 
-4.01339e-18  1.34418e-17        00000 
-3.67139e-18  1.36602e-17        00000 
-1.83476e-18  1.57423e-17        00000 
-6.05352e-19  1.37412e-17        00000 
-9.95398e-20  1.25531e-17        00000 
-1.31549e-18  1.26464e-17        00000 
-1.42696e-18  1.28180e-17        00000 
-1.12343e-18  1.30810e-17        00000 
-2.58527e-18  1.10637e-17        00000 
 7.34018e-19  1.11175e-17        00000 
 1.36276e-18  9.08830e-18        00000 
 2.04952e-18  7.49410e-18        00000 
 1.11855e-18  6.93366e-18        00000 
-1.03575e-18  7.31237e-18        00000 
 1.40934e-18  6.55529e-18        00000 
 2.15540e-18  4.43056e-18        00000 
 3.30468e-18  4.78516e-18        00000 
 1.99493e-18  4.71048e-18        00000 
 3.29780e-18  5.56415e-18        00000 
 3.32318e-18  6.59806e-18        00000 
 3.63771e-18  5.94280e-18        00000 
 5.82275e-18  3.07334e-18        00000 
 6.63858e-18  3.79394e-18        00000 
 5.88781e-18  3.47824e-18        00000 
 6.98025e-18  4.28043e-18        00000 
 8.33947e-18  3.48711e-18        00000 
 7.36038e-18  3.32643e-18        00000 
 7.41442e-18  4.64859e-18        00000 
 7.36011e-18  6.66786e-18        00000 
-8.63122e-19  1.08176e-17        00000 
-9.91967e-19  1.02251e-17        00000 
-1.98742e-18  7.52515e-18        00000 
-5.66808e-19  8.35970e-18        00000 
-1.81501e-18  8.80324e-18        00000 
-2.04834e-18  9.31244e-18        00000 
-1.93453e-18  8.37649e-18        00000 
-2.73524e-18  1.02638e-17        00000 
-3.91869e-18  9.84883e-18        00000 
-3.45312e-18  8.70930e-18        00000 
-3.25591e-18  9.86958e-18        00000 
-3.97622e-18  1.14596e-17        00000 
-3.30514e-18  1.30431e-17        00000 
-3.13377e-18  1.27330e-17        00000 
-3.82559e-18  1.33685e-17        00000 
-3.50592e-18  1.45138e-17        00000 
-3.45002e-18  1.42682e-17        00000 
-3.70187e-19  1.42453e-17        00000 
-2.30086e-18  1.39234e-17        00000 
-3.30858e-18  1.40278e-17        00000 
-1.92055e-18  1.36783e-17        00000 
-3.08262e-18  1.30260e-17        00000 
-2.50611e-18  1.17607e-17        00000 
 1.54674e-18  1.03703e-17        00000 
 1.55850e-18  9.84861e-18        00000 
 3.93211e-20  8.30120e-18        00000 
 5.35531e-19  6.43181e-18        00000 
-8.80123e-20  6.68768e-18        00000 
 1.42271e-19  6.26790e-18        00000 
 9.74088e-19  3.63208e-18        00000 
 8.06160e-19  5.38658e-18        00000 
 2.65611e-18  5.88278e-18        00000 
 1.43955e-18  5.20209e-18        00000 
 2.42338e-18  4.23508e-18        00000 
 4.05494e-18  4.52420e-18        00000 
 4.29481e-18  6.13819e-18        00000 
 5.44963e-18  6.88444e-18        00000 
 4.05930e-18  5.27259e-18        00000 
 4.24240e-18  4.65568e-18        00000 
 5.74851e-18  4.83117e-18        00000 
 6.58289e-18  4.86507e-18        00000 
 5.38488e-18  7.71418e-18        00000 
-3.33272e-18  1.11071e-17        00000 
-1.06936e-18  1.02558e-17        00000 
-2.49919e-18  9.69861e-18        00000 
-3.44857e-18  1.03624e-17        00000 
-3.71580e-18  8.77832e-18        00000 
-2.45150e-18  8.26717e-18        00000 
-2.64543e-18  9.02977e-18        00000 
-2.61927e-18  8.20008e-18        00000 
-4.65593e-18  7.86204e-18        00000 
-3.76409e-18  8.48828e-18        00000 
-6.03002e-18  1.15241e-17        00000 
-5.17969e-18  1.22839e-17        00000 
-4.34144e-18  1.27406e-17        00000 
-4.57386e-18  1.43216e-17        00000 
-5.90683e-18  1.47013e-17        00000 
-4.94362e-18  1.60827e-17        00000 
-4.55807e-18  1.60874e-17        00000 
-3.31616e-18  1.55724e-17        00000 
-4.60892e-18  1.49261e-17        00000 
-5.57396e-18  1.51946e-17        00000 
-4.22328e-18  1.45027e-17        00000 
-3.98971e-18  1.36849e-17        00000 
-2.74719e-18  1.26951e-17        00000 
-7.26567e-19  1.09399e-17        00000 
-2.13875e-18  1.07877e-17        00000 
-6.16595e-19  7.79888e-18        00000 
-2.60850e-19  6.60489e-18        00000 
 2.04665e-19  6.09374e-18        00000 
-9.21943e-19  4.38798e-18        00000 
 6.25419e-19  5.23517e-18        00000 
 6.82677e-19  5.17105e-18        00000 
 1.74197e-18  4.44564e-18        00000 
 2.85355e-18  3.73240e-18        00000 
 2.23290e-18  3.65502e-18        00000 
 3.12102e-18  6.34759e-18        00000 
 2.57268e-18  6.56324e-18        00000 
 3.70979e-18  6.33127e-18        00000 
 2.04866e-18  6.18418e-18        00000 
 2.78963e-18  6.69823e-18        00000 
 3.77303e-18  7.65620e-18        00000 
 3.86543e-18  8.97544e-18        00000 
 3.63858e-18  1.11778e-17        00000 
-1.88686e-18  9.32173e-18        00000 
-1.78979e-18  8.93513e-18        00000 
-3.40818e-18  8.49775e-18        00000 
-2.09085e-18  9.81687e-18        00000 
-2.01958e-18  8.93960e-18        00000 
-1.20315e-18  8.58910e-18        00000 
-1.37061e-18  8.11648e-18        00000 
-4.06369e-18  7.50028e-18        00000 
-5.41373e-18  9.88754e-18        00000 
-5.53974e-18  1.15176e-17        00000 
-7.71130e-18  1.12573e-17        00000 
-7.14504e-18  1.28961e-17        00000 
-6.76374e-18  1.38749e-17        00000 
-4.20712e-18  1.52037e-17        00000 
-4.94588e-18  1.55975e-17        00000 
-6.23367e-18  1.62002e-17        00000 
-3.44505e-18  1.59030e-17        00000 
-5.82479e-18  1.49391e-17        00000 
-4.88340e-18  1.45971e-17        00000 
-4.35232e-18  1.38952e-17        00000 
-4.42963e-18  1.27983e-17        00000 
-2.93898e-18  1.31382e-17        00000 
-4.30642e-18  1.20336e-17        00000 
-3.55249e-18  1.13504e-17        00000 
-1.14688e-18  8.73065e-18        00000 
-5.36499e-19  7.26969e-18        00000 
 1.25762e-19  5.65408e-18        00000 
-6.44167e-19  4.24131e-18        00000 
-1.24409e-18  4.58963e-18        00000 
-3.28122e-18  4.58219e-18        00000 
 1.22254e-18  2.36386e-18        00000 
 1.05556e-18  4.67759e-18        00000 
 1.01829e-18  5.44970e-18        00000 
 7.94508e-19  7.68383e-18        00000 
-2.11892e-19  8.60092e-18        00000 
 8.84018e-19  7.72388e-18        00000 
 1.42321e-18  5.33249e-18        00000 
 9.57708e-20  9.20029e-18        00000 
 3.87368e-19  8.79464e-18        00000 
 9.86086e-19  1.12833e-17        00000 
 1.08047e-18  9.49120e-18        00000 
 6.60426e-19  7.84026e-18        00000 
-1.40034e-18  8.14989e-18        00000 
-2.87794e-18  7.89318e-18        00000 
-3.37199e-18  8.83479e-18        00000 
-2.24726e-18  9.95444e-18        00000 
-3.22180e-18  7.24894e-18        00000 
-4.41349e-18  8.46442e-18        00000 
-4.96368e-18  8.16928e-18        00000 
-6.55877e-18  1.08218e-17        00000 
-7.23521e-18  1.36127e-17        00000 
-9.70322e-18  1.39483e-17        00000 
-1.01246e-17  1.70749e-17        00000 
-7.49321e-18  1.77250e-17        00000 
-5.55282e-18  1.60562e-17        00000 
-6.85326e-18  1.64889e-17        00000 
-5.60757e-18  1.62965e-17        00000 
-5.14052e-18  1.48144e-17        00000 
-5.01194e-18  1.35207e-17        00000 
-6.90790e-18  1.47113e-17        00000 
-8.26829e-18  1.41920e-17        00000 
-6.01274e-18  1.31435e-17        00000 
-6.20120e-18  1.14226e-17        00000 
-5.39460e-18  1.04844e-17        00000 
-3.22278e-18  7.44378e-18        00000 
-2.66625e-18  6.16878e-18        00000 
-1.56610e-18  6.15259e-18        00000 
-6.15236e-18  8.15223e-18        00000 
-5.28216e-18  6.72628e-18        00000 
-3.04911e-18  3.93047e-18        00000 
-4.40508e-18  2.20738e-18        00000 
-3.77161e-18  2.67508e-18        00000 
-1.06733e-18  6.29301e-18        00000 
-1.73720e-18  6.89159e-18        00000 
-2.77884e-18  7.63964e-18        00000 
-1.45458e-18  8.64415e-18        00000 
-4.58287e-18  9.60767e-18        00000 
-4.30137e-18  1.01192e-17        00000 
-2.14124e-18  1.30249e-17        00000 
-2.26143e-18  1.21433e-17        00000 
-2.63235e-18  1.35567e-17        00000 
-2.74219e-18  1.09987e-17        00000 
-1.72355e-18  1.13729e-17        00000 
-4.06102e-18  9.48180e-18        00000 
-4.52079e-18  9.04592e-18        00000 
-3.28012e-18  9.24636e-18        00000 
-2.00769e-18  8.12018e-18        00000 
-5.36575e-18  6.58992e-18        00000 
-5.40150e-18  6.03362e-18        00000 
-5.19620e-18  8.25785e-18        00000 
-6.51001e-18  1.24427e-17        00000 
-9.39513e-18  1.48389e-17        00000 
-1.08370e-17  1.69976e-17        00000 
-8.93615e-18  1.76209e-17        00000 
-9.66428e-18  1.65956e-17        00000 
-8.47537e-18  1.71458e-17        00000 
-7.53866e-18  1.77831e-17        00000 
-6.34985e-18  1.61428e-17        00000 
-8.00976e-18  1.45227e-17        00000 
-9.27238e-18  1.53226e-17        00000 
-8.81916e-18  1.56483e-17        00000 
-7.03058e-18  1.31537e-17        00000 
-7.79398e-18  1.30695e-17        00000 
-9.58319e-18  9.78773e-18        00000 
-6.84836e-18  9.00404e-18        00000 
-5.62222e-18  5.58648e-18        00000 
-4.28268e-18  4.98092e-18        00000 
-7.87959e-18  7.67639e-18        00000 
-8.99552e-18  8.00981e-18        00000 
-1.09167e-17  5.33999e-18        00000 
-6.09374e-18  5.15010e-18        00000 
-7.24960e-18  4.22629e-18        00000 
-8.62486e-18  5.69768e-18        00000 
-5.13047e-18  6.95180e-18        00000 
-5.60650e-18  6.49950e-18        00000 
-5.82128e-18  7.44117e-18        00000 
-4.73627e-18  8.77502e-18        00000 
-5.31130e-18  1.05192e-17        00000 
-6.39511e-18  1.31791e-17        00000 
-5.20812e-18  1.29335e-17        00000 
-4.43469e-18  1.23383e-17        00000 
-4.76953e-18  1.20034e-17        00000 
-4.61477e-18  1.04361e-17        00000 
-4.89489e-18  9.03064e-18        00000 
-4.17115e-18  9.16664e-18        00000 
-3.43731e-18  8.45060e-18        00000 
-4.82711e-18  6.03994e-18        00000 
-7.13998e-18  6.34852e-18        00000 
-7.21299e-18  9.04831e-18        00000 
-7.60634e-18  1.10856e-17        00000 
-9.14066e-18  1.08738e-17        00000 
-9.37839e-18  1.40646e-17        00000 
-1.05949e-17  1.68180e-17        00000 
-1.19171e-17  1.75465e-17        00000 
-1.15859e-17  1.75997e-17        00000 
-1.46097e-17  1.89078e-17        00000 
-1.46130e-17  2.08351e-17        00000 
-9.27345e-18  1.67047e-17        00000 
-1.00977e-17  1.44919e-17        00000 
-9.89776e-18  1.34932e-17        00000 
-8.97208e-18  1.31747e-17        00000 
-7.91241e-18  1.22166e-17        00000 
-8.20222e-18  1.08676e-17        00000 
-8.93800e-18  8.56596e-18        00000 
-1.12301e-17  7.29175e-18        00000 
-1.03600e-17  6.46254e-18        00000 
-1.10049e-17  8.28927e-18        00000 
-1.26848e-17  8.12036e-18        00000 
-1.31497e-17  8.42030e-18        00000 
-1.32187e-17  7.94099e-18        00000 
-1.09882e-17  7.96718e-18        00000 
-1.14752e-17  8.15836e-18        00000 
-1.05575e-17  7.65314e-18        00000 
-9.47296e-18  5.67032e-18        00000 
-9.58926e-18  4.75468e-18        00000 
-8.45217e-18  6.70407e-18        00000 
-7.34553e-18  1.14749e-17        00000 
-8.26528e-18  1.44000e-17        00000 
-8.01918e-18  1.45375e-17        00000 
-7.93852e-18  1.58263e-17        00000 
-3.91278e-18  7.39923e-18        00000 
-4.58273e-18  5.68795e-18        00000 
-5.96259e-18  6.21763e-18        00000 
-6.70032e-18  8.17793e-18        00000 
-4.22995e-18  8.68528e-18        00000 
-6.78146e-18  9.16485e-18        00000 
-8.36186e-18  1.09643e-17        00000 
-8.21607e-18  1.18006e-17        00000 
-7.00751e-18  1.03632e-17        00000 
-1.07595e-17  1.18876e-17        00000 
-1.20409e-17  1.51110e-17        00000 
-1.19575e-17  1.66865e-17        00000 
-1.40843e-17  1.77647e-17        00000 
-1.37578e-17  1.74553e-17        00000 
-1.65726e-17  1.90483e-17        00000 
-1.38574e-17  1.83703e-17        00000 
-1.11696e-17  1.47501e-17        00000 
-1.28360e-17  1.09888e-17        00000 
-1.11320e-17  1.19657e-17        00000 
-1.37726e-17  1.09738e-17        00000 
-1.17812e-17  1.03719e-17        00000 
-1.14559e-17  9.37903e-18        00000 
-1.33608e-17  8.38439e-18        00000 
-1.48458e-17  8.66916e-18        00000 
-1.46620e-17  8.87121e-18        00000 
-1.48804e-17  1.02147e-17        00000 
-1.60941e-17  7.71560e-18        00000 
-1.60364e-17  5.72303e-18        00000 
-1.51119e-17  6.92850e-18        00000 
-1.50011e-17  8.01895e-18        00000 
-1.38843e-17  9.01761e-18        00000 
-1.14015e-17  6.88951e-18        00000 
-1.39857e-17  7.18609e-18        00000 
-1.37360e-17  6.95431e-18        00000 
-1.34031e-17  1.20931e-17        00000 
-1.13647e-17  1.39048e-17        00000 
-1.01897e-17  1.52385e-17        00000 
-1.00141e-17  1.65109e-17        00000 
-1.01839e-17  1.80758e-17        00000 
-4.86046e-18  2.80906e-18        00000 
-5.36388e-18  2.02701e-18        00000 
-4.19428e-18  2.49248e-18        00000 
-7.08624e-18  6.02172e-18        00000 
-7.06886e-18  8.82401e-18        00000 
-7.24138e-18  1.00880e-17        00000 
-9.90470e-18  1.37246e-17        00000 
-1.08286e-17  1.32254e-17        00000 
-1.12197e-17  1.48397e-17        00000 
-1.51990e-17  1.65071e-17        00000 
-1.42811e-17  1.68855e-17        00000 
-1.51051e-17  1.68706e-17        00000 
-1.50817e-17  1.36593e-17        00000 
-1.66927e-17  1.82540e-17        00000 
-1.63704e-17  1.81483e-17        00000 
-1.37620e-17  1.48068e-17        00000 
-1.48206e-17  1.29313e-17        00000 
-1.74663e-17  1.17219e-17        00000 
-1.45077e-17  1.07723e-17        00000 
-1.40331e-17  5.99065e-18        00000 
-1.34524e-17  6.37209e-18        00000 
-1.71756e-17  8.46203e-18        00000 
-1.97966e-17  9.91455e-18        00000 
-1.99997e-17  1.26650e-17        00000 
-1.85196e-17  1.09692e-17        00000 
-1.72621e-17  9.73907e-18        00000 
-1.75399e-17  7.12425e-18        00000 
-1.98676e-17  1.01510e-17        00000 
-1.93494e-17  8.19797e-18        00000 
-1.72024e-17  1.11316e-17        00000 
-1.54457e-17  1.08827e-17        00000 
-1.40391e-17  1.06078e-17        00000 
-1.64175e-17  9.84230e-18        00000 
-1.66195e-17  1.13878e-17        00000 
-1.50439e-17  1.58307e-17        00000 
-1.62780e-17  1.50040e-17        00000 
-1.61925e-17  1.63670e-17        00000 
-1.62150e-17  1.83951e-17        00000 
-4.41873e-18  1.17196e-18        00000 
-4.29754e-18 -1.13070e-19        00000 
-5.06526e-18  9.25906e-19        00000 
-8.04587e-18  4.52095e-18        00000 
-8.13063e-18  7.05692e-18        00000 
-5.53110e-18  8.86023e-18        00000 
-8.51370e-18  1.18831e-17        00000 
-1.29632e-17  1.53155e-17        00000 
-1.47687e-17  1.74867e-17        00000 
-1.79227e-17  1.74150e-17        00000 
-1.93646e-17  1.87135e-17        00000 
-1.65823e-17  1.67942e-17        00000 
-2.08368e-17  1.96639e-17        00000 
-1.98046e-17  1.93263e-17        00000 
-1.84378e-17  1.91808e-17        00000 
-2.02585e-17  1.83336e-17        00000 
-1.92673e-17  1.41215e-17        00000 
-1.84983e-17  8.97997e-18        00000 
-1.49306e-17  5.44121e-18        00000 
-1.85108e-17  4.12887e-18        00000 
-1.97581e-17  6.92087e-18        00000 
-2.10038e-17  8.81667e-18        00000 
-2.45068e-17  9.11001e-18        00000 
-2.45218e-17  1.17946e-17        00000 
-2.09156e-17  1.22017e-17        00000 
-2.31072e-17  1.13464e-17        00000 
-2.51084e-17  1.36759e-17        00000 
-2.58298e-17  1.31939e-17        00000 
-2.47092e-17  1.23319e-17        00000 
-2.18914e-17  1.25291e-17        00000 
-2.05454e-17  1.31894e-17        00000 
-2.09534e-17  1.60303e-17        00000 
-1.99561e-17  1.38903e-17        00000 
-2.06925e-17  1.46344e-17        00000 
-2.05332e-17  1.73260e-17        00000 
-2.02447e-17  1.80739e-17        00000 
-2.08563e-17  2.05670e-17        00000 
-3.56013e-18 -1.84192e-18        00000 
-2.18783e-18 -2.33626e-18        00000 
-3.43498e-18 -6.10955e-19        00000 
-4.33584e-18 -1.63266e-19        00000 
-5.30181e-18  5.56568e-18        00000 
-7.88667e-18  9.87299e-18        00000 
-1.16522e-17  1.28913e-17        00000 
-1.85324e-17  1.75531e-17        00000 
-1.89612e-17  1.66047e-17        00000 
-2.03444e-17  1.91560e-17        00000 
-2.02873e-17  1.96746e-17        00000 
-1.87997e-17  2.08211e-17        00000 
-2.26701e-17  1.96253e-17        00000 
-2.11839e-17  2.10387e-17        00000 
-2.08155e-17  1.76850e-17        00000 
-1.94255e-17  1.45739e-17        00000 
-2.04297e-17  1.30312e-17        00000 
-1.90591e-17  7.18655e-18        00000 
-1.95560e-17  4.35551e-18        00000 
-2.34596e-17  5.57980e-18        00000 
-2.54506e-17  9.05208e-18        00000 
-2.44424e-17  9.27730e-18        00000 
-2.55619e-17  1.07214e-17        00000 
-2.56850e-17  1.25928e-17        00000 
-2.44623e-17  1.40335e-17        00000 
-2.71442e-17  1.28858e-17        00000 
-2.74687e-17  1.56994e-17        00000 
-2.54914e-17  1.36572e-17        00000 
-2.47473e-17  1.32258e-17        00000 
-2.79777e-17  1.51464e-17        00000 
-2.49095e-17  1.81895e-17        00000 
-2.40077e-17  1.76057e-17        00000 
-2.28405e-17  1.72397e-17        00000 
-2.64986e-17  1.65058e-17        00000 
-2.48738e-17  1.85345e-17        00000 
-2.49933e-17  2.03959e-17        00000 
-1.86659e-18 -2.10500e-18        00000 
-2.26883e-18 -2.47886e-18        00000 
-1.70533e-19 -4.69925e-18        00000 
-3.51280e-18 -3.86965e-18        00000 
-6.48205e-18  6.88506e-19        00000 
-7.59435e-18  5.31312e-18        00000 
-9.14732e-18  1.04865e-17        00000 
-1.36926e-17  1.27876e-17        00000 
-1.67003e-17  1.37720e-17        00000 
-2.02533e-17  1.69276e-17        00000 
-2.13409e-17  1.63014e-17        00000 
-2.21518e-17  1.73702e-17        00000 
-2.16538e-17  1.66692e-17        00000 
-2.18530e-17  1.74958e-17        00000 
-1.88930e-17  1.64319e-17        00000 
-2.17429e-17  1.33094e-17        00000 
-2.14886e-17  1.49953e-17        00000 
-1.96483e-17  1.14423e-17        00000 
-1.98121e-17  6.16969e-18        00000 
-2.11308e-17  4.97171e-18        00000 
-2.39647e-17  4.98611e-18        00000 
-2.39544e-17  6.82741e-18        00000 
-2.59256e-17  1.01727e-17        00000 
-3.05674e-17  1.38607e-17        00000 
-2.92093e-17  1.72404e-17        00000 
-2.70811e-17  1.67357e-17        00000 
-2.92039e-17  1.48717e-17        00000 
-2.66984e-17  1.46064e-17        00000 
-2.93127e-17  1.66126e-17        00000 
-2.96893e-17  1.93662e-17        00000 
-3.12072e-17  2.00642e-17        00000 
-3.01585e-17  2.14384e-17        00000 
-2.83192e-17  2.21194e-17        00000 
-2.69950e-17  2.04862e-17        00000 
-2.64040e-17  1.55794e-17        00000 
-2.64191e-17  1.61239e-17        00000 
-2.69470e-17  1.88456e-17        00000 
 2.32561e-20 -5.75501e-18        00000 
 1.96802e-18 -5.15216e-18        00000 
-1.98145e-20 -2.63529e-18        00000 
-2.50968e-18 -9.02536e-19        00000 
-3.62145e-18  6.44955e-20        00000 
-5.82105e-18  1.14681e-18        00000 
-8.91800e-18  4.22760e-18        00000 
-1.24045e-17  5.93127e-18        00000 
-1.53175e-17  1.07246e-17        00000 
-1.68079e-17  1.08665e-17        00000 
-1.83643e-17  1.02031e-17        00000 
-2.07190e-17  1.04288e-17        00000 
-1.90925e-17  1.30558e-17        00000 
-1.88235e-17  1.34257e-17        00000 
-1.78049e-17  9.94056e-18        00000 
-2.11009e-17  7.97555e-18        00000 
-1.74452e-17  6.32118e-18        00000 
-1.65467e-17  5.48958e-18        00000 
-1.88478e-17  4.09424e-18        00000 
-2.37493e-17  2.72896e-18        00000 
-2.54543e-17  5.65117e-18        00000 
-2.85413e-17  9.39969e-18        00000 
-3.21302e-17  1.49639e-17        00000 
-3.20488e-17  1.99316e-17        00000 
-3.14967e-17  2.26356e-17        00000 
-2.90576e-17  1.73704e-17        00000 
-2.72456e-17  1.37061e-17        00000 
-2.88807e-17  1.70342e-17        00000 
-2.84427e-17  2.48753e-17        00000 
-3.13629e-17  2.46155e-17        00000 
-3.49992e-17  2.46070e-17        00000 
-3.10916e-17  2.66841e-17        00000 
-3.10938e-17  2.29013e-17        00000 
-2.83476e-17  1.68565e-17        00000 
-3.24046e-17  1.58795e-17        00000 
-3.21158e-17  1.74959e-17        00000 
-2.27441e-18 -3.41794e-18        00000 
 1.07295e-18 -3.48423e-18        00000 
 1.77665e-18 -2.73710e-18        00000 
 1.02957e-18 -2.90933e-18        00000 
 2.34493e-18 -5.24805e-18        00000 
 1.32905e-19 -4.64730e-18        00000 
-1.52390e-18 -2.12495e-18        00000 
-9.18386e-18  2.30703e-18        00000 
-9.17924e-18  7.14061e-19        00000 
-1.40506e-17  4.56552e-18        00000 
-1.71996e-17  6.87464e-18        00000 
-1.84655e-17  7.52744e-18        00000 
-1.75542e-17  8.54807e-18        00000 
-1.80847e-17  7.42138e-18        00000 
-1.79942e-17  2.50165e-18        00000 
-1.72133e-17  8.67445e-19        00000 
-1.66255e-17 -3.24877e-19        00000 
-1.57473e-17  1.46933e-18        00000 
-1.96720e-17  2.13499e-18        00000 
-2.41345e-17  2.13360e-18        00000 
-2.50957e-17  4.84141e-18        00000 
-2.71513e-17  1.00229e-17        00000 
-2.97486e-17  1.63323e-17        00000 
-3.22616e-17  2.00469e-17        00000 
-2.77176e-17  1.57227e-17        00000 
-2.64745e-17  1.23340e-17        00000 
-2.62332e-17  1.13255e-17        00000 
-2.91559e-17  1.66747e-17        00000 
-2.97200e-17  2.09450e-17        00000 
-3.20986e-17  2.26297e-17        00000 
-3.65610e-17  2.36035e-17        00000 
-3.25735e-17  2.11065e-17        00000 
-2.83276e-17  1.86380e-17        00000 
-3.36485e-17  1.84858e-17        00000 
-3.58660e-17  1.65485e-17        00000 
 4.16412e-18 -9.20550e-18        00000 
 4.05930e-18 -6.32649e-18        00000 
-3.93138e-20 -1.41583e-18        00000 
 5.35971e-19 -4.16139e-18        00000 
 1.31522e-18 -5.94608e-18        00000 
-5.13280e-19 -4.02969e-18        00000 
-4.47193e-18 -2.64287e-18        00000 
-9.91379e-18 -1.23506e-18        00000 
-1.31161e-17  5.15105e-18        00000 
-1.49995e-17  6.24906e-18        00000 
-1.54382e-17  3.70026e-18        00000 
-1.81108e-17  6.50940e-18        00000 
-1.54453e-17  4.17989e-18        00000 
-1.65764e-17  2.02545e-18        00000 
-1.65607e-17  1.48216e-19        00000 
-1.49115e-17 -5.31030e-18        00000 
-1.38264e-17 -5.95476e-19        00000 
-1.69941e-17 -2.62213e-19        00000 
-2.05930e-17  1.17937e-18        00000 
-2.36645e-17  4.12832e-18        00000 
-2.18461e-17  4.67283e-18        00000 
-2.37870e-17  9.85850e-18        00000 
-2.69511e-17  1.18508e-17        00000 
-2.81622e-17  1.41779e-17        00000 
-2.62291e-17  1.41176e-17        00000 
-2.38549e-17  8.44908e-18        00000 
-2.41259e-17  1.05027e-17        00000 
-2.70809e-17  1.17797e-17        00000 
-2.85046e-17  1.56218e-17        00000 
-3.02024e-17  1.53703e-17        00000 
-3.13211e-17  1.51102e-17        00000 
-3.25984e-17  1.46115e-17        00000 
-3.06349e-17  1.58854e-17        00000 
-3.17442e-17  1.45121e-17        00000 
 3.85898e-18 -8.61325e-18        00000 
 4.32694e-18 -8.40793e-18        00000 
 3.29052e-18 -9.42157e-18        00000 
 3.22734e-18 -1.06166e-17        00000 
 3.13951e-18 -8.72857e-18        00000 
-3.90418e-18 -6.91260e-18        00000 
-8.62607e-18 -4.28398e-18        00000 
-1.55754e-17 -2.00018e-18        00000 
-1.50357e-17  4.56982e-18        00000 
-1.89639e-17  5.85876e-18        00000 
-1.62031e-17  1.05657e-17        00000 
-1.56266e-17  6.94313e-18        00000 
-1.52831e-17  3.90822e-18        00000 
-1.24946e-17  2.54782e-18        00000 
-1.57883e-17 -3.99958e-18        00000 
-1.66627e-17 -6.19080e-18        00000 
-1.84146e-17 -1.70635e-18        00000 
-2.01482e-17  1.07260e-19        00000 
-2.23155e-17  4.06172e-18        00000 
-2.31277e-17  5.58542e-18        00000 
-2.21156e-17  5.68079e-18        00000 
-2.39823e-17  7.96647e-18        00000 
-2.83610e-17  1.35054e-17        00000 
-2.81184e-17  1.17317e-17        00000 
-2.91421e-17  1.04159e-17        00000 
-2.84878e-17  7.90139e-18        00000 
-2.66683e-17  1.05544e-17        00000 
-2.89013e-17  1.35398e-17        00000 
-2.92260e-17  1.10991e-17        00000 
-2.98460e-17  1.06696e-17        00000 
-3.19828e-17  8.87145e-18        00000 
-3.12247e-17  9.33314e-18        00000 
-3.15494e-17  1.20835e-17        00000 
-3.44559e-17  1.33486e-17        00000 
 1.10210e-17 -1.78241e-17        00000 
 9.71747e-18 -2.01115e-17        00000 
 8.50278e-18 -1.93879e-17        00000 
 3.17468e-18 -1.69497e-17        00000 
 1.39370e-18 -1.73910e-17        00000 
-3.84802e-19 -1.35184e-17        00000 
-6.76494e-18 -1.03656e-17        00000 
-1.24397e-17 -6.27713e-18        00000 
-1.05658e-17 -6.29157e-19        00000 
-1.56464e-17  7.84991e-19        00000 
-1.09404e-17  2.93021e-18        00000 
-1.32231e-17  1.74209e-18        00000 
-1.27378e-17 -8.99329e-19        00000 
-1.24361e-17 -1.28712e-18        00000 
-2.11853e-17 -3.23448e-19        00000 
-2.32303e-17  6.38088e-19        00000 
-2.10802e-17  1.63714e-18        00000 
-2.26184e-17  4.51777e-18        00000 
-2.34660e-17  4.15626e-18        00000 
-2.22078e-17  5.42355e-18        00000 
-2.67866e-17  6.51524e-18        00000 
-2.64947e-17  1.01224e-17        00000 
-2.52922e-17  6.90861e-18        00000 
-2.58448e-17  6.77797e-18        00000 
-2.62594e-17  7.55690e-18        00000 
-2.71494e-17  8.40006e-18        00000 
-3.13055e-17  1.17280e-17        00000 
-3.02058e-17  1.01567e-17        00000 
-3.29779e-17  9.52077e-18        00000 
-3.15757e-17  6.64144e-18        00000 
-3.42270e-17  5.88599e-18        00000 
-3.17628e-17  8.65673e-18        00000 
-3.16459e-17  9.66475e-18        00000 
 9.82427e-18 -2.87809e-17        00000 
 1.29994e-17 -3.03660e-17        00000 
 9.78788e-18 -2.77589e-17        00000 
 8.33821e-18 -2.37630e-17        00000 
 1.10421e-18 -2.08598e-17        00000 
 2.72158e-19 -1.89187e-17        00000 
-2.57204e-18 -1.20943e-17        00000 
-6.40194e-18 -6.86911e-18        00000 
-9.86783e-18 -2.50081e-18        00000 
-1.41990e-17 -1.02373e-18        00000 
-1.48786e-17 -3.01779e-18        00000 
-1.69974e-17 -9.17757e-19        00000 
-1.42394e-17 -2.59668e-18        00000 
-1.51320e-17 -1.41414e-18        00000 
-1.86982e-17  3.17989e-18        00000 
-2.19886e-17  6.08831e-18        00000 
-2.61169e-17  8.64316e-18        00000 
-2.67494e-17  9.52109e-18        00000 
-2.49825e-17  7.19296e-18        00000 
-2.43536e-17  4.49299e-18        00000 
-2.48991e-17  6.75533e-18        00000 
-2.66576e-17  7.67231e-18        00000 
-2.25060e-17  7.11296e-18        00000 
-2.28720e-17  5.54062e-18        00000 
-2.40335e-17  6.23680e-18        00000 
-2.63086e-17  5.00132e-18        00000 
-2.72311e-17  3.94464e-18        00000 
-3.05445e-17  3.32901e-18        00000 
-3.05881e-17  4.12808e-18        00000 
-3.07665e-17  2.44537e-18        00000 
-2.87483e-17  5.69717e-18        00000 
-3.16152e-17  6.92163e-18        00000 
-3.09997e-17  5.41164e-18        00000 
 1.15086e-17 -3.45806e-17        00000 
 1.09101e-17 -2.99835e-17        00000 
 6.08635e-18 -2.79174e-17        00000 
 6.88713e-18 -2.71041e-17        00000 
 1.18857e-18 -2.53575e-17        00000 
-1.60796e-18 -1.93256e-17        00000 
-7.43157e-18 -1.29395e-17        00000 
-8.53997e-18 -4.06868e-18        00000 
-1.04516e-17  1.00051e-19        00000 
-1.26507e-17 -1.24239e-18        00000 
-1.76084e-17 -9.51231e-19        00000 
-1.70755e-17 -1.32719e-18        00000 
-1.70050e-17 -2.99489e-18        00000 
-1.63574e-17 -1.79177e-18        00000 
-2.16899e-17  2.05338e-18        00000 
-2.56771e-17  7.63344e-18        00000 
-2.77003e-17  1.35710e-17        00000 
-2.82366e-17  1.12460e-17        00000 
-2.46353e-17  3.98773e-18        00000 
-2.50531e-17  3.92056e-18        00000 
-2.75450e-17  6.79771e-18        00000 
-2.59322e-17  4.79417e-18        00000 
-2.14191e-17  6.73666e-18        00000 
-2.47406e-17  7.13530e-18        00000 
-2.60939e-17  3.20142e-18        00000 
-2.62534e-17  8.64891e-19        00000 
-2.58263e-17 -1.22259e-18        00000 
-2.68013e-17  1.06809e-19        00000 
-3.34383e-17  8.75884e-19        00000 
-3.12186e-17  3.26157e-18        00000 
-2.60124e-17  2.69963e-18        00000 
-2.95330e-17  2.74144e-18        00000 
 7.80630e-18 -2.93850e-17        00000 
 4.71218e-18 -2.66554e-17        00000 
 4.06934e-19 -2.69243e-17        00000 
-2.03024e-19 -2.72198e-17        00000 
-4.51215e-18 -2.47176e-17        00000 
-3.15347e-18 -2.16727e-17        00000 
-5.02599e-18 -1.48495e-17        00000 
-5.49894e-18 -9.77068e-18        00000 
-1.00108e-17 -4.48454e-18        00000 
-1.37409e-17 -3.93926e-18        00000 
-1.78374e-17 -5.08376e-18        00000 
-1.47190e-17 -6.96572e-18        00000 
-1.44617e-17 -7.25791e-18        00000 
-1.43785e-17 -7.50091e-18        00000 
-1.99688e-17 -2.63080e-18        00000 
-2.36696e-17  5.94640e-18        00000 
-2.89895e-17  8.04192e-18        00000 
-2.81054e-17  5.37997e-18        00000 
-2.43949e-17  4.15153e-18        00000 
-2.85320e-17  9.57892e-18        00000 
-3.04650e-17  7.60122e-18        00000 
-2.78001e-17  8.59580e-18        00000 
-2.58769e-17  1.10469e-17        00000 
-2.89072e-17  7.82777e-18        00000 
-3.14239e-17  7.22831e-18        00000 
-2.84080e-17  1.88949e-18        00000 
-3.07581e-17  4.18888e-18        00000 
-3.08782e-17  4.87801e-18        00000 
-3.17134e-17  5.80002e-18        00000 
-2.85811e-17  3.37275e-18        00000 
-2.52175e-17  6.38665e-18        00000 
-2.84677e-17  6.09867e-18        00000 
 8.58698e-19 -2.34685e-17        00000 
-2.22474e-18 -2.24275e-17        00000 
-3.88336e-18 -2.23770e-17        00000 
-6.17655e-18 -2.19459e-17        00000 
-6.60423e-18 -2.13280e-17        00000 
-9.35078e-18 -2.00503e-17        00000 
-7.74208e-18 -2.11218e-17        00000 
-7.87702e-18 -1.87515e-17        00000 
-9.71345e-18 -1.50631e-17        00000 
-1.08431e-17 -1.28875e-17        00000 
-1.07453e-17 -1.41886e-17        00000 
-8.07467e-18 -1.84649e-17        00000 
-6.45589e-18 -1.68774e-17        00000 
-9.58165e-18 -1.54935e-17        00000 
-1.70546e-17 -8.08589e-18        00000 
-1.88582e-17 -4.73467e-18        00000 
-2.24582e-17 -3.89071e-18        00000 
-2.43193e-17  3.54014e-19        00000 
-2.64293e-17  1.15888e-17        00000 
-3.19979e-17  1.55110e-17        00000 
-3.07713e-17  1.32674e-17        00000 
-2.95044e-17  1.21417e-17        00000 
-2.99513e-17  1.36487e-17        00000 
-2.95583e-17  1.20150e-17        00000 
-3.29811e-17  1.04354e-17        00000 
-3.02167e-17  6.33973e-18        00000 
-3.23823e-17  5.92368e-18        00000 
-3.27876e-17  8.22894e-18        00000 
-3.08320e-17  7.61106e-18        00000 
-3.11861e-17  9.51830e-18        00000 
-2.95148e-17  1.01733e-17        00000 
-4.72043e-18 -1.44502e-17        00000 
-1.12919e-17 -1.53302e-17        00000 
-1.52873e-17 -1.24063e-17        00000 
-1.12796e-17 -1.42633e-17        00000 
-1.22294e-17 -1.37052e-17        00000 
-1.17937e-17 -1.79983e-17        00000 
-9.44014e-18 -2.20428e-17        00000 
-1.03484e-17 -1.98593e-17        00000 
-1.14467e-17 -1.83961e-17        00000 
-7.90938e-18 -1.85089e-17        00000 
-3.34867e-18 -2.14058e-17        00000 
-5.27685e-18 -2.20229e-17        00000 
-2.59174e-18 -2.14237e-17        00000 
-8.41926e-18 -1.87821e-17        00000 
-8.76622e-18 -1.51744e-17        00000 
-1.21412e-17 -1.28009e-17        00000 
-1.97778e-17 -5.54544e-18        00000 
-2.30511e-17  2.32385e-18        00000 
-2.34709e-17  1.23385e-17        00000 
-2.66257e-17  1.07358e-17        00000 
-2.71964e-17  9.31496e-18        00000 
-3.20228e-17  1.02067e-17        00000 
-3.05062e-17  1.14310e-17        00000 
-3.18051e-17  9.40264e-18        00000 
-3.31545e-17  9.02329e-18        00000 
-3.31091e-17  7.86576e-18        00000 
-3.11676e-17  9.62042e-18        00000 
-3.32507e-17  7.68210e-18        00000 
-3.45569e-17  9.60381e-18        00000 
-3.05993e-17  1.25580e-17        00000 
-1.17707e-17 -1.20032e-17        00000 
-1.79673e-17 -8.87994e-18        00000 
-1.76840e-17 -8.07859e-18        00000 
-1.80035e-17 -9.31600e-18        00000 
-1.06927e-17 -1.12172e-17        00000 
-1.04321e-17 -1.22392e-17        00000 
-1.37295e-17 -1.57263e-17        00000 
-1.30162e-17 -1.44973e-17        00000 
-1.27700e-17 -1.58653e-17        00000 
-8.57374e-18 -1.69494e-17        00000 
-6.37566e-18 -1.55050e-17        00000 
-4.03716e-18 -1.73074e-17        00000 
-6.28529e-18 -1.57169e-17        00000 
-6.35371e-18 -1.93187e-17        00000 
-9.42372e-19 -1.44334e-17        00000 
-1.09509e-17 -1.01491e-17        00000 
-1.55132e-17 -7.03395e-18        00000 
-1.71255e-17 -3.33378e-18        00000 
-1.49809e-17  1.38886e-18        00000 
-2.21190e-17  5.50414e-18        00000 
-2.73971e-17  1.03550e-17        00000 
-3.26708e-17  1.27043e-17        00000 
-3.33432e-17  7.11893e-18        00000 
-3.53863e-17  1.02300e-17        00000 
-3.21427e-17  1.10268e-17        00000 
-3.36851e-17  1.11314e-17        00000 
-3.26732e-17  1.01483e-17        00000 
-3.16007e-17  1.07723e-17        00000 
-3.53332e-17  1.06227e-17        00000 
-1.61054e-17 -1.11538e-17        00000 
-1.42456e-17 -1.08144e-17        00000 
-1.78772e-17 -1.08527e-17        00000 
-1.57037e-17 -1.35635e-17        00000 
-1.63363e-17 -1.41050e-17        00000 
-1.53577e-17 -1.33288e-17        00000 
-1.87777e-17 -9.94653e-18        00000 
-1.49939e-17 -8.70658e-18        00000 
-1.51502e-17 -1.18595e-17        00000 
-1.56016e-17 -7.47090e-18        00000 
-1.08818e-17 -1.08849e-17        00000 
-1.01110e-17 -1.07012e-17        00000 
-3.95718e-18 -1.32065e-17        00000 
-4.91914e-18 -1.71932e-17        00000 
-4.62004e-18 -1.41092e-17        00000 
-5.78251e-18 -7.22232e-18        00000 
-1.28495e-17 -9.20424e-18        00000 
-1.11463e-17 -1.25075e-17        00000 
-1.30010e-17 -8.71381e-18        00000 
-1.66856e-17 -3.42591e-18        00000 
-2.82160e-17  5.87719e-18        00000 
-2.60728e-17  1.39173e-17        00000 
-3.46175e-17  1.19275e-17        00000 
-3.90107e-17  1.35611e-17        00000 
-3.41137e-17  1.05699e-17        00000 
-3.36360e-17  1.11616e-17        00000 
-3.53477e-17  1.11168e-17        00000 
-3.46126e-17  8.32885e-18        00000 
-3.22574e-17  7.84008e-18        00000 
-1.45322e-17 -1.70454e-17        00000 
-1.40451e-17 -1.94645e-17        00000 
-1.12373e-17 -2.07814e-17        00000 
-1.42406e-17 -1.78605e-17        00000 
-1.47312e-17 -1.81366e-17        00000 
-1.72538e-17 -8.93656e-18        00000 
-1.50724e-17 -1.25501e-17        00000 
-1.29082e-17 -1.01784e-17        00000 
-1.69282e-17 -2.28059e-18        00000 
-1.36320e-17 -1.18958e-18        00000 
-1.30641e-17 -3.69584e-18        00000 
-1.02478e-17 -8.33281e-18        00000 
-9.04419e-18 -1.22404e-17        00000 
-1.15065e-17 -7.73326e-18        00000 
-1.45496e-17 -3.96609e-18        00000 
-6.62895e-18 -8.65256e-18        00000 
-7.07599e-18 -1.66926e-17        00000 
-9.64032e-18 -1.57010e-17        00000 
-9.58247e-18 -8.63275e-18        00000 
-1.94155e-17 -2.05231e-18        00000 
-2.13090e-17  2.12391e-18        00000 
-2.51030e-17  1.02388e-17        00000 
-3.51601e-17  1.74933e-17        00000 
-3.25411e-17  1.21729e-17        00000 
-3.11413e-17  1.11178e-17        00000 
-3.04387e-17  8.63938e-18        00000 
-2.91777e-17  3.43082e-18        00000 
-3.29453e-17  2.05204e-18        00000 
-3.21206e-17  3.50302e-18        00000 
-1.37292e-17 -2.08497e-17        00000 
-1.25442e-17 -2.01741e-17        00000 
-1.40785e-17 -1.63988e-17        00000 
-1.51740e-17 -1.93418e-17        00000 
-1.56102e-17 -1.63957e-17        00000 
-1.15657e-17 -1.59350e-17        00000 
-1.02598e-17 -1.56429e-17        00000 
-9.72514e-18 -7.22740e-18        00000 
-1.82677e-17 -8.99308e-19        00000 
-1.43074e-17 -1.80116e-18        00000 
-1.38230e-17 -3.07011e-18        00000 
-1.01491e-17 -2.94775e-18        00000 
-1.59301e-17 -3.07895e-18        00000 
-1.24678e-17 -1.82284e-18        00000 
-1.00406e-17 -8.91977e-18        00000 
-4.77418e-18 -1.66075e-17        00000 
-1.22848e-18 -1.87591e-17        00000 
-2.44850e-18 -1.89430e-17        00000 
-7.20410e-18 -7.62204e-18        00000 
-1.38799e-17 -4.97743e-18        00000 
-1.81003e-17  2.07058e-18        00000 
-2.63936e-17  1.13787e-17        00000 
-3.37053e-17  1.09335e-17        00000 
-2.73795e-17  1.06201e-17        00000 
-2.77067e-17  8.02292e-18        00000 
-2.38930e-17  6.58311e-19        00000 
-2.69111e-17 -5.60568e-18        00000 
-2.83259e-17 -3.46238e-18        00000 
-1.42836e-17 -1.31218e-17        00000 
-1.61436e-17 -1.27913e-17        00000 
-1.25043e-17 -1.83673e-17        00000 
-1.39815e-17 -1.97174e-17        00000 
-1.32691e-17 -1.30951e-17        00000 
-1.20460e-17 -9.97052e-18        00000 
-1.30490e-17 -6.16015e-18        00000 
-1.67756e-17 -2.97687e-18        00000 
-1.63024e-17 -1.24710e-18        00000 
-1.38884e-17 -2.96943e-18        00000 
-1.00842e-17 -2.66549e-18        00000 
-1.31288e-17 -1.13329e-18        00000 
-1.41791e-17 -9.17854e-19        00000 
-1.25787e-17 -2.51125e-18        00000 
-6.37278e-18 -1.35920e-17        00000 
-3.59643e-19 -1.76194e-17        00000 
 2.13399e-19 -1.91079e-17        00000 
-4.15705e-18 -1.09858e-17        00000 
-8.63626e-18 -7.13255e-18        00000 
-1.16603e-17 -6.72406e-18        00000 
-1.51663e-17 -4.11902e-18        00000 
-2.40605e-17  1.17842e-18        00000 
-2.73496e-17  2.84525e-18        00000 
-2.29869e-17  2.94724e-18        00000 
-1.78582e-17  5.09690e-19        00000 
-2.15114e-17 -6.60174e-18        00000 
-2.71163e-17 -1.05040e-17        00000 
-1.10157e-17 -9.67735e-18        00000 
-1.23139e-17 -1.49686e-17        00000 
-1.03285e-17 -1.73701e-17        00000 
-9.03282e-18 -1.16036e-17        00000 
-1.03969e-17 -7.91448e-18        00000 
-1.01881e-17 -1.00337e-17        00000 
-1.33030e-17 -4.34540e-18        00000 
-1.10030e-17 -3.10248e-18        00000 
-5.96627e-18 -4.91290e-18        00000 
-8.93845e-18 -6.84703e-18        00000 
-1.24782e-17 -2.75484e-18        00000 
-1.35075e-17 -4.00639e-19        00000 
-1.24463e-17 -2.02031e-18        00000 
-9.06709e-18 -6.67143e-18        00000 
-7.14374e-18 -1.01554e-17        00000 
-3.51551e-18 -8.36709e-18        00000 
-6.51801e-18 -6.63680e-18        00000 
-1.01479e-17 -1.91186e-18        00000 
-8.81175e-18 -3.15822e-18        00000 
-5.81808e-18 -7.54145e-18        00000 
-5.48429e-18 -1.12726e-17        00000 
-1.23075e-17 -1.08135e-17        00000 
-1.82783e-17 -5.35660e-18        00000 
-1.54552e-17 -3.83841e-18        00000 
-1.41325e-17 -4.60434e-18        00000 
-1.84636e-17 -1.06959e-17        00000 
-1.22349e-18 -1.80042e-17        00000 
-3.99785e-18 -1.84882e-17        00000 
-7.70075e-18 -1.15435e-17        00000 
-7.70684e-18 -1.02865e-17        00000 
-5.00499e-18 -1.04184e-17        00000 
-6.82212e-18 -8.27748e-18        00000 
-1.03753e-17 -7.01134e-18        00000 
-6.44456e-18 -6.70494e-18        00000 
-4.95188e-18 -7.65398e-18        00000 
-9.46058e-18 -6.37545e-18        00000 
-1.38517e-17  2.02600e-18        00000 
-1.00244e-17 -4.61046e-18        00000 
-1.06094e-17 -4.36928e-18        00000 
-9.04863e-18 -6.30626e-18        00000 
-5.90993e-18 -7.11787e-18        00000 
-3.67330e-18 -7.34344e-18        00000 
-5.53851e-18 -4.63047e-19        00000 
-6.90922e-18 -1.01373e-18        00000 
-3.56556e-18 -4.59903e-18        00000 
-7.95660e-18 -8.10720e-18        00000 
-2.27696e-18 -1.98704e-17        00000 
-3.82574e-18 -1.68923e-17        00000 
-9.00274e-18 -1.20504e-17        00000 
-5.59677e-18 -1.51329e-17        00000 
-1.12688e-17 -1.53037e-17        00000 
-1.44023e-17 -1.73326e-17        00000 
 8.80606e-20 -1.57990e-17        00000 
-2.21545e-18 -1.47068e-17        00000 
 1.75550e-18 -1.49731e-17        00000 
 8.36397e-19 -1.45544e-17        00000 
-3.85260e-18 -6.62547e-18        00000 
-5.82111e-18 -9.59855e-18        00000 
-4.56198e-18 -6.00212e-18        00000 
-4.40065e-18 -5.08378e-18        00000 
-4.39224e-18 -5.80001e-18        00000 
-8.37202e-18 -3.67192e-18        00000 
-7.15878e-18 -5.62785e-18        00000 
-6.66359e-18 -2.55925e-18        00000 
-5.54912e-18 -3.02481e-18        00000 
-3.16364e-18 -2.44227e-18        00000 
-3.35264e-18 -5.29033e-18        00000 
-1.33873e-18 -6.29452e-18        00000 
-7.55743e-19 -9.05874e-18        00000 
-3.08701e-18 -1.02649e-17        00000 
-3.13779e-18 -1.04021e-17        00000 
-1.07739e-18 -1.78613e-17        00000 
-3.14146e-18 -1.91064e-17        00000 
-7.28186e-18 -1.58099e-17        00000 
-4.00548e-18 -1.87034e-17        00000 
-5.77103e-18 -1.99093e-17        00000 
-1.08144e-17 -1.91633e-17        00000 
-3.57072e-18 -9.03984e-18        00000 
-2.31332e-18 -9.11281e-18        00000 
 9.99512e-19 -1.60013e-17        00000 
 4.27065e-18 -1.20136e-17        00000 
 3.03143e-18 -7.46716e-18        00000 
 2.07168e-18 -9.62300e-18        00000 
 2.82310e-18 -9.70073e-18        00000 
 2.03927e-18 -9.36410e-18        00000 
-3.62574e-18 -6.89554e-18        00000 
-3.70446e-18 -9.05431e-18        00000 
-4.00648e-18 -6.78088e-18        00000 
-3.48734e-18 -3.69398e-18        00000 
-3.23178e-18 -5.89703e-18        00000 
 2.06452e-18 -7.26183e-18        00000 
 3.64622e-18 -2.77161e-18        00000 
-4.95249e-19 -7.05120e-18        00000 
 4.26523e-18 -1.12469e-17        00000 
 3.28382e-18 -1.49672e-17        00000 
 1.09095e-19 -1.31883e-17        00000 
-4.59297e-18 -1.53047e-17        00000 
-3.05022e-18 -1.57906e-17        00000 
-4.20488e-18 -1.30133e-17        00000 
-4.01521e-18 -1.52748e-17        00000 
-3.03315e-18 -2.33120e-17        00000 
-2.90946e-18 -2.53267e-17        00000 
-4.21782e-18 -4.25662e-18        00000 
 3.65455e-18 -1.12019e-17        00000 
 4.57024e-18 -9.80368e-18        00000 
 8.05273e-18 -9.34932e-18        00000 
 5.07915e-18 -8.72743e-18        00000 
 5.06559e-18 -6.34076e-18        00000 
 9.68453e-18 -1.07885e-17        00000 
 1.32540e-18 -8.49594e-18        00000 
 2.63086e-18 -1.03292e-17        00000 
 5.22724e-19 -8.32705e-18        00000 
-1.71650e-18 -5.69129e-18        00000 
-2.02730e-18 -6.23316e-18        00000 
 7.52079e-18 -1.22668e-17        00000 
 3.28972e-18 -1.09624e-17        00000 
 1.10867e-17 -8.45329e-18        00000 
 9.07626e-18 -1.72461e-17        00000 
 1.03908e-17 -1.42166e-17        00000 
 5.36405e-18 -1.36179e-17        00000 
 5.86274e-18 -1.04270e-17        00000 
-2.61851e-18 -1.29127e-17        00000 
-3.98201e-18 -1.30269e-17        00000 
-2.64762e-18 -6.96487e-18        00000 
-5.18016e-19 -1.29325e-17        00000 
-2.47835e-18 -1.64189e-17        00000 
 4.59863e-18 -1.15908e-17        00000 
 6.31603e-18 -1.57637e-17        00000 
 1.06568e-17 -1.61485e-17        00000 
 1.18358e-17 -1.28120e-17        00000 
 7.55375e-18 -7.53089e-18        00000 
 1.12632e-17 -1.84321e-17        00000 
 1.21371e-17 -1.62371e-17        00000 
 1.12175e-17 -1.92351e-17        00000 
 9.58135e-18 -1.15741e-17        00000 
 4.84087e-18 -5.26904e-18        00000 
 2.63545e-18 -7.28834e-18        00000 
 2.72503e-18 -1.19484e-17        00000 
 6.64717e-18 -1.20711e-17        00000 
 3.10247e-18 -1.45823e-17        00000 
 1.35973e-17 -1.98862e-17        00000 
 1.36697e-17 -1.79656e-17        00000 
 1.36510e-17 -1.59120e-17        00000 
 1.03898e-17 -1.27500e-17        00000 
 8.76391e-18 -8.65606e-18        00000 
-2.02114e-19 -9.43120e-18        00000 
 9.06474e-19 -5.02181e-18        00000 
 6.20929e-18 -7.37376e-18        00000 
 1.50662e-18 -1.03689e-17        00000 
 6.49557e-18 -1.47810e-17        00000 
 3.00866e-18 -8.14993e-18        00000 
 3.56715e-18 -1.00181e-17        00000 
 7.69172e-18 -1.07084e-17        00000 
 9.10529e-18 -1.27649e-17        00000 
 1.35782e-17 -2.30855e-17        00000 
 1.39933e-17 -2.72360e-17        00000 
 1.11166e-17 -2.19295e-17        00000 
 1.01946e-17 -1.56333e-17        00000 
 3.72117e-18 -9.03394e-18        00000 
 5.09536e-18 -1.17438e-17        00000 
 7.71364e-18 -1.33366e-17        00000 
 4.87678e-18 -1.34328e-17        00000 
 4.80970e-18 -1.53386e-17        00000 
 7.77262e-18 -1.46484e-17        00000 
 1.03116e-17 -1.44251e-17        00000 
 1.73413e-17 -1.30519e-17        00000 
 9.39467e-18 -1.47976e-17        00000 
 7.30062e-18 -9.34634e-18        00000 
 1.84731e-18 -7.07675e-18        00000 
 3.05708e-18 -9.99898e-18        00000 
 4.62918e-18 -1.40308e-17        00000 
 1.07689e-17 -1.41413e-17        00000 
 7.29271e-18 -2.25655e-17        00000 
-8.22470e-18  1.38589e-17        00000 
-1.34550e-18  8.14629e-18        00000 
 7.58196e-18 -3.25800e-18        00000 
 9.74696e-18 -1.66907e-17        00000 
 8.77716e-18 -2.60045e-17        00000 
 9.47133e-18 -1.92927e-17        00000 
 7.16899e-18 -1.65460e-17        00000 
 1.99002e-18 -1.16951e-17        00000 
 7.40406e-18 -1.86681e-17        00000 
 8.71894e-18 -1.92379e-17        00000 
 9.61951e-19 -1.94994e-17        00000 
 2.60910e-18 -1.08997e-17        00000 
 2.15580e-18 -8.91323e-18        00000 
 4.96219e-18 -5.21904e-18        00000 
 1.26366e-17 -1.48571e-17        00000 
 1.41506e-17 -1.43619e-17        00000 
 6.67567e-18 -1.07835e-17        00000 
 2.57936e-18 -5.38442e-18        00000 
 3.74614e-18 -1.39637e-17        00000 
 4.25508e-18 -1.09552e-17        00000 
 3.86506e-18 -1.64086e-17        00000 
 1.00651e-17 -2.48223e-17        00000 
-9.79007e-19  1.97743e-17        00000 
 6.71557e-18  6.65244e-18        00000 
 1.02459e-17 -7.23829e-18        00000 
 1.61764e-17 -2.11145e-17        00000 
 1.51542e-17 -2.78598e-17        00000 
 1.17927e-17 -2.69651e-17        00000 
 1.08027e-17 -2.15531e-17        00000 
 1.72101e-17 -2.39563e-17        00000 
 1.00123e-17 -1.69925e-17        00000 
 8.41000e-18 -1.56975e-17        00000 
-4.50304e-19 -9.87355e-18        00000 
 3.12386e-18 -3.83305e-18        00000 
-1.02422e-18 -5.18412e-19        00000 
 4.35104e-18 -4.78194e-18        00000 
 5.91640e-18 -8.22032e-18        00000 
 6.24607e-18 -1.18035e-18        00000 
 7.36684e-19 -1.21084e-18        00000 
 9.16003e-19 -9.95645e-18        00000 
 3.61654e-18 -1.09575e-17        00000 
 4.18172e-18 -1.40670e-17        00000 
 3.50321e-18 -2.15968e-17        00000 
 4.56664e-18 -5.25467e-18        00000 
 2.36874e-17 -6.22805e-18        00000 
 2.63055e-17 -1.68837e-17        00000 
 3.03397e-17 -3.11236e-17        00000 
 3.20165e-17 -3.37445e-17        00000 
 3.26649e-17 -4.18735e-17        00000 
 2.11798e-17 -3.29801e-17        00000 
 2.68864e-17 -2.68537e-17        00000 
 2.52856e-17 -2.32350e-17        00000 
 1.41108e-17 -1.55172e-17        00000 
 8.61763e-18 -3.08809e-18        00000 
 2.94669e-18  2.77390e-18        00000 
 6.15997e-18 -1.47036e-18        00000 
 1.07356e-17 -8.81511e-18        00000 
 7.66912e-18 -9.38572e-18        00000 
 4.70456e-18 -8.23727e-18        00000 
 1.17858e-18 -2.54041e-18        00000 
-9.45593e-19 -2.46124e-18        00000 
-1.80359e-18 -9.49616e-18        00000 
 1.88297e-18 -1.37039e-17        00000 
 3.24015e-18 -1.92459e-17        00000 
 2.79286e-17 -3.11546e-17        00000 
 3.19251e-17 -2.54107e-17        00000 
 3.50315e-17 -3.42238e-17        00000 
 3.53505e-17 -3.64114e-17        00000 
 3.43206e-17 -4.39754e-17        00000 
 3.05048e-17 -3.62637e-17        00000 
 3.22187e-17 -3.31767e-17        00000 
 3.43694e-17 -3.27006e-17        00000 
 2.86433e-17 -2.05192e-17        00000 
 1.23428e-17 -2.26659e-18        00000 
 1.00680e-17  1.14643e-17        00000 
 1.19500e-17  1.48536e-18        00000 
 1.77568e-17 -1.17147e-17        00000 
 1.67040e-17 -1.66192e-17        00000 
 1.36227e-17 -1.39952e-17        00000 
 9.12375e-18 -1.14079e-17        00000 
 3.83827e-18 -1.09677e-17        00000 
 3.00354e-18 -1.11198e-17        00000 
 5.44679e-20 -1.94937e-17        00000 
 5.63329e-18 -2.19405e-17        00000 
 5.59546e-18 -2.01909e-17        00000 
 2.77367e-17 -2.80300e-17        00000 
 2.83003e-17 -2.93051e-17        00000 
 3.23593e-17 -3.52385e-17        00000 
 3.68623e-17 -4.00195e-17        00000 
 2.94599e-17 -3.70315e-17        00000 
 3.50395e-17 -3.97101e-17        00000 
 3.42204e-17 -3.68245e-17        00000 
 3.27100e-17 -2.20629e-17        00000 
 2.68887e-17 -1.23992e-17        00000 
 1.44198e-17  4.05622e-19        00000 
 1.16564e-17 -4.13178e-19        00000 
 1.49118e-17 -1.38096e-17        00000 
 1.87158e-17 -1.79837e-17        00000 
 1.71504e-17 -1.91817e-17        00000 
 1.23225e-17 -1.72198e-17        00000 
 8.01821e-18 -1.62742e-17        00000 
 9.12892e-18 -1.60001e-17        00000 
 7.67581e-18 -1.86374e-17        00000 
 1.87535e-18 -2.20980e-17        00000 
 3.56353e-18 -1.54401e-17        00000 
 3.04378e-17 -3.41861e-17        00000 
 3.07461e-17 -3.13741e-17        00000 
 3.41496e-17 -3.46865e-17        00000 
 3.45050e-17 -3.22645e-17        00000 
 3.80696e-17 -4.09829e-17        00000 
 3.60717e-17 -3.83679e-17        00000 
 3.46568e-17 -2.88488e-17        00000 
 3.58076e-17 -2.53302e-17        00000 
 2.84230e-17 -1.97470e-17        00000 
 1.79892e-17 -1.85653e-17        00000 
 2.15362e-17 -2.57484e-17        00000 
 2.58311e-17 -2.37892e-17        00000 
 2.19349e-17 -2.09384e-17        00000 
 1.82807e-17 -1.99310e-17        00000 
 1.08155e-17 -1.54237e-17        00000 
 1.05324e-17 -1.61432e-17        00000 
 7.77934e-18 -1.33731e-17        00000 
 7.24981e-18 -1.06816e-17        00000 
 9.41883e-19 -1.37548e-17        00000 
 3.78010e-17 -3.70935e-17        00000 
 4.28596e-17 -4.40567e-17        00000 
 4.22096e-17 -3.93809e-17        00000 
 3.83550e-17 -3.71707e-17        00000 
 3.34343e-17 -3.25291e-17        00000 
 3.49680e-17 -3.45541e-17        00000 
 3.61303e-17 -3.05268e-17        00000 
 3.83842e-17 -2.80940e-17        00000 
 3.16500e-17 -3.09503e-17        00000 
 2.47020e-17 -2.95626e-17        00000 
 2.98249e-17 -2.99361e-17        00000 
 2.68053e-17 -2.60253e-17        00000 
 2.34685e-17 -2.65983e-17        00000 
 2.08829e-17 -2.21325e-17        00000 
 1.98874e-17 -1.87964e-17        00000 
 1.39885e-17 -1.24737e-17        00000 
 1.09682e-17 -7.02400e-18        00000 
 9.54093e-18 -6.34012e-18        00000 
 4.01920e-17 -4.44508e-17        00000 
 4.32866e-17 -4.11619e-17        00000 
 4.52593e-17 -3.98012e-17        00000 
 3.97319e-17 -3.13795e-17        00000 
 4.20864e-17 -3.74259e-17        00000 
 4.39574e-17 -3.87796e-17        00000 
 4.08273e-17 -3.86633e-17        00000 
 4.39571e-17 -3.91427e-17        00000 
 3.60163e-17 -3.91960e-17        00000 
 3.10492e-17 -3.95334e-17        00000 
 2.81760e-17 -3.63954e-17        00000 
 2.37975e-17 -3.08619e-17        00000 
 2.40129e-17 -2.60724e-17        00000 
 2.39822e-17 -2.29106e-17        00000 
 2.40196e-17 -1.64085e-17        00000 
 1.99971e-17 -1.05108e-17        00000 
 1.77315e-17 -9.88944e-18        00000 
 1.40084e-17 -9.99529e-18        00000 
 4.14454e-17 -4.21349e-17        00000 
 4.26323e-17 -3.84972e-17        00000 
 4.41871e-17 -3.73324e-17        00000 
 3.82187e-17 -2.79044e-17        00000 
 3.68111e-17 -3.03724e-17        00000 
 3.94038e-17 -4.20800e-17        00000 
 4.43123e-17 -4.91151e-17        00000 
 4.43877e-17 -4.87607e-17        00000 
 4.56886e-17 -4.47953e-17        00000 
 3.92811e-17 -4.19774e-17        00000 
 3.26143e-17 -4.26960e-17        00000 
 3.30298e-17 -3.44182e-17        00000 
 2.98401e-17 -2.33967e-17        00000 
 2.92004e-17 -1.96912e-17        00000 
 3.32322e-17 -1.80514e-17        00000 
 2.53561e-17 -1.42804e-17        00000 
 2.88503e-17 -1.76894e-17        00000 
 2.39679e-17 -1.77051e-17        00000 
 3.92859e-17 -2.63655e-17        00000 
 4.15208e-17 -3.14618e-17        00000 
 3.59142e-17 -2.67729e-17        00000 
 3.30519e-17 -2.66591e-17        00000 
 3.87801e-17 -3.08159e-17        00000 
 4.26571e-17 -4.55561e-17        00000 
 4.02463e-17 -4.66421e-17        00000 
 4.19455e-17 -4.47059e-17        00000 
 4.72477e-17 -3.93423e-17        00000 
 4.23146e-17 -4.27654e-17        00000 
 4.39750e-17 -4.76944e-17        00000 
 4.36757e-17 -3.93607e-17        00000 
 3.58733e-17 -2.55170e-17        00000 
 3.29529e-17 -1.60712e-17        00000 
 2.84492e-17 -8.69752e-18        00000 
 3.00398e-17 -1.23896e-17        00000 
 2.88138e-17 -2.02955e-17        00000 
 4.19496e-17 -3.49365e-17        00000 
 3.89364e-17 -3.29415e-17        00000 
 3.91581e-17 -2.81046e-17        00000 
 3.91230e-17 -3.08985e-17        00000 
 4.63180e-17 -3.86552e-17        00000 
 4.04426e-17 -3.83393e-17        00000 
 4.25817e-17 -4.12184e-17        00000 
 4.64531e-17 -4.96864e-17        00000 
 5.03104e-17 -4.85716e-17        00000 
 5.03343e-17 -5.39674e-17        00000 
 4.80103e-17 -4.05522e-17        00000 
 4.45135e-17 -3.09230e-17        00000 
 4.10850e-17 -1.61395e-17        00000 
 2.90092e-17 -9.72401e-18        00000 
 3.17106e-17 -7.83500e-18        00000 
 3.05918e-17 -1.62471e-17        00000 
 3.56891e-17 -3.40020e-17        00000 
 4.04964e-17 -3.35251e-17        00000 
 4.13335e-17 -3.38619e-17        00000 
 3.97315e-17 -3.48639e-17        00000 
 4.85036e-17 -3.89195e-17        00000 
 4.46187e-17 -4.35152e-17        00000 
 4.65926e-17 -4.68475e-17        00000 
 4.63061e-17 -4.69887e-17        00000 
 5.38377e-17 -4.63780e-17        00000 
 5.11973e-17 -3.51530e-17        00000 
 4.72332e-17 -2.83154e-17        00000 
 4.49996e-17 -1.56223e-17        00000 
 4.23484e-17 -1.36548e-17        00000 
 4.00611e-17 -1.52289e-17        00000 
 4.03493e-17 -1.42362e-17        00000 
 3.49278e-17 -1.71178e-17        00000 
 3.79143e-17 -3.44956e-17        00000 
 4.61364e-17 -3.79027e-17        00000 
 4.33982e-17 -3.34162e-17        00000 
 4.06786e-17 -4.25697e-17        00000 
 4.28552e-17 -4.10664e-17        00000 
 4.42800e-17 -4.08829e-17        00000 
 4.68036e-17 -3.71056e-17        00000 
 4.92216e-17 -4.07125e-17        00000 
 4.51633e-17 -3.18588e-17        00000 
 5.06096e-17 -2.80225e-17        00000 
 4.70532e-17 -1.62274e-17        00000 
 4.39260e-17 -1.62172e-17        00000 
 4.26307e-17 -1.80800e-17        00000 
 3.97354e-17 -1.23442e-17        00000 
 4.32836e-17 -1.51315e-17        00000 
 5.10849e-17 -5.40982e-17        00000 
 4.85243e-17 -4.98888e-17        00000 
 5.11651e-17 -5.19838e-17        00000 
 4.77595e-17 -4.75013e-17        00000 
 4.79553e-17 -3.47809e-17        00000 
 4.87818e-17 -3.95803e-17        00000 
 5.47673e-17 -4.93171e-17        00000 
 4.84459e-17 -3.77049e-17        00000 
 4.98449e-17 -3.69458e-17        00000 
 4.68330e-17 -2.69347e-17        00000 
 5.28225e-17 -2.91474e-17        00000 
 4.71077e-17 -2.73551e-17        00000 
 4.71708e-17 -1.67265e-17        00000 
 4.33463e-17 -1.70029e-17        00000 
 5.67075e-17 -6.26318e-17        00000 
 6.25064e-17 -6.44609e-17        00000 
 6.33460e-17 -6.64684e-17        00000 
 6.41340e-17 -5.89416e-17        00000 
 5.64740e-17 -4.36716e-17        00000 
 5.66805e-17 -4.28119e-17        00000 
 5.53438e-17 -4.84676e-17        00000 
 4.88261e-17 -4.41418e-17        00000 
 5.10173e-17 -3.94721e-17        00000 
 5.36477e-17 -3.67070e-17        00000 
 5.41552e-17 -2.98215e-17        00000 
 5.21025e-17 -3.38304e-17        00000 
 4.22864e-17 -2.91611e-17        00000 
 4.62376e-17 -2.62071e-17        00000 
 6.98726e-17 -7.05170e-17        00000 
 6.46010e-17 -6.39177e-17        00000 
 6.36017e-17 -5.90556e-17        00000 
 6.05824e-17 -5.48611e-17        00000 
 6.40052e-17 -4.75402e-17        00000 
 5.42816e-17 -3.78694e-17        00000 
 5.00250e-17 -3.70635e-17        00000 
 5.06801e-17 -3.97925e-17        00000 
 5.83763e-17 -3.57534e-17        00000 
 4.96497e-17 -3.45810e-17        00000 
 5.67487e-17 -4.22133e-17        00000 
 5.10562e-17 -4.43702e-17        00000 
 4.77427e-17 -4.47939e-17        00000 
 4.59349e-17 -3.86409e-17        00000 
 5.94763e-17 -5.92767e-17        00000 
 5.42091e-17 -4.89737e-17        00000 
 5.54802e-17 -4.76565e-17        00000 
 5.82070e-17 -4.04622e-17        00000 
 5.07976e-17 -3.32749e-17        00000 
 5.48521e-17 -4.03663e-17        00000 
 5.01049e-17 -3.91162e-17        00000 
 5.28801e-17 -3.45213e-17        00000 
 5.44385e-17 -3.52553e-17        00000 
 5.87012e-17 -4.71425e-17        00000 
 5.87060e-17 -5.37407e-17        00000 
 5.94462e-17 -5.69557e-17        00000 
 5.36528e-17 -5.39804e-17        00000 
 5.57034e-17 -4.38058e-17        00000 
 5.52600e-17 -4.29086e-17        00000 
 5.53850e-17 -3.71571e-17        00000 
 5.81485e-17 -3.23552e-17        00000 
 6.12288e-17 -4.46950e-17        00000 
 5.24250e-17 -3.83196e-17        00000 
 4.76530e-17 -3.29587e-17        00000 
 5.01922e-17 -3.54824e-17        00000 
 5.64103e-17 -4.20455e-17        00000 
 5.83800e-17 -4.98225e-17        00000 
 6.00180e-17 -5.20512e-17        00000 
 5.55740e-17 -5.22638e-17        00000 
 5.88103e-17 -4.36942e-17        00000 
 5.31901e-17 -3.41702e-17        00000 
 5.73548e-17 -3.99748e-17        00000 
 5.72501e-17 -3.93460e-17        00000 
 5.78840e-17 -4.41832e-17        00000 
 5.28573e-17 -3.72128e-17        00000 
 5.22140e-17 -3.83219e-17        00000 
 5.18800e-17 -3.42725e-17        00000 
 5.46301e-17 -4.16787e-17        00000 
 5.57394e-17 -4.67559e-17        00000 
 5.85939e-17 -4.47868e-17        00000 
 5.94932e-17 -4.08628e-17        00000 
 5.49724e-17 -3.67794e-17        00000 
 5.30495e-17 -3.95901e-17        00000 
 5.59067e-17 -4.17773e-17        00000 
 5.72820e-17 -4.40425e-17        00000 
 5.61061e-17 -4.60898e-17        00000 
 5.69085e-17 -4.28376e-17        00000 
 5.49261e-17 -3.94918e-17        00000 
 5.24117e-17 -3.83703e-17        00000 
 5.31381e-17 -4.20625e-17        00000 
 6.31511e-17 -3.81413e-17        00000 
 6.40452e-17 -4.21960e-17        00000 
 6.08964e-17 -4.20938e-17        00000 
 5.76873e-17 -4.07063e-17        00000 
 5.76033e-17 -4.43390e-17        00000 
 5.71094e-17 -4.86067e-17        00000 
 5.80723e-17 -4.94633e-17        00000 
 5.77813e-17 -4.30781e-17        00000 
 5.66927e-17 -4.15403e-17        00000 
 5.58411e-17 -4.01593e-17        00000 
 5.69568e-17 -4.84684e-17        00000 
 8.30022e-17 -5.77057e-17        00000 
 7.60800e-17 -5.17949e-17        00000 
 6.61189e-17 -5.17285e-17        00000 
 6.05853e-17 -4.97795e-17        00000 
 5.97148e-17 -4.91911e-17        00000 
 5.68403e-17 -4.53810e-17        00000 
 5.71373e-17 -4.78853e-17        00000 
 5.51089e-17 -4.19252e-17        00000 
 5.76613e-17 -4.11980e-17        00000 
 5.87315e-17 -4.31765e-17        00000 
 7.95747e-17 -5.80877e-17        00000 
 7.53105e-17 -6.08952e-17        00000 
 6.23484e-17 -5.09764e-17        00000 
 5.61812e-17 -4.47218e-17        00000 
 5.15100e-17 -3.97597e-17        00000 
 5.22074e-17 -4.52795e-17        00000 
 5.47727e-17 -4.28184e-17        00000 
 5.58070e-17 -4.17202e-17        00000 
 6.10478e-17 -4.69242e-17        00000 
-3.78065e-18  9.13865e-18        00000 
-2.47359e-18 -7.04287e-19        00000 
-2.44477e-18 -1.87971e-17        00000 
-1.06696e-17  2.52682e-17        00000 
 5.39770e-18 -3.80723e-18        00000 
 1.48967e-17 -5.11104e-18        00000 
 1.67852e-17  3.15545e-18        00000 
 1.28425e-17  6.32534e-18        00000 
 1.06458e-17  5.78529e-18        00000 
 6.00714e-18  6.95278e-18        00000 
-8.47325e-18  1.66217e-17        00000 
-2.25023e-17  2.33060e-17        00000 
-3.40080e-17  1.78954e-17        00000 
-2.80509e-17  2.46770e-18        00000 
-3.27142e-17  3.94133e-18        00000 
-2.13974e-17 -1.92950e-17        00000 
-2.71682e-18 -1.91254e-17        00000 
 8.68440e-18 -2.59295e-17        00000 
 6.67480e-18 -8.07553e-18        00000 
 2.63701e-17 -2.61170e-17        00000 
 3.92561e-17 -1.83466e-17        00000 
 5.79352e-17 -4.05903e-17        00000 
 1.15211e-18 -1.22421e-18        00000 
 3.33940e-18 -3.02546e-18        00000 
 1.29045e-17 -5.39675e-18        00000 
 1.79268e-17 -5.70609e-19        00000 
 1.76740e-17 -1.44618e-19        00000 
 1.37598e-17  6.96936e-18        00000 
 1.26816e-17  5.12757e-18        00000 
 1.08505e-17  4.90780e-18        00000 
 7.11098e-18  6.85502e-18        00000 
-2.03179e-18  1.22099e-17        00000 
-5.11067e-18  1.36757e-17        00000 
-1.55001e-17  2.02245e-17        00000 
-1.87699e-17  2.07026e-17        00000 
-3.30992e-17  1.55818e-17        00000 
-2.70115e-17  6.82435e-18        00000 
-3.11003e-17  1.27984e-17        00000 
-3.19814e-17  1.06375e-17        00000 
-2.81325e-17 -2.53530e-18        00000 
-2.78121e-17 -8.25960e-18        00000 
-2.63242e-18 -2.39081e-17        00000 
 6.33029e-18 -2.50842e-17        00000 
 1.22950e-17 -2.47850e-17        00000 
 1.91816e-18 -1.24538e-17        00000 
 4.81939e-18 -1.57546e-17        00000 
 2.65884e-17 -1.53202e-17        00000 
 3.33851e-17 -2.30898e-17        00000 
 4.49908e-17 -1.32818e-17        00000 
 5.48859e-17 -5.74643e-17        00000 
 5.19450e-17 -4.34744e-17        00000 
 5.78448e-17 -4.16907e-17        00000 
 5.86518e-17 -4.11467e-17        00000 
 2.92035e-35  1.97961e-34        00000 
 3.21991e-19  7.56282e-19        00000 
 2.96561e-36  4.87313e-35        00000 
 1.08914e-18 -1.16802e-18        00000 
 6.49232e-19  1.86894e-18        00000 
 6.63303e-19  1.90875e-18        00000 
 5.95434e-19  1.66409e-18        00000 
 6.69575e-19  1.85216e-18        00000 
 2.22674e-18 -2.33862e-18        00000 
 1.22100e-18 -1.36845e-18        00000 
 2.90521e-18 -2.89849e-18        00000 
 1.72367e-18  2.35908e-18        00000 
 1.10414e-18  2.12851e-18        00000 
 1.87118e-18  2.42268e-18        00000 
 1.76313e-18  2.36076e-18        00000 
 4.34625e-18 -3.55282e-18        00000 
 5.37496e-18 -4.02570e-18        00000 
 4.00807e-18 -3.40398e-18        00000 
 4.51889e-18 -3.63387e-18        00000 
 2.69713e-18  2.77962e-18        00000 
 2.46674e-18  2.39814e-18        00000 
 2.60197e-18  2.89686e-18        00000 
 2.46151e-18  3.03628e-18        00000 
 6.08252e-18 -4.26415e-18        00000 
 6.05275e-18 -4.17535e-18        00000 
 6.26324e-18 -4.34685e-18        00000 
 2.52994e-18  3.74190e-18        00000 
 2.52453e-18  3.49100e-18        00000 
 2.91195e-18  2.75343e-18        00000 
 2.82290e-18  3.67886e-18        00000 
 8.37083e-18 -4.75446e-18        00000 
 7.57942e-18 -4.55890e-18        00000 
 9.22817e-18 -4.66387e-18        00000 
 3.71242e-18  2.07347e-18        00000 
 3.49022e-18  2.16082e-18        00000 
 3.73607e-18  2.61552e-18        00000 
 3.53212e-18  2.03674e-18        00000 
 1.10071e-17 -4.87620e-18        00000 
 9.63052e-18 -4.74309e-18        00000 
 1.23691e-17 -5.07759e-18        00000 
 3.87880e-18  2.71298e-18        00000 
 4.11842e-18  2.39492e-18        00000 
 3.48045e-18  3.05594e-18        00000 
 4.17021e-18  2.62413e-18        00000 
 1.39685e-17 -5.59427e-18        00000 
 1.48648e-17 -4.99413e-18        00000 
 1.31250e-17 -5.43729e-18        00000 
 1.38842e-17 -5.55811e-18        00000 
 3.33619e-18  3.32462e-18        00000 
 3.31678e-18  3.53597e-18        00000 
 2.46789e-18  3.69284e-18        00000 
 1.55219e-17 -5.20479e-18        00000 
 1.52523e-17 -4.91599e-18        00000 
 1.55833e-17 -4.83000e-18        00000 
 2.76184e-18  4.86649e-18        00000 
 2.74192e-18  4.68345e-18        00000 
 2.84587e-18  3.91956e-18        00000 
 2.98136e-18  4.87668e-18        00000 
 1.61090e-17 -3.46188e-18        00000 
 1.63888e-17 -4.03827e-18        00000 
 1.64993e-17 -2.78151e-18        00000 
 2.20945e-18  4.30065e-18        00000 
 2.06941e-18  4.49561e-18        00000 
 2.67480e-18  2.55528e-18        00000 
 1.98366e-18  4.07269e-18        00000 
 1.70105e-17 -1.86621e-18        00000 
 1.71865e-17 -2.43860e-18        00000 
 1.72760e-17 -9.73959e-19        00000 
 3.14544e-18  1.79744e-18        00000 
 2.28857e-18  2.49168e-18        00000 
 4.34530e-18  1.90128e-18        00000 
 3.64686e-18  1.74687e-18        00000 
 1.72028e-17 -3.64398e-19        00000 
 1.77808e-17 -7.62247e-19        00000 
 1.67416e-17  2.16156e-20        00000 
 3.05248e-18  9.28821e-19        00000 
 3.63809e-18  2.27266e-18        00000 
 3.17296e-18  2.66781e-18        00000 
 3.21224e-18  1.71261e-18        00000 
 1.76722e-17  1.06244e-18        00000 
 1.70131e-17  1.42979e-18        00000 
 1.73062e-17  7.89230e-19        00000 
 1.70656e-17  1.06804e-18        00000 
 3.52003e-18  3.08996e-18        00000 
 3.19111e-18  3.25114e-18        00000 
 7.10931e-19  5.26057e-18        00000 
 1.98464e-18  4.49902e-18        00000 
 1.51388e-17  5.68987e-18        00000 
 1.52749e-17  4.99204e-18        00000 
 1.44784e-17  5.64370e-18        00000 
 1.21451e-18  5.66227e-18        00000 
 1.27727e-18  5.77811e-18        00000 
 1.75398e-20  7.17025e-18        00000 
 1.31854e-17  5.83187e-18        00000 
 1.41553e-17  5.67831e-18        00000 
 1.38199e-17  6.85506e-18        00000 
-7.34034e-19  7.61808e-18        00000 
-1.18560e-18  7.43905e-18        00000 
-1.19977e-18  7.38333e-18        00000 
-1.77012e-18  6.81203e-18        00000 
 1.34282e-17  5.81178e-18        00000 
 1.36346e-17  6.69954e-18        00000 
 1.26873e-17  4.62242e-18        00000 
-2.91855e-18  8.65159e-18        00000 
-3.54577e-18  7.77373e-18        00000 
-2.91697e-18  7.40991e-18        00000 
-3.53024e-18  8.01227e-18        00000 
 1.28870e-17  5.05433e-18        00000 
 1.24295e-17  5.55105e-18        00000 
 1.22605e-17  5.24678e-18        00000 
 1.24229e-17  4.27213e-18        00000 
-2.06107e-18  6.02773e-18        00000 
-2.31674e-18  5.92465e-18        00000 
-2.80821e-18  6.84116e-18        00000 
-2.10514e-18  6.44620e-18        00000 
 1.22869e-17  7.46400e-18        00000 
 1.22677e-17  6.42467e-18        00000 
 1.26286e-17  7.03864e-18        00000 
-1.50450e-18  7.85127e-18        00000 
-2.83967e-18  7.15492e-18        00000 
-1.64472e-18  8.16954e-18        00000 
-1.53671e-18  7.46922e-18        00000 
 1.23436e-17  4.60235e-18        00000 
 1.27254e-17  5.79436e-18        00000 
 1.07918e-17  5.20998e-18        00000 
-5.16187e-19  9.25690e-18        00000 
-1.23121e-18  8.30754e-18        00000 
-1.54932e-18  1.12656e-17        00000 
-2.21170e-18  9.50234e-18        00000 
 1.10819e-17  3.91813e-18        00000 
 1.00576e-17  6.22873e-18        00000 
 1.13001e-17  4.94696e-18        00000 
-1.83413e-18  1.00856e-17        00000 
-2.44417e-18  1.14043e-17        00000 
-8.15566e-19  9.72974e-18        00000 
 1.04518e-17  5.46433e-18        00000 
 9.01589e-18  5.98466e-18        00000 
 1.05607e-17  6.62202e-18        00000 
 1.01004e-17  6.52769e-18        00000 
-6.14185e-19  9.65895e-18        00000 
-4.41096e-19  1.08154e-17        00000 
-9.92619e-20  1.05288e-17        00000 
-9.66387e-19  1.06009e-17        00000 
 1.05221e-17  5.50317e-18        00000 
 1.04807e-17  4.86201e-18        00000 
 1.13729e-17  4.81835e-18        00000 
 8.33894e-20  9.57172e-18        00000 
-5.96303e-19  8.73298e-18        00000 
-8.30210e-19  7.27044e-18        00000 
 4.46959e-21  9.12879e-18        00000 
 1.06427e-17  5.42438e-18        00000 
 1.06351e-17  4.17252e-18        00000 
 9.89231e-18  7.21708e-18        00000 
 2.58827e-18  5.96056e-18        00000 
 1.42079e-18  6.43102e-18        00000 
 2.48003e-18  6.57239e-18        00000 
 2.98941e-18  6.11044e-18        00000 
 8.06192e-18  8.46647e-18        00000 
 9.27821e-18  8.20575e-18        00000 
 7.69319e-18  7.33727e-18        00000 
-3.03418e-19  9.80280e-18        00000 
 2.48642e-18  8.49433e-18        00000 
-1.81044e-18  1.00194e-17        00000 
 2.03138e-19  1.02166e-17        00000 
 5.61423e-18  6.42084e-18        00000 
 3.54539e-18  9.71490e-18        00000 
 7.37232e-18  6.03583e-18        00000 
 6.13036e-18  5.57753e-18        00000 
-1.54753e-18  1.12420e-17        00000 
-7.78515e-19  1.00698e-17        00000 
-4.20590e-18  1.07429e-17        00000 
-4.14412e-18  1.11190e-17        00000 
 2.88220e-18  1.12721e-17        00000 
 2.69996e-18  1.06379e-17        00000 
 3.09115e-18  1.16681e-17        00000 
-4.70085e-18  9.76046e-18        00000 
-4.32422e-18  1.03953e-17        00000 
-2.99813e-18  7.62945e-18        00000 
-3.19045e-18  9.14207e-18        00000 
 4.18633e-18  1.10112e-17        00000 
 3.99202e-18  1.03299e-17        00000 
 1.84685e-18  9.75386e-18        00000 
-3.89313e-18  7.46504e-18        00000 
-3.03625e-18  6.94720e-18        00000 
-3.47543e-18  7.44089e-18        00000 
 1.52418e-18  9.07452e-18        00000 
 9.16822e-19  9.91173e-18        00000 
-1.63378e-18  1.08116e-17        00000 
-4.52325e-18  9.65028e-18        00000 
-3.23351e-18  9.89540e-18        00000 
-3.35276e-18  1.12905e-17        00000 
-3.01966e-18  1.11574e-17        00000 
-3.16118e-18  1.33635e-17        00000 
-2.79238e-18  1.16603e-17        00000 
-4.28793e-18  1.28854e-17        00000 
-3.23392e-18  1.13417e-17        00000 
-3.49993e-18  1.07846e-17        00000 
-4.26444e-18  1.18332e-17        00000 
-3.67097e-18  1.22864e-17        00000 
-5.92044e-18  1.48126e-17        00000 
-6.30036e-18  1.63861e-17        00000 
-6.20318e-18  1.47448e-17        00000 
-6.47974e-18  1.57682e-17        00000 
-4.88432e-18  1.09627e-17        00000 
-3.18912e-18  1.16912e-17        00000 
-5.58987e-18  7.38854e-18        00000 
-4.92934e-18  1.00262e-17        00000 
-6.50465e-18  1.73646e-17        00000 
-6.05153e-18  1.75623e-17        00000 
-9.17827e-18  1.68012e-17        00000 
-2.82985e-18  3.98960e-18        00000 
-4.01606e-18  5.01696e-18        00000 
-3.26357e-18  2.58019e-18        00000 
-5.25928e-18  3.11440e-18        00000 
-1.10255e-17  1.95147e-17        00000 
-1.01858e-17  1.88917e-17        00000 
-1.41646e-17  2.04770e-17        00000 
-4.02761e-18  3.01862e-18        00000 
-5.10517e-18  2.43922e-18        00000 
-8.95393e-19  6.91320e-19        00000 
-4.83074e-18  1.81312e-18        00000 
-1.74132e-17  1.94225e-17        00000 
-1.43566e-17  1.94720e-17        00000 
-1.84781e-17  2.04453e-17        00000 
-2.18639e-18 -6.91850e-19        00000 
-1.61869e-18  1.27384e-19        00000 
-1.95756e-18 -2.80991e-19        00000 
-2.17194e-17  2.44145e-17        00000 
-2.39409e-17  2.40669e-17        00000 
-2.03491e-17  2.32333e-17        00000 
-2.15894e-17  2.44463e-17        00000 
-4.46626e-20 -3.31979e-18        00000 
-1.88138e-18 -1.05376e-18        00000 
-1.99191e-18 -3.16002e-18        00000 
-1.45264e-18 -4.01102e-18        00000 
-2.49307e-17  2.30663e-17        00000 
-2.38771e-17  2.21502e-17        00000 
-2.60741e-17  2.13441e-17        00000 
-6.59577e-20 -2.45553e-18        00000 
-1.42487e-18 -2.56274e-18        00000 
-9.08245e-20 -4.21747e-18        00000 
-7.05420e-19 -2.17426e-18        00000 
-2.52433e-17  1.54311e-17        00000 
-2.54339e-17  1.89599e-17        00000 
-2.83901e-17  1.73784e-17        00000 
-5.41467e-21 -4.01802e-18        00000 
-7.07762e-19 -6.02462e-18        00000 
-2.98818e-18 -1.81774e-18        00000 
-8.26168e-19 -5.08353e-18        00000 
-3.16470e-17  1.66298e-17        00000 
-2.91731e-17  1.76652e-17        00000 
-3.22360e-17  1.51247e-17        00000 
 2.40776e-19 -6.13450e-18        00000 
 4.26797e-19 -4.06550e-18        00000 
 3.22880e-18 -9.11705e-18        00000 
 4.83509e-19 -7.00196e-18        00000 
-3.63752e-17  1.84640e-17        00000 
-3.58847e-17  1.83309e-17        00000 
-3.31365e-17  1.61054e-17        00000 
-4.07325e-17  1.92003e-17        00000 
 3.87258e-19 -8.62764e-18        00000 
 2.25764e-18 -8.47115e-18        00000 
 1.22783e-18 -9.16223e-18        00000 
-2.40488e-19 -7.03021e-18        00000 
-3.69295e-17  1.68571e-17        00000 
-3.55143e-17  1.78593e-17        00000 
-3.64289e-17  1.67273e-17        00000 
 1.65897e-18 -1.09023e-17        00000 
 1.42631e-18 -1.05921e-17        00000 
 5.09331e-18 -1.75164e-17        00000 
-3.42082e-17  1.02333e-17        00000 
-3.33416e-17  1.21503e-17        00000 
-3.08784e-17  7.80567e-18        00000 
 6.07061e-18 -2.20401e-17        00000 
 7.17562e-18 -2.20631e-17        00000 
 4.30087e-18 -1.88666e-17        00000 
 5.84253e-18 -2.33836e-17        00000 
-2.92271e-17  9.48225e-18        00000 
-3.13937e-17  8.21469e-18        00000 
-3.02128e-17  6.00978e-18        00000 
 1.05467e-17 -3.43919e-17        00000 
 8.63234e-18 -3.04998e-17        00000 
 1.24395e-17 -3.77316e-17        00000 
 1.03562e-17 -3.58243e-17        00000 
-2.88229e-17  3.99390e-18        00000 
-2.83279e-17  3.65612e-18        00000 
-2.77469e-17  4.29236e-18        00000 
-2.67265e-17  2.51431e-18        00000 
 9.43524e-18 -3.20977e-17        00000 
 1.25158e-17 -3.39450e-17        00000 
 8.26881e-18 -3.01384e-17        00000 
 9.02009e-18 -3.11821e-17        00000 
-2.78254e-17  3.80142e-18        00000 
-2.57170e-17  3.95802e-18        00000 
-2.66730e-17  4.04860e-18        00000 
 8.00253e-18 -2.82753e-17        00000 
 8.92642e-18 -2.82696e-17        00000 
 7.82937e-18 -2.21693e-17        00000 
 6.84275e-18 -2.51061e-17        00000 
-2.84769e-17  6.94492e-18        00000 
-2.66052e-17  7.67556e-18        00000 
-2.89690e-17  8.51804e-18        00000 
 1.38536e-18 -1.88426e-17        00000 
 3.15597e-18 -1.89043e-17        00000 
-2.30832e-18 -1.36017e-17        00000 
-2.11357e-18 -1.50515e-17        00000 
-3.16138e-17  1.39448e-17        00000 
-2.87905e-17  1.04925e-17        00000 
-3.10518e-17  1.33294e-17        00000 
-1.20018e-18 -1.24334e-17        00000 
-1.41755e-18 -1.19451e-17        00000 
-8.59927e-18 -1.01109e-17        00000 
-3.27500e-17  1.13594e-17        00000 
-3.20710e-17  1.34527e-17        00000 
-3.12358e-17  1.16563e-17        00000 
-1.12013e-17 -1.08364e-17        00000 
-1.18289e-17 -1.19535e-17        00000 
-9.95126e-18 -1.17578e-17        00000 
-1.27183e-17 -1.29551e-17        00000 
-2.64631e-17  3.60276e-18        00000 
-3.00699e-17  3.60212e-18        00000 
-2.88219e-17  5.56537e-18        00000 
-2.79762e-17  2.37333e-18        00000 
-1.93813e-17 -8.10929e-18        00000 
-1.46746e-17 -1.07962e-17        00000 
-2.02600e-17 -1.09231e-17        00000 
-1.94085e-17 -9.45559e-18        00000 
-3.36974e-17  6.54594e-18        00000 
-3.37376e-17  5.94524e-18        00000 
-3.36075e-17  5.71619e-18        00000 
-1.54068e-17 -2.25933e-17        00000 
-1.50423e-17 -1.89708e-17        00000 
-1.23388e-17 -2.16448e-17        00000 
-1.37181e-17 -2.24960e-17        00000 
-3.27291e-17  3.40878e-18        00000 
-3.31082e-17  4.76372e-18        00000 
-2.64835e-17 -1.81618e-18        00000 
-1.30115e-17 -1.66281e-17        00000 
-1.38077e-17 -1.99172e-17        00000 
-1.50621e-17 -1.00023e-17        00000 
-1.34866e-17 -1.38791e-17        00000 
-2.64341e-17 -8.17060e-18        00000 
-2.63572e-17 -2.61863e-18        00000 
-2.68901e-17 -8.18607e-18        00000 
-1.28525e-17 -8.07996e-18        00000 
-1.33473e-17 -9.10386e-18        00000 
-1.29824e-17 -1.01777e-17        00000 
-1.16940e-17 -9.74486e-18        00000 
-2.17028e-17 -1.59455e-17        00000 
-1.97946e-17 -1.99738e-17        00000 
-2.45622e-17 -1.22829e-17        00000 
-2.30128e-17 -1.99249e-17        00000 
-9.48847e-18 -1.23060e-17        00000 
-1.14304e-17 -1.08611e-17        00000 
-6.24456e-18 -2.06135e-17        00000 
-7.29320e-18 -1.71005e-17        00000 
-1.86174e-17 -2.31188e-17        00000 
-1.87465e-17 -2.20963e-17        00000 
-1.93594e-17 -2.29419e-17        00000 
-6.95835e-18 -2.05270e-17        00000 
-6.83545e-18 -2.03031e-17        00000 
-5.92923e-18 -2.14547e-17        00000 
-1.95387e-17 -1.85185e-17        00000 
-1.97935e-17 -1.91285e-17        00000 
-1.16217e-17 -2.38844e-17        00000 
-2.70800e-18 -1.44592e-17        00000 
-4.14726e-18 -1.86562e-17        00000 
-6.48751e-18 -1.26192e-17        00000 
-2.40214e-18 -1.37402e-17        00000 
-4.91605e-18 -2.55785e-17        00000 
-1.26273e-17 -2.50925e-17        00000 
-3.26433e-18 -2.35915e-17        00000 
-3.67148e-18 -5.23993e-18        00000 
-4.21584e-18 -8.93954e-18        00000 
-4.50880e-19 -3.23498e-18        00000 
-2.85796e-18 -3.72655e-18        00000 
-2.80225e-18 -2.20572e-17        00000 
-4.62184e-18 -1.61201e-17        00000 
-1.96996e-18 -2.42833e-17        00000 
-3.92805e-18 -1.96775e-17        00000 
 5.06219e-18 -7.89017e-18        00000 
 4.94724e-19 -2.80497e-18        00000 
 1.97446e-18 -8.93031e-18        00000 
 2.63428e-18 -8.44945e-18        00000 
-4.68521e-18 -1.17094e-17        00000 
-3.37475e-18 -1.31620e-17        00000 
-1.04862e-18 -1.09695e-17        00000 
 5.11941e-18 -1.16995e-17        00000 
 2.64071e-18 -1.14715e-17        00000 
 4.53737e-18 -5.59112e-18        00000 
 5.17240e-18 -9.68024e-18        00000 
 4.60696e-18 -1.73374e-17        00000 
 3.72952e-18 -1.55230e-17        00000 
 1.22513e-17 -2.31541e-17        00000 
 4.17275e-18 -2.96269e-18        00000 
 6.31415e-18 -4.48656e-18        00000 
-1.20964e-17  2.40126e-17        00000 
-1.19548e-18  9.70979e-18        00000 
 1.38075e-17 -2.96764e-17        00000 
 1.37588e-17 -2.53959e-17        00000 
 1.00913e-17 -2.36745e-17        00000 
-8.59371e-18  2.46337e-17        00000 
-9.10217e-18  2.36641e-17        00000 
-8.05897e-18  2.22896e-17        00000 
 7.47472e-18 -2.24597e-17        00000 
 7.86573e-18 -2.68849e-17        00000 
 8.49287e-18 -2.32591e-17        00000 
-9.68551e-18  1.87411e-17        00000 
-1.08470e-17  2.44945e-17        00000 
-5.35627e-18  1.16557e-17        00000 
-9.52556e-18  1.57487e-17        00000 
 1.58973e-17 -3.44809e-17        00000 
 1.53487e-17 -3.23109e-17        00000 
 1.38995e-17 -3.36717e-17        00000 
 1.69241e-17 -3.45561e-17        00000 
 1.64317e-17 -2.32637e-17        00000 
 6.98471e-18 -8.80219e-18        00000 
 2.59018e-17 -3.18844e-17        00000 
 1.92720e-17 -2.76355e-17        00000 
 9.04116e-18 -2.44710e-17        00000 
 1.01370e-17 -2.54830e-17        00000 
 3.66768e-18 -1.87172e-17        00000 
 2.87762e-17 -2.86967e-17        00000 
 2.71741e-17 -3.07646e-17        00000 
 3.03894e-17 -3.05553e-17        00000 
 2.80345e-17 -2.90675e-17        00000 
 1.25963e-18 -1.35809e-17        00000 
 1.79132e-18 -1.55759e-17        00000 
 2.50745e-18 -1.09176e-17        00000 
 3.01660e-17 -2.83214e-17        00000 
 2.92360e-17 -2.80056e-17        00000 
 3.36425e-17 -3.58443e-17        00000 
 2.98449e-17 -3.12350e-17        00000 
 5.07911e-18 -1.74127e-17        00000 
 4.65000e-18 -1.28934e-17        00000 
 4.07522e-18 -1.91237e-17        00000 
 3.31080e-17 -3.46360e-17        00000 
 3.17652e-17 -3.61553e-17        00000 
 3.89614e-17 -3.67760e-17        00000 
 3.28457e-17 -3.33016e-17        00000 
 3.96344e-18 -1.20084e-17        00000 
 2.52267e-18 -9.29952e-18        00000 
 1.72487e-18 -1.30217e-17        00000 
 2.31901e-18 -1.23112e-17        00000 
 3.67418e-17 -3.73662e-17        00000 
 3.87994e-17 -3.72588e-17        00000 
 3.70546e-17 -4.12488e-17        00000 
 8.36324e-18 -8.28314e-18        00000 
 6.74176e-18 -7.50367e-18        00000 
 1.04801e-17 -1.00428e-17        00000 
 4.09845e-17 -4.36862e-17        00000 
 4.12692e-17 -4.32488e-17        00000 
 3.77525e-17 -4.18083e-17        00000 
 3.97288e-17 -4.44048e-17        00000 
 2.00492e-17 -1.77482e-17        00000 
 1.88392e-17 -1.58524e-17        00000 
 2.09397e-17 -1.53530e-17        00000 
 4.10452e-17 -3.20665e-17        00000 
 4.66861e-17 -4.01571e-17        00000 
 3.92022e-17 -2.17171e-17        00000 
 3.97345e-17 -2.70646e-17        00000 
 2.98552e-17 -1.72849e-17        00000 
 2.15399e-17 -1.56279e-17        00000 
 3.08994e-17 -2.15207e-17        00000 
 3.64031e-17 -2.79790e-17        00000 
 3.69318e-17 -2.70564e-17        00000 
 4.14851e-17 -3.54558e-17        00000 
 3.73984e-17 -3.03018e-17        00000 
 3.39440e-17 -3.26323e-17        00000 
 2.68274e-17 -2.20550e-17        00000 
 3.51102e-17 -2.72851e-17        00000 
 3.68264e-17 -3.75112e-17        00000 
 3.78190e-17 -3.80792e-17        00000 
 3.85839e-17 -3.74380e-17        00000 
 3.47871e-17 -3.48703e-17        00000 
 3.57477e-17 -3.73264e-17        00000 
 2.87211e-17 -1.86944e-17        00000 
 2.80468e-17 -1.94365e-17        00000 
 2.76927e-17 -1.83930e-17        00000 
 3.74619e-17 -3.42941e-17        00000 
 3.59340e-17 -3.47034e-17        00000 
 2.99140e-17 -2.41872e-17        00000 
 3.47789e-17 -3.06968e-17        00000 
 3.92270e-17 -2.22348e-17        00000 
 3.71268e-17 -2.17364e-17        00000 
 3.96270e-17 -1.74731e-17        00000 
 3.60916e-17 -3.58028e-17        00000 
 3.36283e-17 -2.99670e-17        00000 
 4.25753e-17 -5.14548e-17        00000 
 4.03581e-17 -1.38511e-17        00000 
 3.82734e-17 -1.61203e-17        00000 
 4.39544e-17 -1.28004e-17        00000 
 5.22315e-17 -6.31028e-17        00000 
 5.04194e-17 -6.13365e-17        00000 
 4.75449e-17 -5.78290e-17        00000 
 5.11564e-17 -6.17176e-17        00000 
 4.53046e-17 -1.89255e-17        00000 
 4.30828e-17 -2.29071e-17        00000 
 4.36691e-17 -1.47268e-17        00000 
 4.53782e-17 -2.08785e-17        00000 
 5.85624e-17 -6.53980e-17        00000 
 5.63697e-17 -6.17278e-17        00000 
 6.45104e-17 -7.00184e-17        00000 
 5.92086e-17 -6.68032e-17        00000 
 4.53397e-17 -2.75880e-17        00000 
 4.47167e-17 -2.61445e-17        00000 
 4.63373e-17 -2.87165e-17        00000 
 7.05557e-17 -6.72706e-17        00000 
 6.82150e-17 -6.95347e-17        00000 
 7.26563e-17 -6.12908e-17        00000 
 7.32104e-17 -6.48428e-17        00000 
 5.34944e-17 -5.40855e-17        00000 
 5.18372e-17 -4.83462e-17        00000 
 5.37779e-17 -5.84430e-17        00000 
 6.06109e-17 -4.63807e-17        00000 
 6.14029e-17 -5.14041e-17        00000 
 5.58160e-17 -3.89517e-17        00000 
 6.05681e-17 -4.41274e-17        00000 
 5.40922e-17 -5.49768e-17        00000 
 5.20622e-17 -5.70841e-17        00000 
 5.42690e-17 -5.68149e-17        00000 
 5.68188e-17 -4.46295e-17        00000 
 5.80959e-17 -4.36217e-17        00000 
 6.88264e-17 -5.19327e-17        00000 
 6.12460e-17 -4.78587e-17        00000 
 5.36618e-17 -5.30591e-17        00000 
 5.56017e-17 -5.75865e-17        00000 
 5.07356e-17 -4.95649e-17        00000 
 6.41360e-17 -4.01400e-17        00000 
 6.52075e-17 -4.63197e-17        00000 
 6.18764e-17 -3.87302e-17        00000 
 5.30414e-17 -4.01081e-17        00000 
 5.38242e-17 -4.13925e-17        00000 
 5.22925e-17 -3.94258e-17        00000 
 5.44928e-17 -3.99625e-17        00000 
 6.29982e-17 -4.82057e-17        00000 
 6.35989e-17 -4.74974e-17        00000 
 6.22985e-17 -4.77515e-17        00000 
 6.41462e-17 -4.88040e-17        00000 
 6.24740e-17 -5.27090e-17        00000 
 5.81865e-17 -5.05882e-17        00000 
 6.24016e-17 -5.30430e-17        00000 
 6.62771e-17 -4.39516e-17        00000 
 6.16524e-17 -3.89035e-17        00000 
 7.04326e-17 -5.03059e-17        00000 
 6.61180e-17 -4.55683e-17        00000 
 5.88019e-17 -4.85611e-17        00000 
 6.18918e-17 -5.12980e-17        00000 
 5.64173e-17 -4.38060e-17        00000 
 8.05798e-17 -5.32135e-17        00000 
 7.79174e-17 -6.32534e-17        00000 
 7.91319e-17 -5.71739e-17        00000 
 7.82628e-17 -5.48286e-17        00000 
 8.11092e-17 -6.39998e-17        00000 
 6.78723e-17 -5.38070e-17        00000 
 5.96888e-17 -4.35012e-17        00000 
 5.41431e-17 -3.62239e-17        00000 
 4.63236e-17 -3.74197e-17        00000 
 5.11512e-17 -4.42228e-17        00000 
 5.25406e-17 -3.78266e-17        00000 
 6.33100e-17 -5.02618e-17        00000 
 5.37708e-17 -4.02798e-17        00000 
 5.60499e-17 -4.11339e-17        00000 
 5.32839e-17 -3.55317e-17        00000 
 8.31818e-17 -5.83967e-17        00000 
 8.06952e-17 -6.23635e-17        00000 
 8.18094e-17 -6.44811e-17        00000 
 7.29932e-17 -5.61199e-17        00000 
 6.58660e-17 -5.33969e-17        00000 
 6.07715e-17 -4.50373e-17        00000 
 5.77305e-17 -4.33574e-17        00000 
 5.27052e-17 -3.82956e-17        00000 
 5.33243e-17 -3.57578e-17        00000 
 4.90548e-17 -3.63225e-17        00000 
 5.09596e-17 -3.94209e-17        00000 
 5.23631e-17 -4.51472e-17        00000 
 5.08743e-17 -4.36700e-17        00000 
 5.42653e-17 -3.85163e-17        00000 
 5.49291e-17 -3.78924e-17        00000 
 6.27137e-17 -5.24529e-17        00000 
 5.89862e-17 -4.71217e-17        00000 
 6.30583e-17 -4.93619e-17        00000 
 6.02110e-17 -5.22779e-17        00000 
 5.95836e-17 -4.63241e-17        00000 </DataArray>
         </PointData>
         <CellData/>
      </Piece>
   </UnstructuredGrid>
</VTKFile>