[METADATA]
source_image   01469.jpg
num_nodes      51529
intensity_range  [0.0, 1.0]

[INTENSITY]
# node_id   intensity
0         0.658824
1         0.658824
2         0.654902
3         0.654902
4         0.658824
5         0.662745
6         0.670588
7         0.670588
8         0.725490
9         0.745098
10        0.768627
11        0.776471
12        0.772549
13        0.764706
14        0.768627
15        0.772549
16        0.756863
17        0.752941
18        0.749020
19        0.745098
20        0.749020
21        0.752941
22        0.760784
23        0.764706
24        0.768627
25        0.772549
26        0.776471
27        0.788235
28        0.796078
29        0.803922
30        0.811765
31        0.815686
32        0.772549
33        0.768627
34        0.764706
35        0.760784
36        0.756863
37        0.752941
38        0.752941
39        0.752941
40        0.745098
41        0.749020
42        0.749020
43        0.752941
44        0.752941
45        0.749020
46        0.749020
47        0.745098
48        0.749020
49        0.756863
50        0.772549
51        0.784314
52        0.788235
53        0.784314
54        0.776471
55        0.772549
56        0.768627
57        0.764706
58        0.764706
59        0.764706
60        0.764706
61        0.768627
62        0.772549
63        0.772549
64        0.772549
65        0.772549
66        0.768627
67        0.764706
68        0.760784
69        0.756863
70        0.756863
71        0.752941
72        0.741176
73        0.737255
74        0.737255
75        0.741176
76        0.745098
77        0.745098
78        0.733333
79        0.725490
80        0.721569
81        0.717647
82        0.705882
83        0.682353
84        0.666667
85        0.662745
86        0.674510
87        0.690196
88        0.713726
89        0.713726
90        0.721569
91        0.725490
92        0.729412
93        0.733333
94        0.737255
95        0.741176
96        0.749020
97        0.741176
98        0.741176
99        0.749020
100       0.756863
101       0.756863
102       0.745098
103       0.729412
104       0.737255
105       0.741176
106       0.745098
107       0.745098
108       0.741176
109       0.729412
110       0.717647
111       0.709804
112       0.733333
113       0.733333
114       0.737255
115       0.741176
116       0.745098
117       0.745098
118       0.745098
119       0.741176
120       0.780392
121       0.788235
122       0.800000
123       0.807843
124       0.807843
125       0.796078
126       0.788235
127       0.780392
128       0.784314
129       0.788235
130       0.792157
131       0.796078
132       0.800000
133       0.803922
134       0.800000
135       0.800000
136       0.811765
137       0.811765
138       0.815686
139       0.815686
140       0.815686
141       0.807843
142       0.800000
143       0.796078
144       0.803922
145       0.792157
146       0.784314
147       0.792157
148       0.807843
149       0.819608
150       0.815686
151       0.811765
152       0.811765
153       0.788235
154       0.764706
155       0.760784
156       0.768627
157       0.772549
158       0.760784
159       0.745098
160       0.725490
161       0.725490
162       0.737255
163       0.756863
164       0.772549
165       0.780392
166       0.768627
167       0.752941
168       0.776471
169       0.772549
170       0.768627
171       0.764706
172       0.764706
173       0.772549
174       0.776471
175       0.780392
176       0.803922
177       0.803922
178       0.800000
179       0.796078
180       0.796078
181       0.796078
182       0.800000
183       0.800000
184       0.807843
185       0.807843
186       0.807843
187       0.815686
188       0.819608
189       0.815686
190       0.803922
191       0.792157
192       0.792157
193       0.796078
194       0.796078
195       0.788235
196       0.780392
197       0.784314
198       0.792157
199       0.803922
200       0.800000
201       0.792157
202       0.788235
203       0.784314
204       0.780392
205       0.784314
206       0.788235
207       0.792157
208       0.796078
209       0.796078
210       0.796078
211       0.788235
212       0.776471
213       0.772549
214       0.776471
215       0.780392
216       0.792157
217       0.784314
218       0.772549
219       0.764706
220       0.760784
221       0.760784
222       0.764706
223       0.768627
224       0.803922
225       0.803922
226       0.803922
227       0.623529
228       0.635294
229       0.658824
230       0.682353
231       0.701961
232       0.717647
233       0.725490
234       0.729412
235       0.760784
236       0.772549
237       0.780392
238       0.776471
239       0.756863
240       0.741176
241       0.733333
242       0.729412
243       0.733333
244       0.733333
245       0.737255
246       0.745098
247       0.752941
248       0.760784
249       0.768627
250       0.772549
251       0.780392
252       0.776471
253       0.776471
254       0.776471
255       0.780392
256       0.784314
257       0.788235
258       0.788235
259       0.776471
260       0.772549
261       0.768627
262       0.764706
263       0.760784
264       0.756863
265       0.752941
266       0.752941
267       0.749020
268       0.749020
269       0.749020
270       0.752941
271       0.752941
272       0.749020
273       0.749020
274       0.749020
275       0.745098
276       0.756863
277       0.768627
278       0.780392
279       0.784314
280       0.784314
281       0.780392
282       0.776471
283       0.780392
284       0.776471
285       0.776471
286       0.776471
287       0.776471
288       0.776471
289       0.780392
290       0.784314
291       0.784314
292       0.784314
293       0.780392
294       0.776471
295       0.772549
296       0.764706
297       0.760784
298       0.756863
299       0.752941
300       0.745098
301       0.733333
302       0.733333
303       0.737255
304       0.741176
305       0.741176
306       0.737255
307       0.725490
308       0.721569
309       0.709804
310       0.690196
311       0.670588
312       0.666667
313       0.674510
314       0.690196
315       0.694118
316       0.694118
317       0.698039
318       0.705882
319       0.713726
320       0.721569
321       0.729412
322       0.733333
323       0.745098
324       0.737255
325       0.737255
326       0.741176
327       0.749020
328       0.749020
329       0.737255
330       0.725490
331       0.733333
332       0.737255
333       0.741176
334       0.745098
335       0.741176
336       0.733333
337       0.721569
338       0.717647
339       0.733333
340       0.733333
341       0.741176
342       0.745098
343       0.749020
344       0.749020
345       0.749020
346       0.745098
347       0.780392
348       0.784314
349       0.792157
350       0.796078
351       0.796078
352       0.792157
353       0.784314
354       0.780392
355       0.788235
356       0.788235
357       0.792157
358       0.796078
359       0.796078
360       0.792157
361       0.792157
362       0.788235
363       0.792157
364       0.792157
365       0.796078
366       0.800000
367       0.800000
368       0.803922
369       0.803922
370       0.803922
371       0.803922
372       0.796078
373       0.796078
374       0.803922
375       0.815686
376       0.827451
377       0.823529
378       0.819608
379       0.780392
380       0.764706
381       0.749020
382       0.745098
383       0.756863
384       0.760784
385       0.745098
386       0.733333
387       0.729412
388       0.733333
389       0.745098
390       0.764706
391       0.784314
392       0.784314
393       0.772549
394       0.756863
395       0.772549
396       0.768627
397       0.764706
398       0.760784
399       0.764706
400       0.768627
401       0.772549
402       0.780392
403       0.803922
404       0.800000
405       0.800000
406       0.800000
407       0.800000
408       0.800000
409       0.803922
410       0.803922
411       0.800000
412       0.807843
413       0.811765
414       0.815686
415       0.811765
416       0.803922
417       0.800000
418       0.796078
419       0.796078
420       0.800000
421       0.796078
422       0.792157
423       0.784314
424       0.788235
425       0.796078
426       0.803922
427       0.803922
428       0.800000
429       0.792157
430       0.788235
431       0.784314
432       0.788235
433       0.792157
434       0.792157
435       0.792157
436       0.792157
437       0.788235
438       0.780392
439       0.768627
440       0.768627
441       0.776471
442       0.784314
443       0.792157
444       0.788235
445       0.776471
446       0.768627
447       0.764706
448       0.768627
449       0.772549
450       0.780392
451       0.803922
452       0.803922
453       0.800000
454       0.607843
455       0.635294
456       0.678431
457       0.725490
458       0.760784
459       0.776471
460       0.780392
461       0.780392
462       0.772549
463       0.776471
464       0.772549
465       0.756863
466       0.733333
467       0.709804
468       0.698039
469       0.690196
470       0.705882
471       0.713726
472       0.725490
473       0.741176
474       0.752941
475       0.764706
476       0.768627
477       0.772549
478       0.780392
479       0.772549
480       0.764706
481       0.760784
482       0.756863
483       0.756863
484       0.756863
485       0.760784
486       0.780392
487       0.780392
488       0.776471
489       0.768627
490       0.764706
491       0.760784
492       0.756863
493       0.756863
494       0.749020
495       0.749020
496       0.749020
497       0.749020
498       0.749020
499       0.749020
500       0.749020
501       0.749020
502       0.745098
503       0.752941
504       0.764706
505       0.772549
506       0.780392
507       0.784314
508       0.784314
509       0.780392
510       0.796078
511       0.792157
512       0.788235
513       0.788235
514       0.788235
515       0.788235
516       0.792157
517       0.792157
518       0.796078
519       0.796078
520       0.796078
521       0.792157
522       0.788235
523       0.776471
524       0.764706
525       0.760784
526       0.764706
527       0.752941
528       0.737255
529       0.729412
530       0.733333
531       0.741176
532       0.745098
533       0.749020
534       0.733333
535       0.729412
536       0.713726
537       0.694118
538       0.678431
539       0.670588
540       0.674510
541       0.682353
542       0.678431
543       0.682353
544       0.682353
545       0.690196
546       0.701961
547       0.717647
548       0.733333
549       0.741176
550       0.741176
551       0.733333
552       0.733333
553       0.733333
554       0.737255
555       0.737255
556       0.725490
557       0.717647
558       0.725490
559       0.733333
560       0.741176
561       0.745098
562       0.745098
563       0.741176
564       0.733333
565       0.725490
566       0.733333
567       0.737255
568       0.741176
569       0.749020
570       0.749020
571       0.752941
572       0.752941
573       0.752941
574       0.776471
575       0.776471
576       0.776471
577       0.780392
578       0.780392
579       0.780392
580       0.780392
581       0.776471
582       0.788235
583       0.788235
584       0.788235
585       0.792157
586       0.788235
587       0.784314
588       0.784314
589       0.780392
590       0.768627
591       0.768627
592       0.772549
593       0.776471
594       0.784314
595       0.796078
596       0.803922
597       0.811765
598       0.811765
599       0.807843
600       0.807843
601       0.815686
602       0.823529
603       0.823529
604       0.819608
605       0.811765
606       0.756863
607       0.745098
608       0.737255
609       0.741176
610       0.749020
611       0.749020
612       0.737255
613       0.721569
614       0.725490
615       0.737255
616       0.752941
617       0.776471
618       0.792157
619       0.792157
620       0.780392
621       0.768627
622       0.768627
623       0.764706
624       0.760784
625       0.760784
626       0.760784
627       0.768627
628       0.772549
629       0.776471
630       0.800000
631       0.800000
632       0.803922
633       0.803922
634       0.807843
635       0.811765
636       0.811765
637       0.811765
638       0.800000
639       0.807843
640       0.815686
641       0.811765
642       0.796078
643       0.784314
644       0.788235
645       0.792157
646       0.800000
647       0.800000
648       0.800000
649       0.792157
650       0.788235
651       0.788235
652       0.800000
653       0.807843
654       0.811765
655       0.803922
656       0.796078
657       0.788235
658       0.784314
659       0.788235
660       0.788235
661       0.792157
662       0.792157
663       0.788235
664       0.780392
665       0.768627
666       0.760784
667       0.764706
668       0.776471
669       0.788235
670       0.796078
671       0.788235
672       0.780392
673       0.776471
674       0.772549
675       0.780392
676       0.788235
677       0.792157
678       0.803922
679       0.803922
680       0.800000
681       0.635294
682       0.670588
683       0.721569
684       0.768627
685       0.800000
686       0.803922
687       0.796078
688       0.784314
689       0.752941
690       0.749020
691       0.745098
692       0.729412
693       0.709804
694       0.694118
695       0.682353
696       0.678431
697       0.698039
698       0.705882
699       0.721569
700       0.737255
701       0.745098
702       0.752941
703       0.756863
704       0.756863
705       0.756863
706       0.749020
707       0.741176
708       0.737255
709       0.733333
710       0.737255
711       0.741176
712       0.749020
713       0.784314
714       0.780392
715       0.780392
716       0.776471
717       0.772549
718       0.764706
719       0.760784
720       0.756863
721       0.752941
722       0.752941
723       0.752941
724       0.749020
725       0.749020
726       0.752941
727       0.752941
728       0.752941
729       0.749020
730       0.752941
731       0.760784
732       0.768627
733       0.776471
734       0.780392
735       0.784314
736       0.788235
737       0.800000
738       0.796078
739       0.792157
740       0.792157
741       0.792157
742       0.792157
743       0.796078
744       0.800000
745       0.803922
746       0.803922
747       0.803922
748       0.800000
749       0.792157
750       0.780392
751       0.764706
752       0.756863
753       0.764706
754       0.752941
755       0.741176
756       0.733333
757       0.737255
758       0.745098
759       0.745098
760       0.741176
761       0.737255
762       0.729412
763       0.717647
764       0.701961
765       0.686275
766       0.674510
767       0.670588
768       0.670588
769       0.678431
770       0.682353
771       0.686275
772       0.694118
773       0.709804
774       0.729412
775       0.749020
776       0.756863
777       0.741176
778       0.737255
779       0.733333
780       0.733333
781       0.729412
782       0.725490
783       0.721569
784       0.717647
785       0.721569
786       0.729412
787       0.741176
788       0.749020
789       0.752941
790       0.749020
791       0.745098
792       0.737255
793       0.737255
794       0.741176
795       0.745098
796       0.752941
797       0.756863
798       0.756863
799       0.756863
800       0.756863
801       0.772549
802       0.768627
803       0.764706
804       0.760784
805       0.764706
806       0.768627
807       0.772549
808       0.776471
809       0.784314
810       0.784314
811       0.788235
812       0.788235
813       0.788235
814       0.788235
815       0.784314
816       0.780392
817       0.764706
818       0.760784
819       0.756863
820       0.760784
821       0.768627
822       0.788235
823       0.803922
824       0.815686
825       0.827451
826       0.827451
827       0.819608
828       0.815686
829       0.807843
830       0.800000
831       0.784314
832       0.776471
833       0.752941
834       0.745098
835       0.741176
836       0.745098
837       0.749020
838       0.745098
839       0.729412
840       0.713726
841       0.717647
842       0.733333
843       0.756863
844       0.784314
845       0.800000
846       0.800000
847       0.788235
848       0.780392
849       0.772549
850       0.768627
851       0.764706
852       0.764706
853       0.768627
854       0.772549
855       0.780392
856       0.784314
857       0.800000
858       0.803922
859       0.807843
860       0.811765
861       0.815686
862       0.819608
863       0.819608
864       0.819608
865       0.803922
866       0.819608
867       0.823529
868       0.803922
869       0.776471
870       0.760784
871       0.768627
872       0.780392
873       0.800000
874       0.800000
875       0.800000
876       0.792157
877       0.788235
878       0.788235
879       0.800000
880       0.807843
881       0.803922
882       0.800000
883       0.792157
884       0.784314
885       0.780392
886       0.780392
887       0.780392
888       0.784314
889       0.788235
890       0.784314
891       0.772549
892       0.760784
893       0.752941
894       0.760784
895       0.776471
896       0.792157
897       0.792157
898       0.788235
899       0.784314
900       0.780392
901       0.780392
902       0.788235
903       0.796078
904       0.803922
905       0.803922
906       0.803922
907       0.796078
908       0.674510
909       0.705882
910       0.749020
911       0.784314
912       0.803922
913       0.800000
914       0.784314
915       0.768627
916       0.745098
917       0.737255
918       0.725490
919       0.713726
920       0.701961
921       0.694118
922       0.682353
923       0.678431
924       0.701961
925       0.709804
926       0.717647
927       0.729412
928       0.733333
929       0.737255
930       0.737255
931       0.733333
932       0.725490
933       0.725490
934       0.725490
935       0.725490
936       0.729412
937       0.737255
938       0.745098
939       0.752941
940       0.776471
941       0.780392
942       0.780392
943       0.780392
944       0.776471
945       0.772549
946       0.764706
947       0.760784
948       0.756863
949       0.756863
950       0.752941
951       0.749020
952       0.749020
953       0.752941
954       0.756863
955       0.756863
956       0.752941
957       0.752941
958       0.756863
959       0.760784
960       0.768627
961       0.776471
962       0.784314
963       0.788235
964       0.792157
965       0.788235
966       0.788235
967       0.788235
968       0.788235
969       0.792157
970       0.796078
971       0.800000
972       0.803922
973       0.803922
974       0.803922
975       0.800000
976       0.788235
977       0.776471
978       0.768627
979       0.760784
980       0.760784
981       0.756863
982       0.749020
983       0.752941
984       0.752941
985       0.752941
986       0.741176
987       0.733333
988       0.741176
989       0.733333
990       0.721569
991       0.709804
992       0.698039
993       0.686275
994       0.674510
995       0.666667
996       0.678431
997       0.682353
998       0.694118
999       0.705882
1000      0.725490
1001      0.745098
1002      0.760784
1003      0.772549
1004      0.749020
1005      0.749020
1006      0.745098
1007      0.737255
1008      0.729412
1009      0.721569
1010      0.721569
1011      0.721569
1012      0.725490
1013      0.733333
1014      0.745098
1015      0.756863
1016      0.760784
1017      0.760784
1018      0.756863
1019      0.752941
1020      0.749020
1021      0.749020
1022      0.752941
1023      0.756863
1024      0.760784
1025      0.760784
1026      0.756863
1027      0.756863
1028      0.764706
1029      0.760784
1030      0.752941
1031      0.752941
1032      0.752941
1033      0.760784
1034      0.768627
1035      0.772549
1036      0.776471
1037      0.780392
1038      0.784314
1039      0.788235
1040      0.788235
1041      0.788235
1042      0.788235
1043      0.784314
1044      0.768627
1045      0.764706
1046      0.756863
1047      0.756863
1048      0.764706
1049      0.780392
1050      0.796078
1051      0.807843
1052      0.839216
1053      0.831373
1054      0.819608
1055      0.800000
1056      0.776471
1057      0.756863
1058      0.741176
1059      0.733333
1060      0.745098
1061      0.745098
1062      0.741176
1063      0.741176
1064      0.737255
1065      0.729412
1066      0.717647
1067      0.705882
1068      0.717647
1069      0.737255
1070      0.764706
1071      0.784314
1072      0.800000
1073      0.800000
1074      0.796078
1075      0.792157
1076      0.776471
1077      0.776471
1078      0.772549
1079      0.772549
1080      0.776471
1081      0.784314
1082      0.792157
1083      0.796078
1084      0.803922
1085      0.807843
1086      0.815686
1087      0.819608
1088      0.823529
1089      0.827451
1090      0.827451
1091      0.823529
1092      0.815686
1093      0.823529
1094      0.819608
1095      0.796078
1096      0.760784
1097      0.741176
1098      0.749020
1099      0.764706
1100      0.792157
1101      0.792157
1102      0.792157
1103      0.788235
1104      0.780392
1105      0.780392
1106      0.792157
1107      0.800000
1108      0.788235
1109      0.784314
1110      0.776471
1111      0.768627
1112      0.764706
1113      0.764706
1114      0.768627
1115      0.772549
1116      0.780392
1117      0.776471
1118      0.768627
1119      0.756863
1120      0.752941
1121      0.760784
1122      0.780392
1123      0.796078
1124      0.792157
1125      0.788235
1126      0.780392
1127      0.776471
1128      0.780392
1129      0.788235
1130      0.800000
1131      0.807843
1132      0.803922
1133      0.800000
1134      0.796078
1135      0.698039
1136      0.717647
1137      0.745098
1138      0.768627
1139      0.780392
1140      0.776471
1141      0.764706
1142      0.752941
1143      0.749020
1144      0.733333
1145      0.713726
1146      0.698039
1147      0.690196
1148      0.686275
1149      0.678431
1150      0.670588
1151      0.694118
1152      0.698039
1153      0.705882
1154      0.713726
1155      0.721569
1156      0.725490
1157      0.729412
1158      0.733333
1159      0.721569
1160      0.725490
1161      0.729412
1162      0.737255
1163      0.745098
1164      0.749020
1165      0.752941
1166      0.756863
1167      0.764706
1168      0.768627
1169      0.776471
1170      0.780392
1171      0.780392
1172      0.776471
1173      0.768627
1174      0.764706
1175      0.760784
1176      0.756863
1177      0.752941
1178      0.749020
1179      0.749020
1180      0.752941
1181      0.756863
1182      0.760784
1183      0.760784
1184      0.760784
1185      0.756863
1186      0.756863
1187      0.760784
1188      0.768627
1189      0.780392
1190      0.784314
1191      0.776471
1192      0.776471
1193      0.776471
1194      0.780392
1195      0.784314
1196      0.792157
1197      0.796078
1198      0.800000
1199      0.807843
1200      0.803922
1201      0.800000
1202      0.792157
1203      0.784314
1204      0.776471
1205      0.772549
1206      0.768627
1207      0.772549
1208      0.768627
1209      0.764706
1210      0.768627
1211      0.768627
1212      0.764706
1213      0.749020
1214      0.741176
1215      0.745098
1216      0.737255
1217      0.729412
1218      0.721569
1219      0.717647
1220      0.705882
1221      0.690196
1222      0.674510
1223      0.682353
1224      0.690196
1225      0.705882
1226      0.721569
1227      0.741176
1228      0.760784
1229      0.772549
1230      0.780392
1231      0.764706
1232      0.764706
1233      0.760784
1234      0.749020
1235      0.737255
1236      0.729412
1237      0.729412
1238      0.737255
1239      0.737255
1240      0.745098
1241      0.756863
1242      0.764706
1243      0.772549
1244      0.768627
1245      0.764706
1246      0.760784
1247      0.760784
1248      0.760784
1249      0.764706
1250      0.764706
1251      0.760784
1252      0.760784
1253      0.756863
1254      0.752941
1255      0.752941
1256      0.752941
1257      0.749020
1258      0.749020
1259      0.749020
1260      0.756863
1261      0.764706
1262      0.768627
1263      0.772549
1264      0.776471
1265      0.780392
1266      0.780392
1267      0.780392
1268      0.780392
1269      0.776471
1270      0.776471
1271      0.768627
1272      0.760784
1273      0.756863
1274      0.756863
1275      0.760784
1276      0.776471
1277      0.792157
1278      0.800000
1279      0.823529
1280      0.819608
1281      0.803922
1282      0.776471
1283      0.745098
1284      0.721569
1285      0.713726
1286      0.709804
1287      0.733333
1288      0.733333
1289      0.733333
1290      0.729412
1291      0.725490
1292      0.717647
1293      0.713726
1294      0.709804
1295      0.745098
1296      0.760784
1297      0.780392
1298      0.796078
1299      0.796078
1300      0.796078
1301      0.796078
1302      0.800000
1303      0.780392
1304      0.780392
1305      0.776471
1306      0.776471
1307      0.780392
1308      0.788235
1309      0.800000
1310      0.803922
1311      0.811765
1312      0.815686
1313      0.823529
1314      0.831373
1315      0.831373
1316      0.831373
1317      0.827451
1318      0.823529
1319      0.819608
1320      0.815686
1321      0.803922
1322      0.780392
1323      0.752941
1324      0.741176
1325      0.745098
1326      0.752941
1327      0.780392
1328      0.784314
1329      0.780392
1330      0.776471
1331      0.768627
1332      0.772549
1333      0.780392
1334      0.788235
1335      0.772549
1336      0.768627
1337      0.760784
1338      0.756863
1339      0.756863
1340      0.756863
1341      0.760784
1342      0.764706
1343      0.772549
1344      0.772549
1345      0.768627
1346      0.760784
1347      0.756863
1348      0.764706
1349      0.780392
1350      0.796078
1351      0.788235
1352      0.784314
1353      0.776471
1354      0.772549
1355      0.776471
1356      0.784314
1357      0.792157
1358      0.800000
1359      0.803922
1360      0.800000
1361      0.792157
1362      0.717647
1363      0.721569
1364      0.729412
1365      0.737255
1366      0.741176
1367      0.741176
1368      0.737255
1369      0.733333
1370      0.721569
1371      0.701961
1372      0.678431
1373      0.666667
1374      0.666667
1375      0.666667
1376      0.658824
1377      0.654902
1378      0.670588
1379      0.674510
1380      0.682353
1381      0.698039
1382      0.713726
1383      0.733333
1384      0.745098
1385      0.752941
1386      0.749020
1387      0.752941
1388      0.760784
1389      0.764706
1390      0.768627
1391      0.764706
1392      0.756863
1393      0.752941
1394      0.752941
1395      0.760784
1396      0.768627
1397      0.776471
1398      0.780392
1399      0.776471
1400      0.772549
1401      0.768627
1402      0.764706
1403      0.760784
1404      0.752941
1405      0.749020
1406      0.749020
1407      0.752941
1408      0.760784
1409      0.764706
1410      0.772549
1411      0.764706
1412      0.756863
1413      0.752941
1414      0.756863
1415      0.764706
1416      0.772549
1417      0.780392
1418      0.764706
1419      0.768627
1420      0.768627
1421      0.776471
1422      0.784314
1423      0.792157
1424      0.800000
1425      0.807843
1426      0.811765
1427      0.807843
1428      0.796078
1429      0.788235
1430      0.780392
1431      0.780392
1432      0.784314
1433      0.784314
1434      0.800000
1435      0.792157
1436      0.780392
1437      0.780392
1438      0.780392
1439      0.776471
1440      0.772549
1441      0.764706
1442      0.756863
1443      0.749020
1444      0.741176
1445      0.741176
1446      0.741176
1447      0.729412
1448      0.709804
1449      0.694118
1450      0.698039
1451      0.709804
1452      0.729412
1453      0.752941
1454      0.772549
1455      0.784314
1456      0.792157
1457      0.792157
1458      0.780392
1459      0.784314
1460      0.780392
1461      0.764706
1462      0.745098
1463      0.737255
1464      0.745098
1465      0.752941
1466      0.749020
1467      0.752941
1468      0.764706
1469      0.776471
1470      0.780392
1471      0.776471
1472      0.772549
1473      0.768627
1474      0.772549
1475      0.772549
1476      0.772549
1477      0.768627
1478      0.764706
1479      0.756863
1480      0.752941
1481      0.749020
1482      0.745098
1483      0.745098
1484      0.749020
1485      0.749020
1486      0.752941
1487      0.756863
1488      0.760784
1489      0.764706
1490      0.776471
1491      0.776471
1492      0.776471
1493      0.772549
1494      0.764706
1495      0.756863
1496      0.752941
1497      0.749020
1498      0.752941
1499      0.752941
1500      0.749020
1501      0.752941
1502      0.760784
1503      0.772549
1504      0.788235
1505      0.796078
1506      0.792157
1507      0.788235
1508      0.772549
1509      0.749020
1510      0.721569
1511      0.709804
1512      0.717647
1513      0.725490
1514      0.725490
1515      0.725490
1516      0.725490
1517      0.725490
1518      0.721569
1519      0.725490
1520      0.729412
1521      0.733333
1522      0.792157
1523      0.800000
1524      0.811765
1525      0.807843
1526      0.796078
1527      0.788235
1528      0.792157
1529      0.796078
1530      0.776471
1531      0.776471
1532      0.772549
1533      0.776471
1534      0.780392
1535      0.788235
1536      0.796078
1537      0.803922
1538      0.819608
1539      0.823529
1540      0.831373
1541      0.839216
1542      0.839216
1543      0.835294
1544      0.827451
1545      0.823529
1546      0.811765
1547      0.800000
1548      0.780392
1549      0.764706
1550      0.752941
1551      0.749020
1552      0.752941
1553      0.760784
1554      0.768627
1555      0.768627
1556      0.768627
1557      0.764706
1558      0.756863
1559      0.756863
1560      0.768627
1561      0.776471
1562      0.760784
1563      0.756863
1564      0.752941
1565      0.749020
1566      0.749020
1567      0.756863
1568      0.760784
1569      0.764706
1570      0.768627
1571      0.772549
1572      0.772549
1573      0.768627
1574      0.768627
1575      0.772549
1576      0.784314
1577      0.796078
1578      0.784314
1579      0.780392
1580      0.772549
1581      0.768627
1582      0.768627
1583      0.772549
1584      0.784314
1585      0.788235
1586      0.800000
1587      0.796078
1588      0.792157
1589      0.733333
1590      0.729412
1591      0.721569
1592      0.717647
1593      0.713726
1594      0.709804
1595      0.713726
1596      0.713726
1597      0.678431
1598      0.658824
1599      0.639216
1600      0.631373
1601      0.639216
1602      0.647059
1603      0.647059
1604      0.639216
1605      0.647059
1606      0.650980
1607      0.662745
1608      0.686275
1609      0.709804
1610      0.741176
1611      0.764706
1612      0.776471
1613      0.776471
1614      0.784314
1615      0.788235
1616      0.792157
1617      0.784314
1618      0.772549
1619      0.756863
1620      0.745098
1621      0.745098
1622      0.752941
1623      0.764706
1624      0.776471
1625      0.780392
1626      0.780392
1627      0.776471
1628      0.772549
1629      0.764706
1630      0.760784
1631      0.752941
1632      0.749020
1633      0.749020
1634      0.752941
1635      0.760784
1636      0.764706
1637      0.776471
1638      0.768627
1639      0.760784
1640      0.752941
1641      0.752941
1642      0.760784
1643      0.768627
1644      0.776471
1645      0.760784
1646      0.764706
1647      0.768627
1648      0.776471
1649      0.784314
1650      0.796078
1651      0.807843
1652      0.811765
1653      0.819608
1654      0.811765
1655      0.796078
1656      0.784314
1657      0.780392
1658      0.784314
1659      0.792157
1660      0.800000
1661      0.823529
1662      0.807843
1663      0.792157
1664      0.784314
1665      0.784314
1666      0.788235
1667      0.788235
1668      0.788235
1669      0.768627
1670      0.760784
1671      0.752941
1672      0.756863
1673      0.756863
1674      0.749020
1675      0.725490
1676      0.705882
1677      0.717647
1678      0.729412
1679      0.752941
1680      0.780392
1681      0.800000
1682      0.807843
1683      0.811765
1684      0.811765
1685      0.792157
1686      0.796078
1687      0.792157
1688      0.776471
1689      0.752941
1690      0.745098
1691      0.752941
1692      0.760784
1693      0.756863
1694      0.760784
1695      0.772549
1696      0.780392
1697      0.784314
1698      0.784314
1699      0.776471
1700      0.772549
1701      0.780392
1702      0.780392
1703      0.776471
1704      0.772549
1705      0.764706
1706      0.756863
1707      0.749020
1708      0.745098
1709      0.741176
1710      0.745098
1711      0.749020
1712      0.752941
1713      0.756863
1714      0.756863
1715      0.760784
1716      0.760784
1717      0.780392
1718      0.780392
1719      0.772549
1720      0.764706
1721      0.752941
1722      0.741176
1723      0.729412
1724      0.725490
1725      0.737255
1726      0.737255
1727      0.741176
1728      0.749020
1729      0.760784
1730      0.772549
1731      0.788235
1732      0.796078
1733      0.760784
1734      0.760784
1735      0.749020
1736      0.729412
1737      0.713726
1738      0.713726
1739      0.729412
1740      0.745098
1741      0.725490
1742      0.729412
1743      0.729412
1744      0.729412
1745      0.733333
1746      0.741176
1747      0.752941
1748      0.764706
1749      0.827451
1750      0.835294
1751      0.835294
1752      0.819608
1753      0.800000
1754      0.784314
1755      0.784314
1756      0.792157
1757      0.772549
1758      0.772549
1759      0.768627
1760      0.772549
1761      0.776471
1762      0.784314
1763      0.796078
1764      0.800000
1765      0.823529
1766      0.831373
1767      0.835294
1768      0.843137
1769      0.839216
1770      0.835294
1771      0.827451
1772      0.819608
1773      0.800000
1774      0.784314
1775      0.764706
1776      0.752941
1777      0.752941
1778      0.760784
1779      0.764706
1780      0.768627
1781      0.760784
1782      0.764706
1783      0.760784
1784      0.756863
1785      0.749020
1786      0.749020
1787      0.760784
1788      0.768627
1789      0.752941
1790      0.752941
1791      0.749020
1792      0.749020
1793      0.749020
1794      0.756863
1795      0.764706
1796      0.768627
1797      0.764706
1798      0.768627
1799      0.776471
1800      0.776471
1801      0.772549
1802      0.776471
1803      0.788235
1804      0.796078
1805      0.780392
1806      0.776471
1807      0.768627
1808      0.760784
1809      0.760784
1810      0.768627
1811      0.776471
1812      0.780392
1813      0.800000
1814      0.796078
1815      0.792157
1816      0.713726
1817      0.709804
1818      0.709804
1819      0.709804
1820      0.709804
1821      0.698039
1822      0.678431
1823      0.662745
1824      0.623529
1825      0.647059
1826      0.647059
1827      0.627451
1828      0.619608
1829      0.639216
1830      0.647059
1831      0.635294
1832      0.650980
1833      0.666667
1834      0.690196
1835      0.721569
1836      0.749020
1837      0.768627
1838      0.784314
1839      0.792157
1840      0.788235
1841      0.788235
1842      0.784314
1843      0.784314
1844      0.780392
1845      0.780392
1846      0.776471
1847      0.776471
1848      0.768627
1849      0.752941
1850      0.737255
1851      0.733333
1852      0.745098
1853      0.760784
1854      0.776471
1855      0.788235
1856      0.768627
1857      0.745098
1858      0.733333
1859      0.745098
1860      0.756863
1861      0.752941
1862      0.752941
1863      0.756863
1864      0.768627
1865      0.749020
1866      0.733333
1867      0.729412
1868      0.741176
1869      0.752941
1870      0.756863
1871      0.756863
1872      0.752941
1873      0.752941
1874      0.756863
1875      0.760784
1876      0.768627
1877      0.780392
1878      0.788235
1879      0.792157
1880      0.823529
1881      0.807843
1882      0.796078
1883      0.792157
1884      0.780392
1885      0.768627
1886      0.776471
1887      0.800000
1888      0.823529
1889      0.819608
1890      0.815686
1891      0.815686
1892      0.815686
1893      0.807843
1894      0.792157
1895      0.780392
1896      0.780392
1897      0.780392
1898      0.772549
1899      0.756863
1900      0.741176
1901      0.729412
1902      0.729412
1903      0.733333
1904      0.737255
1905      0.741176
1906      0.752941
1907      0.776471
1908      0.800000
1909      0.811765
1910      0.800000
1911      0.788235
1912      0.792157
1913      0.792157
1914      0.784314
1915      0.776471
1916      0.764706
1917      0.760784
1918      0.768627
1919      0.772549
1920      0.780392
1921      0.792157
1922      0.800000
1923      0.800000
1924      0.788235
1925      0.772549
1926      0.760784
1927      0.756863
1928      0.764706
1929      0.764706
1930      0.764706
1931      0.764706
1932      0.764706
1933      0.764706
1934      0.760784
1935      0.760784
1936      0.764706
1937      0.760784
1938      0.752941
1939      0.749020
1940      0.752941
1941      0.756863
1942      0.768627
1943      0.772549
1944      0.772549
1945      0.776471
1946      0.772549
1947      0.752941
1948      0.725490
1949      0.709804
1950      0.705882
1951      0.709804
1952      0.737255
1953      0.737255
1954      0.745098
1955      0.749020
1956      0.756863
1957      0.756863
1958      0.760784
1959      0.760784
1960      0.737255
1961      0.733333
1962      0.725490
1963      0.717647
1964      0.713726
1965      0.717647
1966      0.721569
1967      0.725490
1968      0.713726
1969      0.733333
1970      0.756863
1971      0.764706
1972      0.768627
1973      0.772549
1974      0.788235
1975      0.803922
1976      0.843137
1977      0.835294
1978      0.819608
1979      0.803922
1980      0.784314
1981      0.768627
1982      0.752941
1983      0.745098
1984      0.749020
1985      0.756863
1986      0.764706
1987      0.772549
1988      0.776471
1989      0.780392
1990      0.776471
1991      0.776471
1992      0.796078
1993      0.807843
1994      0.827451
1995      0.843137
1996      0.847059
1997      0.839216
1998      0.827451
1999      0.819608
2000      0.788235
2001      0.768627
2002      0.749020
2003      0.741176
2004      0.749020
2005      0.756863
2006      0.760784
2007      0.756863
2008      0.756863
2009      0.752941
2010      0.749020
2011      0.749020
2012      0.756863
2013      0.760784
2014      0.760784
2015      0.760784
2016      0.756863
2017      0.756863
2018      0.756863
2019      0.756863
2020      0.756863
2021      0.756863
2022      0.756863
2023      0.756863
2024      0.772549
2025      0.768627
2026      0.760784
2027      0.756863
2028      0.756863
2029      0.760784
2030      0.772549
2031      0.776471
2032      0.768627
2033      0.764706
2034      0.756863
2035      0.745098
2036      0.741176
2037      0.752941
2038      0.768627
2039      0.780392
2040      0.788235
2041      0.784314
2042      0.784314
2043      0.705882
2044      0.694118
2045      0.678431
2046      0.666667
2047      0.662745
2048      0.654902
2049      0.647059
2050      0.635294
2051      0.623529
2052      0.643137
2053      0.639216
2054      0.619608
2055      0.611765
2056      0.631373
2057      0.639216
2058      0.635294
2059      0.662745
2060      0.682353
2061      0.713726
2062      0.745098
2063      0.768627
2064      0.780392
2065      0.780392
2066      0.776471
2067      0.776471
2068      0.776471
2069      0.772549
2070      0.772549
2071      0.768627
2072      0.764706
2073      0.760784
2074      0.760784
2075      0.752941
2076      0.745098
2077      0.741176
2078      0.741176
2079      0.749020
2080      0.760784
2081      0.772549
2082      0.780392
2083      0.756863
2084      0.741176
2085      0.741176
2086      0.764706
2087      0.776471
2088      0.768627
2089      0.756863
2090      0.756863
2091      0.760784
2092      0.749020
2093      0.733333
2094      0.733333
2095      0.741176
2096      0.749020
2097      0.749020
2098      0.745098
2099      0.737255
2100      0.741176
2101      0.745098
2102      0.752941
2103      0.760784
2104      0.768627
2105      0.776471
2106      0.780392
2107      0.792157
2108      0.780392
2109      0.776471
2110      0.784314
2111      0.776471
2112      0.768627
2113      0.784314
2114      0.807843
2115      0.827451
2116      0.823529
2117      0.815686
2118      0.815686
2119      0.811765
2120      0.803922
2121      0.792157
2122      0.780392
2123      0.772549
2124      0.772549
2125      0.768627
2126      0.756863
2127      0.741176
2128      0.733333
2129      0.733333
2130      0.737255
2131      0.745098
2132      0.749020
2133      0.756863
2134      0.776471
2135      0.796078
2136      0.803922
2137      0.796078
2138      0.784314
2139      0.784314
2140      0.780392
2141      0.780392
2142      0.772549
2143      0.772549
2144      0.776471
2145      0.784314
2146      0.788235
2147      0.796078
2148      0.803922
2149      0.811765
2150      0.807843
2151      0.792157
2152      0.776471
2153      0.764706
2154      0.760784
2155      0.768627
2156      0.768627
2157      0.768627
2158      0.772549
2159      0.772549
2160      0.772549
2161      0.772549
2162      0.772549
2163      0.772549
2164      0.768627
2165      0.764706
2166      0.760784
2167      0.760784
2168      0.760784
2169      0.764706
2170      0.768627
2171      0.752941
2172      0.749020
2173      0.741176
2174      0.721569
2175      0.701961
2176      0.694118
2177      0.698039
2178      0.709804
2179      0.721569
2180      0.725490
2181      0.729412
2182      0.733333
2183      0.741176
2184      0.745098
2185      0.749020
2186      0.749020
2187      0.729412
2188      0.721569
2189      0.709804
2190      0.705882
2191      0.709804
2192      0.721569
2193      0.737255
2194      0.745098
2195      0.752941
2196      0.764706
2197      0.776471
2198      0.788235
2199      0.792157
2200      0.800000
2201      0.811765
2202      0.819608
2203      0.819608
2204      0.811765
2205      0.800000
2206      0.784314
2207      0.768627
2208      0.756863
2209      0.749020
2210      0.745098
2211      0.752941
2212      0.756863
2213      0.760784
2214      0.764706
2215      0.768627
2216      0.772549
2217      0.776471
2218      0.776471
2219      0.796078
2220      0.803922
2221      0.819608
2222      0.831373
2223      0.835294
2224      0.827451
2225      0.815686
2226      0.803922
2227      0.780392
2228      0.764706
2229      0.752941
2230      0.749020
2231      0.756863
2232      0.768627
2233      0.768627
2234      0.764706
2235      0.764706
2236      0.760784
2237      0.756863
2238      0.756863
2239      0.760784
2240      0.760784
2241      0.760784
2242      0.760784
2243      0.756863
2244      0.756863
2245      0.756863
2246      0.756863
2247      0.756863
2248      0.756863
2249      0.756863
2250      0.756863
2251      0.768627
2252      0.764706
2253      0.756863
2254      0.752941
2255      0.756863
2256      0.760784
2257      0.768627
2258      0.776471
2259      0.772549
2260      0.764706
2261      0.756863
2262      0.749020
2263      0.749020
2264      0.756863
2265      0.772549
2266      0.780392
2267      0.788235
2268      0.788235
2269      0.788235
2270      0.686275
2271      0.666667
2272      0.635294
2273      0.615686
2274      0.603922
2275      0.603922
2276      0.607843
2277      0.607843
2278      0.623529
2279      0.635294
2280      0.631373
2281      0.611765
2282      0.607843
2283      0.627451
2284      0.643137
2285      0.647059
2286      0.678431
2287      0.701961
2288      0.737255
2289      0.768627
2290      0.784314
2291      0.784314
2292      0.768627
2293      0.756863
2294      0.764706
2295      0.764706
2296      0.760784
2297      0.752941
2298      0.745098
2299      0.741176
2300      0.737255
2301      0.733333
2302      0.733333
2303      0.737255
2304      0.741176
2305      0.745098
2306      0.749020
2307      0.752941
2308      0.752941
2309      0.756863
2310      0.733333
2311      0.729412
2312      0.749020
2313      0.780392
2314      0.792157
2315      0.776471
2316      0.760784
2317      0.760784
2318      0.752941
2319      0.749020
2320      0.741176
2321      0.741176
2322      0.741176
2323      0.741176
2324      0.737255
2325      0.729412
2326      0.721569
2327      0.725490
2328      0.733333
2329      0.745098
2330      0.752941
2331      0.756863
2332      0.760784
2333      0.760784
2334      0.752941
2335      0.749020
2336      0.756863
2337      0.772549
2338      0.776471
2339      0.772549
2340      0.788235
2341      0.811765
2342      0.827451
2343      0.819608
2344      0.811765
2345      0.807843
2346      0.807843
2347      0.800000
2348      0.784314
2349      0.772549
2350      0.760784
2351      0.760784
2352      0.760784
2353      0.752941
2354      0.741176
2355      0.737255
2356      0.741176
2357      0.749020
2358      0.756863
2359      0.756863
2360      0.764706
2361      0.780392
2362      0.792157
2363      0.792157
2364      0.784314
2365      0.776471
2366      0.768627
2367      0.768627
2368      0.764706
2369      0.768627
2370      0.776471
2371      0.784314
2372      0.796078
2373      0.800000
2374      0.800000
2375      0.807843
2376      0.815686
2377      0.811765
2378      0.796078
2379      0.780392
2380      0.772549
2381      0.768627
2382      0.772549
2383      0.776471
2384      0.780392
2385      0.784314
2386      0.788235
2387      0.788235
2388      0.788235
2389      0.784314
2390      0.772549
2391      0.772549
2392      0.772549
2393      0.768627
2394      0.764706
2395      0.756863
2396      0.752941
2397      0.749020
2398      0.729412
2399      0.725490
2400      0.713726
2401      0.701961
2402      0.690196
2403      0.690196
2404      0.701961
2405      0.713726
2406      0.721569
2407      0.721569
2408      0.725490
2409      0.725490
2410      0.729412
2411      0.737255
2412      0.741176
2413      0.745098
2414      0.713726
2415      0.705882
2416      0.705882
2417      0.705882
2418      0.721569
2419      0.745098
2420      0.772549
2421      0.788235
2422      0.800000
2423      0.800000
2424      0.800000
2425      0.803922
2426      0.815686
2427      0.823529
2428      0.823529
2429      0.819608
2430      0.788235
2431      0.780392
2432      0.768627
2433      0.752941
2434      0.745098
2435      0.745098
2436      0.745098
2437      0.749020
2438      0.752941
2439      0.752941
2440      0.752941
2441      0.752941
2442      0.756863
2443      0.764706
2444      0.772549
2445      0.780392
2446      0.796078
2447      0.803922
2448      0.811765
2449      0.819608
2450      0.815686
2451      0.807843
2452      0.792157
2453      0.784314
2454      0.760784
2455      0.756863
2456      0.749020
2457      0.752941
2458      0.760784
2459      0.768627
2460      0.772549
2461      0.768627
2462      0.772549
2463      0.772549
2464      0.772549
2465      0.768627
2466      0.764706
2467      0.760784
2468      0.760784
2469      0.760784
2470      0.756863
2471      0.756863
2472      0.756863
2473      0.756863
2474      0.756863
2475      0.756863
2476      0.756863
2477      0.756863
2478      0.764706
2479      0.760784
2480      0.756863
2481      0.752941
2482      0.756863
2483      0.760784
2484      0.768627
2485      0.772549
2486      0.772549
2487      0.764706
2488      0.760784
2489      0.756863
2490      0.756863
2491      0.764706
2492      0.776471
2493      0.780392
2494      0.792157
2495      0.788235
2496      0.788235
2497      0.654902
2498      0.631373
2499      0.603922
2500      0.584314
2501      0.580392
2502      0.584314
2503      0.588235
2504      0.588235
2505      0.615686
2506      0.619608
2507      0.619608
2508      0.611765
2509      0.615686
2510      0.635294
2511      0.658824
2512      0.674510
2513      0.701961
2514      0.721569
2515      0.749020
2516      0.768627
2517      0.776471
2518      0.772549
2519      0.756863
2520      0.749020
2521      0.756863
2522      0.752941
2523      0.749020
2524      0.737255
2525      0.729412
2526      0.721569
2527      0.713726
2528      0.709804
2529      0.717647
2530      0.729412
2531      0.741176
2532      0.745098
2533      0.737255
2534      0.729412
2535      0.717647
2536      0.713726
2537      0.713726
2538      0.713726
2539      0.733333
2540      0.764706
2541      0.780392
2542      0.768627
2543      0.760784
2544      0.764706
2545      0.749020
2546      0.749020
2547      0.745098
2548      0.745098
2549      0.741176
2550      0.733333
2551      0.721569
2552      0.713726
2553      0.709804
2554      0.713726
2555      0.725490
2556      0.733333
2557      0.741176
2558      0.749020
2559      0.749020
2560      0.749020
2561      0.733333
2562      0.733333
2563      0.749020
2564      0.772549
2565      0.780392
2566      0.776471
2567      0.788235
2568      0.811765
2569      0.811765
2570      0.803922
2571      0.796078
2572      0.792157
2573      0.788235
2574      0.784314
2575      0.772549
2576      0.764706
2577      0.749020
2578      0.752941
2579      0.756863
2580      0.749020
2581      0.745098
2582      0.745098
2583      0.749020
2584      0.756863
2585      0.768627
2586      0.772549
2587      0.776471
2588      0.784314
2589      0.788235
2590      0.784314
2591      0.776471
2592      0.768627
2593      0.760784
2594      0.756863
2595      0.752941
2596      0.756863
2597      0.768627
2598      0.780392
2599      0.788235
2600      0.792157
2601      0.780392
2602      0.792157
2603      0.800000
2604      0.800000
2605      0.792157
2606      0.780392
2607      0.776471
2608      0.776471
2609      0.780392
2610      0.784314
2611      0.792157
2612      0.796078
2613      0.800000
2614      0.800000
2615      0.800000
2616      0.796078
2617      0.772549
2618      0.772549
2619      0.776471
2620      0.772549
2621      0.764706
2622      0.752941
2623      0.737255
2624      0.729412
2625      0.725490
2626      0.725490
2627      0.725490
2628      0.721569
2629      0.721569
2630      0.725490
2631      0.733333
2632      0.737255
2633      0.749020
2634      0.745098
2635      0.737255
2636      0.733333
2637      0.733333
2638      0.737255
2639      0.741176
2640      0.745098
2641      0.701961
2642      0.705882
2643      0.721569
2644      0.741176
2645      0.764706
2646      0.792157
2647      0.815686
2648      0.827451
2649      0.827451
2650      0.811765
2651      0.800000
2652      0.800000
2653      0.803922
2654      0.807843
2655      0.796078
2656      0.784314
2657      0.764706
2658      0.756863
2659      0.745098
2660      0.737255
2661      0.733333
2662      0.741176
2663      0.749020
2664      0.756863
2665      0.756863
2666      0.752941
2667      0.745098
2668      0.741176
2669      0.749020
2670      0.760784
2671      0.772549
2672      0.780392
2673      0.796078
2674      0.800000
2675      0.800000
2676      0.803922
2677      0.796078
2678      0.788235
2679      0.776471
2680      0.768627
2681      0.752941
2682      0.752941
2683      0.752941
2684      0.756863
2685      0.764706
2686      0.768627
2687      0.768627
2688      0.768627
2689      0.780392
2690      0.780392
2691      0.784314
2692      0.776471
2693      0.768627
2694      0.760784
2695      0.756863
2696      0.756863
2697      0.756863
2698      0.756863
2699      0.756863
2700      0.756863
2701      0.756863
2702      0.756863
2703      0.756863
2704      0.756863
2705      0.756863
2706      0.752941
2707      0.752941
2708      0.752941
2709      0.756863
2710      0.760784
2711      0.764706
2712      0.768627
2713      0.772549
2714      0.764706
2715      0.760784
2716      0.760784
2717      0.768627
2718      0.772549
2719      0.776471
2720      0.780392
2721      0.788235
2722      0.788235
2723      0.792157
2724      0.619608
2725      0.603922
2726      0.588235
2727      0.580392
2728      0.580392
2729      0.588235
2730      0.592157
2731      0.592157
2732      0.607843
2733      0.607843
2734      0.611765
2735      0.619608
2736      0.631373
2737      0.650980
2738      0.682353
2739      0.705882
2740      0.725490
2741      0.729412
2742      0.741176
2743      0.749020
2744      0.752941
2745      0.752941
2746      0.749020
2747      0.745098
2748      0.756863
2749      0.752941
2750      0.741176
2751      0.729412
2752      0.717647
2753      0.705882
2754      0.694118
2755      0.690196
2756      0.705882
2757      0.717647
2758      0.729412
2759      0.725490
2760      0.705882
2761      0.686275
2762      0.674510
2763      0.670588
2764      0.690196
2765      0.686275
2766      0.701961
2767      0.725490
2768      0.737255
2769      0.737255
2770      0.745098
2771      0.760784
2772      0.741176
2773      0.745098
2774      0.745098
2775      0.741176
2776      0.729412
2777      0.713726
2778      0.701961
2779      0.694118
2780      0.698039
2781      0.701961
2782      0.709804
2783      0.717647
2784      0.725490
2785      0.733333
2786      0.737255
2787      0.737255
2788      0.729412
2789      0.733333
2790      0.752941
2791      0.780392
2792      0.788235
2793      0.780392
2794      0.784314
2795      0.800000
2796      0.792157
2797      0.784314
2798      0.772549
2799      0.768627
2800      0.768627
2801      0.768627
2802      0.760784
2803      0.752941
2804      0.749020
2805      0.752941
2806      0.756863
2807      0.752941
2808      0.749020
2809      0.749020
2810      0.760784
2811      0.768627
2812      0.780392
2813      0.784314
2814      0.788235
2815      0.788235
2816      0.784314
2817      0.780392
2818      0.772549
2819      0.772549
2820      0.764706
2821      0.752941
2822      0.745098
2823      0.745098
2824      0.756863
2825      0.768627
2826      0.768627
2827      0.764706
2828      0.749020
2829      0.760784
2830      0.772549
2831      0.780392
2832      0.776471
2833      0.776471
2834      0.784314
2835      0.788235
2836      0.788235
2837      0.792157
2838      0.800000
2839      0.807843
2840      0.807843
2841      0.807843
2842      0.800000
2843      0.796078
2844      0.776471
2845      0.780392
2846      0.784314
2847      0.784314
2848      0.776471
2849      0.760784
2850      0.745098
2851      0.737255
2852      0.745098
2853      0.752941
2854      0.764706
2855      0.776471
2856      0.784314
2857      0.780392
2858      0.776471
2859      0.768627
2860      0.780392
2861      0.768627
2862      0.752941
2863      0.741176
2864      0.733333
2865      0.733333
2866      0.737255
2867      0.741176
2868      0.709804
2869      0.729412
2870      0.756863
2871      0.792157
2872      0.819608
2873      0.839216
2874      0.850980
2875      0.854902
2876      0.823529
2877      0.803922
2878      0.780392
2879      0.772549
2880      0.772549
2881      0.764706
2882      0.752941
2883      0.737255
2884      0.756863
2885      0.749020
2886      0.737255
2887      0.733333
2888      0.733333
2889      0.745098
2890      0.756863
2891      0.764706
2892      0.756863
2893      0.752941
2894      0.741176
2895      0.737255
2896      0.745098
2897      0.756863
2898      0.772549
2899      0.780392
2900      0.792157
2901      0.792157
2902      0.792157
2903      0.788235
2904      0.784314
2905      0.776471
2906      0.772549
2907      0.768627
2908      0.764706
2909      0.768627
2910      0.772549
2911      0.772549
2912      0.768627
2913      0.768627
2914      0.772549
2915      0.772549
2916      0.772549
2917      0.780392
2918      0.788235
2919      0.780392
2920      0.764706
2921      0.752941
2922      0.752941
2923      0.756863
2924      0.756863
2925      0.756863
2926      0.756863
2927      0.756863
2928      0.756863
2929      0.756863
2930      0.756863
2931      0.756863
2932      0.749020
2933      0.749020
2934      0.749020
2935      0.752941
2936      0.756863
2937      0.760784
2938      0.764706
2939      0.764706
2940      0.768627
2941      0.760784
2942      0.756863
2943      0.760784
2944      0.772549
2945      0.780392
2946      0.780392
2947      0.772549
2948      0.784314
2949      0.788235
2950      0.792157
2951      0.596078
2952      0.588235
2953      0.580392
2954      0.580392
2955      0.592157
2956      0.600000
2957      0.600000
2958      0.600000
2959      0.600000
2960      0.596078
2961      0.607843
2962      0.627451
2963      0.643137
2964      0.658824
2965      0.690196
2966      0.721569
2967      0.729412
2968      0.729412
2969      0.729412
2970      0.729412
2971      0.729412
2972      0.737255
2973      0.741176
2974      0.745098
2975      0.752941
2976      0.749020
2977      0.737255
2978      0.721569
2979      0.705882
2980      0.690196
2981      0.678431
2982      0.670588
2983      0.682353
2984      0.694118
2985      0.701961
2986      0.690196
2987      0.666667
2988      0.643137
2989      0.635294
2990      0.635294
2991      0.654902
2992      0.647059
2993      0.658824
2994      0.674510
2995      0.686275
2996      0.686275
2997      0.709804
2998      0.737255
2999      0.725490
3000      0.733333
3001      0.733333
3002      0.721569
3003      0.701961
3004      0.682353
3005      0.674510
3006      0.670588
3007      0.678431
3008      0.678431
3009      0.682353
3010      0.686275
3011      0.694118
3012      0.705882
3013      0.713726
3014      0.717647
3015      0.725490
3016      0.733333
3017      0.760784
3018      0.788235
3019      0.792157
3020      0.780392
3021      0.776471
3022      0.788235
3023      0.772549
3024      0.764706
3025      0.756863
3026      0.752941
3027      0.756863
3028      0.756863
3029      0.752941
3030      0.749020
3031      0.749020
3032      0.756863
3033      0.760784
3034      0.756863
3035      0.756863
3036      0.756863
3037      0.768627
3038      0.776471
3039      0.792157
3040      0.800000
3041      0.803922
3042      0.796078
3043      0.788235
3044      0.780392
3045      0.776471
3046      0.780392
3047      0.772549
3048      0.756863
3049      0.741176
3050      0.741176
3051      0.749020
3052      0.756863
3053      0.749020
3054      0.741176
3055      0.729412
3056      0.741176
3057      0.756863
3058      0.764706
3059      0.772549
3060      0.776471
3061      0.788235
3062      0.796078
3063      0.792157
3064      0.796078
3065      0.803922
3066      0.811765
3067      0.811765
3068      0.803922
3069      0.796078
3070      0.792157
3071      0.788235
3072      0.788235
3073      0.792157
3074      0.796078
3075      0.788235
3076      0.780392
3077      0.768627
3078      0.760784
3079      0.772549
3080      0.780392
3081      0.796078
3082      0.815686
3083      0.827451
3084      0.823529
3085      0.807843
3086      0.792157
3087      0.796078
3088      0.784314
3089      0.760784
3090      0.741176
3091      0.733333
3092      0.733333
3093      0.741176
3094      0.745098
3095      0.749020
3096      0.768627
3097      0.803922
3098      0.835294
3099      0.854902
3100      0.858824
3101      0.850980
3102      0.843137
3103      0.800000
3104      0.788235
3105      0.768627
3106      0.752941
3107      0.741176
3108      0.733333
3109      0.725490
3110      0.721569
3111      0.752941
3112      0.749020
3113      0.745098
3114      0.741176
3115      0.741176
3116      0.749020
3117      0.760784
3118      0.764706
3119      0.756863
3120      0.752941
3121      0.745098
3122      0.741176
3123      0.745098
3124      0.756863
3125      0.772549
3126      0.780392
3127      0.788235
3128      0.784314
3129      0.784314
3130      0.780392
3131      0.780392
3132      0.776471
3133      0.776471
3134      0.776471
3135      0.792157
3136      0.792157
3137      0.788235
3138      0.780392
3139      0.764706
3140      0.760784
3141      0.760784
3142      0.768627
3143      0.760784
3144      0.772549
3145      0.784314
3146      0.776471
3147      0.760784
3148      0.745098
3149      0.745098
3150      0.749020
3151      0.756863
3152      0.756863
3153      0.756863
3154      0.756863
3155      0.756863
3156      0.756863
3157      0.756863
3158      0.756863
3159      0.741176
3160      0.741176
3161      0.745098
3162      0.749020
3163      0.752941
3164      0.756863
3165      0.760784
3166      0.764706
3167      0.760784
3168      0.752941
3169      0.749020
3170      0.760784
3171      0.780392
3172      0.784314
3173      0.776471
3174      0.764706
3175      0.776471
3176      0.780392
3177      0.788235
3178      0.592157
3179      0.584314
3180      0.572549
3181      0.572549
3182      0.584314
3183      0.596078
3184      0.603922
3185      0.607843
3186      0.596078
3187      0.592157
3188      0.603922
3189      0.631373
3190      0.647059
3191      0.654902
3192      0.678431
3193      0.709804
3194      0.725490
3195      0.721569
3196      0.721569
3197      0.721569
3198      0.725490
3199      0.733333
3200      0.741176
3201      0.745098
3202      0.749020
3203      0.741176
3204      0.729412
3205      0.709804
3206      0.690196
3207      0.674510
3208      0.662745
3209      0.654902
3210      0.654902
3211      0.662745
3212      0.666667
3213      0.650980
3214      0.623529
3215      0.607843
3216      0.611765
3217      0.623529
3218      0.607843
3219      0.607843
3220      0.619608
3221      0.635294
3222      0.643137
3223      0.643137
3224      0.666667
3225      0.694118
3226      0.709804
3227      0.713726
3228      0.709804
3229      0.694118
3230      0.666667
3231      0.650980
3232      0.643137
3233      0.643137
3234      0.650980
3235      0.647059
3236      0.643137
3237      0.643137
3238      0.650980
3239      0.666667
3240      0.678431
3241      0.690196
3242      0.717647
3243      0.725490
3244      0.756863
3245      0.792157
3246      0.796078
3247      0.780392
3248      0.772549
3249      0.780392
3250      0.760784
3251      0.752941
3252      0.745098
3253      0.745098
3254      0.749020
3255      0.756863
3256      0.756863
3257      0.752941
3258      0.756863
3259      0.760784
3260      0.764706
3261      0.764706
3262      0.760784
3263      0.764706
3264      0.772549
3265      0.780392
3266      0.800000
3267      0.807843
3268      0.811765
3269      0.803922
3270      0.792157
3271      0.780392
3272      0.784314
3273      0.788235
3274      0.780392
3275      0.760784
3276      0.741176
3277      0.737255
3278      0.749020
3279      0.752941
3280      0.745098
3281      0.733333
3282      0.737255
3283      0.745098
3284      0.760784
3285      0.768627
3286      0.776471
3287      0.784314
3288      0.796078
3289      0.803922
3290      0.792157
3291      0.800000
3292      0.807843
3293      0.811765
3294      0.807843
3295      0.800000
3296      0.788235
3297      0.780392
3298      0.776471
3299      0.780392
3300      0.784314
3301      0.788235
3302      0.784314
3303      0.780392
3304      0.776471
3305      0.772549
3306      0.792157
3307      0.796078
3308      0.803922
3309      0.819608
3310      0.835294
3311      0.831373
3312      0.815686
3313      0.800000
3314      0.807843
3315      0.796078
3316      0.772549
3317      0.752941
3318      0.749020
3319      0.752941
3320      0.764706
3321      0.772549
3322      0.807843
3323      0.819608
3324      0.835294
3325      0.850980
3326      0.850980
3327      0.839216
3328      0.823529
3329      0.811765
3330      0.780392
3331      0.776471
3332      0.768627
3333      0.752941
3334      0.737255
3335      0.733333
3336      0.737255
3337      0.745098
3338      0.756863
3339      0.752941
3340      0.749020
3341      0.749020
3342      0.749020
3343      0.752941
3344      0.756863
3345      0.760784
3346      0.756863
3347      0.752941
3348      0.749020
3349      0.749020
3350      0.752941
3351      0.760784
3352      0.772549
3353      0.780392
3354      0.780392
3355      0.780392
3356      0.776471
3357      0.776471
3358      0.780392
3359      0.784314
3360      0.788235
3361      0.792157
3362      0.800000
3363      0.800000
3364      0.788235
3365      0.764706
3366      0.737255
3367      0.725490
3368      0.729412
3369      0.737255
3370      0.745098
3371      0.760784
3372      0.776471
3373      0.772549
3374      0.752941
3375      0.737255
3376      0.737255
3377      0.745098
3378      0.756863
3379      0.756863
3380      0.756863
3381      0.756863
3382      0.756863
3383      0.756863
3384      0.756863
3385      0.756863
3386      0.733333
3387      0.737255
3388      0.745098
3389      0.749020
3390      0.752941
3391      0.756863
3392      0.760784
3393      0.760784
3394      0.752941
3395      0.745098
3396      0.745098
3397      0.760784
3398      0.780392
3399      0.788235
3400      0.772549
3401      0.756863
3402      0.768627
3403      0.776471
3404      0.784314
3405      0.596078
3406      0.584314
3407      0.568627
3408      0.560784
3409      0.572549
3410      0.588235
3411      0.600000
3412      0.607843
3413      0.600000
3414      0.592157
3415      0.607843
3416      0.635294
3417      0.647059
3418      0.643137
3419      0.662745
3420      0.694118
3421      0.717647
3422      0.717647
3423      0.721569
3424      0.725490
3425      0.729412
3426      0.733333
3427      0.741176
3428      0.741176
3429      0.745098
3430      0.737255
3431      0.721569
3432      0.701961
3433      0.682353
3434      0.662745
3435      0.650980
3436      0.643137
3437      0.631373
3438      0.639216
3439      0.639216
3440      0.623529
3441      0.600000
3442      0.592157
3443      0.603922
3444      0.619608
3445      0.576471
3446      0.580392
3447      0.596078
3448      0.615686
3449      0.619608
3450      0.619608
3451      0.635294
3452      0.662745
3453      0.694118
3454      0.698039
3455      0.694118
3456      0.674510
3457      0.643137
3458      0.623529
3459      0.619608
3460      0.623529
3461      0.627451
3462      0.619608
3463      0.611765
3464      0.611765
3465      0.619608
3466      0.635294
3467      0.654902
3468      0.666667
3469      0.705882
3470      0.717647
3471      0.752941
3472      0.788235
3473      0.796078
3474      0.776471
3475      0.772549
3476      0.776471
3477      0.756863
3478      0.749020
3479      0.741176
3480      0.741176
3481      0.749020
3482      0.756863
3483      0.760784
3484      0.756863
3485      0.760784
3486      0.764706
3487      0.768627
3488      0.768627
3489      0.764706
3490      0.764706
3491      0.776471
3492      0.784314
3493      0.803922
3494      0.811765
3495      0.815686
3496      0.807843
3497      0.792157
3498      0.784314
3499      0.788235
3500      0.796078
3501      0.780392
3502      0.760784
3503      0.741176
3504      0.741176
3505      0.752941
3506      0.756863
3507      0.749020
3508      0.737255
3509      0.749020
3510      0.760784
3511      0.772549
3512      0.780392
3513      0.780392
3514      0.788235
3515      0.800000
3516      0.811765
3517      0.796078
3518      0.800000
3519      0.807843
3520      0.811765
3521      0.803922
3522      0.792157
3523      0.780392
3524      0.772549
3525      0.760784
3526      0.764706
3527      0.768627
3528      0.768627
3529      0.772549
3530      0.772549
3531      0.772549
3532      0.768627
3533      0.800000
3534      0.796078
3535      0.796078
3536      0.807843
3537      0.819608
3538      0.823529
3539      0.811765
3540      0.796078
3541      0.819608
3542      0.807843
3543      0.788235
3544      0.772549
3545      0.768627
3546      0.776471
3547      0.792157
3548      0.803922
3549      0.847059
3550      0.850980
3551      0.854902
3552      0.850980
3553      0.835294
3554      0.815686
3555      0.796078
3556      0.784314
3557      0.768627
3558      0.772549
3559      0.772549
3560      0.760784
3561      0.745098
3562      0.745098
3563      0.760784
3564      0.776471
3565      0.756863
3566      0.756863
3567      0.756863
3568      0.752941
3569      0.752941
3570      0.752941
3571      0.752941
3572      0.752941
3573      0.752941
3574      0.752941
3575      0.752941
3576      0.752941
3577      0.756863
3578      0.764706
3579      0.772549
3580      0.780392
3581      0.776471
3582      0.776471
3583      0.776471
3584      0.776471
3585      0.780392
3586      0.788235
3587      0.796078
3588      0.803922
3589      0.792157
3590      0.788235
3591      0.768627
3592      0.737255
3593      0.705882
3594      0.690196
3595      0.694118
3596      0.701961
3597      0.733333
3598      0.752941
3599      0.772549
3600      0.768627
3601      0.749020
3602      0.733333
3603      0.733333
3604      0.745098
3605      0.756863
3606      0.756863
3607      0.756863
3608      0.756863
3609      0.756863
3610      0.756863
3611      0.756863
3612      0.756863
3613      0.733333
3614      0.737255
3615      0.741176
3616      0.749020
3617      0.752941
3618      0.756863
3619      0.760784
3620      0.760784
3621      0.749020
3622      0.741176
3623      0.741176
3624      0.756863
3625      0.780392
3626      0.788235
3627      0.772549
3628      0.752941
3629      0.764706
3630      0.772549
3631      0.784314
3632      0.592157
3633      0.576471
3634      0.568627
3635      0.584314
3636      0.615686
3637      0.627451
3638      0.615686
3639      0.592157
3640      0.623529
3641      0.611765
3642      0.615686
3643      0.623529
3644      0.627451
3645      0.623529
3646      0.643137
3647      0.666667
3648      0.709804
3649      0.709804
3650      0.709804
3651      0.717647
3652      0.725490
3653      0.741176
3654      0.752941
3655      0.760784
3656      0.749020
3657      0.725490
3658      0.694118
3659      0.686275
3660      0.682353
3661      0.662745
3662      0.623529
3663      0.588235
3664      0.600000
3665      0.615686
3666      0.631373
3667      0.631373
3668      0.615686
3669      0.600000
3670      0.592157
3671      0.592157
3672      0.584314
3673      0.584314
3674      0.584314
3675      0.592157
3676      0.611765
3677      0.635294
3678      0.662745
3679      0.678431
3680      0.666667
3681      0.670588
3682      0.666667
3683      0.647059
3684      0.619608
3685      0.596078
3686      0.588235
3687      0.588235
3688      0.592157
3689      0.584314
3690      0.588235
3691      0.588235
3692      0.580392
3693      0.580392
3694      0.615686
3695      0.654902
3696      0.701961
3697      0.721569
3698      0.752941
3699      0.772549
3700      0.772549
3701      0.760784
3702      0.749020
3703      0.745098
3704      0.760784
3705      0.756863
3706      0.749020
3707      0.741176
3708      0.741176
3709      0.741176
3710      0.745098
3711      0.749020
3712      0.760784
3713      0.760784
3714      0.760784
3715      0.760784
3716      0.760784
3717      0.760784
3718      0.760784
3719      0.760784
3720      0.784314
3721      0.796078
3722      0.811765
3723      0.815686
3724      0.803922
3725      0.780392
3726      0.764706
3727      0.756863
3728      0.760784
3729      0.760784
3730      0.756863
3731      0.756863
3732      0.756863
3733      0.756863
3734      0.756863
3735      0.756863
3736      0.776471
3737      0.772549
3738      0.768627
3739      0.768627
3740      0.776471
3741      0.788235
3742      0.803922
3743      0.815686
3744      0.835294
3745      0.827451
3746      0.815686
3747      0.800000
3748      0.792157
3749      0.788235
3750      0.784314
3751      0.784314
3752      0.768627
3753      0.764706
3754      0.756863
3755      0.741176
3756      0.729412
3757      0.725490
3758      0.733333
3759      0.741176
3760      0.756863
3761      0.760784
3762      0.772549
3763      0.780392
3764      0.788235
3765      0.796078
3766      0.796078
3767      0.800000
3768      0.803922
3769      0.796078
3770      0.788235
3771      0.780392
3772      0.788235
3773      0.803922
3774      0.819608
3775      0.831373
3776      0.854902
3777      0.854902
3778      0.847059
3779      0.839216
3780      0.823529
3781      0.800000
3782      0.784314
3783      0.772549
3784      0.780392
3785      0.776471
3786      0.768627
3787      0.764706
3788      0.760784
3789      0.764706
3790      0.768627
3791      0.768627
3792      0.760784
3793      0.760784
3794      0.760784
3795      0.760784
3796      0.756863
3797      0.752941
3798      0.745098
3799      0.745098
3800      0.725490
3801      0.725490
3802      0.729412
3803      0.737255
3804      0.745098
3805      0.760784
3806      0.772549
3807      0.780392
3808      0.776471
3809      0.772549
3810      0.768627
3811      0.772549
3812      0.780392
3813      0.796078
3814      0.811765
3815      0.823529
3816      0.792157
3817      0.772549
3818      0.745098
3819      0.713726
3820      0.694118
3821      0.682353
3822      0.678431
3823      0.678431
3824      0.678431
3825      0.705882
3826      0.733333
3827      0.749020
3828      0.745098
3829      0.737255
3830      0.737255
3831      0.737255
3832      0.745098
3833      0.752941
3834      0.756863
3835      0.764706
3836      0.768627
3837      0.768627
3838      0.764706
3839      0.760784
3840      0.752941
3841      0.749020
3842      0.745098
3843      0.745098
3844      0.749020
3845      0.749020
3846      0.737255
3847      0.729412
3848      0.733333
3849      0.741176
3850      0.756863
3851      0.768627
3852      0.780392
3853      0.780392
3854      0.780392
3855      0.776471
3856      0.792157
3857      0.792157
3858      0.796078
3859      0.619608
3860      0.603922
3861      0.588235
3862      0.592157
3863      0.603922
3864      0.611765
3865      0.603922
3866      0.596078
3867      0.615686
3868      0.603922
3869      0.607843
3870      0.615686
3871      0.615686
3872      0.615686
3873      0.631373
3874      0.658824
3875      0.698039
3876      0.705882
3877      0.713726
3878      0.725490
3879      0.737255
3880      0.745098
3881      0.752941
3882      0.752941
3883      0.741176
3884      0.729412
3885      0.713726
3886      0.705882
3887      0.698039
3888      0.670588
3889      0.627451
3890      0.596078
3891      0.603922
3892      0.611765
3893      0.623529
3894      0.619608
3895      0.603922
3896      0.588235
3897      0.584314
3898      0.588235
3899      0.580392
3900      0.584314
3901      0.596078
3902      0.611765
3903      0.627451
3904      0.643137
3905      0.654902
3906      0.662745
3907      0.650980
3908      0.650980
3909      0.647059
3910      0.631373
3911      0.603922
3912      0.584314
3913      0.576471
3914      0.576471
3915      0.580392
3916      0.576471
3917      0.580392
3918      0.584314
3919      0.576471
3920      0.576471
3921      0.603922
3922      0.643137
3923      0.678431
3924      0.701961
3925      0.733333
3926      0.752941
3927      0.756863
3928      0.752941
3929      0.745098
3930      0.741176
3931      0.756863
3932      0.752941
3933      0.752941
3934      0.752941
3935      0.752941
3936      0.752941
3937      0.752941
3938      0.752941
3939      0.760784
3940      0.760784
3941      0.760784
3942      0.760784
3943      0.760784
3944      0.760784
3945      0.756863
3946      0.756863
3947      0.768627
3948      0.780392
3949      0.796078
3950      0.800000
3951      0.788235
3952      0.776471
3953      0.764706
3954      0.764706
3955      0.780392
3956      0.780392
3957      0.776471
3958      0.776471
3959      0.772549
3960      0.772549
3961      0.772549
3962      0.768627
3963      0.776471
3964      0.772549
3965      0.768627
3966      0.772549
3967      0.780392
3968      0.796078
3969      0.811765
3970      0.819608
3971      0.847059
3972      0.839216
3973      0.827451
3974      0.811765
3975      0.800000
3976      0.792157
3977      0.788235
3978      0.788235
3979      0.764706
3980      0.760784
3981      0.752941
3982      0.737255
3983      0.725490
3984      0.725490
3985      0.733333
3986      0.745098
3987      0.764706
3988      0.764706
3989      0.772549
3990      0.776471
3991      0.784314
3992      0.784314
3993      0.784314
3994      0.784314
3995      0.792157
3996      0.788235
3997      0.784314
3998      0.784314
3999      0.792157
4000      0.803922
4001      0.819608
4002      0.827451
4003      0.847059
4004      0.839216
4005      0.831373
4006      0.815686
4007      0.803922
4008      0.792157
4009      0.784314
4010      0.784314
4011      0.784314
4012      0.780392
4013      0.772549
4014      0.768627
4015      0.764706
4016      0.768627
4017      0.772549
4018      0.772549
4019      0.772549
4020      0.772549
4021      0.772549
4022      0.772549
4023      0.768627
4024      0.764706
4025      0.760784
4026      0.756863
4027      0.745098
4028      0.745098
4029      0.745098
4030      0.745098
4031      0.752941
4032      0.760784
4033      0.768627
4034      0.776471
4035      0.776471
4036      0.772549
4037      0.768627
4038      0.768627
4039      0.776471
4040      0.788235
4041      0.800000
4042      0.811765
4043      0.776471
4044      0.760784
4045      0.733333
4046      0.701961
4047      0.682353
4048      0.666667
4049      0.666667
4050      0.666667
4051      0.674510
4052      0.690196
4053      0.709804
4054      0.721569
4055      0.725490
4056      0.725490
4057      0.733333
4058      0.741176
4059      0.756863
4060      0.760784
4061      0.768627
4062      0.772549
4063      0.772549
4064      0.772549
4065      0.768627
4066      0.768627
4067      0.760784
4068      0.752941
4069      0.749020
4070      0.745098
4071      0.749020
4072      0.745098
4073      0.737255
4074      0.729412
4075      0.741176
4076      0.749020
4077      0.760784
4078      0.772549
4079      0.780392
4080      0.780392
4081      0.780392
4082      0.776471
4083      0.784314
4084      0.784314
4085      0.784314
4086      0.650980
4087      0.635294
4088      0.611765
4089      0.592157
4090      0.584314
4091      0.584314
4092      0.592157
4093      0.596078
4094      0.603922
4095      0.592157
4096      0.596078
4097      0.603922
4098      0.603922
4099      0.600000
4100      0.619608
4101      0.643137
4102      0.686275
4103      0.698039
4104      0.717647
4105      0.737255
4106      0.749020
4107      0.752941
4108      0.749020
4109      0.745098
4110      0.737255
4111      0.741176
4112      0.741176
4113      0.733333
4114      0.709804
4115      0.678431
4116      0.639216
4117      0.615686
4118      0.607843
4119      0.611765
4120      0.611765
4121      0.603922
4122      0.592157
4123      0.580392
4124      0.580392
4125      0.580392
4126      0.576471
4127      0.588235
4128      0.607843
4129      0.627451
4130      0.639216
4131      0.643137
4132      0.643137
4133      0.639216
4134      0.627451
4135      0.627451
4136      0.619608
4137      0.603922
4138      0.584314
4139      0.568627
4140      0.560784
4141      0.560784
4142      0.560784
4143      0.556863
4144      0.564706
4145      0.572549
4146      0.568627
4147      0.564706
4148      0.588235
4149      0.619608
4150      0.650980
4151      0.674510
4152      0.705882
4153      0.729412
4154      0.741176
4155      0.741176
4156      0.741176
4157      0.741176
4158      0.749020
4159      0.752941
4160      0.760784
4161      0.768627
4162      0.768627
4163      0.768627
4164      0.768627
4165      0.764706
4166      0.756863
4167      0.756863
4168      0.760784
4169      0.764706
4170      0.760784
4171      0.752941
4172      0.749020
4173      0.741176
4174      0.749020
4175      0.760784
4176      0.772549
4177      0.776471
4178      0.776471
4179      0.772549
4180      0.772549
4181      0.772549
4182      0.796078
4183      0.796078
4184      0.792157
4185      0.788235
4186      0.784314
4187      0.780392
4188      0.776471
4189      0.776471
4190      0.776471
4191      0.772549
4192      0.772549
4193      0.776471
4194      0.788235
4195      0.800000
4196      0.815686
4197      0.827451
4198      0.854902
4199      0.847059
4200      0.831373
4201      0.819608
4202      0.807843
4203      0.800000
4204      0.796078
4205      0.796078
4206      0.768627
4207      0.764706
4208      0.756863
4209      0.741176
4210      0.725490
4211      0.725490
4212      0.737255
4213      0.745098
4214      0.764706
4215      0.768627
4216      0.772549
4217      0.772549
4218      0.776471
4219      0.772549
4220      0.772549
4221      0.772549
4222      0.780392
4223      0.780392
4224      0.784314
4225      0.784314
4226      0.792157
4227      0.800000
4228      0.807843
4229      0.811765
4230      0.823529
4231      0.815686
4232      0.803922
4233      0.792157
4234      0.784314
4235      0.784314
4236      0.788235
4237      0.788235
4238      0.784314
4239      0.780392
4240      0.772549
4241      0.768627
4242      0.768627
4243      0.768627
4244      0.772549
4245      0.776471
4246      0.788235
4247      0.788235
4248      0.792157
4249      0.788235
4250      0.784314
4251      0.780392
4252      0.776471
4253      0.772549
4254      0.772549
4255      0.768627
4256      0.764706
4257      0.764706
4258      0.764706
4259      0.764706
4260      0.768627
4261      0.768627
4262      0.776471
4263      0.776471
4264      0.772549
4265      0.768627
4266      0.772549
4267      0.780392
4268      0.788235
4269      0.792157
4270      0.760784
4271      0.745098
4272      0.717647
4273      0.690196
4274      0.666667
4275      0.650980
4276      0.647059
4277      0.647059
4278      0.662745
4279      0.670588
4280      0.674510
4281      0.682353
4282      0.690196
4283      0.709804
4284      0.733333
4285      0.749020
4286      0.768627
4287      0.772549
4288      0.776471
4289      0.776471
4290      0.780392
4291      0.776471
4292      0.776471
4293      0.772549
4294      0.772549
4295      0.760784
4296      0.752941
4297      0.745098
4298      0.749020
4299      0.745098
4300      0.741176
4301      0.733333
4302      0.749020
4303      0.752941
4304      0.760784
4305      0.772549
4306      0.776471
4307      0.776471
4308      0.776471
4309      0.776471
4310      0.768627
4311      0.768627
4312      0.772549
4313      0.654902
4314      0.643137
4315      0.615686
4316      0.584314
4317      0.556863
4318      0.556863
4319      0.576471
4320      0.596078
4321      0.592157
4322      0.584314
4323      0.584314
4324      0.592157
4325      0.592157
4326      0.588235
4327      0.603922
4328      0.627451
4329      0.674510
4330      0.694118
4331      0.725490
4332      0.752941
4333      0.764706
4334      0.760784
4335      0.749020
4336      0.737255
4337      0.741176
4338      0.749020
4339      0.756863
4340      0.745098
4341      0.713726
4342      0.682353
4343      0.662745
4344      0.654902
4345      0.623529
4346      0.619608
4347      0.611765
4348      0.600000
4349      0.588235
4350      0.584314
4351      0.584314
4352      0.588235
4353      0.588235
4354      0.600000
4355      0.615686
4356      0.627451
4357      0.635294
4358      0.635294
4359      0.631373
4360      0.627451
4361      0.607843
4362      0.603922
4363      0.596078
4364      0.580392
4365      0.568627
4366      0.556863
4367      0.549020
4368      0.549020
4369      0.549020
4370      0.545098
4371      0.552941
4372      0.564706
4373      0.564706
4374      0.560784
4375      0.576471
4376      0.603922
4377      0.635294
4378      0.658824
4379      0.690196
4380      0.713726
4381      0.729412
4382      0.737255
4383      0.741176
4384      0.749020
4385      0.749020
4386      0.756863
4387      0.768627
4388      0.780392
4389      0.788235
4390      0.784314
4391      0.780392
4392      0.776471
4393      0.752941
4394      0.756863
4395      0.756863
4396      0.756863
4397      0.752941
4398      0.745098
4399      0.733333
4400      0.725490
4401      0.737255
4402      0.745098
4403      0.756863
4404      0.764706
4405      0.764706
4406      0.772549
4407      0.780392
4408      0.788235
4409      0.803922
4410      0.800000
4411      0.796078
4412      0.788235
4413      0.780392
4414      0.776471
4415      0.772549
4416      0.768627
4417      0.772549
4418      0.772549
4419      0.772549
4420      0.780392
4421      0.788235
4422      0.803922
4423      0.819608
4424      0.827451
4425      0.839216
4426      0.831373
4427      0.823529
4428      0.815686
4429      0.807843
4430      0.807843
4431      0.807843
4432      0.811765
4433      0.792157
4434      0.784314
4435      0.768627
4436      0.745098
4437      0.729412
4438      0.725490
4439      0.733333
4440      0.745098
4441      0.756863
4442      0.760784
4443      0.764706
4444      0.768627
4445      0.768627
4446      0.768627
4447      0.768627
4448      0.768627
4449      0.772549
4450      0.772549
4451      0.776471
4452      0.780392
4453      0.784314
4454      0.784314
4455      0.784314
4456      0.780392
4457      0.788235
4458      0.784314
4459      0.780392
4460      0.776471
4461      0.776471
4462      0.776471
4463      0.780392
4464      0.784314
4465      0.776471
4466      0.772549
4467      0.768627
4468      0.764706
4469      0.760784
4470      0.764706
4471      0.772549
4472      0.772549
4473      0.796078
4474      0.796078
4475      0.796078
4476      0.796078
4477      0.792157
4478      0.788235
4479      0.784314
4480      0.780392
4481      0.784314
4482      0.784314
4483      0.780392
4484      0.776471
4485      0.776471
4486      0.776471
4487      0.776471
4488      0.776471
4489      0.784314
4490      0.780392
4491      0.780392
4492      0.776471
4493      0.776471
4494      0.776471
4495      0.776471
4496      0.776471
4497      0.752941
4498      0.737255
4499      0.709804
4500      0.682353
4501      0.658824
4502      0.643137
4503      0.635294
4504      0.631373
4505      0.650980
4506      0.647059
4507      0.639216
4508      0.643137
4509      0.658824
4510      0.694118
4511      0.733333
4512      0.760784
4513      0.776471
4514      0.776471
4515      0.776471
4516      0.776471
4517      0.776471
4518      0.776471
4519      0.772549
4520      0.772549
4521      0.780392
4522      0.768627
4523      0.756863
4524      0.749020
4525      0.749020
4526      0.749020
4527      0.745098
4528      0.737255
4529      0.749020
4530      0.752941
4531      0.760784
4532      0.764706
4533      0.768627
4534      0.768627
4535      0.768627
4536      0.768627
4537      0.760784
4538      0.760784
4539      0.760784
4540      0.647059
4541      0.639216
4542      0.611765
4543      0.576471
4544      0.545098
4545      0.545098
4546      0.568627
4547      0.596078
4548      0.588235
4549      0.576471
4550      0.576471
4551      0.584314
4552      0.584314
4553      0.576471
4554      0.592157
4555      0.619608
4556      0.666667
4557      0.690196
4558      0.721569
4559      0.749020
4560      0.764706
4561      0.760784
4562      0.749020
4563      0.737255
4564      0.745098
4565      0.756863
4566      0.756863
4567      0.741176
4568      0.713726
4569      0.690196
4570      0.690196
4571      0.694118
4572      0.643137
4573      0.635294
4574      0.623529
4575      0.611765
4576      0.607843
4577      0.607843
4578      0.607843
4579      0.607843
4580      0.611765
4581      0.611765
4582      0.615686
4583      0.619608
4584      0.619608
4585      0.619608
4586      0.623529
4587      0.623529
4588      0.603922
4589      0.592157
4590      0.580392
4591      0.572549
4592      0.564706
4593      0.556863
4594      0.552941
4595      0.549020
4596      0.549020
4597      0.541176
4598      0.545098
4599      0.560784
4600      0.564706
4601      0.560784
4602      0.576471
4603      0.596078
4604      0.639216
4605      0.658824
4606      0.686275
4607      0.709804
4608      0.729412
4609      0.741176
4610      0.749020
4611      0.756863
4612      0.756863
4613      0.764706
4614      0.780392
4615      0.792157
4616      0.796078
4617      0.792157
4618      0.784314
4619      0.776471
4620      0.749020
4621      0.749020
4622      0.749020
4623      0.745098
4624      0.737255
4625      0.725490
4626      0.717647
4627      0.709804
4628      0.733333
4629      0.741176
4630      0.752941
4631      0.760784
4632      0.764706
4633      0.772549
4634      0.788235
4635      0.800000
4636      0.803922
4637      0.803922
4638      0.796078
4639      0.788235
4640      0.780392
4641      0.772549
4642      0.768627
4643      0.764706
4644      0.764706
4645      0.768627
4646      0.768627
4647      0.776471
4648      0.788235
4649      0.800000
4650      0.811765
4651      0.815686
4652      0.807843
4653      0.803922
4654      0.800000
4655      0.800000
4656      0.803922
4657      0.807843
4658      0.815686
4659      0.819608
4660      0.815686
4661      0.803922
4662      0.784314
4663      0.756863
4664      0.733333
4665      0.725490
4666      0.733333
4667      0.741176
4668      0.749020
4669      0.752941
4670      0.756863
4671      0.764706
4672      0.768627
4673      0.768627
4674      0.772549
4675      0.772549
4676      0.768627
4677      0.768627
4678      0.772549
4679      0.772549
4680      0.768627
4681      0.760784
4682      0.752941
4683      0.749020
4684      0.760784
4685      0.764706
4686      0.768627
4687      0.772549
4688      0.776471
4689      0.772549
4690      0.768627
4691      0.768627
4692      0.764706
4693      0.760784
4694      0.756863
4695      0.752941
4696      0.752941
4697      0.756863
4698      0.764706
4699      0.768627
4700      0.792157
4701      0.792157
4702      0.792157
4703      0.792157
4704      0.788235
4705      0.784314
4706      0.780392
4707      0.776471
4708      0.784314
4709      0.784314
4710      0.784314
4711      0.784314
4712      0.784314
4713      0.784314
4714      0.784314
4715      0.784314
4716      0.788235
4717      0.788235
4718      0.788235
4719      0.788235
4720      0.784314
4721      0.776471
4722      0.772549
4723      0.768627
4724      0.752941
4725      0.737255
4726      0.713726
4727      0.686275
4728      0.658824
4729      0.643137
4730      0.631373
4731      0.627451
4732      0.639216
4733      0.623529
4734      0.611765
4735      0.615686
4736      0.643137
4737      0.694118
4738      0.741176
4739      0.772549
4740      0.776471
4741      0.776471
4742      0.772549
4743      0.768627
4744      0.768627
4745      0.764706
4746      0.764706
4747      0.764706
4748      0.780392
4749      0.768627
4750      0.760784
4751      0.756863
4752      0.756863
4753      0.756863
4754      0.749020
4755      0.745098
4756      0.745098
4757      0.749020
4758      0.752941
4759      0.756863
4760      0.760784
4761      0.764706
4762      0.764706
4763      0.764706
4764      0.764706
4765      0.764706
4766      0.764706
4767      0.647059
4768      0.635294
4769      0.615686
4770      0.584314
4771      0.556863
4772      0.556863
4773      0.576471
4774      0.596078
4775      0.588235
4776      0.576471
4777      0.576471
4778      0.580392
4779      0.580392
4780      0.572549
4781      0.588235
4782      0.615686
4783      0.658824
4784      0.678431
4785      0.705882
4786      0.729412
4787      0.745098
4788      0.745098
4789      0.737255
4790      0.729412
4791      0.741176
4792      0.749020
4793      0.745098
4794      0.733333
4795      0.713726
4796      0.705882
4797      0.709804
4798      0.717647
4799      0.670588
4800      0.658824
4801      0.647059
4802      0.639216
4803      0.643137
4804      0.643137
4805      0.643137
4806      0.639216
4807      0.635294
4808      0.631373
4809      0.623529
4810      0.615686
4811      0.611765
4812      0.615686
4813      0.619608
4814      0.623529
4815      0.611765
4816      0.596078
4817      0.584314
4818      0.572549
4819      0.572549
4820      0.572549
4821      0.568627
4822      0.564706
4823      0.560784
4824      0.549020
4825      0.545098
4826      0.556863
4827      0.564706
4828      0.568627
4829      0.580392
4830      0.603922
4831      0.654902
4832      0.670588
4833      0.694118
4834      0.713726
4835      0.729412
4836      0.741176
4837      0.756863
4838      0.768627
4839      0.772549
4840      0.780392
4841      0.788235
4842      0.800000
4843      0.800000
4844      0.792157
4845      0.780392
4846      0.776471
4847      0.749020
4848      0.745098
4849      0.737255
4850      0.725490
4851      0.717647
4852      0.709804
4853      0.701961
4854      0.698039
4855      0.733333
4856      0.741176
4857      0.752941
4858      0.760784
4859      0.768627
4860      0.776471
4861      0.788235
4862      0.796078
4863      0.803922
4864      0.800000
4865      0.796078
4866      0.788235
4867      0.784314
4868      0.776471
4869      0.772549
4870      0.768627
4871      0.760784
4872      0.760784
4873      0.764706
4874      0.768627
4875      0.776471
4876      0.788235
4877      0.796078
4878      0.800000
4879      0.780392
4880      0.780392
4881      0.780392
4882      0.784314
4883      0.792157
4884      0.803922
4885      0.815686
4886      0.823529
4887      0.823529
4888      0.811765
4889      0.788235
4890      0.756863
4891      0.733333
4892      0.725490
4893      0.733333
4894      0.741176
4895      0.745098
4896      0.749020
4897      0.756863
4898      0.760784
4899      0.768627
4900      0.772549
4901      0.772549
4902      0.772549
4903      0.764706
4904      0.764706
4905      0.764706
4906      0.760784
4907      0.756863
4908      0.749020
4909      0.745098
4910      0.741176
4911      0.752941
4912      0.756863
4913      0.768627
4914      0.772549
4915      0.776471
4916      0.768627
4917      0.760784
4918      0.756863
4919      0.756863
4920      0.756863
4921      0.749020
4922      0.749020
4923      0.749020
4924      0.752941
4925      0.760784
4926      0.764706
4927      0.784314
4928      0.784314
4929      0.784314
4930      0.784314
4931      0.780392
4932      0.776471
4933      0.772549
4934      0.768627
4935      0.780392
4936      0.780392
4937      0.784314
4938      0.788235
4939      0.788235
4940      0.788235
4941      0.788235
4942      0.784314
4943      0.788235
4944      0.792157
4945      0.792157
4946      0.792157
4947      0.788235
4948      0.780392
4949      0.768627
4950      0.764706
4951      0.752941
4952      0.737255
4953      0.717647
4954      0.690196
4955      0.662745
4956      0.643137
4957      0.631373
4958      0.623529
4959      0.623529
4960      0.607843
4961      0.596078
4962      0.607843
4963      0.647059
4964      0.701961
4965      0.752941
4966      0.784314
4967      0.780392
4968      0.776471
4969      0.768627
4970      0.764706
4971      0.760784
4972      0.756863
4973      0.756863
4974      0.756863
4975      0.772549
4976      0.768627
4977      0.764706
4978      0.764706
4979      0.768627
4980      0.768627
4981      0.756863
4982      0.749020
4983      0.745098
4984      0.745098
4985      0.749020
4986      0.756863
4987      0.760784
4988      0.764706
4989      0.768627
4990      0.772549
4991      0.776471
4992      0.776471
4993      0.776471
4994      0.662745
4995      0.650980
4996      0.631373
4997      0.607843
4998      0.588235
4999      0.580392
5000      0.588235
5001      0.596078
5002      0.588235
5003      0.580392
5004      0.576471
5005      0.584314
5006      0.580392
5007      0.576471
5008      0.588235
5009      0.615686
5010      0.647059
5011      0.658824
5012      0.678431
5013      0.701961
5014      0.713726
5015      0.721569
5016      0.721569
5017      0.721569
5018      0.725490
5019      0.729412
5020      0.733333
5021      0.733333
5022      0.725490
5023      0.721569
5024      0.721569
5025      0.721569
5026      0.694118
5027      0.682353
5028      0.670588
5029      0.674510
5030      0.678431
5031      0.682353
5032      0.678431
5033      0.670588
5034      0.650980
5035      0.647059
5036      0.639216
5037      0.631373
5038      0.623529
5039      0.619608
5040      0.619608
5041      0.619608
5042      0.623529
5043      0.607843
5044      0.592157
5045      0.584314
5046      0.588235
5047      0.592157
5048      0.588235
5049      0.584314
5050      0.576471
5051      0.556863
5052      0.549020
5053      0.560784
5054      0.572549
5055      0.576471
5056      0.592157
5057      0.615686
5058      0.670588
5059      0.682353
5060      0.701961
5061      0.717647
5062      0.729412
5063      0.741176
5064      0.756863
5065      0.768627
5066      0.788235
5067      0.792157
5068      0.796078
5069      0.800000
5070      0.796078
5071      0.784314
5072      0.776471
5073      0.768627
5074      0.749020
5075      0.741176
5076      0.725490
5077      0.709804
5078      0.698039
5079      0.690196
5080      0.690196
5081      0.690196
5082      0.729412
5083      0.741176
5084      0.756863
5085      0.764706
5086      0.764706
5087      0.768627
5088      0.776471
5089      0.784314
5090      0.788235
5091      0.788235
5092      0.784314
5093      0.776471
5094      0.772549
5095      0.768627
5096      0.764706
5097      0.760784
5098      0.752941
5099      0.756863
5100      0.756863
5101      0.760784
5102      0.768627
5103      0.772549
5104      0.776471
5105      0.780392
5106      0.772549
5107      0.772549
5108      0.772549
5109      0.776471
5110      0.788235
5111      0.800000
5112      0.807843
5113      0.815686
5114      0.811765
5115      0.800000
5116      0.776471
5117      0.749020
5118      0.725490
5119      0.725490
5120      0.733333
5121      0.749020
5122      0.756863
5123      0.756863
5124      0.760784
5125      0.764706
5126      0.768627
5127      0.768627
5128      0.764706
5129      0.764706
5130      0.760784
5131      0.760784
5132      0.760784
5133      0.756863
5134      0.756863
5135      0.752941
5136      0.752941
5137      0.752941
5138      0.764706
5139      0.764706
5140      0.764706
5141      0.764706
5142      0.764706
5143      0.764706
5144      0.760784
5145      0.760784
5146      0.756863
5147      0.756863
5148      0.752941
5149      0.749020
5150      0.752941
5151      0.756863
5152      0.764706
5153      0.768627
5154      0.776471
5155      0.780392
5156      0.780392
5157      0.776471
5158      0.776471
5159      0.768627
5160      0.764706
5161      0.760784
5162      0.780392
5163      0.780392
5164      0.784314
5165      0.788235
5166      0.788235
5167      0.784314
5168      0.780392
5169      0.776471
5170      0.780392
5171      0.784314
5172      0.788235
5173      0.792157
5174      0.784314
5175      0.776471
5176      0.764706
5177      0.756863
5178      0.752941
5179      0.737255
5180      0.717647
5181      0.690196
5182      0.662745
5183      0.643137
5184      0.627451
5185      0.619608
5186      0.615686
5187      0.600000
5188      0.592157
5189      0.607843
5190      0.654902
5191      0.713726
5192      0.764706
5193      0.792157
5194      0.784314
5195      0.780392
5196      0.772549
5197      0.764706
5198      0.756863
5199      0.756863
5200      0.756863
5201      0.756863
5202      0.760784
5203      0.760784
5204      0.768627
5205      0.776471
5206      0.780392
5207      0.776471
5208      0.764706
5209      0.749020
5210      0.749020
5211      0.749020
5212      0.752941
5213      0.760784
5214      0.768627
5215      0.776471
5216      0.784314
5217      0.788235
5218      0.792157
5219      0.792157
5220      0.792157
5221      0.682353
5222      0.666667
5223      0.647059
5224      0.627451
5225      0.611765
5226      0.603922
5227      0.596078
5228      0.596078
5229      0.592157
5230      0.580392
5231      0.580392
5232      0.588235
5233      0.584314
5234      0.576471
5235      0.592157
5236      0.615686
5237      0.635294
5238      0.643137
5239      0.658824
5240      0.678431
5241      0.694118
5242      0.701961
5243      0.709804
5244      0.713726
5245      0.709804
5246      0.717647
5247      0.725490
5248      0.737255
5249      0.737255
5250      0.733333
5251      0.725490
5252      0.717647
5253      0.705882
5254      0.698039
5255      0.690196
5256      0.694118
5257      0.705882
5258      0.709804
5259      0.701961
5260      0.690196
5261      0.658824
5262      0.658824
5263      0.654902
5264      0.647059
5265      0.639216
5266      0.627451
5267      0.619608
5268      0.615686
5269      0.635294
5270      0.619608
5271      0.600000
5272      0.592157
5273      0.600000
5274      0.603922
5275      0.603922
5276      0.596078
5277      0.588235
5278      0.564706
5279      0.552941
5280      0.560784
5281      0.572549
5282      0.584314
5283      0.603922
5284      0.623529
5285      0.678431
5286      0.690196
5287      0.705882
5288      0.717647
5289      0.729412
5290      0.741176
5291      0.756863
5292      0.768627
5293      0.800000
5294      0.800000
5295      0.800000
5296      0.796078
5297      0.792157
5298      0.780392
5299      0.772549
5300      0.764706
5301      0.749020
5302      0.737255
5303      0.717647
5304      0.698039
5305      0.686275
5306      0.678431
5307      0.682353
5308      0.682353
5309      0.729412
5310      0.741176
5311      0.756863
5312      0.764706
5313      0.764706
5314      0.764706
5315      0.768627
5316      0.772549
5317      0.768627
5318      0.768627
5319      0.764706
5320      0.760784
5321      0.756863
5322      0.752941
5323      0.749020
5324      0.745098
5325      0.749020
5326      0.752941
5327      0.752941
5328      0.756863
5329      0.760784
5330      0.764706
5331      0.764706
5332      0.768627
5333      0.776471
5334      0.776471
5335      0.772549
5336      0.776471
5337      0.784314
5338      0.792157
5339      0.803922
5340      0.811765
5341      0.796078
5342      0.784314
5343      0.764706
5344      0.737255
5345      0.721569
5346      0.721569
5347      0.737255
5348      0.752941
5349      0.764706
5350      0.768627
5351      0.768627
5352      0.768627
5353      0.768627
5354      0.764706
5355      0.760784
5356      0.756863
5357      0.756863
5358      0.756863
5359      0.756863
5360      0.756863
5361      0.756863
5362      0.760784
5363      0.768627
5364      0.768627
5365      0.780392
5366      0.776471
5367      0.764706
5368      0.756863
5369      0.752941
5370      0.756863
5371      0.760784
5372      0.764706
5373      0.760784
5374      0.756863
5375      0.752941
5376      0.752941
5377      0.756863
5378      0.760784
5379      0.768627
5380      0.772549
5381      0.776471
5382      0.776471
5383      0.776471
5384      0.776471
5385      0.772549
5386      0.768627
5387      0.764706
5388      0.760784
5389      0.780392
5390      0.784314
5391      0.788235
5392      0.788235
5393      0.784314
5394      0.776471
5395      0.768627
5396      0.764706
5397      0.768627
5398      0.776471
5399      0.784314
5400      0.788235
5401      0.784314
5402      0.772549
5403      0.756863
5404      0.749020
5405      0.749020
5406      0.737255
5407      0.713726
5408      0.690196
5409      0.662745
5410      0.639216
5411      0.623529
5412      0.615686
5413      0.607843
5414      0.596078
5415      0.592157
5416      0.615686
5417      0.666667
5418      0.725490
5419      0.772549
5420      0.796078
5421      0.788235
5422      0.784314
5423      0.772549
5424      0.764706
5425      0.756863
5426      0.756863
5427      0.756863
5428      0.760784
5429      0.752941
5430      0.756863
5431      0.768627
5432      0.780392
5433      0.788235
5434      0.784314
5435      0.768627
5436      0.752941
5437      0.752941
5438      0.756863
5439      0.760784
5440      0.764706
5441      0.776471
5442      0.784314
5443      0.792157
5444      0.800000
5445      0.803922
5446      0.803922
5447      0.800000
5448      0.686275
5449      0.678431
5450      0.666667
5451      0.654902
5452      0.635294
5453      0.607843
5454      0.584314
5455      0.564706
5456      0.584314
5457      0.584314
5458      0.584314
5459      0.588235
5460      0.596078
5461      0.607843
5462      0.619608
5463      0.623529
5464      0.639216
5465      0.647059
5466      0.635294
5467      0.611765
5468      0.623529
5469      0.666667
5470      0.698039
5471      0.698039
5472      0.705882
5473      0.709804
5474      0.717647
5475      0.721569
5476      0.717647
5477      0.713726
5478      0.705882
5479      0.701961
5480      0.717647
5481      0.713726
5482      0.709804
5483      0.717647
5484      0.721569
5485      0.713726
5486      0.694118
5487      0.674510
5488      0.682353
5489      0.674510
5490      0.666667
5491      0.666667
5492      0.666667
5493      0.658824
5494      0.635294
5495      0.615686
5496      0.643137
5497      0.635294
5498      0.619608
5499      0.607843
5500      0.603922
5501      0.603922
5502      0.607843
5503      0.611765
5504      0.596078
5505      0.576471
5506      0.560784
5507      0.568627
5508      0.580392
5509      0.596078
5510      0.623529
5511      0.654902
5512      0.709804
5513      0.705882
5514      0.701961
5515      0.701961
5516      0.709804
5517      0.725490
5518      0.741176
5519      0.752941
5520      0.792157
5521      0.796078
5522      0.800000
5523      0.792157
5524      0.776471
5525      0.760784
5526      0.752941
5527      0.749020
5528      0.768627
5529      0.752941
5530      0.729412
5531      0.709804
5532      0.701961
5533      0.705882
5534      0.721569
5535      0.729412
5536      0.752941
5537      0.756863
5538      0.760784
5539      0.752941
5540      0.741176
5541      0.733333
5542      0.729412
5543      0.729412
5544      0.737255
5545      0.745098
5546      0.752941
5547      0.749020
5548      0.737255
5549      0.729412
5550      0.733333
5551      0.741176
5552      0.752941
5553      0.749020
5554      0.749020
5555      0.749020
5556      0.749020
5557      0.752941
5558      0.756863
5559      0.760784
5560      0.756863
5561      0.756863
5562      0.760784
5563      0.772549
5564      0.784314
5565      0.792157
5566      0.792157
5567      0.788235
5568      0.796078
5569      0.776471
5570      0.749020
5571      0.733333
5572      0.737255
5573      0.741176
5574      0.741176
5575      0.737255
5576      0.756863
5577      0.752941
5578      0.749020
5579      0.752941
5580      0.764706
5581      0.768627
5582      0.768627
5583      0.768627
5584      0.760784
5585      0.756863
5586      0.749020
5587      0.752941
5588      0.756863
5589      0.764706
5590      0.764706
5591      0.764706
5592      0.756863
5593      0.752941
5594      0.752941
5595      0.752941
5596      0.752941
5597      0.756863
5598      0.760784
5599      0.764706
5600      0.768627
5601      0.764706
5602      0.764706
5603      0.768627
5604      0.776471
5605      0.776471
5606      0.768627
5607      0.760784
5608      0.760784
5609      0.764706
5610      0.768627
5611      0.776471
5612      0.776471
5613      0.776471
5614      0.776471
5615      0.776471
5616      0.764706
5617      0.784314
5618      0.792157
5619      0.772549
5620      0.756863
5621      0.760784
5622      0.760784
5623      0.756863
5624      0.737255
5625      0.756863
5626      0.772549
5627      0.768627
5628      0.756863
5629      0.745098
5630      0.745098
5631      0.749020
5632      0.749020
5633      0.745098
5634      0.729412
5635      0.698039
5636      0.666667
5637      0.635294
5638      0.619608
5639      0.615686
5640      0.631373
5641      0.619608
5642      0.619608
5643      0.643137
5644      0.690196
5645      0.741176
5646      0.776471
5647      0.796078
5648      0.784314
5649      0.772549
5650      0.760784
5651      0.760784
5652      0.768627
5653      0.768627
5654      0.760784
5655      0.752941
5656      0.764706
5657      0.772549
5658      0.784314
5659      0.784314
5660      0.780392
5661      0.776471
5662      0.772549
5663      0.776471
5664      0.780392
5665      0.776471
5666      0.772549
5667      0.768627
5668      0.768627
5669      0.768627
5670      0.772549
5671      0.772549
5672      0.788235
5673      0.788235
5674      0.788235
5675      0.686275
5676      0.682353
5677      0.670588
5678      0.654902
5679      0.631373
5680      0.607843
5681      0.584314
5682      0.568627
5683      0.592157
5684      0.596078
5685      0.600000
5686      0.603922
5687      0.611765
5688      0.619608
5689      0.623529
5690      0.627451
5691      0.631373
5692      0.631373
5693      0.615686
5694      0.592157
5695      0.607843
5696      0.654902
5697      0.694118
5698      0.705882
5699      0.705882
5700      0.705882
5701      0.705882
5702      0.705882
5703      0.705882
5704      0.705882
5705      0.705882
5706      0.705882
5707      0.701961
5708      0.698039
5709      0.698039
5710      0.705882
5711      0.713726
5712      0.709804
5713      0.690196
5714      0.674510
5715      0.682353
5716      0.678431
5717      0.670588
5718      0.670588
5719      0.670588
5720      0.658824
5721      0.639216
5722      0.619608
5723      0.627451
5724      0.623529
5725      0.615686
5726      0.611765
5727      0.607843
5728      0.603922
5729      0.603922
5730      0.607843
5731      0.576471
5732      0.560784
5733      0.556863
5734      0.576471
5735      0.600000
5736      0.619608
5737      0.654902
5738      0.690196
5739      0.709804
5740      0.705882
5741      0.698039
5742      0.694118
5743      0.701961
5744      0.717647
5745      0.737255
5746      0.749020
5747      0.780392
5748      0.784314
5749      0.784314
5750      0.776471
5751      0.760784
5752      0.752941
5753      0.749020
5754      0.749020
5755      0.756863
5756      0.749020
5757      0.733333
5758      0.721569
5759      0.721569
5760      0.729412
5761      0.741176
5762      0.752941
5763      0.768627
5764      0.768627
5765      0.760784
5766      0.749020
5767      0.737255
5768      0.729412
5769      0.725490
5770      0.725490
5771      0.741176
5772      0.749020
5773      0.756863
5774      0.752941
5775      0.745098
5776      0.737255
5777      0.741176
5778      0.749020
5779      0.756863
5780      0.756863
5781      0.752941
5782      0.749020
5783      0.749020
5784      0.749020
5785      0.749020
5786      0.752941
5787      0.760784
5788      0.760784
5789      0.768627
5790      0.780392
5791      0.796078
5792      0.803922
5793      0.800000
5794      0.796078
5795      0.803922
5796      0.780392
5797      0.749020
5798      0.729412
5799      0.725490
5800      0.725490
5801      0.725490
5802      0.725490
5803      0.737255
5804      0.745098
5805      0.756863
5806      0.764706
5807      0.768627
5808      0.764706
5809      0.764706
5810      0.760784
5811      0.760784
5812      0.756863
5813      0.752941
5814      0.752941
5815      0.752941
5816      0.756863
5817      0.752941
5818      0.752941
5819      0.756863
5820      0.752941
5821      0.752941
5822      0.752941
5823      0.752941
5824      0.756863
5825      0.760784
5826      0.764706
5827      0.776471
5828      0.768627
5829      0.764706
5830      0.768627
5831      0.776471
5832      0.776471
5833      0.772549
5834      0.764706
5835      0.776471
5836      0.776471
5837      0.776471
5838      0.776471
5839      0.776471
5840      0.776471
5841      0.776471
5842      0.776471
5843      0.768627
5844      0.788235
5845      0.792157
5846      0.768627
5847      0.752941
5848      0.756863
5849      0.756863
5850      0.749020
5851      0.737255
5852      0.752941
5853      0.768627
5854      0.764706
5855      0.752941
5856      0.741176
5857      0.741176
5858      0.745098
5859      0.745098
5860      0.741176
5861      0.721569
5862      0.694118
5863      0.662745
5864      0.639216
5865      0.631373
5866      0.627451
5867      0.623529
5868      0.619608
5869      0.635294
5870      0.674510
5871      0.729412
5872      0.772549
5873      0.792157
5874      0.796078
5875      0.768627
5876      0.760784
5877      0.749020
5878      0.752941
5879      0.760784
5880      0.764706
5881      0.760784
5882      0.752941
5883      0.764706
5884      0.772549
5885      0.784314
5886      0.784314
5887      0.776471
5888      0.772549
5889      0.772549
5890      0.776471
5891      0.772549
5892      0.772549
5893      0.772549
5894      0.772549
5895      0.768627
5896      0.768627
5897      0.764706
5898      0.764706
5899      0.784314
5900      0.784314
5901      0.784314
5902      0.690196
5903      0.682353
5904      0.670588
5905      0.650980
5906      0.627451
5907      0.607843
5908      0.588235
5909      0.576471
5910      0.600000
5911      0.603922
5912      0.615686
5913      0.623529
5914      0.627451
5915      0.631373
5916      0.631373
5917      0.627451
5918      0.615686
5919      0.611765
5920      0.592157
5921      0.576471
5922      0.596078
5923      0.643137
5924      0.686275
5925      0.705882
5926      0.701961
5927      0.698039
5928      0.690196
5929      0.686275
5930      0.686275
5931      0.690196
5932      0.698039
5933      0.701961
5934      0.674510
5935      0.674510
5936      0.678431
5937      0.686275
5938      0.694118
5939      0.694118
5940      0.686275
5941      0.678431
5942      0.686275
5943      0.682353
5944      0.674510
5945      0.674510
5946      0.670588
5947      0.658824
5948      0.643137
5949      0.627451
5950      0.615686
5951      0.615686
5952      0.615686
5953      0.611765
5954      0.607843
5955      0.603922
5956      0.596078
5957      0.596078
5958      0.568627
5959      0.560784
5960      0.564706
5961      0.596078
5962      0.623529
5963      0.650980
5964      0.682353
5965      0.717647
5966      0.713726
5967      0.701961
5968      0.690196
5969      0.686275
5970      0.690196
5971      0.709804
5972      0.729412
5973      0.741176
5974      0.764706
5975      0.768627
5976      0.764706
5977      0.756863
5978      0.745098
5979      0.741176
5980      0.745098
5981      0.749020
5982      0.752941
5983      0.749020
5984      0.741176
5985      0.741176
5986      0.749020
5987      0.756863
5988      0.772549
5989      0.780392
5990      0.784314
5991      0.776471
5992      0.760784
5993      0.745098
5994      0.737255
5995      0.729412
5996      0.729412
5997      0.729412
5998      0.752941
5999      0.756863
6000      0.760784
6001      0.756863
6002      0.752941
6003      0.749020
6004      0.749020
6005      0.756863
6006      0.764706
6007      0.760784
6008      0.756863
6009      0.752941
6010      0.749020
6011      0.749020
6012      0.749020
6013      0.749020
6014      0.760784
6015      0.764706
6016      0.772549
6017      0.788235
6018      0.803922
6019      0.807843
6020      0.800000
6021      0.792157
6022      0.803922
6023      0.776471
6024      0.745098
6025      0.717647
6026      0.705882
6027      0.705882
6028      0.709804
6029      0.709804
6030      0.721569
6031      0.741176
6032      0.768627
6033      0.776471
6034      0.772549
6035      0.760784
6036      0.760784
6037      0.764706
6038      0.772549
6039      0.768627
6040      0.764706
6041      0.760784
6042      0.756863
6043      0.749020
6044      0.745098
6045      0.745098
6046      0.752941
6047      0.752941
6048      0.752941
6049      0.752941
6050      0.752941
6051      0.756863
6052      0.760784
6053      0.760784
6054      0.776471
6055      0.768627
6056      0.764706
6057      0.764706
6058      0.768627
6059      0.772549
6060      0.772549
6061      0.768627
6062      0.792157
6063      0.784314
6064      0.780392
6065      0.772549
6066      0.768627
6067      0.768627
6068      0.772549
6069      0.772549
6070      0.776471
6071      0.792157
6072      0.784314
6073      0.760784
6074      0.745098
6075      0.749020
6076      0.749020
6077      0.741176
6078      0.733333
6079      0.749020
6080      0.760784
6081      0.760784
6082      0.745098
6083      0.733333
6084      0.737255
6085      0.745098
6086      0.745098
6087      0.733333
6088      0.713726
6089      0.686275
6090      0.662745
6091      0.647059
6092      0.647059
6093      0.650980
6094      0.635294
6095      0.643137
6096      0.670588
6097      0.725490
6098      0.784314
6099      0.815686
6100      0.803922
6101      0.784314
6102      0.745098
6103      0.741176
6104      0.737255
6105      0.745098
6106      0.752941
6107      0.756863
6108      0.756863
6109      0.752941
6110      0.764706
6111      0.772549
6112      0.780392
6113      0.780392
6114      0.772549
6115      0.768627
6116      0.768627
6117      0.772549
6118      0.764706
6119      0.764706
6120      0.768627
6121      0.772549
6122      0.768627
6123      0.764706
6124      0.760784
6125      0.756863
6126      0.772549
6127      0.772549
6128      0.772549
6129      0.694118
6130      0.690196
6131      0.674510
6132      0.650980
6133      0.623529
6134      0.600000
6135      0.588235
6136      0.580392
6137      0.600000
6138      0.607843
6139      0.623529
6140      0.631373
6141      0.639216
6142      0.635294
6143      0.627451
6144      0.623529
6145      0.592157
6146      0.588235
6147      0.584314
6148      0.584314
6149      0.603922
6150      0.639216
6151      0.674510
6152      0.694118
6153      0.682353
6154      0.682353
6155      0.678431
6156      0.678431
6157      0.678431
6158      0.678431
6159      0.678431
6160      0.674510
6161      0.643137
6162      0.647059
6163      0.650980
6164      0.662745
6165      0.670588
6166      0.674510
6167      0.678431
6168      0.678431
6169      0.690196
6170      0.686275
6171      0.682353
6172      0.674510
6173      0.666667
6174      0.658824
6175      0.643137
6176      0.635294
6177      0.615686
6178      0.619608
6179      0.619608
6180      0.615686
6181      0.607843
6182      0.596078
6183      0.584314
6184      0.576471
6185      0.576471
6186      0.572549
6187      0.584314
6188      0.615686
6189      0.643137
6190      0.662745
6191      0.690196
6192      0.721569
6193      0.709804
6194      0.701961
6195      0.686275
6196      0.682353
6197      0.686275
6198      0.701961
6199      0.725490
6200      0.737255
6201      0.756863
6202      0.756863
6203      0.756863
6204      0.749020
6205      0.741176
6206      0.741176
6207      0.749020
6208      0.756863
6209      0.752941
6210      0.756863
6211      0.756863
6212      0.760784
6213      0.768627
6214      0.780392
6215      0.788235
6216      0.796078
6217      0.792157
6218      0.776471
6219      0.756863
6220      0.741176
6221      0.737255
6222      0.741176
6223      0.745098
6224      0.745098
6225      0.768627
6226      0.764706
6227      0.764706
6228      0.756863
6229      0.752941
6230      0.749020
6231      0.749020
6232      0.749020
6233      0.772549
6234      0.768627
6235      0.764706
6236      0.760784
6237      0.760784
6238      0.760784
6239      0.760784
6240      0.764706
6241      0.764706
6242      0.764706
6243      0.772549
6244      0.784314
6245      0.796078
6246      0.796078
6247      0.784314
6248      0.772549
6249      0.780392
6250      0.760784
6251      0.729412
6252      0.701961
6253      0.686275
6254      0.690196
6255      0.698039
6256      0.701961
6257      0.725490
6258      0.749020
6259      0.776471
6260      0.780392
6261      0.768627
6262      0.756863
6263      0.764706
6264      0.776471
6265      0.788235
6266      0.788235
6267      0.784314
6268      0.776471
6269      0.764706
6270      0.752941
6271      0.752941
6272      0.752941
6273      0.752941
6274      0.752941
6275      0.749020
6276      0.749020
6277      0.752941
6278      0.752941
6279      0.756863
6280      0.760784
6281      0.772549
6282      0.764706
6283      0.756863
6284      0.756863
6285      0.760784
6286      0.768627
6287      0.768627
6288      0.764706
6289      0.784314
6290      0.776471
6291      0.768627
6292      0.760784
6293      0.760784
6294      0.764706
6295      0.768627
6296      0.776471
6297      0.784314
6298      0.788235
6299      0.776471
6300      0.749020
6301      0.737255
6302      0.741176
6303      0.741176
6304      0.733333
6305      0.733333
6306      0.745098
6307      0.756863
6308      0.752941
6309      0.737255
6310      0.729412
6311      0.733333
6312      0.741176
6313      0.741176
6314      0.733333
6315      0.709804
6316      0.686275
6317      0.662745
6318      0.658824
6319      0.666667
6320      0.678431
6321      0.678431
6322      0.690196
6323      0.725490
6324      0.784314
6325      0.835294
6326      0.839216
6327      0.800000
6328      0.756863
6329      0.721569
6330      0.721569
6331      0.729412
6332      0.737255
6333      0.745098
6334      0.749020
6335      0.752941
6336      0.752941
6337      0.768627
6338      0.772549
6339      0.776471
6340      0.776471
6341      0.768627
6342      0.764706
6343      0.764706
6344      0.772549
6345      0.756863
6346      0.760784
6347      0.768627
6348      0.772549
6349      0.768627
6350      0.764706
6351      0.752941
6352      0.745098
6353      0.764706
6354      0.764706
6355      0.764706
6356      0.705882
6357      0.701961
6358      0.682353
6359      0.650980
6360      0.615686
6361      0.592157
6362      0.584314
6363      0.584314
6364      0.596078
6365      0.607843
6366      0.619608
6367      0.631373
6368      0.635294
6369      0.627451
6370      0.615686
6371      0.607843
6372      0.576471
6373      0.576471
6374      0.584314
6375      0.603922
6376      0.623529
6377      0.639216
6378      0.658824
6379      0.674510
6380      0.658824
6381      0.666667
6382      0.674510
6383      0.678431
6384      0.674510
6385      0.662745
6386      0.650980
6387      0.639216
6388      0.619608
6389      0.623529
6390      0.631373
6391      0.639216
6392      0.647059
6393      0.658824
6394      0.670588
6395      0.678431
6396      0.690196
6397      0.686275
6398      0.682353
6399      0.674510
6400      0.662745
6401      0.650980
6402      0.647059
6403      0.643137
6404      0.623529
6405      0.623529
6406      0.627451
6407      0.619608
6408      0.607843
6409      0.588235
6410      0.568627
6411      0.560784
6412      0.564706
6413      0.560784
6414      0.580392
6415      0.619608
6416      0.647059
6417      0.662745
6418      0.686275
6419      0.709804
6420      0.709804
6421      0.701961
6422      0.690196
6423      0.682353
6424      0.690196
6425      0.705882
6426      0.725490
6427      0.737255
6428      0.756863
6429      0.756863
6430      0.756863
6431      0.749020
6432      0.745098
6433      0.745098
6434      0.756863
6435      0.764706
6436      0.764706
6437      0.764706
6438      0.768627
6439      0.772549
6440      0.780392
6441      0.788235
6442      0.792157
6443      0.796078
6444      0.788235
6445      0.768627
6446      0.749020
6447      0.737255
6448      0.745098
6449      0.756863
6450      0.764706
6451      0.764706
6452      0.776471
6453      0.772549
6454      0.760784
6455      0.752941
6456      0.749020
6457      0.749020
6458      0.745098
6459      0.745098
6460      0.776471
6461      0.776471
6462      0.772549
6463      0.772549
6464      0.772549
6465      0.772549
6466      0.776471
6467      0.776471
6468      0.776471
6469      0.776471
6470      0.776471
6471      0.784314
6472      0.788235
6473      0.784314
6474      0.768627
6475      0.756863
6476      0.749020
6477      0.737255
6478      0.713726
6479      0.690196
6480      0.678431
6481      0.682353
6482      0.694118
6483      0.705882
6484      0.745098
6485      0.764706
6486      0.780392
6487      0.776471
6488      0.760784
6489      0.756863
6490      0.772549
6491      0.788235
6492      0.796078
6493      0.796078
6494      0.792157
6495      0.776471
6496      0.760784
6497      0.752941
6498      0.756863
6499      0.764706
6500      0.752941
6501      0.749020
6502      0.749020
6503      0.749020
6504      0.749020
6505      0.752941
6506      0.756863
6507      0.760784
6508      0.764706
6509      0.756863
6510      0.749020
6511      0.752941
6512      0.756863
6513      0.760784
6514      0.756863
6515      0.752941
6516      0.764706
6517      0.760784
6518      0.752941
6519      0.749020
6520      0.749020
6521      0.756863
6522      0.768627
6523      0.772549
6524      0.780392
6525      0.780392
6526      0.760784
6527      0.733333
6528      0.729412
6529      0.741176
6530      0.741176
6531      0.733333
6532      0.733333
6533      0.745098
6534      0.752941
6535      0.749020
6536      0.733333
6537      0.725490
6538      0.733333
6539      0.741176
6540      0.745098
6541      0.733333
6542      0.713726
6543      0.690196
6544      0.674510
6545      0.674510
6546      0.690196
6547      0.701961
6548      0.733333
6549      0.745098
6550      0.776471
6551      0.819608
6552      0.847059
6553      0.831373
6554      0.776471
6555      0.725490
6556      0.709804
6557      0.717647
6558      0.729412
6559      0.737255
6560      0.741176
6561      0.741176
6562      0.745098
6563      0.749020
6564      0.768627
6565      0.772549
6566      0.776471
6567      0.768627
6568      0.760784
6569      0.756863
6570      0.760784
6571      0.768627
6572      0.752941
6573      0.756863
6574      0.764706
6575      0.768627
6576      0.768627
6577      0.760784
6578      0.752941
6579      0.745098
6580      0.760784
6581      0.760784
6582      0.760784
6583      0.717647
6584      0.713726
6585      0.690196
6586      0.650980
6587      0.611765
6588      0.584314
6589      0.580392
6590      0.584314
6591      0.596078
6592      0.603922
6593      0.615686
6594      0.623529
6595      0.623529
6596      0.615686
6597      0.607843
6598      0.600000
6599      0.576471
6600      0.576471
6601      0.588235
6602      0.615686
6603      0.631373
6604      0.635294
6605      0.639216
6606      0.654902
6607      0.647059
6608      0.654902
6609      0.666667
6610      0.670588
6611      0.662745
6612      0.643137
6613      0.623529
6614      0.607843
6615      0.603922
6616      0.607843
6617      0.615686
6618      0.619608
6619      0.627451
6620      0.643137
6621      0.658824
6622      0.674510
6623      0.686275
6624      0.686275
6625      0.682353
6626      0.670588
6627      0.654902
6628      0.647059
6629      0.643137
6630      0.643137
6631      0.627451
6632      0.627451
6633      0.627451
6634      0.619608
6635      0.607843
6636      0.588235
6637      0.568627
6638      0.560784
6639      0.552941
6640      0.552941
6641      0.580392
6642      0.623529
6643      0.654902
6644      0.670588
6645      0.690196
6646      0.709804
6647      0.701961
6648      0.698039
6649      0.694118
6650      0.698039
6651      0.705882
6652      0.717647
6653      0.733333
6654      0.745098
6655      0.756863
6656      0.760784
6657      0.764706
6658      0.760784
6659      0.752941
6660      0.752941
6661      0.760784
6662      0.768627
6663      0.764706
6664      0.764706
6665      0.768627
6666      0.772549
6667      0.776471
6668      0.784314
6669      0.792157
6670      0.796078
6671      0.784314
6672      0.764706
6673      0.745098
6674      0.741176
6675      0.752941
6676      0.768627
6677      0.776471
6678      0.772549
6679      0.776471
6680      0.768627
6681      0.756863
6682      0.749020
6683      0.752941
6684      0.756863
6685      0.756863
6686      0.752941
6687      0.784314
6688      0.784314
6689      0.780392
6690      0.776471
6691      0.772549
6692      0.776471
6693      0.776471
6694      0.776471
6695      0.784314
6696      0.776471
6697      0.772549
6698      0.772549
6699      0.776471
6700      0.772549
6701      0.764706
6702      0.756863
6703      0.729412
6704      0.725490
6705      0.713726
6706      0.698039
6707      0.686275
6708      0.686275
6709      0.701961
6710      0.713726
6711      0.760784
6712      0.772549
6713      0.776471
6714      0.768627
6715      0.756863
6716      0.756863
6717      0.768627
6718      0.780392
6719      0.772549
6720      0.772549
6721      0.768627
6722      0.749020
6723      0.733333
6724      0.729412
6725      0.745098
6726      0.764706
6727      0.749020
6728      0.749020
6729      0.745098
6730      0.745098
6731      0.749020
6732      0.752941
6733      0.756863
6734      0.756863
6735      0.756863
6736      0.752941
6737      0.752941
6738      0.756863
6739      0.764706
6740      0.764706
6741      0.756863
6742      0.749020
6743      0.749020
6744      0.749020
6745      0.745098
6746      0.745098
6747      0.749020
6748      0.756863
6749      0.760784
6750      0.768627
6751      0.768627
6752      0.764706
6753      0.745098
6754      0.721569
6755      0.721569
6756      0.741176
6757      0.749020
6758      0.737255
6759      0.737255
6760      0.745098
6761      0.752941
6762      0.749020
6763      0.733333
6764      0.729412
6765      0.737255
6766      0.745098
6767      0.745098
6768      0.737255
6769      0.721569
6770      0.701961
6771      0.686275
6772      0.690196
6773      0.705882
6774      0.717647
6775      0.760784
6776      0.776471
6777      0.800000
6778      0.823529
6779      0.827451
6780      0.796078
6781      0.749020
6782      0.709804
6783      0.713726
6784      0.725490
6785      0.737255
6786      0.741176
6787      0.741176
6788      0.737255
6789      0.737255
6790      0.741176
6791      0.768627
6792      0.772549
6793      0.772549
6794      0.764706
6795      0.756863
6796      0.752941
6797      0.756863
6798      0.764706
6799      0.756863
6800      0.760784
6801      0.764706
6802      0.768627
6803      0.764706
6804      0.760784
6805      0.752941
6806      0.749020
6807      0.764706
6808      0.764706
6809      0.764706
6810      0.733333
6811      0.725490
6812      0.698039
6813      0.654902
6814      0.603922
6815      0.576471
6816      0.572549
6817      0.580392
6818      0.600000
6819      0.603922
6820      0.611765
6821      0.615686
6822      0.615686
6823      0.611765
6824      0.603922
6825      0.596078
6826      0.588235
6827      0.576471
6828      0.588235
6829      0.611765
6830      0.623529
6831      0.615686
6832      0.623529
6833      0.643137
6834      0.650980
6835      0.654902
6836      0.658824
6837      0.654902
6838      0.643137
6839      0.623529
6840      0.603922
6841      0.592157
6842      0.592157
6843      0.600000
6844      0.607843
6845      0.611765
6846      0.615686
6847      0.627451
6848      0.654902
6849      0.674510
6850      0.682353
6851      0.682353
6852      0.682353
6853      0.666667
6854      0.650980
6855      0.639216
6856      0.639216
6857      0.647059
6858      0.623529
6859      0.623529
6860      0.623529
6861      0.615686
6862      0.607843
6863      0.596078
6864      0.584314
6865      0.576471
6866      0.584314
6867      0.588235
6868      0.615686
6869      0.654902
6870      0.682353
6871      0.690196
6872      0.698039
6873      0.717647
6874      0.698039
6875      0.698039
6876      0.701961
6877      0.709804
6878      0.721569
6879      0.733333
6880      0.745098
6881      0.752941
6882      0.756863
6883      0.764706
6884      0.768627
6885      0.768627
6886      0.760784
6887      0.756863
6888      0.756863
6889      0.760784
6890      0.756863
6891      0.756863
6892      0.756863
6893      0.760784
6894      0.768627
6895      0.780392
6896      0.796078
6897      0.803922
6898      0.792157
6899      0.768627
6900      0.749020
6901      0.749020
6902      0.760784
6903      0.776471
6904      0.772549
6905      0.768627
6906      0.768627
6907      0.756863
6908      0.749020
6909      0.749020
6910      0.764706
6911      0.776471
6912      0.784314
6913      0.780392
6914      0.796078
6915      0.792157
6916      0.784314
6917      0.776471
6918      0.768627
6919      0.760784
6920      0.760784
6921      0.756863
6922      0.760784
6923      0.752941
6924      0.745098
6925      0.745098
6926      0.749020
6927      0.752941
6928      0.752941
6929      0.749020
6930      0.729412
6931      0.729412
6932      0.725490
6933      0.713726
6934      0.701961
6935      0.698039
6936      0.709804
6937      0.721569
6938      0.760784
6939      0.764706
6940      0.768627
6941      0.764706
6942      0.760784
6943      0.756863
6944      0.749020
6945      0.749020
6946      0.725490
6947      0.725490
6948      0.717647
6949      0.698039
6950      0.682353
6951      0.686275
6952      0.717647
6953      0.745098
6954      0.749020
6955      0.749020
6956      0.745098
6957      0.745098
6958      0.749020
6959      0.749020
6960      0.752941
6961      0.756863
6962      0.756863
6963      0.756863
6964      0.760784
6965      0.768627
6966      0.776471
6967      0.772549
6968      0.756863
6969      0.745098
6970      0.752941
6971      0.752941
6972      0.752941
6973      0.752941
6974      0.752941
6975      0.752941
6976      0.756863
6977      0.756863
6978      0.756863
6979      0.749020
6980      0.725490
6981      0.709804
6982      0.717647
6983      0.745098
6984      0.756863
6985      0.749020
6986      0.741176
6987      0.749020
6988      0.756863
6989      0.749020
6990      0.733333
6991      0.729412
6992      0.737255
6993      0.749020
6994      0.749020
6995      0.745098
6996      0.733333
6997      0.713726
6998      0.701961
6999      0.705882
7000      0.717647
7001      0.729412
7002      0.756863
7003      0.772549
7004      0.788235
7005      0.796078
7006      0.784314
7007      0.756863
7008      0.729412
7009      0.713726
7010      0.725490
7011      0.737255
7012      0.749020
7013      0.752941
7014      0.741176
7015      0.733333
7016      0.733333
7017      0.737255
7018      0.772549
7019      0.772549
7020      0.768627
7021      0.760784
7022      0.752941
7023      0.749020
7024      0.756863
7025      0.764706
7026      0.768627
7027      0.764706
7028      0.764706
7029      0.764706
7030      0.764706
7031      0.760784
7032      0.760784
7033      0.756863
7034      0.768627
7035      0.768627
7036      0.768627
7037      0.737255
7038      0.729412
7039      0.705882
7040      0.654902
7041      0.600000
7042      0.568627
7043      0.568627
7044      0.580392
7045      0.603922
7046      0.607843
7047      0.611765
7048      0.611765
7049      0.611765
7050      0.607843
7051      0.600000
7052      0.596078
7053      0.600000
7054      0.580392
7055      0.580392
7056      0.603922
7057      0.611765
7058      0.603922
7059      0.611765
7060      0.635294
7061      0.662745
7062      0.658824
7063      0.650980
7064      0.639216
7065      0.627451
7066      0.611765
7067      0.596078
7068      0.588235
7069      0.588235
7070      0.596078
7071      0.603922
7072      0.603922
7073      0.607843
7074      0.623529
7075      0.650980
7076      0.670588
7077      0.678431
7078      0.682353
7079      0.678431
7080      0.666667
7081      0.643137
7082      0.635294
7083      0.635294
7084      0.643137
7085      0.619608
7086      0.619608
7087      0.615686
7088      0.611765
7089      0.607843
7090      0.603922
7091      0.596078
7092      0.592157
7093      0.639216
7094      0.639216
7095      0.662745
7096      0.694118
7097      0.709804
7098      0.705882
7099      0.709804
7100      0.717647
7101      0.694118
7102      0.698039
7103      0.709804
7104      0.721569
7105      0.733333
7106      0.745098
7107      0.752941
7108      0.760784
7109      0.752941
7110      0.760784
7111      0.772549
7112      0.772549
7113      0.764706
7114      0.756863
7115      0.756863
7116      0.756863
7117      0.749020
7118      0.745098
7119      0.745098
7120      0.752941
7121      0.764706
7122      0.780392
7123      0.796078
7124      0.807843
7125      0.800000
7126      0.776471
7127      0.756863
7128      0.752941
7129      0.768627
7130      0.776471
7131      0.768627
7132      0.756863
7133      0.760784
7134      0.749020
7135      0.741176
7136      0.752941
7137      0.776471
7138      0.796078
7139      0.803922
7140      0.803922
7141      0.803922
7142      0.796078
7143      0.784314
7144      0.772549
7145      0.756863
7146      0.749020
7147      0.741176
7148      0.737255
7149      0.729412
7150      0.721569
7151      0.709804
7152      0.709804
7153      0.721569
7154      0.733333
7155      0.741176
7156      0.741176
7157      0.737255
7158      0.741176
7159      0.741176
7160      0.733333
7161      0.713726
7162      0.709804
7163      0.713726
7164      0.725490
7165      0.756863
7166      0.756863
7167      0.760784
7168      0.764706
7169      0.768627
7170      0.756863
7171      0.737255
7172      0.717647
7173      0.690196
7174      0.690196
7175      0.678431
7176      0.654902
7177      0.643137
7178      0.654902
7179      0.690196
7180      0.721569
7181      0.749020
7182      0.745098
7183      0.745098
7184      0.745098
7185      0.745098
7186      0.749020
7187      0.752941
7188      0.756863
7189      0.756863
7190      0.760784
7191      0.768627
7192      0.780392
7193      0.788235
7194      0.780392
7195      0.764706
7196      0.749020
7197      0.760784
7198      0.760784
7199      0.760784
7200      0.760784
7201      0.756863
7202      0.752941
7203      0.749020
7204      0.745098
7205      0.749020
7206      0.741176
7207      0.717647
7208      0.701961
7209      0.717647
7210      0.749020
7211      0.764706
7212      0.756863
7213      0.745098
7214      0.752941
7215      0.756863
7216      0.749020
7217      0.737255
7218      0.729412
7219      0.741176
7220      0.752941
7221      0.752941
7222      0.749020
7223      0.741176
7224      0.725490
7225      0.713726
7226      0.713726
7227      0.721569
7228      0.733333
7229      0.741176
7230      0.756863
7231      0.772549
7232      0.768627
7233      0.752941
7234      0.733333
7235      0.725490
7236      0.721569
7237      0.733333
7238      0.745098
7239      0.760784
7240      0.756863
7241      0.745098
7242      0.733333
7243      0.729412
7244      0.733333
7245      0.772549
7246      0.772549
7247      0.768627
7248      0.760784
7249      0.749020
7250      0.745098
7251      0.752941
7252      0.760784
7253      0.772549
7254      0.768627
7255      0.764706
7256      0.760784
7257      0.760784
7258      0.760784
7259      0.764706
7260      0.764706
7261      0.772549
7262      0.772549
7263      0.772549
7264      0.721569
7265      0.729412
7266      0.701961
7267      0.631373
7268      0.572549
7269      0.556863
7270      0.552941
7271      0.545098
7272      0.560784
7273      0.592157
7274      0.611765
7275      0.611765
7276      0.611765
7277      0.611765
7278      0.600000
7279      0.584314
7280      0.600000
7281      0.600000
7282      0.596078
7283      0.596078
7284      0.600000
7285      0.603922
7286      0.611765
7287      0.615686
7288      0.643137
7289      0.650980
7290      0.654902
7291      0.639216
7292      0.615686
7293      0.596078
7294      0.592157
7295      0.596078
7296      0.603922
7297      0.600000
7298      0.600000
7299      0.603922
7300      0.611765
7301      0.619608
7302      0.631373
7303      0.635294
7304      0.654902
7305      0.650980
7306      0.647059
7307      0.647059
7308      0.643137
7309      0.643137
7310      0.647059
7311      0.647059
7312      0.623529
7313      0.619608
7314      0.611765
7315      0.611765
7316      0.611765
7317      0.619608
7318      0.631373
7319      0.635294
7320      0.670588
7321      0.678431
7322      0.694118
7323      0.701961
7324      0.698039
7325      0.686275
7326      0.666667
7327      0.654902
7328      0.694118
7329      0.705882
7330      0.725490
7331      0.741176
7332      0.749020
7333      0.752941
7334      0.749020
7335      0.749020
7336      0.749020
7337      0.749020
7338      0.741176
7339      0.741176
7340      0.741176
7341      0.741176
7342      0.749020
7343      0.752941
7344      0.776471
7345      0.772549
7346      0.768627
7347      0.768627
7348      0.768627
7349      0.776471
7350      0.784314
7351      0.788235
7352      0.796078
7353      0.784314
7354      0.772549
7355      0.764706
7356      0.760784
7357      0.756863
7358      0.749020
7359      0.741176
7360      0.760784
7361      0.760784
7362      0.764706
7363      0.776471
7364      0.792157
7365      0.803922
7366      0.807843
7367      0.807843
7368      0.803922
7369      0.796078
7370      0.772549
7371      0.741176
7372      0.713726
7373      0.698039
7374      0.698039
7375      0.701961
7376      0.701961
7377      0.701961
7378      0.701961
7379      0.705882
7380      0.713726
7381      0.713726
7382      0.705882
7383      0.701961
7384      0.737255
7385      0.733333
7386      0.733333
7387      0.745098
7388      0.760784
7389      0.768627
7390      0.764706
7391      0.752941
7392      0.764706
7393      0.772549
7394      0.772549
7395      0.760784
7396      0.741176
7397      0.717647
7398      0.705882
7399      0.698039
7400      0.674510
7401      0.658824
7402      0.635294
7403      0.631373
7404      0.643137
7405      0.666667
7406      0.694118
7407      0.709804
7408      0.725490
7409      0.737255
7410      0.749020
7411      0.752941
7412      0.749020
7413      0.745098
7414      0.749020
7415      0.749020
7416      0.760784
7417      0.760784
7418      0.760784
7419      0.760784
7420      0.764706
7421      0.764706
7422      0.764706
7423      0.768627
7424      0.760784
7425      0.764706
7426      0.768627
7427      0.764706
7428      0.756863
7429      0.741176
7430      0.725490
7431      0.713726
7432      0.721569
7433      0.721569
7434      0.725490
7435      0.729412
7436      0.737255
7437      0.749020
7438      0.760784
7439      0.768627
7440      0.721569
7441      0.713726
7442      0.713726
7443      0.729412
7444      0.752941
7445      0.760784
7446      0.749020
7447      0.733333
7448      0.737255
7449      0.737255
7450      0.733333
7451      0.733333
7452      0.729412
7453      0.729412
7454      0.729412
7455      0.729412
7456      0.760784
7457      0.756863
7458      0.752941
7459      0.749020
7460      0.741176
7461      0.737255
7462      0.733333
7463      0.733333
7464      0.749020
7465      0.752941
7466      0.752941
7467      0.737255
7468      0.713726
7469      0.705882
7470      0.717647
7471      0.737255
7472      0.749020
7473      0.737255
7474      0.729412
7475      0.733333
7476      0.745098
7477      0.756863
7478      0.756863
7479      0.752941
7480      0.760784
7481      0.760784
7482      0.760784
7483      0.764706
7484      0.776471
7485      0.792157
7486      0.807843
7487      0.815686
7488      0.823529
7489      0.796078
7490      0.768627
7491      0.701961
7492      0.709804
7493      0.678431
7494      0.611765
7495      0.560784
7496      0.545098
7497      0.545098
7498      0.541176
7499      0.564706
7500      0.600000
7501      0.623529
7502      0.623529
7503      0.619608
7504      0.623529
7505      0.619608
7506      0.611765
7507      0.623529
7508      0.615686
7509      0.603922
7510      0.596078
7511      0.596078
7512      0.600000
7513      0.611765
7514      0.619608
7515      0.643137
7516      0.647059
7517      0.647059
7518      0.631373
7519      0.607843
7520      0.592157
7521      0.588235
7522      0.592157
7523      0.588235
7524      0.596078
7525      0.603922
7526      0.615686
7527      0.623529
7528      0.623529
7529      0.623529
7530      0.619608
7531      0.635294
7532      0.635294
7533      0.635294
7534      0.635294
7535      0.639216
7536      0.643137
7537      0.643137
7538      0.647059
7539      0.627451
7540      0.627451
7541      0.623529
7542      0.623529
7543      0.627451
7544      0.635294
7545      0.647059
7546      0.654902
7547      0.682353
7548      0.690196
7549      0.698039
7550      0.701961
7551      0.698039
7552      0.682353
7553      0.666667
7554      0.658824
7555      0.682353
7556      0.698039
7557      0.717647
7558      0.733333
7559      0.745098
7560      0.745098
7561      0.737255
7562      0.733333
7563      0.737255
7564      0.733333
7565      0.729412
7566      0.729412
7567      0.733333
7568      0.745098
7569      0.752941
7570      0.760784
7571      0.776471
7572      0.776471
7573      0.776471
7574      0.776471
7575      0.780392
7576      0.784314
7577      0.788235
7578      0.792157
7579      0.800000
7580      0.788235
7581      0.772549
7582      0.764706
7583      0.764706
7584      0.764706
7585      0.760784
7586      0.756863
7587      0.752941
7588      0.752941
7589      0.760784
7590      0.776471
7591      0.792157
7592      0.803922
7593      0.803922
7594      0.800000
7595      0.780392
7596      0.772549
7597      0.752941
7598      0.721569
7599      0.694118
7600      0.678431
7601      0.678431
7602      0.682353
7603      0.682353
7604      0.682353
7605      0.686275
7606      0.686275
7607      0.690196
7608      0.694118
7609      0.698039
7610      0.701961
7611      0.729412
7612      0.725490
7613      0.729412
7614      0.741176
7615      0.756863
7616      0.764706
7617      0.760784
7618      0.752941
7619      0.764706
7620      0.768627
7621      0.772549
7622      0.764706
7623      0.741176
7624      0.717647
7625      0.701961
7626      0.694118
7627      0.666667
7628      0.647059
7629      0.623529
7630      0.615686
7631      0.623529
7632      0.650980
7633      0.678431
7634      0.698039
7635      0.729412
7636      0.741176
7637      0.752941
7638      0.752941
7639      0.752941
7640      0.749020
7641      0.752941
7642      0.756863
7643      0.752941
7644      0.752941
7645      0.756863
7646      0.764706
7647      0.768627
7648      0.772549
7649      0.776471
7650      0.780392
7651      0.764706
7652      0.764706
7653      0.764706
7654      0.760784
7655      0.749020
7656      0.737255
7657      0.725490
7658      0.717647
7659      0.713726
7660      0.717647
7661      0.725490
7662      0.729412
7663      0.733333
7664      0.733333
7665      0.733333
7666      0.729412
7667      0.705882
7668      0.701961
7669      0.701961
7670      0.721569
7671      0.749020
7672      0.760784
7673      0.749020
7674      0.737255
7675      0.745098
7676      0.745098
7677      0.745098
7678      0.745098
7679      0.741176
7680      0.737255
7681      0.733333
7682      0.729412
7683      0.752941
7684      0.749020
7685      0.749020
7686      0.745098
7687      0.741176
7688      0.737255
7689      0.737255
7690      0.737255
7691      0.756863
7692      0.760784
7693      0.756863
7694      0.741176
7695      0.717647
7696      0.709804
7697      0.721569
7698      0.741176
7699      0.745098
7700      0.733333
7701      0.725490
7702      0.733333
7703      0.745098
7704      0.756863
7705      0.756863
7706      0.752941
7707      0.760784
7708      0.760784
7709      0.760784
7710      0.768627
7711      0.780392
7712      0.796078
7713      0.811765
7714      0.823529
7715      0.819608
7716      0.796078
7717      0.772549
7718      0.678431
7719      0.674510
7720      0.643137
7721      0.588235
7722      0.545098
7723      0.533333
7724      0.537255
7725      0.541176
7726      0.572549
7727      0.607843
7728      0.635294
7729      0.635294
7730      0.627451
7731      0.635294
7732      0.647059
7733      0.647059
7734      0.647059
7735      0.631373
7736      0.607843
7737      0.592157
7738      0.588235
7739      0.600000
7740      0.619608
7741      0.631373
7742      0.650980
7743      0.647059
7744      0.639216
7745      0.619608
7746      0.600000
7747      0.584314
7748      0.580392
7749      0.580392
7750      0.568627
7751      0.580392
7752      0.603922
7753      0.619608
7754      0.627451
7755      0.619608
7756      0.607843
7757      0.600000
7758      0.611765
7759      0.615686
7760      0.619608
7761      0.627451
7762      0.635294
7763      0.643137
7764      0.647059
7765      0.650980
7766      0.639216
7767      0.639216
7768      0.639216
7769      0.643137
7770      0.650980
7771      0.662745
7772      0.670588
7773      0.678431
7774      0.701961
7775      0.701961
7776      0.701961
7777      0.698039
7778      0.690196
7779      0.682353
7780      0.670588
7781      0.662745
7782      0.674510
7783      0.690196
7784      0.713726
7785      0.733333
7786      0.741176
7787      0.737255
7788      0.729412
7789      0.721569
7790      0.725490
7791      0.721569
7792      0.717647
7793      0.717647
7794      0.729412
7795      0.745098
7796      0.760784
7797      0.772549
7798      0.780392
7799      0.784314
7800      0.788235
7801      0.792157
7802      0.796078
7803      0.796078
7804      0.800000
7805      0.796078
7806      0.807843
7807      0.792157
7808      0.772549
7809      0.764706
7810      0.764706
7811      0.768627
7812      0.772549
7813      0.772549
7814      0.749020
7815      0.752941
7816      0.764706
7817      0.780392
7818      0.792157
7819      0.800000
7820      0.792157
7821      0.784314
7822      0.752941
7823      0.745098
7824      0.725490
7825      0.698039
7826      0.670588
7827      0.654902
7828      0.654902
7829      0.654902
7830      0.650980
7831      0.658824
7832      0.662745
7833      0.658824
7834      0.654902
7835      0.662745
7836      0.682353
7837      0.698039
7838      0.713726
7839      0.713726
7840      0.721569
7841      0.733333
7842      0.749020
7843      0.756863
7844      0.752941
7845      0.749020
7846      0.760784
7847      0.768627
7848      0.772549
7849      0.764706
7850      0.741176
7851      0.713726
7852      0.694118
7853      0.682353
7854      0.666667
7855      0.647059
7856      0.623529
7857      0.607843
7858      0.611765
7859      0.639216
7860      0.670588
7861      0.694118
7862      0.737255
7863      0.745098
7864      0.756863
7865      0.760784
7866      0.756863
7867      0.752941
7868      0.756863
7869      0.764706
7870      0.752941
7871      0.756863
7872      0.760784
7873      0.768627
7874      0.776471
7875      0.784314
7876      0.792157
7877      0.796078
7878      0.772549
7879      0.768627
7880      0.760784
7881      0.749020
7882      0.741176
7883      0.733333
7884      0.729412
7885      0.725490
7886      0.721569
7887      0.725490
7888      0.729412
7889      0.729412
7890      0.725490
7891      0.713726
7892      0.698039
7893      0.690196
7894      0.686275
7895      0.682353
7896      0.690196
7897      0.713726
7898      0.741176
7899      0.756863
7900      0.752941
7901      0.745098
7902      0.752941
7903      0.752941
7904      0.756863
7905      0.756863
7906      0.752941
7907      0.745098
7908      0.737255
7909      0.733333
7910      0.741176
7911      0.741176
7912      0.737255
7913      0.737255
7914      0.737255
7915      0.737255
7916      0.741176
7917      0.741176
7918      0.764706
7919      0.764706
7920      0.760784
7921      0.741176
7922      0.721569
7923      0.713726
7924      0.725490
7925      0.741176
7926      0.737255
7927      0.729412
7928      0.725490
7929      0.733333
7930      0.741176
7931      0.752941
7932      0.752941
7933      0.752941
7934      0.760784
7935      0.760784
7936      0.764706
7937      0.772549
7938      0.788235
7939      0.803922
7940      0.819608
7941      0.827451
7942      0.819608
7943      0.800000
7944      0.776471
7945      0.654902
7946      0.643137
7947      0.611765
7948      0.568627
7949      0.537255
7950      0.529412
7951      0.541176
7952      0.549020
7953      0.580392
7954      0.619608
7955      0.647059
7956      0.639216
7957      0.631373
7958      0.643137
7959      0.662745
7960      0.670588
7961      0.654902
7962      0.635294
7963      0.603922
7964      0.584314
7965      0.584314
7966      0.600000
7967      0.627451
7968      0.643137
7969      0.662745
7970      0.654902
7971      0.639216
7972      0.615686
7973      0.596078
7974      0.576471
7975      0.568627
7976      0.568627
7977      0.556863
7978      0.568627
7979      0.584314
7980      0.600000
7981      0.607843
7982      0.603922
7983      0.596078
7984      0.588235
7985      0.596078
7986      0.600000
7987      0.611765
7988      0.627451
7989      0.643137
7990      0.654902
7991      0.662745
7992      0.666667
7993      0.654902
7994      0.658824
7995      0.658824
7996      0.666667
7997      0.674510
7998      0.686275
7999      0.694118
8000      0.701961
8001      0.717647
8002      0.713726
8003      0.709804
8004      0.701961
8005      0.690196
8006      0.682353
8007      0.674510
8008      0.670588
8009      0.682353
8010      0.698039
8011      0.717647
8012      0.741176
8013      0.749020
8014      0.745098
8015      0.733333
8016      0.725490
8017      0.733333
8018      0.725490
8019      0.721569
8020      0.721569
8021      0.729412
8022      0.745098
8023      0.760784
8024      0.772549
8025      0.776471
8026      0.780392
8027      0.792157
8028      0.800000
8029      0.803922
8030      0.803922
8031      0.800000
8032      0.800000
8033      0.803922
8034      0.788235
8035      0.764706
8036      0.752941
8037      0.752941
8038      0.760784
8039      0.764706
8040      0.768627
8041      0.768627
8042      0.772549
8043      0.776471
8044      0.788235
8045      0.796078
8046      0.792157
8047      0.780392
8048      0.768627
8049      0.729412
8050      0.725490
8051      0.705882
8052      0.682353
8053      0.654902
8054      0.635294
8055      0.631373
8056      0.635294
8057      0.619608
8058      0.631373
8059      0.639216
8060      0.631373
8061      0.623529
8062      0.635294
8063      0.666667
8064      0.698039
8065      0.701961
8066      0.709804
8067      0.721569
8068      0.737255
8069      0.749020
8070      0.752941
8071      0.749020
8072      0.745098
8073      0.760784
8074      0.768627
8075      0.772549
8076      0.764706
8077      0.741176
8078      0.709804
8079      0.686275
8080      0.674510
8081      0.670588
8082      0.654902
8083      0.631373
8084      0.611765
8085      0.611765
8086      0.639216
8087      0.674510
8088      0.701961
8089      0.745098
8090      0.752941
8091      0.760784
8092      0.760784
8093      0.760784
8094      0.760784
8095      0.764706
8096      0.772549
8097      0.768627
8098      0.772549
8099      0.776471
8100      0.780392
8101      0.784314
8102      0.792157
8103      0.796078
8104      0.796078
8105      0.776471
8106      0.768627
8107      0.752941
8108      0.741176
8109      0.729412
8110      0.729412
8111      0.733333
8112      0.733333
8113      0.745098
8114      0.741176
8115      0.733333
8116      0.721569
8117      0.709804
8118      0.694118
8119      0.682353
8120      0.674510
8121      0.670588
8122      0.674510
8123      0.686275
8124      0.709804
8125      0.737255
8126      0.752941
8127      0.752941
8128      0.749020
8129      0.752941
8130      0.756863
8131      0.760784
8132      0.760784
8133      0.756863
8134      0.749020
8135      0.741176
8136      0.733333
8137      0.733333
8138      0.733333
8139      0.729412
8140      0.729412
8141      0.733333
8142      0.737255
8143      0.745098
8144      0.749020
8145      0.764706
8146      0.764706
8147      0.756863
8148      0.737255
8149      0.721569
8150      0.717647
8151      0.725490
8152      0.733333
8153      0.729412
8154      0.729412
8155      0.729412
8156      0.733333
8157      0.741176
8158      0.749020
8159      0.752941
8160      0.752941
8161      0.756863
8162      0.760784
8163      0.764706
8164      0.776471
8165      0.792157
8166      0.807843
8167      0.819608
8168      0.827451
8169      0.819608
8170      0.803922
8171      0.788235
8172      0.643137
8173      0.623529
8174      0.596078
8175      0.572549
8176      0.552941
8177      0.545098
8178      0.556863
8179      0.568627
8180      0.596078
8181      0.627451
8182      0.650980
8183      0.647059
8184      0.639216
8185      0.650980
8186      0.662745
8187      0.666667
8188      0.639216
8189      0.619608
8190      0.592157
8191      0.576471
8192      0.580392
8193      0.600000
8194      0.627451
8195      0.647059
8196      0.662745
8197      0.654902
8198      0.635294
8199      0.615686
8200      0.596078
8201      0.576471
8202      0.560784
8203      0.552941
8204      0.552941
8205      0.556863
8206      0.564706
8207      0.572549
8208      0.576471
8209      0.580392
8210      0.584314
8211      0.584314
8212      0.588235
8213      0.600000
8214      0.615686
8215      0.639216
8216      0.658824
8217      0.674510
8218      0.682353
8219      0.690196
8220      0.674510
8221      0.678431
8222      0.682353
8223      0.686275
8224      0.694118
8225      0.701961
8226      0.709804
8227      0.713726
8228      0.721569
8229      0.717647
8230      0.709804
8231      0.701961
8232      0.694118
8233      0.690196
8234      0.686275
8235      0.686275
8236      0.698039
8237      0.713726
8238      0.733333
8239      0.749020
8240      0.756863
8241      0.752941
8242      0.745098
8243      0.737255
8244      0.749020
8245      0.741176
8246      0.733333
8247      0.729412
8248      0.733333
8249      0.745098
8250      0.756863
8251      0.764706
8252      0.764706
8253      0.772549
8254      0.780392
8255      0.792157
8256      0.796078
8257      0.796078
8258      0.796078
8259      0.792157
8260      0.792157
8261      0.772549
8262      0.752941
8263      0.741176
8264      0.745098
8265      0.749020
8266      0.756863
8267      0.760784
8268      0.796078
8269      0.796078
8270      0.796078
8271      0.800000
8272      0.800000
8273      0.788235
8274      0.768627
8275      0.752941
8276      0.725490
8277      0.721569
8278      0.705882
8279      0.678431
8280      0.650980
8281      0.627451
8282      0.623529
8283      0.623529
8284      0.603922
8285      0.615686
8286      0.623529
8287      0.615686
8288      0.607843
8289      0.623529
8290      0.658824
8291      0.690196
8292      0.705882
8293      0.717647
8294      0.733333
8295      0.745098
8296      0.752941
8297      0.752941
8298      0.752941
8299      0.749020
8300      0.764706
8301      0.768627
8302      0.772549
8303      0.760784
8304      0.733333
8305      0.701961
8306      0.682353
8307      0.670588
8308      0.662745
8309      0.654902
8310      0.635294
8311      0.619608
8312      0.615686
8313      0.639216
8314      0.678431
8315      0.705882
8316      0.752941
8317      0.756863
8318      0.764706
8319      0.764706
8320      0.760784
8321      0.760784
8322      0.768627
8323      0.776471
8324      0.792157
8325      0.792157
8326      0.788235
8327      0.788235
8328      0.788235
8329      0.788235
8330      0.788235
8331      0.788235
8332      0.776471
8333      0.764706
8334      0.745098
8335      0.733333
8336      0.725490
8337      0.729412
8338      0.737255
8339      0.745098
8340      0.752941
8341      0.741176
8342      0.721569
8343      0.701961
8344      0.686275
8345      0.678431
8346      0.674510
8347      0.674510
8348      0.678431
8349      0.682353
8350      0.698039
8351      0.717647
8352      0.737255
8353      0.752941
8354      0.756863
8355      0.752941
8356      0.745098
8357      0.749020
8358      0.752941
8359      0.752941
8360      0.752941
8361      0.749020
8362      0.741176
8363      0.737255
8364      0.733333
8365      0.729412
8366      0.725490
8367      0.725490
8368      0.733333
8369      0.741176
8370      0.749020
8371      0.756863
8372      0.756863
8373      0.752941
8374      0.745098
8375      0.729412
8376      0.721569
8377      0.717647
8378      0.725490
8379      0.729412
8380      0.729412
8381      0.733333
8382      0.741176
8383      0.741176
8384      0.745098
8385      0.745098
8386      0.749020
8387      0.749020
8388      0.752941
8389      0.756863
8390      0.764706
8391      0.772549
8392      0.788235
8393      0.800000
8394      0.811765
8395      0.819608
8396      0.815686
8397      0.807843
8398      0.800000
8399      0.643137
8400      0.619608
8401      0.600000
8402      0.596078
8403      0.588235
8404      0.580392
8405      0.584314
8406      0.600000
8407      0.623529
8408      0.647059
8409      0.658824
8410      0.654902
8411      0.650980
8412      0.658824
8413      0.654902
8414      0.643137
8415      0.611765
8416      0.600000
8417      0.580392
8418      0.568627
8419      0.572549
8420      0.592157
8421      0.615686
8422      0.631373
8423      0.643137
8424      0.631373
8425      0.619608
8426      0.607843
8427      0.596078
8428      0.580392
8429      0.560784
8430      0.549020
8431      0.552941
8432      0.549020
8433      0.549020
8434      0.549020
8435      0.556863
8436      0.568627
8437      0.576471
8438      0.584314
8439      0.588235
8440      0.603922
8441      0.623529
8442      0.650980
8443      0.674510
8444      0.690196
8445      0.701961
8446      0.705882
8447      0.698039
8448      0.698039
8449      0.698039
8450      0.701961
8451      0.705882
8452      0.705882
8453      0.709804
8454      0.709804
8455      0.713726
8456      0.713726
8457      0.709804
8458      0.709804
8459      0.705882
8460      0.701961
8461      0.701961
8462      0.701961
8463      0.713726
8464      0.721569
8465      0.737255
8466      0.749020
8467      0.756863
8468      0.756863
8469      0.749020
8470      0.745098
8471      0.752941
8472      0.749020
8473      0.745098
8474      0.741176
8475      0.741176
8476      0.741176
8477      0.749020
8478      0.749020
8479      0.749020
8480      0.752941
8481      0.760784
8482      0.768627
8483      0.772549
8484      0.776471
8485      0.780392
8486      0.780392
8487      0.772549
8488      0.760784
8489      0.745098
8490      0.741176
8491      0.749020
8492      0.760784
8493      0.764706
8494      0.768627
8495      0.815686
8496      0.807843
8497      0.803922
8498      0.803922
8499      0.800000
8500      0.784314
8501      0.764706
8502      0.749020
8503      0.733333
8504      0.729412
8505      0.713726
8506      0.686275
8507      0.650980
8508      0.627451
8509      0.615686
8510      0.611765
8511      0.607843
8512      0.611765
8513      0.615686
8514      0.611765
8515      0.611765
8516      0.627451
8517      0.658824
8518      0.682353
8519      0.717647
8520      0.733333
8521      0.752941
8522      0.764706
8523      0.764706
8524      0.760784
8525      0.756863
8526      0.756863
8527      0.772549
8528      0.772549
8529      0.768627
8530      0.752941
8531      0.721569
8532      0.694118
8533      0.678431
8534      0.670588
8535      0.647059
8536      0.643137
8537      0.635294
8538      0.623529
8539      0.619608
8540      0.639216
8541      0.678431
8542      0.705882
8543      0.752941
8544      0.760784
8545      0.760784
8546      0.760784
8547      0.756863
8548      0.760784
8549      0.772549
8550      0.780392
8551      0.800000
8552      0.796078
8553      0.792157
8554      0.784314
8555      0.780392
8556      0.772549
8557      0.768627
8558      0.768627
8559      0.764706
8560      0.752941
8561      0.737255
8562      0.729412
8563      0.725490
8564      0.733333
8565      0.745098
8566      0.752941
8567      0.745098
8568      0.729412
8569      0.705882
8570      0.686275
8571      0.674510
8572      0.674510
8573      0.682353
8574      0.686275
8575      0.701961
8576      0.709804
8577      0.721569
8578      0.737255
8579      0.745098
8580      0.752941
8581      0.752941
8582      0.752941
8583      0.741176
8584      0.741176
8585      0.741176
8586      0.741176
8587      0.745098
8588      0.745098
8589      0.749020
8590      0.749020
8591      0.737255
8592      0.733333
8593      0.729412
8594      0.725490
8595      0.733333
8596      0.741176
8597      0.752941
8598      0.760784
8599      0.749020
8600      0.745098
8601      0.733333
8602      0.725490
8603      0.721569
8604      0.725490
8605      0.729412
8606      0.733333
8607      0.737255
8608      0.745098
8609      0.752941
8610      0.752941
8611      0.745098
8612      0.741176
8613      0.745098
8614      0.745098
8615      0.745098
8616      0.749020
8617      0.756863
8618      0.768627
8619      0.780392
8620      0.788235
8621      0.796078
8622      0.800000
8623      0.803922
8624      0.800000
8625      0.800000
8626      0.650980
8627      0.627451
8628      0.615686
8629      0.623529
8630      0.627451
8631      0.615686
8632      0.615686
8633      0.635294
8634      0.654902
8635      0.666667
8636      0.670588
8637      0.666667
8638      0.666667
8639      0.666667
8640      0.647059
8641      0.615686
8642      0.592157
8643      0.584314
8644      0.572549
8645      0.568627
8646      0.568627
8647      0.576471
8648      0.588235
8649      0.596078
8650      0.600000
8651      0.592157
8652      0.592157
8653      0.596078
8654      0.596078
8655      0.588235
8656      0.568627
8657      0.549020
8658      0.552941
8659      0.549020
8660      0.549020
8661      0.552941
8662      0.556863
8663      0.568627
8664      0.576471
8665      0.584314
8666      0.592157
8667      0.603922
8668      0.631373
8669      0.658824
8670      0.682353
8671      0.701961
8672      0.713726
8673      0.717647
8674      0.713726
8675      0.713726
8676      0.713726
8677      0.713726
8678      0.709804
8679      0.705882
8680      0.701961
8681      0.701961
8682      0.701961
8683      0.705882
8684      0.709804
8685      0.713726
8686      0.717647
8687      0.717647
8688      0.717647
8689      0.713726
8690      0.713726
8691      0.717647
8692      0.729412
8693      0.737255
8694      0.741176
8695      0.745098
8696      0.745098
8697      0.745098
8698      0.741176
8699      0.741176
8700      0.745098
8701      0.745098
8702      0.745098
8703      0.741176
8704      0.741176
8705      0.741176
8706      0.733333
8707      0.733333
8708      0.737255
8709      0.741176
8710      0.749020
8711      0.756863
8712      0.764706
8713      0.768627
8714      0.752941
8715      0.749020
8716      0.745098
8717      0.752941
8718      0.768627
8719      0.788235
8720      0.796078
8721      0.800000
8722      0.811765
8723      0.803922
8724      0.796078
8725      0.792157
8726      0.792157
8727      0.784314
8728      0.768627
8729      0.756863
8730      0.745098
8731      0.737255
8732      0.721569
8733      0.690196
8734      0.654902
8735      0.627451
8736      0.611765
8737      0.607843
8738      0.619608
8739      0.615686
8740      0.615686
8741      0.619608
8742      0.627451
8743      0.643137
8744      0.662745
8745      0.674510
8746      0.733333
8747      0.752941
8748      0.772549
8749      0.784314
8750      0.776471
8751      0.768627
8752      0.764706
8753      0.764706
8754      0.780392
8755      0.776471
8756      0.764706
8757      0.741176
8758      0.713726
8759      0.690196
8760      0.674510
8761      0.670588
8762      0.639216
8763      0.647059
8764      0.647059
8765      0.639216
8766      0.635294
8767      0.650980
8768      0.686275
8769      0.717647
8770      0.752941
8771      0.756863
8772      0.760784
8773      0.756863
8774      0.756863
8775      0.760784
8776      0.768627
8777      0.780392
8778      0.788235
8779      0.784314
8780      0.780392
8781      0.772549
8782      0.764706
8783      0.756863
8784      0.752941
8785      0.749020
8786      0.752941
8787      0.745098
8788      0.733333
8789      0.725490
8790      0.729412
8791      0.737255
8792      0.752941
8793      0.760784
8794      0.733333
8795      0.725490
8796      0.713726
8797      0.701961
8798      0.698039
8799      0.701961
8800      0.705882
8801      0.709804
8802      0.733333
8803      0.741176
8804      0.749020
8805      0.756863
8806      0.756863
8807      0.752941
8808      0.752941
8809      0.752941
8810      0.741176
8811      0.737255
8812      0.737255
8813      0.733333
8814      0.741176
8815      0.749020
8816      0.760784
8817      0.764706
8818      0.745098
8819      0.737255
8820      0.733333
8821      0.729412
8822      0.733333
8823      0.745098
8824      0.756863
8825      0.764706
8826      0.749020
8827      0.741176
8828      0.729412
8829      0.725490
8830      0.729412
8831      0.733333
8832      0.741176
8833      0.745098
8834      0.745098
8835      0.756863
8836      0.764706
8837      0.760784
8838      0.749020
8839      0.741176
8840      0.741176
8841      0.745098
8842      0.737255
8843      0.745098
8844      0.752941
8845      0.760784
8846      0.768627
8847      0.776471
8848      0.780392
8849      0.780392
8850      0.788235
8851      0.788235
8852      0.792157
8853      0.654902
8854      0.631373
8855      0.627451
8856      0.647059
8857      0.650980
8858      0.639216
8859      0.639216
8860      0.654902
8861      0.678431
8862      0.682353
8863      0.678431
8864      0.674510
8865      0.678431
8866      0.674510
8867      0.639216
8868      0.596078
8869      0.584314
8870      0.580392
8871      0.572549
8872      0.564706
8873      0.564706
8874      0.564706
8875      0.564706
8876      0.568627
8877      0.560784
8878      0.560784
8879      0.568627
8880      0.584314
8881      0.596078
8882      0.592157
8883      0.572549
8884      0.556863
8885      0.549020
8886      0.549020
8887      0.552941
8888      0.560784
8889      0.564706
8890      0.572549
8891      0.580392
8892      0.580392
8893      0.592157
8894      0.603922
8895      0.631373
8896      0.662745
8897      0.686275
8898      0.705882
8899      0.713726
8900      0.717647
8901      0.721569
8902      0.721569
8903      0.721569
8904      0.717647
8905      0.709804
8906      0.701961
8907      0.694118
8908      0.690196
8909      0.690196
8910      0.698039
8911      0.709804
8912      0.717647
8913      0.725490
8914      0.725490
8915      0.725490
8916      0.721569
8917      0.709804
8918      0.713726
8919      0.717647
8920      0.721569
8921      0.729412
8922      0.733333
8923      0.737255
8924      0.741176
8925      0.725490
8926      0.733333
8927      0.737255
8928      0.741176
8929      0.745098
8930      0.741176
8931      0.737255
8932      0.733333
8933      0.721569
8934      0.721569
8935      0.721569
8936      0.725490
8937      0.729412
8938      0.741176
8939      0.752941
8940      0.756863
8941      0.741176
8942      0.741176
8943      0.749020
8944      0.764706
8945      0.792157
8946      0.811765
8947      0.823529
8948      0.827451
8949      0.803922
8950      0.796078
8951      0.788235
8952      0.784314
8953      0.784314
8954      0.780392
8955      0.772549
8956      0.764706
8957      0.749020
8958      0.745098
8959      0.725490
8960      0.694118
8961      0.654902
8962      0.623529
8963      0.607843
8964      0.600000
8965      0.627451
8966      0.619608
8967      0.615686
8968      0.623529
8969      0.639216
8970      0.654902
8971      0.666667
8972      0.670588
8973      0.745098
8974      0.764706
8975      0.788235
8976      0.796078
8977      0.784314
8978      0.772549
8979      0.768627
8980      0.772549
8981      0.784314
8982      0.780392
8983      0.764706
8984      0.737255
8985      0.705882
8986      0.682353
8987      0.674510
8988      0.674510
8989      0.643137
8990      0.654902
8991      0.662745
8992      0.658824
8993      0.654902
8994      0.670588
8995      0.701961
8996      0.733333
8997      0.752941
8998      0.756863
8999      0.756863
9000      0.756863
9001      0.752941
9002      0.756863
9003      0.768627
9004      0.780392
9005      0.772549
9006      0.768627
9007      0.764706
9008      0.756863
9009      0.752941
9010      0.745098
9011      0.741176
9012      0.737255
9013      0.741176
9014      0.737255
9015      0.729412
9016      0.725490
9017      0.729412
9018      0.741176
9019      0.756863
9020      0.764706
9021      0.729412
9022      0.729412
9023      0.729412
9024      0.729412
9025      0.729412
9026      0.733333
9027      0.733333
9028      0.733333
9029      0.752941
9030      0.760784
9031      0.768627
9032      0.768627
9033      0.760784
9034      0.752941
9035      0.752941
9036      0.749020
9037      0.745098
9038      0.741176
9039      0.733333
9040      0.733333
9041      0.741176
9042      0.752941
9043      0.768627
9044      0.780392
9045      0.749020
9046      0.745098
9047      0.733333
9048      0.729412
9049      0.733333
9050      0.745098
9051      0.756863
9052      0.768627
9053      0.749020
9054      0.741176
9055      0.729412
9056      0.729412
9057      0.733333
9058      0.745098
9059      0.749020
9060      0.752941
9061      0.752941
9062      0.764706
9063      0.772549
9064      0.768627
9065      0.752941
9066      0.741176
9067      0.737255
9068      0.741176
9069      0.737255
9070      0.741176
9071      0.749020
9072      0.756863
9073      0.760784
9074      0.764706
9075      0.768627
9076      0.768627
9077      0.772549
9078      0.776471
9079      0.780392
9080      0.674510
9081      0.678431
9082      0.674510
9083      0.666667
9084      0.658824
9085      0.662745
9086      0.670588
9087      0.678431
9088      0.682353
9089      0.674510
9090      0.662745
9091      0.650980
9092      0.635294
9093      0.619608
9094      0.611765
9095      0.603922
9096      0.580392
9097      0.576471
9098      0.576471
9099      0.572549
9100      0.568627
9101      0.560784
9102      0.556863
9103      0.552941
9104      0.572549
9105      0.576471
9106      0.584314
9107      0.584314
9108      0.576471
9109      0.560784
9110      0.541176
9111      0.529412
9112      0.521569
9113      0.549020
9114      0.556863
9115      0.545098
9116      0.541176
9117      0.564706
9118      0.600000
9119      0.615686
9120      0.584314
9121      0.603922
9122      0.639216
9123      0.674510
9124      0.686275
9125      0.694118
9126      0.709804
9127      0.725490
9128      0.713726
9129      0.705882
9130      0.690196
9131      0.678431
9132      0.670588
9133      0.670588
9134      0.674510
9135      0.678431
9136      0.701961
9137      0.713726
9138      0.725490
9139      0.725490
9140      0.717647
9141      0.709804
9142      0.705882
9143      0.705882
9144      0.686275
9145      0.694118
9146      0.701961
9147      0.705882
9148      0.709804
9149      0.721569
9150      0.737255
9151      0.752941
9152      0.733333
9153      0.737255
9154      0.741176
9155      0.741176
9156      0.737255
9157      0.733333
9158      0.725490
9159      0.721569
9160      0.717647
9161      0.717647
9162      0.713726
9163      0.713726
9164      0.717647
9165      0.729412
9166      0.741176
9167      0.749020
9168      0.760784
9169      0.772549
9170      0.788235
9171      0.807843
9172      0.819608
9173      0.823529
9174      0.827451
9175      0.823529
9176      0.788235
9177      0.780392
9178      0.780392
9179      0.780392
9180      0.788235
9181      0.792157
9182      0.788235
9183      0.780392
9184      0.772549
9185      0.745098
9186      0.709804
9187      0.686275
9188      0.674510
9189      0.658824
9190      0.631373
9191      0.607843
9192      0.631373
9193      0.623529
9194      0.619608
9195      0.627451
9196      0.643137
9197      0.674510
9198      0.701961
9199      0.721569
9200      0.752941
9201      0.776471
9202      0.796078
9203      0.800000
9204      0.784314
9205      0.772549
9206      0.776471
9207      0.788235
9208      0.803922
9209      0.780392
9210      0.745098
9211      0.717647
9212      0.694118
9213      0.678431
9214      0.666667
9215      0.658824
9216      0.670588
9217      0.678431
9218      0.682353
9219      0.682353
9220      0.682353
9221      0.694118
9222      0.717647
9223      0.737255
9224      0.772549
9225      0.768627
9226      0.764706
9227      0.764706
9228      0.760784
9229      0.764706
9230      0.764706
9231      0.768627
9232      0.756863
9233      0.756863
9234      0.756863
9235      0.752941
9236      0.752941
9237      0.749020
9238      0.749020
9239      0.749020
9240      0.756863
9241      0.752941
9242      0.745098
9243      0.741176
9244      0.737255
9245      0.741176
9246      0.741176
9247      0.745098
9248      0.752941
9249      0.752941
9250      0.756863
9251      0.772549
9252      0.788235
9253      0.788235
9254      0.776471
9255      0.760784
9256      0.776471
9257      0.768627
9258      0.756863
9259      0.752941
9260      0.756863
9261      0.756863
9262      0.749020
9263      0.745098
9264      0.725490
9265      0.733333
9266      0.741176
9267      0.745098
9268      0.745098
9269      0.749020
9270      0.756863
9271      0.764706
9272      0.741176
9273      0.729412
9274      0.725490
9275      0.725490
9276      0.733333
9277      0.745098
9278      0.745098
9279      0.745098
9280      0.745098
9281      0.741176
9282      0.741176
9283      0.745098
9284      0.752941
9285      0.756863
9286      0.756863
9287      0.752941
9288      0.768627
9289      0.760784
9290      0.752941
9291      0.745098
9292      0.741176
9293      0.733333
9294      0.721569
9295      0.709804
9296      0.729412
9297      0.729412
9298      0.733333
9299      0.745098
9300      0.752941
9301      0.752941
9302      0.749020
9303      0.741176
9304      0.756863
9305      0.756863
9306      0.760784
9307      0.682353
9308      0.686275
9309      0.686275
9310      0.678431
9311      0.670588
9312      0.666667
9313      0.670588
9314      0.674510
9315      0.666667
9316      0.658824
9317      0.647059
9318      0.631373
9319      0.611765
9320      0.600000
9321      0.588235
9322      0.584314
9323      0.580392
9324      0.580392
9325      0.580392
9326      0.576471
9327      0.568627
9328      0.560784
9329      0.552941
9330      0.549020
9331      0.556863
9332      0.560784
9333      0.568627
9334      0.572549
9335      0.568627
9336      0.556863
9337      0.541176
9338      0.533333
9339      0.525490
9340      0.549020
9341      0.556863
9342      0.541176
9343      0.537255
9344      0.556863
9345      0.584314
9346      0.600000
9347      0.588235
9348      0.607843
9349      0.639216
9350      0.662745
9351      0.674510
9352      0.682353
9353      0.694118
9354      0.705882
9355      0.694118
9356      0.686275
9357      0.674510
9358      0.662745
9359      0.654902
9360      0.654902
9361      0.658824
9362      0.658824
9363      0.678431
9364      0.686275
9365      0.690196
9366      0.690196
9367      0.678431
9368      0.670588
9369      0.666667
9370      0.670588
9371      0.670588
9372      0.678431
9373      0.690196
9374      0.698039
9375      0.705882
9376      0.717647
9377      0.733333
9378      0.745098
9379      0.729412
9380      0.729412
9381      0.733333
9382      0.733333
9383      0.733333
9384      0.725490
9385      0.721569
9386      0.717647
9387      0.709804
9388      0.709804
9389      0.709804
9390      0.713726
9391      0.721569
9392      0.737255
9393      0.752941
9394      0.760784
9395      0.776471
9396      0.784314
9397      0.800000
9398      0.811765
9399      0.819608
9400      0.823529
9401      0.823529
9402      0.823529
9403      0.796078
9404      0.788235
9405      0.780392
9406      0.780392
9407      0.784314
9408      0.784314
9409      0.784314
9410      0.780392
9411      0.772549
9412      0.752941
9413      0.733333
9414      0.725490
9415      0.721569
9416      0.709804
9417      0.682353
9418      0.654902
9419      0.654902
9420      0.643137
9421      0.631373
9422      0.627451
9423      0.639216
9424      0.662745
9425      0.690196
9426      0.709804
9427      0.756863
9428      0.776471
9429      0.792157
9430      0.792157
9431      0.776471
9432      0.768627
9433      0.776471
9434      0.788235
9435      0.792157
9436      0.776471
9437      0.749020
9438      0.725490
9439      0.713726
9440      0.705882
9441      0.694118
9442      0.690196
9443      0.698039
9444      0.701961
9445      0.705882
9446      0.705882
9447      0.705882
9448      0.713726
9449      0.733333
9450      0.752941
9451      0.772549
9452      0.768627
9453      0.764706
9454      0.760784
9455      0.756863
9456      0.756863
9457      0.756863
9458      0.756863
9459      0.760784
9460      0.756863
9461      0.756863
9462      0.752941
9463      0.752941
9464      0.752941
9465      0.752941
9466      0.756863
9467      0.760784
9468      0.752941
9469      0.745098
9470      0.741176
9471      0.741176
9472      0.745098
9473      0.752941
9474      0.760784
9475      0.768627
9476      0.768627
9477      0.776471
9478      0.792157
9479      0.800000
9480      0.796078
9481      0.776471
9482      0.760784
9483      0.764706
9484      0.756863
9485      0.752941
9486      0.749020
9487      0.752941
9488      0.756863
9489      0.752941
9490      0.749020
9491      0.741176
9492      0.745098
9493      0.752941
9494      0.752941
9495      0.749020
9496      0.749020
9497      0.756863
9498      0.764706
9499      0.745098
9500      0.737255
9501      0.729412
9502      0.729412
9503      0.737255
9504      0.745098
9505      0.745098
9506      0.745098
9507      0.741176
9508      0.741176
9509      0.741176
9510      0.741176
9511      0.749020
9512      0.749020
9513      0.745098
9514      0.741176
9515      0.745098
9516      0.745098
9517      0.745098
9518      0.741176
9519      0.741176
9520      0.733333
9521      0.721569
9522      0.713726
9523      0.725490
9524      0.729412
9525      0.733333
9526      0.737255
9527      0.745098
9528      0.745098
9529      0.741176
9530      0.737255
9531      0.749020
9532      0.749020
9533      0.752941
9534      0.670588
9535      0.678431
9536      0.682353
9537      0.682353
9538      0.670588
9539      0.658824
9540      0.658824
9541      0.658824
9542      0.627451
9543      0.623529
9544      0.611765
9545      0.600000
9546      0.588235
9547      0.580392
9548      0.572549
9549      0.572549
9550      0.576471
9551      0.580392
9552      0.580392
9553      0.580392
9554      0.576471
9555      0.568627
9556      0.560784
9557      0.552941
9558      0.541176
9559      0.545098
9560      0.552941
9561      0.556863
9562      0.552941
9563      0.549020
9564      0.541176
9565      0.537255
9566      0.529412
9567      0.549020
9568      0.552941
9569      0.533333
9570      0.529412
9571      0.545098
9572      0.568627
9573      0.576471
9574      0.588235
9575      0.607843
9576      0.631373
9577      0.647059
9578      0.654902
9579      0.662745
9580      0.670588
9581      0.670588
9582      0.670588
9583      0.662745
9584      0.650980
9585      0.639216
9586      0.631373
9587      0.631373
9588      0.635294
9589      0.639216
9590      0.658824
9591      0.662745
9592      0.662745
9593      0.654902
9594      0.643137
9595      0.639216
9596      0.643137
9597      0.650980
9598      0.658824
9599      0.670588
9600      0.686275
9601      0.698039
9602      0.705882
9603      0.713726
9604      0.725490
9605      0.737255
9606      0.729412
9607      0.729412
9608      0.733333
9609      0.733333
9610      0.733333
9611      0.729412
9612      0.725490
9613      0.725490
9614      0.701961
9615      0.701961
9616      0.705882
9617      0.713726
9618      0.729412
9619      0.749020
9620      0.768627
9621      0.780392
9622      0.800000
9623      0.803922
9624      0.811765
9625      0.819608
9626      0.823529
9627      0.823529
9628      0.819608
9629      0.819608
9630      0.811765
9631      0.796078
9632      0.780392
9633      0.772549
9634      0.776471
9635      0.776471
9636      0.776471
9637      0.776471
9638      0.760784
9639      0.756863
9640      0.752941
9641      0.760784
9642      0.764706
9643      0.756863
9644      0.733333
9645      0.713726
9646      0.682353
9647      0.670588
9648      0.658824
9649      0.650980
9650      0.658824
9651      0.682353
9652      0.705882
9653      0.725490
9654      0.760784
9655      0.772549
9656      0.780392
9657      0.780392
9658      0.768627
9659      0.764706
9660      0.772549
9661      0.784314
9662      0.784314
9663      0.772549
9664      0.752941
9665      0.745098
9666      0.741176
9667      0.741176
9668      0.733333
9669      0.729412
9670      0.721569
9671      0.721569
9672      0.721569
9673      0.717647
9674      0.717647
9675      0.725490
9676      0.741176
9677      0.752941
9678      0.764706
9679      0.760784
9680      0.756863
9681      0.752941
9682      0.749020
9683      0.745098
9684      0.745098
9685      0.745098
9686      0.764706
9687      0.760784
9688      0.756863
9689      0.752941
9690      0.752941
9691      0.756863
9692      0.760784
9693      0.764706
9694      0.760784
9695      0.752941
9696      0.745098
9697      0.741176
9698      0.745098
9699      0.752941
9700      0.768627
9701      0.776471
9702      0.780392
9703      0.784314
9704      0.788235
9705      0.792157
9706      0.796078
9707      0.784314
9708      0.764706
9709      0.752941
9710      0.752941
9711      0.745098
9712      0.741176
9713      0.745098
9714      0.752941
9715      0.756863
9716      0.756863
9717      0.752941
9718      0.752941
9719      0.756863
9720      0.760784
9721      0.756863
9722      0.749020
9723      0.749020
9724      0.752941
9725      0.760784
9726      0.756863
9727      0.749020
9728      0.741176
9729      0.741176
9730      0.745098
9731      0.749020
9732      0.745098
9733      0.741176
9734      0.737255
9735      0.737255
9736      0.737255
9737      0.737255
9738      0.733333
9739      0.725490
9740      0.721569
9741      0.717647
9742      0.721569
9743      0.725490
9744      0.733333
9745      0.741176
9746      0.737255
9747      0.733333
9748      0.725490
9749      0.717647
9750      0.725490
9751      0.729412
9752      0.733333
9753      0.737255
9754      0.737255
9755      0.733333
9756      0.733333
9757      0.729412
9758      0.741176
9759      0.741176
9760      0.745098
9761      0.647059
9762      0.658824
9763      0.670588
9764      0.670588
9765      0.662745
9766      0.650980
9767      0.643137
9768      0.639216
9769      0.596078
9770      0.592157
9771      0.584314
9772      0.576471
9773      0.572549
9774      0.572549
9775      0.576471
9776      0.576471
9777      0.572549
9778      0.576471
9779      0.584314
9780      0.588235
9781      0.588235
9782      0.584314
9783      0.576471
9784      0.572549
9785      0.549020
9786      0.545098
9787      0.545098
9788      0.545098
9789      0.541176
9790      0.541176
9791      0.541176
9792      0.537255
9793      0.533333
9794      0.549020
9795      0.549020
9796      0.529412
9797      0.525490
9798      0.537255
9799      0.549020
9800      0.552941
9801      0.588235
9802      0.607843
9803      0.623529
9804      0.627451
9805      0.635294
9806      0.647059
9807      0.650980
9808      0.643137
9809      0.650980
9810      0.643137
9811      0.631373
9812      0.623529
9813      0.615686
9814      0.615686
9815      0.619608
9816      0.623529
9817      0.654902
9818      0.654902
9819      0.654902
9820      0.647059
9821      0.643137
9822      0.647059
9823      0.658824
9824      0.670588
9825      0.674510
9826      0.686275
9827      0.701961
9828      0.709804
9829      0.713726
9830      0.713726
9831      0.721569
9832      0.725490
9833      0.733333
9834      0.733333
9835      0.733333
9836      0.737255
9837      0.737255
9838      0.737255
9839      0.737255
9840      0.737255
9841      0.701961
9842      0.701961
9843      0.705882
9844      0.721569
9845      0.737255
9846      0.760784
9847      0.784314
9848      0.796078
9849      0.819608
9850      0.819608
9851      0.823529
9852      0.827451
9853      0.823529
9854      0.819608
9855      0.815686
9856      0.815686
9857      0.819608
9858      0.800000
9859      0.780392
9860      0.768627
9861      0.764706
9862      0.768627
9863      0.768627
9864      0.768627
9865      0.752941
9866      0.752941
9867      0.752941
9868      0.760784
9869      0.772549
9870      0.768627
9871      0.756863
9872      0.745098
9873      0.701961
9874      0.698039
9875      0.698039
9876      0.701961
9877      0.713726
9878      0.729412
9879      0.749020
9880      0.756863
9881      0.760784
9882      0.768627
9883      0.772549
9884      0.768627
9885      0.760784
9886      0.760784
9887      0.772549
9888      0.784314
9889      0.784314
9890      0.776471
9891      0.768627
9892      0.764706
9893      0.768627
9894      0.768627
9895      0.764706
9896      0.756863
9897      0.721569
9898      0.717647
9899      0.713726
9900      0.709804
9901      0.709804
9902      0.713726
9903      0.725490
9904      0.733333
9905      0.749020
9906      0.745098
9907      0.741176
9908      0.741176
9909      0.741176
9910      0.741176
9911      0.745098
9912      0.749020
9913      0.764706
9914      0.760784
9915      0.756863
9916      0.752941
9917      0.752941
9918      0.760784
9919      0.768627
9920      0.772549
9921      0.752941
9922      0.745098
9923      0.741176
9924      0.737255
9925      0.745098
9926      0.756863
9927      0.772549
9928      0.784314
9929      0.788235
9930      0.784314
9931      0.776471
9932      0.768627
9933      0.764706
9934      0.756863
9935      0.745098
9936      0.741176
9937      0.741176
9938      0.737255
9939      0.737255
9940      0.745098
9941      0.756863
9942      0.760784
9943      0.756863
9944      0.752941
9945      0.749020
9946      0.752941
9947      0.752941
9948      0.749020
9949      0.745098
9950      0.745098
9951      0.752941
9952      0.764706
9953      0.768627
9954      0.760784
9955      0.752941
9956      0.749020
9957      0.752941
9958      0.752941
9959      0.745098
9960      0.741176
9961      0.729412
9962      0.729412
9963      0.729412
9964      0.721569
9965      0.705882
9966      0.694118
9967      0.686275
9968      0.686275
9969      0.709804
9970      0.721569
9971      0.737255
9972      0.745098
9973      0.741176
9974      0.737255
9975      0.733333
9976      0.733333
9977      0.733333
9978      0.737255
9979      0.741176
9980      0.737255
9981      0.733333
9982      0.729412
9983      0.733333
9984      0.733333
9985      0.737255
9986      0.741176
9987      0.745098
9988      0.639216
9989      0.654902
9990      0.666667
9991      0.670588
9992      0.662745
9993      0.647059
9994      0.639216
9995      0.635294
9996      0.600000
9997      0.592157
9998      0.584314
9999      0.576471
10000     0.572549
10001     0.572549
10002     0.576471
10003     0.580392
10004     0.572549
10005     0.580392
10006     0.592157
10007     0.603922
10008     0.607843
10009     0.603922
10010     0.596078
10011     0.592157
10012     0.564706
10013     0.556863
10014     0.549020
10015     0.541176
10016     0.537255
10017     0.537255
10018     0.537255
10019     0.541176
10020     0.541176
10021     0.552941
10022     0.549020
10023     0.533333
10024     0.525490
10025     0.537255
10026     0.541176
10027     0.533333
10028     0.580392
10029     0.600000
10030     0.611765
10031     0.607843
10032     0.619608
10033     0.643137
10034     0.647059
10035     0.627451
10036     0.643137
10037     0.635294
10038     0.623529
10039     0.615686
10040     0.611765
10041     0.611765
10042     0.615686
10043     0.619608
10044     0.647059
10045     0.650980
10046     0.650980
10047     0.650980
10048     0.650980
10049     0.662745
10050     0.686275
10051     0.698039
10052     0.701961
10053     0.709804
10054     0.721569
10055     0.725490
10056     0.717647
10057     0.713726
10058     0.713726
10059     0.717647
10060     0.725490
10061     0.725490
10062     0.725490
10063     0.729412
10064     0.729412
10065     0.733333
10066     0.737255
10067     0.737255
10068     0.713726
10069     0.713726
10070     0.721569
10071     0.733333
10072     0.749020
10073     0.772549
10074     0.792157
10075     0.807843
10076     0.823529
10077     0.823529
10078     0.823529
10079     0.823529
10080     0.819608
10081     0.819608
10082     0.815686
10083     0.811765
10084     0.815686
10085     0.800000
10086     0.776471
10087     0.760784
10088     0.756863
10089     0.760784
10090     0.760784
10091     0.756863
10092     0.760784
10093     0.756863
10094     0.752941
10095     0.752941
10096     0.760784
10097     0.764706
10098     0.764706
10099     0.760784
10100     0.725490
10101     0.733333
10102     0.741176
10103     0.752941
10104     0.760784
10105     0.764706
10106     0.764706
10107     0.764706
10108     0.764706
10109     0.764706
10110     0.768627
10111     0.764706
10112     0.760784
10113     0.764706
10114     0.772549
10115     0.776471
10116     0.788235
10117     0.784314
10118     0.780392
10119     0.780392
10120     0.784314
10121     0.780392
10122     0.772549
10123     0.764706
10124     0.721569
10125     0.713726
10126     0.701961
10127     0.698039
10128     0.701961
10129     0.705882
10130     0.713726
10131     0.717647
10132     0.725490
10133     0.725490
10134     0.725490
10135     0.729412
10136     0.737255
10137     0.745098
10138     0.752941
10139     0.756863
10140     0.764706
10141     0.764706
10142     0.756863
10143     0.756863
10144     0.756863
10145     0.760784
10146     0.764706
10147     0.768627
10148     0.741176
10149     0.737255
10150     0.733333
10151     0.733333
10152     0.745098
10153     0.756863
10154     0.772549
10155     0.784314
10156     0.796078
10157     0.784314
10158     0.764706
10159     0.745098
10160     0.733333
10161     0.733333
10162     0.737255
10163     0.745098
10164     0.741176
10165     0.741176
10166     0.741176
10167     0.749020
10168     0.756863
10169     0.760784
10170     0.752941
10171     0.745098
10172     0.729412
10173     0.733333
10174     0.737255
10175     0.733333
10176     0.733333
10177     0.741176
10178     0.752941
10179     0.764706
10180     0.768627
10181     0.764706
10182     0.756863
10183     0.756863
10184     0.756863
10185     0.752941
10186     0.745098
10187     0.737255
10188     0.725490
10189     0.725490
10190     0.721569
10191     0.705882
10192     0.682353
10193     0.670588
10194     0.666667
10195     0.670588
10196     0.721569
10197     0.733333
10198     0.749020
10199     0.752941
10200     0.745098
10201     0.741176
10202     0.741176
10203     0.745098
10204     0.737255
10205     0.745098
10206     0.749020
10207     0.745098
10208     0.733333
10209     0.729412
10210     0.737255
10211     0.745098
10212     0.745098
10213     0.745098
10214     0.749020
10215     0.662745
10216     0.674510
10217     0.682353
10218     0.678431
10219     0.666667
10220     0.650980
10221     0.639216
10222     0.631373
10223     0.623529
10224     0.611765
10225     0.600000
10226     0.588235
10227     0.580392
10228     0.576471
10229     0.580392
10230     0.584314
10231     0.596078
10232     0.603922
10233     0.615686
10234     0.623529
10235     0.627451
10236     0.623529
10237     0.611765
10238     0.603922
10239     0.572549
10240     0.564706
10241     0.549020
10242     0.537255
10243     0.529412
10244     0.533333
10245     0.541176
10246     0.549020
10247     0.552941
10248     0.560784
10249     0.552941
10250     0.537255
10251     0.533333
10252     0.541176
10253     0.541176
10254     0.529412
10255     0.568627
10256     0.592157
10257     0.600000
10258     0.596078
10259     0.615686
10260     0.650980
10261     0.654902
10262     0.631373
10263     0.639216
10264     0.635294
10265     0.623529
10266     0.615686
10267     0.611765
10268     0.611765
10269     0.619608
10270     0.623529
10271     0.631373
10272     0.639216
10273     0.643137
10274     0.647059
10275     0.654902
10276     0.670588
10277     0.694118
10278     0.709804
10279     0.717647
10280     0.721569
10281     0.725490
10282     0.721569
10283     0.713726
10284     0.705882
10285     0.705882
10286     0.705882
10287     0.717647
10288     0.717647
10289     0.717647
10290     0.717647
10291     0.721569
10292     0.729412
10293     0.733333
10294     0.737255
10295     0.741176
10296     0.741176
10297     0.741176
10298     0.749020
10299     0.760784
10300     0.776471
10301     0.796078
10302     0.807843
10303     0.819608
10304     0.819608
10305     0.815686
10306     0.815686
10307     0.815686
10308     0.811765
10309     0.811765
10310     0.811765
10311     0.803922
10312     0.788235
10313     0.768627
10314     0.756863
10315     0.752941
10316     0.752941
10317     0.749020
10318     0.745098
10319     0.772549
10320     0.768627
10321     0.760784
10322     0.756863
10323     0.756863
10324     0.760784
10325     0.764706
10326     0.768627
10327     0.756863
10328     0.760784
10329     0.768627
10330     0.772549
10331     0.772549
10332     0.764706
10333     0.756863
10334     0.749020
10335     0.764706
10336     0.764706
10337     0.764706
10338     0.768627
10339     0.768627
10340     0.772549
10341     0.772549
10342     0.772549
10343     0.788235
10344     0.784314
10345     0.784314
10346     0.788235
10347     0.792157
10348     0.788235
10349     0.772549
10350     0.764706
10351     0.729412
10352     0.717647
10353     0.705882
10354     0.701961
10355     0.705882
10356     0.713726
10357     0.717647
10358     0.717647
10359     0.709804
10360     0.713726
10361     0.717647
10362     0.725490
10363     0.737255
10364     0.749020
10365     0.756863
10366     0.764706
10367     0.760784
10368     0.760784
10369     0.760784
10370     0.760784
10371     0.756863
10372     0.756863
10373     0.752941
10374     0.752941
10375     0.733333
10376     0.733333
10377     0.737255
10378     0.741176
10379     0.749020
10380     0.760784
10381     0.772549
10382     0.776471
10383     0.796078
10384     0.788235
10385     0.768627
10386     0.745098
10387     0.729412
10388     0.729412
10389     0.745098
10390     0.756863
10391     0.752941
10392     0.749020
10393     0.749020
10394     0.756863
10395     0.760784
10396     0.756863
10397     0.749020
10398     0.737255
10399     0.721569
10400     0.721569
10401     0.721569
10402     0.721569
10403     0.721569
10404     0.729412
10405     0.749020
10406     0.760784
10407     0.764706
10408     0.760784
10409     0.756863
10410     0.756863
10411     0.760784
10412     0.756863
10413     0.745098
10414     0.737255
10415     0.721569
10416     0.725490
10417     0.717647
10418     0.701961
10419     0.682353
10420     0.674510
10421     0.686275
10422     0.701961
10423     0.745098
10424     0.756863
10425     0.764706
10426     0.756863
10427     0.745098
10428     0.733333
10429     0.737255
10430     0.749020
10431     0.733333
10432     0.745098
10433     0.749020
10434     0.745098
10435     0.733333
10436     0.729412
10437     0.741176
10438     0.756863
10439     0.749020
10440     0.749020
10441     0.756863
10442     0.690196
10443     0.694118
10444     0.694118
10445     0.682353
10446     0.658824
10447     0.635294
10448     0.619608
10449     0.615686
10450     0.623529
10451     0.615686
10452     0.603922
10453     0.592157
10454     0.592157
10455     0.596078
10456     0.603922
10457     0.607843
10458     0.627451
10459     0.635294
10460     0.643137
10461     0.647059
10462     0.643137
10463     0.631373
10464     0.615686
10465     0.603922
10466     0.568627
10467     0.556863
10468     0.541176
10469     0.525490
10470     0.525490
10471     0.533333
10472     0.549020
10473     0.556863
10474     0.560784
10475     0.564706
10476     0.560784
10477     0.545098
10478     0.541176
10479     0.549020
10480     0.545098
10481     0.529412
10482     0.552941
10483     0.580392
10484     0.592157
10485     0.588235
10486     0.615686
10487     0.666667
10488     0.674510
10489     0.647059
10490     0.639216
10491     0.631373
10492     0.623529
10493     0.611765
10494     0.611765
10495     0.611765
10496     0.619608
10497     0.623529
10498     0.623529
10499     0.631373
10500     0.639216
10501     0.647059
10502     0.654902
10503     0.666667
10504     0.686275
10505     0.701961
10506     0.709804
10507     0.713726
10508     0.709804
10509     0.705882
10510     0.694118
10511     0.690196
10512     0.694118
10513     0.701961
10514     0.725490
10515     0.725490
10516     0.721569
10517     0.725490
10518     0.729412
10519     0.737255
10520     0.745098
10521     0.752941
10522     0.768627
10523     0.764706
10524     0.760784
10525     0.760784
10526     0.768627
10527     0.780392
10528     0.792157
10529     0.800000
10530     0.807843
10531     0.803922
10532     0.803922
10533     0.803922
10534     0.807843
10535     0.807843
10536     0.811765
10537     0.815686
10538     0.788235
10539     0.776471
10540     0.764706
10541     0.752941
10542     0.752941
10543     0.749020
10544     0.741176
10545     0.733333
10546     0.760784
10547     0.764706
10548     0.768627
10549     0.768627
10550     0.764706
10551     0.760784
10552     0.760784
10553     0.764706
10554     0.780392
10555     0.780392
10556     0.776471
10557     0.772549
10558     0.768627
10559     0.764706
10560     0.760784
10561     0.760784
10562     0.764706
10563     0.764706
10564     0.768627
10565     0.776471
10566     0.780392
10567     0.776471
10568     0.772549
10569     0.768627
10570     0.776471
10571     0.776471
10572     0.780392
10573     0.788235
10574     0.792157
10575     0.788235
10576     0.772549
10577     0.760784
10578     0.733333
10579     0.717647
10580     0.705882
10581     0.701961
10582     0.713726
10583     0.721569
10584     0.725490
10585     0.721569
10586     0.713726
10587     0.713726
10588     0.717647
10589     0.725490
10590     0.733333
10591     0.745098
10592     0.756863
10593     0.760784
10594     0.756863
10595     0.760784
10596     0.764706
10597     0.764706
10598     0.760784
10599     0.752941
10600     0.741176
10601     0.737255
10602     0.733333
10603     0.737255
10604     0.745098
10605     0.752941
10606     0.760784
10607     0.768627
10608     0.772549
10609     0.772549
10610     0.776471
10611     0.776471
10612     0.772549
10613     0.756863
10614     0.741176
10615     0.737255
10616     0.745098
10617     0.756863
10618     0.764706
10619     0.760784
10620     0.760784
10621     0.764706
10622     0.764706
10623     0.756863
10624     0.741176
10625     0.729412
10626     0.725490
10627     0.725490
10628     0.721569
10629     0.717647
10630     0.713726
10631     0.721569
10632     0.741176
10633     0.752941
10634     0.760784
10635     0.756863
10636     0.752941
10637     0.756863
10638     0.760784
10639     0.756863
10640     0.749020
10641     0.737255
10642     0.725490
10643     0.729412
10644     0.725490
10645     0.713726
10646     0.701961
10647     0.709804
10648     0.741176
10649     0.764706
10650     0.768627
10651     0.776471
10652     0.776471
10653     0.756863
10654     0.733333
10655     0.721569
10656     0.729412
10657     0.741176
10658     0.725490
10659     0.737255
10660     0.745098
10661     0.741176
10662     0.725490
10663     0.725490
10664     0.745098
10665     0.760784
10666     0.749020
10667     0.749020
10668     0.756863
10669     0.705882
10670     0.705882
10671     0.698039
10672     0.674510
10673     0.643137
10674     0.615686
10675     0.596078
10676     0.592157
10677     0.600000
10678     0.596078
10679     0.592157
10680     0.592157
10681     0.600000
10682     0.615686
10683     0.631373
10684     0.643137
10685     0.654902
10686     0.658824
10687     0.662745
10688     0.662745
10689     0.650980
10690     0.631373
10691     0.611765
10692     0.600000
10693     0.556863
10694     0.545098
10695     0.529412
10696     0.517647
10697     0.521569
10698     0.533333
10699     0.552941
10700     0.568627
10701     0.564706
10702     0.568627
10703     0.564706
10704     0.549020
10705     0.549020
10706     0.556863
10707     0.549020
10708     0.533333
10709     0.545098
10710     0.576471
10711     0.584314
10712     0.584314
10713     0.619608
10714     0.674510
10715     0.686275
10716     0.654902
10717     0.635294
10718     0.631373
10719     0.619608
10720     0.611765
10721     0.607843
10722     0.611765
10723     0.619608
10724     0.623529
10725     0.627451
10726     0.635294
10727     0.643137
10728     0.650980
10729     0.654902
10730     0.666667
10731     0.678431
10732     0.690196
10733     0.694118
10734     0.694118
10735     0.694118
10736     0.686275
10737     0.678431
10738     0.678431
10739     0.686275
10740     0.698039
10741     0.741176
10742     0.741176
10743     0.737255
10744     0.741176
10745     0.749020
10746     0.756863
10747     0.764706
10748     0.772549
10749     0.788235
10750     0.784314
10751     0.776471
10752     0.772549
10753     0.772549
10754     0.780392
10755     0.788235
10756     0.796078
10757     0.796078
10758     0.796078
10759     0.796078
10760     0.796078
10761     0.800000
10762     0.807843
10763     0.811765
10764     0.815686
10765     0.776471
10766     0.768627
10767     0.756863
10768     0.752941
10769     0.749020
10770     0.745098
10771     0.733333
10772     0.725490
10773     0.745098
10774     0.756863
10775     0.768627
10776     0.772549
10777     0.768627
10778     0.760784
10779     0.752941
10780     0.752941
10781     0.788235
10782     0.780392
10783     0.772549
10784     0.764706
10785     0.764706
10786     0.772549
10787     0.784314
10788     0.792157
10789     0.760784
10790     0.764706
10791     0.772549
10792     0.780392
10793     0.784314
10794     0.784314
10795     0.772549
10796     0.764706
10797     0.764706
10798     0.768627
10799     0.772549
10800     0.784314
10801     0.792157
10802     0.788235
10803     0.772549
10804     0.760784
10805     0.733333
10806     0.717647
10807     0.701961
10808     0.701961
10809     0.713726
10810     0.725490
10811     0.725490
10812     0.721569
10813     0.717647
10814     0.717647
10815     0.721569
10816     0.725490
10817     0.733333
10818     0.741176
10819     0.749020
10820     0.752941
10821     0.756863
10822     0.760784
10823     0.768627
10824     0.768627
10825     0.760784
10826     0.749020
10827     0.733333
10828     0.721569
10829     0.737255
10830     0.745098
10831     0.752941
10832     0.764706
10833     0.772549
10834     0.772549
10835     0.772549
10836     0.772549
10837     0.752941
10838     0.760784
10839     0.768627
10840     0.760784
10841     0.749020
10842     0.737255
10843     0.741176
10844     0.745098
10845     0.776471
10846     0.772549
10847     0.768627
10848     0.768627
10849     0.764706
10850     0.752941
10851     0.737255
10852     0.721569
10853     0.737255
10854     0.733333
10855     0.729412
10856     0.717647
10857     0.713726
10858     0.717647
10859     0.733333
10860     0.745098
10861     0.752941
10862     0.752941
10863     0.752941
10864     0.756863
10865     0.760784
10866     0.756863
10867     0.749020
10868     0.737255
10869     0.725490
10870     0.733333
10871     0.733333
10872     0.725490
10873     0.721569
10874     0.741176
10875     0.784314
10876     0.819608
10877     0.784314
10878     0.788235
10879     0.780392
10880     0.756863
10881     0.725490
10882     0.709804
10883     0.721569
10884     0.737255
10885     0.717647
10886     0.729412
10887     0.741176
10888     0.733333
10889     0.721569
10890     0.721569
10891     0.741176
10892     0.760784
10893     0.745098
10894     0.749020
10895     0.752941
10896     0.682353
10897     0.674510
10898     0.662745
10899     0.650980
10900     0.635294
10901     0.615686
10902     0.588235
10903     0.568627
10904     0.592157
10905     0.596078
10906     0.603922
10907     0.619608
10908     0.635294
10909     0.643137
10910     0.639216
10911     0.631373
10912     0.658824
10913     0.666667
10914     0.670588
10915     0.654902
10916     0.627451
10917     0.603922
10918     0.596078
10919     0.596078
10920     0.560784
10921     0.549020
10922     0.537255
10923     0.537255
10924     0.545098
10925     0.545098
10926     0.533333
10927     0.521569
10928     0.525490
10929     0.545098
10930     0.552941
10931     0.549020
10932     0.545098
10933     0.549020
10934     0.537255
10935     0.517647
10936     0.521569
10937     0.549020
10938     0.588235
10939     0.619608
10940     0.643137
10941     0.666667
10942     0.694118
10943     0.713726
10944     0.698039
10945     0.662745
10946     0.635294
10947     0.631373
10948     0.615686
10949     0.592157
10950     0.584314
10951     0.596078
10952     0.603922
10953     0.627451
10954     0.635294
10955     0.619608
10956     0.619608
10957     0.635294
10958     0.635294
10959     0.619608
10960     0.623529
10961     0.635294
10962     0.647059
10963     0.643137
10964     0.639216
10965     0.650980
10966     0.682353
10967     0.709804
10968     0.709804
10969     0.717647
10970     0.729412
10971     0.745098
10972     0.756863
10973     0.764706
10974     0.764706
10975     0.764706
10976     0.780392
10977     0.784314
10978     0.796078
10979     0.800000
10980     0.800000
10981     0.796078
10982     0.788235
10983     0.784314
10984     0.784314
10985     0.784314
10986     0.784314
10987     0.796078
10988     0.803922
10989     0.803922
10990     0.796078
10991     0.788235
10992     0.776471
10993     0.768627
10994     0.756863
10995     0.745098
10996     0.737255
10997     0.733333
10998     0.737255
10999     0.737255
11000     0.752941
11001     0.756863
11002     0.760784
11003     0.760784
11004     0.756863
11005     0.752941
11006     0.745098
11007     0.741176
11008     0.764706
11009     0.764706
11010     0.768627
11011     0.768627
11012     0.772549
11013     0.772549
11014     0.772549
11015     0.772549
11016     0.760784
11017     0.760784
11018     0.764706
11019     0.768627
11020     0.768627
11021     0.764706
11022     0.764706
11023     0.760784
11024     0.756863
11025     0.764706
11026     0.780392
11027     0.792157
11028     0.796078
11029     0.788235
11030     0.776471
11031     0.768627
11032     0.737255
11033     0.733333
11034     0.721569
11035     0.713726
11036     0.709804
11037     0.709804
11038     0.709804
11039     0.709804
11040     0.725490
11041     0.717647
11042     0.713726
11043     0.717647
11044     0.733333
11045     0.749020
11046     0.756863
11047     0.760784
11048     0.733333
11049     0.729412
11050     0.729412
11051     0.725490
11052     0.725490
11053     0.729412
11054     0.733333
11055     0.733333
11056     0.725490
11057     0.729412
11058     0.741176
11059     0.764706
11060     0.784314
11061     0.788235
11062     0.776471
11063     0.760784
11064     0.756863
11065     0.752941
11066     0.752941
11067     0.745098
11068     0.741176
11069     0.737255
11070     0.733333
11071     0.733333
11072     0.756863
11073     0.760784
11074     0.764706
11075     0.764706
11076     0.756863
11077     0.749020
11078     0.733333
11079     0.725490
11080     0.694118
11081     0.690196
11082     0.694118
11083     0.709804
11084     0.725490
11085     0.729412
11086     0.721569
11087     0.705882
11088     0.713726
11089     0.717647
11090     0.729412
11091     0.745098
11092     0.752941
11093     0.756863
11094     0.760784
11095     0.760784
11096     0.749020
11097     0.745098
11098     0.737255
11099     0.733333
11100     0.741176
11101     0.764706
11102     0.796078
11103     0.819608
11104     0.792157
11105     0.776471
11106     0.752941
11107     0.729412
11108     0.713726
11109     0.705882
11110     0.705882
11111     0.709804
11112     0.725490
11113     0.745098
11114     0.749020
11115     0.729412
11116     0.721569
11117     0.733333
11118     0.745098
11119     0.745098
11120     0.737255
11121     0.737255
11122     0.741176
11123     0.666667
11124     0.658824
11125     0.647059
11126     0.639216
11127     0.631373
11128     0.615686
11129     0.596078
11130     0.580392
11131     0.588235
11132     0.588235
11133     0.596078
11134     0.615686
11135     0.639216
11136     0.654902
11137     0.662745
11138     0.662745
11139     0.654902
11140     0.650980
11141     0.643137
11142     0.619608
11143     0.592157
11144     0.572549
11145     0.572549
11146     0.576471
11147     0.568627
11148     0.556863
11149     0.549020
11150     0.545098
11151     0.549020
11152     0.545098
11153     0.533333
11154     0.521569
11155     0.529412
11156     0.545098
11157     0.552941
11158     0.545098
11159     0.545098
11160     0.545098
11161     0.537255
11162     0.517647
11163     0.541176
11164     0.568627
11165     0.611765
11166     0.643137
11167     0.666667
11168     0.686275
11169     0.713726
11170     0.733333
11171     0.701961
11172     0.666667
11173     0.639216
11174     0.631373
11175     0.619608
11176     0.600000
11177     0.596078
11178     0.607843
11179     0.615686
11180     0.631373
11181     0.627451
11182     0.603922
11183     0.596078
11184     0.607843
11185     0.607843
11186     0.596078
11187     0.600000
11188     0.611765
11189     0.623529
11190     0.623529
11191     0.623529
11192     0.639216
11193     0.670588
11194     0.698039
11195     0.705882
11196     0.713726
11197     0.729412
11198     0.749020
11199     0.760784
11200     0.772549
11201     0.776471
11202     0.776471
11203     0.784314
11204     0.792157
11205     0.800000
11206     0.803922
11207     0.803922
11208     0.800000
11209     0.792157
11210     0.788235
11211     0.792157
11212     0.788235
11213     0.788235
11214     0.792157
11215     0.800000
11216     0.803922
11217     0.800000
11218     0.792157
11219     0.772549
11220     0.764706
11221     0.752941
11222     0.745098
11223     0.737255
11224     0.737255
11225     0.741176
11226     0.741176
11227     0.752941
11228     0.752941
11229     0.756863
11230     0.756863
11231     0.756863
11232     0.752941
11233     0.749020
11234     0.749020
11235     0.760784
11236     0.760784
11237     0.760784
11238     0.760784
11239     0.764706
11240     0.768627
11241     0.772549
11242     0.776471
11243     0.764706
11244     0.768627
11245     0.768627
11246     0.772549
11247     0.768627
11248     0.768627
11249     0.764706
11250     0.760784
11251     0.760784
11252     0.768627
11253     0.780392
11254     0.788235
11255     0.788235
11256     0.776471
11257     0.764706
11258     0.752941
11259     0.729412
11260     0.725490
11261     0.717647
11262     0.709804
11263     0.705882
11264     0.705882
11265     0.709804
11266     0.709804
11267     0.725490
11268     0.717647
11269     0.709804
11270     0.713726
11271     0.725490
11272     0.737255
11273     0.745098
11274     0.749020
11275     0.725490
11276     0.725490
11277     0.725490
11278     0.725490
11279     0.725490
11280     0.729412
11281     0.729412
11282     0.733333
11283     0.725490
11284     0.729412
11285     0.737255
11286     0.756863
11287     0.776471
11288     0.776471
11289     0.764706
11290     0.752941
11291     0.756863
11292     0.752941
11293     0.752941
11294     0.749020
11295     0.745098
11296     0.745098
11297     0.741176
11298     0.741176
11299     0.760784
11300     0.764706
11301     0.768627
11302     0.768627
11303     0.760784
11304     0.752941
11305     0.741176
11306     0.733333
11307     0.701961
11308     0.701961
11309     0.701961
11310     0.713726
11311     0.725490
11312     0.729412
11313     0.717647
11314     0.705882
11315     0.717647
11316     0.725490
11317     0.733333
11318     0.741176
11319     0.745098
11320     0.749020
11321     0.749020
11322     0.749020
11323     0.729412
11324     0.725490
11325     0.725490
11326     0.729412
11327     0.745098
11328     0.768627
11329     0.788235
11330     0.800000
11331     0.784314
11332     0.764706
11333     0.737255
11334     0.709804
11335     0.694118
11336     0.694118
11337     0.698039
11338     0.705882
11339     0.729412
11340     0.749020
11341     0.752941
11342     0.737255
11343     0.729412
11344     0.737255
11345     0.741176
11346     0.737255
11347     0.725490
11348     0.729412
11349     0.733333
11350     0.666667
11351     0.654902
11352     0.639216
11353     0.627451
11354     0.623529
11355     0.615686
11356     0.603922
11357     0.596078
11358     0.592157
11359     0.588235
11360     0.588235
11361     0.600000
11362     0.627451
11363     0.650980
11364     0.666667
11365     0.674510
11366     0.643137
11367     0.631373
11368     0.600000
11369     0.568627
11370     0.545098
11371     0.537255
11372     0.549020
11373     0.560784
11374     0.572549
11375     0.564706
11376     0.556863
11377     0.549020
11378     0.549020
11379     0.545098
11380     0.537255
11381     0.525490
11382     0.537255
11383     0.552941
11384     0.556863
11385     0.549020
11386     0.545098
11387     0.549020
11388     0.537255
11389     0.517647
11390     0.556863
11391     0.588235
11392     0.631373
11393     0.666667
11394     0.686275
11395     0.705882
11396     0.729412
11397     0.745098
11398     0.713726
11399     0.682353
11400     0.654902
11401     0.647059
11402     0.639216
11403     0.631373
11404     0.631373
11405     0.639216
11406     0.654902
11407     0.647059
11408     0.627451
11409     0.592157
11410     0.576471
11411     0.584314
11412     0.584314
11413     0.580392
11414     0.572549
11415     0.584314
11416     0.596078
11417     0.603922
11418     0.607843
11419     0.627451
11420     0.654902
11421     0.682353
11422     0.698039
11423     0.709804
11424     0.729412
11425     0.752941
11426     0.772549
11427     0.784314
11428     0.788235
11429     0.792157
11430     0.796078
11431     0.800000
11432     0.803922
11433     0.807843
11434     0.807843
11435     0.803922
11436     0.796078
11437     0.792157
11438     0.800000
11439     0.792157
11440     0.784314
11441     0.788235
11442     0.796078
11443     0.800000
11444     0.796078
11445     0.792157
11446     0.764706
11447     0.760784
11448     0.752941
11449     0.745098
11450     0.741176
11451     0.741176
11452     0.745098
11453     0.749020
11454     0.752941
11455     0.752941
11456     0.749020
11457     0.749020
11458     0.749020
11459     0.752941
11460     0.756863
11461     0.756863
11462     0.756863
11463     0.752941
11464     0.749020
11465     0.745098
11466     0.749020
11467     0.760784
11468     0.768627
11469     0.776471
11470     0.776471
11471     0.776471
11472     0.776471
11473     0.776471
11474     0.772549
11475     0.768627
11476     0.764706
11477     0.764706
11478     0.764706
11479     0.768627
11480     0.776471
11481     0.780392
11482     0.772549
11483     0.760784
11484     0.745098
11485     0.737255
11486     0.721569
11487     0.717647
11488     0.713726
11489     0.709804
11490     0.705882
11491     0.705882
11492     0.705882
11493     0.709804
11494     0.721569
11495     0.713726
11496     0.705882
11497     0.705882
11498     0.713726
11499     0.725490
11500     0.729412
11501     0.725490
11502     0.721569
11503     0.721569
11504     0.721569
11505     0.725490
11506     0.725490
11507     0.729412
11508     0.729412
11509     0.729412
11510     0.729412
11511     0.729412
11512     0.737255
11513     0.749020
11514     0.760784
11515     0.760784
11516     0.752941
11517     0.741176
11518     0.752941
11519     0.752941
11520     0.752941
11521     0.752941
11522     0.752941
11523     0.752941
11524     0.752941
11525     0.752941
11526     0.760784
11527     0.764706
11528     0.768627
11529     0.772549
11530     0.768627
11531     0.756863
11532     0.749020
11533     0.741176
11534     0.717647
11535     0.713726
11536     0.713726
11537     0.717647
11538     0.725490
11539     0.721569
11540     0.713726
11541     0.705882
11542     0.721569
11543     0.725490
11544     0.729412
11545     0.733333
11546     0.737255
11547     0.737255
11548     0.737255
11549     0.737255
11550     0.713726
11551     0.709804
11552     0.713726
11553     0.733333
11554     0.760784
11555     0.776471
11556     0.776471
11557     0.772549
11558     0.768627
11559     0.749020
11560     0.717647
11561     0.694118
11562     0.686275
11563     0.694118
11564     0.713726
11565     0.725490
11566     0.745098
11567     0.760784
11568     0.764706
11569     0.745098
11570     0.733333
11571     0.737255
11572     0.737255
11573     0.729412
11574     0.713726
11575     0.717647
11576     0.725490
11577     0.682353
11578     0.666667
11579     0.643137
11580     0.627451
11581     0.615686
11582     0.611765
11583     0.603922
11584     0.596078
11585     0.596078
11586     0.588235
11587     0.580392
11588     0.584314
11589     0.603922
11590     0.627451
11591     0.643137
11592     0.650980
11593     0.631373
11594     0.607843
11595     0.568627
11596     0.533333
11597     0.517647
11598     0.525490
11599     0.549020
11600     0.568627
11601     0.560784
11602     0.556863
11603     0.552941
11604     0.549020
11605     0.545098
11606     0.545098
11607     0.537255
11608     0.537255
11609     0.549020
11610     0.564706
11611     0.568627
11612     0.556863
11613     0.552941
11614     0.556863
11615     0.545098
11616     0.525490
11617     0.564706
11618     0.600000
11619     0.643137
11620     0.678431
11621     0.694118
11622     0.709804
11623     0.725490
11624     0.741176
11625     0.721569
11626     0.701961
11627     0.682353
11628     0.674510
11629     0.678431
11630     0.682353
11631     0.686275
11632     0.694118
11633     0.694118
11634     0.674510
11635     0.635294
11636     0.600000
11637     0.580392
11638     0.576471
11639     0.576471
11640     0.572549
11641     0.552941
11642     0.564706
11643     0.580392
11644     0.592157
11645     0.603922
11646     0.623529
11647     0.647059
11648     0.666667
11649     0.690196
11650     0.705882
11651     0.729412
11652     0.760784
11653     0.784314
11654     0.796078
11655     0.803922
11656     0.807843
11657     0.803922
11658     0.807843
11659     0.811765
11660     0.811765
11661     0.811765
11662     0.807843
11663     0.803922
11664     0.800000
11665     0.800000
11666     0.792157
11667     0.780392
11668     0.776471
11669     0.784314
11670     0.788235
11671     0.788235
11672     0.788235
11673     0.760784
11674     0.756863
11675     0.752941
11676     0.749020
11677     0.745098
11678     0.749020
11679     0.752941
11680     0.752941
11681     0.752941
11682     0.749020
11683     0.745098
11684     0.745098
11685     0.749020
11686     0.752941
11687     0.760784
11688     0.764706
11689     0.752941
11690     0.745098
11691     0.737255
11692     0.737255
11693     0.741176
11694     0.752941
11695     0.764706
11696     0.776471
11697     0.780392
11698     0.780392
11699     0.780392
11700     0.780392
11701     0.776471
11702     0.772549
11703     0.768627
11704     0.764706
11705     0.768627
11706     0.772549
11707     0.772549
11708     0.772549
11709     0.760784
11710     0.749020
11711     0.733333
11712     0.721569
11713     0.717647
11714     0.713726
11715     0.713726
11716     0.709804
11717     0.709804
11718     0.705882
11719     0.705882
11720     0.705882
11721     0.717647
11722     0.709804
11723     0.698039
11724     0.698039
11725     0.705882
11726     0.709804
11727     0.709804
11728     0.705882
11729     0.713726
11730     0.713726
11731     0.717647
11732     0.725490
11733     0.729412
11734     0.729412
11735     0.733333
11736     0.733333
11737     0.733333
11738     0.733333
11739     0.737255
11740     0.745098
11741     0.749020
11742     0.745098
11743     0.741176
11744     0.737255
11745     0.752941
11746     0.756863
11747     0.756863
11748     0.756863
11749     0.760784
11750     0.760784
11751     0.764706
11752     0.764706
11753     0.760784
11754     0.764706
11755     0.772549
11756     0.776471
11757     0.772549
11758     0.764706
11759     0.756863
11760     0.749020
11761     0.733333
11762     0.729412
11763     0.725490
11764     0.721569
11765     0.717647
11766     0.717647
11767     0.713726
11768     0.709804
11769     0.713726
11770     0.717647
11771     0.721569
11772     0.725490
11773     0.729412
11774     0.733333
11775     0.737255
11776     0.737255
11777     0.725490
11778     0.721569
11779     0.725490
11780     0.749020
11781     0.780392
11782     0.788235
11783     0.768627
11784     0.749020
11785     0.756863
11786     0.741176
11787     0.717647
11788     0.705882
11789     0.713726
11790     0.737255
11791     0.768627
11792     0.788235
11793     0.784314
11794     0.784314
11795     0.772549
11796     0.741176
11797     0.725490
11798     0.729412
11799     0.729412
11800     0.721569
11801     0.705882
11802     0.709804
11803     0.717647
11804     0.694118
11805     0.674510
11806     0.647059
11807     0.623529
11808     0.611765
11809     0.600000
11810     0.592157
11811     0.584314
11812     0.592157
11813     0.584314
11814     0.576471
11815     0.584314
11816     0.600000
11817     0.623529
11818     0.635294
11819     0.643137
11820     0.619608
11821     0.592157
11822     0.552941
11823     0.525490
11824     0.521569
11825     0.537255
11826     0.564706
11827     0.584314
11828     0.541176
11829     0.545098
11830     0.545098
11831     0.545098
11832     0.541176
11833     0.541176
11834     0.541176
11835     0.541176
11836     0.560784
11837     0.572549
11838     0.576471
11839     0.564706
11840     0.560784
11841     0.564706
11842     0.556863
11843     0.541176
11844     0.576471
11845     0.611765
11846     0.658824
11847     0.690196
11848     0.701961
11849     0.709804
11850     0.717647
11851     0.729412
11852     0.721569
11853     0.717647
11854     0.705882
11855     0.701961
11856     0.713726
11857     0.729412
11858     0.737255
11859     0.737255
11860     0.709804
11861     0.674510
11862     0.631373
11863     0.600000
11864     0.580392
11865     0.572549
11866     0.564706
11867     0.564706
11868     0.549020
11869     0.564706
11870     0.584314
11871     0.603922
11872     0.619608
11873     0.631373
11874     0.643137
11875     0.654902
11876     0.682353
11877     0.698039
11878     0.729412
11879     0.764706
11880     0.792157
11881     0.807843
11882     0.815686
11883     0.815686
11884     0.811765
11885     0.811765
11886     0.815686
11887     0.811765
11888     0.811765
11889     0.807843
11890     0.803922
11891     0.803922
11892     0.796078
11893     0.788235
11894     0.776471
11895     0.772549
11896     0.776471
11897     0.780392
11898     0.780392
11899     0.776471
11900     0.756863
11901     0.756863
11902     0.752941
11903     0.752941
11904     0.752941
11905     0.752941
11906     0.752941
11907     0.752941
11908     0.752941
11909     0.749020
11910     0.745098
11911     0.745098
11912     0.749020
11913     0.752941
11914     0.760784
11915     0.764706
11916     0.749020
11917     0.745098
11918     0.737255
11919     0.729412
11920     0.733333
11921     0.745098
11922     0.760784
11923     0.768627
11924     0.780392
11925     0.780392
11926     0.780392
11927     0.780392
11928     0.780392
11929     0.776471
11930     0.772549
11931     0.768627
11932     0.772549
11933     0.772549
11934     0.772549
11935     0.768627
11936     0.756863
11937     0.745098
11938     0.729412
11939     0.721569
11940     0.721569
11941     0.721569
11942     0.721569
11943     0.717647
11944     0.713726
11945     0.709804
11946     0.709804
11947     0.705882
11948     0.713726
11949     0.705882
11950     0.698039
11951     0.698039
11952     0.701961
11953     0.705882
11954     0.701961
11955     0.694118
11956     0.705882
11957     0.709804
11958     0.717647
11959     0.725490
11960     0.733333
11961     0.737255
11962     0.737255
11963     0.737255
11964     0.737255
11965     0.741176
11966     0.741176
11967     0.741176
11968     0.741176
11969     0.737255
11970     0.737255
11971     0.741176
11972     0.756863
11973     0.756863
11974     0.760784
11975     0.760784
11976     0.764706
11977     0.768627
11978     0.768627
11979     0.768627
11980     0.756863
11981     0.764706
11982     0.772549
11983     0.776471
11984     0.776471
11985     0.768627
11986     0.760784
11987     0.752941
11988     0.745098
11989     0.741176
11990     0.733333
11991     0.721569
11992     0.713726
11993     0.709804
11994     0.709804
11995     0.713726
11996     0.701961
11997     0.705882
11998     0.709804
11999     0.717647
12000     0.725490
12001     0.733333
12002     0.741176
12003     0.745098
12004     0.749020
12005     0.745098
12006     0.749020
12007     0.772549
12008     0.792157
12009     0.792157
12010     0.764706
12011     0.737255
12012     0.749020
12013     0.741176
12014     0.733333
12015     0.737255
12016     0.756863
12017     0.792157
12018     0.827451
12019     0.850980
12020     0.815686
12021     0.803922
12022     0.772549
12023     0.729412
12024     0.713726
12025     0.721569
12026     0.725490
12027     0.721569
12028     0.705882
12029     0.709804
12030     0.717647
12031     0.670588
12032     0.650980
12033     0.627451
12034     0.607843
12035     0.596078
12036     0.584314
12037     0.576471
12038     0.568627
12039     0.576471
12040     0.576471
12041     0.580392
12042     0.596078
12043     0.619608
12044     0.635294
12045     0.643137
12046     0.647059
12047     0.603922
12048     0.580392
12049     0.549020
12050     0.533333
12051     0.537255
12052     0.556863
12053     0.576471
12054     0.588235
12055     0.537255
12056     0.541176
12057     0.545098
12058     0.545098
12059     0.537255
12060     0.533333
12061     0.537255
12062     0.545098
12063     0.560784
12064     0.572549
12065     0.576471
12066     0.564706
12067     0.564706
12068     0.572549
12069     0.568627
12070     0.552941
12071     0.592157
12072     0.623529
12073     0.670588
12074     0.698039
12075     0.709804
12076     0.705882
12077     0.709804
12078     0.713726
12079     0.709804
12080     0.713726
12081     0.713726
12082     0.709804
12083     0.725490
12084     0.745098
12085     0.745098
12086     0.733333
12087     0.682353
12088     0.643137
12089     0.607843
12090     0.592157
12091     0.580392
12092     0.564706
12093     0.552941
12094     0.552941
12095     0.560784
12096     0.576471
12097     0.603922
12098     0.627451
12099     0.643137
12100     0.647059
12101     0.643137
12102     0.639216
12103     0.674510
12104     0.694118
12105     0.729412
12106     0.764706
12107     0.796078
12108     0.811765
12109     0.819608
12110     0.819608
12111     0.819608
12112     0.815686
12113     0.815686
12114     0.811765
12115     0.807843
12116     0.807843
12117     0.803922
12118     0.803922
12119     0.796078
12120     0.788235
12121     0.780392
12122     0.776471
12123     0.776471
12124     0.776471
12125     0.772549
12126     0.768627
12127     0.756863
12128     0.756863
12129     0.756863
12130     0.756863
12131     0.756863
12132     0.752941
12133     0.752941
12134     0.752941
12135     0.752941
12136     0.752941
12137     0.749020
12138     0.749020
12139     0.749020
12140     0.752941
12141     0.756863
12142     0.756863
12143     0.749020
12144     0.745098
12145     0.737255
12146     0.733333
12147     0.737255
12148     0.741176
12149     0.749020
12150     0.756863
12151     0.772549
12152     0.776471
12153     0.776471
12154     0.780392
12155     0.780392
12156     0.776471
12157     0.776471
12158     0.772549
12159     0.772549
12160     0.772549
12161     0.772549
12162     0.768627
12163     0.760784
12164     0.749020
12165     0.737255
12166     0.733333
12167     0.733333
12168     0.733333
12169     0.733333
12170     0.729412
12171     0.725490
12172     0.717647
12173     0.713726
12174     0.709804
12175     0.713726
12176     0.705882
12177     0.701961
12178     0.701961
12179     0.705882
12180     0.705882
12181     0.698039
12182     0.694118
12183     0.705882
12184     0.709804
12185     0.721569
12186     0.733333
12187     0.741176
12188     0.745098
12189     0.741176
12190     0.741176
12191     0.745098
12192     0.749020
12193     0.749020
12194     0.745098
12195     0.737255
12196     0.737255
12197     0.745098
12198     0.752941
12199     0.756863
12200     0.756863
12201     0.760784
12202     0.760784
12203     0.764706
12204     0.764706
12205     0.768627
12206     0.768627
12207     0.752941
12208     0.760784
12209     0.768627
12210     0.772549
12211     0.776471
12212     0.768627
12213     0.764706
12214     0.756863
12215     0.749020
12216     0.745098
12217     0.733333
12218     0.717647
12219     0.705882
12220     0.701961
12221     0.705882
12222     0.717647
12223     0.701961
12224     0.701961
12225     0.705882
12226     0.713726
12227     0.725490
12228     0.737255
12229     0.745098
12230     0.752941
12231     0.764706
12232     0.764706
12233     0.768627
12234     0.780392
12235     0.788235
12236     0.784314
12237     0.760784
12238     0.741176
12239     0.745098
12240     0.749020
12241     0.752941
12242     0.764706
12243     0.788235
12244     0.815686
12245     0.847059
12246     0.862745
12247     0.815686
12248     0.800000
12249     0.764706
12250     0.721569
12251     0.713726
12252     0.725490
12253     0.729412
12254     0.721569
12255     0.717647
12256     0.717647
12257     0.721569
12258     0.603922
12259     0.592157
12260     0.580392
12261     0.572549
12262     0.572549
12263     0.572549
12264     0.568627
12265     0.564706
12266     0.568627
12267     0.572549
12268     0.584314
12269     0.607843
12270     0.627451
12271     0.635294
12272     0.631373
12273     0.623529
12274     0.592157
12275     0.572549
12276     0.552941
12277     0.545098
12278     0.552941
12279     0.564706
12280     0.572549
12281     0.572549
12282     0.549020
12283     0.556863
12284     0.560784
12285     0.552941
12286     0.537255
12287     0.529412
12288     0.533333
12289     0.537255
12290     0.552941
12291     0.564706
12292     0.568627
12293     0.556863
12294     0.556863
12295     0.568627
12296     0.568627
12297     0.556863
12298     0.588235
12299     0.623529
12300     0.666667
12301     0.694118
12302     0.698039
12303     0.690196
12304     0.686275
12305     0.686275
12306     0.682353
12307     0.698039
12308     0.701961
12309     0.694118
12310     0.705882
12311     0.721569
12312     0.713726
12313     0.690196
12314     0.647059
12315     0.611765
12316     0.584314
12317     0.588235
12318     0.588235
12319     0.564706
12320     0.549020
12321     0.545098
12322     0.568627
12323     0.588235
12324     0.619608
12325     0.647059
12326     0.662745
12327     0.654902
12328     0.635294
12329     0.619608
12330     0.670588
12331     0.690196
12332     0.729412
12333     0.764706
12334     0.796078
12335     0.811765
12336     0.815686
12337     0.815686
12338     0.819608
12339     0.815686
12340     0.811765
12341     0.807843
12342     0.803922
12343     0.803922
12344     0.803922
12345     0.803922
12346     0.800000
12347     0.796078
12348     0.788235
12349     0.788235
12350     0.788235
12351     0.784314
12352     0.772549
12353     0.764706
12354     0.760784
12355     0.760784
12356     0.760784
12357     0.760784
12358     0.756863
12359     0.752941
12360     0.749020
12361     0.749020
12362     0.752941
12363     0.752941
12364     0.756863
12365     0.756863
12366     0.756863
12367     0.752941
12368     0.749020
12369     0.749020
12370     0.752941
12371     0.749020
12372     0.745098
12373     0.741176
12374     0.741176
12375     0.741176
12376     0.745098
12377     0.745098
12378     0.764706
12379     0.764706
12380     0.772549
12381     0.776471
12382     0.780392
12383     0.780392
12384     0.780392
12385     0.776471
12386     0.772549
12387     0.772549
12388     0.772549
12389     0.772549
12390     0.768627
12391     0.760784
12392     0.752941
12393     0.749020
12394     0.749020
12395     0.749020
12396     0.749020
12397     0.745098
12398     0.737255
12399     0.725490
12400     0.717647
12401     0.709804
12402     0.713726
12403     0.705882
12404     0.705882
12405     0.705882
12406     0.709804
12407     0.713726
12408     0.705882
12409     0.698039
12410     0.705882
12411     0.713726
12412     0.725490
12413     0.737255
12414     0.749020
12415     0.749020
12416     0.749020
12417     0.749020
12418     0.752941
12419     0.756863
12420     0.756863
12421     0.749020
12422     0.741176
12423     0.741176
12424     0.756863
12425     0.768627
12426     0.760784
12427     0.760784
12428     0.760784
12429     0.760784
12430     0.760784
12431     0.764706
12432     0.764706
12433     0.764706
12434     0.749020
12435     0.752941
12436     0.764706
12437     0.772549
12438     0.772549
12439     0.768627
12440     0.764706
12441     0.756863
12442     0.745098
12443     0.745098
12444     0.733333
12445     0.713726
12446     0.698039
12447     0.694118
12448     0.705882
12449     0.721569
12450     0.709804
12451     0.709804
12452     0.713726
12453     0.713726
12454     0.721569
12455     0.733333
12456     0.741176
12457     0.749020
12458     0.760784
12459     0.760784
12460     0.768627
12461     0.772549
12462     0.768627
12463     0.764706
12464     0.756863
12465     0.749020
12466     0.745098
12467     0.749020
12468     0.760784
12469     0.772549
12470     0.784314
12471     0.800000
12472     0.807843
12473     0.815686
12474     0.784314
12475     0.776471
12476     0.752941
12477     0.725490
12478     0.725490
12479     0.741176
12480     0.741176
12481     0.725490
12482     0.729412
12483     0.729412
12484     0.733333
12485     0.549020
12486     0.545098
12487     0.541176
12488     0.545098
12489     0.556863
12490     0.564706
12491     0.564706
12492     0.560784
12493     0.568627
12494     0.576471
12495     0.592157
12496     0.607843
12497     0.619608
12498     0.615686
12499     0.600000
12500     0.584314
12501     0.584314
12502     0.568627
12503     0.556863
12504     0.552941
12505     0.560784
12506     0.564706
12507     0.556863
12508     0.549020
12509     0.568627
12510     0.572549
12511     0.572549
12512     0.560784
12513     0.537255
12514     0.525490
12515     0.525490
12516     0.533333
12517     0.541176
12518     0.556863
12519     0.556863
12520     0.549020
12521     0.552941
12522     0.568627
12523     0.568627
12524     0.556863
12525     0.576471
12526     0.611765
12527     0.654902
12528     0.682353
12529     0.682353
12530     0.666667
12531     0.658824
12532     0.658824
12533     0.662745
12534     0.682353
12535     0.686275
12536     0.678431
12537     0.682353
12538     0.694118
12539     0.678431
12540     0.647059
12541     0.631373
12542     0.596078
12543     0.576471
12544     0.592157
12545     0.600000
12546     0.576471
12547     0.552941
12548     0.545098
12549     0.576471
12550     0.596078
12551     0.631373
12552     0.662745
12553     0.674510
12554     0.658824
12555     0.631373
12556     0.607843
12557     0.666667
12558     0.690196
12559     0.725490
12560     0.764706
12561     0.796078
12562     0.811765
12563     0.815686
12564     0.815686
12565     0.819608
12566     0.815686
12567     0.811765
12568     0.807843
12569     0.803922
12570     0.800000
12571     0.800000
12572     0.800000
12573     0.807843
12574     0.800000
12575     0.800000
12576     0.800000
12577     0.800000
12578     0.792157
12579     0.776471
12580     0.764706
12581     0.760784
12582     0.764706
12583     0.764706
12584     0.760784
12585     0.756863
12586     0.752941
12587     0.749020
12588     0.745098
12589     0.752941
12590     0.756863
12591     0.760784
12592     0.760784
12593     0.756863
12594     0.752941
12595     0.745098
12596     0.741176
12597     0.752941
12598     0.752941
12599     0.749020
12600     0.749020
12601     0.745098
12602     0.741176
12603     0.737255
12604     0.737255
12605     0.756863
12606     0.760784
12607     0.768627
12608     0.772549
12609     0.776471
12610     0.780392
12611     0.780392
12612     0.780392
12613     0.772549
12614     0.772549
12615     0.772549
12616     0.772549
12617     0.772549
12618     0.768627
12619     0.764706
12620     0.760784
12621     0.760784
12622     0.760784
12623     0.760784
12624     0.752941
12625     0.745098
12626     0.733333
12627     0.721569
12628     0.713726
12629     0.713726
12630     0.709804
12631     0.705882
12632     0.709804
12633     0.717647
12634     0.717647
12635     0.709804
12636     0.701961
12637     0.705882
12638     0.713726
12639     0.729412
12640     0.741176
12641     0.752941
12642     0.756863
12643     0.752941
12644     0.752941
12645     0.756863
12646     0.760784
12647     0.760784
12648     0.752941
12649     0.745098
12650     0.745098
12651     0.760784
12652     0.776471
12653     0.760784
12654     0.760784
12655     0.760784
12656     0.760784
12657     0.760784
12658     0.760784
12659     0.760784
12660     0.760784
12661     0.745098
12662     0.749020
12663     0.760784
12664     0.768627
12665     0.772549
12666     0.768627
12667     0.760784
12668     0.756863
12669     0.745098
12670     0.741176
12671     0.729412
12672     0.709804
12673     0.694118
12674     0.690196
12675     0.705882
12676     0.721569
12677     0.721569
12678     0.721569
12679     0.717647
12680     0.717647
12681     0.721569
12682     0.729412
12683     0.737255
12684     0.741176
12685     0.745098
12686     0.752941
12687     0.756863
12688     0.756863
12689     0.752941
12690     0.749020
12691     0.752941
12692     0.756863
12693     0.741176
12694     0.749020
12695     0.760784
12696     0.768627
12697     0.772549
12698     0.768627
12699     0.764706
12700     0.760784
12701     0.752941
12702     0.752941
12703     0.745098
12704     0.733333
12705     0.741176
12706     0.756863
12707     0.749020
12708     0.725490
12709     0.737255
12710     0.741176
12711     0.741176
12712     0.513726
12713     0.521569
12714     0.529412
12715     0.537255
12716     0.541176
12717     0.541176
12718     0.541176
12719     0.537255
12720     0.572549
12721     0.584314
12722     0.603922
12723     0.615686
12724     0.611765
12725     0.592157
12726     0.568627
12727     0.552941
12728     0.556863
12729     0.541176
12730     0.529412
12731     0.537255
12732     0.560784
12733     0.580392
12734     0.580392
12735     0.572549
12736     0.556863
12737     0.556863
12738     0.552941
12739     0.541176
12740     0.525490
12741     0.517647
12742     0.521569
12743     0.525490
12744     0.533333
12745     0.549020
12746     0.560784
12747     0.564706
12748     0.556863
12749     0.560784
12750     0.572549
12751     0.588235
12752     0.584314
12753     0.603922
12754     0.635294
12755     0.658824
12756     0.666667
12757     0.658824
12758     0.643137
12759     0.631373
12760     0.635294
12761     0.635294
12762     0.639216
12763     0.639216
12764     0.635294
12765     0.627451
12766     0.619608
12767     0.615686
12768     0.596078
12769     0.600000
12770     0.596078
12771     0.584314
12772     0.568627
12773     0.568627
12774     0.580392
12775     0.596078
12776     0.643137
12777     0.654902
12778     0.662745
12779     0.666667
12780     0.654902
12781     0.647059
12782     0.639216
12783     0.639216
12784     0.662745
12785     0.686275
12786     0.717647
12787     0.737255
12788     0.749020
12789     0.760784
12790     0.780392
12791     0.796078
12792     0.819608
12793     0.800000
12794     0.784314
12795     0.780392
12796     0.792157
12797     0.803922
12798     0.807843
12799     0.803922
12800     0.807843
12801     0.811765
12802     0.811765
12803     0.807843
12804     0.800000
12805     0.784314
12806     0.768627
12807     0.760784
12808     0.772549
12809     0.780392
12810     0.780392
12811     0.776471
12812     0.764706
12813     0.752941
12814     0.749020
12815     0.752941
12816     0.772549
12817     0.772549
12818     0.768627
12819     0.764706
12820     0.764706
12821     0.760784
12822     0.756863
12823     0.756863
12824     0.741176
12825     0.741176
12826     0.741176
12827     0.745098
12828     0.745098
12829     0.749020
12830     0.749020
12831     0.749020
12832     0.745098
12833     0.752941
12834     0.764706
12835     0.772549
12836     0.776471
12837     0.776471
12838     0.768627
12839     0.764706
12840     0.796078
12841     0.792157
12842     0.788235
12843     0.788235
12844     0.784314
12845     0.780392
12846     0.772549
12847     0.764706
12848     0.745098
12849     0.749020
12850     0.752941
12851     0.756863
12852     0.749020
12853     0.741176
12854     0.729412
12855     0.721569
12856     0.721569
12857     0.717647
12858     0.713726
12859     0.713726
12860     0.717647
12861     0.713726
12862     0.705882
12863     0.701961
12864     0.725490
12865     0.733333
12866     0.745098
12867     0.756863
12868     0.760784
12869     0.760784
12870     0.756863
12871     0.752941
12872     0.752941
12873     0.752941
12874     0.752941
12875     0.752941
12876     0.745098
12877     0.741176
12878     0.733333
12879     0.729412
12880     0.737255
12881     0.741176
12882     0.745098
12883     0.749020
12884     0.749020
12885     0.749020
12886     0.745098
12887     0.745098
12888     0.749020
12889     0.749020
12890     0.752941
12891     0.752941
12892     0.752941
12893     0.749020
12894     0.749020
12895     0.745098
12896     0.725490
12897     0.725490
12898     0.717647
12899     0.701961
12900     0.690196
12901     0.686275
12902     0.694118
12903     0.701961
12904     0.709804
12905     0.713726
12906     0.725490
12907     0.733333
12908     0.741176
12909     0.745098
12910     0.745098
12911     0.745098
12912     0.749020
12913     0.745098
12914     0.733333
12915     0.729412
12916     0.733333
12917     0.741176
12918     0.752941
12919     0.760784
12920     0.749020
12921     0.737255
12922     0.721569
12923     0.709804
12924     0.713726
12925     0.717647
12926     0.717647
12927     0.717647
12928     0.737255
12929     0.737255
12930     0.741176
12931     0.745098
12932     0.749020
12933     0.749020
12934     0.752941
12935     0.752941
12936     0.733333
12937     0.729412
12938     0.725490
12939     0.521569
12940     0.529412
12941     0.533333
12942     0.541176
12943     0.541176
12944     0.541176
12945     0.541176
12946     0.537255
12947     0.568627
12948     0.576471
12949     0.588235
12950     0.596078
12951     0.588235
12952     0.572549
12953     0.549020
12954     0.537255
12955     0.533333
12956     0.525490
12957     0.521569
12958     0.541176
12959     0.564706
12960     0.580392
12961     0.572549
12962     0.560784
12963     0.545098
12964     0.537255
12965     0.525490
12966     0.517647
12967     0.513726
12968     0.521569
12969     0.529412
12970     0.537255
12971     0.564706
12972     0.576471
12973     0.580392
12974     0.576471
12975     0.568627
12976     0.568627
12977     0.584314
12978     0.603922
12979     0.603922
12980     0.623529
12981     0.654902
12982     0.674510
12983     0.678431
12984     0.662745
12985     0.639216
12986     0.623529
12987     0.615686
12988     0.615686
12989     0.611765
12990     0.611765
12991     0.607843
12992     0.600000
12993     0.596078
12994     0.596078
12995     0.592157
12996     0.596078
12997     0.596078
12998     0.588235
12999     0.584314
13000     0.592157
13001     0.607843
13002     0.627451
13003     0.662745
13004     0.670588
13005     0.670588
13006     0.666667
13007     0.654902
13008     0.643137
13009     0.639216
13010     0.639216
13011     0.650980
13012     0.666667
13013     0.690196
13014     0.705882
13015     0.717647
13016     0.729412
13017     0.749020
13018     0.764706
13019     0.796078
13020     0.792157
13021     0.788235
13022     0.792157
13023     0.800000
13024     0.811765
13025     0.815686
13026     0.815686
13027     0.815686
13028     0.819608
13029     0.815686
13030     0.807843
13031     0.796078
13032     0.780392
13033     0.764706
13034     0.752941
13035     0.760784
13036     0.764706
13037     0.772549
13038     0.768627
13039     0.760784
13040     0.752941
13041     0.752941
13042     0.756863
13043     0.772549
13044     0.768627
13045     0.768627
13046     0.768627
13047     0.764706
13048     0.760784
13049     0.760784
13050     0.756863
13051     0.741176
13052     0.741176
13053     0.745098
13054     0.745098
13055     0.745098
13056     0.745098
13057     0.745098
13058     0.745098
13059     0.749020
13060     0.752941
13061     0.760784
13062     0.768627
13063     0.768627
13064     0.768627
13065     0.768627
13066     0.764706
13067     0.792157
13068     0.788235
13069     0.788235
13070     0.788235
13071     0.788235
13072     0.784314
13073     0.776471
13074     0.768627
13075     0.760784
13076     0.764706
13077     0.764706
13078     0.760784
13079     0.752941
13080     0.741176
13081     0.729412
13082     0.725490
13083     0.721569
13084     0.721569
13085     0.721569
13086     0.725490
13087     0.729412
13088     0.725490
13089     0.717647
13090     0.709804
13091     0.725490
13092     0.733333
13093     0.741176
13094     0.752941
13095     0.756863
13096     0.756863
13097     0.752941
13098     0.752941
13099     0.752941
13100     0.749020
13101     0.749020
13102     0.745098
13103     0.741176
13104     0.737255
13105     0.737255
13106     0.737255
13107     0.741176
13108     0.741176
13109     0.745098
13110     0.749020
13111     0.749020
13112     0.749020
13113     0.749020
13114     0.749020
13115     0.756863
13116     0.752941
13117     0.752941
13118     0.749020
13119     0.745098
13120     0.741176
13121     0.737255
13122     0.737255
13123     0.713726
13124     0.717647
13125     0.721569
13126     0.713726
13127     0.698039
13128     0.686275
13129     0.682353
13130     0.686275
13131     0.709804
13132     0.717647
13133     0.729412
13134     0.745098
13135     0.752941
13136     0.752941
13137     0.752941
13138     0.749020
13139     0.749020
13140     0.745098
13141     0.733333
13142     0.725490
13143     0.725490
13144     0.729412
13145     0.741176
13146     0.745098
13147     0.745098
13148     0.725490
13149     0.701961
13150     0.690196
13151     0.694118
13152     0.705882
13153     0.713726
13154     0.721569
13155     0.741176
13156     0.741176
13157     0.745098
13158     0.745098
13159     0.749020
13160     0.752941
13161     0.752941
13162     0.756863
13163     0.741176
13164     0.737255
13165     0.729412
13166     0.537255
13167     0.537255
13168     0.541176
13169     0.545098
13170     0.545098
13171     0.541176
13172     0.541176
13173     0.537255
13174     0.560784
13175     0.564706
13176     0.568627
13177     0.568627
13178     0.560784
13179     0.549020
13180     0.533333
13181     0.525490
13182     0.513726
13183     0.513726
13184     0.521569
13185     0.545098
13186     0.568627
13187     0.572549
13188     0.560784
13189     0.545098
13190     0.537255
13191     0.521569
13192     0.505882
13193     0.505882
13194     0.525490
13195     0.545098
13196     0.556863
13197     0.560784
13198     0.588235
13199     0.592157
13200     0.592157
13201     0.580392
13202     0.568627
13203     0.576471
13204     0.600000
13205     0.619608
13206     0.627451
13207     0.647059
13208     0.670588
13209     0.686275
13210     0.682353
13211     0.658824
13212     0.627451
13213     0.607843
13214     0.588235
13215     0.580392
13216     0.576471
13217     0.568627
13218     0.564706
13219     0.568627
13220     0.568627
13221     0.572549
13222     0.588235
13223     0.588235
13224     0.588235
13225     0.592157
13226     0.596078
13227     0.615686
13228     0.643137
13229     0.662745
13230     0.682353
13231     0.682353
13232     0.678431
13233     0.662745
13234     0.647059
13235     0.635294
13236     0.635294
13237     0.639216
13238     0.639216
13239     0.650980
13240     0.662745
13241     0.674510
13242     0.682353
13243     0.698039
13244     0.713726
13245     0.729412
13246     0.768627
13247     0.784314
13248     0.800000
13249     0.811765
13250     0.811765
13251     0.815686
13252     0.815686
13253     0.819608
13254     0.815686
13255     0.811765
13256     0.807843
13257     0.796078
13258     0.780392
13259     0.760784
13260     0.741176
13261     0.733333
13262     0.733333
13263     0.741176
13264     0.752941
13265     0.752941
13266     0.752941
13267     0.749020
13268     0.752941
13269     0.756863
13270     0.764706
13271     0.764706
13272     0.768627
13273     0.768627
13274     0.768627
13275     0.764706
13276     0.764706
13277     0.760784
13278     0.745098
13279     0.745098
13280     0.745098
13281     0.745098
13282     0.745098
13283     0.745098
13284     0.741176
13285     0.741176
13286     0.752941
13287     0.752941
13288     0.756863
13289     0.756863
13290     0.760784
13291     0.764706
13292     0.764706
13293     0.764706
13294     0.784314
13295     0.788235
13296     0.792157
13297     0.792157
13298     0.792157
13299     0.788235
13300     0.788235
13301     0.784314
13302     0.784314
13303     0.784314
13304     0.776471
13305     0.768627
13306     0.756863
13307     0.745098
13308     0.733333
13309     0.725490
13310     0.717647
13311     0.725490
13312     0.733333
13313     0.741176
13314     0.741176
13315     0.737255
13316     0.729412
13317     0.725490
13318     0.725490
13319     0.729412
13320     0.741176
13321     0.749020
13322     0.752941
13323     0.752941
13324     0.749020
13325     0.749020
13326     0.749020
13327     0.745098
13328     0.737255
13329     0.733333
13330     0.733333
13331     0.737255
13332     0.741176
13333     0.745098
13334     0.741176
13335     0.745098
13336     0.749020
13337     0.752941
13338     0.752941
13339     0.752941
13340     0.752941
13341     0.749020
13342     0.760784
13343     0.756863
13344     0.749020
13345     0.741176
13346     0.733333
13347     0.729412
13348     0.729412
13349     0.725490
13350     0.705882
13351     0.717647
13352     0.725490
13353     0.721569
13354     0.709804
13355     0.690196
13356     0.678431
13357     0.670588
13358     0.721569
13359     0.729412
13360     0.745098
13361     0.756863
13362     0.764706
13363     0.760784
13364     0.756863
13365     0.749020
13366     0.749020
13367     0.745098
13368     0.733333
13369     0.725490
13370     0.721569
13371     0.725490
13372     0.729412
13373     0.733333
13374     0.733333
13375     0.713726
13376     0.686275
13377     0.674510
13378     0.678431
13379     0.698039
13380     0.713726
13381     0.721569
13382     0.741176
13383     0.741176
13384     0.745098
13385     0.745098
13386     0.749020
13387     0.752941
13388     0.756863
13389     0.756863
13390     0.745098
13391     0.741176
13392     0.733333
13393     0.549020
13394     0.549020
13395     0.549020
13396     0.549020
13397     0.545098
13398     0.541176
13399     0.541176
13400     0.537255
13401     0.549020
13402     0.549020
13403     0.549020
13404     0.545098
13405     0.545098
13406     0.541176
13407     0.533333
13408     0.533333
13409     0.529412
13410     0.529412
13411     0.537255
13412     0.549020
13413     0.564706
13414     0.564706
13415     0.552941
13416     0.541176
13417     0.537255
13418     0.521569
13419     0.509804
13420     0.525490
13421     0.556863
13422     0.580392
13423     0.584314
13424     0.576471
13425     0.572549
13426     0.572549
13427     0.568627
13428     0.556863
13429     0.552941
13430     0.568627
13431     0.603922
13432     0.631373
13433     0.658824
13434     0.666667
13435     0.674510
13436     0.674510
13437     0.662745
13438     0.635294
13439     0.607843
13440     0.592157
13441     0.560784
13442     0.552941
13443     0.545098
13444     0.541176
13445     0.541176
13446     0.549020
13447     0.560784
13448     0.568627
13449     0.584314
13450     0.584314
13451     0.584314
13452     0.588235
13453     0.603922
13454     0.631373
13455     0.658824
13456     0.678431
13457     0.678431
13458     0.678431
13459     0.666667
13460     0.654902
13461     0.639216
13462     0.635294
13463     0.639216
13464     0.647059
13465     0.647059
13466     0.650980
13467     0.654902
13468     0.662745
13469     0.670588
13470     0.686275
13471     0.701961
13472     0.713726
13473     0.756863
13474     0.780392
13475     0.811765
13476     0.823529
13477     0.815686
13478     0.803922
13479     0.803922
13480     0.803922
13481     0.788235
13482     0.784314
13483     0.772549
13484     0.756863
13485     0.737255
13486     0.717647
13487     0.701961
13488     0.690196
13489     0.701961
13490     0.713726
13491     0.725490
13492     0.733333
13493     0.737255
13494     0.741176
13495     0.749020
13496     0.756863
13497     0.752941
13498     0.756863
13499     0.764706
13500     0.768627
13501     0.768627
13502     0.768627
13503     0.764706
13504     0.764706
13505     0.749020
13506     0.749020
13507     0.749020
13508     0.745098
13509     0.745098
13510     0.745098
13511     0.745098
13512     0.741176
13513     0.752941
13514     0.752941
13515     0.752941
13516     0.752941
13517     0.752941
13518     0.756863
13519     0.760784
13520     0.764706
13521     0.784314
13522     0.792157
13523     0.800000
13524     0.800000
13525     0.800000
13526     0.800000
13527     0.803922
13528     0.803922
13529     0.800000
13530     0.796078
13531     0.784314
13532     0.772549
13533     0.756863
13534     0.741176
13535     0.733333
13536     0.729412
13537     0.713726
13538     0.725490
13539     0.741176
13540     0.745098
13541     0.745098
13542     0.741176
13543     0.733333
13544     0.733333
13545     0.725490
13546     0.729412
13547     0.737255
13548     0.745098
13549     0.745098
13550     0.749020
13551     0.745098
13552     0.745098
13553     0.745098
13554     0.741176
13555     0.733333
13556     0.729412
13557     0.729412
13558     0.737255
13559     0.749020
13560     0.752941
13561     0.745098
13562     0.749020
13563     0.749020
13564     0.752941
13565     0.752941
13566     0.752941
13567     0.749020
13568     0.749020
13569     0.752941
13570     0.745098
13571     0.737255
13572     0.729412
13573     0.725490
13574     0.725490
13575     0.725490
13576     0.725490
13577     0.713726
13578     0.721569
13579     0.729412
13580     0.725490
13581     0.709804
13582     0.698039
13583     0.690196
13584     0.686275
13585     0.741176
13586     0.752941
13587     0.764706
13588     0.772549
13589     0.768627
13590     0.760784
13591     0.749020
13592     0.741176
13593     0.737255
13594     0.733333
13595     0.729412
13596     0.721569
13597     0.721569
13598     0.725490
13599     0.729412
13600     0.737255
13601     0.721569
13602     0.705882
13603     0.686275
13604     0.678431
13605     0.686275
13606     0.701961
13607     0.717647
13608     0.721569
13609     0.733333
13610     0.737255
13611     0.737255
13612     0.741176
13613     0.745098
13614     0.749020
13615     0.749020
13616     0.752941
13617     0.737255
13618     0.737255
13619     0.733333
13620     0.556863
13621     0.552941
13622     0.549020
13623     0.545098
13624     0.545098
13625     0.541176
13626     0.541176
13627     0.541176
13628     0.537255
13629     0.537255
13630     0.537255
13631     0.541176
13632     0.541176
13633     0.549020
13634     0.552941
13635     0.552941
13636     0.564706
13637     0.560784
13638     0.556863
13639     0.560784
13640     0.560784
13641     0.560784
13642     0.552941
13643     0.549020
13644     0.529412
13645     0.521569
13646     0.525490
13647     0.545098
13648     0.576471
13649     0.588235
13650     0.576471
13651     0.560784
13652     0.525490
13653     0.529412
13654     0.525490
13655     0.525490
13656     0.533333
13657     0.564706
13658     0.611765
13659     0.647059
13660     0.682353
13661     0.682353
13662     0.674510
13663     0.662745
13664     0.643137
13665     0.619608
13666     0.600000
13667     0.584314
13668     0.552941
13669     0.549020
13670     0.541176
13671     0.537255
13672     0.541176
13673     0.552941
13674     0.568627
13675     0.580392
13676     0.584314
13677     0.580392
13678     0.576471
13679     0.584314
13680     0.607843
13681     0.631373
13682     0.654902
13683     0.670588
13684     0.662745
13685     0.658824
13686     0.650980
13687     0.639216
13688     0.631373
13689     0.631373
13690     0.643137
13691     0.654902
13692     0.662745
13693     0.662745
13694     0.662745
13695     0.670588
13696     0.686275
13697     0.705882
13698     0.717647
13699     0.725490
13700     0.760784
13701     0.780392
13702     0.803922
13703     0.811765
13704     0.796078
13705     0.776471
13706     0.768627
13707     0.764706
13708     0.741176
13709     0.733333
13710     0.721569
13711     0.705882
13712     0.686275
13713     0.666667
13714     0.650980
13715     0.643137
13716     0.666667
13717     0.678431
13718     0.698039
13719     0.709804
13720     0.717647
13721     0.729412
13722     0.741176
13723     0.749020
13724     0.741176
13725     0.745098
13726     0.756863
13727     0.764706
13728     0.768627
13729     0.768627
13730     0.764706
13731     0.764706
13732     0.752941
13733     0.752941
13734     0.752941
13735     0.752941
13736     0.749020
13737     0.749020
13738     0.749020
13739     0.749020
13740     0.756863
13741     0.756863
13742     0.752941
13743     0.752941
13744     0.752941
13745     0.756863
13746     0.760784
13747     0.760784
13748     0.784314
13749     0.796078
13750     0.807843
13751     0.807843
13752     0.807843
13753     0.803922
13754     0.811765
13755     0.819608
13756     0.803922
13757     0.796078
13758     0.780392
13759     0.760784
13760     0.749020
13761     0.737255
13762     0.733333
13763     0.729412
13764     0.709804
13765     0.725490
13766     0.741176
13767     0.745098
13768     0.737255
13769     0.733333
13770     0.733333
13771     0.737255
13772     0.733333
13773     0.733333
13774     0.737255
13775     0.741176
13776     0.745098
13777     0.745098
13778     0.745098
13779     0.745098
13780     0.745098
13781     0.741176
13782     0.733333
13783     0.729412
13784     0.733333
13785     0.741176
13786     0.752941
13787     0.756863
13788     0.749020
13789     0.752941
13790     0.752941
13791     0.752941
13792     0.749020
13793     0.749020
13794     0.741176
13795     0.741176
13796     0.729412
13797     0.729412
13798     0.725490
13799     0.725490
13800     0.721569
13801     0.721569
13802     0.721569
13803     0.725490
13804     0.729412
13805     0.729412
13806     0.725490
13807     0.713726
13808     0.705882
13809     0.705882
13810     0.713726
13811     0.725490
13812     0.768627
13813     0.772549
13814     0.776471
13815     0.776471
13816     0.768627
13817     0.752941
13818     0.737255
13819     0.729412
13820     0.713726
13821     0.713726
13822     0.709804
13823     0.709804
13824     0.717647
13825     0.721569
13826     0.729412
13827     0.733333
13828     0.717647
13829     0.709804
13830     0.701961
13831     0.701961
13832     0.713726
13833     0.721569
13834     0.725490
13835     0.721569
13836     0.729412
13837     0.729412
13838     0.733333
13839     0.737255
13840     0.741176
13841     0.741176
13842     0.745098
13843     0.745098
13844     0.729412
13845     0.729412
13846     0.733333
13847     0.552941
13848     0.552941
13849     0.549020
13850     0.541176
13851     0.541176
13852     0.541176
13853     0.541176
13854     0.541176
13855     0.533333
13856     0.533333
13857     0.537255
13858     0.541176
13859     0.549020
13860     0.556863
13861     0.564706
13862     0.572549
13863     0.588235
13864     0.584314
13865     0.580392
13866     0.576471
13867     0.568627
13868     0.560784
13869     0.556863
13870     0.552941
13871     0.525490
13872     0.525490
13873     0.533333
13874     0.552941
13875     0.564706
13876     0.560784
13877     0.541176
13878     0.521569
13879     0.490196
13880     0.498039
13881     0.505882
13882     0.513726
13883     0.533333
13884     0.576471
13885     0.631373
13886     0.670588
13887     0.709804
13888     0.705882
13889     0.694118
13890     0.678431
13891     0.654902
13892     0.631373
13893     0.607843
13894     0.596078
13895     0.572549
13896     0.564706
13897     0.556863
13898     0.552941
13899     0.556863
13900     0.568627
13901     0.584314
13902     0.592157
13903     0.576471
13904     0.572549
13905     0.572549
13906     0.584314
13907     0.607843
13908     0.631373
13909     0.647059
13910     0.650980
13911     0.643137
13912     0.647059
13913     0.643137
13914     0.635294
13915     0.631373
13916     0.635294
13917     0.650980
13918     0.662745
13919     0.666667
13920     0.666667
13921     0.670588
13922     0.686275
13923     0.709804
13924     0.725490
13925     0.737255
13926     0.737255
13927     0.756863
13928     0.764706
13929     0.776471
13930     0.772549
13931     0.756863
13932     0.733333
13933     0.717647
13934     0.709804
13935     0.690196
13936     0.682353
13937     0.670588
13938     0.654902
13939     0.639216
13940     0.623529
13941     0.611765
13942     0.603922
13943     0.635294
13944     0.650980
13945     0.670588
13946     0.686275
13947     0.698039
13948     0.709804
13949     0.725490
13950     0.737255
13951     0.725490
13952     0.733333
13953     0.745098
13954     0.756863
13955     0.764706
13956     0.764706
13957     0.764706
13958     0.760784
13959     0.752941
13960     0.752941
13961     0.756863
13962     0.756863
13963     0.760784
13964     0.760784
13965     0.760784
13966     0.760784
13967     0.756863
13968     0.756863
13969     0.756863
13970     0.760784
13971     0.760784
13972     0.760784
13973     0.760784
13974     0.760784
13975     0.776471
13976     0.792157
13977     0.807843
13978     0.807843
13979     0.803922
13980     0.800000
13981     0.811765
13982     0.823529
13983     0.788235
13984     0.780392
13985     0.760784
13986     0.745098
13987     0.733333
13988     0.729412
13989     0.729412
13990     0.729412
13991     0.717647
13992     0.729412
13993     0.741176
13994     0.737255
13995     0.729412
13996     0.721569
13997     0.729412
13998     0.741176
13999     0.737255
14000     0.737255
14001     0.741176
14002     0.741176
14003     0.745098
14004     0.745098
14005     0.749020
14006     0.749020
14007     0.745098
14008     0.745098
14009     0.741176
14010     0.737255
14011     0.741176
14012     0.745098
14013     0.752941
14014     0.756863
14015     0.756863
14016     0.756863
14017     0.752941
14018     0.749020
14019     0.745098
14020     0.737255
14021     0.729412
14022     0.725490
14023     0.713726
14024     0.717647
14025     0.717647
14026     0.721569
14027     0.721569
14028     0.721569
14029     0.717647
14030     0.713726
14031     0.729412
14032     0.725490
14033     0.717647
14034     0.705882
14035     0.705882
14036     0.717647
14037     0.741176
14038     0.760784
14039     0.780392
14040     0.780392
14041     0.776471
14042     0.768627
14043     0.756863
14044     0.745098
14045     0.729412
14046     0.725490
14047     0.701961
14048     0.701961
14049     0.701961
14050     0.705882
14051     0.713726
14052     0.721569
14053     0.729412
14054     0.733333
14055     0.729412
14056     0.725490
14057     0.721569
14058     0.725490
14059     0.733333
14060     0.737255
14061     0.737255
14062     0.729412
14063     0.729412
14064     0.733333
14065     0.733333
14066     0.737255
14067     0.741176
14068     0.741176
14069     0.745098
14070     0.745098
14071     0.725490
14072     0.729412
14073     0.737255
14074     0.549020
14075     0.545098
14076     0.541176
14077     0.537255
14078     0.537255
14079     0.541176
14080     0.541176
14081     0.545098
14082     0.537255
14083     0.541176
14084     0.545098
14085     0.549020
14086     0.552941
14087     0.560784
14088     0.568627
14089     0.572549
14090     0.584314
14091     0.588235
14092     0.596078
14093     0.592157
14094     0.584314
14095     0.572549
14096     0.560784
14097     0.552941
14098     0.541176
14099     0.545098
14100     0.545098
14101     0.545098
14102     0.537255
14103     0.521569
14104     0.505882
14105     0.494118
14106     0.490196
14107     0.501961
14108     0.513726
14109     0.529412
14110     0.556863
14111     0.603922
14112     0.662745
14113     0.705882
14114     0.733333
14115     0.737255
14116     0.733333
14117     0.725490
14118     0.701961
14119     0.670588
14120     0.639216
14121     0.619608
14122     0.603922
14123     0.596078
14124     0.588235
14125     0.580392
14126     0.576471
14127     0.580392
14128     0.584314
14129     0.588235
14130     0.564706
14131     0.564706
14132     0.568627
14133     0.588235
14134     0.615686
14135     0.635294
14136     0.643137
14137     0.643137
14138     0.643137
14139     0.647059
14140     0.647059
14141     0.643137
14142     0.639216
14143     0.643137
14144     0.650980
14145     0.662745
14146     0.654902
14147     0.654902
14148     0.666667
14149     0.690196
14150     0.717647
14151     0.737255
14152     0.745098
14153     0.741176
14154     0.741176
14155     0.737255
14156     0.725490
14157     0.717647
14158     0.705882
14159     0.690196
14160     0.670588
14161     0.658824
14162     0.650980
14163     0.647059
14164     0.635294
14165     0.623529
14166     0.607843
14167     0.600000
14168     0.592157
14169     0.588235
14170     0.611765
14171     0.627451
14172     0.647059
14173     0.666667
14174     0.682353
14175     0.694118
14176     0.709804
14177     0.721569
14178     0.709804
14179     0.721569
14180     0.737255
14181     0.752941
14182     0.760784
14183     0.760784
14184     0.760784
14185     0.756863
14186     0.752941
14187     0.756863
14188     0.756863
14189     0.764706
14190     0.768627
14191     0.772549
14192     0.776471
14193     0.776471
14194     0.756863
14195     0.760784
14196     0.764706
14197     0.768627
14198     0.768627
14199     0.764706
14200     0.760784
14201     0.756863
14202     0.768627
14203     0.784314
14204     0.800000
14205     0.800000
14206     0.792157
14207     0.788235
14208     0.800000
14209     0.811765
14210     0.768627
14211     0.756863
14212     0.741176
14213     0.725490
14214     0.717647
14215     0.721569
14216     0.725490
14217     0.729412
14218     0.729412
14219     0.741176
14220     0.745098
14221     0.737255
14222     0.721569
14223     0.717647
14224     0.729412
14225     0.749020
14226     0.745098
14227     0.745098
14228     0.745098
14229     0.745098
14230     0.745098
14231     0.749020
14232     0.749020
14233     0.752941
14234     0.749020
14235     0.749020
14236     0.749020
14237     0.749020
14238     0.749020
14239     0.752941
14240     0.752941
14241     0.752941
14242     0.760784
14243     0.760784
14244     0.756863
14245     0.749020
14246     0.737255
14247     0.725490
14248     0.717647
14249     0.709804
14250     0.705882
14251     0.713726
14252     0.721569
14253     0.725490
14254     0.721569
14255     0.713726
14256     0.701961
14257     0.694118
14258     0.713726
14259     0.709804
14260     0.705882
14261     0.701961
14262     0.705882
14263     0.725490
14264     0.756863
14265     0.780392
14266     0.776471
14267     0.772549
14268     0.764706
14269     0.756863
14270     0.745098
14271     0.737255
14272     0.733333
14273     0.729412
14274     0.721569
14275     0.725490
14276     0.725490
14277     0.729412
14278     0.733333
14279     0.737255
14280     0.741176
14281     0.745098
14282     0.749020
14283     0.741176
14284     0.733333
14285     0.733333
14286     0.741176
14287     0.745098
14288     0.749020
14289     0.745098
14290     0.737255
14291     0.737255
14292     0.741176
14293     0.745098
14294     0.749020
14295     0.749020
14296     0.752941
14297     0.752941
14298     0.737255
14299     0.741176
14300     0.749020
14301     0.545098
14302     0.541176
14303     0.537255
14304     0.533333
14305     0.533333
14306     0.537255
14307     0.545098
14308     0.549020
14309     0.545098
14310     0.545098
14311     0.549020
14312     0.552941
14313     0.556863
14314     0.560784
14315     0.560784
14316     0.564706
14317     0.568627
14318     0.584314
14319     0.600000
14320     0.607843
14321     0.600000
14322     0.580392
14323     0.564706
14324     0.552941
14325     0.560784
14326     0.564706
14327     0.560784
14328     0.545098
14329     0.521569
14330     0.501961
14331     0.490196
14332     0.486275
14333     0.501961
14334     0.517647
14335     0.533333
14336     0.552941
14337     0.584314
14338     0.631373
14339     0.690196
14340     0.733333
14341     0.749020
14342     0.760784
14343     0.768627
14344     0.768627
14345     0.745098
14346     0.705882
14347     0.666667
14348     0.639216
14349     0.627451
14350     0.623529
14351     0.611765
14352     0.600000
14353     0.588235
14354     0.584314
14355     0.580392
14356     0.580392
14357     0.556863
14358     0.556863
14359     0.568627
14360     0.592157
14361     0.623529
14362     0.643137
14363     0.647059
14364     0.643137
14365     0.647059
14366     0.650980
14367     0.654902
14368     0.650980
14369     0.647059
14370     0.647059
14371     0.650980
14372     0.658824
14373     0.639216
14374     0.643137
14375     0.654902
14376     0.686275
14377     0.717647
14378     0.741176
14379     0.745098
14380     0.737255
14381     0.729412
14382     0.709804
14383     0.690196
14384     0.678431
14385     0.674510
14386     0.662745
14387     0.643137
14388     0.627451
14389     0.635294
14390     0.627451
14391     0.619608
14392     0.607843
14393     0.600000
14394     0.592157
14395     0.588235
14396     0.584314
14397     0.600000
14398     0.615686
14399     0.639216
14400     0.654902
14401     0.670588
14402     0.686275
14403     0.701961
14404     0.713726
14405     0.701961
14406     0.713726
14407     0.729412
14408     0.749020
14409     0.756863
14410     0.760784
14411     0.756863
14412     0.752941
14413     0.752941
14414     0.756863
14415     0.760784
14416     0.764706
14417     0.772549
14418     0.780392
14419     0.784314
14420     0.784314
14421     0.756863
14422     0.760784
14423     0.768627
14424     0.776471
14425     0.776471
14426     0.768627
14427     0.760784
14428     0.752941
14429     0.756863
14430     0.776471
14431     0.796078
14432     0.792157
14433     0.780392
14434     0.776471
14435     0.788235
14436     0.800000
14437     0.756863
14438     0.745098
14439     0.729412
14440     0.713726
14441     0.709804
14442     0.713726
14443     0.725490
14444     0.729412
14445     0.741176
14446     0.749020
14447     0.752941
14448     0.737255
14449     0.717647
14450     0.713726
14451     0.733333
14452     0.752941
14453     0.749020
14454     0.749020
14455     0.745098
14456     0.745098
14457     0.749020
14458     0.749020
14459     0.752941
14460     0.756863
14461     0.749020
14462     0.752941
14463     0.756863
14464     0.756863
14465     0.756863
14466     0.752941
14467     0.752941
14468     0.749020
14469     0.764706
14470     0.760784
14471     0.756863
14472     0.745098
14473     0.733333
14474     0.721569
14475     0.709804
14476     0.701961
14477     0.709804
14478     0.713726
14479     0.725490
14480     0.729412
14481     0.721569
14482     0.705882
14483     0.690196
14484     0.678431
14485     0.694118
14486     0.694118
14487     0.698039
14488     0.698039
14489     0.709804
14490     0.733333
14491     0.760784
14492     0.784314
14493     0.768627
14494     0.760784
14495     0.752941
14496     0.745098
14497     0.737255
14498     0.737255
14499     0.741176
14500     0.741176
14501     0.756863
14502     0.756863
14503     0.756863
14504     0.756863
14505     0.760784
14506     0.760784
14507     0.760784
14508     0.760784
14509     0.768627
14510     0.752941
14511     0.737255
14512     0.729412
14513     0.737255
14514     0.745098
14515     0.752941
14516     0.756863
14517     0.745098
14518     0.745098
14519     0.749020
14520     0.752941
14521     0.756863
14522     0.756863
14523     0.760784
14524     0.760784
14525     0.749020
14526     0.752941
14527     0.756863
14528     0.552941
14529     0.560784
14530     0.552941
14531     0.533333
14532     0.533333
14533     0.552941
14534     0.556863
14535     0.552941
14536     0.564706
14537     0.572549
14538     0.576471
14539     0.568627
14540     0.560784
14541     0.564706
14542     0.584314
14543     0.603922
14544     0.631373
14545     0.631373
14546     0.631373
14547     0.615686
14548     0.592157
14549     0.572549
14550     0.560784
14551     0.552941
14552     0.564706
14553     0.556863
14554     0.541176
14555     0.529412
14556     0.517647
14557     0.509804
14558     0.509804
14559     0.505882
14560     0.525490
14561     0.529412
14562     0.549020
14563     0.588235
14564     0.639216
14565     0.690196
14566     0.729412
14567     0.749020
14568     0.784314
14569     0.780392
14570     0.776471
14571     0.784314
14572     0.784314
14573     0.760784
14574     0.713726
14575     0.678431
14576     0.662745
14577     0.662745
14578     0.639216
14579     0.600000
14580     0.572549
14581     0.568627
14582     0.568627
14583     0.564706
14584     0.529412
14585     0.560784
14586     0.603922
14587     0.627451
14588     0.639216
14589     0.639216
14590     0.643137
14591     0.650980
14592     0.666667
14593     0.674510
14594     0.678431
14595     0.670588
14596     0.658824
14597     0.650980
14598     0.647059
14599     0.650980
14600     0.623529
14601     0.623529
14602     0.635294
14603     0.658824
14604     0.686275
14605     0.701961
14606     0.698039
14607     0.690196
14608     0.721569
14609     0.713726
14610     0.694118
14611     0.670588
14612     0.647059
14613     0.635294
14614     0.631373
14615     0.635294
14616     0.635294
14617     0.623529
14618     0.600000
14619     0.576471
14620     0.560784
14621     0.560784
14622     0.572549
14623     0.588235
14624     0.607843
14625     0.611765
14626     0.615686
14627     0.627451
14628     0.643137
14629     0.666667
14630     0.690196
14631     0.701961
14632     0.701961
14633     0.709804
14634     0.721569
14635     0.741176
14636     0.760784
14637     0.768627
14638     0.764706
14639     0.760784
14640     0.752941
14641     0.756863
14642     0.760784
14643     0.764706
14644     0.768627
14645     0.768627
14646     0.768627
14647     0.768627
14648     0.792157
14649     0.784314
14650     0.776471
14651     0.764706
14652     0.760784
14653     0.756863
14654     0.756863
14655     0.760784
14656     0.749020
14657     0.756863
14658     0.772549
14659     0.784314
14660     0.792157
14661     0.792157
14662     0.784314
14663     0.780392
14664     0.768627
14665     0.752941
14666     0.737255
14667     0.733333
14668     0.737255
14669     0.737255
14670     0.733333
14671     0.725490
14672     0.741176
14673     0.745098
14674     0.749020
14675     0.741176
14676     0.733333
14677     0.725490
14678     0.729412
14679     0.733333
14680     0.749020
14681     0.756863
14682     0.764706
14683     0.760784
14684     0.749020
14685     0.741176
14686     0.737255
14687     0.737255
14688     0.749020
14689     0.749020
14690     0.752941
14691     0.749020
14692     0.745098
14693     0.749020
14694     0.760784
14695     0.772549
14696     0.752941
14697     0.749020
14698     0.741176
14699     0.729412
14700     0.721569
14701     0.717647
14702     0.713726
14703     0.713726
14704     0.729412
14705     0.733333
14706     0.733333
14707     0.733333
14708     0.725490
14709     0.713726
14710     0.701961
14711     0.694118
14712     0.682353
14713     0.686275
14714     0.701961
14715     0.721569
14716     0.745098
14717     0.760784
14718     0.764706
14719     0.764706
14720     0.772549
14721     0.760784
14722     0.749020
14723     0.741176
14724     0.745098
14725     0.752941
14726     0.752941
14727     0.752941
14728     0.745098
14729     0.768627
14730     0.792157
14731     0.792157
14732     0.772549
14733     0.752941
14734     0.749020
14735     0.752941
14736     0.721569
14737     0.733333
14738     0.749020
14739     0.749020
14740     0.745098
14741     0.737255
14742     0.733333
14743     0.733333
14744     0.752941
14745     0.745098
14746     0.741176
14747     0.749020
14748     0.764706
14749     0.776471
14750     0.780392
14751     0.772549
14752     0.764706
14753     0.760784
14754     0.749020
14755     0.545098
14756     0.552941
14757     0.545098
14758     0.529412
14759     0.533333
14760     0.549020
14761     0.560784
14762     0.552941
14763     0.564706
14764     0.572549
14765     0.576471
14766     0.584314
14767     0.588235
14768     0.596078
14769     0.607843
14770     0.619608
14771     0.615686
14772     0.615686
14773     0.607843
14774     0.588235
14775     0.564706
14776     0.549020
14777     0.541176
14778     0.541176
14779     0.564706
14780     0.564706
14781     0.556863
14782     0.552941
14783     0.549020
14784     0.549020
14785     0.549020
14786     0.549020
14787     0.564706
14788     0.564706
14789     0.576471
14790     0.611765
14791     0.662745
14792     0.713726
14793     0.752941
14794     0.776471
14795     0.780392
14796     0.776471
14797     0.772549
14798     0.776471
14799     0.780392
14800     0.756863
14801     0.717647
14802     0.686275
14803     0.662745
14804     0.658824
14805     0.631373
14806     0.588235
14807     0.564706
14808     0.572549
14809     0.584314
14810     0.584314
14811     0.560784
14812     0.584314
14813     0.615686
14814     0.643137
14815     0.654902
14816     0.654902
14817     0.650980
14818     0.650980
14819     0.654902
14820     0.654902
14821     0.654902
14822     0.650980
14823     0.647059
14824     0.639216
14825     0.631373
14826     0.627451
14827     0.611765
14828     0.607843
14829     0.611765
14830     0.627451
14831     0.654902
14832     0.670588
14833     0.678431
14834     0.678431
14835     0.701961
14836     0.694118
14837     0.678431
14838     0.662745
14839     0.643137
14840     0.631373
14841     0.627451
14842     0.627451
14843     0.607843
14844     0.600000
14845     0.584314
14846     0.564706
14847     0.552941
14848     0.552941
14849     0.568627
14850     0.584314
14851     0.592157
14852     0.596078
14853     0.603922
14854     0.611765
14855     0.631373
14856     0.658824
14857     0.686275
14858     0.705882
14859     0.717647
14860     0.725490
14861     0.737255
14862     0.752941
14863     0.764706
14864     0.768627
14865     0.764706
14866     0.756863
14867     0.752941
14868     0.756863
14869     0.760784
14870     0.764706
14871     0.768627
14872     0.768627
14873     0.768627
14874     0.764706
14875     0.780392
14876     0.776471
14877     0.768627
14878     0.760784
14879     0.756863
14880     0.756863
14881     0.756863
14882     0.760784
14883     0.749020
14884     0.756863
14885     0.776471
14886     0.792157
14887     0.803922
14888     0.807843
14889     0.803922
14890     0.803922
14891     0.780392
14892     0.768627
14893     0.749020
14894     0.745098
14895     0.745098
14896     0.745098
14897     0.737255
14898     0.729412
14899     0.733333
14900     0.737255
14901     0.741176
14902     0.737255
14903     0.729412
14904     0.725490
14905     0.729412
14906     0.733333
14907     0.745098
14908     0.752941
14909     0.760784
14910     0.760784
14911     0.749020
14912     0.741176
14913     0.737255
14914     0.741176
14915     0.741176
14916     0.745098
14917     0.752941
14918     0.749020
14919     0.749020
14920     0.749020
14921     0.756863
14922     0.768627
14923     0.745098
14924     0.741176
14925     0.733333
14926     0.725490
14927     0.717647
14928     0.717647
14929     0.717647
14930     0.717647
14931     0.733333
14932     0.737255
14933     0.737255
14934     0.733333
14935     0.729412
14936     0.713726
14937     0.701961
14938     0.694118
14939     0.690196
14940     0.701961
14941     0.721569
14942     0.737255
14943     0.752941
14944     0.760784
14945     0.764706
14946     0.764706
14947     0.792157
14948     0.784314
14949     0.772549
14950     0.760784
14951     0.752941
14952     0.752941
14953     0.760784
14954     0.764706
14955     0.756863
14956     0.772549
14957     0.788235
14958     0.788235
14959     0.772549
14960     0.756863
14961     0.749020
14962     0.752941
14963     0.725490
14964     0.733333
14965     0.745098
14966     0.745098
14967     0.737255
14968     0.733333
14969     0.733333
14970     0.737255
14971     0.756863
14972     0.749020
14973     0.749020
14974     0.756863
14975     0.768627
14976     0.776471
14977     0.772549
14978     0.768627
14979     0.741176
14980     0.737255
14981     0.729412
14982     0.533333
14983     0.541176
14984     0.537255
14985     0.521569
14986     0.525490
14987     0.549020
14988     0.560784
14989     0.556863
14990     0.568627
14991     0.572549
14992     0.584314
14993     0.600000
14994     0.619608
14995     0.631373
14996     0.635294
14997     0.631373
14998     0.600000
14999     0.592157
15000     0.576471
15001     0.552941
15002     0.533333
15003     0.521569
15004     0.525490
15005     0.533333
15006     0.564706
15007     0.568627
15008     0.572549
15009     0.580392
15010     0.584314
15011     0.588235
15012     0.588235
15013     0.588235
15014     0.600000
15015     0.600000
15016     0.607843
15017     0.635294
15018     0.678431
15019     0.725490
15020     0.760784
15021     0.780392
15022     0.764706
15023     0.764706
15024     0.764706
15025     0.772549
15026     0.772549
15027     0.752941
15028     0.717647
15029     0.690196
15030     0.650980
15031     0.647059
15032     0.619608
15033     0.576471
15034     0.560784
15035     0.576471
15036     0.596078
15037     0.603922
15038     0.600000
15039     0.611765
15040     0.627451
15041     0.647059
15042     0.662745
15043     0.662745
15044     0.650980
15045     0.643137
15046     0.639216
15047     0.631373
15048     0.623529
15049     0.627451
15050     0.635294
15051     0.639216
15052     0.627451
15053     0.611765
15054     0.596078
15055     0.588235
15056     0.588235
15057     0.596078
15058     0.615686
15059     0.635294
15060     0.650980
15061     0.654902
15062     0.666667
15063     0.662745
15064     0.654902
15065     0.643137
15066     0.635294
15067     0.623529
15068     0.619608
15069     0.615686
15070     0.588235
15071     0.584314
15072     0.576471
15073     0.568627
15074     0.556863
15075     0.560784
15076     0.572549
15077     0.584314
15078     0.580392
15079     0.580392
15080     0.584314
15081     0.592157
15082     0.607843
15083     0.635294
15084     0.670588
15085     0.698039
15086     0.725490
15087     0.733333
15088     0.745098
15089     0.756863
15090     0.764706
15091     0.764706
15092     0.760784
15093     0.756863
15094     0.760784
15095     0.760784
15096     0.764706
15097     0.768627
15098     0.768627
15099     0.768627
15100     0.764706
15101     0.764706
15102     0.772549
15103     0.768627
15104     0.760784
15105     0.756863
15106     0.752941
15107     0.756863
15108     0.760784
15109     0.764706
15110     0.752941
15111     0.760784
15112     0.776471
15113     0.792157
15114     0.803922
15115     0.811765
15116     0.815686
15117     0.815686
15118     0.788235
15119     0.776471
15120     0.764706
15121     0.756863
15122     0.752941
15123     0.749020
15124     0.741176
15125     0.733333
15126     0.729412
15127     0.733333
15128     0.737255
15129     0.733333
15130     0.725490
15131     0.721569
15132     0.725490
15133     0.733333
15134     0.737255
15135     0.745098
15136     0.756863
15137     0.756863
15138     0.749020
15139     0.745098
15140     0.741176
15141     0.745098
15142     0.733333
15143     0.741176
15144     0.749020
15145     0.752941
15146     0.749020
15147     0.749020
15148     0.752941
15149     0.756863
15150     0.737255
15151     0.729412
15152     0.721569
15153     0.713726
15154     0.713726
15155     0.717647
15156     0.725490
15157     0.729412
15158     0.741176
15159     0.741176
15160     0.741176
15161     0.737255
15162     0.729412
15163     0.717647
15164     0.705882
15165     0.698039
15166     0.705882
15167     0.725490
15168     0.745098
15169     0.752941
15170     0.749020
15171     0.749020
15172     0.752941
15173     0.760784
15174     0.800000
15175     0.796078
15176     0.788235
15177     0.768627
15178     0.752941
15179     0.749020
15180     0.760784
15181     0.776471
15182     0.768627
15183     0.768627
15184     0.772549
15185     0.772549
15186     0.764706
15187     0.756863
15188     0.749020
15189     0.741176
15190     0.729412
15191     0.733333
15192     0.737255
15193     0.733333
15194     0.725490
15195     0.725490
15196     0.733333
15197     0.741176
15198     0.760784
15199     0.756863
15200     0.760784
15201     0.768627
15202     0.776471
15203     0.776471
15204     0.768627
15205     0.756863
15206     0.725490
15207     0.721569
15208     0.717647
15209     0.525490
15210     0.533333
15211     0.529412
15212     0.517647
15213     0.521569
15214     0.545098
15215     0.556863
15216     0.552941
15217     0.568627
15218     0.572549
15219     0.584314
15220     0.611765
15221     0.639216
15222     0.647059
15223     0.635294
15224     0.623529
15225     0.596078
15226     0.584314
15227     0.560784
15228     0.533333
15229     0.513726
15230     0.513726
15231     0.525490
15232     0.541176
15233     0.572549
15234     0.576471
15235     0.588235
15236     0.596078
15237     0.603922
15238     0.607843
15239     0.603922
15240     0.603922
15241     0.607843
15242     0.607843
15243     0.619608
15244     0.639216
15245     0.674510
15246     0.705882
15247     0.725490
15248     0.733333
15249     0.733333
15250     0.737255
15251     0.752941
15252     0.764706
15253     0.764706
15254     0.745098
15255     0.705882
15256     0.678431
15257     0.623529
15258     0.623529
15259     0.607843
15260     0.572549
15261     0.560784
15262     0.576471
15263     0.596078
15264     0.600000
15265     0.615686
15266     0.611765
15267     0.615686
15268     0.631373
15269     0.647059
15270     0.647059
15271     0.631373
15272     0.615686
15273     0.615686
15274     0.600000
15275     0.592157
15276     0.607843
15277     0.631373
15278     0.639216
15279     0.627451
15280     0.611765
15281     0.584314
15282     0.580392
15283     0.584314
15284     0.592157
15285     0.603922
15286     0.619608
15287     0.631373
15288     0.635294
15289     0.635294
15290     0.631373
15291     0.627451
15292     0.627451
15293     0.627451
15294     0.619608
15295     0.611765
15296     0.603922
15297     0.592157
15298     0.596078
15299     0.596078
15300     0.588235
15301     0.580392
15302     0.572549
15303     0.576471
15304     0.584314
15305     0.576471
15306     0.580392
15307     0.580392
15308     0.576471
15309     0.580392
15310     0.603922
15311     0.643137
15312     0.670588
15313     0.713726
15314     0.725490
15315     0.741176
15316     0.752941
15317     0.756863
15318     0.756863
15319     0.756863
15320     0.760784
15321     0.768627
15322     0.768627
15323     0.772549
15324     0.776471
15325     0.776471
15326     0.772549
15327     0.772549
15328     0.768627
15329     0.768627
15330     0.768627
15331     0.760784
15332     0.756863
15333     0.760784
15334     0.764706
15335     0.768627
15336     0.772549
15337     0.764706
15338     0.768627
15339     0.772549
15340     0.780392
15341     0.784314
15342     0.788235
15343     0.788235
15344     0.788235
15345     0.772549
15346     0.768627
15347     0.764706
15348     0.756863
15349     0.756863
15350     0.752941
15351     0.749020
15352     0.745098
15353     0.737255
15354     0.741176
15355     0.745098
15356     0.737255
15357     0.729412
15358     0.721569
15359     0.725490
15360     0.729412
15361     0.729412
15362     0.741176
15363     0.752941
15364     0.752941
15365     0.749020
15366     0.745098
15367     0.745098
15368     0.749020
15369     0.729412
15370     0.737255
15371     0.752941
15372     0.756863
15373     0.752941
15374     0.749020
15375     0.749020
15376     0.752941
15377     0.733333
15378     0.725490
15379     0.717647
15380     0.713726
15381     0.713726
15382     0.721569
15383     0.733333
15384     0.741176
15385     0.749020
15386     0.745098
15387     0.745098
15388     0.741176
15389     0.729412
15390     0.721569
15391     0.709804
15392     0.705882
15393     0.713726
15394     0.733333
15395     0.756863
15396     0.752941
15397     0.737255
15398     0.725490
15399     0.729412
15400     0.741176
15401     0.768627
15402     0.776471
15403     0.772549
15404     0.752941
15405     0.729412
15406     0.725490
15407     0.745098
15408     0.764706
15409     0.764706
15410     0.756863
15411     0.752941
15412     0.752941
15413     0.752941
15414     0.749020
15415     0.737255
15416     0.729412
15417     0.733333
15418     0.733333
15419     0.729412
15420     0.721569
15421     0.717647
15422     0.717647
15423     0.729412
15424     0.741176
15425     0.760784
15426     0.764706
15427     0.768627
15428     0.776471
15429     0.776471
15430     0.768627
15431     0.760784
15432     0.749020
15433     0.733333
15434     0.733333
15435     0.733333
15436     0.525490
15437     0.533333
15438     0.525490
15439     0.513726
15440     0.517647
15441     0.537255
15442     0.549020
15443     0.545098
15444     0.564706
15445     0.568627
15446     0.584314
15447     0.607843
15448     0.631373
15449     0.635294
15450     0.619608
15451     0.600000
15452     0.596078
15453     0.580392
15454     0.552941
15455     0.525490
15456     0.513726
15457     0.521569
15458     0.541176
15459     0.564706
15460     0.596078
15461     0.603922
15462     0.607843
15463     0.615686
15464     0.615686
15465     0.615686
15466     0.611765
15467     0.607843
15468     0.600000
15469     0.603922
15470     0.619608
15471     0.639216
15472     0.662745
15473     0.674510
15474     0.674510
15475     0.670588
15476     0.694118
15477     0.709804
15478     0.729412
15479     0.749020
15480     0.745098
15481     0.721569
15482     0.682353
15483     0.654902
15484     0.596078
15485     0.603922
15486     0.600000
15487     0.576471
15488     0.568627
15489     0.580392
15490     0.588235
15491     0.588235
15492     0.600000
15493     0.596078
15494     0.592157
15495     0.600000
15496     0.611765
15497     0.611765
15498     0.596078
15499     0.580392
15500     0.580392
15501     0.568627
15502     0.564706
15503     0.584314
15504     0.615686
15505     0.631373
15506     0.623529
15507     0.607843
15508     0.580392
15509     0.588235
15510     0.600000
15511     0.611765
15512     0.615686
15513     0.619608
15514     0.623529
15515     0.623529
15516     0.615686
15517     0.611765
15518     0.607843
15519     0.611765
15520     0.619608
15521     0.623529
15522     0.611765
15523     0.603922
15524     0.603922
15525     0.611765
15526     0.615686
15527     0.611765
15528     0.596078
15529     0.584314
15530     0.576471
15531     0.572549
15532     0.588235
15533     0.588235
15534     0.584314
15535     0.568627
15536     0.560784
15537     0.572549
15538     0.607843
15539     0.635294
15540     0.686275
15541     0.701961
15542     0.725490
15543     0.737255
15544     0.741176
15545     0.745098
15546     0.749020
15547     0.756863
15548     0.768627
15549     0.772549
15550     0.776471
15551     0.776471
15552     0.780392
15553     0.780392
15554     0.776471
15555     0.776471
15556     0.776471
15557     0.772549
15558     0.768627
15559     0.764706
15560     0.764706
15561     0.772549
15562     0.776471
15563     0.780392
15564     0.776471
15565     0.772549
15566     0.764706
15567     0.752941
15568     0.745098
15569     0.741176
15570     0.737255
15571     0.733333
15572     0.741176
15573     0.745098
15574     0.749020
15575     0.752941
15576     0.749020
15577     0.749020
15578     0.752941
15579     0.752941
15580     0.756863
15581     0.756863
15582     0.756863
15583     0.749020
15584     0.733333
15585     0.725490
15586     0.721569
15587     0.725490
15588     0.725490
15589     0.737255
15590     0.749020
15591     0.752941
15592     0.749020
15593     0.745098
15594     0.745098
15595     0.749020
15596     0.729412
15597     0.741176
15598     0.752941
15599     0.756863
15600     0.752941
15601     0.752941
15602     0.752941
15603     0.756863
15604     0.737255
15605     0.733333
15606     0.725490
15607     0.721569
15608     0.725490
15609     0.729412
15610     0.737255
15611     0.745098
15612     0.749020
15613     0.749020
15614     0.745098
15615     0.741176
15616     0.733333
15617     0.725490
15618     0.721569
15619     0.717647
15620     0.713726
15621     0.733333
15622     0.745098
15623     0.733333
15624     0.709804
15625     0.694118
15626     0.701961
15627     0.713726
15628     0.709804
15629     0.725490
15630     0.729412
15631     0.717647
15632     0.698039
15633     0.694118
15634     0.713726
15635     0.733333
15636     0.741176
15637     0.737255
15638     0.733333
15639     0.733333
15640     0.737255
15641     0.733333
15642     0.725490
15643     0.717647
15644     0.729412
15645     0.729412
15646     0.725490
15647     0.713726
15648     0.709804
15649     0.713726
15650     0.725490
15651     0.737255
15652     0.760784
15653     0.768627
15654     0.776471
15655     0.776471
15656     0.772549
15657     0.760784
15658     0.752941
15659     0.749020
15660     0.745098
15661     0.745098
15662     0.749020
15663     0.537255
15664     0.541176
15665     0.533333
15666     0.513726
15667     0.513726
15668     0.533333
15669     0.541176
15670     0.533333
15671     0.552941
15672     0.560784
15673     0.580392
15674     0.600000
15675     0.611765
15676     0.607843
15677     0.596078
15678     0.580392
15679     0.592157
15680     0.576471
15681     0.552941
15682     0.529412
15683     0.517647
15684     0.533333
15685     0.560784
15686     0.584314
15687     0.631373
15688     0.631373
15689     0.627451
15690     0.627451
15691     0.619608
15692     0.615686
15693     0.607843
15694     0.607843
15695     0.596078
15696     0.600000
15697     0.607843
15698     0.627451
15699     0.643137
15700     0.650980
15701     0.643137
15702     0.639216
15703     0.670588
15704     0.682353
15705     0.701961
15706     0.709804
15707     0.705882
15708     0.682353
15709     0.654902
15710     0.639216
15711     0.588235
15712     0.600000
15713     0.600000
15714     0.580392
15715     0.572549
15716     0.580392
15717     0.584314
15718     0.576471
15719     0.580392
15720     0.576471
15721     0.576471
15722     0.576471
15723     0.580392
15724     0.580392
15725     0.576471
15726     0.568627
15727     0.556863
15728     0.552941
15729     0.556863
15730     0.572549
15731     0.596078
15732     0.611765
15733     0.607843
15734     0.603922
15735     0.588235
15736     0.600000
15737     0.615686
15738     0.627451
15739     0.627451
15740     0.623529
15741     0.623529
15742     0.627451
15743     0.615686
15744     0.603922
15745     0.596078
15746     0.603922
15747     0.619608
15748     0.627451
15749     0.619608
15750     0.607843
15751     0.615686
15752     0.623529
15753     0.635294
15754     0.631373
15755     0.615686
15756     0.592157
15757     0.572549
15758     0.564706
15759     0.596078
15760     0.600000
15761     0.596078
15762     0.572549
15763     0.552941
15764     0.552941
15765     0.580392
15766     0.607843
15767     0.662745
15768     0.686275
15769     0.709804
15770     0.725490
15771     0.725490
15772     0.725490
15773     0.737255
15774     0.745098
15775     0.756863
15776     0.760784
15777     0.768627
15778     0.772549
15779     0.776471
15780     0.776471
15781     0.776471
15782     0.776471
15783     0.780392
15784     0.776471
15785     0.772549
15786     0.768627
15787     0.768627
15788     0.772549
15789     0.780392
15790     0.784314
15791     0.776471
15792     0.768627
15793     0.749020
15794     0.729412
15795     0.713726
15796     0.705882
15797     0.698039
15798     0.698039
15799     0.717647
15800     0.725490
15801     0.737255
15802     0.745098
15803     0.741176
15804     0.745098
15805     0.749020
15806     0.752941
15807     0.760784
15808     0.760784
15809     0.760784
15810     0.752941
15811     0.737255
15812     0.729412
15813     0.725490
15814     0.729412
15815     0.725490
15816     0.737255
15817     0.749020
15818     0.752941
15819     0.749020
15820     0.745098
15821     0.745098
15822     0.745098
15823     0.737255
15824     0.745098
15825     0.756863
15826     0.756863
15827     0.752941
15828     0.752941
15829     0.756863
15830     0.764706
15831     0.749020
15832     0.745098
15833     0.745098
15834     0.741176
15835     0.741176
15836     0.741176
15837     0.741176
15838     0.741176
15839     0.749020
15840     0.749020
15841     0.745098
15842     0.741176
15843     0.737255
15844     0.737255
15845     0.733333
15846     0.733333
15847     0.717647
15848     0.721569
15849     0.717647
15850     0.701961
15851     0.682353
15852     0.670588
15853     0.674510
15854     0.682353
15855     0.666667
15856     0.678431
15857     0.690196
15858     0.686275
15859     0.678431
15860     0.674510
15861     0.682353
15862     0.690196
15863     0.713726
15864     0.717647
15865     0.725490
15866     0.729412
15867     0.725490
15868     0.721569
15869     0.717647
15870     0.713726
15871     0.721569
15872     0.721569
15873     0.721569
15874     0.713726
15875     0.705882
15876     0.709804
15877     0.721569
15878     0.733333
15879     0.760784
15880     0.764706
15881     0.772549
15882     0.772549
15883     0.760784
15884     0.752941
15885     0.749020
15886     0.749020
15887     0.749020
15888     0.749020
15889     0.756863
15890     0.549020
15891     0.552941
15892     0.541176
15893     0.521569
15894     0.513726
15895     0.525490
15896     0.529412
15897     0.521569
15898     0.533333
15899     0.549020
15900     0.572549
15901     0.588235
15902     0.592157
15903     0.588235
15904     0.580392
15905     0.580392
15906     0.576471
15907     0.564706
15908     0.541176
15909     0.525490
15910     0.521569
15911     0.537255
15912     0.572549
15913     0.596078
15914     0.643137
15915     0.635294
15916     0.627451
15917     0.619608
15918     0.607843
15919     0.603922
15920     0.600000
15921     0.596078
15922     0.584314
15923     0.580392
15924     0.584314
15925     0.596078
15926     0.615686
15927     0.631373
15928     0.635294
15929     0.635294
15930     0.662745
15931     0.666667
15932     0.666667
15933     0.662745
15934     0.650980
15935     0.643137
15936     0.635294
15937     0.631373
15938     0.603922
15939     0.611765
15940     0.607843
15941     0.580392
15942     0.568627
15943     0.576471
15944     0.584314
15945     0.580392
15946     0.568627
15947     0.572549
15948     0.576471
15949     0.572549
15950     0.568627
15951     0.568627
15952     0.576471
15953     0.580392
15954     0.568627
15955     0.568627
15956     0.576471
15957     0.588235
15958     0.596078
15959     0.600000
15960     0.603922
15961     0.603922
15962     0.600000
15963     0.611765
15964     0.623529
15965     0.623529
15966     0.619608
15967     0.615686
15968     0.623529
15969     0.635294
15970     0.623529
15971     0.607843
15972     0.596078
15973     0.600000
15974     0.619608
15975     0.631373
15976     0.627451
15977     0.619608
15978     0.627451
15979     0.643137
15980     0.658824
15981     0.658824
15982     0.639216
15983     0.611765
15984     0.588235
15985     0.576471
15986     0.596078
15987     0.603922
15988     0.603922
15989     0.580392
15990     0.552941
15991     0.545098
15992     0.568627
15993     0.592157
15994     0.658824
15995     0.682353
15996     0.705882
15997     0.717647
15998     0.709804
15999     0.709804
16000     0.717647
16001     0.733333
16002     0.741176
16003     0.745098
16004     0.752941
16005     0.756863
16006     0.764706
16007     0.768627
16008     0.768627
16009     0.772549
16010     0.780392
16011     0.776471
16012     0.772549
16013     0.768627
16014     0.764706
16015     0.768627
16016     0.772549
16017     0.776471
16018     0.768627
16019     0.756863
16020     0.737255
16021     0.717647
16022     0.701961
16023     0.694118
16024     0.694118
16025     0.694118
16026     0.709804
16027     0.721569
16028     0.737255
16029     0.741176
16030     0.737255
16031     0.733333
16032     0.741176
16033     0.749020
16034     0.745098
16035     0.749020
16036     0.752941
16037     0.745098
16038     0.737255
16039     0.733333
16040     0.733333
16041     0.737255
16042     0.729412
16043     0.737255
16044     0.749020
16045     0.749020
16046     0.745098
16047     0.741176
16048     0.741176
16049     0.741176
16050     0.749020
16051     0.752941
16052     0.756863
16053     0.756863
16054     0.752941
16055     0.756863
16056     0.764706
16057     0.772549
16058     0.764706
16059     0.764706
16060     0.764706
16061     0.760784
16062     0.756863
16063     0.749020
16064     0.741176
16065     0.737255
16066     0.745098
16067     0.745098
16068     0.741176
16069     0.741176
16070     0.741176
16071     0.741176
16072     0.745098
16073     0.745098
16074     0.721569
16075     0.709804
16076     0.694118
16077     0.674510
16078     0.658824
16079     0.654902
16080     0.658824
16081     0.662745
16082     0.654902
16083     0.662745
16084     0.670588
16085     0.674510
16086     0.674510
16087     0.666667
16088     0.658824
16089     0.654902
16090     0.686275
16091     0.705882
16092     0.725490
16093     0.733333
16094     0.725490
16095     0.717647
16096     0.717647
16097     0.721569
16098     0.717647
16099     0.717647
16100     0.717647
16101     0.713726
16102     0.705882
16103     0.705882
16104     0.717647
16105     0.725490
16106     0.756863
16107     0.764706
16108     0.768627
16109     0.760784
16110     0.749020
16111     0.745098
16112     0.749020
16113     0.752941
16114     0.749020
16115     0.752941
16116     0.760784
16117     0.560784
16118     0.564706
16119     0.549020
16120     0.521569
16121     0.513726
16122     0.521569
16123     0.521569
16124     0.513726
16125     0.517647
16126     0.541176
16127     0.568627
16128     0.584314
16129     0.580392
16130     0.576471
16131     0.580392
16132     0.584314
16133     0.560784
16134     0.552941
16135     0.533333
16136     0.517647
16137     0.517647
16138     0.541176
16139     0.572549
16140     0.600000
16141     0.635294
16142     0.627451
16143     0.615686
16144     0.600000
16145     0.592157
16146     0.584314
16147     0.584314
16148     0.584314
16149     0.572549
16150     0.564706
16151     0.556863
16152     0.564706
16153     0.588235
16154     0.611765
16155     0.631373
16156     0.643137
16157     0.666667
16158     0.658824
16159     0.643137
16160     0.627451
16161     0.615686
16162     0.615686
16163     0.623529
16164     0.635294
16165     0.623529
16166     0.627451
16167     0.611765
16168     0.580392
16169     0.564706
16170     0.576471
16171     0.592157
16172     0.592157
16173     0.564706
16174     0.576471
16175     0.584314
16176     0.580392
16177     0.572549
16178     0.568627
16179     0.584314
16180     0.596078
16181     0.592157
16182     0.600000
16183     0.607843
16184     0.611765
16185     0.607843
16186     0.603922
16187     0.607843
16188     0.611765
16189     0.611765
16190     0.615686
16191     0.619608
16192     0.611765
16193     0.603922
16194     0.607843
16195     0.623529
16196     0.639216
16197     0.631373
16198     0.611765
16199     0.596078
16200     0.600000
16201     0.619608
16202     0.635294
16203     0.635294
16204     0.627451
16205     0.639216
16206     0.658824
16207     0.678431
16208     0.682353
16209     0.666667
16210     0.639216
16211     0.611765
16212     0.596078
16213     0.592157
16214     0.603922
16215     0.607843
16216     0.584314
16217     0.556863
16218     0.545098
16219     0.564706
16220     0.588235
16221     0.658824
16222     0.682353
16223     0.709804
16224     0.713726
16225     0.705882
16226     0.698039
16227     0.705882
16228     0.721569
16229     0.725490
16230     0.729412
16231     0.737255
16232     0.745098
16233     0.752941
16234     0.760784
16235     0.764706
16236     0.764706
16237     0.780392
16238     0.776471
16239     0.768627
16240     0.764706
16241     0.760784
16242     0.764706
16243     0.768627
16244     0.768627
16245     0.756863
16246     0.745098
16247     0.729412
16248     0.709804
16249     0.701961
16250     0.701961
16251     0.705882
16252     0.709804
16253     0.713726
16254     0.725490
16255     0.741176
16256     0.741176
16257     0.733333
16258     0.729412
16259     0.733333
16260     0.741176
16261     0.725490
16262     0.733333
16263     0.741176
16264     0.741176
16265     0.733333
16266     0.733333
16267     0.741176
16268     0.749020
16269     0.729412
16270     0.741176
16271     0.749020
16272     0.749020
16273     0.745098
16274     0.737255
16275     0.737255
16276     0.737255
16277     0.756863
16278     0.756863
16279     0.760784
16280     0.756863
16281     0.752941
16282     0.756863
16283     0.768627
16284     0.780392
16285     0.772549
16286     0.776471
16287     0.776471
16288     0.776471
16289     0.768627
16290     0.752941
16291     0.741176
16292     0.733333
16293     0.745098
16294     0.741176
16295     0.741176
16296     0.741176
16297     0.745098
16298     0.749020
16299     0.752941
16300     0.752941
16301     0.729412
16302     0.705882
16303     0.678431
16304     0.654902
16305     0.647059
16306     0.650980
16307     0.650980
16308     0.654902
16309     0.662745
16310     0.662745
16311     0.670588
16312     0.678431
16313     0.678431
16314     0.670588
16315     0.650980
16316     0.631373
16317     0.674510
16318     0.701961
16319     0.733333
16320     0.741176
16321     0.725490
16322     0.713726
16323     0.717647
16324     0.729412
16325     0.709804
16326     0.713726
16327     0.717647
16328     0.713726
16329     0.705882
16330     0.705882
16331     0.713726
16332     0.721569
16333     0.752941
16334     0.760784
16335     0.764706
16336     0.756863
16337     0.741176
16338     0.737255
16339     0.749020
16340     0.756863
16341     0.756863
16342     0.760784
16343     0.764706
16344     0.552941
16345     0.541176
16346     0.549020
16347     0.568627
16348     0.568627
16349     0.549020
16350     0.529412
16351     0.525490
16352     0.525490
16353     0.568627
16354     0.576471
16355     0.541176
16356     0.529412
16357     0.556863
16358     0.564706
16359     0.541176
16360     0.501961
16361     0.494118
16362     0.494118
16363     0.509804
16364     0.537255
16365     0.560784
16366     0.572549
16367     0.576471
16368     0.560784
16369     0.556863
16370     0.564706
16371     0.580392
16372     0.596078
16373     0.596078
16374     0.580392
16375     0.560784
16376     0.545098
16377     0.537255
16378     0.529412
16379     0.529412
16380     0.545098
16381     0.580392
16382     0.619608
16383     0.643137
16384     0.643137
16385     0.631373
16386     0.611765
16387     0.596078
16388     0.592157
16389     0.600000
16390     0.615686
16391     0.623529
16392     0.615686
16393     0.607843
16394     0.600000
16395     0.600000
16396     0.603922
16397     0.603922
16398     0.600000
16399     0.596078
16400     0.611765
16401     0.607843
16402     0.607843
16403     0.615686
16404     0.623529
16405     0.631373
16406     0.627451
16407     0.623529
16408     0.619608
16409     0.615686
16410     0.607843
16411     0.603922
16412     0.607843
16413     0.615686
16414     0.623529
16415     0.631373
16416     0.623529
16417     0.623529
16418     0.623529
16419     0.623529
16420     0.623529
16421     0.623529
16422     0.623529
16423     0.623529
16424     0.615686
16425     0.615686
16426     0.611765
16427     0.615686
16428     0.631373
16429     0.650980
16430     0.670588
16431     0.682353
16432     0.717647
16433     0.709804
16434     0.705882
16435     0.713726
16436     0.713726
16437     0.694118
16438     0.658824
16439     0.627451
16440     0.596078
16441     0.607843
16442     0.611765
16443     0.596078
16444     0.580392
16445     0.584314
16446     0.611765
16447     0.635294
16448     0.670588
16449     0.690196
16450     0.701961
16451     0.690196
16452     0.662745
16453     0.650980
16454     0.662745
16455     0.682353
16456     0.709804
16457     0.717647
16458     0.725490
16459     0.729412
16460     0.725490
16461     0.737255
16462     0.756863
16463     0.772549
16464     0.768627
16465     0.772549
16466     0.772549
16467     0.760784
16468     0.749020
16469     0.745098
16470     0.752941
16471     0.764706
16472     0.776471
16473     0.764706
16474     0.749020
16475     0.733333
16476     0.721569
16477     0.713726
16478     0.713726
16479     0.713726
16480     0.729412
16481     0.721569
16482     0.721569
16483     0.729412
16484     0.741176
16485     0.745098
16486     0.737255
16487     0.729412
16488     0.749020
16489     0.745098
16490     0.741176
16491     0.741176
16492     0.745098
16493     0.752941
16494     0.760784
16495     0.764706
16496     0.756863
16497     0.756863
16498     0.756863
16499     0.752941
16500     0.741176
16501     0.741176
16502     0.745098
16503     0.752941
16504     0.745098
16505     0.764706
16506     0.768627
16507     0.749020
16508     0.745098
16509     0.764706
16510     0.784314
16511     0.788235
16512     0.776471
16513     0.764706
16514     0.756863
16515     0.756863
16516     0.764706
16517     0.764706
16518     0.752941
16519     0.741176
16520     0.725490
16521     0.745098
16522     0.756863
16523     0.745098
16524     0.737255
16525     0.749020
16526     0.756863
16527     0.749020
16528     0.709804
16529     0.705882
16530     0.690196
16531     0.658824
16532     0.627451
16533     0.623529
16534     0.647059
16535     0.670588
16536     0.670588
16537     0.670588
16538     0.670588
16539     0.662745
16540     0.654902
16541     0.647059
16542     0.639216
16543     0.631373
16544     0.666667
16545     0.694118
16546     0.729412
16547     0.745098
16548     0.737255
16549     0.721569
16550     0.709804
16551     0.709804
16552     0.705882
16553     0.709804
16554     0.717647
16555     0.713726
16556     0.709804
16557     0.709804
16558     0.713726
16559     0.721569
16560     0.733333
16561     0.733333
16562     0.737255
16563     0.745098
16564     0.756863
16565     0.768627
16566     0.780392
16567     0.784314
16568     0.764706
16569     0.768627
16570     0.772549
16571     0.568627
16572     0.568627
16573     0.588235
16574     0.619608
16575     0.623529
16576     0.592157
16577     0.556863
16578     0.541176
16579     0.556863
16580     0.588235
16581     0.592157
16582     0.556863
16583     0.537255
16584     0.545098
16585     0.537255
16586     0.509804
16587     0.498039
16588     0.486275
16589     0.482353
16590     0.498039
16591     0.525490
16592     0.541176
16593     0.537255
16594     0.521569
16595     0.541176
16596     0.552941
16597     0.572549
16598     0.592157
16599     0.603922
16600     0.603922
16601     0.588235
16602     0.576471
16603     0.545098
16604     0.537255
16605     0.533333
16606     0.537255
16607     0.556863
16608     0.584314
16609     0.607843
16610     0.619608
16611     0.603922
16612     0.596078
16613     0.588235
16614     0.580392
16615     0.580392
16616     0.592157
16617     0.603922
16618     0.615686
16619     0.611765
16620     0.611765
16621     0.611765
16622     0.607843
16623     0.611765
16624     0.615686
16625     0.619608
16626     0.627451
16627     0.631373
16628     0.631373
16629     0.635294
16630     0.643137
16631     0.647059
16632     0.643137
16633     0.631373
16634     0.619608
16635     0.619608
16636     0.615686
16637     0.611765
16638     0.607843
16639     0.611765
16640     0.623529
16641     0.631373
16642     0.639216
16643     0.615686
16644     0.615686
16645     0.615686
16646     0.615686
16647     0.619608
16648     0.623529
16649     0.623529
16650     0.623529
16651     0.619608
16652     0.615686
16653     0.607843
16654     0.611765
16655     0.627451
16656     0.654902
16657     0.686275
16658     0.705882
16659     0.725490
16660     0.733333
16661     0.737255
16662     0.725490
16663     0.701961
16664     0.670588
16665     0.650980
16666     0.643137
16667     0.596078
16668     0.592157
16669     0.588235
16670     0.580392
16671     0.584314
16672     0.603922
16673     0.631373
16674     0.654902
16675     0.678431
16676     0.690196
16677     0.698039
16678     0.678431
16679     0.647059
16680     0.635294
16681     0.647059
16682     0.666667
16683     0.701961
16684     0.713726
16685     0.725490
16686     0.729412
16687     0.729412
16688     0.737255
16689     0.752941
16690     0.764706
16691     0.760784
16692     0.764706
16693     0.768627
16694     0.760784
16695     0.749020
16696     0.749020
16697     0.760784
16698     0.772549
16699     0.772549
16700     0.764706
16701     0.749020
16702     0.733333
16703     0.725490
16704     0.717647
16705     0.717647
16706     0.717647
16707     0.725490
16708     0.721569
16709     0.721569
16710     0.733333
16711     0.745098
16712     0.749020
16713     0.745098
16714     0.733333
16715     0.745098
16716     0.741176
16717     0.741176
16718     0.741176
16719     0.745098
16720     0.749020
16721     0.756863
16722     0.760784
16723     0.756863
16724     0.756863
16725     0.756863
16726     0.745098
16727     0.733333
16728     0.729412
16729     0.733333
16730     0.737255
16731     0.741176
16732     0.760784
16733     0.768627
16734     0.756863
16735     0.756863
16736     0.776471
16737     0.792157
16738     0.792157
16739     0.780392
16740     0.764706
16741     0.745098
16742     0.741176
16743     0.749020
16744     0.756863
16745     0.752941
16746     0.745098
16747     0.733333
16748     0.749020
16749     0.752941
16750     0.741176
16751     0.741176
16752     0.756863
16753     0.760784
16754     0.752941
16755     0.737255
16756     0.725490
16757     0.698039
16758     0.654902
16759     0.619608
16760     0.611765
16761     0.631373
16762     0.654902
16763     0.658824
16764     0.658824
16765     0.654902
16766     0.654902
16767     0.654902
16768     0.658824
16769     0.662745
16770     0.662745
16771     0.686275
16772     0.705882
16773     0.725490
16774     0.741176
16775     0.737255
16776     0.725490
16777     0.713726
16778     0.705882
16779     0.701961
16780     0.709804
16781     0.717647
16782     0.721569
16783     0.717647
16784     0.713726
16785     0.717647
16786     0.725490
16787     0.745098
16788     0.749020
16789     0.752941
16790     0.764706
16791     0.772549
16792     0.780392
16793     0.784314
16794     0.784314
16795     0.764706
16796     0.764706
16797     0.764706
16798     0.588235
16799     0.596078
16800     0.623529
16801     0.666667
16802     0.670588
16803     0.635294
16804     0.596078
16805     0.576471
16806     0.596078
16807     0.619608
16808     0.615686
16809     0.572549
16810     0.545098
16811     0.537255
16812     0.521569
16813     0.490196
16814     0.490196
16815     0.478431
16816     0.470588
16817     0.486275
16818     0.505882
16819     0.517647
16820     0.501961
16821     0.486275
16822     0.533333
16823     0.552941
16824     0.580392
16825     0.596078
16826     0.600000
16827     0.596078
16828     0.588235
16829     0.588235
16830     0.556863
16831     0.549020
16832     0.545098
16833     0.556863
16834     0.580392
16835     0.592157
16836     0.596078
16837     0.588235
16838     0.564706
16839     0.564706
16840     0.564706
16841     0.568627
16842     0.576471
16843     0.588235
16844     0.600000
16845     0.607843
16846     0.607843
16847     0.615686
16848     0.623529
16849     0.623529
16850     0.619608
16851     0.623529
16852     0.643137
16853     0.662745
16854     0.650980
16855     0.654902
16856     0.658824
16857     0.666667
16858     0.662745
16859     0.650980
16860     0.627451
16861     0.611765
16862     0.607843
16863     0.607843
16864     0.607843
16865     0.611765
16866     0.619608
16867     0.631373
16868     0.643137
16869     0.650980
16870     0.619608
16871     0.619608
16872     0.619608
16873     0.619608
16874     0.619608
16875     0.623529
16876     0.627451
16877     0.631373
16878     0.623529
16879     0.619608
16880     0.615686
16881     0.619608
16882     0.643137
16883     0.674510
16884     0.709804
16885     0.733333
16886     0.745098
16887     0.764706
16888     0.776471
16889     0.749020
16890     0.694118
16891     0.650980
16892     0.643137
16893     0.647059
16894     0.592157
16895     0.584314
16896     0.576471
16897     0.576471
16898     0.588235
16899     0.615686
16900     0.647059
16901     0.666667
16902     0.678431
16903     0.682353
16904     0.682353
16905     0.658824
16906     0.631373
16907     0.615686
16908     0.631373
16909     0.647059
16910     0.694118
16911     0.705882
16912     0.721569
16913     0.733333
16914     0.737255
16915     0.741176
16916     0.745098
16917     0.752941
16918     0.749020
16919     0.752941
16920     0.760784
16921     0.756863
16922     0.756863
16923     0.760784
16924     0.768627
16925     0.780392
16926     0.768627
16927     0.760784
16928     0.752941
16929     0.741176
16930     0.733333
16931     0.729412
16932     0.725490
16933     0.725490
16934     0.721569
16935     0.721569
16936     0.729412
16937     0.737255
16938     0.749020
16939     0.752941
16940     0.749020
16941     0.741176
16942     0.737255
16943     0.737255
16944     0.737255
16945     0.737255
16946     0.741176
16947     0.745098
16948     0.752941
16949     0.756863
16950     0.752941
16951     0.752941
16952     0.749020
16953     0.737255
16954     0.725490
16955     0.717647
16956     0.717647
16957     0.721569
16958     0.737255
16959     0.756863
16960     0.772549
16961     0.764706
16962     0.768627
16963     0.784314
16964     0.796078
16965     0.788235
16966     0.768627
16967     0.745098
16968     0.721569
16969     0.713726
16970     0.725490
16971     0.737255
16972     0.737255
16973     0.737255
16974     0.725490
16975     0.737255
16976     0.741176
16977     0.737255
16978     0.749020
16979     0.764706
16980     0.760784
16981     0.745098
16982     0.749020
16983     0.729412
16984     0.694118
16985     0.650980
16986     0.611765
16987     0.607843
16988     0.627451
16989     0.647059
16990     0.662745
16991     0.654902
16992     0.650980
16993     0.647059
16994     0.650980
16995     0.666667
16996     0.678431
16997     0.686275
16998     0.701961
16999     0.705882
17000     0.713726
17001     0.729412
17002     0.737255
17003     0.733333
17004     0.721569
17005     0.709804
17006     0.701961
17007     0.709804
17008     0.721569
17009     0.729412
17010     0.725490
17011     0.725490
17012     0.725490
17013     0.729412
17014     0.756863
17015     0.764706
17016     0.772549
17017     0.784314
17018     0.788235
17019     0.788235
17020     0.780392
17021     0.780392
17022     0.760784
17023     0.760784
17024     0.756863
17025     0.600000
17026     0.600000
17027     0.623529
17028     0.662745
17029     0.678431
17030     0.662745
17031     0.639216
17032     0.631373
17033     0.650980
17034     0.654902
17035     0.631373
17036     0.580392
17037     0.549020
17038     0.537255
17039     0.521569
17040     0.501961
17041     0.478431
17042     0.482353
17043     0.482353
17044     0.486275
17045     0.494118
17046     0.505882
17047     0.517647
17048     0.525490
17049     0.560784
17050     0.580392
17051     0.596078
17052     0.600000
17053     0.588235
17054     0.580392
17055     0.580392
17056     0.588235
17057     0.576471
17058     0.572549
17059     0.576471
17060     0.592157
17061     0.607843
17062     0.611765
17063     0.592157
17064     0.572549
17065     0.552941
17066     0.556863
17067     0.560784
17068     0.572549
17069     0.584314
17070     0.596078
17071     0.603922
17072     0.607843
17073     0.596078
17074     0.611765
17075     0.627451
17076     0.627451
17077     0.619608
17078     0.627451
17079     0.654902
17080     0.678431
17081     0.662745
17082     0.658824
17083     0.654902
17084     0.654902
17085     0.650980
17086     0.635294
17087     0.615686
17088     0.600000
17089     0.592157
17090     0.596078
17091     0.600000
17092     0.611765
17093     0.627451
17094     0.639216
17095     0.654902
17096     0.662745
17097     0.635294
17098     0.631373
17099     0.627451
17100     0.627451
17101     0.627451
17102     0.631373
17103     0.635294
17104     0.639216
17105     0.631373
17106     0.631373
17107     0.639216
17108     0.654902
17109     0.678431
17110     0.709804
17111     0.737255
17112     0.752941
17113     0.760784
17114     0.780392
17115     0.788235
17116     0.760784
17117     0.705882
17118     0.654902
17119     0.627451
17120     0.627451
17121     0.588235
17122     0.596078
17123     0.600000
17124     0.600000
17125     0.596078
17126     0.607843
17127     0.635294
17128     0.654902
17129     0.654902
17130     0.658824
17131     0.654902
17132     0.635294
17133     0.615686
17134     0.611765
17135     0.631373
17136     0.647059
17137     0.690196
17138     0.701961
17139     0.721569
17140     0.737255
17141     0.745098
17142     0.745098
17143     0.745098
17144     0.741176
17145     0.741176
17146     0.745098
17147     0.752941
17148     0.756863
17149     0.760784
17150     0.768627
17151     0.776471
17152     0.784314
17153     0.768627
17154     0.764706
17155     0.760784
17156     0.756863
17157     0.749020
17158     0.741176
17159     0.733333
17160     0.733333
17161     0.729412
17162     0.733333
17163     0.737255
17164     0.745098
17165     0.749020
17166     0.749020
17167     0.745098
17168     0.741176
17169     0.733333
17170     0.733333
17171     0.737255
17172     0.737255
17173     0.741176
17174     0.745098
17175     0.749020
17176     0.749020
17177     0.737255
17178     0.741176
17179     0.737255
17180     0.729412
17181     0.717647
17182     0.709804
17183     0.713726
17184     0.721569
17185     0.745098
17186     0.764706
17187     0.776471
17188     0.772549
17189     0.776471
17190     0.788235
17191     0.784314
17192     0.772549
17193     0.729412
17194     0.709804
17195     0.690196
17196     0.686275
17197     0.698039
17198     0.705882
17199     0.705882
17200     0.701961
17201     0.690196
17202     0.709804
17203     0.725490
17204     0.737255
17205     0.752941
17206     0.764706
17207     0.749020
17208     0.721569
17209     0.717647
17210     0.705882
17211     0.678431
17212     0.647059
17213     0.619608
17214     0.611765
17215     0.623529
17216     0.635294
17217     0.658824
17218     0.650980
17219     0.639216
17220     0.631373
17221     0.635294
17222     0.650980
17223     0.670588
17224     0.682353
17225     0.690196
17226     0.686275
17227     0.690196
17228     0.705882
17229     0.729412
17230     0.737255
17231     0.729412
17232     0.717647
17233     0.701961
17234     0.713726
17235     0.729412
17236     0.733333
17237     0.733333
17238     0.729412
17239     0.729412
17240     0.733333
17241     0.760784
17242     0.768627
17243     0.780392
17244     0.792157
17245     0.792157
17246     0.784314
17247     0.772549
17248     0.760784
17249     0.752941
17250     0.752941
17251     0.745098
17252     0.611765
17253     0.600000
17254     0.607843
17255     0.639216
17256     0.662745
17257     0.670588
17258     0.682353
17259     0.698039
17260     0.713726
17261     0.686275
17262     0.635294
17263     0.576471
17264     0.537255
17265     0.525490
17266     0.517647
17267     0.509804
17268     0.474510
17269     0.490196
17270     0.505882
17271     0.501961
17272     0.498039
17273     0.517647
17274     0.564706
17275     0.603922
17276     0.619608
17277     0.623529
17278     0.623529
17279     0.607843
17280     0.584314
17281     0.576471
17282     0.580392
17283     0.588235
17284     0.600000
17285     0.600000
17286     0.607843
17287     0.623529
17288     0.631373
17289     0.619608
17290     0.596078
17291     0.572549
17292     0.552941
17293     0.556863
17294     0.564706
17295     0.576471
17296     0.584314
17297     0.592157
17298     0.600000
17299     0.603922
17300     0.592157
17301     0.611765
17302     0.631373
17303     0.635294
17304     0.627451
17305     0.627451
17306     0.650980
17307     0.670588
17308     0.658824
17309     0.647059
17310     0.631373
17311     0.619608
17312     0.615686
17313     0.611765
17314     0.600000
17315     0.596078
17316     0.584314
17317     0.588235
17318     0.600000
17319     0.611765
17320     0.627451
17321     0.643137
17322     0.658824
17323     0.662745
17324     0.639216
17325     0.635294
17326     0.627451
17327     0.623529
17328     0.623529
17329     0.627451
17330     0.631373
17331     0.635294
17332     0.647059
17333     0.658824
17334     0.678431
17335     0.701961
17336     0.725490
17337     0.745098
17338     0.756863
17339     0.760784
17340     0.768627
17341     0.776471
17342     0.776471
17343     0.760784
17344     0.721569
17345     0.670588
17346     0.619608
17347     0.588235
17348     0.588235
17349     0.615686
17350     0.635294
17351     0.627451
17352     0.600000
17353     0.588235
17354     0.600000
17355     0.619608
17356     0.615686
17357     0.619608
17358     0.623529
17359     0.619608
17360     0.615686
17361     0.623529
17362     0.647059
17363     0.666667
17364     0.694118
17365     0.701961
17366     0.721569
17367     0.737255
17368     0.749020
17369     0.752941
17370     0.745098
17371     0.737255
17372     0.741176
17373     0.741176
17374     0.749020
17375     0.756863
17376     0.768627
17377     0.776471
17378     0.780392
17379     0.780392
17380     0.768627
17381     0.772549
17382     0.768627
17383     0.768627
17384     0.760784
17385     0.749020
17386     0.741176
17387     0.733333
17388     0.737255
17389     0.741176
17390     0.741176
17391     0.741176
17392     0.737255
17393     0.733333
17394     0.733333
17395     0.733333
17396     0.729412
17397     0.733333
17398     0.737255
17399     0.741176
17400     0.745098
17401     0.745098
17402     0.745098
17403     0.749020
17404     0.725490
17405     0.725490
17406     0.729412
17407     0.721569
17408     0.717647
17409     0.713726
17410     0.721569
17411     0.729412
17412     0.756863
17413     0.772549
17414     0.776471
17415     0.772549
17416     0.772549
17417     0.776471
17418     0.764706
17419     0.745098
17420     0.686275
17421     0.674510
17422     0.662745
17423     0.666667
17424     0.678431
17425     0.682353
17426     0.674510
17427     0.662745
17428     0.654902
17429     0.686275
17430     0.717647
17431     0.733333
17432     0.745098
17433     0.745098
17434     0.721569
17435     0.690196
17436     0.678431
17437     0.674510
17438     0.662745
17439     0.643137
17440     0.619608
17441     0.603922
17442     0.600000
17443     0.600000
17444     0.615686
17445     0.611765
17446     0.603922
17447     0.600000
17448     0.607843
17449     0.623529
17450     0.643137
17451     0.654902
17452     0.654902
17453     0.654902
17454     0.662745
17455     0.686275
17456     0.713726
17457     0.733333
17458     0.733333
17459     0.725490
17460     0.705882
17461     0.717647
17462     0.729412
17463     0.733333
17464     0.729412
17465     0.729412
17466     0.729412
17467     0.733333
17468     0.752941
17469     0.760784
17470     0.776471
17471     0.784314
17472     0.780392
17473     0.768627
17474     0.752941
17475     0.741176
17476     0.745098
17477     0.745098
17478     0.741176
17479     0.615686
17480     0.600000
17481     0.596078
17482     0.623529
17483     0.654902
17484     0.678431
17485     0.705882
17486     0.733333
17487     0.733333
17488     0.690196
17489     0.619608
17490     0.556863
17491     0.517647
17492     0.501961
17493     0.498039
17494     0.498039
17495     0.482353
17496     0.501961
17497     0.513726
17498     0.509804
17499     0.509804
17500     0.541176
17501     0.600000
17502     0.654902
17503     0.654902
17504     0.650980
17505     0.639216
17506     0.619608
17507     0.600000
17508     0.588235
17509     0.588235
17510     0.592157
17511     0.607843
17512     0.615686
17513     0.631373
17514     0.635294
17515     0.627451
17516     0.611765
17517     0.592157
17518     0.580392
17519     0.556863
17520     0.560784
17521     0.564706
17522     0.576471
17523     0.584314
17524     0.592157
17525     0.600000
17526     0.603922
17527     0.611765
17528     0.627451
17529     0.647059
17530     0.650980
17531     0.643137
17532     0.639216
17533     0.647059
17534     0.654902
17535     0.639216
17536     0.627451
17537     0.607843
17538     0.600000
17539     0.600000
17540     0.603922
17541     0.603922
17542     0.600000
17543     0.603922
17544     0.607843
17545     0.615686
17546     0.623529
17547     0.631373
17548     0.643137
17549     0.647059
17550     0.650980
17551     0.627451
17552     0.623529
17553     0.619608
17554     0.615686
17555     0.619608
17556     0.627451
17557     0.639216
17558     0.647059
17559     0.674510
17560     0.690196
17561     0.717647
17562     0.741176
17563     0.760784
17564     0.764706
17565     0.760784
17566     0.756863
17567     0.768627
17568     0.756863
17569     0.745098
17570     0.741176
17571     0.721569
17572     0.678431
17573     0.615686
17574     0.568627
17575     0.588235
17576     0.611765
17577     0.635294
17578     0.631373
17579     0.600000
17580     0.572549
17581     0.568627
17582     0.572549
17583     0.576471
17584     0.584314
17585     0.596078
17586     0.607843
17587     0.623529
17588     0.647059
17589     0.674510
17590     0.694118
17591     0.701961
17592     0.705882
17593     0.721569
17594     0.737255
17595     0.752941
17596     0.756863
17597     0.749020
17598     0.741176
17599     0.745098
17600     0.745098
17601     0.749020
17602     0.756863
17603     0.768627
17604     0.776471
17605     0.772549
17606     0.768627
17607     0.768627
17608     0.768627
17609     0.772549
17610     0.768627
17611     0.760784
17612     0.749020
17613     0.733333
17614     0.725490
17615     0.725490
17616     0.725490
17617     0.725490
17618     0.717647
17619     0.709804
17620     0.709804
17621     0.717647
17622     0.729412
17623     0.733333
17624     0.733333
17625     0.741176
17626     0.745098
17627     0.749020
17628     0.749020
17629     0.749020
17630     0.749020
17631     0.721569
17632     0.725490
17633     0.725490
17634     0.725490
17635     0.717647
17636     0.721569
17637     0.729412
17638     0.737255
17639     0.760784
17640     0.768627
17641     0.768627
17642     0.760784
17643     0.760784
17644     0.764706
17645     0.749020
17646     0.725490
17647     0.662745
17648     0.654902
17649     0.647059
17650     0.654902
17651     0.666667
17652     0.670588
17653     0.658824
17654     0.643137
17655     0.650980
17656     0.690196
17657     0.721569
17658     0.725490
17659     0.717647
17660     0.705882
17661     0.686275
17662     0.658824
17663     0.647059
17664     0.647059
17665     0.639216
17666     0.627451
17667     0.607843
17668     0.584314
17669     0.564706
17670     0.552941
17671     0.552941
17672     0.556863
17673     0.564706
17674     0.572549
17675     0.588235
17676     0.607843
17677     0.623529
17678     0.631373
17679     0.619608
17680     0.627451
17681     0.647059
17682     0.674510
17683     0.701961
17684     0.721569
17685     0.729412
17686     0.729412
17687     0.717647
17688     0.725490
17689     0.729412
17690     0.725490
17691     0.721569
17692     0.721569
17693     0.729412
17694     0.733333
17695     0.741176
17696     0.749020
17697     0.760784
17698     0.764706
17699     0.760784
17700     0.749020
17701     0.733333
17702     0.725490
17703     0.733333
17704     0.737255
17705     0.741176
17706     0.600000
17707     0.588235
17708     0.596078
17709     0.627451
17710     0.658824
17711     0.674510
17712     0.694118
17713     0.713726
17714     0.686275
17715     0.639216
17716     0.576471
17717     0.525490
17718     0.498039
17719     0.490196
17720     0.490196
17721     0.494118
17722     0.501961
17723     0.501961
17724     0.505882
17725     0.509804
17726     0.525490
17727     0.560784
17728     0.603922
17729     0.635294
17730     0.631373
17731     0.627451
17732     0.623529
17733     0.619608
17734     0.611765
17735     0.603922
17736     0.588235
17737     0.576471
17738     0.596078
17739     0.615686
17740     0.631373
17741     0.627451
17742     0.607843
17743     0.588235
17744     0.580392
17745     0.584314
17746     0.568627
17747     0.572549
17748     0.576471
17749     0.584314
17750     0.596078
17751     0.611765
17752     0.623529
17753     0.631373
17754     0.647059
17755     0.654902
17756     0.670588
17757     0.678431
17758     0.674510
17759     0.662745
17760     0.647059
17761     0.639216
17762     0.623529
17763     0.615686
17764     0.607843
17765     0.607843
17766     0.615686
17767     0.619608
17768     0.619608
17769     0.615686
17770     0.643137
17771     0.643137
17772     0.643137
17773     0.643137
17774     0.639216
17775     0.635294
17776     0.631373
17777     0.631373
17778     0.619608
17779     0.615686
17780     0.615686
17781     0.619608
17782     0.631373
17783     0.650980
17784     0.666667
17785     0.678431
17786     0.709804
17787     0.721569
17788     0.741176
17789     0.756863
17790     0.764706
17791     0.764706
17792     0.760784
17793     0.756863
17794     0.756863
17795     0.741176
17796     0.721569
17797     0.709804
17798     0.698039
17799     0.666667
17800     0.615686
17801     0.576471
17802     0.588235
17803     0.588235
17804     0.592157
17805     0.592157
17806     0.592157
17807     0.576471
17808     0.552941
17809     0.537255
17810     0.549020
17811     0.560784
17812     0.584314
17813     0.607843
17814     0.635294
17815     0.666667
17816     0.694118
17817     0.709804
17818     0.713726
17819     0.713726
17820     0.721569
17821     0.737255
17822     0.756863
17823     0.764706
17824     0.756863
17825     0.749020
17826     0.752941
17827     0.749020
17828     0.749020
17829     0.760784
17830     0.772549
17831     0.776471
17832     0.768627
17833     0.756863
17834     0.760784
17835     0.764706
17836     0.768627
17837     0.764706
17838     0.752941
17839     0.737255
17840     0.717647
17841     0.705882
17842     0.694118
17843     0.694118
17844     0.690196
17845     0.682353
17846     0.674510
17847     0.686275
17848     0.705882
17849     0.725490
17850     0.733333
17851     0.737255
17852     0.745098
17853     0.749020
17854     0.752941
17855     0.752941
17856     0.752941
17857     0.749020
17858     0.729412
17859     0.733333
17860     0.733333
17861     0.729412
17862     0.721569
17863     0.721569
17864     0.729412
17865     0.737255
17866     0.752941
17867     0.760784
17868     0.752941
17869     0.745098
17870     0.749020
17871     0.756863
17872     0.741176
17873     0.717647
17874     0.674510
17875     0.658824
17876     0.647059
17877     0.650980
17878     0.662745
17879     0.670588
17880     0.666667
17881     0.654902
17882     0.686275
17883     0.717647
17884     0.733333
17885     0.709804
17886     0.674510
17887     0.658824
17888     0.647059
17889     0.643137
17890     0.615686
17891     0.611765
17892     0.603922
17893     0.596078
17894     0.584314
17895     0.568627
17896     0.552941
17897     0.545098
17898     0.537255
17899     0.545098
17900     0.564706
17901     0.584314
17902     0.600000
17903     0.607843
17904     0.615686
17905     0.615686
17906     0.603922
17907     0.623529
17908     0.650980
17909     0.674510
17910     0.694118
17911     0.705882
17912     0.717647
17913     0.725490
17914     0.729412
17915     0.729412
17916     0.725490
17917     0.717647
17918     0.709804
17919     0.713726
17920     0.721569
17921     0.733333
17922     0.733333
17923     0.737255
17924     0.745098
17925     0.749020
17926     0.749020
17927     0.737255
17928     0.725490
17929     0.717647
17930     0.725490
17931     0.733333
17932     0.745098
17933     0.572549
17934     0.572549
17935     0.592157
17936     0.631373
17937     0.658824
17938     0.662745
17939     0.666667
17940     0.674510
17941     0.623529
17942     0.580392
17943     0.529412
17944     0.501961
17945     0.490196
17946     0.490196
17947     0.494118
17948     0.501961
17949     0.517647
17950     0.501961
17951     0.490196
17952     0.505882
17953     0.541176
17954     0.572549
17955     0.592157
17956     0.596078
17957     0.588235
17958     0.588235
17959     0.592157
17960     0.603922
17961     0.615686
17962     0.607843
17963     0.580392
17964     0.556863
17965     0.584314
17966     0.607843
17967     0.627451
17968     0.615686
17969     0.584314
17970     0.564706
17971     0.568627
17972     0.580392
17973     0.584314
17974     0.584314
17975     0.588235
17976     0.600000
17977     0.615686
17978     0.635294
17979     0.650980
17980     0.658824
17981     0.674510
17982     0.678431
17983     0.690196
17984     0.698039
17985     0.698039
17986     0.682353
17987     0.654902
17988     0.635294
17989     0.615686
17990     0.615686
17991     0.619608
17992     0.627451
17993     0.639216
17994     0.639216
17995     0.635294
17996     0.627451
17997     0.674510
17998     0.674510
17999     0.666667
18000     0.658824
18001     0.643137
18002     0.631373
18003     0.619608
18004     0.615686
18005     0.619608
18006     0.619608
18007     0.623529
18008     0.635294
18009     0.654902
18010     0.678431
18011     0.701961
18012     0.717647
18013     0.733333
18014     0.737255
18015     0.749020
18016     0.756863
18017     0.760784
18018     0.760784
18019     0.756863
18020     0.752941
18021     0.745098
18022     0.729412
18023     0.709804
18024     0.690196
18025     0.670588
18026     0.647059
18027     0.619608
18028     0.596078
18029     0.588235
18030     0.564706
18031     0.545098
18032     0.556863
18033     0.584314
18034     0.584314
18035     0.556863
18036     0.521569
18037     0.537255
18038     0.552941
18039     0.580392
18040     0.611765
18041     0.643137
18042     0.674510
18043     0.701961
18044     0.717647
18045     0.717647
18046     0.717647
18047     0.721569
18048     0.737255
18049     0.756863
18050     0.768627
18051     0.760784
18052     0.752941
18053     0.760784
18054     0.756863
18055     0.752941
18056     0.760784
18057     0.772549
18058     0.772549
18059     0.760784
18060     0.749020
18061     0.752941
18062     0.756863
18063     0.760784
18064     0.756863
18065     0.745098
18066     0.725490
18067     0.701961
18068     0.690196
18069     0.666667
18070     0.666667
18071     0.662745
18072     0.654902
18073     0.650980
18074     0.670588
18075     0.701961
18076     0.725490
18077     0.733333
18078     0.741176
18079     0.749020
18080     0.752941
18081     0.756863
18082     0.756863
18083     0.752941
18084     0.752941
18085     0.741176
18086     0.745098
18087     0.745098
18088     0.737255
18089     0.725490
18090     0.721569
18091     0.725490
18092     0.733333
18093     0.745098
18094     0.749020
18095     0.741176
18096     0.733333
18097     0.741176
18098     0.752941
18099     0.741176
18100     0.717647
18101     0.694118
18102     0.674510
18103     0.650980
18104     0.650980
18105     0.662745
18106     0.674510
18107     0.678431
18108     0.678431
18109     0.721569
18110     0.749020
18111     0.749020
18112     0.698039
18113     0.643137
18114     0.623529
18115     0.627451
18116     0.635294
18117     0.584314
18118     0.576471
18119     0.568627
18120     0.564706
18121     0.568627
18122     0.564706
18123     0.560784
18124     0.556863
18125     0.556863
18126     0.568627
18127     0.592157
18128     0.611765
18129     0.619608
18130     0.619608
18131     0.611765
18132     0.607843
18133     0.596078
18134     0.623529
18135     0.658824
18136     0.682353
18137     0.690196
18138     0.698039
18139     0.709804
18140     0.721569
18141     0.737255
18142     0.733333
18143     0.725490
18144     0.713726
18145     0.701961
18146     0.705882
18147     0.717647
18148     0.729412
18149     0.729412
18150     0.733333
18151     0.737255
18152     0.741176
18153     0.737255
18154     0.729412
18155     0.721569
18156     0.713726
18157     0.717647
18158     0.729412
18159     0.749020
18160     0.596078
18161     0.607843
18162     0.619608
18163     0.639216
18164     0.654902
18165     0.666667
18166     0.678431
18167     0.682353
18168     0.631373
18169     0.607843
18170     0.568627
18171     0.525490
18172     0.494118
18173     0.486275
18174     0.494118
18175     0.505882
18176     0.501961
18177     0.494118
18178     0.490196
18179     0.494118
18180     0.509804
18181     0.525490
18182     0.537255
18183     0.545098
18184     0.556863
18185     0.552941
18186     0.552941
18187     0.552941
18188     0.560784
18189     0.568627
18190     0.580392
18191     0.588235
18192     0.584314
18193     0.568627
18194     0.556863
18195     0.556863
18196     0.564706
18197     0.564706
18198     0.552941
18199     0.541176
18200     0.588235
18201     0.596078
18202     0.615686
18203     0.643137
18204     0.670588
18205     0.674510
18206     0.654902
18207     0.639216
18208     0.647059
18209     0.666667
18210     0.686275
18211     0.690196
18212     0.674510
18213     0.643137
18214     0.619608
18215     0.603922
18216     0.619608
18217     0.627451
18218     0.639216
18219     0.650980
18220     0.650980
18221     0.647059
18222     0.639216
18223     0.631373
18224     0.654902
18225     0.662745
18226     0.647059
18227     0.611765
18228     0.596078
18229     0.611765
18230     0.611765
18231     0.596078
18232     0.596078
18233     0.619608
18234     0.658824
18235     0.698039
18236     0.725490
18237     0.737255
18238     0.741176
18239     0.741176
18240     0.749020
18241     0.745098
18242     0.741176
18243     0.737255
18244     0.737255
18245     0.741176
18246     0.745098
18247     0.749020
18248     0.698039
18249     0.686275
18250     0.670588
18251     0.654902
18252     0.635294
18253     0.611765
18254     0.584314
18255     0.568627
18256     0.545098
18257     0.552941
18258     0.564706
18259     0.576471
18260     0.576471
18261     0.568627
18262     0.552941
18263     0.545098
18264     0.533333
18265     0.556863
18266     0.588235
18267     0.615686
18268     0.639216
18269     0.662745
18270     0.694118
18271     0.717647
18272     0.709804
18273     0.717647
18274     0.733333
18275     0.749020
18276     0.756863
18277     0.760784
18278     0.760784
18279     0.760784
18280     0.768627
18281     0.756863
18282     0.749020
18283     0.756863
18284     0.764706
18285     0.752941
18286     0.717647
18287     0.690196
18288     0.694118
18289     0.725490
18290     0.741176
18291     0.729412
18292     0.709804
18293     0.701961
18294     0.694118
18295     0.682353
18296     0.658824
18297     0.647059
18298     0.631373
18299     0.623529
18300     0.631373
18301     0.658824
18302     0.690196
18303     0.713726
18304     0.721569
18305     0.729412
18306     0.741176
18307     0.752941
18308     0.756863
18309     0.756863
18310     0.749020
18311     0.741176
18312     0.741176
18313     0.733333
18314     0.729412
18315     0.725490
18316     0.721569
18317     0.725490
18318     0.729412
18319     0.729412
18320     0.733333
18321     0.737255
18322     0.741176
18323     0.741176
18324     0.741176
18325     0.733333
18326     0.725490
18327     0.721569
18328     0.717647
18329     0.698039
18330     0.674510
18331     0.658824
18332     0.670588
18333     0.694118
18334     0.721569
18335     0.737255
18336     0.749020
18337     0.741176
18338     0.725490
18339     0.690196
18340     0.654902
18341     0.619608
18342     0.603922
18343     0.596078
18344     0.588235
18345     0.584314
18346     0.580392
18347     0.576471
18348     0.576471
18349     0.580392
18350     0.588235
18351     0.592157
18352     0.611765
18353     0.619608
18354     0.619608
18355     0.611765
18356     0.611765
18357     0.619608
18358     0.607843
18359     0.584314
18360     0.600000
18361     0.607843
18362     0.631373
18363     0.670588
18364     0.705882
18365     0.721569
18366     0.717647
18367     0.705882
18368     0.725490
18369     0.721569
18370     0.717647
18371     0.705882
18372     0.698039
18373     0.701961
18374     0.717647
18375     0.729412
18376     0.725490
18377     0.717647
18378     0.717647
18379     0.729412
18380     0.745098
18381     0.749020
18382     0.737255
18383     0.725490
18384     0.741176
18385     0.741176
18386     0.741176
18387     0.596078
18388     0.615686
18389     0.643137
18390     0.678431
18391     0.698039
18392     0.709804
18393     0.713726
18394     0.709804
18395     0.650980
18396     0.627451
18397     0.588235
18398     0.545098
18399     0.513726
18400     0.501961
18401     0.505882
18402     0.517647
18403     0.509804
18404     0.509804
18405     0.505882
18406     0.509804
18407     0.521569
18408     0.533333
18409     0.537255
18410     0.541176
18411     0.541176
18412     0.545098
18413     0.549020
18414     0.556863
18415     0.564706
18416     0.572549
18417     0.580392
18418     0.584314
18419     0.580392
18420     0.568627
18421     0.552941
18422     0.545098
18423     0.549020
18424     0.556863
18425     0.560784
18426     0.564706
18427     0.615686
18428     0.619608
18429     0.631373
18430     0.647059
18431     0.658824
18432     0.654902
18433     0.639216
18434     0.627451
18435     0.639216
18436     0.647059
18437     0.654902
18438     0.650980
18439     0.635294
18440     0.615686
18441     0.603922
18442     0.600000
18443     0.603922
18444     0.615686
18445     0.635294
18446     0.650980
18447     0.658824
18448     0.658824
18449     0.650980
18450     0.647059
18451     0.615686
18452     0.619608
18453     0.600000
18454     0.576471
18455     0.576471
18456     0.600000
18457     0.607843
18458     0.596078
18459     0.631373
18460     0.654902
18461     0.686275
18462     0.717647
18463     0.737255
18464     0.741176
18465     0.737255
18466     0.733333
18467     0.737255
18468     0.725490
18469     0.705882
18470     0.690196
18471     0.682353
18472     0.686275
18473     0.690196
18474     0.698039
18475     0.682353
18476     0.666667
18477     0.650980
18478     0.631373
18479     0.615686
18480     0.596078
18481     0.572549
18482     0.556863
18483     0.545098
18484     0.552941
18485     0.564706
18486     0.576471
18487     0.576471
18488     0.572549
18489     0.560784
18490     0.552941
18491     0.549020
18492     0.572549
18493     0.607843
18494     0.635294
18495     0.658824
18496     0.678431
18497     0.701961
18498     0.717647
18499     0.721569
18500     0.725490
18501     0.729412
18502     0.733333
18503     0.741176
18504     0.749020
18505     0.756863
18506     0.760784
18507     0.764706
18508     0.756863
18509     0.749020
18510     0.745098
18511     0.741176
18512     0.721569
18513     0.690196
18514     0.666667
18515     0.643137
18516     0.670588
18517     0.686275
18518     0.686275
18519     0.678431
18520     0.678431
18521     0.670588
18522     0.650980
18523     0.631373
18524     0.619608
18525     0.611765
18526     0.607843
18527     0.623529
18528     0.647059
18529     0.678431
18530     0.694118
18531     0.698039
18532     0.705882
18533     0.721569
18534     0.737255
18535     0.749020
18536     0.749020
18537     0.741176
18538     0.733333
18539     0.729412
18540     0.725490
18541     0.721569
18542     0.721569
18543     0.721569
18544     0.725490
18545     0.729412
18546     0.733333
18547     0.733333
18548     0.733333
18549     0.733333
18550     0.733333
18551     0.733333
18552     0.729412
18553     0.725490
18554     0.721569
18555     0.713726
18556     0.698039
18557     0.678431
18558     0.666667
18559     0.674510
18560     0.698039
18561     0.721569
18562     0.733333
18563     0.737255
18564     0.729412
18565     0.709804
18566     0.678431
18567     0.643137
18568     0.615686
18569     0.603922
18570     0.603922
18571     0.600000
18572     0.596078
18573     0.592157
18574     0.588235
18575     0.584314
18576     0.588235
18577     0.592157
18578     0.596078
18579     0.600000
18580     0.607843
18581     0.607843
18582     0.603922
18583     0.611765
18584     0.619608
18585     0.611765
18586     0.592157
18587     0.611765
18588     0.615686
18589     0.635294
18590     0.666667
18591     0.701961
18592     0.717647
18593     0.717647
18594     0.713726
18595     0.721569
18596     0.721569
18597     0.717647
18598     0.705882
18599     0.698039
18600     0.698039
18601     0.705882
18602     0.717647
18603     0.717647
18604     0.713726
18605     0.717647
18606     0.733333
18607     0.745098
18608     0.749020
18609     0.741176
18610     0.729412
18611     0.737255
18612     0.745098
18613     0.752941
18614     0.607843
18615     0.635294
18616     0.678431
18617     0.717647
18618     0.745098
18619     0.752941
18620     0.749020
18621     0.741176
18622     0.678431
18623     0.650980
18624     0.607843
18625     0.564706
18626     0.533333
18627     0.521569
18628     0.521569
18629     0.525490
18630     0.517647
18631     0.521569
18632     0.525490
18633     0.533333
18634     0.537255
18635     0.541176
18636     0.541176
18637     0.541176
18638     0.533333
18639     0.541176
18640     0.552941
18641     0.560784
18642     0.572549
18643     0.576471
18644     0.576471
18645     0.576471
18646     0.572549
18647     0.564706
18648     0.552941
18649     0.537255
18650     0.537255
18651     0.549020
18652     0.572549
18653     0.592157
18654     0.647059
18655     0.654902
18656     0.658824
18657     0.650980
18658     0.639216
18659     0.623529
18660     0.615686
18661     0.611765
18662     0.619608
18663     0.619608
18664     0.615686
18665     0.603922
18666     0.592157
18667     0.584314
18668     0.592157
18669     0.596078
18670     0.600000
18671     0.615686
18672     0.635294
18673     0.654902
18674     0.662745
18675     0.658824
18676     0.647059
18677     0.639216
18678     0.607843
18679     0.600000
18680     0.576471
18681     0.564706
18682     0.580392
18683     0.611765
18684     0.623529
18685     0.615686
18686     0.670588
18687     0.686275
18688     0.709804
18689     0.729412
18690     0.733333
18691     0.725490
18692     0.713726
18693     0.701961
18694     0.698039
18695     0.686275
18696     0.662745
18697     0.647059
18698     0.639216
18699     0.639216
18700     0.647059
18701     0.654902
18702     0.654902
18703     0.639216
18704     0.615686
18705     0.596078
18706     0.584314
18707     0.572549
18708     0.556863
18709     0.549020
18710     0.545098
18711     0.552941
18712     0.564706
18713     0.576471
18714     0.580392
18715     0.576471
18716     0.572549
18717     0.568627
18718     0.572549
18719     0.592157
18720     0.623529
18721     0.650980
18722     0.670588
18723     0.690196
18724     0.705882
18725     0.717647
18726     0.729412
18727     0.721569
18728     0.717647
18729     0.713726
18730     0.717647
18731     0.725490
18732     0.733333
18733     0.741176
18734     0.733333
18735     0.729412
18736     0.725490
18737     0.709804
18738     0.694118
18739     0.666667
18740     0.643137
18741     0.631373
18742     0.592157
18743     0.615686
18744     0.635294
18745     0.643137
18746     0.658824
18747     0.670588
18748     0.658824
18749     0.635294
18750     0.603922
18751     0.600000
18752     0.592157
18753     0.596078
18754     0.607843
18755     0.631373
18756     0.654902
18757     0.670588
18758     0.662745
18759     0.666667
18760     0.686275
18761     0.709804
18762     0.729412
18763     0.737255
18764     0.733333
18765     0.725490
18766     0.721569
18767     0.721569
18768     0.717647
18769     0.721569
18770     0.721569
18771     0.729412
18772     0.733333
18773     0.737255
18774     0.733333
18775     0.729412
18776     0.725490
18777     0.725490
18778     0.721569
18779     0.725490
18780     0.725490
18781     0.725490
18782     0.709804
18783     0.701961
18784     0.690196
18785     0.686275
18786     0.690196
18787     0.701961
18788     0.721569
18789     0.733333
18790     0.721569
18791     0.713726
18792     0.690196
18793     0.654902
18794     0.623529
18795     0.603922
18796     0.600000
18797     0.603922
18798     0.603922
18799     0.600000
18800     0.600000
18801     0.596078
18802     0.596078
18803     0.600000
18804     0.600000
18805     0.603922
18806     0.592157
18807     0.600000
18808     0.600000
18809     0.596078
18810     0.607843
18811     0.623529
18812     0.619608
18813     0.600000
18814     0.623529
18815     0.627451
18816     0.647059
18817     0.670588
18818     0.694118
18819     0.709804
18820     0.709804
18821     0.705882
18822     0.709804
18823     0.713726
18824     0.709804
18825     0.701961
18826     0.694118
18827     0.690196
18828     0.694118
18829     0.701961
18830     0.705882
18831     0.709804
18832     0.717647
18833     0.729412
18834     0.741176
18835     0.741176
18836     0.733333
18837     0.725490
18838     0.729412
18839     0.741176
18840     0.760784
18841     0.639216
18842     0.662745
18843     0.698039
18844     0.733333
18845     0.752941
18846     0.756863
18847     0.749020
18848     0.741176
18849     0.682353
18850     0.654902
18851     0.611765
18852     0.568627
18853     0.545098
18854     0.529412
18855     0.525490
18856     0.525490
18857     0.509804
18858     0.521569
18859     0.537255
18860     0.545098
18861     0.549020
18862     0.549020
18863     0.549020
18864     0.549020
18865     0.545098
18866     0.552941
18867     0.568627
18868     0.576471
18869     0.580392
18870     0.576471
18871     0.568627
18872     0.564706
18873     0.552941
18874     0.552941
18875     0.552941
18876     0.545098
18877     0.541176
18878     0.552941
18879     0.584314
18880     0.611765
18881     0.666667
18882     0.670588
18883     0.670588
18884     0.650980
18885     0.623529
18886     0.603922
18887     0.603922
18888     0.607843
18889     0.600000
18890     0.600000
18891     0.592157
18892     0.584314
18893     0.572549
18894     0.572549
18895     0.584314
18896     0.592157
18897     0.611765
18898     0.623529
18899     0.643137
18900     0.654902
18901     0.654902
18902     0.643137
18903     0.627451
18904     0.615686
18905     0.631373
18906     0.615686
18907     0.596078
18908     0.600000
18909     0.623529
18910     0.650980
18911     0.666667
18912     0.662745
18913     0.694118
18914     0.701961
18915     0.713726
18916     0.717647
18917     0.709804
18918     0.690196
18919     0.670588
18920     0.654902
18921     0.647059
18922     0.643137
18923     0.635294
18924     0.635294
18925     0.635294
18926     0.639216
18927     0.643137
18928     0.647059
18929     0.623529
18930     0.607843
18931     0.584314
18932     0.568627
18933     0.560784
18934     0.556863
18935     0.552941
18936     0.549020
18937     0.556863
18938     0.560784
18939     0.568627
18940     0.576471
18941     0.580392
18942     0.580392
18943     0.580392
18944     0.580392
18945     0.592157
18946     0.600000
18947     0.615686
18948     0.631373
18949     0.654902
18950     0.674510
18951     0.694118
18952     0.705882
18953     0.713726
18954     0.705882
18955     0.698039
18956     0.690196
18957     0.686275
18958     0.682353
18959     0.682353
18960     0.682353
18961     0.658824
18962     0.662745
18963     0.662745
18964     0.650980
18965     0.631373
18966     0.611765
18967     0.603922
18968     0.600000
18969     0.580392
18970     0.600000
18971     0.623529
18972     0.643137
18973     0.674510
18974     0.694118
18975     0.678431
18976     0.650980
18977     0.603922
18978     0.600000
18979     0.596078
18980     0.600000
18981     0.603922
18982     0.619608
18983     0.631373
18984     0.643137
18985     0.627451
18986     0.635294
18987     0.650980
18988     0.678431
18989     0.709804
18990     0.729412
18991     0.725490
18992     0.721569
18993     0.725490
18994     0.725490
18995     0.725490
18996     0.725490
18997     0.729412
18998     0.729412
18999     0.733333
19000     0.733333
19001     0.733333
19002     0.729412
19003     0.725490
19004     0.717647
19005     0.717647
19006     0.721569
19007     0.729412
19008     0.733333
19009     0.717647
19010     0.717647
19011     0.713726
19012     0.705882
19013     0.705882
19014     0.709804
19015     0.717647
19016     0.725490
19017     0.713726
19018     0.698039
19019     0.670588
19020     0.635294
19021     0.603922
19022     0.588235
19023     0.592157
19024     0.596078
19025     0.592157
19026     0.592157
19027     0.596078
19028     0.600000
19029     0.603922
19030     0.607843
19031     0.611765
19032     0.615686
19033     0.596078
19034     0.603922
19035     0.603922
19036     0.600000
19037     0.607843
19038     0.623529
19039     0.619608
19040     0.603922
19041     0.623529
19042     0.635294
19043     0.654902
19044     0.678431
19045     0.690196
19046     0.694118
19047     0.686275
19048     0.678431
19049     0.682353
19050     0.686275
19051     0.694118
19052     0.694118
19053     0.686275
19054     0.682353
19055     0.686275
19056     0.690196
19057     0.694118
19058     0.698039
19059     0.705882
19060     0.713726
19061     0.717647
19062     0.713726
19063     0.705882
19064     0.698039
19065     0.713726
19066     0.737255
19067     0.764706
19068     0.670588
19069     0.682353
19070     0.698039
19071     0.713726
19072     0.721569
19073     0.717647
19074     0.713726
19075     0.709804
19076     0.670588
19077     0.643137
19078     0.600000
19079     0.564706
19080     0.545098
19081     0.533333
19082     0.525490
19083     0.517647
19084     0.505882
19085     0.521569
19086     0.545098
19087     0.552941
19088     0.552941
19089     0.552941
19090     0.556863
19091     0.560784
19092     0.572549
19093     0.580392
19094     0.588235
19095     0.592157
19096     0.592157
19097     0.576471
19098     0.564706
19099     0.552941
19100     0.533333
19101     0.541176
19102     0.552941
19103     0.552941
19104     0.556863
19105     0.572549
19106     0.600000
19107     0.623529
19108     0.670588
19109     0.674510
19110     0.666667
19111     0.643137
19112     0.615686
19113     0.600000
19114     0.600000
19115     0.607843
19116     0.584314
19117     0.588235
19118     0.588235
19119     0.584314
19120     0.580392
19121     0.580392
19122     0.584314
19123     0.592157
19124     0.603922
19125     0.615686
19126     0.631373
19127     0.643137
19128     0.639216
19129     0.631373
19130     0.615686
19131     0.603922
19132     0.623529
19133     0.611765
19134     0.611765
19135     0.635294
19136     0.666667
19137     0.690196
19138     0.705882
19139     0.709804
19140     0.705882
19141     0.705882
19142     0.705882
19143     0.698039
19144     0.682353
19145     0.662745
19146     0.639216
19147     0.627451
19148     0.611765
19149     0.619608
19150     0.631373
19151     0.643137
19152     0.647059
19153     0.643137
19154     0.635294
19155     0.631373
19156     0.603922
19157     0.584314
19158     0.564706
19159     0.556863
19160     0.556863
19161     0.564706
19162     0.568627
19163     0.568627
19164     0.572549
19165     0.576471
19166     0.576471
19167     0.580392
19168     0.580392
19169     0.584314
19170     0.584314
19171     0.584314
19172     0.596078
19173     0.592157
19174     0.588235
19175     0.596078
19176     0.615686
19177     0.639216
19178     0.662745
19179     0.678431
19180     0.674510
19181     0.674510
19182     0.670588
19183     0.662745
19184     0.650980
19185     0.635294
19186     0.623529
19187     0.615686
19188     0.576471
19189     0.584314
19190     0.588235
19191     0.584314
19192     0.580392
19193     0.576471
19194     0.580392
19195     0.584314
19196     0.600000
19197     0.619608
19198     0.647059
19199     0.670588
19200     0.701961
19201     0.721569
19202     0.705882
19203     0.674510
19204     0.631373
19205     0.623529
19206     0.615686
19207     0.611765
19208     0.607843
19209     0.607843
19210     0.615686
19211     0.619608
19212     0.611765
19213     0.607843
19214     0.619608
19215     0.647059
19216     0.686275
19217     0.713726
19218     0.717647
19219     0.713726
19220     0.729412
19221     0.733333
19222     0.733333
19223     0.733333
19224     0.733333
19225     0.733333
19226     0.729412
19227     0.729412
19228     0.737255
19229     0.733333
19230     0.725490
19231     0.725490
19232     0.725490
19233     0.729412
19234     0.733333
19235     0.737255
19236     0.737255
19237     0.741176
19238     0.737255
19239     0.725490
19240     0.713726
19241     0.705882
19242     0.709804
19243     0.717647
19244     0.705882
19245     0.686275
19246     0.658824
19247     0.619608
19248     0.588235
19249     0.572549
19250     0.576471
19251     0.584314
19252     0.572549
19253     0.576471
19254     0.584314
19255     0.596078
19256     0.603922
19257     0.611765
19258     0.619608
19259     0.623529
19260     0.615686
19261     0.619608
19262     0.615686
19263     0.603922
19264     0.611765
19265     0.627451
19266     0.623529
19267     0.607843
19268     0.615686
19269     0.635294
19270     0.662745
19271     0.682353
19272     0.682353
19273     0.666667
19274     0.647059
19275     0.635294
19276     0.639216
19277     0.654902
19278     0.670588
19279     0.678431
19280     0.678431
19281     0.678431
19282     0.678431
19283     0.682353
19284     0.678431
19285     0.682353
19286     0.686275
19287     0.682353
19288     0.678431
19289     0.670588
19290     0.666667
19291     0.666667
19292     0.698039
19293     0.729412
19294     0.764706
19295     0.682353
19296     0.682353
19297     0.682353
19298     0.682353
19299     0.682353
19300     0.678431
19301     0.674510
19302     0.670588
19303     0.654902
19304     0.623529
19305     0.584314
19306     0.556863
19307     0.545098
19308     0.541176
19309     0.533333
19310     0.521569
19311     0.513726
19312     0.533333
19313     0.556863
19314     0.560784
19315     0.556863
19316     0.552941
19317     0.556863
19318     0.568627
19319     0.592157
19320     0.596078
19321     0.600000
19322     0.600000
19323     0.592157
19324     0.576471
19325     0.560784
19326     0.549020
19327     0.529412
19328     0.537255
19329     0.545098
19330     0.556863
19331     0.572549
19332     0.592157
19333     0.619608
19334     0.639216
19335     0.666667
19336     0.662745
19337     0.650980
19338     0.631373
19339     0.611765
19340     0.600000
19341     0.600000
19342     0.603922
19343     0.572549
19344     0.580392
19345     0.584314
19346     0.588235
19347     0.584314
19348     0.584314
19349     0.592157
19350     0.600000
19351     0.584314
19352     0.592157
19353     0.603922
19354     0.615686
19355     0.623529
19356     0.619608
19357     0.611765
19358     0.607843
19359     0.580392
19360     0.588235
19361     0.615686
19362     0.658824
19363     0.686275
19364     0.698039
19365     0.713726
19366     0.729412
19367     0.713726
19368     0.705882
19369     0.698039
19370     0.682353
19371     0.666667
19372     0.647059
19373     0.635294
19374     0.627451
19375     0.607843
19376     0.619608
19377     0.639216
19378     0.650980
19379     0.650980
19380     0.635294
19381     0.611765
19382     0.600000
19383     0.588235
19384     0.576471
19385     0.564706
19386     0.564706
19387     0.572549
19388     0.588235
19389     0.596078
19390     0.600000
19391     0.596078
19392     0.596078
19393     0.588235
19394     0.584314
19395     0.580392
19396     0.580392
19397     0.580392
19398     0.580392
19399     0.588235
19400     0.572549
19401     0.560784
19402     0.564706
19403     0.584314
19404     0.607843
19405     0.627451
19406     0.639216
19407     0.627451
19408     0.631373
19409     0.631373
19410     0.623529
19411     0.611765
19412     0.596078
19413     0.580392
19414     0.568627
19415     0.541176
19416     0.541176
19417     0.541176
19418     0.549020
19419     0.556863
19420     0.568627
19421     0.576471
19422     0.580392
19423     0.627451
19424     0.654902
19425     0.682353
19426     0.701961
19427     0.721569
19428     0.733333
19429     0.717647
19430     0.694118
19431     0.658824
19432     0.647059
19433     0.631373
19434     0.615686
19435     0.603922
19436     0.600000
19437     0.600000
19438     0.600000
19439     0.600000
19440     0.588235
19441     0.588235
19442     0.611765
19443     0.654902
19444     0.690196
19445     0.701961
19446     0.698039
19447     0.721569
19448     0.725490
19449     0.729412
19450     0.733333
19451     0.733333
19452     0.733333
19453     0.729412
19454     0.729412
19455     0.741176
19456     0.737255
19457     0.737255
19458     0.737255
19459     0.737255
19460     0.741176
19461     0.745098
19462     0.745098
19463     0.756863
19464     0.760784
19465     0.756863
19466     0.733333
19467     0.705882
19468     0.686275
19469     0.686275
19470     0.694118
19471     0.686275
19472     0.670588
19473     0.643137
19474     0.611765
19475     0.580392
19476     0.568627
19477     0.576471
19478     0.584314
19479     0.560784
19480     0.568627
19481     0.580392
19482     0.592157
19483     0.603922
19484     0.615686
19485     0.619608
19486     0.623529
19487     0.623529
19488     0.627451
19489     0.619608
19490     0.607843
19491     0.611765
19492     0.627451
19493     0.627451
19494     0.611765
19495     0.615686
19496     0.635294
19497     0.658824
19498     0.666667
19499     0.654902
19500     0.627451
19501     0.603922
19502     0.592157
19503     0.603922
19504     0.623529
19505     0.647059
19506     0.666667
19507     0.670588
19508     0.666667
19509     0.666667
19510     0.666667
19511     0.654902
19512     0.658824
19513     0.654902
19514     0.647059
19515     0.639216
19516     0.635294
19517     0.639216
19518     0.647059
19519     0.694118
19520     0.725490
19521     0.760784
19522     0.662745
19523     0.662745
19524     0.666667
19525     0.662745
19526     0.662745
19527     0.658824
19528     0.654902
19529     0.650980
19530     0.643137
19531     0.611765
19532     0.576471
19533     0.556863
19534     0.556863
19535     0.556863
19536     0.549020
19537     0.537255
19538     0.541176
19539     0.560784
19540     0.576471
19541     0.572549
19542     0.560784
19543     0.549020
19544     0.556863
19545     0.568627
19546     0.596078
19547     0.596078
19548     0.600000
19549     0.596078
19550     0.588235
19551     0.576471
19552     0.560784
19553     0.552941
19554     0.541176
19555     0.533333
19556     0.533333
19557     0.545098
19558     0.576471
19559     0.611765
19560     0.643137
19561     0.658824
19562     0.666667
19563     0.654902
19564     0.635294
19565     0.623529
19566     0.611765
19567     0.603922
19568     0.596078
19569     0.588235
19570     0.564706
19571     0.568627
19572     0.572549
19573     0.572549
19574     0.572549
19575     0.580392
19576     0.592157
19577     0.603922
19578     0.576471
19579     0.580392
19580     0.588235
19581     0.596078
19582     0.600000
19583     0.600000
19584     0.600000
19585     0.596078
19586     0.572549
19587     0.596078
19588     0.647059
19589     0.694118
19590     0.705882
19591     0.694118
19592     0.698039
19593     0.721569
19594     0.705882
19595     0.698039
19596     0.678431
19597     0.658824
19598     0.643137
19599     0.635294
19600     0.635294
19601     0.635294
19602     0.623529
19603     0.635294
19604     0.647059
19605     0.654902
19606     0.647059
19607     0.627451
19608     0.607843
19609     0.592157
19610     0.584314
19611     0.580392
19612     0.576471
19613     0.584314
19614     0.600000
19615     0.619608
19616     0.631373
19617     0.635294
19618     0.619608
19619     0.611765
19620     0.600000
19621     0.588235
19622     0.576471
19623     0.572549
19624     0.572549
19625     0.572549
19626     0.568627
19627     0.560784
19628     0.552941
19629     0.560784
19630     0.576471
19631     0.592157
19632     0.596078
19633     0.596078
19634     0.588235
19635     0.588235
19636     0.588235
19637     0.584314
19638     0.576471
19639     0.572549
19640     0.568627
19641     0.564706
19642     0.556863
19643     0.545098
19644     0.537255
19645     0.545098
19646     0.568627
19647     0.584314
19648     0.588235
19649     0.584314
19650     0.654902
19651     0.690196
19652     0.721569
19653     0.733333
19654     0.733333
19655     0.733333
19656     0.721569
19657     0.701961
19658     0.666667
19659     0.654902
19660     0.631373
19661     0.607843
19662     0.596078
19663     0.588235
19664     0.588235
19665     0.592157
19666     0.596078
19667     0.572549
19668     0.560784
19669     0.580392
19670     0.623529
19671     0.662745
19672     0.682353
19673     0.682353
19674     0.698039
19675     0.701961
19676     0.713726
19677     0.721569
19678     0.729412
19679     0.733333
19680     0.733333
19681     0.733333
19682     0.745098
19683     0.745098
19684     0.749020
19685     0.752941
19686     0.756863
19687     0.756863
19688     0.752941
19689     0.752941
19690     0.772549
19691     0.772549
19692     0.760784
19693     0.729412
19694     0.690196
19695     0.662745
19696     0.658824
19697     0.666667
19698     0.658824
19699     0.647059
19700     0.631373
19701     0.603922
19702     0.584314
19703     0.576471
19704     0.584314
19705     0.592157
19706     0.568627
19707     0.576471
19708     0.588235
19709     0.596078
19710     0.607843
19711     0.611765
19712     0.611765
19713     0.611765
19714     0.611765
19715     0.615686
19716     0.611765
19717     0.600000
19718     0.607843
19719     0.627451
19720     0.631373
19721     0.619608
19722     0.627451
19723     0.639216
19724     0.647059
19725     0.639216
19726     0.611765
19727     0.588235
19728     0.568627
19729     0.564706
19730     0.584314
19731     0.603922
19732     0.635294
19733     0.654902
19734     0.658824
19735     0.650980
19736     0.643137
19737     0.643137
19738     0.631373
19739     0.631373
19740     0.627451
19741     0.615686
19742     0.607843
19743     0.611765
19744     0.631373
19745     0.647059
19746     0.698039
19747     0.729412
19748     0.764706
19749     0.639216
19750     0.647059
19751     0.650980
19752     0.658824
19753     0.658824
19754     0.654902
19755     0.650980
19756     0.647059
19757     0.639216
19758     0.611765
19759     0.576471
19760     0.560784
19761     0.564706
19762     0.568627
19763     0.560784
19764     0.552941
19765     0.568627
19766     0.580392
19767     0.592157
19768     0.584314
19769     0.560784
19770     0.549020
19771     0.556863
19772     0.568627
19773     0.592157
19774     0.592157
19775     0.592157
19776     0.588235
19777     0.584314
19778     0.572549
19779     0.564706
19780     0.560784
19781     0.556863
19782     0.537255
19783     0.521569
19784     0.533333
19785     0.572549
19786     0.623529
19787     0.658824
19788     0.674510
19789     0.666667
19790     0.650980
19791     0.627451
19792     0.615686
19793     0.615686
19794     0.607843
19795     0.592157
19796     0.576471
19797     0.564706
19798     0.564706
19799     0.560784
19800     0.556863
19801     0.560784
19802     0.572549
19803     0.592157
19804     0.611765
19805     0.588235
19806     0.588235
19807     0.584314
19808     0.584314
19809     0.580392
19810     0.580392
19811     0.576471
19812     0.576471
19813     0.600000
19814     0.631373
19815     0.690196
19816     0.733333
19817     0.725490
19818     0.686275
19819     0.682353
19820     0.701961
19821     0.694118
19822     0.682353
19823     0.658824
19824     0.639216
19825     0.627451
19826     0.623529
19827     0.631373
19828     0.635294
19829     0.639216
19830     0.643137
19831     0.650980
19832     0.654902
19833     0.647059
19834     0.635294
19835     0.619608
19836     0.607843
19837     0.584314
19838     0.580392
19839     0.584314
19840     0.596078
19841     0.619608
19842     0.639216
19843     0.650980
19844     0.654902
19845     0.635294
19846     0.623529
19847     0.607843
19848     0.588235
19849     0.576471
19850     0.568627
19851     0.568627
19852     0.568627
19853     0.556863
19854     0.552941
19855     0.552941
19856     0.564706
19857     0.584314
19858     0.588235
19859     0.580392
19860     0.568627
19861     0.568627
19862     0.564706
19863     0.556863
19864     0.552941
19865     0.556863
19866     0.564706
19867     0.572549
19868     0.576471
19869     0.588235
19870     0.568627
19871     0.552941
19872     0.560784
19873     0.584314
19874     0.600000
19875     0.600000
19876     0.588235
19877     0.674510
19878     0.717647
19879     0.752941
19880     0.752941
19881     0.745098
19882     0.737255
19883     0.725490
19884     0.705882
19885     0.662745
19886     0.647059
19887     0.623529
19888     0.600000
19889     0.584314
19890     0.580392
19891     0.580392
19892     0.584314
19893     0.592157
19894     0.564706
19895     0.545098
19896     0.556863
19897     0.603922
19898     0.647059
19899     0.666667
19900     0.666667
19901     0.674510
19902     0.682353
19903     0.698039
19904     0.713726
19905     0.725490
19906     0.733333
19907     0.737255
19908     0.741176
19909     0.745098
19910     0.749020
19911     0.756863
19912     0.764706
19913     0.764706
19914     0.764706
19915     0.760784
19916     0.756863
19917     0.776471
19918     0.776471
19919     0.760784
19920     0.721569
19921     0.674510
19922     0.643137
19923     0.639216
19924     0.647059
19925     0.635294
19926     0.631373
19927     0.619608
19928     0.603922
19929     0.588235
19930     0.584314
19931     0.592157
19932     0.603922
19933     0.584314
19934     0.588235
19935     0.596078
19936     0.603922
19937     0.607843
19938     0.607843
19939     0.603922
19940     0.603922
19941     0.600000
19942     0.603922
19943     0.600000
19944     0.592157
19945     0.607843
19946     0.631373
19947     0.635294
19948     0.623529
19949     0.639216
19950     0.643137
19951     0.635294
19952     0.611765
19953     0.584314
19954     0.560784
19955     0.552941
19956     0.552941
19957     0.576471
19958     0.600000
19959     0.631373
19960     0.650980
19961     0.650980
19962     0.639216
19963     0.627451
19964     0.623529
19965     0.615686
19966     0.615686
19967     0.611765
19968     0.600000
19969     0.596078
19970     0.603922
19971     0.631373
19972     0.654902
19973     0.705882
19974     0.737255
19975     0.768627
19976     0.658824
19977     0.662745
19978     0.670588
19979     0.678431
19980     0.682353
19981     0.666667
19982     0.647059
19983     0.627451
19984     0.643137
19985     0.623529
19986     0.592157
19987     0.572549
19988     0.568627
19989     0.576471
19990     0.588235
19991     0.592157
19992     0.596078
19993     0.592157
19994     0.584314
19995     0.576471
19996     0.572549
19997     0.568627
19998     0.568627
19999     0.568627
20000     0.615686
20001     0.600000
20002     0.580392
20003     0.576471
20004     0.584314
20005     0.576471
20006     0.552941
20007     0.533333
20008     0.537255
20009     0.521569
20010     0.505882
20011     0.505882
20012     0.533333
20013     0.572549
20014     0.611765
20015     0.631373
20016     0.650980
20017     0.643137
20018     0.623529
20019     0.603922
20020     0.584314
20021     0.576471
20022     0.584314
20023     0.592157
20024     0.533333
20025     0.529412
20026     0.529412
20027     0.529412
20028     0.545098
20029     0.564706
20030     0.588235
20031     0.600000
20032     0.584314
20033     0.580392
20034     0.568627
20035     0.556863
20036     0.552941
20037     0.560784
20038     0.576471
20039     0.588235
20040     0.643137
20041     0.666667
20042     0.698039
20043     0.721569
20044     0.725490
20045     0.709804
20046     0.682353
20047     0.662745
20048     0.678431
20049     0.670588
20050     0.666667
20051     0.662745
20052     0.658824
20053     0.654902
20054     0.639216
20055     0.631373
20056     0.643137
20057     0.623529
20058     0.607843
20059     0.611765
20060     0.607843
20061     0.592157
20062     0.580392
20063     0.584314
20064     0.568627
20065     0.568627
20066     0.572549
20067     0.592157
20068     0.623529
20069     0.654902
20070     0.674510
20071     0.686275
20072     0.662745
20073     0.654902
20074     0.635294
20075     0.607843
20076     0.576471
20077     0.556863
20078     0.549020
20079     0.549020
20080     0.533333
20081     0.545098
20082     0.560784
20083     0.568627
20084     0.568627
20085     0.572549
20086     0.576471
20087     0.580392
20088     0.568627
20089     0.552941
20090     0.549020
20091     0.564706
20092     0.584314
20093     0.584314
20094     0.568627
20095     0.556863
20096     0.572549
20097     0.584314
20098     0.588235
20099     0.584314
20100     0.580392
20101     0.596078
20102     0.631373
20103     0.658824
20104     0.678431
20105     0.694118
20106     0.717647
20107     0.737255
20108     0.745098
20109     0.745098
20110     0.737255
20111     0.729412
20112     0.737255
20113     0.678431
20114     0.635294
20115     0.627451
20116     0.627451
20117     0.600000
20118     0.576471
20119     0.568627
20120     0.564706
20121     0.572549
20122     0.568627
20123     0.568627
20124     0.592157
20125     0.619608
20126     0.631373
20127     0.619608
20128     0.639216
20129     0.654902
20130     0.682353
20131     0.709804
20132     0.725490
20133     0.729412
20134     0.725490
20135     0.721569
20136     0.717647
20137     0.733333
20138     0.749020
20139     0.752941
20140     0.749020
20141     0.749020
20142     0.760784
20143     0.772549
20144     0.800000
20145     0.780392
20146     0.745098
20147     0.698039
20148     0.658824
20149     0.635294
20150     0.631373
20151     0.635294
20152     0.627451
20153     0.615686
20154     0.603922
20155     0.596078
20156     0.592157
20157     0.600000
20158     0.611765
20159     0.619608
20160     0.623529
20161     0.615686
20162     0.607843
20163     0.603922
20164     0.603922
20165     0.607843
20166     0.615686
20167     0.619608
20168     0.607843
20169     0.600000
20170     0.588235
20171     0.584314
20172     0.596078
20173     0.619608
20174     0.647059
20175     0.662745
20176     0.650980
20177     0.639216
20178     0.619608
20179     0.600000
20180     0.576471
20181     0.560784
20182     0.549020
20183     0.541176
20184     0.564706
20185     0.596078
20186     0.615686
20187     0.611765
20188     0.607843
20189     0.619608
20190     0.627451
20191     0.623529
20192     0.631373
20193     0.607843
20194     0.584314
20195     0.584314
20196     0.607843
20197     0.631373
20198     0.647059
20199     0.647059
20200     0.698039
20201     0.717647
20202     0.741176
20203     0.666667
20204     0.666667
20205     0.662745
20206     0.654902
20207     0.647059
20208     0.639216
20209     0.631373
20210     0.631373
20211     0.623529
20212     0.607843
20213     0.588235
20214     0.580392
20215     0.580392
20216     0.580392
20217     0.580392
20218     0.580392
20219     0.568627
20220     0.568627
20221     0.568627
20222     0.572549
20223     0.572549
20224     0.572549
20225     0.576471
20226     0.576471
20227     0.576471
20228     0.564706
20229     0.556863
20230     0.564706
20231     0.576471
20232     0.576471
20233     0.560784
20234     0.541176
20235     0.533333
20236     0.521569
20237     0.509804
20238     0.517647
20239     0.549020
20240     0.584314
20241     0.607843
20242     0.619608
20243     0.619608
20244     0.607843
20245     0.592157
20246     0.580392
20247     0.576471
20248     0.580392
20249     0.588235
20250     0.592157
20251     0.552941
20252     0.545098
20253     0.537255
20254     0.533333
20255     0.541176
20256     0.556863
20257     0.576471
20258     0.588235
20259     0.584314
20260     0.580392
20261     0.572549
20262     0.556863
20263     0.549020
20264     0.556863
20265     0.584314
20266     0.607843
20267     0.666667
20268     0.682353
20269     0.705882
20270     0.725490
20271     0.729412
20272     0.713726
20273     0.694118
20274     0.678431
20275     0.690196
20276     0.682353
20277     0.678431
20278     0.674510
20279     0.670588
20280     0.658824
20281     0.643137
20282     0.631373
20283     0.627451
20284     0.607843
20285     0.596078
20286     0.596078
20287     0.588235
20288     0.560784
20289     0.545098
20290     0.541176
20291     0.556863
20292     0.560784
20293     0.572549
20294     0.596078
20295     0.627451
20296     0.654902
20297     0.670588
20298     0.674510
20299     0.654902
20300     0.647059
20301     0.627451
20302     0.600000
20303     0.572549
20304     0.556863
20305     0.552941
20306     0.556863
20307     0.549020
20308     0.560784
20309     0.572549
20310     0.576471
20311     0.576471
20312     0.572549
20313     0.576471
20314     0.580392
20315     0.576471
20316     0.560784
20317     0.552941
20318     0.568627
20319     0.588235
20320     0.596078
20321     0.588235
20322     0.580392
20323     0.592157
20324     0.600000
20325     0.600000
20326     0.596078
20327     0.596078
20328     0.607843
20329     0.639216
20330     0.662745
20331     0.670588
20332     0.678431
20333     0.690196
20334     0.709804
20335     0.729412
20336     0.741176
20337     0.745098
20338     0.741176
20339     0.737255
20340     0.690196
20341     0.650980
20342     0.647059
20343     0.643137
20344     0.615686
20345     0.588235
20346     0.580392
20347     0.580392
20348     0.584314
20349     0.580392
20350     0.572549
20351     0.580392
20352     0.607843
20353     0.619608
20354     0.611765
20355     0.627451
20356     0.647059
20357     0.674510
20358     0.698039
20359     0.713726
20360     0.713726
20361     0.705882
20362     0.701961
20363     0.705882
20364     0.713726
20365     0.721569
20366     0.729412
20367     0.741176
20368     0.760784
20369     0.784314
20370     0.800000
20371     0.780392
20372     0.752941
20373     0.713726
20374     0.674510
20375     0.647059
20376     0.639216
20377     0.643137
20378     0.647059
20379     0.635294
20380     0.623529
20381     0.607843
20382     0.596078
20383     0.592157
20384     0.603922
20385     0.619608
20386     0.627451
20387     0.631373
20388     0.623529
20389     0.611765
20390     0.603922
20391     0.603922
20392     0.607843
20393     0.615686
20394     0.619608
20395     0.600000
20396     0.600000
20397     0.600000
20398     0.603922
20399     0.619608
20400     0.639216
20401     0.662745
20402     0.678431
20403     0.654902
20404     0.635294
20405     0.611765
20406     0.584314
20407     0.568627
20408     0.564706
20409     0.568627
20410     0.576471
20411     0.600000
20412     0.619608
20413     0.627451
20414     0.611765
20415     0.600000
20416     0.607843
20417     0.611765
20418     0.607843
20419     0.611765
20420     0.596078
20421     0.584314
20422     0.592157
20423     0.619608
20424     0.647059
20425     0.662745
20426     0.666667
20427     0.694118
20428     0.705882
20429     0.717647
20430     0.658824
20431     0.654902
20432     0.639216
20433     0.611765
20434     0.588235
20435     0.584314
20436     0.600000
20437     0.615686
20438     0.588235
20439     0.584314
20440     0.580392
20441     0.580392
20442     0.584314
20443     0.580392
20444     0.572549
20445     0.564706
20446     0.549020
20447     0.552941
20448     0.560784
20449     0.568627
20450     0.576471
20451     0.580392
20452     0.580392
20453     0.584314
20454     0.556863
20455     0.549020
20456     0.549020
20457     0.560784
20458     0.572549
20459     0.576471
20460     0.564706
20461     0.549020
20462     0.537255
20463     0.525490
20464     0.517647
20465     0.537255
20466     0.572549
20467     0.600000
20468     0.607843
20469     0.603922
20470     0.592157
20471     0.576471
20472     0.564706
20473     0.568627
20474     0.580392
20475     0.592157
20476     0.596078
20477     0.588235
20478     0.572549
20479     0.560784
20480     0.545098
20481     0.537255
20482     0.537255
20483     0.549020
20484     0.568627
20485     0.580392
20486     0.572549
20487     0.572549
20488     0.564706
20489     0.549020
20490     0.537255
20491     0.556863
20492     0.600000
20493     0.639216
20494     0.701961
20495     0.709804
20496     0.717647
20497     0.725490
20498     0.725490
20499     0.713726
20500     0.701961
20501     0.690196
20502     0.698039
20503     0.694118
20504     0.690196
20505     0.686275
20506     0.682353
20507     0.670588
20508     0.650980
20509     0.635294
20510     0.603922
20511     0.584314
20512     0.576471
20513     0.580392
20514     0.572549
20515     0.545098
20516     0.529412
20517     0.529412
20518     0.549020
20519     0.560784
20520     0.584314
20521     0.615686
20522     0.647059
20523     0.666667
20524     0.674510
20525     0.670588
20526     0.658824
20527     0.647059
20528     0.623529
20529     0.596078
20530     0.568627
20531     0.556863
20532     0.560784
20533     0.568627
20534     0.576471
20535     0.584314
20536     0.588235
20537     0.588235
20538     0.580392
20539     0.576471
20540     0.576471
20541     0.580392
20542     0.584314
20543     0.576471
20544     0.572549
20545     0.580392
20546     0.603922
20547     0.615686
20548     0.615686
20549     0.607843
20550     0.611765
20551     0.607843
20552     0.607843
20553     0.603922
20554     0.603922
20555     0.619608
20556     0.643137
20557     0.662745
20558     0.654902
20559     0.650980
20560     0.658824
20561     0.682353
20562     0.717647
20563     0.745098
20564     0.756863
20565     0.756863
20566     0.741176
20567     0.709804
20568     0.678431
20569     0.678431
20570     0.670588
20571     0.647059
20572     0.615686
20573     0.596078
20574     0.600000
20575     0.607843
20576     0.596078
20577     0.572549
20578     0.568627
20579     0.584314
20580     0.600000
20581     0.603922
20582     0.607843
20583     0.627451
20584     0.654902
20585     0.678431
20586     0.690196
20587     0.686275
20588     0.674510
20589     0.666667
20590     0.670588
20591     0.670588
20592     0.670588
20593     0.690196
20594     0.725490
20595     0.760784
20596     0.792157
20597     0.807843
20598     0.749020
20599     0.717647
20600     0.678431
20601     0.650980
20602     0.650980
20603     0.654902
20604     0.658824
20605     0.658824
20606     0.639216
20607     0.627451
20608     0.607843
20609     0.596078
20610     0.592157
20611     0.603922
20612     0.619608
20613     0.631373
20614     0.635294
20615     0.627451
20616     0.615686
20617     0.603922
20618     0.603922
20619     0.611765
20620     0.619608
20621     0.627451
20622     0.603922
20623     0.611765
20624     0.619608
20625     0.635294
20626     0.650980
20627     0.662745
20628     0.674510
20629     0.682353
20630     0.647059
20631     0.623529
20632     0.592157
20633     0.568627
20634     0.560784
20635     0.572549
20636     0.596078
20637     0.611765
20638     0.631373
20639     0.643137
20640     0.635294
20641     0.607843
20642     0.592157
20643     0.596078
20644     0.596078
20645     0.592157
20646     0.603922
20647     0.600000
20648     0.607843
20649     0.623529
20650     0.650980
20651     0.678431
20652     0.698039
20653     0.705882
20654     0.717647
20655     0.721569
20656     0.729412
20657     0.631373
20658     0.631373
20659     0.615686
20660     0.580392
20661     0.549020
20662     0.541176
20663     0.560784
20664     0.584314
20665     0.560784
20666     0.556863
20667     0.556863
20668     0.560784
20669     0.564706
20670     0.564706
20671     0.560784
20672     0.552941
20673     0.545098
20674     0.552941
20675     0.560784
20676     0.564706
20677     0.572549
20678     0.572549
20679     0.572549
20680     0.572549
20681     0.568627
20682     0.560784
20683     0.560784
20684     0.568627
20685     0.576471
20686     0.576471
20687     0.564706
20688     0.552941
20689     0.545098
20690     0.533333
20691     0.533333
20692     0.556863
20693     0.592157
20694     0.611765
20695     0.603922
20696     0.588235
20697     0.588235
20698     0.576471
20699     0.576471
20700     0.592157
20701     0.615686
20702     0.623529
20703     0.603922
20704     0.584314
20705     0.580392
20706     0.568627
20707     0.552941
20708     0.541176
20709     0.541176
20710     0.552941
20711     0.564706
20712     0.576471
20713     0.556863
20714     0.560784
20715     0.556863
20716     0.541176
20717     0.537255
20718     0.568627
20719     0.623529
20720     0.670588
20721     0.725490
20722     0.721569
20723     0.717647
20724     0.713726
20725     0.705882
20726     0.698039
20727     0.694118
20728     0.690196
20729     0.690196
20730     0.690196
20731     0.690196
20732     0.694118
20733     0.694118
20734     0.682353
20735     0.658824
20736     0.643137
20737     0.596078
20738     0.572549
20739     0.560784
20740     0.564706
20741     0.560784
20742     0.549020
20743     0.545098
20744     0.552941
20745     0.556863
20746     0.572549
20747     0.603922
20748     0.643137
20749     0.678431
20750     0.690196
20751     0.686275
20752     0.678431
20753     0.678431
20754     0.662745
20755     0.635294
20756     0.603922
20757     0.576471
20758     0.564706
20759     0.572549
20760     0.580392
20761     0.600000
20762     0.603922
20763     0.603922
20764     0.596078
20765     0.584314
20766     0.576471
20767     0.576471
20768     0.580392
20769     0.584314
20770     0.596078
20771     0.603922
20772     0.615686
20773     0.635294
20774     0.650980
20775     0.639216
20776     0.623529
20777     0.600000
20778     0.592157
20779     0.588235
20780     0.588235
20781     0.600000
20782     0.619608
20783     0.639216
20784     0.650980
20785     0.631373
20786     0.627451
20787     0.643137
20788     0.674510
20789     0.721569
20790     0.752941
20791     0.764706
20792     0.760784
20793     0.749020
20794     0.733333
20795     0.717647
20796     0.713726
20797     0.705882
20798     0.682353
20799     0.647059
20800     0.623529
20801     0.623529
20802     0.627451
20803     0.607843
20804     0.576471
20805     0.556863
20806     0.568627
20807     0.584314
20808     0.588235
20809     0.584314
20810     0.600000
20811     0.627451
20812     0.647059
20813     0.654902
20814     0.650980
20815     0.639216
20816     0.631373
20817     0.627451
20818     0.623529
20819     0.631373
20820     0.658824
20821     0.701961
20822     0.741176
20823     0.764706
20824     0.772549
20825     0.729412
20826     0.701961
20827     0.670588
20828     0.662745
20829     0.674510
20830     0.682353
20831     0.674510
20832     0.662745
20833     0.623529
20834     0.619608
20835     0.607843
20836     0.600000
20837     0.596078
20838     0.600000
20839     0.607843
20840     0.611765
20841     0.627451
20842     0.619608
20843     0.611765
20844     0.607843
20845     0.611765
20846     0.619608
20847     0.631373
20848     0.639216
20849     0.631373
20850     0.639216
20851     0.650980
20852     0.658824
20853     0.666667
20854     0.666667
20855     0.662745
20856     0.658824
20857     0.619608
20858     0.603922
20859     0.580392
20860     0.564706
20861     0.564706
20862     0.584314
20863     0.607843
20864     0.623529
20865     0.631373
20866     0.635294
20867     0.619608
20868     0.592157
20869     0.580392
20870     0.592157
20871     0.596078
20872     0.588235
20873     0.611765
20874     0.623529
20875     0.643137
20876     0.666667
20877     0.686275
20878     0.709804
20879     0.725490
20880     0.737255
20881     0.760784
20882     0.768627
20883     0.776471
20884     0.611765
20885     0.615686
20886     0.607843
20887     0.580392
20888     0.549020
20889     0.533333
20890     0.545098
20891     0.564706
20892     0.545098
20893     0.537255
20894     0.525490
20895     0.525490
20896     0.533333
20897     0.541176
20898     0.545098
20899     0.545098
20900     0.545098
20901     0.549020
20902     0.549020
20903     0.549020
20904     0.549020
20905     0.549020
20906     0.549020
20907     0.545098
20908     0.568627
20909     0.568627
20910     0.564706
20911     0.568627
20912     0.572549
20913     0.576471
20914     0.572549
20915     0.568627
20916     0.560784
20917     0.552941
20918     0.556863
20919     0.576471
20920     0.603922
20921     0.611765
20922     0.600000
20923     0.584314
20924     0.603922
20925     0.600000
20926     0.607843
20927     0.631373
20928     0.647059
20929     0.643137
20930     0.607843
20931     0.576471
20932     0.572549
20933     0.564706
20934     0.552941
20935     0.549020
20936     0.549020
20937     0.560784
20938     0.572549
20939     0.580392
20940     0.552941
20941     0.556863
20942     0.556863
20943     0.552941
20944     0.560784
20945     0.596078
20946     0.654902
20947     0.698039
20948     0.725490
20949     0.713726
20950     0.701961
20951     0.686275
20952     0.678431
20953     0.674510
20954     0.674510
20955     0.678431
20956     0.678431
20957     0.682353
20958     0.690196
20959     0.701961
20960     0.701961
20961     0.690196
20962     0.670588
20963     0.650980
20964     0.615686
20965     0.580392
20966     0.556863
20967     0.549020
20968     0.549020
20969     0.545098
20970     0.549020
20971     0.564706
20972     0.572549
20973     0.592157
20974     0.623529
20975     0.662745
20976     0.694118
20977     0.701961
20978     0.694118
20979     0.686275
20980     0.698039
20981     0.682353
20982     0.654902
20983     0.619608
20984     0.588235
20985     0.576471
20986     0.580392
20987     0.588235
20988     0.611765
20989     0.611765
20990     0.611765
20991     0.600000
20992     0.588235
20993     0.580392
20994     0.580392
20995     0.584314
20996     0.584314
20997     0.615686
20998     0.647059
20999     0.662745
21000     0.674510
21001     0.682353
21002     0.658824
21003     0.623529
21004     0.572549
21005     0.560784
21006     0.549020
21007     0.556863
21008     0.580392
21009     0.607843
21010     0.623529
21011     0.627451
21012     0.603922
21013     0.619608
21014     0.647059
21015     0.694118
21016     0.737255
21017     0.760784
21018     0.764706
21019     0.756863
21020     0.756863
21021     0.752941
21022     0.745098
21023     0.737255
21024     0.729412
21025     0.709804
21026     0.678431
21027     0.650980
21028     0.635294
21029     0.631373
21030     0.611765
21031     0.576471
21032     0.556863
21033     0.568627
21034     0.580392
21035     0.576471
21036     0.568627
21037     0.580392
21038     0.600000
21039     0.619608
21040     0.627451
21041     0.623529
21042     0.615686
21043     0.607843
21044     0.611765
21045     0.615686
21046     0.631373
21047     0.666667
21048     0.701961
21049     0.725490
21050     0.729412
21051     0.721569
21052     0.717647
21053     0.701961
21054     0.690196
21055     0.698039
21056     0.709804
21057     0.709804
21058     0.686275
21059     0.662745
21060     0.607843
21061     0.611765
21062     0.611765
21063     0.607843
21064     0.607843
21065     0.600000
21066     0.596078
21067     0.592157
21068     0.615686
21069     0.615686
21070     0.615686
21071     0.619608
21072     0.627451
21073     0.639216
21074     0.650980
21075     0.658824
21076     0.662745
21077     0.666667
21078     0.670588
21079     0.670588
21080     0.658824
21081     0.643137
21082     0.627451
21083     0.619608
21084     0.588235
21085     0.584314
21086     0.580392
21087     0.576471
21088     0.580392
21089     0.592157
21090     0.603922
21091     0.611765
21092     0.607843
21093     0.607843
21094     0.592157
21095     0.572549
21096     0.576471
21097     0.596078
21098     0.603922
21099     0.600000
21100     0.619608
21101     0.639216
21102     0.666667
21103     0.686275
21104     0.698039
21105     0.709804
21106     0.729412
21107     0.741176
21108     0.776471
21109     0.796078
21110     0.815686
21111     0.603922
21112     0.607843
21113     0.607843
21114     0.596078
21115     0.572549
21116     0.556863
21117     0.556863
21118     0.560784
21119     0.541176
21120     0.525490
21121     0.509804
21122     0.501961
21123     0.509804
21124     0.525490
21125     0.537255
21126     0.541176
21127     0.537255
21128     0.537255
21129     0.533333
21130     0.533333
21131     0.533333
21132     0.537255
21133     0.541176
21134     0.541176
21135     0.564706
21136     0.560784
21137     0.560784
21138     0.560784
21139     0.564706
21140     0.572549
21141     0.580392
21142     0.588235
21143     0.580392
21144     0.580392
21145     0.584314
21146     0.592157
21147     0.600000
21148     0.600000
21149     0.596078
21150     0.588235
21151     0.615686
21152     0.619608
21153     0.627451
21154     0.639216
21155     0.643137
21156     0.627451
21157     0.596078
21158     0.564706
21159     0.564706
21160     0.560784
21161     0.560784
21162     0.556863
21163     0.560784
21164     0.568627
21165     0.572549
21166     0.576471
21167     0.564706
21168     0.564706
21169     0.564706
21170     0.572549
21171     0.592157
21172     0.627451
21173     0.666667
21174     0.698039
21175     0.690196
21176     0.682353
21177     0.666667
21178     0.658824
21179     0.654902
21180     0.658824
21181     0.666667
21182     0.674510
21183     0.678431
21184     0.686275
21185     0.698039
21186     0.709804
21187     0.713726
21188     0.698039
21189     0.674510
21190     0.650980
21191     0.635294
21192     0.596078
21193     0.564706
21194     0.549020
21195     0.537255
21196     0.529412
21197     0.529412
21198     0.545098
21199     0.576471
21200     0.592157
21201     0.615686
21202     0.650980
21203     0.678431
21204     0.686275
21205     0.682353
21206     0.674510
21207     0.690196
21208     0.678431
21209     0.654902
21210     0.623529
21211     0.596078
21212     0.584314
21213     0.584314
21214     0.592157
21215     0.607843
21216     0.611765
21217     0.607843
21218     0.596078
21219     0.584314
21220     0.580392
21221     0.580392
21222     0.588235
21223     0.596078
21224     0.647059
21225     0.690196
21226     0.701961
21227     0.705882
21228     0.705882
21229     0.670588
21230     0.623529
21231     0.556863
21232     0.537255
21233     0.517647
21234     0.529412
21235     0.560784
21236     0.588235
21237     0.596078
21238     0.596078
21239     0.588235
21240     0.619608
21241     0.666667
21242     0.713726
21243     0.745098
21244     0.752941
21245     0.752941
21246     0.749020
21247     0.749020
21248     0.756863
21249     0.756863
21250     0.745098
21251     0.733333
21252     0.721569
21253     0.694118
21254     0.662745
21255     0.635294
21256     0.627451
21257     0.600000
21258     0.572549
21259     0.568627
21260     0.580392
21261     0.580392
21262     0.568627
21263     0.564706
21264     0.572549
21265     0.584314
21266     0.600000
21267     0.607843
21268     0.611765
21269     0.611765
21270     0.607843
21271     0.631373
21272     0.647059
21273     0.670588
21274     0.701961
21275     0.721569
21276     0.721569
21277     0.705882
21278     0.694118
21279     0.701961
21280     0.705882
21281     0.709804
21282     0.721569
21283     0.729412
21284     0.717647
21285     0.690196
21286     0.666667
21287     0.619608
21288     0.619608
21289     0.623529
21290     0.623529
21291     0.619608
21292     0.611765
21293     0.600000
21294     0.596078
21295     0.623529
21296     0.627451
21297     0.635294
21298     0.647059
21299     0.654902
21300     0.662745
21301     0.670588
21302     0.674510
21303     0.678431
21304     0.674510
21305     0.666667
21306     0.654902
21307     0.635294
21308     0.615686
21309     0.596078
21310     0.584314
21311     0.576471
21312     0.580392
21313     0.592157
21314     0.600000
21315     0.600000
21316     0.600000
21317     0.596078
21318     0.592157
21319     0.584314
21320     0.584314
21321     0.576471
21322     0.564706
21323     0.576471
21324     0.603922
21325     0.611765
21326     0.603922
21327     0.611765
21328     0.639216
21329     0.670588
21330     0.686275
21331     0.686275
21332     0.690196
21333     0.709804
21334     0.729412
21335     0.768627
21336     0.788235
21337     0.815686
21338     0.596078
21339     0.596078
21340     0.596078
21341     0.592157
21342     0.580392
21343     0.572549
21344     0.564706
21345     0.560784
21346     0.533333
21347     0.521569
21348     0.505882
21349     0.501961
21350     0.509804
21351     0.521569
21352     0.529412
21353     0.533333
21354     0.533333
21355     0.529412
21356     0.529412
21357     0.533333
21358     0.541176
21359     0.556863
21360     0.572549
21361     0.584314
21362     0.588235
21363     0.584314
21364     0.572549
21365     0.564706
21366     0.560784
21367     0.572549
21368     0.588235
21369     0.600000
21370     0.600000
21371     0.603922
21372     0.607843
21373     0.600000
21374     0.592157
21375     0.584314
21376     0.592157
21377     0.596078
21378     0.611765
21379     0.611765
21380     0.611765
21381     0.607843
21382     0.596078
21383     0.584314
21384     0.564706
21385     0.556863
21386     0.560784
21387     0.564706
21388     0.568627
21389     0.572549
21390     0.572549
21391     0.572549
21392     0.568627
21393     0.568627
21394     0.572549
21395     0.564706
21396     0.560784
21397     0.576471
21398     0.600000
21399     0.627451
21400     0.643137
21401     0.650980
21402     0.643137
21403     0.635294
21404     0.631373
21405     0.631373
21406     0.639216
21407     0.654902
21408     0.674510
21409     0.686275
21410     0.698039
21411     0.705882
21412     0.717647
21413     0.725490
21414     0.725490
21415     0.701961
21416     0.670588
21417     0.647059
21418     0.631373
21419     0.603922
21420     0.576471
21421     0.564706
21422     0.552941
21423     0.533333
21424     0.525490
21425     0.529412
21426     0.564706
21427     0.572549
21428     0.588235
21429     0.611765
21430     0.635294
21431     0.647059
21432     0.647059
21433     0.643137
21434     0.658824
21435     0.650980
21436     0.635294
21437     0.611765
21438     0.592157
21439     0.580392
21440     0.584314
21441     0.588235
21442     0.600000
21443     0.600000
21444     0.600000
21445     0.592157
21446     0.580392
21447     0.580392
21448     0.584314
21449     0.592157
21450     0.623529
21451     0.678431
21452     0.721569
21453     0.721569
21454     0.717647
21455     0.717647
21456     0.682353
21457     0.631373
21458     0.560784
21459     0.533333
21460     0.505882
21461     0.513726
21462     0.545098
21463     0.572549
21464     0.572549
21465     0.560784
21466     0.584314
21467     0.627451
21468     0.682353
21469     0.717647
21470     0.733333
21471     0.733333
21472     0.737255
21473     0.741176
21474     0.737255
21475     0.752941
21476     0.752941
21477     0.733333
21478     0.721569
21479     0.717647
21480     0.694118
21481     0.662745
21482     0.631373
21483     0.615686
21484     0.588235
21485     0.568627
21486     0.584314
21487     0.600000
21488     0.588235
21489     0.560784
21490     0.572549
21491     0.576471
21492     0.584314
21493     0.596078
21494     0.603922
21495     0.615686
21496     0.623529
21497     0.627451
21498     0.658824
21499     0.682353
21500     0.709804
21501     0.729412
21502     0.729412
21503     0.713726
21504     0.698039
21505     0.690196
21506     0.686275
21507     0.698039
21508     0.713726
21509     0.725490
21510     0.725490
21511     0.713726
21512     0.694118
21513     0.682353
21514     0.654902
21515     0.650980
21516     0.643137
21517     0.635294
21518     0.631373
21519     0.627451
21520     0.627451
21521     0.627451
21522     0.647059
21523     0.654902
21524     0.670588
21525     0.682353
21526     0.690196
21527     0.690196
21528     0.686275
21529     0.682353
21530     0.666667
21531     0.658824
21532     0.643137
21533     0.623529
21534     0.607843
21535     0.592157
21536     0.580392
21537     0.576471
21538     0.584314
21539     0.596078
21540     0.607843
21541     0.615686
21542     0.615686
21543     0.607843
21544     0.592157
21545     0.584314
21546     0.584314
21547     0.584314
21548     0.576471
21549     0.568627
21550     0.580392
21551     0.607843
21552     0.611765
21553     0.600000
21554     0.603922
21555     0.635294
21556     0.670588
21557     0.678431
21558     0.670588
21559     0.674510
21560     0.701961
21561     0.729412
21562     0.768627
21563     0.784314
21564     0.803922
21565     0.588235
21566     0.580392
21567     0.576471
21568     0.572549
21569     0.576471
21570     0.572549
21571     0.560784
21572     0.552941
21573     0.533333
21574     0.521569
21575     0.509804
21576     0.509804
21577     0.517647
21578     0.521569
21579     0.525490
21580     0.525490
21581     0.537255
21582     0.533333
21583     0.533333
21584     0.545098
21585     0.564706
21586     0.592157
21587     0.619608
21588     0.635294
21589     0.631373
21590     0.619608
21591     0.600000
21592     0.576471
21593     0.564706
21594     0.572549
21595     0.588235
21596     0.600000
21597     0.611765
21598     0.619608
21599     0.619608
21600     0.603922
21601     0.580392
21602     0.572549
21603     0.588235
21604     0.603922
21605     0.596078
21606     0.596078
21607     0.588235
21608     0.568627
21609     0.552941
21610     0.541176
21611     0.545098
21612     0.549020
21613     0.564706
21614     0.568627
21615     0.576471
21616     0.580392
21617     0.576471
21618     0.572549
21619     0.560784
21620     0.556863
21621     0.564706
21622     0.552941
21623     0.549020
21624     0.560784
21625     0.592157
21626     0.607843
21627     0.607843
21628     0.600000
21629     0.607843
21630     0.607843
21631     0.607843
21632     0.615686
21633     0.635294
21634     0.658824
21635     0.686275
21636     0.701961
21637     0.717647
21638     0.721569
21639     0.733333
21640     0.737255
21641     0.733333
21642     0.705882
21643     0.666667
21644     0.639216
21645     0.619608
21646     0.596078
21647     0.584314
21648     0.588235
21649     0.576471
21650     0.552941
21651     0.537255
21652     0.537255
21653     0.549020
21654     0.549020
21655     0.556863
21656     0.576471
21657     0.600000
21658     0.615686
21659     0.619608
21660     0.615686
21661     0.623529
21662     0.623529
21663     0.615686
21664     0.600000
21665     0.584314
21666     0.576471
21667     0.580392
21668     0.584314
21669     0.592157
21670     0.592157
21671     0.592157
21672     0.584314
21673     0.576471
21674     0.576471
21675     0.588235
21676     0.596078
21677     0.647059
21678     0.701961
21679     0.733333
21680     0.725490
21681     0.717647
21682     0.721569
21683     0.690196
21684     0.639216
21685     0.572549
21686     0.541176
21687     0.509804
21688     0.509804
21689     0.541176
21690     0.564706
21691     0.556863
21692     0.541176
21693     0.588235
21694     0.631373
21695     0.686275
21696     0.717647
21697     0.717647
21698     0.713726
21699     0.725490
21700     0.741176
21701     0.725490
21702     0.745098
21703     0.745098
21704     0.721569
21705     0.709804
21706     0.709804
21707     0.690196
21708     0.658824
21709     0.627451
21710     0.603922
21711     0.576471
21712     0.568627
21713     0.592157
21714     0.615686
21715     0.596078
21716     0.556863
21717     0.584314
21718     0.588235
21719     0.588235
21720     0.596078
21721     0.607843
21722     0.623529
21723     0.635294
21724     0.643137
21725     0.674510
21726     0.698039
21727     0.729412
21728     0.737255
21729     0.725490
21730     0.705882
21731     0.694118
21732     0.694118
21733     0.674510
21734     0.690196
21735     0.705882
21736     0.713726
21737     0.709804
21738     0.701961
21739     0.698039
21740     0.694118
21741     0.690196
21742     0.678431
21743     0.658824
21744     0.643137
21745     0.635294
21746     0.643137
21747     0.654902
21748     0.662745
21749     0.670588
21750     0.682353
21751     0.698039
21752     0.709804
21753     0.709804
21754     0.701961
21755     0.690196
21756     0.682353
21757     0.650980
21758     0.639216
21759     0.619608
21760     0.600000
21761     0.588235
21762     0.580392
21763     0.580392
21764     0.580392
21765     0.600000
21766     0.607843
21767     0.619608
21768     0.627451
21769     0.623529
21770     0.611765
21771     0.596078
21772     0.584314
21773     0.596078
21774     0.596078
21775     0.584314
21776     0.572549
21777     0.584314
21778     0.607843
21779     0.603922
21780     0.588235
21781     0.603922
21782     0.639216
21783     0.674510
21784     0.682353
21785     0.670588
21786     0.674510
21787     0.705882
21788     0.737255
21789     0.784314
21790     0.792157
21791     0.800000
21792     0.603922
21793     0.607843
21794     0.600000
21795     0.576471
21796     0.552941
21797     0.541176
21798     0.552941
21799     0.568627
21800     0.533333
21801     0.533333
21802     0.533333
21803     0.529412
21804     0.525490
21805     0.521569
21806     0.517647
21807     0.513726
21808     0.505882
21809     0.505882
21810     0.521569
21811     0.549020
21812     0.588235
21813     0.619608
21814     0.631373
21815     0.635294
21816     0.654902
21817     0.631373
21818     0.600000
21819     0.572549
21820     0.568627
21821     0.580392
21822     0.607843
21823     0.623529
21824     0.611765
21825     0.596078
21826     0.576471
21827     0.560784
21828     0.556863
21829     0.564706
21830     0.584314
21831     0.596078
21832     0.560784
21833     0.549020
21834     0.533333
21835     0.517647
21836     0.509804
21837     0.517647
21838     0.533333
21839     0.545098
21840     0.564706
21841     0.564706
21842     0.560784
21843     0.556863
21844     0.556863
21845     0.568627
21846     0.592157
21847     0.607843
21848     0.580392
21849     0.580392
21850     0.580392
21851     0.576471
21852     0.572549
21853     0.568627
21854     0.560784
21855     0.556863
21856     0.568627
21857     0.576471
21858     0.596078
21859     0.623529
21860     0.650980
21861     0.666667
21862     0.666667
21863     0.662745
21864     0.701961
21865     0.709804
21866     0.721569
21867     0.721569
21868     0.705882
21869     0.678431
21870     0.650980
21871     0.635294
21872     0.600000
21873     0.596078
21874     0.588235
21875     0.576471
21876     0.560784
21877     0.545098
21878     0.533333
21879     0.529412
21880     0.545098
21881     0.541176
21882     0.549020
21883     0.564706
21884     0.592157
21885     0.603922
21886     0.603922
21887     0.596078
21888     0.600000
21889     0.600000
21890     0.600000
21891     0.592157
21892     0.580392
21893     0.580392
21894     0.592157
21895     0.600000
21896     0.564706
21897     0.576471
21898     0.584314
21899     0.580392
21900     0.572549
21901     0.572549
21902     0.584314
21903     0.600000
21904     0.658824
21905     0.678431
21906     0.701961
21907     0.713726
21908     0.701961
21909     0.666667
21910     0.627451
21911     0.600000
21912     0.556863
21913     0.541176
21914     0.529412
21915     0.529412
21916     0.541176
21917     0.545098
21918     0.537255
21919     0.529412
21920     0.592157
21921     0.615686
21922     0.654902
21923     0.690196
21924     0.709804
21925     0.717647
21926     0.713726
21927     0.705882
21928     0.713726
21929     0.713726
21930     0.709804
21931     0.705882
21932     0.713726
21933     0.717647
21934     0.686275
21935     0.643137
21936     0.611765
21937     0.576471
21938     0.564706
21939     0.588235
21940     0.600000
21941     0.576471
21942     0.568627
21943     0.584314
21944     0.564706
21945     0.580392
21946     0.603922
21947     0.623529
21948     0.643137
21949     0.666667
21950     0.686275
21951     0.701961
21952     0.737255
21953     0.725490
21954     0.713726
21955     0.701961
21956     0.698039
21957     0.694118
21958     0.690196
21959     0.682353
21960     0.678431
21961     0.686275
21962     0.698039
21963     0.701961
21964     0.701961
21965     0.694118
21966     0.686275
21967     0.678431
21968     0.662745
21969     0.658824
21970     0.654902
21971     0.666667
21972     0.682353
21973     0.690196
21974     0.682353
21975     0.674510
21976     0.686275
21977     0.682353
21978     0.690196
21979     0.709804
21980     0.721569
21981     0.709804
21982     0.674510
21983     0.643137
21984     0.619608
21985     0.615686
21986     0.603922
21987     0.596078
21988     0.592157
21989     0.592157
21990     0.592157
21991     0.596078
21992     0.603922
21993     0.611765
21994     0.615686
21995     0.611765
21996     0.603922
21997     0.600000
21998     0.603922
21999     0.607843
22000     0.607843
22001     0.600000
22002     0.584314
22003     0.576471
22004     0.576471
22005     0.584314
22006     0.600000
22007     0.607843
22008     0.639216
22009     0.643137
22010     0.650980
22011     0.654902
22012     0.662745
22013     0.674510
22014     0.694118
22015     0.705882
22016     0.737255
22017     0.749020
22018     0.764706
22019     0.611765
22020     0.600000
22021     0.588235
22022     0.576471
22023     0.568627
22024     0.560784
22025     0.552941
22026     0.545098
22027     0.552941
22028     0.549020
22029     0.549020
22030     0.541176
22031     0.537255
22032     0.529412
22033     0.521569
22034     0.517647
22035     0.541176
22036     0.541176
22037     0.545098
22038     0.560784
22039     0.588235
22040     0.607843
22041     0.611765
22042     0.611765
22043     0.603922
22044     0.600000
22045     0.596078
22046     0.588235
22047     0.584314
22048     0.584314
22049     0.588235
22050     0.588235
22051     0.596078
22052     0.588235
22053     0.576471
22054     0.568627
22055     0.568627
22056     0.572549
22057     0.572549
22058     0.572549
22059     0.552941
22060     0.549020
22061     0.537255
22062     0.525490
22063     0.521569
22064     0.525490
22065     0.541176
22066     0.549020
22067     0.556863
22068     0.556863
22069     0.556863
22070     0.556863
22071     0.556863
22072     0.572549
22073     0.596078
22074     0.611765
22075     0.611765
22076     0.611765
22077     0.607843
22078     0.592157
22079     0.576471
22080     0.556863
22081     0.545098
22082     0.541176
22083     0.564706
22084     0.576471
22085     0.592157
22086     0.611765
22087     0.627451
22088     0.639216
22089     0.650980
22090     0.654902
22091     0.682353
22092     0.690196
22093     0.701961
22094     0.701961
22095     0.690196
22096     0.670588
22097     0.647059
22098     0.635294
22099     0.603922
22100     0.596078
22101     0.576471
22102     0.556863
22103     0.541176
22104     0.533333
22105     0.529412
22106     0.525490
22107     0.537255
22108     0.537255
22109     0.549020
22110     0.568627
22111     0.588235
22112     0.596078
22113     0.588235
22114     0.576471
22115     0.584314
22116     0.592157
22117     0.592157
22118     0.588235
22119     0.584314
22120     0.580392
22121     0.588235
22122     0.596078
22123     0.572549
22124     0.580392
22125     0.588235
22126     0.588235
22127     0.584314
22128     0.588235
22129     0.603922
22130     0.619608
22131     0.647059
22132     0.654902
22133     0.666667
22134     0.670588
22135     0.654902
22136     0.623529
22137     0.588235
22138     0.568627
22139     0.545098
22140     0.541176
22141     0.533333
22142     0.537255
22143     0.545098
22144     0.552941
22145     0.552941
22146     0.552941
22147     0.584314
22148     0.600000
22149     0.623529
22150     0.650980
22151     0.674510
22152     0.690196
22153     0.698039
22154     0.698039
22155     0.705882
22156     0.709804
22157     0.709804
22158     0.705882
22159     0.717647
22160     0.721569
22161     0.694118
22162     0.654902
22163     0.619608
22164     0.580392
22165     0.564706
22166     0.584314
22167     0.588235
22168     0.572549
22169     0.568627
22170     0.584314
22171     0.592157
22172     0.592157
22173     0.596078
22174     0.607843
22175     0.635294
22176     0.666667
22177     0.698039
22178     0.717647
22179     0.752941
22180     0.729412
22181     0.698039
22182     0.678431
22183     0.674510
22184     0.670588
22185     0.666667
22186     0.658824
22187     0.678431
22188     0.682353
22189     0.690196
22190     0.698039
22191     0.698039
22192     0.694118
22193     0.686275
22194     0.682353
22195     0.678431
22196     0.674510
22197     0.674510
22198     0.682353
22199     0.698039
22200     0.698039
22201     0.690196
22202     0.678431
22203     0.678431
22204     0.674510
22205     0.674510
22206     0.682353
22207     0.690196
22208     0.678431
22209     0.647059
22210     0.615686
22211     0.596078
22212     0.596078
22213     0.596078
22214     0.596078
22215     0.596078
22216     0.600000
22217     0.600000
22218     0.603922
22219     0.615686
22220     0.615686
22221     0.615686
22222     0.607843
22223     0.600000
22224     0.596078
22225     0.603922
22226     0.611765
22227     0.615686
22228     0.607843
22229     0.600000
22230     0.592157
22231     0.592157
22232     0.600000
22233     0.607843
22234     0.615686
22235     0.639216
22236     0.647059
22237     0.650980
22238     0.650980
22239     0.650980
22240     0.658824
22241     0.674510
22242     0.686275
22243     0.701961
22244     0.713726
22245     0.729412
22246     0.623529
22247     0.603922
22248     0.588235
22249     0.580392
22250     0.584314
22251     0.576471
22252     0.549020
22253     0.529412
22254     0.560784
22255     0.556863
22256     0.552941
22257     0.541176
22258     0.533333
22259     0.525490
22260     0.517647
22261     0.513726
22262     0.552941
22263     0.549020
22264     0.549020
22265     0.556863
22266     0.572549
22267     0.584314
22268     0.588235
22269     0.588235
22270     0.572549
22271     0.576471
22272     0.580392
22273     0.584314
22274     0.584314
22275     0.580392
22276     0.576471
22277     0.572549
22278     0.580392
22279     0.572549
22280     0.568627
22281     0.572549
22282     0.580392
22283     0.576471
22284     0.564706
22285     0.549020
22286     0.549020
22287     0.549020
22288     0.549020
22289     0.541176
22290     0.533333
22291     0.533333
22292     0.545098
22293     0.552941
22294     0.545098
22295     0.552941
22296     0.556863
22297     0.560784
22298     0.568627
22299     0.584314
22300     0.603922
22301     0.619608
22302     0.631373
22303     0.635294
22304     0.627451
22305     0.600000
22306     0.564706
22307     0.537255
22308     0.521569
22309     0.521569
22310     0.560784
22311     0.572549
22312     0.588235
22313     0.592157
22314     0.592157
22315     0.600000
22316     0.619608
22317     0.635294
22318     0.650980
22319     0.662745
22320     0.674510
22321     0.674510
22322     0.662745
22323     0.647059
22324     0.635294
22325     0.631373
22326     0.607843
22327     0.592157
22328     0.568627
22329     0.545098
22330     0.533333
22331     0.529412
22332     0.533333
22333     0.537255
22334     0.537255
22335     0.545098
22336     0.556863
22337     0.572549
22338     0.584314
22339     0.580392
22340     0.568627
22341     0.556863
22342     0.568627
22343     0.576471
22344     0.584314
22345     0.588235
22346     0.584314
22347     0.580392
22348     0.588235
22349     0.592157
22350     0.584314
22351     0.588235
22352     0.588235
22353     0.588235
22354     0.588235
22355     0.600000
22356     0.619608
22357     0.631373
22358     0.623529
22359     0.623529
22360     0.623529
22361     0.611765
22362     0.596078
22363     0.572549
22364     0.549020
22365     0.537255
22366     0.537255
22367     0.545098
22368     0.549020
22369     0.552941
22370     0.556863
22371     0.560784
22372     0.572549
22373     0.584314
22374     0.588235
22375     0.596078
22376     0.607843
22377     0.627451
22378     0.650980
22379     0.674510
22380     0.694118
22381     0.701961
22382     0.701961
22383     0.713726
22384     0.713726
22385     0.713726
22386     0.721569
22387     0.725490
22388     0.698039
22389     0.666667
22390     0.631373
22391     0.596078
22392     0.580392
22393     0.592157
22394     0.592157
22395     0.572549
22396     0.572549
22397     0.596078
22398     0.615686
22399     0.600000
22400     0.592157
22401     0.607843
22402     0.647059
22403     0.694118
22404     0.733333
22405     0.749020
22406     0.737255
22407     0.705882
22408     0.662745
22409     0.643137
22410     0.647059
22411     0.654902
22412     0.650980
22413     0.643137
22414     0.670588
22415     0.674510
22416     0.682353
22417     0.686275
22418     0.694118
22419     0.694118
22420     0.694118
22421     0.694118
22422     0.698039
22423     0.698039
22424     0.701961
22425     0.709804
22426     0.717647
22427     0.713726
22428     0.701961
22429     0.690196
22430     0.686275
22431     0.674510
22432     0.666667
22433     0.662745
22434     0.658824
22435     0.643137
22436     0.615686
22437     0.592157
22438     0.568627
22439     0.572549
22440     0.584314
22441     0.596078
22442     0.603922
22443     0.607843
22444     0.611765
22445     0.611765
22446     0.619608
22447     0.619608
22448     0.615686
22449     0.603922
22450     0.596078
22451     0.592157
22452     0.600000
22453     0.607843
22454     0.615686
22455     0.611765
22456     0.607843
22457     0.603922
22458     0.603922
22459     0.607843
22460     0.611765
22461     0.615686
22462     0.635294
22463     0.639216
22464     0.639216
22465     0.635294
22466     0.627451
22467     0.631373
22468     0.643137
22469     0.654902
22470     0.654902
22471     0.670588
22472     0.686275
22473     0.639216
22474     0.619608
22475     0.600000
22476     0.588235
22477     0.580392
22478     0.568627
22479     0.552941
22480     0.541176
22481     0.552941
22482     0.549020
22483     0.537255
22484     0.525490
22485     0.513726
22486     0.505882
22487     0.498039
22488     0.494118
22489     0.517647
22490     0.517647
22491     0.521569
22492     0.529412
22493     0.545098
22494     0.556863
22495     0.568627
22496     0.576471
22497     0.580392
22498     0.576471
22499     0.568627
22500     0.564706
22501     0.564706
22502     0.572549
22503     0.584314
22504     0.592157
22505     0.568627
22506     0.560784
22507     0.552941
22508     0.560784
22509     0.576471
22510     0.576471
22511     0.560784
22512     0.545098
22513     0.552941
22514     0.560784
22515     0.564706
22516     0.552941
22517     0.541176
22518     0.533333
22519     0.537255
22520     0.545098
22521     0.549020
22522     0.556863
22523     0.568627
22524     0.576471
22525     0.584314
22526     0.596078
22527     0.615686
22528     0.631373
22529     0.615686
22530     0.623529
22531     0.619608
22532     0.592157
22533     0.552941
22534     0.521569
22535     0.509804
22536     0.513726
22537     0.552941
22538     0.568627
22539     0.576471
22540     0.572549
22541     0.560784
22542     0.564706
22543     0.592157
22544     0.615686
22545     0.619608
22546     0.631373
22547     0.639216
22548     0.635294
22549     0.619608
22550     0.607843
22551     0.603922
22552     0.607843
22553     0.592157
22554     0.580392
22555     0.564706
22556     0.549020
22557     0.541176
22558     0.541176
22559     0.545098
22560     0.549020
22561     0.552941
22562     0.552941
22563     0.552941
22564     0.556863
22565     0.564706
22566     0.564706
22567     0.560784
22568     0.556863
22569     0.556863
22570     0.568627
22571     0.580392
22572     0.584314
22573     0.584314
22574     0.580392
22575     0.584314
22576     0.588235
22577     0.592157
22578     0.588235
22579     0.584314
22580     0.580392
22581     0.584314
22582     0.592157
22583     0.607843
22584     0.615686
22585     0.600000
22586     0.592157
22587     0.580392
22588     0.564706
22589     0.549020
22590     0.537255
22591     0.529412
22592     0.525490
22593     0.545098
22594     0.556863
22595     0.568627
22596     0.568627
22597     0.564706
22598     0.568627
22599     0.588235
22600     0.603922
22601     0.603922
22602     0.611765
22603     0.623529
22604     0.643137
22605     0.666667
22606     0.690196
22607     0.705882
22608     0.717647
22609     0.713726
22610     0.725490
22611     0.725490
22612     0.721569
22613     0.721569
22614     0.717647
22615     0.694118
22616     0.662745
22617     0.631373
22618     0.603922
22619     0.596078
22620     0.615686
22621     0.611765
22622     0.584314
22623     0.580392
22624     0.603922
22625     0.611765
22626     0.600000
22627     0.603922
22628     0.635294
22629     0.690196
22630     0.737255
22631     0.760784
22632     0.764706
22633     0.682353
22634     0.650980
22635     0.623529
22636     0.619608
22637     0.635294
22638     0.654902
22639     0.654902
22640     0.643137
22641     0.654902
22642     0.658824
22643     0.666667
22644     0.678431
22645     0.690196
22646     0.701961
22647     0.709804
22648     0.713726
22649     0.717647
22650     0.721569
22651     0.729412
22652     0.733333
22653     0.729412
22654     0.721569
22655     0.709804
22656     0.698039
22657     0.701961
22658     0.686275
22659     0.670588
22660     0.654902
22661     0.643137
22662     0.627451
22663     0.603922
22664     0.588235
22665     0.560784
22666     0.572549
22667     0.588235
22668     0.603922
22669     0.611765
22670     0.611765
22671     0.611765
22672     0.607843
22673     0.611765
22674     0.619608
22675     0.619608
22676     0.615686
22677     0.603922
22678     0.596078
22679     0.596078
22680     0.600000
22681     0.600000
22682     0.600000
22683     0.603922
22684     0.603922
22685     0.603922
22686     0.603922
22687     0.600000
22688     0.600000
22689     0.615686
22690     0.615686
22691     0.615686
22692     0.607843
22693     0.603922
22694     0.603922
22695     0.615686
22696     0.623529
22697     0.619608
22698     0.635294
22699     0.650980
22700     0.650980
22701     0.643137
22702     0.619608
22703     0.588235
22704     0.560784
22705     0.549020
22706     0.556863
22707     0.568627
22708     0.545098
22709     0.537255
22710     0.525490
22711     0.513726
22712     0.501961
22713     0.494118
22714     0.490196
22715     0.490196
22716     0.498039
22717     0.501961
22718     0.505882
22719     0.509804
22720     0.521569
22721     0.533333
22722     0.552941
22723     0.560784
22724     0.580392
22725     0.576471
22726     0.572549
22727     0.572549
22728     0.572549
22729     0.576471
22730     0.584314
22731     0.588235
22732     0.564706
22733     0.552941
22734     0.545098
22735     0.545098
22736     0.560784
22737     0.568627
22738     0.568627
22739     0.560784
22740     0.572549
22741     0.580392
22742     0.584314
22743     0.568627
22744     0.545098
22745     0.525490
22746     0.529412
22747     0.537255
22748     0.568627
22749     0.580392
22750     0.588235
22751     0.596078
22752     0.600000
22753     0.607843
22754     0.619608
22755     0.631373
22756     0.592157
22757     0.596078
22758     0.592157
22759     0.576471
22760     0.552941
22761     0.533333
22762     0.525490
22763     0.525490
22764     0.541176
22765     0.556863
22766     0.564706
22767     0.552941
22768     0.541176
22769     0.545098
22770     0.572549
22771     0.600000
22772     0.600000
22773     0.611765
22774     0.615686
22775     0.600000
22776     0.580392
22777     0.568627
22778     0.572549
22779     0.584314
22780     0.560784
22781     0.560784
22782     0.556863
22783     0.552941
22784     0.552941
22785     0.549020
22786     0.549020
22787     0.549020
22788     0.556863
22789     0.549020
22790     0.541176
22791     0.529412
22792     0.529412
22793     0.537255
22794     0.552941
22795     0.564706
22796     0.560784
22797     0.572549
22798     0.584314
22799     0.588235
22800     0.584314
22801     0.580392
22802     0.580392
22803     0.584314
22804     0.592157
22805     0.584314
22806     0.572549
22807     0.568627
22808     0.568627
22809     0.572549
22810     0.580392
22811     0.580392
22812     0.560784
22813     0.552941
22814     0.537255
22815     0.525490
22816     0.517647
22817     0.517647
22818     0.521569
22819     0.525490
22820     0.564706
22821     0.572549
22822     0.580392
22823     0.580392
22824     0.572549
22825     0.572549
22826     0.584314
22827     0.600000
22828     0.603922
22829     0.619608
22830     0.643137
22831     0.666667
22832     0.690196
22833     0.705882
22834     0.713726
22835     0.717647
22836     0.729412
22837     0.741176
22838     0.737255
22839     0.721569
22840     0.709804
22841     0.698039
22842     0.670588
22843     0.639216
22844     0.603922
22845     0.588235
22846     0.596078
22847     0.623529
22848     0.619608
22849     0.588235
22850     0.580392
22851     0.600000
22852     0.615686
22853     0.615686
22854     0.639216
22855     0.678431
22856     0.721569
22857     0.745098
22858     0.733333
22859     0.717647
22860     0.635294
22861     0.615686
22862     0.603922
22863     0.611765
22864     0.631373
22865     0.650980
22866     0.647059
22867     0.639216
22868     0.647059
22869     0.650980
22870     0.662745
22871     0.678431
22872     0.694118
22873     0.709804
22874     0.721569
22875     0.729412
22876     0.729412
22877     0.733333
22878     0.741176
22879     0.741176
22880     0.733333
22881     0.721569
22882     0.713726
22883     0.705882
22884     0.705882
22885     0.694118
22886     0.674510
22887     0.654902
22888     0.639216
22889     0.623529
22890     0.607843
22891     0.596078
22892     0.580392
22893     0.592157
22894     0.603922
22895     0.615686
22896     0.619608
22897     0.611765
22898     0.600000
22899     0.596078
22900     0.600000
22901     0.611765
22902     0.623529
22903     0.623529
22904     0.615686
22905     0.603922
22906     0.592157
22907     0.592157
22908     0.584314
22909     0.588235
22910     0.592157
22911     0.592157
22912     0.592157
22913     0.592157
22914     0.588235
22915     0.584314
22916     0.592157
22917     0.596078
22918     0.592157
22919     0.588235
22920     0.580392
22921     0.584314
22922     0.592157
22923     0.603922
22924     0.592157
22925     0.603922
22926     0.619608
22927     0.654902
22928     0.647059
22929     0.623529
22930     0.584314
22931     0.549020
22932     0.533333
22933     0.549020
22934     0.568627
22935     0.541176
22936     0.533333
22937     0.521569
22938     0.509804
22939     0.505882
22940     0.501961
22941     0.501961
22942     0.501961
22943     0.513726
22944     0.513726
22945     0.513726
22946     0.509804
22947     0.509804
22948     0.517647
22949     0.537255
22950     0.549020
22951     0.560784
22952     0.572549
22953     0.584314
22954     0.596078
22955     0.592157
22956     0.580392
22957     0.560784
22958     0.549020
22959     0.549020
22960     0.545098
22961     0.541176
22962     0.541176
22963     0.545098
22964     0.560784
22965     0.576471
22966     0.588235
22967     0.596078
22968     0.607843
22969     0.607843
22970     0.588235
22971     0.552941
22972     0.533333
22973     0.533333
22974     0.545098
22975     0.596078
22976     0.603922
22977     0.615686
22978     0.615686
22979     0.611765
22980     0.611765
22981     0.615686
22982     0.619608
22983     0.576471
22984     0.576471
22985     0.572549
22986     0.568627
22987     0.560784
22988     0.552941
22989     0.545098
22990     0.541176
22991     0.533333
22992     0.541176
22993     0.545098
22994     0.541176
22995     0.537255
22996     0.545098
22997     0.564706
22998     0.584314
22999     0.588235
23000     0.596078
23001     0.600000
23002     0.580392
23003     0.552941
23004     0.545098
23005     0.560784
23006     0.576471
23007     0.545098
23008     0.549020
23009     0.552941
23010     0.552941
23011     0.552941
23012     0.552941
23013     0.549020
23014     0.549020
23015     0.552941
23016     0.545098
23017     0.529412
23018     0.513726
23019     0.509804
23020     0.525490
23021     0.556863
23022     0.576471
23023     0.584314
23024     0.592157
23025     0.596078
23026     0.592157
23027     0.584314
23028     0.580392
23029     0.580392
23030     0.584314
23031     0.584314
23032     0.576471
23033     0.564706
23034     0.560784
23035     0.564706
23036     0.564706
23037     0.556863
23038     0.552941
23039     0.525490
23040     0.517647
23041     0.509804
23042     0.505882
23043     0.501961
23044     0.509804
23045     0.517647
23046     0.521569
23047     0.568627
23048     0.572549
23049     0.572549
23050     0.568627
23051     0.564706
23052     0.568627
23053     0.572549
23054     0.580392
23055     0.588235
23056     0.607843
23057     0.635294
23058     0.666667
23059     0.690196
23060     0.701961
23061     0.701961
23062     0.701961
23063     0.725490
23064     0.737255
23065     0.733333
23066     0.709804
23067     0.686275
23068     0.666667
23069     0.639216
23070     0.607843
23071     0.572549
23072     0.560784
23073     0.576471
23074     0.607843
23075     0.607843
23076     0.580392
23077     0.580392
23078     0.603922
23079     0.650980
23080     0.662745
23081     0.682353
23082     0.709804
23083     0.721569
23084     0.709804
23085     0.674510
23086     0.647059
23087     0.619608
23088     0.615686
23089     0.611765
23090     0.615686
23091     0.623529
23092     0.631373
23093     0.631373
23094     0.631373
23095     0.650980
23096     0.658824
23097     0.670588
23098     0.686275
23099     0.701961
23100     0.713726
23101     0.717647
23102     0.721569
23103     0.729412
23104     0.733333
23105     0.737255
23106     0.729412
23107     0.717647
23108     0.709804
23109     0.709804
23110     0.709804
23111     0.701961
23112     0.694118
23113     0.678431
23114     0.658824
23115     0.643137
23116     0.627451
23117     0.619608
23118     0.615686
23119     0.615686
23120     0.619608
23121     0.627451
23122     0.627451
23123     0.623529
23124     0.611765
23125     0.596078
23126     0.584314
23127     0.596078
23128     0.607843
23129     0.619608
23130     0.623529
23131     0.615686
23132     0.603922
23133     0.600000
23134     0.596078
23135     0.588235
23136     0.588235
23137     0.592157
23138     0.592157
23139     0.592157
23140     0.592157
23141     0.588235
23142     0.588235
23143     0.588235
23144     0.588235
23145     0.588235
23146     0.580392
23147     0.572549
23148     0.572549
23149     0.580392
23150     0.588235
23151     0.568627
23152     0.580392
23153     0.596078
23154     0.650980
23155     0.635294
23156     0.607843
23157     0.572549
23158     0.549020
23159     0.533333
23160     0.533333
23161     0.537255
23162     0.529412
23163     0.525490
23164     0.513726
23165     0.505882
23166     0.505882
23167     0.505882
23168     0.513726
23169     0.517647
23170     0.517647
23171     0.521569
23172     0.517647
23173     0.509804
23174     0.501961
23175     0.509804
23176     0.525490
23177     0.545098
23178     0.560784
23179     0.568627
23180     0.576471
23181     0.580392
23182     0.572549
23183     0.556863
23184     0.537255
23185     0.525490
23186     0.525490
23187     0.537255
23188     0.545098
23189     0.545098
23190     0.545098
23191     0.556863
23192     0.584314
23193     0.607843
23194     0.615686
23195     0.627451
23196     0.627451
23197     0.603922
23198     0.568627
23199     0.549020
23200     0.556863
23201     0.572549
23202     0.615686
23203     0.623529
23204     0.631373
23205     0.627451
23206     0.615686
23207     0.603922
23208     0.596078
23209     0.596078
23210     0.572549
23211     0.560784
23212     0.549020
23213     0.552941
23214     0.560784
23215     0.560784
23216     0.545098
23217     0.529412
23218     0.525490
23219     0.529412
23220     0.529412
23221     0.537255
23222     0.545098
23223     0.556863
23224     0.568627
23225     0.576471
23226     0.576471
23227     0.588235
23228     0.592157
23229     0.572549
23230     0.549020
23231     0.545098
23232     0.568627
23233     0.592157
23234     0.572549
23235     0.568627
23236     0.564706
23237     0.560784
23238     0.556863
23239     0.556863
23240     0.556863
23241     0.560784
23242     0.556863
23243     0.552941
23244     0.545098
23245     0.533333
23246     0.529412
23247     0.549020
23248     0.580392
23249     0.603922
23250     0.611765
23251     0.611765
23252     0.611765
23253     0.600000
23254     0.584314
23255     0.576471
23256     0.580392
23257     0.584314
23258     0.576471
23259     0.568627
23260     0.564706
23261     0.568627
23262     0.572549
23263     0.572549
23264     0.560784
23265     0.549020
23266     0.517647
23267     0.513726
23268     0.513726
23269     0.513726
23270     0.513726
23271     0.517647
23272     0.521569
23273     0.521569
23274     0.556863
23275     0.549020
23276     0.545098
23277     0.549020
23278     0.552941
23279     0.560784
23280     0.560784
23281     0.556863
23282     0.572549
23283     0.592157
23284     0.619608
23285     0.647059
23286     0.670588
23287     0.682353
23288     0.686275
23289     0.686275
23290     0.701961
23291     0.717647
23292     0.713726
23293     0.686275
23294     0.658824
23295     0.635294
23296     0.607843
23297     0.576471
23298     0.568627
23299     0.556863
23300     0.568627
23301     0.596078
23302     0.596078
23303     0.584314
23304     0.600000
23305     0.639216
23306     0.713726
23307     0.717647
23308     0.725490
23309     0.721569
23310     0.705882
23311     0.678431
23312     0.647059
23313     0.623529
23314     0.623529
23315     0.627451
23316     0.623529
23317     0.615686
23318     0.607843
23319     0.611765
23320     0.627451
23321     0.643137
23322     0.670588
23323     0.678431
23324     0.690196
23325     0.701961
23326     0.705882
23327     0.705882
23328     0.705882
23329     0.701961
23330     0.721569
23331     0.725490
23332     0.725490
23333     0.713726
23334     0.701961
23335     0.694118
23336     0.701961
23337     0.713726
23338     0.705882
23339     0.701961
23340     0.694118
23341     0.682353
23342     0.666667
23343     0.654902
23344     0.650980
23345     0.647059
23346     0.643137
23347     0.647059
23348     0.643137
23349     0.639216
23350     0.627451
23351     0.611765
23352     0.596078
23353     0.588235
23354     0.600000
23355     0.607843
23356     0.611765
23357     0.607843
23358     0.603922
23359     0.603922
23360     0.611765
23361     0.615686
23362     0.611765
23363     0.611765
23364     0.611765
23365     0.611765
23366     0.611765
23367     0.611765
23368     0.611765
23369     0.611765
23370     0.603922
23371     0.603922
23372     0.600000
23373     0.584314
23374     0.572549
23375     0.568627
23376     0.572549
23377     0.580392
23378     0.568627
23379     0.584314
23380     0.600000
23381     0.647059
23382     0.619608
23383     0.588235
23384     0.564706
23385     0.552941
23386     0.541176
23387     0.521569
23388     0.501961
23389     0.517647
23390     0.509804
23391     0.505882
23392     0.498039
23393     0.498039
23394     0.505882
23395     0.513726
23396     0.521569
23397     0.505882
23398     0.509804
23399     0.509804
23400     0.501961
23401     0.498039
23402     0.505882
23403     0.525490
23404     0.545098
23405     0.584314
23406     0.572549
23407     0.560784
23408     0.545098
23409     0.533333
23410     0.529412
23411     0.529412
23412     0.533333
23413     0.505882
23414     0.533333
23415     0.552941
23416     0.556863
23417     0.549020
23418     0.556863
23419     0.588235
23420     0.615686
23421     0.627451
23422     0.639216
23423     0.639216
23424     0.615686
23425     0.580392
23426     0.564706
23427     0.580392
23428     0.600000
23429     0.627451
23430     0.635294
23431     0.639216
23432     0.631373
23433     0.611765
23434     0.596078
23435     0.584314
23436     0.580392
23437     0.568627
23438     0.549020
23439     0.529412
23440     0.533333
23441     0.549020
23442     0.552941
23443     0.529412
23444     0.501961
23445     0.521569
23446     0.517647
23447     0.521569
23448     0.533333
23449     0.549020
23450     0.564706
23451     0.572549
23452     0.572549
23453     0.572549
23454     0.584314
23455     0.588235
23456     0.572549
23457     0.549020
23458     0.549020
23459     0.580392
23460     0.611765
23461     0.615686
23462     0.603922
23463     0.584314
23464     0.572549
23465     0.564706
23466     0.564706
23467     0.572549
23468     0.580392
23469     0.568627
23470     0.572549
23471     0.572549
23472     0.564706
23473     0.564706
23474     0.580392
23475     0.607843
23476     0.631373
23477     0.631373
23478     0.627451
23479     0.619608
23480     0.603922
23481     0.584314
23482     0.576471
23483     0.580392
23484     0.584314
23485     0.568627
23486     0.564706
23487     0.564706
23488     0.576471
23489     0.588235
23490     0.584314
23491     0.568627
23492     0.552941
23493     0.529412
23494     0.529412
23495     0.529412
23496     0.533333
23497     0.533333
23498     0.533333
23499     0.529412
23500     0.529412
23501     0.541176
23502     0.529412
23503     0.521569
23504     0.529412
23505     0.545098
23506     0.552941
23507     0.549020
23508     0.541176
23509     0.568627
23510     0.584314
23511     0.603922
23512     0.631373
23513     0.654902
23514     0.670588
23515     0.678431
23516     0.682353
23517     0.682353
23518     0.698039
23519     0.698039
23520     0.670588
23521     0.639216
23522     0.615686
23523     0.588235
23524     0.560784
23525     0.584314
23526     0.564706
23527     0.568627
23528     0.592157
23529     0.596078
23530     0.592157
23531     0.627451
23532     0.678431
23533     0.756863
23534     0.756863
23535     0.749020
23536     0.725490
23537     0.698039
23538     0.670588
23539     0.654902
23540     0.647059
23541     0.623529
23542     0.627451
23543     0.623529
23544     0.607843
23545     0.596078
23546     0.603922
23547     0.635294
23548     0.666667
23549     0.690196
23550     0.698039
23551     0.705882
23552     0.713726
23553     0.709804
23554     0.701961
23555     0.690196
23556     0.682353
23557     0.713726
23558     0.717647
23559     0.713726
23560     0.701961
23561     0.686275
23562     0.686275
23563     0.698039
23564     0.713726
23565     0.713726
23566     0.713726
23567     0.713726
23568     0.705882
23569     0.690196
23570     0.682353
23571     0.678431
23572     0.682353
23573     0.658824
23574     0.658824
23575     0.654902
23576     0.647059
23577     0.631373
23578     0.615686
23579     0.603922
23580     0.596078
23581     0.611765
23582     0.607843
23583     0.603922
23584     0.596078
23585     0.592157
23586     0.600000
23587     0.619608
23588     0.635294
23589     0.635294
23590     0.635294
23591     0.631373
23592     0.631373
23593     0.631373
23594     0.631373
23595     0.635294
23596     0.635294
23597     0.623529
23598     0.619608
23599     0.611765
23600     0.596078
23601     0.576471
23602     0.568627
23603     0.568627
23604     0.572549
23605     0.580392
23606     0.596078
23607     0.611765
23608     0.619608
23609     0.607843
23610     0.588235
23611     0.572549
23612     0.560784
23613     0.545098
23614     0.529412
23615     0.517647
23616     0.505882
23617     0.521569
23618     0.529412
23619     0.525490
23620     0.509804
23621     0.509804
23622     0.525490
23623     0.541176
23624     0.505882
23625     0.513726
23626     0.513726
23627     0.513726
23628     0.509804
23629     0.509804
23630     0.517647
23631     0.525490
23632     0.549020
23633     0.549020
23634     0.545098
23635     0.537255
23636     0.525490
23637     0.525490
23638     0.533333
23639     0.541176
23640     0.556863
23641     0.568627
23642     0.580392
23643     0.580392
23644     0.572549
23645     0.572549
23646     0.584314
23647     0.596078
23648     0.592157
23649     0.600000
23650     0.603922
23651     0.603922
23652     0.596078
23653     0.588235
23654     0.592157
23655     0.596078
23656     0.623529
23657     0.623529
23658     0.623529
23659     0.619608
23660     0.607843
23661     0.596078
23662     0.584314
23663     0.576471
23664     0.576471
23665     0.564706
23666     0.556863
23667     0.556863
23668     0.560784
23669     0.552941
23670     0.533333
23671     0.517647
23672     0.517647
23673     0.521569
23674     0.537255
23675     0.556863
23676     0.580392
23677     0.600000
23678     0.603922
23679     0.600000
23680     0.572549
23681     0.580392
23682     0.584314
23683     0.580392
23684     0.572549
23685     0.576471
23686     0.592157
23687     0.607843
23688     0.611765
23689     0.596078
23690     0.588235
23691     0.596078
23692     0.611765
23693     0.615686
23694     0.600000
23695     0.584314
23696     0.603922
23697     0.600000
23698     0.603922
23699     0.619608
23700     0.619608
23701     0.615686
23702     0.631373
23703     0.654902
23704     0.643137
23705     0.631373
23706     0.619608
23707     0.607843
23708     0.603922
23709     0.600000
23710     0.592157
23711     0.584314
23712     0.600000
23713     0.584314
23714     0.572549
23715     0.580392
23716     0.592157
23717     0.596078
23718     0.580392
23719     0.560784
23720     0.533333
23721     0.533333
23722     0.529412
23723     0.525490
23724     0.521569
23725     0.533333
23726     0.560784
23727     0.580392
23728     0.541176
23729     0.537255
23730     0.533333
23731     0.533333
23732     0.533333
23733     0.529412
23734     0.521569
23735     0.509804
23736     0.537255
23737     0.525490
23738     0.552941
23739     0.619608
23740     0.654902
23741     0.654902
23742     0.674510
23743     0.713726
23744     0.701961
23745     0.662745
23746     0.631373
23747     0.635294
23748     0.635294
23749     0.611765
23750     0.580392
23751     0.564706
23752     0.564706
23753     0.560784
23754     0.568627
23755     0.576471
23756     0.576471
23757     0.592157
23758     0.654902
23759     0.725490
23760     0.764706
23761     0.741176
23762     0.709804
23763     0.682353
23764     0.666667
23765     0.666667
23766     0.674510
23767     0.686275
23768     0.643137
23769     0.635294
23770     0.623529
23771     0.619608
23772     0.623529
23773     0.643137
23774     0.662745
23775     0.674510
23776     0.678431
23777     0.686275
23778     0.698039
23779     0.701961
23780     0.701961
23781     0.705882
23782     0.713726
23783     0.721569
23784     0.709804
23785     0.705882
23786     0.701961
23787     0.698039
23788     0.698039
23789     0.705882
23790     0.709804
23791     0.717647
23792     0.725490
23793     0.717647
23794     0.713726
23795     0.721569
23796     0.725490
23797     0.717647
23798     0.698039
23799     0.682353
23800     0.674510
23801     0.686275
23802     0.686275
23803     0.662745
23804     0.627451
23805     0.603922
23806     0.600000
23807     0.607843
23808     0.603922
23809     0.607843
23810     0.607843
23811     0.600000
23812     0.592157
23813     0.600000
23814     0.619608
23815     0.639216
23816     0.615686
23817     0.619608
23818     0.623529
23819     0.619608
23820     0.615686
23821     0.615686
23822     0.627451
23823     0.635294
23824     0.635294
23825     0.623529
23826     0.607843
23827     0.596078
23828     0.572549
23829     0.556863
23830     0.576471
23831     0.607843
23832     0.631373
23833     0.627451
23834     0.631373
23835     0.607843
23836     0.588235
23837     0.564706
23838     0.545098
23839     0.537255
23840     0.533333
23841     0.529412
23842     0.525490
23843     0.513726
23844     0.525490
23845     0.537255
23846     0.529412
23847     0.517647
23848     0.513726
23849     0.529412
23850     0.545098
23851     0.521569
23852     0.525490
23853     0.525490
23854     0.517647
23855     0.513726
23856     0.513726
23857     0.525490
23858     0.533333
23859     0.541176
23860     0.541176
23861     0.545098
23862     0.541176
23863     0.537255
23864     0.545098
23865     0.556863
23866     0.564706
23867     0.584314
23868     0.584314
23869     0.584314
23870     0.580392
23871     0.572549
23872     0.576471
23873     0.584314
23874     0.596078
23875     0.600000
23876     0.600000
23877     0.596078
23878     0.588235
23879     0.584314
23880     0.584314
23881     0.596078
23882     0.607843
23883     0.619608
23884     0.623529
23885     0.635294
23886     0.639216
23887     0.631373
23888     0.615686
23889     0.596078
23890     0.584314
23891     0.580392
23892     0.572549
23893     0.560784
23894     0.560784
23895     0.564706
23896     0.572549
23897     0.572549
23898     0.572549
23899     0.584314
23900     0.584314
23901     0.588235
23902     0.600000
23903     0.611765
23904     0.615686
23905     0.611765
23906     0.607843
23907     0.568627
23908     0.576471
23909     0.584314
23910     0.580392
23911     0.580392
23912     0.584314
23913     0.596078
23914     0.611765
23915     0.607843
23916     0.600000
23917     0.592157
23918     0.603922
23919     0.623529
23920     0.627451
23921     0.615686
23922     0.600000
23923     0.615686
23924     0.607843
23925     0.615686
23926     0.639216
23927     0.647059
23928     0.635294
23929     0.631373
23930     0.639216
23931     0.639216
23932     0.631373
23933     0.623529
23934     0.619608
23935     0.619608
23936     0.615686
23937     0.603922
23938     0.592157
23939     0.580392
23940     0.568627
23941     0.556863
23942     0.564706
23943     0.580392
23944     0.584314
23945     0.572549
23946     0.556863
23947     0.529412
23948     0.525490
23949     0.529412
23950     0.537255
23951     0.552941
23952     0.560784
23953     0.560784
23954     0.560784
23955     0.537255
23956     0.537255
23957     0.537255
23958     0.533333
23959     0.529412
23960     0.521569
23961     0.521569
23962     0.517647
23963     0.513726
23964     0.505882
23965     0.537255
23966     0.603922
23967     0.643137
23968     0.647059
23969     0.670588
23970     0.709804
23971     0.686275
23972     0.643137
23973     0.603922
23974     0.592157
23975     0.588235
23976     0.572549
23977     0.564706
23978     0.564706
23979     0.615686
23980     0.584314
23981     0.568627
23982     0.580392
23983     0.603922
23984     0.639216
23985     0.694118
23986     0.749020
23987     0.737255
23988     0.721569
23989     0.694118
23990     0.674510
23991     0.662745
23992     0.670588
23993     0.682353
23994     0.694118
23995     0.678431
23996     0.666667
23997     0.650980
23998     0.639216
23999     0.639216
24000     0.647059
24001     0.662745
24002     0.670588
24003     0.678431
24004     0.686275
24005     0.694118
24006     0.698039
24007     0.698039
24008     0.698039
24009     0.705882
24010     0.709804
24011     0.709804
24012     0.709804
24013     0.705882
24014     0.705882
24015     0.713726
24016     0.721569
24017     0.729412
24018     0.733333
24019     0.737255
24020     0.729412
24021     0.725490
24022     0.729412
24023     0.729412
24024     0.721569
24025     0.701961
24026     0.686275
24027     0.678431
24028     0.686275
24029     0.686275
24030     0.662745
24031     0.623529
24032     0.600000
24033     0.592157
24034     0.596078
24035     0.600000
24036     0.607843
24037     0.607843
24038     0.603922
24039     0.600000
24040     0.603922
24041     0.619608
24042     0.635294
24043     0.615686
24044     0.619608
24045     0.623529
24046     0.619608
24047     0.611765
24048     0.611765
24049     0.619608
24050     0.627451
24051     0.600000
24052     0.580392
24053     0.576471
24054     0.603922
24055     0.635294
24056     0.650980
24057     0.662745
24058     0.678431
24059     0.678431
24060     0.674510
24061     0.670588
24062     0.584314
24063     0.560784
24064     0.533333
24065     0.513726
24066     0.513726
24067     0.521569
24068     0.529412
24069     0.537255
24070     0.533333
24071     0.541176
24072     0.549020
24073     0.541176
24074     0.533333
24075     0.529412
24076     0.541176
24077     0.556863
24078     0.533333
24079     0.533333
24080     0.529412
24081     0.521569
24082     0.513726
24083     0.517647
24084     0.529412
24085     0.541176
24086     0.537255
24087     0.545098
24088     0.549020
24089     0.552941
24090     0.556863
24091     0.568627
24092     0.584314
24093     0.600000
24094     0.619608
24095     0.603922
24096     0.588235
24097     0.576471
24098     0.576471
24099     0.584314
24100     0.592157
24101     0.592157
24102     0.596078
24103     0.592157
24104     0.588235
24105     0.576471
24106     0.576471
24107     0.584314
24108     0.603922
24109     0.619608
24110     0.623529
24111     0.635294
24112     0.650980
24113     0.658824
24114     0.654902
24115     0.635294
24116     0.611765
24117     0.596078
24118     0.592157
24119     0.592157
24120     0.584314
24121     0.580392
24122     0.588235
24123     0.607843
24124     0.635294
24125     0.654902
24126     0.658824
24127     0.647059
24128     0.635294
24129     0.631373
24130     0.627451
24131     0.623529
24132     0.615686
24133     0.607843
24134     0.576471
24135     0.584314
24136     0.588235
24137     0.588235
24138     0.588235
24139     0.592157
24140     0.600000
24141     0.607843
24142     0.603922
24143     0.600000
24144     0.596078
24145     0.611765
24146     0.627451
24147     0.631373
24148     0.623529
24149     0.607843
24150     0.623529
24151     0.619608
24152     0.631373
24153     0.658824
24154     0.662745
24155     0.643137
24156     0.623529
24157     0.619608
24158     0.631373
24159     0.631373
24160     0.627451
24161     0.631373
24162     0.631373
24163     0.627451
24164     0.611765
24165     0.596078
24166     0.552941
24167     0.545098
24168     0.537255
24169     0.541176
24170     0.552941
24171     0.560784
24172     0.552941
24173     0.541176
24174     0.505882
24175     0.501961
24176     0.505882
24177     0.529412
24178     0.552941
24179     0.560784
24180     0.549020
24181     0.529412
24182     0.545098
24183     0.552941
24184     0.552941
24185     0.545098
24186     0.525490
24187     0.517647
24188     0.525490
24189     0.537255
24190     0.501961
24191     0.498039
24192     0.533333
24193     0.596078
24194     0.635294
24195     0.643137
24196     0.666667
24197     0.698039
24198     0.650980
24199     0.623529
24200     0.600000
24201     0.584314
24202     0.568627
24203     0.549020
24204     0.549020
24205     0.560784
24206     0.600000
24207     0.572549
24208     0.568627
24209     0.607843
24210     0.666667
24211     0.705882
24212     0.733333
24213     0.749020
24214     0.698039
24215     0.690196
24216     0.674510
24217     0.666667
24218     0.666667
24219     0.682353
24220     0.698039
24221     0.713726
24222     0.717647
24223     0.705882
24224     0.690196
24225     0.670588
24226     0.662745
24227     0.662745
24228     0.666667
24229     0.670588
24230     0.682353
24231     0.690196
24232     0.698039
24233     0.698039
24234     0.694118
24235     0.694118
24236     0.694118
24237     0.701961
24238     0.709804
24239     0.709804
24240     0.709804
24241     0.713726
24242     0.721569
24243     0.733333
24244     0.745098
24245     0.752941
24246     0.749020
24247     0.745098
24248     0.737255
24249     0.737255
24250     0.733333
24251     0.721569
24252     0.705882
24253     0.694118
24254     0.690196
24255     0.690196
24256     0.682353
24257     0.654902
24258     0.619608
24259     0.592157
24260     0.584314
24261     0.584314
24262     0.592157
24263     0.600000
24264     0.607843
24265     0.611765
24266     0.611765
24267     0.611765
24268     0.623529
24269     0.631373
24270     0.619608
24271     0.619608
24272     0.619608
24273     0.611765
24274     0.603922
24275     0.600000
24276     0.603922
24277     0.611765
24278     0.580392
24279     0.556863
24280     0.572549
24281     0.643137
24282     0.717647
24283     0.752941
24284     0.749020
24285     0.741176
24286     0.721569
24287     0.713726
24288     0.701961
24289     0.552941
24290     0.537255
24291     0.513726
24292     0.505882
24293     0.509804
24294     0.521569
24295     0.529412
24296     0.533333
24297     0.545098
24298     0.549020
24299     0.552941
24300     0.549020
24301     0.541176
24302     0.541176
24303     0.549020
24304     0.560784
24305     0.537255
24306     0.533333
24307     0.529412
24308     0.517647
24309     0.509804
24310     0.513726
24311     0.525490
24312     0.537255
24313     0.552941
24314     0.560784
24315     0.568627
24316     0.572549
24317     0.576471
24318     0.588235
24319     0.607843
24320     0.619608
24321     0.639216
24322     0.611765
24323     0.580392
24324     0.564706
24325     0.568627
24326     0.580392
24327     0.588235
24328     0.588235
24329     0.580392
24330     0.580392
24331     0.584314
24332     0.580392
24333     0.584314
24334     0.596078
24335     0.615686
24336     0.635294
24337     0.643137
24338     0.650980
24339     0.658824
24340     0.662745
24341     0.658824
24342     0.643137
24343     0.627451
24344     0.615686
24345     0.619608
24346     0.627451
24347     0.631373
24348     0.631373
24349     0.635294
24350     0.654902
24351     0.686275
24352     0.713726
24353     0.705882
24354     0.682353
24355     0.650980
24356     0.627451
24357     0.615686
24358     0.611765
24359     0.611765
24360     0.611765
24361     0.603922
24362     0.600000
24363     0.600000
24364     0.592157
24365     0.588235
24366     0.588235
24367     0.592157
24368     0.596078
24369     0.592157
24370     0.588235
24371     0.592157
24372     0.600000
24373     0.611765
24374     0.611765
24375     0.600000
24376     0.592157
24377     0.615686
24378     0.619608
24379     0.639216
24380     0.650980
24381     0.639216
24382     0.611765
24383     0.600000
24384     0.611765
24385     0.623529
24386     0.623529
24387     0.627451
24388     0.635294
24389     0.635294
24390     0.619608
24391     0.600000
24392     0.584314
24393     0.541176
24394     0.529412
24395     0.521569
24396     0.517647
24397     0.525490
24398     0.525490
24399     0.517647
24400     0.509804
24401     0.494118
24402     0.494118
24403     0.501961
24404     0.517647
24405     0.541176
24406     0.564706
24407     0.580392
24408     0.584314
24409     0.603922
24410     0.607843
24411     0.603922
24412     0.580392
24413     0.545098
24414     0.525490
24415     0.533333
24416     0.549020
24417     0.517647
24418     0.517647
24419     0.549020
24420     0.596078
24421     0.627451
24422     0.639216
24423     0.658824
24424     0.682353
24425     0.623529
24426     0.615686
24427     0.611765
24428     0.607843
24429     0.580392
24430     0.549020
24431     0.545098
24432     0.556863
24433     0.545098
24434     0.560784
24435     0.603922
24436     0.674510
24437     0.733333
24438     0.752941
24439     0.733333
24440     0.705882
24441     0.666667
24442     0.662745
24443     0.658824
24444     0.662745
24445     0.678431
24446     0.698039
24447     0.721569
24448     0.733333
24449     0.741176
24450     0.729412
24451     0.713726
24452     0.694118
24453     0.682353
24454     0.674510
24455     0.670588
24456     0.670588
24457     0.698039
24458     0.705882
24459     0.713726
24460     0.709804
24461     0.701961
24462     0.698039
24463     0.694118
24464     0.698039
24465     0.694118
24466     0.698039
24467     0.698039
24468     0.705882
24469     0.717647
24470     0.733333
24471     0.745098
24472     0.752941
24473     0.752941
24474     0.749020
24475     0.745098
24476     0.737255
24477     0.729412
24478     0.717647
24479     0.705882
24480     0.694118
24481     0.698039
24482     0.694118
24483     0.678431
24484     0.650980
24485     0.615686
24486     0.588235
24487     0.576471
24488     0.576471
24489     0.584314
24490     0.592157
24491     0.603922
24492     0.611765
24493     0.619608
24494     0.619608
24495     0.623529
24496     0.623529
24497     0.619608
24498     0.619608
24499     0.619608
24500     0.607843
24501     0.596078
24502     0.588235
24503     0.592157
24504     0.596078
24505     0.600000
24506     0.592157
24507     0.627451
24508     0.709804
24509     0.780392
24510     0.796078
24511     0.772549
24512     0.745098
24513     0.725490
24514     0.709804
24515     0.690196
24516     0.529412
24517     0.521569
24518     0.517647
24519     0.521569
24520     0.529412
24521     0.533333
24522     0.533333
24523     0.529412
24524     0.537255
24525     0.541176
24526     0.541176
24527     0.537255
24528     0.529412
24529     0.529412
24530     0.537255
24531     0.541176
24532     0.529412
24533     0.529412
24534     0.525490
24535     0.517647
24536     0.509804
24537     0.513726
24538     0.525490
24539     0.533333
24540     0.572549
24541     0.580392
24542     0.584314
24543     0.584314
24544     0.588235
24545     0.596078
24546     0.611765
24547     0.623529
24548     0.615686
24549     0.584314
24550     0.549020
24551     0.533333
24552     0.541176
24553     0.556863
24554     0.568627
24555     0.572549
24556     0.568627
24557     0.576471
24558     0.588235
24559     0.600000
24560     0.603922
24561     0.615686
24562     0.627451
24563     0.639216
24564     0.666667
24565     0.666667
24566     0.662745
24567     0.662745
24568     0.658824
24569     0.650980
24570     0.647059
24571     0.643137
24572     0.654902
24573     0.670588
24574     0.686275
24575     0.690196
24576     0.690196
24577     0.701961
24578     0.721569
24579     0.741176
24580     0.733333
24581     0.698039
24582     0.654902
24583     0.619608
24584     0.603922
24585     0.611765
24586     0.623529
24587     0.627451
24588     0.631373
24589     0.619608
24590     0.603922
24591     0.588235
24592     0.580392
24593     0.576471
24594     0.572549
24595     0.572549
24596     0.568627
24597     0.572549
24598     0.576471
24599     0.580392
24600     0.584314
24601     0.576471
24602     0.564706
24603     0.552941
24604     0.592157
24605     0.603922
24606     0.619608
24607     0.615686
24608     0.584314
24609     0.552941
24610     0.564706
24611     0.596078
24612     0.603922
24613     0.603922
24614     0.607843
24615     0.615686
24616     0.611765
24617     0.596078
24618     0.572549
24619     0.552941
24620     0.533333
24621     0.525490
24622     0.509804
24623     0.501961
24624     0.494118
24625     0.490196
24626     0.482353
24627     0.478431
24628     0.486275
24629     0.498039
24630     0.513726
24631     0.525490
24632     0.549020
24633     0.600000
24634     0.670588
24635     0.721569
24636     0.709804
24637     0.705882
24638     0.682353
24639     0.635294
24640     0.580392
24641     0.545098
24642     0.541176
24643     0.552941
24644     0.541176
24645     0.545098
24646     0.564706
24647     0.596078
24648     0.615686
24649     0.619608
24650     0.627451
24651     0.639216
24652     0.611765
24653     0.603922
24654     0.600000
24655     0.592157
24656     0.568627
24657     0.545098
24658     0.556863
24659     0.584314
24660     0.592157
24661     0.635294
24662     0.690196
24663     0.737255
24664     0.756863
24665     0.737255
24666     0.698039
24667     0.662745
24668     0.647059
24669     0.647059
24670     0.654902
24671     0.666667
24672     0.686275
24673     0.713726
24674     0.737255
24675     0.749020
24676     0.737255
24677     0.729412
24678     0.717647
24679     0.705882
24680     0.694118
24681     0.682353
24682     0.678431
24683     0.674510
24684     0.709804
24685     0.717647
24686     0.725490
24687     0.725490
24688     0.713726
24689     0.705882
24690     0.701961
24691     0.701961
24692     0.678431
24693     0.682353
24694     0.682353
24695     0.690196
24696     0.701961
24697     0.717647
24698     0.729412
24699     0.737255
24700     0.745098
24701     0.745098
24702     0.741176
24703     0.733333
24704     0.717647
24705     0.705882
24706     0.698039
24707     0.698039
24708     0.701961
24709     0.690196
24710     0.674510
24711     0.643137
24712     0.615686
24713     0.592157
24714     0.580392
24715     0.576471
24716     0.580392
24717     0.588235
24718     0.600000
24719     0.611765
24720     0.623529
24721     0.627451
24722     0.627451
24723     0.623529
24724     0.623529
24725     0.627451
24726     0.623529
24727     0.611765
24728     0.596078
24729     0.588235
24730     0.588235
24731     0.592157
24732     0.623529
24733     0.639216
24734     0.690196
24735     0.760784
24736     0.800000
24737     0.784314
24738     0.745098
24739     0.717647
24740     0.701961
24741     0.686275
24742     0.662745
24743     0.529412
24744     0.533333
24745     0.537255
24746     0.549020
24747     0.556863
24748     0.556863
24749     0.545098
24750     0.533333
24751     0.521569
24752     0.521569
24753     0.517647
24754     0.513726
24755     0.513726
24756     0.513726
24757     0.513726
24758     0.517647
24759     0.525490
24760     0.529412
24761     0.533333
24762     0.529412
24763     0.525490
24764     0.529412
24765     0.537255
24766     0.545098
24767     0.584314
24768     0.588235
24769     0.588235
24770     0.584314
24771     0.580392
24772     0.588235
24773     0.600000
24774     0.611765
24775     0.568627
24776     0.549020
24777     0.521569
24778     0.509804
24779     0.513726
24780     0.533333
24781     0.556863
24782     0.568627
24783     0.584314
24784     0.596078
24785     0.607843
24786     0.615686
24787     0.619608
24788     0.623529
24789     0.635294
24790     0.643137
24791     0.670588
24792     0.670588
24793     0.666667
24794     0.666667
24795     0.666667
24796     0.670588
24797     0.674510
24798     0.674510
24799     0.690196
24800     0.701961
24801     0.721569
24802     0.729412
24803     0.733333
24804     0.737255
24805     0.741176
24806     0.741176
24807     0.749020
24808     0.717647
24809     0.670588
24810     0.639216
24811     0.627451
24812     0.635294
24813     0.647059
24814     0.654902
24815     0.643137
24816     0.619608
24817     0.588235
24818     0.564706
24819     0.552941
24820     0.549020
24821     0.549020
24822     0.545098
24823     0.545098
24824     0.552941
24825     0.560784
24826     0.564706
24827     0.556863
24828     0.545098
24829     0.533333
24830     0.521569
24831     0.564706
24832     0.568627
24833     0.576471
24834     0.564706
24835     0.529412
24836     0.501961
24837     0.521569
24838     0.556863
24839     0.564706
24840     0.564706
24841     0.568627
24842     0.576471
24843     0.576471
24844     0.560784
24845     0.541176
24846     0.521569
24847     0.529412
24848     0.521569
24849     0.505882
24850     0.486275
24851     0.474510
24852     0.466667
24853     0.462745
24854     0.458824
24855     0.454902
24856     0.478431
24857     0.498039
24858     0.513726
24859     0.545098
24860     0.619608
24861     0.725490
24862     0.803922
24863     0.780392
24864     0.760784
24865     0.721569
24866     0.662745
24867     0.603922
24868     0.564706
24869     0.552941
24870     0.556863
24871     0.560784
24872     0.564706
24873     0.576471
24874     0.588235
24875     0.592157
24876     0.596078
24877     0.596078
24878     0.596078
24879     0.611765
24880     0.592157
24881     0.576471
24882     0.564706
24883     0.556863
24884     0.564706
24885     0.603922
24886     0.647059
24887     0.721569
24888     0.749020
24889     0.768627
24890     0.749020
24891     0.717647
24892     0.690196
24893     0.658824
24894     0.635294
24895     0.635294
24896     0.639216
24897     0.650980
24898     0.670588
24899     0.690196
24900     0.717647
24901     0.737255
24902     0.749020
24903     0.729412
24904     0.725490
24905     0.717647
24906     0.709804
24907     0.698039
24908     0.690196
24909     0.682353
24910     0.674510
24911     0.701961
24912     0.713726
24913     0.725490
24914     0.725490
24915     0.713726
24916     0.701961
24917     0.698039
24918     0.694118
24919     0.674510
24920     0.674510
24921     0.678431
24922     0.682353
24923     0.690196
24924     0.701961
24925     0.713726
24926     0.717647
24927     0.737255
24928     0.741176
24929     0.737255
24930     0.725490
24931     0.709804
24932     0.701961
24933     0.698039
24934     0.701961
24935     0.698039
24936     0.686275
24937     0.666667
24938     0.643137
24939     0.619608
24940     0.603922
24941     0.592157
24942     0.588235
24943     0.592157
24944     0.592157
24945     0.603922
24946     0.619608
24947     0.635294
24948     0.643137
24949     0.643137
24950     0.635294
24951     0.639216
24952     0.639216
24953     0.635294
24954     0.623529
24955     0.611765
24956     0.600000
24957     0.603922
24958     0.607843
24959     0.623529
24960     0.647059
24961     0.698039
24962     0.752941
24963     0.772549
24964     0.745098
24965     0.709804
24966     0.698039
24967     0.678431
24968     0.662745
24969     0.647059
24970     0.552941
24971     0.552941
24972     0.560784
24973     0.568627
24974     0.576471
24975     0.572549
24976     0.560784
24977     0.545098
24978     0.525490
24979     0.521569
24980     0.513726
24981     0.513726
24982     0.513726
24983     0.513726
24984     0.513726
24985     0.513726
24986     0.533333
24987     0.541176
24988     0.552941
24989     0.556863
24990     0.556863
24991     0.556863
24992     0.560784
24993     0.564706
24994     0.572549
24995     0.576471
24996     0.576471
24997     0.572549
24998     0.568627
24999     0.572549
25000     0.580392
25001     0.592157
25002     0.545098
25003     0.537255
25004     0.521569
25005     0.513726
25006     0.517647
25007     0.537255
25008     0.572549
25009     0.596078
25010     0.627451
25011     0.631373
25012     0.631373
25013     0.627451
25014     0.623529
25015     0.623529
25016     0.631373
25017     0.639216
25018     0.654902
25019     0.658824
25020     0.670588
25021     0.682353
25022     0.694118
25023     0.701961
25024     0.705882
25025     0.709804
25026     0.717647
25027     0.721569
25028     0.725490
25029     0.737255
25030     0.749020
25031     0.752941
25032     0.749020
25033     0.745098
25034     0.752941
25035     0.729412
25036     0.698039
25037     0.674510
25038     0.666667
25039     0.666667
25040     0.670588
25041     0.670588
25042     0.631373
25043     0.600000
25044     0.560784
25045     0.529412
25046     0.521569
25047     0.521569
25048     0.525490
25049     0.525490
25050     0.525490
25051     0.537255
25052     0.549020
25053     0.552941
25054     0.549020
25055     0.537255
25056     0.525490
25057     0.517647
25058     0.545098
25059     0.529412
25060     0.517647
25061     0.517647
25062     0.501961
25063     0.482353
25064     0.486275
25065     0.501961
25066     0.513726
25067     0.517647
25068     0.521569
25069     0.529412
25070     0.537255
25071     0.529412
25072     0.513726
25073     0.501961
25074     0.517647
25075     0.513726
25076     0.498039
25077     0.478431
25078     0.462745
25079     0.454902
25080     0.454902
25081     0.458824
25082     0.454902
25083     0.470588
25084     0.490196
25085     0.513726
25086     0.552941
25087     0.623529
25088     0.709804
25089     0.772549
25090     0.737255
25091     0.713726
25092     0.674510
25093     0.631373
25094     0.600000
25095     0.580392
25096     0.576471
25097     0.576471
25098     0.576471
25099     0.584314
25100     0.588235
25101     0.588235
25102     0.588235
25103     0.588235
25104     0.580392
25105     0.572549
25106     0.603922
25107     0.592157
25108     0.592157
25109     0.607843
25110     0.627451
25111     0.647059
25112     0.682353
25113     0.717647
25114     0.760784
25115     0.772549
25116     0.756863
25117     0.709804
25118     0.666667
25119     0.650980
25120     0.635294
25121     0.615686
25122     0.627451
25123     0.635294
25124     0.647059
25125     0.666667
25126     0.690196
25127     0.709804
25128     0.729412
25129     0.737255
25130     0.729412
25131     0.725490
25132     0.721569
25133     0.713726
25134     0.701961
25135     0.690196
25136     0.678431
25137     0.670588
25138     0.682353
25139     0.694118
25140     0.705882
25141     0.709804
25142     0.698039
25143     0.686275
25144     0.682353
25145     0.678431
25146     0.686275
25147     0.686275
25148     0.682353
25149     0.682353
25150     0.686275
25151     0.694118
25152     0.705882
25153     0.709804
25154     0.733333
25155     0.737255
25156     0.737255
25157     0.725490
25158     0.709804
25159     0.698039
25160     0.701961
25161     0.709804
25162     0.694118
25163     0.682353
25164     0.658824
25165     0.639216
25166     0.623529
25167     0.615686
25168     0.607843
25169     0.603922
25170     0.611765
25171     0.607843
25172     0.611765
25173     0.627451
25174     0.650980
25175     0.662745
25176     0.662745
25177     0.654902
25178     0.662745
25179     0.662745
25180     0.658824
25181     0.647059
25182     0.635294
25183     0.627451
25184     0.627451
25185     0.631373
25186     0.623529
25187     0.627451
25188     0.654902
25189     0.698039
25190     0.713726
25191     0.701961
25192     0.686275
25193     0.686275
25194     0.662745
25195     0.650980
25196     0.635294
25197     0.572549
25198     0.572549
25199     0.572549
25200     0.580392
25201     0.584314
25202     0.584314
25203     0.572549
25204     0.560784
25205     0.541176
25206     0.533333
25207     0.525490
25208     0.525490
25209     0.525490
25210     0.529412
25211     0.525490
25212     0.521569
25213     0.541176
25214     0.552941
25215     0.572549
25216     0.580392
25217     0.580392
25218     0.576471
25219     0.580392
25220     0.580392
25221     0.556863
25222     0.560784
25223     0.560784
25224     0.556863
25225     0.552941
25226     0.560784
25227     0.568627
25228     0.580392
25229     0.541176
25230     0.545098
25231     0.541176
25232     0.533333
25233     0.537255
25234     0.556863
25235     0.596078
25236     0.627451
25237     0.666667
25238     0.658824
25239     0.647059
25240     0.627451
25241     0.615686
25242     0.615686
25243     0.627451
25244     0.639216
25245     0.635294
25246     0.650980
25247     0.674510
25248     0.698039
25249     0.717647
25250     0.729412
25251     0.733333
25252     0.733333
25253     0.729412
25254     0.721569
25255     0.721569
25256     0.733333
25257     0.749020
25258     0.760784
25259     0.752941
25260     0.745098
25261     0.749020
25262     0.733333
25263     0.717647
25264     0.705882
25265     0.694118
25266     0.686275
25267     0.674510
25268     0.666667
25269     0.615686
25270     0.580392
25271     0.537255
25272     0.505882
25273     0.498039
25274     0.505882
25275     0.513726
25276     0.513726
25277     0.513726
25278     0.529412
25279     0.545098
25280     0.552941
25281     0.549020
25282     0.537255
25283     0.529412
25284     0.525490
25285     0.533333
25286     0.501961
25287     0.478431
25288     0.486275
25289     0.498039
25290     0.486275
25291     0.466667
25292     0.454902
25293     0.478431
25294     0.482353
25295     0.486275
25296     0.498039
25297     0.509804
25298     0.513726
25299     0.505882
25300     0.494118
25301     0.509804
25302     0.505882
25303     0.494118
25304     0.474510
25305     0.458824
25306     0.454902
25307     0.458824
25308     0.462745
25309     0.490196
25310     0.498039
25311     0.513726
25312     0.541176
25313     0.580392
25314     0.631373
25315     0.682353
25316     0.717647
25317     0.650980
25318     0.631373
25319     0.600000
25320     0.584314
25321     0.580392
25322     0.588235
25323     0.596078
25324     0.600000
25325     0.592157
25326     0.600000
25327     0.603922
25328     0.596078
25329     0.596078
25330     0.592157
25331     0.584314
25332     0.576471
25333     0.588235
25334     0.600000
25335     0.635294
25336     0.690196
25337     0.725490
25338     0.737255
25339     0.745098
25340     0.756863
25341     0.705882
25342     0.713726
25343     0.698039
25344     0.658824
25345     0.639216
25346     0.639216
25347     0.623529
25348     0.600000
25349     0.623529
25350     0.631373
25351     0.643137
25352     0.662745
25353     0.682353
25354     0.701961
25355     0.717647
25356     0.725490
25357     0.733333
25358     0.729412
25359     0.725490
25360     0.717647
25361     0.705882
25362     0.690196
25363     0.674510
25364     0.666667
25365     0.666667
25366     0.678431
25367     0.690196
25368     0.694118
25369     0.686275
25370     0.674510
25371     0.666667
25372     0.662745
25373     0.698039
25374     0.698039
25375     0.694118
25376     0.690196
25377     0.690196
25378     0.698039
25379     0.701961
25380     0.705882
25381     0.729412
25382     0.737255
25383     0.737255
25384     0.725490
25385     0.709804
25386     0.701961
25387     0.709804
25388     0.717647
25389     0.690196
25390     0.678431
25391     0.654902
25392     0.639216
25393     0.631373
25394     0.623529
25395     0.619608
25396     0.615686
25397     0.627451
25398     0.619608
25399     0.619608
25400     0.635294
25401     0.658824
25402     0.674510
25403     0.678431
25404     0.674510
25405     0.678431
25406     0.678431
25407     0.674510
25408     0.666667
25409     0.650980
25410     0.647059
25411     0.647059
25412     0.650980
25413     0.627451
25414     0.607843
25415     0.611765
25416     0.643137
25417     0.666667
25418     0.674510
25419     0.670588
25420     0.670588
25421     0.654902
25422     0.643137
25423     0.631373
25424     0.603922
25425     0.600000
25426     0.584314
25427     0.584314
25428     0.615686
25429     0.647059
25430     0.623529
25431     0.580392
25432     0.549020
25433     0.533333
25434     0.541176
25435     0.568627
25436     0.584314
25437     0.584314
25438     0.600000
25439     0.623529
25440     0.603922
25441     0.580392
25442     0.556863
25443     0.572549
25444     0.603922
25445     0.619608
25446     0.603922
25447     0.580392
25448     0.580392
25449     0.576471
25450     0.576471
25451     0.572549
25452     0.572549
25453     0.572549
25454     0.576471
25455     0.576471
25456     0.576471
25457     0.576471
25458     0.560784
25459     0.541176
25460     0.549020
25461     0.600000
25462     0.647059
25463     0.670588
25464     0.666667
25465     0.658824
25466     0.647059
25467     0.623529
25468     0.603922
25469     0.607843
25470     0.631373
25471     0.650980
25472     0.674510
25473     0.682353
25474     0.694118
25475     0.701961
25476     0.709804
25477     0.717647
25478     0.733333
25479     0.745098
25480     0.713726
25481     0.713726
25482     0.713726
25483     0.717647
25484     0.721569
25485     0.729412
25486     0.737255
25487     0.741176
25488     0.752941
25489     0.737255
25490     0.725490
25491     0.721569
25492     0.717647
25493     0.701961
25494     0.666667
25495     0.639216
25496     0.576471
25497     0.541176
25498     0.501961
25499     0.494118
25500     0.509804
25501     0.521569
25502     0.517647
25503     0.505882
25504     0.509804
25505     0.513726
25506     0.517647
25507     0.521569
25508     0.525490
25509     0.529412
25510     0.529412
25511     0.529412
25512     0.494118
25513     0.490196
25514     0.482353
25515     0.474510
25516     0.466667
25517     0.462745
25518     0.458824
25519     0.458824
25520     0.490196
25521     0.474510
25522     0.470588
25523     0.490196
25524     0.513726
25525     0.517647
25526     0.486275
25527     0.454902
25528     0.486275
25529     0.478431
25530     0.474510
25531     0.470588
25532     0.478431
25533     0.490196
25534     0.505882
25535     0.513726
25536     0.501961
25537     0.501961
25538     0.517647
25539     0.545098
25540     0.584314
25541     0.615686
25542     0.631373
25543     0.631373
25544     0.611765
25545     0.600000
25546     0.611765
25547     0.635294
25548     0.611765
25549     0.572549
25550     0.580392
25551     0.623529
25552     0.607843
25553     0.615686
25554     0.611765
25555     0.600000
25556     0.603922
25557     0.631373
25558     0.647059
25559     0.647059
25560     0.682353
25561     0.713726
25562     0.749020
25563     0.768627
25564     0.760784
25565     0.741176
25566     0.721569
25567     0.713726
25568     0.674510
25569     0.670588
25570     0.658824
25571     0.647059
25572     0.631373
25573     0.615686
25574     0.607843
25575     0.600000
25576     0.635294
25577     0.658824
25578     0.686275
25579     0.701961
25580     0.705882
25581     0.705882
25582     0.713726
25583     0.725490
25584     0.709804
25585     0.721569
25586     0.733333
25587     0.733333
25588     0.721569
25589     0.701961
25590     0.690196
25591     0.682353
25592     0.670588
25593     0.674510
25594     0.674510
25595     0.666667
25596     0.654902
25597     0.654902
25598     0.670588
25599     0.686275
25600     0.698039
25601     0.694118
25602     0.686275
25603     0.682353
25604     0.690196
25605     0.698039
25606     0.713726
25607     0.721569
25608     0.721569
25609     0.721569
25610     0.729412
25611     0.729412
25612     0.729412
25613     0.717647
25614     0.705882
25615     0.698039
25616     0.678431
25617     0.658824
25618     0.639216
25619     0.627451
25620     0.627451
25621     0.627451
25622     0.619608
25623     0.611765
25624     0.615686
25625     0.615686
25626     0.619608
25627     0.635294
25628     0.662745
25629     0.686275
25630     0.698039
25631     0.705882
25632     0.701961
25633     0.694118
25634     0.686275
25635     0.670588
25636     0.654902
25637     0.635294
25638     0.619608
25639     0.611765
25640     0.611765
25641     0.627451
25642     0.639216
25643     0.639216
25644     0.631373
25645     0.631373
25646     0.643137
25647     0.654902
25648     0.643137
25649     0.643137
25650     0.643137
25651     0.603922
25652     0.611765
25653     0.615686
25654     0.623529
25655     0.650980
25656     0.670588
25657     0.650980
25658     0.607843
25659     0.600000
25660     0.600000
25661     0.619608
25662     0.650980
25663     0.650980
25664     0.631373
25665     0.615686
25666     0.619608
25667     0.596078
25668     0.576471
25669     0.564706
25670     0.580392
25671     0.603922
25672     0.619608
25673     0.611765
25674     0.596078
25675     0.572549
25676     0.568627
25677     0.568627
25678     0.568627
25679     0.568627
25680     0.572549
25681     0.576471
25682     0.580392
25683     0.549020
25684     0.552941
25685     0.545098
25686     0.541176
25687     0.572549
25688     0.631373
25689     0.682353
25690     0.698039
25691     0.666667
25692     0.650980
25693     0.623529
25694     0.600000
25695     0.592157
25696     0.603922
25697     0.635294
25698     0.654902
25699     0.678431
25700     0.682353
25701     0.690196
25702     0.690196
25703     0.694118
25704     0.701961
25705     0.717647
25706     0.729412
25707     0.713726
25708     0.705882
25709     0.701961
25710     0.698039
25711     0.701961
25712     0.713726
25713     0.729412
25714     0.741176
25715     0.745098
25716     0.733333
25717     0.721569
25718     0.717647
25719     0.709804
25720     0.690196
25721     0.654902
25722     0.623529
25723     0.572549
25724     0.549020
25725     0.517647
25726     0.505882
25727     0.509804
25728     0.513726
25729     0.509804
25730     0.505882
25731     0.509804
25732     0.513726
25733     0.517647
25734     0.525490
25735     0.529412
25736     0.533333
25737     0.533333
25738     0.533333
25739     0.521569
25740     0.517647
25741     0.505882
25742     0.490196
25743     0.478431
25744     0.466667
25745     0.458824
25746     0.458824
25747     0.482353
25748     0.482353
25749     0.482353
25750     0.482353
25751     0.482353
25752     0.486275
25753     0.482353
25754     0.482353
25755     0.474510
25756     0.470588
25757     0.462745
25758     0.462745
25759     0.470588
25760     0.486275
25761     0.501961
25762     0.513726
25763     0.498039
25764     0.498039
25765     0.509804
25766     0.541176
25767     0.580392
25768     0.607843
25769     0.615686
25770     0.611765
25771     0.592157
25772     0.580392
25773     0.596078
25774     0.619608
25775     0.607843
25776     0.564706
25777     0.560784
25778     0.592157
25779     0.603922
25780     0.600000
25781     0.580392
25782     0.572549
25783     0.600000
25784     0.654902
25785     0.701961
25786     0.717647
25787     0.756863
25788     0.760784
25789     0.764706
25790     0.749020
25791     0.725490
25792     0.701961
25793     0.690196
25794     0.686275
25795     0.674510
25796     0.670588
25797     0.662745
25798     0.650980
25799     0.643137
25800     0.631373
25801     0.627451
25802     0.623529
25803     0.639216
25804     0.662745
25805     0.686275
25806     0.701961
25807     0.701961
25808     0.698039
25809     0.701961
25810     0.701961
25811     0.698039
25812     0.709804
25813     0.725490
25814     0.729412
25815     0.717647
25816     0.701961
25817     0.694118
25818     0.686275
25819     0.678431
25820     0.682353
25821     0.682353
25822     0.670588
25823     0.662745
25824     0.666667
25825     0.682353
25826     0.698039
25827     0.701961
25828     0.698039
25829     0.690196
25830     0.682353
25831     0.690196
25832     0.701961
25833     0.717647
25834     0.725490
25835     0.733333
25836     0.737255
25837     0.733333
25838     0.725490
25839     0.713726
25840     0.705882
25841     0.698039
25842     0.698039
25843     0.686275
25844     0.666667
25845     0.647059
25846     0.639216
25847     0.639216
25848     0.639216
25849     0.635294
25850     0.627451
25851     0.635294
25852     0.631373
25853     0.627451
25854     0.639216
25855     0.662745
25856     0.686275
25857     0.698039
25858     0.705882
25859     0.701961
25860     0.698039
25861     0.686275
25862     0.670588
25863     0.650980
25864     0.631373
25865     0.615686
25866     0.607843
25867     0.623529
25868     0.631373
25869     0.643137
25870     0.639216
25871     0.627451
25872     0.627451
25873     0.639216
25874     0.654902
25875     0.647059
25876     0.647059
25877     0.647059
25878     0.623529
25879     0.643137
25880     0.662745
25881     0.678431
25882     0.698039
25883     0.705882
25884     0.690196
25885     0.662745
25886     0.670588
25887     0.682353
25888     0.709804
25889     0.733333
25890     0.721569
25891     0.674510
25892     0.631373
25893     0.611765
25894     0.600000
25895     0.596078
25896     0.596078
25897     0.603922
25898     0.619608
25899     0.627451
25900     0.627451
25901     0.623529
25902     0.588235
25903     0.580392
25904     0.572549
25905     0.564706
25906     0.560784
25907     0.556863
25908     0.560784
25909     0.560784
25910     0.568627
25911     0.568627
25912     0.560784
25913     0.568627
25914     0.603922
25915     0.654902
25916     0.682353
25917     0.682353
25918     0.662745
25919     0.635294
25920     0.600000
25921     0.576471
25922     0.584314
25923     0.607843
25924     0.639216
25925     0.658824
25926     0.682353
25927     0.682353
25928     0.682353
25929     0.678431
25930     0.674510
25931     0.682353
25932     0.694118
25933     0.709804
25934     0.709804
25935     0.698039
25936     0.686275
25937     0.678431
25938     0.682353
25939     0.698039
25940     0.717647
25941     0.729412
25942     0.733333
25943     0.725490
25944     0.713726
25945     0.705882
25946     0.698039
25947     0.670588
25948     0.635294
25949     0.603922
25950     0.572549
25951     0.560784
25952     0.541176
25953     0.525490
25954     0.513726
25955     0.505882
25956     0.505882
25957     0.505882
25958     0.509804
25959     0.513726
25960     0.517647
25961     0.525490
25962     0.529412
25963     0.533333
25964     0.533333
25965     0.533333
25966     0.537255
25967     0.529412
25968     0.513726
25969     0.498039
25970     0.478431
25971     0.462745
25972     0.454902
25973     0.450980
25974     0.470588
25975     0.486275
25976     0.490196
25977     0.474510
25978     0.450980
25979     0.450980
25980     0.474510
25981     0.501961
25982     0.466667
25983     0.458824
25984     0.454902
25985     0.450980
25986     0.462745
25987     0.478431
25988     0.498039
25989     0.509804
25990     0.505882
25991     0.501961
25992     0.509804
25993     0.537255
25994     0.576471
25995     0.596078
25996     0.596078
25997     0.584314
25998     0.588235
25999     0.568627
26000     0.572549
26001     0.596078
26002     0.603922
26003     0.588235
26004     0.596078
26005     0.627451
26006     0.627451
26007     0.643137
26008     0.658824
26009     0.682353
26010     0.717647
26011     0.749020
26012     0.749020
26013     0.733333
26014     0.756863
26015     0.749020
26016     0.729412
26017     0.701961
26018     0.682353
26019     0.674510
26020     0.678431
26021     0.690196
26022     0.674510
26023     0.670588
26024     0.662745
26025     0.654902
26026     0.650980
26027     0.647059
26028     0.647059
26029     0.647059
26030     0.650980
26031     0.666667
26032     0.686275
26033     0.694118
26034     0.690196
26035     0.682353
26036     0.674510
26037     0.674510
26038     0.678431
26039     0.694118
26040     0.709804
26041     0.713726
26042     0.709804
26043     0.698039
26044     0.694118
26045     0.694118
26046     0.694118
26047     0.694118
26048     0.690196
26049     0.686275
26050     0.682353
26051     0.686275
26052     0.701961
26053     0.713726
26054     0.705882
26055     0.698039
26056     0.686275
26057     0.682353
26058     0.686275
26059     0.701961
26060     0.717647
26061     0.729412
26062     0.745098
26063     0.745098
26064     0.737255
26065     0.717647
26066     0.694118
26067     0.682353
26068     0.690196
26069     0.701961
26070     0.694118
26071     0.682353
26072     0.666667
26073     0.658824
26074     0.658824
26075     0.654902
26076     0.650980
26077     0.647059
26078     0.654902
26079     0.647059
26080     0.639216
26081     0.643137
26082     0.658824
26083     0.678431
26084     0.694118
26085     0.698039
26086     0.698039
26087     0.690196
26088     0.682353
26089     0.666667
26090     0.650980
26091     0.631373
26092     0.615686
26093     0.607843
26094     0.631373
26095     0.639216
26096     0.643137
26097     0.635294
26098     0.623529
26099     0.623529
26100     0.639216
26101     0.654902
26102     0.650980
26103     0.650980
26104     0.650980
26105     0.662745
26106     0.686275
26107     0.709804
26108     0.725490
26109     0.733333
26110     0.733333
26111     0.729412
26112     0.721569
26113     0.729412
26114     0.741176
26115     0.752941
26116     0.756863
26117     0.733333
26118     0.690196
26119     0.647059
26120     0.623529
26121     0.619608
26122     0.627451
26123     0.631373
26124     0.635294
26125     0.635294
26126     0.635294
26127     0.639216
26128     0.643137
26129     0.615686
26130     0.603922
26131     0.584314
26132     0.560784
26133     0.541176
26134     0.529412
26135     0.521569
26136     0.521569
26137     0.549020
26138     0.556863
26139     0.568627
26140     0.588235
26141     0.627451
26142     0.666667
26143     0.662745
26144     0.639216
26145     0.639216
26146     0.611765
26147     0.584314
26148     0.576471
26149     0.596078
26150     0.623529
26151     0.643137
26152     0.654902
26153     0.678431
26154     0.678431
26155     0.674510
26156     0.670588
26157     0.666667
26158     0.670588
26159     0.686275
26160     0.701961
26161     0.694118
26162     0.686275
26163     0.678431
26164     0.674510
26165     0.678431
26166     0.690196
26167     0.701961
26168     0.713726
26169     0.717647
26170     0.709804
26171     0.701961
26172     0.690196
26173     0.678431
26174     0.650980
26175     0.615686
26176     0.592157
26177     0.572549
26178     0.572549
26179     0.564706
26180     0.541176
26181     0.513726
26182     0.498039
26183     0.501961
26184     0.505882
26185     0.513726
26186     0.513726
26187     0.517647
26188     0.521569
26189     0.525490
26190     0.521569
26191     0.521569
26192     0.521569
26193     0.517647
26194     0.509804
26195     0.498039
26196     0.486275
26197     0.470588
26198     0.462745
26199     0.454902
26200     0.450980
26201     0.470588
26202     0.482353
26203     0.486275
26204     0.466667
26205     0.447059
26206     0.443137
26207     0.466667
26208     0.494118
26209     0.466667
26210     0.458824
26211     0.450980
26212     0.450980
26213     0.458824
26214     0.474510
26215     0.494118
26216     0.505882
26217     0.521569
26218     0.517647
26219     0.521569
26220     0.541176
26221     0.568627
26222     0.584314
26223     0.572549
26224     0.556863
26225     0.572549
26226     0.545098
26227     0.541176
26228     0.568627
26229     0.607843
26230     0.639216
26231     0.678431
26232     0.713726
26233     0.741176
26234     0.760784
26235     0.776471
26236     0.788235
26237     0.800000
26238     0.788235
26239     0.745098
26240     0.698039
26241     0.662745
26242     0.662745
26243     0.654902
26244     0.654902
26245     0.658824
26246     0.670588
26247     0.690196
26248     0.701961
26249     0.666667
26250     0.662745
26251     0.658824
26252     0.650980
26253     0.647059
26254     0.647059
26255     0.650980
26256     0.650980
26257     0.654902
26258     0.662745
26259     0.678431
26260     0.682353
26261     0.678431
26262     0.666667
26263     0.654902
26264     0.647059
26265     0.658824
26266     0.670588
26267     0.686275
26268     0.694118
26269     0.694118
26270     0.690196
26271     0.686275
26272     0.690196
26273     0.701961
26274     0.701961
26275     0.698039
26276     0.698039
26277     0.698039
26278     0.705882
26279     0.713726
26280     0.721569
26281     0.698039
26282     0.690196
26283     0.682353
26284     0.678431
26285     0.682353
26286     0.698039
26287     0.713726
26288     0.725490
26289     0.733333
26290     0.733333
26291     0.725490
26292     0.698039
26293     0.674510
26294     0.670588
26295     0.686275
26296     0.705882
26297     0.701961
26298     0.694118
26299     0.686275
26300     0.678431
26301     0.674510
26302     0.670588
26303     0.666667
26304     0.666667
26305     0.666667
26306     0.654902
26307     0.639216
26308     0.639216
26309     0.650980
26310     0.666667
26311     0.678431
26312     0.686275
26313     0.678431
26314     0.678431
26315     0.670588
26316     0.662745
26317     0.650980
26318     0.635294
26319     0.623529
26320     0.619608
26321     0.643137
26322     0.647059
26323     0.647059
26324     0.639216
26325     0.623529
26326     0.619608
26327     0.635294
26328     0.650980
26329     0.654902
26330     0.654902
26331     0.654902
26332     0.701961
26333     0.713726
26334     0.733333
26335     0.749020
26336     0.749020
26337     0.749020
26338     0.756863
26339     0.764706
26340     0.772549
26341     0.768627
26342     0.756863
26343     0.733333
26344     0.709804
26345     0.690196
26346     0.666667
26347     0.650980
26348     0.639216
26349     0.647059
26350     0.654902
26351     0.650980
26352     0.639216
26353     0.631373
26354     0.631373
26355     0.635294
26356     0.611765
26357     0.600000
26358     0.572549
26359     0.549020
26360     0.525490
26361     0.513726
26362     0.505882
26363     0.501961
26364     0.509804
26365     0.533333
26366     0.560784
26367     0.600000
26368     0.647059
26369     0.674510
26370     0.658824
26371     0.623529
26372     0.600000
26373     0.588235
26374     0.584314
26375     0.592157
26376     0.619608
26377     0.639216
26378     0.647059
26379     0.647059
26380     0.670588
26381     0.674510
26382     0.674510
26383     0.670588
26384     0.666667
26385     0.674510
26386     0.686275
26387     0.701961
26388     0.674510
26389     0.674510
26390     0.678431
26391     0.682353
26392     0.682353
26393     0.686275
26394     0.690196
26395     0.690196
26396     0.698039
26397     0.690196
26398     0.682353
26399     0.674510
26400     0.658824
26401     0.635294
26402     0.607843
26403     0.592157
26404     0.580392
26405     0.584314
26406     0.576471
26407     0.549020
26408     0.517647
26409     0.498039
26410     0.501961
26411     0.513726
26412     0.517647
26413     0.521569
26414     0.521569
26415     0.517647
26416     0.517647
26417     0.509804
26418     0.505882
26419     0.501961
26420     0.494118
26421     0.490196
26422     0.486275
26423     0.478431
26424     0.474510
26425     0.474510
26426     0.474510
26427     0.474510
26428     0.474510
26429     0.474510
26430     0.474510
26431     0.470588
26432     0.466667
26433     0.462745
26434     0.466667
26435     0.466667
26436     0.470588
26437     0.466667
26438     0.458824
26439     0.458824
26440     0.462745
26441     0.474510
26442     0.486275
26443     0.494118
26444     0.517647
26445     0.513726
26446     0.517647
26447     0.533333
26448     0.549020
26449     0.552941
26450     0.549020
26451     0.541176
26452     0.533333
26453     0.533333
26454     0.556863
26455     0.607843
26456     0.666667
26457     0.713726
26458     0.756863
26459     0.784314
26460     0.870588
26461     0.850980
26462     0.807843
26463     0.760784
26464     0.729412
26465     0.713726
26466     0.690196
26467     0.658824
26468     0.603922
26469     0.607843
26470     0.623529
26471     0.639216
26472     0.650980
26473     0.662745
26474     0.662745
26475     0.662745
26476     0.658824
26477     0.650980
26478     0.643137
26479     0.635294
26480     0.631373
26481     0.635294
26482     0.639216
26483     0.643137
26484     0.650980
26485     0.654902
26486     0.658824
26487     0.662745
26488     0.662745
26489     0.654902
26490     0.643137
26491     0.631373
26492     0.643137
26493     0.654902
26494     0.670588
26495     0.678431
26496     0.678431
26497     0.674510
26498     0.678431
26499     0.682353
26500     0.705882
26501     0.705882
26502     0.705882
26503     0.709804
26504     0.713726
26505     0.713726
26506     0.713726
26507     0.713726
26508     0.682353
26509     0.678431
26510     0.678431
26511     0.678431
26512     0.682353
26513     0.698039
26514     0.709804
26515     0.717647
26516     0.713726
26517     0.709804
26518     0.698039
26519     0.682353
26520     0.666667
26521     0.670588
26522     0.686275
26523     0.705882
26524     0.705882
26525     0.705882
26526     0.701961
26527     0.690196
26528     0.682353
26529     0.674510
26530     0.670588
26531     0.670588
26532     0.658824
26533     0.647059
26534     0.635294
26535     0.635294
26536     0.643137
26537     0.654902
26538     0.666667
26539     0.666667
26540     0.658824
26541     0.658824
26542     0.658824
26543     0.654902
26544     0.650980
26545     0.643137
26546     0.635294
26547     0.631373
26548     0.643137
26549     0.650980
26550     0.650980
26551     0.643137
26552     0.627451
26553     0.623529
26554     0.635294
26555     0.647059
26556     0.650980
26557     0.650980
26558     0.650980
26559     0.701961
26560     0.705882
26561     0.721569
26562     0.745098
26563     0.752941
26564     0.752941
26565     0.760784
26566     0.780392
26567     0.788235
26568     0.780392
26569     0.749020
26570     0.709804
26571     0.686275
26572     0.686275
26573     0.686275
26574     0.674510
26575     0.647059
26576     0.650980
26577     0.654902
26578     0.650980
26579     0.639216
26580     0.627451
26581     0.619608
26582     0.615686
26583     0.592157
26584     0.584314
26585     0.564706
26586     0.549020
26587     0.541176
26588     0.541176
26589     0.545098
26590     0.549020
26591     0.584314
26592     0.603922
26593     0.623529
26594     0.635294
26595     0.654902
26596     0.654902
26597     0.627451
26598     0.592157
26599     0.560784
26600     0.568627
26601     0.584314
26602     0.607843
26603     0.631373
26604     0.647059
26605     0.647059
26606     0.647059
26607     0.666667
26608     0.670588
26609     0.678431
26610     0.674510
26611     0.670588
26612     0.674510
26613     0.682353
26614     0.690196
26615     0.658824
26616     0.666667
26617     0.674510
26618     0.678431
26619     0.682353
26620     0.678431
26621     0.674510
26622     0.670588
26623     0.678431
26624     0.674510
26625     0.666667
26626     0.654902
26627     0.639216
26628     0.623529
26629     0.611765
26630     0.603922
26631     0.592157
26632     0.592157
26633     0.576471
26634     0.549020
26635     0.521569
26636     0.505882
26637     0.509804
26638     0.517647
26639     0.521569
26640     0.521569
26641     0.521569
26642     0.521569
26643     0.517647
26644     0.509804
26645     0.505882
26646     0.501961
26647     0.494118
26648     0.494118
26649     0.490196
26650     0.490196
26651     0.494118
26652     0.494118
26653     0.498039
26654     0.501961
26655     0.482353
26656     0.474510
26657     0.470588
26658     0.478431
26659     0.486275
26660     0.482353
26661     0.466667
26662     0.450980
26663     0.474510
26664     0.470588
26665     0.470588
26666     0.466667
26667     0.466667
26668     0.466667
26669     0.466667
26670     0.466667
26671     0.486275
26672     0.498039
26673     0.509804
26674     0.517647
26675     0.521569
26676     0.525490
26677     0.541176
26678     0.552941
26679     0.564706
26680     0.600000
26681     0.662745
26682     0.729412
26683     0.780392
26684     0.807843
26685     0.819608
26686     0.827451
26687     0.862745
26688     0.847059
26689     0.800000
26690     0.729412
26691     0.678431
26692     0.647059
26693     0.623529
26694     0.600000
26695     0.615686
26696     0.619608
26697     0.627451
26698     0.635294
26699     0.635294
26700     0.627451
26701     0.607843
26702     0.588235
26703     0.639216
26704     0.631373
26705     0.623529
26706     0.615686
26707     0.615686
26708     0.619608
26709     0.623529
26710     0.631373
26711     0.643137
26712     0.639216
26713     0.635294
26714     0.639216
26715     0.647059
26716     0.647059
26717     0.643137
26718     0.635294
26719     0.647059
26720     0.658824
26721     0.670588
26722     0.674510
26723     0.670588
26724     0.666667
26725     0.670588
26726     0.674510
26727     0.701961
26728     0.701961
26729     0.705882
26730     0.713726
26731     0.721569
26732     0.717647
26733     0.701961
26734     0.690196
26735     0.674510
26736     0.674510
26737     0.678431
26738     0.686275
26739     0.694118
26740     0.701961
26741     0.709804
26742     0.713726
26743     0.694118
26744     0.690196
26745     0.682353
26746     0.678431
26747     0.678431
26748     0.682353
26749     0.690196
26750     0.694118
26751     0.709804
26752     0.709804
26753     0.705882
26754     0.694118
26755     0.678431
26756     0.666667
26757     0.666667
26758     0.666667
26759     0.639216
26760     0.631373
26761     0.627451
26762     0.631373
26763     0.643137
26764     0.650980
26765     0.654902
26766     0.654902
26767     0.650980
26768     0.650980
26769     0.650980
26770     0.650980
26771     0.647059
26772     0.643137
26773     0.639216
26774     0.635294
26775     0.639216
26776     0.647059
26777     0.654902
26778     0.650980
26779     0.635294
26780     0.627451
26781     0.635294
26782     0.643137
26783     0.643137
26784     0.643137
26785     0.643137
26786     0.666667
26787     0.662745
26788     0.686275
26789     0.729412
26790     0.752941
26791     0.749020
26792     0.752941
26793     0.768627
26794     0.776471
26795     0.768627
26796     0.741176
26797     0.694118
26798     0.670588
26799     0.678431
26800     0.678431
26801     0.666667
26802     0.658824
26803     0.658824
26804     0.658824
26805     0.658824
26806     0.654902
26807     0.643137
26808     0.631373
26809     0.623529
26810     0.607843
26811     0.603922
26812     0.592157
26813     0.588235
26814     0.592157
26815     0.607843
26816     0.623529
26817     0.631373
26818     0.674510
26819     0.682353
26820     0.670588
26821     0.639216
26822     0.615686
26823     0.592157
26824     0.564706
26825     0.533333
26826     0.529412
26827     0.549020
26828     0.580392
26829     0.607843
26830     0.623529
26831     0.635294
26832     0.647059
26833     0.650980
26834     0.666667
26835     0.674510
26836     0.682353
26837     0.678431
26838     0.670588
26839     0.666667
26840     0.662745
26841     0.666667
26842     0.654902
26843     0.654902
26844     0.658824
26845     0.658824
26846     0.662745
26847     0.662745
26848     0.662745
26849     0.662745
26850     0.662745
26851     0.658824
26852     0.650980
26853     0.635294
26854     0.623529
26855     0.619608
26856     0.623529
26857     0.623529
26858     0.607843
26859     0.596078
26860     0.572549
26861     0.545098
26862     0.525490
26863     0.517647
26864     0.521569
26865     0.525490
26866     0.517647
26867     0.521569
26868     0.525490
26869     0.525490
26870     0.525490
26871     0.525490
26872     0.521569
26873     0.517647
26874     0.517647
26875     0.513726
26876     0.509804
26877     0.505882
26878     0.501961
26879     0.501961
26880     0.501961
26881     0.501961
26882     0.494118
26883     0.486275
26884     0.482353
26885     0.486275
26886     0.490196
26887     0.486275
26888     0.474510
26889     0.462745
26890     0.474510
26891     0.474510
26892     0.474510
26893     0.470588
26894     0.462745
26895     0.450980
26896     0.439216
26897     0.435294
26898     0.458824
26899     0.482353
26900     0.505882
26901     0.513726
26902     0.509804
26903     0.525490
26904     0.564706
26905     0.600000
26906     0.674510
26907     0.721569
26908     0.780392
26909     0.819608
26910     0.839216
26911     0.843137
26912     0.839216
26913     0.835294
26914     0.807843
26915     0.807843
26916     0.776471
26917     0.709804
26918     0.647059
26919     0.615686
26920     0.600000
26921     0.588235
26922     0.615686
26923     0.607843
26924     0.600000
26925     0.600000
26926     0.603922
26927     0.596078
26928     0.580392
26929     0.568627
26930     0.615686
26931     0.607843
26932     0.600000
26933     0.596078
26934     0.600000
26935     0.611765
26936     0.623529
26937     0.631373
26938     0.631373
26939     0.619608
26940     0.611765
26941     0.615686
26942     0.631373
26943     0.643137
26944     0.647059
26945     0.647059
26946     0.662745
26947     0.670588
26948     0.678431
26949     0.678431
26950     0.674510
26951     0.666667
26952     0.666667
26953     0.670588
26954     0.690196
26955     0.694118
26956     0.705882
26957     0.717647
26958     0.725490
26959     0.709804
26960     0.686275
26961     0.662745
26962     0.670588
26963     0.678431
26964     0.690196
26965     0.701961
26966     0.709804
26967     0.713726
26968     0.713726
26969     0.713726
26970     0.694118
26971     0.682353
26972     0.678431
26973     0.682353
26974     0.698039
26975     0.701961
26976     0.690196
26977     0.678431
26978     0.705882
26979     0.709804
26980     0.709804
26981     0.694118
26982     0.674510
26983     0.658824
26984     0.654902
26985     0.654902
26986     0.619608
26987     0.619608
26988     0.623529
26989     0.631373
26990     0.647059
26991     0.654902
26992     0.654902
26993     0.650980
26994     0.654902
26995     0.654902
26996     0.654902
26997     0.650980
26998     0.643137
26999     0.635294
27000     0.631373
27001     0.627451
27002     0.627451
27003     0.643137
27004     0.658824
27005     0.658824
27006     0.643137
27007     0.635294
27008     0.635294
27009     0.643137
27010     0.631373
27011     0.631373
27012     0.631373
27013     0.627451
27014     0.627451
27015     0.658824
27016     0.717647
27017     0.749020
27018     0.749020
27019     0.745098
27020     0.752941
27021     0.749020
27022     0.752941
27023     0.729412
27024     0.686275
27025     0.666667
27026     0.670588
27027     0.662745
27028     0.639216
27029     0.670588
27030     0.666667
27031     0.666667
27032     0.670588
27033     0.674510
27034     0.670588
27035     0.654902
27036     0.639216
27037     0.647059
27038     0.643137
27039     0.635294
27040     0.635294
27041     0.647059
27042     0.662745
27043     0.682353
27044     0.698039
27045     0.666667
27046     0.666667
27047     0.639216
27048     0.588235
27049     0.549020
27050     0.529412
27051     0.513726
27052     0.498039
27053     0.513726
27054     0.537255
27055     0.572549
27056     0.600000
27057     0.611765
27058     0.623529
27059     0.643137
27060     0.658824
27061     0.666667
27062     0.678431
27063     0.686275
27064     0.682353
27065     0.670588
27066     0.654902
27067     0.647059
27068     0.647059
27069     0.654902
27070     0.650980
27071     0.643137
27072     0.639216
27073     0.643137
27074     0.647059
27075     0.654902
27076     0.658824
27077     0.654902
27078     0.650980
27079     0.639216
27080     0.627451
27081     0.615686
27082     0.619608
27083     0.627451
27084     0.639216
27085     0.615686
27086     0.596078
27087     0.568627
27088     0.541176
27089     0.525490
27090     0.521569
27091     0.525490
27092     0.529412
27093     0.513726
27094     0.517647
27095     0.525490
27096     0.529412
27097     0.537255
27098     0.537255
27099     0.537255
27100     0.537255
27101     0.533333
27102     0.529412
27103     0.517647
27104     0.509804
27105     0.498039
27106     0.490196
27107     0.486275
27108     0.486275
27109     0.498039
27110     0.498039
27111     0.494118
27112     0.490196
27113     0.482353
27114     0.478431
27115     0.478431
27116     0.482353
27117     0.474510
27118     0.474510
27119     0.478431
27120     0.474510
27121     0.462745
27122     0.443137
27123     0.423529
27124     0.411765
27125     0.447059
27126     0.482353
27127     0.513726
27128     0.521569
27129     0.517647
27130     0.541176
27131     0.596078
27132     0.647059
27133     0.764706
27134     0.796078
27135     0.823529
27136     0.823529
27137     0.811765
27138     0.807843
27139     0.815686
27140     0.819608
27141     0.815686
27142     0.792157
27143     0.725490
27144     0.627451
27145     0.564706
27146     0.568627
27147     0.611765
27148     0.643137
27149     0.580392
27150     0.564706
27151     0.552941
27152     0.556863
27153     0.572549
27154     0.588235
27155     0.596078
27156     0.600000
27157     0.596078
27158     0.592157
27159     0.588235
27160     0.588235
27161     0.596078
27162     0.611765
27163     0.627451
27164     0.639216
27165     0.623529
27166     0.607843
27167     0.596078
27168     0.603922
27169     0.623529
27170     0.643137
27171     0.654902
27172     0.654902
27173     0.678431
27174     0.686275
27175     0.690196
27176     0.686275
27177     0.678431
27178     0.670588
27179     0.670588
27180     0.674510
27181     0.682353
27182     0.690196
27183     0.701961
27184     0.717647
27185     0.725490
27186     0.705882
27187     0.674510
27188     0.643137
27189     0.670588
27190     0.682353
27191     0.698039
27192     0.713726
27193     0.725490
27194     0.725490
27195     0.721569
27196     0.717647
27197     0.701961
27198     0.686275
27199     0.678431
27200     0.694118
27201     0.713726
27202     0.717647
27203     0.694118
27204     0.666667
27205     0.701961
27206     0.709804
27207     0.709804
27208     0.694118
27209     0.666667
27210     0.647059
27211     0.643137
27212     0.647059
27213     0.611765
27214     0.611765
27215     0.619608
27216     0.635294
27217     0.654902
27218     0.662745
27219     0.658824
27220     0.650980
27221     0.662745
27222     0.662745
27223     0.658824
27224     0.650980
27225     0.639216
27226     0.631373
27227     0.619608
27228     0.615686
27229     0.619608
27230     0.639216
27231     0.658824
27232     0.662745
27233     0.650980
27234     0.639216
27235     0.635294
27236     0.639216
27237     0.623529
27238     0.623529
27239     0.627451
27240     0.607843
27241     0.619608
27242     0.650980
27243     0.694118
27244     0.733333
27245     0.749020
27246     0.741176
27247     0.729412
27248     0.745098
27249     0.717647
27250     0.694118
27251     0.686275
27252     0.694118
27253     0.690196
27254     0.662745
27255     0.635294
27256     0.658824
27257     0.658824
27258     0.658824
27259     0.654902
27260     0.650980
27261     0.658824
27262     0.674510
27263     0.686275
27264     0.666667
27265     0.666667
27266     0.670588
27267     0.678431
27268     0.682353
27269     0.678431
27270     0.670588
27271     0.662745
27272     0.568627
27273     0.525490
27274     0.490196
27275     0.482353
27276     0.478431
27277     0.474510
27278     0.490196
27279     0.517647
27280     0.529412
27281     0.552941
27282     0.584314
27283     0.600000
27284     0.607843
27285     0.619608
27286     0.643137
27287     0.662745
27288     0.670588
27289     0.670588
27290     0.674510
27291     0.678431
27292     0.674510
27293     0.658824
27294     0.635294
27295     0.619608
27296     0.639216
27297     0.647059
27298     0.647059
27299     0.647059
27300     0.643137
27301     0.643137
27302     0.654902
27303     0.662745
27304     0.647059
27305     0.639216
27306     0.631373
27307     0.623529
27308     0.619608
27309     0.615686
27310     0.619608
27311     0.619608
27312     0.611765
27313     0.603922
27314     0.588235
27315     0.572549
27316     0.560784
27317     0.556863
27318     0.556863
27319     0.560784
27320     0.541176
27321     0.533333
27322     0.521569
27323     0.513726
27324     0.517647
27325     0.521569
27326     0.533333
27327     0.541176
27328     0.556863
27329     0.552941
27330     0.541176
27331     0.521569
27332     0.505882
27333     0.494118
27334     0.494118
27335     0.494118
27336     0.494118
27337     0.474510
27338     0.470588
27339     0.486275
27340     0.490196
27341     0.482353
27342     0.478431
27343     0.490196
27344     0.509804
27345     0.474510
27346     0.466667
27347     0.482353
27348     0.462745
27349     0.411765
27350     0.396078
27351     0.415686
27352     0.454902
27353     0.494118
27354     0.517647
27355     0.525490
27356     0.564706
27357     0.643137
27358     0.721569
27359     0.760784
27360     0.745098
27361     0.686275
27362     0.670588
27363     0.737255
27364     0.803922
27365     0.815686
27366     0.811765
27367     0.819608
27368     0.827451
27369     0.737255
27370     0.635294
27371     0.580392
27372     0.556863
27373     0.549020
27374     0.572549
27375     0.600000
27376     0.584314
27377     0.556863
27378     0.525490
27379     0.509804
27380     0.517647
27381     0.545098
27382     0.576471
27383     0.592157
27384     0.592157
27385     0.580392
27386     0.568627
27387     0.568627
27388     0.584314
27389     0.600000
27390     0.603922
27391     0.600000
27392     0.611765
27393     0.603922
27394     0.607843
27395     0.619608
27396     0.623529
27397     0.627451
27398     0.650980
27399     0.682353
27400     0.662745
27401     0.666667
27402     0.670588
27403     0.674510
27404     0.678431
27405     0.674510
27406     0.674510
27407     0.674510
27408     0.694118
27409     0.698039
27410     0.705882
27411     0.705882
27412     0.701961
27413     0.694118
27414     0.682353
27415     0.674510
27416     0.678431
27417     0.701961
27418     0.721569
27419     0.725490
27420     0.713726
27421     0.705882
27422     0.709804
27423     0.721569
27424     0.721569
27425     0.729412
27426     0.733333
27427     0.725490
27428     0.717647
27429     0.705882
27430     0.705882
27431     0.709804
27432     0.694118
27433     0.690196
27434     0.682353
27435     0.670588
27436     0.650980
27437     0.635294
27438     0.619608
27439     0.611765
27440     0.600000
27441     0.627451
27442     0.654902
27443     0.654902
27444     0.631373
27445     0.615686
27446     0.619608
27447     0.635294
27448     0.654902
27449     0.647059
27450     0.635294
27451     0.635294
27452     0.643137
27453     0.650980
27454     0.650980
27455     0.650980
27456     0.666667
27457     0.662745
27458     0.658824
27459     0.650980
27460     0.643137
27461     0.635294
27462     0.631373
27463     0.631373
27464     0.623529
27465     0.631373
27466     0.639216
27467     0.603922
27468     0.619608
27469     0.647059
27470     0.690196
27471     0.725490
27472     0.737255
27473     0.733333
27474     0.721569
27475     0.725490
27476     0.713726
27477     0.701961
27478     0.701961
27479     0.698039
27480     0.682353
27481     0.647059
27482     0.619608
27483     0.623529
27484     0.627451
27485     0.631373
27486     0.627451
27487     0.627451
27488     0.635294
27489     0.647059
27490     0.658824
27491     0.678431
27492     0.666667
27493     0.643137
27494     0.619608
27495     0.596078
27496     0.572549
27497     0.549020
27498     0.537255
27499     0.505882
27500     0.474510
27501     0.454902
27502     0.462745
27503     0.470588
27504     0.466667
27505     0.474510
27506     0.490196
27507     0.533333
27508     0.552941
27509     0.580392
27510     0.596078
27511     0.603922
27512     0.619608
27513     0.639216
27514     0.658824
27515     0.658824
27516     0.658824
27517     0.658824
27518     0.662745
27519     0.662745
27520     0.650980
27521     0.631373
27522     0.619608
27523     0.639216
27524     0.643137
27525     0.643137
27526     0.643137
27527     0.639216
27528     0.639216
27529     0.647059
27530     0.654902
27531     0.643137
27532     0.639216
27533     0.635294
27534     0.631373
27535     0.623529
27536     0.619608
27537     0.619608
27538     0.619608
27539     0.619608
27540     0.611765
27541     0.600000
27542     0.588235
27543     0.576471
27544     0.572549
27545     0.568627
27546     0.568627
27547     0.564706
27548     0.556863
27549     0.541176
27550     0.533333
27551     0.525490
27552     0.529412
27553     0.533333
27554     0.537255
27555     0.529412
27556     0.525490
27557     0.513726
27558     0.501961
27559     0.490196
27560     0.486275
27561     0.490196
27562     0.494118
27563     0.501961
27564     0.478431
27565     0.470588
27566     0.474510
27567     0.474510
27568     0.470588
27569     0.474510
27570     0.490196
27571     0.490196
27572     0.454902
27573     0.443137
27574     0.458824
27575     0.450980
27576     0.411765
27577     0.400000
27578     0.415686
27579     0.458824
27580     0.513726
27581     0.572549
27582     0.607843
27583     0.635294
27584     0.662745
27585     0.666667
27586     0.650980
27587     0.627451
27588     0.603922
27589     0.631373
27590     0.721569
27591     0.792157
27592     0.800000
27593     0.788235
27594     0.792157
27595     0.749020
27596     0.678431
27597     0.600000
27598     0.560784
27599     0.549020
27600     0.545098
27601     0.560784
27602     0.584314
27603     0.564706
27604     0.549020
27605     0.529412
27606     0.521569
27607     0.533333
27608     0.549020
27609     0.564706
27610     0.572549
27611     0.552941
27612     0.541176
27613     0.537255
27614     0.545098
27615     0.564706
27616     0.580392
27617     0.592157
27618     0.592157
27619     0.603922
27620     0.596078
27621     0.600000
27622     0.615686
27623     0.623529
27624     0.627451
27625     0.647059
27626     0.674510
27627     0.654902
27628     0.658824
27629     0.658824
27630     0.662745
27631     0.666667
27632     0.670588
27633     0.674510
27634     0.674510
27635     0.682353
27636     0.686275
27637     0.686275
27638     0.686275
27639     0.686275
27640     0.678431
27641     0.670588
27642     0.666667
27643     0.670588
27644     0.694118
27645     0.713726
27646     0.721569
27647     0.709804
27648     0.705882
27649     0.713726
27650     0.725490
27651     0.717647
27652     0.725490
27653     0.729412
27654     0.725490
27655     0.713726
27656     0.701961
27657     0.698039
27658     0.698039
27659     0.694118
27660     0.690196
27661     0.682353
27662     0.674510
27663     0.658824
27664     0.647059
27665     0.635294
27666     0.627451
27667     0.627451
27668     0.639216
27669     0.647059
27670     0.643137
27671     0.627451
27672     0.623529
27673     0.635294
27674     0.647059
27675     0.666667
27676     0.658824
27677     0.650980
27678     0.654902
27679     0.662745
27680     0.670588
27681     0.670588
27682     0.670588
27683     0.662745
27684     0.662745
27685     0.654902
27686     0.647059
27687     0.643137
27688     0.635294
27689     0.631373
27690     0.631373
27691     0.627451
27692     0.631373
27693     0.635294
27694     0.584314
27695     0.600000
27696     0.635294
27697     0.674510
27698     0.709804
27699     0.729412
27700     0.729412
27701     0.725490
27702     0.721569
27703     0.725490
27704     0.725490
27705     0.717647
27706     0.694118
27707     0.658824
27708     0.623529
27709     0.600000
27710     0.592157
27711     0.596078
27712     0.600000
27713     0.600000
27714     0.596078
27715     0.596078
27716     0.607843
27717     0.615686
27718     0.643137
27719     0.627451
27720     0.596078
27721     0.556863
27722     0.517647
27723     0.482353
27724     0.454902
27725     0.443137
27726     0.462745
27727     0.447059
27728     0.450980
27729     0.470588
27730     0.486275
27731     0.486275
27732     0.486275
27733     0.494118
27734     0.537255
27735     0.552941
27736     0.572549
27737     0.592157
27738     0.607843
27739     0.623529
27740     0.639216
27741     0.650980
27742     0.647059
27743     0.643137
27744     0.639216
27745     0.639216
27746     0.643137
27747     0.639216
27748     0.631373
27749     0.619608
27750     0.631373
27751     0.635294
27752     0.639216
27753     0.635294
27754     0.631373
27755     0.631373
27756     0.639216
27757     0.647059
27758     0.639216
27759     0.639216
27760     0.639216
27761     0.639216
27762     0.635294
27763     0.627451
27764     0.619608
27765     0.615686
27766     0.615686
27767     0.611765
27768     0.603922
27769     0.596078
27770     0.588235
27771     0.576471
27772     0.572549
27773     0.568627
27774     0.564706
27775     0.556863
27776     0.549020
27777     0.541176
27778     0.537255
27779     0.537255
27780     0.541176
27781     0.541176
27782     0.521569
27783     0.513726
27784     0.498039
27785     0.486275
27786     0.478431
27787     0.474510
27788     0.478431
27789     0.478431
27790     0.482353
27791     0.462745
27792     0.450980
27793     0.454902
27794     0.458824
27795     0.458824
27796     0.474510
27797     0.494118
27798     0.490196
27799     0.454902
27800     0.435294
27801     0.435294
27802     0.419608
27803     0.392157
27804     0.392157
27805     0.415686
27806     0.501961
27807     0.564706
27808     0.639216
27809     0.678431
27810     0.678431
27811     0.631373
27812     0.556863
27813     0.494118
27814     0.505882
27815     0.513726
27816     0.576471
27817     0.670588
27818     0.721569
27819     0.713726
27820     0.690196
27821     0.682353
27822     0.635294
27823     0.592157
27824     0.552941
27825     0.541176
27826     0.545098
27827     0.545098
27828     0.552941
27829     0.564706
27830     0.537255
27831     0.533333
27832     0.529412
27833     0.533333
27834     0.541176
27835     0.549020
27836     0.549020
27837     0.545098
27838     0.505882
27839     0.501961
27840     0.501961
27841     0.513726
27842     0.533333
27843     0.556863
27844     0.572549
27845     0.576471
27846     0.596078
27847     0.588235
27848     0.596078
27849     0.611765
27850     0.615686
27851     0.615686
27852     0.635294
27853     0.658824
27854     0.643137
27855     0.643137
27856     0.643137
27857     0.647059
27858     0.650980
27859     0.658824
27860     0.670588
27861     0.674510
27862     0.670588
27863     0.670588
27864     0.670588
27865     0.666667
27866     0.662745
27867     0.658824
27868     0.658824
27869     0.654902
27870     0.670588
27871     0.686275
27872     0.705882
27873     0.713726
27874     0.709804
27875     0.705882
27876     0.717647
27877     0.725490
27878     0.709804
27879     0.717647
27880     0.725490
27881     0.721569
27882     0.709804
27883     0.694118
27884     0.686275
27885     0.682353
27886     0.686275
27887     0.686275
27888     0.686275
27889     0.682353
27890     0.674510
27891     0.666667
27892     0.658824
27893     0.654902
27894     0.658824
27895     0.650980
27896     0.643137
27897     0.635294
27898     0.631373
27899     0.639216
27900     0.650980
27901     0.658824
27902     0.670588
27903     0.662745
27904     0.658824
27905     0.662745
27906     0.674510
27907     0.682353
27908     0.686275
27909     0.682353
27910     0.662745
27911     0.658824
27912     0.650980
27913     0.643137
27914     0.639216
27915     0.635294
27916     0.635294
27917     0.631373
27918     0.635294
27919     0.635294
27920     0.631373
27921     0.560784
27922     0.580392
27923     0.615686
27924     0.658824
27925     0.694118
27926     0.713726
27927     0.721569
27928     0.721569
27929     0.721569
27930     0.733333
27931     0.733333
27932     0.713726
27933     0.674510
27934     0.635294
27935     0.603922
27936     0.592157
27937     0.592157
27938     0.596078
27939     0.592157
27940     0.584314
27941     0.568627
27942     0.560784
27943     0.560784
27944     0.564706
27945     0.564706
27946     0.560784
27947     0.549020
27948     0.525490
27949     0.498039
27950     0.474510
27951     0.458824
27952     0.450980
27953     0.458824
27954     0.454902
27955     0.458824
27956     0.478431
27957     0.498039
27958     0.509804
27959     0.513726
27960     0.513726
27961     0.545098
27962     0.552941
27963     0.568627
27964     0.588235
27965     0.611765
27966     0.627451
27967     0.639216
27968     0.643137
27969     0.639216
27970     0.631373
27971     0.623529
27972     0.627451
27973     0.631373
27974     0.635294
27975     0.631373
27976     0.627451
27977     0.627451
27978     0.631373
27979     0.631373
27980     0.627451
27981     0.623529
27982     0.623529
27983     0.631373
27984     0.639216
27985     0.631373
27986     0.639216
27987     0.643137
27988     0.647059
27989     0.643137
27990     0.631373
27991     0.615686
27992     0.607843
27993     0.596078
27994     0.596078
27995     0.592157
27996     0.588235
27997     0.580392
27998     0.568627
27999     0.560784
28000     0.552941
28001     0.545098
28002     0.541176
28003     0.541176
28004     0.541176
28005     0.541176
28006     0.545098
28007     0.549020
28008     0.549020
28009     0.537255
28010     0.521569
28011     0.498039
28012     0.482353
28013     0.474510
28014     0.470588
28015     0.466667
28016     0.462745
28017     0.454902
28018     0.443137
28019     0.443137
28020     0.450980
28021     0.454902
28022     0.454902
28023     0.470588
28024     0.494118
28025     0.509804
28026     0.482353
28027     0.454902
28028     0.427451
28029     0.392157
28030     0.376471
28031     0.407843
28032     0.450980
28033     0.580392
28034     0.623529
28035     0.666667
28036     0.662745
28037     0.615686
28038     0.533333
28039     0.450980
28040     0.400000
28041     0.454902
28042     0.474510
28043     0.525490
28044     0.584314
28045     0.600000
28046     0.572549
28047     0.545098
28048     0.541176
28049     0.537255
28050     0.525490
28051     0.521569
28052     0.533333
28053     0.545098
28054     0.552941
28055     0.552941
28056     0.552941
28057     0.521569
28058     0.517647
28059     0.521569
28060     0.529412
28061     0.537255
28062     0.537255
28063     0.529412
28064     0.521569
28065     0.486275
28066     0.486275
28067     0.486275
28068     0.498039
28069     0.513726
28070     0.537255
28071     0.552941
28072     0.564706
28073     0.588235
28074     0.584314
28075     0.592157
28076     0.603922
28077     0.607843
28078     0.600000
28079     0.611765
28080     0.631373
28081     0.631373
28082     0.631373
28083     0.627451
28084     0.631373
28085     0.639216
28086     0.650980
28087     0.666667
28088     0.674510
28089     0.670588
28090     0.666667
28091     0.662745
28092     0.658824
28093     0.654902
28094     0.654902
28095     0.658824
28096     0.658824
28097     0.678431
28098     0.694118
28099     0.705882
28100     0.709804
28101     0.705882
28102     0.705882
28103     0.713726
28104     0.721569
28105     0.701961
28106     0.713726
28107     0.721569
28108     0.717647
28109     0.705882
28110     0.686275
28111     0.678431
28112     0.674510
28113     0.686275
28114     0.686275
28115     0.690196
28116     0.690196
28117     0.690196
28118     0.686275
28119     0.682353
28120     0.678431
28121     0.678431
28122     0.662745
28123     0.647059
28124     0.643137
28125     0.654902
28126     0.662745
28127     0.666667
28128     0.662745
28129     0.658824
28130     0.654902
28131     0.654902
28132     0.658824
28133     0.670588
28134     0.682353
28135     0.682353
28136     0.678431
28137     0.658824
28138     0.654902
28139     0.647059
28140     0.643137
28141     0.639216
28142     0.639216
28143     0.639216
28144     0.643137
28145     0.654902
28146     0.650980
28147     0.643137
28148     0.552941
28149     0.572549
28150     0.603922
28151     0.635294
28152     0.658824
28153     0.670588
28154     0.678431
28155     0.682353
28156     0.682353
28157     0.690196
28158     0.686275
28159     0.666667
28160     0.631373
28161     0.607843
28162     0.600000
28163     0.603922
28164     0.615686
28165     0.611765
28166     0.600000
28167     0.576471
28168     0.552941
28169     0.537255
28170     0.533333
28171     0.537255
28172     0.509804
28173     0.521569
28174     0.533333
28175     0.525490
28176     0.509804
28177     0.494118
28178     0.482353
28179     0.482353
28180     0.470588
28181     0.470588
28182     0.466667
28183     0.474510
28184     0.494118
28185     0.517647
28186     0.525490
28187     0.525490
28188     0.552941
28189     0.552941
28190     0.560784
28191     0.584314
28192     0.615686
28193     0.635294
28194     0.639216
28195     0.635294
28196     0.635294
28197     0.627451
28198     0.619608
28199     0.619608
28200     0.631373
28201     0.635294
28202     0.635294
28203     0.635294
28204     0.623529
28205     0.627451
28206     0.627451
28207     0.623529
28208     0.619608
28209     0.615686
28210     0.623529
28211     0.631373
28212     0.627451
28213     0.635294
28214     0.643137
28215     0.647059
28216     0.643137
28217     0.631373
28218     0.615686
28219     0.603922
28220     0.588235
28221     0.588235
28222     0.584314
28223     0.580392
28224     0.572549
28225     0.564706
28226     0.552941
28227     0.549020
28228     0.552941
28229     0.552941
28230     0.552941
28231     0.556863
28232     0.552941
28233     0.552941
28234     0.549020
28235     0.549020
28236     0.529412
28237     0.509804
28238     0.486275
28239     0.470588
28240     0.466667
28241     0.470588
28242     0.466667
28243     0.462745
28244     0.462745
28245     0.462745
28246     0.470588
28247     0.482353
28248     0.478431
28249     0.458824
28250     0.462745
28251     0.482353
28252     0.498039
28253     0.486275
28254     0.462745
28255     0.431373
28256     0.400000
28257     0.411765
28258     0.482353
28259     0.552941
28260     0.643137
28261     0.647059
28262     0.631373
28263     0.580392
28264     0.501961
28265     0.439216
28266     0.415686
28267     0.419608
28268     0.447059
28269     0.458824
28270     0.486275
28271     0.501961
28272     0.494118
28273     0.470588
28274     0.466667
28275     0.474510
28276     0.486275
28277     0.498039
28278     0.513726
28279     0.529412
28280     0.549020
28281     0.560784
28282     0.556863
28283     0.549020
28284     0.513726
28285     0.509804
28286     0.509804
28287     0.513726
28288     0.521569
28289     0.521569
28290     0.517647
28291     0.509804
28292     0.498039
28293     0.498039
28294     0.498039
28295     0.501961
28296     0.509804
28297     0.525490
28298     0.541176
28299     0.552941
28300     0.580392
28301     0.576471
28302     0.584314
28303     0.600000
28304     0.596078
28305     0.584314
28306     0.588235
28307     0.603922
28308     0.627451
28309     0.623529
28310     0.623529
28311     0.623529
28312     0.635294
28313     0.647059
28314     0.662745
28315     0.674510
28316     0.670588
28317     0.666667
28318     0.662745
28319     0.662745
28320     0.658824
28321     0.662745
28322     0.662745
28323     0.666667
28324     0.690196
28325     0.698039
28326     0.701961
28327     0.705882
28328     0.701961
28329     0.701961
28330     0.705882
28331     0.709804
28332     0.698039
28333     0.705882
28334     0.713726
28335     0.709804
28336     0.698039
28337     0.682353
28338     0.674510
28339     0.674510
28340     0.690196
28341     0.690196
28342     0.694118
28343     0.698039
28344     0.698039
28345     0.698039
28346     0.698039
28347     0.694118
28348     0.682353
28349     0.670588
28350     0.662745
28351     0.670588
28352     0.686275
28353     0.686275
28354     0.674510
28355     0.658824
28356     0.654902
28357     0.650980
28358     0.650980
28359     0.662745
28360     0.674510
28361     0.678431
28362     0.678431
28363     0.674510
28364     0.650980
28365     0.647059
28366     0.643137
28367     0.639216
28368     0.643137
28369     0.647059
28370     0.654902
28371     0.658824
28372     0.678431
28373     0.674510
28374     0.666667
28375     0.552941
28376     0.568627
28377     0.592157
28378     0.607843
28379     0.611765
28380     0.611765
28381     0.611765
28382     0.615686
28383     0.611765
28384     0.615686
28385     0.611765
28386     0.600000
28387     0.588235
28388     0.588235
28389     0.603922
28390     0.619608
28391     0.619608
28392     0.615686
28393     0.596078
28394     0.572549
28395     0.545098
28396     0.533333
28397     0.533333
28398     0.537255
28399     0.525490
28400     0.537255
28401     0.545098
28402     0.533333
28403     0.509804
28404     0.486275
28405     0.478431
28406     0.478431
28407     0.494118
28408     0.494118
28409     0.490196
28410     0.486275
28411     0.501961
28412     0.533333
28413     0.549020
28414     0.545098
28415     0.552941
28416     0.545098
28417     0.545098
28418     0.572549
28419     0.607843
28420     0.631373
28421     0.627451
28422     0.615686
28423     0.631373
28424     0.623529
28425     0.619608
28426     0.623529
28427     0.631373
28428     0.635294
28429     0.635294
28430     0.631373
28431     0.623529
28432     0.627451
28433     0.627451
28434     0.623529
28435     0.615686
28436     0.615686
28437     0.619608
28438     0.627451
28439     0.627451
28440     0.631373
28441     0.639216
28442     0.643137
28443     0.635294
28444     0.623529
28445     0.611765
28446     0.603922
28447     0.596078
28448     0.592157
28449     0.588235
28450     0.580392
28451     0.572549
28452     0.568627
28453     0.564706
28454     0.560784
28455     0.584314
28456     0.584314
28457     0.584314
28458     0.580392
28459     0.572549
28460     0.556863
28461     0.545098
28462     0.537255
28463     0.501961
28464     0.478431
28465     0.454902
28466     0.450980
28467     0.462745
28468     0.474510
28469     0.478431
28470     0.478431
28471     0.509804
28472     0.513726
28473     0.521569
28474     0.525490
28475     0.505882
28476     0.474510
28477     0.466667
28478     0.482353
28479     0.470588
28480     0.466667
28481     0.458824
28482     0.447059
28483     0.454902
28484     0.505882
28485     0.584314
28486     0.647059
28487     0.643137
28488     0.607843
28489     0.556863
28490     0.494118
28491     0.435294
28492     0.411765
28493     0.443137
28494     0.486275
28495     0.450980
28496     0.454902
28497     0.458824
28498     0.458824
28499     0.450980
28500     0.458824
28501     0.478431
28502     0.494118
28503     0.474510
28504     0.498039
28505     0.517647
28506     0.525490
28507     0.541176
28508     0.552941
28509     0.552941
28510     0.537255
28511     0.513726
28512     0.509804
28513     0.505882
28514     0.509804
28515     0.513726
28516     0.517647
28517     0.513726
28518     0.505882
28519     0.513726
28520     0.513726
28521     0.513726
28522     0.509804
28523     0.509804
28524     0.517647
28525     0.529412
28526     0.545098
28527     0.560784
28528     0.560784
28529     0.572549
28530     0.592157
28531     0.588235
28532     0.576471
28533     0.576471
28534     0.592157
28535     0.623529
28536     0.623529
28537     0.623529
28538     0.631373
28539     0.639216
28540     0.650980
28541     0.662745
28542     0.666667
28543     0.666667
28544     0.666667
28545     0.666667
28546     0.666667
28547     0.666667
28548     0.666667
28549     0.662745
28550     0.662745
28551     0.682353
28552     0.682353
28553     0.686275
28554     0.690196
28555     0.694118
28556     0.694118
28557     0.698039
28558     0.701961
28559     0.698039
28560     0.701961
28561     0.705882
28562     0.701961
28563     0.690196
28564     0.682353
28565     0.682353
28566     0.682353
28567     0.698039
28568     0.698039
28569     0.701961
28570     0.705882
28571     0.705882
28572     0.705882
28573     0.701961
28574     0.701961
28575     0.682353
28576     0.678431
28577     0.682353
28578     0.694118
28579     0.705882
28580     0.701961
28581     0.682353
28582     0.666667
28583     0.662745
28584     0.662745
28585     0.662745
28586     0.670588
28587     0.682353
28588     0.686275
28589     0.682353
28590     0.674510
28591     0.647059
28592     0.643137
28593     0.639216
28594     0.639216
28595     0.647059
28596     0.658824
28597     0.674510
28598     0.682353
28599     0.698039
28600     0.694118
28601     0.690196
28602     0.521569
28603     0.541176
28604     0.560784
28605     0.568627
28606     0.564706
28607     0.560784
28608     0.560784
28609     0.564706
28610     0.568627
28611     0.568627
28612     0.568627
28613     0.564706
28614     0.568627
28615     0.584314
28616     0.600000
28617     0.615686
28618     0.600000
28619     0.592157
28620     0.572549
28621     0.552941
28622     0.537255
28623     0.537255
28624     0.549020
28625     0.564706
28626     0.568627
28627     0.568627
28628     0.560784
28629     0.529412
28630     0.494118
28631     0.470588
28632     0.470588
28633     0.482353
28634     0.490196
28635     0.498039
28636     0.498039
28637     0.490196
28638     0.509804
28639     0.545098
28640     0.556863
28641     0.549020
28642     0.541176
28643     0.529412
28644     0.525490
28645     0.552941
28646     0.596078
28647     0.619608
28648     0.611765
28649     0.596078
28650     0.623529
28651     0.619608
28652     0.615686
28653     0.619608
28654     0.627451
28655     0.631373
28656     0.627451
28657     0.623529
28658     0.627451
28659     0.627451
28660     0.631373
28661     0.623529
28662     0.615686
28663     0.611765
28664     0.619608
28665     0.627451
28666     0.623529
28667     0.627451
28668     0.631373
28669     0.635294
28670     0.627451
28671     0.619608
28672     0.607843
28673     0.600000
28674     0.600000
28675     0.596078
28676     0.588235
28677     0.576471
28678     0.572549
28679     0.568627
28680     0.568627
28681     0.572549
28682     0.596078
28683     0.596078
28684     0.596078
28685     0.592157
28686     0.580392
28687     0.560784
28688     0.545098
28689     0.533333
28690     0.498039
28691     0.474510
28692     0.450980
28693     0.447059
28694     0.466667
28695     0.486275
28696     0.494118
28697     0.490196
28698     0.533333
28699     0.533333
28700     0.541176
28701     0.537255
28702     0.513726
28703     0.482353
28704     0.486275
28705     0.505882
28706     0.494118
28707     0.478431
28708     0.462745
28709     0.478431
28710     0.529412
28711     0.592157
28712     0.635294
28713     0.650980
28714     0.588235
28715     0.533333
28716     0.478431
28717     0.447059
28718     0.435294
28719     0.435294
28720     0.458824
28721     0.494118
28722     0.462745
28723     0.466667
28724     0.466667
28725     0.458824
28726     0.458824
28727     0.474510
28728     0.498039
28729     0.513726
28730     0.486275
28731     0.509804
28732     0.521569
28733     0.513726
28734     0.517647
28735     0.533333
28736     0.533333
28737     0.521569
28738     0.517647
28739     0.513726
28740     0.517647
28741     0.521569
28742     0.529412
28743     0.525490
28744     0.513726
28745     0.505882
28746     0.517647
28747     0.521569
28748     0.521569
28749     0.513726
28750     0.505882
28751     0.509804
28752     0.525490
28753     0.537255
28754     0.529412
28755     0.537255
28756     0.556863
28757     0.584314
28758     0.588235
28759     0.576471
28760     0.580392
28761     0.596078
28762     0.627451
28763     0.627451
28764     0.635294
28765     0.639216
28766     0.647059
28767     0.654902
28768     0.658824
28769     0.662745
28770     0.650980
28771     0.654902
28772     0.658824
28773     0.662745
28774     0.662745
28775     0.658824
28776     0.654902
28777     0.650980
28778     0.654902
28779     0.654902
28780     0.658824
28781     0.666667
28782     0.678431
28783     0.686275
28784     0.694118
28785     0.694118
28786     0.698039
28787     0.701961
28788     0.698039
28789     0.694118
28790     0.686275
28791     0.682353
28792     0.690196
28793     0.698039
28794     0.705882
28795     0.705882
28796     0.709804
28797     0.709804
28798     0.705882
28799     0.705882
28800     0.701961
28801     0.698039
28802     0.686275
28803     0.690196
28804     0.698039
28805     0.709804
28806     0.713726
28807     0.705882
28808     0.694118
28809     0.682353
28810     0.670588
28811     0.666667
28812     0.670588
28813     0.674510
28814     0.686275
28815     0.686275
28816     0.678431
28817     0.670588
28818     0.639216
28819     0.639216
28820     0.639216
28821     0.643137
28822     0.654902
28823     0.670588
28824     0.690196
28825     0.701961
28826     0.705882
28827     0.709804
28828     0.709804
28829     0.482353
28830     0.501961
28831     0.525490
28832     0.537255
28833     0.537255
28834     0.537255
28835     0.545098
28836     0.552941
28837     0.568627
28838     0.564706
28839     0.564706
28840     0.564706
28841     0.572549
28842     0.584314
28843     0.592157
28844     0.600000
28845     0.572549
28846     0.564706
28847     0.552941
28848     0.537255
28849     0.533333
28850     0.545098
28851     0.568627
28852     0.588235
28853     0.592157
28854     0.584314
28855     0.564706
28856     0.521569
28857     0.482353
28858     0.470588
28859     0.482353
28860     0.501961
28861     0.454902
28862     0.470588
28863     0.474510
28864     0.474510
28865     0.494118
28866     0.529412
28867     0.537255
28868     0.521569
28869     0.533333
28870     0.517647
28871     0.509804
28872     0.541176
28873     0.584314
28874     0.607843
28875     0.600000
28876     0.580392
28877     0.619608
28878     0.615686
28879     0.615686
28880     0.619608
28881     0.627451
28882     0.627451
28883     0.619608
28884     0.611765
28885     0.627451
28886     0.631373
28887     0.631373
28888     0.623529
28889     0.615686
28890     0.611765
28891     0.619608
28892     0.627451
28893     0.623529
28894     0.627451
28895     0.627451
28896     0.627451
28897     0.623529
28898     0.615686
28899     0.607843
28900     0.600000
28901     0.600000
28902     0.592157
28903     0.580392
28904     0.568627
28905     0.564706
28906     0.564706
28907     0.568627
28908     0.572549
28909     0.580392
28910     0.584314
28911     0.588235
28912     0.584314
28913     0.576471
28914     0.560784
28915     0.545098
28916     0.533333
28917     0.517647
28918     0.494118
28919     0.466667
28920     0.458824
28921     0.474510
28922     0.494118
28923     0.498039
28924     0.494118
28925     0.521569
28926     0.521569
28927     0.525490
28928     0.525490
28929     0.505882
28930     0.490196
28931     0.501961
28932     0.533333
28933     0.549020
28934     0.509804
28935     0.478431
28936     0.501961
28937     0.576471
28938     0.631373
28939     0.627451
28940     0.596078
28941     0.537255
28942     0.474510
28943     0.427451
28944     0.435294
28945     0.458824
28946     0.458824
28947     0.450980
28948     0.450980
28949     0.482353
28950     0.486275
28951     0.482353
28952     0.470588
28953     0.470588
28954     0.482353
28955     0.494118
28956     0.498039
28957     0.494118
28958     0.517647
28959     0.521569
28960     0.505882
28961     0.501961
28962     0.517647
28963     0.517647
28964     0.505882
28965     0.513726
28966     0.517647
28967     0.529412
28968     0.541176
28969     0.545098
28970     0.537255
28971     0.517647
28972     0.501961
28973     0.513726
28974     0.517647
28975     0.517647
28976     0.509804
28977     0.501961
28978     0.501961
28979     0.521569
28980     0.537255
28981     0.509804
28982     0.517647
28983     0.545098
28984     0.576471
28985     0.588235
28986     0.580392
28987     0.588235
28988     0.603922
28989     0.627451
28990     0.631373
28991     0.639216
28992     0.647059
28993     0.654902
28994     0.658824
28995     0.658824
28996     0.658824
28997     0.635294
28998     0.643137
28999     0.650980
29000     0.654902
29001     0.658824
29002     0.650980
29003     0.643137
29004     0.639216
29005     0.631373
29006     0.631373
29007     0.635294
29008     0.647059
29009     0.666667
29010     0.682353
29011     0.694118
29012     0.694118
29013     0.698039
29014     0.698039
29015     0.694118
29016     0.686275
29017     0.682353
29018     0.686275
29019     0.698039
29020     0.709804
29021     0.709804
29022     0.709804
29023     0.713726
29024     0.709804
29025     0.709804
29026     0.701961
29027     0.698039
29028     0.694118
29029     0.694118
29030     0.701961
29031     0.709804
29032     0.713726
29033     0.709804
29034     0.705882
29035     0.698039
29036     0.698039
29037     0.666667
29038     0.666667
29039     0.666667
29040     0.674510
29041     0.678431
29042     0.678431
29043     0.670588
29044     0.662745
29045     0.639216
29046     0.635294
29047     0.635294
29048     0.643137
29049     0.658824
29050     0.678431
29051     0.701961
29052     0.713726
29053     0.709804
29054     0.713726
29055     0.717647
29056     0.513726
29057     0.521569
29058     0.525490
29059     0.509804
29060     0.490196
29061     0.490196
29062     0.505882
29063     0.525490
29064     0.525490
29065     0.529412
29066     0.529412
29067     0.525490
29068     0.521569
29069     0.529412
29070     0.552941
29071     0.572549
29072     0.572549
29073     0.560784
29074     0.549020
29075     0.552941
29076     0.564706
29077     0.584314
29078     0.600000
29079     0.607843
29080     0.600000
29081     0.596078
29082     0.564706
29083     0.521569
29084     0.498039
29085     0.494118
29086     0.486275
29087     0.474510
29088     0.474510
29089     0.470588
29090     0.474510
29091     0.494118
29092     0.517647
29093     0.517647
29094     0.494118
29095     0.470588
29096     0.478431
29097     0.490196
29098     0.513726
29099     0.541176
29100     0.560784
29101     0.576471
29102     0.584314
29103     0.588235
29104     0.607843
29105     0.596078
29106     0.592157
29107     0.596078
29108     0.607843
29109     0.615686
29110     0.603922
29111     0.596078
29112     0.607843
29113     0.619608
29114     0.635294
29115     0.635294
29116     0.627451
29117     0.623529
29118     0.631373
29119     0.639216
29120     0.635294
29121     0.627451
29122     0.619608
29123     0.615686
29124     0.615686
29125     0.607843
29126     0.592157
29127     0.584314
29128     0.584314
29129     0.584314
29130     0.580392
29131     0.576471
29132     0.572549
29133     0.572549
29134     0.568627
29135     0.568627
29136     0.568627
29137     0.572549
29138     0.580392
29139     0.580392
29140     0.576471
29141     0.560784
29142     0.545098
29143     0.537255
29144     0.490196
29145     0.470588
29146     0.462745
29147     0.474510
29148     0.490196
29149     0.494118
29150     0.505882
29151     0.521569
29152     0.521569
29153     0.521569
29154     0.525490
29155     0.533333
29156     0.545098
29157     0.549020
29158     0.545098
29159     0.541176
29160     0.541176
29161     0.541176
29162     0.541176
29163     0.552941
29164     0.580392
29165     0.603922
29166     0.584314
29167     0.552941
29168     0.486275
29169     0.490196
29170     0.490196
29171     0.478431
29172     0.462745
29173     0.458824
29174     0.466667
29175     0.478431
29176     0.450980
29177     0.458824
29178     0.474510
29179     0.494118
29180     0.505882
29181     0.501961
29182     0.490196
29183     0.478431
29184     0.486275
29185     0.494118
29186     0.486275
29187     0.470588
29188     0.474510
29189     0.501961
29190     0.517647
29191     0.517647
29192     0.521569
29193     0.537255
29194     0.552941
29195     0.556863
29196     0.541176
29197     0.517647
29198     0.498039
29199     0.486275
29200     0.509804
29201     0.517647
29202     0.529412
29203     0.537255
29204     0.537255
29205     0.533333
29206     0.525490
29207     0.521569
29208     0.509804
29209     0.517647
29210     0.529412
29211     0.549020
29212     0.568627
29213     0.588235
29214     0.603922
29215     0.611765
29216     0.615686
29217     0.627451
29218     0.643137
29219     0.654902
29220     0.666667
29221     0.670588
29222     0.670588
29223     0.666667
29224     0.658824
29225     0.662745
29226     0.666667
29227     0.658824
29228     0.643137
29229     0.627451
29230     0.619608
29231     0.619608
29232     0.631373
29233     0.627451
29234     0.635294
29235     0.658824
29236     0.682353
29237     0.694118
29238     0.690196
29239     0.682353
29240     0.670588
29241     0.670588
29242     0.670588
29243     0.670588
29244     0.678431
29245     0.690196
29246     0.701961
29247     0.705882
29248     0.690196
29249     0.694118
29250     0.698039
29251     0.698039
29252     0.698039
29253     0.690196
29254     0.682353
29255     0.678431
29256     0.694118
29257     0.698039
29258     0.701961
29259     0.705882
29260     0.709804
29261     0.709804
29262     0.705882
29263     0.705882
29264     0.701961
29265     0.698039
29266     0.694118
29267     0.682353
29268     0.670588
29269     0.658824
29270     0.647059
29271     0.639216
29272     0.611765
29273     0.611765
29274     0.627451
29275     0.654902
29276     0.674510
29277     0.678431
29278     0.686275
29279     0.705882
29280     0.709804
29281     0.705882
29282     0.701961
29283     0.494118
29284     0.501961
29285     0.505882
29286     0.494118
29287     0.474510
29288     0.474510
29289     0.490196
29290     0.505882
29291     0.525490
29292     0.525490
29293     0.525490
29294     0.517647
29295     0.509804
29296     0.517647
29297     0.533333
29298     0.549020
29299     0.568627
29300     0.556863
29301     0.549020
29302     0.549020
29303     0.564706
29304     0.580392
29305     0.596078
29306     0.600000
29307     0.592157
29308     0.588235
29309     0.564706
29310     0.525490
29311     0.501961
29312     0.498039
29313     0.490196
29314     0.478431
29315     0.482353
29316     0.478431
29317     0.482353
29318     0.501961
29319     0.517647
29320     0.517647
29321     0.494118
29322     0.470588
29323     0.466667
29324     0.478431
29325     0.501961
29326     0.525490
29327     0.549020
29328     0.560784
29329     0.572549
29330     0.572549
29331     0.580392
29332     0.576471
29333     0.568627
29334     0.572549
29335     0.580392
29336     0.592157
29337     0.592157
29338     0.592157
29339     0.615686
29340     0.627451
29341     0.631373
29342     0.631373
29343     0.623529
29344     0.619608
29345     0.623529
29346     0.631373
29347     0.631373
29348     0.627451
29349     0.619608
29350     0.615686
29351     0.615686
29352     0.607843
29353     0.596078
29354     0.584314
29355     0.580392
29356     0.580392
29357     0.584314
29358     0.584314
29359     0.584314
29360     0.576471
29361     0.572549
29362     0.568627
29363     0.556863
29364     0.564706
29365     0.572549
29366     0.580392
29367     0.580392
29368     0.576471
29369     0.564706
29370     0.560784
29371     0.498039
29372     0.474510
29373     0.466667
29374     0.478431
29375     0.494118
29376     0.498039
29377     0.513726
29378     0.529412
29379     0.521569
29380     0.525490
29381     0.525490
29382     0.533333
29383     0.541176
29384     0.545098
29385     0.541176
29386     0.541176
29387     0.525490
29388     0.545098
29389     0.564706
29390     0.584314
29391     0.607843
29392     0.611765
29393     0.572549
29394     0.525490
29395     0.498039
29396     0.501961
29397     0.498039
29398     0.486275
29399     0.474510
29400     0.470588
29401     0.478431
29402     0.490196
29403     0.454902
29404     0.458824
29405     0.470588
29406     0.494118
29407     0.513726
29408     0.517647
29409     0.505882
29410     0.490196
29411     0.466667
29412     0.478431
29413     0.474510
29414     0.462745
29415     0.466667
29416     0.494118
29417     0.517647
29418     0.521569
29419     0.521569
29420     0.537255
29421     0.549020
29422     0.549020
29423     0.533333
29424     0.513726
29425     0.494118
29426     0.486275
29427     0.505882
29428     0.517647
29429     0.533333
29430     0.545098
29431     0.549020
29432     0.537255
29433     0.521569
29434     0.509804
29435     0.509804
29436     0.517647
29437     0.533333
29438     0.552941
29439     0.576471
29440     0.596078
29441     0.611765
29442     0.619608
29443     0.623529
29444     0.631373
29445     0.639216
29446     0.650980
29447     0.658824
29448     0.662745
29449     0.662745
29450     0.666667
29451     0.662745
29452     0.666667
29453     0.666667
29454     0.658824
29455     0.639216
29456     0.627451
29457     0.619608
29458     0.619608
29459     0.627451
29460     0.627451
29461     0.639216
29462     0.658824
29463     0.682353
29464     0.694118
29465     0.690196
29466     0.682353
29467     0.674510
29468     0.674510
29469     0.670588
29470     0.674510
29471     0.678431
29472     0.690196
29473     0.698039
29474     0.701961
29475     0.686275
29476     0.690196
29477     0.694118
29478     0.694118
29479     0.690196
29480     0.686275
29481     0.678431
29482     0.674510
29483     0.686275
29484     0.690196
29485     0.698039
29486     0.701961
29487     0.701961
29488     0.698039
29489     0.690196
29490     0.686275
29491     0.666667
29492     0.666667
29493     0.662745
29494     0.654902
29495     0.647059
29496     0.635294
29497     0.627451
29498     0.623529
29499     0.623529
29500     0.619608
29501     0.631373
29502     0.658824
29503     0.674510
29504     0.674510
29505     0.682353
29506     0.698039
29507     0.705882
29508     0.694118
29509     0.678431
29510     0.470588
29511     0.478431
29512     0.482353
29513     0.474510
29514     0.466667
29515     0.466667
29516     0.482353
29517     0.498039
29518     0.525490
29519     0.521569
29520     0.517647
29521     0.505882
29522     0.498039
29523     0.498039
29524     0.509804
29525     0.517647
29526     0.549020
29527     0.541176
29528     0.537255
29529     0.541176
29530     0.556863
29531     0.576471
29532     0.588235
29533     0.592157
29534     0.580392
29535     0.580392
29536     0.560784
29537     0.525490
29538     0.509804
29539     0.505882
29540     0.498039
29541     0.482353
29542     0.490196
29543     0.490196
29544     0.494118
29545     0.509804
29546     0.521569
29547     0.517647
29548     0.494118
29549     0.474510
29550     0.458824
29551     0.470588
29552     0.490196
29553     0.513726
29554     0.533333
29555     0.549020
29556     0.556863
29557     0.560784
29558     0.560784
29559     0.560784
29560     0.560784
29561     0.556863
29562     0.556863
29563     0.568627
29564     0.588235
29565     0.603922
29566     0.623529
29567     0.627451
29568     0.627451
29569     0.619608
29570     0.615686
29571     0.611765
29572     0.619608
29573     0.627451
29574     0.627451
29575     0.623529
29576     0.615686
29577     0.615686
29578     0.615686
29579     0.611765
29580     0.600000
29581     0.592157
29582     0.576471
29583     0.584314
29584     0.592157
29585     0.596078
29586     0.592157
29587     0.580392
29588     0.568627
29589     0.560784
29590     0.545098
29591     0.552941
29592     0.564706
29593     0.572549
29594     0.572549
29595     0.568627
29596     0.560784
29597     0.556863
29598     0.509804
29599     0.482353
29600     0.470588
29601     0.482353
29602     0.498039
29603     0.505882
29604     0.521569
29605     0.541176
29606     0.529412
29607     0.533333
29608     0.537255
29609     0.541176
29610     0.541176
29611     0.541176
29612     0.541176
29613     0.541176
29614     0.545098
29615     0.564706
29616     0.588235
29617     0.600000
29618     0.611765
29619     0.611765
29620     0.572549
29621     0.529412
29622     0.517647
29623     0.517647
29624     0.509804
29625     0.501961
29626     0.490196
29627     0.486275
29628     0.490196
29629     0.498039
29630     0.470588
29631     0.462745
29632     0.466667
29633     0.486275
29634     0.509804
29635     0.513726
29636     0.494118
29637     0.470588
29638     0.454902
29639     0.466667
29640     0.466667
29641     0.454902
29642     0.458824
29643     0.486275
29644     0.513726
29645     0.517647
29646     0.525490
29647     0.537255
29648     0.545098
29649     0.541176
29650     0.525490
29651     0.501961
29652     0.490196
29653     0.482353
29654     0.498039
29655     0.513726
29656     0.537255
29657     0.549020
29658     0.549020
29659     0.533333
29660     0.513726
29661     0.498039
29662     0.513726
29663     0.521569
29664     0.537255
29665     0.560784
29666     0.584314
29667     0.603922
29668     0.619608
29669     0.631373
29670     0.635294
29671     0.635294
29672     0.635294
29673     0.639216
29674     0.643137
29675     0.650980
29676     0.654902
29677     0.658824
29678     0.666667
29679     0.666667
29680     0.662745
29681     0.650980
29682     0.635294
29683     0.619608
29684     0.615686
29685     0.615686
29686     0.627451
29687     0.631373
29688     0.643137
29689     0.662745
29690     0.678431
29691     0.690196
29692     0.686275
29693     0.678431
29694     0.678431
29695     0.674510
29696     0.674510
29697     0.674510
29698     0.678431
29699     0.686275
29700     0.694118
29701     0.698039
29702     0.682353
29703     0.686275
29704     0.686275
29705     0.690196
29706     0.686275
29707     0.678431
29708     0.670588
29709     0.666667
29710     0.674510
29711     0.682353
29712     0.690196
29713     0.694118
29714     0.690196
29715     0.678431
29716     0.666667
29717     0.658824
29718     0.635294
29719     0.635294
29720     0.635294
29721     0.631373
29722     0.627451
29723     0.623529
29724     0.615686
29725     0.611765
29726     0.631373
29727     0.627451
29728     0.635294
29729     0.658824
29730     0.670588
29731     0.666667
29732     0.670588
29733     0.686275
29734     0.690196
29735     0.674510
29736     0.650980
29737     0.458824
29738     0.466667
29739     0.474510
29740     0.478431
29741     0.478431
29742     0.486275
29743     0.501961
29744     0.513726
29745     0.521569
29746     0.517647
29747     0.509804
29748     0.494118
29749     0.486275
29750     0.482353
29751     0.486275
29752     0.490196
29753     0.513726
29754     0.513726
29755     0.513726
29756     0.525490
29757     0.549020
29758     0.568627
29759     0.580392
29760     0.584314
29761     0.564706
29762     0.568627
29763     0.552941
29764     0.525490
29765     0.509804
29766     0.509804
29767     0.505882
29768     0.490196
29769     0.490196
29770     0.490196
29771     0.501961
29772     0.513726
29773     0.525490
29774     0.521569
29775     0.505882
29776     0.490196
29777     0.470588
29778     0.478431
29779     0.494118
29780     0.513726
29781     0.533333
29782     0.545098
29783     0.552941
29784     0.556863
29785     0.560784
29786     0.564706
29787     0.564706
29788     0.556863
29789     0.552941
29790     0.560784
29791     0.588235
29792     0.611765
29793     0.611765
29794     0.611765
29795     0.611765
29796     0.611765
29797     0.611765
29798     0.615686
29799     0.619608
29800     0.627451
29801     0.623529
29802     0.619608
29803     0.615686
29804     0.615686
29805     0.619608
29806     0.615686
29807     0.607843
29808     0.600000
29809     0.588235
29810     0.592157
29811     0.600000
29812     0.600000
29813     0.592157
29814     0.576471
29815     0.556863
29816     0.541176
29817     0.541176
29818     0.545098
29819     0.549020
29820     0.552941
29821     0.549020
29822     0.541176
29823     0.533333
29824     0.525490
29825     0.513726
29826     0.490196
29827     0.478431
29828     0.490196
29829     0.505882
29830     0.509804
29831     0.525490
29832     0.545098
29833     0.541176
29834     0.549020
29835     0.552941
29836     0.552941
29837     0.549020
29838     0.545098
29839     0.545098
29840     0.549020
29841     0.588235
29842     0.600000
29843     0.603922
29844     0.596078
29845     0.596078
29846     0.600000
29847     0.588235
29848     0.564706
29849     0.533333
29850     0.529412
29851     0.521569
29852     0.509804
29853     0.501961
29854     0.498039
29855     0.501961
29856     0.505882
29857     0.486275
29858     0.470588
29859     0.462745
29860     0.474510
29861     0.486275
29862     0.486275
29863     0.458824
29864     0.431373
29865     0.435294
29866     0.458824
29867     0.470588
29868     0.462745
29869     0.466667
29870     0.490196
29871     0.509804
29872     0.517647
29873     0.533333
29874     0.537255
29875     0.541176
29876     0.529412
29877     0.509804
29878     0.494118
29879     0.482353
29880     0.482353
29881     0.501961
29882     0.513726
29883     0.529412
29884     0.537255
29885     0.537255
29886     0.525490
29887     0.505882
29888     0.494118
29889     0.517647
29890     0.525490
29891     0.541176
29892     0.564706
29893     0.584314
29894     0.607843
29895     0.623529
29896     0.631373
29897     0.639216
29898     0.635294
29899     0.627451
29900     0.623529
29901     0.627451
29902     0.635294
29903     0.643137
29904     0.647059
29905     0.654902
29906     0.654902
29907     0.650980
29908     0.635294
29909     0.619608
29910     0.607843
29911     0.607843
29912     0.611765
29913     0.631373
29914     0.639216
29915     0.654902
29916     0.670588
29917     0.682353
29918     0.682353
29919     0.678431
29920     0.674510
29921     0.678431
29922     0.674510
29923     0.670588
29924     0.670588
29925     0.674510
29926     0.678431
29927     0.686275
29928     0.690196
29929     0.678431
29930     0.682353
29931     0.682353
29932     0.686275
29933     0.682353
29934     0.674510
29935     0.666667
29936     0.662745
29937     0.666667
29938     0.674510
29939     0.682353
29940     0.686275
29941     0.682353
29942     0.666667
29943     0.647059
29944     0.635294
29945     0.623529
29946     0.623529
29947     0.627451
29948     0.627451
29949     0.627451
29950     0.627451
29951     0.623529
29952     0.619608
29953     0.631373
29954     0.623529
29955     0.627451
29956     0.647059
29957     0.654902
29958     0.647059
29959     0.647059
29960     0.658824
29961     0.666667
29962     0.650980
29963     0.631373
29964     0.466667
29965     0.474510
29966     0.486275
29967     0.498039
29968     0.505882
29969     0.521569
29970     0.533333
29971     0.545098
29972     0.521569
29973     0.513726
29974     0.501961
29975     0.494118
29976     0.486275
29977     0.482353
29978     0.478431
29979     0.474510
29980     0.482353
29981     0.486275
29982     0.494118
29983     0.513726
29984     0.541176
29985     0.560784
29986     0.572549
29987     0.576471
29988     0.556863
29989     0.560784
29990     0.545098
29991     0.517647
29992     0.505882
29993     0.509804
29994     0.505882
29995     0.494118
29996     0.482353
29997     0.490196
29998     0.501961
29999     0.517647
30000     0.529412
30001     0.525490
30002     0.513726
30003     0.501961
30004     0.486275
30005     0.490196
30006     0.501961
30007     0.513726
30008     0.529412
30009     0.541176
30010     0.549020
30011     0.552941
30012     0.556863
30013     0.564706
30014     0.564706
30015     0.560784
30016     0.552941
30017     0.560784
30018     0.580392
30019     0.600000
30020     0.592157
30021     0.592157
30022     0.596078
30023     0.600000
30024     0.611765
30025     0.619608
30026     0.627451
30027     0.627451
30028     0.619608
30029     0.615686
30030     0.611765
30031     0.615686
30032     0.623529
30033     0.623529
30034     0.615686
30035     0.607843
30036     0.603922
30037     0.603922
30038     0.600000
30039     0.592157
30040     0.576471
30041     0.556863
30042     0.537255
30043     0.525490
30044     0.537255
30045     0.537255
30046     0.541176
30047     0.537255
30048     0.533333
30049     0.525490
30050     0.521569
30051     0.513726
30052     0.505882
30053     0.486275
30054     0.478431
30055     0.494118
30056     0.509804
30057     0.513726
30058     0.525490
30059     0.541176
30060     0.552941
30061     0.560784
30062     0.568627
30063     0.564706
30064     0.552941
30065     0.545098
30066     0.545098
30067     0.549020
30068     0.603922
30069     0.619608
30070     0.627451
30071     0.611765
30072     0.600000
30073     0.600000
30074     0.588235
30075     0.572549
30076     0.537255
30077     0.529412
30078     0.517647
30079     0.509804
30080     0.501961
30081     0.501961
30082     0.501961
30083     0.498039
30084     0.490196
30085     0.474510
30086     0.466667
30087     0.466667
30088     0.474510
30089     0.466667
30090     0.443137
30091     0.419608
30092     0.403922
30093     0.443137
30094     0.478431
30095     0.486275
30096     0.494118
30097     0.513726
30098     0.529412
30099     0.533333
30100     0.541176
30101     0.545098
30102     0.537255
30103     0.521569
30104     0.501961
30105     0.486275
30106     0.482353
30107     0.482353
30108     0.509804
30109     0.513726
30110     0.517647
30111     0.521569
30112     0.521569
30113     0.517647
30114     0.509804
30115     0.505882
30116     0.525490
30117     0.533333
30118     0.545098
30119     0.564706
30120     0.584314
30121     0.600000
30122     0.615686
30123     0.623529
30124     0.631373
30125     0.627451
30126     0.615686
30127     0.611765
30128     0.611765
30129     0.615686
30130     0.627451
30131     0.631373
30132     0.635294
30133     0.635294
30134     0.627451
30135     0.611765
30136     0.600000
30137     0.600000
30138     0.603922
30139     0.615686
30140     0.639216
30141     0.650980
30142     0.670588
30143     0.682353
30144     0.682353
30145     0.678431
30146     0.674510
30147     0.670588
30148     0.670588
30149     0.670588
30150     0.666667
30151     0.662745
30152     0.666667
30153     0.670588
30154     0.678431
30155     0.682353
30156     0.674510
30157     0.678431
30158     0.682353
30159     0.686275
30160     0.682353
30161     0.678431
30162     0.670588
30163     0.666667
30164     0.674510
30165     0.678431
30166     0.686275
30167     0.690196
30168     0.682353
30169     0.662745
30170     0.643137
30171     0.631373
30172     0.627451
30173     0.631373
30174     0.631373
30175     0.635294
30176     0.635294
30177     0.635294
30178     0.631373
30179     0.631373
30180     0.623529
30181     0.615686
30182     0.619608
30183     0.635294
30184     0.635294
30185     0.623529
30186     0.623529
30187     0.635294
30188     0.639216
30189     0.635294
30190     0.627451
30191     0.478431
30192     0.486275
30193     0.498039
30194     0.513726
30195     0.529412
30196     0.541176
30197     0.552941
30198     0.560784
30199     0.525490
30200     0.513726
30201     0.501961
30202     0.494118
30203     0.494118
30204     0.490196
30205     0.482353
30206     0.474510
30207     0.474510
30208     0.478431
30209     0.490196
30210     0.513726
30211     0.541176
30212     0.556863
30213     0.564706
30214     0.564706
30215     0.552941
30216     0.552941
30217     0.533333
30218     0.501961
30219     0.490196
30220     0.501961
30221     0.501961
30222     0.494118
30223     0.482353
30224     0.490196
30225     0.509804
30226     0.521569
30227     0.525490
30228     0.521569
30229     0.513726
30230     0.505882
30231     0.486275
30232     0.490196
30233     0.494118
30234     0.501961
30235     0.509804
30236     0.513726
30237     0.521569
30238     0.525490
30239     0.533333
30240     0.541176
30241     0.549020
30242     0.556863
30243     0.556863
30244     0.560784
30245     0.568627
30246     0.576471
30247     0.576471
30248     0.576471
30249     0.584314
30250     0.600000
30251     0.615686
30252     0.623529
30253     0.623529
30254     0.619608
30255     0.615686
30256     0.611765
30257     0.611765
30258     0.615686
30259     0.623529
30260     0.627451
30261     0.623529
30262     0.615686
30263     0.607843
30264     0.603922
30265     0.588235
30266     0.572549
30267     0.552941
30268     0.537255
30269     0.525490
30270     0.517647
30271     0.529412
30272     0.529412
30273     0.533333
30274     0.533333
30275     0.533333
30276     0.529412
30277     0.525490
30278     0.525490
30279     0.494118
30280     0.478431
30281     0.478431
30282     0.498039
30283     0.513726
30284     0.513726
30285     0.513726
30286     0.525490
30287     0.545098
30288     0.556863
30289     0.564706
30290     0.556863
30291     0.537255
30292     0.525490
30293     0.529412
30294     0.537255
30295     0.576471
30296     0.615686
30297     0.647059
30298     0.639216
30299     0.619608
30300     0.596078
30301     0.572549
30302     0.545098
30303     0.533333
30304     0.521569
30305     0.505882
30306     0.498039
30307     0.494118
30308     0.494118
30309     0.490196
30310     0.482353
30311     0.474510
30312     0.474510
30313     0.470588
30314     0.470588
30315     0.470588
30316     0.466667
30317     0.454902
30318     0.443137
30319     0.403922
30320     0.462745
30321     0.525490
30322     0.552941
30323     0.560784
30324     0.568627
30325     0.572549
30326     0.568627
30327     0.556863
30328     0.549020
30329     0.537255
30330     0.517647
30331     0.494118
30332     0.482353
30333     0.482353
30334     0.486275
30335     0.513726
30336     0.513726
30337     0.517647
30338     0.517647
30339     0.521569
30340     0.521569
30341     0.525490
30342     0.525490
30343     0.533333
30344     0.537255
30345     0.549020
30346     0.560784
30347     0.572549
30348     0.584314
30349     0.596078
30350     0.600000
30351     0.615686
30352     0.611765
30353     0.603922
30354     0.596078
30355     0.596078
30356     0.603922
30357     0.611765
30358     0.615686
30359     0.611765
30360     0.607843
30361     0.603922
30362     0.592157
30363     0.588235
30364     0.596078
30365     0.611765
30366     0.627451
30367     0.654902
30368     0.670588
30369     0.690196
30370     0.694118
30371     0.690196
30372     0.674510
30373     0.666667
30374     0.662745
30375     0.658824
30376     0.658824
30377     0.654902
30378     0.654902
30379     0.658824
30380     0.666667
30381     0.674510
30382     0.678431
30383     0.674510
30384     0.678431
30385     0.686275
30386     0.690196
30387     0.690196
30388     0.690196
30389     0.686275
30390     0.682353
30391     0.686275
30392     0.690196
30393     0.694118
30394     0.694118
30395     0.686275
30396     0.670588
30397     0.654902
30398     0.647059
30399     0.639216
30400     0.643137
30401     0.643137
30402     0.643137
30403     0.643137
30404     0.639216
30405     0.635294
30406     0.631373
30407     0.623529
30408     0.615686
30409     0.619608
30410     0.631373
30411     0.631373
30412     0.619608
30413     0.615686
30414     0.627451
30415     0.631373
30416     0.627451
30417     0.627451
30418     0.490196
30419     0.494118
30420     0.501961
30421     0.513726
30422     0.529412
30423     0.537255
30424     0.541176
30425     0.541176
30426     0.525490
30427     0.513726
30428     0.501961
30429     0.501961
30430     0.505882
30431     0.505882
30432     0.498039
30433     0.486275
30434     0.490196
30435     0.494118
30436     0.505882
30437     0.525490
30438     0.545098
30439     0.552941
30440     0.552941
30441     0.549020
30442     0.552941
30443     0.549020
30444     0.521569
30445     0.490196
30446     0.478431
30447     0.490196
30448     0.498039
30449     0.494118
30450     0.490196
30451     0.501961
30452     0.517647
30453     0.525490
30454     0.521569
30455     0.509804
30456     0.498039
30457     0.490196
30458     0.466667
30459     0.466667
30460     0.466667
30461     0.470588
30462     0.470588
30463     0.474510
30464     0.478431
30465     0.478431
30466     0.501961
30467     0.513726
30468     0.533333
30469     0.556863
30470     0.576471
30471     0.580392
30472     0.572549
30473     0.564706
30474     0.568627
30475     0.572549
30476     0.580392
30477     0.600000
30478     0.619608
30479     0.623529
30480     0.615686
30481     0.603922
30482     0.611765
30483     0.607843
30484     0.607843
30485     0.615686
30486     0.627451
30487     0.631373
30488     0.627451
30489     0.623529
30490     0.603922
30491     0.588235
30492     0.564706
30493     0.541176
30494     0.529412
30495     0.521569
30496     0.525490
30497     0.529412
30498     0.529412
30499     0.529412
30500     0.525490
30501     0.525490
30502     0.521569
30503     0.517647
30504     0.513726
30505     0.513726
30506     0.478431
30507     0.466667
30508     0.474510
30509     0.498039
30510     0.513726
30511     0.509804
30512     0.505882
30513     0.509804
30514     0.521569
30515     0.533333
30516     0.541176
30517     0.533333
30518     0.509804
30519     0.494118
30520     0.498039
30521     0.505882
30522     0.560784
30523     0.603922
30524     0.639216
30525     0.631373
30526     0.603922
30527     0.580392
30528     0.556863
30529     0.537255
30530     0.521569
30531     0.505882
30532     0.486275
30533     0.478431
30534     0.482353
30535     0.478431
30536     0.474510
30537     0.466667
30538     0.462745
30539     0.470588
30540     0.478431
30541     0.470588
30542     0.458824
30543     0.447059
30544     0.447059
30545     0.450980
30546     0.490196
30547     0.560784
30548     0.635294
30549     0.662745
30550     0.658824
30551     0.643137
30552     0.619608
30553     0.600000
30554     0.564706
30555     0.556863
30556     0.541176
30557     0.513726
30558     0.490196
30559     0.482353
30560     0.486275
30561     0.490196
30562     0.513726
30563     0.521569
30564     0.529412
30565     0.533333
30566     0.541176
30567     0.541176
30568     0.537255
30569     0.537255
30570     0.541176
30571     0.545098
30572     0.549020
30573     0.552941
30574     0.560784
30575     0.568627
30576     0.572549
30577     0.572549
30578     0.600000
30579     0.596078
30580     0.592157
30581     0.588235
30582     0.588235
30583     0.592157
30584     0.596078
30585     0.600000
30586     0.592157
30587     0.592157
30588     0.588235
30589     0.584314
30590     0.584314
30591     0.600000
30592     0.627451
30593     0.643137
30594     0.670588
30595     0.690196
30596     0.705882
30597     0.709804
30598     0.694118
30599     0.674510
30600     0.662745
30601     0.658824
30602     0.647059
30603     0.643137
30604     0.643137
30605     0.647059
30606     0.650980
30607     0.658824
30608     0.670588
30609     0.674510
30610     0.674510
30611     0.682353
30612     0.690196
30613     0.698039
30614     0.701961
30615     0.701961
30616     0.701961
30617     0.698039
30618     0.705882
30619     0.705882
30620     0.705882
30621     0.705882
30622     0.698039
30623     0.686275
30624     0.674510
30625     0.666667
30626     0.666667
30627     0.666667
30628     0.666667
30629     0.662745
30630     0.658824
30631     0.650980
30632     0.643137
30633     0.639216
30634     0.639216
30635     0.627451
30636     0.631373
30637     0.643137
30638     0.643137
30639     0.631373
30640     0.627451
30641     0.635294
30642     0.639216
30643     0.627451
30644     0.619608
30645     0.498039
30646     0.498039
30647     0.501961
30648     0.509804
30649     0.517647
30650     0.525490
30651     0.521569
30652     0.517647
30653     0.525490
30654     0.513726
30655     0.505882
30656     0.505882
30657     0.513726
30658     0.517647
30659     0.505882
30660     0.498039
30661     0.509804
30662     0.513726
30663     0.521569
30664     0.537255
30665     0.549020
30666     0.552941
30667     0.545098
30668     0.537255
30669     0.552941
30670     0.545098
30671     0.517647
30672     0.478431
30673     0.466667
30674     0.482353
30675     0.494118
30676     0.494118
30677     0.501961
30678     0.513726
30679     0.525490
30680     0.525490
30681     0.517647
30682     0.498039
30683     0.486275
30684     0.478431
30685     0.447059
30686     0.447059
30687     0.443137
30688     0.439216
30689     0.439216
30690     0.443137
30691     0.443137
30692     0.443137
30693     0.486275
30694     0.498039
30695     0.525490
30696     0.560784
30697     0.596078
30698     0.603922
30699     0.588235
30700     0.568627
30701     0.572549
30702     0.572549
30703     0.584314
30704     0.603922
30705     0.619608
30706     0.619608
30707     0.603922
30708     0.588235
30709     0.607843
30710     0.607843
30711     0.607843
30712     0.615686
30713     0.627451
30714     0.635294
30715     0.631373
30716     0.623529
30717     0.596078
30718     0.576471
30719     0.549020
30720     0.521569
30721     0.513726
30722     0.517647
30723     0.529412
30724     0.541176
30725     0.537255
30726     0.533333
30727     0.525490
30728     0.513726
30729     0.501961
30730     0.494118
30731     0.486275
30732     0.482353
30733     0.466667
30734     0.458824
30735     0.470588
30736     0.501961
30737     0.513726
30738     0.505882
30739     0.498039
30740     0.498039
30741     0.501961
30742     0.513726
30743     0.521569
30744     0.509804
30745     0.486275
30746     0.470588
30747     0.474510
30748     0.482353
30749     0.572549
30750     0.603922
30751     0.623529
30752     0.600000
30753     0.568627
30754     0.556863
30755     0.556863
30756     0.552941
30757     0.513726
30758     0.494118
30759     0.478431
30760     0.470588
30761     0.470588
30762     0.470588
30763     0.462745
30764     0.450980
30765     0.462745
30766     0.474510
30767     0.482353
30768     0.466667
30769     0.439216
30770     0.419608
30771     0.423529
30772     0.431373
30773     0.588235
30774     0.662745
30775     0.737255
30776     0.760784
30777     0.737255
30778     0.694118
30779     0.650980
30780     0.615686
30781     0.572549
30782     0.564706
30783     0.541176
30784     0.513726
30785     0.490196
30786     0.482353
30787     0.486275
30788     0.494118
30789     0.509804
30790     0.521569
30791     0.541176
30792     0.552941
30793     0.560784
30794     0.556863
30795     0.549020
30796     0.545098
30797     0.545098
30798     0.545098
30799     0.549020
30800     0.549020
30801     0.552941
30802     0.556863
30803     0.556863
30804     0.556863
30805     0.584314
30806     0.584314
30807     0.584314
30808     0.584314
30809     0.584314
30810     0.588235
30811     0.588235
30812     0.592157
30813     0.584314
30814     0.584314
30815     0.580392
30816     0.580392
30817     0.588235
30818     0.607843
30819     0.639216
30820     0.658824
30821     0.682353
30822     0.701961
30823     0.717647
30824     0.717647
30825     0.698039
30826     0.674510
30827     0.658824
30828     0.654902
30829     0.639216
30830     0.635294
30831     0.635294
30832     0.639216
30833     0.647059
30834     0.658824
30835     0.666667
30836     0.674510
30837     0.674510
30838     0.682353
30839     0.690196
30840     0.701961
30841     0.709804
30842     0.713726
30843     0.709804
30844     0.709804
30845     0.717647
30846     0.717647
30847     0.713726
30848     0.709804
30849     0.701961
30850     0.694118
30851     0.690196
30852     0.682353
30853     0.690196
30854     0.690196
30855     0.686275
30856     0.682353
30857     0.674510
30858     0.662745
30859     0.654902
30860     0.650980
30861     0.650980
30862     0.639216
30863     0.643137
30864     0.658824
30865     0.658824
30866     0.643137
30867     0.639216
30868     0.650980
30869     0.647059
30870     0.631373
30871     0.615686
30872     0.474510
30873     0.482353
30874     0.494118
30875     0.494118
30876     0.498039
30877     0.517647
30878     0.545098
30879     0.572549
30880     0.556863
30881     0.560784
30882     0.560784
30883     0.545098
30884     0.525490
30885     0.513726
30886     0.517647
30887     0.525490
30888     0.521569
30889     0.525490
30890     0.529412
30891     0.529412
30892     0.533333
30893     0.537255
30894     0.541176
30895     0.545098
30896     0.533333
30897     0.517647
30898     0.498039
30899     0.486275
30900     0.486275
30901     0.490196
30902     0.494118
30903     0.494118
30904     0.482353
30905     0.482353
30906     0.478431
30907     0.474510
30908     0.474510
30909     0.478431
30910     0.478431
30911     0.482353
30912     0.458824
30913     0.458824
30914     0.454902
30915     0.443137
30916     0.435294
30917     0.435294
30918     0.447059
30919     0.454902
30920     0.474510
30921     0.529412
30922     0.584314
30923     0.603922
30924     0.607843
30925     0.607843
30926     0.592157
30927     0.576471
30928     0.568627
30929     0.576471
30930     0.588235
30931     0.592157
30932     0.592157
30933     0.588235
30934     0.576471
30935     0.572549
30936     0.607843
30937     0.611765
30938     0.623529
30939     0.631373
30940     0.631373
30941     0.623529
30942     0.611765
30943     0.603922
30944     0.568627
30945     0.556863
30946     0.545098
30947     0.541176
30948     0.541176
30949     0.541176
30950     0.537255
30951     0.529412
30952     0.517647
30953     0.521569
30954     0.517647
30955     0.501961
30956     0.478431
30957     0.466667
30958     0.474510
30959     0.486275
30960     0.443137
30961     0.462745
30962     0.482353
30963     0.494118
30964     0.494118
30965     0.482353
30966     0.466667
30967     0.458824
30968     0.447059
30969     0.466667
30970     0.482353
30971     0.482353
30972     0.470588
30973     0.474510
30974     0.498039
30975     0.521569
30976     0.584314
30977     0.580392
30978     0.568627
30979     0.552941
30980     0.537255
30981     0.525490
30982     0.525490
30983     0.525490
30984     0.513726
30985     0.509804
30986     0.501961
30987     0.482353
30988     0.462745
30989     0.458824
30990     0.470588
30991     0.486275
30992     0.482353
30993     0.458824
30994     0.462745
30995     0.470588
30996     0.427451
30997     0.384314
30998     0.443137
30999     0.552941
31000     0.698039
31001     0.721569
31002     0.745098
31003     0.752941
31004     0.745098
31005     0.721569
31006     0.662745
31007     0.607843
31008     0.592157
31009     0.580392
31010     0.545098
31011     0.498039
31012     0.478431
31013     0.490196
31014     0.509804
31015     0.513726
31016     0.537255
31017     0.556863
31018     0.576471
31019     0.588235
31020     0.588235
31021     0.576471
31022     0.568627
31023     0.564706
31024     0.537255
31025     0.549020
31026     0.552941
31027     0.541176
31028     0.529412
31029     0.529412
31030     0.549020
31031     0.572549
31032     0.572549
31033     0.564706
31034     0.572549
31035     0.584314
31036     0.584314
31037     0.572549
31038     0.568627
31039     0.580392
31040     0.603922
31041     0.584314
31042     0.572549
31043     0.584314
31044     0.600000
31045     0.611765
31046     0.623529
31047     0.643137
31048     0.658824
31049     0.666667
31050     0.674510
31051     0.674510
31052     0.666667
31053     0.654902
31054     0.654902
31055     0.654902
31056     0.619608
31057     0.647059
31058     0.650980
31059     0.623529
31060     0.615686
31061     0.647059
31062     0.682353
31063     0.698039
31064     0.678431
31065     0.678431
31066     0.686275
31067     0.705882
31068     0.725490
31069     0.729412
31070     0.713726
31071     0.694118
31072     0.713726
31073     0.725490
31074     0.733333
31075     0.733333
31076     0.725490
31077     0.713726
31078     0.709804
31079     0.705882
31080     0.686275
31081     0.658824
31082     0.662745
31083     0.694118
31084     0.694118
31085     0.662745
31086     0.647059
31087     0.662745
31088     0.674510
31089     0.686275
31090     0.686275
31091     0.678431
31092     0.674510
31093     0.674510
31094     0.650980
31095     0.619608
31096     0.607843
31097     0.596078
31098     0.584314
31099     0.470588
31100     0.478431
31101     0.490196
31102     0.501961
31103     0.517647
31104     0.537255
31105     0.564706
31106     0.580392
31107     0.572549
31108     0.576471
31109     0.572549
31110     0.556863
31111     0.537255
31112     0.525490
31113     0.529412
31114     0.533333
31115     0.529412
31116     0.529412
31117     0.529412
31118     0.537255
31119     0.541176
31120     0.541176
31121     0.537255
31122     0.533333
31123     0.517647
31124     0.505882
31125     0.494118
31126     0.486275
31127     0.486275
31128     0.486275
31129     0.486275
31130     0.482353
31131     0.462745
31132     0.462745
31133     0.458824
31134     0.458824
31135     0.462745
31136     0.466667
31137     0.470588
31138     0.474510
31139     0.454902
31140     0.454902
31141     0.450980
31142     0.454902
31143     0.462745
31144     0.474510
31145     0.482353
31146     0.486275
31147     0.505882
31148     0.552941
31149     0.600000
31150     0.615686
31151     0.607843
31152     0.596078
31153     0.576471
31154     0.552941
31155     0.556863
31156     0.556863
31157     0.556863
31158     0.560784
31159     0.564706
31160     0.568627
31161     0.572549
31162     0.576471
31163     0.611765
31164     0.615686
31165     0.623529
31166     0.627451
31167     0.619608
31168     0.607843
31169     0.596078
31170     0.588235
31171     0.560784
31172     0.552941
31173     0.545098
31174     0.545098
31175     0.549020
31176     0.549020
31177     0.541176
31178     0.533333
31179     0.529412
31180     0.517647
31181     0.505882
31182     0.494118
31183     0.486275
31184     0.482353
31185     0.478431
31186     0.474510
31187     0.447059
31188     0.458824
31189     0.474510
31190     0.486275
31191     0.494118
31192     0.494118
31193     0.494118
31194     0.490196
31195     0.466667
31196     0.482353
31197     0.494118
31198     0.498039
31199     0.494118
31200     0.498039
31201     0.513726
31202     0.525490
31203     0.545098
31204     0.541176
31205     0.529412
31206     0.513726
31207     0.505882
31208     0.509804
31209     0.529412
31210     0.545098
31211     0.529412
31212     0.525490
31213     0.509804
31214     0.486275
31215     0.462745
31216     0.454902
31217     0.462745
31218     0.474510
31219     0.478431
31220     0.458824
31221     0.466667
31222     0.478431
31223     0.443137
31224     0.411765
31225     0.478431
31226     0.584314
31227     0.678431
31228     0.713726
31229     0.745098
31230     0.752941
31231     0.741176
31232     0.709804
31233     0.654902
31234     0.607843
31235     0.560784
31236     0.560784
31237     0.537255
31238     0.498039
31239     0.474510
31240     0.490196
31241     0.509804
31242     0.521569
31243     0.537255
31244     0.549020
31245     0.564706
31246     0.572549
31247     0.564706
31248     0.552941
31249     0.545098
31250     0.545098
31251     0.533333
31252     0.541176
31253     0.549020
31254     0.541176
31255     0.525490
31256     0.525490
31257     0.545098
31258     0.564706
31259     0.568627
31260     0.564706
31261     0.576471
31262     0.600000
31263     0.603922
31264     0.588235
31265     0.572549
31266     0.568627
31267     0.580392
31268     0.556863
31269     0.545098
31270     0.560784
31271     0.580392
31272     0.596078
31273     0.615686
31274     0.639216
31275     0.647059
31276     0.654902
31277     0.666667
31278     0.666667
31279     0.658824
31280     0.654902
31281     0.650980
31282     0.654902
31283     0.635294
31284     0.654902
31285     0.654902
31286     0.635294
31287     0.627451
31288     0.654902
31289     0.678431
31290     0.682353
31291     0.682353
31292     0.682353
31293     0.686275
31294     0.694118
31295     0.701961
31296     0.701961
31297     0.694118
31298     0.686275
31299     0.721569
31300     0.717647
31301     0.713726
31302     0.713726
31303     0.717647
31304     0.713726
31305     0.705882
31306     0.698039
31307     0.698039
31308     0.678431
31309     0.666667
31310     0.674510
31311     0.682353
31312     0.678431
31313     0.682353
31314     0.690196
31315     0.694118
31316     0.698039
31317     0.682353
31318     0.647059
31319     0.627451
31320     0.627451
31321     0.615686
31322     0.603922
31323     0.592157
31324     0.572549
31325     0.549020
31326     0.486275
31327     0.490196
31328     0.501961
31329     0.521569
31330     0.549020
31331     0.572549
31332     0.588235
31333     0.592157
31334     0.596078
31335     0.596078
31336     0.592157
31337     0.576471
31338     0.560784
31339     0.545098
31340     0.541176
31341     0.545098
31342     0.541176
31343     0.533333
31344     0.533333
31345     0.541176
31346     0.549020
31347     0.545098
31348     0.529412
31349     0.509804
31350     0.494118
31351     0.486275
31352     0.482353
31353     0.482353
31354     0.482353
31355     0.482353
31356     0.470588
31357     0.462745
31358     0.447059
31359     0.447059
31360     0.450980
31361     0.454902
31362     0.462745
31363     0.470588
31364     0.478431
31365     0.482353
31366     0.470588
31367     0.466667
31368     0.462745
31369     0.478431
31370     0.498039
31371     0.509804
31372     0.509804
31373     0.501961
31374     0.533333
31375     0.580392
31376     0.619608
31377     0.623529
31378     0.607843
31379     0.588235
31380     0.556863
31381     0.529412
31382     0.552941
31383     0.545098
31384     0.537255
31385     0.533333
31386     0.541176
31387     0.556863
31388     0.572549
31389     0.584314
31390     0.607843
31391     0.611765
31392     0.611765
31393     0.611765
31394     0.603922
31395     0.588235
31396     0.572549
31397     0.564706
31398     0.545098
31399     0.541176
31400     0.541176
31401     0.541176
31402     0.545098
31403     0.545098
31404     0.533333
31405     0.521569
31406     0.533333
31407     0.513726
31408     0.490196
31409     0.482353
31410     0.490196
31411     0.490196
31412     0.478431
31413     0.462745
31414     0.447059
31415     0.454902
31416     0.470588
31417     0.486275
31418     0.501961
31419     0.513726
31420     0.521569
31421     0.525490
31422     0.490196
31423     0.494118
31424     0.501961
31425     0.509804
31426     0.513726
31427     0.513726
31428     0.517647
31429     0.517647
31430     0.513726
31431     0.517647
31432     0.525490
31433     0.521569
31434     0.517647
31435     0.525490
31436     0.545098
31437     0.564706
31438     0.541176
31439     0.533333
31440     0.513726
31441     0.490196
31442     0.474510
31443     0.470588
31444     0.478431
31445     0.490196
31446     0.482353
31447     0.466667
31448     0.470588
31449     0.478431
31450     0.450980
31451     0.435294
31452     0.501961
31453     0.592157
31454     0.662745
31455     0.705882
31456     0.741176
31457     0.733333
31458     0.705882
31459     0.666667
31460     0.623529
31461     0.588235
31462     0.529412
31463     0.545098
31464     0.533333
31465     0.498039
31466     0.474510
31467     0.482353
31468     0.505882
31469     0.521569
31470     0.525490
31471     0.533333
31472     0.537255
31473     0.537255
31474     0.525490
31475     0.517647
31476     0.513726
31477     0.517647
31478     0.529412
31479     0.537255
31480     0.545098
31481     0.537255
31482     0.529412
31483     0.525490
31484     0.541176
31485     0.552941
31486     0.568627
31487     0.564706
31488     0.576471
31489     0.611765
31490     0.623529
31491     0.603922
31492     0.576471
31493     0.560784
31494     0.552941
31495     0.529412
31496     0.513726
31497     0.529412
31498     0.552941
31499     0.572549
31500     0.600000
31501     0.627451
31502     0.627451
31503     0.639216
31504     0.650980
31505     0.658824
31506     0.654902
31507     0.650980
31508     0.654902
31509     0.654902
31510     0.658824
31511     0.666667
31512     0.662745
31513     0.650980
31514     0.654902
31515     0.670588
31516     0.678431
31517     0.674510
31518     0.690196
31519     0.694118
31520     0.701961
31521     0.705882
31522     0.701961
31523     0.698039
31524     0.701961
31525     0.705882
31526     0.725490
31527     0.713726
31528     0.705882
31529     0.713726
31530     0.725490
31531     0.729412
31532     0.721569
31533     0.713726
31534     0.701961
31535     0.690196
31536     0.666667
31537     0.643137
31538     0.650980
31539     0.678431
31540     0.698039
31541     0.694118
31542     0.674510
31543     0.670588
31544     0.635294
31545     0.576471
31546     0.537255
31547     0.537255
31548     0.545098
31549     0.552941
31550     0.545098
31551     0.525490
31552     0.498039
31553     0.541176
31554     0.537255
31555     0.541176
31556     0.564706
31557     0.592157
31558     0.607843
31559     0.603922
31560     0.596078
31561     0.611765
31562     0.611765
31563     0.603922
31564     0.592157
31565     0.580392
31566     0.564706
31567     0.556863
31568     0.552941
31569     0.549020
31570     0.541176
31571     0.537255
31572     0.541176
31573     0.549020
31574     0.537255
31575     0.509804
31576     0.486275
31577     0.466667
31578     0.466667
31579     0.470588
31580     0.478431
31581     0.478431
31582     0.474510
31583     0.458824
31584     0.447059
31585     0.447059
31586     0.450980
31587     0.454902
31588     0.462745
31589     0.474510
31590     0.486275
31591     0.498039
31592     0.501961
31593     0.505882
31594     0.490196
31595     0.482353
31596     0.494118
31597     0.513726
31598     0.521569
31599     0.505882
31600     0.490196
31601     0.537255
31602     0.580392
31603     0.619608
31604     0.619608
31605     0.603922
31606     0.584314
31607     0.556863
31608     0.529412
31609     0.560784
31610     0.552941
31611     0.541176
31612     0.533333
31613     0.537255
31614     0.549020
31615     0.564706
31616     0.572549
31617     0.580392
31618     0.584314
31619     0.584314
31620     0.584314
31621     0.580392
31622     0.568627
31623     0.556863
31624     0.552941
31625     0.541176
31626     0.537255
31627     0.537255
31628     0.541176
31629     0.541176
31630     0.529412
31631     0.513726
31632     0.498039
31633     0.517647
31634     0.501961
31635     0.486275
31636     0.474510
31637     0.478431
31638     0.474510
31639     0.470588
31640     0.462745
31641     0.450980
31642     0.458824
31643     0.474510
31644     0.494118
31645     0.513726
31646     0.529412
31647     0.529412
31648     0.529412
31649     0.509804
31650     0.505882
31651     0.505882
31652     0.509804
31653     0.513726
31654     0.513726
31655     0.501961
31656     0.494118
31657     0.486275
31658     0.509804
31659     0.537255
31660     0.549020
31661     0.549020
31662     0.549020
31663     0.549020
31664     0.552941
31665     0.521569
31666     0.513726
31667     0.498039
31668     0.486275
31669     0.482353
31670     0.486275
31671     0.498039
31672     0.505882
31673     0.498039
31674     0.486275
31675     0.478431
31676     0.470588
31677     0.443137
31678     0.435294
31679     0.482353
31680     0.549020
31681     0.639216
31682     0.678431
31683     0.698039
31684     0.670588
31685     0.623529
31686     0.592157
31687     0.564706
31688     0.549020
31689     0.525490
31690     0.541176
31691     0.537255
31692     0.501961
31693     0.470588
31694     0.474510
31695     0.490196
31696     0.501961
31697     0.498039
31698     0.501961
31699     0.498039
31700     0.490196
31701     0.482353
31702     0.478431
31703     0.486275
31704     0.490196
31705     0.525490
31706     0.533333
31707     0.541176
31708     0.541176
31709     0.537255
31710     0.533333
31711     0.541176
31712     0.549020
31713     0.576471
31714     0.564706
31715     0.572549
31716     0.603922
31717     0.623529
31718     0.603922
31719     0.580392
31720     0.568627
31721     0.549020
31722     0.521569
31723     0.501961
31724     0.509804
31725     0.529412
31726     0.552941
31727     0.580392
31728     0.607843
31729     0.615686
31730     0.627451
31731     0.643137
31732     0.650980
31733     0.654902
31734     0.654902
31735     0.658824
31736     0.662745
31737     0.674510
31738     0.674510
31739     0.670588
31740     0.670588
31741     0.682353
31742     0.690196
31743     0.690196
31744     0.682353
31745     0.682353
31746     0.701961
31747     0.717647
31748     0.721569
31749     0.713726
31750     0.705882
31751     0.709804
31752     0.717647
31753     0.694118
31754     0.698039
31755     0.701961
31756     0.705882
31757     0.713726
31758     0.713726
31759     0.713726
31760     0.713726
31761     0.678431
31762     0.682353
31763     0.650980
31764     0.607843
31765     0.603922
31766     0.639216
31767     0.650980
31768     0.627451
31769     0.576471
31770     0.576471
31771     0.541176
31772     0.478431
31773     0.435294
31774     0.435294
31775     0.458824
31776     0.474510
31777     0.470588
31778     0.466667
31779     0.454902
31780     0.603922
31781     0.600000
31782     0.596078
31783     0.607843
31784     0.623529
31785     0.623529
31786     0.607843
31787     0.596078
31788     0.615686
31789     0.611765
31790     0.603922
31791     0.600000
31792     0.588235
31793     0.576471
31794     0.560784
31795     0.552941
31796     0.552941
31797     0.545098
31798     0.537255
31799     0.537255
31800     0.533333
31801     0.513726
31802     0.486275
31803     0.462745
31804     0.447059
31805     0.450980
31806     0.458824
31807     0.470588
31808     0.474510
31809     0.466667
31810     0.450980
31811     0.435294
31812     0.450980
31813     0.454902
31814     0.458824
31815     0.466667
31816     0.482353
31817     0.494118
31818     0.505882
31819     0.509804
31820     0.513726
31821     0.498039
31822     0.486275
31823     0.494118
31824     0.513726
31825     0.513726
31826     0.498039
31827     0.478431
31828     0.517647
31829     0.560784
31830     0.596078
31831     0.600000
31832     0.588235
31833     0.580392
31834     0.564706
31835     0.545098
31836     0.556863
31837     0.552941
31838     0.545098
31839     0.537255
31840     0.533333
31841     0.533333
31842     0.533333
31843     0.533333
31844     0.541176
31845     0.545098
31846     0.552941
31847     0.556863
31848     0.560784
31849     0.556863
31850     0.556863
31851     0.552941
31852     0.560784
31853     0.556863
31854     0.552941
31855     0.549020
31856     0.541176
31857     0.525490
31858     0.505882
31859     0.486275
31860     0.490196
31861     0.494118
31862     0.490196
31863     0.474510
31864     0.458824
31865     0.450980
31866     0.458824
31867     0.466667
31868     0.454902
31869     0.462745
31870     0.482353
31871     0.509804
31872     0.529412
31873     0.533333
31874     0.521569
31875     0.509804
31876     0.529412
31877     0.521569
31878     0.513726
31879     0.509804
31880     0.509804
31881     0.501961
31882     0.490196
31883     0.478431
31884     0.474510
31885     0.490196
31886     0.513726
31887     0.533333
31888     0.545098
31889     0.549020
31890     0.549020
31891     0.545098
31892     0.509804
31893     0.501961
31894     0.494118
31895     0.486275
31896     0.486275
31897     0.494118
31898     0.501961
31899     0.505882
31900     0.509804
31901     0.505882
31902     0.490196
31903     0.458824
31904     0.427451
31905     0.419608
31906     0.447059
31907     0.482353
31908     0.556863
31909     0.588235
31910     0.592157
31911     0.556863
31912     0.517647
31913     0.505882
31914     0.513726
31915     0.521569
31916     0.537255
31917     0.549020
31918     0.541176
31919     0.498039
31920     0.466667
31921     0.462745
31922     0.470588
31923     0.474510
31924     0.466667
31925     0.466667
31926     0.462745
31927     0.454902
31928     0.447059
31929     0.450980
31930     0.462745
31931     0.474510
31932     0.517647
31933     0.525490
31934     0.537255
31935     0.541176
31936     0.545098
31937     0.545098
31938     0.545098
31939     0.549020
31940     0.576471
31941     0.560784
31942     0.560784
31943     0.580392
31944     0.596078
31945     0.588235
31946     0.580392
31947     0.580392
31948     0.564706
31949     0.529412
31950     0.505882
31951     0.509804
31952     0.525490
31953     0.541176
31954     0.564706
31955     0.592157
31956     0.611765
31957     0.623529
31958     0.639216
31959     0.650980
31960     0.654902
31961     0.658824
31962     0.666667
31963     0.670588
31964     0.678431
31965     0.670588
31966     0.674510
31967     0.686275
31968     0.698039
31969     0.701961
31970     0.701961
31971     0.701961
31972     0.686275
31973     0.705882
31974     0.729412
31975     0.729412
31976     0.717647
31977     0.698039
31978     0.690196
31979     0.694118
31980     0.662745
31981     0.674510
31982     0.682353
31983     0.674510
31984     0.654902
31985     0.643137
31986     0.643137
31987     0.650980
31988     0.619608
31989     0.631373
31990     0.607843
31991     0.564706
31992     0.552941
31993     0.564706
31994     0.549020
31995     0.509804
31996     0.450980
31997     0.462745
31998     0.447059
31999     0.403922
32000     0.372549
32001     0.372549
32002     0.392157
32003     0.403922
32004     0.419608
32005     0.427451
32006     0.439216
32007     0.639216
32008     0.635294
32009     0.635294
32010     0.631373
32011     0.631373
32012     0.623529
32013     0.611765
32014     0.600000
32015     0.603922
32016     0.600000
32017     0.592157
32018     0.592157
32019     0.588235
32020     0.576471
32021     0.560784
32022     0.549020
32023     0.549020
32024     0.549020
32025     0.541176
32026     0.525490
32027     0.505882
32028     0.482353
32029     0.458824
32030     0.447059
32031     0.435294
32032     0.439216
32033     0.447059
32034     0.462745
32035     0.466667
32036     0.462745
32037     0.443137
32038     0.431373
32039     0.450980
32040     0.450980
32041     0.454902
32042     0.462745
32043     0.474510
32044     0.482353
32045     0.494118
32046     0.498039
32047     0.494118
32048     0.482353
32049     0.478431
32050     0.486275
32051     0.498039
32052     0.505882
32053     0.501961
32054     0.490196
32055     0.498039
32056     0.537255
32057     0.568627
32058     0.568627
32059     0.564706
32060     0.564706
32061     0.560784
32062     0.552941
32063     0.541176
32064     0.537255
32065     0.533333
32066     0.525490
32067     0.513726
32068     0.501961
32069     0.490196
32070     0.486275
32071     0.509804
32072     0.517647
32073     0.525490
32074     0.537255
32075     0.549020
32076     0.556863
32077     0.564706
32078     0.564706
32079     0.588235
32080     0.580392
32081     0.568627
32082     0.560784
32083     0.549020
32084     0.533333
32085     0.509804
32086     0.494118
32087     0.478431
32088     0.490196
32089     0.490196
32090     0.474510
32091     0.450980
32092     0.443137
32093     0.454902
32094     0.470588
32095     0.462745
32096     0.470588
32097     0.486275
32098     0.509804
32099     0.529412
32100     0.529412
32101     0.509804
32102     0.486275
32103     0.533333
32104     0.529412
32105     0.521569
32106     0.509804
32107     0.498039
32108     0.490196
32109     0.490196
32110     0.490196
32111     0.509804
32112     0.501961
32113     0.498039
32114     0.513726
32115     0.537255
32116     0.552941
32117     0.552941
32118     0.545098
32119     0.513726
32120     0.505882
32121     0.498039
32122     0.494118
32123     0.498039
32124     0.498039
32125     0.490196
32126     0.486275
32127     0.482353
32128     0.486275
32129     0.474510
32130     0.439216
32131     0.411765
32132     0.411765
32133     0.419608
32134     0.427451
32135     0.439216
32136     0.462745
32137     0.470588
32138     0.443137
32139     0.431373
32140     0.454902
32141     0.494118
32142     0.521569
32143     0.537255
32144     0.537255
32145     0.517647
32146     0.482353
32147     0.458824
32148     0.458824
32149     0.458824
32150     0.454902
32151     0.450980
32152     0.450980
32153     0.447059
32154     0.439216
32155     0.435294
32156     0.439216
32157     0.450980
32158     0.462745
32159     0.498039
32160     0.509804
32161     0.525490
32162     0.537255
32163     0.549020
32164     0.549020
32165     0.549020
32166     0.545098
32167     0.564706
32168     0.549020
32169     0.549020
32170     0.560784
32171     0.560784
32172     0.560784
32173     0.568627
32174     0.588235
32175     0.576471
32176     0.545098
32177     0.521569
32178     0.521569
32179     0.533333
32180     0.537255
32181     0.556863
32182     0.576471
32183     0.603922
32184     0.619608
32185     0.635294
32186     0.647059
32187     0.654902
32188     0.658824
32189     0.666667
32190     0.670588
32191     0.674510
32192     0.666667
32193     0.674510
32194     0.690196
32195     0.694118
32196     0.690196
32197     0.698039
32198     0.709804
32199     0.717647
32200     0.725490
32201     0.737255
32202     0.733333
32203     0.717647
32204     0.698039
32205     0.682353
32206     0.674510
32207     0.670588
32208     0.666667
32209     0.647059
32210     0.615686
32211     0.584314
32212     0.564706
32213     0.560784
32214     0.564706
32215     0.537255
32216     0.545098
32217     0.541176
32218     0.521569
32219     0.505882
32220     0.482353
32221     0.439216
32222     0.400000
32223     0.364706
32224     0.384314
32225     0.388235
32226     0.368627
32227     0.352941
32228     0.356863
32229     0.364706
32230     0.360784
32231     0.392157
32232     0.407843
32233     0.427451
32234     0.631373
32235     0.635294
32236     0.635294
32237     0.631373
32238     0.623529
32239     0.615686
32240     0.611765
32241     0.615686
32242     0.588235
32243     0.580392
32244     0.576471
32245     0.580392
32246     0.580392
32247     0.572549
32248     0.556863
32249     0.537255
32250     0.541176
32251     0.545098
32252     0.541176
32253     0.517647
32254     0.478431
32255     0.447059
32256     0.435294
32257     0.439216
32258     0.427451
32259     0.431373
32260     0.443137
32261     0.454902
32262     0.462745
32263     0.458824
32264     0.443137
32265     0.431373
32266     0.454902
32267     0.454902
32268     0.454902
32269     0.458824
32270     0.466667
32271     0.474510
32272     0.482353
32273     0.486275
32274     0.478431
32275     0.474510
32276     0.474510
32277     0.474510
32278     0.482353
32279     0.490196
32280     0.498039
32281     0.501961
32282     0.498039
32283     0.529412
32284     0.549020
32285     0.541176
32286     0.533333
32287     0.541176
32288     0.545098
32289     0.541176
32290     0.529412
32291     0.521569
32292     0.517647
32293     0.505882
32294     0.494118
32295     0.478431
32296     0.470588
32297     0.462745
32298     0.501961
32299     0.505882
32300     0.517647
32301     0.533333
32302     0.549020
32303     0.564706
32304     0.572549
32305     0.580392
32306     0.592157
32307     0.580392
32308     0.564706
32309     0.552941
32310     0.545098
32311     0.529412
32312     0.513726
32313     0.501961
32314     0.494118
32315     0.490196
32316     0.482353
32317     0.470588
32318     0.462745
32319     0.458824
32320     0.462745
32321     0.466667
32322     0.470588
32323     0.470588
32324     0.474510
32325     0.498039
32326     0.517647
32327     0.521569
32328     0.505882
32329     0.486275
32330     0.509804
32331     0.513726
32332     0.509804
32333     0.494118
32334     0.478431
32335     0.474510
32336     0.490196
32337     0.505882
32338     0.533333
32339     0.517647
32340     0.509804
32341     0.525490
32342     0.552941
32343     0.549020
32344     0.505882
32345     0.466667
32346     0.439216
32347     0.435294
32348     0.431373
32349     0.435294
32350     0.443137
32351     0.443137
32352     0.427451
32353     0.415686
32354     0.400000
32355     0.419608
32356     0.419608
32357     0.392157
32358     0.384314
32359     0.396078
32360     0.403922
32361     0.392157
32362     0.364706
32363     0.388235
32364     0.400000
32365     0.392157
32366     0.403922
32367     0.450980
32368     0.501961
32369     0.533333
32370     0.513726
32371     0.505882
32372     0.478431
32373     0.450980
32374     0.450980
32375     0.466667
32376     0.466667
32377     0.454902
32378     0.458824
32379     0.458824
32380     0.454902
32381     0.447059
32382     0.435294
32383     0.435294
32384     0.443137
32385     0.454902
32386     0.478431
32387     0.486275
32388     0.505882
32389     0.529412
32390     0.545098
32391     0.549020
32392     0.545098
32393     0.541176
32394     0.537255
32395     0.533333
32396     0.541176
32397     0.549020
32398     0.537255
32399     0.529412
32400     0.552941
32401     0.584314
32402     0.580392
32403     0.552941
32404     0.533333
32405     0.533333
32406     0.541176
32407     0.545098
32408     0.556863
32409     0.572549
32410     0.600000
32411     0.611765
32412     0.631373
32413     0.643137
32414     0.647059
32415     0.650980
32416     0.658824
32417     0.662745
32418     0.670588
32419     0.662745
32420     0.670588
32421     0.682353
32422     0.674510
32423     0.662745
32424     0.674510
32425     0.705882
32426     0.709804
32427     0.705882
32428     0.698039
32429     0.694118
32430     0.690196
32431     0.686275
32432     0.678431
32433     0.670588
32434     0.658824
32435     0.611765
32436     0.549020
32437     0.505882
32438     0.494118
32439     0.490196
32440     0.482353
32441     0.478431
32442     0.458824
32443     0.458824
32444     0.470588
32445     0.486275
32446     0.470588
32447     0.419608
32448     0.368627
32449     0.345098
32450     0.341176
32451     0.356863
32452     0.364706
32453     0.356863
32454     0.356863
32455     0.360784
32456     0.352941
32457     0.337255
32458     0.368627
32459     0.384314
32460     0.400000
32461     0.607843
32462     0.619608
32463     0.627451
32464     0.623529
32465     0.607843
32466     0.603922
32467     0.615686
32468     0.627451
32469     0.572549
32470     0.568627
32471     0.564706
32472     0.568627
32473     0.576471
32474     0.568627
32475     0.549020
32476     0.533333
32477     0.537255
32478     0.545098
32479     0.541176
32480     0.509804
32481     0.458824
32482     0.423529
32483     0.423529
32484     0.435294
32485     0.427451
32486     0.431373
32487     0.439216
32488     0.450980
32489     0.458824
32490     0.458824
32491     0.443137
32492     0.431373
32493     0.462745
32494     0.462745
32495     0.462745
32496     0.466667
32497     0.470588
32498     0.474510
32499     0.478431
32500     0.482353
32501     0.478431
32502     0.478431
32503     0.478431
32504     0.470588
32505     0.470588
32506     0.474510
32507     0.490196
32508     0.501961
32509     0.501961
32510     0.529412
32511     0.541176
32512     0.525490
32513     0.513726
32514     0.521569
32515     0.525490
32516     0.521569
32517     0.525490
32518     0.521569
32519     0.505882
32520     0.494118
32521     0.482353
32522     0.474510
32523     0.470588
32524     0.466667
32525     0.501961
32526     0.509804
32527     0.521569
32528     0.537255
32529     0.552941
32530     0.568627
32531     0.580392
32532     0.584314
32533     0.580392
32534     0.568627
32535     0.549020
32536     0.537255
32537     0.529412
32538     0.521569
32539     0.509804
32540     0.501961
32541     0.509804
32542     0.490196
32543     0.470588
32544     0.466667
32545     0.474510
32546     0.478431
32547     0.470588
32548     0.458824
32549     0.478431
32550     0.466667
32551     0.466667
32552     0.482353
32553     0.505882
32554     0.517647
32555     0.505882
32556     0.490196
32557     0.478431
32558     0.486275
32559     0.486275
32560     0.474510
32561     0.454902
32562     0.458824
32563     0.486275
32564     0.513726
32565     0.517647
32566     0.509804
32567     0.513726
32568     0.545098
32569     0.560784
32570     0.521569
32571     0.423529
32572     0.341176
32573     0.313726
32574     0.313726
32575     0.321569
32576     0.337255
32577     0.352941
32578     0.352941
32579     0.337255
32580     0.321569
32581     0.321569
32582     0.352941
32583     0.364706
32584     0.349020
32585     0.356863
32586     0.384314
32587     0.392157
32588     0.372549
32589     0.349020
32590     0.372549
32591     0.384314
32592     0.388235
32593     0.411765
32594     0.466667
32595     0.517647
32596     0.541176
32597     0.490196
32598     0.474510
32599     0.447059
32600     0.427451
32601     0.443137
32602     0.470588
32603     0.474510
32604     0.458824
32605     0.474510
32606     0.474510
32607     0.466667
32608     0.454902
32609     0.443137
32610     0.439216
32611     0.443137
32612     0.447059
32613     0.462745
32614     0.470588
32615     0.494118
32616     0.517647
32617     0.537255
32618     0.545098
32619     0.541176
32620     0.533333
32621     0.513726
32622     0.521569
32623     0.541176
32624     0.545098
32625     0.529412
32626     0.513726
32627     0.537255
32628     0.576471
32629     0.576471
32630     0.549020
32631     0.533333
32632     0.541176
32633     0.549020
32634     0.549020
32635     0.560784
32636     0.576471
32637     0.592157
32638     0.607843
32639     0.623529
32640     0.635294
32641     0.639216
32642     0.643137
32643     0.650980
32644     0.654902
32645     0.666667
32646     0.662745
32647     0.670588
32648     0.678431
32649     0.658824
32650     0.635294
32651     0.654902
32652     0.694118
32653     0.658824
32654     0.639216
32655     0.619608
32656     0.619608
32657     0.635294
32658     0.650980
32659     0.658824
32660     0.658824
32661     0.611765
32662     0.525490
32663     0.431373
32664     0.388235
32665     0.400000
32666     0.423529
32667     0.419608
32668     0.403922
32669     0.411765
32670     0.400000
32671     0.423529
32672     0.462745
32673     0.454902
32674     0.392157
32675     0.341176
32676     0.329412
32677     0.341176
32678     0.352941
32679     0.356863
32680     0.352941
32681     0.356863
32682     0.360784
32683     0.345098
32684     0.321569
32685     0.337255
32686     0.352941
32687     0.364706
32688     0.572549
32689     0.580392
32690     0.592157
32691     0.600000
32692     0.603922
32693     0.603922
32694     0.600000
32695     0.596078
32696     0.576471
32697     0.560784
32698     0.545098
32699     0.529412
32700     0.529412
32701     0.525490
32702     0.525490
32703     0.521569
32704     0.529412
32705     0.517647
32706     0.498039
32707     0.462745
32708     0.427451
32709     0.411765
32710     0.415686
32711     0.423529
32712     0.458824
32713     0.470588
32714     0.478431
32715     0.462745
32716     0.439216
32717     0.423529
32718     0.427451
32719     0.443137
32720     0.482353
32721     0.474510
32722     0.466667
32723     0.470588
32724     0.482353
32725     0.490196
32726     0.482353
32727     0.474510
32728     0.454902
32729     0.458824
32730     0.466667
32731     0.474510
32732     0.482353
32733     0.494118
32734     0.498039
32735     0.501961
32736     0.478431
32737     0.486275
32738     0.498039
32739     0.509804
32740     0.513726
32741     0.513726
32742     0.509804
32743     0.505882
32744     0.517647
32745     0.513726
32746     0.509804
32747     0.498039
32748     0.486275
32749     0.482353
32750     0.482353
32751     0.486275
32752     0.501961
32753     0.517647
32754     0.533333
32755     0.537255
32756     0.529412
32757     0.537255
32758     0.564706
32759     0.588235
32760     0.564706
32761     0.549020
32762     0.525490
32763     0.513726
32764     0.509804
32765     0.501961
32766     0.490196
32767     0.478431
32768     0.501961
32769     0.505882
32770     0.501961
32771     0.486275
32772     0.474510
32773     0.470588
32774     0.482353
32775     0.498039
32776     0.509804
32777     0.490196
32778     0.474510
32779     0.482353
32780     0.505882
32781     0.517647
32782     0.501961
32783     0.482353
32784     0.486275
32785     0.494118
32786     0.498039
32787     0.498039
32788     0.498039
32789     0.501961
32790     0.513726
32791     0.525490
32792     0.552941
32793     0.568627
32794     0.572549
32795     0.537255
32796     0.462745
32797     0.380392
32798     0.301961
32799     0.254902
32800     0.239216
32801     0.215686
32802     0.211765
32803     0.243137
32804     0.274510
32805     0.278431
32806     0.270588
32807     0.266667
32808     0.262745
32809     0.290196
32810     0.305882
32811     0.298039
32812     0.298039
32813     0.325490
32814     0.360784
32815     0.376471
32816     0.364706
32817     0.356863
32818     0.360784
32819     0.384314
32820     0.423529
32821     0.462745
32822     0.486275
32823     0.494118
32824     0.458824
32825     0.466667
32826     0.478431
32827     0.490196
32828     0.490196
32829     0.486275
32830     0.474510
32831     0.470588
32832     0.482353
32833     0.474510
32834     0.466667
32835     0.462745
32836     0.450980
32837     0.443137
32838     0.439216
32839     0.447059
32840     0.462745
32841     0.470588
32842     0.486275
32843     0.505882
32844     0.521569
32845     0.537255
32846     0.541176
32847     0.541176
32848     0.537255
32849     0.525490
32850     0.517647
32851     0.521569
32852     0.537255
32853     0.545098
32854     0.541176
32855     0.529412
32856     0.545098
32857     0.545098
32858     0.564706
32859     0.576471
32860     0.545098
32861     0.509804
32862     0.529412
32863     0.580392
32864     0.600000
32865     0.592157
32866     0.592157
32867     0.603922
32868     0.623529
32869     0.635294
32870     0.631373
32871     0.627451
32872     0.647059
32873     0.650980
32874     0.654902
32875     0.647059
32876     0.631373
32877     0.615686
32878     0.607843
32879     0.600000
32880     0.584314
32881     0.560784
32882     0.541176
32883     0.564706
32884     0.607843
32885     0.631373
32886     0.623529
32887     0.603922
32888     0.462745
32889     0.400000
32890     0.345098
32891     0.333333
32892     0.333333
32893     0.325490
32894     0.329412
32895     0.345098
32896     0.337255
32897     0.333333
32898     0.341176
32899     0.356863
32900     0.372549
32901     0.376471
32902     0.364706
32903     0.352941
32904     0.356863
32905     0.368627
32906     0.380392
32907     0.368627
32908     0.345098
32909     0.329412
32910     0.333333
32911     0.345098
32912     0.341176
32913     0.337255
32914     0.333333
32915     0.509804
32916     0.521569
32917     0.541176
32918     0.560784
32919     0.572549
32920     0.580392
32921     0.580392
32922     0.580392
32923     0.560784
32924     0.545098
32925     0.529412
32926     0.521569
32927     0.517647
32928     0.509804
32929     0.501961
32930     0.498039
32931     0.490196
32932     0.486275
32933     0.470588
32934     0.447059
32935     0.427451
32936     0.419608
32937     0.431373
32938     0.443137
32939     0.458824
32940     0.470588
32941     0.474510
32942     0.462745
32943     0.443137
32944     0.431373
32945     0.435294
32946     0.447059
32947     0.478431
32948     0.470588
32949     0.466667
32950     0.474510
32951     0.486275
32952     0.494118
32953     0.490196
32954     0.482353
32955     0.458824
32956     0.458824
32957     0.466667
32958     0.474510
32959     0.482353
32960     0.486275
32961     0.494118
32962     0.498039
32963     0.486275
32964     0.490196
32965     0.498039
32966     0.505882
32967     0.509804
32968     0.513726
32969     0.513726
32970     0.513726
32971     0.505882
32972     0.505882
32973     0.505882
32974     0.498039
32975     0.490196
32976     0.482353
32977     0.478431
32978     0.478431
32979     0.501961
32980     0.513726
32981     0.525490
32982     0.521569
32983     0.513726
32984     0.521569
32985     0.545098
32986     0.568627
32987     0.552941
32988     0.537255
32989     0.517647
32990     0.509804
32991     0.509804
32992     0.509804
32993     0.501961
32994     0.494118
32995     0.498039
32996     0.505882
32997     0.509804
32998     0.505882
32999     0.498039
33000     0.494118
33001     0.498039
33002     0.505882
33003     0.505882
33004     0.494118
33005     0.486275
33006     0.498039
33007     0.525490
33008     0.529412
33009     0.513726
33010     0.490196
33011     0.505882
33012     0.505882
33013     0.509804
33014     0.513726
33015     0.525490
33016     0.533333
33017     0.537255
33018     0.541176
33019     0.560784
33020     0.588235
33021     0.576471
33022     0.501961
33023     0.407843
33024     0.337255
33025     0.286275
33026     0.254902
33027     0.231373
33028     0.215686
33029     0.211765
33030     0.235294
33031     0.250980
33032     0.247059
33033     0.239216
33034     0.239216
33035     0.254902
33036     0.270588
33037     0.270588
33038     0.250980
33039     0.250980
33040     0.282353
33041     0.317647
33042     0.329412
33043     0.372549
33044     0.364706
33045     0.360784
33046     0.368627
33047     0.388235
33048     0.415686
33049     0.435294
33050     0.443137
33051     0.458824
33052     0.458824
33053     0.458824
33054     0.454902
33055     0.450980
33056     0.439216
33057     0.431373
33058     0.427451
33059     0.423529
33060     0.423529
33061     0.431373
33062     0.447059
33063     0.454902
33064     0.450980
33065     0.443137
33066     0.435294
33067     0.470588
33068     0.498039
33069     0.525490
33070     0.541176
33071     0.537255
33072     0.533333
33073     0.537255
33074     0.541176
33075     0.584314
33076     0.556863
33077     0.533333
33078     0.529412
33079     0.545098
33080     0.552941
33081     0.541176
33082     0.525490
33083     0.509804
33084     0.517647
33085     0.537255
33086     0.541176
33087     0.517647
33088     0.494118
33089     0.501961
33090     0.525490
33091     0.572549
33092     0.576471
33093     0.584314
33094     0.596078
33095     0.611765
33096     0.619608
33097     0.627451
33098     0.627451
33099     0.627451
33100     0.619608
33101     0.603922
33102     0.580392
33103     0.556863
33104     0.533333
33105     0.521569
33106     0.517647
33107     0.533333
33108     0.533333
33109     0.541176
33110     0.552941
33111     0.560784
33112     0.545098
33113     0.517647
33114     0.490196
33115     0.403922
33116     0.360784
33117     0.321569
33118     0.317647
33119     0.317647
33120     0.317647
33121     0.325490
33122     0.341176
33123     0.337255
33124     0.333333
33125     0.333333
33126     0.345098
33127     0.356863
33128     0.360784
33129     0.352941
33130     0.341176
33131     0.345098
33132     0.360784
33133     0.368627
33134     0.356863
33135     0.329412
33136     0.317647
33137     0.325490
33138     0.341176
33139     0.341176
33140     0.329412
33141     0.321569
33142     0.427451
33143     0.443137
33144     0.474510
33145     0.505882
33146     0.529412
33147     0.549020
33148     0.556863
33149     0.556863
33150     0.545098
33151     0.537255
33152     0.525490
33153     0.517647
33154     0.513726
33155     0.501961
33156     0.486275
33157     0.474510
33158     0.470588
33159     0.466667
33160     0.454902
33161     0.443137
33162     0.431373
33163     0.435294
33164     0.447059
33165     0.458824
33166     0.454902
33167     0.462745
33168     0.470588
33169     0.462745
33170     0.447059
33171     0.439216
33172     0.447059
33173     0.454902
33174     0.478431
33175     0.474510
33176     0.474510
33177     0.478431
33178     0.490196
33179     0.494118
33180     0.494118
33181     0.490196
33182     0.462745
33183     0.462745
33184     0.466667
33185     0.470588
33186     0.478431
33187     0.482353
33188     0.486275
33189     0.486275
33190     0.494118
33191     0.494118
33192     0.494118
33193     0.498039
33194     0.505882
33195     0.509804
33196     0.513726
33197     0.517647
33198     0.501961
33199     0.505882
33200     0.509804
33201     0.513726
33202     0.509804
33203     0.501961
33204     0.490196
33205     0.482353
33206     0.498039
33207     0.505882
33208     0.509804
33209     0.501961
33210     0.498039
33211     0.505882
33212     0.529412
33213     0.549020
33214     0.537255
33215     0.529412
33216     0.517647
33217     0.509804
33218     0.513726
33219     0.517647
33220     0.517647
33221     0.513726
33222     0.529412
33223     0.537255
33224     0.545098
33225     0.545098
33226     0.529412
33227     0.517647
33228     0.509804
33229     0.505882
33230     0.498039
33231     0.490196
33232     0.498039
33233     0.521569
33234     0.549020
33235     0.556863
33236     0.537255
33237     0.513726
33238     0.533333
33239     0.529412
33240     0.529412
33241     0.537255
33242     0.545098
33243     0.552941
33244     0.552941
33245     0.549020
33246     0.568627
33247     0.596078
33248     0.552941
33249     0.427451
33250     0.313726
33251     0.270588
33252     0.254902
33253     0.231373
33254     0.219608
33255     0.207843
33256     0.211765
33257     0.227451
33258     0.223529
33259     0.207843
33260     0.200000
33261     0.207843
33262     0.235294
33263     0.235294
33264     0.223529
33265     0.207843
33266     0.215686
33267     0.254902
33268     0.282353
33269     0.294118
33270     0.345098
33271     0.341176
33272     0.337255
33273     0.333333
33274     0.333333
33275     0.345098
33276     0.368627
33277     0.384314
33278     0.427451
33279     0.419608
33280     0.407843
33281     0.396078
33282     0.388235
33283     0.388235
33284     0.392157
33285     0.392157
33286     0.411765
33287     0.407843
33288     0.411765
33289     0.427451
33290     0.454902
33291     0.478431
33292     0.486275
33293     0.482353
33294     0.498039
33295     0.525490
33296     0.549020
33297     0.552941
33298     0.541176
33299     0.537255
33300     0.556863
33301     0.580392
33302     0.596078
33303     0.556863
33304     0.513726
33305     0.501961
33306     0.517647
33307     0.525490
33308     0.505882
33309     0.482353
33310     0.462745
33311     0.486275
33312     0.505882
33313     0.498039
33314     0.490196
33315     0.486275
33316     0.478431
33317     0.462745
33318     0.521569
33319     0.545098
33320     0.572549
33321     0.588235
33322     0.592157
33323     0.600000
33324     0.615686
33325     0.627451
33326     0.627451
33327     0.603922
33328     0.568627
33329     0.525490
33330     0.494118
33331     0.470588
33332     0.458824
33333     0.454902
33334     0.478431
33335     0.498039
33336     0.525490
33337     0.529412
33338     0.505882
33339     0.458824
33340     0.407843
33341     0.380392
33342     0.352941
33343     0.333333
33344     0.313726
33345     0.309804
33346     0.305882
33347     0.301961
33348     0.313726
33349     0.329412
33350     0.352941
33351     0.349020
33352     0.345098
33353     0.349020
33354     0.356863
33355     0.360784
33356     0.360784
33357     0.352941
33358     0.337255
33359     0.352941
33360     0.360784
33361     0.341176
33362     0.313726
33363     0.301961
33364     0.317647
33365     0.341176
33366     0.337255
33367     0.325490
33368     0.309804
33369     0.372549
33370     0.392157
33371     0.427451
33372     0.466667
33373     0.498039
33374     0.521569
33375     0.533333
33376     0.541176
33377     0.541176
33378     0.533333
33379     0.529412
33380     0.525490
33381     0.517647
33382     0.501961
33383     0.482353
33384     0.466667
33385     0.470588
33386     0.462745
33387     0.454902
33388     0.443137
33389     0.439216
33390     0.439216
33391     0.447059
33392     0.454902
33393     0.450980
33394     0.458824
33395     0.462745
33396     0.458824
33397     0.450980
33398     0.447059
33399     0.454902
33400     0.462745
33401     0.482353
33402     0.478431
33403     0.478431
33404     0.482353
33405     0.486275
33406     0.486275
33407     0.486275
33408     0.482353
33409     0.466667
33410     0.466667
33411     0.470588
33412     0.470588
33413     0.474510
33414     0.478431
33415     0.478431
33416     0.478431
33417     0.494118
33418     0.490196
33419     0.490196
33420     0.490196
33421     0.494118
33422     0.505882
33423     0.517647
33424     0.525490
33425     0.517647
33426     0.521569
33427     0.529412
33428     0.537255
33429     0.541176
33430     0.529412
33431     0.513726
33432     0.498039
33433     0.494118
33434     0.498039
33435     0.498039
33436     0.490196
33437     0.490196
33438     0.501961
33439     0.521569
33440     0.541176
33441     0.537255
33442     0.533333
33443     0.525490
33444     0.521569
33445     0.521569
33446     0.529412
33447     0.529412
33448     0.533333
33449     0.564706
33450     0.568627
33451     0.568627
33452     0.556863
33453     0.541176
33454     0.521569
33455     0.505882
33456     0.494118
33457     0.501961
33458     0.501961
33459     0.517647
33460     0.545098
33461     0.572549
33462     0.572549
33463     0.552941
33464     0.533333
33465     0.541176
33466     0.549020
33467     0.552941
33468     0.549020
33469     0.537255
33470     0.533333
33471     0.537255
33472     0.545098
33473     0.556863
33474     0.560784
33475     0.482353
33476     0.329412
33477     0.223529
33478     0.207843
33479     0.207843
33480     0.188235
33481     0.203922
33482     0.200000
33483     0.207843
33484     0.215686
33485     0.207843
33486     0.184314
33487     0.184314
33488     0.196078
33489     0.207843
33490     0.207843
33491     0.200000
33492     0.192157
33493     0.215686
33494     0.254902
33495     0.278431
33496     0.278431
33497     0.290196
33498     0.294118
33499     0.294118
33500     0.286275
33501     0.282353
33502     0.294118
33503     0.321569
33504     0.345098
33505     0.364706
33506     0.356863
33507     0.341176
33508     0.333333
33509     0.337255
33510     0.349020
33511     0.368627
33512     0.380392
33513     0.427451
33514     0.411765
33515     0.392157
33516     0.396078
33517     0.439216
33518     0.498039
33519     0.537255
33520     0.545098
33521     0.537255
33522     0.537255
33523     0.541176
33524     0.537255
33525     0.537255
33526     0.556863
33527     0.592157
33528     0.623529
33529     0.545098
33530     0.494118
33531     0.439216
33532     0.427451
33533     0.447059
33534     0.458824
33535     0.439216
33536     0.411765
33537     0.419608
33538     0.454902
33539     0.470588
33540     0.458824
33541     0.466667
33542     0.482353
33543     0.462745
33544     0.423529
33545     0.458824
33546     0.501961
33547     0.552941
33548     0.576471
33549     0.576471
33550     0.572549
33551     0.588235
33552     0.603922
33553     0.623529
33554     0.592157
33555     0.545098
33556     0.501961
33557     0.470588
33558     0.454902
33559     0.447059
33560     0.443137
33561     0.454902
33562     0.466667
33563     0.482353
33564     0.478431
33565     0.450980
33566     0.400000
33567     0.349020
33568     0.317647
33569     0.329412
33570     0.325490
33571     0.321569
33572     0.313726
33573     0.301961
33574     0.294118
33575     0.301961
33576     0.313726
33577     0.341176
33578     0.337255
33579     0.337255
33580     0.341176
33581     0.349020
33582     0.356863
33583     0.360784
33584     0.364706
33585     0.333333
33586     0.349020
33587     0.352941
33588     0.333333
33589     0.305882
33590     0.298039
33591     0.317647
33592     0.341176
33593     0.329412
33594     0.313726
33595     0.294118
33596     0.360784
33597     0.376471
33598     0.407843
33599     0.443137
33600     0.474510
33601     0.501961
33602     0.521569
33603     0.529412
33604     0.529412
33605     0.525490
33606     0.521569
33607     0.521569
33608     0.513726
33609     0.501961
33610     0.478431
33611     0.462745
33612     0.454902
33613     0.447059
33614     0.439216
33615     0.435294
33616     0.435294
33617     0.439216
33618     0.443137
33619     0.447059
33620     0.447059
33621     0.450980
33622     0.454902
33623     0.454902
33624     0.454902
33625     0.454902
33626     0.458824
33627     0.462745
33628     0.482353
33629     0.482353
33630     0.482353
33631     0.478431
33632     0.474510
33633     0.470588
33634     0.470588
33635     0.470588
33636     0.470588
33637     0.470588
33638     0.470588
33639     0.474510
33640     0.474510
33641     0.478431
33642     0.478431
33643     0.478431
33644     0.490196
33645     0.486275
33646     0.482353
33647     0.486275
33648     0.494118
33649     0.509804
33650     0.525490
33651     0.533333
33652     0.529412
33653     0.533333
33654     0.541176
33655     0.552941
33656     0.556863
33657     0.549020
33658     0.525490
33659     0.505882
33660     0.494118
33661     0.494118
33662     0.494118
33663     0.490196
33664     0.494118
33665     0.505882
33666     0.525490
33667     0.541176
33668     0.541176
33669     0.541176
33670     0.537255
33671     0.533333
33672     0.533333
33673     0.533333
33674     0.541176
33675     0.549020
33676     0.560784
33677     0.560784
33678     0.560784
33679     0.556863
33680     0.552941
33681     0.537255
33682     0.525490
33683     0.513726
33684     0.525490
33685     0.529412
33686     0.537255
33687     0.552941
33688     0.560784
33689     0.556863
33690     0.533333
33691     0.513726
33692     0.529412
33693     0.549020
33694     0.560784
33695     0.541176
33696     0.505882
33697     0.494118
33698     0.513726
33699     0.537255
33700     0.525490
33701     0.494118
33702     0.392157
33703     0.250980
33704     0.172549
33705     0.172549
33706     0.172549
33707     0.149020
33708     0.196078
33709     0.192157
33710     0.196078
33711     0.207843
33712     0.200000
33713     0.188235
33714     0.188235
33715     0.207843
33716     0.196078
33717     0.203922
33718     0.203922
33719     0.200000
33720     0.219608
33721     0.247059
33722     0.254902
33723     0.247059
33724     0.254902
33725     0.262745
33726     0.270588
33727     0.266667
33728     0.262745
33729     0.270588
33730     0.294118
33731     0.313726
33732     0.305882
33733     0.298039
33734     0.290196
33735     0.286275
33736     0.294118
33737     0.313726
33738     0.341176
33739     0.356863
33740     0.376471
33741     0.380392
33742     0.376471
33743     0.380392
33744     0.431373
33745     0.501961
33746     0.545098
33747     0.552941
33748     0.545098
33749     0.529412
33750     0.521569
33751     0.529412
33752     0.552941
33753     0.572549
33754     0.576471
33755     0.576471
33756     0.462745
33757     0.411765
33758     0.360784
33759     0.352941
33760     0.380392
33761     0.400000
33762     0.388235
33763     0.368627
33764     0.376471
33765     0.403922
33766     0.419608
33767     0.411765
33768     0.423529
33769     0.447059
33770     0.427451
33771     0.388235
33772     0.396078
33773     0.447059
33774     0.509804
33775     0.537255
33776     0.537255
33777     0.529412
33778     0.537255
33779     0.552941
33780     0.580392
33781     0.552941
33782     0.513726
33783     0.486275
33784     0.470588
33785     0.458824
33786     0.450980
33787     0.443137
33788     0.439216
33789     0.423529
33790     0.403922
33791     0.388235
33792     0.368627
33793     0.341176
33794     0.298039
33795     0.266667
33796     0.298039
33797     0.305882
33798     0.309804
33799     0.301961
33800     0.294118
33801     0.294118
33802     0.294118
33803     0.298039
33804     0.294118
33805     0.298039
33806     0.301961
33807     0.309804
33808     0.317647
33809     0.329412
33810     0.341176
33811     0.352941
33812     0.333333
33813     0.341176
33814     0.341176
33815     0.325490
33816     0.305882
33817     0.301961
33818     0.317647
33819     0.333333
33820     0.298039
33821     0.282353
33822     0.266667
33823     0.356863
33824     0.368627
33825     0.392157
33826     0.419608
33827     0.450980
33828     0.482353
33829     0.505882
33830     0.517647
33831     0.517647
33832     0.513726
33833     0.509804
33834     0.509804
33835     0.505882
33836     0.494118
33837     0.474510
33838     0.462745
33839     0.435294
33840     0.427451
33841     0.419608
33842     0.419608
33843     0.431373
33844     0.439216
33845     0.443137
33846     0.443137
33847     0.447059
33848     0.447059
33849     0.447059
33850     0.450980
33851     0.450980
33852     0.454902
33853     0.454902
33854     0.454902
33855     0.466667
33856     0.470588
33857     0.474510
33858     0.470588
33859     0.458824
33860     0.454902
33861     0.458824
33862     0.462745
33863     0.470588
33864     0.474510
33865     0.474510
33866     0.478431
33867     0.478431
33868     0.482353
33869     0.486275
33870     0.486275
33871     0.486275
33872     0.486275
33873     0.486275
33874     0.494118
33875     0.505882
33876     0.521569
33877     0.537255
33878     0.549020
33879     0.541176
33880     0.537255
33881     0.541176
33882     0.552941
33883     0.560784
33884     0.552941
33885     0.525490
33886     0.505882
33887     0.498039
33888     0.498039
33889     0.498039
33890     0.498039
33891     0.505882
33892     0.513726
33893     0.521569
33894     0.525490
33895     0.537255
33896     0.541176
33897     0.541176
33898     0.537255
33899     0.533333
33900     0.541176
33901     0.549020
33902     0.560784
33903     0.556863
33904     0.560784
33905     0.572549
33906     0.580392
33907     0.588235
33908     0.576471
33909     0.556863
33910     0.541176
33911     0.517647
33912     0.509804
33913     0.505882
33914     0.501961
33915     0.494118
33916     0.482353
33917     0.458824
33918     0.443137
33919     0.474510
33920     0.494118
33921     0.501961
33922     0.486275
33923     0.458824
33924     0.458824
33925     0.490196
33926     0.521569
33927     0.482353
33928     0.427451
33929     0.329412
33930     0.227451
33931     0.176471
33932     0.168627
33933     0.164706
33934     0.156863
33935     0.203922
33936     0.188235
33937     0.184314
33938     0.196078
33939     0.200000
33940     0.196078
33941     0.207843
33942     0.223529
33943     0.200000
33944     0.215686
33945     0.215686
33946     0.207843
33947     0.207843
33948     0.219608
33949     0.219608
33950     0.207843
33951     0.250980
33952     0.254902
33953     0.258824
33954     0.258824
33955     0.258824
33956     0.258824
33957     0.266667
33958     0.274510
33959     0.270588
33960     0.262745
33961     0.254902
33962     0.254902
33963     0.262745
33964     0.278431
33965     0.294118
33966     0.305882
33967     0.309804
33968     0.352941
33969     0.392157
33970     0.411765
33971     0.447059
33972     0.498039
33973     0.517647
33974     0.501961
33975     0.490196
33976     0.482353
33977     0.482353
33978     0.505882
33979     0.525490
33980     0.521569
33981     0.486275
33982     0.454902
33983     0.380392
33984     0.341176
33985     0.305882
33986     0.305882
33987     0.337255
33988     0.364706
33989     0.364706
33990     0.349020
33991     0.333333
33992     0.345098
33993     0.352941
33994     0.349020
33995     0.356863
33996     0.368627
33997     0.356863
33998     0.337255
33999     0.341176
34000     0.384314
34001     0.431373
34002     0.454902
34003     0.454902
34004     0.454902
34005     0.470588
34006     0.486275
34007     0.521569
34008     0.505882
34009     0.486275
34010     0.478431
34011     0.478431
34012     0.470588
34013     0.454902
34014     0.439216
34015     0.388235
34016     0.360784
34017     0.321569
34018     0.294118
34019     0.282353
34020     0.266667
34021     0.243137
34022     0.223529
34023     0.250980
34024     0.266667
34025     0.270588
34026     0.270588
34027     0.278431
34028     0.290196
34029     0.290196
34030     0.278431
34031     0.266667
34032     0.278431
34033     0.294118
34034     0.305882
34035     0.313726
34036     0.325490
34037     0.337255
34038     0.349020
34039     0.325490
34040     0.321569
34041     0.313726
34042     0.305882
34043     0.301961
34044     0.301961
34045     0.305882
34046     0.305882
34047     0.266667
34048     0.254902
34049     0.239216
34050     0.345098
34051     0.352941
34052     0.364706
34053     0.388235
34054     0.423529
34055     0.458824
34056     0.486275
34057     0.505882
34058     0.517647
34059     0.513726
34060     0.509804
34061     0.509804
34062     0.509804
34063     0.501961
34064     0.486275
34065     0.474510
34066     0.450980
34067     0.439216
34068     0.427451
34069     0.427451
34070     0.435294
34071     0.443137
34072     0.439216
34073     0.431373
34074     0.443137
34075     0.443137
34076     0.443137
34077     0.443137
34078     0.447059
34079     0.450980
34080     0.447059
34081     0.447059
34082     0.443137
34083     0.450980
34084     0.458824
34085     0.454902
34086     0.450980
34087     0.447059
34088     0.454902
34089     0.466667
34090     0.474510
34091     0.474510
34092     0.478431
34093     0.482353
34094     0.486275
34095     0.490196
34096     0.494118
34097     0.494118
34098     0.486275
34099     0.490196
34100     0.498039
34101     0.509804
34102     0.525490
34103     0.545098
34104     0.560784
34105     0.568627
34106     0.564706
34107     0.552941
34108     0.549020
34109     0.556863
34110     0.564706
34111     0.560784
34112     0.533333
34113     0.509804
34114     0.509804
34115     0.509804
34116     0.505882
34117     0.509804
34118     0.509804
34119     0.509804
34120     0.505882
34121     0.501961
34122     0.517647
34123     0.525490
34124     0.533333
34125     0.533333
34126     0.533333
34127     0.541176
34128     0.556863
34129     0.572549
34130     0.572549
34131     0.580392
34132     0.592157
34133     0.600000
34134     0.588235
34135     0.552941
34136     0.501961
34137     0.462745
34138     0.419608
34139     0.411765
34140     0.396078
34141     0.384314
34142     0.376471
34143     0.368627
34144     0.364706
34145     0.360784
34146     0.384314
34147     0.384314
34148     0.380392
34149     0.384314
34150     0.400000
34151     0.427451
34152     0.466667
34153     0.490196
34154     0.435294
34155     0.380392
34156     0.313726
34157     0.262745
34158     0.219608
34159     0.184314
34160     0.184314
34161     0.207843
34162     0.215686
34163     0.188235
34164     0.168627
34165     0.180392
34166     0.200000
34167     0.207843
34168     0.215686
34169     0.231373
34170     0.207843
34171     0.223529
34172     0.223529
34173     0.203922
34174     0.188235
34175     0.196078
34176     0.203922
34177     0.203922
34178     0.231373
34179     0.231373
34180     0.235294
34181     0.243137
34182     0.247059
34183     0.247059
34184     0.239216
34185     0.231373
34186     0.231373
34187     0.231373
34188     0.231373
34189     0.231373
34190     0.239216
34191     0.250980
34192     0.258824
34193     0.266667
34194     0.298039
34195     0.360784
34196     0.411765
34197     0.415686
34198     0.419608
34199     0.439216
34200     0.435294
34201     0.407843
34202     0.388235
34203     0.388235
34204     0.392157
34205     0.403922
34206     0.411765
34207     0.400000
34208     0.368627
34209     0.345098
34210     0.305882
34211     0.282353
34212     0.258824
34213     0.266667
34214     0.298039
34215     0.325490
34216     0.333333
34217     0.329412
34218     0.313726
34219     0.301961
34220     0.294118
34221     0.298039
34222     0.290196
34223     0.278431
34224     0.278431
34225     0.294118
34226     0.301961
34227     0.321569
34228     0.341176
34229     0.349020
34230     0.352941
34231     0.368627
34232     0.396078
34233     0.423529
34234     0.447059
34235     0.439216
34236     0.439216
34237     0.450980
34238     0.454902
34239     0.443137
34240     0.411765
34241     0.384314
34242     0.305882
34243     0.298039
34244     0.278431
34245     0.258824
34246     0.243137
34247     0.235294
34248     0.227451
34249     0.227451
34250     0.239216
34251     0.247059
34252     0.247059
34253     0.243137
34254     0.262745
34255     0.286275
34256     0.278431
34257     0.254902
34258     0.266667
34259     0.282353
34260     0.301961
34261     0.313726
34262     0.317647
34263     0.321569
34264     0.333333
34265     0.341176
34266     0.305882
34267     0.290196
34268     0.274510
34269     0.278431
34270     0.290196
34271     0.294118
34272     0.282353
34273     0.266667
34274     0.258824
34275     0.250980
34276     0.243137
34277     0.333333
34278     0.337255
34279     0.345098
34280     0.364706
34281     0.400000
34282     0.439216
34283     0.474510
34284     0.498039
34285     0.529412
34286     0.521569
34287     0.517647
34288     0.517647
34289     0.517647
34290     0.513726
34291     0.505882
34292     0.494118
34293     0.490196
34294     0.474510
34295     0.454902
34296     0.447059
34297     0.447059
34298     0.447059
34299     0.435294
34300     0.423529
34301     0.443137
34302     0.439216
34303     0.439216
34304     0.439216
34305     0.443137
34306     0.447059
34307     0.443137
34308     0.439216
34309     0.419608
34310     0.431373
34311     0.443137
34312     0.447059
34313     0.443137
34314     0.447059
34315     0.458824
34316     0.470588
34317     0.474510
34318     0.474510
34319     0.478431
34320     0.486275
34321     0.490196
34322     0.494118
34323     0.498039
34324     0.498039
34325     0.490196
34326     0.494118
34327     0.505882
34328     0.521569
34329     0.541176
34330     0.560784
34331     0.576471
34332     0.584314
34333     0.584314
34334     0.572549
34335     0.560784
34336     0.568627
34337     0.576471
34338     0.568627
34339     0.545098
34340     0.521569
34341     0.521569
34342     0.517647
34343     0.513726
34344     0.513726
34345     0.509804
34346     0.501961
34347     0.490196
34348     0.478431
34349     0.494118
34350     0.505882
34351     0.521569
34352     0.525490
34353     0.529412
34354     0.541176
34355     0.564706
34356     0.584314
34357     0.580392
34358     0.584314
34359     0.588235
34360     0.580392
34361     0.541176
34362     0.470588
34363     0.380392
34364     0.321569
34365     0.309804
34366     0.298039
34367     0.286275
34368     0.278431
34369     0.278431
34370     0.286275
34371     0.298039
34372     0.301961
34373     0.309804
34374     0.286275
34375     0.274510
34376     0.298039
34377     0.352941
34378     0.411765
34379     0.447059
34380     0.458824
34381     0.407843
34382     0.360784
34383     0.325490
34384     0.305882
34385     0.254902
34386     0.200000
34387     0.207843
34388     0.254902
34389     0.227451
34390     0.188235
34391     0.160784
34392     0.172549
34393     0.196078
34394     0.207843
34395     0.219608
34396     0.227451
34397     0.203922
34398     0.223529
34399     0.223529
34400     0.196078
34401     0.180392
34402     0.192157
34403     0.215686
34404     0.231373
34405     0.196078
34406     0.192157
34407     0.200000
34408     0.215686
34409     0.235294
34410     0.235294
34411     0.223529
34412     0.203922
34413     0.196078
34414     0.200000
34415     0.207843
34416     0.219608
34417     0.231373
34418     0.239216
34419     0.243137
34420     0.247059
34421     0.313726
34422     0.372549
34423     0.403922
34424     0.372549
34425     0.341176
34426     0.345098
34427     0.341176
34428     0.321569
34429     0.309804
34430     0.305882
34431     0.298039
34432     0.286275
34433     0.282353
34434     0.286275
34435     0.294118
34436     0.301961
34437     0.250980
34438     0.235294
34439     0.223529
34440     0.235294
34441     0.258824
34442     0.286275
34443     0.301961
34444     0.305882
34445     0.313726
34446     0.282353
34447     0.270588
34448     0.274510
34449     0.254902
34450     0.223529
34451     0.231373
34452     0.266667
34453     0.278431
34454     0.278431
34455     0.278431
34456     0.270588
34457     0.278431
34458     0.305882
34459     0.349020
34460     0.384314
34461     0.372549
34462     0.372549
34463     0.380392
34464     0.400000
34465     0.407843
34466     0.388235
34467     0.341176
34468     0.305882
34469     0.239216
34470     0.258824
34471     0.274510
34472     0.266667
34473     0.247059
34474     0.239216
34475     0.247059
34476     0.262745
34477     0.254902
34478     0.258824
34479     0.247059
34480     0.239216
34481     0.254902
34482     0.278431
34483     0.266667
34484     0.227451
34485     0.254902
34486     0.274510
34487     0.294118
34488     0.305882
34489     0.305882
34490     0.305882
34491     0.309804
34492     0.317647
34493     0.286275
34494     0.262745
34495     0.243137
34496     0.254902
34497     0.278431
34498     0.286275
34499     0.262745
34500     0.231373
34501     0.270588
34502     0.262745
34503     0.258824
34504     0.309804
34505     0.313726
34506     0.329412
34507     0.360784
34508     0.384314
34509     0.411765
34510     0.466667
34511     0.513726
34512     0.541176
34513     0.529412
34514     0.517647
34515     0.517647
34516     0.529412
34517     0.541176
34518     0.552941
34519     0.556863
34520     0.494118
34521     0.474510
34522     0.466667
34523     0.474510
34524     0.474510
34525     0.454902
34526     0.443137
34527     0.443137
34528     0.478431
34529     0.474510
34530     0.474510
34531     0.482353
34532     0.482353
34533     0.466667
34534     0.450980
34535     0.447059
34536     0.435294
34537     0.447059
34538     0.454902
34539     0.443137
34540     0.427451
34541     0.427451
34542     0.450980
34543     0.474510
34544     0.435294
34545     0.439216
34546     0.447059
34547     0.458824
34548     0.474510
34549     0.486275
34550     0.490196
34551     0.490196
34552     0.505882
34553     0.513726
34554     0.529412
34555     0.549020
34556     0.556863
34557     0.556863
34558     0.568627
34559     0.580392
34560     0.592157
34561     0.588235
34562     0.576471
34563     0.560784
34564     0.564706
34565     0.572549
34566     0.556863
34567     0.529412
34568     0.552941
34569     0.552941
34570     0.545098
34571     0.533333
34572     0.521569
34573     0.505882
34574     0.498039
34575     0.494118
34576     0.490196
34577     0.517647
34578     0.549020
34579     0.564706
34580     0.564706
34581     0.560784
34582     0.549020
34583     0.533333
34584     0.490196
34585     0.486275
34586     0.474510
34587     0.443137
34588     0.384314
34589     0.309804
34590     0.239216
34591     0.196078
34592     0.172549
34593     0.180392
34594     0.192157
34595     0.200000
34596     0.211765
34597     0.227451
34598     0.250980
34599     0.266667
34600     0.301961
34601     0.298039
34602     0.290196
34603     0.298039
34604     0.341176
34605     0.400000
34606     0.427451
34607     0.427451
34608     0.427451
34609     0.380392
34610     0.360784
34611     0.352941
34612     0.290196
34613     0.200000
34614     0.180392
34615     0.223529
34616     0.223529
34617     0.211765
34618     0.200000
34619     0.196078
34620     0.203922
34621     0.215686
34622     0.227451
34623     0.235294
34624     0.211765
34625     0.196078
34626     0.184314
34627     0.180392
34628     0.188235
34629     0.196078
34630     0.200000
34631     0.200000
34632     0.188235
34633     0.196078
34634     0.207843
34635     0.219608
34636     0.219608
34637     0.211765
34638     0.203922
34639     0.196078
34640     0.196078
34641     0.215686
34642     0.231373
34643     0.215686
34644     0.196078
34645     0.207843
34646     0.250980
34647     0.294118
34648     0.372549
34649     0.356863
34650     0.325490
34651     0.294118
34652     0.266667
34653     0.254902
34654     0.250980
34655     0.250980
34656     0.266667
34657     0.250980
34658     0.223529
34659     0.219608
34660     0.262745
34661     0.313726
34662     0.325490
34663     0.301961
34664     0.250980
34665     0.235294
34666     0.219608
34667     0.219608
34668     0.235294
34669     0.250980
34670     0.258824
34671     0.258824
34672     0.247059
34673     0.235294
34674     0.219608
34675     0.215686
34676     0.227451
34677     0.239216
34678     0.239216
34679     0.235294
34680     0.274510
34681     0.266667
34682     0.239216
34683     0.223529
34684     0.270588
34685     0.349020
34686     0.364706
34687     0.333333
34688     0.317647
34689     0.337255
34690     0.337255
34691     0.313726
34692     0.298039
34693     0.290196
34694     0.262745
34695     0.231373
34696     0.247059
34697     0.239216
34698     0.243137
34699     0.266667
34700     0.290196
34701     0.294118
34702     0.266667
34703     0.239216
34704     0.243137
34705     0.239216
34706     0.231373
34707     0.227451
34708     0.223529
34709     0.223529
34710     0.227451
34711     0.227451
34712     0.282353
34713     0.282353
34714     0.286275
34715     0.286275
34716     0.282353
34717     0.274510
34718     0.266667
34719     0.258824
34720     0.215686
34721     0.215686
34722     0.223529
34723     0.231373
34724     0.239216
34725     0.235294
34726     0.219608
34727     0.207843
34728     0.223529
34729     0.231373
34730     0.239216
34731     0.301961
34732     0.298039
34733     0.317647
34734     0.356863
34735     0.392157
34736     0.427451
34737     0.474510
34738     0.513726
34739     0.533333
34740     0.541176
34741     0.556863
34742     0.572549
34743     0.580392
34744     0.568627
34745     0.545098
34746     0.525490
34747     0.486275
34748     0.470588
34749     0.466667
34750     0.478431
34751     0.482353
34752     0.470588
34753     0.462745
34754     0.466667
34755     0.486275
34756     0.486275
34757     0.494118
34758     0.505882
34759     0.513726
34760     0.505882
34761     0.486275
34762     0.474510
34763     0.470588
34764     0.474510
34765     0.474510
34766     0.458824
34767     0.443137
34768     0.439216
34769     0.447059
34770     0.458824
34771     0.454902
34772     0.454902
34773     0.462745
34774     0.470588
34775     0.482353
34776     0.486275
34777     0.490196
34778     0.490196
34779     0.509804
34780     0.521569
34781     0.541176
34782     0.560784
34783     0.568627
34784     0.568627
34785     0.572549
34786     0.576471
34787     0.576471
34788     0.584314
34789     0.580392
34790     0.568627
34791     0.568627
34792     0.576471
34793     0.564706
34794     0.545098
34795     0.564706
34796     0.556863
34797     0.541176
34798     0.525490
34799     0.513726
34800     0.505882
34801     0.501961
34802     0.501961
34803     0.517647
34804     0.513726
34805     0.509804
34806     0.498039
34807     0.486275
34808     0.470588
34809     0.447059
34810     0.427451
34811     0.364706
34812     0.364706
34813     0.352941
34814     0.325490
34815     0.278431
34816     0.223529
34817     0.168627
34818     0.137255
34819     0.176471
34820     0.184314
34821     0.188235
34822     0.192157
34823     0.200000
34824     0.211765
34825     0.227451
34826     0.243137
34827     0.274510
34828     0.286275
34829     0.294118
34830     0.305882
34831     0.341176
34832     0.388235
34833     0.403922
34834     0.400000
34835     0.356863
34836     0.321569
34837     0.298039
34838     0.286275
34839     0.254902
34840     0.211765
34841     0.215686
34842     0.247059
34843     0.203922
34844     0.200000
34845     0.200000
34846     0.203922
34847     0.207843
34848     0.215686
34849     0.219608
34850     0.219608
34851     0.215686
34852     0.215686
34853     0.219608
34854     0.219608
34855     0.219608
34856     0.211765
34857     0.203922
34858     0.200000
34859     0.188235
34860     0.196078
34861     0.200000
34862     0.207843
34863     0.203922
34864     0.200000
34865     0.192157
34866     0.184314
34867     0.196078
34868     0.203922
34869     0.211765
34870     0.211765
34871     0.215686
34872     0.235294
34873     0.266667
34874     0.294118
34875     0.286275
34876     0.274510
34877     0.254902
34878     0.235294
34879     0.227451
34880     0.223529
34881     0.227451
34882     0.231373
34883     0.235294
34884     0.239216
34885     0.227451
34886     0.211765
34887     0.223529
34888     0.262745
34889     0.278431
34890     0.274510
34891     0.254902
34892     0.235294
34893     0.211765
34894     0.203922
34895     0.215686
34896     0.239216
34897     0.254902
34898     0.258824
34899     0.266667
34900     0.250980
34901     0.231373
34902     0.219608
34903     0.219608
34904     0.219608
34905     0.215686
34906     0.207843
34907     0.227451
34908     0.235294
34909     0.223529
34910     0.227451
34911     0.278431
34912     0.341176
34913     0.345098
34914     0.309804
34915     0.278431
34916     0.290196
34917     0.286275
34918     0.262745
34919     0.250980
34920     0.254902
34921     0.247059
34922     0.231373
34923     0.254902
34924     0.258824
34925     0.266667
34926     0.274510
34927     0.274510
34928     0.274510
34929     0.274510
34930     0.274510
34931     0.262745
34932     0.262745
34933     0.258824
34934     0.254902
34935     0.247059
34936     0.243137
34937     0.239216
34938     0.235294
34939     0.262745
34940     0.262745
34941     0.258824
34942     0.254902
34943     0.247059
34944     0.243137
34945     0.239216
34946     0.235294
34947     0.211765
34948     0.211765
34949     0.211765
34950     0.215686
34951     0.219608
34952     0.211765
34953     0.196078
34954     0.184314
34955     0.215686
34956     0.227451
34957     0.235294
34958     0.278431
34959     0.274510
34960     0.294118
34961     0.337255
34962     0.384314
34963     0.427451
34964     0.478431
34965     0.521569
34966     0.537255
34967     0.560784
34968     0.588235
34969     0.607843
34970     0.596078
34971     0.552941
34972     0.490196
34973     0.447059
34974     0.443137
34975     0.427451
34976     0.427451
34977     0.450980
34978     0.466667
34979     0.470588
34980     0.474510
34981     0.486275
34982     0.494118
34983     0.501961
34984     0.513726
34985     0.533333
34986     0.549020
34987     0.549020
34988     0.525490
34989     0.501961
34990     0.494118
34991     0.490196
34992     0.482353
34993     0.470588
34994     0.454902
34995     0.443137
34996     0.435294
34997     0.435294
34998     0.462745
34999     0.462745
35000     0.470588
35001     0.474510
35002     0.482353
35003     0.486275
35004     0.494118
35005     0.494118
35006     0.517647
35007     0.529412
35008     0.545098
35009     0.560784
35010     0.576471
35011     0.584314
35012     0.584314
35013     0.580392
35014     0.564706
35015     0.580392
35016     0.584314
35017     0.568627
35018     0.564706
35019     0.572549
35020     0.576471
35021     0.568627
35022     0.564706
35023     0.545098
35024     0.525490
35025     0.509804
35026     0.509804
35027     0.509804
35028     0.509804
35029     0.509804
35030     0.533333
35031     0.490196
35032     0.435294
35033     0.396078
35034     0.368627
35035     0.345098
35036     0.309804
35037     0.290196
35038     0.266667
35039     0.262745
35040     0.254902
35041     0.239216
35042     0.211765
35043     0.184314
35044     0.156863
35045     0.141176
35046     0.184314
35047     0.184314
35048     0.188235
35049     0.184314
35050     0.184314
35051     0.188235
35052     0.203922
35053     0.211765
35054     0.235294
35055     0.258824
35056     0.282353
35057     0.298039
35058     0.325490
35059     0.356863
35060     0.364706
35061     0.356863
35062     0.286275
35063     0.262745
35064     0.227451
35065     0.203922
35066     0.200000
35067     0.211765
35068     0.227451
35069     0.235294
35070     0.180392
35071     0.184314
35072     0.192157
35073     0.200000
35074     0.200000
35075     0.200000
35076     0.200000
35077     0.196078
35078     0.207843
35079     0.215686
35080     0.227451
35081     0.227451
35082     0.215686
35083     0.200000
35084     0.184314
35085     0.180392
35086     0.211765
35087     0.211765
35088     0.211765
35089     0.207843
35090     0.203922
35091     0.196078
35092     0.188235
35093     0.184314
35094     0.211765
35095     0.207843
35096     0.211765
35097     0.223529
35098     0.243137
35099     0.266667
35100     0.286275
35101     0.298039
35102     0.211765
35103     0.203922
35104     0.196078
35105     0.188235
35106     0.184314
35107     0.192157
35108     0.196078
35109     0.203922
35110     0.200000
35111     0.219608
35112     0.219608
35113     0.200000
35114     0.188235
35115     0.203922
35116     0.227451
35117     0.239216
35118     0.250980
35119     0.231373
35120     0.203922
35121     0.188235
35122     0.200000
35123     0.219608
35124     0.243137
35125     0.254902
35126     0.262745
35127     0.247059
35128     0.231373
35129     0.219608
35130     0.211765
35131     0.207843
35132     0.203922
35133     0.196078
35134     0.207843
35135     0.219608
35136     0.227451
35137     0.235294
35138     0.278431
35139     0.321569
35140     0.305882
35141     0.262745
35142     0.235294
35143     0.239216
35144     0.227451
35145     0.211765
35146     0.211765
35147     0.231373
35148     0.239216
35149     0.239216
35150     0.247059
35151     0.258824
35152     0.266667
35153     0.250980
35154     0.231373
35155     0.227451
35156     0.254902
35157     0.278431
35158     0.254902
35159     0.258824
35160     0.258824
35161     0.262745
35162     0.262745
35163     0.258824
35164     0.254902
35165     0.250980
35166     0.247059
35167     0.243137
35168     0.235294
35169     0.227451
35170     0.219608
35171     0.219608
35172     0.219608
35173     0.223529
35174     0.219608
35175     0.215686
35176     0.211765
35177     0.211765
35178     0.211765
35179     0.203922
35180     0.188235
35181     0.176471
35182     0.211765
35183     0.223529
35184     0.231373
35185     0.235294
35186     0.239216
35187     0.266667
35188     0.305882
35189     0.345098
35190     0.392157
35191     0.466667
35192     0.529412
35193     0.541176
35194     0.545098
35195     0.552941
35196     0.545098
35197     0.513726
35198     0.450980
35199     0.384314
35200     0.337255
35201     0.345098
35202     0.337255
35203     0.349020
35204     0.384314
35205     0.419608
35206     0.443137
35207     0.466667
35208     0.486275
35209     0.498039
35210     0.513726
35211     0.537255
35212     0.552941
35213     0.572549
35214     0.572549
35215     0.549020
35216     0.517647
35217     0.490196
35218     0.482353
35219     0.474510
35220     0.466667
35221     0.462745
35222     0.454902
35223     0.439216
35224     0.427451
35225     0.458824
35226     0.462745
35227     0.470588
35228     0.474510
35229     0.482353
35230     0.486275
35231     0.498039
35232     0.505882
35233     0.517647
35234     0.529412
35235     0.537255
35236     0.545098
35237     0.564706
35238     0.592157
35239     0.600000
35240     0.596078
35241     0.568627
35242     0.588235
35243     0.584314
35244     0.564706
35245     0.552941
35246     0.564706
35247     0.584314
35248     0.592157
35249     0.564706
35250     0.541176
35251     0.517647
35252     0.509804
35253     0.521569
35254     0.533333
35255     0.529412
35256     0.525490
35257     0.498039
35258     0.427451
35259     0.345098
35260     0.298039
35261     0.274510
35262     0.250980
35263     0.223529
35264     0.203922
35265     0.231373
35266     0.227451
35267     0.223529
35268     0.215686
35269     0.207843
35270     0.203922
35271     0.200000
35272     0.200000
35273     0.184314
35274     0.188235
35275     0.188235
35276     0.184314
35277     0.180392
35278     0.184314
35279     0.192157
35280     0.203922
35281     0.203922
35282     0.231373
35283     0.258824
35284     0.274510
35285     0.294118
35286     0.317647
35287     0.325490
35288     0.317647
35289     0.266667
35290     0.250980
35291     0.207843
35292     0.164706
35293     0.168627
35294     0.203922
35295     0.203922
35296     0.180392
35297     0.188235
35298     0.192157
35299     0.200000
35300     0.203922
35301     0.200000
35302     0.196078
35303     0.196078
35304     0.196078
35305     0.227451
35306     0.227451
35307     0.227451
35308     0.215686
35309     0.196078
35310     0.184314
35311     0.184314
35312     0.188235
35313     0.227451
35314     0.223529
35315     0.219608
35316     0.215686
35317     0.211765
35318     0.203922
35319     0.203922
35320     0.200000
35321     0.235294
35322     0.235294
35323     0.239216
35324     0.247059
35325     0.258824
35326     0.270588
35327     0.282353
35328     0.286275
35329     0.200000
35330     0.196078
35331     0.188235
35332     0.184314
35333     0.180392
35334     0.180392
35335     0.184314
35336     0.184314
35337     0.184314
35338     0.196078
35339     0.200000
35340     0.188235
35341     0.176471
35342     0.184314
35343     0.196078
35344     0.207843
35345     0.231373
35346     0.219608
35347     0.200000
35348     0.192157
35349     0.192157
35350     0.207843
35351     0.223529
35352     0.231373
35353     0.231373
35354     0.223529
35355     0.215686
35356     0.211765
35357     0.211765
35358     0.211765
35359     0.211765
35360     0.211765
35361     0.223529
35362     0.231373
35363     0.235294
35364     0.239216
35365     0.262745
35366     0.278431
35367     0.250980
35368     0.207843
35369     0.203922
35370     0.203922
35371     0.200000
35372     0.196078
35373     0.207843
35374     0.227451
35375     0.243137
35376     0.250980
35377     0.235294
35378     0.235294
35379     0.223529
35380     0.200000
35381     0.176471
35382     0.180392
35383     0.207843
35384     0.235294
35385     0.223529
35386     0.223529
35387     0.227451
35388     0.235294
35389     0.243137
35390     0.254902
35391     0.262745
35392     0.270588
35393     0.243137
35394     0.235294
35395     0.223529
35396     0.219608
35397     0.215686
35398     0.223529
35399     0.235294
35400     0.239216
35401     0.235294
35402     0.231373
35403     0.223529
35404     0.223529
35405     0.227451
35406     0.223529
35407     0.215686
35408     0.207843
35409     0.219608
35410     0.227451
35411     0.239216
35412     0.192157
35413     0.211765
35414     0.243137
35415     0.266667
35416     0.286275
35417     0.329412
35418     0.419608
35419     0.505882
35420     0.486275
35421     0.466667
35422     0.439216
35423     0.403922
35424     0.364706
35425     0.321569
35426     0.282353
35427     0.254902
35428     0.254902
35429     0.247059
35430     0.262745
35431     0.313726
35432     0.360784
35433     0.400000
35434     0.435294
35435     0.466667
35436     0.498039
35437     0.533333
35438     0.560784
35439     0.568627
35440     0.576471
35441     0.580392
35442     0.560784
35443     0.525490
35444     0.482353
35445     0.478431
35446     0.474510
35447     0.474510
35448     0.474510
35449     0.470588
35450     0.458824
35451     0.450980
35452     0.482353
35453     0.490196
35454     0.494118
35455     0.490196
35456     0.486275
35457     0.486275
35458     0.498039
35459     0.509804
35460     0.517647
35461     0.525490
35462     0.521569
35463     0.521569
35464     0.549020
35465     0.592157
35466     0.611765
35467     0.603922
35468     0.584314
35469     0.592157
35470     0.584314
35471     0.556863
35472     0.545098
35473     0.564706
35474     0.592157
35475     0.607843
35476     0.580392
35477     0.556863
35478     0.537255
35479     0.541176
35480     0.560784
35481     0.568627
35482     0.549020
35483     0.525490
35484     0.407843
35485     0.329412
35486     0.254902
35487     0.231373
35488     0.227451
35489     0.215686
35490     0.196078
35491     0.188235
35492     0.207843
35493     0.203922
35494     0.200000
35495     0.200000
35496     0.203922
35497     0.211765
35498     0.219608
35499     0.227451
35500     0.188235
35501     0.192157
35502     0.192157
35503     0.188235
35504     0.184314
35505     0.188235
35506     0.200000
35507     0.211765
35508     0.203922
35509     0.223529
35510     0.239216
35511     0.250980
35512     0.274510
35513     0.305882
35514     0.317647
35515     0.309804
35516     0.278431
35517     0.270588
35518     0.227451
35519     0.180392
35520     0.180392
35521     0.207843
35522     0.196078
35523     0.149020
35524     0.203922
35525     0.211765
35526     0.211765
35527     0.207843
35528     0.200000
35529     0.200000
35530     0.207843
35531     0.219608
35532     0.250980
35533     0.235294
35534     0.211765
35535     0.184314
35536     0.172549
35537     0.176471
35538     0.192157
35539     0.207843
35540     0.196078
35541     0.196078
35542     0.200000
35543     0.203922
35544     0.211765
35545     0.215686
35546     0.219608
35547     0.223529
35548     0.239216
35549     0.254902
35550     0.262745
35551     0.258824
35552     0.247059
35553     0.239216
35554     0.243137
35555     0.250980
35556     0.207843
35557     0.203922
35558     0.203922
35559     0.200000
35560     0.196078
35561     0.192157
35562     0.192157
35563     0.192157
35564     0.188235
35565     0.176471
35566     0.172549
35567     0.184314
35568     0.196078
35569     0.200000
35570     0.196078
35571     0.188235
35572     0.203922
35573     0.203922
35574     0.203922
35575     0.203922
35576     0.200000
35577     0.200000
35578     0.200000
35579     0.200000
35580     0.207843
35581     0.211765
35582     0.211765
35583     0.211765
35584     0.211765
35585     0.215686
35586     0.219608
35587     0.223529
35588     0.227451
35589     0.227451
35590     0.219608
35591     0.219608
35592     0.231373
35593     0.235294
35594     0.211765
35595     0.184314
35596     0.180392
35597     0.180392
35598     0.188235
35599     0.203922
35600     0.219608
35601     0.227451
35602     0.239216
35603     0.247059
35604     0.247059
35605     0.227451
35606     0.196078
35607     0.176471
35608     0.172549
35609     0.180392
35610     0.188235
35611     0.192157
35612     0.219608
35613     0.211765
35614     0.207843
35615     0.207843
35616     0.215686
35617     0.235294
35618     0.254902
35619     0.266667
35620     0.231373
35621     0.227451
35622     0.219608
35623     0.215686
35624     0.219608
35625     0.235294
35626     0.250980
35627     0.258824
35628     0.243137
35629     0.235294
35630     0.231373
35631     0.235294
35632     0.243137
35633     0.247059
35634     0.247059
35635     0.243137
35636     0.235294
35637     0.247059
35638     0.254902
35639     0.180392
35640     0.196078
35641     0.219608
35642     0.235294
35643     0.239216
35644     0.270588
35645     0.345098
35646     0.419608
35647     0.376471
35648     0.349020
35649     0.309804
35650     0.274510
35651     0.254902
35652     0.239216
35653     0.231373
35654     0.223529
35655     0.215686
35656     0.203922
35657     0.215686
35658     0.258824
35659     0.305882
35660     0.345098
35661     0.384314
35662     0.419608
35663     0.478431
35664     0.533333
35665     0.572549
35666     0.568627
35667     0.564706
35668     0.572549
35669     0.564706
35670     0.541176
35671     0.494118
35672     0.494118
35673     0.494118
35674     0.490196
35675     0.482353
35676     0.478431
35677     0.478431
35678     0.478431
35679     0.517647
35680     0.521569
35681     0.521569
35682     0.509804
35683     0.490196
35684     0.486275
35685     0.498039
35686     0.509804
35687     0.521569
35688     0.529412
35689     0.517647
35690     0.509804
35691     0.537255
35692     0.588235
35693     0.607843
35694     0.588235
35695     0.576471
35696     0.584314
35697     0.576471
35698     0.556863
35699     0.556863
35700     0.580392
35701     0.603922
35702     0.611765
35703     0.596078
35704     0.572549
35705     0.556863
35706     0.564706
35707     0.576471
35708     0.556863
35709     0.505882
35710     0.454902
35711     0.290196
35712     0.227451
35713     0.184314
35714     0.196078
35715     0.215686
35716     0.211765
35717     0.203922
35718     0.207843
35719     0.192157
35720     0.192157
35721     0.196078
35722     0.200000
35723     0.203922
35724     0.211765
35725     0.215686
35726     0.219608
35727     0.196078
35728     0.196078
35729     0.200000
35730     0.196078
35731     0.192157
35732     0.196078
35733     0.211765
35734     0.219608
35735     0.219608
35736     0.227451
35737     0.231373
35738     0.243137
35739     0.278431
35740     0.317647
35741     0.325490
35742     0.309804
35743     0.278431
35744     0.270588
35745     0.239216
35746     0.203922
35747     0.203922
35748     0.223529
35749     0.207843
35750     0.168627
35751     0.180392
35752     0.192157
35753     0.200000
35754     0.196078
35755     0.192157
35756     0.196078
35757     0.215686
35758     0.235294
35759     0.235294
35760     0.203922
35761     0.168627
35762     0.145098
35763     0.145098
35764     0.160784
35765     0.180392
35766     0.188235
35767     0.172549
35768     0.176471
35769     0.188235
35770     0.203922
35771     0.215686
35772     0.223529
35773     0.231373
35774     0.231373
35775     0.227451
35776     0.247059
35777     0.258824
35778     0.250980
35779     0.227451
35780     0.207843
35781     0.203922
35782     0.211765
35783     0.200000
35784     0.200000
35785     0.207843
35786     0.211765
35787     0.211765
35788     0.211765
35789     0.207843
35790     0.207843
35791     0.196078
35792     0.164706
35793     0.152941
35794     0.184314
35795     0.219608
35796     0.219608
35797     0.196078
35798     0.176471
35799     0.180392
35800     0.196078
35801     0.211765
35802     0.219608
35803     0.207843
35804     0.196078
35805     0.180392
35806     0.176471
35807     0.211765
35808     0.215686
35809     0.219608
35810     0.215686
35811     0.207843
35812     0.203922
35813     0.207843
35814     0.211765
35815     0.203922
35816     0.192157
35817     0.184314
35818     0.188235
35819     0.203922
35820     0.211765
35821     0.203922
35822     0.192157
35823     0.172549
35824     0.172549
35825     0.184314
35826     0.207843
35827     0.219608
35828     0.215686
35829     0.215686
35830     0.227451
35831     0.258824
35832     0.227451
35833     0.196078
35834     0.196078
35835     0.211765
35836     0.219608
35837     0.207843
35838     0.192157
35839     0.235294
35840     0.227451
35841     0.215686
35842     0.207843
35843     0.211765
35844     0.219608
35845     0.235294
35846     0.247059
35847     0.219608
35848     0.215686
35849     0.211765
35850     0.207843
35851     0.215686
35852     0.231373
35853     0.247059
35854     0.254902
35855     0.235294
35856     0.227451
35857     0.223529
35858     0.227451
35859     0.243137
35860     0.254902
35861     0.262745
35862     0.262745
35863     0.254902
35864     0.262745
35865     0.274510
35866     0.200000
35867     0.196078
35868     0.207843
35869     0.223529
35870     0.227451
35871     0.235294
35872     0.262745
35873     0.294118
35874     0.266667
35875     0.250980
35876     0.235294
35877     0.223529
35878     0.219608
35879     0.219608
35880     0.219608
35881     0.215686
35882     0.215686
35883     0.200000
35884     0.196078
35885     0.223529
35886     0.254902
35887     0.282353
35888     0.313726
35889     0.345098
35890     0.431373
35891     0.501961
35892     0.552941
35893     0.545098
35894     0.529412
35895     0.541176
35896     0.549020
35897     0.541176
35898     0.517647
35899     0.517647
35900     0.513726
35901     0.498039
35902     0.474510
35903     0.466667
35904     0.470588
35905     0.478431
35906     0.505882
35907     0.513726
35908     0.513726
35909     0.501961
35910     0.486275
35911     0.486275
35912     0.501961
35913     0.517647
35914     0.529412
35915     0.541176
35916     0.533333
35917     0.521569
35918     0.545098
35919     0.588235
35920     0.588235
35921     0.552941
35922     0.549020
35923     0.560784
35924     0.564706
35925     0.568627
35926     0.588235
35927     0.611765
35928     0.619608
35929     0.607843
35930     0.568627
35931     0.545098
35932     0.529412
35933     0.529412
35934     0.521569
35935     0.466667
35936     0.368627
35937     0.290196
35938     0.196078
35939     0.149020
35940     0.141176
35941     0.184314
35942     0.219608
35943     0.211765
35944     0.203922
35945     0.211765
35946     0.203922
35947     0.203922
35948     0.207843
35949     0.211765
35950     0.211765
35951     0.211765
35952     0.207843
35953     0.203922
35954     0.203922
35955     0.207843
35956     0.207843
35957     0.200000
35958     0.196078
35959     0.196078
35960     0.207843
35961     0.219608
35962     0.215686
35963     0.215686
35964     0.211765
35965     0.231373
35966     0.282353
35967     0.325490
35968     0.321569
35969     0.294118
35970     0.250980
35971     0.239216
35972     0.215686
35973     0.200000
35974     0.200000
35975     0.203922
35976     0.200000
35977     0.192157
35978     0.164706
35979     0.184314
35980     0.211765
35981     0.223529
35982     0.227451
35983     0.235294
35984     0.258824
35985     0.278431
35986     0.274510
35987     0.247059
35988     0.219608
35989     0.219608
35990     0.235294
35991     0.247059
35992     0.243137
35993     0.231373
35994     0.231373
35995     0.235294
35996     0.243137
35997     0.247059
35998     0.247059
35999     0.243137
36000     0.235294
36001     0.227451
36002     0.219608
36003     0.227451
36004     0.235294
36005     0.239216
36006     0.235294
36007     0.219608
36008     0.200000
36009     0.192157
36010     0.196078
36011     0.200000
36012     0.211765
36013     0.215686
36014     0.219608
36015     0.219608
36016     0.215686
36017     0.211765
36018     0.196078
36019     0.160784
36020     0.152941
36021     0.188235
36022     0.223529
36023     0.215686
36024     0.184314
36025     0.164706
36026     0.172549
36027     0.192157
36028     0.215686
36029     0.223529
36030     0.207843
36031     0.188235
36032     0.172549
36033     0.168627
36034     0.215686
36035     0.223529
36036     0.227451
36037     0.223529
36038     0.211765
36039     0.203922
36040     0.203922
36041     0.211765
36042     0.188235
36043     0.176471
36044     0.172549
36045     0.188235
36046     0.203922
36047     0.211765
36048     0.211765
36049     0.211765
36050     0.188235
36051     0.176471
36052     0.184314
36053     0.207843
36054     0.211765
36055     0.200000
36056     0.200000
36057     0.211765
36058     0.231373
36059     0.215686
36060     0.203922
36061     0.219608
36062     0.243137
36063     0.250980
36064     0.231373
36065     0.207843
36066     0.231373
36067     0.231373
36068     0.227451
36069     0.223529
36070     0.223529
36071     0.223529
36072     0.223529
36073     0.223529
36074     0.219608
36075     0.215686
36076     0.211765
36077     0.207843
36078     0.211765
36079     0.219608
36080     0.231373
36081     0.235294
36082     0.231373
36083     0.223529
36084     0.215686
36085     0.219608
36086     0.235294
36087     0.250980
36088     0.262745
36089     0.266667
36090     0.270588
36091     0.278431
36092     0.282353
36093     0.223529
36094     0.203922
36095     0.200000
36096     0.223529
36097     0.235294
36098     0.223529
36099     0.207843
36100     0.200000
36101     0.207843
36102     0.207843
36103     0.215686
36104     0.227451
36105     0.231373
36106     0.231373
36107     0.215686
36108     0.203922
36109     0.231373
36110     0.203922
36111     0.192157
36112     0.203922
36113     0.219608
36114     0.235294
36115     0.258824
36116     0.282353
36117     0.380392
36118     0.466667
36119     0.525490
36120     0.513726
36121     0.490196
36122     0.509804
36123     0.533333
36124     0.533333
36125     0.529412
36126     0.533333
36127     0.525490
36128     0.494118
36129     0.458824
36130     0.439216
36131     0.447059
36132     0.462745
36133     0.466667
36134     0.478431
36135     0.490196
36136     0.482353
36137     0.474510
36138     0.482353
36139     0.509804
36140     0.533333
36141     0.533333
36142     0.552941
36143     0.552941
36144     0.537255
36145     0.556863
36146     0.588235
36147     0.572549
36148     0.525490
36149     0.521569
36150     0.537255
36151     0.560784
36152     0.580392
36153     0.611765
36154     0.635294
36155     0.627451
36156     0.600000
36157     0.521569
36158     0.498039
36159     0.478431
36160     0.470588
36161     0.447059
36162     0.364706
36163     0.239216
36164     0.141176
36165     0.145098
36166     0.113725
36167     0.125490
36168     0.184314
36169     0.219608
36170     0.203922
36171     0.192157
36172     0.203922
36173     0.207843
36174     0.211765
36175     0.215686
36176     0.219608
36177     0.215686
36178     0.203922
36179     0.192157
36180     0.184314
36181     0.211765
36182     0.211765
36183     0.211765
36184     0.203922
36185     0.196078
36186     0.192157
36187     0.200000
36188     0.211765
36189     0.200000
36190     0.196078
36191     0.192157
36192     0.223529
36193     0.282353
36194     0.325490
36195     0.309804
36196     0.270588
36197     0.227451
36198     0.203922
36199     0.180392
36200     0.176471
36201     0.172549
36202     0.172549
36203     0.180392
36204     0.192157
36205     0.184314
36206     0.219608
36207     0.262745
36208     0.290196
36209     0.298039
36210     0.309804
36211     0.329412
36212     0.345098
36213     0.388235
36214     0.364706
36215     0.352941
36216     0.372549
36217     0.400000
36218     0.403922
36219     0.376471
36220     0.345098
36221     0.325490
36222     0.325490
36223     0.321569
36224     0.309804
36225     0.290196
36226     0.262745
36227     0.239216
36228     0.223529
36229     0.223529
36230     0.215686
36231     0.219608
36232     0.235294
36233     0.254902
36234     0.247059
36235     0.219608
36236     0.192157
36237     0.207843
36238     0.211765
36239     0.219608
36240     0.223529
36241     0.223529
36242     0.215686
36243     0.207843
36244     0.203922
36245     0.192157
36246     0.160784
36247     0.160784
36248     0.196078
36249     0.215686
36250     0.196078
36251     0.168627
36252     0.156863
36253     0.176471
36254     0.196078
36255     0.215686
36256     0.219608
36257     0.203922
36258     0.184314
36259     0.172549
36260     0.168627
36261     0.207843
36262     0.219608
36263     0.227451
36264     0.223529
36265     0.211765
36266     0.207843
36267     0.211765
36268     0.219608
36269     0.196078
36270     0.184314
36271     0.188235
36272     0.203922
36273     0.219608
36274     0.223529
36275     0.223529
36276     0.223529
36277     0.207843
36278     0.192157
36279     0.192157
36280     0.207843
36281     0.207843
36282     0.192157
36283     0.196078
36284     0.211765
36285     0.188235
36286     0.188235
36287     0.200000
36288     0.223529
36289     0.250980
36290     0.254902
36291     0.239216
36292     0.215686
36293     0.203922
36294     0.211765
36295     0.223529
36296     0.231373
36297     0.235294
36298     0.231373
36299     0.219608
36300     0.215686
36301     0.227451
36302     0.223529
36303     0.219608
36304     0.215686
36305     0.215686
36306     0.215686
36307     0.219608
36308     0.223529
36309     0.235294
36310     0.227451
36311     0.219608
36312     0.219608
36313     0.235294
36314     0.250980
36315     0.262745
36316     0.266667
36317     0.274510
36318     0.282353
36319     0.286275
36320     0.219608
36321     0.219608
36322     0.215686
36323     0.215686
36324     0.211765
36325     0.219608
36326     0.235294
36327     0.243137
36328     0.223529
36329     0.223529
36330     0.223529
36331     0.223529
36332     0.223529
36333     0.223529
36334     0.223529
36335     0.223529
36336     0.235294
36337     0.207843
36338     0.200000
36339     0.219608
36340     0.223529
36341     0.207843
36342     0.207843
36343     0.219608
36344     0.290196
36345     0.352941
36346     0.415686
36347     0.435294
36348     0.443137
36349     0.466667
36350     0.494118
36351     0.513726
36352     0.529412
36353     0.521569
36354     0.482353
36355     0.427451
36356     0.403922
36357     0.411765
36358     0.411765
36359     0.400000
36360     0.407843
36361     0.431373
36362     0.474510
36363     0.498039
36364     0.486275
36365     0.474510
36366     0.490196
36367     0.525490
36368     0.552941
36369     0.568627
36370     0.552941
36371     0.521569
36372     0.529412
36373     0.556863
36374     0.549020
36375     0.505882
36376     0.513726
36377     0.529412
36378     0.560784
36379     0.580392
36380     0.564706
36381     0.521569
36382     0.501961
36383     0.505882
36384     0.427451
36385     0.400000
36386     0.352941
36387     0.309804
36388     0.274510
36389     0.231373
36390     0.184314
36391     0.156863
36392     0.137255
36393     0.145098
36394     0.152941
36395     0.156863
36396     0.160784
36397     0.172549
36398     0.196078
36399     0.215686
36400     0.215686
36401     0.141176
36402     0.192157
36403     0.266667
36404     0.223529
36405     0.192157
36406     0.219608
36407     0.215686
36408     0.207843
36409     0.200000
36410     0.235294
36411     0.247059
36412     0.196078
36413     0.180392
36414     0.219608
36415     0.239216
36416     0.192157
36417     0.192157
36418     0.215686
36419     0.266667
36420     0.313726
36421     0.321569
36422     0.301961
36423     0.278431
36424     0.235294
36425     0.192157
36426     0.180392
36427     0.207843
36428     0.211765
36429     0.188235
36430     0.188235
36431     0.215686
36432     0.250980
36433     0.258824
36434     0.325490
36435     0.431373
36436     0.490196
36437     0.486275
36438     0.474510
36439     0.478431
36440     0.521569
36441     0.498039
36442     0.482353
36443     0.498039
36444     0.521569
36445     0.517647
36446     0.478431
36447     0.435294
36448     0.490196
36449     0.517647
36450     0.498039
36451     0.415686
36452     0.349020
36453     0.321569
36454     0.298039
36455     0.262745
36456     0.231373
36457     0.254902
36458     0.301961
36459     0.352941
36460     0.368627
36461     0.329412
36462     0.258824
36463     0.200000
36464     0.184314
36465     0.176471
36466     0.168627
36467     0.176471
36468     0.192157
36469     0.196078
36470     0.188235
36471     0.176471
36472     0.180392
36473     0.188235
36474     0.200000
36475     0.215686
36476     0.231373
36477     0.247059
36478     0.258824
36479     0.266667
36480     0.274510
36481     0.258824
36482     0.235294
36483     0.207843
36484     0.192157
36485     0.184314
36486     0.184314
36487     0.188235
36488     0.215686
36489     0.223529
36490     0.219608
36491     0.223529
36492     0.243137
36493     0.274510
36494     0.278431
36495     0.266667
36496     0.231373
36497     0.254902
36498     0.262745
36499     0.235294
36500     0.207843
36501     0.203922
36502     0.200000
36503     0.192157
36504     0.188235
36505     0.180392
36506     0.200000
36507     0.227451
36508     0.227451
36509     0.200000
36510     0.184314
36511     0.192157
36512     0.200000
36513     0.203922
36514     0.200000
36515     0.192157
36516     0.203922
36517     0.227451
36518     0.235294
36519     0.223529
36520     0.231373
36521     0.227451
36522     0.223529
36523     0.223529
36524     0.231373
36525     0.239216
36526     0.239216
36527     0.235294
36528     0.223529
36529     0.219608
36530     0.231373
36531     0.243137
36532     0.227451
36533     0.207843
36534     0.231373
36535     0.270588
36536     0.274510
36537     0.250980
36538     0.227451
36539     0.215686
36540     0.235294
36541     0.258824
36542     0.262745
36543     0.254902
36544     0.278431
36545     0.278431
36546     0.278431
36547     0.231373
36548     0.231373
36549     0.227451
36550     0.223529
36551     0.223529
36552     0.227451
36553     0.235294
36554     0.243137
36555     0.231373
36556     0.231373
36557     0.227451
36558     0.227451
36559     0.227451
36560     0.223529
36561     0.223529
36562     0.223529
36563     0.231373
36564     0.207843
36565     0.192157
36566     0.200000
36567     0.200000
36568     0.180392
36569     0.172549
36570     0.180392
36571     0.274510
36572     0.321569
36573     0.360784
36574     0.372549
36575     0.376471
36576     0.392157
36577     0.411765
36578     0.419608
36579     0.450980
36580     0.447059
36581     0.419608
36582     0.376471
36583     0.368627
36584     0.392157
36585     0.407843
36586     0.407843
36587     0.415686
36588     0.419608
36589     0.443137
36590     0.478431
36591     0.498039
36592     0.498039
36593     0.501961
36594     0.517647
36595     0.533333
36596     0.545098
36597     0.521569
36598     0.470588
36599     0.458824
36600     0.478431
36601     0.470588
36602     0.439216
36603     0.462745
36604     0.474510
36605     0.490196
36606     0.486275
36607     0.439216
36608     0.360784
36609     0.309804
36610     0.294118
36611     0.305882
36612     0.286275
36613     0.262745
36614     0.235294
36615     0.207843
36616     0.180392
36617     0.156863
36618     0.137255
36619     0.160784
36620     0.168627
36621     0.172549
36622     0.172549
36623     0.172549
36624     0.184314
36625     0.203922
36626     0.219608
36627     0.207843
36628     0.160784
36629     0.203922
36630     0.247059
36631     0.200000
36632     0.188235
36633     0.219608
36634     0.219608
36635     0.203922
36636     0.176471
36637     0.192157
36638     0.207843
36639     0.188235
36640     0.196078
36641     0.239216
36642     0.250980
36643     0.227451
36644     0.215686
36645     0.231373
36646     0.282353
36647     0.341176
36648     0.352941
36649     0.325490
36650     0.290196
36651     0.270588
36652     0.250980
36653     0.254902
36654     0.262745
36655     0.231373
36656     0.188235
36657     0.192157
36658     0.231373
36659     0.376471
36660     0.439216
36661     0.525490
36662     0.572549
36663     0.556863
36664     0.533333
36665     0.556863
36666     0.600000
36667     0.611765
36668     0.607843
36669     0.607843
36670     0.611765
36671     0.611765
36672     0.600000
36673     0.580392
36674     0.564706
36675     0.564706
36676     0.588235
36677     0.560784
36678     0.478431
36679     0.411765
36680     0.400000
36681     0.388235
36682     0.368627
36683     0.360784
36684     0.372549
36685     0.396078
36686     0.423529
36687     0.427451
36688     0.396078
36689     0.341176
36690     0.294118
36691     0.239216
36692     0.231373
36693     0.227451
36694     0.231373
36695     0.231373
36696     0.215686
36697     0.188235
36698     0.160784
36699     0.188235
36700     0.180392
36701     0.180392
36702     0.200000
36703     0.227451
36704     0.247059
36705     0.247059
36706     0.239216
36707     0.247059
36708     0.250980
36709     0.250980
36710     0.239216
36711     0.215686
36712     0.196078
36713     0.184314
36714     0.184314
36715     0.200000
36716     0.243137
36717     0.294118
36718     0.337255
36719     0.376471
36720     0.400000
36721     0.388235
36722     0.360784
36723     0.349020
36724     0.337255
36725     0.301961
36726     0.243137
36727     0.184314
36728     0.160784
36729     0.172549
36730     0.192157
36731     0.200000
36732     0.192157
36733     0.200000
36734     0.223529
36735     0.227451
36736     0.211765
36737     0.203922
36738     0.215686
36739     0.223529
36740     0.219608
36741     0.203922
36742     0.188235
36743     0.200000
36744     0.231373
36745     0.247059
36746     0.243137
36747     0.231373
36748     0.231373
36749     0.227451
36750     0.223529
36751     0.219608
36752     0.223529
36753     0.227451
36754     0.235294
36755     0.215686
36756     0.215686
36757     0.231373
36758     0.250980
36759     0.247059
36760     0.227451
36761     0.235294
36762     0.258824
36763     0.247059
36764     0.231373
36765     0.211765
36766     0.211765
36767     0.231373
36768     0.254902
36769     0.258824
36770     0.250980
36771     0.262745
36772     0.262745
36773     0.266667
36774     0.247059
36775     0.243137
36776     0.243137
36777     0.239216
36778     0.239216
36779     0.239216
36780     0.239216
36781     0.239216
36782     0.235294
36783     0.231373
36784     0.231373
36785     0.227451
36786     0.227451
36787     0.223529
36788     0.223529
36789     0.223529
36790     0.227451
36791     0.207843
36792     0.192157
36793     0.192157
36794     0.188235
36795     0.172549
36796     0.164706
36797     0.164706
36798     0.231373
36799     0.258824
36800     0.278431
36801     0.278431
36802     0.286275
36803     0.305882
36804     0.317647
36805     0.317647
36806     0.341176
36807     0.337255
36808     0.325490
36809     0.309804
36810     0.317647
36811     0.352941
36812     0.384314
36813     0.396078
36814     0.388235
36815     0.376471
36816     0.392157
36817     0.443137
36818     0.490196
36819     0.505882
36820     0.501961
36821     0.498039
36822     0.486275
36823     0.486275
36824     0.450980
36825     0.388235
36826     0.356863
36827     0.360784
36828     0.360784
36829     0.345098
36830     0.376471
36831     0.384314
36832     0.396078
36833     0.384314
36834     0.321569
36835     0.235294
36836     0.176471
36837     0.152941
36838     0.223529
36839     0.223529
36840     0.215686
36841     0.200000
36842     0.176471
36843     0.160784
36844     0.152941
36845     0.152941
36846     0.192157
36847     0.192157
36848     0.196078
36849     0.192157
36850     0.188235
36851     0.196078
36852     0.207843
36853     0.219608
36854     0.227451
36855     0.207843
36856     0.227451
36857     0.223529
36858     0.176471
36859     0.176471
36860     0.196078
36861     0.180392
36862     0.172549
36863     0.145098
36864     0.176471
36865     0.223529
36866     0.219608
36867     0.223529
36868     0.227451
36869     0.203922
36870     0.203922
36871     0.203922
36872     0.227451
36873     0.286275
36874     0.349020
36875     0.372549
36876     0.341176
36877     0.298039
36878     0.266667
36879     0.262745
36880     0.266667
36881     0.250980
36882     0.207843
36883     0.180392
36884     0.227451
36885     0.301961
36886     0.490196
36887     0.572549
36888     0.643137
36889     0.639216
36890     0.600000
36891     0.592157
36892     0.623529
36893     0.654902
36894     0.639216
36895     0.654902
36896     0.670588
36897     0.666667
36898     0.650980
36899     0.639216
36900     0.647059
36901     0.658824
36902     0.635294
36903     0.647059
36904     0.619608
36905     0.545098
36906     0.490196
36907     0.486275
36908     0.490196
36909     0.486275
36910     0.513726
36911     0.509804
36912     0.509804
36913     0.509804
36914     0.509804
36915     0.486275
36916     0.447059
36917     0.419608
36918     0.372549
36919     0.352941
36920     0.329412
36921     0.313726
36922     0.301961
36923     0.278431
36924     0.250980
36925     0.227451
36926     0.219608
36927     0.196078
36928     0.192157
36929     0.227451
36930     0.290196
36931     0.325490
36932     0.321569
36933     0.298039
36934     0.298039
36935     0.309804
36936     0.313726
36937     0.286275
36938     0.243137
36939     0.200000
36940     0.176471
36941     0.172549
36942     0.294118
36943     0.360784
36944     0.443137
36945     0.501961
36946     0.529412
36947     0.517647
36948     0.474510
36949     0.427451
36950     0.400000
36951     0.356863
36952     0.313726
36953     0.270588
36954     0.211765
36955     0.168627
36956     0.180392
36957     0.223529
36958     0.215686
36959     0.200000
36960     0.200000
36961     0.211765
36962     0.219608
36963     0.219608
36964     0.231373
36965     0.247059
36966     0.243137
36967     0.235294
36968     0.207843
36969     0.184314
36970     0.196078
36971     0.231373
36972     0.254902
36973     0.254902
36974     0.231373
36975     0.235294
36976     0.235294
36977     0.219608
36978     0.207843
36979     0.203922
36980     0.219608
36981     0.231373
36982     0.207843
36983     0.211765
36984     0.231373
36985     0.254902
36986     0.258824
36987     0.243137
36988     0.235294
36989     0.239216
36990     0.219608
36991     0.207843
36992     0.200000
36993     0.211765
36994     0.235294
36995     0.250980
36996     0.254902
36997     0.254902
36998     0.247059
36999     0.247059
37000     0.250980
37001     0.258824
37002     0.254902
37003     0.254902
37004     0.254902
37005     0.254902
37006     0.247059
37007     0.239216
37008     0.227451
37009     0.223529
37010     0.223529
37011     0.223529
37012     0.223529
37013     0.223529
37014     0.227451
37015     0.227451
37016     0.227451
37017     0.231373
37018     0.219608
37019     0.207843
37020     0.207843
37021     0.207843
37022     0.200000
37023     0.196078
37024     0.192157
37025     0.180392
37026     0.192157
37027     0.200000
37028     0.203922
37029     0.223529
37030     0.254902
37031     0.266667
37032     0.258824
37033     0.243137
37034     0.243137
37035     0.247059
37036     0.250980
37037     0.270588
37038     0.301961
37039     0.325490
37040     0.337255
37041     0.345098
37042     0.337255
37043     0.360784
37044     0.419608
37045     0.470588
37046     0.478431
37047     0.466667
37048     0.454902
37049     0.396078
37050     0.396078
37051     0.360784
37052     0.298039
37053     0.258824
37054     0.258824
37055     0.274510
37056     0.274510
37057     0.270588
37058     0.274510
37059     0.282353
37060     0.282353
37061     0.247059
37062     0.200000
37063     0.176471
37064     0.180392
37065     0.223529
37066     0.227451
37067     0.227451
37068     0.211765
37069     0.184314
37070     0.168627
37071     0.168627
37072     0.172549
37073     0.203922
37074     0.203922
37075     0.200000
37076     0.196078
37077     0.192157
37078     0.192157
37079     0.200000
37080     0.203922
37081     0.211765
37082     0.219608
37083     0.219608
37084     0.200000
37085     0.188235
37086     0.207843
37087     0.196078
37088     0.152941
37089     0.192157
37090     0.160784
37091     0.184314
37092     0.223529
37093     0.219608
37094     0.223529
37095     0.227451
37096     0.203922
37097     0.176471
37098     0.211765
37099     0.262745
37100     0.309804
37101     0.349020
37102     0.352941
37103     0.321569
37104     0.282353
37105     0.266667
37106     0.254902
37107     0.239216
37108     0.219608
37109     0.203922
37110     0.239216
37111     0.345098
37112     0.447059
37113     0.545098
37114     0.584314
37115     0.607843
37116     0.600000
37117     0.611765
37118     0.643137
37119     0.647059
37120     0.619608
37121     0.596078
37122     0.611765
37123     0.627451
37124     0.627451
37125     0.619608
37126     0.619608
37127     0.639216
37128     0.658824
37129     0.643137
37130     0.654902
37131     0.635294
37132     0.576471
37133     0.537255
37134     0.533333
37135     0.545098
37136     0.549020
37137     0.592157
37138     0.584314
37139     0.576471
37140     0.572549
37141     0.568627
37142     0.556863
37143     0.537255
37144     0.521569
37145     0.541176
37146     0.501961
37147     0.450980
37148     0.411765
37149     0.400000
37150     0.396078
37151     0.392157
37152     0.384314
37153     0.309804
37154     0.278431
37155     0.274510
37156     0.329412
37157     0.419608
37158     0.478431
37159     0.470588
37160     0.443137
37161     0.415686
37162     0.419608
37163     0.407843
37164     0.364706
37165     0.309804
37166     0.278431
37167     0.282353
37168     0.301961
37169     0.439216
37170     0.501961
37171     0.572549
37172     0.607843
37173     0.603922
37174     0.580392
37175     0.529412
37176     0.486275
37177     0.427451
37178     0.368627
37179     0.333333
37180     0.337255
37181     0.305882
37182     0.239216
37183     0.211765
37184     0.231373
37185     0.215686
37186     0.203922
37187     0.188235
37188     0.188235
37189     0.196078
37190     0.215686
37191     0.239216
37192     0.258824
37193     0.243137
37194     0.235294
37195     0.211765
37196     0.192157
37197     0.200000
37198     0.231373
37199     0.250980
37200     0.247059
37201     0.239216
37202     0.247059
37203     0.243137
37204     0.223529
37205     0.200000
37206     0.192157
37207     0.211765
37208     0.231373
37209     0.219608
37210     0.219608
37211     0.223529
37212     0.239216
37213     0.247059
37214     0.239216
37215     0.227451
37216     0.219608
37217     0.203922
37218     0.192157
37219     0.196078
37220     0.223529
37221     0.243137
37222     0.250980
37223     0.258824
37224     0.266667
37225     0.247059
37226     0.247059
37227     0.243137
37228     0.266667
37229     0.266667
37230     0.266667
37231     0.270588
37232     0.274510
37233     0.262745
37234     0.239216
37235     0.223529
37236     0.211765
37237     0.211765
37238     0.215686
37239     0.219608
37240     0.223529
37241     0.227451
37242     0.231373
37243     0.231373
37244     0.247059
37245     0.239216
37246     0.227451
37247     0.219608
37248     0.219608
37249     0.223529
37250     0.215686
37251     0.207843
37252     0.164706
37253     0.168627
37254     0.168627
37255     0.168627
37256     0.192157
37257     0.227451
37258     0.243137
37259     0.235294
37260     0.188235
37261     0.192157
37262     0.203922
37263     0.219608
37264     0.235294
37265     0.243137
37266     0.250980
37267     0.258824
37268     0.298039
37269     0.305882
37270     0.341176
37271     0.384314
37272     0.400000
37273     0.384314
37274     0.364706
37275     0.360784
37276     0.290196
37277     0.286275
37278     0.262745
37279     0.219608
37280     0.196078
37281     0.203922
37282     0.227451
37283     0.243137
37284     0.203922
37285     0.192157
37286     0.192157
37287     0.188235
37288     0.176471
37289     0.168627
37290     0.192157
37291     0.223529
37292     0.219608
37293     0.227451
37294     0.227451
37295     0.211765
37296     0.188235
37297     0.172549
37298     0.172549
37299     0.176471
37300     0.196078
37301     0.192157
37302     0.188235
37303     0.184314
37304     0.184314
37305     0.184314
37306     0.184314
37307     0.180392
37308     0.168627
37309     0.192157
37310     0.188235
37311     0.180392
37312     0.227451
37313     0.258824
37314     0.219608
37315     0.160784
37316     0.215686
37317     0.168627
37318     0.164706
37319     0.176471
37320     0.160784
37321     0.184314
37322     0.227451
37323     0.239216
37324     0.168627
37325     0.250980
37326     0.337255
37327     0.368627
37328     0.364706
37329     0.349020
37330     0.321569
37331     0.298039
37332     0.341176
37333     0.321569
37334     0.301961
37335     0.290196
37336     0.309804
37337     0.372549
37338     0.478431
37339     0.568627
37340     0.568627
37341     0.584314
37342     0.584314
37343     0.580392
37344     0.611765
37345     0.654902
37346     0.643137
37347     0.600000
37348     0.580392
37349     0.576471
37350     0.576471
37351     0.580392
37352     0.588235
37353     0.600000
37354     0.607843
37355     0.607843
37356     0.607843
37357     0.623529
37358     0.623529
37359     0.592157
37360     0.560784
37361     0.552941
37362     0.560784
37363     0.568627
37364     0.603922
37365     0.600000
37366     0.600000
37367     0.603922
37368     0.603922
37369     0.600000
37370     0.592157
37371     0.584314
37372     0.623529
37373     0.592157
37374     0.552941
37375     0.529412
37376     0.525490
37377     0.525490
37378     0.525490
37379     0.521569
37380     0.447059
37381     0.415686
37382     0.407843
37383     0.454902
37384     0.541176
37385     0.592157
37386     0.580392
37387     0.549020
37388     0.529412
37389     0.521569
37390     0.494118
37391     0.450980
37392     0.419608
37393     0.435294
37394     0.486275
37395     0.537255
37396     0.541176
37397     0.584314
37398     0.619608
37399     0.619608
37400     0.603922
37401     0.596078
37402     0.588235
37403     0.572549
37404     0.505882
37405     0.427451
37406     0.376471
37407     0.384314
37408     0.364706
37409     0.286275
37410     0.219608
37411     0.203922
37412     0.211765
37413     0.200000
37414     0.180392
37415     0.168627
37416     0.176471
37417     0.203922
37418     0.231373
37419     0.250980
37420     0.227451
37421     0.227451
37422     0.215686
37423     0.203922
37424     0.211765
37425     0.231373
37426     0.235294
37427     0.219608
37428     0.239216
37429     0.247059
37430     0.247059
37431     0.227451
37432     0.203922
37433     0.192157
37434     0.207843
37435     0.227451
37436     0.235294
37437     0.227451
37438     0.215686
37439     0.211765
37440     0.211765
37441     0.219608
37442     0.215686
37443     0.207843
37444     0.207843
37445     0.196078
37446     0.203922
37447     0.235294
37448     0.250980
37449     0.250980
37450     0.254902
37451     0.270588
37452     0.254902
37453     0.250980
37454     0.243137
37455     0.278431
37456     0.278431
37457     0.282353
37458     0.290196
37459     0.294118
37460     0.282353
37461     0.250980
37462     0.227451
37463     0.211765
37464     0.215686
37465     0.215686
37466     0.219608
37467     0.223529
37468     0.231373
37469     0.231373
37470     0.235294
37471     0.250980
37472     0.250980
37473     0.235294
37474     0.215686
37475     0.211765
37476     0.215686
37477     0.207843
37478     0.188235
37479     0.176471
37480     0.180392
37481     0.176471
37482     0.168627
37483     0.184314
37484     0.211765
37485     0.223529
37486     0.215686
37487     0.180392
37488     0.176471
37489     0.184314
37490     0.203922
37491     0.207843
37492     0.196078
37493     0.196078
37494     0.203922
37495     0.243137
37496     0.254902
37497     0.274510
37498     0.290196
37499     0.270588
37500     0.231373
37501     0.211765
37502     0.215686
37503     0.207843
37504     0.203922
37505     0.188235
37506     0.176471
37507     0.172549
37508     0.188235
37509     0.211765
37510     0.227451
37511     0.211765
37512     0.192157
37513     0.172549
37514     0.160784
37515     0.145098
37516     0.141176
37517     0.172549
37518     0.215686
37519     0.200000
37520     0.203922
37521     0.203922
37522     0.200000
37523     0.192157
37524     0.184314
37525     0.188235
37526     0.188235
37527     0.184314
37528     0.180392
37529     0.176471
37530     0.176471
37531     0.180392
37532     0.180392
37533     0.176471
37534     0.168627
37535     0.188235
37536     0.215686
37537     0.192157
37538     0.188235
37539     0.247059
37540     0.250980
37541     0.188235
37542     0.145098
37543     0.137255
37544     0.117647
37545     0.149020
37546     0.188235
37547     0.176471
37548     0.176471
37549     0.188235
37550     0.172549
37551     0.145098
37552     0.266667
37553     0.380392
37554     0.415686
37555     0.407843
37556     0.407843
37557     0.411765
37558     0.407843
37559     0.450980
37560     0.439216
37561     0.427451
37562     0.423529
37563     0.439216
37564     0.478431
37565     0.537255
37566     0.576471
37567     0.568627
37568     0.600000
37569     0.615686
37570     0.607843
37571     0.596078
37572     0.600000
37573     0.600000
37574     0.596078
37575     0.588235
37576     0.568627
37577     0.552941
37578     0.560784
37579     0.576471
37580     0.584314
37581     0.576471
37582     0.560784
37583     0.584314
37584     0.603922
37585     0.615686
37586     0.603922
37587     0.580392
37588     0.568627
37589     0.576471
37590     0.588235
37591     0.596078
37592     0.603922
37593     0.607843
37594     0.615686
37595     0.619608
37596     0.619608
37597     0.615686
37598     0.615686
37599     0.611765
37600     0.611765
37601     0.611765
37602     0.623529
37603     0.631373
37604     0.623529
37605     0.596078
37606     0.572549
37607     0.572549
37608     0.545098
37609     0.529412
37610     0.552941
37611     0.596078
37612     0.619608
37613     0.603922
37614     0.576471
37615     0.615686
37616     0.596078
37617     0.560784
37618     0.521569
37619     0.501961
37620     0.529412
37621     0.588235
37622     0.639216
37623     0.611765
37624     0.639216
37625     0.639216
37626     0.603922
37627     0.572549
37628     0.572549
37629     0.592157
37630     0.603922
37631     0.537255
37632     0.450980
37633     0.380392
37634     0.360784
37635     0.345098
37636     0.294118
37637     0.235294
37638     0.207843
37639     0.211765
37640     0.207843
37641     0.184314
37642     0.160784
37643     0.164706
37644     0.196078
37645     0.223529
37646     0.231373
37647     0.211765
37648     0.223529
37649     0.219608
37650     0.211765
37651     0.219608
37652     0.227451
37653     0.219608
37654     0.200000
37655     0.235294
37656     0.239216
37657     0.239216
37658     0.227451
37659     0.207843
37660     0.196078
37661     0.200000
37662     0.207843
37663     0.235294
37664     0.231373
37665     0.215686
37666     0.192157
37667     0.188235
37668     0.203922
37669     0.215686
37670     0.215686
37671     0.219608
37672     0.200000
37673     0.207843
37674     0.235294
37675     0.243137
37676     0.231373
37677     0.235294
37678     0.262745
37679     0.254902
37680     0.247059
37681     0.239216
37682     0.290196
37683     0.290196
37684     0.298039
37685     0.309804
37686     0.321569
37687     0.305882
37688     0.270588
37689     0.239216
37690     0.231373
37691     0.231373
37692     0.231373
37693     0.231373
37694     0.231373
37695     0.231373
37696     0.231373
37697     0.231373
37698     0.231373
37699     0.235294
37700     0.219608
37701     0.200000
37702     0.196078
37703     0.207843
37704     0.200000
37705     0.176471
37706     0.180392
37707     0.188235
37708     0.188235
37709     0.176471
37710     0.180392
37711     0.200000
37712     0.211765
37713     0.207843
37714     0.192157
37715     0.176471
37716     0.172549
37717     0.184314
37718     0.184314
37719     0.172549
37720     0.176471
37721     0.192157
37722     0.215686
37723     0.207843
37724     0.203922
37725     0.196078
37726     0.172549
37727     0.137255
37728     0.129412
37729     0.137255
37730     0.164706
37731     0.156863
37732     0.152941
37733     0.160784
37734     0.176471
37735     0.192157
37736     0.207843
37737     0.215686
37738     0.211765
37739     0.200000
37740     0.188235
37741     0.180392
37742     0.164706
37743     0.152941
37744     0.172549
37745     0.203922
37746     0.184314
37747     0.180392
37748     0.180392
37749     0.188235
37750     0.196078
37751     0.200000
37752     0.200000
37753     0.200000
37754     0.180392
37755     0.172549
37756     0.168627
37757     0.176471
37758     0.184314
37759     0.188235
37760     0.184314
37761     0.172549
37762     0.207843
37763     0.243137
37764     0.215686
37765     0.203922
37766     0.243137
37767     0.215686
37768     0.152941
37769     0.156863
37770     0.176471
37771     0.152941
37772     0.196078
37773     0.254902
37774     0.258824
37775     0.243137
37776     0.211765
37777     0.156863
37778     0.243137
37779     0.360784
37780     0.466667
37781     0.494118
37782     0.494118
37783     0.513726
37784     0.533333
37785     0.537255
37786     0.533333
37787     0.533333
37788     0.525490
37789     0.505882
37790     0.498039
37791     0.513726
37792     0.541176
37793     0.560784
37794     0.584314
37795     0.600000
37796     0.623529
37797     0.631373
37798     0.600000
37799     0.560784
37800     0.556863
37801     0.572549
37802     0.568627
37803     0.556863
37804     0.549020
37805     0.556863
37806     0.576471
37807     0.584314
37808     0.572549
37809     0.560784
37810     0.584314
37811     0.603922
37812     0.619608
37813     0.615686
37814     0.600000
37815     0.588235
37816     0.600000
37817     0.615686
37818     0.603922
37819     0.607843
37820     0.611765
37821     0.611765
37822     0.611765
37823     0.611765
37824     0.611765
37825     0.615686
37826     0.588235
37827     0.600000
37828     0.627451
37829     0.654902
37830     0.670588
37831     0.654902
37832     0.615686
37833     0.584314
37834     0.619608
37835     0.603922
37836     0.596078
37837     0.603922
37838     0.619608
37839     0.627451
37840     0.619608
37841     0.607843
37842     0.643137
37843     0.631373
37844     0.607843
37845     0.584314
37846     0.568627
37847     0.576471
37848     0.600000
37849     0.619608
37850     0.643137
37851     0.662745
37852     0.658824
37853     0.607843
37854     0.556863
37855     0.545098
37856     0.568627
37857     0.584314
37858     0.529412
37859     0.482353
37860     0.419608
37861     0.372549
37862     0.349020
37863     0.317647
37864     0.278431
37865     0.250980
37866     0.223529
37867     0.223529
37868     0.203922
37869     0.176471
37870     0.176471
37871     0.203922
37872     0.219608
37873     0.219608
37874     0.215686
37875     0.223529
37876     0.223529
37877     0.215686
37878     0.219608
37879     0.227451
37880     0.215686
37881     0.196078
37882     0.223529
37883     0.223529
37884     0.223529
37885     0.215686
37886     0.207843
37887     0.200000
37888     0.188235
37889     0.184314
37890     0.215686
37891     0.227451
37892     0.223529
37893     0.192157
37894     0.180392
37895     0.203922
37896     0.227451
37897     0.231373
37898     0.223529
37899     0.200000
37900     0.200000
37901     0.223529
37902     0.223529
37903     0.200000
37904     0.203922
37905     0.235294
37906     0.239216
37907     0.231373
37908     0.223529
37909     0.301961
37910     0.301961
37911     0.309804
37912     0.325490
37913     0.337255
37914     0.321569
37915     0.282353
37916     0.250980
37917     0.254902
37918     0.250980
37919     0.247059
37920     0.243137
37921     0.239216
37922     0.231373
37923     0.227451
37924     0.227451
37925     0.200000
37926     0.211765
37927     0.203922
37928     0.184314
37929     0.192157
37930     0.211765
37931     0.207843
37932     0.188235
37933     0.164706
37934     0.184314
37935     0.188235
37936     0.176471
37937     0.176471
37938     0.196078
37939     0.211765
37940     0.215686
37941     0.203922
37942     0.176471
37943     0.164706
37944     0.172549
37945     0.172549
37946     0.164706
37947     0.176471
37948     0.200000
37949     0.227451
37950     0.200000
37951     0.176471
37952     0.168627
37953     0.156863
37954     0.141176
37955     0.145098
37956     0.156863
37957     0.152941
37958     0.141176
37959     0.141176
37960     0.160784
37961     0.188235
37962     0.200000
37963     0.203922
37964     0.207843
37965     0.168627
37966     0.172549
37967     0.184314
37968     0.196078
37969     0.188235
37970     0.172549
37971     0.180392
37972     0.203922
37973     0.172549
37974     0.164706
37975     0.156863
37976     0.168627
37977     0.184314
37978     0.196078
37979     0.192157
37980     0.184314
37981     0.180392
37982     0.172549
37983     0.168627
37984     0.180392
37985     0.192157
37986     0.200000
37987     0.192157
37988     0.180392
37989     0.172549
37990     0.223529
37991     0.207843
37992     0.203922
37993     0.243137
37994     0.211765
37995     0.176471
37996     0.231373
37997     0.376471
37998     0.294118
37999     0.262745
38000     0.286275
38001     0.301961
38002     0.321569
38003     0.321569
38004     0.282353
38005     0.439216
38006     0.529412
38007     0.596078
38008     0.592157
38009     0.576471
38010     0.588235
38011     0.600000
38012     0.588235
38013     0.584314
38014     0.584314
38015     0.568627
38016     0.533333
38017     0.505882
38018     0.517647
38019     0.556863
38020     0.588235
38021     0.619608
38022     0.596078
38023     0.603922
38024     0.635294
38025     0.627451
38026     0.580392
38027     0.549020
38028     0.549020
38029     0.545098
38030     0.549020
38031     0.556863
38032     0.572549
38033     0.588235
38034     0.600000
38035     0.600000
38036     0.600000
38037     0.596078
38038     0.607843
38039     0.623529
38040     0.623529
38041     0.607843
38042     0.600000
38043     0.615686
38044     0.643137
38045     0.615686
38046     0.615686
38047     0.611765
38048     0.603922
38049     0.596078
38050     0.592157
38051     0.600000
38052     0.603922
38053     0.596078
38054     0.603922
38055     0.619608
38056     0.643137
38057     0.658824
38058     0.650980
38059     0.623529
38060     0.596078
38061     0.607843
38062     0.611765
38063     0.619608
38064     0.627451
38065     0.635294
38066     0.647059
38067     0.650980
38068     0.654902
38069     0.619608
38070     0.627451
38071     0.635294
38072     0.643137
38073     0.643137
38074     0.639216
38075     0.631373
38076     0.627451
38077     0.607843
38078     0.643137
38079     0.654902
38080     0.615686
38081     0.568627
38082     0.556863
38083     0.576471
38084     0.592157
38085     0.564706
38086     0.556863
38087     0.513726
38088     0.450980
38089     0.396078
38090     0.356863
38091     0.313726
38092     0.278431
38093     0.235294
38094     0.239216
38095     0.223529
38096     0.192157
38097     0.188235
38098     0.211765
38099     0.223529
38100     0.215686
38101     0.223529
38102     0.231373
38103     0.223529
38104     0.211765
38105     0.215686
38106     0.227451
38107     0.219608
38108     0.200000
38109     0.211765
38110     0.207843
38111     0.207843
38112     0.207843
38113     0.207843
38114     0.200000
38115     0.180392
38116     0.168627
38117     0.196078
38118     0.223529
38119     0.227451
38120     0.200000
38121     0.184314
38122     0.207843
38123     0.235294
38124     0.247059
38125     0.223529
38126     0.196078
38127     0.188235
38128     0.211765
38129     0.203922
38130     0.172549
38131     0.180392
38132     0.215686
38133     0.223529
38134     0.215686
38135     0.207843
38136     0.266667
38137     0.317647
38138     0.337255
38139     0.313726
38140     0.301961
38141     0.321569
38142     0.321569
38143     0.294118
38144     0.250980
38145     0.258824
38146     0.262745
38147     0.243137
38148     0.207843
38149     0.192157
38150     0.215686
38151     0.247059
38152     0.231373
38153     0.219608
38154     0.207843
38155     0.211765
38156     0.223529
38157     0.223529
38158     0.211765
38159     0.196078
38160     0.184314
38161     0.196078
38162     0.200000
38163     0.192157
38164     0.184314
38165     0.188235
38166     0.192157
38167     0.188235
38168     0.200000
38169     0.184314
38170     0.180392
38171     0.184314
38172     0.176471
38173     0.168627
38174     0.196078
38175     0.243137
38176     0.207843
38177     0.207843
38178     0.200000
38179     0.188235
38180     0.176471
38181     0.168627
38182     0.168627
38183     0.172549
38184     0.188235
38185     0.180392
38186     0.172549
38187     0.172549
38188     0.180392
38189     0.184314
38190     0.180392
38191     0.176471
38192     0.180392
38193     0.180392
38194     0.196078
38195     0.211765
38196     0.192157
38197     0.160784
38198     0.164706
38199     0.192157
38200     0.192157
38201     0.192157
38202     0.192157
38203     0.192157
38204     0.188235
38205     0.188235
38206     0.188235
38207     0.188235
38208     0.168627
38209     0.152941
38210     0.141176
38211     0.156863
38212     0.184314
38213     0.200000
38214     0.196078
38215     0.180392
38216     0.211765
38217     0.192157
38218     0.215686
38219     0.243137
38220     0.203922
38221     0.160784
38222     0.235294
38223     0.364706
38224     0.439216
38225     0.380392
38226     0.349020
38227     0.384314
38228     0.435294
38229     0.482353
38230     0.552941
38231     0.623529
38232     0.741176
38233     0.713726
38234     0.674510
38235     0.654902
38236     0.650980
38237     0.650980
38238     0.650980
38239     0.647059
38240     0.615686
38241     0.588235
38242     0.556863
38243     0.545098
38244     0.560784
38245     0.580392
38246     0.592157
38247     0.596078
38248     0.623529
38249     0.627451
38250     0.627451
38251     0.615686
38252     0.588235
38253     0.560784
38254     0.541176
38255     0.533333
38256     0.556863
38257     0.556863
38258     0.564706
38259     0.588235
38260     0.611765
38261     0.623529
38262     0.619608
38263     0.611765
38264     0.588235
38265     0.592157
38266     0.600000
38267     0.603922
38268     0.607843
38269     0.615686
38270     0.635294
38271     0.647059
38272     0.635294
38273     0.623529
38274     0.611765
38275     0.607843
38276     0.607843
38277     0.603922
38278     0.588235
38279     0.576471
38280     0.588235
38281     0.584314
38282     0.588235
38283     0.607843
38284     0.627451
38285     0.627451
38286     0.603922
38287     0.580392
38288     0.600000
38289     0.600000
38290     0.603922
38291     0.619608
38292     0.639216
38293     0.650980
38294     0.643137
38295     0.635294
38296     0.615686
38297     0.619608
38298     0.631373
38299     0.639216
38300     0.643137
38301     0.647059
38302     0.643137
38303     0.643137
38304     0.639216
38305     0.635294
38306     0.627451
38307     0.611765
38308     0.596078
38309     0.592157
38310     0.592157
38311     0.600000
38312     0.596078
38313     0.568627
38314     0.525490
38315     0.486275
38316     0.450980
38317     0.411765
38318     0.368627
38319     0.341176
38320     0.290196
38321     0.274510
38322     0.254902
38323     0.227451
38324     0.192157
38325     0.172549
38326     0.196078
38327     0.235294
38328     0.235294
38329     0.211765
38330     0.200000
38331     0.203922
38332     0.219608
38333     0.227451
38334     0.227451
38335     0.227451
38336     0.215686
38337     0.180392
38338     0.168627
38339     0.196078
38340     0.215686
38341     0.200000
38342     0.180392
38343     0.172549
38344     0.196078
38345     0.215686
38346     0.219608
38347     0.196078
38348     0.192157
38349     0.215686
38350     0.235294
38351     0.239216
38352     0.200000
38353     0.176471
38354     0.176471
38355     0.196078
38356     0.203922
38357     0.188235
38358     0.184314
38359     0.200000
38360     0.223529
38361     0.227451
38362     0.231373
38363     0.258824
38364     0.301961
38365     0.321569
38366     0.294118
38367     0.282353
38368     0.298039
38369     0.301961
38370     0.278431
38371     0.286275
38372     0.286275
38373     0.274510
38374     0.250980
38375     0.215686
38376     0.192157
38377     0.200000
38378     0.215686
38379     0.309804
38380     0.294118
38381     0.278431
38382     0.266667
38383     0.266667
38384     0.278431
38385     0.286275
38386     0.290196
38387     0.278431
38388     0.274510
38389     0.258824
38390     0.231373
38391     0.200000
38392     0.180392
38393     0.168627
38394     0.164706
38395     0.184314
38396     0.188235
38397     0.196078
38398     0.188235
38399     0.168627
38400     0.160784
38401     0.184314
38402     0.215686
38403     0.235294
38404     0.227451
38405     0.207843
38406     0.180392
38407     0.160784
38408     0.160784
38409     0.180392
38410     0.200000
38411     0.196078
38412     0.188235
38413     0.184314
38414     0.184314
38415     0.192157
38416     0.200000
38417     0.200000
38418     0.196078
38419     0.192157
38420     0.184314
38421     0.184314
38422     0.192157
38423     0.176471
38424     0.149020
38425     0.145098
38426     0.164706
38427     0.184314
38428     0.180392
38429     0.176471
38430     0.176471
38431     0.176471
38432     0.172549
38433     0.164706
38434     0.156863
38435     0.172549
38436     0.164706
38437     0.156863
38438     0.156863
38439     0.168627
38440     0.180392
38441     0.192157
38442     0.200000
38443     0.207843
38444     0.188235
38445     0.207843
38446     0.254902
38447     0.270588
38448     0.286275
38449     0.364706
38450     0.466667
38451     0.521569
38452     0.474510
38453     0.466667
38454     0.517647
38455     0.576471
38456     0.611765
38457     0.650980
38458     0.698039
38459     0.768627
38460     0.733333
38461     0.686275
38462     0.654902
38463     0.647059
38464     0.647059
38465     0.635294
38466     0.623529
38467     0.615686
38468     0.600000
38469     0.584314
38470     0.576471
38471     0.584314
38472     0.596078
38473     0.607843
38474     0.611765
38475     0.627451
38476     0.631373
38477     0.623529
38478     0.607843
38479     0.588235
38480     0.572549
38481     0.564706
38482     0.560784
38483     0.584314
38484     0.588235
38485     0.596078
38486     0.615686
38487     0.635294
38488     0.639216
38489     0.631373
38490     0.619608
38491     0.600000
38492     0.603922
38493     0.607843
38494     0.607843
38495     0.607843
38496     0.615686
38497     0.631373
38498     0.643137
38499     0.631373
38500     0.627451
38501     0.619608
38502     0.619608
38503     0.619608
38504     0.607843
38505     0.584314
38506     0.568627
38507     0.580392
38508     0.576471
38509     0.576471
38510     0.596078
38511     0.615686
38512     0.619608
38513     0.600000
38514     0.576471
38515     0.596078
38516     0.596078
38517     0.600000
38518     0.611765
38519     0.631373
38520     0.639216
38521     0.635294
38522     0.627451
38523     0.619608
38524     0.623529
38525     0.631373
38526     0.635294
38527     0.639216
38528     0.635294
38529     0.631373
38530     0.631373
38531     0.631373
38532     0.631373
38533     0.627451
38534     0.615686
38535     0.603922
38536     0.603922
38537     0.607843
38538     0.615686
38539     0.619608
38540     0.596078
38541     0.560784
38542     0.521569
38543     0.486275
38544     0.447059
38545     0.407843
38546     0.380392
38547     0.341176
38548     0.313726
38549     0.286275
38550     0.274510
38551     0.258824
38552     0.235294
38553     0.223529
38554     0.231373
38555     0.231373
38556     0.211765
38557     0.196078
38558     0.200000
38559     0.219608
38560     0.235294
38561     0.247059
38562     0.247059
38563     0.231373
38564     0.200000
38565     0.184314
38566     0.207843
38567     0.223529
38568     0.211765
38569     0.196078
38570     0.192157
38571     0.184314
38572     0.203922
38573     0.200000
38574     0.180392
38575     0.176471
38576     0.200000
38577     0.219608
38578     0.223529
38579     0.211765
38580     0.188235
38581     0.180392
38582     0.192157
38583     0.196078
38584     0.184314
38585     0.188235
38586     0.203922
38587     0.243137
38588     0.250980
38589     0.262745
38590     0.219608
38591     0.258824
38592     0.278431
38593     0.262745
38594     0.254902
38595     0.270588
38596     0.274510
38597     0.262745
38598     0.290196
38599     0.282353
38600     0.262745
38601     0.227451
38602     0.207843
38603     0.215686
38604     0.247059
38605     0.274510
38606     0.337255
38607     0.341176
38608     0.349020
38609     0.364706
38610     0.392157
38611     0.423529
38612     0.447059
38613     0.462745
38614     0.486275
38615     0.458824
38616     0.411765
38617     0.349020
38618     0.282353
38619     0.227451
38620     0.196078
38621     0.188235
38622     0.164706
38623     0.184314
38624     0.192157
38625     0.172549
38626     0.152941
38627     0.156863
38628     0.168627
38629     0.176471
38630     0.215686
38631     0.215686
38632     0.207843
38633     0.184314
38634     0.152941
38635     0.149020
38636     0.164706
38637     0.188235
38638     0.180392
38639     0.172549
38640     0.168627
38641     0.172549
38642     0.184314
38643     0.192157
38644     0.196078
38645     0.192157
38646     0.200000
38647     0.180392
38648     0.168627
38649     0.172549
38650     0.168627
38651     0.156863
38652     0.149020
38653     0.152941
38654     0.164706
38655     0.160784
38656     0.160784
38657     0.172549
38658     0.184314
38659     0.184314
38660     0.168627
38661     0.152941
38662     0.176471
38663     0.172549
38664     0.164706
38665     0.152941
38666     0.149020
38667     0.164706
38668     0.200000
38669     0.223529
38670     0.239216
38671     0.231373
38672     0.247059
38673     0.301961
38674     0.368627
38675     0.439216
38676     0.513726
38677     0.568627
38678     0.584314
38679     0.549020
38680     0.549020
38681     0.611765
38682     0.678431
38683     0.709804
38684     0.737255
38685     0.760784
38686     0.760784
38687     0.717647
38688     0.670588
38689     0.647059
38690     0.643137
38691     0.639216
38692     0.619608
38693     0.600000
38694     0.600000
38695     0.603922
38696     0.607843
38697     0.607843
38698     0.603922
38699     0.607843
38700     0.611765
38701     0.619608
38702     0.635294
38703     0.631373
38704     0.627451
38705     0.615686
38706     0.600000
38707     0.596078
38708     0.600000
38709     0.607843
38710     0.627451
38711     0.631373
38712     0.639216
38713     0.654902
38714     0.662745
38715     0.658824
38716     0.647059
38717     0.635294
38718     0.619608
38719     0.619608
38720     0.623529
38721     0.619608
38722     0.615686
38723     0.619608
38724     0.631373
38725     0.639216
38726     0.635294
38727     0.631373
38728     0.631373
38729     0.631373
38730     0.623529
38731     0.607843
38732     0.584314
38733     0.564706
38734     0.568627
38735     0.568627
38736     0.572549
38737     0.584314
38738     0.603922
38739     0.607843
38740     0.592157
38741     0.576471
38742     0.596078
38743     0.592157
38744     0.596078
38745     0.603922
38746     0.615686
38747     0.627451
38748     0.627451
38749     0.623529
38750     0.627451
38751     0.627451
38752     0.631373
38753     0.635294
38754     0.631373
38755     0.627451
38756     0.619608
38757     0.615686
38758     0.615686
38759     0.615686
38760     0.615686
38761     0.607843
38762     0.600000
38763     0.600000
38764     0.611765
38765     0.619608
38766     0.627451
38767     0.611765
38768     0.588235
38769     0.560784
38770     0.529412
38771     0.494118
38772     0.458824
38773     0.435294
38774     0.403922
38775     0.360784
38776     0.329412
38777     0.329412
38778     0.329412
38779     0.298039
38780     0.250980
38781     0.223529
38782     0.250980
38783     0.231373
38784     0.207843
38785     0.203922
38786     0.223529
38787     0.250980
38788     0.262745
38789     0.266667
38790     0.239216
38791     0.215686
38792     0.200000
38793     0.211765
38794     0.219608
38795     0.215686
38796     0.211765
38797     0.211765
38798     0.184314
38799     0.196078
38800     0.192157
38801     0.176471
38802     0.172549
38803     0.188235
38804     0.203922
38805     0.207843
38806     0.203922
38807     0.184314
38808     0.172549
38809     0.172549
38810     0.172549
38811     0.176471
38812     0.192157
38813     0.215686
38814     0.254902
38815     0.262745
38816     0.278431
38817     0.184314
38818     0.227451
38819     0.258824
38820     0.258824
38821     0.258824
38822     0.270588
38823     0.274510
38824     0.266667
38825     0.262745
38826     0.274510
38827     0.262745
38828     0.235294
38829     0.235294
38830     0.294118
38831     0.380392
38832     0.443137
38833     0.403922
38834     0.415686
38835     0.450980
38836     0.509804
38837     0.564706
38838     0.596078
38839     0.600000
38840     0.588235
38841     0.525490
38842     0.494118
38843     0.443137
38844     0.384314
38845     0.317647
38846     0.254902
38847     0.223529
38848     0.223529
38849     0.211765
38850     0.219608
38851     0.203922
38852     0.172549
38853     0.168627
38854     0.184314
38855     0.180392
38856     0.160784
38857     0.184314
38858     0.207843
38859     0.231373
38860     0.227451
38861     0.200000
38862     0.180392
38863     0.180392
38864     0.188235
38865     0.172549
38866     0.164706
38867     0.160784
38868     0.168627
38869     0.180392
38870     0.188235
38871     0.192157
38872     0.192157
38873     0.196078
38874     0.172549
38875     0.156863
38876     0.160784
38877     0.176471
38878     0.180392
38879     0.176471
38880     0.168627
38881     0.160784
38882     0.160784
38883     0.172549
38884     0.196078
38885     0.223529
38886     0.235294
38887     0.219608
38888     0.203922
38889     0.180392
38890     0.172549
38891     0.160784
38892     0.160784
38893     0.176471
38894     0.211765
38895     0.254902
38896     0.286275
38897     0.349020
38898     0.364706
38899     0.388235
38900     0.427451
38901     0.498039
38902     0.580392
38903     0.627451
38904     0.643137
38905     0.623529
38906     0.592157
38907     0.592157
38908     0.647059
38909     0.709804
38910     0.745098
38911     0.760784
38912     0.772549
38913     0.698039
38914     0.662745
38915     0.631373
38916     0.627451
38917     0.639216
38918     0.635294
38919     0.611765
38920     0.580392
38921     0.576471
38922     0.596078
38923     0.615686
38924     0.619608
38925     0.611765
38926     0.603922
38927     0.603922
38928     0.607843
38929     0.631373
38930     0.635294
38931     0.639216
38932     0.635294
38933     0.631373
38934     0.631373
38935     0.635294
38936     0.643137
38937     0.662745
38938     0.666667
38939     0.674510
38940     0.678431
38941     0.678431
38942     0.670588
38943     0.654902
38944     0.643137
38945     0.627451
38946     0.631373
38947     0.631373
38948     0.627451
38949     0.627451
38950     0.631373
38951     0.643137
38952     0.654902
38953     0.650980
38954     0.647059
38955     0.639216
38956     0.631373
38957     0.619608
38958     0.603922
38959     0.588235
38960     0.580392
38961     0.572549
38962     0.572549
38963     0.572549
38964     0.584314
38965     0.600000
38966     0.603922
38967     0.596078
38968     0.588235
38969     0.600000
38970     0.600000
38971     0.596078
38972     0.600000
38973     0.607843
38974     0.615686
38975     0.619608
38976     0.623529
38977     0.639216
38978     0.639216
38979     0.639216
38980     0.639216
38981     0.631373
38982     0.623529
38983     0.611765
38984     0.607843
38985     0.603922
38986     0.603922
38987     0.600000
38988     0.596078
38989     0.588235
38990     0.584314
38991     0.596078
38992     0.603922
38993     0.607843
38994     0.603922
38995     0.592157
38996     0.580392
38997     0.560784
38998     0.533333
38999     0.509804
39000     0.498039
39001     0.482353
39002     0.439216
39003     0.411765
39004     0.411765
39005     0.403922
39006     0.364706
39007     0.309804
39008     0.274510
39009     0.298039
39010     0.278431
39011     0.243137
39012     0.219608
39013     0.227451
39014     0.250980
39015     0.262745
39016     0.258824
39017     0.235294
39018     0.219608
39019     0.203922
39020     0.200000
39021     0.200000
39022     0.203922
39023     0.207843
39024     0.211765
39025     0.196078
39026     0.200000
39027     0.200000
39028     0.196078
39029     0.188235
39030     0.188235
39031     0.188235
39032     0.184314
39033     0.188235
39034     0.176471
39035     0.164706
39036     0.164706
39037     0.172549
39038     0.192157
39039     0.227451
39040     0.254902
39041     0.278431
39042     0.286275
39043     0.294118
39044     0.180392
39045     0.219608
39046     0.258824
39047     0.270588
39048     0.274510
39049     0.278431
39050     0.278431
39051     0.270588
39052     0.270588
39053     0.325490
39054     0.364706
39055     0.356863
39056     0.360784
39057     0.431373
39058     0.529412
39059     0.600000
39060     0.560784
39061     0.552941
39062     0.564706
39063     0.607843
39064     0.666667
39065     0.682353
39066     0.654902
39067     0.619608
39068     0.509804
39069     0.486275
39070     0.470588
39071     0.450980
39072     0.415686
39073     0.372549
39074     0.356863
39075     0.368627
39076     0.345098
39077     0.301961
39078     0.247059
39079     0.215686
39080     0.219608
39081     0.231373
39082     0.203922
39083     0.168627
39084     0.180392
39085     0.207843
39086     0.235294
39087     0.247059
39088     0.235294
39089     0.227451
39090     0.227451
39091     0.235294
39092     0.188235
39093     0.184314
39094     0.180392
39095     0.184314
39096     0.192157
39097     0.200000
39098     0.203922
39099     0.200000
39100     0.192157
39101     0.172549
39102     0.152941
39103     0.152941
39104     0.172549
39105     0.188235
39106     0.180392
39107     0.160784
39108     0.160784
39109     0.168627
39110     0.184314
39111     0.211765
39112     0.239216
39113     0.250980
39114     0.243137
39115     0.235294
39116     0.196078
39117     0.184314
39118     0.184314
39119     0.219608
39120     0.282353
39121     0.345098
39122     0.392157
39123     0.411765
39124     0.490196
39125     0.529412
39126     0.564706
39127     0.592157
39128     0.635294
39129     0.686275
39130     0.709804
39131     0.701961
39132     0.686275
39133     0.670588
39134     0.678431
39135     0.717647
39136     0.756863
39137     0.760784
39138     0.745098
39139     0.733333
39140     0.650980
39141     0.631373
39142     0.619608
39143     0.627451
39144     0.639216
39145     0.635294
39146     0.603922
39147     0.572549
39148     0.572549
39149     0.596078
39150     0.619608
39151     0.623529
39152     0.615686
39153     0.603922
39154     0.600000
39155     0.603922
39156     0.627451
39157     0.639216
39158     0.654902
39159     0.662745
39160     0.662745
39161     0.662745
39162     0.662745
39163     0.666667
39164     0.682353
39165     0.682353
39166     0.686275
39167     0.682353
39168     0.674510
39169     0.662745
39170     0.654902
39171     0.650980
39172     0.631373
39173     0.635294
39174     0.639216
39175     0.639216
39176     0.639216
39177     0.647059
39178     0.658824
39179     0.670588
39180     0.678431
39181     0.666667
39182     0.650980
39183     0.627451
39184     0.611765
39185     0.607843
39186     0.607843
39187     0.611765
39188     0.592157
39189     0.588235
39190     0.588235
39191     0.592157
39192     0.600000
39193     0.603922
39194     0.603922
39195     0.600000
39196     0.611765
39197     0.607843
39198     0.603922
39199     0.600000
39200     0.600000
39201     0.603922
39202     0.615686
39203     0.623529
39204     0.647059
39205     0.647059
39206     0.647059
39207     0.643137
39208     0.635294
39209     0.627451
39210     0.615686
39211     0.611765
39212     0.611765
39213     0.611765
39214     0.603922
39215     0.592157
39216     0.580392
39217     0.576471
39218     0.580392
39219     0.588235
39220     0.588235
39221     0.588235
39222     0.592157
39223     0.588235
39224     0.580392
39225     0.572549
39226     0.564706
39227     0.560784
39228     0.572549
39229     0.545098
39230     0.521569
39231     0.513726
39232     0.490196
39233     0.443137
39234     0.403922
39235     0.388235
39236     0.356863
39237     0.333333
39238     0.282353
39239     0.235294
39240     0.223529
39241     0.239216
39242     0.239216
39243     0.223529
39244     0.219608
39245     0.215686
39246     0.203922
39247     0.184314
39248     0.176471
39249     0.180392
39250     0.192157
39251     0.200000
39252     0.196078
39253     0.196078
39254     0.200000
39255     0.207843
39256     0.203922
39257     0.188235
39258     0.172549
39259     0.164706
39260     0.172549
39261     0.176471
39262     0.176471
39263     0.172549
39264     0.188235
39265     0.223529
39266     0.266667
39267     0.294118
39268     0.317647
39269     0.321569
39270     0.325490
39271     0.184314
39272     0.207843
39273     0.239216
39274     0.254902
39275     0.254902
39276     0.254902
39277     0.262745
39278     0.266667
39279     0.345098
39280     0.435294
39281     0.513726
39282     0.529412
39283     0.529412
39284     0.572549
39285     0.623529
39286     0.654902
39287     0.650980
39288     0.619608
39289     0.600000
39290     0.615686
39291     0.654902
39292     0.674510
39293     0.658824
39294     0.631373
39295     0.619608
39296     0.603922
39297     0.603922
39298     0.611765
39299     0.584314
39300     0.537255
39301     0.517647
39302     0.529412
39303     0.474510
39304     0.396078
39305     0.321569
39306     0.298039
39307     0.294118
39308     0.274510
39309     0.235294
39310     0.207843
39311     0.207843
39312     0.207843
39313     0.207843
39314     0.207843
39315     0.207843
39316     0.219608
39317     0.231373
39318     0.247059
39319     0.196078
39320     0.188235
39321     0.180392
39322     0.180392
39323     0.184314
39324     0.188235
39325     0.188235
39326     0.184314
39327     0.188235
39328     0.176471
39329     0.160784
39330     0.149020
39331     0.160784
39332     0.176471
39333     0.160784
39334     0.137255
39335     0.141176
39336     0.152941
39337     0.168627
39338     0.188235
39339     0.200000
39340     0.207843
39341     0.211765
39342     0.211765
39343     0.247059
39344     0.247059
39345     0.270588
39346     0.337255
39347     0.427451
39348     0.505882
39349     0.549020
39350     0.560784
39351     0.572549
39352     0.611765
39353     0.658824
39354     0.694118
39355     0.717647
39356     0.733333
39357     0.733333
39358     0.725490
39359     0.733333
39360     0.741176
39361     0.760784
39362     0.784314
39363     0.784314
39364     0.752941
39365     0.705882
39366     0.666667
39367     0.654902
39368     0.647059
39369     0.639216
39370     0.639216
39371     0.639216
39372     0.627451
39373     0.603922
39374     0.584314
39375     0.596078
39376     0.607843
39377     0.623529
39378     0.627451
39379     0.623529
39380     0.611765
39381     0.603922
39382     0.603922
39383     0.623529
39384     0.639216
39385     0.658824
39386     0.670588
39387     0.674510
39388     0.670588
39389     0.670588
39390     0.670588
39391     0.682353
39392     0.686275
39393     0.682353
39394     0.674510
39395     0.658824
39396     0.650980
39397     0.650980
39398     0.654902
39399     0.639216
39400     0.643137
39401     0.647059
39402     0.647059
39403     0.650980
39404     0.658824
39405     0.670588
39406     0.682353
39407     0.694118
39408     0.682353
39409     0.658824
39410     0.635294
39411     0.615686
39412     0.615686
39413     0.627451
39414     0.639216
39415     0.611765
39416     0.607843
39417     0.607843
39418     0.603922
39419     0.603922
39420     0.607843
39421     0.607843
39422     0.611765
39423     0.615686
39424     0.611765
39425     0.607843
39426     0.596078
39427     0.588235
39428     0.592157
39429     0.607843
39430     0.623529
39431     0.643137
39432     0.643137
39433     0.647059
39434     0.643137
39435     0.639216
39436     0.631373
39437     0.623529
39438     0.615686
39439     0.627451
39440     0.627451
39441     0.619608
39442     0.603922
39443     0.588235
39444     0.580392
39445     0.580392
39446     0.588235
39447     0.580392
39448     0.588235
39449     0.596078
39450     0.596078
39451     0.596078
39452     0.600000
39453     0.611765
39454     0.619608
39455     0.619608
39456     0.607843
39457     0.596078
39458     0.584314
39459     0.549020
39460     0.501961
39461     0.474510
39462     0.474510
39463     0.411765
39464     0.392157
39465     0.333333
39466     0.266667
39467     0.239216
39468     0.247059
39469     0.239216
39470     0.207843
39471     0.219608
39472     0.227451
39473     0.219608
39474     0.188235
39475     0.168627
39476     0.172549
39477     0.184314
39478     0.188235
39479     0.192157
39480     0.180392
39481     0.180392
39482     0.196078
39483     0.200000
39484     0.188235
39485     0.172549
39486     0.172549
39487     0.164706
39488     0.184314
39489     0.196078
39490     0.192157
39491     0.203922
39492     0.239216
39493     0.282353
39494     0.301961
39495     0.325490
39496     0.333333
39497     0.341176
39498     0.200000
39499     0.211765
39500     0.227451
39501     0.243137
39502     0.250980
39503     0.270588
39504     0.298039
39505     0.325490
39506     0.423529
39507     0.509804
39508     0.580392
39509     0.603922
39510     0.619608
39511     0.650980
39512     0.666667
39513     0.650980
39514     0.647059
39515     0.635294
39516     0.627451
39517     0.631373
39518     0.647059
39519     0.658824
39520     0.662745
39521     0.654902
39522     0.682353
39523     0.666667
39524     0.678431
39525     0.698039
39526     0.666667
39527     0.600000
39528     0.564706
39529     0.572549
39530     0.576471
39531     0.494118
39532     0.439216
39533     0.439216
39534     0.419608
39535     0.360784
39536     0.329412
39537     0.341176
39538     0.341176
39539     0.321569
39540     0.290196
39541     0.266667
39542     0.254902
39543     0.247059
39544     0.239216
39545     0.231373
39546     0.200000
39547     0.188235
39548     0.176471
39549     0.172549
39550     0.172549
39551     0.172549
39552     0.164706
39553     0.160784
39554     0.176471
39555     0.180392
39556     0.172549
39557     0.160784
39558     0.164706
39559     0.176471
39560     0.164706
39561     0.137255
39562     0.149020
39563     0.168627
39564     0.196078
39565     0.203922
39566     0.207843
39567     0.211765
39568     0.231373
39569     0.247059
39570     0.333333
39571     0.352941
39572     0.400000
39573     0.470588
39574     0.545098
39575     0.603922
39576     0.635294
39577     0.647059
39578     0.631373
39579     0.647059
39580     0.686275
39581     0.733333
39582     0.756863
39583     0.756863
39584     0.745098
39585     0.737255
39586     0.756863
39587     0.768627
39588     0.776471
39589     0.768627
39590     0.749020
39591     0.717647
39592     0.682353
39593     0.658824
39594     0.674510
39595     0.666667
39596     0.654902
39597     0.639216
39598     0.623529
39599     0.619608
39600     0.619608
39601     0.619608
39602     0.623529
39603     0.619608
39604     0.619608
39605     0.619608
39606     0.623529
39607     0.619608
39608     0.607843
39609     0.600000
39610     0.623529
39611     0.635294
39612     0.650980
39613     0.658824
39614     0.658824
39615     0.662745
39616     0.666667
39617     0.674510
39618     0.678431
39619     0.678431
39620     0.674510
39621     0.658824
39622     0.643137
39623     0.639216
39624     0.650980
39625     0.662745
39626     0.654902
39627     0.658824
39628     0.662745
39629     0.658824
39630     0.654902
39631     0.658824
39632     0.674510
39633     0.682353
39634     0.694118
39635     0.686275
39636     0.674510
39637     0.650980
39638     0.631373
39639     0.627451
39640     0.639216
39641     0.654902
39642     0.627451
39643     0.627451
39644     0.619608
39645     0.611765
39646     0.603922
39647     0.603922
39648     0.611765
39649     0.615686
39650     0.615686
39651     0.611765
39652     0.603922
39653     0.588235
39654     0.576471
39655     0.580392
39656     0.600000
39657     0.615686
39658     0.631373
39659     0.631373
39660     0.635294
39661     0.639216
39662     0.639216
39663     0.631373
39664     0.627451
39665     0.623529
39666     0.631373
39667     0.627451
39668     0.619608
39669     0.603922
39670     0.588235
39671     0.580392
39672     0.584314
39673     0.588235
39674     0.580392
39675     0.588235
39676     0.596078
39677     0.596078
39678     0.596078
39679     0.607843
39680     0.627451
39681     0.643137
39682     0.639216
39683     0.627451
39684     0.627451
39685     0.623529
39686     0.600000
39687     0.552941
39688     0.521569
39689     0.517647
39690     0.466667
39691     0.450980
39692     0.392157
39693     0.317647
39694     0.290196
39695     0.298039
39696     0.278431
39697     0.239216
39698     0.235294
39699     0.254902
39700     0.250980
39701     0.211765
39702     0.180392
39703     0.184314
39704     0.192157
39705     0.196078
39706     0.196078
39707     0.172549
39708     0.160784
39709     0.180392
39710     0.196078
39711     0.200000
39712     0.207843
39713     0.223529
39714     0.227451
39715     0.258824
39716     0.270588
39717     0.258824
39718     0.258824
39719     0.282353
39720     0.309804
39721     0.317647
39722     0.329412
39723     0.337255
39724     0.349020
39725     0.235294
39726     0.239216
39727     0.250980
39728     0.266667
39729     0.290196
39730     0.325490
39731     0.384314
39732     0.431373
39733     0.462745
39734     0.521569
39735     0.564706
39736     0.580392
39737     0.619608
39738     0.670588
39739     0.682353
39740     0.650980
39741     0.666667
39742     0.686275
39743     0.705882
39744     0.705882
39745     0.686275
39746     0.670588
39747     0.666667
39748     0.666667
39749     0.682353
39750     0.674510
39751     0.701961
39752     0.741176
39753     0.721569
39754     0.654902
39755     0.619608
39756     0.627451
39757     0.650980
39758     0.580392
39759     0.552941
39760     0.580392
39761     0.552941
39762     0.474510
39763     0.454902
39764     0.501961
39765     0.529412
39766     0.498039
39767     0.458824
39768     0.423529
39769     0.392157
39770     0.349020
39771     0.294118
39772     0.254902
39773     0.219608
39774     0.207843
39775     0.196078
39776     0.188235
39777     0.184314
39778     0.180392
39779     0.172549
39780     0.164706
39781     0.160784
39782     0.176471
39783     0.180392
39784     0.172549
39785     0.180392
39786     0.196078
39787     0.188235
39788     0.164706
39789     0.200000
39790     0.231373
39791     0.262745
39792     0.274510
39793     0.270588
39794     0.282353
39795     0.313726
39796     0.345098
39797     0.403922
39798     0.443137
39799     0.501961
39800     0.556863
39801     0.600000
39802     0.627451
39803     0.647059
39804     0.662745
39805     0.690196
39806     0.678431
39807     0.701961
39808     0.760784
39809     0.800000
39810     0.788235
39811     0.768627
39812     0.764706
39813     0.772549
39814     0.772549
39815     0.756863
39816     0.721569
39817     0.694118
39818     0.690196
39819     0.698039
39820     0.705882
39821     0.674510
39822     0.666667
39823     0.650980
39824     0.623529
39825     0.603922
39826     0.607843
39827     0.631373
39828     0.654902
39829     0.631373
39830     0.619608
39831     0.607843
39832     0.607843
39833     0.615686
39834     0.615686
39835     0.603922
39836     0.592157
39837     0.631373
39838     0.635294
39839     0.639216
39840     0.639216
39841     0.643137
39842     0.647059
39843     0.662745
39844     0.674510
39845     0.674510
39846     0.674510
39847     0.666667
39848     0.647059
39849     0.635294
39850     0.635294
39851     0.654902
39852     0.670588
39853     0.670588
39854     0.670588
39855     0.670588
39856     0.662745
39857     0.658824
39858     0.658824
39859     0.670588
39860     0.678431
39861     0.686275
39862     0.690196
39863     0.682353
39864     0.666667
39865     0.647059
39866     0.639216
39867     0.647059
39868     0.658824
39869     0.635294
39870     0.631373
39871     0.623529
39872     0.611765
39873     0.603922
39874     0.600000
39875     0.607843
39876     0.615686
39877     0.611765
39878     0.607843
39879     0.600000
39880     0.580392
39881     0.564706
39882     0.568627
39883     0.588235
39884     0.607843
39885     0.619608
39886     0.623529
39887     0.627451
39888     0.631373
39889     0.635294
39890     0.631373
39891     0.627451
39892     0.623529
39893     0.619608
39894     0.615686
39895     0.611765
39896     0.596078
39897     0.580392
39898     0.576471
39899     0.580392
39900     0.584314
39901     0.580392
39902     0.584314
39903     0.588235
39904     0.588235
39905     0.588235
39906     0.600000
39907     0.623529
39908     0.647059
39909     0.658824
39910     0.650980
39911     0.650980
39912     0.662745
39913     0.650980
39914     0.603922
39915     0.564706
39916     0.545098
39917     0.505882
39918     0.498039
39919     0.443137
39920     0.368627
39921     0.341176
39922     0.349020
39923     0.333333
39924     0.290196
39925     0.254902
39926     0.282353
39927     0.278431
39928     0.235294
39929     0.200000
39930     0.196078
39931     0.207843
39932     0.207843
39933     0.211765
39934     0.172549
39935     0.152941
39936     0.172549
39937     0.200000
39938     0.215686
39939     0.243137
39940     0.274510
39941     0.325490
39942     0.356863
39943     0.372549
39944     0.352941
39945     0.337255
39946     0.352941
39947     0.368627
39948     0.364706
39949     0.356863
39950     0.364706
39951     0.372549
39952     0.200000
39953     0.231373
39954     0.262745
39955     0.286275
39956     0.329412
39957     0.388235
39958     0.435294
39959     0.458824
39960     0.549020
39961     0.545098
39962     0.556863
39963     0.588235
39964     0.631373
39965     0.658824
39966     0.658824
39967     0.647059
39968     0.686275
39969     0.694118
39970     0.705882
39971     0.717647
39972     0.721569
39973     0.717647
39974     0.713726
39975     0.709804
39976     0.701961
39977     0.701961
39978     0.709804
39979     0.725490
39980     0.737255
39981     0.741176
39982     0.725490
39983     0.709804
39984     0.690196
39985     0.674510
39986     0.650980
39987     0.627451
39988     0.607843
39989     0.600000
39990     0.600000
39991     0.600000
39992     0.564706
39993     0.541176
39994     0.501961
39995     0.458824
39996     0.423529
39997     0.392157
39998     0.364706
39999     0.349020
40000     0.290196
40001     0.250980
40002     0.223529
40003     0.207843
40004     0.184314
40005     0.164706
40006     0.172549
40007     0.200000
40008     0.184314
40009     0.192157
40010     0.172549
40011     0.133333
40012     0.133333
40013     0.188235
40014     0.270588
40015     0.321569
40016     0.368627
40017     0.356863
40018     0.329412
40019     0.309804
40020     0.321569
40021     0.368627
40022     0.423529
40023     0.454902
40024     0.525490
40025     0.556863
40026     0.584314
40027     0.600000
40028     0.635294
40029     0.682353
40030     0.701961
40031     0.694118
40032     0.717647
40033     0.721569
40034     0.737255
40035     0.760784
40036     0.780392
40037     0.776471
40038     0.756863
40039     0.737255
40040     0.725490
40041     0.729412
40042     0.725490
40043     0.709804
40044     0.690196
40045     0.674510
40046     0.666667
40047     0.662745
40048     0.670588
40049     0.666667
40050     0.654902
40051     0.639216
40052     0.627451
40053     0.623529
40054     0.627451
40055     0.635294
40056     0.611765
40057     0.619608
40058     0.619608
40059     0.603922
40060     0.580392
40061     0.580392
40062     0.600000
40063     0.619608
40064     0.615686
40065     0.623529
40066     0.631373
40067     0.643137
40068     0.647059
40069     0.647059
40070     0.643137
40071     0.639216
40072     0.647059
40073     0.650980
40074     0.647059
40075     0.643137
40076     0.639216
40077     0.647059
40078     0.662745
40079     0.674510
40080     0.662745
40081     0.666667
40082     0.666667
40083     0.658824
40084     0.647059
40085     0.654902
40086     0.674510
40087     0.694118
40088     0.674510
40089     0.674510
40090     0.670588
40091     0.666667
40092     0.662745
40093     0.654902
40094     0.647059
40095     0.647059
40096     0.658824
40097     0.639216
40098     0.607843
40099     0.584314
40100     0.576471
40101     0.588235
40102     0.607843
40103     0.619608
40104     0.611765
40105     0.596078
40106     0.568627
40107     0.552941
40108     0.545098
40109     0.556863
40110     0.572549
40111     0.588235
40112     0.623529
40113     0.631373
40114     0.631373
40115     0.619608
40116     0.603922
40117     0.600000
40118     0.611765
40119     0.623529
40120     0.615686
40121     0.607843
40122     0.596078
40123     0.584314
40124     0.576471
40125     0.572549
40126     0.572549
40127     0.572549
40128     0.572549
40129     0.564706
40130     0.556863
40131     0.568627
40132     0.592157
40133     0.611765
40134     0.615686
40135     0.611765
40136     0.627451
40137     0.627451
40138     0.627451
40139     0.623529
40140     0.623529
40141     0.619608
40142     0.619608
40143     0.615686
40144     0.572549
40145     0.552941
40146     0.517647
40147     0.478431
40148     0.443137
40149     0.407843
40150     0.380392
40151     0.360784
40152     0.305882
40153     0.313726
40154     0.317647
40155     0.309804
40156     0.282353
40157     0.262745
40158     0.262745
40159     0.274510
40160     0.266667
40161     0.207843
40162     0.188235
40163     0.254902
40164     0.329412
40165     0.364706
40166     0.384314
40167     0.411765
40168     0.466667
40169     0.447059
40170     0.427451
40171     0.423529
40172     0.431373
40173     0.435294
40174     0.427451
40175     0.419608
40176     0.403922
40177     0.392157
40178     0.376471
40179     0.211765
40180     0.247059
40181     0.286275
40182     0.317647
40183     0.356863
40184     0.407843
40185     0.450980
40186     0.466667
40187     0.541176
40188     0.545098
40189     0.560784
40190     0.592157
40191     0.623529
40192     0.647059
40193     0.654902
40194     0.650980
40195     0.682353
40196     0.690196
40197     0.698039
40198     0.705882
40199     0.709804
40200     0.709804
40201     0.705882
40202     0.701961
40203     0.698039
40204     0.694118
40205     0.698039
40206     0.709804
40207     0.721569
40208     0.721569
40209     0.705882
40210     0.694118
40211     0.682353
40212     0.670588
40213     0.654902
40214     0.639216
40215     0.627451
40216     0.619608
40217     0.619608
40218     0.619608
40219     0.592157
40220     0.572549
40221     0.541176
40222     0.509804
40223     0.478431
40224     0.443137
40225     0.411765
40226     0.392157
40227     0.341176
40228     0.290196
40229     0.239216
40230     0.223529
40231     0.211765
40232     0.196078
40233     0.196078
40234     0.207843
40235     0.219608
40236     0.231373
40237     0.227451
40238     0.211765
40239     0.219608
40240     0.266667
40241     0.321569
40242     0.349020
40243     0.368627
40244     0.380392
40245     0.384314
40246     0.376471
40247     0.380392
40248     0.419608
40249     0.478431
40250     0.521569
40251     0.529412
40252     0.556863
40253     0.588235
40254     0.615686
40255     0.658824
40256     0.717647
40257     0.745098
40258     0.741176
40259     0.760784
40260     0.756863
40261     0.756863
40262     0.756863
40263     0.756863
40264     0.737255
40265     0.709804
40266     0.690196
40267     0.678431
40268     0.682353
40269     0.682353
40270     0.674510
40271     0.658824
40272     0.647059
40273     0.647059
40274     0.647059
40275     0.670588
40276     0.666667
40277     0.658824
40278     0.647059
40279     0.635294
40280     0.631373
40281     0.635294
40282     0.639216
40283     0.619608
40284     0.619608
40285     0.611765
40286     0.588235
40287     0.564706
40288     0.564706
40289     0.584314
40290     0.607843
40291     0.607843
40292     0.611765
40293     0.619608
40294     0.627451
40295     0.627451
40296     0.627451
40297     0.627451
40298     0.623529
40299     0.647059
40300     0.650980
40301     0.650980
40302     0.647059
40303     0.643137
40304     0.650980
40305     0.662745
40306     0.678431
40307     0.666667
40308     0.666667
40309     0.666667
40310     0.662745
40311     0.662745
40312     0.670588
40313     0.686275
40314     0.698039
40315     0.678431
40316     0.678431
40317     0.678431
40318     0.674510
40319     0.670588
40320     0.662745
40321     0.650980
40322     0.647059
40323     0.623529
40324     0.603922
40325     0.580392
40326     0.560784
40327     0.560784
40328     0.572549
40329     0.584314
40330     0.596078
40331     0.588235
40332     0.576471
40333     0.552941
40334     0.533333
40335     0.533333
40336     0.545098
40337     0.560784
40338     0.576471
40339     0.596078
40340     0.603922
40341     0.611765
40342     0.611765
40343     0.607843
40344     0.611765
40345     0.619608
40346     0.631373
40347     0.623529
40348     0.615686
40349     0.600000
40350     0.584314
40351     0.572549
40352     0.564706
40353     0.564706
40354     0.564706
40355     0.568627
40356     0.564706
40357     0.560784
40358     0.568627
40359     0.588235
40360     0.611765
40361     0.627451
40362     0.631373
40363     0.639216
40364     0.639216
40365     0.639216
40366     0.635294
40367     0.635294
40368     0.631373
40369     0.627451
40370     0.627451
40371     0.607843
40372     0.584314
40373     0.552941
40374     0.525490
40375     0.501961
40376     0.474510
40377     0.443137
40378     0.419608
40379     0.349020
40380     0.329412
40381     0.325490
40382     0.345098
40383     0.345098
40384     0.317647
40385     0.298039
40386     0.298039
40387     0.270588
40388     0.274510
40389     0.345098
40390     0.478431
40391     0.580392
40392     0.603922
40393     0.603922
40394     0.607843
40395     0.549020
40396     0.529412
40397     0.498039
40398     0.474510
40399     0.462745
40400     0.458824
40401     0.454902
40402     0.450980
40403     0.431373
40404     0.415686
40405     0.400000
40406     0.239216
40407     0.286275
40408     0.337255
40409     0.368627
40410     0.400000
40411     0.443137
40412     0.474510
40413     0.486275
40414     0.529412
40415     0.545098
40416     0.568627
40417     0.592157
40418     0.611765
40419     0.627451
40420     0.647059
40421     0.658824
40422     0.670588
40423     0.674510
40424     0.682353
40425     0.690196
40426     0.694118
40427     0.690196
40428     0.686275
40429     0.682353
40430     0.678431
40431     0.678431
40432     0.678431
40433     0.682353
40434     0.686275
40435     0.682353
40436     0.670588
40437     0.658824
40438     0.650980
40439     0.650980
40440     0.647059
40441     0.643137
40442     0.639216
40443     0.635294
40444     0.635294
40445     0.631373
40446     0.623529
40447     0.611765
40448     0.596078
40449     0.580392
40450     0.556863
40451     0.521569
40452     0.486275
40453     0.462745
40454     0.360784
40455     0.309804
40456     0.266667
40457     0.258824
40458     0.274510
40459     0.278431
40460     0.278431
40461     0.278431
40462     0.290196
40463     0.305882
40464     0.317647
40465     0.321569
40466     0.341176
40467     0.376471
40468     0.396078
40469     0.396078
40470     0.376471
40471     0.407843
40472     0.443137
40473     0.462745
40474     0.470588
40475     0.498039
40476     0.552941
40477     0.603922
40478     0.596078
40479     0.615686
40480     0.643137
40481     0.670588
40482     0.717647
40483     0.764706
40484     0.784314
40485     0.784314
40486     0.772549
40487     0.764706
40488     0.749020
40489     0.729412
40490     0.709804
40491     0.686275
40492     0.658824
40493     0.639216
40494     0.631373
40495     0.639216
40496     0.643137
40497     0.639216
40498     0.631373
40499     0.627451
40500     0.631373
40501     0.639216
40502     0.670588
40503     0.662745
40504     0.654902
40505     0.650980
40506     0.643137
40507     0.639216
40508     0.639216
40509     0.639216
40510     0.631373
40511     0.623529
40512     0.600000
40513     0.572549
40514     0.549020
40515     0.552941
40516     0.576471
40517     0.603922
40518     0.619608
40519     0.619608
40520     0.619608
40521     0.619608
40522     0.619608
40523     0.619608
40524     0.619608
40525     0.619608
40526     0.639216
40527     0.643137
40528     0.647059
40529     0.647059
40530     0.647059
40531     0.650980
40532     0.666667
40533     0.678431
40534     0.674510
40535     0.666667
40536     0.662745
40537     0.670588
40538     0.682353
40539     0.694118
40540     0.701961
40541     0.705882
40542     0.682353
40543     0.682353
40544     0.686275
40545     0.682353
40546     0.674510
40547     0.666667
40548     0.654902
40549     0.650980
40550     0.603922
40551     0.584314
40552     0.560784
40553     0.549020
40554     0.549020
40555     0.560784
40556     0.568627
40557     0.572549
40558     0.564706
40559     0.552941
40560     0.533333
40561     0.521569
40562     0.521569
40563     0.533333
40564     0.552941
40565     0.568627
40566     0.580392
40567     0.592157
40568     0.611765
40569     0.623529
40570     0.631373
40571     0.635294
40572     0.643137
40573     0.650980
40574     0.639216
40575     0.623529
40576     0.603922
40577     0.580392
40578     0.568627
40579     0.560784
40580     0.560784
40581     0.564706
40582     0.564706
40583     0.564706
40584     0.568627
40585     0.572549
40586     0.580392
40587     0.603922
40588     0.631373
40589     0.650980
40590     0.639216
40591     0.639216
40592     0.639216
40593     0.639216
40594     0.635294
40595     0.631373
40596     0.627451
40597     0.623529
40598     0.623529
40599     0.600000
40600     0.576471
40601     0.568627
40602     0.564706
40603     0.552941
40604     0.525490
40605     0.501961
40606     0.419608
40607     0.364706
40608     0.345098
40609     0.388235
40610     0.407843
40611     0.380392
40612     0.352941
40613     0.356863
40614     0.376471
40615     0.411765
40616     0.509804
40617     0.635294
40618     0.705882
40619     0.694118
40620     0.658824
40621     0.643137
40622     0.619608
40623     0.603922
40624     0.572549
40625     0.537255
40626     0.505882
40627     0.494118
40628     0.498039
40629     0.505882
40630     0.458824
40631     0.443137
40632     0.427451
40633     0.286275
40634     0.341176
40635     0.400000
40636     0.431373
40637     0.450980
40638     0.482353
40639     0.501961
40640     0.505882
40641     0.521569
40642     0.545098
40643     0.572549
40644     0.588235
40645     0.596078
40646     0.611765
40647     0.639216
40648     0.658824
40649     0.654902
40650     0.658824
40651     0.662745
40652     0.666667
40653     0.666667
40654     0.666667
40655     0.662745
40656     0.658824
40657     0.654902
40658     0.650980
40659     0.647059
40660     0.643137
40661     0.639216
40662     0.635294
40663     0.627451
40664     0.619608
40665     0.611765
40666     0.615686
40667     0.623529
40668     0.631373
40669     0.635294
40670     0.635294
40671     0.631373
40672     0.631373
40673     0.635294
40674     0.635294
40675     0.635294
40676     0.635294
40677     0.623529
40678     0.600000
40679     0.568627
40680     0.545098
40681     0.443137
40682     0.419608
40683     0.396078
40684     0.388235
40685     0.396078
40686     0.400000
40687     0.396078
40688     0.396078
40689     0.400000
40690     0.411765
40691     0.423529
40692     0.435294
40693     0.458824
40694     0.482353
40695     0.478431
40696     0.454902
40697     0.419608
40698     0.447059
40699     0.498039
40700     0.541176
40701     0.568627
40702     0.592157
40703     0.627451
40704     0.666667
40705     0.717647
40706     0.725490
40707     0.737255
40708     0.760784
40709     0.784314
40710     0.800000
40711     0.792157
40712     0.776471
40713     0.733333
40714     0.721569
40715     0.705882
40716     0.686275
40717     0.666667
40718     0.647059
40719     0.631373
40720     0.619608
40721     0.619608
40722     0.623529
40723     0.631373
40724     0.627451
40725     0.623529
40726     0.627451
40727     0.635294
40728     0.643137
40729     0.662745
40730     0.654902
40731     0.650980
40732     0.647059
40733     0.647059
40734     0.643137
40735     0.635294
40736     0.631373
40737     0.635294
40738     0.619608
40739     0.596078
40740     0.564706
40741     0.552941
40742     0.564706
40743     0.592157
40744     0.615686
40745     0.643137
40746     0.639216
40747     0.635294
40748     0.631373
40749     0.627451
40750     0.627451
40751     0.631373
40752     0.631373
40753     0.631373
40754     0.635294
40755     0.639216
40756     0.643137
40757     0.643137
40758     0.647059
40759     0.658824
40760     0.670588
40761     0.678431
40762     0.666667
40763     0.662745
40764     0.674510
40765     0.698039
40766     0.709804
40767     0.709804
40768     0.705882
40769     0.678431
40770     0.682353
40771     0.682353
40772     0.682353
40773     0.674510
40774     0.666667
40775     0.658824
40776     0.650980
40777     0.619608
40778     0.596078
40779     0.572549
40780     0.556863
40781     0.560784
40782     0.564706
40783     0.564706
40784     0.564706
40785     0.552941
40786     0.545098
40787     0.533333
40788     0.525490
40789     0.533333
40790     0.545098
40791     0.564706
40792     0.576471
40793     0.592157
40794     0.607843
40795     0.627451
40796     0.647059
40797     0.662745
40798     0.666667
40799     0.670588
40800     0.670588
40801     0.643137
40802     0.631373
40803     0.611765
40804     0.588235
40805     0.576471
40806     0.572549
40807     0.576471
40808     0.576471
40809     0.572549
40810     0.576471
40811     0.576471
40812     0.572549
40813     0.568627
40814     0.584314
40815     0.615686
40816     0.643137
40817     0.623529
40818     0.623529
40819     0.627451
40820     0.627451
40821     0.623529
40822     0.615686
40823     0.611765
40824     0.607843
40825     0.600000
40826     0.584314
40827     0.572549
40828     0.584314
40829     0.603922
40830     0.603922
40831     0.584314
40832     0.560784
40833     0.478431
40834     0.407843
40835     0.384314
40836     0.427451
40837     0.458824
40838     0.439216
40839     0.443137
40840     0.474510
40841     0.576471
40842     0.584314
40843     0.615686
40844     0.654902
40845     0.662745
40846     0.627451
40847     0.596078
40848     0.588235
40849     0.635294
40850     0.631373
40851     0.615686
40852     0.584314
40853     0.552941
40854     0.537255
40855     0.541176
40856     0.549020
40857     0.478431
40858     0.466667
40859     0.450980
40860     0.345098
40861     0.403922
40862     0.458824
40863     0.478431
40864     0.490196
40865     0.505882
40866     0.521569
40867     0.525490
40868     0.513726
40869     0.541176
40870     0.572549
40871     0.584314
40872     0.584314
40873     0.600000
40874     0.627451
40875     0.658824
40876     0.643137
40877     0.643137
40878     0.647059
40879     0.647059
40880     0.647059
40881     0.643137
40882     0.643137
40883     0.639216
40884     0.631373
40885     0.627451
40886     0.623529
40887     0.611765
40888     0.600000
40889     0.592157
40890     0.592157
40891     0.592157
40892     0.592157
40893     0.600000
40894     0.611765
40895     0.623529
40896     0.631373
40897     0.631373
40898     0.631373
40899     0.631373
40900     0.631373
40901     0.635294
40902     0.647059
40903     0.658824
40904     0.662745
40905     0.650980
40906     0.627451
40907     0.607843
40908     0.600000
40909     0.607843
40910     0.603922
40911     0.580392
40912     0.549020
40913     0.529412
40914     0.521569
40915     0.517647
40916     0.541176
40917     0.545098
40918     0.541176
40919     0.545098
40920     0.564706
40921     0.584314
40922     0.572549
40923     0.545098
40924     0.529412
40925     0.533333
40926     0.572549
40927     0.631373
40928     0.678431
40929     0.694118
40930     0.705882
40931     0.725490
40932     0.800000
40933     0.792157
40934     0.792157
40935     0.803922
40936     0.811765
40937     0.796078
40938     0.760784
40939     0.737255
40940     0.694118
40941     0.686275
40942     0.674510
40943     0.654902
40944     0.639216
40945     0.627451
40946     0.623529
40947     0.623529
40948     0.623529
40949     0.627451
40950     0.631373
40951     0.627451
40952     0.623529
40953     0.627451
40954     0.635294
40955     0.647059
40956     0.654902
40957     0.647059
40958     0.643137
40959     0.643137
40960     0.647059
40961     0.639216
40962     0.627451
40963     0.611765
40964     0.627451
40965     0.611765
40966     0.588235
40967     0.568627
40968     0.568627
40969     0.584314
40970     0.615686
40971     0.639216
40972     0.654902
40973     0.650980
40974     0.647059
40975     0.643137
40976     0.639216
40977     0.639216
40978     0.639216
40979     0.643137
40980     0.623529
40981     0.631373
40982     0.635294
40983     0.639216
40984     0.635294
40985     0.639216
40986     0.650980
40987     0.658824
40988     0.674510
40989     0.666667
40990     0.666667
40991     0.678431
40992     0.698039
40993     0.709804
40994     0.701961
40995     0.694118
40996     0.674510
40997     0.674510
40998     0.674510
40999     0.670588
41000     0.666667
41001     0.666667
41002     0.662745
41003     0.662745
41004     0.647059
41005     0.619608
41006     0.584314
41007     0.568627
41008     0.568627
41009     0.568627
41010     0.560784
41011     0.552941
41012     0.556863
41013     0.552941
41014     0.552941
41015     0.556863
41016     0.564706
41017     0.580392
41018     0.592157
41019     0.600000
41020     0.615686
41021     0.627451
41022     0.643137
41023     0.662745
41024     0.674510
41025     0.678431
41026     0.670588
41027     0.662745
41028     0.647059
41029     0.635294
41030     0.619608
41031     0.603922
41032     0.592157
41033     0.592157
41034     0.596078
41035     0.600000
41036     0.588235
41037     0.588235
41038     0.584314
41039     0.568627
41040     0.556863
41041     0.564706
41042     0.588235
41043     0.611765
41044     0.600000
41045     0.603922
41046     0.611765
41047     0.615686
41048     0.611765
41049     0.607843
41050     0.600000
41051     0.592157
41052     0.584314
41053     0.576471
41054     0.576471
41055     0.592157
41056     0.611765
41057     0.611765
41058     0.592157
41059     0.568627
41060     0.513726
41061     0.466667
41062     0.450980
41063     0.490196
41064     0.517647
41065     0.525490
41066     0.576471
41067     0.639216
41068     0.721569
41069     0.701961
41070     0.678431
41071     0.662745
41072     0.643137
41073     0.631373
41074     0.635294
41075     0.647059
41076     0.635294
41077     0.643137
41078     0.643137
41079     0.627451
41080     0.600000
41081     0.576471
41082     0.568627
41083     0.572549
41084     0.505882
41085     0.498039
41086     0.490196
41087     0.403922
41088     0.454902
41089     0.501961
41090     0.505882
41091     0.498039
41092     0.505882
41093     0.521569
41094     0.529412
41095     0.517647
41096     0.537255
41097     0.560784
41098     0.572549
41099     0.576471
41100     0.592157
41101     0.623529
41102     0.650980
41103     0.643137
41104     0.643137
41105     0.643137
41106     0.639216
41107     0.635294
41108     0.635294
41109     0.631373
41110     0.631373
41111     0.631373
41112     0.627451
41113     0.619608
41114     0.603922
41115     0.588235
41116     0.580392
41117     0.584314
41118     0.588235
41119     0.603922
41120     0.611765
41121     0.619608
41122     0.631373
41123     0.635294
41124     0.639216
41125     0.639216
41126     0.635294
41127     0.627451
41128     0.631373
41129     0.639216
41130     0.654902
41131     0.662745
41132     0.662745
41133     0.654902
41134     0.643137
41135     0.662745
41136     0.694118
41137     0.705882
41138     0.682353
41139     0.647059
41140     0.635294
41141     0.639216
41142     0.643137
41143     0.670588
41144     0.670588
41145     0.658824
41146     0.647059
41147     0.658824
41148     0.674510
41149     0.666667
41150     0.647059
41151     0.662745
41152     0.643137
41153     0.658824
41154     0.717647
41155     0.756863
41156     0.760784
41157     0.760784
41158     0.772549
41159     0.788235
41160     0.764706
41161     0.752941
41162     0.768627
41163     0.772549
41164     0.745098
41165     0.709804
41166     0.690196
41167     0.682353
41168     0.678431
41169     0.666667
41170     0.650980
41171     0.635294
41172     0.623529
41173     0.627451
41174     0.631373
41175     0.623529
41176     0.623529
41177     0.627451
41178     0.623529
41179     0.619608
41180     0.623529
41181     0.635294
41182     0.647059
41183     0.654902
41184     0.647059
41185     0.643137
41186     0.643137
41187     0.647059
41188     0.639216
41189     0.615686
41190     0.596078
41191     0.600000
41192     0.592157
41193     0.580392
41194     0.572549
41195     0.580392
41196     0.600000
41197     0.623529
41198     0.639216
41199     0.650980
41200     0.650980
41201     0.650980
41202     0.647059
41203     0.647059
41204     0.643137
41205     0.643137
41206     0.639216
41207     0.627451
41208     0.631373
41209     0.639216
41210     0.639216
41211     0.635294
41212     0.635294
41213     0.643137
41214     0.650980
41215     0.666667
41216     0.666667
41217     0.670588
41218     0.682353
41219     0.690196
41220     0.690196
41221     0.682353
41222     0.674510
41223     0.674510
41224     0.670588
41225     0.662745
41226     0.658824
41227     0.662745
41228     0.666667
41229     0.674510
41230     0.678431
41231     0.662745
41232     0.627451
41233     0.584314
41234     0.564706
41235     0.564706
41236     0.564706
41237     0.556863
41238     0.541176
41239     0.556863
41240     0.564706
41241     0.580392
41242     0.592157
41243     0.607843
41244     0.615686
41245     0.619608
41246     0.623529
41247     0.631373
41248     0.635294
41249     0.643137
41250     0.654902
41251     0.666667
41252     0.662745
41253     0.650980
41254     0.639216
41255     0.647059
41256     0.639216
41257     0.627451
41258     0.619608
41259     0.611765
41260     0.607843
41261     0.603922
41262     0.603922
41263     0.596078
41264     0.592157
41265     0.576471
41266     0.560784
41267     0.549020
41268     0.549020
41269     0.560784
41270     0.572549
41271     0.580392
41272     0.584314
41273     0.596078
41274     0.603922
41275     0.603922
41276     0.600000
41277     0.592157
41278     0.588235
41279     0.592157
41280     0.596078
41281     0.600000
41282     0.607843
41283     0.607843
41284     0.596078
41285     0.576471
41286     0.556863
41287     0.533333
41288     0.537255
41289     0.552941
41290     0.580392
41291     0.603922
41292     0.635294
41293     0.698039
41294     0.756863
41295     0.737255
41296     0.717647
41297     0.690196
41298     0.670588
41299     0.662745
41300     0.670588
41301     0.686275
41302     0.698039
41303     0.662745
41304     0.666667
41305     0.670588
41306     0.658824
41307     0.635294
41308     0.611765
41309     0.588235
41310     0.580392
41311     0.552941
41312     0.545098
41313     0.541176
41314     0.447059
41315     0.490196
41316     0.521569
41317     0.509804
41318     0.490196
41319     0.490196
41320     0.505882
41321     0.517647
41322     0.521569
41323     0.533333
41324     0.552941
41325     0.564706
41326     0.572549
41327     0.592157
41328     0.619608
41329     0.639216
41330     0.654902
41331     0.650980
41332     0.647059
41333     0.643137
41334     0.639216
41335     0.639216
41336     0.635294
41337     0.635294
41338     0.647059
41339     0.647059
41340     0.635294
41341     0.615686
41342     0.600000
41343     0.592157
41344     0.600000
41345     0.611765
41346     0.623529
41347     0.627451
41348     0.631373
41349     0.635294
41350     0.635294
41351     0.639216
41352     0.639216
41353     0.639216
41354     0.635294
41355     0.631373
41356     0.631373
41357     0.639216
41358     0.650980
41359     0.654902
41360     0.654902
41361     0.650980
41362     0.650980
41363     0.678431
41364     0.694118
41365     0.682353
41366     0.682353
41367     0.701961
41368     0.721569
41369     0.725490
41370     0.745098
41371     0.745098
41372     0.737255
41373     0.717647
41374     0.721569
41375     0.737255
41376     0.737255
41377     0.725490
41378     0.745098
41379     0.717647
41380     0.717647
41381     0.752941
41382     0.768627
41383     0.752941
41384     0.756863
41385     0.784314
41386     0.741176
41387     0.698039
41388     0.670588
41389     0.682353
41390     0.690196
41391     0.678431
41392     0.658824
41393     0.654902
41394     0.662745
41395     0.666667
41396     0.662745
41397     0.647059
41398     0.631373
41399     0.619608
41400     0.623529
41401     0.631373
41402     0.615686
41403     0.619608
41404     0.619608
41405     0.619608
41406     0.619608
41407     0.627451
41408     0.643137
41409     0.654902
41410     0.662745
41411     0.654902
41412     0.647059
41413     0.650980
41414     0.654902
41415     0.643137
41416     0.611765
41417     0.584314
41418     0.572549
41419     0.568627
41420     0.564706
41421     0.572549
41422     0.584314
41423     0.596078
41424     0.607843
41425     0.615686
41426     0.647059
41427     0.650980
41428     0.654902
41429     0.658824
41430     0.658824
41431     0.650980
41432     0.647059
41433     0.643137
41434     0.635294
41435     0.643137
41436     0.650980
41437     0.650980
41438     0.643137
41439     0.639216
41440     0.643137
41441     0.647059
41442     0.658824
41443     0.666667
41444     0.678431
41445     0.678431
41446     0.670588
41447     0.662745
41448     0.654902
41449     0.650980
41450     0.678431
41451     0.670588
41452     0.658824
41453     0.654902
41454     0.658824
41455     0.674510
41456     0.690196
41457     0.701961
41458     0.666667
41459     0.627451
41460     0.576471
41461     0.556863
41462     0.556863
41463     0.564706
41464     0.556863
41465     0.545098
41466     0.552941
41467     0.568627
41468     0.596078
41469     0.619608
41470     0.635294
41471     0.639216
41472     0.635294
41473     0.631373
41474     0.643137
41475     0.639216
41476     0.639216
41477     0.647059
41478     0.654902
41479     0.650980
41480     0.639216
41481     0.623529
41482     0.647059
41483     0.643137
41484     0.639216
41485     0.627451
41486     0.619608
41487     0.607843
41488     0.600000
41489     0.592157
41490     0.596078
41491     0.580392
41492     0.560784
41493     0.549020
41494     0.541176
41495     0.541176
41496     0.541176
41497     0.537255
41498     0.549020
41499     0.556863
41500     0.568627
41501     0.580392
41502     0.584314
41503     0.584314
41504     0.576471
41505     0.572549
41506     0.580392
41507     0.596078
41508     0.615686
41509     0.619608
41510     0.603922
41511     0.584314
41512     0.568627
41513     0.564706
41514     0.568627
41515     0.619608
41516     0.662745
41517     0.678431
41518     0.690196
41519     0.717647
41520     0.741176
41521     0.749020
41522     0.698039
41523     0.686275
41524     0.662745
41525     0.650980
41526     0.654902
41527     0.662745
41528     0.666667
41529     0.658824
41530     0.682353
41531     0.678431
41532     0.670588
41533     0.662745
41534     0.650980
41535     0.631373
41536     0.607843
41537     0.592157
41538     0.596078
41539     0.588235
41540     0.584314
41541     0.466667
41542     0.505882
41543     0.529412
41544     0.505882
41545     0.478431
41546     0.474510
41547     0.494118
41548     0.505882
41549     0.521569
41550     0.533333
41551     0.545098
41552     0.556863
41553     0.572549
41554     0.596078
41555     0.615686
41556     0.631373
41557     0.666667
41558     0.662745
41559     0.654902
41560     0.650980
41561     0.647059
41562     0.643137
41563     0.643137
41564     0.643137
41565     0.662745
41566     0.662745
41567     0.654902
41568     0.635294
41569     0.615686
41570     0.607843
41571     0.619608
41572     0.635294
41573     0.631373
41574     0.631373
41575     0.631373
41576     0.631373
41577     0.631373
41578     0.631373
41579     0.631373
41580     0.631373
41581     0.643137
41582     0.635294
41583     0.627451
41584     0.627451
41585     0.635294
41586     0.643137
41587     0.647059
41588     0.647059
41589     0.682353
41590     0.690196
41591     0.686275
41592     0.670588
41593     0.686275
41594     0.725490
41595     0.745098
41596     0.737255
41597     0.764706
41598     0.772549
41599     0.768627
41600     0.752941
41601     0.749020
41602     0.764706
41603     0.768627
41604     0.760784
41605     0.764706
41606     0.737255
41607     0.733333
41608     0.749020
41609     0.741176
41610     0.709804
41611     0.725490
41612     0.768627
41613     0.709804
41614     0.650980
41615     0.611765
41616     0.615686
41617     0.631373
41618     0.631373
41619     0.627451
41620     0.635294
41621     0.639216
41622     0.647059
41623     0.647059
41624     0.639216
41625     0.623529
41626     0.619608
41627     0.623529
41628     0.635294
41629     0.615686
41630     0.619608
41631     0.619608
41632     0.623529
41633     0.623529
41634     0.635294
41635     0.654902
41636     0.670588
41637     0.670588
41638     0.662745
41639     0.654902
41640     0.658824
41641     0.658824
41642     0.647059
41643     0.611765
41644     0.584314
41645     0.552941
41646     0.552941
41647     0.556863
41648     0.564706
41649     0.576471
41650     0.588235
41651     0.592157
41652     0.588235
41653     0.650980
41654     0.654902
41655     0.662745
41656     0.670588
41657     0.670588
41658     0.666667
41659     0.654902
41660     0.650980
41661     0.647059
41662     0.654902
41663     0.658824
41664     0.658824
41665     0.650980
41666     0.647059
41667     0.647059
41668     0.650980
41669     0.650980
41670     0.666667
41671     0.682353
41672     0.678431
41673     0.658824
41674     0.643137
41675     0.635294
41676     0.639216
41677     0.682353
41678     0.670588
41679     0.658824
41680     0.650980
41681     0.658824
41682     0.678431
41683     0.705882
41684     0.721569
41685     0.670588
41686     0.627451
41687     0.576471
41688     0.552941
41689     0.560784
41690     0.572549
41691     0.568627
41692     0.560784
41693     0.545098
41694     0.568627
41695     0.600000
41696     0.631373
41697     0.647059
41698     0.650980
41699     0.643137
41700     0.635294
41701     0.650980
41702     0.643137
41703     0.639216
41704     0.643137
41705     0.654902
41706     0.650980
41707     0.639216
41708     0.623529
41709     0.650980
41710     0.647059
41711     0.643137
41712     0.635294
41713     0.619608
41714     0.603922
41715     0.588235
41716     0.576471
41717     0.588235
41718     0.568627
41719     0.549020
41720     0.541176
41721     0.541176
41722     0.541176
41723     0.529412
41724     0.517647
41725     0.517647
41726     0.529412
41727     0.545098
41728     0.556863
41729     0.564706
41730     0.564706
41731     0.560784
41732     0.552941
41733     0.549020
41734     0.576471
41735     0.607843
41736     0.615686
41737     0.600000
41738     0.580392
41739     0.576471
41740     0.580392
41741     0.603922
41742     0.678431
41743     0.733333
41744     0.737255
41745     0.741176
41746     0.752941
41747     0.725490
41748     0.678431
41749     0.674510
41750     0.662745
41751     0.643137
41752     0.639216
41753     0.647059
41754     0.662745
41755     0.658824
41756     0.643137
41757     0.682353
41758     0.666667
41759     0.650980
41760     0.647059
41761     0.647059
41762     0.643137
41763     0.623529
41764     0.607843
41765     0.615686
41766     0.607843
41767     0.603922
41768     0.513726
41769     0.509804
41770     0.509804
41771     0.505882
41772     0.505882
41773     0.509804
41774     0.513726
41775     0.513726
41776     0.537255
41777     0.560784
41778     0.572549
41779     0.568627
41780     0.580392
41781     0.603922
41782     0.619608
41783     0.619608
41784     0.654902
41785     0.647059
41786     0.643137
41787     0.647059
41788     0.650980
41789     0.654902
41790     0.650980
41791     0.643137
41792     0.650980
41793     0.647059
41794     0.643137
41795     0.643137
41796     0.647059
41797     0.647059
41798     0.639216
41799     0.631373
41800     0.631373
41801     0.627451
41802     0.623529
41803     0.619608
41804     0.615686
41805     0.615686
41806     0.615686
41807     0.619608
41808     0.619608
41809     0.631373
41810     0.643137
41811     0.643137
41812     0.631373
41813     0.623529
41814     0.627451
41815     0.631373
41816     0.674510
41817     0.674510
41818     0.678431
41819     0.686275
41820     0.698039
41821     0.717647
41822     0.733333
41823     0.741176
41824     0.760784
41825     0.776471
41826     0.788235
41827     0.788235
41828     0.776471
41829     0.756863
41830     0.745098
41831     0.737255
41832     0.745098
41833     0.741176
41834     0.733333
41835     0.717647
41836     0.698039
41837     0.670588
41838     0.647059
41839     0.631373
41840     0.615686
41841     0.607843
41842     0.603922
41843     0.603922
41844     0.607843
41845     0.611765
41846     0.607843
41847     0.603922
41848     0.584314
41849     0.588235
41850     0.592157
41851     0.607843
41852     0.619608
41853     0.623529
41854     0.615686
41855     0.607843
41856     0.615686
41857     0.623529
41858     0.635294
41859     0.631373
41860     0.627451
41861     0.627451
41862     0.647059
41863     0.662745
41864     0.690196
41865     0.666667
41866     0.647059
41867     0.643137
41868     0.627451
41869     0.600000
41870     0.580392
41871     0.576471
41872     0.556863
41873     0.552941
41874     0.541176
41875     0.529412
41876     0.552941
41877     0.596078
41878     0.623529
41879     0.627451
41880     0.670588
41881     0.662745
41882     0.654902
41883     0.650980
41884     0.650980
41885     0.662745
41886     0.670588
41887     0.678431
41888     0.654902
41889     0.666667
41890     0.678431
41891     0.678431
41892     0.666667
41893     0.650980
41894     0.639216
41895     0.635294
41896     0.635294
41897     0.643137
41898     0.654902
41899     0.654902
41900     0.650980
41901     0.650980
41902     0.654902
41903     0.658824
41904     0.643137
41905     0.647059
41906     0.647059
41907     0.650980
41908     0.658824
41909     0.674510
41910     0.701961
41911     0.717647
41912     0.658824
41913     0.662745
41914     0.623529
41915     0.564706
41916     0.552941
41917     0.584314
41918     0.600000
41919     0.584314
41920     0.560784
41921     0.584314
41922     0.615686
41923     0.639216
41924     0.643137
41925     0.639216
41926     0.631373
41927     0.631373
41928     0.627451
41929     0.627451
41930     0.635294
41931     0.647059
41932     0.658824
41933     0.658824
41934     0.650980
41935     0.643137
41936     0.631373
41937     0.631373
41938     0.619608
41939     0.600000
41940     0.600000
41941     0.611765
41942     0.607843
41943     0.592157
41944     0.572549
41945     0.549020
41946     0.533333
41947     0.533333
41948     0.529412
41949     0.513726
41950     0.505882
41951     0.509804
41952     0.498039
41953     0.521569
41954     0.537255
41955     0.525490
41956     0.509804
41957     0.513726
41958     0.556863
41959     0.592157
41960     0.584314
41961     0.584314
41962     0.584314
41963     0.592157
41964     0.600000
41965     0.607843
41966     0.607843
41967     0.603922
41968     0.666667
41969     0.686275
41970     0.709804
41971     0.713726
41972     0.694118
41973     0.666667
41974     0.643137
41975     0.635294
41976     0.627451
41977     0.623529
41978     0.619608
41979     0.619608
41980     0.623529
41981     0.631373
41982     0.643137
41983     0.650980
41984     0.643137
41985     0.647059
41986     0.654902
41987     0.658824
41988     0.658824
41989     0.650980
41990     0.639216
41991     0.635294
41992     0.603922
41993     0.603922
41994     0.607843
41995     0.529412
41996     0.529412
41997     0.529412
41998     0.529412
41999     0.529412
42000     0.533333
42001     0.533333
42002     0.537255
42003     0.545098
42004     0.564706
42005     0.572549
42006     0.568627
42007     0.576471
42008     0.603922
42009     0.623529
42010     0.623529
42011     0.639216
42012     0.635294
42013     0.631373
42014     0.635294
42015     0.643137
42016     0.647059
42017     0.643137
42018     0.639216
42019     0.647059
42020     0.643137
42021     0.643137
42022     0.650980
42023     0.658824
42024     0.654902
42025     0.647059
42026     0.635294
42027     0.615686
42028     0.611765
42029     0.611765
42030     0.607843
42031     0.603922
42032     0.603922
42033     0.603922
42034     0.607843
42035     0.611765
42036     0.627451
42037     0.639216
42038     0.639216
42039     0.631373
42040     0.623529
42041     0.627451
42042     0.631373
42043     0.654902
42044     0.662745
42045     0.678431
42046     0.698039
42047     0.713726
42048     0.721569
42049     0.729412
42050     0.729412
42051     0.752941
42052     0.756863
42053     0.760784
42054     0.749020
42055     0.725490
42056     0.701961
42057     0.686275
42058     0.678431
42059     0.686275
42060     0.682353
42061     0.682353
42062     0.674510
42063     0.658824
42064     0.639216
42065     0.619608
42066     0.607843
42067     0.592157
42068     0.588235
42069     0.588235
42070     0.592157
42071     0.596078
42072     0.592157
42073     0.580392
42074     0.572549
42075     0.568627
42076     0.564706
42077     0.568627
42078     0.576471
42079     0.596078
42080     0.607843
42081     0.611765
42082     0.611765
42083     0.627451
42084     0.631373
42085     0.639216
42086     0.643137
42087     0.647059
42088     0.647059
42089     0.647059
42090     0.647059
42091     0.674510
42092     0.650980
42093     0.635294
42094     0.631373
42095     0.615686
42096     0.584314
42097     0.560784
42098     0.556863
42099     0.537255
42100     0.541176
42101     0.537255
42102     0.537255
42103     0.568627
42104     0.619608
42105     0.650980
42106     0.658824
42107     0.674510
42108     0.674510
42109     0.670588
42110     0.666667
42111     0.662745
42112     0.662745
42113     0.666667
42114     0.666667
42115     0.647059
42116     0.654902
42117     0.662745
42118     0.662745
42119     0.654902
42120     0.643137
42121     0.643137
42122     0.643137
42123     0.658824
42124     0.662745
42125     0.662745
42126     0.658824
42127     0.650980
42128     0.647059
42129     0.650980
42130     0.658824
42131     0.647059
42132     0.643137
42133     0.643137
42134     0.647059
42135     0.658824
42136     0.670588
42137     0.682353
42138     0.686275
42139     0.662745
42140     0.670588
42141     0.639216
42142     0.576471
42143     0.552941
42144     0.580392
42145     0.596078
42146     0.580392
42147     0.596078
42148     0.611765
42149     0.635294
42150     0.650980
42151     0.650980
42152     0.639216
42153     0.631373
42154     0.627451
42155     0.623529
42156     0.619608
42157     0.619608
42158     0.627451
42159     0.639216
42160     0.647059
42161     0.643137
42162     0.639216
42163     0.623529
42164     0.627451
42165     0.615686
42166     0.596078
42167     0.600000
42168     0.611765
42169     0.607843
42170     0.592157
42171     0.576471
42172     0.552941
42173     0.533333
42174     0.533333
42175     0.525490
42176     0.505882
42177     0.498039
42178     0.498039
42179     0.513726
42180     0.525490
42181     0.529412
42182     0.517647
42183     0.505882
42184     0.513726
42185     0.552941
42186     0.584314
42187     0.588235
42188     0.584314
42189     0.588235
42190     0.596078
42191     0.607843
42192     0.619608
42193     0.623529
42194     0.627451
42195     0.654902
42196     0.666667
42197     0.674510
42198     0.666667
42199     0.647059
42200     0.631373
42201     0.623529
42202     0.623529
42203     0.631373
42204     0.631373
42205     0.627451
42206     0.627451
42207     0.631373
42208     0.635294
42209     0.643137
42210     0.647059
42211     0.647059
42212     0.647059
42213     0.650980
42214     0.650980
42215     0.650980
42216     0.647059
42217     0.639216
42218     0.635294
42219     0.615686
42220     0.615686
42221     0.611765
42222     0.549020
42223     0.549020
42224     0.549020
42225     0.552941
42226     0.552941
42227     0.556863
42228     0.556863
42229     0.560784
42230     0.560784
42231     0.580392
42232     0.584314
42233     0.576471
42234     0.580392
42235     0.603922
42236     0.627451
42237     0.631373
42238     0.615686
42239     0.611765
42240     0.615686
42241     0.623529
42242     0.631373
42243     0.639216
42244     0.635294
42245     0.627451
42246     0.635294
42247     0.635294
42248     0.643137
42249     0.658824
42250     0.666667
42251     0.662745
42252     0.650980
42253     0.639216
42254     0.607843
42255     0.607843
42256     0.603922
42257     0.603922
42258     0.603922
42259     0.600000
42260     0.600000
42261     0.600000
42262     0.603922
42263     0.615686
42264     0.627451
42265     0.631373
42266     0.627451
42267     0.623529
42268     0.623529
42269     0.627451
42270     0.635294
42271     0.650980
42272     0.674510
42273     0.698039
42274     0.709804
42275     0.709804
42276     0.705882
42277     0.698039
42278     0.694118
42279     0.694118
42280     0.686275
42281     0.666667
42282     0.647059
42283     0.627451
42284     0.619608
42285     0.615686
42286     0.623529
42287     0.627451
42288     0.631373
42289     0.631373
42290     0.623529
42291     0.611765
42292     0.600000
42293     0.592157
42294     0.564706
42295     0.564706
42296     0.564706
42297     0.568627
42298     0.568627
42299     0.560784
42300     0.549020
42301     0.533333
42302     0.545098
42303     0.541176
42304     0.541176
42305     0.552941
42306     0.572549
42307     0.596078
42308     0.611765
42309     0.619608
42310     0.631373
42311     0.635294
42312     0.639216
42313     0.650980
42314     0.658824
42315     0.654902
42316     0.647059
42317     0.635294
42318     0.654902
42319     0.631373
42320     0.611765
42321     0.607843
42322     0.596078
42323     0.564706
42324     0.545098
42325     0.541176
42326     0.537255
42327     0.545098
42328     0.549020
42329     0.560784
42330     0.600000
42331     0.650980
42332     0.682353
42333     0.690196
42334     0.674510
42335     0.674510
42336     0.670588
42337     0.666667
42338     0.658824
42339     0.650980
42340     0.639216
42341     0.635294
42342     0.643137
42343     0.643137
42344     0.647059
42345     0.643137
42346     0.639216
42347     0.643137
42348     0.654902
42349     0.666667
42350     0.682353
42351     0.678431
42352     0.670588
42353     0.654902
42354     0.643137
42355     0.643137
42356     0.654902
42357     0.662745
42358     0.650980
42359     0.643137
42360     0.639216
42361     0.647059
42362     0.662745
42363     0.670588
42364     0.662745
42365     0.650980
42366     0.662745
42367     0.674510
42368     0.647059
42369     0.592157
42370     0.560784
42371     0.576471
42372     0.588235
42373     0.584314
42374     0.623529
42375     0.639216
42376     0.650980
42377     0.654902
42378     0.647059
42379     0.635294
42380     0.623529
42381     0.619608
42382     0.623529
42383     0.619608
42384     0.615686
42385     0.619608
42386     0.627451
42387     0.631373
42388     0.631373
42389     0.623529
42390     0.611765
42391     0.615686
42392     0.607843
42393     0.596078
42394     0.600000
42395     0.611765
42396     0.611765
42397     0.596078
42398     0.576471
42399     0.552941
42400     0.537255
42401     0.537255
42402     0.529412
42403     0.513726
42404     0.509804
42405     0.513726
42406     0.521569
42407     0.521569
42408     0.521569
42409     0.517647
42410     0.525490
42411     0.549020
42412     0.580392
42413     0.603922
42414     0.592157
42415     0.592157
42416     0.596078
42417     0.603922
42418     0.615686
42419     0.627451
42420     0.643137
42421     0.650980
42422     0.650980
42423     0.647059
42424     0.639216
42425     0.619608
42426     0.607843
42427     0.603922
42428     0.615686
42429     0.623529
42430     0.639216
42431     0.639216
42432     0.639216
42433     0.639216
42434     0.639216
42435     0.639216
42436     0.639216
42437     0.639216
42438     0.643137
42439     0.643137
42440     0.639216
42441     0.635294
42442     0.635294
42443     0.635294
42444     0.635294
42445     0.635294
42446     0.627451
42447     0.627451
42448     0.623529
42449     0.560784
42450     0.560784
42451     0.564706
42452     0.572549
42453     0.576471
42454     0.576471
42455     0.580392
42456     0.580392
42457     0.592157
42458     0.603922
42459     0.603922
42460     0.592157
42461     0.592157
42462     0.615686
42463     0.631373
42464     0.635294
42465     0.596078
42466     0.596078
42467     0.600000
42468     0.611765
42469     0.623529
42470     0.631373
42471     0.627451
42472     0.619608
42473     0.619608
42474     0.627451
42475     0.639216
42476     0.654902
42477     0.662745
42478     0.662745
42479     0.647059
42480     0.631373
42481     0.607843
42482     0.607843
42483     0.611765
42484     0.611765
42485     0.611765
42486     0.607843
42487     0.607843
42488     0.603922
42489     0.600000
42490     0.607843
42491     0.615686
42492     0.623529
42493     0.623529
42494     0.623529
42495     0.619608
42496     0.619608
42497     0.631373
42498     0.643137
42499     0.658824
42500     0.674510
42501     0.674510
42502     0.666667
42503     0.654902
42504     0.643137
42505     0.600000
42506     0.600000
42507     0.596078
42508     0.584314
42509     0.572549
42510     0.572549
42511     0.576471
42512     0.588235
42513     0.603922
42514     0.607843
42515     0.615686
42516     0.619608
42517     0.615686
42518     0.607843
42519     0.600000
42520     0.592157
42521     0.552941
42522     0.549020
42523     0.545098
42524     0.541176
42525     0.541176
42526     0.537255
42527     0.525490
42528     0.517647
42529     0.525490
42530     0.525490
42531     0.533333
42532     0.552941
42533     0.580392
42534     0.603922
42535     0.619608
42536     0.627451
42537     0.623529
42538     0.635294
42539     0.647059
42540     0.650980
42541     0.650980
42542     0.650980
42543     0.650980
42544     0.654902
42545     0.650980
42546     0.615686
42547     0.588235
42548     0.576471
42549     0.564706
42550     0.545098
42551     0.537255
42552     0.545098
42553     0.560784
42554     0.572549
42555     0.580392
42556     0.596078
42557     0.631373
42558     0.678431
42559     0.705882
42560     0.705882
42561     0.674510
42562     0.666667
42563     0.654902
42564     0.639216
42565     0.627451
42566     0.615686
42567     0.607843
42568     0.603922
42569     0.639216
42570     0.639216
42571     0.639216
42572     0.639216
42573     0.643137
42574     0.654902
42575     0.678431
42576     0.694118
42577     0.694118
42578     0.686275
42579     0.670588
42580     0.654902
42581     0.639216
42582     0.643137
42583     0.658824
42584     0.670588
42585     0.650980
42586     0.639216
42587     0.635294
42588     0.647059
42589     0.670588
42590     0.670588
42591     0.654902
42592     0.631373
42593     0.643137
42594     0.658824
42595     0.643137
42596     0.603922
42597     0.572549
42598     0.580392
42599     0.596078
42600     0.596078
42601     0.635294
42602     0.643137
42603     0.647059
42604     0.647059
42605     0.635294
42606     0.623529
42607     0.619608
42608     0.619608
42609     0.639216
42610     0.635294
42611     0.631373
42612     0.635294
42613     0.635294
42614     0.627451
42615     0.611765
42616     0.600000
42617     0.600000
42618     0.603922
42619     0.600000
42620     0.592157
42621     0.600000
42622     0.615686
42623     0.615686
42624     0.596078
42625     0.576471
42626     0.549020
42627     0.537255
42628     0.541176
42629     0.541176
42630     0.529412
42631     0.529412
42632     0.537255
42633     0.509804
42634     0.509804
42635     0.517647
42636     0.541176
42637     0.568627
42638     0.600000
42639     0.623529
42640     0.635294
42641     0.600000
42642     0.603922
42643     0.607843
42644     0.607843
42645     0.615686
42646     0.627451
42647     0.643137
42648     0.654902
42649     0.658824
42650     0.647059
42651     0.631373
42652     0.611765
42653     0.603922
42654     0.611765
42655     0.623529
42656     0.631373
42657     0.643137
42658     0.643137
42659     0.647059
42660     0.647059
42661     0.643137
42662     0.639216
42663     0.635294
42664     0.631373
42665     0.635294
42666     0.631373
42667     0.623529
42668     0.615686
42669     0.615686
42670     0.619608
42671     0.623529
42672     0.627451
42673     0.635294
42674     0.635294
42675     0.635294
42676     0.580392
42677     0.584314
42678     0.592157
42679     0.600000
42680     0.603922
42681     0.607843
42682     0.607843
42683     0.607843
42684     0.619608
42685     0.631373
42686     0.631373
42687     0.611765
42688     0.607843
42689     0.623529
42690     0.635294
42691     0.635294
42692     0.584314
42693     0.588235
42694     0.596078
42695     0.607843
42696     0.623529
42697     0.627451
42698     0.623529
42699     0.615686
42700     0.611765
42701     0.615686
42702     0.627451
42703     0.639216
42704     0.650980
42705     0.643137
42706     0.627451
42707     0.615686
42708     0.600000
42709     0.603922
42710     0.607843
42711     0.611765
42712     0.611765
42713     0.607843
42714     0.607843
42715     0.603922
42716     0.603922
42717     0.607843
42718     0.611765
42719     0.619608
42720     0.623529
42721     0.619608
42722     0.615686
42723     0.611765
42724     0.631373
42725     0.635294
42726     0.635294
42727     0.631373
42728     0.623529
42729     0.611765
42730     0.600000
42731     0.596078
42732     0.552941
42733     0.552941
42734     0.549020
42735     0.541176
42736     0.541176
42737     0.549020
42738     0.564706
42739     0.580392
42740     0.607843
42741     0.611765
42742     0.615686
42743     0.619608
42744     0.615686
42745     0.603922
42746     0.596078
42747     0.588235
42748     0.556863
42749     0.545098
42750     0.533333
42751     0.525490
42752     0.525490
42753     0.525490
42754     0.521569
42755     0.517647
42756     0.513726
42757     0.521569
42758     0.537255
42759     0.564706
42760     0.596078
42761     0.615686
42762     0.627451
42763     0.627451
42764     0.619608
42765     0.639216
42766     0.658824
42767     0.658824
42768     0.647059
42769     0.643137
42770     0.662745
42771     0.682353
42772     0.643137
42773     0.600000
42774     0.556863
42775     0.541176
42776     0.529412
42777     0.525490
42778     0.537255
42779     0.556863
42780     0.572549
42781     0.588235
42782     0.603922
42783     0.619608
42784     0.658824
42785     0.701961
42786     0.721569
42787     0.717647
42788     0.674510
42789     0.658824
42790     0.635294
42791     0.611765
42792     0.596078
42793     0.588235
42794     0.592157
42795     0.596078
42796     0.631373
42797     0.635294
42798     0.639216
42799     0.639216
42800     0.650980
42801     0.670588
42802     0.694118
42803     0.713726
42804     0.686275
42805     0.682353
42806     0.670588
42807     0.658824
42808     0.647059
42809     0.650980
42810     0.662745
42811     0.678431
42812     0.654902
42813     0.643137
42814     0.635294
42815     0.647059
42816     0.666667
42817     0.670588
42818     0.654902
42819     0.635294
42820     0.623529
42821     0.635294
42822     0.631373
42823     0.611765
42824     0.596078
42825     0.603922
42826     0.611765
42827     0.619608
42828     0.639216
42829     0.643137
42830     0.643137
42831     0.639216
42832     0.631373
42833     0.627451
42834     0.631373
42835     0.639216
42836     0.658824
42837     0.658824
42838     0.658824
42839     0.658824
42840     0.650980
42841     0.627451
42842     0.596078
42843     0.572549
42844     0.588235
42845     0.596078
42846     0.596078
42847     0.592157
42848     0.603922
42849     0.623529
42850     0.619608
42851     0.603922
42852     0.584314
42853     0.556863
42854     0.537255
42855     0.541176
42856     0.541176
42857     0.529412
42858     0.529412
42859     0.541176
42860     0.513726
42861     0.517647
42862     0.533333
42863     0.560784
42864     0.596078
42865     0.619608
42866     0.631373
42867     0.631373
42868     0.603922
42869     0.611765
42870     0.615686
42871     0.615686
42872     0.611765
42873     0.619608
42874     0.635294
42875     0.647059
42876     0.654902
42877     0.643137
42878     0.631373
42879     0.623529
42880     0.623529
42881     0.627451
42882     0.627451
42883     0.631373
42884     0.643137
42885     0.643137
42886     0.643137
42887     0.643137
42888     0.639216
42889     0.635294
42890     0.631373
42891     0.627451
42892     0.627451
42893     0.619608
42894     0.611765
42895     0.603922
42896     0.600000
42897     0.603922
42898     0.611765
42899     0.619608
42900     0.635294
42901     0.639216
42902     0.639216
42903     0.603922
42904     0.607843
42905     0.619608
42906     0.631373
42907     0.639216
42908     0.639216
42909     0.639216
42910     0.639216
42911     0.643137
42912     0.654902
42913     0.654902
42914     0.631373
42915     0.619608
42916     0.623529
42917     0.627451
42918     0.619608
42919     0.588235
42920     0.592157
42921     0.600000
42922     0.615686
42923     0.627451
42924     0.631373
42925     0.623529
42926     0.615686
42927     0.615686
42928     0.615686
42929     0.619608
42930     0.627451
42931     0.631373
42932     0.623529
42933     0.607843
42934     0.596078
42935     0.588235
42936     0.592157
42937     0.600000
42938     0.603922
42939     0.607843
42940     0.603922
42941     0.600000
42942     0.596078
42943     0.611765
42944     0.611765
42945     0.611765
42946     0.615686
42947     0.623529
42948     0.619608
42949     0.611765
42950     0.600000
42951     0.619608
42952     0.615686
42953     0.607843
42954     0.600000
42955     0.592157
42956     0.584314
42957     0.580392
42958     0.576471
42959     0.568627
42960     0.568627
42961     0.560784
42962     0.549020
42963     0.541176
42964     0.545098
42965     0.560784
42966     0.572549
42967     0.596078
42968     0.600000
42969     0.603922
42970     0.603922
42971     0.596078
42972     0.588235
42973     0.572549
42974     0.564706
42975     0.549020
42976     0.541176
42977     0.529412
42978     0.529412
42979     0.529412
42980     0.529412
42981     0.525490
42982     0.517647
42983     0.501961
42984     0.513726
42985     0.533333
42986     0.564706
42987     0.592157
42988     0.611765
42989     0.615686
42990     0.615686
42991     0.619608
42992     0.635294
42993     0.654902
42994     0.658824
42995     0.650980
42996     0.647059
42997     0.658824
42998     0.674510
42999     0.611765
43000     0.564706
43001     0.521569
43002     0.501961
43003     0.498039
43004     0.501961
43005     0.525490
43006     0.549020
43007     0.556863
43008     0.580392
43009     0.600000
43010     0.623529
43011     0.662745
43012     0.701961
43013     0.717647
43014     0.709804
43015     0.670588
43016     0.650980
43017     0.619608
43018     0.592157
43019     0.576471
43020     0.576471
43021     0.584314
43022     0.592157
43023     0.607843
43024     0.615686
43025     0.631373
43026     0.643137
43027     0.654902
43028     0.670588
43029     0.694118
43030     0.709804
43031     0.686275
43032     0.686275
43033     0.686275
43034     0.674510
43035     0.666667
43036     0.662745
43037     0.666667
43038     0.674510
43039     0.662745
43040     0.647059
43041     0.639216
43042     0.639216
43043     0.650980
43044     0.654902
43045     0.650980
43046     0.643137
43047     0.623529
43048     0.623529
43049     0.623529
43050     0.623529
43051     0.627451
43052     0.635294
43053     0.639216
43054     0.639216
43055     0.643137
43056     0.647059
43057     0.647059
43058     0.639216
43059     0.635294
43060     0.639216
43061     0.650980
43062     0.662745
43063     0.674510
43064     0.674510
43065     0.670588
43066     0.662745
43067     0.650980
43068     0.623529
43069     0.588235
43070     0.564706
43071     0.580392
43072     0.592157
43073     0.596078
43074     0.596078
43075     0.611765
43076     0.631373
43077     0.627451
43078     0.611765
43079     0.600000
43080     0.572549
43081     0.549020
43082     0.545098
43083     0.541176
43084     0.533333
43085     0.529412
43086     0.541176
43087     0.549020
43088     0.552941
43089     0.560784
43090     0.572549
43091     0.588235
43092     0.592157
43093     0.592157
43094     0.584314
43095     0.596078
43096     0.611765
43097     0.623529
43098     0.623529
43099     0.615686
43100     0.615686
43101     0.627451
43102     0.639216
43103     0.643137
43104     0.635294
43105     0.631373
43106     0.631373
43107     0.635294
43108     0.635294
43109     0.627451
43110     0.619608
43111     0.635294
43112     0.635294
43113     0.635294
43114     0.631373
43115     0.627451
43116     0.627451
43117     0.627451
43118     0.623529
43119     0.623529
43120     0.615686
43121     0.607843
43122     0.600000
43123     0.600000
43124     0.603922
43125     0.611765
43126     0.615686
43127     0.635294
43128     0.635294
43129     0.639216
43130     0.611765
43131     0.619608
43132     0.635294
43133     0.647059
43134     0.654902
43135     0.658824
43136     0.658824
43137     0.654902
43138     0.650980
43139     0.666667
43140     0.666667
43141     0.643137
43142     0.623529
43143     0.619608
43144     0.611765
43145     0.596078
43146     0.596078
43147     0.600000
43148     0.611765
43149     0.623529
43150     0.635294
43151     0.635294
43152     0.627451
43153     0.615686
43154     0.627451
43155     0.623529
43156     0.619608
43157     0.619608
43158     0.615686
43159     0.607843
43160     0.592157
43161     0.580392
43162     0.588235
43163     0.596078
43164     0.603922
43165     0.607843
43166     0.611765
43167     0.607843
43168     0.603922
43169     0.600000
43170     0.623529
43171     0.615686
43172     0.611765
43173     0.619608
43174     0.623529
43175     0.619608
43176     0.607843
43177     0.592157
43178     0.588235
43179     0.588235
43180     0.592157
43181     0.592157
43182     0.592157
43183     0.592157
43184     0.592157
43185     0.592157
43186     0.600000
43187     0.596078
43188     0.584314
43189     0.568627
43190     0.549020
43191     0.545098
43192     0.552941
43193     0.560784
43194     0.568627
43195     0.572549
43196     0.576471
43197     0.580392
43198     0.572549
43199     0.564706
43200     0.552941
43201     0.545098
43202     0.533333
43203     0.533333
43204     0.537255
43205     0.545098
43206     0.549020
43207     0.541176
43208     0.525490
43209     0.509804
43210     0.494118
43211     0.498039
43212     0.509804
43213     0.533333
43214     0.560784
43215     0.580392
43216     0.592157
43217     0.592157
43218     0.607843
43219     0.611765
43220     0.619608
43221     0.639216
43222     0.650980
43223     0.643137
43224     0.619608
43225     0.596078
43226     0.556863
43227     0.517647
43228     0.486275
43229     0.474510
43230     0.474510
43231     0.478431
43232     0.494118
43233     0.517647
43234     0.545098
43235     0.564706
43236     0.588235
43237     0.607843
43238     0.639216
43239     0.670588
43240     0.678431
43241     0.666667
43242     0.643137
43243     0.627451
43244     0.603922
43245     0.580392
43246     0.568627
43247     0.564706
43248     0.568627
43249     0.576471
43250     0.572549
43251     0.592157
43252     0.615686
43253     0.635294
43254     0.647059
43255     0.658824
43256     0.674510
43257     0.686275
43258     0.698039
43259     0.701961
43260     0.709804
43261     0.701961
43262     0.690196
43263     0.674510
43264     0.666667
43265     0.666667
43266     0.674510
43267     0.658824
43268     0.639216
43269     0.627451
43270     0.623529
43271     0.627451
43272     0.639216
43273     0.643137
43274     0.639216
43275     0.627451
43276     0.623529
43277     0.643137
43278     0.662745
43279     0.666667
43280     0.662745
43281     0.650980
43282     0.647059
43283     0.647059
43284     0.643137
43285     0.635294
43286     0.631373
43287     0.639216
43288     0.654902
43289     0.666667
43290     0.678431
43291     0.666667
43292     0.654902
43293     0.643137
43294     0.627451
43295     0.611765
43296     0.588235
43297     0.572549
43298     0.576471
43299     0.588235
43300     0.596078
43301     0.600000
43302     0.615686
43303     0.639216
43304     0.639216
43305     0.619608
43306     0.615686
43307     0.588235
43308     0.568627
43309     0.568627
43310     0.572549
43311     0.568627
43312     0.572549
43313     0.588235
43314     0.607843
43315     0.603922
43316     0.592157
43317     0.580392
43318     0.568627
43319     0.560784
43320     0.560784
43321     0.560784
43322     0.584314
43323     0.607843
43324     0.631373
43325     0.635294
43326     0.627451
43327     0.623529
43328     0.631373
43329     0.647059
43330     0.639216
43331     0.631373
43332     0.627451
43333     0.631373
43334     0.639216
43335     0.639216
43336     0.631373
43337     0.619608
43338     0.627451
43339     0.623529
43340     0.619608
43341     0.615686
43342     0.615686
43343     0.615686
43344     0.619608
43345     0.623529
43346     0.627451
43347     0.623529
43348     0.615686
43349     0.611765
43350     0.611765
43351     0.611765
43352     0.615686
43353     0.619608
43354     0.635294
43355     0.635294
43356     0.635294
43357     0.607843
43358     0.615686
43359     0.631373
43360     0.647059
43361     0.654902
43362     0.658824
43363     0.654902
43364     0.654902
43365     0.654902
43366     0.670588
43367     0.670588
43368     0.647059
43369     0.623529
43370     0.611765
43371     0.596078
43372     0.580392
43373     0.603922
43374     0.607843
43375     0.619608
43376     0.631373
43377     0.643137
43378     0.643137
43379     0.631373
43380     0.619608
43381     0.639216
43382     0.631373
43383     0.623529
43384     0.615686
43385     0.611765
43386     0.600000
43387     0.588235
43388     0.576471
43389     0.596078
43390     0.603922
43391     0.611765
43392     0.619608
43393     0.623529
43394     0.619608
43395     0.611765
43396     0.607843
43397     0.627451
43398     0.619608
43399     0.615686
43400     0.619608
43401     0.623529
43402     0.619608
43403     0.603922
43404     0.588235
43405     0.556863
43406     0.568627
43407     0.580392
43408     0.596078
43409     0.607843
43410     0.615686
43411     0.615686
43412     0.615686
43413     0.607843
43414     0.603922
43415     0.592157
43416     0.572549
43417     0.552941
43418     0.541176
43419     0.545098
43420     0.549020
43421     0.549020
43422     0.556863
43423     0.560784
43424     0.564706
43425     0.560784
43426     0.549020
43427     0.541176
43428     0.533333
43429     0.513726
43430     0.521569
43431     0.541176
43432     0.560784
43433     0.564706
43434     0.549020
43435     0.521569
43436     0.501961
43437     0.486275
43438     0.482353
43439     0.486275
43440     0.501961
43441     0.529412
43442     0.552941
43443     0.568627
43444     0.576471
43445     0.592157
43446     0.580392
43447     0.580392
43448     0.611765
43449     0.647059
43450     0.635294
43451     0.572549
43452     0.517647
43453     0.513726
43454     0.482353
43455     0.458824
43456     0.458824
43457     0.462745
43458     0.462745
43459     0.470588
43460     0.486275
43461     0.545098
43462     0.564706
43463     0.580392
43464     0.592157
43465     0.615686
43466     0.635294
43467     0.631373
43468     0.611765
43469     0.611765
43470     0.600000
43471     0.588235
43472     0.572549
43473     0.560784
43474     0.552941
43475     0.552941
43476     0.552941
43477     0.549020
43478     0.568627
43479     0.600000
43480     0.623529
43481     0.639216
43482     0.647059
43483     0.654902
43484     0.662745
43485     0.709804
43486     0.721569
43487     0.729412
43488     0.725490
43489     0.705882
43490     0.682353
43491     0.666667
43492     0.658824
43493     0.682353
43494     0.666667
43495     0.643137
43496     0.615686
43497     0.600000
43498     0.603922
43499     0.623529
43500     0.639216
43501     0.658824
43502     0.639216
43503     0.631373
43504     0.654902
43505     0.686275
43506     0.690196
43507     0.674510
43508     0.658824
43509     0.643137
43510     0.639216
43511     0.631373
43512     0.619608
43513     0.615686
43514     0.623529
43515     0.643137
43516     0.658824
43517     0.674510
43518     0.654902
43519     0.635294
43520     0.615686
43521     0.603922
43522     0.596078
43523     0.588235
43524     0.580392
43525     0.572549
43526     0.588235
43527     0.596078
43528     0.603922
43529     0.623529
43530     0.643137
43531     0.643137
43532     0.627451
43533     0.615686
43534     0.592157
43535     0.580392
43536     0.596078
43537     0.607843
43538     0.615686
43539     0.631373
43540     0.650980
43541     0.647059
43542     0.635294
43543     0.611765
43544     0.584314
43545     0.556863
43546     0.549020
43547     0.556863
43548     0.568627
43549     0.572549
43550     0.600000
43551     0.631373
43552     0.643137
43553     0.639216
43554     0.635294
43555     0.643137
43556     0.654902
43557     0.647059
43558     0.635294
43559     0.627451
43560     0.631373
43561     0.639216
43562     0.647059
43563     0.639216
43564     0.627451
43565     0.623529
43566     0.619608
43567     0.611765
43568     0.603922
43569     0.603922
43570     0.611765
43571     0.619608
43572     0.623529
43573     0.631373
43574     0.627451
43575     0.623529
43576     0.623529
43577     0.619608
43578     0.619608
43579     0.623529
43580     0.623529
43581     0.635294
43582     0.631373
43583     0.631373
43584     0.635294
43585     0.635294
43586     0.639216
43587     0.643137
43588     0.650980
43589     0.658824
43590     0.666667
43591     0.670588
43592     0.654902
43593     0.666667
43594     0.670588
43595     0.658824
43596     0.631373
43597     0.603922
43598     0.592157
43599     0.592157
43600     0.611765
43601     0.615686
43602     0.623529
43603     0.623529
43604     0.615686
43605     0.615686
43606     0.623529
43607     0.627451
43608     0.619608
43609     0.623529
43610     0.631373
43611     0.631373
43612     0.627451
43613     0.611765
43614     0.600000
43615     0.588235
43616     0.600000
43617     0.611765
43618     0.619608
43619     0.623529
43620     0.623529
43621     0.623529
43622     0.627451
43623     0.635294
43624     0.627451
43625     0.627451
43626     0.627451
43627     0.627451
43628     0.623529
43629     0.619608
43630     0.615686
43631     0.611765
43632     0.600000
43633     0.592157
43634     0.592157
43635     0.600000
43636     0.611765
43637     0.623529
43638     0.627451
43639     0.623529
43640     0.627451
43641     0.607843
43642     0.584314
43643     0.572549
43644     0.568627
43645     0.568627
43646     0.556863
43647     0.545098
43648     0.529412
43649     0.545098
43650     0.533333
43651     0.509804
43652     0.521569
43653     0.564706
43654     0.572549
43655     0.545098
43656     0.560784
43657     0.568627
43658     0.572549
43659     0.576471
43660     0.564706
43661     0.545098
43662     0.525490
43663     0.513726
43664     0.509804
43665     0.509804
43666     0.513726
43667     0.517647
43668     0.529412
43669     0.537255
43670     0.549020
43671     0.552941
43672     0.545098
43673     0.545098
43674     0.552941
43675     0.568627
43676     0.572549
43677     0.552941
43678     0.505882
43679     0.470588
43680     0.474510
43681     0.470588
43682     0.466667
43683     0.470588
43684     0.478431
43685     0.478431
43686     0.466667
43687     0.458824
43688     0.486275
43689     0.501961
43690     0.525490
43691     0.549020
43692     0.568627
43693     0.572549
43694     0.572549
43695     0.568627
43696     0.588235
43697     0.576471
43698     0.556863
43699     0.541176
43700     0.529412
43701     0.525490
43702     0.525490
43703     0.525490
43704     0.517647
43705     0.529412
43706     0.549020
43707     0.568627
43708     0.596078
43709     0.627451
43710     0.658824
43711     0.682353
43712     0.666667
43713     0.650980
43714     0.639216
43715     0.647059
43716     0.666667
43717     0.674510
43718     0.658824
43719     0.643137
43720     0.619608
43721     0.611765
43722     0.603922
43723     0.603922
43724     0.607843
43725     0.611765
43726     0.611765
43727     0.607843
43728     0.623529
43729     0.639216
43730     0.674510
43731     0.705882
43732     0.709804
43733     0.690196
43734     0.686275
43735     0.701961
43736     0.690196
43737     0.650980
43738     0.623529
43739     0.627451
43740     0.631373
43741     0.623529
43742     0.627451
43743     0.647059
43744     0.623529
43745     0.607843
43746     0.596078
43747     0.596078
43748     0.600000
43749     0.600000
43750     0.592157
43751     0.580392
43752     0.580392
43753     0.588235
43754     0.600000
43755     0.607843
43756     0.615686
43757     0.615686
43758     0.615686
43759     0.615686
43760     0.635294
43761     0.623529
43762     0.619608
43763     0.631373
43764     0.658824
43765     0.666667
43766     0.654902
43767     0.639216
43768     0.631373
43769     0.619608
43770     0.596078
43771     0.576471
43772     0.560784
43773     0.549020
43774     0.545098
43775     0.545098
43776     0.568627
43777     0.576471
43778     0.600000
43779     0.635294
43780     0.647059
43781     0.631373
43782     0.619608
43783     0.623529
43784     0.619608
43785     0.623529
43786     0.627451
43787     0.635294
43788     0.639216
43789     0.639216
43790     0.635294
43791     0.631373
43792     0.584314
43793     0.584314
43794     0.588235
43795     0.592157
43796     0.603922
43797     0.619608
43798     0.631373
43799     0.639216
43800     0.623529
43801     0.623529
43802     0.619608
43803     0.615686
43804     0.611765
43805     0.611765
43806     0.615686
43807     0.615686
43808     0.619608
43809     0.623529
43810     0.627451
43811     0.635294
43812     0.635294
43813     0.639216
43814     0.647059
43815     0.654902
43816     0.662745
43817     0.670588
43818     0.674510
43819     0.674510
43820     0.678431
43821     0.674510
43822     0.658824
43823     0.631373
43824     0.611765
43825     0.603922
43826     0.600000
43827     0.615686
43828     0.619608
43829     0.623529
43830     0.619608
43831     0.615686
43832     0.615686
43833     0.623529
43834     0.631373
43835     0.627451
43836     0.631373
43837     0.631373
43838     0.631373
43839     0.623529
43840     0.607843
43841     0.596078
43842     0.584314
43843     0.607843
43844     0.615686
43845     0.623529
43846     0.623529
43847     0.619608
43848     0.615686
43849     0.623529
43850     0.627451
43851     0.627451
43852     0.627451
43853     0.631373
43854     0.627451
43855     0.627451
43856     0.619608
43857     0.615686
43858     0.611765
43859     0.603922
43860     0.600000
43861     0.600000
43862     0.603922
43863     0.615686
43864     0.623529
43865     0.623529
43866     0.619608
43867     0.607843
43868     0.592157
43869     0.576471
43870     0.568627
43871     0.564706
43872     0.556863
43873     0.545098
43874     0.533333
43875     0.525490
43876     0.517647
43877     0.501961
43878     0.501961
43879     0.533333
43880     0.568627
43881     0.572549
43882     0.560784
43883     0.580392
43884     0.584314
43885     0.584314
43886     0.576471
43887     0.564706
43888     0.545098
43889     0.525490
43890     0.513726
43891     0.501961
43892     0.501961
43893     0.505882
43894     0.513726
43895     0.525490
43896     0.537255
43897     0.545098
43898     0.552941
43899     0.545098
43900     0.533333
43901     0.525490
43902     0.525490
43903     0.529412
43904     0.513726
43905     0.486275
43906     0.458824
43907     0.447059
43908     0.450980
43909     0.462745
43910     0.474510
43911     0.478431
43912     0.470588
43913     0.454902
43914     0.439216
43915     0.462745
43916     0.478431
43917     0.498039
43918     0.521569
43919     0.541176
43920     0.552941
43921     0.560784
43922     0.560784
43923     0.572549
43924     0.568627
43925     0.560784
43926     0.545098
43927     0.529412
43928     0.521569
43929     0.517647
43930     0.517647
43931     0.509804
43932     0.517647
43933     0.533333
43934     0.552941
43935     0.576471
43936     0.603922
43937     0.631373
43938     0.647059
43939     0.635294
43940     0.623529
43941     0.615686
43942     0.619608
43943     0.631373
43944     0.635294
43945     0.631373
43946     0.623529
43947     0.600000
43948     0.596078
43949     0.596078
43950     0.603922
43951     0.615686
43952     0.627451
43953     0.627451
43954     0.627451
43955     0.623529
43956     0.635294
43957     0.670588
43958     0.705882
43959     0.709804
43960     0.698039
43961     0.698039
43962     0.713726
43963     0.713726
43964     0.678431
43965     0.647059
43966     0.643137
43967     0.635294
43968     0.619608
43969     0.615686
43970     0.623529
43971     0.600000
43972     0.600000
43973     0.600000
43974     0.607843
43975     0.615686
43976     0.611765
43977     0.592157
43978     0.576471
43979     0.572549
43980     0.576471
43981     0.584314
43982     0.592157
43983     0.603922
43984     0.611765
43985     0.615686
43986     0.619608
43987     0.639216
43988     0.639216
43989     0.650980
43990     0.670588
43991     0.686275
43992     0.682353
43993     0.662745
43994     0.647059
43995     0.619608
43996     0.607843
43997     0.592157
43998     0.572549
43999     0.556863
44000     0.549020
44001     0.541176
44002     0.537255
44003     0.556863
44004     0.564706
44005     0.592157
44006     0.627451
44007     0.639216
44008     0.627451
44009     0.619608
44010     0.623529
44011     0.627451
44012     0.631373
44013     0.635294
44014     0.639216
44015     0.639216
44016     0.631373
44017     0.619608
44018     0.611765
44019     0.576471
44020     0.580392
44021     0.584314
44022     0.592157
44023     0.600000
44024     0.611765
44025     0.623529
44026     0.627451
44027     0.623529
44028     0.619608
44029     0.615686
44030     0.611765
44031     0.607843
44032     0.603922
44033     0.603922
44034     0.600000
44035     0.607843
44036     0.615686
44037     0.619608
44038     0.627451
44039     0.631373
44040     0.639216
44041     0.647059
44042     0.658824
44043     0.670588
44044     0.674510
44045     0.682353
44046     0.694118
44047     0.690196
44048     0.678431
44049     0.658824
44050     0.635294
44051     0.623529
44052     0.619608
44053     0.623529
44054     0.619608
44055     0.623529
44056     0.619608
44057     0.615686
44058     0.611765
44059     0.615686
44060     0.627451
44061     0.639216
44062     0.639216
44063     0.639216
44064     0.635294
44065     0.627451
44066     0.619608
44067     0.603922
44068     0.588235
44069     0.580392
44070     0.611765
44071     0.615686
44072     0.619608
44073     0.615686
44074     0.607843
44075     0.607843
44076     0.615686
44077     0.623529
44078     0.631373
44079     0.631373
44080     0.631373
44081     0.631373
44082     0.627451
44083     0.619608
44084     0.615686
44085     0.611765
44086     0.603922
44087     0.603922
44088     0.603922
44089     0.611765
44090     0.619608
44091     0.619608
44092     0.611765
44093     0.603922
44094     0.576471
44095     0.572549
44096     0.564706
44097     0.560784
44098     0.556863
44099     0.545098
44100     0.529412
44101     0.517647
44102     0.525490
44103     0.501961
44104     0.498039
44105     0.525490
44106     0.560784
44107     0.576471
44108     0.584314
44109     0.588235
44110     0.600000
44111     0.596078
44112     0.592157
44113     0.576471
44114     0.556863
44115     0.537255
44116     0.517647
44117     0.505882
44118     0.486275
44119     0.490196
44120     0.498039
44121     0.505882
44122     0.517647
44123     0.533333
44124     0.545098
44125     0.549020
44126     0.556863
44127     0.533333
44128     0.509804
44129     0.494118
44130     0.494118
44131     0.490196
44132     0.478431
44133     0.466667
44134     0.439216
44135     0.450980
44136     0.466667
44137     0.486275
44138     0.490196
44139     0.478431
44140     0.450980
44141     0.431373
44142     0.454902
44143     0.462745
44144     0.478431
44145     0.498039
44146     0.517647
44147     0.537255
44148     0.549020
44149     0.556863
44150     0.552941
44151     0.560784
44152     0.560784
44153     0.545098
44154     0.525490
44155     0.509804
44156     0.509804
44157     0.513726
44158     0.509804
44159     0.517647
44160     0.529412
44161     0.545098
44162     0.564706
44163     0.584314
44164     0.596078
44165     0.603922
44166     0.596078
44167     0.592157
44168     0.588235
44169     0.588235
44170     0.592157
44171     0.596078
44172     0.603922
44173     0.607843
44174     0.584314
44175     0.580392
44176     0.584314
44177     0.596078
44178     0.615686
44179     0.627451
44180     0.631373
44181     0.631373
44182     0.619608
44183     0.631373
44184     0.658824
44185     0.694118
44186     0.705882
44187     0.698039
44188     0.701961
44189     0.717647
44190     0.721569
44191     0.694118
44192     0.670588
44193     0.658824
44194     0.647059
44195     0.623529
44196     0.611765
44197     0.611765
44198     0.584314
44199     0.592157
44200     0.607843
44201     0.623529
44202     0.627451
44203     0.615686
44204     0.592157
44205     0.572549
44206     0.564706
44207     0.564706
44208     0.568627
44209     0.572549
44210     0.588235
44211     0.603922
44212     0.623529
44213     0.631373
44214     0.647059
44215     0.662745
44216     0.686275
44217     0.705882
44218     0.705882
44219     0.694118
44220     0.670588
44221     0.650980
44222     0.600000
44223     0.592157
44224     0.584314
44225     0.568627
44226     0.556863
44227     0.545098
44228     0.537255
44229     0.529412
44230     0.541176
44231     0.545098
44232     0.572549
44233     0.611765
44234     0.627451
44235     0.619608
44236     0.615686
44237     0.623529
44238     0.639216
44239     0.647059
44240     0.650980
44241     0.650980
44242     0.639216
44243     0.619608
44244     0.600000
44245     0.588235
44246     0.564706
44247     0.568627
44248     0.576471
44249     0.588235
44250     0.596078
44251     0.603922
44252     0.607843
44253     0.611765
44254     0.615686
44255     0.611765
44256     0.607843
44257     0.603922
44258     0.596078
44259     0.592157
44260     0.588235
44261     0.584314
44262     0.592157
44263     0.603922
44264     0.619608
44265     0.611765
44266     0.619608
44267     0.631373
44268     0.647059
44269     0.662745
44270     0.674510
44271     0.686275
44272     0.690196
44273     0.694118
44274     0.682353
44275     0.670588
44276     0.650980
44277     0.639216
44278     0.635294
44279     0.639216
44280     0.643137
44281     0.619608
44282     0.619608
44283     0.615686
44284     0.611765
44285     0.607843
44286     0.615686
44287     0.635294
44288     0.650980
44289     0.643137
44290     0.639216
44291     0.635294
44292     0.623529
44293     0.611765
44294     0.600000
44295     0.588235
44296     0.584314
44297     0.607843
44298     0.607843
44299     0.607843
44300     0.603922
44301     0.596078
44302     0.600000
44303     0.611765
44304     0.623529
44305     0.635294
44306     0.635294
44307     0.635294
44308     0.631373
44309     0.627451
44310     0.623529
44311     0.615686
44312     0.611765
44313     0.603922
44314     0.603922
44315     0.607843
44316     0.611765
44317     0.619608
44318     0.611765
44319     0.600000
44320     0.588235
44321     0.556863
44322     0.556863
44323     0.556863
44324     0.556863
44325     0.549020
44326     0.537255
44327     0.521569
44328     0.509804
44329     0.533333
44330     0.521569
44331     0.537255
44332     0.580392
44333     0.596078
44334     0.584314
44335     0.588235
44336     0.619608
44337     0.607843
44338     0.600000
44339     0.584314
44340     0.564706
44341     0.545098
44342     0.521569
44343     0.501961
44344     0.494118
44345     0.474510
44346     0.478431
44347     0.486275
44348     0.498039
44349     0.509804
44350     0.525490
44351     0.537255
44352     0.545098
44353     0.564706
44354     0.545098
44355     0.517647
44356     0.501961
44357     0.498039
44358     0.498039
44359     0.498039
44360     0.494118
44361     0.458824
44362     0.466667
44363     0.482353
44364     0.498039
44365     0.505882
44366     0.494118
44367     0.474510
44368     0.458824
44369     0.474510
44370     0.478431
44371     0.482353
44372     0.494118
44373     0.509804
44374     0.529412
44375     0.545098
44376     0.556863
44377     0.545098
44378     0.552941
44379     0.549020
44380     0.533333
44381     0.509804
44382     0.498039
44383     0.509804
44384     0.521569
44385     0.517647
44386     0.521569
44387     0.533333
44388     0.549020
44389     0.564706
44390     0.572549
44391     0.576471
44392     0.572549
44393     0.564706
44394     0.568627
44395     0.568627
44396     0.568627
44397     0.568627
44398     0.576471
44399     0.592157
44400     0.603922
44401     0.584314
44402     0.580392
44403     0.576471
44404     0.584314
44405     0.592157
44406     0.596078
44407     0.596078
44408     0.592157
44409     0.596078
44410     0.603922
44411     0.631373
44412     0.666667
44413     0.690196
44414     0.690196
44415     0.698039
44416     0.709804
44417     0.709804
44418     0.698039
44419     0.682353
44420     0.670588
44421     0.658824
44422     0.643137
44423     0.631373
44424     0.627451
44425     0.596078
44426     0.607843
44427     0.619608
44428     0.627451
44429     0.627451
44430     0.611765
44431     0.592157
44432     0.576471
44433     0.564706
44434     0.560784
44435     0.560784
44436     0.568627
44437     0.584314
44438     0.607843
44439     0.631373
44440     0.647059
44441     0.654902
44442     0.674510
44443     0.698039
44444     0.709804
44445     0.698039
44446     0.678431
44447     0.658824
44448     0.650980
44449     0.584314
44450     0.580392
44451     0.572549
44452     0.564706
44453     0.552941
44454     0.541176
44455     0.529412
44456     0.521569
44457     0.525490
44458     0.529412
44459     0.560784
44460     0.600000
44461     0.619608
44462     0.615686
44463     0.615686
44464     0.623529
44465     0.654902
44466     0.662745
44467     0.666667
44468     0.658824
44469     0.643137
44470     0.615686
44471     0.588235
44472     0.568627
44473     0.552941
44474     0.560784
44475     0.572549
44476     0.584314
44477     0.592157
44478     0.592157
44479     0.592157
44480     0.592157
44481     0.592157
44482     0.592157
44483     0.592157
44484     0.592157
44485     0.588235
44486     0.584314
44487     0.580392
44488     0.580392
44489     0.588235
44490     0.607843
44491     0.627451
44492     0.600000
44493     0.607843
44494     0.623529
44495     0.643137
44496     0.662745
44497     0.678431
44498     0.686275
44499     0.690196
44500     0.670588
44501     0.662745
44502     0.650980
44503     0.643137
44504     0.639216
44505     0.643137
44506     0.647059
44507     0.647059
44508     0.615686
44509     0.615686
44510     0.615686
44511     0.611765
44512     0.611765
44513     0.623529
44514     0.643137
44515     0.662745
44516     0.647059
44517     0.643137
44518     0.635294
44519     0.623529
44520     0.611765
44521     0.603922
44522     0.600000
44523     0.596078
44524     0.603922
44525     0.603922
44526     0.600000
44527     0.596078
44528     0.592157
44529     0.600000
44530     0.615686
44531     0.631373
44532     0.639216
44533     0.639216
44534     0.635294
44535     0.635294
44536     0.627451
44537     0.623529
44538     0.615686
44539     0.611765
44540     0.603922
44541     0.603922
44542     0.603922
44543     0.607843
44544     0.611765
44545     0.603922
44546     0.592157
44547     0.576471
44548     0.556863
44549     0.556863
44550     0.556863
44551     0.552941
44552     0.541176
44553     0.533333
44554     0.525490
44555     0.521569
44556     0.541176
44557     0.552941
44558     0.588235
44559     0.627451
44560     0.611765
44561     0.572549
44562     0.576471
44563     0.615686
44564     0.596078
44565     0.588235
44566     0.576471
44567     0.556863
44568     0.537255
44569     0.513726
44570     0.498039
44571     0.486275
44572     0.474510
44573     0.478431
44574     0.486275
44575     0.498039
44576     0.509804
44577     0.525490
44578     0.537255
44579     0.545098
44580     0.564706
44581     0.552941
44582     0.541176
44583     0.529412
44584     0.525490
44585     0.521569
44586     0.517647
44587     0.513726
44588     0.486275
44589     0.486275
44590     0.486275
44591     0.494118
44592     0.501961
44593     0.505882
44594     0.498039
44595     0.490196
44596     0.498039
44597     0.494118
44598     0.490196
44599     0.494118
44600     0.501961
44601     0.517647
44602     0.533333
44603     0.545098
44604     0.549020
44605     0.545098
44606     0.537255
44607     0.517647
44608     0.498039
44609     0.498039
44610     0.509804
44611     0.525490
44612     0.517647
44613     0.521569
44614     0.533333
44615     0.549020
44616     0.564706
44617     0.568627
44618     0.556863
44619     0.545098
44620     0.533333
44621     0.541176
44622     0.549020
44623     0.556863
44624     0.560784
44625     0.572549
44626     0.588235
44627     0.603922
44628     0.603922
44629     0.588235
44630     0.572549
44631     0.560784
44632     0.556863
44633     0.552941
44634     0.545098
44635     0.537255
44636     0.552941
44637     0.552941
44638     0.580392
44639     0.627451
44640     0.658824
44641     0.670588
44642     0.686275
44643     0.701961
44644     0.709804
44645     0.709804
44646     0.701961
44647     0.690196
44648     0.674510
44649     0.662745
44650     0.654902
44651     0.647059
44652     0.631373
44653     0.631373
44654     0.631373
44655     0.627451
44656     0.615686
44657     0.603922
44658     0.592157
44659     0.588235
44660     0.576471
44661     0.576471
44662     0.576471
44663     0.584314
44664     0.600000
44665     0.623529
44666     0.643137
44667     0.658824
44668     0.662745
44669     0.670588
44670     0.682353
44671     0.678431
44672     0.666667
44673     0.650980
44674     0.639216
44675     0.635294
44676     0.576471
44677     0.572549
44678     0.568627
44679     0.556863
44680     0.545098
44681     0.533333
44682     0.521569
44683     0.513726
44684     0.517647
44685     0.521569
44686     0.549020
44687     0.592157
44688     0.611765
44689     0.611765
44690     0.615686
44691     0.623529
44692     0.662745
44693     0.666667
44694     0.670588
44695     0.662745
44696     0.643137
44697     0.611765
44698     0.580392
44699     0.560784
44700     0.549020
44701     0.556863
44702     0.564706
44703     0.576471
44704     0.580392
44705     0.584314
44706     0.580392
44707     0.580392
44708     0.568627
44709     0.572549
44710     0.576471
44711     0.580392
44712     0.584314
44713     0.584314
44714     0.584314
44715     0.580392
44716     0.596078
44717     0.615686
44718     0.639216
44719     0.600000
44720     0.607843
44721     0.627451
44722     0.643137
44723     0.658824
44724     0.666667
44725     0.674510
44726     0.674510
44727     0.639216
44728     0.635294
44729     0.631373
44730     0.631373
44731     0.635294
44732     0.635294
44733     0.631373
44734     0.623529
44735     0.600000
44736     0.603922
44737     0.611765
44738     0.615686
44739     0.619608
44740     0.635294
44741     0.654902
44742     0.670588
44743     0.658824
44744     0.650980
44745     0.639216
44746     0.631373
44747     0.623529
44748     0.623529
44749     0.623529
44750     0.627451
44751     0.619608
44752     0.619608
44753     0.607843
44754     0.600000
44755     0.596078
44756     0.603922
44757     0.623529
44758     0.639216
44759     0.643137
44760     0.643137
44761     0.639216
44762     0.635294
44763     0.631373
44764     0.623529
44765     0.615686
44766     0.611765
44767     0.607843
44768     0.603922
44769     0.603922
44770     0.603922
44771     0.607843
44772     0.603922
44773     0.592157
44774     0.580392
44775     0.572549
44776     0.568627
44777     0.564706
44778     0.552941
44779     0.541176
44780     0.537255
44781     0.545098
44782     0.552941
44783     0.552941
44784     0.576471
44785     0.611765
44786     0.619608
44787     0.592157
44788     0.556863
44789     0.560784
44790     0.584314
44791     0.580392
44792     0.576471
44793     0.572549
44794     0.560784
44795     0.545098
44796     0.525490
44797     0.509804
44798     0.498039
44799     0.494118
44800     0.494118
44801     0.501961
44802     0.509804
44803     0.521569
44804     0.537255
44805     0.549020
44806     0.552941
44807     0.564706
44808     0.564706
44809     0.560784
44810     0.552941
44811     0.545098
44812     0.533333
44813     0.521569
44814     0.513726
44815     0.498039
44816     0.490196
44817     0.482353
44818     0.482353
44819     0.490196
44820     0.501961
44821     0.505882
44822     0.505882
44823     0.501961
44824     0.498039
44825     0.490196
44826     0.486275
44827     0.494118
44828     0.505882
44829     0.521569
44830     0.529412
44831     0.549020
44832     0.537255
44833     0.521569
44834     0.509804
44835     0.505882
44836     0.509804
44837     0.513726
44838     0.517647
44839     0.509804
44840     0.513726
44841     0.525490
44842     0.549020
44843     0.568627
44844     0.564706
44845     0.545098
44846     0.525490
44847     0.513726
44848     0.517647
44849     0.533333
44850     0.549020
44851     0.568627
44852     0.584314
44853     0.596078
44854     0.600000
44855     0.611765
44856     0.592157
44857     0.564706
44858     0.541176
44859     0.529412
44860     0.525490
44861     0.521569
44862     0.517647
44863     0.529412
44864     0.521569
44865     0.541176
44866     0.584314
44867     0.623529
44868     0.639216
44869     0.654902
44870     0.670588
44871     0.701961
44872     0.713726
44873     0.709804
44874     0.686275
44875     0.670588
44876     0.666667
44877     0.662745
44878     0.650980
44879     0.654902
44880     0.654902
44881     0.647059
44882     0.631373
44883     0.611765
44884     0.600000
44885     0.600000
44886     0.603922
44887     0.600000
44888     0.603922
44889     0.611765
44890     0.623529
44891     0.635294
44892     0.650980
44893     0.658824
44894     0.666667
44895     0.666667
44896     0.662745
44897     0.654902
44898     0.647059
44899     0.635294
44900     0.627451
44901     0.615686
44902     0.607843
44903     0.580392
44904     0.576471
44905     0.564706
44906     0.552941
44907     0.537255
44908     0.525490
44909     0.517647
44910     0.513726
44911     0.521569
44912     0.525490
44913     0.549020
44914     0.588235
44915     0.611765
44916     0.611765
44917     0.615686
44918     0.627451
44919     0.654902
44920     0.658824
44921     0.658824
44922     0.650980
44923     0.631373
44924     0.603922
44925     0.580392
44926     0.564706
44927     0.552941
44928     0.556863
44929     0.560784
44930     0.568627
44931     0.572549
44932     0.572549
44933     0.572549
44934     0.572549
44935     0.549020
44936     0.556863
44937     0.568627
44938     0.576471
44939     0.580392
44940     0.584314
44941     0.584314
44942     0.580392
44943     0.600000
44944     0.615686
44945     0.639216
44946     0.615686
44947     0.623529
44948     0.635294
44949     0.643137
44950     0.650980
44951     0.650980
44952     0.647059
44953     0.643137
44954     0.619608
44955     0.615686
44956     0.619608
44957     0.627451
44958     0.631373
44959     0.623529
44960     0.600000
44961     0.580392
44962     0.584314
44963     0.592157
44964     0.607843
44965     0.619608
44966     0.627451
44967     0.643137
44968     0.662745
44969     0.678431
44970     0.670588
44971     0.662745
44972     0.654902
44973     0.647059
44974     0.647059
44975     0.650980
44976     0.658824
44977     0.666667
44978     0.658824
44979     0.650980
44980     0.635294
44981     0.615686
44982     0.603922
44983     0.611765
44984     0.631373
44985     0.647059
44986     0.643137
44987     0.643137
44988     0.643137
44989     0.639216
44990     0.631373
44991     0.623529
44992     0.615686
44993     0.611765
44994     0.619608
44995     0.611765
44996     0.607843
44997     0.607843
44998     0.611765
44999     0.611765
45000     0.603922
45001     0.596078
45002     0.596078
45003     0.588235
45004     0.572549
45005     0.552941
45006     0.537255
45007     0.545098
45008     0.568627
45009     0.588235
45010     0.588235
45011     0.603922
45012     0.603922
45013     0.584314
45014     0.568627
45015     0.564706
45016     0.564706
45017     0.556863
45018     0.572549
45019     0.576471
45020     0.580392
45021     0.580392
45022     0.568627
45023     0.552941
45024     0.537255
45025     0.525490
45026     0.517647
45027     0.521569
45028     0.525490
45029     0.533333
45030     0.545098
45031     0.556863
45032     0.564706
45033     0.572549
45034     0.584314
45035     0.584314
45036     0.580392
45037     0.568627
45038     0.549020
45039     0.533333
45040     0.517647
45041     0.513726
45042     0.501961
45043     0.490196
45044     0.482353
45045     0.482353
45046     0.494118
45047     0.501961
45048     0.509804
45049     0.509804
45050     0.498039
45051     0.494118
45052     0.490196
45053     0.490196
45054     0.494118
45055     0.509804
45056     0.521569
45057     0.529412
45058     0.541176
45059     0.525490
45060     0.517647
45061     0.517647
45062     0.529412
45063     0.529412
45064     0.513726
45065     0.498039
45066     0.513726
45067     0.517647
45068     0.529412
45069     0.556863
45070     0.580392
45071     0.576471
45072     0.552941
45073     0.525490
45074     0.509804
45075     0.513726
45076     0.529412
45077     0.560784
45078     0.596078
45079     0.619608
45080     0.619608
45081     0.615686
45082     0.600000
45083     0.580392
45084     0.549020
45085     0.529412
45086     0.529412
45087     0.537255
45088     0.545098
45089     0.549020
45090     0.564706
45091     0.545098
45092     0.545098
45093     0.564706
45094     0.584314
45095     0.580392
45096     0.580392
45097     0.588235
45098     0.650980
45099     0.670588
45100     0.670588
45101     0.647059
45102     0.635294
45103     0.647059
45104     0.650980
45105     0.647059
45106     0.658824
45107     0.662745
45108     0.658824
45109     0.643137
45110     0.619608
45111     0.607843
45112     0.611765
45113     0.615686
45114     0.627451
45115     0.635294
45116     0.650980
45117     0.666667
45118     0.674510
45119     0.678431
45120     0.674510
45121     0.674510
45122     0.670588
45123     0.654902
45124     0.639216
45125     0.631373
45126     0.627451
45127     0.619608
45128     0.596078
45129     0.580392
45130     0.588235
45131     0.580392
45132     0.564706
45133     0.545098
45134     0.529412
45135     0.521569
45136     0.513726
45137     0.509804
45138     0.529412
45139     0.529412
45140     0.552941
45141     0.592157
45142     0.611765
45143     0.611765
45144     0.619608
45145     0.631373
45146     0.635294
45147     0.635294
45148     0.635294
45149     0.627451
45150     0.611765
45151     0.596078
45152     0.576471
45153     0.564706
45154     0.560784
45155     0.560784
45156     0.560784
45157     0.560784
45158     0.564706
45159     0.568627
45160     0.572549
45161     0.572549
45162     0.549020
45163     0.556863
45164     0.564706
45165     0.576471
45166     0.580392
45167     0.580392
45168     0.576471
45169     0.572549
45170     0.592157
45171     0.603922
45172     0.623529
45173     0.631373
45174     0.635294
45175     0.643137
45176     0.647059
45177     0.643137
45178     0.635294
45179     0.623529
45180     0.619608
45181     0.607843
45182     0.607843
45183     0.611765
45184     0.623529
45185     0.623529
45186     0.607843
45187     0.576471
45188     0.549020
45189     0.572549
45190     0.588235
45191     0.603922
45192     0.619608
45193     0.635294
45194     0.650980
45195     0.666667
45196     0.682353
45197     0.678431
45198     0.670588
45199     0.662745
45200     0.658824
45201     0.662745
45202     0.670588
45203     0.686275
45204     0.694118
45205     0.686275
45206     0.674510
45207     0.654902
45208     0.631373
45209     0.615686
45210     0.615686
45211     0.631373
45212     0.647059
45213     0.647059
45214     0.647059
45215     0.643137
45216     0.639216
45217     0.631373
45218     0.623529
45219     0.615686
45220     0.611765
45221     0.631373
45222     0.619608
45223     0.611765
45224     0.611765
45225     0.615686
45226     0.615686
45227     0.615686
45228     0.611765
45229     0.611765
45230     0.600000
45231     0.580392
45232     0.552941
45233     0.541176
45234     0.549020
45235     0.584314
45236     0.607843
45237     0.623529
45238     0.619608
45239     0.588235
45240     0.549020
45241     0.552941
45242     0.584314
45243     0.580392
45244     0.545098
45245     0.572549
45246     0.580392
45247     0.592157
45248     0.596078
45249     0.592157
45250     0.576471
45251     0.560784
45252     0.549020
45253     0.541176
45254     0.541176
45255     0.545098
45256     0.552941
45257     0.560784
45258     0.572549
45259     0.580392
45260     0.584314
45261     0.607843
45262     0.607843
45263     0.596078
45264     0.576471
45265     0.552941
45266     0.529412
45267     0.517647
45268     0.513726
45269     0.501961
45270     0.494118
45271     0.490196
45272     0.494118
45273     0.501961
45274     0.513726
45275     0.513726
45276     0.513726
45277     0.498039
45278     0.494118
45279     0.494118
45280     0.498039
45281     0.505882
45282     0.521569
45283     0.533333
45284     0.541176
45285     0.529412
45286     0.517647
45287     0.513726
45288     0.529412
45289     0.549020
45290     0.545098
45291     0.509804
45292     0.478431
45293     0.521569
45294     0.525490
45295     0.545098
45296     0.572549
45297     0.600000
45298     0.596078
45299     0.568627
45300     0.537255
45301     0.521569
45302     0.525490
45303     0.541176
45304     0.580392
45305     0.627451
45306     0.650980
45307     0.647059
45308     0.631373
45309     0.588235
45310     0.564706
45311     0.537255
45312     0.525490
45313     0.537255
45314     0.556863
45315     0.580392
45316     0.592157
45317     0.619608
45318     0.588235
45319     0.568627
45320     0.564706
45321     0.556863
45322     0.533333
45323     0.513726
45324     0.509804
45325     0.588235
45326     0.611765
45327     0.619608
45328     0.600000
45329     0.600000
45330     0.623529
45331     0.643137
45332     0.639216
45333     0.650980
45334     0.658824
45335     0.662745
45336     0.650980
45337     0.631373
45338     0.619608
45339     0.619608
45340     0.627451
45341     0.643137
45342     0.658824
45343     0.678431
45344     0.694118
45345     0.701961
45346     0.694118
45347     0.686275
45348     0.674510
45349     0.670588
45350     0.650980
45351     0.635294
45352     0.631373
45353     0.635294
45354     0.619608
45355     0.592157
45356     0.560784
45357     0.596078
45358     0.584314
45359     0.564706
45360     0.545098
45361     0.525490
45362     0.517647
45363     0.513726
45364     0.513726
45365     0.533333
45366     0.537255
45367     0.556863
45368     0.596078
45369     0.615686
45370     0.615686
45371     0.619608
45372     0.635294
45373     0.619608
45374     0.619608
45375     0.615686
45376     0.607843
45377     0.600000
45378     0.584314
45379     0.572549
45380     0.564706
45381     0.564706
45382     0.564706
45383     0.560784
45384     0.556863
45385     0.556863
45386     0.564706
45387     0.572549
45388     0.576471
45389     0.552941
45390     0.560784
45391     0.568627
45392     0.576471
45393     0.580392
45394     0.572549
45395     0.568627
45396     0.564706
45397     0.580392
45398     0.592157
45399     0.607843
45400     0.635294
45401     0.643137
45402     0.643137
45403     0.639216
45404     0.627451
45405     0.615686
45406     0.611765
45407     0.615686
45408     0.611765
45409     0.611765
45410     0.611765
45411     0.611765
45412     0.611765
45413     0.603922
45414     0.592157
45415     0.580392
45416     0.603922
45417     0.603922
45418     0.611765
45419     0.619608
45420     0.627451
45421     0.643137
45422     0.650980
45423     0.658824
45424     0.654902
45425     0.654902
45426     0.658824
45427     0.670588
45428     0.682353
45429     0.690196
45430     0.686275
45431     0.682353
45432     0.666667
45433     0.654902
45434     0.639216
45435     0.627451
45436     0.619608
45437     0.627451
45438     0.635294
45439     0.643137
45440     0.635294
45441     0.639216
45442     0.639216
45443     0.635294
45444     0.627451
45445     0.615686
45446     0.603922
45447     0.596078
45448     0.619608
45449     0.631373
45450     0.643137
45451     0.639216
45452     0.627451
45453     0.615686
45454     0.615686
45455     0.623529
45456     0.615686
45457     0.584314
45458     0.552941
45459     0.549020
45460     0.572549
45461     0.607843
45462     0.631373
45463     0.635294
45464     0.635294
45465     0.635294
45466     0.611765
45467     0.572549
45468     0.560784
45469     0.588235
45470     0.600000
45471     0.596078
45472     0.576471
45473     0.592157
45474     0.603922
45475     0.603922
45476     0.592157
45477     0.580392
45478     0.576471
45479     0.580392
45480     0.580392
45481     0.576471
45482     0.572549
45483     0.580392
45484     0.592157
45485     0.600000
45486     0.603922
45487     0.603922
45488     0.592157
45489     0.596078
45490     0.588235
45491     0.568627
45492     0.541176
45493     0.525490
45494     0.525490
45495     0.529412
45496     0.521569
45497     0.517647
45498     0.513726
45499     0.513726
45500     0.509804
45501     0.513726
45502     0.513726
45503     0.517647
45504     0.505882
45505     0.513726
45506     0.529412
45507     0.537255
45508     0.541176
45509     0.545098
45510     0.549020
45511     0.552941
45512     0.556863
45513     0.568627
45514     0.572549
45515     0.568627
45516     0.545098
45517     0.517647
45518     0.498039
45519     0.490196
45520     0.505882
45521     0.533333
45522     0.576471
45523     0.603922
45524     0.607843
45525     0.588235
45526     0.568627
45527     0.556863
45528     0.537255
45529     0.525490
45530     0.560784
45531     0.635294
45532     0.670588
45533     0.650980
45534     0.635294
45535     0.647059
45536     0.623529
45537     0.584314
45538     0.549020
45539     0.549020
45540     0.584314
45541     0.619608
45542     0.639216
45543     0.643137
45544     0.607843
45545     0.584314
45546     0.560784
45547     0.549020
45548     0.552941
45549     0.545098
45550     0.525490
45551     0.509804
45552     0.490196
45553     0.494118
45554     0.505882
45555     0.525490
45556     0.552941
45557     0.584314
45558     0.611765
45559     0.627451
45560     0.631373
45561     0.639216
45562     0.643137
45563     0.635294
45564     0.619608
45565     0.619608
45566     0.639216
45567     0.662745
45568     0.682353
45569     0.705882
45570     0.717647
45571     0.701961
45572     0.694118
45573     0.698039
45574     0.705882
45575     0.701961
45576     0.662745
45577     0.654902
45578     0.647059
45579     0.635294
45580     0.623529
45581     0.611765
45582     0.607843
45583     0.603922
45584     0.615686
45585     0.607843
45586     0.592157
45587     0.576471
45588     0.564706
45589     0.549020
45590     0.533333
45591     0.521569
45592     0.552941
45593     0.568627
45594     0.596078
45595     0.619608
45596     0.627451
45597     0.619608
45598     0.603922
45599     0.592157
45600     0.615686
45601     0.615686
45602     0.611765
45603     0.600000
45604     0.584314
45605     0.564706
45606     0.545098
45607     0.533333
45608     0.537255
45609     0.552941
45610     0.560784
45611     0.552941
45612     0.560784
45613     0.572549
45614     0.572549
45615     0.560784
45616     0.525490
45617     0.533333
45618     0.549020
45619     0.564706
45620     0.572549
45621     0.572549
45622     0.572549
45623     0.568627
45624     0.549020
45625     0.576471
45626     0.607843
45627     0.639216
45628     0.643137
45629     0.643137
45630     0.635294
45631     0.623529
45632     0.611765
45633     0.607843
45634     0.611765
45635     0.615686
45636     0.611765
45637     0.607843
45638     0.607843
45639     0.603922
45640     0.600000
45641     0.592157
45642     0.584314
45643     0.600000
45644     0.603922
45645     0.611765
45646     0.619608
45647     0.631373
45648     0.639216
45649     0.647059
45650     0.650980
45651     0.650980
45652     0.647059
45653     0.647059
45654     0.654902
45655     0.670588
45656     0.678431
45657     0.678431
45658     0.674510
45659     0.658824
45660     0.650980
45661     0.635294
45662     0.623529
45663     0.619608
45664     0.623529
45665     0.627451
45666     0.635294
45667     0.627451
45668     0.627451
45669     0.627451
45670     0.623529
45671     0.619608
45672     0.611765
45673     0.600000
45674     0.596078
45675     0.615686
45676     0.627451
45677     0.639216
45678     0.635294
45679     0.627451
45680     0.615686
45681     0.615686
45682     0.619608
45683     0.619608
45684     0.592157
45685     0.564706
45686     0.564706
45687     0.588235
45688     0.619608
45689     0.639216
45690     0.643137
45691     0.654902
45692     0.662745
45693     0.650980
45694     0.627451
45695     0.615686
45696     0.627451
45697     0.623529
45698     0.607843
45699     0.592157
45700     0.600000
45701     0.607843
45702     0.603922
45703     0.596078
45704     0.588235
45705     0.588235
45706     0.596078
45707     0.592157
45708     0.588235
45709     0.580392
45710     0.580392
45711     0.588235
45712     0.592157
45713     0.588235
45714     0.584314
45715     0.580392
45716     0.580392
45717     0.572549
45718     0.556863
45719     0.533333
45720     0.521569
45721     0.521569
45722     0.529412
45723     0.521569
45724     0.517647
45725     0.513726
45726     0.509804
45727     0.505882
45728     0.501961
45729     0.501961
45730     0.501961
45731     0.517647
45732     0.521569
45733     0.525490
45734     0.533333
45735     0.541176
45736     0.549020
45737     0.560784
45738     0.572549
45739     0.568627
45740     0.572549
45741     0.576471
45742     0.564706
45743     0.545098
45744     0.521569
45745     0.509804
45746     0.505882
45747     0.537255
45748     0.564706
45749     0.596078
45750     0.615686
45751     0.615686
45752     0.596078
45753     0.572549
45754     0.560784
45755     0.545098
45756     0.537255
45757     0.568627
45758     0.635294
45759     0.666667
45760     0.647059
45761     0.631373
45762     0.643137
45763     0.619608
45764     0.592157
45765     0.568627
45766     0.572549
45767     0.603922
45768     0.627451
45769     0.631373
45770     0.627451
45771     0.592157
45772     0.572549
45773     0.549020
45774     0.541176
45775     0.549020
45776     0.549020
45777     0.537255
45778     0.521569
45779     0.509804
45780     0.509804
45781     0.509804
45782     0.517647
45783     0.533333
45784     0.552941
45785     0.572549
45786     0.584314
45787     0.592157
45788     0.607843
45789     0.619608
45790     0.619608
45791     0.615686
45792     0.623529
45793     0.647059
45794     0.670588
45795     0.690196
45796     0.713726
45797     0.721569
45798     0.709804
45799     0.698039
45800     0.705882
45801     0.705882
45802     0.701961
45803     0.666667
45804     0.658824
45805     0.647059
45806     0.631373
45807     0.619608
45808     0.615686
45809     0.615686
45810     0.615686
45811     0.631373
45812     0.627451
45813     0.623529
45814     0.615686
45815     0.600000
45816     0.580392
45817     0.556863
45818     0.541176
45819     0.556863
45820     0.576471
45821     0.603922
45822     0.627451
45823     0.635294
45824     0.627451
45825     0.615686
45826     0.603922
45827     0.611765
45828     0.611765
45829     0.607843
45830     0.600000
45831     0.588235
45832     0.568627
45833     0.552941
45834     0.545098
45835     0.552941
45836     0.568627
45837     0.580392
45838     0.572549
45839     0.568627
45840     0.568627
45841     0.556863
45842     0.537255
45843     0.521569
45844     0.533333
45845     0.549020
45846     0.564706
45847     0.568627
45848     0.564706
45849     0.556863
45850     0.549020
45851     0.552941
45852     0.580392
45853     0.611765
45854     0.631373
45855     0.635294
45856     0.635294
45857     0.627451
45858     0.615686
45859     0.607843
45860     0.607843
45861     0.611765
45862     0.619608
45863     0.615686
45864     0.607843
45865     0.603922
45866     0.596078
45867     0.596078
45868     0.592157
45869     0.592157
45870     0.596078
45871     0.603922
45872     0.615686
45873     0.627451
45874     0.635294
45875     0.639216
45876     0.643137
45877     0.643137
45878     0.643137
45879     0.639216
45880     0.635294
45881     0.643137
45882     0.654902
45883     0.662745
45884     0.666667
45885     0.666667
45886     0.650980
45887     0.643137
45888     0.635294
45889     0.627451
45890     0.619608
45891     0.619608
45892     0.623529
45893     0.627451
45894     0.627451
45895     0.627451
45896     0.627451
45897     0.627451
45898     0.623529
45899     0.619608
45900     0.611765
45901     0.607843
45902     0.619608
45903     0.627451
45904     0.635294
45905     0.635294
45906     0.627451
45907     0.623529
45908     0.619608
45909     0.619608
45910     0.623529
45911     0.603922
45912     0.588235
45913     0.588235
45914     0.611765
45915     0.635294
45916     0.650980
45917     0.654902
45918     0.666667
45919     0.682353
45920     0.690196
45921     0.682353
45922     0.670588
45923     0.658824
45924     0.639216
45925     0.611765
45926     0.603922
45927     0.607843
45928     0.603922
45929     0.600000
45930     0.592157
45931     0.592157
45932     0.600000
45933     0.607843
45934     0.603922
45935     0.596078
45936     0.588235
45937     0.580392
45938     0.580392
45939     0.576471
45940     0.568627
45941     0.556863
45942     0.564706
45943     0.560784
45944     0.549020
45945     0.533333
45946     0.517647
45947     0.513726
45948     0.517647
45949     0.525490
45950     0.517647
45951     0.513726
45952     0.505882
45953     0.498039
45954     0.494118
45955     0.490196
45956     0.486275
45957     0.486275
45958     0.513726
45959     0.513726
45960     0.513726
45961     0.517647
45962     0.533333
45963     0.549020
45964     0.564706
45965     0.576471
45966     0.580392
45967     0.576471
45968     0.572549
45969     0.556863
45970     0.545098
45971     0.537255
45972     0.541176
45973     0.545098
45974     0.580392
45975     0.600000
45976     0.623529
45977     0.631373
45978     0.615686
45979     0.592157
45980     0.572549
45981     0.560784
45982     0.560784
45983     0.552941
45984     0.580392
45985     0.631373
45986     0.654902
45987     0.635294
45988     0.623529
45989     0.635294
45990     0.619608
45991     0.603922
45992     0.592157
45993     0.600000
45994     0.619608
45995     0.631373
45996     0.619608
45997     0.603922
45998     0.580392
45999     0.560784
46000     0.541176
46001     0.537255
46002     0.545098
46003     0.549020
46004     0.545098
46005     0.537255
46006     0.529412
46007     0.521569
46008     0.513726
46009     0.509804
46010     0.509804
46011     0.521569
46012     0.533333
46013     0.541176
46014     0.549020
46015     0.568627
46016     0.588235
46017     0.603922
46018     0.615686
46019     0.635294
46020     0.662745
46021     0.682353
46022     0.701961
46023     0.721569
46024     0.729412
46025     0.717647
46026     0.709804
46027     0.713726
46028     0.709804
46029     0.698039
46030     0.674510
46031     0.662745
46032     0.643137
46033     0.627451
46034     0.619608
46035     0.619608
46036     0.627451
46037     0.631373
46038     0.647059
46039     0.650980
46040     0.654902
46041     0.647059
46042     0.627451
46043     0.603922
46044     0.576471
46045     0.560784
46046     0.568627
46047     0.588235
46048     0.615686
46049     0.639216
46050     0.650980
46051     0.643137
46052     0.631373
46053     0.619608
46054     0.611765
46055     0.611765
46056     0.607843
46057     0.600000
46058     0.592157
46059     0.580392
46060     0.572549
46061     0.564706
46062     0.580392
46063     0.596078
46064     0.603922
46065     0.592157
46066     0.580392
46067     0.572549
46068     0.549020
46069     0.525490
46070     0.537255
46071     0.545098
46072     0.560784
46073     0.568627
46074     0.568627
46075     0.564706
46076     0.552941
46077     0.545098
46078     0.564706
46079     0.592157
46080     0.623529
46081     0.611765
46082     0.615686
46083     0.615686
46084     0.611765
46085     0.603922
46086     0.603922
46087     0.607843
46088     0.615686
46089     0.619608
46090     0.619608
46091     0.611765
46092     0.603922
46093     0.592157
46094     0.592157
46095     0.596078
46096     0.603922
46097     0.600000
46098     0.607843
46099     0.623529
46100     0.635294
46101     0.643137
46102     0.643137
46103     0.639216
46104     0.639216
46105     0.643137
46106     0.635294
46107     0.631373
46108     0.635294
46109     0.647059
46110     0.658824
46111     0.658824
46112     0.658824
46113     0.647059
46114     0.643137
46115     0.643137
46116     0.639216
46117     0.635294
46118     0.631373
46119     0.627451
46120     0.627451
46121     0.639216
46122     0.639216
46123     0.639216
46124     0.639216
46125     0.635294
46126     0.635294
46127     0.635294
46128     0.631373
46129     0.627451
46130     0.631373
46131     0.639216
46132     0.639216
46133     0.639216
46134     0.631373
46135     0.627451
46136     0.627451
46137     0.627451
46138     0.615686
46139     0.603922
46140     0.611765
46141     0.631373
46142     0.650980
46143     0.662745
46144     0.670588
46145     0.670588
46146     0.686275
46147     0.698039
46148     0.698039
46149     0.686275
46150     0.662745
46151     0.635294
46152     0.611765
46153     0.603922
46154     0.600000
46155     0.588235
46156     0.580392
46157     0.576471
46158     0.584314
46159     0.596078
46160     0.607843
46161     0.603922
46162     0.596078
46163     0.588235
46164     0.580392
46165     0.576471
46166     0.568627
46167     0.552941
46168     0.541176
46169     0.545098
46170     0.537255
46171     0.525490
46172     0.513726
46173     0.505882
46174     0.505882
46175     0.513726
46176     0.521569
46177     0.501961
46178     0.498039
46179     0.494118
46180     0.490196
46181     0.486275
46182     0.482353
46183     0.482353
46184     0.482353
46185     0.490196
46186     0.490196
46187     0.494118
46188     0.505882
46189     0.525490
46190     0.545098
46191     0.552941
46192     0.556863
46193     0.572549
46194     0.568627
46195     0.564706
46196     0.552941
46197     0.552941
46198     0.560784
46199     0.580392
46200     0.596078
46201     0.611765
46202     0.623529
46203     0.631373
46204     0.627451
46205     0.607843
46206     0.580392
46207     0.560784
46208     0.552941
46209     0.568627
46210     0.564706
46211     0.584314
46212     0.619608
46213     0.635294
46214     0.619608
46215     0.611765
46216     0.619608
46217     0.627451
46218     0.615686
46219     0.603922
46220     0.611765
46221     0.623529
46222     0.623529
46223     0.607843
46224     0.592157
46225     0.584314
46226     0.564706
46227     0.541176
46228     0.529412
46229     0.529412
46230     0.533333
46231     0.529412
46232     0.529412
46233     0.517647
46234     0.513726
46235     0.501961
46236     0.498039
46237     0.501961
46238     0.509804
46239     0.521569
46240     0.529412
46241     0.533333
46242     0.552941
46243     0.576471
46244     0.600000
46245     0.623529
46246     0.647059
46247     0.674510
46248     0.694118
46249     0.717647
46250     0.733333
46251     0.737255
46252     0.725490
46253     0.717647
46254     0.717647
46255     0.709804
46256     0.694118
46257     0.674510
46258     0.662745
46259     0.639216
46260     0.623529
46261     0.619608
46262     0.627451
46263     0.643137
46264     0.654902
46265     0.670588
46266     0.670588
46267     0.666667
46268     0.650980
46269     0.627451
46270     0.600000
46271     0.580392
46272     0.568627
46273     0.588235
46274     0.603922
46275     0.635294
46276     0.658824
46277     0.666667
46278     0.662745
46279     0.647059
46280     0.635294
46281     0.611765
46282     0.607843
46283     0.603922
46284     0.600000
46285     0.596078
46286     0.592157
46287     0.592157
46288     0.588235
46289     0.611765
46290     0.619608
46291     0.619608
46292     0.596078
46293     0.584314
46294     0.576471
46295     0.560784
46296     0.541176
46297     0.564706
46298     0.568627
46299     0.568627
46300     0.568627
46301     0.568627
46302     0.564706
46303     0.564706
46304     0.564706
46305     0.584314
46306     0.603922
46307     0.631373
46308     0.588235
46309     0.592157
46310     0.596078
46311     0.600000
46312     0.596078
46313     0.603922
46314     0.615686
46315     0.627451
46316     0.623529
46317     0.623529
46318     0.619608
46319     0.607843
46320     0.596078
46321     0.592157
46322     0.600000
46323     0.611765
46324     0.611765
46325     0.619608
46326     0.631373
46327     0.643137
46328     0.647059
46329     0.647059
46330     0.643137
46331     0.639216
46332     0.643137
46333     0.639216
46334     0.635294
46335     0.639216
46336     0.650980
46337     0.658824
46338     0.658824
46339     0.654902
46340     0.643137
46341     0.647059
46342     0.654902
46343     0.654902
46344     0.654902
46345     0.650980
46346     0.643137
46347     0.639216
46348     0.643137
46349     0.643137
46350     0.643137
46351     0.643137
46352     0.643137
46353     0.643137
46354     0.643137
46355     0.643137
46356     0.631373
46357     0.635294
46358     0.639216
46359     0.643137
46360     0.647059
46361     0.643137
46362     0.639216
46363     0.631373
46364     0.623529
46365     0.619608
46366     0.615686
46367     0.619608
46368     0.635294
46369     0.654902
46370     0.670588
46371     0.678431
46372     0.686275
46373     0.686275
46374     0.694118
46375     0.698039
46376     0.682353
46377     0.654902
46378     0.627451
46379     0.615686
46380     0.596078
46381     0.584314
46382     0.564706
46383     0.556863
46384     0.560784
46385     0.572549
46386     0.584314
46387     0.596078
46388     0.596078
46389     0.588235
46390     0.580392
46391     0.576471
46392     0.572549
46393     0.560784
46394     0.545098
46395     0.533333
46396     0.529412
46397     0.521569
46398     0.509804
46399     0.501961
46400     0.501961
46401     0.505882
46402     0.509804
46403     0.513726
46404     0.482353
46405     0.482353
46406     0.478431
46407     0.478431
46408     0.478431
46409     0.482353
46410     0.486275
46411     0.486275
46412     0.470588
46413     0.474510
46414     0.486275
46415     0.513726
46416     0.537255
46417     0.549020
46418     0.545098
46419     0.537255
46420     0.552941
46421     0.552941
46422     0.552941
46423     0.556863
46424     0.564706
46425     0.588235
46426     0.615686
46427     0.639216
46428     0.623529
46429     0.627451
46430     0.627451
46431     0.611765
46432     0.588235
46433     0.568627
46434     0.552941
46435     0.545098
46436     0.572549
46437     0.572549
46438     0.588235
46439     0.607843
46440     0.611765
46441     0.603922
46442     0.600000
46443     0.607843
46444     0.631373
46445     0.619608
46446     0.607843
46447     0.603922
46448     0.611765
46449     0.611765
46450     0.603922
46451     0.596078
46452     0.588235
46453     0.568627
46454     0.541176
46455     0.513726
46456     0.505882
46457     0.501961
46458     0.501961
46459     0.505882
46460     0.494118
46461     0.494118
46462     0.494118
46463     0.494118
46464     0.501961
46465     0.513726
46466     0.525490
46467     0.533333
46468     0.541176
46469     0.556863
46470     0.576471
46471     0.600000
46472     0.627451
46473     0.654902
46474     0.686275
46475     0.701961
46476     0.721569
46477     0.737255
46478     0.737255
46479     0.725490
46480     0.721569
46481     0.721569
46482     0.701961
46483     0.682353
46484     0.666667
46485     0.654902
46486     0.635294
46487     0.623529
46488     0.627451
46489     0.643137
46490     0.666667
46491     0.678431
46492     0.698039
46493     0.694118
46494     0.682353
46495     0.654902
46496     0.619608
46497     0.596078
46498     0.588235
46499     0.588235
46500     0.611765
46501     0.627451
46502     0.654902
46503     0.678431
46504     0.686275
46505     0.678431
46506     0.662745
46507     0.650980
46508     0.615686
46509     0.611765
46510     0.607843
46511     0.603922
46512     0.603922
46513     0.603922
46514     0.607843
46515     0.611765
46516     0.631373
46517     0.635294
46518     0.619608
46519     0.592157
46520     0.580392
46521     0.584314
46522     0.584314
46523     0.572549
46524     0.580392
46525     0.572549
46526     0.560784
46527     0.552941
46528     0.556863
46529     0.568627
46530     0.580392
46531     0.588235
46532     0.607843
46533     0.623529
46534     0.643137
46535     0.584314
46536     0.588235
46537     0.592157
46538     0.596078
46539     0.596078
46540     0.607843
46541     0.623529
46542     0.635294
46543     0.623529
46544     0.631373
46545     0.631373
46546     0.623529
46547     0.603922
46548     0.596078
46549     0.603922
46550     0.615686
46551     0.619608
46552     0.623529
46553     0.631373
46554     0.639216
46555     0.643137
46556     0.643137
46557     0.639216
46558     0.639216
46559     0.639216
46560     0.635294
46561     0.639216
46562     0.647059
46563     0.654902
46564     0.658824
46565     0.654902
46566     0.647059
46567     0.639216
46568     0.647059
46569     0.662745
46570     0.670588
46571     0.674510
46572     0.670588
46573     0.658824
46574     0.650980
46575     0.647059
46576     0.643137
46577     0.639216
46578     0.635294
46579     0.635294
46580     0.639216
46581     0.639216
46582     0.643137
46583     0.635294
46584     0.635294
46585     0.635294
46586     0.643137
46587     0.650980
46588     0.650980
46589     0.643137
46590     0.631373
46591     0.619608
46592     0.615686
46593     0.615686
46594     0.619608
46595     0.631373
46596     0.650980
46597     0.670588
46598     0.682353
46599     0.701961
46600     0.694118
46601     0.694118
46602     0.698039
46603     0.682353
46604     0.650980
46605     0.627451
46606     0.623529
46607     0.588235
46608     0.572549
46609     0.552941
46610     0.545098
46611     0.552941
46612     0.568627
46613     0.580392
46614     0.584314
46615     0.588235
46616     0.584314
46617     0.576471
46618     0.572549
46619     0.568627
46620     0.556863
46621     0.537255
46622     0.525490
46623     0.517647
46624     0.509804
46625     0.505882
46626     0.501961
46627     0.505882
46628     0.509804
46629     0.505882
46630     0.501961
46631     0.470588
46632     0.470588
46633     0.470588
46634     0.470588
46635     0.474510
46636     0.478431
46637     0.486275
46638     0.486275
46639     0.470588
46640     0.474510
46641     0.490196
46642     0.517647
46643     0.545098
46644     0.556863
46645     0.545098
46646     0.529412
46647     0.533333
46648     0.541176
46649     0.549020
46650     0.564706
46651     0.580392
46652     0.607843
46653     0.639216
46654     0.658824
46655     0.627451
46656     0.627451
46657     0.619608
46658     0.600000
46659     0.580392
46660     0.560784
46661     0.556863
46662     0.556863
46663     0.580392
46664     0.584314
46665     0.596078
46666     0.600000
46667     0.596078
46668     0.596078
46669     0.600000
46670     0.607843
46671     0.631373
46672     0.619608
46673     0.607843
46674     0.603922
46675     0.607843
46676     0.611765
46677     0.607843
46678     0.603922
46679     0.588235
46680     0.568627
46681     0.537255
46682     0.509804
46683     0.494118
46684     0.494118
46685     0.501961
46686     0.505882
46687     0.505882
46688     0.509804
46689     0.517647
46690     0.521569
46691     0.529412
46692     0.537255
46693     0.541176
46694     0.545098
46695     0.556863
46696     0.560784
46697     0.572549
46698     0.592157
46699     0.623529
46700     0.654902
46701     0.682353
46702     0.701961
46703     0.725490
46704     0.733333
46705     0.733333
46706     0.721569
46707     0.717647
46708     0.713726
46709     0.694118
46710     0.662745
46711     0.654902
46712     0.647059
46713     0.635294
46714     0.627451
46715     0.639216
46716     0.658824
46717     0.686275
46718     0.701961
46719     0.721569
46720     0.717647
46721     0.705882
46722     0.674510
46723     0.639216
46724     0.619608
46725     0.623529
46726     0.631373
46727     0.635294
46728     0.654902
46729     0.678431
46730     0.698039
46731     0.701961
46732     0.694118
46733     0.674510
46734     0.662745
46735     0.623529
46736     0.615686
46737     0.607843
46738     0.603922
46739     0.603922
46740     0.611765
46741     0.623529
46742     0.627451
46743     0.631373
46744     0.631373
46745     0.611765
46746     0.580392
46747     0.568627
46748     0.584314
46749     0.592157
46750     0.584314
46751     0.572549
46752     0.560784
46753     0.552941
46754     0.549020
46755     0.556863
46756     0.576471
46757     0.600000
46758     0.615686
46759     0.639216
46760     0.643137
46761     0.647059
46762     0.603922
46763     0.603922
46764     0.603922
46765     0.603922
46766     0.603922
46767     0.611765
46768     0.623529
46769     0.639216
46770     0.623529
46771     0.635294
46772     0.647059
46773     0.635294
46774     0.615686
46775     0.603922
46776     0.611765
46777     0.619608
46778     0.619608
46779     0.619608
46780     0.623529
46781     0.627451
46782     0.627451
46783     0.631373
46784     0.631373
46785     0.631373
46786     0.627451
46787     0.631373
46788     0.639216
46789     0.650980
46790     0.658824
46791     0.658824
46792     0.647059
46793     0.635294
46794     0.627451
46795     0.643137
46796     0.662745
46797     0.678431
46798     0.686275
46799     0.682353
46800     0.670588
46801     0.662745
46802     0.654902
46803     0.650980
46804     0.647059
46805     0.639216
46806     0.639216
46807     0.639216
46808     0.643137
46809     0.643137
46810     0.631373
46811     0.627451
46812     0.627451
46813     0.635294
46814     0.647059
46815     0.647059
46816     0.635294
46817     0.627451
46818     0.611765
46819     0.611765
46820     0.607843
46821     0.611765
46822     0.619608
46823     0.639216
46824     0.666667
46825     0.682353
46826     0.705882
46827     0.694118
46828     0.694118
46829     0.698039
46830     0.682353
46831     0.643137
46832     0.623529
46833     0.623529
46834     0.592157
46835     0.572549
46836     0.552941
46837     0.549020
46838     0.560784
46839     0.576471
46840     0.584314
46841     0.588235
46842     0.588235
46843     0.584314
46844     0.576471
46845     0.572549
46846     0.564706
46847     0.549020
46848     0.525490
46849     0.509804
46850     0.513726
46851     0.509804
46852     0.505882
46853     0.509804
46854     0.517647
46855     0.517647
46856     0.505882
46857     0.494118
46858     0.474510
46859     0.474510
46860     0.470588
46861     0.470588
46862     0.470588
46863     0.474510
46864     0.478431
46865     0.478431
46866     0.478431
46867     0.474510
46868     0.482353
46869     0.509804
46870     0.537255
46871     0.549020
46872     0.541176
46873     0.525490
46874     0.521569
46875     0.537255
46876     0.556863
46877     0.576471
46878     0.596078
46879     0.615686
46880     0.643137
46881     0.658824
46882     0.635294
46883     0.631373
46884     0.619608
46885     0.600000
46886     0.580392
46887     0.572549
46888     0.572549
46889     0.580392
46890     0.588235
46891     0.600000
46892     0.603922
46893     0.600000
46894     0.592157
46895     0.596078
46896     0.607843
46897     0.615686
46898     0.619608
46899     0.619608
46900     0.615686
46901     0.615686
46902     0.619608
46903     0.619608
46904     0.619608
46905     0.615686
46906     0.596078
46907     0.580392
46908     0.556863
46909     0.533333
46910     0.521569
46911     0.529412
46912     0.545098
46913     0.560784
46914     0.580392
46915     0.584314
46916     0.588235
46917     0.592157
46918     0.588235
46919     0.576471
46920     0.564706
46921     0.556863
46922     0.556863
46923     0.552941
46924     0.556863
46925     0.572549
46926     0.603922
46927     0.643137
46928     0.674510
46929     0.694118
46930     0.721569
46931     0.729412
46932     0.729412
46933     0.717647
46934     0.713726
46935     0.709804
46936     0.682353
46937     0.647059
46938     0.639216
46939     0.635294
46940     0.631373
46941     0.635294
46942     0.650980
46943     0.674510
46944     0.701961
46945     0.721569
46946     0.717647
46947     0.725490
46948     0.721569
46949     0.701961
46950     0.670588
46951     0.654902
46952     0.658824
46953     0.670588
46954     0.658824
46955     0.674510
46956     0.698039
46957     0.713726
46958     0.713726
46959     0.701961
46960     0.682353
46961     0.666667
46962     0.631373
46963     0.623529
46964     0.611765
46965     0.607843
46966     0.607843
46967     0.619608
46968     0.631373
46969     0.639216
46970     0.615686
46971     0.615686
46972     0.600000
46973     0.572549
46974     0.564706
46975     0.572549
46976     0.576471
46977     0.568627
46978     0.560784
46979     0.560784
46980     0.564706
46981     0.572549
46982     0.592157
46983     0.611765
46984     0.631373
46985     0.643137
46986     0.662745
46987     0.658824
46988     0.650980
46989     0.623529
46990     0.623529
46991     0.619608
46992     0.611765
46993     0.607843
46994     0.611765
46995     0.627451
46996     0.639216
46997     0.619608
46998     0.639216
46999     0.650980
47000     0.647059
47001     0.623529
47002     0.607843
47003     0.611765
47004     0.623529
47005     0.615686
47006     0.615686
47007     0.615686
47008     0.615686
47009     0.615686
47010     0.619608
47011     0.623529
47012     0.627451
47013     0.619608
47014     0.627451
47015     0.635294
47016     0.650980
47017     0.658824
47018     0.654902
47019     0.639216
47020     0.623529
47021     0.619608
47022     0.635294
47023     0.658824
47024     0.682353
47025     0.690196
47026     0.686275
47027     0.674510
47028     0.666667
47029     0.670588
47030     0.666667
47031     0.658824
47032     0.650980
47033     0.647059
47034     0.647059
47035     0.650980
47036     0.654902
47037     0.623529
47038     0.619608
47039     0.615686
47040     0.627451
47041     0.639216
47042     0.643137
47043     0.631373
47044     0.619608
47045     0.607843
47046     0.607843
47047     0.603922
47048     0.603922
47049     0.611765
47050     0.635294
47051     0.662745
47052     0.682353
47053     0.701961
47054     0.686275
47055     0.686275
47056     0.698039
47057     0.682353
47058     0.639216
47059     0.611765
47060     0.611765
47061     0.596078
47062     0.580392
47063     0.560784
47064     0.556863
47065     0.572549
47066     0.588235
47067     0.592157
47068     0.592157
47069     0.596078
47070     0.588235
47071     0.580392
47072     0.572549
47073     0.560784
47074     0.541176
47075     0.517647
47076     0.498039
47077     0.513726
47078     0.509804
47079     0.505882
47080     0.513726
47081     0.525490
47082     0.521569
47083     0.501961
47084     0.486275
47085     0.482353
47086     0.478431
47087     0.474510
47088     0.470588
47089     0.470588
47090     0.470588
47091     0.470588
47092     0.470588
47093     0.478431
47094     0.470588
47095     0.466667
47096     0.486275
47097     0.517647
47098     0.533333
47099     0.529412
47100     0.517647
47101     0.521569
47102     0.537255
47103     0.560784
47104     0.584314
47105     0.600000
47106     0.619608
47107     0.635294
47108     0.647059
47109     0.639216
47110     0.635294
47111     0.623529
47112     0.603922
47113     0.588235
47114     0.584314
47115     0.592157
47116     0.600000
47117     0.596078
47118     0.611765
47119     0.615686
47120     0.603922
47121     0.596078
47122     0.603922
47123     0.615686
47124     0.627451
47125     0.611765
47126     0.615686
47127     0.623529
47128     0.631373
47129     0.635294
47130     0.631373
47131     0.627451
47132     0.619608
47133     0.611765
47134     0.600000
47135     0.580392
47136     0.560784
47137     0.556863
47138     0.572549
47139     0.600000
47140     0.619608
47141     0.658824
47142     0.658824
47143     0.662745
47144     0.654902
47145     0.639216
47146     0.611765
47147     0.588235
47148     0.572549
47149     0.549020
47150     0.541176
47151     0.541176
47152     0.556863
47153     0.588235
47154     0.631373
47155     0.666667
47156     0.690196
47157     0.721569
47158     0.725490
47159     0.721569
47160     0.713726
47161     0.709804
47162     0.701961
47163     0.674510
47164     0.639216
47165     0.627451
47166     0.627451
47167     0.627451
47168     0.639216
47169     0.658824
47170     0.686275
47171     0.713726
47172     0.729412
47173     0.701961
47174     0.717647
47175     0.729412
47176     0.717647
47177     0.694118
47178     0.674510
47179     0.678431
47180     0.686275
47181     0.670588
47182     0.686275
47183     0.705882
47184     0.721569
47185     0.721569
47186     0.705882
47187     0.686275
47188     0.670588
47189     0.635294
47190     0.627451
47191     0.615686
47192     0.607843
47193     0.607843
47194     0.619608
47195     0.635294
47196     0.643137
47197     0.600000
47198     0.603922
47199     0.596078
47200     0.568627
47201     0.560784
47202     0.564706
47203     0.560784
47204     0.545098
47205     0.556863
47206     0.564706
47207     0.584314
47208     0.603922
47209     0.627451
47210     0.647059
47211     0.662745
47212     0.666667
47213     0.678431
47214     0.666667
47215     0.654902
47216     0.631373
47217     0.623529
47218     0.619608
47219     0.619608
47220     0.631373
47221     0.639216
47222     0.643137
47223     0.639216
47224     0.635294
47225     0.631373
47226     0.635294
47227     0.643137
47228     0.647059
47229     0.643137
47230     0.627451
47231     0.615686
47232     0.611765
47233     0.615686
47234     0.623529
47235     0.635294
47236     0.639216
47237     0.635294
47238     0.619608
47239     0.607843
47240     0.619608
47241     0.623529
47242     0.627451
47243     0.631373
47244     0.635294
47245     0.627451
47246     0.607843
47247     0.596078
47248     0.615686
47249     0.627451
47250     0.647059
47251     0.658824
47252     0.662745
47253     0.662745
47254     0.670588
47255     0.674510
47256     0.650980
47257     0.662745
47258     0.658824
47259     0.635294
47260     0.631373
47261     0.643137
47262     0.639216
47263     0.615686
47264     0.603922
47265     0.611765
47266     0.619608
47267     0.631373
47268     0.635294
47269     0.635294
47270     0.627451
47271     0.627451
47272     0.600000
47273     0.596078
47274     0.600000
47275     0.600000
47276     0.611765
47277     0.627451
47278     0.643137
47279     0.654902
47280     0.701961
47281     0.698039
47282     0.690196
47283     0.674510
47284     0.647059
47285     0.619608
47286     0.588235
47287     0.572549
47288     0.572549
47289     0.572549
47290     0.580392
47291     0.588235
47292     0.600000
47293     0.600000
47294     0.592157
47295     0.580392
47296     0.580392
47297     0.576471
47298     0.572549
47299     0.560784
47300     0.549020
47301     0.533333
47302     0.521569
47303     0.509804
47304     0.521569
47305     0.525490
47306     0.529412
47307     0.525490
47308     0.517647
47309     0.505882
47310     0.494118
47311     0.486275
47312     0.494118
47313     0.505882
47314     0.513726
47315     0.509804
47316     0.494118
47317     0.482353
47318     0.478431
47319     0.482353
47320     0.478431
47321     0.478431
47322     0.470588
47323     0.474510
47324     0.498039
47325     0.521569
47326     0.513726
47327     0.490196
47328     0.505882
47329     0.517647
47330     0.541176
47331     0.572549
47332     0.603922
47333     0.627451
47334     0.635294
47335     0.635294
47336     0.627451
47337     0.627451
47338     0.619608
47339     0.603922
47340     0.607843
47341     0.623529
47342     0.623529
47343     0.611765
47344     0.623529
47345     0.615686
47346     0.600000
47347     0.592157
47348     0.588235
47349     0.592157
47350     0.600000
47351     0.603922
47352     0.627451
47353     0.623529
47354     0.623529
47355     0.627451
47356     0.631373
47357     0.639216
47358     0.647059
47359     0.654902
47360     0.639216
47361     0.615686
47362     0.603922
47363     0.623529
47364     0.666667
47365     0.701961
47366     0.713726
47367     0.709804
47368     0.713726
47369     0.701961
47370     0.690196
47371     0.682353
47372     0.670588
47373     0.639216
47374     0.588235
47375     0.549020
47376     0.537255
47377     0.541176
47378     0.549020
47379     0.556863
47380     0.580392
47381     0.623529
47382     0.678431
47383     0.721569
47384     0.721569
47385     0.717647
47386     0.713726
47387     0.705882
47388     0.694118
47389     0.682353
47390     0.674510
47391     0.666667
47392     0.674510
47393     0.678431
47394     0.678431
47395     0.674510
47396     0.670588
47397     0.678431
47398     0.690196
47399     0.698039
47400     0.694118
47401     0.717647
47402     0.721569
47403     0.694118
47404     0.670588
47405     0.670588
47406     0.678431
47407     0.682353
47408     0.682353
47409     0.705882
47410     0.717647
47411     0.709804
47412     0.698039
47413     0.698039
47414     0.690196
47415     0.674510
47416     0.658824
47417     0.635294
47418     0.619608
47419     0.619608
47420     0.623529
47421     0.611765
47422     0.611765
47423     0.619608
47424     0.623529
47425     0.611765
47426     0.592157
47427     0.568627
47428     0.552941
47429     0.552941
47430     0.564706
47431     0.576471
47432     0.600000
47433     0.603922
47434     0.615686
47435     0.627451
47436     0.647059
47437     0.662745
47438     0.674510
47439     0.682353
47440     0.662745
47441     0.650980
47442     0.639216
47443     0.627451
47444     0.631373
47445     0.639216
47446     0.647059
47447     0.647059
47448     0.647059
47449     0.647059
47450     0.647059
47451     0.639216
47452     0.639216
47453     0.635294
47454     0.643137
47455     0.647059
47456     0.643137
47457     0.631373
47458     0.623529
47459     0.619608
47460     0.619608
47461     0.619608
47462     0.627451
47463     0.635294
47464     0.631373
47465     0.619608
47466     0.607843
47467     0.623529
47468     0.623529
47469     0.623529
47470     0.627451
47471     0.627451
47472     0.619608
47473     0.603922
47474     0.588235
47475     0.603922
47476     0.623529
47477     0.647059
47478     0.662745
47479     0.666667
47480     0.662745
47481     0.658824
47482     0.658824
47483     0.643137
47484     0.654902
47485     0.650980
47486     0.631373
47487     0.627451
47488     0.639216
47489     0.635294
47490     0.619608
47491     0.615686
47492     0.619608
47493     0.631373
47494     0.635294
47495     0.635294
47496     0.627451
47497     0.619608
47498     0.611765
47499     0.592157
47500     0.592157
47501     0.592157
47502     0.603922
47503     0.619608
47504     0.635294
47505     0.643137
47506     0.647059
47507     0.666667
47508     0.666667
47509     0.662745
47510     0.650980
47511     0.631373
47512     0.603922
47513     0.580392
47514     0.564706
47515     0.556863
47516     0.560784
47517     0.568627
47518     0.580392
47519     0.592157
47520     0.592157
47521     0.580392
47522     0.568627
47523     0.560784
47524     0.556863
47525     0.549020
47526     0.537255
47527     0.533333
47528     0.529412
47529     0.525490
47530     0.525490
47531     0.533333
47532     0.533333
47533     0.529412
47534     0.525490
47535     0.513726
47536     0.501961
47537     0.490196
47538     0.486275
47539     0.490196
47540     0.501961
47541     0.513726
47542     0.513726
47543     0.501961
47544     0.490196
47545     0.486275
47546     0.490196
47547     0.486275
47548     0.486275
47549     0.474510
47550     0.470588
47551     0.490196
47552     0.509804
47553     0.501961
47554     0.478431
47555     0.490196
47556     0.501961
47557     0.521569
47558     0.552941
47559     0.580392
47560     0.600000
47561     0.611765
47562     0.611765
47563     0.619608
47564     0.631373
47565     0.631373
47566     0.627451
47567     0.635294
47568     0.650980
47569     0.650980
47570     0.639216
47571     0.611765
47572     0.607843
47573     0.600000
47574     0.596078
47575     0.600000
47576     0.603922
47577     0.615686
47578     0.619608
47579     0.619608
47580     0.623529
47581     0.627451
47582     0.635294
47583     0.643137
47584     0.654902
47585     0.666667
47586     0.674510
47587     0.670588
47588     0.662745
47589     0.666667
47590     0.686275
47591     0.713726
47592     0.729412
47593     0.725490
47594     0.717647
47595     0.709804
47596     0.698039
47597     0.686275
47598     0.678431
47599     0.670588
47600     0.643137
47601     0.596078
47602     0.560784
47603     0.549020
47604     0.556863
47605     0.568627
47606     0.584314
47607     0.611765
47608     0.643137
47609     0.682353
47610     0.705882
47611     0.709804
47612     0.709804
47613     0.709804
47614     0.705882
47615     0.701961
47616     0.698039
47617     0.694118
47618     0.690196
47619     0.698039
47620     0.701961
47621     0.698039
47622     0.694118
47623     0.686275
47624     0.682353
47625     0.690196
47626     0.698039
47627     0.690196
47628     0.701961
47629     0.698039
47630     0.678431
47631     0.662745
47632     0.670588
47633     0.674510
47634     0.670588
47635     0.674510
47636     0.690196
47637     0.698039
47638     0.694118
47639     0.694118
47640     0.705882
47641     0.698039
47642     0.678431
47643     0.662745
47644     0.639216
47645     0.619608
47646     0.619608
47647     0.619608
47648     0.607843
47649     0.603922
47650     0.611765
47651     0.603922
47652     0.600000
47653     0.588235
47654     0.568627
47655     0.556863
47656     0.556863
47657     0.568627
47658     0.584314
47659     0.603922
47660     0.615686
47661     0.627451
47662     0.647059
47663     0.658824
47664     0.666667
47665     0.670588
47666     0.670588
47667     0.654902
47668     0.647059
47669     0.635294
47670     0.623529
47671     0.643137
47672     0.662745
47673     0.666667
47674     0.654902
47675     0.643137
47676     0.643137
47677     0.643137
47678     0.647059
47679     0.643137
47680     0.635294
47681     0.639216
47682     0.643137
47683     0.643137
47684     0.639216
47685     0.631373
47686     0.627451
47687     0.623529
47688     0.619608
47689     0.619608
47690     0.623529
47691     0.623529
47692     0.611765
47693     0.603922
47694     0.619608
47695     0.615686
47696     0.615686
47697     0.615686
47698     0.615686
47699     0.611765
47700     0.596078
47701     0.584314
47702     0.596078
47703     0.615686
47704     0.643137
47705     0.658824
47706     0.658824
47707     0.650980
47708     0.643137
47709     0.643137
47710     0.635294
47711     0.647059
47712     0.643137
47713     0.631373
47714     0.631373
47715     0.639216
47716     0.639216
47717     0.627451
47718     0.635294
47719     0.639216
47720     0.643137
47721     0.643137
47722     0.631373
47723     0.615686
47724     0.600000
47725     0.588235
47726     0.580392
47727     0.576471
47728     0.580392
47729     0.600000
47730     0.623529
47731     0.639216
47732     0.639216
47733     0.631373
47734     0.623529
47735     0.627451
47736     0.627451
47737     0.623529
47738     0.611765
47739     0.596078
47740     0.576471
47741     0.564706
47742     0.545098
47743     0.545098
47744     0.552941
47745     0.568627
47746     0.576471
47747     0.572549
47748     0.560784
47749     0.549020
47750     0.537255
47751     0.529412
47752     0.521569
47753     0.517647
47754     0.521569
47755     0.525490
47756     0.537255
47757     0.541176
47758     0.541176
47759     0.537255
47760     0.529412
47761     0.521569
47762     0.513726
47763     0.505882
47764     0.501961
47765     0.501961
47766     0.513726
47767     0.521569
47768     0.533333
47769     0.533333
47770     0.521569
47771     0.505882
47772     0.498039
47773     0.494118
47774     0.494118
47775     0.490196
47776     0.478431
47777     0.470588
47778     0.482353
47779     0.498039
47780     0.490196
47781     0.470588
47782     0.474510
47783     0.486275
47784     0.501961
47785     0.521569
47786     0.545098
47787     0.560784
47788     0.572549
47789     0.576471
47790     0.596078
47791     0.619608
47792     0.639216
47793     0.647059
47794     0.658824
47795     0.674510
47796     0.670588
47797     0.658824
47798     0.611765
47799     0.611765
47800     0.611765
47801     0.611765
47802     0.615686
47803     0.623529
47804     0.627451
47805     0.631373
47806     0.611765
47807     0.619608
47808     0.631373
47809     0.643137
47810     0.658824
47811     0.674510
47812     0.686275
47813     0.694118
47814     0.694118
47815     0.709804
47816     0.729412
47817     0.749020
47818     0.752941
47819     0.745098
47820     0.729412
47821     0.717647
47822     0.705882
47823     0.698039
47824     0.686275
47825     0.678431
47826     0.666667
47827     0.643137
47828     0.603922
47829     0.572549
47830     0.568627
47831     0.572549
47832     0.588235
47833     0.615686
47834     0.643137
47835     0.666667
47836     0.682353
47837     0.682353
47838     0.694118
47839     0.698039
47840     0.705882
47841     0.709804
47842     0.713726
47843     0.717647
47844     0.717647
47845     0.717647
47846     0.725490
47847     0.725490
47848     0.721569
47849     0.713726
47850     0.701961
47851     0.694118
47852     0.698039
47853     0.705882
47854     0.686275
47855     0.690196
47856     0.674510
47857     0.654902
47858     0.654902
47859     0.666667
47860     0.662745
47861     0.647059
47862     0.654902
47863     0.662745
47864     0.662745
47865     0.666667
47866     0.686275
47867     0.705882
47868     0.701961
47869     0.682353
47870     0.662745
47871     0.635294
47872     0.615686
47873     0.611765
47874     0.607843
47875     0.592157
47876     0.588235
47877     0.596078
47878     0.584314
47879     0.584314
47880     0.576471
47881     0.568627
47882     0.564706
47883     0.568627
47884     0.580392
47885     0.592157
47886     0.615686
47887     0.623529
47888     0.643137
47889     0.658824
47890     0.666667
47891     0.666667
47892     0.662745
47893     0.658824
47894     0.654902
47895     0.643137
47896     0.631373
47897     0.627451
47898     0.647059
47899     0.662745
47900     0.658824
47901     0.635294
47902     0.615686
47903     0.619608
47904     0.627451
47905     0.647059
47906     0.639216
47907     0.631373
47908     0.631373
47909     0.639216
47910     0.643137
47911     0.643137
47912     0.639216
47913     0.635294
47914     0.627451
47915     0.619608
47916     0.615686
47917     0.619608
47918     0.619608
47919     0.611765
47920     0.603922
47921     0.600000
47922     0.596078
47923     0.596078
47924     0.600000
47925     0.603922
47926     0.603922
47927     0.592157
47928     0.584314
47929     0.596078
47930     0.611765
47931     0.627451
47932     0.635294
47933     0.635294
47934     0.631373
47935     0.627451
47936     0.631373
47937     0.639216
47938     0.643137
47939     0.643137
47940     0.643137
47941     0.647059
47942     0.650980
47943     0.654902
47944     0.650980
47945     0.654902
47946     0.654902
47947     0.654902
47948     0.643137
47949     0.627451
47950     0.600000
47951     0.580392
47952     0.564706
47953     0.560784
47954     0.556863
47955     0.560784
47956     0.584314
47957     0.611765
47958     0.627451
47959     0.619608
47960     0.611765
47961     0.603922
47962     0.611765
47963     0.615686
47964     0.619608
47965     0.615686
47966     0.603922
47967     0.588235
47968     0.576471
47969     0.549020
47970     0.549020
47971     0.552941
47972     0.556863
47973     0.560784
47974     0.552941
47975     0.537255
47976     0.521569
47977     0.517647
47978     0.517647
47979     0.521569
47980     0.521569
47981     0.529412
47982     0.537255
47983     0.541176
47984     0.545098
47985     0.537255
47986     0.529412
47987     0.525490
47988     0.521569
47989     0.525490
47990     0.533333
47991     0.541176
47992     0.545098
47993     0.572549
47994     0.576471
47995     0.580392
47996     0.576471
47997     0.556863
47998     0.529412
47999     0.505882
48000     0.494118
48001     0.490196
48002     0.490196
48003     0.478431
48004     0.466667
48005     0.474510
48006     0.490196
48007     0.490196
48008     0.470588
48009     0.478431
48010     0.486275
48011     0.494118
48012     0.505882
48013     0.513726
48014     0.521569
48015     0.533333
48016     0.545098
48017     0.568627
48018     0.603922
48019     0.635294
48020     0.647059
48021     0.658824
48022     0.674510
48023     0.674510
48024     0.658824
48025     0.635294
48026     0.635294
48027     0.635294
48028     0.631373
48029     0.631373
48030     0.627451
48031     0.623529
48032     0.623529
48033     0.611765
48034     0.619608
48035     0.635294
48036     0.650980
48037     0.670588
48038     0.682353
48039     0.690196
48040     0.694118
48041     0.698039
48042     0.721569
48043     0.749020
48044     0.760784
48045     0.752941
48046     0.733333
48047     0.721569
48048     0.717647
48049     0.717647
48050     0.705882
48051     0.694118
48052     0.682353
48053     0.666667
48054     0.639216
48055     0.607843
48056     0.584314
48057     0.588235
48058     0.588235
48059     0.600000
48060     0.627451
48061     0.658824
48062     0.678431
48063     0.674510
48064     0.670588
48065     0.694118
48066     0.698039
48067     0.705882
48068     0.713726
48069     0.721569
48070     0.725490
48071     0.729412
48072     0.729412
48073     0.729412
48074     0.733333
48075     0.733333
48076     0.725490
48077     0.713726
48078     0.709804
48079     0.709804
48080     0.713726
48081     0.701961
48082     0.690196
48083     0.666667
48084     0.647059
48085     0.650980
48086     0.662745
48087     0.647059
48088     0.619608
48089     0.627451
48090     0.627451
48091     0.623529
48092     0.631373
48093     0.662745
48094     0.698039
48095     0.694118
48096     0.670588
48097     0.647059
48098     0.619608
48099     0.600000
48100     0.596078
48101     0.588235
48102     0.576471
48103     0.568627
48104     0.576471
48105     0.564706
48106     0.572549
48107     0.576471
48108     0.580392
48109     0.580392
48110     0.584314
48111     0.596078
48112     0.607843
48113     0.619608
48114     0.627451
48115     0.639216
48116     0.650980
48117     0.658824
48118     0.662745
48119     0.662745
48120     0.662745
48121     0.666667
48122     0.654902
48123     0.643137
48124     0.627451
48125     0.639216
48126     0.643137
48127     0.623529
48128     0.596078
48129     0.580392
48130     0.588235
48131     0.600000
48132     0.631373
48133     0.623529
48134     0.619608
48135     0.623529
48136     0.635294
48137     0.643137
48138     0.643137
48139     0.643137
48140     0.635294
48141     0.627451
48142     0.619608
48143     0.619608
48144     0.619608
48145     0.619608
48146     0.611765
48147     0.603922
48148     0.580392
48149     0.580392
48150     0.584314
48151     0.592157
48152     0.603922
48153     0.603922
48154     0.596078
48155     0.588235
48156     0.603922
48157     0.607843
48158     0.607843
48159     0.603922
48160     0.600000
48161     0.603922
48162     0.611765
48163     0.619608
48164     0.643137
48165     0.639216
48166     0.647059
48167     0.654902
48168     0.662745
48169     0.666667
48170     0.670588
48171     0.678431
48172     0.670588
48173     0.666667
48174     0.654902
48175     0.639216
48176     0.611765
48177     0.584314
48178     0.564706
48179     0.549020
48180     0.541176
48181     0.537255
48182     0.541176
48183     0.560784
48184     0.584314
48185     0.600000
48186     0.600000
48187     0.596078
48188     0.611765
48189     0.615686
48190     0.627451
48191     0.631373
48192     0.627451
48193     0.619608
48194     0.607843
48195     0.596078
48196     0.564706
48197     0.560784
48198     0.552941
48199     0.552941
48200     0.545098
48201     0.533333
48202     0.517647
48203     0.501961
48204     0.517647
48205     0.525490
48206     0.537255
48207     0.549020
48208     0.552941
48209     0.552941
48210     0.549020
48211     0.545098
48212     0.529412
48213     0.529412
48214     0.529412
48215     0.537255
48216     0.549020
48217     0.568627
48218     0.588235
48219     0.600000
48220     0.643137
48221     0.643137
48222     0.639216
48223     0.623529
48224     0.596078
48225     0.556863
48226     0.517647
48227     0.494118
48228     0.482353
48229     0.486275
48230     0.478431
48231     0.466667
48232     0.470588
48233     0.490196
48234     0.494118
48235     0.482353
48236     0.490196
48237     0.498039
48238     0.501961
48239     0.501961
48240     0.498039
48241     0.501961
48242     0.517647
48243     0.529412
48244     0.564706
48245     0.603922
48246     0.635294
48247     0.647059
48248     0.654902
48249     0.666667
48250     0.666667
48251     0.658824
48252     0.666667
48253     0.662745
48254     0.654902
48255     0.643137
48256     0.631373
48257     0.619608
48258     0.611765
48259     0.603922
48260     0.611765
48261     0.619608
48262     0.639216
48263     0.654902
48264     0.670588
48265     0.678431
48266     0.682353
48267     0.682353
48268     0.694118
48269     0.713726
48270     0.737255
48271     0.745098
48272     0.729412
48273     0.717647
48274     0.717647
48275     0.725490
48276     0.733333
48277     0.721569
48278     0.705882
48279     0.690196
48280     0.666667
48281     0.639216
48282     0.611765
48283     0.592157
48284     0.611765
48285     0.607843
48286     0.611765
48287     0.627451
48288     0.654902
48289     0.674510
48290     0.674510
48291     0.670588
48292     0.698039
48293     0.701961
48294     0.709804
48295     0.713726
48296     0.721569
48297     0.725490
48298     0.725490
48299     0.725490
48300     0.717647
48301     0.725490
48302     0.729412
48303     0.729412
48304     0.721569
48305     0.717647
48306     0.721569
48307     0.725490
48308     0.725490
48309     0.709804
48310     0.678431
48311     0.654902
48312     0.654902
48313     0.658824
48314     0.627451
48315     0.592157
48316     0.603922
48317     0.603922
48318     0.600000
48319     0.607843
48320     0.639216
48321     0.670588
48322     0.670588
48323     0.647059
48324     0.623529
48325     0.596078
48326     0.576471
48327     0.576471
48328     0.572549
48329     0.560784
48330     0.556863
48331     0.564706
48332     0.564706
48333     0.576471
48334     0.592157
48335     0.600000
48336     0.603922
48337     0.607843
48338     0.615686
48339     0.623529
48340     0.623529
48341     0.623529
48342     0.627451
48343     0.631373
48344     0.643137
48345     0.658824
48346     0.670588
48347     0.678431
48348     0.682353
48349     0.670588
48350     0.658824
48351     0.619608
48352     0.619608
48353     0.615686
48354     0.596078
48355     0.572549
48356     0.564706
48357     0.568627
48358     0.576471
48359     0.603922
48360     0.600000
48361     0.603922
48362     0.615686
48363     0.631373
48364     0.639216
48365     0.643137
48366     0.639216
48367     0.631373
48368     0.627451
48369     0.623529
48370     0.627451
48371     0.631373
48372     0.627451
48373     0.619608
48374     0.607843
48375     0.576471
48376     0.580392
48377     0.588235
48378     0.603922
48379     0.615686
48380     0.611765
48381     0.600000
48382     0.588235
48383     0.600000
48384     0.596078
48385     0.588235
48386     0.576471
48387     0.572549
48388     0.576471
48389     0.592157
48390     0.603922
48391     0.631373
48392     0.627451
48393     0.635294
48394     0.654902
48395     0.666667
48396     0.666667
48397     0.674510
48398     0.690196
48399     0.678431
48400     0.670588
48401     0.647059
48402     0.623529
48403     0.596078
48404     0.572549
48405     0.552941
48406     0.545098
48407     0.533333
48408     0.533333
48409     0.533333
48410     0.537255
48411     0.545098
48412     0.564706
48413     0.580392
48414     0.592157
48415     0.623529
48416     0.631373
48417     0.635294
48418     0.639216
48419     0.635294
48420     0.623529
48421     0.611765
48422     0.600000
48423     0.576471
48424     0.564706
48425     0.549020
48426     0.537255
48427     0.529412
48428     0.521569
48429     0.505882
48430     0.498039
48431     0.521569
48432     0.533333
48433     0.552941
48434     0.568627
48435     0.576471
48436     0.576471
48437     0.564706
48438     0.560784
48439     0.545098
48440     0.549020
48441     0.552941
48442     0.564706
48443     0.584314
48444     0.607843
48445     0.627451
48446     0.639216
48447     0.682353
48448     0.678431
48449     0.670588
48450     0.658824
48451     0.631373
48452     0.584314
48453     0.533333
48454     0.501961
48455     0.486275
48456     0.494118
48457     0.486275
48458     0.466667
48459     0.470588
48460     0.486275
48461     0.498039
48462     0.490196
48463     0.498039
48464     0.505882
48465     0.509804
48466     0.501961
48467     0.498039
48468     0.505882
48469     0.525490
48470     0.545098
48471     0.596078
48472     0.627451
48473     0.654902
48474     0.650980
48475     0.650980
48476     0.658824
48477     0.662745
48478     0.658824
48479     0.670588
48480     0.662745
48481     0.647059
48482     0.631373
48483     0.615686
48484     0.603922
48485     0.596078
48486     0.592157
48487     0.607843
48488     0.623529
48489     0.643137
48490     0.658824
48491     0.670588
48492     0.674510
48493     0.670588
48494     0.670588
48495     0.701961
48496     0.713726
48497     0.729412
48498     0.729412
48499     0.721569
48500     0.721569
48501     0.729412
48502     0.737255
48503     0.741176
48504     0.733333
48505     0.717647
48506     0.694118
48507     0.670588
48508     0.647059
48509     0.627451
48510     0.615686
48511     0.631373
48512     0.631373
48513     0.631373
48514     0.643137
48515     0.658824
48516     0.674510
48517     0.682353
48518     0.686275
48519     0.698039
48520     0.701961
48521     0.705882
48522     0.709804
48523     0.713726
48524     0.713726
48525     0.713726
48526     0.713726
48527     0.705882
48528     0.717647
48529     0.725490
48530     0.729412
48531     0.725490
48532     0.725490
48533     0.729412
48534     0.733333
48535     0.733333
48536     0.721569
48537     0.698039
48538     0.674510
48539     0.662745
48540     0.654902
48541     0.615686
48542     0.576471
48543     0.584314
48544     0.592157
48545     0.596078
48546     0.600000
48547     0.619608
48548     0.647059
48549     0.643137
48550     0.623529
48551     0.603922
48552     0.576471
48553     0.560784
48554     0.564706
48555     0.564706
48556     0.552941
48557     0.552941
48558     0.564706
48559     0.576471
48560     0.592157
48561     0.615686
48562     0.627451
48563     0.631373
48564     0.631373
48565     0.635294
48566     0.639216
48567     0.631373
48568     0.627451
48569     0.623529
48570     0.627451
48571     0.635294
48572     0.654902
48573     0.674510
48574     0.686275
48575     0.690196
48576     0.678431
48577     0.666667
48578     0.596078
48579     0.596078
48580     0.592157
48581     0.588235
48582     0.580392
48583     0.572549
48584     0.568627
48585     0.568627
48586     0.576471
48587     0.576471
48588     0.588235
48589     0.607843
48590     0.627451
48591     0.635294
48592     0.639216
48593     0.635294
48594     0.627451
48595     0.623529
48596     0.627451
48597     0.635294
48598     0.639216
48599     0.635294
48600     0.623529
48601     0.611765
48602     0.592157
48603     0.600000
48604     0.611765
48605     0.627451
48606     0.631373
48607     0.623529
48608     0.600000
48609     0.584314
48610     0.584314
48611     0.580392
48612     0.576471
48613     0.568627
48614     0.556863
48615     0.560784
48616     0.568627
48617     0.580392
48618     0.611765
48619     0.603922
48620     0.611765
48621     0.643137
48622     0.654902
48623     0.654902
48624     0.662745
48625     0.686275
48626     0.682353
48627     0.666667
48628     0.639216
48629     0.607843
48630     0.580392
48631     0.560784
48632     0.549020
48633     0.545098
48634     0.537255
48635     0.541176
48636     0.533333
48637     0.521569
48638     0.517647
48639     0.533333
48640     0.572549
48641     0.603922
48642     0.627451
48643     0.631373
48644     0.635294
48645     0.635294
48646     0.627451
48647     0.611765
48648     0.596078
48649     0.584314
48650     0.572549
48651     0.556863
48652     0.533333
48653     0.521569
48654     0.513726
48655     0.509804
48656     0.505882
48657     0.501961
48658     0.529412
48659     0.541176
48660     0.556863
48661     0.572549
48662     0.584314
48663     0.588235
48664     0.588235
48665     0.588235
48666     0.584314
48667     0.588235
48668     0.592157
48669     0.600000
48670     0.611765
48671     0.627451
48672     0.639216
48673     0.647059
48674     0.674510
48675     0.674510
48676     0.670588
48677     0.666667
48678     0.647059
48679     0.607843
48680     0.556863
48681     0.517647
48682     0.498039
48683     0.505882
48684     0.498039
48685     0.474510
48686     0.466667
48687     0.482353
48688     0.490196
48689     0.486275
48690     0.490196
48691     0.498039
48692     0.509804
48693     0.505882
48694     0.505882
48695     0.517647
48696     0.549020
48697     0.576471
48698     0.627451
48699     0.654902
48700     0.666667
48701     0.650980
48702     0.635294
48703     0.643137
48704     0.650980
48705     0.654902
48706     0.639216
48707     0.631373
48708     0.619608
48709     0.603922
48710     0.596078
48711     0.592157
48712     0.592157
48713     0.596078
48714     0.603922
48715     0.619608
48716     0.643137
48717     0.666667
48718     0.678431
48719     0.682353
48720     0.674510
48721     0.670588
48722     0.713726
48723     0.717647
48724     0.721569
48725     0.725490
48726     0.725490
48727     0.725490
48728     0.733333
48729     0.737255
48730     0.733333
48731     0.729412
48732     0.717647
48733     0.698039
48734     0.678431
48735     0.658824
48736     0.650980
48737     0.647059
48738     0.643137
48739     0.654902
48740     0.666667
48741     0.678431
48742     0.682353
48743     0.690196
48744     0.698039
48745     0.705882
48746     0.694118
48747     0.694118
48748     0.698039
48749     0.705882
48750     0.705882
48751     0.705882
48752     0.705882
48753     0.705882
48754     0.705882
48755     0.717647
48756     0.729412
48757     0.733333
48758     0.729412
48759     0.729412
48760     0.729412
48761     0.733333
48762     0.721569
48763     0.721569
48764     0.709804
48765     0.686275
48766     0.670588
48767     0.650980
48768     0.611765
48769     0.572549
48770     0.580392
48771     0.596078
48772     0.607843
48773     0.607843
48774     0.611765
48775     0.623529
48776     0.619608
48777     0.603922
48778     0.588235
48779     0.564706
48780     0.552941
48781     0.560784
48782     0.564706
48783     0.560784
48784     0.564706
48785     0.576471
48786     0.596078
48787     0.615686
48788     0.639216
48789     0.654902
48790     0.658824
48791     0.654902
48792     0.650980
48793     0.650980
48794     0.639216
48795     0.639216
48796     0.639216
48797     0.639216
48798     0.647059
48799     0.654902
48800     0.666667
48801     0.674510
48802     0.682353
48803     0.670588
48804     0.658824
48805     0.576471
48806     0.576471
48807     0.580392
48808     0.592157
48809     0.596078
48810     0.592157
48811     0.580392
48812     0.564706
48813     0.556863
48814     0.560784
48815     0.576471
48816     0.600000
48817     0.623529
48818     0.635294
48819     0.635294
48820     0.627451
48821     0.619608
48822     0.623529
48823     0.631373
48824     0.643137
48825     0.647059
48826     0.643137
48827     0.631373
48828     0.615686
48829     0.611765
48830     0.619608
48831     0.631373
48832     0.647059
48833     0.647059
48834     0.631373
48835     0.600000
48836     0.580392
48837     0.568627
48838     0.572549
48839     0.572549
48840     0.564706
48841     0.556863
48842     0.552941
48843     0.552941
48844     0.560784
48845     0.596078
48846     0.584314
48847     0.596078
48848     0.627451
48849     0.643137
48850     0.639216
48851     0.650980
48852     0.674510
48853     0.682353
48854     0.662745
48855     0.631373
48856     0.596078
48857     0.568627
48858     0.552941
48859     0.549020
48860     0.545098
48861     0.545098
48862     0.549020
48863     0.541176
48864     0.517647
48865     0.501961
48866     0.517647
48867     0.568627
48868     0.611765
48869     0.627451
48870     0.627451
48871     0.631373
48872     0.627451
48873     0.615686
48874     0.596078
48875     0.576471
48876     0.564706
48877     0.564706
48878     0.545098
48879     0.521569
48880     0.505882
48881     0.505882
48882     0.505882
48883     0.509804
48884     0.509804
48885     0.537255
48886     0.541176
48887     0.552941
48888     0.568627
48889     0.584314
48890     0.596078
48891     0.607843
48892     0.611765
48893     0.619608
48894     0.619608
48895     0.619608
48896     0.623529
48897     0.627451
48898     0.631373
48899     0.635294
48900     0.639216
48901     0.654902
48902     0.654902
48903     0.658824
48904     0.662745
48905     0.650980
48906     0.619608
48907     0.568627
48908     0.533333
48909     0.513726
48910     0.517647
48911     0.505882
48912     0.478431
48913     0.466667
48914     0.478431
48915     0.486275
48916     0.482353
48917     0.478431
48918     0.490196
48919     0.501961
48920     0.505882
48921     0.509804
48922     0.529412
48923     0.568627
48924     0.600000
48925     0.647059
48926     0.666667
48927     0.666667
48928     0.639216
48929     0.619608
48930     0.623529
48931     0.635294
48932     0.643137
48933     0.607843
48934     0.600000
48935     0.588235
48936     0.580392
48937     0.580392
48938     0.588235
48939     0.596078
48940     0.603922
48941     0.600000
48942     0.615686
48943     0.643137
48944     0.670588
48945     0.686275
48946     0.690196
48947     0.682353
48948     0.678431
48949     0.717647
48950     0.717647
48951     0.721569
48952     0.725490
48953     0.725490
48954     0.729412
48955     0.729412
48956     0.725490
48957     0.729412
48958     0.725490
48959     0.717647
48960     0.701961
48961     0.682353
48962     0.670588
48963     0.666667
48964     0.670588
48965     0.650980
48966     0.670588
48967     0.698039
48968     0.709804
48969     0.705882
48970     0.705882
48971     0.713726
48972     0.721569
48973     0.682353
48974     0.686275
48975     0.694118
48976     0.698039
48977     0.701961
48978     0.705882
48979     0.705882
48980     0.705882
48981     0.713726
48982     0.725490
48983     0.733333
48984     0.737255
48985     0.733333
48986     0.729412
48987     0.729412
48988     0.733333
48989     0.705882
48990     0.713726
48991     0.713726
48992     0.694118
48993     0.674510
48994     0.650980
48995     0.611765
48996     0.572549
48997     0.580392
48998     0.603922
48999     0.619608
49000     0.615686
49001     0.611765
49002     0.615686
49003     0.607843
49004     0.596078
49005     0.580392
49006     0.556863
49007     0.549020
49008     0.560784
49009     0.568627
49010     0.568627
49011     0.572549
49012     0.588235
49013     0.611765
49014     0.631373
49015     0.654902
49016     0.670588
49017     0.674510
49018     0.666667
49019     0.658824
49020     0.658824
49021     0.647059
49022     0.650980
49023     0.650980
49024     0.654902
49025     0.658824
49026     0.658824
49027     0.658824
49028     0.658824
49029     0.670588
49030     0.658824
49031     0.647059
49032     0.537255
49033     0.552941
49034     0.568627
49035     0.580392
49036     0.580392
49037     0.580392
49038     0.580392
49039     0.584314
49040     0.576471
49041     0.584314
49042     0.600000
49043     0.615686
49044     0.627451
49045     0.635294
49046     0.639216
49047     0.639216
49048     0.654902
49049     0.654902
49050     0.658824
49051     0.650980
49052     0.643137
49053     0.643137
49054     0.650980
49055     0.654902
49056     0.650980
49057     0.650980
49058     0.650980
49059     0.650980
49060     0.643137
49061     0.631373
49062     0.607843
49063     0.588235
49064     0.584314
49065     0.588235
49066     0.592157
49067     0.596078
49068     0.588235
49069     0.576471
49070     0.560784
49071     0.549020
49072     0.564706
49073     0.572549
49074     0.588235
49075     0.600000
49076     0.607843
49077     0.619608
49078     0.635294
49079     0.647059
49080     0.647059
49081     0.631373
49082     0.611765
49083     0.600000
49084     0.588235
49085     0.572549
49086     0.549020
49087     0.529412
49088     0.552941
49089     0.541176
49090     0.529412
49091     0.525490
49092     0.533333
49093     0.556863
49094     0.580392
49095     0.600000
49096     0.600000
49097     0.603922
49098     0.611765
49099     0.611765
49100     0.603922
49101     0.588235
49102     0.572549
49103     0.564706
49104     0.533333
49105     0.525490
49106     0.505882
49107     0.494118
49108     0.490196
49109     0.498039
49110     0.509804
49111     0.517647
49112     0.529412
49113     0.549020
49114     0.568627
49115     0.584314
49116     0.588235
49117     0.588235
49118     0.588235
49119     0.592157
49120     0.607843
49121     0.615686
49122     0.627451
49123     0.639216
49124     0.643137
49125     0.643137
49126     0.639216
49127     0.639216
49128     0.639216
49129     0.647059
49130     0.654902
49131     0.658824
49132     0.650980
49133     0.631373
49134     0.611765
49135     0.596078
49136     0.545098
49137     0.533333
49138     0.513726
49139     0.494118
49140     0.482353
49141     0.474510
49142     0.478431
49143     0.478431
49144     0.470588
49145     0.486275
49146     0.498039
49147     0.501961
49148     0.505882
49149     0.541176
49150     0.600000
49151     0.650980
49152     0.686275
49153     0.682353
49154     0.670588
49155     0.650980
49156     0.627451
49157     0.611765
49158     0.607843
49159     0.607843
49160     0.588235
49161     0.580392
49162     0.572549
49163     0.576471
49164     0.588235
49165     0.600000
49166     0.596078
49167     0.588235
49168     0.639216
49169     0.650980
49170     0.670588
49171     0.682353
49172     0.690196
49173     0.694118
49174     0.701961
49175     0.705882
49176     0.694118
49177     0.698039
49178     0.698039
49179     0.705882
49180     0.713726
49181     0.725490
49182     0.733333
49183     0.737255
49184     0.713726
49185     0.709804
49186     0.705882
49187     0.698039
49188     0.686275
49189     0.674510
49190     0.662745
49191     0.654902
49192     0.686275
49193     0.709804
49194     0.733333
49195     0.745098
49196     0.733333
49197     0.721569
49198     0.717647
49199     0.717647
49200     0.701961
49201     0.694118
49202     0.698039
49203     0.709804
49204     0.725490
49205     0.729412
49206     0.721569
49207     0.709804
49208     0.717647
49209     0.717647
49210     0.717647
49211     0.725490
49212     0.733333
49213     0.729412
49214     0.717647
49215     0.705882
49216     0.705882
49217     0.694118
49218     0.682353
49219     0.666667
49220     0.650980
49221     0.631373
49222     0.603922
49223     0.588235
49224     0.607843
49225     0.603922
49226     0.600000
49227     0.596078
49228     0.596078
49229     0.596078
49230     0.596078
49231     0.600000
49232     0.588235
49233     0.580392
49234     0.572549
49235     0.564706
49236     0.568627
49237     0.580392
49238     0.596078
49239     0.607843
49240     0.639216
49241     0.643137
49242     0.654902
49243     0.666667
49244     0.674510
49245     0.678431
49246     0.678431
49247     0.674510
49248     0.670588
49249     0.658824
49250     0.670588
49251     0.694118
49252     0.698039
49253     0.674510
49254     0.670588
49255     0.682353
49256     0.670588
49257     0.650980
49258     0.631373
49259     0.545098
49260     0.552941
49261     0.564706
49262     0.568627
49263     0.564706
49264     0.560784
49265     0.560784
49266     0.564706
49267     0.584314
49268     0.596078
49269     0.607843
49270     0.619608
49271     0.631373
49272     0.639216
49273     0.643137
49274     0.643137
49275     0.631373
49276     0.639216
49277     0.647059
49278     0.650980
49279     0.650980
49280     0.650980
49281     0.658824
49282     0.666667
49283     0.662745
49284     0.658824
49285     0.654902
49286     0.650980
49287     0.650980
49288     0.639216
49289     0.619608
49290     0.607843
49291     0.592157
49292     0.592157
49293     0.596078
49294     0.596078
49295     0.584314
49296     0.572549
49297     0.556863
49298     0.549020
49299     0.560784
49300     0.572549
49301     0.584314
49302     0.596078
49303     0.603922
49304     0.615686
49305     0.631373
49306     0.643137
49307     0.647059
49308     0.635294
49309     0.619608
49310     0.607843
49311     0.600000
49312     0.584314
49313     0.560784
49314     0.541176
49315     0.545098
49316     0.537255
49317     0.533333
49318     0.533333
49319     0.545098
49320     0.564706
49321     0.588235
49322     0.603922
49323     0.592157
49324     0.592157
49325     0.596078
49326     0.592157
49327     0.584314
49328     0.572549
49329     0.560784
49330     0.552941
49331     0.525490
49332     0.517647
49333     0.505882
49334     0.494118
49335     0.490196
49336     0.490196
49337     0.498039
49338     0.505882
49339     0.541176
49340     0.552941
49341     0.572549
49342     0.580392
49343     0.580392
49344     0.580392
49345     0.580392
49346     0.580392
49347     0.580392
49348     0.588235
49349     0.596078
49350     0.603922
49351     0.611765
49352     0.615686
49353     0.619608
49354     0.619608
49355     0.627451
49356     0.635294
49357     0.639216
49358     0.643137
49359     0.635294
49360     0.627451
49361     0.615686
49362     0.607843
49363     0.572549
49364     0.560784
49365     0.541176
49366     0.517647
49367     0.498039
49368     0.486275
49369     0.478431
49370     0.478431
49371     0.470588
49372     0.478431
49373     0.490196
49374     0.501961
49375     0.521569
49376     0.568627
49377     0.627451
49378     0.670588
49379     0.690196
49380     0.686275
49381     0.670588
49382     0.647059
49383     0.619608
49384     0.600000
49385     0.592157
49386     0.592157
49387     0.564706
49388     0.560784
49389     0.564706
49390     0.580392
49391     0.600000
49392     0.615686
49393     0.615686
49394     0.611765
49395     0.639216
49396     0.654902
49397     0.670588
49398     0.678431
49399     0.682353
49400     0.686275
49401     0.694118
49402     0.698039
49403     0.694118
49404     0.698039
49405     0.701961
49406     0.709804
49407     0.717647
49408     0.725490
49409     0.733333
49410     0.733333
49411     0.717647
49412     0.717647
49413     0.713726
49414     0.701961
49415     0.686275
49416     0.678431
49417     0.674510
49418     0.674510
49419     0.705882
49420     0.717647
49421     0.737255
49422     0.745098
49423     0.741176
49424     0.737255
49425     0.729412
49426     0.729412
49427     0.713726
49428     0.709804
49429     0.709804
49430     0.721569
49431     0.733333
49432     0.733333
49433     0.721569
49434     0.709804
49435     0.721569
49436     0.721569
49437     0.721569
49438     0.729412
49439     0.733333
49440     0.733333
49441     0.721569
49442     0.713726
49443     0.709804
49444     0.698039
49445     0.682353
49446     0.670588
49447     0.654902
49448     0.639216
49449     0.619608
49450     0.603922
49451     0.615686
49452     0.611765
49453     0.607843
49454     0.600000
49455     0.596078
49456     0.596078
49457     0.596078
49458     0.596078
49459     0.596078
49460     0.588235
49461     0.580392
49462     0.576471
49463     0.584314
49464     0.600000
49465     0.615686
49466     0.627451
49467     0.650980
49468     0.654902
49469     0.662745
49470     0.666667
49471     0.670588
49472     0.666667
49473     0.662745
49474     0.662745
49475     0.678431
49476     0.666667
49477     0.670588
49478     0.686275
49479     0.686275
49480     0.666667
49481     0.662745
49482     0.674510
49483     0.666667
49484     0.650980
49485     0.631373
49486     0.545098
49487     0.549020
49488     0.552941
49489     0.545098
49490     0.537255
49491     0.533333
49492     0.533333
49493     0.537255
49494     0.580392
49495     0.588235
49496     0.600000
49497     0.611765
49498     0.619608
49499     0.623529
49500     0.623529
49501     0.623529
49502     0.603922
49503     0.619608
49504     0.635294
49505     0.647059
49506     0.654902
49507     0.658824
49508     0.666667
49509     0.674510
49510     0.674510
49511     0.666667
49512     0.654902
49513     0.654902
49514     0.650980
49515     0.647059
49516     0.639216
49517     0.631373
49518     0.607843
49519     0.607843
49520     0.603922
49521     0.600000
49522     0.588235
49523     0.572549
49524     0.560784
49525     0.552941
49526     0.564706
49527     0.572549
49528     0.588235
49529     0.596078
49530     0.600000
49531     0.607843
49532     0.623529
49533     0.631373
49534     0.643137
49535     0.635294
49536     0.627451
49537     0.619608
49538     0.611765
49539     0.596078
49540     0.576471
49541     0.560784
49542     0.537255
49543     0.537255
49544     0.537255
49545     0.545098
49546     0.556863
49547     0.576471
49548     0.596078
49549     0.607843
49550     0.588235
49551     0.584314
49552     0.580392
49553     0.572549
49554     0.564706
49555     0.556863
49556     0.549020
49557     0.545098
49558     0.529412
49559     0.525490
49560     0.513726
49561     0.505882
49562     0.501961
49563     0.501961
49564     0.501961
49565     0.505882
49566     0.549020
49567     0.560784
49568     0.572549
49569     0.576471
49570     0.572549
49571     0.568627
49572     0.568627
49573     0.572549
49574     0.549020
49575     0.552941
49576     0.556863
49577     0.560784
49578     0.572549
49579     0.580392
49580     0.588235
49581     0.592157
49582     0.615686
49583     0.615686
49584     0.615686
49585     0.615686
49586     0.615686
49587     0.619608
49588     0.623529
49589     0.623529
49590     0.603922
49591     0.592157
49592     0.572549
49593     0.549020
49594     0.521569
49595     0.498039
49596     0.478431
49597     0.470588
49598     0.466667
49599     0.470588
49600     0.478431
49601     0.501961
49602     0.545098
49603     0.603922
49604     0.662745
49605     0.698039
49606     0.698039
49607     0.694118
49608     0.674510
49609     0.647059
49610     0.611765
49611     0.584314
49612     0.572549
49613     0.572549
49614     0.541176
49615     0.549020
49616     0.564706
49617     0.592157
49618     0.619608
49619     0.635294
49620     0.643137
49621     0.643137
49622     0.647059
49623     0.654902
49624     0.666667
49625     0.674510
49626     0.674510
49627     0.674510
49628     0.682353
49629     0.686275
49630     0.690196
49631     0.694118
49632     0.705882
49633     0.717647
49634     0.725490
49635     0.729412
49636     0.729412
49637     0.729412
49638     0.717647
49639     0.721569
49640     0.721569
49641     0.705882
49642     0.690196
49643     0.682353
49644     0.690196
49645     0.701961
49646     0.733333
49647     0.733333
49648     0.733333
49649     0.741176
49650     0.749020
49651     0.752941
49652     0.749020
49653     0.741176
49654     0.733333
49655     0.733333
49656     0.733333
49657     0.741176
49658     0.745098
49659     0.745098
49660     0.733333
49661     0.725490
49662     0.729412
49663     0.725490
49664     0.725490
49665     0.729412
49666     0.733333
49667     0.737255
49668     0.729412
49669     0.721569
49670     0.717647
49671     0.705882
49672     0.686275
49673     0.674510
49674     0.662745
49675     0.650980
49676     0.639216
49677     0.631373
49678     0.635294
49679     0.627451
49680     0.619608
49681     0.607843
49682     0.600000
49683     0.592157
49684     0.592157
49685     0.588235
49686     0.588235
49687     0.584314
49688     0.580392
49689     0.584314
49690     0.592157
49691     0.611765
49692     0.627451
49693     0.639216
49694     0.658824
49695     0.662745
49696     0.666667
49697     0.666667
49698     0.662745
49699     0.658824
49700     0.650980
49701     0.643137
49702     0.670588
49703     0.658824
49704     0.654902
49705     0.662745
49706     0.658824
49707     0.647059
49708     0.647059
49709     0.654902
49710     0.654902
49711     0.643137
49712     0.631373
49713     0.533333
49714     0.537255
49715     0.533333
49716     0.525490
49717     0.517647
49718     0.513726
49719     0.517647
49720     0.521569
49721     0.556863
49722     0.560784
49723     0.572549
49724     0.580392
49725     0.588235
49726     0.588235
49727     0.588235
49728     0.588235
49729     0.588235
49730     0.607843
49731     0.627451
49732     0.643137
49733     0.650980
49734     0.654902
49735     0.662745
49736     0.666667
49737     0.670588
49738     0.662745
49739     0.650980
49740     0.647059
49741     0.647059
49742     0.650980
49743     0.647059
49744     0.643137
49745     0.627451
49746     0.623529
49747     0.619608
49748     0.607843
49749     0.600000
49750     0.588235
49751     0.576471
49752     0.572549
49753     0.580392
49754     0.588235
49755     0.596078
49756     0.600000
49757     0.600000
49758     0.603922
49759     0.611765
49760     0.619608
49761     0.635294
49762     0.631373
49763     0.631373
49764     0.623529
49765     0.615686
49766     0.603922
49767     0.592157
49768     0.580392
49769     0.537255
49770     0.541176
49771     0.549020
49772     0.556863
49773     0.572549
49774     0.584314
49775     0.600000
49776     0.607843
49777     0.584314
49778     0.580392
49779     0.568627
49780     0.560784
49781     0.552941
49782     0.549020
49783     0.549020
49784     0.549020
49785     0.549020
49786     0.545098
49787     0.541176
49788     0.533333
49789     0.529412
49790     0.525490
49791     0.525490
49792     0.525490
49793     0.556863
49794     0.564706
49795     0.572549
49796     0.572549
49797     0.568627
49798     0.564706
49799     0.568627
49800     0.572549
49801     0.533333
49802     0.529412
49803     0.529412
49804     0.533333
49805     0.541176
49806     0.556863
49807     0.568627
49808     0.580392
49809     0.603922
49810     0.600000
49811     0.596078
49812     0.592157
49813     0.600000
49814     0.615686
49815     0.627451
49816     0.639216
49817     0.619608
49818     0.611765
49819     0.592157
49820     0.564706
49821     0.533333
49822     0.501961
49823     0.474510
49824     0.462745
49825     0.470588
49826     0.462745
49827     0.470588
49828     0.509804
49829     0.568627
49830     0.639216
49831     0.690196
49832     0.713726
49833     0.713726
49834     0.705882
49835     0.682353
49836     0.650980
49837     0.611765
49838     0.580392
49839     0.568627
49840     0.560784
49841     0.545098
49842     0.560784
49843     0.584314
49844     0.611765
49845     0.639216
49846     0.654902
49847     0.662745
49848     0.662745
49849     0.650980
49850     0.658824
49851     0.666667
49852     0.666667
49853     0.662745
49854     0.662745
49855     0.670588
49856     0.674510
49857     0.686275
49858     0.694118
49859     0.705882
49860     0.717647
49861     0.725490
49862     0.725490
49863     0.721569
49864     0.721569
49865     0.709804
49866     0.717647
49867     0.721569
49868     0.709804
49869     0.698039
49870     0.698039
49871     0.717647
49872     0.737255
49873     0.749020
49874     0.733333
49875     0.725490
49876     0.733333
49877     0.749020
49878     0.760784
49879     0.756863
49880     0.752941
49881     0.749020
49882     0.749020
49883     0.756863
49884     0.760784
49885     0.764706
49886     0.764706
49887     0.756863
49888     0.752941
49889     0.733333
49890     0.729412
49891     0.721569
49892     0.725490
49893     0.729412
49894     0.733333
49895     0.729412
49896     0.725490
49897     0.725490
49898     0.709804
49899     0.694118
49900     0.682353
49901     0.678431
49902     0.674510
49903     0.666667
49904     0.662745
49905     0.654902
49906     0.647059
49907     0.635294
49908     0.619608
49909     0.603922
49910     0.596078
49911     0.588235
49912     0.584314
49913     0.580392
49914     0.576471
49915     0.576471
49916     0.580392
49917     0.592157
49918     0.611765
49919     0.627451
49920     0.639216
49921     0.654902
49922     0.658824
49923     0.658824
49924     0.662745
49925     0.658824
49926     0.650980
49927     0.643137
49928     0.635294
49929     0.639216
49930     0.631373
49931     0.623529
49932     0.623529
49933     0.619608
49934     0.623529
49935     0.627451
49936     0.635294
49937     0.635294
49938     0.631373
49939     0.623529
49940     0.517647
49941     0.521569
49942     0.521569
49943     0.513726
49944     0.509804
49945     0.505882
49946     0.513726
49947     0.521569
49948     0.537255
49949     0.541176
49950     0.549020
49951     0.560784
49952     0.564706
49953     0.564706
49954     0.564706
49955     0.560784
49956     0.588235
49957     0.603922
49958     0.623529
49959     0.635294
49960     0.639216
49961     0.639216
49962     0.643137
49963     0.643137
49964     0.654902
49965     0.647059
49966     0.635294
49967     0.631373
49968     0.639216
49969     0.647059
49970     0.647059
49971     0.647059
49972     0.647059
49973     0.639216
49974     0.631373
49975     0.623529
49976     0.615686
49977     0.607843
49978     0.603922
49979     0.603922
49980     0.607843
49981     0.611765
49982     0.615686
49983     0.615686
49984     0.607843
49985     0.607843
49986     0.611765
49987     0.615686
49988     0.635294
49989     0.631373
49990     0.631373
49991     0.623529
49992     0.611765
49993     0.603922
49994     0.600000
49995     0.600000
49996     0.556863
49997     0.560784
49998     0.564706
49999     0.572549
50000     0.580392
50001     0.588235
50002     0.596078
50003     0.600000
50004     0.576471
50005     0.568627
50006     0.556863
50007     0.549020
50008     0.545098
50009     0.545098
50010     0.549020
50011     0.552941
50012     0.564706
50013     0.564706
50014     0.556863
50015     0.552941
50016     0.549020
50017     0.549020
50018     0.549020
50019     0.549020
50020     0.564706
50021     0.568627
50022     0.572549
50023     0.568627
50024     0.564706
50025     0.564706
50026     0.568627
50027     0.576471
50028     0.529412
50029     0.525490
50030     0.521569
50031     0.525490
50032     0.533333
50033     0.545098
50034     0.560784
50035     0.572549
50036     0.592157
50037     0.584314
50038     0.580392
50039     0.580392
50040     0.588235
50041     0.607843
50042     0.627451
50043     0.639216
50044     0.615686
50045     0.607843
50046     0.592157
50047     0.568627
50048     0.537255
50049     0.505882
50050     0.478431
50051     0.462745
50052     0.478431
50053     0.474510
50054     0.486275
50055     0.525490
50056     0.592157
50057     0.654902
50058     0.698039
50059     0.713726
50060     0.721569
50061     0.713726
50062     0.694118
50063     0.658824
50064     0.619608
50065     0.592157
50066     0.576471
50067     0.572549
50068     0.576471
50069     0.592157
50070     0.611765
50071     0.635294
50072     0.650980
50073     0.662745
50074     0.666667
50075     0.670588
50076     0.654902
50077     0.658824
50078     0.662745
50079     0.662745
50080     0.658824
50081     0.654902
50082     0.662745
50083     0.670588
50084     0.682353
50085     0.690196
50086     0.701961
50087     0.713726
50088     0.721569
50089     0.721569
50090     0.717647
50091     0.713726
50092     0.698039
50093     0.701961
50094     0.709804
50095     0.705882
50096     0.705882
50097     0.717647
50098     0.737255
50099     0.756863
50100     0.745098
50101     0.729412
50102     0.717647
50103     0.721569
50104     0.737255
50105     0.752941
50106     0.756863
50107     0.752941
50108     0.752941
50109     0.760784
50110     0.768627
50111     0.776471
50112     0.776471
50113     0.776471
50114     0.772549
50115     0.772549
50116     0.733333
50117     0.725490
50118     0.717647
50119     0.713726
50120     0.721569
50121     0.725490
50122     0.729412
50123     0.725490
50124     0.725490
50125     0.713726
50126     0.701961
50127     0.694118
50128     0.694118
50129     0.698039
50130     0.694118
50131     0.690196
50132     0.670588
50133     0.662745
50134     0.647059
50135     0.627451
50136     0.611765
50137     0.596078
50138     0.588235
50139     0.584314
50140     0.580392
50141     0.580392
50142     0.584314
50143     0.588235
50144     0.600000
50145     0.615686
50146     0.627451
50147     0.639216
50148     0.639216
50149     0.643137
50150     0.647059
50151     0.650980
50152     0.647059
50153     0.643137
50154     0.639216
50155     0.635294
50156     0.600000
50157     0.596078
50158     0.592157
50159     0.584314
50160     0.588235
50161     0.603922
50162     0.615686
50163     0.619608
50164     0.615686
50165     0.615686
50166     0.615686
50167     0.505882
50168     0.513726
50169     0.517647
50170     0.517647
50171     0.513726
50172     0.509804
50173     0.513726
50174     0.521569
50175     0.537255
50176     0.541176
50177     0.552941
50178     0.560784
50179     0.568627
50180     0.568627
50181     0.568627
50182     0.564706
50183     0.588235
50184     0.600000
50185     0.611765
50186     0.619608
50187     0.619608
50188     0.615686
50189     0.619608
50190     0.623529
50191     0.635294
50192     0.627451
50193     0.619608
50194     0.623529
50195     0.631373
50196     0.643137
50197     0.643137
50198     0.643137
50199     0.650980
50200     0.647059
50201     0.639216
50202     0.631373
50203     0.627451
50204     0.631373
50205     0.635294
50206     0.635294
50207     0.623529
50208     0.631373
50209     0.635294
50210     0.631373
50211     0.627451
50212     0.623529
50213     0.631373
50214     0.635294
50215     0.643137
50216     0.639216
50217     0.635294
50218     0.619608
50219     0.607843
50220     0.603922
50221     0.611765
50222     0.619608
50223     0.592157
50224     0.588235
50225     0.584314
50226     0.580392
50227     0.580392
50228     0.580392
50229     0.584314
50230     0.584314
50231     0.560784
50232     0.556863
50233     0.552941
50234     0.549020
50235     0.549020
50236     0.549020
50237     0.556863
50238     0.556863
50239     0.576471
50240     0.572549
50241     0.568627
50242     0.564706
50243     0.564706
50244     0.568627
50245     0.572549
50246     0.576471
50247     0.584314
50248     0.584314
50249     0.580392
50250     0.572549
50251     0.560784
50252     0.560784
50253     0.568627
50254     0.576471
50255     0.529412
50256     0.529412
50257     0.525490
50258     0.525490
50259     0.529412
50260     0.541176
50261     0.552941
50262     0.560784
50263     0.572549
50264     0.568627
50265     0.568627
50266     0.572549
50267     0.580392
50268     0.596078
50269     0.607843
50270     0.619608
50271     0.603922
50272     0.600000
50273     0.588235
50274     0.568627
50275     0.545098
50276     0.517647
50277     0.494118
50278     0.482353
50279     0.505882
50280     0.505882
50281     0.521569
50282     0.560784
50283     0.615686
50284     0.662745
50285     0.690196
50286     0.701961
50287     0.717647
50288     0.709804
50289     0.694118
50290     0.662745
50291     0.631373
50292     0.603922
50293     0.592157
50294     0.588235
50295     0.611765
50296     0.623529
50297     0.639216
50298     0.647059
50299     0.650980
50300     0.654902
50301     0.662745
50302     0.666667
50303     0.654902
50304     0.658824
50305     0.662745
50306     0.658824
50307     0.654902
50308     0.654902
50309     0.662745
50310     0.670588
50311     0.682353
50312     0.686275
50313     0.694118
50314     0.705882
50315     0.709804
50316     0.709804
50317     0.709804
50318     0.709804
50319     0.694118
50320     0.694118
50321     0.694118
50322     0.701961
50323     0.713726
50324     0.729412
50325     0.741176
50326     0.745098
50327     0.729412
50328     0.721569
50329     0.713726
50330     0.717647
50331     0.729412
50332     0.741176
50333     0.749020
50334     0.752941
50335     0.752941
50336     0.764706
50337     0.772549
50338     0.776471
50339     0.772549
50340     0.768627
50341     0.768627
50342     0.772549
50343     0.729412
50344     0.717647
50345     0.705882
50346     0.701961
50347     0.705882
50348     0.713726
50349     0.721569
50350     0.721569
50351     0.725490
50352     0.717647
50353     0.709804
50354     0.709804
50355     0.717647
50356     0.721569
50357     0.717647
50358     0.713726
50359     0.682353
50360     0.674510
50361     0.658824
50362     0.639216
50363     0.619608
50364     0.603922
50365     0.592157
50366     0.584314
50367     0.600000
50368     0.596078
50369     0.600000
50370     0.600000
50371     0.607843
50372     0.619608
50373     0.627451
50374     0.635294
50375     0.623529
50376     0.627451
50377     0.631373
50378     0.635294
50379     0.639216
50380     0.635294
50381     0.631373
50382     0.627451
50383     0.576471
50384     0.584314
50385     0.580392
50386     0.568627
50387     0.576471
50388     0.596078
50389     0.607843
50390     0.607843
50391     0.603922
50392     0.607843
50393     0.615686
50394     0.509804
50395     0.517647
50396     0.525490
50397     0.525490
50398     0.521569
50399     0.513726
50400     0.513726
50401     0.517647
50402     0.545098
50403     0.549020
50404     0.560784
50405     0.572549
50406     0.576471
50407     0.580392
50408     0.580392
50409     0.580392
50410     0.588235
50411     0.596078
50412     0.600000
50413     0.603922
50414     0.600000
50415     0.600000
50416     0.607843
50417     0.615686
50418     0.619608
50419     0.615686
50420     0.611765
50421     0.619608
50422     0.631373
50423     0.639216
50424     0.643137
50425     0.639216
50426     0.647059
50427     0.643137
50428     0.635294
50429     0.631373
50430     0.635294
50431     0.643137
50432     0.654902
50433     0.662745
50434     0.631373
50435     0.639216
50436     0.647059
50437     0.650980
50438     0.650980
50439     0.650980
50440     0.658824
50441     0.666667
50442     0.658824
50443     0.654902
50444     0.643137
50445     0.623529
50446     0.607843
50447     0.607843
50448     0.623529
50449     0.639216
50450     0.623529
50451     0.615686
50452     0.603922
50453     0.588235
50454     0.576471
50455     0.572549
50456     0.568627
50457     0.568627
50458     0.564706
50459     0.564706
50460     0.564706
50461     0.568627
50462     0.568627
50463     0.576471
50464     0.580392
50465     0.584314
50466     0.596078
50467     0.592157
50468     0.584314
50469     0.580392
50470     0.584314
50471     0.592157
50472     0.603922
50473     0.615686
50474     0.611765
50475     0.607843
50476     0.596078
50477     0.576471
50478     0.556863
50479     0.552941
50480     0.556863
50481     0.564706
50482     0.529412
50483     0.525490
50484     0.525490
50485     0.525490
50486     0.529412
50487     0.533333
50488     0.541176
50489     0.545098
50490     0.549020
50491     0.552941
50492     0.556863
50493     0.564706
50494     0.572549
50495     0.576471
50496     0.584314
50497     0.584314
50498     0.596078
50499     0.592157
50500     0.584314
50501     0.572549
50502     0.556863
50503     0.541176
50504     0.529412
50505     0.521569
50506     0.537255
50507     0.545098
50508     0.568627
50509     0.600000
50510     0.635294
50511     0.666667
50512     0.682353
50513     0.690196
50514     0.705882
50515     0.701961
50516     0.686275
50517     0.662745
50518     0.635294
50519     0.615686
50520     0.607843
50521     0.607843
50522     0.631373
50523     0.643137
50524     0.650980
50525     0.650980
50526     0.643137
50527     0.643137
50528     0.650980
50529     0.658824
50530     0.658824
50531     0.658824
50532     0.662745
50533     0.658824
50534     0.654902
50535     0.658824
50536     0.666667
50537     0.678431
50538     0.682353
50539     0.682353
50540     0.686275
50541     0.690196
50542     0.698039
50543     0.701961
50544     0.701961
50545     0.705882
50546     0.705882
50547     0.694118
50548     0.686275
50549     0.698039
50550     0.717647
50551     0.729412
50552     0.725490
50553     0.713726
50554     0.717647
50555     0.717647
50556     0.721569
50557     0.721569
50558     0.721569
50559     0.729412
50560     0.745098
50561     0.756863
50562     0.752941
50563     0.764706
50564     0.772549
50565     0.768627
50566     0.756863
50567     0.745098
50568     0.741176
50569     0.745098
50570     0.721569
50571     0.709804
50572     0.694118
50573     0.686275
50574     0.694118
50575     0.701961
50576     0.709804
50577     0.713726
50578     0.721569
50579     0.717647
50580     0.721569
50581     0.725490
50582     0.737255
50583     0.741176
50584     0.737255
50585     0.729412
50586     0.690196
50587     0.678431
50588     0.662745
50589     0.643137
50590     0.623529
50591     0.607843
50592     0.596078
50593     0.592157
50594     0.607843
50595     0.607843
50596     0.603922
50597     0.603922
50598     0.607843
50599     0.611765
50600     0.615686
50601     0.619608
50602     0.615686
50603     0.619608
50604     0.623529
50605     0.627451
50606     0.627451
50607     0.623529
50608     0.615686
50609     0.611765
50610     0.580392
50611     0.592157
50612     0.592157
50613     0.576471
50614     0.580392
50615     0.603922
50616     0.611765
50617     0.603922
50618     0.600000
50619     0.611765
50620     0.619608
50621     0.513726
50622     0.525490
50623     0.537255
50624     0.537255
50625     0.529412
50626     0.517647
50627     0.509804
50628     0.509804
50629     0.545098
50630     0.552941
50631     0.564706
50632     0.576471
50633     0.584314
50634     0.588235
50635     0.588235
50636     0.588235
50637     0.580392
50638     0.588235
50639     0.592157
50640     0.592157
50641     0.588235
50642     0.592157
50643     0.603922
50644     0.611765
50645     0.611765
50646     0.607843
50647     0.611765
50648     0.619608
50649     0.635294
50650     0.643137
50651     0.643137
50652     0.639216
50653     0.639216
50654     0.635294
50655     0.631373
50656     0.627451
50657     0.635294
50658     0.650980
50659     0.662745
50660     0.674510
50661     0.627451
50662     0.639216
50663     0.650980
50664     0.658824
50665     0.662745
50666     0.670588
50667     0.686275
50668     0.694118
50669     0.670588
50670     0.666667
50671     0.650980
50672     0.627451
50673     0.607843
50674     0.611765
50675     0.631373
50676     0.650980
50677     0.647059
50678     0.635294
50679     0.615686
50680     0.592157
50681     0.572549
50682     0.564706
50683     0.560784
50684     0.556863
50685     0.580392
50686     0.580392
50687     0.588235
50688     0.592157
50689     0.600000
50690     0.603922
50691     0.607843
50692     0.607843
50693     0.619608
50694     0.611765
50695     0.600000
50696     0.596078
50697     0.600000
50698     0.615686
50699     0.635294
50700     0.647059
50701     0.635294
50702     0.627451
50703     0.607843
50704     0.580392
50705     0.556863
50706     0.545098
50707     0.545098
50708     0.552941
50709     0.525490
50710     0.521569
50711     0.521569
50712     0.521569
50713     0.525490
50714     0.525490
50715     0.529412
50716     0.533333
50717     0.533333
50718     0.541176
50719     0.549020
50720     0.560784
50721     0.564706
50722     0.564706
50723     0.560784
50724     0.560784
50725     0.596078
50726     0.592157
50727     0.584314
50728     0.576471
50729     0.568627
50730     0.560784
50731     0.552941
50732     0.552941
50733     0.556863
50734     0.572549
50735     0.600000
50736     0.627451
50737     0.650980
50738     0.666667
50739     0.678431
50740     0.682353
50741     0.694118
50742     0.690196
50743     0.678431
50744     0.658824
50745     0.635294
50746     0.619608
50747     0.615686
50748     0.615686
50749     0.639216
50750     0.647059
50751     0.650980
50752     0.647059
50753     0.635294
50754     0.631373
50755     0.643137
50756     0.654902
50757     0.658824
50758     0.658824
50759     0.662745
50760     0.658824
50761     0.654902
50762     0.658824
50763     0.670588
50764     0.682353
50765     0.682353
50766     0.682353
50767     0.682353
50768     0.682353
50769     0.686275
50770     0.694118
50771     0.698039
50772     0.701961
50773     0.713726
50774     0.698039
50775     0.686275
50776     0.698039
50777     0.721569
50778     0.729412
50779     0.709804
50780     0.686275
50781     0.705882
50782     0.717647
50783     0.725490
50784     0.725490
50785     0.721569
50786     0.725490
50787     0.745098
50788     0.760784
50789     0.752941
50790     0.764706
50791     0.768627
50792     0.760784
50793     0.741176
50794     0.721569
50795     0.717647
50796     0.721569
50797     0.717647
50798     0.701961
50799     0.686275
50800     0.678431
50801     0.682353
50802     0.694118
50803     0.705882
50804     0.705882
50805     0.717647
50806     0.717647
50807     0.725490
50808     0.737255
50809     0.749020
50810     0.749020
50811     0.745098
50812     0.737255
50813     0.694118
50814     0.682353
50815     0.666667
50816     0.647059
50817     0.627451
50818     0.611765
50819     0.600000
50820     0.592157
50821     0.603922
50822     0.603922
50823     0.600000
50824     0.596078
50825     0.596078
50826     0.596078
50827     0.600000
50828     0.600000
50829     0.615686
50830     0.615686
50831     0.619608
50832     0.623529
50833     0.619608
50834     0.611765
50835     0.607843
50836     0.600000
50837     0.596078
50838     0.611765
50839     0.611765
50840     0.592157
50841     0.592157
50842     0.611765
50843     0.615686
50844     0.600000
50845     0.600000
50846     0.615686
50847     0.627451
50848     0.525490
50849     0.525490
50850     0.525490
50851     0.525490
50852     0.525490
50853     0.529412
50854     0.537255
50855     0.537255
50856     0.556863
50857     0.584314
50858     0.600000
50859     0.588235
50860     0.572549
50861     0.572549
50862     0.572549
50863     0.564706
50864     0.568627
50865     0.588235
50866     0.600000
50867     0.596078
50868     0.600000
50869     0.603922
50870     0.596078
50871     0.576471
50872     0.588235
50873     0.596078
50874     0.600000
50875     0.600000
50876     0.603922
50877     0.611765
50878     0.627451
50879     0.639216
50880     0.639216
50881     0.635294
50882     0.635294
50883     0.643137
50884     0.650980
50885     0.658824
50886     0.658824
50887     0.654902
50888     0.666667
50889     0.666667
50890     0.666667
50891     0.674510
50892     0.690196
50893     0.701961
50894     0.701961
50895     0.698039
50896     0.698039
50897     0.686275
50898     0.670588
50899     0.654902
50900     0.643137
50901     0.639216
50902     0.639216
50903     0.639216
50904     0.650980
50905     0.635294
50906     0.611765
50907     0.596078
50908     0.588235
50909     0.584314
50910     0.576471
50911     0.572549
50912     0.588235
50913     0.592157
50914     0.600000
50915     0.607843
50916     0.615686
50917     0.623529
50918     0.631373
50919     0.635294
50920     0.623529
50921     0.635294
50922     0.647059
50923     0.654902
50924     0.650980
50925     0.650980
50926     0.654902
50927     0.658824
50928     0.650980
50929     0.647059
50930     0.631373
50931     0.596078
50932     0.560784
50933     0.541176
50934     0.537255
50935     0.545098
50936     0.533333
50937     0.517647
50938     0.501961
50939     0.498039
50940     0.505882
50941     0.513726
50942     0.521569
50943     0.521569
50944     0.517647
50945     0.537255
50946     0.525490
50947     0.525490
50948     0.564706
50949     0.568627
50950     0.552941
50951     0.572549
50952     0.564706
50953     0.576471
50954     0.580392
50955     0.580392
50956     0.596078
50957     0.615686
50958     0.611765
50959     0.596078
50960     0.639216
50961     0.631373
50962     0.619608
50963     0.615686
50964     0.627451
50965     0.643137
50966     0.666667
50967     0.678431
50968     0.682353
50969     0.674510
50970     0.662745
50971     0.650980
50972     0.643137
50973     0.635294
50974     0.635294
50975     0.635294
50976     0.619608
50977     0.627451
50978     0.631373
50979     0.627451
50980     0.619608
50981     0.619608
50982     0.635294
50983     0.654902
50984     0.643137
50985     0.643137
50986     0.643137
50987     0.650980
50988     0.658824
50989     0.670588
50990     0.682353
50991     0.690196
50992     0.682353
50993     0.690196
50994     0.690196
50995     0.686275
50996     0.701961
50997     0.725490
50998     0.729412
50999     0.717647
51000     0.713726
51001     0.690196
51002     0.678431
51003     0.698039
51004     0.717647
51005     0.721569
51006     0.721569
51007     0.729412
51008     0.721569
51009     0.721569
51010     0.717647
51011     0.721569
51012     0.725490
51013     0.729412
51014     0.733333
51015     0.737255
51016     0.749020
51017     0.745098
51018     0.745098
51019     0.745098
51020     0.741176
51021     0.729412
51022     0.705882
51023     0.690196
51024     0.701961
51025     0.690196
51026     0.678431
51027     0.666667
51028     0.666667
51029     0.670588
51030     0.678431
51031     0.682353
51032     0.709804
51033     0.717647
51034     0.733333
51035     0.741176
51036     0.741176
51037     0.733333
51038     0.721569
51039     0.709804
51040     0.705882
51041     0.694118
51042     0.674510
51043     0.658824
51044     0.650980
51045     0.639216
51046     0.627451
51047     0.615686
51048     0.607843
51049     0.596078
51050     0.584314
51051     0.580392
51052     0.584314
51053     0.592157
51054     0.596078
51055     0.596078
51056     0.603922
51057     0.607843
51058     0.607843
51059     0.611765
51060     0.619608
51061     0.623529
51062     0.623529
51063     0.627451
51064     0.611765
51065     0.623529
51066     0.627451
51067     0.619608
51068     0.600000
51069     0.588235
51070     0.588235
51071     0.596078
51072     0.607843
51073     0.615686
51074     0.623529
51075     0.529412
51076     0.525490
51077     0.525490
51078     0.525490
51079     0.529412
51080     0.533333
51081     0.541176
51082     0.541176
51083     0.560784
51084     0.584314
51085     0.596078
51086     0.584314
51087     0.568627
51088     0.572549
51089     0.576471
51090     0.572549
51091     0.584314
51092     0.603922
51093     0.615686
51094     0.607843
51095     0.607843
51096     0.611765
51097     0.600000
51098     0.584314
51099     0.588235
51100     0.596078
51101     0.600000
51102     0.600000
51103     0.603922
51104     0.611765
51105     0.627451
51106     0.639216
51107     0.639216
51108     0.635294
51109     0.635294
51110     0.643137
51111     0.650980
51112     0.658824
51113     0.658824
51114     0.654902
51115     0.658824
51116     0.654902
51117     0.658824
51118     0.666667
51119     0.682353
51120     0.690196
51121     0.694118
51122     0.690196
51123     0.682353
51124     0.674510
51125     0.662745
51126     0.654902
51127     0.647059
51128     0.647059
51129     0.650980
51130     0.650980
51131     0.658824
51132     0.643137
51133     0.623529
51134     0.607843
51135     0.600000
51136     0.596078
51137     0.592157
51138     0.588235
51139     0.592157
51140     0.596078
51141     0.600000
51142     0.607843
51143     0.615686
51144     0.623529
51145     0.627451
51146     0.631373
51147     0.627451
51148     0.639216
51149     0.650980
51150     0.654902
51151     0.650980
51152     0.647059
51153     0.650980
51154     0.650980
51155     0.647059
51156     0.643137
51157     0.627451
51158     0.596078
51159     0.556863
51160     0.537255
51161     0.537255
51162     0.545098
51163     0.525490
51164     0.509804
51165     0.494118
51166     0.490196
51167     0.498039
51168     0.505882
51169     0.513726
51170     0.513726
51171     0.509804
51172     0.529412
51173     0.517647
51174     0.517647
51175     0.556863
51176     0.560784
51177     0.545098
51178     0.564706
51179     0.572549
51180     0.588235
51181     0.596078
51182     0.596078
51183     0.611765
51184     0.627451
51185     0.623529
51186     0.603922
51187     0.615686
51188     0.607843
51189     0.600000
51190     0.603922
51191     0.615686
51192     0.639216
51193     0.666667
51194     0.682353
51195     0.674510
51196     0.666667
51197     0.650980
51198     0.635294
51199     0.623529
51200     0.623529
51201     0.623529
51202     0.627451
51203     0.619608
51204     0.627451
51205     0.627451
51206     0.619608
51207     0.603922
51208     0.600000
51209     0.611765
51210     0.627451
51211     0.627451
51212     0.631373
51213     0.631373
51214     0.639216
51215     0.647059
51216     0.658824
51217     0.670588
51218     0.678431
51219     0.674510
51220     0.682353
51221     0.682353
51222     0.678431
51223     0.694118
51224     0.717647
51225     0.721569
51226     0.705882
51227     0.678431
51228     0.658824
51229     0.650980
51230     0.674510
51231     0.698039
51232     0.705882
51233     0.713726
51234     0.721569
51235     0.729412
51236     0.729412
51237     0.729412
51238     0.729412
51239     0.725490
51240     0.721569
51241     0.721569
51242     0.717647
51243     0.709804
51244     0.709804
51245     0.709804
51246     0.717647
51247     0.721569
51248     0.709804
51249     0.694118
51250     0.678431
51251     0.690196
51252     0.682353
51253     0.670588
51254     0.658824
51255     0.654902
51256     0.658824
51257     0.670588
51258     0.674510
51259     0.698039
51260     0.705882
51261     0.721569
51262     0.733333
51263     0.733333
51264     0.729412
51265     0.713726
51266     0.705882
51267     0.709804
51268     0.694118
51269     0.674510
51270     0.662745
51271     0.650980
51272     0.639216
51273     0.627451
51274     0.615686
51275     0.600000
51276     0.592157
51277     0.580392
51278     0.580392
51279     0.588235
51280     0.596078
51281     0.600000
51282     0.603922
51283     0.603922
51284     0.607843
51285     0.607843
51286     0.615686
51287     0.619608
51288     0.623529
51289     0.627451
51290     0.627451
51291     0.615686
51292     0.627451
51293     0.631373
51294     0.623529
51295     0.600000
51296     0.588235
51297     0.588235
51298     0.592157
51299     0.607843
51300     0.615686
51301     0.623529
51302     0.529412
51303     0.529412
51304     0.529412
51305     0.533333
51306     0.537255
51307     0.541176
51308     0.545098
51309     0.549020
51310     0.568627
51311     0.588235
51312     0.596078
51313     0.576471
51314     0.560784
51315     0.568627
51316     0.576471
51317     0.576471
51318     0.603922
51319     0.623529
51320     0.631373
51321     0.623529
51322     0.619608
51323     0.623529
51324     0.607843
51325     0.588235
51326     0.588235
51327     0.596078
51328     0.600000
51329     0.600000
51330     0.603922
51331     0.611765
51332     0.627451
51333     0.639216
51334     0.639216
51335     0.635294
51336     0.635294
51337     0.643137
51338     0.650980
51339     0.658824
51340     0.658824
51341     0.654902
51342     0.650980
51343     0.647059
51344     0.650980
51345     0.658824
51346     0.674510
51347     0.682353
51348     0.686275
51349     0.682353
51350     0.666667
51351     0.662745
51352     0.654902
51353     0.650980
51354     0.650980
51355     0.654902
51356     0.662745
51357     0.666667
51358     0.666667
51359     0.654902
51360     0.635294
51361     0.619608
51362     0.615686
51363     0.615686
51364     0.611765
51365     0.607843
51366     0.600000
51367     0.600000
51368     0.603922
51369     0.607843
51370     0.615686
51371     0.619608
51372     0.623529
51373     0.623529
51374     0.635294
51375     0.643137
51376     0.654902
51377     0.654902
51378     0.650980
51379     0.643137
51380     0.643137
51381     0.647059
51382     0.643137
51383     0.639216
51384     0.623529
51385     0.588235
51386     0.552941
51387     0.529412
51388     0.529412
51389     0.537255
51390     0.513726
51391     0.501961
51392     0.486275
51393     0.482353
51394     0.486275
51395     0.498039
51396     0.505882
51397     0.505882
51398     0.501961
51399     0.521569
51400     0.505882
51401     0.509804
51402     0.549020
51403     0.552941
51404     0.537255
51405     0.556863
51406     0.580392
51407     0.600000
51408     0.611765
51409     0.619608
51410     0.635294
51411     0.647059
51412     0.635294
51413     0.611765
51414     0.584314
51415     0.580392
51416     0.580392
51417     0.588235
51418     0.607843
51419     0.635294
51420     0.666667
51421     0.686275
51422     0.670588
51423     0.654902
51424     0.631373
51425     0.611765
51426     0.603922
51427     0.603922
51428     0.611765
51429     0.619608
51430     0.623529
51431     0.627451
51432     0.623529
51433     0.607843
51434     0.588235
51435     0.580392
51436     0.588235
51437     0.600000
51438     0.611765
51439     0.615686
51440     0.619608
51441     0.623529
51442     0.635294
51443     0.647059
51444     0.654902
51445     0.662745
51446     0.662745
51447     0.674510
51448     0.674510
51449     0.670588
51450     0.686275
51451     0.705882
51452     0.709804
51453     0.694118
51454     0.639216
51455     0.619608
51456     0.619608
51457     0.647059
51458     0.678431
51459     0.694118
51460     0.701961
51461     0.713726
51462     0.737255
51463     0.741176
51464     0.741176
51465     0.737255
51466     0.729412
51467     0.717647
51468     0.705882
51469     0.694118
51470     0.674510
51471     0.678431
51472     0.686275
51473     0.698039
51474     0.705882
51475     0.701961
51476     0.686275
51477     0.674510
51478     0.682353
51479     0.674510
51480     0.658824
51481     0.650980
51482     0.647059
51483     0.650980
51484     0.658824
51485     0.666667
51486     0.682353
51487     0.694118
51488     0.709804
51489     0.721569
51490     0.729412
51491     0.721569
51492     0.713726
51493     0.705882
51494     0.709804
51495     0.694118
51496     0.678431
51497     0.662745
51498     0.650980
51499     0.643137
51500     0.627451
51501     0.619608
51502     0.596078
51503     0.588235
51504     0.576471
51505     0.580392
51506     0.588235
51507     0.600000
51508     0.607843
51509     0.611765
51510     0.603922
51511     0.607843
51512     0.611765
51513     0.615686
51514     0.619608
51515     0.623529
51516     0.627451
51517     0.631373
51518     0.623529
51519     0.635294
51520     0.639216
51521     0.623529
51522     0.600000
51523     0.584314
51524     0.580392
51525     0.588235
51526     0.607843
51527     0.615686
51528     0.623529
