[METADATA]
source_image   03039.jpg
num_nodes      51529
intensity_range  [0.0, 1.0]

[INTENSITY]
# node_id   intensity
0         0.654902
1         0.643137
2         0.627451
3         0.607843
4         0.588235
5         0.576471
6         0.568627
7         0.568627
8         0.529412
9         0.498039
10        0.415686
11        0.301961
12        0.219608
13        0.196078
14        0.200000
15        0.207843
16        0.156863
17        0.196078
18        0.235294
19        0.243137
20        0.231373
21        0.231373
22        0.258824
23        0.290196
24        0.313726
25        0.294118
26        0.274510
27        0.266667
28        0.262745
29        0.258824
30        0.243137
31        0.227451
32        0.290196
33        0.317647
34        0.341176
35        0.360784
36        0.396078
37        0.439216
38        0.447059
39        0.427451
40        0.450980
41        0.454902
42        0.454902
43        0.454902
44        0.454902
45        0.458824
46        0.466667
47        0.474510
48        0.450980
49        0.435294
50        0.415686
51        0.415686
52        0.431373
53        0.454902
54        0.466667
55        0.470588
56        0.564706
57        0.729412
58        0.850980
59        0.862745
60        0.823529
61        0.752941
62        0.690196
63        0.690196
64        0.701961
65        0.705882
66        0.713726
67        0.713726
68        0.717647
69        0.721569
70        0.737255
71        0.745098
72        0.772549
73        0.760784
74        0.717647
75        0.670588
76        0.662745
77        0.682353
78        0.682353
79        0.662745
80        0.662745
81        0.686275
82        0.721569
83        0.741176
84        0.713726
85        0.666667
86        0.639216
87        0.643137
88        0.603922
89        0.627451
90        0.647059
91        0.662745
92        0.694118
93        0.737255
94        0.764706
95        0.764706
96        0.741176
97        0.733333
98        0.721569
99        0.709804
100       0.705882
101       0.713726
102       0.729412
103       0.741176
104       0.737255
105       0.737255
106       0.741176
107       0.749020
108       0.752941
109       0.737255
110       0.705882
111       0.678431
112       0.709804
113       0.737255
114       0.772549
115       0.784314
116       0.764706
117       0.733333
118       0.705882
119       0.690196
120       0.658824
121       0.635294
122       0.619608
123       0.631373
124       0.674510
125       0.721569
126       0.752941
127       0.764706
128       0.776471
129       0.776471
130       0.776471
131       0.768627
132       0.760784
133       0.749020
134       0.745098
135       0.741176
136       0.725490
137       0.717647
138       0.705882
139       0.690196
140       0.670588
141       0.654902
142       0.639216
143       0.627451
144       0.658824
145       0.643137
146       0.635294
147       0.639216
148       0.666667
149       0.701961
150       0.725490
151       0.741176
152       0.725490
153       0.721569
154       0.717647
155       0.725490
156       0.737255
157       0.749020
158       0.756863
159       0.760784
160       0.749020
161       0.729412
162       0.709804
163       0.694118
164       0.694118
165       0.698039
166       0.701961
167       0.705882
168       0.698039
169       0.705882
170       0.705882
171       0.698039
172       0.694118
173       0.701961
174       0.725490
175       0.745098
176       0.752941
177       0.741176
178       0.717647
179       0.678431
180       0.650980
181       0.647059
182       0.662745
183       0.682353
184       0.749020
185       0.764706
186       0.776471
187       0.780392
188       0.796078
189       0.815686
190       0.811765
191       0.792157
192       0.764706
193       0.756863
194       0.741176
195       0.737255
196       0.737255
197       0.741176
198       0.741176
199       0.737255
200       0.729412
201       0.737255
202       0.749020
203       0.752941
204       0.745098
205       0.733333
206       0.721569
207       0.713726
208       0.686275
209       0.690196
210       0.694118
211       0.678431
212       0.658824
213       0.650980
214       0.658824
215       0.670588
216       0.694118
217       0.725490
218       0.756863
219       0.752941
220       0.725490
221       0.701961
222       0.701961
223       0.713726
224       0.725490
225       0.733333
226       0.745098
227       0.650980
228       0.639216
229       0.623529
230       0.603922
231       0.584314
232       0.572549
233       0.568627
234       0.564706
235       0.545098
236       0.525490
237       0.447059
238       0.333333
239       0.235294
240       0.192157
241       0.192157
242       0.200000
243       0.196078
244       0.219608
245       0.243137
246       0.247059
247       0.239216
248       0.239216
249       0.258824
250       0.278431
251       0.278431
252       0.274510
253       0.262745
254       0.258824
255       0.250980
256       0.243137
257       0.231373
258       0.219608
259       0.258824
260       0.286275
261       0.305882
262       0.317647
263       0.345098
264       0.380392
265       0.396078
266       0.384314
267       0.396078
268       0.407843
269       0.415686
270       0.415686
271       0.419608
272       0.435294
273       0.458824
274       0.478431
275       0.458824
276       0.439216
277       0.423529
278       0.419608
279       0.431373
280       0.450980
281       0.458824
282       0.462745
283       0.576471
284       0.745098
285       0.854902
286       0.854902
287       0.831373
288       0.784314
289       0.717647
290       0.686275
291       0.690196
292       0.690196
293       0.694118
294       0.698039
295       0.705882
296       0.713726
297       0.717647
298       0.717647
299       0.749020
300       0.737255
301       0.705882
302       0.666667
303       0.662745
304       0.682353
305       0.682353
306       0.666667
307       0.650980
308       0.662745
309       0.694118
310       0.717647
311       0.709804
312       0.678431
313       0.658824
314       0.658824
315       0.623529
316       0.631373
317       0.635294
318       0.643137
319       0.678431
320       0.729412
321       0.752941
322       0.752941
323       0.741176
324       0.737255
325       0.729412
326       0.721569
327       0.717647
328       0.717647
329       0.729412
330       0.737255
331       0.737255
332       0.733333
333       0.737255
334       0.745098
335       0.752941
336       0.741176
337       0.713726
338       0.690196
339       0.698039
340       0.725490
341       0.756863
342       0.772549
343       0.768627
344       0.745098
345       0.717647
346       0.701961
347       0.650980
348       0.631373
349       0.611765
350       0.619608
351       0.658824
352       0.701961
353       0.729412
354       0.741176
355       0.741176
356       0.752941
357       0.760784
358       0.760784
359       0.749020
360       0.741176
361       0.745098
362       0.752941
363       0.729412
364       0.717647
365       0.701961
366       0.682353
367       0.662745
368       0.647059
369       0.631373
370       0.619608
371       0.635294
372       0.631373
373       0.631373
374       0.639216
375       0.662745
376       0.690196
377       0.717647
378       0.733333
379       0.737255
380       0.733333
381       0.733333
382       0.737255
383       0.745098
384       0.756863
385       0.760784
386       0.764706
387       0.756863
388       0.745098
389       0.725490
390       0.705882
391       0.694118
392       0.694118
393       0.698039
394       0.705882
395       0.717647
396       0.721569
397       0.721569
398       0.709804
399       0.698039
400       0.705882
401       0.725490
402       0.745098
403       0.760784
404       0.749020
405       0.729412
406       0.705882
407       0.686275
408       0.682353
409       0.694118
410       0.701961
411       0.737255
412       0.752941
413       0.760784
414       0.764706
415       0.776471
416       0.800000
417       0.800000
418       0.788235
419       0.764706
420       0.749020
421       0.733333
422       0.725490
423       0.725490
424       0.729412
425       0.729412
426       0.725490
427       0.713726
428       0.729412
429       0.752941
430       0.768627
431       0.768627
432       0.760784
433       0.745098
434       0.737255
435       0.705882
436       0.701961
437       0.698039
438       0.682353
439       0.666667
440       0.654902
441       0.654902
442       0.654902
443       0.686275
444       0.717647
445       0.749020
446       0.749020
447       0.721569
448       0.698039
449       0.698039
450       0.709804
451       0.721569
452       0.729412
453       0.741176
454       0.631373
455       0.623529
456       0.607843
457       0.592157
458       0.580392
459       0.572549
460       0.568627
461       0.568627
462       0.568627
463       0.564706
464       0.501961
465       0.380392
466       0.262745
467       0.200000
468       0.192157
469       0.200000
470       0.235294
471       0.243137
472       0.247059
473       0.243137
474       0.239216
475       0.239216
476       0.247059
477       0.254902
478       0.247059
479       0.254902
480       0.266667
481       0.266667
482       0.254902
483       0.243137
484       0.231373
485       0.227451
486       0.254902
487       0.278431
488       0.290196
489       0.298039
490       0.309804
491       0.341176
492       0.356863
493       0.360784
494       0.356863
495       0.372549
496       0.388235
497       0.388235
498       0.388235
499       0.403922
500       0.435294
501       0.466667
502       0.462745
503       0.447059
504       0.427451
505       0.419608
506       0.427451
507       0.439216
508       0.447059
509       0.450980
510       0.572549
511       0.752941
512       0.858824
513       0.847059
514       0.843137
515       0.827451
516       0.760784
517       0.705882
518       0.682353
519       0.674510
520       0.674510
521       0.686275
522       0.701961
523       0.713726
524       0.705882
525       0.694118
526       0.725490
527       0.721569
528       0.701961
529       0.678431
530       0.682353
531       0.694118
532       0.698039
533       0.690196
534       0.654902
535       0.650980
536       0.662745
537       0.686275
538       0.694118
539       0.674510
540       0.654902
541       0.650980
542       0.639216
543       0.635294
544       0.623529
545       0.631373
546       0.674510
547       0.729412
548       0.749020
549       0.745098
550       0.741176
551       0.745098
552       0.745098
553       0.737255
554       0.725490
555       0.721569
556       0.725490
557       0.729412
558       0.729412
559       0.725490
560       0.725490
561       0.737255
562       0.749020
563       0.745098
564       0.725490
565       0.709804
566       0.686275
567       0.701961
568       0.725490
569       0.752941
570       0.760784
571       0.749020
572       0.725490
573       0.705882
574       0.654902
575       0.635294
576       0.611765
577       0.615686
578       0.643137
579       0.682353
580       0.705882
581       0.717647
582       0.709804
583       0.725490
584       0.741176
585       0.749020
586       0.749020
587       0.752941
588       0.764706
589       0.776471
590       0.717647
591       0.701961
592       0.682353
593       0.662745
594       0.650980
595       0.639216
596       0.623529
597       0.611765
598       0.607843
599       0.611765
600       0.623529
601       0.635294
602       0.654902
603       0.678431
604       0.705882
605       0.725490
606       0.741176
607       0.741176
608       0.741176
609       0.741176
610       0.745098
611       0.749020
612       0.756863
613       0.760784
614       0.752941
615       0.749020
616       0.737255
617       0.709804
618       0.682353
619       0.674510
620       0.682353
621       0.694118
622       0.729412
623       0.729412
624       0.725490
625       0.713726
626       0.698039
627       0.698039
628       0.717647
629       0.733333
630       0.752941
631       0.745098
632       0.733333
633       0.725490
634       0.725490
635       0.725490
636       0.717647
637       0.713726
638       0.733333
639       0.749020
640       0.752941
641       0.749020
642       0.756863
643       0.784314
644       0.796078
645       0.792157
646       0.756863
647       0.745098
648       0.729412
649       0.721569
650       0.717647
651       0.713726
652       0.705882
653       0.698039
654       0.682353
655       0.701961
656       0.733333
657       0.760784
658       0.776471
659       0.772549
660       0.756863
661       0.749020
662       0.717647
663       0.709804
664       0.698039
665       0.686275
666       0.678431
667       0.670588
668       0.658824
669       0.647059
670       0.678431
671       0.709804
672       0.741176
673       0.741176
674       0.717647
675       0.698039
676       0.698039
677       0.709804
678       0.725490
679       0.729412
680       0.741176
681       0.603922
682       0.600000
683       0.592157
684       0.584314
685       0.576471
686       0.576471
687       0.576471
688       0.580392
689       0.588235
690       0.600000
691       0.556863
692       0.435294
693       0.301961
694       0.223529
695       0.207843
696       0.211765
697       0.250980
698       0.243137
699       0.235294
700       0.231373
701       0.231373
702       0.235294
703       0.235294
704       0.235294
705       0.231373
706       0.254902
707       0.278431
708       0.286275
709       0.274510
710       0.258824
711       0.250980
712       0.250980
713       0.262745
714       0.274510
715       0.282353
716       0.282353
717       0.290196
718       0.309804
719       0.333333
720       0.345098
721       0.345098
722       0.368627
723       0.388235
724       0.392157
725       0.380392
726       0.380392
727       0.403922
728       0.427451
729       0.458824
730       0.447059
731       0.431373
732       0.419608
733       0.415686
734       0.419608
735       0.427451
736       0.431373
737       0.549020
738       0.756863
739       0.874510
740       0.850980
741       0.843137
742       0.847059
743       0.796078
744       0.741176
745       0.678431
746       0.670588
747       0.666667
748       0.682353
749       0.709804
750       0.725490
751       0.713726
752       0.698039
753       0.717647
754       0.717647
755       0.709804
756       0.705882
757       0.705882
758       0.717647
759       0.721569
760       0.721569
761       0.682353
762       0.654902
763       0.643137
764       0.654902
765       0.662745
766       0.647059
767       0.627451
768       0.615686
769       0.635294
770       0.627451
771       0.619608
772       0.631373
773       0.686275
774       0.737255
775       0.752941
776       0.737255
777       0.737255
778       0.745098
779       0.756863
780       0.752941
781       0.737255
782       0.721569
783       0.717647
784       0.721569
785       0.721569
786       0.713726
787       0.709804
788       0.717647
789       0.733333
790       0.741176
791       0.733333
792       0.721569
793       0.694118
794       0.698039
795       0.709804
796       0.733333
797       0.752941
798       0.749020
799       0.725490
800       0.701961
801       0.678431
802       0.658824
803       0.635294
804       0.631373
805       0.650980
806       0.678431
807       0.705882
808       0.717647
809       0.705882
810       0.705882
811       0.713726
812       0.737255
813       0.764706
814       0.784314
815       0.792157
816       0.792157
817       0.713726
818       0.698039
819       0.678431
820       0.662745
821       0.654902
822       0.639216
823       0.619608
824       0.603922
825       0.588235
826       0.600000
827       0.615686
828       0.631373
829       0.643137
830       0.662745
831       0.686275
832       0.705882
833       0.725490
834       0.729412
835       0.733333
836       0.733333
837       0.733333
838       0.737255
839       0.741176
840       0.749020
841       0.745098
842       0.749020
843       0.741176
844       0.709804
845       0.674510
846       0.654902
847       0.666667
848       0.682353
849       0.717647
850       0.721569
851       0.717647
852       0.705882
853       0.690196
854       0.690196
855       0.705882
856       0.725490
857       0.733333
858       0.725490
859       0.721569
860       0.729412
861       0.741176
862       0.741176
863       0.729412
864       0.713726
865       0.733333
866       0.745098
867       0.745098
868       0.737255
869       0.741176
870       0.772549
871       0.796078
872       0.800000
873       0.764706
874       0.760784
875       0.752941
876       0.749020
877       0.741176
878       0.721569
879       0.694118
880       0.678431
881       0.662745
882       0.674510
883       0.698039
884       0.725490
885       0.745098
886       0.749020
887       0.745098
888       0.737255
889       0.713726
890       0.698039
891       0.686275
892       0.686275
893       0.690196
894       0.690196
895       0.678431
896       0.666667
897       0.682353
898       0.709804
899       0.737255
900       0.733333
901       0.709804
902       0.694118
903       0.701961
904       0.717647
905       0.737255
906       0.741176
907       0.745098
908       0.580392
909       0.580392
910       0.576471
911       0.572549
912       0.576471
913       0.580392
914       0.588235
915       0.592157
916       0.600000
917       0.623529
918       0.596078
919       0.482353
920       0.341176
921       0.254902
922       0.231373
923       0.235294
924       0.254902
925       0.243137
926       0.231373
927       0.231373
928       0.235294
929       0.243137
930       0.243137
931       0.239216
932       0.227451
933       0.254902
934       0.286275
935       0.301961
936       0.294118
937       0.278431
938       0.270588
939       0.266667
940       0.247059
941       0.243137
942       0.247059
943       0.250980
944       0.258824
945       0.270588
946       0.290196
947       0.309804
948       0.325490
949       0.349020
950       0.376471
951       0.384314
952       0.376471
953       0.368627
954       0.372549
955       0.384314
956       0.439216
957       0.435294
958       0.423529
959       0.407843
960       0.403922
961       0.403922
962       0.411765
963       0.415686
964       0.521569
965       0.752941
966       0.890196
967       0.858824
968       0.831373
969       0.827451
970       0.792157
971       0.752941
972       0.678431
973       0.666667
974       0.662745
975       0.682353
976       0.709804
977       0.725490
978       0.717647
979       0.705882
980       0.713726
981       0.709804
982       0.709804
983       0.713726
984       0.713726
985       0.717647
986       0.725490
987       0.733333
988       0.698039
989       0.658824
990       0.627451
991       0.631373
992       0.639216
993       0.623529
994       0.603922
995       0.596078
996       0.600000
997       0.600000
998       0.603922
999       0.631373
1000      0.686275
1001      0.737255
1002      0.741176
1003      0.717647
1004      0.725490
1005      0.741176
1006      0.760784
1007      0.756863
1008      0.733333
1009      0.717647
1010      0.713726
1011      0.717647
1012      0.717647
1013      0.701961
1014      0.694118
1015      0.698039
1016      0.717647
1017      0.737255
1018      0.737255
1019      0.737255
1020      0.721569
1021      0.717647
1022      0.725490
1023      0.737255
1024      0.752941
1025      0.749020
1026      0.725490
1027      0.705882
1028      0.713726
1029      0.694118
1030      0.670588
1031      0.662745
1032      0.670588
1033      0.694118
1034      0.717647
1035      0.729412
1036      0.713726
1037      0.690196
1038      0.682353
1039      0.709804
1040      0.760784
1041      0.800000
1042      0.800000
1043      0.784314
1044      0.756863
1045      0.737255
1046      0.717647
1047      0.705882
1048      0.694118
1049      0.666667
1050      0.627451
1051      0.600000
1052      0.588235
1053      0.596078
1054      0.611765
1055      0.627451
1056      0.639216
1057      0.654902
1058      0.670588
1059      0.682353
1060      0.709804
1061      0.717647
1062      0.729412
1063      0.733333
1064      0.729412
1065      0.733333
1066      0.741176
1067      0.752941
1068      0.749020
1069      0.752941
1070      0.749020
1071      0.721569
1072      0.686275
1073      0.670588
1074      0.678431
1075      0.694118
1076      0.713726
1077      0.717647
1078      0.717647
1079      0.701961
1080      0.690196
1081      0.694118
1082      0.709804
1083      0.729412
1084      0.717647
1085      0.709804
1086      0.713726
1087      0.725490
1088      0.741176
1089      0.745098
1090      0.729412
1091      0.717647
1092      0.721569
1093      0.737255
1094      0.733333
1095      0.717647
1096      0.717647
1097      0.745098
1098      0.772549
1099      0.784314
1100      0.784314
1101      0.792157
1102      0.803922
1103      0.807843
1104      0.796078
1105      0.764706
1106      0.721569
1107      0.690196
1108      0.678431
1109      0.674510
1110      0.678431
1111      0.694118
1112      0.713726
1113      0.729412
1114      0.729412
1115      0.725490
1116      0.694118
1117      0.682353
1118      0.674510
1119      0.678431
1120      0.694118
1121      0.705882
1122      0.705882
1123      0.698039
1124      0.694118
1125      0.717647
1126      0.733333
1127      0.725490
1128      0.698039
1129      0.686275
1130      0.701961
1131      0.721569
1132      0.752941
1133      0.752941
1134      0.749020
1135      0.576471
1136      0.572549
1137      0.572549
1138      0.572549
1139      0.576471
1140      0.584314
1141      0.592157
1142      0.596078
1143      0.603922
1144      0.631373
1145      0.607843
1146      0.501961
1147      0.368627
1148      0.282353
1149      0.250980
1150      0.247059
1151      0.254902
1152      0.250980
1153      0.247059
1154      0.247059
1155      0.250980
1156      0.254902
1157      0.254902
1158      0.254902
1159      0.223529
1160      0.247059
1161      0.278431
1162      0.298039
1163      0.298039
1164      0.290196
1165      0.274510
1166      0.266667
1167      0.239216
1168      0.219608
1169      0.215686
1170      0.235294
1171      0.254902
1172      0.262745
1173      0.274510
1174      0.286275
1175      0.286275
1176      0.305882
1177      0.329412
1178      0.349020
1179      0.356863
1180      0.356863
1181      0.352941
1182      0.352941
1183      0.411765
1184      0.411765
1185      0.403922
1186      0.392157
1187      0.384314
1188      0.384314
1189      0.396078
1190      0.403922
1191      0.486275
1192      0.713726
1193      0.862745
1194      0.850980
1195      0.815686
1196      0.788235
1197      0.756863
1198      0.745098
1199      0.686275
1200      0.674510
1201      0.670588
1202      0.678431
1203      0.698039
1204      0.709804
1205      0.713726
1206      0.705882
1207      0.701961
1208      0.694118
1209      0.694118
1210      0.698039
1211      0.694118
1212      0.690196
1213      0.701961
1214      0.721569
1215      0.690196
1216      0.650980
1217      0.623529
1218      0.623529
1219      0.631373
1220      0.623529
1221      0.611765
1222      0.607843
1223      0.564706
1224      0.576471
1225      0.592157
1226      0.623529
1227      0.670588
1228      0.717647
1229      0.721569
1230      0.701961
1231      0.709804
1232      0.733333
1233      0.752941
1234      0.749020
1235      0.725490
1236      0.705882
1237      0.705882
1238      0.713726
1239      0.717647
1240      0.701961
1241      0.686275
1242      0.690196
1243      0.709804
1244      0.733333
1245      0.745098
1246      0.749020
1247      0.745098
1248      0.745098
1249      0.745098
1250      0.749020
1251      0.749020
1252      0.741176
1253      0.729412
1254      0.717647
1255      0.737255
1256      0.721569
1257      0.698039
1258      0.682353
1259      0.682353
1260      0.701961
1261      0.725490
1262      0.741176
1263      0.717647
1264      0.686275
1265      0.662745
1266      0.682353
1267      0.737255
1268      0.780392
1269      0.784314
1270      0.772549
1271      0.803922
1272      0.796078
1273      0.784314
1274      0.780392
1275      0.764706
1276      0.721569
1277      0.662745
1278      0.611765
1279      0.611765
1280      0.607843
1281      0.607843
1282      0.619608
1283      0.639216
1284      0.654902
1285      0.658824
1286      0.658824
1287      0.690196
1288      0.709804
1289      0.729412
1290      0.737255
1291      0.737255
1292      0.741176
1293      0.752941
1294      0.768627
1295      0.760784
1296      0.764706
1297      0.760784
1298      0.741176
1299      0.721569
1300      0.709804
1301      0.717647
1302      0.725490
1303      0.725490
1304      0.725490
1305      0.725490
1306      0.713726
1307      0.698039
1308      0.701961
1309      0.717647
1310      0.737255
1311      0.717647
1312      0.713726
1313      0.717647
1314      0.721569
1315      0.733333
1316      0.737255
1317      0.733333
1318      0.729412
1319      0.701961
1320      0.713726
1321      0.713726
1322      0.690196
1323      0.686275
1324      0.709804
1325      0.737255
1326      0.752941
1327      0.800000
1328      0.811765
1329      0.835294
1330      0.850980
1331      0.847059
1332      0.815686
1333      0.768627
1334      0.733333
1335      0.721569
1336      0.709804
1337      0.701961
1338      0.705882
1339      0.725490
1340      0.741176
1341      0.741176
1342      0.737255
1343      0.690196
1344      0.678431
1345      0.670588
1346      0.670588
1347      0.686275
1348      0.701961
1349      0.717647
1350      0.725490
1351      0.705882
1352      0.721569
1353      0.725490
1354      0.705882
1355      0.678431
1356      0.670588
1357      0.698039
1358      0.725490
1359      0.756863
1360      0.752941
1361      0.749020
1362      0.588235
1363      0.584314
1364      0.576471
1365      0.572549
1366      0.572549
1367      0.576471
1368      0.580392
1369      0.584314
1370      0.611765
1371      0.631373
1372      0.607843
1373      0.505882
1374      0.376471
1375      0.290196
1376      0.250980
1377      0.243137
1378      0.250980
1379      0.254902
1380      0.258824
1381      0.258824
1382      0.254902
1383      0.254902
1384      0.254902
1385      0.254902
1386      0.235294
1387      0.247059
1388      0.270588
1389      0.294118
1390      0.305882
1391      0.301961
1392      0.286275
1393      0.270588
1394      0.243137
1395      0.207843
1396      0.200000
1397      0.231373
1398      0.266667
1399      0.278431
1400      0.278431
1401      0.282353
1402      0.270588
1403      0.270588
1404      0.282353
1405      0.301961
1406      0.325490
1407      0.337255
1408      0.341176
1409      0.337255
1410      0.380392
1411      0.384314
1412      0.384314
1413      0.376471
1414      0.368627
1415      0.368627
1416      0.384314
1417      0.396078
1418      0.419608
1419      0.627451
1420      0.788235
1421      0.819608
1422      0.807843
1423      0.776471
1424      0.745098
1425      0.745098
1426      0.717647
1427      0.709804
1428      0.698039
1429      0.690196
1430      0.694118
1431      0.698039
1432      0.705882
1433      0.713726
1434      0.698039
1435      0.686275
1436      0.682353
1437      0.686275
1438      0.674510
1439      0.658824
1440      0.670588
1441      0.701961
1442      0.690196
1443      0.658824
1444      0.635294
1445      0.635294
1446      0.635294
1447      0.627451
1448      0.623529
1449      0.627451
1450      0.568627
1451      0.584314
1452      0.600000
1453      0.619608
1454      0.658824
1455      0.698039
1456      0.713726
1457      0.705882
1458      0.694118
1459      0.717647
1460      0.741176
1461      0.737255
1462      0.713726
1463      0.698039
1464      0.701961
1465      0.713726
1466      0.733333
1467      0.709804
1468      0.686275
1469      0.686275
1470      0.709804
1471      0.737255
1472      0.756863
1473      0.764706
1474      0.741176
1475      0.745098
1476      0.745098
1477      0.741176
1478      0.729412
1479      0.721569
1480      0.717647
1481      0.717647
1482      0.737255
1483      0.721569
1484      0.698039
1485      0.682353
1486      0.678431
1487      0.694118
1488      0.717647
1489      0.737255
1490      0.725490
1491      0.701961
1492      0.678431
1493      0.682353
1494      0.709804
1495      0.745098
1496      0.768627
1497      0.776471
1498      0.803922
1499      0.803922
1500      0.815686
1501      0.831373
1502      0.831373
1503      0.788235
1504      0.713726
1505      0.654902
1506      0.643137
1507      0.623529
1508      0.603922
1509      0.615686
1510      0.639216
1511      0.654902
1512      0.650980
1513      0.639216
1514      0.666667
1515      0.690196
1516      0.717647
1517      0.729412
1518      0.733333
1519      0.737255
1520      0.756863
1521      0.776471
1522      0.768627
1523      0.764706
1524      0.760784
1525      0.752941
1526      0.749020
1527      0.749020
1528      0.752941
1529      0.752941
1530      0.733333
1531      0.737255
1532      0.729412
1533      0.713726
1534      0.698039
1535      0.694118
1536      0.709804
1537      0.729412
1538      0.717647
1539      0.717647
1540      0.717647
1541      0.713726
1542      0.709804
1543      0.713726
1544      0.725490
1545      0.737255
1546      0.690196
1547      0.705882
1548      0.705882
1549      0.678431
1550      0.666667
1551      0.686275
1552      0.713726
1553      0.729412
1554      0.776471
1555      0.792157
1556      0.819608
1557      0.843137
1558      0.850980
1559      0.831373
1560      0.800000
1561      0.772549
1562      0.760784
1563      0.749020
1564      0.737255
1565      0.745098
1566      0.760784
1567      0.772549
1568      0.764706
1569      0.752941
1570      0.701961
1571      0.694118
1572      0.682353
1573      0.670588
1574      0.666667
1575      0.682353
1576      0.705882
1577      0.725490
1578      0.713726
1579      0.717647
1580      0.713726
1581      0.682353
1582      0.650980
1583      0.650980
1584      0.682353
1585      0.717647
1586      0.745098
1587      0.745098
1588      0.745098
1589      0.600000
1590      0.596078
1591      0.584314
1592      0.576471
1593      0.572549
1594      0.568627
1595      0.572549
1596      0.572549
1597      0.615686
1598      0.631373
1599      0.600000
1600      0.498039
1601      0.376471
1602      0.290196
1603      0.247059
1604      0.227451
1605      0.239216
1606      0.247059
1607      0.258824
1608      0.258824
1609      0.250980
1610      0.239216
1611      0.239216
1612      0.243137
1613      0.250980
1614      0.254902
1615      0.270588
1616      0.294118
1617      0.317647
1618      0.317647
1619      0.294118
1620      0.274510
1621      0.231373
1622      0.192157
1623      0.180392
1624      0.223529
1625      0.266667
1626      0.278431
1627      0.270588
1628      0.266667
1629      0.282353
1630      0.266667
1631      0.258824
1632      0.270588
1633      0.301961
1634      0.325490
1635      0.329412
1636      0.325490
1637      0.360784
1638      0.368627
1639      0.372549
1640      0.368627
1641      0.360784
1642      0.360784
1643      0.376471
1644      0.392157
1645      0.356863
1646      0.549020
1647      0.713726
1648      0.788235
1649      0.811765
1650      0.784314
1651      0.749020
1652      0.756863
1653      0.749020
1654      0.745098
1655      0.729412
1656      0.709804
1657      0.698039
1658      0.698039
1659      0.709804
1660      0.721569
1661      0.705882
1662      0.686275
1663      0.678431
1664      0.682353
1665      0.662745
1666      0.647059
1667      0.658824
1668      0.694118
1669      0.705882
1670      0.678431
1671      0.654902
1672      0.650980
1673      0.643137
1674      0.627451
1675      0.623529
1676      0.635294
1677      0.592157
1678      0.607843
1679      0.619608
1680      0.627451
1681      0.654902
1682      0.694118
1683      0.721569
1684      0.721569
1685      0.682353
1686      0.709804
1687      0.733333
1688      0.729412
1689      0.705882
1690      0.690196
1691      0.698039
1692      0.713726
1693      0.741176
1694      0.717647
1695      0.694118
1696      0.690196
1697      0.713726
1698      0.745098
1699      0.764706
1700      0.772549
1701      0.717647
1702      0.729412
1703      0.733333
1704      0.721569
1705      0.705882
1706      0.694118
1707      0.698039
1708      0.705882
1709      0.729412
1710      0.713726
1711      0.694118
1712      0.674510
1713      0.666667
1714      0.682353
1715      0.705882
1716      0.729412
1717      0.729412
1718      0.721569
1719      0.705882
1720      0.694118
1721      0.694118
1722      0.721569
1723      0.764706
1724      0.796078
1725      0.764706
1726      0.780392
1727      0.811765
1728      0.850980
1729      0.866667
1730      0.831373
1731      0.756863
1732      0.694118
1733      0.666667
1734      0.631373
1735      0.603922
1736      0.611765
1737      0.639216
1738      0.658824
1739      0.647059
1740      0.627451
1741      0.639216
1742      0.666667
1743      0.698039
1744      0.717647
1745      0.721569
1746      0.729412
1747      0.752941
1748      0.772549
1749      0.760784
1750      0.752941
1751      0.749020
1752      0.752941
1753      0.760784
1754      0.764706
1755      0.764706
1756      0.764706
1757      0.737255
1758      0.737255
1759      0.729412
1760      0.705882
1761      0.686275
1762      0.678431
1763      0.694118
1764      0.709804
1765      0.709804
1766      0.713726
1767      0.709804
1768      0.698039
1769      0.690196
1770      0.694118
1771      0.713726
1772      0.733333
1773      0.690196
1774      0.709804
1775      0.709804
1776      0.682353
1777      0.666667
1778      0.682353
1779      0.709804
1780      0.721569
1781      0.745098
1782      0.760784
1783      0.784314
1784      0.811765
1785      0.827451
1786      0.823529
1787      0.807843
1788      0.792157
1789      0.776471
1790      0.764706
1791      0.760784
1792      0.772549
1793      0.792157
1794      0.796078
1795      0.780392
1796      0.760784
1797      0.721569
1798      0.713726
1799      0.694118
1800      0.670588
1801      0.650980
1802      0.658824
1803      0.690196
1804      0.717647
1805      0.713726
1806      0.713726
1807      0.701961
1808      0.666667
1809      0.631373
1810      0.635294
1811      0.674510
1812      0.709804
1813      0.737255
1814      0.737255
1815      0.737255
1816      0.603922
1817      0.600000
1818      0.596078
1819      0.588235
1820      0.588235
1821      0.592157
1822      0.596078
1823      0.600000
1824      0.619608
1825      0.603922
1826      0.576471
1827      0.545098
1828      0.439216
1829      0.258824
1830      0.172549
1831      0.223529
1832      0.266667
1833      0.274510
1834      0.286275
1835      0.282353
1836      0.258824
1837      0.235294
1838      0.254902
1839      0.286275
1840      0.282353
1841      0.262745
1842      0.254902
1843      0.278431
1844      0.317647
1845      0.333333
1846      0.313726
1847      0.286275
1848      0.258824
1849      0.239216
1850      0.231373
1851      0.243137
1852      0.258824
1853      0.262745
1854      0.266667
1855      0.266667
1856      0.290196
1857      0.270588
1858      0.254902
1859      0.262745
1860      0.286275
1861      0.309804
1862      0.321569
1863      0.325490
1864      0.337255
1865      0.349020
1866      0.384314
1867      0.427451
1868      0.419608
1869      0.376471
1870      0.345098
1871      0.345098
1872      0.309804
1873      0.388235
1874      0.682353
1875      0.835294
1876      0.870588
1877      0.870588
1878      0.749020
1879      0.725490
1880      0.717647
1881      0.745098
1882      0.764706
1883      0.741176
1884      0.694118
1885      0.674510
1886      0.698039
1887      0.729412
1888      0.686275
1889      0.682353
1890      0.686275
1891      0.694118
1892      0.686275
1893      0.662745
1894      0.658824
1895      0.674510
1896      0.678431
1897      0.674510
1898      0.682353
1899      0.690196
1900      0.690196
1901      0.674510
1902      0.639216
1903      0.615686
1904      0.619608
1905      0.611765
1906      0.607843
1907      0.619608
1908      0.643137
1909      0.666667
1910      0.678431
1911      0.678431
1912      0.698039
1913      0.713726
1914      0.729412
1915      0.729412
1916      0.721569
1917      0.713726
1918      0.721569
1919      0.729412
1920      0.725490
1921      0.733333
1922      0.725490
1923      0.701961
1924      0.698039
1925      0.721569
1926      0.741176
1927      0.745098
1928      0.721569
1929      0.705882
1930      0.705882
1931      0.713726
1932      0.705882
1933      0.682353
1934      0.670588
1935      0.674510
1936      0.694118
1937      0.725490
1938      0.729412
1939      0.686275
1940      0.654902
1941      0.670588
1942      0.705882
1943      0.729412
1944      0.752941
1945      0.725490
1946      0.694118
1947      0.674510
1948      0.682353
1949      0.705882
1950      0.733333
1951      0.749020
1952      0.756863
1953      0.764706
1954      0.784314
1955      0.819608
1956      0.843137
1957      0.835294
1958      0.796078
1959      0.764706
1960      0.670588
1961      0.647059
1962      0.623529
1963      0.619608
1964      0.631373
1965      0.643137
1966      0.635294
1967      0.627451
1968      0.615686
1969      0.631373
1970      0.654902
1971      0.678431
1972      0.701961
1973      0.729412
1974      0.756863
1975      0.776471
1976      0.768627
1977      0.756863
1978      0.749020
1979      0.756863
1980      0.776471
1981      0.788235
1982      0.784314
1983      0.776471
1984      0.745098
1985      0.741176
1986      0.721569
1987      0.694118
1988      0.666667
1989      0.658824
1990      0.670588
1991      0.686275
1992      0.701961
1993      0.717647
1994      0.733333
1995      0.729412
1996      0.713726
1997      0.701961
1998      0.705882
1999      0.713726
2000      0.713726
2001      0.713726
2002      0.709804
2003      0.698039
2004      0.686275
2005      0.682353
2006      0.682353
2007      0.686275
2008      0.733333
2009      0.737255
2010      0.741176
2011      0.745098
2012      0.756863
2013      0.780392
2014      0.807843
2015      0.831373
2016      0.792157
2017      0.788235
2018      0.788235
2019      0.792157
2020      0.796078
2021      0.796078
2022      0.792157
2023      0.784314
2024      0.752941
2025      0.745098
2026      0.725490
2027      0.698039
2028      0.678431
2029      0.670588
2030      0.674510
2031      0.682353
2032      0.737255
2033      0.717647
2034      0.694118
2035      0.670588
2036      0.643137
2037      0.631373
2038      0.658824
2039      0.698039
2040      0.756863
2041      0.756863
2042      0.756863
2043      0.615686
2044      0.611765
2045      0.603922
2046      0.600000
2047      0.596078
2048      0.596078
2049      0.600000
2050      0.603922
2051      0.600000
2052      0.596078
2053      0.576471
2054      0.552941
2055      0.454902
2056      0.278431
2057      0.188235
2058      0.231373
2059      0.258824
2060      0.258824
2061      0.262745
2062      0.262745
2063      0.243137
2064      0.219608
2065      0.227451
2066      0.247059
2067      0.247059
2068      0.243137
2069      0.243137
2070      0.254902
2071      0.274510
2072      0.294118
2073      0.309804
2074      0.313726
2075      0.286275
2076      0.270588
2077      0.258824
2078      0.258824
2079      0.266667
2080      0.270588
2081      0.270588
2082      0.266667
2083      0.294118
2084      0.270588
2085      0.247059
2086      0.254902
2087      0.286275
2088      0.321569
2089      0.337255
2090      0.337255
2091      0.352941
2092      0.364706
2093      0.392157
2094      0.423529
2095      0.415686
2096      0.376471
2097      0.349020
2098      0.349020
2099      0.298039
2100      0.337255
2101      0.568627
2102      0.792157
2103      0.886275
2104      0.870588
2105      0.768627
2106      0.713726
2107      0.682353
2108      0.698039
2109      0.717647
2110      0.721569
2111      0.705882
2112      0.690196
2113      0.686275
2114      0.686275
2115      0.662745
2116      0.654902
2117      0.662745
2118      0.682353
2119      0.686275
2120      0.674510
2121      0.670588
2122      0.674510
2123      0.670588
2124      0.674510
2125      0.690196
2126      0.717647
2127      0.733333
2128      0.721569
2129      0.682353
2130      0.647059
2131      0.631373
2132      0.619608
2133      0.611765
2134      0.619608
2135      0.639216
2136      0.662745
2137      0.678431
2138      0.682353
2139      0.721569
2140      0.737255
2141      0.752941
2142      0.749020
2143      0.733333
2144      0.721569
2145      0.717647
2146      0.721569
2147      0.725490
2148      0.733333
2149      0.729412
2150      0.709804
2151      0.705882
2152      0.721569
2153      0.741176
2154      0.741176
2155      0.729412
2156      0.705882
2157      0.698039
2158      0.709804
2159      0.717647
2160      0.701961
2161      0.686275
2162      0.686275
2163      0.694118
2164      0.733333
2165      0.745098
2166      0.705882
2167      0.666667
2168      0.670588
2169      0.698039
2170      0.717647
2171      0.756863
2172      0.733333
2173      0.705882
2174      0.686275
2175      0.686275
2176      0.698039
2177      0.709804
2178      0.717647
2179      0.729412
2180      0.733333
2181      0.752941
2182      0.784314
2183      0.807843
2184      0.811765
2185      0.788235
2186      0.764706
2187      0.713726
2188      0.686275
2189      0.654902
2190      0.643137
2191      0.643137
2192      0.647059
2193      0.639216
2194      0.627451
2195      0.619608
2196      0.635294
2197      0.650980
2198      0.670588
2199      0.690196
2200      0.713726
2201      0.741176
2202      0.760784
2203      0.760784
2204      0.752941
2205      0.749020
2206      0.760784
2207      0.780392
2208      0.792157
2209      0.788235
2210      0.780392
2211      0.780392
2212      0.772549
2213      0.752941
2214      0.725490
2215      0.698039
2216      0.678431
2217      0.674510
2218      0.674510
2219      0.686275
2220      0.705882
2221      0.725490
2222      0.721569
2223      0.701961
2224      0.694118
2225      0.705882
2226      0.721569
2227      0.725490
2228      0.721569
2229      0.717647
2230      0.705882
2231      0.694118
2232      0.686275
2233      0.686275
2234      0.686275
2235      0.713726
2236      0.717647
2237      0.721569
2238      0.725490
2239      0.741176
2240      0.768627
2241      0.800000
2242      0.823529
2243      0.796078
2244      0.788235
2245      0.780392
2246      0.784314
2247      0.792157
2248      0.796078
2249      0.788235
2250      0.776471
2251      0.752941
2252      0.745098
2253      0.729412
2254      0.717647
2255      0.701961
2256      0.686275
2257      0.674510
2258      0.670588
2259      0.686275
2260      0.686275
2261      0.686275
2262      0.678431
2263      0.654902
2264      0.643137
2265      0.670588
2266      0.713726
2267      0.749020
2268      0.749020
2269      0.749020
2270      0.623529
2271      0.619608
2272      0.611765
2273      0.603922
2274      0.596078
2275      0.592157
2276      0.588235
2277      0.588235
2278      0.572549
2279      0.580392
2280      0.576471
2281      0.556863
2282      0.470588
2283      0.294118
2284      0.196078
2285      0.227451
2286      0.243137
2287      0.235294
2288      0.235294
2289      0.247059
2290      0.243137
2291      0.223529
2292      0.219608
2293      0.231373
2294      0.227451
2295      0.239216
2296      0.250980
2297      0.243137
2298      0.231373
2299      0.247059
2300      0.282353
2301      0.313726
2302      0.290196
2303      0.278431
2304      0.266667
2305      0.254902
2306      0.254902
2307      0.258824
2308      0.254902
2309      0.247059
2310      0.290196
2311      0.266667
2312      0.247059
2313      0.254902
2314      0.286275
2315      0.321569
2316      0.337255
2317      0.341176
2318      0.349020
2319      0.356863
2320      0.376471
2321      0.396078
2322      0.384314
2323      0.352941
2324      0.333333
2325      0.337255
2326      0.305882
2327      0.333333
2328      0.498039
2329      0.796078
2330      0.921569
2331      0.866667
2332      0.811765
2333      0.737255
2334      0.666667
2335      0.658824
2336      0.662745
2337      0.682353
2338      0.705882
2339      0.713726
2340      0.698039
2341      0.682353
2342      0.647059
2343      0.631373
2344      0.631373
2345      0.654902
2346      0.674510
2347      0.674510
2348      0.666667
2349      0.670588
2350      0.654902
2351      0.658824
2352      0.686275
2353      0.729412
2354      0.768627
2355      0.764706
2356      0.725490
2357      0.686275
2358      0.643137
2359      0.627451
2360      0.615686
2361      0.615686
2362      0.631373
2363      0.650980
2364      0.670588
2365      0.678431
2366      0.745098
2367      0.760784
2368      0.776471
2369      0.772549
2370      0.749020
2371      0.725490
2372      0.713726
2373      0.713726
2374      0.721569
2375      0.733333
2376      0.733333
2377      0.717647
2378      0.717647
2379      0.737255
2380      0.752941
2381      0.752941
2382      0.737255
2383      0.701961
2384      0.678431
2385      0.698039
2386      0.717647
2387      0.713726
2388      0.694118
2389      0.686275
2390      0.694118
2391      0.741176
2392      0.768627
2393      0.737255
2394      0.690196
2395      0.670588
2396      0.690196
2397      0.713726
2398      0.752941
2399      0.733333
2400      0.713726
2401      0.698039
2402      0.694118
2403      0.690196
2404      0.686275
2405      0.682353
2406      0.705882
2407      0.705882
2408      0.717647
2409      0.741176
2410      0.768627
2411      0.780392
2412      0.776471
2413      0.768627
2414      0.733333
2415      0.705882
2416      0.674510
2417      0.658824
2418      0.654902
2419      0.650980
2420      0.643137
2421      0.631373
2422      0.623529
2423      0.635294
2424      0.647059
2425      0.658824
2426      0.670588
2427      0.690196
2428      0.713726
2429      0.729412
2430      0.749020
2431      0.745098
2432      0.745098
2433      0.764706
2434      0.784314
2435      0.792157
2436      0.788235
2437      0.776471
2438      0.803922
2439      0.788235
2440      0.764706
2441      0.741176
2442      0.717647
2443      0.690196
2444      0.662745
2445      0.647059
2446      0.662745
2447      0.690196
2448      0.717647
2449      0.717647
2450      0.701961
2451      0.698039
2452      0.713726
2453      0.737255
2454      0.733333
2455      0.729412
2456      0.721569
2457      0.709804
2458      0.701961
2459      0.698039
2460      0.694118
2461      0.694118
2462      0.705882
2463      0.705882
2464      0.709804
2465      0.709804
2466      0.721569
2467      0.745098
2468      0.776471
2469      0.800000
2470      0.807843
2471      0.788235
2472      0.772549
2473      0.776471
2474      0.788235
2475      0.796078
2476      0.784314
2477      0.768627
2478      0.752941
2479      0.745098
2480      0.737255
2481      0.737255
2482      0.733333
2483      0.717647
2484      0.690196
2485      0.666667
2486      0.627451
2487      0.639216
2488      0.662745
2489      0.670588
2490      0.662745
2491      0.654902
2492      0.682353
2493      0.721569
2494      0.741176
2495      0.741176
2496      0.741176
2497      0.643137
2498      0.635294
2499      0.623529
2500      0.603922
2501      0.588235
2502      0.572549
2503      0.560784
2504      0.552941
2505      0.556863
2506      0.572549
2507      0.572549
2508      0.560784
2509      0.478431
2510      0.309804
2511      0.200000
2512      0.215686
2513      0.231373
2514      0.215686
2515      0.215686
2516      0.239216
2517      0.254902
2518      0.247059
2519      0.243137
2520      0.243137
2521      0.247059
2522      0.262745
2523      0.270588
2524      0.254902
2525      0.227451
2526      0.223529
2527      0.250980
2528      0.282353
2529      0.278431
2530      0.278431
2531      0.270588
2532      0.250980
2533      0.247059
2534      0.254902
2535      0.254902
2536      0.247059
2537      0.266667
2538      0.270588
2539      0.270588
2540      0.270588
2541      0.278431
2542      0.294118
2543      0.317647
2544      0.333333
2545      0.341176
2546      0.352941
2547      0.364706
2548      0.372549
2549      0.364706
2550      0.352941
2551      0.345098
2552      0.345098
2553      0.333333
2554      0.356863
2555      0.474510
2556      0.807843
2557      0.945098
2558      0.862745
2559      0.839216
2560      0.745098
2561      0.670588
2562      0.650980
2563      0.635294
2564      0.650980
2565      0.690196
2566      0.721569
2567      0.733333
2568      0.729412
2569      0.670588
2570      0.639216
2571      0.619608
2572      0.639216
2573      0.658824
2574      0.658824
2575      0.654902
2576      0.654902
2577      0.643137
2578      0.643137
2579      0.666667
2580      0.713726
2581      0.760784
2582      0.772549
2583      0.745098
2584      0.709804
2585      0.650980
2586      0.635294
2587      0.619608
2588      0.607843
2589      0.615686
2590      0.631373
2591      0.650980
2592      0.662745
2593      0.745098
2594      0.764706
2595      0.780392
2596      0.776471
2597      0.752941
2598      0.729412
2599      0.713726
2600      0.709804
2601      0.713726
2602      0.729412
2603      0.737255
2604      0.729412
2605      0.733333
2606      0.756863
2607      0.776471
2608      0.780392
2609      0.752941
2610      0.701961
2611      0.662745
2612      0.678431
2613      0.705882
2614      0.709804
2615      0.686275
2616      0.670588
2617      0.690196
2618      0.745098
2619      0.784314
2620      0.768627
2621      0.717647
2622      0.686275
2623      0.698039
2624      0.725490
2625      0.729412
2626      0.717647
2627      0.709804
2628      0.705882
2629      0.701961
2630      0.694118
2631      0.682353
2632      0.674510
2633      0.709804
2634      0.701961
2635      0.701961
2636      0.713726
2637      0.737255
2638      0.756863
2639      0.768627
2640      0.768627
2641      0.717647
2642      0.698039
2643      0.674510
2644      0.662745
2645      0.658824
2646      0.654902
2647      0.650980
2648      0.643137
2649      0.627451
2650      0.631373
2651      0.639216
2652      0.643137
2653      0.647059
2654      0.662745
2655      0.682353
2656      0.698039
2657      0.729412
2658      0.729412
2659      0.733333
2660      0.756863
2661      0.776471
2662      0.788235
2663      0.776471
2664      0.764706
2665      0.780392
2666      0.764706
2667      0.745098
2668      0.729412
2669      0.717647
2670      0.690196
2671      0.654902
2672      0.627451
2673      0.643137
2674      0.678431
2675      0.717647
2676      0.729412
2677      0.721569
2678      0.717647
2679      0.729412
2680      0.749020
2681      0.725490
2682      0.721569
2683      0.713726
2684      0.709804
2685      0.709804
2686      0.713726
2687      0.709804
2688      0.709804
2689      0.721569
2690      0.717647
2691      0.713726
2692      0.705882
2693      0.713726
2694      0.733333
2695      0.760784
2696      0.784314
2697      0.823529
2698      0.800000
2699      0.780392
2700      0.780392
2701      0.796078
2702      0.800000
2703      0.788235
2704      0.768627
2705      0.756863
2706      0.745098
2707      0.737255
2708      0.745098
2709      0.756863
2710      0.752941
2711      0.725490
2712      0.698039
2713      0.607843
2714      0.607843
2715      0.619608
2716      0.643137
2717      0.654902
2718      0.658824
2719      0.678431
2720      0.705882
2721      0.737255
2722      0.737255
2723      0.737255
2724      0.678431
2725      0.670588
2726      0.650980
2727      0.623529
2728      0.592157
2729      0.564706
2730      0.545098
2731      0.533333
2732      0.556863
2733      0.576471
2734      0.580392
2735      0.564706
2736      0.486275
2737      0.325490
2738      0.211765
2739      0.215686
2740      0.231373
2741      0.211765
2742      0.203922
2743      0.227451
2744      0.247059
2745      0.243137
2746      0.235294
2747      0.231373
2748      0.254902
2749      0.266667
2750      0.274510
2751      0.270588
2752      0.254902
2753      0.243137
2754      0.247059
2755      0.250980
2756      0.274510
2757      0.286275
2758      0.282353
2759      0.262745
2760      0.258824
2761      0.274510
2762      0.282353
2763      0.274510
2764      0.250980
2765      0.282353
2766      0.305882
2767      0.298039
2768      0.270588
2769      0.258824
2770      0.282353
2771      0.313726
2772      0.349020
2773      0.364706
2774      0.376471
2775      0.380392
2776      0.376471
2777      0.380392
2778      0.380392
2779      0.380392
2780      0.376471
2781      0.356863
2782      0.415686
2783      0.729412
2784      0.917647
2785      0.898039
2786      0.866667
2787      0.725490
2788      0.654902
2789      0.647059
2790      0.647059
2791      0.658824
2792      0.682353
2793      0.713726
2794      0.737255
2795      0.749020
2796      0.737255
2797      0.694118
2798      0.658824
2799      0.654902
2800      0.658824
2801      0.654902
2802      0.650980
2803      0.650980
2804      0.650980
2805      0.643137
2806      0.650980
2807      0.686275
2808      0.733333
2809      0.756863
2810      0.749020
2811      0.733333
2812      0.666667
2813      0.650980
2814      0.631373
2815      0.611765
2816      0.603922
2817      0.611765
2818      0.631373
2819      0.643137
2820      0.717647
2821      0.737255
2822      0.760784
2823      0.760784
2824      0.745098
2825      0.721569
2826      0.709804
2827      0.705882
2828      0.705882
2829      0.725490
2830      0.733333
2831      0.733333
2832      0.745098
2833      0.780392
2834      0.807843
2835      0.815686
2836      0.780392
2837      0.721569
2838      0.670588
2839      0.678431
2840      0.709804
2841      0.709804
2842      0.690196
2843      0.670588
2844      0.690196
2845      0.737255
2846      0.784314
2847      0.780392
2848      0.737255
2849      0.701961
2850      0.709804
2851      0.737255
2852      0.701961
2853      0.698039
2854      0.698039
2855      0.705882
2856      0.709804
2857      0.705882
2858      0.698039
2859      0.686275
2860      0.717647
2861      0.709804
2862      0.701961
2863      0.705882
2864      0.721569
2865      0.737255
2866      0.752941
2867      0.760784
2868      0.713726
2869      0.701961
2870      0.690196
2871      0.678431
2872      0.670588
2873      0.662745
2874      0.654902
2875      0.650980
2876      0.635294
2877      0.635294
2878      0.635294
2879      0.631373
2880      0.631373
2881      0.643137
2882      0.658824
2883      0.674510
2884      0.713726
2885      0.713726
2886      0.717647
2887      0.741176
2888      0.764706
2889      0.772549
2890      0.760784
2891      0.749020
2892      0.737255
2893      0.725490
2894      0.717647
2895      0.713726
2896      0.713726
2897      0.698039
2898      0.670588
2899      0.647059
2900      0.631373
2901      0.666667
2902      0.705882
2903      0.729412
2904      0.733333
2905      0.729412
2906      0.729412
2907      0.737255
2908      0.705882
2909      0.698039
2910      0.694118
2911      0.698039
2912      0.713726
2913      0.721569
2914      0.725490
2915      0.721569
2916      0.725490
2917      0.721569
2918      0.713726
2919      0.709804
2920      0.713726
2921      0.733333
2922      0.768627
2923      0.792157
2924      0.831373
2925      0.811765
2926      0.792157
2927      0.788235
2928      0.796078
2929      0.800000
2930      0.784314
2931      0.764706
2932      0.760784
2933      0.745098
2934      0.737255
2935      0.745098
2936      0.764706
2937      0.772549
2938      0.760784
2939      0.745098
2940      0.639216
2941      0.607843
2942      0.592157
2943      0.615686
2944      0.647059
2945      0.662745
2946      0.670588
2947      0.682353
2948      0.721569
2949      0.721569
2950      0.721569
2951      0.721569
2952      0.705882
2953      0.686275
2954      0.650980
2955      0.615686
2956      0.580392
2957      0.549020
2958      0.533333
2959      0.556863
2960      0.576471
2961      0.572549
2962      0.552941
2963      0.482353
2964      0.333333
2965      0.223529
2966      0.223529
2967      0.235294
2968      0.207843
2969      0.192157
2970      0.203922
2971      0.207843
2972      0.196078
2973      0.188235
2974      0.192157
2975      0.223529
2976      0.239216
2977      0.254902
2978      0.270588
2979      0.274510
2980      0.266667
2981      0.258824
2982      0.250980
2983      0.243137
2984      0.270588
2985      0.270588
2986      0.250980
2987      0.247059
2988      0.278431
2989      0.290196
2990      0.278431
2991      0.258824
2992      0.298039
2993      0.325490
2994      0.309804
2995      0.266667
2996      0.243137
2997      0.266667
2998      0.301961
2999      0.341176
3000      0.360784
3001      0.372549
3002      0.368627
3003      0.372549
3004      0.384314
3005      0.392157
3006      0.388235
3007      0.415686
3008      0.349020
3009      0.360784
3010      0.584314
3011      0.823529
3012      0.941176
3013      0.909804
3014      0.752941
3015      0.658824
3016      0.662745
3017      0.666667
3018      0.670588
3019      0.674510
3020      0.686275
3021      0.701961
3022      0.713726
3023      0.792157
3024      0.752941
3025      0.713726
3026      0.698039
3027      0.686275
3028      0.666667
3029      0.654902
3030      0.654902
3031      0.654902
3032      0.650980
3033      0.650980
3034      0.670588
3035      0.701961
3036      0.733333
3037      0.749020
3038      0.749020
3039      0.694118
3040      0.682353
3041      0.662745
3042      0.635294
3043      0.615686
3044      0.611765
3045      0.623529
3046      0.635294
3047      0.690196
3048      0.709804
3049      0.729412
3050      0.733333
3051      0.721569
3052      0.705882
3053      0.701961
3054      0.705882
3055      0.701961
3056      0.721569
3057      0.725490
3058      0.725490
3059      0.741176
3060      0.784314
3061      0.819608
3062      0.831373
3063      0.815686
3064      0.749020
3065      0.698039
3066      0.698039
3067      0.721569
3068      0.725490
3069      0.709804
3070      0.698039
3071      0.698039
3072      0.729412
3073      0.764706
3074      0.772549
3075      0.741176
3076      0.705882
3077      0.709804
3078      0.737255
3079      0.698039
3080      0.694118
3081      0.694118
3082      0.701961
3083      0.709804
3084      0.709804
3085      0.705882
3086      0.698039
3087      0.709804
3088      0.705882
3089      0.698039
3090      0.698039
3091      0.701961
3092      0.717647
3093      0.733333
3094      0.741176
3095      0.721569
3096      0.721569
3097      0.717647
3098      0.709804
3099      0.698039
3100      0.682353
3101      0.662745
3102      0.654902
3103      0.650980
3104      0.650980
3105      0.647059
3106      0.635294
3107      0.631373
3108      0.639216
3109      0.654902
3110      0.670588
3111      0.709804
3112      0.705882
3113      0.709804
3114      0.725490
3115      0.745098
3116      0.756863
3117      0.749020
3118      0.737255
3119      0.709804
3120      0.709804
3121      0.709804
3122      0.717647
3123      0.725490
3124      0.725490
3125      0.721569
3126      0.717647
3127      0.666667
3128      0.678431
3129      0.698039
3130      0.717647
3131      0.729412
3132      0.725490
3133      0.717647
3134      0.709804
3135      0.682353
3136      0.670588
3137      0.666667
3138      0.682353
3139      0.705882
3140      0.721569
3141      0.725490
3142      0.717647
3143      0.721569
3144      0.717647
3145      0.709804
3146      0.705882
3147      0.713726
3148      0.737255
3149      0.772549
3150      0.800000
3151      0.811765
3152      0.803922
3153      0.800000
3154      0.792157
3155      0.788235
3156      0.776471
3157      0.764706
3158      0.752941
3159      0.756863
3160      0.745098
3161      0.733333
3162      0.741176
3163      0.756863
3164      0.768627
3165      0.772549
3166      0.768627
3167      0.686275
3168      0.643137
3169      0.611765
3170      0.623529
3171      0.650980
3172      0.666667
3173      0.670588
3174      0.678431
3175      0.705882
3176      0.705882
3177      0.705882
3178      0.733333
3179      0.721569
3180      0.701961
3181      0.670588
3182      0.631373
3183      0.592157
3184      0.560784
3185      0.545098
3186      0.529412
3187      0.549020
3188      0.541176
3189      0.513726
3190      0.450980
3191      0.321569
3192      0.223529
3193      0.219608
3194      0.219608
3195      0.196078
3196      0.176471
3197      0.172549
3198      0.168627
3199      0.152941
3200      0.152941
3201      0.164706
3202      0.180392
3203      0.200000
3204      0.231373
3205      0.250980
3206      0.258824
3207      0.258824
3208      0.258824
3209      0.258824
3210      0.219608
3211      0.250980
3212      0.258824
3213      0.235294
3214      0.231373
3215      0.266667
3216      0.286275
3217      0.274510
3218      0.298039
3219      0.313726
3220      0.317647
3221      0.298039
3222      0.266667
3223      0.258824
3224      0.278431
3225      0.301961
3226      0.333333
3227      0.356863
3228      0.368627
3229      0.360784
3230      0.356863
3231      0.376471
3232      0.380392
3233      0.372549
3234      0.400000
3235      0.352941
3236      0.376471
3237      0.435294
3238      0.619608
3239      0.870588
3240      0.917647
3241      0.843137
3242      0.737255
3243      0.713726
3244      0.678431
3245      0.650980
3246      0.643137
3247      0.654902
3248      0.674510
3249      0.690196
3250      0.788235
3251      0.764706
3252      0.749020
3253      0.737255
3254      0.713726
3255      0.674510
3256      0.654902
3257      0.650980
3258      0.639216
3259      0.639216
3260      0.647059
3261      0.658824
3262      0.678431
3263      0.705882
3264      0.737255
3265      0.752941
3266      0.733333
3267      0.725490
3268      0.705882
3269      0.674510
3270      0.647059
3271      0.631373
3272      0.631373
3273      0.639216
3274      0.674510
3275      0.690196
3276      0.709804
3277      0.709804
3278      0.701961
3279      0.690196
3280      0.694118
3281      0.698039
3282      0.705882
3283      0.717647
3284      0.717647
3285      0.709804
3286      0.725490
3287      0.772549
3288      0.811765
3289      0.827451
3290      0.823529
3291      0.764706
3292      0.709804
3293      0.705882
3294      0.725490
3295      0.733333
3296      0.725490
3297      0.725490
3298      0.713726
3299      0.721569
3300      0.737255
3301      0.749020
3302      0.729412
3303      0.698039
3304      0.694118
3305      0.717647
3306      0.721569
3307      0.713726
3308      0.701961
3309      0.698039
3310      0.701961
3311      0.701961
3312      0.698039
3313      0.694118
3314      0.678431
3315      0.678431
3316      0.678431
3317      0.678431
3318      0.682353
3319      0.690196
3320      0.701961
3321      0.713726
3322      0.709804
3323      0.721569
3324      0.733333
3325      0.733333
3326      0.721569
3327      0.701961
3328      0.682353
3329      0.670588
3330      0.674510
3331      0.670588
3332      0.662745
3333      0.650980
3334      0.643137
3335      0.650980
3336      0.666667
3337      0.678431
3338      0.717647
3339      0.709804
3340      0.705882
3341      0.717647
3342      0.737255
3343      0.749020
3344      0.745098
3345      0.737255
3346      0.701961
3347      0.709804
3348      0.717647
3349      0.725490
3350      0.737255
3351      0.756863
3352      0.780392
3353      0.796078
3354      0.745098
3355      0.729412
3356      0.709804
3357      0.709804
3358      0.721569
3359      0.725490
3360      0.713726
3361      0.698039
3362      0.666667
3363      0.654902
3364      0.650980
3365      0.666667
3366      0.694118
3367      0.709804
3368      0.709804
3369      0.701961
3370      0.733333
3371      0.725490
3372      0.713726
3373      0.698039
3374      0.698039
3375      0.717647
3376      0.752941
3377      0.776471
3378      0.776471
3379      0.784314
3380      0.792157
3381      0.784314
3382      0.764706
3383      0.741176
3384      0.729412
3385      0.725490
3386      0.741176
3387      0.737255
3388      0.737255
3389      0.737255
3390      0.745098
3391      0.752941
3392      0.756863
3393      0.760784
3394      0.721569
3395      0.694118
3396      0.674510
3397      0.674510
3398      0.670588
3399      0.670588
3400      0.682353
3401      0.705882
3402      0.705882
3403      0.705882
3404      0.705882
3405      0.729412
3406      0.717647
3407      0.698039
3408      0.670588
3409      0.631373
3410      0.596078
3411      0.564706
3412      0.549020
3413      0.494118
3414      0.513726
3415      0.501961
3416      0.474510
3417      0.419608
3418      0.298039
3419      0.207843
3420      0.207843
3421      0.200000
3422      0.180392
3423      0.160784
3424      0.156863
3425      0.149020
3426      0.137255
3427      0.145098
3428      0.164706
3429      0.152941
3430      0.184314
3431      0.219608
3432      0.235294
3433      0.231373
3434      0.231373
3435      0.243137
3436      0.254902
3437      0.227451
3438      0.262745
3439      0.274510
3440      0.243137
3441      0.239216
3442      0.278431
3443      0.294118
3444      0.282353
3445      0.333333
3446      0.321569
3447      0.301961
3448      0.282353
3449      0.274510
3450      0.278431
3451      0.294118
3452      0.305882
3453      0.349020
3454      0.376471
3455      0.384314
3456      0.368627
3457      0.368627
3458      0.384314
3459      0.388235
3460      0.372549
3461      0.333333
3462      0.349020
3463      0.419608
3464      0.333333
3465      0.415686
3466      0.729412
3467      0.870588
3468      0.921569
3469      0.835294
3470      0.768627
3471      0.674510
3472      0.611765
3473      0.600000
3474      0.631373
3475      0.674510
3476      0.701961
3477      0.752941
3478      0.752941
3479      0.756863
3480      0.756863
3481      0.725490
3482      0.674510
3483      0.643137
3484      0.639216
3485      0.611765
3486      0.623529
3487      0.639216
3488      0.650980
3489      0.662745
3490      0.686275
3491      0.721569
3492      0.745098
3493      0.764706
3494      0.756863
3495      0.741176
3496      0.705882
3497      0.670588
3498      0.647059
3499      0.643137
3500      0.650980
3501      0.670588
3502      0.686275
3503      0.698039
3504      0.698039
3505      0.686275
3506      0.682353
3507      0.686275
3508      0.694118
3509      0.709804
3510      0.717647
3511      0.713726
3512      0.698039
3513      0.713726
3514      0.756863
3515      0.796078
3516      0.815686
3517      0.811765
3518      0.756863
3519      0.709804
3520      0.705882
3521      0.721569
3522      0.729412
3523      0.733333
3524      0.741176
3525      0.725490
3526      0.713726
3527      0.721569
3528      0.729412
3529      0.713726
3530      0.682353
3531      0.678431
3532      0.698039
3533      0.749020
3534      0.733333
3535      0.709804
3536      0.698039
3537      0.694118
3538      0.694118
3539      0.690196
3540      0.686275
3541      0.643137
3542      0.650980
3543      0.654902
3544      0.658824
3545      0.662745
3546      0.670588
3547      0.682353
3548      0.690196
3549      0.682353
3550      0.701961
3551      0.725490
3552      0.737255
3553      0.733333
3554      0.717647
3555      0.701961
3556      0.690196
3557      0.694118
3558      0.686275
3559      0.678431
3560      0.662745
3561      0.654902
3562      0.662745
3563      0.678431
3564      0.690196
3565      0.725490
3566      0.717647
3567      0.709804
3568      0.717647
3569      0.733333
3570      0.745098
3571      0.745098
3572      0.737255
3573      0.701961
3574      0.713726
3575      0.725490
3576      0.733333
3577      0.745098
3578      0.772549
3579      0.811765
3580      0.839216
3581      0.823529
3582      0.780392
3583      0.729412
3584      0.713726
3585      0.721569
3586      0.729412
3587      0.717647
3588      0.698039
3589      0.662745
3590      0.650980
3591      0.643137
3592      0.654902
3593      0.682353
3594      0.701961
3595      0.698039
3596      0.686275
3597      0.756863
3598      0.741176
3599      0.717647
3600      0.694118
3601      0.682353
3602      0.690196
3603      0.713726
3604      0.737255
3605      0.749020
3606      0.768627
3607      0.784314
3608      0.772549
3609      0.745098
3610      0.717647
3611      0.705882
3612      0.705882
3613      0.729412
3614      0.733333
3615      0.741176
3616      0.741176
3617      0.737255
3618      0.733333
3619      0.737255
3620      0.741176
3621      0.733333
3622      0.729412
3623      0.729412
3624      0.717647
3625      0.690196
3626      0.674510
3627      0.698039
3628      0.733333
3629      0.717647
3630      0.717647
3631      0.717647
3632      0.725490
3633      0.733333
3634      0.725490
3635      0.690196
3636      0.635294
3637      0.576471
3638      0.541176
3639      0.521569
3640      0.537255
3641      0.517647
3642      0.505882
3643      0.470588
3644      0.368627
3645      0.250980
3646      0.207843
3647      0.227451
3648      0.172549
3649      0.168627
3650      0.164706
3651      0.172549
3652      0.180392
3653      0.180392
3654      0.172549
3655      0.168627
3656      0.160784
3657      0.176471
3658      0.200000
3659      0.219608
3660      0.231373
3661      0.239216
3662      0.247059
3663      0.250980
3664      0.250980
3665      0.262745
3666      0.266667
3667      0.266667
3668      0.290196
3669      0.325490
3670      0.341176
3671      0.341176
3672      0.321569
3673      0.317647
3674      0.309804
3675      0.298039
3676      0.290196
3677      0.298039
3678      0.313726
3679      0.325490
3680      0.376471
3681      0.372549
3682      0.368627
3683      0.364706
3684      0.364706
3685      0.368627
3686      0.376471
3687      0.380392
3688      0.400000
3689      0.345098
3690      0.396078
3691      0.352941
3692      0.294118
3693      0.572549
3694      0.901961
3695      0.921569
3696      0.874510
3697      0.815686
3698      0.721569
3699      0.627451
3700      0.580392
3701      0.596078
3702      0.650980
3703      0.698039
3704      0.721569
3705      0.733333
3706      0.745098
3707      0.749020
3708      0.741176
3709      0.713726
3710      0.686275
3711      0.662745
3712      0.619608
3713      0.631373
3714      0.647059
3715      0.654902
3716      0.658824
3717      0.670588
3718      0.686275
3719      0.701961
3720      0.760784
3721      0.772549
3722      0.780392
3723      0.768627
3724      0.737255
3725      0.694118
3726      0.650980
3727      0.627451
3728      0.635294
3729      0.686275
3730      0.737255
3731      0.737255
3732      0.698039
3733      0.666667
3734      0.670588
3735      0.690196
3736      0.705882
3737      0.717647
3738      0.729412
3739      0.725490
3740      0.713726
3741      0.721569
3742      0.752941
3743      0.776471
3744      0.749020
3745      0.721569
3746      0.698039
3747      0.705882
3748      0.737255
3749      0.764706
3750      0.768627
3751      0.756863
3752      0.705882
3753      0.713726
3754      0.729412
3755      0.729412
3756      0.705882
3757      0.674510
3758      0.670588
3759      0.686275
3760      0.749020
3761      0.737255
3762      0.709804
3763      0.682353
3764      0.658824
3765      0.650980
3766      0.654902
3767      0.662745
3768      0.627451
3769      0.623529
3770      0.623529
3771      0.639216
3772      0.658824
3773      0.674510
3774      0.674510
3775      0.670588
3776      0.670588
3777      0.674510
3778      0.678431
3779      0.690196
3780      0.705882
3781      0.721569
3782      0.733333
3783      0.741176
3784      0.752941
3785      0.737255
3786      0.709804
3787      0.682353
3788      0.662745
3789      0.662745
3790      0.674510
3791      0.690196
3792      0.721569
3793      0.717647
3794      0.713726
3795      0.713726
3796      0.713726
3797      0.705882
3798      0.690196
3799      0.678431
3800      0.694118
3801      0.701961
3802      0.717647
3803      0.741176
3804      0.768627
3805      0.800000
3806      0.827451
3807      0.843137
3808      0.835294
3809      0.823529
3810      0.803922
3811      0.784314
3812      0.764706
3813      0.741176
3814      0.713726
3815      0.694118
3816      0.670588
3817      0.666667
3818      0.662745
3819      0.666667
3820      0.666667
3821      0.662745
3822      0.650980
3823      0.639216
3824      0.729412
3825      0.749020
3826      0.764706
3827      0.749020
3828      0.721569
3829      0.698039
3830      0.701961
3831      0.717647
3832      0.737255
3833      0.733333
3834      0.737255
3835      0.737255
3836      0.713726
3837      0.674510
3838      0.650980
3839      0.650980
3840      0.686275
3841      0.709804
3842      0.733333
3843      0.749020
3844      0.741176
3845      0.725490
3846      0.705882
3847      0.698039
3848      0.729412
3849      0.741176
3850      0.752941
3851      0.756863
3852      0.749020
3853      0.733333
3854      0.725490
3855      0.721569
3856      0.713726
3857      0.721569
3858      0.729412
3859      0.713726
3860      0.713726
3861      0.705882
3862      0.678431
3863      0.635294
3864      0.584314
3865      0.545098
3866      0.525490
3867      0.537255
3868      0.521569
3869      0.509804
3870      0.470588
3871      0.364706
3872      0.239216
3873      0.180392
3874      0.184314
3875      0.164706
3876      0.160784
3877      0.160784
3878      0.168627
3879      0.176471
3880      0.180392
3881      0.176471
3882      0.172549
3883      0.168627
3884      0.184314
3885      0.200000
3886      0.215686
3887      0.223529
3888      0.223529
3889      0.227451
3890      0.227451
3891      0.235294
3892      0.250980
3893      0.266667
3894      0.278431
3895      0.305882
3896      0.337255
3897      0.341176
3898      0.329412
3899      0.305882
3900      0.305882
3901      0.305882
3902      0.298039
3903      0.298039
3904      0.301961
3905      0.317647
3906      0.333333
3907      0.368627
3908      0.368627
3909      0.360784
3910      0.356863
3911      0.356863
3912      0.360784
3913      0.364706
3914      0.368627
3915      0.403922
3916      0.352941
3917      0.380392
3918      0.364706
3919      0.349020
3920      0.580392
3921      0.835294
3922      0.862745
3923      0.847059
3924      0.819608
3925      0.764706
3926      0.701961
3927      0.650980
3928      0.623529
3929      0.619608
3930      0.623529
3931      0.694118
3932      0.709804
3933      0.733333
3934      0.745098
3935      0.737255
3936      0.721569
3937      0.701961
3938      0.690196
3939      0.662745
3940      0.666667
3941      0.670588
3942      0.658824
3943      0.647059
3944      0.650980
3945      0.670588
3946      0.690196
3947      0.729412
3948      0.749020
3949      0.772549
3950      0.772549
3951      0.745098
3952      0.694118
3953      0.643137
3954      0.607843
3955      0.647059
3956      0.694118
3957      0.741176
3958      0.745098
3959      0.717647
3960      0.682353
3961      0.674510
3962      0.682353
3963      0.721569
3964      0.737255
3965      0.745098
3966      0.733333
3967      0.717647
3968      0.713726
3969      0.729412
3970      0.749020
3971      0.733333
3972      0.717647
3973      0.705882
3974      0.713726
3975      0.733333
3976      0.756863
3977      0.760784
3978      0.756863
3979      0.725490
3980      0.725490
3981      0.737255
3982      0.737255
3983      0.709804
3984      0.678431
3985      0.674510
3986      0.690196
3987      0.729412
3988      0.725490
3989      0.713726
3990      0.698039
3991      0.678431
3992      0.662745
3993      0.654902
3994      0.650980
3995      0.643137
3996      0.635294
3997      0.635294
3998      0.650980
3999      0.666667
4000      0.682353
4001      0.682353
4002      0.678431
4003      0.666667
4004      0.662745
4005      0.666667
4006      0.674510
4007      0.698039
4008      0.725490
4009      0.752941
4010      0.772549
4011      0.780392
4012      0.760784
4013      0.721569
4014      0.678431
4015      0.650980
4016      0.650980
4017      0.666667
4018      0.686275
4019      0.698039
4020      0.701961
4021      0.705882
4022      0.705882
4023      0.701961
4024      0.694118
4025      0.682353
4026      0.678431
4027      0.690196
4028      0.698039
4029      0.713726
4030      0.741176
4031      0.768627
4032      0.800000
4033      0.823529
4034      0.839216
4035      0.850980
4036      0.850980
4037      0.839216
4038      0.811765
4039      0.772549
4040      0.737255
4041      0.717647
4042      0.713726
4043      0.686275
4044      0.682353
4045      0.682353
4046      0.682353
4047      0.682353
4048      0.674510
4049      0.658824
4050      0.643137
4051      0.717647
4052      0.745098
4053      0.772549
4054      0.772549
4055      0.749020
4056      0.721569
4057      0.713726
4058      0.717647
4059      0.729412
4060      0.725490
4061      0.725490
4062      0.729412
4063      0.709804
4064      0.674510
4065      0.654902
4066      0.650980
4067      0.678431
4068      0.694118
4069      0.721569
4070      0.741176
4071      0.745098
4072      0.725490
4073      0.701961
4074      0.682353
4075      0.698039
4076      0.713726
4077      0.733333
4078      0.749020
4079      0.752941
4080      0.745098
4081      0.725490
4082      0.709804
4083      0.713726
4084      0.717647
4085      0.725490
4086      0.694118
4087      0.686275
4088      0.674510
4089      0.658824
4090      0.635294
4091      0.600000
4092      0.564706
4093      0.537255
4094      0.521569
4095      0.513726
4096      0.501961
4097      0.462745
4098      0.360784
4099      0.235294
4100      0.172549
4101      0.164706
4102      0.160784
4103      0.156863
4104      0.156863
4105      0.164706
4106      0.176471
4107      0.184314
4108      0.184314
4109      0.180392
4110      0.168627
4111      0.172549
4112      0.184314
4113      0.196078
4114      0.200000
4115      0.200000
4116      0.196078
4117      0.192157
4118      0.235294
4119      0.250980
4120      0.270588
4121      0.286275
4122      0.313726
4123      0.337255
4124      0.329412
4125      0.301961
4126      0.305882
4127      0.305882
4128      0.305882
4129      0.301961
4130      0.305882
4131      0.313726
4132      0.333333
4133      0.349020
4134      0.368627
4135      0.368627
4136      0.364706
4137      0.364706
4138      0.364706
4139      0.364706
4140      0.368627
4141      0.368627
4142      0.384314
4143      0.372549
4144      0.384314
4145      0.364706
4146      0.356863
4147      0.501961
4148      0.717647
4149      0.831373
4150      0.831373
4151      0.823529
4152      0.803922
4153      0.768627
4154      0.725490
4155      0.674510
4156      0.627451
4157      0.600000
4158      0.647059
4159      0.678431
4160      0.713726
4161      0.737255
4162      0.733333
4163      0.721569
4164      0.713726
4165      0.709804
4166      0.694118
4167      0.698039
4168      0.690196
4169      0.662745
4170      0.635294
4171      0.623529
4172      0.639216
4173      0.654902
4174      0.686275
4175      0.717647
4176      0.756863
4177      0.780392
4178      0.760784
4179      0.709804
4180      0.647059
4181      0.600000
4182      0.647059
4183      0.682353
4184      0.721569
4185      0.741176
4186      0.733333
4187      0.713726
4188      0.701961
4189      0.694118
4190      0.729412
4191      0.745098
4192      0.749020
4193      0.733333
4194      0.701961
4195      0.686275
4196      0.690196
4197      0.705882
4198      0.709804
4199      0.709804
4200      0.713726
4201      0.721569
4202      0.733333
4203      0.745098
4204      0.752941
4205      0.756863
4206      0.737255
4207      0.733333
4208      0.741176
4209      0.741176
4210      0.717647
4211      0.686275
4212      0.678431
4213      0.694118
4214      0.717647
4215      0.721569
4216      0.725490
4217      0.721569
4218      0.709804
4219      0.690196
4220      0.666667
4221      0.654902
4222      0.650980
4223      0.647059
4224      0.647059
4225      0.654902
4226      0.670588
4227      0.682353
4228      0.690196
4229      0.686275
4230      0.666667
4231      0.658824
4232      0.654902
4233      0.666667
4234      0.690196
4235      0.729412
4236      0.768627
4237      0.792157
4238      0.803922
4239      0.780392
4240      0.741176
4241      0.694118
4242      0.658824
4243      0.647059
4244      0.658824
4245      0.670588
4246      0.674510
4247      0.690196
4248      0.701961
4249      0.701961
4250      0.690196
4251      0.678431
4252      0.674510
4253      0.682353
4254      0.690196
4255      0.698039
4256      0.717647
4257      0.741176
4258      0.764706
4259      0.792157
4260      0.807843
4261      0.819608
4262      0.850980
4263      0.862745
4264      0.866667
4265      0.835294
4266      0.780392
4267      0.737255
4268      0.721569
4269      0.721569
4270      0.705882
4271      0.701961
4272      0.705882
4273      0.705882
4274      0.705882
4275      0.694118
4276      0.674510
4277      0.658824
4278      0.694118
4279      0.725490
4280      0.760784
4281      0.776471
4282      0.768627
4283      0.745098
4284      0.729412
4285      0.721569
4286      0.725490
4287      0.717647
4288      0.717647
4289      0.729412
4290      0.713726
4291      0.682353
4292      0.662745
4293      0.662745
4294      0.674510
4295      0.682353
4296      0.701961
4297      0.725490
4298      0.741176
4299      0.729412
4300      0.698039
4301      0.670588
4302      0.670588
4303      0.682353
4304      0.705882
4305      0.737255
4306      0.760784
4307      0.756863
4308      0.729412
4309      0.705882
4310      0.701961
4311      0.701961
4312      0.705882
4313      0.666667
4314      0.658824
4315      0.647059
4316      0.647059
4317      0.643137
4318      0.623529
4319      0.592157
4320      0.564706
4321      0.505882
4322      0.494118
4323      0.478431
4324      0.435294
4325      0.349020
4326      0.250980
4327      0.196078
4328      0.192157
4329      0.164706
4330      0.160784
4331      0.160784
4332      0.168627
4333      0.180392
4334      0.192157
4335      0.196078
4336      0.192157
4337      0.172549
4338      0.176471
4339      0.188235
4340      0.200000
4341      0.207843
4342      0.207843
4343      0.200000
4344      0.196078
4345      0.250980
4346      0.266667
4347      0.278431
4348      0.290196
4349      0.309804
4350      0.329412
4351      0.321569
4352      0.294118
4353      0.329412
4354      0.325490
4355      0.313726
4356      0.301961
4357      0.301961
4358      0.317647
4359      0.345098
4360      0.364706
4361      0.372549
4362      0.372549
4363      0.376471
4364      0.380392
4365      0.384314
4366      0.388235
4367      0.392157
4368      0.396078
4369      0.372549
4370      0.423529
4371      0.435294
4372      0.384314
4373      0.337255
4374      0.392157
4375      0.603922
4376      0.831373
4377      0.831373
4378      0.815686
4379      0.800000
4380      0.776471
4381      0.749020
4382      0.713726
4383      0.674510
4384      0.647059
4385      0.611765
4386      0.650980
4387      0.701961
4388      0.729412
4389      0.729412
4390      0.713726
4391      0.701961
4392      0.698039
4393      0.678431
4394      0.694118
4395      0.701961
4396      0.686275
4397      0.650980
4398      0.615686
4399      0.603922
4400      0.603922
4401      0.635294
4402      0.674510
4403      0.729412
4404      0.772549
4405      0.776471
4406      0.733333
4407      0.666667
4408      0.615686
4409      0.639216
4410      0.654902
4411      0.682353
4412      0.709804
4413      0.729412
4414      0.737255
4415      0.729412
4416      0.725490
4417      0.721569
4418      0.733333
4419      0.737255
4420      0.713726
4421      0.682353
4422      0.658824
4423      0.658824
4424      0.670588
4425      0.690196
4426      0.705882
4427      0.721569
4428      0.729412
4429      0.729412
4430      0.733333
4431      0.745098
4432      0.756863
4433      0.725490
4434      0.725490
4435      0.729412
4436      0.733333
4437      0.717647
4438      0.690196
4439      0.686275
4440      0.698039
4441      0.725490
4442      0.729412
4443      0.737255
4444      0.745098
4445      0.741176
4446      0.725490
4447      0.698039
4448      0.682353
4449      0.658824
4450      0.654902
4451      0.654902
4452      0.658824
4453      0.670588
4454      0.678431
4455      0.686275
4456      0.690196
4457      0.674510
4458      0.670588
4459      0.666667
4460      0.674510
4461      0.694118
4462      0.725490
4463      0.756863
4464      0.776471
4465      0.792157
4466      0.784314
4467      0.764706
4468      0.733333
4469      0.698039
4470      0.674510
4471      0.662745
4472      0.662745
4473      0.658824
4474      0.682353
4475      0.705882
4476      0.705882
4477      0.690196
4478      0.674510
4479      0.678431
4480      0.690196
4481      0.698039
4482      0.705882
4483      0.721569
4484      0.737255
4485      0.752941
4486      0.768627
4487      0.780392
4488      0.784314
4489      0.823529
4490      0.843137
4491      0.858824
4492      0.847059
4493      0.803922
4494      0.760784
4495      0.729412
4496      0.717647
4497      0.709804
4498      0.709804
4499      0.713726
4500      0.721569
4501      0.721569
4502      0.713726
4503      0.694118
4504      0.678431
4505      0.666667
4506      0.690196
4507      0.725490
4508      0.752941
4509      0.764706
4510      0.756863
4511      0.749020
4512      0.741176
4513      0.733333
4514      0.721569
4515      0.721569
4516      0.733333
4517      0.733333
4518      0.709804
4519      0.690196
4520      0.690196
4521      0.690196
4522      0.686275
4523      0.686275
4524      0.705882
4525      0.729412
4526      0.729412
4527      0.709804
4528      0.682353
4529      0.670588
4530      0.674510
4531      0.686275
4532      0.721569
4533      0.752941
4534      0.764706
4535      0.745098
4536      0.721569
4537      0.690196
4538      0.686275
4539      0.678431
4540      0.647059
4541      0.639216
4542      0.635294
4543      0.639216
4544      0.647059
4545      0.639216
4546      0.615686
4547      0.596078
4548      0.517647
4549      0.501961
4550      0.466667
4551      0.407843
4552      0.329412
4553      0.254902
4554      0.223529
4555      0.223529
4556      0.180392
4557      0.172549
4558      0.168627
4559      0.172549
4560      0.184314
4561      0.196078
4562      0.200000
4563      0.200000
4564      0.184314
4565      0.188235
4566      0.196078
4567      0.215686
4568      0.235294
4569      0.243137
4570      0.235294
4571      0.227451
4572      0.262745
4573      0.278431
4574      0.290196
4575      0.290196
4576      0.309804
4577      0.333333
4578      0.345098
4579      0.337255
4580      0.345098
4581      0.333333
4582      0.313726
4583      0.294118
4584      0.286275
4585      0.301961
4586      0.329412
4587      0.352941
4588      0.360784
4589      0.364706
4590      0.376471
4591      0.384314
4592      0.396078
4593      0.403922
4594      0.407843
4595      0.411765
4596      0.384314
4597      0.447059
4598      0.458824
4599      0.419608
4600      0.372549
4601      0.364706
4602      0.517647
4603      0.741176
4604      0.827451
4605      0.811765
4606      0.796078
4607      0.792157
4608      0.784314
4609      0.756863
4610      0.717647
4611      0.682353
4612      0.603922
4613      0.643137
4614      0.690196
4615      0.721569
4616      0.717647
4617      0.701961
4618      0.678431
4619      0.670588
4620      0.647059
4621      0.678431
4622      0.713726
4623      0.725490
4624      0.698039
4625      0.650980
4626      0.600000
4627      0.572549
4628      0.584314
4629      0.619608
4630      0.682353
4631      0.737255
4632      0.760784
4633      0.737255
4634      0.682353
4635      0.639216
4636      0.654902
4637      0.650980
4638      0.654902
4639      0.678431
4640      0.705882
4641      0.729412
4642      0.737255
4643      0.737255
4644      0.717647
4645      0.725490
4646      0.721569
4647      0.698039
4648      0.666667
4649      0.647059
4650      0.654902
4651      0.670588
4652      0.690196
4653      0.705882
4654      0.725490
4655      0.733333
4656      0.725490
4657      0.725490
4658      0.737255
4659      0.749020
4660      0.705882
4661      0.705882
4662      0.717647
4663      0.733333
4664      0.725490
4665      0.705882
4666      0.698039
4667      0.705882
4668      0.729412
4669      0.729412
4670      0.733333
4671      0.741176
4672      0.749020
4673      0.741176
4674      0.721569
4675      0.705882
4676      0.670588
4677      0.670588
4678      0.670588
4679      0.670588
4680      0.674510
4681      0.682353
4682      0.694118
4683      0.701961
4684      0.694118
4685      0.694118
4686      0.694118
4687      0.698039
4688      0.705882
4689      0.717647
4690      0.725490
4691      0.733333
4692      0.749020
4693      0.760784
4694      0.776471
4695      0.772549
4696      0.745098
4697      0.713726
4698      0.682353
4699      0.666667
4700      0.666667
4701      0.694118
4702      0.717647
4703      0.721569
4704      0.705882
4705      0.690196
4706      0.690196
4707      0.701961
4708      0.713726
4709      0.717647
4710      0.721569
4711      0.725490
4712      0.733333
4713      0.741176
4714      0.745098
4715      0.749020
4716      0.792157
4717      0.811765
4718      0.835294
4719      0.850980
4720      0.843137
4721      0.807843
4722      0.760784
4723      0.725490
4724      0.709804
4725      0.709804
4726      0.713726
4727      0.721569
4728      0.729412
4729      0.725490
4730      0.709804
4731      0.698039
4732      0.666667
4733      0.674510
4734      0.694118
4735      0.721569
4736      0.749020
4737      0.768627
4738      0.776471
4739      0.776471
4740      0.745098
4741      0.729412
4742      0.729412
4743      0.745098
4744      0.752941
4745      0.737255
4746      0.721569
4747      0.721569
4748      0.717647
4749      0.694118
4750      0.678431
4751      0.686275
4752      0.709804
4753      0.729412
4754      0.725490
4755      0.717647
4756      0.701961
4757      0.690196
4758      0.686275
4759      0.705882
4760      0.741176
4761      0.760784
4762      0.756863
4763      0.745098
4764      0.698039
4765      0.686275
4766      0.666667
4767      0.639216
4768      0.635294
4769      0.639216
4770      0.639216
4771      0.639216
4772      0.631373
4773      0.619608
4774      0.607843
4775      0.552941
4776      0.525490
4777      0.466667
4778      0.388235
4779      0.305882
4780      0.247059
4781      0.227451
4782      0.227451
4783      0.192157
4784      0.184314
4785      0.176471
4786      0.176471
4787      0.180392
4788      0.188235
4789      0.192157
4790      0.192157
4791      0.160784
4792      0.160784
4793      0.172549
4794      0.196078
4795      0.227451
4796      0.239216
4797      0.235294
4798      0.227451
4799      0.250980
4800      0.278431
4801      0.294118
4802      0.290196
4803      0.298039
4804      0.329412
4805      0.364706
4806      0.376471
4807      0.337255
4808      0.329412
4809      0.309804
4810      0.286275
4811      0.274510
4812      0.282353
4813      0.305882
4814      0.321569
4815      0.345098
4816      0.349020
4817      0.360784
4818      0.372549
4819      0.384314
4820      0.396078
4821      0.400000
4822      0.403922
4823      0.372549
4824      0.400000
4825      0.407843
4826      0.419608
4827      0.415686
4828      0.384314
4829      0.423529
4830      0.529412
4831      0.776471
4832      0.776471
4833      0.796078
4834      0.827451
4835      0.847059
4836      0.823529
4837      0.764706
4838      0.713726
4839      0.643137
4840      0.658824
4841      0.682353
4842      0.698039
4843      0.701961
4844      0.690196
4845      0.666667
4846      0.650980
4847      0.643137
4848      0.674510
4849      0.717647
4850      0.752941
4851      0.749020
4852      0.698039
4853      0.631373
4854      0.580392
4855      0.552941
4856      0.580392
4857      0.631373
4858      0.686275
4859      0.725490
4860      0.721569
4861      0.694118
4862      0.662745
4863      0.690196
4864      0.674510
4865      0.662745
4866      0.670588
4867      0.690196
4868      0.713726
4869      0.725490
4870      0.729412
4871      0.729412
4872      0.733333
4873      0.717647
4874      0.690196
4875      0.658824
4876      0.654902
4877      0.674510
4878      0.701961
4879      0.701961
4880      0.713726
4881      0.729412
4882      0.729412
4883      0.725490
4884      0.725490
4885      0.733333
4886      0.741176
4887      0.698039
4888      0.701961
4889      0.717647
4890      0.745098
4891      0.749020
4892      0.725490
4893      0.709804
4894      0.709804
4895      0.717647
4896      0.713726
4897      0.713726
4898      0.725490
4899      0.741176
4900      0.745098
4901      0.729412
4902      0.713726
4903      0.686275
4904      0.686275
4905      0.686275
4906      0.682353
4907      0.678431
4908      0.686275
4909      0.701961
4910      0.713726
4911      0.701961
4912      0.705882
4913      0.713726
4914      0.717647
4915      0.713726
4916      0.709804
4917      0.701961
4918      0.698039
4919      0.709804
4920      0.733333
4921      0.764706
4922      0.776471
4923      0.764706
4924      0.737255
4925      0.705882
4926      0.690196
4927      0.686275
4928      0.709804
4929      0.729412
4930      0.737255
4931      0.725490
4932      0.713726
4933      0.705882
4934      0.709804
4935      0.721569
4936      0.717647
4937      0.713726
4938      0.709804
4939      0.709804
4940      0.713726
4941      0.721569
4942      0.725490
4943      0.764706
4944      0.784314
4945      0.815686
4946      0.850980
4947      0.862745
4948      0.843137
4949      0.800000
4950      0.764706
4951      0.717647
4952      0.713726
4953      0.713726
4954      0.721569
4955      0.725490
4956      0.725490
4957      0.713726
4958      0.705882
4959      0.686275
4960      0.678431
4961      0.674510
4962      0.698039
4963      0.737255
4964      0.772549
4965      0.796078
4966      0.803922
4967      0.745098
4968      0.729412
4969      0.725490
4970      0.749020
4971      0.764706
4972      0.756863
4973      0.745098
4974      0.741176
4975      0.725490
4976      0.705882
4977      0.682353
4978      0.678431
4979      0.698039
4980      0.721569
4981      0.741176
4982      0.749020
4983      0.741176
4984      0.721569
4985      0.705882
4986      0.705882
4987      0.725490
4988      0.745098
4989      0.756863
4990      0.760784
4991      0.721569
4992      0.698039
4993      0.674510
4994      0.643137
4995      0.647059
4996      0.647059
4997      0.639216
4998      0.623529
4999      0.607843
5000      0.596078
5001      0.592157
5002      0.568627
5003      0.533333
5004      0.466667
5005      0.376471
5006      0.294118
5007      0.243137
5008      0.219608
5009      0.215686
5010      0.203922
5011      0.192157
5012      0.176471
5013      0.168627
5014      0.172549
5015      0.176471
5016      0.176471
5017      0.172549
5018      0.133333
5019      0.133333
5020      0.145098
5021      0.176471
5022      0.207843
5023      0.227451
5024      0.223529
5025      0.211765
5026      0.223529
5027      0.262745
5028      0.286275
5029      0.274510
5030      0.262745
5031      0.286275
5032      0.329412
5033      0.356863
5034      0.321569
5035      0.321569
5036      0.317647
5037      0.309804
5038      0.298039
5039      0.290196
5040      0.294118
5041      0.301961
5042      0.337255
5043      0.345098
5044      0.356863
5045      0.364706
5046      0.376471
5047      0.380392
5048      0.380392
5049      0.380392
5050      0.352941
5051      0.356863
5052      0.380392
5053      0.411765
5054      0.403922
5055      0.368627
5056      0.364706
5057      0.380392
5058      0.592157
5059      0.619608
5060      0.686275
5061      0.772549
5062      0.847059
5063      0.854902
5064      0.803922
5065      0.752941
5066      0.701961
5067      0.686275
5068      0.670588
5069      0.670588
5070      0.682353
5071      0.686275
5072      0.678431
5073      0.662745
5074      0.662745
5075      0.674510
5076      0.701961
5077      0.741176
5078      0.760784
5079      0.729412
5080      0.662745
5081      0.603922
5082      0.564706
5083      0.572549
5084      0.603922
5085      0.650980
5086      0.694118
5087      0.713726
5088      0.705882
5089      0.690196
5090      0.713726
5091      0.701961
5092      0.690196
5093      0.690196
5094      0.701961
5095      0.717647
5096      0.729412
5097      0.733333
5098      0.745098
5099      0.737255
5100      0.713726
5101      0.674510
5102      0.647059
5103      0.650980
5104      0.686275
5105      0.721569
5106      0.721569
5107      0.725490
5108      0.729412
5109      0.729412
5110      0.725490
5111      0.725490
5112      0.729412
5113      0.737255
5114      0.713726
5115      0.717647
5116      0.741176
5117      0.772549
5118      0.776471
5119      0.752941
5120      0.725490
5121      0.717647
5122      0.701961
5123      0.698039
5124      0.705882
5125      0.725490
5126      0.749020
5127      0.752941
5128      0.733333
5129      0.713726
5130      0.682353
5131      0.682353
5132      0.682353
5133      0.674510
5134      0.666667
5135      0.674510
5136      0.690196
5137      0.709804
5138      0.701961
5139      0.705882
5140      0.713726
5141      0.717647
5142      0.717647
5143      0.713726
5144      0.705882
5145      0.698039
5146      0.698039
5147      0.717647
5148      0.737255
5149      0.745098
5150      0.745098
5151      0.733333
5152      0.729412
5153      0.725490
5154      0.709804
5155      0.721569
5156      0.737255
5157      0.745098
5158      0.745098
5159      0.733333
5160      0.717647
5161      0.705882
5162      0.713726
5163      0.705882
5164      0.694118
5165      0.690196
5166      0.690196
5167      0.701961
5168      0.713726
5169      0.721569
5170      0.741176
5171      0.768627
5172      0.803922
5173      0.831373
5174      0.843137
5175      0.835294
5176      0.823529
5177      0.811765
5178      0.741176
5179      0.733333
5180      0.721569
5181      0.717647
5182      0.721569
5183      0.717647
5184      0.713726
5185      0.705882
5186      0.705882
5187      0.686275
5188      0.666667
5189      0.678431
5190      0.721569
5191      0.760784
5192      0.784314
5193      0.792157
5194      0.737255
5195      0.713726
5196      0.713726
5197      0.737255
5198      0.760784
5199      0.756863
5200      0.749020
5201      0.745098
5202      0.717647
5203      0.705882
5204      0.690196
5205      0.682353
5206      0.694118
5207      0.713726
5208      0.741176
5209      0.756863
5210      0.764706
5211      0.749020
5212      0.729412
5213      0.713726
5214      0.713726
5215      0.729412
5216      0.745098
5217      0.756863
5218      0.733333
5219      0.705882
5220      0.674510
5221      0.650980
5222      0.658824
5223      0.658824
5224      0.639216
5225      0.611765
5226      0.584314
5227      0.576471
5228      0.576471
5229      0.556863
5230      0.529412
5231      0.462745
5232      0.372549
5233      0.290196
5234      0.243137
5235      0.219608
5236      0.211765
5237      0.203922
5238      0.192157
5239      0.172549
5240      0.164706
5241      0.160784
5242      0.160784
5243      0.160784
5244      0.156863
5245      0.145098
5246      0.145098
5247      0.152941
5248      0.184314
5249      0.219608
5250      0.239216
5251      0.235294
5252      0.219608
5253      0.200000
5254      0.250980
5255      0.278431
5256      0.258824
5257      0.227451
5258      0.231373
5259      0.270588
5260      0.301961
5261      0.309804
5262      0.321569
5263      0.333333
5264      0.337255
5265      0.329412
5266      0.313726
5267      0.301961
5268      0.298039
5269      0.349020
5270      0.352941
5271      0.360784
5272      0.368627
5273      0.372549
5274      0.372549
5275      0.368627
5276      0.368627
5277      0.360784
5278      0.368627
5279      0.415686
5280      0.427451
5281      0.372549
5282      0.345098
5283      0.360784
5284      0.368627
5285      0.384314
5286      0.427451
5287      0.517647
5288      0.650980
5289      0.772549
5290      0.827451
5291      0.811765
5292      0.776471
5293      0.745098
5294      0.705882
5295      0.662745
5296      0.650980
5297      0.666667
5298      0.686275
5299      0.690196
5300      0.682353
5301      0.682353
5302      0.670588
5303      0.682353
5304      0.713726
5305      0.749020
5306      0.737255
5307      0.678431
5308      0.623529
5309      0.592157
5310      0.588235
5311      0.603922
5312      0.639216
5313      0.686275
5314      0.717647
5315      0.721569
5316      0.713726
5317      0.709804
5318      0.705882
5319      0.705882
5320      0.709804
5321      0.721569
5322      0.733333
5323      0.745098
5324      0.749020
5325      0.749020
5326      0.733333
5327      0.701961
5328      0.654902
5329      0.627451
5330      0.639216
5331      0.686275
5332      0.725490
5333      0.737255
5334      0.733333
5335      0.729412
5336      0.725490
5337      0.725490
5338      0.729412
5339      0.729412
5340      0.729412
5341      0.737255
5342      0.741176
5343      0.764706
5344      0.800000
5345      0.800000
5346      0.768627
5347      0.737255
5348      0.725490
5349      0.698039
5350      0.698039
5351      0.713726
5352      0.741176
5353      0.764706
5354      0.764706
5355      0.741176
5356      0.713726
5357      0.666667
5358      0.666667
5359      0.666667
5360      0.658824
5361      0.647059
5362      0.654902
5363      0.674510
5364      0.690196
5365      0.698039
5366      0.701961
5367      0.705882
5368      0.713726
5369      0.717647
5370      0.717647
5371      0.713726
5372      0.713726
5373      0.705882
5374      0.709804
5375      0.713726
5376      0.713726
5377      0.713726
5378      0.721569
5379      0.741176
5380      0.752941
5381      0.721569
5382      0.725490
5383      0.737255
5384      0.749020
5385      0.752941
5386      0.741176
5387      0.721569
5388      0.701961
5389      0.705882
5390      0.694118
5391      0.682353
5392      0.674510
5393      0.678431
5394      0.694118
5395      0.713726
5396      0.725490
5397      0.721569
5398      0.752941
5399      0.792157
5400      0.807843
5401      0.807843
5402      0.807843
5403      0.823529
5404      0.843137
5405      0.760784
5406      0.749020
5407      0.733333
5408      0.721569
5409      0.717647
5410      0.713726
5411      0.705882
5412      0.701961
5413      0.713726
5414      0.682353
5415      0.658824
5416      0.666667
5417      0.705882
5418      0.745098
5419      0.764706
5420      0.764706
5421      0.721569
5422      0.701961
5423      0.698039
5424      0.725490
5425      0.752941
5426      0.752941
5427      0.745098
5428      0.741176
5429      0.701961
5430      0.698039
5431      0.694118
5432      0.690196
5433      0.694118
5434      0.709804
5435      0.737255
5436      0.756863
5437      0.772549
5438      0.764706
5439      0.745098
5440      0.725490
5441      0.713726
5442      0.713726
5443      0.729412
5444      0.745098
5445      0.729412
5446      0.701961
5447      0.670588
5448      0.627451
5449      0.635294
5450      0.639216
5451      0.627451
5452      0.603922
5453      0.576471
5454      0.552941
5455      0.541176
5456      0.572549
5457      0.521569
5458      0.427451
5459      0.325490
5460      0.250980
5461      0.207843
5462      0.184314
5463      0.172549
5464      0.164706
5465      0.160784
5466      0.156863
5467      0.152941
5468      0.156863
5469      0.160784
5470      0.164706
5471      0.168627
5472      0.168627
5473      0.149020
5474      0.137255
5475      0.152941
5476      0.184314
5477      0.211765
5478      0.207843
5479      0.196078
5480      0.200000
5481      0.219608
5482      0.235294
5483      0.227451
5484      0.215686
5485      0.219608
5486      0.250980
5487      0.278431
5488      0.250980
5489      0.266667
5490      0.294118
5491      0.321569
5492      0.333333
5493      0.333333
5494      0.321569
5495      0.313726
5496      0.317647
5497      0.321569
5498      0.325490
5499      0.333333
5500      0.345098
5501      0.352941
5502      0.364706
5503      0.368627
5504      0.372549
5505      0.380392
5506      0.384314
5507      0.368627
5508      0.352941
5509      0.356863
5510      0.384314
5511      0.407843
5512      0.376471
5513      0.388235
5514      0.380392
5515      0.419608
5516      0.592157
5517      0.796078
5518      0.847059
5519      0.776471
5520      0.756863
5521      0.725490
5522      0.709804
5523      0.709804
5524      0.686275
5525      0.654902
5526      0.670588
5527      0.705882
5528      0.686275
5529      0.670588
5530      0.662745
5531      0.682353
5532      0.709804
5533      0.717647
5534      0.701961
5535      0.678431
5536      0.623529
5537      0.623529
5538      0.635294
5539      0.658824
5540      0.694118
5541      0.717647
5542      0.729412
5543      0.729412
5544      0.729412
5545      0.713726
5546      0.701961
5547      0.698039
5548      0.709804
5549      0.729412
5550      0.745098
5551      0.756863
5552      0.780392
5553      0.745098
5554      0.694118
5555      0.647059
5556      0.635294
5557      0.658824
5558      0.709804
5559      0.749020
5560      0.741176
5561      0.733333
5562      0.717647
5563      0.713726
5564      0.713726
5565      0.713726
5566      0.713726
5567      0.709804
5568      0.745098
5569      0.760784
5570      0.788235
5571      0.807843
5572      0.811765
5573      0.788235
5574      0.749020
5575      0.717647
5576      0.749020
5577      0.737255
5578      0.729412
5579      0.733333
5580      0.745098
5581      0.752941
5582      0.749020
5583      0.741176
5584      0.666667
5585      0.654902
5586      0.639216
5587      0.643137
5588      0.658824
5589      0.670588
5590      0.678431
5591      0.674510
5592      0.701961
5593      0.694118
5594      0.686275
5595      0.682353
5596      0.690196
5597      0.701961
5598      0.717647
5599      0.729412
5600      0.721569
5601      0.698039
5602      0.666667
5603      0.654902
5604      0.666667
5605      0.698039
5606      0.729412
5607      0.749020
5608      0.760784
5609      0.756863
5610      0.749020
5611      0.749020
5612      0.749020
5613      0.737255
5614      0.717647
5615      0.698039
5616      0.686275
5617      0.678431
5618      0.666667
5619      0.666667
5620      0.682353
5621      0.701961
5622      0.717647
5623      0.725490
5624      0.725490
5625      0.749020
5626      0.768627
5627      0.764706
5628      0.749020
5629      0.764706
5630      0.803922
5631      0.843137
5632      0.831373
5633      0.803922
5634      0.764706
5635      0.725490
5636      0.686275
5637      0.662745
5638      0.666667
5639      0.682353
5640      0.698039
5641      0.678431
5642      0.658824
5643      0.662745
5644      0.701961
5645      0.749020
5646      0.752941
5647      0.733333
5648      0.737255
5649      0.709804
5650      0.694118
5651      0.717647
5652      0.756863
5653      0.776471
5654      0.760784
5655      0.737255
5656      0.709804
5657      0.709804
5658      0.705882
5659      0.698039
5660      0.690196
5661      0.694118
5662      0.705882
5663      0.717647
5664      0.749020
5665      0.745098
5666      0.737255
5667      0.729412
5668      0.729412
5669      0.733333
5670      0.741176
5671      0.745098
5672      0.709804
5673      0.698039
5674      0.686275
5675      0.611765
5676      0.619608
5677      0.623529
5678      0.619608
5679      0.603922
5680      0.580392
5681      0.556863
5682      0.545098
5683      0.545098
5684      0.482353
5685      0.384314
5686      0.290196
5687      0.227451
5688      0.196078
5689      0.176471
5690      0.164706
5691      0.156863
5692      0.156863
5693      0.156863
5694      0.156863
5695      0.160784
5696      0.168627
5697      0.176471
5698      0.184314
5699      0.176471
5700      0.156863
5701      0.137255
5702      0.137255
5703      0.160784
5704      0.180392
5705      0.188235
5706      0.188235
5707      0.211765
5708      0.231373
5709      0.243137
5710      0.235294
5711      0.223529
5712      0.231373
5713      0.262745
5714      0.294118
5715      0.282353
5716      0.270588
5717      0.254902
5718      0.250980
5719      0.258824
5720      0.282353
5721      0.309804
5722      0.325490
5723      0.309804
5724      0.309804
5725      0.317647
5726      0.325490
5727      0.341176
5728      0.356863
5729      0.372549
5730      0.380392
5731      0.392157
5732      0.388235
5733      0.380392
5734      0.364706
5735      0.356863
5736      0.364706
5737      0.392157
5738      0.415686
5739      0.415686
5740      0.419608
5741      0.415686
5742      0.415686
5743      0.466667
5744      0.584314
5745      0.725490
5746      0.815686
5747      0.792157
5748      0.760784
5749      0.725490
5750      0.705882
5751      0.674510
5752      0.650980
5753      0.662745
5754      0.698039
5755      0.709804
5756      0.674510
5757      0.643137
5758      0.639216
5759      0.666667
5760      0.694118
5761      0.705882
5762      0.705882
5763      0.674510
5764      0.670588
5765      0.674510
5766      0.682353
5767      0.701961
5768      0.717647
5769      0.729412
5770      0.729412
5771      0.717647
5772      0.705882
5773      0.690196
5774      0.682353
5775      0.690196
5776      0.709804
5777      0.725490
5778      0.737255
5779      0.760784
5780      0.737255
5781      0.698039
5782      0.666667
5783      0.654902
5784      0.670588
5785      0.705882
5786      0.737255
5787      0.737255
5788      0.721569
5789      0.705882
5790      0.698039
5791      0.698039
5792      0.698039
5793      0.694118
5794      0.690196
5795      0.725490
5796      0.745098
5797      0.772549
5798      0.788235
5799      0.784314
5800      0.764706
5801      0.737255
5802      0.721569
5803      0.733333
5804      0.725490
5805      0.717647
5806      0.721569
5807      0.733333
5808      0.741176
5809      0.741176
5810      0.733333
5811      0.662745
5812      0.647059
5813      0.631373
5814      0.639216
5815      0.662745
5816      0.698039
5817      0.721569
5818      0.733333
5819      0.717647
5820      0.709804
5821      0.698039
5822      0.686275
5823      0.686275
5824      0.698039
5825      0.709804
5826      0.717647
5827      0.725490
5828      0.705882
5829      0.678431
5830      0.658824
5831      0.662745
5832      0.686275
5833      0.721569
5834      0.749020
5835      0.760784
5836      0.749020
5837      0.737255
5838      0.745098
5839      0.752941
5840      0.749020
5841      0.721569
5842      0.694118
5843      0.686275
5844      0.674510
5845      0.666667
5846      0.666667
5847      0.678431
5848      0.701961
5849      0.721569
5850      0.733333
5851      0.725490
5852      0.745098
5853      0.756863
5854      0.745098
5855      0.729412
5856      0.737255
5857      0.772549
5858      0.803922
5859      0.858824
5860      0.843137
5861      0.807843
5862      0.752941
5863      0.694118
5864      0.658824
5865      0.658824
5866      0.678431
5867      0.650980
5868      0.650980
5869      0.647059
5870      0.654902
5871      0.686275
5872      0.733333
5873      0.749020
5874      0.745098
5875      0.717647
5876      0.698039
5877      0.686275
5878      0.701961
5879      0.737255
5880      0.756863
5881      0.749020
5882      0.733333
5883      0.725490
5884      0.725490
5885      0.721569
5886      0.713726
5887      0.701961
5888      0.698039
5889      0.698039
5890      0.705882
5891      0.729412
5892      0.729412
5893      0.729412
5894      0.733333
5895      0.737255
5896      0.737255
5897      0.741176
5898      0.741176
5899      0.721569
5900      0.709804
5901      0.698039
5902      0.592157
5903      0.600000
5904      0.611765
5905      0.615686
5906      0.607843
5907      0.588235
5908      0.568627
5909      0.552941
5910      0.529412
5911      0.447059
5912      0.333333
5913      0.247059
5914      0.207843
5915      0.188235
5916      0.176471
5917      0.164706
5918      0.149020
5919      0.149020
5920      0.152941
5921      0.160784
5922      0.168627
5923      0.176471
5924      0.188235
5925      0.192157
5926      0.192157
5927      0.176471
5928      0.156863
5929      0.145098
5930      0.145098
5931      0.156863
5932      0.176471
5933      0.188235
5934      0.215686
5935      0.227451
5936      0.235294
5937      0.231373
5938      0.223529
5939      0.231373
5940      0.262745
5941      0.290196
5942      0.298039
5943      0.270588
5944      0.239216
5945      0.215686
5946      0.219608
5947      0.247059
5948      0.286275
5949      0.313726
5950      0.298039
5951      0.301961
5952      0.305882
5953      0.317647
5954      0.337255
5955      0.360784
5956      0.380392
5957      0.392157
5958      0.407843
5959      0.396078
5960      0.372549
5961      0.360784
5962      0.360784
5963      0.376471
5964      0.400000
5965      0.415686
5966      0.458824
5967      0.431373
5968      0.419608
5969      0.411765
5970      0.380392
5971      0.400000
5972      0.564706
5973      0.749020
5974      0.815686
5975      0.796078
5976      0.776471
5977      0.752941
5978      0.721569
5979      0.698039
5980      0.694118
5981      0.705882
5982      0.717647
5983      0.678431
5984      0.635294
5985      0.623529
5986      0.643137
5987      0.678431
5988      0.701961
5989      0.709804
5990      0.709804
5991      0.701961
5992      0.698039
5993      0.698039
5994      0.701961
5995      0.717647
5996      0.733333
5997      0.741176
5998      0.725490
5999      0.709804
6000      0.694118
6001      0.682353
6002      0.682353
6003      0.698039
6004      0.717647
6005      0.729412
6006      0.721569
6007      0.709804
6008      0.694118
6009      0.674510
6010      0.666667
6011      0.674510
6012      0.694118
6013      0.713726
6014      0.733333
6015      0.717647
6016      0.701961
6017      0.690196
6018      0.686275
6019      0.682353
6020      0.682353
6021      0.678431
6022      0.698039
6023      0.721569
6024      0.749020
6025      0.760784
6026      0.749020
6027      0.733333
6028      0.721569
6029      0.721569
6030      0.721569
6031      0.713726
6032      0.709804
6033      0.709804
6034      0.717647
6035      0.721569
6036      0.721569
6037      0.717647
6038      0.670588
6039      0.654902
6040      0.639216
6041      0.643137
6042      0.670588
6043      0.713726
6044      0.749020
6045      0.772549
6046      0.733333
6047      0.721569
6048      0.705882
6049      0.690196
6050      0.682353
6051      0.686275
6052      0.690196
6053      0.698039
6054      0.721569
6055      0.709804
6056      0.686275
6057      0.658824
6058      0.647059
6059      0.662745
6060      0.701961
6061      0.733333
6062      0.760784
6063      0.749020
6064      0.745098
6065      0.752941
6066      0.768627
6067      0.760784
6068      0.737255
6069      0.709804
6070      0.682353
6071      0.670588
6072      0.658824
6073      0.654902
6074      0.666667
6075      0.686275
6076      0.713726
6077      0.729412
6078      0.721569
6079      0.733333
6080      0.745098
6081      0.733333
6082      0.717647
6083      0.713726
6084      0.729412
6085      0.749020
6086      0.827451
6087      0.843137
6088      0.839216
6089      0.800000
6090      0.733333
6091      0.674510
6092      0.647059
6093      0.635294
6094      0.615686
6095      0.631373
6096      0.639216
6097      0.650980
6098      0.678431
6099      0.721569
6100      0.749020
6101      0.752941
6102      0.690196
6103      0.678431
6104      0.670588
6105      0.686275
6106      0.709804
6107      0.729412
6108      0.733333
6109      0.729412
6110      0.741176
6111      0.745098
6112      0.745098
6113      0.737255
6114      0.717647
6115      0.701961
6116      0.694118
6117      0.694118
6118      0.701961
6119      0.709804
6120      0.717647
6121      0.725490
6122      0.733333
6123      0.737255
6124      0.737255
6125      0.737255
6126      0.737255
6127      0.729412
6128      0.721569
6129      0.584314
6130      0.592157
6131      0.603922
6132      0.615686
6133      0.619608
6134      0.607843
6135      0.584314
6136      0.568627
6137      0.537255
6138      0.431373
6139      0.301961
6140      0.227451
6141      0.200000
6142      0.188235
6143      0.176471
6144      0.168627
6145      0.149020
6146      0.152941
6147      0.152941
6148      0.160784
6149      0.168627
6150      0.172549
6151      0.180392
6152      0.184314
6153      0.200000
6154      0.196078
6155      0.188235
6156      0.172549
6157      0.160784
6158      0.160784
6159      0.180392
6160      0.196078
6161      0.219608
6162      0.227451
6163      0.235294
6164      0.231373
6165      0.231373
6166      0.243137
6167      0.270588
6168      0.294118
6169      0.282353
6170      0.274510
6171      0.262745
6172      0.254902
6173      0.250980
6174      0.258824
6175      0.270588
6176      0.278431
6177      0.298039
6178      0.298039
6179      0.301961
6180      0.309804
6181      0.329412
6182      0.352941
6183      0.372549
6184      0.388235
6185      0.403922
6186      0.388235
6187      0.368627
6188      0.360784
6189      0.368627
6190      0.380392
6191      0.392157
6192      0.396078
6193      0.454902
6194      0.400000
6195      0.388235
6196      0.411765
6197      0.396078
6198      0.376471
6199      0.454902
6200      0.576471
6201      0.768627
6202      0.792157
6203      0.811765
6204      0.803922
6205      0.780392
6206      0.752941
6207      0.733333
6208      0.721569
6209      0.698039
6210      0.670588
6211      0.639216
6212      0.631373
6213      0.647059
6214      0.670588
6215      0.682353
6216      0.682353
6217      0.694118
6218      0.694118
6219      0.694118
6220      0.690196
6221      0.694118
6222      0.709804
6223      0.737255
6224      0.760784
6225      0.725490
6226      0.717647
6227      0.698039
6228      0.678431
6229      0.674510
6230      0.678431
6231      0.698039
6232      0.713726
6233      0.690196
6234      0.686275
6235      0.678431
6236      0.666667
6237      0.662745
6238      0.670588
6239      0.686275
6240      0.701961
6241      0.733333
6242      0.717647
6243      0.698039
6244      0.686275
6245      0.686275
6246      0.686275
6247      0.686275
6248      0.686275
6249      0.678431
6250      0.705882
6251      0.733333
6252      0.737255
6253      0.721569
6254      0.705882
6255      0.709804
6256      0.717647
6257      0.721569
6258      0.717647
6259      0.713726
6260      0.713726
6261      0.709804
6262      0.709804
6263      0.705882
6264      0.705882
6265      0.686275
6266      0.674510
6267      0.658824
6268      0.658824
6269      0.674510
6270      0.705882
6271      0.737255
6272      0.756863
6273      0.741176
6274      0.729412
6275      0.713726
6276      0.698039
6277      0.686275
6278      0.678431
6279      0.674510
6280      0.674510
6281      0.709804
6282      0.705882
6283      0.690196
6284      0.658824
6285      0.635294
6286      0.643137
6287      0.678431
6288      0.713726
6289      0.749020
6290      0.760784
6291      0.772549
6292      0.780392
6293      0.776471
6294      0.768627
6295      0.756863
6296      0.749020
6297      0.690196
6298      0.678431
6299      0.666667
6300      0.650980
6301      0.650980
6302      0.666667
6303      0.690196
6304      0.709804
6305      0.705882
6306      0.721569
6307      0.737255
6308      0.741176
6309      0.725490
6310      0.713726
6311      0.705882
6312      0.705882
6313      0.737255
6314      0.776471
6315      0.815686
6316      0.823529
6317      0.792157
6318      0.733333
6319      0.654902
6320      0.600000
6321      0.611765
6322      0.619608
6323      0.623529
6324      0.643137
6325      0.686275
6326      0.737255
6327      0.756863
6328      0.752941
6329      0.670588
6330      0.662745
6331      0.658824
6332      0.666667
6333      0.686275
6334      0.705882
6335      0.721569
6336      0.725490
6337      0.741176
6338      0.749020
6339      0.760784
6340      0.752941
6341      0.737255
6342      0.717647
6343      0.701961
6344      0.694118
6345      0.690196
6346      0.690196
6347      0.694118
6348      0.698039
6349      0.709804
6350      0.717647
6351      0.729412
6352      0.737255
6353      0.756863
6354      0.752941
6355      0.749020
6356      0.588235
6357      0.592157
6358      0.607843
6359      0.627451
6360      0.639216
6361      0.627451
6362      0.603922
6363      0.584314
6364      0.541176
6365      0.419608
6366      0.282353
6367      0.211765
6368      0.188235
6369      0.176471
6370      0.168627
6371      0.168627
6372      0.156863
6373      0.160784
6374      0.160784
6375      0.164706
6376      0.164706
6377      0.164706
6378      0.164706
6379      0.164706
6380      0.184314
6381      0.196078
6382      0.203922
6383      0.192157
6384      0.176471
6385      0.172549
6386      0.184314
6387      0.196078
6388      0.223529
6389      0.231373
6390      0.243137
6391      0.243137
6392      0.247059
6393      0.258824
6394      0.278431
6395      0.298039
6396      0.270588
6397      0.274510
6398      0.282353
6399      0.286275
6400      0.282353
6401      0.274510
6402      0.262745
6403      0.254902
6404      0.301961
6405      0.301961
6406      0.305882
6407      0.309804
6408      0.325490
6409      0.341176
6410      0.356863
6411      0.368627
6412      0.380392
6413      0.372549
6414      0.368627
6415      0.368627
6416      0.372549
6417      0.376471
6418      0.372549
6419      0.368627
6420      0.396078
6421      0.376471
6422      0.380392
6423      0.407843
6424      0.419608
6425      0.411765
6426      0.419608
6427      0.447059
6428      0.709804
6429      0.768627
6430      0.811765
6431      0.796078
6432      0.764706
6433      0.752941
6434      0.741176
6435      0.721569
6436      0.694118
6437      0.666667
6438      0.635294
6439      0.619608
6440      0.623529
6441      0.643137
6442      0.654902
6443      0.662745
6444      0.682353
6445      0.690196
6446      0.690196
6447      0.686275
6448      0.682353
6449      0.698039
6450      0.737255
6451      0.768627
6452      0.725490
6453      0.721569
6454      0.705882
6455      0.686275
6456      0.666667
6457      0.666667
6458      0.678431
6459      0.694118
6460      0.686275
6461      0.682353
6462      0.678431
6463      0.670588
6464      0.670588
6465      0.682353
6466      0.705882
6467      0.721569
6468      0.729412
6469      0.713726
6470      0.694118
6471      0.682353
6472      0.682353
6473      0.686275
6474      0.690196
6475      0.690196
6476      0.678431
6477      0.701961
6478      0.721569
6479      0.721569
6480      0.705882
6481      0.694118
6482      0.698039
6483      0.709804
6484      0.729412
6485      0.733333
6486      0.733333
6487      0.729412
6488      0.721569
6489      0.709804
6490      0.701961
6491      0.698039
6492      0.682353
6493      0.678431
6494      0.678431
6495      0.674510
6496      0.678431
6497      0.694118
6498      0.709804
6499      0.717647
6500      0.749020
6501      0.741176
6502      0.733333
6503      0.721569
6504      0.705882
6505      0.690196
6506      0.678431
6507      0.674510
6508      0.705882
6509      0.705882
6510      0.698039
6511      0.674510
6512      0.650980
6513      0.650980
6514      0.678431
6515      0.705882
6516      0.717647
6517      0.749020
6518      0.784314
6519      0.788235
6520      0.768627
6521      0.752941
6522      0.760784
6523      0.772549
6524      0.717647
6525      0.709804
6526      0.694118
6527      0.670588
6528      0.658824
6529      0.662745
6530      0.678431
6531      0.698039
6532      0.690196
6533      0.709804
6534      0.737255
6535      0.752941
6536      0.752941
6537      0.733333
6538      0.705882
6539      0.690196
6540      0.678431
6541      0.709804
6542      0.749020
6543      0.784314
6544      0.815686
6545      0.803922
6546      0.729412
6547      0.647059
6548      0.619608
6549      0.603922
6550      0.596078
6551      0.627451
6552      0.701961
6553      0.768627
6554      0.776471
6555      0.752941
6556      0.670588
6557      0.662745
6558      0.650980
6559      0.654902
6560      0.674510
6561      0.698039
6562      0.713726
6563      0.721569
6564      0.725490
6565      0.741176
6566      0.756863
6567      0.760784
6568      0.749020
6569      0.733333
6570      0.717647
6571      0.709804
6572      0.698039
6573      0.690196
6574      0.674510
6575      0.670588
6576      0.674510
6577      0.694118
6578      0.713726
6579      0.729412
6580      0.780392
6581      0.784314
6582      0.784314
6583      0.596078
6584      0.603922
6585      0.615686
6586      0.639216
6587      0.654902
6588      0.643137
6589      0.615686
6590      0.592157
6591      0.529412
6592      0.403922
6593      0.266667
6594      0.196078
6595      0.172549
6596      0.152941
6597      0.149020
6598      0.164706
6599      0.172549
6600      0.172549
6601      0.172549
6602      0.172549
6603      0.168627
6604      0.164706
6605      0.156863
6606      0.156863
6607      0.172549
6608      0.184314
6609      0.196078
6610      0.192157
6611      0.180392
6612      0.172549
6613      0.172549
6614      0.180392
6615      0.196078
6616      0.207843
6617      0.223529
6618      0.231373
6619      0.239216
6620      0.247059
6621      0.258824
6622      0.270588
6623      0.274510
6624      0.274510
6625      0.274510
6626      0.274510
6627      0.270588
6628      0.270588
6629      0.266667
6630      0.266667
6631      0.301961
6632      0.301961
6633      0.309804
6634      0.313726
6635      0.325490
6636      0.333333
6637      0.345098
6638      0.349020
6639      0.356863
6640      0.360784
6641      0.368627
6642      0.372549
6643      0.368627
6644      0.364706
6645      0.356863
6646      0.352941
6647      0.349020
6648      0.372549
6649      0.396078
6650      0.400000
6651      0.392157
6652      0.400000
6653      0.415686
6654      0.431373
6655      0.682353
6656      0.768627
6657      0.819608
6658      0.780392
6659      0.733333
6660      0.729412
6661      0.737255
6662      0.729412
6663      0.713726
6664      0.678431
6665      0.627451
6666      0.596078
6667      0.592157
6668      0.615686
6669      0.643137
6670      0.658824
6671      0.682353
6672      0.698039
6673      0.705882
6674      0.694118
6675      0.674510
6676      0.686275
6677      0.725490
6678      0.760784
6679      0.756863
6680      0.756863
6681      0.749020
6682      0.725490
6683      0.698039
6684      0.686275
6685      0.690196
6686      0.701961
6687      0.698039
6688      0.698039
6689      0.698039
6690      0.694118
6691      0.698039
6692      0.713726
6693      0.737255
6694      0.756863
6695      0.733333
6696      0.713726
6697      0.690196
6698      0.674510
6699      0.674510
6700      0.678431
6701      0.682353
6702      0.682353
6703      0.686275
6704      0.701961
6705      0.713726
6706      0.713726
6707      0.698039
6708      0.686275
6709      0.682353
6710      0.686275
6711      0.721569
6712      0.737255
6713      0.752941
6714      0.752941
6715      0.741176
6716      0.725490
6717      0.709804
6718      0.705882
6719      0.666667
6720      0.674510
6721      0.682353
6722      0.682353
6723      0.678431
6724      0.678431
6725      0.682353
6726      0.690196
6727      0.741176
6728      0.745098
6729      0.749020
6730      0.745098
6731      0.733333
6732      0.713726
6733      0.694118
6734      0.678431
6735      0.701961
6736      0.705882
6737      0.705882
6738      0.694118
6739      0.678431
6740      0.678431
6741      0.690196
6742      0.701961
6743      0.682353
6744      0.725490
6745      0.764706
6746      0.772549
6747      0.752941
6748      0.741176
6749      0.749020
6750      0.764706
6751      0.745098
6752      0.741176
6753      0.729412
6754      0.701961
6755      0.678431
6756      0.670588
6757      0.682353
6758      0.698039
6759      0.686275
6760      0.701961
6761      0.729412
6762      0.752941
6763      0.760784
6764      0.745098
6765      0.713726
6766      0.686275
6767      0.682353
6768      0.682353
6769      0.682353
6770      0.717647
6771      0.792157
6772      0.850980
6773      0.823529
6774      0.760784
6775      0.643137
6776      0.615686
6777      0.596078
6778      0.623529
6779      0.705882
6780      0.780392
6781      0.788235
6782      0.756863
6783      0.690196
6784      0.670588
6785      0.650980
6786      0.654902
6787      0.678431
6788      0.701961
6789      0.717647
6790      0.717647
6791      0.709804
6792      0.729412
6793      0.749020
6794      0.756863
6795      0.752941
6796      0.741176
6797      0.729412
6798      0.721569
6799      0.717647
6800      0.701961
6801      0.674510
6802      0.658824
6803      0.658824
6804      0.674510
6805      0.698039
6806      0.713726
6807      0.788235
6808      0.796078
6809      0.803922
6810      0.607843
6811      0.607843
6812      0.619608
6813      0.643137
6814      0.658824
6815      0.650980
6816      0.615686
6817      0.588235
6818      0.509804
6819      0.388235
6820      0.258824
6821      0.196078
6822      0.164706
6823      0.141176
6824      0.145098
6825      0.172549
6826      0.180392
6827      0.184314
6828      0.184314
6829      0.184314
6830      0.180392
6831      0.172549
6832      0.164706
6833      0.160784
6834      0.184314
6835      0.184314
6836      0.184314
6837      0.176471
6838      0.168627
6839      0.164706
6840      0.164706
6841      0.168627
6842      0.176471
6843      0.192157
6844      0.211765
6845      0.227451
6846      0.239216
6847      0.243137
6848      0.247059
6849      0.250980
6850      0.270588
6851      0.266667
6852      0.262745
6853      0.262745
6854      0.262745
6855      0.266667
6856      0.274510
6857      0.278431
6858      0.290196
6859      0.298039
6860      0.305882
6861      0.317647
6862      0.329412
6863      0.333333
6864      0.337255
6865      0.337255
6866      0.352941
6867      0.364706
6868      0.372549
6869      0.368627
6870      0.356863
6871      0.349020
6872      0.352941
6873      0.360784
6874      0.349020
6875      0.368627
6876      0.392157
6877      0.396078
6878      0.376471
6879      0.368627
6880      0.392157
6881      0.431373
6882      0.615686
6883      0.745098
6884      0.831373
6885      0.796078
6886      0.733333
6887      0.717647
6888      0.717647
6889      0.701961
6890      0.729412
6891      0.698039
6892      0.654902
6893      0.623529
6894      0.611765
6895      0.623529
6896      0.643137
6897      0.654902
6898      0.674510
6899      0.694118
6900      0.705882
6901      0.694118
6902      0.666667
6903      0.670588
6904      0.709804
6905      0.749020
6906      0.772549
6907      0.780392
6908      0.780392
6909      0.756863
6910      0.725490
6911      0.701961
6912      0.698039
6913      0.705882
6914      0.701961
6915      0.709804
6916      0.717647
6917      0.721569
6918      0.729412
6919      0.741176
6920      0.760784
6921      0.772549
6922      0.756863
6923      0.733333
6924      0.705882
6925      0.682353
6926      0.674510
6927      0.674510
6928      0.678431
6929      0.674510
6930      0.698039
6931      0.701961
6932      0.705882
6933      0.705882
6934      0.694118
6935      0.678431
6936      0.662745
6937      0.654902
6938      0.701961
6939      0.725490
6940      0.756863
6941      0.772549
6942      0.764706
6943      0.745098
6944      0.729412
6945      0.721569
6946      0.670588
6947      0.682353
6948      0.686275
6949      0.682353
6950      0.666667
6951      0.658824
6952      0.662745
6953      0.666667
6954      0.705882
6955      0.717647
6956      0.737255
6957      0.745098
6958      0.737255
6959      0.713726
6960      0.686275
6961      0.666667
6962      0.686275
6963      0.690196
6964      0.698039
6965      0.698039
6966      0.698039
6967      0.694118
6968      0.694118
6969      0.690196
6970      0.678431
6971      0.701961
6972      0.729412
6973      0.752941
6974      0.752941
6975      0.749020
6976      0.745098
6977      0.745098
6978      0.745098
6979      0.749020
6980      0.745098
6981      0.721569
6982      0.690196
6983      0.678431
6984      0.686275
6985      0.698039
6986      0.694118
6987      0.698039
6988      0.709804
6989      0.729412
6990      0.741176
6991      0.737255
6992      0.713726
6993      0.690196
6994      0.686275
6995      0.678431
6996      0.662745
6997      0.678431
6998      0.764706
6999      0.858824
7000      0.878431
7001      0.839216
7002      0.717647
7003      0.690196
7004      0.654902
7005      0.658824
7006      0.713726
7007      0.768627
7008      0.772549
7009      0.749020
7010      0.717647
7011      0.686275
7012      0.654902
7013      0.658824
7014      0.686275
7015      0.717647
7016      0.725490
7017      0.717647
7018      0.701961
7019      0.717647
7020      0.741176
7021      0.752941
7022      0.749020
7023      0.737255
7024      0.729412
7025      0.729412
7026      0.737255
7027      0.721569
7028      0.694118
7029      0.670588
7030      0.662745
7031      0.670588
7032      0.682353
7033      0.694118
7034      0.764706
7035      0.776471
7036      0.788235
7037      0.611765
7038      0.611765
7039      0.623529
7040      0.647059
7041      0.662745
7042      0.650980
7043      0.615686
7044      0.580392
7045      0.501961
7046      0.384314
7047      0.262745
7048      0.203922
7049      0.168627
7050      0.145098
7051      0.156863
7052      0.188235
7053      0.184314
7054      0.188235
7055      0.192157
7056      0.192157
7057      0.192157
7058      0.184314
7059      0.176471
7060      0.172549
7061      0.207843
7062      0.196078
7063      0.180392
7064      0.168627
7065      0.160784
7066      0.160784
7067      0.164706
7068      0.168627
7069      0.196078
7070      0.211765
7071      0.235294
7072      0.258824
7073      0.270588
7074      0.270588
7075      0.270588
7076      0.266667
7077      0.258824
7078      0.262745
7079      0.266667
7080      0.270588
7081      0.274510
7082      0.278431
7083      0.278431
7084      0.278431
7085      0.278431
7086      0.290196
7087      0.305882
7088      0.321569
7089      0.333333
7090      0.337255
7091      0.337255
7092      0.333333
7093      0.356863
7094      0.368627
7095      0.376471
7096      0.364706
7097      0.345098
7098      0.337255
7099      0.352941
7100      0.372549
7101      0.380392
7102      0.352941
7103      0.360784
7104      0.396078
7105      0.396078
7106      0.360784
7107      0.364706
7108      0.400000
7109      0.513726
7110      0.686275
7111      0.827451
7112      0.811765
7113      0.741176
7114      0.705882
7115      0.678431
7116      0.643137
7117      0.729412
7118      0.717647
7119      0.701961
7120      0.682353
7121      0.666667
7122      0.654902
7123      0.647059
7124      0.643137
7125      0.647059
7126      0.674510
7127      0.694118
7128      0.682353
7129      0.658824
7130      0.662745
7131      0.701961
7132      0.745098
7133      0.752941
7134      0.764706
7135      0.768627
7136      0.745098
7137      0.709804
7138      0.682353
7139      0.674510
7140      0.678431
7141      0.690196
7142      0.705882
7143      0.721569
7144      0.737255
7145      0.745098
7146      0.752941
7147      0.764706
7148      0.772549
7149      0.784314
7150      0.760784
7151      0.725490
7152      0.698039
7153      0.686275
7154      0.682353
7155      0.678431
7156      0.678431
7157      0.705882
7158      0.701961
7159      0.701961
7160      0.698039
7161      0.690196
7162      0.674510
7163      0.650980
7164      0.631373
7165      0.682353
7166      0.713726
7167      0.756863
7168      0.780392
7169      0.776471
7170      0.760784
7171      0.745098
7172      0.737255
7173      0.694118
7174      0.698039
7175      0.694118
7176      0.678431
7177      0.654902
7178      0.643137
7179      0.643137
7180      0.647059
7181      0.666667
7182      0.686275
7183      0.713726
7184      0.729412
7185      0.725490
7186      0.701961
7187      0.670588
7188      0.650980
7189      0.666667
7190      0.670588
7191      0.678431
7192      0.690196
7193      0.698039
7194      0.698039
7195      0.682353
7196      0.670588
7197      0.690196
7198      0.694118
7199      0.709804
7200      0.741176
7201      0.768627
7202      0.772549
7203      0.752941
7204      0.729412
7205      0.729412
7206      0.737255
7207      0.737255
7208      0.717647
7209      0.690196
7210      0.674510
7211      0.678431
7212      0.690196
7213      0.709804
7214      0.698039
7215      0.694118
7216      0.705882
7217      0.721569
7218      0.721569
7219      0.705882
7220      0.690196
7221      0.670588
7222      0.674510
7223      0.666667
7224      0.674510
7225      0.752941
7226      0.847059
7227      0.878431
7228      0.854902
7229      0.796078
7230      0.772549
7231      0.729412
7232      0.701961
7233      0.717647
7234      0.749020
7235      0.756863
7236      0.737255
7237      0.737255
7238      0.698039
7239      0.658824
7240      0.658824
7241      0.694118
7242      0.725490
7243      0.729412
7244      0.717647
7245      0.701961
7246      0.717647
7247      0.737255
7248      0.745098
7249      0.741176
7250      0.733333
7251      0.729412
7252      0.725490
7253      0.749020
7254      0.737255
7255      0.709804
7256      0.690196
7257      0.674510
7258      0.670588
7259      0.674510
7260      0.678431
7261      0.729412
7262      0.745098
7263      0.760784
7264      0.639216
7265      0.631373
7266      0.631373
7267      0.639216
7268      0.650980
7269      0.643137
7270      0.615686
7271      0.588235
7272      0.474510
7273      0.286275
7274      0.258824
7275      0.278431
7276      0.152941
7277      0.086275
7278      0.152941
7279      0.188235
7280      0.164706
7281      0.176471
7282      0.188235
7283      0.184314
7284      0.176471
7285      0.176471
7286      0.192157
7287      0.211765
7288      0.223529
7289      0.200000
7290      0.176471
7291      0.168627
7292      0.176471
7293      0.180392
7294      0.168627
7295      0.156863
7296      0.168627
7297      0.188235
7298      0.223529
7299      0.247059
7300      0.258824
7301      0.258824
7302      0.254902
7303      0.250980
7304      0.270588
7305      0.262745
7306      0.250980
7307      0.250980
7308      0.258824
7309      0.266667
7310      0.270588
7311      0.270588
7312      0.235294
7313      0.266667
7314      0.309804
7315      0.333333
7316      0.333333
7317      0.325490
7318      0.321569
7319      0.325490
7320      0.341176
7321      0.360784
7322      0.384314
7323      0.392157
7324      0.384314
7325      0.372549
7326      0.368627
7327      0.372549
7328      0.388235
7329      0.380392
7330      0.380392
7331      0.384314
7332      0.368627
7333      0.349020
7334      0.356863
7335      0.376471
7336      0.372549
7337      0.364706
7338      0.713726
7339      0.811765
7340      0.792157
7341      0.831373
7342      0.705882
7343      0.756863
7344      0.729412
7345      0.737255
7346      0.749020
7347      0.741176
7348      0.721569
7349      0.698039
7350      0.678431
7351      0.670588
7352      0.670588
7353      0.682353
7354      0.682353
7355      0.658824
7356      0.631373
7357      0.639216
7358      0.682353
7359      0.725490
7360      0.741176
7361      0.752941
7362      0.760784
7363      0.749020
7364      0.721569
7365      0.690196
7366      0.670588
7367      0.666667
7368      0.662745
7369      0.686275
7370      0.721569
7371      0.752941
7372      0.768627
7373      0.768627
7374      0.760784
7375      0.752941
7376      0.749020
7377      0.772549
7378      0.788235
7379      0.768627
7380      0.729412
7381      0.701961
7382      0.698039
7383      0.705882
7384      0.674510
7385      0.682353
7386      0.690196
7387      0.698039
7388      0.694118
7389      0.678431
7390      0.662745
7391      0.650980
7392      0.666667
7393      0.694118
7394      0.729412
7395      0.749020
7396      0.752941
7397      0.749020
7398      0.752941
7399      0.756863
7400      0.733333
7401      0.737255
7402      0.729412
7403      0.705882
7404      0.670588
7405      0.643137
7406      0.631373
7407      0.631373
7408      0.639216
7409      0.650980
7410      0.674510
7411      0.701961
7412      0.713726
7413      0.705882
7414      0.690196
7415      0.674510
7416      0.658824
7417      0.654902
7418      0.658824
7419      0.666667
7420      0.682353
7421      0.686275
7422      0.682353
7423      0.678431
7424      0.686275
7425      0.686275
7426      0.694118
7427      0.705882
7428      0.721569
7429      0.729412
7430      0.729412
7431      0.725490
7432      0.709804
7433      0.717647
7434      0.721569
7435      0.725490
7436      0.721569
7437      0.713726
7438      0.709804
7439      0.709804
7440      0.701961
7441      0.701961
7442      0.701961
7443      0.705882
7444      0.709804
7445      0.701961
7446      0.686275
7447      0.674510
7448      0.678431
7449      0.678431
7450      0.670588
7451      0.674510
7452      0.721569
7453      0.796078
7454      0.850980
7455      0.870588
7456      0.854902
7457      0.823529
7458      0.776471
7459      0.737255
7460      0.717647
7461      0.721569
7462      0.733333
7463      0.741176
7464      0.749020
7465      0.721569
7466      0.690196
7467      0.682353
7468      0.698039
7469      0.713726
7470      0.721569
7471      0.717647
7472      0.678431
7473      0.690196
7474      0.705882
7475      0.713726
7476      0.713726
7477      0.709804
7478      0.713726
7479      0.713726
7480      0.780392
7481      0.768627
7482      0.745098
7483      0.717647
7484      0.698039
7485      0.682353
7486      0.670588
7487      0.666667
7488      0.694118
7489      0.701961
7490      0.709804
7491      0.666667
7492      0.654902
7493      0.650980
7494      0.658824
7495      0.662745
7496      0.654902
7497      0.627451
7498      0.603922
7499      0.466667
7500      0.282353
7501      0.243137
7502      0.266667
7503      0.160784
7504      0.098039
7505      0.145098
7506      0.164706
7507      0.180392
7508      0.192157
7509      0.200000
7510      0.196078
7511      0.184314
7512      0.184314
7513      0.192157
7514      0.203922
7515      0.184314
7516      0.172549
7517      0.160784
7518      0.168627
7519      0.176471
7520      0.176471
7521      0.160784
7522      0.141176
7523      0.152941
7524      0.176471
7525      0.203922
7526      0.231373
7527      0.243137
7528      0.247059
7529      0.243137
7530      0.239216
7531      0.294118
7532      0.282353
7533      0.262745
7534      0.247059
7535      0.235294
7536      0.231373
7537      0.239216
7538      0.243137
7539      0.247059
7540      0.266667
7541      0.294118
7542      0.313726
7543      0.321569
7544      0.321569
7545      0.317647
7546      0.317647
7547      0.317647
7548      0.337255
7549      0.364706
7550      0.384314
7551      0.388235
7552      0.384314
7553      0.376471
7554      0.372549
7555      0.376471
7556      0.368627
7557      0.376471
7558      0.384314
7559      0.376471
7560      0.364706
7561      0.372549
7562      0.396078
7563      0.435294
7564      0.458824
7565      0.639216
7566      0.796078
7567      0.815686
7568      0.800000
7569      0.760784
7570      0.717647
7571      0.741176
7572      0.749020
7573      0.756863
7574      0.752941
7575      0.737255
7576      0.717647
7577      0.701961
7578      0.698039
7579      0.686275
7580      0.690196
7581      0.678431
7582      0.654902
7583      0.635294
7584      0.650980
7585      0.694118
7586      0.733333
7587      0.733333
7588      0.741176
7589      0.749020
7590      0.737255
7591      0.709804
7592      0.678431
7593      0.658824
7594      0.647059
7595      0.643137
7596      0.666667
7597      0.701961
7598      0.733333
7599      0.749020
7600      0.756863
7601      0.756863
7602      0.756863
7603      0.764706
7604      0.776471
7605      0.788235
7606      0.780392
7607      0.749020
7608      0.717647
7609      0.694118
7610      0.686275
7611      0.670588
7612      0.670588
7613      0.678431
7614      0.690196
7615      0.701961
7616      0.705882
7617      0.698039
7618      0.686275
7619      0.666667
7620      0.682353
7621      0.709804
7622      0.725490
7623      0.733333
7624      0.737255
7625      0.737255
7626      0.737255
7627      0.772549
7628      0.776471
7629      0.772549
7630      0.752941
7631      0.717647
7632      0.686275
7633      0.670588
7634      0.662745
7635      0.662745
7636      0.670588
7637      0.686275
7638      0.701961
7639      0.709804
7640      0.705882
7641      0.694118
7642      0.686275
7643      0.674510
7644      0.666667
7645      0.650980
7646      0.643137
7647      0.647059
7648      0.650980
7649      0.658824
7650      0.662745
7651      0.674510
7652      0.674510
7653      0.678431
7654      0.694118
7655      0.713726
7656      0.729412
7657      0.733333
7658      0.733333
7659      0.690196
7660      0.690196
7661      0.698039
7662      0.721569
7663      0.741176
7664      0.745098
7665      0.733333
7666      0.717647
7667      0.717647
7668      0.713726
7669      0.713726
7670      0.717647
7671      0.717647
7672      0.709804
7673      0.694118
7674      0.682353
7675      0.674510
7676      0.678431
7677      0.678431
7678      0.686275
7679      0.721569
7680      0.780392
7681      0.815686
7682      0.823529
7683      0.811765
7684      0.819608
7685      0.815686
7686      0.788235
7687      0.749020
7688      0.721569
7689      0.721569
7690      0.733333
7691      0.733333
7692      0.705882
7693      0.678431
7694      0.670588
7695      0.682353
7696      0.698039
7697      0.705882
7698      0.705882
7699      0.698039
7700      0.709804
7701      0.725490
7702      0.725490
7703      0.721569
7704      0.709804
7705      0.705882
7706      0.705882
7707      0.741176
7708      0.760784
7709      0.776471
7710      0.764706
7711      0.729412
7712      0.694118
7713      0.674510
7714      0.670588
7715      0.666667
7716      0.670588
7717      0.678431
7718      0.686275
7719      0.674510
7720      0.666667
7721      0.666667
7722      0.666667
7723      0.654902
7724      0.631373
7725      0.611765
7726      0.470588
7727      0.286275
7728      0.231373
7729      0.254902
7730      0.180392
7731      0.121569
7732      0.149020
7733      0.160784
7734      0.184314
7735      0.192157
7736      0.200000
7737      0.200000
7738      0.192157
7739      0.184314
7740      0.180392
7741      0.180392
7742      0.149020
7743      0.149020
7744      0.156863
7745      0.176471
7746      0.192157
7747      0.188235
7748      0.168627
7749      0.149020
7750      0.184314
7751      0.196078
7752      0.219608
7753      0.243137
7754      0.258824
7755      0.258824
7756      0.254902
7757      0.250980
7758      0.298039
7759      0.290196
7760      0.274510
7761      0.247059
7762      0.223529
7763      0.215686
7764      0.231373
7765      0.247059
7766      0.266667
7767      0.270588
7768      0.278431
7769      0.290196
7770      0.305882
7771      0.313726
7772      0.313726
7773      0.309804
7774      0.294118
7775      0.313726
7776      0.341176
7777      0.372549
7778      0.396078
7779      0.400000
7780      0.388235
7781      0.372549
7782      0.360784
7783      0.352941
7784      0.360784
7785      0.380392
7786      0.380392
7787      0.376471
7788      0.392157
7789      0.411765
7790      0.501961
7791      0.549020
7792      0.537255
7793      0.733333
7794      0.803922
7795      0.764706
7796      0.858824
7797      0.756863
7798      0.760784
7799      0.768627
7800      0.768627
7801      0.760784
7802      0.741176
7803      0.725490
7804      0.717647
7805      0.717647
7806      0.709804
7807      0.698039
7808      0.678431
7809      0.658824
7810      0.654902
7811      0.674510
7812      0.709804
7813      0.737255
7814      0.713726
7815      0.721569
7816      0.729412
7817      0.721569
7818      0.701961
7819      0.674510
7820      0.654902
7821      0.647059
7822      0.631373
7823      0.654902
7824      0.690196
7825      0.721569
7826      0.741176
7827      0.756863
7828      0.768627
7829      0.776471
7830      0.776471
7831      0.776471
7832      0.780392
7833      0.784314
7834      0.780392
7835      0.752941
7836      0.713726
7837      0.682353
7838      0.682353
7839      0.666667
7840      0.662745
7841      0.674510
7842      0.701961
7843      0.721569
7844      0.717647
7845      0.705882
7846      0.670588
7847      0.674510
7848      0.686275
7849      0.705882
7850      0.721569
7851      0.729412
7852      0.729412
7853      0.725490
7854      0.792157
7855      0.800000
7856      0.800000
7857      0.788235
7858      0.760784
7859      0.729412
7860      0.705882
7861      0.694118
7862      0.698039
7863      0.698039
7864      0.701961
7865      0.701961
7866      0.701961
7867      0.701961
7868      0.701961
7869      0.698039
7870      0.701961
7871      0.686275
7872      0.662745
7873      0.639216
7874      0.623529
7875      0.627451
7876      0.647059
7877      0.662745
7878      0.666667
7879      0.662745
7880      0.670588
7881      0.686275
7882      0.705882
7883      0.725490
7884      0.733333
7885      0.737255
7886      0.694118
7887      0.690196
7888      0.701961
7889      0.733333
7890      0.760784
7891      0.764706
7892      0.737255
7893      0.705882
7894      0.725490
7895      0.721569
7896      0.721569
7897      0.721569
7898      0.721569
7899      0.717647
7900      0.701961
7901      0.690196
7902      0.674510
7903      0.682353
7904      0.686275
7905      0.690196
7906      0.717647
7907      0.760784
7908      0.780392
7909      0.776471
7910      0.768627
7911      0.815686
7912      0.858824
7913      0.847059
7914      0.788235
7915      0.733333
7916      0.717647
7917      0.725490
7918      0.717647
7919      0.698039
7920      0.674510
7921      0.662745
7922      0.662745
7923      0.674510
7924      0.682353
7925      0.686275
7926      0.717647
7927      0.729412
7928      0.741176
7929      0.737255
7930      0.725490
7931      0.709804
7932      0.698039
7933      0.694118
7934      0.701961
7935      0.749020
7936      0.796078
7937      0.803922
7938      0.764706
7939      0.717647
7940      0.690196
7941      0.686275
7942      0.670588
7943      0.670588
7944      0.674510
7945      0.690196
7946      0.678431
7947      0.670588
7948      0.666667
7949      0.662745
7950      0.647059
7951      0.623529
7952      0.607843
7953      0.494118
7954      0.309804
7955      0.219608
7956      0.231373
7957      0.196078
7958      0.156863
7959      0.168627
7960      0.184314
7961      0.172549
7962      0.176471
7963      0.184314
7964      0.188235
7965      0.188235
7966      0.180392
7967      0.172549
7968      0.164706
7969      0.149020
7970      0.152941
7971      0.164706
7972      0.184314
7973      0.203922
7974      0.207843
7975      0.196078
7976      0.184314
7977      0.219608
7978      0.227451
7979      0.239216
7980      0.254902
7981      0.262745
7982      0.262745
7983      0.254902
7984      0.247059
7985      0.258824
7986      0.270588
7987      0.274510
7988      0.262745
7989      0.243137
7990      0.239216
7991      0.254902
7992      0.274510
7993      0.286275
7994      0.274510
7995      0.266667
7996      0.274510
7997      0.294118
7998      0.305882
7999      0.305882
8000      0.301961
8001      0.290196
8002      0.305882
8003      0.333333
8004      0.372549
8005      0.403922
8006      0.411765
8007      0.392157
8008      0.368627
8009      0.349020
8010      0.341176
8011      0.349020
8012      0.368627
8013      0.376471
8014      0.376471
8015      0.388235
8016      0.407843
8017      0.486275
8018      0.529412
8019      0.454902
8020      0.607843
8021      0.698039
8022      0.709804
8023      0.874510
8024      0.835294
8025      0.792157
8026      0.796078
8027      0.788235
8028      0.772549
8029      0.749020
8030      0.725490
8031      0.709804
8032      0.705882
8033      0.717647
8034      0.705882
8035      0.690196
8036      0.686275
8037      0.694118
8038      0.713726
8039      0.729412
8040      0.741176
8041      0.705882
8042      0.713726
8043      0.721569
8044      0.721569
8045      0.709804
8046      0.690196
8047      0.670588
8048      0.658824
8049      0.631373
8050      0.658824
8051      0.694118
8052      0.721569
8053      0.741176
8054      0.756863
8055      0.780392
8056      0.796078
8057      0.792157
8058      0.776471
8059      0.768627
8060      0.784314
8061      0.800000
8062      0.788235
8063      0.752941
8064      0.713726
8065      0.698039
8066      0.670588
8067      0.643137
8068      0.650980
8069      0.678431
8070      0.701961
8071      0.698039
8072      0.686275
8073      0.674510
8074      0.666667
8075      0.670588
8076      0.690196
8077      0.717647
8078      0.737255
8079      0.737255
8080      0.729412
8081      0.768627
8082      0.780392
8083      0.792157
8084      0.792157
8085      0.776471
8086      0.752941
8087      0.725490
8088      0.709804
8089      0.725490
8090      0.721569
8091      0.709804
8092      0.698039
8093      0.686275
8094      0.686275
8095      0.694118
8096      0.701961
8097      0.713726
8098      0.701961
8099      0.686275
8100      0.662745
8101      0.643137
8102      0.647059
8103      0.666667
8104      0.682353
8105      0.682353
8106      0.678431
8107      0.678431
8108      0.686275
8109      0.705882
8110      0.721569
8111      0.729412
8112      0.729412
8113      0.713726
8114      0.725490
8115      0.745098
8116      0.764706
8117      0.772549
8118      0.756863
8119      0.717647
8120      0.686275
8121      0.713726
8122      0.709804
8123      0.709804
8124      0.713726
8125      0.717647
8126      0.717647
8127      0.705882
8128      0.698039
8129      0.678431
8130      0.686275
8131      0.686275
8132      0.686275
8133      0.709804
8134      0.745098
8135      0.760784
8136      0.756863
8137      0.752941
8138      0.811765
8139      0.870588
8140      0.870588
8141      0.819608
8142      0.756863
8143      0.721569
8144      0.717647
8145      0.717647
8146      0.709804
8147      0.690196
8148      0.670588
8149      0.658824
8150      0.658824
8151      0.662745
8152      0.670588
8153      0.717647
8154      0.729412
8155      0.737255
8156      0.737255
8157      0.721569
8158      0.705882
8159      0.694118
8160      0.690196
8161      0.686275
8162      0.733333
8163      0.780392
8164      0.796078
8165      0.776471
8166      0.741176
8167      0.721569
8168      0.717647
8169      0.694118
8170      0.690196
8171      0.686275
8172      0.686275
8173      0.682353
8174      0.678431
8175      0.674510
8176      0.666667
8177      0.650980
8178      0.631373
8179      0.615686
8180      0.517647
8181      0.333333
8182      0.203922
8183      0.196078
8184      0.192157
8185      0.172549
8186      0.180392
8187      0.203922
8188      0.172549
8189      0.172549
8190      0.172549
8191      0.184314
8192      0.196078
8193      0.196078
8194      0.180392
8195      0.164706
8196      0.164706
8197      0.164706
8198      0.168627
8199      0.180392
8200      0.196078
8201      0.207843
8202      0.215686
8203      0.215686
8204      0.227451
8205      0.223529
8206      0.223529
8207      0.231373
8208      0.235294
8209      0.235294
8210      0.219608
8211      0.207843
8212      0.207843
8213      0.235294
8214      0.262745
8215      0.270588
8216      0.258824
8217      0.254902
8218      0.262745
8219      0.274510
8220      0.294118
8221      0.278431
8222      0.266667
8223      0.270588
8224      0.282353
8225      0.298039
8226      0.298039
8227      0.290196
8228      0.294118
8229      0.309804
8230      0.337255
8231      0.372549
8232      0.400000
8233      0.403922
8234      0.384314
8235      0.360784
8236      0.345098
8237      0.329412
8238      0.333333
8239      0.352941
8240      0.360784
8241      0.360784
8242      0.368627
8243      0.384314
8244      0.411765
8245      0.447059
8246      0.454902
8247      0.509804
8248      0.572549
8249      0.635294
8250      0.749020
8251      0.827451
8252      0.831373
8253      0.831373
8254      0.827451
8255      0.803922
8256      0.768627
8257      0.733333
8258      0.705882
8259      0.690196
8260      0.713726
8261      0.709804
8262      0.709804
8263      0.721569
8264      0.737255
8265      0.745098
8266      0.745098
8267      0.741176
8268      0.733333
8269      0.737255
8270      0.737255
8271      0.733333
8272      0.721569
8273      0.698039
8274      0.674510
8275      0.658824
8276      0.635294
8277      0.662745
8278      0.694118
8279      0.713726
8280      0.725490
8281      0.741176
8282      0.768627
8283      0.788235
8284      0.811765
8285      0.788235
8286      0.772549
8287      0.780392
8288      0.800000
8289      0.800000
8290      0.772549
8291      0.745098
8292      0.701961
8293      0.666667
8294      0.631373
8295      0.627451
8296      0.650980
8297      0.674510
8298      0.670588
8299      0.658824
8300      0.654902
8301      0.650980
8302      0.654902
8303      0.674510
8304      0.705882
8305      0.729412
8306      0.737255
8307      0.733333
8308      0.745098
8309      0.756863
8310      0.772549
8311      0.788235
8312      0.788235
8313      0.776471
8314      0.752941
8315      0.737255
8316      0.745098
8317      0.737255
8318      0.721569
8319      0.698039
8320      0.674510
8321      0.666667
8322      0.678431
8323      0.690196
8324      0.694118
8325      0.694118
8326      0.694118
8327      0.694118
8328      0.690196
8329      0.694118
8330      0.698039
8331      0.705882
8332      0.713726
8333      0.705882
8334      0.701961
8335      0.701961
8336      0.709804
8337      0.717647
8338      0.713726
8339      0.709804
8340      0.717647
8341      0.749020
8342      0.788235
8343      0.800000
8344      0.780392
8345      0.745098
8346      0.709804
8347      0.694118
8348      0.694118
8349      0.690196
8350      0.690196
8351      0.698039
8352      0.705882
8353      0.709804
8354      0.705882
8355      0.701961
8356      0.686275
8357      0.686275
8358      0.678431
8359      0.674510
8360      0.698039
8361      0.741176
8362      0.764706
8363      0.768627
8364      0.764706
8365      0.800000
8366      0.839216
8367      0.850980
8368      0.827451
8369      0.780392
8370      0.737255
8371      0.717647
8372      0.733333
8373      0.733333
8374      0.725490
8375      0.701961
8376      0.678431
8377      0.662745
8378      0.662745
8379      0.666667
8380      0.698039
8381      0.709804
8382      0.717647
8383      0.717647
8384      0.709804
8385      0.698039
8386      0.694118
8387      0.694118
8388      0.709804
8389      0.725490
8390      0.745098
8391      0.760784
8392      0.764706
8393      0.760784
8394      0.752941
8395      0.749020
8396      0.698039
8397      0.698039
8398      0.694118
8399      0.682353
8400      0.686275
8401      0.694118
8402      0.698039
8403      0.690196
8404      0.670588
8405      0.650980
8406      0.635294
8407      0.537255
8408      0.356863
8409      0.196078
8410      0.164706
8411      0.180392
8412      0.164706
8413      0.164706
8414      0.200000
8415      0.196078
8416      0.184314
8417      0.176471
8418      0.188235
8419      0.207843
8420      0.215686
8421      0.200000
8422      0.180392
8423      0.172549
8424      0.172549
8425      0.168627
8426      0.168627
8427      0.180392
8428      0.192157
8429      0.207843
8430      0.219608
8431      0.239216
8432      0.227451
8433      0.215686
8434      0.215686
8435      0.223529
8436      0.219608
8437      0.203922
8438      0.188235
8439      0.184314
8440      0.211765
8441      0.243137
8442      0.258824
8443      0.258824
8444      0.247059
8445      0.239216
8446      0.239216
8447      0.282353
8448      0.274510
8449      0.270588
8450      0.270588
8451      0.274510
8452      0.278431
8453      0.278431
8454      0.274510
8455      0.286275
8456      0.301961
8457      0.329412
8458      0.356863
8459      0.376471
8460      0.376471
8461      0.360784
8462      0.345098
8463      0.341176
8464      0.325490
8465      0.321569
8466      0.337255
8467      0.349020
8468      0.345098
8469      0.345098
8470      0.356863
8471      0.376471
8472      0.419608
8473      0.509804
8474      0.498039
8475      0.537255
8476      0.603922
8477      0.623529
8478      0.752941
8479      0.850980
8480      0.858824
8481      0.862745
8482      0.847059
8483      0.807843
8484      0.760784
8485      0.721569
8486      0.698039
8487      0.701961
8488      0.709804
8489      0.725490
8490      0.745098
8491      0.756863
8492      0.760784
8493      0.752941
8494      0.741176
8495      0.768627
8496      0.764706
8497      0.756863
8498      0.745098
8499      0.725490
8500      0.698039
8501      0.662745
8502      0.639216
8503      0.631373
8504      0.658824
8505      0.690196
8506      0.701961
8507      0.698039
8508      0.705882
8509      0.725490
8510      0.745098
8511      0.803922
8512      0.792157
8513      0.780392
8514      0.780392
8515      0.788235
8516      0.788235
8517      0.776471
8518      0.764706
8519      0.705882
8520      0.674510
8521      0.639216
8522      0.627451
8523      0.639216
8524      0.654902
8525      0.658824
8526      0.654902
8527      0.635294
8528      0.635294
8529      0.647059
8530      0.666667
8531      0.690196
8532      0.709804
8533      0.717647
8534      0.721569
8535      0.733333
8536      0.745098
8537      0.764706
8538      0.788235
8539      0.800000
8540      0.800000
8541      0.780392
8542      0.764706
8543      0.752941
8544      0.749020
8545      0.733333
8546      0.701961
8547      0.670588
8548      0.654902
8549      0.658824
8550      0.670588
8551      0.662745
8552      0.670588
8553      0.690196
8554      0.713726
8555      0.733333
8556      0.737255
8557      0.729412
8558      0.721569
8559      0.741176
8560      0.733333
8561      0.725490
8562      0.721569
8563      0.721569
8564      0.713726
8565      0.698039
8566      0.686275
8567      0.690196
8568      0.741176
8569      0.792157
8570      0.811765
8571      0.788235
8572      0.756863
8573      0.733333
8574      0.729412
8575      0.690196
8576      0.686275
8577      0.686275
8578      0.690196
8579      0.701961
8580      0.705882
8581      0.705882
8582      0.701961
8583      0.690196
8584      0.686275
8585      0.674510
8586      0.662745
8587      0.690196
8588      0.737255
8589      0.772549
8590      0.776471
8591      0.772549
8592      0.784314
8593      0.800000
8594      0.815686
8595      0.811765
8596      0.788235
8597      0.752941
8598      0.729412
8599      0.737255
8600      0.752941
8601      0.760784
8602      0.745098
8603      0.709804
8604      0.682353
8605      0.678431
8606      0.682353
8607      0.682353
8608      0.686275
8609      0.694118
8610      0.694118
8611      0.690196
8612      0.690196
8613      0.698039
8614      0.701961
8615      0.737255
8616      0.733333
8617      0.733333
8618      0.741176
8619      0.749020
8620      0.760784
8621      0.760784
8622      0.760784
8623      0.729412
8624      0.729412
8625      0.729412
8626      0.670588
8627      0.686275
8628      0.705882
8629      0.713726
8630      0.705882
8631      0.690196
8632      0.666667
8633      0.654902
8634      0.556863
8635      0.396078
8636      0.219608
8637      0.168627
8638      0.180392
8639      0.156863
8640      0.141176
8641      0.176471
8642      0.219608
8643      0.196078
8644      0.180392
8645      0.188235
8646      0.211765
8647      0.219608
8648      0.200000
8649      0.176471
8650      0.180392
8651      0.180392
8652      0.176471
8653      0.172549
8654      0.172549
8655      0.184314
8656      0.196078
8657      0.207843
8658      0.247059
8659      0.231373
8660      0.215686
8661      0.219608
8662      0.227451
8663      0.231373
8664      0.219608
8665      0.203922
8666      0.196078
8667      0.207843
8668      0.231373
8669      0.247059
8670      0.250980
8671      0.239216
8672      0.227451
8673      0.215686
8674      0.258824
8675      0.262745
8676      0.270588
8677      0.270588
8678      0.262745
8679      0.254902
8680      0.250980
8681      0.250980
8682      0.258824
8683      0.282353
8684      0.309804
8685      0.329412
8686      0.337255
8687      0.333333
8688      0.329412
8689      0.329412
8690      0.337255
8691      0.317647
8692      0.313726
8693      0.329412
8694      0.341176
8695      0.341176
8696      0.337255
8697      0.345098
8698      0.368627
8699      0.427451
8700      0.494118
8701      0.482353
8702      0.545098
8703      0.596078
8704      0.596078
8705      0.709804
8706      0.827451
8707      0.850980
8708      0.874510
8709      0.874510
8710      0.843137
8711      0.792157
8712      0.745098
8713      0.713726
8714      0.694118
8715      0.705882
8716      0.729412
8717      0.745098
8718      0.752941
8719      0.752941
8720      0.749020
8721      0.749020
8722      0.768627
8723      0.760784
8724      0.749020
8725      0.741176
8726      0.725490
8727      0.698039
8728      0.658824
8729      0.631373
8730      0.631373
8731      0.662745
8732      0.690196
8733      0.694118
8734      0.678431
8735      0.670588
8736      0.678431
8737      0.694118
8738      0.745098
8739      0.756863
8740      0.776471
8741      0.780392
8742      0.776471
8743      0.776471
8744      0.784314
8745      0.792157
8746      0.749020
8747      0.721569
8748      0.686275
8749      0.658824
8750      0.647059
8751      0.647059
8752      0.650980
8753      0.650980
8754      0.631373
8755      0.643137
8756      0.658824
8757      0.674510
8758      0.682353
8759      0.694118
8760      0.701961
8761      0.709804
8762      0.717647
8763      0.725490
8764      0.741176
8765      0.768627
8766      0.788235
8767      0.792157
8768      0.776471
8769      0.760784
8770      0.756863
8771      0.760784
8772      0.749020
8773      0.717647
8774      0.678431
8775      0.650980
8776      0.647059
8777      0.654902
8778      0.654902
8779      0.658824
8780      0.682353
8781      0.721569
8782      0.764706
8783      0.780392
8784      0.764706
8785      0.741176
8786      0.749020
8787      0.745098
8788      0.741176
8789      0.733333
8790      0.725490
8791      0.709804
8792      0.686275
8793      0.666667
8794      0.666667
8795      0.709804
8796      0.764706
8797      0.800000
8798      0.800000
8799      0.780392
8800      0.760784
8801      0.752941
8802      0.709804
8803      0.705882
8804      0.698039
8805      0.698039
8806      0.705882
8807      0.709804
8808      0.705882
8809      0.701961
8810      0.686275
8811      0.686275
8812      0.670588
8813      0.662745
8814      0.686275
8815      0.733333
8816      0.760784
8817      0.768627
8818      0.768627
8819      0.768627
8820      0.776471
8821      0.784314
8822      0.784314
8823      0.776471
8824      0.760784
8825      0.749020
8826      0.729412
8827      0.760784
8828      0.784314
8829      0.780392
8830      0.745098
8831      0.713726
8832      0.705882
8833      0.713726
8834      0.678431
8835      0.678431
8836      0.678431
8837      0.674510
8838      0.674510
8839      0.678431
8840      0.698039
8841      0.709804
8842      0.749020
8843      0.756863
8844      0.764706
8845      0.760784
8846      0.749020
8847      0.741176
8848      0.745098
8849      0.752941
8850      0.772549
8851      0.776471
8852      0.784314
8853      0.658824
8854      0.678431
8855      0.705882
8856      0.717647
8857      0.713726
8858      0.694118
8859      0.670588
8860      0.658824
8861      0.580392
8862      0.427451
8863      0.247059
8864      0.184314
8865      0.196078
8866      0.156863
8867      0.125490
8868      0.160784
8869      0.231373
8870      0.200000
8871      0.172549
8872      0.176471
8873      0.200000
8874      0.207843
8875      0.188235
8876      0.160784
8877      0.188235
8878      0.192157
8879      0.192157
8880      0.188235
8881      0.180392
8882      0.184314
8883      0.192157
8884      0.196078
8885      0.239216
8886      0.223529
8887      0.207843
8888      0.211765
8889      0.227451
8890      0.235294
8891      0.223529
8892      0.211765
8893      0.211765
8894      0.215686
8895      0.223529
8896      0.239216
8897      0.250980
8898      0.247059
8899      0.235294
8900      0.223529
8901      0.235294
8902      0.254902
8903      0.270588
8904      0.270588
8905      0.254902
8906      0.239216
8907      0.231373
8908      0.235294
8909      0.231373
8910      0.258824
8911      0.290196
8912      0.305882
8913      0.305882
8914      0.305882
8915      0.309804
8916      0.317647
8917      0.337255
8918      0.313726
8919      0.309804
8920      0.325490
8921      0.341176
8922      0.341176
8923      0.341176
8924      0.345098
8925      0.349020
8926      0.415686
8927      0.411765
8928      0.427451
8929      0.529412
8930      0.584314
8931      0.619608
8932      0.698039
8933      0.792157
8934      0.823529
8935      0.862745
8936      0.878431
8937      0.854902
8938      0.807843
8939      0.756863
8940      0.725490
8941      0.690196
8942      0.705882
8943      0.721569
8944      0.733333
8945      0.737255
8946      0.741176
8947      0.749020
8948      0.756863
8949      0.745098
8950      0.737255
8951      0.733333
8952      0.729412
8953      0.721569
8954      0.701961
8955      0.670588
8956      0.643137
8957      0.639216
8958      0.670588
8959      0.694118
8960      0.694118
8961      0.670588
8962      0.650980
8963      0.658824
8964      0.670588
8965      0.674510
8966      0.713726
8967      0.760784
8968      0.780392
8969      0.776471
8970      0.780392
8971      0.800000
8972      0.819608
8973      0.796078
8974      0.772549
8975      0.729412
8976      0.690196
8977      0.658824
8978      0.643137
8979      0.639216
8980      0.639216
8981      0.643137
8982      0.662745
8983      0.682353
8984      0.690196
8985      0.686275
8986      0.686275
8987      0.698039
8988      0.709804
8989      0.698039
8990      0.701961
8991      0.713726
8992      0.737255
8993      0.760784
8994      0.764706
8995      0.752941
8996      0.737255
8997      0.760784
8998      0.768627
8999      0.760784
9000      0.729412
9001      0.686275
9002      0.650980
9003      0.643137
9004      0.647059
9005      0.666667
9006      0.662745
9007      0.682353
9008      0.733333
9009      0.788235
9010      0.811765
9011      0.788235
9012      0.760784
9013      0.749020
9014      0.745098
9015      0.741176
9016      0.741176
9017      0.729412
9018      0.705882
9019      0.678431
9020      0.654902
9021      0.658824
9022      0.690196
9023      0.737255
9024      0.780392
9025      0.803922
9026      0.796078
9027      0.772549
9028      0.752941
9029      0.733333
9030      0.725490
9031      0.713726
9032      0.709804
9033      0.709804
9034      0.709804
9035      0.705882
9036      0.701961
9037      0.682353
9038      0.682353
9039      0.670588
9040      0.662745
9041      0.686275
9042      0.725490
9043      0.752941
9044      0.752941
9045      0.752941
9046      0.760784
9047      0.768627
9048      0.768627
9049      0.768627
9050      0.764706
9051      0.760784
9052      0.760784
9053      0.717647
9054      0.756863
9055      0.796078
9056      0.796078
9057      0.764706
9058      0.733333
9059      0.725490
9060      0.733333
9061      0.682353
9062      0.678431
9063      0.674510
9064      0.666667
9065      0.662745
9066      0.674510
9067      0.694118
9068      0.713726
9069      0.749020
9070      0.776471
9071      0.800000
9072      0.788235
9073      0.752941
9074      0.725490
9075      0.725490
9076      0.737255
9077      0.788235
9078      0.796078
9079      0.807843
9080      0.674510
9081      0.698039
9082      0.709804
9083      0.705882
9084      0.694118
9085      0.682353
9086      0.658824
9087      0.627451
9088      0.572549
9089      0.533333
9090      0.380392
9091      0.215686
9092      0.176471
9093      0.184314
9094      0.164706
9095      0.152941
9096      0.200000
9097      0.192157
9098      0.176471
9099      0.156863
9100      0.152941
9101      0.164706
9102      0.168627
9103      0.168627
9104      0.192157
9105      0.200000
9106      0.207843
9107      0.200000
9108      0.184314
9109      0.176471
9110      0.180392
9111      0.192157
9112      0.215686
9113      0.215686
9114      0.215686
9115      0.223529
9116      0.227451
9117      0.231373
9118      0.231373
9119      0.231373
9120      0.219608
9121      0.250980
9122      0.254902
9123      0.227451
9124      0.223529
9125      0.247059
9126      0.243137
9127      0.211765
9128      0.227451
9129      0.231373
9130      0.239216
9131      0.243137
9132      0.243137
9133      0.235294
9134      0.227451
9135      0.223529
9136      0.227451
9137      0.243137
9138      0.270588
9139      0.298039
9140      0.321569
9141      0.341176
9142      0.352941
9143      0.356863
9144      0.325490
9145      0.325490
9146      0.317647
9147      0.301961
9148      0.298039
9149      0.313726
9150      0.349020
9151      0.376471
9152      0.352941
9153      0.356863
9154      0.380392
9155      0.419608
9156      0.478431
9157      0.533333
9158      0.580392
9159      0.603922
9160      0.701961
9161      0.780392
9162      0.858824
9163      0.882353
9164      0.850980
9165      0.800000
9166      0.760784
9167      0.741176
9168      0.694118
9169      0.682353
9170      0.686275
9171      0.709804
9172      0.737255
9173      0.749020
9174      0.752941
9175      0.752941
9176      0.725490
9177      0.709804
9178      0.690196
9179      0.686275
9180      0.694118
9181      0.701961
9182      0.701961
9183      0.694118
9184      0.694118
9185      0.694118
9186      0.690196
9187      0.666667
9188      0.643137
9189      0.635294
9190      0.654902
9191      0.670588
9192      0.643137
9193      0.678431
9194      0.713726
9195      0.725490
9196      0.725490
9197      0.741176
9198      0.784314
9199      0.819608
9200      0.843137
9201      0.823529
9202      0.788235
9203      0.745098
9204      0.701961
9205      0.662745
9206      0.635294
9207      0.623529
9208      0.650980
9209      0.662745
9210      0.678431
9211      0.686275
9212      0.690196
9213      0.694118
9214      0.701961
9215      0.705882
9216      0.674510
9217      0.678431
9218      0.694118
9219      0.725490
9220      0.752941
9221      0.760784
9222      0.745098
9223      0.725490
9224      0.729412
9225      0.749020
9226      0.768627
9227      0.760784
9228      0.729412
9229      0.698039
9230      0.682353
9231      0.682353
9232      0.701961
9233      0.682353
9234      0.674510
9235      0.709804
9236      0.768627
9237      0.811765
9238      0.811765
9239      0.796078
9240      0.768627
9241      0.752941
9242      0.729412
9243      0.709804
9244      0.698039
9245      0.690196
9246      0.678431
9247      0.674510
9248      0.666667
9249      0.662745
9250      0.678431
9251      0.725490
9252      0.776471
9253      0.796078
9254      0.776471
9255      0.745098
9256      0.752941
9257      0.752941
9258      0.756863
9259      0.756863
9260      0.749020
9261      0.725490
9262      0.694118
9263      0.670588
9264      0.690196
9265      0.678431
9266      0.666667
9267      0.662745
9268      0.670588
9269      0.694118
9270      0.721569
9271      0.737255
9272      0.733333
9273      0.745098
9274      0.756863
9275      0.768627
9276      0.764706
9277      0.756863
9278      0.745098
9279      0.737255
9280      0.737255
9281      0.756863
9282      0.784314
9283      0.796078
9284      0.792157
9285      0.784314
9286      0.780392
9287      0.784314
9288      0.749020
9289      0.705882
9290      0.662745
9291      0.654902
9292      0.686275
9293      0.713726
9294      0.725490
9295      0.721569
9296      0.756863
9297      0.796078
9298      0.827451
9299      0.811765
9300      0.764706
9301      0.721569
9302      0.713726
9303      0.721569
9304      0.745098
9305      0.784314
9306      0.823529
9307      0.670588
9308      0.698039
9309      0.713726
9310      0.709804
9311      0.701961
9312      0.690196
9313      0.662745
9314      0.631373
9315      0.615686
9316      0.611765
9317      0.537255
9318      0.403922
9319      0.282353
9320      0.192157
9321      0.164706
9322      0.196078
9323      0.176471
9324      0.176471
9325      0.168627
9326      0.156863
9327      0.152941
9328      0.160784
9329      0.168627
9330      0.172549
9331      0.184314
9332      0.188235
9333      0.196078
9334      0.196078
9335      0.192157
9336      0.188235
9337      0.192157
9338      0.192157
9339      0.207843
9340      0.203922
9341      0.200000
9342      0.200000
9343      0.203922
9344      0.207843
9345      0.207843
9346      0.207843
9347      0.243137
9348      0.266667
9349      0.262745
9350      0.231373
9351      0.223529
9352      0.250980
9353      0.258824
9354      0.235294
9355      0.231373
9356      0.239216
9357      0.247059
9358      0.250980
9359      0.254902
9360      0.250980
9361      0.243137
9362      0.239216
9363      0.250980
9364      0.254902
9365      0.262745
9366      0.274510
9367      0.294118
9368      0.309804
9369      0.321569
9370      0.333333
9371      0.301961
9372      0.294118
9373      0.278431
9374      0.258824
9375      0.254902
9376      0.278431
9377      0.321569
9378      0.356863
9379      0.305882
9380      0.309804
9381      0.325490
9382      0.356863
9383      0.403922
9384      0.458824
9385      0.501961
9386      0.529412
9387      0.619608
9388      0.725490
9389      0.843137
9390      0.886275
9391      0.854902
9392      0.803922
9393      0.764706
9394      0.745098
9395      0.701961
9396      0.690196
9397      0.698039
9398      0.729412
9399      0.756863
9400      0.764706
9401      0.760784
9402      0.760784
9403      0.737255
9404      0.721569
9405      0.701961
9406      0.694118
9407      0.701961
9408      0.713726
9409      0.729412
9410      0.733333
9411      0.737255
9412      0.717647
9413      0.686275
9414      0.658824
9415      0.643137
9416      0.650980
9417      0.662745
9418      0.674510
9419      0.670588
9420      0.694118
9421      0.709804
9422      0.709804
9423      0.698039
9424      0.709804
9425      0.749020
9426      0.784314
9427      0.843137
9428      0.831373
9429      0.803922
9430      0.768627
9431      0.725490
9432      0.682353
9433      0.650980
9434      0.631373
9435      0.643137
9436      0.647059
9437      0.654902
9438      0.666667
9439      0.678431
9440      0.686275
9441      0.690196
9442      0.694118
9443      0.678431
9444      0.678431
9445      0.690196
9446      0.713726
9447      0.745098
9448      0.752941
9449      0.737255
9450      0.721569
9451      0.701961
9452      0.721569
9453      0.745098
9454      0.752941
9455      0.749020
9456      0.737255
9457      0.729412
9458      0.725490
9459      0.713726
9460      0.686275
9461      0.674510
9462      0.705882
9463      0.768627
9464      0.811765
9465      0.811765
9466      0.796078
9467      0.815686
9468      0.788235
9469      0.737255
9470      0.686275
9471      0.650980
9472      0.647059
9473      0.670588
9474      0.694118
9475      0.670588
9476      0.658824
9477      0.654902
9478      0.682353
9479      0.729412
9480      0.760784
9481      0.764706
9482      0.756863
9483      0.776471
9484      0.780392
9485      0.788235
9486      0.792157
9487      0.780392
9488      0.749020
9489      0.709804
9490      0.678431
9491      0.682353
9492      0.674510
9493      0.666667
9494      0.658824
9495      0.666667
9496      0.678431
9497      0.694118
9498      0.705882
9499      0.729412
9500      0.737255
9501      0.749020
9502      0.752941
9503      0.745098
9504      0.737255
9505      0.729412
9506      0.725490
9507      0.717647
9508      0.737255
9509      0.760784
9510      0.776471
9511      0.784314
9512      0.788235
9513      0.796078
9514      0.803922
9515      0.772549
9516      0.737255
9517      0.690196
9518      0.666667
9519      0.670588
9520      0.686275
9521      0.698039
9522      0.701961
9523      0.737255
9524      0.772549
9525      0.811765
9526      0.811765
9527      0.780392
9528      0.745098
9529      0.729412
9530      0.729412
9531      0.737255
9532      0.760784
9533      0.788235
9534      0.670588
9535      0.698039
9536      0.713726
9537      0.713726
9538      0.709804
9539      0.701961
9540      0.674510
9541      0.647059
9542      0.635294
9543      0.635294
9544      0.623529
9545      0.564706
9546      0.431373
9547      0.282353
9548      0.207843
9549      0.203922
9550      0.149020
9551      0.152941
9552      0.156863
9553      0.160784
9554      0.160784
9555      0.160784
9556      0.172549
9557      0.180392
9558      0.164706
9559      0.168627
9560      0.176471
9561      0.188235
9562      0.200000
9563      0.203922
9564      0.196078
9565      0.188235
9566      0.211765
9567      0.203922
9568      0.192157
9569      0.188235
9570      0.196078
9571      0.200000
9572      0.200000
9573      0.196078
9574      0.239216
9575      0.258824
9576      0.250980
9577      0.219608
9578      0.215686
9579      0.250980
9580      0.270588
9581      0.262745
9582      0.239216
9583      0.243137
9584      0.250980
9585      0.262745
9586      0.266667
9587      0.266667
9588      0.266667
9589      0.262745
9590      0.266667
9591      0.258824
9592      0.254902
9593      0.250980
9594      0.254902
9595      0.270588
9596      0.282353
9597      0.294118
9598      0.282353
9599      0.270588
9600      0.250980
9601      0.227451
9602      0.219608
9603      0.247059
9604      0.294118
9605      0.333333
9606      0.298039
9607      0.301961
9608      0.313726
9609      0.337255
9610      0.372549
9611      0.415686
9612      0.454902
9613      0.478431
9614      0.521569
9615      0.658824
9616      0.811765
9617      0.882353
9618      0.866667
9619      0.823529
9620      0.780392
9621      0.752941
9622      0.694118
9623      0.682353
9624      0.694118
9625      0.733333
9626      0.756863
9627      0.745098
9628      0.733333
9629      0.729412
9630      0.737255
9631      0.729412
9632      0.713726
9633      0.701961
9634      0.698039
9635      0.709804
9636      0.733333
9637      0.752941
9638      0.756863
9639      0.725490
9640      0.682353
9641      0.654902
9642      0.650980
9643      0.662745
9644      0.678431
9645      0.682353
9646      0.713726
9647      0.721569
9648      0.721569
9649      0.705882
9650      0.694118
9651      0.698039
9652      0.725490
9653      0.752941
9654      0.831373
9655      0.823529
9656      0.807843
9657      0.784314
9658      0.752941
9659      0.713726
9660      0.682353
9661      0.662745
9662      0.647059
9663      0.635294
9664      0.627451
9665      0.635294
9666      0.654902
9667      0.674510
9668      0.678431
9669      0.674510
9670      0.682353
9671      0.674510
9672      0.678431
9673      0.701961
9674      0.733333
9675      0.745098
9676      0.737255
9677      0.717647
9678      0.678431
9679      0.686275
9680      0.705882
9681      0.733333
9682      0.760784
9683      0.776471
9684      0.780392
9685      0.780392
9686      0.725490
9687      0.694118
9688      0.670588
9689      0.694118
9690      0.749020
9691      0.788235
9692      0.788235
9693      0.768627
9694      0.831373
9695      0.819608
9696      0.780392
9697      0.713726
9698      0.650980
9699      0.635294
9700      0.666667
9701      0.705882
9702      0.674510
9703      0.654902
9704      0.639216
9705      0.639216
9706      0.662745
9707      0.701961
9708      0.737255
9709      0.756863
9710      0.788235
9711      0.803922
9712      0.819608
9713      0.835294
9714      0.823529
9715      0.788235
9716      0.737255
9717      0.701961
9718      0.686275
9719      0.682353
9720      0.674510
9721      0.666667
9722      0.670588
9723      0.682353
9724      0.694118
9725      0.701961
9726      0.733333
9727      0.737255
9728      0.737255
9729      0.733333
9730      0.721569
9731      0.713726
9732      0.713726
9733      0.717647
9734      0.717647
9735      0.729412
9736      0.745098
9737      0.756863
9738      0.764706
9739      0.776471
9740      0.792157
9741      0.803922
9742      0.800000
9743      0.780392
9744      0.745098
9745      0.709804
9746      0.682353
9747      0.674510
9748      0.682353
9749      0.690196
9750      0.729412
9751      0.760784
9752      0.800000
9753      0.819608
9754      0.811765
9755      0.780392
9756      0.752941
9757      0.733333
9758      0.737255
9759      0.741176
9760      0.745098
9761      0.682353
9762      0.701961
9763      0.713726
9764      0.705882
9765      0.701961
9766      0.705882
9767      0.690196
9768      0.670588
9769      0.643137
9770      0.611765
9771      0.611765
9772      0.615686
9773      0.576471
9774      0.482353
9775      0.337255
9776      0.207843
9777      0.145098
9778      0.141176
9779      0.149020
9780      0.164706
9781      0.168627
9782      0.168627
9783      0.180392
9784      0.196078
9785      0.156863
9786      0.156863
9787      0.164706
9788      0.188235
9789      0.207843
9790      0.215686
9791      0.200000
9792      0.184314
9793      0.223529
9794      0.207843
9795      0.196078
9796      0.196078
9797      0.207843
9798      0.215686
9799      0.215686
9800      0.211765
9801      0.203922
9802      0.223529
9803      0.223529
9804      0.207843
9805      0.207843
9806      0.235294
9807      0.262745
9808      0.266667
9809      0.239216
9810      0.243137
9811      0.254902
9812      0.262745
9813      0.270588
9814      0.274510
9815      0.274510
9816      0.274510
9817      0.258824
9818      0.250980
9819      0.247059
9820      0.239216
9821      0.239216
9822      0.247059
9823      0.250980
9824      0.258824
9825      0.282353
9826      0.274510
9827      0.254902
9828      0.231373
9829      0.219608
9830      0.235294
9831      0.270588
9832      0.301961
9833      0.317647
9834      0.325490
9835      0.345098
9836      0.364706
9837      0.388235
9838      0.415686
9839      0.447059
9840      0.462745
9841      0.462745
9842      0.603922
9843      0.764706
9844      0.858824
9845      0.882353
9846      0.870588
9847      0.823529
9848      0.776471
9849      0.717647
9850      0.698039
9851      0.705882
9852      0.741176
9853      0.752941
9854      0.721569
9855      0.694118
9856      0.690196
9857      0.717647
9858      0.717647
9859      0.713726
9860      0.701961
9861      0.690196
9862      0.694118
9863      0.713726
9864      0.733333
9865      0.737255
9866      0.725490
9867      0.705882
9868      0.686275
9869      0.674510
9870      0.678431
9871      0.686275
9872      0.694118
9873      0.737255
9874      0.741176
9875      0.741176
9876      0.733333
9877      0.725490
9878      0.725490
9879      0.741176
9880      0.752941
9881      0.800000
9882      0.796078
9883      0.788235
9884      0.776471
9885      0.760784
9886      0.745098
9887      0.729412
9888      0.721569
9889      0.682353
9890      0.650980
9891      0.619608
9892      0.611765
9893      0.635294
9894      0.658824
9895      0.670588
9896      0.670588
9897      0.678431
9898      0.662745
9899      0.658824
9900      0.686275
9901      0.721569
9902      0.745098
9903      0.741176
9904      0.725490
9905      0.682353
9906      0.670588
9907      0.670588
9908      0.698039
9909      0.745098
9910      0.784314
9911      0.807843
9912      0.811765
9913      0.745098
9914      0.713726
9915      0.682353
9916      0.694118
9917      0.729412
9918      0.756863
9919      0.749020
9920      0.733333
9921      0.784314
9922      0.815686
9923      0.831373
9924      0.792157
9925      0.721569
9926      0.674510
9927      0.678431
9928      0.701961
9929      0.694118
9930      0.670588
9931      0.639216
9932      0.615686
9933      0.619608
9934      0.654902
9935      0.701961
9936      0.737255
9937      0.768627
9938      0.788235
9939      0.819608
9940      0.847059
9941      0.850980
9942      0.823529
9943      0.776471
9944      0.745098
9945      0.717647
9946      0.709804
9947      0.694118
9948      0.686275
9949      0.686275
9950      0.698039
9951      0.713726
9952      0.725490
9953      0.741176
9954      0.741176
9955      0.737255
9956      0.721569
9957      0.701961
9958      0.694118
9959      0.701961
9960      0.713726
9961      0.749020
9962      0.752941
9963      0.752941
9964      0.752941
9965      0.752941
9966      0.760784
9967      0.768627
9968      0.772549
9969      0.800000
9970      0.807843
9971      0.800000
9972      0.772549
9973      0.729412
9974      0.698039
9975      0.686275
9976      0.686275
9977      0.733333
9978      0.752941
9979      0.788235
9980      0.819608
9981      0.831373
9982      0.811765
9983      0.772549
9984      0.741176
9985      0.749020
9986      0.737255
9987      0.725490
9988      0.701961
9989      0.709804
9990      0.709804
9991      0.694118
9992      0.690196
9993      0.701961
9994      0.701961
9995      0.690196
9996      0.670588
9997      0.635294
9998      0.631373
9999      0.643137
10000     0.654902
10001     0.650980
10002     0.494118
10003     0.254902
10004     0.168627
10005     0.149020
10006     0.145098
10007     0.164706
10008     0.176471
10009     0.176471
10010     0.188235
10011     0.207843
10012     0.172549
10013     0.172549
10014     0.180392
10015     0.200000
10016     0.223529
10017     0.227451
10018     0.211765
10019     0.196078
10020     0.219608
10021     0.203922
10022     0.192157
10023     0.200000
10024     0.219608
10025     0.235294
10026     0.231373
10027     0.223529
10028     0.188235
10029     0.211765
10030     0.223529
10031     0.211765
10032     0.203922
10033     0.215686
10034     0.235294
10035     0.247059
10036     0.239216
10037     0.243137
10038     0.250980
10039     0.258824
10040     0.262745
10041     0.266667
10042     0.270588
10043     0.270588
10044     0.231373
10045     0.235294
10046     0.243137
10047     0.247059
10048     0.250980
10049     0.247059
10050     0.239216
10051     0.235294
10052     0.274510
10053     0.274510
10054     0.270588
10055     0.254902
10056     0.235294
10057     0.231373
10058     0.247059
10059     0.262745
10060     0.298039
10061     0.317647
10062     0.341176
10063     0.364706
10064     0.384314
10065     0.403922
10066     0.427451
10067     0.443137
10068     0.443137
10069     0.556863
10070     0.690196
10071     0.796078
10072     0.878431
10073     0.921569
10074     0.898039
10075     0.839216
10076     0.784314
10077     0.749020
10078     0.745098
10079     0.768627
10080     0.760784
10081     0.709804
10082     0.674510
10083     0.670588
10084     0.674510
10085     0.686275
10086     0.701961
10087     0.705882
10088     0.701961
10089     0.701961
10090     0.713726
10091     0.725490
10092     0.725490
10093     0.752941
10094     0.772549
10095     0.760784
10096     0.725490
10097     0.694118
10098     0.690196
10099     0.694118
10100     0.721569
10101     0.729412
10102     0.745098
10103     0.752941
10104     0.760784
10105     0.760784
10106     0.760784
10107     0.760784
10108     0.752941
10109     0.749020
10110     0.745098
10111     0.741176
10112     0.745098
10113     0.756863
10114     0.768627
10115     0.776471
10116     0.733333
10117     0.690196
10118     0.639216
10119     0.615686
10120     0.627451
10121     0.654902
10122     0.670588
10123     0.674510
10124     0.666667
10125     0.650980
10126     0.647059
10127     0.674510
10128     0.721569
10129     0.752941
10130     0.749020
10131     0.733333
10132     0.705882
10133     0.674510
10134     0.650980
10135     0.662745
10136     0.709804
10137     0.760784
10138     0.792157
10139     0.800000
10140     0.792157
10141     0.764706
10142     0.737255
10143     0.729412
10144     0.741176
10145     0.745098
10146     0.737255
10147     0.725490
10148     0.729412
10149     0.788235
10150     0.843137
10151     0.839216
10152     0.780392
10153     0.725490
10154     0.705882
10155     0.713726
10156     0.717647
10157     0.698039
10158     0.662745
10159     0.627451
10160     0.611765
10161     0.627451
10162     0.662745
10163     0.694118
10164     0.717647
10165     0.741176
10166     0.780392
10167     0.819608
10168     0.843137
10169     0.835294
10170     0.811765
10171     0.788235
10172     0.772549
10173     0.752941
10174     0.725490
10175     0.701961
10176     0.694118
10177     0.701961
10178     0.717647
10179     0.729412
10180     0.749020
10181     0.749020
10182     0.745098
10183     0.721569
10184     0.698039
10185     0.690196
10186     0.701961
10187     0.721569
10188     0.768627
10189     0.764706
10190     0.756863
10191     0.752941
10192     0.752941
10193     0.752941
10194     0.749020
10195     0.749020
10196     0.756863
10197     0.780392
10198     0.800000
10199     0.796078
10200     0.768627
10201     0.733333
10202     0.701961
10203     0.686275
10204     0.709804
10205     0.721569
10206     0.749020
10207     0.792157
10208     0.823529
10209     0.823529
10210     0.796078
10211     0.768627
10212     0.768627
10213     0.749020
10214     0.725490
10215     0.709804
10216     0.713726
10217     0.705882
10218     0.690196
10219     0.686275
10220     0.701961
10221     0.701961
10222     0.694118
10223     0.686275
10224     0.674510
10225     0.690196
10226     0.666667
10227     0.639216
10228     0.670588
10229     0.572549
10230     0.345098
10231     0.219608
10232     0.164706
10233     0.133333
10234     0.152941
10235     0.180392
10236     0.184314
10237     0.192157
10238     0.211765
10239     0.200000
10240     0.203922
10241     0.207843
10242     0.219608
10243     0.227451
10244     0.227451
10245     0.219608
10246     0.211765
10247     0.196078
10248     0.184314
10249     0.176471
10250     0.192157
10251     0.219608
10252     0.231373
10253     0.223529
10254     0.207843
10255     0.207843
10256     0.223529
10257     0.235294
10258     0.223529
10259     0.203922
10260     0.200000
10261     0.215686
10262     0.231373
10263     0.247059
10264     0.247059
10265     0.247059
10266     0.250980
10267     0.254902
10268     0.254902
10269     0.258824
10270     0.258824
10271     0.211765
10272     0.223529
10273     0.247059
10274     0.262745
10275     0.266667
10276     0.258824
10277     0.243137
10278     0.235294
10279     0.254902
10280     0.266667
10281     0.270588
10282     0.262745
10283     0.243137
10284     0.227451
10285     0.227451
10286     0.231373
10287     0.266667
10288     0.286275
10289     0.313726
10290     0.333333
10291     0.352941
10292     0.380392
10293     0.411765
10294     0.439216
10295     0.450980
10296     0.525490
10297     0.611765
10298     0.701961
10299     0.819608
10300     0.925490
10301     0.945098
10302     0.901961
10303     0.839216
10304     0.784314
10305     0.756863
10306     0.768627
10307     0.749020
10308     0.682353
10309     0.643137
10310     0.647059
10311     0.643137
10312     0.662745
10313     0.686275
10314     0.705882
10315     0.721569
10316     0.729412
10317     0.737255
10318     0.741176
10319     0.725490
10320     0.784314
10321     0.843137
10322     0.843137
10323     0.792157
10324     0.725490
10325     0.694118
10326     0.682353
10327     0.694118
10328     0.701961
10329     0.721569
10330     0.749020
10331     0.768627
10332     0.772549
10333     0.764706
10334     0.752941
10335     0.721569
10336     0.717647
10337     0.713726
10338     0.717647
10339     0.729412
10340     0.752941
10341     0.776471
10342     0.788235
10343     0.760784
10344     0.725490
10345     0.678431
10346     0.650980
10347     0.650980
10348     0.662745
10349     0.674510
10350     0.678431
10351     0.666667
10352     0.647059
10353     0.643137
10354     0.674510
10355     0.725490
10356     0.756863
10357     0.752941
10358     0.733333
10359     0.717647
10360     0.682353
10361     0.650980
10362     0.650980
10363     0.682353
10364     0.725490
10365     0.756863
10366     0.772549
10367     0.827451
10368     0.819608
10369     0.800000
10370     0.780392
10371     0.760784
10372     0.749020
10373     0.741176
10374     0.737255
10375     0.713726
10376     0.760784
10377     0.811765
10378     0.819608
10379     0.788235
10380     0.752941
10381     0.741176
10382     0.745098
10383     0.745098
10384     0.721569
10385     0.682353
10386     0.643137
10387     0.619608
10388     0.619608
10389     0.639216
10390     0.658824
10391     0.678431
10392     0.694118
10393     0.725490
10394     0.768627
10395     0.800000
10396     0.819608
10397     0.815686
10398     0.811765
10399     0.811765
10400     0.788235
10401     0.752941
10402     0.717647
10403     0.698039
10404     0.690196
10405     0.698039
10406     0.701961
10407     0.749020
10408     0.756863
10409     0.752941
10410     0.725490
10411     0.698039
10412     0.690196
10413     0.705882
10414     0.725490
10415     0.752941
10416     0.752941
10417     0.752941
10418     0.756863
10419     0.760784
10420     0.756863
10421     0.745098
10422     0.733333
10423     0.701961
10424     0.709804
10425     0.725490
10426     0.745098
10427     0.752941
10428     0.737255
10429     0.709804
10430     0.682353
10431     0.682353
10432     0.686275
10433     0.705882
10434     0.745098
10435     0.792157
10436     0.815686
10437     0.811765
10438     0.800000
10439     0.768627
10440     0.752941
10441     0.733333
10442     0.701961
10443     0.713726
10444     0.713726
10445     0.698039
10446     0.694118
10447     0.701961
10448     0.694118
10449     0.678431
10450     0.694118
10451     0.670588
10452     0.701961
10453     0.682353
10454     0.611765
10455     0.639216
10456     0.607843
10457     0.443137
10458     0.266667
10459     0.184314
10460     0.121569
10461     0.137255
10462     0.172549
10463     0.180392
10464     0.188235
10465     0.207843
10466     0.211765
10467     0.215686
10468     0.219608
10469     0.215686
10470     0.207843
10471     0.200000
10472     0.200000
10473     0.200000
10474     0.184314
10475     0.168627
10476     0.164706
10477     0.184314
10478     0.211765
10479     0.219608
10480     0.203922
10481     0.180392
10482     0.215686
10483     0.223529
10484     0.227451
10485     0.215686
10486     0.196078
10487     0.192157
10488     0.219608
10489     0.247059
10490     0.258824
10491     0.254902
10492     0.250980
10493     0.247059
10494     0.247059
10495     0.247059
10496     0.247059
10497     0.247059
10498     0.215686
10499     0.231373
10500     0.254902
10501     0.270588
10502     0.278431
10503     0.270588
10504     0.258824
10505     0.247059
10506     0.235294
10507     0.250980
10508     0.262745
10509     0.258824
10510     0.243137
10511     0.227451
10512     0.223529
10513     0.227451
10514     0.239216
10515     0.254902
10516     0.270588
10517     0.286275
10518     0.305882
10519     0.349020
10520     0.407843
10521     0.450980
10522     0.490196
10523     0.533333
10524     0.564706
10525     0.607843
10526     0.713726
10527     0.858824
10528     0.929412
10529     0.921569
10530     0.870588
10531     0.803922
10532     0.760784
10533     0.760784
10534     0.729412
10535     0.658824
10536     0.623529
10537     0.635294
10538     0.654902
10539     0.658824
10540     0.674510
10541     0.694118
10542     0.717647
10543     0.733333
10544     0.737255
10545     0.737255
10546     0.713726
10547     0.776471
10548     0.850980
10549     0.878431
10550     0.839216
10551     0.768627
10552     0.709804
10553     0.678431
10554     0.686275
10555     0.690196
10556     0.701961
10557     0.725490
10558     0.752941
10559     0.760784
10560     0.752941
10561     0.741176
10562     0.709804
10563     0.709804
10564     0.705882
10565     0.709804
10566     0.721569
10567     0.737255
10568     0.752941
10569     0.760784
10570     0.752941
10571     0.741176
10572     0.721569
10573     0.701961
10574     0.686275
10575     0.682353
10576     0.682353
10577     0.682353
10578     0.678431
10579     0.654902
10580     0.647059
10581     0.678431
10582     0.729412
10583     0.756863
10584     0.741176
10585     0.717647
10586     0.701961
10587     0.682353
10588     0.658824
10589     0.658824
10590     0.678431
10591     0.709804
10592     0.733333
10593     0.745098
10594     0.807843
10595     0.819608
10596     0.819608
10597     0.796078
10598     0.752941
10599     0.725490
10600     0.725490
10601     0.733333
10602     0.733333
10603     0.756863
10604     0.788235
10605     0.803922
10606     0.800000
10607     0.780392
10608     0.768627
10609     0.760784
10610     0.760784
10611     0.733333
10612     0.690196
10613     0.650980
10614     0.627451
10615     0.623529
10616     0.631373
10617     0.639216
10618     0.662745
10619     0.670588
10620     0.686275
10621     0.713726
10622     0.752941
10623     0.784314
10624     0.800000
10625     0.807843
10626     0.811765
10627     0.796078
10628     0.772549
10629     0.745098
10630     0.721569
10631     0.705882
10632     0.698039
10633     0.694118
10634     0.745098
10635     0.756863
10636     0.752941
10637     0.733333
10638     0.701961
10639     0.690196
10640     0.709804
10641     0.729412
10642     0.737255
10643     0.737255
10644     0.749020
10645     0.760784
10646     0.768627
10647     0.756863
10648     0.733333
10649     0.709804
10650     0.670588
10651     0.643137
10652     0.627451
10653     0.650980
10654     0.694118
10655     0.725490
10656     0.717647
10657     0.698039
10658     0.701961
10659     0.694118
10660     0.694118
10661     0.717647
10662     0.756863
10663     0.796078
10664     0.811765
10665     0.815686
10666     0.752941
10667     0.741176
10668     0.729412
10669     0.690196
10670     0.709804
10671     0.717647
10672     0.709804
10673     0.705882
10674     0.701961
10675     0.686275
10676     0.662745
10677     0.717647
10678     0.643137
10679     0.678431
10680     0.694118
10681     0.631373
10682     0.650980
10683     0.647059
10684     0.529412
10685     0.294118
10686     0.192157
10687     0.113725
10688     0.125490
10689     0.164706
10690     0.176471
10691     0.184314
10692     0.200000
10693     0.203922
10694     0.211765
10695     0.215686
10696     0.200000
10697     0.180392
10698     0.168627
10699     0.172549
10700     0.180392
10701     0.180392
10702     0.168627
10703     0.164706
10704     0.184314
10705     0.207843
10706     0.211765
10707     0.188235
10708     0.160784
10709     0.200000
10710     0.203922
10711     0.203922
10712     0.196078
10713     0.184314
10714     0.192157
10715     0.231373
10716     0.278431
10717     0.266667
10718     0.262745
10719     0.254902
10720     0.250980
10721     0.243137
10722     0.239216
10723     0.239216
10724     0.239216
10725     0.227451
10726     0.239216
10727     0.258824
10728     0.274510
10729     0.282353
10730     0.274510
10731     0.266667
10732     0.258824
10733     0.231373
10734     0.247059
10735     0.258824
10736     0.258824
10737     0.243137
10738     0.235294
10739     0.235294
10740     0.243137
10741     0.215686
10742     0.219608
10743     0.227451
10744     0.235294
10745     0.258824
10746     0.317647
10747     0.396078
10748     0.454902
10749     0.529412
10750     0.556863
10751     0.552941
10752     0.549020
10753     0.631373
10754     0.784314
10755     0.886275
10756     0.905882
10757     0.905882
10758     0.827451
10759     0.776471
10760     0.772549
10761     0.737255
10762     0.666667
10763     0.635294
10764     0.654902
10765     0.678431
10766     0.670588
10767     0.666667
10768     0.678431
10769     0.701961
10770     0.717647
10771     0.717647
10772     0.709804
10773     0.682353
10774     0.745098
10775     0.827451
10776     0.874510
10777     0.862745
10778     0.800000
10779     0.729412
10780     0.682353
10781     0.701961
10782     0.694118
10783     0.694118
10784     0.713726
10785     0.737255
10786     0.752941
10787     0.745098
10788     0.733333
10789     0.713726
10790     0.713726
10791     0.713726
10792     0.717647
10793     0.717647
10794     0.721569
10795     0.725490
10796     0.729412
10797     0.733333
10798     0.741176
10799     0.745098
10800     0.737255
10801     0.717647
10802     0.698039
10803     0.686275
10804     0.682353
10805     0.690196
10806     0.666667
10807     0.654902
10808     0.686275
10809     0.733333
10810     0.752941
10811     0.733333
10812     0.701961
10813     0.682353
10814     0.674510
10815     0.666667
10816     0.670588
10817     0.686275
10818     0.705882
10819     0.721569
10820     0.729412
10821     0.764706
10822     0.792157
10823     0.803922
10824     0.776471
10825     0.725490
10826     0.690196
10827     0.694118
10828     0.709804
10829     0.749020
10830     0.764706
10831     0.792157
10832     0.815686
10833     0.823529
10834     0.807843
10835     0.780392
10836     0.756863
10837     0.772549
10838     0.737255
10839     0.686275
10840     0.647059
10841     0.631373
10842     0.631373
10843     0.635294
10844     0.639216
10845     0.666667
10846     0.662745
10847     0.666667
10848     0.682353
10849     0.717647
10850     0.756863
10851     0.784314
10852     0.800000
10853     0.792157
10854     0.788235
10855     0.780392
10856     0.768627
10857     0.752941
10858     0.733333
10859     0.717647
10860     0.709804
10861     0.741176
10862     0.752941
10863     0.752941
10864     0.733333
10865     0.701961
10866     0.690196
10867     0.705882
10868     0.729412
10869     0.729412
10870     0.733333
10871     0.749020
10872     0.764706
10873     0.768627
10874     0.749020
10875     0.713726
10876     0.686275
10877     0.670588
10878     0.611765
10879     0.560784
10880     0.576471
10881     0.647059
10882     0.709804
10883     0.729412
10884     0.717647
10885     0.745098
10886     0.729412
10887     0.713726
10888     0.717647
10889     0.745098
10890     0.780392
10891     0.803922
10892     0.819608
10893     0.733333
10894     0.729412
10895     0.725490
10896     0.650980
10897     0.670588
10898     0.698039
10899     0.713726
10900     0.709804
10901     0.698039
10902     0.686275
10903     0.678431
10904     0.713726
10905     0.662745
10906     0.670588
10907     0.690196
10908     0.643137
10909     0.611765
10910     0.627451
10911     0.643137
10912     0.419608
10913     0.211765
10914     0.074510
10915     0.125490
10916     0.188235
10917     0.160784
10918     0.145098
10919     0.180392
10920     0.156863
10921     0.156863
10922     0.176471
10923     0.203922
10924     0.203922
10925     0.176471
10926     0.172549
10927     0.192157
10928     0.176471
10929     0.176471
10930     0.172549
10931     0.172549
10932     0.192157
10933     0.207843
10934     0.188235
10935     0.160784
10936     0.160784
10937     0.215686
10938     0.235294
10939     0.196078
10940     0.176471
10941     0.215686
10942     0.262745
10943     0.274510
10944     0.274510
10945     0.274510
10946     0.262745
10947     0.243137
10948     0.247059
10949     0.258824
10950     0.250980
10951     0.235294
10952     0.254902
10953     0.243137
10954     0.250980
10955     0.274510
10956     0.286275
10957     0.270588
10958     0.262745
10959     0.270588
10960     0.270588
10961     0.258824
10962     0.250980
10963     0.250980
10964     0.247059
10965     0.231373
10966     0.207843
10967     0.188235
10968     0.184314
10969     0.215686
10970     0.247059
10971     0.254902
10972     0.266667
10973     0.321569
10974     0.419608
10975     0.498039
10976     0.521569
10977     0.537255
10978     0.580392
10979     0.603922
10980     0.596078
10981     0.623529
10982     0.752941
10983     0.894118
10984     0.894118
10985     0.886275
10986     0.835294
10987     0.756863
10988     0.717647
10989     0.709804
10990     0.674510
10991     0.623529
10992     0.650980
10993     0.662745
10994     0.678431
10995     0.705882
10996     0.721569
10997     0.717647
10998     0.690196
10999     0.666667
11000     0.654902
11001     0.694118
11002     0.760784
11003     0.811765
11004     0.827451
11005     0.796078
11006     0.737255
11007     0.694118
11008     0.698039
11009     0.690196
11010     0.686275
11011     0.705882
11012     0.733333
11013     0.756863
11014     0.764706
11015     0.764706
11016     0.756863
11017     0.749020
11018     0.737255
11019     0.733333
11020     0.729412
11021     0.729412
11022     0.721569
11023     0.717647
11024     0.729412
11025     0.725490
11026     0.737255
11027     0.756863
11028     0.768627
11029     0.745098
11030     0.694118
11031     0.647059
11032     0.662745
11033     0.658824
11034     0.670588
11035     0.705882
11036     0.741176
11037     0.749020
11038     0.721569
11039     0.694118
11040     0.686275
11041     0.686275
11042     0.690196
11043     0.698039
11044     0.709804
11045     0.725490
11046     0.741176
11047     0.749020
11048     0.756863
11049     0.764706
11050     0.760784
11051     0.741176
11052     0.717647
11053     0.698039
11054     0.698039
11055     0.701961
11056     0.717647
11057     0.737255
11058     0.772549
11059     0.803922
11060     0.823529
11061     0.815686
11062     0.788235
11063     0.768627
11064     0.788235
11065     0.768627
11066     0.733333
11067     0.682353
11068     0.643137
11069     0.627451
11070     0.639216
11071     0.650980
11072     0.686275
11073     0.662745
11074     0.643137
11075     0.654902
11076     0.698039
11077     0.741176
11078     0.764706
11079     0.768627
11080     0.764706
11081     0.768627
11082     0.772549
11083     0.772549
11084     0.768627
11085     0.756863
11086     0.745098
11087     0.737255
11088     0.749020
11089     0.756863
11090     0.756863
11091     0.741176
11092     0.721569
11093     0.713726
11094     0.733333
11095     0.749020
11096     0.745098
11097     0.752941
11098     0.756863
11099     0.760784
11100     0.749020
11101     0.725490
11102     0.701961
11103     0.686275
11104     0.650980
11105     0.650980
11106     0.635294
11107     0.611765
11108     0.607843
11109     0.650980
11110     0.721569
11111     0.780392
11112     0.784314
11113     0.784314
11114     0.756863
11115     0.729412
11116     0.756863
11117     0.811765
11118     0.811765
11119     0.776471
11120     0.717647
11121     0.709804
11122     0.698039
11123     0.647059
11124     0.658824
11125     0.674510
11126     0.686275
11127     0.686275
11128     0.686275
11129     0.690196
11130     0.690196
11131     0.690196
11132     0.650980
11133     0.666667
11134     0.678431
11135     0.623529
11136     0.584314
11137     0.603922
11138     0.619608
11139     0.498039
11140     0.317647
11141     0.164706
11142     0.145098
11143     0.168627
11144     0.152941
11145     0.137255
11146     0.152941
11147     0.160784
11148     0.164706
11149     0.188235
11150     0.215686
11151     0.211765
11152     0.184314
11153     0.176471
11154     0.184314
11155     0.192157
11156     0.192157
11157     0.184314
11158     0.184314
11159     0.200000
11160     0.215686
11161     0.200000
11162     0.172549
11163     0.172549
11164     0.227451
11165     0.243137
11166     0.200000
11167     0.172549
11168     0.196078
11169     0.231373
11170     0.247059
11171     0.250980
11172     0.254902
11173     0.247059
11174     0.231373
11175     0.239216
11176     0.258824
11177     0.266667
11178     0.258824
11179     0.243137
11180     0.247059
11181     0.254902
11182     0.262745
11183     0.270588
11184     0.278431
11185     0.278431
11186     0.274510
11187     0.266667
11188     0.258824
11189     0.250980
11190     0.247059
11191     0.247059
11192     0.235294
11193     0.219608
11194     0.203922
11195     0.184314
11196     0.219608
11197     0.274510
11198     0.317647
11199     0.352941
11200     0.384314
11201     0.423529
11202     0.447059
11203     0.494118
11204     0.509804
11205     0.549020
11206     0.576471
11207     0.568627
11208     0.580392
11209     0.662745
11210     0.764706
11211     0.858824
11212     0.886275
11213     0.870588
11214     0.803922
11215     0.741176
11216     0.713726
11217     0.670588
11218     0.627451
11219     0.662745
11220     0.666667
11221     0.674510
11222     0.690196
11223     0.705882
11224     0.705882
11225     0.690196
11226     0.678431
11227     0.647059
11228     0.674510
11229     0.717647
11230     0.768627
11231     0.800000
11232     0.800000
11233     0.772549
11234     0.745098
11235     0.717647
11236     0.705882
11237     0.701961
11238     0.717647
11239     0.741176
11240     0.756863
11241     0.760784
11242     0.752941
11243     0.756863
11244     0.745098
11245     0.733333
11246     0.725490
11247     0.725490
11248     0.725490
11249     0.725490
11250     0.725490
11251     0.721569
11252     0.721569
11253     0.733333
11254     0.752941
11255     0.768627
11256     0.756863
11257     0.717647
11258     0.686275
11259     0.670588
11260     0.666667
11261     0.674510
11262     0.705882
11263     0.741176
11264     0.752941
11265     0.729412
11266     0.705882
11267     0.690196
11268     0.690196
11269     0.694118
11270     0.701961
11271     0.713726
11272     0.733333
11273     0.749020
11274     0.760784
11275     0.752941
11276     0.752941
11277     0.745098
11278     0.733333
11279     0.709804
11280     0.694118
11281     0.682353
11282     0.682353
11283     0.701961
11284     0.717647
11285     0.745098
11286     0.776471
11287     0.796078
11288     0.792157
11289     0.776471
11290     0.756863
11291     0.784314
11292     0.768627
11293     0.737255
11294     0.694118
11295     0.654902
11296     0.639216
11297     0.643137
11298     0.650980
11299     0.694118
11300     0.674510
11301     0.654902
11302     0.666667
11303     0.698039
11304     0.729412
11305     0.745098
11306     0.741176
11307     0.745098
11308     0.752941
11309     0.760784
11310     0.764706
11311     0.768627
11312     0.760784
11313     0.752941
11314     0.749020
11315     0.737255
11316     0.745098
11317     0.749020
11318     0.745098
11319     0.737255
11320     0.737255
11321     0.745098
11322     0.752941
11323     0.756863
11324     0.764706
11325     0.768627
11326     0.764706
11327     0.745098
11328     0.717647
11329     0.686275
11330     0.666667
11331     0.666667
11332     0.682353
11333     0.690196
11334     0.682353
11335     0.670588
11336     0.678431
11337     0.709804
11338     0.741176
11339     0.807843
11340     0.827451
11341     0.815686
11342     0.768627
11343     0.752941
11344     0.772549
11345     0.780392
11346     0.760784
11347     0.721569
11348     0.713726
11349     0.701961
11350     0.647059
11351     0.650980
11352     0.654902
11353     0.658824
11354     0.662745
11355     0.678431
11356     0.701961
11357     0.717647
11358     0.678431
11359     0.643137
11360     0.650980
11361     0.654902
11362     0.596078
11363     0.560784
11364     0.576471
11365     0.588235
11366     0.564706
11367     0.447059
11368     0.290196
11369     0.176471
11370     0.133333
11371     0.137255
11372     0.145098
11373     0.145098
11374     0.164706
11375     0.172549
11376     0.192157
11377     0.211765
11378     0.207843
11379     0.184314
11380     0.168627
11381     0.172549
11382     0.200000
11383     0.200000
11384     0.192157
11385     0.184314
11386     0.196078
11387     0.211765
11388     0.200000
11389     0.176471
11390     0.156863
11391     0.211765
11392     0.231373
11393     0.192157
11394     0.156863
11395     0.168627
11396     0.196078
11397     0.207843
11398     0.235294
11399     0.247059
11400     0.243137
11401     0.227451
11402     0.227451
11403     0.247059
11404     0.262745
11405     0.262745
11406     0.231373
11407     0.254902
11408     0.254902
11409     0.239216
11410     0.247059
11411     0.282353
11412     0.294118
11413     0.278431
11414     0.274510
11415     0.266667
11416     0.258824
11417     0.254902
11418     0.254902
11419     0.250980
11420     0.243137
11421     0.235294
11422     0.211765
11423     0.231373
11424     0.274510
11425     0.329412
11426     0.372549
11427     0.396078
11428     0.396078
11429     0.384314
11430     0.458824
11431     0.466667
11432     0.501961
11433     0.541176
11434     0.552941
11435     0.552941
11436     0.588235
11437     0.643137
11438     0.784314
11439     0.847059
11440     0.886275
11441     0.854902
11442     0.796078
11443     0.749020
11444     0.705882
11445     0.666667
11446     0.670588
11447     0.666667
11448     0.666667
11449     0.674510
11450     0.686275
11451     0.690196
11452     0.690196
11453     0.682353
11454     0.658824
11455     0.658824
11456     0.674510
11457     0.709804
11458     0.756863
11459     0.788235
11460     0.792157
11461     0.784314
11462     0.745098
11463     0.733333
11464     0.725490
11465     0.729412
11466     0.745098
11467     0.752941
11468     0.745098
11469     0.733333
11470     0.745098
11471     0.737255
11472     0.721569
11473     0.709804
11474     0.705882
11475     0.709804
11476     0.717647
11477     0.725490
11478     0.717647
11479     0.717647
11480     0.725490
11481     0.745098
11482     0.760784
11483     0.764706
11484     0.749020
11485     0.729412
11486     0.686275
11487     0.678431
11488     0.686275
11489     0.709804
11490     0.741176
11491     0.752941
11492     0.741176
11493     0.725490
11494     0.690196
11495     0.686275
11496     0.686275
11497     0.690196
11498     0.701961
11499     0.721569
11500     0.741176
11501     0.752941
11502     0.749020
11503     0.745098
11504     0.737255
11505     0.729412
11506     0.717647
11507     0.705882
11508     0.686275
11509     0.670588
11510     0.690196
11511     0.698039
11512     0.721569
11513     0.749020
11514     0.768627
11515     0.776471
11516     0.768627
11517     0.756863
11518     0.776471
11519     0.764706
11520     0.745098
11521     0.709804
11522     0.678431
11523     0.658824
11524     0.654902
11525     0.654902
11526     0.701961
11527     0.682353
11528     0.666667
11529     0.678431
11530     0.701961
11531     0.721569
11532     0.717647
11533     0.705882
11534     0.709804
11535     0.721569
11536     0.733333
11537     0.749020
11538     0.756863
11539     0.760784
11540     0.760784
11541     0.756863
11542     0.737255
11543     0.737255
11544     0.741176
11545     0.749020
11546     0.756863
11547     0.756863
11548     0.752941
11549     0.745098
11550     0.756863
11551     0.760784
11552     0.764706
11553     0.756863
11554     0.737255
11555     0.701961
11556     0.666667
11557     0.647059
11558     0.658824
11559     0.694118
11560     0.733333
11561     0.745098
11562     0.729412
11563     0.709804
11564     0.705882
11565     0.705882
11566     0.800000
11567     0.843137
11568     0.854902
11569     0.803922
11570     0.749020
11571     0.737255
11572     0.741176
11573     0.737255
11574     0.729412
11575     0.721569
11576     0.713726
11577     0.658824
11578     0.650980
11579     0.647059
11580     0.643137
11581     0.650980
11582     0.678431
11583     0.717647
11584     0.745098
11585     0.701961
11586     0.643137
11587     0.623529
11588     0.615686
11589     0.568627
11590     0.552941
11591     0.568627
11592     0.564706
11593     0.564706
11594     0.529412
11595     0.403922
11596     0.219608
11597     0.109804
11598     0.117647
11599     0.156863
11600     0.168627
11601     0.172549
11602     0.176471
11603     0.188235
11604     0.192157
11605     0.184314
11606     0.172549
11607     0.168627
11608     0.168627
11609     0.188235
11610     0.192157
11611     0.184314
11612     0.172549
11613     0.180392
11614     0.196078
11615     0.188235
11616     0.172549
11617     0.152941
11618     0.196078
11619     0.223529
11620     0.200000
11621     0.168627
11622     0.172549
11623     0.192157
11624     0.207843
11625     0.231373
11626     0.247059
11627     0.250980
11628     0.235294
11629     0.227451
11630     0.235294
11631     0.239216
11632     0.231373
11633     0.223529
11634     0.262745
11635     0.258824
11636     0.215686
11637     0.219608
11638     0.270588
11639     0.290196
11640     0.266667
11641     0.282353
11642     0.278431
11643     0.270588
11644     0.266667
11645     0.266667
11646     0.266667
11647     0.262745
11648     0.262745
11649     0.278431
11650     0.270588
11651     0.266667
11652     0.282353
11653     0.313726
11654     0.349020
11655     0.372549
11656     0.380392
11657     0.431373
11658     0.431373
11659     0.458824
11660     0.509804
11661     0.549020
11662     0.568627
11663     0.592157
11664     0.615686
11665     0.694118
11666     0.772549
11667     0.854902
11668     0.878431
11669     0.862745
11670     0.823529
11671     0.772549
11672     0.729412
11673     0.670588
11674     0.670588
11675     0.666667
11676     0.670588
11677     0.674510
11678     0.678431
11679     0.682353
11680     0.682353
11681     0.682353
11682     0.662745
11683     0.654902
11684     0.674510
11685     0.717647
11686     0.756863
11687     0.772549
11688     0.772549
11689     0.764706
11690     0.752941
11691     0.741176
11692     0.741176
11693     0.749020
11694     0.745098
11695     0.725490
11696     0.709804
11697     0.725490
11698     0.721569
11699     0.709804
11700     0.698039
11701     0.694118
11702     0.698039
11703     0.709804
11704     0.721569
11705     0.713726
11706     0.713726
11707     0.717647
11708     0.725490
11709     0.737255
11710     0.749020
11711     0.749020
11712     0.749020
11713     0.694118
11714     0.690196
11715     0.694118
11716     0.713726
11717     0.741176
11718     0.752941
11719     0.749020
11720     0.741176
11721     0.682353
11722     0.678431
11723     0.670588
11724     0.670588
11725     0.678431
11726     0.690196
11727     0.709804
11728     0.721569
11729     0.745098
11730     0.737255
11731     0.729412
11732     0.733333
11733     0.737255
11734     0.733333
11735     0.713726
11736     0.694118
11737     0.698039
11738     0.701961
11739     0.713726
11740     0.737255
11741     0.756863
11742     0.772549
11743     0.772549
11744     0.768627
11745     0.772549
11746     0.768627
11747     0.756863
11748     0.733333
11749     0.713726
11750     0.694118
11751     0.678431
11752     0.674510
11753     0.698039
11754     0.682353
11755     0.670588
11756     0.682353
11757     0.705882
11758     0.713726
11759     0.701961
11760     0.686275
11761     0.682353
11762     0.694118
11763     0.713726
11764     0.733333
11765     0.749020
11766     0.756863
11767     0.760784
11768     0.760784
11769     0.764706
11770     0.752941
11771     0.745098
11772     0.752941
11773     0.760784
11774     0.760784
11775     0.741176
11776     0.717647
11777     0.721569
11778     0.725490
11779     0.737255
11780     0.733333
11781     0.721569
11782     0.694118
11783     0.666667
11784     0.647059
11785     0.635294
11786     0.674510
11787     0.725490
11788     0.749020
11789     0.745098
11790     0.725490
11791     0.709804
11792     0.701961
11793     0.749020
11794     0.803922
11795     0.835294
11796     0.811765
11797     0.760784
11798     0.733333
11799     0.717647
11800     0.709804
11801     0.733333
11802     0.725490
11803     0.721569
11804     0.658824
11805     0.650980
11806     0.639216
11807     0.635294
11808     0.647059
11809     0.678431
11810     0.721569
11811     0.752941
11812     0.741176
11813     0.654902
11814     0.603922
11815     0.584314
11816     0.556863
11817     0.564706
11818     0.580392
11819     0.556863
11820     0.537255
11821     0.568627
11822     0.490196
11823     0.290196
11824     0.125490
11825     0.098039
11826     0.149020
11827     0.180392
11828     0.188235
11829     0.192157
11830     0.192157
11831     0.180392
11832     0.172549
11833     0.172549
11834     0.176471
11835     0.180392
11836     0.180392
11837     0.188235
11838     0.184314
11839     0.176471
11840     0.180392
11841     0.192157
11842     0.188235
11843     0.172549
11844     0.180392
11845     0.207843
11846     0.223529
11847     0.211765
11848     0.196078
11849     0.196078
11850     0.203922
11851     0.207843
11852     0.211765
11853     0.235294
11854     0.247059
11855     0.243137
11856     0.239216
11857     0.239216
11858     0.231373
11859     0.211765
11860     0.227451
11861     0.262745
11862     0.254902
11863     0.207843
11864     0.200000
11865     0.247059
11866     0.270588
11867     0.254902
11868     0.278431
11869     0.274510
11870     0.270588
11871     0.266667
11872     0.262745
11873     0.258824
11874     0.262745
11875     0.262745
11876     0.309804
11877     0.294118
11878     0.270588
11879     0.250980
11880     0.258824
11881     0.305882
11882     0.368627
11883     0.411765
11884     0.423529
11885     0.419608
11886     0.443137
11887     0.494118
11888     0.552941
11889     0.592157
11890     0.619608
11891     0.639216
11892     0.643137
11893     0.705882
11894     0.788235
11895     0.858824
11896     0.890196
11897     0.878431
11898     0.819608
11899     0.764706
11900     0.666667
11901     0.670588
11902     0.674510
11903     0.674510
11904     0.674510
11905     0.674510
11906     0.674510
11907     0.674510
11908     0.686275
11909     0.670588
11910     0.658824
11911     0.674510
11912     0.705882
11913     0.737255
11914     0.749020
11915     0.749020
11916     0.768627
11917     0.760784
11918     0.749020
11919     0.749020
11920     0.749020
11921     0.741176
11922     0.713726
11923     0.694118
11924     0.717647
11925     0.721569
11926     0.721569
11927     0.713726
11928     0.701961
11929     0.701961
11930     0.713726
11931     0.725490
11932     0.713726
11933     0.713726
11934     0.705882
11935     0.701961
11936     0.701961
11937     0.709804
11938     0.725490
11939     0.737255
11940     0.698039
11941     0.694118
11942     0.698039
11943     0.713726
11944     0.737255
11945     0.752941
11946     0.752941
11947     0.745098
11948     0.690196
11949     0.682353
11950     0.674510
11951     0.666667
11952     0.670588
11953     0.678431
11954     0.686275
11955     0.694118
11956     0.721569
11957     0.713726
11958     0.713726
11959     0.725490
11960     0.741176
11961     0.745098
11962     0.733333
11963     0.721569
11964     0.713726
11965     0.709804
11966     0.713726
11967     0.729412
11968     0.749020
11969     0.764706
11970     0.768627
11971     0.768627
11972     0.772549
11973     0.768627
11974     0.764706
11975     0.756863
11976     0.745098
11977     0.729412
11978     0.713726
11979     0.701961
11980     0.686275
11981     0.670588
11982     0.662745
11983     0.674510
11984     0.701961
11985     0.713726
11986     0.701961
11987     0.686275
11988     0.682353
11989     0.694118
11990     0.713726
11991     0.737255
11992     0.752941
11993     0.760784
11994     0.764706
11995     0.768627
11996     0.803922
11997     0.784314
11998     0.764706
11999     0.760784
12000     0.760784
12001     0.745098
12002     0.705882
12003     0.674510
12004     0.662745
12005     0.674510
12006     0.686275
12007     0.698039
12008     0.701961
12009     0.690196
12010     0.678431
12011     0.670588
12012     0.650980
12013     0.674510
12014     0.709804
12015     0.725490
12016     0.725490
12017     0.717647
12018     0.713726
12019     0.717647
12020     0.713726
12021     0.752941
12022     0.792157
12023     0.807843
12024     0.796078
12025     0.764706
12026     0.721569
12027     0.686275
12028     0.717647
12029     0.713726
12030     0.709804
12031     0.654902
12032     0.650980
12033     0.647059
12034     0.643137
12035     0.650980
12036     0.678431
12037     0.713726
12038     0.737255
12039     0.756863
12040     0.670588
12041     0.611765
12042     0.580392
12043     0.556863
12044     0.576471
12045     0.592157
12046     0.564706
12047     0.545098
12048     0.584314
12049     0.549020
12050     0.388235
12051     0.200000
12052     0.109804
12053     0.125490
12054     0.160784
12055     0.192157
12056     0.203922
12057     0.200000
12058     0.180392
12059     0.172549
12060     0.184314
12061     0.192157
12062     0.188235
12063     0.176471
12064     0.192157
12065     0.200000
12066     0.196078
12067     0.196078
12068     0.207843
12069     0.200000
12070     0.184314
12071     0.192157
12072     0.196078
12073     0.196078
12074     0.192157
12075     0.192157
12076     0.188235
12077     0.184314
12078     0.176471
12079     0.188235
12080     0.207843
12081     0.223529
12082     0.231373
12083     0.250980
12084     0.262745
12085     0.254902
12086     0.227451
12087     0.235294
12088     0.258824
12089     0.250980
12090     0.211765
12091     0.200000
12092     0.231373
12093     0.254902
12094     0.254902
12095     0.262745
12096     0.266667
12097     0.266667
12098     0.258824
12099     0.247059
12100     0.239216
12101     0.239216
12102     0.243137
12103     0.262745
12104     0.266667
12105     0.262745
12106     0.250980
12107     0.243137
12108     0.274510
12109     0.337255
12110     0.388235
12111     0.415686
12112     0.427451
12113     0.458824
12114     0.505882
12115     0.556863
12116     0.600000
12117     0.627451
12118     0.643137
12119     0.643137
12120     0.666667
12121     0.725490
12122     0.803922
12123     0.862745
12124     0.870588
12125     0.815686
12126     0.764706
12127     0.674510
12128     0.678431
12129     0.682353
12130     0.678431
12131     0.670588
12132     0.666667
12133     0.670588
12134     0.678431
12135     0.678431
12136     0.678431
12137     0.682353
12138     0.694118
12139     0.717647
12140     0.733333
12141     0.741176
12142     0.745098
12143     0.768627
12144     0.760784
12145     0.752941
12146     0.756863
12147     0.756863
12148     0.745098
12149     0.717647
12150     0.694118
12151     0.709804
12152     0.729412
12153     0.745098
12154     0.745098
12155     0.733333
12156     0.725490
12157     0.729412
12158     0.733333
12159     0.709804
12160     0.709804
12161     0.698039
12162     0.678431
12163     0.662745
12164     0.666667
12165     0.690196
12166     0.713726
12167     0.690196
12168     0.690196
12169     0.698039
12170     0.713726
12171     0.733333
12172     0.745098
12173     0.749020
12174     0.745098
12175     0.701961
12176     0.698039
12177     0.694118
12178     0.690196
12179     0.686275
12180     0.690196
12181     0.694118
12182     0.694118
12183     0.686275
12184     0.686275
12185     0.690196
12186     0.698039
12187     0.713726
12188     0.729412
12189     0.733333
12190     0.733333
12191     0.721569
12192     0.717647
12193     0.713726
12194     0.721569
12195     0.737255
12196     0.749020
12197     0.752941
12198     0.752941
12199     0.764706
12200     0.764706
12201     0.764706
12202     0.768627
12203     0.768627
12204     0.756863
12205     0.741176
12206     0.729412
12207     0.682353
12208     0.666667
12209     0.650980
12210     0.662745
12211     0.690196
12212     0.709804
12213     0.705882
12214     0.698039
12215     0.701961
12216     0.709804
12217     0.725490
12218     0.745098
12219     0.756863
12220     0.760784
12221     0.760784
12222     0.760784
12223     0.807843
12224     0.796078
12225     0.788235
12226     0.780392
12227     0.768627
12228     0.729412
12229     0.674510
12230     0.627451
12231     0.619608
12232     0.631373
12233     0.647059
12234     0.666667
12235     0.678431
12236     0.686275
12237     0.690196
12238     0.690196
12239     0.694118
12240     0.701961
12241     0.713726
12242     0.713726
12243     0.709804
12244     0.709804
12245     0.713726
12246     0.721569
12247     0.717647
12248     0.729412
12249     0.756863
12250     0.796078
12251     0.823529
12252     0.807843
12253     0.749020
12254     0.698039
12255     0.709804
12256     0.698039
12257     0.686275
12258     0.666667
12259     0.670588
12260     0.674510
12261     0.674510
12262     0.678431
12263     0.694118
12264     0.717647
12265     0.733333
12266     0.741176
12267     0.682353
12268     0.643137
12269     0.603922
12270     0.560784
12271     0.572549
12272     0.596078
12273     0.576471
12274     0.580392
12275     0.592157
12276     0.580392
12277     0.486275
12278     0.317647
12279     0.160784
12280     0.113725
12281     0.137255
12282     0.164706
12283     0.188235
12284     0.196078
12285     0.180392
12286     0.176471
12287     0.184314
12288     0.184314
12289     0.168627
12290     0.168627
12291     0.196078
12292     0.211765
12293     0.211765
12294     0.215686
12295     0.219608
12296     0.211765
12297     0.196078
12298     0.192157
12299     0.168627
12300     0.156863
12301     0.168627
12302     0.188235
12303     0.192157
12304     0.180392
12305     0.164706
12306     0.184314
12307     0.188235
12308     0.192157
12309     0.207843
12310     0.250980
12311     0.286275
12312     0.282353
12313     0.254902
12314     0.243137
12315     0.247059
12316     0.243137
12317     0.231373
12318     0.215686
12319     0.223529
12320     0.250980
12321     0.274510
12322     0.266667
12323     0.274510
12324     0.278431
12325     0.266667
12326     0.250980
12327     0.231373
12328     0.227451
12329     0.227451
12330     0.239216
12331     0.254902
12332     0.266667
12333     0.262745
12334     0.254902
12335     0.262745
12336     0.298039
12337     0.329412
12338     0.384314
12339     0.431373
12340     0.494118
12341     0.545098
12342     0.584314
12343     0.607843
12344     0.623529
12345     0.631373
12346     0.647059
12347     0.647059
12348     0.674510
12349     0.737255
12350     0.800000
12351     0.815686
12352     0.784314
12353     0.749020
12354     0.690196
12355     0.690196
12356     0.682353
12357     0.666667
12358     0.658824
12359     0.658824
12360     0.674510
12361     0.690196
12362     0.690196
12363     0.701961
12364     0.721569
12365     0.729412
12366     0.729412
12367     0.733333
12368     0.741176
12369     0.749020
12370     0.764706
12371     0.756863
12372     0.756863
12373     0.764706
12374     0.768627
12375     0.756863
12376     0.729412
12377     0.705882
12378     0.694118
12379     0.721569
12380     0.756863
12381     0.764706
12382     0.752941
12383     0.733333
12384     0.725490
12385     0.725490
12386     0.705882
12387     0.705882
12388     0.694118
12389     0.666667
12390     0.639216
12391     0.639216
12392     0.666667
12393     0.694118
12394     0.674510
12395     0.682353
12396     0.694118
12397     0.713726
12398     0.729412
12399     0.737255
12400     0.737255
12401     0.737255
12402     0.701961
12403     0.705882
12404     0.705882
12405     0.709804
12406     0.709804
12407     0.709804
12408     0.709804
12409     0.709804
12410     0.666667
12411     0.670588
12412     0.674510
12413     0.682353
12414     0.690196
12415     0.701961
12416     0.721569
12417     0.737255
12418     0.733333
12419     0.729412
12420     0.721569
12421     0.725490
12422     0.733333
12423     0.737255
12424     0.737255
12425     0.733333
12426     0.752941
12427     0.749020
12428     0.752941
12429     0.764706
12430     0.776471
12431     0.772549
12432     0.760784
12433     0.749020
12434     0.690196
12435     0.666667
12436     0.643137
12437     0.647059
12438     0.674510
12439     0.701961
12440     0.709804
12441     0.705882
12442     0.705882
12443     0.713726
12444     0.725490
12445     0.733333
12446     0.737255
12447     0.737255
12448     0.733333
12449     0.729412
12450     0.772549
12451     0.788235
12452     0.803922
12453     0.811765
12454     0.788235
12455     0.729412
12456     0.650980
12457     0.596078
12458     0.607843
12459     0.615686
12460     0.627451
12461     0.647059
12462     0.662745
12463     0.682353
12464     0.694118
12465     0.701961
12466     0.717647
12467     0.717647
12468     0.717647
12469     0.717647
12470     0.709804
12471     0.709804
12472     0.709804
12473     0.713726
12474     0.717647
12475     0.705882
12476     0.717647
12477     0.772549
12478     0.827451
12479     0.835294
12480     0.792157
12481     0.745098
12482     0.721569
12483     0.705882
12484     0.686275
12485     0.686275
12486     0.694118
12487     0.705882
12488     0.709804
12489     0.709804
12490     0.717647
12491     0.729412
12492     0.741176
12493     0.713726
12494     0.686275
12495     0.670588
12496     0.627451
12497     0.564706
12498     0.564706
12499     0.592157
12500     0.584314
12501     0.607843
12502     0.588235
12503     0.584314
12504     0.549020
12505     0.403922
12506     0.215686
12507     0.121569
12508     0.129412
12509     0.129412
12510     0.164706
12511     0.184314
12512     0.176471
12513     0.168627
12514     0.176471
12515     0.164706
12516     0.141176
12517     0.160784
12518     0.188235
12519     0.211765
12520     0.215686
12521     0.219608
12522     0.223529
12523     0.215686
12524     0.200000
12525     0.200000
12526     0.168627
12527     0.149020
12528     0.172549
12529     0.211765
12530     0.231373
12531     0.215686
12532     0.200000
12533     0.200000
12534     0.188235
12535     0.176471
12536     0.192157
12537     0.243137
12538     0.290196
12539     0.294118
12540     0.270588
12541     0.243137
12542     0.239216
12543     0.239216
12544     0.243137
12545     0.231373
12546     0.227451
12547     0.254902
12548     0.294118
12549     0.278431
12550     0.286275
12551     0.294118
12552     0.282353
12553     0.258824
12554     0.239216
12555     0.227451
12556     0.227451
12557     0.278431
12558     0.290196
12559     0.294118
12560     0.286275
12561     0.278431
12562     0.274510
12563     0.286275
12564     0.298039
12565     0.352941
12566     0.431373
12567     0.525490
12568     0.584314
12569     0.611765
12570     0.623529
12571     0.627451
12572     0.627451
12573     0.643137
12574     0.631373
12575     0.643137
12576     0.694118
12577     0.749020
12578     0.772549
12579     0.760784
12580     0.745098
12581     0.705882
12582     0.698039
12583     0.682353
12584     0.658824
12585     0.647059
12586     0.654902
12587     0.682353
12588     0.705882
12589     0.713726
12590     0.737255
12591     0.752941
12592     0.752941
12593     0.737255
12594     0.729412
12595     0.737255
12596     0.749020
12597     0.760784
12598     0.760784
12599     0.760784
12600     0.772549
12601     0.780392
12602     0.768627
12603     0.741176
12604     0.713726
12605     0.670588
12606     0.709804
12607     0.752941
12608     0.768627
12609     0.752941
12610     0.729412
12611     0.713726
12612     0.709804
12613     0.698039
12614     0.698039
12615     0.690196
12616     0.658824
12617     0.627451
12618     0.627451
12619     0.654902
12620     0.686275
12621     0.666667
12622     0.678431
12623     0.694118
12624     0.709804
12625     0.725490
12626     0.733333
12627     0.733333
12628     0.729412
12629     0.690196
12630     0.698039
12631     0.705882
12632     0.713726
12633     0.721569
12634     0.721569
12635     0.717647
12636     0.717647
12637     0.662745
12638     0.670588
12639     0.678431
12640     0.674510
12641     0.674510
12642     0.690196
12643     0.717647
12644     0.741176
12645     0.749020
12646     0.741176
12647     0.733333
12648     0.733333
12649     0.737255
12650     0.741176
12651     0.737255
12652     0.729412
12653     0.741176
12654     0.741176
12655     0.745098
12656     0.756863
12657     0.776471
12658     0.780392
12659     0.768627
12660     0.756863
12661     0.698039
12662     0.670588
12663     0.639216
12664     0.639216
12665     0.662745
12666     0.694118
12667     0.705882
12668     0.709804
12669     0.698039
12670     0.701961
12671     0.709804
12672     0.713726
12673     0.713726
12674     0.705882
12675     0.698039
12676     0.690196
12677     0.737255
12678     0.768627
12679     0.811765
12680     0.835294
12681     0.807843
12682     0.737255
12683     0.647059
12684     0.580392
12685     0.615686
12686     0.619608
12687     0.623529
12688     0.639216
12689     0.654902
12690     0.674510
12691     0.694118
12692     0.705882
12693     0.705882
12694     0.709804
12695     0.717647
12696     0.717647
12697     0.717647
12698     0.713726
12699     0.709804
12700     0.709804
12701     0.698039
12702     0.678431
12703     0.686275
12704     0.745098
12705     0.811765
12706     0.843137
12707     0.823529
12708     0.796078
12709     0.749020
12710     0.725490
12711     0.698039
12712     0.721569
12713     0.725490
12714     0.733333
12715     0.745098
12716     0.752941
12717     0.749020
12718     0.733333
12719     0.721569
12720     0.709804
12721     0.698039
12722     0.678431
12723     0.643137
12724     0.603922
12725     0.572549
12726     0.556863
12727     0.549020
12728     0.588235
12729     0.549020
12730     0.580392
12731     0.631373
12732     0.529412
12733     0.298039
12734     0.133333
12735     0.101961
12736     0.141176
12737     0.160784
12738     0.164706
12739     0.152941
12740     0.160784
12741     0.176471
12742     0.164706
12743     0.137255
12744     0.188235
12745     0.192157
12746     0.200000
12747     0.203922
12748     0.203922
12749     0.207843
12750     0.207843
12751     0.207843
12752     0.196078
12753     0.168627
12754     0.152941
12755     0.176471
12756     0.200000
12757     0.207843
12758     0.211765
12759     0.215686
12760     0.219608
12761     0.215686
12762     0.203922
12763     0.203922
12764     0.235294
12765     0.270588
12766     0.274510
12767     0.258824
12768     0.223529
12769     0.219608
12770     0.219608
12771     0.231373
12772     0.254902
12773     0.278431
12774     0.301961
12775     0.309804
12776     0.305882
12777     0.298039
12778     0.290196
12779     0.286275
12780     0.290196
12781     0.282353
12782     0.262745
12783     0.243137
12784     0.243137
12785     0.270588
12786     0.298039
12787     0.305882
12788     0.290196
12789     0.266667
12790     0.247059
12791     0.239216
12792     0.305882
12793     0.411765
12794     0.529412
12795     0.580392
12796     0.588235
12797     0.596078
12798     0.611765
12799     0.619608
12800     0.650980
12801     0.670588
12802     0.694118
12803     0.709804
12804     0.717647
12805     0.729412
12806     0.752941
12807     0.772549
12808     0.752941
12809     0.701961
12810     0.650980
12811     0.635294
12812     0.654902
12813     0.682353
12814     0.709804
12815     0.729412
12816     0.741176
12817     0.756863
12818     0.776471
12819     0.788235
12820     0.780392
12821     0.760784
12822     0.745098
12823     0.737255
12824     0.741176
12825     0.745098
12826     0.760784
12827     0.780392
12828     0.788235
12829     0.776471
12830     0.741176
12831     0.709804
12832     0.694118
12833     0.686275
12834     0.698039
12835     0.729412
12836     0.749020
12837     0.741176
12838     0.725490
12839     0.721569
12840     0.737255
12841     0.721569
12842     0.694118
12843     0.654902
12844     0.623529
12845     0.615686
12846     0.631373
12847     0.650980
12848     0.690196
12849     0.705882
12850     0.705882
12851     0.698039
12852     0.698039
12853     0.713726
12854     0.713726
12855     0.701961
12856     0.686275
12857     0.678431
12858     0.682353
12859     0.698039
12860     0.717647
12861     0.721569
12862     0.713726
12863     0.698039
12864     0.678431
12865     0.670588
12866     0.662745
12867     0.662745
12868     0.658824
12869     0.658824
12870     0.690196
12871     0.729412
12872     0.713726
12873     0.729412
12874     0.737255
12875     0.733333
12876     0.721569
12877     0.713726
12878     0.721569
12879     0.737255
12880     0.733333
12881     0.733333
12882     0.737255
12883     0.749020
12884     0.760784
12885     0.768627
12886     0.768627
12887     0.764706
12888     0.772549
12889     0.721569
12890     0.666667
12891     0.654902
12892     0.682353
12893     0.705882
12894     0.701961
12895     0.686275
12896     0.694118
12897     0.698039
12898     0.705882
12899     0.701961
12900     0.694118
12901     0.686275
12902     0.686275
12903     0.690196
12904     0.725490
12905     0.745098
12906     0.776471
12907     0.807843
12908     0.807843
12909     0.764706
12910     0.690196
12911     0.631373
12912     0.643137
12913     0.627451
12914     0.619608
12915     0.639216
12916     0.678431
12917     0.705882
12918     0.709804
12919     0.698039
12920     0.701961
12921     0.725490
12922     0.741176
12923     0.737255
12924     0.729412
12925     0.725490
12926     0.713726
12927     0.694118
12928     0.666667
12929     0.635294
12930     0.623529
12931     0.658824
12932     0.705882
12933     0.741176
12934     0.768627
12935     0.788235
12936     0.772549
12937     0.764706
12938     0.745098
12939     0.698039
12940     0.713726
12941     0.733333
12942     0.749020
12943     0.749020
12944     0.737255
12945     0.721569
12946     0.709804
12947     0.713726
12948     0.713726
12949     0.701961
12950     0.674510
12951     0.631373
12952     0.584314
12953     0.549020
12954     0.533333
12955     0.552941
12956     0.552941
12957     0.576471
12958     0.596078
12959     0.541176
12960     0.396078
12961     0.239216
12962     0.145098
12963     0.152941
12964     0.149020
12965     0.145098
12966     0.152941
12967     0.172549
12968     0.184314
12969     0.184314
12970     0.176471
12971     0.188235
12972     0.188235
12973     0.184314
12974     0.188235
12975     0.192157
12976     0.196078
12977     0.196078
12978     0.192157
12979     0.188235
12980     0.160784
12981     0.152941
12982     0.172549
12983     0.196078
12984     0.200000
12985     0.196078
12986     0.200000
12987     0.207843
12988     0.211765
12989     0.207843
12990     0.200000
12991     0.219608
12992     0.250980
12993     0.258824
12994     0.247059
12995     0.247059
12996     0.243137
12997     0.239216
12998     0.247059
12999     0.258824
13000     0.278431
13001     0.294118
13002     0.301961
13003     0.305882
13004     0.298039
13005     0.294118
13006     0.298039
13007     0.305882
13008     0.301961
13009     0.286275
13010     0.270588
13011     0.243137
13012     0.262745
13013     0.286275
13014     0.294118
13015     0.278431
13016     0.250980
13017     0.223529
13018     0.207843
13019     0.309804
13020     0.396078
13021     0.505882
13022     0.568627
13023     0.580392
13024     0.588235
13025     0.619608
13026     0.654902
13027     0.674510
13028     0.690196
13029     0.713726
13030     0.725490
13031     0.729412
13032     0.741176
13033     0.764706
13034     0.784314
13035     0.788235
13036     0.752941
13037     0.709804
13038     0.682353
13039     0.678431
13040     0.694118
13041     0.717647
13042     0.741176
13043     0.729412
13044     0.749020
13045     0.772549
13046     0.784314
13047     0.780392
13048     0.768627
13049     0.756863
13050     0.749020
13051     0.737255
13052     0.745098
13053     0.752941
13054     0.760784
13055     0.760784
13056     0.749020
13057     0.729412
13058     0.713726
13059     0.694118
13060     0.678431
13061     0.682353
13062     0.713726
13063     0.737255
13064     0.737255
13065     0.721569
13066     0.717647
13067     0.733333
13068     0.729412
13069     0.709804
13070     0.682353
13071     0.650980
13072     0.635294
13073     0.639216
13074     0.647059
13075     0.698039
13076     0.701961
13077     0.694118
13078     0.682353
13079     0.690196
13080     0.709804
13081     0.709804
13082     0.694118
13083     0.670588
13084     0.658824
13085     0.650980
13086     0.662745
13087     0.686275
13088     0.701961
13089     0.705882
13090     0.701961
13091     0.690196
13092     0.674510
13093     0.662745
13094     0.666667
13095     0.666667
13096     0.670588
13097     0.694118
13098     0.725490
13099     0.709804
13100     0.705882
13101     0.705882
13102     0.725490
13103     0.749020
13104     0.764706
13105     0.756863
13106     0.741176
13107     0.729412
13108     0.729412
13109     0.737255
13110     0.745098
13111     0.756863
13112     0.768627
13113     0.776471
13114     0.776471
13115     0.792157
13116     0.752941
13117     0.705882
13118     0.682353
13119     0.686275
13120     0.698039
13121     0.694118
13122     0.686275
13123     0.690196
13124     0.698039
13125     0.701961
13126     0.698039
13127     0.694118
13128     0.694118
13129     0.701961
13130     0.709804
13131     0.733333
13132     0.745098
13133     0.768627
13134     0.800000
13135     0.811765
13136     0.788235
13137     0.733333
13138     0.694118
13139     0.678431
13140     0.658824
13141     0.647059
13142     0.662745
13143     0.690196
13144     0.713726
13145     0.717647
13146     0.709804
13147     0.709804
13148     0.733333
13149     0.749020
13150     0.741176
13151     0.733333
13152     0.729412
13153     0.709804
13154     0.686275
13155     0.623529
13156     0.600000
13157     0.592157
13158     0.615686
13159     0.650980
13160     0.682353
13161     0.709804
13162     0.733333
13163     0.780392
13164     0.788235
13165     0.784314
13166     0.670588
13167     0.698039
13168     0.729412
13169     0.745098
13170     0.737255
13171     0.721569
13172     0.709804
13173     0.705882
13174     0.717647
13175     0.725490
13176     0.725490
13177     0.705882
13178     0.658824
13179     0.600000
13180     0.549020
13181     0.521569
13182     0.529412
13183     0.564706
13184     0.576471
13185     0.564706
13186     0.560784
13187     0.525490
13188     0.396078
13189     0.258824
13190     0.196078
13191     0.149020
13192     0.129412
13193     0.160784
13194     0.192157
13195     0.192157
13196     0.196078
13197     0.215686
13198     0.200000
13199     0.184314
13200     0.172549
13201     0.176471
13202     0.188235
13203     0.196078
13204     0.192157
13205     0.188235
13206     0.176471
13207     0.156863
13208     0.156863
13209     0.184314
13210     0.203922
13211     0.207843
13212     0.207843
13213     0.211765
13214     0.207843
13215     0.223529
13216     0.227451
13217     0.215686
13218     0.215686
13219     0.231373
13220     0.247059
13221     0.247059
13222     0.270588
13223     0.266667
13224     0.262745
13225     0.258824
13226     0.262745
13227     0.270588
13228     0.282353
13229     0.290196
13230     0.282353
13231     0.282353
13232     0.286275
13233     0.290196
13234     0.298039
13235     0.298039
13236     0.290196
13237     0.282353
13238     0.262745
13239     0.274510
13240     0.290196
13241     0.298039
13242     0.290196
13243     0.258824
13244     0.215686
13245     0.188235
13246     0.282353
13247     0.360784
13248     0.486275
13249     0.588235
13250     0.611765
13251     0.600000
13252     0.627451
13253     0.682353
13254     0.701961
13255     0.717647
13256     0.733333
13257     0.737255
13258     0.737255
13259     0.745098
13260     0.760784
13261     0.780392
13262     0.815686
13263     0.811765
13264     0.788235
13265     0.749020
13266     0.709804
13267     0.701961
13268     0.717647
13269     0.737255
13270     0.717647
13271     0.741176
13272     0.768627
13273     0.784314
13274     0.784314
13275     0.772549
13276     0.760784
13277     0.756863
13278     0.737255
13279     0.741176
13280     0.741176
13281     0.733333
13282     0.721569
13283     0.713726
13284     0.709804
13285     0.713726
13286     0.698039
13287     0.670588
13288     0.658824
13289     0.690196
13290     0.725490
13291     0.729412
13292     0.721569
13293     0.713726
13294     0.721569
13295     0.721569
13296     0.713726
13297     0.698039
13298     0.670588
13299     0.650980
13300     0.639216
13301     0.635294
13302     0.674510
13303     0.666667
13304     0.654902
13305     0.650980
13306     0.682353
13307     0.717647
13308     0.721569
13309     0.705882
13310     0.686275
13311     0.662745
13312     0.643137
13313     0.643137
13314     0.662745
13315     0.694118
13316     0.709804
13317     0.717647
13318     0.705882
13319     0.682353
13320     0.666667
13321     0.678431
13322     0.686275
13323     0.690196
13324     0.701961
13325     0.721569
13326     0.721569
13327     0.690196
13328     0.678431
13329     0.713726
13330     0.780392
13331     0.811765
13332     0.792157
13333     0.756863
13334     0.717647
13335     0.717647
13336     0.721569
13337     0.725490
13338     0.737255
13339     0.749020
13340     0.760784
13341     0.768627
13342     0.800000
13343     0.788235
13344     0.764706
13345     0.733333
13346     0.705882
13347     0.690196
13348     0.686275
13349     0.686275
13350     0.690196
13351     0.694118
13352     0.694118
13353     0.694118
13354     0.698039
13355     0.705882
13356     0.721569
13357     0.737255
13358     0.737255
13359     0.741176
13360     0.752941
13361     0.776471
13362     0.796078
13363     0.800000
13364     0.780392
13365     0.760784
13366     0.709804
13367     0.690196
13368     0.670588
13369     0.666667
13370     0.674510
13371     0.686275
13372     0.686275
13373     0.682353
13374     0.701961
13375     0.733333
13376     0.756863
13377     0.756863
13378     0.752941
13379     0.741176
13380     0.709804
13381     0.678431
13382     0.607843
13383     0.592157
13384     0.584314
13385     0.603922
13386     0.623529
13387     0.643137
13388     0.674510
13389     0.705882
13390     0.772549
13391     0.803922
13392     0.823529
13393     0.650980
13394     0.682353
13395     0.717647
13396     0.729412
13397     0.721569
13398     0.713726
13399     0.717647
13400     0.729412
13401     0.721569
13402     0.733333
13403     0.737255
13404     0.717647
13405     0.670588
13406     0.607843
13407     0.552941
13408     0.521569
13409     0.545098
13410     0.576471
13411     0.576471
13412     0.560784
13413     0.584314
13414     0.596078
13415     0.525490
13416     0.415686
13417     0.243137
13418     0.156863
13419     0.117647
13420     0.164706
13421     0.200000
13422     0.184314
13423     0.184314
13424     0.215686
13425     0.203922
13426     0.184314
13427     0.168627
13428     0.172549
13429     0.192157
13430     0.203922
13431     0.203922
13432     0.200000
13433     0.176471
13434     0.164706
13435     0.172549
13436     0.203922
13437     0.227451
13438     0.231373
13439     0.231373
13440     0.239216
13441     0.223529
13442     0.247059
13443     0.254902
13444     0.235294
13445     0.223529
13446     0.231373
13447     0.247059
13448     0.250980
13449     0.266667
13450     0.266667
13451     0.262745
13452     0.258824
13453     0.254902
13454     0.258824
13455     0.270588
13456     0.278431
13457     0.258824
13458     0.258824
13459     0.266667
13460     0.270588
13461     0.274510
13462     0.274510
13463     0.270588
13464     0.266667
13465     0.282353
13466     0.290196
13467     0.298039
13468     0.309804
13469     0.309804
13470     0.278431
13471     0.227451
13472     0.188235
13473     0.235294
13474     0.309804
13475     0.458824
13476     0.603922
13477     0.650980
13478     0.623529
13479     0.631373
13480     0.678431
13481     0.717647
13482     0.733333
13483     0.745098
13484     0.745098
13485     0.737255
13486     0.733333
13487     0.745098
13488     0.756863
13489     0.807843
13490     0.839216
13491     0.850980
13492     0.811765
13493     0.752941
13494     0.717647
13495     0.709804
13496     0.709804
13497     0.721569
13498     0.741176
13499     0.764706
13500     0.776471
13501     0.776471
13502     0.764706
13503     0.756863
13504     0.752941
13505     0.741176
13506     0.741176
13507     0.733333
13508     0.709804
13509     0.690196
13510     0.682353
13511     0.694118
13512     0.709804
13513     0.701961
13514     0.666667
13515     0.647059
13516     0.674510
13517     0.713726
13518     0.725490
13519     0.717647
13520     0.713726
13521     0.709804
13522     0.705882
13523     0.701961
13524     0.690196
13525     0.670588
13526     0.650980
13527     0.639216
13528     0.631373
13529     0.631373
13530     0.619608
13531     0.607843
13532     0.623529
13533     0.678431
13534     0.737255
13535     0.756863
13536     0.741176
13537     0.733333
13538     0.701961
13539     0.662745
13540     0.647059
13541     0.662745
13542     0.694118
13543     0.717647
13544     0.729412
13545     0.717647
13546     0.686275
13547     0.674510
13548     0.686275
13549     0.701961
13550     0.709804
13551     0.713726
13552     0.721569
13553     0.737255
13554     0.694118
13555     0.666667
13556     0.698039
13557     0.764706
13558     0.807843
13559     0.792157
13560     0.760784
13561     0.701961
13562     0.701961
13563     0.701961
13564     0.698039
13565     0.698039
13566     0.709804
13567     0.721569
13568     0.733333
13569     0.780392
13570     0.800000
13571     0.807843
13572     0.780392
13573     0.737255
13574     0.698039
13575     0.690196
13576     0.694118
13577     0.690196
13578     0.690196
13579     0.690196
13580     0.686275
13581     0.690196
13582     0.705882
13583     0.729412
13584     0.749020
13585     0.741176
13586     0.737255
13587     0.737255
13588     0.749020
13589     0.768627
13590     0.788235
13591     0.796078
13592     0.792157
13593     0.752941
13594     0.733333
13595     0.705882
13596     0.682353
13597     0.666667
13598     0.658824
13599     0.654902
13600     0.650980
13601     0.678431
13602     0.717647
13603     0.756863
13604     0.780392
13605     0.784314
13606     0.764706
13607     0.717647
13608     0.670588
13609     0.611765
13610     0.596078
13611     0.596078
13612     0.607843
13613     0.619608
13614     0.635294
13615     0.670588
13616     0.709804
13617     0.745098
13618     0.792157
13619     0.835294
13620     0.647059
13621     0.670588
13622     0.698039
13623     0.705882
13624     0.705882
13625     0.709804
13626     0.733333
13627     0.756863
13628     0.745098
13629     0.752941
13630     0.749020
13631     0.721569
13632     0.670588
13633     0.607843
13634     0.556863
13635     0.525490
13636     0.576471
13637     0.572549
13638     0.568627
13639     0.568627
13640     0.580392
13641     0.592157
13642     0.576471
13643     0.552941
13644     0.274510
13645     0.160784
13646     0.101961
13647     0.149020
13648     0.188235
13649     0.168627
13650     0.164706
13651     0.196078
13652     0.184314
13653     0.172549
13654     0.160784
13655     0.168627
13656     0.184314
13657     0.200000
13658     0.207843
13659     0.207843
13660     0.196078
13661     0.184314
13662     0.192157
13663     0.215686
13664     0.227451
13665     0.223529
13666     0.227451
13667     0.235294
13668     0.227451
13669     0.258824
13670     0.270588
13671     0.247059
13672     0.223529
13673     0.223529
13674     0.239216
13675     0.247059
13676     0.243137
13677     0.250980
13678     0.254902
13679     0.250980
13680     0.243137
13681     0.247059
13682     0.258824
13683     0.270588
13684     0.262745
13685     0.266667
13686     0.274510
13687     0.278431
13688     0.274510
13689     0.270588
13690     0.266667
13691     0.262745
13692     0.298039
13693     0.301961
13694     0.313726
13695     0.329412
13696     0.329412
13697     0.301961
13698     0.258824
13699     0.223529
13700     0.223529
13701     0.274510
13702     0.403922
13703     0.552941
13704     0.619608
13705     0.615686
13706     0.627451
13707     0.670588
13708     0.721569
13709     0.737255
13710     0.752941
13711     0.752941
13712     0.741176
13713     0.729412
13714     0.729412
13715     0.737255
13716     0.784314
13717     0.847059
13718     0.894118
13719     0.874510
13720     0.819608
13721     0.768627
13722     0.725490
13723     0.698039
13724     0.729412
13725     0.741176
13726     0.756863
13727     0.764706
13728     0.760784
13729     0.752941
13730     0.749020
13731     0.745098
13732     0.752941
13733     0.749020
13734     0.729412
13735     0.701961
13736     0.678431
13737     0.670588
13738     0.686275
13739     0.705882
13740     0.705882
13741     0.670588
13742     0.650980
13743     0.670588
13744     0.701961
13745     0.713726
13746     0.713726
13747     0.713726
13748     0.713726
13749     0.705882
13750     0.690196
13751     0.678431
13752     0.670588
13753     0.662745
13754     0.654902
13755     0.650980
13756     0.631373
13757     0.623529
13758     0.615686
13759     0.635294
13760     0.694118
13761     0.760784
13762     0.788235
13763     0.780392
13764     0.768627
13765     0.729412
13766     0.682353
13767     0.654902
13768     0.654902
13769     0.674510
13770     0.694118
13771     0.701961
13772     0.705882
13773     0.682353
13774     0.670588
13775     0.690196
13776     0.709804
13777     0.709804
13778     0.713726
13779     0.721569
13780     0.733333
13781     0.701961
13782     0.666667
13783     0.670588
13784     0.705882
13785     0.737255
13786     0.745098
13787     0.741176
13788     0.701961
13789     0.701961
13790     0.698039
13791     0.686275
13792     0.674510
13793     0.678431
13794     0.690196
13795     0.701961
13796     0.741176
13797     0.776471
13798     0.807843
13799     0.803922
13800     0.764706
13801     0.725490
13802     0.709804
13803     0.709804
13804     0.698039
13805     0.694118
13806     0.690196
13807     0.682353
13808     0.682353
13809     0.698039
13810     0.721569
13811     0.737255
13812     0.745098
13813     0.741176
13814     0.737255
13815     0.741176
13816     0.756863
13817     0.776471
13818     0.792157
13819     0.796078
13820     0.807843
13821     0.792157
13822     0.760784
13823     0.721569
13824     0.682353
13825     0.658824
13826     0.647059
13827     0.643137
13828     0.647059
13829     0.694118
13830     0.752941
13831     0.792157
13832     0.807843
13833     0.788235
13834     0.729412
13835     0.670588
13836     0.603922
13837     0.592157
13838     0.592157
13839     0.603922
13840     0.615686
13841     0.631373
13842     0.666667
13843     0.705882
13844     0.709804
13845     0.768627
13846     0.819608
13847     0.654902
13848     0.666667
13849     0.682353
13850     0.686275
13851     0.690196
13852     0.705882
13853     0.733333
13854     0.752941
13855     0.760784
13856     0.764706
13857     0.760784
13858     0.733333
13859     0.682353
13860     0.627451
13861     0.576471
13862     0.552941
13863     0.588235
13864     0.568627
13865     0.556863
13866     0.564706
13867     0.564706
13868     0.560784
13869     0.584314
13870     0.615686
13871     0.333333
13872     0.200000
13873     0.101961
13874     0.121569
13875     0.160784
13876     0.160784
13877     0.160784
13878     0.180392
13879     0.160784
13880     0.160784
13881     0.160784
13882     0.164706
13883     0.168627
13884     0.180392
13885     0.192157
13886     0.200000
13887     0.211765
13888     0.200000
13889     0.200000
13890     0.207843
13891     0.207843
13892     0.196078
13893     0.192157
13894     0.203922
13895     0.219608
13896     0.247059
13897     0.254902
13898     0.231373
13899     0.211765
13900     0.211765
13901     0.219608
13902     0.223529
13903     0.227451
13904     0.239216
13905     0.247059
13906     0.247059
13907     0.239216
13908     0.243137
13909     0.258824
13910     0.270588
13911     0.290196
13912     0.298039
13913     0.305882
13914     0.305882
13915     0.294118
13916     0.286275
13917     0.282353
13918     0.286275
13919     0.325490
13920     0.333333
13921     0.352941
13922     0.372549
13923     0.376471
13924     0.360784
13925     0.333333
13926     0.309804
13927     0.270588
13928     0.282353
13929     0.345098
13930     0.454902
13931     0.541176
13932     0.584314
13933     0.619608
13934     0.654902
13935     0.701961
13936     0.725490
13937     0.756863
13938     0.764706
13939     0.756863
13940     0.741176
13941     0.733333
13942     0.733333
13943     0.760784
13944     0.839216
13945     0.909804
13946     0.917647
13947     0.886275
13948     0.843137
13949     0.780392
13950     0.721569
13951     0.733333
13952     0.741176
13953     0.745098
13954     0.745098
13955     0.741176
13956     0.737255
13957     0.741176
13958     0.749020
13959     0.772549
13960     0.760784
13961     0.737255
13962     0.709804
13963     0.686275
13964     0.682353
13965     0.690196
13966     0.698039
13967     0.701961
13968     0.674510
13969     0.658824
13970     0.670588
13971     0.690196
13972     0.694118
13973     0.698039
13974     0.709804
13975     0.729412
13976     0.717647
13977     0.698039
13978     0.690196
13979     0.690196
13980     0.694118
13981     0.694118
13982     0.690196
13983     0.682353
13984     0.674510
13985     0.666667
13986     0.678431
13987     0.725490
13988     0.780392
13989     0.803922
13990     0.796078
13991     0.776471
13992     0.741176
13993     0.690196
13994     0.654902
13995     0.647059
13996     0.647059
13997     0.650980
13998     0.647059
13999     0.670588
14000     0.658824
14001     0.658824
14002     0.678431
14003     0.694118
14004     0.694118
14005     0.698039
14006     0.713726
14007     0.713726
14008     0.698039
14009     0.670588
14010     0.654902
14011     0.654902
14012     0.670588
14013     0.694118
14014     0.709804
14015     0.709804
14016     0.713726
14017     0.713726
14018     0.698039
14019     0.678431
14020     0.674510
14021     0.682353
14022     0.694118
14023     0.705882
14024     0.741176
14025     0.776471
14026     0.788235
14027     0.772549
14028     0.749020
14029     0.737255
14030     0.733333
14031     0.717647
14032     0.713726
14033     0.701961
14034     0.686275
14035     0.678431
14036     0.682353
14037     0.698039
14038     0.713726
14039     0.729412
14040     0.733333
14041     0.737255
14042     0.749020
14043     0.760784
14044     0.776471
14045     0.788235
14046     0.792157
14047     0.823529
14048     0.815686
14049     0.792157
14050     0.749020
14051     0.698039
14052     0.658824
14053     0.647059
14054     0.643137
14055     0.639216
14056     0.686275
14057     0.741176
14058     0.784314
14059     0.807843
14060     0.796078
14061     0.737255
14062     0.682353
14063     0.631373
14064     0.611765
14065     0.600000
14066     0.615686
14067     0.631373
14068     0.650980
14069     0.678431
14070     0.709804
14071     0.701961
14072     0.752941
14073     0.800000
14074     0.662745
14075     0.666667
14076     0.670588
14077     0.678431
14078     0.686275
14079     0.698039
14080     0.709804
14081     0.717647
14082     0.737255
14083     0.752941
14084     0.764706
14085     0.756863
14086     0.725490
14087     0.682353
14088     0.643137
14089     0.619608
14090     0.588235
14091     0.580392
14092     0.568627
14093     0.560784
14094     0.556863
14095     0.568627
14096     0.592157
14097     0.615686
14098     0.458824
14099     0.305882
14100     0.156863
14101     0.121569
14102     0.149020
14103     0.164706
14104     0.168627
14105     0.180392
14106     0.152941
14107     0.164706
14108     0.176471
14109     0.176471
14110     0.164706
14111     0.160784
14112     0.172549
14113     0.188235
14114     0.207843
14115     0.192157
14116     0.188235
14117     0.196078
14118     0.188235
14119     0.180392
14120     0.184314
14121     0.200000
14122     0.211765
14123     0.231373
14124     0.235294
14125     0.215686
14126     0.200000
14127     0.203922
14128     0.207843
14129     0.200000
14130     0.231373
14131     0.243137
14132     0.258824
14133     0.258824
14134     0.247059
14135     0.247059
14136     0.262745
14137     0.278431
14138     0.294118
14139     0.305882
14140     0.313726
14141     0.313726
14142     0.301961
14143     0.294118
14144     0.294118
14145     0.298039
14146     0.329412
14147     0.349020
14148     0.376471
14149     0.396078
14150     0.403922
14151     0.400000
14152     0.392157
14153     0.388235
14154     0.337255
14155     0.325490
14156     0.337255
14157     0.400000
14158     0.494118
14159     0.572549
14160     0.611765
14161     0.619608
14162     0.654902
14163     0.690196
14164     0.733333
14165     0.760784
14166     0.760784
14167     0.749020
14168     0.741176
14169     0.737255
14170     0.745098
14171     0.819608
14172     0.890196
14173     0.921569
14174     0.929412
14175     0.905882
14176     0.835294
14177     0.752941
14178     0.725490
14179     0.729412
14180     0.729412
14181     0.725490
14182     0.721569
14183     0.729412
14184     0.745098
14185     0.756863
14186     0.796078
14187     0.776471
14188     0.745098
14189     0.721569
14190     0.709804
14191     0.701961
14192     0.694118
14193     0.690196
14194     0.690196
14195     0.674510
14196     0.666667
14197     0.674510
14198     0.674510
14199     0.666667
14200     0.678431
14201     0.701961
14202     0.733333
14203     0.721569
14204     0.709804
14205     0.709804
14206     0.717647
14207     0.721569
14208     0.721569
14209     0.713726
14210     0.717647
14211     0.721569
14212     0.717647
14213     0.713726
14214     0.741176
14215     0.780392
14216     0.800000
14217     0.800000
14218     0.788235
14219     0.752941
14220     0.709804
14221     0.678431
14222     0.662745
14223     0.647059
14224     0.631373
14225     0.619608
14226     0.623529
14227     0.623529
14228     0.635294
14229     0.658824
14230     0.666667
14231     0.666667
14232     0.678431
14233     0.698039
14234     0.698039
14235     0.698039
14236     0.686275
14237     0.666667
14238     0.650980
14239     0.654902
14240     0.678431
14241     0.698039
14242     0.709804
14243     0.717647
14244     0.725490
14245     0.713726
14246     0.690196
14247     0.678431
14248     0.686275
14249     0.698039
14250     0.698039
14251     0.709804
14252     0.725490
14253     0.741176
14254     0.756863
14255     0.760784
14256     0.764706
14257     0.760784
14258     0.745098
14259     0.737255
14260     0.725490
14261     0.701961
14262     0.682353
14263     0.674510
14264     0.678431
14265     0.686275
14266     0.674510
14267     0.694118
14268     0.725490
14269     0.749020
14270     0.768627
14271     0.776471
14272     0.784314
14273     0.784314
14274     0.815686
14275     0.819608
14276     0.811765
14277     0.772549
14278     0.717647
14279     0.674510
14280     0.662745
14281     0.662745
14282     0.662745
14283     0.690196
14284     0.725490
14285     0.756863
14286     0.784314
14287     0.784314
14288     0.745098
14289     0.698039
14290     0.674510
14291     0.643137
14292     0.623529
14293     0.635294
14294     0.658824
14295     0.674510
14296     0.694118
14297     0.709804
14298     0.721569
14299     0.764706
14300     0.796078
14301     0.662745
14302     0.662745
14303     0.666667
14304     0.678431
14305     0.686275
14306     0.690196
14307     0.686275
14308     0.678431
14309     0.698039
14310     0.725490
14311     0.760784
14312     0.776471
14313     0.768627
14314     0.737255
14315     0.705882
14316     0.686275
14317     0.588235
14318     0.600000
14319     0.588235
14320     0.560784
14321     0.564706
14322     0.600000
14323     0.611765
14324     0.596078
14325     0.580392
14326     0.411765
14327     0.219608
14328     0.137255
14329     0.149020
14330     0.172549
14331     0.184314
14332     0.180392
14333     0.160784
14334     0.184314
14335     0.200000
14336     0.192157
14337     0.168627
14338     0.152941
14339     0.164706
14340     0.184314
14341     0.192157
14342     0.180392
14343     0.176471
14344     0.188235
14345     0.188235
14346     0.184314
14347     0.200000
14348     0.223529
14349     0.211765
14350     0.227451
14351     0.227451
14352     0.211765
14353     0.203922
14354     0.207843
14355     0.203922
14356     0.192157
14357     0.239216
14358     0.258824
14359     0.270588
14360     0.270588
14361     0.254902
14362     0.254902
14363     0.270588
14364     0.286275
14365     0.274510
14366     0.286275
14367     0.301961
14368     0.301961
14369     0.290196
14370     0.286275
14371     0.286275
14372     0.294118
14373     0.298039
14374     0.325490
14375     0.360784
14376     0.380392
14377     0.388235
14378     0.388235
14379     0.396078
14380     0.407843
14381     0.376471
14382     0.364706
14383     0.360784
14384     0.403922
14385     0.501961
14386     0.588235
14387     0.607843
14388     0.580392
14389     0.607843
14390     0.650980
14391     0.705882
14392     0.745098
14393     0.752941
14394     0.749020
14395     0.741176
14396     0.737255
14397     0.729412
14398     0.800000
14399     0.866667
14400     0.905882
14401     0.937255
14402     0.937255
14403     0.866667
14404     0.776471
14405     0.717647
14406     0.717647
14407     0.713726
14408     0.709804
14409     0.713726
14410     0.729412
14411     0.752941
14412     0.768627
14413     0.807843
14414     0.784314
14415     0.752941
14416     0.733333
14417     0.725490
14418     0.717647
14419     0.701961
14420     0.686275
14421     0.678431
14422     0.670588
14423     0.670588
14424     0.670588
14425     0.662745
14426     0.650980
14427     0.666667
14428     0.690196
14429     0.725490
14430     0.717647
14431     0.709804
14432     0.717647
14433     0.729412
14434     0.737255
14435     0.729412
14436     0.721569
14437     0.721569
14438     0.733333
14439     0.733333
14440     0.725490
14441     0.741176
14442     0.772549
14443     0.796078
14444     0.796078
14445     0.803922
14446     0.776471
14447     0.741176
14448     0.713726
14449     0.690196
14450     0.670588
14451     0.643137
14452     0.619608
14453     0.592157
14454     0.600000
14455     0.619608
14456     0.643137
14457     0.647059
14458     0.643137
14459     0.658824
14460     0.686275
14461     0.698039
14462     0.701961
14463     0.701961
14464     0.690196
14465     0.678431
14466     0.678431
14467     0.690196
14468     0.701961
14469     0.698039
14470     0.713726
14471     0.725490
14472     0.717647
14473     0.694118
14474     0.682353
14475     0.686275
14476     0.698039
14477     0.705882
14478     0.694118
14479     0.690196
14480     0.705882
14481     0.737255
14482     0.764706
14483     0.776471
14484     0.780392
14485     0.764706
14486     0.756863
14487     0.741176
14488     0.713726
14489     0.686275
14490     0.670588
14491     0.670588
14492     0.670588
14493     0.623529
14494     0.654902
14495     0.701961
14496     0.741176
14497     0.764706
14498     0.776471
14499     0.776471
14500     0.776471
14501     0.827451
14502     0.839216
14503     0.839216
14504     0.803922
14505     0.752941
14506     0.713726
14507     0.701961
14508     0.705882
14509     0.686275
14510     0.701961
14511     0.717647
14512     0.737255
14513     0.760784
14514     0.772549
14515     0.749020
14516     0.709804
14517     0.694118
14518     0.650980
14519     0.627451
14520     0.635294
14521     0.662745
14522     0.674510
14523     0.686275
14524     0.694118
14525     0.749020
14526     0.780392
14527     0.803922
14528     0.674510
14529     0.662745
14530     0.654902
14531     0.666667
14532     0.682353
14533     0.690196
14534     0.674510
14535     0.658824
14536     0.662745
14537     0.682353
14538     0.717647
14539     0.749020
14540     0.756863
14541     0.741176
14542     0.709804
14543     0.686275
14544     0.596078
14545     0.584314
14546     0.576471
14547     0.576471
14548     0.584314
14549     0.600000
14550     0.607843
14551     0.611765
14552     0.643137
14553     0.549020
14554     0.349020
14555     0.141176
14556     0.090196
14557     0.160784
14558     0.200000
14559     0.176471
14560     0.180392
14561     0.192157
14562     0.203922
14563     0.200000
14564     0.184314
14565     0.168627
14566     0.168627
14567     0.172549
14568     0.192157
14569     0.200000
14570     0.203922
14571     0.196078
14572     0.184314
14573     0.184314
14574     0.196078
14575     0.211765
14576     0.227451
14577     0.250980
14578     0.243137
14579     0.211765
14580     0.192157
14581     0.207843
14582     0.223529
14583     0.219608
14584     0.184314
14585     0.219608
14586     0.262745
14587     0.274510
14588     0.266667
14589     0.258824
14590     0.270588
14591     0.286275
14592     0.258824
14593     0.274510
14594     0.294118
14595     0.301961
14596     0.298039
14597     0.294118
14598     0.298039
14599     0.305882
14600     0.301961
14601     0.333333
14602     0.364706
14603     0.372549
14604     0.384314
14605     0.400000
14606     0.407843
14607     0.400000
14608     0.396078
14609     0.364706
14610     0.356863
14611     0.415686
14612     0.513726
14613     0.580392
14614     0.584314
14615     0.564706
14616     0.584314
14617     0.619608
14618     0.666667
14619     0.701961
14620     0.721569
14621     0.729412
14622     0.741176
14623     0.749020
14624     0.733333
14625     0.788235
14626     0.870588
14627     0.933333
14628     0.945098
14629     0.925490
14630     0.905882
14631     0.905882
14632     0.811765
14633     0.686275
14634     0.658824
14635     0.725490
14636     0.756863
14637     0.764706
14638     0.800000
14639     0.827451
14640     0.823529
14641     0.800000
14642     0.776471
14643     0.760784
14644     0.749020
14645     0.729412
14646     0.690196
14647     0.662745
14648     0.670588
14649     0.666667
14650     0.654902
14651     0.647059
14652     0.639216
14653     0.635294
14654     0.635294
14655     0.635294
14656     0.690196
14657     0.705882
14658     0.721569
14659     0.713726
14660     0.701961
14661     0.705882
14662     0.725490
14663     0.749020
14664     0.752941
14665     0.749020
14666     0.745098
14667     0.745098
14668     0.752941
14669     0.760784
14670     0.772549
14671     0.780392
14672     0.800000
14673     0.800000
14674     0.792157
14675     0.760784
14676     0.713726
14677     0.674510
14678     0.650980
14679     0.643137
14680     0.623529
14681     0.607843
14682     0.592157
14683     0.596078
14684     0.615686
14685     0.639216
14686     0.647059
14687     0.650980
14688     0.690196
14689     0.690196
14690     0.686275
14691     0.682353
14692     0.682353
14693     0.690196
14694     0.709804
14695     0.721569
14696     0.717647
14697     0.725490
14698     0.733333
14699     0.741176
14700     0.737255
14701     0.721569
14702     0.705882
14703     0.694118
14704     0.694118
14705     0.686275
14706     0.682353
14707     0.694118
14708     0.717647
14709     0.741176
14710     0.756863
14711     0.768627
14712     0.772549
14713     0.764706
14714     0.745098
14715     0.725490
14716     0.701961
14717     0.682353
14718     0.666667
14719     0.658824
14720     0.658824
14721     0.654902
14722     0.666667
14723     0.705882
14724     0.749020
14725     0.784314
14726     0.788235
14727     0.784314
14728     0.784314
14729     0.788235
14730     0.788235
14731     0.784314
14732     0.768627
14733     0.749020
14734     0.729412
14735     0.713726
14736     0.705882
14737     0.709804
14738     0.721569
14739     0.737255
14740     0.749020
14741     0.752941
14742     0.749020
14743     0.741176
14744     0.713726
14745     0.670588
14746     0.631373
14747     0.627451
14748     0.639216
14749     0.654902
14750     0.682353
14751     0.701961
14752     0.780392
14753     0.792157
14754     0.807843
14755     0.686275
14756     0.670588
14757     0.654902
14758     0.658824
14759     0.674510
14760     0.682353
14761     0.674510
14762     0.662745
14763     0.666667
14764     0.678431
14765     0.701961
14766     0.725490
14767     0.733333
14768     0.713726
14769     0.666667
14770     0.631373
14771     0.600000
14772     0.596078
14773     0.592157
14774     0.592157
14775     0.600000
14776     0.611765
14777     0.627451
14778     0.635294
14779     0.639216
14780     0.584314
14781     0.419608
14782     0.211765
14783     0.109804
14784     0.137255
14785     0.180392
14786     0.184314
14787     0.188235
14788     0.200000
14789     0.207843
14790     0.200000
14791     0.180392
14792     0.168627
14793     0.168627
14794     0.176471
14795     0.219608
14796     0.219608
14797     0.211765
14798     0.196078
14799     0.180392
14800     0.176471
14801     0.184314
14802     0.196078
14803     0.211765
14804     0.231373
14805     0.235294
14806     0.219608
14807     0.211765
14808     0.223529
14809     0.223529
14810     0.211765
14811     0.184314
14812     0.219608
14813     0.258824
14814     0.270588
14815     0.262745
14816     0.258824
14817     0.270588
14818     0.286275
14819     0.298039
14820     0.309804
14821     0.325490
14822     0.325490
14823     0.317647
14824     0.305882
14825     0.298039
14826     0.301961
14827     0.325490
14828     0.356863
14829     0.380392
14830     0.384314
14831     0.380392
14832     0.384314
14833     0.372549
14834     0.356863
14835     0.349020
14836     0.345098
14837     0.360784
14838     0.415686
14839     0.486275
14840     0.545098
14841     0.564706
14842     0.560784
14843     0.576471
14844     0.611765
14845     0.658824
14846     0.694118
14847     0.713726
14848     0.729412
14849     0.749020
14850     0.764706
14851     0.717647
14852     0.764706
14853     0.835294
14854     0.905882
14855     0.945098
14856     0.952941
14857     0.949020
14858     0.945098
14859     0.850980
14860     0.717647
14861     0.666667
14862     0.717647
14863     0.741176
14864     0.756863
14865     0.800000
14866     0.831373
14867     0.811765
14868     0.792157
14869     0.772549
14870     0.760784
14871     0.752941
14872     0.733333
14873     0.701961
14874     0.674510
14875     0.658824
14876     0.658824
14877     0.662745
14878     0.666667
14879     0.666667
14880     0.666667
14881     0.662745
14882     0.662745
14883     0.670588
14884     0.682353
14885     0.694118
14886     0.705882
14887     0.717647
14888     0.729412
14889     0.741176
14890     0.749020
14891     0.752941
14892     0.749020
14893     0.749020
14894     0.749020
14895     0.752941
14896     0.760784
14897     0.772549
14898     0.776471
14899     0.776471
14900     0.784314
14901     0.784314
14902     0.764706
14903     0.729412
14904     0.690196
14905     0.666667
14906     0.654902
14907     0.635294
14908     0.611765
14909     0.592157
14910     0.600000
14911     0.627451
14912     0.654902
14913     0.666667
14914     0.666667
14915     0.678431
14916     0.678431
14917     0.678431
14918     0.678431
14919     0.686275
14920     0.698039
14921     0.713726
14922     0.725490
14923     0.721569
14924     0.729412
14925     0.741176
14926     0.749020
14927     0.745098
14928     0.733333
14929     0.717647
14930     0.709804
14931     0.678431
14932     0.674510
14933     0.670588
14934     0.678431
14935     0.701961
14936     0.725490
14937     0.741176
14938     0.749020
14939     0.745098
14940     0.741176
14941     0.737255
14942     0.725490
14943     0.713726
14944     0.698039
14945     0.686275
14946     0.678431
14947     0.666667
14948     0.658824
14949     0.658824
14950     0.682353
14951     0.725490
14952     0.764706
14953     0.780392
14954     0.780392
14955     0.752941
14956     0.749020
14957     0.745098
14958     0.741176
14959     0.741176
14960     0.733333
14961     0.725490
14962     0.717647
14963     0.733333
14964     0.725490
14965     0.721569
14966     0.725490
14967     0.729412
14968     0.741176
14969     0.745098
14970     0.749020
14971     0.725490
14972     0.686275
14973     0.650980
14974     0.643137
14975     0.647059
14976     0.658824
14977     0.682353
14978     0.713726
14979     0.803922
14980     0.815686
14981     0.827451
14982     0.717647
14983     0.690196
14984     0.662745
14985     0.650980
14986     0.658824
14987     0.666667
14988     0.670588
14989     0.666667
14990     0.686275
14991     0.690196
14992     0.701961
14993     0.717647
14994     0.713726
14995     0.690196
14996     0.647059
14997     0.611765
14998     0.619608
14999     0.623529
15000     0.627451
15001     0.623529
15002     0.611765
15003     0.615686
15004     0.631373
15005     0.647059
15006     0.635294
15007     0.619608
15008     0.505882
15009     0.298039
15010     0.137255
15011     0.105882
15012     0.152941
15013     0.192157
15014     0.188235
15015     0.200000
15016     0.207843
15017     0.200000
15018     0.184314
15019     0.172549
15020     0.176471
15021     0.184314
15022     0.215686
15023     0.211765
15024     0.196078
15025     0.180392
15026     0.168627
15027     0.168627
15028     0.180392
15029     0.196078
15030     0.211765
15031     0.227451
15032     0.235294
15033     0.239216
15034     0.247059
15035     0.250980
15036     0.235294
15037     0.211765
15038     0.192157
15039     0.219608
15040     0.250980
15041     0.262745
15042     0.254902
15043     0.254902
15044     0.266667
15045     0.282353
15046     0.313726
15047     0.325490
15048     0.333333
15049     0.333333
15050     0.321569
15051     0.305882
15052     0.294118
15053     0.290196
15054     0.337255
15055     0.364706
15056     0.388235
15057     0.384314
15058     0.376471
15059     0.372549
15060     0.356863
15061     0.333333
15062     0.317647
15063     0.341176
15064     0.380392
15065     0.427451
15066     0.474510
15067     0.517647
15068     0.556863
15069     0.576471
15070     0.564706
15071     0.596078
15072     0.635294
15073     0.666667
15074     0.690196
15075     0.713726
15076     0.741176
15077     0.760784
15078     0.709804
15079     0.733333
15080     0.780392
15081     0.850980
15082     0.921569
15083     0.964706
15084     0.968627
15085     0.960784
15086     0.890196
15087     0.745098
15088     0.674510
15089     0.698039
15090     0.709804
15091     0.725490
15092     0.772549
15093     0.800000
15094     0.788235
15095     0.776471
15096     0.764706
15097     0.760784
15098     0.756863
15099     0.741176
15100     0.713726
15101     0.690196
15102     0.650980
15103     0.658824
15104     0.670588
15105     0.682353
15106     0.694118
15107     0.698039
15108     0.698039
15109     0.698039
15110     0.666667
15111     0.658824
15112     0.666667
15113     0.694118
15114     0.729412
15115     0.749020
15116     0.749020
15117     0.741176
15118     0.745098
15119     0.745098
15120     0.745098
15121     0.749020
15122     0.752941
15123     0.756863
15124     0.764706
15125     0.768627
15126     0.745098
15127     0.756863
15128     0.772549
15129     0.768627
15130     0.749020
15131     0.717647
15132     0.694118
15133     0.678431
15134     0.650980
15135     0.619608
15136     0.592157
15137     0.600000
15138     0.639216
15139     0.678431
15140     0.690196
15141     0.690196
15142     0.670588
15143     0.670588
15144     0.674510
15145     0.678431
15146     0.690196
15147     0.705882
15148     0.721569
15149     0.729412
15150     0.713726
15151     0.721569
15152     0.733333
15153     0.741176
15154     0.741176
15155     0.733333
15156     0.721569
15157     0.713726
15158     0.666667
15159     0.658824
15160     0.654902
15161     0.662745
15162     0.678431
15163     0.698039
15164     0.709804
15165     0.713726
15166     0.698039
15167     0.701961
15168     0.713726
15169     0.721569
15170     0.721569
15171     0.713726
15172     0.705882
15173     0.698039
15174     0.690196
15175     0.674510
15176     0.666667
15177     0.682353
15178     0.717647
15179     0.756863
15180     0.784314
15181     0.792157
15182     0.756863
15183     0.737255
15184     0.717647
15185     0.713726
15186     0.725490
15187     0.737255
15188     0.741176
15189     0.741176
15190     0.760784
15191     0.745098
15192     0.725490
15193     0.713726
15194     0.709804
15195     0.721569
15196     0.741176
15197     0.752941
15198     0.741176
15199     0.713726
15200     0.682353
15201     0.666667
15202     0.654902
15203     0.658824
15204     0.686275
15205     0.721569
15206     0.800000
15207     0.807843
15208     0.819608
15209     0.752941
15210     0.725490
15211     0.686275
15212     0.658824
15213     0.650980
15214     0.654902
15215     0.658824
15216     0.658824
15217     0.678431
15218     0.690196
15219     0.698039
15220     0.694118
15221     0.674510
15222     0.650980
15223     0.631373
15224     0.623529
15225     0.658824
15226     0.674510
15227     0.678431
15228     0.658824
15229     0.627451
15230     0.611765
15231     0.615686
15232     0.627451
15233     0.631373
15234     0.623529
15235     0.541176
15236     0.356863
15237     0.172549
15238     0.094118
15239     0.129412
15240     0.184314
15241     0.176471
15242     0.188235
15243     0.200000
15244     0.200000
15245     0.188235
15246     0.180392
15247     0.188235
15248     0.196078
15249     0.188235
15250     0.180392
15251     0.168627
15252     0.160784
15253     0.160784
15254     0.176471
15255     0.196078
15256     0.211765
15257     0.239216
15258     0.239216
15259     0.243137
15260     0.254902
15261     0.270588
15262     0.270588
15263     0.250980
15264     0.227451
15265     0.207843
15266     0.223529
15267     0.243137
15268     0.243137
15269     0.235294
15270     0.235294
15271     0.247059
15272     0.258824
15273     0.274510
15274     0.286275
15275     0.298039
15276     0.305882
15277     0.301961
15278     0.294118
15279     0.286275
15280     0.282353
15281     0.321569
15282     0.349020
15283     0.368627
15284     0.364706
15285     0.360784
15286     0.364706
15287     0.356863
15288     0.345098
15289     0.337255
15290     0.356863
15291     0.392157
15292     0.427451
15293     0.470588
15294     0.517647
15295     0.560784
15296     0.592157
15297     0.549020
15298     0.572549
15299     0.603922
15300     0.627451
15301     0.647059
15302     0.670588
15303     0.705882
15304     0.729412
15305     0.709804
15306     0.713726
15307     0.733333
15308     0.792157
15309     0.874510
15310     0.945098
15311     0.956863
15312     0.941176
15313     0.913725
15314     0.768627
15315     0.686275
15316     0.686275
15317     0.678431
15318     0.686275
15319     0.717647
15320     0.733333
15321     0.756863
15322     0.752941
15323     0.752941
15324     0.756863
15325     0.756863
15326     0.745098
15327     0.725490
15328     0.705882
15329     0.662745
15330     0.666667
15331     0.674510
15332     0.686275
15333     0.698039
15334     0.709804
15335     0.721569
15336     0.725490
15337     0.694118
15338     0.666667
15339     0.650980
15340     0.674510
15341     0.721569
15342     0.749020
15343     0.741176
15344     0.721569
15345     0.733333
15346     0.733333
15347     0.737255
15348     0.741176
15349     0.745098
15350     0.749020
15351     0.749020
15352     0.752941
15353     0.725490
15354     0.737255
15355     0.749020
15356     0.756863
15357     0.752941
15358     0.741176
15359     0.725490
15360     0.717647
15361     0.666667
15362     0.631373
15363     0.600000
15364     0.607843
15365     0.650980
15366     0.694118
15367     0.709804
15368     0.709804
15369     0.678431
15370     0.678431
15371     0.678431
15372     0.686275
15373     0.701961
15374     0.709804
15375     0.717647
15376     0.717647
15377     0.690196
15378     0.698039
15379     0.709804
15380     0.717647
15381     0.721569
15382     0.717647
15383     0.713726
15384     0.705882
15385     0.666667
15386     0.658824
15387     0.650980
15388     0.650980
15389     0.658824
15390     0.666667
15391     0.670588
15392     0.670588
15393     0.650980
15394     0.666667
15395     0.686275
15396     0.709804
15397     0.717647
15398     0.717647
15399     0.709804
15400     0.705882
15401     0.713726
15402     0.705882
15403     0.705882
15404     0.721569
15405     0.749020
15406     0.780392
15407     0.800000
15408     0.807843
15409     0.776471
15410     0.749020
15411     0.713726
15412     0.698039
15413     0.709804
15414     0.729412
15415     0.737255
15416     0.737255
15417     0.760784
15418     0.752941
15419     0.733333
15420     0.713726
15421     0.705882
15422     0.713726
15423     0.729412
15424     0.745098
15425     0.749020
15426     0.725490
15427     0.705882
15428     0.686275
15429     0.666667
15430     0.658824
15431     0.686275
15432     0.725490
15433     0.772549
15434     0.784314
15435     0.792157
15436     0.784314
15437     0.760784
15438     0.721569
15439     0.686275
15440     0.662745
15441     0.654902
15442     0.650980
15443     0.647059
15444     0.635294
15445     0.658824
15446     0.674510
15447     0.654902
15448     0.615686
15449     0.596078
15450     0.607843
15451     0.631373
15452     0.705882
15453     0.717647
15454     0.725490
15455     0.701961
15456     0.658824
15457     0.623529
15458     0.607843
15459     0.607843
15460     0.623529
15461     0.600000
15462     0.529412
15463     0.392157
15464     0.223529
15465     0.117647
15466     0.121569
15467     0.172549
15468     0.152941
15469     0.172549
15470     0.192157
15471     0.200000
15472     0.196078
15473     0.192157
15474     0.196078
15475     0.207843
15476     0.180392
15477     0.172549
15478     0.160784
15479     0.160784
15480     0.172549
15481     0.192157
15482     0.215686
15483     0.227451
15484     0.258824
15485     0.247059
15486     0.239216
15487     0.250980
15488     0.258824
15489     0.258824
15490     0.243137
15491     0.235294
15492     0.223529
15493     0.231373
15494     0.235294
15495     0.227451
15496     0.215686
15497     0.211765
15498     0.223529
15499     0.231373
15500     0.223529
15501     0.231373
15502     0.247059
15503     0.262745
15504     0.278431
15505     0.290196
15506     0.290196
15507     0.290196
15508     0.301961
15509     0.325490
15510     0.337255
15511     0.329412
15512     0.333333
15513     0.345098
15514     0.349020
15515     0.345098
15516     0.360784
15517     0.360784
15518     0.368627
15519     0.400000
15520     0.447059
15521     0.498039
15522     0.537255
15523     0.556863
15524     0.529412
15525     0.545098
15526     0.568627
15527     0.580392
15528     0.596078
15529     0.615686
15530     0.647059
15531     0.670588
15532     0.698039
15533     0.698039
15534     0.709804
15535     0.749020
15536     0.835294
15537     0.921569
15538     0.949020
15539     0.933333
15540     0.925490
15541     0.792157
15542     0.713726
15543     0.701961
15544     0.678431
15545     0.666667
15546     0.674510
15547     0.670588
15548     0.721569
15549     0.725490
15550     0.737255
15551     0.745098
15552     0.749020
15553     0.741176
15554     0.725490
15555     0.713726
15556     0.694118
15557     0.686275
15558     0.678431
15559     0.674510
15560     0.682353
15561     0.701961
15562     0.721569
15563     0.737255
15564     0.733333
15565     0.698039
15566     0.666667
15567     0.670588
15568     0.701961
15569     0.721569
15570     0.717647
15571     0.698039
15572     0.717647
15573     0.721569
15574     0.729412
15575     0.733333
15576     0.737255
15577     0.737255
15578     0.733333
15579     0.733333
15580     0.717647
15581     0.721569
15582     0.725490
15583     0.737255
15584     0.745098
15585     0.749020
15586     0.752941
15587     0.752941
15588     0.678431
15589     0.647059
15590     0.619608
15591     0.623529
15592     0.662745
15593     0.701961
15594     0.721569
15595     0.725490
15596     0.701961
15597     0.698039
15598     0.694118
15599     0.701961
15600     0.713726
15601     0.717647
15602     0.709804
15603     0.701961
15604     0.674510
15605     0.682353
15606     0.694118
15607     0.705882
15608     0.709804
15609     0.713726
15610     0.709804
15611     0.709804
15612     0.682353
15613     0.670588
15614     0.658824
15615     0.650980
15616     0.650980
15617     0.650980
15618     0.647059
15619     0.643137
15620     0.623529
15621     0.643137
15622     0.666667
15623     0.690196
15624     0.705882
15625     0.701961
15626     0.694118
15627     0.686275
15628     0.713726
15629     0.721569
15630     0.741176
15631     0.768627
15632     0.792157
15633     0.803922
15634     0.807843
15635     0.803922
15636     0.792157
15637     0.760784
15638     0.721569
15639     0.694118
15640     0.690196
15641     0.694118
15642     0.698039
15643     0.698039
15644     0.737255
15645     0.737255
15646     0.737255
15647     0.729412
15648     0.717647
15649     0.713726
15650     0.721569
15651     0.729412
15652     0.741176
15653     0.725490
15654     0.713726
15655     0.698039
15656     0.678431
15657     0.666667
15658     0.686275
15659     0.721569
15660     0.752941
15661     0.760784
15662     0.776471
15663     0.796078
15664     0.780392
15665     0.756863
15666     0.725490
15667     0.694118
15668     0.670588
15669     0.650980
15670     0.643137
15671     0.627451
15672     0.650980
15673     0.670588
15674     0.647059
15675     0.600000
15676     0.580392
15677     0.596078
15678     0.619608
15679     0.701961
15680     0.721569
15681     0.737255
15682     0.729412
15683     0.698039
15684     0.658824
15685     0.627451
15686     0.611765
15687     0.615686
15688     0.572549
15689     0.517647
15690     0.435294
15691     0.298039
15692     0.168627
15693     0.129412
15694     0.160784
15695     0.133333
15696     0.156863
15697     0.188235
15698     0.203922
15699     0.200000
15700     0.192157
15701     0.196078
15702     0.200000
15703     0.203922
15704     0.192157
15705     0.180392
15706     0.176471
15707     0.188235
15708     0.207843
15709     0.219608
15710     0.223529
15711     0.250980
15712     0.231373
15713     0.223529
15714     0.231373
15715     0.235294
15716     0.227451
15717     0.223529
15718     0.231373
15719     0.235294
15720     0.235294
15721     0.227451
15722     0.215686
15723     0.203922
15724     0.203922
15725     0.211765
15726     0.223529
15727     0.215686
15728     0.219608
15729     0.227451
15730     0.247059
15731     0.270588
15732     0.290196
15733     0.298039
15734     0.301961
15735     0.294118
15736     0.317647
15737     0.329412
15738     0.321569
15739     0.317647
15740     0.329412
15741     0.337255
15742     0.329412
15743     0.360784
15744     0.345098
15745     0.337255
15746     0.360784
15747     0.407843
15748     0.454902
15749     0.478431
15750     0.486275
15751     0.509804
15752     0.525490
15753     0.541176
15754     0.549020
15755     0.556863
15756     0.572549
15757     0.600000
15758     0.623529
15759     0.662745
15760     0.682353
15761     0.701961
15762     0.733333
15763     0.811765
15764     0.909804
15765     0.956863
15766     0.952941
15767     0.937255
15768     0.819608
15769     0.749020
15770     0.733333
15771     0.705882
15772     0.682353
15773     0.674510
15774     0.647059
15775     0.690196
15776     0.701961
15777     0.717647
15778     0.729412
15779     0.737255
15780     0.729412
15781     0.721569
15782     0.713726
15783     0.717647
15784     0.701961
15785     0.682353
15786     0.670588
15787     0.674510
15788     0.694118
15789     0.717647
15790     0.733333
15791     0.752941
15792     0.725490
15793     0.694118
15794     0.682353
15795     0.690196
15796     0.698039
15797     0.690196
15798     0.682353
15799     0.709804
15800     0.717647
15801     0.725490
15802     0.733333
15803     0.737255
15804     0.733333
15805     0.725490
15806     0.721569
15807     0.717647
15808     0.713726
15809     0.713726
15810     0.721569
15811     0.741176
15812     0.752941
15813     0.760784
15814     0.760784
15815     0.694118
15816     0.674510
15817     0.654902
15818     0.654902
15819     0.678431
15820     0.709804
15821     0.729412
15822     0.737255
15823     0.729412
15824     0.721569
15825     0.717647
15826     0.721569
15827     0.733333
15828     0.729412
15829     0.713726
15830     0.698039
15831     0.674510
15832     0.682353
15833     0.694118
15834     0.705882
15835     0.713726
15836     0.721569
15837     0.721569
15838     0.721569
15839     0.694118
15840     0.686275
15841     0.670588
15842     0.662745
15843     0.662745
15844     0.658824
15845     0.650980
15846     0.643137
15847     0.631373
15848     0.643137
15849     0.662745
15850     0.678431
15851     0.686275
15852     0.678431
15853     0.666667
15854     0.658824
15855     0.686275
15856     0.713726
15857     0.752941
15858     0.792157
15859     0.811765
15860     0.807843
15861     0.796078
15862     0.780392
15863     0.803922
15864     0.788235
15865     0.756863
15866     0.725490
15867     0.698039
15868     0.682353
15869     0.678431
15870     0.678431
15871     0.698039
15872     0.713726
15873     0.733333
15874     0.737255
15875     0.725490
15876     0.717647
15877     0.717647
15878     0.721569
15879     0.733333
15880     0.717647
15881     0.709804
15882     0.713726
15883     0.701961
15884     0.686275
15885     0.694118
15886     0.713726
15887     0.713726
15888     0.725490
15889     0.741176
15890     0.784314
15891     0.788235
15892     0.780392
15893     0.764706
15894     0.733333
15895     0.698039
15896     0.666667
15897     0.647059
15898     0.647059
15899     0.662745
15900     0.670588
15901     0.654902
15902     0.623529
15903     0.588235
15904     0.572549
15905     0.568627
15906     0.631373
15907     0.658824
15908     0.694118
15909     0.717647
15910     0.713726
15911     0.686275
15912     0.654902
15913     0.631373
15914     0.611765
15915     0.568627
15916     0.537255
15917     0.501961
15918     0.384314
15919     0.227451
15920     0.149020
15921     0.160784
15922     0.125490
15923     0.156863
15924     0.192157
15925     0.207843
15926     0.203922
15927     0.188235
15928     0.180392
15929     0.180392
15930     0.211765
15931     0.196078
15932     0.184314
15933     0.184314
15934     0.196078
15935     0.207843
15936     0.207843
15937     0.207843
15938     0.223529
15939     0.211765
15940     0.215686
15941     0.227451
15942     0.227451
15943     0.211765
15944     0.215686
15945     0.235294
15946     0.243137
15947     0.235294
15948     0.223529
15949     0.207843
15950     0.203922
15951     0.207843
15952     0.223529
15953     0.235294
15954     0.254902
15955     0.247059
15956     0.239216
15957     0.243137
15958     0.262745
15959     0.282353
15960     0.290196
15961     0.290196
15962     0.298039
15963     0.329412
15964     0.349020
15965     0.352941
15966     0.352941
15967     0.356863
15968     0.352941
15969     0.337255
15970     0.349020
15971     0.345098
15972     0.345098
15973     0.364706
15974     0.392157
15975     0.419608
15976     0.427451
15977     0.427451
15978     0.498039
15979     0.513726
15980     0.529412
15981     0.537255
15982     0.541176
15983     0.556863
15984     0.580392
15985     0.600000
15986     0.623529
15987     0.670588
15988     0.701961
15989     0.725490
15990     0.788235
15991     0.882353
15992     0.945098
15993     0.956863
15994     0.937255
15995     0.827451
15996     0.764706
15997     0.752941
15998     0.725490
15999     0.705882
16000     0.694118
16001     0.658824
16002     0.662745
16003     0.678431
16004     0.701961
16005     0.717647
16006     0.721569
16007     0.717647
16008     0.709804
16009     0.705882
16010     0.725490
16011     0.713726
16012     0.694118
16013     0.682353
16014     0.678431
16015     0.694118
16016     0.709804
16017     0.721569
16018     0.733333
16019     0.729412
16020     0.721569
16021     0.709804
16022     0.694118
16023     0.682353
16024     0.678431
16025     0.682353
16026     0.709804
16027     0.721569
16028     0.733333
16029     0.741176
16030     0.741176
16031     0.737255
16032     0.725490
16033     0.717647
16034     0.705882
16035     0.705882
16036     0.709804
16037     0.725490
16038     0.745098
16039     0.756863
16040     0.756863
16041     0.749020
16042     0.713726
16043     0.705882
16044     0.694118
16045     0.690196
16046     0.698039
16047     0.713726
16048     0.737255
16049     0.752941
16050     0.745098
16051     0.737255
16052     0.729412
16053     0.741176
16054     0.749020
16055     0.745098
16056     0.725490
16057     0.701961
16058     0.674510
16059     0.678431
16060     0.694118
16061     0.705882
16062     0.717647
16063     0.729412
16064     0.733333
16065     0.737255
16066     0.698039
16067     0.690196
16068     0.682353
16069     0.678431
16070     0.682353
16071     0.678431
16072     0.670588
16073     0.666667
16074     0.654902
16075     0.662745
16076     0.670588
16077     0.674510
16078     0.670588
16079     0.654902
16080     0.639216
16081     0.627451
16082     0.658824
16083     0.698039
16084     0.752941
16085     0.796078
16086     0.815686
16087     0.803922
16088     0.780392
16089     0.764706
16090     0.792157
16091     0.796078
16092     0.788235
16093     0.756863
16094     0.717647
16095     0.686275
16096     0.674510
16097     0.674510
16098     0.662745
16099     0.690196
16100     0.721569
16101     0.733333
16102     0.729412
16103     0.717647
16104     0.721569
16105     0.725490
16106     0.725490
16107     0.709804
16108     0.709804
16109     0.725490
16110     0.729412
16111     0.713726
16112     0.705882
16113     0.709804
16114     0.694118
16115     0.705882
16116     0.717647
16117     0.772549
16118     0.784314
16119     0.796078
16120     0.788235
16121     0.756863
16122     0.717647
16123     0.678431
16124     0.658824
16125     0.650980
16126     0.650980
16127     0.650980
16128     0.647059
16129     0.627451
16130     0.588235
16131     0.533333
16132     0.498039
16133     0.556863
16134     0.588235
16135     0.639216
16136     0.686275
16137     0.713726
16138     0.701961
16139     0.666667
16140     0.639216
16141     0.611765
16142     0.572549
16143     0.564706
16144     0.556863
16145     0.447059
16146     0.266667
16147     0.164706
16148     0.164706
16149     0.125490
16150     0.156863
16151     0.196078
16152     0.211765
16153     0.203922
16154     0.184314
16155     0.168627
16156     0.160784
16157     0.192157
16158     0.180392
16159     0.172549
16160     0.176471
16161     0.188235
16162     0.200000
16163     0.200000
16164     0.196078
16165     0.203922
16166     0.203922
16167     0.219608
16168     0.239216
16169     0.231373
16170     0.211765
16171     0.219608
16172     0.247059
16173     0.243137
16174     0.231373
16175     0.219608
16176     0.207843
16177     0.207843
16178     0.219608
16179     0.239216
16180     0.250980
16181     0.294118
16182     0.274510
16183     0.250980
16184     0.247059
16185     0.254902
16186     0.266667
16187     0.270588
16188     0.270588
16189     0.301961
16190     0.341176
16191     0.376471
16192     0.392157
16193     0.400000
16194     0.400000
16195     0.388235
16196     0.368627
16197     0.352941
16198     0.360784
16199     0.376471
16200     0.392157
16201     0.403922
16202     0.411765
16203     0.411765
16204     0.411765
16205     0.490196
16206     0.509804
16207     0.525490
16208     0.537255
16209     0.541176
16210     0.556863
16211     0.576471
16212     0.596078
16213     0.600000
16214     0.662745
16215     0.705882
16216     0.717647
16217     0.764706
16218     0.850980
16219     0.917647
16220     0.937255
16221     0.925490
16222     0.823529
16223     0.760784
16224     0.752941
16225     0.729412
16226     0.717647
16227     0.709804
16228     0.674510
16229     0.647059
16230     0.666667
16231     0.690196
16232     0.709804
16233     0.713726
16234     0.709804
16235     0.701961
16236     0.698039
16237     0.721569
16238     0.713726
16239     0.701961
16240     0.694118
16241     0.690196
16242     0.698039
16243     0.709804
16244     0.717647
16245     0.705882
16246     0.725490
16247     0.741176
16248     0.733333
16249     0.705882
16250     0.682353
16251     0.678431
16252     0.682353
16253     0.713726
16254     0.725490
16255     0.737255
16256     0.749020
16257     0.749020
16258     0.741176
16259     0.729412
16260     0.721569
16261     0.698039
16262     0.701961
16263     0.709804
16264     0.729412
16265     0.749020
16266     0.756863
16267     0.749020
16268     0.733333
16269     0.725490
16270     0.729412
16271     0.725490
16272     0.713726
16273     0.709804
16274     0.717647
16275     0.741176
16276     0.760784
16277     0.752941
16278     0.741176
16279     0.737255
16280     0.749020
16281     0.760784
16282     0.756863
16283     0.733333
16284     0.709804
16285     0.666667
16286     0.674510
16287     0.686275
16288     0.701961
16289     0.717647
16290     0.725490
16291     0.733333
16292     0.737255
16293     0.698039
16294     0.690196
16295     0.686275
16296     0.690196
16297     0.694118
16298     0.698039
16299     0.694118
16300     0.686275
16301     0.678431
16302     0.682353
16303     0.682353
16304     0.678431
16305     0.662745
16306     0.643137
16307     0.623529
16308     0.611765
16309     0.650980
16310     0.694118
16311     0.752941
16312     0.796078
16313     0.815686
16314     0.803922
16315     0.780392
16316     0.764706
16317     0.752941
16318     0.772549
16319     0.784314
16320     0.760784
16321     0.709804
16322     0.670588
16323     0.658824
16324     0.662745
16325     0.647059
16326     0.678431
16327     0.713726
16328     0.729412
16329     0.725490
16330     0.721569
16331     0.725490
16332     0.737255
16333     0.721569
16334     0.705882
16335     0.709804
16336     0.733333
16337     0.749020
16338     0.733333
16339     0.717647
16340     0.709804
16341     0.705882
16342     0.717647
16343     0.725490
16344     0.752941
16345     0.784314
16346     0.811765
16347     0.819608
16348     0.796078
16349     0.756863
16350     0.721569
16351     0.701961
16352     0.670588
16353     0.666667
16354     0.658824
16355     0.647059
16356     0.623529
16357     0.588235
16358     0.541176
16359     0.509804
16360     0.509804
16361     0.521569
16362     0.556863
16363     0.619608
16364     0.678431
16365     0.705882
16366     0.690196
16367     0.666667
16368     0.588235
16369     0.580392
16370     0.592157
16371     0.584314
16372     0.482353
16373     0.309804
16374     0.172549
16375     0.117647
16376     0.105882
16377     0.137255
16378     0.180392
16379     0.200000
16380     0.200000
16381     0.192157
16382     0.184314
16383     0.184314
16384     0.227451
16385     0.211765
16386     0.192157
16387     0.188235
16388     0.192157
16389     0.196078
16390     0.188235
16391     0.176471
16392     0.164706
16393     0.184314
16394     0.219608
16395     0.254902
16396     0.254902
16397     0.239216
16398     0.235294
16399     0.250980
16400     0.243137
16401     0.231373
16402     0.211765
16403     0.196078
16404     0.192157
16405     0.196078
16406     0.203922
16407     0.211765
16408     0.266667
16409     0.274510
16410     0.270588
16411     0.250980
16412     0.227451
16413     0.215686
16414     0.227451
16415     0.243137
16416     0.274510
16417     0.305882
16418     0.349020
16419     0.376471
16420     0.380392
16421     0.376471
16422     0.372549
16423     0.376471
16424     0.372549
16425     0.368627
16426     0.368627
16427     0.364706
16428     0.368627
16429     0.376471
16430     0.380392
16431     0.384314
16432     0.435294
16433     0.478431
16434     0.517647
16435     0.533333
16436     0.560784
16437     0.596078
16438     0.611765
16439     0.607843
16440     0.643137
16441     0.650980
16442     0.678431
16443     0.729412
16444     0.784314
16445     0.843137
16446     0.898039
16447     0.937255
16448     0.921569
16449     0.823529
16450     0.749020
16451     0.749020
16452     0.768627
16453     0.749020
16454     0.709804
16455     0.690196
16456     0.654902
16457     0.647059
16458     0.658824
16459     0.686275
16460     0.705882
16461     0.701961
16462     0.701961
16463     0.709804
16464     0.709804
16465     0.717647
16466     0.709804
16467     0.682353
16468     0.674510
16469     0.694118
16470     0.713726
16471     0.721569
16472     0.709804
16473     0.717647
16474     0.725490
16475     0.725490
16476     0.717647
16477     0.705882
16478     0.698039
16479     0.698039
16480     0.713726
16481     0.725490
16482     0.741176
16483     0.760784
16484     0.788235
16485     0.796078
16486     0.764706
16487     0.717647
16488     0.698039
16489     0.701961
16490     0.709804
16491     0.721569
16492     0.737255
16493     0.741176
16494     0.737255
16495     0.733333
16496     0.733333
16497     0.725490
16498     0.717647
16499     0.725490
16500     0.741176
16501     0.752941
16502     0.749020
16503     0.741176
16504     0.752941
16505     0.733333
16506     0.709804
16507     0.705882
16508     0.725490
16509     0.749020
16510     0.764706
16511     0.768627
16512     0.725490
16513     0.717647
16514     0.701961
16515     0.690196
16516     0.690196
16517     0.698039
16518     0.705882
16519     0.713726
16520     0.709804
16521     0.713726
16522     0.705882
16523     0.686275
16524     0.670588
16525     0.674510
16526     0.701961
16527     0.733333
16528     0.709804
16529     0.701961
16530     0.686275
16531     0.670588
16532     0.647059
16533     0.631373
16534     0.615686
16535     0.607843
16536     0.647059
16537     0.686275
16538     0.733333
16539     0.772549
16540     0.788235
16541     0.784314
16542     0.772549
16543     0.760784
16544     0.749020
16545     0.749020
16546     0.749020
16547     0.745098
16548     0.733333
16549     0.705882
16550     0.674510
16551     0.650980
16552     0.658824
16553     0.674510
16554     0.694118
16555     0.701961
16556     0.698039
16557     0.701961
16558     0.709804
16559     0.721569
16560     0.690196
16561     0.678431
16562     0.682353
16563     0.717647
16564     0.764706
16565     0.788235
16566     0.776471
16567     0.752941
16568     0.709804
16569     0.713726
16570     0.721569
16571     0.741176
16572     0.768627
16573     0.807843
16574     0.823529
16575     0.803922
16576     0.768627
16577     0.733333
16578     0.713726
16579     0.694118
16580     0.682353
16581     0.674510
16582     0.662745
16583     0.643137
16584     0.611765
16585     0.572549
16586     0.545098
16587     0.517647
16588     0.525490
16589     0.549020
16590     0.596078
16591     0.639216
16592     0.662745
16593     0.662745
16594     0.650980
16595     0.611765
16596     0.603922
16597     0.611765
16598     0.603922
16599     0.525490
16600     0.372549
16601     0.239216
16602     0.172549
16603     0.109804
16604     0.125490
16605     0.145098
16606     0.164706
16607     0.172549
16608     0.180392
16609     0.184314
16610     0.192157
16611     0.223529
16612     0.211765
16613     0.203922
16614     0.200000
16615     0.196078
16616     0.196078
16617     0.192157
16618     0.184314
16619     0.176471
16620     0.180392
16621     0.203922
16622     0.231373
16623     0.231373
16624     0.211765
16625     0.203922
16626     0.211765
16627     0.223529
16628     0.219608
16629     0.207843
16630     0.200000
16631     0.192157
16632     0.192157
16633     0.196078
16634     0.196078
16635     0.262745
16636     0.274510
16637     0.278431
16638     0.270588
16639     0.247059
16640     0.227451
16641     0.223529
16642     0.223529
16643     0.235294
16644     0.270588
16645     0.317647
16646     0.349020
16647     0.356863
16648     0.356863
16649     0.360784
16650     0.364706
16651     0.368627
16652     0.360784
16653     0.349020
16654     0.349020
16655     0.360784
16656     0.368627
16657     0.372549
16658     0.372549
16659     0.392157
16660     0.447059
16661     0.505882
16662     0.537255
16663     0.560784
16664     0.596078
16665     0.615686
16666     0.615686
16667     0.623529
16668     0.635294
16669     0.662745
16670     0.709804
16671     0.760784
16672     0.819608
16673     0.878431
16674     0.917647
16675     0.898039
16676     0.819608
16677     0.756863
16678     0.756863
16679     0.764706
16680     0.737255
16681     0.701961
16682     0.690196
16683     0.666667
16684     0.654902
16685     0.662745
16686     0.682353
16687     0.690196
16688     0.682353
16689     0.678431
16690     0.690196
16691     0.701961
16692     0.709804
16693     0.694118
16694     0.666667
16695     0.658824
16696     0.682353
16697     0.709804
16698     0.717647
16699     0.705882
16700     0.717647
16701     0.729412
16702     0.733333
16703     0.725490
16704     0.713726
16705     0.701961
16706     0.694118
16707     0.698039
16708     0.709804
16709     0.725490
16710     0.749020
16711     0.780392
16712     0.788235
16713     0.745098
16714     0.694118
16715     0.678431
16716     0.682353
16717     0.690196
16718     0.701961
16719     0.717647
16720     0.729412
16721     0.733333
16722     0.733333
16723     0.725490
16724     0.721569
16725     0.721569
16726     0.733333
16727     0.752941
16728     0.764706
16729     0.764706
16730     0.760784
16731     0.725490
16732     0.709804
16733     0.690196
16734     0.690196
16735     0.705882
16736     0.729412
16737     0.745098
16738     0.749020
16739     0.756863
16740     0.745098
16741     0.717647
16742     0.694118
16743     0.678431
16744     0.674510
16745     0.678431
16746     0.682353
16747     0.713726
16748     0.717647
16749     0.709804
16750     0.686275
16751     0.658824
16752     0.662745
16753     0.698039
16754     0.733333
16755     0.729412
16756     0.721569
16757     0.698039
16758     0.674510
16759     0.647059
16760     0.623529
16761     0.607843
16762     0.600000
16763     0.627451
16764     0.658824
16765     0.705882
16766     0.745098
16767     0.764706
16768     0.768627
16769     0.768627
16770     0.764706
16771     0.749020
16772     0.749020
16773     0.749020
16774     0.745098
16775     0.733333
16776     0.717647
16777     0.694118
16778     0.678431
16779     0.662745
16780     0.670588
16781     0.678431
16782     0.686275
16783     0.698039
16784     0.709804
16785     0.721569
16786     0.729412
16787     0.682353
16788     0.666667
16789     0.662745
16790     0.698039
16791     0.749020
16792     0.792157
16793     0.803922
16794     0.796078
16795     0.733333
16796     0.729412
16797     0.721569
16798     0.709804
16799     0.741176
16800     0.784314
16801     0.807843
16802     0.800000
16803     0.772549
16804     0.737255
16805     0.713726
16806     0.709804
16807     0.698039
16808     0.682353
16809     0.670588
16810     0.662745
16811     0.639216
16812     0.607843
16813     0.580392
16814     0.529412
16815     0.537255
16816     0.549020
16817     0.568627
16818     0.592157
16819     0.611765
16820     0.623529
16821     0.631373
16822     0.635294
16823     0.631373
16824     0.635294
16825     0.635294
16826     0.588235
16827     0.470588
16828     0.333333
16829     0.239216
16830     0.141176
16831     0.137255
16832     0.133333
16833     0.137255
16834     0.152941
16835     0.172549
16836     0.180392
16837     0.188235
16838     0.196078
16839     0.200000
16840     0.203922
16841     0.200000
16842     0.192157
16843     0.184314
16844     0.184314
16845     0.184314
16846     0.188235
16847     0.176471
16848     0.180392
16849     0.200000
16850     0.203922
16851     0.188235
16852     0.172549
16853     0.176471
16854     0.215686
16855     0.215686
16856     0.215686
16857     0.215686
16858     0.211765
16859     0.203922
16860     0.196078
16861     0.192157
16862     0.243137
16863     0.258824
16864     0.278431
16865     0.286275
16866     0.270588
16867     0.243137
16868     0.219608
16869     0.203922
16870     0.215686
16871     0.254902
16872     0.301961
16873     0.337255
16874     0.349020
16875     0.356863
16876     0.364706
16877     0.372549
16878     0.376471
16879     0.356863
16880     0.337255
16881     0.337255
16882     0.360784
16883     0.376471
16884     0.376471
16885     0.368627
16886     0.364706
16887     0.431373
16888     0.498039
16889     0.537255
16890     0.556863
16891     0.580392
16892     0.607843
16893     0.619608
16894     0.607843
16895     0.627451
16896     0.650980
16897     0.686275
16898     0.733333
16899     0.792157
16900     0.850980
16901     0.886275
16902     0.858824
16903     0.800000
16904     0.760784
16905     0.760784
16906     0.756863
16907     0.725490
16908     0.701961
16909     0.701961
16910     0.690196
16911     0.674510
16912     0.670588
16913     0.678431
16914     0.670588
16915     0.654902
16916     0.650980
16917     0.658824
16918     0.686275
16919     0.694118
16920     0.678431
16921     0.647059
16922     0.635294
16923     0.662745
16924     0.701961
16925     0.717647
16926     0.713726
16927     0.725490
16928     0.737255
16929     0.741176
16930     0.741176
16931     0.729412
16932     0.709804
16933     0.701961
16934     0.694118
16935     0.701961
16936     0.713726
16937     0.737255
16938     0.772549
16939     0.780392
16940     0.737255
16941     0.682353
16942     0.670588
16943     0.674510
16944     0.678431
16945     0.690196
16946     0.701961
16947     0.717647
16948     0.733333
16949     0.741176
16950     0.713726
16951     0.713726
16952     0.717647
16953     0.729412
16954     0.749020
16955     0.764706
16956     0.772549
16957     0.776471
16958     0.713726
16959     0.701961
16960     0.686275
16961     0.686275
16962     0.698039
16963     0.717647
16964     0.729412
16965     0.737255
16966     0.780392
16967     0.760784
16968     0.733333
16969     0.698039
16970     0.674510
16971     0.662745
16972     0.662745
16973     0.662745
16974     0.701961
16975     0.709804
16976     0.701961
16977     0.670588
16978     0.639216
16979     0.639216
16980     0.682353
16981     0.725490
16982     0.745098
16983     0.729412
16984     0.705882
16985     0.674510
16986     0.647059
16987     0.627451
16988     0.611765
16989     0.603922
16990     0.607843
16991     0.635294
16992     0.674510
16993     0.705882
16994     0.729412
16995     0.749020
16996     0.760784
16997     0.768627
16998     0.749020
16999     0.749020
17000     0.749020
17001     0.745098
17002     0.741176
17003     0.729412
17004     0.721569
17005     0.717647
17006     0.682353
17007     0.666667
17008     0.654902
17009     0.658824
17010     0.686275
17011     0.713726
17012     0.729412
17013     0.737255
17014     0.709804
17015     0.690196
17016     0.674510
17017     0.694118
17018     0.741176
17019     0.792157
17020     0.819608
17021     0.827451
17022     0.772549
17023     0.756863
17024     0.737255
17025     0.705882
17026     0.733333
17027     0.772549
17028     0.800000
17029     0.803922
17030     0.780392
17031     0.749020
17032     0.729412
17033     0.717647
17034     0.698039
17035     0.678431
17036     0.670588
17037     0.666667
17038     0.654902
17039     0.627451
17040     0.603922
17041     0.537255
17042     0.549020
17043     0.564706
17044     0.568627
17045     0.568627
17046     0.576471
17047     0.592157
17048     0.603922
17049     0.650980
17050     0.654902
17051     0.658824
17052     0.658824
17053     0.643137
17054     0.560784
17055     0.407843
17056     0.278431
17057     0.188235
17058     0.168627
17059     0.152941
17060     0.149020
17061     0.160784
17062     0.172549
17063     0.172549
17064     0.168627
17065     0.164706
17066     0.180392
17067     0.192157
17068     0.192157
17069     0.176471
17070     0.168627
17071     0.168627
17072     0.176471
17073     0.188235
17074     0.168627
17075     0.164706
17076     0.184314
17077     0.196078
17078     0.184314
17079     0.172549
17080     0.172549
17081     0.215686
17082     0.223529
17083     0.235294
17084     0.243137
17085     0.239216
17086     0.227451
17087     0.211765
17088     0.203922
17089     0.207843
17090     0.231373
17091     0.262745
17092     0.286275
17093     0.286275
17094     0.258824
17095     0.223529
17096     0.196078
17097     0.215686
17098     0.247059
17099     0.290196
17100     0.321569
17101     0.337255
17102     0.349020
17103     0.364706
17104     0.376471
17105     0.392157
17106     0.364706
17107     0.337255
17108     0.341176
17109     0.372549
17110     0.392157
17111     0.392157
17112     0.376471
17113     0.376471
17114     0.431373
17115     0.494118
17116     0.525490
17117     0.537255
17118     0.556863
17119     0.596078
17120     0.627451
17121     0.623529
17122     0.647059
17123     0.666667
17124     0.682353
17125     0.717647
17126     0.772549
17127     0.827451
17128     0.858824
17129     0.807843
17130     0.764706
17131     0.741176
17132     0.752941
17133     0.749020
17134     0.721569
17135     0.705882
17136     0.717647
17137     0.713726
17138     0.698039
17139     0.690196
17140     0.682353
17141     0.662745
17142     0.631373
17143     0.623529
17144     0.635294
17145     0.674510
17146     0.682353
17147     0.666667
17148     0.631373
17149     0.619608
17150     0.650980
17151     0.698039
17152     0.725490
17153     0.741176
17154     0.741176
17155     0.741176
17156     0.745098
17157     0.749020
17158     0.745098
17159     0.733333
17160     0.721569
17161     0.709804
17162     0.705882
17163     0.705882
17164     0.721569
17165     0.752941
17166     0.772549
17167     0.741176
17168     0.694118
17169     0.694118
17170     0.694118
17171     0.694118
17172     0.694118
17173     0.701961
17174     0.713726
17175     0.733333
17176     0.749020
17177     0.721569
17178     0.717647
17179     0.713726
17180     0.717647
17181     0.733333
17182     0.752941
17183     0.772549
17184     0.784314
17185     0.733333
17186     0.725490
17187     0.713726
17188     0.709804
17189     0.709804
17190     0.721569
17191     0.729412
17192     0.733333
17193     0.772549
17194     0.756863
17195     0.733333
17196     0.705882
17197     0.686275
17198     0.678431
17199     0.674510
17200     0.674510
17201     0.678431
17202     0.694118
17203     0.690196
17204     0.658824
17205     0.623529
17206     0.623529
17207     0.666667
17208     0.709804
17209     0.745098
17210     0.729412
17211     0.705882
17212     0.678431
17213     0.654902
17214     0.635294
17215     0.623529
17216     0.619608
17217     0.615686
17218     0.631373
17219     0.654902
17220     0.678431
17221     0.701961
17222     0.725490
17223     0.749020
17224     0.764706
17225     0.745098
17226     0.749020
17227     0.749020
17228     0.745098
17229     0.741176
17230     0.745098
17231     0.752941
17232     0.756863
17233     0.721569
17234     0.678431
17235     0.631373
17236     0.619608
17237     0.654902
17238     0.698039
17239     0.729412
17240     0.737255
17241     0.764706
17242     0.745098
17243     0.725490
17244     0.725490
17245     0.749020
17246     0.780392
17247     0.803922
17248     0.811765
17249     0.803922
17250     0.792157
17251     0.776471
17252     0.721569
17253     0.741176
17254     0.768627
17255     0.792157
17256     0.800000
17257     0.788235
17258     0.768627
17259     0.749020
17260     0.733333
17261     0.709804
17262     0.682353
17263     0.678431
17264     0.678431
17265     0.670588
17266     0.643137
17267     0.615686
17268     0.549020
17269     0.568627
17270     0.588235
17271     0.588235
17272     0.580392
17273     0.572549
17274     0.580392
17275     0.592157
17276     0.650980
17277     0.670588
17278     0.674510
17279     0.670588
17280     0.670588
17281     0.615686
17282     0.454902
17283     0.290196
17284     0.192157
17285     0.180392
17286     0.164706
17287     0.164706
17288     0.172549
17289     0.176471
17290     0.164706
17291     0.152941
17292     0.152941
17293     0.168627
17294     0.184314
17295     0.184314
17296     0.172549
17297     0.168627
17298     0.172549
17299     0.180392
17300     0.184314
17301     0.164706
17302     0.160784
17303     0.184314
17304     0.203922
17305     0.200000
17306     0.196078
17307     0.196078
17308     0.211765
17309     0.219608
17310     0.235294
17311     0.243137
17312     0.243137
17313     0.231373
17314     0.219608
17315     0.207843
17316     0.184314
17317     0.200000
17318     0.227451
17319     0.262745
17320     0.282353
17321     0.270588
17322     0.239216
17323     0.207843
17324     0.215686
17325     0.239216
17326     0.266667
17327     0.286275
17328     0.301961
17329     0.317647
17330     0.341176
17331     0.360784
17332     0.392157
17333     0.364706
17334     0.341176
17335     0.349020
17336     0.376471
17337     0.400000
17338     0.396078
17339     0.380392
17340     0.396078
17341     0.431373
17342     0.478431
17343     0.501961
17344     0.517647
17345     0.545098
17346     0.603922
17347     0.654902
17348     0.658824
17349     0.686275
17350     0.701961
17351     0.698039
17352     0.713726
17353     0.768627
17354     0.823529
17355     0.847059
17356     0.772549
17357     0.725490
17358     0.705882
17359     0.725490
17360     0.737255
17361     0.721569
17362     0.717647
17363     0.733333
17364     0.733333
17365     0.717647
17366     0.709804
17367     0.694118
17368     0.662745
17369     0.627451
17370     0.615686
17371     0.623529
17372     0.662745
17373     0.674510
17374     0.658824
17375     0.623529
17376     0.611765
17377     0.647059
17378     0.698039
17379     0.733333
17380     0.764706
17381     0.756863
17382     0.745098
17383     0.745098
17384     0.752941
17385     0.756863
17386     0.752941
17387     0.745098
17388     0.721569
17389     0.713726
17390     0.698039
17391     0.694118
17392     0.717647
17393     0.745098
17394     0.737255
17395     0.713726
17396     0.721569
17397     0.717647
17398     0.713726
17399     0.701961
17400     0.694118
17401     0.698039
17402     0.717647
17403     0.733333
17404     0.745098
17405     0.737255
17406     0.725490
17407     0.713726
17408     0.721569
17409     0.745098
17410     0.772549
17411     0.792157
17412     0.756863
17413     0.752941
17414     0.745098
17415     0.733333
17416     0.725490
17417     0.721569
17418     0.725490
17419     0.729412
17420     0.760784
17421     0.752941
17422     0.737255
17423     0.717647
17424     0.705882
17425     0.694118
17426     0.686275
17427     0.686275
17428     0.670588
17429     0.686275
17430     0.690196
17431     0.670588
17432     0.643137
17433     0.643137
17434     0.678431
17435     0.713726
17436     0.752941
17437     0.737255
17438     0.717647
17439     0.690196
17440     0.662745
17441     0.643137
17442     0.627451
17443     0.619608
17444     0.639216
17445     0.643137
17446     0.650980
17447     0.662745
17448     0.674510
17449     0.701961
17450     0.729412
17451     0.752941
17452     0.741176
17453     0.745098
17454     0.749020
17455     0.745098
17456     0.741176
17457     0.749020
17458     0.768627
17459     0.780392
17460     0.764706
17461     0.698039
17462     0.623529
17463     0.596078
17464     0.623529
17465     0.674510
17466     0.713726
17467     0.733333
17468     0.780392
17469     0.772549
17470     0.756863
17471     0.749020
17472     0.752941
17473     0.756863
17474     0.768627
17475     0.772549
17476     0.819608
17477     0.815686
17478     0.811765
17479     0.701961
17480     0.705882
17481     0.717647
17482     0.737255
17483     0.752941
17484     0.756863
17485     0.752941
17486     0.745098
17487     0.760784
17488     0.733333
17489     0.705882
17490     0.698039
17491     0.701961
17492     0.694118
17493     0.658824
17494     0.627451
17495     0.564706
17496     0.584314
17497     0.603922
17498     0.611765
17499     0.603922
17500     0.592157
17501     0.592157
17502     0.596078
17503     0.650980
17504     0.686275
17505     0.682353
17506     0.658824
17507     0.670588
17508     0.643137
17509     0.490196
17510     0.309804
17511     0.156863
17512     0.160784
17513     0.164706
17514     0.172549
17515     0.176471
17516     0.172549
17517     0.160784
17518     0.149020
17519     0.164706
17520     0.172549
17521     0.180392
17522     0.184314
17523     0.180392
17524     0.180392
17525     0.184314
17526     0.192157
17527     0.184314
17528     0.172549
17529     0.176471
17530     0.200000
17531     0.211765
17532     0.203922
17533     0.203922
17534     0.211765
17535     0.196078
17536     0.203922
17537     0.211765
17538     0.219608
17539     0.223529
17540     0.215686
17541     0.207843
17542     0.200000
17543     0.180392
17544     0.184314
17545     0.196078
17546     0.231373
17547     0.266667
17548     0.274510
17549     0.254902
17550     0.231373
17551     0.231373
17552     0.247059
17553     0.262745
17554     0.270588
17555     0.282353
17556     0.305882
17557     0.341176
17558     0.368627
17559     0.372549
17560     0.356863
17561     0.345098
17562     0.352941
17563     0.376471
17564     0.392157
17565     0.388235
17566     0.380392
17567     0.403922
17568     0.415686
17569     0.447059
17570     0.474510
17571     0.501961
17572     0.541176
17573     0.615686
17574     0.682353
17575     0.690196
17576     0.721569
17577     0.733333
17578     0.713726
17579     0.721569
17580     0.772549
17581     0.827451
17582     0.847059
17583     0.760784
17584     0.694118
17585     0.654902
17586     0.682353
17587     0.717647
17588     0.725490
17589     0.725490
17590     0.733333
17591     0.733333
17592     0.725490
17593     0.721569
17594     0.709804
17595     0.670588
17596     0.627451
17597     0.611765
17598     0.619608
17599     0.647059
17600     0.662745
17601     0.654902
17602     0.623529
17603     0.607843
17604     0.643137
17605     0.698039
17606     0.737255
17607     0.768627
17608     0.756863
17609     0.745098
17610     0.749020
17611     0.760784
17612     0.764706
17613     0.760784
17614     0.749020
17615     0.713726
17616     0.709804
17617     0.690196
17618     0.674510
17619     0.682353
17620     0.709804
17621     0.725490
17622     0.725490
17623     0.729412
17624     0.729412
17625     0.721569
17626     0.701961
17627     0.678431
17628     0.670588
17629     0.682353
17630     0.698039
17631     0.756863
17632     0.752941
17633     0.741176
17634     0.729412
17635     0.729412
17636     0.745098
17637     0.768627
17638     0.788235
17639     0.756863
17640     0.756863
17641     0.752941
17642     0.741176
17643     0.729412
17644     0.717647
17645     0.721569
17646     0.725490
17647     0.749020
17648     0.749020
17649     0.741176
17650     0.729412
17651     0.717647
17652     0.701961
17653     0.686275
17654     0.678431
17655     0.674510
17656     0.694118
17657     0.709804
17658     0.705882
17659     0.694118
17660     0.694118
17661     0.713726
17662     0.733333
17663     0.760784
17664     0.752941
17665     0.733333
17666     0.709804
17667     0.682353
17668     0.658824
17669     0.639216
17670     0.627451
17671     0.650980
17672     0.650980
17673     0.647059
17674     0.643137
17675     0.650980
17676     0.674510
17677     0.701961
17678     0.725490
17679     0.737255
17680     0.745098
17681     0.749020
17682     0.745098
17683     0.741176
17684     0.745098
17685     0.768627
17686     0.788235
17687     0.788235
17688     0.721569
17689     0.639216
17690     0.600000
17691     0.615686
17692     0.662745
17693     0.705882
17694     0.725490
17695     0.749020
17696     0.752941
17697     0.756863
17698     0.752941
17699     0.745098
17700     0.741176
17701     0.741176
17702     0.745098
17703     0.800000
17704     0.807843
17705     0.815686
17706     0.670588
17707     0.666667
17708     0.662745
17709     0.678431
17710     0.705882
17711     0.729412
17712     0.745098
17713     0.749020
17714     0.780392
17715     0.752941
17716     0.721569
17717     0.713726
17718     0.721569
17719     0.705882
17720     0.662745
17721     0.623529
17722     0.588235
17723     0.596078
17724     0.611765
17725     0.619608
17726     0.619608
17727     0.615686
17728     0.615686
17729     0.615686
17730     0.662745
17731     0.698039
17732     0.682353
17733     0.635294
17734     0.650980
17735     0.658824
17736     0.529412
17737     0.349020
17738     0.145098
17739     0.156863
17740     0.172549
17741     0.176471
17742     0.172549
17743     0.160784
17744     0.152941
17745     0.149020
17746     0.172549
17747     0.168627
17748     0.164706
17749     0.172549
17750     0.184314
17751     0.192157
17752     0.196078
17753     0.192157
17754     0.188235
17755     0.188235
17756     0.196078
17757     0.211765
17758     0.207843
17759     0.192157
17760     0.188235
17761     0.200000
17762     0.184314
17763     0.184314
17764     0.188235
17765     0.192157
17766     0.196078
17767     0.196078
17768     0.196078
17769     0.196078
17770     0.207843
17771     0.188235
17772     0.180392
17773     0.203922
17774     0.247059
17775     0.270588
17776     0.270588
17777     0.254902
17778     0.243137
17779     0.250980
17780     0.254902
17781     0.258824
17782     0.270588
17783     0.301961
17784     0.349020
17785     0.384314
17786     0.364706
17787     0.360784
17788     0.360784
17789     0.372549
17790     0.384314
17791     0.392157
17792     0.392157
17793     0.388235
17794     0.411765
17795     0.407843
17796     0.423529
17797     0.458824
17798     0.490196
17799     0.537255
17800     0.607843
17801     0.674510
17802     0.694118
17803     0.737255
17804     0.745098
17805     0.717647
17806     0.721569
17807     0.780392
17808     0.839216
17809     0.854902
17810     0.776471
17811     0.678431
17812     0.611765
17813     0.639216
17814     0.701961
17815     0.725490
17816     0.721569
17817     0.717647
17818     0.721569
17819     0.721569
17820     0.725490
17821     0.717647
17822     0.678431
17823     0.627451
17824     0.607843
17825     0.615686
17826     0.631373
17827     0.650980
17828     0.650980
17829     0.619608
17830     0.603922
17831     0.639216
17832     0.694118
17833     0.733333
17834     0.752941
17835     0.745098
17836     0.741176
17837     0.752941
17838     0.768627
17839     0.768627
17840     0.749020
17841     0.729412
17842     0.701961
17843     0.713726
17844     0.701961
17845     0.678431
17846     0.670588
17847     0.694118
17848     0.721569
17849     0.733333
17850     0.733333
17851     0.737255
17852     0.729412
17853     0.701961
17854     0.670588
17855     0.654902
17856     0.662745
17857     0.674510
17858     0.729412
17859     0.737255
17860     0.745098
17861     0.745098
17862     0.741176
17863     0.741176
17864     0.752941
17865     0.764706
17866     0.741176
17867     0.749020
17868     0.752941
17869     0.745098
17870     0.729412
17871     0.721569
17872     0.721569
17873     0.729412
17874     0.721569
17875     0.729412
17876     0.733333
17877     0.733333
17878     0.721569
17879     0.705882
17880     0.682353
17881     0.670588
17882     0.674510
17883     0.690196
17884     0.717647
17885     0.737255
17886     0.745098
17887     0.749020
17888     0.745098
17889     0.745098
17890     0.749020
17891     0.749020
17892     0.741176
17893     0.733333
17894     0.717647
17895     0.698039
17896     0.678431
17897     0.666667
17898     0.643137
17899     0.639216
17900     0.627451
17901     0.623529
17902     0.623529
17903     0.643137
17904     0.674510
17905     0.698039
17906     0.729412
17907     0.741176
17908     0.749020
17909     0.745098
17910     0.733333
17911     0.741176
17912     0.760784
17913     0.780392
17914     0.784314
17915     0.729412
17916     0.666667
17917     0.631373
17918     0.639216
17919     0.670588
17920     0.701961
17921     0.717647
17922     0.721569
17923     0.737255
17924     0.749020
17925     0.749020
17926     0.741176
17927     0.733333
17928     0.737255
17929     0.741176
17930     0.764706
17931     0.768627
17932     0.776471
17933     0.674510
17934     0.662745
17935     0.650980
17936     0.666667
17937     0.698039
17938     0.737255
17939     0.764706
17940     0.776471
17941     0.784314
17942     0.756863
17943     0.725490
17944     0.717647
17945     0.721569
17946     0.705882
17947     0.658824
17948     0.615686
17949     0.600000
17950     0.603922
17951     0.607843
17952     0.615686
17953     0.623529
17954     0.627451
17955     0.631373
17956     0.631373
17957     0.674510
17958     0.709804
17959     0.682353
17960     0.619608
17961     0.635294
17962     0.666667
17963     0.556863
17964     0.384314
17965     0.160784
17966     0.176471
17967     0.188235
17968     0.184314
17969     0.168627
17970     0.149020
17971     0.145098
17972     0.145098
17973     0.172549
17974     0.156863
17975     0.149020
17976     0.156863
17977     0.176471
17978     0.188235
17979     0.192157
17980     0.188235
17981     0.196078
17982     0.200000
17983     0.211765
17984     0.219608
17985     0.200000
17986     0.172549
17987     0.164706
17988     0.180392
17989     0.184314
17990     0.180392
17991     0.180392
17992     0.180392
17993     0.184314
17994     0.188235
17995     0.196078
17996     0.196078
17997     0.231373
17998     0.200000
17999     0.176471
18000     0.188235
18001     0.231373
18002     0.270588
18003     0.278431
18004     0.270588
18005     0.227451
18006     0.227451
18007     0.227451
18008     0.227451
18009     0.243137
18010     0.282353
18011     0.337255
18012     0.380392
18013     0.364706
18014     0.372549
18015     0.380392
18016     0.392157
18017     0.400000
18018     0.403922
18019     0.403922
18020     0.400000
18021     0.427451
18022     0.411765
18023     0.419608
18024     0.450980
18025     0.486275
18026     0.525490
18027     0.584314
18028     0.643137
18029     0.690196
18030     0.733333
18031     0.745098
18032     0.717647
18033     0.721569
18034     0.784314
18035     0.843137
18036     0.862745
18037     0.792157
18038     0.674510
18039     0.588235
18040     0.615686
18041     0.690196
18042     0.725490
18043     0.717647
18044     0.701961
18045     0.709804
18046     0.713726
18047     0.725490
18048     0.721569
18049     0.678431
18050     0.627451
18051     0.607843
18052     0.615686
18053     0.615686
18054     0.643137
18055     0.647059
18056     0.615686
18057     0.600000
18058     0.631373
18059     0.690196
18060     0.725490
18061     0.729412
18062     0.729412
18063     0.737255
18064     0.760784
18065     0.776471
18066     0.768627
18067     0.737255
18068     0.709804
18069     0.698039
18070     0.721569
18071     0.725490
18072     0.698039
18073     0.678431
18074     0.694118
18075     0.725490
18076     0.741176
18077     0.737255
18078     0.741176
18079     0.737255
18080     0.709804
18081     0.674510
18082     0.654902
18083     0.658824
18084     0.670588
18085     0.690196
18086     0.709804
18087     0.733333
18088     0.745098
18089     0.741176
18090     0.733333
18091     0.733333
18092     0.737255
18093     0.729412
18094     0.741176
18095     0.749020
18096     0.749020
18097     0.733333
18098     0.729412
18099     0.733333
18100     0.741176
18101     0.690196
18102     0.701961
18103     0.717647
18104     0.729412
18105     0.725490
18106     0.709804
18107     0.690196
18108     0.674510
18109     0.662745
18110     0.682353
18111     0.717647
18112     0.749020
18113     0.772549
18114     0.772549
18115     0.756863
18116     0.745098
18117     0.721569
18118     0.729412
18119     0.737255
18120     0.745098
18121     0.745098
18122     0.737255
18123     0.725490
18124     0.717647
18125     0.627451
18126     0.623529
18127     0.611765
18128     0.603922
18129     0.607843
18130     0.627451
18131     0.654902
18132     0.678431
18133     0.725490
18134     0.741176
18135     0.749020
18136     0.745098
18137     0.733333
18138     0.733333
18139     0.752941
18140     0.776471
18141     0.772549
18142     0.733333
18143     0.686275
18144     0.658824
18145     0.662745
18146     0.686275
18147     0.705882
18148     0.717647
18149     0.721569
18150     0.737255
18151     0.752941
18152     0.752941
18153     0.737255
18154     0.729412
18155     0.737255
18156     0.749020
18157     0.737255
18158     0.737255
18159     0.737255
18160     0.654902
18161     0.647059
18162     0.643137
18163     0.662745
18164     0.698039
18165     0.733333
18166     0.752941
18167     0.760784
18168     0.749020
18169     0.745098
18170     0.745098
18171     0.745098
18172     0.741176
18173     0.713726
18174     0.670588
18175     0.639216
18176     0.611765
18177     0.584314
18178     0.588235
18179     0.623529
18180     0.635294
18181     0.619608
18182     0.627451
18183     0.662745
18184     0.674510
18185     0.690196
18186     0.682353
18187     0.639216
18188     0.631373
18189     0.678431
18190     0.615686
18191     0.454902
18192     0.254902
18193     0.149020
18194     0.133333
18195     0.184314
18196     0.176471
18197     0.145098
18198     0.152941
18199     0.168627
18200     0.152941
18201     0.141176
18202     0.141176
18203     0.152941
18204     0.176471
18205     0.196078
18206     0.196078
18207     0.192157
18208     0.176471
18209     0.196078
18210     0.215686
18211     0.219608
18212     0.203922
18213     0.188235
18214     0.180392
18215     0.184314
18216     0.192157
18217     0.184314
18218     0.172549
18219     0.172549
18220     0.184314
18221     0.192157
18222     0.200000
18223     0.200000
18224     0.239216
18225     0.231373
18226     0.215686
18227     0.211765
18228     0.215686
18229     0.231373
18230     0.250980
18231     0.262745
18232     0.258824
18233     0.254902
18234     0.231373
18235     0.207843
18236     0.219608
18237     0.278431
18238     0.341176
18239     0.372549
18240     0.349020
18241     0.380392
18242     0.415686
18243     0.419608
18244     0.396078
18245     0.380392
18246     0.388235
18247     0.403922
18248     0.435294
18249     0.447059
18250     0.443137
18251     0.450980
18252     0.478431
18253     0.490196
18254     0.556863
18255     0.666667
18256     0.705882
18257     0.725490
18258     0.733333
18259     0.729412
18260     0.745098
18261     0.792157
18262     0.847059
18263     0.874510
18264     0.800000
18265     0.674510
18266     0.619608
18267     0.654902
18268     0.662745
18269     0.666667
18270     0.690196
18271     0.694118
18272     0.698039
18273     0.698039
18274     0.705882
18275     0.721569
18276     0.721569
18277     0.690196
18278     0.631373
18279     0.588235
18280     0.631373
18281     0.631373
18282     0.627451
18283     0.619608
18284     0.619608
18285     0.643137
18286     0.682353
18287     0.717647
18288     0.725490
18289     0.721569
18290     0.725490
18291     0.737255
18292     0.752941
18293     0.752941
18294     0.737255
18295     0.721569
18296     0.713726
18297     0.713726
18298     0.709804
18299     0.701961
18300     0.694118
18301     0.694118
18302     0.701961
18303     0.709804
18304     0.713726
18305     0.737255
18306     0.760784
18307     0.760784
18308     0.737255
18309     0.701961
18310     0.678431
18311     0.670588
18312     0.666667
18313     0.686275
18314     0.709804
18315     0.725490
18316     0.729412
18317     0.725490
18318     0.717647
18319     0.713726
18320     0.729412
18321     0.717647
18322     0.713726
18323     0.729412
18324     0.756863
18325     0.768627
18326     0.752941
18327     0.733333
18328     0.662745
18329     0.654902
18330     0.658824
18331     0.690196
18332     0.729412
18333     0.749020
18334     0.741176
18335     0.725490
18336     0.705882
18337     0.698039
18338     0.694118
18339     0.709804
18340     0.741176
18341     0.764706
18342     0.768627
18343     0.760784
18344     0.745098
18345     0.741176
18346     0.741176
18347     0.749020
18348     0.760784
18349     0.764706
18350     0.752941
18351     0.741176
18352     0.694118
18353     0.643137
18354     0.596078
18355     0.592157
18356     0.607843
18357     0.615686
18358     0.627451
18359     0.639216
18360     0.717647
18361     0.768627
18362     0.792157
18363     0.752941
18364     0.713726
18365     0.713726
18366     0.745098
18367     0.764706
18368     0.776471
18369     0.737255
18370     0.694118
18371     0.674510
18372     0.682353
18373     0.694118
18374     0.698039
18375     0.694118
18376     0.709804
18377     0.729412
18378     0.749020
18379     0.756863
18380     0.749020
18381     0.741176
18382     0.741176
18383     0.749020
18384     0.745098
18385     0.749020
18386     0.733333
18387     0.670588
18388     0.658824
18389     0.654902
18390     0.666667
18391     0.698039
18392     0.721569
18393     0.733333
18394     0.733333
18395     0.733333
18396     0.729412
18397     0.729412
18398     0.733333
18399     0.733333
18400     0.713726
18401     0.678431
18402     0.650980
18403     0.639216
18404     0.615686
18405     0.615686
18406     0.643137
18407     0.643137
18408     0.623529
18409     0.631373
18410     0.666667
18411     0.717647
18412     0.717647
18413     0.713726
18414     0.674510
18415     0.658824
18416     0.698039
18417     0.654902
18418     0.533333
18419     0.309804
18420     0.172549
18421     0.121569
18422     0.164706
18423     0.156863
18424     0.129412
18425     0.141176
18426     0.164706
18427     0.168627
18428     0.156863
18429     0.141176
18430     0.141176
18431     0.152941
18432     0.168627
18433     0.188235
18434     0.196078
18435     0.192157
18436     0.200000
18437     0.203922
18438     0.203922
18439     0.192157
18440     0.184314
18441     0.180392
18442     0.180392
18443     0.200000
18444     0.196078
18445     0.200000
18446     0.207843
18447     0.219608
18448     0.219608
18449     0.211765
18450     0.203922
18451     0.231373
18452     0.227451
18453     0.219608
18454     0.215686
18455     0.219608
18456     0.231373
18457     0.243137
18458     0.250980
18459     0.239216
18460     0.239216
18461     0.219608
18462     0.192157
18463     0.196078
18464     0.247059
18465     0.301961
18466     0.329412
18467     0.368627
18468     0.380392
18469     0.400000
18470     0.411765
18471     0.411765
18472     0.400000
18473     0.388235
18474     0.380392
18475     0.376471
18476     0.396078
18477     0.403922
18478     0.439216
18479     0.490196
18480     0.505882
18481     0.556863
18482     0.650980
18483     0.725490
18484     0.749020
18485     0.752941
18486     0.745098
18487     0.756863
18488     0.803922
18489     0.854902
18490     0.882353
18491     0.796078
18492     0.674510
18493     0.619608
18494     0.647059
18495     0.654902
18496     0.658824
18497     0.678431
18498     0.686275
18499     0.713726
18500     0.713726
18501     0.717647
18502     0.733333
18503     0.745098
18504     0.729412
18505     0.690196
18506     0.658824
18507     0.639216
18508     0.631373
18509     0.619608
18510     0.619608
18511     0.627451
18512     0.650980
18513     0.674510
18514     0.690196
18515     0.701961
18516     0.709804
18517     0.721569
18518     0.737255
18519     0.745098
18520     0.745098
18521     0.733333
18522     0.721569
18523     0.709804
18524     0.713726
18525     0.713726
18526     0.701961
18527     0.682353
18528     0.674510
18529     0.678431
18530     0.686275
18531     0.698039
18532     0.733333
18533     0.776471
18534     0.792157
18535     0.772549
18536     0.737255
18537     0.705882
18538     0.690196
18539     0.678431
18540     0.694118
18541     0.713726
18542     0.725490
18543     0.729412
18544     0.721569
18545     0.713726
18546     0.709804
18547     0.721569
18548     0.709804
18549     0.701961
18550     0.721569
18551     0.745098
18552     0.760784
18553     0.749020
18554     0.737255
18555     0.666667
18556     0.654902
18557     0.654902
18558     0.678431
18559     0.721569
18560     0.760784
18561     0.772549
18562     0.768627
18563     0.756863
18564     0.737255
18565     0.717647
18566     0.713726
18567     0.729412
18568     0.749020
18569     0.756863
18570     0.756863
18571     0.749020
18572     0.745098
18573     0.745098
18574     0.752941
18575     0.760784
18576     0.760784
18577     0.749020
18578     0.737255
18579     0.713726
18580     0.658824
18581     0.607843
18582     0.596078
18583     0.603922
18584     0.607843
18585     0.615686
18586     0.627451
18587     0.709804
18588     0.768627
18589     0.803922
18590     0.780392
18591     0.737255
18592     0.717647
18593     0.721569
18594     0.729412
18595     0.737255
18596     0.717647
18597     0.690196
18598     0.678431
18599     0.678431
18600     0.678431
18601     0.674510
18602     0.670588
18603     0.694118
18604     0.717647
18605     0.745098
18606     0.760784
18607     0.756863
18608     0.749020
18609     0.741176
18610     0.741176
18611     0.756863
18612     0.760784
18613     0.752941
18614     0.690196
18615     0.678431
18616     0.666667
18617     0.674510
18618     0.694118
18619     0.705882
18620     0.705882
18621     0.701961
18622     0.713726
18623     0.709804
18624     0.709804
18625     0.717647
18626     0.729412
18627     0.721569
18628     0.698039
18629     0.678431
18630     0.670588
18631     0.654902
18632     0.654902
18633     0.662745
18634     0.647059
18635     0.619608
18636     0.631373
18637     0.666667
18638     0.721569
18639     0.709804
18640     0.709804
18641     0.690196
18642     0.658824
18643     0.670588
18644     0.654902
18645     0.584314
18646     0.419608
18647     0.239216
18648     0.141176
18649     0.156863
18650     0.149020
18651     0.121569
18652     0.141176
18653     0.168627
18654     0.184314
18655     0.168627
18656     0.149020
18657     0.129412
18658     0.125490
18659     0.145098
18660     0.176471
18661     0.200000
18662     0.203922
18663     0.196078
18664     0.188235
18665     0.188235
18666     0.192157
18667     0.188235
18668     0.184314
18669     0.180392
18670     0.192157
18671     0.200000
18672     0.215686
18673     0.231373
18674     0.239216
18675     0.235294
18676     0.215686
18677     0.200000
18678     0.211765
18679     0.211765
18680     0.219608
18681     0.223529
18682     0.231373
18683     0.231373
18684     0.235294
18685     0.235294
18686     0.258824
18687     0.266667
18688     0.247059
18689     0.215686
18690     0.211765
18691     0.247059
18692     0.290196
18693     0.317647
18694     0.368627
18695     0.360784
18696     0.364706
18697     0.384314
18698     0.403922
18699     0.396078
18700     0.360784
18701     0.329412
18702     0.333333
18703     0.360784
18704     0.384314
18705     0.439216
18706     0.501961
18707     0.513726
18708     0.549020
18709     0.627451
18710     0.741176
18711     0.764706
18712     0.776471
18713     0.764706
18714     0.768627
18715     0.807843
18716     0.854902
18717     0.882353
18718     0.803922
18719     0.690196
18720     0.639216
18721     0.654902
18722     0.650980
18723     0.650980
18724     0.674510
18725     0.678431
18726     0.721569
18727     0.717647
18728     0.721569
18729     0.737255
18730     0.756863
18731     0.764706
18732     0.752941
18733     0.741176
18734     0.678431
18735     0.654902
18736     0.631373
18737     0.627451
18738     0.647059
18739     0.666667
18740     0.674510
18741     0.670588
18742     0.678431
18743     0.694118
18744     0.717647
18745     0.733333
18746     0.737255
18747     0.733333
18748     0.729412
18749     0.725490
18750     0.717647
18751     0.729412
18752     0.733333
18753     0.713726
18754     0.682353
18755     0.662745
18756     0.658824
18757     0.670588
18758     0.674510
18759     0.721569
18760     0.780392
18761     0.811765
18762     0.803922
18763     0.768627
18764     0.729412
18765     0.709804
18766     0.690196
18767     0.698039
18768     0.713726
18769     0.721569
18770     0.725490
18771     0.721569
18772     0.713726
18773     0.705882
18774     0.705882
18775     0.698039
18776     0.694118
18777     0.709804
18778     0.729412
18779     0.749020
18780     0.749020
18781     0.741176
18782     0.678431
18783     0.658824
18784     0.647059
18785     0.662745
18786     0.705882
18787     0.756863
18788     0.792157
18789     0.811765
18790     0.811765
18791     0.788235
18792     0.756863
18793     0.733333
18794     0.725490
18795     0.733333
18796     0.745098
18797     0.749020
18798     0.741176
18799     0.737255
18800     0.741176
18801     0.745098
18802     0.749020
18803     0.749020
18804     0.737255
18805     0.729412
18806     0.721569
18807     0.670588
18808     0.619608
18809     0.607843
18810     0.611765
18811     0.607843
18812     0.607843
18813     0.615686
18814     0.705882
18815     0.764706
18816     0.815686
18817     0.811765
18818     0.768627
18819     0.733333
18820     0.709804
18821     0.698039
18822     0.705882
18823     0.701961
18824     0.694118
18825     0.686275
18826     0.678431
18827     0.670588
18828     0.662745
18829     0.658824
18830     0.674510
18831     0.705882
18832     0.745098
18833     0.768627
18834     0.772549
18835     0.760784
18836     0.745098
18837     0.733333
18838     0.749020
18839     0.760784
18840     0.756863
18841     0.705882
18842     0.690196
18843     0.678431
18844     0.678431
18845     0.690196
18846     0.698039
18847     0.690196
18848     0.682353
18849     0.698039
18850     0.690196
18851     0.690196
18852     0.701961
18853     0.717647
18854     0.725490
18855     0.717647
18856     0.705882
18857     0.690196
18858     0.678431
18859     0.674510
18860     0.666667
18861     0.639216
18862     0.611765
18863     0.615686
18864     0.643137
18865     0.698039
18866     0.682353
18867     0.701961
18868     0.694118
18869     0.643137
18870     0.627451
18871     0.623529
18872     0.592157
18873     0.517647
18874     0.313726
18875     0.184314
18876     0.172549
18877     0.152941
18878     0.129412
18879     0.149020
18880     0.172549
18881     0.176471
18882     0.172549
18883     0.156863
18884     0.137255
18885     0.129412
18886     0.141176
18887     0.176471
18888     0.203922
18889     0.192157
18890     0.184314
18891     0.180392
18892     0.192157
18893     0.203922
18894     0.207843
18895     0.192157
18896     0.180392
18897     0.180392
18898     0.188235
18899     0.200000
18900     0.215686
18901     0.227451
18902     0.219608
18903     0.203922
18904     0.188235
18905     0.184314
18906     0.192157
18907     0.211765
18908     0.227451
18909     0.235294
18910     0.239216
18911     0.235294
18912     0.231373
18913     0.290196
18914     0.301961
18915     0.294118
18916     0.258824
18917     0.243137
18918     0.266667
18919     0.298039
18920     0.317647
18921     0.333333
18922     0.325490
18923     0.329412
18924     0.345098
18925     0.360784
18926     0.352941
18927     0.313726
18928     0.278431
18929     0.325490
18930     0.364706
18931     0.403922
18932     0.454902
18933     0.501961
18934     0.501961
18935     0.533333
18936     0.615686
18937     0.737255
18938     0.768627
18939     0.788235
18940     0.780392
18941     0.776471
18942     0.811765
18943     0.854902
18944     0.882353
18945     0.823529
18946     0.721569
18947     0.670588
18948     0.670588
18949     0.650980
18950     0.650980
18951     0.674510
18952     0.678431
18953     0.717647
18954     0.709804
18955     0.709804
18956     0.725490
18957     0.749020
18958     0.772549
18959     0.788235
18960     0.792157
18961     0.752941
18962     0.709804
18963     0.662745
18964     0.647059
18965     0.662745
18966     0.678431
18967     0.674510
18968     0.662745
18969     0.666667
18970     0.690196
18971     0.717647
18972     0.733333
18973     0.733333
18974     0.729412
18975     0.733333
18976     0.741176
18977     0.737255
18978     0.752941
18979     0.760784
18980     0.737255
18981     0.698039
18982     0.670588
18983     0.662745
18984     0.670588
18985     0.666667
18986     0.709804
18987     0.768627
18988     0.803922
18989     0.796078
18990     0.764706
18991     0.733333
18992     0.713726
18993     0.694118
18994     0.698039
18995     0.705882
18996     0.717647
18997     0.725490
18998     0.725490
18999     0.721569
19000     0.713726
19001     0.698039
19002     0.698039
19003     0.694118
19004     0.701961
19005     0.717647
19006     0.733333
19007     0.745098
19008     0.749020
19009     0.698039
19010     0.674510
19011     0.650980
19012     0.647059
19013     0.674510
19014     0.725490
19015     0.776471
19016     0.807843
19017     0.839216
19018     0.823529
19019     0.792157
19020     0.760784
19021     0.741176
19022     0.733333
19023     0.737255
19024     0.745098
19025     0.729412
19026     0.729412
19027     0.733333
19028     0.737255
19029     0.737255
19030     0.733333
19031     0.725490
19032     0.717647
19033     0.701961
19034     0.658824
19035     0.627451
19036     0.627451
19037     0.635294
19038     0.631373
19039     0.623529
19040     0.623529
19041     0.694118
19042     0.745098
19043     0.796078
19044     0.807843
19045     0.780392
19046     0.741176
19047     0.713726
19048     0.701961
19049     0.705882
19050     0.709804
19051     0.705882
19052     0.698039
19053     0.682353
19054     0.674510
19055     0.674510
19056     0.678431
19057     0.666667
19058     0.698039
19059     0.745098
19060     0.780392
19061     0.792157
19062     0.776471
19063     0.752941
19064     0.733333
19065     0.729412
19066     0.749020
19067     0.756863
19068     0.713726
19069     0.698039
19070     0.678431
19071     0.678431
19072     0.686275
19073     0.694118
19074     0.690196
19075     0.682353
19076     0.674510
19077     0.662745
19078     0.658824
19079     0.670588
19080     0.690196
19081     0.705882
19082     0.709804
19083     0.705882
19084     0.690196
19085     0.682353
19086     0.678431
19087     0.666667
19088     0.639216
19089     0.607843
19090     0.603922
19091     0.615686
19092     0.682353
19093     0.678431
19094     0.713726
19095     0.717647
19096     0.654902
19097     0.619608
19098     0.611765
19099     0.592157
19100     0.537255
19101     0.360784
19102     0.223529
19103     0.180392
19104     0.145098
19105     0.133333
19106     0.160784
19107     0.168627
19108     0.152941
19109     0.160784
19110     0.164706
19111     0.160784
19112     0.152941
19113     0.160784
19114     0.180392
19115     0.203922
19116     0.164706
19117     0.168627
19118     0.180392
19119     0.203922
19120     0.223529
19121     0.223529
19122     0.203922
19123     0.184314
19124     0.176471
19125     0.176471
19126     0.180392
19127     0.192157
19128     0.200000
19129     0.203922
19130     0.192157
19131     0.184314
19132     0.164706
19133     0.176471
19134     0.200000
19135     0.219608
19136     0.235294
19137     0.239216
19138     0.235294
19139     0.231373
19140     0.282353
19141     0.301961
19142     0.305882
19143     0.278431
19144     0.254902
19145     0.262745
19146     0.286275
19147     0.301961
19148     0.298039
19149     0.305882
19150     0.313726
19151     0.321569
19152     0.317647
19153     0.301961
19154     0.278431
19155     0.258824
19156     0.313726
19157     0.364706
19158     0.411765
19159     0.454902
19160     0.486275
19161     0.478431
19162     0.517647
19163     0.615686
19164     0.725490
19165     0.768627
19166     0.803922
19167     0.800000
19168     0.800000
19169     0.827451
19170     0.866667
19171     0.890196
19172     0.843137
19173     0.752941
19174     0.701961
19175     0.686275
19176     0.647059
19177     0.643137
19178     0.666667
19179     0.666667
19180     0.713726
19181     0.705882
19182     0.701961
19183     0.709804
19184     0.737255
19185     0.768627
19186     0.792157
19187     0.807843
19188     0.811765
19189     0.760784
19190     0.698039
19191     0.662745
19192     0.662745
19193     0.670588
19194     0.670588
19195     0.662745
19196     0.670588
19197     0.694118
19198     0.721569
19199     0.733333
19200     0.733333
19201     0.737255
19202     0.745098
19203     0.756863
19204     0.741176
19205     0.752941
19206     0.760784
19207     0.741176
19208     0.709804
19209     0.682353
19210     0.674510
19211     0.682353
19212     0.682353
19213     0.717647
19214     0.760784
19215     0.780392
19216     0.772549
19217     0.749020
19218     0.729412
19219     0.721569
19220     0.698039
19221     0.698039
19222     0.698039
19223     0.709804
19224     0.725490
19225     0.733333
19226     0.729412
19227     0.721569
19228     0.698039
19229     0.701961
19230     0.705882
19231     0.709804
19232     0.713726
19233     0.721569
19234     0.737255
19235     0.749020
19236     0.717647
19237     0.698039
19238     0.666667
19239     0.647059
19240     0.650980
19241     0.686275
19242     0.733333
19243     0.768627
19244     0.823529
19245     0.823529
19246     0.811765
19247     0.788235
19248     0.760784
19249     0.741176
19250     0.741176
19251     0.745098
19252     0.725490
19253     0.733333
19254     0.741176
19255     0.741176
19256     0.741176
19257     0.733333
19258     0.729412
19259     0.729412
19260     0.670588
19261     0.639216
19262     0.627451
19263     0.647059
19264     0.666667
19265     0.662745
19266     0.654902
19267     0.650980
19268     0.674510
19269     0.701961
19270     0.741176
19271     0.760784
19272     0.749020
19273     0.725490
19274     0.713726
19275     0.713726
19276     0.717647
19277     0.713726
19278     0.705882
19279     0.690196
19280     0.678431
19281     0.678431
19282     0.690196
19283     0.698039
19284     0.666667
19285     0.698039
19286     0.745098
19287     0.788235
19288     0.803922
19289     0.792157
19290     0.760784
19291     0.737255
19292     0.737255
19293     0.764706
19294     0.780392
19295     0.725490
19296     0.705882
19297     0.682353
19298     0.674510
19299     0.686275
19300     0.694118
19301     0.694118
19302     0.690196
19303     0.658824
19304     0.643137
19305     0.627451
19306     0.631373
19307     0.654902
19308     0.678431
19309     0.686275
19310     0.686275
19311     0.694118
19312     0.686275
19313     0.682353
19314     0.670588
19315     0.654902
19316     0.631373
19317     0.611765
19318     0.603922
19319     0.654902
19320     0.674510
19321     0.721569
19322     0.725490
19323     0.662745
19324     0.627451
19325     0.619608
19326     0.588235
19327     0.537255
19328     0.407843
19329     0.274510
19330     0.176471
19331     0.109804
19332     0.121569
19333     0.156863
19334     0.152941
19335     0.133333
19336     0.149020
19337     0.164706
19338     0.176471
19339     0.180392
19340     0.180392
19341     0.184314
19342     0.188235
19343     0.145098
19344     0.160784
19345     0.184314
19346     0.207843
19347     0.223529
19348     0.219608
19349     0.200000
19350     0.180392
19351     0.184314
19352     0.180392
19353     0.176471
19354     0.184314
19355     0.192157
19356     0.196078
19357     0.196078
19358     0.192157
19359     0.168627
19360     0.176471
19361     0.192157
19362     0.207843
19363     0.223529
19364     0.227451
19365     0.227451
19366     0.227451
19367     0.262745
19368     0.294118
19369     0.309804
19370     0.286275
19371     0.262745
19372     0.266667
19373     0.282353
19374     0.294118
19375     0.290196
19376     0.305882
19377     0.321569
19378     0.321569
19379     0.301961
19380     0.282353
19381     0.274510
19382     0.274510
19383     0.286275
19384     0.337255
19385     0.380392
19386     0.431373
19387     0.470588
19388     0.470588
19389     0.509804
19390     0.603922
19391     0.694118
19392     0.752941
19393     0.807843
19394     0.823529
19395     0.823529
19396     0.847059
19397     0.882353
19398     0.905882
19399     0.870588
19400     0.788235
19401     0.737255
19402     0.701961
19403     0.647059
19404     0.635294
19405     0.658824
19406     0.654902
19407     0.701961
19408     0.698039
19409     0.698039
19410     0.705882
19411     0.725490
19412     0.756863
19413     0.788235
19414     0.807843
19415     0.823529
19416     0.784314
19417     0.729412
19418     0.682353
19419     0.654902
19420     0.650980
19421     0.658824
19422     0.666667
19423     0.690196
19424     0.701961
19425     0.713726
19426     0.725490
19427     0.733333
19428     0.745098
19429     0.756863
19430     0.764706
19431     0.729412
19432     0.729412
19433     0.729412
19434     0.721569
19435     0.705882
19436     0.694118
19437     0.686275
19438     0.686275
19439     0.709804
19440     0.733333
19441     0.756863
19442     0.764706
19443     0.752941
19444     0.737255
19445     0.733333
19446     0.737255
19447     0.713726
19448     0.701961
19449     0.698039
19450     0.705882
19451     0.725490
19452     0.733333
19453     0.729412
19454     0.721569
19455     0.698039
19456     0.709804
19457     0.717647
19458     0.713726
19459     0.705882
19460     0.705882
19461     0.717647
19462     0.733333
19463     0.725490
19464     0.717647
19465     0.698039
19466     0.670588
19467     0.654902
19468     0.666667
19469     0.698039
19470     0.725490
19471     0.776471
19472     0.796078
19473     0.803922
19474     0.792157
19475     0.760784
19476     0.737255
19477     0.737255
19478     0.745098
19479     0.729412
19480     0.741176
19481     0.752941
19482     0.752941
19483     0.749020
19484     0.745098
19485     0.745098
19486     0.749020
19487     0.662745
19488     0.635294
19489     0.627451
19490     0.654902
19491     0.682353
19492     0.690196
19493     0.686275
19494     0.686275
19495     0.674510
19496     0.674510
19497     0.686275
19498     0.698039
19499     0.698039
19500     0.690196
19501     0.694118
19502     0.709804
19503     0.721569
19504     0.709804
19505     0.690196
19506     0.674510
19507     0.670588
19508     0.678431
19509     0.694118
19510     0.701961
19511     0.674510
19512     0.698039
19513     0.737255
19514     0.780392
19515     0.800000
19516     0.792157
19517     0.764706
19518     0.741176
19519     0.760784
19520     0.796078
19521     0.819608
19522     0.745098
19523     0.717647
19524     0.686275
19525     0.674510
19526     0.682353
19527     0.694118
19528     0.698039
19529     0.698039
19530     0.662745
19531     0.639216
19532     0.619608
19533     0.615686
19534     0.635294
19535     0.658824
19536     0.674510
19537     0.674510
19538     0.705882
19539     0.701961
19540     0.694118
19541     0.694118
19542     0.694118
19543     0.678431
19544     0.643137
19545     0.611765
19546     0.635294
19547     0.670588
19548     0.725490
19549     0.717647
19550     0.662745
19551     0.650980
19552     0.647059
19553     0.603922
19554     0.600000
19555     0.513726
19556     0.376471
19557     0.203922
19558     0.086275
19559     0.105882
19560     0.149020
19561     0.125490
19562     0.133333
19563     0.141176
19564     0.156863
19565     0.176471
19566     0.188235
19567     0.188235
19568     0.176471
19569     0.164706
19570     0.145098
19571     0.160784
19572     0.184314
19573     0.200000
19574     0.200000
19575     0.192157
19576     0.180392
19577     0.176471
19578     0.184314
19579     0.180392
19580     0.180392
19581     0.188235
19582     0.196078
19583     0.200000
19584     0.196078
19585     0.192157
19586     0.188235
19587     0.192157
19588     0.196078
19589     0.200000
19590     0.203922
19591     0.207843
19592     0.211765
19593     0.215686
19594     0.235294
19595     0.278431
19596     0.305882
19597     0.294118
19598     0.270588
19599     0.270588
19600     0.286275
19601     0.298039
19602     0.305882
19603     0.317647
19604     0.325490
19605     0.321569
19606     0.305882
19607     0.294118
19608     0.286275
19609     0.290196
19610     0.278431
19611     0.309804
19612     0.349020
19613     0.415686
19614     0.482353
19615     0.486275
19616     0.501961
19617     0.568627
19618     0.643137
19619     0.717647
19620     0.792157
19621     0.823529
19622     0.831373
19623     0.850980
19624     0.882353
19625     0.905882
19626     0.909804
19627     0.835294
19628     0.780392
19629     0.729412
19630     0.662745
19631     0.647059
19632     0.666667
19633     0.662745
19634     0.674510
19635     0.674510
19636     0.682353
19637     0.690196
19638     0.713726
19639     0.741176
19640     0.772549
19641     0.792157
19642     0.803922
19643     0.796078
19644     0.768627
19645     0.717647
19646     0.670588
19647     0.650980
19648     0.666667
19649     0.686275
19650     0.705882
19651     0.701961
19652     0.701961
19653     0.713726
19654     0.729412
19655     0.749020
19656     0.756863
19657     0.764706
19658     0.713726
19659     0.705882
19660     0.698039
19661     0.698039
19662     0.705882
19663     0.709804
19664     0.705882
19665     0.701961
19666     0.717647
19667     0.733333
19668     0.749020
19669     0.752941
19670     0.741176
19671     0.729412
19672     0.733333
19673     0.741176
19674     0.733333
19675     0.717647
19676     0.701961
19677     0.705882
19678     0.721569
19679     0.729412
19680     0.717647
19681     0.705882
19682     0.694118
19683     0.713726
19684     0.725490
19685     0.717647
19686     0.698039
19687     0.686275
19688     0.694118
19689     0.709804
19690     0.717647
19691     0.729412
19692     0.729412
19693     0.709804
19694     0.686275
19695     0.674510
19696     0.690196
19697     0.709804
19698     0.737255
19699     0.760784
19700     0.780392
19701     0.772549
19702     0.741176
19703     0.721569
19704     0.725490
19705     0.741176
19706     0.721569
19707     0.733333
19708     0.749020
19709     0.752941
19710     0.749020
19711     0.745098
19712     0.749020
19713     0.756863
19714     0.690196
19715     0.654902
19716     0.631373
19717     0.647059
19718     0.678431
19719     0.694118
19720     0.705882
19721     0.717647
19722     0.705882
19723     0.682353
19724     0.666667
19725     0.674510
19726     0.670588
19727     0.662745
19728     0.678431
19729     0.701961
19730     0.725490
19731     0.701961
19732     0.678431
19733     0.670588
19734     0.678431
19735     0.690196
19736     0.694118
19737     0.694118
19738     0.678431
19739     0.694118
19740     0.725490
19741     0.760784
19742     0.784314
19743     0.780392
19744     0.760784
19745     0.737255
19746     0.760784
19747     0.800000
19748     0.831373
19749     0.756863
19750     0.729412
19751     0.694118
19752     0.674510
19753     0.678431
19754     0.690196
19755     0.698039
19756     0.698039
19757     0.678431
19758     0.654902
19759     0.627451
19760     0.619608
19761     0.635294
19762     0.658824
19763     0.674510
19764     0.678431
19765     0.721569
19766     0.713726
19767     0.709804
19768     0.713726
19769     0.725490
19770     0.713726
19771     0.670588
19772     0.627451
19773     0.639216
19774     0.682353
19775     0.737255
19776     0.721569
19777     0.674510
19778     0.686275
19779     0.690196
19780     0.635294
19781     0.690196
19782     0.631373
19783     0.478431
19784     0.247059
19785     0.082353
19786     0.098039
19787     0.145098
19788     0.109804
19789     0.137255
19790     0.137255
19791     0.149020
19792     0.168627
19793     0.188235
19794     0.188235
19795     0.168627
19796     0.149020
19797     0.149020
19798     0.168627
19799     0.184314
19800     0.188235
19801     0.176471
19802     0.164706
19803     0.168627
19804     0.172549
19805     0.176471
19806     0.176471
19807     0.180392
19808     0.192157
19809     0.200000
19810     0.200000
19811     0.192157
19812     0.184314
19813     0.211765
19814     0.203922
19815     0.200000
19816     0.192157
19817     0.192157
19818     0.196078
19819     0.200000
19820     0.203922
19821     0.203922
19822     0.250980
19823     0.286275
19824     0.278431
19825     0.254902
19826     0.254902
19827     0.274510
19828     0.282353
19829     0.321569
19830     0.321569
19831     0.317647
19832     0.313726
19833     0.309804
19834     0.305882
19835     0.298039
19836     0.294118
19837     0.294118
19838     0.305882
19839     0.333333
19840     0.411765
19841     0.501961
19842     0.509804
19843     0.494118
19844     0.529412
19845     0.600000
19846     0.682353
19847     0.768627
19848     0.807843
19849     0.819608
19850     0.843137
19851     0.870588
19852     0.890196
19853     0.945098
19854     0.874510
19855     0.819608
19856     0.760784
19857     0.682353
19858     0.666667
19859     0.686275
19860     0.678431
19861     0.643137
19862     0.650980
19863     0.662745
19864     0.678431
19865     0.698039
19866     0.725490
19867     0.756863
19868     0.776471
19869     0.784314
19870     0.800000
19871     0.800000
19872     0.756863
19873     0.694118
19874     0.662745
19875     0.678431
19876     0.705882
19877     0.717647
19878     0.705882
19879     0.694118
19880     0.701961
19881     0.725490
19882     0.749020
19883     0.756863
19884     0.760784
19885     0.709804
19886     0.694118
19887     0.678431
19888     0.686275
19889     0.709804
19890     0.725490
19891     0.725490
19892     0.717647
19893     0.705882
19894     0.721569
19895     0.737255
19896     0.741176
19897     0.729412
19898     0.725490
19899     0.729412
19900     0.733333
19901     0.752941
19902     0.729412
19903     0.709804
19904     0.705882
19905     0.717647
19906     0.721569
19907     0.709804
19908     0.694118
19909     0.690196
19910     0.713726
19911     0.729412
19912     0.717647
19913     0.690196
19914     0.670588
19915     0.674510
19916     0.690196
19917     0.709804
19918     0.733333
19919     0.749020
19920     0.741176
19921     0.713726
19922     0.694118
19923     0.698039
19924     0.713726
19925     0.713726
19926     0.741176
19927     0.760784
19928     0.749020
19929     0.717647
19930     0.701961
19931     0.717647
19932     0.737255
19933     0.701961
19934     0.717647
19935     0.737255
19936     0.741176
19937     0.737255
19938     0.737255
19939     0.741176
19940     0.749020
19941     0.725490
19942     0.678431
19943     0.635294
19944     0.639216
19945     0.662745
19946     0.686275
19947     0.709804
19948     0.729412
19949     0.745098
19950     0.709804
19951     0.678431
19952     0.674510
19953     0.670588
19954     0.658824
19955     0.670588
19956     0.698039
19957     0.729412
19958     0.705882
19959     0.682353
19960     0.678431
19961     0.694118
19962     0.705882
19963     0.701961
19964     0.690196
19965     0.682353
19966     0.690196
19967     0.713726
19968     0.745098
19969     0.768627
19970     0.772549
19971     0.752941
19972     0.733333
19973     0.741176
19974     0.784314
19975     0.819608
19976     0.749020
19977     0.741176
19978     0.725490
19979     0.698039
19980     0.670588
19981     0.662745
19982     0.674510
19983     0.690196
19984     0.698039
19985     0.682353
19986     0.658824
19987     0.650980
19988     0.654902
19989     0.658824
19990     0.650980
19991     0.639216
19992     0.690196
19993     0.713726
19994     0.729412
19995     0.725490
19996     0.725490
19997     0.725490
19998     0.709804
19999     0.686275
20000     0.639216
20001     0.654902
20002     0.690196
20003     0.713726
20004     0.686275
20005     0.639216
20006     0.631373
20007     0.650980
20008     0.670588
20009     0.662745
20010     0.549020
20011     0.333333
20012     0.160784
20013     0.105882
20014     0.105882
20015     0.094118
20016     0.156863
20017     0.160784
20018     0.156863
20019     0.141176
20020     0.129412
20021     0.133333
20022     0.156863
20023     0.180392
20024     0.164706
20025     0.168627
20026     0.172549
20027     0.176471
20028     0.176471
20029     0.172549
20030     0.164706
20031     0.156863
20032     0.149020
20033     0.160784
20034     0.180392
20035     0.200000
20036     0.211765
20037     0.219608
20038     0.219608
20039     0.219608
20040     0.227451
20041     0.215686
20042     0.196078
20043     0.184314
20044     0.188235
20045     0.200000
20046     0.219608
20047     0.235294
20048     0.203922
20049     0.239216
20050     0.282353
20051     0.298039
20052     0.290196
20053     0.274510
20054     0.270588
20055     0.274510
20056     0.298039
20057     0.313726
20058     0.325490
20059     0.325490
20060     0.309804
20061     0.298039
20062     0.301961
20063     0.313726
20064     0.309804
20065     0.298039
20066     0.333333
20067     0.427451
20068     0.517647
20069     0.545098
20070     0.521569
20071     0.494118
20072     0.552941
20073     0.627451
20074     0.725490
20075     0.796078
20076     0.827451
20077     0.843137
20078     0.862745
20079     0.882353
20080     0.941176
20081     0.949020
20082     0.913725
20083     0.811765
20084     0.713726
20085     0.670588
20086     0.674510
20087     0.686275
20088     0.654902
20089     0.658824
20090     0.662745
20091     0.666667
20092     0.682353
20093     0.709804
20094     0.749020
20095     0.776471
20096     0.772549
20097     0.800000
20098     0.800000
20099     0.764706
20100     0.725490
20101     0.717647
20102     0.725490
20103     0.733333
20104     0.729412
20105     0.713726
20106     0.698039
20107     0.701961
20108     0.725490
20109     0.760784
20110     0.792157
20111     0.807843
20112     0.713726
20113     0.654902
20114     0.607843
20115     0.615686
20116     0.658824
20117     0.698039
20118     0.725490
20119     0.745098
20120     0.713726
20121     0.713726
20122     0.709804
20123     0.701961
20124     0.694118
20125     0.698039
20126     0.709804
20127     0.721569
20128     0.749020
20129     0.729412
20130     0.709804
20131     0.701961
20132     0.701961
20133     0.698039
20134     0.682353
20135     0.666667
20136     0.709804
20137     0.721569
20138     0.733333
20139     0.729412
20140     0.709804
20141     0.686275
20142     0.662745
20143     0.650980
20144     0.698039
20145     0.721569
20146     0.737255
20147     0.733333
20148     0.713726
20149     0.698039
20150     0.701961
20151     0.713726
20152     0.733333
20153     0.737255
20154     0.729412
20155     0.701961
20156     0.678431
20157     0.674510
20158     0.698039
20159     0.721569
20160     0.701961
20161     0.717647
20162     0.729412
20163     0.729412
20164     0.717647
20165     0.709804
20166     0.709804
20167     0.717647
20168     0.717647
20169     0.682353
20170     0.654902
20171     0.654902
20172     0.670588
20173     0.686275
20174     0.705882
20175     0.725490
20176     0.749020
20177     0.729412
20178     0.698039
20179     0.678431
20180     0.670588
20181     0.670588
20182     0.666667
20183     0.662745
20184     0.705882
20185     0.709804
20186     0.701961
20187     0.694118
20188     0.709804
20189     0.729412
20190     0.721569
20191     0.698039
20192     0.694118
20193     0.701961
20194     0.713726
20195     0.729412
20196     0.741176
20197     0.745098
20198     0.737255
20199     0.729412
20200     0.749020
20201     0.764706
20202     0.784314
20203     0.752941
20204     0.752941
20205     0.741176
20206     0.713726
20207     0.686275
20208     0.674510
20209     0.690196
20210     0.709804
20211     0.694118
20212     0.678431
20213     0.662745
20214     0.662745
20215     0.666667
20216     0.666667
20217     0.650980
20218     0.639216
20219     0.666667
20220     0.690196
20221     0.713726
20222     0.725490
20223     0.733333
20224     0.741176
20225     0.733333
20226     0.709804
20227     0.639216
20228     0.654902
20229     0.686275
20230     0.705882
20231     0.682353
20232     0.635294
20233     0.615686
20234     0.619608
20235     0.650980
20236     0.666667
20237     0.580392
20238     0.384314
20239     0.211765
20240     0.145098
20241     0.133333
20242     0.125490
20243     0.160784
20244     0.152941
20245     0.141176
20246     0.137255
20247     0.137255
20248     0.149020
20249     0.160784
20250     0.172549
20251     0.160784
20252     0.160784
20253     0.164706
20254     0.172549
20255     0.176471
20256     0.176471
20257     0.172549
20258     0.164706
20259     0.176471
20260     0.180392
20261     0.192157
20262     0.203922
20263     0.211765
20264     0.215686
20265     0.219608
20266     0.219608
20267     0.219608
20268     0.211765
20269     0.200000
20270     0.192157
20271     0.196078
20272     0.203922
20273     0.219608
20274     0.227451
20275     0.211765
20276     0.239216
20277     0.270588
20278     0.294118
20279     0.294118
20280     0.282353
20281     0.270588
20282     0.266667
20283     0.278431
20284     0.290196
20285     0.305882
20286     0.309804
20287     0.301961
20288     0.294118
20289     0.294118
20290     0.298039
20291     0.333333
20292     0.317647
20293     0.345098
20294     0.431373
20295     0.517647
20296     0.549020
20297     0.533333
20298     0.509804
20299     0.529412
20300     0.600000
20301     0.698039
20302     0.784314
20303     0.839216
20304     0.870588
20305     0.894118
20306     0.905882
20307     0.933333
20308     0.968627
20309     0.949020
20310     0.839216
20311     0.737255
20312     0.709804
20313     0.705882
20314     0.694118
20315     0.690196
20316     0.674510
20317     0.654902
20318     0.650980
20319     0.666667
20320     0.701961
20321     0.733333
20322     0.756863
20323     0.760784
20324     0.784314
20325     0.784314
20326     0.749020
20327     0.709804
20328     0.701961
20329     0.709804
20330     0.713726
20331     0.721569
20332     0.713726
20333     0.705882
20334     0.709804
20335     0.729412
20336     0.764706
20337     0.803922
20338     0.827451
20339     0.725490
20340     0.658824
20341     0.596078
20342     0.592157
20343     0.623529
20344     0.670588
20345     0.713726
20346     0.741176
20347     0.725490
20348     0.717647
20349     0.701961
20350     0.682353
20351     0.674510
20352     0.686275
20353     0.705882
20354     0.725490
20355     0.721569
20356     0.717647
20357     0.713726
20358     0.717647
20359     0.721569
20360     0.705882
20361     0.678431
20362     0.654902
20363     0.682353
20364     0.705882
20365     0.733333
20366     0.749020
20367     0.741176
20368     0.717647
20369     0.694118
20370     0.678431
20371     0.694118
20372     0.709804
20373     0.721569
20374     0.721569
20375     0.709804
20376     0.698039
20377     0.694118
20378     0.698039
20379     0.721569
20380     0.725490
20381     0.725490
20382     0.713726
20383     0.694118
20384     0.690196
20385     0.698039
20386     0.705882
20387     0.705882
20388     0.713726
20389     0.725490
20390     0.729412
20391     0.725490
20392     0.721569
20393     0.721569
20394     0.721569
20395     0.701961
20396     0.670588
20397     0.650980
20398     0.658824
20399     0.674510
20400     0.682353
20401     0.698039
20402     0.717647
20403     0.729412
20404     0.725490
20405     0.709804
20406     0.698039
20407     0.682353
20408     0.666667
20409     0.650980
20410     0.643137
20411     0.701961
20412     0.709804
20413     0.709804
20414     0.701961
20415     0.713726
20416     0.737255
20417     0.741176
20418     0.729412
20419     0.705882
20420     0.705882
20421     0.713726
20422     0.729412
20423     0.749020
20424     0.752941
20425     0.745098
20426     0.733333
20427     0.733333
20428     0.741176
20429     0.752941
20430     0.725490
20431     0.741176
20432     0.745098
20433     0.721569
20434     0.686275
20435     0.670588
20436     0.682353
20437     0.705882
20438     0.678431
20439     0.670588
20440     0.666667
20441     0.670588
20442     0.678431
20443     0.678431
20444     0.662745
20445     0.643137
20446     0.639216
20447     0.674510
20448     0.701961
20449     0.721569
20450     0.741176
20451     0.756863
20452     0.749020
20453     0.733333
20454     0.658824
20455     0.662745
20456     0.682353
20457     0.701961
20458     0.686275
20459     0.647059
20460     0.611765
20461     0.600000
20462     0.607843
20463     0.647059
20464     0.596078
20465     0.419608
20466     0.239216
20467     0.156863
20468     0.145098
20469     0.145098
20470     0.168627
20471     0.145098
20472     0.129412
20473     0.129412
20474     0.149020
20475     0.168627
20476     0.172549
20477     0.164706
20478     0.156863
20479     0.156863
20480     0.160784
20481     0.172549
20482     0.180392
20483     0.184314
20484     0.180392
20485     0.172549
20486     0.203922
20487     0.203922
20488     0.207843
20489     0.207843
20490     0.211765
20491     0.211765
20492     0.207843
20493     0.207843
20494     0.196078
20495     0.196078
20496     0.196078
20497     0.200000
20498     0.200000
20499     0.203922
20500     0.203922
20501     0.203922
20502     0.200000
20503     0.215686
20504     0.243137
20505     0.274510
20506     0.298039
20507     0.301961
20508     0.290196
20509     0.278431
20510     0.266667
20511     0.278431
20512     0.294118
20513     0.305882
20514     0.309804
20515     0.305882
20516     0.298039
20517     0.294118
20518     0.345098
20519     0.325490
20520     0.349020
20521     0.427451
20522     0.509804
20523     0.545098
20524     0.537255
20525     0.525490
20526     0.521569
20527     0.576471
20528     0.670588
20529     0.764706
20530     0.839216
20531     0.882353
20532     0.901961
20533     0.901961
20534     0.890196
20535     0.949020
20536     0.949020
20537     0.854902
20538     0.760784
20539     0.729412
20540     0.713726
20541     0.694118
20542     0.721569
20543     0.698039
20544     0.662745
20545     0.643137
20546     0.650980
20547     0.674510
20548     0.705882
20549     0.725490
20550     0.752941
20551     0.772549
20552     0.772549
20553     0.737255
20554     0.701961
20555     0.694118
20556     0.698039
20557     0.698039
20558     0.713726
20559     0.717647
20560     0.717647
20561     0.717647
20562     0.729412
20563     0.760784
20564     0.807843
20565     0.843137
20566     0.756863
20567     0.682353
20568     0.611765
20569     0.588235
20570     0.607843
20571     0.650980
20572     0.701961
20573     0.741176
20574     0.729412
20575     0.709804
20576     0.682353
20577     0.654902
20578     0.647059
20579     0.658824
20580     0.690196
20581     0.717647
20582     0.705882
20583     0.713726
20584     0.725490
20585     0.745098
20586     0.752941
20587     0.729412
20588     0.690196
20589     0.654902
20590     0.654902
20591     0.690196
20592     0.733333
20593     0.764706
20594     0.768627
20595     0.752941
20596     0.729412
20597     0.713726
20598     0.694118
20599     0.698039
20600     0.701961
20601     0.701961
20602     0.701961
20603     0.698039
20604     0.694118
20605     0.690196
20606     0.713726
20607     0.717647
20608     0.721569
20609     0.721569
20610     0.717647
20611     0.709804
20612     0.701961
20613     0.698039
20614     0.713726
20615     0.713726
20616     0.721569
20617     0.729412
20618     0.741176
20619     0.741176
20620     0.737255
20621     0.729412
20622     0.690196
20623     0.670588
20624     0.662745
20625     0.678431
20626     0.686275
20627     0.686275
20628     0.694118
20629     0.705882
20630     0.701961
20631     0.713726
20632     0.721569
20633     0.713726
20634     0.694118
20635     0.666667
20636     0.643137
20637     0.631373
20638     0.701961
20639     0.717647
20640     0.721569
20641     0.709804
20642     0.713726
20643     0.733333
20644     0.749020
20645     0.749020
20646     0.717647
20647     0.709804
20648     0.705882
20649     0.721569
20650     0.749020
20651     0.760784
20652     0.749020
20653     0.737255
20654     0.713726
20655     0.713726
20656     0.709804
20657     0.682353
20658     0.709804
20659     0.737255
20660     0.725490
20661     0.686275
20662     0.658824
20663     0.654902
20664     0.666667
20665     0.662745
20666     0.658824
20667     0.658824
20668     0.674510
20669     0.690196
20670     0.690196
20671     0.678431
20672     0.662745
20673     0.639216
20674     0.670588
20675     0.705882
20676     0.721569
20677     0.741176
20678     0.752941
20679     0.745098
20680     0.725490
20681     0.678431
20682     0.674510
20683     0.678431
20684     0.690196
20685     0.690196
20686     0.666667
20687     0.635294
20688     0.611765
20689     0.596078
20690     0.635294
20691     0.592157
20692     0.423529
20693     0.235294
20694     0.145098
20695     0.145098
20696     0.160784
20697     0.176471
20698     0.149020
20699     0.125490
20700     0.133333
20701     0.164706
20702     0.188235
20703     0.180392
20704     0.164706
20705     0.164706
20706     0.160784
20707     0.160784
20708     0.172549
20709     0.184314
20710     0.188235
20711     0.176471
20712     0.164706
20713     0.207843
20714     0.211765
20715     0.215686
20716     0.219608
20717     0.211765
20718     0.203922
20719     0.188235
20720     0.180392
20721     0.176471
20722     0.180392
20723     0.192157
20724     0.196078
20725     0.200000
20726     0.196078
20727     0.188235
20728     0.184314
20729     0.176471
20730     0.180392
20731     0.203922
20732     0.250980
20733     0.294118
20734     0.321569
20735     0.317647
20736     0.305882
20737     0.270588
20738     0.282353
20739     0.298039
20740     0.313726
20741     0.321569
20742     0.321569
20743     0.313726
20744     0.305882
20745     0.325490
20746     0.309804
20747     0.337255
20748     0.419608
20749     0.501961
20750     0.541176
20751     0.541176
20752     0.533333
20753     0.549020
20754     0.584314
20755     0.654902
20756     0.749020
20757     0.831373
20758     0.878431
20759     0.882353
20760     0.870588
20761     0.866667
20762     0.898039
20763     0.917647
20764     0.882353
20765     0.803922
20766     0.733333
20767     0.705882
20768     0.709804
20769     0.725490
20770     0.713726
20771     0.686275
20772     0.654902
20773     0.639216
20774     0.647059
20775     0.670588
20776     0.698039
20777     0.749020
20778     0.768627
20779     0.764706
20780     0.729412
20781     0.698039
20782     0.690196
20783     0.694118
20784     0.690196
20785     0.705882
20786     0.717647
20787     0.725490
20788     0.725490
20789     0.725490
20790     0.749020
20791     0.792157
20792     0.831373
20793     0.800000
20794     0.733333
20795     0.666667
20796     0.631373
20797     0.635294
20798     0.654902
20799     0.694118
20800     0.733333
20801     0.709804
20802     0.694118
20803     0.670588
20804     0.643137
20805     0.631373
20806     0.643137
20807     0.674510
20808     0.694118
20809     0.713726
20810     0.721569
20811     0.741176
20812     0.764706
20813     0.772549
20814     0.752941
20815     0.709804
20816     0.674510
20817     0.647059
20818     0.678431
20819     0.725490
20820     0.760784
20821     0.772549
20822     0.764706
20823     0.749020
20824     0.741176
20825     0.713726
20826     0.701961
20827     0.690196
20828     0.682353
20829     0.686275
20830     0.694118
20831     0.698039
20832     0.698039
20833     0.717647
20834     0.713726
20835     0.713726
20836     0.717647
20837     0.721569
20838     0.721569
20839     0.713726
20840     0.705882
20841     0.721569
20842     0.717647
20843     0.717647
20844     0.733333
20845     0.749020
20846     0.756863
20847     0.749020
20848     0.733333
20849     0.698039
20850     0.690196
20851     0.690196
20852     0.705882
20853     0.705882
20854     0.690196
20855     0.686275
20856     0.694118
20857     0.678431
20858     0.694118
20859     0.705882
20860     0.705882
20861     0.690196
20862     0.670588
20863     0.654902
20864     0.647059
20865     0.701961
20866     0.721569
20867     0.725490
20868     0.705882
20869     0.701961
20870     0.717647
20871     0.741176
20872     0.745098
20873     0.725490
20874     0.709804
20875     0.701961
20876     0.717647
20877     0.749020
20878     0.764706
20879     0.760784
20880     0.749020
20881     0.709804
20882     0.698039
20883     0.682353
20884     0.658824
20885     0.698039
20886     0.737255
20887     0.745098
20888     0.713726
20889     0.678431
20890     0.658824
20891     0.654902
20892     0.654902
20893     0.650980
20894     0.650980
20895     0.666667
20896     0.686275
20897     0.694118
20898     0.690196
20899     0.678431
20900     0.654902
20901     0.682353
20902     0.713726
20903     0.725490
20904     0.733333
20905     0.737255
20906     0.721569
20907     0.698039
20908     0.678431
20909     0.674510
20910     0.666667
20911     0.670588
20912     0.678431
20913     0.678431
20914     0.658824
20915     0.635294
20916     0.603922
20917     0.635294
20918     0.580392
20919     0.403922
20920     0.211765
20921     0.121569
20922     0.133333
20923     0.168627
20924     0.180392
20925     0.156863
20926     0.137255
20927     0.149020
20928     0.176471
20929     0.192157
20930     0.188235
20931     0.176471
20932     0.180392
20933     0.168627
20934     0.164706
20935     0.172549
20936     0.188235
20937     0.188235
20938     0.172549
20939     0.156863
20940     0.192157
20941     0.200000
20942     0.215686
20943     0.219608
20944     0.215686
20945     0.196078
20946     0.172549
20947     0.156863
20948     0.176471
20949     0.184314
20950     0.196078
20951     0.203922
20952     0.203922
20953     0.200000
20954     0.192157
20955     0.184314
20956     0.180392
20957     0.176471
20958     0.184314
20959     0.223529
20960     0.274510
20961     0.309804
20962     0.313726
20963     0.305882
20964     0.274510
20965     0.286275
20966     0.301961
20967     0.313726
20968     0.317647
20969     0.313726
20970     0.309804
20971     0.309804
20972     0.301961
20973     0.294118
20974     0.329412
20975     0.419608
20976     0.505882
20977     0.549020
20978     0.556863
20979     0.556863
20980     0.596078
20981     0.615686
20982     0.666667
20983     0.749020
20984     0.831373
20985     0.878431
20986     0.878431
20987     0.862745
20988     0.898039
20989     0.878431
20990     0.898039
20991     0.925490
20992     0.862745
20993     0.745098
20994     0.701961
20995     0.733333
20996     0.705882
20997     0.717647
20998     0.713726
20999     0.682353
21000     0.643137
21001     0.627451
21002     0.647059
21003     0.674510
21004     0.737255
21005     0.752941
21006     0.745098
21007     0.713726
21008     0.690196
21009     0.686275
21010     0.686275
21011     0.678431
21012     0.701961
21013     0.717647
21014     0.729412
21015     0.729412
21016     0.721569
21017     0.733333
21018     0.768627
21019     0.796078
21020     0.815686
21021     0.772549
21022     0.725490
21023     0.698039
21024     0.678431
21025     0.670588
21026     0.686275
21027     0.709804
21028     0.694118
21029     0.686275
21030     0.674510
21031     0.658824
21032     0.650980
21033     0.658824
21034     0.678431
21035     0.694118
21036     0.725490
21037     0.729412
21038     0.741176
21039     0.756863
21040     0.760784
21041     0.745098
21042     0.709804
21043     0.682353
21044     0.658824
21045     0.682353
21046     0.713726
21047     0.741176
21048     0.749020
21049     0.749020
21050     0.749020
21051     0.745098
21052     0.737255
21053     0.713726
21054     0.690196
21055     0.674510
21056     0.678431
21057     0.690196
21058     0.701961
21059     0.709804
21060     0.721569
21061     0.709804
21062     0.701961
21063     0.701961
21064     0.709804
21065     0.721569
21066     0.725490
21067     0.729412
21068     0.733333
21069     0.725490
21070     0.725490
21071     0.737255
21072     0.752941
21073     0.760784
21074     0.749020
21075     0.733333
21076     0.705882
21077     0.701961
21078     0.713726
21079     0.725490
21080     0.713726
21081     0.686275
21082     0.670588
21083     0.674510
21084     0.666667
21085     0.670588
21086     0.674510
21087     0.674510
21088     0.674510
21089     0.674510
21090     0.682353
21091     0.690196
21092     0.682353
21093     0.698039
21094     0.701961
21095     0.682353
21096     0.678431
21097     0.701961
21098     0.729412
21099     0.741176
21100     0.737255
21101     0.721569
21102     0.709804
21103     0.725490
21104     0.752941
21105     0.780392
21106     0.784314
21107     0.780392
21108     0.741176
21109     0.721569
21110     0.698039
21111     0.662745
21112     0.698039
21113     0.745098
21114     0.764706
21115     0.756863
21116     0.729412
21117     0.705882
21118     0.690196
21119     0.670588
21120     0.654902
21121     0.647059
21122     0.650980
21123     0.670588
21124     0.686275
21125     0.686275
21126     0.682353
21127     0.658824
21128     0.690196
21129     0.717647
21130     0.721569
21131     0.725490
21132     0.721569
21133     0.698039
21134     0.670588
21135     0.658824
21136     0.662745
21137     0.658824
21138     0.654902
21139     0.666667
21140     0.678431
21141     0.666667
21142     0.639216
21143     0.592157
21144     0.611765
21145     0.552941
21146     0.380392
21147     0.188235
21148     0.090196
21149     0.098039
21150     0.137255
21151     0.168627
21152     0.164706
21153     0.160784
21154     0.160784
21155     0.168627
21156     0.180392
21157     0.184314
21158     0.184314
21159     0.188235
21160     0.172549
21161     0.164706
21162     0.172549
21163     0.188235
21164     0.192157
21165     0.172549
21166     0.149020
21167     0.176471
21168     0.188235
21169     0.203922
21170     0.211765
21171     0.207843
21172     0.192157
21173     0.172549
21174     0.156863
21175     0.196078
21176     0.200000
21177     0.203922
21178     0.211765
21179     0.211765
21180     0.207843
21181     0.207843
21182     0.203922
21183     0.207843
21184     0.192157
21185     0.188235
21186     0.203922
21187     0.243137
21188     0.274510
21189     0.286275
21190     0.286275
21191     0.266667
21192     0.282353
21193     0.301961
21194     0.301961
21195     0.290196
21196     0.282353
21197     0.290196
21198     0.298039
21199     0.301961
21200     0.298039
21201     0.329412
21202     0.415686
21203     0.501961
21204     0.556863
21205     0.576471
21206     0.584314
21207     0.639216
21208     0.650980
21209     0.686275
21210     0.756863
21211     0.839216
21212     0.890196
21213     0.898039
21214     0.886275
21215     0.913725
21216     0.870588
21217     0.886275
21218     0.929412
21219     0.886275
21220     0.772549
21221     0.713726
21222     0.737255
21223     0.686275
21224     0.709804
21225     0.717647
21226     0.698039
21227     0.658824
21228     0.635294
21229     0.643137
21230     0.662745
21231     0.717647
21232     0.729412
21233     0.721569
21234     0.694118
21235     0.678431
21236     0.678431
21237     0.678431
21238     0.666667
21239     0.690196
21240     0.705882
21241     0.721569
21242     0.729412
21243     0.729412
21244     0.733333
21245     0.745098
21246     0.760784
21247     0.796078
21248     0.776471
21249     0.760784
21250     0.741176
21251     0.713726
21252     0.678431
21253     0.670588
21254     0.682353
21255     0.686275
21256     0.690196
21257     0.690196
21258     0.682353
21259     0.682353
21260     0.686275
21261     0.701961
21262     0.713726
21263     0.733333
21264     0.725490
21265     0.721569
21266     0.729412
21267     0.733333
21268     0.717647
21269     0.690196
21270     0.666667
21271     0.670588
21272     0.686275
21273     0.705882
21274     0.717647
21275     0.721569
21276     0.725490
21277     0.729412
21278     0.737255
21279     0.741176
21280     0.725490
21281     0.701961
21282     0.682353
21283     0.678431
21284     0.682353
21285     0.698039
21286     0.709804
21287     0.705882
21288     0.698039
21289     0.686275
21290     0.678431
21291     0.686275
21292     0.701961
21293     0.725490
21294     0.741176
21295     0.741176
21296     0.741176
21297     0.741176
21298     0.745098
21299     0.749020
21300     0.749020
21301     0.741176
21302     0.729412
21303     0.709804
21304     0.709804
21305     0.725490
21306     0.737255
21307     0.721569
21308     0.686275
21309     0.666667
21310     0.666667
21311     0.670588
21312     0.650980
21313     0.635294
21314     0.631373
21315     0.654902
21316     0.686275
21317     0.713726
21318     0.729412
21319     0.662745
21320     0.670588
21321     0.666667
21322     0.654902
21323     0.658824
21324     0.694118
21325     0.721569
21326     0.729412
21327     0.733333
21328     0.725490
21329     0.721569
21330     0.729412
21331     0.752941
21332     0.784314
21333     0.807843
21334     0.819608
21335     0.780392
21336     0.756863
21337     0.729412
21338     0.658824
21339     0.682353
21340     0.717647
21341     0.749020
21342     0.768627
21343     0.764706
21344     0.752941
21345     0.737255
21346     0.701961
21347     0.674510
21348     0.647059
21349     0.639216
21350     0.647059
21351     0.662745
21352     0.670588
21353     0.674510
21354     0.650980
21355     0.682353
21356     0.709804
21357     0.717647
21358     0.721569
21359     0.717647
21360     0.694118
21361     0.662745
21362     0.639216
21363     0.658824
21364     0.670588
21365     0.670588
21366     0.674510
21367     0.682353
21368     0.662745
21369     0.635294
21370     0.580392
21371     0.600000
21372     0.552941
21373     0.400000
21374     0.215686
21375     0.101961
21376     0.086275
21377     0.113725
21378     0.152941
21379     0.168627
21380     0.180392
21381     0.172549
21382     0.152941
21383     0.152941
21384     0.168627
21385     0.192157
21386     0.184314
21387     0.168627
21388     0.156863
21389     0.172549
21390     0.192157
21391     0.200000
21392     0.180392
21393     0.156863
21394     0.176471
21395     0.180392
21396     0.188235
21397     0.196078
21398     0.196078
21399     0.192157
21400     0.184314
21401     0.180392
21402     0.203922
21403     0.200000
21404     0.200000
21405     0.200000
21406     0.200000
21407     0.203922
21408     0.207843
21409     0.211765
21410     0.227451
21411     0.207843
21412     0.188235
21413     0.188235
21414     0.211765
21415     0.239216
21416     0.262745
21417     0.274510
21418     0.266667
21419     0.290196
21420     0.305882
21421     0.290196
21422     0.262745
21423     0.250980
21424     0.270588
21425     0.294118
21426     0.317647
21427     0.301961
21428     0.321569
21429     0.392157
21430     0.478431
21431     0.541176
21432     0.580392
21433     0.603922
21434     0.670588
21435     0.678431
21436     0.701961
21437     0.756863
21438     0.827451
21439     0.878431
21440     0.894118
21441     0.894118
21442     0.878431
21443     0.870588
21444     0.878431
21445     0.901961
21446     0.894118
21447     0.847059
21448     0.788235
21449     0.756863
21450     0.690196
21451     0.694118
21452     0.694118
21453     0.690196
21454     0.674510
21455     0.662745
21456     0.654902
21457     0.654902
21458     0.705882
21459     0.717647
21460     0.709804
21461     0.686275
21462     0.674510
21463     0.682353
21464     0.678431
21465     0.670588
21466     0.678431
21467     0.694118
21468     0.713726
21469     0.733333
21470     0.745098
21471     0.745098
21472     0.741176
21473     0.741176
21474     0.764706
21475     0.764706
21476     0.772549
21477     0.768627
21478     0.733333
21479     0.690196
21480     0.670588
21481     0.678431
21482     0.678431
21483     0.682353
21484     0.686275
21485     0.686275
21486     0.690196
21487     0.701961
21488     0.721569
21489     0.733333
21490     0.737255
21491     0.725490
21492     0.717647
21493     0.717647
21494     0.713726
21495     0.698039
21496     0.670588
21497     0.647059
21498     0.674510
21499     0.686275
21500     0.701961
21501     0.709804
21502     0.709804
21503     0.713726
21504     0.713726
21505     0.721569
21506     0.721569
21507     0.725490
21508     0.721569
21509     0.705882
21510     0.686275
21511     0.674510
21512     0.682353
21513     0.690196
21514     0.670588
21515     0.674510
21516     0.670588
21517     0.666667
21518     0.662745
21519     0.678431
21520     0.709804
21521     0.733333
21522     0.745098
21523     0.752941
21524     0.756863
21525     0.752941
21526     0.741176
21527     0.733333
21528     0.725490
21529     0.725490
21530     0.717647
21531     0.721569
21532     0.741176
21533     0.756863
21534     0.741176
21535     0.705882
21536     0.690196
21537     0.694118
21538     0.678431
21539     0.643137
21540     0.603922
21541     0.603922
21542     0.643137
21543     0.694118
21544     0.729412
21545     0.745098
21546     0.678431
21547     0.670588
21548     0.650980
21549     0.631373
21550     0.643137
21551     0.674510
21552     0.694118
21553     0.694118
21554     0.705882
21555     0.709804
21556     0.709804
21557     0.717647
21558     0.733333
21559     0.764706
21560     0.803922
21561     0.835294
21562     0.800000
21563     0.772549
21564     0.745098
21565     0.643137
21566     0.650980
21567     0.678431
21568     0.713726
21569     0.752941
21570     0.772549
21571     0.768627
21572     0.760784
21573     0.729412
21574     0.694118
21575     0.650980
21576     0.627451
21577     0.631373
21578     0.647059
21579     0.658824
21580     0.658824
21581     0.635294
21582     0.666667
21583     0.698039
21584     0.713726
21585     0.717647
21586     0.717647
21587     0.694118
21588     0.666667
21589     0.631373
21590     0.670588
21591     0.694118
21592     0.694118
21593     0.694118
21594     0.690196
21595     0.666667
21596     0.631373
21597     0.596078
21598     0.623529
21599     0.592157
21600     0.458824
21601     0.278431
21602     0.152941
21603     0.117647
21604     0.129412
21605     0.137255
21606     0.164706
21607     0.188235
21608     0.172549
21609     0.141176
21610     0.129412
21611     0.156863
21612     0.192157
21613     0.176471
21614     0.160784
21615     0.152941
21616     0.168627
21617     0.196078
21618     0.203922
21619     0.188235
21620     0.164706
21621     0.180392
21622     0.180392
21623     0.180392
21624     0.180392
21625     0.184314
21626     0.192157
21627     0.200000
21628     0.203922
21629     0.200000
21630     0.192157
21631     0.184314
21632     0.180392
21633     0.180392
21634     0.188235
21635     0.200000
21636     0.207843
21637     0.223529
21638     0.203922
21639     0.180392
21640     0.176471
21641     0.192157
21642     0.227451
21643     0.262745
21644     0.282353
21645     0.270588
21646     0.298039
21647     0.313726
21648     0.290196
21649     0.250980
21650     0.235294
21651     0.262745
21652     0.298039
21653     0.325490
21654     0.301961
21655     0.305882
21656     0.364706
21657     0.447059
21658     0.517647
21659     0.572549
21660     0.603922
21661     0.690196
21662     0.690196
21663     0.709804
21664     0.749020
21665     0.807843
21666     0.850980
21667     0.874510
21668     0.874510
21669     0.850980
21670     0.886275
21671     0.898039
21672     0.890196
21673     0.917647
21674     0.941176
21675     0.894118
21676     0.807843
21677     0.705882
21678     0.686275
21679     0.670588
21680     0.674510
21681     0.686275
21682     0.690196
21683     0.670588
21684     0.650980
21685     0.709804
21686     0.717647
21687     0.713726
21688     0.694118
21689     0.686275
21690     0.694118
21691     0.690196
21692     0.682353
21693     0.670588
21694     0.682353
21695     0.705882
21696     0.737255
21697     0.756863
21698     0.760784
21699     0.749020
21700     0.733333
21701     0.745098
21702     0.756863
21703     0.776471
21704     0.780392
21705     0.749020
21706     0.701961
21707     0.682353
21708     0.690196
21709     0.666667
21710     0.670588
21711     0.670588
21712     0.674510
21713     0.678431
21714     0.698039
21715     0.725490
21716     0.745098
21717     0.741176
21718     0.733333
21719     0.725490
21720     0.721569
21721     0.717647
21722     0.698039
21723     0.666667
21724     0.639216
21725     0.666667
21726     0.682353
21727     0.701961
21728     0.709804
21729     0.713726
21730     0.709804
21731     0.705882
21732     0.709804
21733     0.701961
21734     0.721569
21735     0.737255
21736     0.725490
21737     0.694118
21738     0.670588
21739     0.666667
21740     0.670588
21741     0.643137
21742     0.654902
21743     0.662745
21744     0.658824
21745     0.650980
21746     0.662745
21747     0.694118
21748     0.721569
21749     0.749020
21750     0.760784
21751     0.768627
21752     0.756863
21753     0.737255
21754     0.717647
21755     0.717647
21756     0.721569
21757     0.729412
21758     0.737255
21759     0.760784
21760     0.776471
21761     0.764706
21762     0.733333
21763     0.721569
21764     0.729412
21765     0.686275
21766     0.639216
21767     0.592157
21768     0.592157
21769     0.639216
21770     0.698039
21771     0.733333
21772     0.745098
21773     0.709804
21774     0.690196
21775     0.654902
21776     0.627451
21777     0.631373
21778     0.654902
21779     0.662745
21780     0.650980
21781     0.670588
21782     0.682353
21783     0.690196
21784     0.694118
21785     0.701961
21786     0.737255
21787     0.788235
21788     0.827451
21789     0.792157
21790     0.768627
21791     0.737255
21792     0.658824
21793     0.654902
21794     0.658824
21795     0.682353
21796     0.717647
21797     0.752941
21798     0.772549
21799     0.780392
21800     0.768627
21801     0.737255
21802     0.690196
21803     0.654902
21804     0.635294
21805     0.631373
21806     0.631373
21807     0.631373
21808     0.631373
21809     0.650980
21810     0.670588
21811     0.674510
21812     0.670588
21813     0.674510
21814     0.690196
21815     0.709804
21816     0.698039
21817     0.701961
21818     0.713726
21819     0.729412
21820     0.729412
21821     0.701961
21822     0.662745
21823     0.631373
21824     0.600000
21825     0.600000
21826     0.607843
21827     0.556863
21828     0.384314
21829     0.180392
21830     0.109804
21831     0.145098
21832     0.137255
21833     0.152941
21834     0.160784
21835     0.152941
21836     0.145098
21837     0.133333
21838     0.125490
21839     0.113725
21840     0.145098
21841     0.141176
21842     0.145098
21843     0.152941
21844     0.141176
21845     0.137255
21846     0.168627
21847     0.211765
21848     0.188235
21849     0.188235
21850     0.176471
21851     0.160784
21852     0.152941
21853     0.168627
21854     0.203922
21855     0.235294
21856     0.200000
21857     0.188235
21858     0.176471
21859     0.180392
21860     0.192157
21861     0.200000
21862     0.200000
21863     0.196078
21864     0.247059
21865     0.223529
21866     0.196078
21867     0.180392
21868     0.188235
21869     0.207843
21870     0.227451
21871     0.235294
21872     0.262745
21873     0.298039
21874     0.317647
21875     0.294118
21876     0.247059
21877     0.219608
21878     0.239216
21879     0.266667
21880     0.294118
21881     0.266667
21882     0.250980
21883     0.278431
21884     0.360784
21885     0.470588
21886     0.576471
21887     0.643137
21888     0.709804
21889     0.698039
21890     0.694118
21891     0.709804
21892     0.745098
21893     0.788235
21894     0.827451
21895     0.850980
21896     0.831373
21897     0.854902
21898     0.878431
21899     0.913725
21900     0.952941
21901     0.972549
21902     0.960784
21903     0.933333
21904     0.803922
21905     0.729412
21906     0.658824
21907     0.650980
21908     0.674510
21909     0.686275
21910     0.678431
21911     0.666667
21912     0.690196
21913     0.686275
21914     0.686275
21915     0.690196
21916     0.701961
21917     0.705882
21918     0.705882
21919     0.698039
21920     0.666667
21921     0.670588
21922     0.686275
21923     0.721569
21924     0.752941
21925     0.760784
21926     0.745098
21927     0.725490
21928     0.717647
21929     0.733333
21930     0.749020
21931     0.741176
21932     0.717647
21933     0.694118
21934     0.686275
21935     0.686275
21936     0.674510
21937     0.666667
21938     0.662745
21939     0.666667
21940     0.686275
21941     0.701961
21942     0.713726
21943     0.717647
21944     0.721569
21945     0.725490
21946     0.725490
21947     0.721569
21948     0.709804
21949     0.698039
21950     0.690196
21951     0.682353
21952     0.698039
21953     0.709804
21954     0.721569
21955     0.721569
21956     0.713726
21957     0.705882
21958     0.701961
21959     0.698039
21960     0.729412
21961     0.729412
21962     0.729412
21963     0.721569
21964     0.705882
21965     0.682353
21966     0.662745
21967     0.650980
21968     0.647059
21969     0.662745
21970     0.678431
21971     0.690196
21972     0.694118
21973     0.694118
21974     0.701961
21975     0.705882
21976     0.737255
21977     0.752941
21978     0.764706
21979     0.760784
21980     0.745098
21981     0.733333
21982     0.737255
21983     0.741176
21984     0.764706
21985     0.768627
21986     0.772549
21987     0.772549
21988     0.768627
21989     0.768627
21990     0.776471
21991     0.780392
21992     0.701961
21993     0.686275
21994     0.658824
21995     0.631373
21996     0.647059
21997     0.694118
21998     0.729412
21999     0.737255
22000     0.705882
22001     0.690196
22002     0.662745
22003     0.627451
22004     0.600000
22005     0.584314
22006     0.584314
22007     0.592157
22008     0.607843
22009     0.623529
22010     0.647059
22011     0.674510
22012     0.705882
22013     0.741176
22014     0.772549
22015     0.796078
22016     0.784314
22017     0.756863
22018     0.721569
22019     0.678431
22020     0.666667
22021     0.662745
22022     0.682353
22023     0.717647
22024     0.749020
22025     0.756863
22026     0.752941
22027     0.752941
22028     0.733333
22029     0.705882
22030     0.682353
22031     0.662745
22032     0.643137
22033     0.627451
22034     0.611765
22035     0.627451
22036     0.643137
22037     0.662745
22038     0.666667
22039     0.666667
22040     0.678431
22041     0.705882
22042     0.729412
22043     0.737255
22044     0.737255
22045     0.745098
22046     0.749020
22047     0.741176
22048     0.709804
22049     0.666667
22050     0.631373
22051     0.600000
22052     0.592157
22053     0.600000
22054     0.568627
22055     0.427451
22056     0.239216
22057     0.141176
22058     0.145098
22059     0.117647
22060     0.125490
22061     0.133333
22062     0.133333
22063     0.137255
22064     0.145098
22065     0.149020
22066     0.149020
22067     0.149020
22068     0.156863
22069     0.152941
22070     0.133333
22071     0.121569
22072     0.125490
22073     0.152941
22074     0.176471
22075     0.168627
22076     0.172549
22077     0.172549
22078     0.176471
22079     0.176471
22080     0.184314
22081     0.196078
22082     0.203922
22083     0.215686
22084     0.203922
22085     0.188235
22086     0.184314
22087     0.188235
22088     0.192157
22089     0.188235
22090     0.180392
22091     0.231373
22092     0.211765
22093     0.188235
22094     0.176471
22095     0.184314
22096     0.200000
22097     0.215686
22098     0.219608
22099     0.247059
22100     0.278431
22101     0.298039
22102     0.278431
22103     0.235294
22104     0.203922
22105     0.215686
22106     0.235294
22107     0.250980
22108     0.243137
22109     0.227451
22110     0.231373
22111     0.305882
22112     0.435294
22113     0.556863
22114     0.623529
22115     0.698039
22116     0.698039
22117     0.701961
22118     0.717647
22119     0.745098
22120     0.780392
22121     0.807843
22122     0.823529
22123     0.827451
22124     0.847059
22125     0.866667
22126     0.898039
22127     0.945098
22128     0.972549
22129     0.976471
22130     0.960784
22131     0.835294
22132     0.760784
22133     0.686275
22134     0.662745
22135     0.674510
22136     0.682353
22137     0.678431
22138     0.678431
22139     0.674510
22140     0.666667
22141     0.666667
22142     0.674510
22143     0.686275
22144     0.698039
22145     0.701961
22146     0.701961
22147     0.662745
22148     0.650980
22149     0.650980
22150     0.674510
22151     0.709804
22152     0.729412
22153     0.725490
22154     0.709804
22155     0.701961
22156     0.713726
22157     0.721569
22158     0.717647
22159     0.698039
22160     0.678431
22161     0.670588
22162     0.666667
22163     0.686275
22164     0.682353
22165     0.674510
22166     0.666667
22167     0.666667
22168     0.670588
22169     0.678431
22170     0.682353
22171     0.701961
22172     0.705882
22173     0.709804
22174     0.709804
22175     0.705882
22176     0.705882
22177     0.705882
22178     0.709804
22179     0.701961
22180     0.705882
22181     0.713726
22182     0.717647
22183     0.721569
22184     0.721569
22185     0.721569
22186     0.717647
22187     0.717647
22188     0.721569
22189     0.725490
22190     0.721569
22191     0.709804
22192     0.690196
22193     0.674510
22194     0.666667
22195     0.670588
22196     0.682353
22197     0.701961
22198     0.717647
22199     0.721569
22200     0.717647
22201     0.713726
22202     0.709804
22203     0.725490
22204     0.733333
22205     0.741176
22206     0.745098
22207     0.741176
22208     0.737255
22209     0.737255
22210     0.741176
22211     0.741176
22212     0.752941
22213     0.764706
22214     0.776471
22215     0.780392
22216     0.776471
22217     0.776471
22218     0.776471
22219     0.756863
22220     0.745098
22221     0.713726
22222     0.682353
22223     0.678431
22224     0.701961
22225     0.713726
22226     0.705882
22227     0.709804
22228     0.701961
22229     0.682353
22230     0.654902
22231     0.627451
22232     0.603922
22233     0.592157
22234     0.588235
22235     0.584314
22236     0.603922
22237     0.639216
22238     0.678431
22239     0.713726
22240     0.741176
22241     0.764706
22242     0.776471
22243     0.756863
22244     0.729412
22245     0.698039
22246     0.698039
22247     0.682353
22248     0.674510
22249     0.690196
22250     0.721569
22251     0.741176
22252     0.737255
22253     0.729412
22254     0.729412
22255     0.729412
22256     0.729412
22257     0.725490
22258     0.705882
22259     0.674510
22260     0.635294
22261     0.603922
22262     0.623529
22263     0.635294
22264     0.650980
22265     0.658824
22266     0.666667
22267     0.686275
22268     0.717647
22269     0.741176
22270     0.768627
22271     0.768627
22272     0.768627
22273     0.768627
22274     0.749020
22275     0.717647
22276     0.674510
22277     0.647059
22278     0.596078
22279     0.572549
22280     0.568627
22281     0.560784
22282     0.466667
22283     0.305882
22284     0.180392
22285     0.137255
22286     0.129412
22287     0.125490
22288     0.125490
22289     0.133333
22290     0.141176
22291     0.156863
22292     0.172549
22293     0.184314
22294     0.180392
22295     0.200000
22296     0.184314
22297     0.141176
22298     0.121569
22299     0.141176
22300     0.160784
22301     0.160784
22302     0.164706
22303     0.156863
22304     0.152941
22305     0.156863
22306     0.168627
22307     0.180392
22308     0.188235
22309     0.192157
22310     0.219608
22311     0.207843
22312     0.196078
22313     0.188235
22314     0.188235
22315     0.192157
22316     0.188235
22317     0.184314
22318     0.211765
22319     0.196078
22320     0.180392
22321     0.176471
22322     0.180392
22323     0.192157
22324     0.200000
22325     0.203922
22326     0.231373
22327     0.258824
22328     0.278431
22329     0.270588
22330     0.235294
22331     0.203922
22332     0.200000
22333     0.211765
22334     0.219608
22335     0.239216
22336     0.215686
22337     0.176471
22338     0.227451
22339     0.376471
22340     0.521569
22341     0.588235
22342     0.686275
22343     0.694118
22344     0.705882
22345     0.725490
22346     0.749020
22347     0.768627
22348     0.788235
22349     0.800000
22350     0.823529
22351     0.839216
22352     0.854902
22353     0.878431
22354     0.921569
22355     0.960784
22356     0.972549
22357     0.960784
22358     0.847059
22359     0.780392
22360     0.705882
22361     0.670588
22362     0.662745
22363     0.662745
22364     0.670588
22365     0.682353
22366     0.666667
22367     0.658824
22368     0.654902
22369     0.658824
22370     0.674510
22371     0.690196
22372     0.701961
22373     0.705882
22374     0.662745
22375     0.631373
22376     0.607843
22377     0.611765
22378     0.647059
22379     0.678431
22380     0.686275
22381     0.682353
22382     0.690196
22383     0.694118
22384     0.698039
22385     0.698039
22386     0.690196
22387     0.678431
22388     0.666667
22389     0.658824
22390     0.690196
22391     0.694118
22392     0.694118
22393     0.678431
22394     0.662745
22395     0.658824
22396     0.666667
22397     0.678431
22398     0.690196
22399     0.698039
22400     0.701961
22401     0.705882
22402     0.709804
22403     0.721569
22404     0.737255
22405     0.749020
22406     0.717647
22407     0.709804
22408     0.705882
22409     0.713726
22410     0.733333
22411     0.745098
22412     0.745098
22413     0.737255
22414     0.705882
22415     0.717647
22416     0.725490
22417     0.725490
22418     0.713726
22419     0.698039
22420     0.694118
22421     0.690196
22422     0.690196
22423     0.698039
22424     0.717647
22425     0.733333
22426     0.745098
22427     0.741176
22428     0.721569
22429     0.709804
22430     0.705882
22431     0.709804
22432     0.713726
22433     0.725490
22434     0.737255
22435     0.745098
22436     0.745098
22437     0.741176
22438     0.745098
22439     0.760784
22440     0.784314
22441     0.803922
22442     0.811765
22443     0.803922
22444     0.784314
22445     0.772549
22446     0.792157
22447     0.788235
22448     0.764706
22449     0.729412
22450     0.717647
22451     0.721569
22452     0.709804
22453     0.690196
22454     0.698039
22455     0.698039
22456     0.690196
22457     0.674510
22458     0.650980
22459     0.623529
22460     0.596078
22461     0.580392
22462     0.572549
22463     0.596078
22464     0.639216
22465     0.682353
22466     0.713726
22467     0.729412
22468     0.733333
22469     0.733333
22470     0.713726
22471     0.694118
22472     0.666667
22473     0.690196
22474     0.694118
22475     0.701961
22476     0.709804
22477     0.717647
22478     0.725490
22479     0.733333
22480     0.737255
22481     0.717647
22482     0.729412
22483     0.745098
22484     0.752941
22485     0.745098
22486     0.709804
22487     0.666667
22488     0.635294
22489     0.623529
22490     0.635294
22491     0.647059
22492     0.658824
22493     0.666667
22494     0.678431
22495     0.701961
22496     0.717647
22497     0.756863
22498     0.760784
22499     0.764706
22500     0.764706
22501     0.752941
22502     0.725490
22503     0.694118
22504     0.674510
22505     0.627451
22506     0.584314
22507     0.556863
22508     0.552941
22509     0.505882
22510     0.380392
22511     0.239216
22512     0.149020
22513     0.164706
22514     0.149020
22515     0.145098
22516     0.156863
22517     0.168627
22518     0.172549
22519     0.180392
22520     0.192157
22521     0.203922
22522     0.235294
22523     0.219608
22524     0.156863
22525     0.141176
22526     0.176471
22527     0.192157
22528     0.168627
22529     0.192157
22530     0.168627
22531     0.137255
22532     0.129412
22533     0.149020
22534     0.176471
22535     0.200000
22536     0.207843
22537     0.207843
22538     0.200000
22539     0.192157
22540     0.192157
22541     0.192157
22542     0.196078
22543     0.200000
22544     0.203922
22545     0.200000
22546     0.192157
22547     0.184314
22548     0.184314
22549     0.188235
22550     0.196078
22551     0.196078
22552     0.192157
22553     0.215686
22554     0.239216
22555     0.262745
22556     0.266667
22557     0.250980
22558     0.227451
22559     0.215686
22560     0.211765
22561     0.223529
22562     0.258824
22563     0.227451
22564     0.149020
22565     0.172549
22566     0.329412
22567     0.490196
22568     0.560784
22569     0.682353
22570     0.690196
22571     0.709804
22572     0.729412
22573     0.749020
22574     0.768627
22575     0.792157
22576     0.807843
22577     0.835294
22578     0.850980
22579     0.862745
22580     0.878431
22581     0.905882
22582     0.933333
22583     0.933333
22584     0.917647
22585     0.815686
22586     0.760784
22587     0.701961
22588     0.670588
22589     0.654902
22590     0.643137
22591     0.650980
22592     0.670588
22593     0.678431
22594     0.666667
22595     0.654902
22596     0.654902
22597     0.670588
22598     0.686275
22599     0.694118
22600     0.698039
22601     0.670588
22602     0.627451
22603     0.580392
22604     0.568627
22605     0.592157
22606     0.623529
22607     0.639216
22608     0.643137
22609     0.674510
22610     0.682353
22611     0.690196
22612     0.698039
22613     0.698039
22614     0.694118
22615     0.686275
22616     0.678431
22617     0.686275
22618     0.701961
22619     0.709804
22620     0.698039
22621     0.682353
22622     0.674510
22623     0.690196
22624     0.709804
22625     0.698039
22626     0.705882
22627     0.713726
22628     0.713726
22629     0.713726
22630     0.729412
22631     0.756863
22632     0.776471
22633     0.737255
22634     0.717647
22635     0.701961
22636     0.709804
22637     0.737255
22638     0.752941
22639     0.752941
22640     0.741176
22641     0.713726
22642     0.725490
22643     0.733333
22644     0.729412
22645     0.713726
22646     0.701961
22647     0.698039
22648     0.701961
22649     0.698039
22650     0.698039
22651     0.705882
22652     0.721569
22653     0.737255
22654     0.741176
22655     0.729412
22656     0.717647
22657     0.701961
22658     0.694118
22659     0.698039
22660     0.713726
22661     0.737255
22662     0.752941
22663     0.752941
22664     0.745098
22665     0.749020
22666     0.764706
22667     0.796078
22668     0.819608
22669     0.831373
22670     0.815686
22671     0.788235
22672     0.764706
22673     0.780392
22674     0.784314
22675     0.776471
22676     0.756863
22677     0.749020
22678     0.749020
22679     0.729412
22680     0.701961
22681     0.670588
22682     0.674510
22683     0.674510
22684     0.674510
22685     0.662745
22686     0.635294
22687     0.603922
22688     0.584314
22689     0.588235
22690     0.607843
22691     0.639216
22692     0.674510
22693     0.701961
22694     0.713726
22695     0.705882
22696     0.698039
22697     0.686275
22698     0.674510
22699     0.654902
22700     0.666667
22701     0.694118
22702     0.725490
22703     0.729412
22704     0.713726
22705     0.713726
22706     0.733333
22707     0.752941
22708     0.717647
22709     0.729412
22710     0.745098
22711     0.760784
22712     0.764706
22713     0.745098
22714     0.713726
22715     0.686275
22716     0.639216
22717     0.647059
22718     0.658824
22719     0.662745
22720     0.662745
22721     0.662745
22722     0.666667
22723     0.670588
22724     0.709804
22725     0.721569
22726     0.737255
22727     0.745098
22728     0.741176
22729     0.729412
22730     0.717647
22731     0.709804
22732     0.682353
22733     0.623529
22734     0.572549
22735     0.560784
22736     0.541176
22737     0.450980
22738     0.305882
22739     0.188235
22740     0.180392
22741     0.160784
22742     0.156863
22743     0.180392
22744     0.196078
22745     0.188235
22746     0.184314
22747     0.192157
22748     0.215686
22749     0.247059
22750     0.235294
22751     0.184314
22752     0.176471
22753     0.215686
22754     0.227451
22755     0.200000
22756     0.215686
22757     0.192157
22758     0.164706
22759     0.160784
22760     0.176471
22761     0.200000
22762     0.215686
22763     0.223529
22764     0.207843
22765     0.207843
22766     0.200000
22767     0.196078
22768     0.192157
22769     0.196078
22770     0.203922
22771     0.207843
22772     0.203922
22773     0.196078
22774     0.192157
22775     0.196078
22776     0.200000
22777     0.203922
22778     0.200000
22779     0.196078
22780     0.200000
22781     0.215686
22782     0.235294
22783     0.254902
22784     0.258824
22785     0.250980
22786     0.235294
22787     0.219608
22788     0.235294
22789     0.270588
22790     0.239216
22791     0.149020
22792     0.164706
22793     0.317647
22794     0.486275
22795     0.568627
22796     0.678431
22797     0.690196
22798     0.709804
22799     0.729412
22800     0.749020
22801     0.780392
22802     0.811765
22803     0.839216
22804     0.874510
22805     0.894118
22806     0.905882
22807     0.905882
22808     0.905882
22809     0.901961
22810     0.878431
22811     0.847059
22812     0.760784
22813     0.725490
22814     0.690196
22815     0.674510
22816     0.658824
22817     0.647059
22818     0.650980
22819     0.666667
22820     0.686275
22821     0.674510
22822     0.658824
22823     0.650980
22824     0.654902
22825     0.662745
22826     0.670588
22827     0.670588
22828     0.678431
22829     0.639216
22830     0.588235
22831     0.560784
22832     0.564706
22833     0.588235
22834     0.603922
22835     0.611765
22836     0.647059
22837     0.662745
22838     0.686275
22839     0.701961
22840     0.709804
22841     0.709804
22842     0.705882
22843     0.705882
22844     0.686275
22845     0.701961
22846     0.717647
22847     0.709804
22848     0.694118
22849     0.690196
22850     0.705882
22851     0.725490
22852     0.705882
22853     0.713726
22854     0.717647
22855     0.709804
22856     0.701961
22857     0.713726
22858     0.741176
22859     0.764706
22860     0.749020
22861     0.729412
22862     0.705882
22863     0.709804
22864     0.729412
22865     0.745098
22866     0.741176
22867     0.733333
22868     0.733333
22869     0.745098
22870     0.752941
22871     0.737255
22872     0.713726
22873     0.694118
22874     0.694118
22875     0.698039
22876     0.705882
22877     0.701961
22878     0.701961
22879     0.705882
22880     0.717647
22881     0.729412
22882     0.737255
22883     0.741176
22884     0.705882
22885     0.698039
22886     0.698039
22887     0.713726
22888     0.737255
22889     0.752941
22890     0.752941
22891     0.749020
22892     0.725490
22893     0.741176
22894     0.768627
22895     0.803922
22896     0.823529
22897     0.819608
22898     0.796078
22899     0.772549
22900     0.768627
22901     0.776471
22902     0.776471
22903     0.768627
22904     0.768627
22905     0.772549
22906     0.756863
22907     0.733333
22908     0.658824
22909     0.658824
22910     0.658824
22911     0.662745
22912     0.666667
22913     0.654902
22914     0.635294
22915     0.615686
22916     0.607843
22917     0.611765
22918     0.631373
22919     0.658824
22920     0.690196
22921     0.705882
22922     0.705882
22923     0.701961
22924     0.678431
22925     0.670588
22926     0.662745
22927     0.647059
22928     0.682353
22929     0.717647
22930     0.725490
22931     0.713726
22932     0.709804
22933     0.729412
22934     0.752941
22935     0.717647
22936     0.725490
22937     0.741176
22938     0.756863
22939     0.764706
22940     0.760784
22941     0.745098
22942     0.729412
22943     0.674510
22944     0.670588
22945     0.670588
22946     0.662745
22947     0.654902
22948     0.647059
22949     0.643137
22950     0.635294
22951     0.666667
22952     0.686275
22953     0.705882
22954     0.721569
22955     0.729412
22956     0.729412
22957     0.733333
22958     0.733333
22959     0.701961
22960     0.643137
22961     0.576471
22962     0.552941
22963     0.549020
22964     0.490196
22965     0.345098
22966     0.215686
22967     0.176471
22968     0.149020
22969     0.149020
22970     0.184314
22971     0.207843
22972     0.196078
22973     0.192157
22974     0.203922
22975     0.247059
22976     0.266667
22977     0.262745
22978     0.239216
22979     0.239216
22980     0.266667
22981     0.270588
22982     0.254902
22983     0.219608
22984     0.219608
22985     0.223529
22986     0.231373
22987     0.235294
22988     0.235294
22989     0.227451
22990     0.219608
22991     0.223529
22992     0.223529
22993     0.219608
22994     0.203922
22995     0.192157
22996     0.184314
22997     0.192157
22998     0.196078
22999     0.211765
23000     0.207843
23001     0.200000
23002     0.203922
23003     0.211765
23004     0.211765
23005     0.207843
23006     0.203922
23007     0.180392
23008     0.188235
23009     0.203922
23010     0.231373
23011     0.254902
23012     0.258824
23013     0.239216
23014     0.219608
23015     0.235294
23016     0.258824
23017     0.231373
23018     0.164706
23019     0.184314
23020     0.329412
23021     0.501961
23022     0.600000
23023     0.670588
23024     0.686275
23025     0.713726
23026     0.733333
23027     0.756863
23028     0.788235
23029     0.827451
23030     0.858824
23031     0.921569
23032     0.945098
23033     0.956863
23034     0.941176
23035     0.917647
23036     0.882353
23037     0.835294
23038     0.792157
23039     0.729412
23040     0.698039
23041     0.674510
23042     0.674510
23043     0.674510
23044     0.666667
23045     0.666667
23046     0.678431
23047     0.682353
23048     0.666667
23049     0.650980
23050     0.639216
23051     0.639216
23052     0.639216
23053     0.639216
23054     0.635294
23055     0.682353
23056     0.658824
23057     0.627451
23058     0.596078
23059     0.576471
23060     0.576471
23061     0.592157
23062     0.600000
23063     0.615686
23064     0.647059
23065     0.686275
23066     0.709804
23067     0.713726
23068     0.709804
23069     0.709804
23070     0.713726
23071     0.694118
23072     0.701961
23073     0.709804
23074     0.701961
23075     0.690196
23076     0.686275
23077     0.690196
23078     0.701961
23079     0.701961
23080     0.713726
23081     0.713726
23082     0.698039
23083     0.678431
23084     0.674510
23085     0.698039
23086     0.721569
23087     0.745098
23088     0.725490
23089     0.709804
23090     0.705882
23091     0.717647
23092     0.725490
23093     0.721569
23094     0.717647
23095     0.752941
23096     0.764706
23097     0.768627
23098     0.749020
23099     0.713726
23100     0.686275
23101     0.686275
23102     0.694118
23103     0.713726
23104     0.717647
23105     0.713726
23106     0.709804
23107     0.709804
23108     0.721569
23109     0.741176
23110     0.760784
23111     0.713726
23112     0.709804
23113     0.709804
23114     0.717647
23115     0.729412
23116     0.741176
23117     0.745098
23118     0.749020
23119     0.713726
23120     0.721569
23121     0.745098
23122     0.780392
23123     0.815686
23124     0.831373
23125     0.823529
23126     0.811765
23127     0.776471
23128     0.784314
23129     0.776471
23130     0.760784
23131     0.764706
23132     0.776471
23133     0.772549
23134     0.752941
23135     0.686275
23136     0.670588
23137     0.654902
23138     0.654902
23139     0.666667
23140     0.678431
23141     0.678431
23142     0.674510
23143     0.623529
23144     0.623529
23145     0.631373
23146     0.654902
23147     0.690196
23148     0.713726
23149     0.717647
23150     0.713726
23151     0.678431
23152     0.678431
23153     0.678431
23154     0.643137
23155     0.662745
23156     0.690196
23157     0.705882
23158     0.713726
23159     0.713726
23160     0.717647
23161     0.721569
23162     0.717647
23163     0.721569
23164     0.733333
23165     0.749020
23166     0.760784
23167     0.760784
23168     0.749020
23169     0.741176
23170     0.717647
23171     0.701961
23172     0.678431
23173     0.658824
23174     0.647059
23175     0.639216
23176     0.635294
23177     0.635294
23178     0.654902
23179     0.674510
23180     0.698039
23181     0.713726
23182     0.721569
23183     0.729412
23184     0.737255
23185     0.745098
23186     0.701961
23187     0.658824
23188     0.600000
23189     0.572549
23190     0.572549
23191     0.525490
23192     0.388235
23193     0.250980
23194     0.196078
23195     0.152941
23196     0.145098
23197     0.184314
23198     0.211765
23199     0.203922
23200     0.207843
23201     0.231373
23202     0.254902
23203     0.258824
23204     0.262745
23205     0.270588
23206     0.278431
23207     0.282353
23208     0.282353
23209     0.278431
23210     0.223529
23211     0.239216
23212     0.250980
23213     0.258824
23214     0.250980
23215     0.239216
23216     0.227451
23217     0.223529
23218     0.227451
23219     0.227451
23220     0.223529
23221     0.207843
23222     0.192157
23223     0.184314
23224     0.192157
23225     0.200000
23226     0.219608
23227     0.211765
23228     0.203922
23229     0.207843
23230     0.211765
23231     0.215686
23232     0.215686
23233     0.207843
23234     0.184314
23235     0.180392
23236     0.188235
23237     0.219608
23238     0.250980
23239     0.258824
23240     0.239216
23241     0.211765
23242     0.235294
23243     0.239216
23244     0.211765
23245     0.176471
23246     0.200000
23247     0.325490
23248     0.490196
23249     0.603922
23250     0.654902
23251     0.682353
23252     0.721569
23253     0.749020
23254     0.768627
23255     0.792157
23256     0.827451
23257     0.850980
23258     0.941176
23259     0.964706
23260     0.968627
23261     0.945098
23262     0.905882
23263     0.862745
23264     0.807843
23265     0.760784
23266     0.717647
23267     0.682353
23268     0.654902
23269     0.658824
23270     0.670588
23271     0.674510
23272     0.678431
23273     0.690196
23274     0.674510
23275     0.662745
23276     0.647059
23277     0.639216
23278     0.635294
23279     0.631373
23280     0.623529
23281     0.615686
23282     0.670588
23283     0.674510
23284     0.670588
23285     0.643137
23286     0.611765
23287     0.592157
23288     0.600000
23289     0.611765
23290     0.603922
23291     0.650980
23292     0.705882
23293     0.729412
23294     0.717647
23295     0.701961
23296     0.701961
23297     0.713726
23298     0.698039
23299     0.698039
23300     0.698039
23301     0.694118
23302     0.690196
23303     0.686275
23304     0.682353
23305     0.682353
23306     0.701961
23307     0.709804
23308     0.713726
23309     0.690196
23310     0.662745
23311     0.650980
23312     0.666667
23313     0.690196
23314     0.721569
23315     0.713726
23316     0.709804
23317     0.701961
23318     0.701961
23319     0.705882
23320     0.705882
23321     0.709804
23322     0.764706
23323     0.776471
23324     0.780392
23325     0.752941
23326     0.713726
23327     0.686275
23328     0.686275
23329     0.698039
23330     0.717647
23331     0.729412
23332     0.737255
23333     0.725490
23334     0.705882
23335     0.701961
23336     0.725490
23337     0.749020
23338     0.721569
23339     0.725490
23340     0.725490
23341     0.721569
23342     0.717647
23343     0.721569
23344     0.729412
23345     0.737255
23346     0.713726
23347     0.709804
23348     0.713726
23349     0.741176
23350     0.776471
23351     0.803922
23352     0.811765
23353     0.807843
23354     0.780392
23355     0.776471
23356     0.756863
23357     0.737255
23358     0.741176
23359     0.764706
23360     0.772549
23361     0.760784
23362     0.725490
23363     0.690196
23364     0.650980
23365     0.639216
23366     0.658824
23367     0.686275
23368     0.709804
23369     0.717647
23370     0.654902
23371     0.650980
23372     0.650980
23373     0.670588
23374     0.698039
23375     0.713726
23376     0.705882
23377     0.694118
23378     0.674510
23379     0.682353
23380     0.686275
23381     0.650980
23382     0.650980
23383     0.658824
23384     0.686275
23385     0.713726
23386     0.721569
23387     0.705882
23388     0.690196
23389     0.713726
23390     0.717647
23391     0.729412
23392     0.745098
23393     0.756863
23394     0.756863
23395     0.745098
23396     0.733333
23397     0.749020
23398     0.721569
23399     0.682353
23400     0.650980
23401     0.635294
23402     0.635294
23403     0.643137
23404     0.647059
23405     0.662745
23406     0.682353
23407     0.705882
23408     0.717647
23409     0.721569
23410     0.725490
23411     0.737255
23412     0.749020
23413     0.721569
23414     0.694118
23415     0.647059
23416     0.619608
23417     0.619608
23418     0.576471
23419     0.443137
23420     0.305882
23421     0.231373
23422     0.176471
23423     0.156863
23424     0.188235
23425     0.215686
23426     0.211765
23427     0.219608
23428     0.247059
23429     0.227451
23430     0.219608
23431     0.227451
23432     0.254902
23433     0.266667
23434     0.254902
23435     0.247059
23436     0.254902
23437     0.235294
23438     0.243137
23439     0.247059
23440     0.239216
23441     0.223529
23442     0.215686
23443     0.223529
23444     0.235294
23445     0.211765
23446     0.219608
23447     0.219608
23448     0.207843
23449     0.196078
23450     0.192157
23451     0.203922
23452     0.215686
23453     0.219608
23454     0.211765
23455     0.207843
23456     0.207843
23457     0.211765
23458     0.215686
23459     0.215686
23460     0.211765
23461     0.196078
23462     0.184314
23463     0.188235
23464     0.215686
23465     0.254902
23466     0.262745
23467     0.239216
23468     0.211765
23469     0.243137
23470     0.227451
23471     0.203922
23472     0.180392
23473     0.203922
23474     0.309804
23475     0.466667
23476     0.588235
23477     0.643137
23478     0.678431
23479     0.725490
23480     0.760784
23481     0.776471
23482     0.792157
23483     0.815686
23484     0.835294
23485     0.941176
23486     0.960784
23487     0.960784
23488     0.933333
23489     0.886275
23490     0.839216
23491     0.788235
23492     0.745098
23493     0.713726
23494     0.666667
23495     0.631373
23496     0.635294
23497     0.658824
23498     0.670588
23499     0.682353
23500     0.690196
23501     0.670588
23502     0.662745
23503     0.654902
23504     0.647059
23505     0.647059
23506     0.639216
23507     0.627451
23508     0.619608
23509     0.658824
23510     0.682353
23511     0.698039
23512     0.678431
23513     0.635294
23514     0.607843
23515     0.611765
23516     0.627451
23517     0.607843
23518     0.666667
23519     0.729412
23520     0.749020
23521     0.725490
23522     0.701961
23523     0.701961
23524     0.717647
23525     0.694118
23526     0.690196
23527     0.690196
23528     0.694118
23529     0.701961
23530     0.701961
23531     0.694118
23532     0.686275
23533     0.701961
23534     0.713726
23535     0.717647
23536     0.694118
23537     0.662745
23538     0.647059
23539     0.658824
23540     0.678431
23541     0.698039
23542     0.701961
23543     0.705882
23544     0.701961
23545     0.694118
23546     0.694118
23547     0.698039
23548     0.705882
23549     0.764706
23550     0.780392
23551     0.780392
23552     0.756863
23553     0.713726
23554     0.686275
23555     0.686275
23556     0.701961
23557     0.709804
23558     0.733333
23559     0.749020
23560     0.733333
23561     0.698039
23562     0.682353
23563     0.701961
23564     0.725490
23565     0.725490
23566     0.733333
23567     0.733333
23568     0.721569
23569     0.709804
23570     0.705882
23571     0.717647
23572     0.729412
23573     0.701961
23574     0.686275
23575     0.670588
23576     0.682353
23577     0.713726
23578     0.741176
23579     0.752941
23580     0.749020
23581     0.764706
23582     0.752941
23583     0.729412
23584     0.705882
23585     0.713726
23586     0.745098
23587     0.764706
23588     0.764706
23589     0.752941
23590     0.705882
23591     0.647059
23592     0.623529
23593     0.643137
23594     0.682353
23595     0.717647
23596     0.733333
23597     0.694118
23598     0.682353
23599     0.678431
23600     0.690196
23601     0.705882
23602     0.705882
23603     0.682353
23604     0.658824
23605     0.670588
23606     0.678431
23607     0.690196
23608     0.643137
23609     0.654902
23610     0.670588
23611     0.682353
23612     0.682353
23613     0.682353
23614     0.682353
23615     0.686275
23616     0.643137
23617     0.701961
23618     0.764706
23619     0.776471
23620     0.749020
23621     0.717647
23622     0.721569
23623     0.737255
23624     0.737255
23625     0.729412
23626     0.705882
23627     0.666667
23628     0.631373
23629     0.623529
23630     0.643137
23631     0.666667
23632     0.694118
23633     0.694118
23634     0.694118
23635     0.701961
23636     0.717647
23637     0.737255
23638     0.752941
23639     0.760784
23640     0.721569
23641     0.694118
23642     0.654902
23643     0.635294
23644     0.647059
23645     0.623529
23646     0.498039
23647     0.360784
23648     0.254902
23649     0.219608
23650     0.203922
23651     0.215686
23652     0.227451
23653     0.219608
23654     0.219608
23655     0.235294
23656     0.200000
23657     0.207843
23658     0.223529
23659     0.247059
23660     0.258824
23661     0.254902
23662     0.239216
23663     0.227451
23664     0.239216
23665     0.243137
23666     0.250980
23667     0.247059
23668     0.239216
23669     0.231373
23670     0.231373
23671     0.235294
23672     0.235294
23673     0.235294
23674     0.243137
23675     0.243137
23676     0.215686
23677     0.176471
23678     0.164706
23679     0.172549
23680     0.160784
23681     0.196078
23682     0.227451
23683     0.231373
23684     0.207843
23685     0.196078
23686     0.207843
23687     0.223529
23688     0.211765
23689     0.203922
23690     0.184314
23691     0.184314
23692     0.227451
23693     0.274510
23694     0.274510
23695     0.239216
23696     0.258824
23697     0.223529
23698     0.200000
23699     0.200000
23700     0.207843
23701     0.262745
23702     0.403922
23703     0.545098
23704     0.615686
23705     0.678431
23706     0.717647
23707     0.752941
23708     0.792157
23709     0.792157
23710     0.803922
23711     0.854902
23712     0.917647
23713     0.949020
23714     0.952941
23715     0.898039
23716     0.823529
23717     0.764706
23718     0.729412
23719     0.709804
23720     0.662745
23721     0.658824
23722     0.650980
23723     0.647059
23724     0.647059
23725     0.662745
23726     0.686275
23727     0.701961
23728     0.666667
23729     0.666667
23730     0.662745
23731     0.650980
23732     0.631373
23733     0.619608
23734     0.615686
23735     0.615686
23736     0.623529
23737     0.654902
23738     0.694118
23739     0.705882
23740     0.686275
23741     0.647059
23742     0.611765
23743     0.588235
23744     0.639216
23745     0.694118
23746     0.741176
23747     0.745098
23748     0.729412
23749     0.717647
23750     0.705882
23751     0.698039
23752     0.713726
23753     0.713726
23754     0.713726
23755     0.717647
23756     0.709804
23757     0.694118
23758     0.670588
23759     0.654902
23760     0.678431
23761     0.694118
23762     0.701961
23763     0.690196
23764     0.662745
23765     0.647059
23766     0.650980
23767     0.658824
23768     0.682353
23769     0.698039
23770     0.701961
23771     0.686275
23772     0.662745
23773     0.658824
23774     0.686275
23775     0.713726
23776     0.768627
23777     0.784314
23778     0.788235
23779     0.756863
23780     0.713726
23781     0.682353
23782     0.686275
23783     0.701961
23784     0.682353
23785     0.709804
23786     0.737255
23787     0.737255
23788     0.705882
23789     0.678431
23790     0.674510
23791     0.682353
23792     0.729412
23793     0.729412
23794     0.729412
23795     0.725490
23796     0.717647
23797     0.701961
23798     0.690196
23799     0.686275
23800     0.682353
23801     0.678431
23802     0.670588
23803     0.682353
23804     0.670588
23805     0.603922
23806     0.600000
23807     0.678431
23808     0.737255
23809     0.713726
23810     0.686275
23811     0.682353
23812     0.701961
23813     0.729412
23814     0.752941
23815     0.760784
23816     0.772549
23817     0.733333
23818     0.678431
23819     0.647059
23820     0.647059
23821     0.666667
23822     0.686275
23823     0.698039
23824     0.713726
23825     0.701961
23826     0.690196
23827     0.690196
23828     0.698039
23829     0.698039
23830     0.686275
23831     0.674510
23832     0.678431
23833     0.682353
23834     0.686275
23835     0.662745
23836     0.670588
23837     0.682353
23838     0.682353
23839     0.670588
23840     0.662745
23841     0.654902
23842     0.654902
23843     0.627451
23844     0.666667
23845     0.721569
23846     0.752941
23847     0.752941
23848     0.733333
23849     0.713726
23850     0.701961
23851     0.733333
23852     0.733333
23853     0.709804
23854     0.666667
23855     0.619608
23856     0.600000
23857     0.619608
23858     0.647059
23859     0.674510
23860     0.678431
23861     0.686275
23862     0.694118
23863     0.705882
23864     0.721569
23865     0.745098
23866     0.756863
23867     0.709804
23868     0.678431
23869     0.643137
23870     0.635294
23871     0.647059
23872     0.607843
23873     0.494118
23874     0.384314
23875     0.286275
23876     0.258824
23877     0.239216
23878     0.243137
23879     0.239216
23880     0.211765
23881     0.196078
23882     0.200000
23883     0.207843
23884     0.215686
23885     0.223529
23886     0.231373
23887     0.235294
23888     0.239216
23889     0.243137
23890     0.243137
23891     0.254902
23892     0.254902
23893     0.250980
23894     0.250980
23895     0.250980
23896     0.250980
23897     0.247059
23898     0.243137
23899     0.235294
23900     0.235294
23901     0.239216
23902     0.243137
23903     0.215686
23904     0.164706
23905     0.133333
23906     0.125490
23907     0.152941
23908     0.188235
23909     0.227451
23910     0.231373
23911     0.207843
23912     0.188235
23913     0.188235
23914     0.200000
23915     0.219608
23916     0.211765
23917     0.200000
23918     0.200000
23919     0.239216
23920     0.282353
23921     0.290196
23922     0.270588
23923     0.254902
23924     0.231373
23925     0.219608
23926     0.219608
23927     0.219608
23928     0.266667
23929     0.396078
23930     0.525490
23931     0.611765
23932     0.682353
23933     0.729412
23934     0.760784
23935     0.800000
23936     0.800000
23937     0.811765
23938     0.862745
23939     0.890196
23940     0.917647
23941     0.913725
23942     0.854902
23943     0.780392
23944     0.729412
23945     0.698039
23946     0.678431
23947     0.658824
23948     0.650980
23949     0.643137
23950     0.635294
23951     0.639216
23952     0.650980
23953     0.670588
23954     0.686275
23955     0.670588
23956     0.674510
23957     0.674510
23958     0.666667
23959     0.650980
23960     0.639216
23961     0.635294
23962     0.639216
23963     0.619608
23964     0.650980
23965     0.694118
23966     0.713726
23967     0.698039
23968     0.662745
23969     0.627451
23970     0.607843
23971     0.670588
23972     0.717647
23973     0.752941
23974     0.749020
23975     0.725490
23976     0.709804
23977     0.694118
23978     0.682353
23979     0.698039
23980     0.701961
23981     0.713726
23982     0.721569
23983     0.717647
23984     0.701961
23985     0.682353
23986     0.666667
23987     0.682353
23988     0.694118
23989     0.701961
23990     0.686275
23991     0.662745
23992     0.650980
23993     0.650980
23994     0.662745
23995     0.678431
23996     0.690196
23997     0.694118
23998     0.678431
23999     0.654902
24000     0.650980
24001     0.674510
24002     0.701961
24003     0.709804
24004     0.729412
24005     0.745098
24006     0.741176
24007     0.713726
24008     0.690196
24009     0.682353
24010     0.686275
24011     0.666667
24012     0.694118
24013     0.725490
24014     0.733333
24015     0.721569
24016     0.701961
24017     0.694118
24018     0.694118
24019     0.725490
24020     0.725490
24021     0.721569
24022     0.717647
24023     0.713726
24024     0.705882
24025     0.701961
24026     0.698039
24027     0.690196
24028     0.686275
24029     0.674510
24030     0.678431
24031     0.658824
24032     0.580392
24033     0.560784
24034     0.631373
24035     0.690196
24036     0.674510
24037     0.658824
24038     0.658824
24039     0.674510
24040     0.705882
24041     0.733333
24042     0.749020
24043     0.752941
24044     0.725490
24045     0.686275
24046     0.662745
24047     0.654902
24048     0.654902
24049     0.658824
24050     0.654902
24051     0.682353
24052     0.682353
24053     0.682353
24054     0.690196
24055     0.698039
24056     0.698039
24057     0.690196
24058     0.682353
24059     0.694118
24060     0.698039
24061     0.701961
24062     0.654902
24063     0.662745
24064     0.670588
24065     0.666667
24066     0.658824
24067     0.647059
24068     0.643137
24069     0.643137
24070     0.619608
24071     0.639216
24072     0.678431
24073     0.725490
24074     0.752941
24075     0.749020
24076     0.709804
24077     0.674510
24078     0.717647
24079     0.725490
24080     0.717647
24081     0.674510
24082     0.619608
24083     0.592157
24084     0.603922
24085     0.627451
24086     0.662745
24087     0.674510
24088     0.690196
24089     0.694118
24090     0.690196
24091     0.698039
24092     0.713726
24093     0.729412
24094     0.690196
24095     0.650980
24096     0.627451
24097     0.643137
24098     0.643137
24099     0.576471
24100     0.474510
24101     0.396078
24102     0.313726
24103     0.294118
24104     0.282353
24105     0.278431
24106     0.258824
24107     0.227451
24108     0.203922
24109     0.196078
24110     0.211765
24111     0.211765
24112     0.207843
24113     0.200000
24114     0.192157
24115     0.207843
24116     0.235294
24117     0.258824
24118     0.258824
24119     0.247059
24120     0.239216
24121     0.243137
24122     0.254902
24123     0.254902
24124     0.247059
24125     0.235294
24126     0.231373
24127     0.223529
24128     0.231373
24129     0.247059
24130     0.231373
24131     0.188235
24132     0.145098
24133     0.129412
24134     0.129412
24135     0.168627
24136     0.207843
24137     0.215686
24138     0.188235
24139     0.164706
24140     0.160784
24141     0.168627
24142     0.200000
24143     0.200000
24144     0.196078
24145     0.196078
24146     0.223529
24147     0.262745
24148     0.286275
24149     0.286275
24150     0.262745
24151     0.254902
24152     0.250980
24153     0.250980
24154     0.247059
24155     0.282353
24156     0.400000
24157     0.517647
24158     0.619608
24159     0.701961
24160     0.752941
24161     0.784314
24162     0.815686
24163     0.815686
24164     0.831373
24165     0.878431
24166     0.882353
24167     0.898039
24168     0.882353
24169     0.819608
24170     0.745098
24171     0.690196
24172     0.654902
24173     0.631373
24174     0.647059
24175     0.643137
24176     0.639216
24177     0.639216
24178     0.643137
24179     0.650980
24180     0.658824
24181     0.666667
24182     0.674510
24183     0.678431
24184     0.682353
24185     0.678431
24186     0.670588
24187     0.662745
24188     0.658824
24189     0.662745
24190     0.623529
24191     0.650980
24192     0.686275
24193     0.705882
24194     0.701961
24195     0.674510
24196     0.647059
24197     0.631373
24198     0.713726
24199     0.745098
24200     0.764706
24201     0.749020
24202     0.721569
24203     0.705882
24204     0.682353
24205     0.662745
24206     0.674510
24207     0.686275
24208     0.705882
24209     0.717647
24210     0.721569
24211     0.709804
24212     0.694118
24213     0.686275
24214     0.682353
24215     0.694118
24216     0.698039
24217     0.690196
24218     0.670588
24219     0.662745
24220     0.666667
24221     0.674510
24222     0.686275
24223     0.694118
24224     0.694118
24225     0.674510
24226     0.647059
24227     0.639216
24228     0.658824
24229     0.678431
24230     0.658824
24231     0.682353
24232     0.709804
24233     0.725490
24234     0.721569
24235     0.705882
24236     0.690196
24237     0.682353
24238     0.662745
24239     0.678431
24240     0.705882
24241     0.725490
24242     0.733333
24243     0.729412
24244     0.717647
24245     0.709804
24246     0.721569
24247     0.717647
24248     0.713726
24249     0.709804
24250     0.709804
24251     0.709804
24252     0.717647
24253     0.717647
24254     0.709804
24255     0.709804
24256     0.690196
24257     0.690196
24258     0.670588
24259     0.596078
24260     0.572549
24261     0.631373
24262     0.650980
24263     0.647059
24264     0.647059
24265     0.647059
24266     0.658824
24267     0.686275
24268     0.721569
24269     0.745098
24270     0.725490
24271     0.709804
24272     0.694118
24273     0.678431
24274     0.666667
24275     0.654902
24276     0.639216
24277     0.627451
24278     0.647059
24279     0.662745
24280     0.690196
24281     0.705882
24282     0.709804
24283     0.709804
24284     0.709804
24285     0.709804
24286     0.713726
24287     0.717647
24288     0.717647
24289     0.611765
24290     0.623529
24291     0.635294
24292     0.643137
24293     0.643137
24294     0.647059
24295     0.650980
24296     0.658824
24297     0.643137
24298     0.650980
24299     0.674510
24300     0.717647
24301     0.749020
24302     0.749020
24303     0.713726
24304     0.682353
24305     0.690196
24306     0.717647
24307     0.733333
24308     0.705882
24309     0.650980
24310     0.611765
24311     0.607843
24312     0.623529
24313     0.666667
24314     0.686275
24315     0.709804
24316     0.709804
24317     0.694118
24318     0.678431
24319     0.674510
24320     0.678431
24321     0.670588
24322     0.631373
24323     0.631373
24324     0.662745
24325     0.650980
24326     0.556863
24327     0.447059
24328     0.384314
24329     0.317647
24330     0.309804
24331     0.294118
24332     0.286275
24333     0.270588
24334     0.254902
24335     0.243137
24336     0.235294
24337     0.211765
24338     0.207843
24339     0.192157
24340     0.168627
24341     0.156863
24342     0.176471
24343     0.223529
24344     0.266667
24345     0.247059
24346     0.227451
24347     0.211765
24348     0.219608
24349     0.235294
24350     0.243137
24351     0.231373
24352     0.215686
24353     0.223529
24354     0.215686
24355     0.223529
24356     0.250980
24357     0.266667
24358     0.247059
24359     0.223529
24360     0.211765
24361     0.156863
24362     0.188235
24363     0.215686
24364     0.211765
24365     0.184314
24366     0.160784
24367     0.156863
24368     0.168627
24369     0.180392
24370     0.184314
24371     0.184314
24372     0.188235
24373     0.207843
24374     0.235294
24375     0.270588
24376     0.286275
24377     0.282353
24378     0.282353
24379     0.282353
24380     0.270588
24381     0.262745
24382     0.305882
24383     0.423529
24384     0.537255
24385     0.631373
24386     0.729412
24387     0.788235
24388     0.803922
24389     0.823529
24390     0.823529
24391     0.839216
24392     0.886275
24393     0.890196
24394     0.898039
24395     0.878431
24396     0.815686
24397     0.745098
24398     0.686275
24399     0.639216
24400     0.603922
24401     0.627451
24402     0.631373
24403     0.639216
24404     0.650980
24405     0.658824
24406     0.662745
24407     0.658824
24408     0.650980
24409     0.662745
24410     0.670588
24411     0.682353
24412     0.682353
24413     0.678431
24414     0.670588
24415     0.670588
24416     0.674510
24417     0.643137
24418     0.654902
24419     0.670588
24420     0.678431
24421     0.678431
24422     0.666667
24423     0.654902
24424     0.650980
24425     0.745098
24426     0.764706
24427     0.768627
24428     0.745098
24429     0.725490
24430     0.705882
24431     0.682353
24432     0.658824
24433     0.658824
24434     0.670588
24435     0.690196
24436     0.701961
24437     0.705882
24438     0.705882
24439     0.705882
24440     0.705882
24441     0.682353
24442     0.690196
24443     0.694118
24444     0.694118
24445     0.686275
24446     0.686275
24447     0.694118
24448     0.705882
24449     0.705882
24450     0.709804
24451     0.701961
24452     0.678431
24453     0.650980
24454     0.635294
24455     0.643137
24456     0.654902
24457     0.658824
24458     0.674510
24459     0.698039
24460     0.717647
24461     0.729412
24462     0.725490
24463     0.713726
24464     0.705882
24465     0.686275
24466     0.682353
24467     0.686275
24468     0.701961
24469     0.725490
24470     0.737255
24471     0.733333
24472     0.729412
24473     0.721569
24474     0.713726
24475     0.705882
24476     0.701961
24477     0.705882
24478     0.717647
24479     0.729412
24480     0.737255
24481     0.717647
24482     0.713726
24483     0.690196
24484     0.682353
24485     0.674510
24486     0.623529
24487     0.611765
24488     0.670588
24489     0.647059
24490     0.654902
24491     0.658824
24492     0.658824
24493     0.662745
24494     0.686275
24495     0.717647
24496     0.749020
24497     0.709804
24498     0.705882
24499     0.698039
24500     0.690196
24501     0.678431
24502     0.658824
24503     0.643137
24504     0.631373
24505     0.635294
24506     0.662745
24507     0.701961
24508     0.725490
24509     0.729412
24510     0.729412
24511     0.729412
24512     0.737255
24513     0.721569
24514     0.721569
24515     0.725490
24516     0.584314
24517     0.596078
24518     0.611765
24519     0.623529
24520     0.635294
24521     0.643137
24522     0.658824
24523     0.666667
24524     0.682353
24525     0.690196
24526     0.705882
24527     0.721569
24528     0.737255
24529     0.737255
24530     0.725490
24531     0.713726
24532     0.698039
24533     0.733333
24534     0.764706
24535     0.752941
24536     0.701961
24537     0.647059
24538     0.619608
24539     0.615686
24540     0.662745
24541     0.690196
24542     0.717647
24543     0.729412
24544     0.713726
24545     0.686275
24546     0.666667
24547     0.654902
24548     0.666667
24549     0.643137
24550     0.654902
24551     0.694118
24552     0.674510
24553     0.564706
24554     0.439216
24555     0.368627
24556     0.313726
24557     0.301961
24558     0.282353
24559     0.258824
24560     0.243137
24561     0.247059
24562     0.258824
24563     0.262745
24564     0.219608
24565     0.215686
24566     0.196078
24567     0.168627
24568     0.156863
24569     0.176471
24570     0.227451
24571     0.270588
24572     0.231373
24573     0.215686
24574     0.196078
24575     0.203922
24576     0.219608
24577     0.231373
24578     0.223529
24579     0.207843
24580     0.227451
24581     0.211765
24582     0.215686
24583     0.250980
24584     0.282353
24585     0.294118
24586     0.301961
24587     0.309804
24588     0.247059
24589     0.266667
24590     0.270588
24591     0.243137
24592     0.200000
24593     0.168627
24594     0.172549
24595     0.184314
24596     0.176471
24597     0.176471
24598     0.184314
24599     0.192157
24600     0.203922
24601     0.223529
24602     0.254902
24603     0.282353
24604     0.290196
24605     0.294118
24606     0.290196
24607     0.262745
24608     0.247059
24609     0.301961
24610     0.431373
24611     0.549020
24612     0.631373
24613     0.737255
24614     0.796078
24615     0.796078
24616     0.803922
24617     0.807843
24618     0.823529
24619     0.870588
24620     0.882353
24621     0.886275
24622     0.866667
24623     0.815686
24624     0.760784
24625     0.713726
24626     0.666667
24627     0.627451
24628     0.607843
24629     0.611765
24630     0.627451
24631     0.650980
24632     0.666667
24633     0.662745
24634     0.647059
24635     0.631373
24636     0.647059
24637     0.658824
24638     0.670588
24639     0.678431
24640     0.674510
24641     0.670588
24642     0.674510
24643     0.674510
24644     0.666667
24645     0.658824
24646     0.650980
24647     0.643137
24648     0.647059
24649     0.650980
24650     0.658824
24651     0.662745
24652     0.752941
24653     0.760784
24654     0.756863
24655     0.741176
24656     0.729412
24657     0.721569
24658     0.694118
24659     0.662745
24660     0.658824
24661     0.666667
24662     0.678431
24663     0.682353
24664     0.682353
24665     0.690196
24666     0.705882
24667     0.721569
24668     0.686275
24669     0.690196
24670     0.694118
24671     0.698039
24672     0.701961
24673     0.709804
24674     0.725490
24675     0.733333
24676     0.729412
24677     0.729412
24678     0.717647
24679     0.694118
24680     0.662745
24681     0.643137
24682     0.639216
24683     0.643137
24684     0.662745
24685     0.670588
24686     0.682353
24687     0.698039
24688     0.717647
24689     0.737255
24690     0.749020
24691     0.756863
24692     0.725490
24693     0.701961
24694     0.678431
24695     0.678431
24696     0.698039
24697     0.721569
24698     0.737255
24699     0.737255
24700     0.721569
24701     0.717647
24702     0.705882
24703     0.701961
24704     0.705882
24705     0.717647
24706     0.733333
24707     0.741176
24708     0.713726
24709     0.705882
24710     0.674510
24711     0.658824
24712     0.658824
24713     0.627451
24714     0.627451
24715     0.686275
24716     0.666667
24717     0.674510
24718     0.678431
24719     0.678431
24720     0.678431
24721     0.690196
24722     0.717647
24723     0.741176
24724     0.737255
24725     0.729412
24726     0.721569
24727     0.701961
24728     0.682353
24729     0.666667
24730     0.654902
24731     0.647059
24732     0.643137
24733     0.670588
24734     0.705882
24735     0.725490
24736     0.729412
24737     0.725490
24738     0.729412
24739     0.733333
24740     0.713726
24741     0.717647
24742     0.717647
24743     0.600000
24744     0.607843
24745     0.619608
24746     0.627451
24747     0.627451
24748     0.635294
24749     0.647059
24750     0.654902
24751     0.705882
24752     0.713726
24753     0.725490
24754     0.729412
24755     0.725490
24756     0.725490
24757     0.725490
24758     0.729412
24759     0.729412
24760     0.760784
24761     0.788235
24762     0.784314
24763     0.741176
24764     0.686275
24765     0.647059
24766     0.627451
24767     0.658824
24768     0.678431
24769     0.705882
24770     0.725490
24771     0.729412
24772     0.709804
24773     0.686275
24774     0.666667
24775     0.670588
24776     0.662745
24777     0.678431
24778     0.705882
24779     0.686275
24780     0.588235
24781     0.454902
24782     0.360784
24783     0.313726
24784     0.301961
24785     0.266667
24786     0.219608
24787     0.196078
24788     0.207843
24789     0.231373
24790     0.239216
24791     0.227451
24792     0.223529
24793     0.211765
24794     0.192157
24795     0.184314
24796     0.200000
24797     0.235294
24798     0.262745
24799     0.227451
24800     0.211765
24801     0.200000
24802     0.203922
24803     0.215686
24804     0.223529
24805     0.223529
24806     0.215686
24807     0.239216
24808     0.219608
24809     0.219608
24810     0.247059
24811     0.278431
24812     0.301961
24813     0.329412
24814     0.356863
24815     0.321569
24816     0.329412
24817     0.313726
24818     0.270588
24819     0.211765
24820     0.176471
24821     0.176471
24822     0.188235
24823     0.176471
24824     0.168627
24825     0.176471
24826     0.192157
24827     0.200000
24828     0.207843
24829     0.227451
24830     0.254902
24831     0.286275
24832     0.294118
24833     0.282353
24834     0.239216
24835     0.215686
24836     0.274510
24837     0.411765
24838     0.529412
24839     0.607843
24840     0.721569
24841     0.784314
24842     0.768627
24843     0.768627
24844     0.776471
24845     0.803922
24846     0.854902
24847     0.870588
24848     0.862745
24849     0.839216
24850     0.800000
24851     0.768627
24852     0.749020
24853     0.713726
24854     0.682353
24855     0.619608
24856     0.615686
24857     0.619608
24858     0.635294
24859     0.647059
24860     0.650980
24861     0.635294
24862     0.615686
24863     0.635294
24864     0.650980
24865     0.666667
24866     0.674510
24867     0.674510
24868     0.674510
24869     0.674510
24870     0.674510
24871     0.682353
24872     0.662745
24873     0.639216
24874     0.627451
24875     0.635294
24876     0.650980
24877     0.666667
24878     0.678431
24879     0.745098
24880     0.749020
24881     0.745098
24882     0.737255
24883     0.737255
24884     0.733333
24885     0.701961
24886     0.666667
24887     0.662745
24888     0.674510
24889     0.682353
24890     0.682353
24891     0.674510
24892     0.682353
24893     0.701961
24894     0.717647
24895     0.694118
24896     0.694118
24897     0.698039
24898     0.701961
24899     0.709804
24900     0.721569
24901     0.733333
24902     0.741176
24903     0.741176
24904     0.737255
24905     0.725490
24906     0.701961
24907     0.678431
24908     0.658824
24909     0.654902
24910     0.654902
24911     0.658824
24912     0.662745
24913     0.666667
24914     0.670588
24915     0.690196
24916     0.721569
24917     0.760784
24918     0.788235
24919     0.756863
24920     0.721569
24921     0.682353
24922     0.662745
24923     0.674510
24924     0.701961
24925     0.725490
24926     0.741176
24927     0.729412
24928     0.721569
24929     0.713726
24930     0.705882
24931     0.709804
24932     0.717647
24933     0.729412
24934     0.737255
24935     0.725490
24936     0.721569
24937     0.682353
24938     0.662745
24939     0.666667
24940     0.643137
24941     0.639216
24942     0.686275
24943     0.678431
24944     0.682353
24945     0.682353
24946     0.682353
24947     0.686275
24948     0.698039
24949     0.713726
24950     0.725490
24951     0.768627
24952     0.760784
24953     0.745098
24954     0.717647
24955     0.690196
24956     0.670588
24957     0.666667
24958     0.666667
24959     0.670588
24960     0.682353
24961     0.698039
24962     0.705882
24963     0.705882
24964     0.705882
24965     0.705882
24966     0.705882
24967     0.698039
24968     0.701961
24969     0.705882
24970     0.635294
24971     0.639216
24972     0.643137
24973     0.639216
24974     0.631373
24975     0.631373
24976     0.635294
24977     0.643137
24978     0.701961
24979     0.705882
24980     0.713726
24981     0.721569
24982     0.725490
24983     0.721569
24984     0.717647
24985     0.713726
24986     0.745098
24987     0.760784
24988     0.780392
24989     0.784314
24990     0.768627
24991     0.733333
24992     0.698039
24993     0.678431
24994     0.678431
24995     0.678431
24996     0.682353
24997     0.701961
24998     0.721569
24999     0.721569
25000     0.701961
25001     0.678431
25002     0.662745
25003     0.666667
25004     0.670588
25005     0.678431
25006     0.670588
25007     0.600000
25008     0.470588
25009     0.356863
25010     0.313726
25011     0.305882
25012     0.266667
25013     0.203922
25014     0.172549
25015     0.184314
25016     0.203922
25017     0.207843
25018     0.215686
25019     0.215686
25020     0.211765
25021     0.211765
25022     0.211765
25023     0.219608
25024     0.227451
25025     0.231373
25026     0.219608
25027     0.211765
25028     0.207843
25029     0.203922
25030     0.207843
25031     0.215686
25032     0.219608
25033     0.227451
25034     0.239216
25035     0.231373
25036     0.231373
25037     0.250980
25038     0.270588
25039     0.294118
25040     0.333333
25041     0.372549
25042     0.349020
25043     0.356863
25044     0.349020
25045     0.309804
25046     0.254902
25047     0.219608
25048     0.215686
25049     0.227451
25050     0.211765
25051     0.196078
25052     0.200000
25053     0.223529
25054     0.231373
25055     0.227451
25056     0.235294
25057     0.250980
25058     0.286275
25059     0.301961
25060     0.286275
25061     0.231373
25062     0.200000
25063     0.254902
25064     0.384314
25065     0.494118
25066     0.584314
25067     0.709804
25068     0.768627
25069     0.749020
25070     0.745098
25071     0.764706
25072     0.803922
25073     0.862745
25074     0.894118
25075     0.874510
25076     0.827451
25077     0.780392
25078     0.760784
25079     0.764706
25080     0.752941
25081     0.729412
25082     0.674510
25083     0.650980
25084     0.627451
25085     0.619608
25086     0.631373
25087     0.639216
25088     0.635294
25089     0.627451
25090     0.639216
25091     0.654902
25092     0.674510
25093     0.686275
25094     0.686275
25095     0.682353
25096     0.682353
25097     0.682353
25098     0.686275
25099     0.666667
25100     0.647059
25101     0.643137
25102     0.654902
25103     0.674510
25104     0.690196
25105     0.698039
25106     0.737255
25107     0.741176
25108     0.737255
25109     0.737255
25110     0.745098
25111     0.741176
25112     0.705882
25113     0.662745
25114     0.670588
25115     0.686275
25116     0.701961
25117     0.701961
25118     0.690196
25119     0.682353
25120     0.690196
25121     0.701961
25122     0.709804
25123     0.705882
25124     0.698039
25125     0.698039
25126     0.705882
25127     0.717647
25128     0.725490
25129     0.729412
25130     0.729412
25131     0.725490
25132     0.721569
25133     0.705882
25134     0.694118
25135     0.682353
25136     0.678431
25137     0.678431
25138     0.674510
25139     0.678431
25140     0.674510
25141     0.662745
25142     0.662745
25143     0.686275
25144     0.737255
25145     0.776471
25146     0.760784
25147     0.729412
25148     0.690196
25149     0.662745
25150     0.662745
25151     0.682353
25152     0.713726
25153     0.733333
25154     0.733333
25155     0.729412
25156     0.721569
25157     0.713726
25158     0.709804
25159     0.713726
25160     0.721569
25161     0.725490
25162     0.717647
25163     0.725490
25164     0.694118
25165     0.674510
25166     0.682353
25167     0.658824
25168     0.643137
25169     0.678431
25170     0.686275
25171     0.682353
25172     0.678431
25173     0.686275
25174     0.698039
25175     0.709804
25176     0.717647
25177     0.717647
25178     0.760784
25179     0.760784
25180     0.749020
25181     0.729412
25182     0.705882
25183     0.694118
25184     0.698039
25185     0.701961
25186     0.717647
25187     0.709804
25188     0.698039
25189     0.690196
25190     0.690196
25191     0.690196
25192     0.686275
25193     0.682353
25194     0.686275
25195     0.690196
25196     0.694118
25197     0.658824
25198     0.658824
25199     0.658824
25200     0.650980
25201     0.639216
25202     0.635294
25203     0.639216
25204     0.643137
25205     0.686275
25206     0.686275
25207     0.690196
25208     0.709804
25209     0.725490
25210     0.725490
25211     0.705882
25212     0.686275
25213     0.741176
25214     0.749020
25215     0.760784
25216     0.772549
25217     0.776471
25218     0.768627
25219     0.749020
25220     0.737255
25221     0.709804
25222     0.690196
25223     0.674510
25224     0.682353
25225     0.705882
25226     0.713726
25227     0.698039
25228     0.678431
25229     0.643137
25230     0.654902
25231     0.647059
25232     0.639216
25233     0.639216
25234     0.596078
25235     0.474510
25236     0.349020
25237     0.313726
25238     0.313726
25239     0.274510
25240     0.207843
25241     0.172549
25242     0.180392
25243     0.200000
25244     0.200000
25245     0.200000
25246     0.200000
25247     0.203922
25248     0.211765
25249     0.219608
25250     0.219608
25251     0.211765
25252     0.203922
25253     0.207843
25254     0.207843
25255     0.203922
25256     0.200000
25257     0.196078
25258     0.200000
25259     0.215686
25260     0.227451
25261     0.235294
25262     0.231373
25263     0.243137
25264     0.262745
25265     0.278431
25266     0.298039
25267     0.341176
25268     0.384314
25269     0.364706
25270     0.380392
25271     0.388235
25272     0.364706
25273     0.321569
25274     0.290196
25275     0.290196
25276     0.301961
25277     0.274510
25278     0.250980
25279     0.254902
25280     0.282353
25281     0.294118
25282     0.282353
25283     0.278431
25284     0.286275
25285     0.294118
25286     0.313726
25287     0.301961
25288     0.239216
25289     0.200000
25290     0.247059
25291     0.368627
25292     0.470588
25293     0.576471
25294     0.705882
25295     0.768627
25296     0.745098
25297     0.741176
25298     0.768627
25299     0.819608
25300     0.882353
25301     0.941176
25302     0.901961
25303     0.831373
25304     0.768627
25305     0.752941
25306     0.764706
25307     0.768627
25308     0.756863
25309     0.737255
25310     0.694118
25311     0.647059
25312     0.619608
25313     0.623529
25314     0.639216
25315     0.647059
25316     0.647059
25317     0.647059
25318     0.662745
25319     0.682353
25320     0.694118
25321     0.694118
25322     0.690196
25323     0.690196
25324     0.690196
25325     0.678431
25326     0.666667
25327     0.654902
25328     0.658824
25329     0.682353
25330     0.701961
25331     0.709804
25332     0.713726
25333     0.737255
25334     0.737255
25335     0.737255
25336     0.737255
25337     0.749020
25338     0.745098
25339     0.705882
25340     0.654902
25341     0.670588
25342     0.698039
25343     0.721569
25344     0.725490
25345     0.709804
25346     0.690196
25347     0.686275
25348     0.690196
25349     0.721569
25350     0.709804
25351     0.698039
25352     0.694118
25353     0.698039
25354     0.705882
25355     0.709804
25356     0.709804
25357     0.713726
25358     0.713726
25359     0.709804
25360     0.705882
25361     0.701961
25362     0.698039
25363     0.694118
25364     0.694118
25365     0.709804
25366     0.713726
25367     0.701961
25368     0.674510
25369     0.650980
25370     0.658824
25371     0.705882
25372     0.745098
25373     0.752941
25374     0.729412
25375     0.694118
25376     0.666667
25377     0.658824
25378     0.678431
25379     0.705882
25380     0.729412
25381     0.737255
25382     0.733333
25383     0.725490
25384     0.717647
25385     0.713726
25386     0.713726
25387     0.713726
25388     0.717647
25389     0.674510
25390     0.690196
25391     0.674510
25392     0.662745
25393     0.678431
25394     0.654902
25395     0.631373
25396     0.654902
25397     0.694118
25398     0.682353
25399     0.678431
25400     0.690196
25401     0.709804
25402     0.725490
25403     0.729412
25404     0.721569
25405     0.729412
25406     0.737255
25407     0.741176
25408     0.737255
25409     0.725490
25410     0.717647
25411     0.729412
25412     0.737255
25413     0.756863
25414     0.733333
25415     0.705882
25416     0.690196
25417     0.686275
25418     0.686275
25419     0.682353
25420     0.670588
25421     0.678431
25422     0.682353
25423     0.686275
25424     0.670588
25425     0.670588
25426     0.666667
25427     0.658824
25428     0.643137
25429     0.635294
25430     0.635294
25431     0.639216
25432     0.654902
25433     0.674510
25434     0.694118
25435     0.701961
25436     0.694118
25437     0.682353
25438     0.678431
25439     0.674510
25440     0.737255
25441     0.741176
25442     0.752941
25443     0.760784
25444     0.768627
25445     0.772549
25446     0.772549
25447     0.772549
25448     0.733333
25449     0.713726
25450     0.698039
25451     0.694118
25452     0.701961
25453     0.705882
25454     0.690196
25455     0.670588
25456     0.670588
25457     0.650980
25458     0.623529
25459     0.623529
25460     0.627451
25461     0.588235
25462     0.474510
25463     0.368627
25464     0.356863
25465     0.337255
25466     0.309804
25467     0.278431
25468     0.247059
25469     0.223529
25470     0.207843
25471     0.203922
25472     0.196078
25473     0.180392
25474     0.172549
25475     0.180392
25476     0.207843
25477     0.227451
25478     0.239216
25479     0.239216
25480     0.207843
25481     0.235294
25482     0.250980
25483     0.231373
25484     0.196078
25485     0.180392
25486     0.203922
25487     0.235294
25488     0.250980
25489     0.243137
25490     0.247059
25491     0.258824
25492     0.266667
25493     0.278431
25494     0.317647
25495     0.360784
25496     0.364706
25497     0.368627
25498     0.372549
25499     0.368627
25500     0.360784
25501     0.341176
25502     0.325490
25503     0.313726
25504     0.301961
25505     0.313726
25506     0.329412
25507     0.345098
25508     0.349020
25509     0.333333
25510     0.301961
25511     0.274510
25512     0.286275
25513     0.333333
25514     0.309804
25515     0.239216
25516     0.211765
25517     0.239216
25518     0.345098
25519     0.482353
25520     0.572549
25521     0.674510
25522     0.729412
25523     0.729412
25524     0.737255
25525     0.756863
25526     0.807843
25527     0.882353
25528     0.941176
25529     0.925490
25530     0.870588
25531     0.788235
25532     0.733333
25533     0.737255
25534     0.768627
25535     0.792157
25536     0.800000
25537     0.756863
25538     0.694118
25539     0.639216
25540     0.611765
25541     0.615686
25542     0.639216
25543     0.654902
25544     0.678431
25545     0.678431
25546     0.682353
25547     0.678431
25548     0.674510
25549     0.682353
25550     0.694118
25551     0.705882
25552     0.670588
25553     0.666667
25554     0.662745
25555     0.670588
25556     0.686275
25557     0.701961
25558     0.713726
25559     0.717647
25560     0.705882
25561     0.709804
25562     0.717647
25563     0.729412
25564     0.729412
25565     0.717647
25566     0.694118
25567     0.674510
25568     0.658824
25569     0.686275
25570     0.729412
25571     0.749020
25572     0.721569
25573     0.682353
25574     0.678431
25575     0.698039
25576     0.721569
25577     0.713726
25578     0.705882
25579     0.705882
25580     0.705882
25581     0.701961
25582     0.694118
25583     0.690196
25584     0.690196
25585     0.698039
25586     0.709804
25587     0.713726
25588     0.709804
25589     0.709804
25590     0.717647
25591     0.725490
25592     0.756863
25593     0.725490
25594     0.690196
25595     0.666667
25596     0.654902
25597     0.647059
25598     0.650980
25599     0.658824
25600     0.690196
25601     0.694118
25602     0.698039
25603     0.705882
25604     0.705882
25605     0.705882
25606     0.705882
25607     0.705882
25608     0.752941
25609     0.741176
25610     0.729412
25611     0.733333
25612     0.737255
25613     0.725490
25614     0.698039
25615     0.670588
25616     0.654902
25617     0.686275
25618     0.698039
25619     0.686275
25620     0.686275
25621     0.698039
25622     0.698039
25623     0.678431
25624     0.662745
25625     0.666667
25626     0.678431
25627     0.690196
25628     0.701961
25629     0.713726
25630     0.717647
25631     0.721569
25632     0.717647
25633     0.721569
25634     0.721569
25635     0.721569
25636     0.717647
25637     0.721569
25638     0.733333
25639     0.745098
25640     0.749020
25641     0.745098
25642     0.717647
25643     0.678431
25644     0.658824
25645     0.654902
25646     0.650980
25647     0.635294
25648     0.631373
25649     0.650980
25650     0.674510
25651     0.666667
25652     0.670588
25653     0.678431
25654     0.678431
25655     0.670588
25656     0.654902
25657     0.635294
25658     0.619608
25659     0.635294
25660     0.647059
25661     0.658824
25662     0.666667
25663     0.670588
25664     0.674510
25665     0.670588
25666     0.670588
25667     0.729412
25668     0.725490
25669     0.725490
25670     0.729412
25671     0.737255
25672     0.752941
25673     0.764706
25674     0.776471
25675     0.760784
25676     0.737255
25677     0.705882
25678     0.690196
25679     0.690196
25680     0.690196
25681     0.674510
25682     0.658824
25683     0.658824
25684     0.643137
25685     0.627451
25686     0.619608
25687     0.615686
25688     0.568627
25689     0.462745
25690     0.364706
25691     0.368627
25692     0.368627
25693     0.360784
25694     0.349020
25695     0.333333
25696     0.317647
25697     0.301961
25698     0.290196
25699     0.243137
25700     0.207843
25701     0.172549
25702     0.168627
25703     0.196078
25704     0.223529
25705     0.227451
25706     0.219608
25707     0.215686
25708     0.239216
25709     0.254902
25710     0.243137
25711     0.211765
25712     0.196078
25713     0.207843
25714     0.231373
25715     0.258824
25716     0.254902
25717     0.258824
25718     0.270588
25719     0.274510
25720     0.286275
25721     0.321569
25722     0.360784
25723     0.345098
25724     0.349020
25725     0.356863
25726     0.360784
25727     0.352941
25728     0.341176
25729     0.329412
25730     0.317647
25731     0.337255
25732     0.341176
25733     0.352941
25734     0.364706
25735     0.372549
25736     0.360784
25737     0.333333
25738     0.309804
25739     0.301961
25740     0.325490
25741     0.301961
25742     0.250980
25743     0.227451
25744     0.235294
25745     0.329412
25746     0.466667
25747     0.592157
25748     0.686275
25749     0.733333
25750     0.729412
25751     0.737255
25752     0.752941
25753     0.800000
25754     0.874510
25755     0.917647
25756     0.913725
25757     0.870588
25758     0.796078
25759     0.741176
25760     0.741176
25761     0.768627
25762     0.792157
25763     0.807843
25764     0.772549
25765     0.717647
25766     0.658824
25767     0.623529
25768     0.611765
25769     0.623529
25770     0.639216
25771     0.674510
25772     0.670588
25773     0.666667
25774     0.654902
25775     0.654902
25776     0.662745
25777     0.686275
25778     0.701961
25779     0.678431
25780     0.666667
25781     0.654902
25782     0.654902
25783     0.674510
25784     0.694118
25785     0.713726
25786     0.721569
25787     0.701961
25788     0.701961
25789     0.709804
25790     0.717647
25791     0.721569
25792     0.709804
25793     0.694118
25794     0.678431
25795     0.639216
25796     0.678431
25797     0.737255
25798     0.772549
25799     0.749020
25800     0.698039
25801     0.674510
25802     0.682353
25803     0.721569
25804     0.717647
25805     0.713726
25806     0.713726
25807     0.713726
25808     0.709804
25809     0.701961
25810     0.698039
25811     0.686275
25812     0.694118
25813     0.701961
25814     0.709804
25815     0.721569
25816     0.729412
25817     0.737255
25818     0.741176
25819     0.741176
25820     0.729412
25821     0.705882
25822     0.666667
25823     0.627451
25824     0.607843
25825     0.611765
25826     0.631373
25827     0.678431
25828     0.690196
25829     0.709804
25830     0.721569
25831     0.729412
25832     0.729412
25833     0.721569
25834     0.713726
25835     0.717647
25836     0.705882
25837     0.698039
25838     0.709804
25839     0.725490
25840     0.725490
25841     0.698039
25842     0.670588
25843     0.650980
25844     0.670588
25845     0.678431
25846     0.678431
25847     0.694118
25848     0.725490
25849     0.741176
25850     0.733333
25851     0.678431
25852     0.674510
25853     0.670588
25854     0.666667
25855     0.674510
25856     0.690196
25857     0.705882
25858     0.713726
25859     0.717647
25860     0.721569
25861     0.725490
25862     0.721569
25863     0.717647
25864     0.717647
25865     0.725490
25866     0.733333
25867     0.733333
25868     0.729412
25869     0.705882
25870     0.670588
25871     0.650980
25872     0.650980
25873     0.647059
25874     0.635294
25875     0.619608
25876     0.639216
25877     0.662745
25878     0.674510
25879     0.678431
25880     0.694118
25881     0.709804
25882     0.709804
25883     0.686275
25884     0.639216
25885     0.607843
25886     0.615686
25887     0.611765
25888     0.611765
25889     0.623529
25890     0.643137
25891     0.658824
25892     0.666667
25893     0.670588
25894     0.705882
25895     0.701961
25896     0.694118
25897     0.698039
25898     0.717647
25899     0.745098
25900     0.776471
25901     0.796078
25902     0.792157
25903     0.760784
25904     0.717647
25905     0.690196
25906     0.678431
25907     0.670588
25908     0.662745
25909     0.650980
25910     0.650980
25911     0.647059
25912     0.631373
25913     0.607843
25914     0.584314
25915     0.533333
25916     0.439216
25917     0.356863
25918     0.364706
25919     0.380392
25920     0.396078
25921     0.411765
25922     0.415686
25923     0.411765
25924     0.396078
25925     0.388235
25926     0.329412
25927     0.274510
25928     0.211765
25929     0.180392
25930     0.192157
25931     0.211765
25932     0.215686
25933     0.207843
25934     0.203922
25935     0.223529
25936     0.239216
25937     0.231373
25938     0.211765
25939     0.200000
25940     0.207843
25941     0.219608
25942     0.258824
25943     0.254902
25944     0.262745
25945     0.274510
25946     0.278431
25947     0.286275
25948     0.317647
25949     0.352941
25950     0.364706
25951     0.372549
25952     0.380392
25953     0.380392
25954     0.376471
25955     0.364706
25956     0.349020
25957     0.341176
25958     0.352941
25959     0.349020
25960     0.349020
25961     0.356863
25962     0.364706
25963     0.360784
25964     0.337255
25965     0.313726
25966     0.317647
25967     0.317647
25968     0.294118
25969     0.274510
25970     0.262745
25971     0.247059
25972     0.325490
25973     0.470588
25974     0.603922
25975     0.694118
25976     0.733333
25977     0.725490
25978     0.737255
25979     0.749020
25980     0.784314
25981     0.839216
25982     0.886275
25983     0.898039
25984     0.874510
25985     0.819608
25986     0.772549
25987     0.764706
25988     0.780392
25989     0.792157
25990     0.815686
25991     0.800000
25992     0.756863
25993     0.701961
25994     0.650980
25995     0.623529
25996     0.623529
25997     0.631373
25998     0.670588
25999     0.666667
26000     0.654902
26001     0.643137
26002     0.643137
26003     0.658824
26004     0.686275
26005     0.709804
26006     0.690196
26007     0.670588
26008     0.650980
26009     0.643137
26010     0.658824
26011     0.686275
26012     0.709804
26013     0.725490
26014     0.705882
26015     0.701961
26016     0.701961
26017     0.705882
26018     0.705882
26019     0.701961
26020     0.690196
26021     0.678431
26022     0.627451
26023     0.674510
26024     0.749020
26025     0.796078
26026     0.780392
26027     0.721569
26028     0.678431
26029     0.666667
26030     0.701961
26031     0.705882
26032     0.709804
26033     0.713726
26034     0.717647
26035     0.717647
26036     0.713726
26037     0.713726
26038     0.701961
26039     0.701961
26040     0.701961
26041     0.709804
26042     0.721569
26043     0.733333
26044     0.737255
26045     0.737255
26046     0.713726
26047     0.729412
26048     0.725490
26049     0.690196
26050     0.635294
26051     0.607843
26052     0.607843
26053     0.623529
26054     0.662745
26055     0.678431
26056     0.705882
26057     0.733333
26058     0.745098
26059     0.745098
26060     0.733333
26061     0.725490
26062     0.682353
26063     0.666667
26064     0.658824
26065     0.678431
26066     0.709804
26067     0.721569
26068     0.705882
26069     0.682353
26070     0.647059
26071     0.643137
26072     0.639216
26073     0.647059
26074     0.686275
26075     0.737255
26076     0.764706
26077     0.768627
26078     0.717647
26079     0.701961
26080     0.678431
26081     0.658824
26082     0.658824
26083     0.674510
26084     0.698039
26085     0.713726
26086     0.717647
26087     0.721569
26088     0.729412
26089     0.725490
26090     0.717647
26091     0.713726
26092     0.713726
26093     0.717647
26094     0.733333
26095     0.729412
26096     0.705882
26097     0.670588
26098     0.650980
26099     0.650980
26100     0.643137
26101     0.631373
26102     0.619608
26103     0.635294
26104     0.654902
26105     0.694118
26106     0.698039
26107     0.709804
26108     0.729412
26109     0.737255
26110     0.713726
26111     0.662745
26112     0.619608
26113     0.607843
26114     0.596078
26115     0.584314
26116     0.592157
26117     0.619608
26118     0.647059
26119     0.666667
26120     0.674510
26121     0.678431
26122     0.674510
26123     0.674510
26124     0.686275
26125     0.709804
26126     0.745098
26127     0.780392
26128     0.803922
26129     0.800000
26130     0.768627
26131     0.721569
26132     0.690196
26133     0.670588
26134     0.666667
26135     0.662745
26136     0.658824
26137     0.658824
26138     0.658824
26139     0.635294
26140     0.592157
26141     0.545098
26142     0.490196
26143     0.419608
26144     0.356863
26145     0.345098
26146     0.364706
26147     0.392157
26148     0.419608
26149     0.439216
26150     0.447059
26151     0.447059
26152     0.443137
26153     0.423529
26154     0.368627
26155     0.294118
26156     0.231373
26157     0.200000
26158     0.192157
26159     0.200000
26160     0.203922
26161     0.180392
26162     0.184314
26163     0.188235
26164     0.188235
26165     0.188235
26166     0.192157
26167     0.203922
26168     0.211765
26169     0.235294
26170     0.235294
26171     0.254902
26172     0.274510
26173     0.282353
26174     0.286275
26175     0.313726
26176     0.349020
26177     0.403922
26178     0.407843
26179     0.411765
26180     0.407843
26181     0.400000
26182     0.380392
26183     0.364706
26184     0.352941
26185     0.333333
26186     0.317647
26187     0.309804
26188     0.313726
26189     0.321569
26190     0.321569
26191     0.301961
26192     0.282353
26193     0.309804
26194     0.298039
26195     0.286275
26196     0.298039
26197     0.298039
26198     0.274510
26199     0.345098
26200     0.494118
26201     0.600000
26202     0.686275
26203     0.729412
26204     0.733333
26205     0.752941
26206     0.756863
26207     0.764706
26208     0.800000
26209     0.843137
26210     0.870588
26211     0.878431
26212     0.850980
26213     0.815686
26214     0.803922
26215     0.800000
26216     0.796078
26217     0.819608
26218     0.811765
26219     0.784314
26220     0.737255
26221     0.686275
26222     0.647059
26223     0.639216
26224     0.643137
26225     0.654902
26226     0.654902
26227     0.654902
26228     0.650980
26229     0.658824
26230     0.674510
26231     0.698039
26232     0.717647
26233     0.705882
26234     0.682353
26235     0.650980
26236     0.639216
26237     0.654902
26238     0.682353
26239     0.713726
26240     0.733333
26241     0.725490
26242     0.717647
26243     0.705882
26244     0.701961
26245     0.701961
26246     0.694118
26247     0.686275
26248     0.674510
26249     0.635294
26250     0.674510
26251     0.745098
26252     0.800000
26253     0.792157
26254     0.741176
26255     0.694118
26256     0.674510
26257     0.678431
26258     0.686275
26259     0.698039
26260     0.705882
26261     0.713726
26262     0.717647
26263     0.725490
26264     0.733333
26265     0.733333
26266     0.721569
26267     0.705882
26268     0.705882
26269     0.713726
26270     0.717647
26271     0.717647
26272     0.713726
26273     0.690196
26274     0.721569
26275     0.741176
26276     0.729412
26277     0.701961
26278     0.678431
26279     0.658824
26280     0.647059
26281     0.643137
26282     0.658824
26283     0.686275
26284     0.709804
26285     0.729412
26286     0.737255
26287     0.737255
26288     0.733333
26289     0.686275
26290     0.662745
26291     0.643137
26292     0.654902
26293     0.690196
26294     0.717647
26295     0.721569
26296     0.713726
26297     0.690196
26298     0.662745
26299     0.631373
26300     0.635294
26301     0.674510
26302     0.725490
26303     0.756863
26304     0.768627
26305     0.749020
26306     0.729412
26307     0.701961
26308     0.682353
26309     0.674510
26310     0.686275
26311     0.701961
26312     0.717647
26313     0.717647
26314     0.725490
26315     0.733333
26316     0.733333
26317     0.721569
26318     0.713726
26319     0.709804
26320     0.709804
26321     0.745098
26322     0.741176
26323     0.721569
26324     0.686275
26325     0.662745
26326     0.658824
26327     0.650980
26328     0.635294
26329     0.627451
26330     0.643137
26331     0.662745
26332     0.717647
26333     0.713726
26334     0.717647
26335     0.733333
26336     0.745098
26337     0.729412
26338     0.686275
26339     0.650980
26340     0.623529
26341     0.607843
26342     0.592157
26343     0.588235
26344     0.607843
26345     0.635294
26346     0.666667
26347     0.682353
26348     0.666667
26349     0.666667
26350     0.670588
26351     0.682353
26352     0.698039
26353     0.721569
26354     0.741176
26355     0.752941
26356     0.772549
26357     0.749020
26358     0.713726
26359     0.686275
26360     0.674510
26361     0.670588
26362     0.674510
26363     0.678431
26364     0.678431
26365     0.674510
26366     0.639216
26367     0.580392
26368     0.521569
26369     0.466667
26370     0.411765
26371     0.364706
26372     0.345098
26373     0.360784
26374     0.384314
26375     0.411765
26376     0.435294
26377     0.454902
26378     0.466667
26379     0.470588
26380     0.478431
26381     0.450980
26382     0.384314
26383     0.294118
26384     0.207843
26385     0.164706
26386     0.172549
26387     0.192157
26388     0.164706
26389     0.156863
26390     0.149020
26391     0.152941
26392     0.172549
26393     0.196078
26394     0.215686
26395     0.223529
26396     0.215686
26397     0.223529
26398     0.250980
26399     0.282353
26400     0.298039
26401     0.305882
26402     0.329412
26403     0.364706
26404     0.400000
26405     0.407843
26406     0.411765
26407     0.411765
26408     0.403922
26409     0.392157
26410     0.376471
26411     0.364706
26412     0.329412
26413     0.309804
26414     0.286275
26415     0.286275
26416     0.298039
26417     0.298039
26418     0.278431
26419     0.254902
26420     0.270588
26421     0.270588
26422     0.270588
26423     0.294118
26424     0.305882
26425     0.286275
26426     0.360784
26427     0.509804
26428     0.584314
26429     0.670588
26430     0.725490
26431     0.752941
26432     0.788235
26433     0.784314
26434     0.768627
26435     0.780392
26436     0.800000
26437     0.831373
26438     0.858824
26439     0.854902
26440     0.847059
26441     0.839216
26442     0.819608
26443     0.796078
26444     0.796078
26445     0.792157
26446     0.776471
26447     0.745098
26448     0.701961
26449     0.670588
26450     0.658824
26451     0.658824
26452     0.627451
26453     0.639216
26454     0.650980
26455     0.662745
26456     0.670588
26457     0.686275
26458     0.701961
26459     0.717647
26460     0.717647
26461     0.690196
26462     0.662745
26463     0.647059
26464     0.658824
26465     0.690196
26466     0.717647
26467     0.733333
26468     0.749020
26469     0.737255
26470     0.721569
26471     0.709804
26472     0.705882
26473     0.694118
26474     0.682353
26475     0.674510
26476     0.658824
26477     0.678431
26478     0.725490
26479     0.768627
26480     0.776471
26481     0.745098
26482     0.709804
26483     0.701961
26484     0.694118
26485     0.701961
26486     0.709804
26487     0.709804
26488     0.709804
26489     0.713726
26490     0.725490
26491     0.737255
26492     0.741176
26493     0.729412
26494     0.713726
26495     0.701961
26496     0.698039
26497     0.701961
26498     0.701961
26499     0.705882
26500     0.690196
26501     0.717647
26502     0.741176
26503     0.752941
26504     0.768627
26505     0.760784
26506     0.713726
26507     0.658824
26508     0.627451
26509     0.635294
26510     0.647059
26511     0.666667
26512     0.686275
26513     0.705882
26514     0.725490
26515     0.733333
26516     0.721569
26517     0.690196
26518     0.658824
26519     0.650980
26520     0.674510
26521     0.709804
26522     0.737255
26523     0.749020
26524     0.756863
26525     0.709804
26526     0.658824
26527     0.643137
26528     0.662745
26529     0.694118
26530     0.721569
26531     0.737255
26532     0.749020
26533     0.737255
26534     0.721569
26535     0.709804
26536     0.698039
26537     0.698039
26538     0.701961
26539     0.705882
26540     0.717647
26541     0.725490
26542     0.733333
26543     0.729412
26544     0.717647
26545     0.709804
26546     0.701961
26547     0.701961
26548     0.721569
26549     0.725490
26550     0.713726
26551     0.686275
26552     0.674510
26553     0.678431
26554     0.674510
26555     0.662745
26556     0.635294
26557     0.647059
26558     0.662745
26559     0.721569
26560     0.717647
26561     0.721569
26562     0.729412
26563     0.733333
26564     0.725490
26565     0.701961
26566     0.682353
26567     0.650980
26568     0.643137
26569     0.623529
26570     0.607843
26571     0.603922
26572     0.623529
26573     0.662745
26574     0.690196
26575     0.674510
26576     0.674510
26577     0.670588
26578     0.670588
26579     0.670588
26580     0.674510
26581     0.674510
26582     0.678431
26583     0.717647
26584     0.709804
26585     0.694118
26586     0.682353
26587     0.674510
26588     0.674510
26589     0.678431
26590     0.682353
26591     0.678431
26592     0.674510
26593     0.643137
26594     0.584314
26595     0.525490
26596     0.474510
26597     0.419608
26598     0.376471
26599     0.368627
26600     0.376471
26601     0.396078
26602     0.419608
26603     0.443137
26604     0.466667
26605     0.486275
26606     0.498039
26607     0.494118
26608     0.490196
26609     0.447059
26610     0.349020
26611     0.235294
26612     0.160784
26613     0.149020
26614     0.168627
26615     0.180392
26616     0.160784
26617     0.145098
26618     0.160784
26619     0.196078
26620     0.227451
26621     0.239216
26622     0.239216
26623     0.211765
26624     0.227451
26625     0.266667
26626     0.305882
26627     0.321569
26628     0.329412
26629     0.352941
26630     0.384314
26631     0.392157
26632     0.400000
26633     0.411765
26634     0.419608
26635     0.423529
26636     0.419608
26637     0.407843
26638     0.403922
26639     0.368627
26640     0.341176
26641     0.313726
26642     0.309804
26643     0.317647
26644     0.317647
26645     0.290196
26646     0.262745
26647     0.235294
26648     0.258824
26649     0.266667
26650     0.282353
26651     0.286275
26652     0.282353
26653     0.356863
26654     0.498039
26655     0.564706
26656     0.650980
26657     0.709804
26658     0.752941
26659     0.807843
26660     0.811765
26661     0.784314
26662     0.784314
26663     0.776471
26664     0.792157
26665     0.811765
26666     0.831373
26667     0.854902
26668     0.866667
26669     0.843137
26670     0.807843
26671     0.776471
26672     0.764706
26673     0.745098
26674     0.725490
26675     0.705882
26676     0.686275
26677     0.674510
26678     0.666667
26679     0.615686
26680     0.631373
26681     0.647059
26682     0.662745
26683     0.670588
26684     0.678431
26685     0.690196
26686     0.701961
26687     0.717647
26688     0.694118
26689     0.670588
26690     0.658824
26691     0.670588
26692     0.694118
26693     0.713726
26694     0.725490
26695     0.760784
26696     0.749020
26697     0.733333
26698     0.721569
26699     0.713726
26700     0.701961
26701     0.686275
26702     0.674510
26703     0.674510
26704     0.670588
26705     0.686275
26706     0.721569
26707     0.737255
26708     0.729412
26709     0.717647
26710     0.717647
26711     0.733333
26712     0.737255
26713     0.733333
26714     0.717647
26715     0.701961
26716     0.698039
26717     0.713726
26718     0.729412
26719     0.737255
26720     0.733333
26721     0.717647
26722     0.698039
26723     0.686275
26724     0.686275
26725     0.698039
26726     0.713726
26727     0.701961
26728     0.713726
26729     0.721569
26730     0.745098
26731     0.788235
26732     0.800000
26733     0.733333
26734     0.647059
26735     0.623529
26736     0.619608
26737     0.619608
26738     0.627451
26739     0.647059
26740     0.678431
26741     0.705882
26742     0.725490
26743     0.745098
26744     0.721569
26745     0.686275
26746     0.658824
26747     0.666667
26748     0.698039
26749     0.745098
26750     0.776471
26751     0.776471
26752     0.721569
26753     0.662745
26754     0.635294
26755     0.631373
26756     0.639216
26757     0.658824
26758     0.682353
26759     0.721569
26760     0.721569
26761     0.721569
26762     0.717647
26763     0.713726
26764     0.705882
26765     0.698039
26766     0.694118
26767     0.709804
26768     0.713726
26769     0.717647
26770     0.713726
26771     0.705882
26772     0.698039
26773     0.698039
26774     0.698039
26775     0.682353
26776     0.694118
26777     0.694118
26778     0.682353
26779     0.682353
26780     0.698039
26781     0.701961
26782     0.690196
26783     0.639216
26784     0.647059
26785     0.662745
26786     0.701961
26787     0.709804
26788     0.717647
26789     0.721569
26790     0.721569
26791     0.713726
26792     0.701961
26793     0.694118
26794     0.682353
26795     0.678431
26796     0.662745
26797     0.627451
26798     0.603922
26799     0.611765
26800     0.650980
26801     0.686275
26802     0.682353
26803     0.678431
26804     0.666667
26805     0.658824
26806     0.650980
26807     0.647059
26808     0.647059
26809     0.647059
26810     0.662745
26811     0.666667
26812     0.670588
26813     0.670588
26814     0.666667
26815     0.666667
26816     0.670588
26817     0.670588
26818     0.654902
26819     0.658824
26820     0.643137
26821     0.600000
26822     0.556863
26823     0.505882
26824     0.439216
26825     0.388235
26826     0.376471
26827     0.384314
26828     0.403922
26829     0.427451
26830     0.454902
26831     0.474510
26832     0.490196
26833     0.501961
26834     0.494118
26835     0.501961
26836     0.478431
26837     0.396078
26838     0.282353
26839     0.192157
26840     0.152941
26841     0.152941
26842     0.196078
26843     0.176471
26844     0.168627
26845     0.192157
26846     0.235294
26847     0.258824
26848     0.254902
26849     0.235294
26850     0.215686
26851     0.235294
26852     0.274510
26853     0.317647
26854     0.333333
26855     0.337255
26856     0.356863
26857     0.384314
26858     0.388235
26859     0.400000
26860     0.411765
26861     0.427451
26862     0.435294
26863     0.431373
26864     0.427451
26865     0.419608
26866     0.411765
26867     0.380392
26868     0.349020
26869     0.341176
26870     0.352941
26871     0.345098
26872     0.309804
26873     0.278431
26874     0.239216
26875     0.290196
26876     0.298039
26877     0.282353
26878     0.270588
26879     0.274510
26880     0.352941
26881     0.474510
26882     0.533333
26883     0.611765
26884     0.666667
26885     0.717647
26886     0.792157
26887     0.811765
26888     0.792157
26889     0.792157
26890     0.792157
26891     0.784314
26892     0.776471
26893     0.800000
26894     0.850980
26895     0.894118
26896     0.886275
26897     0.850980
26898     0.776471
26899     0.752941
26900     0.725490
26901     0.713726
26902     0.713726
26903     0.709804
26904     0.698039
26905     0.682353
26906     0.639216
26907     0.647059
26908     0.654902
26909     0.662745
26910     0.662745
26911     0.670588
26912     0.682353
26913     0.694118
26914     0.705882
26915     0.690196
26916     0.674510
26917     0.670588
26918     0.678431
26919     0.694118
26920     0.705882
26921     0.709804
26922     0.749020
26923     0.741176
26924     0.733333
26925     0.725490
26926     0.721569
26927     0.709804
26928     0.694118
26929     0.682353
26930     0.674510
26931     0.654902
26932     0.647059
26933     0.670588
26934     0.694118
26935     0.705882
26936     0.709804
26937     0.721569
26938     0.737255
26939     0.737255
26940     0.725490
26941     0.705882
26942     0.682353
26943     0.682353
26944     0.705882
26945     0.729412
26946     0.749020
26947     0.752941
26948     0.741176
26949     0.709804
26950     0.674510
26951     0.666667
26952     0.690196
26953     0.717647
26954     0.705882
26955     0.705882
26956     0.701961
26957     0.713726
26958     0.768627
26959     0.800000
26960     0.749020
26961     0.662745
26962     0.619608
26963     0.615686
26964     0.611765
26965     0.615686
26966     0.635294
26967     0.662745
26968     0.694118
26969     0.713726
26970     0.741176
26971     0.729412
26972     0.709804
26973     0.678431
26974     0.666667
26975     0.686275
26976     0.741176
26977     0.784314
26978     0.772549
26979     0.721569
26980     0.666667
26981     0.639216
26982     0.615686
26983     0.607843
26984     0.627451
26985     0.658824
26986     0.698039
26987     0.701961
26988     0.713726
26989     0.717647
26990     0.717647
26991     0.709804
26992     0.701961
26993     0.694118
26994     0.694118
26995     0.698039
26996     0.698039
26997     0.690196
26998     0.682353
26999     0.678431
27000     0.686275
27001     0.690196
27002     0.682353
27003     0.694118
27004     0.698039
27005     0.690196
27006     0.694118
27007     0.709804
27008     0.713726
27009     0.705882
27010     0.650980
27011     0.658824
27012     0.670588
27013     0.682353
27014     0.694118
27015     0.709804
27016     0.717647
27017     0.713726
27018     0.701961
27019     0.694118
27020     0.694118
27021     0.698039
27022     0.701961
27023     0.686275
27024     0.643137
27025     0.603922
27026     0.600000
27027     0.643137
27028     0.682353
27029     0.686275
27030     0.678431
27031     0.662745
27032     0.650980
27033     0.647059
27034     0.650980
27035     0.654902
27036     0.658824
27037     0.627451
27038     0.639216
27039     0.654902
27040     0.662745
27041     0.662745
27042     0.658824
27043     0.658824
27044     0.658824
27045     0.627451
27046     0.643137
27047     0.639216
27048     0.619608
27049     0.584314
27050     0.533333
27051     0.458824
27052     0.396078
27053     0.360784
27054     0.376471
27055     0.400000
27056     0.427451
27057     0.454902
27058     0.470588
27059     0.482353
27060     0.486275
27061     0.501961
27062     0.509804
27063     0.494118
27064     0.427451
27065     0.329412
27066     0.231373
27067     0.172549
27068     0.152941
27069     0.207843
27070     0.188235
27071     0.184314
27072     0.215686
27073     0.258824
27074     0.274510
27075     0.250980
27076     0.219608
27077     0.215686
27078     0.235294
27079     0.274510
27080     0.317647
27081     0.329412
27082     0.329412
27083     0.345098
27084     0.368627
27085     0.380392
27086     0.388235
27087     0.400000
27088     0.411765
27089     0.411765
27090     0.407843
27091     0.400000
27092     0.392157
27093     0.431373
27094     0.396078
27095     0.364706
27096     0.356863
27097     0.364706
27098     0.356863
27099     0.317647
27100     0.278431
27101     0.262745
27102     0.329412
27103     0.337255
27104     0.290196
27105     0.262745
27106     0.274510
27107     0.352941
27108     0.462745
27109     0.505882
27110     0.572549
27111     0.619608
27112     0.674510
27113     0.760784
27114     0.796078
27115     0.784314
27116     0.788235
27117     0.823529
27118     0.792157
27119     0.764706
27120     0.784314
27121     0.854902
27122     0.921569
27123     0.925490
27124     0.894118
27125     0.796078
27126     0.760784
27127     0.725490
27128     0.713726
27129     0.725490
27130     0.729412
27131     0.717647
27132     0.701961
27133     0.674510
27134     0.674510
27135     0.670588
27136     0.666667
27137     0.662745
27138     0.670588
27139     0.686275
27140     0.698039
27141     0.694118
27142     0.686275
27143     0.674510
27144     0.674510
27145     0.682353
27146     0.690196
27147     0.694118
27148     0.694118
27149     0.733333
27150     0.729412
27151     0.725490
27152     0.725490
27153     0.725490
27154     0.717647
27155     0.701961
27156     0.690196
27157     0.670588
27158     0.639216
27159     0.623529
27160     0.643137
27161     0.670588
27162     0.686275
27163     0.701961
27164     0.713726
27165     0.705882
27166     0.709804
27167     0.698039
27168     0.678431
27169     0.662745
27170     0.674510
27171     0.705882
27172     0.737255
27173     0.772549
27174     0.780392
27175     0.764706
27176     0.721569
27177     0.670588
27178     0.650980
27179     0.674510
27180     0.705882
27181     0.698039
27182     0.698039
27183     0.686275
27184     0.690196
27185     0.745098
27186     0.796078
27187     0.768627
27188     0.698039
27189     0.619608
27190     0.615686
27191     0.615686
27192     0.619608
27193     0.635294
27194     0.662745
27195     0.686275
27196     0.701961
27197     0.721569
27198     0.729412
27199     0.721569
27200     0.690196
27201     0.666667
27202     0.682353
27203     0.733333
27204     0.780392
27205     0.780392
27206     0.737255
27207     0.694118
27208     0.666667
27209     0.643137
27210     0.627451
27211     0.650980
27212     0.690196
27213     0.690196
27214     0.698039
27215     0.709804
27216     0.721569
27217     0.721569
27218     0.717647
27219     0.709804
27220     0.705882
27221     0.682353
27222     0.682353
27223     0.682353
27224     0.674510
27225     0.666667
27226     0.666667
27227     0.674510
27228     0.682353
27229     0.709804
27230     0.721569
27231     0.717647
27232     0.705882
27233     0.705882
27234     0.713726
27235     0.713726
27236     0.701961
27237     0.666667
27238     0.674510
27239     0.682353
27240     0.666667
27241     0.682353
27242     0.701961
27243     0.721569
27244     0.725490
27245     0.713726
27246     0.698039
27247     0.686275
27248     0.705882
27249     0.721569
27250     0.725490
27251     0.705882
27252     0.666667
27253     0.635294
27254     0.631373
27255     0.639216
27256     0.650980
27257     0.647059
27258     0.643137
27259     0.650980
27260     0.658824
27261     0.666667
27262     0.662745
27263     0.654902
27264     0.627451
27265     0.631373
27266     0.647059
27267     0.662745
27268     0.670588
27269     0.662745
27270     0.643137
27271     0.627451
27272     0.596078
27273     0.623529
27274     0.647059
27275     0.643137
27276     0.623529
27277     0.584314
27278     0.521569
27279     0.470588
27280     0.407843
27281     0.400000
27282     0.407843
27283     0.439216
27284     0.466667
27285     0.474510
27286     0.482353
27287     0.498039
27288     0.505882
27289     0.517647
27290     0.474510
27291     0.482353
27292     0.482353
27293     0.282353
27294     0.125490
27295     0.184314
27296     0.196078
27297     0.200000
27298     0.184314
27299     0.207843
27300     0.282353
27301     0.294118
27302     0.262745
27303     0.254902
27304     0.294118
27305     0.313726
27306     0.309804
27307     0.290196
27308     0.294118
27309     0.333333
27310     0.364706
27311     0.372549
27312     0.380392
27313     0.400000
27314     0.407843
27315     0.392157
27316     0.384314
27317     0.392157
27318     0.403922
27319     0.400000
27320     0.431373
27321     0.400000
27322     0.368627
27323     0.364706
27324     0.372549
27325     0.364706
27326     0.329412
27327     0.294118
27328     0.301961
27329     0.352941
27330     0.321569
27331     0.301961
27332     0.329412
27333     0.262745
27334     0.278431
27335     0.450980
27336     0.505882
27337     0.541176
27338     0.596078
27339     0.615686
27340     0.639216
27341     0.725490
27342     0.796078
27343     0.784314
27344     0.796078
27345     0.800000
27346     0.788235
27347     0.780392
27348     0.827451
27349     0.913725
27350     0.968627
27351     0.972549
27352     0.823529
27353     0.764706
27354     0.737255
27355     0.721569
27356     0.705882
27357     0.729412
27358     0.741176
27359     0.709804
27360     0.733333
27361     0.690196
27362     0.670588
27363     0.682353
27364     0.686275
27365     0.666667
27366     0.674510
27367     0.701961
27368     0.666667
27369     0.662745
27370     0.658824
27371     0.658824
27372     0.666667
27373     0.682353
27374     0.701961
27375     0.709804
27376     0.709804
27377     0.713726
27378     0.721569
27379     0.721569
27380     0.721569
27381     0.713726
27382     0.701961
27383     0.694118
27384     0.650980
27385     0.643137
27386     0.639216
27387     0.639216
27388     0.650980
27389     0.666667
27390     0.674510
27391     0.678431
27392     0.666667
27393     0.670588
27394     0.670588
27395     0.662745
27396     0.662745
27397     0.674510
27398     0.701961
27399     0.721569
27400     0.764706
27401     0.780392
27402     0.780392
27403     0.741176
27404     0.682353
27405     0.647059
27406     0.650980
27407     0.666667
27408     0.701961
27409     0.694118
27410     0.678431
27411     0.678431
27412     0.717647
27413     0.756863
27414     0.745098
27415     0.705882
27416     0.639216
27417     0.623529
27418     0.611765
27419     0.623529
27420     0.650980
27421     0.686275
27422     0.705882
27423     0.717647
27424     0.705882
27425     0.698039
27426     0.694118
27427     0.694118
27428     0.705882
27429     0.725490
27430     0.752941
27431     0.768627
27432     0.784314
27433     0.752941
27434     0.713726
27435     0.678431
27436     0.662745
27437     0.658824
27438     0.662745
27439     0.662745
27440     0.670588
27441     0.670588
27442     0.690196
27443     0.717647
27444     0.721569
27445     0.705882
27446     0.694118
27447     0.694118
27448     0.686275
27449     0.682353
27450     0.670588
27451     0.647059
27452     0.635294
27453     0.643137
27454     0.670588
27455     0.694118
27456     0.717647
27457     0.741176
27458     0.752941
27459     0.737255
27460     0.725490
27461     0.721569
27462     0.717647
27463     0.705882
27464     0.686275
27465     0.690196
27466     0.694118
27467     0.654902
27468     0.666667
27469     0.686275
27470     0.701961
27471     0.713726
27472     0.713726
27473     0.709804
27474     0.701961
27475     0.698039
27476     0.713726
27477     0.729412
27478     0.725490
27479     0.694118
27480     0.662745
27481     0.635294
27482     0.627451
27483     0.631373
27484     0.615686
27485     0.603922
27486     0.615686
27487     0.639216
27488     0.662745
27489     0.670588
27490     0.666667
27491     0.643137
27492     0.643137
27493     0.647059
27494     0.654902
27495     0.658824
27496     0.650980
27497     0.635294
27498     0.619608
27499     0.611765
27500     0.639216
27501     0.662745
27502     0.670588
27503     0.662745
27504     0.631373
27505     0.564706
27506     0.505882
27507     0.439216
27508     0.423529
27509     0.427451
27510     0.450980
27511     0.470588
27512     0.478431
27513     0.490196
27514     0.505882
27515     0.509804
27516     0.513726
27517     0.482353
27518     0.505882
27519     0.509804
27520     0.325490
27521     0.168627
27522     0.215686
27523     0.231373
27524     0.235294
27525     0.215686
27526     0.235294
27527     0.305882
27528     0.321569
27529     0.298039
27530     0.298039
27531     0.321569
27532     0.325490
27533     0.309804
27534     0.282353
27535     0.282353
27536     0.313726
27537     0.345098
27538     0.352941
27539     0.372549
27540     0.396078
27541     0.400000
27542     0.376471
27543     0.356863
27544     0.368627
27545     0.388235
27546     0.396078
27547     0.384314
27548     0.372549
27549     0.360784
27550     0.368627
27551     0.376471
27552     0.368627
27553     0.341176
27554     0.313726
27555     0.274510
27556     0.337255
27557     0.325490
27558     0.317647
27559     0.325490
27560     0.227451
27561     0.200000
27562     0.329412
27563     0.443137
27564     0.525490
27565     0.576471
27566     0.584314
27567     0.619608
27568     0.686275
27569     0.729412
27570     0.741176
27571     0.764706
27572     0.772549
27573     0.764706
27574     0.768627
27575     0.827451
27576     0.921569
27577     0.972549
27578     0.976471
27579     0.886275
27580     0.800000
27581     0.756863
27582     0.745098
27583     0.721569
27584     0.729412
27585     0.749020
27586     0.733333
27587     0.729412
27588     0.713726
27589     0.705882
27590     0.705882
27591     0.698039
27592     0.686275
27593     0.690196
27594     0.701961
27595     0.650980
27596     0.650980
27597     0.647059
27598     0.650980
27599     0.658824
27600     0.674510
27601     0.690196
27602     0.701961
27603     0.698039
27604     0.701961
27605     0.705882
27606     0.705882
27607     0.701961
27608     0.690196
27609     0.678431
27610     0.670588
27611     0.647059
27612     0.643137
27613     0.635294
27614     0.635294
27615     0.639216
27616     0.650980
27617     0.658824
27618     0.662745
27619     0.662745
27620     0.666667
27621     0.666667
27622     0.658824
27623     0.658824
27624     0.670588
27625     0.694118
27626     0.713726
27627     0.745098
27628     0.764706
27629     0.772549
27630     0.745098
27631     0.694118
27632     0.654902
27633     0.650980
27634     0.662745
27635     0.717647
27636     0.717647
27637     0.705882
27638     0.690196
27639     0.701961
27640     0.721569
27641     0.721569
27642     0.701961
27643     0.654902
27644     0.635294
27645     0.615686
27646     0.619608
27647     0.647059
27648     0.686275
27649     0.717647
27650     0.733333
27651     0.709804
27652     0.701961
27653     0.690196
27654     0.694118
27655     0.709804
27656     0.733333
27657     0.756863
27658     0.768627
27659     0.760784
27660     0.737255
27661     0.705882
27662     0.686275
27663     0.678431
27664     0.678431
27665     0.678431
27666     0.678431
27667     0.666667
27668     0.666667
27669     0.686275
27670     0.713726
27671     0.721569
27672     0.705882
27673     0.694118
27674     0.698039
27675     0.698039
27676     0.686275
27677     0.666667
27678     0.647059
27679     0.639216
27680     0.647059
27681     0.670588
27682     0.686275
27683     0.713726
27684     0.737255
27685     0.749020
27686     0.737255
27687     0.729412
27688     0.729412
27689     0.721569
27690     0.709804
27691     0.701961
27692     0.701961
27693     0.698039
27694     0.647059
27695     0.658824
27696     0.670588
27697     0.686275
27698     0.698039
27699     0.705882
27700     0.705882
27701     0.705882
27702     0.682353
27703     0.698039
27704     0.717647
27705     0.729412
27706     0.721569
27707     0.686275
27708     0.635294
27709     0.600000
27710     0.607843
27711     0.588235
27712     0.572549
27713     0.580392
27714     0.611765
27715     0.650980
27716     0.682353
27717     0.698039
27718     0.674510
27719     0.666667
27720     0.654902
27721     0.647059
27722     0.643137
27723     0.635294
27724     0.623529
27725     0.611765
27726     0.623529
27727     0.643137
27728     0.666667
27729     0.686275
27730     0.698039
27731     0.678431
27732     0.603922
27733     0.533333
27734     0.470588
27735     0.450980
27736     0.439216
27737     0.454902
27738     0.470588
27739     0.482353
27740     0.494118
27741     0.513726
27742     0.521569
27743     0.525490
27744     0.501961
27745     0.529412
27746     0.521569
27747     0.345098
27748     0.203922
27749     0.239216
27750     0.250980
27751     0.262745
27752     0.243137
27753     0.254902
27754     0.317647
27755     0.337255
27756     0.325490
27757     0.341176
27758     0.352941
27759     0.337255
27760     0.305882
27761     0.266667
27762     0.262745
27763     0.286275
27764     0.313726
27765     0.321569
27766     0.349020
27767     0.368627
27768     0.368627
27769     0.345098
27770     0.325490
27771     0.337255
27772     0.360784
27773     0.372549
27774     0.333333
27775     0.345098
27776     0.364706
27777     0.376471
27778     0.380392
27779     0.368627
27780     0.349020
27781     0.337255
27782     0.298039
27783     0.349020
27784     0.345098
27785     0.333333
27786     0.321569
27787     0.211765
27788     0.160784
27789     0.247059
27790     0.419608
27791     0.560784
27792     0.600000
27793     0.572549
27794     0.603922
27795     0.619608
27796     0.623529
27797     0.662745
27798     0.733333
27799     0.745098
27800     0.752941
27801     0.772549
27802     0.843137
27803     0.937255
27804     0.972549
27805     0.968627
27806     0.913725
27807     0.796078
27808     0.737255
27809     0.733333
27810     0.705882
27811     0.690196
27812     0.709804
27813     0.717647
27814     0.701961
27815     0.725490
27816     0.737255
27817     0.725490
27818     0.709804
27819     0.705882
27820     0.701961
27821     0.694118
27822     0.643137
27823     0.643137
27824     0.643137
27825     0.643137
27826     0.650980
27827     0.662745
27828     0.674510
27829     0.678431
27830     0.682353
27831     0.686275
27832     0.686275
27833     0.686275
27834     0.678431
27835     0.666667
27836     0.650980
27837     0.643137
27838     0.643137
27839     0.639216
27840     0.635294
27841     0.631373
27842     0.627451
27843     0.631373
27844     0.639216
27845     0.639216
27846     0.666667
27847     0.666667
27848     0.662745
27849     0.658824
27850     0.658824
27851     0.670588
27852     0.690196
27853     0.705882
27854     0.717647
27855     0.745098
27856     0.760784
27857     0.745098
27858     0.701961
27859     0.666667
27860     0.658824
27861     0.666667
27862     0.717647
27863     0.729412
27864     0.721569
27865     0.698039
27866     0.686275
27867     0.694118
27868     0.709804
27869     0.713726
27870     0.678431
27871     0.654902
27872     0.631373
27873     0.627451
27874     0.647059
27875     0.682353
27876     0.721569
27877     0.741176
27878     0.717647
27879     0.701961
27880     0.686275
27881     0.690196
27882     0.713726
27883     0.741176
27884     0.760784
27885     0.764706
27886     0.737255
27887     0.725490
27888     0.705882
27889     0.694118
27890     0.694118
27891     0.698039
27892     0.698039
27893     0.694118
27894     0.662745
27895     0.662745
27896     0.678431
27897     0.705882
27898     0.713726
27899     0.698039
27900     0.690196
27901     0.694118
27902     0.705882
27903     0.686275
27904     0.662745
27905     0.647059
27906     0.650980
27907     0.662745
27908     0.674510
27909     0.682353
27910     0.709804
27911     0.721569
27912     0.725490
27913     0.717647
27914     0.721569
27915     0.733333
27916     0.733333
27917     0.721569
27918     0.717647
27919     0.709804
27920     0.705882
27921     0.650980
27922     0.658824
27923     0.666667
27924     0.678431
27925     0.686275
27926     0.694118
27927     0.694118
27928     0.694118
27929     0.678431
27930     0.682353
27931     0.694118
27932     0.713726
27933     0.721569
27934     0.694118
27935     0.635294
27936     0.588235
27937     0.584314
27938     0.580392
27939     0.572549
27940     0.568627
27941     0.580392
27942     0.623529
27943     0.678431
27944     0.721569
27945     0.705882
27946     0.690196
27947     0.666667
27948     0.650980
27949     0.639216
27950     0.631373
27951     0.623529
27952     0.615686
27953     0.619608
27954     0.631373
27955     0.650980
27956     0.682353
27957     0.709804
27958     0.694118
27959     0.615686
27960     0.533333
27961     0.482353
27962     0.454902
27963     0.439216
27964     0.447059
27965     0.462745
27966     0.474510
27967     0.498039
27968     0.517647
27969     0.549020
27970     0.552941
27971     0.541176
27972     0.545098
27973     0.490196
27974     0.325490
27975     0.215686
27976     0.250980
27977     0.254902
27978     0.270588
27979     0.254902
27980     0.262745
27981     0.313726
27982     0.333333
27983     0.333333
27984     0.364706
27985     0.380392
27986     0.352941
27987     0.305882
27988     0.270588
27989     0.262745
27990     0.278431
27991     0.294118
27992     0.298039
27993     0.313726
27994     0.321569
27995     0.321569
27996     0.309804
27997     0.313726
27998     0.333333
27999     0.337255
28000     0.329412
28001     0.305882
28002     0.333333
28003     0.368627
28004     0.384314
28005     0.368627
28006     0.349020
28007     0.333333
28008     0.329412
28009     0.329412
28010     0.349020
28011     0.329412
28012     0.309804
28013     0.290196
28014     0.211765
28015     0.180392
28016     0.243137
28017     0.392157
28018     0.584314
28019     0.623529
28020     0.568627
28021     0.596078
28022     0.588235
28023     0.568627
28024     0.631373
28025     0.705882
28026     0.725490
28027     0.749020
28028     0.788235
28029     0.870588
28030     0.952941
28031     0.968627
28032     0.945098
28033     0.905882
28034     0.768627
28035     0.705882
28036     0.721569
28037     0.694118
28038     0.662745
28039     0.670588
28040     0.686275
28041     0.662745
28042     0.713726
28043     0.745098
28044     0.721569
28045     0.705882
28046     0.713726
28047     0.713726
28048     0.694118
28049     0.658824
28050     0.654902
28051     0.654902
28052     0.650980
28053     0.650980
28054     0.654902
28055     0.654902
28056     0.658824
28057     0.670588
28058     0.670588
28059     0.674510
28060     0.678431
28061     0.670588
28062     0.658824
28063     0.647059
28064     0.639216
28065     0.650980
28066     0.647059
28067     0.643137
28068     0.635294
28069     0.623529
28070     0.619608
28071     0.623529
28072     0.627451
28073     0.670588
28074     0.666667
28075     0.662745
28076     0.662745
28077     0.662745
28078     0.674510
28079     0.690196
28080     0.698039
28081     0.705882
28082     0.729412
28083     0.745098
28084     0.733333
28085     0.701961
28086     0.674510
28087     0.670588
28088     0.678431
28089     0.709804
28090     0.713726
28091     0.709804
28092     0.694118
28093     0.682353
28094     0.694118
28095     0.713726
28096     0.729412
28097     0.701961
28098     0.686275
28099     0.666667
28100     0.654902
28101     0.662745
28102     0.686275
28103     0.709804
28104     0.725490
28105     0.717647
28106     0.698039
28107     0.682353
28108     0.690196
28109     0.713726
28110     0.741176
28111     0.752941
28112     0.756863
28113     0.737255
28114     0.729412
28115     0.717647
28116     0.713726
28117     0.709804
28118     0.705882
28119     0.701961
28120     0.694118
28121     0.658824
28122     0.654902
28123     0.670588
28124     0.694118
28125     0.698039
28126     0.682353
28127     0.674510
28128     0.682353
28129     0.698039
28130     0.678431
28131     0.654902
28132     0.647059
28133     0.662745
28134     0.682353
28135     0.690196
28136     0.694118
28137     0.698039
28138     0.694118
28139     0.682353
28140     0.674510
28141     0.694118
28142     0.729412
28143     0.745098
28144     0.737255
28145     0.725490
28146     0.717647
28147     0.705882
28148     0.650980
28149     0.654902
28150     0.662745
28151     0.674510
28152     0.682353
28153     0.690196
28154     0.698039
28155     0.698039
28156     0.701961
28157     0.686275
28158     0.682353
28159     0.698039
28160     0.717647
28161     0.698039
28162     0.647059
28163     0.600000
28164     0.564706
28165     0.584314
28166     0.588235
28167     0.568627
28168     0.549020
28169     0.576471
28170     0.647059
28171     0.713726
28172     0.721569
28173     0.705882
28174     0.682353
28175     0.662745
28176     0.650980
28177     0.643137
28178     0.631373
28179     0.623529
28180     0.623529
28181     0.631373
28182     0.643137
28183     0.674510
28184     0.705882
28185     0.690196
28186     0.611765
28187     0.529412
28188     0.478431
28189     0.450980
28190     0.427451
28191     0.435294
28192     0.450980
28193     0.470588
28194     0.494118
28195     0.521569
28196     0.568627
28197     0.576471
28198     0.584314
28199     0.564706
28200     0.466667
28201     0.309804
28202     0.247059
28203     0.294118
28204     0.270588
28205     0.301961
28206     0.298039
28207     0.298039
28208     0.333333
28209     0.349020
28210     0.356863
28211     0.396078
28212     0.419608
28213     0.380392
28214     0.333333
28215     0.313726
28216     0.309804
28217     0.305882
28218     0.301961
28219     0.294118
28220     0.282353
28221     0.282353
28222     0.282353
28223     0.294118
28224     0.325490
28225     0.345098
28226     0.325490
28227     0.290196
28228     0.282353
28229     0.317647
28230     0.352941
28231     0.352941
28232     0.325490
28233     0.294118
28234     0.278431
28235     0.278431
28236     0.286275
28237     0.282353
28238     0.270588
28239     0.266667
28240     0.250980
28241     0.203922
28242     0.188235
28243     0.227451
28244     0.356863
28245     0.576471
28246     0.643137
28247     0.596078
28248     0.619608
28249     0.615686
28250     0.607843
28251     0.670588
28252     0.658824
28253     0.686275
28254     0.721569
28255     0.784314
28256     0.882353
28257     0.964706
28258     0.968627
28259     0.925490
28260     0.894118
28261     0.764706
28262     0.713726
28263     0.741176
28264     0.721569
28265     0.682353
28266     0.678431
28267     0.678431
28268     0.643137
28269     0.698039
28270     0.729412
28271     0.713726
28272     0.701961
28273     0.717647
28274     0.725490
28275     0.709804
28276     0.686275
28277     0.682353
28278     0.678431
28279     0.674510
28280     0.666667
28281     0.654902
28282     0.647059
28283     0.643137
28284     0.658824
28285     0.666667
28286     0.670588
28287     0.678431
28288     0.674510
28289     0.670588
28290     0.662745
28291     0.654902
28292     0.658824
28293     0.662745
28294     0.662745
28295     0.647059
28296     0.631373
28297     0.619608
28298     0.619608
28299     0.627451
28300     0.670588
28301     0.666667
28302     0.662745
28303     0.662745
28304     0.670588
28305     0.682353
28306     0.694118
28307     0.698039
28308     0.713726
28309     0.725490
28310     0.729412
28311     0.717647
28312     0.694118
28313     0.678431
28314     0.686275
28315     0.698039
28316     0.713726
28317     0.705882
28318     0.690196
28319     0.686275
28320     0.682353
28321     0.690196
28322     0.705882
28323     0.717647
28324     0.717647
28325     0.713726
28326     0.705882
28327     0.698039
28328     0.694118
28329     0.690196
28330     0.694118
28331     0.698039
28332     0.709804
28333     0.698039
28334     0.690196
28335     0.698039
28336     0.713726
28337     0.733333
28338     0.741176
28339     0.741176
28340     0.752941
28341     0.745098
28342     0.733333
28343     0.729412
28344     0.721569
28345     0.709804
28346     0.694118
28347     0.682353
28348     0.666667
28349     0.658824
28350     0.670588
28351     0.686275
28352     0.686275
28353     0.666667
28354     0.654902
28355     0.662745
28356     0.682353
28357     0.662745
28358     0.647059
28359     0.650980
28360     0.674510
28361     0.698039
28362     0.713726
28363     0.717647
28364     0.686275
28365     0.666667
28366     0.639216
28367     0.627451
28368     0.662745
28369     0.717647
28370     0.749020
28371     0.749020
28372     0.725490
28373     0.717647
28374     0.705882
28375     0.670588
28376     0.662745
28377     0.658824
28378     0.658824
28379     0.670588
28380     0.690196
28381     0.709804
28382     0.721569
28383     0.733333
28384     0.709804
28385     0.690196
28386     0.698039
28387     0.717647
28388     0.709804
28389     0.666667
28390     0.627451
28391     0.556863
28392     0.584314
28393     0.603922
28394     0.576471
28395     0.541176
28396     0.549020
28397     0.611765
28398     0.674510
28399     0.713726
28400     0.705882
28401     0.690196
28402     0.678431
28403     0.670588
28404     0.654902
28405     0.639216
28406     0.627451
28407     0.627451
28408     0.635294
28409     0.647059
28410     0.670588
28411     0.698039
28412     0.690196
28413     0.615686
28414     0.541176
28415     0.494118
28416     0.462745
28417     0.439216
28418     0.447059
28419     0.462745
28420     0.478431
28421     0.501961
28422     0.529412
28423     0.576471
28424     0.580392
28425     0.607843
28426     0.592157
28427     0.478431
28428     0.345098
28429     0.305882
28430     0.345098
28431     0.305882
28432     0.352941
28433     0.360784
28434     0.364706
28435     0.388235
28436     0.384314
28437     0.396078
28438     0.439216
28439     0.458824
28440     0.415686
28441     0.380392
28442     0.376471
28443     0.376471
28444     0.352941
28445     0.317647
28446     0.294118
28447     0.262745
28448     0.262745
28449     0.266667
28450     0.286275
28451     0.321569
28452     0.341176
28453     0.309804
28454     0.266667
28455     0.254902
28456     0.282353
28457     0.309804
28458     0.298039
28459     0.262745
28460     0.231373
28461     0.219608
28462     0.223529
28463     0.223529
28464     0.219608
28465     0.235294
28466     0.254902
28467     0.243137
28468     0.211765
28469     0.192157
28470     0.188235
28471     0.368627
28472     0.588235
28473     0.698039
28474     0.666667
28475     0.666667
28476     0.670588
28477     0.666667
28478     0.694118
28479     0.635294
28480     0.654902
28481     0.690196
28482     0.760784
28483     0.870588
28484     0.964706
28485     0.968627
28486     0.921569
28487     0.886275
28488     0.776471
28489     0.733333
28490     0.756863
28491     0.745098
28492     0.717647
28493     0.701961
28494     0.678431
28495     0.662745
28496     0.690196
28497     0.705882
28498     0.701961
28499     0.698039
28500     0.713726
28501     0.725490
28502     0.729412
28503     0.705882
28504     0.705882
28505     0.701961
28506     0.698039
28507     0.682353
28508     0.666667
28509     0.654902
28510     0.643137
28511     0.654902
28512     0.662745
28513     0.670588
28514     0.678431
28515     0.678431
28516     0.674510
28517     0.666667
28518     0.662745
28519     0.670588
28520     0.674510
28521     0.678431
28522     0.662745
28523     0.639216
28524     0.623529
28525     0.623529
28526     0.631373
28527     0.662745
28528     0.654902
28529     0.650980
28530     0.658824
28531     0.674510
28532     0.686275
28533     0.694118
28534     0.694118
28535     0.721569
28536     0.725490
28537     0.729412
28538     0.713726
28539     0.694118
28540     0.686275
28541     0.690196
28542     0.701961
28543     0.729412
28544     0.713726
28545     0.698039
28546     0.690196
28547     0.678431
28548     0.662745
28549     0.670588
28550     0.686275
28551     0.725490
28552     0.733333
28553     0.741176
28554     0.733333
28555     0.717647
28556     0.701961
28557     0.686275
28558     0.682353
28559     0.701961
28560     0.705882
28561     0.709804
28562     0.717647
28563     0.721569
28564     0.725490
28565     0.729412
28566     0.729412
28567     0.760784
28568     0.752941
28569     0.741176
28570     0.737255
28571     0.729412
28572     0.717647
28573     0.701961
28574     0.690196
28575     0.686275
28576     0.678431
28577     0.678431
28578     0.690196
28579     0.678431
28580     0.654902
28581     0.639216
28582     0.643137
28583     0.662745
28584     0.654902
28585     0.650980
28586     0.658824
28587     0.678431
28588     0.705882
28589     0.725490
28590     0.737255
28591     0.690196
28592     0.662745
28593     0.627451
28594     0.615686
28595     0.658824
28596     0.717647
28597     0.741176
28598     0.737255
28599     0.725490
28600     0.721569
28601     0.713726
28602     0.733333
28603     0.705882
28604     0.666667
28605     0.643137
28606     0.643137
28607     0.666667
28608     0.705882
28609     0.729412
28610     0.745098
28611     0.721569
28612     0.701961
28613     0.701961
28614     0.713726
28615     0.705882
28616     0.670588
28617     0.635294
28618     0.576471
28619     0.600000
28620     0.611765
28621     0.596078
28622     0.572549
28623     0.568627
28624     0.600000
28625     0.635294
28626     0.694118
28627     0.690196
28628     0.686275
28629     0.686275
28630     0.682353
28631     0.670588
28632     0.647059
28633     0.631373
28634     0.623529
28635     0.631373
28636     0.647059
28637     0.666667
28638     0.690196
28639     0.686275
28640     0.627451
28641     0.560784
28642     0.529412
28643     0.498039
28644     0.474510
28645     0.478431
28646     0.486275
28647     0.498039
28648     0.521569
28649     0.545098
28650     0.584314
28651     0.576471
28652     0.611765
28653     0.615686
28654     0.509804
28655     0.392157
28656     0.349020
28657     0.352941
28658     0.325490
28659     0.384314
28660     0.411765
28661     0.411765
28662     0.423529
28663     0.411765
28664     0.411765
28665     0.454902
28666     0.474510
28667     0.435294
28668     0.411765
28669     0.423529
28670     0.419608
28671     0.372549
28672     0.309804
28673     0.266667
28674     0.235294
28675     0.250980
28676     0.258824
28677     0.266667
28678     0.278431
28679     0.286275
28680     0.270588
28681     0.247059
28682     0.231373
28683     0.250980
28684     0.266667
28685     0.254902
28686     0.223529
28687     0.200000
28688     0.196078
28689     0.203922
28690     0.211765
28691     0.192157
28692     0.215686
28693     0.243137
28694     0.231373
28695     0.207843
28696     0.188235
28697     0.152941
28698     0.309804
28699     0.525490
28700     0.690196
28701     0.701961
28702     0.682353
28703     0.705882
28704     0.713726
28705     0.690196
28706     0.674510
28707     0.678431
28708     0.690196
28709     0.741176
28710     0.854902
28711     0.956863
28712     0.964706
28713     0.921569
28714     0.890196
28715     0.800000
28716     0.760784
28717     0.764706
28718     0.752941
28719     0.745098
28720     0.725490
28721     0.678431
28722     0.694118
28723     0.678431
28724     0.670588
28725     0.674510
28726     0.682353
28727     0.686275
28728     0.705882
28729     0.729412
28730     0.709804
28731     0.713726
28732     0.713726
28733     0.709804
28734     0.701961
28735     0.682353
28736     0.666667
28737     0.658824
28738     0.654902
28739     0.658824
28740     0.666667
28741     0.674510
28742     0.670588
28743     0.666667
28744     0.658824
28745     0.650980
28746     0.670588
28747     0.682353
28748     0.686275
28749     0.670588
28750     0.643137
28751     0.627451
28752     0.627451
28753     0.635294
28754     0.647059
28755     0.639216
28756     0.639216
28757     0.647059
28758     0.666667
28759     0.686275
28760     0.690196
28761     0.686275
28762     0.721569
28763     0.729412
28764     0.733333
28765     0.725490
28766     0.705882
28767     0.694118
28768     0.690196
28769     0.690196
28770     0.725490
28771     0.717647
28772     0.717647
28773     0.701961
28774     0.662745
28775     0.627451
28776     0.635294
28777     0.666667
28778     0.725490
28779     0.741176
28780     0.752941
28781     0.749020
28782     0.733333
28783     0.709804
28784     0.698039
28785     0.690196
28786     0.698039
28787     0.721569
28788     0.741176
28789     0.745098
28790     0.733333
28791     0.721569
28792     0.721569
28793     0.729412
28794     0.752941
28795     0.745098
28796     0.737255
28797     0.737255
28798     0.737255
28799     0.733333
28800     0.725490
28801     0.713726
28802     0.717647
28803     0.705882
28804     0.698039
28805     0.698039
28806     0.682353
28807     0.650980
28808     0.635294
28809     0.635294
28810     0.658824
28811     0.658824
28812     0.662745
28813     0.670588
28814     0.682353
28815     0.701961
28816     0.729412
28817     0.749020
28818     0.705882
28819     0.682353
28820     0.647059
28821     0.639216
28822     0.678431
28823     0.725490
28824     0.733333
28825     0.709804
28826     0.725490
28827     0.725490
28828     0.725490
28829     0.796078
28830     0.752941
28831     0.686275
28832     0.631373
28833     0.615686
28834     0.643137
28835     0.686275
28836     0.721569
28837     0.737255
28838     0.717647
28839     0.701961
28840     0.701961
28841     0.709804
28842     0.698039
28843     0.662745
28844     0.631373
28845     0.607843
28846     0.615686
28847     0.619608
28848     0.619608
28849     0.607843
28850     0.607843
28851     0.611765
28852     0.619608
28853     0.674510
28854     0.674510
28855     0.682353
28856     0.690196
28857     0.690196
28858     0.674510
28859     0.650980
28860     0.631373
28861     0.611765
28862     0.623529
28863     0.639216
28864     0.658824
28865     0.682353
28866     0.678431
28867     0.631373
28868     0.576471
28869     0.564706
28870     0.529412
28871     0.505882
28872     0.505882
28873     0.513726
28874     0.517647
28875     0.533333
28876     0.552941
28877     0.592157
28878     0.568627
28879     0.607843
28880     0.623529
28881     0.533333
28882     0.423529
28883     0.360784
28884     0.325490
28885     0.317647
28886     0.388235
28887     0.423529
28888     0.427451
28889     0.431373
28890     0.407843
28891     0.407843
28892     0.447059
28893     0.474510
28894     0.435294
28895     0.419608
28896     0.439216
28897     0.435294
28898     0.372549
28899     0.286275
28900     0.235294
28901     0.207843
28902     0.235294
28903     0.254902
28904     0.239216
28905     0.227451
28906     0.227451
28907     0.231373
28908     0.231373
28909     0.223529
28910     0.235294
28911     0.243137
28912     0.231373
28913     0.211765
28914     0.196078
28915     0.200000
28916     0.207843
28917     0.223529
28918     0.184314
28919     0.196078
28920     0.211765
28921     0.188235
28922     0.180392
28923     0.168627
28924     0.129412
28925     0.156863
28926     0.376471
28927     0.603922
28928     0.666667
28929     0.658824
28930     0.709804
28931     0.741176
28932     0.690196
28933     0.741176
28934     0.725490
28935     0.709804
28936     0.741176
28937     0.843137
28938     0.945098
28939     0.960784
28940     0.921569
28941     0.917647
28942     0.839216
28943     0.792157
28944     0.776471
28945     0.768627
28946     0.780392
28947     0.760784
28948     0.698039
28949     0.709804
28950     0.662745
28951     0.639216
28952     0.650980
28953     0.658824
28954     0.654902
28955     0.678431
28956     0.717647
28957     0.705882
28958     0.709804
28959     0.717647
28960     0.717647
28961     0.709804
28962     0.694118
28963     0.678431
28964     0.670588
28965     0.654902
28966     0.658824
28967     0.662745
28968     0.666667
28969     0.662745
28970     0.654902
28971     0.643137
28972     0.635294
28973     0.670588
28974     0.682353
28975     0.690196
28976     0.674510
28977     0.643137
28978     0.627451
28979     0.627451
28980     0.635294
28981     0.631373
28982     0.627451
28983     0.623529
28984     0.639216
28985     0.662745
28986     0.678431
28987     0.686275
28988     0.682353
28989     0.721569
28990     0.733333
28991     0.741176
28992     0.737255
28993     0.721569
28994     0.698039
28995     0.686275
28996     0.678431
28997     0.705882
28998     0.717647
28999     0.729412
29000     0.713726
29001     0.654902
29002     0.603922
29003     0.623529
29004     0.674510
29005     0.725490
29006     0.741176
29007     0.756863
29008     0.752941
29009     0.737255
29010     0.717647
29011     0.709804
29012     0.705882
29013     0.701961
29014     0.733333
29015     0.764706
29016     0.764706
29017     0.741176
29018     0.721569
29019     0.721569
29020     0.729412
29021     0.737255
29022     0.729412
29023     0.729412
29024     0.733333
29025     0.741176
29026     0.749020
29027     0.745098
29028     0.741176
29029     0.741176
29030     0.725490
29031     0.713726
29032     0.709804
29033     0.690196
29034     0.654902
29035     0.631373
29036     0.631373
29037     0.658824
29038     0.666667
29039     0.674510
29040     0.674510
29041     0.678431
29042     0.694118
29043     0.725490
29044     0.749020
29045     0.725490
29046     0.701961
29047     0.670588
29048     0.666667
29049     0.705882
29050     0.737255
29051     0.725490
29052     0.690196
29053     0.729412
29054     0.729412
29055     0.733333
29056     0.815686
29057     0.776471
29058     0.701961
29059     0.623529
29060     0.580392
29061     0.596078
29062     0.654902
29063     0.705882
29064     0.729412
29065     0.737255
29066     0.725490
29067     0.701961
29068     0.690196
29069     0.686275
29070     0.674510
29071     0.654902
29072     0.650980
29073     0.647059
29074     0.647059
29075     0.647059
29076     0.650980
29077     0.654902
29078     0.650980
29079     0.643137
29080     0.662745
29081     0.647059
29082     0.650980
29083     0.674510
29084     0.705882
29085     0.701961
29086     0.662745
29087     0.619608
29088     0.619608
29089     0.619608
29090     0.619608
29091     0.635294
29092     0.670588
29093     0.686275
29094     0.654902
29095     0.607843
29096     0.521569
29097     0.545098
29098     0.568627
29099     0.560784
29100     0.541176
29101     0.525490
29102     0.533333
29103     0.549020
29104     0.552941
29105     0.572549
29106     0.600000
29107     0.600000
29108     0.529412
29109     0.431373
29110     0.368627
29111     0.356863
29112     0.407843
29113     0.407843
29114     0.411765
29115     0.415686
29116     0.423529
29117     0.431373
29118     0.439216
29119     0.443137
29120     0.439216
29121     0.458824
29122     0.439216
29123     0.415686
29124     0.450980
29125     0.474510
29126     0.356863
29127     0.192157
29128     0.207843
29129     0.200000
29130     0.203922
29131     0.215686
29132     0.219608
29133     0.215686
29134     0.211765
29135     0.215686
29136     0.211765
29137     0.223529
29138     0.223529
29139     0.207843
29140     0.184314
29141     0.176471
29142     0.188235
29143     0.207843
29144     0.200000
29145     0.215686
29146     0.215686
29147     0.184314
29148     0.141176
29149     0.117647
29150     0.125490
29151     0.149020
29152     0.129412
29153     0.274510
29154     0.486275
29155     0.643137
29156     0.705882
29157     0.709804
29158     0.717647
29159     0.741176
29160     0.752941
29161     0.733333
29162     0.705882
29163     0.725490
29164     0.811765
29165     0.913725
29166     0.956863
29167     0.945098
29168     0.913725
29169     0.858824
29170     0.792157
29171     0.756863
29172     0.756863
29173     0.764706
29174     0.752941
29175     0.737255
29176     0.698039
29177     0.670588
29178     0.643137
29179     0.635294
29180     0.631373
29181     0.635294
29182     0.658824
29183     0.686275
29184     0.701961
29185     0.721569
29186     0.741176
29187     0.749020
29188     0.733333
29189     0.709804
29190     0.686275
29191     0.674510
29192     0.631373
29193     0.631373
29194     0.635294
29195     0.643137
29196     0.647059
29197     0.639216
29198     0.623529
29199     0.607843
29200     0.647059
29201     0.682353
29202     0.717647
29203     0.721569
29204     0.690196
29205     0.654902
29206     0.631373
29207     0.627451
29208     0.607843
29209     0.611765
29210     0.619608
29211     0.635294
29212     0.650980
29213     0.666667
29214     0.678431
29215     0.682353
29216     0.713726
29217     0.725490
29218     0.741176
29219     0.737255
29220     0.721569
29221     0.705882
29222     0.698039
29223     0.698039
29224     0.701961
29225     0.713726
29226     0.733333
29227     0.725490
29228     0.686275
29229     0.647059
29230     0.654902
29231     0.686275
29232     0.741176
29233     0.749020
29234     0.756863
29235     0.749020
29236     0.729412
29237     0.709804
29238     0.698039
29239     0.694118
29240     0.717647
29241     0.721569
29242     0.729412
29243     0.737255
29244     0.741176
29245     0.733333
29246     0.721569
29247     0.709804
29248     0.725490
29249     0.725490
29250     0.733333
29251     0.741176
29252     0.749020
29253     0.756863
29254     0.760784
29255     0.764706
29256     0.772549
29257     0.764706
29258     0.741176
29259     0.717647
29260     0.686275
29261     0.662745
29262     0.647059
29263     0.639216
29264     0.654902
29265     0.666667
29266     0.678431
29267     0.678431
29268     0.678431
29269     0.690196
29270     0.717647
29271     0.737255
29272     0.721569
29273     0.717647
29274     0.713726
29275     0.717647
29276     0.725490
29277     0.725490
29278     0.721569
29279     0.713726
29280     0.705882
29281     0.721569
29282     0.741176
29283     0.819608
29284     0.796078
29285     0.745098
29286     0.674510
29287     0.619608
29288     0.607843
29289     0.643137
29290     0.682353
29291     0.721569
29292     0.737255
29293     0.737255
29294     0.721569
29295     0.713726
29296     0.705882
29297     0.690196
29298     0.670588
29299     0.662745
29300     0.654902
29301     0.654902
29302     0.662745
29303     0.678431
29304     0.682353
29305     0.674510
29306     0.662745
29307     0.666667
29308     0.650980
29309     0.643137
29310     0.670588
29311     0.705882
29312     0.709804
29313     0.666667
29314     0.619608
29315     0.623529
29316     0.627451
29317     0.627451
29318     0.639216
29319     0.662745
29320     0.678431
29321     0.654902
29322     0.615686
29323     0.541176
29324     0.556863
29325     0.572549
29326     0.572549
29327     0.556863
29328     0.545098
29329     0.537255
29330     0.541176
29331     0.556863
29332     0.564706
29333     0.588235
29334     0.592157
29335     0.541176
29336     0.458824
29337     0.403922
29338     0.388235
29339     0.392157
29340     0.392157
29341     0.396078
29342     0.400000
29343     0.407843
29344     0.423529
29345     0.435294
29346     0.443137
29347     0.443137
29348     0.474510
29349     0.478431
29350     0.466667
29351     0.509804
29352     0.537255
29353     0.443137
29354     0.301961
29355     0.203922
29356     0.200000
29357     0.203922
29358     0.219608
29359     0.227451
29360     0.215686
29361     0.203922
29362     0.207843
29363     0.200000
29364     0.207843
29365     0.211765
29366     0.203922
29367     0.192157
29368     0.192157
29369     0.203922
29370     0.215686
29371     0.215686
29372     0.211765
29373     0.200000
29374     0.180392
29375     0.164706
29376     0.149020
29377     0.141176
29378     0.137255
29379     0.196078
29380     0.345098
29381     0.529412
29382     0.643137
29383     0.678431
29384     0.690196
29385     0.717647
29386     0.745098
29387     0.737255
29388     0.725490
29389     0.705882
29390     0.713726
29391     0.780392
29392     0.870588
29393     0.929412
29394     0.945098
29395     0.933333
29396     0.882353
29397     0.819608
29398     0.776471
29399     0.764706
29400     0.764706
29401     0.752941
29402     0.741176
29403     0.690196
29404     0.674510
29405     0.662745
29406     0.658824
29407     0.650980
29408     0.643137
29409     0.662745
29410     0.690196
29411     0.713726
29412     0.733333
29413     0.756863
29414     0.764706
29415     0.745098
29416     0.709804
29417     0.678431
29418     0.658824
29419     0.631373
29420     0.631373
29421     0.631373
29422     0.635294
29423     0.639216
29424     0.635294
29425     0.619608
29426     0.607843
29427     0.643137
29428     0.678431
29429     0.717647
29430     0.729412
29431     0.701961
29432     0.670588
29433     0.647059
29434     0.639216
29435     0.611765
29436     0.615686
29437     0.623529
29438     0.631373
29439     0.643137
29440     0.658824
29441     0.678431
29442     0.690196
29443     0.705882
29444     0.729412
29445     0.749020
29446     0.745098
29447     0.721569
29448     0.701961
29449     0.698039
29450     0.705882
29451     0.690196
29452     0.701961
29453     0.717647
29454     0.725490
29455     0.705882
29456     0.682353
29457     0.694118
29458     0.721569
29459     0.725490
29460     0.737255
29461     0.749020
29462     0.745098
29463     0.729412
29464     0.713726
29465     0.705882
29466     0.701961
29467     0.709804
29468     0.713726
29469     0.713726
29470     0.713726
29471     0.709804
29472     0.701961
29473     0.698039
29474     0.694118
29475     0.713726
29476     0.713726
29477     0.717647
29478     0.721569
29479     0.729412
29480     0.737255
29481     0.745098
29482     0.749020
29483     0.749020
29484     0.752941
29485     0.756863
29486     0.752941
29487     0.737255
29488     0.705882
29489     0.666667
29490     0.643137
29491     0.643137
29492     0.650980
29493     0.662745
29494     0.674510
29495     0.682353
29496     0.698039
29497     0.713726
29498     0.725490
29499     0.717647
29500     0.705882
29501     0.694118
29502     0.694118
29503     0.698039
29504     0.705882
29505     0.709804
29506     0.709804
29507     0.690196
29508     0.701961
29509     0.717647
29510     0.819608
29511     0.827451
29512     0.815686
29513     0.764706
29514     0.698039
29515     0.658824
29516     0.658824
29517     0.674510
29518     0.713726
29519     0.737255
29520     0.749020
29521     0.745098
29522     0.741176
29523     0.733333
29524     0.709804
29525     0.686275
29526     0.666667
29527     0.654902
29528     0.650980
29529     0.666667
29530     0.690196
29531     0.705882
29532     0.698039
29533     0.686275
29534     0.674510
29535     0.647059
29536     0.635294
29537     0.666667
29538     0.713726
29539     0.721569
29540     0.682353
29541     0.635294
29542     0.635294
29543     0.643137
29544     0.647059
29545     0.643137
29546     0.650980
29547     0.662745
29548     0.650980
29549     0.631373
29550     0.560784
29551     0.564706
29552     0.572549
29553     0.580392
29554     0.580392
29555     0.572549
29556     0.549020
29557     0.533333
29558     0.549020
29559     0.552941
29560     0.564706
29561     0.568627
29562     0.541176
29563     0.486275
29564     0.439216
29565     0.415686
29566     0.396078
29567     0.392157
29568     0.388235
29569     0.392157
29570     0.403922
29571     0.419608
29572     0.435294
29573     0.447059
29574     0.431373
29575     0.474510
29576     0.490196
29577     0.486275
29578     0.517647
29579     0.549020
29580     0.486275
29581     0.384314
29582     0.219608
29583     0.203922
29584     0.203922
29585     0.223529
29586     0.227451
29587     0.207843
29588     0.196078
29589     0.200000
29590     0.192157
29591     0.192157
29592     0.196078
29593     0.200000
29594     0.207843
29595     0.215686
29596     0.223529
29597     0.227451
29598     0.223529
29599     0.203922
29600     0.184314
29601     0.184314
29602     0.192157
29603     0.184314
29604     0.156863
29605     0.129412
29606     0.219608
29607     0.392157
29608     0.576471
29609     0.658824
29610     0.666667
29611     0.678431
29612     0.709804
29613     0.729412
29614     0.729412
29615     0.733333
29616     0.721569
29617     0.709804
29618     0.741176
29619     0.819608
29620     0.901961
29621     0.949020
29622     0.945098
29623     0.905882
29624     0.847059
29625     0.796078
29626     0.764706
29627     0.749020
29628     0.741176
29629     0.737255
29630     0.666667
29631     0.658824
29632     0.654902
29633     0.650980
29634     0.631373
29635     0.623529
29636     0.647059
29637     0.686275
29638     0.725490
29639     0.745098
29640     0.768627
29641     0.772549
29642     0.749020
29643     0.709804
29644     0.670588
29645     0.647059
29646     0.631373
29647     0.627451
29648     0.619608
29649     0.619608
29650     0.619608
29651     0.611765
29652     0.600000
29653     0.592157
29654     0.619608
29655     0.662745
29656     0.709804
29657     0.725490
29658     0.701961
29659     0.670588
29660     0.647059
29661     0.635294
29662     0.623529
29663     0.635294
29664     0.643137
29665     0.647059
29666     0.647059
29667     0.654902
29668     0.678431
29669     0.698039
29670     0.701961
29671     0.733333
29672     0.756863
29673     0.752941
29674     0.721569
29675     0.698039
29676     0.694118
29677     0.705882
29678     0.674510
29679     0.674510
29680     0.682353
29681     0.698039
29682     0.698039
29683     0.690196
29684     0.698039
29685     0.721569
29686     0.717647
29687     0.729412
29688     0.745098
29689     0.741176
29690     0.729412
29691     0.725490
29692     0.729412
29693     0.737255
29694     0.725490
29695     0.725490
29696     0.713726
29697     0.698039
29698     0.682353
29699     0.674510
29700     0.682353
29701     0.686275
29702     0.709804
29703     0.705882
29704     0.701961
29705     0.698039
29706     0.701961
29707     0.709804
29708     0.717647
29709     0.725490
29710     0.721569
29711     0.737255
29712     0.764706
29713     0.788235
29714     0.796078
29715     0.764706
29716     0.709804
29717     0.670588
29718     0.639216
29719     0.639216
29720     0.643137
29721     0.658824
29722     0.678431
29723     0.694118
29724     0.701961
29725     0.705882
29726     0.729412
29727     0.709804
29728     0.690196
29729     0.678431
29730     0.678431
29731     0.686275
29732     0.694118
29733     0.694118
29734     0.670588
29735     0.678431
29736     0.690196
29737     0.780392
29738     0.815686
29739     0.843137
29740     0.823529
29741     0.764706
29742     0.709804
29743     0.686275
29744     0.690196
29745     0.709804
29746     0.737255
29747     0.756863
29748     0.756863
29749     0.752941
29750     0.749020
29751     0.721569
29752     0.694118
29753     0.666667
29754     0.647059
29755     0.631373
29756     0.643137
29757     0.674510
29758     0.701961
29759     0.709804
29760     0.701961
29761     0.682353
29762     0.647059
29763     0.631373
29764     0.666667
29765     0.721569
29766     0.741176
29767     0.709804
29768     0.666667
29769     0.643137
29770     0.658824
29771     0.662745
29772     0.647059
29773     0.639216
29774     0.647059
29775     0.647059
29776     0.635294
29777     0.576471
29778     0.564706
29779     0.560784
29780     0.576471
29781     0.596078
29782     0.596078
29783     0.568627
29784     0.541176
29785     0.541176
29786     0.537255
29787     0.537255
29788     0.541176
29789     0.529412
29790     0.494118
29791     0.454902
29792     0.423529
29793     0.423529
29794     0.415686
29795     0.407843
29796     0.403922
29797     0.411765
29798     0.427451
29799     0.443137
29800     0.454902
29801     0.439216
29802     0.474510
29803     0.490196
29804     0.474510
29805     0.482353
29806     0.498039
29807     0.466667
29808     0.411765
29809     0.254902
29810     0.219608
29811     0.200000
29812     0.215686
29813     0.219608
29814     0.200000
29815     0.192157
29816     0.207843
29817     0.200000
29818     0.196078
29819     0.196078
29820     0.203922
29821     0.219608
29822     0.231373
29823     0.235294
29824     0.231373
29825     0.211765
29826     0.196078
29827     0.184314
29828     0.192157
29829     0.203922
29830     0.196078
29831     0.160784
29832     0.133333
29833     0.180392
29834     0.380392
29835     0.592157
29836     0.674510
29837     0.678431
29838     0.686275
29839     0.705882
29840     0.709804
29841     0.733333
29842     0.745098
29843     0.745098
29844     0.721569
29845     0.717647
29846     0.772549
29847     0.874510
29848     0.952941
29849     0.933333
29850     0.909804
29851     0.862745
29852     0.807843
29853     0.760784
29854     0.733333
29855     0.721569
29856     0.721569
29857     0.662745
29858     0.650980
29859     0.635294
29860     0.615686
29861     0.588235
29862     0.588235
29863     0.635294
29864     0.694118
29865     0.729412
29866     0.741176
29867     0.756863
29868     0.752941
29869     0.729412
29870     0.694118
29871     0.666667
29872     0.650980
29873     0.643137
29874     0.631373
29875     0.615686
29876     0.603922
29877     0.596078
29878     0.588235
29879     0.576471
29880     0.568627
29881     0.600000
29882     0.639216
29883     0.686275
29884     0.701961
29885     0.682353
29886     0.650980
29887     0.627451
29888     0.619608
29889     0.654902
29890     0.670588
29891     0.686275
29892     0.686275
29893     0.674510
29894     0.670588
29895     0.678431
29896     0.690196
29897     0.705882
29898     0.737255
29899     0.760784
29900     0.749020
29901     0.709804
29902     0.682353
29903     0.678431
29904     0.690196
29905     0.686275
29906     0.670588
29907     0.666667
29908     0.678431
29909     0.686275
29910     0.682353
29911     0.686275
29912     0.698039
29913     0.725490
29914     0.737255
29915     0.741176
29916     0.737255
29917     0.725490
29918     0.733333
29919     0.756863
29920     0.784314
29921     0.760784
29922     0.756863
29923     0.741176
29924     0.709804
29925     0.678431
29926     0.670588
29927     0.686275
29928     0.701961
29929     0.721569
29930     0.713726
29931     0.698039
29932     0.686275
29933     0.682353
29934     0.686275
29935     0.694118
29936     0.698039
29937     0.698039
29938     0.709804
29939     0.741176
29940     0.776471
29941     0.800000
29942     0.792157
29943     0.752941
29944     0.717647
29945     0.666667
29946     0.650980
29947     0.635294
29948     0.643137
29949     0.662745
29950     0.682353
29951     0.690196
29952     0.686275
29953     0.733333
29954     0.717647
29955     0.694118
29956     0.682353
29957     0.682353
29958     0.682353
29959     0.682353
29960     0.678431
29961     0.658824
29962     0.662745
29963     0.666667
29964     0.709804
29965     0.760784
29966     0.815686
29967     0.823529
29968     0.792157
29969     0.749020
29970     0.729412
29971     0.725490
29972     0.721569
29973     0.741176
29974     0.756863
29975     0.749020
29976     0.745098
29977     0.741176
29978     0.721569
29979     0.698039
29980     0.682353
29981     0.654902
29982     0.623529
29983     0.623529
29984     0.650980
29985     0.686275
29986     0.709804
29987     0.717647
29988     0.682353
29989     0.654902
29990     0.635294
29991     0.666667
29992     0.721569
29993     0.749020
29994     0.729412
29995     0.694118
29996     0.654902
29997     0.670588
29998     0.670588
29999     0.647059
30000     0.631373
30001     0.635294
30002     0.639216
30003     0.631373
30004     0.580392
30005     0.556863
30006     0.541176
30007     0.556863
30008     0.592157
30009     0.600000
30010     0.576471
30011     0.549020
30012     0.541176
30013     0.537255
30014     0.529412
30015     0.525490
30016     0.521569
30017     0.501961
30018     0.462745
30019     0.427451
30020     0.447059
30021     0.439216
30022     0.423529
30023     0.415686
30024     0.415686
30025     0.423529
30026     0.439216
30027     0.447059
30028     0.458824
30029     0.482353
30030     0.490196
30031     0.466667
30032     0.450980
30033     0.454902
30034     0.450980
30035     0.439216
30036     0.313726
30037     0.250980
30038     0.203922
30039     0.203922
30040     0.207843
30041     0.188235
30042     0.196078
30043     0.223529
30044     0.211765
30045     0.207843
30046     0.207843
30047     0.215686
30048     0.227451
30049     0.231373
30050     0.231373
30051     0.223529
30052     0.192157
30053     0.196078
30054     0.200000
30055     0.200000
30056     0.196078
30057     0.180392
30058     0.160784
30059     0.149020
30060     0.176471
30061     0.360784
30062     0.564706
30063     0.666667
30064     0.682353
30065     0.694118
30066     0.709804
30067     0.717647
30068     0.733333
30069     0.749020
30070     0.749020
30071     0.721569
30072     0.698039
30073     0.737255
30074     0.839216
30075     0.933333
30076     0.921569
30077     0.909804
30078     0.874510
30079     0.827451
30080     0.780392
30081     0.745098
30082     0.729412
30083     0.725490
30084     0.690196
30085     0.662745
30086     0.623529
30087     0.584314
30088     0.556863
30089     0.572549
30090     0.639216
30091     0.709804
30092     0.725490
30093     0.729412
30094     0.729412
30095     0.721569
30096     0.698039
30097     0.682353
30098     0.670588
30099     0.666667
30100     0.674510
30101     0.654902
30102     0.627451
30103     0.603922
30104     0.592157
30105     0.584314
30106     0.572549
30107     0.564706
30108     0.596078
30109     0.631373
30110     0.670588
30111     0.682353
30112     0.662745
30113     0.635294
30114     0.623529
30115     0.623529
30116     0.698039
30117     0.717647
30118     0.733333
30119     0.729412
30120     0.713726
30121     0.694118
30122     0.678431
30123     0.678431
30124     0.709804
30125     0.733333
30126     0.745098
30127     0.729412
30128     0.694118
30129     0.662745
30130     0.658824
30131     0.670588
30132     0.701961
30133     0.678431
30134     0.666667
30135     0.678431
30136     0.686275
30137     0.686275
30138     0.690196
30139     0.698039
30140     0.729412
30141     0.733333
30142     0.729412
30143     0.713726
30144     0.701961
30145     0.717647
30146     0.760784
30147     0.800000
30148     0.788235
30149     0.788235
30150     0.772549
30151     0.729412
30152     0.686275
30153     0.670588
30154     0.690196
30155     0.713726
30156     0.737255
30157     0.725490
30158     0.705882
30159     0.690196
30160     0.678431
30161     0.674510
30162     0.674510
30163     0.678431
30164     0.674510
30165     0.674510
30166     0.686275
30167     0.709804
30168     0.737255
30169     0.752941
30170     0.756863
30171     0.749020
30172     0.709804
30173     0.682353
30174     0.647059
30175     0.635294
30176     0.643137
30177     0.662745
30178     0.670588
30179     0.674510
30180     0.690196
30181     0.682353
30182     0.678431
30183     0.682353
30184     0.690196
30185     0.690196
30186     0.690196
30187     0.682353
30188     0.666667
30189     0.666667
30190     0.662745
30191     0.682353
30192     0.725490
30193     0.780392
30194     0.807843
30195     0.807843
30196     0.796078
30197     0.792157
30198     0.792157
30199     0.752941
30200     0.760784
30201     0.752941
30202     0.733333
30203     0.721569
30204     0.721569
30205     0.713726
30206     0.698039
30207     0.701961
30208     0.678431
30209     0.647059
30210     0.631373
30211     0.643137
30212     0.674510
30213     0.709804
30214     0.729412
30215     0.690196
30216     0.662745
30217     0.647059
30218     0.666667
30219     0.709804
30220     0.733333
30221     0.721569
30222     0.701961
30223     0.662745
30224     0.674510
30225     0.670588
30226     0.647059
30227     0.631373
30228     0.631373
30229     0.627451
30230     0.615686
30231     0.584314
30232     0.549020
30233     0.521569
30234     0.529412
30235     0.560784
30236     0.580392
30237     0.572549
30238     0.552941
30239     0.541176
30240     0.545098
30241     0.537255
30242     0.525490
30243     0.517647
30244     0.505882
30245     0.470588
30246     0.435294
30247     0.450980
30248     0.443137
30249     0.427451
30250     0.419608
30251     0.415686
30252     0.419608
30253     0.423529
30254     0.431373
30255     0.443137
30256     0.458824
30257     0.466667
30258     0.454902
30259     0.435294
30260     0.431373
30261     0.439216
30262     0.450980
30263     0.368627
30264     0.282353
30265     0.215686
30266     0.207843
30267     0.203922
30268     0.184314
30269     0.196078
30270     0.231373
30271     0.211765
30272     0.215686
30273     0.219608
30274     0.219608
30275     0.219608
30276     0.215686
30277     0.215686
30278     0.215686
30279     0.184314
30280     0.200000
30281     0.211765
30282     0.207843
30283     0.188235
30284     0.172549
30285     0.164706
30286     0.160784
30287     0.211765
30288     0.341176
30289     0.513726
30290     0.631373
30291     0.674510
30292     0.690196
30293     0.717647
30294     0.745098
30295     0.725490
30296     0.737255
30297     0.741176
30298     0.721569
30299     0.694118
30300     0.709804
30301     0.796078
30302     0.886275
30303     0.913725
30304     0.909804
30305     0.894118
30306     0.862745
30307     0.823529
30308     0.788235
30309     0.760784
30310     0.749020
30311     0.705882
30312     0.666667
30313     0.615686
30314     0.572549
30315     0.549020
30316     0.568627
30317     0.631373
30318     0.698039
30319     0.725490
30320     0.725490
30321     0.717647
30322     0.705882
30323     0.686275
30324     0.678431
30325     0.678431
30326     0.682353
30327     0.701961
30328     0.678431
30329     0.647059
30330     0.619608
30331     0.603922
30332     0.600000
30333     0.592157
30334     0.588235
30335     0.611765
30336     0.639216
30337     0.666667
30338     0.670588
30339     0.654902
30340     0.643137
30341     0.647059
30342     0.654902
30343     0.737255
30344     0.745098
30345     0.749020
30346     0.749020
30347     0.737255
30348     0.713726
30349     0.686275
30350     0.670588
30351     0.701961
30352     0.709804
30353     0.709804
30354     0.694118
30355     0.666667
30356     0.650980
30357     0.647059
30358     0.650980
30359     0.670588
30360     0.650980
30361     0.643137
30362     0.654902
30363     0.666667
30364     0.670588
30365     0.686275
30366     0.701961
30367     0.709804
30368     0.717647
30369     0.713726
30370     0.694118
30371     0.674510
30372     0.686275
30373     0.733333
30374     0.776471
30375     0.788235
30376     0.796078
30377     0.788235
30378     0.745098
30379     0.690196
30380     0.662745
30381     0.678431
30382     0.705882
30383     0.745098
30384     0.733333
30385     0.713726
30386     0.698039
30387     0.682353
30388     0.674510
30389     0.674510
30390     0.674510
30391     0.658824
30392     0.650980
30393     0.643137
30394     0.639216
30395     0.654902
30396     0.686275
30397     0.717647
30398     0.737255
30399     0.741176
30400     0.713726
30401     0.678431
30402     0.650980
30403     0.643137
30404     0.650980
30405     0.662745
30406     0.666667
30407     0.631373
30408     0.631373
30409     0.643137
30410     0.662745
30411     0.686275
30412     0.705882
30413     0.709804
30414     0.709804
30415     0.686275
30416     0.678431
30417     0.670588
30418     0.682353
30419     0.701961
30420     0.737255
30421     0.768627
30422     0.796078
30423     0.811765
30424     0.827451
30425     0.835294
30426     0.792157
30427     0.784314
30428     0.752941
30429     0.713726
30430     0.694118
30431     0.701961
30432     0.705882
30433     0.701961
30434     0.705882
30435     0.694118
30436     0.674510
30437     0.650980
30438     0.643137
30439     0.658824
30440     0.690196
30441     0.717647
30442     0.698039
30443     0.678431
30444     0.658824
30445     0.662745
30446     0.682353
30447     0.698039
30448     0.694118
30449     0.686275
30450     0.670588
30451     0.674510
30452     0.666667
30453     0.647059
30454     0.631373
30455     0.631373
30456     0.615686
30457     0.592157
30458     0.592157
30459     0.549020
30460     0.505882
30461     0.498039
30462     0.521569
30463     0.545098
30464     0.552941
30465     0.545098
30466     0.525490
30467     0.537255
30468     0.537255
30469     0.517647
30470     0.505882
30471     0.501961
30472     0.474510
30473     0.439216
30474     0.443137
30475     0.435294
30476     0.427451
30477     0.423529
30478     0.419608
30479     0.419608
30480     0.423529
30481     0.427451
30482     0.415686
30483     0.431373
30484     0.454902
30485     0.462745
30486     0.443137
30487     0.423529
30488     0.431373
30489     0.447059
30490     0.407843
30491     0.309804
30492     0.235294
30493     0.227451
30494     0.219608
30495     0.188235
30496     0.192157
30497     0.227451
30498     0.192157
30499     0.207843
30500     0.219608
30501     0.215686
30502     0.203922
30503     0.196078
30504     0.200000
30505     0.203922
30506     0.200000
30507     0.207843
30508     0.215686
30509     0.211765
30510     0.196078
30511     0.176471
30512     0.168627
30513     0.168627
30514     0.207843
30515     0.290196
30516     0.447059
30517     0.603922
30518     0.686275
30519     0.694118
30520     0.709804
30521     0.745098
30522     0.733333
30523     0.733333
30524     0.737255
30525     0.729412
30526     0.705882
30527     0.709804
30528     0.772549
30529     0.847059
30530     0.901961
30531     0.901961
30532     0.898039
30533     0.890196
30534     0.866667
30535     0.835294
30536     0.800000
30537     0.776471
30538     0.729412
30539     0.694118
30540     0.650980
30541     0.623529
30542     0.607843
30543     0.611765
30544     0.647059
30545     0.690196
30546     0.737255
30547     0.737255
30548     0.729412
30549     0.717647
30550     0.698039
30551     0.686275
30552     0.686275
30553     0.686275
30554     0.705882
30555     0.678431
30556     0.647059
30557     0.619608
30558     0.611765
30559     0.611765
30560     0.615686
30561     0.615686
30562     0.615686
30563     0.635294
30564     0.654902
30565     0.654902
30566     0.647059
30567     0.654902
30568     0.678431
30569     0.701961
30570     0.760784
30571     0.745098
30572     0.733333
30573     0.733333
30574     0.733333
30575     0.721569
30576     0.694118
30577     0.674510
30578     0.682353
30579     0.674510
30580     0.662745
30581     0.654902
30582     0.647059
30583     0.647059
30584     0.647059
30585     0.647059
30586     0.643137
30587     0.627451
30588     0.623529
30589     0.631373
30590     0.639216
30591     0.647059
30592     0.670588
30593     0.698039
30594     0.690196
30595     0.705882
30596     0.713726
30597     0.698039
30598     0.670588
30599     0.670588
30600     0.701961
30601     0.733333
30602     0.776471
30603     0.796078
30604     0.800000
30605     0.756863
30606     0.694118
30607     0.658824
30608     0.670588
30609     0.698039
30610     0.729412
30611     0.725490
30612     0.713726
30613     0.701961
30614     0.694118
30615     0.686275
30616     0.682353
30617     0.682353
30618     0.666667
30619     0.658824
30620     0.643137
30621     0.623529
30622     0.611765
30623     0.631373
30624     0.674510
30625     0.709804
30626     0.745098
30627     0.733333
30628     0.709804
30629     0.682353
30630     0.658824
30631     0.650980
30632     0.658824
30633     0.666667
30634     0.615686
30635     0.619608
30636     0.627451
30637     0.650980
30638     0.682353
30639     0.709804
30640     0.725490
30641     0.733333
30642     0.701961
30643     0.690196
30644     0.674510
30645     0.662745
30646     0.666667
30647     0.682353
30648     0.713726
30649     0.749020
30650     0.788235
30651     0.811765
30652     0.823529
30653     0.819608
30654     0.803922
30655     0.756863
30656     0.701961
30657     0.678431
30658     0.690196
30659     0.701961
30660     0.705882
30661     0.694118
30662     0.694118
30663     0.686275
30664     0.666667
30665     0.643137
30666     0.643137
30667     0.670588
30668     0.694118
30669     0.705882
30670     0.690196
30671     0.670588
30672     0.658824
30673     0.662745
30674     0.666667
30675     0.666667
30676     0.666667
30677     0.670588
30678     0.674510
30679     0.662745
30680     0.643137
30681     0.635294
30682     0.631373
30683     0.607843
30684     0.580392
30685     0.600000
30686     0.556863
30687     0.501961
30688     0.478431
30689     0.494118
30690     0.517647
30691     0.533333
30692     0.533333
30693     0.498039
30694     0.521569
30695     0.529412
30696     0.509804
30697     0.494118
30698     0.490196
30699     0.466667
30700     0.435294
30701     0.435294
30702     0.435294
30703     0.431373
30704     0.431373
30705     0.427451
30706     0.431373
30707     0.431373
30708     0.431373
30709     0.419608
30710     0.439216
30711     0.474510
30712     0.494118
30713     0.474510
30714     0.443137
30715     0.435294
30716     0.447059
30717     0.423529
30718     0.325490
30719     0.250980
30720     0.243137
30721     0.235294
30722     0.196078
30723     0.192157
30724     0.223529
30725     0.176471
30726     0.196078
30727     0.215686
30728     0.211765
30729     0.192157
30730     0.180392
30731     0.188235
30732     0.200000
30733     0.219608
30734     0.219608
30735     0.215686
30736     0.211765
30737     0.203922
30738     0.192157
30739     0.180392
30740     0.168627
30741     0.156863
30742     0.223529
30743     0.396078
30744     0.603922
30745     0.709804
30746     0.705882
30747     0.694118
30748     0.721569
30749     0.749020
30750     0.741176
30751     0.741176
30752     0.741176
30753     0.725490
30754     0.721569
30755     0.768627
30756     0.831373
30757     0.886275
30758     0.890196
30759     0.894118
30760     0.898039
30761     0.886275
30762     0.858824
30763     0.815686
30764     0.784314
30765     0.772549
30766     0.741176
30767     0.717647
30768     0.705882
30769     0.694118
30770     0.682353
30771     0.694118
30772     0.713726
30773     0.745098
30774     0.749020
30775     0.749020
30776     0.737255
30777     0.717647
30778     0.698039
30779     0.690196
30780     0.686275
30781     0.686275
30782     0.662745
30783     0.631373
30784     0.607843
30785     0.603922
30786     0.611765
30787     0.623529
30788     0.627451
30789     0.611765
30790     0.627451
30791     0.639216
30792     0.639216
30793     0.639216
30794     0.658824
30795     0.698039
30796     0.729412
30797     0.768627
30798     0.737255
30799     0.709804
30800     0.705882
30801     0.717647
30802     0.721569
30803     0.701961
30804     0.682353
30805     0.666667
30806     0.647059
30807     0.631373
30808     0.627451
30809     0.635294
30810     0.647059
30811     0.650980
30812     0.647059
30813     0.654902
30814     0.643137
30815     0.635294
30816     0.639216
30817     0.639216
30818     0.643137
30819     0.670588
30820     0.701961
30821     0.678431
30822     0.705882
30823     0.725490
30824     0.713726
30825     0.682353
30826     0.666667
30827     0.682353
30828     0.705882
30829     0.772549
30830     0.800000
30831     0.807843
30832     0.768627
30833     0.701961
30834     0.662745
30835     0.670588
30836     0.694118
30837     0.713726
30838     0.713726
30839     0.709804
30840     0.705882
30841     0.701961
30842     0.698039
30843     0.694118
30844     0.690196
30845     0.682353
30846     0.682353
30847     0.670588
30848     0.639216
30849     0.607843
30850     0.611765
30851     0.650980
30852     0.690196
30853     0.733333
30854     0.737255
30855     0.729412
30856     0.705882
30857     0.678431
30858     0.658824
30859     0.658824
30860     0.662745
30861     0.643137
30862     0.639216
30863     0.635294
30864     0.650980
30865     0.678431
30866     0.709804
30867     0.733333
30868     0.741176
30869     0.709804
30870     0.694118
30871     0.682353
30872     0.666667
30873     0.635294
30874     0.611765
30875     0.631373
30876     0.690196
30877     0.760784
30878     0.807843
30879     0.827451
30880     0.831373
30881     0.800000
30882     0.752941
30883     0.698039
30884     0.662745
30885     0.662745
30886     0.686275
30887     0.709804
30888     0.709804
30889     0.705882
30890     0.694118
30891     0.670588
30892     0.643137
30893     0.627451
30894     0.627451
30895     0.635294
30896     0.686275
30897     0.682353
30898     0.674510
30899     0.666667
30900     0.654902
30901     0.658824
30902     0.666667
30903     0.674510
30904     0.694118
30905     0.674510
30906     0.654902
30907     0.647059
30908     0.647059
30909     0.635294
30910     0.607843
30911     0.580392
30912     0.568627
30913     0.549020
30914     0.505882
30915     0.466667
30916     0.466667
30917     0.501961
30918     0.521569
30919     0.521569
30920     0.521569
30921     0.525490
30922     0.521569
30923     0.509804
30924     0.490196
30925     0.458824
30926     0.427451
30927     0.407843
30928     0.407843
30929     0.415686
30930     0.427451
30931     0.439216
30932     0.443137
30933     0.439216
30934     0.439216
30935     0.435294
30936     0.439216
30937     0.454902
30938     0.470588
30939     0.470588
30940     0.466667
30941     0.462745
30942     0.466667
30943     0.474510
30944     0.423529
30945     0.419608
30946     0.352941
30947     0.250980
30948     0.211765
30949     0.235294
30950     0.227451
30951     0.176471
30952     0.168627
30953     0.196078
30954     0.223529
30955     0.223529
30956     0.211765
30957     0.200000
30958     0.188235
30959     0.180392
30960     0.219608
30961     0.223529
30962     0.207843
30963     0.184314
30964     0.168627
30965     0.172549
30966     0.180392
30967     0.184314
30968     0.172549
30969     0.129412
30970     0.250980
30971     0.486275
30972     0.635294
30973     0.686275
30974     0.721569
30975     0.745098
30976     0.721569
30977     0.749020
30978     0.749020
30979     0.725490
30980     0.721569
30981     0.749020
30982     0.772549
30983     0.776471
30984     0.827451
30985     0.831373
30986     0.835294
30987     0.839216
30988     0.835294
30989     0.827451
30990     0.815686
30991     0.807843
30992     0.772549
30993     0.776471
30994     0.780392
30995     0.780392
30996     0.784314
30997     0.784314
30998     0.784314
30999     0.784314
31000     0.796078
31001     0.800000
31002     0.800000
31003     0.788235
31004     0.764706
31005     0.737255
31006     0.717647
31007     0.705882
31008     0.674510
31009     0.662745
31010     0.647059
31011     0.631373
31012     0.623529
31013     0.623529
31014     0.631373
31015     0.635294
31016     0.627451
31017     0.619608
31018     0.623529
31019     0.647059
31020     0.670588
31021     0.690196
31022     0.725490
31023     0.764706
31024     0.749020
31025     0.733333
31026     0.717647
31027     0.717647
31028     0.733333
31029     0.733333
31030     0.721569
31031     0.701961
31032     0.678431
31033     0.623529
31034     0.568627
31035     0.568627
31036     0.615686
31037     0.654902
31038     0.654902
31039     0.635294
31040     0.639216
31041     0.650980
31042     0.658824
31043     0.650980
31044     0.639216
31045     0.631373
31046     0.635294
31047     0.643137
31048     0.674510
31049     0.690196
31050     0.705882
31051     0.698039
31052     0.674510
31053     0.658824
31054     0.662745
31055     0.670588
31056     0.764706
31057     0.768627
31058     0.768627
31059     0.745098
31060     0.709804
31061     0.682353
31062     0.666667
31063     0.666667
31064     0.682353
31065     0.694118
31066     0.701961
31067     0.698039
31068     0.690196
31069     0.690196
31070     0.698039
31071     0.709804
31072     0.721569
31073     0.725490
31074     0.713726
31075     0.678431
31076     0.635294
31077     0.619608
31078     0.635294
31079     0.658824
31080     0.678431
31081     0.705882
31082     0.737255
31083     0.745098
31084     0.729412
31085     0.698039
31086     0.674510
31087     0.662745
31088     0.619608
31089     0.623529
31090     0.631373
31091     0.650980
31092     0.674510
31093     0.698039
31094     0.709804
31095     0.713726
31096     0.717647
31097     0.709804
31098     0.694118
31099     0.647059
31100     0.631373
31101     0.619608
31102     0.647059
31103     0.698039
31104     0.756863
31105     0.792157
31106     0.803922
31107     0.819608
31108     0.792157
31109     0.749020
31110     0.701961
31111     0.674510
31112     0.666667
31113     0.678431
31114     0.690196
31115     0.705882
31116     0.701961
31117     0.694118
31118     0.674510
31119     0.650980
31120     0.635294
31121     0.631373
31122     0.631373
31123     0.662745
31124     0.666667
31125     0.666667
31126     0.658824
31127     0.650980
31128     0.654902
31129     0.674510
31130     0.690196
31131     0.709804
31132     0.694118
31133     0.682353
31134     0.682353
31135     0.682353
31136     0.666667
31137     0.635294
31138     0.611765
31139     0.584314
31140     0.549020
31141     0.505882
31142     0.482353
31143     0.486275
31144     0.498039
31145     0.505882
31146     0.509804
31147     0.545098
31148     0.545098
31149     0.545098
31150     0.529412
31151     0.498039
31152     0.454902
31153     0.415686
31154     0.388235
31155     0.423529
31156     0.431373
31157     0.435294
31158     0.431373
31159     0.427451
31160     0.427451
31161     0.439216
31162     0.450980
31163     0.443137
31164     0.439216
31165     0.439216
31166     0.439216
31167     0.443137
31168     0.454902
31169     0.466667
31170     0.478431
31171     0.470588
31172     0.411765
31173     0.341176
31174     0.282353
31175     0.239216
31176     0.207843
31177     0.196078
31178     0.196078
31179     0.211765
31180     0.223529
31181     0.231373
31182     0.223529
31183     0.211765
31184     0.200000
31185     0.196078
31186     0.196078
31187     0.219608
31188     0.215686
31189     0.200000
31190     0.176471
31191     0.160784
31192     0.164706
31193     0.180392
31194     0.192157
31195     0.188235
31196     0.137255
31197     0.164706
31198     0.290196
31199     0.450980
31200     0.611765
31201     0.694118
31202     0.674510
31203     0.733333
31204     0.741176
31205     0.737255
31206     0.713726
31207     0.698039
31208     0.713726
31209     0.745098
31210     0.768627
31211     0.784314
31212     0.788235
31213     0.792157
31214     0.796078
31215     0.796078
31216     0.792157
31217     0.788235
31218     0.784314
31219     0.792157
31220     0.780392
31221     0.772549
31222     0.780392
31223     0.800000
31224     0.823529
31225     0.843137
31226     0.850980
31227     0.847059
31228     0.847059
31229     0.850980
31230     0.847059
31231     0.827451
31232     0.788235
31233     0.745098
31234     0.713726
31235     0.674510
31236     0.666667
31237     0.658824
31238     0.647059
31239     0.635294
31240     0.631373
31241     0.631373
31242     0.631373
31243     0.654902
31244     0.639216
31245     0.635294
31246     0.654902
31247     0.670588
31248     0.682353
31249     0.698039
31250     0.717647
31251     0.745098
31252     0.741176
31253     0.733333
31254     0.737255
31255     0.741176
31256     0.737255
31257     0.725490
31258     0.713726
31259     0.717647
31260     0.662745
31261     0.603922
31262     0.588235
31263     0.611765
31264     0.635294
31265     0.635294
31266     0.623529
31267     0.639216
31268     0.650980
31269     0.658824
31270     0.658824
31271     0.647059
31272     0.639216
31273     0.643137
31274     0.647059
31275     0.674510
31276     0.686275
31277     0.698039
31278     0.698039
31279     0.686275
31280     0.670588
31281     0.662745
31282     0.662745
31283     0.678431
31284     0.682353
31285     0.686275
31286     0.682353
31287     0.666667
31288     0.654902
31289     0.650980
31290     0.650980
31291     0.662745
31292     0.670588
31293     0.682353
31294     0.682353
31295     0.678431
31296     0.682353
31297     0.698039
31298     0.709804
31299     0.737255
31300     0.745098
31301     0.737255
31302     0.705882
31303     0.666667
31304     0.647059
31305     0.654902
31306     0.674510
31307     0.682353
31308     0.701961
31309     0.729412
31310     0.741176
31311     0.729412
31312     0.705882
31313     0.682353
31314     0.666667
31315     0.654902
31316     0.658824
31317     0.666667
31318     0.678431
31319     0.690196
31320     0.698039
31321     0.701961
31322     0.701961
31323     0.698039
31324     0.705882
31325     0.721569
31326     0.662745
31327     0.639216
31328     0.623529
31329     0.631373
31330     0.674510
31331     0.725490
31332     0.768627
31333     0.788235
31334     0.792157
31335     0.772549
31336     0.745098
31337     0.717647
31338     0.698039
31339     0.686275
31340     0.678431
31341     0.670588
31342     0.690196
31343     0.686275
31344     0.682353
31345     0.670588
31346     0.658824
31347     0.643137
31348     0.631373
31349     0.623529
31350     0.635294
31351     0.647059
31352     0.658824
31353     0.654902
31354     0.647059
31355     0.658824
31356     0.690196
31357     0.717647
31358     0.725490
31359     0.717647
31360     0.709804
31361     0.709804
31362     0.709804
31363     0.698039
31364     0.674510
31365     0.654902
31366     0.607843
31367     0.549020
31368     0.509804
31369     0.513726
31370     0.517647
31371     0.498039
31372     0.490196
31373     0.501961
31374     0.541176
31375     0.545098
31376     0.545098
31377     0.533333
31378     0.501961
31379     0.462745
31380     0.423529
31381     0.400000
31382     0.447059
31383     0.450980
31384     0.450980
31385     0.431373
31386     0.411765
31387     0.411765
31388     0.435294
31389     0.462745
31390     0.454902
31391     0.435294
31392     0.411765
31393     0.411765
31394     0.431373
31395     0.458824
31396     0.478431
31397     0.486275
31398     0.490196
31399     0.380392
31400     0.305882
31401     0.301961
31402     0.262745
31403     0.184314
31404     0.168627
31405     0.215686
31406     0.231373
31407     0.227451
31408     0.223529
31409     0.211765
31410     0.200000
31411     0.196078
31412     0.200000
31413     0.207843
31414     0.211765
31415     0.203922
31416     0.188235
31417     0.172549
31418     0.160784
31419     0.160784
31420     0.176471
31421     0.192157
31422     0.200000
31423     0.164706
31424     0.125490
31425     0.137255
31426     0.298039
31427     0.564706
31428     0.701961
31429     0.658824
31430     0.733333
31431     0.729412
31432     0.729412
31433     0.729412
31434     0.721569
31435     0.717647
31436     0.737255
31437     0.764706
31438     0.772549
31439     0.772549
31440     0.776471
31441     0.780392
31442     0.784314
31443     0.788235
31444     0.788235
31445     0.792157
31446     0.792157
31447     0.780392
31448     0.772549
31449     0.796078
31450     0.835294
31451     0.866667
31452     0.878431
31453     0.874510
31454     0.854902
31455     0.854902
31456     0.862745
31457     0.870588
31458     0.866667
31459     0.827451
31460     0.764706
31461     0.713726
31462     0.686275
31463     0.686275
31464     0.678431
31465     0.670588
31466     0.662745
31467     0.654902
31468     0.650980
31469     0.647059
31470     0.678431
31471     0.650980
31472     0.639216
31473     0.658824
31474     0.678431
31475     0.678431
31476     0.670588
31477     0.666667
31478     0.709804
31479     0.721569
31480     0.737255
31481     0.745098
31482     0.745098
31483     0.741176
31484     0.741176
31485     0.741176
31486     0.752941
31487     0.705882
31488     0.647059
31489     0.611765
31490     0.607843
31491     0.611765
31492     0.607843
31493     0.600000
31494     0.631373
31495     0.643137
31496     0.654902
31497     0.658824
31498     0.658824
31499     0.654902
31500     0.654902
31501     0.658824
31502     0.682353
31503     0.682353
31504     0.686275
31505     0.690196
31506     0.690196
31507     0.682353
31508     0.666667
31509     0.650980
31510     0.639216
31511     0.635294
31512     0.639216
31513     0.647059
31514     0.658824
31515     0.662745
31516     0.658824
31517     0.654902
31518     0.643137
31519     0.650980
31520     0.654902
31521     0.658824
31522     0.662745
31523     0.674510
31524     0.690196
31525     0.701961
31526     0.725490
31527     0.737255
31528     0.741176
31529     0.721569
31530     0.694118
31531     0.674510
31532     0.682353
31533     0.694118
31534     0.686275
31535     0.690196
31536     0.701961
31537     0.713726
31538     0.717647
31539     0.709804
31540     0.694118
31541     0.682353
31542     0.698039
31543     0.701961
31544     0.701961
31545     0.705882
31546     0.701961
31547     0.698039
31548     0.694118
31549     0.690196
31550     0.682353
31551     0.713726
31552     0.756863
31553     0.705882
31554     0.670588
31555     0.627451
31556     0.603922
31557     0.623529
31558     0.678431
31559     0.737255
31560     0.776471
31561     0.764706
31562     0.752941
31563     0.745098
31564     0.741176
31565     0.733333
31566     0.717647
31567     0.698039
31568     0.682353
31569     0.678431
31570     0.666667
31571     0.658824
31572     0.654902
31573     0.650980
31574     0.639216
31575     0.623529
31576     0.607843
31577     0.615686
31578     0.631373
31579     0.647059
31580     0.647059
31581     0.647059
31582     0.662745
31583     0.705882
31584     0.737255
31585     0.733333
31586     0.725490
31587     0.713726
31588     0.713726
31589     0.717647
31590     0.717647
31591     0.705882
31592     0.698039
31593     0.631373
31594     0.552941
31595     0.513726
31596     0.537255
31597     0.549020
31598     0.513726
31599     0.494118
31600     0.505882
31601     0.509804
31602     0.509804
31603     0.513726
31604     0.505882
31605     0.494118
31606     0.474510
31607     0.450980
31608     0.439216
31609     0.458824
31610     0.470588
31611     0.470588
31612     0.447059
31613     0.415686
31614     0.403922
31615     0.427451
31616     0.454902
31617     0.470588
31618     0.439216
31619     0.407843
31620     0.411765
31621     0.447059
31622     0.482353
31623     0.498039
31624     0.494118
31625     0.458824
31626     0.349020
31627     0.282353
31628     0.286275
31629     0.262745
31630     0.192157
31631     0.176471
31632     0.219608
31633     0.215686
31634     0.203922
31635     0.200000
31636     0.200000
31637     0.196078
31638     0.188235
31639     0.192157
31640     0.207843
31641     0.196078
31642     0.188235
31643     0.188235
31644     0.188235
31645     0.180392
31646     0.164706
31647     0.168627
31648     0.184314
31649     0.176471
31650     0.172549
31651     0.145098
31652     0.117647
31653     0.235294
31654     0.509804
31655     0.694118
31656     0.694118
31657     0.721569
31658     0.701961
31659     0.705882
31660     0.737255
31661     0.749020
31662     0.737255
31663     0.737255
31664     0.752941
31665     0.780392
31666     0.780392
31667     0.780392
31668     0.780392
31669     0.784314
31670     0.788235
31671     0.792157
31672     0.796078
31673     0.768627
31674     0.764706
31675     0.776471
31676     0.819608
31677     0.866667
31678     0.886275
31679     0.870588
31680     0.843137
31681     0.847059
31682     0.839216
31683     0.843137
31684     0.866667
31685     0.882353
31686     0.854902
31687     0.792157
31688     0.737255
31689     0.713726
31690     0.709804
31691     0.701961
31692     0.694118
31693     0.690196
31694     0.686275
31695     0.690196
31696     0.690196
31697     0.686275
31698     0.650980
31699     0.639216
31700     0.662745
31701     0.690196
31702     0.682353
31703     0.650980
31704     0.631373
31705     0.643137
31706     0.674510
31707     0.709804
31708     0.729412
31709     0.733333
31710     0.737255
31711     0.752941
31712     0.764706
31713     0.752941
31714     0.721569
31715     0.678431
31716     0.643137
31717     0.623529
31718     0.607843
31719     0.596078
31720     0.588235
31721     0.615686
31722     0.623529
31723     0.639216
31724     0.650980
31725     0.658824
31726     0.666667
31727     0.670588
31728     0.674510
31729     0.694118
31730     0.674510
31731     0.658824
31732     0.662745
31733     0.674510
31734     0.678431
31735     0.666667
31736     0.650980
31737     0.654902
31738     0.647059
31739     0.643137
31740     0.654902
31741     0.670588
31742     0.682353
31743     0.674510
31744     0.666667
31745     0.647059
31746     0.643137
31747     0.643137
31748     0.643137
31749     0.650980
31750     0.662745
31751     0.678431
31752     0.690196
31753     0.690196
31754     0.705882
31755     0.721569
31756     0.717647
31757     0.701961
31758     0.690196
31759     0.690196
31760     0.698039
31761     0.678431
31762     0.662745
31763     0.654902
31764     0.662745
31765     0.686275
31766     0.701961
31767     0.705882
31768     0.705882
31769     0.733333
31770     0.729412
31771     0.721569
31772     0.705882
31773     0.694118
31774     0.690196
31775     0.690196
31776     0.694118
31777     0.686275
31778     0.729412
31779     0.776471
31780     0.725490
31781     0.698039
31782     0.654902
31783     0.623529
31784     0.619608
31785     0.647059
31786     0.694118
31787     0.729412
31788     0.737255
31789     0.745098
31790     0.752941
31791     0.764706
31792     0.764706
31793     0.749020
31794     0.729412
31795     0.713726
31796     0.674510
31797     0.654902
31798     0.635294
31799     0.627451
31800     0.635294
31801     0.635294
31802     0.619608
31803     0.600000
31804     0.607843
31805     0.619608
31806     0.631373
31807     0.639216
31808     0.643137
31809     0.666667
31810     0.709804
31811     0.741176
31812     0.737255
31813     0.725490
31814     0.713726
31815     0.709804
31816     0.713726
31817     0.725490
31818     0.733333
31819     0.741176
31820     0.654902
31821     0.572549
31822     0.525490
31823     0.556863
31824     0.576471
31825     0.545098
31826     0.517647
31827     0.525490
31828     0.486275
31829     0.486275
31830     0.482353
31831     0.478431
31832     0.474510
31833     0.470588
31834     0.466667
31835     0.466667
31836     0.458824
31837     0.478431
31838     0.486275
31839     0.466667
31840     0.431373
31841     0.411765
31842     0.423529
31843     0.439216
31844     0.466667
31845     0.435294
31846     0.407843
31847     0.419608
31848     0.454902
31849     0.486275
31850     0.490196
31851     0.482353
31852     0.431373
31853     0.364706
31854     0.305882
31855     0.278431
31856     0.262745
31857     0.231373
31858     0.211765
31859     0.211765
31860     0.211765
31861     0.196078
31862     0.196078
31863     0.211765
31864     0.207843
31865     0.188235
31866     0.176471
31867     0.184314
31868     0.180392
31869     0.184314
31870     0.203922
31871     0.223529
31872     0.215686
31873     0.180392
31874     0.164706
31875     0.172549
31876     0.160784
31877     0.164706
31878     0.168627
31879     0.149020
31880     0.184314
31881     0.368627
31882     0.588235
31883     0.686275
31884     0.729412
31885     0.698039
31886     0.682353
31887     0.701961
31888     0.729412
31889     0.741176
31890     0.745098
31891     0.749020
31892     0.776471
31893     0.772549
31894     0.772549
31895     0.768627
31896     0.768627
31897     0.772549
31898     0.772549
31899     0.776471
31900     0.760784
31901     0.752941
31902     0.764706
31903     0.807843
31904     0.858824
31905     0.882353
31906     0.870588
31907     0.850980
31908     0.874510
31909     0.858824
31910     0.854902
31911     0.878431
31912     0.901961
31913     0.890196
31914     0.835294
31915     0.784314
31916     0.741176
31917     0.729412
31918     0.709804
31919     0.698039
31920     0.694118
31921     0.705882
31922     0.721569
31923     0.729412
31924     0.705882
31925     0.666667
31926     0.650980
31927     0.674510
31928     0.694118
31929     0.674510
31930     0.631373
31931     0.600000
31932     0.600000
31933     0.635294
31934     0.678431
31935     0.698039
31936     0.701961
31937     0.709804
31938     0.729412
31939     0.749020
31940     0.737255
31941     0.721569
31942     0.701961
31943     0.682353
31944     0.662745
31945     0.643137
31946     0.623529
31947     0.611765
31948     0.603922
31949     0.607843
31950     0.619608
31951     0.635294
31952     0.654902
31953     0.670588
31954     0.678431
31955     0.682353
31956     0.701961
31957     0.670588
31958     0.639216
31959     0.635294
31960     0.650980
31961     0.666667
31962     0.666667
31963     0.658824
31964     0.662745
31965     0.654902
31966     0.647059
31967     0.658824
31968     0.678431
31969     0.686275
31970     0.686275
31971     0.678431
31972     0.666667
31973     0.654902
31974     0.643137
31975     0.639216
31976     0.643137
31977     0.654902
31978     0.670588
31979     0.678431
31980     0.682353
31981     0.698039
31982     0.713726
31983     0.713726
31984     0.701961
31985     0.686275
31986     0.682353
31987     0.682353
31988     0.658824
31989     0.639216
31990     0.619608
31991     0.623529
31992     0.650980
31993     0.686275
31994     0.709804
31995     0.721569
31996     0.745098
31997     0.737255
31998     0.717647
31999     0.694118
32000     0.678431
32001     0.678431
32002     0.694118
32003     0.709804
32004     0.713726
32005     0.745098
32006     0.776471
32007     0.709804
32008     0.713726
32009     0.705882
32010     0.686275
32011     0.666667
32012     0.654902
32013     0.662745
32014     0.674510
32015     0.725490
32016     0.745098
32017     0.772549
32018     0.784314
32019     0.780392
32020     0.764706
32021     0.752941
32022     0.745098
32023     0.701961
32024     0.662745
32025     0.623529
32026     0.611765
32027     0.627451
32028     0.635294
32029     0.627451
32030     0.611765
32031     0.607843
32032     0.607843
32033     0.611765
32034     0.619608
32035     0.635294
32036     0.662745
32037     0.698039
32038     0.721569
32039     0.725490
32040     0.717647
32041     0.709804
32042     0.705882
32043     0.713726
32044     0.733333
32045     0.749020
32046     0.760784
32047     0.690196
32048     0.607843
32049     0.549020
32050     0.560784
32051     0.588235
32052     0.576471
32053     0.552941
32054     0.541176
32055     0.501961
32056     0.498039
32057     0.486275
32058     0.478431
32059     0.466667
32060     0.458824
32061     0.454902
32062     0.450980
32063     0.447059
32064     0.466667
32065     0.486275
32066     0.478431
32067     0.454902
32068     0.435294
32069     0.435294
32070     0.443137
32071     0.454902
32072     0.427451
32073     0.407843
32074     0.415686
32075     0.443137
32076     0.466667
32077     0.466667
32078     0.454902
32079     0.443137
32080     0.411765
32081     0.352941
32082     0.305882
32083     0.294118
32084     0.290196
32085     0.254902
32086     0.215686
32087     0.227451
32088     0.207843
32089     0.207843
32090     0.231373
32091     0.231373
32092     0.196078
32093     0.176471
32094     0.180392
32095     0.188235
32096     0.192157
32097     0.223529
32098     0.258824
32099     0.247059
32100     0.196078
32101     0.168627
32102     0.172549
32103     0.196078
32104     0.180392
32105     0.200000
32106     0.188235
32107     0.141176
32108     0.215686
32109     0.423529
32110     0.588235
32111     0.733333
32112     0.721569
32113     0.701961
32114     0.686275
32115     0.705882
32116     0.745098
32117     0.772549
32118     0.776471
32119     0.776471
32120     0.776471
32121     0.776471
32122     0.776471
32123     0.776471
32124     0.772549
32125     0.772549
32126     0.772549
32127     0.776471
32128     0.760784
32129     0.749020
32130     0.768627
32131     0.815686
32132     0.862745
32133     0.890196
32134     0.898039
32135     0.898039
32136     0.882353
32137     0.874510
32138     0.890196
32139     0.913725
32140     0.905882
32141     0.858824
32142     0.815686
32143     0.764706
32144     0.745098
32145     0.721569
32146     0.701961
32147     0.698039
32148     0.709804
32149     0.729412
32150     0.745098
32151     0.729412
32152     0.694118
32153     0.674510
32154     0.686275
32155     0.694118
32156     0.662745
32157     0.607843
32158     0.572549
32159     0.592157
32160     0.623529
32161     0.654902
32162     0.670588
32163     0.670588
32164     0.674510
32165     0.690196
32166     0.709804
32167     0.721569
32168     0.713726
32169     0.709804
32170     0.705882
32171     0.705882
32172     0.694118
32173     0.678431
32174     0.662745
32175     0.615686
32176     0.611765
32177     0.611765
32178     0.623529
32179     0.647059
32180     0.666667
32181     0.678431
32182     0.682353
32183     0.698039
32184     0.670588
32185     0.639216
32186     0.627451
32187     0.643137
32188     0.662745
32189     0.666667
32190     0.662745
32191     0.662745
32192     0.662745
32193     0.662745
32194     0.674510
32195     0.690196
32196     0.701961
32197     0.709804
32198     0.709804
32199     0.686275
32200     0.670588
32201     0.647059
32202     0.635294
32203     0.639216
32204     0.654902
32205     0.662745
32206     0.670588
32207     0.701961
32208     0.713726
32209     0.721569
32210     0.721569
32211     0.705882
32212     0.686275
32213     0.674510
32214     0.670588
32215     0.647059
32216     0.635294
32217     0.619608
32218     0.623529
32219     0.643137
32220     0.674510
32221     0.701961
32222     0.717647
32223     0.741176
32224     0.737255
32225     0.721569
32226     0.694118
32227     0.674510
32228     0.678431
32229     0.698039
32230     0.721569
32231     0.733333
32232     0.745098
32233     0.752941
32234     0.709804
32235     0.733333
32236     0.749020
32237     0.737255
32238     0.701961
32239     0.674510
32240     0.662745
32241     0.662745
32242     0.725490
32243     0.756863
32244     0.788235
32245     0.796078
32246     0.776471
32247     0.756863
32248     0.756863
32249     0.764706
32250     0.741176
32251     0.690196
32252     0.631373
32253     0.611765
32254     0.631373
32255     0.650980
32256     0.647059
32257     0.635294
32258     0.611765
32259     0.596078
32260     0.588235
32261     0.592157
32262     0.619608
32263     0.650980
32264     0.674510
32265     0.686275
32266     0.686275
32267     0.690196
32268     0.694118
32269     0.701961
32270     0.713726
32271     0.725490
32272     0.737255
32273     0.749020
32274     0.729412
32275     0.654902
32276     0.580392
32277     0.560784
32278     0.588235
32279     0.603922
32280     0.580392
32281     0.549020
32282     0.529412
32283     0.525490
32284     0.517647
32285     0.505882
32286     0.486275
32287     0.458824
32288     0.439216
32289     0.427451
32290     0.431373
32291     0.447059
32292     0.462745
32293     0.470588
32294     0.470588
32295     0.466667
32296     0.466667
32297     0.470588
32298     0.454902
32299     0.431373
32300     0.407843
32301     0.403922
32302     0.423529
32303     0.443137
32304     0.447059
32305     0.443137
32306     0.458824
32307     0.423529
32308     0.376471
32309     0.349020
32310     0.345098
32311     0.333333
32312     0.294118
32313     0.250980
32314     0.223529
32315     0.196078
32316     0.200000
32317     0.235294
32318     0.247059
32319     0.215686
32320     0.200000
32321     0.215686
32322     0.211765
32323     0.211765
32324     0.243137
32325     0.282353
32326     0.266667
32327     0.207843
32328     0.176471
32329     0.184314
32330     0.231373
32331     0.200000
32332     0.223529
32333     0.223529
32334     0.137255
32335     0.129412
32336     0.266667
32337     0.403922
32338     0.623529
32339     0.698039
32340     0.733333
32341     0.709804
32342     0.705882
32343     0.752941
32344     0.788235
32345     0.784314
32346     0.776471
32347     0.780392
32348     0.788235
32349     0.792157
32350     0.796078
32351     0.796078
32352     0.792157
32353     0.788235
32354     0.784314
32355     0.764706
32356     0.745098
32357     0.749020
32358     0.780392
32359     0.831373
32360     0.874510
32361     0.898039
32362     0.890196
32363     0.882353
32364     0.882353
32365     0.905882
32366     0.925490
32367     0.917647
32368     0.882353
32369     0.847059
32370     0.796078
32371     0.780392
32372     0.756863
32373     0.733333
32374     0.721569
32375     0.725490
32376     0.733333
32377     0.741176
32378     0.733333
32379     0.701961
32380     0.686275
32381     0.694118
32382     0.694118
32383     0.654902
32384     0.603922
32385     0.576471
32386     0.600000
32387     0.615686
32388     0.635294
32389     0.647059
32390     0.654902
32391     0.658824
32392     0.674510
32393     0.690196
32394     0.709804
32395     0.698039
32396     0.686275
32397     0.698039
32398     0.713726
32399     0.725490
32400     0.717647
32401     0.705882
32402     0.650980
32403     0.635294
32404     0.619608
32405     0.619608
32406     0.639216
32407     0.658824
32408     0.670588
32409     0.674510
32410     0.690196
32411     0.670588
32412     0.650980
32413     0.647059
32414     0.654902
32415     0.666667
32416     0.670588
32417     0.666667
32418     0.670588
32419     0.674510
32420     0.682353
32421     0.686275
32422     0.690196
32423     0.701961
32424     0.717647
32425     0.729412
32426     0.694118
32427     0.670588
32428     0.643137
32429     0.631373
32430     0.639216
32431     0.650980
32432     0.662745
32433     0.666667
32434     0.705882
32435     0.713726
32436     0.721569
32437     0.721569
32438     0.713726
32439     0.701961
32440     0.690196
32441     0.682353
32442     0.647059
32443     0.650980
32444     0.658824
32445     0.658824
32446     0.662745
32447     0.670588
32448     0.686275
32449     0.698039
32450     0.737255
32451     0.741176
32452     0.737255
32453     0.717647
32454     0.698039
32455     0.690196
32456     0.705882
32457     0.721569
32458     0.733333
32459     0.729412
32460     0.729412
32461     0.733333
32462     0.752941
32463     0.760784
32464     0.745098
32465     0.709804
32466     0.682353
32467     0.682353
32468     0.694118
32469     0.729412
32470     0.764706
32471     0.800000
32472     0.800000
32473     0.768627
32474     0.745098
32475     0.752941
32476     0.768627
32477     0.776471
32478     0.713726
32479     0.643137
32480     0.615686
32481     0.639216
32482     0.662745
32483     0.670588
32484     0.658824
32485     0.611765
32486     0.588235
32487     0.568627
32488     0.576471
32489     0.607843
32490     0.639216
32491     0.654902
32492     0.658824
32493     0.643137
32494     0.658824
32495     0.678431
32496     0.694118
32497     0.705882
32498     0.709804
32499     0.717647
32500     0.721569
32501     0.756863
32502     0.686275
32503     0.600000
32504     0.560784
32505     0.584314
32506     0.619608
32507     0.596078
32508     0.545098
32509     0.541176
32510     0.545098
32511     0.545098
32512     0.533333
32513     0.505882
32514     0.470588
32515     0.435294
32516     0.415686
32517     0.419608
32518     0.431373
32519     0.443137
32520     0.458824
32521     0.474510
32522     0.486275
32523     0.494118
32524     0.498039
32525     0.462745
32526     0.439216
32527     0.411765
32528     0.400000
32529     0.411765
32530     0.431373
32531     0.439216
32532     0.443137
32533     0.454902
32534     0.403922
32535     0.368627
32536     0.376471
32537     0.380392
32538     0.352941
32539     0.313726
32540     0.290196
32541     0.200000
32542     0.168627
32543     0.176471
32544     0.223529
32545     0.247059
32546     0.231373
32547     0.231373
32548     0.250980
32549     0.235294
32550     0.227451
32551     0.250980
32552     0.290196
32553     0.274510
32554     0.215686
32555     0.184314
32556     0.200000
32557     0.215686
32558     0.192157
32559     0.227451
32560     0.239216
32561     0.152941
32562     0.105882
32563     0.164706
32564     0.235294
32565     0.458824
32566     0.615686
32567     0.737255
32568     0.729412
32569     0.705882
32570     0.741176
32571     0.764706
32572     0.749020
32573     0.756863
32574     0.764706
32575     0.780392
32576     0.792157
32577     0.800000
32578     0.800000
32579     0.796078
32580     0.792157
32581     0.772549
32582     0.764706
32583     0.756863
32584     0.756863
32585     0.772549
32586     0.803922
32587     0.831373
32588     0.850980
32589     0.874510
32590     0.878431
32591     0.898039
32592     0.929412
32593     0.952941
32594     0.949020
32595     0.917647
32596     0.886275
32597     0.827451
32598     0.815686
32599     0.792157
32600     0.768627
32601     0.752941
32602     0.741176
32603     0.737255
32604     0.737255
32605     0.721569
32606     0.698039
32607     0.686275
32608     0.698039
32609     0.694118
32610     0.658824
32611     0.619608
32612     0.596078
32613     0.596078
32614     0.607843
32615     0.623529
32616     0.635294
32617     0.650980
32618     0.666667
32619     0.682353
32620     0.694118
32621     0.698039
32622     0.674510
32623     0.658824
32624     0.670588
32625     0.701961
32626     0.729412
32627     0.733333
32628     0.725490
32629     0.678431
32630     0.658824
32631     0.631373
32632     0.623529
32633     0.635294
32634     0.650980
32635     0.662745
32636     0.666667
32637     0.678431
32638     0.670588
32639     0.666667
32640     0.666667
32641     0.670588
32642     0.674510
32643     0.670588
32644     0.666667
32645     0.662745
32646     0.674510
32647     0.682353
32648     0.678431
32649     0.670588
32650     0.674510
32651     0.690196
32652     0.709804
32653     0.690196
32654     0.666667
32655     0.635294
32656     0.623529
32657     0.635294
32658     0.650980
32659     0.666667
32660     0.670588
32661     0.686275
32662     0.694118
32663     0.705882
32664     0.713726
32665     0.713726
32666     0.713726
32667     0.709804
32668     0.709804
32669     0.654902
32670     0.674510
32671     0.694118
32672     0.698039
32673     0.686275
32674     0.674510
32675     0.674510
32676     0.678431
32677     0.737255
32678     0.749020
32679     0.756863
32680     0.745098
32681     0.721569
32682     0.705882
32683     0.709804
32684     0.717647
32685     0.721569
32686     0.713726
32687     0.709804
32688     0.745098
32689     0.768627
32690     0.788235
32691     0.772549
32692     0.729412
32693     0.694118
32694     0.682353
32695     0.682353
32696     0.733333
32697     0.764706
32698     0.796078
32699     0.796078
32700     0.764706
32701     0.733333
32702     0.721569
32703     0.725490
32704     0.741176
32705     0.733333
32706     0.721569
32707     0.701961
32708     0.686275
32709     0.678431
32710     0.678431
32711     0.682353
32712     0.647059
32713     0.611765
32714     0.576471
32715     0.564706
32716     0.584314
32717     0.611765
32718     0.627451
32719     0.627451
32720     0.623529
32721     0.643137
32722     0.670588
32723     0.694118
32724     0.705882
32725     0.713726
32726     0.717647
32727     0.721569
32728     0.749020
32729     0.725490
32730     0.674510
32731     0.619608
32732     0.596078
32733     0.600000
32734     0.596078
32735     0.580392
32736     0.588235
32737     0.560784
32738     0.533333
32739     0.525490
32740     0.525490
32741     0.501961
32742     0.447059
32743     0.400000
32744     0.423529
32745     0.431373
32746     0.439216
32747     0.447059
32748     0.458824
32749     0.474510
32750     0.490196
32751     0.501961
32752     0.486275
32753     0.474510
32754     0.447059
32755     0.419608
32756     0.400000
32757     0.400000
32758     0.415686
32759     0.431373
32760     0.403922
32761     0.396078
32762     0.380392
32763     0.352941
32764     0.325490
32765     0.309804
32766     0.309804
32767     0.313726
32768     0.223529
32769     0.156863
32770     0.113725
32771     0.160784
32772     0.239216
32773     0.274510
32774     0.254902
32775     0.227451
32776     0.266667
32777     0.282353
32778     0.274510
32779     0.243137
32780     0.227451
32781     0.235294
32782     0.235294
32783     0.219608
32784     0.203922
32785     0.219608
32786     0.235294
32787     0.223529
32788     0.184314
32789     0.149020
32790     0.125490
32791     0.117647
32792     0.203922
32793     0.388235
32794     0.654902
32795     0.760784
32796     0.705882
32797     0.725490
32798     0.776471
32799     0.741176
32800     0.760784
32801     0.776471
32802     0.788235
32803     0.792157
32804     0.792157
32805     0.800000
32806     0.803922
32807     0.803922
32808     0.796078
32809     0.776471
32810     0.752941
32811     0.741176
32812     0.749020
32813     0.776471
32814     0.811765
32815     0.835294
32816     0.858824
32817     0.870588
32818     0.894118
32819     0.929412
32820     0.956863
32821     0.960784
32822     0.945098
32823     0.925490
32824     0.866667
32825     0.854902
32826     0.835294
32827     0.819608
32828     0.803922
32829     0.776471
32830     0.749020
32831     0.729412
32832     0.709804
32833     0.721569
32834     0.717647
32835     0.701961
32836     0.694118
32837     0.682353
32838     0.639216
32839     0.588235
32840     0.572549
32841     0.564706
32842     0.572549
32843     0.600000
32844     0.643137
32845     0.670588
32846     0.674510
32847     0.670588
32848     0.670588
32849     0.686275
32850     0.698039
32851     0.698039
32852     0.698039
32853     0.709804
32854     0.745098
32855     0.772549
32856     0.725490
32857     0.698039
32858     0.666667
32859     0.650980
32860     0.650980
32861     0.658824
32862     0.654902
32863     0.650980
32864     0.682353
32865     0.678431
32866     0.666667
32867     0.654902
32868     0.650980
32869     0.647059
32870     0.647059
32871     0.647059
32872     0.666667
32873     0.678431
32874     0.686275
32875     0.694118
32876     0.694118
32877     0.694118
32878     0.701961
32879     0.709804
32880     0.701961
32881     0.682353
32882     0.658824
32883     0.647059
32884     0.647059
32885     0.650980
32886     0.658824
32887     0.662745
32888     0.678431
32889     0.682353
32890     0.694118
32891     0.705882
32892     0.713726
32893     0.717647
32894     0.717647
32895     0.717647
32896     0.690196
32897     0.698039
32898     0.709804
32899     0.713726
32900     0.701961
32901     0.686275
32902     0.674510
32903     0.666667
32904     0.705882
32905     0.745098
32906     0.772549
32907     0.768627
32908     0.752941
32909     0.741176
32910     0.725490
32911     0.705882
32912     0.686275
32913     0.698039
32914     0.713726
32915     0.745098
32916     0.768627
32917     0.784314
32918     0.772549
32919     0.729412
32920     0.690196
32921     0.674510
32922     0.674510
32923     0.694118
32924     0.729412
32925     0.764706
32926     0.776471
32927     0.756863
32928     0.725490
32929     0.701961
32930     0.690196
32931     0.721569
32932     0.741176
32933     0.760784
32934     0.752941
32935     0.725490
32936     0.701961
32937     0.698039
32938     0.705882
32939     0.670588
32940     0.635294
32941     0.592157
32942     0.580392
32943     0.592157
32944     0.611765
32945     0.619608
32946     0.619608
32947     0.615686
32948     0.639216
32949     0.674510
32950     0.701961
32951     0.717647
32952     0.721569
32953     0.725490
32954     0.729412
32955     0.741176
32956     0.733333
32957     0.694118
32958     0.635294
32959     0.592157
32960     0.588235
32961     0.592157
32962     0.592157
32963     0.584314
32964     0.552941
32965     0.525490
32966     0.521569
32967     0.533333
32968     0.525490
32969     0.494118
32970     0.458824
32971     0.431373
32972     0.431373
32973     0.439216
32974     0.447059
32975     0.450980
32976     0.458824
32977     0.462745
32978     0.462745
32979     0.474510
32980     0.474510
32981     0.466667
32982     0.450980
32983     0.435294
32984     0.423529
32985     0.423529
32986     0.427451
32987     0.403922
32988     0.400000
32989     0.384314
32990     0.360784
32991     0.337255
32992     0.321569
32993     0.321569
32994     0.321569
32995     0.266667
32996     0.192157
32997     0.141176
32998     0.164706
32999     0.223529
33000     0.258824
33001     0.250980
33002     0.239216
33003     0.262745
33004     0.278431
33005     0.274510
33006     0.250980
33007     0.239216
33008     0.243137
33009     0.239216
33010     0.219608
33011     0.231373
33012     0.219608
33013     0.207843
33014     0.203922
33015     0.203922
33016     0.203922
33017     0.196078
33018     0.192157
33019     0.188235
33020     0.203922
33021     0.403922
33022     0.643137
33023     0.698039
33024     0.682353
33025     0.713726
33026     0.741176
33027     0.776471
33028     0.780392
33029     0.772549
33030     0.768627
33031     0.776471
33032     0.796078
33033     0.800000
33034     0.788235
33035     0.764706
33036     0.756863
33037     0.749020
33038     0.749020
33039     0.756863
33040     0.776471
33041     0.796078
33042     0.811765
33043     0.850980
33044     0.862745
33045     0.886275
33046     0.921569
33047     0.952941
33048     0.960784
33049     0.949020
33050     0.937255
33051     0.925490
33052     0.886275
33053     0.843137
33054     0.815686
33055     0.803922
33056     0.792157
33057     0.776471
33058     0.760784
33059     0.705882
33060     0.709804
33061     0.705882
33062     0.698039
33063     0.705882
33064     0.701961
33065     0.662745
33066     0.611765
33067     0.592157
33068     0.584314
33069     0.588235
33070     0.611765
33071     0.647059
33072     0.674510
33073     0.678431
33074     0.674510
33075     0.674510
33076     0.694118
33077     0.713726
33078     0.717647
33079     0.713726
33080     0.717647
33081     0.737255
33082     0.752941
33083     0.733333
33084     0.705882
33085     0.678431
33086     0.662745
33087     0.662745
33088     0.666667
33089     0.658824
33090     0.650980
33091     0.666667
33092     0.658824
33093     0.650980
33094     0.643137
33095     0.635294
33096     0.635294
33097     0.635294
33098     0.635294
33099     0.658824
33100     0.670588
33101     0.686275
33102     0.698039
33103     0.701961
33104     0.709804
33105     0.721569
33106     0.729412
33107     0.713726
33108     0.701961
33109     0.682353
33110     0.662745
33111     0.658824
33112     0.666667
33113     0.682353
33114     0.690196
33115     0.678431
33116     0.682353
33117     0.686275
33118     0.690196
33119     0.698039
33120     0.701961
33121     0.705882
33122     0.709804
33123     0.709804
33124     0.713726
33125     0.721569
33126     0.717647
33127     0.701961
33128     0.682353
33129     0.662745
33130     0.654902
33131     0.686275
33132     0.725490
33133     0.768627
33134     0.780392
33135     0.780392
33136     0.764706
33137     0.733333
33138     0.701961
33139     0.662745
33140     0.670588
33141     0.682353
33142     0.752941
33143     0.776471
33144     0.792157
33145     0.780392
33146     0.745098
33147     0.705882
33148     0.686275
33149     0.682353
33150     0.670588
33151     0.694118
33152     0.729412
33153     0.752941
33154     0.749020
33155     0.725490
33156     0.690196
33157     0.662745
33158     0.694118
33159     0.741176
33160     0.792157
33161     0.803922
33162     0.772549
33163     0.741176
33164     0.729412
33165     0.733333
33166     0.694118
33167     0.658824
33168     0.619608
33169     0.600000
33170     0.607843
33171     0.615686
33172     0.611765
33173     0.603922
33174     0.584314
33175     0.611765
33176     0.647059
33177     0.678431
33178     0.694118
33179     0.705882
33180     0.713726
33181     0.717647
33182     0.733333
33183     0.737255
33184     0.713726
33185     0.647059
33186     0.592157
33187     0.580392
33188     0.592157
33189     0.600000
33190     0.592157
33191     0.560784
33192     0.529412
33193     0.525490
33194     0.537255
33195     0.541176
33196     0.521569
33197     0.498039
33198     0.435294
33199     0.435294
33200     0.439216
33201     0.443137
33202     0.450980
33203     0.450980
33204     0.447059
33205     0.439216
33206     0.466667
33207     0.478431
33208     0.490196
33209     0.486275
33210     0.470588
33211     0.447059
33212     0.431373
33213     0.423529
33214     0.403922
33215     0.400000
33216     0.388235
33217     0.368627
33218     0.345098
33219     0.329412
33220     0.325490
33221     0.325490
33222     0.305882
33223     0.231373
33224     0.168627
33225     0.172549
33226     0.211765
33227     0.239216
33228     0.250980
33229     0.254902
33230     0.258824
33231     0.266667
33232     0.266667
33233     0.254902
33234     0.247059
33235     0.247059
33236     0.239216
33237     0.223529
33238     0.239216
33239     0.215686
33240     0.192157
33241     0.203922
33242     0.235294
33243     0.250980
33244     0.239216
33245     0.219608
33246     0.176471
33247     0.101961
33248     0.207843
33249     0.439216
33250     0.556863
33251     0.580392
33252     0.647059
33253     0.725490
33254     0.749020
33255     0.752941
33256     0.745098
33257     0.737255
33258     0.756863
33259     0.784314
33260     0.792157
33261     0.776471
33262     0.745098
33263     0.749020
33264     0.752941
33265     0.764706
33266     0.772549
33267     0.784314
33268     0.792157
33269     0.796078
33270     0.843137
33271     0.854902
33272     0.882353
33273     0.913725
33274     0.945098
33275     0.956863
33276     0.956863
33277     0.949020
33278     0.952941
33279     0.909804
33280     0.862745
33281     0.843137
33282     0.847059
33283     0.839216
33284     0.803922
33285     0.768627
33286     0.713726
33287     0.705882
33288     0.694118
33289     0.705882
33290     0.729412
33291     0.741176
33292     0.701961
33293     0.654902
33294     0.627451
33295     0.619608
33296     0.615686
33297     0.631373
33298     0.654902
33299     0.678431
33300     0.686275
33301     0.682353
33302     0.666667
33303     0.690196
33304     0.717647
33305     0.733333
33306     0.733333
33307     0.733333
33308     0.737255
33309     0.745098
33310     0.737255
33311     0.717647
33312     0.694118
33313     0.678431
33314     0.678431
33315     0.674510
33316     0.662745
33317     0.650980
33318     0.654902
33319     0.650980
33320     0.643137
33321     0.635294
33322     0.631373
33323     0.631373
33324     0.635294
33325     0.635294
33326     0.635294
33327     0.643137
33328     0.658824
33329     0.666667
33330     0.678431
33331     0.698039
33332     0.717647
33333     0.733333
33334     0.721569
33335     0.717647
33336     0.701961
33337     0.682353
33338     0.666667
33339     0.670588
33340     0.694118
33341     0.717647
33342     0.690196
33343     0.686275
33344     0.682353
33345     0.682353
33346     0.686275
33347     0.694118
33348     0.701961
33349     0.709804
33350     0.733333
33351     0.733333
33352     0.729412
33353     0.721569
33354     0.705882
33355     0.686275
33356     0.666667
33357     0.654902
33358     0.674510
33359     0.713726
33360     0.756863
33361     0.788235
33362     0.803922
33363     0.796078
33364     0.760784
33365     0.717647
33366     0.654902
33367     0.654902
33368     0.654902
33369     0.760784
33370     0.780392
33371     0.800000
33372     0.792157
33373     0.764706
33374     0.733333
33375     0.713726
33376     0.709804
33377     0.682353
33378     0.690196
33379     0.713726
33380     0.737255
33381     0.749020
33382     0.737255
33383     0.701961
33384     0.674510
33385     0.686275
33386     0.729412
33387     0.784314
33388     0.807843
33389     0.796078
33390     0.768627
33391     0.749020
33392     0.741176
33393     0.698039
33394     0.666667
33395     0.631373
33396     0.615686
33397     0.619608
33398     0.623529
33399     0.611765
33400     0.600000
33401     0.584314
33402     0.600000
33403     0.627451
33404     0.654902
33405     0.674510
33406     0.694118
33407     0.713726
33408     0.725490
33409     0.733333
33410     0.737255
33411     0.709804
33412     0.650980
33413     0.603922
33414     0.588235
33415     0.592157
33416     0.592157
33417     0.607843
33418     0.580392
33419     0.552941
33420     0.541176
33421     0.545098
33422     0.541176
33423     0.513726
33424     0.490196
33425     0.435294
33426     0.431373
33427     0.427451
33428     0.431373
33429     0.439216
33430     0.450980
33431     0.458824
33432     0.462745
33433     0.466667
33434     0.482353
33435     0.498039
33436     0.498039
33437     0.478431
33438     0.450980
33439     0.423529
33440     0.407843
33441     0.407843
33442     0.403922
33443     0.396078
33444     0.376471
33445     0.349020
33446     0.329412
33447     0.317647
33448     0.313726
33449     0.305882
33450     0.243137
33451     0.188235
33452     0.180392
33453     0.207843
33454     0.235294
33455     0.254902
33456     0.266667
33457     0.243137
33458     0.247059
33459     0.250980
33460     0.250980
33461     0.250980
33462     0.247059
33463     0.235294
33464     0.219608
33465     0.227451
33466     0.215686
33467     0.211765
33468     0.231373
33469     0.250980
33470     0.250980
33471     0.219608
33472     0.188235
33473     0.196078
33474     0.184314
33475     0.200000
33476     0.247059
33477     0.321569
33478     0.443137
33479     0.568627
33480     0.643137
33481     0.662745
33482     0.701961
33483     0.729412
33484     0.729412
33485     0.737255
33486     0.768627
33487     0.780392
33488     0.772549
33489     0.749020
33490     0.752941
33491     0.760784
33492     0.772549
33493     0.784314
33494     0.792157
33495     0.800000
33496     0.803922
33497     0.847059
33498     0.858824
33499     0.882353
33500     0.913725
33501     0.937255
33502     0.949020
33503     0.952941
33504     0.952941
33505     0.917647
33506     0.894118
33507     0.878431
33508     0.894118
33509     0.913725
33510     0.894118
33511     0.823529
33512     0.756863
33513     0.729412
33514     0.705882
33515     0.690196
33516     0.713726
33517     0.752941
33518     0.768627
33519     0.737255
33520     0.694118
33521     0.662745
33522     0.654902
33523     0.647059
33524     0.650980
33525     0.666667
33526     0.682353
33527     0.690196
33528     0.686275
33529     0.662745
33530     0.682353
33531     0.705882
33532     0.721569
33533     0.729412
33534     0.733333
33535     0.741176
33536     0.749020
33537     0.737255
33538     0.721569
33539     0.701961
33540     0.694118
33541     0.694118
33542     0.682353
33543     0.662745
33544     0.647059
33545     0.658824
33546     0.654902
33547     0.647059
33548     0.643137
33549     0.643137
33550     0.643137
33551     0.650980
33552     0.650980
33553     0.635294
33554     0.635294
33555     0.635294
33556     0.635294
33557     0.647059
33558     0.674510
33559     0.709804
33560     0.733333
33561     0.725490
33562     0.725490
33563     0.717647
33564     0.690196
33565     0.666667
33566     0.666667
33567     0.694118
33568     0.721569
33569     0.709804
33570     0.701961
33571     0.686275
33572     0.678431
33573     0.678431
33574     0.690196
33575     0.705882
33576     0.717647
33577     0.741176
33578     0.733333
33579     0.729412
33580     0.725490
33581     0.717647
33582     0.709804
33583     0.694118
33584     0.682353
33585     0.694118
33586     0.717647
33587     0.749020
33588     0.772549
33589     0.800000
33590     0.815686
33591     0.792157
33592     0.760784
33593     0.682353
33594     0.670588
33595     0.658824
33596     0.760784
33597     0.776471
33598     0.788235
33599     0.788235
33600     0.768627
33601     0.745098
33602     0.729412
33603     0.725490
33604     0.709804
33605     0.705882
33606     0.705882
33607     0.717647
33608     0.737255
33609     0.733333
33610     0.717647
33611     0.698039
33612     0.690196
33613     0.709804
33614     0.741176
33615     0.772549
33616     0.788235
33617     0.780392
33618     0.752941
33619     0.733333
33620     0.690196
33621     0.662745
33622     0.635294
33623     0.623529
33624     0.631373
33625     0.635294
33626     0.619608
33627     0.603922
33628     0.615686
33629     0.623529
33630     0.639216
33631     0.650980
33632     0.670588
33633     0.698039
33634     0.733333
33635     0.752941
33636     0.745098
33637     0.733333
33638     0.698039
33639     0.650980
33640     0.623529
33641     0.615686
33642     0.603922
33643     0.584314
33644     0.611765
33645     0.596078
33646     0.584314
33647     0.580392
33648     0.580392
33649     0.560784
33650     0.525490
33651     0.494118
33652     0.439216
33653     0.431373
33654     0.419608
33655     0.407843
33656     0.411765
33657     0.431373
33658     0.458824
33659     0.482353
33660     0.474510
33661     0.486275
33662     0.494118
33663     0.486275
33664     0.462745
33665     0.435294
33666     0.407843
33667     0.396078
33668     0.415686
33669     0.411765
33670     0.403922
33671     0.384314
33672     0.352941
33673     0.325490
33674     0.309804
33675     0.301961
33676     0.290196
33677     0.235294
33678     0.192157
33679     0.192157
33680     0.215686
33681     0.239216
33682     0.254902
33683     0.270588
33684     0.231373
33685     0.227451
33686     0.227451
33687     0.243137
33688     0.250980
33689     0.243137
33690     0.231373
33691     0.219608
33692     0.231373
33693     0.235294
33694     0.243137
33695     0.247059
33696     0.239216
33697     0.227451
33698     0.211765
33699     0.200000
33700     0.239216
33701     0.270588
33702     0.227451
33703     0.156863
33704     0.192157
33705     0.317647
33706     0.427451
33707     0.470588
33708     0.560784
33709     0.658824
33710     0.741176
33711     0.749020
33712     0.741176
33713     0.752941
33714     0.768627
33715     0.764706
33716     0.760784
33717     0.756863
33718     0.752941
33719     0.752941
33720     0.764706
33721     0.780392
33722     0.800000
33723     0.811765
33724     0.847059
33725     0.862745
33726     0.886275
33727     0.909804
33728     0.925490
33729     0.933333
33730     0.937255
33731     0.937255
33732     0.878431
33733     0.862745
33734     0.862745
33735     0.898039
33736     0.937255
33737     0.925490
33738     0.850980
33739     0.780392
33740     0.745098
33741     0.709804
33742     0.690196
33743     0.713726
33744     0.752941
33745     0.764706
33746     0.741176
33747     0.709804
33748     0.690196
33749     0.682353
33750     0.674510
33751     0.674510
33752     0.678431
33753     0.686275
33754     0.686275
33755     0.686275
33756     0.686275
33757     0.690196
33758     0.698039
33759     0.701961
33760     0.705882
33761     0.709804
33762     0.721569
33763     0.729412
33764     0.725490
33765     0.717647
33766     0.709804
33767     0.705882
33768     0.705882
33769     0.690196
33770     0.662745
33771     0.643137
33772     0.654902
33773     0.654902
33774     0.647059
33775     0.647059
33776     0.647059
33777     0.650980
33778     0.658824
33779     0.662745
33780     0.670588
33781     0.658824
33782     0.643137
33783     0.627451
33784     0.635294
33785     0.666667
33786     0.709804
33787     0.741176
33788     0.733333
33789     0.737255
33790     0.729412
33791     0.705882
33792     0.682353
33793     0.678431
33794     0.698039
33795     0.725490
33796     0.717647
33797     0.705882
33798     0.686275
33799     0.674510
33800     0.674510
33801     0.690196
33802     0.705882
33803     0.721569
33804     0.733333
33805     0.725490
33806     0.721569
33807     0.725490
33808     0.733333
33809     0.737255
33810     0.729412
33811     0.721569
33812     0.737255
33813     0.741176
33814     0.741176
33815     0.745098
33816     0.772549
33817     0.807843
33818     0.815686
33819     0.800000
33820     0.737255
33821     0.717647
33822     0.694118
33823     0.756863
33824     0.764706
33825     0.768627
33826     0.764706
33827     0.749020
33828     0.737255
33829     0.729412
33830     0.725490
33831     0.725490
33832     0.713726
33833     0.698039
33834     0.698039
33835     0.709804
33836     0.713726
33837     0.709804
33838     0.701961
33839     0.690196
33840     0.690196
33841     0.701961
33842     0.729412
33843     0.756863
33844     0.764706
33845     0.749020
33846     0.725490
33847     0.682353
33848     0.658824
33849     0.639216
33850     0.635294
33851     0.647059
33852     0.647059
33853     0.631373
33854     0.611765
33855     0.623529
33856     0.631373
33857     0.635294
33858     0.643137
33859     0.658824
33860     0.686275
33861     0.721569
33862     0.745098
33863     0.749020
33864     0.733333
33865     0.701961
33866     0.662745
33867     0.643137
33868     0.639216
33869     0.619608
33870     0.596078
33871     0.615686
33872     0.615686
33873     0.627451
33874     0.639216
33875     0.647059
33876     0.627451
33877     0.592157
33878     0.564706
33879     0.501961
33880     0.494118
33881     0.470588
33882     0.431373
33883     0.400000
33884     0.403922
33885     0.439216
33886     0.474510
33887     0.478431
33888     0.486275
33889     0.486275
33890     0.474510
33891     0.450980
33892     0.427451
33893     0.407843
33894     0.400000
33895     0.423529
33896     0.427451
33897     0.423529
33898     0.403922
33899     0.376471
33900     0.345098
33901     0.325490
33902     0.313726
33903     0.290196
33904     0.235294
33905     0.192157
33906     0.196078
33907     0.227451
33908     0.243137
33909     0.254902
33910     0.262745
33911     0.227451
33912     0.211765
33913     0.207843
33914     0.231373
33915     0.247059
33916     0.239216
33917     0.231373
33918     0.227451
33919     0.250980
33920     0.258824
33921     0.258824
33922     0.243137
33923     0.223529
33924     0.223529
33925     0.243137
33926     0.266667
33927     0.278431
33928     0.262745
33929     0.200000
33930     0.172549
33931     0.223529
33932     0.254902
33933     0.266667
33934     0.309804
33935     0.462745
33936     0.611765
33937     0.741176
33938     0.764706
33939     0.745098
33940     0.749020
33941     0.756863
33942     0.749020
33943     0.752941
33944     0.741176
33945     0.725490
33946     0.717647
33947     0.725490
33948     0.745098
33949     0.772549
33950     0.792157
33951     0.823529
33952     0.847059
33953     0.874510
33954     0.898039
33955     0.905882
33956     0.909804
33957     0.913725
33958     0.913725
33959     0.866667
33960     0.839216
33961     0.823529
33962     0.854902
33963     0.901961
33964     0.917647
33965     0.886275
33966     0.843137
33967     0.768627
33968     0.725490
33969     0.698039
33970     0.717647
33971     0.741176
33972     0.745098
33973     0.725490
33974     0.709804
33975     0.698039
33976     0.698039
33977     0.698039
33978     0.694118
33979     0.690196
33980     0.686275
33981     0.682353
33982     0.682353
33983     0.713726
33984     0.705882
33985     0.694118
33986     0.682353
33987     0.682353
33988     0.686275
33989     0.698039
33990     0.705882
33991     0.717647
33992     0.713726
33993     0.713726
33994     0.721569
33995     0.721569
33996     0.705882
33997     0.670588
33998     0.643137
33999     0.643137
34000     0.639216
34001     0.635294
34002     0.635294
34003     0.639216
34004     0.647059
34005     0.654902
34006     0.662745
34007     0.678431
34008     0.662745
34009     0.639216
34010     0.619608
34011     0.619608
34012     0.647059
34013     0.686275
34014     0.717647
34015     0.733333
34016     0.737255
34017     0.733333
34018     0.721569
34019     0.709804
34020     0.705882
34021     0.717647
34022     0.733333
34023     0.721569
34024     0.705882
34025     0.690196
34026     0.678431
34027     0.678431
34028     0.694118
34029     0.709804
34030     0.725490
34031     0.729412
34032     0.717647
34033     0.709804
34034     0.717647
34035     0.737255
34036     0.749020
34037     0.749020
34038     0.741176
34039     0.760784
34040     0.756863
34041     0.741176
34042     0.729412
34043     0.745098
34044     0.780392
34045     0.803922
34046     0.807843
34047     0.784314
34048     0.760784
34049     0.729412
34050     0.768627
34051     0.768627
34052     0.760784
34053     0.749020
34054     0.737255
34055     0.725490
34056     0.721569
34057     0.717647
34058     0.729412
34059     0.717647
34060     0.705882
34061     0.694118
34062     0.694118
34063     0.698039
34064     0.698039
34065     0.698039
34066     0.682353
34067     0.686275
34068     0.698039
34069     0.713726
34070     0.733333
34071     0.741176
34072     0.733333
34073     0.729412
34074     0.682353
34075     0.666667
34076     0.650980
34077     0.650980
34078     0.662745
34079     0.662745
34080     0.643137
34081     0.619608
34082     0.615686
34083     0.623529
34084     0.631373
34085     0.643137
34086     0.654902
34087     0.670588
34088     0.694118
34089     0.709804
34090     0.745098
34091     0.745098
34092     0.725490
34093     0.690196
34094     0.662745
34095     0.650980
34096     0.643137
34097     0.627451
34098     0.650980
34099     0.662745
34100     0.682353
34101     0.709804
34102     0.725490
34103     0.721569
34104     0.694118
34105     0.674510
34106     0.650980
34107     0.647059
34108     0.607843
34109     0.529412
34110     0.443137
34111     0.407843
34112     0.423529
34113     0.458824
34114     0.474510
34115     0.482353
34116     0.486275
34117     0.478431
34118     0.462745
34119     0.439216
34120     0.423529
34121     0.419608
34122     0.439216
34123     0.443137
34124     0.447059
34125     0.435294
34126     0.407843
34127     0.380392
34128     0.360784
34129     0.349020
34130     0.325490
34131     0.258824
34132     0.203922
34133     0.200000
34134     0.227451
34135     0.243137
34136     0.243137
34137     0.243137
34138     0.231373
34139     0.203922
34140     0.200000
34141     0.223529
34142     0.247059
34143     0.243137
34144     0.235294
34145     0.239216
34146     0.258824
34147     0.266667
34148     0.270588
34149     0.258824
34150     0.243137
34151     0.247059
34152     0.274510
34153     0.301961
34154     0.270588
34155     0.266667
34156     0.223529
34157     0.227451
34158     0.278431
34159     0.243137
34160     0.203922
34161     0.250980
34162     0.356863
34163     0.525490
34164     0.682353
34165     0.733333
34166     0.737255
34167     0.756863
34168     0.760784
34169     0.741176
34170     0.741176
34171     0.725490
34172     0.701961
34173     0.690196
34174     0.694118
34175     0.717647
34176     0.749020
34177     0.768627
34178     0.784314
34179     0.815686
34180     0.850980
34181     0.878431
34182     0.890196
34183     0.890196
34184     0.890196
34185     0.894118
34186     0.858824
34187     0.823529
34188     0.800000
34189     0.819608
34190     0.870588
34191     0.905882
34192     0.901961
34193     0.882353
34194     0.811765
34195     0.768627
34196     0.737255
34197     0.741176
34198     0.749020
34199     0.733333
34200     0.717647
34201     0.713726
34202     0.698039
34203     0.701961
34204     0.709804
34205     0.705882
34206     0.698039
34207     0.686275
34208     0.678431
34209     0.674510
34210     0.709804
34211     0.701961
34212     0.686275
34213     0.678431
34214     0.678431
34215     0.686275
34216     0.694118
34217     0.701961
34218     0.713726
34219     0.713726
34220     0.721569
34221     0.737255
34222     0.741176
34223     0.721569
34224     0.682353
34225     0.650980
34226     0.631373
34227     0.631373
34228     0.627451
34229     0.631373
34230     0.635294
34231     0.647059
34232     0.654902
34233     0.662745
34234     0.658824
34235     0.650980
34236     0.639216
34237     0.627451
34238     0.623529
34239     0.635294
34240     0.662745
34241     0.682353
34242     0.709804
34243     0.709804
34244     0.717647
34245     0.721569
34246     0.725490
34247     0.729412
34248     0.733333
34249     0.737255
34250     0.733333
34251     0.721569
34252     0.709804
34253     0.698039
34254     0.701961
34255     0.713726
34256     0.733333
34257     0.745098
34258     0.737255
34259     0.721569
34260     0.705882
34261     0.709804
34262     0.725490
34263     0.737255
34264     0.733333
34265     0.725490
34266     0.752941
34267     0.760784
34268     0.752941
34269     0.729412
34270     0.725490
34271     0.749020
34272     0.768627
34273     0.772549
34274     0.800000
34275     0.772549
34276     0.745098
34277     0.792157
34278     0.784314
34279     0.768627
34280     0.752941
34281     0.733333
34282     0.721569
34283     0.717647
34284     0.717647
34285     0.733333
34286     0.725490
34287     0.717647
34288     0.705882
34289     0.694118
34290     0.690196
34291     0.690196
34292     0.694118
34293     0.674510
34294     0.690196
34295     0.709804
34296     0.717647
34297     0.717647
34298     0.721569
34299     0.725490
34300     0.733333
34301     0.694118
34302     0.674510
34303     0.662745
34304     0.662745
34305     0.674510
34306     0.670588
34307     0.647059
34308     0.623529
34309     0.619608
34310     0.631373
34311     0.650980
34312     0.666667
34313     0.674510
34314     0.678431
34315     0.690196
34316     0.698039
34317     0.737255
34318     0.756863
34319     0.752941
34320     0.713726
34321     0.670588
34322     0.654902
34323     0.654902
34324     0.654902
34325     0.694118
34326     0.705882
34327     0.729412
34328     0.760784
34329     0.780392
34330     0.784314
34331     0.768627
34332     0.752941
34333     0.792157
34334     0.788235
34335     0.741176
34336     0.635294
34337     0.505882
34338     0.431373
34339     0.427451
34340     0.454902
34341     0.462745
34342     0.478431
34343     0.490196
34344     0.490196
34345     0.478431
34346     0.458824
34347     0.443137
34348     0.435294
34349     0.447059
34350     0.454902
34351     0.462745
34352     0.454902
34353     0.435294
34354     0.411765
34355     0.392157
34356     0.384314
34357     0.364706
34358     0.286275
34359     0.211765
34360     0.200000
34361     0.223529
34362     0.235294
34363     0.231373
34364     0.227451
34365     0.239216
34366     0.203922
34367     0.196078
34368     0.223529
34369     0.247059
34370     0.247059
34371     0.243137
34372     0.250980
34373     0.247059
34374     0.262745
34375     0.278431
34376     0.282353
34377     0.278431
34378     0.274510
34379     0.274510
34380     0.278431
34381     0.239216
34382     0.313726
34383     0.298039
34384     0.262745
34385     0.278431
34386     0.250980
34387     0.227451
34388     0.274510
34389     0.270588
34390     0.443137
34391     0.611765
34392     0.686275
34393     0.725490
34394     0.764706
34395     0.768627
34396     0.741176
34397     0.737255
34398     0.721569
34399     0.698039
34400     0.682353
34401     0.686275
34402     0.705882
34403     0.733333
34404     0.752941
34405     0.752941
34406     0.788235
34407     0.831373
34408     0.862745
34409     0.874510
34410     0.878431
34411     0.878431
34412     0.882353
34413     0.839216
34414     0.811765
34415     0.796078
34416     0.819608
34417     0.866667
34418     0.901961
34419     0.901961
34420     0.886275
34421     0.850980
34422     0.807843
34423     0.776471
34424     0.772549
34425     0.764706
34426     0.737255
34427     0.725490
34428     0.729412
34429     0.694118
34430     0.705882
34431     0.713726
34432     0.713726
34433     0.701961
34434     0.686275
34435     0.674510
34436     0.666667
34437     0.686275
34438     0.678431
34439     0.674510
34440     0.678431
34441     0.690196
34442     0.705882
34443     0.713726
34444     0.717647
34445     0.713726
34446     0.717647
34447     0.729412
34448     0.745098
34449     0.752941
34450     0.733333
34451     0.694118
34452     0.662745
34453     0.631373
34454     0.631373
34455     0.631373
34456     0.635294
34457     0.639216
34458     0.650980
34459     0.658824
34460     0.666667
34461     0.654902
34462     0.654902
34463     0.658824
34464     0.654902
34465     0.650980
34466     0.654902
34467     0.666667
34468     0.678431
34469     0.678431
34470     0.682353
34471     0.690196
34472     0.709804
34473     0.729412
34474     0.741176
34475     0.737255
34476     0.733333
34477     0.752941
34478     0.745098
34479     0.733333
34480     0.725490
34481     0.725490
34482     0.741176
34483     0.760784
34484     0.772549
34485     0.749020
34486     0.725490
34487     0.701961
34488     0.701961
34489     0.713726
34490     0.721569
34491     0.713726
34492     0.705882
34493     0.733333
34494     0.756863
34495     0.760784
34496     0.741176
34497     0.725490
34498     0.729412
34499     0.737255
34500     0.737255
34501     0.792157
34502     0.768627
34503     0.745098
34504     0.800000
34505     0.788235
34506     0.760784
34507     0.729412
34508     0.701961
34509     0.686275
34510     0.690196
34511     0.698039
34512     0.756863
34513     0.749020
34514     0.741176
34515     0.721569
34516     0.701961
34517     0.690196
34518     0.690196
34519     0.690196
34520     0.690196
34521     0.701961
34522     0.717647
34523     0.721569
34524     0.717647
34525     0.717647
34526     0.725490
34527     0.737255
34528     0.701961
34529     0.678431
34530     0.658824
34531     0.670588
34532     0.694118
34533     0.705882
34534     0.694118
34535     0.674510
34536     0.654902
34537     0.666667
34538     0.678431
34539     0.682353
34540     0.678431
34541     0.674510
34542     0.670588
34543     0.670588
34544     0.705882
34545     0.725490
34546     0.737255
34547     0.725490
34548     0.701961
34549     0.690196
34550     0.694118
34551     0.709804
34552     0.741176
34553     0.745098
34554     0.752941
34555     0.760784
34556     0.772549
34557     0.788235
34558     0.803922
34559     0.815686
34560     0.815686
34561     0.866667
34562     0.835294
34563     0.760784
34564     0.666667
34565     0.494118
34566     0.388235
34567     0.431373
34568     0.466667
34569     0.478431
34570     0.490196
34571     0.490196
34572     0.482353
34573     0.466667
34574     0.454902
34575     0.450980
34576     0.427451
34577     0.443137
34578     0.458824
34579     0.458824
34580     0.443137
34581     0.415686
34582     0.392157
34583     0.376471
34584     0.317647
34585     0.309804
34586     0.274510
34587     0.223529
34588     0.207843
34589     0.231373
34590     0.247059
34591     0.243137
34592     0.254902
34593     0.243137
34594     0.235294
34595     0.231373
34596     0.243137
34597     0.258824
34598     0.266667
34599     0.270588
34600     0.215686
34601     0.227451
34602     0.250980
34603     0.282353
34604     0.301961
34605     0.301961
34606     0.286275
34607     0.266667
34608     0.235294
34609     0.250980
34610     0.278431
34611     0.313726
34612     0.329412
34613     0.317647
34614     0.282353
34615     0.250980
34616     0.258824
34617     0.325490
34618     0.419608
34619     0.521569
34620     0.643137
34621     0.733333
34622     0.752941
34623     0.725490
34624     0.741176
34625     0.713726
34626     0.678431
34627     0.662745
34628     0.666667
34629     0.686275
34630     0.709804
34631     0.725490
34632     0.764706
34633     0.780392
34634     0.803922
34635     0.819608
34636     0.835294
34637     0.850980
34638     0.866667
34639     0.878431
34640     0.874510
34641     0.850980
34642     0.819608
34643     0.800000
34644     0.807843
34645     0.835294
34646     0.870588
34647     0.894118
34648     0.870588
34649     0.858824
34650     0.835294
34651     0.807843
34652     0.784314
34653     0.764706
34654     0.733333
34655     0.705882
34656     0.682353
34657     0.694118
34658     0.709804
34659     0.717647
34660     0.701961
34661     0.686275
34662     0.682353
34663     0.690196
34664     0.650980
34665     0.666667
34666     0.674510
34667     0.674510
34668     0.694118
34669     0.717647
34670     0.717647
34671     0.701961
34672     0.725490
34673     0.737255
34674     0.733333
34675     0.725490
34676     0.725490
34677     0.737255
34678     0.729412
34679     0.713726
34680     0.654902
34681     0.650980
34682     0.650980
34683     0.650980
34684     0.650980
34685     0.658824
34686     0.666667
34687     0.674510
34688     0.674510
34689     0.662745
34690     0.650980
34691     0.647059
34692     0.654902
34693     0.658824
34694     0.658824
34695     0.654902
34696     0.647059
34697     0.658824
34698     0.674510
34699     0.698039
34700     0.725490
34701     0.741176
34702     0.749020
34703     0.749020
34704     0.737255
34705     0.721569
34706     0.701961
34707     0.690196
34708     0.701961
34709     0.729412
34710     0.764706
34711     0.788235
34712     0.780392
34713     0.752941
34714     0.713726
34715     0.686275
34716     0.678431
34717     0.682353
34718     0.690196
34719     0.694118
34720     0.690196
34721     0.713726
34722     0.741176
34723     0.745098
34724     0.729412
34725     0.717647
34726     0.721569
34727     0.737255
34728     0.788235
34729     0.780392
34730     0.772549
34731     0.788235
34732     0.768627
34733     0.737255
34734     0.698039
34735     0.670588
34736     0.662745
34737     0.670588
34738     0.686275
34739     0.729412
34740     0.741176
34741     0.752941
34742     0.741176
34743     0.713726
34744     0.690196
34745     0.682353
34746     0.686275
34747     0.709804
34748     0.717647
34749     0.721569
34750     0.717647
34751     0.709804
34752     0.705882
34753     0.717647
34754     0.725490
34755     0.721569
34756     0.705882
34757     0.690196
34758     0.698039
34759     0.713726
34760     0.721569
34761     0.709804
34762     0.694118
34763     0.674510
34764     0.682353
34765     0.694118
34766     0.686275
34767     0.666667
34768     0.650980
34769     0.647059
34770     0.647059
34771     0.666667
34772     0.686275
34773     0.709804
34774     0.717647
34775     0.709804
34776     0.701961
34777     0.698039
34778     0.698039
34779     0.709804
34780     0.737255
34781     0.776471
34782     0.803922
34783     0.815686
34784     0.815686
34785     0.823529
34786     0.831373
34787     0.839216
34788     0.874510
34789     0.847059
34790     0.803922
34791     0.749020
34792     0.592157
34793     0.454902
34794     0.443137
34795     0.447059
34796     0.454902
34797     0.462745
34798     0.462745
34799     0.458824
34800     0.450980
34801     0.447059
34802     0.443137
34803     0.419608
34804     0.431373
34805     0.447059
34806     0.454902
34807     0.447059
34808     0.427451
34809     0.407843
34810     0.396078
34811     0.345098
34812     0.349020
34813     0.317647
34814     0.258824
34815     0.219608
34816     0.223529
34817     0.247059
34818     0.254902
34819     0.258824
34820     0.247059
34821     0.235294
34822     0.235294
34823     0.247059
34824     0.266667
34825     0.278431
34826     0.282353
34827     0.223529
34828     0.223529
34829     0.239216
34830     0.274510
34831     0.305882
34832     0.309804
34833     0.278431
34834     0.243137
34835     0.231373
34836     0.247059
34837     0.274510
34838     0.305882
34839     0.325490
34840     0.317647
34841     0.286275
34842     0.254902
34843     0.258824
34844     0.286275
34845     0.345098
34846     0.423529
34847     0.521569
34848     0.611765
34849     0.682353
34850     0.717647
34851     0.725490
34852     0.709804
34853     0.686275
34854     0.666667
34855     0.658824
34856     0.666667
34857     0.682353
34858     0.694118
34859     0.752941
34860     0.768627
34861     0.792157
34862     0.811765
34863     0.827451
34864     0.839216
34865     0.854902
34866     0.866667
34867     0.850980
34868     0.850980
34869     0.839216
34870     0.811765
34871     0.792157
34872     0.803922
34873     0.847059
34874     0.882353
34875     0.878431
34876     0.858824
34877     0.831373
34878     0.803922
34879     0.788235
34880     0.764706
34881     0.729412
34882     0.701961
34883     0.701961
34884     0.705882
34885     0.713726
34886     0.721569
34887     0.721569
34888     0.713726
34889     0.709804
34890     0.709804
34891     0.639216
34892     0.643137
34893     0.650980
34894     0.662745
34895     0.678431
34896     0.690196
34897     0.705882
34898     0.717647
34899     0.764706
34900     0.764706
34901     0.749020
34902     0.729412
34903     0.721569
34904     0.729412
34905     0.729412
34906     0.717647
34907     0.670588
34908     0.662745
34909     0.654902
34910     0.650980
34911     0.647059
34912     0.650980
34913     0.658824
34914     0.662745
34915     0.674510
34916     0.666667
34917     0.658824
34918     0.654902
34919     0.658824
34920     0.662745
34921     0.666667
34922     0.670588
34923     0.674510
34924     0.686275
34925     0.701961
34926     0.713726
34927     0.721569
34928     0.729412
34929     0.741176
34930     0.749020
34931     0.749020
34932     0.733333
34933     0.709804
34934     0.698039
34935     0.701961
34936     0.729412
34937     0.760784
34938     0.784314
34939     0.788235
34940     0.756863
34941     0.713726
34942     0.682353
34943     0.670588
34944     0.674510
34945     0.682353
34946     0.686275
34947     0.690196
34948     0.709804
34949     0.729412
34950     0.729412
34951     0.717647
34952     0.709804
34953     0.713726
34954     0.725490
34955     0.776471
34956     0.768627
34957     0.764706
34958     0.780392
34959     0.756863
34960     0.717647
34961     0.674510
34962     0.647059
34963     0.643137
34964     0.658824
34965     0.674510
34966     0.698039
34967     0.725490
34968     0.752941
34969     0.752941
34970     0.729412
34971     0.701961
34972     0.686275
34973     0.686275
34974     0.725490
34975     0.721569
34976     0.713726
34977     0.698039
34978     0.690196
34979     0.690196
34980     0.698039
34981     0.709804
34982     0.729412
34983     0.721569
34984     0.717647
34985     0.717647
34986     0.725490
34987     0.721569
34988     0.713726
34989     0.705882
34990     0.694118
34991     0.705882
34992     0.709804
34993     0.690196
34994     0.654902
34995     0.627451
34996     0.619608
34997     0.623529
34998     0.623529
34999     0.643137
35000     0.674510
35001     0.701961
35002     0.713726
35003     0.713726
35004     0.701961
35005     0.694118
35006     0.666667
35007     0.713726
35008     0.772549
35009     0.823529
35010     0.843137
35011     0.843137
35012     0.839216
35013     0.839216
35014     0.854902
35015     0.866667
35016     0.847059
35017     0.847059
35018     0.831373
35019     0.701961
35020     0.533333
35021     0.454902
35022     0.447059
35023     0.447059
35024     0.443137
35025     0.443137
35026     0.439216
35027     0.435294
35028     0.431373
35029     0.431373
35030     0.415686
35031     0.423529
35032     0.435294
35033     0.447059
35034     0.447059
35035     0.439216
35036     0.427451
35037     0.419608
35038     0.356863
35039     0.368627
35040     0.345098
35041     0.282353
35042     0.227451
35043     0.219608
35044     0.247059
35045     0.270588
35046     0.258824
35047     0.247059
35048     0.235294
35049     0.239216
35050     0.254902
35051     0.274510
35052     0.290196
35053     0.298039
35054     0.266667
35055     0.254902
35056     0.258824
35057     0.282353
35058     0.313726
35059     0.309804
35060     0.270588
35061     0.231373
35062     0.243137
35063     0.247059
35064     0.262745
35065     0.290196
35066     0.309804
35067     0.309804
35068     0.290196
35069     0.266667
35070     0.286275
35071     0.270588
35072     0.286275
35073     0.329412
35074     0.376471
35075     0.443137
35076     0.556863
35077     0.666667
35078     0.701961
35079     0.705882
35080     0.705882
35081     0.698039
35082     0.682353
35083     0.682353
35084     0.690196
35085     0.705882
35086     0.737255
35087     0.752941
35088     0.776471
35089     0.800000
35090     0.815686
35091     0.827451
35092     0.843137
35093     0.850980
35094     0.831373
35095     0.854902
35096     0.862745
35097     0.831373
35098     0.784314
35099     0.772549
35100     0.811765
35101     0.854902
35102     0.870588
35103     0.847059
35104     0.823529
35105     0.811765
35106     0.800000
35107     0.772549
35108     0.737255
35109     0.705882
35110     0.698039
35111     0.690196
35112     0.686275
35113     0.690196
35114     0.705882
35115     0.717647
35116     0.713726
35117     0.705882
35118     0.639216
35119     0.623529
35120     0.627451
35121     0.650980
35122     0.654902
35123     0.650980
35124     0.682353
35125     0.733333
35126     0.780392
35127     0.776471
35128     0.756863
35129     0.725490
35130     0.713726
35131     0.721569
35132     0.725490
35133     0.713726
35134     0.674510
35135     0.666667
35136     0.650980
35137     0.639216
35138     0.635294
35139     0.635294
35140     0.643137
35141     0.647059
35142     0.674510
35143     0.674510
35144     0.670588
35145     0.662745
35146     0.658824
35147     0.662745
35148     0.674510
35149     0.686275
35150     0.698039
35151     0.713726
35152     0.725490
35153     0.717647
35154     0.701961
35155     0.701961
35156     0.717647
35157     0.733333
35158     0.756863
35159     0.741176
35160     0.721569
35161     0.705882
35162     0.709804
35163     0.729412
35164     0.752941
35165     0.772549
35166     0.776471
35167     0.749020
35168     0.709804
35169     0.678431
35170     0.666667
35171     0.670588
35172     0.674510
35173     0.678431
35174     0.698039
35175     0.701961
35176     0.705882
35177     0.705882
35178     0.705882
35179     0.705882
35180     0.713726
35181     0.721569
35182     0.756863
35183     0.749020
35184     0.741176
35185     0.764706
35186     0.749020
35187     0.713726
35188     0.678431
35189     0.650980
35190     0.643137
35191     0.654902
35192     0.666667
35193     0.682353
35194     0.701961
35195     0.725490
35196     0.741176
35197     0.737255
35198     0.725490
35199     0.709804
35200     0.698039
35201     0.725490
35202     0.709804
35203     0.690196
35204     0.670588
35205     0.662745
35206     0.666667
35207     0.678431
35208     0.690196
35209     0.709804
35210     0.713726
35211     0.717647
35212     0.717647
35213     0.717647
35214     0.709804
35215     0.701961
35216     0.694118
35217     0.701961
35218     0.717647
35219     0.717647
35220     0.690196
35221     0.647059
35222     0.615686
35223     0.611765
35224     0.619608
35225     0.611765
35226     0.623529
35227     0.650980
35228     0.682353
35229     0.705882
35230     0.713726
35231     0.705882
35232     0.694118
35233     0.647059
35234     0.674510
35235     0.721569
35236     0.776471
35237     0.823529
35238     0.847059
35239     0.843137
35240     0.835294
35241     0.850980
35242     0.850980
35243     0.847059
35244     0.858824
35245     0.854902
35246     0.760784
35247     0.592157
35248     0.462745
35249     0.470588
35250     0.458824
35251     0.447059
35252     0.435294
35253     0.431373
35254     0.431373
35255     0.427451
35256     0.423529
35257     0.423529
35258     0.423529
35259     0.431373
35260     0.439216
35261     0.447059
35262     0.450980
35263     0.443137
35264     0.435294
35265     0.364706
35266     0.360784
35267     0.337255
35268     0.282353
35269     0.235294
35270     0.223529
35271     0.243137
35272     0.262745
35273     0.250980
35274     0.243137
35275     0.235294
35276     0.239216
35277     0.258824
35278     0.282353
35279     0.298039
35280     0.305882
35281     0.298039
35282     0.286275
35283     0.278431
35284     0.278431
35285     0.282353
35286     0.274510
35287     0.254902
35288     0.235294
35289     0.282353
35290     0.266667
35291     0.258824
35292     0.266667
35293     0.282353
35294     0.290196
35295     0.290196
35296     0.282353
35297     0.329412
35298     0.294118
35299     0.290196
35300     0.305882
35301     0.294118
35302     0.305882
35303     0.419608
35304     0.564706
35305     0.643137
35306     0.674510
35307     0.705882
35308     0.717647
35309     0.709804
35310     0.701961
35311     0.713726
35312     0.725490
35313     0.721569
35314     0.737255
35315     0.764706
35316     0.788235
35317     0.803922
35318     0.819608
35319     0.831373
35320     0.843137
35321     0.835294
35322     0.858824
35323     0.870588
35324     0.843137
35325     0.796078
35326     0.768627
35327     0.788235
35328     0.815686
35329     0.827451
35330     0.811765
35331     0.807843
35332     0.823529
35333     0.827451
35334     0.800000
35335     0.764706
35336     0.741176
35337     0.705882
35338     0.686275
35339     0.658824
35340     0.654902
35341     0.682353
35342     0.705882
35343     0.705882
35344     0.682353
35345     0.666667
35346     0.635294
35347     0.635294
35348     0.654902
35349     0.647059
35350     0.619608
35351     0.658824
35352     0.729412
35353     0.760784
35354     0.768627
35355     0.756863
35356     0.729412
35357     0.713726
35358     0.713726
35359     0.709804
35360     0.698039
35361     0.690196
35362     0.678431
35363     0.662745
35364     0.647059
35365     0.643137
35366     0.650980
35367     0.662745
35368     0.670588
35369     0.678431
35370     0.678431
35371     0.674510
35372     0.662745
35373     0.654902
35374     0.658824
35375     0.674510
35376     0.690196
35377     0.705882
35378     0.725490
35379     0.733333
35380     0.713726
35381     0.678431
35382     0.662745
35383     0.682353
35384     0.709804
35385     0.741176
35386     0.737255
35387     0.729412
35388     0.725490
35389     0.725490
35390     0.729412
35391     0.737255
35392     0.741176
35393     0.749020
35394     0.729412
35395     0.709804
35396     0.690196
35397     0.686275
35398     0.682353
35399     0.682353
35400     0.678431
35401     0.698039
35402     0.686275
35403     0.674510
35404     0.678431
35405     0.690196
35406     0.705882
35407     0.717647
35408     0.721569
35409     0.725490
35410     0.717647
35411     0.705882
35412     0.737255
35413     0.729412
35414     0.709804
35415     0.682353
35416     0.658824
35417     0.643137
35418     0.647059
35419     0.650980
35420     0.686275
35421     0.682353
35422     0.686275
35423     0.709804
35424     0.733333
35425     0.745098
35426     0.737255
35427     0.721569
35428     0.713726
35429     0.694118
35430     0.666667
35431     0.647059
35432     0.639216
35433     0.647059
35434     0.658824
35435     0.670588
35436     0.690196
35437     0.698039
35438     0.705882
35439     0.713726
35440     0.713726
35441     0.705882
35442     0.694118
35443     0.690196
35444     0.701961
35445     0.709804
35446     0.709804
35447     0.686275
35448     0.650980
35449     0.627451
35450     0.623529
35451     0.627451
35452     0.631373
35453     0.635294
35454     0.647059
35455     0.666667
35456     0.690196
35457     0.701961
35458     0.705882
35459     0.701961
35460     0.670588
35461     0.654902
35462     0.662745
35463     0.709804
35464     0.784314
35465     0.835294
35466     0.847059
35467     0.835294
35468     0.850980
35469     0.847059
35470     0.854902
35471     0.858824
35472     0.839216
35473     0.776471
35474     0.639216
35475     0.498039
35476     0.466667
35477     0.450980
35478     0.435294
35479     0.427451
35480     0.431373
35481     0.431373
35482     0.431373
35483     0.423529
35484     0.427451
35485     0.427451
35486     0.427451
35487     0.439216
35488     0.454902
35489     0.458824
35490     0.454902
35491     0.443137
35492     0.400000
35493     0.372549
35494     0.333333
35495     0.286275
35496     0.250980
35497     0.227451
35498     0.227451
35499     0.235294
35500     0.239216
35501     0.235294
35502     0.231373
35503     0.239216
35504     0.262745
35505     0.282353
35506     0.298039
35507     0.305882
35508     0.282353
35509     0.286275
35510     0.278431
35511     0.262745
35512     0.243137
35513     0.239216
35514     0.258824
35515     0.274510
35516     0.325490
35517     0.298039
35518     0.262745
35519     0.243137
35520     0.254902
35521     0.270588
35522     0.286275
35523     0.290196
35524     0.337255
35525     0.309804
35526     0.313726
35527     0.325490
35528     0.282353
35529     0.239216
35530     0.321569
35531     0.450980
35532     0.572549
35533     0.615686
35534     0.670588
35535     0.701961
35536     0.705882
35537     0.698039
35538     0.701961
35539     0.705882
35540     0.705882
35541     0.725490
35542     0.756863
35543     0.780392
35544     0.800000
35545     0.811765
35546     0.823529
35547     0.831373
35548     0.850980
35549     0.862745
35550     0.866667
35551     0.850980
35552     0.819608
35553     0.788235
35554     0.776471
35555     0.776471
35556     0.768627
35557     0.764706
35558     0.784314
35559     0.827451
35560     0.843137
35561     0.823529
35562     0.803922
35563     0.800000
35564     0.752941
35565     0.725490
35566     0.678431
35567     0.654902
35568     0.674510
35569     0.705882
35570     0.701961
35571     0.674510
35572     0.701961
35573     0.666667
35574     0.654902
35575     0.670588
35576     0.647059
35577     0.607843
35578     0.639216
35579     0.701961
35580     0.749020
35581     0.772549
35582     0.780392
35583     0.756863
35584     0.729412
35585     0.713726
35586     0.694118
35587     0.670588
35588     0.701961
35589     0.690196
35590     0.674510
35591     0.666667
35592     0.670588
35593     0.686275
35594     0.705882
35595     0.721569
35596     0.686275
35597     0.678431
35598     0.670588
35599     0.658824
35600     0.650980
35601     0.658824
35602     0.670588
35603     0.682353
35604     0.705882
35605     0.729412
35606     0.737255
35607     0.709804
35608     0.666667
35609     0.647059
35610     0.666667
35611     0.694118
35612     0.709804
35613     0.721569
35614     0.733333
35615     0.741176
35616     0.741176
35617     0.733333
35618     0.717647
35619     0.709804
35620     0.725490
35621     0.725490
35622     0.725490
35623     0.729412
35624     0.733333
35625     0.729412
35626     0.717647
35627     0.705882
35628     0.690196
35629     0.662745
35630     0.635294
35631     0.635294
35632     0.662745
35633     0.694118
35634     0.709804
35635     0.709804
35636     0.698039
35637     0.686275
35638     0.670588
35639     0.705882
35640     0.701961
35641     0.690196
35642     0.670588
35643     0.650980
35644     0.635294
35645     0.635294
35646     0.639216
35647     0.694118
35648     0.682353
35649     0.674510
35650     0.690196
35651     0.717647
35652     0.741176
35653     0.749020
35654     0.745098
35655     0.721569
35656     0.698039
35657     0.662745
35658     0.639216
35659     0.635294
35660     0.643137
35661     0.650980
35662     0.658824
35663     0.682353
35664     0.686275
35665     0.698039
35666     0.713726
35667     0.729412
35668     0.725490
35669     0.709804
35670     0.694118
35671     0.698039
35672     0.698039
35673     0.694118
35674     0.678431
35675     0.662745
35676     0.650980
35677     0.643137
35678     0.643137
35679     0.650980
35680     0.650980
35681     0.654902
35682     0.662745
35683     0.670588
35684     0.686275
35685     0.701961
35686     0.713726
35687     0.698039
35688     0.662745
35689     0.647059
35690     0.678431
35691     0.749020
35692     0.815686
35693     0.843137
35694     0.843137
35695     0.858824
35696     0.858824
35697     0.874510
35698     0.866667
35699     0.831373
35700     0.800000
35701     0.698039
35702     0.549020
35703     0.447059
35704     0.431373
35705     0.415686
35706     0.415686
35707     0.423529
35708     0.431373
35709     0.427451
35710     0.419608
35711     0.427451
35712     0.423529
35713     0.423529
35714     0.443137
35715     0.462745
35716     0.474510
35717     0.466667
35718     0.454902
35719     0.454902
35720     0.411765
35721     0.356863
35722     0.309804
35723     0.262745
35724     0.223529
35725     0.203922
35726     0.203922
35727     0.231373
35728     0.231373
35729     0.235294
35730     0.250980
35731     0.270588
35732     0.290196
35733     0.298039
35734     0.298039
35735     0.278431
35736     0.290196
35737     0.298039
35738     0.278431
35739     0.254902
35740     0.262745
35741     0.305882
35742     0.345098
35743     0.352941
35744     0.313726
35745     0.266667
35746     0.243137
35747     0.243137
35748     0.266667
35749     0.282353
35750     0.290196
35751     0.313726
35752     0.301961
35753     0.321569
35754     0.333333
35755     0.286275
35756     0.231373
35757     0.278431
35758     0.376471
35759     0.525490
35760     0.572549
35761     0.635294
35762     0.682353
35763     0.698039
35764     0.694118
35765     0.686275
35766     0.682353
35767     0.690196
35768     0.713726
35769     0.745098
35770     0.772549
35771     0.792157
35772     0.803922
35773     0.811765
35774     0.819608
35775     0.862745
35776     0.858824
35777     0.854902
35778     0.850980
35779     0.835294
35780     0.807843
35781     0.776471
35782     0.756863
35783     0.725490
35784     0.729412
35785     0.760784
35786     0.811765
35787     0.831373
35788     0.819608
35789     0.831373
35790     0.858824
35791     0.815686
35792     0.784314
35793     0.721569
35794     0.666667
35795     0.662745
35796     0.694118
35797     0.694118
35798     0.662745
35799     0.709804
35800     0.682353
35801     0.670588
35802     0.670588
35803     0.647059
35804     0.619608
35805     0.635294
35806     0.670588
35807     0.749020
35808     0.784314
35809     0.807843
35810     0.788235
35811     0.756863
35812     0.721569
35813     0.686275
35814     0.658824
35815     0.674510
35816     0.662745
35817     0.647059
35818     0.643137
35819     0.654902
35820     0.682353
35821     0.709804
35822     0.729412
35823     0.705882
35824     0.686275
35825     0.662745
35826     0.654902
35827     0.654902
35828     0.662745
35829     0.666667
35830     0.670588
35831     0.701961
35832     0.725490
35833     0.733333
35834     0.713726
35835     0.670588
35836     0.654902
35837     0.670588
35838     0.694118
35839     0.690196
35840     0.705882
35841     0.729412
35842     0.749020
35843     0.749020
35844     0.737255
35845     0.717647
35846     0.701961
35847     0.725490
35848     0.733333
35849     0.741176
35850     0.760784
35851     0.772549
35852     0.772549
35853     0.760784
35854     0.749020
35855     0.698039
35856     0.650980
35857     0.603922
35858     0.600000
35859     0.639216
35860     0.678431
35861     0.694118
35862     0.690196
35863     0.682353
35864     0.670588
35865     0.650980
35866     0.694118
35867     0.686275
35868     0.674510
35869     0.654902
35870     0.635294
35871     0.631373
35872     0.635294
35873     0.647059
35874     0.690196
35875     0.694118
35876     0.694118
35877     0.694118
35878     0.698039
35879     0.713726
35880     0.741176
35881     0.760784
35882     0.749020
35883     0.721569
35884     0.682353
35885     0.654902
35886     0.647059
35887     0.650980
35888     0.650980
35889     0.650980
35890     0.674510
35891     0.674510
35892     0.686275
35893     0.717647
35894     0.745098
35895     0.749020
35896     0.729412
35897     0.705882
35898     0.701961
35899     0.690196
35900     0.678431
35901     0.674510
35902     0.674510
35903     0.674510
35904     0.662745
35905     0.654902
35906     0.647059
35907     0.658824
35908     0.666667
35909     0.666667
35910     0.662745
35911     0.674510
35912     0.694118
35913     0.713726
35914     0.698039
35915     0.678431
35916     0.666667
35917     0.682353
35918     0.729412
35919     0.784314
35920     0.819608
35921     0.839216
35922     0.866667
35923     0.858824
35924     0.882353
35925     0.874510
35926     0.835294
35927     0.835294
35928     0.752941
35929     0.588235
35930     0.454902
35931     0.435294
35932     0.415686
35933     0.415686
35934     0.419608
35935     0.423529
35936     0.407843
35937     0.392157
35938     0.411765
35939     0.407843
35940     0.419608
35941     0.443137
35942     0.474510
35943     0.490196
35944     0.482353
35945     0.466667
35946     0.474510
35947     0.431373
35948     0.380392
35949     0.329412
35950     0.262745
35951     0.203922
35952     0.188235
35953     0.200000
35954     0.231373
35955     0.235294
35956     0.247059
35957     0.266667
35958     0.286275
35959     0.298039
35960     0.298039
35961     0.294118
35962     0.286275
35963     0.301961
35964     0.305882
35965     0.298039
35966     0.282353
35967     0.294118
35968     0.325490
35969     0.360784
35970     0.349020
35971     0.317647
35972     0.274510
35973     0.254902
35974     0.258824
35975     0.274510
35976     0.286275
35977     0.290196
35978     0.317647
35979     0.309804
35980     0.313726
35981     0.317647
35982     0.278431
35983     0.243137
35984     0.278431
35985     0.345098
35986     0.470588
35987     0.513726
35988     0.584314
35989     0.650980
35990     0.690196
35991     0.698039
35992     0.686275
35993     0.670588
35994     0.674510
35995     0.698039
35996     0.729412
35997     0.760784
35998     0.776471
35999     0.788235
36000     0.800000
36001     0.803922
36002     0.854902
36003     0.854902
36004     0.854902
36005     0.850980
36006     0.835294
36007     0.807843
36008     0.776471
36009     0.752941
36010     0.721569
36011     0.717647
36012     0.745098
36013     0.780392
36014     0.784314
36015     0.784314
36016     0.831373
36017     0.898039
36018     0.894118
36019     0.862745
36020     0.784314
36021     0.698039
36022     0.674510
36023     0.698039
36024     0.694118
36025     0.662745
36026     0.678431
36027     0.670588
36028     0.662745
36029     0.654902
36030     0.647059
36031     0.643137
36032     0.643137
36033     0.643137
36034     0.725490
36035     0.768627
36036     0.800000
36037     0.792157
36038     0.764706
36039     0.733333
36040     0.701961
36041     0.678431
36042     0.643137
36043     0.631373
36044     0.619608
36045     0.615686
36046     0.631373
36047     0.662745
36048     0.698039
36049     0.721569
36050     0.729412
36051     0.698039
36052     0.662745
36053     0.650980
36054     0.662745
36055     0.674510
36056     0.670588
36057     0.658824
36058     0.682353
36059     0.701961
36060     0.713726
36061     0.701961
36062     0.674510
36063     0.658824
36064     0.670588
36065     0.686275
36066     0.686275
36067     0.701961
36068     0.725490
36069     0.745098
36070     0.749020
36071     0.745098
36072     0.729412
36073     0.721569
36074     0.733333
36075     0.733333
36076     0.741176
36077     0.756863
36078     0.772549
36079     0.780392
36080     0.780392
36081     0.776471
36082     0.737255
36083     0.674510
36084     0.607843
36085     0.596078
36086     0.639216
36087     0.678431
36088     0.690196
36089     0.678431
36090     0.682353
36091     0.670588
36092     0.650980
36093     0.698039
36094     0.686275
36095     0.666667
36096     0.643137
36097     0.631373
36098     0.631373
36099     0.647059
36100     0.662745
36101     0.682353
36102     0.705882
36103     0.721569
36104     0.705882
36105     0.682353
36106     0.686275
36107     0.725490
36108     0.764706
36109     0.776471
36110     0.745098
36111     0.705882
36112     0.674510
36113     0.662745
36114     0.658824
36115     0.654902
36116     0.650980
36117     0.666667
36118     0.662745
36119     0.674510
36120     0.709804
36121     0.752941
36122     0.760784
36123     0.737255
36124     0.705882
36125     0.705882
36126     0.686275
36127     0.670588
36128     0.670588
36129     0.682353
36130     0.686275
36131     0.674510
36132     0.658824
36133     0.639216
36134     0.654902
36135     0.670588
36136     0.670588
36137     0.662745
36138     0.666667
36139     0.690196
36140     0.713726
36141     0.678431
36142     0.682353
36143     0.690196
36144     0.701961
36145     0.717647
36146     0.752941
36147     0.796078
36148     0.827451
36149     0.866667
36150     0.850980
36151     0.878431
36152     0.874510
36153     0.843137
36154     0.858824
36155     0.784314
36156     0.603922
36157     0.482353
36158     0.462745
36159     0.435294
36160     0.423529
36161     0.423529
36162     0.411765
36163     0.384314
36164     0.360784
36165     0.396078
36166     0.396078
36167     0.411765
36168     0.447059
36169     0.482353
36170     0.501961
36171     0.494118
36172     0.478431
36173     0.454902
36174     0.427451
36175     0.392157
36176     0.337255
36177     0.254902
36178     0.188235
36179     0.180392
36180     0.215686
36181     0.231373
36182     0.239216
36183     0.254902
36184     0.278431
36185     0.298039
36186     0.305882
36187     0.298039
36188     0.290196
36189     0.286275
36190     0.290196
36191     0.290196
36192     0.286275
36193     0.282353
36194     0.282353
36195     0.298039
36196     0.309804
36197     0.333333
36198     0.309804
36199     0.282353
36200     0.270588
36201     0.274510
36202     0.286275
36203     0.286275
36204     0.286275
36205     0.345098
36206     0.329412
36207     0.313726
36208     0.298039
36209     0.266667
36210     0.250980
36211     0.286275
36212     0.337255
36213     0.400000
36214     0.447059
36215     0.525490
36216     0.607843
36217     0.666667
36218     0.686275
36219     0.674510
36220     0.658824
36221     0.658824
36222     0.686275
36223     0.721569
36224     0.749020
36225     0.768627
36226     0.780392
36227     0.788235
36228     0.796078
36229     0.839216
36230     0.850980
36231     0.854902
36232     0.850980
36233     0.831373
36234     0.800000
36235     0.772549
36236     0.756863
36237     0.733333
36238     0.721569
36239     0.733333
36240     0.752941
36241     0.745098
36242     0.749020
36243     0.823529
36244     0.913725
36245     0.968627
36246     0.937255
36247     0.850980
36248     0.749020
36249     0.709804
36250     0.725490
36251     0.721569
36252     0.690196
36253     0.639216
36254     0.650980
36255     0.650980
36256     0.639216
36257     0.647059
36258     0.662745
36259     0.654902
36260     0.631373
36261     0.682353
36262     0.733333
36263     0.772549
36264     0.776471
36265     0.756863
36266     0.741176
36267     0.725490
36268     0.705882
36269     0.650980
36270     0.639216
36271     0.623529
36272     0.619608
36273     0.635294
36274     0.666667
36275     0.705882
36276     0.729412
36277     0.749020
36278     0.705882
36279     0.662745
36280     0.654902
36281     0.674510
36282     0.686275
36283     0.674510
36284     0.654902
36285     0.654902
36286     0.674510
36287     0.694118
36288     0.690196
36289     0.670588
36290     0.658824
36291     0.662745
36292     0.674510
36293     0.690196
36294     0.701961
36295     0.721569
36296     0.737255
36297     0.749020
36298     0.749020
36299     0.745098
36300     0.741176
36301     0.733333
36302     0.729412
36303     0.729412
36304     0.737255
36305     0.752941
36306     0.768627
36307     0.776471
36308     0.776471
36309     0.784314
36310     0.709804
36311     0.631373
36312     0.615686
36313     0.650980
36314     0.690196
36315     0.698039
36316     0.682353
36317     0.690196
36318     0.674510
36319     0.658824
36320     0.698039
36321     0.682353
36322     0.666667
36323     0.666667
36324     0.670588
36325     0.666667
36326     0.650980
36327     0.639216
36328     0.682353
36329     0.709804
36330     0.717647
36331     0.690196
36332     0.670588
36333     0.690196
36334     0.721569
36335     0.745098
36336     0.792157
36337     0.768627
36338     0.733333
36339     0.701961
36340     0.682353
36341     0.666667
36342     0.650980
36343     0.643137
36344     0.647059
36345     0.658824
36346     0.682353
36347     0.713726
36348     0.745098
36349     0.760784
36350     0.764706
36351     0.760784
36352     0.698039
36353     0.698039
36354     0.682353
36355     0.654902
36356     0.647059
36357     0.658824
36358     0.666667
36359     0.658824
36360     0.658824
36361     0.666667
36362     0.670588
36363     0.666667
36364     0.654902
36365     0.650980
36366     0.658824
36367     0.674510
36368     0.701961
36369     0.694118
36370     0.686275
36371     0.686275
36372     0.701961
36373     0.733333
36374     0.768627
36375     0.788235
36376     0.827451
36377     0.827451
36378     0.854902
36379     0.862745
36380     0.831373
36381     0.815686
36382     0.756863
36383     0.662745
36384     0.498039
36385     0.450980
36386     0.450980
36387     0.454902
36388     0.415686
36389     0.396078
36390     0.388235
36391     0.364706
36392     0.376471
36393     0.380392
36394     0.396078
36395     0.419608
36396     0.443137
36397     0.458824
36398     0.462745
36399     0.462745
36400     0.407843
36401     0.423529
36402     0.423529
36403     0.380392
36404     0.301961
36405     0.227451
36406     0.184314
36407     0.168627
36408     0.203922
36409     0.239216
36410     0.274510
36411     0.294118
36412     0.301961
36413     0.309804
36414     0.313726
36415     0.313726
36416     0.305882
36417     0.313726
36418     0.313726
36419     0.301961
36420     0.290196
36421     0.286275
36422     0.298039
36423     0.309804
36424     0.325490
36425     0.309804
36426     0.290196
36427     0.270588
36428     0.262745
36429     0.262745
36430     0.274510
36431     0.282353
36432     0.325490
36433     0.325490
36434     0.305882
36435     0.278431
36436     0.282353
36437     0.305882
36438     0.313726
36439     0.298039
36440     0.337255
36441     0.380392
36442     0.419608
36443     0.478431
36444     0.603922
36445     0.725490
36446     0.725490
36447     0.654902
36448     0.662745
36449     0.678431
36450     0.709804
36451     0.741176
36452     0.760784
36453     0.768627
36454     0.788235
36455     0.807843
36456     0.800000
36457     0.819608
36458     0.843137
36459     0.850980
36460     0.839216
36461     0.811765
36462     0.788235
36463     0.772549
36464     0.729412
36465     0.729412
36466     0.733333
36467     0.729412
36468     0.713726
36469     0.737255
36470     0.831373
36471     0.933333
36472     0.968627
36473     0.972549
36474     0.933333
36475     0.843137
36476     0.756863
36477     0.717647
36478     0.701961
36479     0.690196
36480     0.623529
36481     0.627451
36482     0.631373
36483     0.639216
36484     0.650980
36485     0.658824
36486     0.658824
36487     0.654902
36488     0.666667
36489     0.682353
36490     0.709804
36491     0.741176
36492     0.760784
36493     0.756863
36494     0.729412
36495     0.701961
36496     0.686275
36497     0.666667
36498     0.635294
36499     0.615686
36500     0.623529
36501     0.654902
36502     0.694118
36503     0.717647
36504     0.721569
36505     0.698039
36506     0.674510
36507     0.670588
36508     0.678431
36509     0.686275
36510     0.678431
36511     0.666667
36512     0.603922
36513     0.619608
36514     0.658824
36515     0.690196
36516     0.690196
36517     0.674510
36518     0.674510
36519     0.690196
36520     0.701961
36521     0.709804
36522     0.717647
36523     0.717647
36524     0.713726
36525     0.721569
36526     0.745098
36527     0.760784
36528     0.768627
36529     0.752941
36530     0.733333
36531     0.717647
36532     0.717647
36533     0.737255
36534     0.756863
36535     0.772549
36536     0.796078
36537     0.764706
36538     0.717647
36539     0.686275
36540     0.674510
36541     0.678431
36542     0.678431
36543     0.678431
36544     0.686275
36545     0.682353
36546     0.670588
36547     0.705882
36548     0.694118
36549     0.686275
36550     0.686275
36551     0.694118
36552     0.690196
36553     0.670588
36554     0.654902
36555     0.666667
36556     0.686275
36557     0.690196
36558     0.670588
36559     0.670588
36560     0.701961
36561     0.741176
36562     0.764706
36563     0.796078
36564     0.780392
36565     0.752941
36566     0.721569
36567     0.694118
36568     0.670588
36569     0.658824
36570     0.650980
36571     0.643137
36572     0.650980
36573     0.666667
36574     0.694118
36575     0.729412
36576     0.756863
36577     0.772549
36578     0.776471
36579     0.729412
36580     0.717647
36581     0.682353
36582     0.635294
36583     0.619608
36584     0.635294
36585     0.647059
36586     0.647059
36587     0.670588
36588     0.674510
36589     0.666667
36590     0.643137
36591     0.619608
36592     0.615686
36593     0.635294
36594     0.654902
36595     0.686275
36596     0.678431
36597     0.670588
36598     0.670588
36599     0.686275
36600     0.713726
36601     0.745098
36602     0.760784
36603     0.800000
36604     0.803922
36605     0.843137
36606     0.854902
36607     0.823529
36608     0.807843
36609     0.760784
36610     0.678431
36611     0.490196
36612     0.431373
36613     0.419608
36614     0.439216
36615     0.427451
36616     0.419608
36617     0.407843
36618     0.368627
36619     0.364706
36620     0.368627
36621     0.376471
36622     0.392157
36623     0.411765
36624     0.419608
36625     0.419608
36626     0.411765
36627     0.407843
36628     0.419608
36629     0.423529
36630     0.400000
36631     0.345098
36632     0.274510
36633     0.211765
36634     0.172549
36635     0.207843
36636     0.231373
36637     0.258824
36638     0.282353
36639     0.301961
36640     0.317647
36641     0.333333
36642     0.341176
36643     0.298039
36644     0.298039
36645     0.294118
36646     0.282353
36647     0.266667
36648     0.262745
36649     0.274510
36650     0.286275
36651     0.301961
36652     0.294118
36653     0.282353
36654     0.262745
36655     0.247059
36656     0.247059
36657     0.258824
36658     0.274510
36659     0.301961
36660     0.301961
36661     0.286275
36662     0.262745
36663     0.262745
36664     0.282353
36665     0.278431
36666     0.262745
36667     0.247059
36668     0.290196
36669     0.325490
36670     0.364706
36671     0.458824
36672     0.588235
36673     0.678431
36674     0.705882
36675     0.674510
36676     0.674510
36677     0.682353
36678     0.701961
36679     0.721569
36680     0.749020
36681     0.776471
36682     0.800000
36683     0.807843
36684     0.819608
36685     0.835294
36686     0.843137
36687     0.835294
36688     0.811765
36689     0.784314
36690     0.760784
36691     0.717647
36692     0.741176
36693     0.764706
36694     0.760784
36695     0.733333
36696     0.745098
36697     0.839216
36698     0.937255
36699     0.980392
36700     0.984314
36701     0.956863
36702     0.870588
36703     0.784314
36704     0.729412
36705     0.694118
36706     0.674510
36707     0.631373
36708     0.631373
36709     0.639216
36710     0.647059
36711     0.662745
36712     0.674510
36713     0.678431
36714     0.678431
36715     0.662745
36716     0.670588
36717     0.694118
36718     0.725490
36719     0.752941
36720     0.768627
36721     0.764706
36722     0.752941
36723     0.725490
36724     0.701961
36725     0.662745
36726     0.631373
36727     0.619608
36728     0.631373
36729     0.654902
36730     0.670588
36731     0.713726
36732     0.694118
36733     0.674510
36734     0.670588
36735     0.682353
36736     0.686275
36737     0.674510
36738     0.662745
36739     0.603922
36740     0.619608
36741     0.654902
36742     0.686275
36743     0.686275
36744     0.666667
36745     0.666667
36746     0.678431
36747     0.690196
36748     0.694118
36749     0.690196
36750     0.686275
36751     0.682353
36752     0.698039
36753     0.721569
36754     0.741176
36755     0.764706
36756     0.752941
36757     0.737255
36758     0.725490
36759     0.721569
36760     0.729412
36761     0.745098
36762     0.752941
36763     0.784314
36764     0.780392
36765     0.764706
36766     0.745098
36767     0.721569
36768     0.701961
36769     0.690196
36770     0.686275
36771     0.678431
36772     0.670588
36773     0.666667
36774     0.713726
36775     0.709804
36776     0.705882
36777     0.717647
36778     0.725490
36779     0.721569
36780     0.698039
36781     0.678431
36782     0.654902
36783     0.666667
36784     0.658824
36785     0.647059
36786     0.662745
36787     0.709804
36788     0.756863
36789     0.780392
36790     0.784314
36791     0.784314
36792     0.768627
36793     0.737255
36794     0.698039
36795     0.666667
36796     0.654902
36797     0.654902
36798     0.643137
36799     0.639216
36800     0.643137
36801     0.666667
36802     0.705882
36803     0.745098
36804     0.772549
36805     0.788235
36806     0.760784
36807     0.737255
36808     0.682353
36809     0.619608
36810     0.592157
36811     0.607843
36812     0.623529
36813     0.627451
36814     0.690196
36815     0.694118
36816     0.678431
36817     0.643137
36818     0.603922
36819     0.592157
36820     0.619608
36821     0.647059
36822     0.674510
36823     0.666667
36824     0.658824
36825     0.658824
36826     0.666667
36827     0.690196
36828     0.713726
36829     0.729412
36830     0.764706
36831     0.776471
36832     0.827451
36833     0.843137
36834     0.811765
36835     0.792157
36836     0.760784
36837     0.694118
36838     0.533333
36839     0.450980
36840     0.419608
36841     0.431373
36842     0.431373
36843     0.439216
36844     0.427451
36845     0.380392
36846     0.380392
36847     0.384314
36848     0.388235
36849     0.400000
36850     0.411765
36851     0.415686
36852     0.411765
36853     0.403922
36854     0.411765
36855     0.411765
36856     0.419608
36857     0.423529
36858     0.400000
36859     0.337255
36860     0.254902
36861     0.192157
36862     0.211765
36863     0.215686
36864     0.231373
36865     0.254902
36866     0.278431
36867     0.298039
36868     0.317647
36869     0.329412
36870     0.266667
36871     0.262745
36872     0.250980
36873     0.235294
36874     0.219608
36875     0.219608
36876     0.227451
36877     0.239216
36878     0.266667
36879     0.274510
36880     0.270588
36881     0.250980
36882     0.231373
36883     0.227451
36884     0.247059
36885     0.266667
36886     0.270588
36887     0.270588
36888     0.262745
36889     0.247059
36890     0.243137
36891     0.243137
36892     0.231373
36893     0.211765
36894     0.207843
36895     0.247059
36896     0.282353
36897     0.294118
36898     0.317647
36899     0.407843
36900     0.556863
36901     0.678431
36902     0.666667
36903     0.662745
36904     0.662745
36905     0.678431
36906     0.709804
36907     0.745098
36908     0.776471
36909     0.792157
36910     0.796078
36911     0.800000
36912     0.807843
36913     0.823529
36914     0.831373
36915     0.819608
36916     0.792157
36917     0.768627
36918     0.733333
36919     0.756863
36920     0.772549
36921     0.752941
36922     0.721569
36923     0.745098
36924     0.850980
36925     0.960784
36926     0.976471
36927     0.976471
36928     0.949020
36929     0.878431
36930     0.800000
36931     0.737255
36932     0.690196
36933     0.662745
36934     0.631373
36935     0.631373
36936     0.635294
36937     0.643137
36938     0.658824
36939     0.674510
36940     0.686275
36941     0.694118
36942     0.666667
36943     0.666667
36944     0.674510
36945     0.698039
36946     0.729412
36947     0.756863
36948     0.776471
36949     0.780392
36950     0.760784
36951     0.733333
36952     0.690196
36953     0.650980
36954     0.623529
36955     0.619608
36956     0.627451
36957     0.635294
36958     0.686275
36959     0.674510
36960     0.662745
36961     0.662745
36962     0.670588
36963     0.670588
36964     0.658824
36965     0.647059
36966     0.607843
36967     0.623529
36968     0.658824
36969     0.686275
36970     0.682353
36971     0.658824
36972     0.654902
36973     0.666667
36974     0.690196
36975     0.686275
36976     0.674510
36977     0.662745
36978     0.662745
36979     0.678431
36980     0.705882
36981     0.729412
36982     0.756863
36983     0.752941
36984     0.741176
36985     0.733333
36986     0.729412
36987     0.729412
36988     0.733333
36989     0.733333
36990     0.749020
36991     0.768627
36992     0.788235
36993     0.784314
36994     0.756863
36995     0.717647
36996     0.686275
36997     0.670588
36998     0.666667
36999     0.666667
37000     0.666667
37001     0.709804
37002     0.709804
37003     0.717647
37004     0.733333
37005     0.749020
37006     0.745098
37007     0.721569
37008     0.698039
37009     0.670588
37010     0.670588
37011     0.650980
37012     0.635294
37013     0.654902
37014     0.705882
37015     0.749020
37016     0.768627
37017     0.760784
37018     0.768627
37019     0.768627
37020     0.737255
37021     0.694118
37022     0.658824
37023     0.647059
37024     0.650980
37025     0.647059
37026     0.635294
37027     0.627451
37028     0.639216
37029     0.674510
37030     0.721569
37031     0.760784
37032     0.780392
37033     0.776471
37034     0.752941
37035     0.690196
37036     0.623529
37037     0.592157
37038     0.600000
37039     0.619608
37040     0.623529
37041     0.701961
37042     0.709804
37043     0.705882
37044     0.670588
37045     0.627451
37046     0.611765
37047     0.631373
37048     0.658824
37049     0.674510
37050     0.666667
37051     0.658824
37052     0.654902
37053     0.662745
37054     0.678431
37055     0.698039
37056     0.705882
37057     0.749020
37058     0.760784
37059     0.815686
37060     0.839216
37061     0.800000
37062     0.776471
37063     0.756863
37064     0.705882
37065     0.611765
37066     0.513726
37067     0.450980
37068     0.427451
37069     0.400000
37070     0.407843
37071     0.423529
37072     0.403922
37073     0.407843
37074     0.407843
37075     0.407843
37076     0.419608
37077     0.427451
37078     0.427451
37079     0.419608
37080     0.411765
37081     0.415686
37082     0.403922
37083     0.403922
37084     0.423529
37085     0.431373
37086     0.388235
37087     0.301961
37088     0.231373
37089     0.207843
37090     0.196078
37091     0.196078
37092     0.215686
37093     0.239216
37094     0.250980
37095     0.258824
37096     0.270588
37097     0.254902
37098     0.243137
37099     0.227451
37100     0.211765
37101     0.200000
37102     0.200000
37103     0.203922
37104     0.211765
37105     0.243137
37106     0.258824
37107     0.266667
37108     0.250980
37109     0.227451
37110     0.219608
37111     0.243137
37112     0.270588
37113     0.274510
37114     0.270588
37115     0.266667
37116     0.258824
37117     0.254902
37118     0.239216
37119     0.219608
37120     0.200000
37121     0.203922
37122     0.243137
37123     0.290196
37124     0.301961
37125     0.278431
37126     0.313726
37127     0.458824
37128     0.607843
37129     0.639216
37130     0.643137
37131     0.647059
37132     0.654902
37133     0.690196
37134     0.733333
37135     0.752941
37136     0.752941
37137     0.776471
37138     0.772549
37139     0.780392
37140     0.803922
37141     0.827451
37142     0.831373
37143     0.807843
37144     0.780392
37145     0.776471
37146     0.768627
37147     0.745098
37148     0.709804
37149     0.698039
37150     0.752941
37151     0.870588
37152     0.972549
37153     0.945098
37154     0.937255
37155     0.901961
37156     0.847059
37157     0.784314
37158     0.729412
37159     0.686275
37160     0.658824
37161     0.627451
37162     0.627451
37163     0.627451
37164     0.631373
37165     0.635294
37166     0.647059
37167     0.666667
37168     0.678431
37169     0.670588
37170     0.666667
37171     0.666667
37172     0.678431
37173     0.698039
37174     0.721569
37175     0.745098
37176     0.756863
37177     0.768627
37178     0.745098
37179     0.709804
37180     0.674510
37181     0.647059
37182     0.635294
37183     0.631373
37184     0.635294
37185     0.654902
37186     0.647059
37187     0.643137
37188     0.643137
37189     0.650980
37190     0.650980
37191     0.639216
37192     0.627451
37193     0.623529
37194     0.635294
37195     0.666667
37196     0.690196
37197     0.682353
37198     0.658824
37199     0.654902
37200     0.666667
37201     0.698039
37202     0.694118
37203     0.682353
37204     0.678431
37205     0.678431
37206     0.690196
37207     0.709804
37208     0.721569
37209     0.745098
37210     0.745098
37211     0.741176
37212     0.741176
37213     0.741176
37214     0.737255
37215     0.737255
37216     0.737255
37217     0.717647
37218     0.733333
37219     0.756863
37220     0.768627
37221     0.760784
37222     0.721569
37223     0.670588
37224     0.635294
37225     0.662745
37226     0.662745
37227     0.666667
37228     0.698039
37229     0.701961
37230     0.713726
37231     0.737255
37232     0.752941
37233     0.752941
37234     0.729412
37235     0.709804
37236     0.705882
37237     0.698039
37238     0.674510
37239     0.647059
37240     0.650980
37241     0.690196
37242     0.721569
37243     0.733333
37244     0.741176
37245     0.756863
37246     0.760784
37247     0.737255
37248     0.698039
37249     0.666667
37250     0.654902
37251     0.658824
37252     0.662745
37253     0.643137
37254     0.623529
37255     0.623529
37256     0.654902
37257     0.698039
37258     0.737255
37259     0.760784
37260     0.776471
37261     0.756863
37262     0.701961
37263     0.643137
37264     0.611765
37265     0.619608
37266     0.631373
37267     0.631373
37268     0.686275
37269     0.705882
37270     0.713726
37271     0.698039
37272     0.662745
37273     0.643137
37274     0.650980
37275     0.666667
37276     0.678431
37277     0.674510
37278     0.670588
37279     0.666667
37280     0.670588
37281     0.682353
37282     0.694118
37283     0.701961
37284     0.749020
37285     0.752941
37286     0.803922
37287     0.831373
37288     0.796078
37289     0.768627
37290     0.745098
37291     0.705882
37292     0.647059
37293     0.552941
37294     0.474510
37295     0.403922
37296     0.337255
37297     0.341176
37298     0.396078
37299     0.423529
37300     0.427451
37301     0.423529
37302     0.419608
37303     0.419608
37304     0.419608
37305     0.411765
37306     0.400000
37307     0.388235
37308     0.415686
37309     0.392157
37310     0.380392
37311     0.403922
37312     0.427451
37313     0.407843
37314     0.345098
37315     0.282353
37316     0.203922
37317     0.176471
37318     0.164706
37319     0.192157
37320     0.219608
37321     0.223529
37322     0.223529
37323     0.231373
37324     0.254902
37325     0.243137
37326     0.227451
37327     0.215686
37328     0.207843
37329     0.211765
37330     0.211765
37331     0.215686
37332     0.231373
37333     0.254902
37334     0.270588
37335     0.258824
37336     0.235294
37337     0.231373
37338     0.250980
37339     0.278431
37340     0.290196
37341     0.282353
37342     0.278431
37343     0.278431
37344     0.270588
37345     0.250980
37346     0.227451
37347     0.215686
37348     0.192157
37349     0.215686
37350     0.262745
37351     0.286275
37352     0.274510
37353     0.298039
37354     0.423529
37355     0.564706
37356     0.639216
37357     0.643137
37358     0.631373
37359     0.615686
37360     0.635294
37361     0.682353
37362     0.709804
37363     0.709804
37364     0.756863
37365     0.752941
37366     0.756863
37367     0.780392
37368     0.811765
37369     0.819608
37370     0.803922
37371     0.780392
37372     0.800000
37373     0.776471
37374     0.733333
37375     0.705882
37376     0.721569
37377     0.796078
37378     0.890196
37379     0.952941
37380     0.929412
37381     0.898039
37382     0.850980
37383     0.803922
37384     0.752941
37385     0.705882
37386     0.670588
37387     0.650980
37388     0.631373
37389     0.635294
37390     0.635294
37391     0.627451
37392     0.619608
37393     0.627451
37394     0.643137
37395     0.654902
37396     0.666667
37397     0.666667
37398     0.666667
37399     0.670588
37400     0.682353
37401     0.698039
37402     0.721569
37403     0.737255
37404     0.772549
37405     0.756863
37406     0.729412
37407     0.701961
37408     0.674510
37409     0.658824
37410     0.650980
37411     0.647059
37412     0.639216
37413     0.635294
37414     0.635294
37415     0.639216
37416     0.643137
37417     0.643137
37418     0.635294
37419     0.627451
37420     0.643137
37421     0.650980
37422     0.670588
37423     0.690196
37424     0.678431
37425     0.658824
37426     0.658824
37427     0.678431
37428     0.698039
37429     0.694118
37430     0.694118
37431     0.694118
37432     0.701961
37433     0.709804
37434     0.713726
37435     0.713726
37436     0.725490
37437     0.729412
37438     0.733333
37439     0.741176
37440     0.745098
37441     0.752941
37442     0.756863
37443     0.756863
37444     0.729412
37445     0.717647
37446     0.717647
37447     0.741176
37448     0.764706
37449     0.749020
37450     0.690196
37451     0.635294
37452     0.650980
37453     0.654902
37454     0.658824
37455     0.682353
37456     0.686275
37457     0.701961
37458     0.725490
37459     0.749020
37460     0.749020
37461     0.733333
37462     0.713726
37463     0.725490
37464     0.729412
37465     0.709804
37466     0.674510
37467     0.658824
37468     0.678431
37469     0.698039
37470     0.705882
37471     0.733333
37472     0.741176
37473     0.745098
37474     0.733333
37475     0.705882
37476     0.686275
37477     0.678431
37478     0.682353
37479     0.674510
37480     0.654902
37481     0.631373
37482     0.631373
37483     0.650980
37484     0.690196
37485     0.729412
37486     0.749020
37487     0.772549
37488     0.756863
37489     0.713726
37490     0.658824
37491     0.635294
37492     0.643137
37493     0.650980
37494     0.647059
37495     0.658824
37496     0.678431
37497     0.698039
37498     0.698039
37499     0.686275
37500     0.666667
37501     0.658824
37502     0.654902
37503     0.682353
37504     0.678431
37505     0.674510
37506     0.674510
37507     0.678431
37508     0.686275
37509     0.690196
37510     0.698039
37511     0.749020
37512     0.741176
37513     0.784314
37514     0.823529
37515     0.792157
37516     0.760784
37517     0.737255
37518     0.698039
37519     0.631373
37520     0.556863
37521     0.490196
37522     0.403922
37523     0.301961
37524     0.294118
37525     0.368627
37526     0.419608
37527     0.462745
37528     0.454902
37529     0.443137
37530     0.435294
37531     0.423529
37532     0.407843
37533     0.388235
37534     0.372549
37535     0.403922
37536     0.384314
37537     0.372549
37538     0.388235
37539     0.407843
37540     0.407843
37541     0.372549
37542     0.337255
37543     0.227451
37544     0.176471
37545     0.149020
37546     0.180392
37547     0.215686
37548     0.223529
37549     0.227451
37550     0.243137
37551     0.227451
37552     0.219608
37553     0.207843
37554     0.203922
37555     0.207843
37556     0.211765
37557     0.207843
37558     0.203922
37559     0.231373
37560     0.250980
37561     0.266667
37562     0.266667
37563     0.254902
37564     0.250980
37565     0.266667
37566     0.286275
37567     0.270588
37568     0.250980
37569     0.243137
37570     0.247059
37571     0.243137
37572     0.223529
37573     0.211765
37574     0.211765
37575     0.215686
37576     0.215686
37577     0.227451
37578     0.243137
37579     0.247059
37580     0.278431
37581     0.372549
37582     0.466667
37583     0.654902
37584     0.666667
37585     0.650980
37586     0.615686
37587     0.611765
37588     0.654902
37589     0.686275
37590     0.690196
37591     0.729412
37592     0.729412
37593     0.737255
37594     0.756863
37595     0.780392
37596     0.788235
37597     0.780392
37598     0.768627
37599     0.788235
37600     0.776471
37601     0.752941
37602     0.749020
37603     0.788235
37604     0.850980
37605     0.898039
37606     0.913725
37607     0.929412
37608     0.878431
37609     0.815686
37610     0.768627
37611     0.729412
37612     0.682353
37613     0.650980
37614     0.635294
37615     0.647059
37616     0.650980
37617     0.650980
37618     0.639216
37619     0.623529
37620     0.619608
37621     0.631373
37622     0.643137
37623     0.650980
37624     0.654902
37625     0.658824
37626     0.662745
37627     0.674510
37628     0.694118
37629     0.717647
37630     0.737255
37631     0.776471
37632     0.764706
37633     0.745098
37634     0.721569
37635     0.698039
37636     0.678431
37637     0.662745
37638     0.654902
37639     0.647059
37640     0.647059
37641     0.647059
37642     0.647059
37643     0.647059
37644     0.650980
37645     0.650980
37646     0.650980
37647     0.658824
37648     0.658824
37649     0.670588
37650     0.682353
37651     0.674510
37652     0.658824
37653     0.666667
37654     0.690196
37655     0.682353
37656     0.682353
37657     0.686275
37658     0.694118
37659     0.705882
37660     0.709804
37661     0.709804
37662     0.701961
37663     0.713726
37664     0.717647
37665     0.717647
37666     0.725490
37667     0.737255
37668     0.752941
37669     0.768627
37670     0.776471
37671     0.768627
37672     0.737255
37673     0.713726
37674     0.741176
37675     0.784314
37676     0.788235
37677     0.737255
37678     0.682353
37679     0.654902
37680     0.650980
37681     0.650980
37682     0.674510
37683     0.674510
37684     0.690196
37685     0.713726
37686     0.741176
37687     0.745098
37688     0.733333
37689     0.717647
37690     0.725490
37691     0.741176
37692     0.737255
37693     0.701961
37694     0.674510
37695     0.674510
37696     0.690196
37697     0.698039
37698     0.721569
37699     0.721569
37700     0.717647
37701     0.713726
37702     0.709804
37703     0.701961
37704     0.694118
37705     0.694118
37706     0.682353
37707     0.666667
37708     0.647059
37709     0.647059
37710     0.670588
37711     0.701961
37712     0.733333
37713     0.752941
37714     0.780392
37715     0.760784
37716     0.717647
37717     0.662745
37718     0.639216
37719     0.650980
37720     0.666667
37721     0.666667
37722     0.643137
37723     0.654902
37724     0.670588
37725     0.686275
37726     0.686275
37727     0.678431
37728     0.658824
37729     0.647059
37730     0.670588
37731     0.670588
37732     0.670588
37733     0.674510
37734     0.678431
37735     0.682353
37736     0.686275
37737     0.690196
37738     0.741176
37739     0.717647
37740     0.756863
37741     0.803922
37742     0.788235
37743     0.760784
37744     0.733333
37745     0.690196
37746     0.635294
37747     0.580392
37748     0.533333
37749     0.458824
37750     0.345098
37751     0.313726
37752     0.364706
37753     0.403922
37754     0.474510
37755     0.466667
37756     0.458824
37757     0.450980
37758     0.443137
37759     0.431373
37760     0.411765
37761     0.396078
37762     0.384314
37763     0.380392
37764     0.376471
37765     0.384314
37766     0.396078
37767     0.400000
37768     0.388235
37769     0.376471
37770     0.282353
37771     0.203922
37772     0.152941
37773     0.172549
37774     0.207843
37775     0.223529
37776     0.239216
37777     0.262745
37778     0.203922
37779     0.196078
37780     0.196078
37781     0.200000
37782     0.211765
37783     0.219608
37784     0.211765
37785     0.203922
37786     0.235294
37787     0.250980
37788     0.262745
37789     0.270588
37790     0.270588
37791     0.270588
37792     0.278431
37793     0.286275
37794     0.254902
37795     0.227451
37796     0.211765
37797     0.219608
37798     0.219608
37799     0.203922
37800     0.203922
37801     0.215686
37802     0.239216
37803     0.235294
37804     0.231373
37805     0.231373
37806     0.235294
37807     0.262745
37808     0.305882
37809     0.341176
37810     0.564706
37811     0.627451
37812     0.670588
37813     0.658824
37814     0.647059
37815     0.662745
37816     0.666667
37817     0.650980
37818     0.674510
37819     0.682353
37820     0.701961
37821     0.725490
37822     0.745098
37823     0.764706
37824     0.772549
37825     0.776471
37826     0.768627
37827     0.776471
37828     0.776471
37829     0.776471
37830     0.811765
37831     0.866667
37832     0.898039
37833     0.898039
37834     0.898039
37835     0.839216
37836     0.776471
37837     0.745098
37838     0.713726
37839     0.670588
37840     0.635294
37841     0.623529
37842     0.643137
37843     0.654902
37844     0.662745
37845     0.650980
37846     0.627451
37847     0.615686
37848     0.623529
37849     0.635294
37850     0.647059
37851     0.647059
37852     0.647059
37853     0.643137
37854     0.650980
37855     0.674510
37856     0.709804
37857     0.737255
37858     0.756863
37859     0.752941
37860     0.745098
37861     0.733333
37862     0.713726
37863     0.698039
37864     0.678431
37865     0.670588
37866     0.654902
37867     0.654902
37868     0.650980
37869     0.650980
37870     0.647059
37871     0.654902
37872     0.662745
37873     0.666667
37874     0.662745
37875     0.658824
37876     0.662745
37877     0.666667
37878     0.658824
37879     0.650980
37880     0.670588
37881     0.701961
37882     0.682353
37883     0.674510
37884     0.670588
37885     0.678431
37886     0.698039
37887     0.709804
37888     0.709804
37889     0.705882
37890     0.713726
37891     0.705882
37892     0.701961
37893     0.701961
37894     0.717647
37895     0.741176
37896     0.768627
37897     0.784314
37898     0.784314
37899     0.749020
37900     0.729412
37901     0.749020
37902     0.792157
37903     0.807843
37904     0.776471
37905     0.737255
37906     0.678431
37907     0.674510
37908     0.670588
37909     0.670588
37910     0.670588
37911     0.682353
37912     0.705882
37913     0.733333
37914     0.745098
37915     0.737255
37916     0.721569
37917     0.717647
37918     0.745098
37919     0.752941
37920     0.721569
37921     0.686275
37922     0.678431
37923     0.690196
37924     0.701961
37925     0.705882
37926     0.698039
37927     0.694118
37928     0.694118
37929     0.698039
37930     0.701961
37931     0.694118
37932     0.690196
37933     0.686275
37934     0.674510
37935     0.658824
37936     0.662745
37937     0.686275
37938     0.717647
37939     0.745098
37940     0.760784
37941     0.788235
37942     0.768627
37943     0.717647
37944     0.658824
37945     0.635294
37946     0.650980
37947     0.670588
37948     0.674510
37949     0.647059
37950     0.647059
37951     0.658824
37952     0.674510
37953     0.686275
37954     0.682353
37955     0.662745
37956     0.643137
37957     0.662745
37958     0.662745
37959     0.666667
37960     0.666667
37961     0.670588
37962     0.674510
37963     0.678431
37964     0.682353
37965     0.733333
37966     0.698039
37967     0.733333
37968     0.788235
37969     0.784314
37970     0.760784
37971     0.729412
37972     0.686275
37973     0.662745
37974     0.619608
37975     0.592157
37976     0.529412
37977     0.415686
37978     0.360784
37979     0.376471
37980     0.388235
37981     0.447059
37982     0.443137
37983     0.443137
37984     0.447059
37985     0.447059
37986     0.443137
37987     0.435294
37988     0.423529
37989     0.372549
37990     0.376471
37991     0.384314
37992     0.392157
37993     0.396078
37994     0.396078
37995     0.396078
37996     0.392157
37997     0.333333
37998     0.235294
37999     0.160784
38000     0.164706
38001     0.196078
38002     0.207843
38003     0.231373
38004     0.262745
38005     0.215686
38006     0.211765
38007     0.215686
38008     0.227451
38009     0.243137
38010     0.250980
38011     0.243137
38012     0.231373
38013     0.239216
38014     0.247059
38015     0.258824
38016     0.270588
38017     0.278431
38018     0.282353
38019     0.286275
38020     0.286275
38021     0.278431
38022     0.243137
38023     0.223529
38024     0.231373
38025     0.235294
38026     0.227451
38027     0.231373
38028     0.254902
38029     0.211765
38030     0.227451
38031     0.243137
38032     0.250980
38033     0.262745
38034     0.278431
38035     0.286275
38036     0.278431
38037     0.423529
38038     0.541176
38039     0.650980
38040     0.686275
38041     0.682353
38042     0.670588
38043     0.631373
38044     0.584314
38045     0.615686
38046     0.635294
38047     0.666667
38048     0.698039
38049     0.729412
38050     0.756863
38051     0.780392
38052     0.796078
38053     0.764706
38054     0.780392
38055     0.776471
38056     0.764706
38057     0.788235
38058     0.847059
38059     0.894118
38060     0.913725
38061     0.854902
38062     0.796078
38063     0.741176
38064     0.725490
38065     0.705882
38066     0.666667
38067     0.631373
38068     0.619608
38069     0.631373
38070     0.647059
38071     0.658824
38072     0.650980
38073     0.627451
38074     0.611765
38075     0.619608
38076     0.631373
38077     0.647059
38078     0.643137
38079     0.631373
38080     0.619608
38081     0.619608
38082     0.647059
38083     0.690196
38084     0.721569
38085     0.729412
38086     0.733333
38087     0.733333
38088     0.733333
38089     0.721569
38090     0.709804
38091     0.698039
38092     0.690196
38093     0.650980
38094     0.650980
38095     0.647059
38096     0.643137
38097     0.639216
38098     0.647059
38099     0.662745
38100     0.670588
38101     0.662745
38102     0.654902
38103     0.654902
38104     0.658824
38105     0.647059
38106     0.647059
38107     0.670588
38108     0.705882
38109     0.686275
38110     0.674510
38111     0.662745
38112     0.670588
38113     0.690196
38114     0.709804
38115     0.717647
38116     0.717647
38117     0.713726
38118     0.701961
38119     0.690196
38120     0.686275
38121     0.701961
38122     0.729412
38123     0.760784
38124     0.780392
38125     0.768627
38126     0.749020
38127     0.733333
38128     0.749020
38129     0.784314
38130     0.796078
38131     0.784314
38132     0.760784
38133     0.713726
38134     0.705882
38135     0.694118
38136     0.654902
38137     0.658824
38138     0.674510
38139     0.698039
38140     0.721569
38141     0.737255
38142     0.741176
38143     0.741176
38144     0.737255
38145     0.749020
38146     0.752941
38147     0.745098
38148     0.721569
38149     0.701961
38150     0.690196
38151     0.690196
38152     0.682353
38153     0.678431
38154     0.674510
38155     0.674510
38156     0.678431
38157     0.686275
38158     0.694118
38159     0.698039
38160     0.709804
38161     0.678431
38162     0.662745
38163     0.670588
38164     0.690196
38165     0.705882
38166     0.733333
38167     0.764706
38168     0.772549
38169     0.752941
38170     0.698039
38171     0.635294
38172     0.619608
38173     0.647059
38174     0.678431
38175     0.682353
38176     0.690196
38177     0.662745
38178     0.650980
38179     0.658824
38180     0.666667
38181     0.654902
38182     0.643137
38183     0.639216
38184     0.654902
38185     0.658824
38186     0.662745
38187     0.666667
38188     0.666667
38189     0.670588
38190     0.674510
38191     0.678431
38192     0.686275
38193     0.694118
38194     0.713726
38195     0.737255
38196     0.749020
38197     0.745098
38198     0.721569
38199     0.698039
38200     0.678431
38201     0.658824
38202     0.619608
38203     0.564706
38204     0.505882
38205     0.450980
38206     0.407843
38207     0.388235
38208     0.470588
38209     0.447059
38210     0.427451
38211     0.431373
38212     0.450980
38213     0.447059
38214     0.423529
38215     0.392157
38216     0.372549
38217     0.392157
38218     0.411765
38219     0.407843
38220     0.392157
38221     0.384314
38222     0.396078
38223     0.411765
38224     0.411765
38225     0.321569
38226     0.219608
38227     0.172549
38228     0.188235
38229     0.219608
38230     0.231373
38231     0.223529
38232     0.239216
38233     0.239216
38234     0.235294
38235     0.223529
38236     0.219608
38237     0.223529
38238     0.243137
38239     0.262745
38240     0.254902
38241     0.243137
38242     0.239216
38243     0.258824
38244     0.290196
38245     0.294118
38246     0.270588
38247     0.243137
38248     0.262745
38249     0.282353
38250     0.298039
38251     0.286275
38252     0.254902
38253     0.239216
38254     0.247059
38255     0.262745
38256     0.215686
38257     0.207843
38258     0.207843
38259     0.219608
38260     0.239216
38261     0.258824
38262     0.266667
38263     0.266667
38264     0.313726
38265     0.450980
38266     0.607843
38267     0.690196
38268     0.705882
38269     0.686275
38270     0.647059
38271     0.611765
38272     0.631373
38273     0.635294
38274     0.647059
38275     0.662745
38276     0.694118
38277     0.729412
38278     0.764706
38279     0.788235
38280     0.756863
38281     0.756863
38282     0.752941
38283     0.752941
38284     0.792157
38285     0.843137
38286     0.874510
38287     0.878431
38288     0.819608
38289     0.784314
38290     0.737255
38291     0.701961
38292     0.678431
38293     0.662745
38294     0.647059
38295     0.635294
38296     0.627451
38297     0.635294
38298     0.643137
38299     0.639216
38300     0.623529
38301     0.607843
38302     0.600000
38303     0.600000
38304     0.635294
38305     0.643137
38306     0.650980
38307     0.647059
38308     0.639216
38309     0.647059
38310     0.670588
38311     0.690196
38312     0.698039
38313     0.701961
38314     0.709804
38315     0.725490
38316     0.737255
38317     0.737255
38318     0.729412
38319     0.717647
38320     0.698039
38321     0.690196
38322     0.674510
38323     0.658824
38324     0.654902
38325     0.658824
38326     0.666667
38327     0.674510
38328     0.643137
38329     0.643137
38330     0.639216
38331     0.627451
38332     0.623529
38333     0.639216
38334     0.666667
38335     0.690196
38336     0.690196
38337     0.686275
38338     0.678431
38339     0.666667
38340     0.666667
38341     0.678431
38342     0.701961
38343     0.721569
38344     0.690196
38345     0.690196
38346     0.682353
38347     0.678431
38348     0.678431
38349     0.686275
38350     0.701961
38351     0.717647
38352     0.760784
38353     0.749020
38354     0.741176
38355     0.760784
38356     0.788235
38357     0.796078
38358     0.780392
38359     0.760784
38360     0.737255
38361     0.737255
38362     0.737255
38363     0.647059
38364     0.650980
38365     0.662745
38366     0.686275
38367     0.709804
38368     0.733333
38369     0.749020
38370     0.752941
38371     0.737255
38372     0.745098
38373     0.749020
38374     0.741176
38375     0.721569
38376     0.698039
38377     0.682353
38378     0.678431
38379     0.678431
38380     0.678431
38381     0.670588
38382     0.666667
38383     0.666667
38384     0.674510
38385     0.678431
38386     0.682353
38387     0.686275
38388     0.674510
38389     0.658824
38390     0.654902
38391     0.674510
38392     0.709804
38393     0.741176
38394     0.760784
38395     0.768627
38396     0.749020
38397     0.694118
38398     0.639216
38399     0.627451
38400     0.662745
38401     0.694118
38402     0.705882
38403     0.705882
38404     0.670588
38405     0.647059
38406     0.647059
38407     0.654902
38408     0.650980
38409     0.650980
38410     0.654902
38411     0.654902
38412     0.658824
38413     0.662745
38414     0.662745
38415     0.662745
38416     0.666667
38417     0.670588
38418     0.674510
38419     0.682353
38420     0.674510
38421     0.682353
38422     0.709804
38423     0.745098
38424     0.749020
38425     0.721569
38426     0.690196
38427     0.658824
38428     0.643137
38429     0.619608
38430     0.588235
38431     0.545098
38432     0.494118
38433     0.447059
38434     0.415686
38435     0.454902
38436     0.450980
38437     0.450980
38438     0.454902
38439     0.458824
38440     0.447059
38441     0.415686
38442     0.388235
38443     0.380392
38444     0.396078
38445     0.411765
38446     0.407843
38447     0.392157
38448     0.388235
38449     0.403922
38450     0.419608
38451     0.400000
38452     0.349020
38453     0.282353
38454     0.243137
38455     0.235294
38456     0.231373
38457     0.215686
38458     0.196078
38459     0.207843
38460     0.211765
38461     0.215686
38462     0.207843
38463     0.207843
38464     0.223529
38465     0.258824
38466     0.286275
38467     0.270588
38468     0.247059
38469     0.231373
38470     0.243137
38471     0.274510
38472     0.286275
38473     0.274510
38474     0.250980
38475     0.243137
38476     0.262745
38477     0.278431
38478     0.274510
38479     0.254902
38480     0.231373
38481     0.227451
38482     0.227451
38483     0.215686
38484     0.200000
38485     0.192157
38486     0.203922
38487     0.231373
38488     0.258824
38489     0.274510
38490     0.274510
38491     0.258824
38492     0.392157
38493     0.545098
38494     0.631373
38495     0.658824
38496     0.666667
38497     0.666667
38498     0.658824
38499     0.607843
38500     0.607843
38501     0.607843
38502     0.611765
38503     0.631373
38504     0.662745
38505     0.698039
38506     0.725490
38507     0.756863
38508     0.756863
38509     0.749020
38510     0.741176
38511     0.764706
38512     0.807843
38513     0.831373
38514     0.835294
38515     0.803922
38516     0.772549
38517     0.737255
38518     0.713726
38519     0.701961
38520     0.682353
38521     0.650980
38522     0.627451
38523     0.635294
38524     0.639216
38525     0.643137
38526     0.635294
38527     0.627451
38528     0.619608
38529     0.615686
38530     0.619608
38531     0.639216
38532     0.650980
38533     0.658824
38534     0.658824
38535     0.650980
38536     0.650980
38537     0.666667
38538     0.682353
38539     0.701961
38540     0.705882
38541     0.717647
38542     0.733333
38543     0.745098
38544     0.745098
38545     0.737255
38546     0.725490
38547     0.741176
38548     0.737255
38549     0.733333
38550     0.721569
38551     0.709804
38552     0.694118
38553     0.682353
38554     0.674510
38555     0.635294
38556     0.631373
38557     0.619608
38558     0.607843
38559     0.603922
38560     0.619608
38561     0.650980
38562     0.674510
38563     0.686275
38564     0.682353
38565     0.678431
38566     0.666667
38567     0.662745
38568     0.666667
38569     0.686275
38570     0.701961
38571     0.678431
38572     0.678431
38573     0.674510
38574     0.670588
38575     0.670588
38576     0.678431
38577     0.690196
38578     0.701961
38579     0.741176
38580     0.729412
38581     0.725490
38582     0.741176
38583     0.764706
38584     0.776471
38585     0.760784
38586     0.745098
38587     0.737255
38588     0.737255
38589     0.737255
38590     0.643137
38591     0.650980
38592     0.662745
38593     0.674510
38594     0.690196
38595     0.705882
38596     0.721569
38597     0.729412
38598     0.721569
38599     0.721569
38600     0.725490
38601     0.725490
38602     0.713726
38603     0.698039
38604     0.682353
38605     0.670588
38606     0.682353
38607     0.678431
38608     0.670588
38609     0.662745
38610     0.658824
38611     0.658824
38612     0.662745
38613     0.662745
38614     0.670588
38615     0.678431
38616     0.666667
38617     0.643137
38618     0.662745
38619     0.725490
38620     0.764706
38621     0.768627
38622     0.752941
38623     0.729412
38624     0.682353
38625     0.635294
38626     0.631373
38627     0.662745
38628     0.701961
38629     0.721569
38630     0.721569
38631     0.682353
38632     0.643137
38633     0.639216
38634     0.643137
38635     0.647059
38636     0.658824
38637     0.670588
38638     0.662745
38639     0.666667
38640     0.666667
38641     0.662745
38642     0.654902
38643     0.650980
38644     0.654902
38645     0.662745
38646     0.658824
38647     0.639216
38648     0.635294
38649     0.666667
38650     0.709804
38651     0.725490
38652     0.698039
38653     0.662745
38654     0.627451
38655     0.619608
38656     0.615686
38657     0.607843
38658     0.592157
38659     0.556863
38660     0.509804
38661     0.474510
38662     0.447059
38663     0.447059
38664     0.450980
38665     0.454902
38666     0.447059
38667     0.423529
38668     0.392157
38669     0.368627
38670     0.376471
38671     0.392157
38672     0.403922
38673     0.400000
38674     0.384314
38675     0.380392
38676     0.400000
38677     0.419608
38678     0.407843
38679     0.384314
38680     0.345098
38681     0.301961
38682     0.258824
38683     0.223529
38684     0.196078
38685     0.180392
38686     0.188235
38687     0.200000
38688     0.207843
38689     0.207843
38690     0.211765
38691     0.235294
38692     0.274510
38693     0.309804
38694     0.298039
38695     0.262745
38696     0.227451
38697     0.223529
38698     0.250980
38699     0.278431
38700     0.282353
38701     0.274510
38702     0.247059
38703     0.254902
38704     0.266667
38705     0.270588
38706     0.258824
38707     0.239216
38708     0.215686
38709     0.203922
38710     0.211765
38711     0.184314
38712     0.164706
38713     0.172549
38714     0.207843
38715     0.250980
38716     0.274510
38717     0.282353
38718     0.270588
38719     0.345098
38720     0.450980
38721     0.552941
38722     0.631373
38723     0.674510
38724     0.674510
38725     0.650980
38726     0.580392
38727     0.576471
38728     0.576471
38729     0.584314
38730     0.607843
38731     0.650980
38732     0.701961
38733     0.737255
38734     0.756863
38735     0.760784
38736     0.749020
38737     0.733333
38738     0.737255
38739     0.768627
38740     0.788235
38741     0.792157
38742     0.780392
38743     0.756863
38744     0.729412
38745     0.721569
38746     0.717647
38747     0.698039
38748     0.658824
38749     0.619608
38750     0.635294
38751     0.635294
38752     0.631373
38753     0.623529
38754     0.615686
38755     0.615686
38756     0.623529
38757     0.635294
38758     0.643137
38759     0.658824
38760     0.674510
38761     0.678431
38762     0.670588
38763     0.666667
38764     0.674510
38765     0.682353
38766     0.705882
38767     0.709804
38768     0.721569
38769     0.737255
38770     0.749020
38771     0.752941
38772     0.741176
38773     0.729412
38774     0.729412
38775     0.737255
38776     0.749020
38777     0.749020
38778     0.737255
38779     0.709804
38780     0.678431
38781     0.658824
38782     0.631373
38783     0.627451
38784     0.611765
38785     0.600000
38786     0.600000
38787     0.615686
38788     0.643137
38789     0.662745
38790     0.678431
38791     0.678431
38792     0.674510
38793     0.666667
38794     0.658824
38795     0.658824
38796     0.670588
38797     0.678431
38798     0.670588
38799     0.666667
38800     0.666667
38801     0.662745
38802     0.666667
38803     0.674510
38804     0.682353
38805     0.686275
38806     0.717647
38807     0.709804
38808     0.713726
38809     0.729412
38810     0.745098
38811     0.752941
38812     0.745098
38813     0.733333
38814     0.741176
38815     0.741176
38816     0.741176
38817     0.654902
38818     0.666667
38819     0.678431
38820     0.686275
38821     0.686275
38822     0.678431
38823     0.670588
38824     0.666667
38825     0.678431
38826     0.678431
38827     0.682353
38828     0.698039
38829     0.705882
38830     0.705882
38831     0.690196
38832     0.678431
38833     0.690196
38834     0.686275
38835     0.674510
38836     0.666667
38837     0.658824
38838     0.654902
38839     0.658824
38840     0.658824
38841     0.662745
38842     0.694118
38843     0.686275
38844     0.647059
38845     0.666667
38846     0.741176
38847     0.784314
38848     0.776471
38849     0.741176
38850     0.713726
38851     0.670588
38852     0.631373
38853     0.627451
38854     0.654902
38855     0.694118
38856     0.717647
38857     0.725490
38858     0.682353
38859     0.643137
38860     0.639216
38861     0.643137
38862     0.647059
38863     0.658824
38864     0.674510
38865     0.678431
38866     0.682353
38867     0.678431
38868     0.662745
38869     0.643137
38870     0.635294
38871     0.639216
38872     0.647059
38873     0.627451
38874     0.611765
38875     0.603922
38876     0.623529
38877     0.654902
38878     0.666667
38879     0.650980
38880     0.631373
38881     0.603922
38882     0.600000
38883     0.603922
38884     0.615686
38885     0.619608
38886     0.603922
38887     0.568627
38888     0.541176
38889     0.478431
38890     0.450980
38891     0.423529
38892     0.407843
38893     0.403922
38894     0.392157
38895     0.364706
38896     0.341176
38897     0.360784
38898     0.376471
38899     0.388235
38900     0.384314
38901     0.368627
38902     0.368627
38903     0.388235
38904     0.411765
38905     0.423529
38906     0.411765
38907     0.380392
38908     0.325490
38909     0.258824
38910     0.211765
38911     0.192157
38912     0.192157
38913     0.184314
38914     0.203922
38915     0.223529
38916     0.231373
38917     0.235294
38918     0.254902
38919     0.290196
38920     0.321569
38921     0.325490
38922     0.278431
38923     0.227451
38924     0.211765
38925     0.239216
38926     0.274510
38927     0.290196
38928     0.294118
38929     0.274510
38930     0.266667
38931     0.266667
38932     0.266667
38933     0.266667
38934     0.254902
38935     0.231373
38936     0.211765
38937     0.207843
38938     0.180392
38939     0.149020
38940     0.152941
38941     0.192157
38942     0.239216
38943     0.270588
38944     0.286275
38945     0.305882
38946     0.298039
38947     0.337255
38948     0.450980
38949     0.596078
38950     0.686275
38951     0.682353
38952     0.639216
38953     0.603922
38954     0.600000
38955     0.596078
38956     0.596078
38957     0.615686
38958     0.658824
38959     0.713726
38960     0.756863
38961     0.745098
38962     0.756863
38963     0.752941
38964     0.733333
38965     0.729412
38966     0.752941
38967     0.776471
38968     0.784314
38969     0.772549
38970     0.749020
38971     0.721569
38972     0.721569
38973     0.725490
38974     0.713726
38975     0.674510
38976     0.639216
38977     0.627451
38978     0.619608
38979     0.607843
38980     0.592157
38981     0.584314
38982     0.592157
38983     0.611765
38984     0.627451
38985     0.639216
38986     0.662745
38987     0.686275
38988     0.698039
38989     0.694118
38990     0.690196
38991     0.694118
38992     0.698039
38993     0.713726
38994     0.713726
38995     0.721569
38996     0.737255
38997     0.749020
38998     0.749020
38999     0.741176
39000     0.729412
39001     0.690196
39002     0.705882
39003     0.725490
39004     0.737255
39005     0.729412
39006     0.705882
39007     0.674510
39008     0.654902
39009     0.639216
39010     0.635294
39011     0.631373
39012     0.627451
39013     0.631373
39014     0.639216
39015     0.654902
39016     0.666667
39017     0.670588
39018     0.674510
39019     0.678431
39020     0.674510
39021     0.666667
39022     0.666667
39023     0.670588
39024     0.678431
39025     0.678431
39026     0.674510
39027     0.670588
39028     0.670588
39029     0.678431
39030     0.682353
39031     0.682353
39032     0.682353
39033     0.701961
39034     0.705882
39035     0.713726
39036     0.725490
39037     0.737255
39038     0.741176
39039     0.737255
39040     0.733333
39041     0.749020
39042     0.749020
39043     0.749020
39044     0.662745
39045     0.686275
39046     0.713726
39047     0.725490
39048     0.709804
39049     0.682353
39050     0.658824
39051     0.643137
39052     0.635294
39053     0.631373
39054     0.635294
39055     0.662745
39056     0.698039
39057     0.713726
39058     0.709804
39059     0.698039
39060     0.701961
39061     0.694118
39062     0.686275
39063     0.674510
39064     0.670588
39065     0.666667
39066     0.666667
39067     0.666667
39068     0.658824
39069     0.698039
39070     0.694118
39071     0.654902
39072     0.666667
39073     0.733333
39074     0.776471
39075     0.768627
39076     0.749020
39077     0.717647
39078     0.678431
39079     0.650980
39080     0.643137
39081     0.658824
39082     0.690196
39083     0.713726
39084     0.709804
39085     0.674510
39086     0.647059
39087     0.647059
39088     0.654902
39089     0.650980
39090     0.650980
39091     0.658824
39092     0.694118
39093     0.694118
39094     0.690196
39095     0.666667
39096     0.635294
39097     0.619608
39098     0.627451
39099     0.639216
39100     0.611765
39101     0.607843
39102     0.603922
39103     0.603922
39104     0.603922
39105     0.607843
39106     0.611765
39107     0.611765
39108     0.596078
39109     0.592157
39110     0.596078
39111     0.611765
39112     0.623529
39113     0.627451
39114     0.615686
39115     0.600000
39116     0.552941
39117     0.486275
39118     0.403922
39119     0.360784
39120     0.360784
39121     0.364706
39122     0.352941
39123     0.337255
39124     0.356863
39125     0.376471
39126     0.392157
39127     0.388235
39128     0.376471
39129     0.372549
39130     0.392157
39131     0.411765
39132     0.415686
39133     0.423529
39134     0.411765
39135     0.368627
39136     0.301961
39137     0.247059
39138     0.219608
39139     0.215686
39140     0.176471
39141     0.196078
39142     0.223529
39143     0.247059
39144     0.262745
39145     0.282353
39146     0.301961
39147     0.317647
39148     0.345098
39149     0.294118
39150     0.235294
39151     0.211765
39152     0.235294
39153     0.274510
39154     0.298039
39155     0.301961
39156     0.290196
39157     0.274510
39158     0.258824
39159     0.254902
39160     0.258824
39161     0.258824
39162     0.243137
39163     0.227451
39164     0.223529
39165     0.200000
39166     0.172549
39167     0.164706
39168     0.192157
39169     0.235294
39170     0.274510
39171     0.298039
39172     0.301961
39173     0.262745
39174     0.250980
39175     0.317647
39176     0.443137
39177     0.560784
39178     0.631373
39179     0.654902
39180     0.635294
39181     0.635294
39182     0.623529
39183     0.607843
39184     0.603922
39185     0.627451
39186     0.674510
39187     0.713726
39188     0.721569
39189     0.745098
39190     0.749020
39191     0.729412
39192     0.725490
39193     0.745098
39194     0.776471
39195     0.792157
39196     0.792157
39197     0.764706
39198     0.737255
39199     0.729412
39200     0.737255
39201     0.733333
39202     0.709804
39203     0.682353
39204     0.623529
39205     0.611765
39206     0.592157
39207     0.568627
39208     0.552941
39209     0.560784
39210     0.584314
39211     0.603922
39212     0.627451
39213     0.654902
39214     0.690196
39215     0.709804
39216     0.713726
39217     0.709804
39218     0.713726
39219     0.721569
39220     0.733333
39221     0.729412
39222     0.729412
39223     0.737255
39224     0.745098
39225     0.749020
39226     0.745098
39227     0.737255
39228     0.698039
39229     0.705882
39230     0.721569
39231     0.725490
39232     0.721569
39233     0.701961
39234     0.678431
39235     0.662745
39236     0.635294
39237     0.639216
39238     0.647059
39239     0.654902
39240     0.662745
39241     0.666667
39242     0.666667
39243     0.662745
39244     0.666667
39245     0.674510
39246     0.682353
39247     0.686275
39248     0.682353
39249     0.682353
39250     0.686275
39251     0.694118
39252     0.694118
39253     0.690196
39254     0.686275
39255     0.690196
39256     0.701961
39257     0.701961
39258     0.698039
39259     0.686275
39260     0.686275
39261     0.698039
39262     0.709804
39263     0.721569
39264     0.725490
39265     0.725490
39266     0.729412
39267     0.733333
39268     0.756863
39269     0.756863
39270     0.756863
39271     0.658824
39272     0.698039
39273     0.745098
39274     0.764706
39275     0.752941
39276     0.721569
39277     0.690196
39278     0.674510
39279     0.623529
39280     0.611765
39281     0.607843
39282     0.639216
39283     0.690196
39284     0.721569
39285     0.721569
39286     0.709804
39287     0.705882
39288     0.701961
39289     0.694118
39290     0.686275
39291     0.682353
39292     0.682353
39293     0.686275
39294     0.686275
39295     0.658824
39296     0.686275
39297     0.690196
39298     0.662745
39299     0.662745
39300     0.701961
39301     0.737255
39302     0.741176
39303     0.764706
39304     0.733333
39305     0.701961
39306     0.686275
39307     0.678431
39308     0.678431
39309     0.698039
39310     0.725490
39311     0.698039
39312     0.666667
39313     0.647059
39314     0.650980
39315     0.658824
39316     0.650980
39317     0.643137
39318     0.647059
39319     0.690196
39320     0.698039
39321     0.694118
39322     0.666667
39323     0.635294
39324     0.619608
39325     0.631373
39326     0.650980
39327     0.627451
39328     0.623529
39329     0.615686
39330     0.600000
39331     0.584314
39332     0.584314
39333     0.596078
39334     0.611765
39335     0.596078
39336     0.600000
39337     0.603922
39338     0.611765
39339     0.619608
39340     0.627451
39341     0.635294
39342     0.639216
39343     0.623529
39344     0.541176
39345     0.435294
39346     0.364706
39347     0.345098
39348     0.349020
39349     0.352941
39350     0.349020
39351     0.364706
39352     0.388235
39353     0.407843
39354     0.407843
39355     0.396078
39356     0.392157
39357     0.407843
39358     0.423529
39359     0.396078
39360     0.415686
39361     0.435294
39362     0.427451
39363     0.388235
39364     0.329412
39365     0.278431
39366     0.250980
39367     0.184314
39368     0.192157
39369     0.211765
39370     0.243137
39371     0.274510
39372     0.298039
39373     0.305882
39374     0.305882
39375     0.345098
39376     0.294118
39377     0.239216
39378     0.219608
39379     0.243137
39380     0.274510
39381     0.294118
39382     0.294118
39383     0.270588
39384     0.254902
39385     0.235294
39386     0.231373
39387     0.235294
39388     0.239216
39389     0.231373
39390     0.223529
39391     0.239216
39392     0.227451
39393     0.211765
39394     0.196078
39395     0.200000
39396     0.227451
39397     0.266667
39398     0.298039
39399     0.313726
39400     0.282353
39401     0.247059
39402     0.219608
39403     0.235294
39404     0.313726
39405     0.450980
39406     0.564706
39407     0.556863
39408     0.568627
39409     0.576471
39410     0.572549
39411     0.576471
39412     0.600000
39413     0.650980
39414     0.690196
39415     0.682353
39416     0.713726
39417     0.729412
39418     0.709804
39419     0.694118
39420     0.713726
39421     0.749020
39422     0.772549
39423     0.807843
39424     0.784314
39425     0.760784
39426     0.749020
39427     0.745098
39428     0.745098
39429     0.737255
39430     0.729412
39431     0.654902
39432     0.639216
39433     0.607843
39434     0.576471
39435     0.552941
39436     0.556863
39437     0.572549
39438     0.592157
39439     0.615686
39440     0.647059
39441     0.682353
39442     0.709804
39443     0.713726
39444     0.713726
39445     0.721569
39446     0.729412
39447     0.752941
39448     0.741176
39449     0.729412
39450     0.725490
39451     0.729412
39452     0.737255
39453     0.737255
39454     0.737255
39455     0.729412
39456     0.729412
39457     0.729412
39458     0.717647
39459     0.701961
39460     0.678431
39461     0.654902
39462     0.643137
39463     0.623529
39464     0.627451
39465     0.639216
39466     0.654902
39467     0.670588
39468     0.674510
39469     0.670588
39470     0.662745
39471     0.678431
39472     0.686275
39473     0.694118
39474     0.694118
39475     0.694118
39476     0.694118
39477     0.701961
39478     0.709804
39479     0.705882
39480     0.698039
39481     0.698039
39482     0.705882
39483     0.717647
39484     0.717647
39485     0.705882
39486     0.690196
39487     0.670588
39488     0.686275
39489     0.705882
39490     0.713726
39491     0.713726
39492     0.713726
39493     0.721569
39494     0.733333
39495     0.760784
39496     0.760784
39497     0.760784
39498     0.658824
39499     0.698039
39500     0.752941
39501     0.780392
39502     0.768627
39503     0.741176
39504     0.717647
39505     0.709804
39506     0.650980
39507     0.627451
39508     0.611765
39509     0.635294
39510     0.682353
39511     0.717647
39512     0.721569
39513     0.705882
39514     0.701961
39515     0.698039
39516     0.694118
39517     0.690196
39518     0.690196
39519     0.694118
39520     0.701961
39521     0.705882
39522     0.674510
39523     0.686275
39524     0.694118
39525     0.682353
39526     0.674510
39527     0.678431
39528     0.698039
39529     0.717647
39530     0.760784
39531     0.733333
39532     0.713726
39533     0.709804
39534     0.705882
39535     0.694118
39536     0.709804
39537     0.733333
39538     0.698039
39539     0.662745
39540     0.643137
39541     0.647059
39542     0.650980
39543     0.643137
39544     0.639216
39545     0.647059
39546     0.674510
39547     0.686275
39548     0.686275
39549     0.666667
39550     0.639216
39551     0.631373
39552     0.650980
39553     0.674510
39554     0.643137
39555     0.627451
39556     0.603922
39557     0.584314
39558     0.576471
39559     0.584314
39560     0.596078
39561     0.603922
39562     0.596078
39563     0.611765
39564     0.627451
39565     0.627451
39566     0.623529
39567     0.623529
39568     0.639216
39569     0.654902
39570     0.650980
39571     0.592157
39572     0.494118
39573     0.403922
39574     0.345098
39575     0.329412
39576     0.337255
39577     0.352941
39578     0.364706
39579     0.392157
39580     0.419608
39581     0.423529
39582     0.411765
39583     0.403922
39584     0.415686
39585     0.427451
39586     0.396078
39587     0.407843
39588     0.431373
39589     0.447059
39590     0.439216
39591     0.403922
39592     0.352941
39593     0.313726
39594     0.250980
39595     0.231373
39596     0.219608
39597     0.239216
39598     0.274510
39599     0.298039
39600     0.294118
39601     0.282353
39602     0.329412
39603     0.286275
39604     0.239216
39605     0.227451
39606     0.247059
39607     0.270588
39608     0.278431
39609     0.274510
39610     0.231373
39611     0.227451
39612     0.219608
39613     0.219608
39614     0.219608
39615     0.219608
39616     0.211765
39617     0.207843
39618     0.235294
39619     0.243137
39620     0.235294
39621     0.215686
39622     0.192157
39623     0.200000
39624     0.235294
39625     0.270588
39626     0.325490
39627     0.298039
39628     0.254902
39629     0.200000
39630     0.149020
39631     0.164706
39632     0.270588
39633     0.376471
39634     0.384314
39635     0.411765
39636     0.450980
39637     0.474510
39638     0.498039
39639     0.537255
39640     0.596078
39641     0.639216
39642     0.643137
39643     0.678431
39644     0.694118
39645     0.666667
39646     0.643137
39647     0.650980
39648     0.686275
39649     0.709804
39650     0.792157
39651     0.784314
39652     0.768627
39653     0.756863
39654     0.741176
39655     0.737255
39656     0.737255
39657     0.737255
39658     0.713726
39659     0.694118
39660     0.654902
39661     0.615686
39662     0.584314
39663     0.576471
39664     0.588235
39665     0.600000
39666     0.607843
39667     0.639216
39668     0.674510
39669     0.694118
39670     0.701961
39671     0.701961
39672     0.709804
39673     0.717647
39674     0.745098
39675     0.729412
39676     0.705882
39677     0.690196
39678     0.690196
39679     0.701961
39680     0.709804
39681     0.709804
39682     0.752941
39683     0.749020
39684     0.737255
39685     0.721569
39686     0.694118
39687     0.662745
39688     0.635294
39689     0.619608
39690     0.619608
39691     0.619608
39692     0.619608
39693     0.635294
39694     0.658824
39695     0.674510
39696     0.678431
39697     0.674510
39698     0.694118
39699     0.698039
39700     0.701961
39701     0.698039
39702     0.694118
39703     0.698039
39704     0.705882
39705     0.713726
39706     0.705882
39707     0.698039
39708     0.694118
39709     0.705882
39710     0.721569
39711     0.721569
39712     0.701961
39713     0.682353
39714     0.666667
39715     0.694118
39716     0.717647
39717     0.725490
39718     0.713726
39719     0.713726
39720     0.729412
39721     0.745098
39722     0.756863
39723     0.756863
39724     0.756863
39725     0.658824
39726     0.701961
39727     0.749020
39728     0.772549
39729     0.760784
39730     0.737255
39731     0.721569
39732     0.717647
39733     0.686275
39734     0.650980
39735     0.619608
39736     0.635294
39737     0.682353
39738     0.713726
39739     0.713726
39740     0.694118
39741     0.698039
39742     0.694118
39743     0.690196
39744     0.690196
39745     0.694118
39746     0.701961
39747     0.709804
39748     0.713726
39749     0.694118
39750     0.694118
39751     0.701961
39752     0.705882
39753     0.690196
39754     0.670588
39755     0.682353
39756     0.713726
39757     0.749020
39758     0.721569
39759     0.709804
39760     0.717647
39761     0.713726
39762     0.698039
39763     0.709804
39764     0.733333
39765     0.698039
39766     0.662745
39767     0.635294
39768     0.635294
39769     0.643137
39770     0.639216
39771     0.639216
39772     0.647059
39773     0.658824
39774     0.674510
39775     0.682353
39776     0.666667
39777     0.643137
39778     0.643137
39779     0.670588
39780     0.698039
39781     0.650980
39782     0.619608
39783     0.580392
39784     0.564706
39785     0.576471
39786     0.588235
39787     0.592157
39788     0.592157
39789     0.600000
39790     0.623529
39791     0.647059
39792     0.647059
39793     0.627451
39794     0.619608
39795     0.635294
39796     0.654902
39797     0.643137
39798     0.611765
39799     0.541176
39800     0.439216
39801     0.349020
39802     0.309804
39803     0.317647
39804     0.345098
39805     0.356863
39806     0.384314
39807     0.415686
39808     0.427451
39809     0.415686
39810     0.403922
39811     0.411765
39812     0.419608
39813     0.415686
39814     0.403922
39815     0.403922
39816     0.419608
39817     0.439216
39818     0.431373
39819     0.403922
39820     0.372549
39821     0.329412
39822     0.286275
39823     0.243137
39824     0.243137
39825     0.274510
39826     0.294118
39827     0.282353
39828     0.258824
39829     0.317647
39830     0.278431
39831     0.235294
39832     0.227451
39833     0.247059
39834     0.266667
39835     0.266667
39836     0.254902
39837     0.203922
39838     0.211765
39839     0.215686
39840     0.219608
39841     0.215686
39842     0.211765
39843     0.203922
39844     0.200000
39845     0.215686
39846     0.235294
39847     0.239216
39848     0.211765
39849     0.172549
39850     0.168627
39851     0.203922
39852     0.243137
39853     0.290196
39854     0.258824
39855     0.227451
39856     0.215686
39857     0.196078
39858     0.188235
39859     0.211765
39860     0.250980
39861     0.258824
39862     0.294118
39863     0.341176
39864     0.376471
39865     0.400000
39866     0.439216
39867     0.490196
39868     0.533333
39869     0.615686
39870     0.650980
39871     0.666667
39872     0.631373
39873     0.596078
39874     0.600000
39875     0.627451
39876     0.650980
39877     0.760784
39878     0.768627
39879     0.764706
39880     0.749020
39881     0.729412
39882     0.717647
39883     0.717647
39884     0.725490
39885     0.760784
39886     0.737255
39887     0.698039
39888     0.650980
39889     0.615686
39890     0.603922
39891     0.607843
39892     0.619608
39893     0.607843
39894     0.631373
39895     0.666667
39896     0.682353
39897     0.686275
39898     0.686275
39899     0.694118
39900     0.701961
39901     0.729412
39902     0.705882
39903     0.674510
39904     0.654902
39905     0.650980
39906     0.662745
39907     0.674510
39908     0.682353
39909     0.772549
39910     0.768627
39911     0.760784
39912     0.741176
39913     0.713726
39914     0.678431
39915     0.647059
39916     0.627451
39917     0.631373
39918     0.619608
39919     0.611765
39920     0.623529
39921     0.647059
39922     0.674510
39923     0.686275
39924     0.690196
39925     0.709804
39926     0.709804
39927     0.705882
39928     0.701961
39929     0.694118
39930     0.694118
39931     0.701961
39932     0.713726
39933     0.701961
39934     0.690196
39935     0.690196
39936     0.701961
39937     0.717647
39938     0.717647
39939     0.694118
39940     0.670588
39941     0.678431
39942     0.705882
39943     0.733333
39944     0.737255
39945     0.729412
39946     0.725490
39947     0.741176
39948     0.760784
39949     0.752941
39950     0.752941
39951     0.752941
39952     0.678431
39953     0.709804
39954     0.752941
39955     0.776471
39956     0.772549
39957     0.745098
39958     0.717647
39959     0.701961
39960     0.658824
39961     0.670588
39962     0.662745
39963     0.643137
39964     0.650980
39965     0.690196
39966     0.709804
39967     0.705882
39968     0.709804
39969     0.709804
39970     0.709804
39971     0.709804
39972     0.705882
39973     0.701961
39974     0.698039
39975     0.698039
39976     0.698039
39977     0.709804
39978     0.721569
39979     0.713726
39980     0.698039
39981     0.694118
39982     0.709804
39983     0.725490
39984     0.721569
39985     0.741176
39986     0.760784
39987     0.749020
39988     0.721569
39989     0.705882
39990     0.709804
39991     0.725490
39992     0.705882
39993     0.686275
39994     0.662745
39995     0.643137
39996     0.643137
39997     0.647059
39998     0.650980
39999     0.654902
40000     0.631373
40001     0.650980
40002     0.670588
40003     0.674510
40004     0.670588
40005     0.674510
40006     0.701961
40007     0.725490
40008     0.701961
40009     0.647059
40010     0.584314
40011     0.560784
40012     0.576471
40013     0.592157
40014     0.588235
40015     0.572549
40016     0.627451
40017     0.639216
40018     0.643137
40019     0.639216
40020     0.631373
40021     0.627451
40022     0.639216
40023     0.650980
40024     0.643137
40025     0.596078
40026     0.576471
40027     0.564706
40028     0.470588
40029     0.337255
40030     0.298039
40031     0.349020
40032     0.380392
40033     0.388235
40034     0.400000
40035     0.400000
40036     0.396078
40037     0.392157
40038     0.392157
40039     0.396078
40040     0.415686
40041     0.419608
40042     0.427451
40043     0.431373
40044     0.427451
40045     0.423529
40046     0.411765
40047     0.407843
40048     0.411765
40049     0.337255
40050     0.266667
40051     0.258824
40052     0.274510
40053     0.274510
40054     0.250980
40055     0.235294
40056     0.262745
40057     0.243137
40058     0.223529
40059     0.223529
40060     0.239216
40061     0.247059
40062     0.239216
40063     0.227451
40064     0.243137
40065     0.227451
40066     0.207843
40067     0.200000
40068     0.207843
40069     0.207843
40070     0.200000
40071     0.192157
40072     0.207843
40073     0.211765
40074     0.203922
40075     0.180392
40076     0.160784
40077     0.164706
40078     0.188235
40079     0.215686
40080     0.254902
40081     0.270588
40082     0.278431
40083     0.262745
40084     0.227451
40085     0.200000
40086     0.188235
40087     0.188235
40088     0.203922
40089     0.223529
40090     0.250980
40091     0.270588
40092     0.290196
40093     0.321569
40094     0.360784
40095     0.388235
40096     0.439216
40097     0.443137
40098     0.454902
40099     0.513726
40100     0.568627
40101     0.549020
40102     0.533333
40103     0.580392
40104     0.643137
40105     0.717647
40106     0.780392
40107     0.780392
40108     0.745098
40109     0.725490
40110     0.713726
40111     0.701961
40112     0.713726
40113     0.737255
40114     0.737255
40115     0.694118
40116     0.647059
40117     0.631373
40118     0.635294
40119     0.639216
40120     0.635294
40121     0.674510
40122     0.713726
40123     0.713726
40124     0.686275
40125     0.662745
40126     0.662745
40127     0.674510
40128     0.701961
40129     0.682353
40130     0.654902
40131     0.635294
40132     0.627451
40133     0.631373
40134     0.635294
40135     0.635294
40136     0.686275
40137     0.737255
40138     0.792157
40139     0.811765
40140     0.780392
40141     0.725490
40142     0.682353
40143     0.662745
40144     0.647059
40145     0.623529
40146     0.611765
40147     0.623529
40148     0.639216
40149     0.647059
40150     0.666667
40151     0.686275
40152     0.682353
40153     0.698039
40154     0.701961
40155     0.686275
40156     0.662745
40157     0.662745
40158     0.690196
40159     0.721569
40160     0.694118
40161     0.686275
40162     0.674510
40163     0.670588
40164     0.678431
40165     0.682353
40166     0.686275
40167     0.686275
40168     0.678431
40169     0.694118
40170     0.713726
40171     0.729412
40172     0.733333
40173     0.733333
40174     0.733333
40175     0.729412
40176     0.733333
40177     0.737255
40178     0.741176
40179     0.639216
40180     0.686275
40181     0.741176
40182     0.768627
40183     0.756863
40184     0.721569
40185     0.690196
40186     0.670588
40187     0.666667
40188     0.674510
40189     0.666667
40190     0.650980
40191     0.658824
40192     0.690196
40193     0.709804
40194     0.705882
40195     0.698039
40196     0.698039
40197     0.698039
40198     0.701961
40199     0.701961
40200     0.701961
40201     0.701961
40202     0.701961
40203     0.713726
40204     0.725490
40205     0.729412
40206     0.717647
40207     0.705882
40208     0.709804
40209     0.733333
40210     0.752941
40211     0.733333
40212     0.749020
40213     0.760784
40214     0.749020
40215     0.721569
40216     0.701961
40217     0.701961
40218     0.713726
40219     0.713726
40220     0.701961
40221     0.686275
40222     0.670588
40223     0.658824
40224     0.654902
40225     0.658824
40226     0.662745
40227     0.627451
40228     0.639216
40229     0.654902
40230     0.666667
40231     0.674510
40232     0.690196
40233     0.717647
40234     0.737255
40235     0.725490
40236     0.694118
40237     0.650980
40238     0.619608
40239     0.607843
40240     0.603922
40241     0.603922
40242     0.600000
40243     0.631373
40244     0.635294
40245     0.639216
40246     0.631373
40247     0.619608
40248     0.619608
40249     0.627451
40250     0.639216
40251     0.635294
40252     0.623529
40253     0.603922
40254     0.580392
40255     0.533333
40256     0.454902
40257     0.376471
40258     0.325490
40259     0.341176
40260     0.356863
40261     0.380392
40262     0.400000
40263     0.403922
40264     0.396078
40265     0.380392
40266     0.368627
40267     0.400000
40268     0.400000
40269     0.396078
40270     0.396078
40271     0.396078
40272     0.396078
40273     0.396078
40274     0.396078
40275     0.435294
40276     0.384314
40277     0.329412
40278     0.294118
40279     0.270588
40280     0.243137
40281     0.223529
40282     0.223529
40283     0.262745
40284     0.247059
40285     0.235294
40286     0.235294
40287     0.247059
40288     0.250980
40289     0.235294
40290     0.219608
40291     0.239216
40292     0.231373
40293     0.227451
40294     0.223529
40295     0.223529
40296     0.219608
40297     0.211765
40298     0.207843
40299     0.200000
40300     0.200000
40301     0.192157
40302     0.176471
40303     0.160784
40304     0.172549
40305     0.203922
40306     0.235294
40307     0.243137
40308     0.262745
40309     0.282353
40310     0.278431
40311     0.254902
40312     0.231373
40313     0.219608
40314     0.219608
40315     0.223529
40316     0.219608
40317     0.219608
40318     0.227451
40319     0.243137
40320     0.258824
40321     0.270588
40322     0.278431
40323     0.266667
40324     0.282353
40325     0.305882
40326     0.372549
40327     0.443137
40328     0.435294
40329     0.427451
40330     0.474510
40331     0.549020
40332     0.647059
40333     0.749020
40334     0.776471
40335     0.752941
40336     0.733333
40337     0.721569
40338     0.713726
40339     0.709804
40340     0.721569
40341     0.717647
40342     0.694118
40343     0.674510
40344     0.666667
40345     0.650980
40346     0.627451
40347     0.627451
40348     0.666667
40349     0.705882
40350     0.709804
40351     0.682353
40352     0.650980
40353     0.639216
40354     0.643137
40355     0.666667
40356     0.647059
40357     0.619608
40358     0.600000
40359     0.596078
40360     0.600000
40361     0.603922
40362     0.603922
40363     0.623529
40364     0.686275
40365     0.760784
40366     0.796078
40367     0.780392
40368     0.745098
40369     0.721569
40370     0.713726
40371     0.678431
40372     0.650980
40373     0.627451
40374     0.631373
40375     0.639216
40376     0.639216
40377     0.654902
40378     0.670588
40379     0.682353
40380     0.701961
40381     0.709804
40382     0.698039
40383     0.670588
40384     0.658824
40385     0.674510
40386     0.690196
40387     0.694118
40388     0.678431
40389     0.662745
40390     0.654902
40391     0.662745
40392     0.670588
40393     0.678431
40394     0.678431
40395     0.666667
40396     0.682353
40397     0.698039
40398     0.713726
40399     0.717647
40400     0.713726
40401     0.713726
40402     0.709804
40403     0.717647
40404     0.725490
40405     0.737255
40406     0.611765
40407     0.658824
40408     0.721569
40409     0.756863
40410     0.749020
40411     0.713726
40412     0.670588
40413     0.647059
40414     0.662745
40415     0.666667
40416     0.666667
40417     0.654902
40418     0.666667
40419     0.690196
40420     0.701961
40421     0.701961
40422     0.694118
40423     0.694118
40424     0.694118
40425     0.694118
40426     0.698039
40427     0.701961
40428     0.705882
40429     0.709804
40430     0.717647
40431     0.717647
40432     0.713726
40433     0.698039
40434     0.690196
40435     0.701961
40436     0.733333
40437     0.756863
40438     0.745098
40439     0.756863
40440     0.760784
40441     0.745098
40442     0.721569
40443     0.701961
40444     0.694118
40445     0.698039
40446     0.701961
40447     0.709804
40448     0.709804
40449     0.694118
40450     0.670588
40451     0.654902
40452     0.650980
40453     0.658824
40454     0.639216
40455     0.643137
40456     0.650980
40457     0.662745
40458     0.678431
40459     0.701961
40460     0.725490
40461     0.737255
40462     0.749020
40463     0.749020
40464     0.737255
40465     0.701961
40466     0.654902
40467     0.623529
40468     0.615686
40469     0.623529
40470     0.627451
40471     0.627451
40472     0.627451
40473     0.619608
40474     0.615686
40475     0.615686
40476     0.623529
40477     0.631373
40478     0.631373
40479     0.650980
40480     0.635294
40481     0.603922
40482     0.607843
40483     0.596078
40484     0.482353
40485     0.337255
40486     0.325490
40487     0.341176
40488     0.368627
40489     0.400000
40490     0.419608
40491     0.415686
40492     0.384314
40493     0.360784
40494     0.403922
40495     0.400000
40496     0.392157
40497     0.384314
40498     0.388235
40499     0.392157
40500     0.400000
40501     0.407843
40502     0.439216
40503     0.415686
40504     0.384314
40505     0.337255
40506     0.274510
40507     0.223529
40508     0.211765
40509     0.227451
40510     0.254902
40511     0.250980
40512     0.247059
40513     0.254902
40514     0.258824
40515     0.250980
40516     0.227451
40517     0.207843
40518     0.200000
40519     0.211765
40520     0.223529
40521     0.227451
40522     0.219608
40523     0.211765
40524     0.203922
40525     0.200000
40526     0.192157
40527     0.192157
40528     0.184314
40529     0.176471
40530     0.172549
40531     0.188235
40532     0.223529
40533     0.250980
40534     0.239216
40535     0.266667
40536     0.290196
40537     0.298039
40538     0.282353
40539     0.258824
40540     0.243137
40541     0.239216
40542     0.258824
40543     0.235294
40544     0.215686
40545     0.211765
40546     0.227451
40547     0.239216
40548     0.235294
40549     0.227451
40550     0.215686
40551     0.227451
40552     0.235294
40553     0.278431
40554     0.333333
40555     0.317647
40556     0.301961
40557     0.337255
40558     0.407843
40559     0.501961
40560     0.603922
40561     0.643137
40562     0.643137
40563     0.650980
40564     0.670588
40565     0.686275
40566     0.709804
40567     0.709804
40568     0.701961
40569     0.701961
40570     0.713726
40571     0.717647
40572     0.682353
40573     0.639216
40574     0.635294
40575     0.670588
40576     0.701961
40577     0.709804
40578     0.686275
40579     0.654902
40580     0.639216
40581     0.635294
40582     0.627451
40583     0.607843
40584     0.584314
40585     0.564706
40586     0.560784
40587     0.560784
40588     0.564706
40589     0.560784
40590     0.580392
40591     0.650980
40592     0.741176
40593     0.788235
40594     0.784314
40595     0.764706
40596     0.756863
40597     0.760784
40598     0.713726
40599     0.678431
40600     0.650980
40601     0.639216
40602     0.635294
40603     0.631373
40604     0.635294
40605     0.650980
40606     0.690196
40607     0.713726
40608     0.737255
40609     0.729412
40610     0.701961
40611     0.678431
40612     0.670588
40613     0.674510
40614     0.690196
40615     0.674510
40616     0.658824
40617     0.650980
40618     0.654902
40619     0.662745
40620     0.666667
40621     0.670588
40622     0.658824
40623     0.670588
40624     0.690196
40625     0.705882
40626     0.709804
40627     0.705882
40628     0.694118
40629     0.686275
40630     0.698039
40631     0.709804
40632     0.725490
40633     0.615686
40634     0.639216
40635     0.682353
40636     0.725490
40637     0.745098
40638     0.729412
40639     0.682353
40640     0.647059
40641     0.643137
40642     0.647059
40643     0.654902
40644     0.662745
40645     0.674510
40646     0.694118
40647     0.705882
40648     0.709804
40649     0.709804
40650     0.705882
40651     0.698039
40652     0.694118
40653     0.698039
40654     0.701961
40655     0.709804
40656     0.713726
40657     0.737255
40658     0.725490
40659     0.705882
40660     0.686275
40661     0.678431
40662     0.694118
40663     0.721569
40664     0.749020
40665     0.756863
40666     0.756863
40667     0.752941
40668     0.741176
40669     0.721569
40670     0.701961
40671     0.690196
40672     0.686275
40673     0.678431
40674     0.698039
40675     0.713726
40676     0.701961
40677     0.670588
40678     0.643137
40679     0.631373
40680     0.635294
40681     0.666667
40682     0.658824
40683     0.654902
40684     0.662745
40685     0.682353
40686     0.701961
40687     0.717647
40688     0.721569
40689     0.752941
40690     0.768627
40691     0.780392
40692     0.756863
40693     0.709804
40694     0.654902
40695     0.623529
40696     0.607843
40697     0.607843
40698     0.607843
40699     0.607843
40700     0.607843
40701     0.611765
40702     0.623529
40703     0.635294
40704     0.643137
40705     0.647059
40706     0.658824
40707     0.643137
40708     0.627451
40709     0.658824
40710     0.666667
40711     0.560784
40712     0.415686
40713     0.380392
40714     0.372549
40715     0.380392
40716     0.400000
40717     0.427451
40718     0.431373
40719     0.407843
40720     0.384314
40721     0.400000
40722     0.400000
40723     0.396078
40724     0.392157
40725     0.396078
40726     0.400000
40727     0.403922
40728     0.407843
40729     0.411765
40730     0.403922
40731     0.388235
40732     0.349020
40733     0.286275
40734     0.235294
40735     0.227451
40736     0.250980
40737     0.247059
40738     0.250980
40739     0.254902
40740     0.262745
40741     0.262745
40742     0.247059
40743     0.219608
40744     0.200000
40745     0.172549
40746     0.196078
40747     0.223529
40748     0.231373
40749     0.219608
40750     0.207843
40751     0.200000
40752     0.200000
40753     0.184314
40754     0.188235
40755     0.192157
40756     0.192157
40757     0.192157
40758     0.203922
40759     0.223529
40760     0.239216
40761     0.239216
40762     0.262745
40763     0.290196
40764     0.298039
40765     0.286275
40766     0.262745
40767     0.243137
40768     0.235294
40769     0.254902
40770     0.239216
40771     0.223529
40772     0.223529
40773     0.239216
40774     0.258824
40775     0.274510
40776     0.278431
40777     0.282353
40778     0.282353
40779     0.262745
40780     0.270588
40781     0.298039
40782     0.278431
40783     0.262745
40784     0.294118
40785     0.337255
40786     0.372549
40787     0.411765
40788     0.435294
40789     0.462745
40790     0.509804
40791     0.576471
40792     0.623529
40793     0.654902
40794     0.658824
40795     0.654902
40796     0.662745
40797     0.690196
40798     0.709804
40799     0.694118
40800     0.658824
40801     0.658824
40802     0.678431
40803     0.698039
40804     0.701961
40805     0.690196
40806     0.678431
40807     0.670588
40808     0.670588
40809     0.647059
40810     0.627451
40811     0.600000
40812     0.580392
40813     0.572549
40814     0.568627
40815     0.564706
40816     0.564706
40817     0.588235
40818     0.654902
40819     0.741176
40820     0.788235
40821     0.784314
40822     0.768627
40823     0.760784
40824     0.764706
40825     0.725490
40826     0.690196
40827     0.658824
40828     0.643137
40829     0.635294
40830     0.623529
40831     0.627451
40832     0.643137
40833     0.698039
40834     0.729412
40835     0.760784
40836     0.764706
40837     0.745098
40838     0.713726
40839     0.694118
40840     0.686275
40841     0.690196
40842     0.682353
40843     0.670588
40844     0.670588
40845     0.670588
40846     0.670588
40847     0.666667
40848     0.662745
40849     0.658824
40850     0.674510
40851     0.701961
40852     0.725490
40853     0.737255
40854     0.725490
40855     0.698039
40856     0.678431
40857     0.678431
40858     0.694118
40859     0.713726
40860     0.639216
40861     0.627451
40862     0.631373
40863     0.674510
40864     0.725490
40865     0.737255
40866     0.698039
40867     0.654902
40868     0.631373
40869     0.639216
40870     0.654902
40871     0.682353
40872     0.705882
40873     0.717647
40874     0.733333
40875     0.741176
40876     0.737255
40877     0.729412
40878     0.717647
40879     0.705882
40880     0.701961
40881     0.705882
40882     0.709804
40883     0.717647
40884     0.768627
40885     0.752941
40886     0.725490
40887     0.701961
40888     0.690196
40889     0.698039
40890     0.721569
40891     0.741176
40892     0.752941
40893     0.749020
40894     0.741176
40895     0.733333
40896     0.725490
40897     0.713726
40898     0.694118
40899     0.682353
40900     0.666667
40901     0.690196
40902     0.713726
40903     0.709804
40904     0.678431
40905     0.643137
40906     0.623529
40907     0.623529
40908     0.662745
40909     0.658824
40910     0.654902
40911     0.666667
40912     0.682353
40913     0.701961
40914     0.717647
40915     0.721569
40916     0.741176
40917     0.752941
40918     0.768627
40919     0.772549
40920     0.745098
40921     0.690196
40922     0.627451
40923     0.584314
40924     0.580392
40925     0.576471
40926     0.576471
40927     0.584314
40928     0.600000
40929     0.619608
40930     0.639216
40931     0.650980
40932     0.658824
40933     0.643137
40934     0.631373
40935     0.643137
40936     0.666667
40937     0.658824
40938     0.596078
40939     0.533333
40940     0.478431
40941     0.447059
40942     0.407843
40943     0.396078
40944     0.407843
40945     0.419608
40946     0.419608
40947     0.411765
40948     0.380392
40949     0.384314
40950     0.388235
40951     0.392157
40952     0.392157
40953     0.388235
40954     0.384314
40955     0.380392
40956     0.384314
40957     0.372549
40958     0.360784
40959     0.337255
40960     0.294118
40961     0.250980
40962     0.239216
40963     0.254902
40964     0.239216
40965     0.243137
40966     0.250980
40967     0.258824
40968     0.254902
40969     0.239216
40970     0.215686
40971     0.196078
40972     0.184314
40973     0.211765
40974     0.239216
40975     0.247059
40976     0.239216
40977     0.227451
40978     0.219608
40979     0.219608
40980     0.188235
40981     0.196078
40982     0.207843
40983     0.211765
40984     0.211765
40985     0.211765
40986     0.211765
40987     0.215686
40988     0.211765
40989     0.231373
40990     0.254902
40991     0.274510
40992     0.270588
40993     0.258824
40994     0.247059
40995     0.239216
40996     0.227451
40997     0.231373
40998     0.231373
40999     0.231373
41000     0.243137
41001     0.266667
41002     0.305882
41003     0.333333
41004     0.321569
41005     0.313726
41006     0.274510
41007     0.262745
41008     0.294118
41009     0.294118
41010     0.294118
41011     0.333333
41012     0.337255
41013     0.317647
41014     0.301961
41015     0.309804
41016     0.349020
41017     0.411765
41018     0.490196
41019     0.541176
41020     0.529412
41021     0.541176
41022     0.552941
41023     0.564706
41024     0.600000
41025     0.643137
41026     0.670588
41027     0.674510
41028     0.658824
41029     0.662745
41030     0.666667
41031     0.674510
41032     0.682353
41033     0.694118
41034     0.705882
41035     0.713726
41036     0.694118
41037     0.674510
41038     0.650980
41039     0.627451
41040     0.615686
41041     0.607843
41042     0.603922
41043     0.596078
41044     0.600000
41045     0.658824
41046     0.729412
41047     0.772549
41048     0.772549
41049     0.756863
41050     0.741176
41051     0.737255
41052     0.709804
41053     0.678431
41054     0.650980
41055     0.647059
41056     0.639216
41057     0.631373
41058     0.631373
41059     0.643137
41060     0.690196
41061     0.717647
41062     0.756863
41063     0.772549
41064     0.760784
41065     0.737255
41066     0.717647
41067     0.705882
41068     0.698039
41069     0.698039
41070     0.698039
41071     0.701961
41072     0.701961
41073     0.690196
41074     0.674510
41075     0.662745
41076     0.666667
41077     0.690196
41078     0.725490
41079     0.764706
41080     0.780392
41081     0.764706
41082     0.725490
41083     0.694118
41084     0.666667
41085     0.682353
41086     0.701961
41087     0.654902
41088     0.615686
41089     0.596078
41090     0.623529
41091     0.682353
41092     0.713726
41093     0.690196
41094     0.650980
41095     0.635294
41096     0.639216
41097     0.670588
41098     0.709804
41099     0.737255
41100     0.749020
41101     0.756863
41102     0.772549
41103     0.756863
41104     0.745098
41105     0.729412
41106     0.713726
41107     0.705882
41108     0.709804
41109     0.717647
41110     0.725490
41111     0.764706
41112     0.745098
41113     0.721569
41114     0.698039
41115     0.686275
41116     0.690196
41117     0.701961
41118     0.709804
41119     0.741176
41120     0.729412
41121     0.721569
41122     0.725490
41123     0.733333
41124     0.729412
41125     0.709804
41126     0.694118
41127     0.670588
41128     0.694118
41129     0.717647
41130     0.717647
41131     0.694118
41132     0.662745
41133     0.635294
41134     0.623529
41135     0.635294
41136     0.639216
41137     0.654902
41138     0.670588
41139     0.686275
41140     0.705882
41141     0.721569
41142     0.733333
41143     0.725490
41144     0.729412
41145     0.741176
41146     0.752941
41147     0.752941
41148     0.713726
41149     0.650980
41150     0.603922
41151     0.580392
41152     0.572549
41153     0.564706
41154     0.572549
41155     0.592157
41156     0.615686
41157     0.631373
41158     0.635294
41159     0.654902
41160     0.627451
41161     0.627451
41162     0.658824
41163     0.658824
41164     0.627451
41165     0.615686
41166     0.631373
41167     0.576471
41168     0.525490
41169     0.458824
41170     0.403922
41171     0.384314
41172     0.388235
41173     0.396078
41174     0.403922
41175     0.380392
41176     0.384314
41177     0.392157
41178     0.396078
41179     0.392157
41180     0.384314
41181     0.376471
41182     0.368627
41183     0.372549
41184     0.356863
41185     0.341176
41186     0.325490
41187     0.290196
41188     0.247059
41189     0.231373
41190     0.239216
41191     0.227451
41192     0.235294
41193     0.239216
41194     0.239216
41195     0.235294
41196     0.223529
41197     0.207843
41198     0.200000
41199     0.200000
41200     0.211765
41201     0.227451
41202     0.235294
41203     0.235294
41204     0.231373
41205     0.227451
41206     0.223529
41207     0.203922
41208     0.207843
41209     0.215686
41210     0.219608
41211     0.219608
41212     0.211765
41213     0.203922
41214     0.200000
41215     0.180392
41216     0.192157
41217     0.211765
41218     0.235294
41219     0.250980
41220     0.258824
41221     0.262745
41222     0.262745
41223     0.247059
41224     0.250980
41225     0.250980
41226     0.243137
41227     0.243137
41228     0.266667
41229     0.309804
41230     0.345098
41231     0.341176
41232     0.333333
41233     0.286275
41234     0.262745
41235     0.290196
41236     0.298039
41237     0.305882
41238     0.341176
41239     0.333333
41240     0.305882
41241     0.286275
41242     0.294118
41243     0.317647
41244     0.352941
41245     0.396078
41246     0.435294
41247     0.431373
41248     0.458824
41249     0.478431
41250     0.490196
41251     0.521569
41252     0.588235
41253     0.647059
41254     0.674510
41255     0.627451
41256     0.619608
41257     0.615686
41258     0.627451
41259     0.654902
41260     0.686275
41261     0.709804
41262     0.725490
41263     0.701961
41264     0.682353
41265     0.658824
41266     0.643137
41267     0.635294
41268     0.627451
41269     0.619608
41270     0.611765
41271     0.603922
41272     0.647059
41273     0.705882
41274     0.749020
41275     0.764706
41276     0.749020
41277     0.721569
41278     0.705882
41279     0.682353
41280     0.658824
41281     0.647059
41282     0.650980
41283     0.654902
41284     0.647059
41285     0.643137
41286     0.654902
41287     0.666667
41288     0.690196
41289     0.721569
41290     0.741176
41291     0.745098
41292     0.733333
41293     0.725490
41294     0.717647
41295     0.713726
41296     0.713726
41297     0.713726
41298     0.717647
41299     0.713726
41300     0.701961
41301     0.682353
41302     0.666667
41303     0.678431
41304     0.698039
41305     0.733333
41306     0.776471
41307     0.803922
41308     0.792157
41309     0.756863
41310     0.725490
41311     0.670588
41312     0.682353
41313     0.698039
41314     0.658824
41315     0.627451
41316     0.600000
41317     0.611765
41318     0.647059
41319     0.670588
41320     0.666667
41321     0.650980
41322     0.635294
41323     0.639216
41324     0.674510
41325     0.725490
41326     0.752941
41327     0.752941
41328     0.760784
41329     0.776471
41330     0.760784
41331     0.749020
41332     0.729412
41333     0.713726
41334     0.709804
41335     0.717647
41336     0.729412
41337     0.741176
41338     0.737255
41339     0.725490
41340     0.705882
41341     0.694118
41342     0.686275
41343     0.686275
41344     0.686275
41345     0.682353
41346     0.721569
41347     0.709804
41348     0.705882
41349     0.717647
41350     0.737255
41351     0.745098
41352     0.729412
41353     0.709804
41354     0.674510
41355     0.690196
41356     0.709804
41357     0.717647
41358     0.705882
41359     0.678431
41360     0.647059
41361     0.623529
41362     0.615686
41363     0.635294
41364     0.662745
41365     0.678431
41366     0.686275
41367     0.694118
41368     0.713726
41369     0.729412
41370     0.721569
41371     0.717647
41372     0.721569
41373     0.733333
41374     0.741176
41375     0.729412
41376     0.694118
41377     0.666667
41378     0.631373
41379     0.611765
41380     0.596078
41381     0.592157
41382     0.603922
41383     0.615686
41384     0.623529
41385     0.623529
41386     0.627451
41387     0.631373
41388     0.650980
41389     0.670588
41390     0.654902
41391     0.631373
41392     0.635294
41393     0.662745
41394     0.650980
41395     0.600000
41396     0.521569
41397     0.443137
41398     0.388235
41399     0.364706
41400     0.364706
41401     0.368627
41402     0.384314
41403     0.384314
41404     0.384314
41405     0.380392
41406     0.376471
41407     0.368627
41408     0.364706
41409     0.360784
41410     0.356863
41411     0.349020
41412     0.341176
41413     0.317647
41414     0.274510
41415     0.231373
41416     0.223529
41417     0.239216
41418     0.219608
41419     0.223529
41420     0.223529
41421     0.219608
41422     0.211765
41423     0.207843
41424     0.203922
41425     0.203922
41426     0.215686
41427     0.211765
41428     0.211765
41429     0.215686
41430     0.223529
41431     0.227451
41432     0.227451
41433     0.223529
41434     0.223529
41435     0.219608
41436     0.215686
41437     0.215686
41438     0.215686
41439     0.211765
41440     0.207843
41441     0.203922
41442     0.176471
41443     0.180392
41444     0.192157
41445     0.211765
41446     0.235294
41447     0.258824
41448     0.274510
41449     0.278431
41450     0.298039
41451     0.282353
41452     0.262745
41453     0.243137
41454     0.243137
41455     0.262745
41456     0.290196
41457     0.309804
41458     0.337255
41459     0.337255
41460     0.290196
41461     0.262745
41462     0.286275
41463     0.294118
41464     0.290196
41465     0.317647
41466     0.309804
41467     0.305882
41468     0.309804
41469     0.317647
41470     0.305882
41471     0.298039
41472     0.325490
41473     0.368627
41474     0.419608
41475     0.439216
41476     0.447059
41477     0.450980
41478     0.482353
41479     0.541176
41480     0.592157
41481     0.619608
41482     0.584314
41483     0.572549
41484     0.572549
41485     0.592157
41486     0.631373
41487     0.670588
41488     0.698039
41489     0.705882
41490     0.694118
41491     0.682353
41492     0.662745
41493     0.654902
41494     0.654902
41495     0.650980
41496     0.647059
41497     0.643137
41498     0.627451
41499     0.650980
41500     0.694118
41501     0.741176
41502     0.768627
41503     0.756863
41504     0.717647
41505     0.686275
41506     0.666667
41507     0.650980
41508     0.647059
41509     0.662745
41510     0.670588
41511     0.662745
41512     0.658824
41513     0.666667
41514     0.658824
41515     0.674510
41516     0.690196
41517     0.705882
41518     0.717647
41519     0.721569
41520     0.721569
41521     0.725490
41522     0.729412
41523     0.721569
41524     0.709804
41525     0.705882
41526     0.701961
41527     0.698039
41528     0.686275
41529     0.674510
41530     0.686275
41531     0.694118
41532     0.717647
41533     0.760784
41534     0.792157
41535     0.800000
41536     0.780392
41537     0.756863
41538     0.678431
41539     0.686275
41540     0.694118
41541     0.662745
41542     0.647059
41543     0.627451
41544     0.619608
41545     0.631373
41546     0.643137
41547     0.650980
41548     0.654902
41549     0.631373
41550     0.635294
41551     0.666667
41552     0.721569
41553     0.749020
41554     0.741176
41555     0.745098
41556     0.760784
41557     0.756863
41558     0.741176
41559     0.721569
41560     0.709804
41561     0.709804
41562     0.721569
41563     0.737255
41564     0.749020
41565     0.733333
41566     0.725490
41567     0.713726
41568     0.709804
41569     0.705882
41570     0.701961
41571     0.698039
41572     0.690196
41573     0.709804
41574     0.698039
41575     0.694118
41576     0.713726
41577     0.741176
41578     0.752941
41579     0.737255
41580     0.717647
41581     0.674510
41582     0.682353
41583     0.698039
41584     0.709804
41585     0.705882
41586     0.682353
41587     0.647059
41588     0.619608
41589     0.615686
41590     0.643137
41591     0.674510
41592     0.686275
41593     0.682353
41594     0.682353
41595     0.694118
41596     0.709804
41597     0.725490
41598     0.721569
41599     0.717647
41600     0.721569
41601     0.729412
41602     0.733333
41603     0.729412
41604     0.725490
41605     0.686275
41606     0.662745
41607     0.635294
41608     0.619608
41609     0.623529
41610     0.627451
41611     0.623529
41612     0.619608
41613     0.600000
41614     0.639216
41615     0.670588
41616     0.674510
41617     0.658824
41618     0.650980
41619     0.650980
41620     0.658824
41621     0.694118
41622     0.650980
41623     0.572549
41624     0.482353
41625     0.407843
41626     0.360784
41627     0.345098
41628     0.345098
41629     0.372549
41630     0.364706
41631     0.352941
41632     0.341176
41633     0.333333
41634     0.333333
41635     0.337255
41636     0.337255
41637     0.341176
41638     0.345098
41639     0.345098
41640     0.317647
41641     0.262745
41642     0.219608
41643     0.223529
41644     0.254902
41645     0.215686
41646     0.215686
41647     0.211765
41648     0.203922
41649     0.196078
41650     0.196078
41651     0.203922
41652     0.211765
41653     0.247059
41654     0.235294
41655     0.219608
41656     0.223529
41657     0.235294
41658     0.247059
41659     0.247059
41660     0.239216
41661     0.239216
41662     0.227451
41663     0.211765
41664     0.203922
41665     0.203922
41666     0.211765
41667     0.215686
41668     0.219608
41669     0.196078
41670     0.192157
41671     0.192157
41672     0.200000
41673     0.223529
41674     0.250980
41675     0.270588
41676     0.282353
41677     0.317647
41678     0.282353
41679     0.243137
41680     0.219608
41681     0.227451
41682     0.243137
41683     0.254902
41684     0.258824
41685     0.282353
41686     0.294118
41687     0.262745
41688     0.247059
41689     0.278431
41690     0.294118
41691     0.290196
41692     0.309804
41693     0.309804
41694     0.321569
41695     0.341176
41696     0.337255
41697     0.298039
41698     0.270588
41699     0.305882
41700     0.364706
41701     0.435294
41702     0.439216
41703     0.431373
41704     0.427451
41705     0.447059
41706     0.490196
41707     0.521569
41708     0.529412
41709     0.560784
41710     0.549020
41711     0.552941
41712     0.580392
41713     0.623529
41714     0.662745
41715     0.682353
41716     0.686275
41717     0.713726
41718     0.705882
41719     0.694118
41720     0.690196
41721     0.698039
41722     0.701961
41723     0.701961
41724     0.698039
41725     0.662745
41726     0.674510
41727     0.705882
41728     0.749020
41729     0.780392
41730     0.768627
41731     0.721569
41732     0.678431
41733     0.662745
41734     0.650980
41735     0.654902
41736     0.674510
41737     0.682353
41738     0.674510
41739     0.666667
41740     0.670588
41741     0.662745
41742     0.670588
41743     0.678431
41744     0.690196
41745     0.701961
41746     0.713726
41747     0.725490
41748     0.729412
41749     0.741176
41750     0.721569
41751     0.701961
41752     0.690196
41753     0.686275
41754     0.686275
41755     0.686275
41756     0.682353
41757     0.686275
41758     0.686275
41759     0.698039
41760     0.733333
41761     0.772549
41762     0.796078
41763     0.792157
41764     0.776471
41765     0.682353
41766     0.690196
41767     0.694118
41768     0.666667
41769     0.666667
41770     0.658824
41771     0.639216
41772     0.627451
41773     0.631373
41774     0.650980
41775     0.670588
41776     0.635294
41777     0.647059
41778     0.666667
41779     0.701961
41780     0.737255
41781     0.760784
41782     0.768627
41783     0.772549
41784     0.725490
41785     0.721569
41786     0.717647
41787     0.717647
41788     0.721569
41789     0.729412
41790     0.737255
41791     0.745098
41792     0.733333
41793     0.733333
41794     0.729412
41795     0.725490
41796     0.717647
41797     0.705882
41798     0.698039
41799     0.690196
41800     0.701961
41801     0.705882
41802     0.713726
41803     0.729412
41804     0.745098
41805     0.749020
41806     0.741176
41807     0.733333
41808     0.678431
41809     0.674510
41810     0.674510
41811     0.686275
41812     0.694118
41813     0.690196
41814     0.670588
41815     0.650980
41816     0.650980
41817     0.639216
41818     0.647059
41819     0.678431
41820     0.701961
41821     0.698039
41822     0.690196
41823     0.694118
41824     0.705882
41825     0.698039
41826     0.690196
41827     0.690196
41828     0.698039
41829     0.713726
41830     0.729412
41831     0.737255
41832     0.733333
41833     0.709804
41834     0.674510
41835     0.643137
41836     0.627451
41837     0.619608
41838     0.623529
41839     0.627451
41840     0.623529
41841     0.635294
41842     0.647059
41843     0.647059
41844     0.643137
41845     0.647059
41846     0.658824
41847     0.670588
41848     0.694118
41849     0.678431
41850     0.639216
41851     0.576471
41852     0.505882
41853     0.443137
41854     0.396078
41855     0.376471
41856     0.360784
41857     0.360784
41858     0.352941
41859     0.325490
41860     0.298039
41861     0.294118
41862     0.317647
41863     0.341176
41864     0.329412
41865     0.341176
41866     0.341176
41867     0.309804
41868     0.258824
41869     0.219608
41870     0.211765
41871     0.215686
41872     0.207843
41873     0.231373
41874     0.227451
41875     0.188235
41876     0.164706
41877     0.184314
41878     0.219608
41879     0.235294
41880     0.247059
41881     0.235294
41882     0.215686
41883     0.207843
41884     0.211765
41885     0.219608
41886     0.227451
41887     0.235294
41888     0.239216
41889     0.231373
41890     0.219608
41891     0.219608
41892     0.223529
41893     0.231373
41894     0.231373
41895     0.231373
41896     0.231373
41897     0.223529
41898     0.207843
41899     0.196078
41900     0.196078
41901     0.215686
41902     0.250980
41903     0.274510
41904     0.321569
41905     0.294118
41906     0.258824
41907     0.231373
41908     0.223529
41909     0.227451
41910     0.235294
41911     0.239216
41912     0.294118
41913     0.266667
41914     0.243137
41915     0.250980
41916     0.286275
41917     0.321569
41918     0.329412
41919     0.325490
41920     0.301961
41921     0.313726
41922     0.325490
41923     0.325490
41924     0.321569
41925     0.329412
41926     0.356863
41927     0.380392
41928     0.447059
41929     0.447059
41930     0.447059
41931     0.447059
41932     0.454902
41933     0.478431
41934     0.505882
41935     0.525490
41936     0.541176
41937     0.541176
41938     0.541176
41939     0.556863
41940     0.580392
41941     0.607843
41942     0.623529
41943     0.635294
41944     0.705882
41945     0.698039
41946     0.694118
41947     0.709804
41948     0.733333
41949     0.752941
41950     0.760784
41951     0.760784
41952     0.721569
41953     0.709804
41954     0.717647
41955     0.752941
41956     0.784314
41957     0.776471
41958     0.717647
41959     0.662745
41960     0.643137
41961     0.643137
41962     0.654902
41963     0.674510
41964     0.694118
41965     0.709804
41966     0.709804
41967     0.709804
41968     0.678431
41969     0.662745
41970     0.658824
41971     0.670588
41972     0.686275
41973     0.701961
41974     0.717647
41975     0.729412
41976     0.756863
41977     0.737255
41978     0.713726
41979     0.690196
41980     0.678431
41981     0.678431
41982     0.686275
41983     0.694118
41984     0.713726
41985     0.694118
41986     0.682353
41987     0.694118
41988     0.729412
41989     0.764706
41990     0.776471
41991     0.772549
41992     0.721569
41993     0.705882
41994     0.694118
41995     0.678431
41996     0.674510
41997     0.658824
41998     0.639216
41999     0.627451
42000     0.635294
42001     0.658824
42002     0.678431
42003     0.658824
42004     0.658824
42005     0.670588
42006     0.690196
42007     0.713726
42008     0.737255
42009     0.745098
42010     0.749020
42011     0.725490
42012     0.725490
42013     0.721569
42014     0.721569
42015     0.721569
42016     0.721569
42017     0.721569
42018     0.721569
42019     0.721569
42020     0.729412
42021     0.741176
42022     0.752941
42023     0.756863
42024     0.737255
42025     0.705882
42026     0.682353
42027     0.678431
42028     0.690196
42029     0.709804
42030     0.733333
42031     0.752941
42032     0.756863
42033     0.745098
42034     0.737255
42035     0.678431
42036     0.670588
42037     0.666667
42038     0.674510
42039     0.682353
42040     0.686275
42041     0.678431
42042     0.670588
42043     0.658824
42044     0.647059
42045     0.650980
42046     0.678431
42047     0.698039
42048     0.690196
42049     0.682353
42050     0.682353
42051     0.682353
42052     0.694118
42053     0.701961
42054     0.698039
42055     0.686275
42056     0.690196
42057     0.713726
42058     0.733333
42059     0.721569
42060     0.721569
42061     0.709804
42062     0.678431
42063     0.643137
42064     0.623529
42065     0.623529
42066     0.631373
42067     0.603922
42068     0.623529
42069     0.650980
42070     0.662745
42071     0.662745
42072     0.658824
42073     0.662745
42074     0.666667
42075     0.682353
42076     0.670588
42077     0.643137
42078     0.607843
42079     0.560784
42080     0.513726
42081     0.470588
42082     0.447059
42083     0.388235
42084     0.384314
42085     0.372549
42086     0.349020
42087     0.321569
42088     0.305882
42089     0.301961
42090     0.305882
42091     0.313726
42092     0.321569
42093     0.321569
42094     0.294118
42095     0.254902
42096     0.215686
42097     0.196078
42098     0.192157
42099     0.196078
42100     0.227451
42101     0.239216
42102     0.215686
42103     0.196078
42104     0.207843
42105     0.227451
42106     0.235294
42107     0.227451
42108     0.215686
42109     0.203922
42110     0.196078
42111     0.200000
42112     0.211765
42113     0.219608
42114     0.223529
42115     0.211765
42116     0.207843
42117     0.203922
42118     0.207843
42119     0.215686
42120     0.223529
42121     0.223529
42122     0.219608
42123     0.207843
42124     0.207843
42125     0.200000
42126     0.192157
42127     0.192157
42128     0.207843
42129     0.231373
42130     0.250980
42131     0.290196
42132     0.278431
42133     0.262745
42134     0.250980
42135     0.243137
42136     0.247059
42137     0.258824
42138     0.266667
42139     0.290196
42140     0.266667
42141     0.250980
42142     0.266667
42143     0.305882
42144     0.337255
42145     0.345098
42146     0.341176
42147     0.321569
42148     0.329412
42149     0.333333
42150     0.329412
42151     0.325490
42152     0.337255
42153     0.356863
42154     0.380392
42155     0.431373
42156     0.435294
42157     0.443137
42158     0.450980
42159     0.462745
42160     0.478431
42161     0.494118
42162     0.505882
42163     0.509804
42164     0.509804
42165     0.513726
42166     0.529412
42167     0.549020
42168     0.568627
42169     0.580392
42170     0.588235
42171     0.654902
42172     0.658824
42173     0.674510
42174     0.705882
42175     0.741176
42176     0.768627
42177     0.780392
42178     0.780392
42179     0.749020
42180     0.733333
42181     0.733333
42182     0.760784
42183     0.792157
42184     0.784314
42185     0.733333
42186     0.682353
42187     0.643137
42188     0.643137
42189     0.650980
42190     0.666667
42191     0.686275
42192     0.705882
42193     0.713726
42194     0.717647
42195     0.694118
42196     0.682353
42197     0.670588
42198     0.666667
42199     0.674510
42200     0.690196
42201     0.717647
42202     0.737255
42203     0.752941
42204     0.745098
42205     0.729412
42206     0.713726
42207     0.701961
42208     0.698039
42209     0.694118
42210     0.694118
42211     0.686275
42212     0.682353
42213     0.678431
42214     0.682353
42215     0.698039
42216     0.721569
42217     0.749020
42218     0.768627
42219     0.745098
42220     0.733333
42221     0.721569
42222     0.690196
42223     0.682353
42224     0.666667
42225     0.650980
42226     0.643137
42227     0.654902
42228     0.678431
42229     0.694118
42230     0.678431
42231     0.670588
42232     0.662745
42233     0.666667
42234     0.678431
42235     0.698039
42236     0.709804
42237     0.713726
42238     0.721569
42239     0.725490
42240     0.725490
42241     0.721569
42242     0.717647
42243     0.713726
42244     0.709804
42245     0.705882
42246     0.709804
42247     0.717647
42248     0.741176
42249     0.772549
42250     0.788235
42251     0.768627
42252     0.721569
42253     0.678431
42254     0.650980
42255     0.662745
42256     0.686275
42257     0.717647
42258     0.741176
42259     0.745098
42260     0.737255
42261     0.725490
42262     0.682353
42263     0.674510
42264     0.666667
42265     0.666667
42266     0.678431
42267     0.686275
42268     0.690196
42269     0.690196
42270     0.670588
42271     0.658824
42272     0.662745
42273     0.682353
42274     0.690196
42275     0.678431
42276     0.666667
42277     0.670588
42278     0.658824
42279     0.686275
42280     0.705882
42281     0.698039
42282     0.674510
42283     0.666667
42284     0.694118
42285     0.721569
42286     0.717647
42287     0.733333
42288     0.741176
42289     0.717647
42290     0.666667
42291     0.623529
42292     0.607843
42293     0.607843
42294     0.580392
42295     0.611765
42296     0.654902
42297     0.682353
42298     0.690196
42299     0.682353
42300     0.666667
42301     0.658824
42302     0.686275
42303     0.674510
42304     0.658824
42305     0.643137
42306     0.623529
42307     0.580392
42308     0.533333
42309     0.498039
42310     0.466667
42311     0.443137
42312     0.403922
42313     0.360784
42314     0.325490
42315     0.298039
42316     0.290196
42317     0.286275
42318     0.313726
42319     0.317647
42320     0.313726
42321     0.298039
42322     0.270588
42323     0.235294
42324     0.200000
42325     0.180392
42326     0.180392
42327     0.219608
42328     0.247059
42329     0.243137
42330     0.223529
42331     0.215686
42332     0.211765
42333     0.207843
42334     0.215686
42335     0.211765
42336     0.203922
42337     0.196078
42338     0.196078
42339     0.203922
42340     0.211765
42341     0.219608
42342     0.203922
42343     0.200000
42344     0.200000
42345     0.200000
42346     0.207843
42347     0.207843
42348     0.200000
42349     0.192157
42350     0.196078
42351     0.200000
42352     0.207843
42353     0.207843
42354     0.207843
42355     0.211765
42356     0.223529
42357     0.235294
42358     0.266667
42359     0.278431
42360     0.286275
42361     0.278431
42362     0.266667
42363     0.262745
42364     0.266667
42365     0.274510
42366     0.282353
42367     0.270588
42368     0.262745
42369     0.282353
42370     0.317647
42371     0.349020
42372     0.360784
42373     0.356863
42374     0.360784
42375     0.356863
42376     0.352941
42377     0.341176
42378     0.337255
42379     0.341176
42380     0.352941
42381     0.368627
42382     0.411765
42383     0.419608
42384     0.431373
42385     0.443137
42386     0.454902
42387     0.466667
42388     0.470588
42389     0.474510
42390     0.486275
42391     0.490196
42392     0.505882
42393     0.521569
42394     0.533333
42395     0.549020
42396     0.556863
42397     0.560784
42398     0.596078
42399     0.611765
42400     0.643137
42401     0.690196
42402     0.737255
42403     0.772549
42404     0.792157
42405     0.800000
42406     0.772549
42407     0.752941
42408     0.745098
42409     0.764706
42410     0.792157
42411     0.788235
42412     0.749020
42413     0.709804
42414     0.658824
42415     0.647059
42416     0.635294
42417     0.643137
42418     0.662745
42419     0.690196
42420     0.713726
42421     0.725490
42422     0.721569
42423     0.713726
42424     0.690196
42425     0.666667
42426     0.658824
42427     0.678431
42428     0.717647
42429     0.749020
42430     0.749020
42431     0.749020
42432     0.749020
42433     0.741176
42434     0.729412
42435     0.717647
42436     0.701961
42437     0.694118
42438     0.658824
42439     0.666667
42440     0.670588
42441     0.662745
42442     0.658824
42443     0.678431
42444     0.717647
42445     0.749020
42446     0.741176
42447     0.729412
42448     0.717647
42449     0.686275
42450     0.682353
42451     0.678431
42452     0.674510
42453     0.678431
42454     0.690196
42455     0.705882
42456     0.717647
42457     0.690196
42458     0.674510
42459     0.654902
42460     0.647059
42461     0.654902
42462     0.670588
42463     0.682353
42464     0.686275
42465     0.717647
42466     0.713726
42467     0.713726
42468     0.709804
42469     0.705882
42470     0.705882
42471     0.705882
42472     0.705882
42473     0.709804
42474     0.705882
42475     0.717647
42476     0.749020
42477     0.776471
42478     0.772549
42479     0.733333
42480     0.694118
42481     0.643137
42482     0.650980
42483     0.662745
42484     0.682353
42485     0.701961
42486     0.713726
42487     0.709804
42488     0.705882
42489     0.690196
42490     0.686275
42491     0.682353
42492     0.682353
42493     0.686275
42494     0.690196
42495     0.690196
42496     0.690196
42497     0.682353
42498     0.670588
42499     0.670588
42500     0.682353
42501     0.682353
42502     0.666667
42503     0.658824
42504     0.662745
42505     0.670588
42506     0.686275
42507     0.694118
42508     0.682353
42509     0.662745
42510     0.658824
42511     0.682353
42512     0.709804
42513     0.717647
42514     0.733333
42515     0.745098
42516     0.729412
42517     0.686275
42518     0.635294
42519     0.592157
42520     0.572549
42521     0.568627
42522     0.603922
42523     0.658824
42524     0.698039
42525     0.713726
42526     0.701961
42527     0.674510
42528     0.654902
42529     0.670588
42530     0.670588
42531     0.670588
42532     0.686275
42533     0.690196
42534     0.662745
42535     0.615686
42536     0.572549
42537     0.556863
42538     0.521569
42539     0.454902
42540     0.372549
42541     0.305882
42542     0.278431
42543     0.282353
42544     0.298039
42545     0.333333
42546     0.329412
42547     0.325490
42548     0.321569
42549     0.305882
42550     0.270588
42551     0.227451
42552     0.192157
42553     0.168627
42554     0.207843
42555     0.250980
42556     0.262745
42557     0.243137
42558     0.215686
42559     0.188235
42560     0.172549
42561     0.223529
42562     0.223529
42563     0.219608
42564     0.211765
42565     0.203922
42566     0.200000
42567     0.207843
42568     0.211765
42569     0.227451
42570     0.219608
42571     0.215686
42572     0.211765
42573     0.207843
42574     0.200000
42575     0.180392
42576     0.168627
42577     0.200000
42578     0.211765
42579     0.227451
42580     0.235294
42581     0.235294
42582     0.231373
42583     0.235294
42584     0.235294
42585     0.266667
42586     0.290196
42587     0.309804
42588     0.305882
42589     0.278431
42590     0.254902
42591     0.250980
42592     0.254902
42593     0.274510
42594     0.262745
42595     0.262745
42596     0.282353
42597     0.317647
42598     0.345098
42599     0.352941
42600     0.349020
42601     0.388235
42602     0.376471
42603     0.360784
42604     0.349020
42605     0.345098
42606     0.352941
42607     0.360784
42608     0.364706
42609     0.411765
42610     0.411765
42611     0.411765
42612     0.423529
42613     0.431373
42614     0.439216
42615     0.443137
42616     0.439216
42617     0.482353
42618     0.498039
42619     0.517647
42620     0.541176
42621     0.552941
42622     0.564706
42623     0.572549
42624     0.576471
42625     0.576471
42626     0.588235
42627     0.619608
42628     0.658824
42629     0.705882
42630     0.749020
42631     0.780392
42632     0.796078
42633     0.772549
42634     0.752941
42635     0.741176
42636     0.756863
42637     0.784314
42638     0.796078
42639     0.776471
42640     0.749020
42641     0.690196
42642     0.658824
42643     0.623529
42644     0.607843
42645     0.623529
42646     0.662745
42647     0.701961
42648     0.729412
42649     0.741176
42650     0.737255
42651     0.709804
42652     0.662745
42653     0.643137
42654     0.674510
42655     0.729412
42656     0.764706
42657     0.756863
42658     0.756863
42659     0.752941
42660     0.745098
42661     0.737255
42662     0.721569
42663     0.709804
42664     0.705882
42665     0.662745
42666     0.662745
42667     0.658824
42668     0.647059
42669     0.643137
42670     0.658824
42671     0.694118
42672     0.721569
42673     0.721569
42674     0.709804
42675     0.701961
42676     0.666667
42677     0.670588
42678     0.678431
42679     0.690196
42680     0.705882
42681     0.717647
42682     0.725490
42683     0.729412
42684     0.701961
42685     0.686275
42686     0.662745
42687     0.654902
42688     0.658824
42689     0.670588
42690     0.682353
42691     0.686275
42692     0.701961
42693     0.698039
42694     0.694118
42695     0.690196
42696     0.694118
42697     0.701961
42698     0.713726
42699     0.721569
42700     0.717647
42701     0.698039
42702     0.686275
42703     0.705882
42704     0.737255
42705     0.752941
42706     0.737255
42707     0.717647
42708     0.674510
42709     0.666667
42710     0.658824
42711     0.662745
42712     0.674510
42713     0.686275
42714     0.694118
42715     0.694118
42716     0.694118
42717     0.701961
42718     0.705882
42719     0.705882
42720     0.701961
42721     0.690196
42722     0.682353
42723     0.678431
42724     0.694118
42725     0.682353
42726     0.682353
42727     0.686275
42728     0.678431
42729     0.658824
42730     0.654902
42731     0.666667
42732     0.698039
42733     0.690196
42734     0.678431
42735     0.666667
42736     0.662745
42737     0.666667
42738     0.686275
42739     0.698039
42740     0.709804
42741     0.717647
42742     0.725490
42743     0.733333
42744     0.721569
42745     0.682353
42746     0.623529
42747     0.580392
42748     0.580392
42749     0.611765
42750     0.658824
42751     0.701961
42752     0.721569
42753     0.709804
42754     0.682353
42755     0.658824
42756     0.647059
42757     0.654902
42758     0.678431
42759     0.713726
42760     0.737255
42761     0.729412
42762     0.686275
42763     0.650980
42764     0.596078
42765     0.576471
42766     0.525490
42767     0.435294
42768     0.345098
42769     0.290196
42770     0.282353
42771     0.298039
42772     0.337255
42773     0.329412
42774     0.325490
42775     0.325490
42776     0.317647
42777     0.282353
42778     0.235294
42779     0.196078
42780     0.164706
42781     0.196078
42782     0.243137
42783     0.266667
42784     0.258824
42785     0.227451
42786     0.196078
42787     0.184314
42788     0.227451
42789     0.231373
42790     0.227451
42791     0.219608
42792     0.200000
42793     0.192157
42794     0.192157
42795     0.196078
42796     0.239216
42797     0.235294
42798     0.227451
42799     0.227451
42800     0.223529
42801     0.211765
42802     0.196078
42803     0.180392
42804     0.207843
42805     0.223529
42806     0.243137
42807     0.250980
42808     0.247059
42809     0.243137
42810     0.239216
42811     0.239216
42812     0.262745
42813     0.290196
42814     0.313726
42815     0.313726
42816     0.282353
42817     0.250980
42818     0.239216
42819     0.235294
42820     0.262745
42821     0.258824
42822     0.254902
42823     0.270588
42824     0.298039
42825     0.321569
42826     0.329412
42827     0.329412
42828     0.380392
42829     0.364706
42830     0.345098
42831     0.345098
42832     0.360784
42833     0.376471
42834     0.388235
42835     0.392157
42836     0.415686
42837     0.407843
42838     0.396078
42839     0.396078
42840     0.407843
42841     0.415686
42842     0.419608
42843     0.415686
42844     0.462745
42845     0.486275
42846     0.517647
42847     0.541176
42848     0.556863
42849     0.572549
42850     0.584314
42851     0.596078
42852     0.584314
42853     0.592157
42854     0.603922
42855     0.623529
42856     0.658824
42857     0.698039
42858     0.741176
42859     0.764706
42860     0.760784
42861     0.741176
42862     0.733333
42863     0.752941
42864     0.788235
42865     0.811765
42866     0.811765
42867     0.800000
42868     0.737255
42869     0.686275
42870     0.623529
42871     0.580392
42872     0.584314
42873     0.627451
42874     0.678431
42875     0.713726
42876     0.733333
42877     0.733333
42878     0.705882
42879     0.654902
42880     0.639216
42881     0.682353
42882     0.741176
42883     0.776471
42884     0.760784
42885     0.756863
42886     0.745098
42887     0.733333
42888     0.721569
42889     0.717647
42890     0.717647
42891     0.713726
42892     0.694118
42893     0.682353
42894     0.662745
42895     0.650980
42896     0.654902
42897     0.666667
42898     0.682353
42899     0.698039
42900     0.721569
42901     0.713726
42902     0.709804
42903     0.647059
42904     0.647059
42905     0.658824
42906     0.678431
42907     0.698039
42908     0.713726
42909     0.717647
42910     0.717647
42911     0.713726
42912     0.698039
42913     0.682353
42914     0.674510
42915     0.678431
42916     0.686275
42917     0.690196
42918     0.690196
42919     0.682353
42920     0.682353
42921     0.678431
42922     0.682353
42923     0.690196
42924     0.701961
42925     0.713726
42926     0.725490
42927     0.717647
42928     0.694118
42929     0.674510
42930     0.678431
42931     0.705882
42932     0.729412
42933     0.741176
42934     0.737255
42935     0.717647
42936     0.698039
42937     0.674510
42938     0.662745
42939     0.666667
42940     0.678431
42941     0.690196
42942     0.694118
42943     0.694118
42944     0.705882
42945     0.717647
42946     0.717647
42947     0.705882
42948     0.690196
42949     0.678431
42950     0.674510
42951     0.698039
42952     0.690196
42953     0.690196
42954     0.694118
42955     0.682353
42956     0.662745
42957     0.662745
42958     0.678431
42959     0.717647
42960     0.701961
42961     0.686275
42962     0.674510
42963     0.674510
42964     0.678431
42965     0.686275
42966     0.690196
42967     0.694118
42968     0.694118
42969     0.705882
42970     0.729412
42971     0.749020
42972     0.733333
42973     0.686275
42974     0.643137
42975     0.615686
42976     0.631373
42977     0.658824
42978     0.690196
42979     0.709804
42980     0.705882
42981     0.690196
42982     0.674510
42983     0.654902
42984     0.670588
42985     0.690196
42986     0.713726
42987     0.721569
42988     0.694118
42989     0.647059
42990     0.607843
42991     0.588235
42992     0.600000
42993     0.588235
42994     0.533333
42995     0.447059
42996     0.364706
42997     0.309804
42998     0.290196
42999     0.317647
43000     0.313726
43001     0.313726
43002     0.309804
43003     0.301961
43004     0.270588
43005     0.227451
43006     0.192157
43007     0.172549
43008     0.192157
43009     0.231373
43010     0.266667
43011     0.270588
43012     0.247059
43013     0.227451
43014     0.227451
43015     0.211765
43016     0.223529
43017     0.227451
43018     0.215686
43019     0.196078
43020     0.180392
43021     0.180392
43022     0.184314
43023     0.235294
43024     0.227451
43025     0.227451
43026     0.231373
43027     0.235294
43028     0.235294
43029     0.227451
43030     0.219608
43031     0.211765
43032     0.223529
43033     0.239216
43034     0.247059
43035     0.243137
43036     0.239216
43037     0.239216
43038     0.239216
43039     0.254902
43040     0.278431
43041     0.298039
43042     0.301961
43043     0.286275
43044     0.262745
43045     0.250980
43046     0.243137
43047     0.258824
43048     0.250980
43049     0.250980
43050     0.258824
43051     0.282353
43052     0.305882
43053     0.321569
43054     0.325490
43055     0.356863
43056     0.337255
43057     0.317647
43058     0.333333
43059     0.368627
43060     0.403922
43061     0.419608
43062     0.423529
43063     0.415686
43064     0.400000
43065     0.384314
43066     0.388235
43067     0.403922
43068     0.415686
43069     0.415686
43070     0.411765
43071     0.423529
43072     0.450980
43073     0.486275
43074     0.513726
43075     0.529412
43076     0.545098
43077     0.564706
43078     0.580392
43079     0.596078
43080     0.592157
43081     0.592157
43082     0.596078
43083     0.615686
43084     0.647059
43085     0.690196
43086     0.721569
43087     0.741176
43088     0.729412
43089     0.721569
43090     0.745098
43091     0.788235
43092     0.823529
43093     0.835294
43094     0.835294
43095     0.784314
43096     0.725490
43097     0.647059
43098     0.588235
43099     0.572549
43100     0.600000
43101     0.643137
43102     0.670588
43103     0.698039
43104     0.701961
43105     0.678431
43106     0.631373
43107     0.635294
43108     0.694118
43109     0.752941
43110     0.776471
43111     0.764706
43112     0.752941
43113     0.737255
43114     0.721569
43115     0.709804
43116     0.709804
43117     0.717647
43118     0.721569
43119     0.729412
43120     0.713726
43121     0.694118
43122     0.678431
43123     0.674510
43124     0.678431
43125     0.682353
43126     0.686275
43127     0.717647
43128     0.709804
43129     0.705882
43130     0.635294
43131     0.627451
43132     0.623529
43133     0.635294
43134     0.658824
43135     0.678431
43136     0.690196
43137     0.690196
43138     0.705882
43139     0.698039
43140     0.690196
43141     0.686275
43142     0.686275
43143     0.682353
43144     0.674510
43145     0.666667
43146     0.658824
43147     0.666667
43148     0.678431
43149     0.690196
43150     0.698039
43151     0.701961
43152     0.705882
43153     0.705882
43154     0.705882
43155     0.694118
43156     0.686275
43157     0.690196
43158     0.705882
43159     0.725490
43160     0.737255
43161     0.741176
43162     0.733333
43163     0.713726
43164     0.690196
43165     0.674510
43166     0.670588
43167     0.678431
43168     0.682353
43169     0.686275
43170     0.690196
43171     0.701961
43172     0.709804
43173     0.705882
43174     0.690196
43175     0.682353
43176     0.678431
43177     0.682353
43178     0.698039
43179     0.690196
43180     0.694118
43181     0.698039
43182     0.686275
43183     0.666667
43184     0.674510
43185     0.694118
43186     0.705882
43187     0.713726
43188     0.713726
43189     0.705882
43190     0.690196
43191     0.682353
43192     0.686275
43193     0.694118
43194     0.682353
43195     0.686275
43196     0.701961
43197     0.725490
43198     0.745098
43199     0.741176
43200     0.717647
43201     0.694118
43202     0.658824
43203     0.654902
43204     0.654902
43205     0.670588
43206     0.690196
43207     0.698039
43208     0.698039
43209     0.690196
43210     0.674510
43211     0.690196
43212     0.709804
43213     0.713726
43214     0.690196
43215     0.647059
43216     0.596078
43217     0.560784
43218     0.596078
43219     0.603922
43220     0.611765
43221     0.596078
43222     0.545098
43223     0.462745
43224     0.372549
43225     0.313726
43226     0.317647
43227     0.317647
43228     0.317647
43229     0.313726
43230     0.298039
43231     0.266667
43232     0.231373
43233     0.207843
43234     0.203922
43235     0.203922
43236     0.223529
43237     0.250980
43238     0.254902
43239     0.235294
43240     0.231373
43241     0.243137
43242     0.200000
43243     0.215686
43244     0.227451
43245     0.223529
43246     0.203922
43247     0.188235
43248     0.188235
43249     0.196078
43250     0.231373
43251     0.223529
43252     0.219608
43253     0.223529
43254     0.235294
43255     0.243137
43256     0.243137
43257     0.239216
43258     0.219608
43259     0.227451
43260     0.235294
43261     0.239216
43262     0.235294
43263     0.235294
43264     0.239216
43265     0.243137
43266     0.262745
43267     0.274510
43268     0.286275
43269     0.294118
43270     0.290196
43271     0.278431
43272     0.262745
43273     0.254902
43274     0.254902
43275     0.247059
43276     0.247059
43277     0.254902
43278     0.278431
43279     0.305882
43280     0.329412
43281     0.345098
43282     0.360784
43283     0.333333
43284     0.309804
43285     0.325490
43286     0.368627
43287     0.403922
43288     0.419608
43289     0.415686
43290     0.400000
43291     0.388235
43292     0.384314
43293     0.400000
43294     0.423529
43295     0.439216
43296     0.435294
43297     0.423529
43298     0.403922
43299     0.431373
43300     0.466667
43301     0.486275
43302     0.498039
43303     0.513726
43304     0.537255
43305     0.556863
43306     0.580392
43307     0.584314
43308     0.584314
43309     0.584314
43310     0.592157
43311     0.615686
43312     0.654902
43313     0.682353
43314     0.713726
43315     0.701961
43316     0.701961
43317     0.729412
43318     0.772549
43319     0.811765
43320     0.831373
43321     0.831373
43322     0.819608
43323     0.764706
43324     0.686275
43325     0.619608
43326     0.588235
43327     0.592157
43328     0.607843
43329     0.623529
43330     0.643137
43331     0.654902
43332     0.635294
43333     0.603922
43334     0.627451
43335     0.701961
43336     0.752941
43337     0.760784
43338     0.756863
43339     0.749020
43340     0.733333
43341     0.721569
43342     0.713726
43343     0.713726
43344     0.713726
43345     0.717647
43346     0.745098
43347     0.745098
43348     0.737255
43349     0.713726
43350     0.690196
43351     0.674510
43352     0.678431
43353     0.690196
43354     0.701961
43355     0.698039
43356     0.694118
43357     0.631373
43358     0.611765
43359     0.596078
43360     0.596078
43361     0.615686
43362     0.643137
43363     0.658824
43364     0.666667
43365     0.690196
43366     0.686275
43367     0.682353
43368     0.678431
43369     0.674510
43370     0.666667
43371     0.650980
43372     0.635294
43373     0.647059
43374     0.662745
43375     0.682353
43376     0.701961
43377     0.709804
43378     0.705882
43379     0.694118
43380     0.682353
43381     0.690196
43382     0.694118
43383     0.701961
43384     0.713726
43385     0.721569
43386     0.733333
43387     0.737255
43388     0.741176
43389     0.721569
43390     0.709804
43391     0.690196
43392     0.678431
43393     0.674510
43394     0.674510
43395     0.674510
43396     0.670588
43397     0.686275
43398     0.690196
43399     0.694118
43400     0.686275
43401     0.674510
43402     0.674510
43403     0.682353
43404     0.698039
43405     0.698039
43406     0.694118
43407     0.694118
43408     0.701961
43409     0.686275
43410     0.670588
43411     0.682353
43412     0.701961
43413     0.690196
43414     0.721569
43415     0.745098
43416     0.737255
43417     0.705882
43418     0.682353
43419     0.682353
43420     0.694118
43421     0.678431
43422     0.690196
43423     0.705882
43424     0.721569
43425     0.721569
43426     0.717647
43427     0.709804
43428     0.705882
43429     0.686275
43430     0.670588
43431     0.654902
43432     0.654902
43433     0.674510
43434     0.690196
43435     0.701961
43436     0.701961
43437     0.662745
43438     0.690196
43439     0.717647
43440     0.729412
43441     0.709804
43442     0.670588
43443     0.635294
43444     0.611765
43445     0.619608
43446     0.607843
43447     0.603922
43448     0.603922
43449     0.592157
43450     0.529412
43451     0.431373
43452     0.356863
43453     0.333333
43454     0.337255
43455     0.341176
43456     0.333333
43457     0.309804
43458     0.282353
43459     0.254902
43460     0.235294
43461     0.235294
43462     0.219608
43463     0.219608
43464     0.235294
43465     0.231373
43466     0.211765
43467     0.207843
43468     0.227451
43469     0.196078
43470     0.215686
43471     0.235294
43472     0.235294
43473     0.215686
43474     0.203922
43475     0.207843
43476     0.219608
43477     0.239216
43478     0.231373
43479     0.219608
43480     0.219608
43481     0.223529
43482     0.231373
43483     0.231373
43484     0.231373
43485     0.231373
43486     0.239216
43487     0.239216
43488     0.239216
43489     0.235294
43490     0.235294
43491     0.247059
43492     0.254902
43493     0.282353
43494     0.282353
43495     0.282353
43496     0.290196
43497     0.290196
43498     0.282353
43499     0.266667
43500     0.250980
43501     0.250980
43502     0.247059
43503     0.247059
43504     0.258824
43505     0.282353
43506     0.317647
43507     0.345098
43508     0.364706
43509     0.384314
43510     0.349020
43511     0.317647
43512     0.325490
43513     0.360784
43514     0.392157
43515     0.396078
43516     0.388235
43517     0.384314
43518     0.380392
43519     0.388235
43520     0.415686
43521     0.447059
43522     0.462745
43523     0.450980
43524     0.435294
43525     0.407843
43526     0.435294
43527     0.462745
43528     0.482353
43529     0.486275
43530     0.498039
43531     0.525490
43532     0.549020
43533     0.560784
43534     0.568627
43535     0.576471
43536     0.580392
43537     0.584314
43538     0.603922
43539     0.635294
43540     0.658824
43541     0.686275
43542     0.678431
43543     0.678431
43544     0.705882
43545     0.749020
43546     0.788235
43547     0.807843
43548     0.811765
43549     0.839216
43550     0.788235
43551     0.717647
43552     0.650980
43553     0.607843
43554     0.592157
43555     0.588235
43556     0.588235
43557     0.607843
43558     0.619608
43559     0.607843
43560     0.584314
43561     0.623529
43562     0.701961
43563     0.752941
43564     0.749020
43565     0.752941
43566     0.745098
43567     0.737255
43568     0.729412
43569     0.721569
43570     0.717647
43571     0.713726
43572     0.713726
43573     0.749020
43574     0.768627
43575     0.772549
43576     0.741176
43577     0.694118
43578     0.666667
43579     0.678431
43580     0.698039
43581     0.705882
43582     0.701961
43583     0.701961
43584     0.674510
43585     0.647059
43586     0.615686
43587     0.596078
43588     0.600000
43589     0.615686
43590     0.631373
43591     0.639216
43592     0.670588
43593     0.690196
43594     0.709804
43595     0.701961
43596     0.674510
43597     0.647059
43598     0.635294
43599     0.631373
43600     0.654902
43601     0.670588
43602     0.694118
43603     0.713726
43604     0.717647
43605     0.698039
43606     0.674510
43607     0.654902
43608     0.682353
43609     0.686275
43610     0.698039
43611     0.709804
43612     0.721569
43613     0.721569
43614     0.713726
43615     0.705882
43616     0.686275
43617     0.674510
43618     0.662745
43619     0.658824
43620     0.666667
43621     0.674510
43622     0.682353
43623     0.682353
43624     0.690196
43625     0.694118
43626     0.694118
43627     0.690196
43628     0.682353
43629     0.674510
43630     0.674510
43631     0.678431
43632     0.709804
43633     0.698039
43634     0.694118
43635     0.698039
43636     0.705882
43637     0.705882
43638     0.694118
43639     0.682353
43640     0.658824
43641     0.705882
43642     0.749020
43643     0.756863
43644     0.725490
43645     0.690196
43646     0.682353
43647     0.686275
43648     0.701961
43649     0.713726
43650     0.717647
43651     0.701961
43652     0.674510
43653     0.662745
43654     0.674510
43655     0.686275
43656     0.682353
43657     0.666667
43658     0.650980
43659     0.654902
43660     0.670588
43661     0.694118
43662     0.705882
43663     0.709804
43664     0.674510
43665     0.701961
43666     0.729412
43667     0.729412
43668     0.705882
43669     0.678431
43670     0.666667
43671     0.662745
43672     0.654902
43673     0.623529
43674     0.588235
43675     0.588235
43676     0.619608
43677     0.615686
43678     0.533333
43679     0.431373
43680     0.368627
43681     0.337255
43682     0.313726
43683     0.317647
43684     0.333333
43685     0.325490
43686     0.286275
43687     0.247059
43688     0.286275
43689     0.243137
43690     0.200000
43691     0.192157
43692     0.207843
43693     0.211765
43694     0.188235
43695     0.160784
43696     0.243137
43697     0.207843
43698     0.203922
43699     0.235294
43700     0.250980
43701     0.243137
43702     0.254902
43703     0.282353
43704     0.247059
43705     0.231373
43706     0.211765
43707     0.203922
43708     0.203922
43709     0.211765
43710     0.215686
43711     0.215686
43712     0.223529
43713     0.219608
43714     0.203922
43715     0.184314
43716     0.176471
43717     0.196078
43718     0.219608
43719     0.231373
43720     0.282353
43721     0.274510
43722     0.266667
43723     0.274510
43724     0.286275
43725     0.290196
43726     0.286275
43727     0.278431
43728     0.278431
43729     0.258824
43730     0.262745
43731     0.286275
43732     0.305882
43733     0.309804
43734     0.333333
43735     0.364706
43736     0.396078
43737     0.368627
43738     0.337255
43739     0.333333
43740     0.349020
43741     0.364706
43742     0.372549
43743     0.368627
43744     0.368627
43745     0.372549
43746     0.392157
43747     0.423529
43748     0.450980
43749     0.462745
43750     0.454902
43751     0.439216
43752     0.458824
43753     0.450980
43754     0.454902
43755     0.470588
43756     0.498039
43757     0.517647
43758     0.525490
43759     0.525490
43760     0.552941
43761     0.552941
43762     0.564706
43763     0.584314
43764     0.592157
43765     0.588235
43766     0.603922
43767     0.623529
43768     0.662745
43769     0.666667
43770     0.686275
43771     0.721569
43772     0.760784
43773     0.792157
43774     0.811765
43775     0.819608
43776     0.843137
43777     0.827451
43778     0.752941
43779     0.654902
43780     0.603922
43781     0.619608
43782     0.623529
43783     0.603922
43784     0.580392
43785     0.564706
43786     0.552941
43787     0.576471
43788     0.662745
43789     0.756863
43790     0.792157
43791     0.780392
43792     0.780392
43793     0.745098
43794     0.721569
43795     0.729412
43796     0.737255
43797     0.725490
43798     0.701961
43799     0.690196
43800     0.713726
43801     0.741176
43802     0.764706
43803     0.756863
43804     0.725490
43805     0.694118
43806     0.686275
43807     0.694118
43808     0.701961
43809     0.701961
43810     0.705882
43811     0.721569
43812     0.698039
43813     0.662745
43814     0.635294
43815     0.623529
43816     0.619608
43817     0.615686
43818     0.615686
43819     0.662745
43820     0.690196
43821     0.725490
43822     0.733333
43823     0.717647
43824     0.686275
43825     0.662745
43826     0.650980
43827     0.654902
43828     0.674510
43829     0.701961
43830     0.725490
43831     0.725490
43832     0.698039
43833     0.662745
43834     0.635294
43835     0.666667
43836     0.678431
43837     0.698039
43838     0.717647
43839     0.729412
43840     0.729412
43841     0.717647
43842     0.709804
43843     0.666667
43844     0.658824
43845     0.650980
43846     0.654902
43847     0.662745
43848     0.674510
43849     0.674510
43850     0.674510
43851     0.709804
43852     0.709804
43853     0.709804
43854     0.705882
43855     0.698039
43856     0.694118
43857     0.694118
43858     0.694118
43859     0.690196
43860     0.686275
43861     0.682353
43862     0.690196
43863     0.698039
43864     0.694118
43865     0.682353
43866     0.666667
43867     0.643137
43868     0.686275
43869     0.729412
43870     0.737255
43871     0.713726
43872     0.694118
43873     0.694118
43874     0.709804
43875     0.733333
43876     0.729412
43877     0.713726
43878     0.682353
43879     0.650980
43880     0.639216
43881     0.654902
43882     0.670588
43883     0.686275
43884     0.666667
43885     0.647059
43886     0.639216
43887     0.654902
43888     0.678431
43889     0.694118
43890     0.701961
43891     0.686275
43892     0.705882
43893     0.729412
43894     0.725490
43895     0.705882
43896     0.686275
43897     0.682353
43898     0.686275
43899     0.674510
43900     0.643137
43901     0.596078
43902     0.576471
43903     0.600000
43904     0.615686
43905     0.580392
43906     0.521569
43907     0.443137
43908     0.415686
43909     0.372549
43910     0.341176
43911     0.321569
43912     0.317647
43913     0.317647
43914     0.321569
43915     0.368627
43916     0.321569
43917     0.254902
43918     0.207843
43919     0.192157
43920     0.192157
43921     0.192157
43922     0.188235
43923     0.207843
43924     0.203922
43925     0.215686
43926     0.231373
43927     0.243137
43928     0.243137
43929     0.258824
43930     0.282353
43931     0.258824
43932     0.243137
43933     0.227451
43934     0.215686
43935     0.211765
43936     0.207843
43937     0.203922
43938     0.196078
43939     0.203922
43940     0.192157
43941     0.172549
43942     0.149020
43943     0.149020
43944     0.168627
43945     0.200000
43946     0.215686
43947     0.254902
43948     0.243137
43949     0.235294
43950     0.250980
43951     0.282353
43952     0.305882
43953     0.309804
43954     0.301961
43955     0.298039
43956     0.270588
43957     0.254902
43958     0.266667
43959     0.278431
43960     0.294118
43961     0.325490
43962     0.360784
43963     0.388235
43964     0.368627
43965     0.345098
43966     0.333333
43967     0.333333
43968     0.341176
43969     0.345098
43970     0.349020
43971     0.356863
43972     0.368627
43973     0.388235
43974     0.419608
43975     0.439216
43976     0.443137
43977     0.427451
43978     0.411765
43979     0.423529
43980     0.423529
43981     0.427451
43982     0.450980
43983     0.482353
43984     0.501961
43985     0.509804
43986     0.509804
43987     0.545098
43988     0.537255
43989     0.545098
43990     0.560784
43991     0.572549
43992     0.580392
43993     0.603922
43994     0.635294
43995     0.674510
43996     0.682353
43997     0.701961
43998     0.737255
43999     0.772549
44000     0.800000
44001     0.811765
44002     0.815686
44003     0.815686
44004     0.800000
44005     0.733333
44006     0.643137
44007     0.603922
44008     0.619608
44009     0.631373
44010     0.615686
44011     0.588235
44012     0.568627
44013     0.552941
44014     0.584314
44015     0.678431
44016     0.784314
44017     0.827451
44018     0.823529
44019     0.784314
44020     0.749020
44021     0.729412
44022     0.733333
44023     0.737255
44024     0.717647
44025     0.690196
44026     0.678431
44027     0.694118
44028     0.713726
44029     0.737255
44030     0.737255
44031     0.721569
44032     0.701961
44033     0.694118
44034     0.694118
44035     0.690196
44036     0.690196
44037     0.690196
44038     0.752941
44039     0.729412
44040     0.698039
44041     0.666667
44042     0.639216
44043     0.611765
44044     0.588235
44045     0.572549
44046     0.619608
44047     0.654902
44048     0.701961
44049     0.733333
44050     0.733333
44051     0.709804
44052     0.674510
44053     0.654902
44054     0.650980
44055     0.670588
44056     0.701961
44057     0.729412
44058     0.733333
44059     0.709804
44060     0.662745
44061     0.631373
44062     0.662745
44063     0.678431
44064     0.701961
44065     0.725490
44066     0.737255
44067     0.733333
44068     0.725490
44069     0.717647
44070     0.670588
44071     0.662745
44072     0.658824
44073     0.658824
44074     0.670588
44075     0.678431
44076     0.682353
44077     0.678431
44078     0.717647
44079     0.713726
44080     0.713726
44081     0.709804
44082     0.705882
44083     0.705882
44084     0.701961
44085     0.701961
44086     0.682353
44087     0.682353
44088     0.686275
44089     0.694118
44090     0.698039
44091     0.694118
44092     0.678431
44093     0.666667
44094     0.631373
44095     0.666667
44096     0.701961
44097     0.713726
44098     0.701961
44099     0.694118
44100     0.709804
44101     0.729412
44102     0.752941
44103     0.737255
44104     0.705882
44105     0.662745
44106     0.627451
44107     0.615686
44108     0.631373
44109     0.650980
44110     0.690196
44111     0.670588
44112     0.647059
44113     0.635294
44114     0.643137
44115     0.658824
44116     0.674510
44117     0.686275
44118     0.682353
44119     0.698039
44120     0.713726
44121     0.713726
44122     0.701961
44123     0.690196
44124     0.690196
44125     0.694118
44126     0.686275
44127     0.658824
44128     0.607843
44129     0.568627
44130     0.564706
44131     0.584314
44132     0.592157
44133     0.580392
44134     0.537255
44135     0.525490
44136     0.486275
44137     0.419608
44138     0.352941
44139     0.321569
44140     0.325490
44141     0.345098
44142     0.376471
44143     0.341176
44144     0.286275
44145     0.235294
44146     0.203922
44147     0.192157
44148     0.196078
44149     0.200000
44150     0.180392
44151     0.207843
44152     0.227451
44153     0.219608
44154     0.215686
44155     0.223529
44156     0.231373
44157     0.227451
44158     0.223529
44159     0.215686
44160     0.207843
44161     0.203922
44162     0.207843
44163     0.207843
44164     0.200000
44165     0.196078
44166     0.207843
44167     0.184314
44168     0.156863
44169     0.141176
44170     0.141176
44171     0.156863
44172     0.184314
44173     0.207843
44174     0.211765
44175     0.196078
44176     0.192157
44177     0.211765
44178     0.254902
44179     0.294118
44180     0.313726
44181     0.317647
44182     0.313726
44183     0.282353
44184     0.250980
44185     0.243137
44186     0.250980
44187     0.270588
44188     0.309804
44189     0.345098
44190     0.368627
44191     0.360784
44192     0.352941
44193     0.337255
44194     0.321569
44195     0.317647
44196     0.325490
44197     0.333333
44198     0.360784
44199     0.372549
44200     0.392157
44201     0.415686
44202     0.431373
44203     0.427451
44204     0.411765
44205     0.396078
44206     0.400000
44207     0.403922
44208     0.415686
44209     0.443137
44210     0.470588
44211     0.490196
44212     0.501961
44213     0.501961
44214     0.525490
44215     0.513726
44216     0.517647
44217     0.533333
44218     0.549020
44219     0.564706
44220     0.600000
44221     0.635294
44222     0.674510
44223     0.686275
44224     0.709804
44225     0.745098
44226     0.780392
44227     0.800000
44228     0.807843
44229     0.803922
44230     0.807843
44231     0.788235
44232     0.729412
44233     0.647059
44234     0.607843
44235     0.619608
44236     0.627451
44237     0.615686
44238     0.600000
44239     0.576471
44240     0.556863
44241     0.584314
44242     0.666667
44243     0.764706
44244     0.819608
44245     0.831373
44246     0.784314
44247     0.752941
44248     0.729412
44249     0.725490
44250     0.717647
44251     0.694118
44252     0.670588
44253     0.666667
44254     0.678431
44255     0.690196
44256     0.709804
44257     0.721569
44258     0.725490
44259     0.721569
44260     0.709804
44261     0.705882
44262     0.686275
44263     0.686275
44264     0.682353
44265     0.756863
44266     0.745098
44267     0.721569
44268     0.698039
44269     0.666667
44270     0.635294
44271     0.600000
44272     0.576471
44273     0.584314
44274     0.615686
44275     0.662745
44276     0.705882
44277     0.725490
44278     0.717647
44279     0.694118
44280     0.674510
44281     0.650980
44282     0.662745
44283     0.690196
44284     0.721569
44285     0.737255
44286     0.725490
44287     0.694118
44288     0.666667
44289     0.690196
44290     0.701961
44291     0.717647
44292     0.729412
44293     0.733333
44294     0.737255
44295     0.737255
44296     0.737255
44297     0.717647
44298     0.701961
44299     0.682353
44300     0.674510
44301     0.678431
44302     0.690196
44303     0.698039
44304     0.701961
44305     0.709804
44306     0.705882
44307     0.701961
44308     0.698039
44309     0.701961
44310     0.701961
44311     0.698039
44312     0.694118
44313     0.682353
44314     0.690196
44315     0.701961
44316     0.713726
44317     0.713726
44318     0.705882
44319     0.690196
44320     0.678431
44321     0.631373
44322     0.658824
44323     0.690196
44324     0.698039
44325     0.694118
44326     0.694118
44327     0.713726
44328     0.737255
44329     0.733333
44330     0.721569
44331     0.690196
44332     0.650980
44333     0.623529
44334     0.615686
44335     0.631373
44336     0.647059
44337     0.686275
44338     0.678431
44339     0.662745
44340     0.654902
44341     0.654902
44342     0.654902
44343     0.658824
44344     0.662745
44345     0.662745
44346     0.678431
44347     0.698039
44348     0.705882
44349     0.701961
44350     0.690196
44351     0.682353
44352     0.682353
44353     0.694118
44354     0.682353
44355     0.654902
44356     0.615686
44357     0.580392
44358     0.568627
44359     0.572549
44360     0.576471
44361     0.600000
44362     0.611765
44363     0.600000
44364     0.541176
44365     0.454902
44366     0.376471
44367     0.333333
44368     0.321569
44369     0.325490
44370     0.309804
44371     0.290196
44372     0.274510
44373     0.262745
44374     0.243137
44375     0.223529
44376     0.203922
44377     0.207843
44378     0.239216
44379     0.243137
44380     0.215686
44381     0.207843
44382     0.219608
44383     0.207843
44384     0.172549
44385     0.152941
44386     0.156863
44387     0.160784
44388     0.176471
44389     0.196078
44390     0.203922
44391     0.203922
44392     0.196078
44393     0.207843
44394     0.184314
44395     0.164706
44396     0.160784
44397     0.164706
44398     0.172549
44399     0.188235
44400     0.207843
44401     0.196078
44402     0.196078
44403     0.196078
44404     0.203922
44405     0.231373
44406     0.266667
44407     0.305882
44408     0.333333
44409     0.313726
44410     0.290196
44411     0.258824
44412     0.239216
44413     0.239216
44414     0.258824
44415     0.290196
44416     0.313726
44417     0.329412
44418     0.345098
44419     0.352941
44420     0.345098
44421     0.325490
44422     0.321569
44423     0.333333
44424     0.349020
44425     0.372549
44426     0.380392
44427     0.392157
44428     0.411765
44429     0.423529
44430     0.427451
44431     0.423529
44432     0.419608
44433     0.403922
44434     0.415686
44435     0.431373
44436     0.450980
44437     0.470588
44438     0.486275
44439     0.498039
44440     0.498039
44441     0.501961
44442     0.498039
44443     0.501961
44444     0.521569
44445     0.533333
44446     0.545098
44447     0.572549
44448     0.603922
44449     0.647059
44450     0.666667
44451     0.698039
44452     0.741176
44453     0.780392
44454     0.800000
44455     0.803922
44456     0.800000
44457     0.823529
44458     0.800000
44459     0.737255
44460     0.658824
44461     0.615686
44462     0.611765
44463     0.611765
44464     0.603922
44465     0.603922
44466     0.592157
44467     0.584314
44468     0.588235
44469     0.627451
44470     0.690196
44471     0.756863
44472     0.796078
44473     0.792157
44474     0.756863
44475     0.725490
44476     0.709804
44477     0.690196
44478     0.670588
44479     0.662745
44480     0.670588
44481     0.686275
44482     0.686275
44483     0.698039
44484     0.713726
44485     0.733333
44486     0.737255
44487     0.729412
44488     0.713726
44489     0.694118
44490     0.694118
44491     0.690196
44492     0.749020
44493     0.745098
44494     0.737255
44495     0.729412
44496     0.713726
44497     0.690196
44498     0.662745
44499     0.643137
44500     0.600000
44501     0.607843
44502     0.631373
44503     0.670588
44504     0.705882
44505     0.721569
44506     0.717647
44507     0.705882
44508     0.654902
44509     0.658824
44510     0.674510
44511     0.701961
44512     0.733333
44513     0.745098
44514     0.733333
44515     0.717647
44516     0.729412
44517     0.733333
44518     0.733333
44519     0.729412
44520     0.725490
44521     0.733333
44522     0.749020
44523     0.760784
44524     0.768627
44525     0.741176
44526     0.705882
44527     0.682353
44528     0.682353
44529     0.694118
44530     0.705882
44531     0.713726
44532     0.705882
44533     0.698039
44534     0.690196
44535     0.690196
44536     0.698039
44537     0.701961
44538     0.694118
44539     0.686275
44540     0.682353
44541     0.694118
44542     0.709804
44543     0.717647
44544     0.717647
44545     0.705882
44546     0.694118
44547     0.686275
44548     0.650980
44549     0.674510
44550     0.698039
44551     0.701961
44552     0.698039
44553     0.698039
44554     0.709804
44555     0.725490
44556     0.690196
44557     0.686275
44558     0.670588
44559     0.650980
44560     0.639216
44561     0.639216
44562     0.643137
44563     0.650980
44564     0.682353
44565     0.686275
44566     0.690196
44567     0.690196
44568     0.678431
44569     0.666667
44570     0.654902
44571     0.647059
44572     0.650980
44573     0.670588
44574     0.701961
44575     0.717647
44576     0.717647
44577     0.701961
44578     0.686275
44579     0.670588
44580     0.686275
44581     0.701961
44582     0.713726
44583     0.698039
44584     0.654902
44585     0.607843
44586     0.576471
44587     0.572549
44588     0.623529
44589     0.643137
44590     0.650980
44591     0.627451
44592     0.564706
44593     0.490196
44594     0.423529
44595     0.388235
44596     0.360784
44597     0.333333
44598     0.309804
44599     0.305882
44600     0.309804
44601     0.294118
44602     0.250980
44603     0.207843
44604     0.227451
44605     0.247059
44606     0.239216
44607     0.219608
44608     0.223529
44609     0.243137
44610     0.223529
44611     0.180392
44612     0.141176
44613     0.141176
44614     0.152941
44615     0.168627
44616     0.184314
44617     0.188235
44618     0.184314
44619     0.180392
44620     0.168627
44621     0.149020
44622     0.145098
44623     0.172549
44624     0.192157
44625     0.192157
44626     0.196078
44627     0.211765
44628     0.215686
44629     0.227451
44630     0.231373
44631     0.219608
44632     0.215686
44633     0.235294
44634     0.286275
44635     0.333333
44636     0.298039
44637     0.290196
44638     0.270588
44639     0.250980
44640     0.247059
44641     0.258824
44642     0.274510
44643     0.282353
44644     0.286275
44645     0.313726
44646     0.345098
44647     0.352941
44648     0.341176
44649     0.341176
44650     0.352941
44651     0.372549
44652     0.368627
44653     0.372549
44654     0.376471
44655     0.380392
44656     0.392157
44657     0.411765
44658     0.431373
44659     0.447059
44660     0.419608
44661     0.427451
44662     0.439216
44663     0.450980
44664     0.462745
44665     0.470588
44666     0.478431
44667     0.482353
44668     0.486275
44669     0.486275
44670     0.505882
44671     0.529412
44672     0.537255
44673     0.529412
44674     0.537255
44675     0.556863
44676     0.615686
44677     0.639216
44678     0.682353
44679     0.733333
44680     0.780392
44681     0.807843
44682     0.815686
44683     0.811765
44684     0.815686
44685     0.788235
44686     0.733333
44687     0.662745
44688     0.619608
44689     0.607843
44690     0.603922
44691     0.600000
44692     0.611765
44693     0.631373
44694     0.643137
44695     0.635294
44696     0.619608
44697     0.639216
44698     0.709804
44699     0.772549
44700     0.800000
44701     0.768627
44702     0.733333
44703     0.709804
44704     0.686275
44705     0.666667
44706     0.674510
44707     0.698039
44708     0.698039
44709     0.690196
44710     0.686275
44711     0.698039
44712     0.721569
44713     0.733333
44714     0.725490
44715     0.713726
44716     0.701961
44717     0.701961
44718     0.701961
44719     0.705882
44720     0.705882
44721     0.709804
44722     0.717647
44723     0.725490
44724     0.721569
44725     0.709804
44726     0.698039
44727     0.631373
44728     0.615686
44729     0.607843
44730     0.623529
44731     0.662745
44732     0.694118
44733     0.705882
44734     0.705882
44735     0.674510
44736     0.662745
44737     0.662745
44738     0.686275
44739     0.721569
44740     0.749020
44741     0.749020
44742     0.741176
44743     0.749020
44744     0.749020
44745     0.745098
44746     0.729412
44747     0.717647
44748     0.725490
44749     0.752941
44750     0.776471
44751     0.788235
44752     0.756863
44753     0.717647
44754     0.690196
44755     0.682353
44756     0.690196
44757     0.701961
44758     0.709804
44759     0.709804
44760     0.698039
44761     0.690196
44762     0.694118
44763     0.705882
44764     0.709804
44765     0.701961
44766     0.690196
44767     0.670588
44768     0.682353
44769     0.698039
44770     0.705882
44771     0.701961
44772     0.690196
44773     0.686275
44774     0.686275
44775     0.674510
44776     0.698039
44777     0.717647
44778     0.725490
44779     0.717647
44780     0.705882
44781     0.705882
44782     0.709804
44783     0.662745
44784     0.658824
44785     0.658824
44786     0.658824
44787     0.658824
44788     0.658824
44789     0.662745
44790     0.662745
44791     0.682353
44792     0.698039
44793     0.713726
44794     0.717647
44795     0.701961
44796     0.678431
44797     0.654902
44798     0.643137
44799     0.658824
44800     0.682353
44801     0.713726
44802     0.737255
44803     0.741176
44804     0.721569
44805     0.694118
44806     0.674510
44807     0.662745
44808     0.686275
44809     0.721569
44810     0.737255
44811     0.709804
44812     0.643137
44813     0.592157
44814     0.568627
44815     0.627451
44816     0.635294
44817     0.647059
44818     0.647059
44819     0.631373
44820     0.600000
44821     0.568627
44822     0.549020
44823     0.490196
44824     0.431373
44825     0.364706
44826     0.329412
44827     0.317647
44828     0.301961
44829     0.258824
44830     0.219608
44831     0.203922
44832     0.207843
44833     0.200000
44834     0.196078
44835     0.203922
44836     0.219608
44837     0.215686
44838     0.200000
44839     0.180392
44840     0.176471
44841     0.176471
44842     0.180392
44843     0.184314
44844     0.180392
44845     0.168627
44846     0.156863
44847     0.121569
44848     0.101961
44849     0.113725
44850     0.164706
44851     0.200000
44852     0.196078
44853     0.196078
44854     0.211765
44855     0.215686
44856     0.227451
44857     0.223529
44858     0.203922
44859     0.180392
44860     0.192157
44861     0.239216
44862     0.282353
44863     0.278431
44864     0.286275
44865     0.282353
44866     0.270588
44867     0.266667
44868     0.274510
44869     0.270588
44870     0.258824
44871     0.254902
44872     0.290196
44873     0.329412
44874     0.349020
44875     0.349020
44876     0.349020
44877     0.360784
44878     0.372549
44879     0.349020
44880     0.345098
44881     0.345098
44882     0.345098
44883     0.356863
44884     0.384314
44885     0.419608
44886     0.447059
44887     0.419608
44888     0.427451
44889     0.431373
44890     0.431373
44891     0.431373
44892     0.435294
44893     0.447059
44894     0.458824
44895     0.474510
44896     0.482353
44897     0.509804
44898     0.537255
44899     0.541176
44900     0.521569
44901     0.513726
44902     0.521569
44903     0.588235
44904     0.611765
44905     0.658824
44906     0.717647
44907     0.768627
44908     0.803922
44909     0.819608
44910     0.819608
44911     0.784314
44912     0.756863
44913     0.709804
44914     0.662745
44915     0.631373
44916     0.619608
44917     0.619608
44918     0.623529
44919     0.639216
44920     0.674510
44921     0.709804
44922     0.705882
44923     0.662745
44924     0.647059
44925     0.701961
44926     0.768627
44927     0.784314
44928     0.764706
44929     0.745098
44930     0.725490
44931     0.698039
44932     0.678431
44933     0.694118
44934     0.725490
44935     0.698039
44936     0.686275
44937     0.670588
44938     0.674510
44939     0.690196
44940     0.705882
44941     0.713726
44942     0.713726
44943     0.709804
44944     0.705882
44945     0.705882
44946     0.662745
44947     0.666667
44948     0.670588
44949     0.690196
44950     0.709804
44951     0.721569
44952     0.725490
44953     0.725490
44954     0.682353
44955     0.643137
44956     0.603922
44957     0.603922
44958     0.631373
44959     0.666667
44960     0.682353
44961     0.682353
44962     0.694118
44963     0.674510
44964     0.662745
44965     0.678431
44966     0.709804
44967     0.733333
44968     0.729412
44969     0.717647
44970     0.737255
44971     0.745098
44972     0.741176
44973     0.729412
44974     0.717647
44975     0.725490
44976     0.756863
44977     0.780392
44978     0.780392
44979     0.756863
44980     0.725490
44981     0.705882
44982     0.698039
44983     0.701961
44984     0.701961
44985     0.705882
44986     0.709804
44987     0.698039
44988     0.686275
44989     0.690196
44990     0.705882
44991     0.713726
44992     0.701961
44993     0.690196
44994     0.662745
44995     0.674510
44996     0.690196
44997     0.690196
44998     0.686275
44999     0.678431
45000     0.682353
45001     0.686275
45002     0.690196
45003     0.713726
45004     0.741176
45005     0.752941
45006     0.741176
45007     0.721569
45008     0.709804
45009     0.701961
45010     0.666667
45011     0.662745
45012     0.658824
45013     0.658824
45014     0.662745
45015     0.666667
45016     0.666667
45017     0.666667
45018     0.690196
45019     0.705882
45020     0.725490
45021     0.725490
45022     0.705882
45023     0.682353
45024     0.662745
45025     0.650980
45026     0.674510
45027     0.690196
45028     0.713726
45029     0.733333
45030     0.741176
45031     0.725490
45032     0.701961
45033     0.682353
45034     0.670588
45035     0.674510
45036     0.701961
45037     0.729412
45038     0.717647
45039     0.662745
45040     0.607843
45041     0.584314
45042     0.627451
45043     0.635294
45044     0.643137
45045     0.647059
45046     0.643137
45047     0.639216
45048     0.647059
45049     0.650980
45050     0.631373
45051     0.564706
45052     0.474510
45053     0.403922
45054     0.364706
45055     0.333333
45056     0.301961
45057     0.278431
45058     0.219608
45059     0.211765
45060     0.203922
45061     0.192157
45062     0.164706
45063     0.145098
45064     0.160784
45065     0.192157
45066     0.188235
45067     0.184314
45068     0.180392
45069     0.184314
45070     0.188235
45071     0.188235
45072     0.184314
45073     0.176471
45074     0.149020
45075     0.117647
45076     0.121569
45077     0.172549
45078     0.203922
45079     0.192157
45080     0.188235
45081     0.203922
45082     0.215686
45083     0.207843
45084     0.192157
45085     0.172549
45086     0.164706
45087     0.180392
45088     0.207843
45089     0.231373
45090     0.270588
45091     0.290196
45092     0.294118
45093     0.278431
45094     0.278431
45095     0.286275
45096     0.278431
45097     0.258824
45098     0.239216
45099     0.270588
45100     0.309804
45101     0.333333
45102     0.341176
45103     0.337255
45104     0.333333
45105     0.337255
45106     0.325490
45107     0.325490
45108     0.325490
45109     0.325490
45110     0.333333
45111     0.360784
45112     0.400000
45113     0.427451
45114     0.411765
45115     0.411765
45116     0.411765
45117     0.407843
45118     0.400000
45119     0.407843
45120     0.427451
45121     0.443137
45122     0.470588
45123     0.478431
45124     0.509804
45125     0.537255
45126     0.541176
45127     0.517647
45128     0.509804
45129     0.513726
45130     0.556863
45131     0.580392
45132     0.623529
45133     0.682353
45134     0.741176
45135     0.780392
45136     0.796078
45137     0.800000
45138     0.768627
45139     0.745098
45140     0.705882
45141     0.674510
45142     0.654902
45143     0.647059
45144     0.650980
45145     0.658824
45146     0.674510
45147     0.705882
45148     0.745098
45149     0.752941
45150     0.709804
45151     0.670588
45152     0.686275
45153     0.729412
45154     0.733333
45155     0.733333
45156     0.737255
45157     0.733333
45158     0.705882
45159     0.682353
45160     0.694118
45161     0.721569
45162     0.701961
45163     0.686275
45164     0.670588
45165     0.662745
45166     0.670588
45167     0.694118
45168     0.713726
45169     0.729412
45170     0.725490
45171     0.725490
45172     0.725490
45173     0.662745
45174     0.658824
45175     0.666667
45176     0.686275
45177     0.709804
45178     0.733333
45179     0.749020
45180     0.752941
45181     0.741176
45182     0.690196
45183     0.635294
45184     0.619608
45185     0.643137
45186     0.674510
45187     0.682353
45188     0.678431
45189     0.709804
45190     0.686275
45191     0.666667
45192     0.678431
45193     0.701961
45194     0.717647
45195     0.705882
45196     0.686275
45197     0.717647
45198     0.729412
45199     0.737255
45200     0.733333
45201     0.721569
45202     0.729412
45203     0.752941
45204     0.776471
45205     0.768627
45206     0.756863
45207     0.737255
45208     0.725490
45209     0.721569
45210     0.717647
45211     0.709804
45212     0.705882
45213     0.705882
45214     0.690196
45215     0.678431
45216     0.686275
45217     0.701961
45218     0.709804
45219     0.698039
45220     0.682353
45221     0.666667
45222     0.678431
45223     0.690196
45224     0.690196
45225     0.682353
45226     0.678431
45227     0.682353
45228     0.694118
45229     0.698039
45230     0.725490
45231     0.756863
45232     0.768627
45233     0.760784
45234     0.737255
45235     0.713726
45236     0.698039
45237     0.682353
45238     0.674510
45239     0.662745
45240     0.658824
45241     0.658824
45242     0.666667
45243     0.666667
45244     0.666667
45245     0.694118
45246     0.709804
45247     0.725490
45248     0.721569
45249     0.701961
45250     0.678431
45251     0.666667
45252     0.662745
45253     0.678431
45254     0.690196
45255     0.701961
45256     0.717647
45257     0.725490
45258     0.717647
45259     0.698039
45260     0.682353
45261     0.721569
45262     0.701961
45263     0.701961
45264     0.729412
45265     0.725490
45266     0.682353
45267     0.635294
45268     0.615686
45269     0.627451
45270     0.643137
45271     0.658824
45272     0.650980
45273     0.635294
45274     0.627451
45275     0.639216
45276     0.658824
45277     0.713726
45278     0.666667
45279     0.592157
45280     0.517647
45281     0.454902
45282     0.411765
45283     0.384314
45284     0.368627
45285     0.286275
45286     0.274510
45287     0.262745
45288     0.227451
45289     0.152941
45290     0.094118
45291     0.117647
45292     0.184314
45293     0.152941
45294     0.152941
45295     0.156863
45296     0.172549
45297     0.196078
45298     0.211765
45299     0.215686
45300     0.219608
45301     0.215686
45302     0.168627
45303     0.156863
45304     0.192157
45305     0.211765
45306     0.192157
45307     0.184314
45308     0.200000
45309     0.243137
45310     0.215686
45311     0.184314
45312     0.176471
45313     0.192157
45314     0.211765
45315     0.219608
45316     0.223529
45317     0.270588
45318     0.290196
45319     0.298039
45320     0.282353
45321     0.282353
45322     0.294118
45323     0.286275
45324     0.262745
45325     0.239216
45326     0.262745
45327     0.298039
45328     0.321569
45329     0.325490
45330     0.317647
45331     0.305882
45332     0.298039
45333     0.313726
45334     0.321569
45335     0.325490
45336     0.329412
45337     0.333333
45338     0.352941
45339     0.388235
45340     0.411765
45341     0.403922
45342     0.403922
45343     0.403922
45344     0.392157
45345     0.388235
45346     0.396078
45347     0.419608
45348     0.443137
45349     0.466667
45350     0.478431
45351     0.505882
45352     0.533333
45353     0.537255
45354     0.517647
45355     0.513726
45356     0.521569
45357     0.533333
45358     0.552941
45359     0.596078
45360     0.650980
45361     0.705882
45362     0.749020
45363     0.768627
45364     0.776471
45365     0.784314
45366     0.756863
45367     0.721569
45368     0.698039
45369     0.678431
45370     0.666667
45371     0.670588
45372     0.682353
45373     0.694118
45374     0.713726
45375     0.749020
45376     0.764706
45377     0.729412
45378     0.674510
45379     0.658824
45380     0.674510
45381     0.678431
45382     0.694118
45383     0.721569
45384     0.729412
45385     0.705882
45386     0.674510
45387     0.674510
45388     0.698039
45389     0.709804
45390     0.694118
45391     0.674510
45392     0.662745
45393     0.670588
45394     0.694118
45395     0.729412
45396     0.749020
45397     0.741176
45398     0.745098
45399     0.745098
45400     0.666667
45401     0.650980
45402     0.650980
45403     0.666667
45404     0.682353
45405     0.698039
45406     0.725490
45407     0.752941
45408     0.772549
45409     0.745098
45410     0.701961
45411     0.662745
45412     0.643137
45413     0.643137
45414     0.654902
45415     0.670588
45416     0.705882
45417     0.709804
45418     0.701961
45419     0.678431
45420     0.658824
45421     0.654902
45422     0.674510
45423     0.694118
45424     0.729412
45425     0.721569
45426     0.705882
45427     0.690196
45428     0.690196
45429     0.717647
45430     0.764706
45431     0.800000
45432     0.764706
45433     0.745098
45434     0.729412
45435     0.729412
45436     0.737255
45437     0.737255
45438     0.721569
45439     0.701961
45440     0.682353
45441     0.678431
45442     0.682353
45443     0.694118
45444     0.705882
45445     0.705882
45446     0.694118
45447     0.678431
45448     0.678431
45449     0.686275
45450     0.694118
45451     0.682353
45452     0.666667
45453     0.654902
45454     0.662745
45455     0.670588
45456     0.698039
45457     0.717647
45458     0.749020
45459     0.776471
45460     0.792157
45461     0.776471
45462     0.745098
45463     0.717647
45464     0.694118
45465     0.678431
45466     0.666667
45467     0.666667
45468     0.674510
45469     0.674510
45470     0.662745
45471     0.647059
45472     0.650980
45473     0.674510
45474     0.698039
45475     0.698039
45476     0.678431
45477     0.666667
45478     0.666667
45479     0.678431
45480     0.686275
45481     0.698039
45482     0.709804
45483     0.717647
45484     0.713726
45485     0.709804
45486     0.709804
45487     0.713726
45488     0.729412
45489     0.725490
45490     0.721569
45491     0.717647
45492     0.705882
45493     0.686275
45494     0.654902
45495     0.635294
45496     0.611765
45497     0.623529
45498     0.635294
45499     0.647059
45500     0.654902
45501     0.666667
45502     0.674510
45503     0.682353
45504     0.686275
45505     0.670588
45506     0.635294
45507     0.588235
45508     0.564706
45509     0.545098
45510     0.513726
45511     0.474510
45512     0.431373
45513     0.435294
45514     0.423529
45515     0.333333
45516     0.200000
45517     0.145098
45518     0.137255
45519     0.105882
45520     0.117647
45521     0.141176
45522     0.168627
45523     0.172549
45524     0.160784
45525     0.160784
45526     0.188235
45527     0.219608
45528     0.203922
45529     0.188235
45530     0.164706
45531     0.152941
45532     0.164706
45533     0.188235
45534     0.196078
45535     0.192157
45536     0.250980
45537     0.235294
45538     0.223529
45539     0.223529
45540     0.223529
45541     0.219608
45542     0.219608
45543     0.223529
45544     0.258824
45545     0.278431
45546     0.301961
45547     0.301961
45548     0.286275
45549     0.274510
45550     0.282353
45551     0.294118
45552     0.235294
45553     0.231373
45554     0.239216
45555     0.278431
45556     0.325490
45557     0.345098
45558     0.329412
45559     0.305882
45560     0.305882
45561     0.321569
45562     0.337255
45563     0.345098
45564     0.345098
45565     0.352941
45566     0.372549
45567     0.384314
45568     0.427451
45569     0.407843
45570     0.392157
45571     0.384314
45572     0.388235
45573     0.396078
45574     0.411765
45575     0.431373
45576     0.450980
45577     0.458824
45578     0.474510
45579     0.505882
45580     0.529412
45581     0.533333
45582     0.521569
45583     0.505882
45584     0.509804
45585     0.533333
45586     0.572549
45587     0.615686
45588     0.654902
45589     0.701961
45590     0.741176
45591     0.768627
45592     0.749020
45593     0.737255
45594     0.725490
45595     0.709804
45596     0.701961
45597     0.698039
45598     0.701961
45599     0.705882
45600     0.686275
45601     0.725490
45602     0.784314
45603     0.803922
45604     0.745098
45605     0.662745
45606     0.631373
45607     0.647059
45608     0.647059
45609     0.670588
45610     0.698039
45611     0.701961
45612     0.690196
45613     0.674510
45614     0.674510
45615     0.678431
45616     0.682353
45617     0.682353
45618     0.674510
45619     0.658824
45620     0.650980
45621     0.670588
45622     0.713726
45623     0.752941
45624     0.756863
45625     0.752941
45626     0.749020
45627     0.694118
45628     0.674510
45629     0.666667
45630     0.670588
45631     0.670588
45632     0.674510
45633     0.701961
45634     0.729412
45635     0.768627
45636     0.752941
45637     0.725490
45638     0.701961
45639     0.682353
45640     0.674510
45641     0.674510
45642     0.674510
45643     0.690196
45644     0.709804
45645     0.717647
45646     0.698039
45647     0.662745
45648     0.643137
45649     0.658824
45650     0.682353
45651     0.745098
45652     0.733333
45653     0.717647
45654     0.698039
45655     0.698039
45656     0.721569
45657     0.760784
45658     0.796078
45659     0.764706
45660     0.741176
45661     0.717647
45662     0.709804
45663     0.717647
45664     0.725490
45665     0.721569
45666     0.713726
45667     0.713726
45668     0.698039
45669     0.686275
45670     0.682353
45671     0.686275
45672     0.690196
45673     0.686275
45674     0.682353
45675     0.674510
45676     0.678431
45677     0.682353
45678     0.682353
45679     0.674510
45680     0.670588
45681     0.670588
45682     0.670588
45683     0.690196
45684     0.709804
45685     0.737255
45686     0.768627
45687     0.780392
45688     0.764706
45689     0.733333
45690     0.709804
45691     0.690196
45692     0.682353
45693     0.674510
45694     0.670588
45695     0.670588
45696     0.666667
45697     0.654902
45698     0.643137
45699     0.647059
45700     0.662745
45701     0.674510
45702     0.674510
45703     0.662745
45704     0.654902
45705     0.658824
45706     0.662745
45707     0.686275
45708     0.694118
45709     0.698039
45710     0.698039
45711     0.698039
45712     0.698039
45713     0.705882
45714     0.713726
45715     0.725490
45716     0.721569
45717     0.717647
45718     0.713726
45719     0.705882
45720     0.682353
45721     0.654902
45722     0.635294
45723     0.635294
45724     0.639216
45725     0.643137
45726     0.647059
45727     0.654902
45728     0.662745
45729     0.674510
45730     0.686275
45731     0.666667
45732     0.662745
45733     0.639216
45734     0.611765
45735     0.596078
45736     0.596078
45737     0.584314
45738     0.564706
45739     0.545098
45740     0.490196
45741     0.458824
45742     0.431373
45743     0.396078
45744     0.368627
45745     0.294118
45746     0.180392
45747     0.137255
45748     0.113725
45749     0.113725
45750     0.137255
45751     0.145098
45752     0.137255
45753     0.152941
45754     0.184314
45755     0.203922
45756     0.192157
45757     0.168627
45758     0.152941
45759     0.156863
45760     0.180392
45761     0.203922
45762     0.215686
45763     0.227451
45764     0.223529
45765     0.223529
45766     0.227451
45767     0.227451
45768     0.231373
45769     0.239216
45770     0.247059
45771     0.239216
45772     0.266667
45773     0.290196
45774     0.290196
45775     0.266667
45776     0.254902
45777     0.262745
45778     0.274510
45779     0.243137
45780     0.250980
45781     0.262745
45782     0.278431
45783     0.294118
45784     0.305882
45785     0.313726
45786     0.313726
45787     0.309804
45788     0.321569
45789     0.337255
45790     0.341176
45791     0.349020
45792     0.360784
45793     0.376471
45794     0.392157
45795     0.419608
45796     0.411765
45797     0.403922
45798     0.403922
45799     0.403922
45800     0.407843
45801     0.411765
45802     0.419608
45803     0.419608
45804     0.427451
45805     0.443137
45806     0.470588
45807     0.501961
45808     0.517647
45809     0.521569
45810     0.513726
45811     0.521569
45812     0.541176
45813     0.568627
45814     0.600000
45815     0.631373
45816     0.678431
45817     0.725490
45818     0.756863
45819     0.741176
45820     0.737255
45821     0.729412
45822     0.717647
45823     0.713726
45824     0.709804
45825     0.709804
45826     0.709804
45827     0.729412
45828     0.772549
45829     0.831373
45830     0.843137
45831     0.776471
45832     0.674510
45833     0.619608
45834     0.611765
45835     0.658824
45836     0.670588
45837     0.678431
45838     0.674510
45839     0.666667
45840     0.670588
45841     0.690196
45842     0.705882
45843     0.705882
45844     0.701961
45845     0.690196
45846     0.670588
45847     0.654902
45848     0.666667
45849     0.705882
45850     0.737255
45851     0.756863
45852     0.756863
45853     0.756863
45854     0.713726
45855     0.694118
45856     0.678431
45857     0.670588
45858     0.662745
45859     0.658824
45860     0.682353
45861     0.709804
45862     0.749020
45863     0.745098
45864     0.745098
45865     0.737255
45866     0.725490
45867     0.713726
45868     0.698039
45869     0.690196
45870     0.662745
45871     0.698039
45872     0.725490
45873     0.713726
45874     0.678431
45875     0.654902
45876     0.674510
45877     0.698039
45878     0.752941
45879     0.741176
45880     0.721569
45881     0.705882
45882     0.701961
45883     0.717647
45884     0.749020
45885     0.772549
45886     0.768627
45887     0.745098
45888     0.713726
45889     0.701961
45890     0.709804
45891     0.725490
45892     0.733333
45893     0.733333
45894     0.741176
45895     0.717647
45896     0.686275
45897     0.666667
45898     0.658824
45899     0.662745
45900     0.666667
45901     0.670588
45902     0.658824
45903     0.658824
45904     0.662745
45905     0.670588
45906     0.678431
45907     0.678431
45908     0.670588
45909     0.662745
45910     0.690196
45911     0.701961
45912     0.729412
45913     0.756863
45914     0.764706
45915     0.752941
45916     0.725490
45917     0.701961
45918     0.682353
45919     0.678431
45920     0.678431
45921     0.674510
45922     0.666667
45923     0.658824
45924     0.650980
45925     0.647059
45926     0.643137
45927     0.639216
45928     0.635294
45929     0.635294
45930     0.631373
45931     0.635294
45932     0.639216
45933     0.643137
45934     0.682353
45935     0.682353
45936     0.682353
45937     0.678431
45938     0.678431
45939     0.686275
45940     0.705882
45941     0.717647
45942     0.725490
45943     0.725490
45944     0.721569
45945     0.717647
45946     0.713726
45947     0.694118
45948     0.670588
45949     0.650980
45950     0.658824
45951     0.658824
45952     0.654902
45953     0.654902
45954     0.658824
45955     0.666667
45956     0.674510
45957     0.678431
45958     0.647059
45959     0.654902
45960     0.650980
45961     0.627451
45962     0.619608
45963     0.631373
45964     0.643137
45965     0.639216
45966     0.607843
45967     0.533333
45968     0.501961
45969     0.533333
45970     0.572549
45971     0.592157
45972     0.525490
45973     0.403922
45974     0.266667
45975     0.192157
45976     0.125490
45977     0.113725
45978     0.117647
45979     0.109804
45980     0.121569
45981     0.141176
45982     0.180392
45983     0.180392
45984     0.172549
45985     0.160784
45986     0.145098
45987     0.149020
45988     0.168627
45989     0.188235
45990     0.180392
45991     0.192157
45992     0.203922
45993     0.207843
45994     0.207843
45995     0.215686
45996     0.235294
45997     0.250980
45998     0.207843
45999     0.243137
46000     0.274510
46001     0.266667
46002     0.239216
46003     0.219608
46004     0.227451
46005     0.247059
46006     0.243137
46007     0.262745
46008     0.278431
46009     0.270588
46010     0.258824
46011     0.258824
46012     0.286275
46013     0.309804
46014     0.313726
46015     0.321569
46016     0.329412
46017     0.333333
46018     0.345098
46019     0.360784
46020     0.384314
46021     0.400000
46022     0.407843
46023     0.411765
46024     0.411765
46025     0.411765
46026     0.411765
46027     0.411765
46028     0.407843
46029     0.403922
46030     0.396078
46031     0.400000
46032     0.411765
46033     0.435294
46034     0.470588
46035     0.501961
46036     0.521569
46037     0.529412
46038     0.533333
46039     0.545098
46040     0.560784
46041     0.572549
46042     0.596078
46043     0.643137
46044     0.698039
46045     0.737255
46046     0.749020
46047     0.745098
46048     0.741176
46049     0.737255
46050     0.733333
46051     0.733333
46052     0.733333
46053     0.733333
46054     0.772549
46055     0.815686
46056     0.870588
46057     0.882353
46058     0.811765
46059     0.705882
46060     0.619608
46061     0.588235
46062     0.647059
46063     0.650980
46064     0.658824
46065     0.666667
46066     0.670588
46067     0.682353
46068     0.698039
46069     0.709804
46070     0.725490
46071     0.717647
46072     0.705882
46073     0.682353
46074     0.662745
46075     0.666667
46076     0.690196
46077     0.713726
46078     0.749020
46079     0.752941
46080     0.756863
46081     0.713726
46082     0.698039
46083     0.686275
46084     0.678431
46085     0.662745
46086     0.654902
46087     0.674510
46088     0.701961
46089     0.721569
46090     0.725490
46091     0.737255
46092     0.745098
46093     0.745098
46094     0.737255
46095     0.729412
46096     0.721569
46097     0.666667
46098     0.690196
46099     0.709804
46100     0.713726
46101     0.701961
46102     0.701961
46103     0.717647
46104     0.737255
46105     0.745098
46106     0.733333
46107     0.713726
46108     0.694118
46109     0.690196
46110     0.698039
46111     0.717647
46112     0.733333
46113     0.764706
46114     0.745098
46115     0.725490
46116     0.717647
46117     0.725490
46118     0.737255
46119     0.749020
46120     0.749020
46121     0.749020
46122     0.729412
46123     0.698039
46124     0.666667
46125     0.650980
46126     0.647059
46127     0.647059
46128     0.650980
46129     0.647059
46130     0.643137
46131     0.647059
46132     0.658824
46133     0.674510
46134     0.682353
46135     0.670588
46136     0.654902
46137     0.694118
46138     0.705882
46139     0.725490
46140     0.749020
46141     0.760784
46142     0.752941
46143     0.729412
46144     0.705882
46145     0.662745
46146     0.666667
46147     0.666667
46148     0.666667
46149     0.666667
46150     0.662745
46151     0.662745
46152     0.662745
46153     0.647059
46154     0.631373
46155     0.615686
46156     0.607843
46157     0.611765
46158     0.623529
46159     0.635294
46160     0.635294
46161     0.658824
46162     0.666667
46163     0.674510
46164     0.678431
46165     0.682353
46166     0.690196
46167     0.709804
46168     0.721569
46169     0.737255
46170     0.733333
46171     0.733333
46172     0.729412
46173     0.729412
46174     0.713726
46175     0.694118
46176     0.678431
46177     0.670588
46178     0.666667
46179     0.666667
46180     0.666667
46181     0.670588
46182     0.670588
46183     0.666667
46184     0.662745
46185     0.643137
46186     0.658824
46187     0.654902
46188     0.631373
46189     0.619608
46190     0.631373
46191     0.647059
46192     0.650980
46193     0.623529
46194     0.580392
46195     0.572549
46196     0.588235
46197     0.596078
46198     0.635294
46199     0.658824
46200     0.623529
46201     0.482353
46202     0.411765
46203     0.294118
46204     0.192157
46205     0.152941
46206     0.160784
46207     0.164706
46208     0.149020
46209     0.113725
46210     0.129412
46211     0.152941
46212     0.156863
46213     0.137255
46214     0.125490
46215     0.141176
46216     0.172549
46217     0.164706
46218     0.196078
46219     0.211765
46220     0.203922
46221     0.192157
46222     0.203922
46223     0.223529
46224     0.235294
46225     0.188235
46226     0.227451
46227     0.262745
46228     0.254902
46229     0.223529
46230     0.200000
46231     0.207843
46232     0.231373
46233     0.239216
46234     0.258824
46235     0.274510
46236     0.266667
46237     0.250980
46238     0.250980
46239     0.274510
46240     0.298039
46241     0.309804
46242     0.309804
46243     0.313726
46244     0.317647
46245     0.333333
46246     0.352941
46247     0.376471
46248     0.392157
46249     0.392157
46250     0.400000
46251     0.400000
46252     0.392157
46253     0.392157
46254     0.400000
46255     0.400000
46256     0.388235
46257     0.392157
46258     0.392157
46259     0.396078
46260     0.415686
46261     0.443137
46262     0.482353
46263     0.513726
46264     0.533333
46265     0.541176
46266     0.549020
46267     0.552941
46268     0.556863
46269     0.568627
46270     0.607843
46271     0.666667
46272     0.709804
46273     0.764706
46274     0.760784
46275     0.752941
46276     0.749020
46277     0.749020
46278     0.756863
46279     0.768627
46280     0.776471
46281     0.800000
46282     0.839216
46283     0.882353
46284     0.890196
46285     0.835294
46286     0.737255
46287     0.650980
46288     0.603922
46289     0.615686
46290     0.631373
46291     0.654902
46292     0.678431
46293     0.694118
46294     0.701961
46295     0.698039
46296     0.690196
46297     0.721569
46298     0.717647
46299     0.705882
46300     0.686275
46301     0.666667
46302     0.666667
46303     0.682353
46304     0.694118
46305     0.729412
46306     0.741176
46307     0.749020
46308     0.717647
46309     0.713726
46310     0.705882
46311     0.698039
46312     0.674510
46313     0.650980
46314     0.658824
46315     0.682353
46316     0.698039
46317     0.705882
46318     0.717647
46319     0.729412
46320     0.741176
46321     0.752941
46322     0.756863
46323     0.760784
46324     0.717647
46325     0.705882
46326     0.698039
46327     0.701961
46328     0.717647
46329     0.741176
46330     0.752941
46331     0.760784
46332     0.729412
46333     0.717647
46334     0.698039
46335     0.682353
46336     0.674510
46337     0.678431
46338     0.682353
46339     0.686275
46340     0.733333
46341     0.729412
46342     0.729412
46343     0.733333
46344     0.741176
46345     0.745098
46346     0.745098
46347     0.745098
46348     0.749020
46349     0.741176
46350     0.725490
46351     0.701961
46352     0.678431
46353     0.662745
46354     0.654902
46355     0.654902
46356     0.662745
46357     0.654902
46358     0.654902
46359     0.666667
46360     0.682353
46361     0.690196
46362     0.682353
46363     0.666667
46364     0.701961
46365     0.713726
46366     0.729412
46367     0.752941
46368     0.764706
46369     0.760784
46370     0.741176
46371     0.725490
46372     0.647059
46373     0.647059
46374     0.647059
46375     0.654902
46376     0.662745
46377     0.674510
46378     0.678431
46379     0.678431
46380     0.666667
46381     0.647059
46382     0.627451
46383     0.615686
46384     0.619608
46385     0.635294
46386     0.650980
46387     0.658824
46388     0.643137
46389     0.658824
46390     0.678431
46391     0.690196
46392     0.701961
46393     0.709804
46394     0.721569
46395     0.729412
46396     0.733333
46397     0.729412
46398     0.725490
46399     0.729412
46400     0.729412
46401     0.721569
46402     0.705882
46403     0.690196
46404     0.666667
46405     0.666667
46406     0.670588
46407     0.678431
46408     0.682353
46409     0.674510
46410     0.658824
46411     0.643137
46412     0.639216
46413     0.654902
46414     0.654902
46415     0.631373
46416     0.615686
46417     0.627451
46418     0.639216
46419     0.643137
46420     0.654902
46421     0.627451
46422     0.627451
46423     0.611765
46424     0.572549
46425     0.592157
46426     0.650980
46427     0.666667
46428     0.631373
46429     0.635294
46430     0.545098
46431     0.388235
46432     0.317647
46433     0.341176
46434     0.321569
46435     0.254902
46436     0.149020
46437     0.152941
46438     0.164706
46439     0.168627
46440     0.145098
46441     0.125490
46442     0.156863
46443     0.203922
46444     0.203922
46445     0.235294
46446     0.250980
46447     0.227451
46448     0.207843
46449     0.215686
46450     0.227451
46451     0.227451
46452     0.196078
46453     0.231373
46454     0.266667
46455     0.266667
46456     0.235294
46457     0.215686
46458     0.219608
46459     0.235294
46460     0.247059
46461     0.258824
46462     0.266667
46463     0.278431
46464     0.282353
46465     0.286275
46466     0.290196
46467     0.294118
46468     0.298039
46469     0.294118
46470     0.294118
46471     0.298039
46472     0.317647
46473     0.341176
46474     0.360784
46475     0.372549
46476     0.372549
46477     0.384314
46478     0.372549
46479     0.352941
46480     0.352941
46481     0.376471
46482     0.388235
46483     0.384314
46484     0.396078
46485     0.392157
46486     0.392157
46487     0.400000
46488     0.419608
46489     0.450980
46490     0.486275
46491     0.509804
46492     0.533333
46493     0.545098
46494     0.552941
46495     0.552941
46496     0.552941
46497     0.584314
46498     0.639216
46499     0.682353
46500     0.768627
46501     0.756863
46502     0.745098
46503     0.737255
46504     0.745098
46505     0.764706
46506     0.788235
46507     0.803922
46508     0.827451
46509     0.850980
46510     0.878431
46511     0.874510
46512     0.839216
46513     0.772549
46514     0.694118
46515     0.639216
46516     0.627451
46517     0.627451
46518     0.639216
46519     0.666667
46520     0.694118
46521     0.705882
46522     0.705882
46523     0.698039
46524     0.705882
46525     0.701961
46526     0.694118
46527     0.682353
46528     0.674510
46529     0.674510
46530     0.678431
46531     0.686275
46532     0.709804
46533     0.725490
46534     0.741176
46535     0.725490
46536     0.729412
46537     0.737255
46538     0.729412
46539     0.690196
46540     0.647059
46541     0.635294
46542     0.650980
46543     0.682353
46544     0.686275
46545     0.690196
46546     0.705882
46547     0.721569
46548     0.745098
46549     0.764706
46550     0.776471
46551     0.760784
46552     0.729412
46553     0.694118
46554     0.690196
46555     0.717647
46556     0.745098
46557     0.756863
46558     0.752941
46559     0.725490
46560     0.709804
46561     0.694118
46562     0.678431
46563     0.674510
46564     0.674510
46565     0.666667
46566     0.662745
46567     0.698039
46568     0.705882
46569     0.717647
46570     0.733333
46571     0.737255
46572     0.737255
46573     0.733333
46574     0.729412
46575     0.749020
46576     0.752941
46577     0.756863
46578     0.749020
46579     0.725490
46580     0.701961
46581     0.686275
46582     0.682353
46583     0.690196
46584     0.686275
46585     0.682353
46586     0.686275
46587     0.694118
46588     0.698039
46589     0.698039
46590     0.694118
46591     0.709804
46592     0.717647
46593     0.737255
46594     0.756863
46595     0.772549
46596     0.772549
46597     0.760784
46598     0.749020
46599     0.647059
46600     0.631373
46601     0.623529
46602     0.635294
46603     0.658824
46604     0.682353
46605     0.694118
46606     0.690196
46607     0.686275
46608     0.674510
46609     0.650980
46610     0.635294
46611     0.635294
46612     0.650980
46613     0.670588
46614     0.690196
46615     0.654902
46616     0.674510
46617     0.698039
46618     0.713726
46619     0.721569
46620     0.725490
46621     0.733333
46622     0.741176
46623     0.713726
46624     0.709804
46625     0.709804
46626     0.713726
46627     0.713726
46628     0.709804
46629     0.698039
46630     0.690196
46631     0.662745
46632     0.658824
46633     0.658824
46634     0.670588
46635     0.678431
46636     0.674510
46637     0.654902
46638     0.639216
46639     0.631373
46640     0.647059
46641     0.650980
46642     0.635294
46643     0.635294
46644     0.647059
46645     0.654902
46646     0.647059
46647     0.650980
46648     0.611765
46649     0.611765
46650     0.623529
46651     0.600000
46652     0.611765
46653     0.643137
46654     0.643137
46655     0.662745
46656     0.725490
46657     0.705882
46658     0.592157
46659     0.529412
46660     0.545098
46661     0.509804
46662     0.427451
46663     0.368627
46664     0.337255
46665     0.301961
46666     0.262745
46667     0.196078
46668     0.145098
46669     0.152941
46670     0.196078
46671     0.219608
46672     0.250980
46673     0.258824
46674     0.231373
46675     0.211765
46676     0.223529
46677     0.223529
46678     0.207843
46679     0.211765
46680     0.243137
46681     0.270588
46682     0.278431
46683     0.262745
46684     0.247059
46685     0.243137
46686     0.250980
46687     0.262745
46688     0.262745
46689     0.266667
46690     0.286275
46691     0.309804
46692     0.317647
46693     0.313726
46694     0.305882
46695     0.286275
46696     0.282353
46697     0.278431
46698     0.286275
46699     0.305882
46700     0.325490
46701     0.337255
46702     0.341176
46703     0.360784
46704     0.368627
46705     0.352941
46706     0.321569
46707     0.325490
46708     0.364706
46709     0.388235
46710     0.384314
46711     0.392157
46712     0.392157
46713     0.388235
46714     0.388235
46715     0.396078
46716     0.419608
46717     0.447059
46718     0.470588
46719     0.513726
46720     0.537255
46721     0.560784
46722     0.564706
46723     0.560784
46724     0.576471
46725     0.619608
46726     0.654902
46727     0.749020
46728     0.741176
46729     0.729412
46730     0.729412
46731     0.741176
46732     0.764706
46733     0.792157
46734     0.811765
46735     0.850980
46736     0.862745
46737     0.870588
46738     0.862745
46739     0.847059
46740     0.811765
46741     0.745098
46742     0.690196
46743     0.674510
46744     0.647059
46745     0.623529
46746     0.627451
46747     0.662745
46748     0.701961
46749     0.721569
46750     0.725490
46751     0.690196
46752     0.690196
46753     0.686275
46754     0.682353
46755     0.682353
46756     0.682353
46757     0.682353
46758     0.682353
46759     0.701961
46760     0.721569
46761     0.745098
46762     0.709804
46763     0.729412
46764     0.752941
46765     0.756863
46766     0.717647
46767     0.658824
46768     0.631373
46769     0.635294
46770     0.650980
46771     0.654902
46772     0.658824
46773     0.670588
46774     0.686275
46775     0.709804
46776     0.729412
46777     0.741176
46778     0.756863
46779     0.725490
46780     0.694118
46781     0.686275
46782     0.701961
46783     0.725490
46784     0.741176
46785     0.745098
46786     0.741176
46787     0.725490
46788     0.709804
46789     0.698039
46790     0.694118
46791     0.690196
46792     0.678431
46793     0.666667
46794     0.682353
46795     0.694118
46796     0.713726
46797     0.729412
46798     0.733333
46799     0.737255
46800     0.733333
46801     0.733333
46802     0.733333
46803     0.752941
46804     0.768627
46805     0.768627
46806     0.749020
46807     0.729412
46808     0.717647
46809     0.709804
46810     0.705882
46811     0.705882
46812     0.701961
46813     0.694118
46814     0.686275
46815     0.686275
46816     0.694118
46817     0.705882
46818     0.709804
46819     0.717647
46820     0.733333
46821     0.756863
46822     0.776471
46823     0.784314
46824     0.776471
46825     0.764706
46826     0.662745
46827     0.631373
46828     0.603922
46829     0.615686
46830     0.654902
46831     0.690196
46832     0.698039
46833     0.690196
46834     0.678431
46835     0.674510
46836     0.658824
46837     0.639216
46838     0.627451
46839     0.639216
46840     0.670588
46841     0.694118
46842     0.698039
46843     0.709804
46844     0.721569
46845     0.729412
46846     0.729412
46847     0.733333
46848     0.745098
46849     0.752941
46850     0.701961
46851     0.698039
46852     0.698039
46853     0.701961
46854     0.709804
46855     0.705882
46856     0.698039
46857     0.690196
46858     0.662745
46859     0.650980
46860     0.639216
46861     0.647059
46862     0.662745
46863     0.670588
46864     0.662745
46865     0.647059
46866     0.623529
46867     0.635294
46868     0.643137
46869     0.639216
46870     0.650980
46871     0.666667
46872     0.662745
46873     0.643137
46874     0.635294
46875     0.588235
46876     0.592157
46877     0.627451
46878     0.627451
46879     0.643137
46880     0.662745
46881     0.654902
46882     0.662745
46883     0.698039
46884     0.701961
46885     0.666667
46886     0.639216
46887     0.631373
46888     0.607843
46889     0.572549
46890     0.560784
46891     0.521569
46892     0.482353
46893     0.431373
46894     0.333333
46895     0.219608
46896     0.168627
46897     0.172549
46898     0.211765
46899     0.239216
46900     0.243137
46901     0.215686
46902     0.211765
46903     0.235294
46904     0.227451
46905     0.200000
46906     0.211765
46907     0.227451
46908     0.250980
46909     0.266667
46910     0.266667
46911     0.258824
46912     0.247059
46913     0.239216
46914     0.266667
46915     0.258824
46916     0.258824
46917     0.274510
46918     0.294118
46919     0.309804
46920     0.313726
46921     0.313726
46922     0.282353
46923     0.278431
46924     0.274510
46925     0.286275
46926     0.305882
46927     0.317647
46928     0.321569
46929     0.321569
46930     0.349020
46931     0.364706
46932     0.349020
46933     0.317647
46934     0.325490
46935     0.372549
46936     0.400000
46937     0.388235
46938     0.392157
46939     0.396078
46940     0.400000
46941     0.396078
46942     0.396078
46943     0.407843
46944     0.427451
46945     0.447059
46946     0.490196
46947     0.529412
46948     0.568627
46949     0.584314
46950     0.576471
46951     0.580392
46952     0.607843
46953     0.639216
46954     0.729412
46955     0.729412
46956     0.733333
46957     0.745098
46958     0.760784
46959     0.780392
46960     0.800000
46961     0.811765
46962     0.843137
46963     0.854902
46964     0.862745
46965     0.866667
46966     0.878431
46967     0.870588
46968     0.819608
46969     0.760784
46970     0.698039
46971     0.658824
46972     0.619608
46973     0.619608
46974     0.658824
46975     0.701961
46976     0.725490
46977     0.729412
46978     0.690196
46979     0.690196
46980     0.690196
46981     0.690196
46982     0.694118
46983     0.690196
46984     0.686275
46985     0.682353
46986     0.709804
46987     0.733333
46988     0.760784
46989     0.682353
46990     0.713726
46991     0.756863
46992     0.772549
46993     0.733333
46994     0.674510
46995     0.643137
46996     0.647059
46997     0.623529
46998     0.627451
46999     0.631373
47000     0.643137
47001     0.654902
47002     0.670588
47003     0.686275
47004     0.694118
47005     0.717647
47006     0.705882
47007     0.690196
47008     0.682353
47009     0.690196
47010     0.709804
47011     0.733333
47012     0.749020
47013     0.756863
47014     0.741176
47015     0.725490
47016     0.717647
47017     0.717647
47018     0.709804
47019     0.694118
47020     0.682353
47021     0.686275
47022     0.701961
47023     0.717647
47024     0.729412
47025     0.737255
47026     0.741176
47027     0.745098
47028     0.749020
47029     0.717647
47030     0.737255
47031     0.760784
47032     0.764706
47033     0.749020
47034     0.733333
47035     0.725490
47036     0.725490
47037     0.705882
47038     0.709804
47039     0.701961
47040     0.686275
47041     0.670588
47042     0.666667
47043     0.682353
47044     0.701961
47045     0.709804
47046     0.713726
47047     0.733333
47048     0.756863
47049     0.776471
47050     0.788235
47051     0.780392
47052     0.772549
47053     0.678431
47054     0.635294
47055     0.596078
47056     0.603922
47057     0.650980
47058     0.690196
47059     0.694118
47060     0.682353
47061     0.654902
47062     0.658824
47063     0.650980
47064     0.627451
47065     0.611765
47066     0.615686
47067     0.650980
47068     0.682353
47069     0.737255
47070     0.737255
47071     0.737255
47072     0.733333
47073     0.729412
47074     0.733333
47075     0.749020
47076     0.760784
47077     0.705882
47078     0.701961
47079     0.701961
47080     0.705882
47081     0.713726
47082     0.713726
47083     0.705882
47084     0.698039
47085     0.666667
47086     0.647059
47087     0.623529
47088     0.623529
47089     0.643137
47090     0.662745
47091     0.666667
47092     0.662745
47093     0.623529
47094     0.631373
47095     0.635294
47096     0.639216
47097     0.654902
47098     0.670588
47099     0.654902
47100     0.627451
47101     0.658824
47102     0.615686
47103     0.619608
47104     0.635294
47105     0.611765
47106     0.615686
47107     0.658824
47108     0.670588
47109     0.682353
47110     0.647059
47111     0.631373
47112     0.647059
47113     0.643137
47114     0.615686
47115     0.615686
47116     0.643137
47117     0.592157
47118     0.580392
47119     0.580392
47120     0.568627
47121     0.474510
47122     0.325490
47123     0.223529
47124     0.192157
47125     0.215686
47126     0.243137
47127     0.247059
47128     0.223529
47129     0.231373
47130     0.262745
47131     0.254902
47132     0.219608
47133     0.192157
47134     0.203922
47135     0.223529
47136     0.243137
47137     0.254902
47138     0.250980
47139     0.231373
47140     0.219608
47141     0.254902
47142     0.250980
47143     0.250980
47144     0.250980
47145     0.258824
47146     0.278431
47147     0.301961
47148     0.313726
47149     0.282353
47150     0.278431
47151     0.274510
47152     0.286275
47153     0.305882
47154     0.317647
47155     0.317647
47156     0.309804
47157     0.341176
47158     0.364706
47159     0.356863
47160     0.325490
47161     0.337255
47162     0.384314
47163     0.407843
47164     0.392157
47165     0.396078
47166     0.403922
47167     0.411765
47168     0.411765
47169     0.407843
47170     0.411765
47171     0.431373
47172     0.447059
47173     0.470588
47174     0.521569
47175     0.576471
47176     0.600000
47177     0.592157
47178     0.588235
47179     0.603922
47180     0.627451
47181     0.721569
47182     0.733333
47183     0.749020
47184     0.768627
47185     0.788235
47186     0.800000
47187     0.811765
47188     0.815686
47189     0.823529
47190     0.839216
47191     0.854902
47192     0.874510
47193     0.905882
47194     0.921569
47195     0.882353
47196     0.823529
47197     0.690196
47198     0.658824
47199     0.631373
47200     0.639216
47201     0.678431
47202     0.709804
47203     0.713726
47204     0.705882
47205     0.694118
47206     0.694118
47207     0.694118
47208     0.698039
47209     0.701961
47210     0.698039
47211     0.690196
47212     0.682353
47213     0.721569
47214     0.749020
47215     0.776471
47216     0.666667
47217     0.694118
47218     0.741176
47219     0.772549
47220     0.752941
47221     0.709804
47222     0.682353
47223     0.682353
47224     0.647059
47225     0.635294
47226     0.615686
47227     0.603922
47228     0.611765
47229     0.635294
47230     0.662745
47231     0.682353
47232     0.713726
47233     0.686275
47234     0.650980
47235     0.639216
47236     0.654902
47237     0.690196
47238     0.729412
47239     0.756863
47240     0.760784
47241     0.752941
47242     0.745098
47243     0.737255
47244     0.729412
47245     0.717647
47246     0.701961
47247     0.686275
47248     0.686275
47249     0.674510
47250     0.674510
47251     0.690196
47252     0.721569
47253     0.741176
47254     0.741176
47255     0.733333
47256     0.701961
47257     0.713726
47258     0.729412
47259     0.741176
47260     0.749020
47261     0.741176
47262     0.733333
47263     0.725490
47264     0.698039
47265     0.698039
47266     0.698039
47267     0.694118
47268     0.690196
47269     0.682353
47270     0.674510
47271     0.670588
47272     0.713726
47273     0.721569
47274     0.737255
47275     0.760784
47276     0.776471
47277     0.780392
47278     0.772549
47279     0.764706
47280     0.698039
47281     0.658824
47282     0.623529
47283     0.619608
47284     0.647059
47285     0.670588
47286     0.666667
47287     0.654902
47288     0.627451
47289     0.647059
47290     0.654902
47291     0.639216
47292     0.615686
47293     0.603922
47294     0.619608
47295     0.639216
47296     0.721569
47297     0.745098
47298     0.764706
47299     0.760784
47300     0.756863
47301     0.756863
47302     0.741176
47303     0.721569
47304     0.694118
47305     0.694118
47306     0.690196
47307     0.698039
47308     0.705882
47309     0.705882
47310     0.701961
47311     0.694118
47312     0.654902
47313     0.627451
47314     0.603922
47315     0.603922
47316     0.627451
47317     0.643137
47318     0.647059
47319     0.639216
47320     0.643137
47321     0.635294
47322     0.619608
47323     0.619608
47324     0.650980
47325     0.686275
47326     0.690196
47327     0.674510
47328     0.607843
47329     0.611765
47330     0.611765
47331     0.611765
47332     0.623529
47333     0.635294
47334     0.643137
47335     0.639216
47336     0.627451
47337     0.631373
47338     0.635294
47339     0.643137
47340     0.643137
47341     0.643137
47342     0.639216
47343     0.631373
47344     0.635294
47345     0.580392
47346     0.580392
47347     0.615686
47348     0.603922
47349     0.525490
47350     0.352941
47351     0.168627
47352     0.184314
47353     0.231373
47354     0.247059
47355     0.211765
47356     0.203922
47357     0.235294
47358     0.250980
47359     0.231373
47360     0.239216
47361     0.215686
47362     0.207843
47363     0.235294
47364     0.274510
47365     0.278431
47366     0.250980
47367     0.223529
47368     0.247059
47369     0.250980
47370     0.239216
47371     0.231373
47372     0.247059
47373     0.278431
47374     0.298039
47375     0.294118
47376     0.286275
47377     0.286275
47378     0.282353
47379     0.274510
47380     0.270588
47381     0.274510
47382     0.282353
47383     0.294118
47384     0.341176
47385     0.345098
47386     0.349020
47387     0.352941
47388     0.360784
47389     0.372549
47390     0.396078
47391     0.411765
47392     0.423529
47393     0.423529
47394     0.419608
47395     0.403922
47396     0.392157
47397     0.392157
47398     0.415686
47399     0.435294
47400     0.454902
47401     0.501961
47402     0.560784
47403     0.592157
47404     0.596078
47405     0.588235
47406     0.588235
47407     0.592157
47408     0.670588
47409     0.705882
47410     0.749020
47411     0.776471
47412     0.784314
47413     0.788235
47414     0.796078
47415     0.807843
47416     0.815686
47417     0.811765
47418     0.819608
47419     0.866667
47420     0.933333
47421     0.968627
47422     0.925490
47423     0.862745
47424     0.752941
47425     0.662745
47426     0.588235
47427     0.603922
47428     0.670588
47429     0.717647
47430     0.713726
47431     0.698039
47432     0.701961
47433     0.698039
47434     0.698039
47435     0.698039
47436     0.698039
47437     0.694118
47438     0.682353
47439     0.670588
47440     0.698039
47441     0.733333
47442     0.768627
47443     0.662745
47444     0.690196
47445     0.737255
47446     0.772549
47447     0.760784
47448     0.721569
47449     0.698039
47450     0.701961
47451     0.678431
47452     0.662745
47453     0.639216
47454     0.623529
47455     0.627451
47456     0.650980
47457     0.678431
47458     0.698039
47459     0.705882
47460     0.686275
47461     0.662745
47462     0.647059
47463     0.650980
47464     0.674510
47465     0.705882
47466     0.725490
47467     0.745098
47468     0.741176
47469     0.741176
47470     0.741176
47471     0.737255
47472     0.725490
47473     0.701961
47474     0.686275
47475     0.658824
47476     0.650980
47477     0.650980
47478     0.666667
47479     0.694118
47480     0.709804
47481     0.713726
47482     0.709804
47483     0.705882
47484     0.717647
47485     0.729412
47486     0.737255
47487     0.737255
47488     0.729412
47489     0.721569
47490     0.713726
47491     0.678431
47492     0.686275
47493     0.690196
47494     0.686275
47495     0.682353
47496     0.678431
47497     0.686275
47498     0.690196
47499     0.729412
47500     0.733333
47501     0.745098
47502     0.752941
47503     0.760784
47504     0.764706
47505     0.768627
47506     0.772549
47507     0.733333
47508     0.705882
47509     0.674510
47510     0.670588
47511     0.682353
47512     0.686275
47513     0.666667
47514     0.647059
47515     0.631373
47516     0.643137
47517     0.654902
47518     0.643137
47519     0.623529
47520     0.615686
47521     0.627451
47522     0.643137
47523     0.701961
47524     0.733333
47525     0.756863
47526     0.764706
47527     0.764706
47528     0.760784
47529     0.741176
47530     0.717647
47531     0.674510
47532     0.674510
47533     0.682353
47534     0.701961
47535     0.717647
47536     0.713726
47537     0.690196
47538     0.666667
47539     0.639216
47540     0.623529
47541     0.607843
47542     0.607843
47543     0.623529
47544     0.643137
47545     0.647059
47546     0.647059
47547     0.658824
47548     0.650980
47549     0.631373
47550     0.615686
47551     0.631373
47552     0.666667
47553     0.674510
47554     0.666667
47555     0.615686
47556     0.615686
47557     0.611765
47558     0.607843
47559     0.615686
47560     0.619608
47561     0.619608
47562     0.615686
47563     0.635294
47564     0.631373
47565     0.631373
47566     0.635294
47567     0.635294
47568     0.627451
47569     0.615686
47570     0.607843
47571     0.580392
47572     0.541176
47573     0.549020
47574     0.596078
47575     0.615686
47576     0.580392
47577     0.439216
47578     0.254902
47579     0.164706
47580     0.207843
47581     0.247059
47582     0.247059
47583     0.231373
47584     0.223529
47585     0.231373
47586     0.239216
47587     0.227451
47588     0.219608
47589     0.223529
47590     0.239216
47591     0.250980
47592     0.247059
47593     0.231373
47594     0.215686
47595     0.254902
47596     0.266667
47597     0.266667
47598     0.254902
47599     0.258824
47600     0.278431
47601     0.290196
47602     0.282353
47603     0.247059
47604     0.258824
47605     0.270588
47606     0.270588
47607     0.258824
47608     0.254902
47609     0.258824
47610     0.266667
47611     0.333333
47612     0.341176
47613     0.345098
47614     0.345098
47615     0.345098
47616     0.352941
47617     0.368627
47618     0.380392
47619     0.419608
47620     0.415686
47621     0.407843
47622     0.396078
47623     0.392157
47624     0.400000
47625     0.415686
47626     0.427451
47627     0.435294
47628     0.486275
47629     0.549020
47630     0.592157
47631     0.600000
47632     0.592157
47633     0.588235
47634     0.592157
47635     0.643137
47636     0.674510
47637     0.717647
47638     0.749020
47639     0.764706
47640     0.772549
47641     0.788235
47642     0.800000
47643     0.815686
47644     0.807843
47645     0.807843
47646     0.847059
47647     0.909804
47648     0.949020
47649     0.913725
47650     0.858824
47651     0.745098
47652     0.682353
47653     0.631373
47654     0.631373
47655     0.662745
47656     0.674510
47657     0.670588
47658     0.662745
47659     0.694118
47660     0.694118
47661     0.698039
47662     0.705882
47663     0.709804
47664     0.709804
47665     0.701961
47666     0.698039
47667     0.690196
47668     0.709804
47669     0.733333
47670     0.666667
47671     0.690196
47672     0.733333
47673     0.764706
47674     0.756863
47675     0.717647
47676     0.698039
47677     0.698039
47678     0.694118
47679     0.674510
47680     0.643137
47681     0.623529
47682     0.623529
47683     0.643137
47684     0.670588
47685     0.690196
47686     0.694118
47687     0.694118
47688     0.686275
47689     0.670588
47690     0.658824
47691     0.662745
47692     0.682353
47693     0.701961
47694     0.721569
47695     0.725490
47696     0.737255
47697     0.749020
47698     0.752941
47699     0.737255
47700     0.713726
47701     0.694118
47702     0.666667
47703     0.658824
47704     0.650980
47705     0.654902
47706     0.670588
47707     0.690196
47708     0.701961
47709     0.705882
47710     0.721569
47711     0.725490
47712     0.729412
47713     0.733333
47714     0.725490
47715     0.717647
47716     0.705882
47717     0.698039
47718     0.670588
47719     0.682353
47720     0.686275
47721     0.670588
47722     0.650980
47723     0.643137
47724     0.658824
47725     0.678431
47726     0.725490
47727     0.737255
47728     0.741176
47729     0.737255
47730     0.733333
47731     0.737255
47732     0.752941
47733     0.768627
47734     0.764706
47735     0.745098
47736     0.729412
47737     0.721569
47738     0.721569
47739     0.701961
47740     0.666667
47741     0.635294
47742     0.631373
47743     0.643137
47744     0.650980
47745     0.647059
47746     0.635294
47747     0.627451
47748     0.635294
47749     0.647059
47750     0.670588
47751     0.705882
47752     0.737255
47753     0.752941
47754     0.764706
47755     0.764706
47756     0.749020
47757     0.721569
47758     0.662745
47759     0.662745
47760     0.678431
47761     0.705882
47762     0.733333
47763     0.721569
47764     0.678431
47765     0.635294
47766     0.623529
47767     0.619608
47768     0.615686
47769     0.615686
47770     0.623529
47771     0.639216
47772     0.650980
47773     0.658824
47774     0.670588
47775     0.662745
47776     0.639216
47777     0.607843
47778     0.607843
47779     0.631373
47780     0.654902
47781     0.658824
47782     0.631373
47783     0.623529
47784     0.619608
47785     0.619608
47786     0.623529
47787     0.615686
47788     0.607843
47789     0.600000
47790     0.631373
47791     0.627451
47792     0.619608
47793     0.615686
47794     0.615686
47795     0.603922
47796     0.588235
47797     0.572549
47798     0.564706
47799     0.541176
47800     0.549020
47801     0.572549
47802     0.603922
47803     0.611765
47804     0.505882
47805     0.337255
47806     0.172549
47807     0.176471
47808     0.211765
47809     0.258824
47810     0.250980
47811     0.203922
47812     0.200000
47813     0.235294
47814     0.211765
47815     0.223529
47816     0.235294
47817     0.235294
47818     0.227451
47819     0.219608
47820     0.215686
47821     0.207843
47822     0.258824
47823     0.286275
47824     0.305882
47825     0.298039
47826     0.290196
47827     0.294118
47828     0.294118
47829     0.286275
47830     0.258824
47831     0.282353
47832     0.305882
47833     0.305882
47834     0.286275
47835     0.274510
47836     0.274510
47837     0.282353
47838     0.329412
47839     0.333333
47840     0.337255
47841     0.337255
47842     0.333333
47843     0.333333
47844     0.337255
47845     0.345098
47846     0.400000
47847     0.392157
47848     0.384314
47849     0.384314
47850     0.396078
47851     0.407843
47852     0.415686
47853     0.419608
47854     0.411765
47855     0.462745
47856     0.529412
47857     0.576471
47858     0.588235
47859     0.584314
47860     0.584314
47861     0.588235
47862     0.603922
47863     0.631373
47864     0.674510
47865     0.713726
47866     0.741176
47867     0.760784
47868     0.776471
47869     0.788235
47870     0.803922
47871     0.796078
47872     0.796078
47873     0.827451
47874     0.882353
47875     0.921569
47876     0.898039
47877     0.850980
47878     0.725490
47879     0.690196
47880     0.666667
47881     0.662745
47882     0.662745
47883     0.650980
47884     0.647059
47885     0.650980
47886     0.678431
47887     0.686275
47888     0.698039
47889     0.709804
47890     0.717647
47891     0.721569
47892     0.721569
47893     0.721569
47894     0.717647
47895     0.721569
47896     0.721569
47897     0.682353
47898     0.698039
47899     0.729412
47900     0.752941
47901     0.745098
47902     0.705882
47903     0.682353
47904     0.678431
47905     0.705882
47906     0.682353
47907     0.650980
47908     0.623529
47909     0.619608
47910     0.635294
47911     0.662745
47912     0.682353
47913     0.690196
47914     0.701961
47915     0.709804
47916     0.698039
47917     0.678431
47918     0.666667
47919     0.682353
47920     0.698039
47921     0.694118
47922     0.705882
47923     0.729412
47924     0.752941
47925     0.768627
47926     0.760784
47927     0.737255
47928     0.717647
47929     0.717647
47930     0.705882
47931     0.686275
47932     0.670588
47933     0.666667
47934     0.682353
47935     0.709804
47936     0.725490
47937     0.737255
47938     0.737255
47939     0.733333
47940     0.729412
47941     0.721569
47942     0.709804
47943     0.698039
47944     0.690196
47945     0.678431
47946     0.690196
47947     0.690196
47948     0.658824
47949     0.619608
47950     0.596078
47951     0.607843
47952     0.631373
47953     0.705882
47954     0.721569
47955     0.733333
47956     0.725490
47957     0.713726
47958     0.709804
47959     0.729412
47960     0.752941
47961     0.756863
47962     0.752941
47963     0.752941
47964     0.752941
47965     0.741176
47966     0.717647
47967     0.674510
47968     0.647059
47969     0.643137
47970     0.647059
47971     0.647059
47972     0.647059
47973     0.639216
47974     0.635294
47975     0.639216
47976     0.643137
47977     0.643137
47978     0.670588
47979     0.698039
47980     0.717647
47981     0.741176
47982     0.764706
47983     0.764706
47984     0.749020
47985     0.694118
47986     0.682353
47987     0.686275
47988     0.717647
47989     0.741176
47990     0.729412
47991     0.678431
47992     0.627451
47993     0.611765
47994     0.615686
47995     0.623529
47996     0.623529
47997     0.627451
47998     0.639216
47999     0.650980
48000     0.666667
48001     0.662745
48002     0.658824
48003     0.631373
48004     0.592157
48005     0.584314
48006     0.607843
48007     0.635294
48008     0.647059
48009     0.647059
48010     0.631373
48011     0.627451
48012     0.643137
48013     0.647059
48014     0.635294
48015     0.619608
48016     0.615686
48017     0.619608
48018     0.611765
48019     0.603922
48020     0.603922
48021     0.603922
48022     0.596078
48023     0.576471
48024     0.556863
48025     0.545098
48026     0.545098
48027     0.552941
48028     0.549020
48029     0.564706
48030     0.607843
48031     0.564706
48032     0.443137
48033     0.254902
48034     0.180392
48035     0.164706
48036     0.223529
48037     0.243137
48038     0.196078
48039     0.180392
48040     0.215686
48041     0.207843
48042     0.219608
48043     0.223529
48044     0.219608
48045     0.215686
48046     0.223529
48047     0.219608
48048     0.207843
48049     0.227451
48050     0.274510
48051     0.313726
48052     0.317647
48053     0.309804
48054     0.305882
48055     0.301961
48056     0.294118
48057     0.309804
48058     0.333333
48059     0.349020
48060     0.341176
48061     0.313726
48062     0.298039
48063     0.301961
48064     0.313726
48065     0.317647
48066     0.325490
48067     0.333333
48068     0.337255
48069     0.329412
48070     0.325490
48071     0.329412
48072     0.333333
48073     0.368627
48074     0.360784
48075     0.356863
48076     0.372549
48077     0.396078
48078     0.419608
48079     0.423529
48080     0.419608
48081     0.407843
48082     0.447059
48083     0.501961
48084     0.537255
48085     0.549020
48086     0.552941
48087     0.564706
48088     0.580392
48089     0.576471
48090     0.600000
48091     0.639216
48092     0.686275
48093     0.733333
48094     0.760784
48095     0.780392
48096     0.784314
48097     0.784314
48098     0.788235
48099     0.792157
48100     0.819608
48101     0.866667
48102     0.901961
48103     0.882353
48104     0.843137
48105     0.705882
48106     0.678431
48107     0.658824
48108     0.662745
48109     0.662745
48110     0.654902
48111     0.658824
48112     0.674510
48113     0.674510
48114     0.686275
48115     0.701961
48116     0.713726
48117     0.721569
48118     0.725490
48119     0.729412
48120     0.733333
48121     0.752941
48122     0.741176
48123     0.729412
48124     0.686275
48125     0.698039
48126     0.721569
48127     0.749020
48128     0.745098
48129     0.713726
48130     0.690196
48131     0.686275
48132     0.721569
48133     0.701961
48134     0.666667
48135     0.643137
48136     0.639216
48137     0.654902
48138     0.678431
48139     0.694118
48140     0.674510
48141     0.694118
48142     0.709804
48143     0.705882
48144     0.686275
48145     0.674510
48146     0.682353
48147     0.698039
48148     0.678431
48149     0.694118
48150     0.717647
48151     0.749020
48152     0.772549
48153     0.772549
48154     0.756863
48155     0.745098
48156     0.760784
48157     0.745098
48158     0.713726
48159     0.678431
48160     0.658824
48161     0.670588
48162     0.701961
48163     0.729412
48164     0.749020
48165     0.745098
48166     0.737255
48167     0.729412
48168     0.717647
48169     0.709804
48170     0.701961
48171     0.694118
48172     0.690196
48173     0.705882
48174     0.705882
48175     0.674510
48176     0.623529
48177     0.592157
48178     0.592157
48179     0.603922
48180     0.682353
48181     0.701961
48182     0.725490
48183     0.729412
48184     0.717647
48185     0.713726
48186     0.729412
48187     0.745098
48188     0.741176
48189     0.749020
48190     0.756863
48191     0.756863
48192     0.752941
48193     0.733333
48194     0.709804
48195     0.694118
48196     0.670588
48197     0.662745
48198     0.650980
48199     0.643137
48200     0.643137
48201     0.643137
48202     0.643137
48203     0.639216
48204     0.631373
48205     0.643137
48206     0.650980
48207     0.666667
48208     0.705882
48209     0.756863
48210     0.780392
48211     0.780392
48212     0.745098
48213     0.725490
48214     0.709804
48215     0.725490
48216     0.745098
48217     0.733333
48218     0.690196
48219     0.647059
48220     0.615686
48221     0.623529
48222     0.631373
48223     0.635294
48224     0.635294
48225     0.643137
48226     0.650980
48227     0.658824
48228     0.643137
48229     0.639216
48230     0.615686
48231     0.584314
48232     0.576471
48233     0.600000
48234     0.631373
48235     0.643137
48236     0.635294
48237     0.615686
48238     0.615686
48239     0.650980
48240     0.670588
48241     0.654902
48242     0.639216
48243     0.635294
48244     0.619608
48245     0.611765
48246     0.603922
48247     0.607843
48248     0.619608
48249     0.615686
48250     0.600000
48251     0.580392
48252     0.513726
48253     0.525490
48254     0.545098
48255     0.533333
48256     0.533333
48257     0.592157
48258     0.615686
48259     0.560784
48260     0.407843
48261     0.262745
48262     0.160784
48263     0.184314
48264     0.223529
48265     0.207843
48266     0.192157
48267     0.200000
48268     0.207843
48269     0.211765
48270     0.200000
48271     0.192157
48272     0.211765
48273     0.239216
48274     0.235294
48275     0.215686
48276     0.200000
48277     0.254902
48278     0.305882
48279     0.321569
48280     0.321569
48281     0.321569
48282     0.317647
48283     0.309804
48284     0.352941
48285     0.360784
48286     0.356863
48287     0.333333
48288     0.305882
48289     0.294118
48290     0.301961
48291     0.317647
48292     0.309804
48293     0.321569
48294     0.329412
48295     0.333333
48296     0.333333
48297     0.329412
48298     0.333333
48299     0.341176
48300     0.337255
48301     0.333333
48302     0.337255
48303     0.360784
48304     0.396078
48305     0.419608
48306     0.423529
48307     0.423529
48308     0.415686
48309     0.443137
48310     0.474510
48311     0.490196
48312     0.498039
48313     0.513726
48314     0.541176
48315     0.568627
48316     0.572549
48317     0.584314
48318     0.619608
48319     0.674510
48320     0.729412
48321     0.768627
48322     0.784314
48323     0.788235
48324     0.764706
48325     0.776471
48326     0.792157
48327     0.819608
48328     0.858824
48329     0.886275
48330     0.874510
48331     0.839216
48332     0.713726
48333     0.666667
48334     0.627451
48335     0.627451
48336     0.647059
48337     0.658824
48338     0.670588
48339     0.682353
48340     0.698039
48341     0.709804
48342     0.725490
48343     0.733333
48344     0.729412
48345     0.729412
48346     0.733333
48347     0.741176
48348     0.760784
48349     0.749020
48350     0.737255
48351     0.678431
48352     0.682353
48353     0.709804
48354     0.745098
48355     0.749020
48356     0.733333
48357     0.717647
48358     0.717647
48359     0.709804
48360     0.694118
48361     0.666667
48362     0.647059
48363     0.647059
48364     0.658824
48365     0.678431
48366     0.694118
48367     0.670588
48368     0.682353
48369     0.694118
48370     0.690196
48371     0.678431
48372     0.674510
48373     0.678431
48374     0.686275
48375     0.678431
48376     0.686275
48377     0.705882
48378     0.733333
48379     0.756863
48380     0.764706
48381     0.756863
48382     0.749020
48383     0.756863
48384     0.752941
48385     0.729412
48386     0.690196
48387     0.654902
48388     0.654902
48389     0.682353
48390     0.709804
48391     0.752941
48392     0.745098
48393     0.737255
48394     0.725490
48395     0.713726
48396     0.709804
48397     0.705882
48398     0.705882
48399     0.694118
48400     0.713726
48401     0.721569
48402     0.705882
48403     0.666667
48404     0.635294
48405     0.619608
48406     0.619608
48407     0.666667
48408     0.686275
48409     0.709804
48410     0.721569
48411     0.725490
48412     0.733333
48413     0.745098
48414     0.756863
48415     0.749020
48416     0.752941
48417     0.756863
48418     0.752941
48419     0.749020
48420     0.749020
48421     0.752941
48422     0.760784
48423     0.713726
48424     0.690196
48425     0.662745
48426     0.647059
48427     0.650980
48428     0.650980
48429     0.647059
48430     0.639216
48431     0.627451
48432     0.623529
48433     0.615686
48434     0.623529
48435     0.666667
48436     0.737255
48437     0.776471
48438     0.788235
48439     0.780392
48440     0.752941
48441     0.729412
48442     0.729412
48443     0.737255
48444     0.733333
48445     0.705882
48446     0.678431
48447     0.635294
48448     0.635294
48449     0.639216
48450     0.647059
48451     0.650980
48452     0.650980
48453     0.647059
48454     0.647059
48455     0.627451
48456     0.623529
48457     0.607843
48458     0.584314
48459     0.588235
48460     0.615686
48461     0.631373
48462     0.631373
48463     0.600000
48464     0.576471
48465     0.588235
48466     0.639216
48467     0.670588
48468     0.662745
48469     0.643137
48470     0.647059
48471     0.631373
48472     0.615686
48473     0.611765
48474     0.623529
48475     0.643137
48476     0.650980
48477     0.631373
48478     0.611765
48479     0.545098
48480     0.541176
48481     0.556863
48482     0.549020
48483     0.525490
48484     0.560784
48485     0.600000
48486     0.588235
48487     0.549020
48488     0.411765
48489     0.254902
48490     0.188235
48491     0.196078
48492     0.215686
48493     0.211765
48494     0.200000
48495     0.203922
48496     0.203922
48497     0.184314
48498     0.168627
48499     0.192157
48500     0.239216
48501     0.250980
48502     0.227451
48503     0.231373
48504     0.278431
48505     0.325490
48506     0.345098
48507     0.352941
48508     0.360784
48509     0.352941
48510     0.341176
48511     0.384314
48512     0.372549
48513     0.349020
48514     0.321569
48515     0.301961
48516     0.298039
48517     0.305882
48518     0.317647
48519     0.301961
48520     0.309804
48521     0.317647
48522     0.321569
48523     0.321569
48524     0.325490
48525     0.333333
48526     0.341176
48527     0.317647
48528     0.321569
48529     0.337255
48530     0.360784
48531     0.384314
48532     0.403922
48533     0.411765
48534     0.411765
48535     0.423529
48536     0.439216
48537     0.454902
48538     0.458824
48539     0.462745
48540     0.482353
48541     0.521569
48542     0.556863
48543     0.568627
48544     0.576471
48545     0.603922
48546     0.662745
48547     0.725490
48548     0.772549
48549     0.784314
48550     0.780392
48551     0.752941
48552     0.768627
48553     0.788235
48554     0.807843
48555     0.843137
48556     0.874510
48557     0.870588
48558     0.850980
48559     0.756863
48560     0.686275
48561     0.619608
48562     0.607843
48563     0.631373
48564     0.647059
48565     0.658824
48566     0.670588
48567     0.721569
48568     0.737255
48569     0.749020
48570     0.752941
48571     0.741176
48572     0.733333
48573     0.741176
48574     0.749020
48575     0.756863
48576     0.760784
48577     0.760784
48578     0.666667
48579     0.666667
48580     0.690196
48581     0.725490
48582     0.741176
48583     0.729412
48584     0.717647
48585     0.717647
48586     0.694118
48587     0.682353
48588     0.666667
48589     0.654902
48590     0.654902
48591     0.666667
48592     0.682353
48593     0.694118
48594     0.690196
48595     0.686275
48596     0.686275
48597     0.682353
48598     0.678431
48599     0.678431
48600     0.678431
48601     0.678431
48602     0.694118
48603     0.690196
48604     0.698039
48605     0.709804
48606     0.725490
48607     0.737255
48608     0.737255
48609     0.737255
48610     0.737255
48611     0.749020
48612     0.752941
48613     0.725490
48614     0.686275
48615     0.666667
48616     0.678431
48617     0.698039
48618     0.741176
48619     0.737255
48620     0.725490
48621     0.713726
48622     0.709804
48623     0.705882
48624     0.709804
48625     0.709804
48626     0.698039
48627     0.713726
48628     0.733333
48629     0.733333
48630     0.709804
48631     0.674510
48632     0.643137
48633     0.623529
48634     0.650980
48635     0.658824
48636     0.670588
48637     0.690196
48638     0.713726
48639     0.737255
48640     0.756863
48641     0.768627
48642     0.768627
48643     0.764706
48644     0.752941
48645     0.733333
48646     0.725490
48647     0.741176
48648     0.776471
48649     0.803922
48650     0.764706
48651     0.725490
48652     0.682353
48653     0.658824
48654     0.658824
48655     0.662745
48656     0.654902
48657     0.647059
48658     0.635294
48659     0.619608
48660     0.600000
48661     0.596078
48662     0.643137
48663     0.713726
48664     0.756863
48665     0.764706
48666     0.776471
48667     0.756863
48668     0.733333
48669     0.725490
48670     0.729412
48671     0.729412
48672     0.717647
48673     0.701961
48674     0.658824
48675     0.650980
48676     0.647059
48677     0.654902
48678     0.662745
48679     0.658824
48680     0.643137
48681     0.627451
48682     0.623529
48683     0.623529
48684     0.607843
48685     0.600000
48686     0.611765
48687     0.635294
48688     0.635294
48689     0.619608
48690     0.572549
48691     0.545098
48692     0.560784
48693     0.627451
48694     0.670588
48695     0.658824
48696     0.643137
48697     0.647059
48698     0.627451
48699     0.615686
48700     0.607843
48701     0.623529
48702     0.650980
48703     0.658824
48704     0.643137
48705     0.619608
48706     0.596078
48707     0.552941
48708     0.560784
48709     0.580392
48710     0.556863
48711     0.552941
48712     0.568627
48713     0.564706
48714     0.615686
48715     0.552941
48716     0.403922
48717     0.235294
48718     0.160784
48719     0.188235
48720     0.211765
48721     0.200000
48722     0.192157
48723     0.203922
48724     0.184314
48725     0.149020
48726     0.160784
48727     0.215686
48728     0.247059
48729     0.243137
48730     0.266667
48731     0.298039
48732     0.329412
48733     0.345098
48734     0.352941
48735     0.360784
48736     0.349020
48737     0.329412
48738     0.388235
48739     0.364706
48740     0.329412
48741     0.309804
48742     0.305882
48743     0.309804
48744     0.313726
48745     0.317647
48746     0.298039
48747     0.301961
48748     0.301961
48749     0.301961
48750     0.301961
48751     0.305882
48752     0.317647
48753     0.329412
48754     0.317647
48755     0.329412
48756     0.349020
48757     0.364706
48758     0.372549
48759     0.376471
48760     0.384314
48761     0.388235
48762     0.419608
48763     0.435294
48764     0.450980
48765     0.450980
48766     0.454902
48767     0.474510
48768     0.517647
48769     0.549020
48770     0.568627
48771     0.564706
48772     0.588235
48773     0.647059
48774     0.717647
48775     0.764706
48776     0.772549
48777     0.764706
48778     0.752941
48779     0.764706
48780     0.772549
48781     0.780392
48782     0.811765
48783     0.854902
48784     0.874510
48785     0.870588
48786     0.803922
48787     0.733333
48788     0.658824
48789     0.631373
48790     0.635294
48791     0.647059
48792     0.662745
48793     0.674510
48794     0.717647
48795     0.737255
48796     0.752941
48797     0.752941
48798     0.737255
48799     0.729412
48800     0.733333
48801     0.745098
48802     0.733333
48803     0.752941
48804     0.776471
48805     0.658824
48806     0.658824
48807     0.678431
48808     0.709804
48809     0.721569
48810     0.705882
48811     0.690196
48812     0.690196
48813     0.705882
48814     0.698039
48815     0.686275
48816     0.678431
48817     0.682353
48818     0.694118
48819     0.709804
48820     0.717647
48821     0.713726
48822     0.701961
48823     0.690196
48824     0.682353
48825     0.682353
48826     0.686275
48827     0.686275
48828     0.682353
48829     0.705882
48830     0.698039
48831     0.690196
48832     0.694118
48833     0.701961
48834     0.713726
48835     0.717647
48836     0.717647
48837     0.725490
48838     0.756863
48839     0.780392
48840     0.768627
48841     0.729412
48842     0.698039
48843     0.694118
48844     0.705882
48845     0.733333
48846     0.725490
48847     0.717647
48848     0.705882
48849     0.701961
48850     0.701961
48851     0.709804
48852     0.709804
48853     0.698039
48854     0.717647
48855     0.737255
48856     0.745098
48857     0.729412
48858     0.690196
48859     0.643137
48860     0.611765
48861     0.635294
48862     0.631373
48863     0.635294
48864     0.654902
48865     0.690196
48866     0.729412
48867     0.756863
48868     0.772549
48869     0.780392
48870     0.768627
48871     0.745098
48872     0.713726
48873     0.701961
48874     0.721569
48875     0.772549
48876     0.815686
48877     0.796078
48878     0.752941
48879     0.698039
48880     0.666667
48881     0.666667
48882     0.670588
48883     0.666667
48884     0.654902
48885     0.639216
48886     0.623529
48887     0.596078
48888     0.592157
48889     0.631373
48890     0.698039
48891     0.733333
48892     0.741176
48893     0.756863
48894     0.745098
48895     0.733333
48896     0.725490
48897     0.725490
48898     0.725490
48899     0.721569
48900     0.713726
48901     0.674510
48902     0.662745
48903     0.650980
48904     0.658824
48905     0.670588
48906     0.666667
48907     0.643137
48908     0.615686
48909     0.631373
48910     0.627451
48911     0.615686
48912     0.611765
48913     0.631373
48914     0.650980
48915     0.639216
48916     0.611765
48917     0.564706
48918     0.537255
48919     0.556863
48920     0.627451
48921     0.674510
48922     0.662745
48923     0.647059
48924     0.650980
48925     0.619608
48926     0.603922
48927     0.596078
48928     0.611765
48929     0.639216
48930     0.650980
48931     0.631373
48932     0.607843
48933     0.588235
48934     0.525490
48935     0.537255
48936     0.596078
48937     0.596078
48938     0.584314
48939     0.584314
48940     0.572549
48941     0.619608
48942     0.635294
48943     0.509804
48944     0.274510
48945     0.129412
48946     0.149020
48947     0.200000
48948     0.196078
48949     0.176471
48950     0.203922
48951     0.192157
48952     0.145098
48953     0.133333
48954     0.188235
48955     0.239216
48956     0.250980
48957     0.258824
48958     0.278431
48959     0.298039
48960     0.301961
48961     0.313726
48962     0.317647
48963     0.298039
48964     0.270588
48965     0.360784
48966     0.333333
48967     0.301961
48968     0.290196
48969     0.298039
48970     0.309804
48971     0.305882
48972     0.298039
48973     0.294118
48974     0.294118
48975     0.290196
48976     0.286275
48977     0.282353
48978     0.286275
48979     0.301961
48980     0.313726
48981     0.321569
48982     0.341176
48983     0.360784
48984     0.368627
48985     0.360784
48986     0.356863
48987     0.364706
48988     0.372549
48989     0.407843
48990     0.427451
48991     0.450980
48992     0.458824
48993     0.462745
48994     0.482353
48995     0.517647
48996     0.549020
48997     0.560784
48998     0.556863
48999     0.576471
49000     0.631373
49001     0.705882
49002     0.752941
49003     0.760784
49004     0.749020
49005     0.752941
49006     0.760784
49007     0.756863
49008     0.756863
49009     0.788235
49010     0.839216
49011     0.878431
49012     0.886275
49013     0.831373
49014     0.768627
49015     0.701961
49016     0.666667
49017     0.654902
49018     0.658824
49019     0.678431
49020     0.701961
49021     0.701961
49022     0.721569
49023     0.741176
49024     0.741176
49025     0.725490
49026     0.713726
49027     0.721569
49028     0.733333
49029     0.690196
49030     0.721569
49031     0.756863
49032     0.654902
49033     0.674510
49034     0.694118
49035     0.686275
49036     0.666667
49037     0.650980
49038     0.654902
49039     0.662745
49040     0.682353
49041     0.682353
49042     0.686275
49043     0.698039
49044     0.713726
49045     0.717647
49046     0.713726
49047     0.709804
49048     0.756863
49049     0.709804
49050     0.658824
49051     0.647059
49052     0.666667
49053     0.686275
49054     0.694118
49055     0.686275
49056     0.705882
49057     0.709804
49058     0.709804
49059     0.694118
49060     0.682353
49061     0.682353
49062     0.701961
49063     0.721569
49064     0.721569
49065     0.749020
49066     0.780392
49067     0.792157
49068     0.776471
49069     0.752941
49070     0.733333
49071     0.725490
49072     0.713726
49073     0.717647
49074     0.717647
49075     0.713726
49076     0.709804
49077     0.709804
49078     0.713726
49079     0.721569
49080     0.694118
49081     0.698039
49082     0.705882
49083     0.717647
49084     0.721569
49085     0.701961
49086     0.670588
49087     0.643137
49088     0.643137
49089     0.627451
49090     0.615686
49091     0.627451
49092     0.662745
49093     0.717647
49094     0.764706
49095     0.792157
49096     0.807843
49097     0.788235
49098     0.764706
49099     0.729412
49100     0.690196
49101     0.690196
49102     0.749020
49103     0.815686
49104     0.843137
49105     0.803922
49106     0.749020
49107     0.698039
49108     0.666667
49109     0.654902
49110     0.654902
49111     0.658824
49112     0.643137
49113     0.631373
49114     0.623529
49115     0.619608
49116     0.635294
49117     0.658824
49118     0.682353
49119     0.698039
49120     0.737255
49121     0.721569
49122     0.701961
49123     0.686275
49124     0.686275
49125     0.701961
49126     0.725490
49127     0.745098
49128     0.717647
49129     0.713726
49130     0.709804
49131     0.701961
49132     0.690196
49133     0.674510
49134     0.650980
49135     0.635294
49136     0.658824
49137     0.639216
49138     0.615686
49139     0.615686
49140     0.627451
49141     0.631373
49142     0.623529
49143     0.607843
49144     0.572549
49145     0.556863
49146     0.576471
49147     0.631373
49148     0.674510
49149     0.666667
49150     0.643137
49151     0.631373
49152     0.623529
49153     0.611765
49154     0.603922
49155     0.619608
49156     0.643137
49157     0.654902
49158     0.643137
49159     0.623529
49160     0.564706
49161     0.564706
49162     0.564706
49163     0.576471
49164     0.592157
49165     0.603922
49166     0.607843
49167     0.603922
49168     0.572549
49169     0.647059
49170     0.588235
49171     0.368627
49172     0.196078
49173     0.164706
49174     0.160784
49175     0.121569
49176     0.180392
49177     0.188235
49178     0.180392
49179     0.160784
49180     0.172549
49181     0.215686
49182     0.247059
49183     0.254902
49184     0.270588
49185     0.286275
49186     0.270588
49187     0.254902
49188     0.258824
49189     0.235294
49190     0.215686
49191     0.243137
49192     0.274510
49193     0.262745
49194     0.258824
49195     0.270588
49196     0.290196
49197     0.298039
49198     0.290196
49199     0.274510
49200     0.298039
49201     0.290196
49202     0.286275
49203     0.282353
49204     0.286275
49205     0.294118
49206     0.305882
49207     0.313726
49208     0.329412
49209     0.352941
49210     0.372549
49211     0.376471
49212     0.360784
49213     0.349020
49214     0.341176
49215     0.345098
49216     0.384314
49217     0.400000
49218     0.423529
49219     0.450980
49220     0.478431
49221     0.501961
49222     0.529412
49223     0.545098
49224     0.549020
49225     0.564706
49226     0.596078
49227     0.635294
49228     0.674510
49229     0.713726
49230     0.749020
49231     0.772549
49232     0.745098
49233     0.729412
49234     0.725490
49235     0.749020
49236     0.800000
49237     0.850980
49238     0.886275
49239     0.898039
49240     0.882353
49241     0.819608
49242     0.737255
49243     0.686275
49244     0.678431
49245     0.686275
49246     0.686275
49247     0.682353
49248     0.729412
49249     0.729412
49250     0.725490
49251     0.709804
49252     0.694118
49253     0.686275
49254     0.686275
49255     0.690196
49256     0.694118
49257     0.694118
49258     0.698039
49259     0.678431
49260     0.698039
49261     0.705882
49262     0.686275
49263     0.650980
49264     0.627451
49265     0.631373
49266     0.647059
49267     0.678431
49268     0.678431
49269     0.682353
49270     0.690196
49271     0.701961
49272     0.717647
49273     0.737255
49274     0.745098
49275     0.764706
49276     0.729412
49277     0.686275
49278     0.666667
49279     0.670588
49280     0.690196
49281     0.701961
49282     0.705882
49283     0.717647
49284     0.717647
49285     0.713726
49286     0.698039
49287     0.682353
49288     0.682353
49289     0.698039
49290     0.713726
49291     0.733333
49292     0.752941
49293     0.772549
49294     0.780392
49295     0.764706
49296     0.745098
49297     0.729412
49298     0.725490
49299     0.725490
49300     0.717647
49301     0.713726
49302     0.709804
49303     0.713726
49304     0.713726
49305     0.709804
49306     0.709804
49307     0.698039
49308     0.698039
49309     0.705882
49310     0.713726
49311     0.717647
49312     0.705882
49313     0.682353
49314     0.658824
49315     0.643137
49316     0.635294
49317     0.623529
49318     0.635294
49319     0.666667
49320     0.705882
49321     0.741176
49322     0.760784
49323     0.788235
49324     0.780392
49325     0.768627
49326     0.741176
49327     0.705882
49328     0.694118
49329     0.733333
49330     0.784314
49331     0.847059
49332     0.823529
49333     0.776471
49334     0.725490
49335     0.682353
49336     0.662745
49337     0.658824
49338     0.666667
49339     0.647059
49340     0.643137
49341     0.639216
49342     0.643137
49343     0.658824
49344     0.674510
49345     0.690196
49346     0.698039
49347     0.701961
49348     0.690196
49349     0.670588
49350     0.658824
49351     0.666667
49352     0.690196
49353     0.725490
49354     0.749020
49355     0.745098
49356     0.745098
49357     0.737255
49358     0.733333
49359     0.725490
49360     0.713726
49361     0.698039
49362     0.686275
49363     0.658824
49364     0.639216
49365     0.615686
49366     0.611765
49367     0.619608
49368     0.623529
49369     0.615686
49370     0.603922
49371     0.568627
49372     0.556863
49373     0.580392
49374     0.635294
49375     0.670588
49376     0.658824
49377     0.627451
49378     0.607843
49379     0.619608
49380     0.623529
49381     0.635294
49382     0.643137
49383     0.647059
49384     0.643137
49385     0.631373
49386     0.623529
49387     0.580392
49388     0.568627
49389     0.564706
49390     0.576471
49391     0.603922
49392     0.619608
49393     0.619608
49394     0.615686
49395     0.584314
49396     0.635294
49397     0.631373
49398     0.517647
49399     0.341176
49400     0.207843
49401     0.149020
49402     0.137255
49403     0.172549
49404     0.184314
49405     0.180392
49406     0.164706
49407     0.176471
49408     0.223529
49409     0.262745
49410     0.278431
49411     0.266667
49412     0.274510
49413     0.243137
49414     0.223529
49415     0.239216
49416     0.223529
49417     0.203922
49418     0.231373
49419     0.227451
49420     0.223529
49421     0.227451
49422     0.247059
49423     0.270588
49424     0.282353
49425     0.278431
49426     0.266667
49427     0.294118
49428     0.294118
49429     0.290196
49430     0.286275
49431     0.286275
49432     0.290196
49433     0.298039
49434     0.301961
49435     0.321569
49436     0.345098
49437     0.368627
49438     0.372549
49439     0.364706
49440     0.356863
49441     0.356863
49442     0.364706
49443     0.368627
49444     0.392157
49445     0.423529
49446     0.447059
49447     0.466667
49448     0.490196
49449     0.517647
49450     0.537255
49451     0.545098
49452     0.556863
49453     0.576471
49454     0.603922
49455     0.643137
49456     0.690196
49457     0.733333
49458     0.760784
49459     0.737255
49460     0.725490
49461     0.721569
49462     0.733333
49463     0.764706
49464     0.807843
49465     0.843137
49466     0.862745
49467     0.874510
49468     0.823529
49469     0.756863
49470     0.705882
49471     0.690196
49472     0.694118
49473     0.701961
49474     0.701961
49475     0.725490
49476     0.729412
49477     0.725490
49478     0.717647
49479     0.698039
49480     0.686275
49481     0.682353
49482     0.682353
49483     0.670588
49484     0.670588
49485     0.670588
49486     0.705882
49487     0.725490
49488     0.737255
49489     0.705882
49490     0.654902
49491     0.623529
49492     0.627451
49493     0.647059
49494     0.686275
49495     0.694118
49496     0.698039
49497     0.698039
49498     0.701961
49499     0.725490
49500     0.760784
49501     0.788235
49502     0.780392
49503     0.764706
49504     0.733333
49505     0.698039
49506     0.678431
49507     0.674510
49508     0.682353
49509     0.694118
49510     0.717647
49511     0.721569
49512     0.717647
49513     0.701961
49514     0.682353
49515     0.678431
49516     0.690196
49517     0.705882
49518     0.737255
49519     0.752941
49520     0.764706
49521     0.764706
49522     0.756863
49523     0.737255
49524     0.725490
49525     0.717647
49526     0.729412
49527     0.709804
49528     0.698039
49529     0.701961
49530     0.717647
49531     0.725490
49532     0.709804
49533     0.694118
49534     0.694118
49535     0.694118
49536     0.694118
49537     0.698039
49538     0.701961
49539     0.701961
49540     0.686275
49541     0.678431
49542     0.647059
49543     0.639216
49544     0.631373
49545     0.635294
49546     0.654902
49547     0.678431
49548     0.698039
49549     0.705882
49550     0.749020
49551     0.756863
49552     0.764706
49553     0.756863
49554     0.725490
49555     0.701961
49556     0.713726
49557     0.749020
49558     0.831373
49559     0.823529
49560     0.800000
49561     0.749020
49562     0.694118
49563     0.662745
49564     0.658824
49565     0.670588
49566     0.666667
49567     0.662745
49568     0.658824
49569     0.670588
49570     0.682353
49571     0.694118
49572     0.701961
49573     0.698039
49574     0.678431
49575     0.666667
49576     0.647059
49577     0.631373
49578     0.635294
49579     0.658824
49580     0.698039
49581     0.729412
49582     0.752941
49583     0.752941
49584     0.749020
49585     0.745098
49586     0.741176
49587     0.733333
49588     0.729412
49589     0.729412
49590     0.670588
49591     0.647059
49592     0.619608
49593     0.607843
49594     0.611765
49595     0.615686
49596     0.607843
49597     0.603922
49598     0.572549
49599     0.568627
49600     0.588235
49601     0.635294
49602     0.662745
49603     0.650980
49604     0.623529
49605     0.600000
49606     0.611765
49607     0.631373
49608     0.650980
49609     0.654902
49610     0.643137
49611     0.627451
49612     0.619608
49613     0.615686
49614     0.588235
49615     0.564706
49616     0.552941
49617     0.564706
49618     0.600000
49619     0.627451
49620     0.623529
49621     0.611765
49622     0.607843
49623     0.611765
49624     0.647059
49625     0.635294
49626     0.478431
49627     0.254902
49628     0.149020
49629     0.160784
49630     0.180392
49631     0.192157
49632     0.192157
49633     0.180392
49634     0.188235
49635     0.223529
49636     0.266667
49637     0.290196
49638     0.262745
49639     0.258824
49640     0.211765
49641     0.188235
49642     0.215686
49643     0.215686
49644     0.203922
49645     0.223529
49646     0.215686
49647     0.223529
49648     0.239216
49649     0.262745
49650     0.290196
49651     0.301961
49652     0.305882
49653     0.301961
49654     0.294118
49655     0.294118
49656     0.290196
49657     0.290196
49658     0.290196
49659     0.286275
49660     0.286275
49661     0.286275
49662     0.313726
49663     0.333333
49664     0.356863
49665     0.368627
49666     0.364706
49667     0.364706
49668     0.368627
49669     0.380392
49670     0.356863
49671     0.384314
49672     0.423529
49673     0.447059
49674     0.458824
49675     0.478431
49676     0.509804
49677     0.537255
49678     0.552941
49679     0.556863
49680     0.560784
49681     0.580392
49682     0.619608
49683     0.666667
49684     0.709804
49685     0.737255
49686     0.729412
49687     0.733333
49688     0.737255
49689     0.737255
49690     0.745098
49691     0.768627
49692     0.807843
49693     0.835294
49694     0.854902
49695     0.823529
49696     0.776471
49697     0.729412
49698     0.701961
49699     0.698039
49700     0.705882
49701     0.713726
49702     0.705882
49703     0.713726
49704     0.721569
49705     0.713726
49706     0.698039
49707     0.682353
49708     0.670588
49709     0.670588
49710     0.654902
49711     0.650980
49712     0.650980
49713     0.709804
49714     0.741176
49715     0.764706
49716     0.741176
49717     0.694118
49718     0.658824
49719     0.658824
49720     0.674510
49721     0.709804
49722     0.721569
49723     0.729412
49724     0.721569
49725     0.713726
49726     0.725490
49727     0.760784
49728     0.792157
49729     0.788235
49730     0.788235
49731     0.776471
49732     0.741176
49733     0.694118
49734     0.662745
49735     0.654902
49736     0.658824
49737     0.709804
49738     0.713726
49739     0.713726
49740     0.701961
49741     0.686275
49742     0.682353
49743     0.694118
49744     0.709804
49745     0.733333
49746     0.741176
49747     0.756863
49748     0.760784
49749     0.752941
49750     0.733333
49751     0.717647
49752     0.701961
49753     0.713726
49754     0.690196
49755     0.674510
49756     0.690196
49757     0.721569
49758     0.733333
49759     0.717647
49760     0.690196
49761     0.686275
49762     0.686275
49763     0.682353
49764     0.682353
49765     0.686275
49766     0.690196
49767     0.690196
49768     0.694118
49769     0.658824
49770     0.643137
49771     0.623529
49772     0.619608
49773     0.627451
49774     0.639216
49775     0.650980
49776     0.658824
49777     0.698039
49778     0.717647
49779     0.752941
49780     0.768627
49781     0.749020
49782     0.713726
49783     0.705882
49784     0.721569
49785     0.792157
49786     0.803922
49787     0.800000
49788     0.756863
49789     0.698039
49790     0.658824
49791     0.662745
49792     0.678431
49793     0.690196
49794     0.678431
49795     0.670588
49796     0.674510
49797     0.690196
49798     0.705882
49799     0.709804
49800     0.705882
49801     0.686275
49802     0.674510
49803     0.647059
49804     0.619608
49805     0.607843
49806     0.623529
49807     0.658824
49808     0.690196
49809     0.729412
49810     0.729412
49811     0.729412
49812     0.725490
49813     0.721569
49814     0.721569
49815     0.729412
49816     0.737255
49817     0.690196
49818     0.670588
49819     0.643137
49820     0.623529
49821     0.619608
49822     0.615686
49823     0.611765
49824     0.607843
49825     0.592157
49826     0.588235
49827     0.600000
49828     0.627451
49829     0.654902
49830     0.658824
49831     0.643137
49832     0.627451
49833     0.619608
49834     0.623529
49835     0.631373
49836     0.631373
49837     0.631373
49838     0.623529
49839     0.623529
49840     0.619608
49841     0.592157
49842     0.560784
49843     0.533333
49844     0.545098
49845     0.584314
49846     0.615686
49847     0.615686
49848     0.600000
49849     0.615686
49850     0.588235
49851     0.607843
49852     0.627451
49853     0.513726
49854     0.301961
49855     0.176471
49856     0.172549
49857     0.184314
49858     0.192157
49859     0.196078
49860     0.192157
49861     0.192157
49862     0.215686
49863     0.247059
49864     0.266667
49865     0.250980
49866     0.243137
49867     0.188235
49868     0.156863
49869     0.196078
49870     0.219608
49871     0.211765
49872     0.227451
49873     0.231373
49874     0.247059
49875     0.274510
49876     0.301961
49877     0.321569
49878     0.333333
49879     0.337255
49880     0.341176
49881     0.294118
49882     0.294118
49883     0.294118
49884     0.294118
49885     0.290196
49886     0.286275
49887     0.278431
49888     0.274510
49889     0.305882
49890     0.325490
49891     0.345098
49892     0.352941
49893     0.349020
49894     0.352941
49895     0.364706
49896     0.376471
49897     0.349020
49898     0.380392
49899     0.419608
49900     0.439216
49901     0.447059
49902     0.466667
49903     0.498039
49904     0.529412
49905     0.564706
49906     0.560784
49907     0.564706
49908     0.584314
49909     0.615686
49910     0.654902
49911     0.682353
49912     0.698039
49913     0.694118
49914     0.721569
49915     0.749020
49916     0.752941
49917     0.741176
49918     0.749020
49919     0.780392
49920     0.815686
49921     0.839216
49922     0.823529
49923     0.796078
49924     0.752941
49925     0.713726
49926     0.694118
49927     0.698039
49928     0.705882
49929     0.690196
49930     0.701961
49931     0.713726
49932     0.709804
49933     0.694118
49934     0.678431
49935     0.662745
49936     0.654902
49937     0.658824
49938     0.658824
49939     0.658824
49940     0.682353
49941     0.721569
49942     0.760784
49943     0.760784
49944     0.729412
49945     0.698039
49946     0.694118
49947     0.701961
49948     0.725490
49949     0.737255
49950     0.749020
49951     0.737255
49952     0.713726
49953     0.709804
49954     0.721569
49955     0.741176
49956     0.772549
49957     0.784314
49958     0.792157
49959     0.772549
49960     0.737255
49961     0.694118
49962     0.662745
49963     0.647059
49964     0.690196
49965     0.698039
49966     0.701961
49967     0.698039
49968     0.686275
49969     0.682353
49970     0.698039
49971     0.713726
49972     0.717647
49973     0.729412
49974     0.745098
49975     0.756863
49976     0.752941
49977     0.733333
49978     0.705882
49979     0.690196
49980     0.686275
49981     0.662745
49982     0.654902
49983     0.678431
49984     0.725490
49985     0.745098
49986     0.729412
49987     0.698039
49988     0.694118
49989     0.690196
49990     0.686275
49991     0.682353
49992     0.682353
49993     0.690196
49994     0.701961
49995     0.713726
49996     0.678431
49997     0.650980
49998     0.619608
49999     0.600000
50000     0.596078
50001     0.607843
50002     0.619608
50003     0.627451
50004     0.647059
50005     0.678431
50006     0.729412
50007     0.768627
50008     0.756863
50009     0.721569
50010     0.705882
50011     0.709804
50012     0.756863
50013     0.776471
50014     0.784314
50015     0.752941
50016     0.701961
50017     0.670588
50018     0.682353
50019     0.705882
50020     0.713726
50021     0.690196
50022     0.666667
50023     0.666667
50024     0.682353
50025     0.701961
50026     0.709804
50027     0.709804
50028     0.690196
50029     0.682353
50030     0.658824
50031     0.623529
50032     0.600000
50033     0.607843
50034     0.639216
50035     0.670588
50036     0.717647
50037     0.717647
50038     0.713726
50039     0.705882
50040     0.701961
50041     0.709804
50042     0.725490
50043     0.745098
50044     0.717647
50045     0.701961
50046     0.674510
50047     0.650980
50048     0.639216
50049     0.627451
50050     0.623529
50051     0.619608
50052     0.619608
50053     0.611765
50054     0.607843
50055     0.615686
50056     0.643137
50057     0.666667
50058     0.678431
50059     0.674510
50060     0.650980
50061     0.627451
50062     0.603922
50063     0.603922
50064     0.627451
50065     0.647059
50066     0.654902
50067     0.654902
50068     0.615686
50069     0.576471
50070     0.537255
50071     0.541176
50072     0.580392
50073     0.607843
50074     0.611765
50075     0.600000
50076     0.596078
50077     0.576471
50078     0.572549
50079     0.568627
50080     0.513726
50081     0.388235
50082     0.254902
50083     0.176471
50084     0.164706
50085     0.160784
50086     0.164706
50087     0.172549
50088     0.184314
50089     0.196078
50090     0.211765
50091     0.223529
50092     0.223529
50093     0.223529
50094     0.168627
50095     0.133333
50096     0.172549
50097     0.207843
50098     0.207843
50099     0.215686
50100     0.235294
50101     0.262745
50102     0.298039
50103     0.321569
50104     0.329412
50105     0.329412
50106     0.337255
50107     0.341176
50108     0.298039
50109     0.298039
50110     0.298039
50111     0.298039
50112     0.290196
50113     0.286275
50114     0.278431
50115     0.274510
50116     0.301961
50117     0.313726
50118     0.329412
50119     0.333333
50120     0.329412
50121     0.329412
50122     0.341176
50123     0.356863
50124     0.337255
50125     0.360784
50126     0.392157
50127     0.407843
50128     0.419608
50129     0.439216
50130     0.470588
50131     0.498039
50132     0.545098
50133     0.545098
50134     0.556863
50135     0.584314
50136     0.611765
50137     0.635294
50138     0.643137
50139     0.643137
50140     0.631373
50141     0.682353
50142     0.737255
50143     0.756863
50144     0.745098
50145     0.741176
50146     0.768627
50147     0.800000
50148     0.839216
50149     0.839216
50150     0.823529
50151     0.784314
50152     0.737255
50153     0.709804
50154     0.701961
50155     0.705882
50156     0.694118
50157     0.705882
50158     0.721569
50159     0.721569
50160     0.705882
50161     0.686275
50162     0.670588
50163     0.662745
50164     0.670588
50165     0.670588
50166     0.674510
50167     0.650980
50168     0.686275
50169     0.729412
50170     0.745098
50171     0.737255
50172     0.721569
50173     0.713726
50174     0.717647
50175     0.725490
50176     0.733333
50177     0.741176
50178     0.729412
50179     0.705882
50180     0.686275
50181     0.678431
50182     0.682353
50183     0.737255
50184     0.749020
50185     0.764706
50186     0.780392
50187     0.776471
50188     0.749020
50189     0.705882
50190     0.670588
50191     0.674510
50192     0.686275
50193     0.694118
50194     0.690196
50195     0.682353
50196     0.682353
50197     0.694118
50198     0.709804
50199     0.713726
50200     0.717647
50201     0.729412
50202     0.741176
50203     0.745098
50204     0.733333
50205     0.705882
50206     0.690196
50207     0.670588
50208     0.654902
50209     0.650980
50210     0.686275
50211     0.733333
50212     0.756863
50213     0.741176
50214     0.717647
50215     0.701961
50216     0.701961
50217     0.698039
50218     0.690196
50219     0.690196
50220     0.698039
50221     0.713726
50222     0.729412
50223     0.698039
50224     0.670588
50225     0.631373
50226     0.603922
50227     0.596078
50228     0.603922
50229     0.611765
50230     0.615686
50231     0.619608
50232     0.650980
50233     0.705882
50234     0.752941
50235     0.756863
50236     0.725490
50237     0.705882
50238     0.709804
50239     0.741176
50240     0.760784
50241     0.768627
50242     0.745098
50243     0.705882
50244     0.686275
50245     0.705882
50246     0.733333
50247     0.725490
50248     0.698039
50249     0.666667
50250     0.658824
50251     0.678431
50252     0.701961
50253     0.705882
50254     0.705882
50255     0.674510
50256     0.674510
50257     0.658824
50258     0.631373
50259     0.611765
50260     0.615686
50261     0.650980
50262     0.682353
50263     0.725490
50264     0.725490
50265     0.721569
50266     0.705882
50267     0.698039
50268     0.705882
50269     0.733333
50270     0.756863
50271     0.741176
50272     0.729412
50273     0.709804
50274     0.686275
50275     0.662745
50276     0.643137
50277     0.631373
50278     0.627451
50279     0.631373
50280     0.627451
50281     0.611765
50282     0.603922
50283     0.627451
50284     0.666667
50285     0.694118
50286     0.698039
50287     0.686275
50288     0.647059
50289     0.607843
50290     0.603922
50291     0.635294
50292     0.674510
50293     0.694118
50294     0.701961
50295     0.654902
50296     0.615686
50297     0.572549
50298     0.564706
50299     0.588235
50300     0.611765
50301     0.619608
50302     0.615686
50303     0.576471
50304     0.596078
50305     0.584314
50306     0.549020
50307     0.533333
50308     0.490196
50309     0.368627
50310     0.239216
50311     0.160784
50312     0.133333
50313     0.121569
50314     0.137255
50315     0.160784
50316     0.172549
50317     0.180392
50318     0.192157
50319     0.207843
50320     0.219608
50321     0.172549
50322     0.125490
50323     0.156863
50324     0.188235
50325     0.184314
50326     0.192157
50327     0.243137
50328     0.278431
50329     0.321569
50330     0.341176
50331     0.337255
50332     0.329412
50333     0.333333
50334     0.341176
50335     0.305882
50336     0.301961
50337     0.298039
50338     0.298039
50339     0.294118
50340     0.290196
50341     0.286275
50342     0.286275
50343     0.294118
50344     0.305882
50345     0.317647
50346     0.313726
50347     0.305882
50348     0.309804
50349     0.325490
50350     0.341176
50351     0.333333
50352     0.341176
50353     0.352941
50354     0.364706
50355     0.384314
50356     0.407843
50357     0.439216
50358     0.458824
50359     0.494118
50360     0.501961
50361     0.525490
50362     0.560784
50363     0.592157
50364     0.607843
50365     0.600000
50366     0.588235
50367     0.596078
50368     0.658824
50369     0.729412
50370     0.760784
50371     0.756863
50372     0.756863
50373     0.784314
50374     0.811765
50375     0.850980
50376     0.854902
50377     0.847059
50378     0.819608
50379     0.780392
50380     0.745098
50381     0.725490
50382     0.717647
50383     0.713726
50384     0.725490
50385     0.737255
50386     0.737255
50387     0.725490
50388     0.705882
50389     0.694118
50390     0.686275
50391     0.678431
50392     0.682353
50393     0.682353
50394     0.650980
50395     0.670588
50396     0.694118
50397     0.713726
50398     0.725490
50399     0.725490
50400     0.721569
50401     0.721569
50402     0.725490
50403     0.725490
50404     0.725490
50405     0.717647
50406     0.701961
50407     0.686275
50408     0.674510
50409     0.666667
50410     0.713726
50411     0.705882
50412     0.713726
50413     0.749020
50414     0.784314
50415     0.776471
50416     0.729412
50417     0.682353
50418     0.670588
50419     0.682353
50420     0.690196
50421     0.686275
50422     0.674510
50423     0.670588
50424     0.682353
50425     0.694118
50426     0.717647
50427     0.713726
50428     0.709804
50429     0.717647
50430     0.725490
50431     0.725490
50432     0.713726
50433     0.701961
50434     0.674510
50435     0.666667
50436     0.670588
50437     0.701961
50438     0.741176
50439     0.760784
50440     0.752941
50441     0.733333
50442     0.698039
50443     0.701961
50444     0.698039
50445     0.690196
50446     0.682353
50447     0.690196
50448     0.709804
50449     0.725490
50450     0.717647
50451     0.694118
50452     0.662745
50453     0.639216
50454     0.627451
50455     0.623529
50456     0.623529
50457     0.623529
50458     0.611765
50459     0.639216
50460     0.690196
50461     0.737255
50462     0.745098
50463     0.717647
50464     0.701961
50465     0.705882
50466     0.737255
50467     0.745098
50468     0.745098
50469     0.721569
50470     0.694118
50471     0.686275
50472     0.713726
50473     0.741176
50474     0.729412
50475     0.698039
50476     0.670588
50477     0.670588
50478     0.690196
50479     0.705882
50480     0.701961
50481     0.690196
50482     0.658824
50483     0.666667
50484     0.666667
50485     0.643137
50486     0.623529
50487     0.627451
50488     0.658824
50489     0.690196
50490     0.733333
50491     0.729412
50492     0.721569
50493     0.701961
50494     0.686275
50495     0.694118
50496     0.729412
50497     0.756863
50498     0.756863
50499     0.749020
50500     0.733333
50501     0.709804
50502     0.682353
50503     0.654902
50504     0.639216
50505     0.631373
50506     0.627451
50507     0.631373
50508     0.615686
50509     0.596078
50510     0.611765
50511     0.654902
50512     0.682353
50513     0.682353
50514     0.694118
50515     0.662745
50516     0.627451
50517     0.615686
50518     0.635294
50519     0.674510
50520     0.709804
50521     0.733333
50522     0.694118
50523     0.654902
50524     0.611765
50525     0.588235
50526     0.592157
50527     0.611765
50528     0.627451
50529     0.631373
50530     0.603922
50531     0.635294
50532     0.611765
50533     0.552941
50534     0.549020
50535     0.564706
50536     0.494118
50537     0.376471
50538     0.227451
50539     0.164706
50540     0.113725
50541     0.117647
50542     0.145098
50543     0.156863
50544     0.164706
50545     0.172549
50546     0.219608
50547     0.247059
50548     0.207843
50549     0.149020
50550     0.160784
50551     0.180392
50552     0.168627
50553     0.168627
50554     0.243137
50555     0.286275
50556     0.333333
50557     0.352941
50558     0.345098
50559     0.329412
50560     0.337255
50561     0.349020
50562     0.309804
50563     0.305882
50564     0.301961
50565     0.294118
50566     0.294118
50567     0.294118
50568     0.298039
50569     0.298039
50570     0.286275
50571     0.298039
50572     0.305882
50573     0.301961
50574     0.298039
50575     0.301961
50576     0.321569
50577     0.341176
50578     0.349020
50579     0.337255
50580     0.329412
50581     0.337255
50582     0.364706
50583     0.396078
50584     0.419608
50585     0.431373
50586     0.447059
50587     0.454902
50588     0.482353
50589     0.529412
50590     0.572549
50591     0.592157
50592     0.584314
50593     0.572549
50594     0.568627
50595     0.627451
50596     0.694118
50597     0.729412
50598     0.737255
50599     0.749020
50600     0.784314
50601     0.815686
50602     0.843137
50603     0.847059
50604     0.850980
50605     0.839216
50606     0.811765
50607     0.776471
50608     0.749020
50609     0.729412
50610     0.721569
50611     0.729412
50612     0.741176
50613     0.741176
50614     0.729412
50615     0.713726
50616     0.701961
50617     0.698039
50618     0.694118
50619     0.694118
50620     0.694118
50621     0.670588
50622     0.674510
50623     0.682353
50624     0.698039
50625     0.713726
50626     0.725490
50627     0.725490
50628     0.725490
50629     0.733333
50630     0.725490
50631     0.717647
50632     0.709804
50633     0.709804
50634     0.701961
50635     0.690196
50636     0.682353
50637     0.701961
50638     0.678431
50639     0.670588
50640     0.709804
50641     0.764706
50642     0.772549
50643     0.725490
50644     0.670588
50645     0.674510
50646     0.686275
50647     0.690196
50648     0.686275
50649     0.670588
50650     0.662745
50651     0.670588
50652     0.682353
50653     0.729412
50654     0.713726
50655     0.698039
50656     0.694118
50657     0.705882
50658     0.721569
50659     0.721569
50660     0.721569
50661     0.686275
50662     0.682353
50663     0.686275
50664     0.713726
50665     0.749020
50666     0.764706
50667     0.756863
50668     0.741176
50669     0.686275
50670     0.686275
50671     0.686275
50672     0.678431
50673     0.670588
50674     0.674510
50675     0.694118
50676     0.709804
50677     0.729412
50678     0.713726
50679     0.690196
50680     0.670588
50681     0.658824
50682     0.650980
50683     0.639216
50684     0.631373
50685     0.619608
50686     0.639216
50687     0.686275
50688     0.729412
50689     0.733333
50690     0.709804
50691     0.698039
50692     0.698039
50693     0.729412
50694     0.733333
50695     0.721569
50696     0.694118
50697     0.674510
50698     0.674510
50699     0.701961
50700     0.733333
50701     0.725490
50702     0.698039
50703     0.678431
50704     0.682353
50705     0.701961
50706     0.713726
50707     0.698039
50708     0.678431
50709     0.658824
50710     0.670588
50711     0.674510
50712     0.650980
50713     0.627451
50714     0.627451
50715     0.654902
50716     0.682353
50717     0.721569
50718     0.721569
50719     0.709804
50720     0.682353
50721     0.666667
50722     0.674510
50723     0.709804
50724     0.741176
50725     0.760784
50726     0.756863
50727     0.745098
50728     0.721569
50729     0.690196
50730     0.658824
50731     0.639216
50732     0.627451
50733     0.619608
50734     0.627451
50735     0.615686
50736     0.592157
50737     0.603922
50738     0.639216
50739     0.662745
50740     0.654902
50741     0.682353
50742     0.666667
50743     0.643137
50744     0.623529
50745     0.627451
50746     0.654902
50747     0.701961
50748     0.737255
50749     0.709804
50750     0.674510
50751     0.631373
50752     0.600000
50753     0.592157
50754     0.603922
50755     0.623529
50756     0.635294
50757     0.650980
50758     0.670588
50759     0.627451
50760     0.552941
50761     0.545098
50762     0.588235
50763     0.572549
50764     0.509804
50765     0.313726
50766     0.223529
50767     0.137255
50768     0.121569
50769     0.141176
50770     0.152941
50771     0.156863
50772     0.160784
50773     0.243137
50774     0.282353
50775     0.247059
50776     0.180392
50777     0.176471
50778     0.184314
50779     0.164706
50780     0.164706
50781     0.223529
50782     0.270588
50783     0.325490
50784     0.345098
50785     0.333333
50786     0.317647
50787     0.325490
50788     0.337255
50789     0.317647
50790     0.309804
50791     0.301961
50792     0.294118
50793     0.290196
50794     0.298039
50795     0.301961
50796     0.309804
50797     0.282353
50798     0.290196
50799     0.298039
50800     0.298039
50801     0.294118
50802     0.301961
50803     0.325490
50804     0.345098
50805     0.368627
50806     0.345098
50807     0.325490
50808     0.333333
50809     0.364706
50810     0.403922
50811     0.423529
50812     0.431373
50813     0.423529
50814     0.431373
50815     0.458824
50816     0.509804
50817     0.560784
50818     0.592157
50819     0.592157
50820     0.580392
50821     0.529412
50822     0.576471
50823     0.635294
50824     0.670588
50825     0.682353
50826     0.705882
50827     0.749020
50828     0.784314
50829     0.827451
50830     0.831373
50831     0.839216
50832     0.839216
50833     0.823529
50834     0.792157
50835     0.756863
50836     0.733333
50837     0.713726
50838     0.725490
50839     0.733333
50840     0.729412
50841     0.717647
50842     0.705882
50843     0.698039
50844     0.694118
50845     0.709804
50846     0.705882
50847     0.705882
50848     0.690196
50849     0.674510
50850     0.662745
50851     0.678431
50852     0.705882
50853     0.729412
50854     0.729412
50855     0.717647
50856     0.713726
50857     0.709804
50858     0.705882
50859     0.705882
50860     0.713726
50861     0.713726
50862     0.709804
50863     0.705882
50864     0.709804
50865     0.674510
50866     0.647059
50867     0.654902
50868     0.694118
50869     0.725490
50870     0.725490
50871     0.713726
50872     0.674510
50873     0.686275
50874     0.698039
50875     0.694118
50876     0.682353
50877     0.674510
50878     0.678431
50879     0.686275
50880     0.698039
50881     0.705882
50882     0.701961
50883     0.690196
50884     0.698039
50885     0.721569
50886     0.733333
50887     0.729412
50888     0.694118
50889     0.690196
50890     0.694118
50891     0.705882
50892     0.725490
50893     0.741176
50894     0.749020
50895     0.749020
50896     0.698039
50897     0.682353
50898     0.674510
50899     0.670588
50900     0.658824
50901     0.647059
50902     0.658824
50903     0.682353
50904     0.709804
50905     0.721569
50906     0.733333
50907     0.733333
50908     0.713726
50909     0.678431
50910     0.639216
50911     0.611765
50912     0.615686
50913     0.603922
50914     0.627451
50915     0.686275
50916     0.737255
50917     0.749020
50918     0.729412
50919     0.717647
50920     0.737255
50921     0.717647
50922     0.690196
50923     0.658824
50924     0.643137
50925     0.654902
50926     0.682353
50927     0.705882
50928     0.709804
50929     0.694118
50930     0.682353
50931     0.690196
50932     0.709804
50933     0.713726
50934     0.698039
50935     0.678431
50936     0.701961
50937     0.694118
50938     0.678431
50939     0.654902
50940     0.639216
50941     0.635294
50942     0.643137
50943     0.654902
50944     0.698039
50945     0.709804
50946     0.709804
50947     0.698039
50948     0.678431
50949     0.678431
50950     0.701961
50951     0.725490
50952     0.749020
50953     0.760784
50954     0.772549
50955     0.764706
50956     0.729412
50957     0.682353
50958     0.639216
50959     0.615686
50960     0.631373
50961     0.623529
50962     0.615686
50963     0.615686
50964     0.619608
50965     0.635294
50966     0.650980
50967     0.658824
50968     0.666667
50969     0.658824
50970     0.650980
50971     0.643137
50972     0.647059
50973     0.662745
50974     0.678431
50975     0.690196
50976     0.701961
50977     0.698039
50978     0.678431
50979     0.639216
50980     0.607843
50981     0.600000
50982     0.623529
50983     0.647059
50984     0.678431
50985     0.686275
50986     0.650980
50987     0.588235
50988     0.568627
50989     0.600000
50990     0.611765
50991     0.592157
50992     0.498039
50993     0.364706
50994     0.200000
50995     0.105882
50996     0.090196
50997     0.117647
50998     0.160784
50999     0.192157
51000     0.223529
51001     0.235294
51002     0.223529
51003     0.196078
51004     0.180392
51005     0.184314
51006     0.184314
51007     0.180392
51008     0.247059
51009     0.266667
51010     0.282353
51011     0.290196
51012     0.309804
51013     0.329412
51014     0.321569
51015     0.301961
51016     0.294118
51017     0.301961
51018     0.309804
51019     0.309804
51020     0.301961
51021     0.298039
51022     0.298039
51023     0.301961
51024     0.294118
51025     0.294118
51026     0.294118
51027     0.301961
51028     0.309804
51029     0.325490
51030     0.337255
51031     0.345098
51032     0.360784
51033     0.349020
51034     0.337255
51035     0.341176
51036     0.364706
51037     0.392157
51038     0.411765
51039     0.423529
51040     0.443137
51041     0.466667
51042     0.498039
51043     0.517647
51044     0.533333
51045     0.549020
51046     0.572549
51047     0.592157
51048     0.513726
51049     0.533333
51050     0.568627
51051     0.603922
51052     0.619608
51053     0.643137
51054     0.694118
51055     0.749020
51056     0.807843
51057     0.850980
51058     0.866667
51059     0.843137
51060     0.827451
51061     0.827451
51062     0.788235
51063     0.737255
51064     0.729412
51065     0.717647
51066     0.705882
51067     0.701961
51068     0.709804
51069     0.713726
51070     0.713726
51071     0.709804
51072     0.709804
51073     0.705882
51074     0.701961
51075     0.694118
51076     0.678431
51077     0.666667
51078     0.678431
51079     0.705882
51080     0.725490
51081     0.725490
51082     0.713726
51083     0.698039
51084     0.698039
51085     0.694118
51086     0.701961
51087     0.713726
51088     0.721569
51089     0.721569
51090     0.717647
51091     0.721569
51092     0.694118
51093     0.666667
51094     0.666667
51095     0.690196
51096     0.713726
51097     0.717647
51098     0.709804
51099     0.686275
51100     0.698039
51101     0.709804
51102     0.705882
51103     0.694118
51104     0.686275
51105     0.690196
51106     0.698039
51107     0.694118
51108     0.705882
51109     0.705882
51110     0.698039
51111     0.705882
51112     0.725490
51113     0.733333
51114     0.729412
51115     0.698039
51116     0.694118
51117     0.694118
51118     0.705882
51119     0.721569
51120     0.737255
51121     0.745098
51122     0.745098
51123     0.698039
51124     0.682353
51125     0.670588
51126     0.666667
51127     0.654902
51128     0.643137
51129     0.650980
51130     0.674510
51131     0.717647
51132     0.729412
51133     0.741176
51134     0.745098
51135     0.729412
51136     0.694118
51137     0.654902
51138     0.627451
51139     0.615686
51140     0.603922
51141     0.619608
51142     0.678431
51143     0.729412
51144     0.741176
51145     0.729412
51146     0.717647
51147     0.721569
51148     0.705882
51149     0.682353
51150     0.654902
51151     0.647059
51152     0.662745
51153     0.694118
51154     0.721569
51155     0.713726
51156     0.698039
51157     0.686275
51158     0.694118
51159     0.713726
51160     0.717647
51161     0.701961
51162     0.682353
51163     0.694118
51164     0.686275
51165     0.670588
51166     0.647059
51167     0.631373
51168     0.627451
51169     0.635294
51170     0.647059
51171     0.682353
51172     0.694118
51173     0.701961
51174     0.686275
51175     0.666667
51176     0.662745
51177     0.682353
51178     0.701961
51179     0.737255
51180     0.752941
51181     0.768627
51182     0.760784
51183     0.729412
51184     0.682353
51185     0.639216
51186     0.615686
51187     0.623529
51188     0.623529
51189     0.619608
51190     0.619608
51191     0.627451
51192     0.639216
51193     0.647059
51194     0.654902
51195     0.662745
51196     0.658824
51197     0.650980
51198     0.650980
51199     0.654902
51200     0.662745
51201     0.678431
51202     0.686275
51203     0.705882
51204     0.701961
51205     0.682353
51206     0.650980
51207     0.623529
51208     0.615686
51209     0.635294
51210     0.654902
51211     0.682353
51212     0.690196
51213     0.654902
51214     0.596078
51215     0.572549
51216     0.600000
51217     0.611765
51218     0.596078
51219     0.600000
51220     0.498039
51221     0.360784
51222     0.235294
51223     0.149020
51224     0.117647
51225     0.137255
51226     0.172549
51227     0.184314
51228     0.200000
51229     0.200000
51230     0.180392
51231     0.172549
51232     0.180392
51233     0.180392
51234     0.176471
51235     0.219608
51236     0.235294
51237     0.250980
51238     0.262745
51239     0.282353
51240     0.298039
51241     0.294118
51242     0.274510
51243     0.294118
51244     0.301961
51245     0.309804
51246     0.309804
51247     0.301961
51248     0.298039
51249     0.298039
51250     0.301961
51251     0.309804
51252     0.309804
51253     0.313726
51254     0.317647
51255     0.329412
51256     0.341176
51257     0.352941
51258     0.360784
51259     0.360784
51260     0.349020
51261     0.341176
51262     0.345098
51263     0.364706
51264     0.392157
51265     0.411765
51266     0.423529
51267     0.439216
51268     0.462745
51269     0.486275
51270     0.505882
51271     0.517647
51272     0.537255
51273     0.568627
51274     0.588235
51275     0.564706
51276     0.572549
51277     0.596078
51278     0.611765
51279     0.611765
51280     0.615686
51281     0.654902
51282     0.701961
51283     0.784314
51284     0.835294
51285     0.862745
51286     0.843137
51287     0.839216
51288     0.843137
51289     0.803922
51290     0.749020
51291     0.698039
51292     0.686275
51293     0.674510
51294     0.674510
51295     0.686275
51296     0.698039
51297     0.705882
51298     0.709804
51299     0.717647
51300     0.713726
51301     0.709804
51302     0.701961
51303     0.682353
51304     0.670588
51305     0.678431
51306     0.705882
51307     0.721569
51308     0.717647
51309     0.705882
51310     0.682353
51311     0.682353
51312     0.686275
51313     0.698039
51314     0.717647
51315     0.729412
51316     0.733333
51317     0.733333
51318     0.729412
51319     0.713726
51320     0.690196
51321     0.678431
51322     0.686275
51323     0.698039
51324     0.705882
51325     0.709804
51326     0.701961
51327     0.713726
51328     0.725490
51329     0.721569
51330     0.705882
51331     0.698039
51332     0.701961
51333     0.709804
51334     0.694118
51335     0.709804
51336     0.713726
51337     0.709804
51338     0.717647
51339     0.733333
51340     0.737255
51341     0.725490
51342     0.705882
51343     0.701961
51344     0.698039
51345     0.705882
51346     0.721569
51347     0.733333
51348     0.737255
51349     0.737255
51350     0.701961
51351     0.682353
51352     0.670588
51353     0.662745
51354     0.647059
51355     0.631373
51356     0.643137
51357     0.662745
51358     0.725490
51359     0.737255
51360     0.752941
51361     0.756863
51362     0.745098
51363     0.709804
51364     0.674510
51365     0.650980
51366     0.619608
51367     0.600000
51368     0.611765
51369     0.666667
51370     0.717647
51371     0.733333
51372     0.729412
51373     0.721569
51374     0.709804
51375     0.694118
51376     0.670588
51377     0.650980
51378     0.650980
51379     0.670588
51380     0.705882
51381     0.733333
51382     0.713726
51383     0.701961
51384     0.690196
51385     0.698039
51386     0.717647
51387     0.721569
51388     0.709804
51389     0.690196
51390     0.686275
51391     0.678431
51392     0.658824
51393     0.639216
51394     0.619608
51395     0.615686
51396     0.627451
51397     0.635294
51398     0.662745
51399     0.678431
51400     0.686275
51401     0.674510
51402     0.654902
51403     0.643137
51404     0.650980
51405     0.670588
51406     0.725490
51407     0.741176
51408     0.756863
51409     0.756863
51410     0.725490
51411     0.682353
51412     0.643137
51413     0.619608
51414     0.615686
51415     0.619608
51416     0.623529
51417     0.627451
51418     0.635294
51419     0.643137
51420     0.647059
51421     0.650980
51422     0.654902
51423     0.654902
51424     0.654902
51425     0.654902
51426     0.662745
51427     0.666667
51428     0.674510
51429     0.678431
51430     0.701961
51431     0.701961
51432     0.690196
51433     0.666667
51434     0.643137
51435     0.635294
51436     0.647059
51437     0.662745
51438     0.686275
51439     0.690196
51440     0.662745
51441     0.607843
51442     0.580392
51443     0.600000
51444     0.611765
51445     0.603922
51446     0.662745
51447     0.603922
51448     0.501961
51449     0.356863
51450     0.207843
51451     0.113725
51452     0.117647
51453     0.156863
51454     0.145098
51455     0.168627
51456     0.180392
51457     0.176471
51458     0.172549
51459     0.184314
51460     0.184314
51461     0.180392
51462     0.192157
51463     0.211765
51464     0.227451
51465     0.239216
51466     0.258824
51467     0.274510
51468     0.270588
51469     0.250980
51470     0.294118
51471     0.301961
51472     0.309804
51473     0.309804
51474     0.301961
51475     0.298039
51476     0.301961
51477     0.305882
51478     0.321569
51479     0.321569
51480     0.321569
51481     0.325490
51482     0.337255
51483     0.349020
51484     0.360784
51485     0.368627
51486     0.356863
51487     0.349020
51488     0.341176
51489     0.349020
51490     0.368627
51491     0.392157
51492     0.411765
51493     0.423529
51494     0.439216
51495     0.454902
51496     0.474510
51497     0.490196
51498     0.501961
51499     0.525490
51500     0.560784
51501     0.588235
51502     0.600000
51503     0.603922
51504     0.615686
51505     0.619608
51506     0.607843
51507     0.600000
51508     0.627451
51509     0.662745
51510     0.752941
51511     0.819608
51512     0.854902
51513     0.847059
51514     0.847059
51515     0.858824
51516     0.823529
51517     0.760784
51518     0.666667
51519     0.654902
51520     0.643137
51521     0.643137
51522     0.658824
51523     0.682353
51524     0.698039
51525     0.705882
51526     0.725490
51527     0.721569
51528     0.717647
