[METADATA]
source_image   03608.jpg
num_nodes      51529
intensity_range  [0.0, 1.0]

[INTENSITY]
# node_id   intensity
0         0.874510
1         0.870588
2         0.870588
3         0.866667
4         0.870588
5         0.874510
6         0.882353
7         0.886275
8         0.890196
9         0.882353
10        0.866667
11        0.854902
12        0.843137
13        0.839216
14        0.843137
15        0.843137
16        0.858824
17        0.858824
18        0.862745
19        0.874510
20        0.886275
21        0.890196
22        0.882353
23        0.874510
24        0.858824
25        0.854902
26        0.847059
27        0.850980
28        0.858824
29        0.862745
30        0.862745
31        0.858824
32        0.862745
33        0.858824
34        0.858824
35        0.854902
36        0.858824
37        0.866667
38        0.874510
39        0.882353
40        0.882353
41        0.882353
42        0.882353
43        0.870588
44        0.862745
45        0.862745
46        0.870588
47        0.878431
48        0.882353
49        0.874510
50        0.862745
51        0.854902
52        0.850980
53        0.850980
54        0.854902
55        0.858824
56        0.874510
57        0.870588
58        0.866667
59        0.862745
60        0.858824
61        0.858824
62        0.858824
63        0.858824
64        0.866667
65        0.866667
66        0.862745
67        0.858824
68        0.850980
69        0.835294
70        0.823529
71        0.815686
72        0.819608
73        0.815686
74        0.811765
75        0.803922
76        0.792157
77        0.780392
78        0.772549
79        0.764706
80        0.784314
81        0.776471
82        0.772549
83        0.784314
84        0.807843
85        0.819608
86        0.807843
87        0.796078
88        0.780392
89        0.800000
90        0.823529
91        0.839216
92        0.843137
93        0.839216
94        0.835294
95        0.835294
96        0.858824
97        0.858824
98        0.870588
99        0.890196
100       0.917647
101       0.933333
102       0.929412
103       0.921569
104       0.901961
105       0.901961
106       0.898039
107       0.886275
108       0.874510
109       0.866667
110       0.874510
111       0.882353
112       0.882353
113       0.878431
114       0.878431
115       0.874510
116       0.874510
117       0.874510
118       0.878431
119       0.878431
120       0.894118
121       0.905882
122       0.929412
123       0.945098
124       0.949020
125       0.941176
126       0.925490
127       0.913725
128       0.894118
129       0.898039
130       0.905882
131       0.909804
132       0.913725
133       0.909804
134       0.905882
135       0.905882
136       0.898039
137       0.890196
138       0.886275
139       0.886275
140       0.890196
141       0.894118
142       0.890196
143       0.886275
144       0.854902
145       0.866667
146       0.886275
147       0.898039
148       0.898039
149       0.886275
150       0.874510
151       0.862745
152       0.862745
153       0.858824
154       0.858824
155       0.854902
156       0.854902
157       0.854902
158       0.858824
159       0.858824
160       0.878431
161       0.874510
162       0.866667
163       0.866667
164       0.870588
165       0.866667
166       0.862745
167       0.854902
168       0.858824
169       0.858824
170       0.854902
171       0.847059
172       0.843137
173       0.847059
174       0.858824
175       0.870588
176       0.858824
177       0.858824
178       0.858824
179       0.858824
180       0.862745
181       0.870588
182       0.874510
183       0.878431
184       0.866667
185       0.874510
186       0.894118
187       0.925490
188       0.952941
189       0.960784
190       0.949020
191       0.933333
192       0.909804
193       0.894118
194       0.878431
195       0.862745
196       0.858824
197       0.850980
198       0.843137
199       0.835294
200       0.866667
201       0.850980
202       0.850980
203       0.858824
204       0.858824
205       0.850980
206       0.854902
207       0.866667
208       0.890196
209       0.886275
210       0.886275
211       0.886275
212       0.886275
213       0.890196
214       0.894118
215       0.894118
216       0.905882
217       0.905882
218       0.905882
219       0.905882
220       0.905882
221       0.905882
222       0.905882
223       0.901961
224       0.898039
225       0.894118
226       0.890196
227       0.874510
228       0.874510
229       0.870588
230       0.866667
231       0.866667
232       0.874510
233       0.882353
234       0.886275
235       0.890196
236       0.882353
237       0.866667
238       0.854902
239       0.847059
240       0.843137
241       0.843137
242       0.847059
243       0.862745
244       0.862745
245       0.866667
246       0.874510
247       0.886275
248       0.890196
249       0.882353
250       0.874510
251       0.866667
252       0.862745
253       0.858824
254       0.862745
255       0.870588
256       0.874510
257       0.870588
258       0.866667
259       0.874510
260       0.870588
261       0.870588
262       0.870588
263       0.874510
264       0.878431
265       0.886275
266       0.890196
267       0.890196
268       0.890196
269       0.890196
270       0.878431
271       0.870588
272       0.870588
273       0.874510
274       0.882353
275       0.886275
276       0.878431
277       0.870588
278       0.858824
279       0.854902
280       0.858824
281       0.862745
282       0.866667
283       0.870588
284       0.866667
285       0.862745
286       0.854902
287       0.850980
288       0.850980
289       0.850980
290       0.850980
291       0.862745
292       0.862745
293       0.858824
294       0.854902
295       0.843137
296       0.831373
297       0.819608
298       0.815686
299       0.815686
300       0.815686
301       0.811765
302       0.803922
303       0.796078
304       0.788235
305       0.780392
306       0.772549
307       0.776471
308       0.764706
309       0.756863
310       0.768627
311       0.792157
312       0.807843
313       0.807843
314       0.796078
315       0.780392
316       0.796078
317       0.815686
318       0.827451
319       0.827451
320       0.827451
321       0.831373
322       0.835294
323       0.862745
324       0.862745
325       0.870588
326       0.890196
327       0.913725
328       0.929412
329       0.933333
330       0.929412
331       0.909804
332       0.909804
333       0.905882
334       0.894118
335       0.878431
336       0.870588
337       0.874510
338       0.878431
339       0.878431
340       0.878431
341       0.874510
342       0.874510
343       0.874510
344       0.874510
345       0.878431
346       0.878431
347       0.894118
348       0.905882
349       0.925490
350       0.945098
351       0.949020
352       0.937255
353       0.921569
354       0.913725
355       0.898039
356       0.901961
357       0.909804
358       0.913725
359       0.913725
360       0.913725
361       0.909804
362       0.905882
363       0.898039
364       0.890196
365       0.882353
366       0.882353
367       0.890196
368       0.894118
369       0.890196
370       0.886275
371       0.866667
372       0.878431
373       0.890196
374       0.898039
375       0.898039
376       0.890196
377       0.878431
378       0.870588
379       0.858824
380       0.858824
381       0.858824
382       0.854902
383       0.858824
384       0.862745
385       0.866667
386       0.866667
387       0.870588
388       0.866667
389       0.858824
390       0.862745
391       0.866667
392       0.866667
393       0.862745
394       0.854902
395       0.858824
396       0.862745
397       0.858824
398       0.854902
399       0.847059
400       0.847059
401       0.854902
402       0.862745
403       0.854902
404       0.854902
405       0.858824
406       0.862745
407       0.866667
408       0.870588
409       0.874510
410       0.874510
411       0.878431
412       0.882353
413       0.898039
414       0.917647
415       0.937255
416       0.941176
417       0.929412
418       0.917647
419       0.898039
420       0.886275
421       0.870588
422       0.862745
423       0.858824
424       0.854902
425       0.850980
426       0.843137
427       0.850980
428       0.835294
429       0.831373
430       0.839216
431       0.843137
432       0.835294
433       0.843137
434       0.858824
435       0.890196
436       0.890196
437       0.890196
438       0.890196
439       0.894118
440       0.898039
441       0.901961
442       0.901961
443       0.913725
444       0.913725
445       0.909804
446       0.909804
447       0.905882
448       0.905882
449       0.901961
450       0.901961
451       0.894118
452       0.894118
453       0.890196
454       0.874510
455       0.874510
456       0.866667
457       0.866667
458       0.866667
459       0.870588
460       0.878431
461       0.882353
462       0.886275
463       0.882353
464       0.870588
465       0.858824
466       0.850980
467       0.847059
468       0.847059
469       0.850980
470       0.862745
471       0.862745
472       0.866667
473       0.878431
474       0.886275
475       0.890196
476       0.886275
477       0.878431
478       0.874510
479       0.874510
480       0.874510
481       0.882353
482       0.890196
483       0.890196
484       0.882353
485       0.874510
486       0.886275
487       0.886275
488       0.886275
489       0.886275
490       0.890196
491       0.894118
492       0.898039
493       0.901961
494       0.894118
495       0.898039
496       0.898039
497       0.890196
498       0.878431
499       0.874510
500       0.878431
501       0.886275
502       0.886275
503       0.882353
504       0.874510
505       0.870588
506       0.866667
507       0.866667
508       0.870588
509       0.874510
510       0.870588
511       0.866667
512       0.858824
513       0.850980
514       0.847059
515       0.843137
516       0.843137
517       0.843137
518       0.858824
519       0.858824
520       0.854902
521       0.847059
522       0.839216
523       0.827451
524       0.815686
525       0.811765
526       0.811765
527       0.811765
528       0.811765
529       0.807843
530       0.803922
531       0.796078
532       0.792157
533       0.788235
534       0.780392
535       0.764706
536       0.752941
537       0.756863
538       0.776471
539       0.796078
540       0.803922
541       0.803922
542       0.792157
543       0.800000
544       0.811765
545       0.815686
546       0.819608
547       0.823529
548       0.831373
549       0.839216
550       0.866667
551       0.862745
552       0.870588
553       0.886275
554       0.905882
555       0.925490
556       0.937255
557       0.937255
558       0.925490
559       0.925490
560       0.921569
561       0.909804
562       0.890196
563       0.878431
564       0.874510
565       0.878431
566       0.882353
567       0.878431
568       0.878431
569       0.874510
570       0.874510
571       0.878431
572       0.882353
573       0.882353
574       0.894118
575       0.905882
576       0.925490
577       0.941176
578       0.941176
579       0.933333
580       0.917647
581       0.909804
582       0.901961
583       0.905882
584       0.913725
585       0.917647
586       0.917647
587       0.917647
588       0.909804
589       0.909804
590       0.894118
591       0.886275
592       0.878431
593       0.878431
594       0.886275
595       0.890196
596       0.890196
597       0.886275
598       0.882353
599       0.886275
600       0.894118
601       0.898039
602       0.894118
603       0.890196
604       0.882353
605       0.878431
606       0.862745
607       0.862745
608       0.858824
609       0.858824
610       0.862745
611       0.866667
612       0.870588
613       0.874510
614       0.858824
615       0.854902
616       0.850980
617       0.854902
618       0.862745
619       0.866667
620       0.862745
621       0.854902
622       0.858824
623       0.862745
624       0.866667
625       0.862745
626       0.854902
627       0.850980
628       0.850980
629       0.858824
630       0.847059
631       0.854902
632       0.862745
633       0.870588
634       0.874510
635       0.878431
636       0.874510
637       0.874510
638       0.894118
639       0.894118
640       0.898039
641       0.905882
642       0.913725
643       0.913725
644       0.905882
645       0.898039
646       0.890196
647       0.878431
648       0.866667
649       0.862745
650       0.862745
651       0.858824
652       0.854902
653       0.847059
654       0.839216
655       0.819608
656       0.811765
657       0.823529
658       0.827451
659       0.827451
660       0.839216
661       0.862745
662       0.894118
663       0.894118
664       0.898039
665       0.901961
666       0.905882
667       0.909804
668       0.909804
669       0.913725
670       0.921569
671       0.917647
672       0.917647
673       0.913725
674       0.909804
675       0.905882
676       0.901961
677       0.898039
678       0.894118
679       0.890196
680       0.890196
681       0.878431
682       0.874510
683       0.866667
684       0.866667
685       0.866667
686       0.870588
687       0.874510
688       0.878431
689       0.882353
690       0.878431
691       0.870588
692       0.862745
693       0.858824
694       0.854902
695       0.854902
696       0.854902
697       0.862745
698       0.862745
699       0.866667
700       0.878431
701       0.890196
702       0.894118
703       0.886275
704       0.878431
705       0.882353
706       0.886275
707       0.890196
708       0.898039
709       0.905882
710       0.905882
711       0.894118
712       0.882353
713       0.894118
714       0.894118
715       0.894118
716       0.898039
717       0.898039
718       0.901961
719       0.905882
720       0.905882
721       0.894118
722       0.898039
723       0.898039
724       0.890196
725       0.878431
726       0.874510
727       0.878431
728       0.882353
729       0.886275
730       0.882353
731       0.878431
732       0.874510
733       0.874510
734       0.874510
735       0.878431
736       0.882353
737       0.874510
738       0.870588
739       0.862745
740       0.858824
741       0.850980
742       0.847059
743       0.847059
744       0.843137
745       0.858824
746       0.854902
747       0.850980
748       0.843137
749       0.831373
750       0.823529
751       0.815686
752       0.807843
753       0.807843
754       0.811765
755       0.811765
756       0.811765
757       0.811765
758       0.807843
759       0.803922
760       0.800000
761       0.800000
762       0.784314
763       0.764706
764       0.760784
765       0.772549
766       0.788235
767       0.796078
768       0.800000
769       0.796078
770       0.803922
771       0.807843
772       0.807843
773       0.807843
774       0.819608
775       0.835294
776       0.847059
777       0.866667
778       0.866667
779       0.870588
780       0.882353
781       0.898039
782       0.917647
783       0.933333
784       0.941176
785       0.933333
786       0.937255
787       0.933333
788       0.921569
789       0.905882
790       0.890196
791       0.882353
792       0.878431
793       0.890196
794       0.890196
795       0.886275
796       0.886275
797       0.886275
798       0.890196
799       0.894118
800       0.898039
801       0.901961
802       0.909804
803       0.925490
804       0.937255
805       0.937255
806       0.929412
807       0.913725
808       0.905882
809       0.905882
810       0.909804
811       0.917647
812       0.921569
813       0.921569
814       0.917647
815       0.913725
816       0.909804
817       0.890196
818       0.882353
819       0.878431
820       0.878431
821       0.886275
822       0.890196
823       0.890196
824       0.886275
825       0.894118
826       0.894118
827       0.890196
828       0.890196
829       0.886275
830       0.886275
831       0.882353
832       0.882353
833       0.870588
834       0.870588
835       0.866667
836       0.862745
837       0.862745
838       0.866667
839       0.866667
840       0.870588
841       0.847059
842       0.843137
843       0.843137
844       0.847059
845       0.858824
846       0.862745
847       0.862745
848       0.854902
849       0.858824
850       0.866667
851       0.870588
852       0.870588
853       0.858824
854       0.854902
855       0.850980
856       0.854902
857       0.850980
858       0.858824
859       0.870588
860       0.882353
861       0.886275
862       0.886275
863       0.882353
864       0.878431
865       0.894118
866       0.894118
867       0.894118
868       0.894118
869       0.898039
870       0.898039
871       0.894118
872       0.894118
873       0.894118
874       0.886275
875       0.874510
876       0.866667
877       0.866667
878       0.862745
879       0.854902
880       0.847059
881       0.835294
882       0.815686
883       0.807843
884       0.815686
885       0.823529
886       0.827451
887       0.843137
888       0.870588
889       0.898039
890       0.901961
891       0.905882
892       0.909804
893       0.913725
894       0.917647
895       0.921569
896       0.921569
897       0.925490
898       0.921569
899       0.917647
900       0.913725
901       0.909804
902       0.901961
903       0.898039
904       0.898039
905       0.898039
906       0.898039
907       0.894118
908       0.878431
909       0.874510
910       0.866667
911       0.862745
912       0.862745
913       0.866667
914       0.870588
915       0.874510
916       0.878431
917       0.878431
918       0.874510
919       0.866667
920       0.862745
921       0.862745
922       0.858824
923       0.858824
924       0.866667
925       0.866667
926       0.870588
927       0.878431
928       0.890196
929       0.894118
930       0.886275
931       0.882353
932       0.890196
933       0.890196
934       0.894118
935       0.905882
936       0.913725
937       0.909804
938       0.898039
939       0.886275
940       0.894118
941       0.894118
942       0.898039
943       0.898039
944       0.901961
945       0.901961
946       0.901961
947       0.901961
948       0.886275
949       0.890196
950       0.894118
951       0.886275
952       0.874510
953       0.866667
954       0.866667
955       0.870588
956       0.878431
957       0.878431
958       0.878431
959       0.878431
960       0.878431
961       0.878431
962       0.882353
963       0.882353
964       0.882353
965       0.878431
966       0.874510
967       0.866667
968       0.862745
969       0.858824
970       0.858824
971       0.858824
972       0.858824
973       0.854902
974       0.847059
975       0.839216
976       0.827451
977       0.819608
978       0.811765
979       0.811765
980       0.811765
981       0.811765
982       0.815686
983       0.819608
984       0.819608
985       0.815686
986       0.815686
987       0.811765
988       0.815686
989       0.800000
990       0.780392
991       0.768627
992       0.764706
993       0.772549
994       0.776471
995       0.780392
996       0.784314
997       0.788235
998       0.788235
999       0.788235
1000      0.792157
1001      0.803922
1002      0.827451
1003      0.843137
1004      0.866667
1005      0.870588
1006      0.874510
1007      0.878431
1008      0.890196
1009      0.905882
1010      0.921569
1011      0.933333
1012      0.933333
1013      0.937255
1014      0.941176
1015      0.937255
1016      0.917647
1017      0.901961
1018      0.890196
1019      0.886275
1020      0.901961
1021      0.901961
1022      0.901961
1023      0.901961
1024      0.901961
1025      0.905882
1026      0.909804
1027      0.913725
1028      0.909804
1029      0.917647
1030      0.929412
1031      0.937255
1032      0.937255
1033      0.925490
1034      0.913725
1035      0.905882
1036      0.909804
1037      0.913725
1038      0.917647
1039      0.921569
1040      0.921569
1041      0.917647
1042      0.909804
1043      0.905882
1044      0.890196
1045      0.882353
1046      0.878431
1047      0.878431
1048      0.886275
1049      0.894118
1050      0.894118
1051      0.890196
1052      0.898039
1053      0.894118
1054      0.890196
1055      0.886275
1056      0.882353
1057      0.878431
1058      0.874510
1059      0.874510
1060      0.882353
1061      0.878431
1062      0.870588
1063      0.866667
1064      0.862745
1065      0.858824
1066      0.858824
1067      0.858824
1068      0.843137
1069      0.839216
1070      0.835294
1071      0.843137
1072      0.854902
1073      0.858824
1074      0.858824
1075      0.854902
1076      0.862745
1077      0.866667
1078      0.874510
1079      0.870588
1080      0.862745
1081      0.858824
1082      0.858824
1083      0.858824
1084      0.866667
1085      0.870588
1086      0.882353
1087      0.890196
1088      0.894118
1089      0.890196
1090      0.886275
1091      0.882353
1092      0.882353
1093      0.886275
1094      0.890196
1095      0.890196
1096      0.890196
1097      0.894118
1098      0.898039
1099      0.901961
1100      0.909804
1101      0.901961
1102      0.890196
1103      0.882353
1104      0.878431
1105      0.866667
1106      0.854902
1107      0.843137
1108      0.831373
1109      0.811765
1110      0.803922
1111      0.815686
1112      0.823529
1113      0.827451
1114      0.847059
1115      0.870588
1116      0.901961
1117      0.909804
1118      0.913725
1119      0.921569
1120      0.925490
1121      0.925490
1122      0.921569
1123      0.921569
1124      0.925490
1125      0.921569
1126      0.917647
1127      0.913725
1128      0.905882
1129      0.901961
1130      0.898039
1131      0.894118
1132      0.905882
1133      0.901961
1134      0.898039
1135      0.878431
1136      0.874510
1137      0.866667
1138      0.862745
1139      0.862745
1140      0.862745
1141      0.866667
1142      0.870588
1143      0.878431
1144      0.874510
1145      0.874510
1146      0.874510
1147      0.870588
1148      0.866667
1149      0.866667
1150      0.866667
1151      0.866667
1152      0.866667
1153      0.870588
1154      0.882353
1155      0.894118
1156      0.894118
1157      0.890196
1158      0.882353
1159      0.890196
1160      0.886275
1161      0.890196
1162      0.898039
1163      0.905882
1164      0.905882
1165      0.898039
1166      0.890196
1167      0.890196
1168      0.894118
1169      0.898039
1170      0.898039
1171      0.898039
1172      0.898039
1173      0.894118
1174      0.894118
1175      0.882353
1176      0.886275
1177      0.890196
1178      0.882353
1179      0.870588
1180      0.858824
1181      0.858824
1182      0.858824
1183      0.866667
1184      0.870588
1185      0.870588
1186      0.874510
1187      0.874510
1188      0.878431
1189      0.878431
1190      0.882353
1191      0.886275
1192      0.882353
1193      0.878431
1194      0.874510
1195      0.870588
1196      0.870588
1197      0.870588
1198      0.870588
1199      0.862745
1200      0.858824
1201      0.847059
1202      0.835294
1203      0.827451
1204      0.819608
1205      0.815686
1206      0.815686
1207      0.815686
1208      0.819608
1209      0.823529
1210      0.823529
1211      0.823529
1212      0.823529
1213      0.819608
1214      0.819608
1215      0.819608
1216      0.811765
1217      0.800000
1218      0.784314
1219      0.772549
1220      0.764706
1221      0.760784
1222      0.760784
1223      0.760784
1224      0.760784
1225      0.764706
1226      0.768627
1227      0.772549
1228      0.792157
1229      0.815686
1230      0.831373
1231      0.862745
1232      0.870588
1233      0.878431
1234      0.882353
1235      0.882353
1236      0.890196
1237      0.901961
1238      0.913725
1239      0.921569
1240      0.933333
1241      0.941176
1242      0.941176
1243      0.929412
1244      0.913725
1245      0.901961
1246      0.898039
1247      0.913725
1248      0.913725
1249      0.909804
1250      0.913725
1251      0.913725
1252      0.917647
1253      0.925490
1254      0.925490
1255      0.921569
1256      0.925490
1257      0.933333
1258      0.941176
1259      0.937255
1260      0.929412
1261      0.913725
1262      0.905882
1263      0.909804
1264      0.909804
1265      0.917647
1266      0.917647
1267      0.917647
1268      0.913725
1269      0.905882
1270      0.901961
1271      0.890196
1272      0.886275
1273      0.878431
1274      0.882353
1275      0.890196
1276      0.898039
1277      0.898039
1278      0.898039
1279      0.898039
1280      0.898039
1281      0.894118
1282      0.886275
1283      0.882353
1284      0.874510
1285      0.870588
1286      0.870588
1287      0.878431
1288      0.874510
1289      0.870588
1290      0.862745
1291      0.858824
1292      0.858824
1293      0.854902
1294      0.854902
1295      0.843137
1296      0.839216
1297      0.839216
1298      0.843137
1299      0.854902
1300      0.858824
1301      0.858824
1302      0.854902
1303      0.862745
1304      0.866667
1305      0.870588
1306      0.870588
1307      0.862745
1308      0.862745
1309      0.866667
1310      0.874510
1311      0.878431
1312      0.882353
1313      0.886275
1314      0.890196
1315      0.890196
1316      0.890196
1317      0.882353
1318      0.878431
1319      0.870588
1320      0.882353
1321      0.890196
1322      0.894118
1323      0.894118
1324      0.898039
1325      0.905882
1326      0.913725
1327      0.925490
1328      0.917647
1329      0.905882
1330      0.898039
1331      0.894118
1332      0.882353
1333      0.862745
1334      0.850980
1335      0.835294
1336      0.819608
1337      0.815686
1338      0.827451
1339      0.831373
1340      0.835294
1341      0.850980
1342      0.870588
1343      0.909804
1344      0.913725
1345      0.921569
1346      0.925490
1347      0.929412
1348      0.925490
1349      0.921569
1350      0.917647
1351      0.917647
1352      0.913725
1353      0.909804
1354      0.905882
1355      0.901961
1356      0.898039
1357      0.898039
1358      0.894118
1359      0.905882
1360      0.901961
1361      0.898039
1362      0.878431
1363      0.874510
1364      0.866667
1365      0.862745
1366      0.858824
1367      0.862745
1368      0.866667
1369      0.870588
1370      0.874510
1371      0.874510
1372      0.874510
1373      0.874510
1374      0.874510
1375      0.874510
1376      0.870588
1377      0.870588
1378      0.866667
1379      0.866667
1380      0.870588
1381      0.882353
1382      0.894118
1383      0.898039
1384      0.890196
1385      0.882353
1386      0.886275
1387      0.882353
1388      0.878431
1389      0.882353
1390      0.890196
1391      0.894118
1392      0.890196
1393      0.886275
1394      0.890196
1395      0.894118
1396      0.898039
1397      0.901961
1398      0.901961
1399      0.898039
1400      0.894118
1401      0.890196
1402      0.878431
1403      0.886275
1404      0.890196
1405      0.882353
1406      0.870588
1407      0.858824
1408      0.854902
1409      0.854902
1410      0.854902
1411      0.858824
1412      0.862745
1413      0.866667
1414      0.870588
1415      0.874510
1416      0.874510
1417      0.874510
1418      0.882353
1419      0.882353
1420      0.878431
1421      0.878431
1422      0.878431
1423      0.878431
1424      0.882353
1425      0.882353
1426      0.866667
1427      0.858824
1428      0.850980
1429      0.835294
1430      0.827451
1431      0.819608
1432      0.819608
1433      0.819608
1434      0.823529
1435      0.823529
1436      0.827451
1437      0.827451
1438      0.827451
1439      0.827451
1440      0.823529
1441      0.819608
1442      0.823529
1443      0.823529
1444      0.823529
1445      0.819608
1446      0.803922
1447      0.788235
1448      0.772549
1449      0.768627
1450      0.745098
1451      0.752941
1452      0.760784
1453      0.764706
1454      0.776471
1455      0.796078
1456      0.819608
1457      0.839216
1458      0.858824
1459      0.866667
1460      0.882353
1461      0.882353
1462      0.878431
1463      0.878431
1464      0.886275
1465      0.894118
1466      0.905882
1467      0.921569
1468      0.937255
1469      0.945098
1470      0.937255
1471      0.925490
1472      0.917647
1473      0.909804
1474      0.913725
1475      0.913725
1476      0.913725
1477      0.913725
1478      0.917647
1479      0.921569
1480      0.929412
1481      0.933333
1482      0.929412
1483      0.933333
1484      0.941176
1485      0.945098
1486      0.941176
1487      0.929412
1488      0.917647
1489      0.909804
1490      0.905882
1491      0.909804
1492      0.913725
1493      0.913725
1494      0.913725
1495      0.909804
1496      0.901961
1497      0.898039
1498      0.894118
1499      0.886275
1500      0.882353
1501      0.886275
1502      0.898039
1503      0.905882
1504      0.905882
1505      0.901961
1506      0.901961
1507      0.901961
1508      0.901961
1509      0.898039
1510      0.890196
1511      0.882353
1512      0.870588
1513      0.866667
1514      0.862745
1515      0.862745
1516      0.858824
1517      0.858824
1518      0.858824
1519      0.858824
1520      0.862745
1521      0.866667
1522      0.847059
1523      0.843137
1524      0.839216
1525      0.847059
1526      0.854902
1527      0.858824
1528      0.854902
1529      0.850980
1530      0.862745
1531      0.866667
1532      0.866667
1533      0.866667
1534      0.862745
1535      0.866667
1536      0.878431
1537      0.886275
1538      0.886275
1539      0.886275
1540      0.886275
1541      0.882353
1542      0.878431
1543      0.874510
1544      0.874510
1545      0.870588
1546      0.870588
1547      0.882353
1548      0.898039
1549      0.901961
1550      0.901961
1551      0.901961
1552      0.909804
1553      0.921569
1554      0.933333
1555      0.925490
1556      0.917647
1557      0.913725
1558      0.909804
1559      0.898039
1560      0.882353
1561      0.870588
1562      0.858824
1563      0.847059
1564      0.843137
1565      0.858824
1566      0.862745
1567      0.862745
1568      0.870588
1569      0.890196
1570      0.917647
1571      0.921569
1572      0.925490
1573      0.929412
1574      0.929412
1575      0.921569
1576      0.913725
1577      0.909804
1578      0.905882
1579      0.905882
1580      0.901961
1581      0.901961
1582      0.898039
1583      0.898039
1584      0.894118
1585      0.894118
1586      0.898039
1587      0.894118
1588      0.890196
1589      0.878431
1590      0.874510
1591      0.866667
1592      0.862745
1593      0.858824
1594      0.858824
1595      0.862745
1596      0.866667
1597      0.874510
1598      0.874510
1599      0.878431
1600      0.878431
1601      0.878431
1602      0.874510
1603      0.874510
1604      0.870588
1605      0.866667
1606      0.866667
1607      0.874510
1608      0.882353
1609      0.894118
1610      0.898039
1611      0.890196
1612      0.882353
1613      0.886275
1614      0.878431
1615      0.870588
1616      0.874510
1617      0.882353
1618      0.886275
1619      0.886275
1620      0.882353
1621      0.894118
1622      0.898039
1623      0.901961
1624      0.905882
1625      0.901961
1626      0.898039
1627      0.894118
1628      0.890196
1629      0.882353
1630      0.886275
1631      0.890196
1632      0.886275
1633      0.874510
1634      0.862745
1635      0.854902
1636      0.854902
1637      0.847059
1638      0.850980
1639      0.854902
1640      0.862745
1641      0.866667
1642      0.870588
1643      0.870588
1644      0.870588
1645      0.878431
1646      0.878431
1647      0.874510
1648      0.874510
1649      0.878431
1650      0.878431
1651      0.882353
1652      0.886275
1653      0.870588
1654      0.862745
1655      0.850980
1656      0.839216
1657      0.827451
1658      0.823529
1659      0.819608
1660      0.819608
1661      0.827451
1662      0.827451
1663      0.831373
1664      0.831373
1665      0.831373
1666      0.827451
1667      0.823529
1668      0.823529
1669      0.831373
1670      0.843137
1671      0.850980
1672      0.850980
1673      0.835294
1674      0.815686
1675      0.796078
1676      0.788235
1677      0.749020
1678      0.756863
1679      0.768627
1680      0.776471
1681      0.788235
1682      0.807843
1683      0.835294
1684      0.850980
1685      0.854902
1686      0.866667
1687      0.882353
1688      0.886275
1689      0.874510
1690      0.870588
1691      0.874510
1692      0.878431
1693      0.894118
1694      0.913725
1695      0.933333
1696      0.945098
1697      0.941176
1698      0.933333
1699      0.921569
1700      0.917647
1701      0.913725
1702      0.909804
1703      0.909804
1704      0.913725
1705      0.917647
1706      0.921569
1707      0.929412
1708      0.933333
1709      0.937255
1710      0.941176
1711      0.945098
1712      0.945098
1713      0.941176
1714      0.933333
1715      0.921569
1716      0.913725
1717      0.905882
1718      0.905882
1719      0.909804
1720      0.913725
1721      0.909804
1722      0.905882
1723      0.898039
1724      0.894118
1725      0.898039
1726      0.890196
1727      0.886275
1728      0.890196
1729      0.901961
1730      0.909804
1731      0.909804
1732      0.905882
1733      0.905882
1734      0.909804
1735      0.909804
1736      0.905882
1737      0.898039
1738      0.886275
1739      0.874510
1740      0.866667
1741      0.847059
1742      0.847059
1743      0.850980
1744      0.850980
1745      0.858824
1746      0.862745
1747      0.870588
1748      0.874510
1749      0.850980
1750      0.847059
1751      0.843137
1752      0.847059
1753      0.854902
1754      0.858824
1755      0.854902
1756      0.850980
1757      0.862745
1758      0.866667
1759      0.866667
1760      0.862745
1761      0.858824
1762      0.866667
1763      0.882353
1764      0.898039
1765      0.890196
1766      0.886275
1767      0.878431
1768      0.874510
1769      0.866667
1770      0.866667
1771      0.862745
1772      0.862745
1773      0.870588
1774      0.890196
1775      0.905882
1776      0.913725
1777      0.905882
1778      0.905882
1779      0.909804
1780      0.921569
1781      0.933333
1782      0.925490
1783      0.921569
1784      0.921569
1785      0.921569
1786      0.913725
1787      0.898039
1788      0.886275
1789      0.886275
1790      0.874510
1791      0.878431
1792      0.890196
1793      0.894118
1794      0.890196
1795      0.894118
1796      0.909804
1797      0.921569
1798      0.925490
1799      0.929412
1800      0.933333
1801      0.929412
1802      0.921569
1803      0.909804
1804      0.905882
1805      0.898039
1806      0.898039
1807      0.898039
1808      0.898039
1809      0.898039
1810      0.898039
1811      0.894118
1812      0.894118
1813      0.890196
1814      0.886275
1815      0.882353
1816      0.886275
1817      0.886275
1818      0.886275
1819      0.878431
1820      0.866667
1821      0.862745
1822      0.866667
1823      0.870588
1824      0.866667
1825      0.866667
1826      0.866667
1827      0.862745
1828      0.858824
1829      0.858824
1830      0.870588
1831      0.878431
1832      0.870588
1833      0.874510
1834      0.874510
1835      0.878431
1836      0.878431
1837      0.882353
1838      0.882353
1839      0.886275
1840      0.874510
1841      0.882353
1842      0.890196
1843      0.890196
1844      0.886275
1845      0.886275
1846      0.886275
1847      0.890196
1848      0.894118
1849      0.894118
1850      0.894118
1851      0.894118
1852      0.894118
1853      0.894118
1854      0.894118
1855      0.894118
1856      0.878431
1857      0.886275
1858      0.894118
1859      0.898039
1860      0.890196
1861      0.882353
1862      0.866667
1863      0.858824
1864      0.850980
1865      0.850980
1866      0.854902
1867      0.858824
1868      0.862745
1869      0.862745
1870      0.862745
1871      0.862745
1872      0.866667
1873      0.866667
1874      0.870588
1875      0.874510
1876      0.882353
1877      0.886275
1878      0.890196
1879      0.894118
1880      0.890196
1881      0.882353
1882      0.870588
1883      0.854902
1884      0.835294
1885      0.827451
1886      0.831373
1887      0.839216
1888      0.843137
1889      0.839216
1890      0.831373
1891      0.827451
1892      0.823529
1893      0.823529
1894      0.827451
1895      0.827451
1896      0.815686
1897      0.823529
1898      0.835294
1899      0.843137
1900      0.843137
1901      0.831373
1902      0.819608
1903      0.807843
1904      0.800000
1905      0.800000
1906      0.803922
1907      0.811765
1908      0.823529
1909      0.835294
1910      0.843137
1911      0.850980
1912      0.858824
1913      0.862745
1914      0.874510
1915      0.878431
1916      0.882353
1917      0.878431
1918      0.870588
1919      0.866667
1920      0.882353
1921      0.894118
1922      0.909804
1923      0.929412
1924      0.937255
1925      0.941176
1926      0.937255
1927      0.933333
1928      0.917647
1929      0.917647
1930      0.917647
1931      0.917647
1932      0.921569
1933      0.925490
1934      0.929412
1935      0.933333
1936      0.937255
1937      0.941176
1938      0.949020
1939      0.949020
1940      0.941176
1941      0.937255
1942      0.937255
1943      0.941176
1944      0.917647
1945      0.925490
1946      0.929412
1947      0.925490
1948      0.917647
1949      0.909804
1950      0.909804
1951      0.913725
1952      0.898039
1953      0.898039
1954      0.898039
1955      0.901961
1956      0.905882
1957      0.909804
1958      0.917647
1959      0.921569
1960      0.917647
1961      0.917647
1962      0.913725
1963      0.913725
1964      0.905882
1965      0.898039
1966      0.890196
1967      0.882353
1968      0.874510
1969      0.874510
1970      0.874510
1971      0.874510
1972      0.874510
1973      0.878431
1974      0.882353
1975      0.886275
1976      0.858824
1977      0.854902
1978      0.850980
1979      0.847059
1980      0.850980
1981      0.854902
1982      0.858824
1983      0.862745
1984      0.862745
1985      0.866667
1986      0.866667
1987      0.870588
1988      0.870588
1989      0.866667
1990      0.866667
1991      0.862745
1992      0.870588
1993      0.870588
1994      0.874510
1995      0.878431
1996      0.878431
1997      0.878431
1998      0.874510
1999      0.874510
2000      0.878431
2001      0.882353
2002      0.890196
2003      0.898039
2004      0.901961
2005      0.901961
2006      0.905882
2007      0.905882
2008      0.909804
2009      0.913725
2010      0.913725
2011      0.917647
2012      0.917647
2013      0.917647
2014      0.917647
2015      0.913725
2016      0.901961
2017      0.905882
2018      0.909804
2019      0.913725
2020      0.917647
2021      0.925490
2022      0.929412
2023      0.929412
2024      0.945098
2025      0.937255
2026      0.929412
2027      0.921569
2028      0.913725
2029      0.909804
2030      0.909804
2031      0.905882
2032      0.901961
2033      0.898039
2034      0.890196
2035      0.890196
2036      0.890196
2037      0.890196
2038      0.898039
2039      0.901961
2040      0.874510
2041      0.874510
2042      0.874510
2043      0.882353
2044      0.886275
2045      0.882353
2046      0.874510
2047      0.866667
2048      0.862745
2049      0.866667
2050      0.874510
2051      0.866667
2052      0.866667
2053      0.866667
2054      0.862745
2055      0.858824
2056      0.858824
2057      0.866667
2058      0.874510
2059      0.874510
2060      0.874510
2061      0.878431
2062      0.878431
2063      0.878431
2064      0.878431
2065      0.878431
2066      0.878431
2067      0.874510
2068      0.882353
2069      0.890196
2070      0.890196
2071      0.882353
2072      0.878431
2073      0.882353
2074      0.886275
2075      0.890196
2076      0.890196
2077      0.890196
2078      0.890196
2079      0.890196
2080      0.890196
2081      0.890196
2082      0.890196
2083      0.874510
2084      0.882353
2085      0.890196
2086      0.894118
2087      0.890196
2088      0.882353
2089      0.870588
2090      0.862745
2091      0.850980
2092      0.854902
2093      0.858824
2094      0.862745
2095      0.862745
2096      0.862745
2097      0.862745
2098      0.862745
2099      0.866667
2100      0.866667
2101      0.870588
2102      0.874510
2103      0.878431
2104      0.886275
2105      0.890196
2106      0.890196
2107      0.890196
2108      0.886275
2109      0.878431
2110      0.862745
2111      0.847059
2112      0.835294
2113      0.835294
2114      0.839216
2115      0.839216
2116      0.839216
2117      0.835294
2118      0.831373
2119      0.827451
2120      0.831373
2121      0.831373
2122      0.835294
2123      0.819608
2124      0.823529
2125      0.835294
2126      0.843137
2127      0.843137
2128      0.835294
2129      0.827451
2130      0.819608
2131      0.827451
2132      0.831373
2133      0.835294
2134      0.839216
2135      0.843137
2136      0.850980
2137      0.850980
2138      0.854902
2139      0.850980
2140      0.858824
2141      0.870588
2142      0.878431
2143      0.882353
2144      0.874510
2145      0.866667
2146      0.858824
2147      0.862745
2148      0.874510
2149      0.890196
2150      0.909804
2151      0.925490
2152      0.933333
2153      0.937255
2154      0.937255
2155      0.933333
2156      0.929412
2157      0.929412
2158      0.925490
2159      0.921569
2160      0.921569
2161      0.925490
2162      0.925490
2163      0.925490
2164      0.933333
2165      0.941176
2166      0.945098
2167      0.941176
2168      0.937255
2169      0.941176
2170      0.945098
2171      0.933333
2172      0.933333
2173      0.929412
2174      0.917647
2175      0.901961
2176      0.901961
2177      0.905882
2178      0.913725
2179      0.901961
2180      0.901961
2181      0.901961
2182      0.905882
2183      0.909804
2184      0.917647
2185      0.921569
2186      0.925490
2187      0.929412
2188      0.925490
2189      0.921569
2190      0.913725
2191      0.905882
2192      0.901961
2193      0.898039
2194      0.898039
2195      0.890196
2196      0.890196
2197      0.890196
2198      0.894118
2199      0.894118
2200      0.894118
2201      0.898039
2202      0.898039
2203      0.862745
2204      0.858824
2205      0.850980
2206      0.843137
2207      0.843137
2208      0.847059
2209      0.854902
2210      0.858824
2211      0.862745
2212      0.866667
2213      0.870588
2214      0.870588
2215      0.870588
2216      0.870588
2217      0.866667
2218      0.862745
2219      0.870588
2220      0.870588
2221      0.874510
2222      0.874510
2223      0.878431
2224      0.874510
2225      0.870588
2226      0.870588
2227      0.874510
2228      0.878431
2229      0.882353
2230      0.890196
2231      0.894118
2232      0.898039
2233      0.898039
2234      0.898039
2235      0.898039
2236      0.901961
2237      0.909804
2238      0.913725
2239      0.913725
2240      0.913725
2241      0.909804
2242      0.905882
2243      0.909804
2244      0.913725
2245      0.917647
2246      0.925490
2247      0.933333
2248      0.937255
2249      0.941176
2250      0.941176
2251      0.933333
2252      0.929412
2253      0.921569
2254      0.913725
2255      0.909804
2256      0.901961
2257      0.901961
2258      0.901961
2259      0.894118
2260      0.890196
2261      0.886275
2262      0.882353
2263      0.882353
2264      0.886275
2265      0.890196
2266      0.894118
2267      0.874510
2268      0.874510
2269      0.874510
2270      0.878431
2271      0.882353
2272      0.882353
2273      0.874510
2274      0.866667
2275      0.862745
2276      0.870588
2277      0.874510
2278      0.870588
2279      0.870588
2280      0.866667
2281      0.862745
2282      0.862745
2283      0.866667
2284      0.866667
2285      0.870588
2286      0.878431
2287      0.878431
2288      0.878431
2289      0.878431
2290      0.878431
2291      0.878431
2292      0.874510
2293      0.870588
2294      0.874510
2295      0.882353
2296      0.890196
2297      0.890196
2298      0.882353
2299      0.878431
2300      0.878431
2301      0.882353
2302      0.886275
2303      0.886275
2304      0.886275
2305      0.886275
2306      0.886275
2307      0.886275
2308      0.886275
2309      0.886275
2310      0.874510
2311      0.882353
2312      0.890196
2313      0.894118
2314      0.894118
2315      0.886275
2316      0.878431
2317      0.874510
2318      0.854902
2319      0.858824
2320      0.862745
2321      0.866667
2322      0.866667
2323      0.866667
2324      0.862745
2325      0.862745
2326      0.866667
2327      0.866667
2328      0.870588
2329      0.874510
2330      0.878431
2331      0.882353
2332      0.886275
2333      0.890196
2334      0.886275
2335      0.890196
2336      0.890196
2337      0.878431
2338      0.862745
2339      0.847059
2340      0.843137
2341      0.843137
2342      0.843137
2343      0.843137
2344      0.839216
2345      0.839216
2346      0.839216
2347      0.839216
2348      0.835294
2349      0.835294
2350      0.819608
2351      0.823529
2352      0.831373
2353      0.835294
2354      0.839216
2355      0.839216
2356      0.835294
2357      0.835294
2358      0.847059
2359      0.850980
2360      0.858824
2361      0.862745
2362      0.862745
2363      0.858824
2364      0.854902
2365      0.850980
2366      0.843137
2367      0.854902
2368      0.870588
2369      0.878431
2370      0.882353
2371      0.874510
2372      0.862745
2373      0.854902
2374      0.847059
2375      0.854902
2376      0.866667
2377      0.882353
2378      0.901961
2379      0.917647
2380      0.929412
2381      0.937255
2382      0.945098
2383      0.941176
2384      0.933333
2385      0.925490
2386      0.921569
2387      0.917647
2388      0.917647
2389      0.913725
2390      0.917647
2391      0.925490
2392      0.933333
2393      0.937255
2394      0.933333
2395      0.929412
2396      0.933333
2397      0.937255
2398      0.941176
2399      0.937255
2400      0.925490
2401      0.905882
2402      0.894118
2403      0.890196
2404      0.901961
2405      0.909804
2406      0.905882
2407      0.905882
2408      0.905882
2409      0.909804
2410      0.913725
2411      0.921569
2412      0.925490
2413      0.929412
2414      0.941176
2415      0.937255
2416      0.929412
2417      0.921569
2418      0.913725
2419      0.909804
2420      0.909804
2421      0.909804
2422      0.898039
2423      0.901961
2424      0.909804
2425      0.913725
2426      0.913725
2427      0.913725
2428      0.909804
2429      0.905882
2430      0.870588
2431      0.862745
2432      0.850980
2433      0.839216
2434      0.835294
2435      0.843137
2436      0.850980
2437      0.854902
2438      0.866667
2439      0.866667
2440      0.870588
2441      0.870588
2442      0.870588
2443      0.870588
2444      0.866667
2445      0.866667
2446      0.866667
2447      0.870588
2448      0.870588
2449      0.874510
2450      0.874510
2451      0.870588
2452      0.866667
2453      0.866667
2454      0.866667
2455      0.866667
2456      0.874510
2457      0.882353
2458      0.886275
2459      0.890196
2460      0.890196
2461      0.890196
2462      0.882353
2463      0.890196
2464      0.898039
2465      0.905882
2466      0.909804
2467      0.905882
2468      0.898039
2469      0.894118
2470      0.909804
2471      0.913725
2472      0.921569
2473      0.929412
2474      0.937255
2475      0.941176
2476      0.945098
2477      0.945098
2478      0.925490
2479      0.921569
2480      0.913725
2481      0.905882
2482      0.901961
2483      0.898039
2484      0.894118
2485      0.894118
2486      0.886275
2487      0.882353
2488      0.878431
2489      0.878431
2490      0.878431
2491      0.878431
2492      0.882353
2493      0.886275
2494      0.874510
2495      0.874510
2496      0.874510
2497      0.874510
2498      0.878431
2499      0.878431
2500      0.874510
2501      0.866667
2502      0.866667
2503      0.874510
2504      0.878431
2505      0.882353
2506      0.878431
2507      0.870588
2508      0.870588
2509      0.874510
2510      0.874510
2511      0.874510
2512      0.870588
2513      0.878431
2514      0.878431
2515      0.882353
2516      0.882353
2517      0.878431
2518      0.874510
2519      0.866667
2520      0.862745
2521      0.878431
2522      0.886275
2523      0.894118
2524      0.890196
2525      0.886275
2526      0.878431
2527      0.878431
2528      0.882353
2529      0.886275
2530      0.886275
2531      0.886275
2532      0.886275
2533      0.886275
2534      0.890196
2535      0.890196
2536      0.890196
2537      0.882353
2538      0.890196
2539      0.894118
2540      0.901961
2541      0.901961
2542      0.898039
2543      0.894118
2544      0.886275
2545      0.866667
2546      0.866667
2547      0.870588
2548      0.870588
2549      0.874510
2550      0.870588
2551      0.870588
2552      0.866667
2553      0.870588
2554      0.870588
2555      0.874510
2556      0.878431
2557      0.882353
2558      0.886275
2559      0.886275
2560      0.890196
2561      0.886275
2562      0.894118
2563      0.898039
2564      0.894118
2565      0.874510
2566      0.858824
2567      0.850980
2568      0.847059
2569      0.854902
2570      0.854902
2571      0.854902
2572      0.854902
2573      0.847059
2574      0.843137
2575      0.835294
2576      0.831373
2577      0.819608
2578      0.819608
2579      0.823529
2580      0.823529
2581      0.827451
2582      0.835294
2583      0.839216
2584      0.843137
2585      0.843137
2586      0.847059
2587      0.854902
2588      0.862745
2589      0.862745
2590      0.858824
2591      0.850980
2592      0.843137
2593      0.839216
2594      0.850980
2595      0.866667
2596      0.878431
2597      0.882353
2598      0.870588
2599      0.858824
2600      0.847059
2601      0.843137
2602      0.843137
2603      0.850980
2604      0.858824
2605      0.874510
2606      0.890196
2607      0.905882
2608      0.913725
2609      0.929412
2610      0.925490
2611      0.917647
2612      0.913725
2613      0.905882
2614      0.905882
2615      0.905882
2616      0.905882
2617      0.913725
2618      0.917647
2619      0.925490
2620      0.925490
2621      0.917647
2622      0.913725
2623      0.913725
2624      0.917647
2625      0.925490
2626      0.921569
2627      0.917647
2628      0.905882
2629      0.894118
2630      0.890196
2631      0.898039
2632      0.905882
2633      0.901961
2634      0.901961
2635      0.901961
2636      0.905882
2637      0.909804
2638      0.917647
2639      0.921569
2640      0.925490
2641      0.937255
2642      0.937255
2643      0.937255
2644      0.933333
2645      0.929412
2646      0.921569
2647      0.909804
2648      0.905882
2649      0.894118
2650      0.901961
2651      0.909804
2652      0.917647
2653      0.917647
2654      0.913725
2655      0.905882
2656      0.901961
2657      0.874510
2658      0.862745
2659      0.850980
2660      0.839216
2661      0.831373
2662      0.839216
2663      0.847059
2664      0.854902
2665      0.866667
2666      0.866667
2667      0.870588
2668      0.870588
2669      0.870588
2670      0.870588
2671      0.866667
2672      0.866667
2673      0.866667
2674      0.866667
2675      0.866667
2676      0.870588
2677      0.866667
2678      0.866667
2679      0.862745
2680      0.858824
2681      0.854902
2682      0.858824
2683      0.862745
2684      0.870588
2685      0.874510
2686      0.878431
2687      0.878431
2688      0.878431
2689      0.866667
2690      0.874510
2691      0.886275
2692      0.898039
2693      0.898039
2694      0.894118
2695      0.886275
2696      0.882353
2697      0.901961
2698      0.905882
2699      0.913725
2700      0.925490
2701      0.929412
2702      0.933333
2703      0.933333
2704      0.933333
2705      0.917647
2706      0.913725
2707      0.909804
2708      0.901961
2709      0.898039
2710      0.894118
2711      0.894118
2712      0.894118
2713      0.882353
2714      0.882353
2715      0.882353
2716      0.882353
2717      0.882353
2718      0.882353
2719      0.882353
2720      0.882353
2721      0.874510
2722      0.874510
2723      0.874510
2724      0.870588
2725      0.874510
2726      0.878431
2727      0.874510
2728      0.870588
2729      0.870588
2730      0.878431
2731      0.886275
2732      0.894118
2733      0.886275
2734      0.878431
2735      0.882353
2736      0.886275
2737      0.886275
2738      0.878431
2739      0.870588
2740      0.870588
2741      0.874510
2742      0.882353
2743      0.882353
2744      0.878431
2745      0.874510
2746      0.866667
2747      0.858824
2748      0.882353
2749      0.890196
2750      0.894118
2751      0.894118
2752      0.890196
2753      0.882353
2754      0.886275
2755      0.890196
2756      0.886275
2757      0.890196
2758      0.890196
2759      0.890196
2760      0.894118
2761      0.894118
2762      0.898039
2763      0.898039
2764      0.898039
2765      0.898039
2766      0.905882
2767      0.909804
2768      0.909804
2769      0.905882
2770      0.901961
2771      0.901961
2772      0.878431
2773      0.878431
2774      0.882353
2775      0.882353
2776      0.882353
2777      0.878431
2778      0.874510
2779      0.874510
2780      0.878431
2781      0.878431
2782      0.878431
2783      0.882353
2784      0.886275
2785      0.886275
2786      0.890196
2787      0.890196
2788      0.890196
2789      0.898039
2790      0.905882
2791      0.901961
2792      0.886275
2793      0.866667
2794      0.854902
2795      0.850980
2796      0.870588
2797      0.870588
2798      0.870588
2799      0.870588
2800      0.858824
2801      0.843137
2802      0.831373
2803      0.823529
2804      0.819608
2805      0.819608
2806      0.815686
2807      0.819608
2808      0.823529
2809      0.827451
2810      0.835294
2811      0.839216
2812      0.831373
2813      0.835294
2814      0.847059
2815      0.858824
2816      0.862745
2817      0.858824
2818      0.854902
2819      0.850980
2820      0.843137
2821      0.850980
2822      0.866667
2823      0.874510
2824      0.878431
2825      0.870588
2826      0.858824
2827      0.850980
2828      0.854902
2829      0.850980
2830      0.847059
2831      0.847059
2832      0.850980
2833      0.862745
2834      0.874510
2835      0.878431
2836      0.890196
2837      0.886275
2838      0.886275
2839      0.882353
2840      0.882353
2841      0.886275
2842      0.886275
2843      0.890196
2844      0.905882
2845      0.909804
2846      0.913725
2847      0.909804
2848      0.901961
2849      0.890196
2850      0.890196
2851      0.894118
2852      0.890196
2853      0.898039
2854      0.905882
2855      0.909804
2856      0.901961
2857      0.894118
2858      0.890196
2859      0.894118
2860      0.894118
2861      0.894118
2862      0.894118
2863      0.894118
2864      0.901961
2865      0.905882
2866      0.913725
2867      0.917647
2868      0.921569
2869      0.929412
2870      0.937255
2871      0.937255
2872      0.933333
2873      0.917647
2874      0.901961
2875      0.890196
2876      0.878431
2877      0.886275
2878      0.894118
2879      0.901961
2880      0.901961
2881      0.898039
2882      0.890196
2883      0.886275
2884      0.874510
2885      0.866667
2886      0.850980
2887      0.843137
2888      0.839216
2889      0.839216
2890      0.847059
2891      0.850980
2892      0.862745
2893      0.862745
2894      0.866667
2895      0.870588
2896      0.870588
2897      0.866667
2898      0.862745
2899      0.862745
2900      0.862745
2901      0.862745
2902      0.862745
2903      0.862745
2904      0.862745
2905      0.858824
2906      0.854902
2907      0.850980
2908      0.847059
2909      0.850980
2910      0.854902
2911      0.862745
2912      0.866667
2913      0.870588
2914      0.870588
2915      0.870588
2916      0.858824
2917      0.866667
2918      0.874510
2919      0.882353
2920      0.886275
2921      0.886275
2922      0.882353
2923      0.878431
2924      0.901961
2925      0.905882
2926      0.917647
2927      0.925490
2928      0.929412
2929      0.929412
2930      0.929412
2931      0.925490
2932      0.917647
2933      0.913725
2934      0.905882
2935      0.901961
2936      0.894118
2937      0.894118
2938      0.894118
2939      0.894118
2940      0.886275
2941      0.890196
2942      0.890196
2943      0.890196
2944      0.890196
2945      0.890196
2946      0.890196
2947      0.886275
2948      0.874510
2949      0.874510
2950      0.874510
2951      0.866667
2952      0.870588
2953      0.874510
2954      0.874510
2955      0.870588
2956      0.870588
2957      0.878431
2958      0.890196
2959      0.898039
2960      0.890196
2961      0.882353
2962      0.886275
2963      0.894118
2964      0.894118
2965      0.878431
2966      0.866667
2967      0.866667
2968      0.870588
2969      0.878431
2970      0.882353
2971      0.882353
2972      0.874510
2973      0.866667
2974      0.858824
2975      0.874510
2976      0.882353
2977      0.890196
2978      0.890196
2979      0.886275
2980      0.886275
2981      0.890196
2982      0.894118
2983      0.886275
2984      0.890196
2985      0.890196
2986      0.894118
2987      0.898039
2988      0.898039
2989      0.901961
2990      0.901961
2991      0.905882
2992      0.905882
2993      0.909804
2994      0.909804
2995      0.909804
2996      0.909804
2997      0.905882
2998      0.901961
2999      0.890196
3000      0.890196
3001      0.894118
3002      0.894118
3003      0.894118
3004      0.890196
3005      0.886275
3006      0.882353
3007      0.886275
3008      0.886275
3009      0.890196
3010      0.890196
3011      0.894118
3012      0.894118
3013      0.894118
3014      0.898039
3015      0.894118
3016      0.901961
3017      0.905882
3018      0.901961
3019      0.886275
3020      0.870588
3021      0.862745
3022      0.858824
3023      0.874510
3024      0.878431
3025      0.882353
3026      0.882353
3027      0.870588
3028      0.854902
3029      0.835294
3030      0.823529
3031      0.823529
3032      0.823529
3033      0.823529
3034      0.823529
3035      0.823529
3036      0.831373
3037      0.835294
3038      0.835294
3039      0.831373
3040      0.835294
3041      0.847059
3042      0.858824
3043      0.862745
3044      0.866667
3045      0.866667
3046      0.866667
3047      0.850980
3048      0.858824
3049      0.866667
3050      0.874510
3051      0.874510
3052      0.870588
3053      0.862745
3054      0.858824
3055      0.866667
3056      0.862745
3057      0.854902
3058      0.847059
3059      0.843137
3060      0.843137
3061      0.843137
3062      0.847059
3063      0.850980
3064      0.850980
3065      0.850980
3066      0.850980
3067      0.854902
3068      0.862745
3069      0.866667
3070      0.870588
3071      0.886275
3072      0.894118
3073      0.898039
3074      0.894118
3075      0.882353
3076      0.874510
3077      0.874510
3078      0.874510
3079      0.862745
3080      0.878431
3081      0.894118
3082      0.901961
3083      0.898039
3084      0.886275
3085      0.882353
3086      0.882353
3087      0.882353
3088      0.882353
3089      0.882353
3090      0.886275
3091      0.890196
3092      0.898039
3093      0.901961
3094      0.905882
3095      0.905882
3096      0.909804
3097      0.921569
3098      0.921569
3099      0.917647
3100      0.901961
3101      0.882353
3102      0.870588
3103      0.866667
3104      0.870588
3105      0.874510
3106      0.882353
3107      0.882353
3108      0.878431
3109      0.874510
3110      0.874510
3111      0.866667
3112      0.862745
3113      0.854902
3114      0.850980
3115      0.847059
3116      0.850980
3117      0.850980
3118      0.854902
3119      0.854902
3120      0.858824
3121      0.862745
3122      0.862745
3123      0.862745
3124      0.862745
3125      0.858824
3126      0.854902
3127      0.858824
3128      0.858824
3129      0.862745
3130      0.858824
3131      0.858824
3132      0.854902
3133      0.847059
3134      0.847059
3135      0.843137
3136      0.847059
3137      0.850980
3138      0.858824
3139      0.862745
3140      0.866667
3141      0.866667
3142      0.866667
3143      0.854902
3144      0.858824
3145      0.866667
3146      0.870588
3147      0.874510
3148      0.878431
3149      0.878431
3150      0.878431
3151      0.909804
3152      0.917647
3153      0.925490
3154      0.933333
3155      0.937255
3156      0.933333
3157      0.925490
3158      0.921569
3159      0.909804
3160      0.905882
3161      0.901961
3162      0.894118
3163      0.894118
3164      0.890196
3165      0.890196
3166      0.890196
3167      0.890196
3168      0.894118
3169      0.898039
3170      0.898039
3171      0.898039
3172      0.898039
3173      0.894118
3174      0.890196
3175      0.874510
3176      0.874510
3177      0.874510
3178      0.862745
3179      0.870588
3180      0.874510
3181      0.870588
3182      0.870588
3183      0.874510
3184      0.882353
3185      0.890196
3186      0.894118
3187      0.882353
3188      0.874510
3189      0.878431
3190      0.890196
3191      0.890196
3192      0.874510
3193      0.854902
3194      0.854902
3195      0.862745
3196      0.874510
3197      0.882353
3198      0.882353
3199      0.878431
3200      0.866667
3201      0.862745
3202      0.858824
3203      0.866667
3204      0.878431
3205      0.882353
3206      0.878431
3207      0.878431
3208      0.886275
3209      0.890196
3210      0.882353
3211      0.882353
3212      0.886275
3213      0.890196
3214      0.894118
3215      0.898039
3216      0.898039
3217      0.901961
3218      0.909804
3219      0.909804
3220      0.905882
3221      0.905882
3222      0.901961
3223      0.901961
3224      0.898039
3225      0.894118
3226      0.901961
3227      0.901961
3228      0.905882
3229      0.905882
3230      0.901961
3231      0.898039
3232      0.894118
3233      0.894118
3234      0.894118
3235      0.894118
3236      0.898039
3237      0.898039
3238      0.898039
3239      0.901961
3240      0.901961
3241      0.901961
3242      0.894118
3243      0.901961
3244      0.905882
3245      0.898039
3246      0.886275
3247      0.870588
3248      0.866667
3249      0.866667
3250      0.866667
3251      0.874510
3252      0.886275
3253      0.890196
3254      0.882353
3255      0.866667
3256      0.847059
3257      0.835294
3258      0.835294
3259      0.835294
3260      0.835294
3261      0.835294
3262      0.835294
3263      0.835294
3264      0.835294
3265      0.835294
3266      0.835294
3267      0.839216
3268      0.843137
3269      0.850980
3270      0.858824
3271      0.862745
3272      0.866667
3273      0.870588
3274      0.862745
3275      0.862745
3276      0.866667
3277      0.870588
3278      0.870588
3279      0.870588
3280      0.870588
3281      0.870588
3282      0.874510
3283      0.866667
3284      0.858824
3285      0.850980
3286      0.839216
3287      0.831373
3288      0.827451
3289      0.827451
3290      0.827451
3291      0.827451
3292      0.827451
3293      0.831373
3294      0.835294
3295      0.839216
3296      0.843137
3297      0.847059
3298      0.862745
3299      0.866667
3300      0.874510
3301      0.874510
3302      0.870588
3303      0.866667
3304      0.866667
3305      0.870588
3306      0.866667
3307      0.874510
3308      0.886275
3309      0.886275
3310      0.878431
3311      0.870588
3312      0.870588
3313      0.870588
3314      0.878431
3315      0.878431
3316      0.882353
3317      0.882353
3318      0.886275
3319      0.894118
3320      0.901961
3321      0.905882
3322      0.898039
3323      0.898039
3324      0.894118
3325      0.890196
3326      0.882353
3327      0.874510
3328      0.870588
3329      0.866667
3330      0.862745
3331      0.866667
3332      0.866667
3333      0.866667
3334      0.870588
3335      0.870588
3336      0.870588
3337      0.870588
3338      0.858824
3339      0.862745
3340      0.862745
3341      0.862745
3342      0.862745
3343      0.858824
3344      0.858824
3345      0.858824
3346      0.850980
3347      0.850980
3348      0.854902
3349      0.858824
3350      0.858824
3351      0.854902
3352      0.850980
3353      0.850980
3354      0.858824
3355      0.858824
3356      0.858824
3357      0.858824
3358      0.854902
3359      0.847059
3360      0.843137
3361      0.839216
3362      0.839216
3363      0.843137
3364      0.850980
3365      0.854902
3366      0.858824
3367      0.862745
3368      0.862745
3369      0.862745
3370      0.858824
3371      0.858824
3372      0.858824
3373      0.858824
3374      0.866667
3375      0.874510
3376      0.878431
3377      0.886275
3378      0.913725
3379      0.917647
3380      0.929412
3381      0.933333
3382      0.933333
3383      0.921569
3384      0.913725
3385      0.905882
3386      0.898039
3387      0.898039
3388      0.890196
3389      0.886275
3390      0.886275
3391      0.882353
3392      0.882353
3393      0.886275
3394      0.890196
3395      0.894118
3396      0.898039
3397      0.901961
3398      0.901961
3399      0.898039
3400      0.894118
3401      0.890196
3402      0.874510
3403      0.874510
3404      0.874510
3405      0.862745
3406      0.866667
3407      0.870588
3408      0.870588
3409      0.870588
3410      0.874510
3411      0.886275
3412      0.894118
3413      0.890196
3414      0.878431
3415      0.866667
3416      0.874510
3417      0.886275
3418      0.886275
3419      0.866667
3420      0.847059
3421      0.850980
3422      0.858824
3423      0.870588
3424      0.882353
3425      0.886275
3426      0.878431
3427      0.870588
3428      0.862745
3429      0.847059
3430      0.854902
3431      0.866667
3432      0.874510
3433      0.874510
3434      0.874510
3435      0.882353
3436      0.886275
3437      0.874510
3438      0.878431
3439      0.882353
3440      0.882353
3441      0.886275
3442      0.890196
3443      0.894118
3444      0.894118
3445      0.909804
3446      0.905882
3447      0.901961
3448      0.901961
3449      0.894118
3450      0.890196
3451      0.890196
3452      0.886275
3453      0.909804
3454      0.909804
3455      0.913725
3456      0.909804
3457      0.909804
3458      0.905882
3459      0.901961
3460      0.898039
3461      0.901961
3462      0.901961
3463      0.901961
3464      0.901961
3465      0.901961
3466      0.905882
3467      0.905882
3468      0.905882
3469      0.898039
3470      0.901961
3471      0.901961
3472      0.894118
3473      0.882353
3474      0.870588
3475      0.866667
3476      0.870588
3477      0.854902
3478      0.866667
3479      0.882353
3480      0.890196
3481      0.890196
3482      0.878431
3483      0.858824
3484      0.847059
3485      0.843137
3486      0.843137
3487      0.847059
3488      0.847059
3489      0.847059
3490      0.843137
3491      0.839216
3492      0.839216
3493      0.839216
3494      0.839216
3495      0.839216
3496      0.839216
3497      0.843137
3498      0.850980
3499      0.854902
3500      0.858824
3501      0.870588
3502      0.870588
3503      0.866667
3504      0.866667
3505      0.870588
3506      0.870588
3507      0.874510
3508      0.878431
3509      0.874510
3510      0.870588
3511      0.862745
3512      0.850980
3513      0.843137
3514      0.831373
3515      0.823529
3516      0.819608
3517      0.823529
3518      0.819608
3519      0.819608
3520      0.819608
3521      0.819608
3522      0.823529
3523      0.827451
3524      0.831373
3525      0.839216
3526      0.850980
3527      0.858824
3528      0.862745
3529      0.862745
3530      0.862745
3531      0.870588
3532      0.874510
3533      0.874510
3534      0.878431
3535      0.878431
3536      0.870588
3537      0.862745
3538      0.858824
3539      0.858824
3540      0.866667
3541      0.878431
3542      0.878431
3543      0.882353
3544      0.882353
3545      0.890196
3546      0.894118
3547      0.901961
3548      0.905882
3549      0.898039
3550      0.890196
3551      0.874510
3552      0.862745
3553      0.854902
3554      0.858824
3555      0.862745
3556      0.866667
3557      0.866667
3558      0.866667
3559      0.866667
3560      0.862745
3561      0.866667
3562      0.870588
3563      0.874510
3564      0.874510
3565      0.854902
3566      0.858824
3567      0.866667
3568      0.870588
3569      0.870588
3570      0.866667
3571      0.862745
3572      0.858824
3573      0.847059
3574      0.847059
3575      0.850980
3576      0.854902
3577      0.854902
3578      0.850980
3579      0.847059
3580      0.847059
3581      0.858824
3582      0.858824
3583      0.858824
3584      0.854902
3585      0.850980
3586      0.847059
3587      0.839216
3588      0.839216
3589      0.839216
3590      0.843137
3591      0.850980
3592      0.854902
3593      0.858824
3594      0.862745
3595      0.862745
3596      0.862745
3597      0.862745
3598      0.858824
3599      0.854902
3600      0.854902
3601      0.858824
3602      0.870588
3603      0.882353
3604      0.890196
3605      0.905882
3606      0.909804
3607      0.917647
3608      0.921569
3609      0.917647
3610      0.909804
3611      0.894118
3612      0.886275
3613      0.890196
3614      0.890196
3615      0.882353
3616      0.878431
3617      0.878431
3618      0.878431
3619      0.878431
3620      0.878431
3621      0.890196
3622      0.890196
3623      0.898039
3624      0.901961
3625      0.901961
3626      0.898039
3627      0.890196
3628      0.890196
3629      0.874510
3630      0.874510
3631      0.874510
3632      0.858824
3633      0.862745
3634      0.862745
3635      0.866667
3636      0.874510
3637      0.878431
3638      0.878431
3639      0.882353
3640      0.874510
3641      0.874510
3642      0.870588
3643      0.870588
3644      0.866667
3645      0.862745
3646      0.858824
3647      0.858824
3648      0.854902
3649      0.854902
3650      0.854902
3651      0.858824
3652      0.862745
3653      0.862745
3654      0.862745
3655      0.866667
3656      0.850980
3657      0.850980
3658      0.847059
3659      0.847059
3660      0.850980
3661      0.858824
3662      0.866667
3663      0.870588
3664      0.866667
3665      0.878431
3666      0.890196
3667      0.890196
3668      0.886275
3669      0.882353
3670      0.882353
3671      0.886275
3672      0.905882
3673      0.901961
3674      0.894118
3675      0.890196
3676      0.886275
3677      0.890196
3678      0.894118
3679      0.894118
3680      0.905882
3681      0.909804
3682      0.921569
3683      0.925490
3684      0.929412
3685      0.921569
3686      0.917647
3687      0.909804
3688      0.905882
3689      0.909804
3690      0.909804
3691      0.909804
3692      0.909804
3693      0.905882
3694      0.901961
3695      0.898039
3696      0.898039
3697      0.894118
3698      0.894118
3699      0.894118
3700      0.890196
3701      0.882353
3702      0.862745
3703      0.850980
3704      0.835294
3705      0.847059
3706      0.866667
3707      0.882353
3708      0.890196
3709      0.890196
3710      0.882353
3711      0.874510
3712      0.866667
3713      0.858824
3714      0.850980
3715      0.850980
3716      0.854902
3717      0.854902
3718      0.850980
3719      0.843137
3720      0.854902
3721      0.847059
3722      0.839216
3723      0.835294
3724      0.835294
3725      0.839216
3726      0.847059
3727      0.850980
3728      0.862745
3729      0.862745
3730      0.862745
3731      0.862745
3732      0.862745
3733      0.862745
3734      0.862745
3735      0.862745
3736      0.854902
3737      0.862745
3738      0.870588
3739      0.874510
3740      0.870588
3741      0.858824
3742      0.847059
3743      0.835294
3744      0.823529
3745      0.819608
3746      0.815686
3747      0.811765
3748      0.811765
3749      0.811765
3750      0.811765
3751      0.811765
3752      0.823529
3753      0.827451
3754      0.835294
3755      0.843137
3756      0.847059
3757      0.850980
3758      0.854902
3759      0.854902
3760      0.862745
3761      0.874510
3762      0.886275
3763      0.882353
3764      0.866667
3765      0.858824
3766      0.866667
3767      0.874510
3768      0.870588
3769      0.870588
3770      0.874510
3771      0.878431
3772      0.886275
3773      0.894118
3774      0.905882
3775      0.909804
3776      0.901961
3777      0.894118
3778      0.882353
3779      0.870588
3780      0.866667
3781      0.870588
3782      0.878431
3783      0.886275
3784      0.890196
3785      0.878431
3786      0.866667
3787      0.870588
3788      0.878431
3789      0.886275
3790      0.878431
3791      0.870588
3792      0.882353
3793      0.882353
3794      0.878431
3795      0.874510
3796      0.870588
3797      0.870588
3798      0.866667
3799      0.866667
3800      0.850980
3801      0.847059
3802      0.843137
3803      0.839216
3804      0.839216
3805      0.843137
3806      0.850980
3807      0.854902
3808      0.847059
3809      0.850980
3810      0.850980
3811      0.847059
3812      0.839216
3813      0.839216
3814      0.843137
3815      0.850980
3816      0.858824
3817      0.850980
3818      0.847059
3819      0.854902
3820      0.866667
3821      0.866667
3822      0.850980
3823      0.839216
3824      0.870588
3825      0.862745
3826      0.854902
3827      0.847059
3828      0.850980
3829      0.858824
3830      0.870588
3831      0.878431
3832      0.905882
3833      0.909804
3834      0.917647
3835      0.921569
3836      0.913725
3837      0.898039
3838      0.878431
3839      0.866667
3840      0.882353
3841      0.878431
3842      0.874510
3843      0.874510
3844      0.878431
3845      0.878431
3846      0.870588
3847      0.858824
3848      0.890196
3849      0.890196
3850      0.894118
3851      0.898039
3852      0.898039
3853      0.898039
3854      0.898039
3855      0.898039
3856      0.866667
3857      0.866667
3858      0.866667
3859      0.858824
3860      0.862745
3861      0.862745
3862      0.866667
3863      0.870588
3864      0.874510
3865      0.878431
3866      0.878431
3867      0.874510
3868      0.870588
3869      0.870588
3870      0.866667
3871      0.862745
3872      0.858824
3873      0.858824
3874      0.858824
3875      0.850980
3876      0.850980
3877      0.854902
3878      0.854902
3879      0.854902
3880      0.858824
3881      0.858824
3882      0.858824
3883      0.854902
3884      0.850980
3885      0.850980
3886      0.847059
3887      0.850980
3888      0.854902
3889      0.862745
3890      0.866667
3891      0.866667
3892      0.874510
3893      0.886275
3894      0.890196
3895      0.882353
3896      0.878431
3897      0.882353
3898      0.886275
3899      0.901961
3900      0.898039
3901      0.890196
3902      0.886275
3903      0.882353
3904      0.886275
3905      0.890196
3906      0.894118
3907      0.905882
3908      0.909804
3909      0.917647
3910      0.925490
3911      0.925490
3912      0.921569
3913      0.917647
3914      0.913725
3915      0.909804
3916      0.909804
3917      0.909804
3918      0.909804
3919      0.905882
3920      0.901961
3921      0.894118
3922      0.890196
3923      0.894118
3924      0.894118
3925      0.890196
3926      0.894118
3927      0.894118
3928      0.882353
3929      0.866667
3930      0.854902
3931      0.835294
3932      0.847059
3933      0.866667
3934      0.882353
3935      0.890196
3936      0.890196
3937      0.882353
3938      0.878431
3939      0.874510
3940      0.862745
3941      0.854902
3942      0.850980
3943      0.854902
3944      0.854902
3945      0.854902
3946      0.847059
3947      0.847059
3948      0.843137
3949      0.839216
3950      0.835294
3951      0.835294
3952      0.843137
3953      0.850980
3954      0.854902
3955      0.862745
3956      0.862745
3957      0.862745
3958      0.862745
3959      0.862745
3960      0.862745
3961      0.862745
3962      0.862745
3963      0.858824
3964      0.862745
3965      0.866667
3966      0.866667
3967      0.862745
3968      0.854902
3969      0.847059
3970      0.839216
3971      0.835294
3972      0.827451
3973      0.823529
3974      0.815686
3975      0.807843
3976      0.803922
3977      0.800000
3978      0.800000
3979      0.811765
3980      0.815686
3981      0.819608
3982      0.823529
3983      0.831373
3984      0.835294
3985      0.839216
3986      0.839216
3987      0.847059
3988      0.862745
3989      0.874510
3990      0.874510
3991      0.866667
3992      0.862745
3993      0.870588
3994      0.878431
3995      0.874510
3996      0.878431
3997      0.886275
3998      0.894118
3999      0.898039
4000      0.901961
4001      0.901961
4002      0.901961
4003      0.898039
4004      0.894118
4005      0.890196
4006      0.886275
4007      0.886275
4008      0.890196
4009      0.898039
4010      0.905882
4011      0.894118
4012      0.882353
4013      0.874510
4014      0.874510
4015      0.878431
4016      0.882353
4017      0.878431
4018      0.870588
4019      0.878431
4020      0.878431
4021      0.878431
4022      0.878431
4023      0.874510
4024      0.866667
4025      0.862745
4026      0.858824
4027      0.847059
4028      0.847059
4029      0.843137
4030      0.839216
4031      0.839216
4032      0.843137
4033      0.850980
4034      0.854902
4035      0.850980
4036      0.854902
4037      0.854902
4038      0.850980
4039      0.843137
4040      0.843137
4041      0.847059
4042      0.854902
4043      0.850980
4044      0.847059
4045      0.847059
4046      0.854902
4047      0.866667
4048      0.870588
4049      0.862745
4050      0.850980
4051      0.866667
4052      0.858824
4053      0.850980
4054      0.850980
4055      0.850980
4056      0.862745
4057      0.874510
4058      0.882353
4059      0.898039
4060      0.905882
4061      0.913725
4062      0.917647
4063      0.909804
4064      0.898039
4065      0.882353
4066      0.870588
4067      0.870588
4068      0.866667
4069      0.866667
4070      0.870588
4071      0.874510
4072      0.874510
4073      0.866667
4074      0.858824
4075      0.870588
4076      0.874510
4077      0.878431
4078      0.882353
4079      0.882353
4080      0.882353
4081      0.882353
4082      0.882353
4083      0.862745
4084      0.862745
4085      0.862745
4086      0.862745
4087      0.862745
4088      0.866667
4089      0.866667
4090      0.870588
4091      0.874510
4092      0.874510
4093      0.874510
4094      0.870588
4095      0.870588
4096      0.866667
4097      0.862745
4098      0.858824
4099      0.858824
4100      0.854902
4101      0.854902
4102      0.847059
4103      0.847059
4104      0.847059
4105      0.850980
4106      0.850980
4107      0.850980
4108      0.850980
4109      0.854902
4110      0.854902
4111      0.854902
4112      0.850980
4113      0.850980
4114      0.850980
4115      0.854902
4116      0.858824
4117      0.862745
4118      0.866667
4119      0.874510
4120      0.882353
4121      0.882353
4122      0.878431
4123      0.874510
4124      0.878431
4125      0.882353
4126      0.898039
4127      0.890196
4128      0.886275
4129      0.882353
4130      0.878431
4131      0.882353
4132      0.886275
4133      0.890196
4134      0.905882
4135      0.909804
4136      0.917647
4137      0.921569
4138      0.925490
4139      0.921569
4140      0.917647
4141      0.913725
4142      0.913725
4143      0.913725
4144      0.913725
4145      0.909804
4146      0.901961
4147      0.894118
4148      0.886275
4149      0.882353
4150      0.886275
4151      0.882353
4152      0.882353
4153      0.886275
4154      0.890196
4155      0.882353
4156      0.870588
4157      0.858824
4158      0.839216
4159      0.850980
4160      0.866667
4161      0.882353
4162      0.890196
4163      0.890196
4164      0.882353
4165      0.878431
4166      0.882353
4167      0.870588
4168      0.854902
4169      0.850980
4170      0.850980
4171      0.858824
4172      0.858824
4173      0.854902
4174      0.847059
4175      0.843137
4176      0.839216
4177      0.835294
4178      0.839216
4179      0.847059
4180      0.850980
4181      0.858824
4182      0.854902
4183      0.854902
4184      0.854902
4185      0.854902
4186      0.854902
4187      0.854902
4188      0.854902
4189      0.854902
4190      0.858824
4191      0.858824
4192      0.858824
4193      0.854902
4194      0.854902
4195      0.850980
4196      0.847059
4197      0.847059
4198      0.847059
4199      0.843137
4200      0.831373
4201      0.819608
4202      0.807843
4203      0.800000
4204      0.796078
4205      0.796078
4206      0.807843
4207      0.807843
4208      0.803922
4209      0.803922
4210      0.807843
4211      0.811765
4212      0.811765
4213      0.815686
4214      0.827451
4215      0.843137
4216      0.858824
4217      0.862745
4218      0.858824
4219      0.858824
4220      0.870588
4221      0.882353
4222      0.882353
4223      0.886275
4224      0.898039
4225      0.901961
4226      0.905882
4227      0.901961
4228      0.894118
4229      0.890196
4230      0.882353
4231      0.886275
4232      0.890196
4233      0.894118
4234      0.898039
4235      0.905882
4236      0.909804
4237      0.913725
4238      0.898039
4239      0.890196
4240      0.882353
4241      0.878431
4242      0.878431
4243      0.878431
4244      0.874510
4245      0.870588
4246      0.874510
4247      0.878431
4248      0.882353
4249      0.882353
4250      0.878431
4251      0.866667
4252      0.854902
4253      0.850980
4254      0.847059
4255      0.847059
4256      0.843137
4257      0.843137
4258      0.847059
4259      0.850980
4260      0.854902
4261      0.858824
4262      0.858824
4263      0.862745
4264      0.862745
4265      0.858824
4266      0.850980
4267      0.847059
4268      0.850980
4269      0.858824
4270      0.850980
4271      0.847059
4272      0.850980
4273      0.858824
4274      0.870588
4275      0.874510
4276      0.870588
4277      0.866667
4278      0.862745
4279      0.862745
4280      0.858824
4281      0.858824
4282      0.862745
4283      0.874510
4284      0.886275
4285      0.894118
4286      0.905882
4287      0.909804
4288      0.913725
4289      0.913725
4290      0.905882
4291      0.894118
4292      0.882353
4293      0.870588
4294      0.862745
4295      0.858824
4296      0.858824
4297      0.862745
4298      0.870588
4299      0.870588
4300      0.866667
4301      0.858824
4302      0.854902
4303      0.858824
4304      0.862745
4305      0.866667
4306      0.866667
4307      0.866667
4308      0.866667
4309      0.862745
4310      0.858824
4311      0.858824
4312      0.858824
4313      0.866667
4314      0.866667
4315      0.866667
4316      0.866667
4317      0.866667
4318      0.870588
4319      0.870588
4320      0.870588
4321      0.866667
4322      0.862745
4323      0.862745
4324      0.858824
4325      0.854902
4326      0.850980
4327      0.850980
4328      0.850980
4329      0.843137
4330      0.843137
4331      0.843137
4332      0.843137
4333      0.843137
4334      0.843137
4335      0.847059
4336      0.847059
4337      0.854902
4338      0.854902
4339      0.854902
4340      0.854902
4341      0.854902
4342      0.854902
4343      0.854902
4344      0.858824
4345      0.862745
4346      0.870588
4347      0.878431
4348      0.878431
4349      0.870588
4350      0.870588
4351      0.874510
4352      0.882353
4353      0.890196
4354      0.886275
4355      0.882353
4356      0.874510
4357      0.874510
4358      0.878431
4359      0.882353
4360      0.886275
4361      0.901961
4362      0.905882
4363      0.913725
4364      0.917647
4365      0.921569
4366      0.921569
4367      0.917647
4368      0.917647
4369      0.917647
4370      0.917647
4371      0.913725
4372      0.909804
4373      0.898039
4374      0.890196
4375      0.882353
4376      0.874510
4377      0.874510
4378      0.870588
4379      0.870588
4380      0.874510
4381      0.878431
4382      0.878431
4383      0.866667
4384      0.858824
4385      0.843137
4386      0.850980
4387      0.866667
4388      0.882353
4389      0.890196
4390      0.890196
4391      0.886275
4392      0.882353
4393      0.890196
4394      0.878431
4395      0.858824
4396      0.850980
4397      0.850980
4398      0.858824
4399      0.858824
4400      0.862745
4401      0.850980
4402      0.850980
4403      0.847059
4404      0.843137
4405      0.843137
4406      0.843137
4407      0.847059
4408      0.850980
4409      0.850980
4410      0.850980
4411      0.850980
4412      0.850980
4413      0.850980
4414      0.850980
4415      0.850980
4416      0.850980
4417      0.858824
4418      0.854902
4419      0.850980
4420      0.847059
4421      0.843137
4422      0.843137
4423      0.847059
4424      0.850980
4425      0.854902
4426      0.847059
4427      0.839216
4428      0.827451
4429      0.819608
4430      0.811765
4431      0.807843
4432      0.803922
4433      0.823529
4434      0.815686
4435      0.807843
4436      0.800000
4437      0.796078
4438      0.792157
4439      0.792157
4440      0.792157
4441      0.803922
4442      0.819608
4443      0.839216
4444      0.847059
4445      0.843137
4446      0.847059
4447      0.858824
4448      0.874510
4449      0.882353
4450      0.882353
4451      0.886275
4452      0.886275
4453      0.886275
4454      0.886275
4455      0.882353
4456      0.878431
4457      0.870588
4458      0.874510
4459      0.882353
4460      0.890196
4461      0.898039
4462      0.901961
4463      0.898039
4464      0.898039
4465      0.898039
4466      0.894118
4467      0.886275
4468      0.878431
4469      0.874510
4470      0.874510
4471      0.870588
4472      0.866667
4473      0.874510
4474      0.882353
4475      0.890196
4476      0.890196
4477      0.886275
4478      0.874510
4479      0.858824
4480      0.850980
4481      0.854902
4482      0.854902
4483      0.854902
4484      0.858824
4485      0.862745
4486      0.866667
4487      0.870588
4488      0.874510
4489      0.870588
4490      0.874510
4491      0.874510
4492      0.866667
4493      0.858824
4494      0.854902
4495      0.858824
4496      0.866667
4497      0.862745
4498      0.862745
4499      0.862745
4500      0.866667
4501      0.870588
4502      0.874510
4503      0.870588
4504      0.870588
4505      0.874510
4506      0.870588
4507      0.870588
4508      0.874510
4509      0.882353
4510      0.898039
4511      0.909804
4512      0.917647
4513      0.925490
4514      0.925490
4515      0.921569
4516      0.913725
4517      0.901961
4518      0.890196
4519      0.878431
4520      0.870588
4521      0.862745
4522      0.858824
4523      0.858824
4524      0.862745
4525      0.874510
4526      0.874510
4527      0.870588
4528      0.862745
4529      0.854902
4530      0.854902
4531      0.858824
4532      0.862745
4533      0.866667
4534      0.862745
4535      0.862745
4536      0.862745
4537      0.862745
4538      0.862745
4539      0.862745
4540      0.866667
4541      0.866667
4542      0.866667
4543      0.866667
4544      0.866667
4545      0.862745
4546      0.862745
4547      0.862745
4548      0.858824
4549      0.858824
4550      0.858824
4551      0.854902
4552      0.850980
4553      0.847059
4554      0.847059
4555      0.843137
4556      0.843137
4557      0.843137
4558      0.843137
4559      0.839216
4560      0.839216
4561      0.839216
4562      0.839216
4563      0.839216
4564      0.850980
4565      0.850980
4566      0.854902
4567      0.854902
4568      0.854902
4569      0.858824
4570      0.858824
4571      0.854902
4572      0.858824
4573      0.866667
4574      0.870588
4575      0.870588
4576      0.862745
4577      0.862745
4578      0.870588
4579      0.878431
4580      0.886275
4581      0.882353
4582      0.878431
4583      0.874510
4584      0.874510
4585      0.878431
4586      0.886275
4587      0.890196
4588      0.901961
4589      0.905882
4590      0.909804
4591      0.913725
4592      0.917647
4593      0.917647
4594      0.921569
4595      0.921569
4596      0.921569
4597      0.921569
4598      0.917647
4599      0.909804
4600      0.901961
4601      0.890196
4602      0.882353
4603      0.874510
4604      0.862745
4605      0.858824
4606      0.858824
4607      0.858824
4608      0.866667
4609      0.866667
4610      0.858824
4611      0.854902
4612      0.847059
4613      0.854902
4614      0.866667
4615      0.878431
4616      0.886275
4617      0.890196
4618      0.890196
4619      0.886275
4620      0.894118
4621      0.878431
4622      0.858824
4623      0.850980
4624      0.850980
4625      0.854902
4626      0.858824
4627      0.858824
4628      0.862745
4629      0.858824
4630      0.854902
4631      0.847059
4632      0.843137
4633      0.839216
4634      0.839216
4635      0.839216
4636      0.843137
4637      0.843137
4638      0.843137
4639      0.843137
4640      0.843137
4641      0.843137
4642      0.843137
4643      0.843137
4644      0.854902
4645      0.850980
4646      0.843137
4647      0.835294
4648      0.835294
4649      0.839216
4650      0.847059
4651      0.850980
4652      0.850980
4653      0.847059
4654      0.843137
4655      0.835294
4656      0.831373
4657      0.827451
4658      0.827451
4659      0.827451
4660      0.847059
4661      0.839216
4662      0.827451
4663      0.811765
4664      0.800000
4665      0.788235
4666      0.780392
4667      0.776471
4668      0.788235
4669      0.803922
4670      0.823529
4671      0.827451
4672      0.823529
4673      0.823529
4674      0.835294
4675      0.847059
4676      0.870588
4677      0.862745
4678      0.854902
4679      0.850980
4680      0.850980
4681      0.858824
4682      0.866667
4683      0.870588
4684      0.870588
4685      0.878431
4686      0.886275
4687      0.890196
4688      0.894118
4689      0.890196
4690      0.886275
4691      0.882353
4692      0.894118
4693      0.890196
4694      0.886275
4695      0.878431
4696      0.870588
4697      0.866667
4698      0.866667
4699      0.866667
4700      0.878431
4701      0.882353
4702      0.890196
4703      0.898039
4704      0.894118
4705      0.882353
4706      0.870588
4707      0.858824
4708      0.862745
4709      0.866667
4710      0.870588
4711      0.878431
4712      0.882353
4713      0.886275
4714      0.890196
4715      0.890196
4716      0.882353
4717      0.886275
4718      0.886275
4719      0.878431
4720      0.866667
4721      0.862745
4722      0.866667
4723      0.874510
4724      0.878431
4725      0.878431
4726      0.878431
4727      0.874510
4728      0.870588
4729      0.866667
4730      0.870588
4731      0.870588
4732      0.890196
4733      0.890196
4734      0.894118
4735      0.898039
4736      0.909804
4737      0.921569
4738      0.929412
4739      0.937255
4740      0.949020
4741      0.945098
4742      0.933333
4743      0.917647
4744      0.901961
4745      0.886275
4746      0.874510
4747      0.866667
4748      0.870588
4749      0.866667
4750      0.866667
4751      0.874510
4752      0.882353
4753      0.886275
4754      0.878431
4755      0.874510
4756      0.862745
4757      0.866667
4758      0.870588
4759      0.870588
4760      0.874510
4761      0.874510
4762      0.870588
4763      0.870588
4764      0.870588
4765      0.870588
4766      0.870588
4767      0.870588
4768      0.870588
4769      0.866667
4770      0.866667
4771      0.862745
4772      0.858824
4773      0.858824
4774      0.858824
4775      0.854902
4776      0.854902
4777      0.850980
4778      0.850980
4779      0.847059
4780      0.843137
4781      0.839216
4782      0.839216
4783      0.843137
4784      0.843137
4785      0.843137
4786      0.843137
4787      0.839216
4788      0.839216
4789      0.839216
4790      0.839216
4791      0.843137
4792      0.847059
4793      0.850980
4794      0.854902
4795      0.858824
4796      0.862745
4797      0.862745
4798      0.858824
4799      0.858824
4800      0.862745
4801      0.866667
4802      0.862745
4803      0.858824
4804      0.858824
4805      0.866667
4806      0.874510
4807      0.886275
4808      0.882353
4809      0.878431
4810      0.874510
4811      0.874510
4812      0.882353
4813      0.886275
4814      0.890196
4815      0.901961
4816      0.901961
4817      0.905882
4818      0.909804
4819      0.913725
4820      0.917647
4821      0.921569
4822      0.921569
4823      0.925490
4824      0.925490
4825      0.921569
4826      0.913725
4827      0.905882
4828      0.894118
4829      0.886275
4830      0.882353
4831      0.862745
4832      0.858824
4833      0.850980
4834      0.854902
4835      0.858824
4836      0.862745
4837      0.854902
4838      0.850980
4839      0.850980
4840      0.858824
4841      0.866667
4842      0.878431
4843      0.886275
4844      0.890196
4845      0.890196
4846      0.890196
4847      0.890196
4848      0.878431
4849      0.858824
4850      0.850980
4851      0.850980
4852      0.854902
4853      0.850980
4854      0.850980
4855      0.858824
4856      0.858824
4857      0.854902
4858      0.850980
4859      0.847059
4860      0.843137
4861      0.839216
4862      0.839216
4863      0.839216
4864      0.839216
4865      0.839216
4866      0.839216
4867      0.839216
4868      0.839216
4869      0.839216
4870      0.839216
4871      0.847059
4872      0.843137
4873      0.839216
4874      0.835294
4875      0.835294
4876      0.835294
4877      0.843137
4878      0.847059
4879      0.847059
4880      0.843137
4881      0.843137
4882      0.839216
4883      0.835294
4884      0.839216
4885      0.839216
4886      0.843137
4887      0.858824
4888      0.854902
4889      0.847059
4890      0.835294
4891      0.819608
4892      0.803922
4893      0.788235
4894      0.780392
4895      0.784314
4896      0.796078
4897      0.811765
4898      0.811765
4899      0.800000
4900      0.796078
4901      0.803922
4902      0.811765
4903      0.839216
4904      0.831373
4905      0.819608
4906      0.815686
4907      0.819608
4908      0.831373
4909      0.850980
4910      0.862745
4911      0.878431
4912      0.882353
4913      0.886275
4914      0.890196
4915      0.890196
4916      0.886275
4917      0.878431
4918      0.874510
4919      0.882353
4920      0.882353
4921      0.882353
4922      0.874510
4923      0.862745
4924      0.858824
4925      0.862745
4926      0.870588
4927      0.870588
4928      0.878431
4929      0.886275
4930      0.890196
4931      0.890196
4932      0.886275
4933      0.878431
4934      0.870588
4935      0.870588
4936      0.874510
4937      0.882353
4938      0.890196
4939      0.898039
4940      0.901961
4941      0.905882
4942      0.905882
4943      0.894118
4944      0.898039
4945      0.894118
4946      0.886275
4947      0.874510
4948      0.870588
4949      0.874510
4950      0.882353
4951      0.890196
4952      0.894118
4953      0.890196
4954      0.882353
4955      0.870588
4956      0.866667
4957      0.870588
4958      0.874510
4959      0.905882
4960      0.909804
4961      0.913725
4962      0.917647
4963      0.925490
4964      0.937255
4965      0.945098
4966      0.949020
4967      0.956863
4968      0.949020
4969      0.933333
4970      0.913725
4971      0.894118
4972      0.882353
4973      0.870588
4974      0.866667
4975      0.882353
4976      0.878431
4977      0.874510
4978      0.882353
4979      0.890196
4980      0.890196
4981      0.882353
4982      0.878431
4983      0.870588
4984      0.874510
4985      0.878431
4986      0.882353
4987      0.882353
4988      0.882353
4989      0.878431
4990      0.878431
4991      0.874510
4992      0.874510
4993      0.874510
4994      0.874510
4995      0.870588
4996      0.870588
4997      0.866667
4998      0.862745
4999      0.858824
5000      0.854902
5001      0.854902
5002      0.850980
5003      0.850980
5004      0.850980
5005      0.847059
5006      0.843137
5007      0.839216
5008      0.839216
5009      0.835294
5010      0.847059
5011      0.847059
5012      0.843137
5013      0.843137
5014      0.839216
5015      0.839216
5016      0.839216
5017      0.839216
5018      0.835294
5019      0.839216
5020      0.847059
5021      0.858824
5022      0.862745
5023      0.866667
5024      0.866667
5025      0.866667
5026      0.854902
5027      0.858824
5028      0.862745
5029      0.858824
5030      0.850980
5031      0.854902
5032      0.866667
5033      0.874510
5034      0.886275
5035      0.882353
5036      0.878431
5037      0.878431
5038      0.878431
5039      0.886275
5040      0.890196
5041      0.894118
5042      0.898039
5043      0.901961
5044      0.901961
5045      0.905882
5046      0.909804
5047      0.917647
5048      0.921569
5049      0.925490
5050      0.925490
5051      0.925490
5052      0.921569
5053      0.917647
5054      0.909804
5055      0.901961
5056      0.894118
5057      0.890196
5058      0.874510
5059      0.866667
5060      0.858824
5061      0.858824
5062      0.862745
5063      0.862745
5064      0.858824
5065      0.850980
5066      0.854902
5067      0.858824
5068      0.866667
5069      0.878431
5070      0.886275
5071      0.890196
5072      0.894118
5073      0.894118
5074      0.882353
5075      0.870588
5076      0.858824
5077      0.854902
5078      0.854902
5079      0.850980
5080      0.847059
5081      0.839216
5082      0.847059
5083      0.847059
5084      0.850980
5085      0.850980
5086      0.850980
5087      0.850980
5088      0.850980
5089      0.850980
5090      0.831373
5091      0.831373
5092      0.831373
5093      0.831373
5094      0.831373
5095      0.831373
5096      0.831373
5097      0.831373
5098      0.839216
5099      0.835294
5100      0.835294
5101      0.835294
5102      0.835294
5103      0.835294
5104      0.839216
5105      0.839216
5106      0.843137
5107      0.839216
5108      0.839216
5109      0.835294
5110      0.831373
5111      0.835294
5112      0.835294
5113      0.835294
5114      0.850980
5115      0.854902
5116      0.854902
5117      0.850980
5118      0.839216
5119      0.823529
5120      0.807843
5121      0.796078
5122      0.784314
5123      0.796078
5124      0.803922
5125      0.796078
5126      0.780392
5127      0.768627
5128      0.768627
5129      0.776471
5130      0.803922
5131      0.800000
5132      0.796078
5133      0.800000
5134      0.807843
5135      0.823529
5136      0.839216
5137      0.847059
5138      0.870588
5139      0.870588
5140      0.874510
5141      0.874510
5142      0.874510
5143      0.874510
5144      0.870588
5145      0.870588
5146      0.866667
5147      0.874510
5148      0.874510
5149      0.866667
5150      0.854902
5151      0.854902
5152      0.858824
5153      0.870588
5154      0.862745
5155      0.866667
5156      0.870588
5157      0.874510
5158      0.878431
5159      0.878431
5160      0.878431
5161      0.878431
5162      0.870588
5163      0.874510
5164      0.886275
5165      0.898039
5166      0.905882
5167      0.909804
5168      0.913725
5169      0.913725
5170      0.901961
5171      0.905882
5172      0.901961
5173      0.894118
5174      0.882353
5175      0.878431
5176      0.882353
5177      0.886275
5178      0.890196
5179      0.894118
5180      0.894118
5181      0.886275
5182      0.874510
5183      0.870588
5184      0.878431
5185      0.890196
5186      0.917647
5187      0.917647
5188      0.921569
5189      0.929412
5190      0.937255
5191      0.945098
5192      0.949020
5193      0.952941
5194      0.945098
5195      0.937255
5196      0.917647
5197      0.901961
5198      0.886275
5199      0.878431
5200      0.874510
5201      0.870588
5202      0.886275
5203      0.882353
5204      0.882353
5205      0.886275
5206      0.890196
5207      0.890196
5208      0.882353
5209      0.874510
5210      0.870588
5211      0.870588
5212      0.874510
5213      0.878431
5214      0.882353
5215      0.878431
5216      0.878431
5217      0.878431
5218      0.870588
5219      0.870588
5220      0.870588
5221      0.874510
5222      0.870588
5223      0.870588
5224      0.866667
5225      0.858824
5226      0.854902
5227      0.854902
5228      0.850980
5229      0.850980
5230      0.850980
5231      0.847059
5232      0.843137
5233      0.839216
5234      0.839216
5235      0.835294
5236      0.835294
5237      0.847059
5238      0.847059
5239      0.847059
5240      0.843137
5241      0.843137
5242      0.839216
5243      0.839216
5244      0.839216
5245      0.827451
5246      0.835294
5247      0.847059
5248      0.858824
5249      0.866667
5250      0.870588
5251      0.870588
5252      0.870588
5253      0.854902
5254      0.858824
5255      0.858824
5256      0.854902
5257      0.850980
5258      0.850980
5259      0.862745
5260      0.874510
5261      0.886275
5262      0.886275
5263      0.882353
5264      0.878431
5265      0.882353
5266      0.886275
5267      0.894118
5268      0.898039
5269      0.898039
5270      0.898039
5271      0.901961
5272      0.901961
5273      0.909804
5274      0.917647
5275      0.921569
5276      0.925490
5277      0.925490
5278      0.925490
5279      0.925490
5280      0.921569
5281      0.913725
5282      0.905882
5283      0.898039
5284      0.894118
5285      0.882353
5286      0.874510
5287      0.866667
5288      0.862745
5289      0.866667
5290      0.866667
5291      0.862745
5292      0.854902
5293      0.854902
5294      0.858824
5295      0.866667
5296      0.878431
5297      0.886275
5298      0.890196
5299      0.894118
5300      0.894118
5301      0.874510
5302      0.866667
5303      0.858824
5304      0.854902
5305      0.854902
5306      0.850980
5307      0.839216
5308      0.831373
5309      0.835294
5310      0.839216
5311      0.843137
5312      0.850980
5313      0.854902
5314      0.858824
5315      0.862745
5316      0.862745
5317      0.831373
5318      0.831373
5319      0.831373
5320      0.831373
5321      0.831373
5322      0.831373
5323      0.831373
5324      0.831373
5325      0.831373
5326      0.831373
5327      0.835294
5328      0.835294
5329      0.835294
5330      0.835294
5331      0.835294
5332      0.835294
5333      0.843137
5334      0.839216
5335      0.835294
5336      0.831373
5337      0.827451
5338      0.827451
5339      0.827451
5340      0.827451
5341      0.839216
5342      0.847059
5343      0.858824
5344      0.858824
5345      0.854902
5346      0.839216
5347      0.823529
5348      0.811765
5349      0.788235
5350      0.796078
5351      0.800000
5352      0.788235
5353      0.764706
5354      0.749020
5355      0.749020
5356      0.752941
5357      0.776471
5358      0.780392
5359      0.788235
5360      0.796078
5361      0.807843
5362      0.819608
5363      0.831373
5364      0.835294
5365      0.850980
5366      0.850980
5367      0.854902
5368      0.854902
5369      0.858824
5370      0.858824
5371      0.862745
5372      0.862745
5373      0.858824
5374      0.866667
5375      0.870588
5376      0.862745
5377      0.854902
5378      0.850980
5379      0.858824
5380      0.870588
5381      0.850980
5382      0.854902
5383      0.858824
5384      0.862745
5385      0.866667
5386      0.874510
5387      0.878431
5388      0.878431
5389      0.866667
5390      0.870588
5391      0.882353
5392      0.898039
5393      0.905882
5394      0.909804
5395      0.913725
5396      0.913725
5397      0.905882
5398      0.909804
5399      0.905882
5400      0.898039
5401      0.886275
5402      0.882353
5403      0.882353
5404      0.890196
5405      0.882353
5406      0.890196
5407      0.894118
5408      0.886275
5409      0.874510
5410      0.874510
5411      0.890196
5412      0.901961
5413      0.917647
5414      0.921569
5415      0.925490
5416      0.933333
5417      0.937255
5418      0.945098
5419      0.949020
5420      0.949020
5421      0.929412
5422      0.921569
5423      0.905882
5424      0.890196
5425      0.878431
5426      0.874510
5427      0.874510
5428      0.874510
5429      0.890196
5430      0.886275
5431      0.882353
5432      0.886275
5433      0.886275
5434      0.886275
5435      0.878431
5436      0.870588
5437      0.862745
5438      0.866667
5439      0.870588
5440      0.874510
5441      0.874510
5442      0.874510
5443      0.874510
5444      0.870588
5445      0.866667
5446      0.866667
5447      0.866667
5448      0.866667
5449      0.862745
5450      0.854902
5451      0.850980
5452      0.850980
5453      0.854902
5454      0.858824
5455      0.862745
5456      0.854902
5457      0.850980
5458      0.850980
5459      0.847059
5460      0.847059
5461      0.847059
5462      0.850980
5463      0.850980
5464      0.854902
5465      0.858824
5466      0.858824
5467      0.858824
5468      0.858824
5469      0.854902
5470      0.850980
5471      0.847059
5472      0.843137
5473      0.847059
5474      0.850980
5475      0.858824
5476      0.866667
5477      0.874510
5478      0.878431
5479      0.882353
5480      0.854902
5481      0.858824
5482      0.858824
5483      0.854902
5484      0.850980
5485      0.854902
5486      0.862745
5487      0.874510
5488      0.870588
5489      0.874510
5490      0.874510
5491      0.878431
5492      0.886275
5493      0.894118
5494      0.901961
5495      0.905882
5496      0.905882
5497      0.905882
5498      0.909804
5499      0.913725
5500      0.917647
5501      0.917647
5502      0.921569
5503      0.925490
5504      0.921569
5505      0.925490
5506      0.929412
5507      0.929412
5508      0.925490
5509      0.921569
5510      0.913725
5511      0.909804
5512      0.894118
5513      0.886275
5514      0.882353
5515      0.882353
5516      0.882353
5517      0.882353
5518      0.878431
5519      0.870588
5520      0.874510
5521      0.870588
5522      0.866667
5523      0.874510
5524      0.882353
5525      0.890196
5526      0.886275
5527      0.882353
5528      0.858824
5529      0.858824
5530      0.858824
5531      0.854902
5532      0.850980
5533      0.843137
5534      0.835294
5535      0.831373
5536      0.831373
5537      0.831373
5538      0.835294
5539      0.839216
5540      0.850980
5541      0.862745
5542      0.878431
5543      0.886275
5544      0.850980
5545      0.847059
5546      0.843137
5547      0.839216
5548      0.835294
5549      0.839216
5550      0.843137
5551      0.847059
5552      0.843137
5553      0.843137
5554      0.843137
5555      0.843137
5556      0.843137
5557      0.847059
5558      0.847059
5559      0.847059
5560      0.839216
5561      0.831373
5562      0.827451
5563      0.819608
5564      0.819608
5565      0.823529
5566      0.827451
5567      0.827451
5568      0.847059
5569      0.854902
5570      0.862745
5571      0.866667
5572      0.862745
5573      0.850980
5574      0.839216
5575      0.827451
5576      0.796078
5577      0.803922
5578      0.807843
5579      0.800000
5580      0.780392
5581      0.760784
5582      0.745098
5583      0.737255
5584      0.760784
5585      0.764706
5586      0.772549
5587      0.776471
5588      0.784314
5589      0.800000
5590      0.819608
5591      0.839216
5592      0.847059
5593      0.847059
5594      0.847059
5595      0.847059
5596      0.850980
5597      0.850980
5598      0.850980
5599      0.850980
5600      0.854902
5601      0.850980
5602      0.854902
5603      0.858824
5604      0.866667
5605      0.866667
5606      0.862745
5607      0.858824
5608      0.866667
5609      0.854902
5610      0.847059
5611      0.850980
5612      0.866667
5613      0.878431
5614      0.878431
5615      0.874510
5616      0.882353
5617      0.886275
5618      0.890196
5619      0.894118
5620      0.901961
5621      0.909804
5622      0.913725
5623      0.913725
5624      0.905882
5625      0.901961
5626      0.898039
5627      0.898039
5628      0.898039
5629      0.890196
5630      0.874510
5631      0.862745
5632      0.862745
5633      0.862745
5634      0.862745
5635      0.866667
5636      0.874510
5637      0.886275
5638      0.898039
5639      0.905882
5640      0.921569
5641      0.917647
5642      0.921569
5643      0.933333
5644      0.952941
5645      0.964706
5646      0.960784
5647      0.949020
5648      0.937255
5649      0.925490
5650      0.901961
5651      0.882353
5652      0.866667
5653      0.858824
5654      0.858824
5655      0.862745
5656      0.874510
5657      0.874510
5658      0.874510
5659      0.878431
5660      0.874510
5661      0.870588
5662      0.866667
5663      0.866667
5664      0.850980
5665      0.850980
5666      0.850980
5667      0.850980
5668      0.854902
5669      0.858824
5670      0.866667
5671      0.870588
5672      0.850980
5673      0.850980
5674      0.854902
5675      0.874510
5676      0.866667
5677      0.862745
5678      0.854902
5679      0.850980
5680      0.850980
5681      0.850980
5682      0.850980
5683      0.847059
5684      0.847059
5685      0.850980
5686      0.854902
5687      0.854902
5688      0.858824
5689      0.858824
5690      0.858824
5691      0.854902
5692      0.858824
5693      0.858824
5694      0.858824
5695      0.858824
5696      0.854902
5697      0.850980
5698      0.847059
5699      0.843137
5700      0.847059
5701      0.850980
5702      0.858824
5703      0.862745
5704      0.870588
5705      0.874510
5706      0.878431
5707      0.854902
5708      0.858824
5709      0.858824
5710      0.854902
5711      0.850980
5712      0.850980
5713      0.862745
5714      0.874510
5715      0.870588
5716      0.870588
5717      0.874510
5718      0.878431
5719      0.886275
5720      0.894118
5721      0.901961
5722      0.905882
5723      0.898039
5724      0.901961
5725      0.901961
5726      0.905882
5727      0.909804
5728      0.913725
5729      0.917647
5730      0.917647
5731      0.921569
5732      0.921569
5733      0.925490
5734      0.929412
5735      0.925490
5736      0.921569
5737      0.913725
5738      0.909804
5739      0.894118
5740      0.886275
5741      0.882353
5742      0.882353
5743      0.882353
5744      0.882353
5745      0.878431
5746      0.870588
5747      0.874510
5748      0.870588
5749      0.866667
5750      0.874510
5751      0.882353
5752      0.890196
5753      0.886275
5754      0.882353
5755      0.862745
5756      0.862745
5757      0.862745
5758      0.858824
5759      0.854902
5760      0.847059
5761      0.843137
5762      0.839216
5763      0.831373
5764      0.831373
5765      0.835294
5766      0.839216
5767      0.850980
5768      0.858824
5769      0.866667
5770      0.870588
5771      0.862745
5772      0.858824
5773      0.850980
5774      0.843137
5775      0.839216
5776      0.839216
5777      0.839216
5778      0.839216
5779      0.835294
5780      0.839216
5781      0.839216
5782      0.839216
5783      0.839216
5784      0.843137
5785      0.843137
5786      0.843137
5787      0.843137
5788      0.839216
5789      0.835294
5790      0.831373
5791      0.827451
5792      0.831373
5793      0.831373
5794      0.835294
5795      0.847059
5796      0.850980
5797      0.858824
5798      0.862745
5799      0.858824
5800      0.850980
5801      0.843137
5802      0.839216
5803      0.811765
5804      0.819608
5805      0.823529
5806      0.811765
5807      0.792157
5808      0.772549
5809      0.756863
5810      0.749020
5811      0.760784
5812      0.764706
5813      0.768627
5814      0.772549
5815      0.776471
5816      0.788235
5817      0.807843
5818      0.823529
5819      0.839216
5820      0.839216
5821      0.839216
5822      0.839216
5823      0.843137
5824      0.847059
5825      0.854902
5826      0.854902
5827      0.850980
5828      0.850980
5829      0.850980
5830      0.854902
5831      0.858824
5832      0.862745
5833      0.862745
5834      0.858824
5835      0.862745
5836      0.850980
5837      0.843137
5838      0.847059
5839      0.862745
5840      0.874510
5841      0.878431
5842      0.878431
5843      0.878431
5844      0.882353
5845      0.886275
5846      0.894118
5847      0.898039
5848      0.905882
5849      0.909804
5850      0.909804
5851      0.901961
5852      0.898039
5853      0.894118
5854      0.898039
5855      0.898039
5856      0.894118
5857      0.882353
5858      0.870588
5859      0.866667
5860      0.866667
5861      0.866667
5862      0.866667
5863      0.874510
5864      0.882353
5865      0.886275
5866      0.894118
5867      0.913725
5868      0.909804
5869      0.913725
5870      0.925490
5871      0.945098
5872      0.956863
5873      0.952941
5874      0.949020
5875      0.925490
5876      0.913725
5877      0.894118
5878      0.874510
5879      0.858824
5880      0.854902
5881      0.854902
5882      0.854902
5883      0.870588
5884      0.862745
5885      0.858824
5886      0.862745
5887      0.870588
5888      0.866667
5889      0.858824
5890      0.850980
5891      0.847059
5892      0.847059
5893      0.850980
5894      0.854902
5895      0.858824
5896      0.862745
5897      0.866667
5898      0.866667
5899      0.854902
5900      0.858824
5901      0.862745
5902      0.878431
5903      0.874510
5904      0.866667
5905      0.858824
5906      0.854902
5907      0.850980
5908      0.847059
5909      0.847059
5910      0.843137
5911      0.847059
5912      0.854902
5913      0.862745
5914      0.866667
5915      0.870588
5916      0.866667
5917      0.866667
5918      0.858824
5919      0.858824
5920      0.858824
5921      0.858824
5922      0.858824
5923      0.854902
5924      0.850980
5925      0.850980
5926      0.843137
5927      0.843137
5928      0.847059
5929      0.854902
5930      0.858824
5931      0.866667
5932      0.870588
5933      0.870588
5934      0.854902
5935      0.858824
5936      0.858824
5937      0.854902
5938      0.847059
5939      0.850980
5940      0.862745
5941      0.870588
5942      0.874510
5943      0.874510
5944      0.878431
5945      0.882353
5946      0.886275
5947      0.894118
5948      0.901961
5949      0.905882
5950      0.898039
5951      0.898039
5952      0.898039
5953      0.901961
5954      0.905882
5955      0.905882
5956      0.909804
5957      0.909804
5958      0.917647
5959      0.921569
5960      0.921569
5961      0.921569
5962      0.921569
5963      0.917647
5964      0.913725
5965      0.913725
5966      0.894118
5967      0.886275
5968      0.882353
5969      0.882353
5970      0.882353
5971      0.882353
5972      0.878431
5973      0.870588
5974      0.874510
5975      0.870588
5976      0.866667
5977      0.870588
5978      0.882353
5979      0.886275
5980      0.882353
5981      0.878431
5982      0.866667
5983      0.866667
5984      0.866667
5985      0.866667
5986      0.862745
5987      0.854902
5988      0.847059
5989      0.847059
5990      0.827451
5991      0.831373
5992      0.835294
5993      0.843137
5994      0.847059
5995      0.850980
5996      0.850980
5997      0.850980
5998      0.862745
5999      0.858824
6000      0.850980
6001      0.843137
6002      0.839216
6003      0.835294
6004      0.835294
6005      0.831373
6006      0.827451
6007      0.831373
6008      0.831373
6009      0.831373
6010      0.835294
6011      0.835294
6012      0.839216
6013      0.839216
6014      0.847059
6015      0.847059
6016      0.839216
6017      0.839216
6018      0.835294
6019      0.835294
6020      0.839216
6021      0.839216
6022      0.843137
6023      0.847059
6024      0.850980
6025      0.854902
6026      0.854902
6027      0.854902
6028      0.854902
6029      0.850980
6030      0.831373
6031      0.839216
6032      0.839216
6033      0.827451
6034      0.807843
6035      0.784314
6036      0.772549
6037      0.764706
6038      0.776471
6039      0.780392
6040      0.780392
6041      0.780392
6042      0.780392
6043      0.784314
6044      0.800000
6045      0.811765
6046      0.827451
6047      0.823529
6048      0.819608
6049      0.823529
6050      0.827451
6051      0.839216
6052      0.850980
6053      0.858824
6054      0.847059
6055      0.847059
6056      0.847059
6057      0.847059
6058      0.850980
6059      0.854902
6060      0.862745
6061      0.862745
6062      0.854902
6063      0.847059
6064      0.843137
6065      0.843137
6066      0.854902
6067      0.866667
6068      0.870588
6069      0.870588
6070      0.870588
6071      0.874510
6072      0.882353
6073      0.890196
6074      0.894118
6075      0.898039
6076      0.901961
6077      0.901961
6078      0.894118
6079      0.890196
6080      0.890196
6081      0.894118
6082      0.898039
6083      0.894118
6084      0.886275
6085      0.874510
6086      0.862745
6087      0.862745
6088      0.866667
6089      0.870588
6090      0.874510
6091      0.878431
6092      0.882353
6093      0.882353
6094      0.901961
6095      0.898039
6096      0.901961
6097      0.909804
6098      0.925490
6099      0.933333
6100      0.933333
6101      0.929412
6102      0.909804
6103      0.898039
6104      0.882353
6105      0.866667
6106      0.854902
6107      0.847059
6108      0.847059
6109      0.850980
6110      0.862745
6111      0.847059
6112      0.835294
6113      0.843137
6114      0.858824
6115      0.862745
6116      0.847059
6117      0.827451
6118      0.827451
6119      0.831373
6120      0.839216
6121      0.847059
6122      0.854902
6123      0.862745
6124      0.862745
6125      0.866667
6126      0.862745
6127      0.866667
6128      0.870588
6129      0.882353
6130      0.878431
6131      0.874510
6132      0.870588
6133      0.866667
6134      0.862745
6135      0.862745
6136      0.862745
6137      0.850980
6138      0.854902
6139      0.866667
6140      0.874510
6141      0.878431
6142      0.874510
6143      0.866667
6144      0.862745
6145      0.858824
6146      0.858824
6147      0.862745
6148      0.862745
6149      0.858824
6150      0.858824
6151      0.854902
6152      0.850980
6153      0.843137
6154      0.847059
6155      0.847059
6156      0.850980
6157      0.854902
6158      0.858824
6159      0.862745
6160      0.862745
6161      0.854902
6162      0.854902
6163      0.854902
6164      0.850980
6165      0.847059
6166      0.850980
6167      0.862745
6168      0.870588
6169      0.878431
6170      0.882353
6171      0.882353
6172      0.886275
6173      0.894118
6174      0.901961
6175      0.909804
6176      0.913725
6177      0.898039
6178      0.898039
6179      0.901961
6180      0.901961
6181      0.905882
6182      0.905882
6183      0.909804
6184      0.909804
6185      0.913725
6186      0.913725
6187      0.913725
6188      0.917647
6189      0.913725
6190      0.913725
6191      0.913725
6192      0.913725
6193      0.894118
6194      0.886275
6195      0.882353
6196      0.882353
6197      0.882353
6198      0.882353
6199      0.878431
6200      0.870588
6201      0.874510
6202      0.870588
6203      0.866667
6204      0.870588
6205      0.878431
6206      0.882353
6207      0.882353
6208      0.874510
6209      0.870588
6210      0.870588
6211      0.870588
6212      0.870588
6213      0.866667
6214      0.862745
6215      0.854902
6216      0.854902
6217      0.827451
6218      0.831373
6219      0.839216
6220      0.843137
6221      0.843137
6222      0.839216
6223      0.835294
6224      0.831373
6225      0.847059
6226      0.847059
6227      0.843137
6228      0.839216
6229      0.835294
6230      0.831373
6231      0.827451
6232      0.827451
6233      0.823529
6234      0.823529
6235      0.823529
6236      0.827451
6237      0.831373
6238      0.831373
6239      0.835294
6240      0.835294
6241      0.843137
6242      0.843137
6243      0.839216
6244      0.839216
6245      0.835294
6246      0.835294
6247      0.835294
6248      0.835294
6249      0.839216
6250      0.839216
6251      0.843137
6252      0.847059
6253      0.854902
6254      0.858824
6255      0.862745
6256      0.862745
6257      0.843137
6258      0.847059
6259      0.847059
6260      0.839216
6261      0.815686
6262      0.796078
6263      0.784314
6264      0.780392
6265      0.792157
6266      0.796078
6267      0.796078
6268      0.792157
6269      0.784314
6270      0.784314
6271      0.792157
6272      0.800000
6273      0.807843
6274      0.803922
6275      0.800000
6276      0.800000
6277      0.811765
6278      0.827451
6279      0.843137
6280      0.854902
6281      0.843137
6282      0.847059
6283      0.847059
6284      0.847059
6285      0.847059
6286      0.850980
6287      0.858824
6288      0.866667
6289      0.854902
6290      0.850980
6291      0.843137
6292      0.839216
6293      0.839216
6294      0.843137
6295      0.847059
6296      0.850980
6297      0.862745
6298      0.866667
6299      0.874510
6300      0.886275
6301      0.890196
6302      0.894118
6303      0.894118
6304      0.894118
6305      0.890196
6306      0.886275
6307      0.886275
6308      0.886275
6309      0.890196
6310      0.886275
6311      0.870588
6312      0.862745
6313      0.850980
6314      0.858824
6315      0.866667
6316      0.874510
6317      0.882353
6318      0.886275
6319      0.886275
6320      0.886275
6321      0.894118
6322      0.890196
6323      0.890196
6324      0.890196
6325      0.894118
6326      0.894118
6327      0.898039
6328      0.898039
6329      0.894118
6330      0.886275
6331      0.874510
6332      0.862745
6333      0.850980
6334      0.847059
6335      0.847059
6336      0.847059
6337      0.854902
6338      0.835294
6339      0.819608
6340      0.827451
6341      0.850980
6342      0.854902
6343      0.835294
6344      0.811765
6345      0.792157
6346      0.800000
6347      0.811765
6348      0.827451
6349      0.843137
6350      0.850980
6351      0.858824
6352      0.858824
6353      0.870588
6354      0.874510
6355      0.878431
6356      0.878431
6357      0.878431
6358      0.878431
6359      0.882353
6360      0.882353
6361      0.882353
6362      0.882353
6363      0.882353
6364      0.866667
6365      0.870588
6366      0.874510
6367      0.878431
6368      0.878431
6369      0.870588
6370      0.858824
6371      0.854902
6372      0.858824
6373      0.862745
6374      0.862745
6375      0.862745
6376      0.862745
6377      0.858824
6378      0.854902
6379      0.850980
6380      0.847059
6381      0.850980
6382      0.850980
6383      0.854902
6384      0.854902
6385      0.858824
6386      0.858824
6387      0.858824
6388      0.850980
6389      0.854902
6390      0.854902
6391      0.850980
6392      0.847059
6393      0.847059
6394      0.858824
6395      0.870588
6396      0.882353
6397      0.886275
6398      0.886275
6399      0.890196
6400      0.898039
6401      0.905882
6402      0.913725
6403      0.917647
6404      0.905882
6405      0.905882
6406      0.905882
6407      0.905882
6408      0.909804
6409      0.909804
6410      0.909804
6411      0.909804
6412      0.905882
6413      0.905882
6414      0.905882
6415      0.905882
6416      0.905882
6417      0.905882
6418      0.905882
6419      0.909804
6420      0.894118
6421      0.886275
6422      0.882353
6423      0.882353
6424      0.882353
6425      0.882353
6426      0.878431
6427      0.870588
6428      0.874510
6429      0.870588
6430      0.866667
6431      0.870588
6432      0.878431
6433      0.882353
6434      0.878431
6435      0.870588
6436      0.874510
6437      0.874510
6438      0.874510
6439      0.874510
6440      0.870588
6441      0.866667
6442      0.862745
6443      0.858824
6444      0.831373
6445      0.835294
6446      0.839216
6447      0.839216
6448      0.839216
6449      0.831373
6450      0.827451
6451      0.819608
6452      0.823529
6453      0.823529
6454      0.823529
6455      0.827451
6456      0.827451
6457      0.827451
6458      0.827451
6459      0.827451
6460      0.815686
6461      0.815686
6462      0.819608
6463      0.823529
6464      0.827451
6465      0.831373
6466      0.831373
6467      0.835294
6468      0.835294
6469      0.835294
6470      0.835294
6471      0.835294
6472      0.831373
6473      0.831373
6474      0.827451
6475      0.827451
6476      0.835294
6477      0.835294
6478      0.843137
6479      0.847059
6480      0.854902
6481      0.858824
6482      0.866667
6483      0.866667
6484      0.843137
6485      0.847059
6486      0.847059
6487      0.835294
6488      0.815686
6489      0.800000
6490      0.792157
6491      0.788235
6492      0.800000
6493      0.803922
6494      0.803922
6495      0.796078
6496      0.784314
6497      0.776471
6498      0.780392
6499      0.784314
6500      0.788235
6501      0.784314
6502      0.780392
6503      0.784314
6504      0.796078
6505      0.815686
6506      0.831373
6507      0.843137
6508      0.847059
6509      0.854902
6510      0.858824
6511      0.858824
6512      0.850980
6513      0.850980
6514      0.858824
6515      0.866667
6516      0.862745
6517      0.854902
6518      0.847059
6519      0.835294
6520      0.827451
6521      0.823529
6522      0.823529
6523      0.827451
6524      0.854902
6525      0.862745
6526      0.874510
6527      0.886275
6528      0.890196
6529      0.894118
6530      0.890196
6531      0.890196
6532      0.894118
6533      0.890196
6534      0.882353
6535      0.882353
6536      0.878431
6537      0.870588
6538      0.854902
6539      0.839216
6540      0.835294
6541      0.847059
6542      0.862745
6543      0.878431
6544      0.890196
6545      0.898039
6546      0.898039
6547      0.898039
6548      0.886275
6549      0.886275
6550      0.878431
6551      0.870588
6552      0.862745
6553      0.858824
6554      0.858824
6555      0.858824
6556      0.882353
6557      0.878431
6558      0.870588
6559      0.858824
6560      0.850980
6561      0.850980
6562      0.850980
6563      0.850980
6564      0.850980
6565      0.827451
6566      0.811765
6567      0.823529
6568      0.847059
6569      0.850980
6570      0.831373
6571      0.803922
6572      0.768627
6573      0.776471
6574      0.788235
6575      0.807843
6576      0.823529
6577      0.839216
6578      0.850980
6579      0.854902
6580      0.874510
6581      0.874510
6582      0.878431
6583      0.874510
6584      0.874510
6585      0.882353
6586      0.886275
6587      0.890196
6588      0.890196
6589      0.890196
6590      0.890196
6591      0.874510
6592      0.878431
6593      0.878431
6594      0.878431
6595      0.874510
6596      0.866667
6597      0.854902
6598      0.850980
6599      0.862745
6600      0.862745
6601      0.866667
6602      0.866667
6603      0.862745
6604      0.858824
6605      0.854902
6606      0.854902
6607      0.854902
6608      0.854902
6609      0.854902
6610      0.854902
6611      0.858824
6612      0.858824
6613      0.858824
6614      0.858824
6615      0.850980
6616      0.850980
6617      0.854902
6618      0.847059
6619      0.843137
6620      0.847059
6621      0.858824
6622      0.866667
6623      0.878431
6624      0.878431
6625      0.882353
6626      0.886275
6627      0.894118
6628      0.901961
6629      0.905882
6630      0.913725
6631      0.905882
6632      0.905882
6633      0.909804
6634      0.909804
6635      0.909804
6636      0.909804
6637      0.909804
6638      0.909804
6639      0.898039
6640      0.894118
6641      0.894118
6642      0.890196
6643      0.894118
6644      0.898039
6645      0.901961
6646      0.901961
6647      0.894118
6648      0.886275
6649      0.882353
6650      0.882353
6651      0.882353
6652      0.882353
6653      0.878431
6654      0.870588
6655      0.874510
6656      0.870588
6657      0.866667
6658      0.870588
6659      0.874510
6660      0.878431
6661      0.874510
6662      0.866667
6663      0.870588
6664      0.870588
6665      0.874510
6666      0.874510
6667      0.870588
6668      0.866667
6669      0.862745
6670      0.862745
6671      0.839216
6672      0.839216
6673      0.839216
6674      0.835294
6675      0.835294
6676      0.827451
6677      0.823529
6678      0.823529
6679      0.807843
6680      0.807843
6681      0.815686
6682      0.819608
6683      0.823529
6684      0.823529
6685      0.823529
6686      0.819608
6687      0.811765
6688      0.815686
6689      0.819608
6690      0.823529
6691      0.827451
6692      0.831373
6693      0.835294
6694      0.835294
6695      0.827451
6696      0.827451
6697      0.831373
6698      0.831373
6699      0.827451
6700      0.823529
6701      0.819608
6702      0.819608
6703      0.831373
6704      0.835294
6705      0.843137
6706      0.850980
6707      0.858824
6708      0.862745
6709      0.862745
6710      0.862745
6711      0.839216
6712      0.843137
6713      0.843137
6714      0.831373
6715      0.815686
6716      0.803922
6717      0.800000
6718      0.800000
6719      0.800000
6720      0.803922
6721      0.800000
6722      0.792157
6723      0.780392
6724      0.768627
6725      0.768627
6726      0.772549
6727      0.776471
6728      0.776471
6729      0.776471
6730      0.780392
6731      0.792157
6732      0.811765
6733      0.827451
6734      0.835294
6735      0.854902
6736      0.870588
6737      0.882353
6738      0.878431
6739      0.862745
6740      0.854902
6741      0.858824
6742      0.866667
6743      0.862745
6744      0.862745
6745      0.854902
6746      0.839216
6747      0.823529
6748      0.815686
6749      0.819608
6750      0.823529
6751      0.854902
6752      0.862745
6753      0.874510
6754      0.886275
6755      0.894118
6756      0.894118
6757      0.890196
6758      0.886275
6759      0.898039
6760      0.890196
6761      0.882353
6762      0.878431
6763      0.874510
6764      0.862745
6765      0.847059
6766      0.831373
6767      0.819608
6768      0.835294
6769      0.854902
6770      0.878431
6771      0.894118
6772      0.901961
6773      0.901961
6774      0.898039
6775      0.882353
6776      0.882353
6777      0.870588
6778      0.858824
6779      0.843137
6780      0.835294
6781      0.839216
6782      0.843137
6783      0.870588
6784      0.866667
6785      0.862745
6786      0.854902
6787      0.850980
6788      0.847059
6789      0.847059
6790      0.847059
6791      0.847059
6792      0.835294
6793      0.823529
6794      0.831373
6795      0.847059
6796      0.847059
6797      0.831373
6798      0.815686
6799      0.776471
6800      0.780392
6801      0.788235
6802      0.800000
6803      0.815686
6804      0.831373
6805      0.843137
6806      0.850980
6807      0.870588
6808      0.870588
6809      0.874510
6810      0.870588
6811      0.874510
6812      0.882353
6813      0.886275
6814      0.886275
6815      0.882353
6816      0.878431
6817      0.878431
6818      0.874510
6819      0.874510
6820      0.870588
6821      0.870588
6822      0.866667
6823      0.862745
6824      0.862745
6825      0.862745
6826      0.862745
6827      0.862745
6828      0.866667
6829      0.866667
6830      0.862745
6831      0.862745
6832      0.858824
6833      0.854902
6834      0.862745
6835      0.862745
6836      0.862745
6837      0.862745
6838      0.858824
6839      0.858824
6840      0.858824
6841      0.858824
6842      0.850980
6843      0.850980
6844      0.850980
6845      0.847059
6846      0.843137
6847      0.847059
6848      0.854902
6849      0.866667
6850      0.866667
6851      0.866667
6852      0.870588
6853      0.874510
6854      0.878431
6855      0.886275
6856      0.894118
6857      0.898039
6858      0.905882
6859      0.901961
6860      0.901961
6861      0.901961
6862      0.901961
6863      0.901961
6864      0.901961
6865      0.901961
6866      0.886275
6867      0.886275
6868      0.882353
6869      0.882353
6870      0.882353
6871      0.886275
6872      0.894118
6873      0.898039
6874      0.894118
6875      0.886275
6876      0.882353
6877      0.882353
6878      0.882353
6879      0.882353
6880      0.878431
6881      0.870588
6882      0.874510
6883      0.870588
6884      0.866667
6885      0.866667
6886      0.874510
6887      0.874510
6888      0.870588
6889      0.866667
6890      0.866667
6891      0.870588
6892      0.870588
6893      0.870588
6894      0.870588
6895      0.866667
6896      0.862745
6897      0.862745
6898      0.843137
6899      0.843137
6900      0.839216
6901      0.831373
6902      0.831373
6903      0.827451
6904      0.827451
6905      0.827451
6906      0.807843
6907      0.811765
6908      0.815686
6909      0.819608
6910      0.823529
6911      0.819608
6912      0.815686
6913      0.811765
6914      0.811765
6915      0.815686
6916      0.819608
6917      0.823529
6918      0.827451
6919      0.835294
6920      0.839216
6921      0.839216
6922      0.823529
6923      0.827451
6924      0.831373
6925      0.831373
6926      0.831373
6927      0.823529
6928      0.819608
6929      0.815686
6930      0.827451
6931      0.835294
6932      0.847059
6933      0.858824
6934      0.862745
6935      0.862745
6936      0.858824
6937      0.858824
6938      0.835294
6939      0.839216
6940      0.839216
6941      0.831373
6942      0.819608
6943      0.811765
6944      0.807843
6945      0.811765
6946      0.811765
6947      0.815686
6948      0.815686
6949      0.803922
6950      0.792157
6951      0.780392
6952      0.776471
6953      0.776471
6954      0.776471
6955      0.780392
6956      0.784314
6957      0.792157
6958      0.803922
6959      0.815686
6960      0.827451
6961      0.831373
6962      0.866667
6963      0.886275
6964      0.901961
6965      0.898039
6966      0.878431
6967      0.862745
6968      0.858824
6969      0.866667
6970      0.862745
6971      0.866667
6972      0.862745
6973      0.847059
6974      0.831373
6975      0.827451
6976      0.831373
6977      0.843137
6978      0.854902
6979      0.862745
6980      0.878431
6981      0.890196
6982      0.898039
6983      0.894118
6984      0.890196
6985      0.886275
6986      0.898039
6987      0.890196
6988      0.886275
6989      0.882353
6990      0.882353
6991      0.870588
6992      0.854902
6993      0.843137
6994      0.811765
6995      0.823529
6996      0.850980
6997      0.874510
6998      0.886275
6999      0.890196
7000      0.886275
7001      0.882353
7002      0.874510
7003      0.874510
7004      0.870588
7005      0.854902
7006      0.839216
7007      0.831373
7008      0.843137
7009      0.850980
7010      0.854902
7011      0.850980
7012      0.850980
7013      0.847059
7014      0.843137
7015      0.843137
7016      0.843137
7017      0.843137
7018      0.847059
7019      0.843137
7020      0.839216
7021      0.843137
7022      0.847059
7023      0.847059
7024      0.839216
7025      0.831373
7026      0.823529
7027      0.819608
7028      0.811765
7029      0.811765
7030      0.815686
7031      0.827451
7032      0.843137
7033      0.850980
7034      0.862745
7035      0.866667
7036      0.870588
7037      0.874510
7038      0.874510
7039      0.878431
7040      0.882353
7041      0.878431
7042      0.874510
7043      0.866667
7044      0.862745
7045      0.866667
7046      0.866667
7047      0.862745
7048      0.862745
7049      0.862745
7050      0.866667
7051      0.870588
7052      0.870588
7053      0.862745
7054      0.866667
7055      0.866667
7056      0.866667
7057      0.866667
7058      0.862745
7059      0.858824
7060      0.854902
7061      0.866667
7062      0.866667
7063      0.866667
7064      0.862745
7065      0.862745
7066      0.862745
7067      0.858824
7068      0.858824
7069      0.847059
7070      0.850980
7071      0.850980
7072      0.847059
7073      0.843137
7074      0.843137
7075      0.854902
7076      0.866667
7077      0.854902
7078      0.854902
7079      0.858824
7080      0.862745
7081      0.870588
7082      0.878431
7083      0.886275
7084      0.890196
7085      0.898039
7086      0.898039
7087      0.898039
7088      0.898039
7089      0.898039
7090      0.898039
7091      0.898039
7092      0.898039
7093      0.882353
7094      0.878431
7095      0.874510
7096      0.874510
7097      0.874510
7098      0.882353
7099      0.890196
7100      0.894118
7101      0.894118
7102      0.886275
7103      0.882353
7104      0.882353
7105      0.882353
7106      0.882353
7107      0.878431
7108      0.870588
7109      0.878431
7110      0.870588
7111      0.866667
7112      0.866667
7113      0.874510
7114      0.874510
7115      0.870588
7116      0.862745
7117      0.866667
7118      0.866667
7119      0.870588
7120      0.870588
7121      0.870588
7122      0.866667
7123      0.862745
7124      0.858824
7125      0.847059
7126      0.843137
7127      0.835294
7128      0.831373
7129      0.827451
7130      0.827451
7131      0.831373
7132      0.835294
7133      0.819608
7134      0.819608
7135      0.823529
7136      0.827451
7137      0.823529
7138      0.819608
7139      0.811765
7140      0.807843
7141      0.815686
7142      0.815686
7143      0.819608
7144      0.823529
7145      0.831373
7146      0.835294
7147      0.839216
7148      0.843137
7149      0.823529
7150      0.827451
7151      0.831373
7152      0.835294
7153      0.831373
7154      0.827451
7155      0.819608
7156      0.815686
7157      0.823529
7158      0.835294
7159      0.847059
7160      0.862745
7161      0.866667
7162      0.862745
7163      0.854902
7164      0.850980
7165      0.835294
7166      0.839216
7167      0.839216
7168      0.831373
7169      0.823529
7170      0.815686
7171      0.815686
7172      0.819608
7173      0.827451
7174      0.831373
7175      0.831373
7176      0.823529
7177      0.807843
7178      0.796078
7179      0.792157
7180      0.792157
7181      0.780392
7182      0.788235
7183      0.792157
7184      0.803922
7185      0.811765
7186      0.823529
7187      0.831373
7188      0.831373
7189      0.874510
7190      0.894118
7191      0.913725
7192      0.913725
7193      0.890196
7194      0.866667
7195      0.858824
7196      0.862745
7197      0.862745
7198      0.866667
7199      0.866667
7200      0.854902
7201      0.843137
7202      0.839216
7203      0.850980
7204      0.862745
7205      0.854902
7206      0.862745
7207      0.878431
7208      0.890196
7209      0.898039
7210      0.898039
7211      0.890196
7212      0.886275
7213      0.894118
7214      0.890196
7215      0.890196
7216      0.890196
7217      0.890196
7218      0.882353
7219      0.866667
7220      0.858824
7221      0.807843
7222      0.823529
7223      0.847059
7224      0.866667
7225      0.878431
7226      0.878431
7227      0.870588
7228      0.862745
7229      0.870588
7230      0.870588
7231      0.870588
7232      0.854902
7233      0.843137
7234      0.839216
7235      0.850980
7236      0.866667
7237      0.843137
7238      0.843137
7239      0.839216
7240      0.839216
7241      0.839216
7242      0.835294
7243      0.835294
7244      0.835294
7245      0.850980
7246      0.850980
7247      0.850980
7248      0.850980
7249      0.850980
7250      0.847059
7251      0.843137
7252      0.839216
7253      0.862745
7254      0.850980
7255      0.835294
7256      0.823529
7257      0.823529
7258      0.831373
7259      0.843137
7260      0.850980
7261      0.858824
7262      0.862745
7263      0.862745
7264      0.886275
7265      0.886275
7266      0.878431
7267      0.874510
7268      0.866667
7269      0.862745
7270      0.858824
7271      0.854902
7272      0.866667
7273      0.870588
7274      0.874510
7275      0.878431
7276      0.878431
7277      0.874510
7278      0.866667
7279      0.862745
7280      0.874510
7281      0.882353
7282      0.882353
7283      0.870588
7284      0.854902
7285      0.847059
7286      0.854902
7287      0.866667
7288      0.858824
7289      0.862745
7290      0.862745
7291      0.866667
7292      0.866667
7293      0.862745
7294      0.862745
7295      0.858824
7296      0.874510
7297      0.866667
7298      0.858824
7299      0.854902
7300      0.850980
7301      0.850980
7302      0.854902
7303      0.858824
7304      0.870588
7305      0.870588
7306      0.870588
7307      0.870588
7308      0.870588
7309      0.870588
7310      0.870588
7311      0.870588
7312      0.886275
7313      0.890196
7314      0.890196
7315      0.886275
7316      0.882353
7317      0.886275
7318      0.894118
7319      0.905882
7320      0.886275
7321      0.886275
7322      0.886275
7323      0.886275
7324      0.886275
7325      0.886275
7326      0.886275
7327      0.886275
7328      0.890196
7329      0.886275
7330      0.878431
7331      0.870588
7332      0.866667
7333      0.866667
7334      0.866667
7335      0.870588
7336      0.878431
7337      0.874510
7338      0.874510
7339      0.870588
7340      0.862745
7341      0.858824
7342      0.858824
7343      0.854902
7344      0.862745
7345      0.862745
7346      0.858824
7347      0.858824
7348      0.858824
7349      0.858824
7350      0.854902
7351      0.854902
7352      0.866667
7353      0.854902
7354      0.843137
7355      0.831373
7356      0.823529
7357      0.827451
7358      0.831373
7359      0.839216
7360      0.823529
7361      0.823529
7362      0.819608
7363      0.815686
7364      0.811765
7365      0.803922
7366      0.800000
7367      0.796078
7368      0.803922
7369      0.803922
7370      0.811765
7371      0.827451
7372      0.847059
7373      0.850980
7374      0.835294
7375      0.819608
7376      0.800000
7377      0.815686
7378      0.831373
7379      0.835294
7380      0.831373
7381      0.823529
7382      0.827451
7383      0.831373
7384      0.831373
7385      0.843137
7386      0.858824
7387      0.862745
7388      0.862745
7389      0.858824
7390      0.862745
7391      0.866667
7392      0.811765
7393      0.811765
7394      0.807843
7395      0.811765
7396      0.815686
7397      0.823529
7398      0.831373
7399      0.839216
7400      0.835294
7401      0.835294
7402      0.839216
7403      0.835294
7404      0.827451
7405      0.811765
7406      0.800000
7407      0.788235
7408      0.776471
7409      0.784314
7410      0.803922
7411      0.819608
7412      0.831373
7413      0.831373
7414      0.827451
7415      0.827451
7416      0.894118
7417      0.905882
7418      0.913725
7419      0.909804
7420      0.898039
7421      0.878431
7422      0.866667
7423      0.862745
7424      0.874510
7425      0.870588
7426      0.862745
7427      0.862745
7428      0.866667
7429      0.870588
7430      0.862745
7431      0.858824
7432      0.866667
7433      0.862745
7434      0.866667
7435      0.878431
7436      0.890196
7437      0.898039
7438      0.898039
7439      0.890196
7440      0.905882
7441      0.901961
7442      0.901961
7443      0.894118
7444      0.886275
7445      0.878431
7446      0.870588
7447      0.862745
7448      0.819608
7449      0.827451
7450      0.839216
7451      0.854902
7452      0.866667
7453      0.874510
7454      0.878431
7455      0.878431
7456      0.898039
7457      0.878431
7458      0.870588
7459      0.870588
7460      0.858824
7461      0.839216
7462      0.831373
7463      0.839216
7464      0.831373
7465      0.819608
7466      0.811765
7467      0.819608
7468      0.839216
7469      0.854902
7470      0.858824
7471      0.854902
7472      0.847059
7473      0.839216
7474      0.831373
7475      0.827451
7476      0.823529
7477      0.831373
7478      0.835294
7479      0.843137
7480      0.858824
7481      0.847059
7482      0.839216
7483      0.831373
7484      0.831373
7485      0.843137
7486      0.858824
7487      0.870588
7488      0.862745
7489      0.866667
7490      0.866667
7491      0.882353
7492      0.878431
7493      0.874510
7494      0.870588
7495      0.866667
7496      0.862745
7497      0.858824
7498      0.858824
7499      0.870588
7500      0.870588
7501      0.874510
7502      0.878431
7503      0.874510
7504      0.870588
7505      0.862745
7506      0.858824
7507      0.870588
7508      0.874510
7509      0.878431
7510      0.866667
7511      0.854902
7512      0.850980
7513      0.858824
7514      0.866667
7515      0.862745
7516      0.866667
7517      0.866667
7518      0.870588
7519      0.870588
7520      0.866667
7521      0.866667
7522      0.862745
7523      0.870588
7524      0.866667
7525      0.866667
7526      0.862745
7527      0.858824
7528      0.862745
7529      0.862745
7530      0.862745
7531      0.870588
7532      0.870588
7533      0.870588
7534      0.870588
7535      0.870588
7536      0.870588
7537      0.870588
7538      0.870588
7539      0.882353
7540      0.886275
7541      0.890196
7542      0.886275
7543      0.878431
7544      0.878431
7545      0.886275
7546      0.894118
7547      0.878431
7548      0.878431
7549      0.878431
7550      0.878431
7551      0.878431
7552      0.882353
7553      0.882353
7554      0.882353
7555      0.886275
7556      0.882353
7557      0.874510
7558      0.866667
7559      0.862745
7560      0.862745
7561      0.866667
7562      0.866667
7563      0.874510
7564      0.874510
7565      0.870588
7566      0.866667
7567      0.862745
7568      0.858824
7569      0.858824
7570      0.854902
7571      0.858824
7572      0.858824
7573      0.858824
7574      0.858824
7575      0.858824
7576      0.858824
7577      0.858824
7578      0.858824
7579      0.858824
7580      0.850980
7581      0.835294
7582      0.823529
7583      0.819608
7584      0.823529
7585      0.827451
7586      0.831373
7587      0.819608
7588      0.819608
7589      0.815686
7590      0.815686
7591      0.807843
7592      0.803922
7593      0.796078
7594      0.792157
7595      0.800000
7596      0.800000
7597      0.807843
7598      0.823529
7599      0.839216
7600      0.839216
7601      0.827451
7602      0.815686
7603      0.792157
7604      0.807843
7605      0.827451
7606      0.831373
7607      0.827451
7608      0.823529
7609      0.827451
7610      0.831373
7611      0.831373
7612      0.843137
7613      0.854902
7614      0.858824
7615      0.854902
7616      0.850980
7617      0.854902
7618      0.854902
7619      0.815686
7620      0.811765
7621      0.811765
7622      0.811765
7623      0.815686
7624      0.823529
7625      0.835294
7626      0.839216
7627      0.843137
7628      0.847059
7629      0.847059
7630      0.847059
7631      0.839216
7632      0.831373
7633      0.819608
7634      0.811765
7635      0.784314
7636      0.796078
7637      0.811765
7638      0.831373
7639      0.843137
7640      0.850980
7641      0.854902
7642      0.854902
7643      0.894118
7644      0.905882
7645      0.913725
7646      0.909804
7647      0.894118
7648      0.870588
7649      0.854902
7650      0.847059
7651      0.858824
7652      0.858824
7653      0.858824
7654      0.866667
7655      0.874510
7656      0.878431
7657      0.874510
7658      0.866667
7659      0.866667
7660      0.862745
7661      0.866667
7662      0.874510
7663      0.890196
7664      0.898039
7665      0.894118
7666      0.890196
7667      0.909804
7668      0.905882
7669      0.898039
7670      0.890196
7671      0.878431
7672      0.870588
7673      0.866667
7674      0.862745
7675      0.819608
7676      0.827451
7677      0.843137
7678      0.858824
7679      0.870588
7680      0.878431
7681      0.882353
7682      0.882353
7683      0.901961
7684      0.886275
7685      0.882353
7686      0.886275
7687      0.874510
7688      0.847059
7689      0.831373
7690      0.835294
7691      0.827451
7692      0.819608
7693      0.811765
7694      0.819608
7695      0.835294
7696      0.847059
7697      0.850980
7698      0.847059
7699      0.850980
7700      0.843137
7701      0.835294
7702      0.827451
7703      0.827451
7704      0.831373
7705      0.839216
7706      0.843137
7707      0.858824
7708      0.850980
7709      0.843137
7710      0.839216
7711      0.839216
7712      0.847059
7713      0.854902
7714      0.862745
7715      0.870588
7716      0.874510
7717      0.874510
7718      0.870588
7719      0.870588
7720      0.870588
7721      0.866667
7722      0.866667
7723      0.862745
7724      0.862745
7725      0.862745
7726      0.870588
7727      0.874510
7728      0.874510
7729      0.874510
7730      0.870588
7731      0.862745
7732      0.854902
7733      0.850980
7734      0.858824
7735      0.862745
7736      0.866667
7737      0.862745
7738      0.854902
7739      0.854902
7740      0.862745
7741      0.870588
7742      0.866667
7743      0.866667
7744      0.870588
7745      0.874510
7746      0.874510
7747      0.870588
7748      0.866667
7749      0.866667
7750      0.862745
7751      0.866667
7752      0.866667
7753      0.870588
7754      0.870588
7755      0.870588
7756      0.870588
7757      0.870588
7758      0.870588
7759      0.870588
7760      0.870588
7761      0.870588
7762      0.870588
7763      0.870588
7764      0.870588
7765      0.870588
7766      0.874510
7767      0.882353
7768      0.890196
7769      0.886275
7770      0.882353
7771      0.874510
7772      0.878431
7773      0.882353
7774      0.866667
7775      0.870588
7776      0.870588
7777      0.870588
7778      0.874510
7779      0.874510
7780      0.878431
7781      0.878431
7782      0.882353
7783      0.878431
7784      0.874510
7785      0.870588
7786      0.866667
7787      0.866667
7788      0.866667
7789      0.866667
7790      0.870588
7791      0.870588
7792      0.870588
7793      0.866667
7794      0.862745
7795      0.862745
7796      0.858824
7797      0.858824
7798      0.854902
7799      0.854902
7800      0.854902
7801      0.858824
7802      0.858824
7803      0.858824
7804      0.858824
7805      0.858824
7806      0.850980
7807      0.843137
7808      0.831373
7809      0.819608
7810      0.815686
7811      0.819608
7812      0.823529
7813      0.827451
7814      0.815686
7815      0.815686
7816      0.815686
7817      0.811765
7818      0.807843
7819      0.803922
7820      0.796078
7821      0.792157
7822      0.792157
7823      0.796078
7824      0.803922
7825      0.811765
7826      0.823529
7827      0.823529
7828      0.815686
7829      0.803922
7830      0.788235
7831      0.800000
7832      0.815686
7833      0.823529
7834      0.823529
7835      0.827451
7836      0.831373
7837      0.835294
7838      0.831373
7839      0.843137
7840      0.850980
7841      0.850980
7842      0.847059
7843      0.839216
7844      0.839216
7845      0.843137
7846      0.819608
7847      0.815686
7848      0.815686
7849      0.815686
7850      0.819608
7851      0.827451
7852      0.839216
7853      0.843137
7854      0.854902
7855      0.858824
7856      0.862745
7857      0.862745
7858      0.858824
7859      0.854902
7860      0.847059
7861      0.839216
7862      0.807843
7863      0.815686
7864      0.827451
7865      0.843137
7866      0.858824
7867      0.874510
7868      0.882353
7869      0.890196
7870      0.894118
7871      0.905882
7872      0.913725
7873      0.909804
7874      0.890196
7875      0.862745
7876      0.839216
7877      0.827451
7878      0.839216
7879      0.843137
7880      0.850980
7881      0.870588
7882      0.886275
7883      0.890196
7884      0.886275
7885      0.878431
7886      0.870588
7887      0.866667
7888      0.866667
7889      0.874510
7890      0.886275
7891      0.894118
7892      0.894118
7893      0.890196
7894      0.909804
7895      0.901961
7896      0.890196
7897      0.874510
7898      0.866667
7899      0.858824
7900      0.858824
7901      0.854902
7902      0.823529
7903      0.831373
7904      0.847059
7905      0.862745
7906      0.874510
7907      0.886275
7908      0.890196
7909      0.890196
7910      0.905882
7911      0.898039
7912      0.901961
7913      0.905882
7914      0.890196
7915      0.854902
7916      0.831373
7917      0.827451
7918      0.819608
7919      0.815686
7920      0.811765
7921      0.815686
7922      0.827451
7923      0.839216
7924      0.843137
7925      0.839216
7926      0.854902
7927      0.847059
7928      0.839216
7929      0.831373
7930      0.827451
7931      0.831373
7932      0.839216
7933      0.843137
7934      0.854902
7935      0.854902
7936      0.850980
7937      0.847059
7938      0.847059
7939      0.847059
7940      0.850980
7941      0.850980
7942      0.874510
7943      0.878431
7944      0.882353
7945      0.862745
7946      0.862745
7947      0.862745
7948      0.862745
7949      0.862745
7950      0.866667
7951      0.866667
7952      0.866667
7953      0.870588
7954      0.874510
7955      0.874510
7956      0.874510
7957      0.866667
7958      0.858824
7959      0.850980
7960      0.843137
7961      0.850980
7962      0.850980
7963      0.854902
7964      0.854902
7965      0.854902
7966      0.858824
7967      0.866667
7968      0.870588
7969      0.862745
7970      0.866667
7971      0.866667
7972      0.870588
7973      0.870588
7974      0.866667
7975      0.866667
7976      0.862745
7977      0.850980
7978      0.858824
7979      0.866667
7980      0.874510
7981      0.878431
7982      0.878431
7983      0.874510
7984      0.870588
7985      0.874510
7986      0.874510
7987      0.874510
7988      0.874510
7989      0.874510
7990      0.874510
7991      0.874510
7992      0.874510
7993      0.874510
7994      0.886275
7995      0.894118
7996      0.894118
7997      0.886275
7998      0.878431
7999      0.878431
8000      0.878431
8001      0.870588
8002      0.870588
8003      0.870588
8004      0.874510
8005      0.874510
8006      0.878431
8007      0.878431
8008      0.878431
8009      0.882353
8010      0.882353
8011      0.878431
8012      0.874510
8013      0.874510
8014      0.874510
8015      0.870588
8016      0.870588
8017      0.866667
8018      0.866667
8019      0.866667
8020      0.862745
8021      0.862745
8022      0.862745
8023      0.862745
8024      0.862745
8025      0.854902
8026      0.854902
8027      0.854902
8028      0.854902
8029      0.854902
8030      0.854902
8031      0.854902
8032      0.854902
8033      0.847059
8034      0.839216
8035      0.831373
8036      0.823529
8037      0.819608
8038      0.819608
8039      0.823529
8040      0.827451
8041      0.819608
8042      0.819608
8043      0.819608
8044      0.819608
8045      0.815686
8046      0.811765
8047      0.803922
8048      0.800000
8049      0.792157
8050      0.792157
8051      0.800000
8052      0.807843
8053      0.811765
8054      0.807843
8055      0.800000
8056      0.796078
8057      0.784314
8058      0.792157
8059      0.803922
8060      0.815686
8061      0.823529
8062      0.831373
8063      0.835294
8064      0.839216
8065      0.831373
8066      0.839216
8067      0.850980
8068      0.847059
8069      0.839216
8070      0.831373
8071      0.831373
8072      0.831373
8073      0.823529
8074      0.819608
8075      0.819608
8076      0.819608
8077      0.823529
8078      0.831373
8079      0.843137
8080      0.847059
8081      0.862745
8082      0.866667
8083      0.870588
8084      0.874510
8085      0.874510
8086      0.870588
8087      0.866667
8088      0.862745
8089      0.839216
8090      0.843137
8091      0.847059
8092      0.854902
8093      0.866667
8094      0.882353
8095      0.898039
8096      0.905882
8097      0.894118
8098      0.905882
8099      0.913725
8100      0.909804
8101      0.886275
8102      0.854902
8103      0.831373
8104      0.819608
8105      0.823529
8106      0.831373
8107      0.847059
8108      0.870588
8109      0.894118
8110      0.901961
8111      0.898039
8112      0.890196
8113      0.874510
8114      0.870588
8115      0.870588
8116      0.874510
8117      0.886275
8118      0.894118
8119      0.898039
8120      0.894118
8121      0.901961
8122      0.890196
8123      0.874510
8124      0.858824
8125      0.847059
8126      0.843137
8127      0.843137
8128      0.847059
8129      0.831373
8130      0.839216
8131      0.854902
8132      0.870588
8133      0.882353
8134      0.890196
8135      0.894118
8136      0.898039
8137      0.913725
8138      0.905882
8139      0.909804
8140      0.917647
8141      0.898039
8142      0.858824
8143      0.827451
8144      0.819608
8145      0.815686
8146      0.815686
8147      0.815686
8148      0.819608
8149      0.827451
8150      0.831373
8151      0.835294
8152      0.835294
8153      0.858824
8154      0.850980
8155      0.843137
8156      0.831373
8157      0.831373
8158      0.835294
8159      0.839216
8160      0.843137
8161      0.850980
8162      0.850980
8163      0.850980
8164      0.847059
8165      0.847059
8166      0.843137
8167      0.839216
8168      0.835294
8169      0.874510
8170      0.878431
8171      0.882353
8172      0.858824
8173      0.858824
8174      0.858824
8175      0.858824
8176      0.862745
8177      0.862745
8178      0.862745
8179      0.862745
8180      0.870588
8181      0.870588
8182      0.870588
8183      0.870588
8184      0.862745
8185      0.854902
8186      0.847059
8187      0.839216
8188      0.843137
8189      0.843137
8190      0.843137
8191      0.847059
8192      0.850980
8193      0.858824
8194      0.866667
8195      0.866667
8196      0.854902
8197      0.858824
8198      0.858824
8199      0.862745
8200      0.862745
8201      0.858824
8202      0.858824
8203      0.854902
8204      0.847059
8205      0.850980
8206      0.862745
8207      0.870588
8208      0.874510
8209      0.874510
8210      0.870588
8211      0.870588
8212      0.874510
8213      0.874510
8214      0.874510
8215      0.874510
8216      0.874510
8217      0.874510
8218      0.874510
8219      0.874510
8220      0.878431
8221      0.886275
8222      0.898039
8223      0.898039
8224      0.894118
8225      0.886275
8226      0.882353
8227      0.886275
8228      0.882353
8229      0.882353
8230      0.882353
8231      0.882353
8232      0.882353
8233      0.882353
8234      0.882353
8235      0.882353
8236      0.882353
8237      0.882353
8238      0.882353
8239      0.882353
8240      0.882353
8241      0.882353
8242      0.878431
8243      0.878431
8244      0.858824
8245      0.858824
8246      0.858824
8247      0.862745
8248      0.862745
8249      0.862745
8250      0.862745
8251      0.862745
8252      0.858824
8253      0.858824
8254      0.854902
8255      0.854902
8256      0.854902
8257      0.850980
8258      0.850980
8259      0.850980
8260      0.847059
8261      0.843137
8262      0.835294
8263      0.831373
8264      0.827451
8265      0.827451
8266      0.831373
8267      0.831373
8268      0.827451
8269      0.827451
8270      0.831373
8271      0.827451
8272      0.827451
8273      0.823529
8274      0.815686
8275      0.815686
8276      0.792157
8277      0.800000
8278      0.803922
8279      0.803922
8280      0.800000
8281      0.796078
8282      0.792157
8283      0.792157
8284      0.788235
8285      0.792157
8286      0.800000
8287      0.811765
8288      0.823529
8289      0.835294
8290      0.839216
8291      0.839216
8292      0.835294
8293      0.843137
8294      0.850980
8295      0.850980
8296      0.839216
8297      0.831373
8298      0.827451
8299      0.827451
8300      0.827451
8301      0.827451
8302      0.823529
8303      0.823529
8304      0.831373
8305      0.839216
8306      0.847059
8307      0.850980
8308      0.866667
8309      0.870588
8310      0.874510
8311      0.874510
8312      0.878431
8313      0.878431
8314      0.878431
8315      0.878431
8316      0.870588
8317      0.866667
8318      0.866667
8319      0.866667
8320      0.870588
8321      0.882353
8322      0.890196
8323      0.898039
8324      0.894118
8325      0.905882
8326      0.913725
8327      0.905882
8328      0.886275
8329      0.858824
8330      0.835294
8331      0.823529
8332      0.823529
8333      0.831373
8334      0.847059
8335      0.874510
8336      0.894118
8337      0.905882
8338      0.901961
8339      0.894118
8340      0.882353
8341      0.874510
8342      0.870588
8343      0.874510
8344      0.886275
8345      0.894118
8346      0.894118
8347      0.894118
8348      0.886275
8349      0.878431
8350      0.862745
8351      0.847059
8352      0.835294
8353      0.831373
8354      0.835294
8355      0.835294
8356      0.843137
8357      0.850980
8358      0.866667
8359      0.878431
8360      0.890196
8361      0.898039
8362      0.898039
8363      0.901961
8364      0.913725
8365      0.905882
8366      0.905882
8367      0.913725
8368      0.894118
8369      0.854902
8370      0.823529
8371      0.819608
8372      0.819608
8373      0.823529
8374      0.827451
8375      0.827451
8376      0.827451
8377      0.831373
8378      0.831373
8379      0.835294
8380      0.862745
8381      0.854902
8382      0.847059
8383      0.835294
8384      0.831373
8385      0.835294
8386      0.839216
8387      0.843137
8388      0.843137
8389      0.843137
8390      0.847059
8391      0.847059
8392      0.843137
8393      0.839216
8394      0.831373
8395      0.827451
8396      0.866667
8397      0.870588
8398      0.874510
8399      0.854902
8400      0.854902
8401      0.858824
8402      0.858824
8403      0.858824
8404      0.858824
8405      0.858824
8406      0.858824
8407      0.862745
8408      0.862745
8409      0.866667
8410      0.866667
8411      0.862745
8412      0.854902
8413      0.847059
8414      0.839216
8415      0.843137
8416      0.835294
8417      0.835294
8418      0.839216
8419      0.850980
8420      0.858824
8421      0.862745
8422      0.858824
8423      0.850980
8424      0.854902
8425      0.858824
8426      0.858824
8427      0.858824
8428      0.858824
8429      0.854902
8430      0.850980
8431      0.850980
8432      0.854902
8433      0.858824
8434      0.866667
8435      0.870588
8436      0.870588
8437      0.870588
8438      0.870588
8439      0.878431
8440      0.878431
8441      0.878431
8442      0.878431
8443      0.878431
8444      0.878431
8445      0.878431
8446      0.878431
8447      0.878431
8448      0.886275
8449      0.894118
8450      0.894118
8451      0.890196
8452      0.890196
8453      0.894118
8454      0.898039
8455      0.894118
8456      0.894118
8457      0.890196
8458      0.890196
8459      0.886275
8460      0.882353
8461      0.882353
8462      0.878431
8463      0.878431
8464      0.878431
8465      0.882353
8466      0.886275
8467      0.886275
8468      0.882353
8469      0.878431
8470      0.878431
8471      0.854902
8472      0.854902
8473      0.854902
8474      0.858824
8475      0.862745
8476      0.862745
8477      0.866667
8478      0.866667
8479      0.862745
8480      0.862745
8481      0.858824
8482      0.854902
8483      0.850980
8484      0.847059
8485      0.843137
8486      0.839216
8487      0.843137
8488      0.839216
8489      0.835294
8490      0.831373
8491      0.831373
8492      0.831373
8493      0.831373
8494      0.831373
8495      0.831373
8496      0.835294
8497      0.835294
8498      0.835294
8499      0.835294
8500      0.831373
8501      0.827451
8502      0.823529
8503      0.800000
8504      0.807843
8505      0.811765
8506      0.807843
8507      0.796078
8508      0.788235
8509      0.788235
8510      0.792157
8511      0.796078
8512      0.796078
8513      0.796078
8514      0.807843
8515      0.827451
8516      0.839216
8517      0.839216
8518      0.839216
8519      0.839216
8520      0.847059
8521      0.854902
8522      0.854902
8523      0.847059
8524      0.839216
8525      0.835294
8526      0.835294
8527      0.831373
8528      0.831373
8529      0.827451
8530      0.831373
8531      0.835294
8532      0.843137
8533      0.850980
8534      0.858824
8535      0.874510
8536      0.874510
8537      0.874510
8538      0.878431
8539      0.878431
8540      0.882353
8541      0.882353
8542      0.882353
8543      0.890196
8544      0.886275
8545      0.882353
8546      0.878431
8547      0.874510
8548      0.878431
8549      0.882353
8550      0.886275
8551      0.898039
8552      0.905882
8553      0.913725
8554      0.905882
8555      0.886275
8556      0.866667
8557      0.854902
8558      0.847059
8559      0.835294
8560      0.843137
8561      0.854902
8562      0.874510
8563      0.890196
8564      0.898039
8565      0.898039
8566      0.890196
8567      0.878431
8568      0.870588
8569      0.862745
8570      0.862745
8571      0.874510
8572      0.882353
8573      0.886275
8574      0.886275
8575      0.874510
8576      0.866667
8577      0.858824
8578      0.847059
8579      0.839216
8580      0.835294
8581      0.835294
8582      0.835294
8583      0.858824
8584      0.866667
8585      0.878431
8586      0.890196
8587      0.898039
8588      0.901961
8589      0.901961
8590      0.901961
8591      0.909804
8592      0.898039
8593      0.890196
8594      0.890196
8595      0.874510
8596      0.839216
8597      0.819608
8598      0.819608
8599      0.827451
8600      0.835294
8601      0.843137
8602      0.843137
8603      0.835294
8604      0.831373
8605      0.835294
8606      0.839216
8607      0.870588
8608      0.862745
8609      0.850980
8610      0.839216
8611      0.835294
8612      0.839216
8613      0.843137
8614      0.847059
8615      0.839216
8616      0.843137
8617      0.843137
8618      0.843137
8619      0.843137
8620      0.839216
8621      0.835294
8622      0.835294
8623      0.862745
8624      0.862745
8625      0.870588
8626      0.858824
8627      0.858824
8628      0.858824
8629      0.854902
8630      0.854902
8631      0.854902
8632      0.854902
8633      0.854902
8634      0.854902
8635      0.858824
8636      0.862745
8637      0.862745
8638      0.862745
8639      0.854902
8640      0.847059
8641      0.843137
8642      0.843137
8643      0.835294
8644      0.827451
8645      0.835294
8646      0.847059
8647      0.858824
8648      0.854902
8649      0.850980
8650      0.854902
8651      0.858824
8652      0.858824
8653      0.862745
8654      0.862745
8655      0.858824
8656      0.858824
8657      0.854902
8658      0.866667
8659      0.866667
8660      0.862745
8661      0.866667
8662      0.866667
8663      0.870588
8664      0.874510
8665      0.878431
8666      0.878431
8667      0.878431
8668      0.878431
8669      0.878431
8670      0.878431
8671      0.878431
8672      0.878431
8673      0.878431
8674      0.874510
8675      0.878431
8676      0.886275
8677      0.886275
8678      0.882353
8679      0.886275
8680      0.898039
8681      0.905882
8682      0.905882
8683      0.901961
8684      0.898039
8685      0.890196
8686      0.886275
8687      0.878431
8688      0.874510
8689      0.870588
8690      0.866667
8691      0.870588
8692      0.874510
8693      0.878431
8694      0.878431
8695      0.874510
8696      0.870588
8697      0.870588
8698      0.850980
8699      0.850980
8700      0.854902
8701      0.858824
8702      0.862745
8703      0.866667
8704      0.866667
8705      0.870588
8706      0.870588
8707      0.870588
8708      0.862745
8709      0.854902
8710      0.847059
8711      0.839216
8712      0.835294
8713      0.831373
8714      0.831373
8715      0.831373
8716      0.831373
8717      0.827451
8718      0.827451
8719      0.827451
8720      0.827451
8721      0.827451
8722      0.831373
8723      0.831373
8724      0.835294
8725      0.835294
8726      0.835294
8727      0.831373
8728      0.827451
8729      0.823529
8730      0.811765
8731      0.819608
8732      0.819608
8733      0.811765
8734      0.800000
8735      0.788235
8736      0.792157
8737      0.796078
8738      0.807843
8739      0.800000
8740      0.800000
8741      0.811765
8742      0.827451
8743      0.843137
8744      0.843137
8745      0.839216
8746      0.843137
8747      0.850980
8748      0.858824
8749      0.858824
8750      0.854902
8751      0.847059
8752      0.847059
8753      0.847059
8754      0.835294
8755      0.835294
8756      0.831373
8757      0.831373
8758      0.839216
8759      0.847059
8760      0.854902
8761      0.858824
8762      0.882353
8763      0.882353
8764      0.878431
8765      0.878431
8766      0.882353
8767      0.882353
8768      0.886275
8769      0.886275
8770      0.898039
8771      0.898039
8772      0.894118
8773      0.886275
8774      0.886275
8775      0.882353
8776      0.882353
8777      0.886275
8778      0.901961
8779      0.909804
8780      0.909804
8781      0.905882
8782      0.890196
8783      0.878431
8784      0.874510
8785      0.874510
8786      0.858824
8787      0.854902
8788      0.858824
8789      0.870588
8790      0.882353
8791      0.890196
8792      0.890196
8793      0.882353
8794      0.866667
8795      0.858824
8796      0.847059
8797      0.847059
8798      0.858824
8799      0.866667
8800      0.870588
8801      0.874510
8802      0.870588
8803      0.866667
8804      0.862745
8805      0.858824
8806      0.850980
8807      0.847059
8808      0.843137
8809      0.843137
8810      0.874510
8811      0.878431
8812      0.886275
8813      0.894118
8814      0.901961
8815      0.901961
8816      0.898039
8817      0.898039
8818      0.905882
8819      0.886275
8820      0.870588
8821      0.862745
8822      0.847059
8823      0.823529
8824      0.811765
8825      0.819608
8826      0.835294
8827      0.847059
8828      0.858824
8829      0.854902
8830      0.847059
8831      0.839216
8832      0.839216
8833      0.847059
8834      0.870588
8835      0.866667
8836      0.854902
8837      0.843137
8838      0.839216
8839      0.839216
8840      0.843137
8841      0.847059
8842      0.847059
8843      0.847059
8844      0.847059
8845      0.847059
8846      0.847059
8847      0.850980
8848      0.850980
8849      0.850980
8850      0.862745
8851      0.862745
8852      0.866667
8853      0.858824
8854      0.858824
8855      0.858824
8856      0.854902
8857      0.854902
8858      0.850980
8859      0.850980
8860      0.850980
8861      0.850980
8862      0.854902
8863      0.858824
8864      0.862745
8865      0.858824
8866      0.854902
8867      0.850980
8868      0.847059
8869      0.843137
8870      0.835294
8871      0.827451
8872      0.831373
8873      0.847059
8874      0.854902
8875      0.854902
8876      0.847059
8877      0.858824
8878      0.862745
8879      0.862745
8880      0.866667
8881      0.866667
8882      0.862745
8883      0.862745
8884      0.858824
8885      0.878431
8886      0.874510
8887      0.870588
8888      0.866667
8889      0.870588
8890      0.874510
8891      0.882353
8892      0.886275
8893      0.878431
8894      0.878431
8895      0.878431
8896      0.878431
8897      0.878431
8898      0.878431
8899      0.878431
8900      0.878431
8901      0.866667
8902      0.874510
8903      0.874510
8904      0.874510
8905      0.874510
8906      0.882353
8907      0.898039
8908      0.909804
8909      0.909804
8910      0.905882
8911      0.898039
8912      0.890196
8913      0.882353
8914      0.874510
8915      0.866667
8916      0.866667
8917      0.858824
8918      0.862745
8919      0.866667
8920      0.870588
8921      0.870588
8922      0.870588
8923      0.862745
8924      0.862745
8925      0.847059
8926      0.850980
8927      0.850980
8928      0.854902
8929      0.862745
8930      0.866667
8931      0.866667
8932      0.870588
8933      0.878431
8934      0.874510
8935      0.866667
8936      0.854902
8937      0.847059
8938      0.835294
8939      0.827451
8940      0.823529
8941      0.827451
8942      0.827451
8943      0.823529
8944      0.823529
8945      0.823529
8946      0.823529
8947      0.819608
8948      0.819608
8949      0.827451
8950      0.827451
8951      0.831373
8952      0.831373
8953      0.831373
8954      0.827451
8955      0.823529
8956      0.823529
8957      0.815686
8958      0.823529
8959      0.827451
8960      0.815686
8961      0.800000
8962      0.788235
8963      0.792157
8964      0.800000
8965      0.815686
8966      0.807843
8967      0.803922
8968      0.811765
8969      0.831373
8970      0.843137
8971      0.843137
8972      0.839216
8973      0.843137
8974      0.854902
8975      0.862745
8976      0.866667
8977      0.858824
8978      0.854902
8979      0.850980
8980      0.854902
8981      0.839216
8982      0.835294
8983      0.835294
8984      0.835294
8985      0.839216
8986      0.847059
8987      0.854902
8988      0.862745
8989      0.890196
8990      0.886275
8991      0.886275
8992      0.882353
8993      0.882353
8994      0.886275
8995      0.890196
8996      0.890196
8997      0.898039
8998      0.898039
8999      0.898039
9000      0.894118
9001      0.894118
9002      0.890196
9003      0.890196
9004      0.890196
9005      0.905882
9006      0.909804
9007      0.909804
9008      0.905882
9009      0.894118
9010      0.886275
9011      0.890196
9012      0.894118
9013      0.870588
9014      0.866667
9015      0.866667
9016      0.870588
9017      0.878431
9018      0.882353
9019      0.882353
9020      0.878431
9021      0.854902
9022      0.847059
9023      0.835294
9024      0.835294
9025      0.843137
9026      0.854902
9027      0.858824
9028      0.858824
9029      0.866667
9030      0.870588
9031      0.870588
9032      0.866667
9033      0.866667
9034      0.858824
9035      0.854902
9036      0.850980
9037      0.882353
9038      0.886275
9039      0.894118
9040      0.898039
9041      0.901961
9042      0.901961
9043      0.898039
9044      0.894118
9045      0.905882
9046      0.878431
9047      0.854902
9048      0.847059
9049      0.831373
9050      0.811765
9051      0.811765
9052      0.823529
9053      0.843137
9054      0.854902
9055      0.866667
9056      0.862745
9057      0.850980
9058      0.843137
9059      0.847059
9060      0.850980
9061      0.874510
9062      0.866667
9063      0.854902
9064      0.843137
9065      0.839216
9066      0.839216
9067      0.843137
9068      0.847059
9069      0.854902
9070      0.850980
9071      0.850980
9072      0.850980
9073      0.854902
9074      0.858824
9075      0.862745
9076      0.866667
9077      0.862745
9078      0.866667
9079      0.866667
9080      0.862745
9081      0.862745
9082      0.858824
9083      0.854902
9084      0.854902
9085      0.850980
9086      0.850980
9087      0.847059
9088      0.847059
9089      0.843137
9090      0.839216
9091      0.839216
9092      0.843137
9093      0.847059
9094      0.854902
9095      0.858824
9096      0.847059
9097      0.843137
9098      0.843137
9099      0.854902
9100      0.866667
9101      0.862745
9102      0.850980
9103      0.835294
9104      0.850980
9105      0.858824
9106      0.866667
9107      0.878431
9108      0.882353
9109      0.878431
9110      0.874510
9111      0.870588
9112      0.882353
9113      0.878431
9114      0.874510
9115      0.866667
9116      0.870588
9117      0.878431
9118      0.886275
9119      0.894118
9120      0.882353
9121      0.878431
9122      0.874510
9123      0.870588
9124      0.870588
9125      0.878431
9126      0.882353
9127      0.886275
9128      0.901961
9129      0.901961
9130      0.901961
9131      0.901961
9132      0.901961
9133      0.901961
9134      0.898039
9135      0.898039
9136      0.909804
9137      0.905882
9138      0.898039
9139      0.890196
9140      0.882353
9141      0.878431
9142      0.878431
9143      0.874510
9144      0.882353
9145      0.878431
9146      0.870588
9147      0.874510
9148      0.874510
9149      0.870588
9150      0.862745
9151      0.850980
9152      0.843137
9153      0.843137
9154      0.850980
9155      0.862745
9156      0.874510
9157      0.874510
9158      0.862745
9159      0.854902
9160      0.854902
9161      0.862745
9162      0.866667
9163      0.858824
9164      0.843137
9165      0.835294
9166      0.835294
9167      0.843137
9168      0.850980
9169      0.843137
9170      0.831373
9171      0.827451
9172      0.827451
9173      0.827451
9174      0.823529
9175      0.815686
9176      0.823529
9177      0.827451
9178      0.831373
9179      0.835294
9180      0.831373
9181      0.827451
9182      0.819608
9183      0.815686
9184      0.823529
9185      0.823529
9186      0.819608
9187      0.815686
9188      0.811765
9189      0.807843
9190      0.807843
9191      0.803922
9192      0.811765
9193      0.819608
9194      0.831373
9195      0.839216
9196      0.839216
9197      0.835294
9198      0.823529
9199      0.815686
9200      0.835294
9201      0.839216
9202      0.847059
9203      0.847059
9204      0.847059
9205      0.847059
9206      0.854902
9207      0.862745
9208      0.854902
9209      0.854902
9210      0.847059
9211      0.839216
9212      0.831373
9213      0.831373
9214      0.839216
9215      0.850980
9216      0.870588
9217      0.874510
9218      0.874510
9219      0.874510
9220      0.870588
9221      0.874510
9222      0.882353
9223      0.890196
9224      0.882353
9225      0.886275
9226      0.886275
9227      0.882353
9228      0.878431
9229      0.874510
9230      0.882353
9231      0.890196
9232      0.901961
9233      0.894118
9234      0.890196
9235      0.901961
9236      0.913725
9237      0.913725
9238      0.894118
9239      0.874510
9240      0.862745
9241      0.862745
9242      0.866667
9243      0.866667
9244      0.866667
9245      0.870588
9246      0.870588
9247      0.874510
9248      0.847059
9249      0.835294
9250      0.823529
9251      0.827451
9252      0.843137
9253      0.854902
9254      0.854902
9255      0.850980
9256      0.854902
9257      0.854902
9258      0.858824
9259      0.858824
9260      0.862745
9261      0.862745
9262      0.862745
9263      0.862745
9264      0.890196
9265      0.890196
9266      0.890196
9267      0.882353
9268      0.878431
9269      0.878431
9270      0.886275
9271      0.898039
9272      0.870588
9273      0.847059
9274      0.819608
9275      0.815686
9276      0.827451
9277      0.839216
9278      0.831373
9279      0.823529
9280      0.847059
9281      0.850980
9282      0.850980
9283      0.854902
9284      0.854902
9285      0.850980
9286      0.850980
9287      0.847059
9288      0.870588
9289      0.862745
9290      0.850980
9291      0.843137
9292      0.843137
9293      0.850980
9294      0.866667
9295      0.874510
9296      0.866667
9297      0.862745
9298      0.858824
9299      0.862745
9300      0.870588
9301      0.874510
9302      0.874510
9303      0.866667
9304      0.866667
9305      0.866667
9306      0.866667
9307      0.854902
9308      0.854902
9309      0.858824
9310      0.858824
9311      0.858824
9312      0.858824
9313      0.858824
9314      0.858824
9315      0.847059
9316      0.847059
9317      0.839216
9318      0.835294
9319      0.835294
9320      0.839216
9321      0.843137
9322      0.843137
9323      0.854902
9324      0.850980
9325      0.850980
9326      0.858824
9327      0.866667
9328      0.862745
9329      0.850980
9330      0.835294
9331      0.843137
9332      0.850980
9333      0.862745
9334      0.874510
9335      0.882353
9336      0.882353
9337      0.882353
9338      0.878431
9339      0.882353
9340      0.878431
9341      0.870588
9342      0.866667
9343      0.870588
9344      0.874510
9345      0.882353
9346      0.890196
9347      0.882353
9348      0.882353
9349      0.874510
9350      0.874510
9351      0.874510
9352      0.878431
9353      0.882353
9354      0.886275
9355      0.894118
9356      0.898039
9357      0.898039
9358      0.901961
9359      0.901961
9360      0.901961
9361      0.901961
9362      0.901961
9363      0.905882
9364      0.901961
9365      0.894118
9366      0.890196
9367      0.882353
9368      0.878431
9369      0.874510
9370      0.874510
9371      0.878431
9372      0.874510
9373      0.870588
9374      0.870588
9375      0.874510
9376      0.874510
9377      0.866667
9378      0.858824
9379      0.850980
9380      0.850980
9381      0.854902
9382      0.866667
9383      0.874510
9384      0.874510
9385      0.866667
9386      0.854902
9387      0.858824
9388      0.862745
9389      0.866667
9390      0.858824
9391      0.843137
9392      0.835294
9393      0.839216
9394      0.847059
9395      0.847059
9396      0.839216
9397      0.831373
9398      0.827451
9399      0.831373
9400      0.831373
9401      0.823529
9402      0.819608
9403      0.823529
9404      0.827451
9405      0.831373
9406      0.835294
9407      0.835294
9408      0.831373
9409      0.827451
9410      0.823529
9411      0.827451
9412      0.827451
9413      0.823529
9414      0.819608
9415      0.815686
9416      0.811765
9417      0.811765
9418      0.807843
9419      0.815686
9420      0.819608
9421      0.831373
9422      0.839216
9423      0.843137
9424      0.839216
9425      0.831373
9426      0.827451
9427      0.835294
9428      0.843137
9429      0.847059
9430      0.847059
9431      0.843137
9432      0.843137
9433      0.847059
9434      0.854902
9435      0.850980
9436      0.850980
9437      0.847059
9438      0.839216
9439      0.831373
9440      0.827451
9441      0.835294
9442      0.847059
9443      0.866667
9444      0.870588
9445      0.874510
9446      0.874510
9447      0.870588
9448      0.870588
9449      0.874510
9450      0.874510
9451      0.870588
9452      0.874510
9453      0.878431
9454      0.874510
9455      0.870588
9456      0.870588
9457      0.878431
9458      0.886275
9459      0.890196
9460      0.890196
9461      0.894118
9462      0.898039
9463      0.898039
9464      0.890196
9465      0.874510
9466      0.862745
9467      0.850980
9468      0.854902
9469      0.858824
9470      0.862745
9471      0.866667
9472      0.866667
9473      0.866667
9474      0.866667
9475      0.839216
9476      0.831373
9477      0.831373
9478      0.839216
9479      0.854902
9480      0.862745
9481      0.858824
9482      0.854902
9483      0.843137
9484      0.843137
9485      0.847059
9486      0.850980
9487      0.858824
9488      0.866667
9489      0.874510
9490      0.878431
9491      0.890196
9492      0.890196
9493      0.886275
9494      0.874510
9495      0.866667
9496      0.862745
9497      0.870588
9498      0.878431
9499      0.870588
9500      0.847059
9501      0.823529
9502      0.815686
9503      0.827451
9504      0.839216
9505      0.839216
9506      0.831373
9507      0.850980
9508      0.850980
9509      0.854902
9510      0.854902
9511      0.854902
9512      0.850980
9513      0.847059
9514      0.847059
9515      0.866667
9516      0.866667
9517      0.862745
9518      0.858824
9519      0.854902
9520      0.858824
9521      0.858824
9522      0.858824
9523      0.854902
9524      0.850980
9525      0.850980
9526      0.854902
9527      0.866667
9528      0.870588
9529      0.870588
9530      0.866667
9531      0.866667
9532      0.866667
9533      0.866667
9534      0.850980
9535      0.850980
9536      0.854902
9537      0.858824
9538      0.862745
9539      0.862745
9540      0.866667
9541      0.866667
9542      0.858824
9543      0.854902
9544      0.850980
9545      0.843137
9546      0.843137
9547      0.839216
9548      0.843137
9549      0.843137
9550      0.866667
9551      0.862745
9552      0.862745
9553      0.866667
9554      0.870588
9555      0.866667
9556      0.854902
9557      0.843137
9558      0.843137
9559      0.850980
9560      0.862745
9561      0.874510
9562      0.886275
9563      0.890196
9564      0.890196
9565      0.890196
9566      0.878431
9567      0.874510
9568      0.870588
9569      0.866667
9570      0.866667
9571      0.874510
9572      0.882353
9573      0.886275
9574      0.886275
9575      0.882353
9576      0.878431
9577      0.878431
9578      0.874510
9579      0.878431
9580      0.882353
9581      0.882353
9582      0.890196
9583      0.894118
9584      0.898039
9585      0.905882
9586      0.909804
9587      0.913725
9588      0.913725
9589      0.913725
9590      0.905882
9591      0.901961
9592      0.898039
9593      0.894118
9594      0.886275
9595      0.878431
9596      0.874510
9597      0.874510
9598      0.874510
9599      0.870588
9600      0.866667
9601      0.866667
9602      0.874510
9603      0.874510
9604      0.870588
9605      0.862745
9606      0.862745
9607      0.862745
9608      0.862745
9609      0.870588
9610      0.878431
9611      0.878431
9612      0.866667
9613      0.858824
9614      0.858824
9615      0.862745
9616      0.866667
9617      0.858824
9618      0.847059
9619      0.843137
9620      0.843137
9621      0.847059
9622      0.843137
9623      0.835294
9624      0.831373
9625      0.831373
9626      0.835294
9627      0.835294
9628      0.831373
9629      0.823529
9630      0.819608
9631      0.823529
9632      0.827451
9633      0.831373
9634      0.835294
9635      0.835294
9636      0.835294
9637      0.835294
9638      0.831373
9639      0.831373
9640      0.831373
9641      0.827451
9642      0.823529
9643      0.819608
9644      0.819608
9645      0.819608
9646      0.819608
9647      0.827451
9648      0.835294
9649      0.843137
9650      0.847059
9651      0.847059
9652      0.843137
9653      0.839216
9654      0.843137
9655      0.847059
9656      0.850980
9657      0.847059
9658      0.839216
9659      0.835294
9660      0.839216
9661      0.843137
9662      0.847059
9663      0.850980
9664      0.847059
9665      0.839216
9666      0.831373
9667      0.827451
9668      0.831373
9669      0.839216
9670      0.854902
9671      0.858824
9672      0.866667
9673      0.870588
9674      0.870588
9675      0.870588
9676      0.866667
9677      0.862745
9678      0.854902
9679      0.862745
9680      0.866667
9681      0.862745
9682      0.858824
9683      0.858824
9684      0.870588
9685      0.878431
9686      0.886275
9687      0.898039
9688      0.909804
9689      0.901961
9690      0.878431
9691      0.854902
9692      0.843137
9693      0.843137
9694      0.835294
9695      0.843137
9696      0.850980
9697      0.862745
9698      0.862745
9699      0.862745
9700      0.858824
9701      0.854902
9702      0.827451
9703      0.831373
9704      0.839216
9705      0.854902
9706      0.866667
9707      0.870588
9708      0.866667
9709      0.858824
9710      0.835294
9711      0.831373
9712      0.831373
9713      0.835294
9714      0.847059
9715      0.862745
9716      0.874510
9717      0.886275
9718      0.890196
9719      0.890196
9720      0.886275
9721      0.874510
9722      0.858824
9723      0.854902
9724      0.862745
9725      0.866667
9726      0.874510
9727      0.850980
9728      0.827451
9729      0.819608
9730      0.831373
9731      0.843137
9732      0.843137
9733      0.843137
9734      0.854902
9735      0.854902
9736      0.858824
9737      0.858824
9738      0.854902
9739      0.850980
9740      0.847059
9741      0.843137
9742      0.862745
9743      0.866667
9744      0.870588
9745      0.870588
9746      0.870588
9747      0.862745
9748      0.858824
9749      0.850980
9750      0.843137
9751      0.839216
9752      0.839216
9753      0.847059
9754      0.858824
9755      0.866667
9756      0.866667
9757      0.862745
9758      0.866667
9759      0.866667
9760      0.866667
9761      0.850980
9762      0.850980
9763      0.854902
9764      0.854902
9765      0.858824
9766      0.858824
9767      0.858824
9768      0.862745
9769      0.866667
9770      0.866667
9771      0.862745
9772      0.862745
9773      0.862745
9774      0.862745
9775      0.862745
9776      0.862745
9777      0.878431
9778      0.874510
9779      0.874510
9780      0.874510
9781      0.874510
9782      0.866667
9783      0.858824
9784      0.854902
9785      0.866667
9786      0.870588
9787      0.878431
9788      0.886275
9789      0.894118
9790      0.894118
9791      0.894118
9792      0.894118
9793      0.874510
9794      0.870588
9795      0.870588
9796      0.866667
9797      0.870588
9798      0.874510
9799      0.878431
9800      0.882353
9801      0.886275
9802      0.886275
9803      0.882353
9804      0.882353
9805      0.878431
9806      0.878431
9807      0.878431
9808      0.878431
9809      0.886275
9810      0.894118
9811      0.901961
9812      0.913725
9813      0.921569
9814      0.925490
9815      0.929412
9816      0.929412
9817      0.913725
9818      0.913725
9819      0.909804
9820      0.905882
9821      0.898039
9822      0.890196
9823      0.886275
9824      0.882353
9825      0.874510
9826      0.866667
9827      0.862745
9828      0.866667
9829      0.870588
9830      0.878431
9831      0.874510
9832      0.870588
9833      0.874510
9834      0.870588
9835      0.870588
9836      0.874510
9837      0.882353
9838      0.878431
9839      0.870588
9840      0.862745
9841      0.862745
9842      0.862745
9843      0.858824
9844      0.854902
9845      0.850980
9846      0.847059
9847      0.843137
9848      0.847059
9849      0.835294
9850      0.831373
9851      0.827451
9852      0.831373
9853      0.839216
9854      0.839216
9855      0.835294
9856      0.827451
9857      0.819608
9858      0.823529
9859      0.827451
9860      0.831373
9861      0.839216
9862      0.843137
9863      0.843137
9864      0.847059
9865      0.839216
9866      0.839216
9867      0.839216
9868      0.835294
9869      0.831373
9870      0.831373
9871      0.831373
9872      0.827451
9873      0.831373
9874      0.835294
9875      0.839216
9876      0.847059
9877      0.850980
9878      0.850980
9879      0.854902
9880      0.854902
9881      0.850980
9882      0.854902
9883      0.854902
9884      0.847059
9885      0.835294
9886      0.831373
9887      0.831373
9888      0.835294
9889      0.843137
9890      0.847059
9891      0.850980
9892      0.843137
9893      0.835294
9894      0.827451
9895      0.827451
9896      0.831373
9897      0.835294
9898      0.839216
9899      0.847059
9900      0.858824
9901      0.870588
9902      0.870588
9903      0.866667
9904      0.858824
9905      0.847059
9906      0.854902
9907      0.858824
9908      0.854902
9909      0.850980
9910      0.854902
9911      0.862745
9912      0.870588
9913      0.898039
9914      0.921569
9915      0.937255
9916      0.917647
9917      0.870588
9918      0.831373
9919      0.823529
9920      0.831373
9921      0.823529
9922      0.835294
9923      0.847059
9924      0.858824
9925      0.862745
9926      0.858824
9927      0.847059
9928      0.843137
9929      0.823529
9930      0.831373
9931      0.850980
9932      0.866667
9933      0.878431
9934      0.878431
9935      0.870588
9936      0.862745
9937      0.835294
9938      0.831373
9939      0.823529
9940      0.823529
9941      0.831373
9942      0.847059
9943      0.862745
9944      0.870588
9945      0.886275
9946      0.886275
9947      0.882353
9948      0.870588
9949      0.858824
9950      0.858824
9951      0.862745
9952      0.870588
9953      0.866667
9954      0.850980
9955      0.831373
9956      0.823529
9957      0.831373
9958      0.843137
9959      0.850980
9960      0.850980
9961      0.858824
9962      0.858824
9963      0.858824
9964      0.858824
9965      0.854902
9966      0.850980
9967      0.847059
9968      0.843137
9969      0.862745
9970      0.862745
9971      0.866667
9972      0.870588
9973      0.870588
9974      0.870588
9975      0.866667
9976      0.862745
9977      0.839216
9978      0.839216
9979      0.839216
9980      0.847059
9981      0.862745
9982      0.870588
9983      0.870588
9984      0.870588
9985      0.866667
9986      0.866667
9987      0.866667
9988      0.858824
9989      0.854902
9990      0.854902
9991      0.854902
9992      0.850980
9993      0.850980
9994      0.847059
9995      0.847059
9996      0.858824
9997      0.862745
9998      0.866667
9999      0.870588
10000     0.874510
10001     0.878431
10002     0.878431
10003     0.878431
10004     0.886275
10005     0.886275
10006     0.886275
10007     0.886275
10008     0.878431
10009     0.870588
10010     0.870588
10011     0.870588
10012     0.898039
10013     0.898039
10014     0.898039
10015     0.898039
10016     0.898039
10017     0.894118
10018     0.894118
10019     0.890196
10020     0.874510
10021     0.870588
10022     0.870588
10023     0.870588
10024     0.874510
10025     0.874510
10026     0.878431
10027     0.882353
10028     0.886275
10029     0.886275
10030     0.886275
10031     0.886275
10032     0.882353
10033     0.882353
10034     0.878431
10035     0.878431
10036     0.890196
10037     0.898039
10038     0.913725
10039     0.925490
10040     0.937255
10041     0.941176
10042     0.941176
10043     0.941176
10044     0.925490
10045     0.925490
10046     0.925490
10047     0.921569
10048     0.913725
10049     0.905882
10050     0.898039
10051     0.890196
10052     0.878431
10053     0.870588
10054     0.862745
10055     0.862745
10056     0.870588
10057     0.874510
10058     0.874510
10059     0.874510
10060     0.882353
10061     0.878431
10062     0.874510
10063     0.874510
10064     0.882353
10065     0.882353
10066     0.874510
10067     0.866667
10068     0.858824
10069     0.854902
10070     0.850980
10071     0.850980
10072     0.850980
10073     0.847059
10074     0.843137
10075     0.843137
10076     0.827451
10077     0.827451
10078     0.827451
10079     0.835294
10080     0.847059
10081     0.847059
10082     0.843137
10083     0.835294
10084     0.823529
10085     0.823529
10086     0.827451
10087     0.831373
10088     0.839216
10089     0.847059
10090     0.850980
10091     0.854902
10092     0.847059
10093     0.847059
10094     0.847059
10095     0.843137
10096     0.843137
10097     0.843137
10098     0.843137
10099     0.843137
10100     0.843137
10101     0.843137
10102     0.843137
10103     0.847059
10104     0.850980
10105     0.854902
10106     0.858824
10107     0.862745
10108     0.854902
10109     0.858824
10110     0.858824
10111     0.850980
10112     0.835294
10113     0.827451
10114     0.827451
10115     0.831373
10116     0.843137
10117     0.850980
10118     0.854902
10119     0.850980
10120     0.839216
10121     0.827451
10122     0.823529
10123     0.823529
10124     0.811765
10125     0.815686
10126     0.827451
10127     0.847059
10128     0.866667
10129     0.874510
10130     0.866667
10131     0.858824
10132     0.847059
10133     0.850980
10134     0.854902
10135     0.850980
10136     0.847059
10137     0.847059
10138     0.858824
10139     0.866667
10140     0.917647
10141     0.949020
10142     0.968627
10143     0.941176
10144     0.878431
10145     0.827451
10146     0.819608
10147     0.831373
10148     0.827451
10149     0.835294
10150     0.847059
10151     0.858824
10152     0.858824
10153     0.850980
10154     0.843137
10155     0.835294
10156     0.823529
10157     0.835294
10158     0.854902
10159     0.870588
10160     0.878431
10161     0.878431
10162     0.874510
10163     0.874510
10164     0.850980
10165     0.843137
10166     0.831373
10167     0.823529
10168     0.819608
10169     0.827451
10170     0.839216
10171     0.847059
10172     0.862745
10173     0.862745
10174     0.862745
10175     0.854902
10176     0.847059
10177     0.847059
10178     0.854902
10179     0.862745
10180     0.854902
10181     0.847059
10182     0.835294
10183     0.831373
10184     0.835294
10185     0.843137
10186     0.850980
10187     0.854902
10188     0.858824
10189     0.858824
10190     0.858824
10191     0.858824
10192     0.858824
10193     0.854902
10194     0.850980
10195     0.847059
10196     0.858824
10197     0.858824
10198     0.858824
10199     0.858824
10200     0.866667
10201     0.870588
10202     0.878431
10203     0.882353
10204     0.847059
10205     0.843137
10206     0.847059
10207     0.854902
10208     0.866667
10209     0.878431
10210     0.878431
10211     0.874510
10212     0.866667
10213     0.866667
10214     0.866667
10215     0.862745
10216     0.862745
10217     0.858824
10218     0.854902
10219     0.850980
10220     0.850980
10221     0.847059
10222     0.847059
10223     0.850980
10224     0.854902
10225     0.862745
10226     0.870588
10227     0.878431
10228     0.878431
10229     0.882353
10230     0.882353
10231     0.890196
10232     0.894118
10233     0.898039
10234     0.894118
10235     0.882353
10236     0.878431
10237     0.882353
10238     0.886275
10239     0.921569
10240     0.917647
10241     0.913725
10242     0.905882
10243     0.898039
10244     0.890196
10245     0.886275
10246     0.882353
10247     0.874510
10248     0.874510
10249     0.878431
10250     0.878431
10251     0.878431
10252     0.882353
10253     0.882353
10254     0.882353
10255     0.890196
10256     0.890196
10257     0.890196
10258     0.890196
10259     0.886275
10260     0.882353
10261     0.878431
10262     0.874510
10263     0.890196
10264     0.901961
10265     0.917647
10266     0.933333
10267     0.941176
10268     0.945098
10269     0.945098
10270     0.941176
10271     0.933333
10272     0.933333
10273     0.933333
10274     0.933333
10275     0.925490
10276     0.917647
10277     0.905882
10278     0.898039
10279     0.882353
10280     0.874510
10281     0.862745
10282     0.862745
10283     0.866667
10284     0.870588
10285     0.874510
10286     0.870588
10287     0.882353
10288     0.874510
10289     0.870588
10290     0.874510
10291     0.878431
10292     0.882353
10293     0.878431
10294     0.874510
10295     0.854902
10296     0.847059
10297     0.843137
10298     0.843137
10299     0.847059
10300     0.847059
10301     0.839216
10302     0.835294
10303     0.823529
10304     0.823529
10305     0.827451
10306     0.839216
10307     0.850980
10308     0.854902
10309     0.847059
10310     0.839216
10311     0.831373
10312     0.831373
10313     0.831373
10314     0.835294
10315     0.839216
10316     0.847059
10317     0.854902
10318     0.858824
10319     0.854902
10320     0.854902
10321     0.854902
10322     0.854902
10323     0.850980
10324     0.850980
10325     0.850980
10326     0.850980
10327     0.854902
10328     0.850980
10329     0.847059
10330     0.843137
10331     0.847059
10332     0.850980
10333     0.858824
10334     0.862745
10335     0.858824
10336     0.862745
10337     0.862745
10338     0.854902
10339     0.839216
10340     0.831373
10341     0.831373
10342     0.835294
10343     0.843137
10344     0.854902
10345     0.862745
10346     0.858824
10347     0.847059
10348     0.835294
10349     0.823529
10350     0.823529
10351     0.807843
10352     0.803922
10353     0.807843
10354     0.831373
10355     0.854902
10356     0.870588
10357     0.866667
10358     0.854902
10359     0.847059
10360     0.847059
10361     0.850980
10362     0.847059
10363     0.839216
10364     0.839216
10365     0.847059
10366     0.854902
10367     0.917647
10368     0.952941
10369     0.976471
10370     0.949020
10371     0.890196
10372     0.839216
10373     0.831373
10374     0.843137
10375     0.843137
10376     0.847059
10377     0.854902
10378     0.858824
10379     0.858824
10380     0.850980
10381     0.843137
10382     0.835294
10383     0.835294
10384     0.847059
10385     0.854902
10386     0.862745
10387     0.862745
10388     0.866667
10389     0.874510
10390     0.882353
10391     0.874510
10392     0.862745
10393     0.850980
10394     0.835294
10395     0.827451
10396     0.823529
10397     0.823529
10398     0.827451
10399     0.827451
10400     0.831373
10401     0.831373
10402     0.823529
10403     0.819608
10404     0.819608
10405     0.827451
10406     0.839216
10407     0.835294
10408     0.835294
10409     0.835294
10410     0.839216
10411     0.839216
10412     0.843137
10413     0.847059
10414     0.850980
10415     0.854902
10416     0.854902
10417     0.858824
10418     0.858824
10419     0.858824
10420     0.858824
10421     0.854902
10422     0.854902
10423     0.858824
10424     0.858824
10425     0.854902
10426     0.854902
10427     0.858824
10428     0.866667
10429     0.878431
10430     0.882353
10431     0.858824
10432     0.854902
10433     0.854902
10434     0.862745
10435     0.874510
10436     0.882353
10437     0.882353
10438     0.878431
10439     0.866667
10440     0.866667
10441     0.866667
10442     0.866667
10443     0.862745
10444     0.862745
10445     0.862745
10446     0.862745
10447     0.862745
10448     0.862745
10449     0.862745
10450     0.858824
10451     0.862745
10452     0.870588
10453     0.878431
10454     0.882353
10455     0.882353
10456     0.882353
10457     0.882353
10458     0.890196
10459     0.898039
10460     0.901961
10461     0.898039
10462     0.890196
10463     0.886275
10464     0.894118
10465     0.901961
10466     0.925490
10467     0.921569
10468     0.909804
10469     0.901961
10470     0.894118
10471     0.886275
10472     0.878431
10473     0.878431
10474     0.878431
10475     0.878431
10476     0.882353
10477     0.886275
10478     0.886275
10479     0.886275
10480     0.886275
10481     0.886275
10482     0.890196
10483     0.890196
10484     0.894118
10485     0.894118
10486     0.890196
10487     0.882353
10488     0.874510
10489     0.870588
10490     0.886275
10491     0.898039
10492     0.913725
10493     0.929412
10494     0.941176
10495     0.941176
10496     0.937255
10497     0.933333
10498     0.933333
10499     0.933333
10500     0.937255
10501     0.937255
10502     0.929412
10503     0.917647
10504     0.905882
10505     0.898039
10506     0.890196
10507     0.878431
10508     0.866667
10509     0.858824
10510     0.862745
10511     0.870588
10512     0.870588
10513     0.866667
10514     0.874510
10515     0.870588
10516     0.866667
10517     0.870588
10518     0.878431
10519     0.882353
10520     0.882353
10521     0.878431
10522     0.847059
10523     0.839216
10524     0.831373
10525     0.835294
10526     0.843137
10527     0.843137
10528     0.835294
10529     0.827451
10530     0.815686
10531     0.819608
10532     0.827451
10533     0.839216
10534     0.854902
10535     0.858824
10536     0.850980
10537     0.843137
10538     0.835294
10539     0.835294
10540     0.835294
10541     0.835294
10542     0.839216
10543     0.847059
10544     0.854902
10545     0.858824
10546     0.858824
10547     0.858824
10548     0.858824
10549     0.858824
10550     0.858824
10551     0.858824
10552     0.858824
10553     0.858824
10554     0.866667
10555     0.858824
10556     0.850980
10557     0.843137
10558     0.839216
10559     0.847059
10560     0.854902
10561     0.858824
10562     0.862745
10563     0.866667
10564     0.866667
10565     0.858824
10566     0.847059
10567     0.839216
10568     0.839216
10569     0.843137
10570     0.847059
10571     0.858824
10572     0.870588
10573     0.870588
10574     0.854902
10575     0.839216
10576     0.827451
10577     0.823529
10578     0.815686
10579     0.807843
10580     0.803922
10581     0.819608
10582     0.843137
10583     0.858824
10584     0.854902
10585     0.843137
10586     0.839216
10587     0.843137
10588     0.843137
10589     0.835294
10590     0.827451
10591     0.823529
10592     0.827451
10593     0.835294
10594     0.894118
10595     0.929412
10596     0.956863
10597     0.941176
10598     0.894118
10599     0.854902
10600     0.847059
10601     0.858824
10602     0.862745
10603     0.862745
10604     0.862745
10605     0.862745
10606     0.854902
10607     0.850980
10608     0.843137
10609     0.839216
10610     0.850980
10611     0.854902
10612     0.854902
10613     0.850980
10614     0.847059
10615     0.854902
10616     0.874510
10617     0.890196
10618     0.894118
10619     0.886275
10620     0.874510
10621     0.858824
10622     0.843137
10623     0.835294
10624     0.827451
10625     0.823529
10626     0.815686
10627     0.815686
10628     0.815686
10629     0.807843
10630     0.796078
10631     0.796078
10632     0.803922
10633     0.811765
10634     0.819608
10635     0.827451
10636     0.839216
10637     0.843137
10638     0.843137
10639     0.843137
10640     0.843137
10641     0.843137
10642     0.847059
10643     0.850980
10644     0.854902
10645     0.858824
10646     0.862745
10647     0.862745
10648     0.862745
10649     0.862745
10650     0.858824
10651     0.858824
10652     0.862745
10653     0.862745
10654     0.862745
10655     0.862745
10656     0.858824
10657     0.854902
10658     0.862745
10659     0.858824
10660     0.858824
10661     0.862745
10662     0.874510
10663     0.878431
10664     0.878431
10665     0.874510
10666     0.866667
10667     0.866667
10668     0.866667
10669     0.862745
10670     0.866667
10671     0.866667
10672     0.870588
10673     0.874510
10674     0.874510
10675     0.878431
10676     0.878431
10677     0.878431
10678     0.882353
10679     0.890196
10680     0.894118
10681     0.894118
10682     0.890196
10683     0.886275
10684     0.882353
10685     0.890196
10686     0.901961
10687     0.905882
10688     0.901961
10689     0.890196
10690     0.890196
10691     0.901961
10692     0.913725
10693     0.917647
10694     0.913725
10695     0.905882
10696     0.894118
10697     0.886275
10698     0.882353
10699     0.878431
10700     0.874510
10701     0.878431
10702     0.882353
10703     0.886275
10704     0.890196
10705     0.890196
10706     0.890196
10707     0.890196
10708     0.886275
10709     0.890196
10710     0.890196
10711     0.894118
10712     0.894118
10713     0.890196
10714     0.882353
10715     0.874510
10716     0.870588
10717     0.882353
10718     0.894118
10719     0.909804
10720     0.925490
10721     0.933333
10722     0.933333
10723     0.929412
10724     0.925490
10725     0.929412
10726     0.933333
10727     0.937255
10728     0.933333
10729     0.929412
10730     0.917647
10731     0.905882
10732     0.898039
10733     0.894118
10734     0.882353
10735     0.866667
10736     0.858824
10737     0.862745
10738     0.866667
10739     0.866667
10740     0.866667
10741     0.870588
10742     0.866667
10743     0.862745
10744     0.866667
10745     0.874510
10746     0.886275
10747     0.886275
10748     0.882353
10749     0.843137
10750     0.835294
10751     0.827451
10752     0.831373
10753     0.839216
10754     0.843137
10755     0.835294
10756     0.823529
10757     0.811765
10758     0.815686
10759     0.827451
10760     0.843137
10761     0.854902
10762     0.858824
10763     0.854902
10764     0.847059
10765     0.843137
10766     0.839216
10767     0.835294
10768     0.835294
10769     0.839216
10770     0.847059
10771     0.850980
10772     0.858824
10773     0.862745
10774     0.862745
10775     0.862745
10776     0.862745
10777     0.862745
10778     0.862745
10779     0.866667
10780     0.866667
10781     0.870588
10782     0.862745
10783     0.850980
10784     0.839216
10785     0.835294
10786     0.843137
10787     0.850980
10788     0.854902
10789     0.862745
10790     0.866667
10791     0.866667
10792     0.862745
10793     0.850980
10794     0.843137
10795     0.843137
10796     0.847059
10797     0.850980
10798     0.862745
10799     0.874510
10800     0.874510
10801     0.858824
10802     0.843137
10803     0.827451
10804     0.823529
10805     0.827451
10806     0.811765
10807     0.803922
10808     0.811765
10809     0.835294
10810     0.847059
10811     0.843137
10812     0.831373
10813     0.835294
10814     0.839216
10815     0.835294
10816     0.827451
10817     0.819608
10818     0.811765
10819     0.815686
10820     0.823529
10821     0.870588
10822     0.905882
10823     0.937255
10824     0.929412
10825     0.894118
10826     0.862745
10827     0.858824
10828     0.866667
10829     0.878431
10830     0.874510
10831     0.870588
10832     0.862745
10833     0.854902
10834     0.850980
10835     0.843137
10836     0.843137
10837     0.858824
10838     0.858824
10839     0.854902
10840     0.843137
10841     0.835294
10842     0.847059
10843     0.874510
10844     0.894118
10845     0.905882
10846     0.901961
10847     0.890196
10848     0.874510
10849     0.862745
10850     0.847059
10851     0.835294
10852     0.831373
10853     0.823529
10854     0.823529
10855     0.815686
10856     0.803922
10857     0.792157
10858     0.788235
10859     0.796078
10860     0.800000
10861     0.807843
10862     0.819608
10863     0.839216
10864     0.847059
10865     0.847059
10866     0.843137
10867     0.839216
10868     0.835294
10869     0.843137
10870     0.847059
10871     0.854902
10872     0.858824
10873     0.862745
10874     0.866667
10875     0.866667
10876     0.866667
10877     0.858824
10878     0.862745
10879     0.870588
10880     0.874510
10881     0.870588
10882     0.854902
10883     0.839216
10884     0.831373
10885     0.866667
10886     0.862745
10887     0.858824
10888     0.862745
10889     0.870588
10890     0.874510
10891     0.874510
10892     0.866667
10893     0.866667
10894     0.866667
10895     0.866667
10896     0.858824
10897     0.866667
10898     0.870588
10899     0.866667
10900     0.862745
10901     0.870588
10902     0.890196
10903     0.905882
10904     0.886275
10905     0.890196
10906     0.890196
10907     0.890196
10908     0.886275
10909     0.890196
10910     0.901961
10911     0.913725
10912     0.913725
10913     0.909804
10914     0.901961
10915     0.898039
10916     0.898039
10917     0.898039
10918     0.898039
10919     0.894118
10920     0.898039
10921     0.898039
10922     0.901961
10923     0.898039
10924     0.890196
10925     0.878431
10926     0.866667
10927     0.858824
10928     0.862745
10929     0.870588
10930     0.878431
10931     0.886275
10932     0.890196
10933     0.890196
10934     0.890196
10935     0.886275
10936     0.882353
10937     0.882353
10938     0.882353
10939     0.886275
10940     0.886275
10941     0.886275
10942     0.890196
10943     0.890196
10944     0.878431
10945     0.890196
10946     0.905882
10947     0.917647
10948     0.925490
10949     0.921569
10950     0.909804
10951     0.905882
10952     0.929412
10953     0.925490
10954     0.921569
10955     0.917647
10956     0.909804
10957     0.905882
10958     0.901961
10959     0.898039
10960     0.894118
10961     0.894118
10962     0.886275
10963     0.866667
10964     0.850980
10965     0.847059
10966     0.858824
10967     0.870588
10968     0.866667
10969     0.866667
10970     0.866667
10971     0.866667
10972     0.866667
10973     0.866667
10974     0.866667
10975     0.866667
10976     0.835294
10977     0.831373
10978     0.831373
10979     0.831373
10980     0.831373
10981     0.835294
10982     0.839216
10983     0.843137
10984     0.831373
10985     0.839216
10986     0.847059
10987     0.854902
10988     0.858824
10989     0.854902
10990     0.847059
10991     0.843137
10992     0.854902
10993     0.854902
10994     0.850980
10995     0.847059
10996     0.850980
10997     0.854902
10998     0.862745
10999     0.866667
11000     0.850980
11001     0.854902
11002     0.858824
11003     0.862745
11004     0.866667
11005     0.866667
11006     0.866667
11007     0.866667
11008     0.866667
11009     0.870588
11010     0.870588
11011     0.862745
11012     0.850980
11013     0.847059
11014     0.847059
11015     0.850980
11016     0.858824
11017     0.858824
11018     0.858824
11019     0.854902
11020     0.850980
11021     0.847059
11022     0.843137
11023     0.839216
11024     0.835294
11025     0.843137
11026     0.850980
11027     0.858824
11028     0.854902
11029     0.847059
11030     0.835294
11031     0.827451
11032     0.811765
11033     0.815686
11034     0.819608
11035     0.811765
11036     0.807843
11037     0.811765
11038     0.831373
11039     0.847059
11040     0.850980
11041     0.839216
11042     0.823529
11043     0.807843
11044     0.803922
11045     0.811765
11046     0.823529
11047     0.831373
11048     0.843137
11049     0.866667
11050     0.894118
11051     0.898039
11052     0.882353
11053     0.862745
11054     0.858824
11055     0.862745
11056     0.886275
11057     0.878431
11058     0.862745
11059     0.850980
11060     0.847059
11061     0.850980
11062     0.858824
11063     0.862745
11064     0.866667
11065     0.858824
11066     0.850980
11067     0.850980
11068     0.858824
11069     0.866667
11070     0.874510
11071     0.874510
11072     0.898039
11073     0.894118
11074     0.882353
11075     0.870588
11076     0.858824
11077     0.843137
11078     0.835294
11079     0.827451
11080     0.819608
11081     0.819608
11082     0.827451
11083     0.835294
11084     0.835294
11085     0.819608
11086     0.792157
11087     0.776471
11088     0.796078
11089     0.811765
11090     0.835294
11091     0.839216
11092     0.831373
11093     0.819608
11094     0.811765
11095     0.811765
11096     0.831373
11097     0.831373
11098     0.835294
11099     0.850980
11100     0.866667
11101     0.874510
11102     0.874510
11103     0.870588
11104     0.870588
11105     0.874510
11106     0.878431
11107     0.878431
11108     0.870588
11109     0.858824
11110     0.847059
11111     0.839216
11112     0.850980
11113     0.850980
11114     0.850980
11115     0.850980
11116     0.854902
11117     0.858824
11118     0.866667
11119     0.866667
11120     0.866667
11121     0.866667
11122     0.866667
11123     0.862745
11124     0.870588
11125     0.870588
11126     0.870588
11127     0.866667
11128     0.870588
11129     0.890196
11130     0.905882
11131     0.894118
11132     0.898039
11133     0.898039
11134     0.894118
11135     0.894118
11136     0.894118
11137     0.905882
11138     0.913725
11139     0.917647
11140     0.913725
11141     0.905882
11142     0.901961
11143     0.898039
11144     0.898039
11145     0.898039
11146     0.894118
11147     0.890196
11148     0.898039
11149     0.901961
11150     0.901961
11151     0.894118
11152     0.882353
11153     0.866667
11154     0.854902
11155     0.870588
11156     0.874510
11157     0.878431
11158     0.886275
11159     0.890196
11160     0.886275
11161     0.886275
11162     0.882353
11163     0.878431
11164     0.882353
11165     0.882353
11166     0.882353
11167     0.886275
11168     0.886275
11169     0.886275
11170     0.886275
11171     0.878431
11172     0.886275
11173     0.898039
11174     0.905882
11175     0.913725
11176     0.909804
11177     0.905882
11178     0.901961
11179     0.921569
11180     0.921569
11181     0.917647
11182     0.913725
11183     0.905882
11184     0.901961
11185     0.898039
11186     0.898039
11187     0.894118
11188     0.890196
11189     0.882353
11190     0.866667
11191     0.850980
11192     0.847059
11193     0.858824
11194     0.870588
11195     0.862745
11196     0.862745
11197     0.862745
11198     0.862745
11199     0.862745
11200     0.862745
11201     0.862745
11202     0.862745
11203     0.839216
11204     0.839216
11205     0.835294
11206     0.835294
11207     0.835294
11208     0.835294
11209     0.835294
11210     0.839216
11211     0.835294
11212     0.839216
11213     0.847059
11214     0.854902
11215     0.854902
11216     0.850980
11217     0.847059
11218     0.839216
11219     0.847059
11220     0.847059
11221     0.843137
11222     0.843137
11223     0.843137
11224     0.847059
11225     0.854902
11226     0.858824
11227     0.850980
11228     0.854902
11229     0.858824
11230     0.866667
11231     0.870588
11232     0.870588
11233     0.870588
11234     0.870588
11235     0.858824
11236     0.866667
11237     0.874510
11238     0.874510
11239     0.862745
11240     0.850980
11241     0.847059
11242     0.843137
11243     0.850980
11244     0.850980
11245     0.850980
11246     0.850980
11247     0.847059
11248     0.843137
11249     0.839216
11250     0.835294
11251     0.843137
11252     0.847059
11253     0.850980
11254     0.850980
11255     0.843137
11256     0.831373
11257     0.815686
11258     0.807843
11259     0.811765
11260     0.815686
11261     0.819608
11262     0.815686
11263     0.811765
11264     0.815686
11265     0.827451
11266     0.843137
11267     0.850980
11268     0.843137
11269     0.827451
11270     0.811765
11271     0.807843
11272     0.815686
11273     0.827451
11274     0.835294
11275     0.839216
11276     0.862745
11277     0.886275
11278     0.886275
11279     0.874510
11280     0.858824
11281     0.858824
11282     0.866667
11283     0.882353
11284     0.874510
11285     0.862745
11286     0.850980
11287     0.850980
11288     0.854902
11289     0.862745
11290     0.866667
11291     0.862745
11292     0.858824
11293     0.858824
11294     0.858824
11295     0.862745
11296     0.866667
11297     0.866667
11298     0.866667
11299     0.886275
11300     0.882353
11301     0.870588
11302     0.854902
11303     0.847059
11304     0.835294
11305     0.831373
11306     0.827451
11307     0.823529
11308     0.823529
11309     0.823529
11310     0.827451
11311     0.827451
11312     0.819608
11313     0.800000
11314     0.784314
11315     0.792157
11316     0.807843
11317     0.823529
11318     0.827451
11319     0.815686
11320     0.803922
11321     0.792157
11322     0.792157
11323     0.800000
11324     0.800000
11325     0.803922
11326     0.819608
11327     0.839216
11328     0.854902
11329     0.858824
11330     0.858824
11331     0.862745
11332     0.866667
11333     0.866667
11334     0.866667
11335     0.862745
11336     0.854902
11337     0.847059
11338     0.843137
11339     0.847059
11340     0.847059
11341     0.843137
11342     0.843137
11343     0.847059
11344     0.847059
11345     0.850980
11346     0.854902
11347     0.862745
11348     0.862745
11349     0.862745
11350     0.866667
11351     0.870588
11352     0.874510
11353     0.870588
11354     0.870588
11355     0.874510
11356     0.890196
11357     0.898039
11358     0.901961
11359     0.905882
11360     0.905882
11361     0.901961
11362     0.898039
11363     0.898039
11364     0.905882
11365     0.913725
11366     0.925490
11367     0.921569
11368     0.913725
11369     0.905882
11370     0.898039
11371     0.898039
11372     0.894118
11373     0.894118
11374     0.886275
11375     0.890196
11376     0.901961
11377     0.905882
11378     0.898039
11379     0.886275
11380     0.866667
11381     0.854902
11382     0.878431
11383     0.878431
11384     0.882353
11385     0.882353
11386     0.886275
11387     0.882353
11388     0.878431
11389     0.878431
11390     0.882353
11391     0.882353
11392     0.882353
11393     0.882353
11394     0.886275
11395     0.886275
11396     0.890196
11397     0.890196
11398     0.878431
11399     0.882353
11400     0.886275
11401     0.890196
11402     0.894118
11403     0.898039
11404     0.901961
11405     0.901961
11406     0.917647
11407     0.913725
11408     0.913725
11409     0.909804
11410     0.901961
11411     0.898039
11412     0.898039
11413     0.894118
11414     0.886275
11415     0.886275
11416     0.878431
11417     0.862745
11418     0.850980
11419     0.850980
11420     0.858824
11421     0.866667
11422     0.858824
11423     0.858824
11424     0.858824
11425     0.858824
11426     0.858824
11427     0.858824
11428     0.858824
11429     0.858824
11430     0.847059
11431     0.843137
11432     0.843137
11433     0.839216
11434     0.835294
11435     0.835294
11436     0.831373
11437     0.831373
11438     0.843137
11439     0.843137
11440     0.850980
11441     0.850980
11442     0.850980
11443     0.847059
11444     0.839216
11445     0.835294
11446     0.839216
11447     0.839216
11448     0.835294
11449     0.835294
11450     0.839216
11451     0.839216
11452     0.843137
11453     0.847059
11454     0.854902
11455     0.858824
11456     0.862745
11457     0.866667
11458     0.870588
11459     0.870588
11460     0.870588
11461     0.870588
11462     0.854902
11463     0.866667
11464     0.882353
11465     0.886275
11466     0.874510
11467     0.858824
11468     0.843137
11469     0.839216
11470     0.847059
11471     0.847059
11472     0.847059
11473     0.847059
11474     0.843137
11475     0.839216
11476     0.835294
11477     0.831373
11478     0.850980
11479     0.850980
11480     0.850980
11481     0.847059
11482     0.835294
11483     0.815686
11484     0.800000
11485     0.788235
11486     0.811765
11487     0.815686
11488     0.823529
11489     0.823529
11490     0.819608
11491     0.819608
11492     0.827451
11493     0.835294
11494     0.850980
11495     0.843137
11496     0.827451
11497     0.815686
11498     0.811765
11499     0.819608
11500     0.831373
11501     0.839216
11502     0.839216
11503     0.854902
11504     0.870588
11505     0.870588
11506     0.858824
11507     0.854902
11508     0.862745
11509     0.870588
11510     0.874510
11511     0.866667
11512     0.858824
11513     0.854902
11514     0.850980
11515     0.858824
11516     0.866667
11517     0.870588
11518     0.862745
11519     0.862745
11520     0.866667
11521     0.866667
11522     0.862745
11523     0.862745
11524     0.858824
11525     0.854902
11526     0.874510
11527     0.866667
11528     0.850980
11529     0.839216
11530     0.831373
11531     0.831373
11532     0.831373
11533     0.835294
11534     0.831373
11535     0.827451
11536     0.819608
11537     0.819608
11538     0.823529
11539     0.819608
11540     0.811765
11541     0.803922
11542     0.803922
11543     0.815686
11544     0.827451
11545     0.827451
11546     0.815686
11547     0.796078
11548     0.784314
11549     0.776471
11550     0.772549
11551     0.768627
11552     0.772549
11553     0.788235
11554     0.811765
11555     0.835294
11556     0.850980
11557     0.854902
11558     0.858824
11559     0.858824
11560     0.854902
11561     0.854902
11562     0.847059
11563     0.843137
11564     0.843137
11565     0.839216
11566     0.843137
11567     0.839216
11568     0.839216
11569     0.835294
11570     0.839216
11571     0.839216
11572     0.843137
11573     0.847059
11574     0.858824
11575     0.858824
11576     0.858824
11577     0.866667
11578     0.870588
11579     0.870588
11580     0.870588
11581     0.874510
11582     0.878431
11583     0.890196
11584     0.894118
11585     0.898039
11586     0.905882
11587     0.909804
11588     0.905882
11589     0.898039
11590     0.898039
11591     0.905882
11592     0.909804
11593     0.929412
11594     0.925490
11595     0.921569
11596     0.909804
11597     0.898039
11598     0.890196
11599     0.890196
11600     0.894118
11601     0.878431
11602     0.886275
11603     0.898039
11604     0.905882
11605     0.901961
11606     0.886275
11607     0.870588
11608     0.858824
11609     0.882353
11610     0.882353
11611     0.882353
11612     0.882353
11613     0.878431
11614     0.878431
11615     0.874510
11616     0.874510
11617     0.886275
11618     0.886275
11619     0.890196
11620     0.890196
11621     0.890196
11622     0.894118
11623     0.894118
11624     0.894118
11625     0.886275
11626     0.886275
11627     0.882353
11628     0.882353
11629     0.886275
11630     0.894118
11631     0.901961
11632     0.905882
11633     0.913725
11634     0.913725
11635     0.909804
11636     0.909804
11637     0.905882
11638     0.901961
11639     0.898039
11640     0.898039
11641     0.882353
11642     0.878431
11643     0.870588
11644     0.858824
11645     0.854902
11646     0.854902
11647     0.858824
11648     0.862745
11649     0.850980
11650     0.850980
11651     0.850980
11652     0.850980
11653     0.850980
11654     0.850980
11655     0.850980
11656     0.850980
11657     0.850980
11658     0.850980
11659     0.850980
11660     0.847059
11661     0.839216
11662     0.835294
11663     0.831373
11664     0.827451
11665     0.847059
11666     0.847059
11667     0.850980
11668     0.850980
11669     0.847059
11670     0.843137
11671     0.835294
11672     0.831373
11673     0.839216
11674     0.839216
11675     0.839216
11676     0.839216
11677     0.839216
11678     0.839216
11679     0.843137
11680     0.843137
11681     0.854902
11682     0.854902
11683     0.862745
11684     0.866667
11685     0.870588
11686     0.870588
11687     0.870588
11688     0.870588
11689     0.858824
11690     0.870588
11691     0.882353
11692     0.882353
11693     0.870588
11694     0.854902
11695     0.847059
11696     0.843137
11697     0.847059
11698     0.847059
11699     0.847059
11700     0.847059
11701     0.847059
11702     0.843137
11703     0.839216
11704     0.835294
11705     0.850980
11706     0.850980
11707     0.850980
11708     0.843137
11709     0.831373
11710     0.819608
11711     0.803922
11712     0.796078
11713     0.811765
11714     0.815686
11715     0.823529
11716     0.827451
11717     0.827451
11718     0.823529
11719     0.823529
11720     0.827451
11721     0.847059
11722     0.835294
11723     0.819608
11724     0.807843
11725     0.807843
11726     0.815686
11727     0.827451
11728     0.835294
11729     0.839216
11730     0.847059
11731     0.850980
11732     0.850980
11733     0.847059
11734     0.850980
11735     0.862745
11736     0.874510
11737     0.866667
11738     0.862745
11739     0.854902
11740     0.854902
11741     0.854902
11742     0.862745
11743     0.870588
11744     0.874510
11745     0.862745
11746     0.866667
11747     0.874510
11748     0.874510
11749     0.866667
11750     0.854902
11751     0.850980
11752     0.850980
11753     0.866667
11754     0.858824
11755     0.847059
11756     0.835294
11757     0.831373
11758     0.835294
11759     0.843137
11760     0.850980
11761     0.843137
11762     0.831373
11763     0.815686
11764     0.811765
11765     0.819608
11766     0.823529
11767     0.827451
11768     0.827451
11769     0.835294
11770     0.839216
11771     0.847059
11772     0.847059
11773     0.831373
11774     0.811765
11775     0.792157
11776     0.780392
11777     0.760784
11778     0.756863
11779     0.760784
11780     0.776471
11781     0.803922
11782     0.831373
11783     0.850980
11784     0.858824
11785     0.858824
11786     0.854902
11787     0.850980
11788     0.843137
11789     0.835294
11790     0.831373
11791     0.831373
11792     0.831373
11793     0.835294
11794     0.831373
11795     0.831373
11796     0.835294
11797     0.839216
11798     0.843137
11799     0.850980
11800     0.850980
11801     0.862745
11802     0.862745
11803     0.862745
11804     0.858824
11805     0.858824
11806     0.862745
11807     0.866667
11808     0.874510
11809     0.882353
11810     0.890196
11811     0.890196
11812     0.890196
11813     0.898039
11814     0.905882
11815     0.901961
11816     0.898039
11817     0.898039
11818     0.901961
11819     0.905882
11820     0.929412
11821     0.933333
11822     0.925490
11823     0.913725
11824     0.894118
11825     0.882353
11826     0.882353
11827     0.886275
11828     0.878431
11829     0.886275
11830     0.894118
11831     0.901961
11832     0.901961
11833     0.890196
11834     0.874510
11835     0.866667
11836     0.886275
11837     0.882353
11838     0.882353
11839     0.878431
11840     0.874510
11841     0.874510
11842     0.870588
11843     0.870588
11844     0.894118
11845     0.894118
11846     0.894118
11847     0.898039
11848     0.898039
11849     0.901961
11850     0.901961
11851     0.901961
11852     0.894118
11853     0.890196
11854     0.882353
11855     0.878431
11856     0.878431
11857     0.890196
11858     0.901961
11859     0.909804
11860     0.913725
11861     0.913725
11862     0.909804
11863     0.909804
11864     0.905882
11865     0.901961
11866     0.901961
11867     0.898039
11868     0.874510
11869     0.866667
11870     0.858824
11871     0.854902
11872     0.854902
11873     0.858824
11874     0.858824
11875     0.858824
11876     0.847059
11877     0.847059
11878     0.847059
11879     0.847059
11880     0.847059
11881     0.847059
11882     0.847059
11883     0.847059
11884     0.854902
11885     0.854902
11886     0.854902
11887     0.850980
11888     0.847059
11889     0.839216
11890     0.831373
11891     0.823529
11892     0.847059
11893     0.847059
11894     0.847059
11895     0.847059
11896     0.843137
11897     0.839216
11898     0.835294
11899     0.835294
11900     0.847059
11901     0.847059
11902     0.847059
11903     0.847059
11904     0.847059
11905     0.843137
11906     0.843137
11907     0.843137
11908     0.850980
11909     0.854902
11910     0.858824
11911     0.862745
11912     0.866667
11913     0.866667
11914     0.866667
11915     0.866667
11916     0.870588
11917     0.874510
11918     0.874510
11919     0.870588
11920     0.858824
11921     0.850980
11922     0.850980
11923     0.854902
11924     0.850980
11925     0.850980
11926     0.850980
11927     0.854902
11928     0.850980
11929     0.850980
11930     0.847059
11931     0.843137
11932     0.847059
11933     0.847059
11934     0.847059
11935     0.847059
11936     0.839216
11937     0.831373
11938     0.827451
11939     0.819608
11940     0.819608
11941     0.819608
11942     0.823529
11943     0.827451
11944     0.831373
11945     0.827451
11946     0.827451
11947     0.823529
11948     0.835294
11949     0.823529
11950     0.811765
11951     0.800000
11952     0.800000
11953     0.807843
11954     0.819608
11955     0.827451
11956     0.843137
11957     0.843137
11958     0.843137
11959     0.839216
11960     0.839216
11961     0.847059
11962     0.858824
11963     0.870588
11964     0.858824
11965     0.858824
11966     0.854902
11967     0.854902
11968     0.858824
11969     0.866667
11970     0.870588
11971     0.874510
11972     0.862745
11973     0.870588
11974     0.878431
11975     0.874510
11976     0.862745
11977     0.850980
11978     0.847059
11979     0.850980
11980     0.870588
11981     0.862745
11982     0.850980
11983     0.843137
11984     0.839216
11985     0.847059
11986     0.858824
11987     0.862745
11988     0.847059
11989     0.831373
11990     0.815686
11991     0.807843
11992     0.815686
11993     0.831373
11994     0.839216
11995     0.847059
11996     0.854902
11997     0.858824
11998     0.858824
11999     0.858824
12000     0.850980
12001     0.831373
12002     0.807843
12003     0.792157
12004     0.760784
12005     0.756863
12006     0.760784
12007     0.772549
12008     0.800000
12009     0.827451
12010     0.843137
12011     0.850980
12012     0.858824
12013     0.850980
12014     0.843137
12015     0.835294
12016     0.827451
12017     0.823529
12018     0.823529
12019     0.819608
12020     0.827451
12021     0.831373
12022     0.831373
12023     0.839216
12024     0.847059
12025     0.854902
12026     0.862745
12027     0.866667
12028     0.862745
12029     0.862745
12030     0.862745
12031     0.847059
12032     0.847059
12033     0.847059
12034     0.858824
12035     0.874510
12036     0.886275
12037     0.890196
12038     0.886275
12039     0.882353
12040     0.890196
12041     0.901961
12042     0.905882
12043     0.901961
12044     0.901961
12045     0.905882
12046     0.909804
12047     0.929412
12048     0.933333
12049     0.929412
12050     0.909804
12051     0.886275
12052     0.870588
12053     0.870588
12054     0.878431
12055     0.878431
12056     0.882353
12057     0.890196
12058     0.894118
12059     0.894118
12060     0.890196
12061     0.882353
12062     0.874510
12063     0.886275
12064     0.882353
12065     0.878431
12066     0.874510
12067     0.870588
12068     0.870588
12069     0.874510
12070     0.874510
12071     0.894118
12072     0.894118
12073     0.898039
12074     0.898039
12075     0.898039
12076     0.901961
12077     0.901961
12078     0.901961
12079     0.894118
12080     0.890196
12081     0.878431
12082     0.874510
12083     0.874510
12084     0.886275
12085     0.898039
12086     0.905882
12087     0.905882
12088     0.905882
12089     0.905882
12090     0.901961
12091     0.901961
12092     0.898039
12093     0.898039
12094     0.898039
12095     0.866667
12096     0.858824
12097     0.850980
12098     0.850980
12099     0.858824
12100     0.862745
12101     0.858824
12102     0.854902
12103     0.847059
12104     0.847059
12105     0.847059
12106     0.847059
12107     0.847059
12108     0.847059
12109     0.847059
12110     0.847059
12111     0.854902
12112     0.854902
12113     0.858824
12114     0.858824
12115     0.850980
12116     0.843137
12117     0.831373
12118     0.827451
12119     0.843137
12120     0.843137
12121     0.843137
12122     0.839216
12123     0.839216
12124     0.839216
12125     0.839216
12126     0.839216
12127     0.850980
12128     0.850980
12129     0.854902
12130     0.854902
12131     0.850980
12132     0.850980
12133     0.847059
12134     0.843137
12135     0.843137
12136     0.847059
12137     0.850980
12138     0.858824
12139     0.862745
12140     0.862745
12141     0.862745
12142     0.862745
12143     0.870588
12144     0.870588
12145     0.870588
12146     0.858824
12147     0.850980
12148     0.843137
12149     0.847059
12150     0.854902
12151     0.850980
12152     0.850980
12153     0.854902
12154     0.854902
12155     0.854902
12156     0.850980
12157     0.850980
12158     0.847059
12159     0.835294
12160     0.839216
12161     0.843137
12162     0.847059
12163     0.847059
12164     0.847059
12165     0.847059
12166     0.847059
12167     0.831373
12168     0.823529
12169     0.819608
12170     0.823529
12171     0.827451
12172     0.831373
12173     0.827451
12174     0.823529
12175     0.827451
12176     0.815686
12177     0.803922
12178     0.796078
12179     0.792157
12180     0.803922
12181     0.815686
12182     0.823529
12183     0.850980
12184     0.843137
12185     0.839216
12186     0.835294
12187     0.839216
12188     0.847059
12189     0.854902
12190     0.862745
12191     0.858824
12192     0.858824
12193     0.858824
12194     0.858824
12195     0.862745
12196     0.866667
12197     0.870588
12198     0.870588
12199     0.862745
12200     0.870588
12201     0.878431
12202     0.874510
12203     0.858824
12204     0.847059
12205     0.850980
12206     0.858824
12207     0.874510
12208     0.866667
12209     0.858824
12210     0.854902
12211     0.854902
12212     0.858824
12213     0.866667
12214     0.874510
12215     0.850980
12216     0.831373
12217     0.815686
12218     0.807843
12219     0.819608
12220     0.835294
12221     0.850980
12222     0.858824
12223     0.854902
12224     0.858824
12225     0.858824
12226     0.862745
12227     0.858824
12228     0.843137
12229     0.815686
12230     0.800000
12231     0.764706
12232     0.760784
12233     0.760784
12234     0.772549
12235     0.792157
12236     0.811765
12237     0.819608
12238     0.823529
12239     0.839216
12240     0.839216
12241     0.835294
12242     0.835294
12243     0.831373
12244     0.827451
12245     0.823529
12246     0.823529
12247     0.835294
12248     0.835294
12249     0.839216
12250     0.843137
12251     0.850980
12252     0.858824
12253     0.866667
12254     0.870588
12255     0.862745
12256     0.862745
12257     0.862745
12258     0.835294
12259     0.831373
12260     0.835294
12261     0.850980
12262     0.874510
12263     0.890196
12264     0.890196
12265     0.886275
12266     0.878431
12267     0.890196
12268     0.901961
12269     0.909804
12270     0.909804
12271     0.909804
12272     0.913725
12273     0.917647
12274     0.925490
12275     0.933333
12276     0.929412
12277     0.909804
12278     0.878431
12279     0.858824
12280     0.862745
12281     0.870588
12282     0.882353
12283     0.886275
12284     0.886275
12285     0.886275
12286     0.886275
12287     0.886275
12288     0.886275
12289     0.886275
12290     0.882353
12291     0.878431
12292     0.874510
12293     0.870588
12294     0.870588
12295     0.870588
12296     0.874510
12297     0.878431
12298     0.890196
12299     0.890196
12300     0.890196
12301     0.890196
12302     0.894118
12303     0.894118
12304     0.898039
12305     0.898039
12306     0.890196
12307     0.882353
12308     0.874510
12309     0.870588
12310     0.870588
12311     0.878431
12312     0.886275
12313     0.894118
12314     0.894118
12315     0.894118
12316     0.894118
12317     0.890196
12318     0.890196
12319     0.890196
12320     0.886275
12321     0.886275
12322     0.862745
12323     0.854902
12324     0.847059
12325     0.850980
12326     0.858824
12327     0.862745
12328     0.858824
12329     0.850980
12330     0.850980
12331     0.850980
12332     0.850980
12333     0.850980
12334     0.850980
12335     0.850980
12336     0.850980
12337     0.850980
12338     0.850980
12339     0.854902
12340     0.858824
12341     0.858824
12342     0.854902
12343     0.847059
12344     0.839216
12345     0.831373
12346     0.839216
12347     0.839216
12348     0.839216
12349     0.835294
12350     0.839216
12351     0.839216
12352     0.843137
12353     0.843137
12354     0.850980
12355     0.850980
12356     0.854902
12357     0.854902
12358     0.854902
12359     0.850980
12360     0.843137
12361     0.839216
12362     0.839216
12363     0.843137
12364     0.847059
12365     0.850980
12366     0.854902
12367     0.854902
12368     0.854902
12369     0.854902
12370     0.854902
12371     0.862745
12372     0.866667
12373     0.862745
12374     0.850980
12375     0.843137
12376     0.839216
12377     0.843137
12378     0.843137
12379     0.847059
12380     0.847059
12381     0.850980
12382     0.850980
12383     0.850980
12384     0.847059
12385     0.847059
12386     0.831373
12387     0.835294
12388     0.839216
12389     0.843137
12390     0.850980
12391     0.854902
12392     0.854902
12393     0.858824
12394     0.839216
12395     0.827451
12396     0.815686
12397     0.815686
12398     0.823529
12399     0.831373
12400     0.831373
12401     0.823529
12402     0.827451
12403     0.819608
12404     0.803922
12405     0.796078
12406     0.796078
12407     0.803922
12408     0.819608
12409     0.827451
12410     0.854902
12411     0.847059
12412     0.839216
12413     0.835294
12414     0.839216
12415     0.847059
12416     0.850980
12417     0.854902
12418     0.862745
12419     0.862745
12420     0.862745
12421     0.862745
12422     0.862745
12423     0.862745
12424     0.866667
12425     0.866667
12426     0.858824
12427     0.870588
12428     0.878431
12429     0.870588
12430     0.850980
12431     0.843137
12432     0.854902
12433     0.870588
12434     0.874510
12435     0.870588
12436     0.870588
12437     0.866667
12438     0.866667
12439     0.866667
12440     0.870588
12441     0.874510
12442     0.847059
12443     0.831373
12444     0.815686
12445     0.811765
12446     0.823529
12447     0.843137
12448     0.858824
12449     0.866667
12450     0.858824
12451     0.854902
12452     0.858824
12453     0.866667
12454     0.866667
12455     0.854902
12456     0.831373
12457     0.811765
12458     0.780392
12459     0.776471
12460     0.776471
12461     0.784314
12462     0.796078
12463     0.803922
12464     0.803922
12465     0.800000
12466     0.811765
12467     0.815686
12468     0.827451
12469     0.835294
12470     0.839216
12471     0.843137
12472     0.839216
12473     0.839216
12474     0.847059
12475     0.843137
12476     0.843137
12477     0.847059
12478     0.847059
12479     0.850980
12480     0.858824
12481     0.858824
12482     0.850980
12483     0.850980
12484     0.850980
12485     0.823529
12486     0.823529
12487     0.827451
12488     0.847059
12489     0.874510
12490     0.890196
12491     0.890196
12492     0.886275
12493     0.878431
12494     0.890196
12495     0.905882
12496     0.913725
12497     0.917647
12498     0.917647
12499     0.921569
12500     0.929412
12501     0.925490
12502     0.933333
12503     0.929412
12504     0.905882
12505     0.874510
12506     0.854902
12507     0.854902
12508     0.866667
12509     0.886275
12510     0.886275
12511     0.882353
12512     0.882353
12513     0.882353
12514     0.886275
12515     0.890196
12516     0.894118
12517     0.878431
12518     0.878431
12519     0.870588
12520     0.866667
12521     0.866667
12522     0.870588
12523     0.878431
12524     0.882353
12525     0.882353
12526     0.882353
12527     0.882353
12528     0.886275
12529     0.886275
12530     0.886275
12531     0.890196
12532     0.890196
12533     0.878431
12534     0.874510
12535     0.870588
12536     0.862745
12537     0.866667
12538     0.870588
12539     0.878431
12540     0.886275
12541     0.882353
12542     0.882353
12543     0.882353
12544     0.882353
12545     0.882353
12546     0.878431
12547     0.878431
12548     0.878431
12549     0.858824
12550     0.850980
12551     0.843137
12552     0.847059
12553     0.858824
12554     0.866667
12555     0.858824
12556     0.850980
12557     0.850980
12558     0.850980
12559     0.850980
12560     0.850980
12561     0.850980
12562     0.850980
12563     0.850980
12564     0.850980
12565     0.850980
12566     0.854902
12567     0.858824
12568     0.862745
12569     0.858824
12570     0.850980
12571     0.839216
12572     0.835294
12573     0.835294
12574     0.835294
12575     0.835294
12576     0.835294
12577     0.839216
12578     0.843137
12579     0.847059
12580     0.847059
12581     0.847059
12582     0.850980
12583     0.854902
12584     0.854902
12585     0.850980
12586     0.847059
12587     0.839216
12588     0.835294
12589     0.835294
12590     0.839216
12591     0.843137
12592     0.847059
12593     0.850980
12594     0.850980
12595     0.850980
12596     0.850980
12597     0.843137
12598     0.854902
12599     0.870588
12600     0.870588
12601     0.858824
12602     0.843137
12603     0.831373
12604     0.827451
12605     0.839216
12606     0.839216
12607     0.843137
12608     0.847059
12609     0.847059
12610     0.847059
12611     0.843137
12612     0.843137
12613     0.831373
12614     0.831373
12615     0.835294
12616     0.839216
12617     0.847059
12618     0.850980
12619     0.854902
12620     0.858824
12621     0.847059
12622     0.831373
12623     0.815686
12624     0.811765
12625     0.823529
12626     0.831373
12627     0.831373
12628     0.827451
12629     0.831373
12630     0.819608
12631     0.807843
12632     0.800000
12633     0.800000
12634     0.807843
12635     0.823529
12636     0.831373
12637     0.858824
12638     0.850980
12639     0.843137
12640     0.839216
12641     0.843137
12642     0.847059
12643     0.847059
12644     0.847059
12645     0.862745
12646     0.862745
12647     0.862745
12648     0.862745
12649     0.862745
12650     0.862745
12651     0.862745
12652     0.862745
12653     0.858824
12654     0.870588
12655     0.878431
12656     0.866667
12657     0.847059
12658     0.843137
12659     0.858824
12660     0.878431
12661     0.874510
12662     0.874510
12663     0.874510
12664     0.874510
12665     0.870588
12666     0.870588
12667     0.870588
12668     0.870588
12669     0.847059
12670     0.831373
12671     0.815686
12672     0.815686
12673     0.827451
12674     0.847059
12675     0.862745
12676     0.870588
12677     0.862745
12678     0.858824
12679     0.862745
12680     0.874510
12681     0.878431
12682     0.870588
12683     0.847059
12684     0.827451
12685     0.796078
12686     0.792157
12687     0.792157
12688     0.796078
12689     0.803922
12690     0.803922
12691     0.800000
12692     0.792157
12693     0.788235
12694     0.800000
12695     0.815686
12696     0.835294
12697     0.847059
12698     0.854902
12699     0.854902
12700     0.854902
12701     0.854902
12702     0.854902
12703     0.850980
12704     0.847059
12705     0.843137
12706     0.843137
12707     0.843137
12708     0.847059
12709     0.843137
12710     0.843137
12711     0.843137
12712     0.800000
12713     0.796078
12714     0.803922
12715     0.827451
12716     0.858824
12717     0.878431
12718     0.878431
12719     0.870588
12720     0.886275
12721     0.898039
12722     0.913725
12723     0.933333
12724     0.941176
12725     0.941176
12726     0.937255
12727     0.933333
12728     0.917647
12729     0.925490
12730     0.917647
12731     0.894118
12732     0.858824
12733     0.839216
12734     0.843137
12735     0.858824
12736     0.878431
12737     0.878431
12738     0.878431
12739     0.882353
12740     0.882353
12741     0.886275
12742     0.886275
12743     0.890196
12744     0.878431
12745     0.882353
12746     0.882353
12747     0.882353
12748     0.882353
12749     0.882353
12750     0.886275
12751     0.886275
12752     0.866667
12753     0.858824
12754     0.854902
12755     0.854902
12756     0.866667
12757     0.874510
12758     0.878431
12759     0.878431
12760     0.874510
12761     0.870588
12762     0.866667
12763     0.866667
12764     0.870588
12765     0.882353
12766     0.894118
12767     0.901961
12768     0.890196
12769     0.882353
12770     0.874510
12771     0.874510
12772     0.874510
12773     0.874510
12774     0.866667
12775     0.862745
12776     0.866667
12777     0.862745
12778     0.858824
12779     0.858824
12780     0.858824
12781     0.854902
12782     0.843137
12783     0.835294
12784     0.850980
12785     0.850980
12786     0.854902
12787     0.858824
12788     0.858824
12789     0.854902
12790     0.854902
12791     0.850980
12792     0.866667
12793     0.862745
12794     0.850980
12795     0.843137
12796     0.839216
12797     0.835294
12798     0.839216
12799     0.839216
12800     0.847059
12801     0.843137
12802     0.843137
12803     0.839216
12804     0.839216
12805     0.843137
12806     0.843137
12807     0.847059
12808     0.843137
12809     0.847059
12810     0.850980
12811     0.854902
12812     0.854902
12813     0.854902
12814     0.850980
12815     0.850980
12816     0.835294
12817     0.835294
12818     0.835294
12819     0.843137
12820     0.850980
12821     0.854902
12822     0.850980
12823     0.843137
12824     0.847059
12825     0.843137
12826     0.843137
12827     0.843137
12828     0.847059
12829     0.850980
12830     0.854902
12831     0.858824
12832     0.850980
12833     0.847059
12834     0.847059
12835     0.843137
12836     0.843137
12837     0.839216
12838     0.839216
12839     0.835294
12840     0.839216
12841     0.839216
12842     0.839216
12843     0.843137
12844     0.843137
12845     0.847059
12846     0.850980
12847     0.850980
12848     0.823529
12849     0.823529
12850     0.819608
12851     0.819608
12852     0.819608
12853     0.823529
12854     0.827451
12855     0.827451
12856     0.815686
12857     0.807843
12858     0.803922
12859     0.807843
12860     0.815686
12861     0.823529
12862     0.823529
12863     0.819608
12864     0.847059
12865     0.850980
12866     0.850980
12867     0.854902
12868     0.854902
12869     0.850980
12870     0.850980
12871     0.847059
12872     0.862745
12873     0.862745
12874     0.858824
12875     0.854902
12876     0.854902
12877     0.854902
12878     0.858824
12879     0.858824
12880     0.847059
12881     0.854902
12882     0.862745
12883     0.874510
12884     0.882353
12885     0.882353
12886     0.882353
12887     0.882353
12888     0.894118
12889     0.882353
12890     0.874510
12891     0.870588
12892     0.874510
12893     0.878431
12894     0.878431
12895     0.878431
12896     0.847059
12897     0.835294
12898     0.823529
12899     0.831373
12900     0.850980
12901     0.870588
12902     0.882353
12903     0.882353
12904     0.858824
12905     0.866667
12906     0.882353
12907     0.890196
12908     0.886275
12909     0.874510
12910     0.862745
12911     0.850980
12912     0.819608
12913     0.823529
12914     0.823529
12915     0.827451
12916     0.823529
12917     0.823529
12918     0.819608
12919     0.815686
12920     0.807843
12921     0.803922
12922     0.796078
12923     0.792157
12924     0.796078
12925     0.807843
12926     0.823529
12927     0.831373
12928     0.827451
12929     0.831373
12930     0.839216
12931     0.839216
12932     0.839216
12933     0.835294
12934     0.831373
12935     0.827451
12936     0.823529
12937     0.827451
12938     0.831373
12939     0.800000
12940     0.800000
12941     0.803922
12942     0.827451
12943     0.858824
12944     0.878431
12945     0.882353
12946     0.878431
12947     0.878431
12948     0.890196
12949     0.913725
12950     0.933333
12951     0.941176
12952     0.941176
12953     0.937255
12954     0.929412
12955     0.921569
12956     0.925490
12957     0.917647
12958     0.894118
12959     0.858824
12960     0.843137
12961     0.847059
12962     0.854902
12963     0.874510
12964     0.874510
12965     0.878431
12966     0.882353
12967     0.886275
12968     0.886275
12969     0.886275
12970     0.882353
12971     0.878431
12972     0.878431
12973     0.878431
12974     0.878431
12975     0.878431
12976     0.878431
12977     0.874510
12978     0.874510
12979     0.866667
12980     0.858824
12981     0.854902
12982     0.854902
12983     0.862745
12984     0.874510
12985     0.878431
12986     0.878431
12987     0.870588
12988     0.870588
12989     0.866667
12990     0.870588
12991     0.874510
12992     0.882353
12993     0.890196
12994     0.898039
12995     0.890196
12996     0.882353
12997     0.874510
12998     0.874510
12999     0.878431
13000     0.878431
13001     0.870588
13002     0.862745
13003     0.862745
13004     0.858824
13005     0.854902
13006     0.854902
13007     0.858824
13008     0.854902
13009     0.847059
13010     0.839216
13011     0.850980
13012     0.854902
13013     0.858824
13014     0.858824
13015     0.858824
13016     0.858824
13017     0.854902
13018     0.854902
13019     0.862745
13020     0.854902
13021     0.850980
13022     0.843137
13023     0.839216
13024     0.839216
13025     0.843137
13026     0.843137
13027     0.847059
13028     0.843137
13029     0.843137
13030     0.839216
13031     0.839216
13032     0.843137
13033     0.843137
13034     0.847059
13035     0.850980
13036     0.850980
13037     0.854902
13038     0.854902
13039     0.854902
13040     0.850980
13041     0.847059
13042     0.847059
13043     0.839216
13044     0.835294
13045     0.839216
13046     0.847059
13047     0.854902
13048     0.862745
13049     0.858824
13050     0.850980
13051     0.843137
13052     0.839216
13053     0.839216
13054     0.835294
13055     0.839216
13056     0.843137
13057     0.847059
13058     0.850980
13059     0.847059
13060     0.847059
13061     0.847059
13062     0.843137
13063     0.843137
13064     0.843137
13065     0.843137
13066     0.843137
13067     0.839216
13068     0.839216
13069     0.839216
13070     0.839216
13071     0.839216
13072     0.843137
13073     0.843137
13074     0.843137
13075     0.831373
13076     0.831373
13077     0.827451
13078     0.827451
13079     0.827451
13080     0.827451
13081     0.831373
13082     0.831373
13083     0.819608
13084     0.815686
13085     0.811765
13086     0.815686
13087     0.823529
13088     0.831373
13089     0.831373
13090     0.827451
13091     0.847059
13092     0.850980
13093     0.850980
13094     0.854902
13095     0.854902
13096     0.850980
13097     0.850980
13098     0.847059
13099     0.858824
13100     0.862745
13101     0.862745
13102     0.862745
13103     0.858824
13104     0.858824
13105     0.858824
13106     0.858824
13107     0.847059
13108     0.850980
13109     0.854902
13110     0.862745
13111     0.870588
13112     0.874510
13113     0.874510
13114     0.874510
13115     0.890196
13116     0.882353
13117     0.870588
13118     0.866667
13119     0.870588
13120     0.874510
13121     0.874510
13122     0.870588
13123     0.850980
13124     0.835294
13125     0.823529
13126     0.827451
13127     0.843137
13128     0.866667
13129     0.878431
13130     0.882353
13131     0.858824
13132     0.866667
13133     0.874510
13134     0.878431
13135     0.878431
13136     0.870588
13137     0.858824
13138     0.850980
13139     0.839216
13140     0.843137
13141     0.843137
13142     0.843137
13143     0.839216
13144     0.835294
13145     0.831373
13146     0.827451
13147     0.811765
13148     0.803922
13149     0.796078
13150     0.792157
13151     0.788235
13152     0.792157
13153     0.796078
13154     0.800000
13155     0.803922
13156     0.803922
13157     0.811765
13158     0.815686
13159     0.819608
13160     0.819608
13161     0.819608
13162     0.819608
13163     0.827451
13164     0.827451
13165     0.831373
13166     0.815686
13167     0.807843
13168     0.807843
13169     0.827451
13170     0.854902
13171     0.878431
13172     0.886275
13173     0.882353
13174     0.870588
13175     0.886275
13176     0.909804
13177     0.929412
13178     0.941176
13179     0.945098
13180     0.937255
13181     0.933333
13182     0.929412
13183     0.929412
13184     0.917647
13185     0.894118
13186     0.862745
13187     0.847059
13188     0.847059
13189     0.854902
13190     0.870588
13191     0.874510
13192     0.878431
13193     0.886275
13194     0.886275
13195     0.882353
13196     0.878431
13197     0.874510
13198     0.878431
13199     0.878431
13200     0.878431
13201     0.874510
13202     0.870588
13203     0.870588
13204     0.866667
13205     0.866667
13206     0.870588
13207     0.858824
13208     0.850980
13209     0.854902
13210     0.862745
13211     0.870588
13212     0.874510
13213     0.874510
13214     0.862745
13215     0.866667
13216     0.866667
13217     0.870588
13218     0.878431
13219     0.882353
13220     0.886275
13221     0.886275
13222     0.886275
13223     0.878431
13224     0.874510
13225     0.870588
13226     0.874510
13227     0.874510
13228     0.870588
13229     0.862745
13230     0.850980
13231     0.847059
13232     0.847059
13233     0.850980
13234     0.858824
13235     0.858824
13236     0.850980
13237     0.843137
13238     0.854902
13239     0.858824
13240     0.862745
13241     0.862745
13242     0.862745
13243     0.858824
13244     0.858824
13245     0.854902
13246     0.850980
13247     0.850980
13248     0.847059
13249     0.843137
13250     0.847059
13251     0.847059
13252     0.850980
13253     0.850980
13254     0.847059
13255     0.847059
13256     0.843137
13257     0.843137
13258     0.843137
13259     0.843137
13260     0.847059
13261     0.847059
13262     0.854902
13263     0.858824
13264     0.858824
13265     0.862745
13266     0.858824
13267     0.850980
13268     0.847059
13269     0.843137
13270     0.839216
13271     0.839216
13272     0.843137
13273     0.850980
13274     0.862745
13275     0.866667
13276     0.866667
13277     0.858824
13278     0.835294
13279     0.835294
13280     0.831373
13281     0.827451
13282     0.827451
13283     0.831373
13284     0.839216
13285     0.843137
13286     0.843137
13287     0.843137
13288     0.843137
13289     0.847059
13290     0.847059
13291     0.847059
13292     0.847059
13293     0.847059
13294     0.843137
13295     0.839216
13296     0.835294
13297     0.835294
13298     0.831373
13299     0.831373
13300     0.835294
13301     0.835294
13302     0.839216
13303     0.839216
13304     0.835294
13305     0.831373
13306     0.831373
13307     0.835294
13308     0.835294
13309     0.839216
13310     0.823529
13311     0.819608
13312     0.819608
13313     0.823529
13314     0.835294
13315     0.839216
13316     0.839216
13317     0.835294
13318     0.847059
13319     0.850980
13320     0.850980
13321     0.854902
13322     0.854902
13323     0.850980
13324     0.850980
13325     0.847059
13326     0.854902
13327     0.858824
13328     0.866667
13329     0.870588
13330     0.870588
13331     0.866667
13332     0.862745
13333     0.858824
13334     0.850980
13335     0.850980
13336     0.850980
13337     0.850980
13338     0.854902
13339     0.858824
13340     0.866667
13341     0.866667
13342     0.886275
13343     0.878431
13344     0.866667
13345     0.862745
13346     0.866667
13347     0.866667
13348     0.862745
13349     0.854902
13350     0.850980
13351     0.839216
13352     0.823529
13353     0.819608
13354     0.835294
13355     0.854902
13356     0.870588
13357     0.878431
13358     0.862745
13359     0.862745
13360     0.866667
13361     0.866667
13362     0.866667
13363     0.862745
13364     0.854902
13365     0.854902
13366     0.862745
13367     0.862745
13368     0.862745
13369     0.858824
13370     0.854902
13371     0.850980
13372     0.843137
13373     0.839216
13374     0.827451
13375     0.823529
13376     0.815686
13377     0.807843
13378     0.796078
13379     0.792157
13380     0.784314
13381     0.780392
13382     0.784314
13383     0.784314
13384     0.788235
13385     0.792157
13386     0.800000
13387     0.807843
13388     0.811765
13389     0.819608
13390     0.831373
13391     0.835294
13392     0.839216
13393     0.835294
13394     0.823529
13395     0.819608
13396     0.831373
13397     0.854902
13398     0.870588
13399     0.874510
13400     0.870588
13401     0.854902
13402     0.866667
13403     0.886275
13404     0.909804
13405     0.921569
13406     0.929412
13407     0.933333
13408     0.929412
13409     0.929412
13410     0.929412
13411     0.917647
13412     0.894118
13413     0.870588
13414     0.854902
13415     0.854902
13416     0.858824
13417     0.866667
13418     0.870588
13419     0.878431
13420     0.882353
13421     0.886275
13422     0.878431
13423     0.874510
13424     0.870588
13425     0.886275
13426     0.886275
13427     0.882353
13428     0.878431
13429     0.874510
13430     0.870588
13431     0.866667
13432     0.866667
13433     0.870588
13434     0.858824
13435     0.850980
13436     0.854902
13437     0.862745
13438     0.870588
13439     0.870588
13440     0.870588
13441     0.858824
13442     0.862745
13443     0.866667
13444     0.874510
13445     0.878431
13446     0.878431
13447     0.878431
13448     0.878431
13449     0.874510
13450     0.870588
13451     0.862745
13452     0.862745
13453     0.866667
13454     0.870588
13455     0.862745
13456     0.854902
13457     0.847059
13458     0.843137
13459     0.843137
13460     0.847059
13461     0.858824
13462     0.858824
13463     0.854902
13464     0.847059
13465     0.858824
13466     0.862745
13467     0.862745
13468     0.862745
13469     0.862745
13470     0.858824
13471     0.854902
13472     0.854902
13473     0.843137
13474     0.843137
13475     0.843137
13476     0.847059
13477     0.850980
13478     0.854902
13479     0.858824
13480     0.858824
13481     0.850980
13482     0.847059
13483     0.843137
13484     0.843137
13485     0.843137
13486     0.843137
13487     0.847059
13488     0.850980
13489     0.858824
13490     0.862745
13491     0.866667
13492     0.866667
13493     0.862745
13494     0.854902
13495     0.843137
13496     0.839216
13497     0.839216
13498     0.839216
13499     0.839216
13500     0.850980
13501     0.862745
13502     0.866667
13503     0.866667
13504     0.858824
13505     0.835294
13506     0.831373
13507     0.823529
13508     0.819608
13509     0.819608
13510     0.823529
13511     0.831373
13512     0.835294
13513     0.843137
13514     0.843137
13515     0.847059
13516     0.847059
13517     0.850980
13518     0.854902
13519     0.854902
13520     0.854902
13521     0.843137
13522     0.839216
13523     0.831373
13524     0.827451
13525     0.823529
13526     0.827451
13527     0.827451
13528     0.831373
13529     0.843137
13530     0.839216
13531     0.835294
13532     0.835294
13533     0.831373
13534     0.835294
13535     0.835294
13536     0.835294
13537     0.823529
13538     0.819608
13539     0.819608
13540     0.827451
13541     0.839216
13542     0.843137
13543     0.843137
13544     0.835294
13545     0.847059
13546     0.850980
13547     0.850980
13548     0.854902
13549     0.854902
13550     0.850980
13551     0.850980
13552     0.847059
13553     0.850980
13554     0.858824
13555     0.866667
13556     0.874510
13557     0.874510
13558     0.870588
13559     0.862745
13560     0.858824
13561     0.858824
13562     0.854902
13563     0.850980
13564     0.847059
13565     0.850980
13566     0.854902
13567     0.862745
13568     0.866667
13569     0.878431
13570     0.870588
13571     0.862745
13572     0.858824
13573     0.858824
13574     0.858824
13575     0.850980
13576     0.847059
13577     0.847059
13578     0.835294
13579     0.819608
13580     0.811765
13581     0.819608
13582     0.839216
13583     0.854902
13584     0.866667
13585     0.862745
13586     0.858824
13587     0.858824
13588     0.854902
13589     0.854902
13590     0.850980
13591     0.854902
13592     0.854902
13593     0.866667
13594     0.866667
13595     0.866667
13596     0.862745
13597     0.858824
13598     0.850980
13599     0.843137
13600     0.839216
13601     0.843137
13602     0.843137
13603     0.839216
13604     0.831373
13605     0.823529
13606     0.811765
13607     0.800000
13608     0.792157
13609     0.792157
13610     0.788235
13611     0.788235
13612     0.788235
13613     0.792157
13614     0.800000
13615     0.807843
13616     0.811765
13617     0.835294
13618     0.835294
13619     0.839216
13620     0.850980
13621     0.839216
13622     0.831373
13623     0.839216
13624     0.854902
13625     0.862745
13626     0.858824
13627     0.850980
13628     0.823529
13629     0.827451
13630     0.839216
13631     0.850980
13632     0.870588
13633     0.886275
13634     0.901961
13635     0.913725
13636     0.929412
13637     0.925490
13638     0.913725
13639     0.894118
13640     0.874510
13641     0.866667
13642     0.862745
13643     0.866667
13644     0.870588
13645     0.870588
13646     0.874510
13647     0.878431
13648     0.878431
13649     0.874510
13650     0.870588
13651     0.866667
13652     0.890196
13653     0.890196
13654     0.886275
13655     0.882353
13656     0.878431
13657     0.874510
13658     0.870588
13659     0.870588
13660     0.870588
13661     0.862745
13662     0.850980
13663     0.850980
13664     0.858824
13665     0.866667
13666     0.866667
13667     0.866667
13668     0.858824
13669     0.862745
13670     0.866667
13671     0.870588
13672     0.874510
13673     0.874510
13674     0.874510
13675     0.870588
13676     0.866667
13677     0.858824
13678     0.854902
13679     0.854902
13680     0.858824
13681     0.862745
13682     0.854902
13683     0.850980
13684     0.847059
13685     0.843137
13686     0.843137
13687     0.850980
13688     0.858824
13689     0.862745
13690     0.858824
13691     0.850980
13692     0.858824
13693     0.862745
13694     0.862745
13695     0.862745
13696     0.858824
13697     0.858824
13698     0.850980
13699     0.850980
13700     0.839216
13701     0.839216
13702     0.847059
13703     0.850980
13704     0.854902
13705     0.858824
13706     0.862745
13707     0.862745
13708     0.850980
13709     0.850980
13710     0.847059
13711     0.843137
13712     0.843137
13713     0.847059
13714     0.850980
13715     0.850980
13716     0.858824
13717     0.862745
13718     0.870588
13719     0.874510
13720     0.870588
13721     0.858824
13722     0.847059
13723     0.839216
13724     0.839216
13725     0.835294
13726     0.839216
13727     0.847059
13728     0.858824
13729     0.862745
13730     0.858824
13731     0.854902
13732     0.839216
13733     0.831373
13734     0.823529
13735     0.815686
13736     0.815686
13737     0.819608
13738     0.827451
13739     0.835294
13740     0.847059
13741     0.847059
13742     0.847059
13743     0.850980
13744     0.854902
13745     0.854902
13746     0.858824
13747     0.858824
13748     0.843137
13749     0.839216
13750     0.831373
13751     0.823529
13752     0.819608
13753     0.823529
13754     0.827451
13755     0.831373
13756     0.843137
13757     0.839216
13758     0.835294
13759     0.831373
13760     0.831373
13761     0.831373
13762     0.831373
13763     0.831373
13764     0.819608
13765     0.815686
13766     0.819608
13767     0.831373
13768     0.843137
13769     0.847059
13770     0.843137
13771     0.835294
13772     0.847059
13773     0.850980
13774     0.850980
13775     0.854902
13776     0.854902
13777     0.850980
13778     0.850980
13779     0.847059
13780     0.847059
13781     0.854902
13782     0.862745
13783     0.870588
13784     0.874510
13785     0.870588
13786     0.862745
13787     0.858824
13788     0.870588
13789     0.866667
13790     0.858824
13791     0.854902
13792     0.854902
13793     0.854902
13794     0.862745
13795     0.862745
13796     0.866667
13797     0.862745
13798     0.854902
13799     0.854902
13800     0.858824
13801     0.854902
13802     0.847059
13803     0.839216
13804     0.843137
13805     0.835294
13806     0.823529
13807     0.811765
13808     0.811765
13809     0.823529
13810     0.843137
13811     0.854902
13812     0.862745
13813     0.858824
13814     0.854902
13815     0.847059
13816     0.847059
13817     0.847059
13818     0.850980
13819     0.854902
13820     0.858824
13821     0.858824
13822     0.858824
13823     0.854902
13824     0.847059
13825     0.839216
13826     0.835294
13827     0.831373
13828     0.843137
13829     0.843137
13830     0.847059
13831     0.847059
13832     0.839216
13833     0.827451
13834     0.819608
13835     0.811765
13836     0.807843
13837     0.800000
13838     0.796078
13839     0.788235
13840     0.784314
13841     0.788235
13842     0.792157
13843     0.792157
13844     0.815686
13845     0.819608
13846     0.823529
13847     0.850980
13848     0.839216
13849     0.835294
13850     0.843137
13851     0.854902
13852     0.858824
13853     0.847059
13854     0.831373
13855     0.792157
13856     0.784314
13857     0.776471
13858     0.780392
13859     0.800000
13860     0.835294
13861     0.870588
13862     0.894118
13863     0.925490
13864     0.917647
13865     0.905882
13866     0.894118
13867     0.882353
13868     0.878431
13869     0.874510
13870     0.874510
13871     0.874510
13872     0.874510
13873     0.870588
13874     0.870588
13875     0.866667
13876     0.866667
13877     0.866667
13878     0.866667
13879     0.890196
13880     0.890196
13881     0.886275
13882     0.886275
13883     0.882353
13884     0.878431
13885     0.878431
13886     0.878431
13887     0.870588
13888     0.862745
13889     0.850980
13890     0.850980
13891     0.858824
13892     0.862745
13893     0.866667
13894     0.862745
13895     0.862745
13896     0.862745
13897     0.862745
13898     0.862745
13899     0.866667
13900     0.866667
13901     0.870588
13902     0.870588
13903     0.862745
13904     0.854902
13905     0.850980
13906     0.850980
13907     0.858824
13908     0.858824
13909     0.854902
13910     0.850980
13911     0.850980
13912     0.847059
13913     0.847059
13914     0.854902
13915     0.862745
13916     0.866667
13917     0.858824
13918     0.854902
13919     0.858824
13920     0.858824
13921     0.858824
13922     0.858824
13923     0.854902
13924     0.850980
13925     0.847059
13926     0.843137
13927     0.835294
13928     0.839216
13929     0.847059
13930     0.854902
13931     0.858824
13932     0.862745
13933     0.862745
13934     0.862745
13935     0.850980
13936     0.850980
13937     0.847059
13938     0.847059
13939     0.847059
13940     0.847059
13941     0.850980
13942     0.850980
13943     0.858824
13944     0.862745
13945     0.874510
13946     0.878431
13947     0.874510
13948     0.866667
13949     0.850980
13950     0.843137
13951     0.843137
13952     0.839216
13953     0.839216
13954     0.847059
13955     0.854902
13956     0.858824
13957     0.854902
13958     0.847059
13959     0.847059
13960     0.839216
13961     0.827451
13962     0.815686
13963     0.815686
13964     0.823529
13965     0.831373
13966     0.839216
13967     0.854902
13968     0.854902
13969     0.854902
13970     0.854902
13971     0.854902
13972     0.858824
13973     0.858824
13974     0.858824
13975     0.843137
13976     0.839216
13977     0.827451
13978     0.823529
13979     0.819608
13980     0.827451
13981     0.831373
13982     0.839216
13983     0.847059
13984     0.843137
13985     0.839216
13986     0.835294
13987     0.831373
13988     0.831373
13989     0.831373
13990     0.831373
13991     0.815686
13992     0.815686
13993     0.823529
13994     0.835294
13995     0.847059
13996     0.850980
13997     0.843137
13998     0.839216
13999     0.847059
14000     0.850980
14001     0.850980
14002     0.854902
14003     0.854902
14004     0.850980
14005     0.850980
14006     0.847059
14007     0.847059
14008     0.850980
14009     0.854902
14010     0.862745
14011     0.866667
14012     0.866667
14013     0.862745
14014     0.858824
14015     0.878431
14016     0.874510
14017     0.870588
14018     0.866667
14019     0.862745
14020     0.858824
14021     0.858824
14022     0.858824
14023     0.858824
14024     0.854902
14025     0.850980
14026     0.854902
14027     0.858824
14028     0.858824
14029     0.850980
14030     0.843137
14031     0.843137
14032     0.839216
14033     0.835294
14034     0.823529
14035     0.815686
14036     0.819608
14037     0.835294
14038     0.847059
14039     0.858824
14040     0.858824
14041     0.854902
14042     0.850980
14043     0.847059
14044     0.847059
14045     0.850980
14046     0.850980
14047     0.847059
14048     0.847059
14049     0.847059
14050     0.843137
14051     0.839216
14052     0.835294
14053     0.827451
14054     0.827451
14055     0.831373
14056     0.831373
14057     0.835294
14058     0.839216
14059     0.835294
14060     0.831373
14061     0.823529
14062     0.819608
14063     0.815686
14064     0.811765
14065     0.803922
14066     0.796078
14067     0.788235
14068     0.780392
14069     0.776471
14070     0.776471
14071     0.796078
14072     0.796078
14073     0.800000
14074     0.831373
14075     0.827451
14076     0.831373
14077     0.847059
14078     0.858824
14079     0.858824
14080     0.843137
14081     0.827451
14082     0.784314
14083     0.764706
14084     0.741176
14085     0.733333
14086     0.756863
14087     0.803922
14088     0.858824
14089     0.894118
14090     0.921569
14091     0.913725
14092     0.901961
14093     0.894118
14094     0.890196
14095     0.886275
14096     0.886275
14097     0.886275
14098     0.882353
14099     0.874510
14100     0.866667
14101     0.858824
14102     0.858824
14103     0.862745
14104     0.866667
14105     0.870588
14106     0.882353
14107     0.882353
14108     0.878431
14109     0.878431
14110     0.878431
14111     0.878431
14112     0.878431
14113     0.878431
14114     0.870588
14115     0.862745
14116     0.850980
14117     0.850980
14118     0.854902
14119     0.862745
14120     0.862745
14121     0.858824
14122     0.866667
14123     0.862745
14124     0.858824
14125     0.858824
14126     0.858824
14127     0.862745
14128     0.870588
14129     0.874510
14130     0.862745
14131     0.858824
14132     0.854902
14133     0.858824
14134     0.862745
14135     0.866667
14136     0.862745
14137     0.854902
14138     0.858824
14139     0.854902
14140     0.854902
14141     0.858824
14142     0.866667
14143     0.866667
14144     0.862745
14145     0.854902
14146     0.854902
14147     0.854902
14148     0.854902
14149     0.854902
14150     0.850980
14151     0.847059
14152     0.839216
14153     0.839216
14154     0.839216
14155     0.843137
14156     0.850980
14157     0.858824
14158     0.862745
14159     0.862745
14160     0.862745
14161     0.858824
14162     0.854902
14163     0.850980
14164     0.850980
14165     0.847059
14166     0.847059
14167     0.850980
14168     0.850980
14169     0.854902
14170     0.850980
14171     0.862745
14172     0.874510
14173     0.882353
14174     0.878431
14175     0.870588
14176     0.858824
14177     0.850980
14178     0.854902
14179     0.850980
14180     0.847059
14181     0.854902
14182     0.858824
14183     0.862745
14184     0.854902
14185     0.847059
14186     0.854902
14187     0.847059
14188     0.831373
14189     0.823529
14190     0.819608
14191     0.827451
14192     0.839216
14193     0.847059
14194     0.858824
14195     0.858824
14196     0.858824
14197     0.858824
14198     0.858824
14199     0.854902
14200     0.854902
14201     0.854902
14202     0.843137
14203     0.835294
14204     0.827451
14205     0.819608
14206     0.823529
14207     0.831373
14208     0.839216
14209     0.847059
14210     0.854902
14211     0.850980
14212     0.843137
14213     0.839216
14214     0.835294
14215     0.835294
14216     0.835294
14217     0.835294
14218     0.819608
14219     0.823529
14220     0.827451
14221     0.843137
14222     0.854902
14223     0.858824
14224     0.850980
14225     0.843137
14226     0.847059
14227     0.850980
14228     0.850980
14229     0.854902
14230     0.854902
14231     0.850980
14232     0.850980
14233     0.847059
14234     0.843137
14235     0.847059
14236     0.847059
14237     0.850980
14238     0.854902
14239     0.858824
14240     0.862745
14241     0.862745
14242     0.878431
14243     0.878431
14244     0.874510
14245     0.870588
14246     0.866667
14247     0.858824
14248     0.850980
14249     0.847059
14250     0.850980
14251     0.847059
14252     0.850980
14253     0.854902
14254     0.862745
14255     0.862745
14256     0.854902
14257     0.847059
14258     0.847059
14259     0.850980
14260     0.850980
14261     0.843137
14262     0.831373
14263     0.827451
14264     0.839216
14265     0.847059
14266     0.858824
14267     0.858824
14268     0.854902
14269     0.854902
14270     0.854902
14271     0.850980
14272     0.850980
14273     0.850980
14274     0.843137
14275     0.843137
14276     0.847059
14277     0.847059
14278     0.843137
14279     0.839216
14280     0.835294
14281     0.831373
14282     0.827451
14283     0.827451
14284     0.831373
14285     0.831373
14286     0.831373
14287     0.827451
14288     0.827451
14289     0.823529
14290     0.827451
14291     0.827451
14292     0.819608
14293     0.815686
14294     0.803922
14295     0.796078
14296     0.788235
14297     0.780392
14298     0.796078
14299     0.796078
14300     0.800000
14301     0.815686
14302     0.815686
14303     0.827451
14304     0.847059
14305     0.862745
14306     0.866667
14307     0.847059
14308     0.827451
14309     0.796078
14310     0.768627
14311     0.733333
14312     0.721569
14313     0.745098
14314     0.800000
14315     0.866667
14316     0.909804
14317     0.917647
14318     0.909804
14319     0.898039
14320     0.890196
14321     0.894118
14322     0.894118
14323     0.894118
14324     0.890196
14325     0.886275
14326     0.874510
14327     0.862745
14328     0.854902
14329     0.850980
14330     0.858824
14331     0.866667
14332     0.874510
14333     0.870588
14334     0.870588
14335     0.874510
14336     0.874510
14337     0.874510
14338     0.874510
14339     0.874510
14340     0.878431
14341     0.870588
14342     0.862745
14343     0.850980
14344     0.850980
14345     0.854902
14346     0.858824
14347     0.862745
14348     0.858824
14349     0.870588
14350     0.862745
14351     0.854902
14352     0.850980
14353     0.854902
14354     0.858824
14355     0.870588
14356     0.874510
14357     0.870588
14358     0.862745
14359     0.858824
14360     0.862745
14361     0.870588
14362     0.874510
14363     0.870588
14364     0.862745
14365     0.866667
14366     0.862745
14367     0.858824
14368     0.862745
14369     0.870588
14370     0.870588
14371     0.862745
14372     0.854902
14373     0.850980
14374     0.854902
14375     0.854902
14376     0.850980
14377     0.847059
14378     0.843137
14379     0.835294
14380     0.835294
14381     0.839216
14382     0.843137
14383     0.850980
14384     0.858824
14385     0.862745
14386     0.862745
14387     0.858824
14388     0.858824
14389     0.854902
14390     0.850980
14391     0.850980
14392     0.847059
14393     0.847059
14394     0.850980
14395     0.850980
14396     0.854902
14397     0.847059
14398     0.858824
14399     0.870588
14400     0.882353
14401     0.882353
14402     0.874510
14403     0.862745
14404     0.854902
14405     0.862745
14406     0.858824
14407     0.858824
14408     0.858824
14409     0.862745
14410     0.862745
14411     0.854902
14412     0.847059
14413     0.862745
14414     0.850980
14415     0.835294
14416     0.823529
14417     0.823529
14418     0.831373
14419     0.843137
14420     0.850980
14421     0.866667
14422     0.862745
14423     0.862745
14424     0.858824
14425     0.858824
14426     0.854902
14427     0.854902
14428     0.850980
14429     0.843137
14430     0.835294
14431     0.827451
14432     0.823529
14433     0.823529
14434     0.835294
14435     0.847059
14436     0.854902
14437     0.858824
14438     0.858824
14439     0.850980
14440     0.847059
14441     0.843137
14442     0.839216
14443     0.839216
14444     0.839216
14445     0.823529
14446     0.827451
14447     0.835294
14448     0.850980
14449     0.862745
14450     0.866667
14451     0.858824
14452     0.850980
14453     0.847059
14454     0.850980
14455     0.850980
14456     0.854902
14457     0.854902
14458     0.850980
14459     0.850980
14460     0.847059
14461     0.843137
14462     0.843137
14463     0.843137
14464     0.843137
14465     0.847059
14466     0.854902
14467     0.858824
14468     0.862745
14469     0.874510
14470     0.874510
14471     0.874510
14472     0.874510
14473     0.866667
14474     0.854902
14475     0.847059
14476     0.839216
14477     0.847059
14478     0.843137
14479     0.847059
14480     0.854902
14481     0.866667
14482     0.866667
14483     0.858824
14484     0.850980
14485     0.850980
14486     0.862745
14487     0.866667
14488     0.858824
14489     0.847059
14490     0.839216
14491     0.843137
14492     0.850980
14493     0.854902
14494     0.858824
14495     0.858824
14496     0.858824
14497     0.858824
14498     0.854902
14499     0.850980
14500     0.847059
14501     0.843137
14502     0.847059
14503     0.847059
14504     0.850980
14505     0.850980
14506     0.847059
14507     0.843137
14508     0.843137
14509     0.835294
14510     0.835294
14511     0.831373
14512     0.831373
14513     0.831373
14514     0.831373
14515     0.831373
14516     0.831373
14517     0.839216
14518     0.839216
14519     0.839216
14520     0.835294
14521     0.827451
14522     0.815686
14523     0.807843
14524     0.800000
14525     0.807843
14526     0.811765
14527     0.815686
14528     0.768627
14529     0.776471
14530     0.780392
14531     0.796078
14532     0.839216
14533     0.870588
14534     0.847059
14535     0.800000
14536     0.764706
14537     0.741176
14538     0.717647
14539     0.725490
14540     0.764706
14541     0.819608
14542     0.870588
14543     0.898039
14544     0.933333
14545     0.913725
14546     0.898039
14547     0.890196
14548     0.898039
14549     0.901961
14550     0.898039
14551     0.894118
14552     0.882353
14553     0.878431
14554     0.870588
14555     0.866667
14556     0.866667
14557     0.870588
14558     0.874510
14559     0.878431
14560     0.882353
14561     0.878431
14562     0.874510
14563     0.866667
14564     0.866667
14565     0.862745
14566     0.862745
14567     0.866667
14568     0.866667
14569     0.854902
14570     0.847059
14571     0.843137
14572     0.854902
14573     0.862745
14574     0.866667
14575     0.870588
14576     0.858824
14577     0.858824
14578     0.858824
14579     0.858824
14580     0.858824
14581     0.858824
14582     0.854902
14583     0.854902
14584     0.862745
14585     0.858824
14586     0.858824
14587     0.858824
14588     0.862745
14589     0.870588
14590     0.878431
14591     0.886275
14592     0.870588
14593     0.874510
14594     0.878431
14595     0.878431
14596     0.874510
14597     0.862745
14598     0.847059
14599     0.839216
14600     0.850980
14601     0.850980
14602     0.850980
14603     0.850980
14604     0.850980
14605     0.847059
14606     0.847059
14607     0.847059
14608     0.850980
14609     0.850980
14610     0.854902
14611     0.858824
14612     0.858824
14613     0.854902
14614     0.854902
14615     0.854902
14616     0.843137
14617     0.847059
14618     0.854902
14619     0.858824
14620     0.862745
14621     0.866667
14622     0.866667
14623     0.866667
14624     0.858824
14625     0.862745
14626     0.866667
14627     0.874510
14628     0.874510
14629     0.870588
14630     0.866667
14631     0.862745
14632     0.862745
14633     0.862745
14634     0.866667
14635     0.866667
14636     0.866667
14637     0.862745
14638     0.858824
14639     0.854902
14640     0.874510
14641     0.878431
14642     0.874510
14643     0.866667
14644     0.854902
14645     0.847059
14646     0.850980
14647     0.858824
14648     0.862745
14649     0.862745
14650     0.862745
14651     0.858824
14652     0.858824
14653     0.854902
14654     0.854902
14655     0.854902
14656     0.850980
14657     0.847059
14658     0.843137
14659     0.839216
14660     0.839216
14661     0.843137
14662     0.850980
14663     0.854902
14664     0.874510
14665     0.870588
14666     0.862745
14667     0.854902
14668     0.850980
14669     0.850980
14670     0.854902
14671     0.854902
14672     0.847059
14673     0.847059
14674     0.850980
14675     0.850980
14676     0.858824
14677     0.866667
14678     0.870588
14679     0.874510
14680     0.878431
14681     0.874510
14682     0.874510
14683     0.870588
14684     0.870588
14685     0.874510
14686     0.874510
14687     0.878431
14688     0.854902
14689     0.850980
14690     0.847059
14691     0.854902
14692     0.862745
14693     0.862745
14694     0.854902
14695     0.847059
14696     0.862745
14697     0.866667
14698     0.870588
14699     0.874510
14700     0.870588
14701     0.862745
14702     0.850980
14703     0.847059
14704     0.843137
14705     0.850980
14706     0.858824
14707     0.866667
14708     0.870588
14709     0.866667
14710     0.858824
14711     0.854902
14712     0.847059
14713     0.854902
14714     0.866667
14715     0.870588
14716     0.866667
14717     0.850980
14718     0.827451
14719     0.815686
14720     0.858824
14721     0.850980
14722     0.843137
14723     0.843137
14724     0.850980
14725     0.854902
14726     0.858824
14727     0.854902
14728     0.858824
14729     0.850980
14730     0.850980
14731     0.850980
14732     0.854902
14733     0.854902
14734     0.847059
14735     0.839216
14736     0.835294
14737     0.831373
14738     0.827451
14739     0.831373
14740     0.839216
14741     0.839216
14742     0.831373
14743     0.823529
14744     0.819608
14745     0.827451
14746     0.835294
14747     0.843137
14748     0.839216
14749     0.823529
14750     0.807843
14751     0.796078
14752     0.815686
14753     0.815686
14754     0.815686
14755     0.737255
14756     0.737255
14757     0.737255
14758     0.756863
14759     0.807843
14760     0.847059
14761     0.831373
14762     0.788235
14763     0.772549
14764     0.752941
14765     0.733333
14766     0.741176
14767     0.780392
14768     0.831373
14769     0.882353
14770     0.905882
14771     0.937255
14772     0.917647
14773     0.898039
14774     0.890196
14775     0.894118
14776     0.898039
14777     0.898039
14778     0.894118
14779     0.882353
14780     0.878431
14781     0.874510
14782     0.870588
14783     0.870588
14784     0.874510
14785     0.882353
14786     0.886275
14787     0.886275
14788     0.882353
14789     0.874510
14790     0.870588
14791     0.866667
14792     0.866667
14793     0.866667
14794     0.866667
14795     0.870588
14796     0.858824
14797     0.847059
14798     0.847059
14799     0.854902
14800     0.862745
14801     0.866667
14802     0.870588
14803     0.854902
14804     0.854902
14805     0.858824
14806     0.858824
14807     0.862745
14808     0.866667
14809     0.866667
14810     0.866667
14811     0.858824
14812     0.858824
14813     0.854902
14814     0.858824
14815     0.862745
14816     0.870588
14817     0.878431
14818     0.882353
14819     0.870588
14820     0.870588
14821     0.870588
14822     0.870588
14823     0.866667
14824     0.858824
14825     0.850980
14826     0.847059
14827     0.858824
14828     0.858824
14829     0.858824
14830     0.854902
14831     0.854902
14832     0.850980
14833     0.850980
14834     0.850980
14835     0.843137
14836     0.847059
14837     0.850980
14838     0.850980
14839     0.854902
14840     0.854902
14841     0.854902
14842     0.854902
14843     0.850980
14844     0.854902
14845     0.858824
14846     0.862745
14847     0.866667
14848     0.870588
14849     0.870588
14850     0.870588
14851     0.858824
14852     0.862745
14853     0.866667
14854     0.870588
14855     0.870588
14856     0.866667
14857     0.862745
14858     0.862745
14859     0.866667
14860     0.866667
14861     0.866667
14862     0.862745
14863     0.862745
14864     0.858824
14865     0.854902
14866     0.854902
14867     0.874510
14868     0.874510
14869     0.874510
14870     0.862745
14871     0.850980
14872     0.847059
14873     0.850980
14874     0.854902
14875     0.858824
14876     0.858824
14877     0.858824
14878     0.858824
14879     0.854902
14880     0.854902
14881     0.854902
14882     0.854902
14883     0.847059
14884     0.847059
14885     0.847059
14886     0.847059
14887     0.847059
14888     0.850980
14889     0.854902
14890     0.854902
14891     0.854902
14892     0.854902
14893     0.854902
14894     0.854902
14895     0.854902
14896     0.858824
14897     0.858824
14898     0.862745
14899     0.850980
14900     0.850980
14901     0.850980
14902     0.854902
14903     0.858824
14904     0.866667
14905     0.870588
14906     0.874510
14907     0.874510
14908     0.874510
14909     0.874510
14910     0.870588
14911     0.870588
14912     0.874510
14913     0.874510
14914     0.874510
14915     0.854902
14916     0.850980
14917     0.850980
14918     0.858824
14919     0.862745
14920     0.866667
14921     0.858824
14922     0.854902
14923     0.858824
14924     0.862745
14925     0.870588
14926     0.870588
14927     0.866667
14928     0.858824
14929     0.850980
14930     0.843137
14931     0.847059
14932     0.850980
14933     0.862745
14934     0.866667
14935     0.870588
14936     0.866667
14937     0.858824
14938     0.854902
14939     0.839216
14940     0.847059
14941     0.858824
14942     0.866667
14943     0.866667
14944     0.854902
14945     0.843137
14946     0.835294
14947     0.835294
14948     0.831373
14949     0.831373
14950     0.839216
14951     0.850980
14952     0.854902
14953     0.854902
14954     0.850980
14955     0.854902
14956     0.850980
14957     0.847059
14958     0.847059
14959     0.850980
14960     0.847059
14961     0.839216
14962     0.827451
14963     0.823529
14964     0.819608
14965     0.819608
14966     0.823529
14967     0.831373
14968     0.835294
14969     0.827451
14970     0.819608
14971     0.827451
14972     0.831373
14973     0.839216
14974     0.843137
14975     0.839216
14976     0.827451
14977     0.815686
14978     0.807843
14979     0.807843
14980     0.807843
14981     0.807843
14982     0.698039
14983     0.686275
14984     0.682353
14985     0.709804
14986     0.772549
14987     0.823529
14988     0.815686
14989     0.780392
14990     0.792157
14991     0.784314
14992     0.776471
14993     0.788235
14994     0.823529
14995     0.866667
14996     0.905882
14997     0.929412
14998     0.941176
14999     0.921569
15000     0.898039
15001     0.886275
15002     0.886275
15003     0.890196
15004     0.894118
15005     0.894118
15006     0.886275
15007     0.882353
15008     0.878431
15009     0.878431
15010     0.878431
15011     0.886275
15012     0.894118
15013     0.898039
15014     0.890196
15015     0.886275
15016     0.882353
15017     0.874510
15018     0.874510
15019     0.870588
15020     0.870588
15021     0.874510
15022     0.870588
15023     0.858824
15024     0.850980
15025     0.847059
15026     0.854902
15027     0.862745
15028     0.866667
15029     0.870588
15030     0.854902
15031     0.854902
15032     0.858824
15033     0.862745
15034     0.866667
15035     0.874510
15036     0.874510
15037     0.878431
15038     0.854902
15039     0.854902
15040     0.854902
15041     0.854902
15042     0.862745
15043     0.866667
15044     0.874510
15045     0.878431
15046     0.866667
15047     0.866667
15048     0.866667
15049     0.862745
15050     0.862745
15051     0.858824
15052     0.858824
15053     0.858824
15054     0.874510
15055     0.870588
15056     0.870588
15057     0.866667
15058     0.862745
15059     0.858824
15060     0.854902
15061     0.850980
15062     0.843137
15063     0.843137
15064     0.847059
15065     0.850980
15066     0.854902
15067     0.858824
15068     0.862745
15069     0.862745
15070     0.862745
15071     0.862745
15072     0.866667
15073     0.866667
15074     0.866667
15075     0.866667
15076     0.862745
15077     0.862745
15078     0.854902
15079     0.854902
15080     0.858824
15081     0.862745
15082     0.866667
15083     0.866667
15084     0.862745
15085     0.862745
15086     0.874510
15087     0.870588
15088     0.862745
15089     0.858824
15090     0.854902
15091     0.854902
15092     0.854902
15093     0.854902
15094     0.866667
15095     0.870588
15096     0.870588
15097     0.858824
15098     0.850980
15099     0.847059
15100     0.850980
15101     0.854902
15102     0.850980
15103     0.850980
15104     0.850980
15105     0.850980
15106     0.854902
15107     0.854902
15108     0.854902
15109     0.854902
15110     0.847059
15111     0.850980
15112     0.850980
15113     0.854902
15114     0.858824
15115     0.858824
15116     0.858824
15117     0.854902
15118     0.835294
15119     0.839216
15120     0.847059
15121     0.850980
15122     0.858824
15123     0.862745
15124     0.866667
15125     0.866667
15126     0.850980
15127     0.850980
15128     0.850980
15129     0.854902
15130     0.858824
15131     0.862745
15132     0.870588
15133     0.874510
15134     0.874510
15135     0.874510
15136     0.874510
15137     0.874510
15138     0.874510
15139     0.874510
15140     0.874510
15141     0.874510
15142     0.858824
15143     0.854902
15144     0.854902
15145     0.862745
15146     0.870588
15147     0.870588
15148     0.866667
15149     0.858824
15150     0.858824
15151     0.862745
15152     0.862745
15153     0.866667
15154     0.862745
15155     0.854902
15156     0.847059
15157     0.843137
15158     0.850980
15159     0.854902
15160     0.862745
15161     0.870588
15162     0.870588
15163     0.866667
15164     0.858824
15165     0.854902
15166     0.839216
15167     0.847059
15168     0.850980
15169     0.854902
15170     0.854902
15171     0.850980
15172     0.847059
15173     0.843137
15174     0.827451
15175     0.823529
15176     0.827451
15177     0.839216
15178     0.850980
15179     0.862745
15180     0.862745
15181     0.858824
15182     0.858824
15183     0.850980
15184     0.847059
15185     0.843137
15186     0.843137
15187     0.839216
15188     0.827451
15189     0.815686
15190     0.815686
15191     0.811765
15192     0.811765
15193     0.819608
15194     0.827451
15195     0.831373
15196     0.823529
15197     0.815686
15198     0.823529
15199     0.823529
15200     0.827451
15201     0.827451
15202     0.823529
15203     0.819608
15204     0.815686
15205     0.811765
15206     0.792157
15207     0.792157
15208     0.788235
15209     0.662745
15210     0.643137
15211     0.639216
15212     0.678431
15213     0.749020
15214     0.800000
15215     0.807843
15216     0.792157
15217     0.819608
15218     0.823529
15219     0.835294
15220     0.858824
15221     0.886275
15222     0.909804
15223     0.929412
15224     0.941176
15225     0.933333
15226     0.917647
15227     0.894118
15228     0.878431
15229     0.874510
15230     0.878431
15231     0.886275
15232     0.890196
15233     0.890196
15234     0.886275
15235     0.882353
15236     0.882353
15237     0.886275
15238     0.894118
15239     0.901961
15240     0.909804
15241     0.894118
15242     0.890196
15243     0.886275
15244     0.882353
15245     0.878431
15246     0.874510
15247     0.878431
15248     0.878431
15249     0.874510
15250     0.862745
15251     0.850980
15252     0.847059
15253     0.854902
15254     0.862745
15255     0.866667
15256     0.866667
15257     0.862745
15258     0.866667
15259     0.866667
15260     0.870588
15261     0.870588
15262     0.874510
15263     0.874510
15264     0.874510
15265     0.850980
15266     0.850980
15267     0.854902
15268     0.858824
15269     0.862745
15270     0.866667
15271     0.870588
15272     0.874510
15273     0.870588
15274     0.870588
15275     0.866667
15276     0.866667
15277     0.866667
15278     0.866667
15279     0.870588
15280     0.874510
15281     0.886275
15282     0.882353
15283     0.878431
15284     0.874510
15285     0.870588
15286     0.862745
15287     0.858824
15288     0.858824
15289     0.847059
15290     0.850980
15291     0.850980
15292     0.854902
15293     0.862745
15294     0.866667
15295     0.874510
15296     0.878431
15297     0.878431
15298     0.878431
15299     0.874510
15300     0.870588
15301     0.862745
15302     0.854902
15303     0.847059
15304     0.839216
15305     0.839216
15306     0.843137
15307     0.847059
15308     0.854902
15309     0.862745
15310     0.866667
15311     0.870588
15312     0.870588
15313     0.878431
15314     0.870588
15315     0.866667
15316     0.858824
15317     0.854902
15318     0.850980
15319     0.850980
15320     0.854902
15321     0.866667
15322     0.866667
15323     0.866667
15324     0.858824
15325     0.850980
15326     0.847059
15327     0.850980
15328     0.854902
15329     0.847059
15330     0.847059
15331     0.847059
15332     0.850980
15333     0.850980
15334     0.850980
15335     0.854902
15336     0.854902
15337     0.843137
15338     0.850980
15339     0.858824
15340     0.862745
15341     0.866667
15342     0.866667
15343     0.862745
15344     0.858824
15345     0.827451
15346     0.835294
15347     0.843137
15348     0.854902
15349     0.858824
15350     0.862745
15351     0.858824
15352     0.858824
15353     0.850980
15354     0.850980
15355     0.850980
15356     0.854902
15357     0.858824
15358     0.862745
15359     0.866667
15360     0.870588
15361     0.870588
15362     0.870588
15363     0.870588
15364     0.874510
15365     0.874510
15366     0.870588
15367     0.870588
15368     0.870588
15369     0.862745
15370     0.858824
15371     0.858824
15372     0.866667
15373     0.874510
15374     0.878431
15375     0.870588
15376     0.866667
15377     0.858824
15378     0.858824
15379     0.858824
15380     0.858824
15381     0.858824
15382     0.850980
15383     0.847059
15384     0.843137
15385     0.854902
15386     0.858824
15387     0.866667
15388     0.874510
15389     0.874510
15390     0.870588
15391     0.862745
15392     0.854902
15393     0.850980
15394     0.850980
15395     0.850980
15396     0.850980
15397     0.850980
15398     0.850980
15399     0.847059
15400     0.847059
15401     0.850980
15402     0.843137
15403     0.831373
15404     0.831373
15405     0.843137
15406     0.858824
15407     0.870588
15408     0.870588
15409     0.862745
15410     0.858824
15411     0.850980
15412     0.847059
15413     0.843137
15414     0.835294
15415     0.823529
15416     0.811765
15417     0.811765
15418     0.811765
15419     0.811765
15420     0.815686
15421     0.827451
15422     0.827451
15423     0.823529
15424     0.819608
15425     0.807843
15426     0.807843
15427     0.803922
15428     0.803922
15429     0.803922
15430     0.803922
15431     0.803922
15432     0.803922
15433     0.784314
15434     0.780392
15435     0.780392
15436     0.619608
15437     0.600000
15438     0.603922
15439     0.650980
15440     0.717647
15441     0.772549
15442     0.796078
15443     0.800000
15444     0.839216
15445     0.858824
15446     0.886275
15447     0.913725
15448     0.929412
15449     0.933333
15450     0.929412
15451     0.929412
15452     0.917647
15453     0.905882
15454     0.890196
15455     0.874510
15456     0.866667
15457     0.866667
15458     0.874510
15459     0.886275
15460     0.894118
15461     0.890196
15462     0.890196
15463     0.890196
15464     0.894118
15465     0.901961
15466     0.909804
15467     0.913725
15468     0.894118
15469     0.890196
15470     0.886275
15471     0.882353
15472     0.878431
15473     0.878431
15474     0.878431
15475     0.878431
15476     0.878431
15477     0.866667
15478     0.854902
15479     0.850980
15480     0.854902
15481     0.862745
15482     0.866667
15483     0.866667
15484     0.878431
15485     0.878431
15486     0.874510
15487     0.874510
15488     0.870588
15489     0.866667
15490     0.866667
15491     0.866667
15492     0.850980
15493     0.850980
15494     0.854902
15495     0.862745
15496     0.866667
15497     0.870588
15498     0.874510
15499     0.874510
15500     0.878431
15501     0.878431
15502     0.874510
15503     0.874510
15504     0.878431
15505     0.878431
15506     0.882353
15507     0.886275
15508     0.894118
15509     0.890196
15510     0.886275
15511     0.882353
15512     0.874510
15513     0.870588
15514     0.866667
15515     0.862745
15516     0.862745
15517     0.862745
15518     0.862745
15519     0.866667
15520     0.870588
15521     0.878431
15522     0.886275
15523     0.890196
15524     0.894118
15525     0.890196
15526     0.882353
15527     0.870588
15528     0.854902
15529     0.839216
15530     0.827451
15531     0.819608
15532     0.827451
15533     0.831373
15534     0.839216
15535     0.847059
15536     0.854902
15537     0.866667
15538     0.874510
15539     0.878431
15540     0.874510
15541     0.874510
15542     0.866667
15543     0.862745
15544     0.858824
15545     0.858824
15546     0.858824
15547     0.858824
15548     0.862745
15549     0.866667
15550     0.866667
15551     0.858824
15552     0.850980
15553     0.847059
15554     0.854902
15555     0.858824
15556     0.850980
15557     0.850980
15558     0.850980
15559     0.850980
15560     0.850980
15561     0.850980
15562     0.850980
15563     0.850980
15564     0.843137
15565     0.850980
15566     0.858824
15567     0.866667
15568     0.870588
15569     0.866667
15570     0.866667
15571     0.862745
15572     0.839216
15573     0.843137
15574     0.850980
15575     0.854902
15576     0.858824
15577     0.854902
15578     0.850980
15579     0.850980
15580     0.854902
15581     0.854902
15582     0.854902
15583     0.854902
15584     0.858824
15585     0.862745
15586     0.866667
15587     0.870588
15588     0.866667
15589     0.866667
15590     0.870588
15591     0.874510
15592     0.874510
15593     0.870588
15594     0.866667
15595     0.866667
15596     0.858824
15597     0.858824
15598     0.858824
15599     0.866667
15600     0.874510
15601     0.878431
15602     0.874510
15603     0.870588
15604     0.858824
15605     0.858824
15606     0.858824
15607     0.858824
15608     0.854902
15609     0.850980
15610     0.847059
15611     0.843137
15612     0.858824
15613     0.866667
15614     0.874510
15615     0.878431
15616     0.878431
15617     0.870588
15618     0.862745
15619     0.858824
15620     0.854902
15621     0.854902
15622     0.858824
15623     0.862745
15624     0.866667
15625     0.874510
15626     0.882353
15627     0.882353
15628     0.886275
15629     0.858824
15630     0.827451
15631     0.811765
15632     0.815686
15633     0.835294
15634     0.858824
15635     0.870588
15636     0.870588
15637     0.862745
15638     0.854902
15639     0.850980
15640     0.847059
15641     0.839216
15642     0.823529
15643     0.811765
15644     0.815686
15645     0.815686
15646     0.811765
15647     0.819608
15648     0.827451
15649     0.831373
15650     0.823529
15651     0.819608
15652     0.803922
15653     0.800000
15654     0.796078
15655     0.796078
15656     0.796078
15657     0.800000
15658     0.803922
15659     0.807843
15660     0.800000
15661     0.800000
15662     0.796078
15663     0.572549
15664     0.564706
15665     0.580392
15666     0.635294
15667     0.694118
15668     0.745098
15669     0.780392
15670     0.807843
15671     0.854902
15672     0.878431
15673     0.909804
15674     0.933333
15675     0.933333
15676     0.925490
15677     0.909804
15678     0.905882
15679     0.898039
15680     0.898039
15681     0.890196
15682     0.878431
15683     0.870588
15684     0.866667
15685     0.874510
15686     0.886275
15687     0.898039
15688     0.894118
15689     0.894118
15690     0.890196
15691     0.894118
15692     0.901961
15693     0.905882
15694     0.913725
15695     0.894118
15696     0.890196
15697     0.886275
15698     0.882353
15699     0.878431
15700     0.878431
15701     0.878431
15702     0.878431
15703     0.882353
15704     0.870588
15705     0.858824
15706     0.854902
15707     0.858824
15708     0.862745
15709     0.866667
15710     0.866667
15711     0.882353
15712     0.882353
15713     0.878431
15714     0.874510
15715     0.866667
15716     0.862745
15717     0.862745
15718     0.858824
15719     0.850980
15720     0.854902
15721     0.862745
15722     0.866667
15723     0.874510
15724     0.874510
15725     0.874510
15726     0.874510
15727     0.882353
15728     0.886275
15729     0.886275
15730     0.886275
15731     0.886275
15732     0.886275
15733     0.886275
15734     0.886275
15735     0.894118
15736     0.890196
15737     0.886275
15738     0.882353
15739     0.878431
15740     0.874510
15741     0.874510
15742     0.870588
15743     0.878431
15744     0.874510
15745     0.870588
15746     0.870588
15747     0.874510
15748     0.882353
15749     0.894118
15750     0.898039
15751     0.905882
15752     0.898039
15753     0.890196
15754     0.874510
15755     0.858824
15756     0.843137
15757     0.827451
15758     0.819608
15759     0.831373
15760     0.831373
15761     0.835294
15762     0.839216
15763     0.847059
15764     0.858824
15765     0.866667
15766     0.874510
15767     0.870588
15768     0.870588
15769     0.874510
15770     0.874510
15771     0.874510
15772     0.870588
15773     0.866667
15774     0.862745
15775     0.866667
15776     0.870588
15777     0.870588
15778     0.862745
15779     0.854902
15780     0.854902
15781     0.858824
15782     0.866667
15783     0.858824
15784     0.858824
15785     0.854902
15786     0.854902
15787     0.850980
15788     0.850980
15789     0.850980
15790     0.847059
15791     0.843137
15792     0.847059
15793     0.854902
15794     0.858824
15795     0.862745
15796     0.866667
15797     0.866667
15798     0.866667
15799     0.850980
15800     0.854902
15801     0.854902
15802     0.854902
15803     0.854902
15804     0.854902
15805     0.850980
15806     0.847059
15807     0.858824
15808     0.854902
15809     0.854902
15810     0.854902
15811     0.854902
15812     0.858824
15813     0.862745
15814     0.866667
15815     0.862745
15816     0.866667
15817     0.870588
15818     0.874510
15819     0.874510
15820     0.870588
15821     0.866667
15822     0.862745
15823     0.858824
15824     0.854902
15825     0.854902
15826     0.866667
15827     0.874510
15828     0.878431
15829     0.874510
15830     0.870588
15831     0.866667
15832     0.862745
15833     0.862745
15834     0.858824
15835     0.854902
15836     0.850980
15837     0.850980
15838     0.850980
15839     0.866667
15840     0.870588
15841     0.878431
15842     0.882353
15843     0.878431
15844     0.874510
15845     0.862745
15846     0.858824
15847     0.850980
15848     0.854902
15849     0.866667
15850     0.878431
15851     0.894118
15852     0.905882
15853     0.917647
15854     0.921569
15855     0.898039
15856     0.862745
15857     0.815686
15858     0.784314
15859     0.784314
15860     0.807843
15861     0.835294
15862     0.854902
15863     0.870588
15864     0.862745
15865     0.854902
15866     0.850980
15867     0.847059
15868     0.839216
15869     0.827451
15870     0.815686
15871     0.823529
15872     0.819608
15873     0.815686
15874     0.819608
15875     0.827451
15876     0.827451
15877     0.819608
15878     0.811765
15879     0.803922
15880     0.803922
15881     0.803922
15882     0.803922
15883     0.803922
15884     0.807843
15885     0.815686
15886     0.815686
15887     0.827451
15888     0.827451
15889     0.827451
15890     0.549020
15891     0.552941
15892     0.584314
15893     0.643137
15894     0.690196
15895     0.729412
15896     0.780392
15897     0.827451
15898     0.890196
15899     0.905882
15900     0.925490
15901     0.933333
15902     0.921569
15903     0.905882
15904     0.898039
15905     0.898039
15906     0.886275
15907     0.894118
15908     0.898039
15909     0.890196
15910     0.882353
15911     0.878431
15912     0.882353
15913     0.890196
15914     0.901961
15915     0.901961
15916     0.894118
15917     0.890196
15918     0.894118
15919     0.898039
15920     0.901961
15921     0.905882
15922     0.890196
15923     0.890196
15924     0.882353
15925     0.878431
15926     0.874510
15927     0.874510
15928     0.874510
15929     0.874510
15930     0.886275
15931     0.874510
15932     0.858824
15933     0.854902
15934     0.858824
15935     0.866667
15936     0.866667
15937     0.866667
15938     0.874510
15939     0.874510
15940     0.870588
15941     0.870588
15942     0.866667
15943     0.862745
15944     0.862745
15945     0.862745
15946     0.854902
15947     0.858824
15948     0.866667
15949     0.874510
15950     0.878431
15951     0.882353
15952     0.878431
15953     0.878431
15954     0.882353
15955     0.886275
15956     0.890196
15957     0.890196
15958     0.890196
15959     0.886275
15960     0.882353
15961     0.878431
15962     0.886275
15963     0.886275
15964     0.886275
15965     0.882353
15966     0.882353
15967     0.878431
15968     0.878431
15969     0.878431
15970     0.886275
15971     0.878431
15972     0.874510
15973     0.870588
15974     0.874510
15975     0.882353
15976     0.890196
15977     0.894118
15978     0.901961
15979     0.901961
15980     0.894118
15981     0.882353
15982     0.870588
15983     0.858824
15984     0.847059
15985     0.839216
15986     0.843137
15987     0.843137
15988     0.839216
15989     0.839216
15990     0.839216
15991     0.843137
15992     0.850980
15993     0.854902
15994     0.862745
15995     0.866667
15996     0.878431
15997     0.886275
15998     0.886275
15999     0.882353
16000     0.874510
16001     0.866667
16002     0.870588
16003     0.874510
16004     0.874510
16005     0.866667
16006     0.862745
16007     0.858824
16008     0.866667
16009     0.870588
16010     0.866667
16011     0.866667
16012     0.862745
16013     0.858824
16014     0.854902
16015     0.850980
16016     0.847059
16017     0.847059
16018     0.847059
16019     0.847059
16020     0.847059
16021     0.850980
16022     0.854902
16023     0.862745
16024     0.866667
16025     0.870588
16026     0.858824
16027     0.858824
16028     0.854902
16029     0.854902
16030     0.854902
16031     0.854902
16032     0.858824
16033     0.858824
16034     0.858824
16035     0.858824
16036     0.854902
16037     0.854902
16038     0.854902
16039     0.858824
16040     0.862745
16041     0.866667
16042     0.858824
16043     0.862745
16044     0.870588
16045     0.874510
16046     0.874510
16047     0.870588
16048     0.862745
16049     0.858824
16050     0.850980
16051     0.850980
16052     0.850980
16053     0.862745
16054     0.874510
16055     0.878431
16056     0.874510
16057     0.870588
16058     0.870588
16059     0.866667
16060     0.862745
16061     0.858824
16062     0.858824
16063     0.854902
16064     0.854902
16065     0.854902
16066     0.870588
16067     0.874510
16068     0.878431
16069     0.882353
16070     0.882353
16071     0.874510
16072     0.866667
16073     0.858824
16074     0.850980
16075     0.854902
16076     0.866667
16077     0.882353
16078     0.894118
16079     0.901961
16080     0.905882
16081     0.909804
16082     0.890196
16083     0.854902
16084     0.807843
16085     0.776471
16086     0.776471
16087     0.800000
16088     0.827451
16089     0.843137
16090     0.858824
16091     0.854902
16092     0.847059
16093     0.843137
16094     0.843137
16095     0.835294
16096     0.823529
16097     0.815686
16098     0.823529
16099     0.815686
16100     0.811765
16101     0.815686
16102     0.819608
16103     0.815686
16104     0.807843
16105     0.800000
16106     0.796078
16107     0.800000
16108     0.803922
16109     0.807843
16110     0.811765
16111     0.811765
16112     0.815686
16113     0.815686
16114     0.839216
16115     0.839216
16116     0.839216
16117     0.545098
16118     0.556863
16119     0.600000
16120     0.658824
16121     0.698039
16122     0.729412
16123     0.788235
16124     0.847059
16125     0.925490
16126     0.933333
16127     0.937255
16128     0.929412
16129     0.913725
16130     0.901961
16131     0.901961
16132     0.905882
16133     0.882353
16134     0.894118
16135     0.905882
16136     0.901961
16137     0.894118
16138     0.886275
16139     0.890196
16140     0.898039
16141     0.905882
16142     0.901961
16143     0.898039
16144     0.890196
16145     0.890196
16146     0.894118
16147     0.898039
16148     0.901961
16149     0.890196
16150     0.886275
16151     0.882353
16152     0.878431
16153     0.874510
16154     0.870588
16155     0.870588
16156     0.874510
16157     0.886275
16158     0.874510
16159     0.858824
16160     0.854902
16161     0.858824
16162     0.866667
16163     0.866667
16164     0.866667
16165     0.866667
16166     0.866667
16167     0.866667
16168     0.866667
16169     0.866667
16170     0.866667
16171     0.866667
16172     0.866667
16173     0.854902
16174     0.862745
16175     0.870588
16176     0.878431
16177     0.882353
16178     0.886275
16179     0.882353
16180     0.882353
16181     0.878431
16182     0.882353
16183     0.890196
16184     0.894118
16185     0.890196
16186     0.882353
16187     0.874510
16188     0.866667
16189     0.886275
16190     0.882353
16191     0.882353
16192     0.882353
16193     0.882353
16194     0.882353
16195     0.882353
16196     0.882353
16197     0.886275
16198     0.882353
16199     0.874510
16200     0.870588
16201     0.870588
16202     0.874510
16203     0.886275
16204     0.890196
16205     0.898039
16206     0.898039
16207     0.894118
16208     0.890196
16209     0.882353
16210     0.874510
16211     0.866667
16212     0.858824
16213     0.858824
16214     0.854902
16215     0.847059
16216     0.839216
16217     0.835294
16218     0.835294
16219     0.835294
16220     0.839216
16221     0.854902
16222     0.866667
16223     0.882353
16224     0.894118
16225     0.898039
16226     0.890196
16227     0.878431
16228     0.870588
16229     0.870588
16230     0.874510
16231     0.878431
16232     0.870588
16233     0.862745
16234     0.862745
16235     0.870588
16236     0.878431
16237     0.874510
16238     0.874510
16239     0.866667
16240     0.862745
16241     0.854902
16242     0.850980
16243     0.847059
16244     0.843137
16245     0.847059
16246     0.847059
16247     0.843137
16248     0.843137
16249     0.850980
16250     0.858824
16251     0.870588
16252     0.874510
16253     0.862745
16254     0.858824
16255     0.854902
16256     0.850980
16257     0.854902
16258     0.858824
16259     0.866667
16260     0.870588
16261     0.858824
16262     0.858824
16263     0.854902
16264     0.854902
16265     0.854902
16266     0.858824
16267     0.862745
16268     0.862745
16269     0.858824
16270     0.862745
16271     0.870588
16272     0.874510
16273     0.874510
16274     0.870588
16275     0.862745
16276     0.858824
16277     0.850980
16278     0.847059
16279     0.850980
16280     0.858824
16281     0.870588
16282     0.878431
16283     0.874510
16284     0.866667
16285     0.874510
16286     0.870588
16287     0.866667
16288     0.862745
16289     0.858824
16290     0.858824
16291     0.858824
16292     0.858824
16293     0.870588
16294     0.874510
16295     0.882353
16296     0.886275
16297     0.882353
16298     0.874510
16299     0.866667
16300     0.858824
16301     0.854902
16302     0.858824
16303     0.866667
16304     0.874510
16305     0.874510
16306     0.870588
16307     0.866667
16308     0.862745
16309     0.886275
16310     0.854902
16311     0.815686
16312     0.788235
16313     0.788235
16314     0.807843
16315     0.831373
16316     0.847059
16317     0.850980
16318     0.847059
16319     0.839216
16320     0.839216
16321     0.839216
16322     0.831373
16323     0.819608
16324     0.811765
16325     0.819608
16326     0.815686
16327     0.811765
16328     0.811765
16329     0.811765
16330     0.807843
16331     0.796078
16332     0.788235
16333     0.784314
16334     0.788235
16335     0.796078
16336     0.800000
16337     0.803922
16338     0.807843
16339     0.807843
16340     0.807843
16341     0.831373
16342     0.831373
16343     0.835294
16344     0.560784
16345     0.568627
16346     0.584314
16347     0.639216
16348     0.686275
16349     0.686275
16350     0.741176
16351     0.862745
16352     0.952941
16353     0.960784
16354     0.929412
16355     0.905882
16356     0.929412
16357     0.921569
16358     0.886275
16359     0.886275
16360     0.901961
16361     0.909804
16362     0.905882
16363     0.886275
16364     0.862745
16365     0.854902
16366     0.870588
16367     0.890196
16368     0.894118
16369     0.894118
16370     0.894118
16371     0.894118
16372     0.894118
16373     0.894118
16374     0.894118
16375     0.894118
16376     0.886275
16377     0.882353
16378     0.878431
16379     0.874510
16380     0.870588
16381     0.870588
16382     0.870588
16383     0.870588
16384     0.866667
16385     0.862745
16386     0.858824
16387     0.858824
16388     0.862745
16389     0.866667
16390     0.874510
16391     0.882353
16392     0.866667
16393     0.862745
16394     0.858824
16395     0.854902
16396     0.858824
16397     0.866667
16398     0.878431
16399     0.882353
16400     0.866667
16401     0.870588
16402     0.874510
16403     0.874510
16404     0.882353
16405     0.882353
16406     0.886275
16407     0.890196
16408     0.894118
16409     0.890196
16410     0.882353
16411     0.878431
16412     0.874510
16413     0.878431
16414     0.882353
16415     0.886275
16416     0.866667
16417     0.870588
16418     0.874510
16419     0.882353
16420     0.886275
16421     0.890196
16422     0.890196
16423     0.890196
16424     0.886275
16425     0.882353
16426     0.882353
16427     0.878431
16428     0.878431
16429     0.882353
16430     0.882353
16431     0.886275
16432     0.898039
16433     0.894118
16434     0.894118
16435     0.890196
16436     0.890196
16437     0.886275
16438     0.886275
16439     0.886275
16440     0.874510
16441     0.870588
16442     0.858824
16443     0.854902
16444     0.850980
16445     0.850980
16446     0.850980
16447     0.854902
16448     0.847059
16449     0.858824
16450     0.870588
16451     0.874510
16452     0.870588
16453     0.866667
16454     0.870588
16455     0.874510
16456     0.862745
16457     0.858824
16458     0.854902
16459     0.854902
16460     0.858824
16461     0.862745
16462     0.870588
16463     0.874510
16464     0.874510
16465     0.870588
16466     0.866667
16467     0.862745
16468     0.858824
16469     0.858824
16470     0.858824
16471     0.858824
16472     0.847059
16473     0.843137
16474     0.843137
16475     0.839216
16476     0.843137
16477     0.847059
16478     0.854902
16479     0.858824
16480     0.874510
16481     0.866667
16482     0.858824
16483     0.850980
16484     0.847059
16485     0.850980
16486     0.858824
16487     0.866667
16488     0.866667
16489     0.862745
16490     0.858824
16491     0.854902
16492     0.854902
16493     0.854902
16494     0.854902
16495     0.858824
16496     0.866667
16497     0.866667
16498     0.866667
16499     0.874510
16500     0.882353
16501     0.878431
16502     0.870588
16503     0.862745
16504     0.854902
16505     0.854902
16506     0.854902
16507     0.858824
16508     0.862745
16509     0.866667
16510     0.870588
16511     0.874510
16512     0.870588
16513     0.866667
16514     0.858824
16515     0.854902
16516     0.854902
16517     0.858824
16518     0.866667
16519     0.870588
16520     0.882353
16521     0.882353
16522     0.878431
16523     0.878431
16524     0.870588
16525     0.862745
16526     0.858824
16527     0.854902
16528     0.850980
16529     0.854902
16530     0.858824
16531     0.854902
16532     0.847059
16533     0.843137
16534     0.847059
16535     0.850980
16536     0.839216
16537     0.839216
16538     0.835294
16539     0.823529
16540     0.815686
16541     0.811765
16542     0.823529
16543     0.831373
16544     0.854902
16545     0.850980
16546     0.847059
16547     0.839216
16548     0.831373
16549     0.823529
16550     0.819608
16551     0.815686
16552     0.823529
16553     0.823529
16554     0.819608
16555     0.815686
16556     0.811765
16557     0.803922
16558     0.796078
16559     0.796078
16560     0.788235
16561     0.788235
16562     0.788235
16563     0.792157
16564     0.800000
16565     0.807843
16566     0.811765
16567     0.815686
16568     0.819608
16569     0.827451
16570     0.835294
16571     0.521569
16572     0.545098
16573     0.568627
16574     0.607843
16575     0.631373
16576     0.631373
16577     0.701961
16578     0.839216
16579     0.933333
16580     0.952941
16581     0.929412
16582     0.909804
16583     0.933333
16584     0.929412
16585     0.905882
16586     0.909804
16587     0.909804
16588     0.913725
16589     0.909804
16590     0.890196
16591     0.862745
16592     0.850980
16593     0.862745
16594     0.878431
16595     0.886275
16596     0.890196
16597     0.894118
16598     0.898039
16599     0.898039
16600     0.898039
16601     0.894118
16602     0.894118
16603     0.882353
16604     0.878431
16605     0.878431
16606     0.874510
16607     0.870588
16608     0.866667
16609     0.862745
16610     0.858824
16611     0.854902
16612     0.854902
16613     0.854902
16614     0.854902
16615     0.858824
16616     0.866667
16617     0.870588
16618     0.874510
16619     0.862745
16620     0.858824
16621     0.854902
16622     0.854902
16623     0.854902
16624     0.862745
16625     0.874510
16626     0.878431
16627     0.870588
16628     0.874510
16629     0.874510
16630     0.878431
16631     0.878431
16632     0.882353
16633     0.882353
16634     0.886275
16635     0.886275
16636     0.882353
16637     0.874510
16638     0.870588
16639     0.866667
16640     0.870588
16641     0.874510
16642     0.878431
16643     0.874510
16644     0.878431
16645     0.882353
16646     0.890196
16647     0.894118
16648     0.894118
16649     0.894118
16650     0.894118
16651     0.882353
16652     0.882353
16653     0.878431
16654     0.874510
16655     0.874510
16656     0.874510
16657     0.878431
16658     0.878431
16659     0.890196
16660     0.890196
16661     0.890196
16662     0.890196
16663     0.890196
16664     0.886275
16665     0.886275
16666     0.886275
16667     0.882353
16668     0.878431
16669     0.866667
16670     0.858824
16671     0.854902
16672     0.850980
16673     0.854902
16674     0.854902
16675     0.847059
16676     0.854902
16677     0.866667
16678     0.870588
16679     0.866667
16680     0.866667
16681     0.866667
16682     0.870588
16683     0.862745
16684     0.862745
16685     0.858824
16686     0.854902
16687     0.858824
16688     0.862745
16689     0.870588
16690     0.874510
16691     0.870588
16692     0.870588
16693     0.862745
16694     0.858824
16695     0.854902
16696     0.854902
16697     0.854902
16698     0.854902
16699     0.847059
16700     0.847059
16701     0.843137
16702     0.839216
16703     0.843137
16704     0.847059
16705     0.854902
16706     0.858824
16707     0.870588
16708     0.866667
16709     0.858824
16710     0.854902
16711     0.850980
16712     0.854902
16713     0.858824
16714     0.862745
16715     0.858824
16716     0.858824
16717     0.858824
16718     0.858824
16719     0.862745
16720     0.866667
16721     0.870588
16722     0.874510
16723     0.866667
16724     0.866667
16725     0.866667
16726     0.870588
16727     0.878431
16728     0.878431
16729     0.866667
16730     0.858824
16731     0.854902
16732     0.854902
16733     0.850980
16734     0.854902
16735     0.858824
16736     0.862745
16737     0.866667
16738     0.870588
16739     0.862745
16740     0.862745
16741     0.862745
16742     0.858824
16743     0.862745
16744     0.862745
16745     0.866667
16746     0.866667
16747     0.874510
16748     0.874510
16749     0.874510
16750     0.870588
16751     0.866667
16752     0.858824
16753     0.854902
16754     0.850980
16755     0.850980
16756     0.858824
16757     0.858824
16758     0.854902
16759     0.847059
16760     0.839216
16761     0.843137
16762     0.847059
16763     0.843137
16764     0.831373
16765     0.819608
16766     0.807843
16767     0.807843
16768     0.819608
16769     0.831373
16770     0.839216
16771     0.854902
16772     0.854902
16773     0.847059
16774     0.843137
16775     0.835294
16776     0.827451
16777     0.823529
16778     0.819608
16779     0.835294
16780     0.827451
16781     0.815686
16782     0.807843
16783     0.803922
16784     0.803922
16785     0.807843
16786     0.811765
16787     0.800000
16788     0.796078
16789     0.796078
16790     0.796078
16791     0.800000
16792     0.807843
16793     0.815686
16794     0.819608
16795     0.831373
16796     0.839216
16797     0.843137
16798     0.494118
16799     0.529412
16800     0.549020
16801     0.560784
16802     0.564706
16803     0.556863
16804     0.643137
16805     0.788235
16806     0.890196
16807     0.933333
16808     0.929412
16809     0.905882
16810     0.925490
16811     0.925490
16812     0.913725
16813     0.925490
16814     0.917647
16815     0.921569
16816     0.913725
16817     0.894118
16818     0.870588
16819     0.854902
16820     0.862745
16821     0.870588
16822     0.886275
16823     0.890196
16824     0.901961
16825     0.905882
16826     0.909804
16827     0.905882
16828     0.898039
16829     0.894118
16830     0.874510
16831     0.874510
16832     0.874510
16833     0.874510
16834     0.870588
16835     0.858824
16836     0.850980
16837     0.847059
16838     0.839216
16839     0.843137
16840     0.850980
16841     0.854902
16842     0.862745
16843     0.866667
16844     0.866667
16845     0.866667
16846     0.858824
16847     0.858824
16848     0.854902
16849     0.854902
16850     0.858824
16851     0.862745
16852     0.870588
16853     0.878431
16854     0.878431
16855     0.878431
16856     0.878431
16857     0.878431
16858     0.878431
16859     0.878431
16860     0.878431
16861     0.878431
16862     0.878431
16863     0.874510
16864     0.866667
16865     0.862745
16866     0.858824
16867     0.862745
16868     0.866667
16869     0.870588
16870     0.886275
16871     0.886275
16872     0.894118
16873     0.898039
16874     0.898039
16875     0.898039
16876     0.898039
16877     0.898039
16878     0.882353
16879     0.882353
16880     0.878431
16881     0.874510
16882     0.870588
16883     0.870588
16884     0.870588
16885     0.870588
16886     0.882353
16887     0.882353
16888     0.882353
16889     0.886275
16890     0.886275
16891     0.886275
16892     0.886275
16893     0.886275
16894     0.894118
16895     0.890196
16896     0.878431
16897     0.866667
16898     0.858824
16899     0.858824
16900     0.858824
16901     0.858824
16902     0.850980
16903     0.858824
16904     0.866667
16905     0.870588
16906     0.866667
16907     0.866667
16908     0.870588
16909     0.874510
16910     0.866667
16911     0.866667
16912     0.858824
16913     0.858824
16914     0.858824
16915     0.862745
16916     0.870588
16917     0.874510
16918     0.866667
16919     0.866667
16920     0.858824
16921     0.854902
16922     0.850980
16923     0.850980
16924     0.850980
16925     0.850980
16926     0.850980
16927     0.847059
16928     0.843137
16929     0.839216
16930     0.843137
16931     0.847059
16932     0.850980
16933     0.854902
16934     0.866667
16935     0.862745
16936     0.858824
16937     0.854902
16938     0.854902
16939     0.854902
16940     0.854902
16941     0.854902
16942     0.843137
16943     0.847059
16944     0.850980
16945     0.858824
16946     0.862745
16947     0.870588
16948     0.878431
16949     0.878431
16950     0.866667
16951     0.862745
16952     0.858824
16953     0.862745
16954     0.870588
16955     0.870588
16956     0.862745
16957     0.854902
16958     0.850980
16959     0.850980
16960     0.850980
16961     0.850980
16962     0.854902
16963     0.858824
16964     0.866667
16965     0.866667
16966     0.854902
16967     0.858824
16968     0.862745
16969     0.866667
16970     0.866667
16971     0.870588
16972     0.866667
16973     0.866667
16974     0.862745
16975     0.862745
16976     0.866667
16977     0.862745
16978     0.862745
16979     0.858824
16980     0.854902
16981     0.850980
16982     0.850980
16983     0.858824
16984     0.858824
16985     0.854902
16986     0.843137
16987     0.839216
16988     0.839216
16989     0.843137
16990     0.850980
16991     0.827451
16992     0.803922
16993     0.800000
16994     0.811765
16995     0.835294
16996     0.847059
16997     0.850980
16998     0.858824
16999     0.858824
17000     0.854902
17001     0.847059
17002     0.843137
17003     0.839216
17004     0.835294
17005     0.831373
17006     0.839216
17007     0.831373
17008     0.815686
17009     0.803922
17010     0.800000
17011     0.807843
17012     0.819608
17013     0.831373
17014     0.815686
17015     0.811765
17016     0.803922
17017     0.800000
17018     0.803922
17019     0.811765
17020     0.819608
17021     0.827451
17022     0.843137
17023     0.850980
17024     0.854902
17025     0.498039
17026     0.517647
17027     0.513726
17028     0.513726
17029     0.509804
17030     0.501961
17031     0.568627
17032     0.694118
17033     0.835294
17034     0.909804
17035     0.929412
17036     0.905882
17037     0.913725
17038     0.909804
17039     0.901961
17040     0.913725
17041     0.921569
17042     0.921569
17043     0.917647
17044     0.901961
17045     0.882353
17046     0.874510
17047     0.874510
17048     0.882353
17049     0.890196
17050     0.898039
17051     0.909804
17052     0.917647
17053     0.921569
17054     0.913725
17055     0.905882
17056     0.898039
17057     0.866667
17058     0.870588
17059     0.874510
17060     0.874510
17061     0.866667
17062     0.854902
17063     0.843137
17064     0.835294
17065     0.835294
17066     0.839216
17067     0.850980
17068     0.858824
17069     0.866667
17070     0.866667
17071     0.866667
17072     0.866667
17073     0.862745
17074     0.858824
17075     0.858824
17076     0.858824
17077     0.862745
17078     0.866667
17079     0.874510
17080     0.878431
17081     0.882353
17082     0.878431
17083     0.878431
17084     0.878431
17085     0.878431
17086     0.878431
17087     0.878431
17088     0.874510
17089     0.878431
17090     0.874510
17091     0.866667
17092     0.862745
17093     0.858824
17094     0.862745
17095     0.866667
17096     0.870588
17097     0.894118
17098     0.894118
17099     0.898039
17100     0.901961
17101     0.901961
17102     0.901961
17103     0.898039
17104     0.898039
17105     0.886275
17106     0.882353
17107     0.878431
17108     0.874510
17109     0.870588
17110     0.870588
17111     0.870588
17112     0.870588
17113     0.874510
17114     0.874510
17115     0.878431
17116     0.878431
17117     0.882353
17118     0.886275
17119     0.886275
17120     0.886275
17121     0.905882
17122     0.898039
17123     0.886275
17124     0.874510
17125     0.866667
17126     0.858824
17127     0.858824
17128     0.858824
17129     0.858824
17130     0.866667
17131     0.874510
17132     0.874510
17133     0.870588
17134     0.870588
17135     0.878431
17136     0.882353
17137     0.874510
17138     0.870588
17139     0.862745
17140     0.858824
17141     0.858824
17142     0.862745
17143     0.866667
17144     0.870588
17145     0.866667
17146     0.862745
17147     0.858824
17148     0.850980
17149     0.850980
17150     0.847059
17151     0.847059
17152     0.850980
17153     0.850980
17154     0.847059
17155     0.843137
17156     0.839216
17157     0.839216
17158     0.843137
17159     0.850980
17160     0.854902
17161     0.854902
17162     0.854902
17163     0.850980
17164     0.850980
17165     0.847059
17166     0.847059
17167     0.847059
17168     0.847059
17169     0.835294
17170     0.839216
17171     0.847059
17172     0.850980
17173     0.858824
17174     0.862745
17175     0.866667
17176     0.866667
17177     0.858824
17178     0.854902
17179     0.850980
17180     0.854902
17181     0.858824
17182     0.858824
17183     0.850980
17184     0.847059
17185     0.850980
17186     0.850980
17187     0.850980
17188     0.854902
17189     0.858824
17190     0.862745
17191     0.870588
17192     0.870588
17193     0.850980
17194     0.854902
17195     0.862745
17196     0.870588
17197     0.874510
17198     0.874510
17199     0.870588
17200     0.866667
17201     0.858824
17202     0.862745
17203     0.862745
17204     0.862745
17205     0.862745
17206     0.862745
17207     0.858824
17208     0.854902
17209     0.850980
17210     0.858824
17211     0.858824
17212     0.854902
17213     0.843137
17214     0.839216
17215     0.839216
17216     0.843137
17217     0.854902
17218     0.827451
17219     0.807843
17220     0.811765
17221     0.835294
17222     0.858824
17223     0.862745
17224     0.858824
17225     0.862745
17226     0.862745
17227     0.858824
17228     0.854902
17229     0.850980
17230     0.847059
17231     0.843137
17232     0.843137
17233     0.835294
17234     0.831373
17235     0.819608
17236     0.811765
17237     0.811765
17238     0.815686
17239     0.827451
17240     0.835294
17241     0.827451
17242     0.819608
17243     0.811765
17244     0.803922
17245     0.807843
17246     0.811765
17247     0.823529
17248     0.831373
17249     0.839216
17250     0.850980
17251     0.858824
17252     0.501961
17253     0.498039
17254     0.462745
17255     0.454902
17256     0.466667
17257     0.458824
17258     0.486275
17259     0.564706
17260     0.764706
17261     0.878431
17262     0.933333
17263     0.917647
17264     0.913725
17265     0.905882
17266     0.894118
17267     0.905882
17268     0.921569
17269     0.921569
17270     0.917647
17271     0.909804
17272     0.901961
17273     0.894118
17274     0.894118
17275     0.898039
17276     0.894118
17277     0.901961
17278     0.913725
17279     0.921569
17280     0.921569
17281     0.913725
17282     0.901961
17283     0.894118
17284     0.858824
17285     0.862745
17286     0.866667
17287     0.870588
17288     0.862745
17289     0.854902
17290     0.843137
17291     0.835294
17292     0.839216
17293     0.847059
17294     0.854902
17295     0.866667
17296     0.870588
17297     0.870588
17298     0.870588
17299     0.866667
17300     0.862745
17301     0.862745
17302     0.862745
17303     0.866667
17304     0.870588
17305     0.874510
17306     0.878431
17307     0.878431
17308     0.882353
17309     0.878431
17310     0.878431
17311     0.878431
17312     0.878431
17313     0.878431
17314     0.878431
17315     0.874510
17316     0.882353
17317     0.878431
17318     0.870588
17319     0.866667
17320     0.866667
17321     0.866667
17322     0.870588
17323     0.874510
17324     0.894118
17325     0.894118
17326     0.894118
17327     0.898039
17328     0.898039
17329     0.894118
17330     0.890196
17331     0.886275
17332     0.882353
17333     0.882353
17334     0.878431
17335     0.874510
17336     0.870588
17337     0.870588
17338     0.870588
17339     0.874510
17340     0.870588
17341     0.870588
17342     0.870588
17343     0.874510
17344     0.878431
17345     0.878431
17346     0.882353
17347     0.882353
17348     0.905882
17349     0.898039
17350     0.886275
17351     0.874510
17352     0.866667
17353     0.858824
17354     0.858824
17355     0.858824
17356     0.866667
17357     0.874510
17358     0.878431
17359     0.878431
17360     0.874510
17361     0.878431
17362     0.886275
17363     0.894118
17364     0.878431
17365     0.874510
17366     0.866667
17367     0.862745
17368     0.858824
17369     0.862745
17370     0.866667
17371     0.866667
17372     0.866667
17373     0.862745
17374     0.858824
17375     0.850980
17376     0.850980
17377     0.847059
17378     0.847059
17379     0.850980
17380     0.854902
17381     0.850980
17382     0.843137
17383     0.839216
17384     0.839216
17385     0.843137
17386     0.847059
17387     0.850980
17388     0.847059
17389     0.843137
17390     0.839216
17391     0.835294
17392     0.831373
17393     0.835294
17394     0.835294
17395     0.839216
17396     0.847059
17397     0.850980
17398     0.854902
17399     0.858824
17400     0.862745
17401     0.858824
17402     0.858824
17403     0.854902
17404     0.850980
17405     0.843137
17406     0.839216
17407     0.839216
17408     0.843137
17409     0.843137
17410     0.839216
17411     0.831373
17412     0.847059
17413     0.847059
17414     0.850980
17415     0.854902
17416     0.858824
17417     0.870588
17418     0.878431
17419     0.882353
17420     0.854902
17421     0.858824
17422     0.866667
17423     0.874510
17424     0.874510
17425     0.874510
17426     0.870588
17427     0.866667
17428     0.862745
17429     0.866667
17430     0.866667
17431     0.866667
17432     0.866667
17433     0.866667
17434     0.862745
17435     0.858824
17436     0.850980
17437     0.854902
17438     0.858824
17439     0.854902
17440     0.847059
17441     0.843137
17442     0.847059
17443     0.850980
17444     0.854902
17445     0.839216
17446     0.827451
17447     0.839216
17448     0.862745
17449     0.878431
17450     0.874510
17451     0.858824
17452     0.862745
17453     0.862745
17454     0.862745
17455     0.858824
17456     0.854902
17457     0.854902
17458     0.850980
17459     0.850980
17460     0.827451
17461     0.827451
17462     0.827451
17463     0.823529
17464     0.823529
17465     0.823529
17466     0.823529
17467     0.823529
17468     0.823529
17469     0.819608
17470     0.811765
17471     0.807843
17472     0.807843
17473     0.815686
17474     0.823529
17475     0.827451
17476     0.827451
17477     0.839216
17478     0.850980
17479     0.482353
17480     0.462745
17481     0.415686
17482     0.403922
17483     0.427451
17484     0.419608
17485     0.407843
17486     0.447059
17487     0.666667
17488     0.823529
17489     0.921569
17490     0.925490
17491     0.921569
17492     0.913725
17493     0.901961
17494     0.909804
17495     0.921569
17496     0.917647
17497     0.917647
17498     0.913725
17499     0.909804
17500     0.905882
17501     0.905882
17502     0.901961
17503     0.898039
17504     0.901961
17505     0.909804
17506     0.909804
17507     0.905882
17508     0.898039
17509     0.890196
17510     0.882353
17511     0.858824
17512     0.858824
17513     0.862745
17514     0.862745
17515     0.858824
17516     0.854902
17517     0.847059
17518     0.843137
17519     0.850980
17520     0.854902
17521     0.858824
17522     0.862745
17523     0.866667
17524     0.866667
17525     0.866667
17526     0.866667
17527     0.858824
17528     0.858824
17529     0.862745
17530     0.866667
17531     0.870588
17532     0.870588
17533     0.874510
17534     0.874510
17535     0.878431
17536     0.878431
17537     0.878431
17538     0.878431
17539     0.878431
17540     0.878431
17541     0.878431
17542     0.878431
17543     0.886275
17544     0.882353
17545     0.878431
17546     0.870588
17547     0.870588
17548     0.870588
17549     0.878431
17550     0.878431
17551     0.882353
17552     0.886275
17553     0.886275
17554     0.886275
17555     0.882353
17556     0.878431
17557     0.874510
17558     0.870588
17559     0.874510
17560     0.870588
17561     0.866667
17562     0.866667
17563     0.866667
17564     0.870588
17565     0.870588
17566     0.874510
17567     0.870588
17568     0.870588
17569     0.870588
17570     0.870588
17571     0.870588
17572     0.874510
17573     0.874510
17574     0.874510
17575     0.894118
17576     0.890196
17577     0.878431
17578     0.866667
17579     0.858824
17580     0.858824
17581     0.858824
17582     0.858824
17583     0.870588
17584     0.874510
17585     0.878431
17586     0.878431
17587     0.874510
17588     0.878431
17589     0.886275
17590     0.894118
17591     0.886275
17592     0.882353
17593     0.870588
17594     0.862745
17595     0.858824
17596     0.858824
17597     0.862745
17598     0.866667
17599     0.866667
17600     0.866667
17601     0.858824
17602     0.854902
17603     0.850980
17604     0.850980
17605     0.850980
17606     0.850980
17607     0.854902
17608     0.850980
17609     0.847059
17610     0.843137
17611     0.839216
17612     0.843137
17613     0.847059
17614     0.850980
17615     0.835294
17616     0.827451
17617     0.819608
17618     0.811765
17619     0.807843
17620     0.815686
17621     0.819608
17622     0.827451
17623     0.858824
17624     0.862745
17625     0.866667
17626     0.870588
17627     0.866667
17628     0.862745
17629     0.854902
17630     0.850980
17631     0.843137
17632     0.831373
17633     0.823529
17634     0.819608
17635     0.823529
17636     0.827451
17637     0.823529
17638     0.819608
17639     0.831373
17640     0.835294
17641     0.839216
17642     0.847059
17643     0.858824
17644     0.870588
17645     0.882353
17646     0.886275
17647     0.866667
17648     0.866667
17649     0.870588
17650     0.870588
17651     0.870588
17652     0.870588
17653     0.866667
17654     0.866667
17655     0.866667
17656     0.866667
17657     0.870588
17658     0.870588
17659     0.866667
17660     0.862745
17661     0.858824
17662     0.854902
17663     0.850980
17664     0.854902
17665     0.862745
17666     0.858824
17667     0.854902
17668     0.854902
17669     0.858824
17670     0.866667
17671     0.862745
17672     0.854902
17673     0.850980
17674     0.862745
17675     0.878431
17676     0.882353
17677     0.874510
17678     0.862745
17679     0.862745
17680     0.862745
17681     0.858824
17682     0.858824
17683     0.858824
17684     0.858824
17685     0.858824
17686     0.858824
17687     0.827451
17688     0.827451
17689     0.827451
17690     0.827451
17691     0.827451
17692     0.823529
17693     0.815686
17694     0.815686
17695     0.807843
17696     0.807843
17697     0.807843
17698     0.807843
17699     0.811765
17700     0.811765
17701     0.815686
17702     0.819608
17703     0.811765
17704     0.827451
17705     0.843137
17706     0.450980
17707     0.439216
17708     0.392157
17709     0.384314
17710     0.411765
17711     0.396078
17712     0.364706
17713     0.380392
17714     0.541176
17715     0.737255
17716     0.886275
17717     0.913725
17718     0.925490
17719     0.921569
17720     0.909804
17721     0.921569
17722     0.921569
17723     0.917647
17724     0.913725
17725     0.909804
17726     0.909804
17727     0.901961
17728     0.894118
17729     0.890196
17730     0.894118
17731     0.894118
17732     0.894118
17733     0.890196
17734     0.882353
17735     0.874510
17736     0.866667
17737     0.862745
17738     0.858824
17739     0.858824
17740     0.858824
17741     0.858824
17742     0.858824
17743     0.858824
17744     0.854902
17745     0.854902
17746     0.858824
17747     0.854902
17748     0.854902
17749     0.854902
17750     0.854902
17751     0.854902
17752     0.858824
17753     0.858824
17754     0.847059
17755     0.850980
17756     0.854902
17757     0.858824
17758     0.862745
17759     0.862745
17760     0.862745
17761     0.862745
17762     0.870588
17763     0.874510
17764     0.874510
17765     0.878431
17766     0.878431
17767     0.882353
17768     0.882353
17769     0.886275
17770     0.886275
17771     0.882353
17772     0.878431
17773     0.870588
17774     0.870588
17775     0.870588
17776     0.878431
17777     0.878431
17778     0.874510
17779     0.874510
17780     0.874510
17781     0.870588
17782     0.866667
17783     0.862745
17784     0.858824
17785     0.854902
17786     0.854902
17787     0.854902
17788     0.854902
17789     0.854902
17790     0.858824
17791     0.862745
17792     0.866667
17793     0.870588
17794     0.870588
17795     0.870588
17796     0.870588
17797     0.866667
17798     0.866667
17799     0.866667
17800     0.866667
17801     0.866667
17802     0.882353
17803     0.878431
17804     0.866667
17805     0.858824
17806     0.854902
17807     0.850980
17808     0.854902
17809     0.854902
17810     0.866667
17811     0.870588
17812     0.870588
17813     0.870588
17814     0.866667
17815     0.870588
17816     0.882353
17817     0.890196
17818     0.890196
17819     0.882353
17820     0.874510
17821     0.866667
17822     0.862745
17823     0.858824
17824     0.862745
17825     0.862745
17826     0.870588
17827     0.870588
17828     0.862745
17829     0.858824
17830     0.854902
17831     0.854902
17832     0.854902
17833     0.854902
17834     0.858824
17835     0.854902
17836     0.847059
17837     0.843137
17838     0.839216
17839     0.843137
17840     0.847059
17841     0.847059
17842     0.827451
17843     0.815686
17844     0.800000
17845     0.788235
17846     0.784314
17847     0.796078
17848     0.807843
17849     0.815686
17850     0.847059
17851     0.850980
17852     0.858824
17853     0.862745
17854     0.858824
17855     0.850980
17856     0.843137
17857     0.839216
17858     0.831373
17859     0.823529
17860     0.811765
17861     0.807843
17862     0.807843
17863     0.811765
17864     0.807843
17865     0.803922
17866     0.811765
17867     0.815686
17868     0.823529
17869     0.835294
17870     0.850980
17871     0.866667
17872     0.878431
17873     0.886275
17874     0.878431
17875     0.878431
17876     0.874510
17877     0.870588
17878     0.866667
17879     0.866667
17880     0.866667
17881     0.866667
17882     0.866667
17883     0.866667
17884     0.866667
17885     0.866667
17886     0.862745
17887     0.854902
17888     0.850980
17889     0.847059
17890     0.847059
17891     0.854902
17892     0.862745
17893     0.862745
17894     0.862745
17895     0.866667
17896     0.874510
17897     0.882353
17898     0.874510
17899     0.870588
17900     0.866667
17901     0.866667
17902     0.866667
17903     0.866667
17904     0.870588
17905     0.870588
17906     0.858824
17907     0.858824
17908     0.858824
17909     0.858824
17910     0.858824
17911     0.858824
17912     0.858824
17913     0.862745
17914     0.835294
17915     0.831373
17916     0.823529
17917     0.819608
17918     0.815686
17919     0.811765
17920     0.815686
17921     0.815686
17922     0.788235
17923     0.792157
17924     0.800000
17925     0.807843
17926     0.811765
17927     0.811765
17928     0.811765
17929     0.811765
17930     0.807843
17931     0.823529
17932     0.843137
17933     0.431373
17934     0.431373
17935     0.396078
17936     0.388235
17937     0.411765
17938     0.388235
17939     0.356863
17940     0.368627
17941     0.443137
17942     0.666667
17943     0.843137
17944     0.894118
17945     0.917647
17946     0.921569
17947     0.913725
17948     0.925490
17949     0.925490
17950     0.917647
17951     0.909804
17952     0.905882
17953     0.901961
17954     0.894118
17955     0.882353
17956     0.874510
17957     0.890196
17958     0.886275
17959     0.882353
17960     0.870588
17961     0.862745
17962     0.854902
17963     0.850980
17964     0.847059
17965     0.858824
17966     0.858824
17967     0.854902
17968     0.854902
17969     0.854902
17970     0.858824
17971     0.862745
17972     0.866667
17973     0.862745
17974     0.854902
17975     0.850980
17976     0.843137
17977     0.843137
17978     0.847059
17979     0.850980
17980     0.854902
17981     0.839216
17982     0.843137
17983     0.847059
17984     0.850980
17985     0.854902
17986     0.854902
17987     0.854902
17988     0.854902
17989     0.866667
17990     0.870588
17991     0.874510
17992     0.874510
17993     0.882353
17994     0.882353
17995     0.886275
17996     0.890196
17997     0.886275
17998     0.882353
17999     0.874510
18000     0.870588
18001     0.866667
18002     0.870588
18003     0.874510
18004     0.878431
18005     0.866667
18006     0.866667
18007     0.862745
18008     0.862745
18009     0.858824
18010     0.850980
18011     0.847059
18012     0.843137
18013     0.843137
18014     0.839216
18015     0.843137
18016     0.843137
18017     0.850980
18018     0.854902
18019     0.862745
18020     0.866667
18021     0.870588
18022     0.870588
18023     0.870588
18024     0.866667
18025     0.866667
18026     0.862745
18027     0.862745
18028     0.858824
18029     0.874510
18030     0.870588
18031     0.858824
18032     0.854902
18033     0.850980
18034     0.850980
18035     0.850980
18036     0.854902
18037     0.858824
18038     0.862745
18039     0.862745
18040     0.862745
18041     0.858824
18042     0.862745
18043     0.874510
18044     0.886275
18045     0.894118
18046     0.886275
18047     0.878431
18048     0.866667
18049     0.862745
18050     0.858824
18051     0.858824
18052     0.862745
18053     0.874510
18054     0.870588
18055     0.866667
18056     0.862745
18057     0.858824
18058     0.858824
18059     0.858824
18060     0.858824
18061     0.858824
18062     0.854902
18063     0.847059
18064     0.843137
18065     0.839216
18066     0.843137
18067     0.843137
18068     0.847059
18069     0.819608
18070     0.807843
18071     0.788235
18072     0.772549
18073     0.768627
18074     0.780392
18075     0.800000
18076     0.811765
18077     0.823529
18078     0.831373
18079     0.839216
18080     0.843137
18081     0.843137
18082     0.839216
18083     0.827451
18084     0.823529
18085     0.827451
18086     0.815686
18087     0.803922
18088     0.800000
18089     0.800000
18090     0.803922
18091     0.800000
18092     0.796078
18093     0.796078
18094     0.803922
18095     0.811765
18096     0.827451
18097     0.843137
18098     0.862745
18099     0.874510
18100     0.886275
18101     0.890196
18102     0.882353
18103     0.874510
18104     0.866667
18105     0.862745
18106     0.862745
18107     0.862745
18108     0.866667
18109     0.866667
18110     0.866667
18111     0.862745
18112     0.858824
18113     0.854902
18114     0.847059
18115     0.839216
18116     0.835294
18117     0.847059
18118     0.854902
18119     0.862745
18120     0.866667
18121     0.866667
18122     0.870588
18123     0.882353
18124     0.890196
18125     0.882353
18126     0.882353
18127     0.874510
18128     0.858824
18129     0.850980
18130     0.850980
18131     0.862745
18132     0.874510
18133     0.854902
18134     0.854902
18135     0.858824
18136     0.858824
18137     0.858824
18138     0.858824
18139     0.862745
18140     0.862745
18141     0.847059
18142     0.839216
18143     0.819608
18144     0.807843
18145     0.800000
18146     0.803922
18147     0.811765
18148     0.819608
18149     0.776471
18150     0.784314
18151     0.796078
18152     0.803922
18153     0.811765
18154     0.811765
18155     0.807843
18156     0.803922
18157     0.811765
18158     0.823529
18159     0.839216
18160     0.392157
18161     0.392157
18162     0.388235
18163     0.392157
18164     0.388235
18165     0.380392
18166     0.364706
18167     0.349020
18168     0.352941
18169     0.466667
18170     0.705882
18171     0.866667
18172     0.878431
18173     0.909804
18174     0.949020
18175     0.909804
18176     0.913725
18177     0.913725
18178     0.909804
18179     0.909804
18180     0.901961
18181     0.898039
18182     0.890196
18183     0.886275
18184     0.894118
18185     0.886275
18186     0.878431
18187     0.866667
18188     0.854902
18189     0.843137
18190     0.835294
18191     0.831373
18192     0.847059
18193     0.847059
18194     0.847059
18195     0.850980
18196     0.854902
18197     0.858824
18198     0.866667
18199     0.870588
18200     0.866667
18201     0.858824
18202     0.850980
18203     0.850980
18204     0.854902
18205     0.854902
18206     0.850980
18207     0.847059
18208     0.839216
18209     0.839216
18210     0.839216
18211     0.839216
18212     0.839216
18213     0.843137
18214     0.847059
18215     0.850980
18216     0.847059
18217     0.858824
18218     0.870588
18219     0.878431
18220     0.882353
18221     0.882353
18222     0.886275
18223     0.890196
18224     0.882353
18225     0.870588
18226     0.854902
18227     0.843137
18228     0.847059
18229     0.858824
18230     0.882353
18231     0.894118
18232     0.882353
18233     0.874510
18234     0.866667
18235     0.858824
18236     0.858824
18237     0.854902
18238     0.843137
18239     0.835294
18240     0.835294
18241     0.839216
18242     0.843137
18243     0.850980
18244     0.858824
18245     0.862745
18246     0.870588
18247     0.870588
18248     0.862745
18249     0.858824
18250     0.854902
18251     0.850980
18252     0.850980
18253     0.850980
18254     0.850980
18255     0.854902
18256     0.858824
18257     0.847059
18258     0.827451
18259     0.815686
18260     0.811765
18261     0.819608
18262     0.835294
18263     0.847059
18264     0.819608
18265     0.827451
18266     0.835294
18267     0.847059
18268     0.854902
18269     0.862745
18270     0.866667
18271     0.870588
18272     0.866667
18273     0.866667
18274     0.862745
18275     0.862745
18276     0.866667
18277     0.866667
18278     0.870588
18279     0.874510
18280     0.878431
18281     0.878431
18282     0.870588
18283     0.866667
18284     0.858824
18285     0.850980
18286     0.847059
18287     0.847059
18288     0.866667
18289     0.866667
18290     0.866667
18291     0.862745
18292     0.862745
18293     0.862745
18294     0.858824
18295     0.858824
18296     0.815686
18297     0.800000
18298     0.780392
18299     0.768627
18300     0.768627
18301     0.772549
18302     0.776471
18303     0.776471
18304     0.823529
18305     0.819608
18306     0.819608
18307     0.815686
18308     0.807843
18309     0.803922
18310     0.800000
18311     0.800000
18312     0.788235
18313     0.784314
18314     0.784314
18315     0.784314
18316     0.784314
18317     0.788235
18318     0.788235
18319     0.792157
18320     0.788235
18321     0.796078
18322     0.807843
18323     0.815686
18324     0.827451
18325     0.843137
18326     0.866667
18327     0.882353
18328     0.862745
18329     0.866667
18330     0.870588
18331     0.866667
18332     0.858824
18333     0.862745
18334     0.870588
18335     0.878431
18336     0.862745
18337     0.858824
18338     0.854902
18339     0.850980
18340     0.850980
18341     0.850980
18342     0.850980
18343     0.854902
18344     0.850980
18345     0.862745
18346     0.874510
18347     0.874510
18348     0.870588
18349     0.870588
18350     0.878431
18351     0.890196
18352     0.878431
18353     0.878431
18354     0.874510
18355     0.870588
18356     0.870588
18357     0.866667
18358     0.862745
18359     0.862745
18360     0.866667
18361     0.858824
18362     0.850980
18363     0.843137
18364     0.835294
18365     0.835294
18366     0.835294
18367     0.839216
18368     0.847059
18369     0.843137
18370     0.835294
18371     0.827451
18372     0.823529
18373     0.819608
18374     0.819608
18375     0.819608
18376     0.788235
18377     0.792157
18378     0.800000
18379     0.807843
18380     0.811765
18381     0.815686
18382     0.815686
18383     0.815686
18384     0.831373
18385     0.831373
18386     0.827451
18387     0.392157
18388     0.384314
18389     0.380392
18390     0.380392
18391     0.384314
18392     0.380392
18393     0.368627
18394     0.356863
18395     0.352941
18396     0.415686
18397     0.592157
18398     0.737255
18399     0.788235
18400     0.874510
18401     0.945098
18402     0.913725
18403     0.905882
18404     0.905882
18405     0.905882
18406     0.905882
18407     0.901961
18408     0.901961
18409     0.898039
18410     0.894118
18411     0.898039
18412     0.894118
18413     0.886275
18414     0.874510
18415     0.862745
18416     0.850980
18417     0.839216
18418     0.835294
18419     0.843137
18420     0.843137
18421     0.843137
18422     0.847059
18423     0.854902
18424     0.858824
18425     0.866667
18426     0.870588
18427     0.870588
18428     0.862745
18429     0.854902
18430     0.854902
18431     0.858824
18432     0.858824
18433     0.858824
18434     0.854902
18435     0.847059
18436     0.847059
18437     0.843137
18438     0.843137
18439     0.847059
18440     0.850980
18441     0.854902
18442     0.854902
18443     0.862745
18444     0.870588
18445     0.878431
18446     0.882353
18447     0.882353
18448     0.882353
18449     0.882353
18450     0.882353
18451     0.882353
18452     0.874510
18453     0.862745
18454     0.854902
18455     0.854902
18456     0.866667
18457     0.882353
18458     0.894118
18459     0.878431
18460     0.870588
18461     0.858824
18462     0.854902
18463     0.854902
18464     0.850980
18465     0.843137
18466     0.835294
18467     0.843137
18468     0.847059
18469     0.850980
18470     0.854902
18471     0.858824
18472     0.862745
18473     0.866667
18474     0.866667
18475     0.862745
18476     0.862745
18477     0.858824
18478     0.858824
18479     0.854902
18480     0.850980
18481     0.847059
18482     0.847059
18483     0.847059
18484     0.835294
18485     0.823529
18486     0.811765
18487     0.811765
18488     0.819608
18489     0.827451
18490     0.835294
18491     0.815686
18492     0.823529
18493     0.831373
18494     0.843137
18495     0.850980
18496     0.854902
18497     0.858824
18498     0.862745
18499     0.862745
18500     0.862745
18501     0.862745
18502     0.862745
18503     0.862745
18504     0.866667
18505     0.866667
18506     0.870588
18507     0.878431
18508     0.874510
18509     0.870588
18510     0.866667
18511     0.862745
18512     0.854902
18513     0.850980
18514     0.850980
18515     0.858824
18516     0.866667
18517     0.874510
18518     0.878431
18519     0.878431
18520     0.870588
18521     0.858824
18522     0.850980
18523     0.823529
18524     0.811765
18525     0.792157
18526     0.780392
18527     0.776471
18528     0.780392
18529     0.780392
18530     0.780392
18531     0.792157
18532     0.792157
18533     0.784314
18534     0.780392
18535     0.776471
18536     0.776471
18537     0.776471
18538     0.780392
18539     0.768627
18540     0.768627
18541     0.768627
18542     0.768627
18543     0.772549
18544     0.776471
18545     0.784314
18546     0.788235
18547     0.780392
18548     0.788235
18549     0.796078
18550     0.803922
18551     0.815686
18552     0.827451
18553     0.847059
18554     0.862745
18555     0.858824
18556     0.866667
18557     0.870588
18558     0.870588
18559     0.866667
18560     0.866667
18561     0.870588
18562     0.874510
18563     0.862745
18564     0.858824
18565     0.854902
18566     0.850980
18567     0.850980
18568     0.850980
18569     0.850980
18570     0.854902
18571     0.843137
18572     0.858824
18573     0.874510
18574     0.878431
18575     0.874510
18576     0.870588
18577     0.874510
18578     0.882353
18579     0.878431
18580     0.878431
18581     0.874510
18582     0.870588
18583     0.870588
18584     0.866667
18585     0.862745
18586     0.862745
18587     0.866667
18588     0.862745
18589     0.854902
18590     0.850980
18591     0.847059
18592     0.843137
18593     0.839216
18594     0.839216
18595     0.854902
18596     0.854902
18597     0.850980
18598     0.847059
18599     0.843137
18600     0.839216
18601     0.835294
18602     0.831373
18603     0.796078
18604     0.800000
18605     0.807843
18606     0.811765
18607     0.819608
18608     0.819608
18609     0.823529
18610     0.823529
18611     0.839216
18612     0.839216
18613     0.839216
18614     0.396078
18615     0.384314
18616     0.372549
18617     0.368627
18618     0.368627
18619     0.372549
18620     0.368627
18621     0.364706
18622     0.380392
18623     0.376471
18624     0.470588
18625     0.580392
18626     0.658824
18627     0.803922
18628     0.913725
18629     0.890196
18630     0.882353
18631     0.886275
18632     0.890196
18633     0.894118
18634     0.898039
18635     0.901961
18636     0.905882
18637     0.905882
18638     0.905882
18639     0.901961
18640     0.894118
18641     0.886275
18642     0.870588
18643     0.858824
18644     0.847059
18645     0.839216
18646     0.835294
18647     0.839216
18648     0.839216
18649     0.843137
18650     0.850980
18651     0.858824
18652     0.866667
18653     0.874510
18654     0.874510
18655     0.866667
18656     0.858824
18657     0.854902
18658     0.862745
18659     0.862745
18660     0.862745
18661     0.858824
18662     0.854902
18663     0.850980
18664     0.850980
18665     0.850980
18666     0.850980
18667     0.854902
18668     0.858824
18669     0.858824
18670     0.878431
18671     0.878431
18672     0.882353
18673     0.882353
18674     0.882353
18675     0.882353
18676     0.878431
18677     0.874510
18678     0.882353
18679     0.878431
18680     0.870588
18681     0.870588
18682     0.870588
18683     0.874510
18684     0.882353
18685     0.886275
18686     0.870588
18687     0.862745
18688     0.854902
18689     0.850980
18690     0.850980
18691     0.850980
18692     0.839216
18693     0.831373
18694     0.850980
18695     0.854902
18696     0.858824
18697     0.862745
18698     0.862745
18699     0.862745
18700     0.862745
18701     0.858824
18702     0.862745
18703     0.866667
18704     0.866667
18705     0.862745
18706     0.858824
18707     0.847059
18708     0.839216
18709     0.831373
18710     0.827451
18711     0.823529
18712     0.815686
18713     0.811765
18714     0.811765
18715     0.811765
18716     0.819608
18717     0.823529
18718     0.811765
18719     0.815686
18720     0.823529
18721     0.835294
18722     0.839216
18723     0.847059
18724     0.847059
18725     0.850980
18726     0.854902
18727     0.854902
18728     0.854902
18729     0.858824
18730     0.858824
18731     0.862745
18732     0.862745
18733     0.862745
18734     0.874510
18735     0.874510
18736     0.870588
18737     0.866667
18738     0.862745
18739     0.858824
18740     0.858824
18741     0.854902
18742     0.858824
18743     0.866667
18744     0.878431
18745     0.886275
18746     0.886275
18747     0.874510
18748     0.858824
18749     0.850980
18750     0.839216
18751     0.827451
18752     0.807843
18753     0.796078
18754     0.792157
18755     0.792157
18756     0.792157
18757     0.788235
18758     0.776471
18759     0.768627
18760     0.756863
18761     0.749020
18762     0.749020
18763     0.749020
18764     0.756863
18765     0.760784
18766     0.752941
18767     0.756863
18768     0.756863
18769     0.760784
18770     0.768627
18771     0.776471
18772     0.780392
18773     0.784314
18774     0.776471
18775     0.784314
18776     0.796078
18777     0.800000
18778     0.807843
18779     0.815686
18780     0.831373
18781     0.843137
18782     0.850980
18783     0.862745
18784     0.878431
18785     0.882353
18786     0.878431
18787     0.870588
18788     0.870588
18789     0.870588
18790     0.858824
18791     0.858824
18792     0.854902
18793     0.850980
18794     0.850980
18795     0.850980
18796     0.850980
18797     0.850980
18798     0.839216
18799     0.850980
18800     0.866667
18801     0.870588
18802     0.870588
18803     0.870588
18804     0.870588
18805     0.874510
18806     0.878431
18807     0.878431
18808     0.874510
18809     0.870588
18810     0.870588
18811     0.866667
18812     0.862745
18813     0.862745
18814     0.866667
18815     0.866667
18816     0.866667
18817     0.862745
18818     0.858824
18819     0.850980
18820     0.847059
18821     0.843137
18822     0.858824
18823     0.858824
18824     0.862745
18825     0.862745
18826     0.854902
18827     0.847059
18828     0.839216
18829     0.835294
18830     0.807843
18831     0.811765
18832     0.815686
18833     0.823529
18834     0.827451
18835     0.831373
18836     0.831373
18837     0.831373
18838     0.847059
18839     0.847059
18840     0.847059
18841     0.407843
18842     0.392157
18843     0.372549
18844     0.356863
18845     0.356863
18846     0.360784
18847     0.364706
18848     0.364706
18849     0.415686
18850     0.380392
18851     0.419608
18852     0.478431
18853     0.545098
18854     0.717647
18855     0.854902
18856     0.850980
18857     0.854902
18858     0.858824
18859     0.862745
18860     0.874510
18861     0.886275
18862     0.901961
18863     0.913725
18864     0.921569
18865     0.913725
18866     0.909804
18867     0.905882
18868     0.894118
18869     0.882353
18870     0.866667
18871     0.850980
18872     0.843137
18873     0.831373
18874     0.835294
18875     0.835294
18876     0.843137
18877     0.850980
18878     0.858824
18879     0.866667
18880     0.870588
18881     0.866667
18882     0.858824
18883     0.850980
18884     0.850980
18885     0.858824
18886     0.862745
18887     0.858824
18888     0.854902
18889     0.854902
18890     0.854902
18891     0.850980
18892     0.850980
18893     0.850980
18894     0.850980
18895     0.854902
18896     0.858824
18897     0.874510
18898     0.870588
18899     0.870588
18900     0.874510
18901     0.878431
18902     0.882353
18903     0.878431
18904     0.874510
18905     0.874510
18906     0.874510
18907     0.874510
18908     0.878431
18909     0.878431
18910     0.878431
18911     0.878431
18912     0.878431
18913     0.866667
18914     0.858824
18915     0.850980
18916     0.850980
18917     0.850980
18918     0.850980
18919     0.843137
18920     0.835294
18921     0.862745
18922     0.866667
18923     0.866667
18924     0.870588
18925     0.866667
18926     0.862745
18927     0.858824
18928     0.854902
18929     0.862745
18930     0.866667
18931     0.866667
18932     0.866667
18933     0.854902
18934     0.843137
18935     0.827451
18936     0.819608
18937     0.811765
18938     0.811765
18939     0.811765
18940     0.811765
18941     0.811765
18942     0.811765
18943     0.811765
18944     0.811765
18945     0.807843
18946     0.811765
18947     0.819608
18948     0.827451
18949     0.831373
18950     0.835294
18951     0.839216
18952     0.839216
18953     0.847059
18954     0.847059
18955     0.850980
18956     0.854902
18957     0.858824
18958     0.858824
18959     0.858824
18960     0.858824
18961     0.870588
18962     0.870588
18963     0.870588
18964     0.870588
18965     0.866667
18966     0.866667
18967     0.866667
18968     0.866667
18969     0.862745
18970     0.870588
18971     0.878431
18972     0.882353
18973     0.878431
18974     0.870588
18975     0.862745
18976     0.854902
18977     0.854902
18978     0.843137
18979     0.823529
18980     0.815686
18981     0.811765
18982     0.807843
18983     0.803922
18984     0.800000
18985     0.788235
18986     0.776471
18987     0.760784
18988     0.749020
18989     0.741176
18990     0.745098
18991     0.749020
18992     0.756863
18993     0.749020
18994     0.752941
18995     0.752941
18996     0.760784
18997     0.768627
18998     0.776471
18999     0.784314
19000     0.788235
19001     0.788235
19002     0.796078
19003     0.803922
19004     0.807843
19005     0.811765
19006     0.815686
19007     0.827451
19008     0.839216
19009     0.847059
19010     0.862745
19011     0.878431
19012     0.890196
19013     0.886275
19014     0.878431
19015     0.870588
19016     0.866667
19017     0.858824
19018     0.854902
19019     0.850980
19020     0.850980
19021     0.847059
19022     0.847059
19023     0.850980
19024     0.850980
19025     0.843137
19026     0.847059
19027     0.847059
19028     0.850980
19029     0.850980
19030     0.858824
19031     0.866667
19032     0.870588
19033     0.874510
19034     0.874510
19035     0.874510
19036     0.870588
19037     0.870588
19038     0.866667
19039     0.866667
19040     0.866667
19041     0.866667
19042     0.870588
19043     0.874510
19044     0.874510
19045     0.870588
19046     0.862745
19047     0.854902
19048     0.847059
19049     0.854902
19050     0.858824
19051     0.862745
19052     0.862745
19053     0.858824
19054     0.847059
19055     0.835294
19056     0.827451
19057     0.819608
19058     0.823529
19059     0.827451
19060     0.831373
19061     0.835294
19062     0.839216
19063     0.839216
19064     0.835294
19065     0.843137
19066     0.843137
19067     0.847059
19068     0.423529
19069     0.400000
19070     0.372549
19071     0.356863
19072     0.349020
19073     0.352941
19074     0.356863
19075     0.356863
19076     0.411765
19077     0.384314
19078     0.407843
19079     0.427451
19080     0.462745
19081     0.635294
19082     0.807843
19083     0.831373
19084     0.835294
19085     0.835294
19086     0.839216
19087     0.847059
19088     0.866667
19089     0.894118
19090     0.917647
19091     0.933333
19092     0.921569
19093     0.917647
19094     0.913725
19095     0.905882
19096     0.890196
19097     0.870588
19098     0.854902
19099     0.843137
19100     0.831373
19101     0.831373
19102     0.835294
19103     0.839216
19104     0.847059
19105     0.854902
19106     0.862745
19107     0.866667
19108     0.858824
19109     0.850980
19110     0.843137
19111     0.843137
19112     0.850980
19113     0.854902
19114     0.854902
19115     0.850980
19116     0.854902
19117     0.850980
19118     0.847059
19119     0.847059
19120     0.847059
19121     0.847059
19122     0.850980
19123     0.850980
19124     0.854902
19125     0.850980
19126     0.847059
19127     0.858824
19128     0.874510
19129     0.882353
19130     0.882353
19131     0.878431
19132     0.866667
19133     0.870588
19134     0.874510
19135     0.878431
19136     0.878431
19137     0.874510
19138     0.870588
19139     0.866667
19140     0.866667
19141     0.858824
19142     0.854902
19143     0.854902
19144     0.858824
19145     0.858824
19146     0.850980
19147     0.847059
19148     0.870588
19149     0.874510
19150     0.878431
19151     0.878431
19152     0.874510
19153     0.866667
19154     0.858824
19155     0.850980
19156     0.858824
19157     0.858824
19158     0.862745
19159     0.858824
19160     0.850980
19161     0.835294
19162     0.819608
19163     0.811765
19164     0.807843
19165     0.807843
19166     0.807843
19167     0.811765
19168     0.811765
19169     0.811765
19170     0.811765
19171     0.807843
19172     0.811765
19173     0.815686
19174     0.819608
19175     0.827451
19176     0.831373
19177     0.831373
19178     0.831373
19179     0.831373
19180     0.839216
19181     0.843137
19182     0.850980
19183     0.854902
19184     0.858824
19185     0.858824
19186     0.858824
19187     0.858824
19188     0.870588
19189     0.870588
19190     0.870588
19191     0.870588
19192     0.874510
19193     0.874510
19194     0.874510
19195     0.874510
19196     0.878431
19197     0.874510
19198     0.870588
19199     0.866667
19200     0.866667
19201     0.866667
19202     0.866667
19203     0.870588
19204     0.866667
19205     0.854902
19206     0.839216
19207     0.831373
19208     0.827451
19209     0.827451
19210     0.819608
19211     0.815686
19212     0.811765
19213     0.800000
19214     0.784314
19215     0.764706
19216     0.752941
19217     0.749020
19218     0.752941
19219     0.756863
19220     0.749020
19221     0.749020
19222     0.752941
19223     0.752941
19224     0.760784
19225     0.768627
19226     0.772549
19227     0.776471
19228     0.788235
19229     0.800000
19230     0.807843
19231     0.811765
19232     0.811765
19233     0.815686
19234     0.823529
19235     0.831373
19236     0.839216
19237     0.854902
19238     0.878431
19239     0.890196
19240     0.886275
19241     0.878431
19242     0.870588
19243     0.866667
19244     0.858824
19245     0.854902
19246     0.850980
19247     0.847059
19248     0.847059
19249     0.847059
19250     0.847059
19251     0.850980
19252     0.850980
19253     0.843137
19254     0.831373
19255     0.823529
19256     0.831373
19257     0.847059
19258     0.862745
19259     0.874510
19260     0.874510
19261     0.874510
19262     0.870588
19263     0.870588
19264     0.870588
19265     0.870588
19266     0.866667
19267     0.866667
19268     0.870588
19269     0.874510
19270     0.874510
19271     0.878431
19272     0.874510
19273     0.866667
19274     0.862745
19275     0.854902
19276     0.854902
19277     0.858824
19278     0.862745
19279     0.866667
19280     0.858824
19281     0.850980
19282     0.839216
19283     0.831373
19284     0.823529
19285     0.827451
19286     0.831373
19287     0.835294
19288     0.839216
19289     0.839216
19290     0.839216
19291     0.839216
19292     0.831373
19293     0.831373
19294     0.839216
19295     0.427451
19296     0.403922
19297     0.376471
19298     0.356863
19299     0.352941
19300     0.356863
19301     0.360784
19302     0.360784
19303     0.380392
19304     0.368627
19305     0.396078
19306     0.388235
19307     0.403922
19308     0.592157
19309     0.800000
19310     0.850980
19311     0.850980
19312     0.839216
19313     0.827451
19314     0.827451
19315     0.843137
19316     0.874510
19317     0.909804
19318     0.933333
19319     0.921569
19320     0.921569
19321     0.921569
19322     0.909804
19323     0.894118
19324     0.874510
19325     0.854902
19326     0.843137
19327     0.835294
19328     0.835294
19329     0.835294
19330     0.835294
19331     0.843137
19332     0.847059
19333     0.854902
19334     0.858824
19335     0.850980
19336     0.847059
19337     0.839216
19338     0.839216
19339     0.847059
19340     0.854902
19341     0.850980
19342     0.850980
19343     0.854902
19344     0.850980
19345     0.850980
19346     0.847059
19347     0.843137
19348     0.847059
19349     0.847059
19350     0.847059
19351     0.847059
19352     0.835294
19353     0.831373
19354     0.847059
19355     0.870588
19356     0.886275
19357     0.890196
19358     0.882353
19359     0.870588
19360     0.870588
19361     0.878431
19362     0.878431
19363     0.878431
19364     0.874510
19365     0.866667
19366     0.862745
19367     0.870588
19368     0.866667
19369     0.862745
19370     0.862745
19371     0.870588
19372     0.870588
19373     0.866667
19374     0.858824
19375     0.874510
19376     0.878431
19377     0.882353
19378     0.886275
19379     0.882353
19380     0.874510
19381     0.862745
19382     0.854902
19383     0.850980
19384     0.850980
19385     0.850980
19386     0.847059
19387     0.839216
19388     0.827451
19389     0.815686
19390     0.807843
19391     0.811765
19392     0.811765
19393     0.811765
19394     0.811765
19395     0.815686
19396     0.815686
19397     0.815686
19398     0.815686
19399     0.819608
19400     0.823529
19401     0.827451
19402     0.831373
19403     0.835294
19404     0.835294
19405     0.831373
19406     0.831373
19407     0.835294
19408     0.843137
19409     0.850980
19410     0.858824
19411     0.862745
19412     0.862745
19413     0.862745
19414     0.858824
19415     0.866667
19416     0.866667
19417     0.870588
19418     0.874510
19419     0.878431
19420     0.882353
19421     0.882353
19422     0.886275
19423     0.890196
19424     0.882353
19425     0.874510
19426     0.866667
19427     0.862745
19428     0.866667
19429     0.874510
19430     0.882353
19431     0.870588
19432     0.858824
19433     0.847059
19434     0.843137
19435     0.843137
19436     0.843137
19437     0.835294
19438     0.827451
19439     0.831373
19440     0.819608
19441     0.803922
19442     0.788235
19443     0.776471
19444     0.768627
19445     0.768627
19446     0.768627
19447     0.756863
19448     0.756863
19449     0.752941
19450     0.752941
19451     0.756863
19452     0.756863
19453     0.760784
19454     0.764706
19455     0.784314
19456     0.792157
19457     0.803922
19458     0.811765
19459     0.811765
19460     0.811765
19461     0.819608
19462     0.823529
19463     0.835294
19464     0.850980
19465     0.870588
19466     0.882353
19467     0.882353
19468     0.874510
19469     0.866667
19470     0.866667
19471     0.854902
19472     0.854902
19473     0.850980
19474     0.847059
19475     0.843137
19476     0.843137
19477     0.847059
19478     0.847059
19479     0.858824
19480     0.843137
19481     0.827451
19482     0.819608
19483     0.831373
19484     0.850980
19485     0.866667
19486     0.874510
19487     0.870588
19488     0.870588
19489     0.870588
19490     0.870588
19491     0.870588
19492     0.870588
19493     0.870588
19494     0.870588
19495     0.874510
19496     0.874510
19497     0.874510
19498     0.874510
19499     0.874510
19500     0.870588
19501     0.866667
19502     0.862745
19503     0.862745
19504     0.866667
19505     0.866667
19506     0.866667
19507     0.862745
19508     0.854902
19509     0.843137
19510     0.839216
19511     0.823529
19512     0.827451
19513     0.831373
19514     0.835294
19515     0.835294
19516     0.835294
19517     0.835294
19518     0.835294
19519     0.823529
19520     0.827451
19521     0.835294
19522     0.415686
19523     0.396078
19524     0.372549
19525     0.360784
19526     0.360784
19527     0.368627
19528     0.372549
19529     0.376471
19530     0.380392
19531     0.368627
19532     0.384314
19533     0.360784
19534     0.372549
19535     0.584314
19536     0.831373
19537     0.905882
19538     0.890196
19539     0.866667
19540     0.839216
19541     0.823529
19542     0.831373
19543     0.858824
19544     0.898039
19545     0.921569
19546     0.925490
19547     0.925490
19548     0.921569
19549     0.913725
19550     0.898039
19551     0.874510
19552     0.854902
19553     0.843137
19554     0.839216
19555     0.839216
19556     0.835294
19557     0.835294
19558     0.839216
19559     0.843137
19560     0.847059
19561     0.847059
19562     0.854902
19563     0.847059
19564     0.839216
19565     0.843137
19566     0.850980
19567     0.858824
19568     0.858824
19569     0.854902
19570     0.862745
19571     0.858824
19572     0.854902
19573     0.850980
19574     0.850980
19575     0.850980
19576     0.850980
19577     0.850980
19578     0.850980
19579     0.835294
19580     0.831373
19581     0.843137
19582     0.870588
19583     0.890196
19584     0.894118
19585     0.886275
19586     0.878431
19587     0.878431
19588     0.882353
19589     0.882353
19590     0.882353
19591     0.874510
19592     0.870588
19593     0.866667
19594     0.878431
19595     0.874510
19596     0.870588
19597     0.874510
19598     0.878431
19599     0.882353
19600     0.878431
19601     0.874510
19602     0.870588
19603     0.878431
19604     0.886275
19605     0.890196
19606     0.886275
19607     0.878431
19608     0.866667
19609     0.858824
19610     0.847059
19611     0.843137
19612     0.839216
19613     0.831373
19614     0.823529
19615     0.815686
19616     0.811765
19617     0.807843
19618     0.819608
19619     0.815686
19620     0.815686
19621     0.815686
19622     0.815686
19623     0.819608
19624     0.823529
19625     0.827451
19626     0.831373
19627     0.831373
19628     0.835294
19629     0.839216
19630     0.839216
19631     0.839216
19632     0.835294
19633     0.835294
19634     0.835294
19635     0.843137
19636     0.854902
19637     0.862745
19638     0.866667
19639     0.866667
19640     0.862745
19641     0.862745
19642     0.862745
19643     0.866667
19644     0.870588
19645     0.874510
19646     0.878431
19647     0.886275
19648     0.890196
19649     0.890196
19650     0.894118
19651     0.890196
19652     0.886275
19653     0.882353
19654     0.882353
19655     0.882353
19656     0.882353
19657     0.886275
19658     0.866667
19659     0.858824
19660     0.850980
19661     0.850980
19662     0.854902
19663     0.850980
19664     0.847059
19665     0.839216
19666     0.843137
19667     0.839216
19668     0.827451
19669     0.819608
19670     0.811765
19671     0.807843
19672     0.803922
19673     0.803922
19674     0.788235
19675     0.784314
19676     0.776471
19677     0.772549
19678     0.768627
19679     0.764706
19680     0.764706
19681     0.764706
19682     0.788235
19683     0.800000
19684     0.811765
19685     0.819608
19686     0.819608
19687     0.823529
19688     0.827451
19689     0.831373
19690     0.831373
19691     0.847059
19692     0.862745
19693     0.874510
19694     0.874510
19695     0.866667
19696     0.866667
19697     0.866667
19698     0.854902
19699     0.850980
19700     0.847059
19701     0.847059
19702     0.843137
19703     0.843137
19704     0.847059
19705     0.847059
19706     0.858824
19707     0.847059
19708     0.835294
19709     0.839216
19710     0.854902
19711     0.866667
19712     0.870588
19713     0.866667
19714     0.870588
19715     0.870588
19716     0.870588
19717     0.870588
19718     0.870588
19719     0.870588
19720     0.870588
19721     0.870588
19722     0.878431
19723     0.874510
19724     0.870588
19725     0.870588
19726     0.866667
19727     0.866667
19728     0.870588
19729     0.870588
19730     0.862745
19731     0.862745
19732     0.858824
19733     0.854902
19734     0.850980
19735     0.843137
19736     0.839216
19737     0.839216
19738     0.819608
19739     0.823529
19740     0.827451
19741     0.827451
19742     0.831373
19743     0.831373
19744     0.827451
19745     0.827451
19746     0.831373
19747     0.835294
19748     0.847059
19749     0.403922
19750     0.388235
19751     0.372549
19752     0.364706
19753     0.368627
19754     0.380392
19755     0.384314
19756     0.388235
19757     0.407843
19758     0.384314
19759     0.384314
19760     0.345098
19761     0.360784
19762     0.592157
19763     0.858824
19764     0.945098
19765     0.921569
19766     0.894118
19767     0.854902
19768     0.823529
19769     0.823529
19770     0.847059
19771     0.886275
19772     0.913725
19773     0.925490
19774     0.925490
19775     0.921569
19776     0.913725
19777     0.898039
19778     0.874510
19779     0.854902
19780     0.839216
19781     0.843137
19782     0.839216
19783     0.839216
19784     0.835294
19785     0.835294
19786     0.839216
19787     0.839216
19788     0.843137
19789     0.858824
19790     0.850980
19791     0.843137
19792     0.847059
19793     0.854902
19794     0.862745
19795     0.862745
19796     0.858824
19797     0.866667
19798     0.866667
19799     0.862745
19800     0.858824
19801     0.854902
19802     0.854902
19803     0.854902
19804     0.854902
19805     0.858824
19806     0.843137
19807     0.835294
19808     0.847059
19809     0.874510
19810     0.894118
19811     0.894118
19812     0.886275
19813     0.886275
19814     0.886275
19815     0.886275
19816     0.886275
19817     0.882353
19818     0.882353
19819     0.878431
19820     0.874510
19821     0.886275
19822     0.878431
19823     0.878431
19824     0.878431
19825     0.886275
19826     0.890196
19827     0.886275
19828     0.882353
19829     0.870588
19830     0.878431
19831     0.886275
19832     0.894118
19833     0.890196
19834     0.882353
19835     0.870588
19836     0.862745
19837     0.843137
19838     0.835294
19839     0.831373
19840     0.823529
19841     0.815686
19842     0.811765
19843     0.811765
19844     0.811765
19845     0.827451
19846     0.823529
19847     0.819608
19848     0.815686
19849     0.819608
19850     0.823529
19851     0.831373
19852     0.835294
19853     0.835294
19854     0.839216
19855     0.839216
19856     0.843137
19857     0.843137
19858     0.843137
19859     0.839216
19860     0.839216
19861     0.835294
19862     0.843137
19863     0.854902
19864     0.866667
19865     0.870588
19866     0.870588
19867     0.866667
19868     0.862745
19869     0.862745
19870     0.862745
19871     0.870588
19872     0.874510
19873     0.882353
19874     0.890196
19875     0.894118
19876     0.894118
19877     0.894118
19878     0.898039
19879     0.898039
19880     0.901961
19881     0.898039
19882     0.894118
19883     0.890196
19884     0.886275
19885     0.866667
19886     0.858824
19887     0.850980
19888     0.854902
19889     0.858824
19890     0.858824
19891     0.854902
19892     0.847059
19893     0.850980
19894     0.850980
19895     0.850980
19896     0.847059
19897     0.843137
19898     0.839216
19899     0.835294
19900     0.835294
19901     0.815686
19902     0.811765
19903     0.803922
19904     0.796078
19905     0.788235
19906     0.780392
19907     0.780392
19908     0.776471
19909     0.800000
19910     0.811765
19911     0.827451
19912     0.835294
19913     0.835294
19914     0.835294
19915     0.843137
19916     0.847059
19917     0.831373
19918     0.843137
19919     0.858824
19920     0.866667
19921     0.866667
19922     0.862745
19923     0.866667
19924     0.866667
19925     0.854902
19926     0.850980
19927     0.847059
19928     0.843137
19929     0.843137
19930     0.843137
19931     0.843137
19932     0.847059
19933     0.854902
19934     0.850980
19935     0.850980
19936     0.862745
19937     0.878431
19938     0.882353
19939     0.874510
19940     0.862745
19941     0.870588
19942     0.870588
19943     0.870588
19944     0.870588
19945     0.870588
19946     0.870588
19947     0.870588
19948     0.870588
19949     0.878431
19950     0.874510
19951     0.870588
19952     0.862745
19953     0.862745
19954     0.866667
19955     0.870588
19956     0.874510
19957     0.854902
19958     0.850980
19959     0.843137
19960     0.835294
19961     0.831373
19962     0.827451
19963     0.827451
19964     0.827451
19965     0.815686
19966     0.819608
19967     0.823529
19968     0.823529
19969     0.827451
19970     0.823529
19971     0.823529
19972     0.823529
19973     0.839216
19974     0.847059
19975     0.858824
19976     0.396078
19977     0.388235
19978     0.384314
19979     0.384314
19980     0.384314
19981     0.384314
19982     0.380392
19983     0.372549
19984     0.352941
19985     0.345098
19986     0.396078
19987     0.388235
19988     0.403922
19989     0.650980
19990     0.898039
19991     0.909804
19992     0.886275
19993     0.894118
19994     0.886275
19995     0.854902
19996     0.823529
19997     0.827451
19998     0.870588
19999     0.917647
20000     0.945098
20001     0.917647
20002     0.905882
20003     0.913725
20004     0.905882
20005     0.874510
20006     0.854902
20007     0.862745
20008     0.847059
20009     0.835294
20010     0.827451
20011     0.823529
20012     0.835294
20013     0.847059
20014     0.850980
20015     0.850980
20016     0.843137
20017     0.847059
20018     0.850980
20019     0.854902
20020     0.854902
20021     0.854902
20022     0.850980
20023     0.850980
20024     0.858824
20025     0.854902
20026     0.854902
20027     0.850980
20028     0.850980
20029     0.854902
20030     0.854902
20031     0.858824
20032     0.858824
20033     0.850980
20034     0.843137
20035     0.850980
20036     0.866667
20037     0.882353
20038     0.886275
20039     0.886275
20040     0.890196
20041     0.882353
20042     0.882353
20043     0.890196
20044     0.901961
20045     0.905882
20046     0.890196
20047     0.878431
20048     0.886275
20049     0.890196
20050     0.894118
20051     0.898039
20052     0.894118
20053     0.890196
20054     0.882353
20055     0.878431
20056     0.890196
20057     0.890196
20058     0.886275
20059     0.886275
20060     0.886275
20061     0.882353
20062     0.882353
20063     0.882353
20064     0.854902
20065     0.854902
20066     0.847059
20067     0.839216
20068     0.827451
20069     0.823529
20070     0.827451
20071     0.835294
20072     0.835294
20073     0.843137
20074     0.847059
20075     0.843137
20076     0.835294
20077     0.827451
20078     0.827451
20079     0.827451
20080     0.843137
20081     0.843137
20082     0.839216
20083     0.839216
20084     0.835294
20085     0.831373
20086     0.831373
20087     0.827451
20088     0.843137
20089     0.847059
20090     0.850980
20091     0.858824
20092     0.866667
20093     0.874510
20094     0.878431
20095     0.882353
20096     0.870588
20097     0.866667
20098     0.870588
20099     0.882353
20100     0.898039
20101     0.901961
20102     0.901961
20103     0.894118
20104     0.898039
20105     0.901961
20106     0.901961
20107     0.905882
20108     0.905882
20109     0.901961
20110     0.901961
20111     0.898039
20112     0.882353
20113     0.866667
20114     0.854902
20115     0.854902
20116     0.866667
20117     0.870588
20118     0.870588
20119     0.862745
20120     0.839216
20121     0.839216
20122     0.843137
20123     0.847059
20124     0.850980
20125     0.854902
20126     0.858824
20127     0.862745
20128     0.858824
20129     0.850980
20130     0.839216
20131     0.819608
20132     0.803922
20133     0.796078
20134     0.803922
20135     0.811765
20136     0.835294
20137     0.839216
20138     0.839216
20139     0.843137
20140     0.843137
20141     0.839216
20142     0.839216
20143     0.835294
20144     0.843137
20145     0.843137
20146     0.847059
20147     0.847059
20148     0.850980
20149     0.854902
20150     0.858824
20151     0.858824
20152     0.843137
20153     0.843137
20154     0.843137
20155     0.850980
20156     0.854902
20157     0.847059
20158     0.835294
20159     0.819608
20160     0.823529
20161     0.839216
20162     0.858824
20163     0.870588
20164     0.874510
20165     0.870588
20166     0.866667
20167     0.866667
20168     0.874510
20169     0.874510
20170     0.870588
20171     0.870588
20172     0.870588
20173     0.870588
20174     0.874510
20175     0.874510
20176     0.866667
20177     0.870588
20178     0.870588
20179     0.870588
20180     0.870588
20181     0.870588
20182     0.874510
20183     0.874510
20184     0.858824
20185     0.850980
20186     0.819608
20187     0.784314
20188     0.788235
20189     0.815686
20190     0.819608
20191     0.800000
20192     0.796078
20193     0.811765
20194     0.827451
20195     0.831373
20196     0.827451
20197     0.827451
20198     0.839216
20199     0.850980
20200     0.847059
20201     0.854902
20202     0.870588
20203     0.435294
20204     0.419608
20205     0.403922
20206     0.392157
20207     0.392157
20208     0.388235
20209     0.384314
20210     0.380392
20211     0.356863
20212     0.341176
20213     0.376471
20214     0.376471
20215     0.407843
20216     0.650980
20217     0.886275
20218     0.901961
20219     0.894118
20220     0.898039
20221     0.886275
20222     0.850980
20223     0.819608
20224     0.823529
20225     0.870588
20226     0.913725
20227     0.949020
20228     0.929412
20229     0.921569
20230     0.925490
20231     0.909804
20232     0.878431
20233     0.858824
20234     0.862745
20235     0.847059
20236     0.839216
20237     0.827451
20238     0.827451
20239     0.835294
20240     0.843137
20241     0.847059
20242     0.847059
20243     0.843137
20244     0.843137
20245     0.850980
20246     0.854902
20247     0.854902
20248     0.854902
20249     0.854902
20250     0.854902
20251     0.858824
20252     0.854902
20253     0.850980
20254     0.847059
20255     0.850980
20256     0.854902
20257     0.858824
20258     0.862745
20259     0.862745
20260     0.854902
20261     0.850980
20262     0.858824
20263     0.874510
20264     0.886275
20265     0.886275
20266     0.882353
20267     0.882353
20268     0.882353
20269     0.886275
20270     0.894118
20271     0.898039
20272     0.898039
20273     0.890196
20274     0.882353
20275     0.894118
20276     0.894118
20277     0.898039
20278     0.898039
20279     0.894118
20280     0.890196
20281     0.886275
20282     0.886275
20283     0.890196
20284     0.890196
20285     0.890196
20286     0.890196
20287     0.890196
20288     0.886275
20289     0.886275
20290     0.886275
20291     0.858824
20292     0.858824
20293     0.854902
20294     0.843137
20295     0.831373
20296     0.827451
20297     0.831373
20298     0.839216
20299     0.835294
20300     0.843137
20301     0.847059
20302     0.843137
20303     0.831373
20304     0.827451
20305     0.823529
20306     0.827451
20307     0.831373
20308     0.831373
20309     0.831373
20310     0.835294
20311     0.835294
20312     0.835294
20313     0.835294
20314     0.831373
20315     0.839216
20316     0.843137
20317     0.850980
20318     0.858824
20319     0.866667
20320     0.874510
20321     0.878431
20322     0.882353
20323     0.878431
20324     0.874510
20325     0.874510
20326     0.882353
20327     0.898039
20328     0.905882
20329     0.905882
20330     0.901961
20331     0.905882
20332     0.905882
20333     0.909804
20334     0.909804
20335     0.909804
20336     0.909804
20337     0.905882
20338     0.905882
20339     0.874510
20340     0.862745
20341     0.854902
20342     0.854902
20343     0.862745
20344     0.870588
20345     0.870588
20346     0.866667
20347     0.850980
20348     0.850980
20349     0.854902
20350     0.858824
20351     0.858824
20352     0.862745
20353     0.866667
20354     0.866667
20355     0.858824
20356     0.854902
20357     0.843137
20358     0.823529
20359     0.811765
20360     0.807843
20361     0.811765
20362     0.823529
20363     0.847059
20364     0.847059
20365     0.843137
20366     0.843137
20367     0.843137
20368     0.843137
20369     0.847059
20370     0.847059
20371     0.843137
20372     0.843137
20373     0.847059
20374     0.850980
20375     0.850980
20376     0.854902
20377     0.854902
20378     0.854902
20379     0.847059
20380     0.847059
20381     0.847059
20382     0.850980
20383     0.854902
20384     0.854902
20385     0.843137
20386     0.835294
20387     0.831373
20388     0.843137
20389     0.858824
20390     0.866667
20391     0.866667
20392     0.862745
20393     0.862745
20394     0.862745
20395     0.862745
20396     0.862745
20397     0.866667
20398     0.870588
20399     0.870588
20400     0.870588
20401     0.866667
20402     0.866667
20403     0.878431
20404     0.878431
20405     0.878431
20406     0.878431
20407     0.874510
20408     0.874510
20409     0.874510
20410     0.874510
20411     0.858824
20412     0.847059
20413     0.815686
20414     0.780392
20415     0.780392
20416     0.803922
20417     0.811765
20418     0.800000
20419     0.800000
20420     0.815686
20421     0.835294
20422     0.839216
20423     0.835294
20424     0.831373
20425     0.843137
20426     0.854902
20427     0.866667
20428     0.874510
20429     0.882353
20430     0.478431
20431     0.450980
20432     0.415686
20433     0.384314
20434     0.372549
20435     0.368627
20436     0.368627
20437     0.368627
20438     0.333333
20439     0.325490
20440     0.356863
20441     0.368627
20442     0.415686
20443     0.643137
20444     0.858824
20445     0.886275
20446     0.898039
20447     0.898039
20448     0.882353
20449     0.843137
20450     0.811765
20451     0.815686
20452     0.858824
20453     0.898039
20454     0.945098
20455     0.933333
20456     0.929412
20457     0.933333
20458     0.913725
20459     0.886275
20460     0.866667
20461     0.866667
20462     0.854902
20463     0.843137
20464     0.831373
20465     0.827451
20466     0.835294
20467     0.839216
20468     0.839216
20469     0.835294
20470     0.839216
20471     0.843137
20472     0.847059
20473     0.854902
20474     0.858824
20475     0.858824
20476     0.858824
20477     0.858824
20478     0.858824
20479     0.850980
20480     0.847059
20481     0.843137
20482     0.843137
20483     0.850980
20484     0.862745
20485     0.866667
20486     0.866667
20487     0.862745
20488     0.862745
20489     0.870588
20490     0.882353
20491     0.886275
20492     0.882353
20493     0.874510
20494     0.874510
20495     0.882353
20496     0.894118
20497     0.898039
20498     0.894118
20499     0.890196
20500     0.890196
20501     0.890196
20502     0.905882
20503     0.901961
20504     0.898039
20505     0.898039
20506     0.894118
20507     0.898039
20508     0.898039
20509     0.898039
20510     0.890196
20511     0.894118
20512     0.894118
20513     0.894118
20514     0.894118
20515     0.894118
20516     0.894118
20517     0.894118
20518     0.866667
20519     0.866667
20520     0.862745
20521     0.854902
20522     0.839216
20523     0.831373
20524     0.835294
20525     0.839216
20526     0.835294
20527     0.839216
20528     0.843137
20529     0.843137
20530     0.831373
20531     0.823529
20532     0.823529
20533     0.827451
20534     0.815686
20535     0.819608
20536     0.823529
20537     0.827451
20538     0.831373
20539     0.835294
20540     0.835294
20541     0.835294
20542     0.831373
20543     0.835294
20544     0.843137
20545     0.854902
20546     0.866667
20547     0.874510
20548     0.882353
20549     0.886275
20550     0.890196
20551     0.882353
20552     0.878431
20553     0.882353
20554     0.894118
20555     0.905882
20556     0.909804
20557     0.909804
20558     0.909804
20559     0.913725
20560     0.913725
20561     0.917647
20562     0.917647
20563     0.913725
20564     0.913725
20565     0.909804
20566     0.870588
20567     0.862745
20568     0.858824
20569     0.858824
20570     0.866667
20571     0.874510
20572     0.874510
20573     0.870588
20574     0.862745
20575     0.862745
20576     0.866667
20577     0.866667
20578     0.870588
20579     0.870588
20580     0.874510
20581     0.874510
20582     0.858824
20583     0.854902
20584     0.847059
20585     0.831373
20586     0.819608
20587     0.815686
20588     0.823529
20589     0.831373
20590     0.854902
20591     0.854902
20592     0.847059
20593     0.843137
20594     0.843137
20595     0.847059
20596     0.854902
20597     0.854902
20598     0.847059
20599     0.847059
20600     0.850980
20601     0.854902
20602     0.854902
20603     0.854902
20604     0.850980
20605     0.850980
20606     0.858824
20607     0.850980
20608     0.847059
20609     0.850980
20610     0.858824
20611     0.862745
20612     0.858824
20613     0.850980
20614     0.839216
20615     0.850980
20616     0.858824
20617     0.858824
20618     0.854902
20619     0.850980
20620     0.854902
20621     0.858824
20622     0.847059
20623     0.850980
20624     0.854902
20625     0.858824
20626     0.862745
20627     0.862745
20628     0.858824
20629     0.858824
20630     0.878431
20631     0.874510
20632     0.874510
20633     0.870588
20634     0.870588
20635     0.866667
20636     0.866667
20637     0.862745
20638     0.854902
20639     0.843137
20640     0.807843
20641     0.776471
20642     0.772549
20643     0.788235
20644     0.800000
20645     0.796078
20646     0.807843
20647     0.823529
20648     0.843137
20649     0.847059
20650     0.839216
20651     0.835294
20652     0.843137
20653     0.854902
20654     0.874510
20655     0.874510
20656     0.878431
20657     0.513726
20658     0.478431
20659     0.423529
20660     0.376471
20661     0.349020
20662     0.337255
20663     0.337255
20664     0.337255
20665     0.305882
20666     0.325490
20667     0.372549
20668     0.388235
20669     0.431373
20670     0.607843
20671     0.792157
20672     0.843137
20673     0.894118
20674     0.886275
20675     0.866667
20676     0.827451
20677     0.796078
20678     0.800000
20679     0.835294
20680     0.870588
20681     0.917647
20682     0.921569
20683     0.929412
20684     0.929412
20685     0.913725
20686     0.890196
20687     0.874510
20688     0.870588
20689     0.858824
20690     0.847059
20691     0.839216
20692     0.835294
20693     0.835294
20694     0.839216
20695     0.835294
20696     0.831373
20697     0.839216
20698     0.843137
20699     0.847059
20700     0.854902
20701     0.858824
20702     0.862745
20703     0.862745
20704     0.862745
20705     0.854902
20706     0.850980
20707     0.843137
20708     0.839216
20709     0.843137
20710     0.850980
20711     0.862745
20712     0.870588
20713     0.866667
20714     0.866667
20715     0.874510
20716     0.878431
20717     0.882353
20718     0.882353
20719     0.874510
20720     0.870588
20721     0.862745
20722     0.882353
20723     0.898039
20724     0.898039
20725     0.890196
20726     0.882353
20727     0.890196
20728     0.898039
20729     0.913725
20730     0.909804
20731     0.901961
20732     0.898039
20733     0.898039
20734     0.901961
20735     0.905882
20736     0.909804
20737     0.894118
20738     0.894118
20739     0.894118
20740     0.898039
20741     0.898039
20742     0.898039
20743     0.901961
20744     0.901961
20745     0.874510
20746     0.878431
20747     0.874510
20748     0.862745
20749     0.847059
20750     0.839216
20751     0.839216
20752     0.839216
20753     0.831373
20754     0.839216
20755     0.843137
20756     0.839216
20757     0.831373
20758     0.823529
20759     0.823529
20760     0.823529
20761     0.815686
20762     0.815686
20763     0.823529
20764     0.827451
20765     0.831373
20766     0.827451
20767     0.827451
20768     0.823529
20769     0.827451
20770     0.831373
20771     0.839216
20772     0.850980
20773     0.862745
20774     0.874510
20775     0.882353
20776     0.886275
20777     0.890196
20778     0.882353
20779     0.874510
20780     0.874510
20781     0.886275
20782     0.898039
20783     0.905882
20784     0.909804
20785     0.905882
20786     0.909804
20787     0.913725
20788     0.913725
20789     0.913725
20790     0.913725
20791     0.909804
20792     0.905882
20793     0.870588
20794     0.866667
20795     0.866667
20796     0.870588
20797     0.874510
20798     0.878431
20799     0.882353
20800     0.882353
20801     0.870588
20802     0.870588
20803     0.870588
20804     0.870588
20805     0.874510
20806     0.874510
20807     0.874510
20808     0.874510
20809     0.854902
20810     0.850980
20811     0.847059
20812     0.835294
20813     0.823529
20814     0.819608
20815     0.827451
20816     0.835294
20817     0.858824
20818     0.850980
20819     0.843137
20820     0.839216
20821     0.839216
20822     0.843137
20823     0.850980
20824     0.858824
20825     0.854902
20826     0.854902
20827     0.858824
20828     0.862745
20829     0.862745
20830     0.862745
20831     0.858824
20832     0.854902
20833     0.866667
20834     0.858824
20835     0.854902
20836     0.854902
20837     0.866667
20838     0.870588
20839     0.870588
20840     0.870588
20841     0.850980
20842     0.854902
20843     0.858824
20844     0.854902
20845     0.847059
20846     0.843137
20847     0.847059
20848     0.850980
20849     0.843137
20850     0.839216
20851     0.835294
20852     0.835294
20853     0.839216
20854     0.843137
20855     0.850980
20856     0.854902
20857     0.866667
20858     0.862745
20859     0.858824
20860     0.854902
20861     0.850980
20862     0.847059
20863     0.847059
20864     0.843137
20865     0.850980
20866     0.831373
20867     0.803922
20868     0.776471
20869     0.764706
20870     0.776471
20871     0.788235
20872     0.792157
20873     0.811765
20874     0.827451
20875     0.847059
20876     0.850980
20877     0.843137
20878     0.835294
20879     0.843137
20880     0.850980
20881     0.862745
20882     0.858824
20883     0.850980
20884     0.572549
20885     0.529412
20886     0.466667
20887     0.411765
20888     0.372549
20889     0.356863
20890     0.349020
20891     0.349020
20892     0.321569
20893     0.368627
20894     0.423529
20895     0.439216
20896     0.450980
20897     0.552941
20898     0.682353
20899     0.752941
20900     0.850980
20901     0.847059
20902     0.827451
20903     0.796078
20904     0.772549
20905     0.776471
20906     0.807843
20907     0.835294
20908     0.878431
20909     0.898039
20910     0.917647
20911     0.921569
20912     0.909804
20913     0.898039
20914     0.886275
20915     0.878431
20916     0.862745
20917     0.854902
20918     0.847059
20919     0.843137
20920     0.843137
20921     0.843137
20922     0.835294
20923     0.831373
20924     0.843137
20925     0.847059
20926     0.850980
20927     0.858824
20928     0.862745
20929     0.862745
20930     0.862745
20931     0.862745
20932     0.854902
20933     0.850980
20934     0.843137
20935     0.839216
20936     0.843137
20937     0.850980
20938     0.858824
20939     0.862745
20940     0.858824
20941     0.866667
20942     0.874510
20943     0.878431
20944     0.874510
20945     0.870588
20946     0.866667
20947     0.866667
20948     0.858824
20949     0.878431
20950     0.894118
20951     0.894118
20952     0.886275
20953     0.882353
20954     0.890196
20955     0.898039
20956     0.913725
20957     0.909804
20958     0.905882
20959     0.901961
20960     0.901961
20961     0.905882
20962     0.913725
20963     0.917647
20964     0.898039
20965     0.898039
20966     0.898039
20967     0.898039
20968     0.898039
20969     0.898039
20970     0.901961
20971     0.901961
20972     0.882353
20973     0.886275
20974     0.882353
20975     0.870588
20976     0.854902
20977     0.843137
20978     0.839216
20979     0.839216
20980     0.831373
20981     0.835294
20982     0.843137
20983     0.839216
20984     0.827451
20985     0.823529
20986     0.819608
20987     0.823529
20988     0.819608
20989     0.823529
20990     0.827451
20991     0.831373
20992     0.827451
20993     0.823529
20994     0.815686
20995     0.807843
20996     0.823529
20997     0.827451
20998     0.835294
20999     0.847059
21000     0.858824
21001     0.870588
21002     0.878431
21003     0.882353
21004     0.886275
21005     0.874510
21006     0.866667
21007     0.866667
21008     0.878431
21009     0.890196
21010     0.898039
21011     0.898039
21012     0.898039
21013     0.901961
21014     0.901961
21015     0.905882
21016     0.905882
21017     0.901961
21018     0.901961
21019     0.898039
21020     0.874510
21021     0.878431
21022     0.882353
21023     0.886275
21024     0.886275
21025     0.886275
21026     0.886275
21027     0.890196
21028     0.870588
21029     0.870588
21030     0.870588
21031     0.870588
21032     0.870588
21033     0.870588
21034     0.866667
21035     0.866667
21036     0.847059
21037     0.850980
21038     0.847059
21039     0.835294
21040     0.823529
21041     0.819608
21042     0.823529
21043     0.831373
21044     0.850980
21045     0.843137
21046     0.835294
21047     0.827451
21048     0.827451
21049     0.835294
21050     0.843137
21051     0.850980
21052     0.858824
21053     0.862745
21054     0.870588
21055     0.874510
21056     0.874510
21057     0.874510
21058     0.866667
21059     0.862745
21060     0.870588
21061     0.866667
21062     0.858824
21063     0.862745
21064     0.870588
21065     0.878431
21066     0.878431
21067     0.874510
21068     0.854902
21069     0.858824
21070     0.858824
21071     0.854902
21072     0.847059
21073     0.839216
21074     0.843137
21075     0.847059
21076     0.847059
21077     0.835294
21078     0.819608
21079     0.811765
21080     0.811765
21081     0.827451
21082     0.843137
21083     0.858824
21084     0.854902
21085     0.854902
21086     0.850980
21087     0.847059
21088     0.843137
21089     0.839216
21090     0.839216
21091     0.835294
21092     0.839216
21093     0.823529
21094     0.800000
21095     0.780392
21096     0.768627
21097     0.768627
21098     0.776471
21099     0.792157
21100     0.811765
21101     0.831373
21102     0.850980
21103     0.854902
21104     0.847059
21105     0.835294
21106     0.839216
21107     0.843137
21108     0.847059
21109     0.843137
21110     0.831373
21111     0.635294
21112     0.596078
21113     0.541176
21114     0.486275
21115     0.450980
21116     0.431373
21117     0.419608
21118     0.415686
21119     0.392157
21120     0.443137
21121     0.486275
21122     0.486275
21123     0.482353
21124     0.513726
21125     0.584314
21126     0.650980
21127     0.764706
21128     0.764706
21129     0.760784
21130     0.745098
21131     0.737255
21132     0.749020
21133     0.776471
21134     0.803922
21135     0.847059
21136     0.882353
21137     0.909804
21138     0.913725
21139     0.905882
21140     0.898039
21141     0.890196
21142     0.878431
21143     0.866667
21144     0.858824
21145     0.850980
21146     0.850980
21147     0.854902
21148     0.850980
21149     0.843137
21150     0.839216
21151     0.850980
21152     0.854902
21153     0.854902
21154     0.858824
21155     0.862745
21156     0.858824
21157     0.858824
21158     0.858824
21159     0.850980
21160     0.850980
21161     0.847059
21162     0.847059
21163     0.847059
21164     0.847059
21165     0.850980
21166     0.850980
21167     0.850980
21168     0.858824
21169     0.862745
21170     0.866667
21171     0.858824
21172     0.854902
21173     0.858824
21174     0.862745
21175     0.862745
21176     0.870588
21177     0.886275
21178     0.890196
21179     0.890196
21180     0.890196
21181     0.890196
21182     0.894118
21183     0.909804
21184     0.905882
21185     0.905882
21186     0.905882
21187     0.905882
21188     0.909804
21189     0.913725
21190     0.913725
21191     0.901961
21192     0.901961
21193     0.901961
21194     0.898039
21195     0.898039
21196     0.894118
21197     0.894118
21198     0.894118
21199     0.886275
21200     0.890196
21201     0.886275
21202     0.878431
21203     0.858824
21204     0.843137
21205     0.835294
21206     0.835294
21207     0.827451
21208     0.835294
21209     0.839216
21210     0.835294
21211     0.827451
21212     0.819608
21213     0.819608
21214     0.823529
21215     0.823529
21216     0.827451
21217     0.831373
21218     0.835294
21219     0.831373
21220     0.823529
21221     0.811765
21222     0.803922
21223     0.823529
21224     0.827451
21225     0.835294
21226     0.843137
21227     0.854902
21228     0.866667
21229     0.874510
21230     0.878431
21231     0.882353
21232     0.874510
21233     0.866667
21234     0.866667
21235     0.878431
21236     0.886275
21237     0.890196
21238     0.890196
21239     0.890196
21240     0.894118
21241     0.894118
21242     0.898039
21243     0.898039
21244     0.894118
21245     0.894118
21246     0.890196
21247     0.878431
21248     0.886275
21249     0.894118
21250     0.894118
21251     0.886275
21252     0.882353
21253     0.882353
21254     0.886275
21255     0.874510
21256     0.874510
21257     0.870588
21258     0.870588
21259     0.866667
21260     0.866667
21261     0.862745
21262     0.862745
21263     0.850980
21264     0.850980
21265     0.850980
21266     0.839216
21267     0.827451
21268     0.819608
21269     0.819608
21270     0.823529
21271     0.839216
21272     0.835294
21273     0.827451
21274     0.827451
21275     0.827451
21276     0.827451
21277     0.835294
21278     0.839216
21279     0.850980
21280     0.858824
21281     0.870588
21282     0.878431
21283     0.882353
21284     0.878431
21285     0.874510
21286     0.870588
21287     0.874510
21288     0.870588
21289     0.866667
21290     0.870588
21291     0.878431
21292     0.882353
21293     0.878431
21294     0.870588
21295     0.854902
21296     0.858824
21297     0.866667
21298     0.862745
21299     0.850980
21300     0.843137
21301     0.843137
21302     0.843137
21303     0.854902
21304     0.843137
21305     0.823529
21306     0.811765
21307     0.811765
21308     0.823529
21309     0.843137
21310     0.854902
21311     0.854902
21312     0.854902
21313     0.850980
21314     0.850980
21315     0.847059
21316     0.843137
21317     0.843137
21318     0.839216
21319     0.823529
21320     0.807843
21321     0.796078
21322     0.792157
21323     0.776471
21324     0.764706
21325     0.772549
21326     0.792157
21327     0.823529
21328     0.839216
21329     0.862745
21330     0.862745
21331     0.854902
21332     0.843137
21333     0.839216
21334     0.843137
21335     0.847059
21336     0.843137
21337     0.835294
21338     0.662745
21339     0.635294
21340     0.592157
21341     0.552941
21342     0.525490
21343     0.509804
21344     0.494118
21345     0.490196
21346     0.466667
21347     0.498039
21348     0.505882
21349     0.509804
21350     0.521569
21351     0.521569
21352     0.545098
21353     0.600000
21354     0.658824
21355     0.666667
21356     0.678431
21357     0.686275
21358     0.698039
21359     0.721569
21360     0.752941
21361     0.776471
21362     0.835294
21363     0.878431
21364     0.913725
21365     0.913725
21366     0.901961
21367     0.898039
21368     0.890196
21369     0.874510
21370     0.866667
21371     0.862745
21372     0.858824
21373     0.858824
21374     0.862745
21375     0.862745
21376     0.854902
21377     0.847059
21378     0.858824
21379     0.858824
21380     0.862745
21381     0.862745
21382     0.862745
21383     0.858824
21384     0.854902
21385     0.850980
21386     0.850980
21387     0.850980
21388     0.854902
21389     0.854902
21390     0.850980
21391     0.847059
21392     0.839216
21393     0.835294
21394     0.839216
21395     0.847059
21396     0.850980
21397     0.850980
21398     0.843137
21399     0.843137
21400     0.854902
21401     0.862745
21402     0.866667
21403     0.866667
21404     0.874510
21405     0.882353
21406     0.894118
21407     0.898039
21408     0.890196
21409     0.886275
21410     0.898039
21411     0.901961
21412     0.905882
21413     0.909804
21414     0.909804
21415     0.909804
21416     0.909804
21417     0.909804
21418     0.905882
21419     0.905882
21420     0.901961
21421     0.898039
21422     0.894118
21423     0.890196
21424     0.886275
21425     0.886275
21426     0.886275
21427     0.890196
21428     0.890196
21429     0.878431
21430     0.858824
21431     0.839216
21432     0.831373
21433     0.827451
21434     0.827451
21435     0.835294
21436     0.839216
21437     0.835294
21438     0.827451
21439     0.819608
21440     0.819608
21441     0.819608
21442     0.815686
21443     0.823529
21444     0.831373
21445     0.839216
21446     0.835294
21447     0.831373
21448     0.819608
21449     0.811765
21450     0.827451
21451     0.831373
21452     0.835294
21453     0.843137
21454     0.850980
21455     0.858824
21456     0.866667
21457     0.870588
21458     0.878431
21459     0.874510
21460     0.870588
21461     0.878431
21462     0.886275
21463     0.890196
21464     0.890196
21465     0.886275
21466     0.890196
21467     0.890196
21468     0.894118
21469     0.894118
21470     0.894118
21471     0.894118
21472     0.890196
21473     0.890196
21474     0.874510
21475     0.886275
21476     0.894118
21477     0.890196
21478     0.878431
21479     0.870588
21480     0.870588
21481     0.874510
21482     0.878431
21483     0.878431
21484     0.874510
21485     0.874510
21486     0.870588
21487     0.866667
21488     0.862745
21489     0.862745
21490     0.858824
21491     0.862745
21492     0.858824
21493     0.847059
21494     0.831373
21495     0.823529
21496     0.819608
21497     0.823529
21498     0.831373
21499     0.831373
21500     0.827451
21501     0.827451
21502     0.827451
21503     0.827451
21504     0.831373
21505     0.831373
21506     0.839216
21507     0.847059
21508     0.862745
21509     0.874510
21510     0.878431
21511     0.878431
21512     0.874510
21513     0.866667
21514     0.874510
21515     0.874510
21516     0.874510
21517     0.878431
21518     0.882353
21519     0.882353
21520     0.870588
21521     0.862745
21522     0.850980
21523     0.858824
21524     0.870588
21525     0.870588
21526     0.862745
21527     0.850980
21528     0.847059
21529     0.847059
21530     0.862745
21531     0.854902
21532     0.843137
21533     0.835294
21534     0.831373
21535     0.835294
21536     0.843137
21537     0.847059
21538     0.843137
21539     0.843137
21540     0.843137
21541     0.843137
21542     0.843137
21543     0.839216
21544     0.839216
21545     0.839216
21546     0.807843
21547     0.796078
21548     0.800000
21549     0.803922
21550     0.788235
21551     0.768627
21552     0.772549
21553     0.796078
21554     0.835294
21555     0.854902
21556     0.874510
21557     0.878431
21558     0.866667
21559     0.850980
21560     0.847059
21561     0.850980
21562     0.847059
21563     0.847059
21564     0.843137
21565     0.658824
21566     0.635294
21567     0.603922
21568     0.576471
21569     0.556863
21570     0.545098
21571     0.533333
21572     0.525490
21573     0.505882
21574     0.513726
21575     0.498039
21576     0.509804
21577     0.552941
21578     0.549020
21579     0.552941
21580     0.596078
21581     0.580392
21582     0.596078
21583     0.623529
21584     0.647059
21585     0.674510
21586     0.705882
21587     0.741176
21588     0.764706
21589     0.835294
21590     0.886275
21591     0.921569
21592     0.917647
21593     0.901961
21594     0.898039
21595     0.886275
21596     0.870588
21597     0.870588
21598     0.862745
21599     0.862745
21600     0.862745
21601     0.870588
21602     0.866667
21603     0.858824
21604     0.850980
21605     0.862745
21606     0.862745
21607     0.862745
21608     0.862745
21609     0.858824
21610     0.854902
21611     0.850980
21612     0.847059
21613     0.850980
21614     0.854902
21615     0.858824
21616     0.858824
21617     0.854902
21618     0.843137
21619     0.831373
21620     0.823529
21621     0.831373
21622     0.839216
21623     0.843137
21624     0.839216
21625     0.831373
21626     0.835294
21627     0.850980
21628     0.866667
21629     0.870588
21630     0.866667
21631     0.866667
21632     0.878431
21633     0.898039
21634     0.901961
21635     0.894118
21636     0.882353
21637     0.894118
21638     0.898039
21639     0.905882
21640     0.909804
21641     0.913725
21642     0.909804
21643     0.905882
21644     0.905882
21645     0.909804
21646     0.905882
21647     0.901961
21648     0.898039
21649     0.890196
21650     0.886275
21651     0.878431
21652     0.878431
21653     0.886275
21654     0.890196
21655     0.890196
21656     0.878431
21657     0.858824
21658     0.839216
21659     0.827451
21660     0.823529
21661     0.827451
21662     0.835294
21663     0.839216
21664     0.835294
21665     0.827451
21666     0.819608
21667     0.819608
21668     0.819608
21669     0.807843
21670     0.815686
21671     0.827451
21672     0.839216
21673     0.843137
21674     0.835294
21675     0.827451
21676     0.823529
21677     0.827451
21678     0.831373
21679     0.835294
21680     0.843137
21681     0.850980
21682     0.858824
21683     0.862745
21684     0.866667
21685     0.882353
21686     0.878431
21687     0.878431
21688     0.886275
21689     0.894118
21690     0.898039
21691     0.890196
21692     0.886275
21693     0.890196
21694     0.890196
21695     0.894118
21696     0.898039
21697     0.898039
21698     0.894118
21699     0.890196
21700     0.890196
21701     0.870588
21702     0.882353
21703     0.894118
21704     0.886275
21705     0.874510
21706     0.858824
21707     0.858824
21708     0.862745
21709     0.886275
21710     0.882353
21711     0.882353
21712     0.878431
21713     0.870588
21714     0.866667
21715     0.866667
21716     0.862745
21717     0.870588
21718     0.870588
21719     0.866667
21720     0.854902
21721     0.839216
21722     0.827451
21723     0.823529
21724     0.827451
21725     0.827451
21726     0.827451
21727     0.831373
21728     0.835294
21729     0.835294
21730     0.831373
21731     0.827451
21732     0.827451
21733     0.827451
21734     0.835294
21735     0.850980
21736     0.866667
21737     0.874510
21738     0.874510
21739     0.870588
21740     0.866667
21741     0.874510
21742     0.874510
21743     0.878431
21744     0.882353
21745     0.886275
21746     0.882353
21747     0.866667
21748     0.854902
21749     0.847059
21750     0.858824
21751     0.874510
21752     0.878431
21753     0.866667
21754     0.854902
21755     0.847059
21756     0.847059
21757     0.866667
21758     0.866667
21759     0.862745
21760     0.862745
21761     0.854902
21762     0.850980
21763     0.847059
21764     0.843137
21765     0.827451
21766     0.827451
21767     0.827451
21768     0.831373
21769     0.831373
21770     0.831373
21771     0.831373
21772     0.831373
21773     0.800000
21774     0.792157
21775     0.800000
21776     0.811765
21777     0.796078
21778     0.768627
21779     0.772549
21780     0.796078
21781     0.847059
21782     0.866667
21783     0.886275
21784     0.890196
21785     0.878431
21786     0.862745
21787     0.854902
21788     0.858824
21789     0.847059
21790     0.847059
21791     0.847059
21792     0.650980
21793     0.647059
21794     0.635294
21795     0.619608
21796     0.603922
21797     0.592157
21798     0.592157
21799     0.592157
21800     0.603922
21801     0.549020
21802     0.529412
21803     0.564706
21804     0.596078
21805     0.592157
21806     0.584314
21807     0.596078
21808     0.592157
21809     0.615686
21810     0.611765
21811     0.627451
21812     0.670588
21813     0.686275
21814     0.713726
21815     0.784314
21816     0.854902
21817     0.898039
21818     0.933333
21819     0.921569
21820     0.894118
21821     0.886275
21822     0.886275
21823     0.886275
21824     0.874510
21825     0.870588
21826     0.862745
21827     0.858824
21828     0.858824
21829     0.862745
21830     0.874510
21831     0.878431
21832     0.870588
21833     0.866667
21834     0.862745
21835     0.858824
21836     0.858824
21837     0.858824
21838     0.858824
21839     0.862745
21840     0.854902
21841     0.858824
21842     0.862745
21843     0.866667
21844     0.862745
21845     0.850980
21846     0.843137
21847     0.835294
21848     0.839216
21849     0.847059
21850     0.850980
21851     0.843137
21852     0.839216
21853     0.843137
21854     0.862745
21855     0.878431
21856     0.870588
21857     0.866667
21858     0.862745
21859     0.870588
21860     0.882353
21861     0.886275
21862     0.886275
21863     0.882353
21864     0.858824
21865     0.878431
21866     0.898039
21867     0.901961
21868     0.890196
21869     0.890196
21870     0.901961
21871     0.921569
21872     0.913725
21873     0.913725
21874     0.905882
21875     0.894118
21876     0.882353
21877     0.878431
21878     0.882353
21879     0.890196
21880     0.886275
21881     0.886275
21882     0.882353
21883     0.878431
21884     0.870588
21885     0.854902
21886     0.843137
21887     0.839216
21888     0.835294
21889     0.839216
21890     0.843137
21891     0.847059
21892     0.843137
21893     0.835294
21894     0.823529
21895     0.815686
21896     0.815686
21897     0.823529
21898     0.835294
21899     0.839216
21900     0.835294
21901     0.835294
21902     0.843137
21903     0.847059
21904     0.839216
21905     0.839216
21906     0.839216
21907     0.843137
21908     0.850980
21909     0.854902
21910     0.862745
21911     0.866667
21912     0.890196
21913     0.890196
21914     0.890196
21915     0.894118
21916     0.894118
21917     0.890196
21918     0.886275
21919     0.886275
21920     0.898039
21921     0.898039
21922     0.898039
21923     0.898039
21924     0.898039
21925     0.898039
21926     0.898039
21927     0.898039
21928     0.882353
21929     0.874510
21930     0.866667
21931     0.870588
21932     0.874510
21933     0.870588
21934     0.854902
21935     0.839216
21936     0.862745
21937     0.870588
21938     0.878431
21939     0.878431
21940     0.874510
21941     0.870588
21942     0.878431
21943     0.886275
21944     0.878431
21945     0.874510
21946     0.870588
21947     0.862745
21948     0.850980
21949     0.839216
21950     0.831373
21951     0.823529
21952     0.819608
21953     0.827451
21954     0.843137
21955     0.854902
21956     0.854902
21957     0.850980
21958     0.843137
21959     0.839216
21960     0.807843
21961     0.823529
21962     0.847059
21963     0.870588
21964     0.882353
21965     0.882353
21966     0.878431
21967     0.870588
21968     0.870588
21969     0.878431
21970     0.890196
21971     0.894118
21972     0.890196
21973     0.874510
21974     0.858824
21975     0.847059
21976     0.847059
21977     0.854902
21978     0.862745
21979     0.866667
21980     0.866667
21981     0.862745
21982     0.854902
21983     0.847059
21984     0.882353
21985     0.874510
21986     0.866667
21987     0.858824
21988     0.854902
21989     0.847059
21990     0.831373
21991     0.819608
21992     0.803922
21993     0.815686
21994     0.831373
21995     0.843137
21996     0.847059
21997     0.847059
21998     0.839216
21999     0.835294
22000     0.835294
22001     0.807843
22002     0.807843
22003     0.831373
22004     0.827451
22005     0.796078
22006     0.807843
22007     0.847059
22008     0.886275
22009     0.909804
22010     0.917647
22011     0.898039
22012     0.878431
22013     0.870588
22014     0.862745
22015     0.850980
22016     0.831373
22017     0.827451
22018     0.827451
22019     0.686275
22020     0.690196
22021     0.690196
22022     0.682353
22023     0.666667
22024     0.650980
22025     0.639216
22026     0.631373
22027     0.658824
22028     0.635294
22029     0.619608
22030     0.615686
22031     0.607843
22032     0.596078
22033     0.596078
22034     0.607843
22035     0.603922
22036     0.623529
22037     0.615686
22038     0.627451
22039     0.662745
22040     0.678431
22041     0.705882
22042     0.772549
22043     0.858824
22044     0.894118
22045     0.917647
22046     0.909804
22047     0.890196
22048     0.886275
22049     0.882353
22050     0.874510
22051     0.874510
22052     0.866667
22053     0.858824
22054     0.854902
22055     0.854902
22056     0.858824
22057     0.866667
22058     0.874510
22059     0.874510
22060     0.870588
22061     0.866667
22062     0.866667
22063     0.862745
22064     0.862745
22065     0.866667
22066     0.866667
22067     0.858824
22068     0.862745
22069     0.866667
22070     0.866667
22071     0.862745
22072     0.854902
22073     0.847059
22074     0.839216
22075     0.843137
22076     0.850980
22077     0.850980
22078     0.843137
22079     0.839216
22080     0.843137
22081     0.858824
22082     0.874510
22083     0.870588
22084     0.866667
22085     0.866667
22086     0.870588
22087     0.878431
22088     0.878431
22089     0.870588
22090     0.862745
22091     0.850980
22092     0.870588
22093     0.886275
22094     0.886275
22095     0.878431
22096     0.878431
22097     0.890196
22098     0.905882
22099     0.894118
22100     0.898039
22101     0.898039
22102     0.890196
22103     0.878431
22104     0.874510
22105     0.878431
22106     0.882353
22107     0.878431
22108     0.874510
22109     0.874510
22110     0.870588
22111     0.862745
22112     0.850980
22113     0.839216
22114     0.831373
22115     0.827451
22116     0.831373
22117     0.839216
22118     0.843137
22119     0.843137
22120     0.835294
22121     0.827451
22122     0.823529
22123     0.831373
22124     0.839216
22125     0.847059
22126     0.847059
22127     0.843137
22128     0.839216
22129     0.843137
22130     0.847059
22131     0.843137
22132     0.843137
22133     0.843137
22134     0.843137
22135     0.847059
22136     0.854902
22137     0.862745
22138     0.870588
22139     0.886275
22140     0.886275
22141     0.890196
22142     0.890196
22143     0.890196
22144     0.886275
22145     0.886275
22146     0.882353
22147     0.894118
22148     0.894118
22149     0.894118
22150     0.898039
22151     0.898039
22152     0.898039
22153     0.898039
22154     0.898039
22155     0.882353
22156     0.874510
22157     0.866667
22158     0.870588
22159     0.874510
22160     0.870588
22161     0.854902
22162     0.843137
22163     0.862745
22164     0.870588
22165     0.878431
22166     0.874510
22167     0.870588
22168     0.870588
22169     0.878431
22170     0.882353
22171     0.882353
22172     0.882353
22173     0.874510
22174     0.866667
22175     0.854902
22176     0.843137
22177     0.831373
22178     0.827451
22179     0.831373
22180     0.839216
22181     0.850980
22182     0.858824
22183     0.858824
22184     0.854902
22185     0.843137
22186     0.839216
22187     0.819608
22188     0.831373
22189     0.850980
22190     0.870588
22191     0.878431
22192     0.878431
22193     0.874510
22194     0.870588
22195     0.866667
22196     0.874510
22197     0.882353
22198     0.886275
22199     0.882353
22200     0.870588
22201     0.862745
22202     0.854902
22203     0.850980
22204     0.850980
22205     0.858824
22206     0.858824
22207     0.858824
22208     0.858824
22209     0.850980
22210     0.850980
22211     0.878431
22212     0.870588
22213     0.858824
22214     0.854902
22215     0.850980
22216     0.847059
22217     0.835294
22218     0.827451
22219     0.831373
22220     0.839216
22221     0.850980
22222     0.862745
22223     0.866667
22224     0.866667
22225     0.862745
22226     0.858824
22227     0.862745
22228     0.835294
22229     0.831373
22230     0.850980
22231     0.847059
22232     0.823529
22233     0.835294
22234     0.870588
22235     0.905882
22236     0.925490
22237     0.933333
22238     0.913725
22239     0.890196
22240     0.882353
22241     0.874510
22242     0.858824
22243     0.831373
22244     0.827451
22245     0.823529
22246     0.721569
22247     0.729412
22248     0.737255
22249     0.737255
22250     0.725490
22251     0.705882
22252     0.682353
22253     0.666667
22254     0.682353
22255     0.698039
22256     0.686275
22257     0.643137
22258     0.600000
22259     0.592157
22260     0.603922
22261     0.611765
22262     0.615686
22263     0.627451
22264     0.615686
22265     0.623529
22266     0.654902
22267     0.666667
22268     0.698039
22269     0.764706
22270     0.862745
22271     0.890196
22272     0.901961
22273     0.894118
22274     0.886275
22275     0.886275
22276     0.878431
22277     0.866667
22278     0.866667
22279     0.862745
22280     0.854902
22281     0.847059
22282     0.847059
22283     0.854902
22284     0.862745
22285     0.866667
22286     0.878431
22287     0.874510
22288     0.870588
22289     0.866667
22290     0.866667
22291     0.866667
22292     0.866667
22293     0.870588
22294     0.862745
22295     0.862745
22296     0.866667
22297     0.870588
22298     0.866667
22299     0.858824
22300     0.850980
22301     0.847059
22302     0.850980
22303     0.850980
22304     0.850980
22305     0.847059
22306     0.839216
22307     0.843137
22308     0.850980
22309     0.862745
22310     0.866667
22311     0.866667
22312     0.866667
22313     0.870588
22314     0.874510
22315     0.866667
22316     0.850980
22317     0.839216
22318     0.839216
22319     0.850980
22320     0.866667
22321     0.866667
22322     0.858824
22323     0.862745
22324     0.874510
22325     0.886275
22326     0.874510
22327     0.882353
22328     0.886275
22329     0.882353
22330     0.874510
22331     0.870588
22332     0.870588
22333     0.874510
22334     0.870588
22335     0.866667
22336     0.866667
22337     0.862745
22338     0.854902
22339     0.843137
22340     0.835294
22341     0.831373
22342     0.823529
22343     0.827451
22344     0.835294
22345     0.839216
22346     0.839216
22347     0.839216
22348     0.831373
22349     0.831373
22350     0.850980
22351     0.854902
22352     0.858824
22353     0.854902
22354     0.847059
22355     0.843137
22356     0.843137
22357     0.850980
22358     0.854902
22359     0.850980
22360     0.847059
22361     0.847059
22362     0.850980
22363     0.858824
22364     0.870588
22365     0.878431
22366     0.882353
22367     0.882353
22368     0.886275
22369     0.890196
22370     0.890196
22371     0.886275
22372     0.886275
22373     0.882353
22374     0.890196
22375     0.890196
22376     0.890196
22377     0.894118
22378     0.894118
22379     0.894118
22380     0.898039
22381     0.898039
22382     0.878431
22383     0.874510
22384     0.870588
22385     0.870588
22386     0.870588
22387     0.866667
22388     0.854902
22389     0.847059
22390     0.866667
22391     0.870588
22392     0.878431
22393     0.874510
22394     0.870588
22395     0.870588
22396     0.874510
22397     0.882353
22398     0.890196
22399     0.886275
22400     0.882353
22401     0.874510
22402     0.862745
22403     0.847059
22404     0.839216
22405     0.831373
22406     0.843137
22407     0.847059
22408     0.854902
22409     0.862745
22410     0.862745
22411     0.858824
22412     0.850980
22413     0.847059
22414     0.843137
22415     0.847059
22416     0.858824
22417     0.866667
22418     0.874510
22419     0.874510
22420     0.874510
22421     0.870588
22422     0.862745
22423     0.866667
22424     0.870588
22425     0.870588
22426     0.870588
22427     0.866667
22428     0.866667
22429     0.862745
22430     0.854902
22431     0.854902
22432     0.850980
22433     0.850980
22434     0.850980
22435     0.850980
22436     0.854902
22437     0.854902
22438     0.878431
22439     0.866667
22440     0.854902
22441     0.847059
22442     0.850980
22443     0.850980
22444     0.847059
22445     0.843137
22446     0.858824
22447     0.858824
22448     0.866667
22449     0.874510
22450     0.878431
22451     0.878431
22452     0.878431
22453     0.878431
22454     0.882353
22455     0.858824
22456     0.854902
22457     0.866667
22458     0.858824
22459     0.843137
22460     0.858824
22461     0.894118
22462     0.921569
22463     0.937255
22464     0.941176
22465     0.917647
22466     0.898039
22467     0.890196
22468     0.874510
22469     0.858824
22470     0.835294
22471     0.827451
22472     0.823529
22473     0.768627
22474     0.772549
22475     0.772549
22476     0.776471
22477     0.768627
22478     0.749020
22479     0.725490
22480     0.705882
22481     0.690196
22482     0.717647
22483     0.709804
22484     0.647059
22485     0.607843
22486     0.611765
22487     0.623529
22488     0.615686
22489     0.619608
22490     0.631373
22491     0.615686
22492     0.619608
22493     0.650980
22494     0.662745
22495     0.694118
22496     0.764706
22497     0.862745
22498     0.882353
22499     0.890196
22500     0.886275
22501     0.886275
22502     0.890196
22503     0.882353
22504     0.862745
22505     0.862745
22506     0.858824
22507     0.850980
22508     0.843137
22509     0.843137
22510     0.847059
22511     0.854902
22512     0.858824
22513     0.874510
22514     0.870588
22515     0.866667
22516     0.862745
22517     0.862745
22518     0.862745
22519     0.862745
22520     0.866667
22521     0.862745
22522     0.866667
22523     0.866667
22524     0.870588
22525     0.866667
22526     0.862745
22527     0.858824
22528     0.854902
22529     0.854902
22530     0.854902
22531     0.850980
22532     0.847059
22533     0.843137
22534     0.843137
22535     0.843137
22536     0.847059
22537     0.850980
22538     0.850980
22539     0.854902
22540     0.866667
22541     0.870588
22542     0.862745
22543     0.843137
22544     0.831373
22545     0.827451
22546     0.835294
22547     0.847059
22548     0.847059
22549     0.843137
22550     0.847059
22551     0.858824
22552     0.866667
22553     0.858824
22554     0.870588
22555     0.882353
22556     0.882353
22557     0.878431
22558     0.870588
22559     0.870588
22560     0.870588
22561     0.866667
22562     0.866667
22563     0.862745
22564     0.858824
22565     0.854902
22566     0.847059
22567     0.843137
22568     0.839216
22569     0.831373
22570     0.831373
22571     0.835294
22572     0.839216
22573     0.835294
22574     0.835294
22575     0.827451
22576     0.827451
22577     0.847059
22578     0.850980
22579     0.854902
22580     0.850980
22581     0.847059
22582     0.843137
22583     0.850980
22584     0.854902
22585     0.870588
22586     0.862745
22587     0.858824
22588     0.854902
22589     0.858824
22590     0.866667
22591     0.878431
22592     0.886275
22593     0.882353
22594     0.886275
22595     0.890196
22596     0.890196
22597     0.894118
22598     0.890196
22599     0.890196
22600     0.890196
22601     0.882353
22602     0.886275
22603     0.886275
22604     0.886275
22605     0.890196
22606     0.890196
22607     0.894118
22608     0.894118
22609     0.878431
22610     0.874510
22611     0.870588
22612     0.870588
22613     0.866667
22614     0.862745
22615     0.854902
22616     0.850980
22617     0.866667
22618     0.870588
22619     0.874510
22620     0.874510
22621     0.866667
22622     0.866667
22623     0.870588
22624     0.878431
22625     0.890196
22626     0.890196
22627     0.886275
22628     0.878431
22629     0.866667
22630     0.854902
22631     0.847059
22632     0.839216
22633     0.843137
22634     0.850980
22635     0.858824
22636     0.866667
22637     0.870588
22638     0.870588
22639     0.866667
22640     0.862745
22641     0.862745
22642     0.862745
22643     0.866667
22644     0.866667
22645     0.870588
22646     0.870588
22647     0.870588
22648     0.870588
22649     0.858824
22650     0.858824
22651     0.858824
22652     0.858824
22653     0.862745
22654     0.866667
22655     0.866667
22656     0.870588
22657     0.866667
22658     0.862745
22659     0.854902
22660     0.850980
22661     0.850980
22662     0.854902
22663     0.862745
22664     0.866667
22665     0.882353
22666     0.870588
22667     0.854902
22668     0.850980
22669     0.854902
22670     0.862745
22671     0.862745
22672     0.862745
22673     0.866667
22674     0.866667
22675     0.866667
22676     0.870588
22677     0.874510
22678     0.878431
22679     0.882353
22680     0.882353
22681     0.890196
22682     0.870588
22683     0.862745
22684     0.866667
22685     0.862745
22686     0.850980
22687     0.866667
22688     0.898039
22689     0.921569
22690     0.937255
22691     0.937255
22692     0.913725
22693     0.898039
22694     0.890196
22695     0.874510
22696     0.854902
22697     0.843137
22698     0.835294
22699     0.827451
22700     0.843137
22701     0.831373
22702     0.819608
22703     0.811765
22704     0.807843
22705     0.796078
22706     0.780392
22707     0.764706
22708     0.721569
22709     0.737255
22710     0.721569
22711     0.670588
22712     0.647059
22713     0.654902
22714     0.650980
22715     0.623529
22716     0.619608
22717     0.631373
22718     0.619608
22719     0.623529
22720     0.654902
22721     0.666667
22722     0.694118
22723     0.760784
22724     0.850980
22725     0.874510
22726     0.886275
22727     0.886275
22728     0.886275
22729     0.890196
22730     0.882353
22731     0.862745
22732     0.862745
22733     0.858824
22734     0.847059
22735     0.839216
22736     0.839216
22737     0.843137
22738     0.847059
22739     0.854902
22740     0.866667
22741     0.862745
22742     0.858824
22743     0.854902
22744     0.854902
22745     0.854902
22746     0.858824
22747     0.858824
22748     0.862745
22749     0.866667
22750     0.866667
22751     0.866667
22752     0.862745
22753     0.862745
22754     0.858824
22755     0.858824
22756     0.858824
22757     0.850980
22758     0.847059
22759     0.843137
22760     0.843137
22761     0.843137
22762     0.839216
22763     0.839216
22764     0.831373
22765     0.831373
22766     0.843137
22767     0.854902
22768     0.866667
22769     0.862745
22770     0.850980
22771     0.839216
22772     0.827451
22773     0.831373
22774     0.831373
22775     0.831373
22776     0.831373
22777     0.839216
22778     0.847059
22779     0.854902
22780     0.858824
22781     0.870588
22782     0.882353
22783     0.882353
22784     0.878431
22785     0.874510
22786     0.874510
22787     0.874510
22788     0.874510
22789     0.870588
22790     0.866667
22791     0.862745
22792     0.858824
22793     0.854902
22794     0.854902
22795     0.854902
22796     0.847059
22797     0.847059
22798     0.847059
22799     0.839216
22800     0.835294
22801     0.827451
22802     0.823529
22803     0.819608
22804     0.835294
22805     0.839216
22806     0.843137
22807     0.843137
22808     0.839216
22809     0.843137
22810     0.854902
22811     0.862745
22812     0.878431
22813     0.874510
22814     0.866667
22815     0.866667
22816     0.870588
22817     0.874510
22818     0.886275
22819     0.890196
22820     0.882353
22821     0.886275
22822     0.890196
22823     0.894118
22824     0.898039
22825     0.898039
22826     0.894118
22827     0.894118
22828     0.882353
22829     0.882353
22830     0.882353
22831     0.882353
22832     0.882353
22833     0.882353
22834     0.882353
22835     0.882353
22836     0.878431
22837     0.878431
22838     0.874510
22839     0.870588
22840     0.862745
22841     0.858824
22842     0.854902
22843     0.858824
22844     0.866667
22845     0.870588
22846     0.874510
22847     0.874510
22848     0.866667
22849     0.862745
22850     0.866667
22851     0.874510
22852     0.890196
22853     0.886275
22854     0.886275
22855     0.878431
22856     0.870588
22857     0.862745
22858     0.854902
22859     0.850980
22860     0.843137
22861     0.847059
22862     0.858824
22863     0.866667
22864     0.874510
22865     0.878431
22866     0.878431
22867     0.878431
22868     0.874510
22869     0.874510
22870     0.874510
22871     0.870588
22872     0.870588
22873     0.870588
22874     0.874510
22875     0.874510
22876     0.858824
22877     0.858824
22878     0.854902
22879     0.854902
22880     0.858824
22881     0.862745
22882     0.870588
22883     0.874510
22884     0.878431
22885     0.870588
22886     0.862745
22887     0.854902
22888     0.854902
22889     0.862745
22890     0.870588
22891     0.878431
22892     0.886275
22893     0.874510
22894     0.862745
22895     0.858824
22896     0.866667
22897     0.874510
22898     0.878431
22899     0.878431
22900     0.870588
22901     0.870588
22902     0.870588
22903     0.874510
22904     0.878431
22905     0.878431
22906     0.882353
22907     0.882353
22908     0.890196
22909     0.882353
22910     0.874510
22911     0.874510
22912     0.866667
22913     0.862745
22914     0.878431
22915     0.898039
22916     0.925490
22917     0.933333
22918     0.933333
22919     0.917647
22920     0.905882
22921     0.901961
22922     0.886275
22923     0.862745
22924     0.858824
22925     0.847059
22926     0.839216
22927     0.901961
22928     0.878431
22929     0.854902
22930     0.839216
22931     0.835294
22932     0.827451
22933     0.815686
22934     0.800000
22935     0.764706
22936     0.756863
22937     0.733333
22938     0.705882
22939     0.690196
22940     0.682353
22941     0.658824
22942     0.627451
22943     0.627451
22944     0.643137
22945     0.631373
22946     0.635294
22947     0.666667
22948     0.666667
22949     0.686275
22950     0.749020
22951     0.823529
22952     0.854902
22953     0.882353
22954     0.886275
22955     0.882353
22956     0.886275
22957     0.878431
22958     0.862745
22959     0.866667
22960     0.858824
22961     0.847059
22962     0.839216
22963     0.839216
22964     0.839216
22965     0.847059
22966     0.850980
22967     0.862745
22968     0.858824
22969     0.854902
22970     0.854902
22971     0.850980
22972     0.850980
22973     0.854902
22974     0.854902
22975     0.862745
22976     0.862745
22977     0.862745
22978     0.858824
22979     0.858824
22980     0.858824
22981     0.858824
22982     0.858824
22983     0.854902
22984     0.847059
22985     0.843137
22986     0.843137
22987     0.847059
22988     0.847059
22989     0.839216
22990     0.835294
22991     0.819608
22992     0.823529
22993     0.831373
22994     0.847059
22995     0.858824
22996     0.862745
22997     0.858824
22998     0.850980
22999     0.831373
23000     0.831373
23001     0.827451
23002     0.827451
23003     0.831373
23004     0.839216
23005     0.847059
23006     0.850980
23007     0.866667
23008     0.874510
23009     0.882353
23010     0.882353
23011     0.878431
23012     0.874510
23013     0.874510
23014     0.878431
23015     0.878431
23016     0.874510
23017     0.870588
23018     0.866667
23019     0.862745
23020     0.862745
23021     0.862745
23022     0.866667
23023     0.862745
23024     0.858824
23025     0.854902
23026     0.847059
23027     0.839216
23028     0.831373
23029     0.823529
23030     0.823529
23031     0.831373
23032     0.835294
23033     0.835294
23034     0.835294
23035     0.831373
23036     0.839216
23037     0.850980
23038     0.862745
23039     0.874510
23040     0.874510
23041     0.870588
23042     0.870588
23043     0.874510
23044     0.878431
23045     0.882353
23046     0.882353
23047     0.878431
23048     0.882353
23049     0.886275
23050     0.894118
23051     0.894118
23052     0.894118
23053     0.894118
23054     0.894118
23055     0.886275
23056     0.886275
23057     0.882353
23058     0.882353
23059     0.878431
23060     0.874510
23061     0.870588
23062     0.870588
23063     0.878431
23064     0.878431
23065     0.878431
23066     0.866667
23067     0.858824
23068     0.854902
23069     0.854902
23070     0.862745
23071     0.866667
23072     0.870588
23073     0.874510
23074     0.870588
23075     0.862745
23076     0.862745
23077     0.862745
23078     0.870588
23079     0.878431
23080     0.878431
23081     0.878431
23082     0.878431
23083     0.874510
23084     0.870588
23085     0.862745
23086     0.858824
23087     0.847059
23088     0.850980
23089     0.858824
23090     0.866667
23091     0.874510
23092     0.878431
23093     0.882353
23094     0.882353
23095     0.882353
23096     0.882353
23097     0.878431
23098     0.878431
23099     0.878431
23100     0.874510
23101     0.874510
23102     0.874510
23103     0.858824
23104     0.858824
23105     0.858824
23106     0.858824
23107     0.858824
23108     0.862745
23109     0.870588
23110     0.870588
23111     0.882353
23112     0.874510
23113     0.866667
23114     0.862745
23115     0.862745
23116     0.866667
23117     0.874510
23118     0.882353
23119     0.882353
23120     0.874510
23121     0.866667
23122     0.866667
23123     0.870588
23124     0.878431
23125     0.878431
23126     0.874510
23127     0.878431
23128     0.878431
23129     0.882353
23130     0.890196
23131     0.890196
23132     0.890196
23133     0.886275
23134     0.886275
23135     0.894118
23136     0.894118
23137     0.894118
23138     0.890196
23139     0.886275
23140     0.882353
23141     0.894118
23142     0.901961
23143     0.925490
23144     0.933333
23145     0.933333
23146     0.921569
23147     0.921569
23148     0.925490
23149     0.909804
23150     0.882353
23151     0.874510
23152     0.866667
23153     0.854902
23154     0.949020
23155     0.921569
23156     0.894118
23157     0.878431
23158     0.870588
23159     0.862745
23160     0.847059
23161     0.827451
23162     0.800000
23163     0.776471
23164     0.764706
23165     0.760784
23166     0.745098
23167     0.713726
23168     0.682353
23169     0.670588
23170     0.643137
23171     0.662745
23172     0.650980
23173     0.650980
23174     0.674510
23175     0.662745
23176     0.670588
23177     0.725490
23178     0.784314
23179     0.831373
23180     0.874510
23181     0.882353
23182     0.874510
23183     0.870588
23184     0.870588
23185     0.862745
23186     0.866667
23187     0.862745
23188     0.850980
23189     0.843137
23190     0.839216
23191     0.839216
23192     0.847059
23193     0.850980
23194     0.866667
23195     0.862745
23196     0.858824
23197     0.854902
23198     0.854902
23199     0.854902
23200     0.854902
23201     0.858824
23202     0.858824
23203     0.858824
23204     0.854902
23205     0.854902
23206     0.854902
23207     0.854902
23208     0.858824
23209     0.858824
23210     0.850980
23211     0.843137
23212     0.839216
23213     0.843137
23214     0.850980
23215     0.850980
23216     0.843137
23217     0.831373
23218     0.823529
23219     0.819608
23220     0.827451
23221     0.839216
23222     0.854902
23223     0.862745
23224     0.862745
23225     0.854902
23226     0.843137
23227     0.835294
23228     0.827451
23229     0.827451
23230     0.835294
23231     0.843137
23232     0.850980
23233     0.854902
23234     0.874510
23235     0.878431
23236     0.878431
23237     0.874510
23238     0.866667
23239     0.866667
23240     0.874510
23241     0.878431
23242     0.878431
23243     0.874510
23244     0.866667
23245     0.862745
23246     0.862745
23247     0.866667
23248     0.870588
23249     0.870588
23250     0.866667
23251     0.862745
23252     0.854902
23253     0.847059
23254     0.843137
23255     0.839216
23256     0.835294
23257     0.835294
23258     0.839216
23259     0.839216
23260     0.839216
23261     0.835294
23262     0.831373
23263     0.835294
23264     0.847059
23265     0.858824
23266     0.858824
23267     0.862745
23268     0.866667
23269     0.870588
23270     0.870588
23271     0.870588
23272     0.866667
23273     0.866667
23274     0.870588
23275     0.874510
23276     0.878431
23277     0.882353
23278     0.886275
23279     0.886275
23280     0.886275
23281     0.886275
23282     0.894118
23283     0.890196
23284     0.886275
23285     0.878431
23286     0.874510
23287     0.866667
23288     0.862745
23289     0.858824
23290     0.878431
23291     0.882353
23292     0.878431
23293     0.866667
23294     0.854902
23295     0.850980
23296     0.858824
23297     0.866667
23298     0.866667
23299     0.870588
23300     0.874510
23301     0.870588
23302     0.862745
23303     0.858824
23304     0.862745
23305     0.866667
23306     0.866667
23307     0.870588
23308     0.874510
23309     0.874510
23310     0.874510
23311     0.874510
23312     0.870588
23313     0.870588
23314     0.858824
23315     0.858824
23316     0.862745
23317     0.866667
23318     0.870588
23319     0.870588
23320     0.874510
23321     0.874510
23322     0.882353
23323     0.882353
23324     0.886275
23325     0.886275
23326     0.882353
23327     0.882353
23328     0.874510
23329     0.874510
23330     0.862745
23331     0.862745
23332     0.862745
23333     0.866667
23334     0.866667
23335     0.866667
23336     0.866667
23337     0.866667
23338     0.874510
23339     0.874510
23340     0.866667
23341     0.866667
23342     0.866667
23343     0.866667
23344     0.874510
23345     0.874510
23346     0.874510
23347     0.870588
23348     0.862745
23349     0.866667
23350     0.870588
23351     0.874510
23352     0.870588
23353     0.862745
23354     0.874510
23355     0.882353
23356     0.890196
23357     0.894118
23358     0.898039
23359     0.894118
23360     0.886275
23361     0.882353
23362     0.890196
23363     0.901961
23364     0.905882
23365     0.901961
23366     0.894118
23367     0.894118
23368     0.898039
23369     0.898039
23370     0.909804
23371     0.921569
23372     0.921569
23373     0.917647
23374     0.925490
23375     0.937255
23376     0.921569
23377     0.894118
23378     0.894118
23379     0.882353
23380     0.866667
23381     0.996078
23382     0.972549
23383     0.941176
23384     0.929412
23385     0.925490
23386     0.909804
23387     0.886275
23388     0.862745
23389     0.831373
23390     0.807843
23391     0.811765
23392     0.827451
23393     0.807843
23394     0.756863
23395     0.733333
23396     0.745098
23397     0.658824
23398     0.678431
23399     0.666667
23400     0.662745
23401     0.678431
23402     0.658824
23403     0.658824
23404     0.705882
23405     0.756863
23406     0.815686
23407     0.870588
23408     0.878431
23409     0.866667
23410     0.862745
23411     0.858824
23412     0.858824
23413     0.870588
23414     0.862745
23415     0.850980
23416     0.843137
23417     0.839216
23418     0.843137
23419     0.847059
23420     0.850980
23421     0.870588
23422     0.866667
23423     0.862745
23424     0.858824
23425     0.858824
23426     0.858824
23427     0.858824
23428     0.862745
23429     0.854902
23430     0.854902
23431     0.850980
23432     0.850980
23433     0.850980
23434     0.854902
23435     0.854902
23436     0.858824
23437     0.847059
23438     0.839216
23439     0.835294
23440     0.839216
23441     0.850980
23442     0.854902
23443     0.843137
23444     0.831373
23445     0.831373
23446     0.827451
23447     0.827451
23448     0.835294
23449     0.850980
23450     0.858824
23451     0.858824
23452     0.858824
23453     0.850980
23454     0.843137
23455     0.831373
23456     0.831373
23457     0.839216
23458     0.847059
23459     0.854902
23460     0.854902
23461     0.878431
23462     0.878431
23463     0.874510
23464     0.866667
23465     0.858824
23466     0.858824
23467     0.866667
23468     0.878431
23469     0.874510
23470     0.870588
23471     0.866667
23472     0.862745
23473     0.862745
23474     0.862745
23475     0.870588
23476     0.874510
23477     0.862745
23478     0.858824
23479     0.854902
23480     0.850980
23481     0.847059
23482     0.847059
23483     0.847059
23484     0.847059
23485     0.850980
23486     0.850980
23487     0.847059
23488     0.835294
23489     0.831373
23490     0.831373
23491     0.843137
23492     0.854902
23493     0.847059
23494     0.850980
23495     0.858824
23496     0.866667
23497     0.866667
23498     0.862745
23499     0.854902
23500     0.850980
23501     0.858824
23502     0.862745
23503     0.870588
23504     0.874510
23505     0.878431
23506     0.882353
23507     0.882353
23508     0.878431
23509     0.894118
23510     0.894118
23511     0.886275
23512     0.878431
23513     0.870588
23514     0.862745
23515     0.854902
23516     0.850980
23517     0.878431
23518     0.882353
23519     0.878431
23520     0.866667
23521     0.850980
23522     0.847059
23523     0.858824
23524     0.866667
23525     0.866667
23526     0.870588
23527     0.874510
23528     0.870588
23529     0.862745
23530     0.858824
23531     0.858824
23532     0.866667
23533     0.858824
23534     0.862745
23535     0.866667
23536     0.870588
23537     0.874510
23538     0.874510
23539     0.874510
23540     0.874510
23541     0.870588
23542     0.870588
23543     0.870588
23544     0.866667
23545     0.866667
23546     0.862745
23547     0.862745
23548     0.862745
23549     0.878431
23550     0.882353
23551     0.886275
23552     0.890196
23553     0.890196
23554     0.882353
23555     0.878431
23556     0.874510
23557     0.862745
23558     0.866667
23559     0.870588
23560     0.870588
23561     0.870588
23562     0.866667
23563     0.866667
23564     0.862745
23565     0.870588
23566     0.866667
23567     0.866667
23568     0.862745
23569     0.862745
23570     0.866667
23571     0.866667
23572     0.870588
23573     0.866667
23574     0.862745
23575     0.858824
23576     0.862745
23577     0.866667
23578     0.866667
23579     0.858824
23580     0.850980
23581     0.866667
23582     0.874510
23583     0.886275
23584     0.894118
23585     0.894118
23586     0.890196
23587     0.878431
23588     0.870588
23589     0.878431
23590     0.894118
23591     0.905882
23592     0.901961
23593     0.894118
23594     0.894118
23595     0.894118
23596     0.890196
23597     0.894118
23598     0.901961
23599     0.905882
23600     0.905882
23601     0.921569
23602     0.933333
23603     0.921569
23604     0.894118
23605     0.905882
23606     0.890196
23607     0.878431
23608     0.976471
23609     0.984314
23610     0.984314
23611     0.976471
23612     0.952941
23613     0.933333
23614     0.917647
23615     0.913725
23616     0.847059
23617     0.843137
23618     0.862745
23619     0.882353
23620     0.862745
23621     0.803922
23622     0.760784
23623     0.745098
23624     0.725490
23625     0.701961
23626     0.682353
23627     0.686275
23628     0.686275
23629     0.674510
23630     0.674510
23631     0.686275
23632     0.733333
23633     0.811765
23634     0.866667
23635     0.854902
23636     0.839216
23637     0.850980
23638     0.858824
23639     0.843137
23640     0.862745
23641     0.858824
23642     0.850980
23643     0.839216
23644     0.835294
23645     0.843137
23646     0.862745
23647     0.878431
23648     0.886275
23649     0.878431
23650     0.874510
23651     0.870588
23652     0.870588
23653     0.862745
23654     0.850980
23655     0.839216
23656     0.843137
23657     0.847059
23658     0.847059
23659     0.850980
23660     0.850980
23661     0.847059
23662     0.847059
23663     0.843137
23664     0.823529
23665     0.827451
23666     0.835294
23667     0.839216
23668     0.843137
23669     0.847059
23670     0.847059
23671     0.847059
23672     0.823529
23673     0.835294
23674     0.850980
23675     0.854902
23676     0.854902
23677     0.850980
23678     0.850980
23679     0.850980
23680     0.866667
23681     0.858824
23682     0.847059
23683     0.843137
23684     0.843137
23685     0.850980
23686     0.858824
23687     0.866667
23688     0.874510
23689     0.874510
23690     0.874510
23691     0.874510
23692     0.874510
23693     0.874510
23694     0.874510
23695     0.874510
23696     0.878431
23697     0.878431
23698     0.874510
23699     0.870588
23700     0.862745
23701     0.858824
23702     0.854902
23703     0.850980
23704     0.854902
23705     0.854902
23706     0.854902
23707     0.858824
23708     0.858824
23709     0.862745
23710     0.862745
23711     0.862745
23712     0.854902
23713     0.850980
23714     0.847059
23715     0.843137
23716     0.839216
23717     0.835294
23718     0.835294
23719     0.835294
23720     0.839216
23721     0.847059
23722     0.858824
23723     0.866667
23724     0.870588
23725     0.866667
23726     0.862745
23727     0.854902
23728     0.850980
23729     0.850980
23730     0.854902
23731     0.858824
23732     0.866667
23733     0.870588
23734     0.874510
23735     0.874510
23736     0.894118
23737     0.890196
23738     0.886275
23739     0.882353
23740     0.874510
23741     0.870588
23742     0.866667
23743     0.866667
23744     0.874510
23745     0.870588
23746     0.870588
23747     0.866667
23748     0.866667
23749     0.862745
23750     0.862745
23751     0.858824
23752     0.878431
23753     0.878431
23754     0.874510
23755     0.866667
23756     0.854902
23757     0.847059
23758     0.847059
23759     0.850980
23760     0.870588
23761     0.866667
23762     0.862745
23763     0.858824
23764     0.858824
23765     0.866667
23766     0.870588
23767     0.874510
23768     0.882353
23769     0.882353
23770     0.874510
23771     0.870588
23772     0.866667
23773     0.866667
23774     0.866667
23775     0.866667
23776     0.878431
23777     0.878431
23778     0.886275
23779     0.890196
23780     0.890196
23781     0.886275
23782     0.878431
23783     0.878431
23784     0.886275
23785     0.882353
23786     0.878431
23787     0.874510
23788     0.866667
23789     0.862745
23790     0.858824
23791     0.854902
23792     0.854902
23793     0.858824
23794     0.858824
23795     0.858824
23796     0.854902
23797     0.854902
23798     0.862745
23799     0.866667
23800     0.862745
23801     0.862745
23802     0.862745
23803     0.862745
23804     0.862745
23805     0.862745
23806     0.862745
23807     0.862745
23808     0.870588
23809     0.870588
23810     0.874510
23811     0.874510
23812     0.874510
23813     0.878431
23814     0.878431
23815     0.878431
23816     0.890196
23817     0.894118
23818     0.894118
23819     0.894118
23820     0.894118
23821     0.890196
23822     0.886275
23823     0.882353
23824     0.894118
23825     0.886275
23826     0.882353
23827     0.890196
23828     0.909804
23829     0.917647
23830     0.913725
23831     0.901961
23832     0.913725
23833     0.905882
23834     0.894118
23835     0.980392
23836     0.984314
23837     0.992157
23838     0.984314
23839     0.968627
23840     0.952941
23841     0.945098
23842     0.941176
23843     0.894118
23844     0.882353
23845     0.886275
23846     0.901961
23847     0.886275
23848     0.835294
23849     0.788235
23850     0.768627
23851     0.733333
23852     0.705882
23853     0.690196
23854     0.690196
23855     0.682353
23856     0.666667
23857     0.662745
23858     0.666667
23859     0.729412
23860     0.803922
23861     0.858824
23862     0.854902
23863     0.843137
23864     0.854902
23865     0.858824
23866     0.843137
23867     0.854902
23868     0.854902
23869     0.850980
23870     0.843137
23871     0.839216
23872     0.847059
23873     0.862745
23874     0.874510
23875     0.886275
23876     0.878431
23877     0.870588
23878     0.870588
23879     0.870588
23880     0.862745
23881     0.850980
23882     0.843137
23883     0.843137
23884     0.847059
23885     0.850980
23886     0.850980
23887     0.850980
23888     0.850980
23889     0.847059
23890     0.843137
23891     0.831373
23892     0.835294
23893     0.839216
23894     0.843137
23895     0.847059
23896     0.847059
23897     0.847059
23898     0.847059
23899     0.835294
23900     0.843137
23901     0.847059
23902     0.847059
23903     0.847059
23904     0.847059
23905     0.858824
23906     0.866667
23907     0.870588
23908     0.862745
23909     0.850980
23910     0.843137
23911     0.843137
23912     0.850980
23913     0.858824
23914     0.866667
23915     0.874510
23916     0.874510
23917     0.874510
23918     0.874510
23919     0.874510
23920     0.874510
23921     0.874510
23922     0.874510
23923     0.878431
23924     0.878431
23925     0.874510
23926     0.870588
23927     0.862745
23928     0.858824
23929     0.854902
23930     0.854902
23931     0.854902
23932     0.854902
23933     0.854902
23934     0.854902
23935     0.858824
23936     0.862745
23937     0.862745
23938     0.862745
23939     0.858824
23940     0.854902
23941     0.847059
23942     0.843137
23943     0.839216
23944     0.839216
23945     0.839216
23946     0.839216
23947     0.839216
23948     0.847059
23949     0.850980
23950     0.858824
23951     0.862745
23952     0.862745
23953     0.858824
23954     0.858824
23955     0.854902
23956     0.858824
23957     0.862745
23958     0.866667
23959     0.870588
23960     0.874510
23961     0.878431
23962     0.878431
23963     0.890196
23964     0.886275
23965     0.882353
23966     0.878431
23967     0.874510
23968     0.866667
23969     0.866667
23970     0.862745
23971     0.874510
23972     0.874510
23973     0.870588
23974     0.870588
23975     0.870588
23976     0.870588
23977     0.870588
23978     0.866667
23979     0.878431
23980     0.878431
23981     0.874510
23982     0.866667
23983     0.858824
23984     0.850980
23985     0.850980
23986     0.854902
23987     0.858824
23988     0.858824
23989     0.858824
23990     0.862745
23991     0.866667
23992     0.870588
23993     0.874510
23994     0.878431
23995     0.886275
23996     0.882353
23997     0.878431
23998     0.870588
23999     0.866667
24000     0.862745
24001     0.862745
24002     0.862745
24003     0.874510
24004     0.878431
24005     0.882353
24006     0.886275
24007     0.886275
24008     0.882353
24009     0.878431
24010     0.874510
24011     0.882353
24012     0.882353
24013     0.878431
24014     0.874510
24015     0.866667
24016     0.862745
24017     0.858824
24018     0.854902
24019     0.854902
24020     0.858824
24021     0.858824
24022     0.854902
24023     0.854902
24024     0.854902
24025     0.862745
24026     0.866667
24027     0.858824
24028     0.858824
24029     0.858824
24030     0.862745
24031     0.862745
24032     0.862745
24033     0.862745
24034     0.862745
24035     0.866667
24036     0.870588
24037     0.870588
24038     0.874510
24039     0.874510
24040     0.878431
24041     0.878431
24042     0.878431
24043     0.898039
24044     0.898039
24045     0.898039
24046     0.898039
24047     0.890196
24048     0.886275
24049     0.878431
24050     0.878431
24051     0.886275
24052     0.882353
24053     0.878431
24054     0.882353
24055     0.890196
24056     0.898039
24057     0.898039
24058     0.898039
24059     0.913725
24060     0.909804
24061     0.901961
24062     0.972549
24063     0.980392
24064     0.988235
24065     0.988235
24066     0.980392
24067     0.968627
24068     0.964706
24069     0.968627
24070     0.945098
24071     0.917647
24072     0.905882
24073     0.909804
24074     0.901961
24075     0.866667
24076     0.823529
24077     0.800000
24078     0.749020
24079     0.721569
24080     0.701961
24081     0.698039
24082     0.686275
24083     0.662745
24084     0.647059
24085     0.647059
24086     0.713726
24087     0.784314
24088     0.843137
24089     0.850980
24090     0.843137
24091     0.850980
24092     0.850980
24093     0.839216
24094     0.847059
24095     0.850980
24096     0.854902
24097     0.854902
24098     0.854902
24099     0.858824
24100     0.866667
24101     0.878431
24102     0.882353
24103     0.878431
24104     0.870588
24105     0.870588
24106     0.870588
24107     0.862745
24108     0.854902
24109     0.843137
24110     0.847059
24111     0.847059
24112     0.850980
24113     0.854902
24114     0.854902
24115     0.850980
24116     0.847059
24117     0.847059
24118     0.843137
24119     0.843137
24120     0.843137
24121     0.843137
24122     0.843137
24123     0.843137
24124     0.843137
24125     0.843137
24126     0.847059
24127     0.847059
24128     0.847059
24129     0.843137
24130     0.843137
24131     0.850980
24132     0.866667
24133     0.882353
24134     0.874510
24135     0.870588
24136     0.858824
24137     0.850980
24138     0.847059
24139     0.850980
24140     0.858824
24141     0.862745
24142     0.874510
24143     0.874510
24144     0.874510
24145     0.874510
24146     0.874510
24147     0.874510
24148     0.874510
24149     0.874510
24150     0.878431
24151     0.878431
24152     0.874510
24153     0.870588
24154     0.866667
24155     0.862745
24156     0.858824
24157     0.858824
24158     0.858824
24159     0.858824
24160     0.854902
24161     0.854902
24162     0.854902
24163     0.858824
24164     0.862745
24165     0.866667
24166     0.858824
24167     0.854902
24168     0.850980
24169     0.847059
24170     0.843137
24171     0.843137
24172     0.843137
24173     0.843137
24174     0.843137
24175     0.847059
24176     0.847059
24177     0.850980
24178     0.854902
24179     0.858824
24180     0.858824
24181     0.862745
24182     0.862745
24183     0.862745
24184     0.866667
24185     0.870588
24186     0.874510
24187     0.878431
24188     0.882353
24189     0.886275
24190     0.882353
24191     0.882353
24192     0.878431
24193     0.874510
24194     0.870588
24195     0.862745
24196     0.862745
24197     0.858824
24198     0.870588
24199     0.870588
24200     0.870588
24201     0.874510
24202     0.874510
24203     0.874510
24204     0.874510
24205     0.874510
24206     0.878431
24207     0.874510
24208     0.870588
24209     0.866667
24210     0.866667
24211     0.862745
24212     0.858824
24213     0.858824
24214     0.847059
24215     0.850980
24216     0.858824
24217     0.862745
24218     0.870588
24219     0.874510
24220     0.878431
24221     0.878431
24222     0.882353
24223     0.878431
24224     0.870588
24225     0.866667
24226     0.858824
24227     0.858824
24228     0.854902
24229     0.854902
24230     0.874510
24231     0.874510
24232     0.878431
24233     0.882353
24234     0.882353
24235     0.878431
24236     0.874510
24237     0.874510
24238     0.878431
24239     0.878431
24240     0.874510
24241     0.870588
24242     0.866667
24243     0.862745
24244     0.858824
24245     0.858824
24246     0.854902
24247     0.854902
24248     0.854902
24249     0.854902
24250     0.854902
24251     0.858824
24252     0.862745
24253     0.866667
24254     0.854902
24255     0.854902
24256     0.858824
24257     0.858824
24258     0.862745
24259     0.862745
24260     0.866667
24261     0.866667
24262     0.862745
24263     0.862745
24264     0.866667
24265     0.870588
24266     0.874510
24267     0.878431
24268     0.882353
24269     0.882353
24270     0.901961
24271     0.901961
24272     0.901961
24273     0.898039
24274     0.890196
24275     0.882353
24276     0.878431
24277     0.874510
24278     0.878431
24279     0.882353
24280     0.878431
24281     0.874510
24282     0.866667
24283     0.870588
24284     0.878431
24285     0.886275
24286     0.909804
24287     0.909804
24288     0.909804
24289     0.968627
24290     0.976471
24291     0.984314
24292     0.980392
24293     0.972549
24294     0.968627
24295     0.968627
24296     0.968627
24297     0.968627
24298     0.937255
24299     0.909804
24300     0.905882
24301     0.905882
24302     0.890196
24303     0.854902
24304     0.823529
24305     0.768627
24306     0.741176
24307     0.721569
24308     0.713726
24309     0.694118
24310     0.666667
24311     0.647059
24312     0.643137
24313     0.694118
24314     0.756863
24315     0.819608
24316     0.835294
24317     0.839216
24318     0.843137
24319     0.843137
24320     0.835294
24321     0.850980
24322     0.858824
24323     0.870588
24324     0.870588
24325     0.870588
24326     0.870588
24327     0.878431
24328     0.882353
24329     0.882353
24330     0.874510
24331     0.870588
24332     0.870588
24333     0.870588
24334     0.866667
24335     0.854902
24336     0.847059
24337     0.850980
24338     0.850980
24339     0.854902
24340     0.854902
24341     0.854902
24342     0.854902
24343     0.850980
24344     0.850980
24345     0.847059
24346     0.847059
24347     0.843137
24348     0.839216
24349     0.839216
24350     0.835294
24351     0.835294
24352     0.839216
24353     0.847059
24354     0.850980
24355     0.854902
24356     0.854902
24357     0.854902
24358     0.858824
24359     0.870588
24360     0.882353
24361     0.878431
24362     0.874510
24363     0.866667
24364     0.858824
24365     0.854902
24366     0.858824
24367     0.862745
24368     0.862745
24369     0.878431
24370     0.878431
24371     0.878431
24372     0.878431
24373     0.878431
24374     0.878431
24375     0.878431
24376     0.878431
24377     0.878431
24378     0.878431
24379     0.874510
24380     0.870588
24381     0.866667
24382     0.862745
24383     0.862745
24384     0.858824
24385     0.862745
24386     0.858824
24387     0.854902
24388     0.854902
24389     0.854902
24390     0.858824
24391     0.862745
24392     0.866667
24393     0.858824
24394     0.858824
24395     0.854902
24396     0.850980
24397     0.847059
24398     0.847059
24399     0.847059
24400     0.850980
24401     0.854902
24402     0.854902
24403     0.850980
24404     0.854902
24405     0.854902
24406     0.862745
24407     0.866667
24408     0.870588
24409     0.858824
24410     0.862745
24411     0.866667
24412     0.870588
24413     0.874510
24414     0.878431
24415     0.882353
24416     0.886275
24417     0.874510
24418     0.874510
24419     0.870588
24420     0.870588
24421     0.866667
24422     0.862745
24423     0.858824
24424     0.858824
24425     0.862745
24426     0.866667
24427     0.866667
24428     0.870588
24429     0.870588
24430     0.874510
24431     0.874510
24432     0.878431
24433     0.870588
24434     0.870588
24435     0.866667
24436     0.866667
24437     0.870588
24438     0.870588
24439     0.866667
24440     0.858824
24441     0.847059
24442     0.850980
24443     0.858824
24444     0.866667
24445     0.870588
24446     0.870588
24447     0.870588
24448     0.866667
24449     0.862745
24450     0.862745
24451     0.858824
24452     0.854902
24453     0.854902
24454     0.854902
24455     0.854902
24456     0.854902
24457     0.870588
24458     0.870588
24459     0.874510
24460     0.874510
24461     0.874510
24462     0.874510
24463     0.870588
24464     0.870588
24465     0.874510
24466     0.874510
24467     0.870588
24468     0.870588
24469     0.866667
24470     0.862745
24471     0.862745
24472     0.862745
24473     0.858824
24474     0.854902
24475     0.850980
24476     0.854902
24477     0.858824
24478     0.866667
24479     0.866667
24480     0.866667
24481     0.854902
24482     0.854902
24483     0.854902
24484     0.858824
24485     0.862745
24486     0.862745
24487     0.866667
24488     0.866667
24489     0.858824
24490     0.862745
24491     0.866667
24492     0.870588
24493     0.874510
24494     0.878431
24495     0.882353
24496     0.882353
24497     0.894118
24498     0.894118
24499     0.894118
24500     0.894118
24501     0.890196
24502     0.886275
24503     0.882353
24504     0.878431
24505     0.878431
24506     0.882353
24507     0.882353
24508     0.870588
24509     0.854902
24510     0.850980
24511     0.866667
24512     0.878431
24513     0.894118
24514     0.901961
24515     0.909804
24516     0.976471
24517     0.980392
24518     0.984314
24519     0.980392
24520     0.968627
24521     0.964706
24522     0.964706
24523     0.968627
24524     0.980392
24525     0.949020
24526     0.913725
24527     0.898039
24528     0.905882
24529     0.905882
24530     0.878431
24531     0.847059
24532     0.788235
24533     0.756863
24534     0.733333
24535     0.721569
24536     0.705882
24537     0.674510
24538     0.658824
24539     0.658824
24540     0.678431
24541     0.733333
24542     0.792157
24543     0.823529
24544     0.831373
24545     0.839216
24546     0.839216
24547     0.839216
24548     0.862745
24549     0.870588
24550     0.882353
24551     0.886275
24552     0.886275
24553     0.882353
24554     0.886275
24555     0.890196
24556     0.878431
24557     0.874510
24558     0.870588
24559     0.870588
24560     0.870588
24561     0.866667
24562     0.858824
24563     0.847059
24564     0.854902
24565     0.854902
24566     0.858824
24567     0.858824
24568     0.858824
24569     0.858824
24570     0.854902
24571     0.854902
24572     0.847059
24573     0.843137
24574     0.839216
24575     0.835294
24576     0.831373
24577     0.831373
24578     0.831373
24579     0.835294
24580     0.847059
24581     0.858824
24582     0.870588
24583     0.874510
24584     0.870588
24585     0.866667
24586     0.870588
24587     0.874510
24588     0.878431
24589     0.874510
24590     0.870588
24591     0.866667
24592     0.862745
24593     0.862745
24594     0.866667
24595     0.870588
24596     0.878431
24597     0.878431
24598     0.878431
24599     0.878431
24600     0.878431
24601     0.878431
24602     0.878431
24603     0.878431
24604     0.878431
24605     0.878431
24606     0.874510
24607     0.874510
24608     0.870588
24609     0.866667
24610     0.866667
24611     0.862745
24612     0.866667
24613     0.862745
24614     0.854902
24615     0.850980
24616     0.850980
24617     0.854902
24618     0.862745
24619     0.866667
24620     0.858824
24621     0.854902
24622     0.850980
24623     0.847059
24624     0.847059
24625     0.847059
24626     0.850980
24627     0.850980
24628     0.862745
24629     0.862745
24630     0.862745
24631     0.862745
24632     0.866667
24633     0.870588
24634     0.874510
24635     0.878431
24636     0.854902
24637     0.858824
24638     0.862745
24639     0.866667
24640     0.870588
24641     0.874510
24642     0.878431
24643     0.882353
24644     0.870588
24645     0.870588
24646     0.870588
24647     0.866667
24648     0.862745
24649     0.862745
24650     0.858824
24651     0.858824
24652     0.854902
24653     0.858824
24654     0.858824
24655     0.862745
24656     0.862745
24657     0.866667
24658     0.866667
24659     0.870588
24660     0.866667
24661     0.858824
24662     0.858824
24663     0.866667
24664     0.874510
24665     0.878431
24666     0.870588
24667     0.858824
24668     0.858824
24669     0.858824
24670     0.866667
24671     0.870588
24672     0.866667
24673     0.862745
24674     0.858824
24675     0.854902
24676     0.847059
24677     0.843137
24678     0.843137
24679     0.847059
24680     0.847059
24681     0.854902
24682     0.858824
24683     0.862745
24684     0.870588
24685     0.870588
24686     0.866667
24687     0.866667
24688     0.866667
24689     0.866667
24690     0.870588
24691     0.870588
24692     0.866667
24693     0.866667
24694     0.866667
24695     0.866667
24696     0.866667
24697     0.866667
24698     0.862745
24699     0.862745
24700     0.862745
24701     0.854902
24702     0.850980
24703     0.854902
24704     0.866667
24705     0.874510
24706     0.874510
24707     0.870588
24708     0.858824
24709     0.858824
24710     0.862745
24711     0.862745
24712     0.866667
24713     0.866667
24714     0.866667
24715     0.870588
24716     0.858824
24717     0.862745
24718     0.862745
24719     0.866667
24720     0.870588
24721     0.874510
24722     0.878431
24723     0.878431
24724     0.874510
24725     0.878431
24726     0.882353
24727     0.886275
24728     0.890196
24729     0.890196
24730     0.890196
24731     0.890196
24732     0.878431
24733     0.886275
24734     0.886275
24735     0.874510
24736     0.854902
24737     0.850980
24738     0.858824
24739     0.870588
24740     0.874510
24741     0.886275
24742     0.905882
24743     0.984314
24744     0.988235
24745     0.988235
24746     0.980392
24747     0.972549
24748     0.964706
24749     0.964706
24750     0.968627
24751     0.980392
24752     0.960784
24753     0.925490
24754     0.898039
24755     0.894118
24756     0.898039
24757     0.882353
24758     0.854902
24759     0.796078
24760     0.764706
24761     0.737255
24762     0.725490
24763     0.709804
24764     0.686275
24765     0.678431
24766     0.682353
24767     0.678431
24768     0.721569
24769     0.772549
24770     0.811765
24771     0.831373
24772     0.839216
24773     0.847059
24774     0.850980
24775     0.874510
24776     0.882353
24777     0.890196
24778     0.890196
24779     0.886275
24780     0.882353
24781     0.886275
24782     0.890196
24783     0.878431
24784     0.870588
24785     0.866667
24786     0.866667
24787     0.870588
24788     0.866667
24789     0.858824
24790     0.850980
24791     0.854902
24792     0.858824
24793     0.862745
24794     0.862745
24795     0.862745
24796     0.862745
24797     0.858824
24798     0.854902
24799     0.850980
24800     0.847059
24801     0.839216
24802     0.831373
24803     0.831373
24804     0.831373
24805     0.835294
24806     0.839216
24807     0.858824
24808     0.870588
24809     0.882353
24810     0.886275
24811     0.878431
24812     0.870588
24813     0.866667
24814     0.866667
24815     0.874510
24816     0.874510
24817     0.870588
24818     0.870588
24819     0.870588
24820     0.874510
24821     0.874510
24822     0.878431
24823     0.882353
24824     0.882353
24825     0.882353
24826     0.882353
24827     0.882353
24828     0.882353
24829     0.882353
24830     0.882353
24831     0.878431
24832     0.878431
24833     0.874510
24834     0.874510
24835     0.870588
24836     0.870588
24837     0.870588
24838     0.866667
24839     0.870588
24840     0.866667
24841     0.854902
24842     0.850980
24843     0.847059
24844     0.850980
24845     0.858824
24846     0.866667
24847     0.854902
24848     0.850980
24849     0.847059
24850     0.847059
24851     0.847059
24852     0.847059
24853     0.850980
24854     0.850980
24855     0.862745
24856     0.866667
24857     0.866667
24858     0.870588
24859     0.874510
24860     0.878431
24861     0.878431
24862     0.878431
24863     0.854902
24864     0.858824
24865     0.862745
24866     0.866667
24867     0.870588
24868     0.874510
24869     0.878431
24870     0.878431
24871     0.870588
24872     0.870588
24873     0.870588
24874     0.866667
24875     0.866667
24876     0.862745
24877     0.862745
24878     0.862745
24879     0.858824
24880     0.858824
24881     0.858824
24882     0.858824
24883     0.858824
24884     0.862745
24885     0.862745
24886     0.862745
24887     0.854902
24888     0.850980
24889     0.847059
24890     0.862745
24891     0.878431
24892     0.882353
24893     0.870588
24894     0.854902
24895     0.866667
24896     0.866667
24897     0.866667
24898     0.862745
24899     0.862745
24900     0.858824
24901     0.850980
24902     0.850980
24903     0.843137
24904     0.843137
24905     0.843137
24906     0.847059
24907     0.850980
24908     0.854902
24909     0.862745
24910     0.866667
24911     0.866667
24912     0.866667
24913     0.862745
24914     0.858824
24915     0.858824
24916     0.862745
24917     0.866667
24918     0.866667
24919     0.862745
24920     0.862745
24921     0.862745
24922     0.862745
24923     0.866667
24924     0.866667
24925     0.866667
24926     0.866667
24927     0.874510
24928     0.862745
24929     0.854902
24930     0.858824
24931     0.878431
24932     0.886275
24933     0.886275
24934     0.878431
24935     0.870588
24936     0.870588
24937     0.870588
24938     0.870588
24939     0.870588
24940     0.870588
24941     0.870588
24942     0.870588
24943     0.866667
24944     0.866667
24945     0.866667
24946     0.866667
24947     0.870588
24948     0.870588
24949     0.870588
24950     0.870588
24951     0.858824
24952     0.862745
24953     0.870588
24954     0.878431
24955     0.882353
24956     0.886275
24957     0.890196
24958     0.890196
24959     0.878431
24960     0.878431
24961     0.878431
24962     0.874510
24963     0.862745
24964     0.854902
24965     0.854902
24966     0.858824
24967     0.843137
24968     0.866667
24969     0.890196
24970     0.972549
24971     0.976471
24972     0.976471
24973     0.972549
24974     0.964706
24975     0.960784
24976     0.964706
24977     0.968627
24978     0.968627
24979     0.960784
24980     0.929412
24981     0.886275
24982     0.866667
24983     0.870588
24984     0.854902
24985     0.831373
24986     0.788235
24987     0.756863
24988     0.725490
24989     0.717647
24990     0.709804
24991     0.694118
24992     0.694118
24993     0.705882
24994     0.690196
24995     0.721569
24996     0.768627
24997     0.811765
24998     0.835294
24999     0.847059
25000     0.862745
25001     0.874510
25002     0.882353
25003     0.886275
25004     0.890196
25005     0.886275
25006     0.878431
25007     0.874510
25008     0.878431
25009     0.886275
25010     0.874510
25011     0.870588
25012     0.866667
25013     0.866667
25014     0.870588
25015     0.870588
25016     0.858824
25017     0.850980
25018     0.858824
25019     0.858824
25020     0.862745
25021     0.866667
25022     0.866667
25023     0.862745
25024     0.858824
25025     0.858824
25026     0.858824
25027     0.850980
25028     0.847059
25029     0.839216
25030     0.839216
25031     0.843137
25032     0.850980
25033     0.854902
25034     0.878431
25035     0.882353
25036     0.886275
25037     0.882353
25038     0.874510
25039     0.866667
25040     0.866667
25041     0.870588
25042     0.870588
25043     0.870588
25044     0.870588
25045     0.874510
25046     0.878431
25047     0.882353
25048     0.882353
25049     0.886275
25050     0.882353
25051     0.882353
25052     0.882353
25053     0.882353
25054     0.882353
25055     0.882353
25056     0.882353
25057     0.882353
25058     0.878431
25059     0.878431
25060     0.874510
25061     0.874510
25062     0.874510
25063     0.870588
25064     0.870588
25065     0.870588
25066     0.874510
25067     0.866667
25068     0.854902
25069     0.847059
25070     0.847059
25071     0.850980
25072     0.858824
25073     0.866667
25074     0.847059
25075     0.847059
25076     0.843137
25077     0.843137
25078     0.843137
25079     0.843137
25080     0.847059
25081     0.850980
25082     0.854902
25083     0.862745
25084     0.866667
25085     0.874510
25086     0.878431
25087     0.878431
25088     0.874510
25089     0.874510
25090     0.862745
25091     0.862745
25092     0.866667
25093     0.870588
25094     0.874510
25095     0.878431
25096     0.882353
25097     0.886275
25098     0.870588
25099     0.870588
25100     0.870588
25101     0.870588
25102     0.866667
25103     0.866667
25104     0.866667
25105     0.866667
25106     0.866667
25107     0.862745
25108     0.862745
25109     0.862745
25110     0.862745
25111     0.862745
25112     0.858824
25113     0.858824
25114     0.847059
25115     0.839216
25116     0.839216
25117     0.854902
25118     0.874510
25119     0.882353
25120     0.870588
25121     0.850980
25122     0.862745
25123     0.862745
25124     0.858824
25125     0.858824
25126     0.854902
25127     0.854902
25128     0.858824
25129     0.858824
25130     0.866667
25131     0.862745
25132     0.858824
25133     0.858824
25134     0.858824
25135     0.858824
25136     0.862745
25137     0.866667
25138     0.866667
25139     0.862745
25140     0.858824
25141     0.854902
25142     0.854902
25143     0.858824
25144     0.862745
25145     0.866667
25146     0.858824
25147     0.858824
25148     0.858824
25149     0.862745
25150     0.862745
25151     0.866667
25152     0.866667
25153     0.870588
25154     0.882353
25155     0.866667
25156     0.854902
25157     0.866667
25158     0.886275
25159     0.898039
25160     0.894118
25161     0.882353
25162     0.882353
25163     0.882353
25164     0.878431
25165     0.878431
25166     0.874510
25167     0.870588
25168     0.870588
25169     0.866667
25170     0.870588
25171     0.870588
25172     0.870588
25173     0.866667
25174     0.866667
25175     0.866667
25176     0.862745
25177     0.862745
25178     0.854902
25179     0.858824
25180     0.866667
25181     0.870588
25182     0.874510
25183     0.878431
25184     0.878431
25185     0.878431
25186     0.870588
25187     0.870588
25188     0.870588
25189     0.870588
25190     0.870588
25191     0.866667
25192     0.850980
25193     0.839216
25194     0.815686
25195     0.843137
25196     0.874510
25197     0.952941
25198     0.956863
25199     0.960784
25200     0.956863
25201     0.949020
25202     0.949020
25203     0.956863
25204     0.964706
25205     0.952941
25206     0.952941
25207     0.921569
25208     0.870588
25209     0.839216
25210     0.835294
25211     0.823529
25212     0.803922
25213     0.784314
25214     0.749020
25215     0.717647
25216     0.709804
25217     0.701961
25218     0.698039
25219     0.701961
25220     0.717647
25221     0.701961
25222     0.725490
25223     0.768627
25224     0.811765
25225     0.839216
25226     0.854902
25227     0.874510
25228     0.890196
25229     0.886275
25230     0.886275
25231     0.886275
25232     0.878431
25233     0.870588
25234     0.866667
25235     0.870588
25236     0.878431
25237     0.874510
25238     0.870588
25239     0.866667
25240     0.866667
25241     0.870588
25242     0.870588
25243     0.862745
25244     0.850980
25245     0.858824
25246     0.862745
25247     0.862745
25248     0.866667
25249     0.866667
25250     0.862745
25251     0.862745
25252     0.858824
25253     0.862745
25254     0.858824
25255     0.850980
25256     0.847059
25257     0.847059
25258     0.850980
25259     0.858824
25260     0.866667
25261     0.898039
25262     0.894118
25263     0.890196
25264     0.874510
25265     0.866667
25266     0.862745
25267     0.870588
25268     0.878431
25269     0.866667
25270     0.870588
25271     0.870588
25272     0.874510
25273     0.882353
25274     0.886275
25275     0.890196
25276     0.890196
25277     0.882353
25278     0.882353
25279     0.882353
25280     0.882353
25281     0.882353
25282     0.882353
25283     0.882353
25284     0.882353
25285     0.878431
25286     0.878431
25287     0.874510
25288     0.874510
25289     0.874510
25290     0.874510
25291     0.870588
25292     0.870588
25293     0.878431
25294     0.870588
25295     0.854902
25296     0.847059
25297     0.843137
25298     0.850980
25299     0.858824
25300     0.866667
25301     0.843137
25302     0.843137
25303     0.839216
25304     0.839216
25305     0.839216
25306     0.843137
25307     0.847059
25308     0.847059
25309     0.847059
25310     0.854902
25311     0.866667
25312     0.874510
25313     0.878431
25314     0.874510
25315     0.870588
25316     0.866667
25317     0.866667
25318     0.866667
25319     0.870588
25320     0.874510
25321     0.882353
25322     0.886275
25323     0.890196
25324     0.890196
25325     0.874510
25326     0.874510
25327     0.870588
25328     0.870588
25329     0.870588
25330     0.870588
25331     0.870588
25332     0.866667
25333     0.874510
25334     0.870588
25335     0.870588
25336     0.866667
25337     0.866667
25338     0.862745
25339     0.862745
25340     0.858824
25341     0.839216
25342     0.831373
25343     0.835294
25344     0.850980
25345     0.874510
25346     0.882353
25347     0.866667
25348     0.850980
25349     0.858824
25350     0.854902
25351     0.850980
25352     0.850980
25353     0.854902
25354     0.858824
25355     0.866667
25356     0.870588
25357     0.886275
25358     0.882353
25359     0.878431
25360     0.870588
25361     0.866667
25362     0.862745
25363     0.862745
25364     0.862745
25365     0.862745
25366     0.862745
25367     0.854902
25368     0.850980
25369     0.850980
25370     0.854902
25371     0.862745
25372     0.862745
25373     0.854902
25374     0.854902
25375     0.858824
25376     0.862745
25377     0.862745
25378     0.866667
25379     0.870588
25380     0.870588
25381     0.886275
25382     0.870588
25383     0.858824
25384     0.870588
25385     0.890196
25386     0.905882
25387     0.898039
25388     0.886275
25389     0.890196
25390     0.890196
25391     0.886275
25392     0.882353
25393     0.878431
25394     0.870588
25395     0.870588
25396     0.866667
25397     0.874510
25398     0.874510
25399     0.870588
25400     0.866667
25401     0.866667
25402     0.862745
25403     0.858824
25404     0.858824
25405     0.858824
25406     0.862745
25407     0.862745
25408     0.866667
25409     0.870588
25410     0.870588
25411     0.866667
25412     0.866667
25413     0.862745
25414     0.858824
25415     0.858824
25416     0.866667
25417     0.874510
25418     0.870588
25419     0.847059
25420     0.827451
25421     0.800000
25422     0.831373
25423     0.866667
25424     0.921569
25425     0.929412
25426     0.933333
25427     0.929412
25428     0.917647
25429     0.917647
25430     0.925490
25431     0.937255
25432     0.937255
25433     0.929412
25434     0.901961
25435     0.850980
25436     0.800000
25437     0.772549
25438     0.772549
25439     0.788235
25440     0.756863
25441     0.745098
25442     0.725490
25443     0.705882
25444     0.694118
25445     0.694118
25446     0.694118
25447     0.694118
25448     0.694118
25449     0.670588
25450     0.701961
25451     0.803922
25452     0.878431
25453     0.886275
25454     0.878431
25455     0.886275
25456     0.886275
25457     0.870588
25458     0.850980
25459     0.843137
25460     0.854902
25461     0.866667
25462     0.870588
25463     0.866667
25464     0.866667
25465     0.878431
25466     0.886275
25467     0.882353
25468     0.866667
25469     0.858824
25470     0.862745
25471     0.866667
25472     0.862745
25473     0.866667
25474     0.870588
25475     0.874510
25476     0.874510
25477     0.874510
25478     0.870588
25479     0.870588
25480     0.866667
25481     0.866667
25482     0.866667
25483     0.870588
25484     0.870588
25485     0.870588
25486     0.874510
25487     0.874510
25488     0.890196
25489     0.890196
25490     0.886275
25491     0.878431
25492     0.878431
25493     0.878431
25494     0.878431
25495     0.878431
25496     0.874510
25497     0.870588
25498     0.870588
25499     0.874510
25500     0.878431
25501     0.882353
25502     0.886275
25503     0.890196
25504     0.886275
25505     0.878431
25506     0.870588
25507     0.870588
25508     0.874510
25509     0.878431
25510     0.878431
25511     0.874510
25512     0.874510
25513     0.870588
25514     0.866667
25515     0.862745
25516     0.862745
25517     0.862745
25518     0.870588
25519     0.870588
25520     0.866667
25521     0.862745
25522     0.862745
25523     0.858824
25524     0.858824
25525     0.858824
25526     0.862745
25527     0.862745
25528     0.847059
25529     0.843137
25530     0.835294
25531     0.839216
25532     0.847059
25533     0.854902
25534     0.854902
25535     0.850980
25536     0.850980
25537     0.854902
25538     0.858824
25539     0.858824
25540     0.862745
25541     0.862745
25542     0.858824
25543     0.858824
25544     0.870588
25545     0.870588
25546     0.870588
25547     0.874510
25548     0.874510
25549     0.874510
25550     0.878431
25551     0.878431
25552     0.878431
25553     0.874510
25554     0.870588
25555     0.866667
25556     0.870588
25557     0.874510
25558     0.882353
25559     0.886275
25560     0.874510
25561     0.870588
25562     0.866667
25563     0.866667
25564     0.870588
25565     0.870588
25566     0.862745
25567     0.854902
25568     0.827451
25569     0.835294
25570     0.843137
25571     0.850980
25572     0.858824
25573     0.858824
25574     0.854902
25575     0.854902
25576     0.843137
25577     0.858824
25578     0.866667
25579     0.858824
25580     0.839216
25581     0.835294
25582     0.850980
25583     0.866667
25584     0.882353
25585     0.882353
25586     0.886275
25587     0.886275
25588     0.886275
25589     0.878431
25590     0.874510
25591     0.870588
25592     0.870588
25593     0.866667
25594     0.862745
25595     0.858824
25596     0.858824
25597     0.866667
25598     0.870588
25599     0.874510
25600     0.866667
25601     0.862745
25602     0.858824
25603     0.854902
25604     0.858824
25605     0.862745
25606     0.866667
25607     0.870588
25608     0.866667
25609     0.858824
25610     0.854902
25611     0.862745
25612     0.874510
25613     0.886275
25614     0.894118
25615     0.894118
25616     0.894118
25617     0.890196
25618     0.886275
25619     0.882353
25620     0.878431
25621     0.878431
25622     0.878431
25623     0.878431
25624     0.874510
25625     0.874510
25626     0.874510
25627     0.874510
25628     0.874510
25629     0.870588
25630     0.866667
25631     0.862745
25632     0.870588
25633     0.862745
25634     0.858824
25635     0.850980
25636     0.850980
25637     0.854902
25638     0.858824
25639     0.862745
25640     0.870588
25641     0.858824
25642     0.850980
25643     0.858824
25644     0.870588
25645     0.874510
25646     0.854902
25647     0.835294
25648     0.831373
25649     0.839216
25650     0.850980
25651     0.909804
25652     0.917647
25653     0.917647
25654     0.913725
25655     0.901961
25656     0.901961
25657     0.909804
25658     0.917647
25659     0.921569
25660     0.913725
25661     0.890196
25662     0.847059
25663     0.800000
25664     0.772549
25665     0.768627
25666     0.780392
25667     0.760784
25668     0.745098
25669     0.725490
25670     0.709804
25671     0.701961
25672     0.701961
25673     0.701961
25674     0.701961
25675     0.690196
25676     0.654902
25677     0.666667
25678     0.749020
25679     0.835294
25680     0.870588
25681     0.874510
25682     0.870588
25683     0.870588
25684     0.858824
25685     0.843137
25686     0.843137
25687     0.847059
25688     0.850980
25689     0.843137
25690     0.835294
25691     0.862745
25692     0.870588
25693     0.878431
25694     0.878431
25695     0.866667
25696     0.858824
25697     0.862745
25698     0.870588
25699     0.866667
25700     0.866667
25701     0.870588
25702     0.874510
25703     0.874510
25704     0.874510
25705     0.874510
25706     0.870588
25707     0.866667
25708     0.870588
25709     0.870588
25710     0.870588
25711     0.874510
25712     0.874510
25713     0.874510
25714     0.878431
25715     0.890196
25716     0.886275
25717     0.882353
25718     0.878431
25719     0.878431
25720     0.878431
25721     0.878431
25722     0.878431
25723     0.870588
25724     0.870588
25725     0.866667
25726     0.870588
25727     0.870588
25728     0.874510
25729     0.878431
25730     0.882353
25731     0.882353
25732     0.874510
25733     0.866667
25734     0.866667
25735     0.870588
25736     0.874510
25737     0.870588
25738     0.866667
25739     0.858824
25740     0.854902
25741     0.854902
25742     0.854902
25743     0.854902
25744     0.862745
25745     0.866667
25746     0.870588
25747     0.866667
25748     0.866667
25749     0.866667
25750     0.862745
25751     0.862745
25752     0.862745
25753     0.866667
25754     0.866667
25755     0.854902
25756     0.847059
25757     0.839216
25758     0.843137
25759     0.850980
25760     0.854902
25761     0.854902
25762     0.854902
25763     0.850980
25764     0.850980
25765     0.854902
25766     0.858824
25767     0.862745
25768     0.858824
25769     0.858824
25770     0.858824
25771     0.870588
25772     0.874510
25773     0.874510
25774     0.874510
25775     0.878431
25776     0.878431
25777     0.878431
25778     0.882353
25779     0.870588
25780     0.866667
25781     0.862745
25782     0.858824
25783     0.858824
25784     0.862745
25785     0.870588
25786     0.874510
25787     0.870588
25788     0.866667
25789     0.866667
25790     0.870588
25791     0.870588
25792     0.866667
25793     0.854902
25794     0.843137
25795     0.831373
25796     0.835294
25797     0.843137
25798     0.850980
25799     0.858824
25800     0.858824
25801     0.858824
25802     0.854902
25803     0.847059
25804     0.854902
25805     0.858824
25806     0.847059
25807     0.831373
25808     0.827451
25809     0.839216
25810     0.858824
25811     0.878431
25812     0.882353
25813     0.894118
25814     0.898039
25815     0.901961
25816     0.894118
25817     0.886275
25818     0.882353
25819     0.866667
25820     0.866667
25821     0.862745
25822     0.858824
25823     0.862745
25824     0.870588
25825     0.874510
25826     0.882353
25827     0.870588
25828     0.866667
25829     0.858824
25830     0.854902
25831     0.854902
25832     0.858824
25833     0.866667
25834     0.874510
25835     0.870588
25836     0.862745
25837     0.858824
25838     0.862745
25839     0.874510
25840     0.886275
25841     0.890196
25842     0.890196
25843     0.886275
25844     0.882353
25845     0.878431
25846     0.874510
25847     0.874510
25848     0.874510
25849     0.874510
25850     0.874510
25851     0.870588
25852     0.870588
25853     0.874510
25854     0.870588
25855     0.870588
25856     0.866667
25857     0.862745
25858     0.862745
25859     0.862745
25860     0.858824
25861     0.854902
25862     0.850980
25863     0.850980
25864     0.850980
25865     0.850980
25866     0.850980
25867     0.862745
25868     0.850980
25869     0.843137
25870     0.850980
25871     0.866667
25872     0.866667
25873     0.850980
25874     0.835294
25875     0.827451
25876     0.835294
25877     0.847059
25878     0.878431
25879     0.882353
25880     0.882353
25881     0.878431
25882     0.874510
25883     0.874510
25884     0.882353
25885     0.890196
25886     0.894118
25887     0.894118
25888     0.878431
25889     0.843137
25890     0.803922
25891     0.776471
25892     0.768627
25893     0.768627
25894     0.756863
25895     0.741176
25896     0.721569
25897     0.713726
25898     0.709804
25899     0.709804
25900     0.709804
25901     0.705882
25902     0.666667
25903     0.627451
25904     0.619608
25905     0.690196
25906     0.796078
25907     0.866667
25908     0.874510
25909     0.854902
25910     0.847059
25911     0.843137
25912     0.839216
25913     0.839216
25914     0.843137
25915     0.839216
25916     0.831373
25917     0.823529
25918     0.854902
25919     0.862745
25920     0.870588
25921     0.870588
25922     0.866667
25923     0.862745
25924     0.866667
25925     0.870588
25926     0.866667
25927     0.870588
25928     0.874510
25929     0.878431
25930     0.878431
25931     0.878431
25932     0.878431
25933     0.878431
25934     0.870588
25935     0.874510
25936     0.874510
25937     0.874510
25938     0.878431
25939     0.878431
25940     0.878431
25941     0.882353
25942     0.886275
25943     0.886275
25944     0.882353
25945     0.878431
25946     0.878431
25947     0.878431
25948     0.878431
25949     0.882353
25950     0.870588
25951     0.866667
25952     0.866667
25953     0.862745
25954     0.866667
25955     0.866667
25956     0.870588
25957     0.874510
25958     0.874510
25959     0.866667
25960     0.858824
25961     0.858824
25962     0.862745
25963     0.862745
25964     0.858824
25965     0.854902
25966     0.843137
25967     0.843137
25968     0.843137
25969     0.847059
25970     0.850980
25971     0.858824
25972     0.862745
25973     0.866667
25974     0.870588
25975     0.870588
25976     0.870588
25977     0.870588
25978     0.870588
25979     0.870588
25980     0.870588
25981     0.870588
25982     0.858824
25983     0.854902
25984     0.847059
25985     0.850980
25986     0.854902
25987     0.862745
25988     0.862745
25989     0.858824
25990     0.850980
25991     0.854902
25992     0.858824
25993     0.862745
25994     0.862745
25995     0.862745
25996     0.862745
25997     0.862745
25998     0.874510
25999     0.878431
26000     0.878431
26001     0.878431
26002     0.882353
26003     0.882353
26004     0.882353
26005     0.886275
26006     0.862745
26007     0.858824
26008     0.854902
26009     0.850980
26010     0.847059
26011     0.850980
26012     0.854902
26013     0.858824
26014     0.866667
26015     0.862745
26016     0.866667
26017     0.870588
26018     0.870588
26019     0.858824
26020     0.839216
26021     0.827451
26022     0.827451
26023     0.835294
26024     0.843137
26025     0.850980
26026     0.854902
26027     0.854902
26028     0.854902
26029     0.850980
26030     0.847059
26031     0.850980
26032     0.847059
26033     0.831373
26034     0.815686
26035     0.815686
26036     0.827451
26037     0.843137
26038     0.862745
26039     0.874510
26040     0.890196
26041     0.905882
26042     0.909804
26043     0.905882
26044     0.898039
26045     0.890196
26046     0.866667
26047     0.862745
26048     0.862745
26049     0.862745
26050     0.866667
26051     0.870588
26052     0.878431
26053     0.886275
26054     0.878431
26055     0.870588
26056     0.858824
26057     0.850980
26058     0.850980
26059     0.858824
26060     0.870588
26061     0.878431
26062     0.870588
26063     0.862745
26064     0.858824
26065     0.862745
26066     0.874510
26067     0.882353
26068     0.882353
26069     0.878431
26070     0.874510
26071     0.874510
26072     0.874510
26073     0.870588
26074     0.870588
26075     0.870588
26076     0.870588
26077     0.870588
26078     0.870588
26079     0.870588
26080     0.866667
26081     0.866667
26082     0.866667
26083     0.866667
26084     0.862745
26085     0.862745
26086     0.866667
26087     0.866667
26088     0.866667
26089     0.866667
26090     0.862745
26091     0.854902
26092     0.850980
26093     0.847059
26094     0.850980
26095     0.843137
26096     0.839216
26097     0.847059
26098     0.858824
26099     0.862745
26100     0.850980
26101     0.839216
26102     0.831373
26103     0.839216
26104     0.847059
26105     0.823529
26106     0.827451
26107     0.827451
26108     0.831373
26109     0.835294
26110     0.843137
26111     0.850980
26112     0.854902
26113     0.866667
26114     0.866667
26115     0.858824
26116     0.839216
26117     0.807843
26118     0.780392
26119     0.768627
26120     0.764706
26121     0.745098
26122     0.729412
26123     0.713726
26124     0.705882
26125     0.713726
26126     0.717647
26127     0.709804
26128     0.705882
26129     0.647059
26130     0.600000
26131     0.572549
26132     0.619608
26133     0.741176
26134     0.843137
26135     0.874510
26136     0.858824
26137     0.847059
26138     0.847059
26139     0.843137
26140     0.843137
26141     0.843137
26142     0.843137
26143     0.835294
26144     0.835294
26145     0.847059
26146     0.850980
26147     0.858824
26148     0.862745
26149     0.866667
26150     0.866667
26151     0.866667
26152     0.870588
26153     0.866667
26154     0.866667
26155     0.874510
26156     0.878431
26157     0.882353
26158     0.882353
26159     0.882353
26160     0.878431
26161     0.874510
26162     0.874510
26163     0.878431
26164     0.878431
26165     0.878431
26166     0.882353
26167     0.882353
26168     0.882353
26169     0.882353
26170     0.882353
26171     0.878431
26172     0.874510
26173     0.874510
26174     0.878431
26175     0.878431
26176     0.882353
26177     0.878431
26178     0.874510
26179     0.870588
26180     0.866667
26181     0.862745
26182     0.866667
26183     0.866667
26184     0.866667
26185     0.866667
26186     0.858824
26187     0.850980
26188     0.847059
26189     0.850980
26190     0.854902
26191     0.850980
26192     0.847059
26193     0.847059
26194     0.847059
26195     0.847059
26196     0.850980
26197     0.850980
26198     0.854902
26199     0.858824
26200     0.858824
26201     0.870588
26202     0.870588
26203     0.874510
26204     0.874510
26205     0.878431
26206     0.878431
26207     0.874510
26208     0.874510
26209     0.866667
26210     0.862745
26211     0.854902
26212     0.854902
26213     0.862745
26214     0.866667
26215     0.866667
26216     0.862745
26217     0.854902
26218     0.858824
26219     0.862745
26220     0.866667
26221     0.870588
26222     0.870588
26223     0.870588
26224     0.870588
26225     0.878431
26226     0.878431
26227     0.882353
26228     0.882353
26229     0.882353
26230     0.886275
26231     0.886275
26232     0.886275
26233     0.862745
26234     0.858824
26235     0.850980
26236     0.843137
26237     0.843137
26238     0.843137
26239     0.847059
26240     0.850980
26241     0.858824
26242     0.858824
26243     0.862745
26244     0.870588
26245     0.866667
26246     0.854902
26247     0.831373
26248     0.811765
26249     0.823529
26250     0.827451
26251     0.835294
26252     0.843137
26253     0.847059
26254     0.847059
26255     0.843137
26256     0.843137
26257     0.843137
26258     0.843137
26259     0.835294
26260     0.819608
26261     0.807843
26262     0.803922
26263     0.815686
26264     0.827451
26265     0.843137
26266     0.858824
26267     0.882353
26268     0.901961
26269     0.913725
26270     0.909804
26271     0.898039
26272     0.890196
26273     0.862745
26274     0.862745
26275     0.858824
26276     0.858824
26277     0.866667
26278     0.874510
26279     0.882353
26280     0.886275
26281     0.882353
26282     0.874510
26283     0.858824
26284     0.850980
26285     0.850980
26286     0.858824
26287     0.866667
26288     0.878431
26289     0.866667
26290     0.862745
26291     0.858824
26292     0.862745
26293     0.870588
26294     0.878431
26295     0.874510
26296     0.870588
26297     0.870588
26298     0.870588
26299     0.870588
26300     0.874510
26301     0.874510
26302     0.874510
26303     0.874510
26304     0.874510
26305     0.866667
26306     0.866667
26307     0.866667
26308     0.862745
26309     0.862745
26310     0.862745
26311     0.866667
26312     0.866667
26313     0.882353
26314     0.882353
26315     0.886275
26316     0.886275
26317     0.882353
26318     0.874510
26319     0.862745
26320     0.858824
26321     0.850980
26322     0.847059
26323     0.843137
26324     0.850980
26325     0.858824
26326     0.862745
26327     0.858824
26328     0.850980
26329     0.843137
26330     0.847059
26331     0.850980
26332     0.764706
26333     0.768627
26334     0.772549
26335     0.780392
26336     0.796078
26337     0.811765
26338     0.819608
26339     0.823529
26340     0.835294
26341     0.839216
26342     0.839216
26343     0.827451
26344     0.803922
26345     0.784314
26346     0.768627
26347     0.760784
26348     0.729412
26349     0.713726
26350     0.698039
26351     0.698039
26352     0.709804
26353     0.717647
26354     0.709804
26355     0.701961
26356     0.658824
26357     0.576471
26358     0.501961
26359     0.517647
26360     0.627451
26361     0.752941
26362     0.835294
26363     0.866667
26364     0.866667
26365     0.866667
26366     0.862745
26367     0.854902
26368     0.847059
26369     0.843137
26370     0.843137
26371     0.843137
26372     0.843137
26373     0.843137
26374     0.850980
26375     0.854902
26376     0.862745
26377     0.866667
26378     0.866667
26379     0.862745
26380     0.862745
26381     0.866667
26382     0.870588
26383     0.874510
26384     0.878431
26385     0.882353
26386     0.882353
26387     0.882353
26388     0.874510
26389     0.874510
26390     0.878431
26391     0.878431
26392     0.878431
26393     0.882353
26394     0.882353
26395     0.882353
26396     0.878431
26397     0.878431
26398     0.874510
26399     0.874510
26400     0.874510
26401     0.878431
26402     0.878431
26403     0.882353
26404     0.886275
26405     0.882353
26406     0.878431
26407     0.870588
26408     0.866667
26409     0.862745
26410     0.862745
26411     0.862745
26412     0.854902
26413     0.847059
26414     0.839216
26415     0.839216
26416     0.847059
26417     0.850980
26418     0.850980
26419     0.847059
26420     0.862745
26421     0.862745
26422     0.862745
26423     0.858824
26424     0.858824
26425     0.854902
26426     0.850980
26427     0.850980
26428     0.866667
26429     0.870588
26430     0.874510
26431     0.878431
26432     0.882353
26433     0.882353
26434     0.878431
26435     0.878431
26436     0.874510
26437     0.866667
26438     0.858824
26439     0.858824
26440     0.862745
26441     0.866667
26442     0.866667
26443     0.862745
26444     0.862745
26445     0.866667
26446     0.870588
26447     0.878431
26448     0.882353
26449     0.882353
26450     0.882353
26451     0.882353
26452     0.878431
26453     0.878431
26454     0.882353
26455     0.882353
26456     0.882353
26457     0.886275
26458     0.886275
26459     0.886275
26460     0.866667
26461     0.862745
26462     0.854902
26463     0.847059
26464     0.843137
26465     0.843137
26466     0.843137
26467     0.847059
26468     0.854902
26469     0.854902
26470     0.858824
26471     0.866667
26472     0.862745
26473     0.850980
26474     0.827451
26475     0.807843
26476     0.815686
26477     0.823529
26478     0.827451
26479     0.835294
26480     0.839216
26481     0.835294
26482     0.835294
26483     0.831373
26484     0.839216
26485     0.835294
26486     0.827451
26487     0.815686
26488     0.807843
26489     0.803922
26490     0.811765
26491     0.815686
26492     0.843137
26493     0.858824
26494     0.878431
26495     0.901961
26496     0.909804
26497     0.909804
26498     0.901961
26499     0.894118
26500     0.862745
26501     0.858824
26502     0.858824
26503     0.858824
26504     0.862745
26505     0.866667
26506     0.874510
26507     0.882353
26508     0.878431
26509     0.870588
26510     0.858824
26511     0.850980
26512     0.847059
26513     0.854902
26514     0.862745
26515     0.866667
26516     0.862745
26517     0.858824
26518     0.854902
26519     0.862745
26520     0.870588
26521     0.874510
26522     0.870588
26523     0.866667
26524     0.866667
26525     0.870588
26526     0.874510
26527     0.878431
26528     0.882353
26529     0.882353
26530     0.878431
26531     0.878431
26532     0.870588
26533     0.866667
26534     0.862745
26535     0.862745
26536     0.862745
26537     0.866667
26538     0.870588
26539     0.874510
26540     0.886275
26541     0.886275
26542     0.890196
26543     0.890196
26544     0.886275
26545     0.878431
26546     0.870588
26547     0.866667
26548     0.862745
26549     0.858824
26550     0.854902
26551     0.858824
26552     0.866667
26553     0.870588
26554     0.870588
26555     0.866667
26556     0.858824
26557     0.858824
26558     0.862745
26559     0.729412
26560     0.729412
26561     0.733333
26562     0.745098
26563     0.768627
26564     0.784314
26565     0.792157
26566     0.796078
26567     0.803922
26568     0.803922
26569     0.807843
26570     0.803922
26571     0.792157
26572     0.776471
26573     0.760784
26574     0.749020
26575     0.717647
26576     0.701961
26577     0.686275
26578     0.694118
26579     0.713726
26580     0.725490
26581     0.713726
26582     0.701961
26583     0.674510
26584     0.556863
26585     0.447059
26586     0.431373
26587     0.498039
26588     0.600000
26589     0.721569
26590     0.811765
26591     0.854902
26592     0.858824
26593     0.866667
26594     0.862745
26595     0.850980
26596     0.843137
26597     0.839216
26598     0.843137
26599     0.843137
26600     0.839216
26601     0.843137
26602     0.850980
26603     0.858824
26604     0.862745
26605     0.858824
26606     0.854902
26607     0.854902
26608     0.858824
26609     0.866667
26610     0.870588
26611     0.874510
26612     0.878431
26613     0.878431
26614     0.878431
26615     0.870588
26616     0.874510
26617     0.874510
26618     0.874510
26619     0.878431
26620     0.878431
26621     0.878431
26622     0.882353
26623     0.874510
26624     0.874510
26625     0.874510
26626     0.870588
26627     0.874510
26628     0.878431
26629     0.878431
26630     0.882353
26631     0.894118
26632     0.890196
26633     0.882353
26634     0.874510
26635     0.866667
26636     0.862745
26637     0.858824
26638     0.858824
26639     0.843137
26640     0.835294
26641     0.831373
26642     0.835294
26643     0.847059
26644     0.850980
26645     0.850980
26646     0.850980
26647     0.870588
26648     0.870588
26649     0.870588
26650     0.866667
26651     0.862745
26652     0.854902
26653     0.850980
26654     0.847059
26655     0.858824
26656     0.866667
26657     0.874510
26658     0.878431
26659     0.882353
26660     0.882353
26661     0.878431
26662     0.874510
26663     0.874510
26664     0.866667
26665     0.858824
26666     0.858824
26667     0.862745
26668     0.866667
26669     0.866667
26670     0.858824
26671     0.862745
26672     0.866667
26673     0.874510
26674     0.878431
26675     0.882353
26676     0.886275
26677     0.886275
26678     0.886275
26679     0.874510
26680     0.878431
26681     0.878431
26682     0.878431
26683     0.882353
26684     0.882353
26685     0.882353
26686     0.886275
26687     0.870588
26688     0.866667
26689     0.854902
26690     0.847059
26691     0.843137
26692     0.839216
26693     0.839216
26694     0.843137
26695     0.854902
26696     0.854902
26697     0.854902
26698     0.858824
26699     0.862745
26700     0.850980
26701     0.831373
26702     0.815686
26703     0.815686
26704     0.819608
26705     0.827451
26706     0.835294
26707     0.835294
26708     0.835294
26709     0.831373
26710     0.827451
26711     0.835294
26712     0.831373
26713     0.827451
26714     0.819608
26715     0.815686
26716     0.811765
26717     0.811765
26718     0.811765
26719     0.847059
26720     0.858824
26721     0.878431
26722     0.894118
26723     0.901961
26724     0.901961
26725     0.894118
26726     0.890196
26727     0.862745
26728     0.858824
26729     0.854902
26730     0.850980
26731     0.854902
26732     0.858824
26733     0.866667
26734     0.870588
26735     0.870588
26736     0.862745
26737     0.858824
26738     0.850980
26739     0.847059
26740     0.850980
26741     0.850980
26742     0.854902
26743     0.854902
26744     0.850980
26745     0.850980
26746     0.858824
26747     0.870588
26748     0.874510
26749     0.870588
26750     0.862745
26751     0.858824
26752     0.866667
26753     0.874510
26754     0.882353
26755     0.886275
26756     0.886275
26757     0.882353
26758     0.882353
26759     0.874510
26760     0.870588
26761     0.866667
26762     0.862745
26763     0.866667
26764     0.870588
26765     0.878431
26766     0.882353
26767     0.874510
26768     0.878431
26769     0.878431
26770     0.878431
26771     0.878431
26772     0.874510
26773     0.870588
26774     0.870588
26775     0.874510
26776     0.870588
26777     0.870588
26778     0.866667
26779     0.870588
26780     0.874510
26781     0.874510
26782     0.878431
26783     0.870588
26784     0.870588
26785     0.870588
26786     0.721569
26787     0.717647
26788     0.717647
26789     0.729412
26790     0.749020
26791     0.768627
26792     0.772549
26793     0.768627
26794     0.772549
26795     0.772549
26796     0.772549
26797     0.772549
26798     0.768627
26799     0.760784
26800     0.749020
26801     0.737255
26802     0.713726
26803     0.698039
26804     0.682353
26805     0.694118
26806     0.721569
26807     0.733333
26808     0.721569
26809     0.705882
26810     0.654902
26811     0.541176
26812     0.450980
26813     0.439216
26814     0.447059
26815     0.466667
26816     0.560784
26817     0.674510
26818     0.772549
26819     0.800000
26820     0.831373
26821     0.854902
26822     0.858824
26823     0.854902
26824     0.850980
26825     0.850980
26826     0.847059
26827     0.839216
26828     0.839216
26829     0.847059
26830     0.858824
26831     0.862745
26832     0.854902
26833     0.843137
26834     0.850980
26835     0.854902
26836     0.858824
26837     0.866667
26838     0.870588
26839     0.874510
26840     0.874510
26841     0.874510
26842     0.866667
26843     0.870588
26844     0.870588
26845     0.870588
26846     0.874510
26847     0.874510
26848     0.874510
26849     0.878431
26850     0.874510
26851     0.870588
26852     0.870588
26853     0.870588
26854     0.874510
26855     0.874510
26856     0.878431
26857     0.882353
26858     0.894118
26859     0.890196
26860     0.878431
26861     0.870588
26862     0.858824
26863     0.854902
26864     0.850980
26865     0.847059
26866     0.835294
26867     0.827451
26868     0.827451
26869     0.835294
26870     0.847059
26871     0.854902
26872     0.858824
26873     0.858824
26874     0.862745
26875     0.866667
26876     0.866667
26877     0.866667
26878     0.866667
26879     0.858824
26880     0.854902
26881     0.850980
26882     0.854902
26883     0.862745
26884     0.870588
26885     0.878431
26886     0.882353
26887     0.882353
26888     0.874510
26889     0.870588
26890     0.874510
26891     0.866667
26892     0.858824
26893     0.858824
26894     0.862745
26895     0.866667
26896     0.862745
26897     0.858824
26898     0.854902
26899     0.858824
26900     0.866667
26901     0.874510
26902     0.878431
26903     0.882353
26904     0.882353
26905     0.882353
26906     0.870588
26907     0.874510
26908     0.874510
26909     0.874510
26910     0.878431
26911     0.878431
26912     0.878431
26913     0.882353
26914     0.870588
26915     0.866667
26916     0.854902
26917     0.843137
26918     0.839216
26919     0.835294
26920     0.835294
26921     0.835294
26922     0.858824
26923     0.854902
26924     0.850980
26925     0.854902
26926     0.858824
26927     0.850980
26928     0.839216
26929     0.827451
26930     0.823529
26931     0.827451
26932     0.835294
26933     0.839216
26934     0.839216
26935     0.839216
26936     0.835294
26937     0.831373
26938     0.827451
26939     0.827451
26940     0.827451
26941     0.827451
26942     0.831373
26943     0.827451
26944     0.819608
26945     0.811765
26946     0.843137
26947     0.850980
26948     0.862745
26949     0.870588
26950     0.878431
26951     0.874510
26952     0.870588
26953     0.866667
26954     0.862745
26955     0.858824
26956     0.854902
26957     0.847059
26958     0.847059
26959     0.850980
26960     0.854902
26961     0.858824
26962     0.858824
26963     0.854902
26964     0.854902
26965     0.854902
26966     0.850980
26967     0.847059
26968     0.843137
26969     0.839216
26970     0.843137
26971     0.843137
26972     0.847059
26973     0.858824
26974     0.870588
26975     0.874510
26976     0.870588
26977     0.862745
26978     0.850980
26979     0.858824
26980     0.866667
26981     0.878431
26982     0.882353
26983     0.882353
26984     0.878431
26985     0.878431
26986     0.878431
26987     0.874510
26988     0.870588
26989     0.866667
26990     0.866667
26991     0.874510
26992     0.882353
26993     0.890196
26994     0.874510
26995     0.874510
26996     0.870588
26997     0.870588
26998     0.874510
26999     0.874510
27000     0.878431
27001     0.882353
27002     0.882353
27003     0.882353
27004     0.878431
27005     0.874510
27006     0.870588
27007     0.870588
27008     0.874510
27009     0.882353
27010     0.874510
27011     0.870588
27012     0.870588
27013     0.729412
27014     0.721569
27015     0.717647
27016     0.725490
27017     0.745098
27018     0.756863
27019     0.756863
27020     0.752941
27021     0.752941
27022     0.749020
27023     0.749020
27024     0.752941
27025     0.752941
27026     0.749020
27027     0.737255
27028     0.729412
27029     0.717647
27030     0.698039
27031     0.686275
27032     0.698039
27033     0.729412
27034     0.741176
27035     0.729412
27036     0.709804
27037     0.619608
27038     0.529412
27039     0.482353
27040     0.498039
27041     0.462745
27042     0.403922
27043     0.443137
27044     0.545098
27045     0.682353
27046     0.729412
27047     0.792157
27048     0.843137
27049     0.866667
27050     0.870588
27051     0.866667
27052     0.866667
27053     0.847059
27054     0.839216
27055     0.835294
27056     0.843137
27057     0.854902
27058     0.858824
27059     0.850980
27060     0.839216
27061     0.843137
27062     0.847059
27063     0.854902
27064     0.862745
27065     0.866667
27066     0.870588
27067     0.870588
27068     0.874510
27069     0.866667
27070     0.866667
27071     0.866667
27072     0.870588
27073     0.870588
27074     0.870588
27075     0.874510
27076     0.874510
27077     0.870588
27078     0.870588
27079     0.870588
27080     0.870588
27081     0.870588
27082     0.874510
27083     0.882353
27084     0.882353
27085     0.890196
27086     0.886275
27087     0.874510
27088     0.862745
27089     0.854902
27090     0.847059
27091     0.843137
27092     0.839216
27093     0.827451
27094     0.823529
27095     0.823529
27096     0.831373
27097     0.847059
27098     0.858824
27099     0.862745
27100     0.862745
27101     0.850980
27102     0.854902
27103     0.862745
27104     0.866667
27105     0.866667
27106     0.862745
27107     0.858824
27108     0.854902
27109     0.850980
27110     0.858824
27111     0.870588
27112     0.878431
27113     0.882353
27114     0.878431
27115     0.874510
27116     0.870588
27117     0.874510
27118     0.866667
27119     0.858824
27120     0.858824
27121     0.862745
27122     0.862745
27123     0.858824
27124     0.854902
27125     0.850980
27126     0.854902
27127     0.858824
27128     0.866667
27129     0.870588
27130     0.874510
27131     0.878431
27132     0.878431
27133     0.870588
27134     0.870588
27135     0.870588
27136     0.874510
27137     0.874510
27138     0.874510
27139     0.878431
27140     0.878431
27141     0.870588
27142     0.862745
27143     0.850980
27144     0.839216
27145     0.831373
27146     0.827451
27147     0.827451
27148     0.831373
27149     0.858824
27150     0.854902
27151     0.850980
27152     0.850980
27153     0.854902
27154     0.854902
27155     0.847059
27156     0.839216
27157     0.831373
27158     0.835294
27159     0.839216
27160     0.847059
27161     0.847059
27162     0.843137
27163     0.839216
27164     0.835294
27165     0.823529
27166     0.823529
27167     0.827451
27168     0.835294
27169     0.839216
27170     0.835294
27171     0.823529
27172     0.811765
27173     0.827451
27174     0.831373
27175     0.839216
27176     0.847059
27177     0.847059
27178     0.847059
27179     0.843137
27180     0.839216
27181     0.862745
27182     0.858824
27183     0.850980
27184     0.847059
27185     0.843137
27186     0.843137
27187     0.847059
27188     0.847059
27189     0.850980
27190     0.850980
27191     0.854902
27192     0.854902
27193     0.850980
27194     0.843137
27195     0.835294
27196     0.831373
27197     0.839216
27198     0.839216
27199     0.847059
27200     0.858824
27201     0.870588
27202     0.878431
27203     0.874510
27204     0.866667
27205     0.843137
27206     0.850980
27207     0.862745
27208     0.874510
27209     0.878431
27210     0.878431
27211     0.874510
27212     0.870588
27213     0.882353
27214     0.878431
27215     0.870588
27216     0.866667
27217     0.870588
27218     0.878431
27219     0.886275
27220     0.894118
27221     0.882353
27222     0.878431
27223     0.874510
27224     0.874510
27225     0.878431
27226     0.886275
27227     0.890196
27228     0.898039
27229     0.886275
27230     0.882353
27231     0.878431
27232     0.874510
27233     0.866667
27234     0.866667
27235     0.870588
27236     0.878431
27237     0.874510
27238     0.870588
27239     0.866667
27240     0.721569
27241     0.725490
27242     0.733333
27243     0.737255
27244     0.741176
27245     0.741176
27246     0.741176
27247     0.741176
27248     0.760784
27249     0.752941
27250     0.741176
27251     0.737255
27252     0.737255
27253     0.737255
27254     0.729412
27255     0.721569
27256     0.709804
27257     0.698039
27258     0.690196
27259     0.701961
27260     0.721569
27261     0.733333
27262     0.729412
27263     0.721569
27264     0.643137
27265     0.545098
27266     0.498039
27267     0.501961
27268     0.474510
27269     0.454902
27270     0.466667
27271     0.462745
27272     0.588235
27273     0.690196
27274     0.772549
27275     0.796078
27276     0.831373
27277     0.886275
27278     0.890196
27279     0.847059
27280     0.854902
27281     0.858824
27282     0.854902
27283     0.843137
27284     0.847059
27285     0.866667
27286     0.870588
27287     0.858824
27288     0.862745
27289     0.862745
27290     0.862745
27291     0.866667
27292     0.866667
27293     0.866667
27294     0.870588
27295     0.870588
27296     0.862745
27297     0.862745
27298     0.862745
27299     0.866667
27300     0.866667
27301     0.866667
27302     0.866667
27303     0.866667
27304     0.858824
27305     0.862745
27306     0.866667
27307     0.870588
27308     0.874510
27309     0.878431
27310     0.874510
27311     0.874510
27312     0.878431
27313     0.870588
27314     0.862745
27315     0.854902
27316     0.843137
27317     0.839216
27318     0.835294
27319     0.835294
27320     0.835294
27321     0.827451
27322     0.823529
27323     0.831373
27324     0.847059
27325     0.854902
27326     0.850980
27327     0.843137
27328     0.847059
27329     0.850980
27330     0.858824
27331     0.866667
27332     0.870588
27333     0.874510
27334     0.874510
27335     0.870588
27336     0.862745
27337     0.850980
27338     0.854902
27339     0.874510
27340     0.882353
27341     0.874510
27342     0.862745
27343     0.866667
27344     0.858824
27345     0.866667
27346     0.870588
27347     0.874510
27348     0.878431
27349     0.874510
27350     0.870588
27351     0.866667
27352     0.862745
27353     0.862745
27354     0.866667
27355     0.870588
27356     0.878431
27357     0.882353
27358     0.886275
27359     0.886275
27360     0.874510
27361     0.878431
27362     0.878431
27363     0.874510
27364     0.874510
27365     0.874510
27366     0.882353
27367     0.886275
27368     0.886275
27369     0.870588
27370     0.850980
27371     0.831373
27372     0.819608
27373     0.819608
27374     0.823529
27375     0.827451
27376     0.827451
27377     0.843137
27378     0.854902
27379     0.854902
27380     0.843137
27381     0.835294
27382     0.843137
27383     0.854902
27384     0.823529
27385     0.831373
27386     0.847059
27387     0.854902
27388     0.854902
27389     0.847059
27390     0.831373
27391     0.823529
27392     0.835294
27393     0.839216
27394     0.843137
27395     0.847059
27396     0.847059
27397     0.847059
27398     0.847059
27399     0.843137
27400     0.847059
27401     0.843137
27402     0.831373
27403     0.819608
27404     0.807843
27405     0.807843
27406     0.819608
27407     0.831373
27408     0.831373
27409     0.835294
27410     0.839216
27411     0.839216
27412     0.839216
27413     0.843137
27414     0.850980
27415     0.862745
27416     0.858824
27417     0.866667
27418     0.874510
27419     0.878431
27420     0.870588
27421     0.854902
27422     0.835294
27423     0.823529
27424     0.839216
27425     0.839216
27426     0.847059
27427     0.858824
27428     0.870588
27429     0.878431
27430     0.870588
27431     0.866667
27432     0.854902
27433     0.858824
27434     0.870588
27435     0.874510
27436     0.878431
27437     0.870588
27438     0.866667
27439     0.858824
27440     0.866667
27441     0.870588
27442     0.874510
27443     0.870588
27444     0.870588
27445     0.878431
27446     0.894118
27447     0.905882
27448     0.894118
27449     0.886275
27450     0.878431
27451     0.878431
27452     0.886275
27453     0.890196
27454     0.886275
27455     0.882353
27456     0.882353
27457     0.882353
27458     0.878431
27459     0.870588
27460     0.862745
27461     0.870588
27462     0.894118
27463     0.913725
27464     0.882353
27465     0.878431
27466     0.870588
27467     0.729412
27468     0.733333
27469     0.741176
27470     0.745098
27471     0.749020
27472     0.749020
27473     0.749020
27474     0.749020
27475     0.760784
27476     0.752941
27477     0.749020
27478     0.745098
27479     0.749020
27480     0.745098
27481     0.737255
27482     0.729412
27483     0.729412
27484     0.717647
27485     0.709804
27486     0.717647
27487     0.729412
27488     0.737255
27489     0.729412
27490     0.721569
27491     0.662745
27492     0.564706
27493     0.517647
27494     0.509804
27495     0.474510
27496     0.458824
27497     0.470588
27498     0.470588
27499     0.549020
27500     0.631373
27501     0.709804
27502     0.745098
27503     0.780392
27504     0.831373
27505     0.862745
27506     0.858824
27507     0.858824
27508     0.866667
27509     0.858824
27510     0.847059
27511     0.854902
27512     0.870588
27513     0.874510
27514     0.862745
27515     0.862745
27516     0.862745
27517     0.866667
27518     0.866667
27519     0.870588
27520     0.870588
27521     0.874510
27522     0.874510
27523     0.866667
27524     0.866667
27525     0.866667
27526     0.866667
27527     0.866667
27528     0.866667
27529     0.866667
27530     0.866667
27531     0.866667
27532     0.866667
27533     0.870588
27534     0.870588
27535     0.874510
27536     0.874510
27537     0.870588
27538     0.870588
27539     0.874510
27540     0.866667
27541     0.858824
27542     0.847059
27543     0.839216
27544     0.835294
27545     0.831373
27546     0.831373
27547     0.839216
27548     0.831373
27549     0.827451
27550     0.835294
27551     0.850980
27552     0.858824
27553     0.854902
27554     0.847059
27555     0.850980
27556     0.850980
27557     0.850980
27558     0.854902
27559     0.862745
27560     0.866667
27561     0.870588
27562     0.866667
27563     0.882353
27564     0.866667
27565     0.862745
27566     0.878431
27567     0.886275
27568     0.878431
27569     0.874510
27570     0.882353
27571     0.870588
27572     0.874510
27573     0.878431
27574     0.878431
27575     0.878431
27576     0.874510
27577     0.870588
27578     0.866667
27579     0.870588
27580     0.870588
27581     0.874510
27582     0.874510
27583     0.878431
27584     0.878431
27585     0.878431
27586     0.878431
27587     0.882353
27588     0.882353
27589     0.882353
27590     0.882353
27591     0.878431
27592     0.878431
27593     0.882353
27594     0.886275
27595     0.882353
27596     0.866667
27597     0.847059
27598     0.827451
27599     0.815686
27600     0.819608
27601     0.827451
27602     0.835294
27603     0.858824
27604     0.858824
27605     0.854902
27606     0.854902
27607     0.850980
27608     0.847059
27609     0.839216
27610     0.835294
27611     0.827451
27612     0.835294
27613     0.843137
27614     0.850980
27615     0.850980
27616     0.847059
27617     0.839216
27618     0.831373
27619     0.831373
27620     0.835294
27621     0.835294
27622     0.839216
27623     0.843137
27624     0.847059
27625     0.850980
27626     0.854902
27627     0.850980
27628     0.850980
27629     0.843137
27630     0.831373
27631     0.819608
27632     0.815686
27633     0.823529
27634     0.831373
27635     0.831373
27636     0.835294
27637     0.839216
27638     0.839216
27639     0.835294
27640     0.835294
27641     0.843137
27642     0.854902
27643     0.850980
27644     0.858824
27645     0.870588
27646     0.878431
27647     0.874510
27648     0.866667
27649     0.850980
27650     0.843137
27651     0.843137
27652     0.843137
27653     0.847059
27654     0.858824
27655     0.870588
27656     0.878431
27657     0.874510
27658     0.866667
27659     0.866667
27660     0.870588
27661     0.874510
27662     0.874510
27663     0.870588
27664     0.866667
27665     0.858824
27666     0.854902
27667     0.858824
27668     0.862745
27669     0.866667
27670     0.866667
27671     0.866667
27672     0.874510
27673     0.886275
27674     0.898039
27675     0.898039
27676     0.890196
27677     0.882353
27678     0.882353
27679     0.886275
27680     0.886275
27681     0.882353
27682     0.878431
27683     0.878431
27684     0.878431
27685     0.878431
27686     0.874510
27687     0.870588
27688     0.878431
27689     0.901961
27690     0.921569
27691     0.894118
27692     0.890196
27693     0.882353
27694     0.745098
27695     0.749020
27696     0.752941
27697     0.756863
27698     0.760784
27699     0.760784
27700     0.760784
27701     0.760784
27702     0.764706
27703     0.760784
27704     0.756863
27705     0.760784
27706     0.764706
27707     0.764706
27708     0.756863
27709     0.749020
27710     0.749020
27711     0.737255
27712     0.729412
27713     0.729412
27714     0.733333
27715     0.733333
27716     0.717647
27717     0.701961
27718     0.654902
27719     0.564706
27720     0.521569
27721     0.501961
27722     0.458824
27723     0.435294
27724     0.447059
27725     0.443137
27726     0.490196
27727     0.549020
27728     0.631373
27729     0.686275
27730     0.721569
27731     0.760784
27732     0.815686
27733     0.858824
27734     0.870588
27735     0.878431
27736     0.874510
27737     0.862745
27738     0.858824
27739     0.874510
27740     0.878431
27741     0.866667
27742     0.862745
27743     0.862745
27744     0.866667
27745     0.870588
27746     0.874510
27747     0.878431
27748     0.882353
27749     0.882353
27750     0.874510
27751     0.874510
27752     0.870588
27753     0.870588
27754     0.870588
27755     0.870588
27756     0.870588
27757     0.870588
27758     0.870588
27759     0.870588
27760     0.870588
27761     0.870588
27762     0.866667
27763     0.866667
27764     0.866667
27765     0.862745
27766     0.866667
27767     0.858824
27768     0.850980
27769     0.839216
27770     0.831373
27771     0.827451
27772     0.827451
27773     0.827451
27774     0.835294
27775     0.831373
27776     0.831373
27777     0.839216
27778     0.850980
27779     0.858824
27780     0.854902
27781     0.850980
27782     0.854902
27783     0.847059
27784     0.839216
27785     0.839216
27786     0.847059
27787     0.854902
27788     0.858824
27789     0.854902
27790     0.878431
27791     0.862745
27792     0.858824
27793     0.874510
27794     0.882353
27795     0.882353
27796     0.882353
27797     0.894118
27798     0.882353
27799     0.882353
27800     0.882353
27801     0.882353
27802     0.878431
27803     0.874510
27804     0.870588
27805     0.866667
27806     0.878431
27807     0.882353
27808     0.882353
27809     0.882353
27810     0.878431
27811     0.874510
27812     0.870588
27813     0.870588
27814     0.886275
27815     0.886275
27816     0.886275
27817     0.886275
27818     0.882353
27819     0.882353
27820     0.882353
27821     0.882353
27822     0.894118
27823     0.878431
27824     0.850980
27825     0.823529
27826     0.811765
27827     0.815686
27828     0.823529
27829     0.835294
27830     0.862745
27831     0.847059
27832     0.839216
27833     0.843137
27834     0.858824
27835     0.862745
27836     0.847059
27837     0.831373
27838     0.831373
27839     0.835294
27840     0.839216
27841     0.847059
27842     0.847059
27843     0.847059
27844     0.847059
27845     0.843137
27846     0.831373
27847     0.831373
27848     0.831373
27849     0.831373
27850     0.839216
27851     0.847059
27852     0.854902
27853     0.862745
27854     0.858824
27855     0.862745
27856     0.862745
27857     0.850980
27858     0.839216
27859     0.831373
27860     0.831373
27861     0.835294
27862     0.835294
27863     0.839216
27864     0.839216
27865     0.835294
27866     0.831373
27867     0.831373
27868     0.839216
27869     0.847059
27870     0.847059
27871     0.858824
27872     0.870588
27873     0.882353
27874     0.882353
27875     0.878431
27876     0.870588
27877     0.862745
27878     0.847059
27879     0.847059
27880     0.847059
27881     0.858824
27882     0.870588
27883     0.878431
27884     0.874510
27885     0.870588
27886     0.882353
27887     0.878431
27888     0.878431
27889     0.870588
27890     0.866667
27891     0.862745
27892     0.858824
27893     0.854902
27894     0.858824
27895     0.862745
27896     0.866667
27897     0.866667
27898     0.866667
27899     0.870588
27900     0.878431
27901     0.890196
27902     0.898039
27903     0.890196
27904     0.882353
27905     0.878431
27906     0.882353
27907     0.886275
27908     0.882353
27909     0.878431
27910     0.874510
27911     0.878431
27912     0.878431
27913     0.878431
27914     0.878431
27915     0.890196
27916     0.909804
27917     0.921569
27918     0.901961
27919     0.901961
27920     0.898039
27921     0.756863
27922     0.760784
27923     0.764706
27924     0.768627
27925     0.772549
27926     0.772549
27927     0.768627
27928     0.768627
27929     0.768627
27930     0.764706
27931     0.764706
27932     0.772549
27933     0.784314
27934     0.788235
27935     0.784314
27936     0.776471
27937     0.768627
27938     0.756863
27939     0.745098
27940     0.737255
27941     0.737255
27942     0.725490
27943     0.698039
27944     0.678431
27945     0.643137
27946     0.576471
27947     0.545098
27948     0.517647
27949     0.454902
27950     0.423529
27951     0.419608
27952     0.403922
27953     0.423529
27954     0.474510
27955     0.572549
27956     0.658824
27957     0.694118
27958     0.709804
27959     0.764706
27960     0.835294
27961     0.878431
27962     0.894118
27963     0.894118
27964     0.878431
27965     0.870588
27966     0.874510
27967     0.874510
27968     0.866667
27969     0.862745
27970     0.866667
27971     0.870588
27972     0.874510
27973     0.878431
27974     0.882353
27975     0.886275
27976     0.886275
27977     0.882353
27978     0.882353
27979     0.882353
27980     0.878431
27981     0.878431
27982     0.878431
27983     0.878431
27984     0.874510
27985     0.874510
27986     0.870588
27987     0.866667
27988     0.862745
27989     0.858824
27990     0.858824
27991     0.854902
27992     0.854902
27993     0.858824
27994     0.850980
27995     0.839216
27996     0.827451
27997     0.819608
27998     0.819608
27999     0.819608
28000     0.823529
28001     0.827451
28002     0.827451
28003     0.831373
28004     0.835294
28005     0.843137
28006     0.847059
28007     0.850980
28008     0.850980
28009     0.858824
28010     0.843137
28011     0.827451
28012     0.827451
28013     0.835294
28014     0.839216
28015     0.839216
28016     0.831373
28017     0.827451
28018     0.815686
28019     0.823529
28020     0.854902
28021     0.874510
28022     0.878431
28023     0.882353
28024     0.890196
28025     0.886275
28026     0.886275
28027     0.882353
28028     0.878431
28029     0.874510
28030     0.866667
28031     0.862745
28032     0.858824
28033     0.878431
28034     0.882353
28035     0.886275
28036     0.886275
28037     0.886275
28038     0.882353
28039     0.874510
28040     0.870588
28041     0.878431
28042     0.878431
28043     0.878431
28044     0.882353
28045     0.886275
28046     0.886275
28047     0.882353
28048     0.878431
28049     0.894118
28050     0.874510
28051     0.843137
28052     0.811765
28053     0.796078
28054     0.792157
28055     0.796078
28056     0.800000
28057     0.811765
28058     0.807843
28059     0.811765
28060     0.827451
28061     0.843137
28062     0.850980
28063     0.843137
28064     0.835294
28065     0.839216
28066     0.839216
28067     0.839216
28068     0.843137
28069     0.843137
28070     0.847059
28071     0.850980
28072     0.854902
28073     0.843137
28074     0.839216
28075     0.831373
28076     0.827451
28077     0.831373
28078     0.839216
28079     0.850980
28080     0.858824
28081     0.862745
28082     0.870588
28083     0.874510
28084     0.866667
28085     0.854902
28086     0.843137
28087     0.839216
28088     0.839216
28089     0.843137
28090     0.847059
28091     0.847059
28092     0.843137
28093     0.835294
28094     0.835294
28095     0.839216
28096     0.847059
28097     0.854902
28098     0.862745
28099     0.874510
28100     0.882353
28101     0.886275
28102     0.882353
28103     0.874510
28104     0.870588
28105     0.850980
28106     0.847059
28107     0.847059
28108     0.854902
28109     0.866667
28110     0.874510
28111     0.874510
28112     0.866667
28113     0.882353
28114     0.878431
28115     0.870588
28116     0.866667
28117     0.862745
28118     0.862745
28119     0.862745
28120     0.862745
28121     0.870588
28122     0.874510
28123     0.878431
28124     0.874510
28125     0.866667
28126     0.862745
28127     0.870588
28128     0.874510
28129     0.886275
28130     0.878431
28131     0.874510
28132     0.874510
28133     0.882353
28134     0.890196
28135     0.890196
28136     0.886275
28137     0.886275
28138     0.886275
28139     0.886275
28140     0.886275
28141     0.890196
28142     0.894118
28143     0.905882
28144     0.913725
28145     0.901961
28146     0.901961
28147     0.898039
28148     0.768627
28149     0.768627
28150     0.772549
28151     0.776471
28152     0.776471
28153     0.776471
28154     0.772549
28155     0.772549
28156     0.772549
28157     0.768627
28158     0.772549
28159     0.784314
28160     0.800000
28161     0.811765
28162     0.819608
28163     0.819608
28164     0.807843
28165     0.796078
28166     0.780392
28167     0.768627
28168     0.760784
28169     0.737255
28170     0.701961
28171     0.674510
28172     0.654902
28173     0.611765
28174     0.592157
28175     0.560784
28176     0.482353
28177     0.435294
28178     0.419608
28179     0.388235
28180     0.372549
28181     0.427451
28182     0.537255
28183     0.643137
28184     0.674510
28185     0.674510
28186     0.713726
28187     0.780392
28188     0.858824
28189     0.886275
28190     0.898039
28191     0.886275
28192     0.874510
28193     0.874510
28194     0.870588
28195     0.858824
28196     0.866667
28197     0.866667
28198     0.870588
28199     0.874510
28200     0.878431
28201     0.878431
28202     0.882353
28203     0.882353
28204     0.886275
28205     0.886275
28206     0.882353
28207     0.882353
28208     0.878431
28209     0.878431
28210     0.878431
28211     0.874510
28212     0.870588
28213     0.866667
28214     0.858824
28215     0.854902
28216     0.847059
28217     0.847059
28218     0.847059
28219     0.847059
28220     0.847059
28221     0.839216
28222     0.827451
28223     0.815686
28224     0.807843
28225     0.807843
28226     0.815686
28227     0.819608
28228     0.815686
28229     0.819608
28230     0.827451
28231     0.831373
28232     0.831373
28233     0.835294
28234     0.839216
28235     0.843137
28236     0.858824
28237     0.839216
28238     0.823529
28239     0.823529
28240     0.827451
28241     0.823529
28242     0.807843
28243     0.792157
28244     0.752941
28245     0.752941
28246     0.780392
28247     0.827451
28248     0.862745
28249     0.874510
28250     0.882353
28251     0.890196
28252     0.890196
28253     0.886275
28254     0.882353
28255     0.874510
28256     0.866667
28257     0.862745
28258     0.858824
28259     0.858824
28260     0.870588
28261     0.878431
28262     0.886275
28263     0.890196
28264     0.894118
28265     0.890196
28266     0.882353
28267     0.878431
28268     0.866667
28269     0.862745
28270     0.862745
28271     0.870588
28272     0.878431
28273     0.882353
28274     0.874510
28275     0.866667
28276     0.870588
28277     0.854902
28278     0.831373
28279     0.807843
28280     0.792157
28281     0.780392
28282     0.776471
28283     0.776471
28284     0.792157
28285     0.807843
28286     0.831373
28287     0.843137
28288     0.839216
28289     0.835294
28290     0.835294
28291     0.839216
28292     0.847059
28293     0.847059
28294     0.843137
28295     0.843137
28296     0.843137
28297     0.850980
28298     0.854902
28299     0.858824
28300     0.854902
28301     0.847059
28302     0.839216
28303     0.831373
28304     0.827451
28305     0.831373
28306     0.835294
28307     0.839216
28308     0.854902
28309     0.866667
28310     0.874510
28311     0.870588
28312     0.858824
28313     0.847059
28314     0.843137
28315     0.843137
28316     0.850980
28317     0.854902
28318     0.854902
28319     0.850980
28320     0.843137
28321     0.843137
28322     0.850980
28323     0.858824
28324     0.866667
28325     0.870588
28326     0.874510
28327     0.878431
28328     0.878431
28329     0.874510
28330     0.866667
28331     0.858824
28332     0.850980
28333     0.847059
28334     0.847059
28335     0.850980
28336     0.862745
28337     0.870588
28338     0.870588
28339     0.866667
28340     0.866667
28341     0.866667
28342     0.862745
28343     0.862745
28344     0.862745
28345     0.862745
28346     0.866667
28347     0.870588
28348     0.886275
28349     0.890196
28350     0.890196
28351     0.886275
28352     0.874510
28353     0.862745
28354     0.862745
28355     0.866667
28356     0.874510
28357     0.866667
28358     0.866667
28359     0.870588
28360     0.886275
28361     0.894118
28362     0.898039
28363     0.898039
28364     0.901961
28365     0.898039
28366     0.894118
28367     0.894118
28368     0.894118
28369     0.894118
28370     0.894118
28371     0.890196
28372     0.890196
28373     0.890196
28374     0.890196
28375     0.768627
28376     0.772549
28377     0.776471
28378     0.776471
28379     0.776471
28380     0.776471
28381     0.772549
28382     0.772549
28383     0.776471
28384     0.772549
28385     0.772549
28386     0.788235
28387     0.811765
28388     0.839216
28389     0.854902
28390     0.862745
28391     0.862745
28392     0.850980
28393     0.835294
28394     0.823529
28395     0.807843
28396     0.776471
28397     0.733333
28398     0.701961
28399     0.662745
28400     0.635294
28401     0.623529
28402     0.580392
28403     0.486275
28404     0.431373
28405     0.407843
28406     0.372549
28407     0.356863
28408     0.411765
28409     0.509804
28410     0.600000
28411     0.631373
28412     0.635294
28413     0.666667
28414     0.713726
28415     0.803922
28416     0.843137
28417     0.874510
28418     0.878431
28419     0.870588
28420     0.870588
28421     0.862745
28422     0.850980
28423     0.870588
28424     0.870588
28425     0.870588
28426     0.870588
28427     0.874510
28428     0.874510
28429     0.874510
28430     0.874510
28431     0.878431
28432     0.878431
28433     0.878431
28434     0.874510
28435     0.870588
28436     0.866667
28437     0.866667
28438     0.866667
28439     0.862745
28440     0.854902
28441     0.847059
28442     0.839216
28443     0.835294
28444     0.835294
28445     0.839216
28446     0.843137
28447     0.839216
28448     0.831373
28449     0.815686
28450     0.803922
28451     0.796078
28452     0.800000
28453     0.807843
28454     0.811765
28455     0.807843
28456     0.815686
28457     0.823529
28458     0.827451
28459     0.823529
28460     0.827451
28461     0.835294
28462     0.843137
28463     0.850980
28464     0.839216
28465     0.827451
28466     0.827451
28467     0.827451
28468     0.811765
28469     0.776471
28470     0.745098
28471     0.694118
28472     0.698039
28473     0.729412
28474     0.788235
28475     0.835294
28476     0.862745
28477     0.878431
28478     0.894118
28479     0.894118
28480     0.890196
28481     0.882353
28482     0.874510
28483     0.870588
28484     0.866667
28485     0.866667
28486     0.866667
28487     0.870588
28488     0.878431
28489     0.886275
28490     0.894118
28491     0.898039
28492     0.894118
28493     0.886275
28494     0.882353
28495     0.858824
28496     0.850980
28497     0.847059
28498     0.854902
28499     0.862745
28500     0.862745
28501     0.847059
28502     0.831373
28503     0.839216
28504     0.839216
28505     0.831373
28506     0.819608
28507     0.803922
28508     0.788235
28509     0.772549
28510     0.760784
28511     0.792157
28512     0.823529
28513     0.862745
28514     0.878431
28515     0.870588
28516     0.862745
28517     0.858824
28518     0.862745
28519     0.854902
28520     0.854902
28521     0.850980
28522     0.847059
28523     0.847059
28524     0.850980
28525     0.850980
28526     0.854902
28527     0.858824
28528     0.850980
28529     0.843137
28530     0.835294
28531     0.827451
28532     0.827451
28533     0.827451
28534     0.827451
28535     0.843137
28536     0.854902
28537     0.862745
28538     0.862745
28539     0.854902
28540     0.847059
28541     0.843137
28542     0.843137
28543     0.854902
28544     0.858824
28545     0.858824
28546     0.854902
28547     0.850980
28548     0.850980
28549     0.858824
28550     0.866667
28551     0.866667
28552     0.870588
28553     0.870588
28554     0.870588
28555     0.866667
28556     0.862745
28557     0.854902
28558     0.847059
28559     0.850980
28560     0.843137
28561     0.839216
28562     0.843137
28563     0.854902
28564     0.862745
28565     0.862745
28566     0.858824
28567     0.854902
28568     0.854902
28569     0.858824
28570     0.858824
28571     0.862745
28572     0.862745
28573     0.862745
28574     0.862745
28575     0.882353
28576     0.890196
28577     0.894118
28578     0.890196
28579     0.878431
28580     0.866667
28581     0.866667
28582     0.866667
28583     0.870588
28584     0.866667
28585     0.862745
28586     0.870588
28587     0.882353
28588     0.894118
28589     0.898039
28590     0.898039
28591     0.905882
28592     0.901961
28593     0.898039
28594     0.898039
28595     0.898039
28596     0.894118
28597     0.886275
28598     0.874510
28599     0.878431
28600     0.874510
28601     0.874510
28602     0.768627
28603     0.768627
28604     0.772549
28605     0.772549
28606     0.772549
28607     0.772549
28608     0.768627
28609     0.768627
28610     0.780392
28611     0.772549
28612     0.772549
28613     0.788235
28614     0.819608
28615     0.854902
28616     0.886275
28617     0.901961
28618     0.909804
28619     0.898039
28620     0.882353
28621     0.870588
28622     0.850980
28623     0.811765
28624     0.764706
28625     0.729412
28626     0.682353
28627     0.654902
28628     0.639216
28629     0.576471
28630     0.470588
28631     0.419608
28632     0.403922
28633     0.372549
28634     0.364706
28635     0.407843
28636     0.470588
28637     0.525490
28638     0.556863
28639     0.584314
28640     0.619608
28641     0.654902
28642     0.725490
28643     0.780392
28644     0.835294
28645     0.858824
28646     0.862745
28647     0.862745
28648     0.858824
28649     0.847059
28650     0.870588
28651     0.870588
28652     0.870588
28653     0.870588
28654     0.866667
28655     0.866667
28656     0.866667
28657     0.866667
28658     0.862745
28659     0.862745
28660     0.858824
28661     0.858824
28662     0.854902
28663     0.850980
28664     0.847059
28665     0.847059
28666     0.850980
28667     0.843137
28668     0.835294
28669     0.827451
28670     0.827451
28671     0.827451
28672     0.835294
28673     0.839216
28674     0.831373
28675     0.823529
28676     0.807843
28677     0.796078
28678     0.788235
28679     0.792157
28680     0.803922
28681     0.811765
28682     0.807843
28683     0.819608
28684     0.827451
28685     0.831373
28686     0.823529
28687     0.827451
28688     0.835294
28689     0.847059
28690     0.847059
28691     0.835294
28692     0.831373
28693     0.835294
28694     0.835294
28695     0.803922
28696     0.745098
28697     0.701961
28698     0.654902
28699     0.650980
28700     0.674510
28701     0.733333
28702     0.788235
28703     0.827451
28704     0.862745
28705     0.890196
28706     0.901961
28707     0.898039
28708     0.890196
28709     0.882353
28710     0.878431
28711     0.878431
28712     0.878431
28713     0.882353
28714     0.882353
28715     0.886275
28716     0.894118
28717     0.901961
28718     0.901961
28719     0.894118
28720     0.882353
28721     0.874510
28722     0.862745
28723     0.847059
28724     0.839216
28725     0.839216
28726     0.843137
28727     0.835294
28728     0.811765
28729     0.788235
28730     0.784314
28731     0.788235
28732     0.792157
28733     0.784314
28734     0.760784
28735     0.725490
28736     0.690196
28737     0.666667
28738     0.682353
28739     0.721569
28740     0.776471
28741     0.831373
28742     0.866667
28743     0.878431
28744     0.878431
28745     0.874510
28746     0.858824
28747     0.858824
28748     0.858824
28749     0.854902
28750     0.854902
28751     0.850980
28752     0.847059
28753     0.847059
28754     0.847059
28755     0.847059
28756     0.843137
28757     0.839216
28758     0.831373
28759     0.827451
28760     0.827451
28761     0.823529
28762     0.831373
28763     0.839216
28764     0.847059
28765     0.847059
28766     0.843137
28767     0.839216
28768     0.843137
28769     0.847059
28770     0.847059
28771     0.850980
28772     0.854902
28773     0.854902
28774     0.850980
28775     0.850980
28776     0.858824
28777     0.870588
28778     0.858824
28779     0.862745
28780     0.862745
28781     0.862745
28782     0.858824
28783     0.850980
28784     0.847059
28785     0.843137
28786     0.847059
28787     0.839216
28788     0.835294
28789     0.835294
28790     0.847059
28791     0.854902
28792     0.854902
28793     0.854902
28794     0.850980
28795     0.854902
28796     0.858824
28797     0.858824
28798     0.858824
28799     0.854902
28800     0.850980
28801     0.847059
28802     0.862745
28803     0.870588
28804     0.882353
28805     0.882353
28806     0.878431
28807     0.874510
28808     0.874510
28809     0.878431
28810     0.878431
28811     0.870588
28812     0.866667
28813     0.870588
28814     0.878431
28815     0.886275
28816     0.886275
28817     0.886275
28818     0.898039
28819     0.894118
28820     0.890196
28821     0.894118
28822     0.901961
28823     0.898039
28824     0.882353
28825     0.870588
28826     0.866667
28827     0.866667
28828     0.862745
28829     0.764706
28830     0.768627
28831     0.768627
28832     0.772549
28833     0.772549
28834     0.768627
28835     0.764706
28836     0.764706
28837     0.784314
28838     0.772549
28839     0.768627
28840     0.784314
28841     0.823529
28842     0.866667
28843     0.905882
28844     0.925490
28845     0.933333
28846     0.921569
28847     0.905882
28848     0.894118
28849     0.870588
28850     0.831373
28851     0.780392
28852     0.745098
28853     0.717647
28854     0.690196
28855     0.662745
28856     0.588235
28857     0.474510
28858     0.427451
28859     0.423529
28860     0.396078
28861     0.380392
28862     0.411765
28863     0.443137
28864     0.462745
28865     0.494118
28866     0.545098
28867     0.592157
28868     0.619608
28869     0.670588
28870     0.733333
28871     0.803922
28872     0.839216
28873     0.854902
28874     0.862745
28875     0.858824
28876     0.847059
28877     0.874510
28878     0.874510
28879     0.870588
28880     0.866667
28881     0.862745
28882     0.862745
28883     0.858824
28884     0.858824
28885     0.850980
28886     0.850980
28887     0.847059
28888     0.843137
28889     0.839216
28890     0.835294
28891     0.831373
28892     0.831373
28893     0.843137
28894     0.835294
28895     0.827451
28896     0.819608
28897     0.819608
28898     0.823529
28899     0.831373
28900     0.835294
28901     0.831373
28902     0.819608
28903     0.803922
28904     0.788235
28905     0.784314
28906     0.792157
28907     0.800000
28908     0.807843
28909     0.811765
28910     0.823529
28911     0.835294
28912     0.835294
28913     0.827451
28914     0.827451
28915     0.839216
28916     0.850980
28917     0.839216
28918     0.835294
28919     0.835294
28920     0.843137
28921     0.839216
28922     0.800000
28923     0.729412
28924     0.674510
28925     0.631373
28926     0.619608
28927     0.635294
28928     0.682353
28929     0.741176
28930     0.792157
28931     0.839216
28932     0.878431
28933     0.909804
28934     0.905882
28935     0.898039
28936     0.890196
28937     0.886275
28938     0.886275
28939     0.890196
28940     0.894118
28941     0.890196
28942     0.898039
28943     0.901961
28944     0.905882
28945     0.901961
28946     0.890196
28947     0.874510
28948     0.866667
28949     0.866667
28950     0.850980
28951     0.835294
28952     0.831373
28953     0.831373
28954     0.815686
28955     0.780392
28956     0.752941
28957     0.705882
28958     0.713726
28959     0.717647
28960     0.705882
28961     0.670588
28962     0.615686
28963     0.564706
28964     0.529412
28965     0.509804
28966     0.549020
28967     0.623529
28968     0.721569
28969     0.807843
28970     0.854902
28971     0.862745
28972     0.854902
28973     0.862745
28974     0.862745
28975     0.862745
28976     0.862745
28977     0.854902
28978     0.850980
28979     0.843137
28980     0.839216
28981     0.835294
28982     0.835294
28983     0.839216
28984     0.839216
28985     0.839216
28986     0.835294
28987     0.831373
28988     0.827451
28989     0.819608
28990     0.827451
28991     0.835294
28992     0.835294
28993     0.831373
28994     0.835294
28995     0.839216
28996     0.847059
28997     0.839216
28998     0.843137
28999     0.850980
29000     0.850980
29001     0.847059
29002     0.850980
29003     0.858824
29004     0.870588
29005     0.850980
29006     0.850980
29007     0.850980
29008     0.854902
29009     0.850980
29010     0.850980
29011     0.847059
29012     0.843137
29013     0.847059
29014     0.839216
29015     0.831373
29016     0.831373
29017     0.839216
29018     0.847059
29019     0.850980
29020     0.850980
29021     0.850980
29022     0.854902
29023     0.858824
29024     0.862745
29025     0.858824
29026     0.847059
29027     0.835294
29028     0.827451
29029     0.843137
29030     0.854902
29031     0.866667
29032     0.874510
29033     0.878431
29034     0.878431
29035     0.882353
29036     0.886275
29037     0.890196
29038     0.882353
29039     0.874510
29040     0.874510
29041     0.878431
29042     0.878431
29043     0.878431
29044     0.874510
29045     0.890196
29046     0.882353
29047     0.886275
29048     0.894118
29049     0.905882
29050     0.901961
29051     0.886275
29052     0.874510
29053     0.862745
29054     0.862745
29055     0.858824
29056     0.772549
29057     0.772549
29058     0.772549
29059     0.768627
29060     0.768627
29061     0.764706
29062     0.764706
29063     0.764706
29064     0.780392
29065     0.772549
29066     0.764706
29067     0.772549
29068     0.800000
29069     0.839216
29070     0.882353
29071     0.909804
29072     0.949020
29073     0.941176
29074     0.929412
29075     0.913725
29076     0.882353
29077     0.839216
29078     0.792157
29079     0.760784
29080     0.745098
29081     0.721569
29082     0.674510
29083     0.619608
29084     0.560784
29085     0.501961
29086     0.458824
29087     0.431373
29088     0.427451
29089     0.415686
29090     0.419608
29091     0.443137
29092     0.462745
29093     0.494118
29094     0.537255
29095     0.584314
29096     0.631373
29097     0.701961
29098     0.760784
29099     0.772549
29100     0.796078
29101     0.831373
29102     0.835294
29103     0.811765
29104     0.819608
29105     0.850980
29106     0.870588
29107     0.862745
29108     0.854902
29109     0.858824
29110     0.862745
29111     0.858824
29112     0.847059
29113     0.843137
29114     0.835294
29115     0.835294
29116     0.835294
29117     0.827451
29118     0.815686
29119     0.803922
29120     0.823529
29121     0.823529
29122     0.823529
29123     0.823529
29124     0.823529
29125     0.815686
29126     0.811765
29127     0.807843
29128     0.807843
29129     0.800000
29130     0.788235
29131     0.788235
29132     0.792157
29133     0.800000
29134     0.800000
29135     0.800000
29136     0.811765
29137     0.835294
29138     0.850980
29139     0.847059
29140     0.843137
29141     0.850980
29142     0.850980
29143     0.839216
29144     0.831373
29145     0.854902
29146     0.866667
29147     0.854902
29148     0.835294
29149     0.803922
29150     0.756863
29151     0.717647
29152     0.678431
29153     0.650980
29154     0.627451
29155     0.627451
29156     0.666667
29157     0.725490
29158     0.776471
29159     0.803922
29160     0.878431
29161     0.874510
29162     0.878431
29163     0.890196
29164     0.901961
29165     0.905882
29166     0.894118
29167     0.882353
29168     0.882353
29169     0.898039
29170     0.913725
29171     0.917647
29172     0.898039
29173     0.870588
29174     0.847059
29175     0.831373
29176     0.843137
29177     0.823529
29178     0.792157
29179     0.772549
29180     0.760784
29181     0.745098
29182     0.717647
29183     0.698039
29184     0.647059
29185     0.643137
29186     0.588235
29187     0.596078
29188     0.568627
29189     0.494118
29190     0.466667
29191     0.403922
29192     0.415686
29193     0.447059
29194     0.478431
29195     0.533333
29196     0.658824
29197     0.796078
29198     0.858824
29199     0.847059
29200     0.858824
29201     0.854902
29202     0.850980
29203     0.847059
29204     0.847059
29205     0.847059
29206     0.847059
29207     0.847059
29208     0.847059
29209     0.839216
29210     0.831373
29211     0.831373
29212     0.831373
29213     0.827451
29214     0.815686
29215     0.803922
29216     0.823529
29217     0.823529
29218     0.819608
29219     0.819608
29220     0.823529
29221     0.831373
29222     0.839216
29223     0.847059
29224     0.839216
29225     0.839216
29226     0.839216
29227     0.847059
29228     0.854902
29229     0.858824
29230     0.850980
29231     0.847059
29232     0.839216
29233     0.839216
29234     0.843137
29235     0.847059
29236     0.847059
29237     0.847059
29238     0.843137
29239     0.843137
29240     0.835294
29241     0.835294
29242     0.839216
29243     0.839216
29244     0.839216
29245     0.839216
29246     0.839216
29247     0.843137
29248     0.839216
29249     0.839216
29250     0.835294
29251     0.835294
29252     0.835294
29253     0.839216
29254     0.843137
29255     0.843137
29256     0.831373
29257     0.831373
29258     0.835294
29259     0.843137
29260     0.854902
29261     0.870588
29262     0.886275
29263     0.894118
29264     0.886275
29265     0.882353
29266     0.874510
29267     0.870588
29268     0.866667
29269     0.870588
29270     0.874510
29271     0.874510
29272     0.890196
29273     0.894118
29274     0.894118
29275     0.894118
29276     0.894118
29277     0.890196
29278     0.886275
29279     0.882353
29280     0.866667
29281     0.862745
29282     0.858824
29283     0.780392
29284     0.780392
29285     0.776471
29286     0.768627
29287     0.764706
29288     0.760784
29289     0.756863
29290     0.752941
29291     0.772549
29292     0.768627
29293     0.768627
29294     0.780392
29295     0.807843
29296     0.847059
29297     0.882353
29298     0.909804
29299     0.941176
29300     0.937255
29301     0.929412
29302     0.917647
29303     0.894118
29304     0.858824
29305     0.819608
29306     0.788235
29307     0.776471
29308     0.749020
29309     0.705882
29310     0.658824
29311     0.615686
29312     0.564706
29313     0.509804
29314     0.478431
29315     0.450980
29316     0.435294
29317     0.431373
29318     0.443137
29319     0.450980
29320     0.462745
29321     0.498039
29322     0.533333
29323     0.592157
29324     0.654902
29325     0.709804
29326     0.721569
29327     0.745098
29328     0.788235
29329     0.803922
29330     0.788235
29331     0.815686
29332     0.835294
29333     0.850980
29334     0.843137
29335     0.843137
29336     0.847059
29337     0.839216
29338     0.827451
29339     0.850980
29340     0.843137
29341     0.835294
29342     0.835294
29343     0.839216
29344     0.839216
29345     0.831373
29346     0.827451
29347     0.827451
29348     0.819608
29349     0.811765
29350     0.803922
29351     0.800000
29352     0.800000
29353     0.800000
29354     0.803922
29355     0.796078
29356     0.788235
29357     0.780392
29358     0.780392
29359     0.788235
29360     0.796078
29361     0.796078
29362     0.796078
29363     0.811765
29364     0.835294
29365     0.847059
29366     0.839216
29367     0.835294
29368     0.839216
29369     0.835294
29370     0.823529
29371     0.843137
29372     0.858824
29373     0.862745
29374     0.854902
29375     0.843137
29376     0.823529
29377     0.780392
29378     0.737255
29379     0.686275
29380     0.666667
29381     0.643137
29382     0.643137
29383     0.666667
29384     0.709804
29385     0.745098
29386     0.764706
29387     0.803922
29388     0.831373
29389     0.862745
29390     0.886275
29391     0.898039
29392     0.901961
29393     0.901961
29394     0.901961
29395     0.886275
29396     0.890196
29397     0.890196
29398     0.890196
29399     0.882353
29400     0.870588
29401     0.850980
29402     0.843137
29403     0.780392
29404     0.756863
29405     0.721569
29406     0.701961
29407     0.690196
29408     0.674510
29409     0.654902
29410     0.639216
29411     0.568627
29412     0.580392
29413     0.525490
29414     0.521569
29415     0.486275
29416     0.427451
29417     0.439216
29418     0.407843
29419     0.427451
29420     0.447059
29421     0.466667
29422     0.509804
29423     0.623529
29424     0.764706
29425     0.843137
29426     0.854902
29427     0.862745
29428     0.858824
29429     0.854902
29430     0.850980
29431     0.850980
29432     0.847059
29433     0.847059
29434     0.847059
29435     0.843137
29436     0.839216
29437     0.831373
29438     0.827451
29439     0.827451
29440     0.819608
29441     0.807843
29442     0.800000
29443     0.811765
29444     0.811765
29445     0.811765
29446     0.815686
29447     0.819608
29448     0.831373
29449     0.839216
29450     0.847059
29451     0.843137
29452     0.843137
29453     0.839216
29454     0.847059
29455     0.854902
29456     0.858824
29457     0.850980
29458     0.847059
29459     0.843137
29460     0.843137
29461     0.847059
29462     0.847059
29463     0.843137
29464     0.843137
29465     0.839216
29466     0.835294
29467     0.839216
29468     0.839216
29469     0.839216
29470     0.839216
29471     0.843137
29472     0.843137
29473     0.843137
29474     0.843137
29475     0.831373
29476     0.831373
29477     0.827451
29478     0.827451
29479     0.831373
29480     0.835294
29481     0.839216
29482     0.843137
29483     0.839216
29484     0.839216
29485     0.839216
29486     0.843137
29487     0.850980
29488     0.862745
29489     0.870588
29490     0.874510
29491     0.870588
29492     0.870588
29493     0.866667
29494     0.866667
29495     0.870588
29496     0.874510
29497     0.882353
29498     0.886275
29499     0.890196
29500     0.894118
29501     0.894118
29502     0.894118
29503     0.894118
29504     0.890196
29505     0.886275
29506     0.882353
29507     0.862745
29508     0.862745
29509     0.858824
29510     0.784314
29511     0.784314
29512     0.776471
29513     0.768627
29514     0.760784
29515     0.752941
29516     0.749020
29517     0.745098
29518     0.764706
29519     0.768627
29520     0.772549
29521     0.788235
29522     0.819608
29523     0.854902
29524     0.886275
29525     0.909804
29526     0.929412
29527     0.925490
29528     0.925490
29529     0.925490
29530     0.913725
29531     0.890196
29532     0.858824
29533     0.835294
29534     0.796078
29535     0.760784
29536     0.717647
29537     0.690196
29538     0.658824
29539     0.611765
29540     0.545098
29541     0.494118
29542     0.462745
29543     0.447059
29544     0.443137
29545     0.447059
29546     0.447059
29547     0.450980
29548     0.470588
29549     0.501961
29550     0.572549
29551     0.623529
29552     0.662745
29553     0.670588
29554     0.694118
29555     0.737255
29556     0.760784
29557     0.760784
29558     0.780392
29559     0.807843
29560     0.827451
29561     0.831373
29562     0.839216
29563     0.850980
29564     0.847059
29565     0.831373
29566     0.847059
29567     0.839216
29568     0.831373
29569     0.831373
29570     0.839216
29571     0.843137
29572     0.843137
29573     0.839216
29574     0.823529
29575     0.807843
29576     0.784314
29577     0.764706
29578     0.756863
29579     0.764706
29580     0.772549
29581     0.784314
29582     0.780392
29583     0.772549
29584     0.764706
29585     0.768627
29586     0.780392
29587     0.792157
29588     0.796078
29589     0.796078
29590     0.811765
29591     0.835294
29592     0.850980
29593     0.847059
29594     0.843137
29595     0.850980
29596     0.850980
29597     0.839216
29598     0.847059
29599     0.850980
29600     0.854902
29601     0.854902
29602     0.862745
29603     0.854902
29604     0.811765
29605     0.764706
29606     0.690196
29607     0.670588
29608     0.647059
29609     0.639216
29610     0.647059
29611     0.666667
29612     0.686275
29613     0.698039
29614     0.733333
29615     0.776471
29616     0.835294
29617     0.870588
29618     0.878431
29619     0.878431
29620     0.878431
29621     0.882353
29622     0.870588
29623     0.866667
29624     0.862745
29625     0.866667
29626     0.866667
29627     0.850980
29628     0.819608
29629     0.796078
29630     0.713726
29631     0.682353
29632     0.639216
29633     0.607843
29634     0.592157
29635     0.576471
29636     0.560784
29637     0.545098
29638     0.537255
29639     0.576471
29640     0.549020
29641     0.541176
29642     0.494118
29643     0.431373
29644     0.450980
29645     0.427451
29646     0.458824
29647     0.470588
29648     0.470588
29649     0.490196
29650     0.576471
29651     0.709804
29652     0.807843
29653     0.843137
29654     0.862745
29655     0.862745
29656     0.858824
29657     0.854902
29658     0.854902
29659     0.850980
29660     0.847059
29661     0.847059
29662     0.843137
29663     0.835294
29664     0.827451
29665     0.823529
29666     0.823529
29667     0.815686
29668     0.800000
29669     0.792157
29670     0.796078
29671     0.796078
29672     0.800000
29673     0.807843
29674     0.815686
29675     0.827451
29676     0.839216
29677     0.843137
29678     0.847059
29679     0.843137
29680     0.843137
29681     0.850980
29682     0.854902
29683     0.858824
29684     0.850980
29685     0.843137
29686     0.847059
29687     0.847059
29688     0.847059
29689     0.843137
29690     0.839216
29691     0.839216
29692     0.835294
29693     0.835294
29694     0.839216
29695     0.839216
29696     0.839216
29697     0.843137
29698     0.843137
29699     0.847059
29700     0.847059
29701     0.847059
29702     0.827451
29703     0.827451
29704     0.823529
29705     0.823529
29706     0.827451
29707     0.827451
29708     0.831373
29709     0.835294
29710     0.850980
29711     0.847059
29712     0.847059
29713     0.847059
29714     0.847059
29715     0.850980
29716     0.854902
29717     0.858824
29718     0.858824
29719     0.858824
29720     0.862745
29721     0.866667
29722     0.874510
29723     0.882353
29724     0.894118
29725     0.898039
29726     0.890196
29727     0.894118
29728     0.894118
29729     0.894118
29730     0.894118
29731     0.890196
29732     0.886275
29733     0.882353
29734     0.862745
29735     0.858824
29736     0.854902
29737     0.784314
29738     0.780392
29739     0.776471
29740     0.772549
29741     0.764706
29742     0.756863
29743     0.752941
29744     0.749020
29745     0.764706
29746     0.768627
29747     0.780392
29748     0.800000
29749     0.827451
29750     0.862745
29751     0.890196
29752     0.909804
29753     0.917647
29754     0.917647
29755     0.925490
29756     0.933333
29757     0.933333
29758     0.921569
29759     0.901961
29760     0.882353
29761     0.835294
29762     0.796078
29763     0.752941
29764     0.729412
29765     0.709804
29766     0.658824
29767     0.576471
29768     0.509804
29769     0.454902
29770     0.447059
29771     0.447059
29772     0.454902
29773     0.454902
29774     0.454902
29775     0.478431
29776     0.505882
29777     0.560784
29778     0.596078
29779     0.619608
29780     0.619608
29781     0.635294
29782     0.670588
29783     0.701961
29784     0.709804
29785     0.721569
29786     0.768627
29787     0.811765
29788     0.823529
29789     0.831373
29790     0.843137
29791     0.850980
29792     0.850980
29793     0.847059
29794     0.835294
29795     0.827451
29796     0.823529
29797     0.827451
29798     0.831373
29799     0.827451
29800     0.823529
29801     0.807843
29802     0.784314
29803     0.749020
29804     0.717647
29805     0.705882
29806     0.713726
29807     0.733333
29808     0.749020
29809     0.760784
29810     0.752941
29811     0.749020
29812     0.756863
29813     0.772549
29814     0.788235
29815     0.796078
29816     0.796078
29817     0.796078
29818     0.823529
29819     0.847059
29820     0.847059
29821     0.854902
29822     0.866667
29823     0.870588
29824     0.866667
29825     0.850980
29826     0.854902
29827     0.854902
29828     0.862745
29829     0.878431
29830     0.874510
29831     0.827451
29832     0.772549
29833     0.674510
29834     0.654902
29835     0.623529
29836     0.600000
29837     0.596078
29838     0.603922
29839     0.619608
29840     0.631373
29841     0.686275
29842     0.725490
29843     0.784314
29844     0.831373
29845     0.854902
29846     0.850980
29847     0.835294
29848     0.823529
29849     0.835294
29850     0.831373
29851     0.827451
29852     0.835294
29853     0.827451
29854     0.792157
29855     0.733333
29856     0.686275
29857     0.658824
29858     0.627451
29859     0.580392
29860     0.549020
29861     0.533333
29862     0.525490
29863     0.509804
29864     0.501961
29865     0.611765
29866     0.674510
29867     0.674510
29868     0.686275
29869     0.643137
29870     0.560784
29871     0.537255
29872     0.474510
29873     0.498039
29874     0.501961
29875     0.490196
29876     0.490196
29877     0.549020
29878     0.662745
29879     0.768627
29880     0.819608
29881     0.862745
29882     0.862745
29883     0.862745
29884     0.858824
29885     0.854902
29886     0.850980
29887     0.847059
29888     0.847059
29889     0.843137
29890     0.839216
29891     0.827451
29892     0.823529
29893     0.819608
29894     0.811765
29895     0.800000
29896     0.788235
29897     0.784314
29898     0.788235
29899     0.796078
29900     0.803922
29901     0.815686
29902     0.823529
29903     0.835294
29904     0.839216
29905     0.847059
29906     0.843137
29907     0.843137
29908     0.847059
29909     0.854902
29910     0.858824
29911     0.850980
29912     0.847059
29913     0.843137
29914     0.843137
29915     0.839216
29916     0.839216
29917     0.839216
29918     0.839216
29919     0.839216
29920     0.839216
29921     0.839216
29922     0.839216
29923     0.839216
29924     0.843137
29925     0.847059
29926     0.847059
29927     0.850980
29928     0.850980
29929     0.839216
29930     0.839216
29931     0.831373
29932     0.827451
29933     0.827451
29934     0.823529
29935     0.827451
29936     0.827451
29937     0.847059
29938     0.847059
29939     0.847059
29940     0.847059
29941     0.847059
29942     0.850980
29943     0.850980
29944     0.854902
29945     0.854902
29946     0.858824
29947     0.862745
29948     0.870588
29949     0.878431
29950     0.886275
29951     0.890196
29952     0.894118
29953     0.890196
29954     0.890196
29955     0.894118
29956     0.894118
29957     0.890196
29958     0.886275
29959     0.886275
29960     0.882353
29961     0.862745
29962     0.858824
29963     0.854902
29964     0.784314
29965     0.780392
29966     0.780392
29967     0.776471
29968     0.772549
29969     0.772549
29970     0.768627
29971     0.768627
29972     0.768627
29973     0.772549
29974     0.788235
29975     0.807843
29976     0.835294
29977     0.866667
29978     0.894118
29979     0.909804
29980     0.909804
29981     0.913725
29982     0.925490
29983     0.937255
29984     0.949020
29985     0.945098
29986     0.929412
29987     0.917647
29988     0.909804
29989     0.870588
29990     0.823529
29991     0.800000
29992     0.780392
29993     0.725490
29994     0.631373
29995     0.556863
29996     0.466667
29997     0.454902
29998     0.454902
29999     0.458824
30000     0.458824
30001     0.454902
30002     0.474510
30003     0.501961
30004     0.533333
30005     0.552941
30006     0.572549
30007     0.572549
30008     0.580392
30009     0.611765
30010     0.643137
30011     0.658824
30012     0.698039
30013     0.760784
30014     0.819608
30015     0.823529
30016     0.811765
30017     0.811765
30018     0.827451
30019     0.839216
30020     0.854902
30021     0.847059
30022     0.831373
30023     0.827451
30024     0.823529
30025     0.819608
30026     0.807843
30027     0.800000
30028     0.776471
30029     0.749020
30030     0.705882
30031     0.674510
30032     0.658824
30033     0.670588
30034     0.694118
30035     0.709804
30036     0.737255
30037     0.733333
30038     0.733333
30039     0.745098
30040     0.764706
30041     0.780392
30042     0.792157
30043     0.796078
30044     0.803922
30045     0.831373
30046     0.850980
30047     0.854902
30048     0.858824
30049     0.870588
30050     0.874510
30051     0.866667
30052     0.874510
30053     0.874510
30054     0.870588
30055     0.870588
30056     0.878431
30057     0.866667
30058     0.811765
30059     0.752941
30060     0.662745
30061     0.635294
30062     0.596078
30063     0.560784
30064     0.545098
30065     0.549020
30066     0.572549
30067     0.588235
30068     0.643137
30069     0.666667
30070     0.709804
30071     0.772549
30072     0.827451
30073     0.839216
30074     0.815686
30075     0.792157
30076     0.811765
30077     0.792157
30078     0.772549
30079     0.756863
30080     0.741176
30081     0.701961
30082     0.643137
30083     0.600000
30084     0.588235
30085     0.568627
30086     0.549020
30087     0.549020
30088     0.560784
30089     0.576471
30090     0.580392
30091     0.576471
30092     0.717647
30093     0.772549
30094     0.764706
30095     0.792157
30096     0.776471
30097     0.709804
30098     0.654902
30099     0.552941
30100     0.521569
30101     0.517647
30102     0.501961
30103     0.501961
30104     0.549020
30105     0.647059
30106     0.752941
30107     0.815686
30108     0.854902
30109     0.854902
30110     0.858824
30111     0.858824
30112     0.858824
30113     0.854902
30114     0.850980
30115     0.847059
30116     0.847059
30117     0.839216
30118     0.831373
30119     0.827451
30120     0.827451
30121     0.819608
30122     0.807843
30123     0.796078
30124     0.788235
30125     0.792157
30126     0.800000
30127     0.807843
30128     0.815686
30129     0.823529
30130     0.827451
30131     0.831373
30132     0.839216
30133     0.835294
30134     0.835294
30135     0.843137
30136     0.854902
30137     0.858824
30138     0.850980
30139     0.847059
30140     0.835294
30141     0.835294
30142     0.831373
30143     0.831373
30144     0.835294
30145     0.839216
30146     0.847059
30147     0.847059
30148     0.835294
30149     0.835294
30150     0.839216
30151     0.839216
30152     0.843137
30153     0.847059
30154     0.850980
30155     0.850980
30156     0.862745
30157     0.858824
30158     0.850980
30159     0.839216
30160     0.831373
30161     0.827451
30162     0.823529
30163     0.819608
30164     0.839216
30165     0.843137
30166     0.847059
30167     0.850980
30168     0.854902
30169     0.858824
30170     0.858824
30171     0.858824
30172     0.862745
30173     0.866667
30174     0.870588
30175     0.874510
30176     0.878431
30177     0.882353
30178     0.882353
30179     0.882353
30180     0.886275
30181     0.886275
30182     0.886275
30183     0.890196
30184     0.886275
30185     0.882353
30186     0.878431
30187     0.878431
30188     0.862745
30189     0.858824
30190     0.854902
30191     0.792157
30192     0.792157
30193     0.792157
30194     0.788235
30195     0.788235
30196     0.784314
30197     0.784314
30198     0.784314
30199     0.780392
30200     0.784314
30201     0.792157
30202     0.811765
30203     0.839216
30204     0.866667
30205     0.894118
30206     0.909804
30207     0.909804
30208     0.913725
30209     0.925490
30210     0.941176
30211     0.952941
30212     0.952941
30213     0.945098
30214     0.933333
30215     0.952941
30216     0.917647
30217     0.874510
30218     0.854902
30219     0.835294
30220     0.780392
30221     0.690196
30222     0.619608
30223     0.529412
30224     0.505882
30225     0.490196
30226     0.478431
30227     0.462745
30228     0.447059
30229     0.458824
30230     0.482353
30231     0.517647
30232     0.537255
30233     0.552941
30234     0.556863
30235     0.560784
30236     0.580392
30237     0.603922
30238     0.627451
30239     0.694118
30240     0.760784
30241     0.819608
30242     0.827451
30243     0.807843
30244     0.803922
30245     0.811765
30246     0.819608
30247     0.858824
30248     0.847059
30249     0.835294
30250     0.827451
30251     0.819608
30252     0.807843
30253     0.788235
30254     0.776471
30255     0.741176
30256     0.713726
30257     0.674510
30258     0.643137
30259     0.631373
30260     0.639216
30261     0.658824
30262     0.674510
30263     0.705882
30264     0.701961
30265     0.705882
30266     0.721569
30267     0.745098
30268     0.768627
30269     0.780392
30270     0.788235
30271     0.839216
30272     0.862745
30273     0.874510
30274     0.866667
30275     0.862745
30276     0.866667
30277     0.866667
30278     0.854902
30279     0.866667
30280     0.866667
30281     0.850980
30282     0.835294
30283     0.827451
30284     0.815686
30285     0.772549
30286     0.725490
30287     0.670588
30288     0.643137
30289     0.603922
30290     0.560784
30291     0.533333
30292     0.533333
30293     0.556863
30294     0.576471
30295     0.600000
30296     0.603922
30297     0.635294
30298     0.701961
30299     0.768627
30300     0.803922
30301     0.788235
30302     0.764706
30303     0.768627
30304     0.737255
30305     0.698039
30306     0.666667
30307     0.643137
30308     0.619608
30309     0.596078
30310     0.580392
30311     0.533333
30312     0.533333
30313     0.552941
30314     0.596078
30315     0.650980
30316     0.694118
30317     0.717647
30318     0.721569
30319     0.784314
30320     0.811765
30321     0.772549
30322     0.796078
30323     0.815686
30324     0.788235
30325     0.752941
30326     0.647059
30327     0.537255
30328     0.521569
30329     0.501961
30330     0.501961
30331     0.552941
30332     0.647059
30333     0.752941
30334     0.819608
30335     0.839216
30336     0.843137
30337     0.850980
30338     0.854902
30339     0.858824
30340     0.854902
30341     0.850980
30342     0.847059
30343     0.850980
30344     0.847059
30345     0.839216
30346     0.839216
30347     0.839216
30348     0.831373
30349     0.819608
30350     0.811765
30351     0.800000
30352     0.803922
30353     0.811765
30354     0.815686
30355     0.823529
30356     0.823529
30357     0.823529
30358     0.823529
30359     0.827451
30360     0.823529
30361     0.827451
30362     0.835294
30363     0.850980
30364     0.854902
30365     0.854902
30366     0.847059
30367     0.839216
30368     0.835294
30369     0.831373
30370     0.831373
30371     0.831373
30372     0.835294
30373     0.843137
30374     0.847059
30375     0.827451
30376     0.827451
30377     0.831373
30378     0.835294
30379     0.839216
30380     0.847059
30381     0.847059
30382     0.850980
30383     0.874510
30384     0.870588
30385     0.858824
30386     0.847059
30387     0.839216
30388     0.831373
30389     0.827451
30390     0.823529
30391     0.835294
30392     0.843137
30393     0.847059
30394     0.854902
30395     0.862745
30396     0.866667
30397     0.866667
30398     0.866667
30399     0.870588
30400     0.870588
30401     0.874510
30402     0.878431
30403     0.878431
30404     0.878431
30405     0.874510
30406     0.874510
30407     0.878431
30408     0.878431
30409     0.882353
30410     0.882353
30411     0.878431
30412     0.874510
30413     0.870588
30414     0.870588
30415     0.866667
30416     0.862745
30417     0.858824
30418     0.811765
30419     0.811765
30420     0.807843
30421     0.803922
30422     0.800000
30423     0.796078
30424     0.792157
30425     0.792157
30426     0.792157
30427     0.796078
30428     0.800000
30429     0.811765
30430     0.835294
30431     0.866667
30432     0.894118
30433     0.909804
30434     0.913725
30435     0.917647
30436     0.925490
30437     0.937255
30438     0.952941
30439     0.952941
30440     0.945098
30441     0.933333
30442     0.949020
30443     0.921569
30444     0.890196
30445     0.878431
30446     0.862745
30447     0.819608
30448     0.745098
30449     0.686275
30450     0.615686
30451     0.588235
30452     0.552941
30453     0.521569
30454     0.490196
30455     0.462745
30456     0.462745
30457     0.482353
30458     0.517647
30459     0.529412
30460     0.541176
30461     0.541176
30462     0.533333
30463     0.525490
30464     0.533333
30465     0.549020
30466     0.611765
30467     0.662745
30468     0.725490
30469     0.760784
30470     0.784314
30471     0.807843
30472     0.811765
30473     0.803922
30474     0.831373
30475     0.827451
30476     0.819608
30477     0.815686
30478     0.803922
30479     0.788235
30480     0.760784
30481     0.745098
30482     0.713726
30483     0.694118
30484     0.658824
30485     0.631373
30486     0.619608
30487     0.623529
30488     0.639216
30489     0.650980
30490     0.674510
30491     0.674510
30492     0.678431
30493     0.698039
30494     0.721569
30495     0.749020
30496     0.764706
30497     0.768627
30498     0.815686
30499     0.835294
30500     0.847059
30501     0.831373
30502     0.823529
30503     0.823529
30504     0.815686
30505     0.803922
30506     0.788235
30507     0.780392
30508     0.760784
30509     0.737255
30510     0.733333
30511     0.741176
30512     0.737255
30513     0.717647
30514     0.701961
30515     0.682353
30516     0.647059
30517     0.603922
30518     0.568627
30519     0.556863
30520     0.568627
30521     0.580392
30522     0.580392
30523     0.580392
30524     0.592157
30525     0.623529
30526     0.666667
30527     0.690196
30528     0.690196
30529     0.674510
30530     0.670588
30531     0.658824
30532     0.643137
30533     0.627451
30534     0.611765
30535     0.600000
30536     0.588235
30537     0.584314
30538     0.549020
30539     0.564706
30540     0.607843
30541     0.670588
30542     0.741176
30543     0.788235
30544     0.807843
30545     0.811765
30546     0.811765
30547     0.831373
30548     0.780392
30549     0.792157
30550     0.823529
30551     0.827451
30552     0.811765
30553     0.713726
30554     0.576471
30555     0.541176
30556     0.501961
30557     0.498039
30558     0.545098
30559     0.635294
30560     0.741176
30561     0.807843
30562     0.823529
30563     0.831373
30564     0.843137
30565     0.850980
30566     0.854902
30567     0.854902
30568     0.850980
30569     0.850980
30570     0.854902
30571     0.850980
30572     0.847059
30573     0.847059
30574     0.850980
30575     0.847059
30576     0.839216
30577     0.827451
30578     0.819608
30579     0.823529
30580     0.827451
30581     0.827451
30582     0.827451
30583     0.823529
30584     0.819608
30585     0.815686
30586     0.811765
30587     0.811765
30588     0.815686
30589     0.831373
30590     0.847059
30591     0.854902
30592     0.854902
30593     0.850980
30594     0.854902
30595     0.847059
30596     0.839216
30597     0.827451
30598     0.823529
30599     0.827451
30600     0.831373
30601     0.835294
30602     0.819608
30603     0.823529
30604     0.827451
30605     0.831373
30606     0.835294
30607     0.843137
30608     0.843137
30609     0.847059
30610     0.870588
30611     0.862745
30612     0.858824
30613     0.850980
30614     0.843137
30615     0.839216
30616     0.835294
30617     0.835294
30618     0.843137
30619     0.847059
30620     0.854902
30621     0.862745
30622     0.866667
30623     0.870588
30624     0.866667
30625     0.866667
30626     0.866667
30627     0.870588
30628     0.874510
30629     0.878431
30630     0.882353
30631     0.878431
30632     0.874510
30633     0.874510
30634     0.870588
30635     0.870588
30636     0.874510
30637     0.874510
30638     0.870588
30639     0.870588
30640     0.866667
30641     0.862745
30642     0.870588
30643     0.870588
30644     0.866667
30645     0.827451
30646     0.827451
30647     0.819608
30648     0.811765
30649     0.807843
30650     0.800000
30651     0.792157
30652     0.792157
30653     0.803922
30654     0.800000
30655     0.803922
30656     0.811765
30657     0.835294
30658     0.862745
30659     0.890196
30660     0.909804
30661     0.917647
30662     0.917647
30663     0.925490
30664     0.937255
30665     0.949020
30666     0.949020
30667     0.941176
30668     0.929412
30669     0.941176
30670     0.921569
30671     0.901961
30672     0.898039
30673     0.890196
30674     0.854902
30675     0.792157
30676     0.745098
30677     0.682353
30678     0.647059
30679     0.603922
30680     0.564706
30681     0.521569
30682     0.490196
30683     0.490196
30684     0.505882
30685     0.501961
30686     0.505882
30687     0.509804
30688     0.501961
30689     0.478431
30690     0.450980
30691     0.443137
30692     0.450980
30693     0.470588
30694     0.517647
30695     0.580392
30696     0.654902
30697     0.733333
30698     0.792157
30699     0.800000
30700     0.780392
30701     0.800000
30702     0.796078
30703     0.796078
30704     0.792157
30705     0.784314
30706     0.764706
30707     0.737255
30708     0.717647
30709     0.698039
30710     0.682353
30711     0.654902
30712     0.631373
30713     0.619608
30714     0.623529
30715     0.631373
30716     0.639216
30717     0.654902
30718     0.650980
30719     0.658824
30720     0.678431
30721     0.705882
30722     0.733333
30723     0.749020
30724     0.756863
30725     0.733333
30726     0.756863
30727     0.768627
30728     0.756863
30729     0.749020
30730     0.752941
30731     0.749020
30732     0.737255
30733     0.690196
30734     0.686275
30735     0.666667
30736     0.643137
30737     0.650980
30738     0.690196
30739     0.721569
30740     0.729412
30741     0.733333
30742     0.721569
30743     0.694118
30744     0.650980
30745     0.607843
30746     0.584314
30747     0.584314
30748     0.592157
30749     0.592157
30750     0.588235
30751     0.580392
30752     0.576471
30753     0.576471
30754     0.576471
30755     0.572549
30756     0.572549
30757     0.568627
30758     0.592157
30759     0.623529
30760     0.639216
30761     0.631373
30762     0.611765
30763     0.592157
30764     0.580392
30765     0.603922
30766     0.623529
30767     0.666667
30768     0.729412
30769     0.788235
30770     0.823529
30771     0.831373
30772     0.823529
30773     0.827451
30774     0.858824
30775     0.815686
30776     0.827451
30777     0.854902
30778     0.854902
30779     0.843137
30780     0.749020
30781     0.623529
30782     0.568627
30783     0.505882
30784     0.490196
30785     0.533333
30786     0.615686
30787     0.717647
30788     0.784314
30789     0.815686
30790     0.823529
30791     0.835294
30792     0.847059
30793     0.854902
30794     0.854902
30795     0.854902
30796     0.850980
30797     0.858824
30798     0.854902
30799     0.850980
30800     0.854902
30801     0.858824
30802     0.854902
30803     0.847059
30804     0.839216
30805     0.835294
30806     0.835294
30807     0.839216
30808     0.835294
30809     0.831373
30810     0.823529
30811     0.815686
30812     0.811765
30813     0.803922
30814     0.803922
30815     0.807843
30816     0.823529
30817     0.843137
30818     0.854902
30819     0.854902
30820     0.850980
30821     0.866667
30822     0.858824
30823     0.843137
30824     0.831373
30825     0.819608
30826     0.819608
30827     0.819608
30828     0.819608
30829     0.815686
30830     0.819608
30831     0.823529
30832     0.827451
30833     0.835294
30834     0.839216
30835     0.843137
30836     0.843137
30837     0.858824
30838     0.854902
30839     0.850980
30840     0.847059
30841     0.843137
30842     0.843137
30843     0.843137
30844     0.843137
30845     0.850980
30846     0.854902
30847     0.862745
30848     0.866667
30849     0.870588
30850     0.870588
30851     0.866667
30852     0.862745
30853     0.858824
30854     0.862745
30855     0.870588
30856     0.878431
30857     0.882353
30858     0.882353
30859     0.878431
30860     0.878431
30861     0.866667
30862     0.866667
30863     0.870588
30864     0.870588
30865     0.866667
30866     0.862745
30867     0.862745
30868     0.858824
30869     0.874510
30870     0.870588
30871     0.866667
30872     0.839216
30873     0.839216
30874     0.835294
30875     0.831373
30876     0.823529
30877     0.811765
30878     0.803922
30879     0.800000
30880     0.796078
30881     0.803922
30882     0.815686
30883     0.819608
30884     0.827451
30885     0.850980
30886     0.886275
30887     0.913725
30888     0.917647
30889     0.921569
30890     0.929412
30891     0.933333
30892     0.941176
30893     0.941176
30894     0.941176
30895     0.941176
30896     0.941176
30897     0.937255
30898     0.925490
30899     0.913725
30900     0.894118
30901     0.866667
30902     0.835294
30903     0.811765
30904     0.780392
30905     0.737255
30906     0.678431
30907     0.631373
30908     0.607843
30909     0.588235
30910     0.568627
30911     0.549020
30912     0.545098
30913     0.505882
30914     0.478431
30915     0.470588
30916     0.454902
30917     0.419608
30918     0.396078
30919     0.400000
30920     0.392157
30921     0.407843
30922     0.466667
30923     0.568627
30924     0.666667
30925     0.725490
30926     0.749020
30927     0.749020
30928     0.756863
30929     0.745098
30930     0.737255
30931     0.737255
30932     0.745098
30933     0.749020
30934     0.741176
30935     0.733333
30936     0.698039
30937     0.690196
30938     0.674510
30939     0.643137
30940     0.615686
30941     0.611765
30942     0.627451
30943     0.643137
30944     0.619608
30945     0.635294
30946     0.647059
30947     0.654902
30948     0.654902
30949     0.662745
30950     0.686275
30951     0.701961
30952     0.678431
30953     0.650980
30954     0.650980
30955     0.694118
30956     0.725490
30957     0.713726
30958     0.690196
30959     0.678431
30960     0.650980
30961     0.639216
30962     0.623529
30963     0.615686
30964     0.619608
30965     0.639216
30966     0.658824
30967     0.674510
30968     0.694118
30969     0.717647
30970     0.709804
30971     0.658824
30972     0.611765
30973     0.596078
30974     0.588235
30975     0.576471
30976     0.592157
30977     0.588235
30978     0.568627
30979     0.541176
30980     0.513726
30981     0.494118
30982     0.494118
30983     0.498039
30984     0.537255
30985     0.533333
30986     0.576471
30987     0.643137
30988     0.654902
30989     0.619608
30990     0.600000
30991     0.615686
30992     0.666667
30993     0.698039
30994     0.741176
30995     0.780392
30996     0.803922
30997     0.815686
30998     0.823529
30999     0.827451
31000     0.850980
31001     0.831373
31002     0.819608
31003     0.835294
31004     0.862745
31005     0.874510
31006     0.858824
31007     0.839216
31008     0.764706
31009     0.619608
31010     0.501961
31011     0.498039
31012     0.521569
31013     0.541176
31014     0.607843
31015     0.694118
31016     0.752941
31017     0.780392
31018     0.823529
31019     0.854902
31020     0.862745
31021     0.858824
31022     0.847059
31023     0.839216
31024     0.839216
31025     0.847059
31026     0.854902
31027     0.854902
31028     0.847059
31029     0.843137
31030     0.847059
31031     0.850980
31032     0.847059
31033     0.839216
31034     0.831373
31035     0.827451
31036     0.827451
31037     0.831373
31038     0.827451
31039     0.819608
31040     0.803922
31041     0.803922
31042     0.807843
31043     0.819608
31044     0.835294
31045     0.850980
31046     0.850980
31047     0.850980
31048     0.854902
31049     0.847059
31050     0.835294
31051     0.823529
31052     0.819608
31053     0.819608
31054     0.823529
31055     0.827451
31056     0.831373
31057     0.843137
31058     0.850980
31059     0.839216
31060     0.823529
31061     0.823529
31062     0.843137
31063     0.862745
31064     0.870588
31065     0.866667
31066     0.854902
31067     0.850980
31068     0.850980
31069     0.854902
31070     0.862745
31071     0.866667
31072     0.862745
31073     0.862745
31074     0.862745
31075     0.862745
31076     0.862745
31077     0.862745
31078     0.862745
31079     0.862745
31080     0.858824
31081     0.858824
31082     0.866667
31083     0.870588
31084     0.878431
31085     0.886275
31086     0.890196
31087     0.894118
31088     0.886275
31089     0.878431
31090     0.866667
31091     0.858824
31092     0.854902
31093     0.858824
31094     0.862745
31095     0.866667
31096     0.862745
31097     0.862745
31098     0.862745
31099     0.835294
31100     0.835294
31101     0.835294
31102     0.831373
31103     0.823529
31104     0.815686
31105     0.811765
31106     0.807843
31107     0.803922
31108     0.807843
31109     0.815686
31110     0.815686
31111     0.823529
31112     0.847059
31113     0.886275
31114     0.913725
31115     0.917647
31116     0.921569
31117     0.921569
31118     0.925490
31119     0.929412
31120     0.933333
31121     0.937255
31122     0.937255
31123     0.956863
31124     0.952941
31125     0.949020
31126     0.945098
31127     0.933333
31128     0.917647
31129     0.894118
31130     0.874510
31131     0.839216
31132     0.807843
31133     0.764706
31134     0.725490
31135     0.698039
31136     0.666667
31137     0.631373
31138     0.600000
31139     0.541176
31140     0.494118
31141     0.462745
31142     0.462745
31143     0.458824
31144     0.427451
31145     0.388235
31146     0.368627
31147     0.368627
31148     0.388235
31149     0.443137
31150     0.525490
31151     0.611765
31152     0.674510
31153     0.705882
31154     0.721569
31155     0.737255
31156     0.729412
31157     0.721569
31158     0.725490
31159     0.733333
31160     0.737255
31161     0.733333
31162     0.725490
31163     0.717647
31164     0.705882
31165     0.678431
31166     0.639216
31167     0.600000
31168     0.584314
31169     0.596078
31170     0.611765
31171     0.596078
31172     0.603922
31173     0.619608
31174     0.627451
31175     0.631373
31176     0.639216
31177     0.647059
31178     0.654902
31179     0.643137
31180     0.623529
31181     0.623529
31182     0.654902
31183     0.670588
31184     0.658824
31185     0.635294
31186     0.627451
31187     0.654902
31188     0.654902
31189     0.654902
31190     0.650980
31191     0.643137
31192     0.635294
31193     0.635294
31194     0.635294
31195     0.670588
31196     0.694118
31197     0.694118
31198     0.650980
31199     0.611765
31200     0.592157
31201     0.576471
31202     0.564706
31203     0.541176
31204     0.537255
31205     0.525490
31206     0.505882
31207     0.486275
31208     0.474510
31209     0.466667
31210     0.462745
31211     0.490196
31212     0.505882
31213     0.552941
31214     0.607843
31215     0.639216
31216     0.650980
31217     0.670588
31218     0.698039
31219     0.709804
31220     0.737255
31221     0.772549
31222     0.800000
31223     0.815686
31224     0.827451
31225     0.831373
31226     0.835294
31227     0.847059
31228     0.831373
31229     0.815686
31230     0.819608
31231     0.835294
31232     0.850980
31233     0.850980
31234     0.847059
31235     0.819608
31236     0.662745
31237     0.533333
31238     0.505882
31239     0.513726
31240     0.509804
31241     0.549020
31242     0.615686
31243     0.701961
31244     0.745098
31245     0.800000
31246     0.839216
31247     0.850980
31248     0.847059
31249     0.839216
31250     0.835294
31251     0.835294
31252     0.843137
31253     0.850980
31254     0.847059
31255     0.843137
31256     0.843137
31257     0.847059
31258     0.850980
31259     0.847059
31260     0.839216
31261     0.827451
31262     0.823529
31263     0.827451
31264     0.827451
31265     0.819608
31266     0.815686
31267     0.800000
31268     0.796078
31269     0.800000
31270     0.811765
31271     0.827451
31272     0.839216
31273     0.843137
31274     0.843137
31275     0.847059
31276     0.839216
31277     0.831373
31278     0.819608
31279     0.815686
31280     0.819608
31281     0.827451
31282     0.831373
31283     0.823529
31284     0.839216
31285     0.847059
31286     0.847059
31287     0.835294
31288     0.835294
31289     0.850980
31290     0.866667
31291     0.870588
31292     0.866667
31293     0.858824
31294     0.854902
31295     0.854902
31296     0.858824
31297     0.866667
31298     0.874510
31299     0.866667
31300     0.866667
31301     0.866667
31302     0.866667
31303     0.866667
31304     0.866667
31305     0.866667
31306     0.866667
31307     0.858824
31308     0.862745
31309     0.862745
31310     0.870588
31311     0.874510
31312     0.878431
31313     0.882353
31314     0.882353
31315     0.866667
31316     0.862745
31317     0.858824
31318     0.854902
31319     0.854902
31320     0.854902
31321     0.858824
31322     0.862745
31323     0.854902
31324     0.854902
31325     0.854902
31326     0.835294
31327     0.835294
31328     0.835294
31329     0.831373
31330     0.831373
31331     0.823529
31332     0.819608
31333     0.815686
31334     0.811765
31335     0.815686
31336     0.815686
31337     0.811765
31338     0.815686
31339     0.843137
31340     0.882353
31341     0.917647
31342     0.921569
31343     0.921569
31344     0.917647
31345     0.917647
31346     0.917647
31347     0.925490
31348     0.929412
31349     0.937255
31350     0.941176
31351     0.941176
31352     0.941176
31353     0.949020
31354     0.949020
31355     0.945098
31356     0.929412
31357     0.913725
31358     0.901961
31359     0.882353
31360     0.858824
31361     0.839216
31362     0.811765
31363     0.768627
31364     0.721569
31365     0.686275
31366     0.643137
31367     0.572549
31368     0.501961
31369     0.470588
31370     0.462745
31371     0.439216
31372     0.403922
31373     0.376471
31374     0.396078
31375     0.396078
31376     0.396078
31377     0.415686
31378     0.462745
31379     0.541176
31380     0.619608
31381     0.670588
31382     0.682353
31383     0.686275
31384     0.690196
31385     0.705882
31386     0.717647
31387     0.717647
31388     0.709804
31389     0.701961
31390     0.721569
31391     0.709804
31392     0.678431
31393     0.631373
31394     0.584314
31395     0.564706
31396     0.564706
31397     0.576471
31398     0.592157
31399     0.596078
31400     0.607843
31401     0.619608
31402     0.631373
31403     0.631373
31404     0.623529
31405     0.615686
31406     0.592157
31407     0.580392
31408     0.584314
31409     0.603922
31410     0.607843
31411     0.596078
31412     0.584314
31413     0.580392
31414     0.619608
31415     0.639216
31416     0.662745
31417     0.662745
31418     0.635294
31419     0.603922
31420     0.580392
31421     0.568627
31422     0.607843
31423     0.635294
31424     0.647059
31425     0.631373
31426     0.603922
31427     0.584314
31428     0.568627
31429     0.552941
31430     0.513726
31431     0.501961
31432     0.486275
31433     0.474510
31434     0.462745
31435     0.443137
31436     0.427451
31437     0.411765
31438     0.447059
31439     0.498039
31440     0.549020
31441     0.580392
31442     0.619608
31443     0.674510
31444     0.725490
31445     0.749020
31446     0.768627
31447     0.784314
31448     0.803922
31449     0.819608
31450     0.827451
31451     0.827451
31452     0.831373
31453     0.835294
31454     0.854902
31455     0.843137
31456     0.831373
31457     0.823529
31458     0.831373
31459     0.847059
31460     0.866667
31461     0.878431
31462     0.854902
31463     0.698039
31464     0.556863
31465     0.517647
31466     0.509804
31467     0.486275
31468     0.498039
31469     0.541176
31470     0.627451
31471     0.686275
31472     0.760784
31473     0.815686
31474     0.835294
31475     0.831373
31476     0.831373
31477     0.831373
31478     0.835294
31479     0.839216
31480     0.843137
31481     0.839216
31482     0.835294
31483     0.839216
31484     0.847059
31485     0.854902
31486     0.847059
31487     0.839216
31488     0.827451
31489     0.823529
31490     0.823529
31491     0.823529
31492     0.819608
31493     0.811765
31494     0.796078
31495     0.796078
31496     0.796078
31497     0.807843
31498     0.823529
31499     0.831373
31500     0.835294
31501     0.831373
31502     0.835294
31503     0.827451
31504     0.819608
31505     0.815686
31506     0.815686
31507     0.819608
31508     0.827451
31509     0.835294
31510     0.815686
31511     0.831373
31512     0.847059
31513     0.850980
31514     0.843137
31515     0.843137
31516     0.854902
31517     0.866667
31518     0.862745
31519     0.862745
31520     0.858824
31521     0.854902
31522     0.858824
31523     0.866667
31524     0.874510
31525     0.878431
31526     0.866667
31527     0.866667
31528     0.866667
31529     0.866667
31530     0.866667
31531     0.866667
31532     0.866667
31533     0.866667
31534     0.862745
31535     0.862745
31536     0.862745
31537     0.866667
31538     0.866667
31539     0.866667
31540     0.870588
31541     0.870588
31542     0.850980
31543     0.854902
31544     0.858824
31545     0.858824
31546     0.862745
31547     0.862745
31548     0.858824
31549     0.858824
31550     0.850980
31551     0.850980
31552     0.850980
31553     0.831373
31554     0.835294
31555     0.835294
31556     0.835294
31557     0.835294
31558     0.831373
31559     0.827451
31560     0.827451
31561     0.823529
31562     0.823529
31563     0.815686
31564     0.807843
31565     0.811765
31566     0.835294
31567     0.878431
31568     0.913725
31569     0.929412
31570     0.925490
31571     0.917647
31572     0.913725
31573     0.913725
31574     0.921569
31575     0.933333
31576     0.937255
31577     0.929412
31578     0.929412
31579     0.933333
31580     0.941176
31581     0.949020
31582     0.949020
31583     0.941176
31584     0.933333
31585     0.925490
31586     0.917647
31587     0.909804
31588     0.898039
31589     0.882353
31590     0.850980
31591     0.811765
31592     0.780392
31593     0.776471
31594     0.690196
31595     0.572549
31596     0.486275
31597     0.439216
31598     0.415686
31599     0.400000
31600     0.392157
31601     0.423529
31602     0.427451
31603     0.411765
31604     0.380392
31605     0.380392
31606     0.431373
31607     0.501961
31608     0.552941
31609     0.584314
31610     0.603922
31611     0.631373
31612     0.658824
31613     0.674510
31614     0.674510
31615     0.662745
31616     0.650980
31617     0.650980
31618     0.647059
31619     0.631373
31620     0.600000
31621     0.560784
31622     0.537255
31623     0.529412
31624     0.537255
31625     0.584314
31626     0.588235
31627     0.596078
31628     0.615686
31629     0.631373
31630     0.627451
31631     0.603922
31632     0.584314
31633     0.552941
31634     0.552941
31635     0.560784
31636     0.568627
31637     0.568627
31638     0.560784
31639     0.552941
31640     0.549020
31641     0.533333
31642     0.564706
31643     0.600000
31644     0.607843
31645     0.580392
31646     0.545098
31647     0.517647
31648     0.505882
31649     0.529412
31650     0.552941
31651     0.584314
31652     0.592157
31653     0.584314
31654     0.568627
31655     0.552941
31656     0.545098
31657     0.498039
31658     0.482353
31659     0.462745
31660     0.443137
31661     0.427451
31662     0.403922
31663     0.380392
31664     0.360784
31665     0.419608
31666     0.505882
31667     0.580392
31668     0.603922
31669     0.647059
31670     0.729412
31671     0.788235
31672     0.800000
31673     0.815686
31674     0.823529
31675     0.831373
31676     0.831373
31677     0.827451
31678     0.823529
31679     0.823529
31680     0.827451
31681     0.839216
31682     0.843137
31683     0.843137
31684     0.835294
31685     0.831373
31686     0.843137
31687     0.870588
31688     0.890196
31689     0.831373
31690     0.686275
31691     0.556863
31692     0.525490
31693     0.521569
31694     0.498039
31695     0.494118
31696     0.513726
31697     0.560784
31698     0.627451
31699     0.721569
31700     0.788235
31701     0.815686
31702     0.823529
31703     0.827451
31704     0.835294
31705     0.835294
31706     0.839216
31707     0.839216
31708     0.835294
31709     0.831373
31710     0.835294
31711     0.843137
31712     0.850980
31713     0.850980
31714     0.839216
31715     0.831373
31716     0.827451
31717     0.827451
31718     0.827451
31719     0.823529
31720     0.815686
31721     0.800000
31722     0.800000
31723     0.800000
31724     0.807843
31725     0.823529
31726     0.831373
31727     0.831373
31728     0.831373
31729     0.819608
31730     0.815686
31731     0.811765
31732     0.807843
31733     0.811765
31734     0.819608
31735     0.831373
31736     0.839216
31737     0.815686
31738     0.831373
31739     0.843137
31740     0.850980
31741     0.847059
31742     0.843137
31743     0.843137
31744     0.850980
31745     0.854902
31746     0.850980
31747     0.850980
31748     0.850980
31749     0.854902
31750     0.862745
31751     0.870588
31752     0.874510
31753     0.870588
31754     0.870588
31755     0.870588
31756     0.870588
31757     0.870588
31758     0.870588
31759     0.870588
31760     0.870588
31761     0.862745
31762     0.862745
31763     0.862745
31764     0.858824
31765     0.858824
31766     0.858824
31767     0.854902
31768     0.854902
31769     0.858824
31770     0.866667
31771     0.870588
31772     0.874510
31773     0.874510
31774     0.870588
31775     0.862745
31776     0.854902
31777     0.850980
31778     0.850980
31779     0.850980
31780     0.835294
31781     0.835294
31782     0.839216
31783     0.839216
31784     0.839216
31785     0.839216
31786     0.835294
31787     0.835294
31788     0.831373
31789     0.827451
31790     0.819608
31791     0.811765
31792     0.807843
31793     0.831373
31794     0.874510
31795     0.905882
31796     0.929412
31797     0.925490
31798     0.917647
31799     0.917647
31800     0.917647
31801     0.925490
31802     0.937255
31803     0.945098
31804     0.949020
31805     0.945098
31806     0.949020
31807     0.956863
31808     0.964706
31809     0.964706
31810     0.956863
31811     0.949020
31812     0.921569
31813     0.917647
31814     0.917647
31815     0.913725
31816     0.909804
31817     0.901961
31818     0.886275
31819     0.874510
31820     0.839216
31821     0.776471
31822     0.674510
31823     0.564706
31824     0.482353
31825     0.447059
31826     0.435294
31827     0.431373
31828     0.443137
31829     0.474510
31830     0.478431
31831     0.435294
31832     0.392157
31833     0.384314
31834     0.400000
31835     0.411765
31836     0.462745
31837     0.494118
31838     0.541176
31839     0.576471
31840     0.596078
31841     0.596078
31842     0.580392
31843     0.568627
31844     0.545098
31845     0.560784
31846     0.572549
31847     0.564706
31848     0.541176
31849     0.517647
31850     0.509804
31851     0.509804
31852     0.556863
31853     0.560784
31854     0.576471
31855     0.596078
31856     0.611765
31857     0.603922
31858     0.580392
31859     0.552941
31860     0.549020
31861     0.552941
31862     0.556863
31863     0.552941
31864     0.545098
31865     0.533333
31866     0.521569
31867     0.505882
31868     0.450980
31869     0.474510
31870     0.509804
31871     0.521569
31872     0.513726
31873     0.494118
31874     0.482353
31875     0.474510
31876     0.482353
31877     0.501961
31878     0.533333
31879     0.556863
31880     0.556863
31881     0.545098
31882     0.529412
31883     0.525490
31884     0.482353
31885     0.474510
31886     0.462745
31887     0.447059
31888     0.435294
31889     0.419608
31890     0.400000
31891     0.388235
31892     0.466667
31893     0.572549
31894     0.666667
31895     0.701961
31896     0.749020
31897     0.827451
31898     0.870588
31899     0.862745
31900     0.850980
31901     0.854902
31902     0.854902
31903     0.847059
31904     0.835294
31905     0.827451
31906     0.823529
31907     0.827451
31908     0.807843
31909     0.823529
31910     0.843137
31911     0.843137
31912     0.839216
31913     0.839216
31914     0.850980
31915     0.866667
31916     0.788235
31917     0.666667
31918     0.560784
31919     0.537255
31920     0.537255
31921     0.517647
31922     0.509804
31923     0.521569
31924     0.521569
31925     0.588235
31926     0.682353
31927     0.760784
31928     0.800000
31929     0.819608
31930     0.827451
31931     0.835294
31932     0.835294
31933     0.839216
31934     0.843137
31935     0.839216
31936     0.831373
31937     0.831373
31938     0.839216
31939     0.847059
31940     0.850980
31941     0.839216
31942     0.831373
31943     0.827451
31944     0.831373
31945     0.835294
31946     0.831373
31947     0.823529
31948     0.811765
31949     0.807843
31950     0.807843
31951     0.815686
31952     0.827451
31953     0.835294
31954     0.835294
31955     0.831373
31956     0.815686
31957     0.811765
31958     0.807843
31959     0.807843
31960     0.811765
31961     0.819608
31962     0.831373
31963     0.839216
31964     0.827451
31965     0.835294
31966     0.843137
31967     0.847059
31968     0.839216
31969     0.835294
31970     0.831373
31971     0.831373
31972     0.843137
31973     0.843137
31974     0.843137
31975     0.847059
31976     0.850980
31977     0.854902
31978     0.858824
31979     0.862745
31980     0.870588
31981     0.870588
31982     0.870588
31983     0.870588
31984     0.870588
31985     0.870588
31986     0.870588
31987     0.870588
31988     0.866667
31989     0.862745
31990     0.862745
31991     0.858824
31992     0.854902
31993     0.850980
31994     0.850980
31995     0.847059
31996     0.870588
31997     0.874510
31998     0.878431
31999     0.882353
32000     0.874510
32001     0.862745
32002     0.850980
32003     0.843137
32004     0.843137
32005     0.843137
32006     0.843137
32007     0.843137
32008     0.843137
32009     0.843137
32010     0.847059
32011     0.843137
32012     0.843137
32013     0.839216
32014     0.835294
32015     0.831373
32016     0.831373
32017     0.827451
32018     0.815686
32019     0.811765
32020     0.831373
32021     0.866667
32022     0.898039
32023     0.921569
32024     0.917647
32025     0.917647
32026     0.917647
32027     0.925490
32028     0.933333
32029     0.941176
32030     0.945098
32031     0.956863
32032     0.952941
32033     0.952941
32034     0.956863
32035     0.960784
32036     0.960784
32037     0.956863
32038     0.949020
32039     0.921569
32040     0.921569
32041     0.917647
32042     0.917647
32043     0.921569
32044     0.925490
32045     0.929412
32046     0.933333
32047     0.878431
32048     0.870588
32049     0.827451
32050     0.752941
32051     0.686275
32052     0.639216
32053     0.611765
32054     0.588235
32055     0.556863
32056     0.568627
32057     0.525490
32058     0.431373
32059     0.356863
32060     0.349020
32061     0.372549
32062     0.384314
32063     0.388235
32064     0.415686
32065     0.458824
32066     0.490196
32067     0.505882
32068     0.505882
32069     0.498039
32070     0.498039
32071     0.509804
32072     0.533333
32073     0.556863
32074     0.560784
32075     0.545098
32076     0.529412
32077     0.517647
32078     0.517647
32079     0.533333
32080     0.545098
32081     0.568627
32082     0.592157
32083     0.600000
32084     0.592157
32085     0.572549
32086     0.556863
32087     0.556863
32088     0.564706
32089     0.560784
32090     0.549020
32091     0.537255
32092     0.525490
32093     0.494118
32094     0.458824
32095     0.407843
32096     0.419608
32097     0.439216
32098     0.462745
32099     0.474510
32100     0.478431
32101     0.478431
32102     0.470588
32103     0.482353
32104     0.486275
32105     0.509804
32106     0.533333
32107     0.541176
32108     0.529412
32109     0.517647
32110     0.521569
32111     0.513726
32112     0.533333
32113     0.556863
32114     0.572549
32115     0.568627
32116     0.560784
32117     0.556863
32118     0.552941
32119     0.647059
32120     0.733333
32121     0.803922
32122     0.823529
32123     0.843137
32124     0.882353
32125     0.886275
32126     0.862745
32127     0.866667
32128     0.870588
32129     0.874510
32130     0.866667
32131     0.850980
32132     0.839216
32133     0.835294
32134     0.835294
32135     0.819608
32136     0.835294
32137     0.858824
32138     0.862745
32139     0.854902
32140     0.843137
32141     0.839216
32142     0.843137
32143     0.756863
32144     0.666667
32145     0.584314
32146     0.560784
32147     0.552941
32148     0.529412
32149     0.517647
32150     0.525490
32151     0.513726
32152     0.568627
32153     0.647059
32154     0.725490
32155     0.780392
32156     0.811765
32157     0.827451
32158     0.831373
32159     0.839216
32160     0.847059
32161     0.850980
32162     0.850980
32163     0.839216
32164     0.831373
32165     0.831373
32166     0.835294
32167     0.839216
32168     0.831373
32169     0.823529
32170     0.827451
32171     0.831373
32172     0.835294
32173     0.835294
32174     0.831373
32175     0.823529
32176     0.819608
32177     0.819608
32178     0.823529
32179     0.835294
32180     0.839216
32181     0.839216
32182     0.835294
32183     0.815686
32184     0.811765
32185     0.807843
32186     0.807843
32187     0.811765
32188     0.823529
32189     0.835294
32190     0.843137
32191     0.843137
32192     0.843137
32193     0.843137
32194     0.843137
32195     0.839216
32196     0.835294
32197     0.831373
32198     0.827451
32199     0.839216
32200     0.839216
32201     0.843137
32202     0.843137
32203     0.847059
32204     0.850980
32205     0.850980
32206     0.850980
32207     0.866667
32208     0.866667
32209     0.866667
32210     0.866667
32211     0.866667
32212     0.866667
32213     0.866667
32214     0.866667
32215     0.866667
32216     0.862745
32217     0.862745
32218     0.858824
32219     0.854902
32220     0.850980
32221     0.847059
32222     0.847059
32223     0.870588
32224     0.870588
32225     0.874510
32226     0.870588
32227     0.862745
32228     0.850980
32229     0.839216
32230     0.827451
32231     0.827451
32232     0.827451
32233     0.827451
32234     0.847059
32235     0.850980
32236     0.850980
32237     0.850980
32238     0.847059
32239     0.843137
32240     0.839216
32241     0.835294
32242     0.831373
32243     0.835294
32244     0.831373
32245     0.823529
32246     0.815686
32247     0.831373
32248     0.858824
32249     0.886275
32250     0.901961
32251     0.905882
32252     0.909804
32253     0.917647
32254     0.925490
32255     0.933333
32256     0.941176
32257     0.941176
32258     0.949020
32259     0.945098
32260     0.941176
32261     0.941176
32262     0.949020
32263     0.949020
32264     0.941176
32265     0.937255
32266     0.925490
32267     0.925490
32268     0.921569
32269     0.917647
32270     0.917647
32271     0.921569
32272     0.933333
32273     0.941176
32274     0.913725
32275     0.933333
32276     0.933333
32277     0.905882
32278     0.878431
32279     0.854902
32280     0.815686
32281     0.776471
32282     0.729412
32283     0.713726
32284     0.627451
32285     0.486275
32286     0.392157
32287     0.380392
32288     0.400000
32289     0.407843
32290     0.388235
32291     0.403922
32292     0.423529
32293     0.435294
32294     0.439216
32295     0.443137
32296     0.458824
32297     0.470588
32298     0.513726
32299     0.529412
32300     0.545098
32301     0.541176
32302     0.521569
32303     0.505882
32304     0.501961
32305     0.501961
32306     0.505882
32307     0.525490
32308     0.556863
32309     0.580392
32310     0.584314
32311     0.576471
32312     0.568627
32313     0.560784
32314     0.560784
32315     0.568627
32316     0.564706
32317     0.556863
32318     0.556863
32319     0.552941
32320     0.509804
32321     0.458824
32322     0.403922
32323     0.403922
32324     0.411765
32325     0.435294
32326     0.466667
32327     0.486275
32328     0.482353
32329     0.470588
32330     0.490196
32331     0.482353
32332     0.498039
32333     0.529412
32334     0.549020
32335     0.541176
32336     0.545098
32337     0.560784
32338     0.596078
32339     0.650980
32340     0.721569
32341     0.768627
32342     0.776471
32343     0.768627
32344     0.764706
32345     0.764706
32346     0.807843
32347     0.847059
32348     0.874510
32349     0.874510
32350     0.870588
32351     0.878431
32352     0.866667
32353     0.847059
32354     0.858824
32355     0.866667
32356     0.870588
32357     0.866667
32358     0.854902
32359     0.839216
32360     0.835294
32361     0.831373
32362     0.839216
32363     0.847059
32364     0.854902
32365     0.850980
32366     0.839216
32367     0.819608
32368     0.803922
32369     0.792157
32370     0.741176
32371     0.674510
32372     0.611765
32373     0.584314
32374     0.564706
32375     0.533333
32376     0.521569
32377     0.529412
32378     0.521569
32379     0.552941
32380     0.615686
32381     0.690196
32382     0.760784
32383     0.803922
32384     0.819608
32385     0.819608
32386     0.847059
32387     0.854902
32388     0.862745
32389     0.862745
32390     0.850980
32391     0.835294
32392     0.823529
32393     0.823529
32394     0.823529
32395     0.815686
32396     0.811765
32397     0.815686
32398     0.823529
32399     0.831373
32400     0.831373
32401     0.831373
32402     0.827451
32403     0.823529
32404     0.819608
32405     0.823529
32406     0.835294
32407     0.839216
32408     0.835294
32409     0.831373
32410     0.819608
32411     0.815686
32412     0.811765
32413     0.811765
32414     0.815686
32415     0.823529
32416     0.835294
32417     0.843137
32418     0.854902
32419     0.850980
32420     0.847059
32421     0.843137
32422     0.847059
32423     0.847059
32424     0.847059
32425     0.847059
32426     0.843137
32427     0.843137
32428     0.847059
32429     0.847059
32430     0.850980
32431     0.847059
32432     0.847059
32433     0.847059
32434     0.866667
32435     0.866667
32436     0.866667
32437     0.866667
32438     0.866667
32439     0.866667
32440     0.866667
32441     0.866667
32442     0.862745
32443     0.862745
32444     0.862745
32445     0.858824
32446     0.854902
32447     0.854902
32448     0.850980
32449     0.850980
32450     0.866667
32451     0.866667
32452     0.870588
32453     0.866667
32454     0.862745
32455     0.850980
32456     0.843137
32457     0.839216
32458     0.831373
32459     0.831373
32460     0.831373
32461     0.854902
32462     0.854902
32463     0.854902
32464     0.850980
32465     0.850980
32466     0.843137
32467     0.839216
32468     0.835294
32469     0.831373
32470     0.835294
32471     0.835294
32472     0.827451
32473     0.819608
32474     0.831373
32475     0.854902
32476     0.878431
32477     0.890196
32478     0.894118
32479     0.905882
32480     0.917647
32481     0.925490
32482     0.933333
32483     0.937255
32484     0.937255
32485     0.952941
32486     0.949020
32487     0.945098
32488     0.945098
32489     0.952941
32490     0.952941
32491     0.949020
32492     0.941176
32493     0.929412
32494     0.929412
32495     0.925490
32496     0.917647
32497     0.909804
32498     0.909804
32499     0.913725
32500     0.921569
32501     0.905882
32502     0.921569
32503     0.925490
32504     0.921569
32505     0.929412
32506     0.937255
32507     0.905882
32508     0.858824
32509     0.823529
32510     0.835294
32511     0.780392
32512     0.654902
32513     0.541176
32514     0.478431
32515     0.431373
32516     0.384314
32517     0.427451
32518     0.427451
32519     0.427451
32520     0.415686
32521     0.411765
32522     0.423529
32523     0.450980
32524     0.474510
32525     0.501961
32526     0.505882
32527     0.505882
32528     0.490196
32529     0.466667
32530     0.447059
32531     0.447059
32532     0.450980
32533     0.462745
32534     0.490196
32535     0.529412
32536     0.549020
32537     0.549020
32538     0.545098
32539     0.541176
32540     0.545098
32541     0.549020
32542     0.560784
32543     0.560784
32544     0.564706
32545     0.584314
32546     0.588235
32547     0.545098
32548     0.486275
32549     0.411765
32550     0.403922
32551     0.403922
32552     0.431373
32553     0.470588
32554     0.490196
32555     0.478431
32556     0.458824
32557     0.482353
32558     0.470588
32559     0.486275
32560     0.529412
32561     0.560784
32562     0.568627
32563     0.588235
32564     0.611765
32565     0.650980
32566     0.729412
32567     0.835294
32568     0.901961
32569     0.909804
32570     0.894118
32571     0.886275
32572     0.886275
32573     0.839216
32574     0.847059
32575     0.854902
32576     0.854902
32577     0.862745
32578     0.870588
32579     0.870588
32580     0.870588
32581     0.843137
32582     0.850980
32583     0.858824
32584     0.858824
32585     0.847059
32586     0.831373
32587     0.823529
32588     0.823529
32589     0.827451
32590     0.823529
32591     0.819608
32592     0.807843
32593     0.792157
32594     0.768627
32595     0.745098
32596     0.729412
32597     0.729412
32598     0.678431
32599     0.627451
32600     0.600000
32601     0.572549
32602     0.537255
32603     0.529412
32604     0.537255
32605     0.529412
32606     0.549020
32607     0.596078
32608     0.670588
32609     0.745098
32610     0.796078
32611     0.811765
32612     0.807843
32613     0.847059
32614     0.858824
32615     0.870588
32616     0.870588
32617     0.854902
32618     0.835294
32619     0.823529
32620     0.815686
32621     0.807843
32622     0.803922
32623     0.800000
32624     0.803922
32625     0.815686
32626     0.827451
32627     0.827451
32628     0.827451
32629     0.827451
32630     0.823529
32631     0.819608
32632     0.823529
32633     0.831373
32634     0.835294
32635     0.831373
32636     0.827451
32637     0.823529
32638     0.819608
32639     0.815686
32640     0.811765
32641     0.815686
32642     0.823529
32643     0.835294
32644     0.843137
32645     0.858824
32646     0.854902
32647     0.847059
32648     0.847059
32649     0.850980
32650     0.858824
32651     0.862745
32652     0.866667
32653     0.850980
32654     0.850980
32655     0.854902
32656     0.854902
32657     0.854902
32658     0.850980
32659     0.847059
32660     0.847059
32661     0.862745
32662     0.862745
32663     0.862745
32664     0.862745
32665     0.862745
32666     0.862745
32667     0.862745
32668     0.862745
32669     0.862745
32670     0.862745
32671     0.862745
32672     0.858824
32673     0.858824
32674     0.854902
32675     0.854902
32676     0.854902
32677     0.870588
32678     0.870588
32679     0.870588
32680     0.870588
32681     0.866667
32682     0.862745
32683     0.858824
32684     0.858824
32685     0.847059
32686     0.847059
32687     0.847059
32688     0.854902
32689     0.858824
32690     0.866667
32691     0.862745
32692     0.854902
32693     0.847059
32694     0.847059
32695     0.850980
32696     0.843137
32697     0.843137
32698     0.843137
32699     0.843137
32700     0.850980
32701     0.858824
32702     0.870588
32703     0.874510
32704     0.886275
32705     0.894118
32706     0.905882
32707     0.917647
32708     0.925490
32709     0.933333
32710     0.941176
32711     0.941176
32712     0.941176
32713     0.941176
32714     0.945098
32715     0.945098
32716     0.945098
32717     0.945098
32718     0.945098
32719     0.945098
32720     0.949020
32721     0.937255
32722     0.917647
32723     0.901961
32724     0.898039
32725     0.905882
32726     0.917647
32727     0.929412
32728     0.933333
32729     0.941176
32730     0.956863
32731     0.964706
32732     0.960784
32733     0.949020
32734     0.929412
32735     0.917647
32736     0.898039
32737     0.917647
32738     0.898039
32739     0.823529
32740     0.745098
32741     0.662745
32742     0.549020
32743     0.443137
32744     0.419608
32745     0.419608
32746     0.415686
32747     0.415686
32748     0.423529
32749     0.423529
32750     0.407843
32751     0.384314
32752     0.431373
32753     0.458824
32754     0.474510
32755     0.454902
32756     0.439216
32757     0.450980
32758     0.470588
32759     0.482353
32760     0.435294
32761     0.470588
32762     0.525490
32763     0.568627
32764     0.568627
32765     0.545098
32766     0.545098
32767     0.560784
32768     0.572549
32769     0.623529
32770     0.643137
32771     0.647059
32772     0.701961
32773     0.760784
32774     0.701961
32775     0.584314
32776     0.462745
32777     0.454902
32778     0.458824
32779     0.478431
32780     0.498039
32781     0.509804
32782     0.521569
32783     0.529412
32784     0.486275
32785     0.490196
32786     0.501961
32787     0.525490
32788     0.556863
32789     0.588235
32790     0.603922
32791     0.611765
32792     0.666667
32793     0.764706
32794     0.874510
32795     0.921569
32796     0.909804
32797     0.882353
32798     0.874510
32799     0.878431
32800     0.835294
32801     0.843137
32802     0.854902
32803     0.866667
32804     0.866667
32805     0.862745
32806     0.854902
32807     0.847059
32808     0.843137
32809     0.847059
32810     0.850980
32811     0.850980
32812     0.843137
32813     0.835294
32814     0.835294
32815     0.835294
32816     0.831373
32817     0.807843
32818     0.768627
32819     0.729412
32820     0.701961
32821     0.686275
32822     0.678431
32823     0.678431
32824     0.678431
32825     0.650980
32826     0.611765
32827     0.588235
32828     0.576471
32829     0.560784
32830     0.533333
32831     0.513726
32832     0.537255
32833     0.521569
32834     0.533333
32835     0.596078
32836     0.694118
32837     0.772549
32838     0.800000
32839     0.800000
32840     0.839216
32841     0.862745
32842     0.878431
32843     0.870588
32844     0.854902
32845     0.847059
32846     0.831373
32847     0.811765
32848     0.811765
32849     0.800000
32850     0.792157
32851     0.796078
32852     0.807843
32853     0.823529
32854     0.831373
32855     0.835294
32856     0.815686
32857     0.823529
32858     0.819608
32859     0.803922
32860     0.803922
32861     0.819608
32862     0.823529
32863     0.815686
32864     0.843137
32865     0.839216
32866     0.835294
32867     0.831373
32868     0.831373
32869     0.835294
32870     0.843137
32871     0.847059
32872     0.862745
32873     0.854902
32874     0.847059
32875     0.847059
32876     0.854902
32877     0.866667
32878     0.866667
32879     0.866667
32880     0.854902
32881     0.862745
32882     0.870588
32883     0.866667
32884     0.854902
32885     0.843137
32886     0.835294
32887     0.835294
32888     0.847059
32889     0.847059
32890     0.850980
32891     0.854902
32892     0.862745
32893     0.866667
32894     0.870588
32895     0.870588
32896     0.886275
32897     0.874510
32898     0.866667
32899     0.862745
32900     0.862745
32901     0.858824
32902     0.847059
32903     0.839216
32904     0.866667
32905     0.866667
32906     0.866667
32907     0.866667
32908     0.866667
32909     0.866667
32910     0.866667
32911     0.866667
32912     0.862745
32913     0.854902
32914     0.847059
32915     0.850980
32916     0.854902
32917     0.858824
32918     0.854902
32919     0.847059
32920     0.843137
32921     0.847059
32922     0.850980
32923     0.843137
32924     0.843137
32925     0.847059
32926     0.850980
32927     0.862745
32928     0.874510
32929     0.886275
32930     0.894118
32931     0.894118
32932     0.898039
32933     0.905882
32934     0.913725
32935     0.925490
32936     0.929412
32937     0.933333
32938     0.933333
32939     0.937255
32940     0.937255
32941     0.941176
32942     0.941176
32943     0.945098
32944     0.945098
32945     0.949020
32946     0.949020
32947     0.941176
32948     0.929412
32949     0.905882
32950     0.886275
32951     0.878431
32952     0.878431
32953     0.882353
32954     0.890196
32955     0.913725
32956     0.933333
32957     0.956863
32958     0.968627
32959     0.960784
32960     0.945098
32961     0.933333
32962     0.929412
32963     0.917647
32964     0.929412
32965     0.909804
32966     0.866667
32967     0.831373
32968     0.780392
32969     0.682353
32970     0.580392
32971     0.482353
32972     0.450980
32973     0.403922
32974     0.380392
32975     0.380392
32976     0.396078
32977     0.396078
32978     0.388235
32979     0.376471
32980     0.447059
32981     0.509804
32982     0.517647
32983     0.494118
32984     0.474510
32985     0.470588
32986     0.466667
32987     0.513726
32988     0.525490
32989     0.552941
32990     0.576471
32991     0.576471
32992     0.560784
32993     0.564706
32994     0.580392
32995     0.596078
32996     0.670588
32997     0.737255
32998     0.776471
32999     0.835294
33000     0.878431
33001     0.847059
33002     0.772549
33003     0.572549
33004     0.564706
33005     0.564706
33006     0.564706
33007     0.564706
33008     0.545098
33009     0.525490
33010     0.513726
33011     0.545098
33012     0.525490
33013     0.513726
33014     0.533333
33015     0.568627
33016     0.600000
33017     0.607843
33018     0.600000
33019     0.678431
33020     0.764706
33021     0.866667
33022     0.917647
33023     0.909804
33024     0.886275
33025     0.874510
33026     0.874510
33027     0.862745
33028     0.866667
33029     0.874510
33030     0.878431
33031     0.878431
33032     0.874510
33033     0.866667
33034     0.862745
33035     0.847059
33036     0.850980
33037     0.854902
33038     0.850980
33039     0.847059
33040     0.839216
33041     0.835294
33042     0.835294
33043     0.819608
33044     0.776471
33045     0.721569
33046     0.670588
33047     0.647059
33048     0.639216
33049     0.643137
33050     0.643137
33051     0.650980
33052     0.627451
33053     0.600000
33054     0.584314
33055     0.580392
33056     0.568627
33057     0.545098
33058     0.525490
33059     0.513726
33060     0.490196
33061     0.486275
33062     0.537255
33063     0.635294
33064     0.737255
33065     0.807843
33066     0.839216
33067     0.847059
33068     0.862745
33069     0.870588
33070     0.858824
33071     0.847059
33072     0.843137
33073     0.827451
33074     0.803922
33075     0.800000
33076     0.792157
33077     0.788235
33078     0.788235
33079     0.803922
33080     0.815686
33081     0.823529
33082     0.823529
33083     0.815686
33084     0.823529
33085     0.819608
33086     0.807843
33087     0.807843
33088     0.823529
33089     0.827451
33090     0.819608
33091     0.839216
33092     0.839216
33093     0.839216
33094     0.839216
33095     0.839216
33096     0.843137
33097     0.847059
33098     0.850980
33099     0.866667
33100     0.854902
33101     0.847059
33102     0.847059
33103     0.850980
33104     0.858824
33105     0.858824
33106     0.858824
33107     0.862745
33108     0.870588
33109     0.878431
33110     0.878431
33111     0.866667
33112     0.858824
33113     0.850980
33114     0.850980
33115     0.843137
33116     0.847059
33117     0.850980
33118     0.858824
33119     0.862745
33120     0.866667
33121     0.874510
33122     0.874510
33123     0.882353
33124     0.878431
33125     0.870588
33126     0.870588
33127     0.874510
33128     0.870588
33129     0.858824
33130     0.847059
33131     0.854902
33132     0.858824
33133     0.858824
33134     0.858824
33135     0.858824
33136     0.858824
33137     0.858824
33138     0.862745
33139     0.858824
33140     0.850980
33141     0.843137
33142     0.847059
33143     0.850980
33144     0.847059
33145     0.843137
33146     0.835294
33147     0.835294
33148     0.843137
33149     0.850980
33150     0.847059
33151     0.847059
33152     0.850980
33153     0.858824
33154     0.874510
33155     0.890196
33156     0.901961
33157     0.913725
33158     0.890196
33159     0.898039
33160     0.905882
33161     0.913725
33162     0.917647
33163     0.925490
33164     0.925490
33165     0.925490
33166     0.933333
33167     0.933333
33168     0.937255
33169     0.941176
33170     0.945098
33171     0.949020
33172     0.952941
33173     0.952941
33174     0.960784
33175     0.949020
33176     0.921569
33177     0.898039
33178     0.878431
33179     0.870588
33180     0.866667
33181     0.866667
33182     0.890196
33183     0.921569
33184     0.960784
33185     0.976471
33186     0.964706
33187     0.949020
33188     0.941176
33189     0.945098
33190     0.952941
33191     0.952941
33192     0.937255
33193     0.921569
33194     0.925490
33195     0.909804
33196     0.831373
33197     0.745098
33198     0.560784
33199     0.498039
33200     0.427451
33201     0.396078
33202     0.415686
33203     0.458824
33204     0.490196
33205     0.505882
33206     0.615686
33207     0.701961
33208     0.788235
33209     0.803922
33210     0.776471
33211     0.749020
33212     0.737255
33213     0.733333
33214     0.674510
33215     0.658824
33216     0.654902
33217     0.662745
33218     0.658824
33219     0.650980
33220     0.654902
33221     0.670588
33222     0.721569
33223     0.776471
33224     0.835294
33225     0.874510
33226     0.894118
33227     0.905882
33228     0.901961
33229     0.886275
33230     0.874510
33231     0.870588
33232     0.862745
33233     0.839216
33234     0.800000
33235     0.741176
33236     0.674510
33237     0.631373
33238     0.549020
33239     0.521569
33240     0.501961
33241     0.529412
33242     0.592157
33243     0.635294
33244     0.639216
33245     0.627451
33246     0.670588
33247     0.737255
33248     0.831373
33249     0.890196
33250     0.898039
33251     0.886275
33252     0.878431
33253     0.878431
33254     0.886275
33255     0.886275
33256     0.886275
33257     0.882353
33258     0.878431
33259     0.874510
33260     0.870588
33261     0.870588
33262     0.850980
33263     0.854902
33264     0.854902
33265     0.854902
33266     0.850980
33267     0.843137
33268     0.835294
33269     0.831373
33270     0.815686
33271     0.756863
33272     0.678431
33273     0.623529
33274     0.607843
33275     0.615686
33276     0.619608
33277     0.623529
33278     0.607843
33279     0.596078
33280     0.580392
33281     0.576471
33282     0.580392
33283     0.572549
33284     0.552941
33285     0.537255
33286     0.521569
33287     0.494118
33288     0.474510
33289     0.498039
33290     0.580392
33291     0.690196
33292     0.788235
33293     0.843137
33294     0.839216
33295     0.862745
33296     0.878431
33297     0.862745
33298     0.847059
33299     0.835294
33300     0.811765
33301     0.792157
33302     0.792157
33303     0.784314
33304     0.780392
33305     0.784314
33306     0.796078
33307     0.807843
33308     0.815686
33309     0.815686
33310     0.811765
33311     0.823529
33312     0.823529
33313     0.811765
33314     0.811765
33315     0.827451
33316     0.835294
33317     0.823529
33318     0.831373
33319     0.835294
33320     0.843137
33321     0.847059
33322     0.850980
33323     0.854902
33324     0.854902
33325     0.854902
33326     0.866667
33327     0.854902
33328     0.847059
33329     0.843137
33330     0.847059
33331     0.854902
33332     0.854902
33333     0.850980
33334     0.866667
33335     0.874510
33336     0.882353
33337     0.882353
33338     0.874510
33339     0.866667
33340     0.862745
33341     0.866667
33342     0.850980
33343     0.850980
33344     0.854902
33345     0.858824
33346     0.862745
33347     0.866667
33348     0.870588
33349     0.874510
33350     0.874510
33351     0.870588
33352     0.874510
33353     0.882353
33354     0.886275
33355     0.882353
33356     0.866667
33357     0.854902
33358     0.843137
33359     0.843137
33360     0.847059
33361     0.847059
33362     0.850980
33363     0.850980
33364     0.854902
33365     0.854902
33366     0.850980
33367     0.843137
33368     0.835294
33369     0.843137
33370     0.843137
33371     0.839216
33372     0.831373
33373     0.823529
33374     0.827451
33375     0.839216
33376     0.850980
33377     0.854902
33378     0.854902
33379     0.858824
33380     0.862745
33381     0.874510
33382     0.890196
33383     0.901961
33384     0.909804
33385     0.882353
33386     0.886275
33387     0.898039
33388     0.905882
33389     0.917647
33390     0.921569
33391     0.925490
33392     0.929412
33393     0.929412
33394     0.929412
33395     0.933333
33396     0.937255
33397     0.945098
33398     0.949020
33399     0.952941
33400     0.956863
33401     0.972549
33402     0.956863
33403     0.933333
33404     0.905882
33405     0.882353
33406     0.866667
33407     0.858824
33408     0.854902
33409     0.878431
33410     0.921569
33411     0.968627
33412     0.984314
33413     0.968627
33414     0.952941
33415     0.956863
33416     0.968627
33417     0.980392
33418     0.984314
33419     0.972549
33420     0.964706
33421     0.968627
33422     0.964706
33423     0.913725
33424     0.858824
33425     0.749020
33426     0.686275
33427     0.623529
33428     0.623529
33429     0.670588
33430     0.733333
33431     0.784314
33432     0.815686
33433     0.854902
33434     0.905882
33435     0.949020
33436     0.949020
33437     0.933333
33438     0.933333
33439     0.941176
33440     0.945098
33441     0.901961
33442     0.874510
33443     0.858824
33444     0.858824
33445     0.854902
33446     0.847059
33447     0.847059
33448     0.854902
33449     0.866667
33450     0.866667
33451     0.874510
33452     0.882353
33453     0.870588
33454     0.862745
33455     0.874510
33456     0.901961
33457     0.909804
33458     0.925490
33459     0.925490
33460     0.905882
33461     0.866667
33462     0.803922
33463     0.725490
33464     0.666667
33465     0.592157
33466     0.576471
33467     0.568627
33468     0.603922
33469     0.654902
33470     0.690196
33471     0.690196
33472     0.674510
33473     0.658824
33474     0.701961
33475     0.776471
33476     0.847059
33477     0.882353
33478     0.882353
33479     0.882353
33480     0.886275
33481     0.890196
33482     0.886275
33483     0.878431
33484     0.870588
33485     0.862745
33486     0.862745
33487     0.862745
33488     0.862745
33489     0.858824
33490     0.858824
33491     0.858824
33492     0.858824
33493     0.854902
33494     0.847059
33495     0.831373
33496     0.819608
33497     0.784314
33498     0.721569
33499     0.643137
33500     0.596078
33501     0.592157
33502     0.603922
33503     0.607843
33504     0.603922
33505     0.580392
33506     0.572549
33507     0.568627
33508     0.568627
33509     0.572549
33510     0.564706
33511     0.549020
33512     0.533333
33513     0.525490
33514     0.505882
33515     0.486275
33516     0.494118
33517     0.537255
33518     0.607843
33519     0.682353
33520     0.729412
33521     0.772549
33522     0.831373
33523     0.882353
33524     0.886275
33525     0.858824
33526     0.835294
33527     0.811765
33528     0.792157
33529     0.796078
33530     0.788235
33531     0.784314
33532     0.788235
33533     0.796078
33534     0.807843
33535     0.807843
33536     0.807843
33537     0.807843
33538     0.823529
33539     0.823529
33540     0.815686
33541     0.819608
33542     0.835294
33543     0.839216
33544     0.831373
33545     0.831373
33546     0.835294
33547     0.847059
33548     0.854902
33549     0.858824
33550     0.862745
33551     0.858824
33552     0.858824
33553     0.862745
33554     0.854902
33555     0.843137
33556     0.843137
33557     0.850980
33558     0.858824
33559     0.858824
33560     0.858824
33561     0.866667
33562     0.874510
33563     0.882353
33564     0.878431
33565     0.874510
33566     0.866667
33567     0.866667
33568     0.870588
33569     0.858824
33570     0.858824
33571     0.858824
33572     0.862745
33573     0.862745
33574     0.862745
33575     0.862745
33576     0.862745
33577     0.858824
33578     0.862745
33579     0.870588
33580     0.882353
33581     0.890196
33582     0.886275
33583     0.870588
33584     0.858824
33585     0.839216
33586     0.839216
33587     0.843137
33588     0.843137
33589     0.847059
33590     0.850980
33591     0.850980
33592     0.850980
33593     0.850980
33594     0.839216
33595     0.831373
33596     0.843137
33597     0.843137
33598     0.839216
33599     0.831373
33600     0.823529
33601     0.827451
33602     0.843137
33603     0.854902
33604     0.870588
33605     0.866667
33606     0.866667
33607     0.866667
33608     0.870588
33609     0.878431
33610     0.886275
33611     0.890196
33612     0.870588
33613     0.874510
33614     0.886275
33615     0.901961
33616     0.913725
33617     0.921569
33618     0.929412
33619     0.929412
33620     0.921569
33621     0.925490
33622     0.929412
33623     0.933333
33624     0.937255
33625     0.945098
33626     0.949020
33627     0.949020
33628     0.949020
33629     0.937255
33630     0.917647
33631     0.898039
33632     0.878431
33633     0.858824
33634     0.847059
33635     0.843137
33636     0.882353
33637     0.925490
33638     0.972549
33639     0.988235
33640     0.976471
33641     0.964706
33642     0.968627
33643     0.980392
33644     0.984314
33645     0.996078
33646     0.996078
33647     0.988235
33648     0.980392
33649     0.972549
33650     0.952941
33651     0.929412
33652     0.898039
33653     0.847059
33654     0.807843
33655     0.827451
33656     0.870588
33657     0.909804
33658     0.945098
33659     0.972549
33660     0.913725
33661     0.921569
33662     0.917647
33663     0.905882
33664     0.913725
33665     0.933333
33666     0.941176
33667     0.933333
33668     0.964706
33669     0.941176
33670     0.933333
33671     0.937255
33672     0.937255
33673     0.921569
33674     0.913725
33675     0.917647
33676     0.909804
33677     0.882353
33678     0.870588
33679     0.878431
33680     0.878431
33681     0.870588
33682     0.882353
33683     0.909804
33684     0.901961
33685     0.937255
33686     0.964706
33687     0.968627
33688     0.964706
33689     0.941176
33690     0.890196
33691     0.835294
33692     0.729412
33693     0.729412
33694     0.737255
33695     0.749020
33696     0.760784
33697     0.756863
33698     0.737255
33699     0.721569
33700     0.674510
33701     0.682353
33702     0.729412
33703     0.803922
33704     0.854902
33705     0.870588
33706     0.874510
33707     0.882353
33708     0.886275
33709     0.882353
33710     0.870588
33711     0.862745
33712     0.858824
33713     0.858824
33714     0.862745
33715     0.866667
33716     0.870588
33717     0.862745
33718     0.858824
33719     0.858824
33720     0.854902
33721     0.843137
33722     0.819608
33723     0.800000
33724     0.729412
33725     0.678431
33726     0.615686
33727     0.584314
33728     0.584314
33729     0.596078
33730     0.588235
33731     0.580392
33732     0.564706
33733     0.560784
33734     0.560784
33735     0.556863
33736     0.556863
33737     0.549020
33738     0.533333
33739     0.525490
33740     0.494118
33741     0.494118
33742     0.494118
33743     0.498039
33744     0.509804
33745     0.525490
33746     0.541176
33747     0.552941
33748     0.643137
33749     0.737255
33750     0.839216
33751     0.874510
33752     0.862745
33753     0.847059
33754     0.835294
33755     0.827451
33756     0.807843
33757     0.800000
33758     0.796078
33759     0.796078
33760     0.803922
33761     0.807843
33762     0.803922
33763     0.800000
33764     0.803922
33765     0.815686
33766     0.823529
33767     0.815686
33768     0.823529
33769     0.839216
33770     0.843137
33771     0.831373
33772     0.831373
33773     0.839216
33774     0.847059
33775     0.854902
33776     0.862745
33777     0.862745
33778     0.862745
33779     0.858824
33780     0.858824
33781     0.850980
33782     0.843137
33783     0.843137
33784     0.854902
33785     0.866667
33786     0.866667
33787     0.866667
33788     0.866667
33789     0.874510
33790     0.878431
33791     0.878431
33792     0.870588
33793     0.866667
33794     0.870588
33795     0.874510
33796     0.866667
33797     0.866667
33798     0.862745
33799     0.858824
33800     0.854902
33801     0.850980
33802     0.850980
33803     0.847059
33804     0.847059
33805     0.850980
33806     0.858824
33807     0.870588
33808     0.882353
33809     0.878431
33810     0.866667
33811     0.854902
33812     0.843137
33813     0.843137
33814     0.843137
33815     0.847059
33816     0.847059
33817     0.850980
33818     0.850980
33819     0.850980
33820     0.847059
33821     0.839216
33822     0.831373
33823     0.843137
33824     0.843137
33825     0.843137
33826     0.839216
33827     0.835294
33828     0.839216
33829     0.847059
33830     0.858824
33831     0.882353
33832     0.878431
33833     0.870588
33834     0.866667
33835     0.866667
33836     0.866667
33837     0.870588
33838     0.874510
33839     0.866667
33840     0.874510
33841     0.882353
33842     0.898039
33843     0.905882
33844     0.917647
33845     0.921569
33846     0.925490
33847     0.909804
33848     0.909804
33849     0.913725
33850     0.917647
33851     0.921569
33852     0.925490
33853     0.929412
33854     0.929412
33855     0.921569
33856     0.917647
33857     0.909804
33858     0.901961
33859     0.890196
33860     0.878431
33861     0.870588
33862     0.866667
33863     0.898039
33864     0.929412
33865     0.964706
33866     0.980392
33867     0.972549
33868     0.964706
33869     0.972549
33870     0.980392
33871     0.972549
33872     0.988235
33873     0.996078
33874     0.996078
33875     0.984314
33876     0.976471
33877     0.976471
33878     0.976471
33879     0.949020
33880     0.905882
33881     0.878431
33882     0.894118
33883     0.898039
33884     0.890196
33885     0.890196
33886     0.909804
33887     0.945098
33888     0.941176
33889     0.929412
33890     0.921569
33891     0.937255
33892     0.956863
33893     0.949020
33894     0.921569
33895     0.929412
33896     0.921569
33897     0.925490
33898     0.933333
33899     0.929412
33900     0.909804
33901     0.898039
33902     0.905882
33903     0.894118
33904     0.878431
33905     0.870588
33906     0.886275
33907     0.898039
33908     0.890196
33909     0.878431
33910     0.870588
33911     0.870588
33912     0.905882
33913     0.929412
33914     0.933333
33915     0.941176
33916     0.949020
33917     0.917647
33918     0.874510
33919     0.815686
33920     0.827451
33921     0.839216
33922     0.847059
33923     0.839216
33924     0.811765
33925     0.780392
33926     0.760784
33927     0.698039
33928     0.670588
33929     0.686275
33930     0.756863
33931     0.819608
33932     0.843137
33933     0.850980
33934     0.866667
33935     0.882353
33936     0.878431
33937     0.874510
33938     0.866667
33939     0.866667
33940     0.870588
33941     0.874510
33942     0.878431
33943     0.882353
33944     0.870588
33945     0.862745
33946     0.858824
33947     0.854902
33948     0.835294
33949     0.803922
33950     0.780392
33951     0.705882
33952     0.670588
33953     0.631373
33954     0.611765
33955     0.607843
33956     0.607843
33957     0.600000
33958     0.584314
33959     0.552941
33960     0.552941
33961     0.549020
33962     0.545098
33963     0.537255
33964     0.529412
33965     0.521569
33966     0.517647
33967     0.482353
33968     0.494118
33969     0.509804
33970     0.517647
33971     0.517647
33972     0.501961
33973     0.478431
33974     0.462745
33975     0.505882
33976     0.600000
33977     0.713726
33978     0.784314
33979     0.819608
33980     0.847059
33981     0.862745
33982     0.862745
33983     0.819608
33984     0.815686
33985     0.807843
33986     0.807843
33987     0.807843
33988     0.807843
33989     0.800000
33990     0.792157
33991     0.792157
33992     0.811765
33993     0.819608
33994     0.815686
33995     0.823529
33996     0.839216
33997     0.843137
33998     0.831373
33999     0.839216
34000     0.839216
34001     0.847059
34002     0.850980
34003     0.854902
34004     0.858824
34005     0.858824
34006     0.858824
34007     0.854902
34008     0.847059
34009     0.839216
34010     0.843137
34011     0.850980
34012     0.858824
34013     0.862745
34014     0.862745
34015     0.870588
34016     0.874510
34017     0.878431
34018     0.870588
34019     0.862745
34020     0.858824
34021     0.862745
34022     0.866667
34023     0.858824
34024     0.854902
34025     0.854902
34026     0.854902
34027     0.850980
34028     0.847059
34029     0.847059
34030     0.847059
34031     0.843137
34032     0.843137
34033     0.847059
34034     0.858824
34035     0.870588
34036     0.870588
34037     0.858824
34038     0.850980
34039     0.850980
34040     0.850980
34041     0.850980
34042     0.850980
34043     0.850980
34044     0.847059
34045     0.847059
34046     0.847059
34047     0.839216
34048     0.831373
34049     0.823529
34050     0.843137
34051     0.847059
34052     0.854902
34053     0.850980
34054     0.847059
34055     0.847059
34056     0.854902
34057     0.858824
34058     0.886275
34059     0.882353
34060     0.874510
34061     0.870588
34062     0.866667
34063     0.866667
34064     0.870588
34065     0.874510
34066     0.878431
34067     0.882353
34068     0.890196
34069     0.894118
34070     0.901961
34071     0.905882
34072     0.905882
34073     0.905882
34074     0.890196
34075     0.890196
34076     0.894118
34077     0.894118
34078     0.898039
34079     0.898039
34080     0.901961
34081     0.901961
34082     0.890196
34083     0.894118
34084     0.898039
34085     0.901961
34086     0.901961
34087     0.901961
34088     0.898039
34089     0.894118
34090     0.913725
34091     0.929412
34092     0.949020
34093     0.960784
34094     0.964706
34095     0.960784
34096     0.964706
34097     0.964706
34098     0.968627
34099     0.972549
34100     0.976471
34101     0.988235
34102     0.988235
34103     0.984314
34104     0.980392
34105     0.980392
34106     0.976471
34107     0.941176
34108     0.925490
34109     0.933333
34110     0.917647
34111     0.882353
34112     0.882353
34113     0.909804
34114     0.937255
34115     0.941176
34116     0.937255
34117     0.929412
34118     0.937255
34119     0.949020
34120     0.941176
34121     0.917647
34122     0.945098
34123     0.949020
34124     0.960784
34125     0.968627
34126     0.952941
34127     0.929412
34128     0.925490
34129     0.941176
34130     0.890196
34131     0.894118
34132     0.890196
34133     0.882353
34134     0.882353
34135     0.882353
34136     0.866667
34137     0.847059
34138     0.901961
34139     0.933333
34140     0.941176
34141     0.925490
34142     0.933333
34143     0.956863
34144     0.945098
34145     0.905882
34146     0.862745
34147     0.854902
34148     0.850980
34149     0.854902
34150     0.850980
34151     0.823529
34152     0.780392
34153     0.745098
34154     0.670588
34155     0.619608
34156     0.615686
34157     0.686275
34158     0.772549
34159     0.811765
34160     0.831373
34161     0.850980
34162     0.866667
34163     0.866667
34164     0.870588
34165     0.870588
34166     0.874510
34167     0.878431
34168     0.886275
34169     0.886275
34170     0.890196
34171     0.874510
34172     0.862745
34173     0.854902
34174     0.850980
34175     0.827451
34176     0.788235
34177     0.756863
34178     0.709804
34179     0.690196
34180     0.662745
34181     0.639216
34182     0.627451
34183     0.619608
34184     0.607843
34185     0.600000
34186     0.545098
34187     0.545098
34188     0.541176
34189     0.529412
34190     0.521569
34191     0.517647
34192     0.517647
34193     0.517647
34194     0.513726
34195     0.513726
34196     0.517647
34197     0.525490
34198     0.525490
34199     0.509804
34200     0.482353
34201     0.458824
34202     0.435294
34203     0.482353
34204     0.556863
34205     0.639216
34206     0.733333
34207     0.815686
34208     0.850980
34209     0.850980
34210     0.831373
34211     0.823529
34212     0.815686
34213     0.811765
34214     0.807843
34215     0.800000
34216     0.788235
34217     0.776471
34218     0.784314
34219     0.803922
34220     0.811765
34221     0.811765
34222     0.819608
34223     0.839216
34224     0.839216
34225     0.827451
34226     0.847059
34227     0.843137
34228     0.843137
34229     0.843137
34230     0.847059
34231     0.850980
34232     0.854902
34233     0.858824
34234     0.858824
34235     0.850980
34236     0.839216
34237     0.835294
34238     0.839216
34239     0.843137
34240     0.843137
34241     0.839216
34242     0.854902
34243     0.858824
34244     0.858824
34245     0.850980
34246     0.839216
34247     0.835294
34248     0.835294
34249     0.843137
34250     0.835294
34251     0.835294
34252     0.839216
34253     0.843137
34254     0.847059
34255     0.850980
34256     0.854902
34257     0.858824
34258     0.847059
34259     0.843137
34260     0.847059
34261     0.850980
34262     0.862745
34263     0.862745
34264     0.858824
34265     0.850980
34266     0.854902
34267     0.854902
34268     0.850980
34269     0.847059
34270     0.847059
34271     0.843137
34272     0.839216
34273     0.839216
34274     0.823529
34275     0.815686
34276     0.807843
34277     0.843137
34278     0.850980
34279     0.858824
34280     0.862745
34281     0.858824
34282     0.854902
34283     0.858824
34284     0.862745
34285     0.890196
34286     0.882353
34287     0.878431
34288     0.874510
34289     0.870588
34290     0.874510
34291     0.878431
34292     0.882353
34293     0.890196
34294     0.890196
34295     0.894118
34296     0.898039
34297     0.898039
34298     0.894118
34299     0.894118
34300     0.890196
34301     0.878431
34302     0.878431
34303     0.878431
34304     0.878431
34305     0.878431
34306     0.882353
34307     0.882353
34308     0.882353
34309     0.847059
34310     0.854902
34311     0.866667
34312     0.878431
34313     0.886275
34314     0.894118
34315     0.894118
34316     0.894118
34317     0.921569
34318     0.929412
34319     0.937255
34320     0.949020
34321     0.952941
34322     0.956863
34323     0.952941
34324     0.952941
34325     0.976471
34326     0.960784
34327     0.956863
34328     0.972549
34329     0.988235
34330     0.984314
34331     0.968627
34332     0.952941
34333     0.933333
34334     0.901961
34335     0.898039
34336     0.913725
34337     0.898039
34338     0.870588
34339     0.886275
34340     0.929412
34341     0.913725
34342     0.925490
34343     0.921569
34344     0.905882
34345     0.901961
34346     0.917647
34347     0.925490
34348     0.925490
34349     0.898039
34350     0.905882
34351     0.917647
34352     0.921569
34353     0.901961
34354     0.874510
34355     0.878431
34356     0.901961
34357     0.898039
34358     0.913725
34359     0.901961
34360     0.870588
34361     0.862745
34362     0.886275
34363     0.901961
34364     0.894118
34365     0.882353
34366     0.909804
34367     0.909804
34368     0.898039
34369     0.917647
34370     0.968627
34371     0.980392
34372     0.952941
34373     0.933333
34374     0.898039
34375     0.858824
34376     0.847059
34377     0.839216
34378     0.803922
34379     0.737255
34380     0.686275
34381     0.623529
34382     0.556863
34383     0.545098
34384     0.627451
34385     0.729412
34386     0.784314
34387     0.819608
34388     0.847059
34389     0.850980
34390     0.854902
34391     0.858824
34392     0.866667
34393     0.874510
34394     0.878431
34395     0.886275
34396     0.886275
34397     0.894118
34398     0.878431
34399     0.862745
34400     0.854902
34401     0.847059
34402     0.819608
34403     0.776471
34404     0.741176
34405     0.701961
34406     0.686275
34407     0.662745
34408     0.635294
34409     0.615686
34410     0.600000
34411     0.592157
34412     0.592157
34413     0.537255
34414     0.537255
34415     0.533333
34416     0.521569
34417     0.513726
34418     0.509804
34419     0.517647
34420     0.521569
34421     0.537255
34422     0.521569
34423     0.501961
34424     0.498039
34425     0.501961
34426     0.498039
34427     0.482353
34428     0.462745
34429     0.427451
34430     0.427451
34431     0.447059
34432     0.525490
34433     0.658824
34434     0.776471
34435     0.823529
34436     0.815686
34437     0.835294
34438     0.827451
34439     0.815686
34440     0.811765
34441     0.803922
34442     0.796078
34443     0.780392
34444     0.768627
34445     0.780392
34446     0.800000
34447     0.811765
34448     0.811765
34449     0.819608
34450     0.835294
34451     0.839216
34452     0.827451
34453     0.850980
34454     0.847059
34455     0.843137
34456     0.839216
34457     0.839216
34458     0.843137
34459     0.850980
34460     0.854902
34461     0.862745
34462     0.850980
34463     0.835294
34464     0.827451
34465     0.827451
34466     0.827451
34467     0.823529
34468     0.815686
34469     0.831373
34470     0.835294
34471     0.831373
34472     0.823529
34473     0.811765
34474     0.803922
34475     0.807843
34476     0.811765
34477     0.815686
34478     0.819608
34479     0.827451
34480     0.835294
34481     0.847059
34482     0.858824
34483     0.866667
34484     0.870588
34485     0.854902
34486     0.847059
34487     0.847059
34488     0.850980
34489     0.858824
34490     0.862745
34491     0.858824
34492     0.854902
34493     0.854902
34494     0.854902
34495     0.850980
34496     0.847059
34497     0.839216
34498     0.835294
34499     0.831373
34500     0.831373
34501     0.815686
34502     0.807843
34503     0.796078
34504     0.850980
34505     0.854902
34506     0.858824
34507     0.854902
34508     0.847059
34509     0.843137
34510     0.847059
34511     0.850980
34512     0.878431
34513     0.874510
34514     0.870588
34515     0.866667
34516     0.870588
34517     0.874510
34518     0.882353
34519     0.886275
34520     0.894118
34521     0.894118
34522     0.890196
34523     0.890196
34524     0.890196
34525     0.890196
34526     0.890196
34527     0.890196
34528     0.870588
34529     0.866667
34530     0.858824
34531     0.862745
34532     0.870588
34533     0.874510
34534     0.874510
34535     0.870588
34536     0.862745
34537     0.847059
34538     0.839216
34539     0.850980
34540     0.878431
34541     0.898039
34542     0.901961
34543     0.894118
34544     0.913725
34545     0.917647
34546     0.929412
34547     0.937255
34548     0.941176
34549     0.941176
34550     0.941176
34551     0.937255
34552     0.949020
34553     0.945098
34554     0.945098
34555     0.949020
34556     0.952941
34557     0.956863
34558     0.949020
34559     0.941176
34560     0.901961
34561     0.901961
34562     0.898039
34563     0.890196
34564     0.890196
34565     0.890196
34566     0.890196
34567     0.890196
34568     0.894118
34569     0.901961
34570     0.909804
34571     0.917647
34572     0.921569
34573     0.917647
34574     0.913725
34575     0.905882
34576     0.905882
34577     0.913725
34578     0.921569
34579     0.921569
34580     0.913725
34581     0.898039
34582     0.882353
34583     0.870588
34584     0.870588
34585     0.874510
34586     0.882353
34587     0.886275
34588     0.886275
34589     0.882353
34590     0.874510
34591     0.870588
34592     0.890196
34593     0.894118
34594     0.898039
34595     0.905882
34596     0.917647
34597     0.929412
34598     0.937255
34599     0.945098
34600     0.898039
34601     0.874510
34602     0.847059
34603     0.823529
34604     0.796078
34605     0.745098
34606     0.670588
34607     0.615686
34608     0.560784
34609     0.572549
34610     0.568627
34611     0.564706
34612     0.600000
34613     0.682353
34614     0.760784
34615     0.800000
34616     0.811765
34617     0.815686
34618     0.831373
34619     0.847059
34620     0.843137
34621     0.831373
34622     0.839216
34623     0.862745
34624     0.850980
34625     0.862745
34626     0.862745
34627     0.847059
34628     0.831373
34629     0.823529
34630     0.792157
34631     0.760784
34632     0.690196
34633     0.670588
34634     0.639216
34635     0.611765
34636     0.600000
34637     0.592157
34638     0.584314
34639     0.580392
34640     0.545098
34641     0.537255
34642     0.521569
34643     0.513726
34644     0.541176
34645     0.572549
34646     0.576471
34647     0.560784
34648     0.552941
34649     0.533333
34650     0.505882
34651     0.490196
34652     0.482353
34653     0.474510
34654     0.458824
34655     0.443137
34656     0.447059
34657     0.427451
34658     0.419608
34659     0.470588
34660     0.588235
34661     0.713726
34662     0.772549
34663     0.772549
34664     0.835294
34665     0.831373
34666     0.807843
34667     0.772549
34668     0.760784
34669     0.764706
34670     0.760784
34671     0.749020
34672     0.737255
34673     0.780392
34674     0.819608
34675     0.823529
34676     0.819608
34677     0.827451
34678     0.839216
34679     0.843137
34680     0.839216
34681     0.839216
34682     0.831373
34683     0.827451
34684     0.827451
34685     0.827451
34686     0.827451
34687     0.831373
34688     0.858824
34689     0.843137
34690     0.819608
34691     0.807843
34692     0.803922
34693     0.796078
34694     0.780392
34695     0.768627
34696     0.776471
34697     0.772549
34698     0.772549
34699     0.780392
34700     0.792157
34701     0.800000
34702     0.803922
34703     0.803922
34704     0.788235
34705     0.792157
34706     0.803922
34707     0.819608
34708     0.835294
34709     0.847059
34710     0.847059
34711     0.843137
34712     0.839216
34713     0.843137
34714     0.847059
34715     0.854902
34716     0.858824
34717     0.862745
34718     0.866667
34719     0.866667
34720     0.854902
34721     0.850980
34722     0.843137
34723     0.831373
34724     0.819608
34725     0.815686
34726     0.823529
34727     0.835294
34728     0.803922
34729     0.803922
34730     0.800000
34731     0.850980
34732     0.854902
34733     0.854902
34734     0.850980
34735     0.843137
34736     0.839216
34737     0.839216
34738     0.843137
34739     0.870588
34740     0.870588
34741     0.866667
34742     0.870588
34743     0.870588
34744     0.874510
34745     0.878431
34746     0.882353
34747     0.882353
34748     0.886275
34749     0.890196
34750     0.890196
34751     0.890196
34752     0.886275
34753     0.878431
34754     0.878431
34755     0.862745
34756     0.854902
34757     0.850980
34758     0.850980
34759     0.858824
34760     0.866667
34761     0.866667
34762     0.862745
34763     0.862745
34764     0.847059
34765     0.835294
34766     0.847059
34767     0.870588
34768     0.886275
34769     0.890196
34770     0.882353
34771     0.898039
34772     0.898039
34773     0.905882
34774     0.909804
34775     0.917647
34776     0.925490
34777     0.933333
34778     0.937255
34779     0.929412
34780     0.925490
34781     0.921569
34782     0.925490
34783     0.929412
34784     0.925490
34785     0.917647
34786     0.909804
34787     0.898039
34788     0.894118
34789     0.890196
34790     0.886275
34791     0.886275
34792     0.886275
34793     0.886275
34794     0.886275
34795     0.886275
34796     0.890196
34797     0.901961
34798     0.913725
34799     0.917647
34800     0.917647
34801     0.913725
34802     0.909804
34803     0.898039
34804     0.894118
34805     0.894118
34806     0.894118
34807     0.890196
34808     0.890196
34809     0.886275
34810     0.886275
34811     0.870588
34812     0.874510
34813     0.882353
34814     0.886275
34815     0.886275
34816     0.882353
34817     0.874510
34818     0.870588
34819     0.890196
34820     0.894118
34821     0.894118
34822     0.901961
34823     0.909804
34824     0.917647
34825     0.925490
34826     0.929412
34827     0.937255
34828     0.913725
34829     0.878431
34830     0.835294
34831     0.776471
34832     0.694118
34833     0.607843
34834     0.549020
34835     0.533333
34836     0.549020
34837     0.572549
34838     0.584314
34839     0.600000
34840     0.627451
34841     0.670588
34842     0.705882
34843     0.772549
34844     0.776471
34845     0.796078
34846     0.823529
34847     0.823529
34848     0.807843
34849     0.803922
34850     0.815686
34851     0.819608
34852     0.831373
34853     0.831373
34854     0.815686
34855     0.800000
34856     0.788235
34857     0.756863
34858     0.725490
34859     0.662745
34860     0.650980
34861     0.631373
34862     0.615686
34863     0.607843
34864     0.596078
34865     0.580392
34866     0.568627
34867     0.552941
34868     0.549020
34869     0.537255
34870     0.541176
34871     0.568627
34872     0.607843
34873     0.615686
34874     0.603922
34875     0.584314
34876     0.564706
34877     0.533333
34878     0.509804
34879     0.498039
34880     0.482353
34881     0.466667
34882     0.454902
34883     0.443137
34884     0.411765
34885     0.384314
34886     0.411765
34887     0.513726
34888     0.639216
34889     0.721569
34890     0.745098
34891     0.811765
34892     0.823529
34893     0.811765
34894     0.772549
34895     0.741176
34896     0.725490
34897     0.713726
34898     0.701961
34899     0.733333
34900     0.760784
34901     0.780392
34902     0.788235
34903     0.807843
34904     0.835294
34905     0.847059
34906     0.847059
34907     0.847059
34908     0.839216
34909     0.827451
34910     0.819608
34911     0.819608
34912     0.827451
34913     0.835294
34914     0.843137
34915     0.839216
34916     0.823529
34917     0.803922
34918     0.788235
34919     0.776471
34920     0.764706
34921     0.745098
34922     0.729412
34923     0.737255
34924     0.733333
34925     0.737255
34926     0.745098
34927     0.756863
34928     0.768627
34929     0.776471
34930     0.780392
34931     0.772549
34932     0.768627
34933     0.772549
34934     0.784314
34935     0.800000
34936     0.819608
34937     0.831373
34938     0.839216
34939     0.847059
34940     0.850980
34941     0.858824
34942     0.862745
34943     0.862745
34944     0.858824
34945     0.850980
34946     0.847059
34947     0.850980
34948     0.850980
34949     0.843137
34950     0.831373
34951     0.815686
34952     0.807843
34953     0.811765
34954     0.819608
34955     0.800000
34956     0.800000
34957     0.796078
34958     0.850980
34959     0.854902
34960     0.854902
34961     0.850980
34962     0.839216
34963     0.835294
34964     0.835294
34965     0.839216
34966     0.858824
34967     0.862745
34968     0.866667
34969     0.870588
34970     0.874510
34971     0.878431
34972     0.878431
34973     0.878431
34974     0.870588
34975     0.878431
34976     0.886275
34977     0.894118
34978     0.890196
34979     0.882353
34980     0.870588
34981     0.862745
34982     0.850980
34983     0.843137
34984     0.835294
34985     0.839216
34986     0.847059
34987     0.850980
34988     0.850980
34989     0.847059
34990     0.858824
34991     0.843137
34992     0.835294
34993     0.843137
34994     0.862745
34995     0.874510
34996     0.878431
34997     0.874510
34998     0.882353
34999     0.882353
35000     0.878431
35001     0.878431
35002     0.886275
35003     0.901961
35004     0.921569
35005     0.929412
35006     0.917647
35007     0.909804
35008     0.905882
35009     0.905882
35010     0.905882
35011     0.901961
35012     0.894118
35013     0.882353
35014     0.890196
35015     0.890196
35016     0.886275
35017     0.882353
35018     0.882353
35019     0.882353
35020     0.882353
35021     0.886275
35022     0.878431
35023     0.882353
35024     0.894118
35025     0.901961
35026     0.905882
35027     0.909804
35028     0.905882
35029     0.905882
35030     0.882353
35031     0.874510
35032     0.866667
35033     0.862745
35034     0.866667
35035     0.874510
35036     0.890196
35037     0.898039
35038     0.874510
35039     0.878431
35040     0.882353
35041     0.886275
35042     0.886275
35043     0.882353
35044     0.878431
35045     0.874510
35046     0.890196
35047     0.890196
35048     0.894118
35049     0.894118
35050     0.898039
35051     0.905882
35052     0.909804
35053     0.913725
35054     0.917647
35055     0.913725
35056     0.894118
35057     0.858824
35058     0.803922
35059     0.729412
35060     0.662745
35061     0.623529
35062     0.588235
35063     0.576471
35064     0.584314
35065     0.600000
35066     0.584314
35067     0.568627
35068     0.592157
35069     0.635294
35070     0.698039
35071     0.701961
35072     0.729412
35073     0.772549
35074     0.792157
35075     0.784314
35076     0.772549
35077     0.772549
35078     0.772549
35079     0.788235
35080     0.792157
35081     0.772549
35082     0.756863
35083     0.741176
35084     0.709804
35085     0.682353
35086     0.635294
35087     0.627451
35088     0.619608
35089     0.615686
35090     0.607843
35091     0.588235
35092     0.568627
35093     0.549020
35094     0.537255
35095     0.537255
35096     0.537255
35097     0.545098
35098     0.580392
35099     0.623529
35100     0.635294
35101     0.627451
35102     0.619608
35103     0.596078
35104     0.560784
35105     0.529412
35106     0.501961
35107     0.482353
35108     0.462745
35109     0.450980
35110     0.439216
35111     0.415686
35112     0.380392
35113     0.380392
35114     0.443137
35115     0.533333
35116     0.596078
35117     0.619608
35118     0.694118
35119     0.733333
35120     0.768627
35121     0.764706
35122     0.745098
35123     0.721569
35124     0.690196
35125     0.662745
35126     0.701961
35127     0.709804
35128     0.709804
35129     0.721569
35130     0.764706
35131     0.815686
35132     0.843137
35133     0.839216
35134     0.843137
35135     0.827451
35136     0.807843
35137     0.796078
35138     0.792157
35139     0.800000
35140     0.811765
35141     0.823529
35142     0.819608
35143     0.807843
35144     0.796078
35145     0.780392
35146     0.768627
35147     0.752941
35148     0.733333
35149     0.721569
35150     0.705882
35151     0.705882
35152     0.709804
35153     0.713726
35154     0.725490
35155     0.737255
35156     0.752941
35157     0.760784
35158     0.749020
35159     0.745098
35160     0.745098
35161     0.749020
35162     0.764706
35163     0.788235
35164     0.811765
35165     0.827451
35166     0.835294
35167     0.843137
35168     0.854902
35169     0.866667
35170     0.866667
35171     0.858824
35172     0.850980
35173     0.843137
35174     0.843137
35175     0.843137
35176     0.843137
35177     0.835294
35178     0.823529
35179     0.815686
35180     0.815686
35181     0.819608
35182     0.815686
35183     0.811765
35184     0.811765
35185     0.854902
35186     0.858824
35187     0.862745
35188     0.854902
35189     0.847059
35190     0.839216
35191     0.843137
35192     0.847059
35193     0.850980
35194     0.854902
35195     0.866667
35196     0.874510
35197     0.878431
35198     0.878431
35199     0.874510
35200     0.874510
35201     0.866667
35202     0.874510
35203     0.886275
35204     0.894118
35205     0.890196
35206     0.878431
35207     0.862745
35208     0.854902
35209     0.839216
35210     0.831373
35211     0.827451
35212     0.827451
35213     0.835294
35214     0.843137
35215     0.839216
35216     0.839216
35217     0.850980
35218     0.843137
35219     0.835294
35220     0.843137
35221     0.858824
35222     0.874510
35223     0.878431
35224     0.878431
35225     0.886275
35226     0.878431
35227     0.866667
35228     0.858824
35229     0.866667
35230     0.882353
35231     0.901961
35232     0.917647
35233     0.905882
35234     0.901961
35235     0.898039
35236     0.898039
35237     0.901961
35238     0.901961
35239     0.894118
35240     0.886275
35241     0.890196
35242     0.890196
35243     0.886275
35244     0.886275
35245     0.882353
35246     0.886275
35247     0.886275
35248     0.890196
35249     0.882353
35250     0.882353
35251     0.890196
35252     0.894118
35253     0.894118
35254     0.894118
35255     0.890196
35256     0.890196
35257     0.870588
35258     0.866667
35259     0.858824
35260     0.854902
35261     0.858824
35262     0.870588
35263     0.882353
35264     0.890196
35265     0.874510
35266     0.878431
35267     0.882353
35268     0.886275
35269     0.886275
35270     0.882353
35271     0.878431
35272     0.874510
35273     0.886275
35274     0.886275
35275     0.886275
35276     0.890196
35277     0.898039
35278     0.905882
35279     0.913725
35280     0.917647
35281     0.905882
35282     0.913725
35283     0.917647
35284     0.901961
35285     0.862745
35286     0.827451
35287     0.800000
35288     0.792157
35289     0.737255
35290     0.662745
35291     0.607843
35292     0.596078
35293     0.576471
35294     0.545098
35295     0.568627
35296     0.623529
35297     0.607843
35298     0.607843
35299     0.631373
35300     0.678431
35301     0.717647
35302     0.725490
35303     0.721569
35304     0.725490
35305     0.729412
35306     0.749020
35307     0.760784
35308     0.745098
35309     0.725490
35310     0.705882
35311     0.682353
35312     0.654902
35313     0.631373
35314     0.623529
35315     0.611765
35316     0.603922
35317     0.592157
35318     0.572549
35319     0.552941
35320     0.537255
35321     0.529412
35322     0.537255
35323     0.541176
35324     0.552941
35325     0.584314
35326     0.627451
35327     0.643137
35328     0.639216
35329     0.635294
35330     0.615686
35331     0.576471
35332     0.537255
35333     0.501961
35334     0.470588
35335     0.450980
35336     0.439216
35337     0.435294
35338     0.431373
35339     0.415686
35340     0.403922
35341     0.419608
35342     0.447059
35343     0.458824
35344     0.450980
35345     0.529412
35346     0.592157
35347     0.666667
35348     0.721569
35349     0.756863
35350     0.756863
35351     0.721569
35352     0.678431
35353     0.647059
35354     0.650980
35355     0.647059
35356     0.650980
35357     0.686275
35358     0.745098
35359     0.792157
35360     0.807843
35361     0.811765
35362     0.800000
35363     0.784314
35364     0.768627
35365     0.760784
35366     0.760784
35367     0.764706
35368     0.768627
35369     0.788235
35370     0.784314
35371     0.780392
35372     0.772549
35373     0.760784
35374     0.745098
35375     0.729412
35376     0.717647
35377     0.686275
35378     0.690196
35379     0.694118
35380     0.694118
35381     0.694118
35382     0.701961
35383     0.717647
35384     0.725490
35385     0.733333
35386     0.737255
35387     0.737255
35388     0.741176
35389     0.752941
35390     0.768627
35391     0.792157
35392     0.807843
35393     0.815686
35394     0.823529
35395     0.835294
35396     0.850980
35397     0.858824
35398     0.862745
35399     0.866667
35400     0.866667
35401     0.835294
35402     0.843137
35403     0.850980
35404     0.850980
35405     0.843137
35406     0.839216
35407     0.839216
35408     0.843137
35409     0.847059
35410     0.843137
35411     0.839216
35412     0.858824
35413     0.862745
35414     0.866667
35415     0.862745
35416     0.854902
35417     0.850980
35418     0.854902
35419     0.858824
35420     0.854902
35421     0.858824
35422     0.866667
35423     0.874510
35424     0.878431
35425     0.878431
35426     0.874510
35427     0.874510
35428     0.870588
35429     0.878431
35430     0.882353
35431     0.886275
35432     0.882353
35433     0.874510
35434     0.862745
35435     0.854902
35436     0.835294
35437     0.827451
35438     0.823529
35439     0.823529
35440     0.831373
35441     0.839216
35442     0.839216
35443     0.835294
35444     0.843137
35445     0.839216
35446     0.839216
35447     0.847059
35448     0.858824
35449     0.874510
35450     0.886275
35451     0.890196
35452     0.898039
35453     0.886275
35454     0.870588
35455     0.858824
35456     0.858824
35457     0.870588
35458     0.890196
35459     0.901961
35460     0.890196
35461     0.886275
35462     0.886275
35463     0.894118
35464     0.901961
35465     0.905882
35466     0.901961
35467     0.894118
35468     0.894118
35469     0.894118
35470     0.890196
35471     0.890196
35472     0.890196
35473     0.894118
35474     0.894118
35475     0.898039
35476     0.894118
35477     0.890196
35478     0.890196
35479     0.886275
35480     0.882353
35481     0.874510
35482     0.870588
35483     0.866667
35484     0.866667
35485     0.866667
35486     0.866667
35487     0.866667
35488     0.870588
35489     0.870588
35490     0.870588
35491     0.874510
35492     0.878431
35493     0.882353
35494     0.886275
35495     0.890196
35496     0.890196
35497     0.886275
35498     0.882353
35499     0.878431
35500     0.874510
35501     0.878431
35502     0.882353
35503     0.890196
35504     0.901961
35505     0.909804
35506     0.921569
35507     0.925490
35508     0.941176
35509     0.949020
35510     0.949020
35511     0.929412
35512     0.901961
35513     0.878431
35514     0.878431
35515     0.882353
35516     0.858824
35517     0.745098
35518     0.647059
35519     0.615686
35520     0.596078
35521     0.560784
35522     0.564706
35523     0.600000
35524     0.568627
35525     0.552941
35526     0.560784
35527     0.596078
35528     0.631373
35529     0.647059
35530     0.658824
35531     0.670588
35532     0.694118
35533     0.721569
35534     0.741176
35535     0.729412
35536     0.713726
35537     0.698039
35538     0.674510
35539     0.654902
35540     0.650980
35541     0.631373
35542     0.607843
35543     0.584314
35544     0.568627
35545     0.556863
35546     0.541176
35547     0.529412
35548     0.545098
35549     0.556863
35550     0.564706
35551     0.572549
35552     0.600000
35553     0.635294
35554     0.650980
35555     0.647059
35556     0.643137
35557     0.627451
35558     0.596078
35559     0.556863
35560     0.509804
35561     0.474510
35562     0.450980
35563     0.439216
35564     0.419608
35565     0.431373
35566     0.427451
35567     0.415686
35568     0.415686
35569     0.415686
35570     0.403922
35571     0.380392
35572     0.427451
35573     0.462745
35574     0.517647
35575     0.584314
35576     0.658824
35577     0.705882
35578     0.698039
35579     0.666667
35580     0.603922
35581     0.619608
35582     0.619608
35583     0.600000
35584     0.607843
35585     0.650980
35586     0.701961
35587     0.729412
35588     0.752941
35589     0.749020
35590     0.749020
35591     0.745098
35592     0.745098
35593     0.741176
35594     0.741176
35595     0.737255
35596     0.745098
35597     0.749020
35598     0.752941
35599     0.745098
35600     0.729412
35601     0.709804
35602     0.690196
35603     0.682353
35604     0.670588
35605     0.678431
35606     0.682353
35607     0.678431
35608     0.670588
35609     0.670588
35610     0.674510
35611     0.682353
35612     0.717647
35613     0.729412
35614     0.749020
35615     0.756863
35616     0.760784
35617     0.764706
35618     0.772549
35619     0.784314
35620     0.803922
35621     0.811765
35622     0.819608
35623     0.831373
35624     0.847059
35625     0.858824
35626     0.870588
35627     0.878431
35628     0.854902
35629     0.862745
35630     0.870588
35631     0.866667
35632     0.858824
35633     0.854902
35634     0.854902
35635     0.858824
35636     0.866667
35637     0.862745
35638     0.858824
35639     0.854902
35640     0.862745
35641     0.866667
35642     0.866667
35643     0.862745
35644     0.862745
35645     0.866667
35646     0.874510
35647     0.870588
35648     0.870588
35649     0.874510
35650     0.878431
35651     0.878431
35652     0.878431
35653     0.878431
35654     0.874510
35655     0.878431
35656     0.874510
35657     0.870588
35658     0.866667
35659     0.862745
35660     0.858824
35661     0.854902
35662     0.854902
35663     0.839216
35664     0.835294
35665     0.827451
35666     0.831373
35667     0.839216
35668     0.843137
35669     0.843137
35670     0.839216
35671     0.843137
35672     0.843137
35673     0.843137
35674     0.847059
35675     0.854902
35676     0.866667
35677     0.878431
35678     0.886275
35679     0.901961
35680     0.894118
35681     0.882353
35682     0.870588
35683     0.866667
35684     0.874510
35685     0.882353
35686     0.886275
35687     0.878431
35688     0.878431
35689     0.878431
35690     0.886275
35691     0.898039
35692     0.901961
35693     0.898039
35694     0.894118
35695     0.894118
35696     0.894118
35697     0.890196
35698     0.890196
35699     0.894118
35700     0.894118
35701     0.898039
35702     0.901961
35703     0.901961
35704     0.898039
35705     0.890196
35706     0.882353
35707     0.874510
35708     0.866667
35709     0.858824
35710     0.858824
35711     0.866667
35712     0.870588
35713     0.878431
35714     0.878431
35715     0.878431
35716     0.874510
35717     0.866667
35718     0.862745
35719     0.878431
35720     0.882353
35721     0.886275
35722     0.890196
35723     0.890196
35724     0.886275
35725     0.882353
35726     0.878431
35727     0.870588
35728     0.874510
35729     0.878431
35730     0.886275
35731     0.898039
35732     0.909804
35733     0.921569
35734     0.929412
35735     0.941176
35736     0.945098
35737     0.945098
35738     0.929412
35739     0.909804
35740     0.898039
35741     0.901961
35742     0.909804
35743     0.882353
35744     0.796078
35745     0.713726
35746     0.678431
35747     0.647059
35748     0.600000
35749     0.564706
35750     0.552941
35751     0.600000
35752     0.576471
35753     0.564706
35754     0.572549
35755     0.588235
35756     0.596078
35757     0.611765
35758     0.631373
35759     0.662745
35760     0.698039
35761     0.729412
35762     0.725490
35763     0.709804
35764     0.698039
35765     0.682353
35766     0.666667
35767     0.666667
35768     0.639216
35769     0.603922
35770     0.576471
35771     0.556863
35772     0.549020
35773     0.541176
35774     0.533333
35775     0.541176
35776     0.560784
35777     0.568627
35778     0.572549
35779     0.592157
35780     0.619608
35781     0.635294
35782     0.631373
35783     0.647059
35784     0.639216
35785     0.619608
35786     0.584314
35787     0.541176
35788     0.498039
35789     0.470588
35790     0.458824
35791     0.411765
35792     0.415686
35793     0.407843
35794     0.396078
35795     0.407843
35796     0.423529
35797     0.423529
35798     0.407843
35799     0.372549
35800     0.368627
35801     0.364706
35802     0.384314
35803     0.447059
35804     0.517647
35805     0.549020
35806     0.545098
35807     0.556863
35808     0.580392
35809     0.584314
35810     0.556863
35811     0.545098
35812     0.568627
35813     0.603922
35814     0.631373
35815     0.670588
35816     0.678431
35817     0.690196
35818     0.701961
35819     0.709804
35820     0.709804
35821     0.709804
35822     0.709804
35823     0.713726
35824     0.721569
35825     0.729412
35826     0.725490
35827     0.701961
35828     0.678431
35829     0.658824
35830     0.647059
35831     0.670588
35832     0.686275
35833     0.698039
35834     0.694118
35835     0.678431
35836     0.666667
35837     0.662745
35838     0.670588
35839     0.686275
35840     0.709804
35841     0.741176
35842     0.756863
35843     0.756863
35844     0.752941
35845     0.756863
35846     0.760784
35847     0.796078
35848     0.800000
35849     0.811765
35850     0.823529
35851     0.835294
35852     0.850980
35853     0.858824
35854     0.862745
35855     0.878431
35856     0.878431
35857     0.878431
35858     0.874510
35859     0.862745
35860     0.854902
35861     0.854902
35862     0.858824
35863     0.866667
35864     0.866667
35865     0.858824
35866     0.847059
35867     0.854902
35868     0.862745
35869     0.862745
35870     0.862745
35871     0.862745
35872     0.870588
35873     0.878431
35874     0.886275
35875     0.882353
35876     0.882353
35877     0.878431
35878     0.874510
35879     0.878431
35880     0.878431
35881     0.878431
35882     0.882353
35883     0.870588
35884     0.854902
35885     0.839216
35886     0.835294
35887     0.839216
35888     0.847059
35889     0.854902
35890     0.850980
35891     0.843137
35892     0.835294
35893     0.839216
35894     0.847059
35895     0.850980
35896     0.850980
35897     0.847059
35898     0.850980
35899     0.850980
35900     0.850980
35901     0.847059
35902     0.847059
35903     0.850980
35904     0.858824
35905     0.866667
35906     0.886275
35907     0.886275
35908     0.886275
35909     0.882353
35910     0.882353
35911     0.882353
35912     0.882353
35913     0.882353
35914     0.886275
35915     0.882353
35916     0.882353
35917     0.890196
35918     0.898039
35919     0.901961
35920     0.894118
35921     0.890196
35922     0.890196
35923     0.890196
35924     0.886275
35925     0.886275
35926     0.890196
35927     0.894118
35928     0.898039
35929     0.898039
35930     0.901961
35931     0.898039
35932     0.890196
35933     0.878431
35934     0.870588
35935     0.866667
35936     0.862745
35937     0.858824
35938     0.866667
35939     0.870588
35940     0.874510
35941     0.878431
35942     0.878431
35943     0.874510
35944     0.870588
35945     0.866667
35946     0.878431
35947     0.882353
35948     0.890196
35949     0.894118
35950     0.894118
35951     0.890196
35952     0.882353
35953     0.878431
35954     0.870588
35955     0.870588
35956     0.874510
35957     0.882353
35958     0.890196
35959     0.898039
35960     0.909804
35961     0.913725
35962     0.909804
35963     0.913725
35964     0.925490
35965     0.925490
35966     0.921569
35967     0.917647
35968     0.917647
35969     0.917647
35970     0.874510
35971     0.850980
35972     0.807843
35973     0.760784
35974     0.709804
35975     0.647059
35976     0.588235
35977     0.552941
35978     0.603922
35979     0.584314
35980     0.568627
35981     0.560784
35982     0.552941
35983     0.545098
35984     0.564706
35985     0.592157
35986     0.631373
35987     0.674510
35988     0.713726
35989     0.717647
35990     0.705882
35991     0.701961
35992     0.694118
35993     0.682353
35994     0.662745
35995     0.639216
35996     0.603922
35997     0.576471
35998     0.560784
35999     0.552941
36000     0.545098
36001     0.541176
36002     0.533333
36003     0.552941
36004     0.564706
36005     0.568627
36006     0.580392
36007     0.607843
36008     0.623529
36009     0.623529
36010     0.639216
36011     0.643137
36012     0.635294
36013     0.607843
36014     0.564706
36015     0.517647
36016     0.490196
36017     0.478431
36018     0.423529
36019     0.415686
36020     0.400000
36021     0.388235
36022     0.407843
36023     0.431373
36024     0.431373
36025     0.411765
36026     0.333333
36027     0.329412
36028     0.305882
36029     0.286275
36030     0.298039
36031     0.345098
36032     0.392157
36033     0.407843
36034     0.470588
36035     0.494118
36036     0.505882
36037     0.498039
36038     0.501961
36039     0.525490
36040     0.545098
36041     0.552941
36042     0.588235
36043     0.592157
36044     0.600000
36045     0.607843
36046     0.615686
36047     0.623529
36048     0.627451
36049     0.631373
36050     0.650980
36051     0.670588
36052     0.690196
36053     0.690196
36054     0.678431
36055     0.658824
36056     0.643137
36057     0.639216
36058     0.647059
36059     0.666667
36060     0.690196
36061     0.690196
36062     0.674510
36063     0.654902
36064     0.650980
36065     0.650980
36066     0.643137
36067     0.674510
36068     0.713726
36069     0.733333
36070     0.733333
36071     0.733333
36072     0.741176
36073     0.749020
36074     0.756863
36075     0.772549
36076     0.800000
36077     0.827451
36078     0.847059
36079     0.854902
36080     0.854902
36081     0.850980
36082     0.858824
36083     0.862745
36084     0.862745
36085     0.858824
36086     0.850980
36087     0.854902
36088     0.866667
36089     0.874510
36090     0.866667
36091     0.862745
36092     0.858824
36093     0.835294
36094     0.847059
36095     0.854902
36096     0.858824
36097     0.858824
36098     0.862745
36099     0.874510
36100     0.882353
36101     0.898039
36102     0.894118
36103     0.886275
36104     0.878431
36105     0.874510
36106     0.874510
36107     0.878431
36108     0.882353
36109     0.882353
36110     0.862745
36111     0.839216
36112     0.819608
36113     0.811765
36114     0.823529
36115     0.839216
36116     0.854902
36117     0.854902
36118     0.850980
36119     0.843137
36120     0.847059
36121     0.854902
36122     0.858824
36123     0.858824
36124     0.854902
36125     0.858824
36126     0.858824
36127     0.850980
36128     0.843137
36129     0.835294
36130     0.835294
36131     0.843137
36132     0.847059
36133     0.870588
36134     0.878431
36135     0.882353
36136     0.890196
36137     0.890196
36138     0.890196
36139     0.882353
36140     0.878431
36141     0.901961
36142     0.898039
36143     0.894118
36144     0.898039
36145     0.905882
36146     0.905882
36147     0.898039
36148     0.890196
36149     0.882353
36150     0.882353
36151     0.882353
36152     0.882353
36153     0.882353
36154     0.886275
36155     0.894118
36156     0.894118
36157     0.894118
36158     0.890196
36159     0.886275
36160     0.878431
36161     0.870588
36162     0.870588
36163     0.866667
36164     0.866667
36165     0.866667
36166     0.866667
36167     0.866667
36168     0.866667
36169     0.870588
36170     0.874510
36171     0.878431
36172     0.878431
36173     0.878431
36174     0.882353
36175     0.890196
36176     0.894118
36177     0.894118
36178     0.890196
36179     0.882353
36180     0.878431
36181     0.870588
36182     0.870588
36183     0.874510
36184     0.874510
36185     0.882353
36186     0.886275
36187     0.894118
36188     0.898039
36189     0.909804
36190     0.917647
36191     0.933333
36192     0.941176
36193     0.941176
36194     0.929412
36195     0.913725
36196     0.898039
36197     0.886275
36198     0.901961
36199     0.886275
36200     0.819608
36201     0.745098
36202     0.682353
36203     0.631373
36204     0.596078
36205     0.552941
36206     0.541176
36207     0.529412
36208     0.521569
36209     0.501961
36210     0.490196
36211     0.509804
36212     0.541176
36213     0.607843
36214     0.658824
36215     0.701961
36216     0.709804
36217     0.701961
36218     0.701961
36219     0.694118
36220     0.686275
36221     0.650980
36222     0.631373
36223     0.603922
36224     0.584314
36225     0.572549
36226     0.560784
36227     0.552941
36228     0.549020
36229     0.541176
36230     0.564706
36231     0.580392
36232     0.584314
36233     0.596078
36234     0.623529
36235     0.639216
36236     0.639216
36237     0.627451
36238     0.635294
36239     0.635294
36240     0.615686
36241     0.572549
36242     0.525490
36243     0.498039
36244     0.482353
36245     0.439216
36246     0.431373
36247     0.415686
36248     0.407843
36249     0.419608
36250     0.427451
36251     0.400000
36252     0.364706
36253     0.309804
36254     0.337255
36255     0.341176
36256     0.309804
36257     0.286275
36258     0.298039
36259     0.333333
36260     0.352941
36261     0.388235
36262     0.403922
36263     0.423529
36264     0.443137
36265     0.478431
36266     0.513726
36267     0.525490
36268     0.513726
36269     0.533333
36270     0.529412
36271     0.525490
36272     0.521569
36273     0.521569
36274     0.529412
36275     0.537255
36276     0.541176
36277     0.568627
36278     0.596078
36279     0.627451
36280     0.643137
36281     0.643137
36282     0.635294
36283     0.627451
36284     0.627451
36285     0.592157
36286     0.619608
36287     0.650980
36288     0.654902
36289     0.639216
36290     0.619608
36291     0.611765
36292     0.611765
36293     0.607843
36294     0.643137
36295     0.682353
36296     0.701961
36297     0.709804
36298     0.713726
36299     0.729412
36300     0.745098
36301     0.713726
36302     0.741176
36303     0.788235
36304     0.831373
36305     0.858824
36306     0.866667
36307     0.862745
36308     0.854902
36309     0.823529
36310     0.827451
36311     0.831373
36312     0.839216
36313     0.843137
36314     0.858824
36315     0.882353
36316     0.898039
36317     0.870588
36318     0.870588
36319     0.862745
36320     0.835294
36321     0.843137
36322     0.854902
36323     0.858824
36324     0.858824
36325     0.862745
36326     0.870588
36327     0.882353
36328     0.886275
36329     0.894118
36330     0.901961
36331     0.901961
36332     0.890196
36333     0.878431
36334     0.870588
36335     0.870588
36336     0.858824
36337     0.847059
36338     0.827451
36339     0.815686
36340     0.815686
36341     0.831373
36342     0.847059
36343     0.862745
36344     0.850980
36345     0.854902
36346     0.854902
36347     0.854902
36348     0.854902
36349     0.850980
36350     0.847059
36351     0.847059
36352     0.850980
36353     0.850980
36354     0.850980
36355     0.847059
36356     0.843137
36357     0.843137
36358     0.839216
36359     0.839216
36360     0.850980
36361     0.862745
36362     0.874510
36363     0.886275
36364     0.890196
36365     0.886275
36366     0.878431
36367     0.870588
36368     0.874510
36369     0.878431
36370     0.886275
36371     0.890196
36372     0.894118
36373     0.890196
36374     0.886275
36375     0.882353
36376     0.882353
36377     0.882353
36378     0.882353
36379     0.878431
36380     0.878431
36381     0.874510
36382     0.874510
36383     0.870588
36384     0.878431
36385     0.878431
36386     0.882353
36387     0.886275
36388     0.886275
36389     0.890196
36390     0.894118
36391     0.894118
36392     0.866667
36393     0.870588
36394     0.874510
36395     0.878431
36396     0.886275
36397     0.890196
36398     0.894118
36399     0.898039
36400     0.901961
36401     0.901961
36402     0.894118
36403     0.890196
36404     0.882353
36405     0.874510
36406     0.870588
36407     0.866667
36408     0.870588
36409     0.870588
36410     0.870588
36411     0.874510
36412     0.882353
36413     0.890196
36414     0.898039
36415     0.901961
36416     0.894118
36417     0.894118
36418     0.913725
36419     0.941176
36420     0.945098
36421     0.929412
36422     0.913725
36423     0.917647
36424     0.909804
36425     0.909804
36426     0.898039
36427     0.862745
36428     0.803922
36429     0.725490
36430     0.654902
36431     0.611765
36432     0.596078
36433     0.611765
36434     0.623529
36435     0.603922
36436     0.564706
36437     0.533333
36438     0.525490
36439     0.529412
36440     0.572549
36441     0.588235
36442     0.647059
36443     0.682353
36444     0.674510
36445     0.686275
36446     0.682353
36447     0.639216
36448     0.607843
36449     0.600000
36450     0.596078
36451     0.592157
36452     0.584314
36453     0.572549
36454     0.568627
36455     0.576471
36456     0.572549
36457     0.592157
36458     0.588235
36459     0.584314
36460     0.623529
36461     0.678431
36462     0.678431
36463     0.639216
36464     0.658824
36465     0.662745
36466     0.658824
36467     0.639216
36468     0.600000
36469     0.552941
36470     0.501961
36471     0.474510
36472     0.470588
36473     0.443137
36474     0.411765
36475     0.396078
36476     0.400000
36477     0.396078
36478     0.380392
36479     0.364706
36480     0.305882
36481     0.329412
36482     0.349020
36483     0.349020
36484     0.333333
36485     0.321569
36486     0.325490
36487     0.337255
36488     0.325490
36489     0.333333
36490     0.356863
36491     0.392157
36492     0.427451
36493     0.450980
36494     0.458824
36495     0.458824
36496     0.482353
36497     0.474510
36498     0.466667
36499     0.466667
36500     0.462745
36501     0.458824
36502     0.462745
36503     0.470588
36504     0.450980
36505     0.494118
36506     0.545098
36507     0.572549
36508     0.588235
36509     0.596078
36510     0.584314
36511     0.564706
36512     0.560784
36513     0.556863
36514     0.549020
36515     0.537255
36516     0.529412
36517     0.537255
36518     0.556863
36519     0.572549
36520     0.592157
36521     0.607843
36522     0.611765
36523     0.611765
36524     0.635294
36525     0.658824
36526     0.647059
36527     0.615686
36528     0.603922
36529     0.654902
36530     0.737255
36531     0.811765
36532     0.854902
36533     0.858824
36534     0.835294
36535     0.815686
36536     0.796078
36537     0.780392
36538     0.760784
36539     0.764706
36540     0.815686
36541     0.870588
36542     0.866667
36543     0.831373
36544     0.854902
36545     0.850980
36546     0.843137
36547     0.843137
36548     0.850980
36549     0.858824
36550     0.858824
36551     0.858824
36552     0.862745
36553     0.874510
36554     0.882353
36555     0.890196
36556     0.898039
36557     0.901961
36558     0.898039
36559     0.886275
36560     0.874510
36561     0.866667
36562     0.862745
36563     0.858824
36564     0.847059
36565     0.835294
36566     0.823529
36567     0.823529
36568     0.831373
36569     0.847059
36570     0.854902
36571     0.843137
36572     0.843137
36573     0.847059
36574     0.847059
36575     0.847059
36576     0.847059
36577     0.847059
36578     0.847059
36579     0.850980
36580     0.850980
36581     0.850980
36582     0.850980
36583     0.850980
36584     0.847059
36585     0.847059
36586     0.847059
36587     0.858824
36588     0.866667
36589     0.874510
36590     0.882353
36591     0.886275
36592     0.886275
36593     0.882353
36594     0.878431
36595     0.874510
36596     0.878431
36597     0.886275
36598     0.890196
36599     0.894118
36600     0.890196
36601     0.886275
36602     0.882353
36603     0.882353
36604     0.882353
36605     0.882353
36606     0.878431
36607     0.878431
36608     0.878431
36609     0.874510
36610     0.874510
36611     0.878431
36612     0.878431
36613     0.882353
36614     0.886275
36615     0.886275
36616     0.890196
36617     0.894118
36618     0.894118
36619     0.874510
36620     0.874510
36621     0.878431
36622     0.882353
36623     0.890196
36624     0.894118
36625     0.898039
36626     0.898039
36627     0.901961
36628     0.898039
36629     0.894118
36630     0.890196
36631     0.886275
36632     0.882353
36633     0.878431
36634     0.874510
36635     0.874510
36636     0.874510
36637     0.874510
36638     0.878431
36639     0.882353
36640     0.890196
36641     0.894118
36642     0.898039
36643     0.882353
36644     0.882353
36645     0.901961
36646     0.929412
36647     0.941176
36648     0.933333
36649     0.929412
36650     0.937255
36651     0.929412
36652     0.925490
36653     0.917647
36654     0.886275
36655     0.843137
36656     0.780392
36657     0.725490
36658     0.694118
36659     0.678431
36660     0.678431
36661     0.678431
36662     0.682353
36663     0.666667
36664     0.627451
36665     0.572549
36666     0.529412
36667     0.580392
36668     0.564706
36669     0.600000
36670     0.631373
36671     0.623529
36672     0.639216
36673     0.662745
36674     0.650980
36675     0.580392
36676     0.584314
36677     0.592157
36678     0.600000
36679     0.596078
36680     0.588235
36681     0.584314
36682     0.584314
36683     0.564706
36684     0.603922
36685     0.627451
36686     0.635294
36687     0.662745
36688     0.705882
36689     0.705882
36690     0.674510
36691     0.650980
36692     0.658824
36693     0.662745
36694     0.650980
36695     0.615686
36696     0.564706
36697     0.513726
36698     0.482353
36699     0.450980
36700     0.423529
36701     0.396078
36702     0.384314
36703     0.384314
36704     0.380392
36705     0.364706
36706     0.349020
36707     0.309804
36708     0.329412
36709     0.349020
36710     0.349020
36711     0.333333
36712     0.321569
36713     0.325490
36714     0.333333
36715     0.325490
36716     0.329412
36717     0.341176
36718     0.356863
36719     0.368627
36720     0.368627
36721     0.364706
36722     0.360784
36723     0.423529
36724     0.447059
36725     0.450980
36726     0.427451
36727     0.427451
36728     0.454902
36729     0.454902
36730     0.427451
36731     0.427451
36732     0.447059
36733     0.466667
36734     0.486275
36735     0.513726
36736     0.537255
36737     0.529412
36738     0.509804
36739     0.509804
36740     0.505882
36741     0.498039
36742     0.486275
36743     0.474510
36744     0.474510
36745     0.486275
36746     0.494118
36747     0.541176
36748     0.568627
36749     0.584314
36750     0.576471
36751     0.568627
36752     0.564706
36753     0.541176
36754     0.513726
36755     0.509804
36756     0.552941
36757     0.619608
36758     0.686275
36759     0.729412
36760     0.745098
36761     0.737255
36762     0.725490
36763     0.717647
36764     0.721569
36765     0.709804
36766     0.690196
36767     0.701961
36768     0.749020
36769     0.792157
36770     0.807843
36771     0.843137
36772     0.831373
36773     0.819608
36774     0.858824
36775     0.862745
36776     0.862745
36777     0.862745
36778     0.858824
36779     0.862745
36780     0.874510
36781     0.886275
36782     0.894118
36783     0.898039
36784     0.901961
36785     0.894118
36786     0.882353
36787     0.866667
36788     0.858824
36789     0.854902
36790     0.854902
36791     0.850980
36792     0.843137
36793     0.835294
36794     0.835294
36795     0.835294
36796     0.839216
36797     0.843137
36798     0.831373
36799     0.831373
36800     0.835294
36801     0.835294
36802     0.839216
36803     0.843137
36804     0.843137
36805     0.843137
36806     0.850980
36807     0.850980
36808     0.854902
36809     0.854902
36810     0.854902
36811     0.854902
36812     0.854902
36813     0.858824
36814     0.866667
36815     0.866667
36816     0.870588
36817     0.874510
36818     0.874510
36819     0.878431
36820     0.878431
36821     0.882353
36822     0.874510
36823     0.878431
36824     0.886275
36825     0.890196
36826     0.890196
36827     0.890196
36828     0.886275
36829     0.882353
36830     0.886275
36831     0.886275
36832     0.882353
36833     0.882353
36834     0.882353
36835     0.878431
36836     0.878431
36837     0.878431
36838     0.878431
36839     0.878431
36840     0.882353
36841     0.886275
36842     0.886275
36843     0.890196
36844     0.894118
36845     0.894118
36846     0.878431
36847     0.878431
36848     0.882353
36849     0.886275
36850     0.890196
36851     0.894118
36852     0.898039
36853     0.901961
36854     0.894118
36855     0.894118
36856     0.894118
36857     0.894118
36858     0.890196
36859     0.890196
36860     0.890196
36861     0.886275
36862     0.882353
36863     0.882353
36864     0.882353
36865     0.882353
36866     0.882353
36867     0.886275
36868     0.890196
36869     0.894118
36870     0.870588
36871     0.866667
36872     0.882353
36873     0.913725
36874     0.929412
36875     0.929412
36876     0.937255
36877     0.952941
36878     0.937255
36879     0.937255
36880     0.933333
36881     0.917647
36882     0.886275
36883     0.847059
36884     0.811765
36885     0.788235
36886     0.760784
36887     0.745098
36888     0.745098
36889     0.772549
36890     0.800000
36891     0.764706
36892     0.674510
36893     0.592157
36894     0.560784
36895     0.521569
36896     0.545098
36897     0.580392
36898     0.564706
36899     0.572549
36900     0.611765
36901     0.627451
36902     0.572549
36903     0.580392
36904     0.584314
36905     0.580392
36906     0.580392
36907     0.588235
36908     0.600000
36909     0.611765
36910     0.556863
36911     0.603922
36912     0.635294
36913     0.639216
36914     0.654902
36915     0.690196
36916     0.709804
36917     0.698039
36918     0.686275
36919     0.690196
36920     0.686275
36921     0.666667
36922     0.623529
36923     0.560784
36924     0.498039
36925     0.462745
36926     0.419608
36927     0.400000
36928     0.376471
36929     0.364706
36930     0.360784
36931     0.356863
36932     0.345098
36933     0.329412
36934     0.309804
36935     0.325490
36936     0.345098
36937     0.345098
36938     0.333333
36939     0.321569
36940     0.321569
36941     0.325490
36942     0.317647
36943     0.325490
36944     0.333333
36945     0.337255
36946     0.333333
36947     0.333333
36948     0.337255
36949     0.341176
36950     0.360784
36951     0.415686
36952     0.431373
36953     0.403922
36954     0.415686
36955     0.462745
36956     0.458824
36957     0.415686
36958     0.415686
36959     0.431373
36960     0.443137
36961     0.466667
36962     0.501961
36963     0.533333
36964     0.525490
36965     0.498039
36966     0.490196
36967     0.490196
36968     0.482353
36969     0.470588
36970     0.454902
36971     0.447059
36972     0.447059
36973     0.454902
36974     0.478431
36975     0.517647
36976     0.545098
36977     0.533333
36978     0.501961
36979     0.474510
36980     0.447059
36981     0.427451
36982     0.431373
36983     0.454902
36984     0.498039
36985     0.541176
36986     0.576471
36987     0.592157
36988     0.600000
36989     0.600000
36990     0.588235
36991     0.615686
36992     0.623529
36993     0.603922
36994     0.603922
36995     0.658824
36996     0.749020
36997     0.815686
36998     0.815686
36999     0.807843
37000     0.800000
37001     0.866667
37002     0.870588
37003     0.870588
37004     0.862745
37005     0.858824
37006     0.866667
37007     0.878431
37008     0.890196
37009     0.898039
37010     0.901961
37011     0.901961
37012     0.890196
37013     0.870588
37014     0.854902
37015     0.847059
37016     0.847059
37017     0.850980
37018     0.850980
37019     0.850980
37020     0.847059
37021     0.843137
37022     0.843137
37023     0.839216
37024     0.835294
37025     0.819608
37026     0.819608
37027     0.823529
37028     0.827451
37029     0.831373
37030     0.839216
37031     0.843137
37032     0.847059
37033     0.850980
37034     0.854902
37035     0.854902
37036     0.858824
37037     0.858824
37038     0.862745
37039     0.862745
37040     0.866667
37041     0.866667
37042     0.862745
37043     0.862745
37044     0.858824
37045     0.862745
37046     0.866667
37047     0.874510
37048     0.878431
37049     0.874510
37050     0.878431
37051     0.882353
37052     0.890196
37053     0.890196
37054     0.886275
37055     0.882353
37056     0.882353
37057     0.886275
37058     0.886275
37059     0.886275
37060     0.886275
37061     0.886275
37062     0.882353
37063     0.882353
37064     0.882353
37065     0.882353
37066     0.882353
37067     0.882353
37068     0.886275
37069     0.886275
37070     0.890196
37071     0.890196
37072     0.890196
37073     0.878431
37074     0.878431
37075     0.882353
37076     0.882353
37077     0.886275
37078     0.890196
37079     0.894118
37080     0.894118
37081     0.890196
37082     0.890196
37083     0.894118
37084     0.894118
37085     0.894118
37086     0.898039
37087     0.898039
37088     0.898039
37089     0.894118
37090     0.890196
37091     0.886275
37092     0.886275
37093     0.886275
37094     0.886275
37095     0.890196
37096     0.890196
37097     0.866667
37098     0.858824
37099     0.866667
37100     0.890196
37101     0.905882
37102     0.913725
37103     0.929412
37104     0.949020
37105     0.925490
37106     0.933333
37107     0.937255
37108     0.937255
37109     0.921569
37110     0.898039
37111     0.870588
37112     0.850980
37113     0.803922
37114     0.780392
37115     0.780392
37116     0.827451
37117     0.874510
37118     0.866667
37119     0.792157
37120     0.717647
37121     0.568627
37122     0.513726
37123     0.517647
37124     0.545098
37125     0.517647
37126     0.494118
37127     0.513726
37128     0.525490
37129     0.537255
37130     0.545098
37131     0.537255
37132     0.517647
37133     0.509804
37134     0.529412
37135     0.556863
37136     0.572549
37137     0.545098
37138     0.580392
37139     0.603922
37140     0.596078
37141     0.600000
37142     0.635294
37143     0.678431
37144     0.698039
37145     0.713726
37146     0.705882
37147     0.686275
37148     0.643137
37149     0.584314
37150     0.513726
37151     0.447059
37152     0.411765
37153     0.392157
37154     0.376471
37155     0.356863
37156     0.345098
37157     0.341176
37158     0.337255
37159     0.325490
37160     0.317647
37161     0.305882
37162     0.317647
37163     0.329412
37164     0.333333
37165     0.321569
37166     0.313726
37167     0.309804
37168     0.313726
37169     0.321569
37170     0.325490
37171     0.329412
37172     0.321569
37173     0.317647
37174     0.321569
37175     0.333333
37176     0.345098
37177     0.317647
37178     0.352941
37179     0.384314
37180     0.396078
37181     0.411765
37182     0.431373
37183     0.423529
37184     0.400000
37185     0.392157
37186     0.431373
37187     0.466667
37188     0.494118
37189     0.517647
37190     0.529412
37191     0.521569
37192     0.501961
37193     0.501961
37194     0.509804
37195     0.509804
37196     0.501961
37197     0.490196
37198     0.478431
37199     0.474510
37200     0.478431
37201     0.458824
37202     0.482353
37203     0.501961
37204     0.501961
37205     0.482353
37206     0.454902
37207     0.427451
37208     0.411765
37209     0.415686
37210     0.423529
37211     0.435294
37212     0.450980
37213     0.466667
37214     0.482353
37215     0.494118
37216     0.498039
37217     0.494118
37218     0.517647
37219     0.529412
37220     0.529412
37221     0.541176
37222     0.592157
37223     0.666667
37224     0.725490
37225     0.701961
37226     0.721569
37227     0.745098
37228     0.866667
37229     0.870588
37230     0.870588
37231     0.866667
37232     0.862745
37233     0.866667
37234     0.878431
37235     0.886275
37236     0.898039
37237     0.898039
37238     0.898039
37239     0.882353
37240     0.862745
37241     0.850980
37242     0.843137
37243     0.843137
37244     0.847059
37245     0.850980
37246     0.854902
37247     0.854902
37248     0.854902
37249     0.847059
37250     0.843137
37251     0.839216
37252     0.819608
37253     0.819608
37254     0.819608
37255     0.823529
37256     0.827451
37257     0.835294
37258     0.843137
37259     0.850980
37260     0.854902
37261     0.854902
37262     0.854902
37263     0.858824
37264     0.862745
37265     0.862745
37266     0.866667
37267     0.866667
37268     0.862745
37269     0.858824
37270     0.850980
37271     0.850980
37272     0.850980
37273     0.854902
37274     0.862745
37275     0.870588
37276     0.870588
37277     0.874510
37278     0.882353
37279     0.886275
37280     0.890196
37281     0.886275
37282     0.882353
37283     0.878431
37284     0.886275
37285     0.886275
37286     0.886275
37287     0.886275
37288     0.886275
37289     0.890196
37290     0.890196
37291     0.890196
37292     0.882353
37293     0.882353
37294     0.886275
37295     0.886275
37296     0.886275
37297     0.886275
37298     0.890196
37299     0.890196
37300     0.870588
37301     0.874510
37302     0.874510
37303     0.878431
37304     0.878431
37305     0.882353
37306     0.886275
37307     0.886275
37308     0.886275
37309     0.886275
37310     0.890196
37311     0.894118
37312     0.898039
37313     0.898039
37314     0.901961
37315     0.901961
37316     0.898039
37317     0.894118
37318     0.894118
37319     0.890196
37320     0.886275
37321     0.890196
37322     0.890196
37323     0.890196
37324     0.878431
37325     0.862745
37326     0.862745
37327     0.878431
37328     0.890196
37329     0.894118
37330     0.905882
37331     0.929412
37332     0.917647
37333     0.929412
37334     0.945098
37335     0.952941
37336     0.945098
37337     0.925490
37338     0.901961
37339     0.886275
37340     0.831373
37341     0.811765
37342     0.807843
37343     0.839216
37344     0.886275
37345     0.901961
37346     0.878431
37347     0.843137
37348     0.690196
37349     0.603922
37350     0.556863
37351     0.533333
37352     0.470588
37353     0.431373
37354     0.419608
37355     0.400000
37356     0.447059
37357     0.478431
37358     0.498039
37359     0.482353
37360     0.466667
37361     0.470588
37362     0.474510
37363     0.470588
37364     0.486275
37365     0.513726
37366     0.541176
37367     0.545098
37368     0.552941
37369     0.584314
37370     0.615686
37371     0.635294
37372     0.635294
37373     0.619608
37374     0.588235
37375     0.545098
37376     0.490196
37377     0.439216
37378     0.396078
37379     0.372549
37380     0.372549
37381     0.364706
37382     0.352941
37383     0.345098
37384     0.337255
37385     0.329412
37386     0.321569
37387     0.313726
37388     0.305882
37389     0.313726
37390     0.321569
37391     0.325490
37392     0.317647
37393     0.309804
37394     0.301961
37395     0.301961
37396     0.329412
37397     0.325490
37398     0.317647
37399     0.305882
37400     0.301961
37401     0.305882
37402     0.317647
37403     0.329412
37404     0.325490
37405     0.309804
37406     0.337255
37407     0.403922
37408     0.411765
37409     0.364706
37410     0.345098
37411     0.372549
37412     0.407843
37413     0.462745
37414     0.501961
37415     0.501961
37416     0.486275
37417     0.486275
37418     0.498039
37419     0.501961
37420     0.525490
37421     0.537255
37422     0.545098
37423     0.545098
37424     0.541176
37425     0.533333
37426     0.537255
37427     0.537255
37428     0.501961
37429     0.490196
37430     0.486275
37431     0.486275
37432     0.482353
37433     0.466667
37434     0.439216
37435     0.423529
37436     0.423529
37437     0.419608
37438     0.415686
37439     0.415686
37440     0.423529
37441     0.431373
37442     0.443137
37443     0.450980
37444     0.466667
37445     0.450980
37446     0.447059
37447     0.466667
37448     0.498039
37449     0.517647
37450     0.525490
37451     0.525490
37452     0.529412
37453     0.580392
37454     0.639216
37455     0.854902
37456     0.862745
37457     0.870588
37458     0.874510
37459     0.870588
37460     0.870588
37461     0.878431
37462     0.886275
37463     0.894118
37464     0.894118
37465     0.890196
37466     0.874510
37467     0.858824
37468     0.843137
37469     0.839216
37470     0.843137
37471     0.843137
37472     0.847059
37473     0.854902
37474     0.858824
37475     0.858824
37476     0.854902
37477     0.850980
37478     0.847059
37479     0.827451
37480     0.823529
37481     0.823529
37482     0.823529
37483     0.827451
37484     0.839216
37485     0.847059
37486     0.854902
37487     0.854902
37488     0.858824
37489     0.858824
37490     0.858824
37491     0.858824
37492     0.858824
37493     0.862745
37494     0.862745
37495     0.862745
37496     0.858824
37497     0.850980
37498     0.847059
37499     0.850980
37500     0.854902
37501     0.858824
37502     0.862745
37503     0.870588
37504     0.874510
37505     0.878431
37506     0.886275
37507     0.886275
37508     0.886275
37509     0.882353
37510     0.878431
37511     0.886275
37512     0.886275
37513     0.890196
37514     0.890196
37515     0.890196
37516     0.894118
37517     0.894118
37518     0.894118
37519     0.886275
37520     0.886275
37521     0.886275
37522     0.886275
37523     0.886275
37524     0.886275
37525     0.886275
37526     0.886275
37527     0.870588
37528     0.870588
37529     0.870588
37530     0.874510
37531     0.874510
37532     0.878431
37533     0.878431
37534     0.878431
37535     0.882353
37536     0.886275
37537     0.886275
37538     0.890196
37539     0.894118
37540     0.898039
37541     0.898039
37542     0.901961
37543     0.898039
37544     0.898039
37545     0.894118
37546     0.890196
37547     0.890196
37548     0.894118
37549     0.894118
37550     0.898039
37551     0.890196
37552     0.874510
37553     0.870588
37554     0.882353
37555     0.886275
37556     0.882353
37557     0.894118
37558     0.913725
37559     0.913725
37560     0.925490
37561     0.941176
37562     0.949020
37563     0.949020
37564     0.941176
37565     0.925490
37566     0.913725
37567     0.878431
37568     0.862745
37569     0.850980
37570     0.858824
37571     0.882353
37572     0.905882
37573     0.913725
37574     0.913725
37575     0.866667
37576     0.760784
37577     0.666667
37578     0.588235
37579     0.513726
37580     0.478431
37581     0.443137
37582     0.384314
37583     0.403922
37584     0.482353
37585     0.549020
37586     0.560784
37587     0.541176
37588     0.521569
37589     0.482353
37590     0.443137
37591     0.419608
37592     0.435294
37593     0.458824
37594     0.482353
37595     0.501961
37596     0.513726
37597     0.513726
37598     0.509804
37599     0.478431
37600     0.466667
37601     0.447059
37602     0.423529
37603     0.403922
37604     0.384314
37605     0.372549
37606     0.368627
37607     0.372549
37608     0.368627
37609     0.360784
37610     0.352941
37611     0.345098
37612     0.337255
37613     0.329412
37614     0.329412
37615     0.321569
37616     0.325490
37617     0.333333
37618     0.333333
37619     0.329412
37620     0.321569
37621     0.313726
37622     0.305882
37623     0.301961
37624     0.305882
37625     0.313726
37626     0.337255
37627     0.368627
37628     0.396078
37629     0.407843
37630     0.411765
37631     0.419608
37632     0.368627
37633     0.396078
37634     0.478431
37635     0.474510
37636     0.384314
37637     0.356863
37638     0.403922
37639     0.529412
37640     0.580392
37641     0.603922
37642     0.572549
37643     0.525490
37644     0.513726
37645     0.537255
37646     0.560784
37647     0.580392
37648     0.592157
37649     0.603922
37650     0.611765
37651     0.611765
37652     0.615686
37653     0.623529
37654     0.631373
37655     0.592157
37656     0.556863
37657     0.525490
37658     0.517647
37659     0.509804
37660     0.482353
37661     0.454902
37662     0.443137
37663     0.431373
37664     0.427451
37665     0.423529
37666     0.423529
37667     0.427451
37668     0.431373
37669     0.439216
37670     0.443137
37671     0.447059
37672     0.411765
37673     0.400000
37674     0.443137
37675     0.490196
37676     0.498039
37677     0.470588
37678     0.443137
37679     0.435294
37680     0.490196
37681     0.549020
37682     0.839216
37683     0.854902
37684     0.870588
37685     0.874510
37686     0.874510
37687     0.874510
37688     0.874510
37689     0.878431
37690     0.890196
37691     0.890196
37692     0.882353
37693     0.870588
37694     0.854902
37695     0.843137
37696     0.843137
37697     0.843137
37698     0.843137
37699     0.847059
37700     0.850980
37701     0.858824
37702     0.858824
37703     0.858824
37704     0.858824
37705     0.854902
37706     0.839216
37707     0.835294
37708     0.831373
37709     0.827451
37710     0.831373
37711     0.843137
37712     0.850980
37713     0.858824
37714     0.858824
37715     0.858824
37716     0.858824
37717     0.858824
37718     0.854902
37719     0.854902
37720     0.854902
37721     0.854902
37722     0.862745
37723     0.862745
37724     0.858824
37725     0.858824
37726     0.858824
37727     0.858824
37728     0.862745
37729     0.862745
37730     0.866667
37731     0.874510
37732     0.878431
37733     0.886275
37734     0.886275
37735     0.882353
37736     0.878431
37737     0.878431
37738     0.890196
37739     0.890196
37740     0.890196
37741     0.894118
37742     0.894118
37743     0.894118
37744     0.898039
37745     0.898039
37746     0.886275
37747     0.886275
37748     0.886275
37749     0.886275
37750     0.886275
37751     0.886275
37752     0.886275
37753     0.886275
37754     0.874510
37755     0.874510
37756     0.874510
37757     0.878431
37758     0.878431
37759     0.878431
37760     0.882353
37761     0.882353
37762     0.882353
37763     0.882353
37764     0.886275
37765     0.886275
37766     0.890196
37767     0.894118
37768     0.894118
37769     0.894118
37770     0.898039
37771     0.898039
37772     0.894118
37773     0.894118
37774     0.894118
37775     0.898039
37776     0.898039
37777     0.901961
37778     0.905882
37779     0.890196
37780     0.882353
37781     0.890196
37782     0.894118
37783     0.886275
37784     0.894118
37785     0.913725
37786     0.913725
37787     0.913725
37788     0.917647
37789     0.921569
37790     0.929412
37791     0.933333
37792     0.937255
37793     0.937255
37794     0.925490
37795     0.913725
37796     0.898039
37797     0.898039
37798     0.905882
37799     0.917647
37800     0.929412
37801     0.937255
37802     0.956863
37803     0.882353
37804     0.807843
37805     0.741176
37806     0.701961
37807     0.694118
37808     0.635294
37809     0.517647
37810     0.454902
37811     0.556863
37812     0.650980
37813     0.678431
37814     0.666667
37815     0.647059
37816     0.600000
37817     0.549020
37818     0.466667
37819     0.439216
37820     0.415686
37821     0.423529
37822     0.443137
37823     0.447059
37824     0.431373
37825     0.407843
37826     0.376471
37827     0.376471
37828     0.376471
37829     0.372549
37830     0.372549
37831     0.376471
37832     0.376471
37833     0.380392
37834     0.380392
37835     0.380392
37836     0.376471
37837     0.372549
37838     0.360784
37839     0.352941
37840     0.345098
37841     0.345098
37842     0.349020
37843     0.352941
37844     0.356863
37845     0.360784
37846     0.356863
37847     0.349020
37848     0.337255
37849     0.329412
37850     0.294118
37851     0.313726
37852     0.360784
37853     0.435294
37854     0.509804
37855     0.552941
37856     0.556863
37857     0.545098
37858     0.529412
37859     0.498039
37860     0.521569
37861     0.588235
37862     0.588235
37863     0.517647
37864     0.490196
37865     0.521569
37866     0.639216
37867     0.690196
37868     0.721569
37869     0.698039
37870     0.650980
37871     0.627451
37872     0.623529
37873     0.623529
37874     0.639216
37875     0.650980
37876     0.662745
37877     0.670588
37878     0.674510
37879     0.686275
37880     0.698039
37881     0.709804
37882     0.694118
37883     0.658824
37884     0.627451
37885     0.607843
37886     0.572549
37887     0.525490
37888     0.498039
37889     0.498039
37890     0.470588
37891     0.470588
37892     0.474510
37893     0.470588
37894     0.470588
37895     0.466667
37896     0.462745
37897     0.458824
37898     0.439216
37899     0.411765
37900     0.407843
37901     0.450980
37902     0.494118
37903     0.501961
37904     0.490196
37905     0.482353
37906     0.462745
37907     0.482353
37908     0.505882
37909     0.831373
37910     0.847059
37911     0.866667
37912     0.878431
37913     0.878431
37914     0.878431
37915     0.874510
37916     0.874510
37917     0.886275
37918     0.886275
37919     0.878431
37920     0.866667
37921     0.850980
37922     0.843137
37923     0.843137
37924     0.847059
37925     0.839216
37926     0.843137
37927     0.850980
37928     0.854902
37929     0.858824
37930     0.862745
37931     0.862745
37932     0.862745
37933     0.847059
37934     0.843137
37935     0.835294
37936     0.831373
37937     0.835294
37938     0.843137
37939     0.854902
37940     0.862745
37941     0.862745
37942     0.858824
37943     0.858824
37944     0.854902
37945     0.854902
37946     0.850980
37947     0.850980
37948     0.847059
37949     0.866667
37950     0.866667
37951     0.866667
37952     0.866667
37953     0.866667
37954     0.866667
37955     0.866667
37956     0.866667
37957     0.866667
37958     0.870588
37959     0.878431
37960     0.882353
37961     0.886275
37962     0.882353
37963     0.878431
37964     0.874510
37965     0.890196
37966     0.890196
37967     0.890196
37968     0.894118
37969     0.894118
37970     0.898039
37971     0.898039
37972     0.901961
37973     0.886275
37974     0.886275
37975     0.886275
37976     0.886275
37977     0.886275
37978     0.886275
37979     0.886275
37980     0.886275
37981     0.878431
37982     0.878431
37983     0.882353
37984     0.882353
37985     0.882353
37986     0.882353
37987     0.886275
37988     0.886275
37989     0.882353
37990     0.882353
37991     0.882353
37992     0.886275
37993     0.886275
37994     0.890196
37995     0.890196
37996     0.890196
37997     0.898039
37998     0.894118
37999     0.894118
38000     0.894118
38001     0.898039
38002     0.898039
38003     0.901961
38004     0.905882
38005     0.909804
38006     0.894118
38007     0.894118
38008     0.901961
38009     0.901961
38010     0.898039
38011     0.901961
38012     0.917647
38013     0.905882
38014     0.898039
38015     0.890196
38016     0.890196
38017     0.898039
38018     0.917647
38019     0.937255
38020     0.952941
38021     0.949020
38022     0.937255
38023     0.929412
38024     0.929412
38025     0.937255
38026     0.945098
38027     0.945098
38028     0.941176
38029     0.949020
38030     0.925490
38031     0.909804
38032     0.890196
38033     0.898039
38034     0.917647
38035     0.831373
38036     0.674510
38037     0.517647
38038     0.619608
38039     0.705882
38040     0.729412
38041     0.729412
38042     0.729412
38043     0.705882
38044     0.662745
38045     0.596078
38046     0.517647
38047     0.431373
38048     0.403922
38049     0.415686
38050     0.423529
38051     0.411765
38052     0.392157
38053     0.368627
38054     0.372549
38055     0.380392
38056     0.384314
38057     0.388235
38058     0.388235
38059     0.384314
38060     0.384314
38061     0.384314
38062     0.388235
38063     0.388235
38064     0.384314
38065     0.372549
38066     0.360784
38067     0.356863
38068     0.356863
38069     0.376471
38070     0.376471
38071     0.376471
38072     0.380392
38073     0.380392
38074     0.372549
38075     0.360784
38076     0.349020
38077     0.329412
38078     0.356863
38079     0.419608
38080     0.517647
38081     0.607843
38082     0.647059
38083     0.627451
38084     0.596078
38085     0.576471
38086     0.580392
38087     0.611765
38088     0.654902
38089     0.666667
38090     0.639216
38091     0.619608
38092     0.619608
38093     0.639216
38094     0.701961
38095     0.764706
38096     0.776471
38097     0.745098
38098     0.705882
38099     0.658824
38100     0.623529
38101     0.662745
38102     0.670588
38103     0.682353
38104     0.690196
38105     0.694118
38106     0.705882
38107     0.721569
38108     0.737255
38109     0.760784
38110     0.741176
38111     0.721569
38112     0.694118
38113     0.639216
38114     0.572549
38115     0.552941
38116     0.564706
38117     0.529412
38118     0.529412
38119     0.529412
38120     0.525490
38121     0.517647
38122     0.498039
38123     0.482353
38124     0.470588
38125     0.466667
38126     0.447059
38127     0.443137
38128     0.462745
38129     0.474510
38130     0.466667
38131     0.474510
38132     0.498039
38133     0.509804
38134     0.494118
38135     0.482353
38136     0.839216
38137     0.843137
38138     0.847059
38139     0.854902
38140     0.862745
38141     0.866667
38142     0.866667
38143     0.866667
38144     0.878431
38145     0.882353
38146     0.886275
38147     0.886275
38148     0.878431
38149     0.866667
38150     0.854902
38151     0.843137
38152     0.850980
38153     0.847059
38154     0.847059
38155     0.847059
38156     0.854902
38157     0.854902
38158     0.847059
38159     0.839216
38160     0.831373
38161     0.831373
38162     0.831373
38163     0.835294
38164     0.839216
38165     0.843137
38166     0.850980
38167     0.854902
38168     0.858824
38169     0.858824
38170     0.854902
38171     0.854902
38172     0.854902
38173     0.858824
38174     0.862745
38175     0.862745
38176     0.866667
38177     0.866667
38178     0.862745
38179     0.858824
38180     0.858824
38181     0.866667
38182     0.870588
38183     0.874510
38184     0.878431
38185     0.878431
38186     0.874510
38187     0.874510
38188     0.874510
38189     0.870588
38190     0.870588
38191     0.870588
38192     0.878431
38193     0.882353
38194     0.890196
38195     0.898039
38196     0.898039
38197     0.898039
38198     0.894118
38199     0.890196
38200     0.878431
38201     0.878431
38202     0.882353
38203     0.890196
38204     0.898039
38205     0.898039
38206     0.886275
38207     0.878431
38208     0.874510
38209     0.878431
38210     0.882353
38211     0.886275
38212     0.886275
38213     0.886275
38214     0.886275
38215     0.886275
38216     0.878431
38217     0.882353
38218     0.882353
38219     0.882353
38220     0.882353
38221     0.878431
38222     0.874510
38223     0.870588
38224     0.882353
38225     0.882353
38226     0.886275
38227     0.890196
38228     0.894118
38229     0.894118
38230     0.898039
38231     0.898039
38232     0.898039
38233     0.894118
38234     0.890196
38235     0.886275
38236     0.886275
38237     0.886275
38238     0.890196
38239     0.890196
38240     0.886275
38241     0.886275
38242     0.886275
38243     0.890196
38244     0.898039
38245     0.913725
38246     0.929412
38247     0.937255
38248     0.937255
38249     0.937255
38250     0.937255
38251     0.929412
38252     0.925490
38253     0.933333
38254     0.945098
38255     0.956863
38256     0.980392
38257     0.996078
38258     0.996078
38259     0.988235
38260     0.976471
38261     0.949020
38262     0.898039
38263     0.847059
38264     0.764706
38265     0.772549
38266     0.784314
38267     0.796078
38268     0.792157
38269     0.784314
38270     0.768627
38271     0.756863
38272     0.772549
38273     0.674510
38274     0.564706
38275     0.521569
38276     0.525490
38277     0.513726
38278     0.470588
38279     0.427451
38280     0.415686
38281     0.423529
38282     0.427451
38283     0.419608
38284     0.403922
38285     0.396078
38286     0.396078
38287     0.403922
38288     0.388235
38289     0.388235
38290     0.400000
38291     0.400000
38292     0.376471
38293     0.341176
38294     0.329412
38295     0.341176
38296     0.376471
38297     0.380392
38298     0.396078
38299     0.403922
38300     0.400000
38301     0.392157
38302     0.396078
38303     0.407843
38304     0.376471
38305     0.443137
38306     0.549020
38307     0.654902
38308     0.713726
38309     0.709804
38310     0.666667
38311     0.627451
38312     0.611765
38313     0.615686
38314     0.631373
38315     0.650980
38316     0.674510
38317     0.686275
38318     0.686275
38319     0.686275
38320     0.694118
38321     0.729412
38322     0.772549
38323     0.788235
38324     0.768627
38325     0.725490
38326     0.682353
38327     0.658824
38328     0.678431
38329     0.694118
38330     0.725490
38331     0.745098
38332     0.729412
38333     0.709804
38334     0.733333
38335     0.780392
38336     0.772549
38337     0.760784
38338     0.749020
38339     0.737255
38340     0.717647
38341     0.678431
38342     0.627451
38343     0.592157
38344     0.572549
38345     0.580392
38346     0.592157
38347     0.603922
38348     0.600000
38349     0.572549
38350     0.533333
38351     0.501961
38352     0.482353
38353     0.490196
38354     0.498039
38355     0.486275
38356     0.470588
38357     0.454902
38358     0.454902
38359     0.458824
38360     0.478431
38361     0.482353
38362     0.490196
38363     0.839216
38364     0.843137
38365     0.847059
38366     0.854902
38367     0.858824
38368     0.862745
38369     0.862745
38370     0.862745
38371     0.870588
38372     0.874510
38373     0.878431
38374     0.878431
38375     0.870588
38376     0.862745
38377     0.850980
38378     0.847059
38379     0.850980
38380     0.843137
38381     0.839216
38382     0.843137
38383     0.847059
38384     0.847059
38385     0.839216
38386     0.831373
38387     0.827451
38388     0.827451
38389     0.827451
38390     0.831373
38391     0.835294
38392     0.843137
38393     0.847059
38394     0.850980
38395     0.858824
38396     0.858824
38397     0.854902
38398     0.854902
38399     0.854902
38400     0.858824
38401     0.862745
38402     0.866667
38403     0.870588
38404     0.866667
38405     0.866667
38406     0.862745
38407     0.866667
38408     0.874510
38409     0.878431
38410     0.882353
38411     0.886275
38412     0.882353
38413     0.878431
38414     0.874510
38415     0.874510
38416     0.870588
38417     0.870588
38418     0.874510
38419     0.874510
38420     0.878431
38421     0.882353
38422     0.886275
38423     0.890196
38424     0.886275
38425     0.886275
38426     0.882353
38427     0.882353
38428     0.882353
38429     0.882353
38430     0.890196
38431     0.898039
38432     0.898039
38433     0.890196
38434     0.882353
38435     0.870588
38436     0.874510
38437     0.878431
38438     0.882353
38439     0.882353
38440     0.882353
38441     0.882353
38442     0.882353
38443     0.878431
38444     0.878431
38445     0.882353
38446     0.882353
38447     0.878431
38448     0.874510
38449     0.874510
38450     0.870588
38451     0.874510
38452     0.874510
38453     0.878431
38454     0.882353
38455     0.886275
38456     0.886275
38457     0.890196
38458     0.890196
38459     0.894118
38460     0.890196
38461     0.886275
38462     0.882353
38463     0.882353
38464     0.882353
38465     0.882353
38466     0.882353
38467     0.882353
38468     0.882353
38469     0.882353
38470     0.886275
38471     0.894118
38472     0.905882
38473     0.921569
38474     0.929412
38475     0.925490
38476     0.929412
38477     0.929412
38478     0.929412
38479     0.929412
38480     0.937255
38481     0.956863
38482     0.968627
38483     0.980392
38484     0.992157
38485     0.996078
38486     0.988235
38487     0.992157
38488     0.988235
38489     0.956863
38490     0.925490
38491     0.890196
38492     0.894118
38493     0.894118
38494     0.886275
38495     0.870588
38496     0.847059
38497     0.823529
38498     0.807843
38499     0.878431
38500     0.823529
38501     0.756863
38502     0.717647
38503     0.682353
38504     0.623529
38505     0.541176
38506     0.474510
38507     0.423529
38508     0.435294
38509     0.443137
38510     0.427451
38511     0.403922
38512     0.392157
38513     0.403922
38514     0.419608
38515     0.407843
38516     0.403922
38517     0.403922
38518     0.400000
38519     0.372549
38520     0.345098
38521     0.341176
38522     0.360784
38523     0.372549
38524     0.388235
38525     0.407843
38526     0.403922
38527     0.376471
38528     0.356863
38529     0.380392
38530     0.415686
38531     0.482353
38532     0.533333
38533     0.615686
38534     0.698039
38535     0.749020
38536     0.752941
38537     0.721569
38538     0.694118
38539     0.670588
38540     0.670588
38541     0.678431
38542     0.694118
38543     0.717647
38544     0.729412
38545     0.733333
38546     0.733333
38547     0.741176
38548     0.768627
38549     0.800000
38550     0.811765
38551     0.796078
38552     0.760784
38553     0.729412
38554     0.709804
38555     0.705882
38556     0.721569
38557     0.756863
38558     0.780392
38559     0.764706
38560     0.741176
38561     0.745098
38562     0.772549
38563     0.780392
38564     0.772549
38565     0.772549
38566     0.772549
38567     0.768627
38568     0.741176
38569     0.698039
38570     0.666667
38571     0.635294
38572     0.639216
38573     0.643137
38574     0.647059
38575     0.639216
38576     0.615686
38577     0.580392
38578     0.552941
38579     0.517647
38580     0.525490
38581     0.533333
38582     0.525490
38583     0.505882
38584     0.482353
38585     0.470588
38586     0.466667
38587     0.482353
38588     0.490196
38589     0.498039
38590     0.843137
38591     0.843137
38592     0.847059
38593     0.850980
38594     0.854902
38595     0.854902
38596     0.854902
38597     0.850980
38598     0.854902
38599     0.858824
38600     0.862745
38601     0.862745
38602     0.862745
38603     0.858824
38604     0.850980
38605     0.847059
38606     0.843137
38607     0.839216
38608     0.831373
38609     0.831373
38610     0.835294
38611     0.839216
38612     0.831373
38613     0.823529
38614     0.819608
38615     0.819608
38616     0.819608
38617     0.823529
38618     0.831373
38619     0.835294
38620     0.843137
38621     0.847059
38622     0.858824
38623     0.854902
38624     0.854902
38625     0.854902
38626     0.854902
38627     0.858824
38628     0.862745
38629     0.866667
38630     0.874510
38631     0.874510
38632     0.874510
38633     0.874510
38634     0.878431
38635     0.882353
38636     0.890196
38637     0.894118
38638     0.898039
38639     0.890196
38640     0.882353
38641     0.874510
38642     0.870588
38643     0.870588
38644     0.874510
38645     0.878431
38646     0.866667
38647     0.870588
38648     0.874510
38649     0.878431
38650     0.878431
38651     0.878431
38652     0.874510
38653     0.874510
38654     0.886275
38655     0.882353
38656     0.886275
38657     0.894118
38658     0.901961
38659     0.901961
38660     0.894118
38661     0.882353
38662     0.866667
38663     0.870588
38664     0.874510
38665     0.874510
38666     0.878431
38667     0.878431
38668     0.874510
38669     0.874510
38670     0.874510
38671     0.878431
38672     0.878431
38673     0.878431
38674     0.878431
38675     0.874510
38676     0.870588
38677     0.866667
38678     0.866667
38679     0.866667
38680     0.870588
38681     0.870588
38682     0.874510
38683     0.878431
38684     0.882353
38685     0.882353
38686     0.886275
38687     0.886275
38688     0.882353
38689     0.878431
38690     0.874510
38691     0.874510
38692     0.878431
38693     0.878431
38694     0.878431
38695     0.878431
38696     0.878431
38697     0.878431
38698     0.886275
38699     0.898039
38700     0.905882
38701     0.913725
38702     0.913725
38703     0.917647
38704     0.921569
38705     0.921569
38706     0.925490
38707     0.937255
38708     0.956863
38709     0.972549
38710     0.980392
38711     0.988235
38712     0.992157
38713     0.984314
38714     0.996078
38715     0.996078
38716     0.996078
38717     0.984314
38718     0.996078
38719     0.992157
38720     0.988235
38721     0.972549
38722     0.949020
38723     0.921569
38724     0.894118
38725     0.874510
38726     0.890196
38727     0.886275
38728     0.878431
38729     0.858824
38730     0.815686
38731     0.729412
38732     0.615686
38733     0.533333
38734     0.462745
38735     0.470588
38736     0.470588
38737     0.447059
38738     0.415686
38739     0.400000
38740     0.403922
38741     0.419608
38742     0.419608
38743     0.411765
38744     0.407843
38745     0.400000
38746     0.380392
38747     0.356863
38748     0.364706
38749     0.388235
38750     0.407843
38751     0.423529
38752     0.443137
38753     0.435294
38754     0.396078
38755     0.380392
38756     0.431373
38757     0.501961
38758     0.607843
38759     0.639216
38760     0.686275
38761     0.737255
38762     0.776471
38763     0.784314
38764     0.768627
38765     0.752941
38766     0.729412
38767     0.725490
38768     0.729412
38769     0.741176
38770     0.756863
38771     0.772549
38772     0.776471
38773     0.776471
38774     0.780392
38775     0.800000
38776     0.823529
38777     0.831373
38778     0.827451
38779     0.811765
38780     0.800000
38781     0.792157
38782     0.760784
38783     0.772549
38784     0.800000
38785     0.819608
38786     0.811765
38787     0.784314
38788     0.768627
38789     0.768627
38790     0.784314
38791     0.784314
38792     0.792157
38793     0.807843
38794     0.811765
38795     0.792157
38796     0.756863
38797     0.729412
38798     0.686275
38799     0.686275
38800     0.690196
38801     0.690196
38802     0.690196
38803     0.674510
38804     0.654902
38805     0.639216
38806     0.588235
38807     0.596078
38808     0.603922
38809     0.596078
38810     0.572549
38811     0.545098
38812     0.521569
38813     0.509804
38814     0.529412
38815     0.537255
38816     0.545098
38817     0.839216
38818     0.843137
38819     0.847059
38820     0.847059
38821     0.850980
38822     0.847059
38823     0.847059
38824     0.843137
38825     0.839216
38826     0.843137
38827     0.847059
38828     0.850980
38829     0.850980
38830     0.850980
38831     0.847059
38832     0.847059
38833     0.839216
38834     0.831373
38835     0.823529
38836     0.823529
38837     0.827451
38838     0.827451
38839     0.823529
38840     0.815686
38841     0.811765
38842     0.811765
38843     0.815686
38844     0.819608
38845     0.823529
38846     0.831373
38847     0.839216
38848     0.843137
38849     0.854902
38850     0.854902
38851     0.854902
38852     0.854902
38853     0.858824
38854     0.862745
38855     0.866667
38856     0.870588
38857     0.878431
38858     0.878431
38859     0.878431
38860     0.882353
38861     0.886275
38862     0.894118
38863     0.898039
38864     0.898039
38865     0.901961
38866     0.894118
38867     0.886275
38868     0.878431
38869     0.874510
38870     0.874510
38871     0.878431
38872     0.878431
38873     0.870588
38874     0.870588
38875     0.870588
38876     0.874510
38877     0.874510
38878     0.874510
38879     0.870588
38880     0.870588
38881     0.886275
38882     0.886275
38883     0.886275
38884     0.894118
38885     0.901961
38886     0.901961
38887     0.894118
38888     0.886275
38889     0.862745
38890     0.866667
38891     0.866667
38892     0.870588
38893     0.870588
38894     0.870588
38895     0.866667
38896     0.866667
38897     0.874510
38898     0.874510
38899     0.874510
38900     0.874510
38901     0.874510
38902     0.870588
38903     0.866667
38904     0.866667
38905     0.862745
38906     0.866667
38907     0.866667
38908     0.870588
38909     0.874510
38910     0.878431
38911     0.878431
38912     0.878431
38913     0.886275
38914     0.886275
38915     0.882353
38916     0.878431
38917     0.878431
38918     0.878431
38919     0.878431
38920     0.878431
38921     0.874510
38922     0.874510
38923     0.874510
38924     0.874510
38925     0.878431
38926     0.886275
38927     0.894118
38928     0.898039
38929     0.901961
38930     0.905882
38931     0.905882
38932     0.905882
38933     0.909804
38934     0.921569
38935     0.937255
38936     0.952941
38937     0.972549
38938     0.984314
38939     0.988235
38940     0.980392
38941     0.984314
38942     0.996078
38943     0.996078
38944     0.988235
38945     0.996078
38946     0.996078
38947     0.996078
38948     0.996078
38949     0.980392
38950     0.960784
38951     0.941176
38952     0.925490
38953     0.850980
38954     0.862745
38955     0.878431
38956     0.886275
38957     0.870588
38958     0.815686
38959     0.713726
38960     0.627451
38961     0.525490
38962     0.521569
38963     0.509804
38964     0.494118
38965     0.474510
38966     0.450980
38967     0.431373
38968     0.419608
38969     0.407843
38970     0.403922
38971     0.407843
38972     0.411765
38973     0.400000
38974     0.380392
38975     0.392157
38976     0.415686
38977     0.458824
38978     0.454902
38979     0.458824
38980     0.450980
38981     0.431373
38982     0.439216
38983     0.513726
38984     0.600000
38985     0.674510
38986     0.690196
38987     0.721569
38988     0.756863
38989     0.788235
38990     0.800000
38991     0.792157
38992     0.784314
38993     0.776471
38994     0.772549
38995     0.764706
38996     0.772549
38997     0.784314
38998     0.796078
38999     0.803922
39000     0.803922
39001     0.811765
39002     0.819608
39003     0.831373
39004     0.843137
39005     0.850980
39006     0.854902
39007     0.862745
39008     0.866667
39009     0.827451
39010     0.831373
39011     0.839216
39012     0.850980
39013     0.847059
39014     0.823529
39015     0.800000
39016     0.784314
39017     0.792157
39018     0.796078
39019     0.803922
39020     0.819608
39021     0.827451
39022     0.815686
39023     0.784314
39024     0.756863
39025     0.705882
39026     0.705882
39027     0.705882
39028     0.713726
39029     0.721569
39030     0.725490
39031     0.721569
39032     0.713726
39033     0.674510
39034     0.674510
39035     0.674510
39036     0.662745
39037     0.647059
39038     0.627451
39039     0.611765
39040     0.600000
39041     0.619608
39042     0.627451
39043     0.639216
39044     0.835294
39045     0.839216
39046     0.839216
39047     0.843137
39048     0.843137
39049     0.843137
39050     0.839216
39051     0.839216
39052     0.827451
39053     0.831373
39054     0.835294
39055     0.839216
39056     0.843137
39057     0.843137
39058     0.843137
39059     0.843137
39060     0.839216
39061     0.827451
39062     0.819608
39063     0.815686
39064     0.815686
39065     0.819608
39066     0.815686
39067     0.811765
39068     0.807843
39069     0.807843
39070     0.811765
39071     0.815686
39072     0.823529
39073     0.831373
39074     0.839216
39075     0.843137
39076     0.850980
39077     0.850980
39078     0.850980
39079     0.854902
39080     0.858824
39081     0.862745
39082     0.866667
39083     0.870588
39084     0.878431
39085     0.878431
39086     0.882353
39087     0.886275
39088     0.890196
39089     0.894118
39090     0.894118
39091     0.898039
39092     0.898039
39093     0.894118
39094     0.886275
39095     0.878431
39096     0.874510
39097     0.874510
39098     0.878431
39099     0.878431
39100     0.878431
39101     0.878431
39102     0.874510
39103     0.874510
39104     0.874510
39105     0.874510
39106     0.874510
39107     0.874510
39108     0.882353
39109     0.882353
39110     0.886275
39111     0.894118
39112     0.901961
39113     0.901961
39114     0.890196
39115     0.882353
39116     0.862745
39117     0.862745
39118     0.866667
39119     0.866667
39120     0.866667
39121     0.866667
39122     0.862745
39123     0.858824
39124     0.870588
39125     0.870588
39126     0.874510
39127     0.874510
39128     0.870588
39129     0.866667
39130     0.862745
39131     0.862745
39132     0.866667
39133     0.870588
39134     0.870588
39135     0.874510
39136     0.878431
39137     0.882353
39138     0.882353
39139     0.882353
39140     0.890196
39141     0.890196
39142     0.886275
39143     0.882353
39144     0.878431
39145     0.882353
39146     0.882353
39147     0.882353
39148     0.870588
39149     0.870588
39150     0.870588
39151     0.870588
39152     0.874510
39153     0.878431
39154     0.878431
39155     0.882353
39156     0.894118
39157     0.894118
39158     0.894118
39159     0.886275
39160     0.882353
39161     0.890196
39162     0.905882
39163     0.917647
39164     0.941176
39165     0.964706
39166     0.980392
39167     0.980392
39168     0.984314
39169     0.996078
39170     0.992157
39171     0.976471
39172     0.980392
39173     0.984314
39174     0.988235
39175     0.988235
39176     0.984314
39177     0.972549
39178     0.964706
39179     0.956863
39180     0.905882
39181     0.898039
39182     0.886275
39183     0.886275
39184     0.901961
39185     0.886275
39186     0.815686
39187     0.733333
39188     0.592157
39189     0.576471
39190     0.568627
39191     0.572549
39192     0.580392
39193     0.564706
39194     0.517647
39195     0.478431
39196     0.450980
39197     0.454902
39198     0.478431
39199     0.498039
39200     0.490196
39201     0.474510
39202     0.482353
39203     0.501961
39204     0.525490
39205     0.478431
39206     0.450980
39207     0.454902
39208     0.458824
39209     0.478431
39210     0.549020
39211     0.627451
39212     0.698039
39213     0.713726
39214     0.745098
39215     0.784314
39216     0.819608
39217     0.843137
39218     0.847059
39219     0.843137
39220     0.835294
39221     0.827451
39222     0.819608
39223     0.819608
39224     0.827451
39225     0.839216
39226     0.839216
39227     0.839216
39228     0.862745
39229     0.858824
39230     0.858824
39231     0.866667
39232     0.878431
39233     0.890196
39234     0.898039
39235     0.905882
39236     0.890196
39237     0.886275
39238     0.874510
39239     0.866667
39240     0.862745
39241     0.854902
39242     0.839216
39243     0.819608
39244     0.811765
39245     0.811765
39246     0.819608
39247     0.839216
39248     0.850980
39249     0.847059
39250     0.819608
39251     0.800000
39252     0.741176
39253     0.733333
39254     0.729412
39255     0.737255
39256     0.749020
39257     0.760784
39258     0.760784
39259     0.760784
39260     0.741176
39261     0.733333
39262     0.721569
39263     0.709804
39264     0.701961
39265     0.701961
39266     0.701961
39267     0.701961
39268     0.717647
39269     0.729412
39270     0.737255
39271     0.827451
39272     0.831373
39273     0.835294
39274     0.839216
39275     0.839216
39276     0.839216
39277     0.839216
39278     0.839216
39279     0.823529
39280     0.827451
39281     0.827451
39282     0.831373
39283     0.835294
39284     0.839216
39285     0.843137
39286     0.843137
39287     0.839216
39288     0.827451
39289     0.815686
39290     0.807843
39291     0.811765
39292     0.811765
39293     0.811765
39294     0.807843
39295     0.803922
39296     0.803922
39297     0.807843
39298     0.815686
39299     0.823529
39300     0.831373
39301     0.839216
39302     0.843137
39303     0.850980
39304     0.850980
39305     0.850980
39306     0.854902
39307     0.858824
39308     0.862745
39309     0.870588
39310     0.874510
39311     0.878431
39312     0.878431
39313     0.882353
39314     0.886275
39315     0.890196
39316     0.886275
39317     0.886275
39318     0.882353
39319     0.882353
39320     0.882353
39321     0.882353
39322     0.882353
39323     0.882353
39324     0.878431
39325     0.878431
39326     0.874510
39327     0.886275
39328     0.882353
39329     0.878431
39330     0.874510
39331     0.874510
39332     0.874510
39333     0.878431
39334     0.878431
39335     0.878431
39336     0.878431
39337     0.882353
39338     0.890196
39339     0.898039
39340     0.898039
39341     0.886275
39342     0.878431
39343     0.862745
39344     0.866667
39345     0.866667
39346     0.866667
39347     0.866667
39348     0.862745
39349     0.858824
39350     0.858824
39351     0.866667
39352     0.866667
39353     0.870588
39354     0.870588
39355     0.866667
39356     0.866667
39357     0.862745
39358     0.858824
39359     0.870588
39360     0.870588
39361     0.874510
39362     0.878431
39363     0.882353
39364     0.882353
39365     0.886275
39366     0.886275
39367     0.890196
39368     0.890196
39369     0.886275
39370     0.882353
39371     0.882353
39372     0.882353
39373     0.882353
39374     0.882353
39375     0.870588
39376     0.870588
39377     0.870588
39378     0.870588
39379     0.870588
39380     0.870588
39381     0.870588
39382     0.870588
39383     0.882353
39384     0.882353
39385     0.878431
39386     0.866667
39387     0.858824
39388     0.862745
39389     0.874510
39390     0.882353
39391     0.905882
39392     0.941176
39393     0.968627
39394     0.976471
39395     0.984314
39396     0.996078
39397     0.996078
39398     0.984314
39399     0.988235
39400     0.992157
39401     0.996078
39402     0.996078
39403     0.992157
39404     0.988235
39405     0.980392
39406     0.976471
39407     0.988235
39408     0.960784
39409     0.913725
39410     0.882353
39411     0.894118
39412     0.901961
39413     0.847059
39414     0.772549
39415     0.674510
39416     0.662745
39417     0.658824
39418     0.682353
39419     0.705882
39420     0.701961
39421     0.662745
39422     0.623529
39423     0.615686
39424     0.627451
39425     0.658824
39426     0.682353
39427     0.682353
39428     0.670588
39429     0.674510
39430     0.698039
39431     0.666667
39432     0.592157
39433     0.541176
39434     0.549020
39435     0.560784
39436     0.564706
39437     0.603922
39438     0.658824
39439     0.737255
39440     0.752941
39441     0.788235
39442     0.835294
39443     0.878431
39444     0.909804
39445     0.917647
39446     0.917647
39447     0.901961
39448     0.894118
39449     0.886275
39450     0.886275
39451     0.890196
39452     0.890196
39453     0.890196
39454     0.882353
39455     0.921569
39456     0.913725
39457     0.905882
39458     0.901961
39459     0.909804
39460     0.917647
39461     0.921569
39462     0.917647
39463     0.937255
39464     0.933333
39465     0.913725
39466     0.886275
39467     0.878431
39468     0.882353
39469     0.878431
39470     0.862745
39471     0.847059
39472     0.843137
39473     0.847059
39474     0.862745
39475     0.882353
39476     0.886275
39477     0.870588
39478     0.854902
39479     0.800000
39480     0.788235
39481     0.780392
39482     0.776471
39483     0.784314
39484     0.788235
39485     0.788235
39486     0.788235
39487     0.788235
39488     0.772549
39489     0.752941
39490     0.745098
39491     0.752941
39492     0.764706
39493     0.772549
39494     0.776471
39495     0.792157
39496     0.803922
39497     0.811765
39498     0.819608
39499     0.823529
39500     0.827451
39501     0.835294
39502     0.839216
39503     0.839216
39504     0.839216
39505     0.839216
39506     0.827451
39507     0.827451
39508     0.827451
39509     0.827451
39510     0.831373
39511     0.835294
39512     0.839216
39513     0.839216
39514     0.843137
39515     0.827451
39516     0.815686
39517     0.807843
39518     0.807843
39519     0.811765
39520     0.807843
39521     0.807843
39522     0.803922
39523     0.807843
39524     0.807843
39525     0.815686
39526     0.823529
39527     0.831373
39528     0.843137
39529     0.847059
39530     0.850980
39531     0.850980
39532     0.850980
39533     0.854902
39534     0.858824
39535     0.866667
39536     0.870588
39537     0.874510
39538     0.874510
39539     0.878431
39540     0.882353
39541     0.882353
39542     0.882353
39543     0.878431
39544     0.874510
39545     0.870588
39546     0.866667
39547     0.870588
39548     0.878431
39549     0.882353
39550     0.886275
39551     0.882353
39552     0.874510
39553     0.870588
39554     0.886275
39555     0.882353
39556     0.878431
39557     0.874510
39558     0.870588
39559     0.874510
39560     0.874510
39561     0.878431
39562     0.874510
39563     0.874510
39564     0.874510
39565     0.882353
39566     0.890196
39567     0.890196
39568     0.882353
39569     0.874510
39570     0.866667
39571     0.866667
39572     0.870588
39573     0.870588
39574     0.866667
39575     0.862745
39576     0.858824
39577     0.858824
39578     0.862745
39579     0.866667
39580     0.866667
39581     0.866667
39582     0.866667
39583     0.862745
39584     0.858824
39585     0.854902
39586     0.870588
39587     0.870588
39588     0.874510
39589     0.874510
39590     0.878431
39591     0.882353
39592     0.886275
39593     0.886275
39594     0.886275
39595     0.886275
39596     0.882353
39597     0.878431
39598     0.874510
39599     0.874510
39600     0.878431
39601     0.878431
39602     0.874510
39603     0.874510
39604     0.874510
39605     0.874510
39606     0.870588
39607     0.866667
39608     0.862745
39609     0.862745
39610     0.870588
39611     0.870588
39612     0.866667
39613     0.854902
39614     0.847059
39615     0.847059
39616     0.858824
39617     0.870588
39618     0.886275
39619     0.921569
39620     0.949020
39621     0.956863
39622     0.964706
39623     0.980392
39624     0.988235
39625     0.984314
39626     0.996078
39627     0.996078
39628     0.996078
39629     0.996078
39630     0.996078
39631     0.996078
39632     0.992157
39633     0.988235
39634     0.996078
39635     0.988235
39636     0.952941
39637     0.909804
39638     0.909804
39639     0.921569
39640     0.886275
39641     0.827451
39642     0.784314
39643     0.784314
39644     0.788235
39645     0.800000
39646     0.811765
39647     0.807843
39648     0.796078
39649     0.784314
39650     0.811765
39651     0.815686
39652     0.839216
39653     0.858824
39654     0.854902
39655     0.847059
39656     0.858824
39657     0.882353
39658     0.858824
39659     0.784314
39660     0.745098
39661     0.756863
39662     0.760784
39663     0.729412
39664     0.733333
39665     0.768627
39666     0.815686
39667     0.823529
39668     0.847059
39669     0.882353
39670     0.917647
39671     0.941176
39672     0.949020
39673     0.952941
39674     0.937255
39675     0.929412
39676     0.925490
39677     0.925490
39678     0.925490
39679     0.921569
39680     0.913725
39681     0.901961
39682     0.941176
39683     0.933333
39684     0.925490
39685     0.925490
39686     0.937255
39687     0.945098
39688     0.941176
39689     0.937255
39690     0.956863
39691     0.964706
39692     0.949020
39693     0.917647
39694     0.901961
39695     0.909804
39696     0.909804
39697     0.898039
39698     0.882353
39699     0.870588
39700     0.866667
39701     0.870588
39702     0.886275
39703     0.890196
39704     0.878431
39705     0.866667
39706     0.839216
39707     0.827451
39708     0.815686
39709     0.811765
39710     0.815686
39711     0.819608
39712     0.819608
39713     0.815686
39714     0.823529
39715     0.807843
39716     0.796078
39717     0.796078
39718     0.807843
39719     0.819608
39720     0.827451
39721     0.827451
39722     0.843137
39723     0.850980
39724     0.858824
39725     0.811765
39726     0.815686
39727     0.823529
39728     0.831373
39729     0.835294
39730     0.839216
39731     0.843137
39732     0.843137
39733     0.827451
39734     0.827451
39735     0.827451
39736     0.827451
39737     0.827451
39738     0.831373
39739     0.835294
39740     0.839216
39741     0.843137
39742     0.831373
39743     0.815686
39744     0.803922
39745     0.807843
39746     0.807843
39747     0.807843
39748     0.807843
39749     0.803922
39750     0.807843
39751     0.811765
39752     0.815686
39753     0.823529
39754     0.835294
39755     0.843137
39756     0.847059
39757     0.847059
39758     0.847059
39759     0.850980
39760     0.850980
39761     0.858824
39762     0.866667
39763     0.870588
39764     0.874510
39765     0.874510
39766     0.878431
39767     0.882353
39768     0.882353
39769     0.878431
39770     0.870588
39771     0.862745
39772     0.858824
39773     0.854902
39774     0.862745
39775     0.874510
39776     0.886275
39777     0.890196
39778     0.882353
39779     0.874510
39780     0.870588
39781     0.886275
39782     0.882353
39783     0.874510
39784     0.870588
39785     0.866667
39786     0.870588
39787     0.874510
39788     0.874510
39789     0.870588
39790     0.870588
39791     0.874510
39792     0.878431
39793     0.886275
39794     0.886275
39795     0.878431
39796     0.870588
39797     0.870588
39798     0.870588
39799     0.870588
39800     0.870588
39801     0.870588
39802     0.866667
39803     0.862745
39804     0.858824
39805     0.862745
39806     0.862745
39807     0.866667
39808     0.866667
39809     0.866667
39810     0.862745
39811     0.858824
39812     0.854902
39813     0.866667
39814     0.866667
39815     0.870588
39816     0.874510
39817     0.874510
39818     0.878431
39819     0.882353
39820     0.882353
39821     0.882353
39822     0.878431
39823     0.874510
39824     0.870588
39825     0.870588
39826     0.870588
39827     0.870588
39828     0.874510
39829     0.874510
39830     0.878431
39831     0.878431
39832     0.874510
39833     0.870588
39834     0.866667
39835     0.862745
39836     0.858824
39837     0.862745
39838     0.862745
39839     0.858824
39840     0.850980
39841     0.843137
39842     0.847059
39843     0.858824
39844     0.866667
39845     0.886275
39846     0.913725
39847     0.937255
39848     0.937255
39849     0.937255
39850     0.956863
39851     0.968627
39852     0.968627
39853     0.992157
39854     0.996078
39855     0.996078
39856     0.996078
39857     0.996078
39858     0.996078
39859     0.996078
39860     0.996078
39861     0.976471
39862     0.996078
39863     0.996078
39864     0.972549
39865     0.972549
39866     0.988235
39867     0.968627
39868     0.925490
39869     0.870588
39870     0.882353
39871     0.890196
39872     0.882353
39873     0.862745
39874     0.858824
39875     0.870588
39876     0.882353
39877     0.905882
39878     0.905882
39879     0.913725
39880     0.925490
39881     0.921569
39882     0.917647
39883     0.933333
39884     0.964706
39885     0.984314
39886     0.929412
39887     0.905882
39888     0.929412
39889     0.917647
39890     0.862745
39891     0.847059
39892     0.874510
39893     0.882353
39894     0.882353
39895     0.886275
39896     0.901961
39897     0.917647
39898     0.933333
39899     0.937255
39900     0.937255
39901     0.937255
39902     0.933333
39903     0.929412
39904     0.933333
39905     0.929412
39906     0.925490
39907     0.909804
39908     0.898039
39909     0.921569
39910     0.917647
39911     0.917647
39912     0.929412
39913     0.949020
39914     0.960784
39915     0.960784
39916     0.952941
39917     0.964706
39918     0.980392
39919     0.972549
39920     0.941176
39921     0.921569
39922     0.929412
39923     0.929412
39924     0.917647
39925     0.901961
39926     0.886275
39927     0.870588
39928     0.862745
39929     0.866667
39930     0.862745
39931     0.850980
39932     0.835294
39933     0.843137
39934     0.835294
39935     0.827451
39936     0.827451
39937     0.835294
39938     0.843137
39939     0.843137
39940     0.843137
39941     0.850980
39942     0.839216
39943     0.831373
39944     0.839216
39945     0.854902
39946     0.862745
39947     0.862745
39948     0.858824
39949     0.870588
39950     0.874510
39951     0.882353
39952     0.815686
39953     0.807843
39954     0.803922
39955     0.811765
39956     0.819608
39957     0.831373
39958     0.831373
39959     0.831373
39960     0.831373
39961     0.827451
39962     0.823529
39963     0.819608
39964     0.815686
39965     0.819608
39966     0.823529
39967     0.827451
39968     0.850980
39969     0.839216
39970     0.823529
39971     0.807843
39972     0.803922
39973     0.807843
39974     0.819608
39975     0.823529
39976     0.807843
39977     0.815686
39978     0.823529
39979     0.835294
39980     0.839216
39981     0.843137
39982     0.843137
39983     0.843137
39984     0.839216
39985     0.835294
39986     0.835294
39987     0.847059
39988     0.866667
39989     0.874510
39990     0.870588
39991     0.862745
39992     0.874510
39993     0.874510
39994     0.870588
39995     0.870588
39996     0.862745
39997     0.854902
39998     0.850980
39999     0.847059
40000     0.854902
40001     0.850980
40002     0.854902
40003     0.870588
40004     0.886275
40005     0.890196
40006     0.878431
40007     0.862745
40008     0.890196
40009     0.894118
40010     0.890196
40011     0.882353
40012     0.870588
40013     0.862745
40014     0.866667
40015     0.870588
40016     0.874510
40017     0.874510
40018     0.874510
40019     0.874510
40020     0.874510
40021     0.874510
40022     0.874510
40023     0.874510
40024     0.874510
40025     0.874510
40026     0.874510
40027     0.874510
40028     0.870588
40029     0.866667
40030     0.862745
40031     0.858824
40032     0.862745
40033     0.858824
40034     0.850980
40035     0.847059
40036     0.850980
40037     0.858824
40038     0.866667
40039     0.870588
40040     0.874510
40041     0.878431
40042     0.878431
40043     0.878431
40044     0.878431
40045     0.878431
40046     0.882353
40047     0.882353
40048     0.890196
40049     0.878431
40050     0.866667
40051     0.854902
40052     0.854902
40053     0.862745
40054     0.874510
40055     0.882353
40056     0.870588
40057     0.866667
40058     0.866667
40059     0.870588
40060     0.878431
40061     0.878431
40062     0.870588
40063     0.862745
40064     0.854902
40065     0.854902
40066     0.854902
40067     0.858824
40068     0.858824
40069     0.858824
40070     0.862745
40071     0.862745
40072     0.874510
40073     0.886275
40074     0.894118
40075     0.890196
40076     0.886275
40077     0.898039
40078     0.925490
40079     0.952941
40080     0.960784
40081     0.968627
40082     0.976471
40083     0.984314
40084     0.992157
40085     0.996078
40086     0.996078
40087     0.996078
40088     0.984314
40089     0.980392
40090     0.980392
40091     0.976471
40092     0.980392
40093     0.980392
40094     0.984314
40095     0.988235
40096     0.960784
40097     0.952941
40098     0.941176
40099     0.929412
40100     0.921569
40101     0.917647
40102     0.917647
40103     0.917647
40104     0.933333
40105     0.929412
40106     0.921569
40107     0.921569
40108     0.925490
40109     0.933333
40110     0.945098
40111     0.952941
40112     0.949020
40113     0.952941
40114     0.956863
40115     0.952941
40116     0.937255
40117     0.917647
40118     0.894118
40119     0.878431
40120     0.894118
40121     0.894118
40122     0.898039
40123     0.909804
40124     0.921569
40125     0.929412
40126     0.929412
40127     0.925490
40128     0.917647
40129     0.921569
40130     0.921569
40131     0.921569
40132     0.921569
40133     0.913725
40134     0.905882
40135     0.901961
40136     0.917647
40137     0.925490
40138     0.937255
40139     0.949020
40140     0.960784
40141     0.968627
40142     0.968627
40143     0.968627
40144     0.968627
40145     0.968627
40146     0.968627
40147     0.964706
40148     0.956863
40149     0.941176
40150     0.925490
40151     0.917647
40152     0.913725
40153     0.905882
40154     0.890196
40155     0.878431
40156     0.866667
40157     0.866667
40158     0.866667
40159     0.870588
40160     0.866667
40161     0.862745
40162     0.858824
40163     0.850980
40164     0.850980
40165     0.862745
40166     0.882353
40167     0.898039
40168     0.890196
40169     0.890196
40170     0.890196
40171     0.890196
40172     0.890196
40173     0.890196
40174     0.890196
40175     0.890196
40176     0.882353
40177     0.882353
40178     0.882353
40179     0.815686
40180     0.811765
40181     0.807843
40182     0.815686
40183     0.827451
40184     0.835294
40185     0.835294
40186     0.831373
40187     0.835294
40188     0.831373
40189     0.827451
40190     0.819608
40191     0.819608
40192     0.823529
40193     0.827451
40194     0.831373
40195     0.843137
40196     0.835294
40197     0.827451
40198     0.815686
40199     0.815686
40200     0.815686
40201     0.823529
40202     0.827451
40203     0.815686
40204     0.819608
40205     0.831373
40206     0.839216
40207     0.847059
40208     0.847059
40209     0.847059
40210     0.847059
40211     0.847059
40212     0.843137
40213     0.843137
40214     0.854902
40215     0.870588
40216     0.878431
40217     0.874510
40218     0.866667
40219     0.874510
40220     0.874510
40221     0.870588
40222     0.866667
40223     0.862745
40224     0.854902
40225     0.847059
40226     0.843137
40227     0.839216
40228     0.843137
40229     0.850980
40230     0.862745
40231     0.874510
40232     0.882353
40233     0.878431
40234     0.874510
40235     0.894118
40236     0.894118
40237     0.890196
40238     0.878431
40239     0.866667
40240     0.862745
40241     0.870588
40242     0.874510
40243     0.878431
40244     0.878431
40245     0.878431
40246     0.878431
40247     0.878431
40248     0.878431
40249     0.878431
40250     0.878431
40251     0.878431
40252     0.878431
40253     0.878431
40254     0.878431
40255     0.874510
40256     0.870588
40257     0.866667
40258     0.862745
40259     0.862745
40260     0.858824
40261     0.850980
40262     0.847059
40263     0.850980
40264     0.858824
40265     0.866667
40266     0.870588
40267     0.874510
40268     0.874510
40269     0.874510
40270     0.874510
40271     0.878431
40272     0.878431
40273     0.878431
40274     0.878431
40275     0.882353
40276     0.874510
40277     0.866667
40278     0.858824
40279     0.854902
40280     0.862745
40281     0.870588
40282     0.874510
40283     0.870588
40284     0.866667
40285     0.866667
40286     0.870588
40287     0.878431
40288     0.878431
40289     0.870588
40290     0.862745
40291     0.854902
40292     0.854902
40293     0.858824
40294     0.858824
40295     0.862745
40296     0.862745
40297     0.862745
40298     0.862745
40299     0.854902
40300     0.862745
40301     0.870588
40302     0.862745
40303     0.854902
40304     0.862745
40305     0.886275
40306     0.909804
40307     0.933333
40308     0.937255
40309     0.949020
40310     0.956863
40311     0.964706
40312     0.972549
40313     0.976471
40314     0.976471
40315     0.976471
40316     0.976471
40317     0.976471
40318     0.980392
40319     0.980392
40320     0.980392
40321     0.980392
40322     0.980392
40323     0.960784
40324     0.956863
40325     0.945098
40326     0.937255
40327     0.929412
40328     0.929412
40329     0.929412
40330     0.929412
40331     0.941176
40332     0.937255
40333     0.937255
40334     0.933333
40335     0.937255
40336     0.945098
40337     0.952941
40338     0.960784
40339     0.949020
40340     0.952941
40341     0.956863
40342     0.952941
40343     0.941176
40344     0.921569
40345     0.901961
40346     0.890196
40347     0.890196
40348     0.886275
40349     0.886275
40350     0.894118
40351     0.905882
40352     0.909804
40353     0.905882
40354     0.901961
40355     0.909804
40356     0.913725
40357     0.913725
40358     0.913725
40359     0.909804
40360     0.905882
40361     0.898039
40362     0.894118
40363     0.913725
40364     0.921569
40365     0.933333
40366     0.945098
40367     0.952941
40368     0.956863
40369     0.960784
40370     0.960784
40371     0.964706
40372     0.968627
40373     0.968627
40374     0.964706
40375     0.956863
40376     0.941176
40377     0.929412
40378     0.921569
40379     0.925490
40380     0.917647
40381     0.905882
40382     0.894118
40383     0.890196
40384     0.886275
40385     0.890196
40386     0.894118
40387     0.894118
40388     0.886275
40389     0.874510
40390     0.870588
40391     0.874510
40392     0.886275
40393     0.898039
40394     0.905882
40395     0.898039
40396     0.898039
40397     0.898039
40398     0.898039
40399     0.898039
40400     0.898039
40401     0.898039
40402     0.898039
40403     0.901961
40404     0.901961
40405     0.901961
40406     0.819608
40407     0.815686
40408     0.815686
40409     0.823529
40410     0.835294
40411     0.839216
40412     0.839216
40413     0.835294
40414     0.839216
40415     0.835294
40416     0.827451
40417     0.823529
40418     0.819608
40419     0.823529
40420     0.827451
40421     0.827451
40422     0.831373
40423     0.831373
40424     0.831373
40425     0.831373
40426     0.831373
40427     0.831373
40428     0.831373
40429     0.831373
40430     0.823529
40431     0.827451
40432     0.835294
40433     0.843137
40434     0.847059
40435     0.850980
40436     0.854902
40437     0.854902
40438     0.854902
40439     0.854902
40440     0.858824
40441     0.866667
40442     0.878431
40443     0.886275
40444     0.882353
40445     0.878431
40446     0.874510
40447     0.874510
40448     0.870588
40449     0.866667
40450     0.858824
40451     0.850980
40452     0.843137
40453     0.839216
40454     0.827451
40455     0.835294
40456     0.847059
40457     0.854902
40458     0.858824
40459     0.862745
40460     0.874510
40461     0.882353
40462     0.898039
40463     0.894118
40464     0.890196
40465     0.878431
40466     0.866667
40467     0.866667
40468     0.874510
40469     0.886275
40470     0.878431
40471     0.878431
40472     0.878431
40473     0.878431
40474     0.878431
40475     0.878431
40476     0.878431
40477     0.878431
40478     0.882353
40479     0.882353
40480     0.882353
40481     0.882353
40482     0.878431
40483     0.874510
40484     0.870588
40485     0.866667
40486     0.858824
40487     0.858824
40488     0.850980
40489     0.850980
40490     0.850980
40491     0.858824
40492     0.862745
40493     0.870588
40494     0.870588
40495     0.870588
40496     0.870588
40497     0.874510
40498     0.874510
40499     0.878431
40500     0.878431
40501     0.878431
40502     0.878431
40503     0.874510
40504     0.870588
40505     0.866667
40506     0.862745
40507     0.866667
40508     0.866667
40509     0.870588
40510     0.870588
40511     0.866667
40512     0.866667
40513     0.870588
40514     0.878431
40515     0.878431
40516     0.870588
40517     0.862745
40518     0.858824
40519     0.858824
40520     0.862745
40521     0.862745
40522     0.862745
40523     0.866667
40524     0.866667
40525     0.866667
40526     0.847059
40527     0.850980
40528     0.850980
40529     0.839216
40530     0.827451
40531     0.827451
40532     0.847059
40533     0.862745
40534     0.890196
40535     0.898039
40536     0.905882
40537     0.917647
40538     0.929412
40539     0.937255
40540     0.941176
40541     0.945098
40542     0.956863
40543     0.960784
40544     0.968627
40545     0.972549
40546     0.976471
40547     0.972549
40548     0.968627
40549     0.968627
40550     0.960784
40551     0.956863
40552     0.949020
40553     0.941176
40554     0.937255
40555     0.937255
40556     0.941176
40557     0.941176
40558     0.941176
40559     0.941176
40560     0.941176
40561     0.941176
40562     0.941176
40563     0.949020
40564     0.952941
40565     0.956863
40566     0.949020
40567     0.949020
40568     0.949020
40569     0.949020
40570     0.937255
40571     0.921569
40572     0.905882
40573     0.894118
40574     0.878431
40575     0.874510
40576     0.874510
40577     0.878431
40578     0.886275
40579     0.890196
40580     0.882353
40581     0.874510
40582     0.898039
40583     0.901961
40584     0.901961
40585     0.901961
40586     0.898039
40587     0.890196
40588     0.886275
40589     0.882353
40590     0.901961
40591     0.909804
40592     0.925490
40593     0.937255
40594     0.945098
40595     0.952941
40596     0.952941
40597     0.952941
40598     0.968627
40599     0.968627
40600     0.968627
40601     0.964706
40602     0.960784
40603     0.949020
40604     0.937255
40605     0.929412
40606     0.945098
40607     0.937255
40608     0.933333
40609     0.925490
40610     0.921569
40611     0.921569
40612     0.925490
40613     0.929412
40614     0.933333
40615     0.913725
40616     0.898039
40617     0.894118
40618     0.905882
40619     0.917647
40620     0.921569
40621     0.917647
40622     0.909804
40623     0.909804
40624     0.909804
40625     0.909804
40626     0.909804
40627     0.909804
40628     0.909804
40629     0.909804
40630     0.901961
40631     0.901961
40632     0.901961
40633     0.823529
40634     0.823529
40635     0.823529
40636     0.831373
40637     0.843137
40638     0.847059
40639     0.843137
40640     0.839216
40641     0.835294
40642     0.827451
40643     0.823529
40644     0.815686
40645     0.811765
40646     0.815686
40647     0.815686
40648     0.819608
40649     0.819608
40650     0.823529
40651     0.835294
40652     0.839216
40653     0.843137
40654     0.843137
40655     0.839216
40656     0.835294
40657     0.823529
40658     0.827451
40659     0.831373
40660     0.839216
40661     0.847059
40662     0.850980
40663     0.854902
40664     0.854902
40665     0.866667
40666     0.866667
40667     0.870588
40668     0.878431
40669     0.882353
40670     0.886275
40671     0.886275
40672     0.882353
40673     0.874510
40674     0.874510
40675     0.870588
40676     0.866667
40677     0.858824
40678     0.850980
40679     0.843137
40680     0.839216
40681     0.831373
40682     0.843137
40683     0.850980
40684     0.850980
40685     0.843137
40686     0.843137
40687     0.858824
40688     0.874510
40689     0.894118
40690     0.890196
40691     0.886275
40692     0.874510
40693     0.866667
40694     0.866667
40695     0.878431
40696     0.890196
40697     0.882353
40698     0.882353
40699     0.882353
40700     0.882353
40701     0.882353
40702     0.882353
40703     0.882353
40704     0.882353
40705     0.886275
40706     0.886275
40707     0.886275
40708     0.886275
40709     0.882353
40710     0.878431
40711     0.874510
40712     0.870588
40713     0.858824
40714     0.858824
40715     0.854902
40716     0.854902
40717     0.854902
40718     0.858824
40719     0.866667
40720     0.866667
40721     0.866667
40722     0.866667
40723     0.870588
40724     0.870588
40725     0.874510
40726     0.878431
40727     0.878431
40728     0.878431
40729     0.878431
40730     0.878431
40731     0.878431
40732     0.878431
40733     0.878431
40734     0.874510
40735     0.870588
40736     0.870588
40737     0.870588
40738     0.866667
40739     0.866667
40740     0.870588
40741     0.878431
40742     0.878431
40743     0.870588
40744     0.862745
40745     0.862745
40746     0.862745
40747     0.866667
40748     0.866667
40749     0.870588
40750     0.870588
40751     0.870588
40752     0.870588
40753     0.858824
40754     0.858824
40755     0.854902
40756     0.843137
40757     0.827451
40758     0.823529
40759     0.831373
40760     0.839216
40761     0.858824
40762     0.862745
40763     0.874510
40764     0.886275
40765     0.898039
40766     0.905882
40767     0.909804
40768     0.913725
40769     0.929412
40770     0.937255
40771     0.945098
40772     0.956863
40773     0.956863
40774     0.952941
40775     0.949020
40776     0.945098
40777     0.945098
40778     0.941176
40779     0.937255
40780     0.929412
40781     0.929412
40782     0.933333
40783     0.937255
40784     0.941176
40785     0.929412
40786     0.929412
40787     0.933333
40788     0.933333
40789     0.937255
40790     0.937255
40791     0.937255
40792     0.937255
40793     0.945098
40794     0.941176
40795     0.937255
40796     0.929412
40797     0.917647
40798     0.901961
40799     0.890196
40800     0.882353
40801     0.862745
40802     0.858824
40803     0.858824
40804     0.866667
40805     0.874510
40806     0.878431
40807     0.874510
40808     0.866667
40809     0.886275
40810     0.886275
40811     0.886275
40812     0.882353
40813     0.878431
40814     0.874510
40815     0.874510
40816     0.870588
40817     0.886275
40818     0.894118
40819     0.909804
40820     0.929412
40821     0.941176
40822     0.952941
40823     0.956863
40824     0.956863
40825     0.968627
40826     0.972549
40827     0.972549
40828     0.968627
40829     0.964706
40830     0.956863
40831     0.952941
40832     0.949020
40833     0.960784
40834     0.956863
40835     0.952941
40836     0.952941
40837     0.952941
40838     0.952941
40839     0.956863
40840     0.960784
40841     0.964706
40842     0.937255
40843     0.917647
40844     0.913725
40845     0.929412
40846     0.941176
40847     0.937255
40848     0.925490
40849     0.917647
40850     0.917647
40851     0.917647
40852     0.917647
40853     0.917647
40854     0.917647
40855     0.917647
40856     0.917647
40857     0.905882
40858     0.905882
40859     0.905882
40860     0.823529
40861     0.823529
40862     0.827451
40863     0.835294
40864     0.847059
40865     0.850980
40866     0.847059
40867     0.839216
40868     0.827451
40869     0.819608
40870     0.811765
40871     0.807843
40872     0.803922
40873     0.803922
40874     0.803922
40875     0.807843
40876     0.811765
40877     0.819608
40878     0.835294
40879     0.847059
40880     0.850980
40881     0.847059
40882     0.843137
40883     0.835294
40884     0.823529
40885     0.823529
40886     0.827451
40887     0.831373
40888     0.839216
40889     0.847059
40890     0.850980
40891     0.854902
40892     0.870588
40893     0.874510
40894     0.882353
40895     0.882353
40896     0.886275
40897     0.882353
40898     0.886275
40899     0.886275
40900     0.874510
40901     0.874510
40902     0.870588
40903     0.870588
40904     0.862745
40905     0.858824
40906     0.850980
40907     0.847059
40908     0.847059
40909     0.858824
40910     0.862745
40911     0.854902
40912     0.839216
40913     0.835294
40914     0.847059
40915     0.858824
40916     0.882353
40917     0.882353
40918     0.878431
40919     0.870588
40920     0.866667
40921     0.866667
40922     0.878431
40923     0.890196
40924     0.882353
40925     0.882353
40926     0.882353
40927     0.882353
40928     0.882353
40929     0.882353
40930     0.882353
40931     0.882353
40932     0.890196
40933     0.890196
40934     0.890196
40935     0.890196
40936     0.886275
40937     0.882353
40938     0.874510
40939     0.870588
40940     0.862745
40941     0.862745
40942     0.862745
40943     0.862745
40944     0.862745
40945     0.866667
40946     0.870588
40947     0.870588
40948     0.866667
40949     0.866667
40950     0.870588
40951     0.874510
40952     0.878431
40953     0.878431
40954     0.882353
40955     0.882353
40956     0.882353
40957     0.882353
40958     0.886275
40959     0.886275
40960     0.886275
40961     0.882353
40962     0.878431
40963     0.874510
40964     0.870588
40965     0.866667
40966     0.866667
40967     0.870588
40968     0.878431
40969     0.878431
40970     0.870588
40971     0.862745
40972     0.870588
40973     0.870588
40974     0.870588
40975     0.870588
40976     0.874510
40977     0.874510
40978     0.878431
40979     0.878431
40980     0.874510
40981     0.870588
40982     0.862745
40983     0.850980
40984     0.835294
40985     0.827451
40986     0.827451
40987     0.831373
40988     0.843137
40989     0.847059
40990     0.858824
40991     0.870588
40992     0.878431
40993     0.886275
40994     0.890196
40995     0.894118
40996     0.901961
40997     0.909804
40998     0.917647
40999     0.929412
41000     0.933333
41001     0.929412
41002     0.925490
41003     0.917647
41004     0.925490
41005     0.921569
41006     0.913725
41007     0.909804
41008     0.909804
41009     0.913725
41010     0.917647
41011     0.921569
41012     0.917647
41013     0.921569
41014     0.925490
41015     0.929412
41016     0.933333
41017     0.929412
41018     0.925490
41019     0.921569
41020     0.933333
41021     0.929412
41022     0.917647
41023     0.901961
41024     0.890196
41025     0.874510
41026     0.862745
41027     0.854902
41028     0.847059
41029     0.847059
41030     0.850980
41031     0.858824
41032     0.874510
41033     0.878431
41034     0.878431
41035     0.870588
41036     0.878431
41037     0.874510
41038     0.870588
41039     0.866667
41040     0.862745
41041     0.862745
41042     0.862745
41043     0.858824
41044     0.866667
41045     0.878431
41046     0.898039
41047     0.917647
41048     0.941176
41049     0.952941
41050     0.964706
41051     0.964706
41052     0.972549
41053     0.972549
41054     0.972549
41055     0.972549
41056     0.968627
41057     0.964706
41058     0.964706
41059     0.960784
41060     0.968627
41061     0.968627
41062     0.968627
41063     0.968627
41064     0.968627
41065     0.972549
41066     0.976471
41067     0.976471
41068     0.972549
41069     0.949020
41070     0.929412
41071     0.929412
41072     0.945098
41073     0.952941
41074     0.945098
41075     0.933333
41076     0.925490
41077     0.925490
41078     0.925490
41079     0.925490
41080     0.925490
41081     0.925490
41082     0.925490
41083     0.925490
41084     0.921569
41085     0.921569
41086     0.921569
41087     0.823529
41088     0.823529
41089     0.827451
41090     0.839216
41091     0.850980
41092     0.854902
41093     0.847059
41094     0.839216
41095     0.823529
41096     0.815686
41097     0.807843
41098     0.800000
41099     0.796078
41100     0.796078
41101     0.796078
41102     0.800000
41103     0.807843
41104     0.819608
41105     0.835294
41106     0.847059
41107     0.850980
41108     0.847059
41109     0.843137
41110     0.835294
41111     0.823529
41112     0.823529
41113     0.827451
41114     0.831373
41115     0.835294
41116     0.843137
41117     0.850980
41118     0.854902
41119     0.870588
41120     0.878431
41121     0.886275
41122     0.886275
41123     0.878431
41124     0.874510
41125     0.878431
41126     0.882353
41127     0.870588
41128     0.870588
41129     0.874510
41130     0.874510
41131     0.870588
41132     0.866667
41133     0.862745
41134     0.862745
41135     0.866667
41136     0.866667
41137     0.866667
41138     0.862745
41139     0.850980
41140     0.843137
41141     0.843137
41142     0.843137
41143     0.866667
41144     0.870588
41145     0.874510
41146     0.870588
41147     0.866667
41148     0.866667
41149     0.874510
41150     0.882353
41151     0.878431
41152     0.878431
41153     0.878431
41154     0.878431
41155     0.878431
41156     0.878431
41157     0.878431
41158     0.878431
41159     0.886275
41160     0.886275
41161     0.890196
41162     0.886275
41163     0.882353
41164     0.878431
41165     0.874510
41166     0.870588
41167     0.866667
41168     0.866667
41169     0.870588
41170     0.870588
41171     0.874510
41172     0.874510
41173     0.874510
41174     0.874510
41175     0.866667
41176     0.870588
41177     0.870588
41178     0.878431
41179     0.882353
41180     0.886275
41181     0.890196
41182     0.890196
41183     0.886275
41184     0.886275
41185     0.886275
41186     0.886275
41187     0.886275
41188     0.882353
41189     0.878431
41190     0.874510
41191     0.870588
41192     0.866667
41193     0.866667
41194     0.870588
41195     0.878431
41196     0.878431
41197     0.870588
41198     0.862745
41199     0.874510
41200     0.874510
41201     0.874510
41202     0.878431
41203     0.878431
41204     0.878431
41205     0.882353
41206     0.882353
41207     0.878431
41208     0.874510
41209     0.862745
41210     0.850980
41211     0.843137
41212     0.831373
41213     0.827451
41214     0.827451
41215     0.843137
41216     0.847059
41217     0.854902
41218     0.862745
41219     0.870588
41220     0.878431
41221     0.882353
41222     0.882353
41223     0.882353
41224     0.886275
41225     0.894118
41226     0.901961
41227     0.905882
41228     0.905882
41229     0.905882
41230     0.905882
41231     0.901961
41232     0.898039
41233     0.894118
41234     0.886275
41235     0.886275
41236     0.890196
41237     0.894118
41238     0.898039
41239     0.909804
41240     0.917647
41241     0.925490
41242     0.933333
41243     0.933333
41244     0.925490
41245     0.917647
41246     0.913725
41247     0.913725
41248     0.905882
41249     0.890196
41250     0.874510
41251     0.858824
41252     0.850980
41253     0.843137
41254     0.839216
41255     0.843137
41256     0.843137
41257     0.847059
41258     0.858824
41259     0.870588
41260     0.878431
41261     0.878431
41262     0.874510
41263     0.870588
41264     0.866667
41265     0.862745
41266     0.854902
41267     0.854902
41268     0.850980
41269     0.850980
41270     0.854902
41271     0.850980
41272     0.862745
41273     0.882353
41274     0.905882
41275     0.929412
41276     0.945098
41277     0.956863
41278     0.960784
41279     0.964706
41280     0.964706
41281     0.964706
41282     0.964706
41283     0.964706
41284     0.964706
41285     0.968627
41286     0.968627
41287     0.964706
41288     0.968627
41289     0.968627
41290     0.968627
41291     0.972549
41292     0.972549
41293     0.976471
41294     0.976471
41295     0.968627
41296     0.952941
41297     0.941176
41298     0.937255
41299     0.949020
41300     0.952941
41301     0.949020
41302     0.941176
41303     0.933333
41304     0.933333
41305     0.933333
41306     0.933333
41307     0.933333
41308     0.933333
41309     0.933333
41310     0.933333
41311     0.925490
41312     0.925490
41313     0.925490
41314     0.819608
41315     0.819608
41316     0.827451
41317     0.839216
41318     0.850980
41319     0.850980
41320     0.843137
41321     0.835294
41322     0.823529
41323     0.819608
41324     0.807843
41325     0.800000
41326     0.796078
41327     0.796078
41328     0.796078
41329     0.796078
41330     0.811765
41331     0.819608
41332     0.831373
41333     0.843137
41334     0.847059
41335     0.843137
41336     0.839216
41337     0.831373
41338     0.831373
41339     0.831373
41340     0.831373
41341     0.831373
41342     0.839216
41343     0.847059
41344     0.858824
41345     0.862745
41346     0.866667
41347     0.874510
41348     0.882353
41349     0.882353
41350     0.870588
41351     0.866667
41352     0.870588
41353     0.874510
41354     0.866667
41355     0.870588
41356     0.874510
41357     0.878431
41358     0.878431
41359     0.878431
41360     0.878431
41361     0.874510
41362     0.870588
41363     0.870588
41364     0.866667
41365     0.866667
41366     0.866667
41367     0.862745
41368     0.850980
41369     0.839216
41370     0.850980
41371     0.858824
41372     0.870588
41373     0.870588
41374     0.866667
41375     0.866667
41376     0.866667
41377     0.870588
41378     0.878431
41379     0.878431
41380     0.878431
41381     0.878431
41382     0.878431
41383     0.878431
41384     0.878431
41385     0.878431
41386     0.886275
41387     0.886275
41388     0.886275
41389     0.886275
41390     0.882353
41391     0.878431
41392     0.870588
41393     0.870588
41394     0.874510
41395     0.874510
41396     0.878431
41397     0.878431
41398     0.882353
41399     0.882353
41400     0.882353
41401     0.882353
41402     0.870588
41403     0.874510
41404     0.874510
41405     0.882353
41406     0.886275
41407     0.890196
41408     0.894118
41409     0.898039
41410     0.882353
41411     0.882353
41412     0.878431
41413     0.878431
41414     0.874510
41415     0.874510
41416     0.874510
41417     0.874510
41418     0.870588
41419     0.866667
41420     0.866667
41421     0.870588
41422     0.878431
41423     0.878431
41424     0.870588
41425     0.862745
41426     0.878431
41427     0.878431
41428     0.878431
41429     0.878431
41430     0.882353
41431     0.882353
41432     0.886275
41433     0.886275
41434     0.878431
41435     0.870588
41436     0.862745
41437     0.854902
41438     0.850980
41439     0.843137
41440     0.835294
41441     0.831373
41442     0.847059
41443     0.850980
41444     0.858824
41445     0.862745
41446     0.870588
41447     0.870588
41448     0.874510
41449     0.874510
41450     0.874510
41451     0.874510
41452     0.878431
41453     0.886275
41454     0.890196
41455     0.894118
41456     0.898039
41457     0.898039
41458     0.890196
41459     0.882353
41460     0.878431
41461     0.870588
41462     0.866667
41463     0.870588
41464     0.874510
41465     0.878431
41466     0.894118
41467     0.901961
41468     0.913725
41469     0.921569
41470     0.921569
41471     0.913725
41472     0.901961
41473     0.894118
41474     0.886275
41475     0.878431
41476     0.866667
41477     0.850980
41478     0.843137
41479     0.839216
41480     0.839216
41481     0.839216
41482     0.847059
41483     0.843137
41484     0.847059
41485     0.854902
41486     0.866667
41487     0.874510
41488     0.870588
41489     0.862745
41490     0.866667
41491     0.862745
41492     0.854902
41493     0.847059
41494     0.847059
41495     0.847059
41496     0.847059
41497     0.850980
41498     0.843137
41499     0.854902
41500     0.874510
41501     0.894118
41502     0.913725
41503     0.925490
41504     0.933333
41505     0.937255
41506     0.949020
41507     0.949020
41508     0.949020
41509     0.949020
41510     0.952941
41511     0.956863
41512     0.960784
41513     0.960784
41514     0.956863
41515     0.960784
41516     0.960784
41517     0.964706
41518     0.964706
41519     0.964706
41520     0.964706
41521     0.964706
41522     0.960784
41523     0.956863
41524     0.952941
41525     0.949020
41526     0.949020
41527     0.952941
41528     0.952941
41529     0.952941
41530     0.945098
41531     0.945098
41532     0.945098
41533     0.945098
41534     0.945098
41535     0.945098
41536     0.945098
41537     0.945098
41538     0.925490
41539     0.925490
41540     0.925490
41541     0.819608
41542     0.819608
41543     0.827451
41544     0.839216
41545     0.850980
41546     0.850980
41547     0.843137
41548     0.831373
41549     0.827451
41550     0.823529
41551     0.811765
41552     0.803922
41553     0.800000
41554     0.796078
41555     0.800000
41556     0.800000
41557     0.811765
41558     0.819608
41559     0.831373
41560     0.839216
41561     0.843137
41562     0.839216
41563     0.835294
41564     0.831373
41565     0.835294
41566     0.835294
41567     0.835294
41568     0.839216
41569     0.843137
41570     0.854902
41571     0.862745
41572     0.870588
41573     0.862745
41574     0.874510
41575     0.882353
41576     0.878431
41577     0.866667
41578     0.858824
41579     0.862745
41580     0.870588
41581     0.866667
41582     0.870588
41583     0.874510
41584     0.882353
41585     0.886275
41586     0.886275
41587     0.886275
41588     0.886275
41589     0.874510
41590     0.866667
41591     0.862745
41592     0.874510
41593     0.882353
41594     0.878431
41595     0.862745
41596     0.843137
41597     0.839216
41598     0.850980
41599     0.866667
41600     0.874510
41601     0.870588
41602     0.862745
41603     0.862745
41604     0.862745
41605     0.874510
41606     0.874510
41607     0.874510
41608     0.874510
41609     0.874510
41610     0.874510
41611     0.874510
41612     0.874510
41613     0.882353
41614     0.882353
41615     0.882353
41616     0.882353
41617     0.878431
41618     0.874510
41619     0.870588
41620     0.866667
41621     0.874510
41622     0.878431
41623     0.882353
41624     0.886275
41625     0.886275
41626     0.886275
41627     0.886275
41628     0.886275
41629     0.874510
41630     0.874510
41631     0.878431
41632     0.882353
41633     0.890196
41634     0.894118
41635     0.898039
41636     0.901961
41637     0.878431
41638     0.874510
41639     0.870588
41640     0.866667
41641     0.866667
41642     0.866667
41643     0.866667
41644     0.870588
41645     0.870588
41646     0.866667
41647     0.866667
41648     0.870588
41649     0.878431
41650     0.878431
41651     0.870588
41652     0.862745
41653     0.878431
41654     0.878431
41655     0.882353
41656     0.882353
41657     0.882353
41658     0.886275
41659     0.886275
41660     0.886275
41661     0.882353
41662     0.874510
41663     0.866667
41664     0.862745
41665     0.858824
41666     0.854902
41667     0.847059
41668     0.839216
41669     0.850980
41670     0.854902
41671     0.858824
41672     0.866667
41673     0.866667
41674     0.870588
41675     0.870588
41676     0.866667
41677     0.874510
41678     0.874510
41679     0.874510
41680     0.878431
41681     0.882353
41682     0.890196
41683     0.898039
41684     0.901961
41685     0.882353
41686     0.878431
41687     0.870588
41688     0.862745
41689     0.858824
41690     0.858824
41691     0.862745
41692     0.866667
41693     0.878431
41694     0.886275
41695     0.898039
41696     0.905882
41697     0.905882
41698     0.898039
41699     0.882353
41700     0.874510
41701     0.866667
41702     0.858824
41703     0.850980
41704     0.839216
41705     0.835294
41706     0.839216
41707     0.843137
41708     0.847059
41709     0.850980
41710     0.847059
41711     0.847059
41712     0.854902
41713     0.862745
41714     0.862745
41715     0.858824
41716     0.850980
41717     0.862745
41718     0.858824
41719     0.850980
41720     0.847059
41721     0.843137
41722     0.843137
41723     0.847059
41724     0.847059
41725     0.843137
41726     0.850980
41727     0.866667
41728     0.882353
41729     0.898039
41730     0.905882
41731     0.909804
41732     0.913725
41733     0.937255
41734     0.937255
41735     0.937255
41736     0.937255
41737     0.941176
41738     0.949020
41739     0.952941
41740     0.956863
41741     0.952941
41742     0.952941
41743     0.956863
41744     0.956863
41745     0.956863
41746     0.956863
41747     0.956863
41748     0.952941
41749     0.956863
41750     0.960784
41751     0.960784
41752     0.956863
41753     0.949020
41754     0.949020
41755     0.956863
41756     0.964706
41757     0.952941
41758     0.952941
41759     0.952941
41760     0.952941
41761     0.952941
41762     0.952941
41763     0.952941
41764     0.952941
41765     0.945098
41766     0.945098
41767     0.945098
41768     0.811765
41769     0.819608
41770     0.827451
41771     0.835294
41772     0.835294
41773     0.835294
41774     0.835294
41775     0.831373
41776     0.843137
41777     0.835294
41778     0.819608
41779     0.803922
41780     0.796078
41781     0.800000
41782     0.803922
41783     0.811765
41784     0.815686
41785     0.819608
41786     0.827451
41787     0.831373
41788     0.835294
41789     0.835294
41790     0.831373
41791     0.827451
41792     0.843137
41793     0.843137
41794     0.847059
41795     0.858824
41796     0.866667
41797     0.866667
41798     0.862745
41799     0.858824
41800     0.866667
41801     0.850980
41802     0.847059
41803     0.858824
41804     0.870588
41805     0.866667
41806     0.866667
41807     0.874510
41808     0.874510
41809     0.874510
41810     0.878431
41811     0.882353
41812     0.882353
41813     0.886275
41814     0.890196
41815     0.890196
41816     0.878431
41817     0.886275
41818     0.890196
41819     0.894118
41820     0.886275
41821     0.870588
41822     0.850980
41823     0.839216
41824     0.843137
41825     0.854902
41826     0.862745
41827     0.862745
41828     0.858824
41829     0.850980
41830     0.850980
41831     0.854902
41832     0.870588
41833     0.870588
41834     0.870588
41835     0.870588
41836     0.870588
41837     0.870588
41838     0.870588
41839     0.870588
41840     0.870588
41841     0.874510
41842     0.882353
41843     0.886275
41844     0.886275
41845     0.882353
41846     0.874510
41847     0.870588
41848     0.874510
41849     0.874510
41850     0.878431
41851     0.878431
41852     0.878431
41853     0.874510
41854     0.870588
41855     0.866667
41856     0.862745
41857     0.858824
41858     0.858824
41859     0.858824
41860     0.866667
41861     0.874510
41862     0.886275
41863     0.894118
41864     0.862745
41865     0.866667
41866     0.874510
41867     0.878431
41868     0.878431
41869     0.874510
41870     0.866667
41871     0.862745
41872     0.874510
41873     0.870588
41874     0.866667
41875     0.862745
41876     0.862745
41877     0.862745
41878     0.862745
41879     0.866667
41880     0.874510
41881     0.878431
41882     0.882353
41883     0.886275
41884     0.886275
41885     0.882353
41886     0.878431
41887     0.874510
41888     0.878431
41889     0.874510
41890     0.870588
41891     0.866667
41892     0.858824
41893     0.854902
41894     0.850980
41895     0.847059
41896     0.862745
41897     0.866667
41898     0.870588
41899     0.870588
41900     0.862745
41901     0.858824
41902     0.866667
41903     0.870588
41904     0.854902
41905     0.858824
41906     0.862745
41907     0.866667
41908     0.874510
41909     0.878431
41910     0.882353
41911     0.886275
41912     0.878431
41913     0.870588
41914     0.862745
41915     0.862745
41916     0.866667
41917     0.870588
41918     0.866667
41919     0.862745
41920     0.862745
41921     0.866667
41922     0.870588
41923     0.874510
41924     0.874510
41925     0.874510
41926     0.874510
41927     0.874510
41928     0.866667
41929     0.858824
41930     0.847059
41931     0.843137
41932     0.847059
41933     0.850980
41934     0.850980
41935     0.847059
41936     0.850980
41937     0.854902
41938     0.858824
41939     0.866667
41940     0.866667
41941     0.866667
41942     0.858824
41943     0.858824
41944     0.839216
41945     0.839216
41946     0.835294
41947     0.839216
41948     0.839216
41949     0.847059
41950     0.850980
41951     0.854902
41952     0.835294
41953     0.839216
41954     0.850980
41955     0.858824
41956     0.874510
41957     0.886275
41958     0.894118
41959     0.901961
41960     0.917647
41961     0.921569
41962     0.929412
41963     0.945098
41964     0.952941
41965     0.952941
41966     0.941176
41967     0.929412
41968     0.933333
41969     0.937255
41970     0.949020
41971     0.952941
41972     0.956863
41973     0.949020
41974     0.941176
41975     0.937255
41976     0.945098
41977     0.945098
41978     0.952941
41979     0.956863
41980     0.964706
41981     0.972549
41982     0.976471
41983     0.980392
41984     0.968627
41985     0.964706
41986     0.960784
41987     0.960784
41988     0.968627
41989     0.976471
41990     0.976471
41991     0.972549
41992     0.976471
41993     0.972549
41994     0.964706
41995     0.807843
41996     0.811765
41997     0.815686
41998     0.823529
41999     0.827451
42000     0.827451
42001     0.823529
42002     0.823529
42003     0.839216
42004     0.831373
42005     0.819608
42006     0.807843
42007     0.800000
42008     0.796078
42009     0.796078
42010     0.796078
42011     0.819608
42012     0.823529
42013     0.827451
42014     0.831373
42015     0.835294
42016     0.835294
42017     0.835294
42018     0.835294
42019     0.843137
42020     0.847059
42021     0.850980
42022     0.858824
42023     0.866667
42024     0.866667
42025     0.862745
42026     0.858824
42027     0.866667
42028     0.847059
42029     0.847059
42030     0.862745
42031     0.874510
42032     0.866667
42033     0.866667
42034     0.878431
42035     0.874510
42036     0.874510
42037     0.878431
42038     0.882353
42039     0.886275
42040     0.886275
42041     0.890196
42042     0.890196
42043     0.890196
42044     0.894118
42045     0.898039
42046     0.898039
42047     0.890196
42048     0.874510
42049     0.854902
42050     0.843137
42051     0.843137
42052     0.850980
42053     0.862745
42054     0.862745
42055     0.858824
42056     0.850980
42057     0.850980
42058     0.850980
42059     0.866667
42060     0.866667
42061     0.866667
42062     0.866667
42063     0.866667
42064     0.866667
42065     0.866667
42066     0.866667
42067     0.870588
42068     0.874510
42069     0.882353
42070     0.886275
42071     0.886275
42072     0.882353
42073     0.874510
42074     0.870588
42075     0.878431
42076     0.878431
42077     0.878431
42078     0.878431
42079     0.878431
42080     0.874510
42081     0.866667
42082     0.866667
42083     0.858824
42084     0.858824
42085     0.858824
42086     0.862745
42087     0.866667
42088     0.874510
42089     0.882353
42090     0.886275
42091     0.870588
42092     0.874510
42093     0.878431
42094     0.882353
42095     0.882353
42096     0.878431
42097     0.874510
42098     0.870588
42099     0.874510
42100     0.870588
42101     0.870588
42102     0.866667
42103     0.866667
42104     0.862745
42105     0.866667
42106     0.866667
42107     0.870588
42108     0.874510
42109     0.874510
42110     0.878431
42111     0.878431
42112     0.874510
42113     0.874510
42114     0.870588
42115     0.878431
42116     0.878431
42117     0.874510
42118     0.870588
42119     0.866667
42120     0.862745
42121     0.858824
42122     0.854902
42123     0.866667
42124     0.870588
42125     0.874510
42126     0.874510
42127     0.866667
42128     0.862745
42129     0.866667
42130     0.870588
42131     0.858824
42132     0.862745
42133     0.862745
42134     0.870588
42135     0.874510
42136     0.878431
42137     0.882353
42138     0.882353
42139     0.882353
42140     0.870588
42141     0.862745
42142     0.862745
42143     0.866667
42144     0.870588
42145     0.866667
42146     0.862745
42147     0.854902
42148     0.858824
42149     0.862745
42150     0.862745
42151     0.866667
42152     0.866667
42153     0.866667
42154     0.866667
42155     0.866667
42156     0.858824
42157     0.847059
42158     0.843137
42159     0.847059
42160     0.850980
42161     0.850980
42162     0.847059
42163     0.854902
42164     0.858824
42165     0.862745
42166     0.862745
42167     0.862745
42168     0.858824
42169     0.854902
42170     0.850980
42171     0.839216
42172     0.839216
42173     0.843137
42174     0.847059
42175     0.850980
42176     0.854902
42177     0.858824
42178     0.858824
42179     0.847059
42180     0.843137
42181     0.839216
42182     0.843137
42183     0.850980
42184     0.866667
42185     0.882353
42186     0.890196
42187     0.905882
42188     0.917647
42189     0.933333
42190     0.949020
42191     0.952941
42192     0.949020
42193     0.941176
42194     0.933333
42195     0.933333
42196     0.937255
42197     0.941176
42198     0.945098
42199     0.941176
42200     0.937255
42201     0.933333
42202     0.929412
42203     0.933333
42204     0.933333
42205     0.941176
42206     0.945098
42207     0.952941
42208     0.960784
42209     0.964706
42210     0.964706
42211     0.964706
42212     0.960784
42213     0.952941
42214     0.956863
42215     0.960784
42216     0.972549
42217     0.976471
42218     0.980392
42219     0.976471
42220     0.972549
42221     0.968627
42222     0.803922
42223     0.807843
42224     0.811765
42225     0.815686
42226     0.819608
42227     0.823529
42228     0.819608
42229     0.819608
42230     0.839216
42231     0.835294
42232     0.827451
42233     0.819608
42234     0.811765
42235     0.803922
42236     0.800000
42237     0.800000
42238     0.819608
42239     0.819608
42240     0.823529
42241     0.823529
42242     0.827451
42243     0.831373
42244     0.835294
42245     0.839216
42246     0.843137
42247     0.847059
42248     0.854902
42249     0.858824
42250     0.858824
42251     0.862745
42252     0.858824
42253     0.858824
42254     0.862745
42255     0.847059
42256     0.847059
42257     0.866667
42258     0.878431
42259     0.874510
42260     0.874510
42261     0.882353
42262     0.874510
42263     0.878431
42264     0.878431
42265     0.882353
42266     0.886275
42267     0.890196
42268     0.890196
42269     0.890196
42270     0.901961
42271     0.905882
42272     0.905882
42273     0.901961
42274     0.894118
42275     0.878431
42276     0.862745
42277     0.850980
42278     0.843137
42279     0.850980
42280     0.858824
42281     0.862745
42282     0.854902
42283     0.850980
42284     0.847059
42285     0.850980
42286     0.862745
42287     0.862745
42288     0.862745
42289     0.862745
42290     0.862745
42291     0.862745
42292     0.862745
42293     0.862745
42294     0.870588
42295     0.874510
42296     0.878431
42297     0.882353
42298     0.882353
42299     0.878431
42300     0.874510
42301     0.870588
42302     0.882353
42303     0.882353
42304     0.882353
42305     0.882353
42306     0.878431
42307     0.870588
42308     0.866667
42309     0.862745
42310     0.854902
42311     0.858824
42312     0.862745
42313     0.870588
42314     0.874510
42315     0.874510
42316     0.878431
42317     0.878431
42318     0.874510
42319     0.878431
42320     0.882353
42321     0.882353
42322     0.882353
42323     0.882353
42324     0.878431
42325     0.874510
42326     0.874510
42327     0.874510
42328     0.870588
42329     0.870588
42330     0.870588
42331     0.866667
42332     0.866667
42333     0.866667
42334     0.870588
42335     0.866667
42336     0.866667
42337     0.862745
42338     0.862745
42339     0.866667
42340     0.866667
42341     0.870588
42342     0.874510
42343     0.874510
42344     0.874510
42345     0.870588
42346     0.870588
42347     0.870588
42348     0.866667
42349     0.866667
42350     0.874510
42351     0.878431
42352     0.882353
42353     0.878431
42354     0.870588
42355     0.866667
42356     0.866667
42357     0.874510
42358     0.866667
42359     0.866667
42360     0.870588
42361     0.870588
42362     0.874510
42363     0.874510
42364     0.874510
42365     0.878431
42366     0.878431
42367     0.870588
42368     0.862745
42369     0.862745
42370     0.866667
42371     0.866667
42372     0.866667
42373     0.862745
42374     0.847059
42375     0.850980
42376     0.850980
42377     0.850980
42378     0.854902
42379     0.854902
42380     0.854902
42381     0.854902
42382     0.866667
42383     0.858824
42384     0.847059
42385     0.843137
42386     0.847059
42387     0.854902
42388     0.854902
42389     0.850980
42390     0.858824
42391     0.858824
42392     0.858824
42393     0.858824
42394     0.854902
42395     0.850980
42396     0.847059
42397     0.843137
42398     0.835294
42399     0.839216
42400     0.847059
42401     0.854902
42402     0.862745
42403     0.862745
42404     0.862745
42405     0.862745
42406     0.854902
42407     0.847059
42408     0.835294
42409     0.831373
42410     0.835294
42411     0.847059
42412     0.862745
42413     0.874510
42414     0.890196
42415     0.913725
42416     0.945098
42417     0.956863
42418     0.952941
42419     0.945098
42420     0.941176
42421     0.945098
42422     0.941176
42423     0.941176
42424     0.937255
42425     0.937255
42426     0.933333
42427     0.929412
42428     0.929412
42429     0.925490
42430     0.925490
42431     0.925490
42432     0.929412
42433     0.937255
42434     0.941176
42435     0.949020
42436     0.952941
42437     0.952941
42438     0.960784
42439     0.956863
42440     0.949020
42441     0.949020
42442     0.952941
42443     0.964706
42444     0.980392
42445     0.988235
42446     0.984314
42447     0.984314
42448     0.976471
42449     0.800000
42450     0.803922
42451     0.807843
42452     0.811765
42453     0.815686
42454     0.819608
42455     0.823529
42456     0.823529
42457     0.839216
42458     0.843137
42459     0.847059
42460     0.847059
42461     0.843137
42462     0.839216
42463     0.831373
42464     0.827451
42465     0.827451
42466     0.819608
42467     0.815686
42468     0.807843
42469     0.811765
42470     0.815686
42471     0.827451
42472     0.831373
42473     0.835294
42474     0.839216
42475     0.847059
42476     0.847059
42477     0.847059
42478     0.847059
42479     0.850980
42480     0.854902
42481     0.862745
42482     0.847059
42483     0.850980
42484     0.870588
42485     0.882353
42486     0.878431
42487     0.878431
42488     0.882353
42489     0.878431
42490     0.878431
42491     0.882353
42492     0.882353
42493     0.886275
42494     0.890196
42495     0.894118
42496     0.894118
42497     0.909804
42498     0.905882
42499     0.905882
42500     0.898039
42501     0.886275
42502     0.874510
42503     0.858824
42504     0.854902
42505     0.843137
42506     0.850980
42507     0.862745
42508     0.862745
42509     0.854902
42510     0.850980
42511     0.847059
42512     0.850980
42513     0.862745
42514     0.862745
42515     0.862745
42516     0.862745
42517     0.862745
42518     0.862745
42519     0.862745
42520     0.862745
42521     0.870588
42522     0.874510
42523     0.878431
42524     0.878431
42525     0.878431
42526     0.878431
42527     0.874510
42528     0.870588
42529     0.886275
42530     0.886275
42531     0.886275
42532     0.882353
42533     0.878431
42534     0.870588
42535     0.866667
42536     0.862745
42537     0.862745
42538     0.866667
42539     0.874510
42540     0.882353
42541     0.882353
42542     0.882353
42543     0.878431
42544     0.874510
42545     0.874510
42546     0.878431
42547     0.878431
42548     0.878431
42549     0.878431
42550     0.878431
42551     0.878431
42552     0.874510
42553     0.874510
42554     0.874510
42555     0.874510
42556     0.874510
42557     0.874510
42558     0.870588
42559     0.870588
42560     0.866667
42561     0.866667
42562     0.862745
42563     0.858824
42564     0.854902
42565     0.854902
42566     0.858824
42567     0.862745
42568     0.866667
42569     0.866667
42570     0.866667
42571     0.870588
42572     0.870588
42573     0.870588
42574     0.870588
42575     0.870588
42576     0.870588
42577     0.882353
42578     0.886275
42579     0.886275
42580     0.882353
42581     0.874510
42582     0.866667
42583     0.870588
42584     0.874510
42585     0.874510
42586     0.874510
42587     0.874510
42588     0.874510
42589     0.874510
42590     0.874510
42591     0.874510
42592     0.874510
42593     0.870588
42594     0.862745
42595     0.854902
42596     0.854902
42597     0.858824
42598     0.858824
42599     0.858824
42600     0.854902
42601     0.847059
42602     0.847059
42603     0.847059
42604     0.847059
42605     0.847059
42606     0.850980
42607     0.854902
42608     0.854902
42609     0.866667
42610     0.854902
42611     0.847059
42612     0.843137
42613     0.850980
42614     0.854902
42615     0.854902
42616     0.854902
42617     0.858824
42618     0.854902
42619     0.854902
42620     0.850980
42621     0.843137
42622     0.839216
42623     0.835294
42624     0.831373
42625     0.827451
42626     0.835294
42627     0.847059
42628     0.858824
42629     0.866667
42630     0.866667
42631     0.862745
42632     0.858824
42633     0.858824
42634     0.850980
42635     0.843137
42636     0.835294
42637     0.835294
42638     0.839216
42639     0.847059
42640     0.854902
42641     0.882353
42642     0.913725
42643     0.952941
42644     0.964706
42645     0.956863
42646     0.949020
42647     0.949020
42648     0.960784
42649     0.956863
42650     0.952941
42651     0.949020
42652     0.941176
42653     0.937255
42654     0.937255
42655     0.937255
42656     0.937255
42657     0.929412
42658     0.929412
42659     0.933333
42660     0.941176
42661     0.945098
42662     0.949020
42663     0.952941
42664     0.956863
42665     0.964706
42666     0.960784
42667     0.952941
42668     0.945098
42669     0.949020
42670     0.960784
42671     0.980392
42672     0.992157
42673     0.988235
42674     0.988235
42675     0.988235
42676     0.784314
42677     0.788235
42678     0.792157
42679     0.796078
42680     0.803922
42681     0.811765
42682     0.815686
42683     0.819608
42684     0.847059
42685     0.854902
42686     0.866667
42687     0.874510
42688     0.882353
42689     0.882353
42690     0.878431
42691     0.874510
42692     0.839216
42693     0.827451
42694     0.811765
42695     0.796078
42696     0.792157
42697     0.796078
42698     0.807843
42699     0.815686
42700     0.815686
42701     0.823529
42702     0.831373
42703     0.831373
42704     0.831373
42705     0.831373
42706     0.843137
42707     0.850980
42708     0.866667
42709     0.850980
42710     0.854902
42711     0.878431
42712     0.890196
42713     0.882353
42714     0.878431
42715     0.882353
42716     0.878431
42717     0.878431
42718     0.882353
42719     0.886275
42720     0.890196
42721     0.890196
42722     0.894118
42723     0.894118
42724     0.905882
42725     0.901961
42726     0.894118
42727     0.886275
42728     0.874510
42729     0.866667
42730     0.858824
42731     0.854902
42732     0.843137
42733     0.854902
42734     0.862745
42735     0.866667
42736     0.858824
42737     0.854902
42738     0.850980
42739     0.854902
42740     0.870588
42741     0.870588
42742     0.870588
42743     0.870588
42744     0.870588
42745     0.870588
42746     0.870588
42747     0.870588
42748     0.870588
42749     0.874510
42750     0.874510
42751     0.874510
42752     0.874510
42753     0.874510
42754     0.874510
42755     0.870588
42756     0.886275
42757     0.886275
42758     0.886275
42759     0.886275
42760     0.882353
42761     0.874510
42762     0.870588
42763     0.866667
42764     0.874510
42765     0.878431
42766     0.882353
42767     0.890196
42768     0.890196
42769     0.886275
42770     0.882353
42771     0.878431
42772     0.874510
42773     0.870588
42774     0.870588
42775     0.870588
42776     0.870588
42777     0.870588
42778     0.870588
42779     0.874510
42780     0.874510
42781     0.878431
42782     0.878431
42783     0.882353
42784     0.878431
42785     0.874510
42786     0.870588
42787     0.866667
42788     0.866667
42789     0.862745
42790     0.858824
42791     0.854902
42792     0.854902
42793     0.858824
42794     0.862745
42795     0.866667
42796     0.858824
42797     0.862745
42798     0.862745
42799     0.862745
42800     0.862745
42801     0.866667
42802     0.866667
42803     0.866667
42804     0.878431
42805     0.886275
42806     0.886275
42807     0.882353
42808     0.874510
42809     0.870588
42810     0.874510
42811     0.878431
42812     0.878431
42813     0.878431
42814     0.878431
42815     0.874510
42816     0.874510
42817     0.874510
42818     0.874510
42819     0.870588
42820     0.862745
42821     0.854902
42822     0.847059
42823     0.843137
42824     0.850980
42825     0.850980
42826     0.847059
42827     0.843137
42828     0.850980
42829     0.850980
42830     0.847059
42831     0.847059
42832     0.847059
42833     0.850980
42834     0.854902
42835     0.858824
42836     0.866667
42837     0.854902
42838     0.847059
42839     0.847059
42840     0.850980
42841     0.858824
42842     0.858824
42843     0.858824
42844     0.854902
42845     0.850980
42846     0.847059
42847     0.839216
42848     0.835294
42849     0.827451
42850     0.827451
42851     0.823529
42852     0.827451
42853     0.835294
42854     0.847059
42855     0.854902
42856     0.862745
42857     0.858824
42858     0.854902
42859     0.850980
42860     0.854902
42861     0.858824
42862     0.858824
42863     0.858824
42864     0.854902
42865     0.850980
42866     0.847059
42867     0.843137
42868     0.878431
42869     0.913725
42870     0.949020
42871     0.964706
42872     0.960784
42873     0.952941
42874     0.960784
42875     0.972549
42876     0.976471
42877     0.972549
42878     0.964706
42879     0.960784
42880     0.956863
42881     0.952941
42882     0.952941
42883     0.952941
42884     0.945098
42885     0.945098
42886     0.949020
42887     0.952941
42888     0.956863
42889     0.960784
42890     0.964706
42891     0.964706
42892     0.968627
42893     0.964706
42894     0.960784
42895     0.949020
42896     0.941176
42897     0.949020
42898     0.968627
42899     0.988235
42900     0.988235
42901     0.988235
42902     0.984314
42903     0.764706
42904     0.764706
42905     0.772549
42906     0.780392
42907     0.788235
42908     0.800000
42909     0.811765
42910     0.819608
42911     0.858824
42912     0.866667
42913     0.878431
42914     0.894118
42915     0.905882
42916     0.909804
42917     0.913725
42918     0.913725
42919     0.862745
42920     0.843137
42921     0.815686
42922     0.792157
42923     0.780392
42924     0.780392
42925     0.792157
42926     0.800000
42927     0.796078
42928     0.807843
42929     0.819608
42930     0.819608
42931     0.815686
42932     0.823529
42933     0.839216
42934     0.854902
42935     0.870588
42936     0.858824
42937     0.862745
42938     0.882353
42939     0.894118
42940     0.882353
42941     0.874510
42942     0.878431
42943     0.882353
42944     0.882353
42945     0.882353
42946     0.886275
42947     0.890196
42948     0.894118
42949     0.894118
42950     0.898039
42951     0.898039
42952     0.890196
42953     0.882353
42954     0.874510
42955     0.866667
42956     0.858824
42957     0.858824
42958     0.858824
42959     0.850980
42960     0.858824
42961     0.870588
42962     0.870588
42963     0.866667
42964     0.858824
42965     0.858824
42966     0.858824
42967     0.870588
42968     0.870588
42969     0.870588
42970     0.870588
42971     0.870588
42972     0.870588
42973     0.870588
42974     0.870588
42975     0.870588
42976     0.870588
42977     0.870588
42978     0.870588
42979     0.870588
42980     0.870588
42981     0.870588
42982     0.870588
42983     0.882353
42984     0.882353
42985     0.882353
42986     0.886275
42987     0.882353
42988     0.878431
42989     0.878431
42990     0.874510
42991     0.882353
42992     0.886275
42993     0.886275
42994     0.886275
42995     0.886275
42996     0.882353
42997     0.878431
42998     0.878431
42999     0.874510
43000     0.870588
43001     0.866667
43002     0.866667
43003     0.866667
43004     0.866667
43005     0.870588
43006     0.874510
43007     0.878431
43008     0.878431
43009     0.882353
43010     0.886275
43011     0.886275
43012     0.878431
43013     0.874510
43014     0.866667
43015     0.870588
43016     0.866667
43017     0.866667
43018     0.862745
43019     0.862745
43020     0.866667
43021     0.866667
43022     0.870588
43023     0.858824
43024     0.858824
43025     0.862745
43026     0.862745
43027     0.862745
43028     0.862745
43029     0.862745
43030     0.862745
43031     0.874510
43032     0.878431
43033     0.882353
43034     0.882353
43035     0.874510
43036     0.874510
43037     0.878431
43038     0.882353
43039     0.878431
43040     0.878431
43041     0.878431
43042     0.878431
43043     0.878431
43044     0.874510
43045     0.874510
43046     0.874510
43047     0.858824
43048     0.850980
43049     0.843137
43050     0.843137
43051     0.847059
43052     0.850980
43053     0.847059
43054     0.843137
43055     0.854902
43056     0.850980
43057     0.847059
43058     0.847059
43059     0.847059
43060     0.850980
43061     0.858824
43062     0.862745
43063     0.866667
43064     0.854902
43065     0.847059
43066     0.847059
43067     0.854902
43068     0.862745
43069     0.862745
43070     0.862745
43071     0.858824
43072     0.854902
43073     0.847059
43074     0.839216
43075     0.835294
43076     0.831373
43077     0.831373
43078     0.831373
43079     0.835294
43080     0.839216
43081     0.847059
43082     0.854902
43083     0.854902
43084     0.854902
43085     0.850980
43086     0.850980
43087     0.854902
43088     0.862745
43089     0.866667
43090     0.874510
43091     0.870588
43092     0.862745
43093     0.854902
43094     0.847059
43095     0.878431
43096     0.901961
43097     0.929412
43098     0.949020
43099     0.952941
43100     0.952941
43101     0.960784
43102     0.972549
43103     0.976471
43104     0.976471
43105     0.976471
43106     0.972549
43107     0.972549
43108     0.968627
43109     0.964706
43110     0.964706
43111     0.952941
43112     0.956863
43113     0.956863
43114     0.960784
43115     0.964706
43116     0.968627
43117     0.968627
43118     0.972549
43119     0.964706
43120     0.968627
43121     0.960784
43122     0.945098
43123     0.929412
43124     0.925490
43125     0.941176
43126     0.960784
43127     0.960784
43128     0.960784
43129     0.956863
43130     0.756863
43131     0.760784
43132     0.768627
43133     0.776471
43134     0.792157
43135     0.807843
43136     0.823529
43137     0.831373
43138     0.866667
43139     0.870588
43140     0.882353
43141     0.894118
43142     0.905882
43143     0.917647
43144     0.921569
43145     0.925490
43146     0.894118
43147     0.866667
43148     0.831373
43149     0.796078
43150     0.776471
43151     0.772549
43152     0.784314
43153     0.792157
43154     0.788235
43155     0.800000
43156     0.815686
43157     0.815686
43158     0.815686
43159     0.819608
43160     0.843137
43161     0.866667
43162     0.878431
43163     0.866667
43164     0.870588
43165     0.890196
43166     0.894118
43167     0.882353
43168     0.870588
43169     0.870588
43170     0.882353
43171     0.882353
43172     0.886275
43173     0.886275
43174     0.890196
43175     0.894118
43176     0.898039
43177     0.898039
43178     0.894118
43179     0.886275
43180     0.878431
43181     0.866667
43182     0.862745
43183     0.862745
43184     0.862745
43185     0.866667
43186     0.854902
43187     0.866667
43188     0.874510
43189     0.878431
43190     0.870588
43191     0.866667
43192     0.862745
43193     0.866667
43194     0.866667
43195     0.866667
43196     0.866667
43197     0.866667
43198     0.866667
43199     0.866667
43200     0.866667
43201     0.866667
43202     0.874510
43203     0.870588
43204     0.870588
43205     0.870588
43206     0.870588
43207     0.870588
43208     0.870588
43209     0.874510
43210     0.874510
43211     0.878431
43212     0.882353
43213     0.886275
43214     0.886275
43215     0.886275
43216     0.882353
43217     0.882353
43218     0.886275
43219     0.882353
43220     0.878431
43221     0.874510
43222     0.874510
43223     0.874510
43224     0.874510
43225     0.874510
43226     0.878431
43227     0.874510
43228     0.870588
43229     0.866667
43230     0.866667
43231     0.870588
43232     0.874510
43233     0.878431
43234     0.878431
43235     0.882353
43236     0.886275
43237     0.890196
43238     0.890196
43239     0.882353
43240     0.874510
43241     0.870588
43242     0.870588
43243     0.874510
43244     0.874510
43245     0.878431
43246     0.878431
43247     0.874510
43248     0.874510
43249     0.870588
43250     0.866667
43251     0.866667
43252     0.866667
43253     0.866667
43254     0.866667
43255     0.862745
43256     0.862745
43257     0.862745
43258     0.862745
43259     0.870588
43260     0.878431
43261     0.878431
43262     0.874510
43263     0.874510
43264     0.882353
43265     0.886275
43266     0.874510
43267     0.874510
43268     0.878431
43269     0.878431
43270     0.878431
43271     0.878431
43272     0.878431
43273     0.878431
43274     0.866667
43275     0.854902
43276     0.847059
43277     0.847059
43278     0.850980
43279     0.854902
43280     0.850980
43281     0.847059
43282     0.854902
43283     0.850980
43284     0.843137
43285     0.843137
43286     0.843137
43287     0.850980
43288     0.858824
43289     0.862745
43290     0.862745
43291     0.854902
43292     0.847059
43293     0.847059
43294     0.854902
43295     0.862745
43296     0.866667
43297     0.866667
43298     0.866667
43299     0.862745
43300     0.854902
43301     0.847059
43302     0.843137
43303     0.843137
43304     0.843137
43305     0.847059
43306     0.850980
43307     0.850980
43308     0.854902
43309     0.854902
43310     0.854902
43311     0.854902
43312     0.854902
43313     0.854902
43314     0.858824
43315     0.862745
43316     0.866667
43317     0.870588
43318     0.870588
43319     0.870588
43320     0.866667
43321     0.866667
43322     0.874510
43323     0.886275
43324     0.901961
43325     0.921569
43326     0.937255
43327     0.949020
43328     0.956863
43329     0.960784
43330     0.964706
43331     0.968627
43332     0.972549
43333     0.976471
43334     0.972549
43335     0.968627
43336     0.964706
43337     0.960784
43338     0.952941
43339     0.952941
43340     0.956863
43341     0.956863
43342     0.960784
43343     0.964706
43344     0.964706
43345     0.968627
43346     0.956863
43347     0.960784
43348     0.960784
43349     0.937255
43350     0.913725
43351     0.901961
43352     0.909804
43353     0.921569
43354     0.917647
43355     0.913725
43356     0.913725
43357     0.768627
43358     0.768627
43359     0.776471
43360     0.788235
43361     0.807843
43362     0.827451
43363     0.843137
43364     0.854902
43365     0.870588
43366     0.874510
43367     0.882353
43368     0.890196
43369     0.901961
43370     0.909804
43371     0.917647
43372     0.921569
43373     0.913725
43374     0.886275
43375     0.843137
43376     0.800000
43377     0.776471
43378     0.772549
43379     0.780392
43380     0.788235
43381     0.784314
43382     0.800000
43383     0.815686
43384     0.819608
43385     0.815686
43386     0.823529
43387     0.850980
43388     0.874510
43389     0.882353
43390     0.870588
43391     0.874510
43392     0.890196
43393     0.898039
43394     0.878431
43395     0.866667
43396     0.866667
43397     0.882353
43398     0.882353
43399     0.886275
43400     0.890196
43401     0.890196
43402     0.894118
43403     0.898039
43404     0.898039
43405     0.890196
43406     0.886275
43407     0.874510
43408     0.866667
43409     0.862745
43410     0.866667
43411     0.870588
43412     0.874510
43413     0.858824
43414     0.870588
43415     0.878431
43416     0.882353
43417     0.874510
43418     0.870588
43419     0.866667
43420     0.870588
43421     0.862745
43422     0.862745
43423     0.862745
43424     0.862745
43425     0.862745
43426     0.862745
43427     0.862745
43428     0.862745
43429     0.874510
43430     0.870588
43431     0.870588
43432     0.866667
43433     0.866667
43434     0.870588
43435     0.870588
43436     0.874510
43437     0.870588
43438     0.874510
43439     0.878431
43440     0.882353
43441     0.886275
43442     0.886275
43443     0.886275
43444     0.886275
43445     0.882353
43446     0.878431
43447     0.870588
43448     0.866667
43449     0.862745
43450     0.862745
43451     0.866667
43452     0.870588
43453     0.886275
43454     0.882353
43455     0.874510
43456     0.870588
43457     0.870588
43458     0.874510
43459     0.882353
43460     0.886275
43461     0.878431
43462     0.882353
43463     0.890196
43464     0.894118
43465     0.890196
43466     0.886275
43467     0.874510
43468     0.870588
43469     0.874510
43470     0.878431
43471     0.882353
43472     0.886275
43473     0.886275
43474     0.882353
43475     0.878431
43476     0.874510
43477     0.874510
43478     0.874510
43479     0.874510
43480     0.870588
43481     0.870588
43482     0.866667
43483     0.866667
43484     0.866667
43485     0.858824
43486     0.866667
43487     0.874510
43488     0.874510
43489     0.874510
43490     0.874510
43491     0.882353
43492     0.890196
43493     0.874510
43494     0.874510
43495     0.874510
43496     0.878431
43497     0.878431
43498     0.882353
43499     0.882353
43500     0.882353
43501     0.870588
43502     0.862745
43503     0.854902
43504     0.854902
43505     0.858824
43506     0.862745
43507     0.858824
43508     0.854902
43509     0.850980
43510     0.847059
43511     0.839216
43512     0.835294
43513     0.839216
43514     0.847059
43515     0.854902
43516     0.858824
43517     0.862745
43518     0.854902
43519     0.847059
43520     0.847059
43521     0.854902
43522     0.866667
43523     0.866667
43524     0.866667
43525     0.874510
43526     0.870588
43527     0.862745
43528     0.854902
43529     0.850980
43530     0.854902
43531     0.854902
43532     0.858824
43533     0.866667
43534     0.862745
43535     0.858824
43536     0.854902
43537     0.854902
43538     0.854902
43539     0.858824
43540     0.858824
43541     0.862745
43542     0.862745
43543     0.858824
43544     0.858824
43545     0.862745
43546     0.870588
43547     0.878431
43548     0.882353
43549     0.870588
43550     0.870588
43551     0.882353
43552     0.898039
43553     0.925490
43554     0.945098
43555     0.952941
43556     0.952941
43557     0.949020
43558     0.956863
43559     0.964706
43560     0.972549
43561     0.972549
43562     0.964706
43563     0.960784
43564     0.952941
43565     0.945098
43566     0.949020
43567     0.949020
43568     0.952941
43569     0.952941
43570     0.956863
43571     0.960784
43572     0.960784
43573     0.949020
43574     0.956863
43575     0.956863
43576     0.933333
43577     0.901961
43578     0.882353
43579     0.886275
43580     0.894118
43581     0.882353
43582     0.882353
43583     0.878431
43584     0.796078
43585     0.796078
43586     0.796078
43587     0.800000
43588     0.811765
43589     0.831373
43590     0.847059
43591     0.854902
43592     0.874510
43593     0.878431
43594     0.886275
43595     0.898039
43596     0.905882
43597     0.909804
43598     0.913725
43599     0.913725
43600     0.913725
43601     0.905882
43602     0.878431
43603     0.831373
43604     0.784314
43605     0.760784
43606     0.768627
43607     0.788235
43608     0.792157
43609     0.800000
43610     0.815686
43611     0.827451
43612     0.839216
43613     0.843137
43614     0.843137
43615     0.839216
43616     0.862745
43617     0.862745
43618     0.870588
43619     0.874510
43620     0.874510
43621     0.874510
43622     0.874510
43623     0.874510
43624     0.882353
43625     0.894118
43626     0.901961
43627     0.898039
43628     0.890196
43629     0.886275
43630     0.898039
43631     0.905882
43632     0.894118
43633     0.890196
43634     0.886275
43635     0.886275
43636     0.882353
43637     0.882353
43638     0.886275
43639     0.886275
43640     0.882353
43641     0.882353
43642     0.882353
43643     0.878431
43644     0.878431
43645     0.878431
43646     0.878431
43647     0.878431
43648     0.874510
43649     0.874510
43650     0.870588
43651     0.866667
43652     0.858824
43653     0.854902
43654     0.850980
43655     0.847059
43656     0.850980
43657     0.854902
43658     0.866667
43659     0.874510
43660     0.882353
43661     0.882353
43662     0.878431
43663     0.878431
43664     0.874510
43665     0.874510
43666     0.878431
43667     0.878431
43668     0.882353
43669     0.886275
43670     0.890196
43671     0.890196
43672     0.886275
43673     0.886275
43674     0.882353
43675     0.878431
43676     0.874510
43677     0.870588
43678     0.870588
43679     0.866667
43680     0.890196
43681     0.890196
43682     0.886275
43683     0.886275
43684     0.886275
43685     0.886275
43686     0.882353
43687     0.882353
43688     0.886275
43689     0.882353
43690     0.874510
43691     0.870588
43692     0.870588
43693     0.874510
43694     0.882353
43695     0.886275
43696     0.898039
43697     0.894118
43698     0.894118
43699     0.894118
43700     0.894118
43701     0.894118
43702     0.890196
43703     0.890196
43704     0.870588
43705     0.870588
43706     0.874510
43707     0.874510
43708     0.874510
43709     0.870588
43710     0.866667
43711     0.866667
43712     0.874510
43713     0.878431
43714     0.878431
43715     0.882353
43716     0.882353
43717     0.878431
43718     0.878431
43719     0.874510
43720     0.874510
43721     0.882353
43722     0.886275
43723     0.886275
43724     0.882353
43725     0.882353
43726     0.890196
43727     0.898039
43728     0.898039
43729     0.890196
43730     0.878431
43731     0.866667
43732     0.862745
43733     0.862745
43734     0.866667
43735     0.870588
43736     0.858824
43737     0.854902
43738     0.843137
43739     0.835294
43740     0.827451
43741     0.827451
43742     0.827451
43743     0.827451
43744     0.847059
43745     0.839216
43746     0.827451
43747     0.823529
43748     0.827451
43749     0.843137
43750     0.858824
43751     0.870588
43752     0.870588
43753     0.874510
43754     0.882353
43755     0.882353
43756     0.878431
43757     0.874510
43758     0.874510
43759     0.878431
43760     0.890196
43761     0.882353
43762     0.870588
43763     0.862745
43764     0.862745
43765     0.858824
43766     0.854902
43767     0.847059
43768     0.866667
43769     0.862745
43770     0.854902
43771     0.850980
43772     0.854902
43773     0.862745
43774     0.874510
43775     0.882353
43776     0.854902
43777     0.854902
43778     0.854902
43779     0.858824
43780     0.874510
43781     0.894118
43782     0.917647
43783     0.929412
43784     0.917647
43785     0.921569
43786     0.937255
43787     0.952941
43788     0.968627
43789     0.964706
43790     0.952941
43791     0.941176
43792     0.929412
43793     0.925490
43794     0.917647
43795     0.913725
43796     0.917647
43797     0.929412
43798     0.945098
43799     0.952941
43800     0.949020
43801     0.952941
43802     0.949020
43803     0.933333
43804     0.905882
43805     0.886275
43806     0.882353
43807     0.886275
43808     0.870588
43809     0.870588
43810     0.870588
43811     0.819608
43812     0.815686
43813     0.815686
43814     0.815686
43815     0.823529
43816     0.835294
43817     0.850980
43818     0.858824
43819     0.874510
43820     0.878431
43821     0.886275
43822     0.894118
43823     0.901961
43824     0.905882
43825     0.909804
43826     0.909804
43827     0.921569
43828     0.913725
43829     0.886275
43830     0.847059
43831     0.800000
43832     0.780392
43833     0.784314
43834     0.796078
43835     0.803922
43836     0.811765
43837     0.823529
43838     0.835294
43839     0.843137
43840     0.843137
43841     0.843137
43842     0.839216
43843     0.870588
43844     0.870588
43845     0.870588
43846     0.874510
43847     0.874510
43848     0.874510
43849     0.874510
43850     0.878431
43851     0.882353
43852     0.890196
43853     0.898039
43854     0.894118
43855     0.890196
43856     0.886275
43857     0.894118
43858     0.901961
43859     0.890196
43860     0.890196
43861     0.886275
43862     0.882353
43863     0.882353
43864     0.882353
43865     0.882353
43866     0.882353
43867     0.878431
43868     0.878431
43869     0.878431
43870     0.878431
43871     0.874510
43872     0.874510
43873     0.874510
43874     0.870588
43875     0.878431
43876     0.874510
43877     0.870588
43878     0.866667
43879     0.862745
43880     0.854902
43881     0.850980
43882     0.850980
43883     0.854902
43884     0.858824
43885     0.862745
43886     0.870588
43887     0.874510
43888     0.878431
43889     0.878431
43890     0.878431
43891     0.878431
43892     0.878431
43893     0.878431
43894     0.878431
43895     0.878431
43896     0.878431
43897     0.878431
43898     0.878431
43899     0.874510
43900     0.874510
43901     0.874510
43902     0.878431
43903     0.878431
43904     0.878431
43905     0.878431
43906     0.878431
43907     0.890196
43908     0.890196
43909     0.886275
43910     0.886275
43911     0.882353
43912     0.882353
43913     0.882353
43914     0.882353
43915     0.882353
43916     0.882353
43917     0.874510
43918     0.874510
43919     0.874510
43920     0.874510
43921     0.882353
43922     0.882353
43923     0.894118
43924     0.894118
43925     0.894118
43926     0.894118
43927     0.894118
43928     0.898039
43929     0.898039
43930     0.898039
43931     0.874510
43932     0.874510
43933     0.874510
43934     0.870588
43935     0.866667
43936     0.866667
43937     0.866667
43938     0.866667
43939     0.870588
43940     0.874510
43941     0.878431
43942     0.878431
43943     0.882353
43944     0.878431
43945     0.878431
43946     0.874510
43947     0.878431
43948     0.886275
43949     0.894118
43950     0.894118
43951     0.890196
43952     0.886275
43953     0.886275
43954     0.890196
43955     0.886275
43956     0.882353
43957     0.878431
43958     0.874510
43959     0.874510
43960     0.878431
43961     0.882353
43962     0.882353
43963     0.862745
43964     0.858824
43965     0.854902
43966     0.847059
43967     0.843137
43968     0.839216
43969     0.835294
43970     0.835294
43971     0.843137
43972     0.839216
43973     0.831373
43974     0.831373
43975     0.835294
43976     0.847059
43977     0.862745
43978     0.870588
43979     0.874510
43980     0.878431
43981     0.882353
43982     0.886275
43983     0.886275
43984     0.886275
43985     0.886275
43986     0.886275
43987     0.898039
43988     0.886275
43989     0.874510
43990     0.870588
43991     0.870588
43992     0.866667
43993     0.862745
43994     0.854902
43995     0.862745
43996     0.858824
43997     0.854902
43998     0.850980
43999     0.850980
44000     0.858824
44001     0.866667
44002     0.870588
44003     0.850980
44004     0.847059
44005     0.843137
44006     0.843137
44007     0.854902
44008     0.870588
44009     0.886275
44010     0.894118
44011     0.886275
44012     0.890196
44013     0.905882
44014     0.925490
44015     0.941176
44016     0.945098
44017     0.933333
44018     0.921569
44019     0.905882
44020     0.901961
44021     0.898039
44022     0.894118
44023     0.898039
44024     0.909804
44025     0.921569
44026     0.933333
44027     0.921569
44028     0.925490
44029     0.929412
44030     0.917647
44031     0.901961
44032     0.890196
44033     0.886275
44034     0.894118
44035     0.874510
44036     0.874510
44037     0.874510
44038     0.850980
44039     0.847059
44040     0.843137
44041     0.843137
44042     0.843137
44043     0.850980
44044     0.854902
44045     0.862745
44046     0.874510
44047     0.878431
44048     0.886275
44049     0.894118
44050     0.898039
44051     0.901961
44052     0.905882
44053     0.905882
44054     0.917647
44055     0.917647
44056     0.898039
44057     0.866667
44058     0.831373
44059     0.811765
44060     0.811765
44061     0.819608
44062     0.839216
44063     0.843137
44064     0.850980
44065     0.858824
44066     0.858824
44067     0.858824
44068     0.854902
44069     0.850980
44070     0.882353
44071     0.878431
44072     0.874510
44073     0.870588
44074     0.870588
44075     0.870588
44076     0.874510
44077     0.878431
44078     0.878431
44079     0.886275
44080     0.890196
44081     0.890196
44082     0.886275
44083     0.886275
44084     0.890196
44085     0.898039
44086     0.886275
44087     0.882353
44088     0.882353
44089     0.882353
44090     0.878431
44091     0.878431
44092     0.878431
44093     0.878431
44094     0.874510
44095     0.874510
44096     0.874510
44097     0.870588
44098     0.870588
44099     0.866667
44100     0.866667
44101     0.866667
44102     0.878431
44103     0.874510
44104     0.870588
44105     0.866667
44106     0.862745
44107     0.858824
44108     0.854902
44109     0.854902
44110     0.858824
44111     0.858824
44112     0.858824
44113     0.862745
44114     0.866667
44115     0.870588
44116     0.878431
44117     0.878431
44118     0.886275
44119     0.886275
44120     0.882353
44121     0.878431
44122     0.874510
44123     0.874510
44124     0.870588
44125     0.870588
44126     0.870588
44127     0.870588
44128     0.874510
44129     0.878431
44130     0.882353
44131     0.886275
44132     0.890196
44133     0.890196
44134     0.894118
44135     0.890196
44136     0.886275
44137     0.882353
44138     0.882353
44139     0.882353
44140     0.882353
44141     0.882353
44142     0.882353
44143     0.878431
44144     0.878431
44145     0.874510
44146     0.874510
44147     0.878431
44148     0.878431
44149     0.882353
44150     0.890196
44151     0.890196
44152     0.894118
44153     0.894118
44154     0.898039
44155     0.901961
44156     0.901961
44157     0.901961
44158     0.886275
44159     0.882353
44160     0.874510
44161     0.866667
44162     0.862745
44163     0.862745
44164     0.862745
44165     0.866667
44166     0.866667
44167     0.870588
44168     0.874510
44169     0.878431
44170     0.878431
44171     0.882353
44172     0.878431
44173     0.878431
44174     0.878431
44175     0.890196
44176     0.898039
44177     0.901961
44178     0.894118
44179     0.886275
44180     0.882353
44181     0.882353
44182     0.870588
44183     0.874510
44184     0.878431
44185     0.882353
44186     0.886275
44187     0.890196
44188     0.890196
44189     0.890196
44190     0.866667
44191     0.866667
44192     0.866667
44193     0.862745
44194     0.858824
44195     0.854902
44196     0.847059
44197     0.847059
44198     0.835294
44199     0.839216
44200     0.839216
44201     0.843137
44202     0.850980
44203     0.858824
44204     0.866667
44205     0.874510
44206     0.878431
44207     0.878431
44208     0.886275
44209     0.894118
44210     0.898039
44211     0.898039
44212     0.901961
44213     0.898039
44214     0.901961
44215     0.894118
44216     0.882353
44217     0.874510
44218     0.874510
44219     0.874510
44220     0.870588
44221     0.862745
44222     0.862745
44223     0.858824
44224     0.850980
44225     0.847059
44226     0.843137
44227     0.847059
44228     0.850980
44229     0.854902
44230     0.850980
44231     0.847059
44232     0.839216
44233     0.835294
44234     0.839216
44235     0.847059
44236     0.858824
44237     0.866667
44238     0.858824
44239     0.866667
44240     0.878431
44241     0.901961
44242     0.917647
44243     0.921569
44244     0.913725
44245     0.905882
44246     0.894118
44247     0.886275
44248     0.882353
44249     0.878431
44250     0.878431
44251     0.886275
44252     0.898039
44253     0.901961
44254     0.905882
44255     0.913725
44256     0.913725
44257     0.909804
44258     0.898039
44259     0.890196
44260     0.890196
44261     0.890196
44262     0.886275
44263     0.886275
44264     0.886275
44265     0.882353
44266     0.878431
44267     0.874510
44268     0.866667
44269     0.862745
44270     0.862745
44271     0.862745
44272     0.866667
44273     0.882353
44274     0.886275
44275     0.890196
44276     0.898039
44277     0.901961
44278     0.901961
44279     0.905882
44280     0.901961
44281     0.905882
44282     0.905882
44283     0.901961
44284     0.882353
44285     0.862745
44286     0.850980
44287     0.850980
44288     0.858824
44289     0.886275
44290     0.886275
44291     0.890196
44292     0.890196
44293     0.886275
44294     0.882353
44295     0.878431
44296     0.874510
44297     0.886275
44298     0.882353
44299     0.870588
44300     0.862745
44301     0.858824
44302     0.862745
44303     0.870588
44304     0.874510
44305     0.878431
44306     0.882353
44307     0.886275
44308     0.886275
44309     0.886275
44310     0.886275
44311     0.890196
44312     0.890196
44313     0.878431
44314     0.882353
44315     0.882353
44316     0.882353
44317     0.878431
44318     0.874510
44319     0.874510
44320     0.870588
44321     0.874510
44322     0.874510
44323     0.870588
44324     0.866667
44325     0.866667
44326     0.862745
44327     0.862745
44328     0.858824
44329     0.874510
44330     0.874510
44331     0.870588
44332     0.866667
44333     0.862745
44334     0.858824
44335     0.858824
44336     0.854902
44337     0.858824
44338     0.854902
44339     0.854902
44340     0.850980
44341     0.854902
44342     0.862745
44343     0.870588
44344     0.878431
44345     0.882353
44346     0.882353
44347     0.882353
44348     0.882353
44349     0.882353
44350     0.878431
44351     0.878431
44352     0.878431
44353     0.882353
44354     0.882353
44355     0.886275
44356     0.886275
44357     0.890196
44358     0.894118
44359     0.898039
44360     0.898039
44361     0.894118
44362     0.890196
44363     0.886275
44364     0.878431
44365     0.878431
44366     0.878431
44367     0.878431
44368     0.882353
44369     0.878431
44370     0.878431
44371     0.878431
44372     0.878431
44373     0.878431
44374     0.878431
44375     0.878431
44376     0.878431
44377     0.886275
44378     0.886275
44379     0.890196
44380     0.894118
44381     0.898039
44382     0.901961
44383     0.905882
44384     0.905882
44385     0.894118
44386     0.886275
44387     0.874510
44388     0.862745
44389     0.858824
44390     0.858824
44391     0.862745
44392     0.866667
44393     0.866667
44394     0.870588
44395     0.874510
44396     0.878431
44397     0.882353
44398     0.882353
44399     0.882353
44400     0.878431
44401     0.878431
44402     0.890196
44403     0.901961
44404     0.905882
44405     0.898039
44406     0.886275
44407     0.878431
44408     0.874510
44409     0.862745
44410     0.866667
44411     0.878431
44412     0.886275
44413     0.890196
44414     0.890196
44415     0.886275
44416     0.882353
44417     0.862745
44418     0.866667
44419     0.870588
44420     0.870588
44421     0.870588
44422     0.862745
44423     0.854902
44424     0.850980
44425     0.835294
44426     0.843137
44427     0.847059
44428     0.858824
44429     0.866667
44430     0.870588
44431     0.874510
44432     0.874510
44433     0.882353
44434     0.882353
44435     0.886275
44436     0.898039
44437     0.905882
44438     0.913725
44439     0.913725
44440     0.909804
44441     0.898039
44442     0.890196
44443     0.878431
44444     0.874510
44445     0.874510
44446     0.874510
44447     0.870588
44448     0.862745
44449     0.858824
44450     0.854902
44451     0.850980
44452     0.843137
44453     0.839216
44454     0.839216
44455     0.839216
44456     0.843137
44457     0.854902
44458     0.850980
44459     0.847059
44460     0.843137
44461     0.847059
44462     0.850980
44463     0.858824
44464     0.862745
44465     0.862745
44466     0.866667
44467     0.874510
44468     0.890196
44469     0.905882
44470     0.909804
44471     0.901961
44472     0.890196
44473     0.894118
44474     0.890196
44475     0.878431
44476     0.870588
44477     0.866667
44478     0.866667
44479     0.866667
44480     0.870588
44481     0.905882
44482     0.909804
44483     0.913725
44484     0.909804
44485     0.901961
44486     0.894118
44487     0.890196
44488     0.886275
44489     0.898039
44490     0.898039
44491     0.898039
44492     0.901961
44493     0.898039
44494     0.890196
44495     0.882353
44496     0.878431
44497     0.874510
44498     0.870588
44499     0.870588
44500     0.890196
44501     0.894118
44502     0.898039
44503     0.901961
44504     0.905882
44505     0.905882
44506     0.905882
44507     0.901961
44508     0.886275
44509     0.890196
44510     0.890196
44511     0.890196
44512     0.886275
44513     0.886275
44514     0.890196
44515     0.898039
44516     0.913725
44517     0.913725
44518     0.909804
44519     0.905882
44520     0.898039
44521     0.894118
44522     0.886275
44523     0.882353
44524     0.886275
44525     0.878431
44526     0.866667
44527     0.858824
44528     0.858824
44529     0.858824
44530     0.866667
44531     0.870588
44532     0.882353
44533     0.882353
44534     0.882353
44535     0.882353
44536     0.886275
44537     0.890196
44538     0.890196
44539     0.886275
44540     0.878431
44541     0.878431
44542     0.882353
44543     0.882353
44544     0.882353
44545     0.878431
44546     0.870588
44547     0.870588
44548     0.874510
44549     0.874510
44550     0.870588
44551     0.866667
44552     0.862745
44553     0.858824
44554     0.858824
44555     0.854902
44556     0.866667
44557     0.866667
44558     0.866667
44559     0.862745
44560     0.858824
44561     0.858824
44562     0.854902
44563     0.854902
44564     0.854902
44565     0.854902
44566     0.850980
44567     0.847059
44568     0.850980
44569     0.858824
44570     0.866667
44571     0.870588
44572     0.870588
44573     0.874510
44574     0.878431
44575     0.882353
44576     0.886275
44577     0.894118
44578     0.898039
44579     0.898039
44580     0.898039
44581     0.898039
44582     0.898039
44583     0.898039
44584     0.898039
44585     0.898039
44586     0.901961
44587     0.901961
44588     0.898039
44589     0.894118
44590     0.882353
44591     0.874510
44592     0.870588
44593     0.874510
44594     0.878431
44595     0.878431
44596     0.878431
44597     0.878431
44598     0.878431
44599     0.878431
44600     0.878431
44601     0.878431
44602     0.878431
44603     0.878431
44604     0.882353
44605     0.882353
44606     0.886275
44607     0.890196
44608     0.894118
44609     0.898039
44610     0.901961
44611     0.901961
44612     0.901961
44613     0.894118
44614     0.882353
44615     0.870588
44616     0.862745
44617     0.862745
44618     0.866667
44619     0.870588
44620     0.870588
44621     0.874510
44622     0.878431
44623     0.882353
44624     0.882353
44625     0.882353
44626     0.882353
44627     0.882353
44628     0.874510
44629     0.886275
44630     0.898039
44631     0.901961
44632     0.894118
44633     0.882353
44634     0.874510
44635     0.870588
44636     0.862745
44637     0.870588
44638     0.878431
44639     0.886275
44640     0.886275
44641     0.882353
44642     0.870588
44643     0.866667
44644     0.858824
44645     0.862745
44646     0.866667
44647     0.870588
44648     0.870588
44649     0.866667
44650     0.858824
44651     0.854902
44652     0.843137
44653     0.850980
44654     0.858824
44655     0.866667
44656     0.874510
44657     0.878431
44658     0.878431
44659     0.878431
44660     0.882353
44661     0.882353
44662     0.882353
44663     0.894118
44664     0.909804
44665     0.921569
44666     0.917647
44667     0.909804
44668     0.890196
44669     0.882353
44670     0.870588
44671     0.866667
44672     0.870588
44673     0.870588
44674     0.862745
44675     0.858824
44676     0.858824
44677     0.854902
44678     0.850980
44679     0.847059
44680     0.843137
44681     0.839216
44682     0.835294
44683     0.835294
44684     0.850980
44685     0.850980
44686     0.850980
44687     0.850980
44688     0.850980
44689     0.858824
44690     0.866667
44691     0.870588
44692     0.874510
44693     0.874510
44694     0.878431
44695     0.886275
44696     0.894118
44697     0.894118
44698     0.882353
44699     0.874510
44700     0.894118
44701     0.886275
44702     0.874510
44703     0.858824
44704     0.847059
44705     0.835294
44706     0.831373
44707     0.827451
44708     0.874510
44709     0.878431
44710     0.886275
44711     0.894118
44712     0.898039
44713     0.898039
44714     0.894118
44715     0.886275
44716     0.901961
44717     0.901961
44718     0.901961
44719     0.901961
44720     0.898039
44721     0.894118
44722     0.890196
44723     0.882353
44724     0.878431
44725     0.874510
44726     0.870588
44727     0.894118
44728     0.894118
44729     0.898039
44730     0.901961
44731     0.901961
44732     0.901961
44733     0.898039
44734     0.898039
44735     0.874510
44736     0.874510
44737     0.878431
44738     0.886275
44739     0.894118
44740     0.901961
44741     0.913725
44742     0.917647
44743     0.917647
44744     0.913725
44745     0.909804
44746     0.901961
44747     0.894118
44748     0.886275
44749     0.882353
44750     0.878431
44751     0.878431
44752     0.874510
44753     0.870588
44754     0.866667
44755     0.862745
44756     0.866667
44757     0.870588
44758     0.874510
44759     0.890196
44760     0.882353
44761     0.882353
44762     0.886275
44763     0.890196
44764     0.894118
44765     0.894118
44766     0.886275
44767     0.878431
44768     0.882353
44769     0.886275
44770     0.886275
44771     0.886275
44772     0.882353
44773     0.874510
44774     0.870588
44775     0.878431
44776     0.874510
44777     0.874510
44778     0.870588
44779     0.862745
44780     0.858824
44781     0.854902
44782     0.854902
44783     0.862745
44784     0.858824
44785     0.858824
44786     0.858824
44787     0.854902
44788     0.854902
44789     0.850980
44790     0.850980
44791     0.850980
44792     0.847059
44793     0.847059
44794     0.847059
44795     0.850980
44796     0.854902
44797     0.858824
44798     0.858824
44799     0.854902
44800     0.858824
44801     0.866667
44802     0.878431
44803     0.886275
44804     0.898039
44805     0.905882
44806     0.909804
44807     0.905882
44808     0.905882
44809     0.905882
44810     0.905882
44811     0.901961
44812     0.901961
44813     0.901961
44814     0.901961
44815     0.901961
44816     0.894118
44817     0.882353
44818     0.870588
44819     0.866667
44820     0.870588
44821     0.874510
44822     0.878431
44823     0.874510
44824     0.878431
44825     0.878431
44826     0.882353
44827     0.882353
44828     0.878431
44829     0.878431
44830     0.874510
44831     0.882353
44832     0.882353
44833     0.882353
44834     0.886275
44835     0.890196
44836     0.890196
44837     0.894118
44838     0.894118
44839     0.901961
44840     0.894118
44841     0.886275
44842     0.878431
44843     0.874510
44844     0.874510
44845     0.878431
44846     0.878431
44847     0.882353
44848     0.886275
44849     0.886275
44850     0.890196
44851     0.890196
44852     0.886275
44853     0.882353
44854     0.882353
44855     0.866667
44856     0.878431
44857     0.890196
44858     0.894118
44859     0.886275
44860     0.874510
44861     0.870588
44862     0.870588
44863     0.870588
44864     0.874510
44865     0.882353
44866     0.882353
44867     0.882353
44868     0.874510
44869     0.862745
44870     0.858824
44871     0.858824
44872     0.858824
44873     0.862745
44874     0.866667
44875     0.866667
44876     0.866667
44877     0.862745
44878     0.862745
44879     0.858824
44880     0.862745
44881     0.870588
44882     0.874510
44883     0.878431
44884     0.882353
44885     0.882353
44886     0.882353
44887     0.882353
44888     0.878431
44889     0.878431
44890     0.890196
44891     0.909804
44892     0.917647
44893     0.913725
44894     0.901961
44895     0.882353
44896     0.874510
44897     0.862745
44898     0.862745
44899     0.862745
44900     0.862745
44901     0.858824
44902     0.854902
44903     0.858824
44904     0.858824
44905     0.858824
44906     0.854902
44907     0.850980
44908     0.847059
44909     0.843137
44910     0.839216
44911     0.843137
44912     0.843137
44913     0.847059
44914     0.847059
44915     0.850980
44916     0.858824
44917     0.862745
44918     0.866667
44919     0.874510
44920     0.870588
44921     0.870588
44922     0.874510
44923     0.882353
44924     0.878431
44925     0.870588
44926     0.858824
44927     0.882353
44928     0.874510
44929     0.858824
44930     0.843137
44931     0.827451
44932     0.811765
44933     0.800000
44934     0.796078
44935     0.811765
44936     0.819608
44937     0.839216
44938     0.862745
44939     0.886275
44940     0.901961
44941     0.901961
44942     0.898039
44943     0.901961
44944     0.901961
44945     0.901961
44946     0.890196
44947     0.890196
44948     0.890196
44949     0.890196
44950     0.886275
44951     0.882353
44952     0.874510
44953     0.874510
44954     0.886275
44955     0.890196
44956     0.890196
44957     0.894118
44958     0.894118
44959     0.890196
44960     0.886275
44961     0.886275
44962     0.870588
44963     0.870588
44964     0.870588
44965     0.874510
44966     0.890196
44967     0.905882
44968     0.913725
44969     0.921569
44970     0.921569
44971     0.917647
44972     0.909804
44973     0.901961
44974     0.894118
44975     0.886275
44976     0.882353
44977     0.882353
44978     0.878431
44979     0.878431
44980     0.878431
44981     0.878431
44982     0.878431
44983     0.878431
44984     0.882353
44985     0.882353
44986     0.894118
44987     0.886275
44988     0.882353
44989     0.886275
44990     0.898039
44991     0.901961
44992     0.898039
44993     0.890196
44994     0.878431
44995     0.882353
44996     0.890196
44997     0.894118
44998     0.890196
44999     0.886275
45000     0.878431
45001     0.870588
45002     0.882353
45003     0.878431
45004     0.874510
45005     0.870588
45006     0.866667
45007     0.862745
45008     0.858824
45009     0.854902
45010     0.854902
45011     0.850980
45012     0.850980
45013     0.850980
45014     0.850980
45015     0.847059
45016     0.847059
45017     0.847059
45018     0.843137
45019     0.843137
45020     0.847059
45021     0.850980
45022     0.850980
45023     0.850980
45024     0.850980
45025     0.850980
45026     0.843137
45027     0.847059
45028     0.854902
45029     0.866667
45030     0.878431
45031     0.890196
45032     0.901961
45033     0.905882
45034     0.894118
45035     0.894118
45036     0.894118
45037     0.898039
45038     0.901961
45039     0.901961
45040     0.905882
45041     0.905882
45042     0.901961
45043     0.894118
45044     0.882353
45045     0.870588
45046     0.862745
45047     0.866667
45048     0.874510
45049     0.878431
45050     0.874510
45051     0.874510
45052     0.882353
45053     0.882353
45054     0.882353
45055     0.882353
45056     0.874510
45057     0.874510
45058     0.878431
45059     0.878431
45060     0.882353
45061     0.882353
45062     0.882353
45063     0.882353
45064     0.882353
45065     0.882353
45066     0.898039
45067     0.894118
45068     0.894118
45069     0.890196
45070     0.890196
45071     0.886275
45072     0.886275
45073     0.886275
45074     0.894118
45075     0.894118
45076     0.898039
45077     0.894118
45078     0.894118
45079     0.890196
45080     0.882353
45081     0.882353
45082     0.862745
45083     0.870588
45084     0.878431
45085     0.878431
45086     0.874510
45087     0.870588
45088     0.874510
45089     0.878431
45090     0.874510
45091     0.878431
45092     0.882353
45093     0.882353
45094     0.882353
45095     0.878431
45096     0.870588
45097     0.866667
45098     0.862745
45099     0.862745
45100     0.862745
45101     0.862745
45102     0.866667
45103     0.866667
45104     0.870588
45105     0.874510
45106     0.874510
45107     0.874510
45108     0.878431
45109     0.878431
45110     0.878431
45111     0.882353
45112     0.886275
45113     0.886275
45114     0.882353
45115     0.874510
45116     0.870588
45117     0.882353
45118     0.901961
45119     0.913725
45120     0.901961
45121     0.890196
45122     0.878431
45123     0.870588
45124     0.862745
45125     0.858824
45126     0.862745
45127     0.862745
45128     0.858824
45129     0.854902
45130     0.862745
45131     0.862745
45132     0.862745
45133     0.862745
45134     0.858824
45135     0.854902
45136     0.850980
45137     0.850980
45138     0.850980
45139     0.850980
45140     0.850980
45141     0.854902
45142     0.854902
45143     0.858824
45144     0.862745
45145     0.862745
45146     0.870588
45147     0.866667
45148     0.866667
45149     0.874510
45150     0.878431
45151     0.878431
45152     0.870588
45153     0.862745
45154     0.870588
45155     0.866667
45156     0.854902
45157     0.839216
45158     0.823529
45159     0.807843
45160     0.800000
45161     0.792157
45162     0.780392
45163     0.792157
45164     0.811765
45165     0.847059
45166     0.882353
45167     0.901961
45168     0.905882
45169     0.898039
45170     0.898039
45171     0.898039
45172     0.898039
45173     0.882353
45174     0.886275
45175     0.886275
45176     0.886275
45177     0.882353
45178     0.882353
45179     0.878431
45180     0.874510
45181     0.882353
45182     0.882353
45183     0.886275
45184     0.886275
45185     0.882353
45186     0.882353
45187     0.878431
45188     0.874510
45189     0.874510
45190     0.870588
45191     0.862745
45192     0.870588
45193     0.882353
45194     0.898039
45195     0.909804
45196     0.913725
45197     0.929412
45198     0.925490
45199     0.917647
45200     0.905882
45201     0.898039
45202     0.894118
45203     0.890196
45204     0.890196
45205     0.878431
45206     0.878431
45207     0.886275
45208     0.890196
45209     0.890196
45210     0.890196
45211     0.890196
45212     0.890196
45213     0.898039
45214     0.890196
45215     0.882353
45216     0.890196
45217     0.901961
45218     0.905882
45219     0.901961
45220     0.890196
45221     0.882353
45222     0.886275
45223     0.894118
45224     0.898039
45225     0.894118
45226     0.890196
45227     0.878431
45228     0.874510
45229     0.886275
45230     0.882353
45231     0.878431
45232     0.874510
45233     0.866667
45234     0.862745
45235     0.858824
45236     0.858824
45237     0.847059
45238     0.847059
45239     0.847059
45240     0.847059
45241     0.847059
45242     0.843137
45243     0.843137
45244     0.843137
45245     0.839216
45246     0.843137
45247     0.847059
45248     0.850980
45249     0.854902
45250     0.850980
45251     0.847059
45252     0.843137
45253     0.839216
45254     0.843137
45255     0.850980
45256     0.858824
45257     0.870588
45258     0.882353
45259     0.890196
45260     0.894118
45261     0.878431
45262     0.878431
45263     0.882353
45264     0.890196
45265     0.898039
45266     0.901961
45267     0.909804
45268     0.909804
45269     0.905882
45270     0.894118
45271     0.882353
45272     0.866667
45273     0.862745
45274     0.866667
45275     0.870588
45276     0.878431
45277     0.870588
45278     0.874510
45279     0.882353
45280     0.886275
45281     0.886275
45282     0.882353
45283     0.874510
45284     0.870588
45285     0.878431
45286     0.878431
45287     0.878431
45288     0.878431
45289     0.878431
45290     0.874510
45291     0.874510
45292     0.874510
45293     0.894118
45294     0.894118
45295     0.898039
45296     0.898039
45297     0.898039
45298     0.894118
45299     0.890196
45300     0.890196
45301     0.901961
45302     0.901961
45303     0.901961
45304     0.901961
45305     0.894118
45306     0.890196
45307     0.882353
45308     0.878431
45309     0.858824
45310     0.866667
45311     0.870588
45312     0.870588
45313     0.866667
45314     0.866667
45315     0.874510
45316     0.882353
45317     0.878431
45318     0.882353
45319     0.882353
45320     0.886275
45321     0.886275
45322     0.882353
45323     0.882353
45324     0.882353
45325     0.870588
45326     0.866667
45327     0.862745
45328     0.862745
45329     0.866667
45330     0.870588
45331     0.878431
45332     0.886275
45333     0.886275
45334     0.886275
45335     0.882353
45336     0.878431
45337     0.878431
45338     0.882353
45339     0.886275
45340     0.886275
45341     0.882353
45342     0.870588
45343     0.866667
45344     0.878431
45345     0.898039
45346     0.909804
45347     0.898039
45348     0.882353
45349     0.882353
45350     0.870588
45351     0.862745
45352     0.862745
45353     0.862745
45354     0.866667
45355     0.862745
45356     0.858824
45357     0.862745
45358     0.866667
45359     0.866667
45360     0.866667
45361     0.866667
45362     0.862745
45363     0.858824
45364     0.858824
45365     0.862745
45366     0.862745
45367     0.862745
45368     0.862745
45369     0.862745
45370     0.862745
45371     0.862745
45372     0.862745
45373     0.870588
45374     0.870588
45375     0.870588
45376     0.878431
45377     0.886275
45378     0.890196
45379     0.886275
45380     0.878431
45381     0.870588
45382     0.866667
45383     0.854902
45384     0.847059
45385     0.831373
45386     0.819608
45387     0.811765
45388     0.807843
45389     0.788235
45390     0.792157
45391     0.815686
45392     0.847059
45393     0.882353
45394     0.901961
45395     0.901961
45396     0.894118
45397     0.894118
45398     0.894118
45399     0.894118
45400     0.870588
45401     0.878431
45402     0.890196
45403     0.890196
45404     0.886275
45405     0.882353
45406     0.882353
45407     0.882353
45408     0.882353
45409     0.882353
45410     0.882353
45411     0.878431
45412     0.874510
45413     0.870588
45414     0.866667
45415     0.862745
45416     0.858824
45417     0.870588
45418     0.882353
45419     0.886275
45420     0.882353
45421     0.890196
45422     0.905882
45423     0.917647
45424     0.937255
45425     0.925490
45426     0.913725
45427     0.905882
45428     0.905882
45429     0.901961
45430     0.898039
45431     0.890196
45432     0.882353
45433     0.882353
45434     0.886275
45435     0.894118
45436     0.898039
45437     0.898039
45438     0.886275
45439     0.874510
45440     0.886275
45441     0.882353
45442     0.874510
45443     0.870588
45444     0.870588
45445     0.874510
45446     0.882353
45447     0.886275
45448     0.878431
45449     0.886275
45450     0.894118
45451     0.898039
45452     0.898039
45453     0.894118
45454     0.886275
45455     0.878431
45456     0.882353
45457     0.878431
45458     0.878431
45459     0.874510
45460     0.866667
45461     0.858824
45462     0.850980
45463     0.847059
45464     0.847059
45465     0.847059
45466     0.839216
45467     0.835294
45468     0.835294
45469     0.835294
45470     0.839216
45471     0.839216
45472     0.843137
45473     0.850980
45474     0.858824
45475     0.858824
45476     0.850980
45477     0.839216
45478     0.839216
45479     0.839216
45480     0.823529
45481     0.831373
45482     0.843137
45483     0.854902
45484     0.866667
45485     0.870588
45486     0.874510
45487     0.874510
45488     0.874510
45489     0.878431
45490     0.878431
45491     0.886275
45492     0.890196
45493     0.894118
45494     0.898039
45495     0.898039
45496     0.901961
45497     0.898039
45498     0.890196
45499     0.886275
45500     0.882353
45501     0.878431
45502     0.878431
45503     0.882353
45504     0.874510
45505     0.874510
45506     0.870588
45507     0.870588
45508     0.870588
45509     0.874510
45510     0.878431
45511     0.882353
45512     0.878431
45513     0.874510
45514     0.870588
45515     0.870588
45516     0.878431
45517     0.878431
45518     0.874510
45519     0.866667
45520     0.886275
45521     0.890196
45522     0.890196
45523     0.894118
45524     0.894118
45525     0.890196
45526     0.890196
45527     0.886275
45528     0.898039
45529     0.898039
45530     0.898039
45531     0.898039
45532     0.898039
45533     0.898039
45534     0.898039
45535     0.898039
45536     0.898039
45537     0.886275
45538     0.874510
45539     0.870588
45540     0.874510
45541     0.882353
45542     0.886275
45543     0.886275
45544     0.894118
45545     0.890196
45546     0.886275
45547     0.882353
45548     0.882353
45549     0.882353
45550     0.882353
45551     0.882353
45552     0.870588
45553     0.874510
45554     0.878431
45555     0.874510
45556     0.870588
45557     0.870588
45558     0.878431
45559     0.886275
45560     0.890196
45561     0.890196
45562     0.890196
45563     0.886275
45564     0.886275
45565     0.886275
45566     0.882353
45567     0.882353
45568     0.874510
45569     0.878431
45570     0.878431
45571     0.878431
45572     0.878431
45573     0.878431
45574     0.878431
45575     0.882353
45576     0.870588
45577     0.870588
45578     0.866667
45579     0.866667
45580     0.866667
45581     0.870588
45582     0.874510
45583     0.874510
45584     0.878431
45585     0.878431
45586     0.882353
45587     0.882353
45588     0.882353
45589     0.878431
45590     0.874510
45591     0.874510
45592     0.870588
45593     0.866667
45594     0.866667
45595     0.862745
45596     0.862745
45597     0.866667
45598     0.866667
45599     0.870588
45600     0.870588
45601     0.870588
45602     0.874510
45603     0.882353
45604     0.894118
45605     0.894118
45606     0.890196
45607     0.882353
45608     0.886275
45609     0.882353
45610     0.874510
45611     0.854902
45612     0.831373
45613     0.815686
45614     0.811765
45615     0.811765
45616     0.788235
45617     0.796078
45618     0.815686
45619     0.835294
45620     0.858824
45621     0.874510
45622     0.890196
45623     0.894118
45624     0.878431
45625     0.882353
45626     0.886275
45627     0.866667
45628     0.878431
45629     0.886275
45630     0.890196
45631     0.886275
45632     0.882353
45633     0.882353
45634     0.886275
45635     0.882353
45636     0.882353
45637     0.878431
45638     0.874510
45639     0.870588
45640     0.862745
45641     0.854902
45642     0.850980
45643     0.862745
45644     0.870588
45645     0.882353
45646     0.882353
45647     0.878431
45648     0.882353
45649     0.898039
45650     0.909804
45651     0.929412
45652     0.921569
45653     0.913725
45654     0.909804
45655     0.909804
45656     0.901961
45657     0.894118
45658     0.886275
45659     0.874510
45660     0.878431
45661     0.882353
45662     0.890196
45663     0.898039
45664     0.894118
45665     0.882353
45666     0.870588
45667     0.878431
45668     0.878431
45669     0.874510
45670     0.874510
45671     0.874510
45672     0.874510
45673     0.878431
45674     0.878431
45675     0.870588
45676     0.874510
45677     0.882353
45678     0.886275
45679     0.886275
45680     0.882353
45681     0.874510
45682     0.870588
45683     0.870588
45684     0.870588
45685     0.870588
45686     0.866667
45687     0.862745
45688     0.858824
45689     0.850980
45690     0.847059
45691     0.835294
45692     0.839216
45693     0.839216
45694     0.843137
45695     0.843137
45696     0.843137
45697     0.843137
45698     0.843137
45699     0.839216
45700     0.847059
45701     0.854902
45702     0.854902
45703     0.847059
45704     0.843137
45705     0.839216
45706     0.843137
45707     0.831373
45708     0.835294
45709     0.847059
45710     0.854902
45711     0.862745
45712     0.866667
45713     0.870588
45714     0.870588
45715     0.870588
45716     0.874510
45717     0.878431
45718     0.882353
45719     0.886275
45720     0.894118
45721     0.898039
45722     0.898039
45723     0.894118
45724     0.890196
45725     0.886275
45726     0.882353
45727     0.878431
45728     0.878431
45729     0.878431
45730     0.878431
45731     0.882353
45732     0.878431
45733     0.874510
45734     0.874510
45735     0.874510
45736     0.874510
45737     0.878431
45738     0.878431
45739     0.886275
45740     0.878431
45741     0.874510
45742     0.874510
45743     0.878431
45744     0.882353
45745     0.882353
45746     0.874510
45747     0.886275
45748     0.890196
45749     0.890196
45750     0.894118
45751     0.894118
45752     0.890196
45753     0.890196
45754     0.886275
45755     0.894118
45756     0.894118
45757     0.894118
45758     0.894118
45759     0.894118
45760     0.894118
45761     0.894118
45762     0.894118
45763     0.898039
45764     0.886275
45765     0.874510
45766     0.870588
45767     0.874510
45768     0.882353
45769     0.886275
45770     0.886275
45771     0.894118
45772     0.894118
45773     0.890196
45774     0.886275
45775     0.882353
45776     0.882353
45777     0.886275
45778     0.886275
45779     0.878431
45780     0.878431
45781     0.882353
45782     0.874510
45783     0.866667
45784     0.866667
45785     0.870588
45786     0.878431
45787     0.886275
45788     0.886275
45789     0.886275
45790     0.886275
45791     0.886275
45792     0.886275
45793     0.890196
45794     0.890196
45795     0.878431
45796     0.878431
45797     0.878431
45798     0.878431
45799     0.878431
45800     0.878431
45801     0.878431
45802     0.878431
45803     0.874510
45804     0.870588
45805     0.866667
45806     0.866667
45807     0.866667
45808     0.870588
45809     0.870588
45810     0.874510
45811     0.874510
45812     0.878431
45813     0.878431
45814     0.882353
45815     0.882353
45816     0.878431
45817     0.874510
45818     0.874510
45819     0.874510
45820     0.874510
45821     0.870588
45822     0.866667
45823     0.866667
45824     0.870588
45825     0.874510
45826     0.874510
45827     0.870588
45828     0.870588
45829     0.874510
45830     0.882353
45831     0.894118
45832     0.894118
45833     0.890196
45834     0.878431
45835     0.890196
45836     0.890196
45837     0.886275
45838     0.866667
45839     0.843137
45840     0.823529
45841     0.815686
45842     0.811765
45843     0.792157
45844     0.800000
45845     0.815686
45846     0.831373
45847     0.850980
45848     0.866667
45849     0.878431
45850     0.882353
45851     0.870588
45852     0.874510
45853     0.874510
45854     0.866667
45855     0.874510
45856     0.886275
45857     0.886275
45858     0.882353
45859     0.878431
45860     0.882353
45861     0.886275
45862     0.886275
45863     0.886275
45864     0.882353
45865     0.874510
45866     0.866667
45867     0.854902
45868     0.843137
45869     0.839216
45870     0.862745
45871     0.866667
45872     0.878431
45873     0.878431
45874     0.878431
45875     0.882353
45876     0.890196
45877     0.898039
45878     0.917647
45879     0.913725
45880     0.909804
45881     0.909804
45882     0.909804
45883     0.905882
45884     0.890196
45885     0.882353
45886     0.862745
45887     0.862745
45888     0.874510
45889     0.886275
45890     0.894118
45891     0.890196
45892     0.878431
45893     0.862745
45894     0.866667
45895     0.870588
45896     0.870588
45897     0.874510
45898     0.874510
45899     0.870588
45900     0.870588
45901     0.866667
45902     0.858824
45903     0.862745
45904     0.866667
45905     0.870588
45906     0.870588
45907     0.866667
45908     0.862745
45909     0.858824
45910     0.858824
45911     0.858824
45912     0.858824
45913     0.862745
45914     0.858824
45915     0.854902
45916     0.850980
45917     0.847059
45918     0.827451
45919     0.831373
45920     0.839216
45921     0.843137
45922     0.843137
45923     0.843137
45924     0.843137
45925     0.843137
45926     0.831373
45927     0.839216
45928     0.850980
45929     0.854902
45930     0.847059
45931     0.843137
45932     0.843137
45933     0.847059
45934     0.835294
45935     0.839216
45936     0.847059
45937     0.854902
45938     0.858824
45939     0.862745
45940     0.862745
45941     0.862745
45942     0.862745
45943     0.866667
45944     0.870588
45945     0.878431
45946     0.886275
45947     0.890196
45948     0.898039
45949     0.898039
45950     0.886275
45951     0.886275
45952     0.878431
45953     0.874510
45954     0.874510
45955     0.870588
45956     0.870588
45957     0.874510
45958     0.886275
45959     0.882353
45960     0.878431
45961     0.874510
45962     0.870588
45963     0.870588
45964     0.870588
45965     0.870588
45966     0.890196
45967     0.882353
45968     0.874510
45969     0.870588
45970     0.878431
45971     0.886275
45972     0.886275
45973     0.882353
45974     0.886275
45975     0.886275
45976     0.890196
45977     0.890196
45978     0.890196
45979     0.890196
45980     0.886275
45981     0.886275
45982     0.894118
45983     0.894118
45984     0.894118
45985     0.894118
45986     0.894118
45987     0.894118
45988     0.894118
45989     0.894118
45990     0.898039
45991     0.886275
45992     0.874510
45993     0.870588
45994     0.878431
45995     0.886275
45996     0.890196
45997     0.890196
45998     0.894118
45999     0.894118
46000     0.890196
46001     0.886275
46002     0.886275
46003     0.886275
46004     0.886275
46005     0.890196
46006     0.886275
46007     0.890196
46008     0.886275
46009     0.878431
46010     0.866667
46011     0.862745
46012     0.866667
46013     0.870588
46014     0.878431
46015     0.878431
46016     0.878431
46017     0.878431
46018     0.882353
46019     0.886275
46020     0.890196
46021     0.894118
46022     0.886275
46023     0.882353
46024     0.882353
46025     0.878431
46026     0.878431
46027     0.874510
46028     0.874510
46029     0.870588
46030     0.874510
46031     0.870588
46032     0.866667
46033     0.866667
46034     0.866667
46035     0.866667
46036     0.870588
46037     0.870588
46038     0.874510
46039     0.874510
46040     0.878431
46041     0.878431
46042     0.878431
46043     0.878431
46044     0.874510
46045     0.874510
46046     0.878431
46047     0.878431
46048     0.874510
46049     0.870588
46050     0.870588
46051     0.874510
46052     0.878431
46053     0.878431
46054     0.874510
46055     0.870588
46056     0.874510
46057     0.882353
46058     0.894118
46059     0.894118
46060     0.886275
46061     0.878431
46062     0.894118
46063     0.898039
46064     0.898039
46065     0.882353
46066     0.858824
46067     0.835294
46068     0.819608
46069     0.811765
46070     0.796078
46071     0.800000
46072     0.811765
46073     0.823529
46074     0.839216
46075     0.850980
46076     0.858824
46077     0.866667
46078     0.858824
46079     0.858824
46080     0.858824
46081     0.866667
46082     0.874510
46083     0.882353
46084     0.882353
46085     0.878431
46086     0.878431
46087     0.882353
46088     0.890196
46089     0.898039
46090     0.894118
46091     0.890196
46092     0.882353
46093     0.870588
46094     0.854902
46095     0.847059
46096     0.839216
46097     0.854902
46098     0.858824
46099     0.870588
46100     0.878431
46101     0.882353
46102     0.890196
46103     0.894118
46104     0.901961
46105     0.909804
46106     0.909804
46107     0.909804
46108     0.913725
46109     0.913725
46110     0.909804
46111     0.894118
46112     0.878431
46113     0.850980
46114     0.850980
46115     0.858824
46116     0.870588
46117     0.882353
46118     0.878431
46119     0.866667
46120     0.854902
46121     0.858824
46122     0.862745
46123     0.870588
46124     0.874510
46125     0.874510
46126     0.870588
46127     0.862745
46128     0.858824
46129     0.847059
46130     0.850980
46131     0.854902
46132     0.854902
46133     0.854902
46134     0.854902
46135     0.850980
46136     0.847059
46137     0.847059
46138     0.850980
46139     0.854902
46140     0.854902
46141     0.854902
46142     0.854902
46143     0.850980
46144     0.850980
46145     0.839216
46146     0.839216
46147     0.835294
46148     0.831373
46149     0.831373
46150     0.831373
46151     0.835294
46152     0.839216
46153     0.827451
46154     0.839216
46155     0.850980
46156     0.854902
46157     0.850980
46158     0.847059
46159     0.847059
46160     0.850980
46161     0.843137
46162     0.847059
46163     0.847059
46164     0.850980
46165     0.854902
46166     0.854902
46167     0.858824
46168     0.858824
46169     0.858824
46170     0.858824
46171     0.866667
46172     0.874510
46173     0.882353
46174     0.886275
46175     0.894118
46176     0.898039
46177     0.878431
46178     0.878431
46179     0.874510
46180     0.870588
46181     0.866667
46182     0.866667
46183     0.866667
46184     0.870588
46185     0.882353
46186     0.878431
46187     0.874510
46188     0.866667
46189     0.862745
46190     0.862745
46191     0.862745
46192     0.862745
46193     0.886275
46194     0.878431
46195     0.866667
46196     0.866667
46197     0.874510
46198     0.882353
46199     0.886275
46200     0.886275
46201     0.882353
46202     0.886275
46203     0.890196
46204     0.890196
46205     0.890196
46206     0.890196
46207     0.886275
46208     0.882353
46209     0.894118
46210     0.894118
46211     0.894118
46212     0.898039
46213     0.898039
46214     0.898039
46215     0.898039
46216     0.898039
46217     0.898039
46218     0.886275
46219     0.874510
46220     0.870588
46221     0.878431
46222     0.890196
46223     0.894118
46224     0.894118
46225     0.898039
46226     0.894118
46227     0.890196
46228     0.890196
46229     0.890196
46230     0.890196
46231     0.894118
46232     0.894118
46233     0.898039
46234     0.898039
46235     0.894118
46236     0.882353
46237     0.866667
46238     0.858824
46239     0.858824
46240     0.862745
46241     0.862745
46242     0.862745
46243     0.862745
46244     0.862745
46245     0.870588
46246     0.878431
46247     0.886275
46248     0.890196
46249     0.890196
46250     0.886275
46251     0.882353
46252     0.882353
46253     0.874510
46254     0.874510
46255     0.870588
46256     0.866667
46257     0.874510
46258     0.870588
46259     0.866667
46260     0.866667
46261     0.862745
46262     0.862745
46263     0.866667
46264     0.866667
46265     0.870588
46266     0.870588
46267     0.874510
46268     0.878431
46269     0.878431
46270     0.878431
46271     0.878431
46272     0.874510
46273     0.878431
46274     0.874510
46275     0.870588
46276     0.870588
46277     0.870588
46278     0.870588
46279     0.874510
46280     0.878431
46281     0.874510
46282     0.874510
46283     0.878431
46284     0.886275
46285     0.894118
46286     0.894118
46287     0.886275
46288     0.878431
46289     0.886275
46290     0.894118
46291     0.898039
46292     0.890196
46293     0.866667
46294     0.839216
46295     0.815686
46296     0.807843
46297     0.800000
46298     0.803922
46299     0.807843
46300     0.815686
46301     0.823529
46302     0.835294
46303     0.843137
46304     0.847059
46305     0.843137
46306     0.843137
46307     0.839216
46308     0.866667
46309     0.870588
46310     0.878431
46311     0.878431
46312     0.874510
46313     0.878431
46314     0.886275
46315     0.894118
46316     0.909804
46317     0.905882
46318     0.901961
46319     0.894118
46320     0.882353
46321     0.870588
46322     0.858824
46323     0.850980
46324     0.850980
46325     0.854902
46326     0.866667
46327     0.882353
46328     0.894118
46329     0.905882
46330     0.909804
46331     0.909804
46332     0.905882
46333     0.905882
46334     0.909804
46335     0.913725
46336     0.917647
46337     0.913725
46338     0.898039
46339     0.886275
46340     0.850980
46341     0.850980
46342     0.850980
46343     0.862745
46344     0.870588
46345     0.870588
46346     0.858824
46347     0.850980
46348     0.858824
46349     0.862745
46350     0.866667
46351     0.870588
46352     0.870588
46353     0.866667
46354     0.862745
46355     0.858824
46356     0.843137
46357     0.847059
46358     0.847059
46359     0.847059
46360     0.847059
46361     0.847059
46362     0.847059
46363     0.843137
46364     0.847059
46365     0.850980
46366     0.854902
46367     0.858824
46368     0.858824
46369     0.858824
46370     0.854902
46371     0.854902
46372     0.862745
46373     0.850980
46374     0.835294
46375     0.819608
46376     0.815686
46377     0.819608
46378     0.827451
46379     0.831373
46380     0.831373
46381     0.843137
46382     0.850980
46383     0.854902
46384     0.850980
46385     0.847059
46386     0.850980
46387     0.850980
46388     0.847059
46389     0.847059
46390     0.847059
46391     0.847059
46392     0.850980
46393     0.850980
46394     0.854902
46395     0.854902
46396     0.854902
46397     0.858824
46398     0.862745
46399     0.866667
46400     0.874510
46401     0.882353
46402     0.886275
46403     0.890196
46404     0.874510
46405     0.870588
46406     0.870588
46407     0.866667
46408     0.862745
46409     0.866667
46410     0.866667
46411     0.870588
46412     0.874510
46413     0.874510
46414     0.866667
46415     0.862745
46416     0.858824
46417     0.854902
46418     0.854902
46419     0.854902
46420     0.874510
46421     0.866667
46422     0.858824
46423     0.862745
46424     0.870588
46425     0.878431
46426     0.878431
46427     0.878431
46428     0.882353
46429     0.882353
46430     0.886275
46431     0.890196
46432     0.890196
46433     0.886275
46434     0.882353
46435     0.882353
46436     0.894118
46437     0.894118
46438     0.898039
46439     0.898039
46440     0.901961
46441     0.901961
46442     0.905882
46443     0.905882
46444     0.898039
46445     0.886275
46446     0.874510
46447     0.874510
46448     0.882353
46449     0.890196
46450     0.898039
46451     0.898039
46452     0.898039
46453     0.894118
46454     0.894118
46455     0.894118
46456     0.894118
46457     0.894118
46458     0.898039
46459     0.901961
46460     0.905882
46461     0.905882
46462     0.901961
46463     0.886275
46464     0.866667
46465     0.854902
46466     0.854902
46467     0.858824
46468     0.850980
46469     0.850980
46470     0.847059
46471     0.850980
46472     0.854902
46473     0.866667
46474     0.874510
46475     0.882353
46476     0.890196
46477     0.886275
46478     0.882353
46479     0.882353
46480     0.874510
46481     0.874510
46482     0.870588
46483     0.866667
46484     0.874510
46485     0.870588
46486     0.866667
46487     0.862745
46488     0.862745
46489     0.862745
46490     0.862745
46491     0.862745
46492     0.866667
46493     0.866667
46494     0.870588
46495     0.874510
46496     0.878431
46497     0.878431
46498     0.878431
46499     0.874510
46500     0.870588
46501     0.870588
46502     0.866667
46503     0.862745
46504     0.862745
46505     0.866667
46506     0.870588
46507     0.870588
46508     0.878431
46509     0.874510
46510     0.878431
46511     0.886275
46512     0.894118
46513     0.890196
46514     0.882353
46515     0.874510
46516     0.874510
46517     0.886275
46518     0.894118
46519     0.886275
46520     0.862745
46521     0.835294
46522     0.815686
46523     0.803922
46524     0.807843
46525     0.807843
46526     0.807843
46527     0.807843
46528     0.815686
46529     0.823529
46530     0.827451
46531     0.835294
46532     0.831373
46533     0.827451
46534     0.823529
46535     0.862745
46536     0.870588
46537     0.874510
46538     0.874510
46539     0.870588
46540     0.874510
46541     0.886275
46542     0.894118
46543     0.909804
46544     0.909804
46545     0.905882
46546     0.901961
46547     0.894118
46548     0.886275
46549     0.878431
46550     0.874510
46551     0.858824
46552     0.862745
46553     0.874510
46554     0.890196
46555     0.909804
46556     0.917647
46557     0.917647
46558     0.913725
46559     0.909804
46560     0.909804
46561     0.909804
46562     0.913725
46563     0.917647
46564     0.917647
46565     0.905882
46566     0.898039
46567     0.866667
46568     0.862745
46569     0.854902
46570     0.858824
46571     0.862745
46572     0.866667
46573     0.862745
46574     0.858824
46575     0.862745
46576     0.866667
46577     0.866667
46578     0.870588
46579     0.870588
46580     0.866667
46581     0.866667
46582     0.862745
46583     0.850980
46584     0.850980
46585     0.850980
46586     0.850980
46587     0.850980
46588     0.850980
46589     0.850980
46590     0.850980
46591     0.854902
46592     0.858824
46593     0.862745
46594     0.862745
46595     0.866667
46596     0.862745
46597     0.862745
46598     0.858824
46599     0.878431
46600     0.866667
46601     0.847059
46602     0.827451
46603     0.819608
46604     0.819608
46605     0.827451
46606     0.831373
46607     0.839216
46608     0.850980
46609     0.858824
46610     0.862745
46611     0.858824
46612     0.850980
46613     0.850980
46614     0.854902
46615     0.847059
46616     0.843137
46617     0.843137
46618     0.843137
46619     0.847059
46620     0.850980
46621     0.854902
46622     0.858824
46623     0.854902
46624     0.858824
46625     0.862745
46626     0.866667
46627     0.870588
46628     0.874510
46629     0.878431
46630     0.878431
46631     0.870588
46632     0.870588
46633     0.866667
46634     0.866667
46635     0.862745
46636     0.866667
46637     0.866667
46638     0.870588
46639     0.870588
46640     0.866667
46641     0.862745
46642     0.858824
46643     0.858824
46644     0.854902
46645     0.858824
46646     0.858824
46647     0.862745
46648     0.858824
46649     0.858824
46650     0.862745
46651     0.874510
46652     0.878431
46653     0.874510
46654     0.870588
46655     0.882353
46656     0.882353
46657     0.886275
46658     0.886275
46659     0.886275
46660     0.886275
46661     0.882353
46662     0.882353
46663     0.890196
46664     0.894118
46665     0.894118
46666     0.898039
46667     0.898039
46668     0.901961
46669     0.905882
46670     0.905882
46671     0.894118
46672     0.886275
46673     0.874510
46674     0.874510
46675     0.882353
46676     0.894118
46677     0.898039
46678     0.901961
46679     0.898039
46680     0.898039
46681     0.894118
46682     0.894118
46683     0.898039
46684     0.898039
46685     0.901961
46686     0.905882
46687     0.913725
46688     0.909804
46689     0.901961
46690     0.886275
46691     0.866667
46692     0.854902
46693     0.854902
46694     0.854902
46695     0.850980
46696     0.847059
46697     0.843137
46698     0.843137
46699     0.847059
46700     0.858824
46701     0.870588
46702     0.878431
46703     0.886275
46704     0.882353
46705     0.882353
46706     0.878431
46707     0.878431
46708     0.874510
46709     0.874510
46710     0.870588
46711     0.874510
46712     0.870588
46713     0.866667
46714     0.862745
46715     0.858824
46716     0.858824
46717     0.858824
46718     0.858824
46719     0.862745
46720     0.862745
46721     0.870588
46722     0.874510
46723     0.878431
46724     0.878431
46725     0.878431
46726     0.874510
46727     0.870588
46728     0.866667
46729     0.862745
46730     0.862745
46731     0.862745
46732     0.862745
46733     0.866667
46734     0.870588
46735     0.878431
46736     0.878431
46737     0.878431
46738     0.886275
46739     0.890196
46740     0.890196
46741     0.882353
46742     0.870588
46743     0.862745
46744     0.874510
46745     0.882353
46746     0.878431
46747     0.858824
46748     0.835294
46749     0.815686
46750     0.807843
46751     0.811765
46752     0.807843
46753     0.803922
46754     0.803922
46755     0.807843
46756     0.815686
46757     0.823529
46758     0.827451
46759     0.823529
46760     0.815686
46761     0.807843
46762     0.862745
46763     0.866667
46764     0.870588
46765     0.870588
46766     0.870588
46767     0.874510
46768     0.886275
46769     0.898039
46770     0.901961
46771     0.901961
46772     0.901961
46773     0.901961
46774     0.901961
46775     0.898039
46776     0.894118
46777     0.890196
46778     0.882353
46779     0.882353
46780     0.890196
46781     0.905882
46782     0.921569
46783     0.925490
46784     0.917647
46785     0.909804
46786     0.917647
46787     0.913725
46788     0.909804
46789     0.913725
46790     0.917647
46791     0.921569
46792     0.917647
46793     0.909804
46794     0.898039
46795     0.886275
46796     0.870588
46797     0.862745
46798     0.866667
46799     0.874510
46800     0.874510
46801     0.874510
46802     0.870588
46803     0.870588
46804     0.866667
46805     0.866667
46806     0.866667
46807     0.866667
46808     0.870588
46809     0.870588
46810     0.858824
46811     0.858824
46812     0.858824
46813     0.854902
46814     0.854902
46815     0.858824
46816     0.858824
46817     0.858824
46818     0.870588
46819     0.870588
46820     0.870588
46821     0.874510
46822     0.874510
46823     0.870588
46824     0.866667
46825     0.866667
46826     0.874510
46827     0.870588
46828     0.862745
46829     0.854902
46830     0.847059
46831     0.839216
46832     0.839216
46833     0.835294
46834     0.850980
46835     0.858824
46836     0.870588
46837     0.870588
46838     0.862745
46839     0.854902
46840     0.854902
46841     0.854902
46842     0.843137
46843     0.843137
46844     0.839216
46845     0.839216
46846     0.843137
46847     0.850980
46848     0.858824
46849     0.862745
46850     0.858824
46851     0.858824
46852     0.862745
46853     0.862745
46854     0.866667
46855     0.866667
46856     0.866667
46857     0.870588
46858     0.870588
46859     0.870588
46860     0.866667
46861     0.866667
46862     0.866667
46863     0.866667
46864     0.870588
46865     0.874510
46866     0.874510
46867     0.870588
46868     0.866667
46869     0.866667
46870     0.862745
46871     0.866667
46872     0.866667
46873     0.870588
46874     0.858824
46875     0.858824
46876     0.862745
46877     0.874510
46878     0.882353
46879     0.882353
46880     0.874510
46881     0.866667
46882     0.878431
46883     0.882353
46884     0.882353
46885     0.886275
46886     0.886275
46887     0.882353
46888     0.882353
46889     0.878431
46890     0.882353
46891     0.882353
46892     0.886275
46893     0.886275
46894     0.890196
46895     0.894118
46896     0.898039
46897     0.898039
46898     0.894118
46899     0.886275
46900     0.874510
46901     0.874510
46902     0.886275
46903     0.898039
46904     0.901961
46905     0.901961
46906     0.898039
46907     0.898039
46908     0.898039
46909     0.898039
46910     0.898039
46911     0.901961
46912     0.905882
46913     0.909804
46914     0.913725
46915     0.909804
46916     0.905882
46917     0.886275
46918     0.870588
46919     0.854902
46920     0.854902
46921     0.858824
46922     0.858824
46923     0.854902
46924     0.847059
46925     0.843137
46926     0.847059
46927     0.858824
46928     0.870588
46929     0.878431
46930     0.878431
46931     0.878431
46932     0.878431
46933     0.878431
46934     0.878431
46935     0.878431
46936     0.878431
46937     0.878431
46938     0.874510
46939     0.870588
46940     0.866667
46941     0.862745
46942     0.858824
46943     0.858824
46944     0.858824
46945     0.858824
46946     0.858824
46947     0.862745
46948     0.866667
46949     0.870588
46950     0.874510
46951     0.878431
46952     0.878431
46953     0.878431
46954     0.874510
46955     0.870588
46956     0.866667
46957     0.866667
46958     0.866667
46959     0.866667
46960     0.870588
46961     0.874510
46962     0.882353
46963     0.878431
46964     0.878431
46965     0.886275
46966     0.890196
46967     0.890196
46968     0.878431
46969     0.870588
46970     0.858824
46971     0.870588
46972     0.874510
46973     0.870588
46974     0.854902
46975     0.839216
46976     0.823529
46977     0.819608
46978     0.811765
46979     0.807843
46980     0.803922
46981     0.800000
46982     0.803922
46983     0.811765
46984     0.823529
46985     0.827451
46986     0.815686
46987     0.811765
46988     0.800000
46989     0.862745
46990     0.866667
46991     0.870588
46992     0.866667
46993     0.866667
46994     0.874510
46995     0.886275
46996     0.898039
46997     0.894118
46998     0.898039
46999     0.898039
47000     0.901961
47001     0.901961
47002     0.901961
47003     0.898039
47004     0.898039
47005     0.901961
47006     0.898039
47007     0.901961
47008     0.913725
47009     0.929412
47010     0.929412
47011     0.913725
47012     0.901961
47013     0.921569
47014     0.917647
47015     0.909804
47016     0.909804
47017     0.917647
47018     0.925490
47019     0.925490
47020     0.921569
47021     0.921569
47022     0.901961
47023     0.882353
47024     0.870588
47025     0.874510
47026     0.878431
47027     0.886275
47028     0.886275
47029     0.878431
47030     0.874510
47031     0.866667
47032     0.862745
47033     0.862745
47034     0.866667
47035     0.874510
47036     0.878431
47037     0.866667
47038     0.866667
47039     0.862745
47040     0.862745
47041     0.862745
47042     0.862745
47043     0.866667
47044     0.866667
47045     0.878431
47046     0.878431
47047     0.878431
47048     0.878431
47049     0.878431
47050     0.874510
47051     0.870588
47052     0.866667
47053     0.866667
47054     0.870588
47055     0.874510
47056     0.878431
47057     0.874510
47058     0.862745
47059     0.850980
47060     0.839216
47061     0.858824
47062     0.866667
47063     0.874510
47064     0.874510
47065     0.866667
47066     0.858824
47067     0.854902
47068     0.854902
47069     0.839216
47070     0.839216
47071     0.835294
47072     0.839216
47073     0.843137
47074     0.850980
47075     0.858824
47076     0.866667
47077     0.862745
47078     0.862745
47079     0.862745
47080     0.862745
47081     0.862745
47082     0.862745
47083     0.862745
47084     0.862745
47085     0.870588
47086     0.870588
47087     0.870588
47088     0.866667
47089     0.866667
47090     0.870588
47091     0.874510
47092     0.874510
47093     0.874510
47094     0.874510
47095     0.870588
47096     0.870588
47097     0.870588
47098     0.874510
47099     0.878431
47100     0.882353
47101     0.854902
47102     0.858824
47103     0.870588
47104     0.882353
47105     0.894118
47106     0.890196
47107     0.878431
47108     0.866667
47109     0.878431
47110     0.882353
47111     0.882353
47112     0.886275
47113     0.886275
47114     0.882353
47115     0.882353
47116     0.878431
47117     0.870588
47118     0.874510
47119     0.874510
47120     0.878431
47121     0.882353
47122     0.886275
47123     0.890196
47124     0.890196
47125     0.894118
47126     0.886275
47127     0.874510
47128     0.874510
47129     0.886275
47130     0.898039
47131     0.901961
47132     0.905882
47133     0.898039
47134     0.898039
47135     0.898039
47136     0.898039
47137     0.901961
47138     0.905882
47139     0.909804
47140     0.909804
47141     0.913725
47142     0.909804
47143     0.905882
47144     0.890196
47145     0.870588
47146     0.858824
47147     0.854902
47148     0.858824
47149     0.866667
47150     0.862745
47151     0.854902
47152     0.847059
47153     0.850980
47154     0.862745
47155     0.874510
47156     0.882353
47157     0.874510
47158     0.878431
47159     0.878431
47160     0.878431
47161     0.878431
47162     0.878431
47163     0.878431
47164     0.882353
47165     0.874510
47166     0.870588
47167     0.866667
47168     0.862745
47169     0.858824
47170     0.854902
47171     0.854902
47172     0.854902
47173     0.858824
47174     0.862745
47175     0.866667
47176     0.870588
47177     0.874510
47178     0.878431
47179     0.878431
47180     0.878431
47181     0.878431
47182     0.874510
47183     0.874510
47184     0.870588
47185     0.870588
47186     0.874510
47187     0.874510
47188     0.878431
47189     0.882353
47190     0.878431
47191     0.882353
47192     0.886275
47193     0.890196
47194     0.890196
47195     0.878431
47196     0.870588
47197     0.858824
47198     0.866667
47199     0.874510
47200     0.870588
47201     0.854902
47202     0.843137
47203     0.831373
47204     0.831373
47205     0.811765
47206     0.807843
47207     0.803922
47208     0.800000
47209     0.803922
47210     0.811765
47211     0.823529
47212     0.827451
47213     0.815686
47214     0.807843
47215     0.796078
47216     0.862745
47217     0.862745
47218     0.866667
47219     0.870588
47220     0.878431
47221     0.882353
47222     0.886275
47223     0.886275
47224     0.886275
47225     0.882353
47226     0.882353
47227     0.882353
47228     0.886275
47229     0.894118
47230     0.901961
47231     0.909804
47232     0.905882
47233     0.905882
47234     0.909804
47235     0.909804
47236     0.913725
47237     0.917647
47238     0.921569
47239     0.921569
47240     0.933333
47241     0.921569
47242     0.909804
47243     0.913725
47244     0.925490
47245     0.933333
47246     0.933333
47247     0.929412
47248     0.913725
47249     0.898039
47250     0.878431
47251     0.870588
47252     0.866667
47253     0.874510
47254     0.874510
47255     0.874510
47256     0.866667
47257     0.866667
47258     0.862745
47259     0.862745
47260     0.866667
47261     0.866667
47262     0.870588
47263     0.874510
47264     0.878431
47265     0.874510
47266     0.866667
47267     0.862745
47268     0.858824
47269     0.858824
47270     0.862745
47271     0.866667
47272     0.858824
47273     0.862745
47274     0.870588
47275     0.874510
47276     0.874510
47277     0.870588
47278     0.862745
47279     0.858824
47280     0.874510
47281     0.874510
47282     0.878431
47283     0.882353
47284     0.882353
47285     0.874510
47286     0.870588
47287     0.866667
47288     0.862745
47289     0.866667
47290     0.874510
47291     0.878431
47292     0.878431
47293     0.874510
47294     0.862745
47295     0.858824
47296     0.843137
47297     0.850980
47298     0.858824
47299     0.862745
47300     0.866667
47301     0.862745
47302     0.858824
47303     0.858824
47304     0.854902
47305     0.858824
47306     0.862745
47307     0.858824
47308     0.850980
47309     0.847059
47310     0.850980
47311     0.858824
47312     0.882353
47313     0.878431
47314     0.870588
47315     0.866667
47316     0.862745
47317     0.866667
47318     0.870588
47319     0.874510
47320     0.874510
47321     0.874510
47322     0.878431
47323     0.882353
47324     0.882353
47325     0.882353
47326     0.878431
47327     0.878431
47328     0.850980
47329     0.858824
47330     0.870588
47331     0.878431
47332     0.882353
47333     0.878431
47334     0.874510
47335     0.870588
47336     0.870588
47337     0.874510
47338     0.878431
47339     0.886275
47340     0.894118
47341     0.894118
47342     0.898039
47343     0.898039
47344     0.878431
47345     0.874510
47346     0.870588
47347     0.866667
47348     0.866667
47349     0.874510
47350     0.878431
47351     0.882353
47352     0.890196
47353     0.882353
47354     0.878431
47355     0.886275
47356     0.901961
47357     0.913725
47358     0.909804
47359     0.901961
47360     0.890196
47361     0.886275
47362     0.890196
47363     0.898039
47364     0.905882
47365     0.909804
47366     0.905882
47367     0.901961
47368     0.905882
47369     0.894118
47370     0.882353
47371     0.882353
47372     0.890196
47373     0.886275
47374     0.870588
47375     0.854902
47376     0.874510
47377     0.874510
47378     0.878431
47379     0.878431
47380     0.874510
47381     0.874510
47382     0.870588
47383     0.866667
47384     0.870588
47385     0.874510
47386     0.878431
47387     0.882353
47388     0.878431
47389     0.874510
47390     0.866667
47391     0.862745
47392     0.878431
47393     0.878431
47394     0.878431
47395     0.878431
47396     0.874510
47397     0.870588
47398     0.866667
47399     0.866667
47400     0.862745
47401     0.862745
47402     0.862745
47403     0.858824
47404     0.854902
47405     0.862745
47406     0.874510
47407     0.886275
47408     0.866667
47409     0.870588
47410     0.878431
47411     0.886275
47412     0.886275
47413     0.882353
47414     0.878431
47415     0.878431
47416     0.882353
47417     0.886275
47418     0.890196
47419     0.886275
47420     0.874510
47421     0.870588
47422     0.870588
47423     0.874510
47424     0.874510
47425     0.878431
47426     0.882353
47427     0.878431
47428     0.866667
47429     0.847059
47430     0.827451
47431     0.815686
47432     0.827451
47433     0.827451
47434     0.823529
47435     0.815686
47436     0.807843
47437     0.807843
47438     0.815686
47439     0.823529
47440     0.815686
47441     0.811765
47442     0.807843
47443     0.870588
47444     0.870588
47445     0.874510
47446     0.878431
47447     0.882353
47448     0.882353
47449     0.886275
47450     0.886275
47451     0.886275
47452     0.886275
47453     0.882353
47454     0.882353
47455     0.882353
47456     0.890196
47457     0.898039
47458     0.901961
47459     0.905882
47460     0.909804
47461     0.909804
47462     0.913725
47463     0.917647
47464     0.921569
47465     0.921569
47466     0.921569
47467     0.937255
47468     0.925490
47469     0.913725
47470     0.917647
47471     0.925490
47472     0.937255
47473     0.937255
47474     0.933333
47475     0.913725
47476     0.898039
47477     0.882353
47478     0.874510
47479     0.870588
47480     0.870588
47481     0.870588
47482     0.866667
47483     0.862745
47484     0.862745
47485     0.862745
47486     0.858824
47487     0.862745
47488     0.862745
47489     0.866667
47490     0.870588
47491     0.874510
47492     0.870588
47493     0.866667
47494     0.862745
47495     0.862745
47496     0.862745
47497     0.866667
47498     0.870588
47499     0.862745
47500     0.866667
47501     0.870588
47502     0.870588
47503     0.870588
47504     0.870588
47505     0.866667
47506     0.862745
47507     0.866667
47508     0.870588
47509     0.870588
47510     0.874510
47511     0.870588
47512     0.866667
47513     0.862745
47514     0.858824
47515     0.862745
47516     0.866667
47517     0.874510
47518     0.878431
47519     0.882353
47520     0.878431
47521     0.870588
47522     0.866667
47523     0.858824
47524     0.862745
47525     0.866667
47526     0.866667
47527     0.870588
47528     0.866667
47529     0.866667
47530     0.866667
47531     0.854902
47532     0.858824
47533     0.858824
47534     0.850980
47535     0.843137
47536     0.843137
47537     0.850980
47538     0.858824
47539     0.866667
47540     0.866667
47541     0.858824
47542     0.854902
47543     0.854902
47544     0.858824
47545     0.866667
47546     0.870588
47547     0.858824
47548     0.866667
47549     0.878431
47550     0.886275
47551     0.890196
47552     0.886275
47553     0.874510
47554     0.870588
47555     0.847059
47556     0.854902
47557     0.862745
47558     0.874510
47559     0.874510
47560     0.874510
47561     0.870588
47562     0.866667
47563     0.878431
47564     0.878431
47565     0.886275
47566     0.890196
47567     0.890196
47568     0.890196
47569     0.890196
47570     0.890196
47571     0.882353
47572     0.878431
47573     0.874510
47574     0.870588
47575     0.870588
47576     0.874510
47577     0.878431
47578     0.878431
47579     0.882353
47580     0.874510
47581     0.870588
47582     0.878431
47583     0.894118
47584     0.901961
47585     0.898039
47586     0.894118
47587     0.890196
47588     0.886275
47589     0.886275
47590     0.894118
47591     0.905882
47592     0.905882
47593     0.901961
47594     0.898039
47595     0.894118
47596     0.890196
47597     0.882353
47598     0.882353
47599     0.882353
47600     0.878431
47601     0.870588
47602     0.862745
47603     0.874510
47604     0.874510
47605     0.874510
47606     0.878431
47607     0.874510
47608     0.870588
47609     0.866667
47610     0.866667
47611     0.874510
47612     0.874510
47613     0.878431
47614     0.882353
47615     0.878431
47616     0.874510
47617     0.870588
47618     0.866667
47619     0.874510
47620     0.878431
47621     0.878431
47622     0.882353
47623     0.878431
47624     0.874510
47625     0.866667
47626     0.862745
47627     0.858824
47628     0.866667
47629     0.874510
47630     0.874510
47631     0.874510
47632     0.870588
47633     0.874510
47634     0.882353
47635     0.878431
47636     0.878431
47637     0.882353
47638     0.882353
47639     0.886275
47640     0.882353
47641     0.882353
47642     0.882353
47643     0.882353
47644     0.886275
47645     0.882353
47646     0.874510
47647     0.866667
47648     0.862745
47649     0.866667
47650     0.874510
47651     0.870588
47652     0.874510
47653     0.878431
47654     0.874510
47655     0.866667
47656     0.850980
47657     0.831373
47658     0.823529
47659     0.827451
47660     0.831373
47661     0.827451
47662     0.819608
47663     0.811765
47664     0.807843
47665     0.815686
47666     0.823529
47667     0.819608
47668     0.819608
47669     0.811765
47670     0.882353
47671     0.882353
47672     0.882353
47673     0.882353
47674     0.882353
47675     0.882353
47676     0.882353
47677     0.882353
47678     0.886275
47679     0.882353
47680     0.878431
47681     0.878431
47682     0.882353
47683     0.886275
47684     0.894118
47685     0.898039
47686     0.909804
47687     0.909804
47688     0.913725
47689     0.917647
47690     0.921569
47691     0.921569
47692     0.925490
47693     0.925490
47694     0.941176
47695     0.933333
47696     0.921569
47697     0.921569
47698     0.929412
47699     0.937255
47700     0.937255
47701     0.937255
47702     0.909804
47703     0.898039
47704     0.890196
47705     0.882353
47706     0.878431
47707     0.874510
47708     0.862745
47709     0.854902
47710     0.858824
47711     0.854902
47712     0.854902
47713     0.854902
47714     0.858824
47715     0.858824
47716     0.866667
47717     0.866667
47718     0.870588
47719     0.866667
47720     0.866667
47721     0.862745
47722     0.866667
47723     0.866667
47724     0.870588
47725     0.874510
47726     0.866667
47727     0.866667
47728     0.870588
47729     0.870588
47730     0.870588
47731     0.870588
47732     0.866667
47733     0.866667
47734     0.858824
47735     0.862745
47736     0.862745
47737     0.862745
47738     0.862745
47739     0.858824
47740     0.854902
47741     0.850980
47742     0.862745
47743     0.866667
47744     0.874510
47745     0.878431
47746     0.882353
47747     0.882353
47748     0.878431
47749     0.874510
47750     0.878431
47751     0.878431
47752     0.874510
47753     0.870588
47754     0.870588
47755     0.870588
47756     0.870588
47757     0.874510
47758     0.858824
47759     0.854902
47760     0.850980
47761     0.843137
47762     0.835294
47763     0.835294
47764     0.847059
47765     0.854902
47766     0.854902
47767     0.850980
47768     0.847059
47769     0.843137
47770     0.847059
47771     0.850980
47772     0.854902
47773     0.858824
47774     0.843137
47775     0.854902
47776     0.874510
47777     0.886275
47778     0.890196
47779     0.886275
47780     0.874510
47781     0.866667
47782     0.850980
47783     0.854902
47784     0.862745
47785     0.870588
47786     0.870588
47787     0.870588
47788     0.866667
47789     0.862745
47790     0.882353
47791     0.886275
47792     0.886275
47793     0.890196
47794     0.890196
47795     0.886275
47796     0.886275
47797     0.882353
47798     0.890196
47799     0.886275
47800     0.882353
47801     0.878431
47802     0.874510
47803     0.874510
47804     0.874510
47805     0.874510
47806     0.874510
47807     0.870588
47808     0.866667
47809     0.874510
47810     0.886275
47811     0.890196
47812     0.890196
47813     0.886275
47814     0.886275
47815     0.882353
47816     0.882353
47817     0.890196
47818     0.901961
47819     0.901961
47820     0.898039
47821     0.890196
47822     0.878431
47823     0.882353
47824     0.886275
47825     0.882353
47826     0.874510
47827     0.870588
47828     0.874510
47829     0.878431
47830     0.874510
47831     0.878431
47832     0.878431
47833     0.878431
47834     0.878431
47835     0.874510
47836     0.870588
47837     0.866667
47838     0.874510
47839     0.878431
47840     0.878431
47841     0.878431
47842     0.878431
47843     0.874510
47844     0.870588
47845     0.866667
47846     0.870588
47847     0.874510
47848     0.882353
47849     0.886275
47850     0.886275
47851     0.878431
47852     0.870588
47853     0.862745
47854     0.862745
47855     0.874510
47856     0.886275
47857     0.890196
47858     0.886275
47859     0.878431
47860     0.874510
47861     0.874510
47862     0.886275
47863     0.882353
47864     0.882353
47865     0.878431
47866     0.878431
47867     0.878431
47868     0.878431
47869     0.882353
47870     0.882353
47871     0.878431
47872     0.874510
47873     0.862745
47874     0.854902
47875     0.854902
47876     0.862745
47877     0.874510
47878     0.866667
47879     0.866667
47880     0.870588
47881     0.870588
47882     0.866667
47883     0.854902
47884     0.839216
47885     0.831373
47886     0.831373
47887     0.835294
47888     0.835294
47889     0.827451
47890     0.815686
47891     0.811765
47892     0.815686
47893     0.823529
47894     0.823529
47895     0.823529
47896     0.815686
47897     0.894118
47898     0.890196
47899     0.890196
47900     0.886275
47901     0.882353
47902     0.882353
47903     0.878431
47904     0.878431
47905     0.874510
47906     0.874510
47907     0.874510
47908     0.874510
47909     0.882353
47910     0.890196
47911     0.901961
47912     0.909804
47913     0.913725
47914     0.917647
47915     0.917647
47916     0.921569
47917     0.925490
47918     0.929412
47919     0.929412
47920     0.929412
47921     0.945098
47922     0.937255
47923     0.929412
47924     0.925490
47925     0.925490
47926     0.929412
47927     0.933333
47928     0.933333
47929     0.909804
47930     0.901961
47931     0.898039
47932     0.894118
47933     0.890196
47934     0.882353
47935     0.866667
47936     0.850980
47937     0.850980
47938     0.850980
47939     0.850980
47940     0.850980
47941     0.854902
47942     0.858824
47943     0.862745
47944     0.866667
47945     0.866667
47946     0.866667
47947     0.866667
47948     0.866667
47949     0.870588
47950     0.874510
47951     0.874510
47952     0.878431
47953     0.866667
47954     0.870588
47955     0.870588
47956     0.870588
47957     0.870588
47958     0.870588
47959     0.870588
47960     0.866667
47961     0.862745
47962     0.862745
47963     0.862745
47964     0.862745
47965     0.858824
47966     0.858824
47967     0.854902
47968     0.854902
47969     0.862745
47970     0.866667
47971     0.870588
47972     0.878431
47973     0.882353
47974     0.882353
47975     0.882353
47976     0.882353
47977     0.886275
47978     0.882353
47979     0.874510
47980     0.866667
47981     0.866667
47982     0.866667
47983     0.870588
47984     0.874510
47985     0.858824
47986     0.854902
47987     0.847059
47988     0.835294
47989     0.827451
47990     0.827451
47991     0.843137
47992     0.854902
47993     0.858824
47994     0.854902
47995     0.847059
47996     0.839216
47997     0.839216
47998     0.839216
47999     0.843137
48000     0.847059
48001     0.843137
48002     0.850980
48003     0.862745
48004     0.870588
48005     0.878431
48006     0.878431
48007     0.874510
48008     0.870588
48009     0.858824
48010     0.858824
48011     0.866667
48012     0.870588
48013     0.874510
48014     0.870588
48015     0.870588
48016     0.866667
48017     0.878431
48018     0.878431
48019     0.882353
48020     0.886275
48021     0.890196
48022     0.890196
48023     0.890196
48024     0.890196
48025     0.894118
48026     0.894118
48027     0.890196
48028     0.886275
48029     0.882353
48030     0.878431
48031     0.874510
48032     0.874510
48033     0.870588
48034     0.870588
48035     0.870588
48036     0.874510
48037     0.882353
48038     0.886275
48039     0.886275
48040     0.886275
48041     0.886275
48042     0.882353
48043     0.882353
48044     0.890196
48045     0.898039
48046     0.898039
48047     0.894118
48048     0.886275
48049     0.866667
48050     0.878431
48051     0.886275
48052     0.878431
48053     0.866667
48054     0.866667
48055     0.874510
48056     0.886275
48057     0.882353
48058     0.886275
48059     0.886275
48060     0.886275
48061     0.886275
48062     0.882353
48063     0.878431
48064     0.874510
48065     0.878431
48066     0.878431
48067     0.878431
48068     0.878431
48069     0.874510
48070     0.874510
48071     0.870588
48072     0.870588
48073     0.866667
48074     0.874510
48075     0.882353
48076     0.890196
48077     0.890196
48078     0.882353
48079     0.870588
48080     0.866667
48081     0.870588
48082     0.878431
48083     0.886275
48084     0.886275
48085     0.878431
48086     0.870588
48087     0.866667
48088     0.870588
48089     0.882353
48090     0.878431
48091     0.870588
48092     0.866667
48093     0.866667
48094     0.866667
48095     0.874510
48096     0.874510
48097     0.878431
48098     0.874510
48099     0.866667
48100     0.850980
48101     0.843137
48102     0.847059
48103     0.858824
48104     0.870588
48105     0.858824
48106     0.862745
48107     0.866667
48108     0.866667
48109     0.866667
48110     0.858824
48111     0.847059
48112     0.843137
48113     0.839216
48114     0.843137
48115     0.843137
48116     0.835294
48117     0.823529
48118     0.815686
48119     0.815686
48120     0.819608
48121     0.823529
48122     0.819608
48123     0.815686
48124     0.898039
48125     0.898039
48126     0.894118
48127     0.890196
48128     0.882353
48129     0.878431
48130     0.874510
48131     0.874510
48132     0.862745
48133     0.866667
48134     0.866667
48135     0.874510
48136     0.886275
48137     0.898039
48138     0.913725
48139     0.921569
48140     0.921569
48141     0.921569
48142     0.921569
48143     0.925490
48144     0.929412
48145     0.933333
48146     0.933333
48147     0.937255
48148     0.949020
48149     0.945098
48150     0.937255
48151     0.925490
48152     0.917647
48153     0.913725
48154     0.917647
48155     0.921569
48156     0.905882
48157     0.901961
48158     0.898039
48159     0.898039
48160     0.894118
48161     0.886275
48162     0.866667
48163     0.854902
48164     0.847059
48165     0.847059
48166     0.847059
48167     0.847059
48168     0.850980
48169     0.858824
48170     0.862745
48171     0.866667
48172     0.862745
48173     0.866667
48174     0.866667
48175     0.870588
48176     0.874510
48177     0.874510
48178     0.874510
48179     0.874510
48180     0.874510
48181     0.870588
48182     0.870588
48183     0.870588
48184     0.870588
48185     0.870588
48186     0.870588
48187     0.874510
48188     0.870588
48189     0.870588
48190     0.866667
48191     0.862745
48192     0.862745
48193     0.862745
48194     0.862745
48195     0.862745
48196     0.862745
48197     0.862745
48198     0.870588
48199     0.874510
48200     0.878431
48201     0.882353
48202     0.882353
48203     0.882353
48204     0.882353
48205     0.878431
48206     0.870588
48207     0.862745
48208     0.858824
48209     0.862745
48210     0.866667
48211     0.870588
48212     0.858824
48213     0.854902
48214     0.847059
48215     0.835294
48216     0.823529
48217     0.827451
48218     0.839216
48219     0.850980
48220     0.866667
48221     0.862745
48222     0.850980
48223     0.843137
48224     0.839216
48225     0.835294
48226     0.835294
48227     0.839216
48228     0.854902
48229     0.850980
48230     0.847059
48231     0.847059
48232     0.854902
48233     0.862745
48234     0.874510
48235     0.882353
48236     0.870588
48237     0.870588
48238     0.874510
48239     0.874510
48240     0.878431
48241     0.878431
48242     0.874510
48243     0.874510
48244     0.866667
48245     0.870588
48246     0.878431
48247     0.886275
48248     0.894118
48249     0.898039
48250     0.901961
48251     0.901961
48252     0.898039
48253     0.898039
48254     0.894118
48255     0.890196
48256     0.886275
48257     0.882353
48258     0.878431
48259     0.878431
48260     0.874510
48261     0.878431
48262     0.882353
48263     0.882353
48264     0.886275
48265     0.886275
48266     0.890196
48267     0.894118
48268     0.886275
48269     0.886275
48270     0.882353
48271     0.890196
48272     0.898039
48273     0.898039
48274     0.890196
48275     0.886275
48276     0.866667
48277     0.874510
48278     0.878431
48279     0.874510
48280     0.862745
48281     0.862745
48282     0.874510
48283     0.890196
48284     0.890196
48285     0.894118
48286     0.894118
48287     0.894118
48288     0.894118
48289     0.890196
48290     0.886275
48291     0.882353
48292     0.878431
48293     0.878431
48294     0.874510
48295     0.874510
48296     0.870588
48297     0.870588
48298     0.870588
48299     0.870588
48300     0.870588
48301     0.874510
48302     0.882353
48303     0.886275
48304     0.886275
48305     0.882353
48306     0.878431
48307     0.870588
48308     0.878431
48309     0.878431
48310     0.874510
48311     0.866667
48312     0.854902
48313     0.850980
48314     0.858824
48315     0.866667
48316     0.866667
48317     0.862745
48318     0.858824
48319     0.854902
48320     0.854902
48321     0.858824
48322     0.862745
48323     0.866667
48324     0.874510
48325     0.870588
48326     0.858824
48327     0.847059
48328     0.839216
48329     0.839216
48330     0.854902
48331     0.866667
48332     0.858824
48333     0.858824
48334     0.862745
48335     0.862745
48336     0.862745
48337     0.858824
48338     0.854902
48339     0.850980
48340     0.847059
48341     0.850980
48342     0.850980
48343     0.843137
48344     0.827451
48345     0.819608
48346     0.815686
48347     0.819608
48348     0.815686
48349     0.811765
48350     0.811765
48351     0.905882
48352     0.901961
48353     0.901961
48354     0.894118
48355     0.890196
48356     0.886275
48357     0.882353
48358     0.878431
48359     0.866667
48360     0.866667
48361     0.870588
48362     0.878431
48363     0.890196
48364     0.905882
48365     0.917647
48366     0.929412
48367     0.925490
48368     0.925490
48369     0.929412
48370     0.929412
48371     0.933333
48372     0.937255
48373     0.941176
48374     0.941176
48375     0.949020
48376     0.949020
48377     0.937255
48378     0.921569
48379     0.901961
48380     0.894118
48381     0.894118
48382     0.898039
48383     0.898039
48384     0.890196
48385     0.890196
48386     0.890196
48387     0.890196
48388     0.882353
48389     0.866667
48390     0.854902
48391     0.847059
48392     0.847059
48393     0.847059
48394     0.850980
48395     0.854902
48396     0.858824
48397     0.866667
48398     0.870588
48399     0.866667
48400     0.870588
48401     0.874510
48402     0.874510
48403     0.878431
48404     0.874510
48405     0.874510
48406     0.870588
48407     0.874510
48408     0.874510
48409     0.870588
48410     0.870588
48411     0.870588
48412     0.870588
48413     0.874510
48414     0.874510
48415     0.878431
48416     0.874510
48417     0.870588
48418     0.866667
48419     0.866667
48420     0.866667
48421     0.866667
48422     0.870588
48423     0.862745
48424     0.862745
48425     0.866667
48426     0.866667
48427     0.870588
48428     0.874510
48429     0.874510
48430     0.878431
48431     0.870588
48432     0.866667
48433     0.862745
48434     0.862745
48435     0.858824
48436     0.862745
48437     0.862745
48438     0.862745
48439     0.858824
48440     0.858824
48441     0.850980
48442     0.839216
48443     0.827451
48444     0.827451
48445     0.835294
48446     0.847059
48447     0.866667
48448     0.862745
48449     0.850980
48450     0.843137
48451     0.839216
48452     0.835294
48453     0.835294
48454     0.839216
48455     0.858824
48456     0.850980
48457     0.839216
48458     0.835294
48459     0.839216
48460     0.850980
48461     0.870588
48462     0.882353
48463     0.878431
48464     0.878431
48465     0.878431
48466     0.878431
48467     0.878431
48468     0.878431
48469     0.878431
48470     0.878431
48471     0.858824
48472     0.862745
48473     0.874510
48474     0.886275
48475     0.894118
48476     0.901961
48477     0.905882
48478     0.905882
48479     0.898039
48480     0.898039
48481     0.898039
48482     0.898039
48483     0.894118
48484     0.890196
48485     0.886275
48486     0.882353
48487     0.878431
48488     0.886275
48489     0.890196
48490     0.890196
48491     0.886275
48492     0.886275
48493     0.894118
48494     0.898039
48495     0.894118
48496     0.890196
48497     0.886275
48498     0.894118
48499     0.898039
48500     0.898039
48501     0.894118
48502     0.886275
48503     0.870588
48504     0.870588
48505     0.870588
48506     0.866667
48507     0.862745
48508     0.862745
48509     0.874510
48510     0.882353
48511     0.894118
48512     0.894118
48513     0.898039
48514     0.898039
48515     0.894118
48516     0.894118
48517     0.890196
48518     0.886275
48519     0.882353
48520     0.878431
48521     0.874510
48522     0.870588
48523     0.870588
48524     0.870588
48525     0.870588
48526     0.874510
48527     0.874510
48528     0.878431
48529     0.878431
48530     0.882353
48531     0.882353
48532     0.882353
48533     0.882353
48534     0.882353
48535     0.882353
48536     0.878431
48537     0.870588
48538     0.854902
48539     0.843137
48540     0.839216
48541     0.847059
48542     0.854902
48543     0.850980
48544     0.850980
48545     0.847059
48546     0.850980
48547     0.850980
48548     0.854902
48549     0.858824
48550     0.858824
48551     0.866667
48552     0.866667
48553     0.858824
48554     0.850980
48555     0.839216
48556     0.839216
48557     0.850980
48558     0.858824
48559     0.858824
48560     0.858824
48561     0.862745
48562     0.862745
48563     0.862745
48564     0.858824
48565     0.854902
48566     0.850980
48567     0.854902
48568     0.858824
48569     0.858824
48570     0.850980
48571     0.835294
48572     0.819608
48573     0.815686
48574     0.815686
48575     0.811765
48576     0.811765
48577     0.807843
48578     0.917647
48579     0.913725
48580     0.909804
48581     0.905882
48582     0.901961
48583     0.898039
48584     0.894118
48585     0.894118
48586     0.882353
48587     0.882353
48588     0.882353
48589     0.886275
48590     0.894118
48591     0.905882
48592     0.913725
48593     0.921569
48594     0.929412
48595     0.929412
48596     0.929412
48597     0.933333
48598     0.937255
48599     0.941176
48600     0.941176
48601     0.945098
48602     0.949020
48603     0.949020
48604     0.937255
48605     0.913725
48606     0.886275
48607     0.874510
48608     0.870588
48609     0.878431
48610     0.878431
48611     0.874510
48612     0.870588
48613     0.870588
48614     0.874510
48615     0.870588
48616     0.862745
48617     0.850980
48618     0.847059
48619     0.847059
48620     0.847059
48621     0.850980
48622     0.854902
48623     0.862745
48624     0.870588
48625     0.874510
48626     0.870588
48627     0.874510
48628     0.878431
48629     0.878431
48630     0.878431
48631     0.874510
48632     0.870588
48633     0.866667
48634     0.878431
48635     0.874510
48636     0.870588
48637     0.870588
48638     0.870588
48639     0.870588
48640     0.874510
48641     0.878431
48642     0.878431
48643     0.874510
48644     0.870588
48645     0.866667
48646     0.862745
48647     0.866667
48648     0.866667
48649     0.870588
48650     0.866667
48651     0.866667
48652     0.862745
48653     0.862745
48654     0.862745
48655     0.866667
48656     0.866667
48657     0.870588
48658     0.858824
48659     0.858824
48660     0.862745
48661     0.866667
48662     0.866667
48663     0.866667
48664     0.866667
48665     0.862745
48666     0.858824
48667     0.858824
48668     0.854902
48669     0.847059
48670     0.835294
48671     0.831373
48672     0.835294
48673     0.839216
48674     0.854902
48675     0.847059
48676     0.843137
48677     0.839216
48678     0.835294
48679     0.839216
48680     0.843137
48681     0.847059
48682     0.854902
48683     0.850980
48684     0.839216
48685     0.835294
48686     0.839216
48687     0.847059
48688     0.858824
48689     0.866667
48690     0.878431
48691     0.874510
48692     0.874510
48693     0.874510
48694     0.874510
48695     0.874510
48696     0.874510
48697     0.874510
48698     0.862745
48699     0.870588
48700     0.878431
48701     0.886275
48702     0.894118
48703     0.898039
48704     0.901961
48705     0.901961
48706     0.894118
48707     0.894118
48708     0.898039
48709     0.901961
48710     0.901961
48711     0.898039
48712     0.894118
48713     0.890196
48714     0.878431
48715     0.886275
48716     0.894118
48717     0.894118
48718     0.886275
48719     0.882353
48720     0.890196
48721     0.898039
48722     0.898039
48723     0.894118
48724     0.894118
48725     0.898039
48726     0.901961
48727     0.901961
48728     0.894118
48729     0.886275
48730     0.882353
48731     0.870588
48732     0.858824
48733     0.858824
48734     0.862745
48735     0.866667
48736     0.870588
48737     0.870588
48738     0.890196
48739     0.890196
48740     0.890196
48741     0.894118
48742     0.890196
48743     0.886275
48744     0.882353
48745     0.882353
48746     0.882353
48747     0.878431
48748     0.874510
48749     0.870588
48750     0.866667
48751     0.870588
48752     0.874510
48753     0.874510
48754     0.882353
48755     0.878431
48756     0.878431
48757     0.874510
48758     0.878431
48759     0.882353
48760     0.886275
48761     0.890196
48762     0.878431
48763     0.878431
48764     0.874510
48765     0.862745
48766     0.847059
48767     0.839216
48768     0.839216
48769     0.839216
48770     0.839216
48771     0.839216
48772     0.847059
48773     0.850980
48774     0.854902
48775     0.858824
48776     0.858824
48777     0.858824
48778     0.862745
48779     0.862745
48780     0.862745
48781     0.854902
48782     0.847059
48783     0.843137
48784     0.847059
48785     0.854902
48786     0.862745
48787     0.862745
48788     0.862745
48789     0.862745
48790     0.858824
48791     0.854902
48792     0.854902
48793     0.850980
48794     0.858824
48795     0.862745
48796     0.862745
48797     0.854902
48798     0.839216
48799     0.823529
48800     0.815686
48801     0.815686
48802     0.815686
48803     0.815686
48804     0.811765
48805     0.925490
48806     0.921569
48807     0.921569
48808     0.917647
48809     0.913725
48810     0.909804
48811     0.905882
48812     0.905882
48813     0.898039
48814     0.894118
48815     0.890196
48816     0.890196
48817     0.894118
48818     0.901961
48819     0.909804
48820     0.913725
48821     0.929412
48822     0.929412
48823     0.933333
48824     0.937255
48825     0.941176
48826     0.941176
48827     0.945098
48828     0.945098
48829     0.949020
48830     0.949020
48831     0.937255
48832     0.909804
48833     0.878431
48834     0.858824
48835     0.858824
48836     0.862745
48837     0.866667
48838     0.858824
48839     0.854902
48840     0.854902
48841     0.858824
48842     0.858824
48843     0.854902
48844     0.847059
48845     0.847059
48846     0.847059
48847     0.850980
48848     0.854902
48849     0.858824
48850     0.866667
48851     0.870588
48852     0.874510
48853     0.874510
48854     0.878431
48855     0.882353
48856     0.882353
48857     0.878431
48858     0.874510
48859     0.866667
48860     0.862745
48861     0.882353
48862     0.878431
48863     0.870588
48864     0.866667
48865     0.866667
48866     0.870588
48867     0.878431
48868     0.882353
48869     0.878431
48870     0.874510
48871     0.866667
48872     0.862745
48873     0.858824
48874     0.862745
48875     0.866667
48876     0.870588
48877     0.866667
48878     0.866667
48879     0.862745
48880     0.858824
48881     0.858824
48882     0.858824
48883     0.862745
48884     0.862745
48885     0.854902
48886     0.858824
48887     0.866667
48888     0.870588
48889     0.874510
48890     0.870588
48891     0.870588
48892     0.866667
48893     0.854902
48894     0.858824
48895     0.862745
48896     0.854902
48897     0.843137
48898     0.835294
48899     0.835294
48900     0.839216
48901     0.835294
48902     0.835294
48903     0.831373
48904     0.831373
48905     0.835294
48906     0.843137
48907     0.850980
48908     0.854902
48909     0.847059
48910     0.847059
48911     0.843137
48912     0.843137
48913     0.843137
48914     0.847059
48915     0.850980
48916     0.850980
48917     0.874510
48918     0.874510
48919     0.870588
48920     0.866667
48921     0.866667
48922     0.866667
48923     0.870588
48924     0.870588
48925     0.870588
48926     0.874510
48927     0.882353
48928     0.886275
48929     0.890196
48930     0.894118
48931     0.894118
48932     0.894118
48933     0.890196
48934     0.894118
48935     0.898039
48936     0.905882
48937     0.905882
48938     0.901961
48939     0.898039
48940     0.894118
48941     0.874510
48942     0.886275
48943     0.894118
48944     0.890196
48945     0.882353
48946     0.878431
48947     0.886275
48948     0.898039
48949     0.901961
48950     0.898039
48951     0.894118
48952     0.898039
48953     0.905882
48954     0.905882
48955     0.898039
48956     0.890196
48957     0.890196
48958     0.870588
48959     0.854902
48960     0.850980
48961     0.862745
48962     0.870588
48963     0.866667
48964     0.862745
48965     0.882353
48966     0.882353
48967     0.886275
48968     0.886275
48969     0.886275
48970     0.882353
48971     0.878431
48972     0.874510
48973     0.886275
48974     0.882353
48975     0.874510
48976     0.870588
48977     0.866667
48978     0.870588
48979     0.874510
48980     0.878431
48981     0.886275
48982     0.882353
48983     0.874510
48984     0.870588
48985     0.874510
48986     0.882353
48987     0.890196
48988     0.898039
48989     0.870588
48990     0.878431
48991     0.882353
48992     0.874510
48993     0.858824
48994     0.843137
48995     0.831373
48996     0.827451
48997     0.831373
48998     0.839216
48999     0.847059
49000     0.858824
49001     0.862745
49002     0.866667
49003     0.866667
49004     0.862745
49005     0.858824
49006     0.862745
49007     0.866667
49008     0.858824
49009     0.850980
49010     0.843137
49011     0.847059
49012     0.850980
49013     0.866667
49014     0.866667
49015     0.862745
49016     0.858824
49017     0.858824
49018     0.854902
49019     0.850980
49020     0.850980
49021     0.858824
49022     0.866667
49023     0.866667
49024     0.858824
49025     0.843137
49026     0.823529
49027     0.815686
49028     0.815686
49029     0.819608
49030     0.819608
49031     0.819608
49032     0.933333
49033     0.929412
49034     0.921569
49035     0.913725
49036     0.909804
49037     0.909804
49038     0.909804
49039     0.913725
49040     0.917647
49041     0.913725
49042     0.905882
49043     0.901961
49044     0.905882
49045     0.909804
49046     0.921569
49047     0.925490
49048     0.929412
49049     0.929412
49050     0.929412
49051     0.933333
49052     0.937255
49053     0.941176
49054     0.945098
49055     0.949020
49056     0.952941
49057     0.941176
49058     0.921569
49059     0.901961
49060     0.878431
49061     0.862745
49062     0.850980
49063     0.843137
49064     0.858824
49065     0.862745
49066     0.862745
49067     0.862745
49068     0.858824
49069     0.850980
49070     0.843137
49071     0.835294
49072     0.850980
49073     0.854902
49074     0.866667
49075     0.874510
49076     0.878431
49077     0.874510
49078     0.870588
49079     0.866667
49080     0.874510
49081     0.882353
49082     0.890196
49083     0.886275
49084     0.874510
49085     0.858824
49086     0.850980
49087     0.850980
49088     0.874510
49089     0.874510
49090     0.874510
49091     0.874510
49092     0.882353
49093     0.886275
49094     0.894118
49095     0.898039
49096     0.886275
49097     0.882353
49098     0.878431
49099     0.878431
49100     0.874510
49101     0.870588
49102     0.866667
49103     0.866667
49104     0.858824
49105     0.854902
49106     0.847059
49107     0.843137
49108     0.843137
49109     0.847059
49110     0.854902
49111     0.858824
49112     0.858824
49113     0.858824
49114     0.858824
49115     0.858824
49116     0.862745
49117     0.866667
49118     0.870588
49119     0.874510
49120     0.854902
49121     0.858824
49122     0.862745
49123     0.866667
49124     0.862745
49125     0.854902
49126     0.843137
49127     0.835294
49128     0.835294
49129     0.831373
49130     0.827451
49131     0.831373
49132     0.839216
49133     0.847059
49134     0.847059
49135     0.847059
49136     0.839216
49137     0.858824
49138     0.870588
49139     0.854902
49140     0.831373
49141     0.819608
49142     0.839216
49143     0.858824
49144     0.870588
49145     0.866667
49146     0.862745
49147     0.862745
49148     0.866667
49149     0.874510
49150     0.882353
49151     0.890196
49152     0.878431
49153     0.878431
49154     0.878431
49155     0.878431
49156     0.878431
49157     0.874510
49158     0.870588
49159     0.866667
49160     0.874510
49161     0.874510
49162     0.882353
49163     0.894118
49164     0.909804
49165     0.909804
49166     0.898039
49167     0.882353
49168     0.890196
49169     0.886275
49170     0.882353
49171     0.882353
49172     0.874510
49173     0.874510
49174     0.870588
49175     0.866667
49176     0.874510
49177     0.882353
49178     0.890196
49179     0.901961
49180     0.905882
49181     0.905882
49182     0.901961
49183     0.898039
49184     0.894118
49185     0.866667
49186     0.843137
49187     0.839216
49188     0.862745
49189     0.882353
49190     0.890196
49191     0.886275
49192     0.882353
49193     0.878431
49194     0.874510
49195     0.874510
49196     0.870588
49197     0.870588
49198     0.874510
49199     0.874510
49200     0.866667
49201     0.866667
49202     0.866667
49203     0.866667
49204     0.866667
49205     0.874510
49206     0.878431
49207     0.882353
49208     0.894118
49209     0.882353
49210     0.870588
49211     0.878431
49212     0.894118
49213     0.898039
49214     0.882353
49215     0.862745
49216     0.886275
49217     0.894118
49218     0.898039
49219     0.894118
49220     0.882353
49221     0.870588
49222     0.866667
49223     0.862745
49224     0.839216
49225     0.839216
49226     0.839216
49227     0.839216
49228     0.843137
49229     0.850980
49230     0.854902
49231     0.858824
49232     0.847059
49233     0.854902
49234     0.862745
49235     0.862745
49236     0.858824
49237     0.854902
49238     0.858824
49239     0.862745
49240     0.870588
49241     0.870588
49242     0.866667
49243     0.862745
49244     0.862745
49245     0.858824
49246     0.854902
49247     0.854902
49248     0.862745
49249     0.866667
49250     0.870588
49251     0.862745
49252     0.850980
49253     0.835294
49254     0.827451
49255     0.823529
49256     0.823529
49257     0.823529
49258     0.823529
49259     0.925490
49260     0.921569
49261     0.917647
49262     0.913725
49263     0.917647
49264     0.921569
49265     0.925490
49266     0.933333
49267     0.929412
49268     0.925490
49269     0.917647
49270     0.909804
49271     0.909804
49272     0.917647
49273     0.921569
49274     0.929412
49275     0.933333
49276     0.929412
49277     0.929412
49278     0.933333
49279     0.937255
49280     0.941176
49281     0.945098
49282     0.949020
49283     0.945098
49284     0.933333
49285     0.917647
49286     0.898039
49287     0.878431
49288     0.862745
49289     0.850980
49290     0.847059
49291     0.862745
49292     0.862745
49293     0.862745
49294     0.862745
49295     0.858824
49296     0.847059
49297     0.839216
49298     0.831373
49299     0.843137
49300     0.850980
49301     0.858824
49302     0.870588
49303     0.874510
49304     0.870588
49305     0.866667
49306     0.862745
49307     0.870588
49308     0.878431
49309     0.882353
49310     0.882353
49311     0.870588
49312     0.858824
49313     0.854902
49314     0.854902
49315     0.870588
49316     0.874510
49317     0.874510
49318     0.878431
49319     0.882353
49320     0.882353
49321     0.886275
49322     0.886275
49323     0.882353
49324     0.882353
49325     0.878431
49326     0.874510
49327     0.870588
49328     0.866667
49329     0.866667
49330     0.862745
49331     0.858824
49332     0.854902
49333     0.847059
49334     0.843137
49335     0.843137
49336     0.847059
49337     0.854902
49338     0.858824
49339     0.870588
49340     0.866667
49341     0.862745
49342     0.854902
49343     0.854902
49344     0.850980
49345     0.850980
49346     0.850980
49347     0.843137
49348     0.847059
49349     0.854902
49350     0.862745
49351     0.862745
49352     0.858824
49353     0.854902
49354     0.850980
49355     0.847059
49356     0.839216
49357     0.831373
49358     0.831373
49359     0.839216
49360     0.839216
49361     0.835294
49362     0.831373
49363     0.839216
49364     0.854902
49365     0.866667
49366     0.854902
49367     0.831373
49368     0.819608
49369     0.831373
49370     0.850980
49371     0.862745
49372     0.858824
49373     0.858824
49374     0.854902
49375     0.858824
49376     0.866667
49377     0.874510
49378     0.878431
49379     0.878431
49380     0.878431
49381     0.878431
49382     0.878431
49383     0.874510
49384     0.870588
49385     0.866667
49386     0.862745
49387     0.862745
49388     0.862745
49389     0.874510
49390     0.890196
49391     0.905882
49392     0.913725
49393     0.901961
49394     0.890196
49395     0.894118
49396     0.890196
49397     0.886275
49398     0.882353
49399     0.874510
49400     0.870588
49401     0.866667
49402     0.862745
49403     0.874510
49404     0.882353
49405     0.890196
49406     0.898039
49407     0.901961
49408     0.901961
49409     0.898039
49410     0.894118
49411     0.890196
49412     0.866667
49413     0.847059
49414     0.843137
49415     0.862745
49416     0.882353
49417     0.890196
49418     0.886275
49419     0.878431
49420     0.874510
49421     0.870588
49422     0.870588
49423     0.870588
49424     0.870588
49425     0.870588
49426     0.874510
49427     0.870588
49428     0.870588
49429     0.866667
49430     0.862745
49431     0.862745
49432     0.862745
49433     0.866667
49434     0.866667
49435     0.894118
49436     0.878431
49437     0.866667
49438     0.870588
49439     0.886275
49440     0.890196
49441     0.882353
49442     0.866667
49443     0.886275
49444     0.894118
49445     0.901961
49446     0.898039
49447     0.886275
49448     0.874510
49449     0.870588
49450     0.870588
49451     0.858824
49452     0.858824
49453     0.854902
49454     0.850980
49455     0.847059
49456     0.847059
49457     0.847059
49458     0.850980
49459     0.854902
49460     0.862745
49461     0.870588
49462     0.870588
49463     0.866667
49464     0.862745
49465     0.862745
49466     0.866667
49467     0.862745
49468     0.862745
49469     0.862745
49470     0.862745
49471     0.858824
49472     0.854902
49473     0.854902
49474     0.850980
49475     0.866667
49476     0.866667
49477     0.866667
49478     0.858824
49479     0.847059
49480     0.835294
49481     0.823529
49482     0.819608
49483     0.823529
49484     0.823529
49485     0.823529
49486     0.917647
49487     0.913725
49488     0.913725
49489     0.917647
49490     0.921569
49491     0.933333
49492     0.941176
49493     0.949020
49494     0.941176
49495     0.937255
49496     0.929412
49497     0.921569
49498     0.917647
49499     0.921569
49500     0.925490
49501     0.925490
49502     0.933333
49503     0.933333
49504     0.933333
49505     0.933333
49506     0.937255
49507     0.941176
49508     0.945098
49509     0.949020
49510     0.937255
49511     0.925490
49512     0.909804
49513     0.890196
49514     0.874510
49515     0.862745
49516     0.858824
49517     0.854902
49518     0.866667
49519     0.870588
49520     0.870588
49521     0.866667
49522     0.858824
49523     0.850980
49524     0.839216
49525     0.831373
49526     0.835294
49527     0.843137
49528     0.854902
49529     0.866667
49530     0.870588
49531     0.870588
49532     0.866667
49533     0.862745
49534     0.862745
49535     0.870588
49536     0.874510
49537     0.874510
49538     0.866667
49539     0.858824
49540     0.858824
49541     0.862745
49542     0.870588
49543     0.870588
49544     0.874510
49545     0.878431
49546     0.878431
49547     0.874510
49548     0.870588
49549     0.870588
49550     0.878431
49551     0.878431
49552     0.874510
49553     0.874510
49554     0.870588
49555     0.866667
49556     0.866667
49557     0.862745
49558     0.858824
49559     0.854902
49560     0.847059
49561     0.843137
49562     0.843137
49563     0.847059
49564     0.854902
49565     0.858824
49566     0.878431
49567     0.874510
49568     0.862745
49569     0.850980
49570     0.843137
49571     0.835294
49572     0.827451
49573     0.827451
49574     0.831373
49575     0.839216
49576     0.850980
49577     0.858824
49578     0.862745
49579     0.866667
49580     0.866667
49581     0.862745
49582     0.858824
49583     0.850980
49584     0.843137
49585     0.839216
49586     0.839216
49587     0.835294
49588     0.827451
49589     0.819608
49590     0.839216
49591     0.854902
49592     0.866667
49593     0.854902
49594     0.831373
49595     0.819608
49596     0.823529
49597     0.839216
49598     0.850980
49599     0.850980
49600     0.847059
49601     0.843137
49602     0.847059
49603     0.854902
49604     0.862745
49605     0.866667
49606     0.878431
49607     0.878431
49608     0.878431
49609     0.874510
49610     0.874510
49611     0.866667
49612     0.862745
49613     0.858824
49614     0.850980
49615     0.854902
49616     0.862745
49617     0.882353
49618     0.898039
49619     0.909804
49620     0.905882
49621     0.901961
49622     0.898039
49623     0.894118
49624     0.890196
49625     0.882353
49626     0.874510
49627     0.866667
49628     0.862745
49629     0.858824
49630     0.878431
49631     0.882353
49632     0.890196
49633     0.898039
49634     0.898039
49635     0.898039
49636     0.894118
49637     0.890196
49638     0.890196
49639     0.870588
49640     0.850980
49641     0.847059
49642     0.862745
49643     0.878431
49644     0.886275
49645     0.886275
49646     0.870588
49647     0.870588
49648     0.866667
49649     0.866667
49650     0.866667
49651     0.866667
49652     0.870588
49653     0.874510
49654     0.878431
49655     0.874510
49656     0.866667
49657     0.862745
49658     0.858824
49659     0.858824
49660     0.858824
49661     0.858824
49662     0.890196
49663     0.874510
49664     0.858824
49665     0.858824
49666     0.870588
49667     0.878431
49668     0.878431
49669     0.874510
49670     0.890196
49671     0.898039
49672     0.901961
49673     0.901961
49674     0.890196
49675     0.878431
49676     0.874510
49677     0.878431
49678     0.886275
49679     0.878431
49680     0.870588
49681     0.862745
49682     0.850980
49683     0.847059
49684     0.843137
49685     0.843137
49686     0.862745
49687     0.870588
49688     0.874510
49689     0.874510
49690     0.866667
49691     0.862745
49692     0.862745
49693     0.866667
49694     0.858824
49695     0.858824
49696     0.858824
49697     0.862745
49698     0.858824
49699     0.858824
49700     0.854902
49701     0.854902
49702     0.870588
49703     0.866667
49704     0.862745
49705     0.854902
49706     0.847059
49707     0.835294
49708     0.827451
49709     0.819608
49710     0.827451
49711     0.827451
49712     0.827451
49713     0.913725
49714     0.909804
49715     0.909804
49716     0.913725
49717     0.921569
49718     0.933333
49719     0.941176
49720     0.949020
49721     0.949020
49722     0.941176
49723     0.937255
49724     0.929412
49725     0.921569
49726     0.921569
49727     0.921569
49728     0.921569
49729     0.933333
49730     0.933333
49731     0.933333
49732     0.933333
49733     0.933333
49734     0.937255
49735     0.941176
49736     0.945098
49737     0.933333
49738     0.925490
49739     0.909804
49740     0.890196
49741     0.878431
49742     0.870588
49743     0.866667
49744     0.866667
49745     0.878431
49746     0.878431
49747     0.878431
49748     0.874510
49749     0.866667
49750     0.858824
49751     0.847059
49752     0.839216
49753     0.839216
49754     0.847059
49755     0.858824
49756     0.870588
49757     0.874510
49758     0.874510
49759     0.870588
49760     0.870588
49761     0.854902
49762     0.862745
49763     0.866667
49764     0.862745
49765     0.858824
49766     0.854902
49767     0.862745
49768     0.866667
49769     0.878431
49770     0.874510
49771     0.870588
49772     0.862745
49773     0.862745
49774     0.862745
49775     0.866667
49776     0.866667
49777     0.874510
49778     0.874510
49779     0.870588
49780     0.870588
49781     0.866667
49782     0.866667
49783     0.862745
49784     0.862745
49785     0.858824
49786     0.854902
49787     0.847059
49788     0.843137
49789     0.843137
49790     0.847059
49791     0.854902
49792     0.858824
49793     0.874510
49794     0.870588
49795     0.858824
49796     0.847059
49797     0.835294
49798     0.823529
49799     0.819608
49800     0.815686
49801     0.835294
49802     0.839216
49803     0.847059
49804     0.854902
49805     0.862745
49806     0.866667
49807     0.866667
49808     0.866667
49809     0.866667
49810     0.858824
49811     0.850980
49812     0.850980
49813     0.850980
49814     0.843137
49815     0.835294
49816     0.827451
49817     0.843137
49818     0.854902
49819     0.866667
49820     0.858824
49821     0.835294
49822     0.823529
49823     0.823529
49824     0.831373
49825     0.843137
49826     0.839216
49827     0.835294
49828     0.835294
49829     0.835294
49830     0.843137
49831     0.847059
49832     0.854902
49833     0.874510
49834     0.874510
49835     0.874510
49836     0.874510
49837     0.870588
49838     0.866667
49839     0.858824
49840     0.854902
49841     0.850980
49842     0.854902
49843     0.862745
49844     0.874510
49845     0.886275
49846     0.894118
49847     0.898039
49848     0.898039
49849     0.886275
49850     0.886275
49851     0.882353
49852     0.878431
49853     0.878431
49854     0.874510
49855     0.870588
49856     0.870588
49857     0.882353
49858     0.882353
49859     0.890196
49860     0.890196
49861     0.894118
49862     0.890196
49863     0.886275
49864     0.886275
49865     0.890196
49866     0.874510
49867     0.858824
49868     0.854902
49869     0.866667
49870     0.878431
49871     0.886275
49872     0.886275
49873     0.866667
49874     0.862745
49875     0.862745
49876     0.862745
49877     0.862745
49878     0.866667
49879     0.870588
49880     0.870588
49881     0.878431
49882     0.874510
49883     0.870588
49884     0.866667
49885     0.866667
49886     0.866667
49887     0.866667
49888     0.870588
49889     0.886275
49890     0.866667
49891     0.850980
49892     0.843137
49893     0.850980
49894     0.866667
49895     0.870588
49896     0.874510
49897     0.886275
49898     0.894118
49899     0.901961
49900     0.901961
49901     0.890196
49902     0.882353
49903     0.882353
49904     0.882353
49905     0.894118
49906     0.890196
49907     0.878431
49908     0.870588
49909     0.858824
49910     0.850980
49911     0.847059
49912     0.843137
49913     0.862745
49914     0.870588
49915     0.874510
49916     0.870588
49917     0.862745
49918     0.858824
49919     0.858824
49920     0.858824
49921     0.854902
49922     0.858824
49923     0.862745
49924     0.866667
49925     0.866667
49926     0.862745
49927     0.862745
49928     0.858824
49929     0.874510
49930     0.870588
49931     0.862745
49932     0.854902
49933     0.850980
49934     0.843137
49935     0.835294
49936     0.827451
49937     0.831373
49938     0.831373
49939     0.831373
49940     0.913725
49941     0.913725
49942     0.909804
49943     0.909804
49944     0.913725
49945     0.921569
49946     0.929412
49947     0.937255
49948     0.945098
49949     0.941176
49950     0.937255
49951     0.929412
49952     0.925490
49953     0.921569
49954     0.917647
49955     0.913725
49956     0.937255
49957     0.937255
49958     0.933333
49959     0.933333
49960     0.933333
49961     0.937255
49962     0.941176
49963     0.945098
49964     0.937255
49965     0.925490
49966     0.909804
49967     0.890196
49968     0.878431
49969     0.874510
49970     0.878431
49971     0.878431
49972     0.886275
49973     0.890196
49974     0.890196
49975     0.886275
49976     0.878431
49977     0.870588
49978     0.858824
49979     0.850980
49980     0.847059
49981     0.854902
49982     0.866667
49983     0.878431
49984     0.882353
49985     0.882353
49986     0.878431
49987     0.874510
49988     0.854902
49989     0.858824
49990     0.858824
49991     0.854902
49992     0.847059
49993     0.850980
49994     0.858824
49995     0.870588
49996     0.886275
49997     0.878431
49998     0.862745
49999     0.850980
50000     0.847059
50001     0.854902
50002     0.862745
50003     0.870588
50004     0.866667
50005     0.866667
50006     0.866667
50007     0.866667
50008     0.862745
50009     0.862745
50010     0.862745
50011     0.862745
50012     0.858824
50013     0.854902
50014     0.847059
50015     0.843137
50016     0.843137
50017     0.847059
50018     0.854902
50019     0.858824
50020     0.862745
50021     0.858824
50022     0.850980
50023     0.843137
50024     0.835294
50025     0.827451
50026     0.827451
50027     0.823529
50028     0.847059
50029     0.850980
50030     0.850980
50031     0.854902
50032     0.858824
50033     0.858824
50034     0.858824
50035     0.858824
50036     0.862745
50037     0.858824
50038     0.854902
50039     0.858824
50040     0.862745
50041     0.858824
50042     0.850980
50043     0.843137
50044     0.847059
50045     0.854902
50046     0.862745
50047     0.854902
50048     0.839216
50049     0.827451
50050     0.831373
50051     0.835294
50052     0.839216
50053     0.835294
50054     0.831373
50055     0.827451
50056     0.827451
50057     0.835294
50058     0.839216
50059     0.843137
50060     0.866667
50061     0.866667
50062     0.866667
50063     0.870588
50064     0.866667
50065     0.862745
50066     0.858824
50067     0.858824
50068     0.858824
50069     0.862745
50070     0.866667
50071     0.866667
50072     0.870588
50073     0.874510
50074     0.882353
50075     0.886275
50076     0.870588
50077     0.870588
50078     0.874510
50079     0.878431
50080     0.878431
50081     0.882353
50082     0.886275
50083     0.886275
50084     0.886275
50085     0.886275
50086     0.886275
50087     0.886275
50088     0.886275
50089     0.882353
50090     0.882353
50091     0.882353
50092     0.886275
50093     0.878431
50094     0.866667
50095     0.862745
50096     0.866667
50097     0.874510
50098     0.882353
50099     0.886275
50100     0.866667
50101     0.866667
50102     0.862745
50103     0.862745
50104     0.862745
50105     0.866667
50106     0.866667
50107     0.870588
50108     0.878431
50109     0.874510
50110     0.874510
50111     0.874510
50112     0.878431
50113     0.878431
50114     0.882353
50115     0.886275
50116     0.878431
50117     0.862745
50118     0.847059
50119     0.835294
50120     0.839216
50121     0.847059
50122     0.858824
50123     0.862745
50124     0.874510
50125     0.886275
50126     0.894118
50127     0.894118
50128     0.886275
50129     0.882353
50130     0.878431
50131     0.882353
50132     0.886275
50133     0.882353
50134     0.874510
50135     0.866667
50136     0.862745
50137     0.858824
50138     0.854902
50139     0.854902
50140     0.854902
50141     0.862745
50142     0.866667
50143     0.862745
50144     0.850980
50145     0.843137
50146     0.843137
50147     0.847059
50148     0.850980
50149     0.854902
50150     0.866667
50151     0.870588
50152     0.874510
50153     0.870588
50154     0.866667
50155     0.862745
50156     0.882353
50157     0.870588
50158     0.858824
50159     0.854902
50160     0.858824
50161     0.854902
50162     0.847059
50163     0.839216
50164     0.831373
50165     0.831373
50166     0.831373
50167     0.917647
50168     0.913725
50169     0.909804
50170     0.909804
50171     0.909804
50172     0.917647
50173     0.925490
50174     0.929412
50175     0.945098
50176     0.945098
50177     0.941176
50178     0.933333
50179     0.929412
50180     0.925490
50181     0.921569
50182     0.917647
50183     0.941176
50184     0.937255
50185     0.937255
50186     0.933333
50187     0.933333
50188     0.937255
50189     0.941176
50190     0.941176
50191     0.937255
50192     0.921569
50193     0.905882
50194     0.886275
50195     0.874510
50196     0.874510
50197     0.874510
50198     0.878431
50199     0.886275
50200     0.886275
50201     0.890196
50202     0.890196
50203     0.886275
50204     0.874510
50205     0.866667
50206     0.862745
50207     0.854902
50208     0.862745
50209     0.874510
50210     0.882353
50211     0.886275
50212     0.882353
50213     0.874510
50214     0.870588
50215     0.854902
50216     0.854902
50217     0.850980
50218     0.843137
50219     0.839216
50220     0.843137
50221     0.854902
50222     0.866667
50223     0.886275
50224     0.874510
50225     0.862745
50226     0.850980
50227     0.847059
50228     0.854902
50229     0.866667
50230     0.874510
50231     0.862745
50232     0.862745
50233     0.862745
50234     0.862745
50235     0.862745
50236     0.862745
50237     0.862745
50238     0.862745
50239     0.858824
50240     0.854902
50241     0.847059
50242     0.843137
50243     0.843137
50244     0.847059
50245     0.854902
50246     0.858824
50247     0.858824
50248     0.854902
50249     0.847059
50250     0.843137
50251     0.839216
50252     0.839216
50253     0.839216
50254     0.839216
50255     0.858824
50256     0.854902
50257     0.854902
50258     0.854902
50259     0.854902
50260     0.854902
50261     0.854902
50262     0.854902
50263     0.854902
50264     0.850980
50265     0.854902
50266     0.862745
50267     0.866667
50268     0.866667
50269     0.858824
50270     0.847059
50271     0.847059
50272     0.850980
50273     0.850980
50274     0.843137
50275     0.831373
50276     0.831373
50277     0.835294
50278     0.843137
50279     0.839216
50280     0.835294
50281     0.831373
50282     0.827451
50283     0.827451
50284     0.831373
50285     0.839216
50286     0.843137
50287     0.854902
50288     0.858824
50289     0.862745
50290     0.862745
50291     0.866667
50292     0.866667
50293     0.862745
50294     0.862745
50295     0.866667
50296     0.870588
50297     0.866667
50298     0.862745
50299     0.854902
50300     0.858824
50301     0.866667
50302     0.878431
50303     0.858824
50304     0.862745
50305     0.866667
50306     0.874510
50307     0.882353
50308     0.890196
50309     0.894118
50310     0.898039
50311     0.890196
50312     0.886275
50313     0.886275
50314     0.882353
50315     0.878431
50316     0.878431
50317     0.874510
50318     0.874510
50319     0.886275
50320     0.878431
50321     0.870588
50322     0.866667
50323     0.866667
50324     0.874510
50325     0.882353
50326     0.886275
50327     0.878431
50328     0.874510
50329     0.870588
50330     0.866667
50331     0.862745
50332     0.866667
50333     0.866667
50334     0.866667
50335     0.878431
50336     0.878431
50337     0.878431
50338     0.878431
50339     0.882353
50340     0.886275
50341     0.894118
50342     0.894118
50343     0.874510
50344     0.862745
50345     0.843137
50346     0.831373
50347     0.827451
50348     0.831373
50349     0.843137
50350     0.847059
50351     0.862745
50352     0.870588
50353     0.882353
50354     0.882353
50355     0.878431
50356     0.874510
50357     0.874510
50358     0.874510
50359     0.874510
50360     0.870588
50361     0.866667
50362     0.862745
50363     0.858824
50364     0.862745
50365     0.862745
50366     0.862745
50367     0.850980
50368     0.858824
50369     0.858824
50370     0.854902
50371     0.843137
50372     0.831373
50373     0.831373
50374     0.831373
50375     0.843137
50376     0.850980
50377     0.862745
50378     0.870588
50379     0.874510
50380     0.874510
50381     0.866667
50382     0.862745
50383     0.874510
50384     0.862745
50385     0.847059
50386     0.850980
50387     0.858824
50388     0.862745
50389     0.854902
50390     0.847059
50391     0.835294
50392     0.835294
50393     0.835294
50394     0.917647
50395     0.917647
50396     0.913725
50397     0.913725
50398     0.917647
50399     0.921569
50400     0.929412
50401     0.937255
50402     0.949020
50403     0.945098
50404     0.945098
50405     0.941176
50406     0.937255
50407     0.933333
50408     0.929412
50409     0.925490
50410     0.941176
50411     0.937255
50412     0.937255
50413     0.933333
50414     0.933333
50415     0.937255
50416     0.937255
50417     0.941176
50418     0.929412
50419     0.917647
50420     0.898039
50421     0.878431
50422     0.866667
50423     0.862745
50424     0.866667
50425     0.870588
50426     0.874510
50427     0.878431
50428     0.882353
50429     0.882353
50430     0.882353
50431     0.874510
50432     0.870588
50433     0.866667
50434     0.858824
50435     0.866667
50436     0.874510
50437     0.882353
50438     0.882353
50439     0.874510
50440     0.866667
50441     0.862745
50442     0.858824
50443     0.854902
50444     0.850980
50445     0.839216
50446     0.831373
50447     0.835294
50448     0.850980
50449     0.866667
50450     0.870588
50451     0.866667
50452     0.866667
50453     0.862745
50454     0.862745
50455     0.862745
50456     0.862745
50457     0.866667
50458     0.858824
50459     0.858824
50460     0.858824
50461     0.858824
50462     0.858824
50463     0.858824
50464     0.858824
50465     0.858824
50466     0.858824
50467     0.854902
50468     0.847059
50469     0.843137
50470     0.843137
50471     0.847059
50472     0.854902
50473     0.858824
50474     0.858824
50475     0.858824
50476     0.854902
50477     0.850980
50478     0.847059
50479     0.847059
50480     0.847059
50481     0.847059
50482     0.858824
50483     0.854902
50484     0.854902
50485     0.850980
50486     0.850980
50487     0.854902
50488     0.854902
50489     0.854902
50490     0.847059
50491     0.847059
50492     0.850980
50493     0.858824
50494     0.862745
50495     0.862745
50496     0.850980
50497     0.839216
50498     0.839216
50499     0.839216
50500     0.831373
50501     0.823529
50502     0.819608
50503     0.823529
50504     0.835294
50505     0.843137
50506     0.843137
50507     0.839216
50508     0.835294
50509     0.831373
50510     0.831373
50511     0.835294
50512     0.839216
50513     0.843137
50514     0.843137
50515     0.847059
50516     0.854902
50517     0.858824
50518     0.866667
50519     0.866667
50520     0.870588
50521     0.870588
50522     0.866667
50523     0.866667
50524     0.866667
50525     0.854902
50526     0.847059
50527     0.847059
50528     0.862745
50529     0.874510
50530     0.862745
50531     0.866667
50532     0.870588
50533     0.874510
50534     0.882353
50535     0.886275
50536     0.890196
50537     0.894118
50538     0.890196
50539     0.890196
50540     0.882353
50541     0.878431
50542     0.874510
50543     0.874510
50544     0.870588
50545     0.870588
50546     0.882353
50547     0.882353
50548     0.878431
50549     0.870588
50550     0.870588
50551     0.870588
50552     0.878431
50553     0.886275
50554     0.886275
50555     0.882353
50556     0.878431
50557     0.870588
50558     0.866667
50559     0.862745
50560     0.862745
50561     0.862745
50562     0.882353
50563     0.882353
50564     0.878431
50565     0.878431
50566     0.878431
50567     0.882353
50568     0.886275
50569     0.886275
50570     0.866667
50571     0.862745
50572     0.847059
50573     0.831373
50574     0.819608
50575     0.819608
50576     0.823529
50577     0.831373
50578     0.847059
50579     0.858824
50580     0.870588
50581     0.874510
50582     0.870588
50583     0.862745
50584     0.866667
50585     0.866667
50586     0.862745
50587     0.862745
50588     0.858824
50589     0.854902
50590     0.854902
50591     0.854902
50592     0.858824
50593     0.858824
50594     0.850980
50595     0.854902
50596     0.858824
50597     0.850980
50598     0.839216
50599     0.827451
50600     0.823529
50601     0.823529
50602     0.827451
50603     0.839216
50604     0.850980
50605     0.862745
50606     0.870588
50607     0.866667
50608     0.862745
50609     0.854902
50610     0.862745
50611     0.847059
50612     0.831373
50613     0.835294
50614     0.854902
50615     0.862745
50616     0.858824
50617     0.847059
50618     0.839216
50619     0.839216
50620     0.839216
50621     0.917647
50622     0.917647
50623     0.913725
50624     0.917647
50625     0.921569
50626     0.929412
50627     0.941176
50628     0.945098
50629     0.949020
50630     0.949020
50631     0.952941
50632     0.949020
50633     0.949020
50634     0.941176
50635     0.937255
50636     0.933333
50637     0.941176
50638     0.941176
50639     0.937255
50640     0.933333
50641     0.933333
50642     0.933333
50643     0.937255
50644     0.937255
50645     0.925490
50646     0.909804
50647     0.890196
50648     0.866667
50649     0.854902
50650     0.854902
50651     0.858824
50652     0.862745
50653     0.862745
50654     0.866667
50655     0.874510
50656     0.878431
50657     0.878431
50658     0.874510
50659     0.866667
50660     0.862745
50661     0.862745
50662     0.866667
50663     0.874510
50664     0.878431
50665     0.874510
50666     0.866667
50667     0.858824
50668     0.854902
50669     0.862745
50670     0.858824
50671     0.847059
50672     0.835294
50673     0.827451
50674     0.831373
50675     0.847059
50676     0.862745
50677     0.854902
50678     0.862745
50679     0.870588
50680     0.878431
50681     0.878431
50682     0.870588
50683     0.862745
50684     0.854902
50685     0.858824
50686     0.858824
50687     0.858824
50688     0.858824
50689     0.858824
50690     0.858824
50691     0.858824
50692     0.858824
50693     0.858824
50694     0.854902
50695     0.847059
50696     0.843137
50697     0.843137
50698     0.847059
50699     0.854902
50700     0.858824
50701     0.866667
50702     0.862745
50703     0.858824
50704     0.854902
50705     0.850980
50706     0.850980
50707     0.850980
50708     0.850980
50709     0.850980
50710     0.850980
50711     0.850980
50712     0.850980
50713     0.850980
50714     0.854902
50715     0.858824
50716     0.862745
50717     0.847059
50718     0.847059
50719     0.847059
50720     0.854902
50721     0.858824
50722     0.854902
50723     0.839216
50724     0.827451
50725     0.835294
50726     0.827451
50727     0.815686
50728     0.807843
50729     0.807843
50730     0.815686
50731     0.831373
50732     0.843137
50733     0.847059
50734     0.843137
50735     0.839216
50736     0.835294
50737     0.831373
50738     0.835294
50739     0.839216
50740     0.843137
50741     0.839216
50742     0.843137
50743     0.850980
50744     0.858824
50745     0.866667
50746     0.870588
50747     0.870588
50748     0.874510
50749     0.862745
50750     0.862745
50751     0.862745
50752     0.850980
50753     0.839216
50754     0.843137
50755     0.862745
50756     0.882353
50757     0.866667
50758     0.870588
50759     0.874510
50760     0.874510
50761     0.882353
50762     0.882353
50763     0.886275
50764     0.890196
50765     0.894118
50766     0.890196
50767     0.882353
50768     0.878431
50769     0.874510
50770     0.870588
50771     0.870588
50772     0.870588
50773     0.882353
50774     0.882353
50775     0.882353
50776     0.874510
50777     0.870588
50778     0.870588
50779     0.878431
50780     0.886275
50781     0.894118
50782     0.890196
50783     0.882353
50784     0.874510
50785     0.870588
50786     0.866667
50787     0.862745
50788     0.862745
50789     0.890196
50790     0.886275
50791     0.882353
50792     0.878431
50793     0.874510
50794     0.874510
50795     0.874510
50796     0.874510
50797     0.866667
50798     0.858824
50799     0.847059
50800     0.831373
50801     0.819608
50802     0.811765
50803     0.815686
50804     0.819608
50805     0.839216
50806     0.850980
50807     0.862745
50808     0.866667
50809     0.862745
50810     0.858824
50811     0.858824
50812     0.862745
50813     0.858824
50814     0.858824
50815     0.854902
50816     0.850980
50817     0.850980
50818     0.850980
50819     0.850980
50820     0.854902
50821     0.854902
50822     0.858824
50823     0.858824
50824     0.850980
50825     0.839216
50826     0.827451
50827     0.823529
50828     0.823529
50829     0.819608
50830     0.827451
50831     0.843137
50832     0.854902
50833     0.862745
50834     0.858824
50835     0.854902
50836     0.850980
50837     0.850980
50838     0.831373
50839     0.819608
50840     0.827451
50841     0.847059
50842     0.858824
50843     0.858824
50844     0.847059
50845     0.839216
50846     0.839216
50847     0.839216
50848     0.925490
50849     0.921569
50850     0.925490
50851     0.933333
50852     0.945098
50853     0.952941
50854     0.949020
50855     0.945098
50856     0.956863
50857     0.956863
50858     0.956863
50859     0.949020
50860     0.941176
50861     0.937255
50862     0.941176
50863     0.949020
50864     0.952941
50865     0.941176
50866     0.929412
50867     0.921569
50868     0.925490
50869     0.925490
50870     0.921569
50871     0.917647
50872     0.909804
50873     0.878431
50874     0.850980
50875     0.839216
50876     0.831373
50877     0.827451
50878     0.843137
50879     0.866667
50880     0.847059
50881     0.854902
50882     0.866667
50883     0.874510
50884     0.882353
50885     0.882353
50886     0.882353
50887     0.882353
50888     0.866667
50889     0.870588
50890     0.870588
50891     0.870588
50892     0.866667
50893     0.858824
50894     0.850980
50895     0.843137
50896     0.850980
50897     0.850980
50898     0.850980
50899     0.847059
50900     0.847059
50901     0.843137
50902     0.843137
50903     0.843137
50904     0.850980
50905     0.850980
50906     0.850980
50907     0.854902
50908     0.854902
50909     0.858824
50910     0.858824
50911     0.858824
50912     0.866667
50913     0.854902
50914     0.847059
50915     0.847059
50916     0.858824
50917     0.866667
50918     0.866667
50919     0.866667
50920     0.854902
50921     0.858824
50922     0.862745
50923     0.858824
50924     0.850980
50925     0.847059
50926     0.850980
50927     0.854902
50928     0.858824
50929     0.866667
50930     0.874510
50931     0.882353
50932     0.878431
50933     0.870588
50934     0.854902
50935     0.847059
50936     0.858824
50937     0.862745
50938     0.862745
50939     0.862745
50940     0.862745
50941     0.858824
50942     0.854902
50943     0.850980
50944     0.847059
50945     0.843137
50946     0.839216
50947     0.843137
50948     0.850980
50949     0.854902
50950     0.850980
50951     0.847059
50952     0.839216
50953     0.827451
50954     0.815686
50955     0.811765
50956     0.819608
50957     0.831373
50958     0.835294
50959     0.839216
50960     0.835294
50961     0.835294
50962     0.835294
50963     0.835294
50964     0.835294
50965     0.835294
50966     0.835294
50967     0.835294
50968     0.835294
50969     0.843137
50970     0.850980
50971     0.858824
50972     0.858824
50973     0.866667
50974     0.874510
50975     0.882353
50976     0.858824
50977     0.854902
50978     0.843137
50979     0.835294
50980     0.839216
50981     0.847059
50982     0.858824
50983     0.866667
50984     0.878431
50985     0.882353
50986     0.886275
50987     0.886275
50988     0.878431
50989     0.878431
50990     0.882353
50991     0.886275
50992     0.886275
50993     0.882353
50994     0.878431
50995     0.874510
50996     0.874510
50997     0.874510
50998     0.874510
50999     0.878431
51000     0.882353
51001     0.882353
51002     0.882353
51003     0.878431
51004     0.878431
51005     0.874510
51006     0.874510
51007     0.874510
51008     0.874510
51009     0.878431
51010     0.882353
51011     0.882353
51012     0.874510
51013     0.874510
51014     0.878431
51015     0.882353
51016     0.898039
51017     0.886275
51018     0.874510
51019     0.870588
51020     0.874510
51021     0.878431
51022     0.874510
51023     0.870588
51024     0.862745
51025     0.850980
51026     0.839216
51027     0.831373
51028     0.827451
51029     0.819608
51030     0.811765
51031     0.803922
51032     0.850980
51033     0.854902
51034     0.862745
51035     0.870588
51036     0.874510
51037     0.874510
51038     0.870588
51039     0.870588
51040     0.850980
51041     0.850980
51042     0.850980
51043     0.850980
51044     0.850980
51045     0.850980
51046     0.850980
51047     0.850980
51048     0.850980
51049     0.854902
51050     0.854902
51051     0.847059
51052     0.831373
51053     0.819608
51054     0.815686
51055     0.815686
51056     0.823529
51057     0.827451
51058     0.831373
51059     0.827451
51060     0.819608
51061     0.819608
51062     0.827451
51063     0.835294
51064     0.839216
51065     0.831373
51066     0.827451
51067     0.827451
51068     0.835294
51069     0.843137
51070     0.839216
51071     0.839216
51072     0.831373
51073     0.831373
51074     0.827451
51075     0.921569
51076     0.921569
51077     0.925490
51078     0.933333
51079     0.945098
51080     0.952941
51081     0.949020
51082     0.945098
51083     0.956863
51084     0.956863
51085     0.956863
51086     0.949020
51087     0.941176
51088     0.937255
51089     0.941176
51090     0.949020
51091     0.949020
51092     0.937255
51093     0.921569
51094     0.913725
51095     0.913725
51096     0.913725
51097     0.909804
51098     0.905882
51099     0.890196
51100     0.862745
51101     0.843137
51102     0.835294
51103     0.827451
51104     0.823529
51105     0.835294
51106     0.858824
51107     0.854902
51108     0.858824
51109     0.862745
51110     0.866667
51111     0.870588
51112     0.874510
51113     0.878431
51114     0.878431
51115     0.866667
51116     0.870588
51117     0.870588
51118     0.870588
51119     0.866667
51120     0.858824
51121     0.850980
51122     0.843137
51123     0.850980
51124     0.850980
51125     0.847059
51126     0.847059
51127     0.847059
51128     0.843137
51129     0.843137
51130     0.843137
51131     0.850980
51132     0.850980
51133     0.850980
51134     0.854902
51135     0.854902
51136     0.858824
51137     0.858824
51138     0.858824
51139     0.862745
51140     0.854902
51141     0.847059
51142     0.847059
51143     0.854902
51144     0.862745
51145     0.862745
51146     0.862745
51147     0.854902
51148     0.858824
51149     0.862745
51150     0.858824
51151     0.850980
51152     0.847059
51153     0.850980
51154     0.854902
51155     0.858824
51156     0.866667
51157     0.874510
51158     0.882353
51159     0.878431
51160     0.870588
51161     0.858824
51162     0.850980
51163     0.858824
51164     0.858824
51165     0.858824
51166     0.858824
51167     0.858824
51168     0.854902
51169     0.850980
51170     0.847059
51171     0.847059
51172     0.843137
51173     0.839216
51174     0.843137
51175     0.850980
51176     0.854902
51177     0.850980
51178     0.847059
51179     0.839216
51180     0.827451
51181     0.815686
51182     0.811765
51183     0.819608
51184     0.831373
51185     0.835294
51186     0.839216
51187     0.835294
51188     0.835294
51189     0.835294
51190     0.835294
51191     0.835294
51192     0.835294
51193     0.835294
51194     0.835294
51195     0.839216
51196     0.847059
51197     0.854902
51198     0.858824
51199     0.858824
51200     0.862745
51201     0.870588
51202     0.878431
51203     0.862745
51204     0.854902
51205     0.847059
51206     0.839216
51207     0.843137
51208     0.850980
51209     0.862745
51210     0.870588
51211     0.882353
51212     0.886275
51213     0.890196
51214     0.886275
51215     0.878431
51216     0.874510
51217     0.878431
51218     0.882353
51219     0.886275
51220     0.882353
51221     0.878431
51222     0.878431
51223     0.874510
51224     0.874510
51225     0.874510
51226     0.874510
51227     0.882353
51228     0.882353
51229     0.882353
51230     0.878431
51231     0.878431
51232     0.874510
51233     0.874510
51234     0.874510
51235     0.874510
51236     0.878431
51237     0.882353
51238     0.882353
51239     0.874510
51240     0.874510
51241     0.878431
51242     0.882353
51243     0.894118
51244     0.886275
51245     0.878431
51246     0.874510
51247     0.878431
51248     0.878431
51249     0.874510
51250     0.866667
51251     0.850980
51252     0.839216
51253     0.831373
51254     0.827451
51255     0.831373
51256     0.831373
51257     0.823529
51258     0.819608
51259     0.850980
51260     0.854902
51261     0.862745
51262     0.870588
51263     0.874510
51264     0.874510
51265     0.870588
51266     0.870588
51267     0.854902
51268     0.854902
51269     0.854902
51270     0.850980
51271     0.850980
51272     0.847059
51273     0.847059
51274     0.847059
51275     0.843137
51276     0.847059
51277     0.850980
51278     0.843137
51279     0.831373
51280     0.823529
51281     0.819608
51282     0.819608
51283     0.823529
51284     0.827451
51285     0.831373
51286     0.827451
51287     0.819608
51288     0.819608
51289     0.827451
51290     0.835294
51291     0.839216
51292     0.831373
51293     0.827451
51294     0.827451
51295     0.835294
51296     0.843137
51297     0.839216
51298     0.839216
51299     0.835294
51300     0.831373
51301     0.831373
51302     0.921569
51303     0.921569
51304     0.921569
51305     0.933333
51306     0.945098
51307     0.952941
51308     0.952941
51309     0.945098
51310     0.956863
51311     0.956863
51312     0.956863
51313     0.949020
51314     0.941176
51315     0.937255
51316     0.941176
51317     0.949020
51318     0.945098
51319     0.933333
51320     0.917647
51321     0.905882
51322     0.901961
51323     0.901961
51324     0.894118
51325     0.890196
51326     0.866667
51327     0.847059
51328     0.831373
51329     0.831373
51330     0.831373
51331     0.823529
51332     0.831373
51333     0.850980
51334     0.862745
51335     0.862745
51336     0.858824
51337     0.854902
51338     0.858824
51339     0.862745
51340     0.870588
51341     0.874510
51342     0.866667
51343     0.870588
51344     0.870588
51345     0.870588
51346     0.866667
51347     0.858824
51348     0.850980
51349     0.843137
51350     0.850980
51351     0.847059
51352     0.847059
51353     0.847059
51354     0.843137
51355     0.843137
51356     0.843137
51357     0.843137
51358     0.850980
51359     0.850980
51360     0.850980
51361     0.854902
51362     0.854902
51363     0.858824
51364     0.858824
51365     0.858824
51366     0.858824
51367     0.850980
51368     0.843137
51369     0.843137
51370     0.847059
51371     0.854902
51372     0.858824
51373     0.854902
51374     0.850980
51375     0.858824
51376     0.862745
51377     0.862745
51378     0.854902
51379     0.847059
51380     0.850980
51381     0.850980
51382     0.858824
51383     0.862745
51384     0.874510
51385     0.878431
51386     0.878431
51387     0.870588
51388     0.858824
51389     0.850980
51390     0.850980
51391     0.854902
51392     0.854902
51393     0.854902
51394     0.854902
51395     0.850980
51396     0.847059
51397     0.843137
51398     0.843137
51399     0.843137
51400     0.839216
51401     0.847059
51402     0.854902
51403     0.854902
51404     0.850980
51405     0.843137
51406     0.839216
51407     0.827451
51408     0.815686
51409     0.811765
51410     0.819608
51411     0.831373
51412     0.835294
51413     0.835294
51414     0.835294
51415     0.835294
51416     0.835294
51417     0.835294
51418     0.835294
51419     0.835294
51420     0.835294
51421     0.835294
51422     0.847059
51423     0.850980
51424     0.858824
51425     0.858824
51426     0.858824
51427     0.858824
51428     0.866667
51429     0.870588
51430     0.866667
51431     0.858824
51432     0.850980
51433     0.843137
51434     0.847059
51435     0.854902
51436     0.866667
51437     0.874510
51438     0.890196
51439     0.894118
51440     0.894118
51441     0.886275
51442     0.878431
51443     0.870588
51444     0.870588
51445     0.874510
51446     0.882353
51447     0.882353
51448     0.882353
51449     0.878431
51450     0.878431
51451     0.874510
51452     0.874510
51453     0.874510
51454     0.882353
51455     0.882353
51456     0.882353
51457     0.878431
51458     0.878431
51459     0.874510
51460     0.874510
51461     0.874510
51462     0.874510
51463     0.878431
51464     0.882353
51465     0.882353
51466     0.874510
51467     0.874510
51468     0.878431
51469     0.882353
51470     0.886275
51471     0.882353
51472     0.878431
51473     0.882353
51474     0.886275
51475     0.882353
51476     0.870588
51477     0.858824
51478     0.835294
51479     0.827451
51480     0.823529
51481     0.827451
51482     0.835294
51483     0.839216
51484     0.839216
51485     0.835294
51486     0.854902
51487     0.858824
51488     0.866667
51489     0.870588
51490     0.874510
51491     0.874510
51492     0.870588
51493     0.866667
51494     0.862745
51495     0.862745
51496     0.858824
51497     0.854902
51498     0.850980
51499     0.847059
51500     0.843137
51501     0.839216
51502     0.835294
51503     0.843137
51504     0.847059
51505     0.843137
51506     0.835294
51507     0.827451
51508     0.827451
51509     0.827451
51510     0.827451
51511     0.831373
51512     0.831373
51513     0.827451
51514     0.819608
51515     0.819608
51516     0.827451
51517     0.835294
51518     0.839216
51519     0.831373
51520     0.827451
51521     0.827451
51522     0.835294
51523     0.843137
51524     0.839216
51525     0.839216
51526     0.835294
51527     0.835294
51528     0.831373
