[METADATA]
source_image   03890.jpg
num_nodes      51529
intensity_range  [0.0, 1.0]

[INTENSITY]
# node_id   intensity
0         0.654902
1         0.654902
2         0.662745
3         0.670588
4         0.682353
5         0.698039
6         0.709804
7         0.713726
8         0.698039
9         0.709804
10        0.721569
11        0.725490
12        0.721569
13        0.717647
14        0.717647
15        0.721569
16        0.698039
17        0.709804
18        0.733333
19        0.752941
20        0.760784
21        0.756863
22        0.745098
23        0.733333
24        0.745098
25        0.717647
26        0.686275
27        0.658824
28        0.650980
29        0.650980
30        0.654902
31        0.654902
32        0.662745
33        0.658824
34        0.658824
35        0.658824
36        0.662745
37        0.670588
38        0.678431
39        0.682353
40        0.678431
41        0.662745
42        0.650980
43        0.654902
44        0.670588
45        0.690196
46        0.694118
47        0.698039
48        0.709804
49        0.709804
50        0.705882
51        0.701961
52        0.694118
53        0.678431
54        0.666667
55        0.658824
56        0.662745
57        0.662745
58        0.666667
59        0.666667
60        0.670588
61        0.670588
62        0.666667
63        0.666667
64        0.701961
65        0.690196
66        0.674510
67        0.662745
68        0.650980
69        0.643137
70        0.631373
71        0.623529
72        0.611765
73        0.615686
74        0.619608
75        0.631373
76        0.650980
77        0.670588
78        0.686275
79        0.698039
80        0.705882
81        0.717647
82        0.733333
83        0.749020
84        0.760784
85        0.760784
86        0.756863
87        0.752941
88        0.733333
89        0.721569
90        0.709804
91        0.701961
92        0.701961
93        0.705882
94        0.701961
95        0.698039
96        0.717647
97        0.713726
98        0.709804
99        0.705882
100       0.709804
101       0.717647
102       0.729412
103       0.737255
104       0.733333
105       0.729412
106       0.725490
107       0.725490
108       0.725490
109       0.713726
110       0.701961
111       0.690196
112       0.686275
113       0.686275
114       0.682353
115       0.686275
116       0.694118
117       0.705882
118       0.713726
119       0.721569
120       0.725490
121       0.717647
122       0.705882
123       0.698039
124       0.698039
125       0.694118
126       0.690196
127       0.682353
128       0.694118
129       0.698039
130       0.705882
131       0.709804
132       0.713726
133       0.713726
134       0.709804
135       0.705882
136       0.709804
137       0.713726
138       0.713726
139       0.705882
140       0.698039
141       0.690196
142       0.690196
143       0.698039
144       0.698039
145       0.698039
146       0.701961
147       0.701961
148       0.701961
149       0.698039
150       0.694118
151       0.694118
152       0.698039
153       0.694118
154       0.690196
155       0.694118
156       0.701961
157       0.705882
158       0.701961
159       0.698039
160       0.694118
161       0.694118
162       0.686275
163       0.674510
164       0.662745
165       0.654902
166       0.658824
167       0.666667
168       0.662745
169       0.666667
170       0.670588
171       0.678431
172       0.686275
173       0.694118
174       0.698039
175       0.701961
176       0.717647
177       0.721569
178       0.733333
179       0.749020
180       0.760784
181       0.749020
182       0.717647
183       0.694118
184       0.698039
185       0.701961
186       0.698039
187       0.686275
188       0.674510
189       0.674510
190       0.686275
191       0.701961
192       0.682353
193       0.694118
194       0.701961
195       0.701961
196       0.694118
197       0.694118
198       0.701961
199       0.713726
200       0.690196
201       0.682353
202       0.662745
203       0.650980
204       0.647059
205       0.650980
206       0.658824
207       0.666667
208       0.650980
209       0.670588
210       0.690196
211       0.698039
212       0.701961
213       0.705882
214       0.721569
215       0.737255
216       0.733333
217       0.745098
218       0.745098
219       0.725490
220       0.694118
221       0.670588
222       0.666667
223       0.674510
224       0.682353
225       0.694118
226       0.705882
227       0.654902
228       0.658824
229       0.666667
230       0.674510
231       0.686275
232       0.694118
233       0.701961
234       0.705882
235       0.705882
236       0.713726
237       0.725490
238       0.729412
239       0.725490
240       0.721569
241       0.721569
242       0.725490
243       0.717647
244       0.725490
245       0.737255
246       0.749020
247       0.752941
248       0.752941
249       0.749020
250       0.745098
251       0.737255
252       0.717647
253       0.686275
254       0.662745
255       0.654902
256       0.658824
257       0.662745
258       0.662745
259       0.670588
260       0.666667
261       0.666667
262       0.666667
263       0.670588
264       0.674510
265       0.682353
266       0.686275
267       0.674510
268       0.662745
269       0.654902
270       0.658824
271       0.674510
272       0.694118
273       0.701961
274       0.705882
275       0.713726
276       0.713726
277       0.709804
278       0.701961
279       0.690196
280       0.678431
281       0.666667
282       0.658824
283       0.666667
284       0.662745
285       0.658824
286       0.654902
287       0.662745
288       0.670588
289       0.678431
290       0.686275
291       0.705882
292       0.694118
293       0.678431
294       0.662745
295       0.650980
296       0.639216
297       0.631373
298       0.627451
299       0.607843
300       0.611765
301       0.615686
302       0.627451
303       0.647059
304       0.662745
305       0.682353
306       0.690196
307       0.705882
308       0.713726
309       0.733333
310       0.745098
311       0.756863
312       0.756863
313       0.749020
314       0.745098
315       0.737255
316       0.725490
317       0.713726
318       0.709804
319       0.709804
320       0.709804
321       0.705882
322       0.701961
323       0.717647
324       0.713726
325       0.709804
326       0.705882
327       0.709804
328       0.717647
329       0.729412
330       0.733333
331       0.729412
332       0.725490
333       0.717647
334       0.717647
335       0.717647
336       0.709804
337       0.698039
338       0.686275
339       0.682353
340       0.682353
341       0.686275
342       0.694118
343       0.701961
344       0.713726
345       0.725490
346       0.733333
347       0.733333
348       0.721569
349       0.709804
350       0.698039
351       0.698039
352       0.698039
353       0.690196
354       0.686275
355       0.690196
356       0.694118
357       0.698039
358       0.705882
359       0.705882
360       0.705882
361       0.701961
362       0.698039
363       0.698039
364       0.705882
365       0.709804
366       0.709804
367       0.701961
368       0.694118
369       0.694118
370       0.698039
371       0.686275
372       0.694118
373       0.698039
374       0.705882
375       0.705882
376       0.701961
377       0.698039
378       0.694118
379       0.694118
380       0.686275
381       0.686275
382       0.686275
383       0.694118
384       0.698039
385       0.694118
386       0.690196
387       0.682353
388       0.682353
389       0.678431
390       0.670588
391       0.662745
392       0.658824
393       0.666667
394       0.674510
395       0.662745
396       0.666667
397       0.674510
398       0.682353
399       0.690196
400       0.698039
401       0.701961
402       0.701961
403       0.717647
404       0.725490
405       0.737255
406       0.745098
407       0.745098
408       0.733333
409       0.705882
410       0.686275
411       0.690196
412       0.694118
413       0.698039
414       0.690196
415       0.682353
416       0.682353
417       0.690196
418       0.701961
419       0.694118
420       0.701961
421       0.705882
422       0.701961
423       0.694118
424       0.690196
425       0.694118
426       0.701961
427       0.690196
428       0.678431
429       0.658824
430       0.643137
431       0.635294
432       0.639216
433       0.647059
434       0.654902
435       0.662745
436       0.678431
437       0.694118
438       0.709804
439       0.717647
440       0.721569
441       0.733333
442       0.737255
443       0.725490
444       0.737255
445       0.741176
446       0.721569
447       0.690196
448       0.670588
449       0.666667
450       0.670588
451       0.678431
452       0.690196
453       0.701961
454       0.674510
455       0.678431
456       0.686275
457       0.698039
458       0.701961
459       0.705882
460       0.705882
461       0.701961
462       0.713726
463       0.725490
464       0.733333
465       0.733333
466       0.725490
467       0.721569
468       0.725490
469       0.729412
470       0.737255
471       0.741176
472       0.741176
473       0.745098
474       0.749020
475       0.752941
476       0.756863
477       0.756863
478       0.737255
479       0.713726
480       0.686275
481       0.666667
482       0.658824
483       0.662745
484       0.666667
485       0.666667
486       0.674510
487       0.674510
488       0.674510
489       0.674510
490       0.678431
491       0.682353
492       0.686275
493       0.690196
494       0.674510
495       0.666667
496       0.658824
497       0.662745
498       0.678431
499       0.694118
500       0.705882
501       0.709804
502       0.709804
503       0.709804
504       0.705882
505       0.698039
506       0.690196
507       0.678431
508       0.666667
509       0.662745
510       0.666667
511       0.662745
512       0.650980
513       0.647059
514       0.654902
515       0.670588
516       0.690196
517       0.701961
518       0.701961
519       0.694118
520       0.678431
521       0.658824
522       0.647059
523       0.635294
524       0.631373
525       0.627451
526       0.603922
527       0.607843
528       0.611765
529       0.623529
530       0.639216
531       0.658824
532       0.674510
533       0.682353
534       0.698039
535       0.709804
536       0.725490
537       0.741176
538       0.749020
539       0.749020
540       0.745098
541       0.737255
542       0.737255
543       0.725490
544       0.717647
545       0.713726
546       0.713726
547       0.713726
548       0.709804
549       0.705882
550       0.713726
551       0.713726
552       0.709804
553       0.705882
554       0.709804
555       0.717647
556       0.725490
557       0.729412
558       0.725490
559       0.717647
560       0.713726
561       0.713726
562       0.713726
563       0.705882
564       0.694118
565       0.686275
566       0.682353
567       0.686275
568       0.690196
569       0.701961
570       0.713726
571       0.729412
572       0.741176
573       0.749020
574       0.745098
575       0.733333
576       0.713726
577       0.701961
578       0.701961
579       0.701961
580       0.698039
581       0.694118
582       0.686275
583       0.690196
584       0.694118
585       0.698039
586       0.698039
587       0.698039
588       0.694118
589       0.694118
590       0.690196
591       0.701961
592       0.713726
593       0.713726
594       0.705882
595       0.698039
596       0.694118
597       0.698039
598       0.674510
599       0.686275
600       0.698039
601       0.709804
602       0.713726
603       0.713726
604       0.705882
605       0.701961
606       0.690196
607       0.686275
608       0.678431
609       0.682353
610       0.686275
611       0.686275
612       0.682353
613       0.674510
614       0.670588
615       0.670588
616       0.670588
617       0.666667
618       0.662745
619       0.662745
620       0.674510
621       0.682353
622       0.670588
623       0.674510
624       0.682353
625       0.694118
626       0.698039
627       0.701961
628       0.698039
629       0.698039
630       0.713726
631       0.725490
632       0.737255
633       0.737255
634       0.725490
635       0.705882
636       0.686275
637       0.678431
638       0.678431
639       0.686275
640       0.694118
641       0.694118
642       0.694118
643       0.694118
644       0.698039
645       0.701961
646       0.701961
647       0.705882
648       0.709804
649       0.701961
650       0.694118
651       0.686275
652       0.690196
653       0.694118
654       0.690196
655       0.678431
656       0.654902
657       0.635294
658       0.623529
659       0.627451
660       0.635294
661       0.643137
662       0.674510
663       0.682353
664       0.694118
665       0.713726
666       0.733333
667       0.741176
668       0.737255
669       0.733333
670       0.717647
671       0.725490
672       0.729412
673       0.713726
674       0.686275
675       0.666667
676       0.662745
677       0.666667
678       0.670588
679       0.678431
680       0.690196
681       0.698039
682       0.705882
683       0.717647
684       0.725490
685       0.725490
686       0.721569
687       0.713726
688       0.709804
689       0.725490
690       0.729412
691       0.733333
692       0.733333
693       0.725490
694       0.721569
695       0.725490
696       0.729412
697       0.741176
698       0.745098
699       0.749020
700       0.749020
701       0.752941
702       0.752941
703       0.752941
704       0.752941
705       0.741176
706       0.721569
707       0.690196
708       0.670588
709       0.662745
710       0.662745
711       0.662745
712       0.662745
713       0.674510
714       0.674510
715       0.674510
716       0.674510
717       0.678431
718       0.682353
719       0.682353
720       0.686275
721       0.674510
722       0.670588
723       0.666667
724       0.666667
725       0.674510
726       0.682353
727       0.690196
728       0.694118
729       0.690196
730       0.690196
731       0.690196
732       0.686275
733       0.682353
734       0.678431
735       0.674510
736       0.670588
737       0.670588
738       0.666667
739       0.658824
740       0.654902
741       0.658824
742       0.670588
743       0.682353
744       0.690196
745       0.694118
746       0.690196
747       0.678431
748       0.658824
749       0.639216
750       0.627451
751       0.627451
752       0.627451
753       0.600000
754       0.603922
755       0.607843
756       0.619608
757       0.635294
758       0.650980
759       0.666667
760       0.678431
761       0.698039
762       0.705882
763       0.721569
764       0.737255
765       0.741176
766       0.741176
767       0.737255
768       0.729412
769       0.729412
770       0.721569
771       0.713726
772       0.709804
773       0.713726
774       0.713726
775       0.705882
776       0.701961
777       0.709804
778       0.709804
779       0.709804
780       0.709804
781       0.709804
782       0.717647
783       0.721569
784       0.725490
785       0.729412
786       0.721569
787       0.713726
788       0.713726
789       0.713726
790       0.709804
791       0.701961
792       0.690196
793       0.682353
794       0.686275
795       0.694118
796       0.709804
797       0.725490
798       0.737255
799       0.749020
800       0.756863
801       0.752941
802       0.737255
803       0.717647
804       0.705882
805       0.705882
806       0.705882
807       0.705882
808       0.701961
809       0.690196
810       0.690196
811       0.694118
812       0.694118
813       0.694118
814       0.694118
815       0.694118
816       0.694118
817       0.690196
818       0.701961
819       0.717647
820       0.717647
821       0.709804
822       0.698039
823       0.690196
824       0.686275
825       0.670588
826       0.682353
827       0.701961
828       0.717647
829       0.725490
830       0.721569
831       0.713726
832       0.705882
833       0.698039
834       0.690196
835       0.682353
836       0.682353
837       0.682353
838       0.682353
839       0.678431
840       0.670588
841       0.666667
842       0.670588
843       0.670588
844       0.666667
845       0.658824
846       0.662745
847       0.674510
848       0.682353
849       0.682353
850       0.690196
851       0.698039
852       0.701961
853       0.701961
854       0.698039
855       0.690196
856       0.686275
857       0.713726
858       0.725490
859       0.733333
860       0.725490
861       0.701961
862       0.678431
863       0.670588
864       0.674510
865       0.666667
866       0.674510
867       0.690196
868       0.698039
869       0.705882
870       0.705882
871       0.701961
872       0.701961
873       0.701961
874       0.701961
875       0.701961
876       0.701961
877       0.694118
878       0.694118
879       0.694118
880       0.694118
881       0.694118
882       0.682353
883       0.654902
884       0.635294
885       0.623529
886       0.623529
887       0.631373
888       0.635294
889       0.674510
890       0.674510
891       0.682353
892       0.705882
893       0.729412
894       0.741176
895       0.729412
896       0.717647
897       0.705882
898       0.709804
899       0.709804
900       0.701961
901       0.682353
902       0.666667
903       0.662745
904       0.662745
905       0.658824
906       0.670588
907       0.682353
908       0.713726
909       0.721569
910       0.729412
911       0.733333
912       0.733333
913       0.725490
914       0.717647
915       0.713726
916       0.729412
917       0.733333
918       0.733333
919       0.729412
920       0.717647
921       0.713726
922       0.717647
923       0.725490
924       0.725490
925       0.733333
926       0.745098
927       0.752941
928       0.756863
929       0.752941
930       0.745098
931       0.737255
932       0.745098
933       0.721569
934       0.694118
935       0.674510
936       0.662745
937       0.658824
938       0.654902
939       0.650980
940       0.666667
941       0.666667
942       0.670588
943       0.670588
944       0.674510
945       0.674510
946       0.674510
947       0.674510
948       0.674510
949       0.674510
950       0.670588
951       0.666667
952       0.666667
953       0.666667
954       0.674510
955       0.678431
956       0.666667
957       0.670588
958       0.670588
959       0.670588
960       0.674510
961       0.678431
962       0.678431
963       0.682353
964       0.674510
965       0.674510
966       0.670588
967       0.670588
968       0.670588
969       0.670588
970       0.670588
971       0.670588
972       0.682353
973       0.686275
974       0.682353
975       0.662745
976       0.639216
977       0.623529
978       0.619608
979       0.623529
980       0.603922
981       0.607843
982       0.611765
983       0.619608
984       0.635294
985       0.650980
986       0.666667
987       0.678431
988       0.694118
989       0.705882
990       0.721569
991       0.733333
992       0.737255
993       0.737255
994       0.729412
995       0.725490
996       0.717647
997       0.709804
998       0.705882
999       0.705882
1000      0.709804
1001      0.709804
1002      0.701961
1003      0.694118
1004      0.705882
1005      0.705882
1006      0.705882
1007      0.709804
1008      0.713726
1009      0.717647
1010      0.721569
1011      0.721569
1012      0.733333
1013      0.725490
1014      0.717647
1015      0.713726
1016      0.717647
1017      0.713726
1018      0.709804
1019      0.701961
1020      0.682353
1021      0.690196
1022      0.698039
1023      0.713726
1024      0.729412
1025      0.741176
1026      0.749020
1027      0.752941
1028      0.749020
1029      0.737255
1030      0.721569
1031      0.709804
1032      0.709804
1033      0.713726
1034      0.709804
1035      0.705882
1036      0.698039
1037      0.698039
1038      0.694118
1039      0.694118
1040      0.694118
1041      0.694118
1042      0.694118
1043      0.694118
1044      0.698039
1045      0.709804
1046      0.721569
1047      0.721569
1048      0.709804
1049      0.694118
1050      0.682353
1051      0.678431
1052      0.682353
1053      0.694118
1054      0.709804
1055      0.725490
1056      0.733333
1057      0.729412
1058      0.721569
1059      0.713726
1060      0.709804
1061      0.701961
1062      0.690196
1063      0.690196
1064      0.690196
1065      0.686275
1066      0.674510
1067      0.666667
1068      0.674510
1069      0.678431
1070      0.674510
1071      0.666667
1072      0.662745
1073      0.662745
1074      0.670588
1075      0.678431
1076      0.701961
1077      0.701961
1078      0.701961
1079      0.701961
1080      0.698039
1081      0.690196
1082      0.686275
1083      0.678431
1084      0.709804
1085      0.717647
1086      0.721569
1087      0.705882
1088      0.682353
1089      0.666667
1090      0.666667
1091      0.670588
1092      0.662745
1093      0.670588
1094      0.686275
1095      0.701961
1096      0.709804
1097      0.713726
1098      0.709804
1099      0.701961
1100      0.694118
1101      0.694118
1102      0.694118
1103      0.694118
1104      0.701961
1105      0.701961
1106      0.701961
1107      0.701961
1108      0.698039
1109      0.686275
1110      0.666667
1111      0.647059
1112      0.631373
1113      0.627451
1114      0.631373
1115      0.635294
1116      0.658824
1117      0.654902
1118      0.662745
1119      0.682353
1120      0.705882
1121      0.713726
1122      0.705882
1123      0.694118
1124      0.694118
1125      0.694118
1126      0.694118
1127      0.686275
1128      0.674510
1129      0.662745
1130      0.658824
1131      0.654902
1132      0.650980
1133      0.662745
1134      0.674510
1135      0.713726
1136      0.717647
1137      0.721569
1138      0.721569
1139      0.721569
1140      0.717647
1141      0.709804
1142      0.705882
1143      0.725490
1144      0.729412
1145      0.725490
1146      0.717647
1147      0.709804
1148      0.701961
1149      0.709804
1150      0.713726
1151      0.705882
1152      0.717647
1153      0.729412
1154      0.741176
1155      0.745098
1156      0.741176
1157      0.733333
1158      0.725490
1159      0.737255
1160      0.717647
1161      0.690196
1162      0.670588
1163      0.658824
1164      0.654902
1165      0.650980
1166      0.647059
1167      0.662745
1168      0.662745
1169      0.666667
1170      0.670588
1171      0.670588
1172      0.666667
1173      0.662745
1174      0.662745
1175      0.666667
1176      0.670588
1177      0.674510
1178      0.666667
1179      0.662745
1180      0.658824
1181      0.666667
1182      0.674510
1183      0.662745
1184      0.662745
1185      0.662745
1186      0.666667
1187      0.670588
1188      0.678431
1189      0.682353
1190      0.686275
1191      0.678431
1192      0.678431
1193      0.678431
1194      0.678431
1195      0.674510
1196      0.670588
1197      0.666667
1198      0.662745
1199      0.678431
1200      0.690196
1201      0.694118
1202      0.678431
1203      0.654902
1204      0.631373
1205      0.623529
1206      0.623529
1207      0.615686
1208      0.615686
1209      0.619608
1210      0.627451
1211      0.643137
1212      0.658824
1213      0.674510
1214      0.682353
1215      0.698039
1216      0.705882
1217      0.721569
1218      0.733333
1219      0.737255
1220      0.737255
1221      0.729412
1222      0.721569
1223      0.709804
1224      0.705882
1225      0.701961
1226      0.705882
1227      0.709804
1228      0.705882
1229      0.698039
1230      0.690196
1231      0.701961
1232      0.705882
1233      0.705882
1234      0.709804
1235      0.713726
1236      0.717647
1237      0.717647
1238      0.717647
1239      0.737255
1240      0.725490
1241      0.717647
1242      0.713726
1243      0.717647
1244      0.717647
1245      0.713726
1246      0.709804
1247      0.686275
1248      0.690196
1249      0.701961
1250      0.713726
1251      0.725490
1252      0.733333
1253      0.737255
1254      0.737255
1255      0.737255
1256      0.725490
1257      0.717647
1258      0.717647
1259      0.717647
1260      0.721569
1261      0.713726
1262      0.709804
1263      0.701961
1264      0.698039
1265      0.694118
1266      0.690196
1267      0.690196
1268      0.690196
1269      0.694118
1270      0.694118
1271      0.701961
1272      0.709804
1273      0.717647
1274      0.717647
1275      0.705882
1276      0.694118
1277      0.686275
1278      0.686275
1279      0.705882
1280      0.713726
1281      0.725490
1282      0.733333
1283      0.737255
1284      0.733333
1285      0.721569
1286      0.717647
1287      0.721569
1288      0.709804
1289      0.701961
1290      0.694118
1291      0.690196
1292      0.686275
1293      0.674510
1294      0.666667
1295      0.678431
1296      0.682353
1297      0.678431
1298      0.670588
1299      0.666667
1300      0.666667
1301      0.674510
1302      0.682353
1303      0.701961
1304      0.701961
1305      0.698039
1306      0.694118
1307      0.690196
1308      0.690196
1309      0.686275
1310      0.686275
1311      0.709804
1312      0.705882
1313      0.701961
1314      0.690196
1315      0.674510
1316      0.666667
1317      0.670588
1318      0.674510
1319      0.670588
1320      0.674510
1321      0.682353
1322      0.698039
1323      0.713726
1324      0.717647
1325      0.709804
1326      0.701961
1327      0.694118
1328      0.690196
1329      0.686275
1330      0.694118
1331      0.701961
1332      0.709804
1333      0.705882
1334      0.701961
1335      0.694118
1336      0.686275
1337      0.674510
1338      0.658824
1339      0.647059
1340      0.639216
1341      0.635294
1342      0.631373
1343      0.635294
1344      0.635294
1345      0.639216
1346      0.650980
1347      0.666667
1348      0.678431
1349      0.678431
1350      0.678431
1351      0.678431
1352      0.678431
1353      0.678431
1354      0.674510
1355      0.670588
1356      0.662745
1357      0.654902
1358      0.650980
1359      0.647059
1360      0.654902
1361      0.666667
1362      0.717647
1363      0.717647
1364      0.717647
1365      0.717647
1366      0.713726
1367      0.713726
1368      0.709804
1369      0.709804
1370      0.721569
1371      0.721569
1372      0.717647
1373      0.705882
1374      0.694118
1375      0.690196
1376      0.698039
1377      0.701961
1378      0.698039
1379      0.701961
1380      0.705882
1381      0.713726
1382      0.721569
1383      0.725490
1384      0.725490
1385      0.725490
1386      0.713726
1387      0.698039
1388      0.678431
1389      0.666667
1390      0.658824
1391      0.658824
1392      0.654902
1393      0.650980
1394      0.658824
1395      0.662745
1396      0.666667
1397      0.670588
1398      0.670588
1399      0.666667
1400      0.662745
1401      0.658824
1402      0.654902
1403      0.666667
1404      0.674510
1405      0.670588
1406      0.666667
1407      0.666667
1408      0.674510
1409      0.686275
1410      0.674510
1411      0.674510
1412      0.670588
1413      0.670588
1414      0.670588
1415      0.678431
1416      0.682353
1417      0.686275
1418      0.682353
1419      0.678431
1420      0.674510
1421      0.670588
1422      0.670588
1423      0.670588
1424      0.674510
1425      0.674510
1426      0.682353
1427      0.698039
1428      0.713726
1429      0.701961
1430      0.674510
1431      0.643137
1432      0.631373
1433      0.631373
1434      0.623529
1435      0.627451
1436      0.631373
1437      0.639216
1438      0.650980
1439      0.666667
1440      0.678431
1441      0.690196
1442      0.701961
1443      0.709804
1444      0.721569
1445      0.733333
1446      0.741176
1447      0.737255
1448      0.729412
1449      0.721569
1450      0.709804
1451      0.705882
1452      0.705882
1453      0.709804
1454      0.713726
1455      0.709804
1456      0.701961
1457      0.690196
1458      0.701961
1459      0.701961
1460      0.705882
1461      0.709804
1462      0.713726
1463      0.717647
1464      0.717647
1465      0.717647
1466      0.733333
1467      0.721569
1468      0.709804
1469      0.705882
1470      0.709804
1471      0.713726
1472      0.709804
1473      0.709804
1474      0.690196
1475      0.694118
1476      0.701961
1477      0.713726
1478      0.717647
1479      0.721569
1480      0.721569
1481      0.717647
1482      0.717647
1483      0.713726
1484      0.713726
1485      0.721569
1486      0.725490
1487      0.725490
1488      0.717647
1489      0.709804
1490      0.698039
1491      0.694118
1492      0.690196
1493      0.682353
1494      0.682353
1495      0.682353
1496      0.686275
1497      0.690196
1498      0.690196
1499      0.701961
1500      0.709804
1501      0.709804
1502      0.701961
1503      0.698039
1504      0.701961
1505      0.705882
1506      0.733333
1507      0.733333
1508      0.737255
1509      0.741176
1510      0.737255
1511      0.733333
1512      0.725490
1513      0.721569
1514      0.725490
1515      0.713726
1516      0.701961
1517      0.694118
1518      0.690196
1519      0.682353
1520      0.670588
1521      0.662745
1522      0.674510
1523      0.678431
1524      0.678431
1525      0.674510
1526      0.670588
1527      0.674510
1528      0.686275
1529      0.698039
1530      0.694118
1531      0.690196
1532      0.686275
1533      0.682353
1534      0.686275
1535      0.694118
1536      0.701961
1537      0.705882
1538      0.705882
1539      0.694118
1540      0.682353
1541      0.674510
1542      0.674510
1543      0.678431
1544      0.678431
1545      0.678431
1546      0.678431
1547      0.678431
1548      0.682353
1549      0.694118
1550      0.709804
1551      0.717647
1552      0.713726
1553      0.705882
1554      0.701961
1555      0.694118
1556      0.690196
1557      0.694118
1558      0.701961
1559      0.705882
1560      0.701961
1561      0.694118
1562      0.682353
1563      0.678431
1564      0.674510
1565      0.666667
1566      0.654902
1567      0.643137
1568      0.635294
1569      0.627451
1570      0.611765
1571      0.619608
1572      0.623529
1573      0.627451
1574      0.631373
1575      0.643137
1576      0.654902
1577      0.666667
1578      0.670588
1579      0.666667
1580      0.666667
1581      0.666667
1582      0.662745
1583      0.658824
1584      0.650980
1585      0.647059
1586      0.643137
1587      0.654902
1588      0.666667
1589      0.729412
1590      0.725490
1591      0.721569
1592      0.717647
1593      0.717647
1594      0.717647
1595      0.721569
1596      0.721569
1597      0.717647
1598      0.717647
1599      0.713726
1600      0.701961
1601      0.686275
1602      0.682353
1603      0.690196
1604      0.694118
1605      0.694118
1606      0.690196
1607      0.690196
1608      0.690196
1609      0.698039
1610      0.709804
1611      0.721569
1612      0.729412
1613      0.698039
1614      0.686275
1615      0.666667
1616      0.658824
1617      0.658824
1618      0.662745
1619      0.662745
1620      0.662745
1621      0.662745
1622      0.666667
1623      0.670588
1624      0.674510
1625      0.670588
1626      0.666667
1627      0.662745
1628      0.658824
1629      0.647059
1630      0.658824
1631      0.670588
1632      0.674510
1633      0.674510
1634      0.674510
1635      0.690196
1636      0.701961
1637      0.694118
1638      0.690196
1639      0.682353
1640      0.678431
1641      0.674510
1642      0.678431
1643      0.682353
1644      0.686275
1645      0.682353
1646      0.674510
1647      0.666667
1648      0.658824
1649      0.662745
1650      0.670588
1651      0.686275
1652      0.694118
1653      0.686275
1654      0.709804
1655      0.729412
1656      0.721569
1657      0.690196
1658      0.658824
1659      0.639216
1660      0.639216
1661      0.631373
1662      0.631373
1663      0.635294
1664      0.643137
1665      0.654902
1666      0.670588
1667      0.686275
1668      0.694118
1669      0.701961
1670      0.709804
1671      0.725490
1672      0.737255
1673      0.741176
1674      0.737255
1675      0.729412
1676      0.725490
1677      0.709804
1678      0.709804
1679      0.709804
1680      0.713726
1681      0.717647
1682      0.717647
1683      0.705882
1684      0.698039
1685      0.698039
1686      0.701961
1687      0.705882
1688      0.709804
1689      0.713726
1690      0.713726
1691      0.713726
1692      0.713726
1693      0.725490
1694      0.717647
1695      0.705882
1696      0.701961
1697      0.705882
1698      0.709804
1699      0.705882
1700      0.705882
1701      0.694118
1702      0.698039
1703      0.701961
1704      0.709804
1705      0.713726
1706      0.709804
1707      0.705882
1708      0.705882
1709      0.705882
1710      0.705882
1711      0.713726
1712      0.721569
1713      0.729412
1714      0.729412
1715      0.717647
1716      0.709804
1717      0.694118
1718      0.690196
1719      0.682353
1720      0.678431
1721      0.674510
1722      0.674510
1723      0.678431
1724      0.682353
1725      0.682353
1726      0.690196
1727      0.698039
1728      0.701961
1729      0.701961
1730      0.705882
1731      0.713726
1732      0.721569
1733      0.749020
1734      0.749020
1735      0.749020
1736      0.745098
1737      0.737255
1738      0.733333
1739      0.725490
1740      0.721569
1741      0.725490
1742      0.713726
1743      0.701961
1744      0.694118
1745      0.686275
1746      0.678431
1747      0.666667
1748      0.654902
1749      0.666667
1750      0.670588
1751      0.674510
1752      0.674510
1753      0.678431
1754      0.686275
1755      0.701961
1756      0.713726
1757      0.682353
1758      0.674510
1759      0.670588
1760      0.670588
1761      0.682353
1762      0.698039
1763      0.713726
1764      0.725490
1765      0.705882
1766      0.690196
1767      0.666667
1768      0.662745
1769      0.674510
1770      0.686275
1771      0.686275
1772      0.682353
1773      0.686275
1774      0.682353
1775      0.678431
1776      0.690196
1777      0.709804
1778      0.717647
1779      0.713726
1780      0.705882
1781      0.713726
1782      0.701961
1783      0.694118
1784      0.694118
1785      0.701961
1786      0.701961
1787      0.694118
1788      0.682353
1789      0.670588
1790      0.670588
1791      0.674510
1792      0.670588
1793      0.658824
1794      0.647059
1795      0.631373
1796      0.623529
1797      0.600000
1798      0.611765
1799      0.615686
1800      0.615686
1801      0.611765
1802      0.623529
1803      0.647059
1804      0.666667
1805      0.666667
1806      0.662745
1807      0.658824
1808      0.658824
1809      0.662745
1810      0.658824
1811      0.650980
1812      0.643137
1813      0.643137
1814      0.654902
1815      0.666667
1816      0.709804
1817      0.713726
1818      0.721569
1819      0.725490
1820      0.729412
1821      0.725490
1822      0.721569
1823      0.721569
1824      0.717647
1825      0.705882
1826      0.690196
1827      0.682353
1828      0.682353
1829      0.682353
1830      0.678431
1831      0.674510
1832      0.690196
1833      0.694118
1834      0.698039
1835      0.705882
1836      0.713726
1837      0.713726
1838      0.717647
1839      0.717647
1840      0.694118
1841      0.678431
1842      0.658824
1843      0.650980
1844      0.654902
1845      0.666667
1846      0.674510
1847      0.678431
1848      0.674510
1849      0.670588
1850      0.666667
1851      0.662745
1852      0.662745
1853      0.662745
1854      0.662745
1855      0.662745
1856      0.654902
1857      0.662745
1858      0.670588
1859      0.682353
1860      0.694118
1861      0.698039
1862      0.698039
1863      0.698039
1864      0.709804
1865      0.709804
1866      0.709804
1867      0.709804
1868      0.705882
1869      0.698039
1870      0.690196
1871      0.682353
1872      0.690196
1873      0.678431
1874      0.658824
1875      0.650980
1876      0.654902
1877      0.670588
1878      0.690196
1879      0.705882
1880      0.705882
1881      0.721569
1882      0.729412
1883      0.713726
1884      0.682353
1885      0.658824
1886      0.650980
1887      0.654902
1888      0.631373
1889      0.647059
1890      0.658824
1891      0.666667
1892      0.666667
1893      0.674510
1894      0.686275
1895      0.701961
1896      0.713726
1897      0.717647
1898      0.725490
1899      0.729412
1900      0.737255
1901      0.737255
1902      0.741176
1903      0.741176
1904      0.705882
1905      0.713726
1906      0.717647
1907      0.725490
1908      0.725490
1909      0.725490
1910      0.717647
1911      0.717647
1912      0.709804
1913      0.709804
1914      0.717647
1915      0.717647
1916      0.717647
1917      0.709804
1918      0.701961
1919      0.698039
1920      0.698039
1921      0.698039
1922      0.698039
1923      0.698039
1924      0.698039
1925      0.698039
1926      0.698039
1927      0.698039
1928      0.694118
1929      0.694118
1930      0.694118
1931      0.694118
1932      0.694118
1933      0.698039
1934      0.698039
1935      0.698039
1936      0.698039
1937      0.713726
1938      0.729412
1939      0.733333
1940      0.721569
1941      0.709804
1942      0.705882
1943      0.705882
1944      0.709804
1945      0.690196
1946      0.666667
1947      0.662745
1948      0.678431
1949      0.690196
1950      0.686275
1951      0.678431
1952      0.678431
1953      0.682353
1954      0.694118
1955      0.713726
1956      0.729412
1957      0.737255
1958      0.733333
1959      0.725490
1960      0.764706
1961      0.756863
1962      0.741176
1963      0.721569
1964      0.701961
1965      0.701961
1966      0.709804
1967      0.721569
1968      0.725490
1969      0.717647
1970      0.701961
1971      0.690196
1972      0.678431
1973      0.678431
1974      0.678431
1975      0.682353
1976      0.690196
1977      0.678431
1978      0.670588
1979      0.674510
1980      0.686275
1981      0.694118
1982      0.690196
1983      0.682353
1984      0.690196
1985      0.682353
1986      0.678431
1987      0.678431
1988      0.682353
1989      0.694118
1990      0.705882
1991      0.717647
1992      0.705882
1993      0.701961
1994      0.694118
1995      0.686275
1996      0.678431
1997      0.678431
1998      0.682353
1999      0.686275
2000      0.666667
2001      0.670588
2002      0.678431
2003      0.690196
2004      0.698039
2005      0.701961
2006      0.705882
2007      0.709804
2008      0.698039
2009      0.701961
2010      0.705882
2011      0.705882
2012      0.701961
2013      0.690196
2014      0.678431
2015      0.670588
2016      0.662745
2017      0.666667
2018      0.674510
2019      0.674510
2020      0.666667
2021      0.654902
2022      0.639216
2023      0.631373
2024      0.607843
2025      0.600000
2026      0.603922
2027      0.627451
2028      0.635294
2029      0.631373
2030      0.635294
2031      0.650980
2032      0.682353
2033      0.670588
2034      0.662745
2035      0.666667
2036      0.674510
2037      0.670588
2038      0.658824
2039      0.647059
2040      0.647059
2041      0.650980
2042      0.654902
2043      0.705882
2044      0.713726
2045      0.721569
2046      0.729412
2047      0.733333
2048      0.733333
2049      0.729412
2050      0.725490
2051      0.713726
2052      0.701961
2053      0.686275
2054      0.682353
2055      0.682353
2056      0.686275
2057      0.682353
2058      0.678431
2059      0.694118
2060      0.698039
2061      0.701961
2062      0.705882
2063      0.709804
2064      0.709804
2065      0.709804
2066      0.709804
2067      0.694118
2068      0.682353
2069      0.666667
2070      0.662745
2071      0.666667
2072      0.674510
2073      0.678431
2074      0.678431
2075      0.674510
2076      0.670588
2077      0.670588
2078      0.666667
2079      0.662745
2080      0.662745
2081      0.662745
2082      0.666667
2083      0.654902
2084      0.662745
2085      0.674510
2086      0.682353
2087      0.690196
2088      0.698039
2089      0.698039
2090      0.698039
2091      0.705882
2092      0.709804
2093      0.713726
2094      0.713726
2095      0.709804
2096      0.701961
2097      0.690196
2098      0.682353
2099      0.678431
2100      0.666667
2101      0.654902
2102      0.647059
2103      0.650980
2104      0.666667
2105      0.686275
2106      0.698039
2107      0.705882
2108      0.721569
2109      0.729412
2110      0.713726
2111      0.686275
2112      0.658824
2113      0.650980
2114      0.654902
2115      0.647059
2116      0.654902
2117      0.666667
2118      0.666667
2119      0.662745
2120      0.666667
2121      0.674510
2122      0.686275
2123      0.705882
2124      0.709804
2125      0.717647
2126      0.725490
2127      0.729412
2128      0.729412
2129      0.729412
2130      0.729412
2131      0.713726
2132      0.717647
2133      0.717647
2134      0.717647
2135      0.717647
2136      0.713726
2137      0.709804
2138      0.709804
2139      0.717647
2140      0.717647
2141      0.717647
2142      0.717647
2143      0.713726
2144      0.709804
2145      0.705882
2146      0.705882
2147      0.717647
2148      0.713726
2149      0.709804
2150      0.705882
2151      0.701961
2152      0.698039
2153      0.694118
2154      0.694118
2155      0.690196
2156      0.690196
2157      0.690196
2158      0.690196
2159      0.690196
2160      0.694118
2161      0.694118
2162      0.698039
2163      0.698039
2164      0.709804
2165      0.725490
2166      0.725490
2167      0.717647
2168      0.709804
2169      0.705882
2170      0.709804
2171      0.694118
2172      0.678431
2173      0.666667
2174      0.670588
2175      0.682353
2176      0.690196
2177      0.678431
2178      0.662745
2179      0.666667
2180      0.670588
2181      0.682353
2182      0.701961
2183      0.721569
2184      0.737255
2185      0.737255
2186      0.733333
2187      0.760784
2188      0.745098
2189      0.721569
2190      0.701961
2191      0.698039
2192      0.701961
2193      0.709804
2194      0.713726
2195      0.725490
2196      0.717647
2197      0.705882
2198      0.694118
2199      0.682353
2200      0.682353
2201      0.682353
2202      0.682353
2203      0.686275
2204      0.674510
2205      0.670588
2206      0.674510
2207      0.682353
2208      0.690196
2209      0.686275
2210      0.678431
2211      0.674510
2212      0.678431
2213      0.678431
2214      0.682353
2215      0.690196
2216      0.694118
2217      0.698039
2218      0.701961
2219      0.705882
2220      0.701961
2221      0.698039
2222      0.694118
2223      0.690196
2224      0.686275
2225      0.686275
2226      0.686275
2227      0.674510
2228      0.678431
2229      0.682353
2230      0.690196
2231      0.698039
2232      0.701961
2233      0.705882
2234      0.705882
2235      0.701961
2236      0.705882
2237      0.705882
2238      0.705882
2239      0.698039
2240      0.686275
2241      0.674510
2242      0.666667
2243      0.662745
2244      0.666667
2245      0.674510
2246      0.674510
2247      0.666667
2248      0.654902
2249      0.639216
2250      0.631373
2251      0.611765
2252      0.603922
2253      0.607843
2254      0.627451
2255      0.635294
2256      0.631373
2257      0.639216
2258      0.654902
2259      0.662745
2260      0.658824
2261      0.658824
2262      0.670588
2263      0.678431
2264      0.678431
2265      0.670588
2266      0.654902
2267      0.650980
2268      0.650980
2269      0.654902
2270      0.701961
2271      0.709804
2272      0.721569
2273      0.733333
2274      0.741176
2275      0.741176
2276      0.737255
2277      0.733333
2278      0.705882
2279      0.694118
2280      0.682353
2281      0.678431
2282      0.682353
2283      0.686275
2284      0.690196
2285      0.690196
2286      0.698039
2287      0.701961
2288      0.705882
2289      0.705882
2290      0.705882
2291      0.705882
2292      0.701961
2293      0.698039
2294      0.694118
2295      0.686275
2296      0.674510
2297      0.674510
2298      0.678431
2299      0.682353
2300      0.678431
2301      0.674510
2302      0.674510
2303      0.674510
2304      0.670588
2305      0.670588
2306      0.670588
2307      0.666667
2308      0.666667
2309      0.666667
2310      0.658824
2311      0.662745
2312      0.674510
2313      0.682353
2314      0.690196
2315      0.694118
2316      0.698039
2317      0.698039
2318      0.705882
2319      0.709804
2320      0.717647
2321      0.721569
2322      0.717647
2323      0.705882
2324      0.690196
2325      0.682353
2326      0.662745
2327      0.658824
2328      0.650980
2329      0.647059
2330      0.654902
2331      0.666667
2332      0.682353
2333      0.690196
2334      0.709804
2335      0.721569
2336      0.729412
2337      0.713726
2338      0.690196
2339      0.666667
2340      0.654902
2341      0.654902
2342      0.662745
2343      0.666667
2344      0.670588
2345      0.666667
2346      0.662745
2347      0.658824
2348      0.666667
2349      0.670588
2350      0.701961
2351      0.705882
2352      0.713726
2353      0.717647
2354      0.721569
2355      0.717647
2356      0.713726
2357      0.713726
2358      0.717647
2359      0.713726
2360      0.709804
2361      0.705882
2362      0.701961
2363      0.701961
2364      0.701961
2365      0.701961
2366      0.725490
2367      0.725490
2368      0.717647
2369      0.713726
2370      0.709804
2371      0.709804
2372      0.709804
2373      0.709804
2374      0.733333
2375      0.729412
2376      0.725490
2377      0.713726
2378      0.705882
2379      0.698039
2380      0.690196
2381      0.690196
2382      0.686275
2383      0.686275
2384      0.686275
2385      0.686275
2386      0.686275
2387      0.690196
2388      0.694118
2389      0.698039
2390      0.701961
2391      0.709804
2392      0.717647
2393      0.717647
2394      0.709804
2395      0.705882
2396      0.709804
2397      0.713726
2398      0.678431
2399      0.670588
2400      0.662745
2401      0.670588
2402      0.682353
2403      0.682353
2404      0.666667
2405      0.650980
2406      0.658824
2407      0.658824
2408      0.666667
2409      0.686275
2410      0.709804
2411      0.729412
2412      0.737255
2413      0.741176
2414      0.745098
2415      0.721569
2416      0.690196
2417      0.678431
2418      0.686275
2419      0.698039
2420      0.705882
2421      0.705882
2422      0.721569
2423      0.717647
2424      0.705882
2425      0.698039
2426      0.690196
2427      0.686275
2428      0.682353
2429      0.682353
2430      0.678431
2431      0.670588
2432      0.670588
2433      0.670588
2434      0.678431
2435      0.682353
2436      0.682353
2437      0.678431
2438      0.666667
2439      0.670588
2440      0.678431
2441      0.686275
2442      0.690196
2443      0.690196
2444      0.690196
2445      0.686275
2446      0.701961
2447      0.701961
2448      0.705882
2449      0.701961
2450      0.701961
2451      0.698039
2452      0.694118
2453      0.690196
2454      0.686275
2455      0.686275
2456      0.690196
2457      0.694118
2458      0.698039
2459      0.698039
2460      0.701961
2461      0.701961
2462      0.709804
2463      0.709804
2464      0.709804
2465      0.705882
2466      0.698039
2467      0.682353
2468      0.670588
2469      0.662745
2470      0.662745
2471      0.666667
2472      0.674510
2473      0.674510
2474      0.666667
2475      0.654902
2476      0.639216
2477      0.631373
2478      0.615686
2479      0.603922
2480      0.607843
2481      0.623529
2482      0.631373
2483      0.627451
2484      0.635294
2485      0.654902
2486      0.647059
2487      0.650980
2488      0.658824
2489      0.674510
2490      0.686275
2491      0.686275
2492      0.678431
2493      0.666667
2494      0.654902
2495      0.654902
2496      0.658824
2497      0.698039
2498      0.709804
2499      0.725490
2500      0.737255
2501      0.745098
2502      0.745098
2503      0.741176
2504      0.737255
2505      0.698039
2506      0.686275
2507      0.674510
2508      0.670588
2509      0.678431
2510      0.690196
2511      0.698039
2512      0.698039
2513      0.705882
2514      0.705882
2515      0.705882
2516      0.705882
2517      0.701961
2518      0.698039
2519      0.690196
2520      0.690196
2521      0.686275
2522      0.682353
2523      0.678431
2524      0.678431
2525      0.686275
2526      0.686275
2527      0.678431
2528      0.670588
2529      0.670588
2530      0.674510
2531      0.674510
2532      0.674510
2533      0.674510
2534      0.674510
2535      0.670588
2536      0.670588
2537      0.662745
2538      0.666667
2539      0.674510
2540      0.678431
2541      0.686275
2542      0.694118
2543      0.698039
2544      0.698039
2545      0.705882
2546      0.709804
2547      0.721569
2548      0.725490
2549      0.717647
2550      0.705882
2551      0.690196
2552      0.682353
2553      0.658824
2554      0.658824
2555      0.654902
2556      0.654902
2557      0.662745
2558      0.674510
2559      0.686275
2560      0.698039
2561      0.713726
2562      0.721569
2563      0.729412
2564      0.717647
2565      0.694118
2566      0.674510
2567      0.662745
2568      0.658824
2569      0.666667
2570      0.670588
2571      0.670588
2572      0.670588
2573      0.666667
2574      0.666667
2575      0.666667
2576      0.666667
2577      0.698039
2578      0.705882
2579      0.709804
2580      0.717647
2581      0.713726
2582      0.709804
2583      0.701961
2584      0.698039
2585      0.705882
2586      0.701961
2587      0.694118
2588      0.690196
2589      0.694118
2590      0.698039
2591      0.701961
2592      0.705882
2593      0.725490
2594      0.721569
2595      0.713726
2596      0.705882
2597      0.701961
2598      0.701961
2599      0.705882
2600      0.709804
2601      0.729412
2602      0.725490
2603      0.721569
2604      0.713726
2605      0.705882
2606      0.698039
2607      0.694118
2608      0.690196
2609      0.682353
2610      0.682353
2611      0.678431
2612      0.678431
2613      0.682353
2614      0.686275
2615      0.694118
2616      0.698039
2617      0.705882
2618      0.705882
2619      0.709804
2620      0.709804
2621      0.705882
2622      0.705882
2623      0.705882
2624      0.709804
2625      0.670588
2626      0.662745
2627      0.658824
2628      0.658824
2629      0.666667
2630      0.666667
2631      0.658824
2632      0.647059
2633      0.662745
2634      0.658824
2635      0.662745
2636      0.678431
2637      0.698039
2638      0.717647
2639      0.729412
2640      0.729412
2641      0.725490
2642      0.694118
2643      0.658824
2644      0.654902
2645      0.670588
2646      0.690196
2647      0.698039
2648      0.694118
2649      0.717647
2650      0.713726
2651      0.709804
2652      0.701961
2653      0.698039
2654      0.690196
2655      0.682353
2656      0.682353
2657      0.670588
2658      0.670588
2659      0.670588
2660      0.674510
2661      0.678431
2662      0.678431
2663      0.678431
2664      0.674510
2665      0.666667
2666      0.670588
2667      0.674510
2668      0.678431
2669      0.682353
2670      0.686275
2671      0.686275
2672      0.686275
2673      0.701961
2674      0.701961
2675      0.709804
2676      0.713726
2677      0.709804
2678      0.705882
2679      0.701961
2680      0.694118
2681      0.701961
2682      0.701961
2683      0.698039
2684      0.698039
2685      0.698039
2686      0.698039
2687      0.701961
2688      0.701961
2689      0.717647
2690      0.717647
2691      0.713726
2692      0.705882
2693      0.694118
2694      0.678431
2695      0.666667
2696      0.658824
2697      0.662745
2698      0.666667
2699      0.674510
2700      0.674510
2701      0.666667
2702      0.654902
2703      0.639216
2704      0.631373
2705      0.611765
2706      0.600000
2707      0.600000
2708      0.615686
2709      0.623529
2710      0.619608
2711      0.631373
2712      0.647059
2713      0.639216
2714      0.650980
2715      0.666667
2716      0.682353
2717      0.690196
2718      0.686275
2719      0.674510
2720      0.666667
2721      0.658824
2722      0.662745
2723      0.666667
2724      0.698039
2725      0.709804
2726      0.725490
2727      0.741176
2728      0.749020
2729      0.745098
2730      0.741176
2731      0.733333
2732      0.694118
2733      0.682353
2734      0.670588
2735      0.666667
2736      0.674510
2737      0.690196
2738      0.698039
2739      0.701961
2740      0.705882
2741      0.705882
2742      0.705882
2743      0.701961
2744      0.698039
2745      0.690196
2746      0.686275
2747      0.682353
2748      0.682353
2749      0.678431
2750      0.674510
2751      0.678431
2752      0.682353
2753      0.682353
2754      0.670588
2755      0.662745
2756      0.670588
2757      0.674510
2758      0.678431
2759      0.678431
2760      0.682353
2761      0.678431
2762      0.674510
2763      0.674510
2764      0.666667
2765      0.670588
2766      0.674510
2767      0.678431
2768      0.682353
2769      0.690196
2770      0.694118
2771      0.698039
2772      0.705882
2773      0.709804
2774      0.717647
2775      0.721569
2776      0.713726
2777      0.701961
2778      0.690196
2779      0.682353
2780      0.666667
2781      0.662745
2782      0.662745
2783      0.666667
2784      0.674510
2785      0.686275
2786      0.701961
2787      0.709804
2788      0.725490
2789      0.729412
2790      0.729412
2791      0.721569
2792      0.705882
2793      0.686275
2794      0.674510
2795      0.666667
2796      0.666667
2797      0.666667
2798      0.666667
2799      0.670588
2800      0.674510
2801      0.678431
2802      0.678431
2803      0.674510
2804      0.701961
2805      0.705882
2806      0.713726
2807      0.717647
2808      0.713726
2809      0.705882
2810      0.694118
2811      0.686275
2812      0.682353
2813      0.678431
2814      0.678431
2815      0.678431
2816      0.686275
2817      0.694118
2818      0.705882
2819      0.709804
2820      0.713726
2821      0.705882
2822      0.701961
2823      0.694118
2824      0.694118
2825      0.698039
2826      0.701961
2827      0.705882
2828      0.709804
2829      0.709804
2830      0.705882
2831      0.705882
2832      0.701961
2833      0.698039
2834      0.694118
2835      0.694118
2836      0.682353
2837      0.682353
2838      0.678431
2839      0.674510
2840      0.678431
2841      0.686275
2842      0.698039
2843      0.701961
2844      0.709804
2845      0.705882
2846      0.705882
2847      0.701961
2848      0.705882
2849      0.701961
2850      0.701961
2851      0.698039
2852      0.670588
2853      0.662745
2854      0.650980
2855      0.643137
2856      0.647059
2857      0.650980
2858      0.654902
2859      0.654902
2860      0.674510
2861      0.666667
2862      0.666667
2863      0.674510
2864      0.690196
2865      0.705882
2866      0.709804
2867      0.709804
2868      0.698039
2869      0.670588
2870      0.643137
2871      0.639216
2872      0.658824
2873      0.678431
2874      0.686275
2875      0.682353
2876      0.705882
2877      0.709804
2878      0.709804
2879      0.705882
2880      0.701961
2881      0.690196
2882      0.682353
2883      0.678431
2884      0.662745
2885      0.670588
2886      0.674510
2887      0.678431
2888      0.678431
2889      0.674510
2890      0.674510
2891      0.674510
2892      0.678431
2893      0.674510
2894      0.670588
2895      0.666667
2896      0.670588
2897      0.678431
2898      0.686275
2899      0.694118
2900      0.698039
2901      0.701961
2902      0.709804
2903      0.713726
2904      0.713726
2905      0.713726
2906      0.705882
2907      0.701961
2908      0.713726
2909      0.709804
2910      0.705882
2911      0.701961
2912      0.698039
2913      0.701961
2914      0.701961
2915      0.705882
2916      0.725490
2917      0.721569
2918      0.713726
2919      0.701961
2920      0.690196
2921      0.678431
2922      0.666667
2923      0.658824
2924      0.662745
2925      0.666667
2926      0.674510
2927      0.674510
2928      0.666667
2929      0.654902
2930      0.639216
2931      0.631373
2932      0.611765
2933      0.596078
2934      0.592157
2935      0.607843
2936      0.611765
2937      0.611765
2938      0.623529
2939      0.639216
2940      0.647059
2941      0.658824
2942      0.678431
2943      0.686275
2944      0.686275
2945      0.678431
2946      0.670588
2947      0.662745
2948      0.666667
2949      0.670588
2950      0.674510
2951      0.698039
2952      0.709804
2953      0.725490
2954      0.741176
2955      0.745098
2956      0.741176
2957      0.733333
2958      0.725490
2959      0.694118
2960      0.682353
2961      0.666667
2962      0.662745
2963      0.670588
2964      0.686275
2965      0.698039
2966      0.705882
2967      0.701961
2968      0.701961
2969      0.701961
2970      0.698039
2971      0.694118
2972      0.686275
2973      0.682353
2974      0.678431
2975      0.682353
2976      0.678431
2977      0.674510
2978      0.678431
2979      0.682353
2980      0.678431
2981      0.670588
2982      0.662745
2983      0.670588
2984      0.674510
2985      0.678431
2986      0.686275
2987      0.686275
2988      0.682353
2989      0.678431
2990      0.674510
2991      0.674510
2992      0.674510
2993      0.674510
2994      0.674510
2995      0.682353
2996      0.690196
2997      0.694118
2998      0.698039
2999      0.709804
3000      0.709804
3001      0.709804
3002      0.709804
3003      0.705882
3004      0.698039
3005      0.690196
3006      0.682353
3007      0.674510
3008      0.670588
3009      0.666667
3010      0.670588
3011      0.678431
3012      0.698039
3013      0.717647
3014      0.729412
3015      0.733333
3016      0.737255
3017      0.737255
3018      0.729412
3019      0.717647
3020      0.701961
3021      0.686275
3022      0.678431
3023      0.674510
3024      0.670588
3025      0.666667
3026      0.674510
3027      0.686275
3028      0.690196
3029      0.690196
3030      0.686275
3031      0.698039
3032      0.705882
3033      0.713726
3034      0.713726
3035      0.709804
3036      0.698039
3037      0.682353
3038      0.670588
3039      0.658824
3040      0.662745
3041      0.666667
3042      0.674510
3043      0.682353
3044      0.694118
3045      0.701961
3046      0.705882
3047      0.694118
3048      0.694118
3049      0.694118
3050      0.694118
3051      0.694118
3052      0.698039
3053      0.701961
3054      0.701961
3055      0.694118
3056      0.694118
3057      0.698039
3058      0.698039
3059      0.698039
3060      0.698039
3061      0.698039
3062      0.698039
3063      0.686275
3064      0.682353
3065      0.678431
3066      0.674510
3067      0.682353
3068      0.690196
3069      0.701961
3070      0.709804
3071      0.713726
3072      0.709804
3073      0.705882
3074      0.705882
3075      0.705882
3076      0.701961
3077      0.690196
3078      0.682353
3079      0.670588
3080      0.658824
3081      0.647059
3082      0.639216
3083      0.639216
3084      0.643137
3085      0.654902
3086      0.658824
3087      0.682353
3088      0.674510
3089      0.674510
3090      0.682353
3091      0.690196
3092      0.694118
3093      0.694118
3094      0.690196
3095      0.674510
3096      0.654902
3097      0.635294
3098      0.635294
3099      0.650980
3100      0.666667
3101      0.670588
3102      0.670588
3103      0.698039
3104      0.701961
3105      0.705882
3106      0.705882
3107      0.701961
3108      0.690196
3109      0.678431
3110      0.670588
3111      0.662745
3112      0.670588
3113      0.682353
3114      0.686275
3115      0.682353
3116      0.674510
3117      0.674510
3118      0.678431
3119      0.686275
3120      0.678431
3121      0.670588
3122      0.662745
3123      0.666667
3124      0.674510
3125      0.686275
3126      0.698039
3127      0.698039
3128      0.701961
3129      0.705882
3130      0.709804
3131      0.713726
3132      0.713726
3133      0.713726
3134      0.713726
3135      0.721569
3136      0.717647
3137      0.709804
3138      0.701961
3139      0.701961
3140      0.701961
3141      0.705882
3142      0.709804
3143      0.725490
3144      0.721569
3145      0.709804
3146      0.698039
3147      0.686275
3148      0.678431
3149      0.666667
3150      0.662745
3151      0.662745
3152      0.666667
3153      0.674510
3154      0.674510
3155      0.666667
3156      0.654902
3157      0.639216
3158      0.631373
3159      0.611765
3160      0.596078
3161      0.592157
3162      0.603922
3163      0.607843
3164      0.607843
3165      0.619608
3166      0.639216
3167      0.658824
3168      0.670588
3169      0.686275
3170      0.690196
3171      0.682353
3172      0.670588
3173      0.666667
3174      0.662745
3175      0.670588
3176      0.674510
3177      0.678431
3178      0.694118
3179      0.709804
3180      0.725490
3181      0.741176
3182      0.745098
3183      0.737255
3184      0.725490
3185      0.713726
3186      0.698039
3187      0.682353
3188      0.666667
3189      0.658824
3190      0.670588
3191      0.686275
3192      0.698039
3193      0.701961
3194      0.698039
3195      0.698039
3196      0.698039
3197      0.698039
3198      0.694118
3199      0.686275
3200      0.682353
3201      0.678431
3202      0.690196
3203      0.682353
3204      0.678431
3205      0.678431
3206      0.682353
3207      0.682353
3208      0.678431
3209      0.674510
3210      0.666667
3211      0.674510
3212      0.682353
3213      0.690196
3214      0.690196
3215      0.686275
3216      0.682353
3217      0.678431
3218      0.674510
3219      0.674510
3220      0.674510
3221      0.674510
3222      0.678431
3223      0.686275
3224      0.694118
3225      0.698039
3226      0.709804
3227      0.705882
3228      0.701961
3229      0.698039
3230      0.694118
3231      0.690196
3232      0.686275
3233      0.686275
3234      0.682353
3235      0.674510
3236      0.666667
3237      0.666667
3238      0.678431
3239      0.701961
3240      0.725490
3241      0.741176
3242      0.745098
3243      0.745098
3244      0.741176
3245      0.737255
3246      0.729412
3247      0.717647
3248      0.698039
3249      0.686275
3250      0.686275
3251      0.678431
3252      0.674510
3253      0.682353
3254      0.694118
3255      0.698039
3256      0.694118
3257      0.686275
3258      0.694118
3259      0.698039
3260      0.705882
3261      0.709804
3262      0.701961
3263      0.686275
3264      0.666667
3265      0.654902
3266      0.650980
3267      0.654902
3268      0.662745
3269      0.670588
3270      0.678431
3271      0.686275
3272      0.690196
3273      0.690196
3274      0.682353
3275      0.686275
3276      0.694118
3277      0.698039
3278      0.701961
3279      0.705882
3280      0.705882
3281      0.705882
3282      0.694118
3283      0.694118
3284      0.694118
3285      0.694118
3286      0.694118
3287      0.698039
3288      0.698039
3289      0.698039
3290      0.690196
3291      0.686275
3292      0.678431
3293      0.678431
3294      0.682353
3295      0.694118
3296      0.705882
3297      0.717647
3298      0.717647
3299      0.709804
3300      0.705882
3301      0.705882
3302      0.709804
3303      0.698039
3304      0.678431
3305      0.662745
3306      0.658824
3307      0.654902
3308      0.654902
3309      0.647059
3310      0.643137
3311      0.643137
3312      0.647059
3313      0.654902
3314      0.678431
3315      0.678431
3316      0.678431
3317      0.686275
3318      0.694118
3319      0.698039
3320      0.690196
3321      0.682353
3322      0.650980
3323      0.647059
3324      0.639216
3325      0.639216
3326      0.643137
3327      0.650980
3328      0.658824
3329      0.662745
3330      0.686275
3331      0.694118
3332      0.701961
3333      0.705882
3334      0.701961
3335      0.686275
3336      0.674510
3337      0.662745
3338      0.662745
3339      0.674510
3340      0.690196
3341      0.694118
3342      0.686275
3343      0.678431
3344      0.678431
3345      0.682353
3346      0.682353
3347      0.678431
3348      0.678431
3349      0.674510
3350      0.674510
3351      0.682353
3352      0.686275
3353      0.690196
3354      0.701961
3355      0.701961
3356      0.701961
3357      0.701961
3358      0.705882
3359      0.709804
3360      0.717647
3361      0.717647
3362      0.725490
3363      0.717647
3364      0.709804
3365      0.705882
3366      0.701961
3367      0.705882
3368      0.713726
3369      0.717647
3370      0.721569
3371      0.717647
3372      0.709804
3373      0.698039
3374      0.686275
3375      0.678431
3376      0.670588
3377      0.670588
3378      0.662745
3379      0.666667
3380      0.674510
3381      0.674510
3382      0.666667
3383      0.654902
3384      0.639216
3385      0.631373
3386      0.623529
3387      0.607843
3388      0.600000
3389      0.607843
3390      0.611765
3391      0.611765
3392      0.627451
3393      0.647059
3394      0.658824
3395      0.674510
3396      0.686275
3397      0.686275
3398      0.674510
3399      0.670588
3400      0.670588
3401      0.674510
3402      0.678431
3403      0.678431
3404      0.682353
3405      0.694118
3406      0.709804
3407      0.725490
3408      0.737255
3409      0.741176
3410      0.733333
3411      0.717647
3412      0.709804
3413      0.701961
3414      0.686275
3415      0.666667
3416      0.658824
3417      0.666667
3418      0.682353
3419      0.694118
3420      0.701961
3421      0.694118
3422      0.698039
3423      0.698039
3424      0.694118
3425      0.690196
3426      0.686275
3427      0.682353
3428      0.678431
3429      0.698039
3430      0.690196
3431      0.682353
3432      0.682353
3433      0.686275
3434      0.686275
3435      0.686275
3436      0.682353
3437      0.666667
3438      0.674510
3439      0.682353
3440      0.690196
3441      0.694118
3442      0.690196
3443      0.682353
3444      0.678431
3445      0.678431
3446      0.674510
3447      0.674510
3448      0.674510
3449      0.678431
3450      0.686275
3451      0.694118
3452      0.698039
3453      0.713726
3454      0.705882
3455      0.698039
3456      0.690196
3457      0.686275
3458      0.682353
3459      0.686275
3460      0.686275
3461      0.682353
3462      0.674510
3463      0.662745
3464      0.662745
3465      0.674510
3466      0.698039
3467      0.729412
3468      0.745098
3469      0.752941
3470      0.749020
3471      0.745098
3472      0.745098
3473      0.737255
3474      0.721569
3475      0.705882
3476      0.690196
3477      0.698039
3478      0.686275
3479      0.682353
3480      0.686275
3481      0.698039
3482      0.701961
3483      0.694118
3484      0.686275
3485      0.686275
3486      0.694118
3487      0.701961
3488      0.701961
3489      0.694118
3490      0.674510
3491      0.658824
3492      0.643137
3493      0.650980
3494      0.654902
3495      0.666667
3496      0.674510
3497      0.678431
3498      0.678431
3499      0.678431
3500      0.674510
3501      0.678431
3502      0.682353
3503      0.694118
3504      0.705882
3505      0.713726
3506      0.713726
3507      0.713726
3508      0.713726
3509      0.701961
3510      0.701961
3511      0.698039
3512      0.698039
3513      0.698039
3514      0.694118
3515      0.694118
3516      0.694118
3517      0.694118
3518      0.690196
3519      0.682353
3520      0.678431
3521      0.686275
3522      0.698039
3523      0.709804
3524      0.721569
3525      0.717647
3526      0.713726
3527      0.709804
3528      0.709804
3529      0.709804
3530      0.698039
3531      0.670588
3532      0.650980
3533      0.647059
3534      0.654902
3535      0.658824
3536      0.658824
3537      0.654902
3538      0.647059
3539      0.643137
3540      0.643137
3541      0.674510
3542      0.674510
3543      0.678431
3544      0.690196
3545      0.701961
3546      0.701961
3547      0.690196
3548      0.678431
3549      0.639216
3550      0.643137
3551      0.647059
3552      0.643137
3553      0.643137
3554      0.643137
3555      0.650980
3556      0.658824
3557      0.682353
3558      0.686275
3559      0.698039
3560      0.701961
3561      0.698039
3562      0.686275
3563      0.670588
3564      0.658824
3565      0.662745
3566      0.678431
3567      0.694118
3568      0.698039
3569      0.686275
3570      0.678431
3571      0.682353
3572      0.686275
3573      0.674510
3574      0.678431
3575      0.682353
3576      0.686275
3577      0.690196
3578      0.686275
3579      0.682353
3580      0.678431
3581      0.701961
3582      0.698039
3583      0.698039
3584      0.698039
3585      0.701961
3586      0.709804
3587      0.717647
3588      0.725490
3589      0.725490
3590      0.717647
3591      0.709804
3592      0.705882
3593      0.705882
3594      0.709804
3595      0.717647
3596      0.721569
3597      0.721569
3598      0.717647
3599      0.705882
3600      0.694118
3601      0.686275
3602      0.678431
3603      0.674510
3604      0.674510
3605      0.662745
3606      0.666667
3607      0.674510
3608      0.674510
3609      0.666667
3610      0.654902
3611      0.639216
3612      0.631373
3613      0.631373
3614      0.615686
3615      0.607843
3616      0.615686
3617      0.619608
3618      0.619608
3619      0.631373
3620      0.654902
3621      0.658824
3622      0.670588
3623      0.682353
3624      0.682353
3625      0.674510
3626      0.670588
3627      0.674510
3628      0.686275
3629      0.678431
3630      0.682353
3631      0.686275
3632      0.705882
3633      0.701961
3634      0.694118
3635      0.694118
3636      0.698039
3637      0.705882
3638      0.717647
3639      0.721569
3640      0.705882
3641      0.698039
3642      0.682353
3643      0.670588
3644      0.670588
3645      0.674510
3646      0.686275
3647      0.698039
3648      0.705882
3649      0.705882
3650      0.701961
3651      0.698039
3652      0.698039
3653      0.694118
3654      0.690196
3655      0.690196
3656      0.682353
3657      0.686275
3658      0.694118
3659      0.698039
3660      0.698039
3661      0.698039
3662      0.690196
3663      0.690196
3664      0.686275
3665      0.686275
3666      0.690196
3667      0.690196
3668      0.686275
3669      0.678431
3670      0.670588
3671      0.666667
3672      0.682353
3673      0.682353
3674      0.686275
3675      0.690196
3676      0.694118
3677      0.694118
3678      0.698039
3679      0.701961
3680      0.690196
3681      0.682353
3682      0.678431
3683      0.678431
3684      0.682353
3685      0.686275
3686      0.682353
3687      0.678431
3688      0.694118
3689      0.690196
3690      0.686275
3691      0.686275
3692      0.698039
3693      0.713726
3694      0.733333
3695      0.741176
3696      0.760784
3697      0.756863
3698      0.749020
3699      0.741176
3700      0.733333
3701      0.725490
3702      0.717647
3703      0.713726
3704      0.713726
3705      0.709804
3706      0.701961
3707      0.694118
3708      0.690196
3709      0.690196
3710      0.694118
3711      0.694118
3712      0.674510
3713      0.682353
3714      0.690196
3715      0.686275
3716      0.678431
3717      0.666667
3718      0.662745
3719      0.662745
3720      0.662745
3721      0.670588
3722      0.682353
3723      0.694118
3724      0.698039
3725      0.698039
3726      0.690196
3727      0.686275
3728      0.690196
3729      0.690196
3730      0.694118
3731      0.698039
3732      0.698039
3733      0.701961
3734      0.701961
3735      0.701961
3736      0.713726
3737      0.705882
3738      0.701961
3739      0.701961
3740      0.705882
3741      0.709804
3742      0.701961
3743      0.698039
3744      0.686275
3745      0.686275
3746      0.682353
3747      0.682353
3748      0.686275
3749      0.694118
3750      0.701961
3751      0.705882
3752      0.717647
3753      0.717647
3754      0.721569
3755      0.717647
3756      0.713726
3757      0.705882
3758      0.694118
3759      0.690196
3760      0.658824
3761      0.658824
3762      0.654902
3763      0.658824
3764      0.658824
3765      0.662745
3766      0.666667
3767      0.670588
3768      0.694118
3769      0.690196
3770      0.686275
3771      0.690196
3772      0.694118
3773      0.694118
3774      0.686275
3775      0.678431
3776      0.647059
3777      0.658824
3778      0.666667
3779      0.662745
3780      0.654902
3781      0.650980
3782      0.658824
3783      0.670588
3784      0.670588
3785      0.682353
3786      0.698039
3787      0.694118
3788      0.678431
3789      0.662745
3790      0.658824
3791      0.658824
3792      0.650980
3793      0.658824
3794      0.670588
3795      0.682353
3796      0.694118
3797      0.698039
3798      0.701961
3799      0.701961
3800      0.690196
3801      0.686275
3802      0.686275
3803      0.686275
3804      0.690196
3805      0.686275
3806      0.674510
3807      0.662745
3808      0.678431
3809      0.686275
3810      0.694118
3811      0.705882
3812      0.713726
3813      0.713726
3814      0.713726
3815      0.713726
3816      0.717647
3817      0.721569
3818      0.721569
3819      0.717647
3820      0.705882
3821      0.698039
3822      0.698039
3823      0.701961
3824      0.694118
3825      0.694118
3826      0.694118
3827      0.694118
3828      0.686275
3829      0.674510
3830      0.662745
3831      0.658824
3832      0.666667
3833      0.670588
3834      0.670588
3835      0.662745
3836      0.650980
3837      0.639216
3838      0.635294
3839      0.631373
3840      0.603922
3841      0.603922
3842      0.607843
3843      0.615686
3844      0.623529
3845      0.631373
3846      0.639216
3847      0.643137
3848      0.670588
3849      0.674510
3850      0.678431
3851      0.682353
3852      0.682353
3853      0.678431
3854      0.674510
3855      0.670588
3856      0.686275
3857      0.686275
3858      0.686275
3859      0.694118
3860      0.690196
3861      0.682353
3862      0.678431
3863      0.682353
3864      0.694118
3865      0.705882
3866      0.717647
3867      0.713726
3868      0.705882
3869      0.690196
3870      0.678431
3871      0.678431
3872      0.682353
3873      0.694118
3874      0.701961
3875      0.698039
3876      0.698039
3877      0.698039
3878      0.694118
3879      0.694118
3880      0.690196
3881      0.690196
3882      0.686275
3883      0.686275
3884      0.694118
3885      0.701961
3886      0.705882
3887      0.705882
3888      0.705882
3889      0.698039
3890      0.694118
3891      0.686275
3892      0.690196
3893      0.690196
3894      0.690196
3895      0.686275
3896      0.682353
3897      0.674510
3898      0.670588
3899      0.682353
3900      0.682353
3901      0.686275
3902      0.686275
3903      0.690196
3904      0.694118
3905      0.698039
3906      0.698039
3907      0.698039
3908      0.686275
3909      0.678431
3910      0.674510
3911      0.682353
3912      0.686275
3913      0.686275
3914      0.686275
3915      0.698039
3916      0.694118
3917      0.694118
3918      0.694118
3919      0.705882
3920      0.721569
3921      0.737255
3922      0.749020
3923      0.764706
3924      0.760784
3925      0.752941
3926      0.745098
3927      0.737255
3928      0.729412
3929      0.725490
3930      0.721569
3931      0.713726
3932      0.705882
3933      0.698039
3934      0.694118
3935      0.686275
3936      0.686275
3937      0.690196
3938      0.690196
3939      0.678431
3940      0.682353
3941      0.686275
3942      0.682353
3943      0.674510
3944      0.666667
3945      0.666667
3946      0.670588
3947      0.670588
3948      0.674510
3949      0.682353
3950      0.690196
3951      0.694118
3952      0.698039
3953      0.698039
3954      0.694118
3955      0.705882
3956      0.701961
3957      0.701961
3958      0.701961
3959      0.701961
3960      0.705882
3961      0.709804
3962      0.709804
3963      0.717647
3964      0.709804
3965      0.705882
3966      0.705882
3967      0.709804
3968      0.709804
3969      0.705882
3970      0.698039
3971      0.694118
3972      0.690196
3973      0.686275
3974      0.682353
3975      0.686275
3976      0.694118
3977      0.705882
3978      0.709804
3979      0.721569
3980      0.721569
3981      0.721569
3982      0.721569
3983      0.713726
3984      0.705882
3985      0.698039
3986      0.694118
3987      0.666667
3988      0.666667
3989      0.662745
3990      0.662745
3991      0.666667
3992      0.674510
3993      0.682353
3994      0.686275
3995      0.701961
3996      0.694118
3997      0.694118
3998      0.694118
3999      0.698039
4000      0.698039
4001      0.686275
4002      0.678431
4003      0.647059
4004      0.654902
4005      0.662745
4006      0.658824
4007      0.650980
4008      0.650980
4009      0.658824
4010      0.670588
4011      0.682353
4012      0.690196
4013      0.694118
4014      0.686275
4015      0.666667
4016      0.654902
4017      0.650980
4018      0.650980
4019      0.654902
4020      0.662745
4021      0.674510
4022      0.686275
4023      0.694118
4024      0.698039
4025      0.698039
4026      0.698039
4027      0.694118
4028      0.694118
4029      0.694118
4030      0.690196
4031      0.682353
4032      0.674510
4033      0.662745
4034      0.658824
4035      0.686275
4036      0.690196
4037      0.698039
4038      0.705882
4039      0.709804
4040      0.709804
4041      0.705882
4042      0.705882
4043      0.717647
4044      0.721569
4045      0.717647
4046      0.709804
4047      0.698039
4048      0.690196
4049      0.694118
4050      0.698039
4051      0.698039
4052      0.698039
4053      0.698039
4054      0.698039
4055      0.690196
4056      0.678431
4057      0.670588
4058      0.662745
4059      0.662745
4060      0.662745
4061      0.658824
4062      0.650980
4063      0.639216
4064      0.627451
4065      0.619608
4066      0.615686
4067      0.615686
4068      0.611765
4069      0.607843
4070      0.607843
4071      0.611765
4072      0.623529
4073      0.635294
4074      0.647059
4075      0.662745
4076      0.666667
4077      0.674510
4078      0.682353
4079      0.686275
4080      0.686275
4081      0.686275
4082      0.686275
4083      0.686275
4084      0.686275
4085      0.686275
4086      0.678431
4087      0.670588
4088      0.658824
4089      0.654902
4090      0.662745
4091      0.674510
4092      0.694118
4093      0.705882
4094      0.721569
4095      0.713726
4096      0.701961
4097      0.690196
4098      0.686275
4099      0.690196
4100      0.698039
4101      0.705882
4102      0.694118
4103      0.694118
4104      0.694118
4105      0.690196
4106      0.690196
4107      0.690196
4108      0.690196
4109      0.690196
4110      0.698039
4111      0.701961
4112      0.709804
4113      0.717647
4114      0.721569
4115      0.717647
4116      0.709804
4117      0.705882
4118      0.690196
4119      0.690196
4120      0.690196
4121      0.690196
4122      0.690196
4123      0.682353
4124      0.678431
4125      0.674510
4126      0.682353
4127      0.682353
4128      0.686275
4129      0.686275
4130      0.690196
4131      0.694118
4132      0.694118
4133      0.694118
4134      0.698039
4135      0.686275
4136      0.674510
4137      0.674510
4138      0.678431
4139      0.686275
4140      0.690196
4141      0.690196
4142      0.701961
4143      0.701961
4144      0.698039
4145      0.701961
4146      0.713726
4147      0.725490
4148      0.741176
4149      0.752941
4150      0.764706
4151      0.760784
4152      0.756863
4153      0.749020
4154      0.741176
4155      0.733333
4156      0.729412
4157      0.725490
4158      0.709804
4159      0.705882
4160      0.698039
4161      0.690196
4162      0.686275
4163      0.682353
4164      0.682353
4165      0.682353
4166      0.678431
4167      0.682353
4168      0.682353
4169      0.678431
4170      0.666667
4171      0.662745
4172      0.670588
4173      0.674510
4174      0.682353
4175      0.682353
4176      0.682353
4177      0.686275
4178      0.690196
4179      0.698039
4180      0.701961
4181      0.705882
4182      0.721569
4183      0.717647
4184      0.709804
4185      0.701961
4186      0.701961
4187      0.705882
4188      0.713726
4189      0.717647
4190      0.721569
4191      0.713726
4192      0.709804
4193      0.709804
4194      0.713726
4195      0.717647
4196      0.709804
4197      0.705882
4198      0.701961
4199      0.694118
4200      0.686275
4201      0.682353
4202      0.682353
4203      0.694118
4204      0.705882
4205      0.713726
4206      0.721569
4207      0.721569
4208      0.721569
4209      0.717647
4210      0.713726
4211      0.705882
4212      0.701961
4213      0.698039
4214      0.678431
4215      0.678431
4216      0.674510
4217      0.674510
4218      0.678431
4219      0.690196
4220      0.701961
4221      0.709804
4222      0.709804
4223      0.705882
4224      0.701961
4225      0.701961
4226      0.701961
4227      0.698039
4228      0.690196
4229      0.682353
4230      0.654902
4231      0.654902
4232      0.654902
4233      0.650980
4234      0.647059
4235      0.650980
4236      0.658824
4237      0.670588
4238      0.694118
4239      0.694118
4240      0.686275
4241      0.674510
4242      0.654902
4243      0.643137
4244      0.643137
4245      0.647059
4246      0.666667
4247      0.674510
4248      0.682353
4249      0.690196
4250      0.694118
4251      0.694118
4252      0.694118
4253      0.690196
4254      0.694118
4255      0.701961
4256      0.705882
4257      0.698039
4258      0.674510
4259      0.658824
4260      0.658824
4261      0.662745
4262      0.690196
4263      0.690196
4264      0.694118
4265      0.698039
4266      0.701961
4267      0.701961
4268      0.698039
4269      0.698039
4270      0.721569
4271      0.717647
4272      0.709804
4273      0.694118
4274      0.682353
4275      0.678431
4276      0.686275
4277      0.694118
4278      0.701961
4279      0.701961
4280      0.701961
4281      0.701961
4282      0.694118
4283      0.686275
4284      0.674510
4285      0.670588
4286      0.654902
4287      0.650980
4288      0.643137
4289      0.635294
4290      0.623529
4291      0.607843
4292      0.596078
4293      0.592157
4294      0.611765
4295      0.603922
4296      0.596078
4297      0.596078
4298      0.603922
4299      0.623529
4300      0.643137
4301      0.654902
4302      0.658824
4303      0.662745
4304      0.674510
4305      0.682353
4306      0.694118
4307      0.698039
4308      0.701961
4309      0.705882
4310      0.694118
4311      0.694118
4312      0.694118
4313      0.658824
4314      0.650980
4315      0.639216
4316      0.635294
4317      0.643137
4318      0.662745
4319      0.682353
4320      0.694118
4321      0.721569
4322      0.713726
4323      0.701961
4324      0.690196
4325      0.690196
4326      0.690196
4327      0.698039
4328      0.701961
4329      0.698039
4330      0.698039
4331      0.698039
4332      0.698039
4333      0.698039
4334      0.698039
4335      0.701961
4336      0.701961
4337      0.709804
4338      0.713726
4339      0.725490
4340      0.733333
4341      0.733333
4342      0.725490
4343      0.717647
4344      0.709804
4345      0.690196
4346      0.690196
4347      0.690196
4348      0.690196
4349      0.686275
4350      0.686275
4351      0.682353
4352      0.682353
4353      0.682353
4354      0.682353
4355      0.682353
4356      0.686275
4357      0.686275
4358      0.690196
4359      0.690196
4360      0.694118
4361      0.694118
4362      0.682353
4363      0.670588
4364      0.666667
4365      0.674510
4366      0.682353
4367      0.690196
4368      0.690196
4369      0.698039
4370      0.698039
4371      0.698039
4372      0.701961
4373      0.713726
4374      0.725490
4375      0.737255
4376      0.745098
4377      0.756863
4378      0.752941
4379      0.749020
4380      0.745098
4381      0.737255
4382      0.729412
4383      0.725490
4384      0.721569
4385      0.705882
4386      0.705882
4387      0.701961
4388      0.694118
4389      0.690196
4390      0.686275
4391      0.682353
4392      0.682353
4393      0.682353
4394      0.682353
4395      0.678431
4396      0.666667
4397      0.658824
4398      0.658824
4399      0.666667
4400      0.674510
4401      0.690196
4402      0.686275
4403      0.682353
4404      0.682353
4405      0.690196
4406      0.698039
4407      0.709804
4408      0.713726
4409      0.729412
4410      0.721569
4411      0.709804
4412      0.698039
4413      0.694118
4414      0.701961
4415      0.709804
4416      0.717647
4417      0.725490
4418      0.721569
4419      0.713726
4420      0.713726
4421      0.721569
4422      0.721569
4423      0.713726
4424      0.709804
4425      0.701961
4426      0.694118
4427      0.682353
4428      0.674510
4429      0.678431
4430      0.690196
4431      0.701961
4432      0.709804
4433      0.713726
4434      0.709804
4435      0.709804
4436      0.705882
4437      0.701961
4438      0.698039
4439      0.694118
4440      0.694118
4441      0.686275
4442      0.682353
4443      0.678431
4444      0.678431
4445      0.686275
4446      0.698039
4447      0.713726
4448      0.721569
4449      0.721569
4450      0.713726
4451      0.709804
4452      0.705882
4453      0.709804
4454      0.701961
4455      0.694118
4456      0.682353
4457      0.658824
4458      0.658824
4459      0.654902
4460      0.650980
4461      0.650980
4462      0.654902
4463      0.662745
4464      0.670588
4465      0.690196
4466      0.682353
4467      0.670588
4468      0.658824
4469      0.650980
4470      0.647059
4471      0.650980
4472      0.654902
4473      0.678431
4474      0.682353
4475      0.690196
4476      0.694118
4477      0.694118
4478      0.694118
4479      0.690196
4480      0.686275
4481      0.690196
4482      0.701961
4483      0.709804
4484      0.698039
4485      0.670588
4486      0.654902
4487      0.658824
4488      0.674510
4489      0.682353
4490      0.682353
4491      0.686275
4492      0.690196
4493      0.694118
4494      0.698039
4495      0.701961
4496      0.701961
4497      0.717647
4498      0.713726
4499      0.701961
4500      0.682353
4501      0.670588
4502      0.666667
4503      0.678431
4504      0.686275
4505      0.694118
4506      0.698039
4507      0.698039
4508      0.698039
4509      0.694118
4510      0.682353
4511      0.674510
4512      0.670588
4513      0.647059
4514      0.639216
4515      0.631373
4516      0.623529
4517      0.615686
4518      0.600000
4519      0.588235
4520      0.576471
4521      0.576471
4522      0.580392
4523      0.584314
4524      0.596078
4525      0.611765
4526      0.635294
4527      0.658824
4528      0.670588
4529      0.674510
4530      0.678431
4531      0.686275
4532      0.694118
4533      0.705882
4534      0.713726
4535      0.717647
4536      0.721569
4537      0.709804
4538      0.709804
4539      0.709804
4540      0.639216
4541      0.635294
4542      0.627451
4543      0.627451
4544      0.639216
4545      0.654902
4546      0.674510
4547      0.686275
4548      0.709804
4549      0.701961
4550      0.694118
4551      0.690196
4552      0.686275
4553      0.690196
4554      0.698039
4555      0.701961
4556      0.705882
4557      0.705882
4558      0.709804
4559      0.709804
4560      0.713726
4561      0.717647
4562      0.717647
4563      0.717647
4564      0.721569
4565      0.729412
4566      0.741176
4567      0.745098
4568      0.745098
4569      0.733333
4570      0.721569
4571      0.709804
4572      0.690196
4573      0.690196
4574      0.686275
4575      0.686275
4576      0.682353
4577      0.682353
4578      0.682353
4579      0.686275
4580      0.682353
4581      0.682353
4582      0.682353
4583      0.686275
4584      0.686275
4585      0.686275
4586      0.686275
4587      0.690196
4588      0.682353
4589      0.674510
4590      0.662745
4591      0.662745
4592      0.670588
4593      0.678431
4594      0.682353
4595      0.686275
4596      0.686275
4597      0.686275
4598      0.690196
4599      0.694118
4600      0.705882
4601      0.717647
4602      0.729412
4603      0.737255
4604      0.741176
4605      0.741176
4606      0.737255
4607      0.729412
4608      0.725490
4609      0.717647
4610      0.713726
4611      0.713726
4612      0.705882
4613      0.705882
4614      0.705882
4615      0.701961
4616      0.698039
4617      0.698039
4618      0.694118
4619      0.690196
4620      0.682353
4621      0.682353
4622      0.678431
4623      0.666667
4624      0.654902
4625      0.654902
4626      0.658824
4627      0.666667
4628      0.694118
4629      0.690196
4630      0.682353
4631      0.682353
4632      0.686275
4633      0.698039
4634      0.709804
4635      0.717647
4636      0.721569
4637      0.713726
4638      0.701961
4639      0.690196
4640      0.690196
4641      0.694118
4642      0.701961
4643      0.709804
4644      0.729412
4645      0.721569
4646      0.717647
4647      0.717647
4648      0.721569
4649      0.721569
4650      0.717647
4651      0.709804
4652      0.698039
4653      0.690196
4654      0.682353
4655      0.674510
4656      0.678431
4657      0.686275
4658      0.694118
4659      0.701961
4660      0.701961
4661      0.698039
4662      0.694118
4663      0.694118
4664      0.690196
4665      0.686275
4666      0.686275
4667      0.686275
4668      0.686275
4669      0.682353
4670      0.682353
4671      0.682353
4672      0.690196
4673      0.701961
4674      0.713726
4675      0.721569
4676      0.725490
4677      0.717647
4678      0.713726
4679      0.709804
4680      0.709804
4681      0.705882
4682      0.694118
4683      0.686275
4684      0.670588
4685      0.662745
4686      0.658824
4687      0.658824
4688      0.662745
4689      0.666667
4690      0.670588
4691      0.674510
4692      0.674510
4693      0.666667
4694      0.654902
4695      0.650980
4696      0.650980
4697      0.658824
4698      0.666667
4699      0.670588
4700      0.686275
4701      0.690196
4702      0.694118
4703      0.698039
4704      0.698039
4705      0.694118
4706      0.690196
4707      0.686275
4708      0.682353
4709      0.694118
4710      0.705882
4711      0.694118
4712      0.670588
4713      0.658824
4714      0.670588
4715      0.686275
4716      0.666667
4717      0.670588
4718      0.674510
4719      0.682353
4720      0.690196
4721      0.698039
4722      0.705882
4723      0.709804
4724      0.709804
4725      0.701961
4726      0.694118
4727      0.674510
4728      0.662745
4729      0.662745
4730      0.670588
4731      0.682353
4732      0.686275
4733      0.690196
4734      0.694118
4735      0.694118
4736      0.686275
4737      0.678431
4738      0.670588
4739      0.666667
4740      0.647059
4741      0.635294
4742      0.627451
4743      0.623529
4744      0.619608
4745      0.611765
4746      0.596078
4747      0.584314
4748      0.545098
4749      0.556863
4750      0.580392
4751      0.607843
4752      0.639216
4753      0.662745
4754      0.678431
4755      0.690196
4756      0.701961
4757      0.701961
4758      0.705882
4759      0.709804
4760      0.713726
4761      0.721569
4762      0.725490
4763      0.729412
4764      0.725490
4765      0.725490
4766      0.725490
4767      0.627451
4768      0.627451
4769      0.627451
4770      0.631373
4771      0.643137
4772      0.658824
4773      0.674510
4774      0.682353
4775      0.694118
4776      0.690196
4777      0.686275
4778      0.686275
4779      0.686275
4780      0.690196
4781      0.698039
4782      0.701961
4783      0.713726
4784      0.713726
4785      0.717647
4786      0.721569
4787      0.725490
4788      0.729412
4789      0.733333
4790      0.733333
4791      0.737255
4792      0.745098
4793      0.752941
4794      0.756863
4795      0.749020
4796      0.737255
4797      0.717647
4798      0.705882
4799      0.686275
4800      0.682353
4801      0.682353
4802      0.678431
4803      0.678431
4804      0.678431
4805      0.682353
4806      0.686275
4807      0.682353
4808      0.682353
4809      0.682353
4810      0.682353
4811      0.682353
4812      0.686275
4813      0.686275
4814      0.686275
4815      0.674510
4816      0.670588
4817      0.666667
4818      0.670588
4819      0.678431
4820      0.686275
4821      0.682353
4822      0.682353
4823      0.678431
4824      0.678431
4825      0.682353
4826      0.690196
4827      0.701961
4828      0.709804
4829      0.721569
4830      0.725490
4831      0.729412
4832      0.729412
4833      0.725490
4834      0.721569
4835      0.713726
4836      0.709804
4837      0.705882
4838      0.705882
4839      0.709804
4840      0.709804
4841      0.713726
4842      0.713726
4843      0.713726
4844      0.713726
4845      0.709804
4846      0.705882
4847      0.694118
4848      0.694118
4849      0.690196
4850      0.678431
4851      0.666667
4852      0.654902
4853      0.658824
4854      0.662745
4855      0.690196
4856      0.686275
4857      0.682353
4858      0.678431
4859      0.686275
4860      0.694118
4861      0.705882
4862      0.713726
4863      0.709804
4864      0.701961
4865      0.694118
4866      0.686275
4867      0.686275
4868      0.690196
4869      0.698039
4870      0.701961
4871      0.725490
4872      0.721569
4873      0.713726
4874      0.713726
4875      0.721569
4876      0.721569
4877      0.713726
4878      0.709804
4879      0.694118
4880      0.690196
4881      0.686275
4882      0.682353
4883      0.686275
4884      0.686275
4885      0.694118
4886      0.698039
4887      0.694118
4888      0.690196
4889      0.686275
4890      0.682353
4891      0.678431
4892      0.678431
4893      0.682353
4894      0.682353
4895      0.686275
4896      0.686275
4897      0.690196
4898      0.694118
4899      0.698039
4900      0.705882
4901      0.713726
4902      0.717647
4903      0.721569
4904      0.713726
4905      0.709804
4906      0.709804
4907      0.713726
4908      0.709804
4909      0.698039
4910      0.690196
4911      0.678431
4912      0.674510
4913      0.670588
4914      0.674510
4915      0.682353
4916      0.686275
4917      0.682353
4918      0.678431
4919      0.662745
4920      0.654902
4921      0.643137
4922      0.647059
4923      0.658824
4924      0.670588
4925      0.678431
4926      0.682353
4927      0.690196
4928      0.694118
4929      0.698039
4930      0.701961
4931      0.701961
4932      0.698039
4933      0.690196
4934      0.686275
4935      0.686275
4936      0.694118
4937      0.694118
4938      0.686275
4939      0.670588
4940      0.666667
4941      0.674510
4942      0.686275
4943      0.658824
4944      0.662745
4945      0.666667
4946      0.674510
4947      0.686275
4948      0.698039
4949      0.709804
4950      0.713726
4951      0.694118
4952      0.694118
4953      0.686275
4954      0.674510
4955      0.662745
4956      0.662745
4957      0.670588
4958      0.682353
4959      0.682353
4960      0.686275
4961      0.690196
4962      0.690196
4963      0.686275
4964      0.678431
4965      0.670588
4966      0.666667
4967      0.650980
4968      0.643137
4969      0.631373
4970      0.635294
4971      0.643137
4972      0.639216
4973      0.623529
4974      0.611765
4975      0.552941
4976      0.572549
4977      0.600000
4978      0.635294
4979      0.662745
4980      0.686275
4981      0.698039
4982      0.705882
4983      0.721569
4984      0.717647
4985      0.717647
4986      0.717647
4987      0.721569
4988      0.725490
4989      0.729412
4990      0.733333
4991      0.737255
4992      0.737255
4993      0.737255
4994      0.623529
4995      0.627451
4996      0.635294
4997      0.643137
4998      0.654902
4999      0.666667
5000      0.678431
5001      0.682353
5002      0.682353
5003      0.682353
5004      0.682353
5005      0.686275
5006      0.690196
5007      0.698039
5008      0.701961
5009      0.709804
5010      0.717647
5011      0.717647
5012      0.721569
5013      0.725490
5014      0.733333
5015      0.737255
5016      0.741176
5017      0.745098
5018      0.749020
5019      0.752941
5020      0.760784
5021      0.764706
5022      0.752941
5023      0.733333
5024      0.709804
5025      0.698039
5026      0.682353
5027      0.678431
5028      0.674510
5029      0.670588
5030      0.670588
5031      0.674510
5032      0.678431
5033      0.682353
5034      0.682353
5035      0.682353
5036      0.682353
5037      0.682353
5038      0.682353
5039      0.682353
5040      0.682353
5041      0.682353
5042      0.674510
5043      0.674510
5044      0.674510
5045      0.682353
5046      0.694118
5047      0.694118
5048      0.690196
5049      0.682353
5050      0.674510
5051      0.674510
5052      0.682353
5053      0.690196
5054      0.698039
5055      0.709804
5056      0.717647
5057      0.721569
5058      0.725490
5059      0.721569
5060      0.717647
5061      0.713726
5062      0.709804
5063      0.705882
5064      0.701961
5065      0.701961
5066      0.709804
5067      0.713726
5068      0.721569
5069      0.725490
5070      0.729412
5071      0.729412
5072      0.729412
5073      0.725490
5074      0.709804
5075      0.713726
5076      0.709804
5077      0.698039
5078      0.682353
5079      0.666667
5080      0.662745
5081      0.662745
5082      0.682353
5083      0.678431
5084      0.678431
5085      0.678431
5086      0.686275
5087      0.694118
5088      0.701961
5089      0.705882
5090      0.698039
5091      0.694118
5092      0.694118
5093      0.690196
5094      0.694118
5095      0.694118
5096      0.698039
5097      0.701961
5098      0.725490
5099      0.717647
5100      0.713726
5101      0.713726
5102      0.717647
5103      0.717647
5104      0.713726
5105      0.705882
5106      0.698039
5107      0.698039
5108      0.698039
5109      0.701961
5110      0.698039
5111      0.698039
5112      0.698039
5113      0.698039
5114      0.690196
5115      0.690196
5116      0.682353
5117      0.678431
5118      0.678431
5119      0.678431
5120      0.682353
5121      0.686275
5122      0.690196
5123      0.694118
5124      0.701961
5125      0.705882
5126      0.709804
5127      0.713726
5128      0.709804
5129      0.709804
5130      0.713726
5131      0.709804
5132      0.705882
5133      0.709804
5134      0.713726
5135      0.709804
5136      0.701961
5137      0.694118
5138      0.686275
5139      0.682353
5140      0.686275
5141      0.694118
5142      0.705882
5143      0.705882
5144      0.694118
5145      0.682353
5146      0.658824
5147      0.650980
5148      0.643137
5149      0.650980
5150      0.666667
5151      0.682353
5152      0.686275
5153      0.682353
5154      0.690196
5155      0.694118
5156      0.698039
5157      0.701961
5158      0.701961
5159      0.701961
5160      0.694118
5161      0.690196
5162      0.701961
5163      0.698039
5164      0.690196
5165      0.682353
5166      0.674510
5167      0.670588
5168      0.670588
5169      0.674510
5170      0.662745
5171      0.662745
5172      0.662745
5173      0.670588
5174      0.678431
5175      0.690196
5176      0.701961
5177      0.705882
5178      0.682353
5179      0.686275
5180      0.686275
5181      0.678431
5182      0.670588
5183      0.666667
5184      0.674510
5185      0.682353
5186      0.686275
5187      0.690196
5188      0.694118
5189      0.694118
5190      0.690196
5191      0.682353
5192      0.674510
5193      0.670588
5194      0.658824
5195      0.647059
5196      0.643137
5197      0.650980
5198      0.666667
5199      0.670588
5200      0.658824
5201      0.643137
5202      0.611765
5203      0.619608
5204      0.639216
5205      0.658824
5206      0.678431
5207      0.698039
5208      0.705882
5209      0.713726
5210      0.717647
5211      0.717647
5212      0.713726
5213      0.713726
5214      0.717647
5215      0.725490
5216      0.729412
5217      0.733333
5218      0.737255
5219      0.737255
5220      0.737255
5221      0.619608
5222      0.627451
5223      0.639216
5224      0.650980
5225      0.666667
5226      0.674510
5227      0.682353
5228      0.682353
5229      0.678431
5230      0.678431
5231      0.682353
5232      0.686275
5233      0.694118
5234      0.701961
5235      0.709804
5236      0.713726
5237      0.713726
5238      0.717647
5239      0.721569
5240      0.729412
5241      0.733333
5242      0.741176
5243      0.745098
5244      0.745098
5245      0.752941
5246      0.760784
5247      0.768627
5248      0.768627
5249      0.752941
5250      0.733333
5251      0.705882
5252      0.690196
5253      0.678431
5254      0.674510
5255      0.670588
5256      0.666667
5257      0.666667
5258      0.670588
5259      0.678431
5260      0.682353
5261      0.682353
5262      0.682353
5263      0.682353
5264      0.682353
5265      0.682353
5266      0.682353
5267      0.682353
5268      0.682353
5269      0.674510
5270      0.678431
5271      0.682353
5272      0.694118
5273      0.705882
5274      0.705882
5275      0.698039
5276      0.686275
5277      0.674510
5278      0.678431
5279      0.682353
5280      0.694118
5281      0.701961
5282      0.709804
5283      0.717647
5284      0.721569
5285      0.721569
5286      0.721569
5287      0.717647
5288      0.713726
5289      0.709804
5290      0.705882
5291      0.701961
5292      0.701961
5293      0.709804
5294      0.717647
5295      0.725490
5296      0.733333
5297      0.741176
5298      0.741176
5299      0.741176
5300      0.737255
5301      0.721569
5302      0.725490
5303      0.725490
5304      0.717647
5305      0.698039
5306      0.678431
5307      0.666667
5308      0.662745
5309      0.674510
5310      0.674510
5311      0.678431
5312      0.682353
5313      0.686275
5314      0.690196
5315      0.698039
5316      0.701961
5317      0.690196
5318      0.690196
5319      0.694118
5320      0.698039
5321      0.698039
5322      0.701961
5323      0.701961
5324      0.701961
5325      0.721569
5326      0.717647
5327      0.709804
5328      0.709804
5329      0.713726
5330      0.717647
5331      0.709804
5332      0.705882
5333      0.701961
5334      0.705882
5335      0.709804
5336      0.713726
5337      0.713726
5338      0.709804
5339      0.701961
5340      0.698039
5341      0.694118
5342      0.690196
5343      0.686275
5344      0.678431
5345      0.678431
5346      0.682353
5347      0.686275
5348      0.690196
5349      0.694118
5350      0.701961
5351      0.709804
5352      0.717647
5353      0.721569
5354      0.717647
5355      0.709804
5356      0.705882
5357      0.709804
5358      0.705882
5359      0.701961
5360      0.705882
5361      0.709804
5362      0.709804
5363      0.701961
5364      0.694118
5365      0.690196
5366      0.690196
5367      0.694118
5368      0.705882
5369      0.717647
5370      0.717647
5371      0.698039
5372      0.682353
5373      0.658824
5374      0.650980
5375      0.647059
5376      0.654902
5377      0.674510
5378      0.686275
5379      0.686275
5380      0.678431
5381      0.690196
5382      0.694118
5383      0.698039
5384      0.705882
5385      0.705882
5386      0.701961
5387      0.698039
5388      0.694118
5389      0.717647
5390      0.701961
5391      0.686275
5392      0.678431
5393      0.674510
5394      0.670588
5395      0.666667
5396      0.658824
5397      0.670588
5398      0.666667
5399      0.666667
5400      0.670588
5401      0.674510
5402      0.682353
5403      0.694118
5404      0.698039
5405      0.674510
5406      0.678431
5407      0.682353
5408      0.682353
5409      0.674510
5410      0.674510
5411      0.678431
5412      0.682353
5413      0.690196
5414      0.694118
5415      0.698039
5416      0.698039
5417      0.694118
5418      0.690196
5419      0.682353
5420      0.678431
5421      0.666667
5422      0.654902
5423      0.647059
5424      0.662745
5425      0.682353
5426      0.694118
5427      0.682353
5428      0.666667
5429      0.666667
5430      0.666667
5431      0.670588
5432      0.674510
5433      0.686275
5434      0.698039
5435      0.709804
5436      0.717647
5437      0.709804
5438      0.709804
5439      0.705882
5440      0.709804
5441      0.713726
5442      0.721569
5443      0.733333
5444      0.737255
5445      0.733333
5446      0.733333
5447      0.733333
5448      0.623529
5449      0.631373
5450      0.643137
5451      0.654902
5452      0.670588
5453      0.678431
5454      0.686275
5455      0.690196
5456      0.674510
5457      0.690196
5458      0.705882
5459      0.709804
5460      0.701961
5461      0.701961
5462      0.713726
5463      0.721569
5464      0.729412
5465      0.729412
5466      0.729412
5467      0.729412
5468      0.733333
5469      0.737255
5470      0.745098
5471      0.745098
5472      0.752941
5473      0.752941
5474      0.749020
5475      0.741176
5476      0.729412
5477      0.717647
5478      0.701961
5479      0.694118
5480      0.674510
5481      0.674510
5482      0.678431
5483      0.682353
5484      0.682353
5485      0.682353
5486      0.678431
5487      0.678431
5488      0.678431
5489      0.678431
5490      0.674510
5491      0.674510
5492      0.682353
5493      0.690196
5494      0.701961
5495      0.705882
5496      0.698039
5497      0.701961
5498      0.701961
5499      0.694118
5500      0.682353
5501      0.674510
5502      0.674510
5503      0.674510
5504      0.674510
5505      0.686275
5506      0.705882
5507      0.717647
5508      0.717647
5509      0.717647
5510      0.721569
5511      0.725490
5512      0.717647
5513      0.721569
5514      0.717647
5515      0.709804
5516      0.701961
5517      0.701961
5518      0.709804
5519      0.721569
5520      0.713726
5521      0.717647
5522      0.725490
5523      0.729412
5524      0.733333
5525      0.737255
5526      0.737255
5527      0.737255
5528      0.737255
5529      0.737255
5530      0.733333
5531      0.729412
5532      0.717647
5533      0.705882
5534      0.694118
5535      0.686275
5536      0.705882
5537      0.698039
5538      0.690196
5539      0.690196
5540      0.698039
5541      0.698039
5542      0.698039
5543      0.690196
5544      0.682353
5545      0.690196
5546      0.701961
5547      0.705882
5548      0.701961
5549      0.701961
5550      0.705882
5551      0.709804
5552      0.721569
5553      0.721569
5554      0.725490
5555      0.721569
5556      0.717647
5557      0.709804
5558      0.698039
5559      0.694118
5560      0.705882
5561      0.713726
5562      0.721569
5563      0.721569
5564      0.713726
5565      0.705882
5566      0.705882
5567      0.705882
5568      0.690196
5569      0.690196
5570      0.690196
5571      0.690196
5572      0.690196
5573      0.690196
5574      0.690196
5575      0.690196
5576      0.709804
5577      0.713726
5578      0.717647
5579      0.725490
5580      0.725490
5581      0.721569
5582      0.717647
5583      0.713726
5584      0.701961
5585      0.701961
5586      0.701961
5587      0.701961
5588      0.701961
5589      0.701961
5590      0.701961
5591      0.701961
5592      0.694118
5593      0.705882
5594      0.721569
5595      0.733333
5596      0.737255
5597      0.729412
5598      0.713726
5599      0.705882
5600      0.678431
5601      0.666667
5602      0.654902
5603      0.654902
5604      0.666667
5605      0.686275
5606      0.701961
5607      0.705882
5608      0.701961
5609      0.698039
5610      0.690196
5611      0.686275
5612      0.686275
5613      0.690196
5614      0.698039
5615      0.701961
5616      0.721569
5617      0.713726
5618      0.701961
5619      0.690196
5620      0.678431
5621      0.674510
5622      0.670588
5623      0.670588
5624      0.662745
5625      0.666667
5626      0.674510
5627      0.678431
5628      0.682353
5629      0.686275
5630      0.686275
5631      0.686275
5632      0.658824
5633      0.662745
5634      0.670588
5635      0.678431
5636      0.682353
5637      0.686275
5638      0.686275
5639      0.686275
5640      0.694118
5641      0.698039
5642      0.698039
5643      0.698039
5644      0.690196
5645      0.678431
5646      0.666667
5647      0.658824
5648      0.674510
5649      0.682353
5650      0.690196
5651      0.694118
5652      0.690196
5653      0.690196
5654      0.694118
5655      0.698039
5656      0.686275
5657      0.690196
5658      0.694118
5659      0.698039
5660      0.709804
5661      0.717647
5662      0.729412
5663      0.733333
5664      0.713726
5665      0.709804
5666      0.705882
5667      0.709804
5668      0.721569
5669      0.733333
5670      0.733333
5671      0.733333
5672      0.725490
5673      0.725490
5674      0.721569
5675      0.631373
5676      0.635294
5677      0.643137
5678      0.654902
5679      0.662745
5680      0.670588
5681      0.674510
5682      0.678431
5683      0.670588
5684      0.686275
5685      0.698039
5686      0.705882
5687      0.701961
5688      0.705882
5689      0.713726
5690      0.721569
5691      0.733333
5692      0.729412
5693      0.725490
5694      0.721569
5695      0.725490
5696      0.733333
5697      0.741176
5698      0.745098
5699      0.752941
5700      0.752941
5701      0.749020
5702      0.737255
5703      0.725490
5704      0.709804
5705      0.698039
5706      0.690196
5707      0.670588
5708      0.670588
5709      0.678431
5710      0.682353
5711      0.682353
5712      0.682353
5713      0.678431
5714      0.674510
5715      0.682353
5716      0.682353
5717      0.686275
5718      0.686275
5719      0.694118
5720      0.698039
5721      0.705882
5722      0.709804
5723      0.705882
5724      0.709804
5725      0.709804
5726      0.698039
5727      0.682353
5728      0.670588
5729      0.670588
5730      0.670588
5731      0.658824
5732      0.678431
5733      0.698039
5734      0.717647
5735      0.721569
5736      0.725490
5737      0.725490
5738      0.729412
5739      0.713726
5740      0.717647
5741      0.713726
5742      0.709804
5743      0.701961
5744      0.698039
5745      0.705882
5746      0.713726
5747      0.717647
5748      0.721569
5749      0.725490
5750      0.729412
5751      0.733333
5752      0.733333
5753      0.733333
5754      0.733333
5755      0.737255
5756      0.741176
5757      0.737255
5758      0.737255
5759      0.725490
5760      0.717647
5761      0.705882
5762      0.698039
5763      0.721569
5764      0.709804
5765      0.698039
5766      0.694118
5767      0.698039
5768      0.701961
5769      0.698039
5770      0.694118
5771      0.686275
5772      0.694118
5773      0.705882
5774      0.705882
5775      0.705882
5776      0.705882
5777      0.709804
5778      0.717647
5779      0.713726
5780      0.713726
5781      0.713726
5782      0.713726
5783      0.709804
5784      0.705882
5785      0.701961
5786      0.698039
5787      0.709804
5788      0.721569
5789      0.733333
5790      0.737255
5791      0.729412
5792      0.721569
5793      0.717647
5794      0.717647
5795      0.698039
5796      0.698039
5797      0.694118
5798      0.694118
5799      0.694118
5800      0.694118
5801      0.698039
5802      0.698039
5803      0.713726
5804      0.713726
5805      0.713726
5806      0.713726
5807      0.713726
5808      0.709804
5809      0.709804
5810      0.705882
5811      0.701961
5812      0.701961
5813      0.701961
5814      0.701961
5815      0.701961
5816      0.701961
5817      0.701961
5818      0.701961
5819      0.694118
5820      0.705882
5821      0.725490
5822      0.741176
5823      0.741176
5824      0.729412
5825      0.713726
5826      0.705882
5827      0.686275
5828      0.674510
5829      0.666667
5830      0.666667
5831      0.678431
5832      0.694118
5833      0.705882
5834      0.713726
5835      0.701961
5836      0.698039
5837      0.690196
5838      0.686275
5839      0.686275
5840      0.690196
5841      0.698039
5842      0.701961
5843      0.721569
5844      0.713726
5845      0.705882
5846      0.694118
5847      0.686275
5848      0.682353
5849      0.678431
5850      0.678431
5851      0.662745
5852      0.666667
5853      0.670588
5854      0.674510
5855      0.678431
5856      0.678431
5857      0.678431
5858      0.678431
5859      0.662745
5860      0.670588
5861      0.682353
5862      0.690196
5863      0.694118
5864      0.694118
5865      0.694118
5866      0.690196
5867      0.694118
5868      0.698039
5869      0.698039
5870      0.698039
5871      0.690196
5872      0.682353
5873      0.670588
5874      0.666667
5875      0.678431
5876      0.686275
5877      0.698039
5878      0.701961
5879      0.698039
5880      0.698039
5881      0.701961
5882      0.709804
5883      0.705882
5884      0.709804
5885      0.713726
5886      0.721569
5887      0.725490
5888      0.729412
5889      0.733333
5890      0.737255
5891      0.713726
5892      0.705882
5893      0.705882
5894      0.713726
5895      0.725490
5896      0.733333
5897      0.737255
5898      0.733333
5899      0.725490
5900      0.721569
5901      0.721569
5902      0.643137
5903      0.643137
5904      0.647059
5905      0.650980
5906      0.654902
5907      0.658824
5908      0.662745
5909      0.662745
5910      0.666667
5911      0.674510
5912      0.690196
5913      0.698039
5914      0.701961
5915      0.705882
5916      0.713726
5917      0.717647
5918      0.725490
5919      0.717647
5920      0.709804
5921      0.705882
5922      0.709804
5923      0.717647
5924      0.733333
5925      0.741176
5926      0.749020
5927      0.749020
5928      0.741176
5929      0.729412
5930      0.717647
5931      0.701961
5932      0.690196
5933      0.682353
5934      0.662745
5935      0.666667
5936      0.674510
5937      0.678431
5938      0.682353
5939      0.678431
5940      0.674510
5941      0.670588
5942      0.686275
5943      0.690196
5944      0.694118
5945      0.698039
5946      0.705882
5947      0.705882
5948      0.705882
5949      0.705882
5950      0.713726
5951      0.713726
5952      0.713726
5953      0.698039
5954      0.682353
5955      0.670588
5956      0.666667
5957      0.666667
5958      0.654902
5959      0.674510
5960      0.701961
5961      0.721569
5962      0.729412
5963      0.733333
5964      0.733333
5965      0.737255
5966      0.709804
5967      0.713726
5968      0.713726
5969      0.709804
5970      0.701961
5971      0.698039
5972      0.705882
5973      0.713726
5974      0.725490
5975      0.725490
5976      0.725490
5977      0.725490
5978      0.725490
5979      0.725490
5980      0.725490
5981      0.725490
5982      0.741176
5983      0.741176
5984      0.745098
5985      0.741176
5986      0.737255
5987      0.729412
5988      0.721569
5989      0.713726
5990      0.733333
5991      0.721569
5992      0.705882
5993      0.698039
5994      0.701961
5995      0.705882
5996      0.705882
5997      0.705882
5998      0.698039
5999      0.705882
6000      0.713726
6001      0.713726
6002      0.713726
6003      0.717647
6004      0.725490
6005      0.733333
6006      0.717647
6007      0.713726
6008      0.709804
6009      0.701961
6010      0.701961
6011      0.701961
6012      0.705882
6013      0.705882
6014      0.721569
6015      0.733333
6016      0.749020
6017      0.752941
6018      0.749020
6019      0.737255
6020      0.733333
6021      0.733333
6022      0.709804
6023      0.705882
6024      0.698039
6025      0.694118
6026      0.694118
6027      0.698039
6028      0.705882
6029      0.709804
6030      0.729412
6031      0.725490
6032      0.717647
6033      0.713726
6034      0.709804
6035      0.709804
6036      0.713726
6037      0.713726
6038      0.701961
6039      0.701961
6040      0.705882
6041      0.705882
6042      0.705882
6043      0.705882
6044      0.701961
6045      0.701961
6046      0.698039
6047      0.709804
6048      0.729412
6049      0.745098
6050      0.745098
6051      0.733333
6052      0.717647
6053      0.701961
6054      0.694118
6055      0.686275
6056      0.674510
6057      0.678431
6058      0.690196
6059      0.705882
6060      0.713726
6061      0.713726
6062      0.701961
6063      0.698039
6064      0.690196
6065      0.686275
6066      0.686275
6067      0.690196
6068      0.698039
6069      0.701961
6070      0.713726
6071      0.709804
6072      0.701961
6073      0.698039
6074      0.690196
6075      0.690196
6076      0.690196
6077      0.690196
6078      0.666667
6079      0.670588
6080      0.674510
6081      0.674510
6082      0.674510
6083      0.674510
6084      0.674510
6085      0.670588
6086      0.670588
6087      0.682353
6088      0.698039
6089      0.709804
6090      0.713726
6091      0.709804
6092      0.701961
6093      0.694118
6094      0.694118
6095      0.698039
6096      0.698039
6097      0.694118
6098      0.690196
6099      0.686275
6100      0.678431
6101      0.674510
6102      0.690196
6103      0.698039
6104      0.709804
6105      0.713726
6106      0.713726
6107      0.713726
6108      0.721569
6109      0.725490
6110      0.733333
6111      0.737255
6112      0.741176
6113      0.745098
6114      0.745098
6115      0.745098
6116      0.741176
6117      0.737255
6118      0.713726
6119      0.709804
6120      0.709804
6121      0.717647
6122      0.733333
6123      0.741176
6124      0.741176
6125      0.737255
6126      0.725490
6127      0.721569
6128      0.717647
6129      0.654902
6130      0.650980
6131      0.650980
6132      0.647059
6133      0.647059
6134      0.647059
6135      0.650980
6136      0.650980
6137      0.662745
6138      0.666667
6139      0.678431
6140      0.690196
6141      0.698039
6142      0.701961
6143      0.705882
6144      0.709804
6145      0.698039
6146      0.694118
6147      0.682353
6148      0.682353
6149      0.686275
6150      0.701961
6151      0.721569
6152      0.733333
6153      0.741176
6154      0.737255
6155      0.729412
6156      0.717647
6157      0.705882
6158      0.690196
6159      0.682353
6160      0.674510
6161      0.654902
6162      0.658824
6163      0.666667
6164      0.674510
6165      0.674510
6166      0.674510
6167      0.674510
6168      0.670588
6169      0.682353
6170      0.686275
6171      0.694118
6172      0.701961
6173      0.705882
6174      0.705882
6175      0.701961
6176      0.701961
6177      0.705882
6178      0.705882
6179      0.705882
6180      0.694118
6181      0.678431
6182      0.670588
6183      0.666667
6184      0.670588
6185      0.674510
6186      0.694118
6187      0.721569
6188      0.741176
6189      0.745098
6190      0.741176
6191      0.741176
6192      0.741176
6193      0.713726
6194      0.717647
6195      0.721569
6196      0.717647
6197      0.709804
6198      0.705882
6199      0.709804
6200      0.713726
6201      0.729412
6202      0.729412
6203      0.725490
6204      0.721569
6205      0.721569
6206      0.717647
6207      0.721569
6208      0.721569
6209      0.733333
6210      0.737255
6211      0.741176
6212      0.741176
6213      0.741176
6214      0.737255
6215      0.729412
6216      0.725490
6217      0.733333
6218      0.721569
6219      0.705882
6220      0.705882
6221      0.709804
6222      0.721569
6223      0.725490
6224      0.729412
6225      0.713726
6226      0.721569
6227      0.729412
6228      0.729412
6229      0.729412
6230      0.733333
6231      0.741176
6232      0.749020
6233      0.741176
6234      0.729412
6235      0.717647
6236      0.705882
6237      0.698039
6238      0.701961
6239      0.705882
6240      0.713726
6241      0.725490
6242      0.741176
6243      0.756863
6244      0.764706
6245      0.756863
6246      0.749020
6247      0.741176
6248      0.737255
6249      0.717647
6250      0.709804
6251      0.698039
6252      0.690196
6253      0.690196
6254      0.698039
6255      0.709804
6256      0.717647
6257      0.737255
6258      0.733333
6259      0.721569
6260      0.713726
6261      0.713726
6262      0.721569
6263      0.729412
6264      0.737255
6265      0.698039
6266      0.701961
6267      0.705882
6268      0.709804
6269      0.709804
6270      0.705882
6271      0.701961
6272      0.698039
6273      0.698039
6274      0.713726
6275      0.729412
6276      0.745098
6277      0.745098
6278      0.733333
6279      0.713726
6280      0.701961
6281      0.694118
6282      0.686275
6283      0.682353
6284      0.686275
6285      0.698039
6286      0.705882
6287      0.709804
6288      0.709804
6289      0.698039
6290      0.694118
6291      0.694118
6292      0.690196
6293      0.690196
6294      0.694118
6295      0.694118
6296      0.698039
6297      0.698039
6298      0.698039
6299      0.694118
6300      0.694118
6301      0.690196
6302      0.690196
6303      0.690196
6304      0.690196
6305      0.678431
6306      0.678431
6307      0.682353
6308      0.682353
6309      0.682353
6310      0.678431
6311      0.674510
6312      0.674510
6313      0.678431
6314      0.694118
6315      0.713726
6316      0.729412
6317      0.733333
6318      0.725490
6319      0.709804
6320      0.698039
6321      0.698039
6322      0.694118
6323      0.694118
6324      0.694118
6325      0.690196
6326      0.690196
6327      0.690196
6328      0.690196
6329      0.701961
6330      0.713726
6331      0.725490
6332      0.729412
6333      0.729412
6334      0.729412
6335      0.737255
6336      0.741176
6337      0.752941
6338      0.756863
6339      0.760784
6340      0.764706
6341      0.760784
6342      0.749020
6343      0.737255
6344      0.729412
6345      0.725490
6346      0.721569
6347      0.721569
6348      0.729412
6349      0.741176
6350      0.749020
6351      0.745098
6352      0.741176
6353      0.725490
6354      0.721569
6355      0.717647
6356      0.662745
6357      0.658824
6358      0.650980
6359      0.647059
6360      0.643137
6361      0.643137
6362      0.647059
6363      0.647059
6364      0.658824
6365      0.662745
6366      0.670588
6367      0.682353
6368      0.690196
6369      0.698039
6370      0.701961
6371      0.698039
6372      0.670588
6373      0.666667
6374      0.658824
6375      0.658824
6376      0.666667
6377      0.686275
6378      0.705882
6379      0.717647
6380      0.725490
6381      0.721569
6382      0.709804
6383      0.698039
6384      0.690196
6385      0.678431
6386      0.670588
6387      0.666667
6388      0.654902
6389      0.654902
6390      0.658824
6391      0.662745
6392      0.666667
6393      0.670588
6394      0.670588
6395      0.674510
6396      0.678431
6397      0.682353
6398      0.690196
6399      0.698039
6400      0.698039
6401      0.698039
6402      0.694118
6403      0.690196
6404      0.690196
6405      0.694118
6406      0.694118
6407      0.690196
6408      0.678431
6409      0.670588
6410      0.674510
6411      0.678431
6412      0.709804
6413      0.725490
6414      0.745098
6415      0.752941
6416      0.752941
6417      0.745098
6418      0.737255
6419      0.737255
6420      0.721569
6421      0.725490
6422      0.729412
6423      0.725490
6424      0.717647
6425      0.713726
6426      0.717647
6427      0.721569
6428      0.733333
6429      0.729412
6430      0.721569
6431      0.717647
6432      0.713726
6433      0.713726
6434      0.713726
6435      0.717647
6436      0.725490
6437      0.729412
6438      0.733333
6439      0.737255
6440      0.737255
6441      0.733333
6442      0.729412
6443      0.725490
6444      0.717647
6445      0.709804
6446      0.705882
6447      0.709804
6448      0.725490
6449      0.741176
6450      0.749020
6451      0.752941
6452      0.737255
6453      0.741176
6454      0.745098
6455      0.741176
6456      0.741176
6457      0.745098
6458      0.752941
6459      0.764706
6460      0.764706
6461      0.752941
6462      0.733333
6463      0.717647
6464      0.709804
6465      0.709804
6466      0.713726
6467      0.717647
6468      0.733333
6469      0.745098
6470      0.756863
6471      0.760784
6472      0.752941
6473      0.741176
6474      0.737255
6475      0.733333
6476      0.713726
6477      0.705882
6478      0.694118
6479      0.686275
6480      0.686275
6481      0.694118
6482      0.705882
6483      0.713726
6484      0.729412
6485      0.721569
6486      0.709804
6487      0.705882
6488      0.705882
6489      0.717647
6490      0.733333
6491      0.741176
6492      0.698039
6493      0.701961
6494      0.709804
6495      0.713726
6496      0.713726
6497      0.709804
6498      0.701961
6499      0.698039
6500      0.698039
6501      0.709804
6502      0.721569
6503      0.733333
6504      0.733333
6505      0.721569
6506      0.705882
6507      0.698039
6508      0.686275
6509      0.682353
6510      0.682353
6511      0.686275
6512      0.698039
6513      0.705882
6514      0.701961
6515      0.701961
6516      0.694118
6517      0.694118
6518      0.694118
6519      0.694118
6520      0.694118
6521      0.694118
6522      0.694118
6523      0.694118
6524      0.686275
6525      0.686275
6526      0.686275
6527      0.686275
6528      0.686275
6529      0.686275
6530      0.686275
6531      0.686275
6532      0.686275
6533      0.686275
6534      0.690196
6535      0.690196
6536      0.690196
6537      0.686275
6538      0.682353
6539      0.682353
6540      0.686275
6541      0.701961
6542      0.725490
6543      0.741176
6544      0.745098
6545      0.733333
6546      0.713726
6547      0.701961
6548      0.698039
6549      0.694118
6550      0.690196
6551      0.690196
6552      0.690196
6553      0.694118
6554      0.701961
6555      0.705882
6556      0.713726
6557      0.725490
6558      0.733333
6559      0.737255
6560      0.737255
6561      0.737255
6562      0.745098
6563      0.749020
6564      0.756863
6565      0.756863
6566      0.764706
6567      0.764706
6568      0.756863
6569      0.745098
6570      0.733333
6571      0.725490
6572      0.733333
6573      0.733333
6574      0.733333
6575      0.741176
6576      0.749020
6577      0.752941
6578      0.745098
6579      0.741176
6580      0.721569
6581      0.717647
6582      0.713726
6583      0.662745
6584      0.658824
6585      0.650980
6586      0.647059
6587      0.647059
6588      0.647059
6589      0.654902
6590      0.654902
6591      0.662745
6592      0.662745
6593      0.662745
6594      0.674510
6595      0.686275
6596      0.694118
6597      0.690196
6598      0.686275
6599      0.658824
6600      0.654902
6601      0.647059
6602      0.647059
6603      0.654902
6604      0.670588
6605      0.686275
6606      0.694118
6607      0.701961
6608      0.698039
6609      0.690196
6610      0.678431
6611      0.670588
6612      0.666667
6613      0.662745
6614      0.662745
6615      0.654902
6616      0.654902
6617      0.650980
6618      0.650980
6619      0.654902
6620      0.662745
6621      0.670588
6622      0.678431
6623      0.678431
6624      0.678431
6625      0.682353
6626      0.686275
6627      0.690196
6628      0.690196
6629      0.686275
6630      0.686275
6631      0.686275
6632      0.690196
6633      0.694118
6634      0.690196
6635      0.682353
6636      0.678431
6637      0.682353
6638      0.686275
6639      0.729412
6640      0.737255
6641      0.749020
6642      0.749020
6643      0.741176
6644      0.729412
6645      0.725490
6646      0.725490
6647      0.721569
6648      0.729412
6649      0.737255
6650      0.733333
6651      0.725490
6652      0.721569
6653      0.721569
6654      0.725490
6655      0.729412
6656      0.725490
6657      0.717647
6658      0.709804
6659      0.709804
6660      0.709804
6661      0.713726
6662      0.717647
6663      0.721569
6664      0.725490
6665      0.729412
6666      0.733333
6667      0.737255
6668      0.733333
6669      0.725490
6670      0.721569
6671      0.701961
6672      0.701961
6673      0.701961
6674      0.717647
6675      0.737255
6676      0.752941
6677      0.760784
6678      0.760784
6679      0.752941
6680      0.756863
6681      0.752941
6682      0.749020
6683      0.741176
6684      0.745098
6685      0.752941
6686      0.764706
6687      0.776471
6688      0.764706
6689      0.749020
6690      0.733333
6691      0.721569
6692      0.721569
6693      0.725490
6694      0.729412
6695      0.745098
6696      0.752941
6697      0.756863
6698      0.752941
6699      0.745098
6700      0.733333
6701      0.729412
6702      0.729412
6703      0.709804
6704      0.705882
6705      0.698039
6706      0.694118
6707      0.694118
6708      0.698039
6709      0.705882
6710      0.709804
6711      0.709804
6712      0.705882
6713      0.694118
6714      0.690196
6715      0.690196
6716      0.698039
6717      0.709804
6718      0.717647
6719      0.698039
6720      0.705882
6721      0.713726
6722      0.717647
6723      0.717647
6724      0.713726
6725      0.705882
6726      0.698039
6727      0.698039
6728      0.701961
6729      0.709804
6730      0.713726
6731      0.713726
6732      0.705882
6733      0.698039
6734      0.694118
6735      0.682353
6736      0.678431
6737      0.682353
6738      0.690196
6739      0.698039
6740      0.701961
6741      0.698039
6742      0.690196
6743      0.694118
6744      0.694118
6745      0.694118
6746      0.694118
6747      0.694118
6748      0.694118
6749      0.694118
6750      0.694118
6751      0.678431
6752      0.682353
6753      0.682353
6754      0.686275
6755      0.686275
6756      0.686275
6757      0.682353
6758      0.682353
6759      0.686275
6760      0.690196
6761      0.694118
6762      0.694118
6763      0.694118
6764      0.694118
6765      0.690196
6766      0.690196
6767      0.694118
6768      0.705882
6769      0.729412
6770      0.741176
6771      0.745098
6772      0.733333
6773      0.717647
6774      0.701961
6775      0.698039
6776      0.694118
6777      0.690196
6778      0.686275
6779      0.690196
6780      0.701961
6781      0.709804
6782      0.717647
6783      0.725490
6784      0.733333
6785      0.741176
6786      0.745098
6787      0.741176
6788      0.741176
6789      0.741176
6790      0.749020
6791      0.749020
6792      0.752941
6793      0.752941
6794      0.752941
6795      0.749020
6796      0.741176
6797      0.733333
6798      0.729412
6799      0.741176
6800      0.737255
6801      0.737255
6802      0.745098
6803      0.749020
6804      0.745098
6805      0.737255
6806      0.725490
6807      0.709804
6808      0.709804
6809      0.701961
6810      0.662745
6811      0.658824
6812      0.650980
6813      0.647059
6814      0.647059
6815      0.654902
6816      0.662745
6817      0.670588
6818      0.666667
6819      0.662745
6820      0.658824
6821      0.670588
6822      0.682353
6823      0.686275
6824      0.678431
6825      0.670588
6826      0.666667
6827      0.662745
6828      0.658824
6829      0.654902
6830      0.654902
6831      0.658824
6832      0.662745
6833      0.666667
6834      0.682353
6835      0.678431
6836      0.670588
6837      0.662745
6838      0.658824
6839      0.654902
6840      0.658824
6841      0.658824
6842      0.658824
6843      0.650980
6844      0.643137
6845      0.635294
6846      0.643137
6847      0.654902
6848      0.674510
6849      0.686275
6850      0.682353
6851      0.682353
6852      0.682353
6853      0.682353
6854      0.682353
6855      0.686275
6856      0.686275
6857      0.690196
6858      0.698039
6859      0.705882
6860      0.705882
6861      0.698039
6862      0.690196
6863      0.682353
6864      0.686275
6865      0.690196
6866      0.721569
6867      0.725490
6868      0.729412
6869      0.725490
6870      0.713726
6871      0.705882
6872      0.705882
6873      0.709804
6874      0.721569
6875      0.729412
6876      0.737255
6877      0.733333
6878      0.725490
6879      0.721569
6880      0.717647
6881      0.721569
6882      0.725490
6883      0.721569
6884      0.713726
6885      0.705882
6886      0.705882
6887      0.709804
6888      0.717647
6889      0.721569
6890      0.725490
6891      0.729412
6892      0.733333
6893      0.737255
6894      0.737255
6895      0.733333
6896      0.725490
6897      0.721569
6898      0.698039
6899      0.698039
6900      0.705882
6901      0.725490
6902      0.745098
6903      0.756863
6904      0.756863
6905      0.752941
6906      0.760784
6907      0.760784
6908      0.752941
6909      0.745098
6910      0.733333
6911      0.733333
6912      0.741176
6913      0.752941
6914      0.764706
6915      0.760784
6916      0.749020
6917      0.737255
6918      0.733333
6919      0.737255
6920      0.741176
6921      0.745098
6922      0.760784
6923      0.760784
6924      0.760784
6925      0.749020
6926      0.733333
6927      0.725490
6928      0.725490
6929      0.729412
6930      0.709804
6931      0.709804
6932      0.705882
6933      0.705882
6934      0.705882
6935      0.705882
6936      0.709804
6937      0.709804
6938      0.709804
6939      0.701961
6940      0.694118
6941      0.682353
6942      0.682353
6943      0.682353
6944      0.686275
6945      0.690196
6946      0.698039
6947      0.705882
6948      0.713726
6949      0.721569
6950      0.721569
6951      0.713726
6952      0.705882
6953      0.698039
6954      0.698039
6955      0.698039
6956      0.694118
6957      0.694118
6958      0.690196
6959      0.690196
6960      0.690196
6961      0.686275
6962      0.682353
6963      0.678431
6964      0.682353
6965      0.694118
6966      0.701961
6967      0.701961
6968      0.694118
6969      0.686275
6970      0.690196
6971      0.694118
6972      0.694118
6973      0.698039
6974      0.698039
6975      0.694118
6976      0.694118
6977      0.690196
6978      0.682353
6979      0.686275
6980      0.690196
6981      0.690196
6982      0.690196
6983      0.686275
6984      0.682353
6985      0.678431
6986      0.678431
6987      0.682353
6988      0.686275
6989      0.690196
6990      0.694118
6991      0.694118
6992      0.694118
6993      0.694118
6994      0.698039
6995      0.709804
6996      0.725490
6997      0.737255
6998      0.737255
6999      0.729412
7000      0.713726
7001      0.705882
7002      0.701961
7003      0.694118
7004      0.686275
7005      0.686275
7006      0.690196
7007      0.701961
7008      0.717647
7009      0.729412
7010      0.729412
7011      0.737255
7012      0.745098
7013      0.745098
7014      0.737255
7015      0.733333
7016      0.737255
7017      0.741176
7018      0.745098
7019      0.745098
7020      0.745098
7021      0.741176
7022      0.741176
7023      0.737255
7024      0.737255
7025      0.737255
7026      0.737255
7027      0.737255
7028      0.737255
7029      0.737255
7030      0.737255
7031      0.733333
7032      0.717647
7033      0.705882
7034      0.694118
7035      0.690196
7036      0.686275
7037      0.658824
7038      0.654902
7039      0.650980
7040      0.647059
7041      0.650980
7042      0.662745
7043      0.670588
7044      0.678431
7045      0.670588
7046      0.662745
7047      0.658824
7048      0.666667
7049      0.678431
7050      0.682353
7051      0.674510
7052      0.662745
7053      0.682353
7054      0.678431
7055      0.670588
7056      0.662745
7057      0.654902
7058      0.650980
7059      0.647059
7060      0.647059
7061      0.670588
7062      0.666667
7063      0.658824
7064      0.650980
7065      0.650980
7066      0.650980
7067      0.654902
7068      0.654902
7069      0.662745
7070      0.650980
7071      0.639216
7072      0.631373
7073      0.635294
7074      0.654902
7075      0.674510
7076      0.690196
7077      0.690196
7078      0.686275
7079      0.682353
7080      0.678431
7081      0.678431
7082      0.686275
7083      0.690196
7084      0.694118
7085      0.717647
7086      0.717647
7087      0.717647
7088      0.709804
7089      0.698039
7090      0.686275
7091      0.686275
7092      0.690196
7093      0.709804
7094      0.709804
7095      0.709804
7096      0.701961
7097      0.690196
7098      0.686275
7099      0.694118
7100      0.698039
7101      0.713726
7102      0.725490
7103      0.733333
7104      0.733333
7105      0.725490
7106      0.717647
7107      0.713726
7108      0.717647
7109      0.721569
7110      0.717647
7111      0.709804
7112      0.701961
7113      0.705882
7114      0.709804
7115      0.717647
7116      0.721569
7117      0.729412
7118      0.733333
7119      0.737255
7120      0.741176
7121      0.737255
7122      0.733333
7123      0.729412
7124      0.725490
7125      0.698039
7126      0.701961
7127      0.713726
7128      0.729412
7129      0.749020
7130      0.752941
7131      0.749020
7132      0.741176
7133      0.760784
7134      0.756863
7135      0.749020
7136      0.737255
7137      0.725490
7138      0.725490
7139      0.733333
7140      0.741176
7141      0.752941
7142      0.749020
7143      0.745098
7144      0.741176
7145      0.741176
7146      0.745098
7147      0.749020
7148      0.752941
7149      0.772549
7150      0.768627
7151      0.760784
7152      0.745098
7153      0.729412
7154      0.721569
7155      0.725490
7156      0.729412
7157      0.713726
7158      0.713726
7159      0.713726
7160      0.713726
7161      0.713726
7162      0.713726
7163      0.713726
7164      0.713726
7165      0.721569
7166      0.713726
7167      0.701961
7168      0.690196
7169      0.682353
7170      0.678431
7171      0.674510
7172      0.674510
7173      0.698039
7174      0.705882
7175      0.713726
7176      0.721569
7177      0.721569
7178      0.713726
7179      0.705882
7180      0.698039
7181      0.698039
7182      0.690196
7183      0.686275
7184      0.678431
7185      0.678431
7186      0.678431
7187      0.682353
7188      0.686275
7189      0.682353
7190      0.682353
7191      0.690196
7192      0.698039
7193      0.705882
7194      0.705882
7195      0.698039
7196      0.686275
7197      0.690196
7198      0.694118
7199      0.694118
7200      0.698039
7201      0.698039
7202      0.694118
7203      0.694118
7204      0.690196
7205      0.686275
7206      0.690196
7207      0.694118
7208      0.698039
7209      0.694118
7210      0.690196
7211      0.686275
7212      0.682353
7213      0.674510
7214      0.674510
7215      0.682353
7216      0.686275
7217      0.690196
7218      0.694118
7219      0.694118
7220      0.694118
7221      0.698039
7222      0.709804
7223      0.721569
7224      0.733333
7225      0.733333
7226      0.725490
7227      0.713726
7228      0.705882
7229      0.701961
7230      0.694118
7231      0.686275
7232      0.682353
7233      0.690196
7234      0.705882
7235      0.721569
7236      0.733333
7237      0.733333
7238      0.741176
7239      0.745098
7240      0.745098
7241      0.737255
7242      0.729412
7243      0.733333
7244      0.733333
7245      0.741176
7246      0.741176
7247      0.737255
7248      0.737255
7249      0.737255
7250      0.741176
7251      0.741176
7252      0.745098
7253      0.733333
7254      0.733333
7255      0.729412
7256      0.729412
7257      0.729412
7258      0.717647
7259      0.701961
7260      0.686275
7261      0.678431
7262      0.674510
7263      0.674510
7264      0.670588
7265      0.666667
7266      0.662745
7267      0.662745
7268      0.666667
7269      0.670588
7270      0.678431
7271      0.682353
7272      0.666667
7273      0.662745
7274      0.662745
7275      0.662745
7276      0.670588
7277      0.678431
7278      0.686275
7279      0.694118
7280      0.670588
7281      0.666667
7282      0.666667
7283      0.662745
7284      0.662745
7285      0.662745
7286      0.666667
7287      0.670588
7288      0.674510
7289      0.662745
7290      0.650980
7291      0.643137
7292      0.643137
7293      0.643137
7294      0.635294
7295      0.631373
7296      0.639216
7297      0.635294
7298      0.623529
7299      0.607843
7300      0.600000
7301      0.623529
7302      0.662745
7303      0.694118
7304      0.690196
7305      0.682353
7306      0.674510
7307      0.666667
7308      0.666667
7309      0.670588
7310      0.674510
7311      0.682353
7312      0.717647
7313      0.721569
7314      0.721569
7315      0.713726
7316      0.705882
7317      0.698039
7318      0.701961
7319      0.705882
7320      0.701961
7321      0.690196
7322      0.678431
7323      0.666667
7324      0.662745
7325      0.666667
7326      0.678431
7327      0.686275
7328      0.694118
7329      0.713726
7330      0.729412
7331      0.729412
7332      0.717647
7333      0.701961
7334      0.698039
7335      0.701961
7336      0.701961
7337      0.705882
7338      0.709804
7339      0.717647
7340      0.717647
7341      0.713726
7342      0.709804
7343      0.709804
7344      0.713726
7345      0.713726
7346      0.717647
7347      0.717647
7348      0.717647
7349      0.721569
7350      0.721569
7351      0.721569
7352      0.701961
7353      0.713726
7354      0.733333
7355      0.749020
7356      0.756863
7357      0.756863
7358      0.752941
7359      0.749020
7360      0.756863
7361      0.752941
7362      0.745098
7363      0.737255
7364      0.733333
7365      0.733333
7366      0.737255
7367      0.741176
7368      0.760784
7369      0.752941
7370      0.741176
7371      0.737255
7372      0.737255
7373      0.745098
7374      0.756863
7375      0.764706
7376      0.764706
7377      0.760784
7378      0.752941
7379      0.733333
7380      0.713726
7381      0.701961
7382      0.701961
7383      0.709804
7384      0.705882
7385      0.713726
7386      0.725490
7387      0.733333
7388      0.733333
7389      0.729412
7390      0.717647
7391      0.709804
7392      0.705882
7393      0.705882
7394      0.701961
7395      0.698039
7396      0.690196
7397      0.686275
7398      0.682353
7399      0.678431
7400      0.690196
7401      0.698039
7402      0.701961
7403      0.705882
7404      0.709804
7405      0.705882
7406      0.701961
7407      0.701961
7408      0.698039
7409      0.686275
7410      0.674510
7411      0.662745
7412      0.658824
7413      0.666667
7414      0.682353
7415      0.690196
7416      0.682353
7417      0.690196
7418      0.698039
7419      0.698039
7420      0.690196
7421      0.686275
7422      0.686275
7423      0.690196
7424      0.694118
7425      0.694118
7426      0.694118
7427      0.686275
7428      0.682353
7429      0.686275
7430      0.701961
7431      0.713726
7432      0.701961
7433      0.701961
7434      0.701961
7435      0.690196
7436      0.682353
7437      0.674510
7438      0.678431
7439      0.686275
7440      0.686275
7441      0.686275
7442      0.690196
7443      0.694118
7444      0.694118
7445      0.698039
7446      0.701961
7447      0.701961
7448      0.709804
7449      0.717647
7450      0.725490
7451      0.729412
7452      0.733333
7453      0.733333
7454      0.729412
7455      0.729412
7456      0.690196
7457      0.686275
7458      0.686275
7459      0.686275
7460      0.690196
7461      0.701961
7462      0.717647
7463      0.725490
7464      0.725490
7465      0.729412
7466      0.733333
7467      0.737255
7468      0.741176
7469      0.741176
7470      0.741176
7471      0.741176
7472      0.737255
7473      0.729412
7474      0.721569
7475      0.717647
7476      0.713726
7477      0.721569
7478      0.729412
7479      0.733333
7480      0.741176
7481      0.737255
7482      0.729412
7483      0.717647
7484      0.705882
7485      0.694118
7486      0.682353
7487      0.678431
7488      0.678431
7489      0.682353
7490      0.686275
7491      0.678431
7492      0.678431
7493      0.674510
7494      0.670588
7495      0.674510
7496      0.678431
7497      0.686275
7498      0.690196
7499      0.674510
7500      0.674510
7501      0.674510
7502      0.674510
7503      0.678431
7504      0.686275
7505      0.690196
7506      0.694118
7507      0.674510
7508      0.674510
7509      0.670588
7510      0.666667
7511      0.666667
7512      0.666667
7513      0.666667
7514      0.666667
7515      0.670588
7516      0.658824
7517      0.643137
7518      0.635294
7519      0.635294
7520      0.639216
7521      0.635294
7522      0.635294
7523      0.635294
7524      0.627451
7525      0.615686
7526      0.603922
7527      0.607843
7528      0.631373
7529      0.662745
7530      0.690196
7531      0.678431
7532      0.674510
7533      0.666667
7534      0.662745
7535      0.662745
7536      0.670588
7537      0.678431
7538      0.682353
7539      0.705882
7540      0.709804
7541      0.713726
7542      0.705882
7543      0.698039
7544      0.690196
7545      0.694118
7546      0.698039
7547      0.694118
7548      0.686275
7549      0.674510
7550      0.662745
7551      0.658824
7552      0.666667
7553      0.678431
7554      0.686275
7555      0.690196
7556      0.701961
7557      0.713726
7558      0.717647
7559      0.713726
7560      0.705882
7561      0.698039
7562      0.698039
7563      0.698039
7564      0.701961
7565      0.705882
7566      0.709804
7567      0.713726
7568      0.709804
7569      0.705882
7570      0.705882
7571      0.705882
7572      0.709804
7573      0.713726
7574      0.717647
7575      0.717647
7576      0.717647
7577      0.717647
7578      0.713726
7579      0.698039
7580      0.705882
7581      0.721569
7582      0.733333
7583      0.741176
7584      0.745098
7585      0.741176
7586      0.741176
7587      0.749020
7588      0.745098
7589      0.741176
7590      0.733333
7591      0.733333
7592      0.733333
7593      0.737255
7594      0.737255
7595      0.749020
7596      0.745098
7597      0.741176
7598      0.737255
7599      0.737255
7600      0.745098
7601      0.752941
7602      0.756863
7603      0.760784
7604      0.756863
7605      0.745098
7606      0.729412
7607      0.709804
7608      0.701961
7609      0.701961
7610      0.709804
7611      0.713726
7612      0.717647
7613      0.725490
7614      0.729412
7615      0.729412
7616      0.717647
7617      0.705882
7618      0.698039
7619      0.701961
7620      0.698039
7621      0.698039
7622      0.694118
7623      0.694118
7624      0.690196
7625      0.690196
7626      0.690196
7627      0.690196
7628      0.694118
7629      0.701961
7630      0.705882
7631      0.705882
7632      0.705882
7633      0.701961
7634      0.698039
7635      0.701961
7636      0.694118
7637      0.682353
7638      0.674510
7639      0.674510
7640      0.678431
7641      0.686275
7642      0.694118
7643      0.678431
7644      0.686275
7645      0.690196
7646      0.690196
7647      0.682353
7648      0.678431
7649      0.678431
7650      0.682353
7651      0.694118
7652      0.698039
7653      0.698039
7654      0.694118
7655      0.686275
7656      0.690196
7657      0.698039
7658      0.705882
7659      0.701961
7660      0.705882
7661      0.701961
7662      0.694118
7663      0.682353
7664      0.678431
7665      0.682353
7666      0.686275
7667      0.694118
7668      0.694118
7669      0.694118
7670      0.698039
7671      0.698039
7672      0.698039
7673      0.701961
7674      0.701961
7675      0.705882
7676      0.709804
7677      0.717647
7678      0.721569
7679      0.725490
7680      0.725490
7681      0.725490
7682      0.721569
7683      0.694118
7684      0.690196
7685      0.686275
7686      0.686275
7687      0.694118
7688      0.701961
7689      0.713726
7690      0.721569
7691      0.733333
7692      0.733333
7693      0.737255
7694      0.741176
7695      0.741176
7696      0.745098
7697      0.745098
7698      0.741176
7699      0.741176
7700      0.733333
7701      0.725490
7702      0.717647
7703      0.713726
7704      0.717647
7705      0.725490
7706      0.729412
7707      0.737255
7708      0.733333
7709      0.721569
7710      0.713726
7711      0.701961
7712      0.690196
7713      0.682353
7714      0.674510
7715      0.682353
7716      0.686275
7717      0.690196
7718      0.686275
7719      0.682353
7720      0.678431
7721      0.674510
7722      0.674510
7723      0.678431
7724      0.686275
7725      0.690196
7726      0.682353
7727      0.686275
7728      0.690196
7729      0.694118
7730      0.694118
7731      0.698039
7732      0.694118
7733      0.694118
7734      0.686275
7735      0.682353
7736      0.678431
7737      0.674510
7738      0.670588
7739      0.666667
7740      0.662745
7741      0.662745
7742      0.666667
7743      0.650980
7744      0.635294
7745      0.631373
7746      0.631373
7747      0.635294
7748      0.635294
7749      0.635294
7750      0.631373
7751      0.619608
7752      0.603922
7753      0.600000
7754      0.615686
7755      0.643137
7756      0.666667
7757      0.678431
7758      0.666667
7759      0.666667
7760      0.662745
7761      0.658824
7762      0.662745
7763      0.670588
7764      0.678431
7765      0.682353
7766      0.698039
7767      0.701961
7768      0.701961
7769      0.698039
7770      0.690196
7771      0.682353
7772      0.686275
7773      0.690196
7774      0.686275
7775      0.678431
7776      0.666667
7777      0.658824
7778      0.658824
7779      0.662745
7780      0.674510
7781      0.682353
7782      0.678431
7783      0.682353
7784      0.690196
7785      0.701961
7786      0.709804
7787      0.705882
7788      0.698039
7789      0.690196
7790      0.690196
7791      0.694118
7792      0.698039
7793      0.701961
7794      0.701961
7795      0.701961
7796      0.701961
7797      0.698039
7798      0.698039
7799      0.701961
7800      0.709804
7801      0.717647
7802      0.721569
7803      0.717647
7804      0.709804
7805      0.705882
7806      0.694118
7807      0.698039
7808      0.705882
7809      0.713726
7810      0.721569
7811      0.729412
7812      0.733333
7813      0.733333
7814      0.741176
7815      0.737255
7816      0.733333
7817      0.733333
7818      0.729412
7819      0.733333
7820      0.733333
7821      0.737255
7822      0.737255
7823      0.737255
7824      0.737255
7825      0.741176
7826      0.741176
7827      0.745098
7828      0.745098
7829      0.749020
7830      0.749020
7831      0.745098
7832      0.737255
7833      0.717647
7834      0.701961
7835      0.694118
7836      0.701961
7837      0.705882
7838      0.717647
7839      0.721569
7840      0.725490
7841      0.729412
7842      0.721569
7843      0.713726
7844      0.701961
7845      0.694118
7846      0.698039
7847      0.698039
7848      0.694118
7849      0.694118
7850      0.694118
7851      0.694118
7852      0.694118
7853      0.694118
7854      0.690196
7855      0.694118
7856      0.698039
7857      0.701961
7858      0.701961
7859      0.701961
7860      0.701961
7861      0.698039
7862      0.705882
7863      0.701961
7864      0.698039
7865      0.694118
7866      0.690196
7867      0.690196
7868      0.694118
7869      0.694118
7870      0.678431
7871      0.682353
7872      0.686275
7873      0.678431
7874      0.670588
7875      0.666667
7876      0.670588
7877      0.674510
7878      0.690196
7879      0.698039
7880      0.705882
7881      0.701961
7882      0.698039
7883      0.690196
7884      0.694118
7885      0.698039
7886      0.705882
7887      0.705882
7888      0.705882
7889      0.698039
7890      0.686275
7891      0.682353
7892      0.686275
7893      0.690196
7894      0.701961
7895      0.701961
7896      0.701961
7897      0.701961
7898      0.698039
7899      0.698039
7900      0.698039
7901      0.698039
7902      0.701961
7903      0.701961
7904      0.709804
7905      0.713726
7906      0.717647
7907      0.717647
7908      0.717647
7909      0.717647
7910      0.698039
7911      0.694118
7912      0.690196
7913      0.690196
7914      0.694118
7915      0.701961
7916      0.709804
7917      0.717647
7918      0.737255
7919      0.741176
7920      0.741176
7921      0.741176
7922      0.745098
7923      0.745098
7924      0.745098
7925      0.745098
7926      0.745098
7927      0.737255
7928      0.725490
7929      0.717647
7930      0.713726
7931      0.713726
7932      0.717647
7933      0.721569
7934      0.725490
7935      0.721569
7936      0.713726
7937      0.705882
7938      0.694118
7939      0.686275
7940      0.678431
7941      0.674510
7942      0.690196
7943      0.690196
7944      0.694118
7945      0.682353
7946      0.678431
7947      0.670588
7948      0.666667
7949      0.666667
7950      0.670588
7951      0.674510
7952      0.678431
7953      0.690196
7954      0.694118
7955      0.701961
7956      0.705882
7957      0.705882
7958      0.701961
7959      0.698039
7960      0.694118
7961      0.694118
7962      0.694118
7963      0.690196
7964      0.686275
7965      0.678431
7966      0.670588
7967      0.662745
7968      0.658824
7969      0.662745
7970      0.650980
7971      0.635294
7972      0.627451
7973      0.631373
7974      0.635294
7975      0.635294
7976      0.635294
7977      0.627451
7978      0.611765
7979      0.600000
7980      0.603922
7981      0.627451
7982      0.654902
7983      0.666667
7984      0.670588
7985      0.658824
7986      0.654902
7987      0.654902
7988      0.658824
7989      0.662745
7990      0.670588
7991      0.678431
7992      0.682353
7993      0.694118
7994      0.698039
7995      0.701961
7996      0.694118
7997      0.686275
7998      0.682353
7999      0.686275
8000      0.690196
8001      0.682353
8002      0.674510
8003      0.662745
8004      0.654902
8005      0.654902
8006      0.658824
8007      0.666667
8008      0.674510
8009      0.666667
8010      0.662745
8011      0.666667
8012      0.682353
8013      0.698039
8014      0.705882
8015      0.694118
8016      0.682353
8017      0.686275
8018      0.686275
8019      0.690196
8020      0.694118
8021      0.694118
8022      0.694118
8023      0.694118
8024      0.694118
8025      0.690196
8026      0.698039
8027      0.709804
8028      0.717647
8029      0.721569
8030      0.713726
8031      0.705882
8032      0.698039
8033      0.698039
8034      0.698039
8035      0.698039
8036      0.701961
8037      0.705882
8038      0.717647
8039      0.725490
8040      0.733333
8041      0.729412
8042      0.729412
8043      0.729412
8044      0.729412
8045      0.725490
8046      0.729412
8047      0.729412
8048      0.729412
8049      0.729412
8050      0.733333
8051      0.737255
8052      0.745098
8053      0.749020
8054      0.745098
8055      0.745098
8056      0.741176
8057      0.737255
8058      0.733333
8059      0.721569
8060      0.705882
8061      0.694118
8062      0.690196
8063      0.698039
8064      0.705882
8065      0.713726
8066      0.717647
8067      0.725490
8068      0.725490
8069      0.725490
8070      0.717647
8071      0.709804
8072      0.701961
8073      0.701961
8074      0.701961
8075      0.701961
8076      0.698039
8077      0.694118
8078      0.694118
8079      0.690196
8080      0.690196
8081      0.690196
8082      0.690196
8083      0.694118
8084      0.698039
8085      0.698039
8086      0.698039
8087      0.698039
8088      0.698039
8089      0.701961
8090      0.701961
8091      0.701961
8092      0.701961
8093      0.701961
8094      0.698039
8095      0.694118
8096      0.694118
8097      0.682353
8098      0.686275
8099      0.686275
8100      0.678431
8101      0.666667
8102      0.662745
8103      0.666667
8104      0.670588
8105      0.690196
8106      0.701961
8107      0.709804
8108      0.713726
8109      0.705882
8110      0.698039
8111      0.694118
8112      0.694118
8113      0.709804
8114      0.713726
8115      0.709804
8116      0.701961
8117      0.690196
8118      0.686275
8119      0.690196
8120      0.694118
8121      0.705882
8122      0.705882
8123      0.701961
8124      0.701961
8125      0.698039
8126      0.694118
8127      0.690196
8128      0.690196
8129      0.701961
8130      0.701961
8131      0.705882
8132      0.709804
8133      0.713726
8134      0.713726
8135      0.717647
8136      0.717647
8137      0.701961
8138      0.701961
8139      0.698039
8140      0.694118
8141      0.698039
8142      0.701961
8143      0.705882
8144      0.709804
8145      0.741176
8146      0.741176
8147      0.737255
8148      0.737255
8149      0.741176
8150      0.741176
8151      0.745098
8152      0.749020
8153      0.745098
8154      0.737255
8155      0.725490
8156      0.717647
8157      0.709804
8158      0.709804
8159      0.713726
8160      0.717647
8161      0.717647
8162      0.713726
8163      0.709804
8164      0.701961
8165      0.690196
8166      0.682353
8167      0.678431
8168      0.674510
8169      0.690196
8170      0.690196
8171      0.694118
8172      0.686275
8173      0.682353
8174      0.674510
8175      0.670588
8176      0.666667
8177      0.670588
8178      0.670588
8179      0.674510
8180      0.690196
8181      0.694118
8182      0.701961
8183      0.705882
8184      0.705882
8185      0.701961
8186      0.698039
8187      0.694118
8188      0.701961
8189      0.701961
8190      0.698039
8191      0.694118
8192      0.686275
8193      0.674510
8194      0.666667
8195      0.662745
8196      0.662745
8197      0.654902
8198      0.643137
8199      0.639216
8200      0.639216
8201      0.643137
8202      0.639216
8203      0.631373
8204      0.623529
8205      0.611765
8206      0.603922
8207      0.615686
8208      0.639216
8209      0.658824
8210      0.666667
8211      0.666667
8212      0.650980
8213      0.654902
8214      0.654902
8215      0.662745
8216      0.666667
8217      0.674510
8218      0.678431
8219      0.682353
8220      0.694118
8221      0.698039
8222      0.701961
8223      0.698039
8224      0.690196
8225      0.690196
8226      0.690196
8227      0.698039
8228      0.682353
8229      0.674510
8230      0.666667
8231      0.658824
8232      0.654902
8233      0.658824
8234      0.662745
8235      0.666667
8236      0.654902
8237      0.650980
8238      0.650980
8239      0.666667
8240      0.690196
8241      0.698039
8242      0.690196
8243      0.678431
8244      0.686275
8245      0.686275
8246      0.686275
8247      0.686275
8248      0.686275
8249      0.690196
8250      0.690196
8251      0.694118
8252      0.686275
8253      0.694118
8254      0.705882
8255      0.717647
8256      0.717647
8257      0.713726
8258      0.701961
8259      0.694118
8260      0.701961
8261      0.698039
8262      0.698039
8263      0.698039
8264      0.701961
8265      0.713726
8266      0.725490
8267      0.733333
8268      0.725490
8269      0.725490
8270      0.725490
8271      0.725490
8272      0.721569
8273      0.721569
8274      0.717647
8275      0.717647
8276      0.717647
8277      0.725490
8278      0.733333
8279      0.741176
8280      0.745098
8281      0.745098
8282      0.741176
8283      0.737255
8284      0.721569
8285      0.717647
8286      0.709804
8287      0.694118
8288      0.682353
8289      0.682353
8290      0.694118
8291      0.705882
8292      0.709804
8293      0.713726
8294      0.717647
8295      0.721569
8296      0.725490
8297      0.725490
8298      0.721569
8299      0.721569
8300      0.717647
8301      0.713726
8302      0.709804
8303      0.701961
8304      0.694118
8305      0.690196
8306      0.682353
8307      0.682353
8308      0.690196
8309      0.690196
8310      0.690196
8311      0.690196
8312      0.690196
8313      0.694118
8314      0.698039
8315      0.698039
8316      0.698039
8317      0.698039
8318      0.701961
8319      0.701961
8320      0.701961
8321      0.698039
8322      0.690196
8323      0.690196
8324      0.694118
8325      0.694118
8326      0.694118
8327      0.682353
8328      0.670588
8329      0.666667
8330      0.670588
8331      0.674510
8332      0.690196
8333      0.701961
8334      0.713726
8335      0.717647
8336      0.709804
8337      0.701961
8338      0.698039
8339      0.694118
8340      0.713726
8341      0.717647
8342      0.713726
8343      0.705882
8344      0.694118
8345      0.690196
8346      0.694118
8347      0.698039
8348      0.705882
8349      0.705882
8350      0.701961
8351      0.698039
8352      0.694118
8353      0.690196
8354      0.686275
8355      0.686275
8356      0.701961
8357      0.701961
8358      0.705882
8359      0.705882
8360      0.709804
8361      0.713726
8362      0.717647
8363      0.717647
8364      0.709804
8365      0.705882
8366      0.705882
8367      0.701961
8368      0.701961
8369      0.701961
8370      0.701961
8371      0.701961
8372      0.729412
8373      0.729412
8374      0.729412
8375      0.729412
8376      0.733333
8377      0.737255
8378      0.745098
8379      0.749020
8380      0.745098
8381      0.737255
8382      0.725490
8383      0.713726
8384      0.709804
8385      0.709804
8386      0.713726
8387      0.717647
8388      0.717647
8389      0.713726
8390      0.709804
8391      0.701961
8392      0.694118
8393      0.686275
8394      0.682353
8395      0.678431
8396      0.690196
8397      0.694118
8398      0.698039
8399      0.701961
8400      0.698039
8401      0.690196
8402      0.682353
8403      0.678431
8404      0.678431
8405      0.678431
8406      0.682353
8407      0.682353
8408      0.686275
8409      0.690196
8410      0.694118
8411      0.694118
8412      0.698039
8413      0.694118
8414      0.694118
8415      0.701961
8416      0.705882
8417      0.705882
8418      0.701961
8419      0.694118
8420      0.682353
8421      0.674510
8422      0.666667
8423      0.670588
8424      0.666667
8425      0.658824
8426      0.658824
8427      0.658824
8428      0.650980
8429      0.639216
8430      0.627451
8431      0.619608
8432      0.619608
8433      0.619608
8434      0.631373
8435      0.647059
8436      0.662745
8437      0.666667
8438      0.666667
8439      0.654902
8440      0.654902
8441      0.662745
8442      0.666667
8443      0.670588
8444      0.678431
8445      0.682353
8446      0.682353
8447      0.694118
8448      0.701961
8449      0.705882
8450      0.701961
8451      0.694118
8452      0.694118
8453      0.698039
8454      0.701961
8455      0.690196
8456      0.682353
8457      0.674510
8458      0.662745
8459      0.658824
8460      0.654902
8461      0.654902
8462      0.654902
8463      0.647059
8464      0.647059
8465      0.650980
8466      0.662745
8467      0.674510
8468      0.686275
8469      0.686275
8470      0.682353
8471      0.686275
8472      0.682353
8473      0.682353
8474      0.682353
8475      0.682353
8476      0.686275
8477      0.690196
8478      0.694118
8479      0.694118
8480      0.698039
8481      0.705882
8482      0.713726
8483      0.713726
8484      0.709804
8485      0.705882
8486      0.701961
8487      0.701961
8488      0.698039
8489      0.698039
8490      0.698039
8491      0.701961
8492      0.713726
8493      0.721569
8494      0.725490
8495      0.721569
8496      0.721569
8497      0.721569
8498      0.721569
8499      0.717647
8500      0.713726
8501      0.705882
8502      0.705882
8503      0.705882
8504      0.713726
8505      0.721569
8506      0.729412
8507      0.733333
8508      0.733333
8509      0.729412
8510      0.729412
8511      0.709804
8512      0.705882
8513      0.694118
8514      0.678431
8515      0.670588
8516      0.674510
8517      0.690196
8518      0.705882
8519      0.701961
8520      0.705882
8521      0.709804
8522      0.717647
8523      0.721569
8524      0.721569
8525      0.725490
8526      0.725490
8527      0.725490
8528      0.721569
8529      0.713726
8530      0.705882
8531      0.694118
8532      0.686275
8533      0.678431
8534      0.674510
8535      0.690196
8536      0.686275
8537      0.686275
8538      0.686275
8539      0.686275
8540      0.690196
8541      0.694118
8542      0.698039
8543      0.698039
8544      0.698039
8545      0.698039
8546      0.698039
8547      0.698039
8548      0.694118
8549      0.690196
8550      0.690196
8551      0.705882
8552      0.705882
8553      0.698039
8554      0.686275
8555      0.670588
8556      0.666667
8557      0.670588
8558      0.678431
8559      0.686275
8560      0.698039
8561      0.713726
8562      0.717647
8563      0.713726
8564      0.705882
8565      0.705882
8566      0.705882
8567      0.721569
8568      0.721569
8569      0.721569
8570      0.709804
8571      0.701961
8572      0.694118
8573      0.698039
8574      0.705882
8575      0.709804
8576      0.709804
8577      0.705882
8578      0.701961
8579      0.698039
8580      0.694118
8581      0.690196
8582      0.690196
8583      0.701961
8584      0.701961
8585      0.701961
8586      0.701961
8587      0.705882
8588      0.709804
8589      0.717647
8590      0.717647
8591      0.713726
8592      0.713726
8593      0.709804
8594      0.705882
8595      0.701961
8596      0.698039
8597      0.694118
8598      0.694118
8599      0.713726
8600      0.713726
8601      0.713726
8602      0.713726
8603      0.721569
8604      0.729412
8605      0.741176
8606      0.745098
8607      0.741176
8608      0.733333
8609      0.721569
8610      0.709804
8611      0.705882
8612      0.709804
8613      0.713726
8614      0.717647
8615      0.717647
8616      0.717647
8617      0.713726
8618      0.705882
8619      0.701961
8620      0.698039
8621      0.694118
8622      0.690196
8623      0.698039
8624      0.698039
8625      0.701961
8626      0.705882
8627      0.701961
8628      0.690196
8629      0.682353
8630      0.678431
8631      0.674510
8632      0.678431
8633      0.678431
8634      0.674510
8635      0.674510
8636      0.674510
8637      0.674510
8638      0.678431
8639      0.686275
8640      0.690196
8641      0.694118
8642      0.701961
8643      0.705882
8644      0.709804
8645      0.705882
8646      0.701961
8647      0.690196
8648      0.682353
8649      0.674510
8650      0.678431
8651      0.678431
8652      0.678431
8653      0.678431
8654      0.678431
8655      0.662745
8656      0.639216
8657      0.623529
8658      0.619608
8659      0.627451
8660      0.643137
8661      0.650980
8662      0.650980
8663      0.658824
8664      0.662745
8665      0.670588
8666      0.658824
8667      0.662745
8668      0.666667
8669      0.670588
8670      0.678431
8671      0.678431
8672      0.678431
8673      0.682353
8674      0.690196
8675      0.698039
8676      0.701961
8677      0.701961
8678      0.694118
8679      0.694118
8680      0.698039
8681      0.701961
8682      0.698039
8683      0.690196
8684      0.682353
8685      0.670588
8686      0.658824
8687      0.654902
8688      0.650980
8689      0.647059
8690      0.639216
8691      0.647059
8692      0.658824
8693      0.662745
8694      0.666667
8695      0.670588
8696      0.678431
8697      0.686275
8698      0.686275
8699      0.682353
8700      0.682353
8701      0.678431
8702      0.682353
8703      0.686275
8704      0.690196
8705      0.694118
8706      0.701961
8707      0.701961
8708      0.705882
8709      0.709804
8710      0.713726
8711      0.713726
8712      0.709804
8713      0.709804
8714      0.694118
8715      0.694118
8716      0.694118
8717      0.698039
8718      0.701961
8719      0.709804
8720      0.713726
8721      0.717647
8722      0.721569
8723      0.721569
8724      0.721569
8725      0.721569
8726      0.713726
8727      0.705882
8728      0.698039
8729      0.690196
8730      0.690196
8731      0.694118
8732      0.698039
8733      0.705882
8734      0.709804
8735      0.713726
8736      0.717647
8737      0.717647
8738      0.701961
8739      0.694118
8740      0.682353
8741      0.670588
8742      0.662745
8743      0.670588
8744      0.690196
8745      0.705882
8746      0.698039
8747      0.698039
8748      0.701961
8749      0.705882
8750      0.709804
8751      0.709804
8752      0.709804
8753      0.709804
8754      0.721569
8755      0.717647
8756      0.713726
8757      0.705882
8758      0.698039
8759      0.690196
8760      0.686275
8761      0.682353
8762      0.690196
8763      0.686275
8764      0.682353
8765      0.682353
8766      0.682353
8767      0.686275
8768      0.694118
8769      0.698039
8770      0.701961
8771      0.701961
8772      0.701961
8773      0.698039
8774      0.698039
8775      0.694118
8776      0.694118
8777      0.694118
8778      0.709804
8779      0.709804
8780      0.698039
8781      0.682353
8782      0.670588
8783      0.662745
8784      0.670588
8785      0.678431
8786      0.686275
8787      0.698039
8788      0.709804
8789      0.713726
8790      0.713726
8791      0.713726
8792      0.713726
8793      0.717647
8794      0.721569
8795      0.725490
8796      0.721569
8797      0.713726
8798      0.701961
8799      0.698039
8800      0.701961
8801      0.709804
8802      0.717647
8803      0.713726
8804      0.713726
8805      0.709804
8806      0.709804
8807      0.705882
8808      0.705882
8809      0.701961
8810      0.698039
8811      0.694118
8812      0.694118
8813      0.694118
8814      0.698039
8815      0.701961
8816      0.709804
8817      0.713726
8818      0.717647
8819      0.717647
8820      0.713726
8821      0.709804
8822      0.705882
8823      0.698039
8824      0.694118
8825      0.690196
8826      0.694118
8827      0.694118
8828      0.694118
8829      0.698039
8830      0.709804
8831      0.721569
8832      0.737255
8833      0.745098
8834      0.733333
8835      0.725490
8836      0.717647
8837      0.709804
8838      0.705882
8839      0.709804
8840      0.717647
8841      0.721569
8842      0.725490
8843      0.721569
8844      0.717647
8845      0.713726
8846      0.709804
8847      0.705882
8848      0.701961
8849      0.701961
8850      0.709804
8851      0.713726
8852      0.713726
8853      0.698039
8854      0.694118
8855      0.682353
8856      0.674510
8857      0.666667
8858      0.666667
8859      0.666667
8860      0.670588
8861      0.666667
8862      0.662745
8863      0.662745
8864      0.662745
8865      0.670588
8866      0.678431
8867      0.686275
8868      0.694118
8869      0.701961
8870      0.705882
8871      0.709804
8872      0.709804
8873      0.705882
8874      0.694118
8875      0.686275
8876      0.678431
8877      0.686275
8878      0.686275
8879      0.690196
8880      0.694118
8881      0.690196
8882      0.670588
8883      0.643137
8884      0.619608
8885      0.619608
8886      0.635294
8887      0.654902
8888      0.658824
8889      0.654902
8890      0.654902
8891      0.662745
8892      0.674510
8893      0.662745
8894      0.666667
8895      0.670588
8896      0.678431
8897      0.678431
8898      0.682353
8899      0.678431
8900      0.678431
8901      0.686275
8902      0.694118
8903      0.698039
8904      0.698039
8905      0.690196
8906      0.690196
8907      0.694118
8908      0.701961
8909      0.705882
8910      0.698039
8911      0.686275
8912      0.674510
8913      0.662745
8914      0.650980
8915      0.647059
8916      0.643137
8917      0.635294
8918      0.650980
8919      0.662745
8920      0.666667
8921      0.658824
8922      0.662745
8923      0.674510
8924      0.690196
8925      0.690196
8926      0.686275
8927      0.682353
8928      0.678431
8929      0.682353
8930      0.686275
8931      0.694118
8932      0.698039
8933      0.705882
8934      0.705882
8935      0.705882
8936      0.709804
8937      0.709804
8938      0.713726
8939      0.713726
8940      0.713726
8941      0.686275
8942      0.690196
8943      0.690196
8944      0.698039
8945      0.701961
8946      0.705882
8947      0.705882
8948      0.709804
8949      0.721569
8950      0.725490
8951      0.721569
8952      0.717647
8953      0.709804
8954      0.701961
8955      0.690196
8956      0.682353
8957      0.678431
8958      0.682353
8959      0.682353
8960      0.690196
8961      0.694118
8962      0.698039
8963      0.701961
8964      0.705882
8965      0.694118
8966      0.690196
8967      0.678431
8968      0.666667
8969      0.658824
8970      0.666667
8971      0.690196
8972      0.705882
8973      0.698039
8974      0.698039
8975      0.698039
8976      0.698039
8977      0.698039
8978      0.698039
8979      0.694118
8980      0.694118
8981      0.713726
8982      0.709804
8983      0.709804
8984      0.705882
8985      0.698039
8986      0.694118
8987      0.694118
8988      0.690196
8989      0.686275
8990      0.686275
8991      0.682353
8992      0.678431
8993      0.682353
8994      0.686275
8995      0.690196
8996      0.698039
8997      0.709804
8998      0.705882
8999      0.701961
9000      0.698039
9001      0.698039
9002      0.698039
9003      0.698039
9004      0.701961
9005      0.709804
9006      0.709804
9007      0.698039
9008      0.682353
9009      0.666667
9010      0.658824
9011      0.666667
9012      0.674510
9013      0.686275
9014      0.698039
9015      0.705882
9016      0.713726
9017      0.713726
9018      0.713726
9019      0.721569
9020      0.729412
9021      0.725490
9022      0.725490
9023      0.725490
9024      0.717647
9025      0.705882
9026      0.701961
9027      0.705882
9028      0.709804
9029      0.721569
9030      0.721569
9031      0.721569
9032      0.717647
9033      0.717647
9034      0.717647
9035      0.713726
9036      0.713726
9037      0.690196
9038      0.690196
9039      0.686275
9040      0.686275
9041      0.690196
9042      0.694118
9043      0.701961
9044      0.709804
9045      0.721569
9046      0.717647
9047      0.717647
9048      0.713726
9049      0.705882
9050      0.698039
9051      0.690196
9052      0.686275
9053      0.682353
9054      0.682353
9055      0.682353
9056      0.690196
9057      0.701961
9058      0.717647
9059      0.733333
9060      0.745098
9061      0.729412
9062      0.721569
9063      0.713726
9064      0.709804
9065      0.705882
9066      0.713726
9067      0.721569
9068      0.725490
9069      0.729412
9070      0.725490
9071      0.725490
9072      0.721569
9073      0.717647
9074      0.713726
9075      0.709804
9076      0.709804
9077      0.717647
9078      0.721569
9079      0.725490
9080      0.678431
9081      0.678431
9082      0.678431
9083      0.678431
9084      0.670588
9085      0.662745
9086      0.654902
9087      0.647059
9088      0.611765
9089      0.619608
9090      0.635294
9091      0.650980
9092      0.666667
9093      0.682353
9094      0.690196
9095      0.694118
9096      0.686275
9097      0.694118
9098      0.701961
9099      0.701961
9100      0.690196
9101      0.678431
9102      0.670588
9103      0.666667
9104      0.674510
9105      0.678431
9106      0.678431
9107      0.674510
9108      0.666667
9109      0.654902
9110      0.647059
9111      0.639216
9112      0.623529
9113      0.627451
9114      0.635294
9115      0.647059
9116      0.654902
9117      0.662745
9118      0.666667
9119      0.666667
9120      0.650980
9121      0.650980
9122      0.650980
9123      0.650980
9124      0.654902
9125      0.670588
9126      0.690196
9127      0.709804
9128      0.690196
9129      0.694118
9130      0.694118
9131      0.694118
9132      0.690196
9133      0.686275
9134      0.678431
9135      0.678431
9136      0.662745
9137      0.678431
9138      0.694118
9139      0.686275
9140      0.662745
9141      0.647059
9142      0.650980
9143      0.658824
9144      0.662745
9145      0.666667
9146      0.670588
9147      0.666667
9148      0.658824
9149      0.654902
9150      0.658824
9151      0.662745
9152      0.678431
9153      0.686275
9154      0.690196
9155      0.690196
9156      0.686275
9157      0.686275
9158      0.690196
9159      0.698039
9160      0.705882
9161      0.709804
9162      0.709804
9163      0.709804
9164      0.709804
9165      0.709804
9166      0.713726
9167      0.713726
9168      0.698039
9169      0.698039
9170      0.698039
9171      0.698039
9172      0.701961
9173      0.705882
9174      0.709804
9175      0.709804
9176      0.725490
9177      0.721569
9178      0.717647
9179      0.713726
9180      0.705882
9181      0.701961
9182      0.694118
9183      0.694118
9184      0.690196
9185      0.690196
9186      0.690196
9187      0.694118
9188      0.694118
9189      0.698039
9190      0.698039
9191      0.701961
9192      0.701961
9193      0.698039
9194      0.690196
9195      0.686275
9196      0.682353
9197      0.686275
9198      0.690196
9199      0.690196
9200      0.682353
9201      0.686275
9202      0.690196
9203      0.694118
9204      0.698039
9205      0.698039
9206      0.698039
9207      0.694118
9208      0.713726
9209      0.717647
9210      0.717647
9211      0.717647
9212      0.709804
9213      0.698039
9214      0.690196
9215      0.682353
9216      0.682353
9217      0.678431
9218      0.674510
9219      0.670588
9220      0.670588
9221      0.678431
9222      0.682353
9223      0.686275
9224      0.698039
9225      0.694118
9226      0.694118
9227      0.698039
9228      0.705882
9229      0.709804
9230      0.709804
9231      0.705882
9232      0.701961
9233      0.698039
9234      0.686275
9235      0.678431
9236      0.674510
9237      0.670588
9238      0.674510
9239      0.674510
9240      0.690196
9241      0.698039
9242      0.709804
9243      0.721569
9244      0.725490
9245      0.725490
9246      0.721569
9247      0.717647
9248      0.733333
9249      0.733333
9250      0.725490
9251      0.709804
9252      0.694118
9253      0.694118
9254      0.705882
9255      0.721569
9256      0.733333
9257      0.729412
9258      0.725490
9259      0.729412
9260      0.733333
9261      0.729412
9262      0.721569
9263      0.713726
9264      0.698039
9265      0.686275
9266      0.674510
9267      0.674510
9268      0.682353
9269      0.694118
9270      0.701961
9271      0.705882
9272      0.701961
9273      0.698039
9274      0.698039
9275      0.701961
9276      0.709804
9277      0.709804
9278      0.701961
9279      0.694118
9280      0.698039
9281      0.690196
9282      0.682353
9283      0.686275
9284      0.698039
9285      0.713726
9286      0.721569
9287      0.721569
9288      0.717647
9289      0.713726
9290      0.701961
9291      0.690196
9292      0.686275
9293      0.698039
9294      0.721569
9295      0.737255
9296      0.745098
9297      0.737255
9298      0.737255
9299      0.737255
9300      0.741176
9301      0.741176
9302      0.733333
9303      0.721569
9304      0.709804
9305      0.713726
9306      0.713726
9307      0.674510
9308      0.674510
9309      0.670588
9310      0.662745
9311      0.650980
9312      0.631373
9313      0.615686
9314      0.603922
9315      0.600000
9316      0.607843
9317      0.627451
9318      0.647059
9319      0.666667
9320      0.678431
9321      0.686275
9322      0.690196
9323      0.686275
9324      0.698039
9325      0.705882
9326      0.701961
9327      0.690196
9328      0.674510
9329      0.666667
9330      0.666667
9331      0.670588
9332      0.670588
9333      0.666667
9334      0.662745
9335      0.654902
9336      0.650980
9337      0.643137
9338      0.639216
9339      0.627451
9340      0.631373
9341      0.639216
9342      0.647059
9343      0.650980
9344      0.650980
9345      0.654902
9346      0.654902
9347      0.658824
9348      0.654902
9349      0.647059
9350      0.650980
9351      0.658824
9352      0.674510
9353      0.690196
9354      0.701961
9355      0.694118
9356      0.694118
9357      0.694118
9358      0.690196
9359      0.686275
9360      0.682353
9361      0.674510
9362      0.674510
9363      0.666667
9364      0.678431
9365      0.690196
9366      0.678431
9367      0.658824
9368      0.647059
9369      0.650980
9370      0.662745
9371      0.666667
9372      0.670588
9373      0.674510
9374      0.670588
9375      0.662745
9376      0.654902
9377      0.658824
9378      0.662745
9379      0.666667
9380      0.670588
9381      0.678431
9382      0.678431
9383      0.678431
9384      0.682353
9385      0.690196
9386      0.698039
9387      0.705882
9388      0.705882
9389      0.705882
9390      0.705882
9391      0.709804
9392      0.709804
9393      0.709804
9394      0.713726
9395      0.701961
9396      0.701961
9397      0.698039
9398      0.698039
9399      0.698039
9400      0.701961
9401      0.705882
9402      0.705882
9403      0.721569
9404      0.721569
9405      0.717647
9406      0.713726
9407      0.709804
9408      0.705882
9409      0.701961
9410      0.698039
9411      0.690196
9412      0.690196
9413      0.690196
9414      0.694118
9415      0.694118
9416      0.694118
9417      0.698039
9418      0.698039
9419      0.701961
9420      0.698039
9421      0.690196
9422      0.686275
9423      0.682353
9424      0.682353
9425      0.686275
9426      0.690196
9427      0.682353
9428      0.682353
9429      0.686275
9430      0.690196
9431      0.694118
9432      0.698039
9433      0.698039
9434      0.701961
9435      0.717647
9436      0.713726
9437      0.709804
9438      0.705882
9439      0.698039
9440      0.690196
9441      0.686275
9442      0.682353
9443      0.686275
9444      0.682353
9445      0.678431
9446      0.674510
9447      0.674510
9448      0.674510
9449      0.682353
9450      0.686275
9451      0.698039
9452      0.694118
9453      0.690196
9454      0.694118
9455      0.705882
9456      0.713726
9457      0.709804
9458      0.709804
9459      0.705882
9460      0.701961
9461      0.690196
9462      0.682353
9463      0.678431
9464      0.678431
9465      0.678431
9466      0.682353
9467      0.698039
9468      0.705882
9469      0.713726
9470      0.725490
9471      0.729412
9472      0.729412
9473      0.725490
9474      0.721569
9475      0.721569
9476      0.721569
9477      0.717647
9478      0.701961
9479      0.686275
9480      0.686275
9481      0.698039
9482      0.709804
9483      0.721569
9484      0.721569
9485      0.725490
9486      0.733333
9487      0.737255
9488      0.729412
9489      0.713726
9490      0.698039
9491      0.678431
9492      0.674510
9493      0.674510
9494      0.682353
9495      0.694118
9496      0.705882
9497      0.705882
9498      0.705882
9499      0.701961
9500      0.694118
9501      0.694118
9502      0.698039
9503      0.701961
9504      0.705882
9505      0.701961
9506      0.698039
9507      0.698039
9508      0.690196
9509      0.686275
9510      0.686275
9511      0.701961
9512      0.713726
9513      0.721569
9514      0.721569
9515      0.721569
9516      0.717647
9517      0.709804
9518      0.698039
9519      0.694118
9520      0.705882
9521      0.725490
9522      0.741176
9523      0.745098
9524      0.737255
9525      0.733333
9526      0.733333
9527      0.737255
9528      0.737255
9529      0.733333
9530      0.725490
9531      0.713726
9532      0.713726
9533      0.717647
9534      0.674510
9535      0.674510
9536      0.670588
9537      0.654902
9538      0.631373
9539      0.603922
9540      0.576471
9541      0.560784
9542      0.580392
9543      0.592157
9544      0.615686
9545      0.639216
9546      0.658824
9547      0.674510
9548      0.678431
9549      0.682353
9550      0.690196
9551      0.698039
9552      0.705882
9553      0.701961
9554      0.690196
9555      0.674510
9556      0.666667
9557      0.662745
9558      0.662745
9559      0.654902
9560      0.650980
9561      0.643137
9562      0.639216
9563      0.639216
9564      0.639216
9565      0.643137
9566      0.635294
9567      0.635294
9568      0.639216
9569      0.643137
9570      0.643137
9571      0.643137
9572      0.639216
9573      0.639216
9574      0.662745
9575      0.650980
9576      0.639216
9577      0.647059
9578      0.666667
9579      0.686275
9580      0.694118
9581      0.694118
9582      0.694118
9583      0.694118
9584      0.690196
9585      0.686275
9586      0.682353
9587      0.674510
9588      0.666667
9589      0.662745
9590      0.670588
9591      0.678431
9592      0.678431
9593      0.670588
9594      0.650980
9595      0.647059
9596      0.654902
9597      0.662745
9598      0.670588
9599      0.674510
9600      0.678431
9601      0.670588
9602      0.658824
9603      0.654902
9604      0.654902
9605      0.658824
9606      0.650980
9607      0.658824
9608      0.662745
9609      0.666667
9610      0.666667
9611      0.670588
9612      0.682353
9613      0.690196
9614      0.701961
9615      0.701961
9616      0.701961
9617      0.705882
9618      0.705882
9619      0.705882
9620      0.709804
9621      0.709804
9622      0.705882
9623      0.701961
9624      0.701961
9625      0.698039
9626      0.698039
9627      0.698039
9628      0.698039
9629      0.701961
9630      0.717647
9631      0.717647
9632      0.717647
9633      0.717647
9634      0.717647
9635      0.713726
9636      0.709804
9637      0.709804
9638      0.686275
9639      0.686275
9640      0.690196
9641      0.690196
9642      0.690196
9643      0.694118
9644      0.694118
9645      0.694118
9646      0.705882
9647      0.698039
9648      0.690196
9649      0.682353
9650      0.682353
9651      0.682353
9652      0.682353
9653      0.686275
9654      0.682353
9655      0.682353
9656      0.686275
9657      0.690196
9658      0.694118
9659      0.701961
9660      0.709804
9661      0.713726
9662      0.721569
9663      0.713726
9664      0.701961
9665      0.694118
9666      0.686275
9667      0.686275
9668      0.690196
9669      0.694118
9670      0.698039
9671      0.694118
9672      0.686275
9673      0.678431
9674      0.674510
9675      0.674510
9676      0.678431
9677      0.682353
9678      0.694118
9679      0.686275
9680      0.686275
9681      0.690196
9682      0.701961
9683      0.713726
9684      0.713726
9685      0.713726
9686      0.709804
9687      0.705882
9688      0.694118
9689      0.686275
9690      0.682353
9691      0.682353
9692      0.686275
9693      0.686275
9694      0.705882
9695      0.709804
9696      0.721569
9697      0.729412
9698      0.733333
9699      0.733333
9700      0.733333
9701      0.729412
9702      0.713726
9703      0.709804
9704      0.705882
9705      0.690196
9706      0.682353
9707      0.682353
9708      0.690196
9709      0.698039
9710      0.713726
9711      0.717647
9712      0.721569
9713      0.733333
9714      0.733333
9715      0.725490
9716      0.701961
9717      0.686275
9718      0.666667
9719      0.666667
9720      0.674510
9721      0.690196
9722      0.705882
9723      0.713726
9724      0.713726
9725      0.705882
9726      0.705882
9727      0.698039
9728      0.690196
9729      0.694118
9730      0.701961
9731      0.709804
9732      0.709804
9733      0.705882
9734      0.701961
9735      0.694118
9736      0.686275
9737      0.690196
9738      0.705882
9739      0.717647
9740      0.721569
9741      0.725490
9742      0.733333
9743      0.729412
9744      0.721569
9745      0.709804
9746      0.705882
9747      0.713726
9748      0.729412
9749      0.749020
9750      0.749020
9751      0.741176
9752      0.729412
9753      0.725490
9754      0.729412
9755      0.737255
9756      0.733333
9757      0.733333
9758      0.709804
9759      0.713726
9760      0.717647
9761      0.682353
9762      0.678431
9763      0.674510
9764      0.658824
9765      0.631373
9766      0.600000
9767      0.572549
9768      0.552941
9769      0.564706
9770      0.580392
9771      0.603922
9772      0.627451
9773      0.650980
9774      0.662745
9775      0.666667
9776      0.670588
9777      0.690196
9778      0.698039
9779      0.705882
9780      0.701961
9781      0.690196
9782      0.674510
9783      0.666667
9784      0.662745
9785      0.654902
9786      0.647059
9787      0.635294
9788      0.627451
9789      0.623529
9790      0.627451
9791      0.635294
9792      0.643137
9793      0.631373
9794      0.631373
9795      0.635294
9796      0.639216
9797      0.639216
9798      0.639216
9799      0.635294
9800      0.635294
9801      0.654902
9802      0.639216
9803      0.627451
9804      0.643137
9805      0.674510
9806      0.698039
9807      0.701961
9808      0.694118
9809      0.686275
9810      0.686275
9811      0.682353
9812      0.678431
9813      0.674510
9814      0.666667
9815      0.658824
9816      0.654902
9817      0.666667
9818      0.670588
9819      0.666667
9820      0.654902
9821      0.643137
9822      0.639216
9823      0.650980
9824      0.658824
9825      0.666667
9826      0.670588
9827      0.674510
9828      0.666667
9829      0.654902
9830      0.647059
9831      0.650980
9832      0.654902
9833      0.650980
9834      0.654902
9835      0.654902
9836      0.654902
9837      0.650980
9838      0.654902
9839      0.662745
9840      0.674510
9841      0.694118
9842      0.694118
9843      0.698039
9844      0.698039
9845      0.701961
9846      0.705882
9847      0.705882
9848      0.705882
9849      0.709804
9850      0.705882
9851      0.701961
9852      0.698039
9853      0.694118
9854      0.694118
9855      0.694118
9856      0.694118
9857      0.713726
9858      0.713726
9859      0.721569
9860      0.721569
9861      0.725490
9862      0.721569
9863      0.717647
9864      0.713726
9865      0.686275
9866      0.686275
9867      0.686275
9868      0.686275
9869      0.686275
9870      0.690196
9871      0.690196
9872      0.690196
9873      0.701961
9874      0.698039
9875      0.690196
9876      0.682353
9877      0.678431
9878      0.678431
9879      0.682353
9880      0.686275
9881      0.694118
9882      0.694118
9883      0.694118
9884      0.698039
9885      0.705882
9886      0.713726
9887      0.725490
9888      0.729412
9889      0.733333
9890      0.721569
9891      0.705882
9892      0.694118
9893      0.690196
9894      0.694118
9895      0.705882
9896      0.709804
9897      0.709804
9898      0.705882
9899      0.694118
9900      0.686275
9901      0.678431
9902      0.674510
9903      0.678431
9904      0.678431
9905      0.686275
9906      0.682353
9907      0.678431
9908      0.686275
9909      0.701961
9910      0.713726
9911      0.721569
9912      0.721569
9913      0.709804
9914      0.701961
9915      0.694118
9916      0.690196
9917      0.686275
9918      0.686275
9919      0.686275
9920      0.690196
9921      0.705882
9922      0.709804
9923      0.717647
9924      0.725490
9925      0.729412
9926      0.733333
9927      0.733333
9928      0.729412
9929      0.713726
9930      0.709804
9931      0.701961
9932      0.690196
9933      0.686275
9934      0.686275
9935      0.690196
9936      0.698039
9937      0.717647
9938      0.713726
9939      0.713726
9940      0.717647
9941      0.721569
9942      0.713726
9943      0.701961
9944      0.690196
9945      0.678431
9946      0.678431
9947      0.682353
9948      0.694118
9949      0.705882
9950      0.713726
9951      0.713726
9952      0.709804
9953      0.717647
9954      0.709804
9955      0.701961
9956      0.701961
9957      0.709804
9958      0.717647
9959      0.717647
9960      0.713726
9961      0.701961
9962      0.694118
9963      0.690196
9964      0.698039
9965      0.709804
9966      0.721569
9967      0.725490
9968      0.725490
9969      0.737255
9970      0.737255
9971      0.729412
9972      0.717647
9973      0.713726
9974      0.717647
9975      0.737255
9976      0.749020
9977      0.756863
9978      0.741176
9979      0.729412
9980      0.721569
9981      0.725490
9982      0.733333
9983      0.733333
9984      0.733333
9985      0.709804
9986      0.709804
9987      0.717647
9988      0.674510
9989      0.670588
9990      0.666667
9991      0.650980
9992      0.631373
9993      0.603922
9994      0.580392
9995      0.564706
9996      0.564706
9997      0.576471
9998      0.596078
9999      0.619608
10000     0.635294
10001     0.647059
10002     0.654902
10003     0.654902
10004     0.682353
10005     0.694118
10006     0.701961
10007     0.701961
10008     0.690196
10009     0.678431
10010     0.670588
10011     0.670588
10012     0.650980
10013     0.643137
10014     0.627451
10015     0.619608
10016     0.615686
10017     0.623529
10018     0.631373
10019     0.639216
10020     0.623529
10021     0.627451
10022     0.631373
10023     0.635294
10024     0.639216
10025     0.639216
10026     0.639216
10027     0.639216
10028     0.639216
10029     0.623529
10030     0.619608
10031     0.639216
10032     0.674510
10033     0.698039
10034     0.701961
10035     0.694118
10036     0.674510
10037     0.674510
10038     0.674510
10039     0.670588
10040     0.666667
10041     0.658824
10042     0.654902
10043     0.650980
10044     0.662745
10045     0.658824
10046     0.654902
10047     0.647059
10048     0.639216
10049     0.639216
10050     0.647059
10051     0.654902
10052     0.658824
10053     0.662745
10054     0.666667
10055     0.658824
10056     0.650980
10057     0.643137
10058     0.647059
10059     0.650980
10060     0.658824
10061     0.662745
10062     0.654902
10063     0.647059
10064     0.639216
10065     0.639216
10066     0.647059
10067     0.654902
10068     0.686275
10069     0.686275
10070     0.690196
10071     0.694118
10072     0.698039
10073     0.701961
10074     0.701961
10075     0.705882
10076     0.705882
10077     0.701961
10078     0.698039
10079     0.694118
10080     0.694118
10081     0.694118
10082     0.694118
10083     0.694118
10084     0.705882
10085     0.713726
10086     0.721569
10087     0.725490
10088     0.725490
10089     0.721569
10090     0.717647
10091     0.713726
10092     0.686275
10093     0.686275
10094     0.686275
10095     0.686275
10096     0.686275
10097     0.682353
10098     0.682353
10099     0.682353
10100     0.694118
10101     0.690196
10102     0.686275
10103     0.678431
10104     0.678431
10105     0.682353
10106     0.686275
10107     0.686275
10108     0.705882
10109     0.705882
10110     0.709804
10111     0.713726
10112     0.721569
10113     0.729412
10114     0.737255
10115     0.741176
10116     0.741176
10117     0.733333
10118     0.721569
10119     0.713726
10120     0.713726
10121     0.721569
10122     0.729412
10123     0.737255
10124     0.725490
10125     0.717647
10126     0.705882
10127     0.690196
10128     0.682353
10129     0.674510
10130     0.674510
10131     0.674510
10132     0.682353
10133     0.674510
10134     0.674510
10135     0.682353
10136     0.698039
10137     0.713726
10138     0.725490
10139     0.729412
10140     0.705882
10141     0.701961
10142     0.694118
10143     0.690196
10144     0.686275
10145     0.686275
10146     0.690196
10147     0.694118
10148     0.705882
10149     0.709804
10150     0.713726
10151     0.717647
10152     0.725490
10153     0.729412
10154     0.729412
10155     0.729412
10156     0.717647
10157     0.713726
10158     0.705882
10159     0.701961
10160     0.698039
10161     0.701961
10162     0.701961
10163     0.701961
10164     0.725490
10165     0.713726
10166     0.701961
10167     0.698039
10168     0.701961
10169     0.705882
10170     0.709804
10171     0.705882
10172     0.705882
10173     0.698039
10174     0.690196
10175     0.690196
10176     0.701961
10177     0.713726
10178     0.721569
10179     0.721569
10180     0.733333
10181     0.725490
10182     0.717647
10183     0.717647
10184     0.725490
10185     0.729412
10186     0.725490
10187     0.721569
10188     0.701961
10189     0.698039
10190     0.694118
10191     0.701961
10192     0.717647
10193     0.725490
10194     0.725490
10195     0.725490
10196     0.741176
10197     0.737255
10198     0.733333
10199     0.721569
10200     0.717647
10201     0.721569
10202     0.733333
10203     0.745098
10204     0.756863
10205     0.741176
10206     0.725490
10207     0.717647
10208     0.717647
10209     0.721569
10210     0.721569
10211     0.721569
10212     0.705882
10213     0.709804
10214     0.717647
10215     0.658824
10216     0.654902
10217     0.647059
10218     0.635294
10219     0.619608
10220     0.603922
10221     0.588235
10222     0.576471
10223     0.576471
10224     0.584314
10225     0.596078
10226     0.607843
10227     0.619608
10228     0.631373
10229     0.639216
10230     0.643137
10231     0.674510
10232     0.686275
10233     0.698039
10234     0.698039
10235     0.690196
10236     0.682353
10237     0.678431
10238     0.678431
10239     0.654902
10240     0.647059
10241     0.631373
10242     0.623529
10243     0.619608
10244     0.623529
10245     0.631373
10246     0.635294
10247     0.627451
10248     0.627451
10249     0.631373
10250     0.635294
10251     0.639216
10252     0.639216
10253     0.639216
10254     0.639216
10255     0.631373
10256     0.623529
10257     0.623529
10258     0.639216
10259     0.662745
10260     0.682353
10261     0.686275
10262     0.682353
10263     0.670588
10264     0.674510
10265     0.674510
10266     0.670588
10267     0.670588
10268     0.666667
10269     0.658824
10270     0.658824
10271     0.662745
10272     0.658824
10273     0.654902
10274     0.650980
10275     0.650980
10276     0.650980
10277     0.650980
10278     0.650980
10279     0.654902
10280     0.658824
10281     0.662745
10282     0.658824
10283     0.650980
10284     0.647059
10285     0.650980
10286     0.658824
10287     0.670588
10288     0.666667
10289     0.658824
10290     0.647059
10291     0.635294
10292     0.631373
10293     0.639216
10294     0.650980
10295     0.678431
10296     0.682353
10297     0.686275
10298     0.690196
10299     0.694118
10300     0.698039
10301     0.701961
10302     0.701961
10303     0.701961
10304     0.698039
10305     0.694118
10306     0.694118
10307     0.690196
10308     0.694118
10309     0.694118
10310     0.698039
10311     0.705882
10312     0.709804
10313     0.717647
10314     0.725490
10315     0.725490
10316     0.721569
10317     0.713726
10318     0.705882
10319     0.686275
10320     0.686275
10321     0.682353
10322     0.682353
10323     0.682353
10324     0.678431
10325     0.678431
10326     0.678431
10327     0.686275
10328     0.682353
10329     0.678431
10330     0.678431
10331     0.678431
10332     0.682353
10333     0.690196
10334     0.694118
10335     0.713726
10336     0.717647
10337     0.725490
10338     0.733333
10339     0.741176
10340     0.741176
10341     0.745098
10342     0.745098
10343     0.737255
10344     0.737255
10345     0.737255
10346     0.741176
10347     0.745098
10348     0.749020
10349     0.752941
10350     0.756863
10351     0.737255
10352     0.729412
10353     0.713726
10354     0.698039
10355     0.682353
10356     0.674510
10357     0.670588
10358     0.670588
10359     0.674510
10360     0.670588
10361     0.666667
10362     0.674510
10363     0.694118
10364     0.717647
10365     0.729412
10366     0.733333
10367     0.713726
10368     0.705882
10369     0.701961
10370     0.694118
10371     0.694118
10372     0.694118
10373     0.698039
10374     0.701961
10375     0.705882
10376     0.709804
10377     0.713726
10378     0.717647
10379     0.721569
10380     0.725490
10381     0.729412
10382     0.733333
10383     0.729412
10384     0.721569
10385     0.713726
10386     0.709804
10387     0.713726
10388     0.717647
10389     0.713726
10390     0.709804
10391     0.725490
10392     0.709804
10393     0.694118
10394     0.686275
10395     0.694118
10396     0.709804
10397     0.717647
10398     0.721569
10399     0.725490
10400     0.713726
10401     0.701961
10402     0.698039
10403     0.705882
10404     0.721569
10405     0.729412
10406     0.733333
10407     0.741176
10408     0.737255
10409     0.733333
10410     0.737255
10411     0.741176
10412     0.737255
10413     0.725490
10414     0.717647
10415     0.701961
10416     0.698039
10417     0.698039
10418     0.709804
10419     0.721569
10420     0.729412
10421     0.729412
10422     0.725490
10423     0.737255
10424     0.733333
10425     0.729412
10426     0.721569
10427     0.713726
10428     0.717647
10429     0.729412
10430     0.737255
10431     0.745098
10432     0.733333
10433     0.717647
10434     0.705882
10435     0.705882
10436     0.701961
10437     0.694118
10438     0.690196
10439     0.690196
10440     0.694118
10441     0.701961
10442     0.654902
10443     0.647059
10444     0.639216
10445     0.627451
10446     0.615686
10447     0.603922
10448     0.596078
10449     0.592157
10450     0.596078
10451     0.596078
10452     0.596078
10453     0.600000
10454     0.607843
10455     0.615686
10456     0.623529
10457     0.631373
10458     0.666667
10459     0.678431
10460     0.694118
10461     0.698039
10462     0.694118
10463     0.686275
10464     0.686275
10465     0.686275
10466     0.658824
10467     0.650980
10468     0.643137
10469     0.631373
10470     0.623529
10471     0.623529
10472     0.627451
10473     0.631373
10474     0.639216
10475     0.639216
10476     0.639216
10477     0.643137
10478     0.639216
10479     0.635294
10480     0.631373
10481     0.631373
10482     0.631373
10483     0.631373
10484     0.635294
10485     0.643137
10486     0.650980
10487     0.654902
10488     0.662745
10489     0.662745
10490     0.674510
10491     0.678431
10492     0.678431
10493     0.682353
10494     0.682353
10495     0.678431
10496     0.674510
10497     0.674510
10498     0.666667
10499     0.666667
10500     0.666667
10501     0.666667
10502     0.670588
10503     0.666667
10504     0.662745
10505     0.658824
10506     0.654902
10507     0.662745
10508     0.666667
10509     0.666667
10510     0.662745
10511     0.658824
10512     0.666667
10513     0.670588
10514     0.670588
10515     0.666667
10516     0.658824
10517     0.647059
10518     0.635294
10519     0.635294
10520     0.647059
10521     0.658824
10522     0.674510
10523     0.678431
10524     0.678431
10525     0.686275
10526     0.690196
10527     0.694118
10528     0.698039
10529     0.701961
10530     0.694118
10531     0.694118
10532     0.690196
10533     0.690196
10534     0.690196
10535     0.694118
10536     0.698039
10537     0.701961
10538     0.701961
10539     0.709804
10540     0.717647
10541     0.725490
10542     0.721569
10543     0.713726
10544     0.705882
10545     0.698039
10546     0.682353
10547     0.682353
10548     0.682353
10549     0.678431
10550     0.678431
10551     0.678431
10552     0.674510
10553     0.674510
10554     0.678431
10555     0.674510
10556     0.674510
10557     0.674510
10558     0.678431
10559     0.686275
10560     0.694118
10561     0.701961
10562     0.713726
10563     0.721569
10564     0.733333
10565     0.745098
10566     0.749020
10567     0.745098
10568     0.737255
10569     0.733333
10570     0.725490
10571     0.733333
10572     0.749020
10573     0.764706
10574     0.772549
10575     0.776471
10576     0.772549
10577     0.768627
10578     0.745098
10579     0.737255
10580     0.721569
10581     0.701961
10582     0.686275
10583     0.674510
10584     0.670588
10585     0.666667
10586     0.670588
10587     0.666667
10588     0.662745
10589     0.670588
10590     0.694118
10591     0.717647
10592     0.733333
10593     0.741176
10594     0.721569
10595     0.717647
10596     0.713726
10597     0.705882
10598     0.705882
10599     0.709804
10600     0.713726
10601     0.717647
10602     0.713726
10603     0.713726
10604     0.717647
10605     0.721569
10606     0.725490
10607     0.729412
10608     0.737255
10609     0.737255
10610     0.733333
10611     0.721569
10612     0.713726
10613     0.717647
10614     0.725490
10615     0.725490
10616     0.721569
10617     0.713726
10618     0.713726
10619     0.701961
10620     0.690196
10621     0.690196
10622     0.701961
10623     0.717647
10624     0.725490
10625     0.729412
10626     0.721569
10627     0.713726
10628     0.709804
10629     0.713726
10630     0.725490
10631     0.737255
10632     0.741176
10633     0.741176
10634     0.745098
10635     0.745098
10636     0.745098
10637     0.749020
10638     0.745098
10639     0.737255
10640     0.717647
10641     0.701961
10642     0.701961
10643     0.701961
10644     0.701961
10645     0.713726
10646     0.725490
10647     0.733333
10648     0.729412
10649     0.725490
10650     0.729412
10651     0.729412
10652     0.725490
10653     0.717647
10654     0.709804
10655     0.709804
10656     0.717647
10657     0.729412
10658     0.725490
10659     0.717647
10660     0.701961
10661     0.690196
10662     0.686275
10663     0.674510
10664     0.662745
10665     0.650980
10666     0.647059
10667     0.650980
10668     0.654902
10669     0.662745
10670     0.654902
10671     0.643137
10672     0.627451
10673     0.615686
10674     0.607843
10675     0.607843
10676     0.603922
10677     0.611765
10678     0.603922
10679     0.600000
10680     0.596078
10681     0.600000
10682     0.607843
10683     0.619608
10684     0.623529
10685     0.662745
10686     0.674510
10687     0.690196
10688     0.698039
10689     0.694118
10690     0.690196
10691     0.690196
10692     0.690196
10693     0.662745
10694     0.658824
10695     0.647059
10696     0.639216
10697     0.631373
10698     0.627451
10699     0.627451
10700     0.627451
10701     0.650980
10702     0.650980
10703     0.650980
10704     0.647059
10705     0.639216
10706     0.631373
10707     0.627451
10708     0.623529
10709     0.639216
10710     0.643137
10711     0.647059
10712     0.647059
10713     0.639216
10714     0.635294
10715     0.639216
10716     0.647059
10717     0.682353
10718     0.682353
10719     0.686275
10720     0.690196
10721     0.690196
10722     0.690196
10723     0.690196
10724     0.686275
10725     0.674510
10726     0.674510
10727     0.674510
10728     0.682353
10729     0.682353
10730     0.682353
10731     0.670588
10732     0.662745
10733     0.658824
10734     0.666667
10735     0.670588
10736     0.674510
10737     0.670588
10738     0.670588
10739     0.678431
10740     0.682353
10741     0.666667
10742     0.666667
10743     0.658824
10744     0.647059
10745     0.639216
10746     0.643137
10747     0.654902
10748     0.666667
10749     0.670588
10750     0.674510
10751     0.678431
10752     0.682353
10753     0.690196
10754     0.694118
10755     0.698039
10756     0.698039
10757     0.690196
10758     0.690196
10759     0.690196
10760     0.690196
10761     0.690196
10762     0.698039
10763     0.701961
10764     0.701961
10765     0.701961
10766     0.705882
10767     0.717647
10768     0.721569
10769     0.721569
10770     0.713726
10771     0.701961
10772     0.690196
10773     0.682353
10774     0.682353
10775     0.682353
10776     0.678431
10777     0.678431
10778     0.674510
10779     0.674510
10780     0.670588
10781     0.670588
10782     0.670588
10783     0.670588
10784     0.670588
10785     0.678431
10786     0.690196
10787     0.698039
10788     0.705882
10789     0.713726
10790     0.721569
10791     0.737255
10792     0.749020
10793     0.752941
10794     0.745098
10795     0.733333
10796     0.725490
10797     0.713726
10798     0.729412
10799     0.752941
10800     0.776471
10801     0.788235
10802     0.788235
10803     0.780392
10804     0.772549
10805     0.752941
10806     0.741176
10807     0.725490
10808     0.705882
10809     0.686275
10810     0.674510
10811     0.670588
10812     0.666667
10813     0.670588
10814     0.662745
10815     0.658824
10816     0.670588
10817     0.694118
10818     0.717647
10819     0.737255
10820     0.745098
10821     0.733333
10822     0.729412
10823     0.721569
10824     0.717647
10825     0.717647
10826     0.717647
10827     0.721569
10828     0.725490
10829     0.721569
10830     0.721569
10831     0.721569
10832     0.725490
10833     0.729412
10834     0.737255
10835     0.741176
10836     0.745098
10837     0.733333
10838     0.721569
10839     0.713726
10840     0.717647
10841     0.729412
10842     0.729412
10843     0.721569
10844     0.713726
10845     0.701961
10846     0.694118
10847     0.694118
10848     0.698039
10849     0.713726
10850     0.725490
10851     0.729412
10852     0.725490
10853     0.705882
10854     0.705882
10855     0.713726
10856     0.729412
10857     0.745098
10858     0.752941
10859     0.749020
10860     0.745098
10861     0.745098
10862     0.745098
10863     0.749020
10864     0.752941
10865     0.749020
10866     0.733333
10867     0.709804
10868     0.690196
10869     0.701961
10870     0.701961
10871     0.705882
10872     0.713726
10873     0.725490
10874     0.733333
10875     0.733333
10876     0.725490
10877     0.725490
10878     0.725490
10879     0.721569
10880     0.713726
10881     0.705882
10882     0.705882
10883     0.713726
10884     0.721569
10885     0.713726
10886     0.701961
10887     0.690196
10888     0.678431
10889     0.670588
10890     0.654902
10891     0.639216
10892     0.623529
10893     0.603922
10894     0.603922
10895     0.607843
10896     0.670588
10897     0.662745
10898     0.647059
10899     0.631373
10900     0.619608
10901     0.615686
10902     0.615686
10903     0.619608
10904     0.592157
10905     0.603922
10906     0.607843
10907     0.600000
10908     0.584314
10909     0.584314
10910     0.607843
10911     0.631373
10912     0.686275
10913     0.694118
10914     0.701961
10915     0.705882
10916     0.701961
10917     0.690196
10918     0.678431
10919     0.670588
10920     0.662745
10921     0.654902
10922     0.647059
10923     0.639216
10924     0.635294
10925     0.639216
10926     0.643137
10927     0.647059
10928     0.654902
10929     0.650980
10930     0.650980
10931     0.643137
10932     0.639216
10933     0.635294
10934     0.631373
10935     0.631373
10936     0.635294
10937     0.647059
10938     0.650980
10939     0.639216
10940     0.619608
10941     0.619608
10942     0.639216
10943     0.658824
10944     0.690196
10945     0.690196
10946     0.690196
10947     0.698039
10948     0.705882
10949     0.705882
10950     0.698039
10951     0.686275
10952     0.674510
10953     0.670588
10954     0.666667
10955     0.666667
10956     0.666667
10957     0.670588
10958     0.674510
10959     0.678431
10960     0.682353
10961     0.674510
10962     0.666667
10963     0.674510
10964     0.686275
10965     0.698039
10966     0.701961
10967     0.705882
10968     0.682353
10969     0.666667
10970     0.647059
10971     0.643137
10972     0.654902
10973     0.662745
10974     0.666667
10975     0.662745
10976     0.682353
10977     0.686275
10978     0.690196
10979     0.690196
10980     0.690196
10981     0.690196
10982     0.701961
10983     0.709804
10984     0.686275
10985     0.690196
10986     0.698039
10987     0.701961
10988     0.705882
10989     0.701961
10990     0.698039
10991     0.698039
10992     0.694118
10993     0.701961
10994     0.709804
10995     0.709804
10996     0.705882
10997     0.698039
10998     0.698039
10999     0.698039
11000     0.678431
11001     0.674510
11002     0.670588
11003     0.666667
11004     0.670588
11005     0.674510
11006     0.678431
11007     0.682353
11008     0.678431
11009     0.670588
11010     0.666667
11011     0.674510
11012     0.694118
11013     0.705882
11014     0.701961
11015     0.694118
11016     0.705882
11017     0.713726
11018     0.729412
11019     0.741176
11020     0.741176
11021     0.733333
11022     0.721569
11023     0.713726
11024     0.694118
11025     0.713726
11026     0.745098
11027     0.772549
11028     0.788235
11029     0.784314
11030     0.772549
11031     0.764706
11032     0.749020
11033     0.737255
11034     0.717647
11035     0.694118
11036     0.682353
11037     0.678431
11038     0.678431
11039     0.682353
11040     0.666667
11041     0.658824
11042     0.654902
11043     0.662745
11044     0.686275
11045     0.713726
11046     0.733333
11047     0.745098
11048     0.737255
11049     0.721569
11050     0.713726
11051     0.721569
11052     0.713726
11053     0.701961
11054     0.701961
11055     0.713726
11056     0.705882
11057     0.705882
11058     0.709804
11059     0.717647
11060     0.729412
11061     0.737255
11062     0.733333
11063     0.733333
11064     0.729412
11065     0.729412
11066     0.729412
11067     0.725490
11068     0.725490
11069     0.721569
11070     0.721569
11071     0.721569
11072     0.713726
11073     0.705882
11074     0.698039
11075     0.701961
11076     0.713726
11077     0.725490
11078     0.729412
11079     0.729412
11080     0.694118
11081     0.701961
11082     0.717647
11083     0.733333
11084     0.745098
11085     0.749020
11086     0.749020
11087     0.749020
11088     0.725490
11089     0.729412
11090     0.737255
11091     0.741176
11092     0.737255
11093     0.725490
11094     0.709804
11095     0.701961
11096     0.701961
11097     0.709804
11098     0.717647
11099     0.721569
11100     0.725490
11101     0.725490
11102     0.721569
11103     0.721569
11104     0.705882
11105     0.717647
11106     0.725490
11107     0.721569
11108     0.709804
11109     0.705882
11110     0.713726
11111     0.721569
11112     0.705882
11113     0.686275
11114     0.666667
11115     0.658824
11116     0.662745
11117     0.650980
11118     0.623529
11119     0.600000
11120     0.580392
11121     0.572549
11122     0.564706
11123     0.670588
11124     0.662745
11125     0.650980
11126     0.639216
11127     0.631373
11128     0.623529
11129     0.623529
11130     0.623529
11131     0.600000
11132     0.611765
11133     0.615686
11134     0.607843
11135     0.596078
11136     0.600000
11137     0.623529
11138     0.643137
11139     0.690196
11140     0.694118
11141     0.701961
11142     0.705882
11143     0.698039
11144     0.686275
11145     0.674510
11146     0.666667
11147     0.662745
11148     0.658824
11149     0.650980
11150     0.647059
11151     0.647059
11152     0.650980
11153     0.658824
11154     0.662745
11155     0.658824
11156     0.654902
11157     0.650980
11158     0.643137
11159     0.639216
11160     0.635294
11161     0.631373
11162     0.631373
11163     0.623529
11164     0.635294
11165     0.639216
11166     0.631373
11167     0.619608
11168     0.623529
11169     0.643137
11170     0.666667
11171     0.694118
11172     0.690196
11173     0.694118
11174     0.698039
11175     0.705882
11176     0.705882
11177     0.694118
11178     0.686275
11179     0.666667
11180     0.666667
11181     0.662745
11182     0.662745
11183     0.662745
11184     0.670588
11185     0.674510
11186     0.678431
11187     0.678431
11188     0.674510
11189     0.674510
11190     0.682353
11191     0.694118
11192     0.701961
11193     0.705882
11194     0.701961
11195     0.686275
11196     0.674510
11197     0.662745
11198     0.662745
11199     0.670588
11200     0.678431
11201     0.674510
11202     0.670588
11203     0.690196
11204     0.694118
11205     0.698039
11206     0.698039
11207     0.690196
11208     0.694118
11209     0.701961
11210     0.709804
11211     0.698039
11212     0.698039
11213     0.701961
11214     0.705882
11215     0.705882
11216     0.709804
11217     0.705882
11218     0.705882
11219     0.698039
11220     0.705882
11221     0.713726
11222     0.713726
11223     0.705882
11224     0.698039
11225     0.694118
11226     0.698039
11227     0.678431
11228     0.674510
11229     0.670588
11230     0.666667
11231     0.666667
11232     0.670588
11233     0.678431
11234     0.678431
11235     0.682353
11236     0.678431
11237     0.678431
11238     0.686275
11239     0.694118
11240     0.701961
11241     0.698039
11242     0.698039
11243     0.705882
11244     0.709804
11245     0.713726
11246     0.713726
11247     0.713726
11248     0.705882
11249     0.698039
11250     0.690196
11251     0.698039
11252     0.717647
11253     0.745098
11254     0.772549
11255     0.780392
11256     0.772549
11257     0.756863
11258     0.745098
11259     0.733333
11260     0.725490
11261     0.709804
11262     0.698039
11263     0.690196
11264     0.682353
11265     0.682353
11266     0.686275
11267     0.670588
11268     0.662745
11269     0.654902
11270     0.666667
11271     0.686275
11272     0.713726
11273     0.733333
11274     0.741176
11275     0.733333
11276     0.717647
11277     0.709804
11278     0.713726
11279     0.705882
11280     0.694118
11281     0.690196
11282     0.705882
11283     0.701961
11284     0.705882
11285     0.713726
11286     0.725490
11287     0.733333
11288     0.737255
11289     0.733333
11290     0.729412
11291     0.729412
11292     0.729412
11293     0.729412
11294     0.729412
11295     0.725490
11296     0.725490
11297     0.725490
11298     0.721569
11299     0.721569
11300     0.713726
11301     0.701961
11302     0.701961
11303     0.709804
11304     0.713726
11305     0.713726
11306     0.713726
11307     0.698039
11308     0.705882
11309     0.721569
11310     0.737255
11311     0.745098
11312     0.749020
11313     0.745098
11314     0.745098
11315     0.725490
11316     0.729412
11317     0.737255
11318     0.741176
11319     0.737255
11320     0.725490
11321     0.713726
11322     0.705882
11323     0.701961
11324     0.705882
11325     0.713726
11326     0.721569
11327     0.725490
11328     0.725490
11329     0.721569
11330     0.717647
11331     0.709804
11332     0.717647
11333     0.721569
11334     0.717647
11335     0.705882
11336     0.701961
11337     0.705882
11338     0.713726
11339     0.701961
11340     0.682353
11341     0.658824
11342     0.650980
11343     0.650980
11344     0.639216
11345     0.615686
11346     0.596078
11347     0.560784
11348     0.552941
11349     0.545098
11350     0.662745
11351     0.658824
11352     0.654902
11353     0.647059
11354     0.643137
11355     0.635294
11356     0.631373
11357     0.627451
11358     0.615686
11359     0.623529
11360     0.627451
11361     0.623529
11362     0.615686
11363     0.623529
11364     0.643137
11365     0.662745
11366     0.698039
11367     0.701961
11368     0.701961
11369     0.701961
11370     0.694118
11371     0.682353
11372     0.666667
11373     0.658824
11374     0.662745
11375     0.658824
11376     0.654902
11377     0.654902
11378     0.658824
11379     0.666667
11380     0.674510
11381     0.678431
11382     0.666667
11383     0.662745
11384     0.654902
11385     0.647059
11386     0.639216
11387     0.635294
11388     0.631373
11389     0.631373
11390     0.619608
11391     0.627451
11392     0.631373
11393     0.627451
11394     0.623529
11395     0.627451
11396     0.650980
11397     0.670588
11398     0.694118
11399     0.690196
11400     0.690196
11401     0.698039
11402     0.701961
11403     0.701961
11404     0.690196
11405     0.682353
11406     0.654902
11407     0.654902
11408     0.654902
11409     0.654902
11410     0.658824
11411     0.666667
11412     0.670588
11413     0.674510
11414     0.674510
11415     0.674510
11416     0.678431
11417     0.690196
11418     0.705882
11419     0.709804
11420     0.705882
11421     0.698039
11422     0.690196
11423     0.682353
11424     0.682353
11425     0.686275
11426     0.690196
11427     0.694118
11428     0.686275
11429     0.682353
11430     0.705882
11431     0.709804
11432     0.709804
11433     0.701961
11434     0.694118
11435     0.694118
11436     0.698039
11437     0.705882
11438     0.709804
11439     0.705882
11440     0.705882
11441     0.705882
11442     0.705882
11443     0.709804
11444     0.713726
11445     0.713726
11446     0.705882
11447     0.713726
11448     0.721569
11449     0.717647
11450     0.705882
11451     0.698039
11452     0.694118
11453     0.694118
11454     0.678431
11455     0.674510
11456     0.674510
11457     0.670588
11458     0.670588
11459     0.670588
11460     0.674510
11461     0.674510
11462     0.686275
11463     0.690196
11464     0.698039
11465     0.698039
11466     0.694118
11467     0.694118
11468     0.698039
11469     0.701961
11470     0.705882
11471     0.698039
11472     0.690196
11473     0.678431
11474     0.674510
11475     0.670588
11476     0.666667
11477     0.670588
11478     0.701961
11479     0.721569
11480     0.745098
11481     0.764706
11482     0.768627
11483     0.752941
11484     0.733333
11485     0.717647
11486     0.709804
11487     0.705882
11488     0.701961
11489     0.698039
11490     0.698039
11491     0.694118
11492     0.690196
11493     0.690196
11494     0.674510
11495     0.666667
11496     0.662745
11497     0.670588
11498     0.690196
11499     0.709804
11500     0.725490
11501     0.733333
11502     0.725490
11503     0.709804
11504     0.698039
11505     0.701961
11506     0.694118
11507     0.678431
11508     0.678431
11509     0.690196
11510     0.694118
11511     0.705882
11512     0.717647
11513     0.733333
11514     0.737255
11515     0.737255
11516     0.729412
11517     0.725490
11518     0.721569
11519     0.725490
11520     0.729412
11521     0.729412
11522     0.733333
11523     0.729412
11524     0.729412
11525     0.729412
11526     0.725490
11527     0.717647
11528     0.705882
11529     0.701961
11530     0.701961
11531     0.705882
11532     0.698039
11533     0.694118
11534     0.698039
11535     0.705882
11536     0.721569
11537     0.733333
11538     0.737255
11539     0.741176
11540     0.737255
11541     0.733333
11542     0.721569
11543     0.725490
11544     0.733333
11545     0.737255
11546     0.733333
11547     0.725490
11548     0.713726
11549     0.709804
11550     0.698039
11551     0.701961
11552     0.709804
11553     0.717647
11554     0.721569
11555     0.721569
11556     0.717647
11557     0.713726
11558     0.709804
11559     0.717647
11560     0.721569
11561     0.713726
11562     0.705882
11563     0.698039
11564     0.694118
11565     0.698039
11566     0.694118
11567     0.674510
11568     0.650980
11569     0.635294
11570     0.627451
11571     0.619608
11572     0.600000
11573     0.580392
11574     0.545098
11575     0.533333
11576     0.525490
11577     0.650980
11578     0.650980
11579     0.650980
11580     0.650980
11581     0.647059
11582     0.643137
11583     0.635294
11584     0.631373
11585     0.635294
11586     0.639216
11587     0.643137
11588     0.639216
11589     0.639216
11590     0.647059
11591     0.666667
11592     0.682353
11593     0.705882
11594     0.705882
11595     0.705882
11596     0.698039
11597     0.690196
11598     0.674510
11599     0.662745
11600     0.654902
11601     0.654902
11602     0.654902
11603     0.654902
11604     0.662745
11605     0.666667
11606     0.678431
11607     0.686275
11608     0.694118
11609     0.678431
11610     0.674510
11611     0.662745
11612     0.654902
11613     0.647059
11614     0.639216
11615     0.639216
11616     0.639216
11617     0.635294
11618     0.639216
11619     0.639216
11620     0.635294
11621     0.631373
11622     0.639216
11623     0.654902
11624     0.670588
11625     0.686275
11626     0.682353
11627     0.682353
11628     0.686275
11629     0.690196
11630     0.686275
11631     0.674510
11632     0.666667
11633     0.643137
11634     0.643137
11635     0.647059
11636     0.650980
11637     0.658824
11638     0.662745
11639     0.670588
11640     0.670588
11641     0.670588
11642     0.674510
11643     0.686275
11644     0.701961
11645     0.713726
11646     0.713726
11647     0.705882
11648     0.694118
11649     0.686275
11650     0.690196
11651     0.698039
11652     0.705882
11653     0.709804
11654     0.705882
11655     0.694118
11656     0.686275
11657     0.717647
11658     0.721569
11659     0.721569
11660     0.709804
11661     0.701961
11662     0.694118
11663     0.698039
11664     0.705882
11665     0.713726
11666     0.709804
11667     0.701961
11668     0.698039
11669     0.701961
11670     0.705882
11671     0.709804
11672     0.713726
11673     0.709804
11674     0.717647
11675     0.721569
11676     0.717647
11677     0.705882
11678     0.698039
11679     0.690196
11680     0.690196
11681     0.678431
11682     0.678431
11683     0.678431
11684     0.674510
11685     0.674510
11686     0.674510
11687     0.674510
11688     0.674510
11689     0.690196
11690     0.698039
11691     0.709804
11692     0.701961
11693     0.690196
11694     0.686275
11695     0.694118
11696     0.705882
11697     0.698039
11698     0.686275
11699     0.666667
11700     0.654902
11701     0.647059
11702     0.650980
11703     0.658824
11704     0.666667
11705     0.705882
11706     0.721569
11707     0.741176
11708     0.756863
11709     0.752941
11710     0.733333
11711     0.705882
11712     0.690196
11713     0.686275
11714     0.690196
11715     0.694118
11716     0.701961
11717     0.701961
11718     0.701961
11719     0.698039
11720     0.694118
11721     0.682353
11722     0.674510
11723     0.670588
11724     0.674510
11725     0.690196
11726     0.709804
11727     0.721569
11728     0.725490
11729     0.717647
11730     0.698039
11731     0.686275
11732     0.686275
11733     0.678431
11734     0.662745
11735     0.662745
11736     0.678431
11737     0.690196
11738     0.705882
11739     0.725490
11740     0.737255
11741     0.737255
11742     0.729412
11743     0.721569
11744     0.717647
11745     0.713726
11746     0.717647
11747     0.725490
11748     0.729412
11749     0.733333
11750     0.733333
11751     0.733333
11752     0.733333
11753     0.721569
11754     0.713726
11755     0.705882
11756     0.701961
11757     0.701961
11758     0.698039
11759     0.694118
11760     0.686275
11761     0.694118
11762     0.701961
11763     0.713726
11764     0.721569
11765     0.725490
11766     0.725490
11767     0.721569
11768     0.717647
11769     0.717647
11770     0.721569
11771     0.725490
11772     0.729412
11773     0.729412
11774     0.721569
11775     0.713726
11776     0.709804
11777     0.694118
11778     0.698039
11779     0.705882
11780     0.713726
11781     0.717647
11782     0.713726
11783     0.713726
11784     0.709804
11785     0.713726
11786     0.713726
11787     0.713726
11788     0.709804
11789     0.701961
11790     0.690196
11791     0.682353
11792     0.678431
11793     0.682353
11794     0.662745
11795     0.639216
11796     0.619608
11797     0.607843
11798     0.592157
11799     0.576471
11800     0.560784
11801     0.533333
11802     0.521569
11803     0.513726
11804     0.639216
11805     0.639216
11806     0.643137
11807     0.643137
11808     0.643137
11809     0.643137
11810     0.639216
11811     0.639216
11812     0.650980
11813     0.650980
11814     0.650980
11815     0.650980
11816     0.654902
11817     0.666667
11818     0.682353
11819     0.694118
11820     0.709804
11821     0.705882
11822     0.701961
11823     0.694118
11824     0.686275
11825     0.670588
11826     0.658824
11827     0.650980
11828     0.647059
11829     0.650980
11830     0.654902
11831     0.666667
11832     0.674510
11833     0.686275
11834     0.694118
11835     0.698039
11836     0.694118
11837     0.686275
11838     0.674510
11839     0.662745
11840     0.658824
11841     0.654902
11842     0.658824
11843     0.658824
11844     0.670588
11845     0.666667
11846     0.662745
11847     0.650980
11848     0.647059
11849     0.647059
11850     0.654902
11851     0.662745
11852     0.674510
11853     0.670588
11854     0.670588
11855     0.670588
11856     0.674510
11857     0.670588
11858     0.654902
11859     0.647059
11860     0.635294
11861     0.639216
11862     0.643137
11863     0.650980
11864     0.654902
11865     0.662745
11866     0.662745
11867     0.666667
11868     0.666667
11869     0.674510
11870     0.686275
11871     0.701961
11872     0.713726
11873     0.713726
11874     0.701961
11875     0.690196
11876     0.678431
11877     0.690196
11878     0.705882
11879     0.717647
11880     0.717647
11881     0.709804
11882     0.698039
11883     0.690196
11884     0.725490
11885     0.729412
11886     0.725490
11887     0.713726
11888     0.701961
11889     0.694118
11890     0.698039
11891     0.701961
11892     0.705882
11893     0.701961
11894     0.694118
11895     0.690196
11896     0.690196
11897     0.694118
11898     0.698039
11899     0.701961
11900     0.709804
11901     0.717647
11902     0.721569
11903     0.717647
11904     0.705882
11905     0.694118
11906     0.690196
11907     0.690196
11908     0.682353
11909     0.682353
11910     0.682353
11911     0.682353
11912     0.682353
11913     0.678431
11914     0.674510
11915     0.674510
11916     0.686275
11917     0.698039
11918     0.705882
11919     0.701961
11920     0.686275
11921     0.682353
11922     0.690196
11923     0.698039
11924     0.686275
11925     0.674510
11926     0.658824
11927     0.647059
11928     0.643137
11929     0.654902
11930     0.666667
11931     0.674510
11932     0.701961
11933     0.713726
11934     0.729412
11935     0.737255
11936     0.729412
11937     0.709804
11938     0.686275
11939     0.670588
11940     0.674510
11941     0.678431
11942     0.690196
11943     0.698039
11944     0.701961
11945     0.701961
11946     0.698039
11947     0.698039
11948     0.690196
11949     0.682353
11950     0.678431
11951     0.678431
11952     0.694118
11953     0.705882
11954     0.713726
11955     0.713726
11956     0.705882
11957     0.686275
11958     0.670588
11959     0.670588
11960     0.662745
11961     0.650980
11962     0.654902
11963     0.670588
11964     0.690196
11965     0.709804
11966     0.729412
11967     0.737255
11968     0.729412
11969     0.717647
11970     0.709804
11971     0.705882
11972     0.701961
11973     0.709804
11974     0.717647
11975     0.729412
11976     0.733333
11977     0.737255
11978     0.733333
11979     0.733333
11980     0.713726
11981     0.709804
11982     0.701961
11983     0.701961
11984     0.701961
11985     0.701961
11986     0.690196
11987     0.682353
11988     0.686275
11989     0.690196
11990     0.701961
11991     0.709804
11992     0.713726
11993     0.713726
11994     0.705882
11995     0.701961
11996     0.717647
11997     0.717647
11998     0.721569
11999     0.721569
12000     0.717647
12001     0.713726
12002     0.705882
12003     0.701961
12004     0.690196
12005     0.694118
12006     0.701961
12007     0.709804
12008     0.709804
12009     0.709804
12010     0.705882
12011     0.705882
12012     0.709804
12013     0.709804
12014     0.705882
12015     0.705882
12016     0.698039
12017     0.690196
12018     0.674510
12019     0.666667
12020     0.662745
12021     0.650980
12022     0.627451
12023     0.607843
12024     0.584314
12025     0.564706
12026     0.549020
12027     0.537255
12028     0.513726
12029     0.501961
12030     0.494118
12031     0.631373
12032     0.635294
12033     0.635294
12034     0.639216
12035     0.643137
12036     0.647059
12037     0.647059
12038     0.650980
12039     0.666667
12040     0.662745
12041     0.658824
12042     0.658824
12043     0.666667
12044     0.674510
12045     0.686275
12046     0.698039
12047     0.705882
12048     0.705882
12049     0.698039
12050     0.690196
12051     0.682353
12052     0.670588
12053     0.658824
12054     0.654902
12055     0.647059
12056     0.654902
12057     0.662745
12058     0.670588
12059     0.682353
12060     0.694118
12061     0.701961
12062     0.705882
12063     0.709804
12064     0.701961
12065     0.690196
12066     0.678431
12067     0.674510
12068     0.678431
12069     0.682353
12070     0.686275
12071     0.701961
12072     0.694118
12073     0.678431
12074     0.666667
12075     0.658824
12076     0.654902
12077     0.658824
12078     0.662745
12079     0.670588
12080     0.662745
12081     0.662745
12082     0.662745
12083     0.662745
12084     0.654902
12085     0.643137
12086     0.631373
12087     0.639216
12088     0.643137
12089     0.647059
12090     0.654902
12091     0.658824
12092     0.658824
12093     0.658824
12094     0.658824
12095     0.666667
12096     0.670588
12097     0.682353
12098     0.698039
12099     0.709804
12100     0.713726
12101     0.701961
12102     0.690196
12103     0.678431
12104     0.694118
12105     0.713726
12106     0.721569
12107     0.721569
12108     0.709804
12109     0.701961
12110     0.701961
12111     0.729412
12112     0.729412
12113     0.725490
12114     0.713726
12115     0.701961
12116     0.694118
12117     0.698039
12118     0.701961
12119     0.698039
12120     0.694118
12121     0.690196
12122     0.690196
12123     0.686275
12124     0.686275
12125     0.690196
12126     0.690196
12127     0.701961
12128     0.709804
12129     0.713726
12130     0.713726
12131     0.701961
12132     0.694118
12133     0.690196
12134     0.690196
12135     0.690196
12136     0.690196
12137     0.694118
12138     0.694118
12139     0.690196
12140     0.686275
12141     0.678431
12142     0.678431
12143     0.682353
12144     0.686275
12145     0.690196
12146     0.690196
12147     0.682353
12148     0.678431
12149     0.682353
12150     0.686275
12151     0.674510
12152     0.670588
12153     0.658824
12154     0.654902
12155     0.654902
12156     0.666667
12157     0.678431
12158     0.686275
12159     0.698039
12160     0.705882
12161     0.713726
12162     0.713726
12163     0.709804
12164     0.694118
12165     0.674510
12166     0.662745
12167     0.670588
12168     0.678431
12169     0.686275
12170     0.694118
12171     0.698039
12172     0.698039
12173     0.694118
12174     0.694118
12175     0.698039
12176     0.690196
12177     0.682353
12178     0.686275
12179     0.694118
12180     0.701961
12181     0.705882
12182     0.705882
12183     0.694118
12184     0.674510
12185     0.658824
12186     0.658824
12187     0.654902
12188     0.647059
12189     0.654902
12190     0.670588
12191     0.698039
12192     0.713726
12193     0.729412
12194     0.729412
12195     0.713726
12196     0.698039
12197     0.694118
12198     0.694118
12199     0.686275
12200     0.694118
12201     0.709804
12202     0.725490
12203     0.733333
12204     0.733333
12205     0.733333
12206     0.729412
12207     0.717647
12208     0.709804
12209     0.705882
12210     0.705882
12211     0.705882
12212     0.701961
12213     0.690196
12214     0.678431
12215     0.678431
12216     0.686275
12217     0.694118
12218     0.705882
12219     0.709804
12220     0.709804
12221     0.701961
12222     0.698039
12223     0.717647
12224     0.717647
12225     0.713726
12226     0.713726
12227     0.705882
12228     0.701961
12229     0.694118
12230     0.690196
12231     0.686275
12232     0.690196
12233     0.698039
12234     0.701961
12235     0.705882
12236     0.705882
12237     0.701961
12238     0.701961
12239     0.701961
12240     0.698039
12241     0.698039
12242     0.698039
12243     0.698039
12244     0.686275
12245     0.670588
12246     0.654902
12247     0.643137
12248     0.635294
12249     0.619608
12250     0.596078
12251     0.572549
12252     0.545098
12253     0.521569
12254     0.509804
12255     0.486275
12256     0.478431
12257     0.470588
12258     0.635294
12259     0.635294
12260     0.635294
12261     0.635294
12262     0.643137
12263     0.650980
12264     0.662745
12265     0.666667
12266     0.678431
12267     0.670588
12268     0.662745
12269     0.662745
12270     0.666667
12271     0.678431
12272     0.686275
12273     0.690196
12274     0.705882
12275     0.701961
12276     0.698039
12277     0.690196
12278     0.678431
12279     0.670588
12280     0.662745
12281     0.658824
12282     0.654902
12283     0.662745
12284     0.670588
12285     0.682353
12286     0.694118
12287     0.701961
12288     0.709804
12289     0.713726
12290     0.721569
12291     0.713726
12292     0.701961
12293     0.694118
12294     0.694118
12295     0.698039
12296     0.705882
12297     0.713726
12298     0.713726
12299     0.701961
12300     0.686275
12301     0.670588
12302     0.666667
12303     0.662745
12304     0.662745
12305     0.662745
12306     0.670588
12307     0.662745
12308     0.658824
12309     0.658824
12310     0.658824
12311     0.650980
12312     0.635294
12313     0.623529
12314     0.643137
12315     0.647059
12316     0.650980
12317     0.658824
12318     0.658824
12319     0.658824
12320     0.654902
12321     0.654902
12322     0.666667
12323     0.670588
12324     0.678431
12325     0.690196
12326     0.701961
12327     0.705882
12328     0.698039
12329     0.690196
12330     0.682353
12331     0.701961
12332     0.721569
12333     0.729412
12334     0.721569
12335     0.713726
12336     0.713726
12337     0.713726
12338     0.725490
12339     0.725490
12340     0.725490
12341     0.713726
12342     0.701961
12343     0.694118
12344     0.698039
12345     0.701961
12346     0.690196
12347     0.690196
12348     0.694118
12349     0.690196
12350     0.690196
12351     0.686275
12352     0.682353
12353     0.682353
12354     0.690196
12355     0.698039
12356     0.709804
12357     0.705882
12358     0.698039
12359     0.690196
12360     0.686275
12361     0.690196
12362     0.698039
12363     0.698039
12364     0.701961
12365     0.701961
12366     0.698039
12367     0.690196
12368     0.686275
12369     0.682353
12370     0.678431
12371     0.674510
12372     0.670588
12373     0.674510
12374     0.678431
12375     0.682353
12376     0.678431
12377     0.674510
12378     0.670588
12379     0.670588
12380     0.670588
12381     0.670588
12382     0.670588
12383     0.674510
12384     0.678431
12385     0.682353
12386     0.694118
12387     0.694118
12388     0.698039
12389     0.694118
12390     0.690196
12391     0.682353
12392     0.670588
12393     0.666667
12394     0.678431
12395     0.682353
12396     0.686275
12397     0.690196
12398     0.690196
12399     0.690196
12400     0.690196
12401     0.690196
12402     0.705882
12403     0.698039
12404     0.690196
12405     0.690196
12406     0.698039
12407     0.701961
12408     0.701961
12409     0.698039
12410     0.686275
12411     0.662745
12412     0.650980
12413     0.650980
12414     0.650980
12415     0.647059
12416     0.654902
12417     0.674510
12418     0.705882
12419     0.721569
12420     0.729412
12421     0.721569
12422     0.698039
12423     0.678431
12424     0.678431
12425     0.682353
12426     0.674510
12427     0.686275
12428     0.701961
12429     0.717647
12430     0.729412
12431     0.733333
12432     0.729412
12433     0.729412
12434     0.729412
12435     0.721569
12436     0.713726
12437     0.709804
12438     0.705882
12439     0.698039
12440     0.682353
12441     0.670588
12442     0.678431
12443     0.686275
12444     0.698039
12445     0.705882
12446     0.713726
12447     0.713726
12448     0.709804
12449     0.705882
12450     0.717647
12451     0.713726
12452     0.709804
12453     0.701961
12454     0.694118
12455     0.686275
12456     0.682353
12457     0.678431
12458     0.682353
12459     0.686275
12460     0.694118
12461     0.701961
12462     0.701961
12463     0.701961
12464     0.698039
12465     0.698039
12466     0.694118
12467     0.690196
12468     0.690196
12469     0.694118
12470     0.698039
12471     0.690196
12472     0.670588
12473     0.650980
12474     0.623529
12475     0.623529
12476     0.615686
12477     0.592157
12478     0.560784
12479     0.529412
12480     0.501961
12481     0.486275
12482     0.478431
12483     0.470588
12484     0.462745
12485     0.643137
12486     0.639216
12487     0.635294
12488     0.639216
12489     0.643137
12490     0.658824
12491     0.670588
12492     0.678431
12493     0.682353
12494     0.674510
12495     0.662745
12496     0.662745
12497     0.666667
12498     0.678431
12499     0.686275
12500     0.686275
12501     0.701961
12502     0.698039
12503     0.694118
12504     0.686275
12505     0.678431
12506     0.670588
12507     0.666667
12508     0.662745
12509     0.666667
12510     0.670588
12511     0.682353
12512     0.694118
12513     0.701961
12514     0.709804
12515     0.717647
12516     0.717647
12517     0.729412
12518     0.721569
12519     0.709804
12520     0.701961
12521     0.701961
12522     0.709804
12523     0.721569
12524     0.729412
12525     0.713726
12526     0.698039
12527     0.682353
12528     0.670588
12529     0.666667
12530     0.666667
12531     0.666667
12532     0.666667
12533     0.670588
12534     0.666667
12535     0.662745
12536     0.662745
12537     0.658824
12538     0.650980
12539     0.635294
12540     0.623529
12541     0.647059
12542     0.650980
12543     0.654902
12544     0.662745
12545     0.662745
12546     0.658824
12547     0.654902
12548     0.650980
12549     0.666667
12550     0.666667
12551     0.674510
12552     0.686275
12553     0.698039
12554     0.701961
12555     0.698039
12556     0.690196
12557     0.690196
12558     0.705882
12559     0.725490
12560     0.733333
12561     0.725490
12562     0.717647
12563     0.717647
12564     0.725490
12565     0.721569
12566     0.721569
12567     0.721569
12568     0.713726
12569     0.701961
12570     0.694118
12571     0.698039
12572     0.705882
12573     0.690196
12574     0.690196
12575     0.694118
12576     0.698039
12577     0.694118
12578     0.690196
12579     0.682353
12580     0.678431
12581     0.682353
12582     0.694118
12583     0.701961
12584     0.701961
12585     0.698039
12586     0.690196
12587     0.686275
12588     0.690196
12589     0.701961
12590     0.705882
12591     0.705882
12592     0.705882
12593     0.701961
12594     0.698039
12595     0.686275
12596     0.682353
12597     0.674510
12598     0.662745
12599     0.654902
12600     0.662745
12601     0.674510
12602     0.682353
12603     0.674510
12604     0.662745
12605     0.670588
12606     0.674510
12607     0.678431
12608     0.678431
12609     0.678431
12610     0.678431
12611     0.674510
12612     0.670588
12613     0.690196
12614     0.690196
12615     0.686275
12616     0.682353
12617     0.678431
12618     0.674510
12619     0.670588
12620     0.670588
12621     0.686275
12622     0.686275
12623     0.686275
12624     0.686275
12625     0.686275
12626     0.686275
12627     0.686275
12628     0.686275
12629     0.709804
12630     0.701961
12631     0.694118
12632     0.694118
12633     0.698039
12634     0.701961
12635     0.698039
12636     0.694118
12637     0.682353
12638     0.658824
12639     0.647059
12640     0.647059
12641     0.647059
12642     0.647059
12643     0.658824
12644     0.678431
12645     0.709804
12646     0.721569
12647     0.729412
12648     0.713726
12649     0.686275
12650     0.666667
12651     0.666667
12652     0.678431
12653     0.666667
12654     0.678431
12655     0.698039
12656     0.717647
12657     0.725490
12658     0.729412
12659     0.729412
12660     0.725490
12661     0.741176
12662     0.733333
12663     0.725490
12664     0.717647
12665     0.709804
12666     0.694118
12667     0.674510
12668     0.658824
12669     0.678431
12670     0.686275
12671     0.701961
12672     0.713726
12673     0.717647
12674     0.717647
12675     0.717647
12676     0.713726
12677     0.717647
12678     0.713726
12679     0.705882
12680     0.698039
12681     0.690196
12682     0.678431
12683     0.670588
12684     0.666667
12685     0.678431
12686     0.682353
12687     0.690196
12688     0.698039
12689     0.701961
12690     0.701961
12691     0.698039
12692     0.694118
12693     0.690196
12694     0.686275
12695     0.682353
12696     0.690196
12697     0.698039
12698     0.690196
12699     0.666667
12700     0.650980
12701     0.611765
12702     0.615686
12703     0.611765
12704     0.592157
12705     0.556863
12706     0.521569
12707     0.490196
12708     0.470588
12709     0.482353
12710     0.474510
12711     0.466667
12712     0.631373
12713     0.635294
12714     0.639216
12715     0.650980
12716     0.662745
12717     0.674510
12718     0.686275
12719     0.690196
12720     0.701961
12721     0.686275
12722     0.670588
12723     0.670588
12724     0.686275
12725     0.694118
12726     0.682353
12727     0.666667
12728     0.686275
12729     0.690196
12730     0.690196
12731     0.682353
12732     0.674510
12733     0.670588
12734     0.678431
12735     0.682353
12736     0.686275
12737     0.682353
12738     0.682353
12739     0.682353
12740     0.690196
12741     0.705882
12742     0.717647
12743     0.725490
12744     0.733333
12745     0.725490
12746     0.717647
12747     0.709804
12748     0.705882
12749     0.713726
12750     0.717647
12751     0.725490
12752     0.709804
12753     0.694118
12754     0.674510
12755     0.666667
12756     0.666667
12757     0.674510
12758     0.674510
12759     0.674510
12760     0.670588
12761     0.682353
12762     0.690196
12763     0.678431
12764     0.658824
12765     0.643137
12766     0.639216
12767     0.643137
12768     0.647059
12769     0.647059
12770     0.650980
12771     0.654902
12772     0.654902
12773     0.658824
12774     0.662745
12775     0.662745
12776     0.670588
12777     0.666667
12778     0.662745
12779     0.670588
12780     0.682353
12781     0.690196
12782     0.694118
12783     0.694118
12784     0.701961
12785     0.709804
12786     0.717647
12787     0.725490
12788     0.729412
12789     0.725490
12790     0.717647
12791     0.713726
12792     0.713726
12793     0.713726
12794     0.713726
12795     0.713726
12796     0.705882
12797     0.701961
12798     0.694118
12799     0.690196
12800     0.686275
12801     0.690196
12802     0.698039
12803     0.701961
12804     0.705882
12805     0.701961
12806     0.698039
12807     0.694118
12808     0.678431
12809     0.682353
12810     0.682353
12811     0.686275
12812     0.690196
12813     0.694118
12814     0.698039
12815     0.698039
12816     0.701961
12817     0.705882
12818     0.701961
12819     0.701961
12820     0.698039
12821     0.694118
12822     0.686275
12823     0.682353
12824     0.674510
12825     0.670588
12826     0.666667
12827     0.670588
12828     0.682353
12829     0.686275
12830     0.682353
12831     0.678431
12832     0.670588
12833     0.678431
12834     0.690196
12835     0.698039
12836     0.698039
12837     0.690196
12838     0.682353
12839     0.674510
12840     0.694118
12841     0.690196
12842     0.682353
12843     0.678431
12844     0.674510
12845     0.670588
12846     0.670588
12847     0.670588
12848     0.701961
12849     0.694118
12850     0.682353
12851     0.674510
12852     0.670588
12853     0.678431
12854     0.686275
12855     0.694118
12856     0.698039
12857     0.690196
12858     0.686275
12859     0.690196
12860     0.694118
12861     0.694118
12862     0.690196
12863     0.682353
12864     0.666667
12865     0.643137
12866     0.631373
12867     0.635294
12868     0.635294
12869     0.635294
12870     0.654902
12871     0.678431
12872     0.709804
12873     0.705882
12874     0.701961
12875     0.698039
12876     0.690196
12877     0.686275
12878     0.682353
12879     0.678431
12880     0.674510
12881     0.686275
12882     0.701961
12883     0.709804
12884     0.709804
12885     0.709804
12886     0.709804
12887     0.709804
12888     0.733333
12889     0.733333
12890     0.725490
12891     0.709804
12892     0.690196
12893     0.670588
12894     0.666667
12895     0.666667
12896     0.666667
12897     0.678431
12898     0.701961
12899     0.721569
12900     0.729412
12901     0.729412
12902     0.717647
12903     0.713726
12904     0.709804
12905     0.701961
12906     0.690196
12907     0.678431
12908     0.674510
12909     0.674510
12910     0.678431
12911     0.682353
12912     0.678431
12913     0.682353
12914     0.682353
12915     0.686275
12916     0.686275
12917     0.686275
12918     0.682353
12919     0.682353
12920     0.658824
12921     0.666667
12922     0.662745
12923     0.654902
12924     0.662745
12925     0.678431
12926     0.674510
12927     0.658824
12928     0.611765
12929     0.615686
12930     0.619608
12931     0.600000
12932     0.549020
12933     0.494118
12934     0.478431
12935     0.490196
12936     0.490196
12937     0.482353
12938     0.474510
12939     0.631373
12940     0.635294
12941     0.639216
12942     0.647059
12943     0.662745
12944     0.674510
12945     0.686275
12946     0.694118
12947     0.701961
12948     0.686275
12949     0.670588
12950     0.674510
12951     0.686275
12952     0.694118
12953     0.682353
12954     0.670588
12955     0.686275
12956     0.690196
12957     0.690196
12958     0.682353
12959     0.674510
12960     0.670588
12961     0.674510
12962     0.682353
12963     0.686275
12964     0.686275
12965     0.686275
12966     0.694118
12967     0.701961
12968     0.713726
12969     0.721569
12970     0.729412
12971     0.733333
12972     0.729412
12973     0.721569
12974     0.713726
12975     0.709804
12976     0.709804
12977     0.709804
12978     0.709804
12979     0.698039
12980     0.686275
12981     0.674510
12982     0.670588
12983     0.674510
12984     0.678431
12985     0.678431
12986     0.678431
12987     0.670588
12988     0.678431
12989     0.682353
12990     0.674510
12991     0.662745
12992     0.650980
12993     0.647059
12994     0.643137
12995     0.639216
12996     0.643137
12997     0.647059
12998     0.650980
12999     0.654902
13000     0.658824
13001     0.658824
13002     0.662745
13003     0.662745
13004     0.658824
13005     0.654902
13006     0.662745
13007     0.678431
13008     0.690196
13009     0.690196
13010     0.690196
13011     0.701961
13012     0.705882
13013     0.713726
13014     0.721569
13015     0.721569
13016     0.717647
13017     0.709804
13018     0.705882
13019     0.705882
13020     0.705882
13021     0.701961
13022     0.698039
13023     0.698039
13024     0.694118
13025     0.694118
13026     0.690196
13027     0.690196
13028     0.694118
13029     0.701961
13030     0.705882
13031     0.705882
13032     0.705882
13033     0.701961
13034     0.698039
13035     0.686275
13036     0.686275
13037     0.686275
13038     0.690196
13039     0.694118
13040     0.698039
13041     0.701961
13042     0.701961
13043     0.705882
13044     0.705882
13045     0.705882
13046     0.705882
13047     0.701961
13048     0.698039
13049     0.694118
13050     0.690196
13051     0.674510
13052     0.674510
13053     0.674510
13054     0.682353
13055     0.690196
13056     0.694118
13057     0.694118
13058     0.686275
13059     0.678431
13060     0.682353
13061     0.694118
13062     0.701961
13063     0.701961
13064     0.694118
13065     0.686275
13066     0.678431
13067     0.686275
13068     0.686275
13069     0.678431
13070     0.674510
13071     0.670588
13072     0.670588
13073     0.670588
13074     0.674510
13075     0.694118
13076     0.690196
13077     0.678431
13078     0.674510
13079     0.678431
13080     0.686275
13081     0.698039
13082     0.705882
13083     0.701961
13084     0.694118
13085     0.686275
13086     0.686275
13087     0.690196
13088     0.686275
13089     0.678431
13090     0.670588
13091     0.658824
13092     0.635294
13093     0.623529
13094     0.631373
13095     0.635294
13096     0.639216
13097     0.654902
13098     0.682353
13099     0.713726
13100     0.709804
13101     0.705882
13102     0.698039
13103     0.690196
13104     0.682353
13105     0.678431
13106     0.674510
13107     0.666667
13108     0.682353
13109     0.701961
13110     0.713726
13111     0.713726
13112     0.713726
13113     0.713726
13114     0.717647
13115     0.725490
13116     0.725490
13117     0.721569
13118     0.705882
13119     0.686275
13120     0.670588
13121     0.662745
13122     0.666667
13123     0.662745
13124     0.674510
13125     0.694118
13126     0.713726
13127     0.721569
13128     0.721569
13129     0.713726
13130     0.705882
13131     0.698039
13132     0.694118
13133     0.686275
13134     0.678431
13135     0.674510
13136     0.674510
13137     0.674510
13138     0.678431
13139     0.678431
13140     0.682353
13141     0.686275
13142     0.686275
13143     0.686275
13144     0.678431
13145     0.674510
13146     0.670588
13147     0.654902
13148     0.662745
13149     0.662745
13150     0.658824
13151     0.670588
13152     0.686275
13153     0.686275
13154     0.666667
13155     0.615686
13156     0.611765
13157     0.607843
13158     0.588235
13159     0.541176
13160     0.490196
13161     0.478431
13162     0.490196
13163     0.486275
13164     0.478431
13165     0.470588
13166     0.631373
13167     0.635294
13168     0.639216
13169     0.647059
13170     0.658824
13171     0.674510
13172     0.690196
13173     0.698039
13174     0.701961
13175     0.690196
13176     0.674510
13177     0.678431
13178     0.690196
13179     0.694118
13180     0.686275
13181     0.678431
13182     0.682353
13183     0.686275
13184     0.690196
13185     0.682353
13186     0.674510
13187     0.666667
13188     0.670588
13189     0.674510
13190     0.678431
13191     0.686275
13192     0.694118
13193     0.705882
13194     0.717647
13195     0.725490
13196     0.729412
13197     0.733333
13198     0.733333
13199     0.729412
13200     0.725490
13201     0.717647
13202     0.709804
13203     0.698039
13204     0.690196
13205     0.686275
13206     0.674510
13207     0.666667
13208     0.662745
13209     0.666667
13210     0.678431
13211     0.682353
13212     0.678431
13213     0.674510
13214     0.670588
13215     0.666667
13216     0.666667
13217     0.670588
13218     0.674510
13219     0.666667
13220     0.658824
13221     0.647059
13222     0.635294
13223     0.639216
13224     0.643137
13225     0.647059
13226     0.654902
13227     0.658824
13228     0.662745
13229     0.666667
13230     0.658824
13231     0.650980
13232     0.650980
13233     0.658824
13234     0.674510
13235     0.686275
13236     0.694118
13237     0.690196
13238     0.701961
13239     0.705882
13240     0.713726
13241     0.717647
13242     0.717647
13243     0.709804
13244     0.701961
13245     0.694118
13246     0.698039
13247     0.694118
13248     0.690196
13249     0.686275
13250     0.686275
13251     0.690196
13252     0.694118
13253     0.698039
13254     0.698039
13255     0.701961
13256     0.705882
13257     0.709804
13258     0.709804
13259     0.709804
13260     0.709804
13261     0.705882
13262     0.698039
13263     0.694118
13264     0.694118
13265     0.698039
13266     0.698039
13267     0.701961
13268     0.709804
13269     0.709804
13270     0.713726
13271     0.713726
13272     0.713726
13273     0.713726
13274     0.709804
13275     0.705882
13276     0.701961
13277     0.698039
13278     0.678431
13279     0.678431
13280     0.682353
13281     0.694118
13282     0.705882
13283     0.709804
13284     0.705882
13285     0.698039
13286     0.686275
13287     0.694118
13288     0.701961
13289     0.705882
13290     0.705882
13291     0.701961
13292     0.690196
13293     0.686275
13294     0.678431
13295     0.674510
13296     0.674510
13297     0.670588
13298     0.670588
13299     0.674510
13300     0.674510
13301     0.678431
13302     0.686275
13303     0.682353
13304     0.678431
13305     0.678431
13306     0.682353
13307     0.694118
13308     0.705882
13309     0.713726
13310     0.705882
13311     0.698039
13312     0.690196
13313     0.686275
13314     0.682353
13315     0.674510
13316     0.662745
13317     0.650980
13318     0.643137
13319     0.623529
13320     0.615686
13321     0.627451
13322     0.635294
13323     0.639216
13324     0.658824
13325     0.686275
13326     0.717647
13327     0.713726
13328     0.705882
13329     0.698039
13330     0.690196
13331     0.682353
13332     0.674510
13333     0.670588
13334     0.662745
13335     0.678431
13336     0.701961
13337     0.713726
13338     0.717647
13339     0.713726
13340     0.713726
13341     0.717647
13342     0.713726
13343     0.713726
13344     0.709804
13345     0.698039
13346     0.678431
13347     0.666667
13348     0.662745
13349     0.662745
13350     0.662745
13351     0.670588
13352     0.686275
13353     0.698039
13354     0.705882
13355     0.705882
13356     0.701961
13357     0.701961
13358     0.686275
13359     0.686275
13360     0.686275
13361     0.682353
13362     0.678431
13363     0.678431
13364     0.678431
13365     0.678431
13366     0.678431
13367     0.682353
13368     0.686275
13369     0.686275
13370     0.682353
13371     0.670588
13372     0.662745
13373     0.654902
13374     0.647059
13375     0.658824
13376     0.666667
13377     0.666667
13378     0.682353
13379     0.698039
13380     0.694118
13381     0.678431
13382     0.627451
13383     0.611765
13384     0.596078
13385     0.576471
13386     0.533333
13387     0.490196
13388     0.478431
13389     0.490196
13390     0.486275
13391     0.478431
13392     0.470588
13393     0.631373
13394     0.635294
13395     0.635294
13396     0.643137
13397     0.654902
13398     0.674510
13399     0.690196
13400     0.698039
13401     0.698039
13402     0.690196
13403     0.678431
13404     0.682353
13405     0.690196
13406     0.694118
13407     0.690196
13408     0.682353
13409     0.682353
13410     0.686275
13411     0.690196
13412     0.682353
13413     0.674510
13414     0.666667
13415     0.666667
13416     0.666667
13417     0.674510
13418     0.682353
13419     0.698039
13420     0.713726
13421     0.725490
13422     0.729412
13423     0.729412
13424     0.729412
13425     0.725490
13426     0.725490
13427     0.721569
13428     0.717647
13429     0.701961
13430     0.686275
13431     0.666667
13432     0.658824
13433     0.639216
13434     0.639216
13435     0.643137
13436     0.654902
13437     0.666667
13438     0.674510
13439     0.670588
13440     0.662745
13441     0.666667
13442     0.658824
13443     0.654902
13444     0.666667
13445     0.678431
13446     0.678431
13447     0.666667
13448     0.650980
13449     0.643137
13450     0.643137
13451     0.647059
13452     0.654902
13453     0.658824
13454     0.666667
13455     0.670588
13456     0.674510
13457     0.658824
13458     0.654902
13459     0.654902
13460     0.662745
13461     0.678431
13462     0.694118
13463     0.698039
13464     0.698039
13465     0.705882
13466     0.709804
13467     0.713726
13468     0.717647
13469     0.717647
13470     0.709804
13471     0.698039
13472     0.690196
13473     0.694118
13474     0.690196
13475     0.682353
13476     0.678431
13477     0.682353
13478     0.690196
13479     0.698039
13480     0.705882
13481     0.705882
13482     0.709804
13483     0.709804
13484     0.713726
13485     0.713726
13486     0.713726
13487     0.713726
13488     0.713726
13489     0.705882
13490     0.705882
13491     0.701961
13492     0.701961
13493     0.701961
13494     0.709804
13495     0.713726
13496     0.717647
13497     0.717647
13498     0.717647
13499     0.721569
13500     0.721569
13501     0.717647
13502     0.713726
13503     0.709804
13504     0.705882
13505     0.682353
13506     0.686275
13507     0.690196
13508     0.705882
13509     0.717647
13510     0.725490
13511     0.717647
13512     0.709804
13513     0.698039
13514     0.701961
13515     0.709804
13516     0.713726
13517     0.709804
13518     0.705882
13519     0.698039
13520     0.694118
13521     0.670588
13522     0.670588
13523     0.670588
13524     0.670588
13525     0.670588
13526     0.674510
13527     0.678431
13528     0.682353
13529     0.686275
13530     0.686275
13531     0.682353
13532     0.682353
13533     0.686275
13534     0.694118
13535     0.705882
13536     0.709804
13537     0.705882
13538     0.698039
13539     0.690196
13540     0.682353
13541     0.678431
13542     0.666667
13543     0.647059
13544     0.635294
13545     0.627451
13546     0.611765
13547     0.607843
13548     0.623529
13549     0.635294
13550     0.643137
13551     0.666667
13552     0.690196
13553     0.717647
13554     0.713726
13555     0.705882
13556     0.698039
13557     0.690196
13558     0.682353
13559     0.674510
13560     0.670588
13561     0.670588
13562     0.686275
13563     0.705882
13564     0.713726
13565     0.713726
13566     0.705882
13567     0.705882
13568     0.705882
13569     0.701961
13570     0.705882
13571     0.701961
13572     0.690196
13573     0.674510
13574     0.662745
13575     0.662745
13576     0.662745
13577     0.662745
13578     0.666667
13579     0.674510
13580     0.682353
13581     0.690196
13582     0.690196
13583     0.694118
13584     0.694118
13585     0.682353
13586     0.686275
13587     0.686275
13588     0.690196
13589     0.686275
13590     0.686275
13591     0.682353
13592     0.678431
13593     0.674510
13594     0.678431
13595     0.682353
13596     0.686275
13597     0.678431
13598     0.666667
13599     0.654902
13600     0.643137
13601     0.643137
13602     0.658824
13603     0.670588
13604     0.674510
13605     0.690196
13606     0.705882
13607     0.701961
13608     0.682353
13609     0.647059
13610     0.619608
13611     0.588235
13612     0.560784
13613     0.525490
13614     0.486275
13615     0.474510
13616     0.486275
13617     0.486275
13618     0.478431
13619     0.466667
13620     0.635294
13621     0.635294
13622     0.631373
13623     0.635294
13624     0.647059
13625     0.662745
13626     0.682353
13627     0.694118
13628     0.690196
13629     0.686275
13630     0.682353
13631     0.682353
13632     0.686275
13633     0.690196
13634     0.690196
13635     0.686275
13636     0.678431
13637     0.682353
13638     0.686275
13639     0.682353
13640     0.670588
13641     0.662745
13642     0.658824
13643     0.658824
13644     0.666667
13645     0.678431
13646     0.694118
13647     0.709804
13648     0.721569
13649     0.721569
13650     0.721569
13651     0.717647
13652     0.713726
13653     0.713726
13654     0.709804
13655     0.701961
13656     0.686275
13657     0.662745
13658     0.639216
13659     0.627451
13660     0.600000
13661     0.603922
13662     0.615686
13663     0.631373
13664     0.647059
13665     0.654902
13666     0.650980
13667     0.647059
13668     0.654902
13669     0.647059
13670     0.647059
13671     0.658824
13672     0.674510
13673     0.682353
13674     0.670588
13675     0.654902
13676     0.654902
13677     0.654902
13678     0.658824
13679     0.666667
13680     0.670588
13681     0.674510
13682     0.678431
13683     0.682353
13684     0.666667
13685     0.662745
13686     0.662745
13687     0.670588
13688     0.686275
13689     0.698039
13690     0.701961
13691     0.701961
13692     0.709804
13693     0.713726
13694     0.717647
13695     0.721569
13696     0.721569
13697     0.713726
13698     0.701961
13699     0.694118
13700     0.698039
13701     0.694118
13702     0.686275
13703     0.686275
13704     0.686275
13705     0.698039
13706     0.705882
13707     0.713726
13708     0.713726
13709     0.713726
13710     0.713726
13711     0.713726
13712     0.713726
13713     0.717647
13714     0.721569
13715     0.721569
13716     0.717647
13717     0.713726
13718     0.709804
13719     0.705882
13720     0.705882
13721     0.709804
13722     0.717647
13723     0.721569
13724     0.721569
13725     0.721569
13726     0.725490
13727     0.725490
13728     0.721569
13729     0.721569
13730     0.717647
13731     0.713726
13732     0.690196
13733     0.690196
13734     0.694118
13735     0.709804
13736     0.721569
13737     0.729412
13738     0.725490
13739     0.717647
13740     0.709804
13741     0.709804
13742     0.713726
13743     0.713726
13744     0.713726
13745     0.709804
13746     0.701961
13747     0.698039
13748     0.670588
13749     0.670588
13750     0.670588
13751     0.670588
13752     0.674510
13753     0.678431
13754     0.682353
13755     0.686275
13756     0.690196
13757     0.690196
13758     0.686275
13759     0.682353
13760     0.686275
13761     0.690196
13762     0.694118
13763     0.698039
13764     0.701961
13765     0.698039
13766     0.690196
13767     0.682353
13768     0.674510
13769     0.662745
13770     0.643137
13771     0.627451
13772     0.619608
13773     0.603922
13774     0.607843
13775     0.623529
13776     0.639216
13777     0.650980
13778     0.670588
13779     0.694118
13780     0.713726
13781     0.713726
13782     0.705882
13783     0.698039
13784     0.690196
13785     0.682353
13786     0.674510
13787     0.674510
13788     0.690196
13789     0.698039
13790     0.705882
13791     0.705882
13792     0.698039
13793     0.690196
13794     0.690196
13795     0.690196
13796     0.694118
13797     0.694118
13798     0.694118
13799     0.686275
13800     0.674510
13801     0.666667
13802     0.662745
13803     0.666667
13804     0.666667
13805     0.666667
13806     0.666667
13807     0.666667
13808     0.670588
13809     0.678431
13810     0.682353
13811     0.686275
13812     0.686275
13813     0.690196
13814     0.690196
13815     0.694118
13816     0.690196
13817     0.690196
13818     0.686275
13819     0.682353
13820     0.670588
13821     0.674510
13822     0.678431
13823     0.678431
13824     0.674510
13825     0.666667
13826     0.658824
13827     0.650980
13828     0.650980
13829     0.666667
13830     0.678431
13831     0.682353
13832     0.694118
13833     0.705882
13834     0.694118
13835     0.666667
13836     0.650980
13837     0.615686
13838     0.576471
13839     0.549020
13840     0.521569
13841     0.486275
13842     0.474510
13843     0.478431
13844     0.482353
13845     0.474510
13846     0.466667
13847     0.639216
13848     0.635294
13849     0.627451
13850     0.627451
13851     0.635294
13852     0.650980
13853     0.670588
13854     0.678431
13855     0.682353
13856     0.682353
13857     0.678431
13858     0.678431
13859     0.678431
13860     0.682353
13861     0.686275
13862     0.686275
13863     0.674510
13864     0.682353
13865     0.686275
13866     0.682353
13867     0.670588
13868     0.658824
13869     0.650980
13870     0.650980
13871     0.662745
13872     0.670588
13873     0.682353
13874     0.694118
13875     0.701961
13876     0.705882
13877     0.701961
13878     0.701961
13879     0.698039
13880     0.698039
13881     0.690196
13882     0.678431
13883     0.658824
13884     0.639216
13885     0.615686
13886     0.603922
13887     0.576471
13888     0.576471
13889     0.588235
13890     0.603922
13891     0.623529
13892     0.635294
13893     0.635294
13894     0.631373
13895     0.639216
13896     0.643137
13897     0.647059
13898     0.658824
13899     0.666667
13900     0.670588
13901     0.662745
13902     0.658824
13903     0.666667
13904     0.666667
13905     0.670588
13906     0.674510
13907     0.674510
13908     0.678431
13909     0.682353
13910     0.682353
13911     0.678431
13912     0.670588
13913     0.670588
13914     0.674510
13915     0.690196
13916     0.698039
13917     0.701961
13918     0.698039
13919     0.705882
13920     0.709804
13921     0.717647
13922     0.721569
13923     0.721569
13924     0.713726
13925     0.705882
13926     0.701961
13927     0.701961
13928     0.698039
13929     0.694118
13930     0.694118
13931     0.698039
13932     0.701961
13933     0.709804
13934     0.713726
13935     0.717647
13936     0.713726
13937     0.713726
13938     0.713726
13939     0.713726
13940     0.717647
13941     0.721569
13942     0.725490
13943     0.725490
13944     0.717647
13945     0.709804
13946     0.705882
13947     0.705882
13948     0.709804
13949     0.717647
13950     0.725490
13951     0.721569
13952     0.721569
13953     0.725490
13954     0.725490
13955     0.725490
13956     0.721569
13957     0.721569
13958     0.717647
13959     0.698039
13960     0.694118
13961     0.694118
13962     0.701961
13963     0.713726
13964     0.721569
13965     0.721569
13966     0.721569
13967     0.713726
13968     0.717647
13969     0.717647
13970     0.713726
13971     0.713726
13972     0.705882
13973     0.701961
13974     0.701961
13975     0.674510
13976     0.674510
13977     0.674510
13978     0.674510
13979     0.678431
13980     0.682353
13981     0.686275
13982     0.686275
13983     0.686275
13984     0.686275
13985     0.682353
13986     0.682353
13987     0.682353
13988     0.686275
13989     0.690196
13990     0.690196
13991     0.694118
13992     0.690196
13993     0.686275
13994     0.686275
13995     0.678431
13996     0.666667
13997     0.643137
13998     0.627451
13999     0.615686
14000     0.603922
14001     0.607843
14002     0.631373
14003     0.647059
14004     0.654902
14005     0.674510
14006     0.698039
14007     0.709804
14008     0.705882
14009     0.701961
14010     0.698039
14011     0.690196
14012     0.686275
14013     0.682353
14014     0.678431
14015     0.698039
14016     0.701961
14017     0.701961
14018     0.694118
14019     0.682353
14020     0.674510
14021     0.678431
14022     0.682353
14023     0.686275
14024     0.690196
14025     0.690196
14026     0.686275
14027     0.674510
14028     0.666667
14029     0.670588
14030     0.674510
14031     0.674510
14032     0.666667
14033     0.662745
14034     0.658824
14035     0.658824
14036     0.666667
14037     0.678431
14038     0.686275
14039     0.694118
14040     0.690196
14041     0.690196
14042     0.686275
14043     0.686275
14044     0.682353
14045     0.682353
14046     0.682353
14047     0.666667
14048     0.666667
14049     0.670588
14050     0.670588
14051     0.674510
14052     0.670588
14053     0.670588
14054     0.670588
14055     0.662745
14056     0.678431
14057     0.690196
14058     0.690196
14059     0.694118
14060     0.694118
14061     0.674510
14062     0.643137
14063     0.631373
14064     0.588235
14065     0.549020
14066     0.529412
14067     0.513726
14068     0.490196
14069     0.478431
14070     0.474510
14071     0.470588
14072     0.462745
14073     0.454902
14074     0.643137
14075     0.635294
14076     0.627451
14077     0.619608
14078     0.627451
14079     0.639216
14080     0.654902
14081     0.666667
14082     0.674510
14083     0.674510
14084     0.674510
14085     0.674510
14086     0.674510
14087     0.674510
14088     0.682353
14089     0.686275
14090     0.670588
14091     0.678431
14092     0.686275
14093     0.682353
14094     0.670588
14095     0.654902
14096     0.647059
14097     0.647059
14098     0.654902
14099     0.662745
14100     0.670588
14101     0.678431
14102     0.682353
14103     0.686275
14104     0.682353
14105     0.682353
14106     0.682353
14107     0.678431
14108     0.670588
14109     0.654902
14110     0.635294
14111     0.615686
14112     0.596078
14113     0.584314
14114     0.564706
14115     0.564706
14116     0.572549
14117     0.588235
14118     0.607843
14119     0.619608
14120     0.623529
14121     0.619608
14122     0.627451
14123     0.639216
14124     0.650980
14125     0.654902
14126     0.654902
14127     0.654902
14128     0.654902
14129     0.658824
14130     0.674510
14131     0.674510
14132     0.674510
14133     0.674510
14134     0.674510
14135     0.674510
14136     0.674510
14137     0.674510
14138     0.682353
14139     0.674510
14140     0.670588
14141     0.674510
14142     0.686275
14143     0.690196
14144     0.694118
14145     0.690196
14146     0.694118
14147     0.701961
14148     0.709804
14149     0.717647
14150     0.717647
14151     0.713726
14152     0.705882
14153     0.701961
14154     0.698039
14155     0.698039
14156     0.698039
14157     0.698039
14158     0.701961
14159     0.701961
14160     0.701961
14161     0.701961
14162     0.717647
14163     0.713726
14164     0.709804
14165     0.709804
14166     0.709804
14167     0.713726
14168     0.721569
14169     0.725490
14170     0.725490
14171     0.721569
14172     0.709804
14173     0.701961
14174     0.701961
14175     0.709804
14176     0.717647
14177     0.725490
14178     0.717647
14179     0.721569
14180     0.721569
14181     0.725490
14182     0.725490
14183     0.725490
14184     0.721569
14185     0.721569
14186     0.705882
14187     0.698039
14188     0.690196
14189     0.690196
14190     0.701961
14191     0.713726
14192     0.717647
14193     0.717647
14194     0.717647
14195     0.717647
14196     0.717647
14197     0.713726
14198     0.709804
14199     0.705882
14200     0.701961
14201     0.701961
14202     0.686275
14203     0.682353
14204     0.682353
14205     0.678431
14206     0.682353
14207     0.682353
14208     0.686275
14209     0.690196
14210     0.670588
14211     0.670588
14212     0.674510
14213     0.678431
14214     0.682353
14215     0.686275
14216     0.690196
14217     0.694118
14218     0.686275
14219     0.686275
14220     0.682353
14221     0.686275
14222     0.682353
14223     0.670588
14224     0.650980
14225     0.635294
14226     0.619608
14227     0.607843
14228     0.611765
14229     0.635294
14230     0.650980
14231     0.658824
14232     0.678431
14233     0.698039
14234     0.701961
14235     0.701961
14236     0.698039
14237     0.694118
14238     0.694118
14239     0.690196
14240     0.686275
14241     0.686275
14242     0.698039
14243     0.698039
14244     0.690196
14245     0.678431
14246     0.666667
14247     0.666667
14248     0.674510
14249     0.686275
14250     0.682353
14251     0.686275
14252     0.690196
14253     0.686275
14254     0.678431
14255     0.670588
14256     0.674510
14257     0.678431
14258     0.678431
14259     0.670588
14260     0.658824
14261     0.650980
14262     0.650980
14263     0.662745
14264     0.674510
14265     0.686275
14266     0.694118
14267     0.690196
14268     0.682353
14269     0.674510
14270     0.670588
14271     0.670588
14272     0.670588
14273     0.674510
14274     0.662745
14275     0.662745
14276     0.662745
14277     0.666667
14278     0.670588
14279     0.678431
14280     0.686275
14281     0.694118
14282     0.678431
14283     0.694118
14284     0.701961
14285     0.694118
14286     0.690196
14287     0.682353
14288     0.650980
14289     0.615686
14290     0.588235
14291     0.545098
14292     0.509804
14293     0.505882
14294     0.505882
14295     0.494118
14296     0.482353
14297     0.478431
14298     0.454902
14299     0.447059
14300     0.439216
14301     0.643137
14302     0.635294
14303     0.623529
14304     0.615686
14305     0.619608
14306     0.631373
14307     0.647059
14308     0.658824
14309     0.666667
14310     0.670588
14311     0.674510
14312     0.670588
14313     0.670588
14314     0.670588
14315     0.678431
14316     0.686275
14317     0.670588
14318     0.678431
14319     0.686275
14320     0.682353
14321     0.670588
14322     0.654902
14323     0.647059
14324     0.643137
14325     0.654902
14326     0.654902
14327     0.658824
14328     0.666667
14329     0.670588
14330     0.670588
14331     0.670588
14332     0.670588
14333     0.674510
14334     0.670588
14335     0.658824
14336     0.639216
14337     0.619608
14338     0.600000
14339     0.584314
14340     0.576471
14341     0.560784
14342     0.560784
14343     0.564706
14344     0.580392
14345     0.600000
14346     0.611765
14347     0.619608
14348     0.619608
14349     0.619608
14350     0.635294
14351     0.654902
14352     0.654902
14353     0.647059
14354     0.643137
14355     0.650980
14356     0.658824
14357     0.674510
14358     0.674510
14359     0.674510
14360     0.670588
14361     0.670588
14362     0.670588
14363     0.666667
14364     0.666667
14365     0.682353
14366     0.674510
14367     0.670588
14368     0.670588
14369     0.678431
14370     0.686275
14371     0.686275
14372     0.682353
14373     0.686275
14374     0.694118
14375     0.701961
14376     0.709804
14377     0.713726
14378     0.709804
14379     0.701961
14380     0.698039
14381     0.694118
14382     0.698039
14383     0.701961
14384     0.701961
14385     0.701961
14386     0.698039
14387     0.698039
14388     0.694118
14389     0.713726
14390     0.713726
14391     0.709804
14392     0.705882
14393     0.709804
14394     0.713726
14395     0.717647
14396     0.725490
14397     0.729412
14398     0.721569
14399     0.709804
14400     0.701961
14401     0.701961
14402     0.705882
14403     0.717647
14404     0.725490
14405     0.717647
14406     0.717647
14407     0.721569
14408     0.725490
14409     0.725490
14410     0.725490
14411     0.721569
14412     0.721569
14413     0.713726
14414     0.701961
14415     0.686275
14416     0.682353
14417     0.694118
14418     0.705882
14419     0.713726
14420     0.713726
14421     0.717647
14422     0.717647
14423     0.713726
14424     0.713726
14425     0.709804
14426     0.705882
14427     0.701961
14428     0.698039
14429     0.690196
14430     0.690196
14431     0.686275
14432     0.682353
14433     0.682353
14434     0.686275
14435     0.686275
14436     0.690196
14437     0.654902
14438     0.658824
14439     0.666667
14440     0.674510
14441     0.682353
14442     0.690196
14443     0.694118
14444     0.698039
14445     0.678431
14446     0.678431
14447     0.682353
14448     0.686275
14449     0.686275
14450     0.678431
14451     0.658824
14452     0.643137
14453     0.619608
14454     0.611765
14455     0.615686
14456     0.639216
14457     0.654902
14458     0.662745
14459     0.678431
14460     0.698039
14461     0.698039
14462     0.698039
14463     0.698039
14464     0.694118
14465     0.694118
14466     0.690196
14467     0.690196
14468     0.690196
14469     0.694118
14470     0.690196
14471     0.678431
14472     0.666667
14473     0.658824
14474     0.662745
14475     0.678431
14476     0.690196
14477     0.682353
14478     0.686275
14479     0.690196
14480     0.686275
14481     0.678431
14482     0.674510
14483     0.678431
14484     0.682353
14485     0.682353
14486     0.674510
14487     0.658824
14488     0.647059
14489     0.647059
14490     0.658824
14491     0.674510
14492     0.686275
14493     0.694118
14494     0.686275
14495     0.674510
14496     0.662745
14497     0.658824
14498     0.658824
14499     0.662745
14500     0.666667
14501     0.662745
14502     0.658824
14503     0.658824
14504     0.658824
14505     0.670588
14506     0.682353
14507     0.698039
14508     0.709804
14509     0.690196
14510     0.701961
14511     0.709804
14512     0.698039
14513     0.690196
14514     0.670588
14515     0.635294
14516     0.596078
14517     0.549020
14518     0.509804
14519     0.478431
14520     0.486275
14521     0.501961
14522     0.498039
14523     0.490196
14524     0.486275
14525     0.443137
14526     0.431373
14527     0.423529
14528     0.623529
14529     0.615686
14530     0.607843
14531     0.611765
14532     0.627451
14533     0.647059
14534     0.658824
14535     0.662745
14536     0.670588
14537     0.674510
14538     0.678431
14539     0.686275
14540     0.686275
14541     0.682353
14542     0.678431
14543     0.674510
14544     0.686275
14545     0.678431
14546     0.670588
14547     0.670588
14548     0.666667
14549     0.662745
14550     0.650980
14551     0.639216
14552     0.650980
14553     0.650980
14554     0.658824
14555     0.666667
14556     0.678431
14557     0.678431
14558     0.666667
14559     0.658824
14560     0.662745
14561     0.666667
14562     0.662745
14563     0.650980
14564     0.627451
14565     0.600000
14566     0.584314
14567     0.576471
14568     0.568627
14569     0.580392
14570     0.588235
14571     0.596078
14572     0.596078
14573     0.596078
14574     0.603922
14575     0.607843
14576     0.631373
14577     0.623529
14578     0.623529
14579     0.627451
14580     0.639216
14581     0.647059
14582     0.647059
14583     0.647059
14584     0.666667
14585     0.670588
14586     0.674510
14587     0.670588
14588     0.666667
14589     0.666667
14590     0.674510
14591     0.682353
14592     0.698039
14593     0.686275
14594     0.674510
14595     0.678431
14596     0.690196
14597     0.698039
14598     0.698039
14599     0.690196
14600     0.690196
14601     0.694118
14602     0.701961
14603     0.713726
14604     0.725490
14605     0.721569
14606     0.709804
14607     0.698039
14608     0.705882
14609     0.701961
14610     0.698039
14611     0.701961
14612     0.709804
14613     0.709804
14614     0.701961
14615     0.694118
14616     0.698039
14617     0.694118
14618     0.694118
14619     0.698039
14620     0.701961
14621     0.713726
14622     0.721569
14623     0.729412
14624     0.729412
14625     0.717647
14626     0.705882
14627     0.694118
14628     0.686275
14629     0.690196
14630     0.698039
14631     0.701961
14632     0.690196
14633     0.713726
14634     0.725490
14635     0.721569
14636     0.721569
14637     0.733333
14638     0.737255
14639     0.733333
14640     0.705882
14641     0.678431
14642     0.658824
14643     0.666667
14644     0.694118
14645     0.713726
14646     0.709804
14647     0.698039
14648     0.729412
14649     0.717647
14650     0.705882
14651     0.698039
14652     0.701961
14653     0.701961
14654     0.698039
14655     0.694118
14656     0.698039
14657     0.701961
14658     0.705882
14659     0.698039
14660     0.686275
14661     0.678431
14662     0.674510
14663     0.678431
14664     0.670588
14665     0.674510
14666     0.678431
14667     0.686275
14668     0.690196
14669     0.694118
14670     0.694118
14671     0.694118
14672     0.690196
14673     0.686275
14674     0.686275
14675     0.690196
14676     0.694118
14677     0.694118
14678     0.690196
14679     0.682353
14680     0.650980
14681     0.647059
14682     0.647059
14683     0.654902
14684     0.670588
14685     0.682353
14686     0.690196
14687     0.690196
14688     0.678431
14689     0.686275
14690     0.694118
14691     0.698039
14692     0.701961
14693     0.694118
14694     0.686275
14695     0.682353
14696     0.686275
14697     0.674510
14698     0.658824
14699     0.650980
14700     0.654902
14701     0.666667
14702     0.670588
14703     0.670588
14704     0.670588
14705     0.670588
14706     0.670588
14707     0.670588
14708     0.670588
14709     0.670588
14710     0.670588
14711     0.670588
14712     0.682353
14713     0.666667
14714     0.647059
14715     0.639216
14716     0.643137
14717     0.650980
14718     0.658824
14719     0.662745
14720     0.670588
14721     0.674510
14722     0.678431
14723     0.670588
14724     0.658824
14725     0.650980
14726     0.647059
14727     0.647059
14728     0.643137
14729     0.647059
14730     0.658824
14731     0.670588
14732     0.682353
14733     0.698039
14734     0.705882
14735     0.709804
14736     0.709804
14737     0.717647
14738     0.725490
14739     0.709804
14740     0.674510
14741     0.631373
14742     0.596078
14743     0.576471
14744     0.494118
14745     0.490196
14746     0.486275
14747     0.490196
14748     0.494118
14749     0.486275
14750     0.466667
14751     0.450980
14752     0.407843
14753     0.415686
14754     0.427451
14755     0.623529
14756     0.615686
14757     0.607843
14758     0.611765
14759     0.627451
14760     0.643137
14761     0.654902
14762     0.662745
14763     0.666667
14764     0.674510
14765     0.678431
14766     0.682353
14767     0.686275
14768     0.682353
14769     0.678431
14770     0.674510
14771     0.678431
14772     0.670588
14773     0.666667
14774     0.666667
14775     0.670588
14776     0.666667
14777     0.654902
14778     0.647059
14779     0.650980
14780     0.650980
14781     0.650980
14782     0.654902
14783     0.662745
14784     0.666667
14785     0.658824
14786     0.650980
14787     0.662745
14788     0.666667
14789     0.658824
14790     0.643137
14791     0.615686
14792     0.592157
14793     0.580392
14794     0.576471
14795     0.576471
14796     0.584314
14797     0.592157
14798     0.596078
14799     0.596078
14800     0.596078
14801     0.603922
14802     0.611765
14803     0.623529
14804     0.623529
14805     0.627451
14806     0.631373
14807     0.635294
14808     0.639216
14809     0.647059
14810     0.650980
14811     0.666667
14812     0.666667
14813     0.670588
14814     0.666667
14815     0.662745
14816     0.662745
14817     0.670588
14818     0.682353
14819     0.698039
14820     0.690196
14821     0.678431
14822     0.682353
14823     0.694118
14824     0.701961
14825     0.701961
14826     0.698039
14827     0.698039
14828     0.698039
14829     0.701961
14830     0.709804
14831     0.717647
14832     0.717647
14833     0.705882
14834     0.698039
14835     0.709804
14836     0.705882
14837     0.705882
14838     0.709804
14839     0.713726
14840     0.709804
14841     0.698039
14842     0.690196
14843     0.690196
14844     0.690196
14845     0.690196
14846     0.690196
14847     0.694118
14848     0.705882
14849     0.713726
14850     0.721569
14851     0.733333
14852     0.721569
14853     0.709804
14854     0.694118
14855     0.690196
14856     0.690196
14857     0.694118
14858     0.698039
14859     0.682353
14860     0.705882
14861     0.725490
14862     0.721569
14863     0.721569
14864     0.733333
14865     0.733333
14866     0.721569
14867     0.701961
14868     0.674510
14869     0.654902
14870     0.662745
14871     0.690196
14872     0.709804
14873     0.709804
14874     0.698039
14875     0.725490
14876     0.713726
14877     0.701961
14878     0.698039
14879     0.698039
14880     0.701961
14881     0.698039
14882     0.694118
14883     0.694118
14884     0.701961
14885     0.701961
14886     0.698039
14887     0.686275
14888     0.678431
14889     0.678431
14890     0.678431
14891     0.674510
14892     0.678431
14893     0.682353
14894     0.690196
14895     0.694118
14896     0.698039
14897     0.698039
14898     0.698039
14899     0.686275
14900     0.686275
14901     0.686275
14902     0.694118
14903     0.701961
14904     0.705882
14905     0.698039
14906     0.694118
14907     0.666667
14908     0.662745
14909     0.658824
14910     0.658824
14911     0.670588
14912     0.674510
14913     0.678431
14914     0.674510
14915     0.686275
14916     0.690196
14917     0.694118
14918     0.698039
14919     0.694118
14920     0.686275
14921     0.678431
14922     0.674510
14923     0.682353
14924     0.670588
14925     0.658824
14926     0.650980
14927     0.658824
14928     0.666667
14929     0.670588
14930     0.674510
14931     0.666667
14932     0.666667
14933     0.666667
14934     0.666667
14935     0.666667
14936     0.666667
14937     0.666667
14938     0.666667
14939     0.674510
14940     0.658824
14941     0.643137
14942     0.635294
14943     0.643137
14944     0.650980
14945     0.658824
14946     0.662745
14947     0.666667
14948     0.674510
14949     0.674510
14950     0.670588
14951     0.658824
14952     0.650980
14953     0.650980
14954     0.654902
14955     0.643137
14956     0.650980
14957     0.658824
14958     0.674510
14959     0.686275
14960     0.698039
14961     0.705882
14962     0.709804
14963     0.701961
14964     0.709804
14965     0.717647
14966     0.701961
14967     0.666667
14968     0.623529
14969     0.584314
14970     0.564706
14971     0.513726
14972     0.501961
14973     0.494118
14974     0.490196
14975     0.486275
14976     0.478431
14977     0.458824
14978     0.443137
14979     0.411765
14980     0.415686
14981     0.427451
14982     0.631373
14983     0.623529
14984     0.615686
14985     0.615686
14986     0.631373
14987     0.647059
14988     0.654902
14989     0.658824
14990     0.666667
14991     0.670588
14992     0.678431
14993     0.682353
14994     0.686275
14995     0.682353
14996     0.678431
14997     0.678431
14998     0.666667
14999     0.662745
15000     0.662745
15001     0.666667
15002     0.674510
15003     0.674510
15004     0.670588
15005     0.662745
15006     0.658824
15007     0.650980
15008     0.643137
15009     0.643137
15010     0.647059
15011     0.650980
15012     0.647059
15013     0.643137
15014     0.666667
15015     0.662745
15016     0.650980
15017     0.627451
15018     0.603922
15019     0.584314
15020     0.576471
15021     0.576471
15022     0.584314
15023     0.588235
15024     0.596078
15025     0.596078
15026     0.592157
15027     0.596078
15028     0.603922
15029     0.615686
15030     0.611765
15031     0.623529
15032     0.635294
15033     0.635294
15034     0.627451
15035     0.631373
15036     0.643137
15037     0.654902
15038     0.662745
15039     0.662745
15040     0.666667
15041     0.662745
15042     0.654902
15043     0.658824
15044     0.670588
15045     0.682353
15046     0.698039
15047     0.690196
15048     0.686275
15049     0.690196
15050     0.698039
15051     0.705882
15052     0.709804
15053     0.705882
15054     0.701961
15055     0.694118
15056     0.694118
15057     0.698039
15058     0.705882
15059     0.705882
15060     0.701961
15061     0.698039
15062     0.709804
15063     0.709804
15064     0.709804
15065     0.717647
15066     0.717647
15067     0.709804
15068     0.694118
15069     0.678431
15070     0.682353
15071     0.682353
15072     0.678431
15073     0.682353
15074     0.690196
15075     0.698039
15076     0.709804
15077     0.717647
15078     0.737255
15079     0.725490
15080     0.709804
15081     0.698039
15082     0.686275
15083     0.682353
15084     0.686275
15085     0.686275
15086     0.666667
15087     0.694118
15088     0.717647
15089     0.717647
15090     0.717647
15091     0.725490
15092     0.721569
15093     0.709804
15094     0.694118
15095     0.670588
15096     0.647059
15097     0.650980
15098     0.678431
15099     0.701961
15100     0.705882
15101     0.701961
15102     0.713726
15103     0.705882
15104     0.694118
15105     0.694118
15106     0.698039
15107     0.701961
15108     0.698039
15109     0.694118
15110     0.694118
15111     0.698039
15112     0.701961
15113     0.694118
15114     0.682353
15115     0.678431
15116     0.678431
15117     0.682353
15118     0.682353
15119     0.686275
15120     0.690196
15121     0.698039
15122     0.701961
15123     0.705882
15124     0.705882
15125     0.705882
15126     0.690196
15127     0.690196
15128     0.690196
15129     0.698039
15130     0.709804
15131     0.713726
15132     0.709804
15133     0.705882
15134     0.690196
15135     0.678431
15136     0.670588
15137     0.666667
15138     0.670588
15139     0.670588
15140     0.666667
15141     0.658824
15142     0.690196
15143     0.690196
15144     0.694118
15145     0.694118
15146     0.690196
15147     0.682353
15148     0.670588
15149     0.666667
15150     0.678431
15151     0.670588
15152     0.654902
15153     0.654902
15154     0.658824
15155     0.666667
15156     0.674510
15157     0.674510
15158     0.658824
15159     0.658824
15160     0.658824
15161     0.658824
15162     0.658824
15163     0.658824
15164     0.658824
15165     0.658824
15166     0.658824
15167     0.647059
15168     0.635294
15169     0.631373
15170     0.643137
15171     0.654902
15172     0.662745
15173     0.666667
15174     0.670588
15175     0.674510
15176     0.674510
15177     0.666667
15178     0.658824
15179     0.650980
15180     0.650980
15181     0.654902
15182     0.650980
15183     0.654902
15184     0.666667
15185     0.682353
15186     0.694118
15187     0.701961
15188     0.709804
15189     0.709804
15190     0.694118
15191     0.701961
15192     0.705882
15193     0.690196
15194     0.650980
15195     0.603922
15196     0.564706
15197     0.541176
15198     0.529412
15199     0.517647
15200     0.501961
15201     0.486275
15202     0.478431
15203     0.466667
15204     0.454902
15205     0.443137
15206     0.439216
15207     0.447059
15208     0.454902
15209     0.639216
15210     0.631373
15211     0.623529
15212     0.623529
15213     0.635294
15214     0.647059
15215     0.650980
15216     0.654902
15217     0.666667
15218     0.670588
15219     0.678431
15220     0.682353
15221     0.686275
15222     0.686275
15223     0.682353
15224     0.678431
15225     0.666667
15226     0.666667
15227     0.666667
15228     0.674510
15229     0.686275
15230     0.690196
15231     0.686275
15232     0.682353
15233     0.670588
15234     0.658824
15235     0.643137
15236     0.639216
15237     0.639216
15238     0.643137
15239     0.643137
15240     0.643137
15241     0.662745
15242     0.654902
15243     0.639216
15244     0.615686
15245     0.592157
15246     0.576471
15247     0.576471
15248     0.580392
15249     0.592157
15250     0.596078
15251     0.596078
15252     0.592157
15253     0.588235
15254     0.592157
15255     0.603922
15256     0.615686
15257     0.603922
15258     0.623529
15259     0.643137
15260     0.643137
15261     0.627451
15262     0.623529
15263     0.639216
15264     0.658824
15265     0.658824
15266     0.658824
15267     0.658824
15268     0.654902
15269     0.650980
15270     0.658824
15271     0.670588
15272     0.682353
15273     0.698039
15274     0.694118
15275     0.694118
15276     0.698039
15277     0.701961
15278     0.705882
15279     0.705882
15280     0.705882
15281     0.678431
15282     0.674510
15283     0.666667
15284     0.674510
15285     0.686275
15286     0.698039
15287     0.701961
15288     0.701961
15289     0.701961
15290     0.701961
15291     0.709804
15292     0.713726
15293     0.717647
15294     0.701961
15295     0.682353
15296     0.662745
15297     0.666667
15298     0.666667
15299     0.670588
15300     0.678431
15301     0.690196
15302     0.705882
15303     0.717647
15304     0.725490
15305     0.729412
15306     0.721569
15307     0.705882
15308     0.694118
15309     0.682353
15310     0.674510
15311     0.670588
15312     0.670588
15313     0.654902
15314     0.686275
15315     0.709804
15316     0.713726
15317     0.713726
15318     0.717647
15319     0.709804
15320     0.698039
15321     0.686275
15322     0.666667
15323     0.647059
15324     0.647059
15325     0.666667
15326     0.690196
15327     0.698039
15328     0.698039
15329     0.698039
15330     0.694118
15331     0.686275
15332     0.690196
15333     0.694118
15334     0.698039
15335     0.694118
15336     0.690196
15337     0.694118
15338     0.698039
15339     0.698039
15340     0.690196
15341     0.678431
15342     0.674510
15343     0.678431
15344     0.686275
15345     0.690196
15346     0.694118
15347     0.698039
15348     0.705882
15349     0.709804
15350     0.713726
15351     0.713726
15352     0.713726
15353     0.705882
15354     0.701961
15355     0.701961
15356     0.705882
15357     0.713726
15358     0.717647
15359     0.709804
15360     0.701961
15361     0.698039
15362     0.686275
15363     0.678431
15364     0.670588
15365     0.674510
15366     0.674510
15367     0.666667
15368     0.662745
15369     0.682353
15370     0.686275
15371     0.686275
15372     0.686275
15373     0.686275
15374     0.678431
15375     0.674510
15376     0.670588
15377     0.678431
15378     0.666667
15379     0.658824
15380     0.654902
15381     0.662745
15382     0.670588
15383     0.670588
15384     0.670588
15385     0.650980
15386     0.650980
15387     0.650980
15388     0.650980
15389     0.650980
15390     0.650980
15391     0.650980
15392     0.650980
15393     0.647059
15394     0.639216
15395     0.631373
15396     0.631373
15397     0.643137
15398     0.658824
15399     0.670588
15400     0.670588
15401     0.682353
15402     0.682353
15403     0.678431
15404     0.666667
15405     0.654902
15406     0.643137
15407     0.643137
15408     0.647059
15409     0.662745
15410     0.666667
15411     0.678431
15412     0.690196
15413     0.701961
15414     0.705882
15415     0.709804
15416     0.709804
15417     0.694118
15418     0.698039
15419     0.694118
15420     0.670588
15421     0.627451
15422     0.576471
15423     0.533333
15424     0.513726
15425     0.529412
15426     0.517647
15427     0.498039
15428     0.482353
15429     0.470588
15430     0.462745
15431     0.458824
15432     0.458824
15433     0.470588
15434     0.474510
15435     0.482353
15436     0.650980
15437     0.643137
15438     0.635294
15439     0.639216
15440     0.647059
15441     0.650980
15442     0.654902
15443     0.650980
15444     0.662745
15445     0.666667
15446     0.674510
15447     0.682353
15448     0.686275
15449     0.686275
15450     0.682353
15451     0.682353
15452     0.674510
15453     0.674510
15454     0.674510
15455     0.686275
15456     0.698039
15457     0.701961
15458     0.698039
15459     0.694118
15460     0.678431
15461     0.666667
15462     0.650980
15463     0.639216
15464     0.643137
15465     0.647059
15466     0.650980
15467     0.647059
15468     0.654902
15469     0.647059
15470     0.631373
15471     0.607843
15472     0.588235
15473     0.576471
15474     0.580392
15475     0.584314
15476     0.600000
15477     0.600000
15478     0.596078
15479     0.588235
15480     0.580392
15481     0.588235
15482     0.600000
15483     0.615686
15484     0.607843
15485     0.627451
15486     0.647059
15487     0.647059
15488     0.635294
15489     0.627451
15490     0.643137
15491     0.658824
15492     0.658824
15493     0.658824
15494     0.658824
15495     0.650980
15496     0.650980
15497     0.658824
15498     0.674510
15499     0.686275
15500     0.701961
15501     0.701961
15502     0.701961
15503     0.701961
15504     0.698039
15505     0.694118
15506     0.690196
15507     0.694118
15508     0.643137
15509     0.639216
15510     0.635294
15511     0.647059
15512     0.666667
15513     0.686275
15514     0.698039
15515     0.701961
15516     0.690196
15517     0.694118
15518     0.698039
15519     0.705882
15520     0.705882
15521     0.694118
15522     0.670588
15523     0.654902
15524     0.650980
15525     0.654902
15526     0.662745
15527     0.674510
15528     0.694118
15529     0.713726
15530     0.733333
15531     0.745098
15532     0.721569
15533     0.713726
15534     0.701961
15535     0.686275
15536     0.674510
15537     0.666667
15538     0.658824
15539     0.658824
15540     0.647059
15541     0.678431
15542     0.705882
15543     0.705882
15544     0.709804
15545     0.713726
15546     0.705882
15547     0.690196
15548     0.682353
15549     0.666667
15550     0.650980
15551     0.650980
15552     0.666667
15553     0.682353
15554     0.690196
15555     0.690196
15556     0.682353
15557     0.678431
15558     0.678431
15559     0.682353
15560     0.694118
15561     0.698039
15562     0.694118
15563     0.690196
15564     0.694118
15565     0.694118
15566     0.694118
15567     0.686275
15568     0.674510
15569     0.674510
15570     0.678431
15571     0.686275
15572     0.694118
15573     0.698039
15574     0.701961
15575     0.709804
15576     0.713726
15577     0.717647
15578     0.717647
15579     0.717647
15580     0.725490
15581     0.721569
15582     0.713726
15583     0.713726
15584     0.717647
15585     0.713726
15586     0.701961
15587     0.694118
15588     0.694118
15589     0.682353
15590     0.674510
15591     0.674510
15592     0.678431
15593     0.682353
15594     0.678431
15595     0.674510
15596     0.674510
15597     0.674510
15598     0.678431
15599     0.682353
15600     0.686275
15601     0.686275
15602     0.686275
15603     0.686275
15604     0.682353
15605     0.670588
15606     0.662745
15607     0.658824
15608     0.662745
15609     0.666667
15610     0.666667
15611     0.662745
15612     0.650980
15613     0.650980
15614     0.650980
15615     0.650980
15616     0.650980
15617     0.650980
15618     0.650980
15619     0.650980
15620     0.643137
15621     0.635294
15622     0.631373
15623     0.635294
15624     0.650980
15625     0.666667
15626     0.674510
15627     0.674510
15628     0.694118
15629     0.694118
15630     0.686275
15631     0.666667
15632     0.647059
15633     0.635294
15634     0.635294
15635     0.639216
15636     0.674510
15637     0.678431
15638     0.690196
15639     0.698039
15640     0.701961
15641     0.701961
15642     0.701961
15643     0.698039
15644     0.686275
15645     0.682353
15646     0.670588
15647     0.639216
15648     0.592157
15649     0.541176
15650     0.505882
15651     0.486275
15652     0.505882
15653     0.498039
15654     0.486275
15655     0.474510
15656     0.466667
15657     0.466667
15658     0.474510
15659     0.478431
15660     0.490196
15661     0.490196
15662     0.494118
15663     0.666667
15664     0.658824
15665     0.650980
15666     0.650980
15667     0.654902
15668     0.658824
15669     0.658824
15670     0.654902
15671     0.658824
15672     0.666667
15673     0.674510
15674     0.682353
15675     0.686275
15676     0.686275
15677     0.686275
15678     0.682353
15679     0.686275
15680     0.682353
15681     0.682353
15682     0.690196
15683     0.698039
15684     0.701961
15685     0.698039
15686     0.694118
15687     0.682353
15688     0.670588
15689     0.654902
15690     0.647059
15691     0.650980
15692     0.654902
15693     0.654902
15694     0.650980
15695     0.643137
15696     0.639216
15697     0.627451
15698     0.607843
15699     0.592157
15700     0.584314
15701     0.588235
15702     0.592157
15703     0.607843
15704     0.600000
15705     0.592157
15706     0.580392
15707     0.572549
15708     0.576471
15709     0.596078
15710     0.611765
15711     0.615686
15712     0.631373
15713     0.647059
15714     0.650980
15715     0.647059
15716     0.643137
15717     0.647059
15718     0.654902
15719     0.662745
15720     0.662745
15721     0.658824
15722     0.650980
15723     0.650980
15724     0.658824
15725     0.678431
15726     0.694118
15727     0.705882
15728     0.709804
15729     0.709804
15730     0.701961
15731     0.686275
15732     0.670588
15733     0.666667
15734     0.666667
15735     0.615686
15736     0.611765
15737     0.615686
15738     0.631373
15739     0.654902
15740     0.678431
15741     0.690196
15742     0.698039
15743     0.686275
15744     0.686275
15745     0.686275
15746     0.694118
15747     0.694118
15748     0.686275
15749     0.670588
15750     0.654902
15751     0.639216
15752     0.647059
15753     0.654902
15754     0.670588
15755     0.694118
15756     0.713726
15757     0.737255
15758     0.749020
15759     0.717647
15760     0.709804
15761     0.698039
15762     0.686275
15763     0.674510
15764     0.662745
15765     0.658824
15766     0.654902
15767     0.647059
15768     0.678431
15769     0.698039
15770     0.701961
15771     0.701961
15772     0.705882
15773     0.701961
15774     0.690196
15775     0.682353
15776     0.670588
15777     0.658824
15778     0.658824
15779     0.666667
15780     0.674510
15781     0.678431
15782     0.678431
15783     0.666667
15784     0.666667
15785     0.670588
15786     0.678431
15787     0.690196
15788     0.694118
15789     0.694118
15790     0.686275
15791     0.690196
15792     0.690196
15793     0.690196
15794     0.682353
15795     0.674510
15796     0.674510
15797     0.682353
15798     0.690196
15799     0.694118
15800     0.698039
15801     0.705882
15802     0.709804
15803     0.717647
15804     0.717647
15805     0.721569
15806     0.721569
15807     0.733333
15808     0.729412
15809     0.721569
15810     0.717647
15811     0.717647
15812     0.709804
15813     0.698039
15814     0.686275
15815     0.686275
15816     0.678431
15817     0.674510
15818     0.678431
15819     0.686275
15820     0.694118
15821     0.694118
15822     0.690196
15823     0.674510
15824     0.674510
15825     0.678431
15826     0.682353
15827     0.686275
15828     0.690196
15829     0.694118
15830     0.698039
15831     0.686275
15832     0.678431
15833     0.666667
15834     0.662745
15835     0.662745
15836     0.662745
15837     0.658824
15838     0.650980
15839     0.650980
15840     0.650980
15841     0.650980
15842     0.650980
15843     0.650980
15844     0.650980
15845     0.650980
15846     0.650980
15847     0.643137
15848     0.639216
15849     0.635294
15850     0.643137
15851     0.654902
15852     0.670588
15853     0.678431
15854     0.678431
15855     0.698039
15856     0.694118
15857     0.686275
15858     0.666667
15859     0.647059
15860     0.635294
15861     0.635294
15862     0.639216
15863     0.674510
15864     0.682353
15865     0.690196
15866     0.694118
15867     0.694118
15868     0.686275
15869     0.678431
15870     0.674510
15871     0.654902
15872     0.647059
15873     0.627451
15874     0.592157
15875     0.549020
15876     0.505882
15877     0.482353
15878     0.466667
15879     0.478431
15880     0.478431
15881     0.474510
15882     0.466667
15883     0.462745
15884     0.470588
15885     0.482353
15886     0.494118
15887     0.509804
15888     0.509804
15889     0.509804
15890     0.678431
15891     0.670588
15892     0.662745
15893     0.662745
15894     0.666667
15895     0.666667
15896     0.662745
15897     0.654902
15898     0.658824
15899     0.666667
15900     0.674510
15901     0.682353
15902     0.686275
15903     0.690196
15904     0.686275
15905     0.686275
15906     0.690196
15907     0.686275
15908     0.682353
15909     0.686275
15910     0.694118
15911     0.694118
15912     0.686275
15913     0.678431
15914     0.674510
15915     0.662745
15916     0.654902
15917     0.650980
15918     0.654902
15919     0.658824
15920     0.654902
15921     0.650980
15922     0.631373
15923     0.631373
15924     0.623529
15925     0.611765
15926     0.596078
15927     0.592157
15928     0.596078
15929     0.600000
15930     0.607843
15931     0.600000
15932     0.588235
15933     0.572549
15934     0.560784
15935     0.568627
15936     0.588235
15937     0.607843
15938     0.627451
15939     0.635294
15940     0.647059
15941     0.654902
15942     0.658824
15943     0.658824
15944     0.654902
15945     0.650980
15946     0.666667
15947     0.666667
15948     0.658824
15949     0.654902
15950     0.654902
15951     0.662745
15952     0.686275
15953     0.701961
15954     0.709804
15955     0.713726
15956     0.713726
15957     0.698039
15958     0.670588
15959     0.650980
15960     0.639216
15961     0.639216
15962     0.603922
15963     0.603922
15964     0.611765
15965     0.627451
15966     0.650980
15967     0.670588
15968     0.682353
15969     0.686275
15970     0.686275
15971     0.682353
15972     0.682353
15973     0.686275
15974     0.690196
15975     0.686275
15976     0.674510
15977     0.666667
15978     0.639216
15979     0.643137
15980     0.650980
15981     0.666667
15982     0.682353
15983     0.705882
15984     0.721569
15985     0.733333
15986     0.717647
15987     0.709804
15988     0.701961
15989     0.694118
15990     0.682353
15991     0.670588
15992     0.666667
15993     0.662745
15994     0.654902
15995     0.678431
15996     0.698039
15997     0.694118
15998     0.694118
15999     0.701961
16000     0.705882
16001     0.694118
16002     0.682353
16003     0.678431
16004     0.670588
16005     0.670588
16006     0.674510
16007     0.674510
16008     0.670588
16009     0.666667
16010     0.658824
16011     0.658824
16012     0.662745
16013     0.674510
16014     0.690196
16015     0.694118
16016     0.690196
16017     0.686275
16018     0.690196
16019     0.690196
16020     0.686275
16021     0.678431
16022     0.670588
16023     0.670588
16024     0.682353
16025     0.694118
16026     0.694118
16027     0.698039
16028     0.705882
16029     0.709804
16030     0.717647
16031     0.717647
16032     0.717647
16033     0.717647
16034     0.729412
16035     0.725490
16036     0.717647
16037     0.717647
16038     0.717647
16039     0.713726
16040     0.701961
16041     0.690196
16042     0.686275
16043     0.678431
16044     0.674510
16045     0.682353
16046     0.690196
16047     0.698039
16048     0.701961
16049     0.698039
16050     0.682353
16051     0.682353
16052     0.682353
16053     0.686275
16054     0.686275
16055     0.690196
16056     0.694118
16057     0.698039
16058     0.694118
16059     0.682353
16060     0.670588
16061     0.666667
16062     0.662745
16063     0.658824
16064     0.650980
16065     0.643137
16066     0.658824
16067     0.658824
16068     0.658824
16069     0.658824
16070     0.658824
16071     0.658824
16072     0.658824
16073     0.658824
16074     0.650980
16075     0.643137
16076     0.643137
16077     0.647059
16078     0.662745
16079     0.674510
16080     0.678431
16081     0.678431
16082     0.690196
16083     0.686275
16084     0.678431
16085     0.662745
16086     0.647059
16087     0.639216
16088     0.643137
16089     0.650980
16090     0.670588
16091     0.674510
16092     0.678431
16093     0.682353
16094     0.674510
16095     0.662745
16096     0.650980
16097     0.639216
16098     0.607843
16099     0.596078
16100     0.576471
16101     0.541176
16102     0.505882
16103     0.478431
16104     0.466667
16105     0.462745
16106     0.454902
16107     0.462745
16108     0.466667
16109     0.466667
16110     0.462745
16111     0.466667
16112     0.482353
16113     0.494118
16114     0.498039
16115     0.494118
16116     0.490196
16117     0.686275
16118     0.678431
16119     0.670588
16120     0.670588
16121     0.674510
16122     0.670588
16123     0.666667
16124     0.658824
16125     0.658824
16126     0.662745
16127     0.674510
16128     0.682353
16129     0.686275
16130     0.690196
16131     0.686275
16132     0.686275
16133     0.690196
16134     0.686275
16135     0.682353
16136     0.682353
16137     0.686275
16138     0.686275
16139     0.674510
16140     0.666667
16141     0.666667
16142     0.658824
16143     0.650980
16144     0.650980
16145     0.654902
16146     0.658824
16147     0.654902
16148     0.650980
16149     0.623529
16150     0.627451
16151     0.623529
16152     0.615686
16153     0.603922
16154     0.596078
16155     0.600000
16156     0.603922
16157     0.607843
16158     0.600000
16159     0.584314
16160     0.564706
16161     0.556863
16162     0.564706
16163     0.584314
16164     0.603922
16165     0.635294
16166     0.635294
16167     0.643137
16168     0.654902
16169     0.666667
16170     0.666667
16171     0.658824
16172     0.650980
16173     0.670588
16174     0.666667
16175     0.662745
16176     0.654902
16177     0.654902
16178     0.666667
16179     0.690196
16180     0.705882
16181     0.713726
16182     0.717647
16183     0.713726
16184     0.694118
16185     0.662745
16186     0.635294
16187     0.623529
16188     0.623529
16189     0.607843
16190     0.607843
16191     0.615686
16192     0.631373
16193     0.654902
16194     0.670588
16195     0.678431
16196     0.678431
16197     0.690196
16198     0.686275
16199     0.682353
16200     0.686275
16201     0.690196
16202     0.690196
16203     0.682353
16204     0.678431
16205     0.643137
16206     0.647059
16207     0.650980
16208     0.658824
16209     0.674510
16210     0.690196
16211     0.705882
16212     0.717647
16213     0.717647
16214     0.713726
16215     0.709804
16216     0.698039
16217     0.690196
16218     0.682353
16219     0.674510
16220     0.670588
16221     0.658824
16222     0.682353
16223     0.694118
16224     0.690196
16225     0.690196
16226     0.701961
16227     0.705882
16228     0.698039
16229     0.682353
16230     0.682353
16231     0.678431
16232     0.678431
16233     0.678431
16234     0.670588
16235     0.666667
16236     0.658824
16237     0.650980
16238     0.650980
16239     0.658824
16240     0.674510
16241     0.686275
16242     0.694118
16243     0.690196
16244     0.682353
16245     0.690196
16246     0.690196
16247     0.686275
16248     0.674510
16249     0.670588
16250     0.670588
16251     0.682353
16252     0.694118
16253     0.694118
16254     0.698039
16255     0.705882
16256     0.709804
16257     0.713726
16258     0.717647
16259     0.717647
16260     0.717647
16261     0.721569
16262     0.717647
16263     0.713726
16264     0.713726
16265     0.717647
16266     0.717647
16267     0.705882
16268     0.698039
16269     0.690196
16270     0.682353
16271     0.678431
16272     0.682353
16273     0.694118
16274     0.701961
16275     0.701961
16276     0.698039
16277     0.694118
16278     0.694118
16279     0.690196
16280     0.686275
16281     0.686275
16282     0.690196
16283     0.690196
16284     0.694118
16285     0.698039
16286     0.686275
16287     0.674510
16288     0.666667
16289     0.662745
16290     0.658824
16291     0.647059
16292     0.635294
16293     0.662745
16294     0.662745
16295     0.662745
16296     0.662745
16297     0.662745
16298     0.662745
16299     0.662745
16300     0.662745
16301     0.654902
16302     0.650980
16303     0.647059
16304     0.654902
16305     0.666667
16306     0.678431
16307     0.682353
16308     0.678431
16309     0.678431
16310     0.678431
16311     0.670588
16312     0.658824
16313     0.647059
16314     0.647059
16315     0.654902
16316     0.662745
16317     0.662745
16318     0.666667
16319     0.670588
16320     0.670588
16321     0.662745
16322     0.647059
16323     0.627451
16324     0.619608
16325     0.568627
16326     0.556863
16327     0.537255
16328     0.505882
16329     0.478431
16330     0.462745
16331     0.462745
16332     0.466667
16333     0.443137
16334     0.454902
16335     0.466667
16336     0.466667
16337     0.462745
16338     0.462745
16339     0.478431
16340     0.490196
16341     0.450980
16342     0.447059
16343     0.439216
16344     0.670588
16345     0.674510
16346     0.678431
16347     0.682353
16348     0.682353
16349     0.682353
16350     0.674510
16351     0.674510
16352     0.682353
16353     0.678431
16354     0.678431
16355     0.678431
16356     0.678431
16357     0.682353
16358     0.686275
16359     0.690196
16360     0.682353
16361     0.682353
16362     0.678431
16363     0.674510
16364     0.674510
16365     0.670588
16366     0.670588
16367     0.670588
16368     0.650980
16369     0.654902
16370     0.654902
16371     0.654902
16372     0.650980
16373     0.643137
16374     0.635294
16375     0.631373
16376     0.631373
16377     0.623529
16378     0.611765
16379     0.600000
16380     0.596078
16381     0.596078
16382     0.600000
16383     0.603922
16384     0.600000
16385     0.592157
16386     0.580392
16387     0.568627
16388     0.560784
16389     0.572549
16390     0.592157
16391     0.603922
16392     0.647059
16393     0.643137
16394     0.639216
16395     0.647059
16396     0.666667
16397     0.678431
16398     0.674510
16399     0.670588
16400     0.674510
16401     0.666667
16402     0.658824
16403     0.658824
16404     0.670588
16405     0.686275
16406     0.690196
16407     0.694118
16408     0.705882
16409     0.694118
16410     0.678431
16411     0.658824
16412     0.635294
16413     0.615686
16414     0.600000
16415     0.592157
16416     0.611765
16417     0.615686
16418     0.627451
16419     0.643137
16420     0.654902
16421     0.666667
16422     0.674510
16423     0.674510
16424     0.670588
16425     0.674510
16426     0.682353
16427     0.686275
16428     0.690196
16429     0.694118
16430     0.694118
16431     0.694118
16432     0.662745
16433     0.650980
16434     0.643137
16435     0.643137
16436     0.650980
16437     0.666667
16438     0.678431
16439     0.682353
16440     0.682353
16441     0.694118
16442     0.705882
16443     0.709804
16444     0.701961
16445     0.690196
16446     0.682353
16447     0.682353
16448     0.686275
16449     0.690196
16450     0.698039
16451     0.701961
16452     0.701961
16453     0.698039
16454     0.690196
16455     0.686275
16456     0.666667
16457     0.670588
16458     0.670588
16459     0.674510
16460     0.674510
16461     0.674510
16462     0.670588
16463     0.670588
16464     0.650980
16465     0.650980
16466     0.654902
16467     0.658824
16468     0.670588
16469     0.682353
16470     0.694118
16471     0.701961
16472     0.682353
16473     0.678431
16474     0.674510
16475     0.670588
16476     0.670588
16477     0.674510
16478     0.682353
16479     0.686275
16480     0.690196
16481     0.694118
16482     0.701961
16483     0.705882
16484     0.713726
16485     0.713726
16486     0.717647
16487     0.717647
16488     0.713726
16489     0.713726
16490     0.713726
16491     0.709804
16492     0.709804
16493     0.705882
16494     0.705882
16495     0.705882
16496     0.694118
16497     0.686275
16498     0.678431
16499     0.674510
16500     0.678431
16501     0.690196
16502     0.701961
16503     0.713726
16504     0.709804
16505     0.709804
16506     0.705882
16507     0.701961
16508     0.694118
16509     0.690196
16510     0.686275
16511     0.686275
16512     0.678431
16513     0.678431
16514     0.678431
16515     0.678431
16516     0.678431
16517     0.674510
16518     0.674510
16519     0.674510
16520     0.698039
16521     0.686275
16522     0.666667
16523     0.662745
16524     0.670588
16525     0.674510
16526     0.666667
16527     0.658824
16528     0.643137
16529     0.654902
16530     0.666667
16531     0.678431
16532     0.686275
16533     0.682353
16534     0.674510
16535     0.670588
16536     0.647059
16537     0.647059
16538     0.650980
16539     0.654902
16540     0.662745
16541     0.662745
16542     0.666667
16543     0.666667
16544     0.674510
16545     0.658824
16546     0.639216
16547     0.631373
16548     0.623529
16549     0.611765
16550     0.588235
16551     0.572549
16552     0.541176
16553     0.537255
16554     0.517647
16555     0.486275
16556     0.478431
16557     0.478431
16558     0.466667
16559     0.447059
16560     0.447059
16561     0.431373
16562     0.427451
16563     0.443137
16564     0.478431
16565     0.498039
16566     0.486275
16567     0.462745
16568     0.447059
16569     0.400000
16570     0.364706
16571     0.670588
16572     0.674510
16573     0.678431
16574     0.682353
16575     0.682353
16576     0.678431
16577     0.674510
16578     0.670588
16579     0.682353
16580     0.682353
16581     0.682353
16582     0.682353
16583     0.682353
16584     0.686275
16585     0.690196
16586     0.694118
16587     0.686275
16588     0.682353
16589     0.682353
16590     0.678431
16591     0.674510
16592     0.670588
16593     0.670588
16594     0.670588
16595     0.666667
16596     0.662745
16597     0.654902
16598     0.650980
16599     0.647059
16600     0.647059
16601     0.647059
16602     0.647059
16603     0.631373
16604     0.623529
16605     0.611765
16606     0.600000
16607     0.596078
16608     0.596078
16609     0.600000
16610     0.603922
16611     0.607843
16612     0.600000
16613     0.584314
16614     0.568627
16615     0.568627
16616     0.580392
16617     0.600000
16618     0.615686
16619     0.643137
16620     0.639216
16621     0.639216
16622     0.654902
16623     0.670588
16624     0.682353
16625     0.682353
16626     0.678431
16627     0.670588
16628     0.662745
16629     0.654902
16630     0.658824
16631     0.670588
16632     0.682353
16633     0.686275
16634     0.690196
16635     0.674510
16636     0.670588
16637     0.658824
16638     0.647059
16639     0.631373
16640     0.615686
16641     0.603922
16642     0.600000
16643     0.611765
16644     0.619608
16645     0.631373
16646     0.647059
16647     0.658824
16648     0.670588
16649     0.674510
16650     0.678431
16651     0.674510
16652     0.678431
16653     0.682353
16654     0.690196
16655     0.694118
16656     0.698039
16657     0.698039
16658     0.698039
16659     0.674510
16660     0.662745
16661     0.643137
16662     0.635294
16663     0.643137
16664     0.654902
16665     0.666667
16666     0.670588
16667     0.666667
16668     0.682353
16669     0.698039
16670     0.701961
16671     0.698039
16672     0.690196
16673     0.690196
16674     0.686275
16675     0.690196
16676     0.698039
16677     0.701961
16678     0.705882
16679     0.705882
16680     0.701961
16681     0.694118
16682     0.686275
16683     0.662745
16684     0.666667
16685     0.666667
16686     0.670588
16687     0.670588
16688     0.670588
16689     0.666667
16690     0.666667
16691     0.662745
16692     0.662745
16693     0.662745
16694     0.666667
16695     0.670588
16696     0.682353
16697     0.694118
16698     0.701961
16699     0.686275
16700     0.682353
16701     0.678431
16702     0.678431
16703     0.678431
16704     0.686275
16705     0.690196
16706     0.694118
16707     0.694118
16708     0.694118
16709     0.701961
16710     0.705882
16711     0.709804
16712     0.709804
16713     0.709804
16714     0.709804
16715     0.713726
16716     0.713726
16717     0.713726
16718     0.713726
16719     0.709804
16720     0.705882
16721     0.698039
16722     0.694118
16723     0.694118
16724     0.686275
16725     0.678431
16726     0.674510
16727     0.678431
16728     0.690196
16729     0.701961
16730     0.709804
16731     0.709804
16732     0.709804
16733     0.705882
16734     0.701961
16735     0.698039
16736     0.690196
16737     0.690196
16738     0.686275
16739     0.678431
16740     0.678431
16741     0.678431
16742     0.678431
16743     0.682353
16744     0.682353
16745     0.686275
16746     0.690196
16747     0.717647
16748     0.701961
16749     0.682353
16750     0.670588
16751     0.670588
16752     0.670588
16753     0.662745
16754     0.654902
16755     0.662745
16756     0.670588
16757     0.678431
16758     0.686275
16759     0.686275
16760     0.678431
16761     0.666667
16762     0.658824
16763     0.650980
16764     0.650980
16765     0.654902
16766     0.658824
16767     0.662745
16768     0.666667
16769     0.670588
16770     0.674510
16771     0.666667
16772     0.647059
16773     0.623529
16774     0.607843
16775     0.600000
16776     0.592157
16777     0.580392
16778     0.572549
16779     0.545098
16780     0.541176
16781     0.517647
16782     0.490196
16783     0.474510
16784     0.478431
16785     0.462745
16786     0.443137
16787     0.427451
16788     0.439216
16789     0.443137
16790     0.447059
16791     0.466667
16792     0.490196
16793     0.482353
16794     0.450980
16795     0.427451
16796     0.376471
16797     0.329412
16798     0.678431
16799     0.678431
16800     0.682353
16801     0.682353
16802     0.682353
16803     0.682353
16804     0.678431
16805     0.674510
16806     0.690196
16807     0.686275
16808     0.686275
16809     0.686275
16810     0.686275
16811     0.690196
16812     0.694118
16813     0.698039
16814     0.686275
16815     0.686275
16816     0.678431
16817     0.674510
16818     0.670588
16819     0.670588
16820     0.670588
16821     0.670588
16822     0.674510
16823     0.666667
16824     0.658824
16825     0.650980
16826     0.647059
16827     0.650980
16828     0.658824
16829     0.662745
16830     0.627451
16831     0.619608
16832     0.607843
16833     0.596078
16834     0.592157
16835     0.596078
16836     0.600000
16837     0.603922
16838     0.615686
16839     0.603922
16840     0.584314
16841     0.568627
16842     0.572549
16843     0.592157
16844     0.611765
16845     0.627451
16846     0.639216
16847     0.639216
16848     0.643137
16849     0.658824
16850     0.674510
16851     0.686275
16852     0.686275
16853     0.682353
16854     0.666667
16855     0.658824
16856     0.650980
16857     0.654902
16858     0.662745
16859     0.674510
16860     0.678431
16861     0.678431
16862     0.650980
16863     0.650980
16864     0.647059
16865     0.643137
16866     0.639216
16867     0.631373
16868     0.623529
16869     0.619608
16870     0.619608
16871     0.627451
16872     0.639216
16873     0.650980
16874     0.666667
16875     0.674510
16876     0.682353
16877     0.686275
16878     0.678431
16879     0.678431
16880     0.682353
16881     0.690196
16882     0.694118
16883     0.698039
16884     0.701961
16885     0.701961
16886     0.690196
16887     0.670588
16888     0.643137
16889     0.627451
16890     0.631373
16891     0.643137
16892     0.650980
16893     0.658824
16894     0.658824
16895     0.674510
16896     0.690196
16897     0.698039
16898     0.698039
16899     0.694118
16900     0.694118
16901     0.694118
16902     0.698039
16903     0.701961
16904     0.705882
16905     0.705882
16906     0.705882
16907     0.698039
16908     0.690196
16909     0.686275
16910     0.658824
16911     0.662745
16912     0.662745
16913     0.666667
16914     0.666667
16915     0.662745
16916     0.658824
16917     0.658824
16918     0.670588
16919     0.670588
16920     0.666667
16921     0.670588
16922     0.674510
16923     0.682353
16924     0.690196
16925     0.698039
16926     0.682353
16927     0.682353
16928     0.682353
16929     0.686275
16930     0.690196
16931     0.694118
16932     0.701961
16933     0.705882
16934     0.698039
16935     0.698039
16936     0.701961
16937     0.701961
16938     0.701961
16939     0.701961
16940     0.698039
16941     0.698039
16942     0.705882
16943     0.709804
16944     0.713726
16945     0.717647
16946     0.713726
16947     0.701961
16948     0.694118
16949     0.686275
16950     0.690196
16951     0.686275
16952     0.678431
16953     0.678431
16954     0.678431
16955     0.690196
16956     0.698039
16957     0.705882
16958     0.709804
16959     0.709804
16960     0.705882
16961     0.701961
16962     0.698039
16963     0.690196
16964     0.690196
16965     0.686275
16966     0.674510
16967     0.674510
16968     0.674510
16969     0.678431
16970     0.686275
16971     0.698039
16972     0.709804
16973     0.713726
16974     0.737255
16975     0.721569
16976     0.694118
16977     0.678431
16978     0.670588
16979     0.666667
16980     0.662745
16981     0.658824
16982     0.686275
16983     0.690196
16984     0.694118
16985     0.694118
16986     0.686275
16987     0.674510
16988     0.662745
16989     0.650980
16990     0.658824
16991     0.658824
16992     0.658824
16993     0.658824
16994     0.666667
16995     0.670588
16996     0.678431
16997     0.682353
16998     0.662745
16999     0.639216
17000     0.611765
17001     0.584314
17002     0.572549
17003     0.568627
17004     0.564706
17005     0.560784
17006     0.541176
17007     0.537255
17008     0.517647
17009     0.486275
17010     0.474510
17011     0.478431
17012     0.466667
17013     0.447059
17014     0.423529
17015     0.458824
17016     0.466667
17017     0.447059
17018     0.454902
17019     0.482353
17020     0.466667
17021     0.419608
17022     0.372549
17023     0.321569
17024     0.274510
17025     0.690196
17026     0.690196
17027     0.690196
17028     0.690196
17029     0.690196
17030     0.690196
17031     0.686275
17032     0.686275
17033     0.694118
17034     0.690196
17035     0.690196
17036     0.690196
17037     0.690196
17038     0.694118
17039     0.698039
17040     0.701961
17041     0.686275
17042     0.682353
17043     0.674510
17044     0.666667
17045     0.662745
17046     0.662745
17047     0.662745
17048     0.662745
17049     0.666667
17050     0.662745
17051     0.658824
17052     0.654902
17053     0.654902
17054     0.658824
17055     0.658824
17056     0.662745
17057     0.623529
17058     0.615686
17059     0.603922
17060     0.596078
17061     0.588235
17062     0.592157
17063     0.596078
17064     0.600000
17065     0.611765
17066     0.596078
17067     0.572549
17068     0.564706
17069     0.572549
17070     0.596078
17071     0.619608
17072     0.631373
17073     0.643137
17074     0.643137
17075     0.650980
17076     0.658824
17077     0.666667
17078     0.670588
17079     0.670588
17080     0.670588
17081     0.658824
17082     0.650980
17083     0.647059
17084     0.650980
17085     0.658824
17086     0.670588
17087     0.670588
17088     0.670588
17089     0.647059
17090     0.650980
17091     0.654902
17092     0.658824
17093     0.658824
17094     0.654902
17095     0.650980
17096     0.647059
17097     0.635294
17098     0.643137
17099     0.650980
17100     0.662745
17101     0.674510
17102     0.682353
17103     0.690196
17104     0.690196
17105     0.678431
17106     0.678431
17107     0.678431
17108     0.682353
17109     0.686275
17110     0.694118
17111     0.698039
17112     0.701961
17113     0.694118
17114     0.670588
17115     0.643137
17116     0.623529
17117     0.627451
17118     0.639216
17119     0.654902
17120     0.662745
17121     0.670588
17122     0.682353
17123     0.694118
17124     0.701961
17125     0.698039
17126     0.690196
17127     0.690196
17128     0.694118
17129     0.698039
17130     0.698039
17131     0.701961
17132     0.701961
17133     0.698039
17134     0.694118
17135     0.686275
17136     0.682353
17137     0.658824
17138     0.662745
17139     0.662745
17140     0.662745
17141     0.662745
17142     0.658824
17143     0.654902
17144     0.654902
17145     0.674510
17146     0.670588
17147     0.666667
17148     0.666667
17149     0.670588
17150     0.674510
17151     0.682353
17152     0.686275
17153     0.674510
17154     0.678431
17155     0.682353
17156     0.686275
17157     0.694118
17158     0.701961
17159     0.705882
17160     0.709804
17161     0.701961
17162     0.701961
17163     0.701961
17164     0.701961
17165     0.698039
17166     0.694118
17167     0.690196
17168     0.686275
17169     0.686275
17170     0.694118
17171     0.705882
17172     0.713726
17173     0.713726
17174     0.705882
17175     0.694118
17176     0.686275
17177     0.690196
17178     0.686275
17179     0.682353
17180     0.678431
17181     0.682353
17182     0.686275
17183     0.694118
17184     0.701961
17185     0.709804
17186     0.705882
17187     0.705882
17188     0.698039
17189     0.694118
17190     0.690196
17191     0.686275
17192     0.686275
17193     0.674510
17194     0.674510
17195     0.674510
17196     0.682353
17197     0.694118
17198     0.709804
17199     0.725490
17200     0.733333
17201     0.745098
17202     0.729412
17203     0.705882
17204     0.686275
17205     0.674510
17206     0.674510
17207     0.674510
17208     0.674510
17209     0.698039
17210     0.698039
17211     0.701961
17212     0.698039
17213     0.690196
17214     0.674510
17215     0.662745
17216     0.654902
17217     0.662745
17218     0.662745
17219     0.662745
17220     0.666667
17221     0.670588
17222     0.674510
17223     0.678431
17224     0.682353
17225     0.662745
17226     0.643137
17227     0.615686
17228     0.588235
17229     0.564706
17230     0.549020
17231     0.541176
17232     0.537255
17233     0.521569
17234     0.521569
17235     0.501961
17236     0.478431
17237     0.474510
17238     0.482353
17239     0.474510
17240     0.458824
17241     0.443137
17242     0.474510
17243     0.470588
17244     0.439216
17245     0.447059
17246     0.470588
17247     0.431373
17248     0.356863
17249     0.290196
17250     0.250980
17251     0.215686
17252     0.705882
17253     0.705882
17254     0.701961
17255     0.698039
17256     0.698039
17257     0.698039
17258     0.694118
17259     0.694118
17260     0.694118
17261     0.694118
17262     0.690196
17263     0.690196
17264     0.694118
17265     0.698039
17266     0.701961
17267     0.701961
17268     0.682353
17269     0.678431
17270     0.666667
17271     0.658824
17272     0.650980
17273     0.650980
17274     0.654902
17275     0.658824
17276     0.647059
17277     0.650980
17278     0.658824
17279     0.666667
17280     0.666667
17281     0.662745
17282     0.654902
17283     0.650980
17284     0.623529
17285     0.615686
17286     0.603922
17287     0.592157
17288     0.584314
17289     0.584314
17290     0.588235
17291     0.592157
17292     0.600000
17293     0.580392
17294     0.560784
17295     0.556863
17296     0.572549
17297     0.596078
17298     0.615686
17299     0.627451
17300     0.647059
17301     0.647059
17302     0.647059
17303     0.643137
17304     0.643137
17305     0.643137
17306     0.647059
17307     0.650980
17308     0.654902
17309     0.650980
17310     0.647059
17311     0.650980
17312     0.658824
17313     0.666667
17314     0.662745
17315     0.662745
17316     0.650980
17317     0.654902
17318     0.662745
17319     0.670588
17320     0.674510
17321     0.670588
17322     0.666667
17323     0.662745
17324     0.658824
17325     0.662745
17326     0.670588
17327     0.682353
17328     0.686275
17329     0.694118
17330     0.694118
17331     0.694118
17332     0.674510
17333     0.674510
17334     0.674510
17335     0.678431
17336     0.682353
17337     0.690196
17338     0.694118
17339     0.701961
17340     0.686275
17341     0.666667
17342     0.639216
17343     0.627451
17344     0.631373
17345     0.650980
17346     0.666667
17347     0.674510
17348     0.698039
17349     0.705882
17350     0.709804
17351     0.709804
17352     0.698039
17353     0.690196
17354     0.686275
17355     0.686275
17356     0.690196
17357     0.690196
17358     0.690196
17359     0.690196
17360     0.686275
17361     0.682353
17362     0.682353
17363     0.678431
17364     0.666667
17365     0.666667
17366     0.666667
17367     0.666667
17368     0.666667
17369     0.662745
17370     0.658824
17371     0.654902
17372     0.666667
17373     0.666667
17374     0.662745
17375     0.658824
17376     0.662745
17377     0.666667
17378     0.674510
17379     0.678431
17380     0.666667
17381     0.670588
17382     0.678431
17383     0.686275
17384     0.694118
17385     0.701961
17386     0.705882
17387     0.705882
17388     0.705882
17389     0.705882
17390     0.705882
17391     0.701961
17392     0.698039
17393     0.690196
17394     0.686275
17395     0.682353
17396     0.670588
17397     0.678431
17398     0.694118
17399     0.705882
17400     0.709804
17401     0.709804
17402     0.701961
17403     0.694118
17404     0.686275
17405     0.686275
17406     0.682353
17407     0.678431
17408     0.682353
17409     0.686275
17410     0.690196
17411     0.694118
17412     0.705882
17413     0.701961
17414     0.698039
17415     0.694118
17416     0.690196
17417     0.686275
17418     0.682353
17419     0.678431
17420     0.670588
17421     0.674510
17422     0.678431
17423     0.690196
17424     0.701961
17425     0.717647
17426     0.733333
17427     0.741176
17428     0.733333
17429     0.725490
17430     0.709804
17431     0.694118
17432     0.686275
17433     0.682353
17434     0.690196
17435     0.694118
17436     0.698039
17437     0.698039
17438     0.698039
17439     0.698039
17440     0.690196
17441     0.682353
17442     0.674510
17443     0.666667
17444     0.666667
17445     0.666667
17446     0.670588
17447     0.674510
17448     0.674510
17449     0.674510
17450     0.674510
17451     0.674510
17452     0.662745
17453     0.650980
17454     0.627451
17455     0.600000
17456     0.564706
17457     0.533333
17458     0.513726
17459     0.501961
17460     0.494118
17461     0.494118
17462     0.482353
17463     0.470588
17464     0.474510
17465     0.490196
17466     0.490196
17467     0.474510
17468     0.466667
17469     0.474510
17470     0.454902
17471     0.423529
17472     0.427451
17473     0.435294
17474     0.376471
17475     0.290196
17476     0.211765
17477     0.184314
17478     0.172549
17479     0.713726
17480     0.709804
17481     0.705882
17482     0.701961
17483     0.698039
17484     0.698039
17485     0.698039
17486     0.701961
17487     0.694118
17488     0.694118
17489     0.690196
17490     0.690196
17491     0.690196
17492     0.694118
17493     0.698039
17494     0.701961
17495     0.686275
17496     0.678431
17497     0.666667
17498     0.654902
17499     0.647059
17500     0.647059
17501     0.650980
17502     0.654902
17503     0.635294
17504     0.647059
17505     0.662745
17506     0.674510
17507     0.678431
17508     0.670588
17509     0.658824
17510     0.647059
17511     0.627451
17512     0.619608
17513     0.603922
17514     0.592157
17515     0.580392
17516     0.576471
17517     0.580392
17518     0.580392
17519     0.584314
17520     0.564706
17521     0.549020
17522     0.552941
17523     0.576471
17524     0.600000
17525     0.615686
17526     0.619608
17527     0.643137
17528     0.639216
17529     0.631373
17530     0.619608
17531     0.611765
17532     0.611765
17533     0.619608
17534     0.631373
17535     0.654902
17536     0.650980
17537     0.647059
17538     0.650980
17539     0.658824
17540     0.662745
17541     0.662745
17542     0.654902
17543     0.647059
17544     0.654902
17545     0.666667
17546     0.678431
17547     0.682353
17548     0.682353
17549     0.678431
17550     0.674510
17551     0.686275
17552     0.690196
17553     0.694118
17554     0.698039
17555     0.701961
17556     0.701961
17557     0.701961
17558     0.701961
17559     0.682353
17560     0.678431
17561     0.674510
17562     0.678431
17563     0.682353
17564     0.690196
17565     0.698039
17566     0.705882
17567     0.686275
17568     0.670588
17569     0.647059
17570     0.639216
17571     0.647059
17572     0.666667
17573     0.682353
17574     0.690196
17575     0.717647
17576     0.721569
17577     0.721569
17578     0.713726
17579     0.698039
17580     0.682353
17581     0.678431
17582     0.678431
17583     0.682353
17584     0.678431
17585     0.678431
17586     0.678431
17587     0.682353
17588     0.682353
17589     0.682353
17590     0.682353
17591     0.674510
17592     0.674510
17593     0.678431
17594     0.674510
17595     0.674510
17596     0.670588
17597     0.662745
17598     0.662745
17599     0.662745
17600     0.658824
17601     0.658824
17602     0.654902
17603     0.658824
17604     0.662745
17605     0.670588
17606     0.674510
17607     0.666667
17608     0.674510
17609     0.682353
17610     0.690196
17611     0.698039
17612     0.701961
17613     0.701961
17614     0.705882
17615     0.709804
17616     0.709804
17617     0.709804
17618     0.705882
17619     0.701961
17620     0.694118
17621     0.686275
17622     0.682353
17623     0.666667
17624     0.674510
17625     0.686275
17626     0.698039
17627     0.701961
17628     0.701961
17629     0.698039
17630     0.698039
17631     0.686275
17632     0.686275
17633     0.682353
17634     0.682353
17635     0.682353
17636     0.682353
17637     0.686275
17638     0.686275
17639     0.698039
17640     0.694118
17641     0.690196
17642     0.686275
17643     0.682353
17644     0.678431
17645     0.674510
17646     0.674510
17647     0.670588
17648     0.674510
17649     0.686275
17650     0.698039
17651     0.709804
17652     0.721569
17653     0.729412
17654     0.733333
17655     0.717647
17656     0.717647
17657     0.713726
17658     0.705882
17659     0.694118
17660     0.690196
17661     0.698039
17662     0.705882
17663     0.698039
17664     0.698039
17665     0.698039
17666     0.694118
17667     0.690196
17668     0.682353
17669     0.678431
17670     0.674510
17671     0.666667
17672     0.670588
17673     0.678431
17674     0.682353
17675     0.678431
17676     0.670588
17677     0.658824
17678     0.654902
17679     0.650980
17680     0.643137
17681     0.627451
17682     0.592157
17683     0.552941
17684     0.513726
17685     0.490196
17686     0.482353
17687     0.470588
17688     0.474510
17689     0.466667
17690     0.458824
17691     0.466667
17692     0.490196
17693     0.494118
17694     0.482353
17695     0.466667
17696     0.450980
17697     0.423529
17698     0.403922
17699     0.396078
17700     0.372549
17701     0.305882
17702     0.243137
17703     0.176471
17704     0.160784
17705     0.160784
17706     0.713726
17707     0.709804
17708     0.701961
17709     0.698039
17710     0.694118
17711     0.694118
17712     0.694118
17713     0.694118
17714     0.690196
17715     0.690196
17716     0.686275
17717     0.686275
17718     0.690196
17719     0.694118
17720     0.698039
17721     0.698039
17722     0.698039
17723     0.686275
17724     0.674510
17725     0.658824
17726     0.654902
17727     0.654902
17728     0.658824
17729     0.662745
17730     0.643137
17731     0.650980
17732     0.662745
17733     0.674510
17734     0.678431
17735     0.674510
17736     0.666667
17737     0.662745
17738     0.635294
17739     0.623529
17740     0.607843
17741     0.588235
17742     0.576471
17743     0.572549
17744     0.568627
17745     0.568627
17746     0.572549
17747     0.556863
17748     0.545098
17749     0.556863
17750     0.584314
17751     0.607843
17752     0.615686
17753     0.611765
17754     0.627451
17755     0.623529
17756     0.611765
17757     0.592157
17758     0.580392
17759     0.584314
17760     0.603922
17761     0.623529
17762     0.654902
17763     0.650980
17764     0.650980
17765     0.654902
17766     0.662745
17767     0.666667
17768     0.662745
17769     0.654902
17770     0.650980
17771     0.658824
17772     0.678431
17773     0.694118
17774     0.701961
17775     0.705882
17776     0.701961
17777     0.698039
17778     0.713726
17779     0.713726
17780     0.717647
17781     0.713726
17782     0.713726
17783     0.709804
17784     0.705882
17785     0.701961
17786     0.690196
17787     0.686275
17788     0.682353
17789     0.682353
17790     0.690196
17791     0.698039
17792     0.709804
17793     0.713726
17794     0.694118
17795     0.678431
17796     0.662745
17797     0.654902
17798     0.662745
17799     0.678431
17800     0.690196
17801     0.694118
17802     0.721569
17803     0.721569
17804     0.721569
17805     0.709804
17806     0.690196
17807     0.678431
17808     0.674510
17809     0.674510
17810     0.678431
17811     0.678431
17812     0.678431
17813     0.678431
17814     0.682353
17815     0.686275
17816     0.690196
17817     0.690196
17818     0.686275
17819     0.686275
17820     0.686275
17821     0.686275
17822     0.682353
17823     0.678431
17824     0.670588
17825     0.670588
17826     0.662745
17827     0.658824
17828     0.658824
17829     0.658824
17830     0.662745
17831     0.670588
17832     0.678431
17833     0.682353
17834     0.674510
17835     0.682353
17836     0.690196
17837     0.698039
17838     0.705882
17839     0.705882
17840     0.705882
17841     0.705882
17842     0.709804
17843     0.713726
17844     0.709804
17845     0.709804
17846     0.705882
17847     0.698039
17848     0.694118
17849     0.690196
17850     0.678431
17851     0.682353
17852     0.686275
17853     0.690196
17854     0.690196
17855     0.690196
17856     0.690196
17857     0.686275
17858     0.686275
17859     0.682353
17860     0.682353
17861     0.682353
17862     0.682353
17863     0.682353
17864     0.682353
17865     0.682353
17866     0.690196
17867     0.690196
17868     0.686275
17869     0.678431
17870     0.674510
17871     0.670588
17872     0.666667
17873     0.666667
17874     0.670588
17875     0.678431
17876     0.690196
17877     0.705882
17878     0.713726
17879     0.721569
17880     0.721569
17881     0.717647
17882     0.709804
17883     0.717647
17884     0.721569
17885     0.713726
17886     0.701961
17887     0.694118
17888     0.694118
17889     0.698039
17890     0.701961
17891     0.701961
17892     0.698039
17893     0.690196
17894     0.686275
17895     0.678431
17896     0.670588
17897     0.670588
17898     0.666667
17899     0.674510
17900     0.686275
17901     0.690196
17902     0.686275
17903     0.666667
17904     0.647059
17905     0.631373
17906     0.627451
17907     0.619608
17908     0.600000
17909     0.560784
17910     0.521569
17911     0.490196
17912     0.474510
17913     0.474510
17914     0.458824
17915     0.462745
17916     0.454902
17917     0.447059
17918     0.458824
17919     0.482353
17920     0.490196
17921     0.478431
17922     0.427451
17923     0.407843
17924     0.396078
17925     0.384314
17926     0.349020
17927     0.286275
17928     0.243137
17929     0.231373
17930     0.188235
17931     0.172549
17932     0.172549
17933     0.709804
17934     0.705882
17935     0.698039
17936     0.690196
17937     0.686275
17938     0.686275
17939     0.690196
17940     0.690196
17941     0.690196
17942     0.686275
17943     0.686275
17944     0.686275
17945     0.686275
17946     0.690196
17947     0.694118
17948     0.698039
17949     0.705882
17950     0.694118
17951     0.678431
17952     0.666667
17953     0.658824
17954     0.658824
17955     0.666667
17956     0.670588
17957     0.658824
17958     0.662745
17959     0.666667
17960     0.670588
17961     0.674510
17962     0.678431
17963     0.678431
17964     0.682353
17965     0.639216
17966     0.627451
17967     0.607843
17968     0.588235
17969     0.576471
17970     0.564706
17971     0.564706
17972     0.564706
17973     0.568627
17974     0.556863
17975     0.549020
17976     0.560784
17977     0.592157
17978     0.615686
17979     0.615686
17980     0.611765
17981     0.611765
17982     0.607843
17983     0.592157
17984     0.572549
17985     0.560784
17986     0.572549
17987     0.600000
17988     0.623529
17989     0.658824
17990     0.654902
17991     0.654902
17992     0.658824
17993     0.666667
17994     0.666667
17995     0.662745
17996     0.654902
17997     0.654902
17998     0.666667
17999     0.690196
18000     0.709804
18001     0.725490
18002     0.729412
18003     0.729412
18004     0.729412
18005     0.729412
18006     0.729412
18007     0.729412
18008     0.725490
18009     0.721569
18010     0.713726
18011     0.705882
18012     0.701961
18013     0.701961
18014     0.698039
18015     0.690196
18016     0.690196
18017     0.694118
18018     0.705882
18019     0.717647
18020     0.725490
18021     0.701961
18022     0.690196
18023     0.674510
18024     0.666667
18025     0.674510
18026     0.682353
18027     0.690196
18028     0.690196
18029     0.713726
18030     0.713726
18031     0.713726
18032     0.701961
18033     0.686275
18034     0.674510
18035     0.670588
18036     0.674510
18037     0.678431
18038     0.678431
18039     0.678431
18040     0.682353
18041     0.686275
18042     0.690196
18043     0.698039
18044     0.701961
18045     0.694118
18046     0.694118
18047     0.694118
18048     0.694118
18049     0.690196
18050     0.682353
18051     0.678431
18052     0.674510
18053     0.662745
18054     0.662745
18055     0.658824
18056     0.662745
18057     0.666667
18058     0.674510
18059     0.682353
18060     0.690196
18061     0.686275
18062     0.690196
18063     0.698039
18064     0.705882
18065     0.709804
18066     0.709804
18067     0.709804
18068     0.709804
18069     0.713726
18070     0.713726
18071     0.713726
18072     0.709804
18073     0.709804
18074     0.701961
18075     0.698039
18076     0.694118
18077     0.694118
18078     0.694118
18079     0.690196
18080     0.686275
18081     0.682353
18082     0.682353
18083     0.678431
18084     0.678431
18085     0.682353
18086     0.682353
18087     0.682353
18088     0.682353
18089     0.682353
18090     0.682353
18091     0.682353
18092     0.682353
18093     0.686275
18094     0.682353
18095     0.682353
18096     0.674510
18097     0.670588
18098     0.666667
18099     0.662745
18100     0.662745
18101     0.670588
18102     0.678431
18103     0.698039
18104     0.709804
18105     0.717647
18106     0.717647
18107     0.713726
18108     0.709804
18109     0.705882
18110     0.717647
18111     0.725490
18112     0.721569
18113     0.705882
18114     0.690196
18115     0.686275
18116     0.690196
18117     0.709804
18118     0.705882
18119     0.698039
18120     0.690196
18121     0.682353
18122     0.670588
18123     0.666667
18124     0.662745
18125     0.662745
18126     0.674510
18127     0.690196
18128     0.698039
18129     0.686275
18130     0.662745
18131     0.635294
18132     0.619608
18133     0.607843
18134     0.600000
18135     0.572549
18136     0.533333
18137     0.494118
18138     0.470588
18139     0.466667
18140     0.474510
18141     0.454902
18142     0.458824
18143     0.454902
18144     0.443137
18145     0.454902
18146     0.474510
18147     0.478431
18148     0.466667
18149     0.388235
18150     0.376471
18151     0.376471
18152     0.372549
18153     0.313726
18154     0.227451
18155     0.203922
18156     0.235294
18157     0.215686
18158     0.196078
18159     0.184314
18160     0.709804
18161     0.705882
18162     0.698039
18163     0.690196
18164     0.686275
18165     0.686275
18166     0.686275
18167     0.686275
18168     0.682353
18169     0.686275
18170     0.690196
18171     0.694118
18172     0.698039
18173     0.698039
18174     0.698039
18175     0.698039
18176     0.698039
18177     0.698039
18178     0.701961
18179     0.698039
18180     0.694118
18181     0.682353
18182     0.674510
18183     0.666667
18184     0.678431
18185     0.674510
18186     0.674510
18187     0.674510
18188     0.674510
18189     0.678431
18190     0.682353
18191     0.686275
18192     0.650980
18193     0.635294
18194     0.615686
18195     0.600000
18196     0.584314
18197     0.572549
18198     0.556863
18199     0.545098
18200     0.556863
18201     0.545098
18202     0.545098
18203     0.564706
18204     0.600000
18205     0.627451
18206     0.631373
18207     0.627451
18208     0.611765
18209     0.607843
18210     0.592157
18211     0.572549
18212     0.560784
18213     0.568627
18214     0.596078
18215     0.619608
18216     0.643137
18217     0.658824
18218     0.674510
18219     0.670588
18220     0.650980
18221     0.639216
18222     0.647059
18223     0.654902
18224     0.658824
18225     0.682353
18226     0.713726
18227     0.737255
18228     0.745098
18229     0.741176
18230     0.733333
18231     0.729412
18232     0.713726
18233     0.705882
18234     0.698039
18235     0.701961
18236     0.709804
18237     0.705882
18238     0.694118
18239     0.682353
18240     0.690196
18241     0.686275
18242     0.686275
18243     0.690196
18244     0.694118
18245     0.698039
18246     0.701961
18247     0.705882
18248     0.674510
18249     0.678431
18250     0.682353
18251     0.690196
18252     0.698039
18253     0.705882
18254     0.709804
18255     0.713726
18256     0.713726
18257     0.709804
18258     0.698039
18259     0.686275
18260     0.674510
18261     0.666667
18262     0.662745
18263     0.658824
18264     0.662745
18265     0.662745
18266     0.670588
18267     0.682353
18268     0.694118
18269     0.701961
18270     0.698039
18271     0.690196
18272     0.698039
18273     0.701961
18274     0.705882
18275     0.705882
18276     0.698039
18277     0.682353
18278     0.666667
18279     0.654902
18280     0.666667
18281     0.662745
18282     0.662745
18283     0.662745
18284     0.670588
18285     0.678431
18286     0.690196
18287     0.694118
18288     0.690196
18289     0.694118
18290     0.698039
18291     0.705882
18292     0.713726
18293     0.721569
18294     0.725490
18295     0.729412
18296     0.709804
18297     0.713726
18298     0.713726
18299     0.701961
18300     0.690196
18301     0.682353
18302     0.682353
18303     0.682353
18304     0.690196
18305     0.694118
18306     0.694118
18307     0.694118
18308     0.690196
18309     0.682353
18310     0.674510
18311     0.666667
18312     0.670588
18313     0.670588
18314     0.674510
18315     0.678431
18316     0.674510
18317     0.670588
18318     0.662745
18319     0.658824
18320     0.670588
18321     0.674510
18322     0.674510
18323     0.678431
18324     0.678431
18325     0.674510
18326     0.670588
18327     0.670588
18328     0.670588
18329     0.674510
18330     0.682353
18331     0.690196
18332     0.698039
18333     0.698039
18334     0.701961
18335     0.701961
18336     0.705882
18337     0.713726
18338     0.721569
18339     0.713726
18340     0.694118
18341     0.682353
18342     0.682353
18343     0.686275
18344     0.701961
18345     0.698039
18346     0.690196
18347     0.686275
18348     0.690196
18349     0.686275
18350     0.682353
18351     0.674510
18352     0.647059
18353     0.674510
18354     0.698039
18355     0.701961
18356     0.678431
18357     0.647059
18358     0.623529
18359     0.611765
18360     0.568627
18361     0.564706
18362     0.521569
18363     0.466667
18364     0.458824
18365     0.482353
18366     0.462745
18367     0.415686
18368     0.439216
18369     0.478431
18370     0.482353
18371     0.447059
18372     0.427451
18373     0.439216
18374     0.423529
18375     0.388235
18376     0.329412
18377     0.329412
18378     0.329412
18379     0.313726
18380     0.266667
18381     0.211765
18382     0.192157
18383     0.200000
18384     0.188235
18385     0.184314
18386     0.180392
18387     0.713726
18388     0.709804
18389     0.705882
18390     0.698039
18391     0.694118
18392     0.694118
18393     0.694118
18394     0.694118
18395     0.690196
18396     0.694118
18397     0.698039
18398     0.701961
18399     0.701961
18400     0.701961
18401     0.698039
18402     0.698039
18403     0.701961
18404     0.701961
18405     0.701961
18406     0.701961
18407     0.694118
18408     0.686275
18409     0.678431
18410     0.674510
18411     0.682353
18412     0.682353
18413     0.682353
18414     0.678431
18415     0.678431
18416     0.678431
18417     0.682353
18418     0.682353
18419     0.654902
18420     0.639216
18421     0.615686
18422     0.600000
18423     0.588235
18424     0.576471
18425     0.560784
18426     0.552941
18427     0.556863
18428     0.549020
18429     0.552941
18430     0.576471
18431     0.607843
18432     0.627451
18433     0.631373
18434     0.623529
18435     0.623529
18436     0.615686
18437     0.600000
18438     0.580392
18439     0.572549
18440     0.580392
18441     0.607843
18442     0.631373
18443     0.643137
18444     0.658824
18445     0.670588
18446     0.666667
18447     0.650980
18448     0.639216
18449     0.643137
18450     0.650980
18451     0.678431
18452     0.698039
18453     0.725490
18454     0.741176
18455     0.737255
18456     0.733333
18457     0.733333
18458     0.737255
18459     0.721569
18460     0.709804
18461     0.701961
18462     0.701961
18463     0.705882
18464     0.705882
18465     0.694118
18466     0.686275
18467     0.690196
18468     0.690196
18469     0.690196
18470     0.690196
18471     0.694118
18472     0.698039
18473     0.701961
18474     0.705882
18475     0.678431
18476     0.678431
18477     0.682353
18478     0.690196
18479     0.694118
18480     0.701961
18481     0.705882
18482     0.705882
18483     0.701961
18484     0.698039
18485     0.690196
18486     0.682353
18487     0.670588
18488     0.662745
18489     0.654902
18490     0.650980
18491     0.647059
18492     0.647059
18493     0.654902
18494     0.670588
18495     0.682353
18496     0.694118
18497     0.698039
18498     0.698039
18499     0.705882
18500     0.709804
18501     0.709804
18502     0.709804
18503     0.701961
18504     0.686275
18505     0.670588
18506     0.658824
18507     0.666667
18508     0.666667
18509     0.666667
18510     0.670588
18511     0.678431
18512     0.682353
18513     0.690196
18514     0.694118
18515     0.694118
18516     0.698039
18517     0.705882
18518     0.713726
18519     0.721569
18520     0.725490
18521     0.729412
18522     0.729412
18523     0.713726
18524     0.717647
18525     0.717647
18526     0.709804
18527     0.698039
18528     0.686275
18529     0.686275
18530     0.686275
18531     0.694118
18532     0.694118
18533     0.698039
18534     0.698039
18535     0.690196
18536     0.682353
18537     0.674510
18538     0.670588
18539     0.650980
18540     0.654902
18541     0.662745
18542     0.670588
18543     0.674510
18544     0.674510
18545     0.674510
18546     0.670588
18547     0.674510
18548     0.674510
18549     0.678431
18550     0.678431
18551     0.678431
18552     0.678431
18553     0.674510
18554     0.670588
18555     0.678431
18556     0.682353
18557     0.686275
18558     0.690196
18559     0.694118
18560     0.698039
18561     0.698039
18562     0.694118
18563     0.721569
18564     0.729412
18565     0.733333
18566     0.721569
18567     0.705882
18568     0.690196
18569     0.690196
18570     0.694118
18571     0.701961
18572     0.694118
18573     0.690196
18574     0.690196
18575     0.694118
18576     0.694118
18577     0.686275
18578     0.678431
18579     0.658824
18580     0.670588
18581     0.682353
18582     0.678431
18583     0.658824
18584     0.631373
18585     0.607843
18586     0.592157
18587     0.556863
18588     0.545098
18589     0.498039
18590     0.447059
18591     0.443137
18592     0.462745
18593     0.443137
18594     0.396078
18595     0.388235
18596     0.439216
18597     0.462745
18598     0.435294
18599     0.407843
18600     0.396078
18601     0.364706
18602     0.321569
18603     0.294118
18604     0.290196
18605     0.290196
18606     0.278431
18607     0.239216
18608     0.196078
18609     0.184314
18610     0.196078
18611     0.184314
18612     0.180392
18613     0.176471
18614     0.713726
18615     0.709804
18616     0.701961
18617     0.694118
18618     0.694118
18619     0.694118
18620     0.698039
18621     0.701961
18622     0.701961
18623     0.705882
18624     0.705882
18625     0.705882
18626     0.705882
18627     0.705882
18628     0.701961
18629     0.698039
18630     0.705882
18631     0.705882
18632     0.705882
18633     0.705882
18634     0.698039
18635     0.694118
18636     0.686275
18637     0.686275
18638     0.694118
18639     0.694118
18640     0.690196
18641     0.690196
18642     0.686275
18643     0.682353
18644     0.682353
18645     0.678431
18646     0.658824
18647     0.643137
18648     0.619608
18649     0.603922
18650     0.592157
18651     0.584314
18652     0.572549
18653     0.560784
18654     0.560784
18655     0.560784
18656     0.568627
18657     0.588235
18658     0.615686
18659     0.631373
18660     0.627451
18661     0.619608
18662     0.623529
18663     0.615686
18664     0.596078
18665     0.580392
18666     0.576471
18667     0.588235
18668     0.615686
18669     0.635294
18670     0.647059
18671     0.658824
18672     0.666667
18673     0.658824
18674     0.643137
18675     0.635294
18676     0.639216
18677     0.647059
18678     0.698039
18679     0.717647
18680     0.737255
18681     0.737255
18682     0.725490
18683     0.717647
18684     0.729412
18685     0.745098
18686     0.729412
18687     0.717647
18688     0.709804
18689     0.705882
18690     0.705882
18691     0.705882
18692     0.698039
18693     0.694118
18694     0.698039
18695     0.694118
18696     0.694118
18697     0.690196
18698     0.694118
18699     0.694118
18700     0.698039
18701     0.698039
18702     0.678431
18703     0.678431
18704     0.682353
18705     0.686275
18706     0.690196
18707     0.694118
18708     0.694118
18709     0.698039
18710     0.686275
18711     0.686275
18712     0.682353
18713     0.678431
18714     0.670588
18715     0.658824
18716     0.647059
18717     0.639216
18718     0.631373
18719     0.635294
18720     0.639216
18721     0.650980
18722     0.666667
18723     0.682353
18724     0.698039
18725     0.709804
18726     0.717647
18727     0.717647
18728     0.717647
18729     0.717647
18730     0.705882
18731     0.690196
18732     0.674510
18733     0.666667
18734     0.666667
18735     0.670588
18736     0.678431
18737     0.682353
18738     0.686275
18739     0.690196
18740     0.690196
18741     0.690196
18742     0.698039
18743     0.705882
18744     0.717647
18745     0.725490
18746     0.733333
18747     0.733333
18748     0.729412
18749     0.725490
18750     0.717647
18751     0.721569
18752     0.721569
18753     0.717647
18754     0.705882
18755     0.694118
18756     0.694118
18757     0.694118
18758     0.698039
18759     0.698039
18760     0.701961
18761     0.698039
18762     0.694118
18763     0.686275
18764     0.678431
18765     0.670588
18766     0.647059
18767     0.654902
18768     0.662745
18769     0.670588
18770     0.674510
18771     0.678431
18772     0.674510
18773     0.674510
18774     0.678431
18775     0.678431
18776     0.682353
18777     0.682353
18778     0.686275
18779     0.682353
18780     0.682353
18781     0.678431
18782     0.682353
18783     0.686275
18784     0.690196
18785     0.694118
18786     0.698039
18787     0.698039
18788     0.694118
18789     0.694118
18790     0.729412
18791     0.733333
18792     0.733333
18793     0.725490
18794     0.709804
18795     0.698039
18796     0.694118
18797     0.694118
18798     0.701961
18799     0.698039
18800     0.694118
18801     0.698039
18802     0.705882
18803     0.705882
18804     0.698039
18805     0.690196
18806     0.698039
18807     0.694118
18808     0.686275
18809     0.678431
18810     0.662745
18811     0.635294
18812     0.603922
18813     0.580392
18814     0.537255
18815     0.513726
18816     0.466667
18817     0.423529
18818     0.427451
18819     0.439216
18820     0.411765
18821     0.356863
18822     0.321569
18823     0.380392
18824     0.419608
18825     0.403922
18826     0.364706
18827     0.333333
18828     0.294118
18829     0.250980
18830     0.243137
18831     0.235294
18832     0.235294
18833     0.231373
18834     0.203922
18835     0.172549
18836     0.172549
18837     0.188235
18838     0.180392
18839     0.176471
18840     0.172549
18841     0.705882
18842     0.698039
18843     0.694118
18844     0.686275
18845     0.686275
18846     0.690196
18847     0.694118
18848     0.701961
18849     0.709804
18850     0.713726
18851     0.713726
18852     0.713726
18853     0.709804
18854     0.705882
18855     0.701961
18856     0.698039
18857     0.705882
18858     0.705882
18859     0.705882
18860     0.701961
18861     0.701961
18862     0.698039
18863     0.694118
18864     0.694118
18865     0.705882
18866     0.701961
18867     0.701961
18868     0.698039
18869     0.694118
18870     0.686275
18871     0.682353
18872     0.678431
18873     0.662745
18874     0.647059
18875     0.623529
18876     0.607843
18877     0.600000
18878     0.592157
18879     0.584314
18880     0.576471
18881     0.572549
18882     0.572549
18883     0.584314
18884     0.603922
18885     0.623529
18886     0.631373
18887     0.627451
18888     0.615686
18889     0.615686
18890     0.607843
18891     0.592157
18892     0.580392
18893     0.580392
18894     0.592157
18895     0.615686
18896     0.631373
18897     0.647059
18898     0.654902
18899     0.658824
18900     0.654902
18901     0.643137
18902     0.635294
18903     0.639216
18904     0.643137
18905     0.709804
18906     0.721569
18907     0.733333
18908     0.721569
18909     0.698039
18910     0.694118
18911     0.713726
18912     0.733333
18913     0.729412
18914     0.721569
18915     0.713726
18916     0.705882
18917     0.705882
18918     0.701961
18919     0.701961
18920     0.701961
18921     0.701961
18922     0.698039
18923     0.694118
18924     0.690196
18925     0.690196
18926     0.690196
18927     0.690196
18928     0.690196
18929     0.678431
18930     0.678431
18931     0.678431
18932     0.682353
18933     0.682353
18934     0.682353
18935     0.682353
18936     0.686275
18937     0.674510
18938     0.678431
18939     0.682353
18940     0.678431
18941     0.674510
18942     0.658824
18943     0.647059
18944     0.639216
18945     0.635294
18946     0.639216
18947     0.639216
18948     0.643137
18949     0.654902
18950     0.670588
18951     0.694118
18952     0.709804
18953     0.725490
18954     0.725490
18955     0.725490
18956     0.721569
18957     0.709804
18958     0.698039
18959     0.682353
18960     0.674510
18961     0.674510
18962     0.678431
18963     0.686275
18964     0.690196
18965     0.694118
18966     0.694118
18967     0.690196
18968     0.686275
18969     0.698039
18970     0.709804
18971     0.721569
18972     0.733333
18973     0.737255
18974     0.733333
18975     0.725490
18976     0.721569
18977     0.713726
18978     0.721569
18979     0.725490
18980     0.721569
18981     0.709804
18982     0.701961
18983     0.698039
18984     0.698039
18985     0.698039
18986     0.698039
18987     0.701961
18988     0.701961
18989     0.694118
18990     0.686275
18991     0.678431
18992     0.674510
18993     0.666667
18994     0.670588
18995     0.674510
18996     0.678431
18997     0.678431
18998     0.674510
18999     0.670588
19000     0.666667
19001     0.682353
19002     0.682353
19003     0.686275
19004     0.690196
19005     0.690196
19006     0.690196
19007     0.686275
19008     0.686275
19009     0.682353
19010     0.686275
19011     0.694118
19012     0.698039
19013     0.701961
19014     0.705882
19015     0.705882
19016     0.705882
19017     0.721569
19018     0.725490
19019     0.725490
19020     0.721569
19021     0.713726
19022     0.705882
19023     0.701961
19024     0.701961
19025     0.705882
19026     0.701961
19027     0.705882
19028     0.709804
19029     0.717647
19030     0.717647
19031     0.709804
19032     0.701961
19033     0.709804
19034     0.698039
19035     0.686275
19036     0.678431
19037     0.658824
19038     0.627451
19039     0.580392
19040     0.549020
19041     0.505882
19042     0.482353
19043     0.439216
19044     0.411765
19045     0.415686
19046     0.415686
19047     0.368627
19048     0.309804
19049     0.266667
19050     0.317647
19051     0.352941
19052     0.337255
19053     0.298039
19054     0.270588
19055     0.243137
19056     0.215686
19057     0.200000
19058     0.188235
19059     0.188235
19060     0.188235
19061     0.176471
19062     0.156863
19063     0.164706
19064     0.184314
19065     0.180392
19066     0.180392
19067     0.176471
19068     0.701961
19069     0.698039
19070     0.690196
19071     0.682353
19072     0.686275
19073     0.690196
19074     0.701961
19075     0.709804
19076     0.709804
19077     0.709804
19078     0.709804
19079     0.709804
19080     0.709804
19081     0.705882
19082     0.698039
19083     0.698039
19084     0.701961
19085     0.698039
19086     0.698039
19087     0.698039
19088     0.694118
19089     0.694118
19090     0.698039
19091     0.698039
19092     0.705882
19093     0.705882
19094     0.705882
19095     0.701961
19096     0.698039
19097     0.690196
19098     0.682353
19099     0.674510
19100     0.670588
19101     0.650980
19102     0.627451
19103     0.611765
19104     0.603922
19105     0.600000
19106     0.596078
19107     0.592157
19108     0.584314
19109     0.588235
19110     0.600000
19111     0.615686
19112     0.627451
19113     0.631373
19114     0.623529
19115     0.619608
19116     0.619608
19117     0.607843
19118     0.596078
19119     0.592157
19120     0.600000
19121     0.611765
19122     0.627451
19123     0.635294
19124     0.647059
19125     0.650980
19126     0.650980
19127     0.647059
19128     0.643137
19129     0.639216
19130     0.643137
19131     0.647059
19132     0.698039
19133     0.705882
19134     0.705882
19135     0.686275
19136     0.670588
19137     0.666667
19138     0.690196
19139     0.709804
19140     0.717647
19141     0.717647
19142     0.717647
19143     0.709804
19144     0.705882
19145     0.701961
19146     0.705882
19147     0.705882
19148     0.701961
19149     0.698039
19150     0.694118
19151     0.686275
19152     0.682353
19153     0.682353
19154     0.678431
19155     0.678431
19156     0.674510
19157     0.674510
19158     0.674510
19159     0.674510
19160     0.674510
19161     0.674510
19162     0.674510
19163     0.674510
19164     0.670588
19165     0.674510
19166     0.678431
19167     0.678431
19168     0.674510
19169     0.662745
19170     0.650980
19171     0.643137
19172     0.650980
19173     0.654902
19174     0.654902
19175     0.650980
19176     0.647059
19177     0.662745
19178     0.686275
19179     0.701961
19180     0.729412
19181     0.729412
19182     0.725490
19183     0.721569
19184     0.713726
19185     0.701961
19186     0.694118
19187     0.686275
19188     0.678431
19189     0.682353
19190     0.690196
19191     0.694118
19192     0.694118
19193     0.690196
19194     0.686275
19195     0.682353
19196     0.698039
19197     0.705882
19198     0.717647
19199     0.729412
19200     0.729412
19201     0.725490
19202     0.713726
19203     0.709804
19204     0.709804
19205     0.717647
19206     0.725490
19207     0.721569
19208     0.713726
19209     0.701961
19210     0.698039
19211     0.694118
19212     0.694118
19213     0.698039
19214     0.698039
19215     0.698039
19216     0.694118
19217     0.686275
19218     0.678431
19219     0.670588
19220     0.674510
19221     0.678431
19222     0.686275
19223     0.690196
19224     0.690196
19225     0.686275
19226     0.682353
19227     0.678431
19228     0.686275
19229     0.686275
19230     0.690196
19231     0.694118
19232     0.698039
19233     0.698039
19234     0.698039
19235     0.694118
19236     0.682353
19237     0.690196
19238     0.698039
19239     0.705882
19240     0.713726
19241     0.717647
19242     0.717647
19243     0.721569
19244     0.721569
19245     0.721569
19246     0.721569
19247     0.725490
19248     0.725490
19249     0.725490
19250     0.721569
19251     0.717647
19252     0.709804
19253     0.709804
19254     0.709804
19255     0.717647
19256     0.725490
19257     0.725490
19258     0.713726
19259     0.705882
19260     0.682353
19261     0.670588
19262     0.658824
19263     0.647059
19264     0.623529
19265     0.584314
19266     0.529412
19267     0.490196
19268     0.470588
19269     0.450980
19270     0.419608
19271     0.400000
19272     0.396078
19273     0.372549
19274     0.313726
19275     0.258824
19276     0.219608
19277     0.243137
19278     0.254902
19279     0.239216
19280     0.215686
19281     0.207843
19282     0.207843
19283     0.207843
19284     0.176471
19285     0.164706
19286     0.160784
19287     0.164706
19288     0.160784
19289     0.152941
19290     0.164706
19291     0.184314
19292     0.188235
19293     0.184314
19294     0.180392
19295     0.701961
19296     0.698039
19297     0.686275
19298     0.682353
19299     0.686275
19300     0.694118
19301     0.705882
19302     0.717647
19303     0.698039
19304     0.701961
19305     0.701961
19306     0.701961
19307     0.701961
19308     0.698039
19309     0.694118
19310     0.694118
19311     0.690196
19312     0.690196
19313     0.686275
19314     0.686275
19315     0.686275
19316     0.690196
19317     0.694118
19318     0.694118
19319     0.701961
19320     0.705882
19321     0.705882
19322     0.705882
19323     0.701961
19324     0.690196
19325     0.682353
19326     0.674510
19327     0.674510
19328     0.658824
19329     0.635294
19330     0.615686
19331     0.611765
19332     0.611765
19333     0.607843
19334     0.603922
19335     0.600000
19336     0.607843
19337     0.615686
19338     0.623529
19339     0.627451
19340     0.627451
19341     0.627451
19342     0.623529
19343     0.627451
19344     0.619608
19345     0.615686
19346     0.619608
19347     0.631373
19348     0.643137
19349     0.647059
19350     0.647059
19351     0.647059
19352     0.647059
19353     0.647059
19354     0.643137
19355     0.647059
19356     0.650980
19357     0.654902
19358     0.654902
19359     0.682353
19360     0.674510
19361     0.666667
19362     0.650980
19363     0.647059
19364     0.650980
19365     0.666667
19366     0.682353
19367     0.698039
19368     0.705882
19369     0.713726
19370     0.713726
19371     0.709804
19372     0.705882
19373     0.705882
19374     0.709804
19375     0.701961
19376     0.698039
19377     0.690196
19378     0.682353
19379     0.674510
19380     0.670588
19381     0.666667
19382     0.666667
19383     0.666667
19384     0.666667
19385     0.666667
19386     0.670588
19387     0.670588
19388     0.670588
19389     0.670588
19390     0.670588
19391     0.666667
19392     0.670588
19393     0.670588
19394     0.670588
19395     0.666667
19396     0.662745
19397     0.654902
19398     0.647059
19399     0.658824
19400     0.666667
19401     0.666667
19402     0.654902
19403     0.647059
19404     0.654902
19405     0.674510
19406     0.694118
19407     0.725490
19408     0.725490
19409     0.721569
19410     0.721569
19411     0.713726
19412     0.709804
19413     0.701961
19414     0.698039
19415     0.686275
19416     0.686275
19417     0.690196
19418     0.690196
19419     0.690196
19420     0.686275
19421     0.682353
19422     0.682353
19423     0.690196
19424     0.698039
19425     0.705882
19426     0.709804
19427     0.709804
19428     0.705882
19429     0.698039
19430     0.694118
19431     0.698039
19432     0.709804
19433     0.717647
19434     0.717647
19435     0.709804
19436     0.698039
19437     0.690196
19438     0.690196
19439     0.690196
19440     0.694118
19441     0.694118
19442     0.694118
19443     0.690196
19444     0.682353
19445     0.674510
19446     0.666667
19447     0.666667
19448     0.670588
19449     0.682353
19450     0.694118
19451     0.701961
19452     0.701961
19453     0.701961
19454     0.701961
19455     0.690196
19456     0.690196
19457     0.698039
19458     0.701961
19459     0.705882
19460     0.705882
19461     0.705882
19462     0.701961
19463     0.698039
19464     0.701961
19465     0.705882
19466     0.713726
19467     0.721569
19468     0.725490
19469     0.729412
19470     0.729412
19471     0.729412
19472     0.725490
19473     0.725490
19474     0.729412
19475     0.737255
19476     0.737255
19477     0.729412
19478     0.721569
19479     0.705882
19480     0.705882
19481     0.709804
19482     0.713726
19483     0.721569
19484     0.717647
19485     0.705882
19486     0.694118
19487     0.662745
19488     0.654902
19489     0.643137
19490     0.619608
19491     0.588235
19492     0.541176
19493     0.490196
19494     0.458824
19495     0.435294
19496     0.415686
19497     0.388235
19498     0.368627
19499     0.345098
19500     0.305882
19501     0.254902
19502     0.211765
19503     0.176471
19504     0.176471
19505     0.172549
19506     0.164706
19507     0.160784
19508     0.168627
19509     0.184314
19510     0.196078
19511     0.172549
19512     0.156863
19513     0.152941
19514     0.164706
19515     0.164706
19516     0.156863
19517     0.160784
19518     0.180392
19519     0.188235
19520     0.184314
19521     0.180392
19522     0.686275
19523     0.678431
19524     0.670588
19525     0.666667
19526     0.666667
19527     0.682353
19528     0.694118
19529     0.705882
19530     0.686275
19531     0.686275
19532     0.690196
19533     0.694118
19534     0.694118
19535     0.694118
19536     0.690196
19537     0.690196
19538     0.678431
19539     0.678431
19540     0.674510
19541     0.674510
19542     0.674510
19543     0.682353
19544     0.686275
19545     0.690196
19546     0.698039
19547     0.701961
19548     0.705882
19549     0.705882
19550     0.701961
19551     0.694118
19552     0.682353
19553     0.674510
19554     0.678431
19555     0.662745
19556     0.635294
19557     0.619608
19558     0.615686
19559     0.615686
19560     0.615686
19561     0.615686
19562     0.615686
19563     0.619608
19564     0.623529
19565     0.627451
19566     0.623529
19567     0.627451
19568     0.627451
19569     0.631373
19570     0.627451
19571     0.623529
19572     0.627451
19573     0.639216
19574     0.654902
19575     0.662745
19576     0.654902
19577     0.647059
19578     0.647059
19579     0.643137
19580     0.639216
19581     0.643137
19582     0.650980
19583     0.658824
19584     0.666667
19585     0.666667
19586     0.662745
19587     0.647059
19588     0.631373
19589     0.623529
19590     0.635294
19591     0.647059
19592     0.654902
19593     0.658824
19594     0.678431
19595     0.694118
19596     0.713726
19597     0.717647
19598     0.713726
19599     0.705882
19600     0.705882
19601     0.705882
19602     0.698039
19603     0.694118
19604     0.686275
19605     0.674510
19606     0.666667
19607     0.658824
19608     0.654902
19609     0.654902
19610     0.658824
19611     0.658824
19612     0.662745
19613     0.662745
19614     0.666667
19615     0.666667
19616     0.670588
19617     0.670588
19618     0.662745
19619     0.662745
19620     0.662745
19621     0.658824
19622     0.654902
19623     0.654902
19624     0.650980
19625     0.650980
19626     0.654902
19627     0.662745
19628     0.666667
19629     0.658824
19630     0.647059
19631     0.647059
19632     0.670588
19633     0.690196
19634     0.717647
19635     0.717647
19636     0.717647
19637     0.717647
19638     0.713726
19639     0.713726
19640     0.709804
19641     0.709804
19642     0.690196
19643     0.690196
19644     0.686275
19645     0.682353
19646     0.678431
19647     0.678431
19648     0.682353
19649     0.682353
19650     0.682353
19651     0.686275
19652     0.690196
19653     0.690196
19654     0.690196
19655     0.686275
19656     0.682353
19657     0.682353
19658     0.686275
19659     0.698039
19660     0.709804
19661     0.709804
19662     0.701961
19663     0.690196
19664     0.682353
19665     0.678431
19666     0.686275
19667     0.690196
19668     0.690196
19669     0.690196
19670     0.686275
19671     0.678431
19672     0.666667
19673     0.662745
19674     0.662745
19675     0.670588
19676     0.682353
19677     0.690196
19678     0.701961
19679     0.701961
19680     0.705882
19681     0.701961
19682     0.690196
19683     0.694118
19684     0.701961
19685     0.705882
19686     0.709804
19687     0.709804
19688     0.709804
19689     0.709804
19690     0.717647
19691     0.721569
19692     0.725490
19693     0.729412
19694     0.729412
19695     0.729412
19696     0.725490
19697     0.725490
19698     0.729412
19699     0.721569
19700     0.717647
19701     0.717647
19702     0.725490
19703     0.721569
19704     0.713726
19705     0.701961
19706     0.694118
19707     0.694118
19708     0.698039
19709     0.701961
19710     0.705882
19711     0.698039
19712     0.682353
19713     0.670588
19714     0.654902
19715     0.647059
19716     0.627451
19717     0.588235
19718     0.541176
19719     0.498039
19720     0.470588
19721     0.454902
19722     0.411765
19723     0.384314
19724     0.349020
19725     0.309804
19726     0.270588
19727     0.227451
19728     0.196078
19729     0.180392
19730     0.152941
19731     0.141176
19732     0.133333
19733     0.145098
19734     0.160784
19735     0.172549
19736     0.176471
19737     0.180392
19738     0.180392
19739     0.160784
19740     0.156863
19741     0.168627
19742     0.168627
19743     0.156863
19744     0.156863
19745     0.168627
19746     0.184314
19747     0.180392
19748     0.180392
19749     0.666667
19750     0.658824
19751     0.647059
19752     0.643137
19753     0.647059
19754     0.658824
19755     0.678431
19756     0.686275
19757     0.674510
19758     0.678431
19759     0.682353
19760     0.686275
19761     0.690196
19762     0.690196
19763     0.690196
19764     0.686275
19765     0.670588
19766     0.670588
19767     0.666667
19768     0.666667
19769     0.666667
19770     0.674510
19771     0.682353
19772     0.686275
19773     0.690196
19774     0.698039
19775     0.701961
19776     0.705882
19777     0.701961
19778     0.694118
19779     0.682353
19780     0.678431
19781     0.682353
19782     0.662745
19783     0.639216
19784     0.623529
19785     0.619608
19786     0.619608
19787     0.623529
19788     0.623529
19789     0.627451
19790     0.627451
19791     0.631373
19792     0.627451
19793     0.623529
19794     0.623529
19795     0.631373
19796     0.635294
19797     0.615686
19798     0.615686
19799     0.623529
19800     0.643137
19801     0.662745
19802     0.666667
19803     0.654902
19804     0.639216
19805     0.647059
19806     0.643137
19807     0.639216
19808     0.643137
19809     0.654902
19810     0.666667
19811     0.674510
19812     0.674510
19813     0.654902
19814     0.631373
19815     0.607843
19816     0.611765
19817     0.631373
19818     0.650980
19819     0.654902
19820     0.647059
19821     0.662745
19822     0.686275
19823     0.709804
19824     0.721569
19825     0.713726
19826     0.705882
19827     0.705882
19828     0.705882
19829     0.698039
19830     0.694118
19831     0.682353
19832     0.670588
19833     0.662745
19834     0.654902
19835     0.650980
19836     0.647059
19837     0.654902
19838     0.654902
19839     0.658824
19840     0.658824
19841     0.662745
19842     0.666667
19843     0.670588
19844     0.670588
19845     0.658824
19846     0.654902
19847     0.650980
19848     0.647059
19849     0.647059
19850     0.647059
19851     0.647059
19852     0.647059
19853     0.643137
19854     0.654902
19855     0.666667
19856     0.658824
19857     0.647059
19858     0.647059
19859     0.666667
19860     0.686275
19861     0.713726
19862     0.713726
19863     0.713726
19864     0.713726
19865     0.713726
19866     0.713726
19867     0.713726
19868     0.713726
19869     0.694118
19870     0.690196
19871     0.682353
19872     0.678431
19873     0.674510
19874     0.674510
19875     0.678431
19876     0.682353
19877     0.678431
19878     0.678431
19879     0.678431
19880     0.674510
19881     0.674510
19882     0.674510
19883     0.674510
19884     0.674510
19885     0.678431
19886     0.690196
19887     0.701961
19888     0.705882
19889     0.698039
19890     0.686275
19891     0.678431
19892     0.674510
19893     0.682353
19894     0.686275
19895     0.686275
19896     0.686275
19897     0.682353
19898     0.674510
19899     0.662745
19900     0.658824
19901     0.674510
19902     0.678431
19903     0.686275
19904     0.690196
19905     0.694118
19906     0.694118
19907     0.690196
19908     0.686275
19909     0.694118
19910     0.698039
19911     0.701961
19912     0.705882
19913     0.709804
19914     0.713726
19915     0.713726
19916     0.713726
19917     0.737255
19918     0.737255
19919     0.737255
19920     0.737255
19921     0.733333
19922     0.725490
19923     0.721569
19924     0.717647
19925     0.725490
19926     0.713726
19927     0.701961
19928     0.701961
19929     0.705882
19930     0.698039
19931     0.682353
19932     0.670588
19933     0.682353
19934     0.682353
19935     0.686275
19936     0.690196
19937     0.694118
19938     0.686275
19939     0.666667
19940     0.650980
19941     0.635294
19942     0.623529
19943     0.596078
19944     0.545098
19945     0.490196
19946     0.450980
19947     0.439216
19948     0.443137
19949     0.396078
19950     0.364706
19951     0.317647
19952     0.266667
19953     0.215686
19954     0.172549
19955     0.156863
19956     0.160784
19957     0.149020
19958     0.133333
19959     0.133333
19960     0.160784
19961     0.184314
19962     0.192157
19963     0.180392
19964     0.168627
19965     0.184314
19966     0.164706
19967     0.160784
19968     0.172549
19969     0.172549
19970     0.156863
19971     0.152941
19972     0.156863
19973     0.180392
19974     0.176471
19975     0.172549
19976     0.615686
19977     0.623529
19978     0.615686
19979     0.596078
19980     0.603922
19981     0.643137
19982     0.666667
19983     0.662745
19984     0.666667
19985     0.686275
19986     0.686275
19987     0.670588
19988     0.670588
19989     0.690196
19990     0.694118
19991     0.678431
19992     0.670588
19993     0.666667
19994     0.658824
19995     0.654902
19996     0.650980
19997     0.654902
19998     0.658824
19999     0.662745
20000     0.674510
20001     0.686275
20002     0.694118
20003     0.698039
20004     0.690196
20005     0.682353
20006     0.686275
20007     0.690196
20008     0.694118
20009     0.662745
20010     0.627451
20011     0.611765
20012     0.615686
20013     0.627451
20014     0.627451
20015     0.619608
20016     0.611765
20017     0.615686
20018     0.619608
20019     0.619608
20020     0.619608
20021     0.623529
20022     0.635294
20023     0.647059
20024     0.623529
20025     0.631373
20026     0.643137
20027     0.650980
20028     0.658824
20029     0.654902
20030     0.650980
20031     0.647059
20032     0.643137
20033     0.647059
20034     0.654902
20035     0.658824
20036     0.658824
20037     0.654902
20038     0.650980
20039     0.647059
20040     0.650980
20041     0.635294
20042     0.619608
20043     0.607843
20044     0.611765
20045     0.631373
20046     0.658824
20047     0.674510
20048     0.654902
20049     0.666667
20050     0.686275
20051     0.701961
20052     0.713726
20053     0.717647
20054     0.713726
20055     0.713726
20056     0.698039
20057     0.686275
20058     0.674510
20059     0.666667
20060     0.662745
20061     0.650980
20062     0.639216
20063     0.631373
20064     0.666667
20065     0.666667
20066     0.666667
20067     0.662745
20068     0.662745
20069     0.654902
20070     0.650980
20071     0.650980
20072     0.627451
20073     0.639216
20074     0.654902
20075     0.650980
20076     0.639216
20077     0.635294
20078     0.643137
20079     0.654902
20080     0.639216
20081     0.643137
20082     0.650980
20083     0.647059
20084     0.643137
20085     0.650980
20086     0.670588
20087     0.690196
20088     0.717647
20089     0.701961
20090     0.694118
20091     0.701961
20092     0.717647
20093     0.725490
20094     0.713726
20095     0.698039
20096     0.686275
20097     0.670588
20098     0.654902
20099     0.654902
20100     0.662745
20101     0.666667
20102     0.658824
20103     0.647059
20104     0.666667
20105     0.666667
20106     0.670588
20107     0.674510
20108     0.674510
20109     0.670588
20110     0.662745
20111     0.658824
20112     0.674510
20113     0.686275
20114     0.698039
20115     0.701961
20116     0.690196
20117     0.678431
20118     0.666667
20119     0.662745
20120     0.674510
20121     0.686275
20122     0.694118
20123     0.690196
20124     0.682353
20125     0.678431
20126     0.686275
20127     0.698039
20128     0.682353
20129     0.686275
20130     0.686275
20131     0.682353
20132     0.670588
20133     0.658824
20134     0.654902
20135     0.654902
20136     0.666667
20137     0.678431
20138     0.694118
20139     0.698039
20140     0.690196
20141     0.686275
20142     0.686275
20143     0.694118
20144     0.705882
20145     0.713726
20146     0.721569
20147     0.721569
20148     0.717647
20149     0.713726
20150     0.713726
20151     0.713726
20152     0.701961
20153     0.690196
20154     0.682353
20155     0.682353
20156     0.666667
20157     0.647059
20158     0.650980
20159     0.666667
20160     0.658824
20161     0.670588
20162     0.670588
20163     0.662745
20164     0.670588
20165     0.682353
20166     0.670588
20167     0.650980
20168     0.650980
20169     0.615686
20170     0.552941
20171     0.482353
20172     0.423529
20173     0.388235
20174     0.376471
20175     0.372549
20176     0.337255
20177     0.286275
20178     0.243137
20179     0.231373
20180     0.215686
20181     0.180392
20182     0.156863
20183     0.152941
20184     0.145098
20185     0.152941
20186     0.168627
20187     0.176471
20188     0.176471
20189     0.168627
20190     0.152941
20191     0.145098
20192     0.164706
20193     0.164706
20194     0.160784
20195     0.160784
20196     0.160784
20197     0.164706
20198     0.168627
20199     0.172549
20200     0.152941
20201     0.152941
20202     0.152941
20203     0.592157
20204     0.603922
20205     0.603922
20206     0.588235
20207     0.592157
20208     0.611765
20209     0.623529
20210     0.611765
20211     0.627451
20212     0.662745
20213     0.682353
20214     0.670588
20215     0.662745
20216     0.670588
20217     0.678431
20218     0.674510
20219     0.650980
20220     0.647059
20221     0.639216
20222     0.635294
20223     0.631373
20224     0.635294
20225     0.639216
20226     0.643137
20227     0.654902
20228     0.662745
20229     0.674510
20230     0.682353
20231     0.682353
20232     0.678431
20233     0.674510
20234     0.674510
20235     0.690196
20236     0.658824
20237     0.623529
20238     0.603922
20239     0.607843
20240     0.615686
20241     0.611765
20242     0.603922
20243     0.611765
20244     0.611765
20245     0.611765
20246     0.607843
20247     0.607843
20248     0.615686
20249     0.627451
20250     0.639216
20251     0.643137
20252     0.650980
20253     0.658824
20254     0.666667
20255     0.670588
20256     0.666667
20257     0.658824
20258     0.654902
20259     0.647059
20260     0.647059
20261     0.647059
20262     0.647059
20263     0.647059
20264     0.643137
20265     0.639216
20266     0.635294
20267     0.643137
20268     0.631373
20269     0.615686
20270     0.603922
20271     0.607843
20272     0.623529
20273     0.643137
20274     0.654902
20275     0.643137
20276     0.654902
20277     0.674510
20278     0.690196
20279     0.701961
20280     0.701961
20281     0.701961
20282     0.698039
20283     0.690196
20284     0.678431
20285     0.670588
20286     0.662745
20287     0.658824
20288     0.650980
20289     0.643137
20290     0.631373
20291     0.654902
20292     0.658824
20293     0.662745
20294     0.662745
20295     0.658824
20296     0.650980
20297     0.643137
20298     0.639216
20299     0.627451
20300     0.643137
20301     0.654902
20302     0.650980
20303     0.635294
20304     0.627451
20305     0.631373
20306     0.639216
20307     0.643137
20308     0.647059
20309     0.650980
20310     0.647059
20311     0.643137
20312     0.654902
20313     0.674510
20314     0.690196
20315     0.713726
20316     0.698039
20317     0.682353
20318     0.686275
20319     0.698039
20320     0.705882
20321     0.698039
20322     0.682353
20323     0.658824
20324     0.654902
20325     0.650980
20326     0.650980
20327     0.658824
20328     0.662745
20329     0.662745
20330     0.658824
20331     0.658824
20332     0.666667
20333     0.674510
20334     0.674510
20335     0.666667
20336     0.658824
20337     0.654902
20338     0.650980
20339     0.670588
20340     0.682353
20341     0.690196
20342     0.690196
20343     0.682353
20344     0.670588
20345     0.666667
20346     0.666667
20347     0.678431
20348     0.686275
20349     0.694118
20350     0.690196
20351     0.678431
20352     0.674510
20353     0.682353
20354     0.690196
20355     0.674510
20356     0.674510
20357     0.674510
20358     0.670588
20359     0.658824
20360     0.650980
20361     0.647059
20362     0.647059
20363     0.650980
20364     0.654902
20365     0.658824
20366     0.654902
20367     0.650980
20368     0.650980
20369     0.666667
20370     0.678431
20371     0.690196
20372     0.694118
20373     0.698039
20374     0.698039
20375     0.694118
20376     0.694118
20377     0.698039
20378     0.701961
20379     0.717647
20380     0.694118
20381     0.674510
20382     0.658824
20383     0.639216
20384     0.619608
20385     0.627451
20386     0.650980
20387     0.639216
20388     0.643137
20389     0.639216
20390     0.631373
20391     0.639216
20392     0.654902
20393     0.650980
20394     0.635294
20395     0.603922
20396     0.556863
20397     0.486275
20398     0.411765
20399     0.364706
20400     0.349020
20401     0.356863
20402     0.364706
20403     0.317647
20404     0.266667
20405     0.223529
20406     0.207843
20407     0.196078
20408     0.172549
20409     0.156863
20410     0.156863
20411     0.149020
20412     0.156863
20413     0.160784
20414     0.164706
20415     0.160784
20416     0.152941
20417     0.137255
20418     0.129412
20419     0.152941
20420     0.152941
20421     0.152941
20422     0.152941
20423     0.152941
20424     0.149020
20425     0.149020
20426     0.149020
20427     0.152941
20428     0.152941
20429     0.152941
20430     0.552941
20431     0.564706
20432     0.564706
20433     0.552941
20434     0.552941
20435     0.564706
20436     0.568627
20437     0.560784
20438     0.580392
20439     0.627451
20440     0.666667
20441     0.670588
20442     0.662745
20443     0.658824
20444     0.666667
20445     0.666667
20446     0.647059
20447     0.643137
20448     0.635294
20449     0.627451
20450     0.627451
20451     0.631373
20452     0.639216
20453     0.643137
20454     0.650980
20455     0.654902
20456     0.662745
20457     0.678431
20458     0.686275
20459     0.682353
20460     0.674510
20461     0.662745
20462     0.658824
20463     0.635294
20464     0.607843
20465     0.596078
20466     0.603922
20467     0.611765
20468     0.611765
20469     0.607843
20470     0.611765
20471     0.611765
20472     0.607843
20473     0.600000
20474     0.596078
20475     0.603922
20476     0.619608
20477     0.635294
20478     0.654902
20479     0.662745
20480     0.670588
20481     0.674510
20482     0.674510
20483     0.670588
20484     0.662745
20485     0.658824
20486     0.650980
20487     0.647059
20488     0.643137
20489     0.635294
20490     0.631373
20491     0.627451
20492     0.627451
20493     0.627451
20494     0.631373
20495     0.623529
20496     0.611765
20497     0.603922
20498     0.603922
20499     0.615686
20500     0.623529
20501     0.635294
20502     0.635294
20503     0.643137
20504     0.658824
20505     0.670588
20506     0.682353
20507     0.682353
20508     0.682353
20509     0.678431
20510     0.678431
20511     0.670588
20512     0.658824
20513     0.654902
20514     0.654902
20515     0.650980
20516     0.643137
20517     0.635294
20518     0.643137
20519     0.647059
20520     0.654902
20521     0.654902
20522     0.654902
20523     0.643137
20524     0.635294
20525     0.627451
20526     0.627451
20527     0.643137
20528     0.654902
20529     0.650980
20530     0.635294
20531     0.623529
20532     0.623529
20533     0.631373
20534     0.650980
20535     0.650980
20536     0.650980
20537     0.647059
20538     0.647059
20539     0.654902
20540     0.674510
20541     0.690196
20542     0.705882
20543     0.686275
20544     0.666667
20545     0.658824
20546     0.666667
20547     0.674510
20548     0.670588
20549     0.662745
20550     0.631373
20551     0.639216
20552     0.647059
20553     0.650980
20554     0.650980
20555     0.654902
20556     0.662745
20557     0.670588
20558     0.639216
20559     0.654902
20560     0.666667
20561     0.666667
20562     0.650980
20563     0.635294
20564     0.631373
20565     0.635294
20566     0.662745
20567     0.670588
20568     0.678431
20569     0.678431
20570     0.670588
20571     0.666667
20572     0.666667
20573     0.670588
20574     0.682353
20575     0.686275
20576     0.694118
20577     0.690196
20578     0.682353
20579     0.674510
20580     0.674510
20581     0.674510
20582     0.662745
20583     0.658824
20584     0.654902
20585     0.650980
20586     0.643137
20587     0.635294
20588     0.631373
20589     0.627451
20590     0.650980
20591     0.643137
20592     0.631373
20593     0.615686
20594     0.615686
20595     0.631373
20596     0.654902
20597     0.678431
20598     0.690196
20599     0.686275
20600     0.686275
20601     0.682353
20602     0.678431
20603     0.674510
20604     0.674510
20605     0.670588
20606     0.682353
20607     0.658824
20608     0.635294
20609     0.615686
20610     0.596078
20611     0.576471
20612     0.588235
20613     0.611765
20614     0.611765
20615     0.615686
20616     0.603922
20617     0.592157
20618     0.596078
20619     0.607843
20620     0.603922
20621     0.588235
20622     0.533333
20623     0.490196
20624     0.427451
20625     0.372549
20626     0.341176
20627     0.329412
20628     0.329412
20629     0.333333
20630     0.286275
20631     0.239216
20632     0.196078
20633     0.176471
20634     0.168627
20635     0.160784
20636     0.156863
20637     0.164706
20638     0.160784
20639     0.160784
20640     0.156863
20641     0.152941
20642     0.149020
20643     0.137255
20644     0.129412
20645     0.125490
20646     0.152941
20647     0.156863
20648     0.160784
20649     0.164706
20650     0.160784
20651     0.160784
20652     0.152941
20653     0.149020
20654     0.160784
20655     0.160784
20656     0.160784
20657     0.474510
20658     0.466667
20659     0.454902
20660     0.447059
20661     0.454902
20662     0.478431
20663     0.498039
20664     0.509804
20665     0.529412
20666     0.564706
20667     0.607843
20668     0.639216
20669     0.650980
20670     0.650980
20671     0.643137
20672     0.635294
20673     0.635294
20674     0.627451
20675     0.619608
20676     0.611765
20677     0.611765
20678     0.619608
20679     0.631373
20680     0.639216
20681     0.643137
20682     0.647059
20683     0.650980
20684     0.662745
20685     0.670588
20686     0.666667
20687     0.647059
20688     0.631373
20689     0.619608
20690     0.603922
20691     0.592157
20692     0.592157
20693     0.603922
20694     0.615686
20695     0.623529
20696     0.623529
20697     0.611765
20698     0.611765
20699     0.603922
20700     0.596078
20701     0.592157
20702     0.600000
20703     0.615686
20704     0.631373
20705     0.647059
20706     0.650980
20707     0.662745
20708     0.666667
20709     0.670588
20710     0.666667
20711     0.658824
20712     0.654902
20713     0.654902
20714     0.647059
20715     0.639216
20716     0.627451
20717     0.623529
20718     0.619608
20719     0.623529
20720     0.623529
20721     0.631373
20722     0.623529
20723     0.615686
20724     0.611765
20725     0.607843
20726     0.611765
20727     0.615686
20728     0.619608
20729     0.631373
20730     0.639216
20731     0.647059
20732     0.658824
20733     0.666667
20734     0.666667
20735     0.662745
20736     0.662745
20737     0.658824
20738     0.654902
20739     0.647059
20740     0.647059
20741     0.650980
20742     0.650980
20743     0.647059
20744     0.639216
20745     0.635294
20746     0.639216
20747     0.647059
20748     0.650980
20749     0.647059
20750     0.639216
20751     0.627451
20752     0.619608
20753     0.627451
20754     0.643137
20755     0.654902
20756     0.654902
20757     0.639216
20758     0.631373
20759     0.631373
20760     0.635294
20761     0.654902
20762     0.650980
20763     0.647059
20764     0.643137
20765     0.647059
20766     0.654902
20767     0.670588
20768     0.682353
20769     0.686275
20770     0.666667
20771     0.647059
20772     0.635294
20773     0.635294
20774     0.639216
20775     0.639216
20776     0.639216
20777     0.619608
20778     0.635294
20779     0.647059
20780     0.650980
20781     0.643137
20782     0.643137
20783     0.654902
20784     0.666667
20785     0.627451
20786     0.643137
20787     0.654902
20788     0.647059
20789     0.627451
20790     0.611765
20791     0.607843
20792     0.615686
20793     0.650980
20794     0.658824
20795     0.666667
20796     0.666667
20797     0.662745
20798     0.662745
20799     0.670588
20800     0.678431
20801     0.686275
20802     0.690196
20803     0.690196
20804     0.690196
20805     0.682353
20806     0.674510
20807     0.666667
20808     0.662745
20809     0.650980
20810     0.643137
20811     0.631373
20812     0.627451
20813     0.623529
20814     0.619608
20815     0.615686
20816     0.611765
20817     0.631373
20818     0.615686
20819     0.588235
20820     0.568627
20821     0.572549
20822     0.596078
20823     0.631373
20824     0.658824
20825     0.666667
20826     0.658824
20827     0.650980
20828     0.643137
20829     0.631373
20830     0.611765
20831     0.592157
20832     0.576471
20833     0.560784
20834     0.549020
20835     0.549020
20836     0.556863
20837     0.545098
20838     0.529412
20839     0.533333
20840     0.549020
20841     0.580392
20842     0.584314
20843     0.576471
20844     0.564706
20845     0.560784
20846     0.564706
20847     0.552941
20848     0.529412
20849     0.490196
20850     0.458824
20851     0.415686
20852     0.384314
20853     0.360784
20854     0.337255
20855     0.305882
20856     0.278431
20857     0.250980
20858     0.215686
20859     0.176471
20860     0.156863
20861     0.152941
20862     0.156863
20863     0.164706
20864     0.172549
20865     0.168627
20866     0.164706
20867     0.160784
20868     0.152941
20869     0.149020
20870     0.145098
20871     0.145098
20872     0.141176
20873     0.160784
20874     0.168627
20875     0.180392
20876     0.188235
20877     0.192157
20878     0.188235
20879     0.184314
20880     0.180392
20881     0.172549
20882     0.172549
20883     0.172549
20884     0.372549
20885     0.349020
20886     0.321569
20887     0.309804
20888     0.329412
20889     0.372549
20890     0.427451
20891     0.466667
20892     0.494118
20893     0.501961
20894     0.533333
20895     0.588235
20896     0.631373
20897     0.635294
20898     0.611765
20899     0.584314
20900     0.596078
20901     0.588235
20902     0.580392
20903     0.576471
20904     0.580392
20905     0.592157
20906     0.607843
20907     0.615686
20908     0.627451
20909     0.627451
20910     0.631373
20911     0.635294
20912     0.631373
20913     0.619608
20914     0.603922
20915     0.588235
20916     0.592157
20917     0.584314
20918     0.580392
20919     0.584314
20920     0.592157
20921     0.603922
20922     0.611765
20923     0.611765
20924     0.607843
20925     0.607843
20926     0.603922
20927     0.596078
20928     0.596078
20929     0.600000
20930     0.619608
20931     0.631373
20932     0.635294
20933     0.643137
20934     0.650980
20935     0.658824
20936     0.662745
20937     0.662745
20938     0.654902
20939     0.650980
20940     0.647059
20941     0.643137
20942     0.635294
20943     0.627451
20944     0.623529
20945     0.623529
20946     0.623529
20947     0.627451
20948     0.631373
20949     0.627451
20950     0.623529
20951     0.615686
20952     0.615686
20953     0.615686
20954     0.615686
20955     0.619608
20956     0.631373
20957     0.635294
20958     0.643137
20959     0.650980
20960     0.654902
20961     0.654902
20962     0.650980
20963     0.650980
20964     0.643137
20965     0.639216
20966     0.635294
20967     0.639216
20968     0.647059
20969     0.650980
20970     0.650980
20971     0.643137
20972     0.635294
20973     0.639216
20974     0.647059
20975     0.647059
20976     0.643137
20977     0.635294
20978     0.627451
20979     0.619608
20980     0.627451
20981     0.643137
20982     0.662745
20983     0.662745
20984     0.650980
20985     0.639216
20986     0.639216
20987     0.647059
20988     0.647059
20989     0.643137
20990     0.635294
20991     0.639216
20992     0.643137
20993     0.654902
20994     0.662745
20995     0.666667
20996     0.658824
20997     0.647059
20998     0.627451
20999     0.615686
21000     0.611765
21001     0.615686
21002     0.619608
21003     0.623529
21004     0.623529
21005     0.635294
21006     0.650980
21007     0.650980
21008     0.639216
21009     0.635294
21010     0.643137
21011     0.650980
21012     0.631373
21013     0.639216
21014     0.643137
21015     0.631373
21016     0.611765
21017     0.600000
21018     0.596078
21019     0.600000
21020     0.635294
21021     0.643137
21022     0.650980
21023     0.654902
21024     0.654902
21025     0.658824
21026     0.666667
21027     0.678431
21028     0.682353
21029     0.682353
21030     0.682353
21031     0.682353
21032     0.678431
21033     0.670588
21034     0.654902
21035     0.647059
21036     0.631373
21037     0.619608
21038     0.603922
21039     0.600000
21040     0.603922
21041     0.603922
21042     0.596078
21043     0.588235
21044     0.580392
21045     0.556863
21046     0.525490
21047     0.509804
21048     0.517647
21049     0.545098
21050     0.580392
21051     0.603922
21052     0.611765
21053     0.600000
21054     0.580392
21055     0.560784
21056     0.537255
21057     0.501961
21058     0.462745
21059     0.435294
21060     0.400000
21061     0.411765
21062     0.443137
21063     0.482353
21064     0.490196
21065     0.478431
21066     0.474510
21067     0.482353
21068     0.517647
21069     0.533333
21070     0.537255
21071     0.533333
21072     0.537255
21073     0.541176
21074     0.521569
21075     0.494118
21076     0.482353
21077     0.443137
21078     0.400000
21079     0.368627
21080     0.352941
21081     0.325490
21082     0.278431
21083     0.243137
21084     0.215686
21085     0.200000
21086     0.172549
21087     0.152941
21088     0.152941
21089     0.164706
21090     0.176471
21091     0.184314
21092     0.176471
21093     0.172549
21094     0.168627
21095     0.164706
21096     0.160784
21097     0.164706
21098     0.168627
21099     0.168627
21100     0.152941
21101     0.160784
21102     0.176471
21103     0.188235
21104     0.196078
21105     0.200000
21106     0.196078
21107     0.192157
21108     0.168627
21109     0.168627
21110     0.168627
21111     0.321569
21112     0.282353
21113     0.250980
21114     0.247059
21115     0.270588
21116     0.321569
21117     0.388235
21118     0.443137
21119     0.498039
21120     0.482353
21121     0.494118
21122     0.552941
21123     0.607843
21124     0.611765
21125     0.580392
21126     0.549020
21127     0.549020
21128     0.541176
21129     0.537255
21130     0.533333
21131     0.545098
21132     0.560784
21133     0.580392
21134     0.596078
21135     0.615686
21136     0.623529
21137     0.623529
21138     0.615686
21139     0.600000
21140     0.584314
21141     0.576471
21142     0.576471
21143     0.572549
21144     0.572549
21145     0.568627
21146     0.564706
21147     0.564706
21148     0.564706
21149     0.564706
21150     0.564706
21151     0.592157
21152     0.600000
21153     0.600000
21154     0.600000
21155     0.600000
21156     0.603922
21157     0.619608
21158     0.627451
21159     0.635294
21160     0.639216
21161     0.650980
21162     0.654902
21163     0.658824
21164     0.654902
21165     0.647059
21166     0.643137
21167     0.627451
21168     0.627451
21169     0.623529
21170     0.623529
21171     0.623529
21172     0.627451
21173     0.627451
21174     0.631373
21175     0.635294
21176     0.631373
21177     0.623529
21178     0.619608
21179     0.615686
21180     0.619608
21181     0.623529
21182     0.623529
21183     0.635294
21184     0.635294
21185     0.639216
21186     0.643137
21187     0.643137
21188     0.643137
21189     0.639216
21190     0.639216
21191     0.627451
21192     0.623529
21193     0.623529
21194     0.631373
21195     0.643137
21196     0.650980
21197     0.650980
21198     0.650980
21199     0.647059
21200     0.647059
21201     0.647059
21202     0.643137
21203     0.643137
21204     0.639216
21205     0.631373
21206     0.631373
21207     0.631373
21208     0.650980
21209     0.666667
21210     0.670588
21211     0.654902
21212     0.643137
21213     0.639216
21214     0.643137
21215     0.631373
21216     0.627451
21217     0.623529
21218     0.631373
21219     0.643137
21220     0.647059
21221     0.643137
21222     0.639216
21223     0.627451
21224     0.623529
21225     0.611765
21226     0.603922
21227     0.603922
21228     0.607843
21229     0.611765
21230     0.615686
21231     0.623529
21232     0.631373
21233     0.639216
21234     0.643137
21235     0.635294
21236     0.627451
21237     0.627451
21238     0.627451
21239     0.643137
21240     0.635294
21241     0.623529
21242     0.607843
21243     0.596078
21244     0.588235
21245     0.584314
21246     0.580392
21247     0.603922
21248     0.615686
21249     0.631373
21250     0.639216
21251     0.643137
21252     0.647059
21253     0.658824
21254     0.662745
21255     0.662745
21256     0.662745
21257     0.662745
21258     0.662745
21259     0.662745
21260     0.654902
21261     0.639216
21262     0.627451
21263     0.607843
21264     0.592157
21265     0.572549
21266     0.568627
21267     0.572549
21268     0.576471
21269     0.568627
21270     0.556863
21271     0.541176
21272     0.521569
21273     0.494118
21274     0.482353
21275     0.494118
21276     0.521569
21277     0.549020
21278     0.564706
21279     0.568627
21280     0.545098
21281     0.513726
21282     0.482353
21283     0.454902
21284     0.419608
21285     0.380392
21286     0.349020
21287     0.298039
21288     0.317647
21289     0.356863
21290     0.403922
21291     0.423529
21292     0.419608
21293     0.419608
21294     0.431373
21295     0.450980
21296     0.466667
21297     0.482353
21298     0.486275
21299     0.498039
21300     0.509804
21301     0.498039
21302     0.474510
21303     0.462745
21304     0.407843
21305     0.337255
21306     0.298039
21307     0.290196
21308     0.278431
21309     0.250980
21310     0.219608
21311     0.180392
21312     0.184314
21313     0.176471
21314     0.160784
21315     0.160784
21316     0.176471
21317     0.184314
21318     0.180392
21319     0.176471
21320     0.176471
21321     0.172549
21322     0.172549
21323     0.172549
21324     0.172549
21325     0.176471
21326     0.176471
21327     0.137255
21328     0.145098
21329     0.156863
21330     0.168627
21331     0.176471
21332     0.180392
21333     0.184314
21334     0.184314
21335     0.156863
21336     0.156863
21337     0.156863
21338     0.294118
21339     0.258824
21340     0.239216
21341     0.247059
21342     0.266667
21343     0.301961
21344     0.352941
21345     0.403922
21346     0.478431
21347     0.454902
21348     0.454902
21349     0.501961
21350     0.537255
21351     0.533333
21352     0.505882
21353     0.486275
21354     0.474510
21355     0.470588
21356     0.466667
21357     0.466667
21358     0.478431
21359     0.501961
21360     0.529412
21361     0.545098
21362     0.580392
21363     0.592157
21364     0.600000
21365     0.580392
21366     0.552941
21367     0.537255
21368     0.545098
21369     0.560784
21370     0.533333
21371     0.537255
21372     0.537255
21373     0.533333
21374     0.525490
21375     0.517647
21376     0.517647
21377     0.517647
21378     0.572549
21379     0.580392
21380     0.592157
21381     0.600000
21382     0.600000
21383     0.603922
21384     0.611765
21385     0.619608
21386     0.631373
21387     0.635294
21388     0.643137
21389     0.643137
21390     0.639216
21391     0.631373
21392     0.619608
21393     0.611765
21394     0.600000
21395     0.603922
21396     0.611765
21397     0.619608
21398     0.623529
21399     0.627451
21400     0.631373
21401     0.631373
21402     0.635294
21403     0.627451
21404     0.619608
21405     0.611765
21406     0.611765
21407     0.615686
21408     0.623529
21409     0.631373
21410     0.631373
21411     0.631373
21412     0.631373
21413     0.631373
21414     0.631373
21415     0.627451
21416     0.627451
21417     0.627451
21418     0.615686
21419     0.611765
21420     0.615686
21421     0.623529
21422     0.639216
21423     0.650980
21424     0.654902
21425     0.650980
21426     0.658824
21427     0.654902
21428     0.650980
21429     0.643137
21430     0.639216
21431     0.639216
21432     0.643137
21433     0.643137
21434     0.643137
21435     0.658824
21436     0.674510
21437     0.670588
21438     0.650980
21439     0.631373
21440     0.623529
21441     0.623529
21442     0.611765
21443     0.611765
21444     0.615686
21445     0.627451
21446     0.639216
21447     0.639216
21448     0.627451
21449     0.611765
21450     0.600000
21451     0.603922
21452     0.603922
21453     0.603922
21454     0.600000
21455     0.603922
21456     0.611765
21457     0.615686
21458     0.611765
21459     0.611765
21460     0.615686
21461     0.623529
21462     0.627451
21463     0.623529
21464     0.615686
21465     0.603922
21466     0.635294
21467     0.607843
21468     0.580392
21469     0.564706
21470     0.564706
21471     0.564706
21472     0.556863
21473     0.545098
21474     0.572549
21475     0.588235
21476     0.607843
21477     0.623529
21478     0.627451
21479     0.631373
21480     0.639216
21481     0.643137
21482     0.635294
21483     0.631373
21484     0.631373
21485     0.639216
21486     0.643137
21487     0.639216
21488     0.619608
21489     0.600000
21490     0.584314
21491     0.560784
21492     0.537255
21493     0.533333
21494     0.541176
21495     0.545098
21496     0.537255
21497     0.525490
21498     0.509804
21499     0.494118
21500     0.478431
21501     0.478431
21502     0.494118
21503     0.513726
21504     0.525490
21505     0.529412
21506     0.537255
21507     0.498039
21508     0.447059
21509     0.411765
21510     0.392157
21511     0.372549
21512     0.352941
21513     0.333333
21514     0.294118
21515     0.298039
21516     0.313726
21517     0.345098
21518     0.356863
21519     0.360784
21520     0.376471
21521     0.403922
21522     0.415686
21523     0.427451
21524     0.431373
21525     0.427451
21526     0.439216
21527     0.458824
21528     0.458824
21529     0.439216
21530     0.392157
21531     0.329412
21532     0.258824
21533     0.231373
21534     0.235294
21535     0.239216
21536     0.211765
21537     0.180392
21538     0.152941
21539     0.172549
21540     0.180392
21541     0.168627
21542     0.168627
21543     0.184314
21544     0.184314
21545     0.172549
21546     0.176471
21547     0.176471
21548     0.172549
21549     0.172549
21550     0.168627
21551     0.164706
21552     0.164706
21553     0.160784
21554     0.152941
21555     0.152941
21556     0.156863
21557     0.164706
21558     0.168627
21559     0.172549
21560     0.176471
21561     0.176471
21562     0.156863
21563     0.156863
21564     0.156863
21565     0.258824
21566     0.235294
21567     0.227451
21568     0.243137
21569     0.258824
21570     0.270588
21571     0.301961
21572     0.341176
21573     0.423529
21574     0.400000
21575     0.400000
21576     0.431373
21577     0.447059
21578     0.427451
21579     0.407843
21580     0.407843
21581     0.392157
21582     0.388235
21583     0.380392
21584     0.384314
21585     0.403922
21586     0.427451
21587     0.454902
21588     0.474510
21589     0.517647
21590     0.537255
21591     0.549020
21592     0.525490
21593     0.490196
21594     0.478431
21595     0.498039
21596     0.525490
21597     0.494118
21598     0.498039
21599     0.501961
21600     0.501961
21601     0.498039
21602     0.494118
21603     0.494118
21604     0.494118
21605     0.556863
21606     0.568627
21607     0.584314
21608     0.596078
21609     0.600000
21610     0.603922
21611     0.607843
21612     0.615686
21613     0.627451
21614     0.631373
21615     0.631373
21616     0.627451
21617     0.615686
21618     0.603922
21619     0.588235
21620     0.580392
21621     0.580392
21622     0.588235
21623     0.600000
21624     0.611765
21625     0.623529
21626     0.627451
21627     0.627451
21628     0.627451
21629     0.631373
21630     0.623529
21631     0.615686
21632     0.607843
21633     0.607843
21634     0.615686
21635     0.627451
21636     0.635294
21637     0.627451
21638     0.627451
21639     0.623529
21640     0.623529
21641     0.623529
21642     0.619608
21643     0.619608
21644     0.619608
21645     0.607843
21646     0.603922
21647     0.607843
21648     0.623529
21649     0.639216
21650     0.650980
21651     0.654902
21652     0.654902
21653     0.670588
21654     0.662745
21655     0.650980
21656     0.643137
21657     0.639216
21658     0.643137
21659     0.650980
21660     0.654902
21661     0.650980
21662     0.666667
21663     0.678431
21664     0.670588
21665     0.647059
21666     0.619608
21667     0.607843
21668     0.603922
21669     0.600000
21670     0.600000
21671     0.607843
21672     0.623529
21673     0.635294
21674     0.635294
21675     0.615686
21676     0.596078
21677     0.584314
21678     0.592157
21679     0.600000
21680     0.603922
21681     0.603922
21682     0.607843
21683     0.615686
21684     0.619608
21685     0.600000
21686     0.596078
21687     0.596078
21688     0.607843
21689     0.623529
21690     0.623529
21691     0.607843
21692     0.592157
21693     0.619608
21694     0.580392
21695     0.537255
21696     0.521569
21697     0.529412
21698     0.537255
21699     0.525490
21700     0.509804
21701     0.549020
21702     0.568627
21703     0.592157
21704     0.611765
21705     0.619608
21706     0.619608
21707     0.623529
21708     0.627451
21709     0.615686
21710     0.611765
21711     0.611765
21712     0.619608
21713     0.627451
21714     0.623529
21715     0.603922
21716     0.584314
21717     0.564706
21718     0.541176
21719     0.517647
21720     0.509804
21721     0.521569
21722     0.525490
21723     0.517647
21724     0.505882
21725     0.470588
21726     0.458824
21727     0.450980
21728     0.458824
21729     0.478431
21730     0.490196
21731     0.494118
21732     0.490196
21733     0.501961
21734     0.454902
21735     0.388235
21736     0.349020
21737     0.337255
21738     0.337255
21739     0.337255
21740     0.329412
21741     0.333333
21742     0.313726
21743     0.305882
21744     0.305882
21745     0.309804
21746     0.321569
21747     0.356863
21748     0.392157
21749     0.419608
21750     0.419608
21751     0.403922
21752     0.384314
21753     0.392157
21754     0.411765
21755     0.415686
21756     0.403922
21757     0.309804
21758     0.262745
21759     0.215686
21760     0.207843
21761     0.227451
21762     0.223529
21763     0.184314
21764     0.141176
21765     0.133333
21766     0.164706
21767     0.180392
21768     0.172549
21769     0.172549
21770     0.184314
21771     0.180392
21772     0.160784
21773     0.172549
21774     0.172549
21775     0.172549
21776     0.168627
21777     0.160784
21778     0.152941
21779     0.145098
21780     0.141176
21781     0.184314
21782     0.180392
21783     0.180392
21784     0.176471
21785     0.176471
21786     0.180392
21787     0.184314
21788     0.184314
21789     0.168627
21790     0.168627
21791     0.168627
21792     0.235294
21793     0.227451
21794     0.235294
21795     0.254902
21796     0.262745
21797     0.266667
21798     0.286275
21799     0.313726
21800     0.360784
21801     0.341176
21802     0.305882
21803     0.282353
21804     0.290196
21805     0.317647
21806     0.317647
21807     0.301961
21808     0.298039
21809     0.317647
21810     0.345098
21811     0.364706
21812     0.376471
21813     0.376471
21814     0.376471
21815     0.380392
21816     0.419608
21817     0.427451
21818     0.443137
21819     0.454902
21820     0.454902
21821     0.443137
21822     0.427451
21823     0.419608
21824     0.411765
21825     0.443137
21826     0.478431
21827     0.490196
21828     0.482353
21829     0.474510
21830     0.482353
21831     0.494118
21832     0.549020
21833     0.572549
21834     0.584314
21835     0.572549
21836     0.568627
21837     0.580392
21838     0.592157
21839     0.592157
21840     0.596078
21841     0.603922
21842     0.607843
21843     0.611765
21844     0.607843
21845     0.600000
21846     0.588235
21847     0.580392
21848     0.572549
21849     0.572549
21850     0.576471
21851     0.580392
21852     0.592157
21853     0.607843
21854     0.619608
21855     0.627451
21856     0.619608
21857     0.615686
21858     0.603922
21859     0.588235
21860     0.580392
21861     0.588235
21862     0.603922
21863     0.615686
21864     0.611765
21865     0.623529
21866     0.631373
21867     0.631373
21868     0.627451
21869     0.619608
21870     0.619608
21871     0.619608
21872     0.619608
21873     0.615686
21874     0.615686
21875     0.619608
21876     0.627451
21877     0.639216
21878     0.654902
21879     0.662745
21880     0.674510
21881     0.666667
21882     0.658824
21883     0.654902
21884     0.654902
21885     0.658824
21886     0.662745
21887     0.658824
21888     0.658824
21889     0.670588
21890     0.682353
21891     0.666667
21892     0.635294
21893     0.607843
21894     0.600000
21895     0.603922
21896     0.588235
21897     0.588235
21898     0.592157
21899     0.600000
21900     0.600000
21901     0.600000
21902     0.600000
21903     0.596078
21904     0.592157
21905     0.607843
21906     0.619608
21907     0.615686
21908     0.600000
21909     0.592157
21910     0.607843
21911     0.623529
21912     0.611765
21913     0.611765
21914     0.607843
21915     0.603922
21916     0.596078
21917     0.588235
21918     0.576471
21919     0.568627
21920     0.529412
21921     0.517647
21922     0.501961
21923     0.486275
21924     0.474510
21925     0.474510
21926     0.478431
21927     0.482353
21928     0.494118
21929     0.509804
21930     0.537255
21931     0.564706
21932     0.584314
21933     0.592157
21934     0.588235
21935     0.584314
21936     0.572549
21937     0.568627
21938     0.560784
21939     0.560784
21940     0.564706
21941     0.568627
21942     0.560784
21943     0.556863
21944     0.529412
21945     0.525490
21946     0.517647
21947     0.509804
21948     0.505882
21949     0.501961
21950     0.494118
21951     0.494118
21952     0.462745
21953     0.447059
21954     0.427451
21955     0.423529
21956     0.427451
21957     0.431373
21958     0.419608
21959     0.407843
21960     0.376471
21961     0.384314
21962     0.372549
21963     0.325490
21964     0.266667
21965     0.235294
21966     0.243137
21967     0.266667
21968     0.290196
21969     0.290196
21970     0.290196
21971     0.298039
21972     0.313726
21973     0.333333
21974     0.356863
21975     0.372549
21976     0.423529
21977     0.419608
21978     0.403922
21979     0.388235
21980     0.392157
21981     0.392157
21982     0.352941
21983     0.298039
21984     0.215686
21985     0.203922
21986     0.188235
21987     0.192157
21988     0.200000
21989     0.192157
21990     0.168627
21991     0.149020
21992     0.156863
21993     0.192157
21994     0.192157
21995     0.152941
21996     0.145098
21997     0.176471
21998     0.192157
21999     0.176471
22000     0.156863
22001     0.160784
22002     0.168627
22003     0.176471
22004     0.180392
22005     0.180392
22006     0.176471
22007     0.176471
22008     0.176471
22009     0.176471
22010     0.172549
22011     0.168627
22012     0.172549
22013     0.176471
22014     0.184314
22015     0.188235
22016     0.168627
22017     0.172549
22018     0.180392
22019     0.239216
22020     0.231373
22021     0.239216
22022     0.254902
22023     0.258824
22024     0.254902
22025     0.266667
22026     0.286275
22027     0.294118
22028     0.278431
22029     0.250980
22030     0.227451
22031     0.239216
22032     0.262745
22033     0.262745
22034     0.247059
22035     0.243137
22036     0.266667
22037     0.301961
22038     0.325490
22039     0.337255
22040     0.341176
22041     0.345098
22042     0.345098
22043     0.360784
22044     0.364706
22045     0.372549
22046     0.376471
22047     0.372549
22048     0.364706
22049     0.352941
22050     0.349020
22051     0.400000
22052     0.427451
22053     0.458824
22054     0.470588
22055     0.466667
22056     0.466667
22057     0.482353
22058     0.501961
22059     0.545098
22060     0.564706
22061     0.572549
22062     0.560784
22063     0.552941
22064     0.560784
22065     0.568627
22066     0.564706
22067     0.572549
22068     0.588235
22069     0.607843
22070     0.615686
22071     0.603922
22072     0.584314
22073     0.572549
22074     0.564706
22075     0.560784
22076     0.564706
22077     0.568627
22078     0.576471
22079     0.588235
22080     0.603922
22081     0.615686
22082     0.623529
22083     0.611765
22084     0.600000
22085     0.584314
22086     0.572549
22087     0.568627
22088     0.576471
22089     0.588235
22090     0.596078
22091     0.603922
22092     0.615686
22093     0.627451
22094     0.627451
22095     0.623529
22096     0.619608
22097     0.619608
22098     0.623529
22099     0.623529
22100     0.619608
22101     0.615686
22102     0.615686
22103     0.619608
22104     0.631373
22105     0.647059
22106     0.654902
22107     0.686275
22108     0.678431
22109     0.674510
22110     0.670588
22111     0.666667
22112     0.662745
22113     0.658824
22114     0.650980
22115     0.650980
22116     0.666667
22117     0.670588
22118     0.654902
22119     0.623529
22120     0.600000
22121     0.592157
22122     0.596078
22123     0.596078
22124     0.596078
22125     0.600000
22126     0.600000
22127     0.600000
22128     0.600000
22129     0.596078
22130     0.596078
22131     0.592157
22132     0.607843
22133     0.619608
22134     0.611765
22135     0.600000
22136     0.596078
22137     0.607843
22138     0.623529
22139     0.623529
22140     0.600000
22141     0.576471
22142     0.568627
22143     0.572549
22144     0.568627
22145     0.545098
22146     0.521569
22147     0.494118
22148     0.486275
22149     0.474510
22150     0.462745
22151     0.454902
22152     0.450980
22153     0.450980
22154     0.454902
22155     0.458824
22156     0.478431
22157     0.509804
22158     0.537255
22159     0.552941
22160     0.552941
22161     0.545098
22162     0.541176
22163     0.533333
22164     0.533333
22165     0.533333
22166     0.537255
22167     0.545098
22168     0.549020
22169     0.541176
22170     0.537255
22171     0.533333
22172     0.529412
22173     0.521569
22174     0.505882
22175     0.494118
22176     0.486275
22177     0.490196
22178     0.494118
22179     0.478431
22180     0.458824
22181     0.431373
22182     0.411765
22183     0.403922
22184     0.388235
22185     0.364706
22186     0.349020
22187     0.333333
22188     0.345098
22189     0.345098
22190     0.313726
22191     0.262745
22192     0.219608
22193     0.203922
22194     0.203922
22195     0.231373
22196     0.258824
22197     0.294118
22198     0.313726
22199     0.325490
22200     0.345098
22201     0.368627
22202     0.392157
22203     0.407843
22204     0.415686
22205     0.407843
22206     0.388235
22207     0.380392
22208     0.364706
22209     0.321569
22210     0.270588
22211     0.219608
22212     0.200000
22213     0.184314
22214     0.180392
22215     0.184314
22216     0.180392
22217     0.156863
22218     0.137255
22219     0.156863
22220     0.184314
22221     0.184314
22222     0.149020
22223     0.141176
22224     0.168627
22225     0.180392
22226     0.164706
22227     0.168627
22228     0.172549
22229     0.176471
22230     0.176471
22231     0.180392
22232     0.180392
22233     0.180392
22234     0.176471
22235     0.180392
22236     0.172549
22237     0.168627
22238     0.168627
22239     0.172549
22240     0.180392
22241     0.184314
22242     0.184314
22243     0.184314
22244     0.188235
22245     0.196078
22246     0.243137
22247     0.235294
22248     0.235294
22249     0.250980
22250     0.250980
22251     0.239216
22252     0.239216
22253     0.247059
22254     0.258824
22255     0.250980
22256     0.231373
22257     0.215686
22258     0.227451
22259     0.247059
22260     0.247059
22261     0.231373
22262     0.196078
22263     0.223529
22264     0.258824
22265     0.286275
22266     0.298039
22267     0.301961
22268     0.301961
22269     0.301961
22270     0.317647
22271     0.317647
22272     0.321569
22273     0.317647
22274     0.313726
22275     0.305882
22276     0.298039
22277     0.294118
22278     0.356863
22279     0.388235
22280     0.419608
22281     0.435294
22282     0.439216
22283     0.447059
22284     0.470588
22285     0.494118
22286     0.533333
22287     0.549020
22288     0.552941
22289     0.537255
22290     0.529412
22291     0.537255
22292     0.541176
22293     0.533333
22294     0.537255
22295     0.564706
22296     0.596078
22297     0.603922
22298     0.584314
22299     0.556863
22300     0.545098
22301     0.545098
22302     0.545098
22303     0.549020
22304     0.556863
22305     0.568627
22306     0.580392
22307     0.596078
22308     0.607843
22309     0.615686
22310     0.607843
22311     0.588235
22312     0.564706
22313     0.556863
22314     0.564706
22315     0.572549
22316     0.576471
22317     0.572549
22318     0.596078
22319     0.607843
22320     0.619608
22321     0.627451
22322     0.623529
22323     0.623529
22324     0.627451
22325     0.631373
22326     0.635294
22327     0.627451
22328     0.615686
22329     0.611765
22330     0.611765
22331     0.619608
22332     0.631373
22333     0.639216
22334     0.682353
22335     0.682353
22336     0.682353
22337     0.682353
22338     0.674510
22339     0.658824
22340     0.647059
22341     0.639216
22342     0.647059
22343     0.658824
22344     0.658824
22345     0.643137
22346     0.615686
22347     0.592157
22348     0.584314
22349     0.584314
22350     0.607843
22351     0.603922
22352     0.603922
22353     0.600000
22354     0.600000
22355     0.600000
22356     0.603922
22357     0.603922
22358     0.596078
22359     0.607843
22360     0.615686
22361     0.611765
22362     0.603922
22363     0.600000
22364     0.607843
22365     0.623529
22366     0.635294
22367     0.600000
22368     0.560784
22369     0.545098
22370     0.549020
22371     0.541176
22372     0.505882
22373     0.474510
22374     0.454902
22375     0.454902
22376     0.450980
22377     0.447059
22378     0.439216
22379     0.435294
22380     0.435294
22381     0.431373
22382     0.427451
22383     0.450980
22384     0.482353
22385     0.509804
22386     0.525490
22387     0.517647
22388     0.505882
22389     0.494118
22390     0.486275
22391     0.486275
22392     0.494118
22393     0.509804
22394     0.525490
22395     0.529412
22396     0.521569
22397     0.513726
22398     0.529412
22399     0.529412
22400     0.525490
22401     0.505882
22402     0.482353
22403     0.474510
22404     0.478431
22405     0.490196
22406     0.470588
22407     0.443137
22408     0.407843
22409     0.384314
22410     0.372549
22411     0.356863
22412     0.337255
22413     0.321569
22414     0.301961
22415     0.301961
22416     0.294118
22417     0.266667
22418     0.231373
22419     0.200000
22420     0.180392
22421     0.172549
22422     0.180392
22423     0.227451
22424     0.286275
22425     0.325490
22426     0.337255
22427     0.352941
22428     0.372549
22429     0.396078
22430     0.384314
22431     0.400000
22432     0.400000
22433     0.380392
22434     0.349020
22435     0.317647
22436     0.274510
22437     0.239216
22438     0.215686
22439     0.200000
22440     0.180392
22441     0.172549
22442     0.172549
22443     0.164706
22444     0.152941
22445     0.137255
22446     0.156863
22447     0.180392
22448     0.176471
22449     0.145098
22450     0.137255
22451     0.156863
22452     0.168627
22453     0.152941
22454     0.180392
22455     0.176471
22456     0.176471
22457     0.176471
22458     0.176471
22459     0.176471
22460     0.180392
22461     0.184314
22462     0.184314
22463     0.172549
22464     0.164706
22465     0.168627
22466     0.180392
22467     0.188235
22468     0.184314
22469     0.176471
22470     0.192157
22471     0.196078
22472     0.200000
22473     0.231373
22474     0.219608
22475     0.219608
22476     0.239216
22477     0.243137
22478     0.227451
22479     0.219608
22480     0.223529
22481     0.250980
22482     0.254902
22483     0.247059
22484     0.235294
22485     0.243137
22486     0.262745
22487     0.258824
22488     0.243137
22489     0.196078
22490     0.219608
22491     0.250980
22492     0.274510
22493     0.278431
22494     0.270588
22495     0.262745
22496     0.258824
22497     0.278431
22498     0.282353
22499     0.294118
22500     0.298039
22501     0.298039
22502     0.290196
22503     0.278431
22504     0.270588
22505     0.305882
22506     0.337255
22507     0.380392
22508     0.407843
22509     0.415686
22510     0.427451
22511     0.450980
22512     0.470588
22513     0.509804
22514     0.521569
22515     0.525490
22516     0.509804
22517     0.509804
22518     0.521569
22519     0.521569
22520     0.509804
22521     0.505882
22522     0.541176
22523     0.572549
22524     0.568627
22525     0.541176
22526     0.517647
22527     0.517647
22528     0.529412
22529     0.529412
22530     0.533333
22531     0.545098
22532     0.556863
22533     0.568627
22534     0.584314
22535     0.596078
22536     0.600000
22537     0.607843
22538     0.580392
22539     0.552941
22540     0.545098
22541     0.560784
22542     0.572549
22543     0.572549
22544     0.564706
22545     0.592157
22546     0.603922
22547     0.619608
22548     0.627451
22549     0.631373
22550     0.631373
22551     0.635294
22552     0.639216
22553     0.643137
22554     0.631373
22555     0.619608
22556     0.607843
22557     0.603922
22558     0.607843
22559     0.619608
22560     0.627451
22561     0.666667
22562     0.674510
22563     0.690196
22564     0.690196
22565     0.678431
22566     0.662745
22567     0.647059
22568     0.635294
22569     0.647059
22570     0.654902
22571     0.650980
22572     0.639216
22573     0.615686
22574     0.592157
22575     0.584314
22576     0.584314
22577     0.607843
22578     0.607843
22579     0.603922
22580     0.603922
22581     0.603922
22582     0.607843
22583     0.615686
22584     0.619608
22585     0.603922
22586     0.611765
22587     0.615686
22588     0.615686
22589     0.607843
22590     0.603922
22591     0.611765
22592     0.619608
22593     0.627451
22594     0.603922
22595     0.572549
22596     0.549020
22597     0.537255
22598     0.509804
22599     0.474510
22600     0.443137
22601     0.443137
22602     0.443137
22603     0.450980
22604     0.450980
22605     0.450980
22606     0.447059
22607     0.443137
22608     0.439216
22609     0.423529
22610     0.447059
22611     0.478431
22612     0.505882
22613     0.513726
22614     0.505882
22615     0.486275
22616     0.474510
22617     0.454902
22618     0.462745
22619     0.478431
22620     0.498039
22621     0.513726
22622     0.521569
22623     0.513726
22624     0.501961
22625     0.517647
22626     0.525490
22627     0.529412
22628     0.509804
22629     0.482353
22630     0.462745
22631     0.458824
22632     0.462745
22633     0.427451
22634     0.396078
22635     0.360784
22636     0.337255
22637     0.337255
22638     0.345098
22639     0.345098
22640     0.341176
22641     0.301961
22642     0.278431
22643     0.247059
22644     0.219608
22645     0.203922
22646     0.196078
22647     0.196078
22648     0.200000
22649     0.160784
22650     0.196078
22651     0.250980
22652     0.298039
22653     0.333333
22654     0.352941
22655     0.368627
22656     0.376471
22657     0.364706
22658     0.372549
22659     0.372549
22660     0.345098
22661     0.301961
22662     0.262745
22663     0.231373
22664     0.215686
22665     0.207843
22666     0.192157
22667     0.176471
22668     0.164706
22669     0.164706
22670     0.164706
22671     0.160784
22672     0.152941
22673     0.164706
22674     0.180392
22675     0.172549
22676     0.152941
22677     0.145098
22678     0.156863
22679     0.160784
22680     0.149020
22681     0.168627
22682     0.168627
22683     0.164706
22684     0.164706
22685     0.168627
22686     0.176471
22687     0.184314
22688     0.188235
22689     0.188235
22690     0.172549
22691     0.160784
22692     0.168627
22693     0.184314
22694     0.188235
22695     0.180392
22696     0.168627
22697     0.180392
22698     0.180392
22699     0.180392
22700     0.207843
22701     0.192157
22702     0.196078
22703     0.219608
22704     0.231373
22705     0.219608
22706     0.211765
22707     0.211765
22708     0.231373
22709     0.239216
22710     0.235294
22711     0.227451
22712     0.231373
22713     0.247059
22714     0.247059
22715     0.231373
22716     0.223529
22717     0.239216
22718     0.262745
22719     0.270588
22720     0.262745
22721     0.247059
22722     0.231373
22723     0.223529
22724     0.231373
22725     0.247059
22726     0.266667
22727     0.282353
22728     0.286275
22729     0.278431
22730     0.262745
22731     0.254902
22732     0.270588
22733     0.309804
22734     0.360784
22735     0.396078
22736     0.407843
22737     0.419608
22738     0.435294
22739     0.454902
22740     0.482353
22741     0.494118
22742     0.498039
22743     0.490196
22744     0.498039
22745     0.513726
22746     0.517647
22747     0.505882
22748     0.494118
22749     0.517647
22750     0.541176
22751     0.529412
22752     0.501961
22753     0.486275
22754     0.498039
22755     0.513726
22756     0.513726
22757     0.521569
22758     0.529412
22759     0.545098
22760     0.556863
22761     0.568627
22762     0.576471
22763     0.580392
22764     0.588235
22765     0.560784
22766     0.533333
22767     0.529412
22768     0.545098
22769     0.560784
22770     0.560784
22771     0.552941
22772     0.588235
22773     0.603922
22774     0.619608
22775     0.631373
22776     0.635294
22777     0.635294
22778     0.643137
22779     0.647059
22780     0.643137
22781     0.635294
22782     0.615686
22783     0.603922
22784     0.600000
22785     0.603922
22786     0.615686
22787     0.627451
22788     0.658824
22789     0.678431
22790     0.701961
22791     0.705882
22792     0.698039
22793     0.678431
22794     0.662745
22795     0.654902
22796     0.650980
22797     0.650980
22798     0.647059
22799     0.635294
22800     0.619608
22801     0.603922
22802     0.596078
22803     0.596078
22804     0.603922
22805     0.603922
22806     0.603922
22807     0.607843
22808     0.615686
22809     0.623529
22810     0.627451
22811     0.631373
22812     0.611765
22813     0.611765
22814     0.615686
22815     0.611765
22816     0.603922
22817     0.600000
22818     0.603922
22819     0.607843
22820     0.584314
22821     0.588235
22822     0.580392
22823     0.556863
22824     0.517647
22825     0.474510
22826     0.443137
22827     0.423529
22828     0.435294
22829     0.443137
22830     0.450980
22831     0.458824
22832     0.462745
22833     0.462745
22834     0.458824
22835     0.454902
22836     0.439216
22837     0.454902
22838     0.478431
22839     0.498039
22840     0.505882
22841     0.501961
22842     0.486275
22843     0.478431
22844     0.462745
22845     0.470588
22846     0.482353
22847     0.501961
22848     0.517647
22849     0.521569
22850     0.513726
22851     0.505882
22852     0.498039
22853     0.509804
22854     0.517647
22855     0.505882
22856     0.478431
22857     0.447059
22858     0.427451
22859     0.423529
22860     0.388235
22861     0.352941
22862     0.305882
22863     0.278431
22864     0.282353
22865     0.298039
22866     0.313726
22867     0.317647
22868     0.301961
22869     0.274510
22870     0.243137
22871     0.219608
22872     0.207843
22873     0.203922
22874     0.200000
22875     0.196078
22876     0.160784
22877     0.164706
22878     0.192157
22879     0.243137
22880     0.309804
22881     0.352941
22882     0.360784
22883     0.356863
22884     0.337255
22885     0.333333
22886     0.325490
22887     0.298039
22888     0.254902
22889     0.215686
22890     0.203922
22891     0.207843
22892     0.192157
22893     0.184314
22894     0.176471
22895     0.172549
22896     0.172549
22897     0.176471
22898     0.180392
22899     0.176471
22900     0.176471
22901     0.180392
22902     0.176471
22903     0.160784
22904     0.160784
22905     0.168627
22906     0.164706
22907     0.152941
22908     0.152941
22909     0.149020
22910     0.149020
22911     0.152941
22912     0.160784
22913     0.172549
22914     0.184314
22915     0.192157
22916     0.184314
22917     0.176471
22918     0.168627
22919     0.172549
22920     0.184314
22921     0.184314
22922     0.176471
22923     0.164706
22924     0.172549
22925     0.172549
22926     0.168627
22927     0.188235
22928     0.172549
22929     0.168627
22930     0.196078
22931     0.215686
22932     0.211765
22933     0.207843
22934     0.211765
22935     0.219608
22936     0.227451
22937     0.227451
22938     0.211765
22939     0.211765
22940     0.227451
22941     0.231373
22942     0.219608
22943     0.239216
22944     0.250980
22945     0.262745
22946     0.262745
22947     0.247059
22948     0.227451
22949     0.215686
22950     0.207843
22951     0.219608
22952     0.235294
22953     0.254902
22954     0.274510
22955     0.282353
22956     0.278431
22957     0.266667
22958     0.258824
22959     0.266667
22960     0.305882
22961     0.356863
22962     0.388235
22963     0.403922
22964     0.411765
22965     0.431373
22966     0.450980
22967     0.466667
22968     0.478431
22969     0.478431
22970     0.478431
22971     0.494118
22972     0.517647
22973     0.521569
22974     0.505882
22975     0.494118
22976     0.505882
22977     0.517647
22978     0.505882
22979     0.486275
22980     0.478431
22981     0.486275
22982     0.501961
22983     0.505882
22984     0.509804
22985     0.521569
22986     0.533333
22987     0.545098
22988     0.552941
22989     0.556863
22990     0.560784
22991     0.549020
22992     0.529412
22993     0.509804
22994     0.505882
22995     0.521569
22996     0.533333
22997     0.541176
22998     0.541176
22999     0.588235
23000     0.600000
23001     0.615686
23002     0.627451
23003     0.631373
23004     0.635294
23005     0.643137
23006     0.647059
23007     0.643137
23008     0.631373
23009     0.611765
23010     0.600000
23011     0.600000
23012     0.607843
23013     0.623529
23014     0.635294
23015     0.670588
23016     0.694118
23017     0.717647
23018     0.725490
23019     0.713726
23020     0.694118
23021     0.682353
23022     0.678431
23023     0.650980
23024     0.647059
23025     0.639216
23026     0.631373
23027     0.623529
23028     0.615686
23029     0.611765
23030     0.607843
23031     0.600000
23032     0.607843
23033     0.615686
23034     0.623529
23035     0.627451
23036     0.631373
23037     0.631373
23038     0.631373
23039     0.611765
23040     0.607843
23041     0.603922
23042     0.596078
23043     0.592157
23044     0.584314
23045     0.580392
23046     0.580392
23047     0.537255
23048     0.549020
23049     0.552941
23050     0.529412
23051     0.482353
23052     0.443137
23053     0.419608
23054     0.411765
23055     0.427451
23056     0.435294
23057     0.443137
23058     0.454902
23059     0.462745
23060     0.466667
23061     0.466667
23062     0.466667
23063     0.450980
23064     0.458824
23065     0.470588
23066     0.482353
23067     0.490196
23068     0.494118
23069     0.494118
23070     0.490196
23071     0.490196
23072     0.494118
23073     0.498039
23074     0.513726
23075     0.521569
23076     0.525490
23077     0.517647
23078     0.505882
23079     0.482353
23080     0.482353
23081     0.482353
23082     0.474510
23083     0.454902
23084     0.423529
23085     0.392157
23086     0.372549
23087     0.360784
23088     0.321569
23089     0.266667
23090     0.231373
23091     0.223529
23092     0.227451
23093     0.231373
23094     0.235294
23095     0.262745
23096     0.258824
23097     0.250980
23098     0.243137
23099     0.227451
23100     0.203922
23101     0.176471
23102     0.156863
23103     0.156863
23104     0.137255
23105     0.141176
23106     0.192157
23107     0.270588
23108     0.325490
23109     0.337255
23110     0.321569
23111     0.294118
23112     0.282353
23113     0.270588
23114     0.250980
23115     0.219608
23116     0.188235
23117     0.188235
23118     0.203922
23119     0.180392
23120     0.180392
23121     0.180392
23122     0.180392
23123     0.180392
23124     0.184314
23125     0.188235
23126     0.192157
23127     0.184314
23128     0.180392
23129     0.172549
23130     0.172549
23131     0.176471
23132     0.176471
23133     0.168627
23134     0.160784
23135     0.141176
23136     0.145098
23137     0.149020
23138     0.152941
23139     0.160784
23140     0.168627
23141     0.176471
23142     0.180392
23143     0.176471
23144     0.176471
23145     0.180392
23146     0.180392
23147     0.180392
23148     0.176471
23149     0.172549
23150     0.168627
23151     0.180392
23152     0.180392
23153     0.176471
23154     0.180392
23155     0.156863
23156     0.152941
23157     0.176471
23158     0.200000
23159     0.203922
23160     0.203922
23161     0.203922
23162     0.219608
23163     0.227451
23164     0.223529
23165     0.207843
23166     0.203922
23167     0.215686
23168     0.223529
23169     0.219608
23170     0.235294
23171     0.247059
23172     0.254902
23173     0.254902
23174     0.243137
23175     0.235294
23176     0.231373
23177     0.227451
23178     0.239216
23179     0.243137
23180     0.250980
23181     0.258824
23182     0.262745
23183     0.266667
23184     0.266667
23185     0.266667
23186     0.270588
23187     0.301961
23188     0.341176
23189     0.360784
23190     0.372549
23191     0.392157
23192     0.423529
23193     0.450980
23194     0.466667
23195     0.474510
23196     0.474510
23197     0.478431
23198     0.498039
23199     0.521569
23200     0.521569
23201     0.505882
23202     0.494118
23203     0.501961
23204     0.509804
23205     0.505882
23206     0.498039
23207     0.486275
23208     0.486275
23209     0.490196
23210     0.498039
23211     0.505882
23212     0.517647
23213     0.525490
23214     0.533333
23215     0.541176
23216     0.541176
23217     0.541176
23218     0.521569
23219     0.513726
23220     0.501961
23221     0.498039
23222     0.505882
23223     0.517647
23224     0.533333
23225     0.545098
23226     0.580392
23227     0.592157
23228     0.611765
23229     0.619608
23230     0.623529
23231     0.627451
23232     0.631373
23233     0.635294
23234     0.639216
23235     0.627451
23236     0.611765
23237     0.600000
23238     0.600000
23239     0.615686
23240     0.635294
23241     0.647059
23242     0.674510
23243     0.701961
23244     0.725490
23245     0.729412
23246     0.709804
23247     0.686275
23248     0.678431
23249     0.678431
23250     0.643137
23251     0.635294
23252     0.631373
23253     0.627451
23254     0.623529
23255     0.623529
23256     0.619608
23257     0.615686
23258     0.611765
23259     0.619608
23260     0.627451
23261     0.635294
23262     0.639216
23263     0.631373
23264     0.623529
23265     0.615686
23266     0.600000
23267     0.596078
23268     0.584314
23269     0.576471
23270     0.568627
23271     0.560784
23272     0.552941
23273     0.545098
23274     0.517647
23275     0.517647
23276     0.509804
23277     0.486275
23278     0.458824
23279     0.435294
23280     0.419608
23281     0.415686
23282     0.423529
23283     0.431373
23284     0.439216
23285     0.450980
23286     0.462745
23287     0.470588
23288     0.478431
23289     0.478431
23290     0.470588
23291     0.470588
23292     0.466667
23293     0.470588
23294     0.478431
23295     0.494118
23296     0.505882
23297     0.513726
23298     0.521569
23299     0.517647
23300     0.513726
23301     0.517647
23302     0.521569
23303     0.517647
23304     0.509804
23305     0.501961
23306     0.474510
23307     0.458824
23308     0.435294
23309     0.423529
23310     0.415686
23311     0.392157
23312     0.360784
23313     0.333333
23314     0.313726
23315     0.282353
23316     0.243137
23317     0.211765
23318     0.200000
23319     0.192157
23320     0.180392
23321     0.168627
23322     0.200000
23323     0.211765
23324     0.219608
23325     0.223529
23326     0.207843
23327     0.188235
23328     0.164706
23329     0.149020
23330     0.164706
23331     0.145098
23332     0.137255
23333     0.168627
23334     0.223529
23335     0.266667
23336     0.274510
23337     0.266667
23338     0.247059
23339     0.227451
23340     0.223529
23341     0.223529
23342     0.207843
23343     0.180392
23344     0.180392
23345     0.196078
23346     0.172549
23347     0.180392
23348     0.184314
23349     0.188235
23350     0.184314
23351     0.184314
23352     0.184314
23353     0.188235
23354     0.184314
23355     0.172549
23356     0.168627
23357     0.172549
23358     0.184314
23359     0.180392
23360     0.172549
23361     0.164706
23362     0.149020
23363     0.152941
23364     0.156863
23365     0.160784
23366     0.164706
23367     0.164706
23368     0.164706
23369     0.164706
23370     0.164706
23371     0.180392
23372     0.192157
23373     0.188235
23374     0.172549
23375     0.164706
23376     0.168627
23377     0.176471
23378     0.196078
23379     0.192157
23380     0.184314
23381     0.184314
23382     0.152941
23383     0.141176
23384     0.164706
23385     0.192157
23386     0.196078
23387     0.196078
23388     0.200000
23389     0.211765
23390     0.223529
23391     0.215686
23392     0.196078
23393     0.188235
23394     0.203922
23395     0.211765
23396     0.211765
23397     0.231373
23398     0.243137
23399     0.250980
23400     0.254902
23401     0.250980
23402     0.250980
23403     0.254902
23404     0.258824
23405     0.243137
23406     0.239216
23407     0.231373
23408     0.227451
23409     0.231373
23410     0.239216
23411     0.250980
23412     0.258824
23413     0.274510
23414     0.294118
23415     0.317647
23416     0.329412
23417     0.341176
23418     0.364706
23419     0.407843
23420     0.443137
23421     0.474510
23422     0.478431
23423     0.478431
23424     0.478431
23425     0.498039
23426     0.521569
23427     0.521569
23428     0.501961
23429     0.494118
23430     0.501961
23431     0.513726
23432     0.517647
23433     0.513726
23434     0.501961
23435     0.490196
23436     0.478431
23437     0.498039
23438     0.501961
23439     0.513726
23440     0.521569
23441     0.529412
23442     0.533333
23443     0.533333
23444     0.529412
23445     0.513726
23446     0.513726
23447     0.509804
23448     0.505882
23449     0.505882
23450     0.517647
23451     0.541176
23452     0.556863
23453     0.576471
23454     0.588235
23455     0.603922
23456     0.611765
23457     0.615686
23458     0.615686
23459     0.619608
23460     0.627451
23461     0.635294
23462     0.623529
23463     0.607843
23464     0.600000
23465     0.603922
23466     0.619608
23467     0.643137
23468     0.658824
23469     0.674510
23470     0.698039
23471     0.721569
23472     0.717647
23473     0.694118
23474     0.666667
23475     0.658824
23476     0.662745
23477     0.635294
23478     0.627451
23479     0.623529
23480     0.619608
23481     0.623529
23482     0.623529
23483     0.619608
23484     0.619608
23485     0.619608
23486     0.627451
23487     0.639216
23488     0.647059
23489     0.643137
23490     0.631373
23491     0.611765
23492     0.603922
23493     0.592157
23494     0.584314
23495     0.572549
23496     0.560784
23497     0.552941
23498     0.545098
23499     0.533333
23500     0.525490
23501     0.525490
23502     0.505882
23503     0.474510
23504     0.458824
23505     0.447059
23506     0.443137
23507     0.435294
23508     0.427451
23509     0.427451
23510     0.431373
23511     0.443137
23512     0.454902
23513     0.466667
23514     0.478431
23515     0.486275
23516     0.494118
23517     0.486275
23518     0.478431
23519     0.470588
23520     0.466667
23521     0.478431
23522     0.498039
23523     0.521569
23524     0.533333
23525     0.537255
23526     0.529412
23527     0.517647
23528     0.513726
23529     0.513726
23530     0.513726
23531     0.501961
23532     0.494118
23533     0.474510
23534     0.439216
23535     0.400000
23536     0.384314
23537     0.380392
23538     0.368627
23539     0.341176
23540     0.313726
23541     0.262745
23542     0.247059
23543     0.223529
23544     0.211765
23545     0.207843
23546     0.196078
23547     0.176471
23548     0.160784
23549     0.156863
23550     0.164706
23551     0.172549
23552     0.172549
23553     0.168627
23554     0.168627
23555     0.172549
23556     0.180392
23557     0.180392
23558     0.168627
23559     0.156863
23560     0.168627
23561     0.192157
23562     0.211765
23563     0.215686
23564     0.211765
23565     0.211765
23566     0.196078
23567     0.196078
23568     0.211765
23569     0.207843
23570     0.184314
23571     0.176471
23572     0.188235
23573     0.172549
23574     0.180392
23575     0.188235
23576     0.192157
23577     0.184314
23578     0.176471
23579     0.176471
23580     0.176471
23581     0.180392
23582     0.164706
23583     0.160784
23584     0.172549
23585     0.184314
23586     0.180392
23587     0.172549
23588     0.168627
23589     0.164706
23590     0.164706
23591     0.168627
23592     0.172549
23593     0.168627
23594     0.164706
23595     0.156863
23596     0.152941
23597     0.160784
23598     0.184314
23599     0.203922
23600     0.196078
23601     0.168627
23602     0.156863
23603     0.164706
23604     0.180392
23605     0.200000
23606     0.196078
23607     0.188235
23608     0.192157
23609     0.168627
23610     0.145098
23611     0.145098
23612     0.164706
23613     0.184314
23614     0.188235
23615     0.184314
23616     0.192157
23617     0.196078
23618     0.203922
23619     0.215686
23620     0.223529
23621     0.231373
23622     0.235294
23623     0.235294
23624     0.258824
23625     0.247059
23626     0.235294
23627     0.243137
23628     0.258824
23629     0.262745
23630     0.247059
23631     0.231373
23632     0.223529
23633     0.219608
23634     0.219608
23635     0.231373
23636     0.250980
23637     0.262745
23638     0.254902
23639     0.243137
23640     0.258824
23641     0.270588
23642     0.290196
23643     0.309804
23644     0.333333
23645     0.364706
23646     0.400000
23647     0.419608
23648     0.427451
23649     0.454902
23650     0.486275
23651     0.498039
23652     0.494118
23653     0.490196
23654     0.498039
23655     0.509804
23656     0.478431
23657     0.490196
23658     0.505882
23659     0.513726
23660     0.513726
23661     0.509804
23662     0.498039
23663     0.494118
23664     0.505882
23665     0.509804
23666     0.517647
23667     0.521569
23668     0.521569
23669     0.517647
23670     0.509804
23671     0.505882
23672     0.494118
23673     0.505882
23674     0.513726
23675     0.513726
23676     0.505882
23677     0.505882
23678     0.521569
23679     0.533333
23680     0.541176
23681     0.549020
23682     0.564706
23683     0.576471
23684     0.592157
23685     0.607843
23686     0.623529
23687     0.631373
23688     0.615686
23689     0.603922
23690     0.596078
23691     0.607843
23692     0.627451
23693     0.647059
23694     0.647059
23695     0.643137
23696     0.674510
23697     0.670588
23698     0.670588
23699     0.666667
23700     0.666667
23701     0.662745
23702     0.658824
23703     0.658824
23704     0.635294
23705     0.627451
23706     0.623529
23707     0.623529
23708     0.627451
23709     0.627451
23710     0.623529
23711     0.615686
23712     0.607843
23713     0.623529
23714     0.639216
23715     0.635294
23716     0.619608
23717     0.603922
23718     0.596078
23719     0.596078
23720     0.572549
23721     0.556863
23722     0.537255
23723     0.521569
23724     0.513726
23725     0.505882
23726     0.498039
23727     0.490196
23728     0.482353
23729     0.470588
23730     0.454902
23731     0.447059
23732     0.443137
23733     0.435294
23734     0.427451
23735     0.419608
23736     0.431373
23737     0.423529
23738     0.415686
23739     0.423529
23740     0.443137
23741     0.466667
23742     0.482353
23743     0.490196
23744     0.494118
23745     0.478431
23746     0.462745
23747     0.458824
23748     0.466667
23749     0.486275
23750     0.501961
23751     0.509804
23752     0.533333
23753     0.517647
23754     0.490196
23755     0.478431
23756     0.494118
23757     0.513726
23758     0.498039
23759     0.466667
23760     0.423529
23761     0.400000
23762     0.368627
23763     0.341176
23764     0.317647
23765     0.294118
23766     0.262745
23767     0.243137
23768     0.219608
23769     0.219608
23770     0.211765
23771     0.188235
23772     0.168627
23773     0.164706
23774     0.180392
23775     0.200000
23776     0.152941
23777     0.160784
23778     0.172549
23779     0.180392
23780     0.184314
23781     0.176471
23782     0.164706
23783     0.156863
23784     0.152941
23785     0.160784
23786     0.164706
23787     0.160784
23788     0.152941
23789     0.156863
23790     0.172549
23791     0.188235
23792     0.188235
23793     0.180392
23794     0.176471
23795     0.180392
23796     0.192157
23797     0.203922
23798     0.211765
23799     0.211765
23800     0.184314
23801     0.192157
23802     0.192157
23803     0.184314
23804     0.172549
23805     0.164706
23806     0.172549
23807     0.184314
23808     0.176471
23809     0.176471
23810     0.172549
23811     0.172549
23812     0.172549
23813     0.176471
23814     0.180392
23815     0.184314
23816     0.176471
23817     0.180392
23818     0.192157
23819     0.192157
23820     0.168627
23821     0.137255
23822     0.137255
23823     0.156863
23824     0.152941
23825     0.160784
23826     0.164706
23827     0.160784
23828     0.156863
23829     0.160784
23830     0.172549
23831     0.184314
23832     0.184314
23833     0.176471
23834     0.164706
23835     0.180392
23836     0.160784
23837     0.145098
23838     0.145098
23839     0.164706
23840     0.180392
23841     0.184314
23842     0.176471
23843     0.180392
23844     0.188235
23845     0.200000
23846     0.215686
23847     0.227451
23848     0.239216
23849     0.243137
23850     0.247059
23851     0.247059
23852     0.235294
23853     0.227451
23854     0.235294
23855     0.250980
23856     0.254902
23857     0.243137
23858     0.227451
23859     0.227451
23860     0.227451
23861     0.227451
23862     0.239216
23863     0.250980
23864     0.258824
23865     0.262745
23866     0.258824
23867     0.262745
23868     0.266667
23869     0.278431
23870     0.298039
23871     0.325490
23872     0.352941
23873     0.376471
23874     0.392157
23875     0.423529
23876     0.447059
23877     0.470588
23878     0.478431
23879     0.478431
23880     0.478431
23881     0.494118
23882     0.509804
23883     0.494118
23884     0.501961
23885     0.509804
23886     0.513726
23887     0.513726
23888     0.509804
23889     0.505882
23890     0.505882
23891     0.521569
23892     0.521569
23893     0.517647
23894     0.517647
23895     0.513726
23896     0.513726
23897     0.513726
23898     0.513726
23899     0.505882
23900     0.505882
23901     0.501961
23902     0.494118
23903     0.486275
23904     0.486275
23905     0.494118
23906     0.498039
23907     0.513726
23908     0.537255
23909     0.560784
23910     0.568627
23911     0.564706
23912     0.568627
23913     0.588235
23914     0.611765
23915     0.611765
23916     0.607843
23917     0.607843
23918     0.615686
23919     0.627451
23920     0.639216
23921     0.647059
23922     0.647059
23923     0.650980
23924     0.650980
23925     0.643137
23926     0.639216
23927     0.639216
23928     0.639216
23929     0.639216
23930     0.643137
23931     0.627451
23932     0.623529
23933     0.615686
23934     0.615686
23935     0.619608
23936     0.615686
23937     0.607843
23938     0.600000
23939     0.611765
23940     0.619608
23941     0.623529
23942     0.615686
23943     0.596078
23944     0.576471
23945     0.568627
23946     0.568627
23947     0.541176
23948     0.525490
23949     0.509804
23950     0.498039
23951     0.494118
23952     0.486275
23953     0.478431
23954     0.470588
23955     0.458824
23956     0.450980
23957     0.439216
23958     0.431373
23959     0.431373
23960     0.423529
23961     0.415686
23962     0.403922
23963     0.431373
23964     0.427451
23965     0.427451
23966     0.435294
23967     0.450980
23968     0.462745
23969     0.470588
23970     0.470588
23971     0.482353
23972     0.470588
23973     0.458824
23974     0.458824
23975     0.470588
23976     0.482353
23977     0.490196
23978     0.494118
23979     0.505882
23980     0.513726
23981     0.517647
23982     0.513726
23983     0.517647
23984     0.513726
23985     0.478431
23986     0.435294
23987     0.368627
23988     0.337255
23989     0.301961
23990     0.290196
23991     0.286275
23992     0.266667
23993     0.223529
23994     0.188235
23995     0.196078
23996     0.196078
23997     0.184314
23998     0.168627
23999     0.152941
24000     0.152941
24001     0.164706
24002     0.176471
24003     0.152941
24004     0.156863
24005     0.164706
24006     0.168627
24007     0.168627
24008     0.164706
24009     0.160784
24010     0.152941
24011     0.176471
24012     0.180392
24013     0.180392
24014     0.168627
24015     0.160784
24016     0.156863
24017     0.168627
24018     0.180392
24019     0.176471
24020     0.176471
24021     0.176471
24022     0.180392
24023     0.188235
24024     0.196078
24025     0.200000
24026     0.200000
24027     0.196078
24028     0.196078
24029     0.192157
24030     0.180392
24031     0.164706
24032     0.160784
24033     0.168627
24034     0.176471
24035     0.176471
24036     0.172549
24037     0.172549
24038     0.172549
24039     0.172549
24040     0.176471
24041     0.180392
24042     0.180392
24043     0.172549
24044     0.168627
24045     0.176471
24046     0.188235
24047     0.176471
24048     0.152941
24049     0.152941
24050     0.164706
24051     0.160784
24052     0.164706
24053     0.164706
24054     0.160784
24055     0.156863
24056     0.160784
24057     0.180392
24058     0.200000
24059     0.192157
24060     0.172549
24061     0.152941
24062     0.160784
24063     0.149020
24064     0.141176
24065     0.149020
24066     0.168627
24067     0.180392
24068     0.176471
24069     0.172549
24070     0.168627
24071     0.176471
24072     0.192157
24073     0.207843
24074     0.223529
24075     0.239216
24076     0.247059
24077     0.250980
24078     0.227451
24079     0.219608
24080     0.215686
24081     0.223529
24082     0.239216
24083     0.243137
24084     0.235294
24085     0.223529
24086     0.219608
24087     0.227451
24088     0.231373
24089     0.235294
24090     0.239216
24091     0.247059
24092     0.258824
24093     0.270588
24094     0.270588
24095     0.262745
24096     0.262745
24097     0.278431
24098     0.309804
24099     0.337255
24100     0.349020
24101     0.349020
24102     0.384314
24103     0.400000
24104     0.419608
24105     0.427451
24106     0.427451
24107     0.435294
24108     0.454902
24109     0.470588
24110     0.494118
24111     0.501961
24112     0.509804
24113     0.509804
24114     0.505882
24115     0.501961
24116     0.505882
24117     0.509804
24118     0.521569
24119     0.517647
24120     0.509804
24121     0.505882
24122     0.505882
24123     0.505882
24124     0.509804
24125     0.513726
24126     0.521569
24127     0.505882
24128     0.486275
24129     0.474510
24130     0.466667
24131     0.462745
24132     0.458824
24133     0.454902
24134     0.470588
24135     0.505882
24136     0.537255
24137     0.541176
24138     0.525490
24139     0.521569
24140     0.545098
24141     0.572549
24142     0.592157
24143     0.600000
24144     0.607843
24145     0.611765
24146     0.615686
24147     0.619608
24148     0.631373
24149     0.639216
24150     0.623529
24151     0.619608
24152     0.611765
24153     0.603922
24154     0.603922
24155     0.607843
24156     0.615686
24157     0.619608
24158     0.623529
24159     0.615686
24160     0.607843
24161     0.607843
24162     0.607843
24163     0.603922
24164     0.592157
24165     0.580392
24166     0.603922
24167     0.603922
24168     0.596078
24169     0.580392
24170     0.556863
24171     0.541176
24172     0.533333
24173     0.533333
24174     0.517647
24175     0.505882
24176     0.490196
24177     0.482353
24178     0.478431
24179     0.474510
24180     0.462745
24181     0.458824
24182     0.447059
24183     0.439216
24184     0.431373
24185     0.427451
24186     0.427451
24187     0.423529
24188     0.411765
24189     0.400000
24190     0.427451
24191     0.427451
24192     0.435294
24193     0.447059
24194     0.458824
24195     0.462745
24196     0.454902
24197     0.450980
24198     0.466667
24199     0.462745
24200     0.462745
24201     0.466667
24202     0.478431
24203     0.486275
24204     0.486275
24205     0.482353
24206     0.482353
24207     0.509804
24208     0.529412
24209     0.525490
24210     0.505882
24211     0.470588
24212     0.419608
24213     0.376471
24214     0.305882
24215     0.266667
24216     0.235294
24217     0.231373
24218     0.243137
24219     0.231373
24220     0.184314
24221     0.141176
24222     0.176471
24223     0.172549
24224     0.164706
24225     0.156863
24226     0.152941
24227     0.152941
24228     0.156863
24229     0.160784
24230     0.156863
24231     0.156863
24232     0.156863
24233     0.156863
24234     0.156863
24235     0.156863
24236     0.152941
24237     0.152941
24238     0.192157
24239     0.192157
24240     0.188235
24241     0.176471
24242     0.164706
24243     0.160784
24244     0.168627
24245     0.172549
24246     0.164706
24247     0.168627
24248     0.176471
24249     0.184314
24250     0.188235
24251     0.188235
24252     0.184314
24253     0.184314
24254     0.203922
24255     0.200000
24256     0.188235
24257     0.172549
24258     0.160784
24259     0.156863
24260     0.168627
24261     0.176471
24262     0.168627
24263     0.168627
24264     0.168627
24265     0.168627
24266     0.168627
24267     0.172549
24268     0.176471
24269     0.180392
24270     0.172549
24271     0.156863
24272     0.160784
24273     0.180392
24274     0.184314
24275     0.172549
24276     0.164706
24277     0.168627
24278     0.164706
24279     0.172549
24280     0.172549
24281     0.164706
24282     0.156863
24283     0.164706
24284     0.188235
24285     0.211765
24286     0.200000
24287     0.168627
24288     0.137255
24289     0.152941
24290     0.149020
24291     0.149020
24292     0.156863
24293     0.172549
24294     0.180392
24295     0.176471
24296     0.168627
24297     0.160784
24298     0.168627
24299     0.180392
24300     0.196078
24301     0.211765
24302     0.223529
24303     0.231373
24304     0.235294
24305     0.215686
24306     0.211765
24307     0.211765
24308     0.219608
24309     0.231373
24310     0.235294
24311     0.231373
24312     0.223529
24313     0.207843
24314     0.219608
24315     0.231373
24316     0.231373
24317     0.227451
24318     0.235294
24319     0.254902
24320     0.270588
24321     0.274510
24322     0.258824
24323     0.250980
24324     0.270588
24325     0.301961
24326     0.321569
24327     0.321569
24328     0.313726
24329     0.333333
24330     0.349020
24331     0.372549
24332     0.384314
24333     0.392157
24334     0.403922
24335     0.419608
24336     0.431373
24337     0.478431
24338     0.494118
24339     0.505882
24340     0.509804
24341     0.498039
24342     0.490196
24343     0.490196
24344     0.494118
24345     0.494118
24346     0.494118
24347     0.498039
24348     0.501961
24349     0.505882
24350     0.509804
24351     0.513726
24352     0.513726
24353     0.529412
24354     0.505882
24355     0.478431
24356     0.458824
24357     0.454902
24358     0.450980
24359     0.439216
24360     0.431373
24361     0.435294
24362     0.458824
24363     0.486275
24364     0.498039
24365     0.494118
24366     0.494118
24367     0.505882
24368     0.525490
24369     0.556863
24370     0.576471
24371     0.592157
24372     0.596078
24373     0.592157
24374     0.596078
24375     0.603922
24376     0.615686
24377     0.603922
24378     0.596078
24379     0.584314
24380     0.576471
24381     0.580392
24382     0.588235
24383     0.600000
24384     0.607843
24385     0.615686
24386     0.607843
24387     0.603922
24388     0.600000
24389     0.600000
24390     0.588235
24391     0.576471
24392     0.564706
24393     0.580392
24394     0.572549
24395     0.556863
24396     0.541176
24397     0.525490
24398     0.513726
24399     0.509804
24400     0.509804
24401     0.517647
24402     0.509804
24403     0.494118
24404     0.486275
24405     0.482353
24406     0.474510
24407     0.462745
24408     0.454902
24409     0.450980
24410     0.443137
24411     0.439216
24412     0.439216
24413     0.439216
24414     0.435294
24415     0.423529
24416     0.411765
24417     0.427451
24418     0.427451
24419     0.431373
24420     0.443137
24421     0.454902
24422     0.458824
24423     0.458824
24424     0.450980
24425     0.454902
24426     0.454902
24427     0.462745
24428     0.478431
24429     0.490196
24430     0.494118
24431     0.486275
24432     0.474510
24433     0.474510
24434     0.494118
24435     0.494118
24436     0.458824
24437     0.407843
24438     0.368627
24439     0.329412
24440     0.301961
24441     0.258824
24442     0.231373
24443     0.203922
24444     0.196078
24445     0.203922
24446     0.200000
24447     0.176471
24448     0.149020
24449     0.172549
24450     0.168627
24451     0.164706
24452     0.164706
24453     0.164706
24454     0.164706
24455     0.164706
24456     0.160784
24457     0.164706
24458     0.160784
24459     0.156863
24460     0.152941
24461     0.149020
24462     0.152941
24463     0.156863
24464     0.160784
24465     0.192157
24466     0.188235
24467     0.184314
24468     0.172549
24469     0.168627
24470     0.164706
24471     0.168627
24472     0.172549
24473     0.152941
24474     0.160784
24475     0.176471
24476     0.184314
24477     0.184314
24478     0.176471
24479     0.172549
24480     0.168627
24481     0.203922
24482     0.192157
24483     0.180392
24484     0.164706
24485     0.156863
24486     0.160784
24487     0.172549
24488     0.184314
24489     0.168627
24490     0.164706
24491     0.164706
24492     0.164706
24493     0.168627
24494     0.172549
24495     0.180392
24496     0.180392
24497     0.180392
24498     0.156863
24499     0.152941
24500     0.176471
24501     0.192157
24502     0.184314
24503     0.168627
24504     0.160784
24505     0.172549
24506     0.184314
24507     0.192157
24508     0.184314
24509     0.168627
24510     0.168627
24511     0.184314
24512     0.203922
24513     0.207843
24514     0.172549
24515     0.129412
24516     0.152941
24517     0.152941
24518     0.156863
24519     0.168627
24520     0.176471
24521     0.180392
24522     0.176471
24523     0.172549
24524     0.156863
24525     0.160784
24526     0.172549
24527     0.180392
24528     0.192157
24529     0.200000
24530     0.203922
24531     0.203922
24532     0.207843
24533     0.207843
24534     0.207843
24535     0.215686
24536     0.223529
24537     0.227451
24538     0.227451
24539     0.219608
24540     0.203922
24541     0.219608
24542     0.231373
24543     0.235294
24544     0.231373
24545     0.239216
24546     0.258824
24547     0.274510
24548     0.274510
24549     0.258824
24550     0.250980
24551     0.266667
24552     0.294118
24553     0.309804
24554     0.305882
24555     0.294118
24556     0.305882
24557     0.321569
24558     0.345098
24559     0.368627
24560     0.384314
24561     0.392157
24562     0.403922
24563     0.407843
24564     0.454902
24565     0.478431
24566     0.501961
24567     0.509804
24568     0.494118
24569     0.478431
24570     0.470588
24571     0.474510
24572     0.462745
24573     0.474510
24574     0.494118
24575     0.513726
24576     0.525490
24577     0.529412
24578     0.529412
24579     0.525490
24580     0.533333
24581     0.509804
24582     0.478431
24583     0.462745
24584     0.458824
24585     0.450980
24586     0.435294
24587     0.423529
24588     0.407843
24589     0.411765
24590     0.423529
24591     0.447059
24592     0.466667
24593     0.482353
24594     0.486275
24595     0.482353
24596     0.529412
24597     0.549020
24598     0.572549
24599     0.580392
24600     0.580392
24601     0.576471
24602     0.588235
24603     0.596078
24604     0.584314
24605     0.576471
24606     0.568627
24607     0.560784
24608     0.564706
24609     0.572549
24610     0.588235
24611     0.596078
24612     0.603922
24613     0.600000
24614     0.596078
24615     0.592157
24616     0.588235
24617     0.580392
24618     0.560784
24619     0.549020
24620     0.545098
24621     0.537255
24622     0.521569
24623     0.509804
24624     0.505882
24625     0.501961
24626     0.501961
24627     0.501961
24628     0.529412
24629     0.517647
24630     0.505882
24631     0.498039
24632     0.490196
24633     0.478431
24634     0.462745
24635     0.450980
24636     0.458824
24637     0.450980
24638     0.447059
24639     0.443137
24640     0.447059
24641     0.439216
24642     0.431373
24643     0.423529
24644     0.427451
24645     0.423529
24646     0.419608
24647     0.431373
24648     0.447059
24649     0.458824
24650     0.466667
24651     0.466667
24652     0.443137
24653     0.450980
24654     0.462745
24655     0.482353
24656     0.494118
24657     0.490196
24658     0.478431
24659     0.462745
24660     0.462745
24661     0.454902
24662     0.411765
24663     0.333333
24664     0.270588
24665     0.243137
24666     0.235294
24667     0.231373
24668     0.227451
24669     0.215686
24670     0.200000
24671     0.184314
24672     0.176471
24673     0.176471
24674     0.176471
24675     0.180392
24676     0.160784
24677     0.168627
24678     0.176471
24679     0.176471
24680     0.176471
24681     0.168627
24682     0.164706
24683     0.164706
24684     0.176471
24685     0.172549
24686     0.164706
24687     0.156863
24688     0.152941
24689     0.156863
24690     0.160784
24691     0.164706
24692     0.176471
24693     0.172549
24694     0.164706
24695     0.160784
24696     0.164706
24697     0.168627
24698     0.172549
24699     0.172549
24700     0.149020
24701     0.164706
24702     0.184314
24703     0.188235
24704     0.180392
24705     0.168627
24706     0.164706
24707     0.164706
24708     0.192157
24709     0.180392
24710     0.164706
24711     0.156863
24712     0.160784
24713     0.172549
24714     0.184314
24715     0.192157
24716     0.164706
24717     0.164706
24718     0.164706
24719     0.168627
24720     0.172549
24721     0.176471
24722     0.180392
24723     0.184314
24724     0.196078
24725     0.168627
24726     0.156863
24727     0.176471
24728     0.196078
24729     0.184314
24730     0.160784
24731     0.149020
24732     0.172549
24733     0.196078
24734     0.211765
24735     0.203922
24736     0.180392
24737     0.168627
24738     0.172549
24739     0.188235
24740     0.203922
24741     0.176471
24742     0.145098
24743     0.156863
24744     0.160784
24745     0.164706
24746     0.168627
24747     0.172549
24748     0.172549
24749     0.172549
24750     0.172549
24751     0.156863
24752     0.160784
24753     0.164706
24754     0.172549
24755     0.176471
24756     0.180392
24757     0.180392
24758     0.180392
24759     0.200000
24760     0.203922
24761     0.207843
24762     0.211765
24763     0.215686
24764     0.215686
24765     0.215686
24766     0.215686
24767     0.207843
24768     0.215686
24769     0.231373
24770     0.243137
24771     0.247059
24772     0.254902
24773     0.262745
24774     0.270588
24775     0.258824
24776     0.254902
24777     0.250980
24778     0.266667
24779     0.286275
24780     0.298039
24781     0.294118
24782     0.290196
24783     0.270588
24784     0.282353
24785     0.301961
24786     0.325490
24787     0.345098
24788     0.360784
24789     0.372549
24790     0.380392
24791     0.435294
24792     0.458824
24793     0.482353
24794     0.486275
24795     0.466667
24796     0.447059
24797     0.447059
24798     0.454902
24799     0.450980
24800     0.470588
24801     0.498039
24802     0.525490
24803     0.545098
24804     0.549020
24805     0.545098
24806     0.541176
24807     0.529412
24808     0.517647
24809     0.498039
24810     0.478431
24811     0.466667
24812     0.450980
24813     0.435294
24814     0.423529
24815     0.392157
24816     0.384314
24817     0.384314
24818     0.407843
24819     0.443137
24820     0.466667
24821     0.466667
24822     0.458824
24823     0.501961
24824     0.517647
24825     0.541176
24826     0.560784
24827     0.568627
24828     0.568627
24829     0.572549
24830     0.572549
24831     0.556863
24832     0.552941
24833     0.549020
24834     0.549020
24835     0.552941
24836     0.560784
24837     0.572549
24838     0.580392
24839     0.584314
24840     0.580392
24841     0.580392
24842     0.580392
24843     0.576471
24844     0.564706
24845     0.545098
24846     0.529412
24847     0.521569
24848     0.513726
24849     0.501961
24850     0.498039
24851     0.501961
24852     0.509804
24853     0.509804
24854     0.505882
24855     0.525490
24856     0.517647
24857     0.509804
24858     0.501961
24859     0.498039
24860     0.486275
24861     0.470588
24862     0.458824
24863     0.466667
24864     0.454902
24865     0.443137
24866     0.435294
24867     0.435294
24868     0.435294
24869     0.427451
24870     0.423529
24871     0.427451
24872     0.419608
24873     0.419608
24874     0.427451
24875     0.443137
24876     0.458824
24877     0.466667
24878     0.466667
24879     0.439216
24880     0.447059
24881     0.454902
24882     0.466667
24883     0.474510
24884     0.462745
24885     0.439216
24886     0.423529
24887     0.419608
24888     0.392157
24889     0.325490
24890     0.231373
24891     0.172549
24892     0.164706
24893     0.176471
24894     0.188235
24895     0.196078
24896     0.196078
24897     0.188235
24898     0.172549
24899     0.160784
24900     0.156863
24901     0.172549
24902     0.188235
24903     0.145098
24904     0.164706
24905     0.184314
24906     0.188235
24907     0.172549
24908     0.160784
24909     0.156863
24910     0.160784
24911     0.184314
24912     0.180392
24913     0.172549
24914     0.164706
24915     0.160784
24916     0.164706
24917     0.164706
24918     0.168627
24919     0.164706
24920     0.156863
24921     0.149020
24922     0.152941
24923     0.160784
24924     0.172549
24925     0.176471
24926     0.172549
24927     0.156863
24928     0.172549
24929     0.192157
24930     0.192157
24931     0.180392
24932     0.168627
24933     0.164706
24934     0.168627
24935     0.180392
24936     0.168627
24937     0.156863
24938     0.156863
24939     0.168627
24940     0.180392
24941     0.188235
24942     0.192157
24943     0.168627
24944     0.168627
24945     0.168627
24946     0.172549
24947     0.176471
24948     0.180392
24949     0.188235
24950     0.192157
24951     0.200000
24952     0.176471
24953     0.164706
24954     0.180392
24955     0.192157
24956     0.180392
24957     0.156863
24958     0.149020
24959     0.176471
24960     0.200000
24961     0.219608
24962     0.207843
24963     0.180392
24964     0.164706
24965     0.172549
24966     0.192157
24967     0.219608
24968     0.207843
24969     0.200000
24970     0.160784
24971     0.160784
24972     0.164706
24973     0.164706
24974     0.160784
24975     0.160784
24976     0.160784
24977     0.164706
24978     0.152941
24979     0.156863
24980     0.160784
24981     0.168627
24982     0.172549
24983     0.172549
24984     0.176471
24985     0.172549
24986     0.192157
24987     0.196078
24988     0.203922
24989     0.203922
24990     0.200000
24991     0.200000
24992     0.200000
24993     0.200000
24994     0.196078
24995     0.200000
24996     0.215686
24997     0.235294
24998     0.250980
24999     0.258824
25000     0.250980
25001     0.247059
25002     0.239216
25003     0.243137
25004     0.250980
25005     0.262745
25006     0.274510
25007     0.282353
25008     0.286275
25009     0.290196
25010     0.247059
25011     0.247059
25012     0.250980
25013     0.266667
25014     0.294118
25015     0.321569
25016     0.349020
25017     0.360784
25018     0.400000
25019     0.419608
25020     0.435294
25021     0.423529
25022     0.403922
25023     0.392157
25024     0.403922
25025     0.423529
25026     0.450980
25027     0.466667
25028     0.490196
25029     0.517647
25030     0.533333
25031     0.545098
25032     0.545098
25033     0.545098
25034     0.529412
25035     0.529412
25036     0.521569
25037     0.498039
25038     0.470588
25039     0.443137
25040     0.423529
25041     0.415686
25042     0.384314
25043     0.380392
25044     0.380392
25045     0.392157
25046     0.415686
25047     0.435294
25048     0.447059
25049     0.454902
25050     0.462745
25051     0.474510
25052     0.498039
25053     0.521569
25054     0.545098
25055     0.552941
25056     0.545098
25057     0.537255
25058     0.525490
25059     0.525490
25060     0.525490
25061     0.529412
25062     0.537255
25063     0.541176
25064     0.549020
25065     0.552941
25066     0.560784
25067     0.556863
25068     0.556863
25069     0.560784
25070     0.560784
25071     0.549020
25072     0.529412
25073     0.513726
25074     0.513726
25075     0.501961
25076     0.494118
25077     0.498039
25078     0.509804
25079     0.517647
25080     0.513726
25081     0.509804
25082     0.521569
25083     0.517647
25084     0.513726
25085     0.513726
25086     0.513726
25087     0.509804
25088     0.498039
25089     0.486275
25090     0.478431
25091     0.462745
25092     0.443137
25093     0.431373
25094     0.427451
25095     0.427451
25096     0.427451
25097     0.423529
25098     0.423529
25099     0.423529
25100     0.427451
25101     0.435294
25102     0.450980
25103     0.454902
25104     0.454902
25105     0.450980
25106     0.439216
25107     0.439216
25108     0.439216
25109     0.443137
25110     0.435294
25111     0.411765
25112     0.380392
25113     0.360784
25114     0.345098
25115     0.321569
25116     0.266667
25117     0.196078
25118     0.156863
25119     0.156863
25120     0.168627
25121     0.172549
25122     0.176471
25123     0.176471
25124     0.172549
25125     0.172549
25126     0.168627
25127     0.168627
25128     0.164706
25129     0.164706
25130     0.137255
25131     0.172549
25132     0.203922
25133     0.203922
25134     0.172549
25135     0.149020
25136     0.152941
25137     0.164706
25138     0.184314
25139     0.180392
25140     0.176471
25141     0.168627
25142     0.164706
25143     0.164706
25144     0.164706
25145     0.164706
25146     0.164706
25147     0.156863
25148     0.145098
25149     0.149020
25150     0.160784
25151     0.172549
25152     0.172549
25153     0.172549
25154     0.164706
25155     0.184314
25156     0.200000
25157     0.200000
25158     0.180392
25159     0.168627
25160     0.168627
25161     0.176471
25162     0.180392
25163     0.168627
25164     0.156863
25165     0.160784
25166     0.172549
25167     0.180392
25168     0.184314
25169     0.180392
25170     0.172549
25171     0.172549
25172     0.172549
25173     0.176471
25174     0.180392
25175     0.188235
25176     0.192157
25177     0.196078
25178     0.196078
25179     0.176471
25180     0.172549
25181     0.184314
25182     0.192157
25183     0.176471
25184     0.156863
25185     0.156863
25186     0.176471
25187     0.196078
25188     0.211765
25189     0.196078
25190     0.168627
25191     0.160784
25192     0.188235
25193     0.215686
25194     0.266667
25195     0.278431
25196     0.298039
25197     0.160784
25198     0.160784
25199     0.160784
25200     0.156863
25201     0.149020
25202     0.149020
25203     0.152941
25204     0.160784
25205     0.149020
25206     0.152941
25207     0.160784
25208     0.168627
25209     0.172549
25210     0.176471
25211     0.176471
25212     0.180392
25213     0.188235
25214     0.192157
25215     0.196078
25216     0.196078
25217     0.192157
25218     0.188235
25219     0.188235
25220     0.188235
25221     0.176471
25222     0.180392
25223     0.192157
25224     0.219608
25225     0.243137
25226     0.247059
25227     0.235294
25228     0.219608
25229     0.219608
25230     0.231373
25231     0.247059
25232     0.258824
25233     0.262745
25234     0.270588
25235     0.282353
25236     0.290196
25237     0.254902
25238     0.247059
25239     0.235294
25240     0.247059
25241     0.274510
25242     0.313726
25243     0.352941
25244     0.372549
25245     0.372549
25246     0.384314
25247     0.388235
25248     0.368627
25249     0.341176
25250     0.341176
25251     0.368627
25252     0.396078
25253     0.450980
25254     0.458824
25255     0.474510
25256     0.494118
25257     0.509804
25258     0.521569
25259     0.529412
25260     0.533333
25261     0.533333
25262     0.537255
25263     0.533333
25264     0.509804
25265     0.470588
25266     0.431373
25267     0.411765
25268     0.407843
25269     0.384314
25270     0.388235
25271     0.392157
25272     0.392157
25273     0.396078
25274     0.407843
25275     0.435294
25276     0.454902
25277     0.431373
25278     0.435294
25279     0.454902
25280     0.490196
25281     0.517647
25282     0.529412
25283     0.517647
25284     0.501961
25285     0.501961
25286     0.505882
25287     0.509804
25288     0.517647
25289     0.521569
25290     0.529412
25291     0.533333
25292     0.533333
25293     0.541176
25294     0.541176
25295     0.545098
25296     0.549020
25297     0.549020
25298     0.537255
25299     0.517647
25300     0.501961
25301     0.509804
25302     0.501961
25303     0.498039
25304     0.505882
25305     0.517647
25306     0.521569
25307     0.517647
25308     0.505882
25309     0.521569
25310     0.521569
25311     0.521569
25312     0.529412
25313     0.533333
25314     0.533333
25315     0.521569
25316     0.513726
25317     0.494118
25318     0.474510
25319     0.450980
25320     0.435294
25321     0.431373
25322     0.431373
25323     0.431373
25324     0.431373
25325     0.423529
25326     0.427451
25327     0.435294
25328     0.450980
25329     0.458824
25330     0.454902
25331     0.439216
25332     0.427451
25333     0.435294
25334     0.431373
25335     0.427451
25336     0.419608
25337     0.403922
25338     0.372549
25339     0.337255
25340     0.309804
25341     0.282353
25342     0.274510
25343     0.239216
25344     0.196078
25345     0.176471
25346     0.180392
25347     0.180392
25348     0.168627
25349     0.168627
25350     0.164706
25351     0.164706
25352     0.176471
25353     0.192157
25354     0.188235
25355     0.164706
25356     0.141176
25357     0.137255
25358     0.180392
25359     0.223529
25360     0.219608
25361     0.180392
25362     0.152941
25363     0.156863
25364     0.172549
25365     0.180392
25366     0.176471
25367     0.176471
25368     0.172549
25369     0.168627
25370     0.164706
25371     0.160784
25372     0.160784
25373     0.172549
25374     0.160784
25375     0.149020
25376     0.152941
25377     0.164706
25378     0.172549
25379     0.172549
25380     0.168627
25381     0.172549
25382     0.192157
25383     0.207843
25384     0.200000
25385     0.180392
25386     0.168627
25387     0.172549
25388     0.184314
25389     0.184314
25390     0.172549
25391     0.160784
25392     0.164706
25393     0.176471
25394     0.180392
25395     0.176471
25396     0.168627
25397     0.172549
25398     0.176471
25399     0.176471
25400     0.180392
25401     0.184314
25402     0.192157
25403     0.200000
25404     0.203922
25405     0.188235
25406     0.172549
25407     0.172549
25408     0.188235
25409     0.188235
25410     0.172549
25411     0.164706
25412     0.164706
25413     0.176471
25414     0.192157
25415     0.200000
25416     0.180392
25417     0.152941
25418     0.160784
25419     0.203922
25420     0.243137
25421     0.313726
25422     0.345098
25423     0.380392
25424     0.145098
25425     0.149020
25426     0.152941
25427     0.149020
25428     0.145098
25429     0.145098
25430     0.152941
25431     0.160784
25432     0.168627
25433     0.152941
25434     0.152941
25435     0.168627
25436     0.180392
25437     0.176471
25438     0.176471
25439     0.184314
25440     0.176471
25441     0.172549
25442     0.168627
25443     0.176471
25444     0.188235
25445     0.192157
25446     0.192157
25447     0.188235
25448     0.176471
25449     0.176471
25450     0.184314
25451     0.207843
25452     0.227451
25453     0.235294
25454     0.227451
25455     0.215686
25456     0.219608
25457     0.231373
25458     0.250980
25459     0.270588
25460     0.278431
25461     0.278431
25462     0.266667
25463     0.258824
25464     0.235294
25465     0.231373
25466     0.239216
25467     0.266667
25468     0.305882
25469     0.333333
25470     0.333333
25471     0.325490
25472     0.321569
25473     0.337255
25474     0.341176
25475     0.329412
25476     0.313726
25477     0.317647
25478     0.352941
25479     0.384314
25480     0.411765
25481     0.431373
25482     0.462745
25483     0.490196
25484     0.509804
25485     0.517647
25486     0.521569
25487     0.525490
25488     0.533333
25489     0.529412
25490     0.521569
25491     0.513726
25492     0.494118
25493     0.458824
25494     0.423529
25495     0.396078
25496     0.392157
25497     0.392157
25498     0.392157
25499     0.388235
25500     0.392157
25501     0.400000
25502     0.415686
25503     0.427451
25504     0.392157
25505     0.396078
25506     0.407843
25507     0.431373
25508     0.454902
25509     0.470588
25510     0.474510
25511     0.470588
25512     0.470588
25513     0.478431
25514     0.490196
25515     0.501961
25516     0.509804
25517     0.509804
25518     0.505882
25519     0.501961
25520     0.513726
25521     0.517647
25522     0.517647
25523     0.517647
25524     0.509804
25525     0.501961
25526     0.494118
25527     0.486275
25528     0.486275
25529     0.494118
25530     0.509804
25531     0.521569
25532     0.525490
25533     0.525490
25534     0.517647
25535     0.513726
25536     0.533333
25537     0.549020
25538     0.560784
25539     0.560784
25540     0.560784
25541     0.556863
25542     0.529412
25543     0.498039
25544     0.494118
25545     0.478431
25546     0.466667
25547     0.462745
25548     0.450980
25549     0.427451
25550     0.423529
25551     0.431373
25552     0.439216
25553     0.431373
25554     0.423529
25555     0.423529
25556     0.447059
25557     0.458824
25558     0.427451
25559     0.384314
25560     0.368627
25561     0.368627
25562     0.364706
25563     0.356863
25564     0.337255
25565     0.309804
25566     0.282353
25567     0.266667
25568     0.231373
25569     0.219608
25570     0.207843
25571     0.192157
25572     0.176471
25573     0.168627
25574     0.164706
25575     0.160784
25576     0.164706
25577     0.152941
25578     0.145098
25579     0.149020
25580     0.160784
25581     0.168627
25582     0.160784
25583     0.152941
25584     0.152941
25585     0.168627
25586     0.192157
25587     0.200000
25588     0.168627
25589     0.141176
25590     0.149020
25591     0.176471
25592     0.176471
25593     0.172549
25594     0.164706
25595     0.156863
25596     0.156863
25597     0.164706
25598     0.176471
25599     0.184314
25600     0.180392
25601     0.188235
25602     0.180392
25603     0.164706
25604     0.168627
25605     0.180392
25606     0.180392
25607     0.168627
25608     0.176471
25609     0.196078
25610     0.211765
25611     0.203922
25612     0.180392
25613     0.168627
25614     0.172549
25615     0.184314
25616     0.188235
25617     0.168627
25618     0.156863
25619     0.160784
25620     0.156863
25621     0.149020
25622     0.160784
25623     0.176471
25624     0.152941
25625     0.156863
25626     0.160784
25627     0.164706
25628     0.172549
25629     0.176471
25630     0.180392
25631     0.180392
25632     0.176471
25633     0.152941
25634     0.149020
25635     0.164706
25636     0.180392
25637     0.172549
25638     0.160784
25639     0.160784
25640     0.156863
25641     0.168627
25642     0.172549
25643     0.168627
25644     0.172549
25645     0.200000
25646     0.258824
25647     0.301961
25648     0.392157
25649     0.403922
25650     0.411765
25651     0.145098
25652     0.152941
25653     0.152941
25654     0.152941
25655     0.145098
25656     0.149020
25657     0.156863
25658     0.164706
25659     0.164706
25660     0.149020
25661     0.145098
25662     0.164706
25663     0.176471
25664     0.172549
25665     0.172549
25666     0.180392
25667     0.172549
25668     0.168627
25669     0.164706
25670     0.172549
25671     0.180392
25672     0.188235
25673     0.184314
25674     0.180392
25675     0.176471
25676     0.172549
25677     0.172549
25678     0.184314
25679     0.200000
25680     0.207843
25681     0.207843
25682     0.203922
25683     0.207843
25684     0.223529
25685     0.243137
25686     0.254902
25687     0.258824
25688     0.254902
25689     0.254902
25690     0.250980
25691     0.223529
25692     0.219608
25693     0.219608
25694     0.243137
25695     0.274510
25696     0.290196
25697     0.290196
25698     0.278431
25699     0.298039
25700     0.301961
25701     0.305882
25702     0.298039
25703     0.290196
25704     0.301961
25705     0.329412
25706     0.352941
25707     0.388235
25708     0.415686
25709     0.450980
25710     0.482353
25711     0.498039
25712     0.505882
25713     0.517647
25714     0.525490
25715     0.537255
25716     0.529412
25717     0.521569
25718     0.509804
25719     0.494118
25720     0.466667
25721     0.435294
25722     0.411765
25723     0.376471
25724     0.376471
25725     0.380392
25726     0.380392
25727     0.384314
25728     0.392157
25729     0.403922
25730     0.411765
25731     0.392157
25732     0.396078
25733     0.403922
25734     0.419608
25735     0.431373
25736     0.443137
25737     0.450980
25738     0.450980
25739     0.466667
25740     0.474510
25741     0.482353
25742     0.494118
25743     0.498039
25744     0.498039
25745     0.498039
25746     0.494118
25747     0.498039
25748     0.498039
25749     0.501961
25750     0.501961
25751     0.498039
25752     0.494118
25753     0.486275
25754     0.482353
25755     0.474510
25756     0.482353
25757     0.498039
25758     0.517647
25759     0.525490
25760     0.529412
25761     0.529412
25762     0.529412
25763     0.541176
25764     0.556863
25765     0.564706
25766     0.556863
25767     0.556863
25768     0.552941
25769     0.525490
25770     0.490196
25771     0.501961
25772     0.474510
25773     0.450980
25774     0.443137
25775     0.435294
25776     0.423529
25777     0.423529
25778     0.431373
25779     0.427451
25780     0.435294
25781     0.435294
25782     0.431373
25783     0.435294
25784     0.439216
25785     0.419608
25786     0.388235
25787     0.341176
25788     0.333333
25789     0.321569
25790     0.298039
25791     0.274510
25792     0.250980
25793     0.231373
25794     0.219608
25795     0.203922
25796     0.196078
25797     0.188235
25798     0.176471
25799     0.168627
25800     0.160784
25801     0.160784
25802     0.160784
25803     0.168627
25804     0.160784
25805     0.149020
25806     0.145098
25807     0.149020
25808     0.152941
25809     0.152941
25810     0.152941
25811     0.168627
25812     0.160784
25813     0.164706
25814     0.176471
25815     0.172549
25816     0.156863
25817     0.152941
25818     0.160784
25819     0.168627
25820     0.168627
25821     0.168627
25822     0.168627
25823     0.164706
25824     0.164706
25825     0.164706
25826     0.164706
25827     0.176471
25828     0.188235
25829     0.184314
25830     0.172549
25831     0.172549
25832     0.180392
25833     0.176471
25834     0.160784
25835     0.176471
25836     0.196078
25837     0.215686
25838     0.211765
25839     0.188235
25840     0.176471
25841     0.180392
25842     0.188235
25843     0.192157
25844     0.172549
25845     0.160784
25846     0.164706
25847     0.164706
25848     0.152941
25849     0.160784
25850     0.180392
25851     0.152941
25852     0.156863
25853     0.156863
25854     0.164706
25855     0.168627
25856     0.176471
25857     0.180392
25858     0.184314
25859     0.176471
25860     0.152941
25861     0.141176
25862     0.156863
25863     0.172549
25864     0.172549
25865     0.168627
25866     0.172549
25867     0.192157
25868     0.172549
25869     0.152941
25870     0.160784
25871     0.200000
25872     0.262745
25873     0.313726
25874     0.345098
25875     0.396078
25876     0.403922
25877     0.411765
25878     0.149020
25879     0.152941
25880     0.152941
25881     0.152941
25882     0.149020
25883     0.149020
25884     0.156863
25885     0.164706
25886     0.164706
25887     0.145098
25888     0.137255
25889     0.152941
25890     0.164706
25891     0.164706
25892     0.168627
25893     0.180392
25894     0.168627
25895     0.160784
25896     0.160784
25897     0.164706
25898     0.172549
25899     0.180392
25900     0.176471
25901     0.172549
25902     0.188235
25903     0.180392
25904     0.168627
25905     0.168627
25906     0.176471
25907     0.184314
25908     0.188235
25909     0.192157
25910     0.184314
25911     0.203922
25912     0.227451
25913     0.239216
25914     0.235294
25915     0.231373
25916     0.235294
25917     0.243137
25918     0.223529
25919     0.215686
25920     0.215686
25921     0.227451
25922     0.247059
25923     0.254902
25924     0.247059
25925     0.239216
25926     0.274510
25927     0.270588
25928     0.266667
25929     0.266667
25930     0.274510
25931     0.290196
25932     0.309804
25933     0.321569
25934     0.345098
25935     0.380392
25936     0.427451
25937     0.458824
25938     0.474510
25939     0.486275
25940     0.505882
25941     0.525490
25942     0.529412
25943     0.521569
25944     0.505882
25945     0.494118
25946     0.478431
25947     0.458824
25948     0.431373
25949     0.411765
25950     0.372549
25951     0.372549
25952     0.376471
25953     0.380392
25954     0.384314
25955     0.392157
25956     0.392157
25957     0.396078
25958     0.392157
25959     0.396078
25960     0.400000
25961     0.400000
25962     0.403922
25963     0.411765
25964     0.423529
25965     0.435294
25966     0.458824
25967     0.462745
25968     0.474510
25969     0.482353
25970     0.486275
25971     0.486275
25972     0.482353
25973     0.478431
25974     0.470588
25975     0.474510
25976     0.478431
25977     0.482353
25978     0.486275
25979     0.486275
25980     0.486275
25981     0.486275
25982     0.470588
25983     0.482353
25984     0.498039
25985     0.517647
25986     0.533333
25987     0.541176
25988     0.549020
25989     0.549020
25990     0.552941
25991     0.564706
25992     0.568627
25993     0.560784
25994     0.560784
25995     0.552941
25996     0.525490
25997     0.494118
25998     0.509804
25999     0.474510
26000     0.443137
26001     0.443137
26002     0.447059
26003     0.447059
26004     0.450980
26005     0.462745
26006     0.415686
26007     0.435294
26008     0.439216
26009     0.423529
26010     0.403922
26011     0.396078
26012     0.380392
26013     0.356863
26014     0.317647
26015     0.301961
26016     0.278431
26017     0.250980
26018     0.223529
26019     0.200000
26020     0.184314
26021     0.180392
26022     0.172549
26023     0.168627
26024     0.164706
26025     0.160784
26026     0.156863
26027     0.152941
26028     0.156863
26029     0.156863
26030     0.164706
26031     0.164706
26032     0.156863
26033     0.145098
26034     0.137255
26035     0.141176
26036     0.149020
26037     0.160784
26038     0.184314
26039     0.152941
26040     0.137255
26041     0.156863
26042     0.176471
26043     0.172549
26044     0.156863
26045     0.149020
26046     0.160784
26047     0.164706
26048     0.172549
26049     0.176471
26050     0.172549
26051     0.164706
26052     0.156863
26053     0.149020
26054     0.176471
26055     0.188235
26056     0.188235
26057     0.176471
26058     0.172549
26059     0.176471
26060     0.172549
26061     0.156863
26062     0.172549
26063     0.196078
26064     0.219608
26065     0.219608
26066     0.200000
26067     0.184314
26068     0.188235
26069     0.196078
26070     0.196078
26071     0.176471
26072     0.168627
26073     0.172549
26074     0.168627
26075     0.156863
26076     0.160784
26077     0.176471
26078     0.160784
26079     0.160784
26080     0.164706
26081     0.168627
26082     0.176471
26083     0.184314
26084     0.192157
26085     0.196078
26086     0.184314
26087     0.160784
26088     0.149020
26089     0.164706
26090     0.180392
26091     0.184314
26092     0.184314
26093     0.192157
26094     0.207843
26095     0.160784
26096     0.129412
26097     0.160784
26098     0.247059
26099     0.333333
26100     0.380392
26101     0.388235
26102     0.400000
26103     0.407843
26104     0.415686
26105     0.141176
26106     0.145098
26107     0.149020
26108     0.145098
26109     0.141176
26110     0.141176
26111     0.149020
26112     0.156863
26113     0.160784
26114     0.141176
26115     0.133333
26116     0.145098
26117     0.156863
26118     0.156863
26119     0.164706
26120     0.176471
26121     0.160784
26122     0.156863
26123     0.152941
26124     0.156863
26125     0.168627
26126     0.172549
26127     0.168627
26128     0.164706
26129     0.192157
26130     0.184314
26131     0.176471
26132     0.168627
26133     0.168627
26134     0.172549
26135     0.176471
26136     0.176471
26137     0.152941
26138     0.180392
26139     0.215686
26140     0.231373
26141     0.231373
26142     0.223529
26143     0.227451
26144     0.231373
26145     0.235294
26146     0.231373
26147     0.231373
26148     0.235294
26149     0.247059
26150     0.250980
26151     0.243137
26152     0.235294
26153     0.262745
26154     0.250980
26155     0.243137
26156     0.247059
26157     0.270588
26158     0.290196
26159     0.298039
26160     0.301961
26161     0.309804
26162     0.352941
26163     0.403922
26164     0.439216
26165     0.450980
26166     0.466667
26167     0.494118
26168     0.517647
26169     0.513726
26170     0.501961
26171     0.482353
26172     0.462745
26173     0.450980
26174     0.431373
26175     0.411765
26176     0.396078
26177     0.392157
26178     0.392157
26179     0.392157
26180     0.396078
26181     0.400000
26182     0.400000
26183     0.392157
26184     0.388235
26185     0.388235
26186     0.392157
26187     0.392157
26188     0.388235
26189     0.388235
26190     0.400000
26191     0.419608
26192     0.435294
26193     0.450980
26194     0.454902
26195     0.462745
26196     0.466667
26197     0.470588
26198     0.470588
26199     0.470588
26200     0.470588
26201     0.454902
26202     0.458824
26203     0.466667
26204     0.474510
26205     0.482353
26206     0.490196
26207     0.494118
26208     0.498039
26209     0.498039
26210     0.501961
26211     0.517647
26212     0.529412
26213     0.545098
26214     0.556863
26215     0.564706
26216     0.568627
26217     0.560784
26218     0.576471
26219     0.580392
26220     0.576471
26221     0.572549
26222     0.564706
26223     0.537255
26224     0.505882
26225     0.478431
26226     0.447059
26227     0.427451
26228     0.439216
26229     0.454902
26230     0.454902
26231     0.450980
26232     0.454902
26233     0.407843
26234     0.415686
26235     0.407843
26236     0.384314
26237     0.368627
26238     0.352941
26239     0.325490
26240     0.298039
26241     0.290196
26242     0.278431
26243     0.258824
26244     0.235294
26245     0.207843
26246     0.188235
26247     0.176471
26248     0.168627
26249     0.156863
26250     0.156863
26251     0.152941
26252     0.152941
26253     0.152941
26254     0.149020
26255     0.149020
26256     0.149020
26257     0.152941
26258     0.164706
26259     0.168627
26260     0.164706
26261     0.152941
26262     0.149020
26263     0.156863
26264     0.168627
26265     0.192157
26266     0.156863
26267     0.141176
26268     0.156863
26269     0.176471
26270     0.176471
26271     0.164706
26272     0.156863
26273     0.164706
26274     0.168627
26275     0.172549
26276     0.172549
26277     0.168627
26278     0.160784
26279     0.152941
26280     0.145098
26281     0.184314
26282     0.196078
26283     0.192157
26284     0.168627
26285     0.160784
26286     0.168627
26287     0.172549
26288     0.164706
26289     0.172549
26290     0.200000
26291     0.223529
26292     0.227451
26293     0.207843
26294     0.192157
26295     0.196078
26296     0.203922
26297     0.196078
26298     0.180392
26299     0.172549
26300     0.180392
26301     0.172549
26302     0.156863
26303     0.156863
26304     0.164706
26305     0.168627
26306     0.172549
26307     0.172549
26308     0.176471
26309     0.184314
26310     0.192157
26311     0.200000
26312     0.203922
26313     0.188235
26314     0.168627
26315     0.168627
26316     0.192157
26317     0.207843
26318     0.203922
26319     0.200000
26320     0.200000
26321     0.184314
26322     0.156863
26323     0.145098
26324     0.203922
26325     0.301961
26326     0.384314
26327     0.411765
26328     0.407843
26329     0.415686
26330     0.423529
26331     0.431373
26332     0.129412
26333     0.133333
26334     0.137255
26335     0.133333
26336     0.129412
26337     0.133333
26338     0.141176
26339     0.149020
26340     0.152941
26341     0.137255
26342     0.129412
26343     0.145098
26344     0.156863
26345     0.156863
26346     0.156863
26347     0.168627
26348     0.160784
26349     0.152941
26350     0.149020
26351     0.152941
26352     0.160784
26353     0.164706
26354     0.160784
26355     0.156863
26356     0.176471
26357     0.176471
26358     0.176471
26359     0.172549
26360     0.164706
26361     0.160784
26362     0.156863
26363     0.156863
26364     0.133333
26365     0.160784
26366     0.200000
26367     0.227451
26368     0.231373
26369     0.223529
26370     0.219608
26371     0.219608
26372     0.239216
26373     0.235294
26374     0.239216
26375     0.247059
26376     0.254902
26377     0.258824
26378     0.254902
26379     0.250980
26380     0.247059
26381     0.231373
26382     0.223529
26383     0.235294
26384     0.258824
26385     0.278431
26386     0.282353
26387     0.278431
26388     0.298039
26389     0.337255
26390     0.388235
26391     0.423529
26392     0.447059
26393     0.462745
26394     0.486275
26395     0.505882
26396     0.498039
26397     0.482353
26398     0.462745
26399     0.443137
26400     0.427451
26401     0.411765
26402     0.396078
26403     0.384314
26404     0.403922
26405     0.400000
26406     0.392157
26407     0.396078
26408     0.400000
26409     0.396078
26410     0.384314
26411     0.376471
26412     0.384314
26413     0.384314
26414     0.384314
26415     0.384314
26416     0.392157
26417     0.411765
26418     0.435294
26419     0.450980
26420     0.447059
26421     0.447059
26422     0.450980
26423     0.458824
26424     0.462745
26425     0.466667
26426     0.466667
26427     0.466667
26428     0.454902
26429     0.458824
26430     0.466667
26431     0.478431
26432     0.490196
26433     0.501961
26434     0.513726
26435     0.517647
26436     0.537255
26437     0.541176
26438     0.545098
26439     0.549020
26440     0.556863
26441     0.568627
26442     0.576471
26443     0.580392
26444     0.564706
26445     0.584314
26446     0.592157
26447     0.588235
26448     0.584314
26449     0.572549
26450     0.541176
26451     0.505882
26452     0.427451
26453     0.407843
26454     0.403922
26455     0.419608
26456     0.419608
26457     0.400000
26458     0.376471
26459     0.372549
26460     0.368627
26461     0.364706
26462     0.345098
26463     0.337255
26464     0.341176
26465     0.337255
26466     0.301961
26467     0.254902
26468     0.239216
26469     0.235294
26470     0.227451
26471     0.215686
26472     0.200000
26473     0.184314
26474     0.168627
26475     0.160784
26476     0.160784
26477     0.160784
26478     0.160784
26479     0.160784
26480     0.156863
26481     0.156863
26482     0.152941
26483     0.152941
26484     0.145098
26485     0.164706
26486     0.180392
26487     0.184314
26488     0.172549
26489     0.164706
26490     0.168627
26491     0.176471
26492     0.184314
26493     0.164706
26494     0.160784
26495     0.172549
26496     0.176471
26497     0.168627
26498     0.168627
26499     0.180392
26500     0.176471
26501     0.172549
26502     0.168627
26503     0.164706
26504     0.160784
26505     0.156863
26506     0.156863
26507     0.156863
26508     0.188235
26509     0.196078
26510     0.188235
26511     0.160784
26512     0.149020
26513     0.164706
26514     0.180392
26515     0.184314
26516     0.176471
26517     0.203922
26518     0.227451
26519     0.227451
26520     0.207843
26521     0.196078
26522     0.200000
26523     0.211765
26524     0.192157
26525     0.180392
26526     0.176471
26527     0.184314
26528     0.176471
26529     0.156863
26530     0.149020
26531     0.156863
26532     0.164706
26533     0.168627
26534     0.172549
26535     0.180392
26536     0.184314
26537     0.188235
26538     0.188235
26539     0.188235
26540     0.176471
26541     0.168627
26542     0.184314
26543     0.223529
26544     0.243137
26545     0.231373
26546     0.211765
26547     0.200000
26548     0.172549
26549     0.184314
26550     0.223529
26551     0.290196
26552     0.364706
26553     0.411765
26554     0.423529
26555     0.415686
26556     0.435294
26557     0.443137
26558     0.447059
26559     0.125490
26560     0.129412
26561     0.129412
26562     0.129412
26563     0.125490
26564     0.125490
26565     0.133333
26566     0.141176
26567     0.149020
26568     0.133333
26569     0.133333
26570     0.152941
26571     0.160784
26572     0.156863
26573     0.156863
26574     0.164706
26575     0.160784
26576     0.152941
26577     0.149020
26578     0.152941
26579     0.160784
26580     0.160784
26581     0.156863
26582     0.152941
26583     0.152941
26584     0.156863
26585     0.164706
26586     0.160784
26587     0.152941
26588     0.145098
26589     0.145098
26590     0.145098
26591     0.145098
26592     0.160784
26593     0.184314
26594     0.203922
26595     0.219608
26596     0.219608
26597     0.211765
26598     0.207843
26599     0.223529
26600     0.227451
26601     0.231373
26602     0.239216
26603     0.247059
26604     0.250980
26605     0.250980
26606     0.250980
26607     0.223529
26608     0.215686
26609     0.207843
26610     0.215686
26611     0.235294
26612     0.254902
26613     0.258824
26614     0.254902
26615     0.294118
26616     0.325490
26617     0.364706
26618     0.407843
26619     0.435294
26620     0.458824
26621     0.474510
26622     0.482353
26623     0.470588
26624     0.458824
26625     0.443137
26626     0.431373
26627     0.423529
26628     0.411765
26629     0.396078
26630     0.384314
26631     0.396078
26632     0.380392
26633     0.372549
26634     0.372549
26635     0.384314
26636     0.388235
26637     0.376471
26638     0.364706
26639     0.384314
26640     0.376471
26641     0.376471
26642     0.388235
26643     0.411765
26644     0.439216
26645     0.458824
26646     0.466667
26647     0.439216
26648     0.443137
26649     0.447059
26650     0.454902
26651     0.458824
26652     0.466667
26653     0.470588
26654     0.474510
26655     0.458824
26656     0.462745
26657     0.470588
26658     0.486275
26659     0.498039
26660     0.517647
26661     0.529412
26662     0.537255
26663     0.568627
26664     0.564706
26665     0.560784
26666     0.556863
26667     0.556863
26668     0.564706
26669     0.568627
26670     0.576471
26671     0.560784
26672     0.580392
26673     0.592157
26674     0.588235
26675     0.580392
26676     0.560784
26677     0.517647
26678     0.474510
26679     0.396078
26680     0.392157
26681     0.400000
26682     0.403922
26683     0.380392
26684     0.329412
26685     0.294118
26686     0.278431
26687     0.301961
26688     0.294118
26689     0.282353
26690     0.286275
26691     0.309804
26692     0.321569
26693     0.290196
26694     0.243137
26695     0.176471
26696     0.176471
26697     0.180392
26698     0.176471
26699     0.172549
26700     0.164706
26701     0.152941
26702     0.149020
26703     0.160784
26704     0.164706
26705     0.168627
26706     0.168627
26707     0.168627
26708     0.168627
26709     0.164706
26710     0.160784
26711     0.160784
26712     0.168627
26713     0.184314
26714     0.188235
26715     0.184314
26716     0.176471
26717     0.176471
26718     0.176471
26719     0.168627
26720     0.168627
26721     0.176471
26722     0.188235
26723     0.176471
26724     0.160784
26725     0.168627
26726     0.192157
26727     0.180392
26728     0.176471
26729     0.172549
26730     0.168627
26731     0.164706
26732     0.164706
26733     0.164706
26734     0.164706
26735     0.180392
26736     0.192157
26737     0.188235
26738     0.160784
26739     0.149020
26740     0.164706
26741     0.184314
26742     0.192157
26743     0.188235
26744     0.207843
26745     0.227451
26746     0.223529
26747     0.203922
26748     0.192157
26749     0.200000
26750     0.211765
26751     0.200000
26752     0.188235
26753     0.188235
26754     0.196078
26755     0.184314
26756     0.160784
26757     0.149020
26758     0.152941
26759     0.149020
26760     0.156863
26761     0.168627
26762     0.176471
26763     0.176471
26764     0.172549
26765     0.164706
26766     0.156863
26767     0.160784
26768     0.164706
26769     0.196078
26770     0.247059
26771     0.278431
26772     0.270588
26773     0.247059
26774     0.235294
26775     0.215686
26776     0.258824
26777     0.325490
26778     0.384314
26779     0.419608
26780     0.431373
26781     0.427451
26782     0.427451
26783     0.447059
26784     0.454902
26785     0.462745
26786     0.125490
26787     0.129412
26788     0.133333
26789     0.129412
26790     0.125490
26791     0.125490
26792     0.133333
26793     0.141176
26794     0.141176
26795     0.129412
26796     0.137255
26797     0.160784
26798     0.172549
26799     0.160784
26800     0.152941
26801     0.156863
26802     0.160784
26803     0.156863
26804     0.152941
26805     0.152941
26806     0.160784
26807     0.160784
26808     0.156863
26809     0.149020
26810     0.149020
26811     0.152941
26812     0.152941
26813     0.149020
26814     0.137255
26815     0.137255
26816     0.149020
26817     0.160784
26818     0.188235
26819     0.172549
26820     0.160784
26821     0.168627
26822     0.188235
26823     0.200000
26824     0.196078
26825     0.188235
26826     0.207843
26827     0.215686
26828     0.223529
26829     0.227451
26830     0.231373
26831     0.231373
26832     0.235294
26833     0.239216
26834     0.211765
26835     0.207843
26836     0.207843
26837     0.211765
26838     0.223529
26839     0.235294
26840     0.239216
26841     0.239216
26842     0.274510
26843     0.290196
26844     0.321569
26845     0.364706
26846     0.403922
26847     0.427451
26848     0.431373
26849     0.427451
26850     0.427451
26851     0.419608
26852     0.415686
26853     0.415686
26854     0.415686
26855     0.411765
26856     0.400000
26857     0.388235
26858     0.372549
26859     0.356863
26860     0.345098
26861     0.352941
26862     0.372549
26863     0.384314
26864     0.384314
26865     0.376471
26866     0.388235
26867     0.372549
26868     0.368627
26869     0.388235
26870     0.431373
26871     0.462745
26872     0.470588
26873     0.466667
26874     0.439216
26875     0.443137
26876     0.447059
26877     0.454902
26878     0.462745
26879     0.474510
26880     0.482353
26881     0.486275
26882     0.466667
26883     0.470588
26884     0.478431
26885     0.490196
26886     0.505882
26887     0.525490
26888     0.541176
26889     0.552941
26890     0.572549
26891     0.564706
26892     0.552941
26893     0.545098
26894     0.545098
26895     0.549020
26896     0.556863
26897     0.560784
26898     0.552941
26899     0.572549
26900     0.588235
26901     0.580392
26902     0.560784
26903     0.525490
26904     0.466667
26905     0.415686
26906     0.352941
26907     0.364706
26908     0.380392
26909     0.376471
26910     0.333333
26911     0.270588
26912     0.235294
26913     0.231373
26914     0.235294
26915     0.239216
26916     0.239216
26917     0.239216
26918     0.254902
26919     0.266667
26920     0.247059
26921     0.211765
26922     0.152941
26923     0.152941
26924     0.149020
26925     0.145098
26926     0.145098
26927     0.145098
26928     0.149020
26929     0.152941
26930     0.152941
26931     0.156863
26932     0.164706
26933     0.172549
26934     0.180392
26935     0.180392
26936     0.180392
26937     0.180392
26938     0.192157
26939     0.184314
26940     0.176471
26941     0.172549
26942     0.172549
26943     0.172549
26944     0.168627
26945     0.164706
26946     0.160784
26947     0.160784
26948     0.172549
26949     0.188235
26950     0.180392
26951     0.164706
26952     0.168627
26953     0.184314
26954     0.168627
26955     0.172549
26956     0.176471
26957     0.180392
26958     0.180392
26959     0.176471
26960     0.168627
26961     0.164706
26962     0.156863
26963     0.184314
26964     0.192157
26965     0.176471
26966     0.160784
26967     0.168627
26968     0.184314
26969     0.188235
26970     0.200000
26971     0.215686
26972     0.223529
26973     0.215686
26974     0.192157
26975     0.184314
26976     0.196078
26977     0.215686
26978     0.207843
26979     0.200000
26980     0.200000
26981     0.207843
26982     0.200000
26983     0.172549
26984     0.156863
26985     0.156863
26986     0.149020
26987     0.160784
26988     0.176471
26989     0.184314
26990     0.184314
26991     0.172549
26992     0.152941
26993     0.141176
26994     0.168627
26995     0.176471
26996     0.215686
26997     0.278431
26998     0.321569
26999     0.329412
27000     0.317647
27001     0.313726
27002     0.298039
27003     0.345098
27004     0.400000
27005     0.439216
27006     0.443137
27007     0.435294
27008     0.431373
27009     0.431373
27010     0.450980
27011     0.458824
27012     0.470588
27013     0.129412
27014     0.133333
27015     0.133333
27016     0.133333
27017     0.129412
27018     0.129412
27019     0.137255
27020     0.145098
27021     0.137255
27022     0.129412
27023     0.141176
27024     0.164706
27025     0.176471
27026     0.164706
27027     0.152941
27028     0.152941
27029     0.164706
27030     0.156863
27031     0.152941
27032     0.152941
27033     0.160784
27034     0.160784
27035     0.156863
27036     0.149020
27037     0.160784
27038     0.160784
27039     0.156863
27040     0.145098
27041     0.133333
27042     0.145098
27043     0.168627
27044     0.188235
27045     0.223529
27046     0.184314
27047     0.149020
27048     0.141176
27049     0.160784
27050     0.184314
27051     0.184314
27052     0.176471
27053     0.203922
27054     0.211765
27055     0.219608
27056     0.223529
27057     0.223529
27058     0.223529
27059     0.223529
27060     0.227451
27061     0.211765
27062     0.211765
27063     0.215686
27064     0.215686
27065     0.223529
27066     0.227451
27067     0.235294
27068     0.243137
27069     0.247059
27070     0.254902
27071     0.278431
27072     0.321569
27073     0.368627
27074     0.392157
27075     0.388235
27076     0.376471
27077     0.384314
27078     0.384314
27079     0.388235
27080     0.396078
27081     0.403922
27082     0.403922
27083     0.396078
27084     0.388235
27085     0.364706
27086     0.345098
27087     0.333333
27088     0.345098
27089     0.372549
27090     0.396078
27091     0.400000
27092     0.392157
27093     0.396078
27094     0.372549
27095     0.364706
27096     0.388235
27097     0.439216
27098     0.474510
27099     0.474510
27100     0.458824
27101     0.439216
27102     0.439216
27103     0.447059
27104     0.454902
27105     0.466667
27106     0.478431
27107     0.490196
27108     0.494118
27109     0.470588
27110     0.474510
27111     0.482353
27112     0.494118
27113     0.509804
27114     0.529412
27115     0.545098
27116     0.556863
27117     0.564706
27118     0.556863
27119     0.541176
27120     0.533333
27121     0.529412
27122     0.537255
27123     0.545098
27124     0.552941
27125     0.545098
27126     0.568627
27127     0.580392
27128     0.564706
27129     0.537255
27130     0.494118
27131     0.427451
27132     0.368627
27133     0.298039
27134     0.313726
27135     0.337255
27136     0.333333
27137     0.286275
27138     0.223529
27139     0.200000
27140     0.203922
27141     0.192157
27142     0.211765
27143     0.219608
27144     0.211765
27145     0.203922
27146     0.203922
27147     0.192157
27148     0.172549
27149     0.164706
27150     0.156863
27151     0.145098
27152     0.137255
27153     0.137255
27154     0.149020
27155     0.160784
27156     0.168627
27157     0.141176
27158     0.149020
27159     0.160784
27160     0.176471
27161     0.184314
27162     0.192157
27163     0.192157
27164     0.192157
27165     0.223529
27166     0.196078
27167     0.168627
27168     0.152941
27169     0.156863
27170     0.164706
27171     0.164706
27172     0.160784
27173     0.160784
27174     0.152941
27175     0.160784
27176     0.184314
27177     0.188235
27178     0.172549
27179     0.164706
27180     0.168627
27181     0.156863
27182     0.168627
27183     0.184314
27184     0.196078
27185     0.196078
27186     0.184314
27187     0.172549
27188     0.160784
27189     0.137255
27190     0.172549
27191     0.196078
27192     0.188235
27193     0.176471
27194     0.176471
27195     0.180392
27196     0.180392
27197     0.207843
27198     0.219608
27199     0.223529
27200     0.207843
27201     0.184314
27202     0.180392
27203     0.196078
27204     0.211765
27205     0.219608
27206     0.207843
27207     0.211765
27208     0.219608
27209     0.211765
27210     0.180392
27211     0.160784
27212     0.164706
27213     0.160784
27214     0.172549
27215     0.192157
27216     0.203922
27217     0.200000
27218     0.180392
27219     0.156863
27220     0.141176
27221     0.188235
27222     0.196078
27223     0.235294
27224     0.305882
27225     0.360784
27226     0.380392
27227     0.380392
27228     0.384314
27229     0.360784
27230     0.392157
27231     0.431373
27232     0.447059
27233     0.443137
27234     0.431373
27235     0.427451
27236     0.431373
27237     0.450980
27238     0.458824
27239     0.470588
27240     0.109804
27241     0.117647
27242     0.145098
27243     0.160784
27244     0.145098
27245     0.121569
27246     0.133333
27247     0.168627
27248     0.152941
27249     0.129412
27250     0.125490
27251     0.152941
27252     0.168627
27253     0.156863
27254     0.152941
27255     0.164706
27256     0.156863
27257     0.156863
27258     0.156863
27259     0.152941
27260     0.152941
27261     0.152941
27262     0.149020
27263     0.145098
27264     0.145098
27265     0.156863
27266     0.168627
27267     0.168627
27268     0.160784
27269     0.156863
27270     0.160784
27271     0.172549
27272     0.192157
27273     0.176471
27274     0.160784
27275     0.152941
27276     0.156863
27277     0.164706
27278     0.172549
27279     0.176471
27280     0.200000
27281     0.196078
27282     0.196078
27283     0.200000
27284     0.203922
27285     0.207843
27286     0.207843
27287     0.203922
27288     0.192157
27289     0.211765
27290     0.223529
27291     0.223529
27292     0.207843
27293     0.200000
27294     0.203922
27295     0.215686
27296     0.211765
27297     0.200000
27298     0.219608
27299     0.270588
27300     0.309804
27301     0.321569
27302     0.333333
27303     0.356863
27304     0.352941
27305     0.364706
27306     0.376471
27307     0.376471
27308     0.368627
27309     0.364706
27310     0.368627
27311     0.376471
27312     0.341176
27313     0.345098
27314     0.349020
27315     0.349020
27316     0.345098
27317     0.345098
27318     0.352941
27319     0.360784
27320     0.400000
27321     0.376471
27322     0.364706
27323     0.376471
27324     0.419608
27325     0.458824
27326     0.482353
27327     0.486275
27328     0.443137
27329     0.447059
27330     0.450980
27331     0.462745
27332     0.474510
27333     0.486275
27334     0.498039
27335     0.505882
27336     0.478431
27337     0.462745
27338     0.458824
27339     0.474510
27340     0.501961
27341     0.525490
27342     0.545098
27343     0.564706
27344     0.541176
27345     0.533333
27346     0.513726
27347     0.501961
27348     0.517647
27349     0.537255
27350     0.525490
27351     0.498039
27352     0.533333
27353     0.529412
27354     0.533333
27355     0.541176
27356     0.525490
27357     0.458824
27358     0.360784
27359     0.282353
27360     0.250980
27361     0.247059
27362     0.235294
27363     0.215686
27364     0.196078
27365     0.176471
27366     0.160784
27367     0.152941
27368     0.160784
27369     0.188235
27370     0.215686
27371     0.207843
27372     0.176471
27373     0.152941
27374     0.152941
27375     0.164706
27376     0.176471
27377     0.172549
27378     0.168627
27379     0.160784
27380     0.156863
27381     0.156863
27382     0.160784
27383     0.160784
27384     0.156863
27385     0.160784
27386     0.168627
27387     0.168627
27388     0.168627
27389     0.176471
27390     0.188235
27391     0.196078
27392     0.188235
27393     0.188235
27394     0.184314
27395     0.176471
27396     0.168627
27397     0.160784
27398     0.156863
27399     0.160784
27400     0.180392
27401     0.172549
27402     0.164706
27403     0.164706
27404     0.172549
27405     0.184314
27406     0.184314
27407     0.184314
27408     0.184314
27409     0.176471
27410     0.180392
27411     0.200000
27412     0.215686
27413     0.211765
27414     0.180392
27415     0.156863
27416     0.164706
27417     0.172549
27418     0.180392
27419     0.184314
27420     0.184314
27421     0.192157
27422     0.207843
27423     0.215686
27424     0.219608
27425     0.219608
27426     0.215686
27427     0.211765
27428     0.207843
27429     0.203922
27430     0.203922
27431     0.203922
27432     0.211765
27433     0.215686
27434     0.223529
27435     0.227451
27436     0.227451
27437     0.207843
27438     0.184314
27439     0.164706
27440     0.176471
27441     0.188235
27442     0.196078
27443     0.200000
27444     0.207843
27445     0.219608
27446     0.207843
27447     0.184314
27448     0.176471
27449     0.247059
27450     0.329412
27451     0.376471
27452     0.407843
27453     0.435294
27454     0.435294
27455     0.415686
27456     0.439216
27457     0.450980
27458     0.462745
27459     0.466667
27460     0.458824
27461     0.447059
27462     0.439216
27463     0.439216
27464     0.474510
27465     0.474510
27466     0.478431
27467     0.113725
27468     0.125490
27469     0.156863
27470     0.176471
27471     0.164706
27472     0.137255
27473     0.137255
27474     0.160784
27475     0.160784
27476     0.137255
27477     0.129412
27478     0.149020
27479     0.160784
27480     0.152941
27481     0.149020
27482     0.160784
27483     0.149020
27484     0.156863
27485     0.168627
27486     0.168627
27487     0.164706
27488     0.152941
27489     0.145098
27490     0.141176
27491     0.149020
27492     0.156863
27493     0.168627
27494     0.168627
27495     0.160784
27496     0.152941
27497     0.156863
27498     0.160784
27499     0.168627
27500     0.160784
27501     0.156863
27502     0.160784
27503     0.168627
27504     0.168627
27505     0.164706
27506     0.160784
27507     0.168627
27508     0.168627
27509     0.172549
27510     0.180392
27511     0.188235
27512     0.192157
27513     0.188235
27514     0.184314
27515     0.176471
27516     0.200000
27517     0.223529
27518     0.219608
27519     0.200000
27520     0.188235
27521     0.192157
27522     0.203922
27523     0.192157
27524     0.180392
27525     0.196078
27526     0.239216
27527     0.274510
27528     0.290196
27529     0.305882
27530     0.325490
27531     0.337255
27532     0.337255
27533     0.337255
27534     0.349020
27535     0.360784
27536     0.368627
27537     0.368627
27538     0.364706
27539     0.325490
27540     0.329412
27541     0.337255
27542     0.337255
27543     0.337255
27544     0.345098
27545     0.356863
27546     0.368627
27547     0.384314
27548     0.368627
27549     0.356863
27550     0.364706
27551     0.396078
27552     0.431373
27553     0.450980
27554     0.458824
27555     0.454902
27556     0.454902
27557     0.458824
27558     0.462745
27559     0.466667
27560     0.474510
27561     0.482353
27562     0.486275
27563     0.486275
27564     0.478431
27565     0.478431
27566     0.490196
27567     0.509804
27568     0.525490
27569     0.537255
27570     0.545098
27571     0.537255
27572     0.537255
27573     0.517647
27574     0.498039
27575     0.494118
27576     0.501961
27577     0.498039
27578     0.478431
27579     0.486275
27580     0.494118
27581     0.501961
27582     0.490196
27583     0.450980
27584     0.388235
27585     0.321569
27586     0.278431
27587     0.235294
27588     0.223529
27589     0.207843
27590     0.184314
27591     0.168627
27592     0.156863
27593     0.152941
27594     0.152941
27595     0.149020
27596     0.164706
27597     0.172549
27598     0.160784
27599     0.137255
27600     0.125490
27601     0.133333
27602     0.149020
27603     0.180392
27604     0.180392
27605     0.180392
27606     0.176471
27607     0.168627
27608     0.160784
27609     0.152941
27610     0.149020
27611     0.156863
27612     0.164706
27613     0.168627
27614     0.168627
27615     0.164706
27616     0.164706
27617     0.172549
27618     0.180392
27619     0.168627
27620     0.184314
27621     0.196078
27622     0.184314
27623     0.160784
27624     0.145098
27625     0.152941
27626     0.168627
27627     0.168627
27628     0.168627
27629     0.168627
27630     0.168627
27631     0.168627
27632     0.176471
27633     0.184314
27634     0.188235
27635     0.184314
27636     0.176471
27637     0.176471
27638     0.192157
27639     0.211765
27640     0.211765
27641     0.188235
27642     0.168627
27643     0.164706
27644     0.172549
27645     0.180392
27646     0.188235
27647     0.188235
27648     0.196078
27649     0.207843
27650     0.215686
27651     0.200000
27652     0.200000
27653     0.207843
27654     0.207843
27655     0.211765
27656     0.207843
27657     0.203922
27658     0.200000
27659     0.211765
27660     0.207843
27661     0.207843
27662     0.211765
27663     0.211765
27664     0.196078
27665     0.168627
27666     0.145098
27667     0.156863
27668     0.200000
27669     0.231373
27670     0.231373
27671     0.223529
27672     0.223529
27673     0.227451
27674     0.219608
27675     0.223529
27676     0.290196
27677     0.368627
27678     0.415686
27679     0.447059
27680     0.466667
27681     0.454902
27682     0.435294
27683     0.443137
27684     0.454902
27685     0.470588
27686     0.474510
27687     0.466667
27688     0.462745
27689     0.458824
27690     0.458824
27691     0.486275
27692     0.486275
27693     0.490196
27694     0.129412
27695     0.141176
27696     0.168627
27697     0.184314
27698     0.172549
27699     0.145098
27700     0.137255
27701     0.149020
27702     0.188235
27703     0.164706
27704     0.152941
27705     0.156863
27706     0.156863
27707     0.152941
27708     0.156863
27709     0.164706
27710     0.141176
27711     0.156863
27712     0.176471
27713     0.180392
27714     0.164706
27715     0.149020
27716     0.141176
27717     0.137255
27718     0.145098
27719     0.152941
27720     0.164706
27721     0.168627
27722     0.160784
27723     0.152941
27724     0.149020
27725     0.149020
27726     0.141176
27727     0.145098
27728     0.156863
27729     0.168627
27730     0.176471
27731     0.172549
27732     0.160784
27733     0.145098
27734     0.149020
27735     0.152941
27736     0.164706
27737     0.172549
27738     0.176471
27739     0.172549
27740     0.168627
27741     0.164706
27742     0.160784
27743     0.188235
27744     0.211765
27745     0.211765
27746     0.188235
27747     0.172549
27748     0.180392
27749     0.196078
27750     0.180392
27751     0.168627
27752     0.176471
27753     0.207843
27754     0.235294
27755     0.254902
27756     0.270588
27757     0.286275
27758     0.305882
27759     0.294118
27760     0.294118
27761     0.309804
27762     0.341176
27763     0.356863
27764     0.356863
27765     0.345098
27766     0.317647
27767     0.325490
27768     0.329412
27769     0.329412
27770     0.333333
27771     0.341176
27772     0.356863
27773     0.368627
27774     0.384314
27775     0.376471
27776     0.372549
27777     0.376471
27778     0.388235
27779     0.411765
27780     0.435294
27781     0.447059
27782     0.474510
27783     0.470588
27784     0.466667
27785     0.466667
27786     0.466667
27787     0.466667
27788     0.470588
27789     0.470588
27790     0.470588
27791     0.474510
27792     0.482353
27793     0.498039
27794     0.513726
27795     0.525490
27796     0.525490
27797     0.517647
27798     0.521569
27799     0.525490
27800     0.509804
27801     0.482353
27802     0.470588
27803     0.474510
27804     0.470588
27805     0.458824
27806     0.458824
27807     0.466667
27808     0.454902
27809     0.407843
27810     0.341176
27811     0.286275
27812     0.258824
27813     0.254902
27814     0.223529
27815     0.207843
27816     0.188235
27817     0.164706
27818     0.152941
27819     0.152941
27820     0.156863
27821     0.164706
27822     0.160784
27823     0.156863
27824     0.145098
27825     0.129412
27826     0.117647
27827     0.121569
27828     0.137255
27829     0.149020
27830     0.180392
27831     0.180392
27832     0.184314
27833     0.184314
27834     0.176471
27835     0.164706
27836     0.149020
27837     0.141176
27838     0.156863
27839     0.164706
27840     0.172549
27841     0.176471
27842     0.172549
27843     0.168627
27844     0.172549
27845     0.176471
27846     0.149020
27847     0.176471
27848     0.200000
27849     0.188235
27850     0.156863
27851     0.137255
27852     0.149020
27853     0.168627
27854     0.180392
27855     0.188235
27856     0.192157
27857     0.184314
27858     0.172549
27859     0.168627
27860     0.176471
27861     0.188235
27862     0.188235
27863     0.180392
27864     0.176471
27865     0.188235
27866     0.200000
27867     0.203922
27868     0.196078
27869     0.184314
27870     0.168627
27871     0.176471
27872     0.188235
27873     0.192157
27874     0.192157
27875     0.200000
27876     0.207843
27877     0.215686
27878     0.188235
27879     0.200000
27880     0.211765
27881     0.223529
27882     0.227451
27883     0.223529
27884     0.215686
27885     0.207843
27886     0.196078
27887     0.192157
27888     0.192157
27889     0.207843
27890     0.223529
27891     0.219608
27892     0.196078
27893     0.172549
27894     0.176471
27895     0.227451
27896     0.258824
27897     0.235294
27898     0.203922
27899     0.207843
27900     0.243137
27901     0.270588
27902     0.282353
27903     0.337255
27904     0.403922
27905     0.450980
27906     0.474510
27907     0.486275
27908     0.474510
27909     0.454902
27910     0.454902
27911     0.462745
27912     0.474510
27913     0.478431
27914     0.474510
27915     0.470588
27916     0.474510
27917     0.478431
27918     0.501961
27919     0.501961
27920     0.501961
27921     0.196078
27922     0.203922
27923     0.211765
27924     0.211765
27925     0.200000
27926     0.184314
27927     0.172549
27928     0.172549
27929     0.196078
27930     0.180392
27931     0.160784
27932     0.149020
27933     0.141176
27934     0.137255
27935     0.141176
27936     0.145098
27937     0.137255
27938     0.156863
27939     0.172549
27940     0.168627
27941     0.152941
27942     0.137255
27943     0.137255
27944     0.145098
27945     0.133333
27946     0.141176
27947     0.152941
27948     0.160784
27949     0.160784
27950     0.156863
27951     0.152941
27952     0.149020
27953     0.133333
27954     0.141176
27955     0.152941
27956     0.172549
27957     0.180392
27958     0.180392
27959     0.164706
27960     0.149020
27961     0.152941
27962     0.160784
27963     0.176471
27964     0.180392
27965     0.176471
27966     0.164706
27967     0.156863
27968     0.152941
27969     0.156863
27970     0.180392
27971     0.196078
27972     0.188235
27973     0.164706
27974     0.156863
27975     0.172549
27976     0.192157
27977     0.184314
27978     0.172549
27979     0.172549
27980     0.188235
27981     0.211765
27982     0.231373
27983     0.247059
27984     0.254902
27985     0.254902
27986     0.258824
27987     0.266667
27988     0.282353
27989     0.301961
27990     0.317647
27991     0.321569
27992     0.325490
27993     0.333333
27994     0.337255
27995     0.341176
27996     0.337255
27997     0.337255
27998     0.341176
27999     0.352941
28000     0.364706
28001     0.384314
28002     0.384314
28003     0.384314
28004     0.384314
28005     0.388235
28006     0.400000
28007     0.419608
28008     0.435294
28009     0.462745
28010     0.462745
28011     0.454902
28012     0.450980
28013     0.447059
28014     0.447059
28015     0.447059
28016     0.447059
28017     0.443137
28018     0.458824
28019     0.474510
28020     0.486275
28021     0.505882
28022     0.517647
28023     0.509804
28024     0.490196
28025     0.505882
28026     0.501961
28027     0.486275
28028     0.470588
28029     0.474510
28030     0.486275
28031     0.478431
28032     0.454902
28033     0.466667
28034     0.447059
28035     0.396078
28036     0.317647
28037     0.243137
28038     0.203922
28039     0.207843
28040     0.227451
28041     0.211765
28042     0.203922
28043     0.192157
28044     0.180392
28045     0.176471
28046     0.176471
28047     0.180392
28048     0.180392
28049     0.184314
28050     0.176471
28051     0.160784
28052     0.149020
28053     0.145098
28054     0.149020
28055     0.160784
28056     0.168627
28057     0.172549
28058     0.172549
28059     0.172549
28060     0.172549
28061     0.164706
28062     0.160784
28063     0.152941
28064     0.149020
28065     0.152941
28066     0.164706
28067     0.172549
28068     0.180392
28069     0.176471
28070     0.176471
28071     0.180392
28072     0.184314
28073     0.152941
28074     0.172549
28075     0.188235
28076     0.184314
28077     0.160784
28078     0.149020
28079     0.152941
28080     0.160784
28081     0.200000
28082     0.211765
28083     0.219608
28084     0.203922
28085     0.180392
28086     0.164706
28087     0.172549
28088     0.188235
28089     0.203922
28090     0.192157
28091     0.184314
28092     0.184314
28093     0.192157
28094     0.196078
28095     0.192157
28096     0.188235
28097     0.172549
28098     0.184314
28099     0.192157
28100     0.200000
28101     0.200000
28102     0.203922
28103     0.211765
28104     0.219608
28105     0.207843
28106     0.219608
28107     0.231373
28108     0.247059
28109     0.247059
28110     0.243137
28111     0.231373
28112     0.223529
28113     0.176471
28114     0.172549
28115     0.188235
28116     0.227451
28117     0.266667
28118     0.286275
28119     0.274510
28120     0.250980
28121     0.239216
28122     0.262745
28123     0.258824
28124     0.207843
28125     0.172549
28126     0.192157
28127     0.258824
28128     0.309804
28129     0.329412
28130     0.360784
28131     0.403922
28132     0.443137
28133     0.466667
28134     0.474510
28135     0.470588
28136     0.462745
28137     0.462745
28138     0.470588
28139     0.470588
28140     0.470588
28141     0.466667
28142     0.466667
28143     0.474510
28144     0.482353
28145     0.509804
28146     0.513726
28147     0.513726
28148     0.294118
28149     0.286275
28150     0.270588
28151     0.254902
28152     0.247059
28153     0.247059
28154     0.239216
28155     0.231373
28156     0.200000
28157     0.192157
28158     0.172549
28159     0.145098
28160     0.125490
28161     0.121569
28162     0.121569
28163     0.121569
28164     0.145098
28165     0.152941
28166     0.156863
28167     0.149020
28168     0.137255
28169     0.133333
28170     0.141176
28171     0.152941
28172     0.125490
28173     0.129412
28174     0.141176
28175     0.152941
28176     0.160784
28177     0.160784
28178     0.156863
28179     0.152941
28180     0.141176
28181     0.145098
28182     0.152941
28183     0.164706
28184     0.176471
28185     0.180392
28186     0.172549
28187     0.164706
28188     0.160784
28189     0.172549
28190     0.184314
28191     0.184314
28192     0.168627
28193     0.152941
28194     0.141176
28195     0.137255
28196     0.168627
28197     0.176471
28198     0.172549
28199     0.160784
28200     0.145098
28201     0.149020
28202     0.168627
28203     0.192157
28204     0.180392
28205     0.176471
28206     0.168627
28207     0.172549
28208     0.188235
28209     0.207843
28210     0.215686
28211     0.219608
28212     0.207843
28213     0.231373
28214     0.254902
28215     0.262745
28216     0.258824
28217     0.262745
28218     0.278431
28219     0.298039
28220     0.345098
28221     0.349020
28222     0.352941
28223     0.352941
28224     0.345098
28225     0.345098
28226     0.349020
28227     0.356863
28228     0.380392
28229     0.384314
28230     0.384314
28231     0.388235
28232     0.388235
28233     0.396078
28234     0.411765
28235     0.423529
28236     0.443137
28237     0.439216
28238     0.435294
28239     0.431373
28240     0.431373
28241     0.431373
28242     0.431373
28243     0.431373
28244     0.435294
28245     0.458824
28246     0.474510
28247     0.478431
28248     0.490196
28249     0.501961
28250     0.490196
28251     0.462745
28252     0.494118
28253     0.486275
28254     0.470588
28255     0.470588
28256     0.498039
28257     0.517647
28258     0.498039
28259     0.458824
28260     0.439216
28261     0.388235
28262     0.309804
28263     0.227451
28264     0.176471
28265     0.168627
28266     0.184314
28267     0.203922
28268     0.192157
28269     0.196078
28270     0.203922
28271     0.207843
28272     0.203922
28273     0.200000
28274     0.188235
28275     0.184314
28276     0.184314
28277     0.184314
28278     0.184314
28279     0.180392
28280     0.176471
28281     0.168627
28282     0.164706
28283     0.164706
28284     0.164706
28285     0.156863
28286     0.149020
28287     0.145098
28288     0.149020
28289     0.152941
28290     0.164706
28291     0.168627
28292     0.156863
28293     0.164706
28294     0.172549
28295     0.168627
28296     0.164706
28297     0.160784
28298     0.160784
28299     0.168627
28300     0.180392
28301     0.176471
28302     0.172549
28303     0.176471
28304     0.176471
28305     0.168627
28306     0.160784
28307     0.149020
28308     0.184314
28309     0.203922
28310     0.215686
28311     0.203922
28312     0.184314
28313     0.172549
28314     0.180392
28315     0.196078
28316     0.215686
28317     0.203922
28318     0.192157
28319     0.184314
28320     0.184314
28321     0.188235
28322     0.188235
28323     0.188235
28324     0.176471
28325     0.188235
28326     0.200000
28327     0.207843
28328     0.207843
28329     0.207843
28330     0.211765
28331     0.219608
28332     0.223529
28333     0.231373
28334     0.239216
28335     0.247059
28336     0.247059
28337     0.239216
28338     0.231373
28339     0.227451
28340     0.172549
28341     0.184314
28342     0.215686
28343     0.262745
28344     0.313726
28345     0.337255
28346     0.333333
28347     0.317647
28348     0.282353
28349     0.290196
28350     0.270588
28351     0.227451
28352     0.207843
28353     0.239216
28354     0.290196
28355     0.325490
28356     0.352941
28357     0.360784
28358     0.384314
28359     0.415686
28360     0.443137
28361     0.454902
28362     0.466667
28363     0.470588
28364     0.470588
28365     0.470588
28366     0.462745
28367     0.454902
28368     0.450980
28369     0.450980
28370     0.466667
28371     0.478431
28372     0.517647
28373     0.517647
28374     0.517647
28375     0.337255
28376     0.325490
28377     0.298039
28378     0.274510
28379     0.278431
28380     0.294118
28381     0.290196
28382     0.270588
28383     0.247059
28384     0.250980
28385     0.227451
28386     0.192157
28387     0.160784
28388     0.152941
28389     0.149020
28390     0.141176
28391     0.152941
28392     0.145098
28393     0.137255
28394     0.133333
28395     0.137255
28396     0.145098
28397     0.152941
28398     0.160784
28399     0.129412
28400     0.125490
28401     0.129412
28402     0.137255
28403     0.149020
28404     0.156863
28405     0.156863
28406     0.149020
28407     0.152941
28408     0.149020
28409     0.152941
28410     0.160784
28411     0.172549
28412     0.176471
28413     0.176471
28414     0.168627
28415     0.160784
28416     0.172549
28417     0.184314
28418     0.176471
28419     0.152941
28420     0.137255
28421     0.133333
28422     0.133333
28423     0.180392
28424     0.172549
28425     0.156863
28426     0.149020
28427     0.149020
28428     0.160784
28429     0.172549
28430     0.180392
28431     0.168627
28432     0.168627
28433     0.160784
28434     0.152941
28435     0.160784
28436     0.180392
28437     0.184314
28438     0.172549
28439     0.164706
28440     0.203922
28441     0.243137
28442     0.250980
28443     0.235294
28444     0.223529
28445     0.243137
28446     0.262745
28447     0.317647
28448     0.329412
28449     0.345098
28450     0.352941
28451     0.349020
28452     0.349020
28453     0.349020
28454     0.352941
28455     0.388235
28456     0.388235
28457     0.392157
28458     0.400000
28459     0.407843
28460     0.419608
28461     0.423529
28462     0.427451
28463     0.447059
28464     0.443137
28465     0.439216
28466     0.435294
28467     0.435294
28468     0.435294
28469     0.435294
28470     0.439216
28471     0.435294
28472     0.462745
28473     0.466667
28474     0.458824
28475     0.466667
28476     0.482353
28477     0.470588
28478     0.435294
28479     0.486275
28480     0.482353
28481     0.478431
28482     0.478431
28483     0.494118
28484     0.498039
28485     0.470588
28486     0.427451
28487     0.349020
28488     0.294118
28489     0.223529
28490     0.168627
28491     0.152941
28492     0.160784
28493     0.176471
28494     0.188235
28495     0.164706
28496     0.180392
28497     0.200000
28498     0.215686
28499     0.215686
28500     0.203922
28501     0.184314
28502     0.168627
28503     0.160784
28504     0.176471
28505     0.192157
28506     0.192157
28507     0.180392
28508     0.160784
28509     0.145098
28510     0.137255
28511     0.156863
28512     0.149020
28513     0.137255
28514     0.133333
28515     0.137255
28516     0.149020
28517     0.168627
28518     0.180392
28519     0.168627
28520     0.168627
28521     0.164706
28522     0.152941
28523     0.141176
28524     0.133333
28525     0.137255
28526     0.141176
28527     0.207843
28528     0.192157
28529     0.176471
28530     0.172549
28531     0.184314
28532     0.184314
28533     0.168627
28534     0.152941
28535     0.160784
28536     0.176471
28537     0.188235
28538     0.192157
28539     0.188235
28540     0.184314
28541     0.192157
28542     0.203922
28543     0.215686
28544     0.207843
28545     0.196078
28546     0.188235
28547     0.184314
28548     0.184314
28549     0.188235
28550     0.192157
28551     0.184314
28552     0.196078
28553     0.207843
28554     0.215686
28555     0.211765
28556     0.211765
28557     0.215686
28558     0.219608
28559     0.223529
28560     0.223529
28561     0.223529
28562     0.219608
28563     0.219608
28564     0.219608
28565     0.219608
28566     0.223529
28567     0.211765
28568     0.231373
28569     0.274510
28570     0.317647
28571     0.349020
28572     0.356863
28573     0.345098
28574     0.333333
28575     0.298039
28576     0.317647
28577     0.321569
28578     0.309804
28579     0.305882
28580     0.317647
28581     0.329412
28582     0.325490
28583     0.352941
28584     0.349020
28585     0.360784
28586     0.400000
28587     0.431373
28588     0.447059
28589     0.462745
28590     0.478431
28591     0.470588
28592     0.466667
28593     0.458824
28594     0.447059
28595     0.443137
28596     0.450980
28597     0.470588
28598     0.486275
28599     0.521569
28600     0.521569
28601     0.521569
28602     0.345098
28603     0.337255
28604     0.313726
28605     0.301961
28606     0.317647
28607     0.345098
28608     0.337255
28609     0.309804
28610     0.298039
28611     0.309804
28612     0.294118
28613     0.247059
28614     0.207843
28615     0.196078
28616     0.184314
28617     0.168627
28618     0.156863
28619     0.141176
28620     0.133333
28621     0.141176
28622     0.160784
28623     0.172549
28624     0.168627
28625     0.160784
28626     0.145098
28627     0.137255
28628     0.125490
28629     0.129412
28630     0.137255
28631     0.145098
28632     0.145098
28633     0.141176
28634     0.145098
28635     0.145098
28636     0.149020
28637     0.160784
28638     0.168627
28639     0.172549
28640     0.164706
28641     0.156863
28642     0.152941
28643     0.168627
28644     0.176471
28645     0.168627
28646     0.149020
28647     0.137255
28648     0.141176
28649     0.149020
28650     0.184314
28651     0.164706
28652     0.149020
28653     0.152941
28654     0.172549
28655     0.180392
28656     0.172549
28657     0.156863
28658     0.160784
28659     0.168627
28660     0.160784
28661     0.145098
28662     0.149020
28663     0.164706
28664     0.160784
28665     0.137255
28666     0.137255
28667     0.172549
28668     0.215686
28669     0.231373
28670     0.227451
28671     0.219608
28672     0.223529
28673     0.231373
28674     0.254902
28675     0.278431
28676     0.309804
28677     0.333333
28678     0.349020
28679     0.352941
28680     0.356863
28681     0.360784
28682     0.376471
28683     0.368627
28684     0.368627
28685     0.384314
28686     0.407843
28687     0.423529
28688     0.419608
28689     0.415686
28690     0.431373
28691     0.427451
28692     0.423529
28693     0.415686
28694     0.411765
28695     0.411765
28696     0.411765
28697     0.411765
28698     0.400000
28699     0.427451
28700     0.431373
28701     0.415686
28702     0.427451
28703     0.462745
28704     0.462745
28705     0.431373
28706     0.454902
28707     0.474510
28708     0.482353
28709     0.462745
28710     0.431373
28711     0.403922
28712     0.368627
28713     0.337255
28714     0.250980
28715     0.223529
28716     0.188235
28717     0.164706
28718     0.156863
28719     0.160784
28720     0.164706
28721     0.164706
28722     0.149020
28723     0.168627
28724     0.192157
28725     0.207843
28726     0.211765
28727     0.196078
28728     0.176471
28729     0.160784
28730     0.152941
28731     0.180392
28732     0.203922
28733     0.203922
28734     0.176471
28735     0.149020
28736     0.133333
28737     0.133333
28738     0.156863
28739     0.152941
28740     0.145098
28741     0.141176
28742     0.145098
28743     0.152941
28744     0.164706
28745     0.168627
28746     0.164706
28747     0.164706
28748     0.156863
28749     0.145098
28750     0.137255
28751     0.137255
28752     0.149020
28753     0.160784
28754     0.227451
28755     0.211765
28756     0.196078
28757     0.184314
28758     0.180392
28759     0.180392
28760     0.176471
28761     0.168627
28762     0.176471
28763     0.180392
28764     0.188235
28765     0.196078
28766     0.200000
28767     0.200000
28768     0.200000
28769     0.200000
28770     0.200000
28771     0.200000
28772     0.196078
28773     0.188235
28774     0.188235
28775     0.192157
28776     0.200000
28777     0.207843
28778     0.184314
28779     0.200000
28780     0.211765
28781     0.219608
28782     0.219608
28783     0.215686
28784     0.215686
28785     0.219608
28786     0.215686
28787     0.207843
28788     0.196078
28789     0.188235
28790     0.192157
28791     0.203922
28792     0.219608
28793     0.231373
28794     0.262745
28795     0.298039
28796     0.341176
28797     0.372549
28798     0.376471
28799     0.360784
28800     0.341176
28801     0.333333
28802     0.341176
28803     0.368627
28804     0.388235
28805     0.380392
28806     0.364706
28807     0.352941
28808     0.341176
28809     0.325490
28810     0.329412
28811     0.317647
28812     0.341176
28813     0.392157
28814     0.431373
28815     0.447059
28816     0.458824
28817     0.474510
28818     0.470588
28819     0.466667
28820     0.458824
28821     0.447059
28822     0.450980
28823     0.466667
28824     0.494118
28825     0.517647
28826     0.529412
28827     0.529412
28828     0.525490
28829     0.360784
28830     0.360784
28831     0.349020
28832     0.345098
28833     0.372549
28834     0.403922
28835     0.396078
28836     0.360784
28837     0.305882
28838     0.321569
28839     0.309804
28840     0.258824
28841     0.215686
28842     0.203922
28843     0.188235
28844     0.168627
28845     0.156863
28846     0.141176
28847     0.133333
28848     0.152941
28849     0.180392
28850     0.192157
28851     0.176471
28852     0.156863
28853     0.164706
28854     0.145098
28855     0.129412
28856     0.125490
28857     0.129412
28858     0.137255
28859     0.133333
28860     0.129412
28861     0.137255
28862     0.141176
28863     0.149020
28864     0.160784
28865     0.172549
28866     0.168627
28867     0.152941
28868     0.141176
28869     0.152941
28870     0.164706
28871     0.176471
28872     0.168627
28873     0.152941
28874     0.145098
28875     0.156863
28876     0.172549
28877     0.180392
28878     0.160784
28879     0.149020
28880     0.164706
28881     0.192157
28882     0.196078
28883     0.168627
28884     0.141176
28885     0.160784
28886     0.172549
28887     0.168627
28888     0.149020
28889     0.152941
28890     0.164706
28891     0.152941
28892     0.125490
28893     0.125490
28894     0.152941
28895     0.188235
28896     0.219608
28897     0.231373
28898     0.227451
28899     0.219608
28900     0.211765
28901     0.200000
28902     0.231373
28903     0.278431
28904     0.317647
28905     0.341176
28906     0.356863
28907     0.364706
28908     0.368627
28909     0.329412
28910     0.321569
28911     0.321569
28912     0.341176
28913     0.372549
28914     0.392157
28915     0.384314
28916     0.372549
28917     0.384314
28918     0.380392
28919     0.372549
28920     0.364706
28921     0.356863
28922     0.352941
28923     0.349020
28924     0.349020
28925     0.349020
28926     0.376471
28927     0.384314
28928     0.372549
28929     0.400000
28930     0.450980
28931     0.462745
28932     0.439216
28933     0.423529
28934     0.462745
28935     0.482353
28936     0.439216
28937     0.364706
28938     0.305882
28939     0.270588
28940     0.250980
28941     0.196078
28942     0.200000
28943     0.196078
28944     0.188235
28945     0.176471
28946     0.164706
28947     0.152941
28948     0.149020
28949     0.152941
28950     0.164706
28951     0.188235
28952     0.203922
28953     0.203922
28954     0.192157
28955     0.176471
28956     0.164706
28957     0.164706
28958     0.196078
28959     0.227451
28960     0.219608
28961     0.184314
28962     0.149020
28963     0.141176
28964     0.145098
28965     0.156863
28966     0.156863
28967     0.156863
28968     0.156863
28969     0.156863
28970     0.156863
28971     0.156863
28972     0.156863
28973     0.156863
28974     0.156863
28975     0.152941
28976     0.149020
28977     0.149020
28978     0.164706
28979     0.188235
28980     0.203922
28981     0.231373
28982     0.227451
28983     0.215686
28984     0.196078
28985     0.176471
28986     0.168627
28987     0.176471
28988     0.188235
28989     0.215686
28990     0.211765
28991     0.211765
28992     0.215686
28993     0.215686
28994     0.211765
28995     0.200000
28996     0.188235
28997     0.184314
28998     0.188235
28999     0.188235
29000     0.188235
29001     0.192157
29002     0.196078
29003     0.207843
29004     0.219608
29005     0.188235
29006     0.200000
29007     0.215686
29008     0.223529
29009     0.219608
29010     0.215686
29011     0.215686
29012     0.219608
29013     0.211765
29014     0.200000
29015     0.180392
29016     0.172549
29017     0.180392
29018     0.200000
29019     0.227451
29020     0.247059
29021     0.298039
29022     0.341176
29023     0.392157
29024     0.415686
29025     0.400000
29026     0.372549
29027     0.349020
29028     0.337255
29029     0.396078
29030     0.423529
29031     0.435294
29032     0.403922
29033     0.364706
29034     0.341176
29035     0.333333
29036     0.325490
29037     0.298039
29038     0.294118
29039     0.321569
29040     0.388235
29041     0.431373
29042     0.443137
29043     0.447059
29044     0.458824
29045     0.470588
29046     0.466667
29047     0.458824
29048     0.454902
29049     0.462745
29050     0.486275
29051     0.521569
29052     0.545098
29053     0.537255
29054     0.533333
29055     0.533333
29056     0.388235
29057     0.403922
29058     0.407843
29059     0.415686
29060     0.458824
29061     0.486275
29062     0.439216
29063     0.356863
29064     0.313726
29065     0.333333
29066     0.333333
29067     0.294118
29068     0.231373
29069     0.196078
29070     0.200000
29071     0.219608
29072     0.200000
29073     0.196078
29074     0.188235
29075     0.184314
29076     0.176471
29077     0.160784
29078     0.141176
29079     0.129412
29080     0.152941
29081     0.149020
29082     0.141176
29083     0.137255
29084     0.141176
29085     0.145098
29086     0.141176
29087     0.129412
29088     0.152941
29089     0.156863
29090     0.149020
29091     0.137255
29092     0.137255
29093     0.152941
29094     0.156863
29095     0.141176
29096     0.156863
29097     0.156863
29098     0.156863
29099     0.156863
29100     0.156863
29101     0.156863
29102     0.156863
29103     0.156863
29104     0.168627
29105     0.164706
29106     0.164706
29107     0.168627
29108     0.176471
29109     0.176471
29110     0.168627
29111     0.160784
29112     0.172549
29113     0.160784
29114     0.152941
29115     0.149020
29116     0.152941
29117     0.160784
29118     0.168627
29119     0.168627
29120     0.133333
29121     0.149020
29122     0.168627
29123     0.184314
29124     0.188235
29125     0.188235
29126     0.188235
29127     0.192157
29128     0.196078
29129     0.196078
29130     0.219608
29131     0.274510
29132     0.333333
29133     0.352941
29134     0.329412
29135     0.298039
29136     0.301961
29137     0.298039
29138     0.301961
29139     0.305882
29140     0.317647
29141     0.317647
29142     0.313726
29143     0.305882
29144     0.309804
29145     0.313726
29146     0.298039
29147     0.270588
29148     0.266667
29149     0.286275
29150     0.298039
29151     0.298039
29152     0.309804
29153     0.325490
29154     0.325490
29155     0.313726
29156     0.337255
29157     0.396078
29158     0.443137
29159     0.458824
29160     0.411765
29161     0.423529
29162     0.419608
29163     0.384314
29164     0.317647
29165     0.254902
29166     0.215686
29167     0.203922
29168     0.203922
29169     0.207843
29170     0.203922
29171     0.188235
29172     0.168627
29173     0.160784
29174     0.168627
29175     0.180392
29176     0.160784
29177     0.160784
29178     0.164706
29179     0.176471
29180     0.188235
29181     0.192157
29182     0.188235
29183     0.180392
29184     0.176471
29185     0.200000
29186     0.211765
29187     0.203922
29188     0.192157
29189     0.188235
29190     0.176471
29191     0.160784
29192     0.168627
29193     0.156863
29194     0.149020
29195     0.149020
29196     0.156863
29197     0.156863
29198     0.145098
29199     0.133333
29200     0.160784
29201     0.168627
29202     0.172549
29203     0.172549
29204     0.176471
29205     0.184314
29206     0.200000
29207     0.211765
29208     0.211765
29209     0.203922
29210     0.196078
29211     0.192157
29212     0.192157
29213     0.200000
29214     0.211765
29215     0.219608
29216     0.219608
29217     0.219608
29218     0.223529
29219     0.227451
29220     0.231373
29221     0.227451
29222     0.211765
29223     0.200000
29224     0.196078
29225     0.180392
29226     0.172549
29227     0.188235
29228     0.215686
29229     0.235294
29230     0.227451
29231     0.215686
29232     0.203922
29233     0.200000
29234     0.203922
29235     0.219608
29236     0.239216
29237     0.239216
29238     0.215686
29239     0.192157
29240     0.164706
29241     0.192157
29242     0.219608
29243     0.235294
29244     0.235294
29245     0.247059
29246     0.270588
29247     0.294118
29248     0.337255
29249     0.360784
29250     0.384314
29251     0.396078
29252     0.396078
29253     0.388235
29254     0.384314
29255     0.384314
29256     0.462745
29257     0.478431
29258     0.482353
29259     0.447059
29260     0.388235
29261     0.345098
29262     0.337255
29263     0.349020
29264     0.337255
29265     0.321569
29266     0.337255
29267     0.392157
29268     0.443137
29269     0.454902
29270     0.458824
29271     0.470588
29272     0.482353
29273     0.474510
29274     0.470588
29275     0.470588
29276     0.482353
29277     0.505882
29278     0.533333
29279     0.549020
29280     0.521569
29281     0.529412
29282     0.541176
29283     0.415686
29284     0.439216
29285     0.447059
29286     0.435294
29287     0.447059
29288     0.458824
29289     0.427451
29290     0.372549
29291     0.305882
29292     0.333333
29293     0.341176
29294     0.305882
29295     0.247059
29296     0.215686
29297     0.235294
29298     0.266667
29299     0.274510
29300     0.262745
29301     0.239216
29302     0.215686
29303     0.188235
29304     0.160784
29305     0.137255
29306     0.121569
29307     0.145098
29308     0.145098
29309     0.141176
29310     0.141176
29311     0.152941
29312     0.160784
29313     0.160784
29314     0.152941
29315     0.141176
29316     0.152941
29317     0.156863
29318     0.149020
29319     0.152941
29320     0.160784
29321     0.156863
29322     0.141176
29323     0.160784
29324     0.160784
29325     0.160784
29326     0.160784
29327     0.160784
29328     0.160784
29329     0.160784
29330     0.160784
29331     0.172549
29332     0.168627
29333     0.160784
29334     0.164706
29335     0.172549
29336     0.172549
29337     0.168627
29338     0.164706
29339     0.164706
29340     0.156863
29341     0.149020
29342     0.149020
29343     0.149020
29344     0.152941
29345     0.156863
29346     0.156863
29347     0.121569
29348     0.133333
29349     0.149020
29350     0.164706
29351     0.168627
29352     0.172549
29353     0.168627
29354     0.168627
29355     0.176471
29356     0.184314
29357     0.211765
29358     0.262745
29359     0.309804
29360     0.329412
29361     0.317647
29362     0.294118
29363     0.286275
29364     0.282353
29365     0.274510
29366     0.270588
29367     0.270588
29368     0.262745
29369     0.250980
29370     0.239216
29371     0.239216
29372     0.239216
29373     0.227451
29374     0.203922
29375     0.203922
29376     0.231373
29377     0.254902
29378     0.258824
29379     0.270588
29380     0.286275
29381     0.290196
29382     0.286275
29383     0.309804
29384     0.356863
29385     0.396078
29386     0.403922
29387     0.388235
29388     0.380392
29389     0.360784
29390     0.325490
29391     0.282353
29392     0.239216
29393     0.211765
29394     0.196078
29395     0.188235
29396     0.192157
29397     0.192157
29398     0.180392
29399     0.164706
29400     0.156863
29401     0.160784
29402     0.164706
29403     0.152941
29404     0.152941
29405     0.156863
29406     0.168627
29407     0.184314
29408     0.196078
29409     0.196078
29410     0.192157
29411     0.160784
29412     0.188235
29413     0.203922
29414     0.196078
29415     0.192157
29416     0.192157
29417     0.188235
29418     0.172549
29419     0.180392
29420     0.168627
29421     0.160784
29422     0.164706
29423     0.168627
29424     0.168627
29425     0.156863
29426     0.149020
29427     0.152941
29428     0.156863
29429     0.164706
29430     0.168627
29431     0.168627
29432     0.176471
29433     0.188235
29434     0.196078
29435     0.207843
29436     0.207843
29437     0.203922
29438     0.203922
29439     0.203922
29440     0.203922
29441     0.207843
29442     0.207843
29443     0.203922
29444     0.200000
29445     0.203922
29446     0.211765
29447     0.219608
29448     0.223529
29449     0.219608
29450     0.211765
29451     0.180392
29452     0.176471
29453     0.176471
29454     0.180392
29455     0.192157
29456     0.200000
29457     0.207843
29458     0.211765
29459     0.239216
29460     0.223529
29461     0.211765
29462     0.219608
29463     0.239216
29464     0.239216
29465     0.207843
29466     0.180392
29467     0.176471
29468     0.200000
29469     0.231373
29470     0.254902
29471     0.270588
29472     0.286275
29473     0.309804
29474     0.329412
29475     0.368627
29476     0.376471
29477     0.384314
29478     0.380392
29479     0.380392
29480     0.392157
29481     0.415686
29482     0.439216
29483     0.470588
29484     0.490196
29485     0.505882
29486     0.490196
29487     0.450980
29488     0.411765
29489     0.400000
29490     0.400000
29491     0.415686
29492     0.400000
29493     0.407843
29494     0.450980
29495     0.486275
29496     0.494118
29497     0.494118
29498     0.501961
29499     0.486275
29500     0.478431
29501     0.474510
29502     0.478431
29503     0.494118
29504     0.517647
29505     0.541176
29506     0.556863
29507     0.537255
29508     0.541176
29509     0.552941
29510     0.498039
29511     0.525490
29512     0.529412
29513     0.498039
29514     0.474510
29515     0.470588
29516     0.454902
29517     0.427451
29518     0.372549
29519     0.392157
29520     0.392157
29521     0.349020
29522     0.286275
29523     0.254902
29524     0.270588
29525     0.301961
29526     0.333333
29527     0.317647
29528     0.286275
29529     0.247059
29530     0.207843
29531     0.176471
29532     0.156863
29533     0.145098
29534     0.149020
29535     0.137255
29536     0.129412
29537     0.129412
29538     0.137255
29539     0.145098
29540     0.149020
29541     0.152941
29542     0.133333
29543     0.152941
29544     0.164706
29545     0.160784
29546     0.160784
29547     0.168627
29548     0.164706
29549     0.149020
29550     0.168627
29551     0.168627
29552     0.168627
29553     0.168627
29554     0.168627
29555     0.168627
29556     0.168627
29557     0.168627
29558     0.180392
29559     0.172549
29560     0.160784
29561     0.160784
29562     0.164706
29563     0.172549
29564     0.172549
29565     0.168627
29566     0.160784
29567     0.164706
29568     0.164706
29569     0.160784
29570     0.160784
29571     0.156863
29572     0.152941
29573     0.149020
29574     0.109804
29575     0.117647
29576     0.129412
29577     0.141176
29578     0.145098
29579     0.149020
29580     0.149020
29581     0.145098
29582     0.160784
29583     0.172549
29584     0.200000
29585     0.231373
29586     0.262745
29587     0.270588
29588     0.266667
29589     0.254902
29590     0.243137
29591     0.235294
29592     0.223529
29593     0.219608
29594     0.211765
29595     0.203922
29596     0.188235
29597     0.176471
29598     0.176471
29599     0.184314
29600     0.176471
29601     0.156863
29602     0.156863
29603     0.188235
29604     0.215686
29605     0.223529
29606     0.215686
29607     0.231373
29608     0.243137
29609     0.250980
29610     0.274510
29611     0.309804
29612     0.329412
29613     0.329412
29614     0.341176
29615     0.305882
29616     0.266667
29617     0.243137
29618     0.231373
29619     0.223529
29620     0.203922
29621     0.188235
29622     0.176471
29623     0.184314
29624     0.188235
29625     0.184314
29626     0.172549
29627     0.164706
29628     0.156863
29629     0.156863
29630     0.160784
29631     0.156863
29632     0.152941
29633     0.160784
29634     0.172549
29635     0.184314
29636     0.184314
29637     0.184314
29638     0.145098
29639     0.172549
29640     0.188235
29641     0.188235
29642     0.188235
29643     0.196078
29644     0.200000
29645     0.188235
29646     0.184314
29647     0.180392
29648     0.176471
29649     0.176471
29650     0.180392
29651     0.180392
29652     0.168627
29653     0.160784
29654     0.145098
29655     0.156863
29656     0.168627
29657     0.172549
29658     0.176471
29659     0.180392
29660     0.188235
29661     0.196078
29662     0.196078
29663     0.200000
29664     0.203922
29665     0.211765
29666     0.215686
29667     0.215686
29668     0.215686
29669     0.215686
29670     0.203922
29671     0.196078
29672     0.192157
29673     0.196078
29674     0.203922
29675     0.211765
29676     0.207843
29677     0.207843
29678     0.168627
29679     0.176471
29680     0.180392
29681     0.176471
29682     0.172549
29683     0.176471
29684     0.192157
29685     0.207843
29686     0.243137
29687     0.223529
29688     0.203922
29689     0.207843
29690     0.227451
29691     0.231373
29692     0.211765
29693     0.188235
29694     0.192157
29695     0.211765
29696     0.239216
29697     0.274510
29698     0.305882
29699     0.329412
29700     0.349020
29701     0.356863
29702     0.364706
29703     0.364706
29704     0.360784
29705     0.352941
29706     0.356863
29707     0.392157
29708     0.450980
29709     0.498039
29710     0.509804
29711     0.513726
29712     0.513726
29713     0.505882
29714     0.486275
29715     0.466667
29716     0.458824
29717     0.454902
29718     0.474510
29719     0.458824
29720     0.454902
29721     0.478431
29722     0.501961
29723     0.505882
29724     0.501961
29725     0.505882
29726     0.490196
29727     0.490196
29728     0.486275
29729     0.494118
29730     0.509804
29731     0.529412
29732     0.552941
29733     0.564706
29734     0.560784
29735     0.568627
29736     0.576471
29737     0.588235
29738     0.600000
29739     0.588235
29740     0.545098
29741     0.513726
29742     0.501961
29743     0.494118
29744     0.478431
29745     0.447059
29746     0.443137
29747     0.431373
29748     0.400000
29749     0.368627
29750     0.349020
29751     0.356863
29752     0.364706
29753     0.352941
29754     0.341176
29755     0.313726
29756     0.278431
29757     0.243137
29758     0.215686
29759     0.203922
29760     0.203922
29761     0.192157
29762     0.164706
29763     0.133333
29764     0.125490
29765     0.125490
29766     0.125490
29767     0.133333
29768     0.145098
29769     0.137255
29770     0.156863
29771     0.164706
29772     0.156863
29773     0.156863
29774     0.168627
29775     0.172549
29776     0.164706
29777     0.172549
29778     0.172549
29779     0.172549
29780     0.172549
29781     0.172549
29782     0.172549
29783     0.172549
29784     0.172549
29785     0.184314
29786     0.172549
29787     0.160784
29788     0.156863
29789     0.160784
29790     0.168627
29791     0.172549
29792     0.172549
29793     0.168627
29794     0.176471
29795     0.184314
29796     0.184314
29797     0.172549
29798     0.164706
29799     0.156863
29800     0.152941
29801     0.121569
29802     0.117647
29803     0.121569
29804     0.129412
29805     0.137255
29806     0.141176
29807     0.141176
29808     0.137255
29809     0.156863
29810     0.168627
29811     0.188235
29812     0.200000
29813     0.203922
29814     0.200000
29815     0.196078
29816     0.196078
29817     0.188235
29818     0.184314
29819     0.180392
29820     0.176471
29821     0.180392
29822     0.176471
29823     0.164706
29824     0.156863
29825     0.164706
29826     0.184314
29827     0.188235
29828     0.168627
29829     0.160784
29830     0.176471
29831     0.192157
29832     0.196078
29833     0.180392
29834     0.188235
29835     0.203922
29836     0.223529
29837     0.247059
29838     0.262745
29839     0.266667
29840     0.258824
29841     0.262745
29842     0.223529
29843     0.184314
29844     0.180392
29845     0.200000
29846     0.211765
29847     0.196078
29848     0.172549
29849     0.172549
29850     0.180392
29851     0.188235
29852     0.192157
29853     0.188235
29854     0.176471
29855     0.164706
29856     0.160784
29857     0.184314
29858     0.172549
29859     0.160784
29860     0.156863
29861     0.160784
29862     0.160784
29863     0.160784
29864     0.156863
29865     0.141176
29866     0.164706
29867     0.180392
29868     0.176471
29869     0.180392
29870     0.192157
29871     0.200000
29872     0.192157
29873     0.180392
29874     0.180392
29875     0.180392
29876     0.184314
29877     0.184314
29878     0.180392
29879     0.172549
29880     0.168627
29881     0.145098
29882     0.156863
29883     0.176471
29884     0.188235
29885     0.196078
29886     0.200000
29887     0.203922
29888     0.211765
29889     0.192157
29890     0.192157
29891     0.196078
29892     0.203922
29893     0.215686
29894     0.223529
29895     0.235294
29896     0.239216
29897     0.223529
29898     0.207843
29899     0.196078
29900     0.188235
29901     0.192157
29902     0.196078
29903     0.196078
29904     0.192157
29905     0.176471
29906     0.180392
29907     0.180392
29908     0.180392
29909     0.184314
29910     0.192157
29911     0.203922
29912     0.211765
29913     0.211765
29914     0.203922
29915     0.196078
29916     0.192157
29917     0.200000
29918     0.211765
29919     0.215686
29920     0.215686
29921     0.223529
29922     0.231373
29923     0.254902
29924     0.290196
29925     0.325490
29926     0.352941
29927     0.368627
29928     0.368627
29929     0.380392
29930     0.384314
29931     0.388235
29932     0.384314
29933     0.400000
29934     0.443137
29935     0.505882
29936     0.552941
29937     0.572549
29938     0.556863
29939     0.529412
29940     0.509804
29941     0.501961
29942     0.501961
29943     0.501961
29944     0.505882
29945     0.498039
29946     0.486275
29947     0.478431
29948     0.482353
29949     0.494118
29950     0.498039
29951     0.498039
29952     0.498039
29953     0.498039
29954     0.501961
29955     0.501961
29956     0.513726
29957     0.525490
29958     0.545098
29959     0.564706
29960     0.572549
29961     0.588235
29962     0.592157
29963     0.596078
29964     0.643137
29965     0.627451
29966     0.592157
29967     0.552941
29968     0.533333
29969     0.529412
29970     0.509804
29971     0.490196
29972     0.466667
29973     0.450980
29974     0.435294
29975     0.439216
29976     0.454902
29977     0.466667
29978     0.466667
29979     0.458824
29980     0.403922
29981     0.396078
29982     0.376471
29983     0.337255
29984     0.298039
29985     0.266667
29986     0.250980
29987     0.250980
29988     0.239216
29989     0.196078
29990     0.152941
29991     0.141176
29992     0.133333
29993     0.121569
29994     0.133333
29995     0.156863
29996     0.149020
29997     0.164706
29998     0.164706
29999     0.149020
30000     0.145098
30001     0.160784
30002     0.180392
30003     0.184314
30004     0.172549
30005     0.172549
30006     0.172549
30007     0.172549
30008     0.172549
30009     0.172549
30010     0.172549
30011     0.172549
30012     0.188235
30013     0.176471
30014     0.160784
30015     0.156863
30016     0.160784
30017     0.168627
30018     0.168627
30019     0.168627
30020     0.160784
30021     0.176471
30022     0.188235
30023     0.188235
30024     0.176471
30025     0.160784
30026     0.152941
30027     0.152941
30028     0.145098
30029     0.137255
30030     0.129412
30031     0.133333
30032     0.141176
30033     0.149020
30034     0.145098
30035     0.141176
30036     0.156863
30037     0.164706
30038     0.176471
30039     0.176471
30040     0.168627
30041     0.164706
30042     0.164706
30043     0.168627
30044     0.164706
30045     0.160784
30046     0.160784
30047     0.164706
30048     0.168627
30049     0.168627
30050     0.160784
30051     0.152941
30052     0.176471
30053     0.203922
30054     0.215686
30055     0.196078
30056     0.176471
30057     0.172549
30058     0.172549
30059     0.164706
30060     0.152941
30061     0.152941
30062     0.168627
30063     0.192157
30064     0.211765
30065     0.215686
30066     0.207843
30067     0.200000
30068     0.184314
30069     0.156863
30070     0.141176
30071     0.156863
30072     0.188235
30073     0.203922
30074     0.188235
30075     0.160784
30076     0.156863
30077     0.164706
30078     0.172549
30079     0.184314
30080     0.184314
30081     0.176471
30082     0.164706
30083     0.152941
30084     0.180392
30085     0.168627
30086     0.156863
30087     0.149020
30088     0.152941
30089     0.152941
30090     0.152941
30091     0.149020
30092     0.145098
30093     0.168627
30094     0.176471
30095     0.168627
30096     0.168627
30097     0.184314
30098     0.192157
30099     0.188235
30100     0.168627
30101     0.172549
30102     0.180392
30103     0.184314
30104     0.180392
30105     0.172549
30106     0.168627
30107     0.164706
30108     0.145098
30109     0.156863
30110     0.180392
30111     0.192157
30112     0.203922
30113     0.207843
30114     0.219608
30115     0.227451
30116     0.215686
30117     0.207843
30118     0.200000
30119     0.192157
30120     0.200000
30121     0.211765
30122     0.227451
30123     0.239216
30124     0.227451
30125     0.215686
30126     0.196078
30127     0.188235
30128     0.188235
30129     0.192157
30130     0.196078
30131     0.196078
30132     0.196078
30133     0.184314
30134     0.176471
30135     0.192157
30136     0.215686
30137     0.227451
30138     0.223529
30139     0.215686
30140     0.200000
30141     0.207843
30142     0.211765
30143     0.196078
30144     0.180392
30145     0.184314
30146     0.203922
30147     0.227451
30148     0.290196
30149     0.290196
30150     0.305882
30151     0.329412
30152     0.356863
30153     0.380392
30154     0.392157
30155     0.392157
30156     0.427451
30157     0.435294
30158     0.447059
30159     0.462745
30160     0.478431
30161     0.509804
30162     0.549020
30163     0.572549
30164     0.588235
30165     0.576471
30166     0.560784
30167     0.552941
30168     0.549020
30169     0.545098
30170     0.533333
30171     0.521569
30172     0.513726
30173     0.509804
30174     0.498039
30175     0.494118
30176     0.501961
30177     0.513726
30178     0.517647
30179     0.517647
30180     0.509804
30181     0.513726
30182     0.517647
30183     0.529412
30184     0.541176
30185     0.556863
30186     0.568627
30187     0.576471
30188     0.603922
30189     0.603922
30190     0.607843
30191     0.709804
30192     0.666667
30193     0.615686
30194     0.588235
30195     0.580392
30196     0.572549
30197     0.549020
30198     0.525490
30199     0.521569
30200     0.498039
30201     0.482353
30202     0.486275
30203     0.505882
30204     0.513726
30205     0.501961
30206     0.482353
30207     0.482353
30208     0.478431
30209     0.466667
30210     0.427451
30211     0.372549
30212     0.321569
30213     0.294118
30214     0.286275
30215     0.247059
30216     0.200000
30217     0.164706
30218     0.160784
30219     0.149020
30220     0.121569
30221     0.125490
30222     0.145098
30223     0.156863
30224     0.168627
30225     0.168627
30226     0.145098
30227     0.133333
30228     0.152941
30229     0.176471
30230     0.188235
30231     0.168627
30232     0.168627
30233     0.168627
30234     0.168627
30235     0.168627
30236     0.168627
30237     0.168627
30238     0.168627
30239     0.188235
30240     0.176471
30241     0.164706
30242     0.160784
30243     0.164706
30244     0.168627
30245     0.164706
30246     0.160784
30247     0.145098
30248     0.160784
30249     0.176471
30250     0.176471
30251     0.160784
30252     0.149020
30253     0.145098
30254     0.152941
30255     0.168627
30256     0.152941
30257     0.137255
30258     0.137255
30259     0.149020
30260     0.156863
30261     0.152941
30262     0.145098
30263     0.152941
30264     0.156863
30265     0.160784
30266     0.160784
30267     0.160784
30268     0.164706
30269     0.168627
30270     0.176471
30271     0.164706
30272     0.160784
30273     0.156863
30274     0.160784
30275     0.160784
30276     0.160784
30277     0.152941
30278     0.145098
30279     0.172549
30280     0.203922
30281     0.219608
30282     0.196078
30283     0.168627
30284     0.156863
30285     0.149020
30286     0.141176
30287     0.145098
30288     0.133333
30289     0.137255
30290     0.164706
30291     0.180392
30292     0.176471
30293     0.164706
30294     0.160784
30295     0.145098
30296     0.141176
30297     0.145098
30298     0.164706
30299     0.188235
30300     0.192157
30301     0.172549
30302     0.152941
30303     0.137255
30304     0.141176
30305     0.149020
30306     0.160784
30307     0.168627
30308     0.164706
30309     0.152941
30310     0.137255
30311     0.156863
30312     0.149020
30313     0.145098
30314     0.145098
30315     0.152941
30316     0.156863
30317     0.156863
30318     0.152941
30319     0.149020
30320     0.168627
30321     0.172549
30322     0.160784
30323     0.160784
30324     0.176471
30325     0.188235
30326     0.184314
30327     0.160784
30328     0.172549
30329     0.184314
30330     0.188235
30331     0.184314
30332     0.176471
30333     0.168627
30334     0.168627
30335     0.152941
30336     0.164706
30337     0.180392
30338     0.192157
30339     0.196078
30340     0.203922
30341     0.215686
30342     0.223529
30343     0.247059
30344     0.231373
30345     0.207843
30346     0.188235
30347     0.184314
30348     0.192157
30349     0.207843
30350     0.219608
30351     0.215686
30352     0.203922
30353     0.192157
30354     0.188235
30355     0.196078
30356     0.203922
30357     0.207843
30358     0.207843
30359     0.200000
30360     0.184314
30361     0.180392
30362     0.200000
30363     0.227451
30364     0.239216
30365     0.219608
30366     0.200000
30367     0.219608
30368     0.231373
30369     0.239216
30370     0.227451
30371     0.207843
30372     0.211765
30373     0.239216
30374     0.270588
30375     0.380392
30376     0.380392
30377     0.384314
30378     0.392157
30379     0.403922
30380     0.419608
30381     0.435294
30382     0.447059
30383     0.443137
30384     0.447059
30385     0.454902
30386     0.478431
30387     0.505882
30388     0.525490
30389     0.537255
30390     0.537255
30391     0.556863
30392     0.568627
30393     0.584314
30394     0.600000
30395     0.596078
30396     0.572549
30397     0.537255
30398     0.509804
30399     0.509804
30400     0.513726
30401     0.505882
30402     0.490196
30403     0.494118
30404     0.517647
30405     0.529412
30406     0.529412
30407     0.521569
30408     0.525490
30409     0.533333
30410     0.545098
30411     0.552941
30412     0.560784
30413     0.568627
30414     0.572549
30415     0.600000
30416     0.600000
30417     0.600000
30418     0.784314
30419     0.737255
30420     0.682353
30421     0.650980
30422     0.639216
30423     0.623529
30424     0.600000
30425     0.580392
30426     0.584314
30427     0.576471
30428     0.564706
30429     0.549020
30430     0.533333
30431     0.517647
30432     0.494118
30433     0.482353
30434     0.509804
30435     0.521569
30436     0.521569
30437     0.498039
30438     0.443137
30439     0.388235
30440     0.356863
30441     0.341176
30442     0.266667
30443     0.227451
30444     0.207843
30445     0.215686
30446     0.192157
30447     0.141176
30448     0.113725
30449     0.121569
30450     0.149020
30451     0.168627
30452     0.172549
30453     0.149020
30454     0.133333
30455     0.149020
30456     0.168627
30457     0.176471
30458     0.160784
30459     0.160784
30460     0.160784
30461     0.160784
30462     0.160784
30463     0.160784
30464     0.160784
30465     0.160784
30466     0.184314
30467     0.176471
30468     0.168627
30469     0.168627
30470     0.168627
30471     0.168627
30472     0.160784
30473     0.156863
30474     0.137255
30475     0.156863
30476     0.172549
30477     0.168627
30478     0.152941
30479     0.141176
30480     0.149020
30481     0.156863
30482     0.180392
30483     0.160784
30484     0.137255
30485     0.137255
30486     0.149020
30487     0.156863
30488     0.152941
30489     0.145098
30490     0.152941
30491     0.149020
30492     0.141176
30493     0.141176
30494     0.149020
30495     0.156863
30496     0.160784
30497     0.164706
30498     0.156863
30499     0.152941
30500     0.149020
30501     0.149020
30502     0.152941
30503     0.149020
30504     0.141176
30505     0.133333
30506     0.164706
30507     0.196078
30508     0.207843
30509     0.184314
30510     0.156863
30511     0.149020
30512     0.156863
30513     0.160784
30514     0.160784
30515     0.133333
30516     0.125490
30517     0.152941
30518     0.168627
30519     0.164706
30520     0.152941
30521     0.152941
30522     0.145098
30523     0.160784
30524     0.176471
30525     0.188235
30526     0.184314
30527     0.172549
30528     0.156863
30529     0.149020
30530     0.129412
30531     0.125490
30532     0.129412
30533     0.145098
30534     0.156863
30535     0.156863
30536     0.149020
30537     0.137255
30538     0.145098
30539     0.141176
30540     0.141176
30541     0.145098
30542     0.152941
30543     0.156863
30544     0.149020
30545     0.145098
30546     0.145098
30547     0.160784
30548     0.164706
30549     0.152941
30550     0.152941
30551     0.172549
30552     0.188235
30553     0.188235
30554     0.168627
30555     0.184314
30556     0.200000
30557     0.203922
30558     0.196078
30559     0.184314
30560     0.184314
30561     0.184314
30562     0.184314
30563     0.192157
30564     0.196078
30565     0.196078
30566     0.196078
30567     0.200000
30568     0.207843
30569     0.219608
30570     0.235294
30571     0.223529
30572     0.207843
30573     0.192157
30574     0.188235
30575     0.192157
30576     0.203922
30577     0.211765
30578     0.211765
30579     0.203922
30580     0.192157
30581     0.192157
30582     0.196078
30583     0.203922
30584     0.203922
30585     0.200000
30586     0.180392
30587     0.180392
30588     0.188235
30589     0.200000
30590     0.211765
30591     0.203922
30592     0.184314
30593     0.168627
30594     0.215686
30595     0.223529
30596     0.239216
30597     0.262745
30598     0.294118
30599     0.329412
30600     0.364706
30601     0.384314
30602     0.458824
30603     0.462745
30604     0.462745
30605     0.454902
30606     0.450980
30607     0.458824
30608     0.486275
30609     0.509804
30610     0.474510
30611     0.462745
30612     0.462745
30613     0.494118
30614     0.545098
30615     0.580392
30616     0.584314
30617     0.576471
30618     0.592157
30619     0.607843
30620     0.627451
30621     0.631373
30622     0.619608
30623     0.588235
30624     0.552941
30625     0.533333
30626     0.505882
30627     0.517647
30628     0.505882
30629     0.486275
30630     0.486275
30631     0.513726
30632     0.533333
30633     0.533333
30634     0.529412
30635     0.537255
30636     0.545098
30637     0.552941
30638     0.560784
30639     0.560784
30640     0.564706
30641     0.564706
30642     0.580392
30643     0.576471
30644     0.576471
30645     0.819608
30646     0.776471
30647     0.729412
30648     0.694118
30649     0.666667
30650     0.643137
30651     0.623529
30652     0.615686
30653     0.592157
30654     0.603922
30655     0.611765
30656     0.592157
30657     0.556863
30658     0.529412
30659     0.517647
30660     0.521569
30661     0.482353
30662     0.509804
30663     0.533333
30664     0.525490
30665     0.486275
30666     0.439216
30667     0.411765
30668     0.400000
30669     0.321569
30670     0.286275
30671     0.278431
30672     0.290196
30673     0.258824
30674     0.180392
30675     0.125490
30676     0.117647
30677     0.141176
30678     0.168627
30679     0.176471
30680     0.156863
30681     0.141176
30682     0.145098
30683     0.156863
30684     0.160784
30685     0.156863
30686     0.156863
30687     0.156863
30688     0.156863
30689     0.156863
30690     0.156863
30691     0.156863
30692     0.156863
30693     0.180392
30694     0.172549
30695     0.168627
30696     0.172549
30697     0.172549
30698     0.168627
30699     0.160784
30700     0.149020
30701     0.145098
30702     0.160784
30703     0.176471
30704     0.172549
30705     0.156863
30706     0.149020
30707     0.156863
30708     0.172549
30709     0.184314
30710     0.160784
30711     0.137255
30712     0.129412
30713     0.145098
30714     0.156863
30715     0.152941
30716     0.141176
30717     0.156863
30718     0.145098
30719     0.129412
30720     0.125490
30721     0.129412
30722     0.133333
30723     0.137255
30724     0.133333
30725     0.133333
30726     0.133333
30727     0.129412
30728     0.137255
30729     0.145098
30730     0.145098
30731     0.141176
30732     0.133333
30733     0.164706
30734     0.192157
30735     0.200000
30736     0.176471
30737     0.152941
30738     0.160784
30739     0.184314
30740     0.196078
30741     0.184314
30742     0.149020
30743     0.133333
30744     0.156863
30745     0.172549
30746     0.164706
30747     0.156863
30748     0.164706
30749     0.160784
30750     0.184314
30751     0.207843
30752     0.203922
30753     0.180392
30754     0.152941
30755     0.149020
30756     0.149020
30757     0.133333
30758     0.129412
30759     0.129412
30760     0.141176
30761     0.156863
30762     0.164706
30763     0.152941
30764     0.145098
30765     0.149020
30766     0.149020
30767     0.145098
30768     0.149020
30769     0.152941
30770     0.149020
30771     0.137255
30772     0.125490
30773     0.137255
30774     0.152941
30775     0.156863
30776     0.149020
30777     0.149020
30778     0.176471
30779     0.192157
30780     0.196078
30781     0.180392
30782     0.196078
30783     0.215686
30784     0.219608
30785     0.207843
30786     0.196078
30787     0.196078
30788     0.196078
30789     0.219608
30790     0.219608
30791     0.219608
30792     0.211765
30793     0.203922
30794     0.203922
30795     0.211765
30796     0.219608
30797     0.203922
30798     0.200000
30799     0.196078
30800     0.196078
30801     0.196078
30802     0.203922
30803     0.211765
30804     0.215686
30805     0.219608
30806     0.211765
30807     0.200000
30808     0.192157
30809     0.192157
30810     0.192157
30811     0.184314
30812     0.176471
30813     0.156863
30814     0.172549
30815     0.196078
30816     0.200000
30817     0.188235
30818     0.168627
30819     0.149020
30820     0.141176
30821     0.184314
30822     0.188235
30823     0.215686
30824     0.282353
30825     0.372549
30826     0.450980
30827     0.490196
30828     0.505882
30829     0.501961
30830     0.505882
30831     0.501961
30832     0.486275
30833     0.470588
30834     0.482353
30835     0.513726
30836     0.545098
30837     0.549020
30838     0.525490
30839     0.517647
30840     0.556863
30841     0.631373
30842     0.690196
30843     0.705882
30844     0.701961
30845     0.694118
30846     0.694118
30847     0.686275
30848     0.666667
30849     0.635294
30850     0.611765
30851     0.600000
30852     0.596078
30853     0.525490
30854     0.537255
30855     0.525490
30856     0.498039
30857     0.498039
30858     0.525490
30859     0.549020
30860     0.545098
30861     0.537255
30862     0.541176
30863     0.549020
30864     0.556863
30865     0.560784
30866     0.560784
30867     0.560784
30868     0.556863
30869     0.560784
30870     0.560784
30871     0.556863
30872     0.803922
30873     0.796078
30874     0.776471
30875     0.749020
30876     0.713726
30877     0.678431
30878     0.647059
30879     0.631373
30880     0.607843
30881     0.615686
30882     0.627451
30883     0.627451
30884     0.607843
30885     0.576471
30886     0.545098
30887     0.521569
30888     0.521569
30889     0.537255
30890     0.549020
30891     0.541176
30892     0.533333
30893     0.521569
30894     0.482353
30895     0.443137
30896     0.392157
30897     0.345098
30898     0.321569
30899     0.290196
30900     0.247059
30901     0.231373
30902     0.184314
30903     0.105882
30904     0.113725
30905     0.141176
30906     0.172549
30907     0.180392
30908     0.164706
30909     0.152941
30910     0.152941
30911     0.156863
30912     0.149020
30913     0.137255
30914     0.141176
30915     0.164706
30916     0.172549
30917     0.160784
30918     0.149020
30919     0.149020
30920     0.180392
30921     0.176471
30922     0.176471
30923     0.180392
30924     0.188235
30925     0.184314
30926     0.172549
30927     0.160784
30928     0.160784
30929     0.152941
30930     0.149020
30931     0.152941
30932     0.156863
30933     0.156863
30934     0.152941
30935     0.145098
30936     0.145098
30937     0.145098
30938     0.152941
30939     0.160784
30940     0.164706
30941     0.149020
30942     0.117647
30943     0.090196
30944     0.125490
30945     0.137255
30946     0.145098
30947     0.149020
30948     0.152941
30949     0.156863
30950     0.164706
30951     0.172549
30952     0.145098
30953     0.149020
30954     0.149020
30955     0.152941
30956     0.156863
30957     0.160784
30958     0.164706
30959     0.168627
30960     0.180392
30961     0.192157
30962     0.196078
30963     0.180392
30964     0.160784
30965     0.152941
30966     0.164706
30967     0.184314
30968     0.160784
30969     0.160784
30970     0.160784
30971     0.164706
30972     0.168627
30973     0.164706
30974     0.156863
30975     0.145098
30976     0.184314
30977     0.188235
30978     0.188235
30979     0.180392
30980     0.164706
30981     0.152941
30982     0.149020
30983     0.149020
30984     0.152941
30985     0.149020
30986     0.152941
30987     0.160784
30988     0.168627
30989     0.168627
30990     0.156863
30991     0.149020
30992     0.141176
30993     0.152941
30994     0.160784
30995     0.156863
30996     0.137255
30997     0.125490
30998     0.121569
30999     0.125490
31000     0.145098
31001     0.160784
31002     0.164706
31003     0.156863
31004     0.172549
31005     0.200000
31006     0.200000
31007     0.180392
31008     0.180392
31009     0.200000
31010     0.223529
31011     0.235294
31012     0.231373
31013     0.215686
31014     0.203922
31015     0.196078
31016     0.254902
31017     0.235294
31018     0.215686
31019     0.207843
31020     0.215686
31021     0.223529
31022     0.219608
31023     0.211765
31024     0.168627
31025     0.180392
31026     0.196078
31027     0.207843
31028     0.211765
31029     0.211765
31030     0.219608
31031     0.223529
31032     0.239216
31033     0.211765
31034     0.180392
31035     0.172549
31036     0.180392
31037     0.180392
31038     0.168627
31039     0.149020
31040     0.125490
31041     0.200000
31042     0.219608
31043     0.203922
31044     0.207843
31045     0.203922
31046     0.184314
31047     0.188235
31048     0.223529
31049     0.282353
31050     0.360784
31051     0.431373
31052     0.498039
31053     0.552941
31054     0.568627
31055     0.560784
31056     0.533333
31057     0.549020
31058     0.552941
31059     0.533333
31060     0.509804
31061     0.513726
31062     0.549020
31063     0.588235
31064     0.603922
31065     0.592157
31066     0.615686
31067     0.694118
31068     0.772549
31069     0.807843
31070     0.807843
31071     0.803922
31072     0.807843
31073     0.784314
31074     0.752941
31075     0.733333
31076     0.717647
31077     0.694118
31078     0.662745
31079     0.639216
31080     0.560784
31081     0.572549
31082     0.572549
31083     0.552941
31084     0.529412
31085     0.525490
31086     0.541176
31087     0.560784
31088     0.560784
31089     0.556863
31090     0.552941
31091     0.556863
31092     0.564706
31093     0.560784
31094     0.552941
31095     0.545098
31096     0.552941
31097     0.552941
31098     0.549020
31099     0.823529
31100     0.815686
31101     0.803922
31102     0.784314
31103     0.760784
31104     0.729412
31105     0.705882
31106     0.690196
31107     0.658824
31108     0.647059
31109     0.631373
31110     0.611765
31111     0.600000
31112     0.592157
31113     0.588235
31114     0.588235
31115     0.556863
31116     0.572549
31117     0.580392
31118     0.572549
31119     0.556863
31120     0.537255
31121     0.498039
31122     0.454902
31123     0.454902
31124     0.392157
31125     0.333333
31126     0.274510
31127     0.223529
31128     0.231373
31129     0.235294
31130     0.192157
31131     0.133333
31132     0.129412
31133     0.133333
31134     0.152941
31135     0.156863
31136     0.145098
31137     0.137255
31138     0.137255
31139     0.156863
31140     0.145098
31141     0.145098
31142     0.160784
31143     0.164706
31144     0.152941
31145     0.141176
31146     0.145098
31147     0.176471
31148     0.176471
31149     0.172549
31150     0.172549
31151     0.176471
31152     0.172549
31153     0.168627
31154     0.164706
31155     0.149020
31156     0.141176
31157     0.129412
31158     0.129412
31159     0.137255
31160     0.145098
31161     0.145098
31162     0.141176
31163     0.145098
31164     0.145098
31165     0.149020
31166     0.156863
31167     0.160784
31168     0.145098
31169     0.121569
31170     0.101961
31171     0.133333
31172     0.141176
31173     0.145098
31174     0.145098
31175     0.141176
31176     0.141176
31177     0.152941
31178     0.160784
31179     0.164706
31180     0.164706
31181     0.164706
31182     0.168627
31183     0.172549
31184     0.172549
31185     0.176471
31186     0.176471
31187     0.180392
31188     0.192157
31189     0.196078
31190     0.184314
31191     0.164706
31192     0.160784
31193     0.172549
31194     0.192157
31195     0.180392
31196     0.176471
31197     0.172549
31198     0.172549
31199     0.172549
31200     0.168627
31201     0.156863
31202     0.145098
31203     0.172549
31204     0.180392
31205     0.180392
31206     0.176471
31207     0.164706
31208     0.156863
31209     0.152941
31210     0.152941
31211     0.149020
31212     0.149020
31213     0.149020
31214     0.156863
31215     0.168627
31216     0.172549
31217     0.168627
31218     0.164706
31219     0.145098
31220     0.152941
31221     0.156863
31222     0.149020
31223     0.137255
31224     0.129412
31225     0.129412
31226     0.137255
31227     0.145098
31228     0.156863
31229     0.156863
31230     0.149020
31231     0.164706
31232     0.188235
31233     0.192157
31234     0.176471
31235     0.188235
31236     0.203922
31237     0.219608
31238     0.227451
31239     0.227451
31240     0.219608
31241     0.219608
31242     0.219608
31243     0.250980
31244     0.239216
31245     0.231373
31246     0.223529
31247     0.223529
31248     0.219608
31249     0.211765
31250     0.207843
31251     0.211765
31252     0.219608
31253     0.223529
31254     0.223529
31255     0.215686
31256     0.207843
31257     0.207843
31258     0.207843
31259     0.227451
31260     0.215686
31261     0.203922
31262     0.196078
31263     0.192157
31264     0.188235
31265     0.176471
31266     0.164706
31267     0.168627
31268     0.192157
31269     0.215686
31270     0.243137
31271     0.258824
31272     0.215686
31273     0.207843
31274     0.266667
31275     0.356863
31276     0.411765
31277     0.474510
31278     0.529412
31279     0.580392
31280     0.615686
31281     0.623529
31282     0.611765
31283     0.619608
31284     0.611765
31285     0.596078
31286     0.588235
31287     0.584314
31288     0.596078
31289     0.611765
31290     0.623529
31291     0.639216
31292     0.654902
31293     0.694118
31294     0.745098
31295     0.796078
31296     0.827451
31297     0.827451
31298     0.815686
31299     0.835294
31300     0.827451
31301     0.827451
31302     0.839216
31303     0.843137
31304     0.803922
31305     0.725490
31306     0.666667
31307     0.603922
31308     0.603922
31309     0.596078
31310     0.576471
31311     0.552941
31312     0.541176
31313     0.549020
31314     0.560784
31315     0.549020
31316     0.549020
31317     0.552941
31318     0.560784
31319     0.568627
31320     0.564706
31321     0.552941
31322     0.541176
31323     0.529412
31324     0.533333
31325     0.537255
31326     0.823529
31327     0.819608
31328     0.819608
31329     0.811765
31330     0.796078
31331     0.776471
31332     0.756863
31333     0.745098
31334     0.705882
31335     0.690196
31336     0.662745
31337     0.635294
31338     0.615686
31339     0.611765
31340     0.611765
31341     0.615686
31342     0.592157
31343     0.611765
31344     0.619608
31345     0.611765
31346     0.600000
31347     0.580392
31348     0.541176
31349     0.498039
31350     0.478431
31351     0.407843
31352     0.341176
31353     0.274510
31354     0.227451
31355     0.250980
31356     0.278431
31357     0.254902
31358     0.258824
31359     0.188235
31360     0.133333
31361     0.133333
31362     0.156863
31363     0.180392
31364     0.207843
31365     0.235294
31366     0.200000
31367     0.180392
31368     0.172549
31369     0.176471
31370     0.176471
31371     0.160784
31372     0.149020
31373     0.152941
31374     0.172549
31375     0.172549
31376     0.168627
31377     0.164706
31378     0.156863
31379     0.156863
31380     0.164706
31381     0.172549
31382     0.149020
31383     0.137255
31384     0.121569
31385     0.117647
31386     0.125490
31387     0.137255
31388     0.149020
31389     0.152941
31390     0.152941
31391     0.152941
31392     0.152941
31393     0.156863
31394     0.160784
31395     0.152941
31396     0.137255
31397     0.125490
31398     0.141176
31399     0.141176
31400     0.141176
31401     0.133333
31402     0.129412
31403     0.129412
31404     0.137255
31405     0.145098
31406     0.172549
31407     0.172549
31408     0.172549
31409     0.172549
31410     0.172549
31411     0.172549
31412     0.172549
31413     0.172549
31414     0.180392
31415     0.188235
31416     0.192157
31417     0.184314
31418     0.172549
31419     0.172549
31420     0.180392
31421     0.196078
31422     0.196078
31423     0.192157
31424     0.184314
31425     0.180392
31426     0.176471
31427     0.168627
31428     0.156863
31429     0.145098
31430     0.160784
31431     0.164706
31432     0.172549
31433     0.172549
31434     0.164706
31435     0.160784
31436     0.160784
31437     0.164706
31438     0.156863
31439     0.149020
31440     0.145098
31441     0.145098
31442     0.152941
31443     0.160784
31444     0.156863
31445     0.152941
31446     0.145098
31447     0.145098
31448     0.145098
31449     0.137255
31450     0.129412
31451     0.129412
31452     0.133333
31453     0.145098
31454     0.152941
31455     0.152941
31456     0.149020
31457     0.141176
31458     0.152941
31459     0.176471
31460     0.180392
31461     0.168627
31462     0.196078
31463     0.203922
31464     0.211765
31465     0.215686
31466     0.219608
31467     0.227451
31468     0.239216
31469     0.250980
31470     0.247059
31471     0.250980
31472     0.250980
31473     0.243137
31474     0.227451
31475     0.215686
31476     0.207843
31477     0.207843
31478     0.239216
31479     0.243137
31480     0.247059
31481     0.239216
31482     0.223529
31483     0.211765
31484     0.207843
31485     0.211765
31486     0.192157
31487     0.200000
31488     0.207843
31489     0.200000
31490     0.192157
31491     0.188235
31492     0.196078
31493     0.207843
31494     0.227451
31495     0.200000
31496     0.207843
31497     0.290196
31498     0.333333
31499     0.282353
31500     0.286275
31501     0.388235
31502     0.533333
31503     0.568627
31504     0.607843
31505     0.635294
31506     0.662745
31507     0.682353
31508     0.682353
31509     0.666667
31510     0.682353
31511     0.654902
31512     0.627451
31513     0.631373
31514     0.654902
31515     0.674510
31516     0.678431
31517     0.670588
31518     0.686275
31519     0.749020
31520     0.803922
31521     0.827451
31522     0.847059
31523     0.878431
31524     0.882353
31525     0.862745
31526     0.874510
31527     0.874510
31528     0.890196
31529     0.921569
31530     0.933333
31531     0.886275
31532     0.792157
31533     0.713726
31534     0.650980
31535     0.643137
31536     0.623529
31537     0.603922
31538     0.584314
31539     0.572549
31540     0.564706
31541     0.564706
31542     0.549020
31543     0.549020
31544     0.549020
31545     0.552941
31546     0.556863
31547     0.545098
31548     0.529412
31549     0.513726
31550     0.505882
31551     0.517647
31552     0.529412
31553     0.800000
31554     0.803922
31555     0.807843
31556     0.807843
31557     0.800000
31558     0.784314
31559     0.768627
31560     0.760784
31561     0.725490
31562     0.721569
31563     0.709804
31564     0.694118
31565     0.670588
31566     0.643137
31567     0.619608
31568     0.603922
31569     0.623529
31570     0.639216
31571     0.650980
31572     0.647059
31573     0.643137
31574     0.631373
31575     0.596078
31576     0.560784
31577     0.498039
31578     0.439216
31579     0.396078
31580     0.364706
31581     0.345098
31582     0.364706
31583     0.364706
31584     0.309804
31585     0.262745
31586     0.188235
31587     0.125490
31588     0.125490
31589     0.152941
31590     0.176471
31591     0.211765
31592     0.243137
31593     0.215686
31594     0.192157
31595     0.176471
31596     0.180392
31597     0.176471
31598     0.160784
31599     0.149020
31600     0.152941
31601     0.168627
31602     0.168627
31603     0.164706
31604     0.152941
31605     0.141176
31606     0.145098
31607     0.156863
31608     0.172549
31609     0.160784
31610     0.145098
31611     0.125490
31612     0.121569
31613     0.129412
31614     0.149020
31615     0.164706
31616     0.172549
31617     0.160784
31618     0.160784
31619     0.160784
31620     0.164706
31621     0.164706
31622     0.160784
31623     0.156863
31624     0.152941
31625     0.137255
31626     0.137255
31627     0.137255
31628     0.129412
31629     0.121569
31630     0.121569
31631     0.133333
31632     0.141176
31633     0.160784
31634     0.160784
31635     0.160784
31636     0.160784
31637     0.160784
31638     0.156863
31639     0.156863
31640     0.156863
31641     0.168627
31642     0.176471
31643     0.184314
31644     0.180392
31645     0.176471
31646     0.176471
31647     0.184314
31648     0.192157
31649     0.192157
31650     0.188235
31651     0.180392
31652     0.176471
31653     0.176471
31654     0.172549
31655     0.164706
31656     0.156863
31657     0.149020
31658     0.156863
31659     0.164706
31660     0.168627
31661     0.164706
31662     0.164706
31663     0.168627
31664     0.172549
31665     0.168627
31666     0.156863
31667     0.141176
31668     0.133333
31669     0.133333
31670     0.133333
31671     0.129412
31672     0.125490
31673     0.145098
31674     0.141176
31675     0.133333
31676     0.125490
31677     0.121569
31678     0.129412
31679     0.141176
31680     0.149020
31681     0.160784
31682     0.156863
31683     0.149020
31684     0.145098
31685     0.156863
31686     0.168627
31687     0.176471
31688     0.172549
31689     0.192157
31690     0.200000
31691     0.207843
31692     0.215686
31693     0.219608
31694     0.231373
31695     0.247059
31696     0.258824
31697     0.254902
31698     0.262745
31699     0.262745
31700     0.247059
31701     0.223529
31702     0.207843
31703     0.207843
31704     0.215686
31705     0.231373
31706     0.239216
31707     0.243137
31708     0.239216
31709     0.231373
31710     0.223529
31711     0.227451
31712     0.231373
31713     0.180392
31714     0.192157
31715     0.196078
31716     0.192157
31717     0.184314
31718     0.203922
31719     0.247059
31720     0.286275
31721     0.301961
31722     0.258824
31723     0.247059
31724     0.337255
31725     0.435294
31726     0.443137
31727     0.466667
31728     0.552941
31729     0.666667
31730     0.682353
31731     0.690196
31732     0.690196
31733     0.694118
31734     0.713726
31735     0.713726
31736     0.701961
31737     0.705882
31738     0.682353
31739     0.662745
31740     0.670588
31741     0.701961
31742     0.725490
31743     0.729412
31744     0.721569
31745     0.733333
31746     0.831373
31747     0.901961
31748     0.901961
31749     0.901961
31750     0.933333
31751     0.945098
31752     0.921569
31753     0.901961
31754     0.898039
31755     0.905882
31756     0.917647
31757     0.917647
31758     0.874510
31759     0.807843
31760     0.756863
31761     0.690196
31762     0.678431
31763     0.658824
31764     0.643137
31765     0.631373
31766     0.623529
31767     0.607843
31768     0.600000
31769     0.596078
31770     0.580392
31771     0.560784
31772     0.541176
31773     0.521569
31774     0.505882
31775     0.486275
31776     0.474510
31777     0.490196
31778     0.505882
31779     0.525490
31780     0.784314
31781     0.788235
31782     0.796078
31783     0.800000
31784     0.796078
31785     0.780392
31786     0.768627
31787     0.756863
31788     0.737255
31789     0.741176
31790     0.741176
31791     0.733333
31792     0.717647
31793     0.690196
31794     0.662745
31795     0.647059
31796     0.670588
31797     0.686275
31798     0.686275
31799     0.678431
31800     0.674510
31801     0.666667
31802     0.639216
31803     0.607843
31804     0.564706
31805     0.509804
31806     0.490196
31807     0.498039
31808     0.501961
31809     0.521569
31810     0.486275
31811     0.403922
31812     0.219608
31813     0.196078
31814     0.176471
31815     0.180392
31816     0.192157
31817     0.196078
31818     0.192157
31819     0.192157
31820     0.164706
31821     0.145098
31822     0.141176
31823     0.152941
31824     0.160784
31825     0.152941
31826     0.152941
31827     0.160784
31828     0.168627
31829     0.164706
31830     0.152941
31831     0.141176
31832     0.137255
31833     0.141176
31834     0.156863
31835     0.168627
31836     0.164706
31837     0.149020
31838     0.133333
31839     0.129412
31840     0.137255
31841     0.156863
31842     0.168627
31843     0.176471
31844     0.152941
31845     0.156863
31846     0.160784
31847     0.160784
31848     0.156863
31849     0.152941
31850     0.152941
31851     0.156863
31852     0.129412
31853     0.133333
31854     0.133333
31855     0.129412
31856     0.125490
31857     0.125490
31858     0.137255
31859     0.145098
31860     0.156863
31861     0.152941
31862     0.152941
31863     0.152941
31864     0.152941
31865     0.152941
31866     0.149020
31867     0.149020
31868     0.160784
31869     0.168627
31870     0.172549
31871     0.176471
31872     0.172549
31873     0.172549
31874     0.176471
31875     0.180392
31876     0.172549
31877     0.168627
31878     0.164706
31879     0.164706
31880     0.172549
31881     0.176471
31882     0.172549
31883     0.168627
31884     0.149020
31885     0.156863
31886     0.164706
31887     0.168627
31888     0.168627
31889     0.164706
31890     0.172549
31891     0.176471
31892     0.172549
31893     0.160784
31894     0.145098
31895     0.137255
31896     0.137255
31897     0.141176
31898     0.137255
31899     0.133333
31900     0.160784
31901     0.149020
31902     0.137255
31903     0.129412
31904     0.133333
31905     0.145098
31906     0.156863
31907     0.164706
31908     0.168627
31909     0.156863
31910     0.152941
31911     0.160784
31912     0.168627
31913     0.176471
31914     0.176471
31915     0.180392
31916     0.180392
31917     0.192157
31918     0.200000
31919     0.207843
31920     0.215686
31921     0.223529
31922     0.235294
31923     0.247059
31924     0.266667
31925     0.266667
31926     0.262745
31927     0.243137
31928     0.219608
31929     0.203922
31930     0.211765
31931     0.219608
31932     0.219608
31933     0.227451
31934     0.231373
31935     0.227451
31936     0.219608
31937     0.219608
31938     0.227451
31939     0.231373
31940     0.196078
31941     0.192157
31942     0.184314
31943     0.176471
31944     0.184314
31945     0.227451
31946     0.294118
31947     0.345098
31948     0.364706
31949     0.349020
31950     0.325490
31951     0.388235
31952     0.537255
31953     0.643137
31954     0.674510
31955     0.698039
31956     0.745098
31957     0.749020
31958     0.733333
31959     0.709804
31960     0.705882
31961     0.729412
31962     0.741176
31963     0.741176
31964     0.741176
31965     0.737255
31966     0.729412
31967     0.729412
31968     0.737255
31969     0.752941
31970     0.764706
31971     0.768627
31972     0.784314
31973     0.878431
31974     0.945098
31975     0.933333
31976     0.921569
31977     0.941176
31978     0.949020
31979     0.929412
31980     0.894118
31981     0.905882
31982     0.917647
31983     0.909804
31984     0.874510
31985     0.831373
31986     0.796078
31987     0.776471
31988     0.729412
31989     0.721569
31990     0.709804
31991     0.701961
31992     0.701961
31993     0.698039
31994     0.690196
31995     0.682353
31996     0.682353
31997     0.647059
31998     0.596078
31999     0.545098
32000     0.505882
32001     0.486275
32002     0.470588
32003     0.462745
32004     0.486275
32005     0.505882
32006     0.525490
32007     0.772549
32008     0.780392
32009     0.792157
32010     0.796078
32011     0.792157
32012     0.780392
32013     0.764706
32014     0.752941
32015     0.749020
32016     0.745098
32017     0.737255
32018     0.737255
32019     0.733333
32020     0.737255
32021     0.741176
32022     0.745098
32023     0.741176
32024     0.745098
32025     0.733333
32026     0.709804
32027     0.698039
32028     0.686275
32029     0.662745
32030     0.635294
32031     0.611765
32032     0.560784
32033     0.549020
32034     0.556863
32035     0.568627
32036     0.592157
32037     0.560784
32038     0.478431
32039     0.317647
32040     0.294118
32041     0.231373
32042     0.176471
32043     0.168627
32044     0.200000
32045     0.211765
32046     0.192157
32047     0.129412
32048     0.117647
32049     0.125490
32050     0.152941
32051     0.176471
32052     0.180392
32053     0.188235
32054     0.200000
32055     0.172549
32056     0.160784
32057     0.141176
32058     0.137255
32059     0.141176
32060     0.149020
32061     0.156863
32062     0.156863
32063     0.152941
32064     0.141176
32065     0.133333
32066     0.133333
32067     0.141176
32068     0.152941
32069     0.156863
32070     0.156863
32071     0.137255
32072     0.145098
32073     0.152941
32074     0.149020
32075     0.145098
32076     0.137255
32077     0.141176
32078     0.141176
32079     0.129412
32080     0.137255
32081     0.141176
32082     0.141176
32083     0.137255
32084     0.133333
32085     0.137255
32086     0.145098
32087     0.156863
32088     0.156863
32089     0.156863
32090     0.156863
32091     0.156863
32092     0.160784
32093     0.160784
32094     0.160784
32095     0.160784
32096     0.164706
32097     0.168627
32098     0.172549
32099     0.172549
32100     0.172549
32101     0.172549
32102     0.172549
32103     0.156863
32104     0.152941
32105     0.149020
32106     0.156863
32107     0.168627
32108     0.176471
32109     0.180392
32110     0.180392
32111     0.156863
32112     0.164706
32113     0.172549
32114     0.176471
32115     0.168627
32116     0.168627
32117     0.168627
32118     0.176471
32119     0.164706
32120     0.156863
32121     0.152941
32122     0.156863
32123     0.168627
32124     0.176471
32125     0.176471
32126     0.172549
32127     0.172549
32128     0.160784
32129     0.145098
32130     0.141176
32131     0.149020
32132     0.156863
32133     0.164706
32134     0.168627
32135     0.168627
32136     0.156863
32137     0.156863
32138     0.172549
32139     0.184314
32140     0.184314
32141     0.180392
32142     0.188235
32143     0.176471
32144     0.184314
32145     0.188235
32146     0.192157
32147     0.196078
32148     0.203922
32149     0.215686
32150     0.227451
32151     0.262745
32152     0.262745
32153     0.254902
32154     0.243137
32155     0.223529
32156     0.211765
32157     0.211765
32158     0.211765
32159     0.223529
32160     0.223529
32161     0.223529
32162     0.215686
32163     0.203922
32164     0.203922
32165     0.207843
32166     0.211765
32167     0.192157
32168     0.176471
32169     0.164706
32170     0.172549
32171     0.203922
32172     0.258824
32173     0.313726
32174     0.345098
32175     0.384314
32176     0.423529
32177     0.411765
32178     0.447059
32179     0.611765
32180     0.764706
32181     0.796078
32182     0.772549
32183     0.800000
32184     0.800000
32185     0.776471
32186     0.749020
32187     0.745098
32188     0.768627
32189     0.784314
32190     0.788235
32191     0.780392
32192     0.788235
32193     0.788235
32194     0.776471
32195     0.764706
32196     0.768627
32197     0.780392
32198     0.796078
32199     0.839216
32200     0.898039
32201     0.937255
32202     0.921569
32203     0.905882
32204     0.909804
32205     0.905882
32206     0.890196
32207     0.870588
32208     0.901961
32209     0.925490
32210     0.909804
32211     0.862745
32212     0.811765
32213     0.780392
32214     0.772549
32215     0.768627
32216     0.768627
32217     0.772549
32218     0.772549
32219     0.772549
32220     0.772549
32221     0.776471
32222     0.776471
32223     0.776471
32224     0.729412
32225     0.658824
32226     0.596078
32227     0.552941
32228     0.533333
32229     0.525490
32230     0.521569
32231     0.533333
32232     0.549020
32233     0.568627
32234     0.741176
32235     0.749020
32236     0.764706
32237     0.776471
32238     0.772549
32239     0.760784
32240     0.745098
32241     0.737255
32242     0.733333
32243     0.729412
32244     0.725490
32245     0.725490
32246     0.737255
32247     0.760784
32248     0.780392
32249     0.796078
32250     0.788235
32251     0.784314
32252     0.764706
32253     0.733333
32254     0.717647
32255     0.713726
32256     0.694118
32257     0.670588
32258     0.654902
32259     0.627451
32260     0.631373
32261     0.631373
32262     0.619608
32263     0.631373
32264     0.611765
32265     0.545098
32266     0.478431
32267     0.439216
32268     0.325490
32269     0.200000
32270     0.184314
32271     0.247059
32272     0.243137
32273     0.180392
32274     0.137255
32275     0.133333
32276     0.145098
32277     0.176471
32278     0.200000
32279     0.203922
32280     0.207843
32281     0.215686
32282     0.180392
32283     0.156863
32284     0.133333
32285     0.133333
32286     0.152941
32287     0.164706
32288     0.156863
32289     0.141176
32290     0.141176
32291     0.137255
32292     0.137255
32293     0.141176
32294     0.149020
32295     0.149020
32296     0.141176
32297     0.133333
32298     0.137255
32299     0.149020
32300     0.160784
32301     0.156863
32302     0.145098
32303     0.137255
32304     0.137255
32305     0.137255
32306     0.141176
32307     0.149020
32308     0.156863
32309     0.156863
32310     0.149020
32311     0.137255
32312     0.133333
32313     0.133333
32314     0.152941
32315     0.156863
32316     0.156863
32317     0.160784
32318     0.160784
32319     0.164706
32320     0.164706
32321     0.168627
32322     0.168627
32323     0.168627
32324     0.168627
32325     0.176471
32326     0.180392
32327     0.176471
32328     0.172549
32329     0.168627
32330     0.156863
32331     0.152941
32332     0.149020
32333     0.152941
32334     0.168627
32335     0.180392
32336     0.184314
32337     0.184314
32338     0.168627
32339     0.176471
32340     0.184314
32341     0.180392
32342     0.172549
32343     0.168627
32344     0.168627
32345     0.172549
32346     0.160784
32347     0.160784
32348     0.164706
32349     0.176471
32350     0.192157
32351     0.200000
32352     0.200000
32353     0.196078
32354     0.164706
32355     0.149020
32356     0.133333
32357     0.133333
32358     0.141176
32359     0.149020
32360     0.149020
32361     0.145098
32362     0.160784
32363     0.145098
32364     0.152941
32365     0.184314
32366     0.196078
32367     0.188235
32368     0.180392
32369     0.188235
32370     0.180392
32371     0.180392
32372     0.172549
32373     0.164706
32374     0.164706
32375     0.176471
32376     0.196078
32377     0.215686
32378     0.247059
32379     0.247059
32380     0.250980
32381     0.250980
32382     0.243137
32383     0.227451
32384     0.203922
32385     0.188235
32386     0.219608
32387     0.219608
32388     0.215686
32389     0.207843
32390     0.196078
32391     0.192157
32392     0.196078
32393     0.203922
32394     0.180392
32395     0.168627
32396     0.176471
32397     0.223529
32398     0.294118
32399     0.352941
32400     0.372549
32401     0.372549
32402     0.411765
32403     0.494118
32404     0.525490
32405     0.560784
32406     0.694118
32407     0.819608
32408     0.843137
32409     0.827451
32410     0.839216
32411     0.843137
32412     0.835294
32413     0.815686
32414     0.811765
32415     0.827451
32416     0.835294
32417     0.831373
32418     0.819608
32419     0.823529
32420     0.827451
32421     0.823529
32422     0.815686
32423     0.819608
32424     0.835294
32425     0.847059
32426     0.878431
32427     0.890196
32428     0.901961
32429     0.901961
32430     0.894118
32431     0.882353
32432     0.874510
32433     0.870588
32434     0.862745
32435     0.878431
32436     0.890196
32437     0.874510
32438     0.839216
32439     0.800000
32440     0.776471
32441     0.768627
32442     0.784314
32443     0.800000
32444     0.815686
32445     0.819608
32446     0.815686
32447     0.819608
32448     0.831373
32449     0.843137
32450     0.839216
32451     0.800000
32452     0.737255
32453     0.686275
32454     0.654902
32455     0.643137
32456     0.639216
32457     0.643137
32458     0.643137
32459     0.654902
32460     0.670588
32461     0.698039
32462     0.709804
32463     0.729412
32464     0.741176
32465     0.745098
32466     0.737255
32467     0.721569
32468     0.709804
32469     0.701961
32470     0.709804
32471     0.717647
32472     0.729412
32473     0.741176
32474     0.756863
32475     0.768627
32476     0.776471
32477     0.807843
32478     0.800000
32479     0.776471
32480     0.745098
32481     0.733333
32482     0.733333
32483     0.725490
32484     0.705882
32485     0.721569
32486     0.721569
32487     0.749020
32488     0.749020
32489     0.709804
32490     0.698039
32491     0.682353
32492     0.627451
32493     0.635294
32494     0.627451
32495     0.537255
32496     0.415686
32497     0.396078
32498     0.427451
32499     0.345098
32500     0.200000
32501     0.156863
32502     0.149020
32503     0.156863
32504     0.184314
32505     0.200000
32506     0.192157
32507     0.184314
32508     0.188235
32509     0.184314
32510     0.152941
32511     0.125490
32512     0.133333
32513     0.160784
32514     0.172549
32515     0.156863
32516     0.133333
32517     0.137255
32518     0.141176
32519     0.145098
32520     0.156863
32521     0.160784
32522     0.156863
32523     0.141176
32524     0.125490
32525     0.149020
32526     0.160784
32527     0.176471
32528     0.172549
32529     0.160784
32530     0.145098
32531     0.145098
32532     0.145098
32533     0.152941
32534     0.160784
32535     0.172549
32536     0.168627
32537     0.156863
32538     0.141176
32539     0.129412
32540     0.121569
32541     0.145098
32542     0.149020
32543     0.149020
32544     0.152941
32545     0.156863
32546     0.160784
32547     0.164706
32548     0.168627
32549     0.172549
32550     0.172549
32551     0.176471
32552     0.180392
32553     0.184314
32554     0.184314
32555     0.172549
32556     0.164706
32557     0.164706
32558     0.156863
32559     0.152941
32560     0.156863
32561     0.168627
32562     0.180392
32563     0.184314
32564     0.184314
32565     0.180392
32566     0.184314
32567     0.188235
32568     0.184314
32569     0.176471
32570     0.168627
32571     0.164706
32572     0.168627
32573     0.164706
32574     0.164706
32575     0.172549
32576     0.184314
32577     0.196078
32578     0.200000
32579     0.192157
32580     0.184314
32581     0.141176
32582     0.129412
32583     0.113725
32584     0.113725
32585     0.121569
32586     0.129412
32587     0.125490
32588     0.117647
32589     0.152941
32590     0.137255
32591     0.152941
32592     0.188235
32593     0.203922
32594     0.188235
32595     0.180392
32596     0.188235
32597     0.192157
32598     0.180392
32599     0.160784
32600     0.141176
32601     0.137255
32602     0.152941
32603     0.184314
32604     0.207843
32605     0.235294
32606     0.235294
32607     0.247059
32608     0.258824
32609     0.262745
32610     0.239216
32611     0.200000
32612     0.168627
32613     0.207843
32614     0.207843
32615     0.207843
32616     0.200000
32617     0.192157
32618     0.192157
32619     0.200000
32620     0.211765
32621     0.192157
32622     0.192157
32623     0.227451
32624     0.313726
32625     0.415686
32626     0.474510
32627     0.470588
32628     0.439216
32629     0.470588
32630     0.572549
32631     0.639216
32632     0.686275
32633     0.784314
32634     0.858824
32635     0.878431
32636     0.886275
32637     0.862745
32638     0.874510
32639     0.874510
32640     0.862745
32641     0.862745
32642     0.870588
32643     0.866667
32644     0.854902
32645     0.858824
32646     0.858824
32647     0.862745
32648     0.870588
32649     0.886275
32650     0.901961
32651     0.913725
32652     0.921569
32653     0.894118
32654     0.874510
32655     0.870588
32656     0.890196
32657     0.898039
32658     0.882353
32659     0.874510
32660     0.882353
32661     0.866667
32662     0.858824
32663     0.839216
32664     0.815686
32665     0.796078
32666     0.780392
32667     0.776471
32668     0.772549
32669     0.784314
32670     0.807843
32671     0.831373
32672     0.835294
32673     0.827451
32674     0.831373
32675     0.847059
32676     0.866667
32677     0.870588
32678     0.839216
32679     0.792157
32680     0.756863
32681     0.737255
32682     0.733333
32683     0.737255
32684     0.741176
32685     0.749020
32686     0.760784
32687     0.768627
32688     0.666667
32689     0.678431
32690     0.694118
32691     0.701961
32692     0.705882
32693     0.698039
32694     0.686275
32695     0.678431
32696     0.682353
32697     0.686275
32698     0.694118
32699     0.709804
32700     0.729412
32701     0.749020
32702     0.768627
32703     0.780392
32704     0.788235
32705     0.784314
32706     0.768627
32707     0.756863
32708     0.741176
32709     0.729412
32710     0.721569
32711     0.721569
32712     0.745098
32713     0.772549
32714     0.796078
32715     0.800000
32716     0.800000
32717     0.796078
32718     0.776471
32719     0.749020
32720     0.709804
32721     0.705882
32722     0.654902
32723     0.603922
32724     0.623529
32725     0.643137
32726     0.537255
32727     0.388235
32728     0.278431
32729     0.239216
32730     0.188235
32731     0.243137
32732     0.227451
32733     0.145098
32734     0.168627
32735     0.184314
32736     0.160784
32737     0.164706
32738     0.145098
32739     0.121569
32740     0.125490
32741     0.145098
32742     0.141176
32743     0.117647
32744     0.129412
32745     0.141176
32746     0.156863
32747     0.160784
32748     0.160784
32749     0.156863
32750     0.156863
32751     0.156863
32752     0.172549
32753     0.156863
32754     0.160784
32755     0.176471
32756     0.184314
32757     0.176471
32758     0.172549
32759     0.180392
32760     0.152941
32761     0.156863
32762     0.156863
32763     0.152941
32764     0.145098
32765     0.145098
32766     0.149020
32767     0.156863
32768     0.164706
32769     0.145098
32770     0.141176
32771     0.152941
32772     0.160784
32773     0.152941
32774     0.149020
32775     0.156863
32776     0.145098
32777     0.152941
32778     0.164706
32779     0.176471
32780     0.184314
32781     0.188235
32782     0.188235
32783     0.188235
32784     0.168627
32785     0.180392
32786     0.184314
32787     0.176471
32788     0.160784
32789     0.152941
32790     0.156863
32791     0.168627
32792     0.180392
32793     0.184314
32794     0.184314
32795     0.164706
32796     0.149020
32797     0.149020
32798     0.172549
32799     0.196078
32800     0.172549
32801     0.180392
32802     0.184314
32803     0.180392
32804     0.180392
32805     0.176471
32806     0.168627
32807     0.156863
32808     0.125490
32809     0.133333
32810     0.117647
32811     0.090196
32812     0.094118
32813     0.129412
32814     0.145098
32815     0.133333
32816     0.168627
32817     0.133333
32818     0.180392
32819     0.164706
32820     0.184314
32821     0.176471
32822     0.105882
32823     0.188235
32824     0.168627
32825     0.160784
32826     0.156863
32827     0.164706
32828     0.184314
32829     0.200000
32830     0.207843
32831     0.211765
32832     0.207843
32833     0.200000
32834     0.223529
32835     0.262745
32836     0.274510
32837     0.239216
32838     0.200000
32839     0.184314
32840     0.215686
32841     0.211765
32842     0.203922
32843     0.196078
32844     0.200000
32845     0.211765
32846     0.223529
32847     0.231373
32848     0.227451
32849     0.270588
32850     0.352941
32851     0.447059
32852     0.525490
32853     0.552941
32854     0.541176
32855     0.517647
32856     0.560784
32857     0.635294
32858     0.733333
32859     0.807843
32860     0.847059
32861     0.870588
32862     0.894118
32863     0.909804
32864     0.905882
32865     0.905882
32866     0.901961
32867     0.898039
32868     0.890196
32869     0.882353
32870     0.874510
32871     0.870588
32872     0.874510
32873     0.894118
32874     0.917647
32875     0.941176
32876     0.949020
32877     0.945098
32878     0.929412
32879     0.921569
32880     0.890196
32881     0.878431
32882     0.862745
32883     0.854902
32884     0.858824
32885     0.862745
32886     0.862745
32887     0.862745
32888     0.870588
32889     0.847059
32890     0.815686
32891     0.784314
32892     0.760784
32893     0.756863
32894     0.760784
32895     0.764706
32896     0.796078
32897     0.803922
32898     0.815686
32899     0.819608
32900     0.823529
32901     0.823529
32902     0.827451
32903     0.831373
32904     0.843137
32905     0.847059
32906     0.850980
32907     0.835294
32908     0.807843
32909     0.784314
32910     0.776471
32911     0.776471
32912     0.800000
32913     0.807843
32914     0.815686
32915     0.654902
32916     0.658824
32917     0.670588
32918     0.674510
32919     0.678431
32920     0.670588
32921     0.662745
32922     0.658824
32923     0.666667
32924     0.670588
32925     0.678431
32926     0.690196
32927     0.709804
32928     0.725490
32929     0.741176
32930     0.752941
32931     0.772549
32932     0.764706
32933     0.749020
32934     0.737255
32935     0.725490
32936     0.721569
32937     0.721569
32938     0.721569
32939     0.749020
32940     0.776471
32941     0.800000
32942     0.807843
32943     0.811765
32944     0.815686
32945     0.800000
32946     0.776471
32947     0.725490
32948     0.721569
32949     0.682353
32950     0.643137
32951     0.666667
32952     0.705882
32953     0.670588
32954     0.592157
32955     0.588235
32956     0.419608
32957     0.215686
32958     0.215686
32959     0.243137
32960     0.188235
32961     0.156863
32962     0.094118
32963     0.152941
32964     0.180392
32965     0.192157
32966     0.168627
32967     0.145098
32968     0.141176
32969     0.133333
32970     0.125490
32971     0.117647
32972     0.129412
32973     0.149020
32974     0.160784
32975     0.160784
32976     0.156863
32977     0.156863
32978     0.156863
32979     0.152941
32980     0.145098
32981     0.149020
32982     0.168627
32983     0.172549
32984     0.164706
32985     0.156863
32986     0.164706
32987     0.156863
32988     0.160784
32989     0.160784
32990     0.156863
32991     0.149020
32992     0.145098
32993     0.152941
32994     0.160784
32995     0.164706
32996     0.145098
32997     0.133333
32998     0.149020
32999     0.152941
33000     0.149020
33001     0.149020
33002     0.160784
33003     0.156863
33004     0.160784
33005     0.164706
33006     0.168627
33007     0.172549
33008     0.172549
33009     0.172549
33010     0.172549
33011     0.184314
33012     0.184314
33013     0.184314
33014     0.176471
33015     0.168627
33016     0.160784
33017     0.160784
33018     0.160784
33019     0.168627
33020     0.176471
33021     0.176471
33022     0.164706
33023     0.149020
33024     0.145098
33025     0.164706
33026     0.184314
33027     0.168627
33028     0.137255
33029     0.133333
33030     0.168627
33031     0.196078
33032     0.188235
33033     0.164706
33034     0.152941
33035     0.164706
33036     0.164706
33037     0.156863
33038     0.141176
33039     0.133333
33040     0.129412
33041     0.121569
33042     0.109804
33043     0.149020
33044     0.141176
33045     0.184314
33046     0.156863
33047     0.176471
33048     0.180392
33049     0.098039
33050     0.141176
33051     0.156863
33052     0.145098
33053     0.137255
33054     0.156863
33055     0.192157
33056     0.227451
33057     0.250980
33058     0.254902
33059     0.243137
33060     0.223529
33061     0.223529
33062     0.250980
33063     0.258824
33064     0.239216
33065     0.215686
33066     0.207843
33067     0.203922
33068     0.215686
33069     0.203922
33070     0.188235
33071     0.211765
33072     0.258824
33073     0.282353
33074     0.270588
33075     0.349020
33076     0.384314
33077     0.435294
33078     0.474510
33079     0.501961
33080     0.529412
33081     0.560784
33082     0.584314
33083     0.631373
33084     0.694118
33085     0.780392
33086     0.843137
33087     0.870588
33088     0.874510
33089     0.886275
33090     0.894118
33091     0.921569
33092     0.917647
33093     0.913725
33094     0.905882
33095     0.898039
33096     0.894118
33097     0.890196
33098     0.886275
33099     0.894118
33100     0.909804
33101     0.937255
33102     0.956863
33103     0.960784
33104     0.949020
33105     0.925490
33106     0.909804
33107     0.886275
33108     0.874510
33109     0.862745
33110     0.854902
33111     0.854902
33112     0.854902
33113     0.847059
33114     0.843137
33115     0.827451
33116     0.807843
33117     0.780392
33118     0.752941
33119     0.737255
33120     0.737255
33121     0.741176
33122     0.749020
33123     0.749020
33124     0.768627
33125     0.796078
33126     0.807843
33127     0.807843
33128     0.811765
33129     0.819608
33130     0.827451
33131     0.831373
33132     0.839216
33133     0.847059
33134     0.839216
33135     0.819608
33136     0.803922
33137     0.796078
33138     0.796078
33139     0.823529
33140     0.827451
33141     0.831373
33142     0.647059
33143     0.647059
33144     0.650980
33145     0.650980
33146     0.647059
33147     0.647059
33148     0.647059
33149     0.647059
33150     0.662745
33151     0.666667
33152     0.670588
33153     0.678431
33154     0.690196
33155     0.705882
33156     0.717647
33157     0.725490
33158     0.741176
33159     0.733333
33160     0.717647
33161     0.705882
33162     0.701961
33163     0.709804
33164     0.717647
33165     0.725490
33166     0.752941
33167     0.780392
33168     0.800000
33169     0.807843
33170     0.811765
33171     0.819608
33172     0.803922
33173     0.784314
33174     0.741176
33175     0.733333
33176     0.713726
33177     0.690196
33178     0.694118
33179     0.709804
33180     0.705882
33181     0.690196
33182     0.756863
33183     0.576471
33184     0.337255
33185     0.294118
33186     0.290196
33187     0.231373
33188     0.188235
33189     0.117647
33190     0.105882
33191     0.152941
33192     0.188235
33193     0.180392
33194     0.152941
33195     0.137255
33196     0.141176
33197     0.145098
33198     0.117647
33199     0.133333
33200     0.156863
33201     0.168627
33202     0.168627
33203     0.164706
33204     0.164706
33205     0.164706
33206     0.145098
33207     0.141176
33208     0.149020
33209     0.168627
33210     0.172549
33211     0.156863
33212     0.152941
33213     0.160784
33214     0.176471
33215     0.180392
33216     0.180392
33217     0.172549
33218     0.164706
33219     0.160784
33220     0.168627
33221     0.176471
33222     0.164706
33223     0.141176
33224     0.129412
33225     0.141176
33226     0.149020
33227     0.145098
33228     0.152941
33229     0.164706
33230     0.168627
33231     0.164706
33232     0.160784
33233     0.156863
33234     0.152941
33235     0.152941
33236     0.152941
33237     0.152941
33238     0.188235
33239     0.184314
33240     0.176471
33241     0.172549
33242     0.172549
33243     0.172549
33244     0.164706
33245     0.156863
33246     0.156863
33247     0.164706
33248     0.172549
33249     0.164706
33250     0.152941
33251     0.145098
33252     0.152941
33253     0.164706
33254     0.188235
33255     0.156863
33256     0.149020
33257     0.168627
33258     0.168627
33259     0.141176
33260     0.133333
33261     0.152941
33262     0.141176
33263     0.109804
33264     0.109804
33265     0.176471
33266     0.266667
33267     0.329412
33268     0.349020
33269     0.349020
33270     0.262745
33271     0.282353
33272     0.294118
33273     0.223529
33274     0.184314
33275     0.149020
33276     0.090196
33277     0.141176
33278     0.215686
33279     0.184314
33280     0.156863
33281     0.156863
33282     0.188235
33283     0.219608
33284     0.227451
33285     0.223529
33286     0.211765
33287     0.211765
33288     0.231373
33289     0.262745
33290     0.270588
33291     0.250980
33292     0.223529
33293     0.215686
33294     0.168627
33295     0.188235
33296     0.203922
33297     0.227451
33298     0.298039
33299     0.380392
33300     0.415686
33301     0.403922
33302     0.431373
33303     0.482353
33304     0.529412
33305     0.533333
33306     0.521569
33307     0.541176
33308     0.600000
33309     0.658824
33310     0.674510
33311     0.729412
33312     0.807843
33313     0.862745
33314     0.886275
33315     0.894118
33316     0.901961
33317     0.913725
33318     0.941176
33319     0.937255
33320     0.925490
33321     0.917647
33322     0.909804
33323     0.909804
33324     0.909804
33325     0.909804
33326     0.917647
33327     0.933333
33328     0.952941
33329     0.964706
33330     0.960784
33331     0.941176
33332     0.917647
33333     0.898039
33334     0.882353
33335     0.874510
33336     0.866667
33337     0.858824
33338     0.854902
33339     0.847059
33340     0.835294
33341     0.823529
33342     0.788235
33343     0.772549
33344     0.752941
33345     0.733333
33346     0.725490
33347     0.725490
33348     0.733333
33349     0.741176
33350     0.737255
33351     0.764706
33352     0.796078
33353     0.807843
33354     0.803922
33355     0.803922
33356     0.815686
33357     0.831373
33358     0.827451
33359     0.835294
33360     0.847059
33361     0.843137
33362     0.835294
33363     0.819608
33364     0.815686
33365     0.811765
33366     0.831373
33367     0.831373
33368     0.831373
33369     0.654902
33370     0.650980
33371     0.643137
33372     0.639216
33373     0.635294
33374     0.639216
33375     0.643137
33376     0.647059
33377     0.666667
33378     0.670588
33379     0.674510
33380     0.678431
33381     0.686275
33382     0.694118
33383     0.701961
33384     0.705882
33385     0.709804
33386     0.701961
33387     0.686275
33388     0.674510
33389     0.678431
33390     0.694118
33391     0.713726
33392     0.729412
33393     0.760784
33394     0.780392
33395     0.792157
33396     0.788235
33397     0.788235
33398     0.788235
33399     0.772549
33400     0.752941
33401     0.725490
33402     0.717647
33403     0.721569
33404     0.733333
33405     0.725490
33406     0.698039
33407     0.678431
33408     0.674510
33409     0.698039
33410     0.658824
33411     0.545098
33412     0.478431
33413     0.372549
33414     0.243137
33415     0.227451
33416     0.203922
33417     0.149020
33418     0.160784
33419     0.168627
33420     0.168627
33421     0.172549
33422     0.176471
33423     0.176471
33424     0.172549
33425     0.141176
33426     0.156863
33427     0.172549
33428     0.180392
33429     0.176471
33430     0.172549
33431     0.168627
33432     0.168627
33433     0.152941
33434     0.152941
33435     0.168627
33436     0.188235
33437     0.188235
33438     0.168627
33439     0.164706
33440     0.176471
33441     0.200000
33442     0.200000
33443     0.200000
33444     0.196078
33445     0.184314
33446     0.184314
33447     0.188235
33448     0.196078
33449     0.164706
33450     0.141176
33451     0.129412
33452     0.141176
33453     0.149020
33454     0.145098
33455     0.152941
33456     0.164706
33457     0.164706
33458     0.160784
33459     0.152941
33460     0.145098
33461     0.141176
33462     0.141176
33463     0.145098
33464     0.145098
33465     0.180392
33466     0.168627
33467     0.156863
33468     0.164706
33469     0.176471
33470     0.180392
33471     0.168627
33472     0.160784
33473     0.152941
33474     0.160784
33475     0.172549
33476     0.172549
33477     0.164706
33478     0.152941
33479     0.152941
33480     0.156863
33481     0.164706
33482     0.196078
33483     0.203922
33484     0.168627
33485     0.117647
33486     0.105882
33487     0.133333
33488     0.164706
33489     0.149020
33490     0.082353
33491     0.066667
33492     0.164706
33493     0.305882
33494     0.396078
33495     0.411765
33496     0.403922
33497     0.450980
33498     0.482353
33499     0.494118
33500     0.450980
33501     0.356863
33502     0.235294
33503     0.184314
33504     0.254902
33505     0.250980
33506     0.207843
33507     0.164706
33508     0.156863
33509     0.172549
33510     0.184314
33511     0.168627
33512     0.145098
33513     0.207843
33514     0.215686
33515     0.223529
33516     0.223529
33517     0.211765
33518     0.207843
33519     0.227451
33520     0.250980
33521     0.247059
33522     0.239216
33523     0.274510
33524     0.360784
33525     0.443137
33526     0.482353
33527     0.494118
33528     0.498039
33529     0.482353
33530     0.552941
33531     0.627451
33532     0.650980
33533     0.639216
33534     0.643137
33535     0.686275
33536     0.733333
33537     0.772549
33538     0.807843
33539     0.858824
33540     0.890196
33541     0.905882
33542     0.913725
33543     0.929412
33544     0.941176
33545     0.960784
33546     0.952941
33547     0.941176
33548     0.933333
33549     0.925490
33550     0.925490
33551     0.933333
33552     0.937255
33553     0.937255
33554     0.945098
33555     0.949020
33556     0.949020
33557     0.937255
33558     0.921569
33559     0.901961
33560     0.890196
33561     0.882353
33562     0.878431
33563     0.874510
33564     0.870588
33565     0.866667
33566     0.854902
33567     0.835294
33568     0.819608
33569     0.780392
33570     0.772549
33571     0.756863
33572     0.745098
33573     0.737255
33574     0.737255
33575     0.741176
33576     0.745098
33577     0.756863
33578     0.780392
33579     0.800000
33580     0.800000
33581     0.784314
33582     0.784314
33583     0.803922
33584     0.823529
33585     0.835294
33586     0.839216
33587     0.843137
33588     0.839216
33589     0.831373
33590     0.815686
33591     0.803922
33592     0.796078
33593     0.811765
33594     0.807843
33595     0.800000
33596     0.654902
33597     0.647059
33598     0.635294
33599     0.627451
33600     0.627451
33601     0.635294
33602     0.643137
33603     0.650980
33604     0.666667
33605     0.670588
33606     0.674510
33607     0.678431
33608     0.682353
33609     0.682353
33610     0.686275
33611     0.686275
33612     0.686275
33613     0.674510
33614     0.658824
33615     0.650980
33616     0.658824
33617     0.678431
33618     0.705882
33619     0.721569
33620     0.772549
33621     0.784314
33622     0.784314
33623     0.764706
33624     0.752941
33625     0.749020
33626     0.729412
33627     0.705882
33628     0.701961
33629     0.690196
33630     0.701961
33631     0.741176
33632     0.756863
33633     0.733333
33634     0.705882
33635     0.701961
33636     0.682353
33637     0.713726
33638     0.666667
33639     0.611765
33640     0.482353
33641     0.321569
33642     0.266667
33643     0.207843
33644     0.247059
33645     0.192157
33646     0.145098
33647     0.152941
33648     0.192157
33649     0.219608
33650     0.211765
33651     0.196078
33652     0.160784
33653     0.168627
33654     0.180392
33655     0.176471
33656     0.168627
33657     0.156863
33658     0.152941
33659     0.152941
33660     0.164706
33661     0.168627
33662     0.184314
33663     0.200000
33664     0.196078
33665     0.176471
33666     0.176471
33667     0.192157
33668     0.207843
33669     0.211765
33670     0.211765
33671     0.203922
33672     0.192157
33673     0.188235
33674     0.192157
33675     0.200000
33676     0.172549
33677     0.152941
33678     0.141176
33679     0.149020
33680     0.156863
33681     0.149020
33682     0.152941
33683     0.164706
33684     0.152941
33685     0.149020
33686     0.141176
33687     0.141176
33688     0.141176
33689     0.145098
33690     0.149020
33691     0.152941
33692     0.156863
33693     0.145098
33694     0.141176
33695     0.152941
33696     0.168627
33697     0.180392
33698     0.172549
33699     0.164706
33700     0.156863
33701     0.168627
33702     0.180392
33703     0.184314
33704     0.176471
33705     0.168627
33706     0.156863
33707     0.152941
33708     0.109804
33709     0.184314
33710     0.207843
33711     0.149020
33712     0.113725
33713     0.141176
33714     0.149020
33715     0.125490
33716     0.098039
33717     0.125490
33718     0.207843
33719     0.329412
33720     0.439216
33721     0.490196
33722     0.498039
33723     0.498039
33724     0.627451
33725     0.600000
33726     0.576471
33727     0.611765
33728     0.572549
33729     0.407843
33730     0.337255
33731     0.388235
33732     0.317647
33733     0.286275
33734     0.254902
33735     0.258824
33736     0.282353
33737     0.290196
33738     0.266667
33739     0.235294
33740     0.278431
33741     0.282353
33742     0.262745
33743     0.219608
33744     0.200000
33745     0.243137
33746     0.329412
33747     0.400000
33748     0.439216
33749     0.396078
33750     0.443137
33751     0.576471
33752     0.639216
33753     0.596078
33754     0.568627
33755     0.596078
33756     0.654902
33757     0.709804
33758     0.780392
33759     0.815686
33760     0.819608
33761     0.815686
33762     0.823529
33763     0.835294
33764     0.929412
33765     0.937255
33766     0.945098
33767     0.941176
33768     0.933333
33769     0.929412
33770     0.941176
33771     0.952941
33772     0.972549
33773     0.968627
33774     0.956863
33775     0.945098
33776     0.941176
33777     0.945098
33778     0.949020
33779     0.952941
33780     0.945098
33781     0.941176
33782     0.929412
33783     0.917647
33784     0.905882
33785     0.898039
33786     0.890196
33787     0.886275
33788     0.886275
33789     0.882353
33790     0.882353
33791     0.878431
33792     0.874510
33793     0.862745
33794     0.839216
33795     0.823529
33796     0.788235
33797     0.780392
33798     0.772549
33799     0.760784
33800     0.756863
33801     0.752941
33802     0.756863
33803     0.756863
33804     0.776471
33805     0.788235
33806     0.792157
33807     0.780392
33808     0.772549
33809     0.776471
33810     0.803922
33811     0.827451
33812     0.847059
33813     0.839216
33814     0.827451
33815     0.815686
33816     0.800000
33817     0.784314
33818     0.764706
33819     0.756863
33820     0.776471
33821     0.772549
33822     0.764706
33823     0.639216
33824     0.631373
33825     0.623529
33826     0.615686
33827     0.619608
33828     0.627451
33829     0.639216
33830     0.647059
33831     0.662745
33832     0.666667
33833     0.670588
33834     0.674510
33835     0.674510
33836     0.674510
33837     0.674510
33838     0.670588
33839     0.674510
33840     0.662745
33841     0.650980
33842     0.643137
33843     0.650980
33844     0.670588
33845     0.694118
33846     0.709804
33847     0.764706
33848     0.772549
33849     0.764706
33850     0.737255
33851     0.721569
33852     0.713726
33853     0.698039
33854     0.674510
33855     0.709804
33856     0.690196
33857     0.682353
33858     0.705882
33859     0.729412
33860     0.733333
33861     0.729412
33862     0.721569
33863     0.733333
33864     0.717647
33865     0.631373
33866     0.623529
33867     0.596078
33868     0.490196
33869     0.384314
33870     0.239216
33871     0.235294
33872     0.160784
33873     0.094118
33874     0.105882
33875     0.160784
33876     0.200000
33877     0.203922
33878     0.192157
33879     0.164706
33880     0.168627
33881     0.164706
33882     0.156863
33883     0.141176
33884     0.133333
33885     0.133333
33886     0.137255
33887     0.168627
33888     0.172549
33889     0.184314
33890     0.196078
33891     0.188235
33892     0.172549
33893     0.180392
33894     0.203922
33895     0.207843
33896     0.211765
33897     0.211765
33898     0.200000
33899     0.192157
33900     0.184314
33901     0.188235
33902     0.196078
33903     0.188235
33904     0.168627
33905     0.156863
33906     0.168627
33907     0.172549
33908     0.160784
33909     0.156863
33910     0.160784
33911     0.137255
33912     0.137255
33913     0.137255
33914     0.141176
33915     0.149020
33916     0.156863
33917     0.160784
33918     0.164706
33919     0.141176
33920     0.141176
33921     0.141176
33922     0.149020
33923     0.160784
33924     0.168627
33925     0.172549
33926     0.168627
33927     0.164706
33928     0.172549
33929     0.180392
33930     0.188235
33931     0.184314
33932     0.176471
33933     0.164706
33934     0.156863
33935     0.141176
33936     0.176471
33937     0.172549
33938     0.129412
33939     0.133333
33940     0.164706
33941     0.133333
33942     0.062745
33943     0.043137
33944     0.235294
33945     0.470588
33946     0.627451
33947     0.694118
33948     0.729412
33949     0.760784
33950     0.784314
33951     0.807843
33952     0.678431
33953     0.517647
33954     0.552941
33955     0.584314
33956     0.486275
33957     0.458824
33958     0.478431
33959     0.423529
33960     0.400000
33961     0.384314
33962     0.392157
33963     0.411765
33964     0.415686
33965     0.392157
33966     0.368627
33967     0.345098
33968     0.384314
33969     0.419608
33970     0.431373
33971     0.450980
33972     0.505882
33973     0.568627
33974     0.611765
33975     0.568627
33976     0.537255
33977     0.607843
33978     0.768627
33979     0.850980
33980     0.819608
33981     0.811765
33982     0.858824
33983     0.901961
33984     0.913725
33985     0.933333
33986     0.949020
33987     0.956863
33988     0.956863
33989     0.949020
33990     0.941176
33991     0.980392
33992     0.976471
33993     0.964706
33994     0.952941
33995     0.945098
33996     0.945098
33997     0.960784
33998     0.972549
33999     0.972549
34000     0.972549
34001     0.964706
34002     0.956863
34003     0.952941
34004     0.952941
34005     0.956863
34006     0.956863
34007     0.937255
34008     0.929412
34009     0.917647
34010     0.905882
34011     0.898039
34012     0.890196
34013     0.890196
34014     0.890196
34015     0.890196
34016     0.886275
34017     0.878431
34018     0.874510
34019     0.866667
34020     0.850980
34021     0.827451
34022     0.811765
34023     0.788235
34024     0.784314
34025     0.780392
34026     0.772549
34027     0.768627
34028     0.768627
34029     0.768627
34030     0.768627
34031     0.807843
34032     0.803922
34033     0.800000
34034     0.796078
34035     0.800000
34036     0.815686
34037     0.839216
34038     0.854902
34039     0.831373
34040     0.815686
34041     0.792157
34042     0.772549
34043     0.756863
34044     0.741176
34045     0.725490
34046     0.717647
34047     0.745098
34048     0.745098
34049     0.741176
34050     0.627451
34051     0.619608
34052     0.615686
34053     0.611765
34054     0.619608
34055     0.627451
34056     0.639216
34057     0.650980
34058     0.666667
34059     0.670588
34060     0.678431
34061     0.682353
34062     0.682353
34063     0.682353
34064     0.678431
34065     0.674510
34066     0.666667
34067     0.658824
34068     0.647059
34069     0.643137
34070     0.647059
34071     0.662745
34072     0.682353
34073     0.698039
34074     0.721569
34075     0.729412
34076     0.721569
34077     0.698039
34078     0.686275
34079     0.682353
34080     0.674510
34081     0.654902
34082     0.690196
34083     0.686275
34084     0.678431
34085     0.674510
34086     0.690196
34087     0.713726
34088     0.721569
34089     0.713726
34090     0.721569
34091     0.701961
34092     0.615686
34093     0.627451
34094     0.654902
34095     0.611765
34096     0.529412
34097     0.384314
34098     0.270588
34099     0.219608
34100     0.168627
34101     0.156863
34102     0.156863
34103     0.149020
34104     0.149020
34105     0.160784
34106     0.164706
34107     0.160784
34108     0.152941
34109     0.137255
34110     0.125490
34111     0.121569
34112     0.129412
34113     0.141176
34114     0.180392
34115     0.180392
34116     0.188235
34117     0.196078
34118     0.184314
34119     0.172549
34120     0.188235
34121     0.219608
34122     0.219608
34123     0.223529
34124     0.219608
34125     0.211765
34126     0.200000
34127     0.196078
34128     0.196078
34129     0.203922
34130     0.200000
34131     0.184314
34132     0.176471
34133     0.188235
34134     0.188235
34135     0.172549
34136     0.156863
34137     0.156863
34138     0.129412
34139     0.137255
34140     0.145098
34141     0.152941
34142     0.160784
34143     0.164706
34144     0.168627
34145     0.172549
34146     0.145098
34147     0.149020
34148     0.156863
34149     0.156863
34150     0.156863
34151     0.156863
34152     0.164706
34153     0.168627
34154     0.168627
34155     0.172549
34156     0.180392
34157     0.184314
34158     0.188235
34159     0.180392
34160     0.168627
34161     0.156863
34162     0.200000
34163     0.176471
34164     0.141176
34165     0.113725
34166     0.105882
34167     0.117647
34168     0.152941
34169     0.184314
34170     0.309804
34171     0.498039
34172     0.690196
34173     0.764706
34174     0.784314
34175     0.819608
34176     0.843137
34177     0.839216
34178     0.886275
34179     0.815686
34180     0.627451
34181     0.607843
34182     0.639216
34183     0.596078
34184     0.611765
34185     0.596078
34186     0.545098
34187     0.533333
34188     0.517647
34189     0.517647
34190     0.529412
34191     0.533333
34192     0.525490
34193     0.513726
34194     0.525490
34195     0.572549
34196     0.631373
34197     0.682353
34198     0.729412
34199     0.764706
34200     0.756863
34201     0.729412
34202     0.658824
34203     0.670588
34204     0.733333
34205     0.843137
34206     0.925490
34207     0.960784
34208     0.988235
34209     0.992157
34210     0.992157
34211     0.988235
34212     0.980392
34213     0.980392
34214     0.984314
34215     0.988235
34216     0.984314
34217     0.980392
34218     0.949020
34219     0.949020
34220     0.949020
34221     0.945098
34222     0.949020
34223     0.956863
34224     0.964706
34225     0.972549
34226     0.972549
34227     0.972549
34228     0.968627
34229     0.964706
34230     0.960784
34231     0.960784
34232     0.956863
34233     0.956863
34234     0.921569
34235     0.921569
34236     0.921569
34237     0.917647
34238     0.913725
34239     0.909804
34240     0.901961
34241     0.898039
34242     0.894118
34243     0.882353
34244     0.870588
34245     0.854902
34246     0.839216
34247     0.819608
34248     0.796078
34249     0.780392
34250     0.776471
34251     0.780392
34252     0.780392
34253     0.784314
34254     0.788235
34255     0.788235
34256     0.788235
34257     0.788235
34258     0.823529
34259     0.815686
34260     0.811765
34261     0.815686
34262     0.827451
34263     0.839216
34264     0.839216
34265     0.835294
34266     0.792157
34267     0.772549
34268     0.741176
34269     0.721569
34270     0.713726
34271     0.709804
34272     0.705882
34273     0.698039
34274     0.717647
34275     0.721569
34276     0.721569
34277     0.623529
34278     0.623529
34279     0.619608
34280     0.619608
34281     0.627451
34282     0.635294
34283     0.650980
34284     0.654902
34285     0.682353
34286     0.686275
34287     0.694118
34288     0.698039
34289     0.698039
34290     0.698039
34291     0.694118
34292     0.690196
34293     0.666667
34294     0.658824
34295     0.650980
34296     0.643137
34297     0.647059
34298     0.662745
34299     0.678431
34300     0.686275
34301     0.674510
34302     0.682353
34303     0.678431
34304     0.662745
34305     0.654902
34306     0.662745
34307     0.658824
34308     0.643137
34309     0.627451
34310     0.658824
34311     0.678431
34312     0.678431
34313     0.694118
34314     0.725490
34315     0.741176
34316     0.729412
34317     0.670588
34318     0.713726
34319     0.678431
34320     0.674510
34321     0.654902
34322     0.615686
34323     0.600000
34324     0.517647
34325     0.431373
34326     0.400000
34327     0.360784
34328     0.298039
34329     0.207843
34330     0.125490
34331     0.101961
34332     0.121569
34333     0.164706
34334     0.160784
34335     0.149020
34336     0.133333
34337     0.121569
34338     0.125490
34339     0.141176
34340     0.156863
34341     0.192157
34342     0.192157
34343     0.196078
34344     0.200000
34345     0.188235
34346     0.176471
34347     0.200000
34348     0.235294
34349     0.235294
34350     0.239216
34351     0.235294
34352     0.227451
34353     0.215686
34354     0.211765
34355     0.211765
34356     0.219608
34357     0.207843
34358     0.192157
34359     0.192157
34360     0.203922
34361     0.200000
34362     0.176471
34363     0.160784
34364     0.156863
34365     0.133333
34366     0.137255
34367     0.149020
34368     0.160784
34369     0.168627
34370     0.172549
34371     0.172549
34372     0.168627
34373     0.152941
34374     0.164706
34375     0.172549
34376     0.168627
34377     0.152941
34378     0.149020
34379     0.156863
34380     0.168627
34381     0.172549
34382     0.172549
34383     0.176471
34384     0.180392
34385     0.184314
34386     0.180392
34387     0.168627
34388     0.156863
34389     0.196078
34390     0.145098
34391     0.113725
34392     0.098039
34393     0.054902
34394     0.066667
34395     0.227451
34396     0.427451
34397     0.686275
34398     0.764706
34399     0.800000
34400     0.772549
34401     0.792157
34402     0.858824
34403     0.870588
34404     0.823529
34405     0.823529
34406     0.937255
34407     0.890196
34408     0.878431
34409     0.862745
34410     0.800000
34411     0.803922
34412     0.741176
34413     0.737255
34414     0.729412
34415     0.721569
34416     0.729412
34417     0.745098
34418     0.760784
34419     0.776471
34420     0.780392
34421     0.796078
34422     0.780392
34423     0.752941
34424     0.749020
34425     0.788235
34426     0.819608
34427     0.792157
34428     0.741176
34429     0.772549
34430     0.807843
34431     0.823529
34432     0.823529
34433     0.858824
34434     0.921569
34435     0.952941
34436     0.945098
34437     0.964706
34438     0.956863
34439     0.949020
34440     0.952941
34441     0.964706
34442     0.972549
34443     0.968627
34444     0.960784
34445     0.968627
34446     0.968627
34447     0.968627
34448     0.964706
34449     0.960784
34450     0.956863
34451     0.956863
34452     0.956863
34453     0.968627
34454     0.968627
34455     0.968627
34456     0.968627
34457     0.968627
34458     0.960784
34459     0.956863
34460     0.952941
34461     0.905882
34462     0.917647
34463     0.929412
34464     0.937255
34465     0.937255
34466     0.925490
34467     0.913725
34468     0.905882
34469     0.898039
34470     0.882353
34471     0.858824
34472     0.839216
34473     0.819608
34474     0.792157
34475     0.768627
34476     0.749020
34477     0.772549
34478     0.776471
34479     0.784314
34480     0.792157
34481     0.800000
34482     0.807843
34483     0.811765
34484     0.811765
34485     0.811765
34486     0.800000
34487     0.792157
34488     0.803922
34489     0.815686
34490     0.811765
34491     0.792157
34492     0.768627
34493     0.760784
34494     0.733333
34495     0.705882
34496     0.690196
34497     0.690196
34498     0.698039
34499     0.698039
34500     0.694118
34501     0.698039
34502     0.701961
34503     0.709804
34504     0.639216
34505     0.627451
34506     0.619608
34507     0.615686
34508     0.623529
34509     0.647059
34510     0.670588
34511     0.690196
34512     0.690196
34513     0.694118
34514     0.701961
34515     0.709804
34516     0.713726
34517     0.709804
34518     0.709804
34519     0.705882
34520     0.678431
34521     0.666667
34522     0.650980
34523     0.647059
34524     0.650980
34525     0.662745
34526     0.666667
34527     0.670588
34528     0.666667
34529     0.658824
34530     0.647059
34531     0.639216
34532     0.635294
34533     0.631373
34534     0.623529
34535     0.619608
34536     0.631373
34537     0.631373
34538     0.635294
34539     0.647059
34540     0.670588
34541     0.690196
34542     0.698039
34543     0.701961
34544     0.674510
34545     0.662745
34546     0.650980
34547     0.639216
34548     0.619608
34549     0.603922
34550     0.619608
34551     0.647059
34552     0.615686
34553     0.560784
34554     0.564706
34555     0.462745
34556     0.250980
34557     0.200000
34558     0.243137
34559     0.192157
34560     0.227451
34561     0.254902
34562     0.258824
34563     0.211765
34564     0.145098
34565     0.125490
34566     0.172549
34567     0.231373
34568     0.239216
34569     0.215686
34570     0.203922
34571     0.215686
34572     0.227451
34573     0.223529
34574     0.219608
34575     0.223529
34576     0.231373
34577     0.215686
34578     0.211765
34579     0.227451
34580     0.235294
34581     0.223529
34582     0.215686
34583     0.219608
34584     0.254902
34585     0.239216
34586     0.219608
34587     0.207843
34588     0.203922
34589     0.200000
34590     0.192157
34591     0.184314
34592     0.164706
34593     0.145098
34594     0.149020
34595     0.172549
34596     0.172549
34597     0.149020
34598     0.141176
34599     0.152941
34600     0.168627
34601     0.192157
34602     0.188235
34603     0.152941
34604     0.129412
34605     0.145098
34606     0.164706
34607     0.168627
34608     0.172549
34609     0.149020
34610     0.137255
34611     0.145098
34612     0.149020
34613     0.156863
34614     0.172549
34615     0.196078
34616     0.192157
34617     0.082353
34618     0.125490
34619     0.160784
34620     0.196078
34621     0.223529
34622     0.305882
34623     0.600000
34624     0.850980
34625     0.835294
34626     0.839216
34627     0.882353
34628     0.941176
34629     0.972549
34630     0.952941
34631     0.921569
34632     0.925490
34633     0.933333
34634     0.933333
34635     0.929412
34636     0.921569
34637     0.917647
34638     0.917647
34639     0.925490
34640     0.905882
34641     0.909804
34642     0.898039
34643     0.874510
34644     0.882353
34645     0.905882
34646     0.905882
34647     0.886275
34648     0.886275
34649     0.909804
34650     0.898039
34651     0.858824
34652     0.847059
34653     0.862745
34654     0.843137
34655     0.800000
34656     0.768627
34657     0.764706
34658     0.772549
34659     0.800000
34660     0.847059
34661     0.898039
34662     0.941176
34663     0.964706
34664     0.964706
34665     0.976471
34666     0.988235
34667     0.992157
34668     0.988235
34669     0.980392
34670     0.972549
34671     0.964706
34672     0.980392
34673     0.972549
34674     0.956863
34675     0.949020
34676     0.952941
34677     0.960784
34678     0.964706
34679     0.964706
34680     0.960784
34681     0.968627
34682     0.972549
34683     0.960784
34684     0.937255
34685     0.909804
34686     0.886275
34687     0.878431
34688     0.886275
34689     0.890196
34690     0.901961
34691     0.917647
34692     0.925490
34693     0.921569
34694     0.909804
34695     0.894118
34696     0.890196
34697     0.878431
34698     0.858824
34699     0.823529
34700     0.788235
34701     0.764706
34702     0.752941
34703     0.749020
34704     0.760784
34705     0.772549
34706     0.792157
34707     0.811765
34708     0.823529
34709     0.827451
34710     0.827451
34711     0.827451
34712     0.803922
34713     0.803922
34714     0.800000
34715     0.796078
34716     0.784314
34717     0.768627
34718     0.741176
34719     0.721569
34720     0.694118
34721     0.686275
34722     0.678431
34723     0.670588
34724     0.670588
34725     0.674510
34726     0.678431
34727     0.686275
34728     0.678431
34729     0.682353
34730     0.686275
34731     0.639216
34732     0.631373
34733     0.623529
34734     0.623529
34735     0.635294
34736     0.658824
34737     0.682353
34738     0.698039
34739     0.698039
34740     0.701961
34741     0.709804
34742     0.717647
34743     0.721569
34744     0.721569
34745     0.721569
34746     0.717647
34747     0.682353
34748     0.670588
34749     0.654902
34750     0.647059
34751     0.650980
34752     0.658824
34753     0.662745
34754     0.662745
34755     0.654902
34756     0.647059
34757     0.639216
34758     0.631373
34759     0.631373
34760     0.627451
34761     0.627451
34762     0.623529
34763     0.635294
34764     0.635294
34765     0.635294
34766     0.650980
34767     0.666667
34768     0.686275
34769     0.694118
34770     0.694118
34771     0.650980
34772     0.639216
34773     0.635294
34774     0.631373
34775     0.619608
34776     0.619608
34777     0.647059
34778     0.682353
34779     0.623529
34780     0.576471
34781     0.584314
34782     0.513726
34783     0.356863
34784     0.349020
34785     0.411765
34786     0.380392
34787     0.403922
34788     0.423529
34789     0.415686
34790     0.356863
34791     0.266667
34792     0.207843
34793     0.203922
34794     0.223529
34795     0.227451
34796     0.207843
34797     0.203922
34798     0.215686
34799     0.219608
34800     0.207843
34801     0.203922
34802     0.211765
34803     0.196078
34804     0.207843
34805     0.231373
34806     0.243137
34807     0.223529
34808     0.207843
34809     0.223529
34810     0.254902
34811     0.254902
34812     0.231373
34813     0.211765
34814     0.223529
34815     0.250980
34816     0.254902
34817     0.231373
34818     0.203922
34819     0.164706
34820     0.129412
34821     0.133333
34822     0.180392
34823     0.188235
34824     0.141176
34825     0.117647
34826     0.133333
34827     0.188235
34828     0.200000
34829     0.192157
34830     0.156863
34831     0.133333
34832     0.141176
34833     0.149020
34834     0.145098
34835     0.196078
34836     0.160784
34837     0.149020
34838     0.184314
34839     0.219608
34840     0.215686
34841     0.176471
34842     0.145098
34843     0.109804
34844     0.070588
34845     0.164706
34846     0.364706
34847     0.552941
34848     0.603922
34849     0.615686
34850     0.741176
34851     0.847059
34852     0.850980
34853     0.870588
34854     0.905882
34855     0.941176
34856     0.964706
34857     0.964706
34858     0.956863
34859     0.964706
34860     0.968627
34861     0.968627
34862     0.964706
34863     0.952941
34864     0.949020
34865     0.949020
34866     0.952941
34867     0.952941
34868     0.968627
34869     0.960784
34870     0.929412
34871     0.909804
34872     0.917647
34873     0.925490
34874     0.917647
34875     0.905882
34876     0.913725
34877     0.894118
34878     0.854902
34879     0.850980
34880     0.866667
34881     0.850980
34882     0.811765
34883     0.788235
34884     0.780392
34885     0.776471
34886     0.788235
34887     0.819608
34888     0.854902
34889     0.886275
34890     0.901961
34891     0.913725
34892     0.929412
34893     0.949020
34894     0.956863
34895     0.949020
34896     0.941176
34897     0.933333
34898     0.929412
34899     0.933333
34900     0.921569
34901     0.913725
34902     0.913725
34903     0.929412
34904     0.945098
34905     0.952941
34906     0.956863
34907     0.960784
34908     0.952941
34909     0.933333
34910     0.901961
34911     0.866667
34912     0.835294
34913     0.819608
34914     0.811765
34915     0.827451
34916     0.843137
34917     0.866667
34918     0.890196
34919     0.901961
34920     0.901961
34921     0.894118
34922     0.890196
34923     0.878431
34924     0.858824
34925     0.831373
34926     0.800000
34927     0.776471
34928     0.756863
34929     0.745098
34930     0.737255
34931     0.752941
34932     0.764706
34933     0.784314
34934     0.800000
34935     0.811765
34936     0.811765
34937     0.807843
34938     0.803922
34939     0.784314
34940     0.780392
34941     0.772549
34942     0.764706
34943     0.756863
34944     0.741176
34945     0.717647
34946     0.701961
34947     0.678431
34948     0.674510
34949     0.666667
34950     0.658824
34951     0.658824
34952     0.662745
34953     0.670588
34954     0.674510
34955     0.658824
34956     0.658824
34957     0.658824
34958     0.643137
34959     0.639216
34960     0.635294
34961     0.639216
34962     0.650980
34963     0.674510
34964     0.698039
34965     0.713726
34966     0.701961
34967     0.705882
34968     0.713726
34969     0.721569
34970     0.725490
34971     0.721569
34972     0.721569
34973     0.717647
34974     0.686275
34975     0.674510
34976     0.658824
34977     0.650980
34978     0.650980
34979     0.654902
34980     0.658824
34981     0.654902
34982     0.650980
34983     0.647059
34984     0.639216
34985     0.631373
34986     0.627451
34987     0.627451
34988     0.627451
34989     0.631373
34990     0.643137
34991     0.639216
34992     0.639216
34993     0.647059
34994     0.662745
34995     0.674510
34996     0.682353
34997     0.682353
34998     0.639216
34999     0.627451
35000     0.619608
35001     0.619608
35002     0.615686
35003     0.619608
35004     0.654902
35005     0.694118
35006     0.686275
35007     0.658824
35008     0.678431
35009     0.635294
35010     0.529412
35011     0.529412
35012     0.572549
35013     0.537255
35014     0.537255
35015     0.556863
35016     0.560784
35017     0.521569
35018     0.454902
35019     0.392157
35020     0.360784
35021     0.352941
35022     0.376471
35023     0.337255
35024     0.298039
35025     0.278431
35026     0.258824
35027     0.231373
35028     0.223529
35029     0.227451
35030     0.207843
35031     0.207843
35032     0.223529
35033     0.247059
35034     0.247059
35035     0.239216
35036     0.243137
35037     0.258824
35038     0.235294
35039     0.203922
35040     0.188235
35041     0.215686
35042     0.262745
35043     0.274510
35044     0.227451
35045     0.176471
35046     0.137255
35047     0.117647
35048     0.141176
35049     0.207843
35050     0.223529
35051     0.184314
35052     0.152941
35053     0.160784
35054     0.211765
35055     0.227451
35056     0.231373
35057     0.207843
35058     0.188235
35059     0.184314
35060     0.188235
35061     0.188235
35062     0.196078
35063     0.168627
35064     0.156863
35065     0.188235
35066     0.219608
35067     0.227451
35068     0.219608
35069     0.215686
35070     0.192157
35071     0.231373
35072     0.309804
35073     0.556863
35074     0.776471
35075     0.803922
35076     0.788235
35077     0.776471
35078     0.843137
35079     0.870588
35080     0.905882
35081     0.929412
35082     0.937255
35083     0.945098
35084     0.964706
35085     0.984314
35086     0.968627
35087     0.972549
35088     0.972549
35089     0.968627
35090     0.956863
35091     0.952941
35092     0.956863
35093     0.960784
35094     0.976471
35095     0.992157
35096     0.992157
35097     0.972549
35098     0.937255
35099     0.929412
35100     0.937255
35101     0.945098
35102     0.921569
35103     0.917647
35104     0.886275
35105     0.850980
35106     0.850980
35107     0.870588
35108     0.850980
35109     0.811765
35110     0.776471
35111     0.764706
35112     0.756863
35113     0.756863
35114     0.772549
35115     0.796078
35116     0.811765
35117     0.819608
35118     0.839216
35119     0.858824
35120     0.878431
35121     0.890196
35122     0.890196
35123     0.882353
35124     0.874510
35125     0.874510
35126     0.858824
35127     0.850980
35128     0.850980
35129     0.858824
35130     0.878431
35131     0.901961
35132     0.913725
35133     0.921569
35134     0.929412
35135     0.909804
35136     0.874510
35137     0.827451
35138     0.780392
35139     0.756863
35140     0.749020
35141     0.752941
35142     0.780392
35143     0.807843
35144     0.847059
35145     0.870588
35146     0.874510
35147     0.874510
35148     0.874510
35149     0.878431
35150     0.862745
35151     0.835294
35152     0.796078
35153     0.772549
35154     0.756863
35155     0.749020
35156     0.737255
35157     0.725490
35158     0.745098
35159     0.756863
35160     0.776471
35161     0.788235
35162     0.796078
35163     0.788235
35164     0.780392
35165     0.772549
35166     0.756863
35167     0.745098
35168     0.733333
35169     0.721569
35170     0.713726
35171     0.701961
35172     0.686275
35173     0.674510
35174     0.654902
35175     0.654902
35176     0.647059
35177     0.643137
35178     0.647059
35179     0.650980
35180     0.654902
35181     0.658824
35182     0.639216
35183     0.635294
35184     0.631373
35185     0.647059
35186     0.647059
35187     0.647059
35188     0.654902
35189     0.666667
35190     0.686275
35191     0.709804
35192     0.721569
35193     0.709804
35194     0.713726
35195     0.717647
35196     0.717647
35197     0.717647
35198     0.709804
35199     0.701961
35200     0.698039
35201     0.686275
35202     0.674510
35203     0.662745
35204     0.654902
35205     0.654902
35206     0.658824
35207     0.658824
35208     0.654902
35209     0.658824
35210     0.654902
35211     0.647059
35212     0.635294
35213     0.623529
35214     0.619608
35215     0.627451
35216     0.631373
35217     0.647059
35218     0.643137
35219     0.639216
35220     0.643137
35221     0.654902
35222     0.662745
35223     0.666667
35224     0.662745
35225     0.643137
35226     0.627451
35227     0.615686
35228     0.607843
35229     0.596078
35230     0.600000
35231     0.635294
35232     0.674510
35233     0.721569
35234     0.725490
35235     0.764706
35236     0.760784
35237     0.701961
35238     0.694118
35239     0.690196
35240     0.635294
35241     0.615686
35242     0.627451
35243     0.639216
35244     0.631373
35245     0.600000
35246     0.568627
35247     0.545098
35248     0.537255
35249     0.494118
35250     0.423529
35251     0.341176
35252     0.294118
35253     0.266667
35254     0.243137
35255     0.227451
35256     0.227451
35257     0.270588
35258     0.219608
35259     0.196078
35260     0.239216
35261     0.294118
35262     0.305882
35263     0.270588
35264     0.239216
35265     0.211765
35266     0.192157
35267     0.188235
35268     0.219608
35269     0.250980
35270     0.247059
35271     0.192157
35272     0.137255
35273     0.149020
35274     0.196078
35275     0.239216
35276     0.250980
35277     0.243137
35278     0.223529
35279     0.188235
35280     0.156863
35281     0.141176
35282     0.176471
35283     0.203922
35284     0.200000
35285     0.172549
35286     0.160784
35287     0.168627
35288     0.180392
35289     0.176471
35290     0.172549
35291     0.168627
35292     0.160784
35293     0.156863
35294     0.192157
35295     0.278431
35296     0.364706
35297     0.549020
35298     0.635294
35299     0.623529
35300     0.745098
35301     0.835294
35302     0.811765
35303     0.854902
35304     0.835294
35305     0.858824
35306     0.886275
35307     0.917647
35308     0.929412
35309     0.925490
35310     0.929412
35311     0.949020
35312     0.968627
35313     0.945098
35314     0.952941
35315     0.956863
35316     0.956863
35317     0.952941
35318     0.949020
35319     0.956863
35320     0.960784
35321     0.964706
35322     0.976471
35323     0.980392
35324     0.964706
35325     0.937255
35326     0.925490
35327     0.929412
35328     0.937255
35329     0.913725
35330     0.905882
35331     0.874510
35332     0.850980
35333     0.850980
35334     0.850980
35335     0.823529
35336     0.780392
35337     0.737255
35338     0.725490
35339     0.717647
35340     0.717647
35341     0.733333
35342     0.749020
35343     0.756863
35344     0.760784
35345     0.776471
35346     0.796078
35347     0.815686
35348     0.831373
35349     0.831373
35350     0.827451
35351     0.823529
35352     0.819608
35353     0.796078
35354     0.792157
35355     0.792157
35356     0.800000
35357     0.819608
35358     0.839216
35359     0.850980
35360     0.850980
35361     0.866667
35362     0.847059
35363     0.807843
35364     0.764706
35365     0.729412
35366     0.709804
35367     0.713726
35368     0.717647
35369     0.745098
35370     0.784314
35371     0.823529
35372     0.843137
35373     0.839216
35374     0.831373
35375     0.831373
35376     0.839216
35377     0.847059
35378     0.811765
35379     0.772549
35380     0.749020
35381     0.752941
35382     0.752941
35383     0.745098
35384     0.733333
35385     0.752941
35386     0.760784
35387     0.772549
35388     0.780392
35389     0.780392
35390     0.768627
35391     0.752941
35392     0.745098
35393     0.725490
35394     0.713726
35395     0.694118
35396     0.682353
35397     0.678431
35398     0.670588
35399     0.662745
35400     0.654902
35401     0.643137
35402     0.643137
35403     0.639216
35404     0.639216
35405     0.639216
35406     0.643137
35407     0.647059
35408     0.650980
35409     0.639216
35410     0.631373
35411     0.619608
35412     0.654902
35413     0.658824
35414     0.658824
35415     0.666667
35416     0.678431
35417     0.694118
35418     0.705882
35419     0.713726
35420     0.725490
35421     0.725490
35422     0.725490
35423     0.721569
35424     0.713726
35425     0.701961
35426     0.690196
35427     0.682353
35428     0.678431
35429     0.670588
35430     0.658824
35431     0.658824
35432     0.662745
35433     0.662745
35434     0.662745
35435     0.658824
35436     0.678431
35437     0.674510
35438     0.662745
35439     0.643137
35440     0.619608
35441     0.611765
35442     0.619608
35443     0.627451
35444     0.643137
35445     0.635294
35446     0.631373
35447     0.635294
35448     0.643137
35449     0.650980
35450     0.650980
35451     0.647059
35452     0.639216
35453     0.623529
35454     0.607843
35455     0.596078
35456     0.584314
35457     0.584314
35458     0.615686
35459     0.654902
35460     0.705882
35461     0.729412
35462     0.772549
35463     0.792157
35464     0.784314
35465     0.792157
35466     0.784314
35467     0.745098
35468     0.725490
35469     0.717647
35470     0.701961
35471     0.682353
35472     0.658824
35473     0.639216
35474     0.623529
35475     0.615686
35476     0.552941
35477     0.486275
35478     0.419608
35479     0.388235
35480     0.368627
35481     0.333333
35482     0.298039
35483     0.274510
35484     0.270588
35485     0.223529
35486     0.196078
35487     0.227451
35488     0.274510
35489     0.282353
35490     0.250980
35491     0.223529
35492     0.215686
35493     0.223529
35494     0.239216
35495     0.258824
35496     0.262745
35497     0.243137
35498     0.200000
35499     0.168627
35500     0.223529
35501     0.337255
35502     0.384314
35503     0.309804
35504     0.250980
35505     0.243137
35506     0.200000
35507     0.117647
35508     0.137255
35509     0.172549
35510     0.207843
35511     0.203922
35512     0.164706
35513     0.133333
35514     0.141176
35515     0.164706
35516     0.164706
35517     0.184314
35518     0.215686
35519     0.243137
35520     0.266667
35521     0.317647
35522     0.415686
35523     0.505882
35524     0.768627
35525     0.870588
35526     0.811765
35527     0.823529
35528     0.827451
35529     0.796078
35530     0.878431
35531     0.886275
35532     0.882353
35533     0.894118
35534     0.905882
35535     0.913725
35536     0.913725
35537     0.913725
35538     0.917647
35539     0.921569
35540     0.925490
35541     0.933333
35542     0.941176
35543     0.945098
35544     0.949020
35545     0.952941
35546     0.960784
35547     0.968627
35548     0.952941
35549     0.945098
35550     0.941176
35551     0.937255
35552     0.929412
35553     0.913725
35554     0.898039
35555     0.890196
35556     0.878431
35557     0.874510
35558     0.858824
35559     0.843137
35560     0.835294
35561     0.815686
35562     0.772549
35563     0.729412
35564     0.717647
35565     0.709804
35566     0.701961
35567     0.701961
35568     0.713726
35569     0.721569
35570     0.725490
35571     0.725490
35572     0.737255
35573     0.752941
35574     0.776471
35575     0.788235
35576     0.788235
35577     0.780392
35578     0.776471
35579     0.776471
35580     0.760784
35581     0.752941
35582     0.749020
35583     0.752941
35584     0.764706
35585     0.772549
35586     0.776471
35587     0.776471
35588     0.792157
35589     0.780392
35590     0.756863
35591     0.721569
35592     0.690196
35593     0.678431
35594     0.678431
35595     0.686275
35596     0.709804
35597     0.745098
35598     0.788235
35599     0.803922
35600     0.800000
35601     0.792157
35602     0.796078
35603     0.807843
35604     0.823529
35605     0.792157
35606     0.756863
35607     0.741176
35608     0.752941
35609     0.760784
35610     0.756863
35611     0.749020
35612     0.760784
35613     0.764706
35614     0.768627
35615     0.768627
35616     0.756863
35617     0.745098
35618     0.729412
35619     0.721569
35620     0.701961
35621     0.686275
35622     0.670588
35623     0.658824
35624     0.658824
35625     0.654902
35626     0.650980
35627     0.647059
35628     0.643137
35629     0.643137
35630     0.639216
35631     0.639216
35632     0.639216
35633     0.643137
35634     0.643137
35635     0.643137
35636     0.631373
35637     0.623529
35638     0.611765
35639     0.666667
35640     0.666667
35641     0.670588
35642     0.674510
35643     0.678431
35644     0.686275
35645     0.694118
35646     0.698039
35647     0.729412
35648     0.729412
35649     0.725490
35650     0.721569
35651     0.709804
35652     0.694118
35653     0.678431
35654     0.670588
35655     0.654902
35656     0.650980
35657     0.643137
35658     0.647059
35659     0.658824
35660     0.666667
35661     0.666667
35662     0.662745
35663     0.682353
35664     0.682353
35665     0.666667
35666     0.639216
35667     0.611765
35668     0.600000
35669     0.607843
35670     0.623529
35671     0.635294
35672     0.627451
35673     0.623529
35674     0.623529
35675     0.631373
35676     0.639216
35677     0.635294
35678     0.635294
35679     0.619608
35680     0.607843
35681     0.596078
35682     0.592157
35683     0.584314
35684     0.584314
35685     0.615686
35686     0.654902
35687     0.713726
35688     0.733333
35689     0.745098
35690     0.745098
35691     0.764706
35692     0.788235
35693     0.796078
35694     0.796078
35695     0.788235
35696     0.772549
35697     0.745098
35698     0.713726
35699     0.686275
35700     0.666667
35701     0.654902
35702     0.654902
35703     0.627451
35704     0.596078
35705     0.568627
35706     0.549020
35707     0.501961
35708     0.419608
35709     0.341176
35710     0.298039
35711     0.219608
35712     0.219608
35713     0.223529
35714     0.223529
35715     0.207843
35716     0.192157
35717     0.211765
35718     0.243137
35719     0.266667
35720     0.294118
35721     0.329412
35722     0.345098
35723     0.333333
35724     0.309804
35725     0.294118
35726     0.282353
35727     0.317647
35728     0.447059
35729     0.494118
35730     0.407843
35731     0.345098
35732     0.352941
35733     0.309804
35734     0.219608
35735     0.235294
35736     0.239216
35737     0.239216
35738     0.227451
35739     0.192157
35740     0.164706
35741     0.172549
35742     0.196078
35743     0.207843
35744     0.247059
35745     0.341176
35746     0.470588
35747     0.576471
35748     0.631373
35749     0.658824
35750     0.674510
35751     0.760784
35752     0.831373
35753     0.803922
35754     0.800000
35755     0.819608
35756     0.811765
35757     0.831373
35758     0.831373
35759     0.878431
35760     0.878431
35761     0.874510
35762     0.878431
35763     0.882353
35764     0.882353
35765     0.874510
35766     0.866667
35767     0.874510
35768     0.886275
35769     0.894118
35770     0.901961
35771     0.901961
35772     0.909804
35773     0.917647
35774     0.929412
35775     0.937255
35776     0.913725
35777     0.905882
35778     0.905882
35779     0.898039
35780     0.870588
35781     0.843137
35782     0.831373
35783     0.827451
35784     0.831373
35785     0.831373
35786     0.827451
35787     0.807843
35788     0.776471
35789     0.733333
35790     0.701961
35791     0.729412
35792     0.721569
35793     0.709804
35794     0.709804
35795     0.713726
35796     0.713726
35797     0.709804
35798     0.701961
35799     0.713726
35800     0.729412
35801     0.749020
35802     0.756863
35803     0.752941
35804     0.745098
35805     0.737255
35806     0.733333
35807     0.725490
35808     0.721569
35809     0.713726
35810     0.713726
35811     0.721569
35812     0.725490
35813     0.725490
35814     0.721569
35815     0.741176
35816     0.733333
35817     0.713726
35818     0.682353
35819     0.658824
35820     0.643137
35821     0.643137
35822     0.650980
35823     0.705882
35824     0.729412
35825     0.760784
35826     0.780392
35827     0.788235
35828     0.788235
35829     0.796078
35830     0.803922
35831     0.784314
35832     0.764706
35833     0.741176
35834     0.737255
35835     0.745098
35836     0.760784
35837     0.764706
35838     0.760784
35839     0.764706
35840     0.760784
35841     0.752941
35842     0.741176
35843     0.725490
35844     0.709804
35845     0.698039
35846     0.690196
35847     0.678431
35848     0.666667
35849     0.654902
35850     0.650980
35851     0.650980
35852     0.654902
35853     0.650980
35854     0.647059
35855     0.647059
35856     0.647059
35857     0.647059
35858     0.643137
35859     0.643137
35860     0.639216
35861     0.639216
35862     0.639216
35863     0.615686
35864     0.611765
35865     0.603922
35866     0.674510
35867     0.674510
35868     0.678431
35869     0.678431
35870     0.678431
35871     0.678431
35872     0.678431
35873     0.678431
35874     0.701961
35875     0.701961
35876     0.701961
35877     0.698039
35878     0.690196
35879     0.678431
35880     0.666667
35881     0.658824
35882     0.623529
35883     0.619608
35884     0.623529
35885     0.631373
35886     0.647059
35887     0.658824
35888     0.662745
35889     0.662745
35890     0.670588
35891     0.670588
35892     0.658824
35893     0.631373
35894     0.600000
35895     0.592157
35896     0.603922
35897     0.619608
35898     0.623529
35899     0.615686
35900     0.611765
35901     0.611765
35902     0.619608
35903     0.627451
35904     0.627451
35905     0.623529
35906     0.615686
35907     0.603922
35908     0.600000
35909     0.600000
35910     0.592157
35911     0.592157
35912     0.619608
35913     0.658824
35914     0.709804
35915     0.737255
35916     0.725490
35917     0.705882
35918     0.725490
35919     0.745098
35920     0.752941
35921     0.772549
35922     0.768627
35923     0.768627
35924     0.764706
35925     0.749020
35926     0.729412
35927     0.713726
35928     0.705882
35929     0.705882
35930     0.650980
35931     0.658824
35932     0.658824
35933     0.615686
35934     0.513726
35935     0.392157
35936     0.313726
35937     0.290196
35938     0.278431
35939     0.294118
35940     0.309804
35941     0.298039
35942     0.254902
35943     0.239216
35944     0.278431
35945     0.337255
35946     0.415686
35947     0.443137
35948     0.474510
35949     0.490196
35950     0.478431
35951     0.462745
35952     0.458824
35953     0.458824
35954     0.482353
35955     0.556863
35956     0.603922
35957     0.580392
35958     0.560784
35959     0.560784
35960     0.525490
35961     0.466667
35962     0.364706
35963     0.305882
35964     0.262745
35965     0.258824
35966     0.274510
35967     0.286275
35968     0.301961
35969     0.321569
35970     0.368627
35971     0.419608
35972     0.533333
35973     0.678431
35974     0.780392
35975     0.807843
35976     0.788235
35977     0.768627
35978     0.752941
35979     0.784314
35980     0.815686
35981     0.800000
35982     0.831373
35983     0.843137
35984     0.788235
35985     0.803922
35986     0.823529
35987     0.823529
35988     0.823529
35989     0.823529
35990     0.819608
35991     0.815686
35992     0.811765
35993     0.811765
35994     0.815686
35995     0.823529
35996     0.831373
35997     0.835294
35998     0.831373
35999     0.835294
36000     0.843137
36001     0.850980
36002     0.858824
36003     0.850980
36004     0.850980
36005     0.854902
36006     0.835294
36007     0.796078
36008     0.776471
36009     0.776471
36010     0.776471
36011     0.788235
36012     0.800000
36013     0.800000
36014     0.776471
36015     0.741176
36016     0.717647
36017     0.705882
36018     0.725490
36019     0.717647
36020     0.709804
36021     0.709804
36022     0.709804
36023     0.709804
36024     0.698039
36025     0.690196
36026     0.698039
36027     0.713726
36028     0.729412
36029     0.733333
36030     0.725490
36031     0.709804
36032     0.698039
36033     0.694118
36034     0.694118
36035     0.690196
36036     0.686275
36037     0.690196
36038     0.701961
36039     0.709804
36040     0.709804
36041     0.705882
36042     0.713726
36043     0.705882
36044     0.682353
36045     0.658824
36046     0.635294
36047     0.631373
36048     0.643137
36049     0.650980
36050     0.713726
36051     0.721569
36052     0.737255
36053     0.752941
36054     0.764706
36055     0.772549
36056     0.772549
36057     0.776471
36058     0.733333
36059     0.729412
36060     0.725490
36061     0.725490
36062     0.733333
36063     0.745098
36064     0.756863
36065     0.764706
36066     0.756863
36067     0.745098
36068     0.725490
36069     0.701961
36070     0.682353
36071     0.666667
36072     0.658824
36073     0.654902
36074     0.654902
36075     0.650980
36076     0.643137
36077     0.643137
36078     0.650980
36079     0.654902
36080     0.654902
36081     0.650980
36082     0.650980
36083     0.650980
36084     0.650980
36085     0.647059
36086     0.643137
36087     0.635294
36088     0.631373
36089     0.627451
36090     0.607843
36091     0.603922
36092     0.603922
36093     0.678431
36094     0.682353
36095     0.678431
36096     0.678431
36097     0.674510
36098     0.670588
36099     0.666667
36100     0.662745
36101     0.670588
36102     0.670588
36103     0.674510
36104     0.670588
36105     0.666667
36106     0.658824
36107     0.650980
36108     0.647059
36109     0.600000
36110     0.600000
36111     0.603922
36112     0.619608
36113     0.639216
36114     0.654902
36115     0.658824
36116     0.658824
36117     0.654902
36118     0.654902
36119     0.647059
36120     0.619608
36121     0.592157
36122     0.584314
36123     0.603922
36124     0.623529
36125     0.615686
36126     0.607843
36127     0.603922
36128     0.607843
36129     0.615686
36130     0.619608
36131     0.619608
36132     0.619608
36133     0.623529
36134     0.615686
36135     0.611765
36136     0.611765
36137     0.600000
36138     0.596078
36139     0.615686
36140     0.650980
36141     0.654902
36142     0.701961
36143     0.705882
36144     0.694118
36145     0.721569
36146     0.733333
36147     0.729412
36148     0.752941
36149     0.745098
36150     0.764706
36151     0.784314
36152     0.784314
36153     0.768627
36154     0.749020
36155     0.737255
36156     0.729412
36157     0.686275
36158     0.717647
36159     0.729412
36160     0.662745
36161     0.529412
36162     0.411765
36163     0.376471
36164     0.400000
36165     0.435294
36166     0.419608
36167     0.411765
36168     0.407843
36169     0.396078
36170     0.392157
36171     0.423529
36172     0.458824
36173     0.580392
36174     0.600000
36175     0.623529
36176     0.635294
36177     0.627451
36178     0.619608
36179     0.611765
36180     0.607843
36181     0.670588
36182     0.678431
36183     0.709804
36184     0.745098
36185     0.756863
36186     0.725490
36187     0.682353
36188     0.658824
36189     0.537255
36190     0.439216
36191     0.360784
36192     0.380392
36193     0.450980
36194     0.513726
36195     0.545098
36196     0.560784
36197     0.556863
36198     0.607843
36199     0.690196
36200     0.752941
36201     0.764706
36202     0.741176
36203     0.729412
36204     0.737255
36205     0.733333
36206     0.741176
36207     0.807843
36208     0.760784
36209     0.772549
36210     0.800000
36211     0.729412
36212     0.800000
36213     0.764706
36214     0.772549
36215     0.780392
36216     0.776471
36217     0.760784
36218     0.756863
36219     0.764706
36220     0.772549
36221     0.788235
36222     0.796078
36223     0.800000
36224     0.800000
36225     0.792157
36226     0.792157
36227     0.796078
36228     0.803922
36229     0.772549
36230     0.776471
36231     0.796078
36232     0.803922
36233     0.776471
36234     0.733333
36235     0.725490
36236     0.749020
36237     0.749020
36238     0.764706
36239     0.780392
36240     0.780392
36241     0.752941
36242     0.721569
36243     0.713726
36244     0.725490
36245     0.701961
36246     0.698039
36247     0.694118
36248     0.698039
36249     0.701961
36250     0.701961
36251     0.694118
36252     0.686275
36253     0.690196
36254     0.701961
36255     0.713726
36256     0.717647
36257     0.705882
36258     0.690196
36259     0.674510
36260     0.670588
36261     0.666667
36262     0.666667
36263     0.666667
36264     0.678431
36265     0.694118
36266     0.705882
36267     0.709804
36268     0.705882
36269     0.701961
36270     0.690196
36271     0.666667
36272     0.643137
36273     0.631373
36274     0.639216
36275     0.662745
36276     0.682353
36277     0.701961
36278     0.698039
36279     0.701961
36280     0.709804
36281     0.717647
36282     0.721569
36283     0.717647
36284     0.709804
36285     0.698039
36286     0.701961
36287     0.709804
36288     0.713726
36289     0.721569
36290     0.733333
36291     0.749020
36292     0.764706
36293     0.745098
36294     0.729412
36295     0.701961
36296     0.674510
36297     0.650980
36298     0.635294
36299     0.631373
36300     0.631373
36301     0.643137
36302     0.639216
36303     0.635294
36304     0.643137
36305     0.650980
36306     0.658824
36307     0.654902
36308     0.650980
36309     0.650980
36310     0.650980
36311     0.650980
36312     0.647059
36313     0.639216
36314     0.631373
36315     0.623529
36316     0.619608
36317     0.607843
36318     0.611765
36319     0.611765
36320     0.647059
36321     0.658824
36322     0.670588
36323     0.674510
36324     0.670588
36325     0.658824
36326     0.650980
36327     0.650980
36328     0.658824
36329     0.654902
36330     0.650980
36331     0.647059
36332     0.643137
36333     0.643137
36334     0.643137
36335     0.643137
36336     0.603922
36337     0.596078
36338     0.600000
36339     0.615686
36340     0.643137
36341     0.662745
36342     0.662745
36343     0.658824
36344     0.658824
36345     0.650980
36346     0.635294
36347     0.623529
36348     0.611765
36349     0.603922
36350     0.600000
36351     0.600000
36352     0.607843
36353     0.603922
36354     0.596078
36355     0.596078
36356     0.603922
36357     0.615686
36358     0.631373
36359     0.639216
36360     0.623529
36361     0.619608
36362     0.611765
36363     0.607843
36364     0.611765
36365     0.623529
36366     0.639216
36367     0.647059
36368     0.694118
36369     0.701961
36370     0.713726
36371     0.717647
36372     0.721569
36373     0.729412
36374     0.741176
36375     0.749020
36376     0.764706
36377     0.756863
36378     0.752941
36379     0.749020
36380     0.752941
36381     0.760784
36382     0.772549
36383     0.780392
36384     0.784314
36385     0.792157
36386     0.796078
36387     0.776471
36388     0.729412
36389     0.674510
36390     0.623529
36391     0.596078
36392     0.639216
36393     0.615686
36394     0.584314
36395     0.572549
36396     0.588235
36397     0.631373
36398     0.686275
36399     0.721569
36400     0.796078
36401     0.768627
36402     0.749020
36403     0.749020
36404     0.737255
36405     0.713726
36406     0.709804
36407     0.729412
36408     0.772549
36409     0.772549
36410     0.784314
36411     0.811765
36412     0.835294
36413     0.839216
36414     0.819608
36415     0.796078
36416     0.619608
36417     0.549020
36418     0.529412
36419     0.592157
36420     0.658824
36421     0.674510
36422     0.666667
36423     0.666667
36424     0.639216
36425     0.690196
36426     0.741176
36427     0.745098
36428     0.713726
36429     0.701961
36430     0.729412
36431     0.768627
36432     0.717647
36433     0.737255
36434     0.760784
36435     0.760784
36436     0.745098
36437     0.729412
36438     0.733333
36439     0.741176
36440     0.733333
36441     0.733333
36442     0.729412
36443     0.729412
36444     0.729412
36445     0.733333
36446     0.733333
36447     0.737255
36448     0.749020
36449     0.752941
36450     0.752941
36451     0.752941
36452     0.749020
36453     0.741176
36454     0.733333
36455     0.729412
36456     0.733333
36457     0.709804
36458     0.705882
36459     0.725490
36460     0.725490
36461     0.705882
36462     0.694118
36463     0.701961
36464     0.737255
36465     0.725490
36466     0.709804
36467     0.698039
36468     0.690196
36469     0.694118
36470     0.698039
36471     0.705882
36472     0.725490
36473     0.709804
36474     0.694118
36475     0.682353
36476     0.686275
36477     0.694118
36478     0.698039
36479     0.698039
36480     0.713726
36481     0.713726
36482     0.709804
36483     0.701961
36484     0.694118
36485     0.682353
36486     0.674510
36487     0.670588
36488     0.674510
36489     0.678431
36490     0.678431
36491     0.682353
36492     0.690196
36493     0.698039
36494     0.705882
36495     0.709804
36496     0.682353
36497     0.670588
36498     0.650980
36499     0.639216
36500     0.639216
36501     0.654902
36502     0.674510
36503     0.686275
36504     0.713726
36505     0.705882
36506     0.694118
36507     0.686275
36508     0.682353
36509     0.682353
36510     0.690196
36511     0.694118
36512     0.686275
36513     0.686275
36514     0.694118
36515     0.709804
36516     0.725490
36517     0.733333
36518     0.729412
36519     0.721569
36520     0.717647
36521     0.698039
36522     0.670588
36523     0.643137
36524     0.627451
36525     0.623529
36526     0.627451
36527     0.631373
36528     0.654902
36529     0.654902
36530     0.658824
36531     0.658824
36532     0.658824
36533     0.654902
36534     0.650980
36535     0.650980
36536     0.654902
36537     0.650980
36538     0.647059
36539     0.643137
36540     0.635294
36541     0.631373
36542     0.627451
36543     0.627451
36544     0.603922
36545     0.607843
36546     0.611765
36547     0.650980
36548     0.662745
36549     0.674510
36550     0.674510
36551     0.666667
36552     0.650980
36553     0.643137
36554     0.639216
36555     0.639216
36556     0.639216
36557     0.639216
36558     0.639216
36559     0.635294
36560     0.635294
36561     0.631373
36562     0.631373
36563     0.615686
36564     0.611765
36565     0.615686
36566     0.627451
36567     0.639216
36568     0.650980
36569     0.654902
36570     0.650980
36571     0.658824
36572     0.650980
36573     0.635294
36574     0.623529
36575     0.611765
36576     0.607843
36577     0.603922
36578     0.603922
36579     0.607843
36580     0.603922
36581     0.600000
36582     0.596078
36583     0.603922
36584     0.615686
36585     0.627451
36586     0.635294
36587     0.623529
36588     0.619608
36589     0.615686
36590     0.615686
36591     0.615686
36592     0.623529
36593     0.631373
36594     0.639216
36595     0.635294
36596     0.635294
36597     0.635294
36598     0.631373
36599     0.639216
36600     0.654902
36601     0.682353
36602     0.701961
36603     0.749020
36604     0.752941
36605     0.764706
36606     0.772549
36607     0.784314
36608     0.792157
36609     0.796078
36610     0.800000
36611     0.788235
36612     0.803922
36613     0.823529
36614     0.827451
36615     0.811765
36616     0.784314
36617     0.760784
36618     0.749020
36619     0.741176
36620     0.737255
36621     0.745098
36622     0.764706
36623     0.796078
36624     0.823529
36625     0.839216
36626     0.843137
36627     0.866667
36628     0.831373
36629     0.800000
36630     0.788235
36631     0.772549
36632     0.756863
36633     0.764706
36634     0.788235
36635     0.831373
36636     0.835294
36637     0.854902
36638     0.878431
36639     0.894118
36640     0.882353
36641     0.843137
36642     0.811765
36643     0.709804
36644     0.650980
36645     0.631373
36646     0.674510
36647     0.713726
36648     0.701961
36649     0.678431
36650     0.674510
36651     0.650980
36652     0.678431
36653     0.705882
36654     0.713726
36655     0.709804
36656     0.705882
36657     0.717647
36658     0.733333
36659     0.698039
36660     0.709804
36661     0.717647
36662     0.709804
36663     0.698039
36664     0.690196
36665     0.705882
36666     0.721569
36667     0.721569
36668     0.725490
36669     0.725490
36670     0.725490
36671     0.721569
36672     0.717647
36673     0.713726
36674     0.709804
36675     0.709804
36676     0.713726
36677     0.717647
36678     0.717647
36679     0.717647
36680     0.709804
36681     0.701961
36682     0.698039
36683     0.690196
36684     0.670588
36685     0.670588
36686     0.690196
36687     0.698039
36688     0.686275
36689     0.682353
36690     0.690196
36691     0.709804
36692     0.701961
36693     0.690196
36694     0.678431
36695     0.674510
36696     0.678431
36697     0.682353
36698     0.690196
36699     0.709804
36700     0.701961
36701     0.690196
36702     0.690196
36703     0.694118
36704     0.698039
36705     0.694118
36706     0.690196
36707     0.690196
36708     0.690196
36709     0.686275
36710     0.682353
36711     0.678431
36712     0.674510
36713     0.666667
36714     0.666667
36715     0.682353
36716     0.682353
36717     0.686275
36718     0.690196
36719     0.690196
36720     0.694118
36721     0.694118
36722     0.694118
36723     0.682353
36724     0.670588
36725     0.658824
36726     0.647059
36727     0.647059
36728     0.658824
36729     0.670588
36730     0.682353
36731     0.709804
36732     0.705882
36733     0.698039
36734     0.690196
36735     0.690196
36736     0.686275
36737     0.690196
36738     0.690196
36739     0.690196
36740     0.686275
36741     0.690196
36742     0.701961
36743     0.713726
36744     0.721569
36745     0.717647
36746     0.713726
36747     0.694118
36748     0.678431
36749     0.658824
36750     0.643137
36751     0.635294
36752     0.639216
36753     0.647059
36754     0.650980
36755     0.662745
36756     0.662745
36757     0.662745
36758     0.662745
36759     0.662745
36760     0.658824
36761     0.654902
36762     0.650980
36763     0.650980
36764     0.650980
36765     0.643137
36766     0.639216
36767     0.635294
36768     0.631373
36769     0.627451
36770     0.627451
36771     0.615686
36772     0.619608
36773     0.623529
36774     0.658824
36775     0.666667
36776     0.674510
36777     0.670588
36778     0.654902
36779     0.639216
36780     0.627451
36781     0.623529
36782     0.623529
36783     0.627451
36784     0.631373
36785     0.635294
36786     0.639216
36787     0.635294
36788     0.631373
36789     0.627451
36790     0.627451
36791     0.631373
36792     0.635294
36793     0.639216
36794     0.635294
36795     0.635294
36796     0.643137
36797     0.647059
36798     0.654902
36799     0.647059
36800     0.635294
36801     0.623529
36802     0.615686
36803     0.611765
36804     0.611765
36805     0.611765
36806     0.611765
36807     0.607843
36808     0.600000
36809     0.600000
36810     0.603922
36811     0.611765
36812     0.623529
36813     0.631373
36814     0.623529
36815     0.623529
36816     0.623529
36817     0.623529
36818     0.623529
36819     0.623529
36820     0.623529
36821     0.623529
36822     0.615686
36823     0.603922
36824     0.588235
36825     0.576471
36826     0.584314
36827     0.611765
36828     0.654902
36829     0.682353
36830     0.709804
36831     0.729412
36832     0.752941
36833     0.780392
36834     0.800000
36835     0.807843
36836     0.811765
36837     0.807843
36838     0.803922
36839     0.819608
36840     0.839216
36841     0.847059
36842     0.839216
36843     0.827451
36844     0.815686
36845     0.811765
36846     0.823529
36847     0.827451
36848     0.850980
36849     0.894118
36850     0.937255
36851     0.960784
36852     0.952941
36853     0.937255
36854     0.933333
36855     0.898039
36856     0.854902
36857     0.831373
36858     0.815686
36859     0.811765
36860     0.831373
36861     0.854902
36862     0.866667
36863     0.874510
36864     0.890196
36865     0.905882
36866     0.905882
36867     0.874510
36868     0.819608
36869     0.780392
36870     0.741176
36871     0.701961
36872     0.690196
36873     0.713726
36874     0.721569
36875     0.690196
36876     0.662745
36877     0.654902
36878     0.662745
36879     0.662745
36880     0.666667
36881     0.682353
36882     0.698039
36883     0.705882
36884     0.701961
36885     0.690196
36886     0.686275
36887     0.686275
36888     0.682353
36889     0.670588
36890     0.658824
36891     0.662745
36892     0.682353
36893     0.701961
36894     0.717647
36895     0.713726
36896     0.713726
36897     0.709804
36898     0.701961
36899     0.694118
36900     0.686275
36901     0.678431
36902     0.674510
36903     0.674510
36904     0.682353
36905     0.686275
36906     0.682353
36907     0.678431
36908     0.674510
36909     0.670588
36910     0.647059
36911     0.635294
36912     0.639216
36913     0.658824
36914     0.674510
36915     0.674510
36916     0.678431
36917     0.686275
36918     0.690196
36919     0.682353
36920     0.674510
36921     0.666667
36922     0.666667
36923     0.670588
36924     0.674510
36925     0.682353
36926     0.690196
36927     0.686275
36928     0.686275
36929     0.690196
36930     0.698039
36931     0.701961
36932     0.694118
36933     0.690196
36934     0.674510
36935     0.674510
36936     0.674510
36937     0.674510
36938     0.674510
36939     0.670588
36940     0.670588
36941     0.670588
36942     0.686275
36943     0.690196
36944     0.694118
36945     0.698039
36946     0.694118
36947     0.686275
36948     0.678431
36949     0.670588
36950     0.682353
36951     0.674510
36952     0.666667
36953     0.658824
36954     0.658824
36955     0.662745
36956     0.674510
36957     0.678431
36958     0.701961
36959     0.701961
36960     0.701961
36961     0.701961
36962     0.698039
36963     0.694118
36964     0.690196
36965     0.686275
36966     0.694118
36967     0.686275
36968     0.682353
36969     0.686275
36970     0.694118
36971     0.701961
36972     0.701961
36973     0.698039
36974     0.666667
36975     0.658824
36976     0.647059
36977     0.643137
36978     0.647059
36979     0.654902
36980     0.670588
36981     0.678431
36982     0.670588
36983     0.670588
36984     0.670588
36985     0.666667
36986     0.662745
36987     0.658824
36988     0.650980
36989     0.647059
36990     0.650980
36991     0.647059
36992     0.639216
36993     0.635294
36994     0.631373
36995     0.627451
36996     0.627451
36997     0.627451
36998     0.631373
36999     0.635294
37000     0.639216
37001     0.662745
37002     0.666667
37003     0.670588
37004     0.658824
37005     0.639216
37006     0.623529
37007     0.611765
37008     0.607843
37009     0.615686
37010     0.623529
37011     0.635294
37012     0.643137
37013     0.647059
37014     0.647059
37015     0.639216
37016     0.635294
37017     0.627451
37018     0.639216
37019     0.647059
37020     0.647059
37021     0.635294
37022     0.631373
37023     0.639216
37024     0.650980
37025     0.650980
37026     0.647059
37027     0.635294
37028     0.627451
37029     0.619608
37030     0.619608
37031     0.619608
37032     0.619608
37033     0.615686
37034     0.611765
37035     0.607843
37036     0.603922
37037     0.607843
37038     0.611765
37039     0.619608
37040     0.627451
37041     0.623529
37042     0.627451
37043     0.627451
37044     0.631373
37045     0.627451
37046     0.623529
37047     0.615686
37048     0.611765
37049     0.623529
37050     0.611765
37051     0.592157
37052     0.572549
37053     0.572549
37054     0.600000
37055     0.639216
37056     0.666667
37057     0.662745
37058     0.682353
37059     0.713726
37060     0.749020
37061     0.776471
37062     0.792157
37063     0.796078
37064     0.800000
37065     0.803922
37066     0.811765
37067     0.827451
37068     0.827451
37069     0.823529
37070     0.815686
37071     0.815686
37072     0.815686
37073     0.862745
37074     0.850980
37075     0.850980
37076     0.882353
37077     0.933333
37078     0.964706
37079     0.964706
37080     0.949020
37081     0.949020
37082     0.925490
37083     0.890196
37084     0.866667
37085     0.858824
37086     0.862745
37087     0.882353
37088     0.898039
37089     0.874510
37090     0.878431
37091     0.882353
37092     0.886275
37093     0.866667
37094     0.823529
37095     0.768627
37096     0.729412
37097     0.701961
37098     0.682353
37099     0.678431
37100     0.690196
37101     0.682353
37102     0.658824
37103     0.643137
37104     0.647059
37105     0.662745
37106     0.654902
37107     0.650980
37108     0.662745
37109     0.682353
37110     0.694118
37111     0.686275
37112     0.674510
37113     0.690196
37114     0.686275
37115     0.682353
37116     0.670588
37117     0.658824
37118     0.666667
37119     0.686275
37120     0.701961
37121     0.713726
37122     0.705882
37123     0.694118
37124     0.682353
37125     0.670588
37126     0.662745
37127     0.658824
37128     0.658824
37129     0.658824
37130     0.662745
37131     0.666667
37132     0.674510
37133     0.674510
37134     0.670588
37135     0.666667
37136     0.662745
37137     0.639216
37138     0.635294
37139     0.635294
37140     0.654902
37141     0.670588
37142     0.682353
37143     0.690196
37144     0.694118
37145     0.686275
37146     0.682353
37147     0.674510
37148     0.670588
37149     0.670588
37150     0.678431
37151     0.682353
37152     0.690196
37153     0.682353
37154     0.678431
37155     0.678431
37156     0.682353
37157     0.694118
37158     0.701961
37159     0.701961
37160     0.698039
37161     0.686275
37162     0.686275
37163     0.682353
37164     0.682353
37165     0.682353
37166     0.682353
37167     0.682353
37168     0.682353
37169     0.678431
37170     0.686275
37171     0.698039
37172     0.705882
37173     0.701961
37174     0.690196
37175     0.674510
37176     0.666667
37177     0.682353
37178     0.678431
37179     0.674510
37180     0.670588
37181     0.670588
37182     0.670588
37183     0.674510
37184     0.678431
37185     0.698039
37186     0.701961
37187     0.705882
37188     0.709804
37189     0.709804
37190     0.701961
37191     0.694118
37192     0.686275
37193     0.698039
37194     0.686275
37195     0.678431
37196     0.674510
37197     0.678431
37198     0.686275
37199     0.686275
37200     0.682353
37201     0.650980
37202     0.647059
37203     0.647059
37204     0.647059
37205     0.654902
37206     0.670588
37207     0.682353
37208     0.690196
37209     0.674510
37210     0.674510
37211     0.670588
37212     0.666667
37213     0.662745
37214     0.654902
37215     0.647059
37216     0.643137
37217     0.647059
37218     0.643137
37219     0.635294
37220     0.631373
37221     0.627451
37222     0.627451
37223     0.627451
37224     0.631373
37225     0.643137
37226     0.643137
37227     0.647059
37228     0.658824
37229     0.662745
37230     0.658824
37231     0.647059
37232     0.627451
37233     0.611765
37234     0.600000
37235     0.600000
37236     0.611765
37237     0.619608
37238     0.631373
37239     0.643137
37240     0.647059
37241     0.643137
37242     0.639216
37243     0.635294
37244     0.623529
37245     0.635294
37246     0.647059
37247     0.643137
37248     0.635294
37249     0.635294
37250     0.643137
37251     0.658824
37252     0.647059
37253     0.643137
37254     0.635294
37255     0.627451
37256     0.623529
37257     0.623529
37258     0.627451
37259     0.631373
37260     0.619608
37261     0.619608
37262     0.615686
37263     0.611765
37264     0.611765
37265     0.615686
37266     0.619608
37267     0.623529
37268     0.623529
37269     0.627451
37270     0.631373
37271     0.631373
37272     0.631373
37273     0.623529
37274     0.615686
37275     0.607843
37276     0.611765
37277     0.603922
37278     0.588235
37279     0.572549
37280     0.568627
37281     0.576471
37282     0.600000
37283     0.619608
37284     0.635294
37285     0.650980
37286     0.674510
37287     0.701961
37288     0.733333
37289     0.756863
37290     0.772549
37291     0.780392
37292     0.776471
37293     0.792157
37294     0.807843
37295     0.823529
37296     0.831373
37297     0.839216
37298     0.850980
37299     0.862745
37300     0.882353
37301     0.862745
37302     0.854902
37303     0.878431
37304     0.921569
37305     0.952941
37306     0.952941
37307     0.941176
37308     0.929412
37309     0.925490
37310     0.913725
37311     0.898039
37312     0.894118
37313     0.898039
37314     0.901961
37315     0.901961
37316     0.878431
37317     0.874510
37318     0.866667
37319     0.850980
37320     0.823529
37321     0.784314
37322     0.741176
37323     0.713726
37324     0.678431
37325     0.670588
37326     0.666667
37327     0.666667
37328     0.658824
37329     0.647059
37330     0.650980
37331     0.666667
37332     0.654902
37333     0.658824
37334     0.658824
37335     0.662745
37336     0.666667
37337     0.674510
37338     0.678431
37339     0.682353
37340     0.690196
37341     0.694118
37342     0.690196
37343     0.686275
37344     0.682353
37345     0.686275
37346     0.690196
37347     0.698039
37348     0.713726
37349     0.698039
37350     0.674510
37351     0.650980
37352     0.639216
37353     0.639216
37354     0.647059
37355     0.654902
37356     0.654902
37357     0.658824
37358     0.662745
37359     0.670588
37360     0.670588
37361     0.666667
37362     0.662745
37363     0.658824
37364     0.647059
37365     0.643137
37366     0.647059
37367     0.654902
37368     0.670588
37369     0.690196
37370     0.698039
37371     0.698039
37372     0.686275
37373     0.682353
37374     0.678431
37375     0.678431
37376     0.678431
37377     0.682353
37378     0.690196
37379     0.690196
37380     0.690196
37381     0.678431
37382     0.670588
37383     0.670588
37384     0.682353
37385     0.698039
37386     0.709804
37387     0.713726
37388     0.701961
37389     0.698039
37390     0.690196
37391     0.686275
37392     0.682353
37393     0.682353
37394     0.686275
37395     0.686275
37396     0.670588
37397     0.682353
37398     0.698039
37399     0.709804
37400     0.709804
37401     0.701961
37402     0.686275
37403     0.674510
37404     0.690196
37405     0.686275
37406     0.682353
37407     0.682353
37408     0.678431
37409     0.678431
37410     0.678431
37411     0.678431
37412     0.694118
37413     0.701961
37414     0.709804
37415     0.713726
37416     0.713726
37417     0.705882
37418     0.698039
37419     0.690196
37420     0.698039
37421     0.690196
37422     0.674510
37423     0.670588
37424     0.674510
37425     0.674510
37426     0.674510
37427     0.670588
37428     0.650980
37429     0.650980
37430     0.654902
37431     0.658824
37432     0.662745
37433     0.670588
37434     0.682353
37435     0.686275
37436     0.674510
37437     0.674510
37438     0.670588
37439     0.666667
37440     0.662745
37441     0.654902
37442     0.647059
37443     0.643137
37444     0.650980
37445     0.643137
37446     0.635294
37447     0.627451
37448     0.627451
37449     0.627451
37450     0.631373
37451     0.635294
37452     0.650980
37453     0.650980
37454     0.650980
37455     0.654902
37456     0.658824
37457     0.654902
37458     0.647059
37459     0.627451
37460     0.611765
37461     0.607843
37462     0.607843
37463     0.611765
37464     0.615686
37465     0.623529
37466     0.631373
37467     0.635294
37468     0.635294
37469     0.631373
37470     0.631373
37471     0.623529
37472     0.627451
37473     0.635294
37474     0.639216
37475     0.635294
37476     0.639216
37477     0.647059
37478     0.650980
37479     0.643137
37480     0.639216
37481     0.635294
37482     0.631373
37483     0.627451
37484     0.631373
37485     0.635294
37486     0.639216
37487     0.631373
37488     0.627451
37489     0.623529
37490     0.623529
37491     0.619608
37492     0.623529
37493     0.623529
37494     0.623529
37495     0.623529
37496     0.627451
37497     0.627451
37498     0.631373
37499     0.627451
37500     0.623529
37501     0.615686
37502     0.611765
37503     0.600000
37504     0.600000
37505     0.592157
37506     0.580392
37507     0.568627
37508     0.568627
37509     0.576471
37510     0.584314
37511     0.635294
37512     0.643137
37513     0.654902
37514     0.674510
37515     0.701961
37516     0.725490
37517     0.745098
37518     0.756863
37519     0.768627
37520     0.780392
37521     0.796078
37522     0.807843
37523     0.815686
37524     0.823529
37525     0.835294
37526     0.847059
37527     0.854902
37528     0.854902
37529     0.866667
37530     0.898039
37531     0.933333
37532     0.949020
37533     0.941176
37534     0.925490
37535     0.917647
37536     0.929412
37537     0.933333
37538     0.917647
37539     0.905882
37540     0.898039
37541     0.878431
37542     0.858824
37543     0.839216
37544     0.831373
37545     0.819608
37546     0.796078
37547     0.768627
37548     0.737255
37549     0.709804
37550     0.694118
37551     0.666667
37552     0.662745
37553     0.654902
37554     0.647059
37555     0.639216
37556     0.639216
37557     0.650980
37558     0.658824
37559     0.650980
37560     0.658824
37561     0.662745
37562     0.662745
37563     0.654902
37564     0.662745
37565     0.678431
37566     0.694118
37567     0.686275
37568     0.686275
37569     0.690196
37570     0.694118
37571     0.694118
37572     0.690196
37573     0.686275
37574     0.686275
37575     0.701961
37576     0.686275
37577     0.658824
37578     0.639216
37579     0.627451
37580     0.631373
37581     0.643137
37582     0.654902
37583     0.650980
37584     0.654902
37585     0.658824
37586     0.662745
37587     0.662745
37588     0.658824
37589     0.650980
37590     0.647059
37591     0.643137
37592     0.647059
37593     0.647059
37594     0.647059
37595     0.666667
37596     0.694118
37597     0.701961
37598     0.694118
37599     0.682353
37600     0.678431
37601     0.678431
37602     0.678431
37603     0.678431
37604     0.682353
37605     0.682353
37606     0.686275
37607     0.694118
37608     0.682353
37609     0.670588
37610     0.670588
37611     0.682353
37612     0.701961
37613     0.713726
37614     0.721569
37615     0.698039
37616     0.694118
37617     0.686275
37618     0.682353
37619     0.678431
37620     0.682353
37621     0.686275
37622     0.686275
37623     0.670588
37624     0.682353
37625     0.698039
37626     0.709804
37627     0.713726
37628     0.709804
37629     0.698039
37630     0.690196
37631     0.698039
37632     0.694118
37633     0.690196
37634     0.686275
37635     0.682353
37636     0.682353
37637     0.682353
37638     0.682353
37639     0.698039
37640     0.701961
37641     0.709804
37642     0.717647
37643     0.717647
37644     0.709804
37645     0.701961
37646     0.698039
37647     0.698039
37648     0.690196
37649     0.678431
37650     0.674510
37651     0.678431
37652     0.678431
37653     0.670588
37654     0.666667
37655     0.658824
37656     0.658824
37657     0.662745
37658     0.666667
37659     0.670588
37660     0.674510
37661     0.674510
37662     0.674510
37663     0.674510
37664     0.674510
37665     0.674510
37666     0.670588
37667     0.666667
37668     0.662745
37669     0.654902
37670     0.654902
37671     0.654902
37672     0.647059
37673     0.639216
37674     0.631373
37675     0.627451
37676     0.631373
37677     0.639216
37678     0.643137
37679     0.658824
37680     0.654902
37681     0.650980
37682     0.658824
37683     0.658824
37684     0.658824
37685     0.650980
37686     0.635294
37687     0.627451
37688     0.623529
37689     0.627451
37690     0.623529
37691     0.623529
37692     0.627451
37693     0.627451
37694     0.631373
37695     0.631373
37696     0.635294
37697     0.635294
37698     0.631373
37699     0.627451
37700     0.623529
37701     0.631373
37702     0.639216
37703     0.643137
37704     0.639216
37705     0.635294
37706     0.643137
37707     0.639216
37708     0.635294
37709     0.631373
37710     0.631373
37711     0.635294
37712     0.643137
37713     0.647059
37714     0.639216
37715     0.635294
37716     0.635294
37717     0.631373
37718     0.631373
37719     0.627451
37720     0.627451
37721     0.627451
37722     0.623529
37723     0.623529
37724     0.627451
37725     0.627451
37726     0.627451
37727     0.623529
37728     0.619608
37729     0.619608
37730     0.603922
37731     0.603922
37732     0.603922
37733     0.592157
37734     0.584314
37735     0.576471
37736     0.580392
37737     0.588235
37738     0.631373
37739     0.639216
37740     0.650980
37741     0.666667
37742     0.682353
37743     0.701961
37744     0.713726
37745     0.721569
37746     0.745098
37747     0.756863
37748     0.764706
37749     0.768627
37750     0.764706
37751     0.760784
37752     0.760784
37753     0.764706
37754     0.796078
37755     0.807843
37756     0.831373
37757     0.866667
37758     0.901961
37759     0.925490
37760     0.929412
37761     0.925490
37762     0.925490
37763     0.941176
37764     0.941176
37765     0.909804
37766     0.882353
37767     0.858824
37768     0.819608
37769     0.780392
37770     0.756863
37771     0.756863
37772     0.749020
37773     0.729412
37774     0.705882
37775     0.678431
37776     0.658824
37777     0.650980
37778     0.643137
37779     0.647059
37780     0.643137
37781     0.639216
37782     0.635294
37783     0.639216
37784     0.639216
37785     0.639216
37786     0.650980
37787     0.650980
37788     0.650980
37789     0.650980
37790     0.650980
37791     0.662745
37792     0.682353
37793     0.694118
37794     0.686275
37795     0.682353
37796     0.682353
37797     0.682353
37798     0.686275
37799     0.686275
37800     0.682353
37801     0.682353
37802     0.678431
37803     0.670588
37804     0.654902
37805     0.643137
37806     0.639216
37807     0.639216
37808     0.643137
37809     0.647059
37810     0.650980
37811     0.654902
37812     0.658824
37813     0.658824
37814     0.658824
37815     0.650980
37816     0.643137
37817     0.639216
37818     0.635294
37819     0.643137
37820     0.643137
37821     0.639216
37822     0.662745
37823     0.698039
37824     0.713726
37825     0.701961
37826     0.686275
37827     0.686275
37828     0.682353
37829     0.682353
37830     0.682353
37831     0.682353
37832     0.682353
37833     0.682353
37834     0.694118
37835     0.686275
37836     0.678431
37837     0.682353
37838     0.694118
37839     0.705882
37840     0.713726
37841     0.713726
37842     0.694118
37843     0.690196
37844     0.682353
37845     0.678431
37846     0.682353
37847     0.686275
37848     0.694118
37849     0.701961
37850     0.682353
37851     0.690196
37852     0.701961
37853     0.713726
37854     0.717647
37855     0.713726
37856     0.705882
37857     0.698039
37858     0.709804
37859     0.701961
37860     0.694118
37861     0.686275
37862     0.682353
37863     0.686275
37864     0.686275
37865     0.690196
37866     0.701961
37867     0.705882
37868     0.709804
37869     0.713726
37870     0.713726
37871     0.709804
37872     0.705882
37873     0.701961
37874     0.698039
37875     0.690196
37876     0.686275
37877     0.686275
37878     0.686275
37879     0.682353
37880     0.674510
37881     0.662745
37882     0.658824
37883     0.662745
37884     0.666667
37885     0.674510
37886     0.674510
37887     0.674510
37888     0.670588
37889     0.670588
37890     0.678431
37891     0.682353
37892     0.682353
37893     0.682353
37894     0.678431
37895     0.674510
37896     0.670588
37897     0.670588
37898     0.658824
37899     0.650980
37900     0.643137
37901     0.635294
37902     0.631373
37903     0.639216
37904     0.647059
37905     0.650980
37906     0.666667
37907     0.662745
37908     0.658824
37909     0.662745
37910     0.662745
37911     0.666667
37912     0.658824
37913     0.647059
37914     0.639216
37915     0.639216
37916     0.643137
37917     0.639216
37918     0.639216
37919     0.635294
37920     0.635294
37921     0.639216
37922     0.639216
37923     0.643137
37924     0.647059
37925     0.639216
37926     0.627451
37927     0.619608
37928     0.623529
37929     0.635294
37930     0.643137
37931     0.631373
37932     0.623529
37933     0.643137
37934     0.639216
37935     0.635294
37936     0.631373
37937     0.635294
37938     0.639216
37939     0.647059
37940     0.650980
37941     0.643137
37942     0.643137
37943     0.639216
37944     0.639216
37945     0.635294
37946     0.631373
37947     0.631373
37948     0.627451
37949     0.623529
37950     0.623529
37951     0.623529
37952     0.623529
37953     0.623529
37954     0.623529
37955     0.623529
37956     0.623529
37957     0.596078
37958     0.600000
37959     0.596078
37960     0.588235
37961     0.580392
37962     0.576471
37963     0.584314
37964     0.592157
37965     0.627451
37966     0.635294
37967     0.647059
37968     0.662745
37969     0.674510
37970     0.682353
37971     0.686275
37972     0.690196
37973     0.698039
37974     0.709804
37975     0.721569
37976     0.729412
37977     0.729412
37978     0.729412
37979     0.729412
37980     0.733333
37981     0.756863
37982     0.764706
37983     0.784314
37984     0.815686
37985     0.850980
37986     0.890196
37987     0.925490
37988     0.945098
37989     0.933333
37990     0.949020
37991     0.937255
37992     0.894118
37993     0.850980
37994     0.815686
37995     0.768627
37996     0.717647
37997     0.701961
37998     0.705882
37999     0.705882
38000     0.698039
38001     0.674510
38002     0.650980
38003     0.631373
38004     0.623529
38005     0.627451
38006     0.639216
38007     0.643137
38008     0.647059
38009     0.654902
38010     0.658824
38011     0.650980
38012     0.639216
38013     0.654902
38014     0.647059
38015     0.635294
38016     0.639216
38017     0.654902
38018     0.670588
38019     0.682353
38020     0.686275
38021     0.690196
38022     0.686275
38023     0.678431
38024     0.678431
38025     0.682353
38026     0.686275
38027     0.686275
38028     0.686275
38029     0.658824
38030     0.658824
38031     0.658824
38032     0.654902
38033     0.650980
38034     0.647059
38035     0.643137
38036     0.639216
38037     0.658824
38038     0.662745
38039     0.662745
38040     0.662745
38041     0.658824
38042     0.650980
38043     0.643137
38044     0.639216
38045     0.627451
38046     0.643137
38047     0.643137
38048     0.639216
38049     0.666667
38050     0.709804
38051     0.725490
38052     0.717647
38053     0.698039
38054     0.694118
38055     0.694118
38056     0.694118
38057     0.690196
38058     0.690196
38059     0.686275
38060     0.686275
38061     0.686275
38062     0.686275
38063     0.686275
38064     0.694118
38065     0.705882
38066     0.713726
38067     0.709804
38068     0.705882
38069     0.690196
38070     0.686275
38071     0.682353
38072     0.682353
38073     0.690196
38074     0.698039
38075     0.709804
38076     0.717647
38077     0.694118
38078     0.701961
38079     0.709804
38080     0.713726
38081     0.717647
38082     0.713726
38083     0.705882
38084     0.701961
38085     0.713726
38086     0.705882
38087     0.694118
38088     0.686275
38089     0.682353
38090     0.686275
38091     0.690196
38092     0.694118
38093     0.705882
38094     0.705882
38095     0.709804
38096     0.713726
38097     0.713726
38098     0.713726
38099     0.709804
38100     0.709804
38101     0.694118
38102     0.690196
38103     0.690196
38104     0.694118
38105     0.694118
38106     0.690196
38107     0.674510
38108     0.666667
38109     0.658824
38110     0.662745
38111     0.670588
38112     0.674510
38113     0.678431
38114     0.678431
38115     0.674510
38116     0.670588
38117     0.686275
38118     0.686275
38119     0.690196
38120     0.690196
38121     0.690196
38122     0.686275
38123     0.686275
38124     0.682353
38125     0.662745
38126     0.654902
38127     0.643137
38128     0.635294
38129     0.635294
38130     0.639216
38131     0.650980
38132     0.658824
38133     0.674510
38134     0.670588
38135     0.662745
38136     0.639216
38137     0.658824
38138     0.674510
38139     0.670588
38140     0.654902
38141     0.647059
38142     0.654902
38143     0.666667
38144     0.650980
38145     0.643137
38146     0.639216
38147     0.643137
38148     0.647059
38149     0.650980
38150     0.647059
38151     0.643137
38152     0.647059
38153     0.631373
38154     0.619608
38155     0.619608
38156     0.631373
38157     0.639216
38158     0.635294
38159     0.627451
38160     0.639216
38161     0.631373
38162     0.631373
38163     0.635294
38164     0.647059
38165     0.654902
38166     0.654902
38167     0.654902
38168     0.643137
38169     0.639216
38170     0.631373
38171     0.627451
38172     0.623529
38173     0.627451
38174     0.627451
38175     0.631373
38176     0.619608
38177     0.623529
38178     0.627451
38179     0.631373
38180     0.631373
38181     0.623529
38182     0.619608
38183     0.615686
38184     0.603922
38185     0.611765
38186     0.615686
38187     0.600000
38188     0.576471
38189     0.568627
38190     0.584314
38191     0.600000
38192     0.623529
38193     0.627451
38194     0.635294
38195     0.643137
38196     0.650980
38197     0.658824
38198     0.662745
38199     0.662745
38200     0.678431
38201     0.678431
38202     0.678431
38203     0.682353
38204     0.682353
38205     0.690196
38206     0.694118
38207     0.698039
38208     0.725490
38209     0.725490
38210     0.729412
38211     0.745098
38212     0.772549
38213     0.803922
38214     0.835294
38215     0.850980
38216     0.847059
38217     0.858824
38218     0.862745
38219     0.843137
38220     0.796078
38221     0.745098
38222     0.701961
38223     0.682353
38224     0.650980
38225     0.670588
38226     0.682353
38227     0.674510
38228     0.647059
38229     0.627451
38230     0.623529
38231     0.631373
38232     0.635294
38233     0.635294
38234     0.639216
38235     0.643137
38236     0.647059
38237     0.654902
38238     0.662745
38239     0.666667
38240     0.639216
38241     0.639216
38242     0.643137
38243     0.654902
38244     0.666667
38245     0.682353
38246     0.698039
38247     0.705882
38248     0.682353
38249     0.682353
38250     0.678431
38251     0.674510
38252     0.670588
38253     0.666667
38254     0.662745
38255     0.658824
38256     0.647059
38257     0.647059
38258     0.647059
38259     0.647059
38260     0.647059
38261     0.647059
38262     0.647059
38263     0.647059
38264     0.666667
38265     0.662745
38266     0.658824
38267     0.654902
38268     0.647059
38269     0.635294
38270     0.627451
38271     0.623529
38272     0.631373
38273     0.623529
38274     0.623529
38275     0.643137
38276     0.674510
38277     0.705882
38278     0.721569
38279     0.729412
38280     0.705882
38281     0.713726
38282     0.721569
38283     0.713726
38284     0.694118
38285     0.678431
38286     0.674510
38287     0.674510
38288     0.678431
38289     0.678431
38290     0.678431
38291     0.690196
38292     0.705882
38293     0.717647
38294     0.721569
38295     0.717647
38296     0.698039
38297     0.694118
38298     0.686275
38299     0.686275
38300     0.690196
38301     0.698039
38302     0.709804
38303     0.717647
38304     0.705882
38305     0.705882
38306     0.705882
38307     0.709804
38308     0.713726
38309     0.717647
38310     0.721569
38311     0.725490
38312     0.725490
38313     0.717647
38314     0.701961
38315     0.694118
38316     0.686275
38317     0.686275
38318     0.690196
38319     0.690196
38320     0.705882
38321     0.709804
38322     0.713726
38323     0.717647
38324     0.713726
38325     0.705882
38326     0.694118
38327     0.686275
38328     0.670588
38329     0.678431
38330     0.690196
38331     0.698039
38332     0.701961
38333     0.701961
38334     0.701961
38335     0.698039
38336     0.682353
38337     0.682353
38338     0.682353
38339     0.682353
38340     0.682353
38341     0.686275
38342     0.686275
38343     0.686275
38344     0.701961
38345     0.698039
38346     0.698039
38347     0.694118
38348     0.690196
38349     0.686275
38350     0.682353
38351     0.678431
38352     0.662745
38353     0.662745
38354     0.658824
38355     0.650980
38356     0.643137
38357     0.643137
38358     0.654902
38359     0.662745
38360     0.647059
38361     0.654902
38362     0.666667
38363     0.647059
38364     0.666667
38365     0.682353
38366     0.678431
38367     0.662745
38368     0.654902
38369     0.662745
38370     0.674510
38371     0.654902
38372     0.650980
38373     0.650980
38374     0.658824
38375     0.662745
38376     0.662745
38377     0.654902
38378     0.647059
38379     0.643137
38380     0.631373
38381     0.623529
38382     0.623529
38383     0.631373
38384     0.639216
38385     0.635294
38386     0.631373
38387     0.631373
38388     0.627451
38389     0.623529
38390     0.631373
38391     0.643137
38392     0.650980
38393     0.654902
38394     0.650980
38395     0.639216
38396     0.639216
38397     0.643137
38398     0.639216
38399     0.635294
38400     0.631373
38401     0.623529
38402     0.619608
38403     0.615686
38404     0.619608
38405     0.623529
38406     0.627451
38407     0.627451
38408     0.623529
38409     0.619608
38410     0.615686
38411     0.611765
38412     0.619608
38413     0.619608
38414     0.607843
38415     0.588235
38416     0.580392
38417     0.592157
38418     0.607843
38419     0.627451
38420     0.627451
38421     0.631373
38422     0.635294
38423     0.639216
38424     0.643137
38425     0.643137
38426     0.643137
38427     0.654902
38428     0.654902
38429     0.658824
38430     0.658824
38431     0.662745
38432     0.666667
38433     0.670588
38434     0.674510
38435     0.690196
38436     0.686275
38437     0.694118
38438     0.709804
38439     0.733333
38440     0.764706
38441     0.788235
38442     0.800000
38443     0.776471
38444     0.780392
38445     0.780392
38446     0.760784
38447     0.721569
38448     0.682353
38449     0.658824
38450     0.647059
38451     0.639216
38452     0.658824
38453     0.670588
38454     0.666667
38455     0.647059
38456     0.635294
38457     0.635294
38458     0.643137
38459     0.631373
38460     0.631373
38461     0.631373
38462     0.635294
38463     0.639216
38464     0.643137
38465     0.650980
38466     0.654902
38467     0.639216
38468     0.643137
38469     0.647059
38470     0.658824
38471     0.670588
38472     0.682353
38473     0.690196
38474     0.698039
38475     0.670588
38476     0.670588
38477     0.670588
38478     0.670588
38479     0.666667
38480     0.666667
38481     0.662745
38482     0.662745
38483     0.650980
38484     0.647059
38485     0.647059
38486     0.647059
38487     0.643137
38488     0.643137
38489     0.643137
38490     0.643137
38491     0.662745
38492     0.658824
38493     0.658824
38494     0.650980
38495     0.643137
38496     0.635294
38497     0.627451
38498     0.623529
38499     0.635294
38500     0.623529
38501     0.619608
38502     0.635294
38503     0.666667
38504     0.701961
38505     0.725490
38506     0.733333
38507     0.713726
38508     0.721569
38509     0.725490
38510     0.713726
38511     0.694118
38512     0.678431
38513     0.674510
38514     0.674510
38515     0.674510
38516     0.670588
38517     0.674510
38518     0.686275
38519     0.701961
38520     0.717647
38521     0.717647
38522     0.717647
38523     0.705882
38524     0.701961
38525     0.698039
38526     0.694118
38527     0.698039
38528     0.705882
38529     0.713726
38530     0.721569
38531     0.705882
38532     0.705882
38533     0.705882
38534     0.709804
38535     0.713726
38536     0.717647
38537     0.721569
38538     0.725490
38539     0.725490
38540     0.713726
38541     0.701961
38542     0.690196
38543     0.686275
38544     0.690196
38545     0.698039
38546     0.701961
38547     0.709804
38548     0.713726
38549     0.713726
38550     0.713726
38551     0.709804
38552     0.701961
38553     0.694118
38554     0.686275
38555     0.682353
38556     0.690196
38557     0.701961
38558     0.713726
38559     0.713726
38560     0.705882
38561     0.694118
38562     0.686275
38563     0.690196
38564     0.690196
38565     0.694118
38566     0.694118
38567     0.698039
38568     0.698039
38569     0.698039
38570     0.698039
38571     0.690196
38572     0.690196
38573     0.690196
38574     0.686275
38575     0.682353
38576     0.682353
38577     0.678431
38578     0.678431
38579     0.658824
38580     0.654902
38581     0.647059
38582     0.647059
38583     0.647059
38584     0.654902
38585     0.658824
38586     0.662745
38587     0.643137
38588     0.654902
38589     0.666667
38590     0.662745
38591     0.674510
38592     0.686275
38593     0.682353
38594     0.670588
38595     0.662745
38596     0.670588
38597     0.678431
38598     0.658824
38599     0.662745
38600     0.666667
38601     0.674510
38602     0.682353
38603     0.678431
38604     0.662745
38605     0.650980
38606     0.643137
38607     0.635294
38608     0.627451
38609     0.627451
38610     0.635294
38611     0.639216
38612     0.635294
38613     0.635294
38614     0.623529
38615     0.619608
38616     0.623529
38617     0.631373
38618     0.643137
38619     0.654902
38620     0.654902
38621     0.650980
38622     0.639216
38623     0.643137
38624     0.647059
38625     0.647059
38626     0.643137
38627     0.631373
38628     0.615686
38629     0.607843
38630     0.607843
38631     0.611765
38632     0.619608
38633     0.623529
38634     0.627451
38635     0.627451
38636     0.623529
38637     0.619608
38638     0.619608
38639     0.627451
38640     0.627451
38641     0.615686
38642     0.596078
38643     0.592157
38644     0.603922
38645     0.615686
38646     0.623529
38647     0.623529
38648     0.623529
38649     0.623529
38650     0.623529
38651     0.623529
38652     0.623529
38653     0.619608
38654     0.627451
38655     0.627451
38656     0.631373
38657     0.631373
38658     0.635294
38659     0.639216
38660     0.639216
38661     0.643137
38662     0.650980
38663     0.643137
38664     0.635294
38665     0.647059
38666     0.670588
38667     0.694118
38668     0.717647
38669     0.725490
38670     0.709804
38671     0.709804
38672     0.705882
38673     0.690196
38674     0.670588
38675     0.650980
38676     0.639216
38677     0.635294
38678     0.627451
38679     0.643137
38680     0.658824
38681     0.658824
38682     0.647059
38683     0.639216
38684     0.643137
38685     0.650980
38686     0.631373
38687     0.627451
38688     0.627451
38689     0.627451
38690     0.631373
38691     0.635294
38692     0.639216
38693     0.643137
38694     0.639216
38695     0.647059
38696     0.654902
38697     0.662745
38698     0.670588
38699     0.674510
38700     0.678431
38701     0.682353
38702     0.654902
38703     0.654902
38704     0.658824
38705     0.662745
38706     0.666667
38707     0.666667
38708     0.662745
38709     0.662745
38710     0.650980
38711     0.650980
38712     0.647059
38713     0.643137
38714     0.639216
38715     0.639216
38716     0.639216
38717     0.639216
38718     0.654902
38719     0.654902
38720     0.650980
38721     0.647059
38722     0.643137
38723     0.635294
38724     0.631373
38725     0.627451
38726     0.635294
38727     0.627451
38728     0.623529
38729     0.635294
38730     0.662745
38731     0.698039
38732     0.725490
38733     0.741176
38734     0.729412
38735     0.729412
38736     0.725490
38737     0.713726
38738     0.694118
38739     0.678431
38740     0.674510
38741     0.674510
38742     0.666667
38743     0.662745
38744     0.666667
38745     0.682353
38746     0.698039
38747     0.713726
38748     0.717647
38749     0.717647
38750     0.717647
38751     0.713726
38752     0.709804
38753     0.705882
38754     0.705882
38755     0.713726
38756     0.717647
38757     0.721569
38758     0.709804
38759     0.705882
38760     0.705882
38761     0.705882
38762     0.709804
38763     0.713726
38764     0.721569
38765     0.721569
38766     0.721569
38767     0.709804
38768     0.698039
38769     0.686275
38770     0.682353
38771     0.690196
38772     0.701961
38773     0.713726
38774     0.713726
38775     0.713726
38776     0.713726
38777     0.709804
38778     0.705882
38779     0.698039
38780     0.690196
38781     0.686275
38782     0.698039
38783     0.709804
38784     0.717647
38785     0.725490
38786     0.721569
38787     0.705882
38788     0.690196
38789     0.678431
38790     0.701961
38791     0.705882
38792     0.709804
38793     0.713726
38794     0.713726
38795     0.713726
38796     0.713726
38797     0.713726
38798     0.682353
38799     0.682353
38800     0.682353
38801     0.682353
38802     0.682353
38803     0.682353
38804     0.678431
38805     0.678431
38806     0.658824
38807     0.647059
38808     0.635294
38809     0.639216
38810     0.650980
38811     0.662745
38812     0.662745
38813     0.654902
38814     0.639216
38815     0.650980
38816     0.662745
38817     0.670588
38818     0.678431
38819     0.682353
38820     0.678431
38821     0.670588
38822     0.666667
38823     0.670588
38824     0.674510
38825     0.654902
38826     0.662745
38827     0.674510
38828     0.686275
38829     0.690196
38830     0.682353
38831     0.662745
38832     0.647059
38833     0.639216
38834     0.639216
38835     0.635294
38836     0.635294
38837     0.639216
38838     0.639216
38839     0.639216
38840     0.639216
38841     0.627451
38842     0.623529
38843     0.627451
38844     0.639216
38845     0.650980
38846     0.658824
38847     0.658824
38848     0.654902
38849     0.643137
38850     0.643137
38851     0.643137
38852     0.635294
38853     0.627451
38854     0.619608
38855     0.611765
38856     0.607843
38857     0.600000
38858     0.607843
38859     0.615686
38860     0.623529
38861     0.627451
38862     0.627451
38863     0.623529
38864     0.623529
38865     0.623529
38866     0.627451
38867     0.623529
38868     0.615686
38869     0.600000
38870     0.600000
38871     0.607843
38872     0.615686
38873     0.611765
38874     0.611765
38875     0.611765
38876     0.607843
38877     0.607843
38878     0.611765
38879     0.611765
38880     0.611765
38881     0.615686
38882     0.615686
38883     0.619608
38884     0.619608
38885     0.619608
38886     0.619608
38887     0.619608
38888     0.619608
38889     0.631373
38890     0.611765
38891     0.588235
38892     0.584314
38893     0.600000
38894     0.631373
38895     0.650980
38896     0.658824
38897     0.658824
38898     0.658824
38899     0.658824
38900     0.654902
38901     0.650980
38902     0.643137
38903     0.639216
38904     0.635294
38905     0.623529
38906     0.635294
38907     0.647059
38908     0.650980
38909     0.643137
38910     0.639216
38911     0.643137
38912     0.650980
38913     0.631373
38914     0.631373
38915     0.631373
38916     0.627451
38917     0.627451
38918     0.631373
38919     0.635294
38920     0.635294
38921     0.643137
38922     0.647059
38923     0.654902
38924     0.662745
38925     0.670588
38926     0.670588
38927     0.666667
38928     0.666667
38929     0.643137
38930     0.647059
38931     0.650980
38932     0.658824
38933     0.662745
38934     0.662745
38935     0.662745
38936     0.658824
38937     0.654902
38938     0.650980
38939     0.643137
38940     0.635294
38941     0.635294
38942     0.635294
38943     0.635294
38944     0.639216
38945     0.647059
38946     0.647059
38947     0.647059
38948     0.647059
38949     0.643137
38950     0.639216
38951     0.635294
38952     0.631373
38953     0.635294
38954     0.639216
38955     0.643137
38956     0.658824
38957     0.682353
38958     0.709804
38959     0.729412
38960     0.741176
38961     0.741176
38962     0.737255
38963     0.729412
38964     0.713726
38965     0.698039
38966     0.686275
38967     0.678431
38968     0.674510
38969     0.658824
38970     0.658824
38971     0.662745
38972     0.678431
38973     0.694118
38974     0.709804
38975     0.713726
38976     0.713726
38977     0.721569
38978     0.721569
38979     0.713726
38980     0.713726
38981     0.709804
38982     0.713726
38983     0.717647
38984     0.717647
38985     0.709804
38986     0.705882
38987     0.705882
38988     0.705882
38989     0.709804
38990     0.713726
38991     0.717647
38992     0.717647
38993     0.713726
38994     0.701961
38995     0.690196
38996     0.678431
38997     0.678431
38998     0.690196
38999     0.705882
39000     0.713726
39001     0.713726
39002     0.709804
39003     0.705882
39004     0.701961
39005     0.694118
39006     0.690196
39007     0.690196
39008     0.686275
39009     0.717647
39010     0.717647
39011     0.721569
39012     0.717647
39013     0.713726
39014     0.705882
39015     0.698039
39016     0.694118
39017     0.717647
39018     0.721569
39019     0.725490
39020     0.729412
39021     0.733333
39022     0.733333
39023     0.729412
39024     0.725490
39025     0.682353
39026     0.682353
39027     0.682353
39028     0.682353
39029     0.682353
39030     0.686275
39031     0.686275
39032     0.686275
39033     0.670588
39034     0.650980
39035     0.631373
39036     0.635294
39037     0.650980
39038     0.662745
39039     0.654902
39040     0.643137
39041     0.631373
39042     0.643137
39043     0.658824
39044     0.670588
39045     0.674510
39046     0.674510
39047     0.670588
39048     0.662745
39049     0.662745
39050     0.662745
39051     0.666667
39052     0.647059
39053     0.654902
39054     0.666667
39055     0.682353
39056     0.690196
39057     0.678431
39058     0.658824
39059     0.639216
39060     0.639216
39061     0.639216
39062     0.643137
39063     0.643137
39064     0.639216
39065     0.639216
39066     0.639216
39067     0.639216
39068     0.635294
39069     0.635294
39070     0.639216
39071     0.650980
39072     0.662745
39073     0.666667
39074     0.666667
39075     0.658824
39076     0.650980
39077     0.643137
39078     0.631373
39079     0.619608
39080     0.611765
39081     0.607843
39082     0.611765
39083     0.615686
39084     0.603922
39085     0.607843
39086     0.615686
39087     0.623529
39088     0.627451
39089     0.627451
39090     0.627451
39091     0.623529
39092     0.619608
39093     0.619608
39094     0.615686
39095     0.607843
39096     0.600000
39097     0.600000
39098     0.607843
39099     0.611765
39100     0.596078
39101     0.596078
39102     0.592157
39103     0.596078
39104     0.600000
39105     0.607843
39106     0.615686
39107     0.619608
39108     0.619608
39109     0.619608
39110     0.623529
39111     0.623529
39112     0.619608
39113     0.615686
39114     0.607843
39115     0.603922
39116     0.627451
39117     0.592157
39118     0.552941
39119     0.541176
39120     0.556863
39121     0.588235
39122     0.615686
39123     0.623529
39124     0.603922
39125     0.611765
39126     0.619608
39127     0.627451
39128     0.635294
39129     0.631373
39130     0.623529
39131     0.619608
39132     0.635294
39133     0.639216
39134     0.643137
39135     0.639216
39136     0.635294
39137     0.631373
39138     0.635294
39139     0.635294
39140     0.639216
39141     0.635294
39142     0.635294
39143     0.635294
39144     0.635294
39145     0.635294
39146     0.639216
39147     0.643137
39148     0.643137
39149     0.647059
39150     0.654902
39151     0.662745
39152     0.666667
39153     0.662745
39154     0.662745
39155     0.658824
39156     0.639216
39157     0.643137
39158     0.650980
39159     0.658824
39160     0.662745
39161     0.658824
39162     0.654902
39163     0.650980
39164     0.650980
39165     0.647059
39166     0.639216
39167     0.631373
39168     0.627451
39169     0.631373
39170     0.635294
39171     0.639216
39172     0.639216
39173     0.643137
39174     0.643137
39175     0.647059
39176     0.647059
39177     0.643137
39178     0.643137
39179     0.639216
39180     0.639216
39181     0.654902
39182     0.678431
39183     0.698039
39184     0.717647
39185     0.729412
39186     0.733333
39187     0.737255
39188     0.749020
39189     0.741176
39190     0.729412
39191     0.717647
39192     0.705882
39193     0.694118
39194     0.682353
39195     0.674510
39196     0.658824
39197     0.658824
39198     0.662745
39199     0.674510
39200     0.694118
39201     0.705882
39202     0.709804
39203     0.709804
39204     0.717647
39205     0.713726
39206     0.713726
39207     0.709804
39208     0.709804
39209     0.709804
39210     0.709804
39211     0.713726
39212     0.709804
39213     0.705882
39214     0.705882
39215     0.705882
39216     0.705882
39217     0.709804
39218     0.713726
39219     0.713726
39220     0.701961
39221     0.694118
39222     0.682353
39223     0.674510
39224     0.674510
39225     0.686275
39226     0.698039
39227     0.709804
39228     0.705882
39229     0.698039
39230     0.694118
39231     0.686275
39232     0.682353
39233     0.682353
39234     0.686275
39235     0.686275
39236     0.725490
39237     0.717647
39238     0.705882
39239     0.698039
39240     0.698039
39241     0.705882
39242     0.713726
39243     0.721569
39244     0.729412
39245     0.733333
39246     0.737255
39247     0.741176
39248     0.741176
39249     0.737255
39250     0.733333
39251     0.725490
39252     0.686275
39253     0.686275
39254     0.686275
39255     0.690196
39256     0.690196
39257     0.690196
39258     0.690196
39259     0.690196
39260     0.686275
39261     0.662745
39262     0.639216
39263     0.639216
39264     0.650980
39265     0.654902
39266     0.643137
39267     0.627451
39268     0.631373
39269     0.643137
39270     0.658824
39271     0.674510
39272     0.670588
39273     0.666667
39274     0.662745
39275     0.658824
39276     0.658824
39277     0.658824
39278     0.658824
39279     0.643137
39280     0.647059
39281     0.658824
39282     0.674510
39283     0.678431
39284     0.670588
39285     0.650980
39286     0.635294
39287     0.635294
39288     0.643137
39289     0.650980
39290     0.650980
39291     0.643137
39292     0.639216
39293     0.643137
39294     0.643137
39295     0.643137
39296     0.643137
39297     0.647059
39298     0.658824
39299     0.666667
39300     0.670588
39301     0.662745
39302     0.654902
39303     0.654902
39304     0.643137
39305     0.627451
39306     0.611765
39307     0.603922
39308     0.607843
39309     0.619608
39310     0.627451
39311     0.611765
39312     0.615686
39313     0.623529
39314     0.627451
39315     0.631373
39316     0.631373
39317     0.627451
39318     0.623529
39319     0.619608
39320     0.615686
39321     0.607843
39322     0.600000
39323     0.600000
39324     0.600000
39325     0.603922
39326     0.607843
39327     0.584314
39328     0.584314
39329     0.584314
39330     0.588235
39331     0.596078
39332     0.607843
39333     0.619608
39334     0.627451
39335     0.627451
39336     0.631373
39337     0.631373
39338     0.627451
39339     0.619608
39340     0.607843
39341     0.600000
39342     0.592157
39343     0.603922
39344     0.572549
39345     0.533333
39346     0.529412
39347     0.552941
39348     0.588235
39349     0.607843
39350     0.615686
39351     0.592157
39352     0.596078
39353     0.603922
39354     0.615686
39355     0.631373
39356     0.631373
39357     0.623529
39358     0.615686
39359     0.639216
39360     0.639216
39361     0.635294
39362     0.635294
39363     0.631373
39364     0.627451
39365     0.627451
39366     0.627451
39367     0.639216
39368     0.639216
39369     0.639216
39370     0.639216
39371     0.639216
39372     0.643137
39373     0.647059
39374     0.650980
39375     0.643137
39376     0.647059
39377     0.650980
39378     0.654902
39379     0.658824
39380     0.658824
39381     0.658824
39382     0.658824
39383     0.643137
39384     0.650980
39385     0.658824
39386     0.662745
39387     0.662745
39388     0.654902
39389     0.647059
39390     0.639216
39391     0.643137
39392     0.639216
39393     0.631373
39394     0.623529
39395     0.623529
39396     0.631373
39397     0.639216
39398     0.647059
39399     0.639216
39400     0.643137
39401     0.647059
39402     0.650980
39403     0.650980
39404     0.650980
39405     0.650980
39406     0.650980
39407     0.650980
39408     0.674510
39409     0.705882
39410     0.729412
39411     0.741176
39412     0.741176
39413     0.737255
39414     0.737255
39415     0.745098
39416     0.737255
39417     0.733333
39418     0.725490
39419     0.721569
39420     0.705882
39421     0.690196
39422     0.674510
39423     0.666667
39424     0.666667
39425     0.666667
39426     0.678431
39427     0.694118
39428     0.705882
39429     0.705882
39430     0.705882
39431     0.705882
39432     0.705882
39433     0.709804
39434     0.709804
39435     0.709804
39436     0.709804
39437     0.709804
39438     0.709804
39439     0.709804
39440     0.709804
39441     0.705882
39442     0.705882
39443     0.705882
39444     0.705882
39445     0.709804
39446     0.709804
39447     0.698039
39448     0.694118
39449     0.686275
39450     0.682353
39451     0.682353
39452     0.690196
39453     0.698039
39454     0.701961
39455     0.690196
39456     0.686275
39457     0.674510
39458     0.670588
39459     0.670588
39460     0.674510
39461     0.686275
39462     0.690196
39463     0.721569
39464     0.709804
39465     0.694118
39466     0.682353
39467     0.682353
39468     0.698039
39469     0.721569
39470     0.733333
39471     0.733333
39472     0.737255
39473     0.745098
39474     0.745098
39475     0.745098
39476     0.733333
39477     0.725490
39478     0.717647
39479     0.694118
39480     0.694118
39481     0.690196
39482     0.690196
39483     0.690196
39484     0.690196
39485     0.690196
39486     0.690196
39487     0.694118
39488     0.674510
39489     0.654902
39490     0.647059
39491     0.650980
39492     0.650980
39493     0.639216
39494     0.631373
39495     0.643137
39496     0.654902
39497     0.666667
39498     0.678431
39499     0.674510
39500     0.662745
39501     0.658824
39502     0.658824
39503     0.658824
39504     0.658824
39505     0.658824
39506     0.643137
39507     0.647059
39508     0.654902
39509     0.666667
39510     0.674510
39511     0.666667
39512     0.647059
39513     0.635294
39514     0.635294
39515     0.647059
39516     0.654902
39517     0.654902
39518     0.647059
39519     0.639216
39520     0.643137
39521     0.647059
39522     0.647059
39523     0.647059
39524     0.650980
39525     0.658824
39526     0.666667
39527     0.666667
39528     0.654902
39529     0.647059
39530     0.650980
39531     0.643137
39532     0.635294
39533     0.623529
39534     0.619608
39535     0.623529
39536     0.627451
39537     0.631373
39538     0.619608
39539     0.623529
39540     0.631373
39541     0.635294
39542     0.635294
39543     0.631373
39544     0.627451
39545     0.623529
39546     0.619608
39547     0.611765
39548     0.603922
39549     0.600000
39550     0.603922
39551     0.607843
39552     0.607843
39553     0.607843
39554     0.588235
39555     0.588235
39556     0.588235
39557     0.588235
39558     0.596078
39559     0.611765
39560     0.623529
39561     0.631373
39562     0.631373
39563     0.631373
39564     0.631373
39565     0.627451
39566     0.611765
39567     0.596078
39568     0.580392
39569     0.572549
39570     0.560784
39571     0.541176
39572     0.525490
39573     0.541176
39574     0.580392
39575     0.611765
39576     0.623529
39577     0.619608
39578     0.611765
39579     0.603922
39580     0.600000
39581     0.607843
39582     0.623529
39583     0.631373
39584     0.631373
39585     0.627451
39586     0.635294
39587     0.631373
39588     0.627451
39589     0.627451
39590     0.627451
39591     0.627451
39592     0.627451
39593     0.623529
39594     0.635294
39595     0.635294
39596     0.635294
39597     0.635294
39598     0.639216
39599     0.647059
39600     0.650980
39601     0.654902
39602     0.647059
39603     0.647059
39604     0.647059
39605     0.647059
39606     0.650980
39607     0.654902
39608     0.662745
39609     0.662745
39610     0.654902
39611     0.662745
39612     0.666667
39613     0.666667
39614     0.662745
39615     0.650980
39616     0.635294
39617     0.627451
39618     0.635294
39619     0.631373
39620     0.623529
39621     0.619608
39622     0.623529
39623     0.631373
39624     0.643137
39625     0.650980
39626     0.639216
39627     0.643137
39628     0.647059
39629     0.654902
39630     0.658824
39631     0.658824
39632     0.658824
39633     0.658824
39634     0.670588
39635     0.694118
39636     0.725490
39637     0.741176
39638     0.745098
39639     0.741176
39640     0.741176
39641     0.741176
39642     0.737255
39643     0.733333
39644     0.733333
39645     0.733333
39646     0.733333
39647     0.717647
39648     0.694118
39649     0.674510
39650     0.674510
39651     0.674510
39652     0.674510
39653     0.682353
39654     0.694118
39655     0.701961
39656     0.705882
39657     0.701961
39658     0.701961
39659     0.705882
39660     0.705882
39661     0.709804
39662     0.713726
39663     0.713726
39664     0.713726
39665     0.713726
39666     0.709804
39667     0.709804
39668     0.705882
39669     0.701961
39670     0.701961
39671     0.705882
39672     0.705882
39673     0.709804
39674     0.701961
39675     0.701961
39676     0.698039
39677     0.698039
39678     0.698039
39679     0.698039
39680     0.698039
39681     0.698039
39682     0.678431
39683     0.670588
39684     0.658824
39685     0.654902
39686     0.658824
39687     0.670588
39688     0.682353
39689     0.694118
39690     0.713726
39691     0.701961
39692     0.686275
39693     0.674510
39694     0.678431
39695     0.690196
39696     0.709804
39697     0.721569
39698     0.733333
39699     0.737255
39700     0.745098
39701     0.745098
39702     0.737255
39703     0.725490
39704     0.709804
39705     0.701961
39706     0.694118
39707     0.694118
39708     0.690196
39709     0.690196
39710     0.686275
39711     0.682353
39712     0.682353
39713     0.682353
39714     0.686275
39715     0.678431
39716     0.666667
39717     0.658824
39718     0.650980
39719     0.647059
39720     0.647059
39721     0.647059
39722     0.662745
39723     0.674510
39724     0.686275
39725     0.686275
39726     0.674510
39727     0.666667
39728     0.658824
39729     0.658824
39730     0.662745
39731     0.662745
39732     0.658824
39733     0.647059
39734     0.647059
39735     0.654902
39736     0.662745
39737     0.670588
39738     0.662745
39739     0.650980
39740     0.635294
39741     0.631373
39742     0.647059
39743     0.658824
39744     0.658824
39745     0.647059
39746     0.639216
39747     0.643137
39748     0.650980
39749     0.647059
39750     0.647059
39751     0.650980
39752     0.658824
39753     0.662745
39754     0.658824
39755     0.647059
39756     0.639216
39757     0.647059
39758     0.647059
39759     0.643137
39760     0.639216
39761     0.639216
39762     0.635294
39763     0.635294
39764     0.635294
39765     0.627451
39766     0.631373
39767     0.635294
39768     0.639216
39769     0.639216
39770     0.635294
39771     0.627451
39772     0.623529
39773     0.623529
39774     0.615686
39775     0.607843
39776     0.603922
39777     0.607843
39778     0.611765
39779     0.611765
39780     0.611765
39781     0.596078
39782     0.592157
39783     0.592157
39784     0.592157
39785     0.600000
39786     0.611765
39787     0.623529
39788     0.631373
39789     0.631373
39790     0.631373
39791     0.627451
39792     0.619608
39793     0.607843
39794     0.588235
39795     0.568627
39796     0.556863
39797     0.525490
39798     0.513726
39799     0.521569
39800     0.552941
39801     0.603922
39802     0.635294
39803     0.635294
39804     0.623529
39805     0.615686
39806     0.600000
39807     0.580392
39808     0.584314
39809     0.596078
39810     0.615686
39811     0.623529
39812     0.623529
39813     0.631373
39814     0.623529
39815     0.619608
39816     0.619608
39817     0.627451
39818     0.631373
39819     0.631373
39820     0.627451
39821     0.627451
39822     0.627451
39823     0.631373
39824     0.635294
39825     0.639216
39826     0.647059
39827     0.654902
39828     0.658824
39829     0.647059
39830     0.643137
39831     0.643137
39832     0.643137
39833     0.647059
39834     0.654902
39835     0.662745
39836     0.666667
39837     0.662745
39838     0.670588
39839     0.674510
39840     0.670588
39841     0.662745
39842     0.647059
39843     0.631373
39844     0.619608
39845     0.631373
39846     0.627451
39847     0.619608
39848     0.615686
39849     0.619608
39850     0.631373
39851     0.647059
39852     0.654902
39853     0.639216
39854     0.643137
39855     0.650980
39856     0.654902
39857     0.662745
39858     0.662745
39859     0.666667
39860     0.666667
39861     0.686275
39862     0.705882
39863     0.729412
39864     0.737255
39865     0.737255
39866     0.733333
39867     0.741176
39868     0.745098
39869     0.733333
39870     0.729412
39871     0.733333
39872     0.741176
39873     0.741176
39874     0.725490
39875     0.698039
39876     0.670588
39877     0.682353
39878     0.678431
39879     0.678431
39880     0.686275
39881     0.698039
39882     0.701961
39883     0.701961
39884     0.698039
39885     0.701961
39886     0.701961
39887     0.709804
39888     0.713726
39889     0.717647
39890     0.721569
39891     0.721569
39892     0.721569
39893     0.709804
39894     0.709804
39895     0.705882
39896     0.701961
39897     0.701961
39898     0.701961
39899     0.705882
39900     0.705882
39901     0.709804
39902     0.709804
39903     0.709804
39904     0.709804
39905     0.709804
39906     0.705882
39907     0.701961
39908     0.698039
39909     0.666667
39910     0.658824
39911     0.650980
39912     0.647059
39913     0.650980
39914     0.666667
39915     0.682353
39916     0.694118
39917     0.705882
39918     0.698039
39919     0.686275
39920     0.678431
39921     0.678431
39922     0.686275
39923     0.698039
39924     0.705882
39925     0.733333
39926     0.737255
39927     0.741176
39928     0.741176
39929     0.733333
39930     0.717647
39931     0.701961
39932     0.690196
39933     0.694118
39934     0.690196
39935     0.686275
39936     0.682353
39937     0.678431
39938     0.674510
39939     0.674510
39940     0.670588
39941     0.678431
39942     0.678431
39943     0.674510
39944     0.662745
39945     0.650980
39946     0.647059
39947     0.654902
39948     0.662745
39949     0.678431
39950     0.690196
39951     0.698039
39952     0.698039
39953     0.690196
39954     0.674510
39955     0.666667
39956     0.666667
39957     0.670588
39958     0.666667
39959     0.662745
39960     0.647059
39961     0.650980
39962     0.654902
39963     0.658824
39964     0.654902
39965     0.647059
39966     0.635294
39967     0.627451
39968     0.627451
39969     0.639216
39970     0.658824
39971     0.666667
39972     0.658824
39973     0.647059
39974     0.639216
39975     0.635294
39976     0.643137
39977     0.643137
39978     0.647059
39979     0.647059
39980     0.647059
39981     0.647059
39982     0.650980
39983     0.650980
39984     0.658824
39985     0.643137
39986     0.627451
39987     0.627451
39988     0.639216
39989     0.643137
39990     0.639216
39991     0.631373
39992     0.623529
39993     0.623529
39994     0.627451
39995     0.627451
39996     0.627451
39997     0.623529
39998     0.619608
39999     0.619608
40000     0.600000
40001     0.603922
40002     0.603922
40003     0.603922
40004     0.607843
40005     0.611765
40006     0.611765
40007     0.611765
40008     0.607843
40009     0.611765
40010     0.615686
40011     0.619608
40012     0.623529
40013     0.627451
40014     0.627451
40015     0.623529
40016     0.635294
40017     0.627451
40018     0.619608
40019     0.615686
40020     0.615686
40021     0.600000
40022     0.572549
40023     0.545098
40024     0.517647
40025     0.529412
40026     0.560784
40027     0.600000
40028     0.639216
40029     0.647059
40030     0.635294
40031     0.615686
40032     0.603922
40033     0.592157
40034     0.584314
40035     0.588235
40036     0.603922
40037     0.619608
40038     0.619608
40039     0.615686
40040     0.627451
40041     0.631373
40042     0.623529
40043     0.607843
40044     0.607843
40045     0.627451
40046     0.639216
40047     0.635294
40048     0.631373
40049     0.639216
40050     0.639216
40051     0.635294
40052     0.627451
40053     0.631373
40054     0.650980
40055     0.666667
40056     0.658824
40057     0.650980
40058     0.647059
40059     0.647059
40060     0.654902
40061     0.662745
40062     0.662745
40063     0.658824
40064     0.678431
40065     0.674510
40066     0.670588
40067     0.662745
40068     0.650980
40069     0.635294
40070     0.623529
40071     0.615686
40072     0.619608
40073     0.623529
40074     0.623529
40075     0.627451
40076     0.631373
40077     0.635294
40078     0.639216
40079     0.639216
40080     0.623529
40081     0.627451
40082     0.635294
40083     0.631373
40084     0.635294
40085     0.650980
40086     0.674510
40087     0.698039
40088     0.717647
40089     0.717647
40090     0.713726
40091     0.713726
40092     0.713726
40093     0.721569
40094     0.729412
40095     0.733333
40096     0.725490
40097     0.721569
40098     0.721569
40099     0.721569
40100     0.717647
40101     0.717647
40102     0.713726
40103     0.713726
40104     0.698039
40105     0.694118
40106     0.682353
40107     0.678431
40108     0.678431
40109     0.686275
40110     0.698039
40111     0.705882
40112     0.690196
40113     0.690196
40114     0.701961
40115     0.717647
40116     0.729412
40117     0.733333
40118     0.729412
40119     0.721569
40120     0.713726
40121     0.709804
40122     0.701961
40123     0.698039
40124     0.694118
40125     0.694118
40126     0.698039
40127     0.701961
40128     0.709804
40129     0.713726
40130     0.717647
40131     0.721569
40132     0.717647
40133     0.709804
40134     0.698039
40135     0.694118
40136     0.678431
40137     0.666667
40138     0.654902
40139     0.647059
40140     0.647059
40141     0.654902
40142     0.670588
40143     0.678431
40144     0.686275
40145     0.682353
40146     0.678431
40147     0.678431
40148     0.674510
40149     0.674510
40150     0.678431
40151     0.678431
40152     0.717647
40153     0.717647
40154     0.717647
40155     0.713726
40156     0.705882
40157     0.694118
40158     0.686275
40159     0.678431
40160     0.678431
40161     0.678431
40162     0.678431
40163     0.678431
40164     0.670588
40165     0.666667
40166     0.658824
40167     0.654902
40168     0.658824
40169     0.650980
40170     0.643137
40171     0.635294
40172     0.635294
40173     0.643137
40174     0.654902
40175     0.662745
40176     0.701961
40177     0.701961
40178     0.705882
40179     0.698039
40180     0.690196
40181     0.678431
40182     0.674510
40183     0.674510
40184     0.674510
40185     0.670588
40186     0.662745
40187     0.654902
40188     0.654902
40189     0.658824
40190     0.658824
40191     0.658824
40192     0.650980
40193     0.647059
40194     0.643137
40195     0.639216
40196     0.654902
40197     0.670588
40198     0.674510
40199     0.666667
40200     0.654902
40201     0.643137
40202     0.639216
40203     0.647059
40204     0.650980
40205     0.650980
40206     0.650980
40207     0.650980
40208     0.654902
40209     0.654902
40210     0.654902
40211     0.658824
40212     0.650980
40213     0.639216
40214     0.635294
40215     0.635294
40216     0.639216
40217     0.639216
40218     0.639216
40219     0.623529
40220     0.623529
40221     0.623529
40222     0.623529
40223     0.623529
40224     0.619608
40225     0.619608
40226     0.615686
40227     0.607843
40228     0.607843
40229     0.607843
40230     0.611765
40231     0.611765
40232     0.615686
40233     0.615686
40234     0.615686
40235     0.611765
40236     0.615686
40237     0.615686
40238     0.619608
40239     0.623529
40240     0.623529
40241     0.623529
40242     0.623529
40243     0.647059
40244     0.639216
40245     0.631373
40246     0.623529
40247     0.611765
40248     0.596078
40249     0.576471
40250     0.560784
40251     0.556863
40252     0.576471
40253     0.611765
40254     0.647059
40255     0.666667
40256     0.666667
40257     0.650980
40258     0.635294
40259     0.611765
40260     0.600000
40261     0.588235
40262     0.592157
40263     0.607843
40264     0.619608
40265     0.619608
40266     0.619608
40267     0.627451
40268     0.635294
40269     0.627451
40270     0.611765
40271     0.615686
40272     0.639216
40273     0.654902
40274     0.650980
40275     0.639216
40276     0.635294
40277     0.635294
40278     0.631373
40279     0.627451
40280     0.631373
40281     0.647059
40282     0.658824
40283     0.647059
40284     0.643137
40285     0.643137
40286     0.647059
40287     0.658824
40288     0.666667
40289     0.662745
40290     0.658824
40291     0.666667
40292     0.666667
40293     0.666667
40294     0.662745
40295     0.654902
40296     0.639216
40297     0.623529
40298     0.615686
40299     0.623529
40300     0.627451
40301     0.627451
40302     0.631373
40303     0.635294
40304     0.639216
40305     0.639216
40306     0.643137
40307     0.627451
40308     0.635294
40309     0.643137
40310     0.643137
40311     0.643137
40312     0.654902
40313     0.674510
40314     0.690196
40315     0.701961
40316     0.701961
40317     0.701961
40318     0.701961
40319     0.705882
40320     0.713726
40321     0.717647
40322     0.721569
40323     0.713726
40324     0.713726
40325     0.713726
40326     0.713726
40327     0.713726
40328     0.713726
40329     0.713726
40330     0.713726
40331     0.701961
40332     0.694118
40333     0.686275
40334     0.678431
40335     0.678431
40336     0.686275
40337     0.694118
40338     0.701961
40339     0.690196
40340     0.694118
40341     0.701961
40342     0.717647
40343     0.729412
40344     0.733333
40345     0.729412
40346     0.721569
40347     0.713726
40348     0.709804
40349     0.701961
40350     0.698039
40351     0.694118
40352     0.698039
40353     0.701961
40354     0.701961
40355     0.709804
40356     0.713726
40357     0.717647
40358     0.717647
40359     0.713726
40360     0.705882
40361     0.694118
40362     0.690196
40363     0.666667
40364     0.658824
40365     0.650980
40366     0.647059
40367     0.650980
40368     0.658824
40369     0.670588
40370     0.678431
40371     0.678431
40372     0.678431
40373     0.670588
40374     0.666667
40375     0.666667
40376     0.666667
40377     0.666667
40378     0.666667
40379     0.698039
40380     0.698039
40381     0.698039
40382     0.698039
40383     0.694118
40384     0.686275
40385     0.678431
40386     0.674510
40387     0.682353
40388     0.682353
40389     0.678431
40390     0.674510
40391     0.666667
40392     0.658824
40393     0.650980
40394     0.647059
40395     0.647059
40396     0.643137
40397     0.635294
40398     0.631373
40399     0.635294
40400     0.647059
40401     0.658824
40402     0.666667
40403     0.698039
40404     0.698039
40405     0.701961
40406     0.690196
40407     0.686275
40408     0.682353
40409     0.678431
40410     0.682353
40411     0.678431
40412     0.666667
40413     0.658824
40414     0.654902
40415     0.654902
40416     0.654902
40417     0.654902
40418     0.654902
40419     0.654902
40420     0.650980
40421     0.650980
40422     0.658824
40423     0.670588
40424     0.682353
40425     0.682353
40426     0.670588
40427     0.658824
40428     0.647059
40429     0.643137
40430     0.650980
40431     0.650980
40432     0.654902
40433     0.654902
40434     0.654902
40435     0.658824
40436     0.658824
40437     0.658824
40438     0.658824
40439     0.658824
40440     0.654902
40441     0.647059
40442     0.639216
40443     0.635294
40444     0.643137
40445     0.647059
40446     0.623529
40447     0.623529
40448     0.623529
40449     0.619608
40450     0.619608
40451     0.615686
40452     0.615686
40453     0.615686
40454     0.615686
40455     0.615686
40456     0.615686
40457     0.619608
40458     0.619608
40459     0.619608
40460     0.619608
40461     0.623529
40462     0.619608
40463     0.619608
40464     0.619608
40465     0.619608
40466     0.623529
40467     0.623529
40468     0.623529
40469     0.623529
40470     0.650980
40471     0.647059
40472     0.639216
40473     0.623529
40474     0.603922
40475     0.592157
40476     0.584314
40477     0.584314
40478     0.607843
40479     0.631373
40480     0.658824
40481     0.678431
40482     0.678431
40483     0.666667
40484     0.654902
40485     0.643137
40486     0.615686
40487     0.607843
40488     0.596078
40489     0.596078
40490     0.603922
40491     0.611765
40492     0.619608
40493     0.619608
40494     0.635294
40495     0.643137
40496     0.643137
40497     0.631373
40498     0.635294
40499     0.658824
40500     0.666667
40501     0.662745
40502     0.639216
40503     0.631373
40504     0.619608
40505     0.619608
40506     0.627451
40507     0.639216
40508     0.647059
40509     0.647059
40510     0.635294
40511     0.635294
40512     0.639216
40513     0.650980
40514     0.662745
40515     0.666667
40516     0.662745
40517     0.654902
40518     0.650980
40519     0.654902
40520     0.658824
40521     0.662745
40522     0.654902
40523     0.643137
40524     0.627451
40525     0.619608
40526     0.631373
40527     0.631373
40528     0.635294
40529     0.635294
40530     0.639216
40531     0.643137
40532     0.643137
40533     0.647059
40534     0.635294
40535     0.643137
40536     0.647059
40537     0.650980
40538     0.650980
40539     0.654902
40540     0.666667
40541     0.678431
40542     0.670588
40543     0.674510
40544     0.682353
40545     0.690196
40546     0.694118
40547     0.698039
40548     0.698039
40549     0.701961
40550     0.698039
40551     0.698039
40552     0.701961
40553     0.701961
40554     0.705882
40555     0.709804
40556     0.713726
40557     0.713726
40558     0.705882
40559     0.701961
40560     0.690196
40561     0.682353
40562     0.678431
40563     0.682353
40564     0.686275
40565     0.694118
40566     0.694118
40567     0.694118
40568     0.701961
40569     0.713726
40570     0.729412
40571     0.733333
40572     0.729412
40573     0.725490
40574     0.709804
40575     0.705882
40576     0.701961
40577     0.694118
40578     0.694118
40579     0.698039
40580     0.701961
40581     0.705882
40582     0.713726
40583     0.713726
40584     0.717647
40585     0.713726
40586     0.709804
40587     0.701961
40588     0.690196
40589     0.686275
40590     0.654902
40591     0.654902
40592     0.654902
40593     0.654902
40594     0.658824
40595     0.666667
40596     0.670588
40597     0.674510
40598     0.670588
40599     0.670588
40600     0.662745
40601     0.658824
40602     0.654902
40603     0.650980
40604     0.650980
40605     0.650980
40606     0.674510
40607     0.674510
40608     0.678431
40609     0.678431
40610     0.678431
40611     0.674510
40612     0.670588
40613     0.666667
40614     0.674510
40615     0.674510
40616     0.674510
40617     0.670588
40618     0.662745
40619     0.654902
40620     0.647059
40621     0.643137
40622     0.635294
40623     0.635294
40624     0.631373
40625     0.631373
40626     0.635294
40627     0.647059
40628     0.662745
40629     0.670588
40630     0.690196
40631     0.694118
40632     0.698039
40633     0.678431
40634     0.674510
40635     0.674510
40636     0.678431
40637     0.678431
40638     0.674510
40639     0.662745
40640     0.650980
40641     0.650980
40642     0.647059
40643     0.647059
40644     0.643137
40645     0.643137
40646     0.643137
40647     0.647059
40648     0.650980
40649     0.666667
40650     0.674510
40651     0.682353
40652     0.682353
40653     0.666667
40654     0.654902
40655     0.643137
40656     0.639216
40657     0.647059
40658     0.647059
40659     0.650980
40660     0.650980
40661     0.654902
40662     0.658824
40663     0.658824
40664     0.658824
40665     0.662745
40666     0.666667
40667     0.666667
40668     0.654902
40669     0.639216
40670     0.635294
40671     0.643137
40672     0.658824
40673     0.627451
40674     0.623529
40675     0.619608
40676     0.619608
40677     0.615686
40678     0.611765
40679     0.611765
40680     0.611765
40681     0.623529
40682     0.623529
40683     0.623529
40684     0.623529
40685     0.627451
40686     0.627451
40687     0.627451
40688     0.627451
40689     0.623529
40690     0.623529
40691     0.619608
40692     0.619608
40693     0.619608
40694     0.623529
40695     0.623529
40696     0.623529
40697     0.639216
40698     0.639216
40699     0.635294
40700     0.615686
40701     0.596078
40702     0.592157
40703     0.603922
40704     0.615686
40705     0.635294
40706     0.654902
40707     0.670588
40708     0.670588
40709     0.654902
40710     0.639216
40711     0.635294
40712     0.639216
40713     0.619608
40714     0.611765
40715     0.600000
40716     0.596078
40717     0.600000
40718     0.607843
40719     0.615686
40720     0.619608
40721     0.650980
40722     0.666667
40723     0.670588
40724     0.662745
40725     0.666667
40726     0.674510
40727     0.666667
40728     0.650980
40729     0.627451
40730     0.615686
40731     0.603922
40732     0.611765
40733     0.631373
40734     0.647059
40735     0.650980
40736     0.650980
40737     0.635294
40738     0.639216
40739     0.643137
40740     0.654902
40741     0.662745
40742     0.662745
40743     0.650980
40744     0.643137
40745     0.635294
40746     0.643137
40747     0.654902
40748     0.662745
40749     0.658824
40750     0.647059
40751     0.635294
40752     0.627451
40753     0.639216
40754     0.639216
40755     0.639216
40756     0.643137
40757     0.643137
40758     0.647059
40759     0.647059
40760     0.650980
40761     0.639216
40762     0.643137
40763     0.647059
40764     0.650980
40765     0.650980
40766     0.654902
40767     0.658824
40768     0.658824
40769     0.647059
40770     0.654902
40771     0.666667
40772     0.674510
40773     0.682353
40774     0.682353
40775     0.682353
40776     0.678431
40777     0.682353
40778     0.682353
40779     0.686275
40780     0.694118
40781     0.701961
40782     0.705882
40783     0.709804
40784     0.713726
40785     0.709804
40786     0.705882
40787     0.694118
40788     0.686275
40789     0.678431
40790     0.678431
40791     0.682353
40792     0.686275
40793     0.694118
40794     0.694118
40795     0.698039
40796     0.709804
40797     0.725490
40798     0.733333
40799     0.729412
40800     0.725490
40801     0.705882
40802     0.701961
40803     0.698039
40804     0.694118
40805     0.694118
40806     0.701961
40807     0.705882
40808     0.709804
40809     0.713726
40810     0.717647
40811     0.713726
40812     0.713726
40813     0.705882
40814     0.698039
40815     0.690196
40816     0.686275
40817     0.654902
40818     0.654902
40819     0.662745
40820     0.666667
40821     0.670588
40822     0.674510
40823     0.678431
40824     0.678431
40825     0.670588
40826     0.666667
40827     0.658824
40828     0.654902
40829     0.647059
40830     0.647059
40831     0.647059
40832     0.647059
40833     0.666667
40834     0.666667
40835     0.666667
40836     0.666667
40837     0.662745
40838     0.658824
40839     0.654902
40840     0.654902
40841     0.658824
40842     0.658824
40843     0.658824
40844     0.658824
40845     0.658824
40846     0.654902
40847     0.650980
40848     0.647059
40849     0.639216
40850     0.639216
40851     0.635294
40852     0.635294
40853     0.639216
40854     0.650980
40855     0.658824
40856     0.666667
40857     0.690196
40858     0.690196
40859     0.698039
40860     0.666667
40861     0.662745
40862     0.662745
40863     0.666667
40864     0.670588
40865     0.666667
40866     0.654902
40867     0.643137
40868     0.643137
40869     0.643137
40870     0.639216
40871     0.635294
40872     0.631373
40873     0.635294
40874     0.635294
40875     0.639216
40876     0.662745
40877     0.670588
40878     0.674510
40879     0.670588
40880     0.658824
40881     0.643137
40882     0.635294
40883     0.631373
40884     0.639216
40885     0.639216
40886     0.643137
40887     0.647059
40888     0.650980
40889     0.654902
40890     0.654902
40891     0.658824
40892     0.662745
40893     0.670588
40894     0.670588
40895     0.658824
40896     0.643137
40897     0.639216
40898     0.650980
40899     0.662745
40900     0.635294
40901     0.631373
40902     0.623529
40903     0.615686
40904     0.611765
40905     0.611765
40906     0.615686
40907     0.615686
40908     0.631373
40909     0.631373
40910     0.631373
40911     0.631373
40912     0.631373
40913     0.631373
40914     0.627451
40915     0.627451
40916     0.627451
40917     0.623529
40918     0.619608
40919     0.619608
40920     0.619608
40921     0.623529
40922     0.627451
40923     0.631373
40924     0.615686
40925     0.619608
40926     0.615686
40927     0.603922
40928     0.592157
40929     0.600000
40930     0.623529
40931     0.643137
40932     0.654902
40933     0.658824
40934     0.654902
40935     0.643137
40936     0.623529
40937     0.615686
40938     0.623529
40939     0.635294
40940     0.623529
40941     0.615686
40942     0.607843
40943     0.600000
40944     0.596078
40945     0.603922
40946     0.619608
40947     0.631373
40948     0.670588
40949     0.690196
40950     0.701961
40951     0.694118
40952     0.682353
40953     0.674510
40954     0.654902
40955     0.627451
40956     0.611765
40957     0.600000
40958     0.592157
40959     0.603922
40960     0.627451
40961     0.650980
40962     0.658824
40963     0.658824
40964     0.654902
40965     0.650980
40966     0.654902
40967     0.658824
40968     0.662745
40969     0.654902
40970     0.643137
40971     0.631373
40972     0.635294
40973     0.643137
40974     0.650980
40975     0.658824
40976     0.658824
40977     0.654902
40978     0.643137
40979     0.635294
40980     0.647059
40981     0.647059
40982     0.647059
40983     0.650980
40984     0.650980
40985     0.650980
40986     0.650980
40987     0.654902
40988     0.639216
40989     0.639216
40990     0.639216
40991     0.643137
40992     0.647059
40993     0.647059
40994     0.647059
40995     0.647059
40996     0.639216
40997     0.647059
40998     0.654902
40999     0.662745
41000     0.670588
41001     0.670588
41002     0.666667
41003     0.666667
41004     0.670588
41005     0.674510
41006     0.678431
41007     0.686275
41008     0.694118
41009     0.701961
41010     0.709804
41011     0.709804
41012     0.709804
41013     0.705882
41014     0.698039
41015     0.686275
41016     0.682353
41017     0.678431
41018     0.678431
41019     0.678431
41020     0.690196
41021     0.690196
41022     0.690196
41023     0.701961
41024     0.717647
41025     0.725490
41026     0.725490
41027     0.721569
41028     0.701961
41029     0.698039
41030     0.694118
41031     0.694118
41032     0.698039
41033     0.701961
41034     0.709804
41035     0.713726
41036     0.717647
41037     0.717647
41038     0.713726
41039     0.709804
41040     0.705882
41041     0.698039
41042     0.694118
41043     0.690196
41044     0.666667
41045     0.666667
41046     0.674510
41047     0.678431
41048     0.682353
41049     0.678431
41050     0.678431
41051     0.674510
41052     0.666667
41053     0.662745
41054     0.658824
41055     0.654902
41056     0.650980
41057     0.647059
41058     0.647059
41059     0.647059
41060     0.674510
41061     0.670588
41062     0.662745
41063     0.654902
41064     0.650980
41065     0.643137
41066     0.639216
41067     0.639216
41068     0.631373
41069     0.635294
41070     0.639216
41071     0.647059
41072     0.650980
41073     0.654902
41074     0.658824
41075     0.658824
41076     0.654902
41077     0.654902
41078     0.650980
41079     0.647059
41080     0.650980
41081     0.654902
41082     0.658824
41083     0.662745
41084     0.690196
41085     0.690196
41086     0.698039
41087     0.662745
41088     0.658824
41089     0.654902
41090     0.654902
41091     0.658824
41092     0.658824
41093     0.650980
41094     0.643137
41095     0.647059
41096     0.647059
41097     0.647059
41098     0.643137
41099     0.639216
41100     0.635294
41101     0.631373
41102     0.631373
41103     0.650980
41104     0.658824
41105     0.662745
41106     0.658824
41107     0.643137
41108     0.631373
41109     0.627451
41110     0.627451
41111     0.635294
41112     0.635294
41113     0.639216
41114     0.643137
41115     0.647059
41116     0.650980
41117     0.654902
41118     0.658824
41119     0.662745
41120     0.662745
41121     0.662745
41122     0.654902
41123     0.647059
41124     0.647059
41125     0.654902
41126     0.662745
41127     0.643137
41128     0.635294
41129     0.627451
41130     0.619608
41131     0.615686
41132     0.615686
41133     0.615686
41134     0.619608
41135     0.635294
41136     0.635294
41137     0.635294
41138     0.631373
41139     0.631373
41140     0.631373
41141     0.631373
41142     0.627451
41143     0.623529
41144     0.619608
41145     0.619608
41146     0.615686
41147     0.619608
41148     0.627451
41149     0.635294
41150     0.643137
41151     0.607843
41152     0.607843
41153     0.603922
41154     0.596078
41155     0.600000
41156     0.615686
41157     0.639216
41158     0.654902
41159     0.658824
41160     0.654902
41161     0.643137
41162     0.627451
41163     0.619608
41164     0.623529
41165     0.635294
41166     0.643137
41167     0.627451
41168     0.627451
41169     0.619608
41170     0.607843
41171     0.603922
41172     0.615686
41173     0.631373
41174     0.650980
41175     0.686275
41176     0.701961
41177     0.705882
41178     0.690196
41179     0.674510
41180     0.658824
41181     0.631373
41182     0.603922
41183     0.596078
41184     0.592157
41185     0.592157
41186     0.600000
41187     0.619608
41188     0.643137
41189     0.658824
41190     0.662745
41191     0.670588
41192     0.662745
41193     0.662745
41194     0.662745
41195     0.662745
41196     0.654902
41197     0.643137
41198     0.631373
41199     0.643137
41200     0.647059
41201     0.650980
41202     0.654902
41203     0.658824
41204     0.654902
41205     0.650980
41206     0.650980
41207     0.654902
41208     0.654902
41209     0.654902
41210     0.654902
41211     0.654902
41212     0.654902
41213     0.658824
41214     0.658824
41215     0.643137
41216     0.639216
41217     0.631373
41218     0.631373
41219     0.639216
41220     0.647059
41221     0.647059
41222     0.643137
41223     0.647059
41224     0.650980
41225     0.654902
41226     0.658824
41227     0.662745
41228     0.662745
41229     0.662745
41230     0.662745
41231     0.666667
41232     0.670588
41233     0.674510
41234     0.682353
41235     0.690196
41236     0.698039
41237     0.705882
41238     0.709804
41239     0.705882
41240     0.701961
41241     0.698039
41242     0.690196
41243     0.686275
41244     0.682353
41245     0.678431
41246     0.678431
41247     0.686275
41248     0.682353
41249     0.682353
41250     0.694118
41251     0.705882
41252     0.717647
41253     0.717647
41254     0.717647
41255     0.698039
41256     0.694118
41257     0.694118
41258     0.694118
41259     0.698039
41260     0.705882
41261     0.713726
41262     0.717647
41263     0.717647
41264     0.717647
41265     0.713726
41266     0.709804
41267     0.709804
41268     0.705882
41269     0.705882
41270     0.701961
41271     0.682353
41272     0.682353
41273     0.682353
41274     0.678431
41275     0.678431
41276     0.670588
41277     0.666667
41278     0.662745
41279     0.662745
41280     0.658824
41281     0.654902
41282     0.650980
41283     0.650980
41284     0.650980
41285     0.654902
41286     0.654902
41287     0.670588
41288     0.666667
41289     0.658824
41290     0.647059
41291     0.639216
41292     0.635294
41293     0.631373
41294     0.631373
41295     0.611765
41296     0.615686
41297     0.627451
41298     0.639216
41299     0.647059
41300     0.654902
41301     0.658824
41302     0.662745
41303     0.670588
41304     0.666667
41305     0.666667
41306     0.662745
41307     0.662745
41308     0.666667
41309     0.666667
41310     0.670588
41311     0.690196
41312     0.694118
41313     0.698039
41314     0.666667
41315     0.658824
41316     0.650980
41317     0.650980
41318     0.654902
41319     0.658824
41320     0.654902
41321     0.650980
41322     0.666667
41323     0.666667
41324     0.666667
41325     0.666667
41326     0.658824
41327     0.650980
41328     0.639216
41329     0.635294
41330     0.643137
41331     0.650980
41332     0.654902
41333     0.650980
41334     0.639216
41335     0.627451
41336     0.623529
41337     0.623529
41338     0.635294
41339     0.639216
41340     0.643137
41341     0.647059
41342     0.650980
41343     0.658824
41344     0.662745
41345     0.662745
41346     0.662745
41347     0.654902
41348     0.647059
41349     0.647059
41350     0.650980
41351     0.658824
41352     0.662745
41353     0.662745
41354     0.650980
41355     0.643137
41356     0.631373
41357     0.623529
41358     0.619608
41359     0.619608
41360     0.619608
41361     0.623529
41362     0.635294
41363     0.635294
41364     0.635294
41365     0.631373
41366     0.631373
41367     0.627451
41368     0.627451
41369     0.627451
41370     0.619608
41371     0.615686
41372     0.615686
41373     0.615686
41374     0.619608
41375     0.631373
41376     0.643137
41377     0.650980
41378     0.615686
41379     0.607843
41380     0.600000
41381     0.600000
41382     0.615686
41383     0.631373
41384     0.647059
41385     0.654902
41386     0.647059
41387     0.639216
41388     0.631373
41389     0.631373
41390     0.639216
41391     0.647059
41392     0.647059
41393     0.647059
41394     0.639216
41395     0.639216
41396     0.635294
41397     0.623529
41398     0.619608
41399     0.631373
41400     0.654902
41401     0.674510
41402     0.698039
41403     0.701961
41404     0.690196
41405     0.658824
41406     0.639216
41407     0.635294
41408     0.619608
41409     0.600000
41410     0.592157
41411     0.596078
41412     0.600000
41413     0.603922
41414     0.611765
41415     0.623529
41416     0.643137
41417     0.658824
41418     0.674510
41419     0.666667
41420     0.662745
41421     0.658824
41422     0.662745
41423     0.658824
41424     0.650980
41425     0.643137
41426     0.654902
41427     0.654902
41428     0.654902
41429     0.654902
41430     0.654902
41431     0.658824
41432     0.658824
41433     0.662745
41434     0.662745
41435     0.662745
41436     0.662745
41437     0.662745
41438     0.658824
41439     0.658824
41440     0.658824
41441     0.658824
41442     0.654902
41443     0.639216
41444     0.627451
41445     0.627451
41446     0.639216
41447     0.650980
41448     0.650980
41449     0.650980
41450     0.662745
41451     0.658824
41452     0.658824
41453     0.658824
41454     0.658824
41455     0.658824
41456     0.662745
41457     0.662745
41458     0.666667
41459     0.670588
41460     0.674510
41461     0.682353
41462     0.690196
41463     0.698039
41464     0.701961
41465     0.705882
41466     0.701961
41467     0.698039
41468     0.694118
41469     0.690196
41470     0.686275
41471     0.682353
41472     0.682353
41473     0.682353
41474     0.678431
41475     0.674510
41476     0.674510
41477     0.686275
41478     0.698039
41479     0.709804
41480     0.713726
41481     0.709804
41482     0.694118
41483     0.694118
41484     0.690196
41485     0.694118
41486     0.698039
41487     0.705882
41488     0.717647
41489     0.721569
41490     0.717647
41491     0.717647
41492     0.713726
41493     0.713726
41494     0.713726
41495     0.713726
41496     0.713726
41497     0.717647
41498     0.694118
41499     0.690196
41500     0.682353
41501     0.674510
41502     0.662745
41503     0.654902
41504     0.650980
41505     0.647059
41506     0.650980
41507     0.650980
41508     0.647059
41509     0.647059
41510     0.647059
41511     0.650980
41512     0.654902
41513     0.658824
41514     0.658824
41515     0.650980
41516     0.643137
41517     0.635294
41518     0.631373
41519     0.627451
41520     0.627451
41521     0.627451
41522     0.603922
41523     0.611765
41524     0.619608
41525     0.631373
41526     0.643137
41527     0.650980
41528     0.654902
41529     0.654902
41530     0.674510
41531     0.674510
41532     0.674510
41533     0.678431
41534     0.678431
41535     0.682353
41536     0.686275
41537     0.686275
41538     0.698039
41539     0.698039
41540     0.701961
41541     0.670588
41542     0.662745
41543     0.650980
41544     0.650980
41545     0.654902
41546     0.658824
41547     0.658824
41548     0.658824
41549     0.682353
41550     0.686275
41551     0.686275
41552     0.686275
41553     0.678431
41554     0.666667
41555     0.650980
41556     0.643137
41557     0.643137
41558     0.647059
41559     0.650980
41560     0.647059
41561     0.635294
41562     0.627451
41563     0.623529
41564     0.627451
41565     0.643137
41566     0.643137
41567     0.647059
41568     0.650980
41569     0.658824
41570     0.662745
41571     0.666667
41572     0.670588
41573     0.662745
41574     0.647059
41575     0.635294
41576     0.639216
41577     0.654902
41578     0.666667
41579     0.666667
41580     0.658824
41581     0.654902
41582     0.647059
41583     0.635294
41584     0.623529
41585     0.619608
41586     0.619608
41587     0.623529
41588     0.627451
41589     0.635294
41590     0.635294
41591     0.635294
41592     0.631373
41593     0.631373
41594     0.627451
41595     0.627451
41596     0.627451
41597     0.615686
41598     0.615686
41599     0.611765
41600     0.615686
41601     0.623529
41602     0.635294
41603     0.647059
41604     0.658824
41605     0.631373
41606     0.615686
41607     0.600000
41608     0.607843
41609     0.627451
41610     0.643137
41611     0.650980
41612     0.650980
41613     0.631373
41614     0.623529
41615     0.623529
41616     0.639216
41617     0.654902
41618     0.662745
41619     0.654902
41620     0.643137
41621     0.650980
41622     0.650980
41623     0.647059
41624     0.635294
41625     0.631373
41626     0.643137
41627     0.670588
41628     0.694118
41629     0.701961
41630     0.694118
41631     0.670588
41632     0.631373
41633     0.611765
41634     0.611765
41635     0.611765
41636     0.600000
41637     0.596078
41638     0.603922
41639     0.611765
41640     0.607843
41641     0.603922
41642     0.611765
41643     0.631373
41644     0.650980
41645     0.674510
41646     0.666667
41647     0.658824
41648     0.658824
41649     0.662745
41650     0.666667
41651     0.662745
41652     0.658824
41653     0.662745
41654     0.658824
41655     0.654902
41656     0.650980
41657     0.654902
41658     0.658824
41659     0.662745
41660     0.670588
41661     0.666667
41662     0.662745
41663     0.662745
41664     0.662745
41665     0.662745
41666     0.662745
41667     0.662745
41668     0.662745
41669     0.662745
41670     0.643137
41671     0.627451
41672     0.627451
41673     0.639216
41674     0.654902
41675     0.658824
41676     0.658824
41677     0.674510
41678     0.670588
41679     0.662745
41680     0.658824
41681     0.654902
41682     0.658824
41683     0.662745
41684     0.666667
41685     0.670588
41686     0.670588
41687     0.674510
41688     0.682353
41689     0.690196
41690     0.694118
41691     0.701961
41692     0.701961
41693     0.698039
41694     0.698039
41695     0.694118
41696     0.690196
41697     0.690196
41698     0.686275
41699     0.682353
41700     0.682353
41701     0.678431
41702     0.670588
41703     0.670588
41704     0.678431
41705     0.694118
41706     0.705882
41707     0.709804
41708     0.709804
41709     0.694118
41710     0.690196
41711     0.690196
41712     0.694118
41713     0.698039
41714     0.709804
41715     0.717647
41716     0.725490
41717     0.717647
41718     0.717647
41719     0.713726
41720     0.713726
41721     0.717647
41722     0.717647
41723     0.721569
41724     0.725490
41725     0.698039
41726     0.694118
41727     0.678431
41728     0.666667
41729     0.650980
41730     0.643137
41731     0.635294
41732     0.631373
41733     0.643137
41734     0.643137
41735     0.643137
41736     0.643137
41737     0.647059
41738     0.650980
41739     0.654902
41740     0.658824
41741     0.643137
41742     0.639216
41743     0.631373
41744     0.623529
41745     0.623529
41746     0.623529
41747     0.627451
41748     0.631373
41749     0.607843
41750     0.611765
41751     0.619608
41752     0.631373
41753     0.639216
41754     0.643137
41755     0.647059
41756     0.647059
41757     0.674510
41758     0.674510
41759     0.678431
41760     0.686275
41761     0.690196
41762     0.698039
41763     0.701961
41764     0.701961
41765     0.701961
41766     0.701961
41767     0.705882
41768     0.666667
41769     0.662745
41770     0.654902
41771     0.650980
41772     0.654902
41773     0.662745
41774     0.674510
41775     0.682353
41776     0.698039
41777     0.698039
41778     0.698039
41779     0.698039
41780     0.690196
41781     0.682353
41782     0.670588
41783     0.666667
41784     0.631373
41785     0.635294
41786     0.643137
41787     0.650980
41788     0.650980
41789     0.647059
41790     0.643137
41791     0.639216
41792     0.631373
41793     0.639216
41794     0.654902
41795     0.666667
41796     0.678431
41797     0.678431
41798     0.678431
41799     0.674510
41800     0.654902
41801     0.658824
41802     0.654902
41803     0.650980
41804     0.647059
41805     0.647059
41806     0.658824
41807     0.666667
41808     0.639216
41809     0.643137
41810     0.643137
41811     0.631373
41812     0.615686
41813     0.611765
41814     0.619608
41815     0.631373
41816     0.631373
41817     0.639216
41818     0.647059
41819     0.643137
41820     0.627451
41821     0.615686
41822     0.615686
41823     0.623529
41824     0.611765
41825     0.611765
41826     0.611765
41827     0.623529
41828     0.643137
41829     0.654902
41830     0.654902
41831     0.654902
41832     0.635294
41833     0.635294
41834     0.639216
41835     0.643137
41836     0.643137
41837     0.647059
41838     0.647059
41839     0.650980
41840     0.643137
41841     0.643137
41842     0.647059
41843     0.650980
41844     0.654902
41845     0.654902
41846     0.658824
41847     0.662745
41848     0.662745
41849     0.654902
41850     0.643137
41851     0.647059
41852     0.658824
41853     0.670588
41854     0.682353
41855     0.686275
41856     0.674510
41857     0.650980
41858     0.615686
41859     0.592157
41860     0.588235
41861     0.600000
41862     0.611765
41863     0.619608
41864     0.611765
41865     0.596078
41866     0.596078
41867     0.607843
41868     0.615686
41869     0.615686
41870     0.631373
41871     0.650980
41872     0.670588
41873     0.662745
41874     0.654902
41875     0.654902
41876     0.658824
41877     0.662745
41878     0.658824
41879     0.654902
41880     0.658824
41881     0.654902
41882     0.650980
41883     0.662745
41884     0.678431
41885     0.686275
41886     0.674510
41887     0.658824
41888     0.674510
41889     0.670588
41890     0.666667
41891     0.662745
41892     0.662745
41893     0.662745
41894     0.662745
41895     0.662745
41896     0.674510
41897     0.654902
41898     0.631373
41899     0.619608
41900     0.623529
41901     0.647059
41902     0.674510
41903     0.694118
41904     0.690196
41905     0.686275
41906     0.678431
41907     0.670588
41908     0.666667
41909     0.670588
41910     0.678431
41911     0.682353
41912     0.682353
41913     0.682353
41914     0.686275
41915     0.690196
41916     0.698039
41917     0.701961
41918     0.705882
41919     0.709804
41920     0.694118
41921     0.694118
41922     0.694118
41923     0.690196
41924     0.690196
41925     0.690196
41926     0.686275
41927     0.686275
41928     0.662745
41929     0.670588
41930     0.678431
41931     0.686275
41932     0.690196
41933     0.686275
41934     0.678431
41935     0.674510
41936     0.698039
41937     0.694118
41938     0.694118
41939     0.705882
41940     0.717647
41941     0.725490
41942     0.725490
41943     0.721569
41944     0.713726
41945     0.709804
41946     0.709804
41947     0.709804
41948     0.717647
41949     0.717647
41950     0.709804
41951     0.701961
41952     0.698039
41953     0.694118
41954     0.682353
41955     0.662745
41956     0.639216
41957     0.623529
41958     0.623529
41959     0.623529
41960     0.615686
41961     0.623529
41962     0.639216
41963     0.650980
41964     0.658824
41965     0.662745
41966     0.662745
41967     0.658824
41968     0.647059
41969     0.631373
41970     0.611765
41971     0.611765
41972     0.627451
41973     0.639216
41974     0.639216
41975     0.631373
41976     0.619608
41977     0.623529
41978     0.627451
41979     0.639216
41980     0.650980
41981     0.650980
41982     0.639216
41983     0.631373
41984     0.666667
41985     0.674510
41986     0.690196
41987     0.709804
41988     0.725490
41989     0.721569
41990     0.705882
41991     0.690196
41992     0.717647
41993     0.709804
41994     0.698039
41995     0.654902
41996     0.650980
41997     0.647059
41998     0.643137
41999     0.647059
42000     0.658824
42001     0.666667
42002     0.674510
42003     0.698039
42004     0.701961
42005     0.701961
42006     0.698039
42007     0.690196
42008     0.678431
42009     0.670588
42010     0.662745
42011     0.639216
42012     0.643137
42013     0.647059
42014     0.650980
42015     0.650980
42016     0.650980
42017     0.647059
42018     0.647059
42019     0.647059
42020     0.650980
42021     0.662745
42022     0.670588
42023     0.674510
42024     0.670588
42025     0.666667
42026     0.662745
42027     0.658824
42028     0.658824
42029     0.654902
42030     0.647059
42031     0.639216
42032     0.639216
42033     0.647059
42034     0.654902
42035     0.650980
42036     0.654902
42037     0.650980
42038     0.635294
42039     0.619608
42040     0.615686
42041     0.619608
42042     0.631373
42043     0.650980
42044     0.654902
42045     0.654902
42046     0.647059
42047     0.631373
42048     0.619608
42049     0.623529
42050     0.631373
42051     0.627451
42052     0.623529
42053     0.623529
42054     0.631373
42055     0.647059
42056     0.658824
42057     0.658824
42058     0.658824
42059     0.643137
42060     0.643137
42061     0.643137
42062     0.643137
42063     0.643137
42064     0.647059
42065     0.650980
42066     0.654902
42067     0.654902
42068     0.650980
42069     0.650980
42070     0.650980
42071     0.647059
42072     0.647059
42073     0.647059
42074     0.647059
42075     0.654902
42076     0.654902
42077     0.654902
42078     0.666667
42079     0.678431
42080     0.682353
42081     0.678431
42082     0.674510
42083     0.639216
42084     0.619608
42085     0.596078
42086     0.584314
42087     0.588235
42088     0.600000
42089     0.611765
42090     0.619608
42091     0.611765
42092     0.596078
42093     0.592157
42094     0.607843
42095     0.611765
42096     0.615686
42097     0.627451
42098     0.647059
42099     0.666667
42100     0.658824
42101     0.650980
42102     0.650980
42103     0.654902
42104     0.658824
42105     0.658824
42106     0.654902
42107     0.662745
42108     0.662745
42109     0.662745
42110     0.670588
42111     0.678431
42112     0.678431
42113     0.670588
42114     0.662745
42115     0.682353
42116     0.678431
42117     0.670588
42118     0.666667
42119     0.666667
42120     0.666667
42121     0.674510
42122     0.678431
42123     0.674510
42124     0.662745
42125     0.650980
42126     0.639216
42127     0.643137
42128     0.658824
42129     0.682353
42130     0.694118
42131     0.694118
42132     0.690196
42133     0.682353
42134     0.674510
42135     0.674510
42136     0.678431
42137     0.682353
42138     0.686275
42139     0.678431
42140     0.678431
42141     0.682353
42142     0.690196
42143     0.694118
42144     0.701961
42145     0.705882
42146     0.709804
42147     0.701961
42148     0.698039
42149     0.698039
42150     0.694118
42151     0.694118
42152     0.690196
42153     0.690196
42154     0.686275
42155     0.658824
42156     0.666667
42157     0.674510
42158     0.686275
42159     0.686275
42160     0.682353
42161     0.678431
42162     0.674510
42163     0.701961
42164     0.698039
42165     0.698039
42166     0.705882
42167     0.713726
42168     0.721569
42169     0.717647
42170     0.713726
42171     0.709804
42172     0.701961
42173     0.701961
42174     0.705882
42175     0.709804
42176     0.709804
42177     0.705882
42178     0.698039
42179     0.694118
42180     0.694118
42181     0.682353
42182     0.662745
42183     0.639216
42184     0.623529
42185     0.619608
42186     0.623529
42187     0.627451
42188     0.627451
42189     0.631373
42190     0.639216
42191     0.650980
42192     0.658824
42193     0.666667
42194     0.670588
42195     0.654902
42196     0.639216
42197     0.623529
42198     0.623529
42199     0.635294
42200     0.643137
42201     0.639216
42202     0.635294
42203     0.619608
42204     0.623529
42205     0.627451
42206     0.639216
42207     0.650980
42208     0.650980
42209     0.643137
42210     0.635294
42211     0.650980
42212     0.662745
42213     0.682353
42214     0.705882
42215     0.725490
42216     0.725490
42217     0.717647
42218     0.705882
42219     0.701961
42220     0.694118
42221     0.682353
42222     0.639216
42223     0.639216
42224     0.635294
42225     0.635294
42226     0.643137
42227     0.650980
42228     0.662745
42229     0.666667
42230     0.701961
42231     0.701961
42232     0.698039
42233     0.694118
42234     0.686275
42235     0.674510
42236     0.662745
42237     0.654902
42238     0.643137
42239     0.647059
42240     0.647059
42241     0.647059
42242     0.650980
42243     0.650980
42244     0.650980
42245     0.654902
42246     0.658824
42247     0.662745
42248     0.666667
42249     0.670588
42250     0.670588
42251     0.662745
42252     0.658824
42253     0.654902
42254     0.658824
42255     0.658824
42256     0.654902
42257     0.647059
42258     0.635294
42259     0.631373
42260     0.639216
42261     0.647059
42262     0.670588
42263     0.670588
42264     0.662745
42265     0.647059
42266     0.631373
42267     0.623529
42268     0.627451
42269     0.635294
42270     0.666667
42271     0.666667
42272     0.662745
42273     0.650980
42274     0.635294
42275     0.631373
42276     0.635294
42277     0.643137
42278     0.647059
42279     0.643137
42280     0.639216
42281     0.643137
42282     0.654902
42283     0.662745
42284     0.662745
42285     0.662745
42286     0.654902
42287     0.650980
42288     0.647059
42289     0.647059
42290     0.647059
42291     0.650980
42292     0.654902
42293     0.658824
42294     0.662745
42295     0.658824
42296     0.654902
42297     0.647059
42298     0.639216
42299     0.635294
42300     0.635294
42301     0.635294
42302     0.639216
42303     0.643137
42304     0.658824
42305     0.674510
42306     0.686275
42307     0.682353
42308     0.662745
42309     0.650980
42310     0.603922
42311     0.596078
42312     0.584314
42313     0.588235
42314     0.600000
42315     0.615686
42316     0.623529
42317     0.627451
42318     0.611765
42319     0.596078
42320     0.592157
42321     0.603922
42322     0.607843
42323     0.607843
42324     0.619608
42325     0.639216
42326     0.658824
42327     0.650980
42328     0.647059
42329     0.647059
42330     0.654902
42331     0.658824
42332     0.654902
42333     0.650980
42334     0.666667
42335     0.674510
42336     0.682353
42337     0.682353
42338     0.674510
42339     0.666667
42340     0.666667
42341     0.666667
42342     0.686275
42343     0.682353
42344     0.670588
42345     0.666667
42346     0.666667
42347     0.674510
42348     0.686275
42349     0.694118
42350     0.678431
42351     0.678431
42352     0.674510
42353     0.674510
42354     0.678431
42355     0.682353
42356     0.690196
42357     0.694118
42358     0.698039
42359     0.694118
42360     0.686275
42361     0.682353
42362     0.678431
42363     0.682353
42364     0.686275
42365     0.690196
42366     0.670588
42367     0.674510
42368     0.678431
42369     0.686275
42370     0.694118
42371     0.698039
42372     0.701961
42373     0.705882
42374     0.705882
42375     0.705882
42376     0.701961
42377     0.698039
42378     0.694118
42379     0.690196
42380     0.686275
42381     0.686275
42382     0.658824
42383     0.666667
42384     0.674510
42385     0.686275
42386     0.690196
42387     0.686275
42388     0.682353
42389     0.678431
42390     0.701961
42391     0.698039
42392     0.698039
42393     0.701961
42394     0.713726
42395     0.713726
42396     0.709804
42397     0.701961
42398     0.698039
42399     0.694118
42400     0.690196
42401     0.690196
42402     0.698039
42403     0.701961
42404     0.694118
42405     0.690196
42406     0.690196
42407     0.690196
42408     0.682353
42409     0.662745
42410     0.643137
42411     0.623529
42412     0.619608
42413     0.619608
42414     0.635294
42415     0.631373
42416     0.631373
42417     0.635294
42418     0.643137
42419     0.658824
42420     0.674510
42421     0.686275
42422     0.670588
42423     0.654902
42424     0.639216
42425     0.635294
42426     0.647059
42427     0.650980
42428     0.647059
42429     0.639216
42430     0.623529
42431     0.623529
42432     0.631373
42433     0.643137
42434     0.654902
42435     0.658824
42436     0.647059
42437     0.639216
42438     0.635294
42439     0.647059
42440     0.666667
42441     0.694118
42442     0.717647
42443     0.729412
42444     0.721569
42445     0.713726
42446     0.678431
42447     0.674510
42448     0.666667
42449     0.635294
42450     0.635294
42451     0.635294
42452     0.635294
42453     0.643137
42454     0.650980
42455     0.658824
42456     0.662745
42457     0.694118
42458     0.694118
42459     0.690196
42460     0.686275
42461     0.678431
42462     0.662745
42463     0.650980
42464     0.643137
42465     0.643137
42466     0.643137
42467     0.643137
42468     0.647059
42469     0.647059
42470     0.650980
42471     0.650980
42472     0.654902
42473     0.662745
42474     0.662745
42475     0.666667
42476     0.666667
42477     0.666667
42478     0.662745
42479     0.658824
42480     0.654902
42481     0.658824
42482     0.662745
42483     0.658824
42484     0.650980
42485     0.643137
42486     0.639216
42487     0.647059
42488     0.658824
42489     0.698039
42490     0.690196
42491     0.678431
42492     0.662745
42493     0.650980
42494     0.639216
42495     0.639216
42496     0.639216
42497     0.666667
42498     0.662745
42499     0.654902
42500     0.643137
42501     0.639216
42502     0.643137
42503     0.650980
42504     0.658824
42505     0.666667
42506     0.658824
42507     0.650980
42508     0.650980
42509     0.658824
42510     0.666667
42511     0.666667
42512     0.666667
42513     0.666667
42514     0.662745
42515     0.654902
42516     0.650980
42517     0.650980
42518     0.654902
42519     0.658824
42520     0.662745
42521     0.662745
42522     0.654902
42523     0.647059
42524     0.639216
42525     0.635294
42526     0.631373
42527     0.631373
42528     0.631373
42529     0.623529
42530     0.631373
42531     0.647059
42532     0.662745
42533     0.674510
42534     0.666667
42535     0.647059
42536     0.627451
42537     0.603922
42538     0.600000
42539     0.603922
42540     0.611765
42541     0.627451
42542     0.639216
42543     0.643137
42544     0.639216
42545     0.611765
42546     0.596078
42547     0.592157
42548     0.600000
42549     0.603922
42550     0.603922
42551     0.615686
42552     0.631373
42553     0.654902
42554     0.647059
42555     0.643137
42556     0.643137
42557     0.650980
42558     0.654902
42559     0.654902
42560     0.650980
42561     0.670588
42562     0.686275
42563     0.694118
42564     0.690196
42565     0.674510
42566     0.658824
42567     0.658824
42568     0.666667
42569     0.682353
42570     0.674510
42571     0.662745
42572     0.658824
42573     0.662745
42574     0.674510
42575     0.690196
42576     0.701961
42577     0.686275
42578     0.694118
42579     0.701961
42580     0.709804
42581     0.709804
42582     0.705882
42583     0.698039
42584     0.690196
42585     0.694118
42586     0.690196
42587     0.686275
42588     0.682353
42589     0.678431
42590     0.682353
42591     0.682353
42592     0.686275
42593     0.666667
42594     0.670588
42595     0.674510
42596     0.682353
42597     0.686275
42598     0.694118
42599     0.698039
42600     0.701961
42601     0.701961
42602     0.701961
42603     0.698039
42604     0.694118
42605     0.690196
42606     0.682353
42607     0.682353
42608     0.678431
42609     0.666667
42610     0.670588
42611     0.682353
42612     0.690196
42613     0.694118
42614     0.690196
42615     0.686275
42616     0.682353
42617     0.701961
42618     0.698039
42619     0.698039
42620     0.701961
42621     0.709804
42622     0.705882
42623     0.698039
42624     0.690196
42625     0.686275
42626     0.678431
42627     0.674510
42628     0.678431
42629     0.686275
42630     0.690196
42631     0.686275
42632     0.682353
42633     0.678431
42634     0.682353
42635     0.678431
42636     0.666667
42637     0.647059
42638     0.627451
42639     0.619608
42640     0.619608
42641     0.635294
42642     0.635294
42643     0.639216
42644     0.643137
42645     0.654902
42646     0.666667
42647     0.678431
42648     0.686275
42649     0.686275
42650     0.670588
42651     0.654902
42652     0.650980
42653     0.662745
42654     0.662745
42655     0.654902
42656     0.647059
42657     0.627451
42658     0.627451
42659     0.635294
42660     0.647059
42661     0.658824
42662     0.662745
42663     0.650980
42664     0.643137
42665     0.627451
42666     0.639216
42667     0.658824
42668     0.682353
42669     0.705882
42670     0.717647
42671     0.713726
42672     0.705882
42673     0.662745
42674     0.658824
42675     0.650980
42676     0.635294
42677     0.639216
42678     0.639216
42679     0.643137
42680     0.650980
42681     0.654902
42682     0.658824
42683     0.662745
42684     0.678431
42685     0.682353
42686     0.678431
42687     0.674510
42688     0.666667
42689     0.654902
42690     0.643137
42691     0.635294
42692     0.639216
42693     0.643137
42694     0.643137
42695     0.647059
42696     0.647059
42697     0.647059
42698     0.647059
42699     0.647059
42700     0.654902
42701     0.654902
42702     0.658824
42703     0.662745
42704     0.666667
42705     0.666667
42706     0.666667
42707     0.666667
42708     0.658824
42709     0.662745
42710     0.662745
42711     0.658824
42712     0.654902
42713     0.658824
42714     0.670588
42715     0.682353
42716     0.713726
42717     0.701961
42718     0.686275
42719     0.674510
42720     0.662745
42721     0.654902
42722     0.650980
42723     0.647059
42724     0.647059
42725     0.643137
42726     0.635294
42727     0.635294
42728     0.643137
42729     0.654902
42730     0.666667
42731     0.670588
42732     0.678431
42733     0.670588
42734     0.658824
42735     0.654902
42736     0.662745
42737     0.666667
42738     0.670588
42739     0.670588
42740     0.674510
42741     0.666667
42742     0.662745
42743     0.654902
42744     0.654902
42745     0.654902
42746     0.658824
42747     0.658824
42748     0.650980
42749     0.643137
42750     0.635294
42751     0.631373
42752     0.627451
42753     0.631373
42754     0.635294
42755     0.639216
42756     0.635294
42757     0.635294
42758     0.643137
42759     0.650980
42760     0.658824
42761     0.654902
42762     0.643137
42763     0.631373
42764     0.611765
42765     0.615686
42766     0.619608
42767     0.635294
42768     0.647059
42769     0.650980
42770     0.647059
42771     0.639216
42772     0.615686
42773     0.600000
42774     0.592157
42775     0.603922
42776     0.603922
42777     0.600000
42778     0.611765
42779     0.627451
42780     0.650980
42781     0.647059
42782     0.639216
42783     0.643137
42784     0.650980
42785     0.658824
42786     0.658824
42787     0.654902
42788     0.674510
42789     0.690196
42790     0.698039
42791     0.690196
42792     0.670588
42793     0.658824
42794     0.654902
42795     0.662745
42796     0.666667
42797     0.658824
42798     0.650980
42799     0.647059
42800     0.654902
42801     0.670588
42802     0.686275
42803     0.698039
42804     0.694118
42805     0.701961
42806     0.717647
42807     0.725490
42808     0.725490
42809     0.713726
42810     0.698039
42811     0.690196
42812     0.686275
42813     0.682353
42814     0.682353
42815     0.678431
42816     0.678431
42817     0.678431
42818     0.678431
42819     0.678431
42820     0.666667
42821     0.670588
42822     0.674510
42823     0.678431
42824     0.682353
42825     0.686275
42826     0.690196
42827     0.690196
42828     0.690196
42829     0.690196
42830     0.686275
42831     0.682353
42832     0.678431
42833     0.678431
42834     0.674510
42835     0.674510
42836     0.678431
42837     0.682353
42838     0.690196
42839     0.698039
42840     0.701961
42841     0.698039
42842     0.690196
42843     0.686275
42844     0.694118
42845     0.694118
42846     0.694118
42847     0.701961
42848     0.705882
42849     0.701961
42850     0.690196
42851     0.678431
42852     0.678431
42853     0.670588
42854     0.662745
42855     0.662745
42856     0.674510
42857     0.678431
42858     0.682353
42859     0.678431
42860     0.674510
42861     0.678431
42862     0.686275
42863     0.678431
42864     0.662745
42865     0.643137
42866     0.635294
42867     0.631373
42868     0.635294
42869     0.643137
42870     0.654902
42871     0.662745
42872     0.670588
42873     0.674510
42874     0.678431
42875     0.678431
42876     0.694118
42877     0.678431
42878     0.666667
42879     0.666667
42880     0.674510
42881     0.678431
42882     0.666667
42883     0.654902
42884     0.635294
42885     0.639216
42886     0.643137
42887     0.654902
42888     0.662745
42889     0.662745
42890     0.654902
42891     0.643137
42892     0.631373
42893     0.639216
42894     0.650980
42895     0.670588
42896     0.690196
42897     0.694118
42898     0.690196
42899     0.682353
42900     0.650980
42901     0.650980
42902     0.647059
42903     0.643137
42904     0.647059
42905     0.647059
42906     0.650980
42907     0.654902
42908     0.654902
42909     0.658824
42910     0.658824
42911     0.670588
42912     0.670588
42913     0.670588
42914     0.670588
42915     0.662745
42916     0.654902
42917     0.643137
42918     0.639216
42919     0.639216
42920     0.643137
42921     0.650980
42922     0.654902
42923     0.658824
42924     0.654902
42925     0.650980
42926     0.647059
42927     0.647059
42928     0.650980
42929     0.654902
42930     0.658824
42931     0.666667
42932     0.670588
42933     0.674510
42934     0.678431
42935     0.666667
42936     0.670588
42937     0.670588
42938     0.670588
42939     0.666667
42940     0.674510
42941     0.686275
42942     0.698039
42943     0.713726
42944     0.701961
42945     0.682353
42946     0.670588
42947     0.666667
42948     0.658824
42949     0.650980
42950     0.647059
42951     0.635294
42952     0.627451
42953     0.627451
42954     0.635294
42955     0.650980
42956     0.666667
42957     0.674510
42958     0.674510
42959     0.682353
42960     0.670588
42961     0.654902
42962     0.650980
42963     0.658824
42964     0.666667
42965     0.670588
42966     0.670588
42967     0.670588
42968     0.670588
42969     0.666667
42970     0.662745
42971     0.658824
42972     0.654902
42973     0.650980
42974     0.650980
42975     0.639216
42976     0.635294
42977     0.627451
42978     0.623529
42979     0.623529
42980     0.627451
42981     0.639216
42982     0.643137
42983     0.654902
42984     0.650980
42985     0.650980
42986     0.654902
42987     0.662745
42988     0.658824
42989     0.650980
42990     0.639216
42991     0.619608
42992     0.623529
42993     0.631373
42994     0.643137
42995     0.650980
42996     0.654902
42997     0.643137
42998     0.635294
42999     0.623529
43000     0.607843
43001     0.600000
43002     0.603922
43003     0.607843
43004     0.600000
43005     0.607843
43006     0.627451
43007     0.654902
43008     0.647059
43009     0.643137
43010     0.647059
43011     0.654902
43012     0.662745
43013     0.662745
43014     0.658824
43015     0.678431
43016     0.686275
43017     0.690196
43018     0.686275
43019     0.674510
43020     0.662745
43021     0.654902
43022     0.650980
43023     0.650980
43024     0.647059
43025     0.643137
43026     0.643137
43027     0.650980
43028     0.666667
43029     0.682353
43030     0.694118
43031     0.698039
43032     0.709804
43033     0.721569
43034     0.725490
43035     0.725490
43036     0.713726
43037     0.698039
43038     0.686275
43039     0.682353
43040     0.682353
43041     0.678431
43042     0.678431
43043     0.678431
43044     0.674510
43045     0.674510
43046     0.674510
43047     0.670588
43048     0.670588
43049     0.674510
43050     0.674510
43051     0.674510
43052     0.678431
43053     0.678431
43054     0.678431
43055     0.678431
43056     0.678431
43057     0.678431
43058     0.678431
43059     0.674510
43060     0.674510
43061     0.674510
43062     0.674510
43063     0.686275
43064     0.690196
43065     0.698039
43066     0.701961
43067     0.701961
43068     0.694118
43069     0.682353
43070     0.678431
43071     0.686275
43072     0.686275
43073     0.690196
43074     0.698039
43075     0.701961
43076     0.698039
43077     0.686275
43078     0.674510
43079     0.670588
43080     0.662745
43081     0.654902
43082     0.654902
43083     0.662745
43084     0.674510
43085     0.678431
43086     0.674510
43087     0.678431
43088     0.690196
43089     0.698039
43090     0.701961
43091     0.690196
43092     0.674510
43093     0.662745
43094     0.658824
43095     0.650980
43096     0.658824
43097     0.670588
43098     0.678431
43099     0.686275
43100     0.682353
43101     0.678431
43102     0.674510
43103     0.698039
43104     0.682353
43105     0.674510
43106     0.674510
43107     0.686275
43108     0.686275
43109     0.678431
43110     0.662745
43111     0.647059
43112     0.647059
43113     0.650980
43114     0.658824
43115     0.666667
43116     0.662745
43117     0.650980
43118     0.639216
43119     0.635294
43120     0.635294
43121     0.643137
43122     0.658824
43123     0.670588
43124     0.670588
43125     0.662745
43126     0.654902
43127     0.647059
43128     0.647059
43129     0.647059
43130     0.647059
43131     0.647059
43132     0.650980
43133     0.650980
43134     0.650980
43135     0.650980
43136     0.650980
43137     0.650980
43138     0.666667
43139     0.670588
43140     0.674510
43141     0.674510
43142     0.670588
43143     0.662745
43144     0.654902
43145     0.650980
43146     0.639216
43147     0.650980
43148     0.662745
43149     0.670588
43150     0.674510
43151     0.666667
43152     0.654902
43153     0.647059
43154     0.650980
43155     0.654902
43156     0.654902
43157     0.658824
43158     0.662745
43159     0.670588
43160     0.674510
43161     0.678431
43162     0.674510
43163     0.678431
43164     0.678431
43165     0.674510
43166     0.670588
43167     0.674510
43168     0.686275
43169     0.698039
43170     0.705882
43171     0.686275
43172     0.666667
43173     0.658824
43174     0.658824
43175     0.654902
43176     0.647059
43177     0.635294
43178     0.635294
43179     0.627451
43180     0.627451
43181     0.643137
43182     0.658824
43183     0.674510
43184     0.674510
43185     0.670588
43186     0.678431
43187     0.662745
43188     0.650980
43189     0.647059
43190     0.654902
43191     0.662745
43192     0.666667
43193     0.670588
43194     0.666667
43195     0.666667
43196     0.670588
43197     0.670588
43198     0.666667
43199     0.654902
43200     0.643137
43201     0.639216
43202     0.639216
43203     0.635294
43204     0.623529
43205     0.615686
43206     0.615686
43207     0.623529
43208     0.635294
43209     0.639216
43210     0.654902
43211     0.654902
43212     0.654902
43213     0.662745
43214     0.666667
43215     0.662745
43216     0.647059
43217     0.635294
43218     0.627451
43219     0.627451
43220     0.635294
43221     0.647059
43222     0.658824
43223     0.658824
43224     0.650980
43225     0.639216
43226     0.631373
43227     0.611765
43228     0.603922
43229     0.611765
43230     0.607843
43231     0.603922
43232     0.611765
43233     0.627451
43234     0.654902
43235     0.650980
43236     0.643137
43237     0.647059
43238     0.658824
43239     0.666667
43240     0.666667
43241     0.662745
43242     0.682353
43243     0.678431
43244     0.674510
43245     0.674510
43246     0.674510
43247     0.666667
43248     0.654902
43249     0.643137
43250     0.635294
43251     0.635294
43252     0.639216
43253     0.643137
43254     0.654902
43255     0.670588
43256     0.682353
43257     0.690196
43258     0.705882
43259     0.709804
43260     0.713726
43261     0.717647
43262     0.713726
43263     0.705882
43264     0.694118
43265     0.686275
43266     0.682353
43267     0.682353
43268     0.686275
43269     0.682353
43270     0.682353
43271     0.678431
43272     0.678431
43273     0.674510
43274     0.674510
43275     0.674510
43276     0.674510
43277     0.674510
43278     0.670588
43279     0.670588
43280     0.666667
43281     0.666667
43282     0.674510
43283     0.674510
43284     0.678431
43285     0.678431
43286     0.678431
43287     0.678431
43288     0.682353
43289     0.682353
43290     0.686275
43291     0.690196
43292     0.694118
43293     0.698039
43294     0.690196
43295     0.682353
43296     0.670588
43297     0.662745
43298     0.678431
43299     0.678431
43300     0.686275
43301     0.694118
43302     0.701961
43303     0.698039
43304     0.686275
43305     0.674510
43306     0.666667
43307     0.658824
43308     0.650980
43309     0.650980
43310     0.658824
43311     0.670588
43312     0.674510
43313     0.674510
43314     0.690196
43315     0.705882
43316     0.721569
43317     0.729412
43318     0.721569
43319     0.709804
43320     0.698039
43321     0.694118
43322     0.674510
43323     0.678431
43324     0.678431
43325     0.682353
43326     0.686275
43327     0.686275
43328     0.686275
43329     0.682353
43330     0.694118
43331     0.682353
43332     0.674510
43333     0.682353
43334     0.694118
43335     0.694118
43336     0.686275
43337     0.670588
43338     0.658824
43339     0.658824
43340     0.658824
43341     0.666667
43342     0.666667
43343     0.662745
43344     0.647059
43345     0.635294
43346     0.631373
43347     0.631373
43348     0.635294
43349     0.643137
43350     0.654902
43351     0.654902
43352     0.647059
43353     0.635294
43354     0.639216
43355     0.639216
43356     0.643137
43357     0.647059
43358     0.650980
43359     0.650980
43360     0.650980
43361     0.650980
43362     0.647059
43363     0.643137
43364     0.639216
43365     0.670588
43366     0.670588
43367     0.674510
43368     0.678431
43369     0.674510
43370     0.670588
43371     0.662745
43372     0.658824
43373     0.643137
43374     0.654902
43375     0.674510
43376     0.686275
43377     0.686275
43378     0.678431
43379     0.662745
43380     0.650980
43381     0.658824
43382     0.658824
43383     0.658824
43384     0.658824
43385     0.662745
43386     0.666667
43387     0.670588
43388     0.674510
43389     0.682353
43390     0.686275
43391     0.682353
43392     0.678431
43393     0.670588
43394     0.670588
43395     0.678431
43396     0.690196
43397     0.690196
43398     0.674510
43399     0.654902
43400     0.647059
43401     0.647059
43402     0.647059
43403     0.639216
43404     0.627451
43405     0.639216
43406     0.635294
43407     0.635294
43408     0.650980
43409     0.666667
43410     0.678431
43411     0.670588
43412     0.662745
43413     0.670588
43414     0.658824
43415     0.647059
43416     0.643137
43417     0.650980
43418     0.658824
43419     0.666667
43420     0.670588
43421     0.662745
43422     0.666667
43423     0.674510
43424     0.674510
43425     0.666667
43426     0.654902
43427     0.639216
43428     0.631373
43429     0.643137
43430     0.635294
43431     0.623529
43432     0.615686
43433     0.611765
43434     0.619608
43435     0.627451
43436     0.635294
43437     0.643137
43438     0.643137
43439     0.650980
43440     0.662745
43441     0.666667
43442     0.654902
43443     0.635294
43444     0.615686
43445     0.635294
43446     0.635294
43447     0.643137
43448     0.654902
43449     0.666667
43450     0.670588
43451     0.662745
43452     0.654902
43453     0.635294
43454     0.615686
43455     0.607843
43456     0.611765
43457     0.611765
43458     0.603922
43459     0.611765
43460     0.627451
43461     0.658824
43462     0.650980
43463     0.647059
43464     0.650980
43465     0.662745
43466     0.670588
43467     0.670588
43468     0.666667
43469     0.682353
43470     0.670588
43471     0.666667
43472     0.670588
43473     0.674510
43474     0.670588
43475     0.654902
43476     0.639216
43477     0.631373
43478     0.635294
43479     0.639216
43480     0.650980
43481     0.662745
43482     0.674510
43483     0.682353
43484     0.690196
43485     0.705882
43486     0.709804
43487     0.709804
43488     0.709804
43489     0.705882
43490     0.698039
43491     0.690196
43492     0.686275
43493     0.686275
43494     0.690196
43495     0.690196
43496     0.690196
43497     0.690196
43498     0.686275
43499     0.682353
43500     0.678431
43501     0.678431
43502     0.678431
43503     0.674510
43504     0.670588
43505     0.666667
43506     0.666667
43507     0.662745
43508     0.658824
43509     0.674510
43510     0.674510
43511     0.678431
43512     0.682353
43513     0.682353
43514     0.686275
43515     0.690196
43516     0.690196
43517     0.686275
43518     0.690196
43519     0.690196
43520     0.690196
43521     0.682353
43522     0.670588
43523     0.658824
43524     0.650980
43525     0.674510
43526     0.674510
43527     0.682353
43528     0.694118
43529     0.701961
43530     0.698039
43531     0.686275
43532     0.674510
43533     0.666667
43534     0.658824
43535     0.647059
43536     0.647059
43537     0.658824
43538     0.670588
43539     0.674510
43540     0.678431
43541     0.701961
43542     0.717647
43543     0.741176
43544     0.749020
43545     0.745098
43546     0.733333
43547     0.725490
43548     0.717647
43549     0.698039
43550     0.690196
43551     0.686275
43552     0.678431
43553     0.678431
43554     0.682353
43555     0.690196
43556     0.694118
43557     0.690196
43558     0.682353
43559     0.674510
43560     0.682353
43561     0.698039
43562     0.701961
43563     0.690196
43564     0.678431
43565     0.666667
43566     0.666667
43567     0.666667
43568     0.666667
43569     0.670588
43570     0.662745
43571     0.643137
43572     0.631373
43573     0.623529
43574     0.623529
43575     0.627451
43576     0.635294
43577     0.643137
43578     0.647059
43579     0.639216
43580     0.631373
43581     0.631373
43582     0.635294
43583     0.639216
43584     0.654902
43585     0.654902
43586     0.650980
43587     0.647059
43588     0.647059
43589     0.647059
43590     0.650980
43591     0.650980
43592     0.643137
43593     0.650980
43594     0.654902
43595     0.662745
43596     0.662745
43597     0.658824
43598     0.654902
43599     0.654902
43600     0.635294
43601     0.650980
43602     0.666667
43603     0.674510
43604     0.674510
43605     0.674510
43606     0.674510
43607     0.678431
43608     0.674510
43609     0.666667
43610     0.650980
43611     0.643137
43612     0.647059
43613     0.658824
43614     0.670588
43615     0.682353
43616     0.686275
43617     0.682353
43618     0.678431
43619     0.682353
43620     0.682353
43621     0.678431
43622     0.666667
43623     0.654902
43624     0.650980
43625     0.647059
43626     0.647059
43627     0.639216
43628     0.635294
43629     0.631373
43630     0.627451
43631     0.623529
43632     0.631373
43633     0.639216
43634     0.647059
43635     0.647059
43636     0.647059
43637     0.650980
43638     0.658824
43639     0.666667
43640     0.662745
43641     0.658824
43642     0.650980
43643     0.647059
43644     0.654902
43645     0.666667
43646     0.678431
43647     0.690196
43648     0.654902
43649     0.658824
43650     0.666667
43651     0.666667
43652     0.662745
43653     0.654902
43654     0.643137
43655     0.635294
43656     0.627451
43657     0.619608
43658     0.615686
43659     0.611765
43660     0.615686
43661     0.631373
43662     0.643137
43663     0.654902
43664     0.658824
43665     0.658824
43666     0.662745
43667     0.658824
43668     0.650980
43669     0.639216
43670     0.627451
43671     0.619608
43672     0.631373
43673     0.635294
43674     0.643137
43675     0.650980
43676     0.654902
43677     0.650980
43678     0.643137
43679     0.639216
43680     0.635294
43681     0.631373
43682     0.627451
43683     0.623529
43684     0.623529
43685     0.623529
43686     0.623529
43687     0.623529
43688     0.670588
43689     0.662745
43690     0.647059
43691     0.635294
43692     0.635294
43693     0.647059
43694     0.666667
43695     0.678431
43696     0.674510
43697     0.666667
43698     0.666667
43699     0.666667
43700     0.662745
43701     0.658824
43702     0.643137
43703     0.631373
43704     0.627451
43705     0.627451
43706     0.627451
43707     0.623529
43708     0.623529
43709     0.631373
43710     0.650980
43711     0.666667
43712     0.694118
43713     0.705882
43714     0.713726
43715     0.717647
43716     0.709804
43717     0.698039
43718     0.694118
43719     0.694118
43720     0.682353
43721     0.682353
43722     0.686275
43723     0.686275
43724     0.686275
43725     0.682353
43726     0.678431
43727     0.674510
43728     0.682353
43729     0.674510
43730     0.662745
43731     0.647059
43732     0.635294
43733     0.639216
43734     0.654902
43735     0.666667
43736     0.658824
43737     0.670588
43738     0.686275
43739     0.694118
43740     0.694118
43741     0.690196
43742     0.690196
43743     0.694118
43744     0.694118
43745     0.690196
43746     0.686275
43747     0.686275
43748     0.678431
43749     0.678431
43750     0.674510
43751     0.670588
43752     0.654902
43753     0.662745
43754     0.670588
43755     0.682353
43756     0.686275
43757     0.682353
43758     0.678431
43759     0.674510
43760     0.662745
43761     0.678431
43762     0.694118
43763     0.686275
43764     0.670588
43765     0.658824
43766     0.666667
43767     0.678431
43768     0.698039
43769     0.733333
43770     0.760784
43771     0.764706
43772     0.760784
43773     0.752941
43774     0.737255
43775     0.713726
43776     0.737255
43777     0.717647
43778     0.698039
43779     0.682353
43780     0.686275
43781     0.694118
43782     0.701961
43783     0.705882
43784     0.698039
43785     0.694118
43786     0.690196
43787     0.690196
43788     0.694118
43789     0.694118
43790     0.682353
43791     0.674510
43792     0.654902
43793     0.662745
43794     0.666667
43795     0.670588
43796     0.670588
43797     0.662745
43798     0.650980
43799     0.647059
43800     0.639216
43801     0.639216
43802     0.639216
43803     0.639216
43804     0.639216
43805     0.639216
43806     0.635294
43807     0.635294
43808     0.635294
43809     0.639216
43810     0.650980
43811     0.658824
43812     0.654902
43813     0.650980
43814     0.647059
43815     0.647059
43816     0.647059
43817     0.647059
43818     0.647059
43819     0.650980
43820     0.654902
43821     0.658824
43822     0.658824
43823     0.658824
43824     0.654902
43825     0.647059
43826     0.643137
43827     0.639216
43828     0.650980
43829     0.666667
43830     0.674510
43831     0.674510
43832     0.670588
43833     0.674510
43834     0.674510
43835     0.678431
43836     0.670588
43837     0.662745
43838     0.658824
43839     0.658824
43840     0.662745
43841     0.670588
43842     0.678431
43843     0.674510
43844     0.670588
43845     0.670588
43846     0.670588
43847     0.674510
43848     0.670588
43849     0.658824
43850     0.647059
43851     0.623529
43852     0.623529
43853     0.619608
43854     0.619608
43855     0.615686
43856     0.611765
43857     0.607843
43858     0.607843
43859     0.627451
43860     0.631373
43861     0.643137
43862     0.643137
43863     0.643137
43864     0.643137
43865     0.654902
43866     0.658824
43867     0.658824
43868     0.654902
43869     0.650980
43870     0.650980
43871     0.654902
43872     0.662745
43873     0.670588
43874     0.674510
43875     0.658824
43876     0.662745
43877     0.662745
43878     0.662745
43879     0.654902
43880     0.643137
43881     0.631373
43882     0.619608
43883     0.631373
43884     0.627451
43885     0.623529
43886     0.619608
43887     0.627451
43888     0.635294
43889     0.647059
43890     0.658824
43891     0.654902
43892     0.658824
43893     0.658824
43894     0.658824
43895     0.650980
43896     0.639216
43897     0.627451
43898     0.619608
43899     0.619608
43900     0.627451
43901     0.635294
43902     0.643137
43903     0.650980
43904     0.647059
43905     0.643137
43906     0.643137
43907     0.631373
43908     0.631373
43909     0.627451
43910     0.627451
43911     0.627451
43912     0.627451
43913     0.631373
43914     0.635294
43915     0.662745
43916     0.654902
43917     0.643137
43918     0.635294
43919     0.635294
43920     0.647059
43921     0.658824
43922     0.666667
43923     0.670588
43924     0.666667
43925     0.662745
43926     0.662745
43927     0.662745
43928     0.654902
43929     0.639216
43930     0.627451
43931     0.623529
43932     0.623529
43933     0.627451
43934     0.623529
43935     0.623529
43936     0.631373
43937     0.647059
43938     0.658824
43939     0.686275
43940     0.698039
43941     0.709804
43942     0.713726
43943     0.705882
43944     0.698039
43945     0.694118
43946     0.694118
43947     0.686275
43948     0.690196
43949     0.690196
43950     0.694118
43951     0.690196
43952     0.690196
43953     0.686275
43954     0.682353
43955     0.682353
43956     0.678431
43957     0.666667
43958     0.650980
43959     0.639216
43960     0.643137
43961     0.654902
43962     0.666667
43963     0.666667
43964     0.678431
43965     0.694118
43966     0.698039
43967     0.698039
43968     0.690196
43969     0.690196
43970     0.690196
43971     0.690196
43972     0.686275
43973     0.686275
43974     0.682353
43975     0.682353
43976     0.678431
43977     0.678431
43978     0.674510
43979     0.670588
43980     0.674510
43981     0.682353
43982     0.686275
43983     0.682353
43984     0.678431
43985     0.670588
43986     0.666667
43987     0.658824
43988     0.674510
43989     0.682353
43990     0.678431
43991     0.662745
43992     0.654902
43993     0.666667
43994     0.682353
43995     0.709804
43996     0.741176
43997     0.760784
43998     0.756863
43999     0.752941
44000     0.756863
44001     0.749020
44002     0.733333
44003     0.733333
44004     0.717647
44005     0.698039
44006     0.686275
44007     0.686275
44008     0.698039
44009     0.701961
44010     0.705882
44011     0.705882
44012     0.701961
44013     0.694118
44014     0.694118
44015     0.694118
44016     0.686275
44017     0.678431
44018     0.666667
44019     0.666667
44020     0.670588
44021     0.674510
44022     0.678431
44023     0.674510
44024     0.670588
44025     0.662745
44026     0.658824
44027     0.635294
44028     0.635294
44029     0.639216
44030     0.639216
44031     0.643137
44032     0.647059
44033     0.647059
44034     0.647059
44035     0.631373
44036     0.639216
44037     0.647059
44038     0.662745
44039     0.658824
44040     0.654902
44041     0.647059
44042     0.643137
44043     0.643137
44044     0.643137
44045     0.643137
44046     0.650980
44047     0.654902
44048     0.658824
44049     0.658824
44050     0.654902
44051     0.650980
44052     0.643137
44053     0.639216
44054     0.643137
44055     0.654902
44056     0.670588
44057     0.674510
44058     0.670588
44059     0.670588
44060     0.670588
44061     0.674510
44062     0.686275
44063     0.682353
44064     0.678431
44065     0.674510
44066     0.674510
44067     0.670588
44068     0.670588
44069     0.670588
44070     0.658824
44071     0.654902
44072     0.654902
44073     0.654902
44074     0.658824
44075     0.654902
44076     0.643137
44077     0.635294
44078     0.600000
44079     0.600000
44080     0.600000
44081     0.600000
44082     0.600000
44083     0.600000
44084     0.600000
44085     0.600000
44086     0.619608
44087     0.627451
44088     0.635294
44089     0.635294
44090     0.635294
44091     0.635294
44092     0.643137
44093     0.650980
44094     0.654902
44095     0.654902
44096     0.654902
44097     0.654902
44098     0.654902
44099     0.654902
44100     0.654902
44101     0.654902
44102     0.658824
44103     0.658824
44104     0.662745
44105     0.658824
44106     0.647059
44107     0.635294
44108     0.619608
44109     0.611765
44110     0.635294
44111     0.631373
44112     0.631373
44113     0.631373
44114     0.635294
44115     0.643137
44116     0.654902
44117     0.658824
44118     0.650980
44119     0.654902
44120     0.658824
44121     0.658824
44122     0.650980
44123     0.643137
44124     0.631373
44125     0.623529
44126     0.615686
44127     0.619608
44128     0.631373
44129     0.639216
44130     0.647059
44131     0.647059
44132     0.647059
44133     0.643137
44134     0.631373
44135     0.631373
44136     0.631373
44137     0.631373
44138     0.635294
44139     0.639216
44140     0.643137
44141     0.647059
44142     0.647059
44143     0.643137
44144     0.639216
44145     0.639216
44146     0.639216
44147     0.647059
44148     0.654902
44149     0.658824
44150     0.670588
44151     0.666667
44152     0.666667
44153     0.666667
44154     0.666667
44155     0.658824
44156     0.639216
44157     0.627451
44158     0.619608
44159     0.623529
44160     0.631373
44161     0.631373
44162     0.631373
44163     0.631373
44164     0.639216
44165     0.647059
44166     0.670588
44167     0.682353
44168     0.698039
44169     0.701961
44170     0.701961
44171     0.694118
44172     0.694118
44173     0.694118
44174     0.690196
44175     0.694118
44176     0.694118
44177     0.698039
44178     0.698039
44179     0.698039
44180     0.694118
44181     0.694118
44182     0.686275
44183     0.682353
44184     0.670588
44185     0.654902
44186     0.643137
44187     0.647059
44188     0.658824
44189     0.670588
44190     0.678431
44191     0.690196
44192     0.701961
44193     0.705882
44194     0.701961
44195     0.690196
44196     0.690196
44197     0.690196
44198     0.682353
44199     0.682353
44200     0.682353
44201     0.682353
44202     0.682353
44203     0.682353
44204     0.682353
44205     0.682353
44206     0.686275
44207     0.690196
44208     0.690196
44209     0.690196
44210     0.682353
44211     0.670588
44212     0.662745
44213     0.654902
44214     0.662745
44215     0.670588
44216     0.674510
44217     0.666667
44218     0.654902
44219     0.654902
44220     0.670588
44221     0.682353
44222     0.725490
44223     0.749020
44224     0.764706
44225     0.756863
44226     0.752941
44227     0.756863
44228     0.752941
44229     0.741176
44230     0.717647
44231     0.705882
44232     0.690196
44233     0.682353
44234     0.690196
44235     0.701961
44236     0.705882
44237     0.709804
44238     0.709804
44239     0.705882
44240     0.698039
44241     0.694118
44242     0.694118
44243     0.686275
44244     0.674510
44245     0.662745
44246     0.682353
44247     0.682353
44248     0.686275
44249     0.686275
44250     0.682353
44251     0.678431
44252     0.674510
44253     0.674510
44254     0.635294
44255     0.635294
44256     0.639216
44257     0.643137
44258     0.647059
44259     0.654902
44260     0.654902
44261     0.658824
44262     0.627451
44263     0.635294
44264     0.643137
44265     0.666667
44266     0.662745
44267     0.654902
44268     0.647059
44269     0.643137
44270     0.639216
44271     0.635294
44272     0.635294
44273     0.643137
44274     0.647059
44275     0.650980
44276     0.654902
44277     0.654902
44278     0.650980
44279     0.647059
44280     0.643137
44281     0.650980
44282     0.658824
44283     0.670588
44284     0.674510
44285     0.670588
44286     0.666667
44287     0.670588
44288     0.674510
44289     0.690196
44290     0.690196
44291     0.694118
44292     0.694118
44293     0.686275
44294     0.678431
44295     0.666667
44296     0.662745
44297     0.643137
44298     0.639216
44299     0.639216
44300     0.639216
44301     0.643137
44302     0.639216
44303     0.627451
44304     0.615686
44305     0.592157
44306     0.592157
44307     0.596078
44308     0.600000
44309     0.600000
44310     0.603922
44311     0.607843
44312     0.607843
44313     0.611765
44314     0.619608
44315     0.627451
44316     0.627451
44317     0.623529
44318     0.627451
44319     0.631373
44320     0.639216
44321     0.650980
44322     0.650980
44323     0.654902
44324     0.654902
44325     0.650980
44326     0.647059
44327     0.639216
44328     0.635294
44329     0.650980
44330     0.650980
44331     0.654902
44332     0.654902
44333     0.647059
44334     0.635294
44335     0.623529
44336     0.611765
44337     0.627451
44338     0.627451
44339     0.631373
44340     0.635294
44341     0.639216
44342     0.647059
44343     0.654902
44344     0.654902
44345     0.647059
44346     0.650980
44347     0.658824
44348     0.658824
44349     0.654902
44350     0.647059
44351     0.635294
44352     0.627451
44353     0.627451
44354     0.631373
44355     0.639216
44356     0.643137
44357     0.647059
44358     0.647059
44359     0.643137
44360     0.643137
44361     0.635294
44362     0.635294
44363     0.635294
44364     0.635294
44365     0.639216
44366     0.647059
44367     0.650980
44368     0.654902
44369     0.643137
44370     0.643137
44371     0.643137
44372     0.647059
44373     0.647059
44374     0.650980
44375     0.654902
44376     0.654902
44377     0.674510
44378     0.670588
44379     0.670588
44380     0.674510
44381     0.674510
44382     0.662745
44383     0.647059
44384     0.631373
44385     0.619608
44386     0.631373
44387     0.643137
44388     0.643137
44389     0.639216
44390     0.639216
44391     0.639216
44392     0.643137
44393     0.654902
44394     0.666667
44395     0.682353
44396     0.694118
44397     0.694118
44398     0.690196
44399     0.690196
44400     0.694118
44401     0.686275
44402     0.686275
44403     0.694118
44404     0.698039
44405     0.698039
44406     0.698039
44407     0.698039
44408     0.698039
44409     0.686275
44410     0.682353
44411     0.674510
44412     0.662745
44413     0.650980
44414     0.650980
44415     0.662745
44416     0.670588
44417     0.690196
44418     0.701961
44419     0.709804
44420     0.713726
44421     0.701961
44422     0.690196
44423     0.686275
44424     0.686275
44425     0.678431
44426     0.682353
44427     0.682353
44428     0.682353
44429     0.682353
44430     0.682353
44431     0.682353
44432     0.686275
44433     0.694118
44434     0.694118
44435     0.690196
44436     0.686275
44437     0.682353
44438     0.670588
44439     0.662745
44440     0.658824
44441     0.670588
44442     0.670588
44443     0.670588
44444     0.662745
44445     0.658824
44446     0.662745
44447     0.678431
44448     0.694118
44449     0.737255
44450     0.760784
44451     0.772549
44452     0.764706
44453     0.752941
44454     0.752941
44455     0.741176
44456     0.725490
44457     0.690196
44458     0.682353
44459     0.674510
44460     0.678431
44461     0.694118
44462     0.705882
44463     0.717647
44464     0.717647
44465     0.705882
44466     0.701961
44467     0.698039
44468     0.698039
44469     0.698039
44470     0.694118
44471     0.686275
44472     0.674510
44473     0.698039
44474     0.698039
44475     0.698039
44476     0.694118
44477     0.694118
44478     0.690196
44479     0.686275
44480     0.682353
44481     0.643137
44482     0.647059
44483     0.647059
44484     0.650980
44485     0.650980
44486     0.654902
44487     0.654902
44488     0.654902
44489     0.627451
44490     0.631373
44491     0.639216
44492     0.662745
44493     0.658824
44494     0.654902
44495     0.647059
44496     0.639216
44497     0.635294
44498     0.635294
44499     0.635294
44500     0.631373
44501     0.635294
44502     0.647059
44503     0.654902
44504     0.658824
44505     0.662745
44506     0.662745
44507     0.658824
44508     0.658824
44509     0.666667
44510     0.670588
44511     0.670588
44512     0.666667
44513     0.662745
44514     0.666667
44515     0.670588
44516     0.686275
44517     0.694118
44518     0.698039
44519     0.698039
44520     0.694118
44521     0.682353
44522     0.666667
44523     0.654902
44524     0.635294
44525     0.631373
44526     0.627451
44527     0.631373
44528     0.631373
44529     0.627451
44530     0.611765
44531     0.600000
44532     0.584314
44533     0.588235
44534     0.592157
44535     0.596078
44536     0.600000
44537     0.607843
44538     0.607843
44539     0.611765
44540     0.607843
44541     0.615686
44542     0.619608
44543     0.619608
44544     0.619608
44545     0.619608
44546     0.623529
44547     0.631373
44548     0.650980
44549     0.650980
44550     0.654902
44551     0.654902
44552     0.650980
44553     0.639216
44554     0.631373
44555     0.623529
44556     0.635294
44557     0.639216
44558     0.647059
44559     0.650980
44560     0.647059
44561     0.639216
44562     0.627451
44563     0.623529
44564     0.607843
44565     0.611765
44566     0.619608
44567     0.631373
44568     0.639216
44569     0.647059
44570     0.650980
44571     0.650980
44572     0.650980
44573     0.654902
44574     0.658824
44575     0.662745
44576     0.662745
44577     0.654902
44578     0.643137
44579     0.639216
44580     0.650980
44581     0.650980
44582     0.650980
44583     0.650980
44584     0.647059
44585     0.643137
44586     0.639216
44587     0.639216
44588     0.643137
44589     0.643137
44590     0.639216
44591     0.639216
44592     0.643137
44593     0.647059
44594     0.650980
44595     0.654902
44596     0.643137
44597     0.643137
44598     0.650980
44599     0.654902
44600     0.658824
44601     0.658824
44602     0.662745
44603     0.662745
44604     0.678431
44605     0.678431
44606     0.678431
44607     0.686275
44608     0.686275
44609     0.674510
44610     0.650980
44611     0.635294
44612     0.627451
44613     0.639216
44614     0.650980
44615     0.654902
44616     0.647059
44617     0.643137
44618     0.639216
44619     0.639216
44620     0.639216
44621     0.654902
44622     0.670588
44623     0.682353
44624     0.682353
44625     0.682353
44626     0.686275
44627     0.690196
44628     0.674510
44629     0.678431
44630     0.682353
44631     0.690196
44632     0.694118
44633     0.694118
44634     0.694118
44635     0.694118
44636     0.690196
44637     0.686275
44638     0.682353
44639     0.670588
44640     0.658824
44641     0.658824
44642     0.666667
44643     0.674510
44644     0.698039
44645     0.705882
44646     0.717647
44647     0.713726
44648     0.701961
44649     0.690196
44650     0.682353
44651     0.682353
44652     0.678431
44653     0.682353
44654     0.682353
44655     0.682353
44656     0.682353
44657     0.682353
44658     0.682353
44659     0.686275
44660     0.686275
44661     0.686275
44662     0.686275
44663     0.682353
44664     0.678431
44665     0.674510
44666     0.666667
44667     0.666667
44668     0.674510
44669     0.674510
44670     0.670588
44671     0.666667
44672     0.666667
44673     0.674510
44674     0.690196
44675     0.701961
44676     0.733333
44677     0.760784
44678     0.780392
44679     0.768627
44680     0.752941
44681     0.737255
44682     0.713726
44683     0.690196
44684     0.662745
44685     0.658824
44686     0.662745
44687     0.674510
44688     0.698039
44689     0.717647
44690     0.725490
44691     0.729412
44692     0.698039
44693     0.694118
44694     0.694118
44695     0.701961
44696     0.705882
44697     0.709804
44698     0.701961
44699     0.694118
44700     0.705882
44701     0.709804
44702     0.709804
44703     0.705882
44704     0.701961
44705     0.694118
44706     0.686275
44707     0.682353
44708     0.658824
44709     0.658824
44710     0.654902
44711     0.654902
44712     0.650980
44713     0.647059
44714     0.647059
44715     0.647059
44716     0.631373
44717     0.635294
44718     0.639216
44719     0.658824
44720     0.654902
44721     0.650980
44722     0.643137
44723     0.639216
44724     0.639216
44725     0.635294
44726     0.635294
44727     0.627451
44728     0.631373
44729     0.643137
44730     0.658824
44731     0.666667
44732     0.670588
44733     0.670588
44734     0.670588
44735     0.666667
44736     0.670588
44737     0.674510
44738     0.670588
44739     0.662745
44740     0.658824
44741     0.662745
44742     0.670588
44743     0.682353
44744     0.686275
44745     0.694118
44746     0.698039
44747     0.690196
44748     0.678431
44749     0.662745
44750     0.654902
44751     0.639216
44752     0.631373
44753     0.627451
44754     0.627451
44755     0.623529
44756     0.615686
44757     0.600000
44758     0.588235
44759     0.576471
44760     0.580392
44761     0.584314
44762     0.588235
44763     0.592157
44764     0.600000
44765     0.603922
44766     0.603922
44767     0.607843
44768     0.611765
44769     0.619608
44770     0.619608
44771     0.615686
44772     0.611765
44773     0.619608
44774     0.627451
44775     0.650980
44776     0.654902
44777     0.654902
44778     0.654902
44779     0.647059
44780     0.639216
44781     0.631373
44782     0.623529
44783     0.619608
44784     0.627451
44785     0.635294
44786     0.639216
44787     0.639216
44788     0.635294
44789     0.627451
44790     0.619608
44791     0.588235
44792     0.596078
44793     0.611765
44794     0.627451
44795     0.639216
44796     0.647059
44797     0.650980
44798     0.650980
44799     0.650980
44800     0.658824
44801     0.666667
44802     0.670588
44803     0.670588
44804     0.662745
44805     0.654902
44806     0.647059
44807     0.666667
44808     0.662745
44809     0.658824
44810     0.650980
44811     0.647059
44812     0.643137
44813     0.639216
44814     0.635294
44815     0.654902
44816     0.650980
44817     0.647059
44818     0.643137
44819     0.643137
44820     0.643137
44821     0.643137
44822     0.643137
44823     0.643137
44824     0.647059
44825     0.650980
44826     0.654902
44827     0.658824
44828     0.662745
44829     0.666667
44830     0.666667
44831     0.674510
44832     0.678431
44833     0.682353
44834     0.686275
44835     0.686275
44836     0.674510
44837     0.650980
44838     0.635294
44839     0.635294
44840     0.643137
44841     0.650980
44842     0.650980
44843     0.643137
44844     0.639216
44845     0.635294
44846     0.639216
44847     0.627451
44848     0.643137
44849     0.662745
44850     0.674510
44851     0.674510
44852     0.674510
44853     0.678431
44854     0.682353
44855     0.662745
44856     0.666667
44857     0.674510
44858     0.682353
44859     0.686275
44860     0.690196
44861     0.690196
44862     0.694118
44863     0.690196
44864     0.690196
44865     0.686275
44866     0.678431
44867     0.666667
44868     0.662745
44869     0.670588
44870     0.674510
44871     0.698039
44872     0.705882
44873     0.713726
44874     0.713726
44875     0.701961
44876     0.690196
44877     0.682353
44878     0.678431
44879     0.682353
44880     0.682353
44881     0.682353
44882     0.682353
44883     0.682353
44884     0.682353
44885     0.682353
44886     0.682353
44887     0.678431
44888     0.678431
44889     0.678431
44890     0.674510
44891     0.674510
44892     0.670588
44893     0.670588
44894     0.670588
44895     0.674510
44896     0.670588
44897     0.670588
44898     0.674510
44899     0.678431
44900     0.686275
44901     0.698039
44902     0.701961
44903     0.721569
44904     0.749020
44905     0.768627
44906     0.760784
44907     0.741176
44908     0.721569
44909     0.694118
44910     0.662745
44911     0.658824
44912     0.658824
44913     0.666667
44914     0.686275
44915     0.709804
44916     0.725490
44917     0.733333
44918     0.733333
44919     0.698039
44920     0.698039
44921     0.698039
44922     0.705882
44923     0.717647
44924     0.721569
44925     0.717647
44926     0.713726
44927     0.713726
44928     0.713726
44929     0.717647
44930     0.713726
44931     0.705882
44932     0.690196
44933     0.674510
44934     0.666667
44935     0.662745
44936     0.662745
44937     0.658824
44938     0.654902
44939     0.647059
44940     0.643137
44941     0.643137
44942     0.639216
44943     0.639216
44944     0.639216
44945     0.639216
44946     0.650980
44947     0.650980
44948     0.647059
44949     0.643137
44950     0.639216
44951     0.639216
44952     0.639216
44953     0.643137
44954     0.635294
44955     0.639216
44956     0.650980
44957     0.662745
44958     0.670588
44959     0.674510
44960     0.674510
44961     0.674510
44962     0.670588
44963     0.674510
44964     0.674510
44965     0.670588
44966     0.658824
44967     0.658824
44968     0.662745
44969     0.666667
44970     0.674510
44971     0.678431
44972     0.686275
44973     0.686275
44974     0.682353
44975     0.674510
44976     0.662745
44977     0.650980
44978     0.647059
44979     0.639216
44980     0.631373
44981     0.627451
44982     0.623529
44983     0.611765
44984     0.592157
44985     0.580392
44986     0.580392
44987     0.580392
44988     0.584314
44989     0.588235
44990     0.592157
44991     0.596078
44992     0.600000
44993     0.600000
44994     0.607843
44995     0.611765
44996     0.619608
44997     0.619608
44998     0.611765
44999     0.611765
45000     0.615686
45001     0.623529
45002     0.654902
45003     0.654902
45004     0.654902
45005     0.650980
45006     0.647059
45007     0.639216
45008     0.635294
45009     0.631373
45010     0.611765
45011     0.619608
45012     0.623529
45013     0.627451
45014     0.627451
45015     0.619608
45016     0.607843
45017     0.600000
45018     0.572549
45019     0.584314
45020     0.607843
45021     0.627451
45022     0.643137
45023     0.654902
45024     0.654902
45025     0.654902
45026     0.654902
45027     0.662745
45028     0.670588
45029     0.678431
45030     0.678431
45031     0.670588
45032     0.662745
45033     0.658824
45034     0.662745
45035     0.658824
45036     0.654902
45037     0.647059
45038     0.643137
45039     0.639216
45040     0.639216
45041     0.639216
45042     0.666667
45043     0.662745
45044     0.654902
45045     0.643137
45046     0.639216
45047     0.631373
45048     0.631373
45049     0.627451
45050     0.643137
45051     0.643137
45052     0.643137
45053     0.647059
45054     0.650980
45055     0.658824
45056     0.662745
45057     0.670588
45058     0.666667
45059     0.670588
45060     0.678431
45061     0.682353
45062     0.682353
45063     0.670588
45064     0.643137
45065     0.627451
45066     0.631373
45067     0.639216
45068     0.643137
45069     0.639216
45070     0.631373
45071     0.627451
45072     0.627451
45073     0.631373
45074     0.623529
45075     0.639216
45076     0.654902
45077     0.666667
45078     0.666667
45079     0.666667
45080     0.670588
45081     0.670588
45082     0.658824
45083     0.662745
45084     0.670588
45085     0.678431
45086     0.686275
45087     0.690196
45088     0.694118
45089     0.694118
45090     0.694118
45091     0.694118
45092     0.690196
45093     0.682353
45094     0.670588
45095     0.666667
45096     0.670588
45097     0.678431
45098     0.694118
45099     0.701961
45100     0.709804
45101     0.709804
45102     0.701961
45103     0.686275
45104     0.682353
45105     0.678431
45106     0.690196
45107     0.686275
45108     0.686275
45109     0.682353
45110     0.682353
45111     0.678431
45112     0.678431
45113     0.674510
45114     0.678431
45115     0.678431
45116     0.674510
45117     0.670588
45118     0.666667
45119     0.662745
45120     0.662745
45121     0.662745
45122     0.662745
45123     0.662745
45124     0.666667
45125     0.674510
45126     0.682353
45127     0.690196
45128     0.694118
45129     0.694118
45130     0.705882
45131     0.729412
45132     0.745098
45133     0.733333
45134     0.717647
45135     0.705882
45136     0.686275
45137     0.662745
45138     0.678431
45139     0.678431
45140     0.686275
45141     0.701961
45142     0.721569
45143     0.733333
45144     0.733333
45145     0.733333
45146     0.713726
45147     0.709804
45148     0.709804
45149     0.717647
45150     0.725490
45151     0.729412
45152     0.721569
45153     0.717647
45154     0.713726
45155     0.717647
45156     0.721569
45157     0.721569
45158     0.705882
45159     0.686275
45160     0.662745
45161     0.647059
45162     0.654902
45163     0.654902
45164     0.650980
45165     0.650980
45166     0.647059
45167     0.643137
45168     0.643137
45169     0.643137
45170     0.643137
45171     0.643137
45172     0.639216
45173     0.647059
45174     0.647059
45175     0.643137
45176     0.639216
45177     0.639216
45178     0.639216
45179     0.643137
45180     0.643137
45181     0.643137
45182     0.650980
45183     0.658824
45184     0.666667
45185     0.670588
45186     0.674510
45187     0.670588
45188     0.670588
45189     0.670588
45190     0.674510
45191     0.674510
45192     0.666667
45193     0.658824
45194     0.654902
45195     0.658824
45196     0.666667
45197     0.666667
45198     0.670588
45199     0.678431
45200     0.678431
45201     0.678431
45202     0.670588
45203     0.658824
45204     0.654902
45205     0.650980
45206     0.643137
45207     0.635294
45208     0.631373
45209     0.623529
45210     0.607843
45211     0.588235
45212     0.576471
45213     0.588235
45214     0.588235
45215     0.592157
45216     0.596078
45217     0.600000
45218     0.603922
45219     0.603922
45220     0.607843
45221     0.607843
45222     0.615686
45223     0.619608
45224     0.619608
45225     0.611765
45226     0.611765
45227     0.615686
45228     0.623529
45229     0.658824
45230     0.654902
45231     0.650980
45232     0.647059
45233     0.643137
45234     0.643137
45235     0.639216
45236     0.639216
45237     0.611765
45238     0.615686
45239     0.619608
45240     0.619608
45241     0.611765
45242     0.603922
45243     0.592157
45244     0.584314
45245     0.568627
45246     0.580392
45247     0.603922
45248     0.631373
45249     0.647059
45250     0.658824
45251     0.662745
45252     0.662745
45253     0.658824
45254     0.666667
45255     0.674510
45256     0.682353
45257     0.682353
45258     0.678431
45259     0.670588
45260     0.666667
45261     0.650980
45262     0.647059
45263     0.643137
45264     0.639216
45265     0.639216
45266     0.639216
45267     0.639216
45268     0.643137
45269     0.674510
45270     0.666667
45271     0.658824
45272     0.647059
45273     0.635294
45274     0.627451
45275     0.619608
45276     0.619608
45277     0.639216
45278     0.639216
45279     0.635294
45280     0.639216
45281     0.643137
45282     0.650980
45283     0.662745
45284     0.666667
45285     0.658824
45286     0.662745
45287     0.670588
45288     0.678431
45289     0.678431
45290     0.662745
45291     0.639216
45292     0.619608
45293     0.631373
45294     0.635294
45295     0.635294
45296     0.631373
45297     0.623529
45298     0.615686
45299     0.619608
45300     0.623529
45301     0.623529
45302     0.635294
45303     0.654902
45304     0.662745
45305     0.662745
45306     0.662745
45307     0.662745
45308     0.666667
45309     0.658824
45310     0.662745
45311     0.670588
45312     0.682353
45313     0.690196
45314     0.694118
45315     0.698039
45316     0.698039
45317     0.694118
45318     0.694118
45319     0.694118
45320     0.686275
45321     0.674510
45322     0.670588
45323     0.674510
45324     0.678431
45325     0.690196
45326     0.698039
45327     0.709804
45328     0.709804
45329     0.698039
45330     0.686275
45331     0.682353
45332     0.678431
45333     0.694118
45334     0.690196
45335     0.686275
45336     0.686275
45337     0.678431
45338     0.678431
45339     0.674510
45340     0.670588
45341     0.682353
45342     0.678431
45343     0.674510
45344     0.666667
45345     0.658824
45346     0.654902
45347     0.654902
45348     0.654902
45349     0.654902
45350     0.654902
45351     0.662745
45352     0.670588
45353     0.682353
45354     0.690196
45355     0.690196
45356     0.686275
45357     0.694118
45358     0.713726
45359     0.725490
45360     0.709804
45361     0.698039
45362     0.694118
45363     0.686275
45364     0.670588
45365     0.698039
45366     0.698039
45367     0.705882
45368     0.717647
45369     0.733333
45370     0.737255
45371     0.733333
45372     0.729412
45373     0.725490
45374     0.721569
45375     0.717647
45376     0.721569
45377     0.729412
45378     0.729412
45379     0.721569
45380     0.713726
45381     0.709804
45382     0.717647
45383     0.725490
45384     0.725490
45385     0.709804
45386     0.682353
45387     0.650980
45388     0.631373
45389     0.647059
45390     0.647059
45391     0.647059
45392     0.647059
45393     0.647059
45394     0.647059
45395     0.647059
45396     0.647059
45397     0.650980
45398     0.647059
45399     0.643137
45400     0.639216
45401     0.639216
45402     0.643137
45403     0.650980
45404     0.654902
45405     0.658824
45406     0.662745
45407     0.666667
45408     0.654902
45409     0.658824
45410     0.666667
45411     0.670588
45412     0.670588
45413     0.666667
45414     0.662745
45415     0.658824
45416     0.678431
45417     0.662745
45418     0.647059
45419     0.639216
45420     0.647059
45421     0.658824
45422     0.666667
45423     0.674510
45424     0.674510
45425     0.670588
45426     0.662745
45427     0.654902
45428     0.647059
45429     0.639216
45430     0.635294
45431     0.631373
45432     0.647059
45433     0.643137
45434     0.639216
45435     0.627451
45436     0.619608
45437     0.603922
45438     0.596078
45439     0.588235
45440     0.596078
45441     0.596078
45442     0.596078
45443     0.596078
45444     0.596078
45445     0.592157
45446     0.592157
45447     0.592157
45448     0.639216
45449     0.643137
45450     0.643137
45451     0.635294
45452     0.623529
45453     0.615686
45454     0.615686
45455     0.619608
45456     0.639216
45457     0.643137
45458     0.647059
45459     0.650980
45460     0.647059
45461     0.643137
45462     0.635294
45463     0.631373
45464     0.623529
45465     0.615686
45466     0.611765
45467     0.607843
45468     0.607843
45469     0.600000
45470     0.588235
45471     0.576471
45472     0.560784
45473     0.584314
45474     0.619608
45475     0.647059
45476     0.662745
45477     0.670588
45478     0.674510
45479     0.674510
45480     0.682353
45481     0.686275
45482     0.690196
45483     0.690196
45484     0.690196
45485     0.682353
45486     0.674510
45487     0.666667
45488     0.647059
45489     0.647059
45490     0.643137
45491     0.643137
45492     0.643137
45493     0.647059
45494     0.650980
45495     0.650980
45496     0.670588
45497     0.666667
45498     0.654902
45499     0.647059
45500     0.639216
45501     0.635294
45502     0.631373
45503     0.631373
45504     0.650980
45505     0.647059
45506     0.639216
45507     0.635294
45508     0.639216
45509     0.647059
45510     0.654902
45511     0.662745
45512     0.662745
45513     0.666667
45514     0.674510
45515     0.682353
45516     0.678431
45517     0.666667
45518     0.654902
45519     0.647059
45520     0.635294
45521     0.647059
45522     0.650980
45523     0.631373
45524     0.607843
45525     0.596078
45526     0.603922
45527     0.615686
45528     0.639216
45529     0.635294
45530     0.631373
45531     0.631373
45532     0.639216
45533     0.654902
45534     0.670588
45535     0.678431
45536     0.666667
45537     0.666667
45538     0.670588
45539     0.682353
45540     0.694118
45541     0.705882
45542     0.701961
45543     0.698039
45544     0.694118
45545     0.698039
45546     0.698039
45547     0.682353
45548     0.662745
45549     0.658824
45550     0.670588
45551     0.686275
45552     0.686275
45553     0.701961
45554     0.713726
45555     0.709804
45556     0.694118
45557     0.682353
45558     0.682353
45559     0.690196
45560     0.690196
45561     0.686275
45562     0.682353
45563     0.686275
45564     0.694118
45565     0.694118
45566     0.686275
45567     0.678431
45568     0.698039
45569     0.686275
45570     0.674510
45571     0.658824
45572     0.650980
45573     0.647059
45574     0.647059
45575     0.650980
45576     0.650980
45577     0.654902
45578     0.658824
45579     0.666667
45580     0.678431
45581     0.686275
45582     0.694118
45583     0.698039
45584     0.698039
45585     0.713726
45586     0.725490
45587     0.725490
45588     0.713726
45589     0.698039
45590     0.690196
45591     0.690196
45592     0.678431
45593     0.678431
45594     0.682353
45595     0.698039
45596     0.717647
45597     0.729412
45598     0.733333
45599     0.733333
45600     0.741176
45601     0.741176
45602     0.745098
45603     0.749020
45604     0.752941
45605     0.741176
45606     0.725490
45607     0.709804
45608     0.709804
45609     0.713726
45610     0.717647
45611     0.705882
45612     0.686275
45613     0.666667
45614     0.654902
45615     0.647059
45616     0.627451
45617     0.639216
45618     0.650980
45619     0.658824
45620     0.658824
45621     0.654902
45622     0.658824
45623     0.662745
45624     0.666667
45625     0.650980
45626     0.635294
45627     0.639216
45628     0.639216
45629     0.643137
45630     0.643137
45631     0.647059
45632     0.650980
45633     0.650980
45634     0.650980
45635     0.662745
45636     0.666667
45637     0.670588
45638     0.670588
45639     0.670588
45640     0.662745
45641     0.654902
45642     0.650980
45643     0.658824
45644     0.650980
45645     0.639216
45646     0.639216
45647     0.650980
45648     0.658824
45649     0.666667
45650     0.666667
45651     0.666667
45652     0.662745
45653     0.658824
45654     0.650980
45655     0.647059
45656     0.639216
45657     0.635294
45658     0.631373
45659     0.631373
45660     0.631373
45661     0.631373
45662     0.627451
45663     0.619608
45664     0.611765
45665     0.603922
45666     0.600000
45667     0.584314
45668     0.584314
45669     0.588235
45670     0.588235
45671     0.596078
45672     0.600000
45673     0.607843
45674     0.611765
45675     0.631373
45676     0.635294
45677     0.635294
45678     0.627451
45679     0.619608
45680     0.615686
45681     0.619608
45682     0.623529
45683     0.643137
45684     0.643137
45685     0.647059
45686     0.647059
45687     0.647059
45688     0.647059
45689     0.647059
45690     0.643137
45691     0.631373
45692     0.619608
45693     0.611765
45694     0.603922
45695     0.600000
45696     0.592157
45697     0.576471
45698     0.568627
45699     0.541176
45700     0.568627
45701     0.607843
45702     0.639216
45703     0.658824
45704     0.670588
45705     0.678431
45706     0.682353
45707     0.682353
45708     0.686275
45709     0.686275
45710     0.690196
45711     0.686275
45712     0.686275
45713     0.678431
45714     0.678431
45715     0.654902
45716     0.650980
45717     0.643137
45718     0.639216
45719     0.639216
45720     0.643137
45721     0.647059
45722     0.650980
45723     0.666667
45724     0.662745
45725     0.654902
45726     0.647059
45727     0.639216
45728     0.635294
45729     0.635294
45730     0.631373
45731     0.650980
45732     0.647059
45733     0.639216
45734     0.635294
45735     0.639216
45736     0.647059
45737     0.658824
45738     0.662745
45739     0.662745
45740     0.670588
45741     0.678431
45742     0.682353
45743     0.678431
45744     0.666667
45745     0.654902
45746     0.647059
45747     0.635294
45748     0.647059
45749     0.647059
45750     0.631373
45751     0.607843
45752     0.596078
45753     0.603922
45754     0.615686
45755     0.631373
45756     0.627451
45757     0.623529
45758     0.627451
45759     0.635294
45760     0.650980
45761     0.666667
45762     0.674510
45763     0.666667
45764     0.666667
45765     0.670588
45766     0.686275
45767     0.701961
45768     0.709804
45769     0.709804
45770     0.705882
45771     0.705882
45772     0.701961
45773     0.694118
45774     0.678431
45775     0.670588
45776     0.666667
45777     0.674510
45778     0.682353
45779     0.690196
45780     0.694118
45781     0.701961
45782     0.698039
45783     0.690196
45784     0.686275
45785     0.686275
45786     0.686275
45787     0.690196
45788     0.686275
45789     0.682353
45790     0.686275
45791     0.694118
45792     0.694118
45793     0.686275
45794     0.678431
45795     0.682353
45796     0.674510
45797     0.658824
45798     0.647059
45799     0.639216
45800     0.639216
45801     0.643137
45802     0.643137
45803     0.650980
45804     0.654902
45805     0.662745
45806     0.670588
45807     0.678431
45808     0.686275
45809     0.690196
45810     0.690196
45811     0.690196
45812     0.705882
45813     0.721569
45814     0.725490
45815     0.713726
45816     0.701961
45817     0.694118
45818     0.698039
45819     0.670588
45820     0.670588
45821     0.674510
45822     0.690196
45823     0.713726
45824     0.729412
45825     0.737255
45826     0.737255
45827     0.749020
45828     0.756863
45829     0.760784
45830     0.756863
45831     0.749020
45832     0.733333
45833     0.717647
45834     0.709804
45835     0.698039
45836     0.701961
45837     0.705882
45838     0.694118
45839     0.678431
45840     0.658824
45841     0.650980
45842     0.647059
45843     0.647059
45844     0.654902
45845     0.662745
45846     0.666667
45847     0.662745
45848     0.658824
45849     0.658824
45850     0.662745
45851     0.662745
45852     0.650980
45853     0.635294
45854     0.643137
45855     0.643137
45856     0.639216
45857     0.639216
45858     0.635294
45859     0.631373
45860     0.631373
45861     0.631373
45862     0.666667
45863     0.666667
45864     0.670588
45865     0.670588
45866     0.666667
45867     0.654902
45868     0.647059
45869     0.643137
45870     0.639216
45871     0.635294
45872     0.639216
45873     0.643137
45874     0.654902
45875     0.658824
45876     0.658824
45877     0.650980
45878     0.650980
45879     0.650980
45880     0.647059
45881     0.647059
45882     0.643137
45883     0.639216
45884     0.635294
45885     0.635294
45886     0.631373
45887     0.631373
45888     0.631373
45889     0.623529
45890     0.615686
45891     0.603922
45892     0.592157
45893     0.584314
45894     0.572549
45895     0.576471
45896     0.580392
45897     0.592157
45898     0.607843
45899     0.623529
45900     0.635294
45901     0.643137
45902     0.627451
45903     0.631373
45904     0.631373
45905     0.623529
45906     0.615686
45907     0.611765
45908     0.619608
45909     0.623529
45910     0.647059
45911     0.647059
45912     0.647059
45913     0.647059
45914     0.650980
45915     0.654902
45916     0.658824
45917     0.662745
45918     0.643137
45919     0.631373
45920     0.615686
45921     0.603922
45922     0.596078
45923     0.584314
45924     0.568627
45925     0.556863
45926     0.529412
45927     0.552941
45928     0.592157
45929     0.627451
45930     0.650980
45931     0.666667
45932     0.678431
45933     0.686275
45934     0.678431
45935     0.682353
45936     0.682353
45937     0.682353
45938     0.686275
45939     0.686275
45940     0.686275
45941     0.686275
45942     0.662745
45943     0.654902
45944     0.643137
45945     0.635294
45946     0.631373
45947     0.635294
45948     0.643137
45949     0.650980
45950     0.666667
45951     0.658824
45952     0.654902
45953     0.647059
45954     0.639216
45955     0.639216
45956     0.635294
45957     0.635294
45958     0.650980
45959     0.643137
45960     0.639216
45961     0.635294
45962     0.639216
45963     0.650980
45964     0.658824
45965     0.666667
45966     0.666667
45967     0.670588
45968     0.678431
45969     0.678431
45970     0.678431
45971     0.666667
45972     0.658824
45973     0.650980
45974     0.639216
45975     0.643137
45976     0.643137
45977     0.631373
45978     0.611765
45979     0.600000
45980     0.607843
45981     0.615686
45982     0.619608
45983     0.619608
45984     0.623529
45985     0.627451
45986     0.639216
45987     0.650980
45988     0.666667
45989     0.674510
45990     0.666667
45991     0.666667
45992     0.674510
45993     0.690196
45994     0.705882
45995     0.717647
45996     0.721569
45997     0.717647
45998     0.713726
45999     0.698039
46000     0.686275
46001     0.674510
46002     0.678431
46003     0.678431
46004     0.682353
46005     0.682353
46006     0.694118
46007     0.686275
46008     0.682353
46009     0.686275
46010     0.690196
46011     0.690196
46012     0.686275
46013     0.682353
46014     0.686275
46015     0.682353
46016     0.682353
46017     0.686275
46018     0.694118
46019     0.694118
46020     0.686275
46021     0.678431
46022     0.662745
46023     0.654902
46024     0.643137
46025     0.635294
46026     0.627451
46027     0.627451
46028     0.631373
46029     0.635294
46030     0.654902
46031     0.662745
46032     0.670588
46033     0.678431
46034     0.686275
46035     0.686275
46036     0.682353
46037     0.682353
46038     0.690196
46039     0.701961
46040     0.717647
46041     0.721569
46042     0.713726
46043     0.705882
46044     0.698039
46045     0.694118
46046     0.658824
46047     0.658824
46048     0.662745
46049     0.682353
46050     0.705882
46051     0.725490
46052     0.733333
46053     0.737255
46054     0.752941
46055     0.764706
46056     0.772549
46057     0.760784
46058     0.733333
46059     0.709804
46060     0.701961
46061     0.698039
46062     0.674510
46063     0.682353
46064     0.682353
46065     0.674510
46066     0.662745
46067     0.650980
46068     0.647059
46069     0.647059
46070     0.666667
46071     0.670588
46072     0.674510
46073     0.670588
46074     0.658824
46075     0.650980
46076     0.650980
46077     0.650980
46078     0.658824
46079     0.650980
46080     0.643137
46081     0.643137
46082     0.639216
46083     0.635294
46084     0.631373
46085     0.623529
46086     0.619608
46087     0.615686
46088     0.611765
46089     0.650980
46090     0.654902
46091     0.658824
46092     0.658824
46093     0.654902
46094     0.650980
46095     0.643137
46096     0.639216
46097     0.635294
46098     0.635294
46099     0.639216
46100     0.650980
46101     0.658824
46102     0.658824
46103     0.647059
46104     0.635294
46105     0.639216
46106     0.639216
46107     0.639216
46108     0.639216
46109     0.639216
46110     0.639216
46111     0.639216
46112     0.639216
46113     0.650980
46114     0.647059
46115     0.635294
46116     0.623529
46117     0.603922
46118     0.580392
46119     0.564706
46120     0.552941
46121     0.564706
46122     0.576471
46123     0.596078
46124     0.619608
46125     0.643137
46126     0.658824
46127     0.666667
46128     0.670588
46129     0.643137
46130     0.643137
46131     0.639216
46132     0.627451
46133     0.615686
46134     0.607843
46135     0.611765
46136     0.619608
46137     0.650980
46138     0.650980
46139     0.647059
46140     0.647059
46141     0.654902
46142     0.662745
46143     0.670588
46144     0.678431
46145     0.662745
46146     0.647059
46147     0.627451
46148     0.611765
46149     0.600000
46150     0.584314
46151     0.568627
46152     0.556863
46153     0.533333
46154     0.556863
46155     0.592157
46156     0.623529
46157     0.643137
46158     0.658824
46159     0.670588
46160     0.678431
46161     0.670588
46162     0.670588
46163     0.670588
46164     0.674510
46165     0.678431
46166     0.682353
46167     0.686275
46168     0.686275
46169     0.670588
46170     0.658824
46171     0.643137
46172     0.631373
46173     0.627451
46174     0.631373
46175     0.643137
46176     0.650980
46177     0.658824
46178     0.658824
46179     0.650980
46180     0.647059
46181     0.643137
46182     0.639216
46183     0.639216
46184     0.639216
46185     0.647059
46186     0.643137
46187     0.639216
46188     0.639216
46189     0.643137
46190     0.650980
46191     0.662745
46192     0.670588
46193     0.670588
46194     0.674510
46195     0.678431
46196     0.678431
46197     0.674510
46198     0.666667
46199     0.658824
46200     0.654902
46201     0.643137
46202     0.647059
46203     0.643137
46204     0.631373
46205     0.615686
46206     0.607843
46207     0.611765
46208     0.619608
46209     0.623529
46210     0.623529
46211     0.631373
46212     0.639216
46213     0.650980
46214     0.662745
46215     0.670588
46216     0.678431
46217     0.666667
46218     0.666667
46219     0.674510
46220     0.690196
46221     0.709804
46222     0.721569
46223     0.725490
46224     0.721569
46225     0.705882
46226     0.690196
46227     0.674510
46228     0.674510
46229     0.686275
46230     0.694118
46231     0.694118
46232     0.686275
46233     0.690196
46234     0.678431
46235     0.670588
46236     0.674510
46237     0.686275
46238     0.694118
46239     0.686275
46240     0.678431
46241     0.686275
46242     0.682353
46243     0.682353
46244     0.686275
46245     0.694118
46246     0.694118
46247     0.690196
46248     0.682353
46249     0.654902
46250     0.647059
46251     0.639216
46252     0.627451
46253     0.623529
46254     0.627451
46255     0.631373
46256     0.635294
46257     0.666667
46258     0.670588
46259     0.682353
46260     0.686275
46261     0.690196
46262     0.690196
46263     0.686275
46264     0.682353
46265     0.694118
46266     0.701961
46267     0.713726
46268     0.717647
46269     0.713726
46270     0.701961
46271     0.690196
46272     0.686275
46273     0.654902
46274     0.654902
46275     0.658824
46276     0.670588
46277     0.694118
46278     0.713726
46279     0.725490
46280     0.729412
46281     0.737255
46282     0.752941
46283     0.760784
46284     0.741176
46285     0.705882
46286     0.678431
46287     0.670588
46288     0.678431
46289     0.654902
46290     0.658824
46291     0.662745
46292     0.654902
46293     0.647059
46294     0.639216
46295     0.643137
46296     0.647059
46297     0.674510
46298     0.674510
46299     0.674510
46300     0.662745
46301     0.650980
46302     0.639216
46303     0.635294
46304     0.635294
46305     0.658824
46306     0.654902
46307     0.654902
46308     0.643137
46309     0.639216
46310     0.635294
46311     0.627451
46312     0.619608
46313     0.615686
46314     0.607843
46315     0.607843
46316     0.627451
46317     0.635294
46318     0.639216
46319     0.647059
46320     0.647059
46321     0.647059
46322     0.643137
46323     0.639216
46324     0.639216
46325     0.639216
46326     0.643137
46327     0.650980
46328     0.654902
46329     0.650980
46330     0.639216
46331     0.627451
46332     0.635294
46333     0.635294
46334     0.635294
46335     0.635294
46336     0.639216
46337     0.639216
46338     0.643137
46339     0.643137
46340     0.654902
46341     0.647059
46342     0.631373
46343     0.615686
46344     0.596078
46345     0.576471
46346     0.564706
46347     0.556863
46348     0.576471
46349     0.600000
46350     0.631373
46351     0.662745
46352     0.682353
46353     0.690196
46354     0.690196
46355     0.686275
46356     0.670588
46357     0.666667
46358     0.654902
46359     0.635294
46360     0.615686
46361     0.607843
46362     0.607843
46363     0.615686
46364     0.650980
46365     0.650980
46366     0.650980
46367     0.650980
46368     0.658824
46369     0.666667
46370     0.678431
46371     0.682353
46372     0.674510
46373     0.658824
46374     0.639216
46375     0.619608
46376     0.603922
46377     0.592157
46378     0.576471
46379     0.564706
46380     0.556863
46381     0.576471
46382     0.603922
46383     0.623529
46384     0.635294
46385     0.643137
46386     0.650980
46387     0.658824
46388     0.658824
46389     0.658824
46390     0.662745
46391     0.670588
46392     0.674510
46393     0.678431
46394     0.678431
46395     0.682353
46396     0.670588
46397     0.658824
46398     0.643137
46399     0.627451
46400     0.623529
46401     0.631373
46402     0.639216
46403     0.647059
46404     0.654902
46405     0.654902
46406     0.650980
46407     0.643137
46408     0.643137
46409     0.643137
46410     0.643137
46411     0.643137
46412     0.647059
46413     0.643137
46414     0.639216
46415     0.639216
46416     0.643137
46417     0.654902
46418     0.666667
46419     0.674510
46420     0.674510
46421     0.674510
46422     0.678431
46423     0.678431
46424     0.674510
46425     0.670588
46426     0.662745
46427     0.658824
46428     0.650980
46429     0.647059
46430     0.643137
46431     0.635294
46432     0.627451
46433     0.619608
46434     0.623529
46435     0.623529
46436     0.631373
46437     0.639216
46438     0.647059
46439     0.658824
46440     0.666667
46441     0.678431
46442     0.682353
46443     0.682353
46444     0.670588
46445     0.670588
46446     0.674510
46447     0.690196
46448     0.705882
46449     0.713726
46450     0.713726
46451     0.709804
46452     0.686275
46453     0.674510
46454     0.670588
46455     0.678431
46456     0.694118
46457     0.701961
46458     0.694118
46459     0.686275
46460     0.682353
46461     0.674510
46462     0.666667
46463     0.674510
46464     0.690196
46465     0.694118
46466     0.686275
46467     0.678431
46468     0.682353
46469     0.678431
46470     0.678431
46471     0.686275
46472     0.694118
46473     0.694118
46474     0.690196
46475     0.682353
46476     0.658824
46477     0.650980
46478     0.643137
46479     0.631373
46480     0.627451
46481     0.631373
46482     0.635294
46483     0.639216
46484     0.674510
46485     0.678431
46486     0.686275
46487     0.690196
46488     0.690196
46489     0.690196
46490     0.686275
46491     0.686275
46492     0.709804
46493     0.709804
46494     0.717647
46495     0.721569
46496     0.717647
46497     0.705882
46498     0.690196
46499     0.678431
46500     0.666667
46501     0.662745
46502     0.658824
46503     0.666667
46504     0.686275
46505     0.701961
46506     0.709804
46507     0.713726
46508     0.709804
46509     0.725490
46510     0.729412
46511     0.709804
46512     0.674510
46513     0.650980
46514     0.647059
46515     0.654902
46516     0.643137
46517     0.647059
46518     0.647059
46519     0.639216
46520     0.631373
46521     0.631373
46522     0.639216
46523     0.647059
46524     0.662745
46525     0.666667
46526     0.662745
46527     0.650980
46528     0.635294
46529     0.627451
46530     0.623529
46531     0.627451
46532     0.666667
46533     0.670588
46534     0.678431
46535     0.639216
46536     0.639216
46537     0.635294
46538     0.631373
46539     0.623529
46540     0.619608
46541     0.615686
46542     0.615686
46543     0.619608
46544     0.623529
46545     0.635294
46546     0.643137
46547     0.647059
46548     0.647059
46549     0.643137
46550     0.643137
46551     0.635294
46552     0.631373
46553     0.631373
46554     0.635294
46555     0.639216
46556     0.639216
46557     0.635294
46558     0.627451
46559     0.635294
46560     0.635294
46561     0.635294
46562     0.639216
46563     0.639216
46564     0.643137
46565     0.643137
46566     0.643137
46567     0.635294
46568     0.631373
46569     0.619608
46570     0.607843
46571     0.603922
46572     0.603922
46573     0.603922
46574     0.607843
46575     0.615686
46576     0.635294
46577     0.662745
46578     0.694118
46579     0.709804
46580     0.709804
46581     0.705882
46582     0.698039
46583     0.694118
46584     0.690196
46585     0.674510
46586     0.647059
46587     0.627451
46588     0.611765
46589     0.615686
46590     0.619608
46591     0.650980
46592     0.650980
46593     0.650980
46594     0.654902
46595     0.662745
46596     0.666667
46597     0.674510
46598     0.678431
46599     0.678431
46600     0.662745
46601     0.639216
46602     0.623529
46603     0.611765
46604     0.600000
46605     0.588235
46606     0.580392
46607     0.584314
46608     0.600000
46609     0.619608
46610     0.631373
46611     0.635294
46612     0.635294
46613     0.639216
46614     0.643137
46615     0.650980
46616     0.658824
46617     0.666667
46618     0.674510
46619     0.678431
46620     0.678431
46621     0.674510
46622     0.670588
46623     0.658824
46624     0.650980
46625     0.639216
46626     0.631373
46627     0.627451
46628     0.631373
46629     0.639216
46630     0.647059
46631     0.650980
46632     0.650980
46633     0.647059
46634     0.643137
46635     0.643137
46636     0.643137
46637     0.647059
46638     0.647059
46639     0.647059
46640     0.643137
46641     0.639216
46642     0.639216
46643     0.647059
46644     0.658824
46645     0.670588
46646     0.678431
46647     0.678431
46648     0.678431
46649     0.678431
46650     0.678431
46651     0.674510
46652     0.670588
46653     0.666667
46654     0.662745
46655     0.658824
46656     0.654902
46657     0.647059
46658     0.643137
46659     0.635294
46660     0.635294
46661     0.631373
46662     0.631373
46663     0.647059
46664     0.654902
46665     0.666667
46666     0.674510
46667     0.682353
46668     0.686275
46669     0.686275
46670     0.686275
46671     0.674510
46672     0.674510
46673     0.674510
46674     0.682353
46675     0.694118
46676     0.698039
46677     0.694118
46678     0.690196
46679     0.670588
46680     0.670588
46681     0.678431
46682     0.690196
46683     0.698039
46684     0.694118
46685     0.682353
46686     0.670588
46687     0.666667
46688     0.670588
46689     0.674510
46690     0.686275
46691     0.694118
46692     0.694118
46693     0.690196
46694     0.682353
46695     0.678431
46696     0.678431
46697     0.678431
46698     0.686275
46699     0.694118
46700     0.698039
46701     0.694118
46702     0.686275
46703     0.670588
46704     0.662745
46705     0.650980
46706     0.639216
46707     0.635294
46708     0.635294
46709     0.639216
46710     0.643137
46711     0.674510
46712     0.674510
46713     0.678431
46714     0.678431
46715     0.682353
46716     0.682353
46717     0.686275
46718     0.686275
46719     0.721569
46720     0.721569
46721     0.725490
46722     0.729412
46723     0.733333
46724     0.721569
46725     0.705882
46726     0.690196
46727     0.690196
46728     0.678431
46729     0.670588
46730     0.666667
46731     0.674510
46732     0.686275
46733     0.690196
46734     0.690196
46735     0.686275
46736     0.694118
46737     0.694118
46738     0.682353
46739     0.658824
46740     0.643137
46741     0.639216
46742     0.643137
46743     0.643137
46744     0.643137
46745     0.639216
46746     0.631373
46747     0.623529
46748     0.627451
46749     0.639216
46750     0.650980
46751     0.654902
46752     0.654902
46753     0.654902
46754     0.647059
46755     0.635294
46756     0.631373
46757     0.635294
46758     0.639216
46759     0.682353
46760     0.694118
46761     0.709804
46762     0.635294
46763     0.635294
46764     0.635294
46765     0.631373
46766     0.631373
46767     0.631373
46768     0.627451
46769     0.627451
46770     0.627451
46771     0.635294
46772     0.639216
46773     0.647059
46774     0.650980
46775     0.647059
46776     0.643137
46777     0.643137
46778     0.619608
46779     0.611765
46780     0.603922
46781     0.607843
46782     0.619608
46783     0.631373
46784     0.639216
46785     0.639216
46786     0.639216
46787     0.639216
46788     0.639216
46789     0.639216
46790     0.643137
46791     0.643137
46792     0.643137
46793     0.643137
46794     0.627451
46795     0.623529
46796     0.611765
46797     0.611765
46798     0.619608
46799     0.635294
46800     0.654902
46801     0.666667
46802     0.658824
46803     0.670588
46804     0.686275
46805     0.701961
46806     0.709804
46807     0.713726
46808     0.709804
46809     0.705882
46810     0.709804
46811     0.701961
46812     0.682353
46813     0.658824
46814     0.639216
46815     0.627451
46816     0.631373
46817     0.635294
46818     0.647059
46819     0.650980
46820     0.654902
46821     0.658824
46822     0.666667
46823     0.666667
46824     0.666667
46825     0.666667
46826     0.670588
46827     0.654902
46828     0.635294
46829     0.619608
46830     0.611765
46831     0.603922
46832     0.596078
46833     0.592157
46834     0.603922
46835     0.615686
46836     0.631373
46837     0.639216
46838     0.639216
46839     0.635294
46840     0.639216
46841     0.643137
46842     0.654902
46843     0.662745
46844     0.678431
46845     0.690196
46846     0.690196
46847     0.686275
46848     0.674510
46849     0.666667
46850     0.647059
46851     0.643137
46852     0.639216
46853     0.631373
46854     0.631373
46855     0.635294
46856     0.643137
46857     0.643137
46858     0.647059
46859     0.647059
46860     0.643137
46861     0.643137
46862     0.643137
46863     0.647059
46864     0.650980
46865     0.650980
46866     0.647059
46867     0.643137
46868     0.639216
46869     0.643137
46870     0.647059
46871     0.658824
46872     0.674510
46873     0.682353
46874     0.682353
46875     0.682353
46876     0.678431
46877     0.678431
46878     0.674510
46879     0.670588
46880     0.666667
46881     0.666667
46882     0.666667
46883     0.662745
46884     0.654902
46885     0.647059
46886     0.647059
46887     0.647059
46888     0.643137
46889     0.639216
46890     0.654902
46891     0.662745
46892     0.674510
46893     0.686275
46894     0.690196
46895     0.690196
46896     0.686275
46897     0.682353
46898     0.678431
46899     0.674510
46900     0.674510
46901     0.674510
46902     0.682353
46903     0.682353
46904     0.674510
46905     0.662745
46906     0.662745
46907     0.678431
46908     0.698039
46909     0.701961
46910     0.694118
46911     0.674510
46912     0.658824
46913     0.647059
46914     0.650980
46915     0.666667
46916     0.686275
46917     0.698039
46918     0.698039
46919     0.694118
46920     0.690196
46921     0.686275
46922     0.678431
46923     0.674510
46924     0.678431
46925     0.686275
46926     0.694118
46927     0.698039
46928     0.694118
46929     0.686275
46930     0.678431
46931     0.666667
46932     0.654902
46933     0.643137
46934     0.635294
46935     0.635294
46936     0.635294
46937     0.639216
46938     0.666667
46939     0.662745
46940     0.658824
46941     0.658824
46942     0.662745
46943     0.670588
46944     0.678431
46945     0.686275
46946     0.733333
46947     0.733333
46948     0.737255
46949     0.749020
46950     0.756863
46951     0.752941
46952     0.737255
46953     0.721569
46954     0.717647
46955     0.701961
46956     0.682353
46957     0.670588
46958     0.670588
46959     0.670588
46960     0.670588
46961     0.666667
46962     0.670588
46963     0.670588
46964     0.670588
46965     0.666667
46966     0.658824
46967     0.654902
46968     0.650980
46969     0.650980
46970     0.647059
46971     0.643137
46972     0.639216
46973     0.627451
46974     0.619608
46975     0.627451
46976     0.643137
46977     0.654902
46978     0.650980
46979     0.654902
46980     0.654902
46981     0.650980
46982     0.647059
46983     0.650980
46984     0.658824
46985     0.666667
46986     0.698039
46987     0.717647
46988     0.737255
46989     0.635294
46990     0.635294
46991     0.635294
46992     0.635294
46993     0.635294
46994     0.639216
46995     0.639216
46996     0.639216
46997     0.643137
46998     0.647059
46999     0.650980
47000     0.654902
47001     0.654902
47002     0.650980
47003     0.643137
47004     0.639216
47005     0.603922
47006     0.592157
47007     0.584314
47008     0.584314
47009     0.603922
47010     0.623529
47011     0.643137
47012     0.650980
47013     0.643137
47014     0.643137
47015     0.643137
47016     0.643137
47017     0.643137
47018     0.643137
47019     0.643137
47020     0.643137
47021     0.635294
47022     0.627451
47023     0.619608
47024     0.615686
47025     0.627451
47026     0.654902
47027     0.682353
47028     0.698039
47029     0.694118
47030     0.694118
47031     0.694118
47032     0.698039
47033     0.701961
47034     0.705882
47035     0.709804
47036     0.713726
47037     0.709804
47038     0.705882
47039     0.690196
47040     0.666667
47041     0.647059
47042     0.639216
47043     0.643137
47044     0.650980
47045     0.643137
47046     0.650980
47047     0.658824
47048     0.662745
47049     0.666667
47050     0.666667
47051     0.662745
47052     0.658824
47053     0.662745
47054     0.647059
47055     0.627451
47056     0.611765
47057     0.607843
47058     0.603922
47059     0.600000
47060     0.596078
47061     0.615686
47062     0.623529
47063     0.639216
47064     0.643137
47065     0.643137
47066     0.639216
47067     0.643137
47068     0.647059
47069     0.658824
47070     0.670588
47071     0.690196
47072     0.701961
47073     0.701961
47074     0.694118
47075     0.678431
47076     0.666667
47077     0.639216
47078     0.639216
47079     0.635294
47080     0.635294
47081     0.635294
47082     0.639216
47083     0.643137
47084     0.643137
47085     0.647059
47086     0.647059
47087     0.643137
47088     0.643137
47089     0.643137
47090     0.647059
47091     0.650980
47092     0.654902
47093     0.647059
47094     0.643137
47095     0.639216
47096     0.643137
47097     0.647059
47098     0.662745
47099     0.674510
47100     0.682353
47101     0.682353
47102     0.682353
47103     0.678431
47104     0.674510
47105     0.674510
47106     0.670588
47107     0.666667
47108     0.666667
47109     0.674510
47110     0.666667
47111     0.658824
47112     0.650980
47113     0.654902
47114     0.650980
47115     0.650980
47116     0.647059
47117     0.658824
47118     0.666667
47119     0.678431
47120     0.690196
47121     0.694118
47122     0.690196
47123     0.682353
47124     0.674510
47125     0.682353
47126     0.678431
47127     0.670588
47128     0.670588
47129     0.674510
47130     0.666667
47131     0.658824
47132     0.647059
47133     0.662745
47134     0.686275
47135     0.713726
47136     0.713726
47137     0.690196
47138     0.658824
47139     0.635294
47140     0.627451
47141     0.643137
47142     0.666667
47143     0.698039
47144     0.709804
47145     0.701961
47146     0.694118
47147     0.690196
47148     0.690196
47149     0.678431
47150     0.674510
47151     0.678431
47152     0.686275
47153     0.694118
47154     0.698039
47155     0.694118
47156     0.686275
47157     0.678431
47158     0.670588
47159     0.654902
47160     0.643137
47161     0.635294
47162     0.631373
47163     0.631373
47164     0.635294
47165     0.658824
47166     0.650980
47167     0.643137
47168     0.643137
47169     0.647059
47170     0.658824
47171     0.674510
47172     0.682353
47173     0.737255
47174     0.737255
47175     0.741176
47176     0.760784
47177     0.776471
47178     0.780392
47179     0.764706
47180     0.749020
47181     0.737255
47182     0.717647
47183     0.694118
47184     0.674510
47185     0.666667
47186     0.662745
47187     0.658824
47188     0.654902
47189     0.670588
47190     0.662745
47191     0.658824
47192     0.662745
47193     0.666667
47194     0.670588
47195     0.666667
47196     0.658824
47197     0.650980
47198     0.647059
47199     0.639216
47200     0.627451
47201     0.619608
47202     0.627451
47203     0.643137
47204     0.658824
47205     0.654902
47206     0.658824
47207     0.662745
47208     0.662745
47209     0.662745
47210     0.666667
47211     0.682353
47212     0.694118
47213     0.709804
47214     0.729412
47215     0.756863
47216     0.635294
47217     0.643137
47218     0.650980
47219     0.647059
47220     0.635294
47221     0.627451
47222     0.623529
47223     0.623529
47224     0.647059
47225     0.643137
47226     0.643137
47227     0.643137
47228     0.647059
47229     0.643137
47230     0.627451
47231     0.615686
47232     0.611765
47233     0.603922
47234     0.592157
47235     0.588235
47236     0.596078
47237     0.611765
47238     0.631373
47239     0.647059
47240     0.639216
47241     0.635294
47242     0.627451
47243     0.623529
47244     0.627451
47245     0.639216
47246     0.650980
47247     0.662745
47248     0.639216
47249     0.650980
47250     0.658824
47251     0.658824
47252     0.650980
47253     0.654902
47254     0.666667
47255     0.678431
47256     0.694118
47257     0.694118
47258     0.698039
47259     0.701961
47260     0.705882
47261     0.705882
47262     0.705882
47263     0.705882
47264     0.698039
47265     0.690196
47266     0.682353
47267     0.670588
47268     0.666667
47269     0.662745
47270     0.662745
47271     0.666667
47272     0.670588
47273     0.670588
47274     0.666667
47275     0.666667
47276     0.662745
47277     0.662745
47278     0.662745
47279     0.662745
47280     0.654902
47281     0.643137
47282     0.627451
47283     0.623529
47284     0.623529
47285     0.627451
47286     0.623529
47287     0.619608
47288     0.627451
47289     0.639216
47290     0.650980
47291     0.650980
47292     0.650980
47293     0.654902
47294     0.670588
47295     0.686275
47296     0.694118
47297     0.701961
47298     0.709804
47299     0.709804
47300     0.701961
47301     0.686275
47302     0.666667
47303     0.650980
47304     0.650980
47305     0.647059
47306     0.643137
47307     0.643137
47308     0.643137
47309     0.643137
47310     0.647059
47311     0.647059
47312     0.647059
47313     0.643137
47314     0.635294
47315     0.635294
47316     0.635294
47317     0.643137
47318     0.647059
47319     0.650980
47320     0.647059
47321     0.639216
47322     0.635294
47323     0.639216
47324     0.650980
47325     0.666667
47326     0.674510
47327     0.678431
47328     0.674510
47329     0.674510
47330     0.674510
47331     0.678431
47332     0.678431
47333     0.682353
47334     0.682353
47335     0.686275
47336     0.662745
47337     0.658824
47338     0.658824
47339     0.654902
47340     0.654902
47341     0.658824
47342     0.658824
47343     0.662745
47344     0.658824
47345     0.678431
47346     0.698039
47347     0.705882
47348     0.694118
47349     0.682353
47350     0.674510
47351     0.674510
47352     0.686275
47353     0.690196
47354     0.690196
47355     0.690196
47356     0.682353
47357     0.666667
47358     0.650980
47359     0.639216
47360     0.662745
47361     0.690196
47362     0.717647
47363     0.721569
47364     0.694118
47365     0.666667
47366     0.650980
47367     0.650980
47368     0.670588
47369     0.666667
47370     0.666667
47371     0.678431
47372     0.694118
47373     0.701961
47374     0.694118
47375     0.686275
47376     0.682353
47377     0.674510
47378     0.670588
47379     0.674510
47380     0.686275
47381     0.698039
47382     0.701961
47383     0.701961
47384     0.690196
47385     0.678431
47386     0.658824
47387     0.643137
47388     0.631373
47389     0.627451
47390     0.635294
47391     0.639216
47392     0.647059
47393     0.647059
47394     0.647059
47395     0.639216
47396     0.635294
47397     0.647059
47398     0.674510
47399     0.694118
47400     0.749020
47401     0.752941
47402     0.756863
47403     0.756863
47404     0.760784
47405     0.760784
47406     0.760784
47407     0.756863
47408     0.737255
47409     0.713726
47410     0.682353
47411     0.670588
47412     0.674510
47413     0.674510
47414     0.662745
47415     0.647059
47416     0.666667
47417     0.647059
47418     0.635294
47419     0.647059
47420     0.670588
47421     0.686275
47422     0.670588
47423     0.650980
47424     0.650980
47425     0.647059
47426     0.647059
47427     0.647059
47428     0.650980
47429     0.658824
47430     0.666667
47431     0.670588
47432     0.662745
47433     0.670588
47434     0.674510
47435     0.670588
47436     0.662745
47437     0.666667
47438     0.682353
47439     0.698039
47440     0.721569
47441     0.725490
47442     0.729412
47443     0.635294
47444     0.643137
47445     0.650980
47446     0.647059
47447     0.639216
47448     0.627451
47449     0.623529
47450     0.623529
47451     0.639216
47452     0.639216
47453     0.635294
47454     0.639216
47455     0.643137
47456     0.639216
47457     0.627451
47458     0.619608
47459     0.627451
47460     0.623529
47461     0.611765
47462     0.607843
47463     0.611765
47464     0.619608
47465     0.635294
47466     0.643137
47467     0.639216
47468     0.635294
47469     0.627451
47470     0.623529
47471     0.627451
47472     0.639216
47473     0.654902
47474     0.662745
47475     0.674510
47476     0.682353
47477     0.682353
47478     0.674510
47479     0.666667
47480     0.666667
47481     0.678431
47482     0.690196
47483     0.698039
47484     0.698039
47485     0.701961
47486     0.705882
47487     0.705882
47488     0.705882
47489     0.705882
47490     0.701961
47491     0.694118
47492     0.686275
47493     0.678431
47494     0.670588
47495     0.666667
47496     0.666667
47497     0.666667
47498     0.670588
47499     0.666667
47500     0.666667
47501     0.666667
47502     0.662745
47503     0.662745
47504     0.662745
47505     0.662745
47506     0.662745
47507     0.650980
47508     0.643137
47509     0.627451
47510     0.623529
47511     0.631373
47512     0.635294
47513     0.635294
47514     0.631373
47515     0.635294
47516     0.643137
47517     0.654902
47518     0.654902
47519     0.654902
47520     0.658824
47521     0.674510
47522     0.690196
47523     0.701961
47524     0.701961
47525     0.705882
47526     0.705882
47527     0.698039
47528     0.682353
47529     0.666667
47530     0.658824
47531     0.650980
47532     0.654902
47533     0.654902
47534     0.654902
47535     0.650980
47536     0.650980
47537     0.650980
47538     0.650980
47539     0.650980
47540     0.647059
47541     0.647059
47542     0.643137
47543     0.643137
47544     0.643137
47545     0.647059
47546     0.647059
47547     0.650980
47548     0.643137
47549     0.639216
47550     0.647059
47551     0.658824
47552     0.670588
47553     0.674510
47554     0.674510
47555     0.674510
47556     0.674510
47557     0.674510
47558     0.678431
47559     0.678431
47560     0.678431
47561     0.682353
47562     0.682353
47563     0.662745
47564     0.658824
47565     0.658824
47566     0.654902
47567     0.654902
47568     0.658824
47569     0.658824
47570     0.662745
47571     0.650980
47572     0.670588
47573     0.690196
47574     0.698039
47575     0.690196
47576     0.686275
47577     0.686275
47578     0.690196
47579     0.698039
47580     0.694118
47581     0.686275
47582     0.678431
47583     0.670588
47584     0.662745
47585     0.658824
47586     0.658824
47587     0.662745
47588     0.690196
47589     0.713726
47590     0.717647
47591     0.694118
47592     0.670588
47593     0.658824
47594     0.654902
47595     0.678431
47596     0.670588
47597     0.666667
47598     0.670588
47599     0.686275
47600     0.698039
47601     0.698039
47602     0.694118
47603     0.686275
47604     0.678431
47605     0.674510
47606     0.678431
47607     0.686275
47608     0.698039
47609     0.701961
47610     0.701961
47611     0.701961
47612     0.686275
47613     0.658824
47614     0.639216
47615     0.627451
47616     0.631373
47617     0.643137
47618     0.650980
47619     0.654902
47620     0.658824
47621     0.658824
47622     0.643137
47623     0.631373
47624     0.639216
47625     0.670588
47626     0.698039
47627     0.749020
47628     0.752941
47629     0.760784
47630     0.764706
47631     0.768627
47632     0.764706
47633     0.760784
47634     0.756863
47635     0.729412
47636     0.705882
47637     0.682353
47638     0.670588
47639     0.674510
47640     0.674510
47641     0.662745
47642     0.650980
47643     0.666667
47644     0.654902
47645     0.647059
47646     0.654902
47647     0.670588
47648     0.674510
47649     0.666667
47650     0.654902
47651     0.654902
47652     0.654902
47653     0.650980
47654     0.647059
47655     0.647059
47656     0.654902
47657     0.662745
47658     0.666667
47659     0.662745
47660     0.670588
47661     0.678431
47662     0.674510
47663     0.674510
47664     0.682353
47665     0.698039
47666     0.709804
47667     0.721569
47668     0.725490
47669     0.729412
47670     0.639216
47671     0.647059
47672     0.654902
47673     0.650980
47674     0.639216
47675     0.627451
47676     0.623529
47677     0.623529
47678     0.635294
47679     0.631373
47680     0.631373
47681     0.639216
47682     0.643137
47683     0.643137
47684     0.631373
47685     0.623529
47686     0.643137
47687     0.643137
47688     0.639216
47689     0.635294
47690     0.635294
47691     0.635294
47692     0.639216
47693     0.643137
47694     0.643137
47695     0.639216
47696     0.631373
47697     0.627451
47698     0.635294
47699     0.647059
47700     0.658824
47701     0.670588
47702     0.705882
47703     0.701961
47704     0.694118
47705     0.678431
47706     0.670588
47707     0.670588
47708     0.682353
47709     0.694118
47710     0.705882
47711     0.705882
47712     0.705882
47713     0.701961
47714     0.701961
47715     0.701961
47716     0.701961
47717     0.701961
47718     0.686275
47719     0.682353
47720     0.674510
47721     0.670588
47722     0.666667
47723     0.670588
47724     0.674510
47725     0.674510
47726     0.670588
47727     0.666667
47728     0.666667
47729     0.666667
47730     0.666667
47731     0.670588
47732     0.670588
47733     0.674510
47734     0.658824
47735     0.647059
47736     0.635294
47737     0.631373
47738     0.639216
47739     0.643137
47740     0.647059
47741     0.647059
47742     0.643137
47743     0.650980
47744     0.658824
47745     0.662745
47746     0.662745
47747     0.670588
47748     0.682353
47749     0.694118
47750     0.705882
47751     0.705882
47752     0.701961
47753     0.698039
47754     0.690196
47755     0.682353
47756     0.670588
47757     0.666667
47758     0.654902
47759     0.658824
47760     0.666667
47761     0.670588
47762     0.670588
47763     0.666667
47764     0.662745
47765     0.658824
47766     0.658824
47767     0.658824
47768     0.658824
47769     0.658824
47770     0.654902
47771     0.650980
47772     0.647059
47773     0.643137
47774     0.650980
47775     0.647059
47776     0.650980
47777     0.658824
47778     0.670588
47779     0.678431
47780     0.674510
47781     0.670588
47782     0.670588
47783     0.670588
47784     0.674510
47785     0.674510
47786     0.674510
47787     0.678431
47788     0.678431
47789     0.678431
47790     0.658824
47791     0.658824
47792     0.654902
47793     0.654902
47794     0.654902
47795     0.654902
47796     0.658824
47797     0.658824
47798     0.647059
47799     0.658824
47800     0.670588
47801     0.678431
47802     0.682353
47803     0.686275
47804     0.694118
47805     0.701961
47806     0.705882
47807     0.694118
47808     0.678431
47809     0.662745
47810     0.658824
47811     0.662745
47812     0.674510
47813     0.678431
47814     0.666667
47815     0.686275
47816     0.709804
47817     0.713726
47818     0.698039
47819     0.678431
47820     0.666667
47821     0.666667
47822     0.686275
47823     0.678431
47824     0.666667
47825     0.666667
47826     0.678431
47827     0.690196
47828     0.698039
47829     0.698039
47830     0.686275
47831     0.682353
47832     0.678431
47833     0.682353
47834     0.694118
47835     0.701961
47836     0.701961
47837     0.701961
47838     0.709804
47839     0.694118
47840     0.666667
47841     0.643137
47842     0.635294
47843     0.639216
47844     0.654902
47845     0.662745
47846     0.662745
47847     0.670588
47848     0.670588
47849     0.647059
47850     0.627451
47851     0.635294
47852     0.674510
47853     0.709804
47854     0.749020
47855     0.756863
47856     0.764706
47857     0.772549
47858     0.772549
47859     0.764706
47860     0.752941
47861     0.745098
47862     0.713726
47863     0.698039
47864     0.678431
47865     0.670588
47866     0.674510
47867     0.674510
47868     0.666667
47869     0.654902
47870     0.666667
47871     0.666667
47872     0.662745
47873     0.662745
47874     0.662745
47875     0.658824
47876     0.658824
47877     0.654902
47878     0.662745
47879     0.658824
47880     0.654902
47881     0.647059
47882     0.647059
47883     0.647059
47884     0.650980
47885     0.654902
47886     0.666667
47887     0.670588
47888     0.678431
47889     0.678431
47890     0.682353
47891     0.694118
47892     0.709804
47893     0.721569
47894     0.717647
47895     0.721569
47896     0.725490
47897     0.643137
47898     0.647059
47899     0.654902
47900     0.650980
47901     0.639216
47902     0.627451
47903     0.619608
47904     0.619608
47905     0.627451
47906     0.627451
47907     0.631373
47908     0.639216
47909     0.647059
47910     0.650980
47911     0.643137
47912     0.635294
47913     0.643137
47914     0.647059
47915     0.650980
47916     0.650980
47917     0.650980
47918     0.650980
47919     0.647059
47920     0.643137
47921     0.650980
47922     0.643137
47923     0.639216
47924     0.635294
47925     0.643137
47926     0.654902
47927     0.670588
47928     0.682353
47929     0.705882
47930     0.694118
47931     0.682353
47932     0.666667
47933     0.662745
47934     0.666667
47935     0.682353
47936     0.690196
47937     0.709804
47938     0.705882
47939     0.701961
47940     0.701961
47941     0.698039
47942     0.698039
47943     0.698039
47944     0.698039
47945     0.678431
47946     0.674510
47947     0.670588
47948     0.666667
47949     0.666667
47950     0.670588
47951     0.678431
47952     0.682353
47953     0.674510
47954     0.670588
47955     0.670588
47956     0.670588
47957     0.674510
47958     0.682353
47959     0.686275
47960     0.690196
47961     0.682353
47962     0.666667
47963     0.650980
47964     0.643137
47965     0.647059
47966     0.650980
47967     0.654902
47968     0.654902
47969     0.654902
47970     0.658824
47971     0.662745
47972     0.666667
47973     0.670588
47974     0.682353
47975     0.690196
47976     0.698039
47977     0.709804
47978     0.705882
47979     0.698039
47980     0.690196
47981     0.686275
47982     0.678431
47983     0.674510
47984     0.674510
47985     0.658824
47986     0.666667
47987     0.674510
47988     0.682353
47989     0.682353
47990     0.678431
47991     0.670588
47992     0.666667
47993     0.666667
47994     0.670588
47995     0.670588
47996     0.670588
47997     0.666667
47998     0.654902
47999     0.647059
48000     0.639216
48001     0.650980
48002     0.654902
48003     0.658824
48004     0.670588
48005     0.678431
48006     0.682353
48007     0.674510
48008     0.662745
48009     0.670588
48010     0.670588
48011     0.670588
48012     0.670588
48013     0.670588
48014     0.674510
48015     0.674510
48016     0.674510
48017     0.658824
48018     0.658824
48019     0.654902
48020     0.650980
48021     0.650980
48022     0.654902
48023     0.658824
48024     0.658824
48025     0.647059
48026     0.650980
48027     0.654902
48028     0.658824
48029     0.666667
48030     0.674510
48031     0.682353
48032     0.690196
48033     0.698039
48034     0.686275
48035     0.674510
48036     0.662745
48037     0.658824
48038     0.666667
48039     0.678431
48040     0.686275
48041     0.670588
48042     0.686275
48043     0.705882
48044     0.709804
48045     0.698039
48046     0.686275
48047     0.678431
48048     0.678431
48049     0.682353
48050     0.678431
48051     0.674510
48052     0.678431
48053     0.682353
48054     0.686275
48055     0.690196
48056     0.690196
48057     0.686275
48058     0.682353
48059     0.678431
48060     0.686275
48061     0.694118
48062     0.701961
48063     0.701961
48064     0.698039
48065     0.705882
48066     0.694118
48067     0.678431
48068     0.662745
48069     0.654902
48070     0.654902
48071     0.658824
48072     0.662745
48073     0.662745
48074     0.670588
48075     0.670588
48076     0.647059
48077     0.627451
48078     0.639216
48079     0.686275
48080     0.729412
48081     0.756863
48082     0.760784
48083     0.772549
48084     0.772549
48085     0.768627
48086     0.749020
48087     0.733333
48088     0.721569
48089     0.698039
48090     0.686275
48091     0.674510
48092     0.670588
48093     0.674510
48094     0.674510
48095     0.670588
48096     0.662745
48097     0.662745
48098     0.670588
48099     0.674510
48100     0.662745
48101     0.650980
48102     0.643137
48103     0.643137
48104     0.650980
48105     0.666667
48106     0.662745
48107     0.654902
48108     0.647059
48109     0.643137
48110     0.643137
48111     0.647059
48112     0.647059
48113     0.662745
48114     0.666667
48115     0.670588
48116     0.674510
48117     0.682353
48118     0.698039
48119     0.709804
48120     0.721569
48121     0.709804
48122     0.713726
48123     0.717647
48124     0.639216
48125     0.647059
48126     0.650980
48127     0.647059
48128     0.635294
48129     0.619608
48130     0.615686
48131     0.615686
48132     0.623529
48133     0.623529
48134     0.631373
48135     0.643137
48136     0.654902
48137     0.658824
48138     0.654902
48139     0.647059
48140     0.631373
48141     0.639216
48142     0.647059
48143     0.654902
48144     0.658824
48145     0.658824
48146     0.650980
48147     0.647059
48148     0.654902
48149     0.650980
48150     0.643137
48151     0.643137
48152     0.650980
48153     0.662745
48154     0.678431
48155     0.690196
48156     0.690196
48157     0.678431
48158     0.666667
48159     0.658824
48160     0.662745
48161     0.674510
48162     0.686275
48163     0.694118
48164     0.705882
48165     0.701961
48166     0.698039
48167     0.694118
48168     0.690196
48169     0.690196
48170     0.694118
48171     0.694118
48172     0.678431
48173     0.674510
48174     0.670588
48175     0.666667
48176     0.670588
48177     0.674510
48178     0.678431
48179     0.682353
48180     0.678431
48181     0.678431
48182     0.674510
48183     0.678431
48184     0.682353
48185     0.694118
48186     0.705882
48187     0.709804
48188     0.709804
48189     0.694118
48190     0.670588
48191     0.654902
48192     0.654902
48193     0.654902
48194     0.654902
48195     0.654902
48196     0.662745
48197     0.662745
48198     0.662745
48199     0.670588
48200     0.678431
48201     0.690196
48202     0.698039
48203     0.698039
48204     0.709804
48205     0.705882
48206     0.698039
48207     0.690196
48208     0.682353
48209     0.678431
48210     0.678431
48211     0.678431
48212     0.662745
48213     0.670588
48214     0.678431
48215     0.686275
48216     0.690196
48217     0.686275
48218     0.678431
48219     0.674510
48220     0.674510
48221     0.674510
48222     0.678431
48223     0.674510
48224     0.670588
48225     0.658824
48226     0.650980
48227     0.643137
48228     0.654902
48229     0.658824
48230     0.662745
48231     0.674510
48232     0.682353
48233     0.682353
48234     0.670588
48235     0.658824
48236     0.670588
48237     0.670588
48238     0.670588
48239     0.670588
48240     0.670588
48241     0.666667
48242     0.666667
48243     0.666667
48244     0.658824
48245     0.654902
48246     0.650980
48247     0.650980
48248     0.650980
48249     0.650980
48250     0.654902
48251     0.658824
48252     0.650980
48253     0.647059
48254     0.643137
48255     0.643137
48256     0.650980
48257     0.654902
48258     0.662745
48259     0.662745
48260     0.674510
48261     0.670588
48262     0.670588
48263     0.666667
48264     0.670588
48265     0.674510
48266     0.678431
48267     0.682353
48268     0.678431
48269     0.690196
48270     0.701961
48271     0.705882
48272     0.701961
48273     0.690196
48274     0.686275
48275     0.682353
48276     0.670588
48277     0.678431
48278     0.686275
48279     0.694118
48280     0.690196
48281     0.686275
48282     0.678431
48283     0.674510
48284     0.686275
48285     0.682353
48286     0.682353
48287     0.686275
48288     0.694118
48289     0.698039
48290     0.698039
48291     0.690196
48292     0.690196
48293     0.690196
48294     0.690196
48295     0.686275
48296     0.682353
48297     0.670588
48298     0.658824
48299     0.654902
48300     0.650980
48301     0.658824
48302     0.658824
48303     0.643137
48304     0.631373
48305     0.650980
48306     0.698039
48307     0.741176
48308     0.756863
48309     0.760784
48310     0.764706
48311     0.760784
48312     0.749020
48313     0.729412
48314     0.705882
48315     0.690196
48316     0.686275
48317     0.678431
48318     0.674510
48319     0.670588
48320     0.670588
48321     0.670588
48322     0.666667
48323     0.662745
48324     0.658824
48325     0.666667
48326     0.674510
48327     0.662745
48328     0.639216
48329     0.631373
48330     0.635294
48331     0.647059
48332     0.662745
48333     0.658824
48334     0.650980
48335     0.647059
48336     0.643137
48337     0.643137
48338     0.647059
48339     0.650980
48340     0.658824
48341     0.658824
48342     0.654902
48343     0.662745
48344     0.674510
48345     0.686275
48346     0.694118
48347     0.701961
48348     0.698039
48349     0.698039
48350     0.701961
48351     0.635294
48352     0.643137
48353     0.647059
48354     0.643137
48355     0.627451
48356     0.615686
48357     0.607843
48358     0.607843
48359     0.611765
48360     0.615686
48361     0.623529
48362     0.639216
48363     0.654902
48364     0.662745
48365     0.658824
48366     0.654902
48367     0.627451
48368     0.635294
48369     0.647059
48370     0.654902
48371     0.658824
48372     0.654902
48373     0.650980
48374     0.647059
48375     0.650980
48376     0.647059
48377     0.643137
48378     0.639216
48379     0.647059
48380     0.662745
48381     0.678431
48382     0.690196
48383     0.682353
48384     0.670588
48385     0.658824
48386     0.658824
48387     0.670588
48388     0.686275
48389     0.694118
48390     0.698039
48391     0.698039
48392     0.694118
48393     0.686275
48394     0.682353
48395     0.682353
48396     0.686275
48397     0.690196
48398     0.694118
48399     0.678431
48400     0.674510
48401     0.670588
48402     0.666667
48403     0.666667
48404     0.674510
48405     0.678431
48406     0.682353
48407     0.678431
48408     0.678431
48409     0.674510
48410     0.678431
48411     0.686275
48412     0.701961
48413     0.713726
48414     0.725490
48415     0.733333
48416     0.713726
48417     0.686275
48418     0.666667
48419     0.662745
48420     0.662745
48421     0.662745
48422     0.662745
48423     0.666667
48424     0.662745
48425     0.662745
48426     0.670588
48427     0.682353
48428     0.694118
48429     0.698039
48430     0.698039
48431     0.705882
48432     0.701961
48433     0.698039
48434     0.690196
48435     0.686275
48436     0.682353
48437     0.678431
48438     0.678431
48439     0.662745
48440     0.670588
48441     0.674510
48442     0.682353
48443     0.686275
48444     0.682353
48445     0.682353
48446     0.678431
48447     0.678431
48448     0.678431
48449     0.678431
48450     0.674510
48451     0.666667
48452     0.662745
48453     0.654902
48454     0.650980
48455     0.658824
48456     0.658824
48457     0.662745
48458     0.674510
48459     0.678431
48460     0.678431
48461     0.666667
48462     0.654902
48463     0.670588
48464     0.670588
48465     0.666667
48466     0.666667
48467     0.666667
48468     0.662745
48469     0.662745
48470     0.662745
48471     0.654902
48472     0.654902
48473     0.650980
48474     0.650980
48475     0.650980
48476     0.650980
48477     0.654902
48478     0.654902
48479     0.654902
48480     0.647059
48481     0.639216
48482     0.639216
48483     0.643137
48484     0.647059
48485     0.647059
48486     0.643137
48487     0.650980
48488     0.654902
48489     0.662745
48490     0.670588
48491     0.674510
48492     0.678431
48493     0.678431
48494     0.678431
48495     0.690196
48496     0.694118
48497     0.698039
48498     0.701961
48499     0.701961
48500     0.694118
48501     0.690196
48502     0.686275
48503     0.662745
48504     0.678431
48505     0.694118
48506     0.701961
48507     0.694118
48508     0.682353
48509     0.670588
48510     0.666667
48511     0.682353
48512     0.678431
48513     0.678431
48514     0.686275
48515     0.694118
48516     0.694118
48517     0.690196
48518     0.682353
48519     0.682353
48520     0.690196
48521     0.698039
48522     0.701961
48523     0.694118
48524     0.678431
48525     0.658824
48526     0.647059
48527     0.647059
48528     0.650980
48529     0.647059
48530     0.639216
48531     0.643137
48532     0.666667
48533     0.705882
48534     0.737255
48535     0.737255
48536     0.741176
48537     0.741176
48538     0.737255
48539     0.725490
48540     0.705882
48541     0.686275
48542     0.674510
48543     0.678431
48544     0.674510
48545     0.674510
48546     0.670588
48547     0.670588
48548     0.666667
48549     0.662745
48550     0.662745
48551     0.662745
48552     0.670588
48553     0.670588
48554     0.662745
48555     0.643137
48556     0.631373
48557     0.635294
48558     0.643137
48559     0.650980
48560     0.650980
48561     0.643137
48562     0.643137
48563     0.643137
48564     0.647059
48565     0.654902
48566     0.658824
48567     0.658824
48568     0.650980
48569     0.647059
48570     0.647059
48571     0.658824
48572     0.670588
48573     0.674510
48574     0.674510
48575     0.678431
48576     0.682353
48577     0.682353
48578     0.631373
48579     0.639216
48580     0.643137
48581     0.635294
48582     0.623529
48583     0.607843
48584     0.600000
48585     0.600000
48586     0.596078
48587     0.600000
48588     0.611765
48589     0.627451
48590     0.647059
48591     0.654902
48592     0.654902
48593     0.650980
48594     0.639216
48595     0.643137
48596     0.650980
48597     0.654902
48598     0.654902
48599     0.650980
48600     0.647059
48601     0.643137
48602     0.639216
48603     0.635294
48604     0.631373
48605     0.631373
48606     0.639216
48607     0.654902
48608     0.670588
48609     0.682353
48610     0.674510
48611     0.662745
48612     0.654902
48613     0.658824
48614     0.674510
48615     0.686275
48616     0.690196
48617     0.686275
48618     0.686275
48619     0.682353
48620     0.678431
48621     0.674510
48622     0.674510
48623     0.678431
48624     0.686275
48625     0.694118
48626     0.682353
48627     0.678431
48628     0.674510
48629     0.666667
48630     0.666667
48631     0.670588
48632     0.674510
48633     0.678431
48634     0.674510
48635     0.670588
48636     0.666667
48637     0.670588
48638     0.682353
48639     0.698039
48640     0.713726
48641     0.725490
48642     0.741176
48643     0.721569
48644     0.694118
48645     0.674510
48646     0.670588
48647     0.674510
48648     0.674510
48649     0.674510
48650     0.670588
48651     0.662745
48652     0.658824
48653     0.666667
48654     0.686275
48655     0.698039
48656     0.698039
48657     0.694118
48658     0.701961
48659     0.698039
48660     0.698039
48661     0.694118
48662     0.690196
48663     0.682353
48664     0.678431
48665     0.678431
48666     0.662745
48667     0.666667
48668     0.666667
48669     0.670588
48670     0.674510
48671     0.678431
48672     0.682353
48673     0.682353
48674     0.682353
48675     0.678431
48676     0.670588
48677     0.666667
48678     0.662745
48679     0.658824
48680     0.658824
48681     0.658824
48682     0.662745
48683     0.662745
48684     0.662745
48685     0.666667
48686     0.674510
48687     0.670588
48688     0.662745
48689     0.650980
48690     0.666667
48691     0.666667
48692     0.666667
48693     0.662745
48694     0.662745
48695     0.662745
48696     0.658824
48697     0.658824
48698     0.654902
48699     0.650980
48700     0.650980
48701     0.647059
48702     0.647059
48703     0.650980
48704     0.650980
48705     0.654902
48706     0.654902
48707     0.647059
48708     0.639216
48709     0.643137
48710     0.650980
48711     0.654902
48712     0.647059
48713     0.639216
48714     0.639216
48715     0.643137
48716     0.650980
48717     0.658824
48718     0.666667
48719     0.674510
48720     0.678431
48721     0.678431
48722     0.701961
48723     0.701961
48724     0.698039
48725     0.698039
48726     0.698039
48727     0.698039
48728     0.690196
48729     0.686275
48730     0.670588
48731     0.682353
48732     0.698039
48733     0.698039
48734     0.686275
48735     0.674510
48736     0.670588
48737     0.674510
48738     0.678431
48739     0.674510
48740     0.674510
48741     0.682353
48742     0.690196
48743     0.690196
48744     0.682353
48745     0.674510
48746     0.682353
48747     0.690196
48748     0.698039
48749     0.701961
48750     0.694118
48751     0.678431
48752     0.662745
48753     0.650980
48754     0.654902
48755     0.647059
48756     0.635294
48757     0.639216
48758     0.650980
48759     0.674510
48760     0.698039
48761     0.713726
48762     0.709804
48763     0.709804
48764     0.709804
48765     0.705882
48766     0.698039
48767     0.690196
48768     0.678431
48769     0.670588
48770     0.674510
48771     0.674510
48772     0.674510
48773     0.674510
48774     0.666667
48775     0.658824
48776     0.658824
48777     0.658824
48778     0.670588
48779     0.674510
48780     0.670588
48781     0.666667
48782     0.654902
48783     0.647059
48784     0.647059
48785     0.647059
48786     0.639216
48787     0.639216
48788     0.635294
48789     0.639216
48790     0.643137
48791     0.650980
48792     0.662745
48793     0.666667
48794     0.666667
48795     0.654902
48796     0.643137
48797     0.643137
48798     0.650980
48799     0.654902
48800     0.654902
48801     0.650980
48802     0.662745
48803     0.662745
48804     0.666667
48805     0.631373
48806     0.635294
48807     0.639216
48808     0.631373
48809     0.619608
48810     0.603922
48811     0.596078
48812     0.596078
48813     0.584314
48814     0.588235
48815     0.600000
48816     0.619608
48817     0.639216
48818     0.650980
48819     0.650980
48820     0.647059
48821     0.654902
48822     0.654902
48823     0.658824
48824     0.658824
48825     0.654902
48826     0.647059
48827     0.639216
48828     0.635294
48829     0.627451
48830     0.623529
48831     0.619608
48832     0.619608
48833     0.631373
48834     0.647059
48835     0.662745
48836     0.674510
48837     0.666667
48838     0.658824
48839     0.650980
48840     0.654902
48841     0.670588
48842     0.678431
48843     0.674510
48844     0.670588
48845     0.682353
48846     0.674510
48847     0.670588
48848     0.666667
48849     0.670588
48850     0.678431
48851     0.686275
48852     0.694118
48853     0.686275
48854     0.682353
48855     0.674510
48856     0.670588
48857     0.666667
48858     0.670588
48859     0.674510
48860     0.674510
48861     0.666667
48862     0.662745
48863     0.658824
48864     0.662745
48865     0.674510
48866     0.694118
48867     0.713726
48868     0.725490
48869     0.741176
48870     0.717647
48871     0.694118
48872     0.678431
48873     0.674510
48874     0.682353
48875     0.686275
48876     0.690196
48877     0.670588
48878     0.658824
48879     0.654902
48880     0.666667
48881     0.686275
48882     0.698039
48883     0.698039
48884     0.694118
48885     0.698039
48886     0.698039
48887     0.698039
48888     0.694118
48889     0.690196
48890     0.686275
48891     0.678431
48892     0.674510
48893     0.662745
48894     0.662745
48895     0.662745
48896     0.662745
48897     0.666667
48898     0.674510
48899     0.678431
48900     0.682353
48901     0.682353
48902     0.674510
48903     0.666667
48904     0.662745
48905     0.658824
48906     0.658824
48907     0.662745
48908     0.666667
48909     0.666667
48910     0.662745
48911     0.658824
48912     0.662745
48913     0.666667
48914     0.666667
48915     0.658824
48916     0.650980
48917     0.666667
48918     0.666667
48919     0.666667
48920     0.662745
48921     0.662745
48922     0.658824
48923     0.658824
48924     0.654902
48925     0.654902
48926     0.650980
48927     0.650980
48928     0.647059
48929     0.647059
48930     0.650980
48931     0.650980
48932     0.654902
48933     0.650980
48934     0.643137
48935     0.639216
48936     0.647059
48937     0.658824
48938     0.662745
48939     0.654902
48940     0.643137
48941     0.639216
48942     0.639216
48943     0.643137
48944     0.647059
48945     0.658824
48946     0.670588
48947     0.678431
48948     0.686275
48949     0.709804
48950     0.705882
48951     0.698039
48952     0.698039
48953     0.698039
48954     0.698039
48955     0.690196
48956     0.686275
48957     0.682353
48958     0.690196
48959     0.698039
48960     0.690196
48961     0.678431
48962     0.670588
48963     0.674510
48964     0.682353
48965     0.674510
48966     0.670588
48967     0.674510
48968     0.678431
48969     0.686275
48970     0.686275
48971     0.678431
48972     0.670588
48973     0.690196
48974     0.690196
48975     0.694118
48976     0.694118
48977     0.686275
48978     0.678431
48979     0.666667
48980     0.658824
48981     0.662745
48982     0.647059
48983     0.631373
48984     0.635294
48985     0.654902
48986     0.678431
48987     0.690196
48988     0.694118
48989     0.682353
48990     0.686275
48991     0.686275
48992     0.686275
48993     0.686275
48994     0.682353
48995     0.678431
48996     0.674510
48997     0.670588
48998     0.674510
48999     0.678431
49000     0.674510
49001     0.666667
49002     0.658824
49003     0.654902
49004     0.654902
49005     0.682353
49006     0.678431
49007     0.674510
49008     0.670588
49009     0.666667
49010     0.662745
49011     0.654902
49012     0.654902
49013     0.631373
49014     0.631373
49015     0.631373
49016     0.635294
49017     0.643137
49018     0.654902
49019     0.666667
49020     0.674510
49021     0.674510
49022     0.658824
49023     0.643137
49024     0.639216
49025     0.647059
49026     0.650980
49027     0.643137
49028     0.635294
49029     0.650980
49030     0.650980
49031     0.654902
49032     0.627451
49033     0.635294
49034     0.643137
49035     0.639216
49036     0.627451
49037     0.607843
49038     0.588235
49039     0.580392
49040     0.556863
49041     0.572549
49042     0.600000
49043     0.627451
49044     0.650980
49045     0.654902
49046     0.643137
49047     0.631373
49048     0.658824
49049     0.662745
49050     0.662745
49051     0.650980
49052     0.639216
49053     0.631373
49054     0.631373
49055     0.635294
49056     0.643137
49057     0.631373
49058     0.623529
49059     0.627451
49060     0.639216
49061     0.647059
49062     0.643137
49063     0.635294
49064     0.643137
49065     0.654902
49066     0.662745
49067     0.666667
49068     0.666667
49069     0.666667
49070     0.670588
49071     0.678431
49072     0.682353
49073     0.670588
49074     0.666667
49075     0.666667
49076     0.678431
49077     0.694118
49078     0.701961
49079     0.701961
49080     0.686275
49081     0.682353
49082     0.678431
49083     0.670588
49084     0.658824
49085     0.658824
49086     0.662745
49087     0.666667
49088     0.670588
49089     0.662745
49090     0.658824
49091     0.662745
49092     0.682353
49093     0.698039
49094     0.709804
49095     0.717647
49096     0.725490
49097     0.717647
49098     0.701961
49099     0.698039
49100     0.694118
49101     0.694118
49102     0.686275
49103     0.678431
49104     0.654902
49105     0.650980
49106     0.650980
49107     0.650980
49108     0.662745
49109     0.682353
49110     0.698039
49111     0.709804
49112     0.701961
49113     0.701961
49114     0.701961
49115     0.698039
49116     0.690196
49117     0.682353
49118     0.678431
49119     0.674510
49120     0.654902
49121     0.650980
49122     0.650980
49123     0.658824
49124     0.666667
49125     0.674510
49126     0.674510
49127     0.670588
49128     0.694118
49129     0.686275
49130     0.670588
49131     0.658824
49132     0.654902
49133     0.658824
49134     0.666667
49135     0.670588
49136     0.670588
49137     0.662745
49138     0.654902
49139     0.647059
49140     0.643137
49141     0.643137
49142     0.643137
49143     0.647059
49144     0.662745
49145     0.666667
49146     0.666667
49147     0.666667
49148     0.658824
49149     0.647059
49150     0.635294
49151     0.627451
49152     0.650980
49153     0.650980
49154     0.654902
49155     0.658824
49156     0.658824
49157     0.654902
49158     0.650980
49159     0.650980
49160     0.650980
49161     0.654902
49162     0.658824
49163     0.662745
49164     0.658824
49165     0.650980
49166     0.639216
49167     0.635294
49168     0.611765
49169     0.627451
49170     0.650980
49171     0.662745
49172     0.666667
49173     0.670588
49174     0.674510
49175     0.678431
49176     0.694118
49177     0.698039
49178     0.698039
49179     0.701961
49180     0.698039
49181     0.694118
49182     0.686275
49183     0.682353
49184     0.701961
49185     0.690196
49186     0.682353
49187     0.682353
49188     0.686275
49189     0.686275
49190     0.682353
49191     0.678431
49192     0.662745
49193     0.670588
49194     0.678431
49195     0.678431
49196     0.670588
49197     0.658824
49198     0.658824
49199     0.658824
49200     0.694118
49201     0.694118
49202     0.686275
49203     0.682353
49204     0.674510
49205     0.666667
49206     0.662745
49207     0.662745
49208     0.654902
49209     0.647059
49210     0.643137
49211     0.654902
49212     0.670588
49213     0.678431
49214     0.678431
49215     0.670588
49216     0.647059
49217     0.658824
49218     0.674510
49219     0.686275
49220     0.690196
49221     0.690196
49222     0.690196
49223     0.694118
49224     0.654902
49225     0.658824
49226     0.658824
49227     0.650980
49228     0.643137
49229     0.635294
49230     0.635294
49231     0.639216
49232     0.682353
49233     0.682353
49234     0.678431
49235     0.674510
49236     0.666667
49237     0.662745
49238     0.654902
49239     0.650980
49240     0.635294
49241     0.631373
49242     0.631373
49243     0.643137
49244     0.662745
49245     0.674510
49246     0.682353
49247     0.682353
49248     0.674510
49249     0.662745
49250     0.647059
49251     0.639216
49252     0.639216
49253     0.639216
49254     0.635294
49255     0.631373
49256     0.654902
49257     0.650980
49258     0.647059
49259     0.623529
49260     0.623529
49261     0.627451
49262     0.623529
49263     0.607843
49264     0.584314
49265     0.560784
49266     0.549020
49267     0.556863
49268     0.572549
49269     0.596078
49270     0.623529
49271     0.643137
49272     0.647059
49273     0.639216
49274     0.631373
49275     0.650980
49276     0.658824
49277     0.658824
49278     0.654902
49279     0.643137
49280     0.635294
49281     0.635294
49282     0.639216
49283     0.635294
49284     0.623529
49285     0.619608
49286     0.623529
49287     0.635294
49288     0.643137
49289     0.643137
49290     0.639216
49291     0.635294
49292     0.647059
49293     0.658824
49294     0.666667
49295     0.666667
49296     0.670588
49297     0.678431
49298     0.682353
49299     0.686275
49300     0.678431
49301     0.666667
49302     0.670588
49303     0.678431
49304     0.686275
49305     0.690196
49306     0.690196
49307     0.678431
49308     0.674510
49309     0.670588
49310     0.662745
49311     0.658824
49312     0.658824
49313     0.662745
49314     0.666667
49315     0.658824
49316     0.654902
49317     0.650980
49318     0.658824
49319     0.678431
49320     0.694118
49321     0.701961
49322     0.701961
49323     0.717647
49324     0.709804
49325     0.701961
49326     0.701961
49327     0.701961
49328     0.701961
49329     0.694118
49330     0.686275
49331     0.662745
49332     0.658824
49333     0.654902
49334     0.654902
49335     0.662745
49336     0.678431
49337     0.690196
49338     0.701961
49339     0.705882
49340     0.705882
49341     0.698039
49342     0.690196
49343     0.682353
49344     0.674510
49345     0.666667
49346     0.658824
49347     0.650980
49348     0.647059
49349     0.643137
49350     0.650980
49351     0.662745
49352     0.670588
49353     0.674510
49354     0.674510
49355     0.690196
49356     0.682353
49357     0.670588
49358     0.658824
49359     0.654902
49360     0.654902
49361     0.662745
49362     0.666667
49363     0.670588
49364     0.666667
49365     0.654902
49366     0.647059
49367     0.643137
49368     0.639216
49369     0.643137
49370     0.643137
49371     0.658824
49372     0.662745
49373     0.666667
49374     0.666667
49375     0.662745
49376     0.654902
49377     0.643137
49378     0.635294
49379     0.650980
49380     0.650980
49381     0.654902
49382     0.654902
49383     0.654902
49384     0.654902
49385     0.650980
49386     0.650980
49387     0.647059
49388     0.650980
49389     0.650980
49390     0.650980
49391     0.647059
49392     0.643137
49393     0.635294
49394     0.631373
49395     0.619608
49396     0.631373
49397     0.647059
49398     0.654902
49399     0.658824
49400     0.662745
49401     0.674510
49402     0.678431
49403     0.690196
49404     0.690196
49405     0.694118
49406     0.698039
49407     0.694118
49408     0.690196
49409     0.682353
49410     0.678431
49411     0.698039
49412     0.686275
49413     0.682353
49414     0.678431
49415     0.686275
49416     0.690196
49417     0.686275
49418     0.682353
49419     0.662745
49420     0.670588
49421     0.678431
49422     0.674510
49423     0.666667
49424     0.658824
49425     0.654902
49426     0.658824
49427     0.686275
49428     0.686275
49429     0.682353
49430     0.682353
49431     0.678431
49432     0.674510
49433     0.674510
49434     0.670588
49435     0.666667
49436     0.658824
49437     0.654902
49438     0.662745
49439     0.674510
49440     0.678431
49441     0.670588
49442     0.662745
49443     0.647059
49444     0.658824
49445     0.674510
49446     0.686275
49447     0.690196
49448     0.686275
49449     0.682353
49450     0.678431
49451     0.654902
49452     0.658824
49453     0.658824
49454     0.650980
49455     0.643137
49456     0.639216
49457     0.647059
49458     0.654902
49459     0.682353
49460     0.682353
49461     0.682353
49462     0.682353
49463     0.678431
49464     0.674510
49465     0.666667
49466     0.662745
49467     0.639216
49468     0.635294
49469     0.631373
49470     0.639216
49471     0.654902
49472     0.670588
49473     0.674510
49474     0.678431
49475     0.670588
49476     0.658824
49477     0.647059
49478     0.643137
49479     0.643137
49480     0.643137
49481     0.639216
49482     0.635294
49483     0.662745
49484     0.658824
49485     0.654902
49486     0.619608
49487     0.615686
49488     0.611765
49489     0.603922
49490     0.588235
49491     0.564706
49492     0.537255
49493     0.517647
49494     0.545098
49495     0.564706
49496     0.588235
49497     0.615686
49498     0.631373
49499     0.635294
49500     0.635294
49501     0.631373
49502     0.643137
49503     0.650980
49504     0.658824
49505     0.658824
49506     0.650980
49507     0.643137
49508     0.643137
49509     0.643137
49510     0.627451
49511     0.623529
49512     0.619608
49513     0.623529
49514     0.631373
49515     0.639216
49516     0.639216
49517     0.639216
49518     0.627451
49519     0.639216
49520     0.650980
49521     0.658824
49522     0.662745
49523     0.666667
49524     0.674510
49525     0.682353
49526     0.686275
49527     0.678431
49528     0.670588
49529     0.670588
49530     0.678431
49531     0.682353
49532     0.682353
49533     0.678431
49534     0.666667
49535     0.666667
49536     0.662745
49537     0.658824
49538     0.658824
49539     0.662745
49540     0.662745
49541     0.666667
49542     0.658824
49543     0.654902
49544     0.654902
49545     0.666667
49546     0.682353
49547     0.694118
49548     0.694118
49549     0.694118
49550     0.701961
49551     0.698039
49552     0.698039
49553     0.701961
49554     0.705882
49555     0.705882
49556     0.694118
49557     0.682353
49558     0.670588
49559     0.666667
49560     0.658824
49561     0.658824
49562     0.662745
49563     0.674510
49564     0.686275
49565     0.694118
49566     0.709804
49567     0.705882
49568     0.698039
49569     0.686275
49570     0.674510
49571     0.666667
49572     0.658824
49573     0.650980
49574     0.654902
49575     0.647059
49576     0.639216
49577     0.643137
49578     0.654902
49579     0.670588
49580     0.678431
49581     0.682353
49582     0.690196
49583     0.682353
49584     0.670588
49585     0.658824
49586     0.654902
49587     0.654902
49588     0.658824
49589     0.662745
49590     0.674510
49591     0.670588
49592     0.658824
49593     0.647059
49594     0.639216
49595     0.639216
49596     0.639216
49597     0.639216
49598     0.654902
49599     0.658824
49600     0.662745
49601     0.666667
49602     0.666667
49603     0.658824
49604     0.654902
49605     0.647059
49606     0.650980
49607     0.654902
49608     0.654902
49609     0.658824
49610     0.658824
49611     0.654902
49612     0.654902
49613     0.650980
49614     0.647059
49615     0.647059
49616     0.643137
49617     0.639216
49618     0.635294
49619     0.631373
49620     0.631373
49621     0.631373
49622     0.627451
49623     0.635294
49624     0.639216
49625     0.643137
49626     0.647059
49627     0.654902
49628     0.670588
49629     0.682353
49630     0.686275
49631     0.686275
49632     0.690196
49633     0.690196
49634     0.690196
49635     0.686275
49636     0.682353
49637     0.678431
49638     0.690196
49639     0.682353
49640     0.678431
49641     0.678431
49642     0.686275
49643     0.690196
49644     0.690196
49645     0.686275
49646     0.666667
49647     0.670588
49648     0.678431
49649     0.674510
49650     0.662745
49651     0.654902
49652     0.654902
49653     0.658824
49654     0.678431
49655     0.678431
49656     0.678431
49657     0.682353
49658     0.682353
49659     0.682353
49660     0.682353
49661     0.682353
49662     0.682353
49663     0.674510
49664     0.674510
49665     0.674510
49666     0.678431
49667     0.674510
49668     0.666667
49669     0.658824
49670     0.650980
49671     0.658824
49672     0.674510
49673     0.686275
49674     0.686275
49675     0.678431
49676     0.666667
49677     0.654902
49678     0.650980
49679     0.654902
49680     0.650980
49681     0.647059
49682     0.643137
49683     0.647059
49684     0.658824
49685     0.670588
49686     0.682353
49687     0.686275
49688     0.690196
49689     0.690196
49690     0.690196
49691     0.682353
49692     0.678431
49693     0.670588
49694     0.643137
49695     0.635294
49696     0.627451
49697     0.631373
49698     0.643137
49699     0.658824
49700     0.666667
49701     0.670588
49702     0.662745
49703     0.654902
49704     0.647059
49705     0.643137
49706     0.650980
49707     0.650980
49708     0.650980
49709     0.647059
49710     0.674510
49711     0.670588
49712     0.666667
49713     0.619608
49714     0.611765
49715     0.600000
49716     0.588235
49717     0.568627
49718     0.549020
49719     0.521569
49720     0.505882
49721     0.533333
49722     0.549020
49723     0.576471
49724     0.600000
49725     0.611765
49726     0.623529
49727     0.627451
49728     0.631373
49729     0.639216
49730     0.650980
49731     0.662745
49732     0.666667
49733     0.658824
49734     0.650980
49735     0.650980
49736     0.650980
49737     0.639216
49738     0.635294
49739     0.627451
49740     0.627451
49741     0.627451
49742     0.631373
49743     0.631373
49744     0.631373
49745     0.627451
49746     0.635294
49747     0.647059
49748     0.650980
49749     0.650980
49750     0.654902
49751     0.658824
49752     0.666667
49753     0.678431
49754     0.674510
49755     0.670588
49756     0.674510
49757     0.682353
49758     0.686275
49759     0.682353
49760     0.674510
49761     0.666667
49762     0.662745
49763     0.658824
49764     0.662745
49765     0.670588
49766     0.674510
49767     0.674510
49768     0.670588
49769     0.662745
49770     0.662745
49771     0.666667
49772     0.678431
49773     0.690196
49774     0.698039
49775     0.698039
49776     0.694118
49777     0.682353
49778     0.682353
49779     0.682353
49780     0.690196
49781     0.694118
49782     0.686275
49783     0.670588
49784     0.658824
49785     0.662745
49786     0.658824
49787     0.658824
49788     0.658824
49789     0.666667
49790     0.674510
49791     0.686275
49792     0.694118
49793     0.701961
49794     0.698039
49795     0.690196
49796     0.682353
49797     0.674510
49798     0.666667
49799     0.662745
49800     0.658824
49801     0.662745
49802     0.650980
49803     0.643137
49804     0.643137
49805     0.658824
49806     0.678431
49807     0.690196
49808     0.698039
49809     0.694118
49810     0.686275
49811     0.678431
49812     0.666667
49813     0.662745
49814     0.662745
49815     0.666667
49816     0.670588
49817     0.678431
49818     0.670588
49819     0.658824
49820     0.647059
49821     0.639216
49822     0.635294
49823     0.635294
49824     0.639216
49825     0.650980
49826     0.654902
49827     0.658824
49828     0.662745
49829     0.666667
49830     0.662745
49831     0.662745
49832     0.658824
49833     0.658824
49834     0.662745
49835     0.662745
49836     0.666667
49837     0.666667
49838     0.662745
49839     0.662745
49840     0.658824
49841     0.654902
49842     0.650980
49843     0.639216
49844     0.631373
49845     0.627451
49846     0.631373
49847     0.635294
49848     0.639216
49849     0.635294
49850     0.635294
49851     0.635294
49852     0.631373
49853     0.631373
49854     0.643137
49855     0.666667
49856     0.682353
49857     0.686275
49858     0.686275
49859     0.686275
49860     0.686275
49861     0.686275
49862     0.686275
49863     0.686275
49864     0.682353
49865     0.686275
49866     0.678431
49867     0.674510
49868     0.674510
49869     0.686275
49870     0.690196
49871     0.690196
49872     0.686275
49873     0.670588
49874     0.674510
49875     0.674510
49876     0.670588
49877     0.658824
49878     0.650980
49879     0.650980
49880     0.654902
49881     0.682353
49882     0.682353
49883     0.682353
49884     0.682353
49885     0.682353
49886     0.682353
49887     0.678431
49888     0.678431
49889     0.682353
49890     0.682353
49891     0.682353
49892     0.686275
49893     0.686275
49894     0.682353
49895     0.674510
49896     0.670588
49897     0.654902
49898     0.662745
49899     0.670588
49900     0.682353
49901     0.682353
49902     0.670588
49903     0.650980
49904     0.635294
49905     0.643137
49906     0.647059
49907     0.643137
49908     0.639216
49909     0.639216
49910     0.650980
49911     0.670588
49912     0.686275
49913     0.694118
49914     0.694118
49915     0.694118
49916     0.694118
49917     0.690196
49918     0.682353
49919     0.670588
49920     0.666667
49921     0.647059
49922     0.639216
49923     0.627451
49924     0.627451
49925     0.639216
49926     0.650980
49927     0.658824
49928     0.662745
49929     0.654902
49930     0.650980
49931     0.647059
49932     0.647059
49933     0.654902
49934     0.658824
49935     0.658824
49936     0.654902
49937     0.674510
49938     0.670588
49939     0.666667
49940     0.607843
49941     0.600000
49942     0.588235
49943     0.564706
49944     0.537255
49945     0.513726
49946     0.501961
49947     0.498039
49948     0.517647
49949     0.537255
49950     0.564706
49951     0.588235
49952     0.600000
49953     0.615686
49954     0.631373
49955     0.643137
49956     0.650980
49957     0.658824
49958     0.666667
49959     0.670588
49960     0.666667
49961     0.662745
49962     0.662745
49963     0.666667
49964     0.658824
49965     0.658824
49966     0.650980
49967     0.639216
49968     0.627451
49969     0.623529
49970     0.619608
49971     0.619608
49972     0.635294
49973     0.643137
49974     0.647059
49975     0.647059
49976     0.643137
49977     0.639216
49978     0.639216
49979     0.643137
49980     0.666667
49981     0.662745
49982     0.666667
49983     0.678431
49984     0.690196
49985     0.694118
49986     0.690196
49987     0.682353
49988     0.670588
49989     0.666667
49990     0.662745
49991     0.670588
49992     0.682353
49993     0.686275
49994     0.682353
49995     0.674510
49996     0.662745
49997     0.662745
49998     0.666667
49999     0.674510
50000     0.686275
50001     0.690196
50002     0.690196
50003     0.682353
50004     0.670588
50005     0.666667
50006     0.666667
50007     0.670588
50008     0.666667
50009     0.658824
50010     0.643137
50011     0.627451
50012     0.643137
50013     0.647059
50014     0.647059
50015     0.654902
50016     0.666667
50017     0.678431
50018     0.690196
50019     0.694118
50020     0.694118
50021     0.690196
50022     0.682353
50023     0.674510
50024     0.670588
50025     0.670588
50026     0.670588
50027     0.670588
50028     0.666667
50029     0.658824
50030     0.650980
50031     0.654902
50032     0.670588
50033     0.690196
50034     0.705882
50035     0.709804
50036     0.701961
50037     0.694118
50038     0.690196
50039     0.682353
50040     0.674510
50041     0.674510
50042     0.674510
50043     0.674510
50044     0.674510
50045     0.666667
50046     0.658824
50047     0.647059
50048     0.639216
50049     0.639216
50050     0.639216
50051     0.639216
50052     0.647059
50053     0.650980
50054     0.654902
50055     0.658824
50056     0.662745
50057     0.662745
50058     0.666667
50059     0.666667
50060     0.666667
50061     0.670588
50062     0.674510
50063     0.674510
50064     0.674510
50065     0.674510
50066     0.670588
50067     0.666667
50068     0.666667
50069     0.658824
50070     0.647059
50071     0.635294
50072     0.631373
50073     0.635294
50074     0.643137
50075     0.650980
50076     0.639216
50077     0.639216
50078     0.631373
50079     0.623529
50080     0.623529
50081     0.635294
50082     0.658824
50083     0.678431
50084     0.686275
50085     0.686275
50086     0.686275
50087     0.686275
50088     0.686275
50089     0.686275
50090     0.690196
50091     0.690196
50092     0.682353
50093     0.674510
50094     0.670588
50095     0.674510
50096     0.682353
50097     0.690196
50098     0.690196
50099     0.686275
50100     0.670588
50101     0.674510
50102     0.674510
50103     0.666667
50104     0.654902
50105     0.647059
50106     0.650980
50107     0.654902
50108     0.686275
50109     0.682353
50110     0.682353
50111     0.678431
50112     0.674510
50113     0.674510
50114     0.670588
50115     0.670588
50116     0.666667
50117     0.674510
50118     0.686275
50119     0.694118
50120     0.694118
50121     0.690196
50122     0.690196
50123     0.686275
50124     0.666667
50125     0.662745
50126     0.666667
50127     0.674510
50128     0.678431
50129     0.666667
50130     0.643137
50131     0.627451
50132     0.635294
50133     0.639216
50134     0.635294
50135     0.635294
50136     0.639216
50137     0.650980
50138     0.670588
50139     0.690196
50140     0.701961
50141     0.698039
50142     0.690196
50143     0.682353
50144     0.670588
50145     0.658824
50146     0.650980
50147     0.647059
50148     0.647059
50149     0.635294
50150     0.627451
50151     0.627451
50152     0.639216
50153     0.647059
50154     0.654902
50155     0.654902
50156     0.650980
50157     0.647059
50158     0.647059
50159     0.654902
50160     0.662745
50161     0.666667
50162     0.662745
50163     0.658824
50164     0.666667
50165     0.666667
50166     0.662745
50167     0.596078
50168     0.596078
50169     0.576471
50170     0.537255
50171     0.490196
50172     0.462745
50173     0.470588
50174     0.486275
50175     0.513726
50176     0.537255
50177     0.564706
50178     0.588235
50179     0.600000
50180     0.619608
50181     0.647059
50182     0.666667
50183     0.666667
50184     0.670588
50185     0.678431
50186     0.674510
50187     0.670588
50188     0.666667
50189     0.674510
50190     0.678431
50191     0.682353
50192     0.678431
50193     0.670588
50194     0.654902
50195     0.635294
50196     0.623529
50197     0.619608
50198     0.623529
50199     0.643137
50200     0.650980
50201     0.654902
50202     0.650980
50203     0.643137
50204     0.635294
50205     0.635294
50206     0.639216
50207     0.658824
50208     0.662745
50209     0.670588
50210     0.686275
50211     0.698039
50212     0.701961
50213     0.694118
50214     0.686275
50215     0.678431
50216     0.670588
50217     0.666667
50218     0.674510
50219     0.690196
50220     0.694118
50221     0.682353
50222     0.670588
50223     0.654902
50224     0.650980
50225     0.650980
50226     0.654902
50227     0.666667
50228     0.670588
50229     0.670588
50230     0.666667
50231     0.666667
50232     0.662745
50233     0.654902
50234     0.654902
50235     0.650980
50236     0.643137
50237     0.627451
50238     0.615686
50239     0.631373
50240     0.635294
50241     0.639216
50242     0.650980
50243     0.658824
50244     0.674510
50245     0.682353
50246     0.690196
50247     0.682353
50248     0.678431
50249     0.670588
50250     0.666667
50251     0.662745
50252     0.666667
50253     0.670588
50254     0.674510
50255     0.666667
50256     0.658824
50257     0.654902
50258     0.662745
50259     0.682353
50260     0.701961
50261     0.713726
50262     0.717647
50263     0.705882
50264     0.701961
50265     0.694118
50266     0.690196
50267     0.686275
50268     0.682353
50269     0.682353
50270     0.682353
50271     0.670588
50272     0.662745
50273     0.654902
50274     0.647059
50275     0.643137
50276     0.643137
50277     0.643137
50278     0.647059
50279     0.647059
50280     0.647059
50281     0.650980
50282     0.650980
50283     0.654902
50284     0.658824
50285     0.662745
50286     0.662745
50287     0.670588
50288     0.674510
50289     0.674510
50290     0.678431
50291     0.678431
50292     0.674510
50293     0.674510
50294     0.670588
50295     0.670588
50296     0.662745
50297     0.654902
50298     0.643137
50299     0.643137
50300     0.643137
50301     0.650980
50302     0.654902
50303     0.639216
50304     0.635294
50305     0.627451
50306     0.619608
50307     0.615686
50308     0.627451
50309     0.650980
50310     0.670588
50311     0.682353
50312     0.682353
50313     0.678431
50314     0.678431
50315     0.678431
50316     0.682353
50317     0.686275
50318     0.690196
50319     0.686275
50320     0.678431
50321     0.670588
50322     0.674510
50323     0.682353
50324     0.686275
50325     0.686275
50326     0.682353
50327     0.674510
50328     0.674510
50329     0.674510
50330     0.662745
50331     0.650980
50332     0.643137
50333     0.647059
50334     0.654902
50335     0.682353
50336     0.678431
50337     0.678431
50338     0.674510
50339     0.670588
50340     0.666667
50341     0.662745
50342     0.662745
50343     0.654902
50344     0.670588
50345     0.686275
50346     0.698039
50347     0.698039
50348     0.694118
50349     0.698039
50350     0.698039
50351     0.678431
50352     0.666667
50353     0.662745
50354     0.666667
50355     0.670588
50356     0.666667
50357     0.643137
50358     0.627451
50359     0.631373
50360     0.635294
50361     0.639216
50362     0.643137
50363     0.647059
50364     0.658824
50365     0.674510
50366     0.690196
50367     0.698039
50368     0.690196
50369     0.674510
50370     0.654902
50371     0.643137
50372     0.631373
50373     0.627451
50374     0.627451
50375     0.639216
50376     0.635294
50377     0.631373
50378     0.635294
50379     0.647059
50380     0.654902
50381     0.654902
50382     0.650980
50383     0.650980
50384     0.650980
50385     0.650980
50386     0.658824
50387     0.666667
50388     0.670588
50389     0.666667
50390     0.658824
50391     0.658824
50392     0.654902
50393     0.650980
50394     0.607843
50395     0.611765
50396     0.588235
50397     0.525490
50398     0.454902
50399     0.423529
50400     0.443137
50401     0.478431
50402     0.517647
50403     0.541176
50404     0.572549
50405     0.596078
50406     0.611765
50407     0.635294
50408     0.670588
50409     0.698039
50410     0.686275
50411     0.686275
50412     0.686275
50413     0.678431
50414     0.670588
50415     0.670588
50416     0.682353
50417     0.694118
50418     0.690196
50419     0.690196
50420     0.686275
50421     0.666667
50422     0.647059
50423     0.631373
50424     0.631373
50425     0.639216
50426     0.650980
50427     0.654902
50428     0.662745
50429     0.662745
50430     0.654902
50431     0.647059
50432     0.650980
50433     0.650980
50434     0.666667
50435     0.670588
50436     0.682353
50437     0.698039
50438     0.705882
50439     0.705882
50440     0.690196
50441     0.678431
50442     0.678431
50443     0.666667
50444     0.662745
50445     0.670588
50446     0.690196
50447     0.690196
50448     0.678431
50449     0.658824
50450     0.658824
50451     0.650980
50452     0.643137
50453     0.643137
50454     0.650980
50455     0.658824
50456     0.662745
50457     0.662745
50458     0.666667
50459     0.658824
50460     0.650980
50461     0.650980
50462     0.650980
50463     0.647059
50464     0.639216
50465     0.631373
50466     0.631373
50467     0.631373
50468     0.639216
50469     0.643137
50470     0.654902
50471     0.662745
50472     0.670588
50473     0.674510
50474     0.678431
50475     0.670588
50476     0.662745
50477     0.654902
50478     0.650980
50479     0.650980
50480     0.654902
50481     0.658824
50482     0.654902
50483     0.654902
50484     0.654902
50485     0.666667
50486     0.686275
50487     0.705882
50488     0.713726
50489     0.713726
50490     0.701961
50491     0.701961
50492     0.698039
50493     0.690196
50494     0.686275
50495     0.682353
50496     0.678431
50497     0.678431
50498     0.662745
50499     0.658824
50500     0.650980
50501     0.647059
50502     0.643137
50503     0.647059
50504     0.650980
50505     0.650980
50506     0.643137
50507     0.643137
50508     0.643137
50509     0.647059
50510     0.647059
50511     0.650980
50512     0.654902
50513     0.658824
50514     0.666667
50515     0.666667
50516     0.670588
50517     0.670588
50518     0.670588
50519     0.670588
50520     0.666667
50521     0.666667
50522     0.666667
50523     0.662745
50524     0.654902
50525     0.650980
50526     0.647059
50527     0.647059
50528     0.647059
50529     0.650980
50530     0.639216
50531     0.635294
50532     0.627451
50533     0.615686
50534     0.611765
50535     0.623529
50536     0.643137
50537     0.662745
50538     0.670588
50539     0.670588
50540     0.666667
50541     0.666667
50542     0.666667
50543     0.670588
50544     0.678431
50545     0.682353
50546     0.690196
50547     0.682353
50548     0.674510
50549     0.674510
50550     0.678431
50551     0.682353
50552     0.678431
50553     0.674510
50554     0.678431
50555     0.678431
50556     0.670588
50557     0.658824
50558     0.647059
50559     0.643137
50560     0.647059
50561     0.650980
50562     0.666667
50563     0.666667
50564     0.666667
50565     0.666667
50566     0.666667
50567     0.666667
50568     0.666667
50569     0.662745
50570     0.650980
50571     0.670588
50572     0.690196
50573     0.698039
50574     0.698039
50575     0.694118
50576     0.694118
50577     0.698039
50578     0.686275
50579     0.670588
50580     0.658824
50581     0.658824
50582     0.666667
50583     0.666667
50584     0.650980
50585     0.631373
50586     0.639216
50587     0.643137
50588     0.654902
50589     0.658824
50590     0.658824
50591     0.670588
50592     0.682353
50593     0.694118
50594     0.682353
50595     0.666667
50596     0.647059
50597     0.623529
50598     0.611765
50599     0.611765
50600     0.615686
50601     0.619608
50602     0.631373
50603     0.631373
50604     0.635294
50605     0.643137
50606     0.654902
50607     0.662745
50608     0.654902
50609     0.650980
50610     0.654902
50611     0.650980
50612     0.654902
50613     0.662745
50614     0.670588
50615     0.674510
50616     0.666667
50617     0.658824
50618     0.654902
50619     0.650980
50620     0.647059
50621     0.631373
50622     0.635294
50623     0.607843
50624     0.529412
50625     0.443137
50626     0.403922
50627     0.435294
50628     0.482353
50629     0.521569
50630     0.549020
50631     0.580392
50632     0.603922
50633     0.623529
50634     0.650980
50635     0.690196
50636     0.717647
50637     0.701961
50638     0.698039
50639     0.690196
50640     0.678431
50641     0.670588
50642     0.674510
50643     0.686275
50644     0.701961
50645     0.690196
50646     0.694118
50647     0.690196
50648     0.674510
50649     0.654902
50650     0.643137
50651     0.643137
50652     0.650980
50653     0.650980
50654     0.658824
50655     0.666667
50656     0.670588
50657     0.666667
50658     0.662745
50659     0.666667
50660     0.670588
50661     0.678431
50662     0.682353
50663     0.690196
50664     0.701961
50665     0.709804
50666     0.701961
50667     0.686275
50668     0.670588
50669     0.678431
50670     0.666667
50671     0.658824
50672     0.666667
50673     0.686275
50674     0.686275
50675     0.670588
50676     0.650980
50677     0.666667
50678     0.658824
50679     0.647059
50680     0.643137
50681     0.650980
50682     0.662745
50683     0.666667
50684     0.666667
50685     0.670588
50686     0.662745
50687     0.654902
50688     0.650980
50689     0.658824
50690     0.658824
50691     0.654902
50692     0.650980
50693     0.631373
50694     0.635294
50695     0.639216
50696     0.643137
50697     0.647059
50698     0.654902
50699     0.658824
50700     0.658824
50701     0.678431
50702     0.670588
50703     0.654902
50704     0.643137
50705     0.635294
50706     0.635294
50707     0.639216
50708     0.643137
50709     0.647059
50710     0.647059
50711     0.654902
50712     0.670588
50713     0.690196
50714     0.705882
50715     0.709804
50716     0.709804
50717     0.698039
50718     0.698039
50719     0.694118
50720     0.690196
50721     0.682353
50722     0.678431
50723     0.674510
50724     0.674510
50725     0.658824
50726     0.654902
50727     0.647059
50728     0.643137
50729     0.643137
50730     0.647059
50731     0.654902
50732     0.658824
50733     0.643137
50734     0.643137
50735     0.643137
50736     0.643137
50737     0.643137
50738     0.647059
50739     0.650980
50740     0.654902
50741     0.658824
50742     0.662745
50743     0.662745
50744     0.666667
50745     0.666667
50746     0.662745
50747     0.662745
50748     0.658824
50749     0.662745
50750     0.658824
50751     0.654902
50752     0.650980
50753     0.647059
50754     0.647059
50755     0.647059
50756     0.647059
50757     0.635294
50758     0.635294
50759     0.627451
50760     0.615686
50761     0.611765
50762     0.623529
50763     0.639216
50764     0.654902
50765     0.662745
50766     0.658824
50767     0.654902
50768     0.654902
50769     0.654902
50770     0.662745
50771     0.670588
50772     0.674510
50773     0.694118
50774     0.682353
50775     0.674510
50776     0.674510
50777     0.678431
50778     0.678431
50779     0.674510
50780     0.670588
50781     0.678431
50782     0.678431
50783     0.670588
50784     0.658824
50785     0.647059
50786     0.639216
50787     0.643137
50788     0.650980
50789     0.654902
50790     0.654902
50791     0.658824
50792     0.658824
50793     0.662745
50794     0.666667
50795     0.670588
50796     0.670588
50797     0.650980
50798     0.670588
50799     0.694118
50800     0.701961
50801     0.694118
50802     0.690196
50803     0.690196
50804     0.694118
50805     0.694118
50806     0.674510
50807     0.654902
50808     0.654902
50809     0.666667
50810     0.666667
50811     0.654902
50812     0.639216
50813     0.643137
50814     0.654902
50815     0.662745
50816     0.670588
50817     0.674510
50818     0.678431
50819     0.690196
50820     0.698039
50821     0.666667
50822     0.650980
50823     0.623529
50824     0.603922
50825     0.592157
50826     0.596078
50827     0.607843
50828     0.619608
50829     0.623529
50830     0.627451
50831     0.635294
50832     0.650980
50833     0.662745
50834     0.666667
50835     0.658824
50836     0.650980
50837     0.654902
50838     0.654902
50839     0.658824
50840     0.666667
50841     0.674510
50842     0.674510
50843     0.666667
50844     0.658824
50845     0.654902
50846     0.650980
50847     0.647059
50848     0.635294
50849     0.643137
50850     0.603922
50851     0.513726
50852     0.431373
50853     0.407843
50854     0.427451
50855     0.450980
50856     0.509804
50857     0.549020
50858     0.588235
50859     0.611765
50860     0.639216
50861     0.674510
50862     0.698039
50863     0.701961
50864     0.698039
50865     0.694118
50866     0.690196
50867     0.686275
50868     0.686275
50869     0.690196
50870     0.694118
50871     0.698039
50872     0.694118
50873     0.690196
50874     0.690196
50875     0.682353
50876     0.678431
50877     0.674510
50878     0.670588
50879     0.670588
50880     0.658824
50881     0.666667
50882     0.674510
50883     0.678431
50884     0.674510
50885     0.678431
50886     0.686275
50887     0.694118
50888     0.686275
50889     0.694118
50890     0.698039
50891     0.698039
50892     0.690196
50893     0.682353
50894     0.682353
50895     0.686275
50896     0.662745
50897     0.666667
50898     0.670588
50899     0.674510
50900     0.670588
50901     0.666667
50902     0.662745
50903     0.654902
50904     0.635294
50905     0.654902
50906     0.639216
50907     0.639216
50908     0.674510
50909     0.666667
50910     0.643137
50911     0.654902
50912     0.647059
50913     0.650980
50914     0.654902
50915     0.650980
50916     0.647059
50917     0.647059
50918     0.654902
50919     0.666667
50920     0.639216
50921     0.639216
50922     0.643137
50923     0.647059
50924     0.647059
50925     0.650980
50926     0.654902
50927     0.654902
50928     0.654902
50929     0.650980
50930     0.647059
50931     0.643137
50932     0.639216
50933     0.635294
50934     0.639216
50935     0.639216
50936     0.635294
50937     0.631373
50938     0.631373
50939     0.643137
50940     0.662745
50941     0.682353
50942     0.690196
50943     0.694118
50944     0.713726
50945     0.709804
50946     0.698039
50947     0.686275
50948     0.674510
50949     0.666667
50950     0.658824
50951     0.658824
50952     0.658824
50953     0.654902
50954     0.643137
50955     0.639216
50956     0.635294
50957     0.643137
50958     0.647059
50959     0.654902
50960     0.635294
50961     0.639216
50962     0.643137
50963     0.643137
50964     0.639216
50965     0.643137
50966     0.650980
50967     0.658824
50968     0.658824
50969     0.658824
50970     0.658824
50971     0.658824
50972     0.658824
50973     0.658824
50974     0.658824
50975     0.658824
50976     0.658824
50977     0.650980
50978     0.647059
50979     0.639216
50980     0.635294
50981     0.635294
50982     0.639216
50983     0.643137
50984     0.627451
50985     0.627451
50986     0.631373
50987     0.635294
50988     0.639216
50989     0.639216
50990     0.639216
50991     0.635294
50992     0.662745
50993     0.658824
50994     0.647059
50995     0.643137
50996     0.643137
50997     0.650980
50998     0.662745
50999     0.670588
51000     0.686275
51001     0.694118
51002     0.686275
51003     0.674510
51004     0.678431
51005     0.690196
51006     0.682353
51007     0.662745
51008     0.666667
51009     0.670588
51010     0.666667
51011     0.658824
51012     0.647059
51013     0.639216
51014     0.643137
51015     0.647059
51016     0.654902
51017     0.647059
51018     0.639216
51019     0.643137
51020     0.654902
51021     0.666667
51022     0.670588
51023     0.670588
51024     0.658824
51025     0.666667
51026     0.682353
51027     0.694118
51028     0.698039
51029     0.698039
51030     0.698039
51031     0.694118
51032     0.698039
51033     0.682353
51034     0.666667
51035     0.654902
51036     0.658824
51037     0.666667
51038     0.670588
51039     0.670588
51040     0.670588
51041     0.666667
51042     0.666667
51043     0.670588
51044     0.678431
51045     0.678431
51046     0.670588
51047     0.662745
51048     0.647059
51049     0.623529
51050     0.607843
51051     0.611765
51052     0.611765
51053     0.603922
51054     0.603922
51055     0.615686
51056     0.615686
51057     0.639216
51058     0.666667
51059     0.678431
51060     0.670588
51061     0.658824
51062     0.654902
51063     0.658824
51064     0.670588
51065     0.658824
51066     0.650980
51067     0.662745
51068     0.674510
51069     0.674510
51070     0.650980
51071     0.627451
51072     0.635294
51073     0.639216
51074     0.647059
51075     0.635294
51076     0.627451
51077     0.584314
51078     0.494118
51079     0.423529
51080     0.407843
51081     0.427451
51082     0.447059
51083     0.505882
51084     0.545098
51085     0.588235
51086     0.611765
51087     0.639216
51088     0.666667
51089     0.686275
51090     0.690196
51091     0.682353
51092     0.682353
51093     0.678431
51094     0.674510
51095     0.678431
51096     0.682353
51097     0.690196
51098     0.694118
51099     0.698039
51100     0.694118
51101     0.694118
51102     0.690196
51103     0.690196
51104     0.686275
51105     0.682353
51106     0.682353
51107     0.678431
51108     0.682353
51109     0.690196
51110     0.690196
51111     0.686275
51112     0.686275
51113     0.694118
51114     0.701961
51115     0.694118
51116     0.701961
51117     0.705882
51118     0.701961
51119     0.690196
51120     0.682353
51121     0.682353
51122     0.686275
51123     0.666667
51124     0.670588
51125     0.674510
51126     0.678431
51127     0.674510
51128     0.670588
51129     0.662745
51130     0.658824
51131     0.639216
51132     0.654902
51133     0.639216
51134     0.635294
51135     0.666667
51136     0.662745
51137     0.643137
51138     0.662745
51139     0.674510
51140     0.678431
51141     0.678431
51142     0.674510
51143     0.662745
51144     0.650980
51145     0.650980
51146     0.654902
51147     0.639216
51148     0.639216
51149     0.643137
51150     0.647059
51151     0.647059
51152     0.650980
51153     0.654902
51154     0.654902
51155     0.654902
51156     0.650980
51157     0.647059
51158     0.643137
51159     0.639216
51160     0.635294
51161     0.639216
51162     0.639216
51163     0.635294
51164     0.631373
51165     0.631373
51166     0.643137
51167     0.662745
51168     0.682353
51169     0.690196
51170     0.694118
51171     0.705882
51172     0.701961
51173     0.690196
51174     0.682353
51175     0.670588
51176     0.666667
51177     0.662745
51178     0.658824
51179     0.658824
51180     0.654902
51181     0.647059
51182     0.639216
51183     0.639216
51184     0.643137
51185     0.647059
51186     0.650980
51187     0.631373
51188     0.635294
51189     0.639216
51190     0.639216
51191     0.635294
51192     0.639216
51193     0.647059
51194     0.654902
51195     0.658824
51196     0.658824
51197     0.658824
51198     0.658824
51199     0.658824
51200     0.658824
51201     0.658824
51202     0.658824
51203     0.658824
51204     0.650980
51205     0.647059
51206     0.639216
51207     0.635294
51208     0.635294
51209     0.639216
51210     0.643137
51211     0.635294
51212     0.639216
51213     0.643137
51214     0.647059
51215     0.647059
51216     0.647059
51217     0.647059
51218     0.643137
51219     0.662745
51220     0.654902
51221     0.643137
51222     0.639216
51223     0.639216
51224     0.650980
51225     0.662745
51226     0.670588
51227     0.686275
51228     0.694118
51229     0.686275
51230     0.678431
51231     0.682353
51232     0.694118
51233     0.690196
51234     0.670588
51235     0.666667
51236     0.670588
51237     0.670588
51238     0.658824
51239     0.647059
51240     0.639216
51241     0.643137
51242     0.647059
51243     0.650980
51244     0.643137
51245     0.639216
51246     0.639216
51247     0.650980
51248     0.662745
51249     0.666667
51250     0.666667
51251     0.662745
51252     0.670588
51253     0.682353
51254     0.690196
51255     0.698039
51256     0.698039
51257     0.698039
51258     0.694118
51259     0.698039
51260     0.682353
51261     0.666667
51262     0.654902
51263     0.658824
51264     0.666667
51265     0.670588
51266     0.670588
51267     0.670588
51268     0.666667
51269     0.666667
51270     0.670588
51271     0.678431
51272     0.678431
51273     0.670588
51274     0.662745
51275     0.643137
51276     0.619608
51277     0.603922
51278     0.611765
51279     0.611765
51280     0.603922
51281     0.600000
51282     0.611765
51283     0.615686
51284     0.639216
51285     0.666667
51286     0.678431
51287     0.670588
51288     0.658824
51289     0.654902
51290     0.658824
51291     0.666667
51292     0.662745
51293     0.658824
51294     0.666667
51295     0.670588
51296     0.666667
51297     0.650980
51298     0.635294
51299     0.635294
51300     0.639216
51301     0.647059
51302     0.635294
51303     0.615686
51304     0.552941
51305     0.470588
51306     0.415686
51307     0.411765
51308     0.427451
51309     0.439216
51310     0.498039
51311     0.545098
51312     0.592157
51313     0.619608
51314     0.639216
51315     0.658824
51316     0.674510
51317     0.670588
51318     0.666667
51319     0.666667
51320     0.662745
51321     0.662745
51322     0.666667
51323     0.674510
51324     0.686275
51325     0.690196
51326     0.698039
51327     0.698039
51328     0.698039
51329     0.698039
51330     0.698039
51331     0.698039
51332     0.698039
51333     0.698039
51334     0.698039
51335     0.705882
51336     0.709804
51337     0.705882
51338     0.701961
51339     0.698039
51340     0.701961
51341     0.709804
51342     0.705882
51343     0.709804
51344     0.713726
51345     0.705882
51346     0.694118
51347     0.686275
51348     0.682353
51349     0.682353
51350     0.674510
51351     0.678431
51352     0.682353
51353     0.682353
51354     0.682353
51355     0.674510
51356     0.670588
51357     0.662745
51358     0.647059
51359     0.658824
51360     0.631373
51361     0.623529
51362     0.658824
51363     0.658824
51364     0.647059
51365     0.670588
51366     0.701961
51367     0.709804
51368     0.709804
51369     0.698039
51370     0.678431
51371     0.658824
51372     0.643137
51373     0.639216
51374     0.639216
51375     0.639216
51376     0.643137
51377     0.647059
51378     0.647059
51379     0.650980
51380     0.654902
51381     0.654902
51382     0.654902
51383     0.650980
51384     0.647059
51385     0.643137
51386     0.639216
51387     0.635294
51388     0.639216
51389     0.639216
51390     0.639216
51391     0.635294
51392     0.631373
51393     0.643137
51394     0.662745
51395     0.678431
51396     0.690196
51397     0.694118
51398     0.694118
51399     0.690196
51400     0.682353
51401     0.674510
51402     0.666667
51403     0.662745
51404     0.662745
51405     0.662745
51406     0.658824
51407     0.654902
51408     0.647059
51409     0.643137
51410     0.639216
51411     0.643137
51412     0.647059
51413     0.650980
51414     0.627451
51415     0.631373
51416     0.635294
51417     0.635294
51418     0.631373
51419     0.635294
51420     0.643137
51421     0.650980
51422     0.658824
51423     0.658824
51424     0.658824
51425     0.658824
51426     0.658824
51427     0.658824
51428     0.658824
51429     0.658824
51430     0.658824
51431     0.650980
51432     0.647059
51433     0.639216
51434     0.635294
51435     0.635294
51436     0.639216
51437     0.643137
51438     0.647059
51439     0.647059
51440     0.650980
51441     0.654902
51442     0.654902
51443     0.654902
51444     0.654902
51445     0.654902
51446     0.654902
51447     0.650980
51448     0.639216
51449     0.635294
51450     0.635294
51451     0.643137
51452     0.654902
51453     0.662745
51454     0.686275
51455     0.690196
51456     0.686275
51457     0.678431
51458     0.686275
51459     0.701961
51460     0.698039
51461     0.682353
51462     0.670588
51463     0.670588
51464     0.670588
51465     0.662745
51466     0.650980
51467     0.643137
51468     0.639216
51469     0.643137
51470     0.647059
51471     0.639216
51472     0.631373
51473     0.635294
51474     0.647059
51475     0.658824
51476     0.662745
51477     0.662745
51478     0.662745
51479     0.670588
51480     0.678431
51481     0.690196
51482     0.698039
51483     0.698039
51484     0.698039
51485     0.694118
51486     0.694118
51487     0.682353
51488     0.662745
51489     0.654902
51490     0.658824
51491     0.666667
51492     0.670588
51493     0.670588
51494     0.674510
51495     0.670588
51496     0.666667
51497     0.670588
51498     0.678431
51499     0.678431
51500     0.670588
51501     0.662745
51502     0.639216
51503     0.615686
51504     0.600000
51505     0.607843
51506     0.607843
51507     0.600000
51508     0.596078
51509     0.603922
51510     0.615686
51511     0.639216
51512     0.666667
51513     0.678431
51514     0.670588
51515     0.658824
51516     0.654902
51517     0.658824
51518     0.658824
51519     0.666667
51520     0.670588
51521     0.670588
51522     0.662745
51523     0.654902
51524     0.650980
51525     0.650980
51526     0.639216
51527     0.643137
51528     0.647059
