<?xml version="1.0" encoding="utf-8"?>
<VTKFile byte_order="LittleEndian" type="UnstructuredGrid" version="0.1">
   <UnstructuredGrid>
      <Piece NumberOfCells="6356" NumberOfPoints="3460">
         <Points>
            <DataArray Name="Points" NumberOfComponents="3" format="ascii" type="Float32">
0.0000 0.3390 0.0000
0.3051 0.5085 0.0000
0.3051 0.6780 0.0000
0.3051 0.8475 0.0000
0.3051 1.0169 0.0000
0.3051 1.1864 0.0000
0.3051 1.3559 0.0000
0.3051 1.5254 0.0000
0.3051 1.6949 0.0000
0.3051 1.8644 0.0000
0.3051 2.0339 0.0000
0.3051 2.2034 0.0000
0.3051 2.3729 0.0000
0.3051 2.5424 0.0000
0.3051 2.7119 0.0000
0.3051 2.8814 0.0000
0.3051 3.0508 0.0000
0.3051 3.2203 0.0000
0.3051 3.3898 0.0000
0.3051 3.5593 0.0000
0.3051 3.7288 0.0000
0.3051 3.8983 0.0000
0.3051 4.0678 0.0000
0.3051 4.2373 0.0000
0.3051 4.4068 0.0000
0.3051 4.5763 0.0000
0.3051 4.7458 0.0000
0.3051 4.9153 0.0000
0.3051 5.0847 0.0000
0.3051 5.2542 0.0000
0.3051 5.4237 0.0000
0.3051 5.5932 0.0000
0.3051 5.7627 0.0000
0.3051 5.9322 0.0000
0.3051 6.1017 0.0000
0.3051 6.2712 0.0000
0.3051 6.4407 0.0000
0.3051 6.6102 0.0000
0.3051 6.7797 0.0000
0.3051 6.9492 0.0000
0.3051 7.1186 0.0000
0.3051 7.2881 0.0000
0.6102 0.5085 0.0000
0.6102 0.6780 0.0000
0.6102 0.8475 0.0000
0.6102 1.0169 0.0000
0.6102 1.1864 0.0000
0.6102 1.3559 0.0000
0.6102 1.5254 0.0000
0.6102 1.6949 0.0000
0.6102 1.8644 0.0000
0.6102 2.0339 0.0000
0.6102 2.2034 0.0000
0.6102 2.3729 0.0000
0.6102 2.5424 0.0000
0.6102 2.7119 0.0000
0.6102 2.8814 0.0000
0.6102 3.0508 0.0000
0.6102 3.2203 0.0000
0.6102 3.3898 0.0000
0.6102 3.5593 0.0000
0.6102 3.7288 0.0000
0.6102 3.8983 0.0000
0.6102 4.0678 0.0000
0.6102 4.2373 0.0000
0.6102 4.4068 0.0000
0.6102 4.5763 0.0000
0.6102 4.7458 0.0000
0.6102 4.9153 0.0000
0.6102 5.0847 0.0000
0.6102 5.2542 0.0000
0.6102 5.4237 0.0000
0.6102 5.5932 0.0000
0.6102 5.7627 0.0000
0.6102 5.9322 0.0000
0.6102 6.1017 0.0000
0.6102 6.2712 0.0000
0.6102 6.4407 0.0000
0.6102 6.6102 0.0000
0.6102 6.7797 0.0000
0.6102 6.9492 0.0000
0.6102 7.1186 0.0000
0.6102 7.2881 0.0000
0.9153 0.6780 0.0000
0.9153 0.8475 0.0000
0.9153 1.0169 0.0000
0.9153 1.1864 0.0000
0.9153 1.3559 0.0000
0.9153 1.5254 0.0000
0.9153 1.6949 0.0000
0.9153 1.8644 0.0000
0.9153 2.0339 0.0000
0.9153 2.2034 0.0000
0.9153 2.3729 0.0000
0.9153 2.5424 0.0000
0.9153 2.7119 0.0000
0.9153 2.8814 0.0000
0.9153 3.0508 0.0000
0.9153 3.2203 0.0000
0.9153 3.3898 0.0000
0.9153 3.5593 0.0000
0.9153 3.7288 0.0000
0.9153 3.8983 0.0000
0.9153 4.0678 0.0000
0.9153 4.2373 0.0000
0.9153 4.4068 0.0000
0.9153 4.5763 0.0000
0.9153 4.7458 0.0000
0.9153 4.9153 0.0000
0.9153 5.0847 0.0000
0.9153 5.2542 0.0000
0.9153 5.4237 0.0000
0.9153 5.5932 0.0000
0.9153 5.7627 0.0000
0.9153 5.9322 0.0000
0.9153 6.1017 0.0000
0.9153 6.2712 0.0000
0.9153 6.4407 0.0000
0.9153 6.6102 0.0000
0.9153 6.7797 0.0000
0.9153 6.9492 0.0000
0.9153 7.1186 0.0000
0.9153 7.2881 0.0000
1.2203 0.8475 0.0000
1.2203 1.0169 0.0000
1.2203 1.1864 0.0000
1.2203 1.3559 0.0000
1.2203 1.5254 0.0000
1.2203 1.6949 0.0000
1.2203 1.8644 0.0000
1.2203 2.0339 0.0000
1.2203 2.2034 0.0000
1.2203 2.3729 0.0000
1.2203 2.5424 0.0000
1.2203 2.7119 0.0000
1.2203 2.8814 0.0000
1.2203 3.0508 0.0000
1.2203 3.2203 0.0000
1.2203 3.3898 0.0000
1.2203 3.5593 0.0000
1.2203 3.7288 0.0000
1.2203 3.8983 0.0000
1.2203 4.0678 0.0000
1.2203 4.2373 0.0000
1.2203 4.4068 0.0000
1.2203 4.5763 0.0000
1.2203 4.7458 0.0000
1.2203 4.9153 0.0000
1.2203 5.0847 0.0000
1.2203 5.2542 0.0000
1.2203 5.4237 0.0000
1.2203 5.5932 0.0000
1.2203 5.7627 0.0000
1.2203 5.9322 0.0000
1.2203 6.1017 0.0000
1.2203 6.2712 0.0000
1.2203 6.4407 0.0000
1.2203 6.6102 0.0000
1.2203 6.7797 0.0000
1.2203 6.9492 0.0000
1.2203 7.1186 0.0000
1.2203 7.2881 0.0000
1.5254 1.0169 0.0000
1.5254 1.1864 0.0000
1.5254 1.3559 0.0000
1.5254 1.5254 0.0000
1.5254 1.6949 0.0000
1.5254 1.8644 0.0000
1.5254 2.0339 0.0000
1.5254 2.2034 0.0000
1.5254 2.3729 0.0000
1.5254 2.5424 0.0000
1.5254 2.7119 0.0000
1.5254 2.8814 0.0000
1.5254 3.0508 0.0000
1.5254 3.2203 0.0000
1.5254 3.3898 0.0000
1.5254 3.5593 0.0000
1.5254 3.7288 0.0000
1.5254 3.8983 0.0000
1.5254 4.0678 0.0000
1.5254 4.2373 0.0000
1.5254 4.4068 0.0000
1.5254 4.5763 0.0000
1.5254 4.7458 0.0000
1.5254 4.9153 0.0000
1.5254 5.0847 0.0000
1.5254 5.2542 0.0000
1.5254 5.4237 0.0000
1.5254 5.5932 0.0000
1.5254 5.7627 0.0000
1.5254 5.9322 0.0000
1.5254 6.1017 0.0000
1.5254 6.2712 0.0000
1.5254 6.4407 0.0000
1.5254 6.6102 0.0000
1.5254 6.7797 0.0000
1.5254 6.9492 0.0000
1.5254 7.1186 0.0000
1.5254 7.2881 0.0000
1.5254 7.4576 0.0000
1.8305 1.1864 0.0000
1.8305 1.3559 0.0000
1.8305 1.5254 0.0000
1.8305 1.6949 0.0000
1.8305 1.8644 0.0000
1.8305 2.0339 0.0000
1.8305 2.2034 0.0000
1.8305 2.3729 0.0000
1.8305 2.5424 0.0000
1.8305 2.7119 0.0000
1.8305 2.8814 0.0000
1.8305 3.0508 0.0000
1.8305 3.2203 0.0000
1.8305 3.3898 0.0000
1.8305 3.5593 0.0000
1.8305 3.7288 0.0000
1.8305 3.8983 0.0000
1.8305 4.0678 0.0000
1.8305 4.2373 0.0000
1.8305 4.4068 0.0000
1.8305 4.5763 0.0000
1.8305 4.7458 0.0000
1.8305 4.9153 0.0000
1.8305 5.0847 0.0000
1.8305 5.2542 0.0000
1.8305 5.4237 0.0000
1.8305 5.5932 0.0000
1.8305 5.7627 0.0000
1.8305 5.9322 0.0000
1.8305 6.1017 0.0000
1.8305 6.2712 0.0000
1.8305 6.4407 0.0000
1.8305 6.6102 0.0000
1.8305 6.7797 0.0000
1.8305 6.9492 0.0000
1.8305 7.1186 0.0000
1.8305 7.2881 0.0000
1.8305 7.4576 0.0000
2.1356 1.3559 0.0000
2.1356 1.5254 0.0000
2.1356 1.6949 0.0000
2.1356 1.8644 0.0000
2.1356 2.0339 0.0000
2.1356 2.2034 0.0000
2.1356 2.3729 0.0000
2.1356 2.5424 0.0000
2.1356 2.7119 0.0000
2.1356 2.8814 0.0000
2.1356 3.0508 0.0000
2.1356 3.2203 0.0000
2.1356 3.3898 0.0000
2.1356 3.5593 0.0000
2.1356 3.7288 0.0000
2.1356 3.8983 0.0000
2.1356 4.0678 0.0000
2.1356 4.2373 0.0000
2.1356 4.4068 0.0000
2.1356 4.5763 0.0000
2.1356 4.7458 0.0000
2.1356 4.9153 0.0000
2.1356 5.0847 0.0000
2.1356 5.2542 0.0000
2.1356 5.4237 0.0000
2.1356 5.5932 0.0000
2.1356 5.7627 0.0000
2.1356 5.9322 0.0000
2.1356 6.1017 0.0000
2.1356 6.2712 0.0000
2.1356 6.4407 0.0000
2.1356 6.6102 0.0000
2.1356 6.7797 0.0000
2.1356 6.9492 0.0000
2.1356 7.1186 0.0000
2.1356 7.2881 0.0000
2.1356 7.4576 0.0000
2.4407 1.3559 0.0000
2.4407 1.5254 0.0000
2.4407 1.6949 0.0000
2.4407 1.8644 0.0000
2.4407 2.0339 0.0000
2.4407 2.2034 0.0000
2.4407 2.3729 0.0000
2.4407 2.5424 0.0000
2.4407 2.7119 0.0000
2.4407 2.8814 0.0000
2.4407 3.0508 0.0000
2.4407 3.2203 0.0000
2.4407 3.3898 0.0000
2.4407 3.5593 0.0000
2.4407 3.7288 0.0000
2.4407 3.8983 0.0000
2.4407 4.0678 0.0000
2.4407 4.2373 0.0000
2.4407 4.4068 0.0000
2.4407 4.5763 0.0000
2.4407 4.7458 0.0000
2.4407 4.9153 0.0000
2.4407 5.0847 0.0000
2.4407 5.2542 0.0000
2.4407 5.4237 0.0000
2.4407 5.5932 0.0000
2.4407 5.7627 0.0000
2.4407 5.9322 0.0000
2.4407 6.1017 0.0000
2.4407 6.2712 0.0000
2.4407 6.4407 0.0000
2.4407 6.6102 0.0000
2.4407 6.7797 0.0000
2.4407 6.9492 0.0000
2.4407 7.1186 0.0000
2.4407 7.2881 0.0000
2.4407 7.4576 0.0000
2.7458 1.5254 0.0000
2.7458 1.6949 0.0000
2.7458 1.8644 0.0000
2.7458 2.0339 0.0000
2.7458 2.2034 0.0000
2.7458 2.3729 0.0000
2.7458 2.5424 0.0000
2.7458 2.7119 0.0000
2.7458 2.8814 0.0000
2.7458 3.0508 0.0000
2.7458 3.2203 0.0000
2.7458 3.3898 0.0000
2.7458 3.5593 0.0000
2.7458 3.7288 0.0000
2.7458 3.8983 0.0000
2.7458 4.0678 0.0000
2.7458 4.2373 0.0000
2.7458 4.4068 0.0000
2.7458 4.5763 0.0000
2.7458 4.7458 0.0000
2.7458 4.9153 0.0000
2.7458 5.0847 0.0000
2.7458 5.2542 0.0000
2.7458 5.4237 0.0000
2.7458 5.5932 0.0000
2.7458 5.7627 0.0000
2.7458 5.9322 0.0000
2.7458 6.1017 0.0000
2.7458 6.2712 0.0000
2.7458 6.4407 0.0000
2.7458 6.6102 0.0000
2.7458 6.7797 0.0000
2.7458 6.9492 0.0000
2.7458 7.1186 0.0000
2.7458 7.2881 0.0000
2.7458 7.4576 0.0000
3.0508 1.6949 0.0000
3.0508 1.8644 0.0000
3.0508 2.0339 0.0000
3.0508 2.2034 0.0000
3.0508 2.3729 0.0000
3.0508 2.5424 0.0000
3.0508 2.7119 0.0000
3.0508 2.8814 0.0000
3.0508 3.0508 0.0000
3.0508 3.2203 0.0000
3.0508 3.3898 0.0000
3.0508 3.5593 0.0000
3.0508 3.7288 0.0000
3.0508 3.8983 0.0000
3.0508 4.0678 0.0000
3.0508 4.2373 0.0000
3.0508 4.4068 0.0000
3.0508 4.5763 0.0000
3.0508 4.7458 0.0000
3.0508 4.9153 0.0000
3.0508 5.0847 0.0000
3.0508 5.2542 0.0000
3.0508 5.4237 0.0000
3.0508 5.5932 0.0000
3.0508 5.7627 0.0000
3.0508 5.9322 0.0000
3.0508 6.1017 0.0000
3.0508 6.2712 0.0000
3.0508 6.4407 0.0000
3.0508 6.6102 0.0000
3.0508 6.7797 0.0000
3.0508 6.9492 0.0000
3.0508 7.1186 0.0000
3.0508 7.2881 0.0000
3.0508 7.4576 0.0000
3.0508 7.6271 0.0000
3.3559 1.8644 0.0000
3.3559 2.0339 0.0000
3.3559 2.2034 0.0000
3.3559 2.3729 0.0000
3.3559 2.5424 0.0000
3.3559 2.7119 0.0000
3.3559 2.8814 0.0000
3.3559 3.0508 0.0000
3.3559 3.2203 0.0000
3.3559 3.3898 0.0000
3.3559 3.5593 0.0000
3.3559 3.7288 0.0000
3.3559 3.8983 0.0000
3.3559 4.0678 0.0000
3.3559 4.2373 0.0000
3.3559 4.4068 0.0000
3.3559 4.5763 0.0000
3.3559 4.7458 0.0000
3.3559 4.9153 0.0000
3.3559 5.0847 0.0000
3.3559 5.2542 0.0000
3.3559 5.4237 0.0000
3.3559 5.5932 0.0000
3.3559 5.7627 0.0000
3.3559 5.9322 0.0000
3.3559 6.1017 0.0000
3.3559 6.2712 0.0000
3.3559 6.4407 0.0000
3.3559 6.6102 0.0000
3.3559 6.7797 0.0000
3.3559 6.9492 0.0000
3.3559 7.1186 0.0000
3.3559 7.2881 0.0000
3.3559 7.4576 0.0000
3.3559 7.6271 0.0000
3.6610 2.0339 0.0000
3.6610 2.2034 0.0000
3.6610 2.3729 0.0000
3.6610 2.5424 0.0000
3.6610 2.7119 0.0000
3.6610 2.8814 0.0000
3.6610 3.0508 0.0000
3.6610 3.2203 0.0000
3.6610 3.3898 0.0000
3.6610 3.5593 0.0000
3.6610 3.7288 0.0000
3.6610 3.8983 0.0000
3.6610 4.0678 0.0000
3.6610 4.2373 0.0000
3.6610 4.4068 0.0000
3.6610 4.5763 0.0000
3.6610 4.7458 0.0000
3.6610 4.9153 0.0000
3.6610 5.0847 0.0000
3.6610 5.2542 0.0000
3.6610 5.4237 0.0000
3.6610 5.5932 0.0000
3.6610 5.7627 0.0000
3.6610 5.9322 0.0000
3.6610 6.1017 0.0000
3.6610 6.2712 0.0000
3.6610 6.4407 0.0000
3.6610 6.6102 0.0000
3.6610 6.7797 0.0000
3.6610 6.9492 0.0000
3.6610 7.1186 0.0000
3.6610 7.2881 0.0000
3.6610 7.4576 0.0000
3.6610 7.6271 0.0000
3.9661 2.2034 0.0000
3.9661 2.3729 0.0000
3.9661 2.5424 0.0000
3.9661 2.7119 0.0000
3.9661 2.8814 0.0000
3.9661 3.0508 0.0000
3.9661 3.2203 0.0000
3.9661 3.3898 0.0000
3.9661 3.5593 0.0000
3.9661 3.7288 0.0000
3.9661 3.8983 0.0000
3.9661 4.0678 0.0000
3.9661 4.2373 0.0000
3.9661 4.4068 0.0000
3.9661 4.5763 0.0000
3.9661 4.7458 0.0000
3.9661 4.9153 0.0000
3.9661 5.0847 0.0000
3.9661 5.2542 0.0000
3.9661 5.4237 0.0000
3.9661 5.5932 0.0000
3.9661 5.7627 0.0000
3.9661 5.9322 0.0000
3.9661 6.1017 0.0000
3.9661 6.2712 0.0000
3.9661 6.4407 0.0000
3.9661 6.6102 0.0000
3.9661 6.7797 0.0000
3.9661 6.9492 0.0000
3.9661 7.1186 0.0000
3.9661 7.2881 0.0000
3.9661 7.4576 0.0000
3.9661 7.6271 0.0000
4.2712 2.3729 0.0000
4.2712 2.5424 0.0000
4.2712 2.7119 0.0000
4.2712 2.8814 0.0000
4.2712 3.0508 0.0000
4.2712 3.2203 0.0000
4.2712 3.3898 0.0000
4.2712 3.5593 0.0000
4.2712 3.7288 0.0000
4.2712 3.8983 0.0000
4.2712 4.0678 0.0000
4.2712 4.2373 0.0000
4.2712 4.4068 0.0000
4.2712 4.5763 0.0000
4.2712 4.7458 0.0000
4.2712 4.9153 0.0000
4.2712 5.0847 0.0000
4.2712 5.2542 0.0000
4.2712 5.4237 0.0000
4.2712 5.5932 0.0000
4.2712 5.7627 0.0000
4.2712 5.9322 0.0000
4.2712 6.1017 0.0000
4.2712 6.2712 0.0000
4.2712 6.4407 0.0000
4.2712 6.6102 0.0000
4.2712 6.7797 0.0000
4.2712 6.9492 0.0000
4.2712 7.1186 0.0000
4.2712 7.2881 0.0000
4.2712 7.4576 0.0000
4.2712 7.6271 0.0000
4.2712 7.7966 0.0000
4.5763 2.3729 0.0000
4.5763 2.5424 0.0000
4.5763 2.7119 0.0000
4.5763 2.8814 0.0000
4.5763 3.0508 0.0000
4.5763 3.2203 0.0000
4.5763 3.3898 0.0000
4.5763 3.5593 0.0000
4.5763 3.7288 0.0000
4.5763 3.8983 0.0000
4.5763 4.0678 0.0000
4.5763 4.2373 0.0000
4.5763 4.4068 0.0000
4.5763 4.5763 0.0000
4.5763 4.7458 0.0000
4.5763 4.9153 0.0000
4.5763 5.0847 0.0000
4.5763 5.2542 0.0000
4.5763 5.4237 0.0000
4.5763 5.5932 0.0000
4.5763 5.7627 0.0000
4.5763 5.9322 0.0000
4.5763 6.1017 0.0000
4.5763 6.2712 0.0000
4.5763 6.4407 0.0000
4.5763 6.6102 0.0000
4.5763 6.7797 0.0000
4.5763 6.9492 0.0000
4.5763 7.1186 0.0000
4.5763 7.2881 0.0000
4.5763 7.4576 0.0000
4.5763 7.6271 0.0000
4.5763 7.7966 0.0000
4.8814 2.5424 0.0000
4.8814 2.7119 0.0000
4.8814 2.8814 0.0000
4.8814 3.0508 0.0000
4.8814 3.2203 0.0000
4.8814 3.3898 0.0000
4.8814 3.5593 0.0000
4.8814 3.7288 0.0000
4.8814 3.8983 0.0000
4.8814 4.0678 0.0000
4.8814 4.2373 0.0000
4.8814 4.4068 0.0000
4.8814 4.5763 0.0000
4.8814 4.7458 0.0000
4.8814 4.9153 0.0000
4.8814 5.0847 0.0000
4.8814 5.2542 0.0000
4.8814 5.4237 0.0000
4.8814 5.5932 0.0000
4.8814 5.7627 0.0000
4.8814 5.9322 0.0000
4.8814 6.1017 0.0000
4.8814 6.2712 0.0000
4.8814 6.4407 0.0000
4.8814 6.6102 0.0000
4.8814 6.7797 0.0000
4.8814 6.9492 0.0000
4.8814 7.1186 0.0000
4.8814 7.2881 0.0000
4.8814 7.4576 0.0000
4.8814 7.6271 0.0000
4.8814 7.7966 0.0000
5.1864 2.7119 0.0000
5.1864 2.8814 0.0000
5.1864 3.0508 0.0000
5.1864 3.2203 0.0000
5.1864 3.3898 0.0000
5.1864 3.5593 0.0000
5.1864 3.7288 0.0000
5.1864 3.8983 0.0000
5.1864 4.0678 0.0000
5.1864 4.2373 0.0000
5.1864 4.4068 0.0000
5.1864 4.5763 0.0000
5.1864 4.7458 0.0000
5.1864 4.9153 0.0000
5.1864 5.0847 0.0000
5.1864 5.2542 0.0000
5.1864 5.4237 0.0000
5.1864 5.5932 0.0000
5.1864 5.7627 0.0000
5.1864 5.9322 0.0000
5.1864 6.1017 0.0000
5.1864 6.2712 0.0000
5.1864 6.4407 0.0000
5.1864 6.6102 0.0000
5.1864 6.7797 0.0000
5.1864 6.9492 0.0000
5.1864 7.1186 0.0000
5.1864 7.2881 0.0000
5.1864 7.4576 0.0000
5.1864 7.6271 0.0000
5.1864 7.7966 0.0000
5.4915 2.8814 0.0000
5.4915 3.0508 0.0000
5.4915 3.2203 0.0000
5.4915 3.3898 0.0000
5.4915 3.5593 0.0000
5.4915 3.7288 0.0000
5.4915 3.8983 0.0000
5.4915 4.0678 0.0000
5.4915 4.2373 0.0000
5.4915 4.4068 0.0000
5.4915 4.5763 0.0000
5.4915 4.7458 0.0000
5.4915 4.9153 0.0000
5.4915 5.0847 0.0000
5.4915 5.2542 0.0000
5.4915 5.4237 0.0000
5.4915 5.5932 0.0000
5.4915 5.7627 0.0000
5.4915 5.9322 0.0000
5.4915 6.1017 0.0000
5.4915 6.2712 0.0000
5.4915 6.4407 0.0000
5.4915 6.6102 0.0000
5.4915 6.7797 0.0000
5.4915 6.9492 0.0000
5.4915 7.1186 0.0000
5.4915 7.2881 0.0000
5.4915 7.4576 0.0000
5.4915 7.6271 0.0000
5.4915 7.7966 0.0000
5.4915 7.9661 0.0000
5.7966 3.0508 0.0000
5.7966 3.2203 0.0000
5.7966 3.3898 0.0000
5.7966 3.5593 0.0000
5.7966 3.7288 0.0000
5.7966 3.8983 0.0000
5.7966 4.0678 0.0000
5.7966 4.2373 0.0000
5.7966 4.4068 0.0000
5.7966 4.5763 0.0000
5.7966 4.7458 0.0000
5.7966 4.9153 0.0000
5.7966 5.0847 0.0000
5.7966 5.2542 0.0000
5.7966 5.4237 0.0000
5.7966 5.5932 0.0000
5.7966 5.7627 0.0000
5.7966 5.9322 0.0000
5.7966 6.1017 0.0000
5.7966 6.2712 0.0000
5.7966 6.4407 0.0000
5.7966 6.6102 0.0000
5.7966 6.7797 0.0000
5.7966 6.9492 0.0000
5.7966 7.1186 0.0000
5.7966 7.2881 0.0000
5.7966 7.4576 0.0000
5.7966 7.6271 0.0000
5.7966 7.7966 0.0000
5.7966 7.9661 0.0000
6.1017 3.2203 0.0000
6.1017 3.3898 0.0000
6.1017 3.5593 0.0000
6.1017 3.7288 0.0000
6.1017 3.8983 0.0000
6.1017 4.0678 0.0000
6.1017 4.2373 0.0000
6.1017 4.4068 0.0000
6.1017 4.5763 0.0000
6.1017 4.7458 0.0000
6.1017 4.9153 0.0000
6.1017 5.0847 0.0000
6.1017 5.2542 0.0000
6.1017 5.4237 0.0000
6.1017 5.5932 0.0000
6.1017 5.7627 0.0000
6.1017 5.9322 0.0000
6.1017 6.1017 0.0000
6.1017 6.2712 0.0000
6.1017 6.4407 0.0000
6.1017 6.6102 0.0000
6.1017 6.7797 0.0000
6.1017 6.9492 0.0000
6.1017 7.1186 0.0000
6.1017 7.2881 0.0000
6.1017 7.4576 0.0000
6.1017 7.6271 0.0000
6.1017 7.7966 0.0000
6.1017 7.9661 0.0000
6.4068 3.2203 0.0000
6.4068 3.3898 0.0000
6.4068 3.5593 0.0000
6.4068 3.7288 0.0000
6.4068 3.8983 0.0000
6.4068 4.0678 0.0000
6.4068 4.2373 0.0000
6.4068 4.4068 0.0000
6.4068 4.5763 0.0000
6.4068 4.7458 0.0000
6.4068 4.9153 0.0000
6.4068 5.0847 0.0000
6.4068 5.2542 0.0000
6.4068 5.4237 0.0000
6.4068 5.5932 0.0000
6.4068 5.7627 0.0000
6.4068 5.9322 0.0000
6.4068 6.1017 0.0000
6.4068 6.2712 0.0000
6.4068 6.4407 0.0000
6.4068 6.6102 0.0000
6.4068 6.7797 0.0000
6.4068 6.9492 0.0000
6.4068 7.1186 0.0000
6.4068 7.2881 0.0000
6.4068 7.4576 0.0000
6.4068 7.6271 0.0000
6.4068 7.7966 0.0000
6.4068 7.9661 0.0000
6.7119 3.3898 0.0000
6.7119 3.5593 0.0000
6.7119 3.7288 0.0000
6.7119 3.8983 0.0000
6.7119 4.0678 0.0000
6.7119 4.2373 0.0000
6.7119 4.4068 0.0000
6.7119 4.5763 0.0000
6.7119 4.7458 0.0000
6.7119 4.9153 0.0000
6.7119 5.0847 0.0000
6.7119 5.2542 0.0000
6.7119 5.4237 0.0000
6.7119 5.5932 0.0000
6.7119 5.7627 0.0000
6.7119 5.9322 0.0000
6.7119 6.1017 0.0000
6.7119 6.2712 0.0000
6.7119 6.4407 0.0000
6.7119 6.6102 0.0000
6.7119 6.7797 0.0000
6.7119 6.9492 0.0000
6.7119 7.1186 0.0000
6.7119 7.2881 0.0000
6.7119 7.4576 0.0000
6.7119 7.6271 0.0000
6.7119 7.7966 0.0000
6.7119 7.9661 0.0000
6.7119 8.1356 0.0000
7.0169 3.5593 0.0000
7.0169 3.7288 0.0000
7.0169 3.8983 0.0000
7.0169 4.0678 0.0000
7.0169 4.2373 0.0000
7.0169 4.4068 0.0000
7.0169 4.5763 0.0000
7.0169 4.7458 0.0000
7.0169 4.9153 0.0000
7.0169 5.0847 0.0000
7.0169 5.2542 0.0000
7.0169 5.4237 0.0000
7.0169 5.5932 0.0000
7.0169 5.7627 0.0000
7.0169 5.9322 0.0000
7.0169 6.1017 0.0000
7.0169 6.2712 0.0000
7.0169 6.4407 0.0000
7.0169 6.6102 0.0000
7.0169 6.7797 0.0000
7.0169 6.9492 0.0000
7.0169 7.1186 0.0000
7.0169 7.2881 0.0000
7.0169 7.4576 0.0000
7.0169 7.6271 0.0000
7.0169 7.7966 0.0000
7.0169 7.9661 0.0000
7.0169 8.1356 0.0000
7.3220 3.7288 0.0000
7.3220 3.8983 0.0000
7.3220 4.0678 0.0000
7.3220 4.2373 0.0000
7.3220 4.4068 0.0000
7.3220 4.5763 0.0000
7.3220 4.7458 0.0000
7.3220 4.9153 0.0000
7.3220 5.0847 0.0000
7.3220 5.2542 0.0000
7.3220 5.4237 0.0000
7.3220 5.5932 0.0000
7.3220 5.7627 0.0000
7.3220 5.9322 0.0000
7.3220 6.1017 0.0000
7.3220 6.2712 0.0000
7.3220 6.4407 0.0000
7.3220 6.6102 0.0000
7.3220 6.7797 0.0000
7.3220 6.9492 0.0000
7.3220 7.1186 0.0000
7.3220 7.2881 0.0000
7.3220 7.4576 0.0000
7.3220 7.6271 0.0000
7.3220 7.7966 0.0000
7.3220 7.9661 0.0000
7.3220 8.1356 0.0000
7.6271 3.8983 0.0000
7.6271 4.0678 0.0000
7.6271 4.2373 0.0000
7.6271 4.4068 0.0000
7.6271 4.5763 0.0000
7.6271 4.7458 0.0000
7.6271 4.9153 0.0000
7.6271 5.0847 0.0000
7.6271 5.2542 0.0000
7.6271 5.4237 0.0000
7.6271 5.5932 0.0000
7.6271 5.7627 0.0000
7.6271 5.9322 0.0000
7.6271 6.1017 0.0000
7.6271 6.2712 0.0000
7.6271 6.4407 0.0000
7.6271 6.6102 0.0000
7.6271 6.7797 0.0000
7.6271 6.9492 0.0000
7.6271 7.1186 0.0000
7.6271 7.2881 0.0000
7.6271 7.4576 0.0000
7.6271 7.6271 0.0000
7.6271 7.7966 0.0000
7.6271 7.9661 0.0000
7.6271 8.1356 0.0000
7.9322 4.0678 0.0000
7.9322 4.2373 0.0000
7.9322 4.4068 0.0000
7.9322 4.5763 0.0000
7.9322 4.7458 0.0000
7.9322 4.9153 0.0000
7.9322 5.0847 0.0000
7.9322 5.2542 0.0000
7.9322 5.4237 0.0000
7.9322 5.5932 0.0000
7.9322 5.7627 0.0000
7.9322 5.9322 0.0000
7.9322 6.1017 0.0000
7.9322 6.2712 0.0000
7.9322 6.4407 0.0000
7.9322 6.6102 0.0000
7.9322 6.7797 0.0000
7.9322 6.9492 0.0000
7.9322 7.1186 0.0000
7.9322 7.2881 0.0000
7.9322 7.4576 0.0000
7.9322 7.6271 0.0000
7.9322 7.7966 0.0000
7.9322 7.9661 0.0000
7.9322 8.1356 0.0000
8.2373 4.0678 0.0000
8.2373 4.2373 0.0000
8.2373 4.4068 0.0000
8.2373 4.5763 0.0000
8.2373 4.7458 0.0000
8.2373 4.9153 0.0000
8.2373 5.0847 0.0000
8.2373 5.2542 0.0000
8.2373 5.4237 0.0000
8.2373 5.5932 0.0000
8.2373 5.7627 0.0000
8.2373 5.9322 0.0000
8.2373 6.1017 0.0000
8.2373 6.2712 0.0000
8.2373 6.4407 0.0000
8.2373 6.6102 0.0000
8.2373 6.7797 0.0000
8.2373 6.9492 0.0000
8.2373 7.1186 0.0000
8.2373 7.2881 0.0000
8.2373 7.4576 0.0000
8.2373 7.6271 0.0000
8.2373 7.7966 0.0000
8.2373 7.9661 0.0000
8.2373 8.1356 0.0000
8.2373 8.3051 0.0000
8.5424 4.2373 0.0000
8.5424 4.4068 0.0000
8.5424 4.5763 0.0000
8.5424 4.7458 0.0000
8.5424 4.9153 0.0000
8.5424 5.0847 0.0000
8.5424 5.2542 0.0000
8.5424 5.4237 0.0000
8.5424 5.5932 0.0000
8.5424 5.7627 0.0000
8.5424 5.9322 0.0000
8.5424 6.1017 0.0000
8.5424 6.2712 0.0000
8.5424 6.4407 0.0000
8.5424 6.6102 0.0000
8.5424 6.7797 0.0000
8.5424 6.9492 0.0000
8.5424 7.1186 0.0000
8.5424 7.2881 0.0000
8.5424 7.4576 0.0000
8.5424 7.6271 0.0000
8.5424 7.7966 0.0000
8.5424 7.9661 0.0000
8.5424 8.1356 0.0000
8.5424 8.3051 0.0000
8.8475 4.4068 0.0000
8.8475 4.5763 0.0000
8.8475 4.7458 0.0000
8.8475 4.9153 0.0000
8.8475 5.0847 0.0000
8.8475 5.2542 0.0000
8.8475 5.4237 0.0000
8.8475 5.5932 0.0000
8.8475 5.7627 0.0000
8.8475 5.9322 0.0000
8.8475 6.1017 0.0000
8.8475 6.2712 0.0000
8.8475 6.4407 0.0000
8.8475 6.6102 0.0000
8.8475 6.7797 0.0000
8.8475 6.9492 0.0000
8.8475 7.1186 0.0000
8.8475 7.2881 0.0000
8.8475 7.4576 0.0000
8.8475 7.6271 0.0000
8.8475 7.7966 0.0000
8.8475 7.9661 0.0000
8.8475 8.1356 0.0000
8.8475 8.3051 0.0000
9.1525 4.5763 0.0000
9.1525 4.7458 0.0000
9.1525 4.9153 0.0000
9.1525 5.0847 0.0000
9.1525 5.2542 0.0000
9.1525 5.4237 0.0000
9.1525 5.5932 0.0000
9.1525 5.7627 0.0000
9.1525 5.9322 0.0000
9.1525 6.1017 0.0000
9.1525 6.2712 0.0000
9.1525 6.4407 0.0000
9.1525 6.6102 0.0000
9.1525 6.7797 0.0000
9.1525 6.9492 0.0000
9.1525 7.1186 0.0000
9.1525 7.2881 0.0000
9.1525 7.4576 0.0000
9.1525 7.6271 0.0000
9.1525 7.7966 0.0000
9.1525 7.9661 0.0000
9.1525 8.1356 0.0000
9.1525 8.3051 0.0000
9.4576 4.7458 0.0000
9.4576 4.9153 0.0000
9.4576 5.0847 0.0000
9.4576 5.2542 0.0000
9.4576 5.4237 0.0000
9.4576 5.5932 0.0000
9.4576 5.7627 0.0000
9.4576 5.9322 0.0000
9.4576 6.1017 0.0000
9.4576 6.2712 0.0000
9.4576 6.4407 0.0000
9.4576 6.6102 0.0000
9.4576 6.7797 0.0000
9.4576 6.9492 0.0000
9.4576 7.1186 0.0000
9.4576 7.2881 0.0000
9.4576 7.4576 0.0000
9.4576 7.6271 0.0000
9.4576 7.7966 0.0000
9.4576 7.9661 0.0000
9.4576 8.1356 0.0000
9.4576 8.3051 0.0000
9.4576 8.4746 0.0000
9.7627 4.9153 0.0000
9.7627 5.0847 0.0000
9.7627 5.2542 0.0000
9.7627 5.4237 0.0000
9.7627 5.5932 0.0000
9.7627 5.7627 0.0000
9.7627 5.9322 0.0000
9.7627 6.1017 0.0000
9.7627 6.2712 0.0000
9.7627 6.4407 0.0000
9.7627 6.6102 0.0000
9.7627 6.7797 0.0000
9.7627 6.9492 0.0000
9.7627 7.1186 0.0000
9.7627 7.2881 0.0000
9.7627 7.4576 0.0000
9.7627 7.6271 0.0000
9.7627 7.7966 0.0000
9.7627 7.9661 0.0000
9.7627 8.1356 0.0000
9.7627 8.3051 0.0000
9.7627 8.4746 0.0000
10.0678 4.9153 0.0000
10.0678 5.0847 0.0000
10.0678 5.2542 0.0000
10.0678 5.4237 0.0000
10.0678 5.5932 0.0000
10.0678 5.7627 0.0000
10.0678 5.9322 0.0000
10.0678 6.1017 0.0000
10.0678 6.2712 0.0000
10.0678 6.4407 0.0000
10.0678 6.6102 0.0000
10.0678 6.7797 0.0000
10.0678 6.9492 0.0000
10.0678 7.1186 0.0000
10.0678 7.2881 0.0000
10.0678 7.4576 0.0000
10.0678 7.6271 0.0000
10.0678 7.7966 0.0000
10.0678 7.9661 0.0000
10.0678 8.1356 0.0000
10.0678 8.3051 0.0000
10.0678 8.4746 0.0000
10.3729 5.0847 0.0000
10.3729 5.2542 0.0000
10.3729 5.4237 0.0000
10.3729 5.5932 0.0000
10.3729 5.7627 0.0000
10.3729 5.9322 0.0000
10.3729 6.1017 0.0000
10.3729 6.2712 0.0000
10.3729 6.4407 0.0000
10.3729 6.6102 0.0000
10.3729 6.7797 0.0000
10.3729 6.9492 0.0000
10.3729 7.1186 0.0000
10.3729 7.2881 0.0000
10.3729 7.4576 0.0000
10.3729 7.6271 0.0000
10.3729 7.7966 0.0000
10.3729 7.9661 0.0000
10.3729 8.1356 0.0000
10.3729 8.3051 0.0000
10.3729 8.4746 0.0000
10.6780 5.2542 0.0000
10.6780 5.4237 0.0000
10.6780 5.5932 0.0000
10.6780 5.7627 0.0000
10.6780 5.9322 0.0000
10.6780 6.1017 0.0000
10.6780 6.2712 0.0000
10.6780 6.4407 0.0000
10.6780 6.6102 0.0000
10.6780 6.7797 0.0000
10.6780 6.9492 0.0000
10.6780 7.1186 0.0000
10.6780 7.2881 0.0000
10.6780 7.4576 0.0000
10.6780 7.6271 0.0000
10.6780 7.7966 0.0000
10.6780 7.9661 0.0000
10.6780 8.1356 0.0000
10.6780 8.3051 0.0000
10.6780 8.4746 0.0000
10.6780 8.6441 0.0000
10.9831 5.4237 0.0000
10.9831 5.5932 0.0000
10.9831 5.7627 0.0000
10.9831 5.9322 0.0000
10.9831 6.1017 0.0000
10.9831 6.2712 0.0000
10.9831 6.4407 0.0000
10.9831 6.6102 0.0000
10.9831 6.7797 0.0000
10.9831 6.9492 0.0000
10.9831 7.1186 0.0000
10.9831 7.2881 0.0000
10.9831 7.4576 0.0000
10.9831 7.6271 0.0000
10.9831 7.7966 0.0000
10.9831 7.9661 0.0000
10.9831 8.1356 0.0000
10.9831 8.3051 0.0000
10.9831 8.4746 0.0000
10.9831 8.6441 0.0000
11.2881 5.5932 0.0000
11.2881 5.7627 0.0000
11.2881 5.9322 0.0000
11.2881 6.1017 0.0000
11.2881 6.2712 0.0000
11.2881 6.4407 0.0000
11.2881 6.6102 0.0000
11.2881 6.7797 0.0000
11.2881 6.9492 0.0000
11.2881 7.1186 0.0000
11.2881 7.2881 0.0000
11.2881 7.4576 0.0000
11.2881 7.6271 0.0000
11.2881 7.7966 0.0000
11.2881 7.9661 0.0000
11.2881 8.1356 0.0000
11.2881 8.3051 0.0000
11.2881 8.4746 0.0000
11.2881 8.6441 0.0000
11.5932 5.7627 0.0000
11.5932 5.9322 0.0000
11.5932 6.1017 0.0000
11.5932 6.2712 0.0000
11.5932 6.4407 0.0000
11.5932 6.6102 0.0000
11.5932 6.7797 0.0000
11.5932 6.9492 0.0000
11.5932 7.1186 0.0000
11.5932 7.2881 0.0000
11.5932 7.4576 0.0000
11.5932 7.6271 0.0000
11.5932 7.7966 0.0000
11.5932 7.9661 0.0000
11.5932 8.1356 0.0000
11.5932 8.3051 0.0000
11.5932 8.4746 0.0000
11.5932 8.6441 0.0000
11.8983 5.7627 0.0000
11.8983 5.9322 0.0000
11.8983 6.1017 0.0000
11.8983 6.2712 0.0000
11.8983 6.4407 0.0000
11.8983 6.6102 0.0000
11.8983 6.7797 0.0000
11.8983 6.9492 0.0000
11.8983 7.1186 0.0000
11.8983 7.2881 0.0000
11.8983 7.4576 0.0000
11.8983 7.6271 0.0000
11.8983 7.7966 0.0000
11.8983 7.9661 0.0000
11.8983 8.1356 0.0000
11.8983 8.3051 0.0000
11.8983 8.4746 0.0000
11.8983 8.6441 0.0000
11.8983 8.8136 0.0000
12.2034 5.9322 0.0000
12.2034 6.1017 0.0000
12.2034 6.2712 0.0000
12.2034 6.4407 0.0000
12.2034 6.6102 0.0000
12.2034 6.7797 0.0000
12.2034 6.9492 0.0000
12.2034 7.1186 0.0000
12.2034 7.2881 0.0000
12.2034 7.4576 0.0000
12.2034 7.6271 0.0000
12.2034 7.7966 0.0000
12.2034 7.9661 0.0000
12.2034 8.1356 0.0000
12.2034 8.3051 0.0000
12.2034 8.4746 0.0000
12.2034 8.6441 0.0000
12.2034 8.8136 0.0000
12.5085 6.1017 0.0000
12.5085 6.2712 0.0000
12.5085 6.4407 0.0000
12.5085 6.6102 0.0000
12.5085 6.7797 0.0000
12.5085 6.9492 0.0000
12.5085 7.1186 0.0000
12.5085 7.2881 0.0000
12.5085 7.4576 0.0000
12.5085 7.6271 0.0000
12.5085 7.7966 0.0000
12.5085 7.9661 0.0000
12.5085 8.1356 0.0000
12.5085 8.3051 0.0000
12.5085 8.4746 0.0000
12.5085 8.6441 0.0000
12.5085 8.8136 0.0000
12.8136 6.2712 0.0000
12.8136 6.4407 0.0000
12.8136 6.6102 0.0000
12.8136 6.7797 0.0000
12.8136 6.9492 0.0000
12.8136 7.1186 0.0000
12.8136 7.2881 0.0000
12.8136 7.4576 0.0000
12.8136 7.6271 0.0000
12.8136 7.7966 0.0000
12.8136 7.9661 0.0000
12.8136 8.1356 0.0000
12.8136 8.3051 0.0000
12.8136 8.4746 0.0000
12.8136 8.6441 0.0000
12.8136 8.8136 0.0000
13.1186 6.4407 0.0000
13.1186 6.6102 0.0000
13.1186 6.7797 0.0000
13.1186 6.9492 0.0000
13.1186 7.1186 0.0000
13.1186 7.2881 0.0000
13.1186 7.4576 0.0000
13.1186 7.6271 0.0000
13.1186 7.7966 0.0000
13.1186 7.9661 0.0000
13.1186 8.1356 0.0000
13.1186 8.3051 0.0000
13.1186 8.4746 0.0000
13.1186 8.6441 0.0000
13.1186 8.8136 0.0000
13.4237 6.6102 0.0000
13.4237 6.7797 0.0000
13.4237 6.9492 0.0000
13.4237 7.1186 0.0000
13.4237 7.2881 0.0000
13.4237 7.4576 0.0000
13.4237 7.6271 0.0000
13.4237 7.7966 0.0000
13.4237 7.9661 0.0000
13.4237 8.1356 0.0000
13.4237 8.3051 0.0000
13.4237 8.4746 0.0000
13.4237 8.6441 0.0000
13.4237 8.8136 0.0000
13.4237 8.9831 0.0000
13.7288 6.7797 0.0000
13.7288 6.9492 0.0000
13.7288 7.1186 0.0000
13.7288 7.2881 0.0000
13.7288 7.4576 0.0000
13.7288 7.6271 0.0000
13.7288 7.7966 0.0000
13.7288 7.9661 0.0000
13.7288 8.1356 0.0000
13.7288 8.3051 0.0000
13.7288 8.4746 0.0000
13.7288 8.6441 0.0000
13.7288 8.8136 0.0000
13.7288 8.9831 0.0000
14.0339 6.7797 0.0000
14.0339 6.9492 0.0000
14.0339 7.1186 0.0000
14.0339 7.2881 0.0000
14.0339 7.4576 0.0000
14.0339 7.6271 0.0000
14.0339 7.7966 0.0000
14.0339 7.9661 0.0000
14.0339 8.1356 0.0000
14.0339 8.3051 0.0000
14.0339 8.4746 0.0000
14.0339 8.6441 0.0000
14.0339 8.8136 0.0000
14.0339 8.9831 0.0000
14.3390 6.9492 0.0000
14.3390 7.1186 0.0000
14.3390 7.2881 0.0000
14.3390 7.4576 0.0000
14.3390 7.6271 0.0000
14.3390 7.7966 0.0000
14.3390 7.9661 0.0000
14.3390 8.1356 0.0000
14.3390 8.3051 0.0000
14.3390 8.4746 0.0000
14.3390 8.6441 0.0000
14.3390 8.8136 0.0000
14.3390 8.9831 0.0000
14.6441 7.1186 0.0000
14.6441 7.2881 0.0000
14.6441 7.4576 0.0000
14.6441 7.6271 0.0000
14.6441 7.7966 0.0000
14.6441 7.9661 0.0000
14.6441 8.1356 0.0000
14.6441 8.3051 0.0000
14.6441 8.4746 0.0000
14.6441 8.6441 0.0000
14.6441 8.8136 0.0000
14.6441 8.9831 0.0000
14.6441 9.1525 0.0000
14.9492 7.2881 0.0000
14.9492 7.4576 0.0000
14.9492 7.6271 0.0000
14.9492 7.7966 0.0000
14.9492 7.9661 0.0000
14.9492 8.1356 0.0000
14.9492 8.3051 0.0000
14.9492 8.4746 0.0000
14.9492 8.6441 0.0000
14.9492 8.8136 0.0000
14.9492 8.9831 0.0000
14.9492 9.1525 0.0000
15.2542 7.4576 0.0000
15.2542 7.6271 0.0000
15.2542 7.7966 0.0000
15.2542 7.9661 0.0000
15.2542 8.1356 0.0000
15.2542 8.3051 0.0000
15.2542 8.4746 0.0000
15.2542 8.6441 0.0000
15.2542 8.8136 0.0000
15.2542 8.9831 0.0000
15.2542 9.1525 0.0000
15.5593 7.6271 0.0000
15.5593 7.7966 0.0000
15.5593 7.9661 0.0000
15.5593 8.1356 0.0000
15.5593 8.3051 0.0000
15.5593 8.4746 0.0000
15.5593 8.6441 0.0000
15.5593 8.8136 0.0000
15.5593 8.9831 0.0000
15.5593 9.1525 0.0000
15.8644 7.6271 0.0000
15.8644 7.7966 0.0000
15.8644 7.9661 0.0000
15.8644 8.1356 0.0000
15.8644 8.3051 0.0000
15.8644 8.4746 0.0000
15.8644 8.6441 0.0000
15.8644 8.8136 0.0000
15.8644 8.9831 0.0000
15.8644 9.1525 0.0000
15.8644 9.3220 0.0000
16.1695 7.7966 0.0000
16.1695 7.9661 0.0000
16.1695 8.1356 0.0000
16.1695 8.3051 0.0000
16.1695 8.4746 0.0000
16.1695 8.6441 0.0000
16.1695 8.8136 0.0000
16.1695 8.9831 0.0000
16.1695 9.1525 0.0000
16.1695 9.3220 0.0000
16.4746 7.9661 0.0000
16.4746 8.1356 0.0000
16.4746 8.3051 0.0000
16.4746 8.4746 0.0000
16.4746 8.6441 0.0000
16.4746 8.8136 0.0000
16.4746 8.9831 0.0000
16.4746 9.1525 0.0000
16.4746 9.3220 0.0000
16.7797 8.1356 0.0000
16.7797 8.3051 0.0000
16.7797 8.4746 0.0000
16.7797 8.6441 0.0000
16.7797 8.8136 0.0000
16.7797 8.9831 0.0000
16.7797 9.1525 0.0000
16.7797 9.3220 0.0000
17.0847 8.3051 0.0000
17.0847 8.4746 0.0000
17.0847 8.6441 0.0000
17.0847 8.8136 0.0000
17.0847 8.9831 0.0000
17.0847 9.1525 0.0000
17.0847 9.3220 0.0000
17.3898 8.4746 0.0000
17.3898 8.6441 0.0000
17.3898 8.8136 0.0000
17.3898 8.9831 0.0000
17.3898 9.1525 0.0000
17.3898 9.3220 0.0000
17.3898 9.4915 0.0000
17.6949 8.4746 0.0000
17.6949 8.6441 0.0000
17.6949 8.8136 0.0000
17.6949 8.9831 0.0000
17.6949 9.1525 0.0000
17.6949 9.3220 0.0000
17.6949 9.4915 0.0000
0.3051 0.3390 0.0000
0.9153 0.5085 0.0000
1.2203 0.6780 0.0000
1.5254 0.8475 0.0000
1.8305 1.0169 0.0000
2.1356 1.1864 0.0000
2.7458 1.3559 0.0000
3.0508 1.5254 0.0000
3.3559 1.6949 0.0000
3.6610 1.8644 0.0000
3.9661 2.0339 0.0000
4.2712 2.2034 0.0000
4.5763 2.2034 0.0000
4.8814 2.3729 0.0000
5.1864 2.5424 0.0000
5.4915 2.7119 0.0000
5.7966 2.8814 0.0000
6.1017 3.0508 0.0000
6.4068 3.0508 0.0000
6.7119 3.2203 0.0000
7.0169 3.3898 0.0000
7.3220 3.5593 0.0000
7.6271 3.7288 0.0000
7.9322 3.8983 0.0000
8.2373 3.8983 0.0000
8.5424 4.0678 0.0000
8.8475 4.2373 0.0000
9.1525 4.4068 0.0000
9.4576 4.5763 0.0000
9.7627 4.7458 0.0000
10.3729 4.9153 0.0000
10.6780 5.0847 0.0000
10.9831 5.2542 0.0000
11.2881 5.4237 0.0000
11.5932 5.5932 0.0000
12.2034 5.7627 0.0000
12.5085 5.9322 0.0000
12.8136 6.1017 0.0000
13.1186 6.2712 0.0000
13.4237 6.4407 0.0000
13.7288 6.6102 0.0000
14.0339 6.6102 0.0000
14.3390 6.7797 0.0000
14.6441 6.9492 0.0000
14.9492 7.1186 0.0000
15.2542 7.2881 0.0000
15.5593 7.4576 0.0000
15.8644 7.4576 0.0000
16.1695 7.6271 0.0000
16.4746 7.7966 0.0000
16.7797 7.9661 0.0000
17.0847 8.1356 0.0000
17.3898 8.3051 0.0000
18.0000 8.4746 0.0000
18.0000 9.4915 0.0000
0.3051 0.1695 0.0000
0.6102 0.3390 0.0000
2.4407 1.1864 0.0000
10.0678 4.7458 0.0000
11.8983 5.5932 0.0000
17.6949 8.3051 0.0000
0.0000 0.1695 0.0000
0.0000 7.1186 0.0000
0.1525 0.2542 0.0000
0.4576 0.4237 0.0000
0.4576 0.5932 0.0000
0.4576 0.7627 0.0000
0.4576 0.9322 0.0000
0.4576 1.1017 0.0000
0.4576 1.2712 0.0000
0.4576 1.4407 0.0000
0.4576 1.6102 0.0000
0.4576 1.7797 0.0000
0.4576 1.9492 0.0000
0.4576 2.1186 0.0000
0.4576 2.2881 0.0000
0.4576 2.4576 0.0000
0.4576 2.6271 0.0000
0.4576 2.7966 0.0000
0.4576 2.9661 0.0000
0.4576 3.1356 0.0000
0.4576 3.3051 0.0000
0.4576 3.4746 0.0000
0.4576 3.6441 0.0000
0.4576 3.8136 0.0000
0.4576 3.9831 0.0000
0.4576 4.1525 0.0000
0.4576 4.3220 0.0000
0.4576 4.4915 0.0000
0.4576 4.6610 0.0000
0.4576 4.8305 0.0000
0.4576 5.0000 0.0000
0.4576 5.1695 0.0000
0.4576 5.3390 0.0000
0.4576 5.5085 0.0000
0.4576 5.6780 0.0000
0.4576 5.8475 0.0000
0.4576 6.0169 0.0000
0.4576 6.1864 0.0000
0.4576 6.3559 0.0000
0.4576 6.5254 0.0000
0.4576 6.6949 0.0000
0.4576 6.8644 0.0000
0.4576 7.0339 0.0000
0.4576 7.2034 0.0000
0.7627 0.4237 0.0000
0.7627 0.5932 0.0000
0.7627 0.7627 0.0000
0.7627 0.9322 0.0000
0.7627 1.1017 0.0000
0.7627 1.2712 0.0000
0.7627 1.4407 0.0000
0.7627 1.6102 0.0000
0.7627 1.7797 0.0000
0.7627 1.9492 0.0000
0.7627 2.1186 0.0000
0.7627 2.2881 0.0000
0.7627 2.4576 0.0000
0.7627 2.6271 0.0000
0.7627 2.7966 0.0000
0.7627 2.9661 0.0000
0.7627 3.1356 0.0000
0.7627 3.3051 0.0000
0.7627 3.4746 0.0000
0.7627 3.6441 0.0000
0.7627 3.8136 0.0000
0.7627 3.9831 0.0000
0.7627 4.1525 0.0000
0.7627 4.3220 0.0000
0.7627 4.4915 0.0000
0.7627 4.6610 0.0000
0.7627 4.8305 0.0000
0.7627 5.0000 0.0000
0.7627 5.1695 0.0000
0.7627 5.3390 0.0000
0.7627 5.5085 0.0000
0.7627 5.6780 0.0000
0.7627 5.8475 0.0000
0.7627 6.0169 0.0000
0.7627 6.1864 0.0000
0.7627 6.3559 0.0000
0.7627 6.5254 0.0000
0.7627 6.6949 0.0000
0.7627 6.8644 0.0000
0.7627 7.0339 0.0000
0.7627 7.2034 0.0000
1.0678 0.5932 0.0000
1.0678 0.7627 0.0000
1.0678 0.9322 0.0000
1.0678 1.1017 0.0000
1.0678 1.2712 0.0000
1.0678 1.4407 0.0000
1.0678 1.6102 0.0000
1.0678 1.7797 0.0000
1.0678 1.9492 0.0000
1.0678 2.1186 0.0000
1.0678 2.2881 0.0000
1.0678 2.4576 0.0000
1.0678 2.6271 0.0000
1.0678 2.7966 0.0000
1.0678 2.9661 0.0000
1.0678 3.1356 0.0000
1.0678 3.3051 0.0000
1.0678 3.4746 0.0000
1.0678 3.6441 0.0000
1.0678 3.8136 0.0000
1.0678 3.9831 0.0000
1.0678 4.1525 0.0000
1.0678 4.3220 0.0000
1.0678 4.4915 0.0000
1.0678 4.6610 0.0000
1.0678 4.8305 0.0000
1.0678 5.0000 0.0000
1.0678 5.1695 0.0000
1.0678 5.3390 0.0000
1.0678 5.5085 0.0000
1.0678 5.6780 0.0000
1.0678 5.8475 0.0000
1.0678 6.0169 0.0000
1.0678 6.1864 0.0000
1.0678 6.3559 0.0000
1.0678 6.5254 0.0000
1.0678 6.6949 0.0000
1.0678 6.8644 0.0000
1.0678 7.0339 0.0000
1.0678 7.2034 0.0000
1.3729 0.7627 0.0000
1.3729 0.9322 0.0000
1.3729 1.1017 0.0000
1.3729 1.2712 0.0000
1.3729 1.4407 0.0000
1.3729 1.6102 0.0000
1.3729 1.7797 0.0000
1.3729 1.9492 0.0000
1.3729 2.1186 0.0000
1.3729 2.2881 0.0000
1.3729 2.4576 0.0000
1.3729 2.6271 0.0000
1.3729 2.7966 0.0000
1.3729 2.9661 0.0000
1.3729 3.1356 0.0000
1.3729 3.3051 0.0000
1.3729 3.4746 0.0000
1.3729 3.6441 0.0000
1.3729 3.8136 0.0000
1.3729 3.9831 0.0000
1.3729 4.1525 0.0000
1.3729 4.3220 0.0000
1.3729 4.4915 0.0000
1.3729 4.6610 0.0000
1.3729 4.8305 0.0000
1.3729 5.0000 0.0000
1.3729 5.1695 0.0000
1.3729 5.3390 0.0000
1.3729 5.5085 0.0000
1.3729 5.6780 0.0000
1.3729 5.8475 0.0000
1.3729 6.0169 0.0000
1.3729 6.1864 0.0000
1.3729 6.3559 0.0000
1.3729 6.5254 0.0000
1.3729 6.6949 0.0000
1.3729 6.8644 0.0000
1.3729 7.0339 0.0000
1.3729 7.2034 0.0000
1.6780 0.9322 0.0000
1.6780 1.1017 0.0000
1.6780 1.2712 0.0000
1.6780 1.4407 0.0000
1.6780 1.6102 0.0000
1.6780 1.7797 0.0000
1.6780 1.9492 0.0000
1.6780 2.1186 0.0000
1.6780 2.2881 0.0000
1.6780 2.4576 0.0000
1.6780 2.6271 0.0000
1.6780 2.7966 0.0000
1.6780 2.9661 0.0000
1.6780 3.1356 0.0000
1.6780 3.3051 0.0000
1.6780 3.4746 0.0000
1.6780 3.6441 0.0000
1.6780 3.8136 0.0000
1.6780 3.9831 0.0000
1.6780 4.1525 0.0000
1.6780 4.3220 0.0000
1.6780 4.4915 0.0000
1.6780 4.6610 0.0000
1.6780 4.8305 0.0000
1.6780 5.0000 0.0000
1.6780 5.1695 0.0000
1.6780 5.3390 0.0000
1.6780 5.5085 0.0000
1.6780 5.6780 0.0000
1.6780 5.8475 0.0000
1.6780 6.0169 0.0000
1.6780 6.1864 0.0000
1.6780 6.3559 0.0000
1.6780 6.5254 0.0000
1.6780 6.6949 0.0000
1.6780 6.8644 0.0000
1.6780 7.0339 0.0000
1.6780 7.2034 0.0000
1.6780 7.3729 0.0000
1.9831 1.1017 0.0000
1.9831 1.2712 0.0000
1.9831 1.4407 0.0000
1.9831 1.6102 0.0000
1.9831 1.7797 0.0000
1.9831 1.9492 0.0000
1.9831 2.1186 0.0000
1.9831 2.2881 0.0000
1.9831 2.4576 0.0000
1.9831 2.6271 0.0000
1.9831 2.7966 0.0000
1.9831 2.9661 0.0000
1.9831 3.1356 0.0000
1.9831 3.3051 0.0000
1.9831 3.4746 0.0000
1.9831 3.6441 0.0000
1.9831 3.8136 0.0000
1.9831 3.9831 0.0000
1.9831 4.1525 0.0000
1.9831 4.3220 0.0000
1.9831 4.4915 0.0000
1.9831 4.6610 0.0000
1.9831 4.8305 0.0000
1.9831 5.0000 0.0000
1.9831 5.1695 0.0000
1.9831 5.3390 0.0000
1.9831 5.5085 0.0000
1.9831 5.6780 0.0000
1.9831 5.8475 0.0000
1.9831 6.0169 0.0000
1.9831 6.1864 0.0000
1.9831 6.3559 0.0000
1.9831 6.5254 0.0000
1.9831 6.6949 0.0000
1.9831 6.8644 0.0000
1.9831 7.0339 0.0000
1.9831 7.2034 0.0000
1.9831 7.3729 0.0000
2.2881 1.2712 0.0000
2.2881 1.4407 0.0000
2.2881 1.6102 0.0000
2.2881 1.7797 0.0000
2.2881 1.9492 0.0000
2.2881 2.1186 0.0000
2.2881 2.2881 0.0000
2.2881 2.4576 0.0000
2.2881 2.6271 0.0000
2.2881 2.7966 0.0000
2.2881 2.9661 0.0000
2.2881 3.1356 0.0000
2.2881 3.3051 0.0000
2.2881 3.4746 0.0000
2.2881 3.6441 0.0000
2.2881 3.8136 0.0000
2.2881 3.9831 0.0000
2.2881 4.1525 0.0000
2.2881 4.3220 0.0000
2.2881 4.4915 0.0000
2.2881 4.6610 0.0000
2.2881 4.8305 0.0000
2.2881 5.0000 0.0000
2.2881 5.1695 0.0000
2.2881 5.3390 0.0000
2.2881 5.5085 0.0000
2.2881 5.6780 0.0000
2.2881 5.8475 0.0000
2.2881 6.0169 0.0000
2.2881 6.1864 0.0000
2.2881 6.3559 0.0000
2.2881 6.5254 0.0000
2.2881 6.6949 0.0000
2.2881 6.8644 0.0000
2.2881 7.0339 0.0000
2.2881 7.2034 0.0000
2.2881 7.3729 0.0000
2.5932 1.2712 0.0000
2.5932 1.4407 0.0000
2.5932 1.6102 0.0000
2.5932 1.7797 0.0000
2.5932 1.9492 0.0000
2.5932 2.1186 0.0000
2.5932 2.2881 0.0000
2.5932 2.4576 0.0000
2.5932 2.6271 0.0000
2.5932 2.7966 0.0000
2.5932 2.9661 0.0000
2.5932 3.1356 0.0000
2.5932 3.3051 0.0000
2.5932 3.4746 0.0000
2.5932 3.6441 0.0000
2.5932 3.8136 0.0000
2.5932 3.9831 0.0000
2.5932 4.1525 0.0000
2.5932 4.3220 0.0000
2.5932 4.4915 0.0000
2.5932 4.6610 0.0000
2.5932 4.8305 0.0000
2.5932 5.0000 0.0000
2.5932 5.1695 0.0000
2.5932 5.3390 0.0000
2.5932 5.5085 0.0000
2.5932 5.6780 0.0000
2.5932 5.8475 0.0000
2.5932 6.0169 0.0000
2.5932 6.1864 0.0000
2.5932 6.3559 0.0000
2.5932 6.5254 0.0000
2.5932 6.6949 0.0000
2.5932 6.8644 0.0000
2.5932 7.0339 0.0000
2.5932 7.2034 0.0000
2.5932 7.3729 0.0000
2.8983 1.4407 0.0000
2.8983 1.6102 0.0000
2.8983 1.7797 0.0000
2.8983 1.9492 0.0000
2.8983 2.1186 0.0000
2.8983 2.2881 0.0000
2.8983 2.4576 0.0000
2.8983 2.6271 0.0000
2.8983 2.7966 0.0000
2.8983 2.9661 0.0000
2.8983 3.1356 0.0000
2.8983 3.3051 0.0000
2.8983 3.4746 0.0000
2.8983 3.6441 0.0000
2.8983 3.8136 0.0000
2.8983 3.9831 0.0000
2.8983 4.1525 0.0000
2.8983 4.3220 0.0000
2.8983 4.4915 0.0000
2.8983 4.6610 0.0000
2.8983 4.8305 0.0000
2.8983 5.0000 0.0000
2.8983 5.1695 0.0000
2.8983 5.3390 0.0000
2.8983 5.5085 0.0000
2.8983 5.6780 0.0000
2.8983 5.8475 0.0000
2.8983 6.0169 0.0000
2.8983 6.1864 0.0000
2.8983 6.3559 0.0000
2.8983 6.5254 0.0000
2.8983 6.6949 0.0000
2.8983 6.8644 0.0000
2.8983 7.0339 0.0000
2.8983 7.2034 0.0000
2.8983 7.3729 0.0000
3.2034 1.6102 0.0000
3.2034 1.7797 0.0000
3.2034 1.9492 0.0000
3.2034 2.1186 0.0000
3.2034 2.2881 0.0000
3.2034 2.4576 0.0000
3.2034 2.6271 0.0000
3.2034 2.7966 0.0000
3.2034 2.9661 0.0000
3.2034 3.1356 0.0000
3.2034 3.3051 0.0000
3.2034 3.4746 0.0000
3.2034 3.6441 0.0000
3.2034 3.8136 0.0000
3.2034 3.9831 0.0000
3.2034 4.1525 0.0000
3.2034 4.3220 0.0000
3.2034 4.4915 0.0000
3.2034 4.6610 0.0000
3.2034 4.8305 0.0000
3.2034 5.0000 0.0000
3.2034 5.1695 0.0000
3.2034 5.3390 0.0000
3.2034 5.5085 0.0000
3.2034 5.6780 0.0000
3.2034 5.8475 0.0000
3.2034 6.0169 0.0000
3.2034 6.1864 0.0000
3.2034 6.3559 0.0000
3.2034 6.5254 0.0000
3.2034 6.6949 0.0000
3.2034 6.8644 0.0000
3.2034 7.0339 0.0000
3.2034 7.2034 0.0000
3.2034 7.3729 0.0000
3.2034 7.5424 0.0000
3.5085 1.7797 0.0000
3.5085 1.9492 0.0000
3.5085 2.1186 0.0000
3.5085 2.2881 0.0000
3.5085 2.4576 0.0000
3.5085 2.6271 0.0000
3.5085 2.7966 0.0000
3.5085 2.9661 0.0000
3.5085 3.1356 0.0000
3.5085 3.3051 0.0000
3.5085 3.4746 0.0000
3.5085 3.6441 0.0000
3.5085 3.8136 0.0000
3.5085 3.9831 0.0000
3.5085 4.1525 0.0000
3.5085 4.3220 0.0000
3.5085 4.4915 0.0000
3.5085 4.6610 0.0000
3.5085 4.8305 0.0000
3.5085 5.0000 0.0000
3.5085 5.1695 0.0000
3.5085 5.3390 0.0000
3.5085 5.5085 0.0000
3.5085 5.6780 0.0000
3.5085 5.8475 0.0000
3.5085 6.0169 0.0000
3.5085 6.1864 0.0000
3.5085 6.3559 0.0000
3.5085 6.5254 0.0000
3.5085 6.6949 0.0000
3.5085 6.8644 0.0000
3.5085 7.0339 0.0000
3.5085 7.2034 0.0000
3.5085 7.3729 0.0000
3.5085 7.5424 0.0000
3.8136 1.9492 0.0000
3.8136 2.1186 0.0000
3.8136 2.2881 0.0000
3.8136 2.4576 0.0000
3.8136 2.6271 0.0000
3.8136 2.7966 0.0000
3.8136 2.9661 0.0000
3.8136 3.1356 0.0000
3.8136 3.3051 0.0000
3.8136 3.4746 0.0000
3.8136 3.6441 0.0000
3.8136 3.8136 0.0000
3.8136 3.9831 0.0000
3.8136 4.1525 0.0000
3.8136 4.3220 0.0000
3.8136 4.4915 0.0000
3.8136 4.6610 0.0000
3.8136 4.8305 0.0000
3.8136 5.0000 0.0000
3.8136 5.1695 0.0000
3.8136 5.3390 0.0000
3.8136 5.5085 0.0000
3.8136 5.6780 0.0000
3.8136 5.8475 0.0000
3.8136 6.0169 0.0000
3.8136 6.1864 0.0000
3.8136 6.3559 0.0000
3.8136 6.5254 0.0000
3.8136 6.6949 0.0000
3.8136 6.8644 0.0000
3.8136 7.0339 0.0000
3.8136 7.2034 0.0000
3.8136 7.3729 0.0000
3.8136 7.5424 0.0000
4.1186 2.1186 0.0000
4.1186 2.2881 0.0000
4.1186 2.4576 0.0000
4.1186 2.6271 0.0000
4.1186 2.7966 0.0000
4.1186 2.9661 0.0000
4.1186 3.1356 0.0000
4.1186 3.3051 0.0000
4.1186 3.4746 0.0000
4.1186 3.6441 0.0000
4.1186 3.8136 0.0000
4.1186 3.9831 0.0000
4.1186 4.1525 0.0000
4.1186 4.3220 0.0000
4.1186 4.4915 0.0000
4.1186 4.6610 0.0000
4.1186 4.8305 0.0000
4.1186 5.0000 0.0000
4.1186 5.1695 0.0000
4.1186 5.3390 0.0000
4.1186 5.5085 0.0000
4.1186 5.6780 0.0000
4.1186 5.8475 0.0000
4.1186 6.0169 0.0000
4.1186 6.1864 0.0000
4.1186 6.3559 0.0000
4.1186 6.5254 0.0000
4.1186 6.6949 0.0000
4.1186 6.8644 0.0000
4.1186 7.0339 0.0000
4.1186 7.2034 0.0000
4.1186 7.3729 0.0000
4.1186 7.5424 0.0000
4.4237 2.2881 0.0000
4.4237 2.4576 0.0000
4.4237 2.6271 0.0000
4.4237 2.7966 0.0000
4.4237 2.9661 0.0000
4.4237 3.1356 0.0000
4.4237 3.3051 0.0000
4.4237 3.4746 0.0000
4.4237 3.6441 0.0000
4.4237 3.8136 0.0000
4.4237 3.9831 0.0000
4.4237 4.1525 0.0000
4.4237 4.3220 0.0000
4.4237 4.4915 0.0000
4.4237 4.6610 0.0000
4.4237 4.8305 0.0000
4.4237 5.0000 0.0000
4.4237 5.1695 0.0000
4.4237 5.3390 0.0000
4.4237 5.5085 0.0000
4.4237 5.6780 0.0000
4.4237 5.8475 0.0000
4.4237 6.0169 0.0000
4.4237 6.1864 0.0000
4.4237 6.3559 0.0000
4.4237 6.5254 0.0000
4.4237 6.6949 0.0000
4.4237 6.8644 0.0000
4.4237 7.0339 0.0000
4.4237 7.2034 0.0000
4.4237 7.3729 0.0000
4.4237 7.5424 0.0000
4.4237 7.7119 0.0000
4.7288 2.2881 0.0000
4.7288 2.4576 0.0000
4.7288 2.6271 0.0000
4.7288 2.7966 0.0000
4.7288 2.9661 0.0000
4.7288 3.1356 0.0000
4.7288 3.3051 0.0000
4.7288 3.4746 0.0000
4.7288 3.6441 0.0000
4.7288 3.8136 0.0000
4.7288 3.9831 0.0000
4.7288 4.1525 0.0000
4.7288 4.3220 0.0000
4.7288 4.4915 0.0000
4.7288 4.6610 0.0000
4.7288 4.8305 0.0000
4.7288 5.0000 0.0000
4.7288 5.1695 0.0000
4.7288 5.3390 0.0000
4.7288 5.5085 0.0000
4.7288 5.6780 0.0000
4.7288 5.8475 0.0000
4.7288 6.0169 0.0000
4.7288 6.1864 0.0000
4.7288 6.3559 0.0000
4.7288 6.5254 0.0000
4.7288 6.6949 0.0000
4.7288 6.8644 0.0000
4.7288 7.0339 0.0000
4.7288 7.2034 0.0000
4.7288 7.3729 0.0000
4.7288 7.5424 0.0000
4.7288 7.7119 0.0000
5.0339 2.4576 0.0000
5.0339 2.6271 0.0000
5.0339 2.7966 0.0000
5.0339 2.9661 0.0000
5.0339 3.1356 0.0000
5.0339 3.3051 0.0000
5.0339 3.4746 0.0000
5.0339 3.6441 0.0000
5.0339 3.8136 0.0000
5.0339 3.9831 0.0000
5.0339 4.1525 0.0000
5.0339 4.3220 0.0000
5.0339 4.4915 0.0000
5.0339 4.6610 0.0000
5.0339 4.8305 0.0000
5.0339 5.0000 0.0000
5.0339 5.1695 0.0000
5.0339 5.3390 0.0000
5.0339 5.5085 0.0000
5.0339 5.6780 0.0000
5.0339 5.8475 0.0000
5.0339 6.0169 0.0000
5.0339 6.1864 0.0000
5.0339 6.3559 0.0000
5.0339 6.5254 0.0000
5.0339 6.6949 0.0000
5.0339 6.8644 0.0000
5.0339 7.0339 0.0000
5.0339 7.2034 0.0000
5.0339 7.3729 0.0000
5.0339 7.5424 0.0000
5.0339 7.7119 0.0000
5.3390 2.6271 0.0000
5.3390 2.7966 0.0000
5.3390 2.9661 0.0000
5.3390 3.1356 0.0000
5.3390 3.3051 0.0000
5.3390 3.4746 0.0000
5.3390 3.6441 0.0000
5.3390 3.8136 0.0000
5.3390 3.9831 0.0000
5.3390 4.1525 0.0000
5.3390 4.3220 0.0000
5.3390 4.4915 0.0000
5.3390 4.6610 0.0000
5.3390 4.8305 0.0000
5.3390 5.0000 0.0000
5.3390 5.1695 0.0000
5.3390 5.3390 0.0000
5.3390 5.5085 0.0000
5.3390 5.6780 0.0000
5.3390 5.8475 0.0000
5.3390 6.0169 0.0000
5.3390 6.1864 0.0000
5.3390 6.3559 0.0000
5.3390 6.5254 0.0000
5.3390 6.6949 0.0000
5.3390 6.8644 0.0000
5.3390 7.0339 0.0000
5.3390 7.2034 0.0000
5.3390 7.3729 0.0000
5.3390 7.5424 0.0000
5.3390 7.7119 0.0000
5.6441 2.7966 0.0000
5.6441 2.9661 0.0000
5.6441 3.1356 0.0000
5.6441 3.3051 0.0000
5.6441 3.4746 0.0000
5.6441 3.6441 0.0000
5.6441 3.8136 0.0000
5.6441 3.9831 0.0000
5.6441 4.1525 0.0000
5.6441 4.3220 0.0000
5.6441 4.4915 0.0000
5.6441 4.6610 0.0000
5.6441 4.8305 0.0000
5.6441 5.0000 0.0000
5.6441 5.1695 0.0000
5.6441 5.3390 0.0000
5.6441 5.5085 0.0000
5.6441 5.6780 0.0000
5.6441 5.8475 0.0000
5.6441 6.0169 0.0000
5.6441 6.1864 0.0000
5.6441 6.3559 0.0000
5.6441 6.5254 0.0000
5.6441 6.6949 0.0000
5.6441 6.8644 0.0000
5.6441 7.0339 0.0000
5.6441 7.2034 0.0000
5.6441 7.3729 0.0000
5.6441 7.5424 0.0000
5.6441 7.7119 0.0000
5.6441 7.8814 0.0000
5.9492 2.9661 0.0000
5.9492 3.1356 0.0000
5.9492 3.3051 0.0000
5.9492 3.4746 0.0000
5.9492 3.6441 0.0000
5.9492 3.8136 0.0000
5.9492 3.9831 0.0000
5.9492 4.1525 0.0000
5.9492 4.3220 0.0000
5.9492 4.4915 0.0000
5.9492 4.6610 0.0000
5.9492 4.8305 0.0000
5.9492 5.0000 0.0000
5.9492 5.1695 0.0000
5.9492 5.3390 0.0000
5.9492 5.5085 0.0000
5.9492 5.6780 0.0000
5.9492 5.8475 0.0000
5.9492 6.0169 0.0000
5.9492 6.1864 0.0000
5.9492 6.3559 0.0000
5.9492 6.5254 0.0000
5.9492 6.6949 0.0000
5.9492 6.8644 0.0000
5.9492 7.0339 0.0000
5.9492 7.2034 0.0000
5.9492 7.3729 0.0000
5.9492 7.5424 0.0000
5.9492 7.7119 0.0000
5.9492 7.8814 0.0000
6.2542 3.1356 0.0000
6.2542 3.3051 0.0000
6.2542 3.4746 0.0000
6.2542 3.6441 0.0000
6.2542 3.8136 0.0000
6.2542 3.9831 0.0000
6.2542 4.1525 0.0000
6.2542 4.3220 0.0000
6.2542 4.4915 0.0000
6.2542 4.6610 0.0000
6.2542 4.8305 0.0000
6.2542 5.0000 0.0000
6.2542 5.1695 0.0000
6.2542 5.3390 0.0000
6.2542 5.5085 0.0000
6.2542 5.6780 0.0000
6.2542 5.8475 0.0000
6.2542 6.0169 0.0000
6.2542 6.1864 0.0000
6.2542 6.3559 0.0000
6.2542 6.5254 0.0000
6.2542 6.6949 0.0000
6.2542 6.8644 0.0000
6.2542 7.0339 0.0000
6.2542 7.2034 0.0000
6.2542 7.3729 0.0000
6.2542 7.5424 0.0000
6.2542 7.7119 0.0000
6.2542 7.8814 0.0000
6.5593 3.1356 0.0000
6.5593 3.3051 0.0000
6.5593 3.4746 0.0000
6.5593 3.6441 0.0000
6.5593 3.8136 0.0000
6.5593 3.9831 0.0000
6.5593 4.1525 0.0000
6.5593 4.3220 0.0000
6.5593 4.4915 0.0000
6.5593 4.6610 0.0000
6.5593 4.8305 0.0000
6.5593 5.0000 0.0000
6.5593 5.1695 0.0000
6.5593 5.3390 0.0000
6.5593 5.5085 0.0000
6.5593 5.6780 0.0000
6.5593 5.8475 0.0000
6.5593 6.0169 0.0000
6.5593 6.1864 0.0000
6.5593 6.3559 0.0000
6.5593 6.5254 0.0000
6.5593 6.6949 0.0000
6.5593 6.8644 0.0000
6.5593 7.0339 0.0000
6.5593 7.2034 0.0000
6.5593 7.3729 0.0000
6.5593 7.5424 0.0000
6.5593 7.7119 0.0000
6.5593 7.8814 0.0000
6.8644 3.3051 0.0000
6.8644 3.4746 0.0000
6.8644 3.6441 0.0000
6.8644 3.8136 0.0000
6.8644 3.9831 0.0000
6.8644 4.1525 0.0000
6.8644 4.3220 0.0000
6.8644 4.4915 0.0000
6.8644 4.6610 0.0000
6.8644 4.8305 0.0000
6.8644 5.0000 0.0000
6.8644 5.1695 0.0000
6.8644 5.3390 0.0000
6.8644 5.5085 0.0000
6.8644 5.6780 0.0000
6.8644 5.8475 0.0000
6.8644 6.0169 0.0000
6.8644 6.1864 0.0000
6.8644 6.3559 0.0000
6.8644 6.5254 0.0000
6.8644 6.6949 0.0000
6.8644 6.8644 0.0000
6.8644 7.0339 0.0000
6.8644 7.2034 0.0000
6.8644 7.3729 0.0000
6.8644 7.5424 0.0000
6.8644 7.7119 0.0000
6.8644 7.8814 0.0000
6.8644 8.0508 0.0000
7.1695 3.4746 0.0000
7.1695 3.6441 0.0000
7.1695 3.8136 0.0000
7.1695 3.9831 0.0000
7.1695 4.1525 0.0000
7.1695 4.3220 0.0000
7.1695 4.4915 0.0000
7.1695 4.6610 0.0000
7.1695 4.8305 0.0000
7.1695 5.0000 0.0000
7.1695 5.1695 0.0000
7.1695 5.3390 0.0000
7.1695 5.5085 0.0000
7.1695 5.6780 0.0000
7.1695 5.8475 0.0000
7.1695 6.0169 0.0000
7.1695 6.1864 0.0000
7.1695 6.3559 0.0000
7.1695 6.5254 0.0000
7.1695 6.6949 0.0000
7.1695 6.8644 0.0000
7.1695 7.0339 0.0000
7.1695 7.2034 0.0000
7.1695 7.3729 0.0000
7.1695 7.5424 0.0000
7.1695 7.7119 0.0000
7.1695 7.8814 0.0000
7.1695 8.0508 0.0000
7.4746 3.6441 0.0000
7.4746 3.8136 0.0000
7.4746 3.9831 0.0000
7.4746 4.1525 0.0000
7.4746 4.3220 0.0000
7.4746 4.4915 0.0000
7.4746 4.6610 0.0000
7.4746 4.8305 0.0000
7.4746 5.0000 0.0000
7.4746 5.1695 0.0000
7.4746 5.3390 0.0000
7.4746 5.5085 0.0000
7.4746 5.6780 0.0000
7.4746 5.8475 0.0000
7.4746 6.0169 0.0000
7.4746 6.1864 0.0000
7.4746 6.3559 0.0000
7.4746 6.5254 0.0000
7.4746 6.6949 0.0000
7.4746 6.8644 0.0000
7.4746 7.0339 0.0000
7.4746 7.2034 0.0000
7.4746 7.3729 0.0000
7.4746 7.5424 0.0000
7.4746 7.7119 0.0000
7.4746 7.8814 0.0000
7.4746 8.0508 0.0000
7.7797 3.8136 0.0000
7.7797 3.9831 0.0000
7.7797 4.1525 0.0000
7.7797 4.3220 0.0000
7.7797 4.4915 0.0000
7.7797 4.6610 0.0000
7.7797 4.8305 0.0000
7.7797 5.0000 0.0000
7.7797 5.1695 0.0000
7.7797 5.3390 0.0000
7.7797 5.5085 0.0000
7.7797 5.6780 0.0000
7.7797 5.8475 0.0000
7.7797 6.0169 0.0000
7.7797 6.1864 0.0000
7.7797 6.3559 0.0000
7.7797 6.5254 0.0000
7.7797 6.6949 0.0000
7.7797 6.8644 0.0000
7.7797 7.0339 0.0000
7.7797 7.2034 0.0000
7.7797 7.3729 0.0000
7.7797 7.5424 0.0000
7.7797 7.7119 0.0000
7.7797 7.8814 0.0000
7.7797 8.0508 0.0000
8.0847 3.9831 0.0000
8.0847 4.1525 0.0000
8.0847 4.3220 0.0000
8.0847 4.4915 0.0000
8.0847 4.6610 0.0000
8.0847 4.8305 0.0000
8.0847 5.0000 0.0000
8.0847 5.1695 0.0000
8.0847 5.3390 0.0000
8.0847 5.5085 0.0000
8.0847 5.6780 0.0000
8.0847 5.8475 0.0000
8.0847 6.0169 0.0000
8.0847 6.1864 0.0000
8.0847 6.3559 0.0000
8.0847 6.5254 0.0000
8.0847 6.6949 0.0000
8.0847 6.8644 0.0000
8.0847 7.0339 0.0000
8.0847 7.2034 0.0000
8.0847 7.3729 0.0000
8.0847 7.5424 0.0000
8.0847 7.7119 0.0000
8.0847 7.8814 0.0000
8.0847 8.0508 0.0000
8.3898 3.9831 0.0000
8.3898 4.1525 0.0000
8.3898 4.3220 0.0000
8.3898 4.4915 0.0000
8.3898 4.6610 0.0000
8.3898 4.8305 0.0000
8.3898 5.0000 0.0000
8.3898 5.1695 0.0000
8.3898 5.3390 0.0000
8.3898 5.5085 0.0000
8.3898 5.6780 0.0000
8.3898 5.8475 0.0000
8.3898 6.0169 0.0000
8.3898 6.1864 0.0000
8.3898 6.3559 0.0000
8.3898 6.5254 0.0000
8.3898 6.6949 0.0000
8.3898 6.8644 0.0000
8.3898 7.0339 0.0000
8.3898 7.2034 0.0000
8.3898 7.3729 0.0000
8.3898 7.5424 0.0000
8.3898 7.7119 0.0000
8.3898 7.8814 0.0000
8.3898 8.0508 0.0000
8.3898 8.2203 0.0000
8.6949 4.1525 0.0000
8.6949 4.3220 0.0000
8.6949 4.4915 0.0000
8.6949 4.6610 0.0000
8.6949 4.8305 0.0000
8.6949 5.0000 0.0000
8.6949 5.1695 0.0000
8.6949 5.3390 0.0000
8.6949 5.5085 0.0000
8.6949 5.6780 0.0000
8.6949 5.8475 0.0000
8.6949 6.0169 0.0000
8.6949 6.1864 0.0000
8.6949 6.3559 0.0000
8.6949 6.5254 0.0000
8.6949 6.6949 0.0000
8.6949 6.8644 0.0000
8.6949 7.0339 0.0000
8.6949 7.2034 0.0000
8.6949 7.3729 0.0000
8.6949 7.5424 0.0000
8.6949 7.7119 0.0000
8.6949 7.8814 0.0000
8.6949 8.0508 0.0000
8.6949 8.2203 0.0000
9.0000 4.3220 0.0000
9.0000 4.4915 0.0000
9.0000 4.6610 0.0000
9.0000 4.8305 0.0000
9.0000 5.0000 0.0000
9.0000 5.1695 0.0000
9.0000 5.3390 0.0000
9.0000 5.5085 0.0000
9.0000 5.6780 0.0000
9.0000 5.8475 0.0000
9.0000 6.0169 0.0000
9.0000 6.1864 0.0000
9.0000 6.3559 0.0000
9.0000 6.5254 0.0000
9.0000 6.6949 0.0000
9.0000 6.8644 0.0000
9.0000 7.0339 0.0000
9.0000 7.2034 0.0000
9.0000 7.3729 0.0000
9.0000 7.5424 0.0000
9.0000 7.7119 0.0000
9.0000 7.8814 0.0000
9.0000 8.0508 0.0000
9.0000 8.2203 0.0000
9.3051 4.4915 0.0000
9.3051 4.6610 0.0000
9.3051 4.8305 0.0000
9.3051 5.0000 0.0000
9.3051 5.1695 0.0000
9.3051 5.3390 0.0000
9.3051 5.5085 0.0000
9.3051 5.6780 0.0000
9.3051 5.8475 0.0000
9.3051 6.0169 0.0000
9.3051 6.1864 0.0000
9.3051 6.3559 0.0000
9.3051 6.5254 0.0000
9.3051 6.6949 0.0000
9.3051 6.8644 0.0000
9.3051 7.0339 0.0000
9.3051 7.2034 0.0000
9.3051 7.3729 0.0000
9.3051 7.5424 0.0000
9.3051 7.7119 0.0000
9.3051 7.8814 0.0000
9.3051 8.0508 0.0000
9.3051 8.2203 0.0000
9.6102 4.6610 0.0000
9.6102 4.8305 0.0000
9.6102 5.0000 0.0000
9.6102 5.1695 0.0000
9.6102 5.3390 0.0000
9.6102 5.5085 0.0000
9.6102 5.6780 0.0000
9.6102 5.8475 0.0000
9.6102 6.0169 0.0000
9.6102 6.1864 0.0000
9.6102 6.3559 0.0000
9.6102 6.5254 0.0000
9.6102 6.6949 0.0000
9.6102 6.8644 0.0000
9.6102 7.0339 0.0000
9.6102 7.2034 0.0000
9.6102 7.3729 0.0000
9.6102 7.5424 0.0000
9.6102 7.7119 0.0000
9.6102 7.8814 0.0000
9.6102 8.0508 0.0000
9.6102 8.2203 0.0000
9.6102 8.3898 0.0000
9.9153 4.8305 0.0000
9.9153 5.0000 0.0000
9.9153 5.1695 0.0000
9.9153 5.3390 0.0000
9.9153 5.5085 0.0000
9.9153 5.6780 0.0000
9.9153 5.8475 0.0000
9.9153 6.0169 0.0000
9.9153 6.1864 0.0000
9.9153 6.3559 0.0000
9.9153 6.5254 0.0000
9.9153 6.6949 0.0000
9.9153 6.8644 0.0000
9.9153 7.0339 0.0000
9.9153 7.2034 0.0000
9.9153 7.3729 0.0000
9.9153 7.5424 0.0000
9.9153 7.7119 0.0000
9.9153 7.8814 0.0000
9.9153 8.0508 0.0000
9.9153 8.2203 0.0000
9.9153 8.3898 0.0000
10.2203 4.8305 0.0000
10.2203 5.0000 0.0000
10.2203 5.1695 0.0000
10.2203 5.3390 0.0000
10.2203 5.5085 0.0000
10.2203 5.6780 0.0000
10.2203 5.8475 0.0000
10.2203 6.0169 0.0000
10.2203 6.1864 0.0000
10.2203 6.3559 0.0000
10.2203 6.5254 0.0000
10.2203 6.6949 0.0000
10.2203 6.8644 0.0000
10.2203 7.0339 0.0000
10.2203 7.2034 0.0000
10.2203 7.3729 0.0000
10.2203 7.5424 0.0000
10.2203 7.7119 0.0000
10.2203 7.8814 0.0000
10.2203 8.0508 0.0000
10.2203 8.2203 0.0000
10.2203 8.3898 0.0000
10.5254 5.0000 0.0000
10.5254 5.1695 0.0000
10.5254 5.3390 0.0000
10.5254 5.5085 0.0000
10.5254 5.6780 0.0000
10.5254 5.8475 0.0000
10.5254 6.0169 0.0000
10.5254 6.1864 0.0000
10.5254 6.3559 0.0000
10.5254 6.5254 0.0000
10.5254 6.6949 0.0000
10.5254 6.8644 0.0000
10.5254 7.0339 0.0000
10.5254 7.2034 0.0000
10.5254 7.3729 0.0000
10.5254 7.5424 0.0000
10.5254 7.7119 0.0000
10.5254 7.8814 0.0000
10.5254 8.0508 0.0000
10.5254 8.2203 0.0000
10.5254 8.3898 0.0000
10.8305 5.1695 0.0000
10.8305 5.3390 0.0000
10.8305 5.5085 0.0000
10.8305 5.6780 0.0000
10.8305 5.8475 0.0000
10.8305 6.0169 0.0000
10.8305 6.1864 0.0000
10.8305 6.3559 0.0000
10.8305 6.5254 0.0000
10.8305 6.6949 0.0000
10.8305 6.8644 0.0000
10.8305 7.0339 0.0000
10.8305 7.2034 0.0000
10.8305 7.3729 0.0000
10.8305 7.5424 0.0000
10.8305 7.7119 0.0000
10.8305 7.8814 0.0000
10.8305 8.0508 0.0000
10.8305 8.2203 0.0000
10.8305 8.3898 0.0000
10.8305 8.5593 0.0000
11.1356 5.3390 0.0000
11.1356 5.5085 0.0000
11.1356 5.6780 0.0000
11.1356 5.8475 0.0000
11.1356 6.0169 0.0000
11.1356 6.1864 0.0000
11.1356 6.3559 0.0000
11.1356 6.5254 0.0000
11.1356 6.6949 0.0000
11.1356 6.8644 0.0000
11.1356 7.0339 0.0000
11.1356 7.2034 0.0000
11.1356 7.3729 0.0000
11.1356 7.5424 0.0000
11.1356 7.7119 0.0000
11.1356 7.8814 0.0000
11.1356 8.0508 0.0000
11.1356 8.2203 0.0000
11.1356 8.3898 0.0000
11.1356 8.5593 0.0000
11.4407 5.5085 0.0000
11.4407 5.6780 0.0000
11.4407 5.8475 0.0000
11.4407 6.0169 0.0000
11.4407 6.1864 0.0000
11.4407 6.3559 0.0000
11.4407 6.5254 0.0000
11.4407 6.6949 0.0000
11.4407 6.8644 0.0000
11.4407 7.0339 0.0000
11.4407 7.2034 0.0000
11.4407 7.3729 0.0000
11.4407 7.5424 0.0000
11.4407 7.7119 0.0000
11.4407 7.8814 0.0000
11.4407 8.0508 0.0000
11.4407 8.2203 0.0000
11.4407 8.3898 0.0000
11.4407 8.5593 0.0000
11.7458 5.6780 0.0000
11.7458 5.8475 0.0000
11.7458 6.0169 0.0000
11.7458 6.1864 0.0000
11.7458 6.3559 0.0000
11.7458 6.5254 0.0000
11.7458 6.6949 0.0000
11.7458 6.8644 0.0000
11.7458 7.0339 0.0000
11.7458 7.2034 0.0000
11.7458 7.3729 0.0000
11.7458 7.5424 0.0000
11.7458 7.7119 0.0000
11.7458 7.8814 0.0000
11.7458 8.0508 0.0000
11.7458 8.2203 0.0000
11.7458 8.3898 0.0000
11.7458 8.5593 0.0000
12.0508 5.6780 0.0000
12.0508 5.8475 0.0000
12.0508 6.0169 0.0000
12.0508 6.1864 0.0000
12.0508 6.3559 0.0000
12.0508 6.5254 0.0000
12.0508 6.6949 0.0000
12.0508 6.8644 0.0000
12.0508 7.0339 0.0000
12.0508 7.2034 0.0000
12.0508 7.3729 0.0000
12.0508 7.5424 0.0000
12.0508 7.7119 0.0000
12.0508 7.8814 0.0000
12.0508 8.0508 0.0000
12.0508 8.2203 0.0000
12.0508 8.3898 0.0000
12.0508 8.5593 0.0000
12.0508 8.7288 0.0000
12.3559 5.8475 0.0000
12.3559 6.0169 0.0000
12.3559 6.1864 0.0000
12.3559 6.3559 0.0000
12.3559 6.5254 0.0000
12.3559 6.6949 0.0000
12.3559 6.8644 0.0000
12.3559 7.0339 0.0000
12.3559 7.2034 0.0000
12.3559 7.3729 0.0000
12.3559 7.5424 0.0000
12.3559 7.7119 0.0000
12.3559 7.8814 0.0000
12.3559 8.0508 0.0000
12.3559 8.2203 0.0000
12.3559 8.3898 0.0000
12.3559 8.5593 0.0000
12.3559 8.7288 0.0000
12.6610 6.0169 0.0000
12.6610 6.1864 0.0000
12.6610 6.3559 0.0000
12.6610 6.5254 0.0000
12.6610 6.6949 0.0000
12.6610 6.8644 0.0000
12.6610 7.0339 0.0000
12.6610 7.2034 0.0000
12.6610 7.3729 0.0000
12.6610 7.5424 0.0000
12.6610 7.7119 0.0000
12.6610 7.8814 0.0000
12.6610 8.0508 0.0000
12.6610 8.2203 0.0000
12.6610 8.3898 0.0000
12.6610 8.5593 0.0000
12.6610 8.7288 0.0000
12.9661 6.1864 0.0000
12.9661 6.3559 0.0000
12.9661 6.5254 0.0000
12.9661 6.6949 0.0000
12.9661 6.8644 0.0000
12.9661 7.0339 0.0000
12.9661 7.2034 0.0000
12.9661 7.3729 0.0000
12.9661 7.5424 0.0000
12.9661 7.7119 0.0000
12.9661 7.8814 0.0000
12.9661 8.0508 0.0000
12.9661 8.2203 0.0000
12.9661 8.3898 0.0000
12.9661 8.5593 0.0000
12.9661 8.7288 0.0000
13.2712 6.3559 0.0000
13.2712 6.5254 0.0000
13.2712 6.6949 0.0000
13.2712 6.8644 0.0000
13.2712 7.0339 0.0000
13.2712 7.2034 0.0000
13.2712 7.3729 0.0000
13.2712 7.5424 0.0000
13.2712 7.7119 0.0000
13.2712 7.8814 0.0000
13.2712 8.0508 0.0000
13.2712 8.2203 0.0000
13.2712 8.3898 0.0000
13.2712 8.5593 0.0000
13.2712 8.7288 0.0000
13.5763 6.5254 0.0000
13.5763 6.6949 0.0000
13.5763 6.8644 0.0000
13.5763 7.0339 0.0000
13.5763 7.2034 0.0000
13.5763 7.3729 0.0000
13.5763 7.5424 0.0000
13.5763 7.7119 0.0000
13.5763 7.8814 0.0000
13.5763 8.0508 0.0000
13.5763 8.2203 0.0000
13.5763 8.3898 0.0000
13.5763 8.5593 0.0000
13.5763 8.7288 0.0000
13.5763 8.8983 0.0000
13.8814 6.6949 0.0000
13.8814 6.8644 0.0000
13.8814 7.0339 0.0000
13.8814 7.2034 0.0000
13.8814 7.3729 0.0000
13.8814 7.5424 0.0000
13.8814 7.7119 0.0000
13.8814 7.8814 0.0000
13.8814 8.0508 0.0000
13.8814 8.2203 0.0000
13.8814 8.3898 0.0000
13.8814 8.5593 0.0000
13.8814 8.7288 0.0000
13.8814 8.8983 0.0000
14.1864 6.6949 0.0000
14.1864 6.8644 0.0000
14.1864 7.0339 0.0000
14.1864 7.2034 0.0000
14.1864 7.3729 0.0000
14.1864 7.5424 0.0000
14.1864 7.7119 0.0000
14.1864 7.8814 0.0000
14.1864 8.0508 0.0000
14.1864 8.2203 0.0000
14.1864 8.3898 0.0000
14.1864 8.5593 0.0000
14.1864 8.7288 0.0000
14.1864 8.8983 0.0000
14.4915 6.8644 0.0000
14.4915 7.0339 0.0000
14.4915 7.2034 0.0000
14.4915 7.3729 0.0000
14.4915 7.5424 0.0000
14.4915 7.7119 0.0000
14.4915 7.8814 0.0000
14.4915 8.0508 0.0000
14.4915 8.2203 0.0000
14.4915 8.3898 0.0000
14.4915 8.5593 0.0000
14.4915 8.7288 0.0000
14.4915 8.8983 0.0000
14.7966 7.0339 0.0000
14.7966 7.2034 0.0000
14.7966 7.3729 0.0000
14.7966 7.5424 0.0000
14.7966 7.7119 0.0000
14.7966 7.8814 0.0000
14.7966 8.0508 0.0000
14.7966 8.2203 0.0000
14.7966 8.3898 0.0000
14.7966 8.5593 0.0000
14.7966 8.7288 0.0000
14.7966 8.8983 0.0000
14.7966 9.0678 0.0000
15.1017 7.2034 0.0000
15.1017 7.3729 0.0000
15.1017 7.5424 0.0000
15.1017 7.7119 0.0000
15.1017 7.8814 0.0000
15.1017 8.0508 0.0000
15.1017 8.2203 0.0000
15.1017 8.3898 0.0000
15.1017 8.5593 0.0000
15.1017 8.7288 0.0000
15.1017 8.8983 0.0000
15.1017 9.0678 0.0000
15.4068 7.3729 0.0000
15.4068 7.5424 0.0000
15.4068 7.7119 0.0000
15.4068 7.8814 0.0000
15.4068 8.0508 0.0000
15.4068 8.2203 0.0000
15.4068 8.3898 0.0000
15.4068 8.5593 0.0000
15.4068 8.7288 0.0000
15.4068 8.8983 0.0000
15.4068 9.0678 0.0000
15.7119 7.5424 0.0000
15.7119 7.7119 0.0000
15.7119 7.8814 0.0000
15.7119 8.0508 0.0000
15.7119 8.2203 0.0000
15.7119 8.3898 0.0000
15.7119 8.5593 0.0000
15.7119 8.7288 0.0000
15.7119 8.8983 0.0000
15.7119 9.0678 0.0000
16.0169 7.5424 0.0000
16.0169 7.7119 0.0000
16.0169 7.8814 0.0000
16.0169 8.0508 0.0000
16.0169 8.2203 0.0000
16.0169 8.3898 0.0000
16.0169 8.5593 0.0000
16.0169 8.7288 0.0000
16.0169 8.8983 0.0000
16.0169 9.0678 0.0000
16.0169 9.2373 0.0000
16.3220 7.7119 0.0000
16.3220 7.8814 0.0000
16.3220 8.0508 0.0000
16.3220 8.2203 0.0000
16.3220 8.3898 0.0000
16.3220 8.5593 0.0000
16.3220 8.7288 0.0000
16.3220 8.8983 0.0000
16.3220 9.0678 0.0000
16.3220 9.2373 0.0000
16.6271 7.8814 0.0000
16.6271 8.0508 0.0000
16.6271 8.2203 0.0000
16.6271 8.3898 0.0000
16.6271 8.5593 0.0000
16.6271 8.7288 0.0000
16.6271 8.8983 0.0000
16.6271 9.0678 0.0000
16.6271 9.2373 0.0000
16.9322 8.0508 0.0000
16.9322 8.2203 0.0000
16.9322 8.3898 0.0000
16.9322 8.5593 0.0000
16.9322 8.7288 0.0000
16.9322 8.8983 0.0000
16.9322 9.0678 0.0000
16.9322 9.2373 0.0000
17.2373 8.2203 0.0000
17.2373 8.3898 0.0000
17.2373 8.5593 0.0000
17.2373 8.7288 0.0000
17.2373 8.8983 0.0000
17.2373 9.0678 0.0000
17.2373 9.2373 0.0000
17.5424 8.3898 0.0000
17.5424 8.5593 0.0000
17.5424 8.7288 0.0000
17.5424 8.8983 0.0000
17.5424 9.0678 0.0000
17.5424 9.2373 0.0000
17.5424 9.4068 0.0000
17.8475 8.3898 0.0000
17.8475 8.5593 0.0000
17.8475 8.7288 0.0000
17.8475 8.8983 0.0000
17.8475 9.0678 0.0000
17.8475 9.2373 0.0000
17.8475 9.4068 0.0000
0.1525 7.0339 0.0000
4.4237 2.1186 0.0000
6.2542 2.9661 0.0000
8.0847 3.8136 0.0000
13.8814 6.5254 0.0000
15.7119 7.3729 0.0000
0.1525 0.4237 0.0000
0.1525 0.5932 0.0000
0.1525 0.7627 0.0000
0.1525 0.9322 0.0000
0.1525 1.1017 0.0000
0.1525 1.2712 0.0000
0.1525 1.4407 0.0000
0.1525 1.6102 0.0000
0.1525 1.7797 0.0000
0.1525 1.9492 0.0000
0.1525 2.1186 0.0000
0.1525 2.2881 0.0000
0.1525 2.4576 0.0000
0.1525 2.6271 0.0000
0.1525 2.7966 0.0000
0.1525 2.9661 0.0000
0.1525 3.1356 0.0000
0.1525 3.3051 0.0000
0.1525 3.4746 0.0000
0.1525 3.6441 0.0000
0.1525 3.8136 0.0000
0.1525 3.9831 0.0000
0.1525 4.1525 0.0000
0.1525 4.3220 0.0000
0.1525 4.4915 0.0000
0.1525 4.6610 0.0000
0.1525 4.8305 0.0000
0.1525 5.0000 0.0000
0.1525 5.1695 0.0000
0.1525 5.3390 0.0000
0.1525 5.5085 0.0000
0.1525 5.6780 0.0000
0.1525 5.8475 0.0000
0.1525 6.0169 0.0000
0.1525 6.1864 0.0000
0.1525 6.3559 0.0000
0.1525 6.5254 0.0000
0.1525 6.6949 0.0000
0.1525 6.8644 0.0000
0.1525 7.2034 0.0000
1.3729 7.3729 0.0000
2.8983 7.5424 0.0000
4.1186 7.7119 0.0000
5.3390 7.8814 0.0000
6.5593 8.0508 0.0000
8.0847 8.2203 0.0000
9.3051 8.3898 0.0000
10.5254 8.5593 0.0000
11.7458 8.7288 0.0000
13.2712 8.8983 0.0000
14.4915 9.0678 0.0000
15.7119 9.2373 0.0000
17.2373 9.4068 0.0000
1.0678 7.3729 0.0000
2.2881 7.5424 0.0000
2.5932 7.5424 0.0000
3.5085 7.7119 0.0000
3.8136 7.7119 0.0000
5.0339 7.8814 0.0000
6.2542 8.0508 0.0000
7.4746 8.2203 0.0000
7.7797 8.2203 0.0000
8.6949 8.3898 0.0000
9.0000 8.3898 0.0000
10.2203 8.5593 0.0000
11.4407 8.7288 0.0000
12.6610 8.8983 0.0000
12.9661 8.8983 0.0000
13.8814 9.0678 0.0000
14.1864 9.0678 0.0000
15.4068 9.2373 0.0000
16.6271 9.4068 0.0000
16.9322 9.4068 0.0000
17.8475 9.5763 0.0000
0.0000 0.0689 0.0000
0.1003 0.1138 0.0000
0.0000 0.3645 0.0000
0.0150 0.5085 0.0000
0.0196 0.4976 0.0000
0.0273 0.5236 0.0000
0.0118 0.6780 0.0000
0.0243 0.6645 0.0000
0.0252 0.6920 0.0000
0.0068 0.8475 0.0000
0.0140 0.8397 0.0000
0.0127 0.8545 0.0000
0.0085 1.0169 0.0000
0.0155 1.0083 0.0000
0.0154 1.0255 0.0000
0.0091 1.1864 0.0000
0.0165 1.1772 0.0000
0.0167 1.1957 0.0000
0.0089 1.3559 0.0000
0.0164 1.3468 0.0000
0.0164 1.3651 0.0000
0.0089 1.5254 0.0000
0.0163 1.5164 0.0000
0.0163 1.5345 0.0000
0.0088 1.6949 0.0000
0.0162 1.6859 0.0000
0.0162 1.7039 0.0000
0.0089 1.8644 0.0000
0.0163 1.8553 0.0000
0.0163 1.8735 0.0000
0.0089 2.0339 0.0000
0.0163 2.0248 0.0000
0.0163 2.0429 0.0000
0.0089 2.2034 0.0000
0.0163 2.1943 0.0000
0.0163 2.2124 0.0000
0.0089 2.3729 0.0000
0.0163 2.3638 0.0000
0.0163 2.3819 0.0000
0.0089 2.5424 0.0000
0.0163 2.5333 0.0000
0.0163 2.5514 0.0000
0.0089 2.7119 0.0000
0.0163 2.7028 0.0000
0.0163 2.7209 0.0000
0.0089 2.8814 0.0000
0.0163 2.8723 0.0000
0.0163 2.8904 0.0000
0.0089 3.0508 0.0000
0.0163 3.0418 0.0000
0.0163 3.0599 0.0000
0.0089 3.2203 0.0000
0.0163 3.2113 0.0000
0.0163 3.2294 0.0000
0.0089 3.3898 0.0000
0.0163 3.3808 0.0000
0.0163 3.3989 0.0000
0.0089 3.5593 0.0000
0.0163 3.5503 0.0000
0.0163 3.5684 0.0000
0.0089 3.7288 0.0000
0.0163 3.7198 0.0000
0.0163 3.7379 0.0000
0.0089 3.8983 0.0000
0.0163 3.8892 0.0000
0.0163 3.9074 0.0000
0.0089 4.0678 0.0000
0.0163 4.0587 0.0000
0.0163 4.0769 0.0000
0.0089 4.2373 0.0000
0.0163 4.2282 0.0000
0.0163 4.2463 0.0000
0.0089 4.4068 0.0000
0.0163 4.3977 0.0000
0.0163 4.4158 0.0000
0.0089 4.5763 0.0000
0.0163 4.5672 0.0000
0.0163 4.5853 0.0000
0.0089 4.7458 0.0000
0.0163 4.7367 0.0000
0.0163 4.7548 0.0000
0.0089 4.9153 0.0000
0.0163 4.9062 0.0000
0.0163 4.9243 0.0000
0.0089 5.0847 0.0000
0.0163 5.0757 0.0000
0.0163 5.0938 0.0000
0.0089 5.2542 0.0000
0.0163 5.2452 0.0000
0.0163 5.2633 0.0000
0.0089 5.4237 0.0000
0.0163 5.4147 0.0000
0.0163 5.4328 0.0000
0.0089 5.5932 0.0000
0.0163 5.5842 0.0000
0.0163 5.6023 0.0000
0.0089 5.7627 0.0000
0.0163 5.7537 0.0000
0.0163 5.7718 0.0000
0.0089 5.9322 0.0000
0.0163 5.9231 0.0000
0.0163 5.9413 0.0000
0.0089 6.1017 0.0000
0.0164 6.0926 0.0000
0.0164 6.1108 0.0000
0.0087 6.2712 0.0000
0.0160 6.2623 0.0000
0.0160 6.2801 0.0000
0.0092 6.4407 0.0000
0.0170 6.4312 0.0000
0.0169 6.4501 0.0000
0.0088 6.6102 0.0000
0.0161 6.6012 0.0000
0.0160 6.6191 0.0000
0.0066 6.7797 0.0000
0.0122 6.7729 0.0000
0.0126 6.7867 0.0000
0.0000 7.0479 0.0000
0.0182 6.9492 0.0000
0.0334 6.9306 0.0000
0.0284 6.9649 0.0000
0.0000 7.1810 0.0000
0.1483 7.2881 0.0000
0.0405 7.2657 0.0000
0.3051 0.1684 0.0000
0.3071 0.1695 0.0000
0.2997 0.1665 0.0000
0.3060 0.1690 0.0000
0.3515 0.1953 0.0000
0.4551 0.2556 0.0000
0.3051 7.3088 0.0000
0.2760 7.3043 0.0000
0.3510 7.3137 0.0000
0.6102 0.3289 0.0000
0.6321 0.3390 0.0000
0.4872 0.2707 0.0000
0.6202 0.3334 0.0000
0.6102 7.3439 0.0000
0.5296 7.3329 0.0000
0.7422 7.3615 0.0000
0.9153 0.4689 0.0000
0.7873 0.4101 0.0000
0.9999 0.5085 0.0000
0.9539 0.4870 0.0000
0.9153 7.3839 0.0000
0.7753 7.3659 0.0000
1.0226 7.3980 0.0000
1.2203 0.6116 0.0000
1.1197 0.5644 0.0000
1.3628 0.6780 0.0000
1.2854 0.6418 0.0000
1.2203 7.4237 0.0000
1.4807 7.4576 0.0000
1.1407 7.4134 0.0000
1.2698 7.4302 0.0000
1.5254 0.7538 0.0000
1.4512 0.7192 0.0000
1.7262 0.8475 0.0000
1.6171 0.7965 0.0000
1.5254 7.4634 0.0000
1.5169 7.4623 0.0000
1.5391 7.4652 0.0000
1.8305 0.8961 0.0000
1.7830 0.8739 0.0000
2.0898 1.0169 0.0000
1.9488 0.9512 0.0000
1.8305 7.5032 0.0000
1.7641 7.4945 0.0000
1.9376 7.5171 0.0000
2.1356 1.0383 0.0000
2.1147 1.0286 0.0000
2.2805 1.1059 0.0000
2.1356 7.5429 0.0000
2.0113 7.5267 0.0000
2.2584 7.5589 0.0000
2.4407 1.1806 0.0000
2.4532 1.1864 0.0000
2.3751 1.1500 0.0000
2.4464 1.1833 0.0000
2.4407 7.5826 0.0000
2.3360 7.5690 0.0000
2.5056 7.5911 0.0000
2.7458 1.3229 0.0000
2.6123 1.2606 0.0000
2.8167 1.3559 0.0000
2.7781 1.3379 0.0000
2.7458 7.6223 0.0000
2.7826 7.6271 0.0000
2.7345 7.6209 0.0000
2.7528 7.6232 0.0000
3.0508 1.4651 0.0000
2.9440 1.4153 0.0000
3.1802 1.5254 0.0000
3.1099 1.4926 0.0000
3.0508 7.6620 0.0000
2.9999 7.6554 0.0000
3.1330 7.6727 0.0000
3.3559 1.6074 0.0000
3.2757 1.5700 0.0000
3.5437 1.6949 0.0000
3.4416 1.6473 0.0000
3.3559 7.7018 0.0000
3.2471 7.6876 0.0000
3.4942 7.7198 0.0000
3.6610 1.7496 0.0000
3.6075 1.7247 0.0000
3.9071 1.8644 0.0000
3.7733 1.8020 0.0000
3.6610 7.7415 0.0000
3.5314 7.7246 0.0000
3.7414 7.7520 0.0000
3.9661 1.8919 0.0000
3.9392 1.8794 0.0000
4.2706 2.0339 0.0000
4.1051 1.9567 0.0000
3.9661 7.7812 0.0000
4.0844 7.7966 0.0000
3.9299 7.7765 0.0000
3.9886 7.7841 0.0000
4.2712 2.0342 0.0000
4.2709 2.0340 0.0000
4.2742 2.0356 0.0000
4.2712 7.8209 0.0000
4.2357 7.8163 0.0000
4.3284 7.8284 0.0000
4.5763 2.1764 0.0000
4.4368 2.1114 0.0000
4.6341 2.2034 0.0000
4.6027 2.1887 0.0000
4.5763 7.8607 0.0000
4.4829 7.8485 0.0000
4.7268 7.8803 0.0000
4.8814 2.3187 0.0000
4.7685 2.2661 0.0000
4.9976 2.3729 0.0000
4.9344 2.3434 0.0000
4.8814 7.9004 0.0000
4.7300 7.8807 0.0000
4.9772 7.9129 0.0000
5.1864 2.4610 0.0000
5.1002 2.4208 0.0000
5.3610 2.5424 0.0000
5.2661 2.4981 0.0000
5.1864 7.9401 0.0000
5.3862 7.9661 0.0000
5.1253 7.9321 0.0000
5.2244 7.9450 0.0000
5.4915 2.6032 0.0000
5.4320 2.5755 0.0000
5.7245 2.7119 0.0000
5.5978 2.6528 0.0000
5.4915 7.9798 0.0000
5.4715 7.9772 0.0000
5.5238 7.9840 0.0000
5.7966 2.7455 0.0000
5.7637 2.7301 0.0000
6.0880 2.8814 0.0000
5.9296 2.8075 0.0000
5.7966 8.0195 0.0000
5.7187 8.0094 0.0000
5.9222 8.0359 0.0000
6.1017 2.8877 0.0000
6.0954 2.8848 0.0000
6.1733 2.9211 0.0000
6.1017 8.0593 0.0000
5.9658 8.0416 0.0000
6.2130 8.0738 0.0000
6.4068 3.0300 0.0000
6.2613 2.9622 0.0000
6.4515 3.0508 0.0000
6.4272 3.0395 0.0000
6.4068 8.0990 0.0000
6.6880 8.1356 0.0000
6.3207 8.0878 0.0000
6.4602 8.1059 0.0000
6.7119 3.1723 0.0000
6.5930 3.1169 0.0000
6.8149 3.2203 0.0000
6.7589 3.1942 0.0000
6.7119 8.1387 0.0000
6.7073 8.1381 0.0000
6.7192 8.1397 0.0000
7.0169 3.3145 0.0000
6.9248 3.2716 0.0000
7.1784 3.3898 0.0000
7.0906 3.3489 0.0000
7.0169 8.1784 0.0000
6.9545 8.1703 0.0000
7.1176 8.1915 0.0000
7.3220 3.4568 0.0000
7.2565 3.4262 0.0000
7.5419 3.5593 0.0000
7.4224 3.5036 0.0000
7.3220 8.2181 0.0000
7.2017 8.2025 0.0000
7.4488 8.2346 0.0000
7.6271 3.5991 0.0000
7.5882 3.5809 0.0000
7.9054 3.7288 0.0000
7.7541 3.6583 0.0000
7.6271 8.2579 0.0000
7.5161 8.2434 0.0000
7.6960 8.2668 0.0000
7.9322 3.7413 0.0000
7.9200 3.7356 0.0000
8.0724 3.8067 0.0000
7.9322 8.2976 0.0000
7.9898 8.3051 0.0000
7.9146 8.2953 0.0000
7.9431 8.2990 0.0000
8.2373 3.8836 0.0000
8.0858 3.8130 0.0000
8.2688 3.8983 0.0000
8.2517 3.8903 0.0000
8.2373 8.3373 0.0000
8.1903 8.3312 0.0000
8.3130 8.3472 0.0000
8.5424 4.0259 0.0000
8.4176 3.9677 0.0000
8.6323 4.0678 0.0000
8.5834 4.0450 0.0000
8.5424 8.3770 0.0000
8.4375 8.3634 0.0000
8.6846 8.3955 0.0000
8.8475 4.1681 0.0000
8.7493 4.1223 0.0000
8.9958 4.2373 0.0000
8.9151 4.1997 0.0000
8.8475 8.4167 0.0000
8.7115 8.3990 0.0000
8.9318 8.4277 0.0000
9.1525 4.3104 0.0000
9.0810 4.2770 0.0000
9.3593 4.4068 0.0000
9.2469 4.3544 0.0000
9.1525 8.4565 0.0000
9.2916 8.4746 0.0000
9.1100 8.4509 0.0000
9.1789 8.4599 0.0000
9.4576 4.4526 0.0000
9.4127 4.4317 0.0000
9.7227 4.5763 0.0000
9.5786 4.5091 0.0000
9.4576 8.4962 0.0000
9.4261 8.4921 0.0000
9.5084 8.5028 0.0000
9.7627 4.5949 0.0000
9.7445 4.5864 0.0000
9.9103 4.6637 0.0000
9.7627 8.5359 0.0000
9.6733 8.5243 0.0000
9.9069 8.5547 0.0000
10.0678 4.7372 0.0000
10.0862 4.7458 0.0000
9.9715 4.6923 0.0000
10.0762 4.7411 0.0000
10.0678 8.5756 0.0000
9.9204 8.5564 0.0000
10.1676 8.5886 0.0000
10.3729 4.8794 0.0000
10.2421 4.8184 0.0000
10.4497 4.9153 0.0000
10.4079 4.8958 0.0000
10.3729 8.6154 0.0000
10.5934 8.6441 0.0000
10.3054 8.6066 0.0000
10.4148 8.6208 0.0000
10.6780 5.0217 0.0000
10.5738 4.9731 0.0000
10.8132 5.0847 0.0000
10.7397 5.0505 0.0000
10.6780 8.6551 0.0000
10.6619 8.6530 0.0000
10.7038 8.6584 0.0000
10.9831 5.1640 0.0000
10.9055 5.1278 0.0000
11.1766 5.2542 0.0000
11.0714 5.2052 0.0000
10.9831 8.6948 0.0000
10.9091 8.6852 0.0000
11.1023 8.7103 0.0000
11.2881 5.3062 0.0000
11.2373 5.2825 0.0000
11.5401 5.4237 0.0000
11.4031 5.3598 0.0000
11.2881 8.7345 0.0000
11.1562 8.7173 0.0000
11.4034 8.7495 0.0000
11.5932 5.4485 0.0000
11.5690 5.4372 0.0000
11.7349 5.5145 0.0000
11.5932 8.7742 0.0000
11.8953 8.8136 0.0000
11.5008 8.7622 0.0000
11.6506 8.7817 0.0000
11.8983 5.5908 0.0000
11.9036 5.5932 0.0000
11.8706 5.5779 0.0000
11.9007 5.5919 0.0000
11.8983 8.8140 0.0000
11.8977 8.8139 0.0000
11.8992 8.8141 0.0000
12.2034 5.7330 0.0000
12.0666 5.6692 0.0000
12.2671 5.7627 0.0000
12.2325 5.7466 0.0000
12.2034 8.8537 0.0000
12.1449 8.8461 0.0000
12.2977 8.8660 0.0000
12.5085 5.8753 0.0000
12.3983 5.8239 0.0000
12.6305 5.9322 0.0000
12.5642 5.9013 0.0000
12.5085 8.8934 0.0000
12.3920 8.8782 0.0000
12.6392 8.9104 0.0000
12.8136 6.0175 0.0000
12.7300 5.9786 0.0000
12.9940 6.1017 0.0000
12.8959 6.0559 0.0000
12.8136 8.9331 0.0000
12.6962 8.9178 0.0000
12.8864 8.9426 0.0000
13.1186 6.1598 0.0000
13.0618 6.1333 0.0000
13.3575 6.2712 0.0000
13.2276 6.2106 0.0000
13.1186 8.9728 0.0000
13.1971 8.9831 0.0000
13.0946 8.9697 0.0000
13.1335 8.9748 0.0000
13.4237 6.3021 0.0000
13.3935 6.2880 0.0000
13.7210 6.4407 0.0000
13.5594 6.3653 0.0000
13.4237 9.0126 0.0000
13.3807 9.0070 0.0000
13.4931 9.0216 0.0000
13.7288 6.4443 0.0000
13.7252 6.4427 0.0000
13.7698 6.4634 0.0000
13.7288 9.0523 0.0000
13.6279 9.0391 0.0000
13.8750 9.0713 0.0000
14.0339 6.5866 0.0000
13.8911 6.5200 0.0000
14.0845 6.6102 0.0000
14.0570 6.5974 0.0000
14.0339 9.0920 0.0000
13.8916 9.0735 0.0000
14.1222 9.1035 0.0000
14.3390 6.7289 0.0000
14.2228 6.6747 0.0000
14.4479 6.7797 0.0000
14.3887 6.7520 0.0000
14.3390 9.1317 0.0000
14.4989 9.1525 0.0000
14.2900 9.1254 0.0000
14.3693 9.1357 0.0000
14.6441 6.8711 0.0000
14.5546 6.8294 0.0000
14.8114 6.9492 0.0000
14.7204 6.9067 0.0000
14.6441 9.1714 0.0000
14.6165 9.1679 0.0000
14.6885 9.1772 0.0000
14.9492 7.0134 0.0000
14.8863 6.9841 0.0000
15.1749 7.1186 0.0000
15.0522 7.0614 0.0000
14.9492 9.2112 0.0000
14.8637 9.2000 0.0000
15.0870 9.2291 0.0000
15.2542 7.1556 0.0000
15.2180 7.1388 0.0000
15.5384 7.2881 0.0000
15.3839 7.2161 0.0000
15.2542 9.2509 0.0000
15.1108 9.2322 0.0000
15.3580 9.2644 0.0000
15.5593 7.2979 0.0000
15.5498 7.2935 0.0000
15.6689 7.3490 0.0000
15.5593 9.2906 0.0000
15.8007 9.3220 0.0000
15.4854 9.2810 0.0000
15.6051 9.2966 0.0000
15.8644 7.4402 0.0000
15.7156 7.3708 0.0000
15.9018 7.4576 0.0000
15.8815 7.4481 0.0000
15.8644 9.3303 0.0000
15.8523 9.3288 0.0000
15.8839 9.3329 0.0000
16.1695 7.5824 0.0000
16.0474 7.5255 0.0000
16.2653 7.6271 0.0000
16.2132 7.6028 0.0000
16.1695 9.3700 0.0000
16.0995 9.3609 0.0000
16.2824 9.3847 0.0000
16.4746 7.7247 0.0000
16.3791 7.6802 0.0000
16.6288 7.7966 0.0000
16.5449 7.7575 0.0000
16.4746 9.4098 0.0000
16.3466 9.3931 0.0000
16.5938 9.4253 0.0000
16.7797 7.8670 0.0000
16.7108 7.8349 0.0000
16.9922 7.9661 0.0000
16.8767 7.9122 0.0000
16.7797 9.4495 0.0000
16.6809 9.4367 0.0000
16.8410 9.4574 0.0000
17.0847 8.0092 0.0000
17.0425 7.9896 0.0000
17.3557 8.1356 0.0000
17.2084 8.0669 0.0000
17.0847 9.4892 0.0000
17.1034 9.4915 0.0000
17.0793 9.4885 0.0000
17.0881 9.4897 0.0000
17.3898 8.1515 0.0000
17.3742 8.1443 0.0000
17.5402 8.2216 0.0000
17.3898 9.5277 0.0000
17.3367 9.5210 0.0000
17.4748 9.5387 0.0000
17.6949 8.2941 0.0000
17.7223 8.3051 0.0000
17.5683 8.2347 0.0000
17.7051 8.2994 0.0000
17.9829 8.6441 0.0000
17.9936 8.8136 0.0000
17.9932 8.9831 0.0000
17.9856 9.1525 0.0000
17.9883 9.3220 0.0000
17.6949 9.5713 0.0000
17.5807 9.5550 0.0000
17.8169 9.5932 0.0000
18.0000 8.4623 0.0000
17.8673 8.3788 0.0000
18.0000 8.5363 0.0000
17.9733 8.6293 0.0000
17.9697 8.6609 0.0000
17.9883 8.8071 0.0000
17.9884 8.8200 0.0000
17.9874 8.9760 0.0000
17.9860 8.9908 0.0000
17.9702 9.1360 0.0000
17.9735 9.1673 0.0000
18.0000 9.3491 0.0000
17.9820 9.3120 0.0000
17.9836 9.3312 0.0000
18.0000 9.5695 0.0000
17.8951 9.6027 0.0000</DataArray>
         </Points>
         <Cells>
            <DataArray Name="connectivity" format="ascii" type="Int32">
 0 1441 1443
 1 1380 1444
 2 1 1445
 3 2 1446
 4 3 1447
 5 4 1448
 6 5 1449
 7 6 1450
 8 7 1451
 9 8 1452
 10 9 1453
 11 10 1454
 12 11 1455
 13 12 1456
 14 13 1457
 15 14 1458
 16 15 1459
 17 16 1460
 18 17 1461
 19 18 1462
 20 19 1463
 21 20 1464
 22 21 1465
 23 22 1466
 24 23 1467
 25 24 1468
 26 25 1469
 27 26 1470
 28 27 1471
 29 28 1472
 30 29 1473
 31 30 1474
 32 31 1475
 33 32 1476
 34 33 1477
 35 34 1478
 36 35 1479
 37 36 1480
 38 37 1481
 39 38 1482
 40 39 1483
 41 40 1484
 42 1436 1485
 43 42 1486
 44 43 1487
 45 44 1488
 46 45 1489
 47 46 1490
 48 47 1491
 49 48 1492
 50 49 1493
 51 50 1494
 52 51 1495
 53 52 1496
 54 53 1497
 55 54 1498
 56 55 1499
 57 56 1500
 58 57 1501
 59 58 1502
 60 59 1503
 61 60 1504
 62 61 1505
 63 62 1506
 64 63 1507
 65 64 1508
 66 65 1509
 67 66 1510
 68 67 1511
 69 68 1512
 70 69 1513
 71 70 1514
 72 71 1515
 73 72 1516
 74 73 1517
 75 74 1518
 76 75 1519
 77 76 1520
 78 77 1521
 79 78 1522
 80 79 1523
 81 80 1524
 82 81 1525
 83 1381 1526
 84 83 1527
 85 84 1528
 86 85 1529
 87 86 1530
 88 87 1531
 89 88 1532
 90 89 1533
 91 90 1534
 92 91 1535
 93 92 1536
 94 93 1537
 95 94 1538
 96 95 1539
 97 96 1540
 98 97 1541
 99 98 1542
 100 99 1543
 101 100 1544
 102 101 1545
 103 102 1546
 104 103 1547
 105 104 1548
 106 105 1549
 107 106 1550
 108 107 1551
 109 108 1552
 110 109 1553
 111 110 1554
 112 111 1555
 113 112 1556
 114 113 1557
 115 114 1558
 116 115 1559
 117 116 1560
 118 117 1561
 119 118 1562
 120 119 1563
 121 120 1564
 122 121 1565
 123 1382 1566
 124 123 1567
 125 124 1568
 126 125 1569
 127 126 1570
 128 127 1571
 129 128 1572
 130 129 1573
 131 130 1574
 132 131 1575
 133 132 1576
 134 133 1577
 135 134 1578
 136 135 1579
 137 136 1580
 138 137 1581
 139 138 1582
 140 139 1583
 141 140 1584
 142 141 1585
 143 142 1586
 144 143 1587
 145 144 1588
 146 145 1589
 147 146 1590
 148 147 1591
 149 148 1592
 150 149 1593
 151 150 1594
 152 151 1595
 153 152 1596
 154 153 1597
 155 154 1598
 156 155 1599
 157 156 1600
 158 157 1601
 159 158 1602
 160 159 1603
 161 160 1604
 162 1383 1605
 163 162 1606
 164 163 1607
 165 164 1608
 166 165 1609
 167 166 1610
 168 167 1611
 169 168 1612
 170 169 1613
 171 170 1614
 172 171 1615
 173 172 1616
 174 173 1617
 175 174 1618
 176 175 1619
 177 176 1620
 178 177 1621
 179 178 1622
 180 179 1623
 181 180 1624
 182 181 1625
 183 182 1626
 184 183 1627
 185 184 1628
 186 185 1629
 187 186 1630
 188 187 1631
 189 188 1632
 190 189 1633
 191 190 1634
 192 191 1635
 193 192 1636
 194 193 1637
 195 194 1638
 196 195 1639
 197 196 1640
 198 197 1641
 199 198 1642
 200 199 1643
 201 1384 1644
 202 201 1645
 203 202 1646
 204 203 1647
 205 204 1648
 206 205 1649
 207 206 1650
 208 207 1651
 209 208 1652
 210 209 1653
 211 210 1654
 212 211 1655
 213 212 1656
 214 213 1657
 215 214 1658
 216 215 1659
 217 216 1660
 218 217 1661
 219 218 1662
 220 219 1663
 221 220 1664
 222 221 1665
 223 222 1666
 224 223 1667
 225 224 1668
 226 225 1669
 227 226 1670
 228 227 1671
 229 228 1672
 230 229 1673
 231 230 1674
 232 231 1675
 233 232 1676
 234 233 1677
 235 234 1678
 236 235 1679
 237 236 1680
 238 237 1681
 239 1385 1682
 240 239 1683
 241 240 1684
 242 241 1685
 243 242 1686
 244 243 1687
 245 244 1688
 246 245 1689
 247 246 1690
 248 247 1691
 249 248 1692
 250 249 1693
 251 250 1694
 252 251 1695
 253 252 1696
 254 253 1697
 255 254 1698
 256 255 1699
 257 256 1700
 258 257 1701
 259 258 1702
 260 259 1703
 261 260 1704
 262 261 1705
 263 262 1706
 264 263 1707
 265 264 1708
 266 265 1709
 267 266 1710
 268 267 1711
 269 268 1712
 270 269 1713
 271 270 1714
 272 271 1715
 273 272 1716
 274 273 1717
 275 274 1718
 276 1437 1719
 277 276 1720
 278 277 1721
 279 278 1722
 280 279 1723
 281 280 1724
 282 281 1725
 283 282 1726
 284 283 1727
 285 284 1728
 286 285 1729
 287 286 1730
 288 287 1731
 289 288 1732
 290 289 1733
 291 290 1734
 292 291 1735
 293 292 1736
 294 293 1737
 295 294 1738
 296 295 1739
 297 296 1740
 298 297 1741
 299 298 1742
 300 299 1743
 301 300 1744
 302 301 1745
 303 302 1746
 304 303 1747
 305 304 1748
 306 305 1749
 307 306 1750
 308 307 1751
 309 308 1752
 310 309 1753
 311 310 1754
 312 311 1755
 313 1386 1756
 314 313 1757
 315 314 1758
 316 315 1759
 317 316 1760
 318 317 1761
 319 318 1762
 320 319 1763
 321 320 1764
 322 321 1765
 323 322 1766
 324 323 1767
 325 324 1768
 326 325 1769
 327 326 1770
 328 327 1771
 329 328 1772
 330 329 1773
 331 330 1774
 332 331 1775
 333 332 1776
 334 333 1777
 335 334 1778
 336 335 1779
 337 336 1780
 338 337 1781
 339 338 1782
 340 339 1783
 341 340 1784
 342 341 1785
 343 342 1786
 344 343 1787
 345 344 1788
 346 345 1789
 347 346 1790
 348 347 1791
 349 1387 1792
 350 349 1793
 351 350 1794
 352 351 1795
 353 352 1796
 354 353 1797
 355 354 1798
 356 355 1799
 357 356 1800
 358 357 1801
 359 358 1802
 360 359 1803
 361 360 1804
 362 361 1805
 363 362 1806
 364 363 1807
 365 364 1808
 366 365 1809
 367 366 1810
 368 367 1811
 369 368 1812
 370 369 1813
 371 370 1814
 372 371 1815
 373 372 1816
 374 373 1817
 375 374 1818
 376 375 1819
 377 376 1820
 378 377 1821
 379 378 1822
 380 379 1823
 381 380 1824
 382 381 1825
 383 382 1826
 384 383 1827
 385 1388 1828
 386 385 1829
 387 386 1830
 388 387 1831
 389 388 1832
 390 389 1833
 391 390 1834
 392 391 1835
 393 392 1836
 394 393 1837
 395 394 1838
 396 395 1839
 397 396 1840
 398 397 1841
 399 398 1842
 400 399 1843
 401 400 1844
 402 401 1845
 403 402 1846
 404 403 1847
 405 404 1848
 406 405 1849
 407 406 1850
 408 407 1851
 409 408 1852
 410 409 1853
 411 410 1854
 412 411 1855
 413 412 1856
 414 413 1857
 415 414 1858
 416 415 1859
 417 416 1860
 418 417 1861
 419 418 1862
 420 1389 1863
 421 420 1864
 422 421 1865
 423 422 1866
 424 423 1867
 425 424 1868
 426 425 1869
 427 426 1870
 428 427 1871
 429 428 1872
 430 429 1873
 431 430 1874
 432 431 1875
 433 432 1876
 434 433 1877
 435 434 1878
 436 435 1879
 437 436 1880
 438 437 1881
 439 438 1882
 440 439 1883
 441 440 1884
 442 441 1885
 443 442 1886
 444 443 1887
 445 444 1888
 446 445 1889
 447 446 1890
 448 447 1891
 449 448 1892
 450 449 1893
 451 450 1894
 452 451 1895
 453 452 1896
 454 1390 1897
 455 454 1898
 456 455 1899
 457 456 1900
 458 457 1901
 459 458 1902
 460 459 1903
 461 460 1904
 462 461 1905
 463 462 1906
 464 463 1907
 465 464 1908
 466 465 1909
 467 466 1910
 468 467 1911
 469 468 1912
 470 469 1913
 471 470 1914
 472 471 1915
 473 472 1916
 474 473 1917
 475 474 1918
 476 475 1919
 477 476 1920
 478 477 1921
 479 478 1922
 480 479 1923
 481 480 1924
 482 481 1925
 483 482 1926
 484 483 1927
 485 484 1928
 486 485 1929
 487 1391 1930
 488 487 1931
 489 488 1932
 490 489 1933
 491 490 1934
 492 491 1935
 493 492 1936
 494 493 1937
 495 494 1938
 496 495 1939
 497 496 1940
 498 497 1941
 499 498 1942
 500 499 1943
 501 500 1944
 502 501 1945
 503 502 1946
 504 503 1947
 505 504 1948
 506 505 1949
 507 506 1950
 508 507 1951
 509 508 1952
 510 509 1953
 511 510 1954
 512 511 1955
 513 512 1956
 514 513 1957
 515 514 1958
 516 515 1959
 517 516 1960
 518 517 1961
 519 518 1962
 520 1392 1963
 521 520 1964
 522 521 1965
 523 522 1966
 524 523 1967
 525 524 1968
 526 525 1969
 527 526 1970
 528 527 1971
 529 528 1972
 530 529 1973
 531 530 1974
 532 531 1975
 533 532 1976
 534 533 1977
 535 534 1978
 536 535 1979
 537 536 1980
 538 537 1981
 539 538 1982
 540 539 1983
 541 540 1984
 542 541 1985
 543 542 1986
 544 543 1987
 545 544 1988
 546 545 1989
 547 546 1990
 548 547 1991
 549 548 1992
 550 549 1993
 551 550 1994
 552 551 1995
 553 1393 1996
 554 553 1997
 555 554 1998
 556 555 1999
 557 556 2000
 558 557 2001
 559 558 2002
 560 559 2003
 561 560 2004
 562 561 2005
 563 562 2006
 564 563 2007
 565 564 2008
 566 565 2009
 567 566 2010
 568 567 2011
 569 568 2012
 570 569 2013
 571 570 2014
 572 571 2015
 573 572 2016
 574 573 2017
 575 574 2018
 576 575 2019
 577 576 2020
 578 577 2021
 579 578 2022
 580 579 2023
 581 580 2024
 582 581 2025
 583 582 2026
 584 583 2027
 585 1394 2028
 586 585 2029
 587 586 2030
 588 587 2031
 589 588 2032
 590 589 2033
 591 590 2034
 592 591 2035
 593 592 2036
 594 593 2037
 595 594 2038
 596 595 2039
 597 596 2040
 598 597 2041
 599 598 2042
 600 599 2043
 601 600 2044
 602 601 2045
 603 602 2046
 604 603 2047
 605 604 2048
 606 605 2049
 607 606 2050
 608 607 2051
 609 608 2052
 610 609 2053
 611 610 2054
 612 611 2055
 613 612 2056
 614 613 2057
 615 614 2058
 616 1395 2059
 617 616 2060
 618 617 2061
 619 618 2062
 620 619 2063
 621 620 2064
 622 621 2065
 623 622 2066
 624 623 2067
 625 624 2068
 626 625 2069
 627 626 2070
 628 627 2071
 629 628 2072
 630 629 2073
 631 630 2074
 632 631 2075
 633 632 2076
 634 633 2077
 635 634 2078
 636 635 2079
 637 636 2080
 638 637 2081
 639 638 2082
 640 639 2083
 641 640 2084
 642 641 2085
 643 642 2086
 644 643 2087
 645 644 2088
 646 645 2089
 647 1396 2090
 648 647 2091
 649 648 2092
 650 649 2093
 651 650 2094
 652 651 2095
 653 652 2096
 654 653 2097
 655 654 2098
 656 655 2099
 657 656 2100
 658 657 2101
 659 658 2102
 660 659 2103
 661 660 2104
 662 661 2105
 663 662 2106
 664 663 2107
 665 664 2108
 666 665 2109
 667 666 2110
 668 667 2111
 669 668 2112
 670 669 2113
 671 670 2114
 672 671 2115
 673 672 2116
 674 673 2117
 675 674 2118
 676 675 2119
 677 1397 2120
 678 677 2121
 679 678 2122
 680 679 2123
 681 680 2124
 682 681 2125
 683 682 2126
 684 683 2127
 685 684 2128
 686 685 2129
 687 686 2130
 688 687 2131
 689 688 2132
 690 689 2133
 691 690 2134
 692 691 2135
 693 692 2136
 694 693 2137
 695 694 2138
 696 695 2139
 697 696 2140
 698 697 2141
 699 698 2142
 700 699 2143
 701 700 2144
 702 701 2145
 703 702 2146
 704 703 2147
 705 704 2148
 706 1398 2149
 707 706 2150
 708 707 2151
 709 708 2152
 710 709 2153
 711 710 2154
 712 711 2155
 713 712 2156
 714 713 2157
 715 714 2158
 716 715 2159
 717 716 2160
 718 717 2161
 719 718 2162
 720 719 2163
 721 720 2164
 722 721 2165
 723 722 2166
 724 723 2167
 725 724 2168
 726 725 2169
 727 726 2170
 728 727 2171
 729 728 2172
 730 729 2173
 731 730 2174
 732 731 2175
 733 732 2176
 734 733 2177
 735 1399 2178
 736 735 2179
 737 736 2180
 738 737 2181
 739 738 2182
 740 739 2183
 741 740 2184
 742 741 2185
 743 742 2186
 744 743 2187
 745 744 2188
 746 745 2189
 747 746 2190
 748 747 2191
 749 748 2192
 750 749 2193
 751 750 2194
 752 751 2195
 753 752 2196
 754 753 2197
 755 754 2198
 756 755 2199
 757 756 2200
 758 757 2201
 759 758 2202
 760 759 2203
 761 760 2204
 762 761 2205
 763 762 2206
 764 1400 2207
 765 764 2208
 766 765 2209
 767 766 2210
 768 767 2211
 769 768 2212
 770 769 2213
 771 770 2214
 772 771 2215
 773 772 2216
 774 773 2217
 775 774 2218
 776 775 2219
 777 776 2220
 778 777 2221
 779 778 2222
 780 779 2223
 781 780 2224
 782 781 2225
 783 782 2226
 784 783 2227
 785 784 2228
 786 785 2229
 787 786 2230
 788 787 2231
 789 788 2232
 790 789 2233
 791 790 2234
 792 1401 2235
 793 792 2236
 794 793 2237
 795 794 2238
 796 795 2239
 797 796 2240
 798 797 2241
 799 798 2242
 800 799 2243
 801 800 2244
 802 801 2245
 803 802 2246
 804 803 2247
 805 804 2248
 806 805 2249
 807 806 2250
 808 807 2251
 809 808 2252
 810 809 2253
 811 810 2254
 812 811 2255
 813 812 2256
 814 813 2257
 815 814 2258
 816 815 2259
 817 816 2260
 818 817 2261
 819 1402 2262
 820 819 2263
 821 820 2264
 822 821 2265
 823 822 2266
 824 823 2267
 825 824 2268
 826 825 2269
 827 826 2270
 828 827 2271
 829 828 2272
 830 829 2273
 831 830 2274
 832 831 2275
 833 832 2276
 834 833 2277
 835 834 2278
 836 835 2279
 837 836 2280
 838 837 2281
 839 838 2282
 840 839 2283
 841 840 2284
 842 841 2285
 843 842 2286
 844 843 2287
 845 1403 2288
 846 845 2289
 847 846 2290
 848 847 2291
 849 848 2292
 850 849 2293
 851 850 2294
 852 851 2295
 853 852 2296
 854 853 2297
 855 854 2298
 856 855 2299
 857 856 2300
 858 857 2301
 859 858 2302
 860 859 2303
 861 860 2304
 862 861 2305
 863 862 2306
 864 863 2307
 865 864 2308
 866 865 2309
 867 866 2310
 868 867 2311
 869 868 2312
 870 1404 2313
 871 870 2314
 872 871 2315
 873 872 2316
 874 873 2317
 875 874 2318
 876 875 2319
 877 876 2320
 878 877 2321
 879 878 2322
 880 879 2323
 881 880 2324
 882 881 2325
 883 882 2326
 884 883 2327
 885 884 2328
 886 885 2329
 887 886 2330
 888 887 2331
 889 888 2332
 890 889 2333
 891 890 2334
 892 891 2335
 893 892 2336
 894 893 2337
 895 894 2338
 896 1405 2339
 897 896 2340
 898 897 2341
 899 898 2342
 900 899 2343
 901 900 2344
 902 901 2345
 903 902 2346
 904 903 2347
 905 904 2348
 906 905 2349
 907 906 2350
 908 907 2351
 909 908 2352
 910 909 2353
 911 910 2354
 912 911 2355
 913 912 2356
 914 913 2357
 915 914 2358
 916 915 2359
 917 916 2360
 918 917 2361
 919 918 2362
 920 919 2363
 921 1406 2364
 922 921 2365
 923 922 2366
 924 923 2367
 925 924 2368
 926 925 2369
 927 926 2370
 928 927 2371
 929 928 2372
 930 929 2373
 931 930 2374
 932 931 2375
 933 932 2376
 934 933 2377
 935 934 2378
 936 935 2379
 937 936 2380
 938 937 2381
 939 938 2382
 940 939 2383
 941 940 2384
 942 941 2385
 943 942 2386
 944 943 2387
 945 1407 2388
 946 945 2389
 947 946 2390
 948 947 2391
 949 948 2392
 950 949 2393
 951 950 2394
 952 951 2395
 953 952 2396
 954 953 2397
 955 954 2398
 956 955 2399
 957 956 2400
 958 957 2401
 959 958 2402
 960 959 2403
 961 960 2404
 962 961 2405
 963 962 2406
 964 963 2407
 965 964 2408
 966 965 2409
 967 966 2410
 968 1408 2411
 969 968 2412
 970 969 2413
 971 970 2414
 972 971 2415
 973 972 2416
 974 973 2417
 975 974 2418
 976 975 2419
 977 976 2420
 978 977 2421
 979 978 2422
 980 979 2423
 981 980 2424
 982 981 2425
 983 982 2426
 984 983 2427
 985 984 2428
 986 985 2429
 987 986 2430
 988 987 2431
 989 988 2432
 990 989 2433
 991 1409 2434
 992 991 2435
 993 992 2436
 994 993 2437
 995 994 2438
 996 995 2439
 997 996 2440
 998 997 2441
 999 998 2442
 1000 999 2443
 1001 1000 2444
 1002 1001 2445
 1003 1002 2446
 1004 1003 2447
 1005 1004 2448
 1006 1005 2449
 1007 1006 2450
 1008 1007 2451
 1009 1008 2452
 1010 1009 2453
 1011 1010 2454
 1012 1011 2455
 1013 1438 2456
 1014 1013 2457
 1015 1014 2458
 1016 1015 2459
 1017 1016 2460
 1018 1017 2461
 1019 1018 2462
 1020 1019 2463
 1021 1020 2464
 1022 1021 2465
 1023 1022 2466
 1024 1023 2467
 1025 1024 2468
 1026 1025 2469
 1027 1026 2470
 1028 1027 2471
 1029 1028 2472
 1030 1029 2473
 1031 1030 2474
 1032 1031 2475
 1033 1032 2476
 1034 1033 2477
 1035 1410 2478
 1036 1035 2479
 1037 1036 2480
 1038 1037 2481
 1039 1038 2482
 1040 1039 2483
 1041 1040 2484
 1042 1041 2485
 1043 1042 2486
 1044 1043 2487
 1045 1044 2488
 1046 1045 2489
 1047 1046 2490
 1048 1047 2491
 1049 1048 2492
 1050 1049 2493
 1051 1050 2494
 1052 1051 2495
 1053 1052 2496
 1054 1053 2497
 1055 1054 2498
 1056 1411 2499
 1057 1056 2500
 1058 1057 2501
 1059 1058 2502
 1060 1059 2503
 1061 1060 2504
 1062 1061 2505
 1063 1062 2506
 1064 1063 2507
 1065 1064 2508
 1066 1065 2509
 1067 1066 2510
 1068 1067 2511
 1069 1068 2512
 1070 1069 2513
 1071 1070 2514
 1072 1071 2515
 1073 1072 2516
 1074 1073 2517
 1075 1074 2518
 1076 1075 2519
 1077 1412 2520
 1078 1077 2521
 1079 1078 2522
 1080 1079 2523
 1081 1080 2524
 1082 1081 2525
 1083 1082 2526
 1084 1083 2527
 1085 1084 2528
 1086 1085 2529
 1087 1086 2530
 1088 1087 2531
 1089 1088 2532
 1090 1089 2533
 1091 1090 2534
 1092 1091 2535
 1093 1092 2536
 1094 1093 2537
 1095 1094 2538
 1096 1095 2539
 1097 1413 2540
 1098 1097 2541
 1099 1098 2542
 1100 1099 2543
 1101 1100 2544
 1102 1101 2545
 1103 1102 2546
 1104 1103 2547
 1105 1104 2548
 1106 1105 2549
 1107 1106 2550
 1108 1107 2551
 1109 1108 2552
 1110 1109 2553
 1111 1110 2554
 1112 1111 2555
 1113 1112 2556
 1114 1113 2557
 1115 1114 2558
 1116 1414 2559
 1117 1116 2560
 1118 1117 2561
 1119 1118 2562
 1120 1119 2563
 1121 1120 2564
 1122 1121 2565
 1123 1122 2566
 1124 1123 2567
 1125 1124 2568
 1126 1125 2569
 1127 1126 2570
 1128 1127 2571
 1129 1128 2572
 1130 1129 2573
 1131 1130 2574
 1132 1131 2575
 1133 1132 2576
 1134 1439 2577
 1135 1134 2578
 1136 1135 2579
 1137 1136 2580
 1138 1137 2581
 1139 1138 2582
 1140 1139 2583
 1141 1140 2584
 1142 1141 2585
 1143 1142 2586
 1144 1143 2587
 1145 1144 2588
 1146 1145 2589
 1147 1146 2590
 1148 1147 2591
 1149 1148 2592
 1150 1149 2593
 1151 1150 2594
 1152 1151 2595
 1153 1415 2596
 1154 1153 2597
 1155 1154 2598
 1156 1155 2599
 1157 1156 2600
 1158 1157 2601
 1159 1158 2602
 1160 1159 2603
 1161 1160 2604
 1162 1161 2605
 1163 1162 2606
 1164 1163 2607
 1165 1164 2608
 1166 1165 2609
 1167 1166 2610
 1168 1167 2611
 1169 1168 2612
 1170 1169 2613
 1171 1416 2614
 1172 1171 2615
 1173 1172 2616
 1174 1173 2617
 1175 1174 2618
 1176 1175 2619
 1177 1176 2620
 1178 1177 2621
 1179 1178 2622
 1180 1179 2623
 1181 1180 2624
 1182 1181 2625
 1183 1182 2626
 1184 1183 2627
 1185 1184 2628
 1186 1185 2629
 1187 1186 2630
 1188 1417 2631
 1189 1188 2632
 1190 1189 2633
 1191 1190 2634
 1192 1191 2635
 1193 1192 2636
 1194 1193 2637
 1195 1194 2638
 1196 1195 2639
 1197 1196 2640
 1198 1197 2641
 1199 1198 2642
 1200 1199 2643
 1201 1200 2644
 1202 1201 2645
 1203 1202 2646
 1204 1418 2647
 1205 1204 2648
 1206 1205 2649
 1207 1206 2650
 1208 1207 2651
 1209 1208 2652
 1210 1209 2653
 1211 1210 2654
 1212 1211 2655
 1213 1212 2656
 1214 1213 2657
 1215 1214 2658
 1216 1215 2659
 1217 1216 2660
 1218 1217 2661
 1219 1419 2662
 1220 1219 2663
 1221 1220 2664
 1222 1221 2665
 1223 1222 2666
 1224 1223 2667
 1225 1224 2668
 1226 1225 2669
 1227 1226 2670
 1228 1227 2671
 1229 1228 2672
 1230 1229 2673
 1231 1230 2674
 1232 1231 2675
 1233 1232 2676
 1234 1420 2677
 1235 1234 2678
 1236 1235 2679
 1237 1236 2680
 1238 1237 2681
 1239 1238 2682
 1240 1239 2683
 1241 1240 2684
 1242 1241 2685
 1243 1242 2686
 1244 1243 2687
 1245 1244 2688
 1246 1245 2689
 1247 1246 2690
 1248 1421 2691
 1249 1248 2692
 1250 1249 2693
 1251 1250 2694
 1252 1251 2695
 1253 1252 2696
 1254 1253 2697
 1255 1254 2698
 1256 1255 2699
 1257 1256 2700
 1258 1257 2701
 1259 1258 2702
 1260 1259 2703
 1261 1260 2704
 1262 1422 2705
 1263 1262 2706
 1264 1263 2707
 1265 1264 2708
 1266 1265 2709
 1267 1266 2710
 1268 1267 2711
 1269 1268 2712
 1270 1269 2713
 1271 1270 2714
 1272 1271 2715
 1273 1272 2716
 1274 1273 2717
 1275 1423 2718
 1276 1275 2719
 1277 1276 2720
 1278 1277 2721
 1279 1278 2722
 1280 1279 2723
 1281 1280 2724
 1282 1281 2725
 1283 1282 2726
 1284 1283 2727
 1285 1284 2728
 1286 1285 2729
 1287 1286 2730
 1288 1424 2731
 1289 1288 2732
 1290 1289 2733
 1291 1290 2734
 1292 1291 2735
 1293 1292 2736
 1294 1293 2737
 1295 1294 2738
 1296 1295 2739
 1297 1296 2740
 1298 1297 2741
 1299 1298 2742
 1300 1425 2743
 1301 1300 2744
 1302 1301 2745
 1303 1302 2746
 1304 1303 2747
 1305 1304 2748
 1306 1305 2749
 1307 1306 2750
 1308 1307 2751
 1309 1308 2752
 1310 1309 2753
 1311 1426 2754
 1312 1311 2755
 1313 1312 2756
 1314 1313 2757
 1315 1314 2758
 1316 1315 2759
 1317 1316 2760
 1318 1317 2761
 1319 1318 2762
 1320 1319 2763
 1321 1427 2764
 1322 1321 2765
 1323 1322 2766
 1324 1323 2767
 1325 1324 2768
 1326 1325 2769
 1327 1326 2770
 1328 1327 2771
 1329 1328 2772
 1330 1329 2773
 1331 1330 2774
 1332 1428 2775
 1333 1332 2776
 1334 1333 2777
 1335 1334 2778
 1336 1335 2779
 1337 1336 2780
 1338 1337 2781
 1339 1338 2782
 1340 1339 2783
 1341 1340 2784
 1342 1429 2785
 1343 1342 2786
 1344 1343 2787
 1345 1344 2788
 1346 1345 2789
 1347 1346 2790
 1348 1347 2791
 1349 1348 2792
 1350 1349 2793
 1351 1430 2794
 1352 1351 2795
 1353 1352 2796
 1354 1353 2797
 1355 1354 2798
 1356 1355 2799
 1357 1356 2800
 1358 1357 2801
 1359 1431 2802
 1360 1359 2803
 1361 1360 2804
 1362 1361 2805
 1363 1362 2806
 1364 1363 2807
 1365 1364 2808
 1366 1432 2809
 1367 1366 2810
 1368 1367 2811
 1369 1368 2812
 1370 1369 2813
 1371 1370 2814
 1372 1371 2815
 1373 1440 2816
 1374 1373 2817
 1375 1374 2818
 1376 1375 2819
 1377 1376 2820
 1378 1377 2821
 1379 1378 2822
 1380 0 1443
 40 1442 2823
 42 1 1444
 43 2 1445
 44 3 1446
 45 4 1447
 46 5 1448
 47 6 1449
 48 7 1450
 49 8 1451
 50 9 1452
 51 10 1453
 52 11 1454
 53 12 1455
 54 13 1456
 55 14 1457
 56 15 1458
 57 16 1459
 58 17 1460
 59 18 1461
 60 19 1462
 61 20 1463
 62 21 1464
 63 22 1465
 64 23 1466
 65 24 1467
 66 25 1468
 67 26 1469
 68 27 1470
 69 28 1471
 70 29 1472
 71 30 1473
 72 31 1474
 73 32 1475
 74 33 1476
 75 34 1477
 76 35 1478
 77 36 1479
 78 37 1480
 79 38 1481
 80 39 1482
 81 40 1483
 82 41 1484
 1381 42 1485
 83 43 1486
 84 44 1487
 85 45 1488
 86 46 1489
 87 47 1490
 88 48 1491
 89 49 1492
 90 50 1493
 91 51 1494
 92 52 1495
 93 53 1496
 94 54 1497
 95 55 1498
 96 56 1499
 97 57 1500
 98 58 1501
 99 59 1502
 100 60 1503
 101 61 1504
 102 62 1505
 103 63 1506
 104 64 1507
 105 65 1508
 106 66 1509
 107 67 1510
 108 68 1511
 109 69 1512
 110 70 1513
 111 71 1514
 112 72 1515
 113 73 1516
 114 74 1517
 115 75 1518
 116 76 1519
 117 77 1520
 118 78 1521
 119 79 1522
 120 80 1523
 121 81 1524
 122 82 1525
 1382 83 1526
 123 84 1527
 124 85 1528
 125 86 1529
 126 87 1530
 127 88 1531
 128 89 1532
 129 90 1533
 130 91 1534
 131 92 1535
 132 93 1536
 133 94 1537
 134 95 1538
 135 96 1539
 136 97 1540
 137 98 1541
 138 99 1542
 139 100 1543
 140 101 1544
 141 102 1545
 142 103 1546
 143 104 1547
 144 105 1548
 145 106 1549
 146 107 1550
 147 108 1551
 148 109 1552
 149 110 1553
 150 111 1554
 151 112 1555
 152 113 1556
 153 114 1557
 154 115 1558
 155 116 1559
 156 117 1560
 157 118 1561
 158 119 1562
 159 120 1563
 160 121 1564
 161 122 1565
 1383 123 1566
 162 124 1567
 163 125 1568
 164 126 1569
 165 127 1570
 166 128 1571
 167 129 1572
 168 130 1573
 169 131 1574
 170 132 1575
 171 133 1576
 172 134 1577
 173 135 1578
 174 136 1579
 175 137 1580
 176 138 1581
 177 139 1582
 178 140 1583
 179 141 1584
 180 142 1585
 181 143 1586
 182 144 1587
 183 145 1588
 184 146 1589
 185 147 1590
 186 148 1591
 187 149 1592
 188 150 1593
 189 151 1594
 190 152 1595
 191 153 1596
 192 154 1597
 193 155 1598
 194 156 1599
 195 157 1600
 196 158 1601
 197 159 1602
 198 160 1603
 199 161 1604
 1384 162 1605
 201 163 1606
 202 164 1607
 203 165 1608
 204 166 1609
 205 167 1610
 206 168 1611
 207 169 1612
 208 170 1613
 209 171 1614
 210 172 1615
 211 173 1616
 212 174 1617
 213 175 1618
 214 176 1619
 215 177 1620
 216 178 1621
 217 179 1622
 218 180 1623
 219 181 1624
 220 182 1625
 221 183 1626
 222 184 1627
 223 185 1628
 224 186 1629
 225 187 1630
 226 188 1631
 227 189 1632
 228 190 1633
 229 191 1634
 230 192 1635
 231 193 1636
 232 194 1637
 233 195 1638
 234 196 1639
 235 197 1640
 236 198 1641
 237 199 1642
 238 200 1643
 1385 201 1644
 239 202 1645
 240 203 1646
 241 204 1647
 242 205 1648
 243 206 1649
 244 207 1650
 245 208 1651
 246 209 1652
 247 210 1653
 248 211 1654
 249 212 1655
 250 213 1656
 251 214 1657
 252 215 1658
 253 216 1659
 254 217 1660
 255 218 1661
 256 219 1662
 257 220 1663
 258 221 1664
 259 222 1665
 260 223 1666
 261 224 1667
 262 225 1668
 263 226 1669
 264 227 1670
 265 228 1671
 266 229 1672
 267 230 1673
 268 231 1674
 269 232 1675
 270 233 1676
 271 234 1677
 272 235 1678
 273 236 1679
 274 237 1680
 275 238 1681
 276 239 1682
 277 240 1683
 278 241 1684
 279 242 1685
 280 243 1686
 281 244 1687
 282 245 1688
 283 246 1689
 284 247 1690
 285 248 1691
 286 249 1692
 287 250 1693
 288 251 1694
 289 252 1695
 290 253 1696
 291 254 1697
 292 255 1698
 293 256 1699
 294 257 1700
 295 258 1701
 296 259 1702
 297 260 1703
 298 261 1704
 299 262 1705
 300 263 1706
 301 264 1707
 302 265 1708
 303 266 1709
 304 267 1710
 305 268 1711
 306 269 1712
 307 270 1713
 308 271 1714
 309 272 1715
 310 273 1716
 311 274 1717
 312 275 1718
 1386 276 1719
 313 277 1720
 314 278 1721
 315 279 1722
 316 280 1723
 317 281 1724
 318 282 1725
 319 283 1726
 320 284 1727
 321 285 1728
 322 286 1729
 323 287 1730
 324 288 1731
 325 289 1732
 326 290 1733
 327 291 1734
 328 292 1735
 329 293 1736
 330 294 1737
 331 295 1738
 332 296 1739
 333 297 1740
 334 298 1741
 335 299 1742
 336 300 1743
 337 301 1744
 338 302 1745
 339 303 1746
 340 304 1747
 341 305 1748
 342 306 1749
 343 307 1750
 344 308 1751
 345 309 1752
 346 310 1753
 347 311 1754
 348 312 1755
 1387 313 1756
 349 314 1757
 350 315 1758
 351 316 1759
 352 317 1760
 353 318 1761
 354 319 1762
 355 320 1763
 356 321 1764
 357 322 1765
 358 323 1766
 359 324 1767
 360 325 1768
 361 326 1769
 362 327 1770
 363 328 1771
 364 329 1772
 365 330 1773
 366 331 1774
 367 332 1775
 368 333 1776
 369 334 1777
 370 335 1778
 371 336 1779
 372 337 1780
 373 338 1781
 374 339 1782
 375 340 1783
 376 341 1784
 377 342 1785
 378 343 1786
 379 344 1787
 380 345 1788
 381 346 1789
 382 347 1790
 383 348 1791
 1388 349 1792
 385 350 1793
 386 351 1794
 387 352 1795
 388 353 1796
 389 354 1797
 390 355 1798
 391 356 1799
 392 357 1800
 393 358 1801
 394 359 1802
 395 360 1803
 396 361 1804
 397 362 1805
 398 363 1806
 399 364 1807
 400 365 1808
 401 366 1809
 402 367 1810
 403 368 1811
 404 369 1812
 405 370 1813
 406 371 1814
 407 372 1815
 408 373 1816
 409 374 1817
 410 375 1818
 411 376 1819
 412 377 1820
 413 378 1821
 414 379 1822
 415 380 1823
 416 381 1824
 417 382 1825
 418 383 1826
 419 384 1827
 1389 385 1828
 420 386 1829
 421 387 1830
 422 388 1831
 423 389 1832
 424 390 1833
 425 391 1834
 426 392 1835
 427 393 1836
 428 394 1837
 429 395 1838
 430 396 1839
 431 397 1840
 432 398 1841
 433 399 1842
 434 400 1843
 435 401 1844
 436 402 1845
 437 403 1846
 438 404 1847
 439 405 1848
 440 406 1849
 441 407 1850
 442 408 1851
 443 409 1852
 444 410 1853
 445 411 1854
 446 412 1855
 447 413 1856
 448 414 1857
 449 415 1858
 450 416 1859
 451 417 1860
 452 418 1861
 453 419 1862
 1390 420 1863
 454 421 1864
 455 422 1865
 456 423 1866
 457 424 1867
 458 425 1868
 459 426 1869
 460 427 1870
 461 428 1871
 462 429 1872
 463 430 1873
 464 431 1874
 465 432 1875
 466 433 1876
 467 434 1877
 468 435 1878
 469 436 1879
 470 437 1880
 471 438 1881
 472 439 1882
 473 440 1883
 474 441 1884
 475 442 1885
 476 443 1886
 477 444 1887
 478 445 1888
 479 446 1889
 480 447 1890
 481 448 1891
 482 449 1892
 483 450 1893
 484 451 1894
 485 452 1895
 486 453 1896
 1391 454 1897
 487 455 1898
 488 456 1899
 489 457 1900
 490 458 1901
 491 459 1902
 492 460 1903
 493 461 1904
 494 462 1905
 495 463 1906
 496 464 1907
 497 465 1908
 498 466 1909
 499 467 1910
 500 468 1911
 501 469 1912
 502 470 1913
 503 471 1914
 504 472 1915
 505 473 1916
 506 474 1917
 507 475 1918
 508 476 1919
 509 477 1920
 510 478 1921
 511 479 1922
 512 480 1923
 513 481 1924
 514 482 1925
 515 483 1926
 516 484 1927
 517 485 1928
 518 486 1929
 1392 1391 2824
 520 487 1930
 521 488 1931
 522 489 1932
 523 490 1933
 524 491 1934
 525 492 1935
 526 493 1936
 527 494 1937
 528 495 1938
 529 496 1939
 530 497 1940
 531 498 1941
 532 499 1942
 533 500 1943
 534 501 1944
 535 502 1945
 536 503 1946
 537 504 1947
 538 505 1948
 539 506 1949
 540 507 1950
 541 508 1951
 542 509 1952
 543 510 1953
 544 511 1954
 545 512 1955
 546 513 1956
 547 514 1957
 548 515 1958
 549 516 1959
 550 517 1960
 551 518 1961
 552 519 1962
 1393 520 1963
 553 521 1964
 554 522 1965
 555 523 1966
 556 524 1967
 557 525 1968
 558 526 1969
 559 527 1970
 560 528 1971
 561 529 1972
 562 530 1973
 563 531 1974
 564 532 1975
 565 533 1976
 566 534 1977
 567 535 1978
 568 536 1979
 569 537 1980
 570 538 1981
 571 539 1982
 572 540 1983
 573 541 1984
 574 542 1985
 575 543 1986
 576 544 1987
 577 545 1988
 578 546 1989
 579 547 1990
 580 548 1991
 581 549 1992
 582 550 1993
 583 551 1994
 584 552 1995
 1394 553 1996
 585 554 1997
 586 555 1998
 587 556 1999
 588 557 2000
 589 558 2001
 590 559 2002
 591 560 2003
 592 561 2004
 593 562 2005
 594 563 2006
 595 564 2007
 596 565 2008
 597 566 2009
 598 567 2010
 599 568 2011
 600 569 2012
 601 570 2013
 602 571 2014
 603 572 2015
 604 573 2016
 605 574 2017
 606 575 2018
 607 576 2019
 608 577 2020
 609 578 2021
 610 579 2022
 611 580 2023
 612 581 2024
 613 582 2025
 614 583 2026
 615 584 2027
 1395 585 2028
 616 586 2029
 617 587 2030
 618 588 2031
 619 589 2032
 620 590 2033
 621 591 2034
 622 592 2035
 623 593 2036
 624 594 2037
 625 595 2038
 626 596 2039
 627 597 2040
 628 598 2041
 629 599 2042
 630 600 2043
 631 601 2044
 632 602 2045
 633 603 2046
 634 604 2047
 635 605 2048
 636 606 2049
 637 607 2050
 638 608 2051
 639 609 2052
 640 610 2053
 641 611 2054
 642 612 2055
 643 613 2056
 644 614 2057
 645 615 2058
 1396 616 2059
 647 617 2060
 648 618 2061
 649 619 2062
 650 620 2063
 651 621 2064
 652 622 2065
 653 623 2066
 654 624 2067
 655 625 2068
 656 626 2069
 657 627 2070
 658 628 2071
 659 629 2072
 660 630 2073
 661 631 2074
 662 632 2075
 663 633 2076
 664 634 2077
 665 635 2078
 666 636 2079
 667 637 2080
 668 638 2081
 669 639 2082
 670 640 2083
 671 641 2084
 672 642 2085
 673 643 2086
 674 644 2087
 675 645 2088
 676 646 2089
 1397 647 2090
 677 648 2091
 678 649 2092
 679 650 2093
 680 651 2094
 681 652 2095
 682 653 2096
 683 654 2097
 684 655 2098
 685 656 2099
 686 657 2100
 687 658 2101
 688 659 2102
 689 660 2103
 690 661 2104
 691 662 2105
 692 663 2106
 693 664 2107
 694 665 2108
 695 666 2109
 696 667 2110
 697 668 2111
 698 669 2112
 699 670 2113
 700 671 2114
 701 672 2115
 702 673 2116
 703 674 2117
 704 675 2118
 705 676 2119
 1398 1397 2825
 706 677 2120
 707 678 2121
 708 679 2122
 709 680 2123
 710 681 2124
 711 682 2125
 712 683 2126
 713 684 2127
 714 685 2128
 715 686 2129
 716 687 2130
 717 688 2131
 718 689 2132
 719 690 2133
 720 691 2134
 721 692 2135
 722 693 2136
 723 694 2137
 724 695 2138
 725 696 2139
 726 697 2140
 727 698 2141
 728 699 2142
 729 700 2143
 730 701 2144
 731 702 2145
 732 703 2146
 733 704 2147
 734 705 2148
 1399 706 2149
 735 707 2150
 736 708 2151
 737 709 2152
 738 710 2153
 739 711 2154
 740 712 2155
 741 713 2156
 742 714 2157
 743 715 2158
 744 716 2159
 745 717 2160
 746 718 2161
 747 719 2162
 748 720 2163
 749 721 2164
 750 722 2165
 751 723 2166
 752 724 2167
 753 725 2168
 754 726 2169
 755 727 2170
 756 728 2171
 757 729 2172
 758 730 2173
 759 731 2174
 760 732 2175
 761 733 2176
 762 734 2177
 1400 735 2178
 764 736 2179
 765 737 2180
 766 738 2181
 767 739 2182
 768 740 2183
 769 741 2184
 770 742 2185
 771 743 2186
 772 744 2187
 773 745 2188
 774 746 2189
 775 747 2190
 776 748 2191
 777 749 2192
 778 750 2193
 779 751 2194
 780 752 2195
 781 753 2196
 782 754 2197
 783 755 2198
 784 756 2199
 785 757 2200
 786 758 2201
 787 759 2202
 788 760 2203
 789 761 2204
 790 762 2205
 791 763 2206
 1401 764 2207
 792 765 2208
 793 766 2209
 794 767 2210
 795 768 2211
 796 769 2212
 797 770 2213
 798 771 2214
 799 772 2215
 800 773 2216
 801 774 2217
 802 775 2218
 803 776 2219
 804 777 2220
 805 778 2221
 806 779 2222
 807 780 2223
 808 781 2224
 809 782 2225
 810 783 2226
 811 784 2227
 812 785 2228
 813 786 2229
 814 787 2230
 815 788 2231
 816 789 2232
 817 790 2233
 818 791 2234
 1402 792 2235
 819 793 2236
 820 794 2237
 821 795 2238
 822 796 2239
 823 797 2240
 824 798 2241
 825 799 2242
 826 800 2243
 827 801 2244
 828 802 2245
 829 803 2246
 830 804 2247
 831 805 2248
 832 806 2249
 833 807 2250
 834 808 2251
 835 809 2252
 836 810 2253
 837 811 2254
 838 812 2255
 839 813 2256
 840 814 2257
 841 815 2258
 842 816 2259
 843 817 2260
 844 818 2261
 1403 819 2262
 845 820 2263
 846 821 2264
 847 822 2265
 848 823 2266
 849 824 2267
 850 825 2268
 851 826 2269
 852 827 2270
 853 828 2271
 854 829 2272
 855 830 2273
 856 831 2274
 857 832 2275
 858 833 2276
 859 834 2277
 860 835 2278
 861 836 2279
 862 837 2280
 863 838 2281
 864 839 2282
 865 840 2283
 866 841 2284
 867 842 2285
 868 843 2286
 869 844 2287
 1404 1403 2826
 870 845 2288
 871 846 2289
 872 847 2290
 873 848 2291
 874 849 2292
 875 850 2293
 876 851 2294
 877 852 2295
 878 853 2296
 879 854 2297
 880 855 2298
 881 856 2299
 882 857 2300
 883 858 2301
 884 859 2302
 885 860 2303
 886 861 2304
 887 862 2305
 888 863 2306
 889 864 2307
 890 865 2308
 891 866 2309
 892 867 2310
 893 868 2311
 894 869 2312
 1405 870 2313
 896 871 2314
 897 872 2315
 898 873 2316
 899 874 2317
 900 875 2318
 901 876 2319
 902 877 2320
 903 878 2321
 904 879 2322
 905 880 2323
 906 881 2324
 907 882 2325
 908 883 2326
 909 884 2327
 910 885 2328
 911 886 2329
 912 887 2330
 913 888 2331
 914 889 2332
 915 890 2333
 916 891 2334
 917 892 2335
 918 893 2336
 919 894 2337
 920 895 2338
 1406 896 2339
 921 897 2340
 922 898 2341
 923 899 2342
 924 900 2343
 925 901 2344
 926 902 2345
 927 903 2346
 928 904 2347
 929 905 2348
 930 906 2349
 931 907 2350
 932 908 2351
 933 909 2352
 934 910 2353
 935 911 2354
 936 912 2355
 937 913 2356
 938 914 2357
 939 915 2358
 940 916 2359
 941 917 2360
 942 918 2361
 943 919 2362
 944 920 2363
 1407 921 2364
 945 922 2365
 946 923 2366
 947 924 2367
 948 925 2368
 949 926 2369
 950 927 2370
 951 928 2371
 952 929 2372
 953 930 2373
 954 931 2374
 955 932 2375
 956 933 2376
 957 934 2377
 958 935 2378
 959 936 2379
 960 937 2380
 961 938 2381
 962 939 2382
 963 940 2383
 964 941 2384
 965 942 2385
 966 943 2386
 967 944 2387
 1408 945 2388
 968 946 2389
 969 947 2390
 970 948 2391
 971 949 2392
 972 950 2393
 973 951 2394
 974 952 2395
 975 953 2396
 976 954 2397
 977 955 2398
 978 956 2399
 979 957 2400
 980 958 2401
 981 959 2402
 982 960 2403
 983 961 2404
 984 962 2405
 985 963 2406
 986 964 2407
 987 965 2408
 988 966 2409
 989 967 2410
 1409 968 2411
 991 969 2412
 992 970 2413
 993 971 2414
 994 972 2415
 995 973 2416
 996 974 2417
 997 975 2418
 998 976 2419
 999 977 2420
 1000 978 2421
 1001 979 2422
 1002 980 2423
 1003 981 2424
 1004 982 2425
 1005 983 2426
 1006 984 2427
 1007 985 2428
 1008 986 2429
 1009 987 2430
 1010 988 2431
 1011 989 2432
 1012 990 2433
 1013 991 2434
 1014 992 2435
 1015 993 2436
 1016 994 2437
 1017 995 2438
 1018 996 2439
 1019 997 2440
 1020 998 2441
 1021 999 2442
 1022 1000 2443
 1023 1001 2444
 1024 1002 2445
 1025 1003 2446
 1026 1004 2447
 1027 1005 2448
 1028 1006 2449
 1029 1007 2450
 1030 1008 2451
 1031 1009 2452
 1032 1010 2453
 1033 1011 2454
 1034 1012 2455
 1410 1013 2456
 1035 1014 2457
 1036 1015 2458
 1037 1016 2459
 1038 1017 2460
 1039 1018 2461
 1040 1019 2462
 1041 1020 2463
 1042 1021 2464
 1043 1022 2465
 1044 1023 2466
 1045 1024 2467
 1046 1025 2468
 1047 1026 2469
 1048 1027 2470
 1049 1028 2471
 1050 1029 2472
 1051 1030 2473
 1052 1031 2474
 1053 1032 2475
 1054 1033 2476
 1055 1034 2477
 1411 1035 2478
 1056 1036 2479
 1057 1037 2480
 1058 1038 2481
 1059 1039 2482
 1060 1040 2483
 1061 1041 2484
 1062 1042 2485
 1063 1043 2486
 1064 1044 2487
 1065 1045 2488
 1066 1046 2489
 1067 1047 2490
 1068 1048 2491
 1069 1049 2492
 1070 1050 2493
 1071 1051 2494
 1072 1052 2495
 1073 1053 2496
 1074 1054 2497
 1075 1055 2498
 1412 1056 2499
 1077 1057 2500
 1078 1058 2501
 1079 1059 2502
 1080 1060 2503
 1081 1061 2504
 1082 1062 2505
 1083 1063 2506
 1084 1064 2507
 1085 1065 2508
 1086 1066 2509
 1087 1067 2510
 1088 1068 2511
 1089 1069 2512
 1090 1070 2513
 1091 1071 2514
 1092 1072 2515
 1093 1073 2516
 1094 1074 2517
 1095 1075 2518
 1096 1076 2519
 1413 1077 2520
 1097 1078 2521
 1098 1079 2522
 1099 1080 2523
 1100 1081 2524
 1101 1082 2525
 1102 1083 2526
 1103 1084 2527
 1104 1085 2528
 1105 1086 2529
 1106 1087 2530
 1107 1088 2531
 1108 1089 2532
 1109 1090 2533
 1110 1091 2534
 1111 1092 2535
 1112 1093 2536
 1113 1094 2537
 1114 1095 2538
 1115 1096 2539
 1414 1097 2540
 1116 1098 2541
 1117 1099 2542
 1118 1100 2543
 1119 1101 2544
 1120 1102 2545
 1121 1103 2546
 1122 1104 2547
 1123 1105 2548
 1124 1106 2549
 1125 1107 2550
 1126 1108 2551
 1127 1109 2552
 1128 1110 2553
 1129 1111 2554
 1130 1112 2555
 1131 1113 2556
 1132 1114 2557
 1133 1115 2558
 1134 1116 2559
 1135 1117 2560
 1136 1118 2561
 1137 1119 2562
 1138 1120 2563
 1139 1121 2564
 1140 1122 2565
 1141 1123 2566
 1142 1124 2567
 1143 1125 2568
 1144 1126 2569
 1145 1127 2570
 1146 1128 2571
 1147 1129 2572
 1148 1130 2573
 1149 1131 2574
 1150 1132 2575
 1151 1133 2576
 1415 1134 2577
 1153 1135 2578
 1154 1136 2579
 1155 1137 2580
 1156 1138 2581
 1157 1139 2582
 1158 1140 2583
 1159 1141 2584
 1160 1142 2585
 1161 1143 2586
 1162 1144 2587
 1163 1145 2588
 1164 1146 2589
 1165 1147 2590
 1166 1148 2591
 1167 1149 2592
 1168 1150 2593
 1169 1151 2594
 1170 1152 2595
 1416 1153 2596
 1171 1154 2597
 1172 1155 2598
 1173 1156 2599
 1174 1157 2600
 1175 1158 2601
 1176 1159 2602
 1177 1160 2603
 1178 1161 2604
 1179 1162 2605
 1180 1163 2606
 1181 1164 2607
 1182 1165 2608
 1183 1166 2609
 1184 1167 2610
 1185 1168 2611
 1186 1169 2612
 1187 1170 2613
 1417 1171 2614
 1188 1172 2615
 1189 1173 2616
 1190 1174 2617
 1191 1175 2618
 1192 1176 2619
 1193 1177 2620
 1194 1178 2621
 1195 1179 2622
 1196 1180 2623
 1197 1181 2624
 1198 1182 2625
 1199 1183 2626
 1200 1184 2627
 1201 1185 2628
 1202 1186 2629
 1203 1187 2630
 1418 1188 2631
 1204 1189 2632
 1205 1190 2633
 1206 1191 2634
 1207 1192 2635
 1208 1193 2636
 1209 1194 2637
 1210 1195 2638
 1211 1196 2639
 1212 1197 2640
 1213 1198 2641
 1214 1199 2642
 1215 1200 2643
 1216 1201 2644
 1217 1202 2645
 1218 1203 2646
 1419 1204 2647
 1219 1205 2648
 1220 1206 2649
 1221 1207 2650
 1222 1208 2651
 1223 1209 2652
 1224 1210 2653
 1225 1211 2654
 1226 1212 2655
 1227 1213 2656
 1228 1214 2657
 1229 1215 2658
 1230 1216 2659
 1231 1217 2660
 1232 1218 2661
 1420 1219 2662
 1234 1220 2663
 1235 1221 2664
 1236 1222 2665
 1237 1223 2666
 1238 1224 2667
 1239 1225 2668
 1240 1226 2669
 1241 1227 2670
 1242 1228 2671
 1243 1229 2672
 1244 1230 2673
 1245 1231 2674
 1246 1232 2675
 1247 1233 2676
 1421 1420 2827
 1248 1234 2677
 1249 1235 2678
 1250 1236 2679
 1251 1237 2680
 1252 1238 2681
 1253 1239 2682
 1254 1240 2683
 1255 1241 2684
 1256 1242 2685
 1257 1243 2686
 1258 1244 2687
 1259 1245 2688
 1260 1246 2689
 1261 1247 2690
 1422 1248 2691
 1262 1249 2692
 1263 1250 2693
 1264 1251 2694
 1265 1252 2695
 1266 1253 2696
 1267 1254 2697
 1268 1255 2698
 1269 1256 2699
 1270 1257 2700
 1271 1258 2701
 1272 1259 2702
 1273 1260 2703
 1274 1261 2704
 1423 1262 2705
 1275 1263 2706
 1276 1264 2707
 1277 1265 2708
 1278 1266 2709
 1279 1267 2710
 1280 1268 2711
 1281 1269 2712
 1282 1270 2713
 1283 1271 2714
 1284 1272 2715
 1285 1273 2716
 1286 1274 2717
 1424 1275 2718
 1288 1276 2719
 1289 1277 2720
 1290 1278 2721
 1291 1279 2722
 1292 1280 2723
 1293 1281 2724
 1294 1282 2725
 1295 1283 2726
 1296 1284 2727
 1297 1285 2728
 1298 1286 2729
 1299 1287 2730
 1425 1288 2731
 1300 1289 2732
 1301 1290 2733
 1302 1291 2734
 1303 1292 2735
 1304 1293 2736
 1305 1294 2737
 1306 1295 2738
 1307 1296 2739
 1308 1297 2740
 1309 1298 2741
 1310 1299 2742
 1426 1300 2743
 1311 1301 2744
 1312 1302 2745
 1313 1303 2746
 1314 1304 2747
 1315 1305 2748
 1316 1306 2749
 1317 1307 2750
 1318 1308 2751
 1319 1309 2752
 1320 1310 2753
 1427 1426 2828
 1321 1311 2754
 1322 1312 2755
 1323 1313 2756
 1324 1314 2757
 1325 1315 2758
 1326 1316 2759
 1327 1317 2760
 1328 1318 2761
 1329 1319 2762
 1330 1320 2763
 1428 1321 2764
 1332 1322 2765
 1333 1323 2766
 1334 1324 2767
 1335 1325 2768
 1336 1326 2769
 1337 1327 2770
 1338 1328 2771
 1339 1329 2772
 1340 1330 2773
 1341 1331 2774
 1429 1332 2775
 1342 1333 2776
 1343 1334 2777
 1344 1335 2778
 1345 1336 2779
 1346 1337 2780
 1347 1338 2781
 1348 1339 2782
 1349 1340 2783
 1350 1341 2784
 1430 1342 2785
 1351 1343 2786
 1352 1344 2787
 1353 1345 2788
 1354 1346 2789
 1355 1347 2790
 1356 1348 2791
 1357 1349 2792
 1358 1350 2793
 1431 1351 2794
 1359 1352 2795
 1360 1353 2796
 1361 1354 2797
 1362 1355 2798
 1363 1356 2799
 1364 1357 2800
 1365 1358 2801
 1432 1359 2802
 1366 1360 2803
 1367 1361 2804
 1368 1362 2805
 1369 1363 2806
 1370 1364 2807
 1371 1365 2808
 1373 1366 2809
 1374 1367 2810
 1375 1368 2811
 1376 1369 2812
 1377 1370 2813
 1378 1371 2814
 1379 1372 2815
 1433 1373 2816
 1434 1379 2822
 1435 1380 1443
 1380 1 2829
 1 2 2830
 2 3 2831
 3 4 2832
 4 5 2833
 5 6 2834
 6 7 2835
 7 8 2836
 8 9 2837
 9 10 2838
 10 11 2839
 11 12 2840
 12 13 2841
 13 14 2842
 14 15 2843
 15 16 2844
 16 17 2845
 17 18 2846
 18 19 2847
 19 20 2848
 20 21 2849
 21 22 2850
 22 23 2851
 23 24 2852
 24 25 2853
 25 26 2854
 26 27 2855
 27 28 2856
 28 29 2857
 29 30 2858
 30 31 2859
 31 32 2860
 32 33 2861
 33 34 2862
 34 35 2863
 35 36 2864
 36 37 2865
 37 38 2866
 38 39 2867
 39 40 2823
 40 41 2868
 1436 42 1444
 42 43 1445
 43 44 1446
 44 45 1447
 45 46 1448
 46 47 1449
 47 48 1450
 48 49 1451
 49 50 1452
 50 51 1453
 51 52 1454
 52 53 1455
 53 54 1456
 54 55 1457
 55 56 1458
 56 57 1459
 57 58 1460
 58 59 1461
 59 60 1462
 60 61 1463
 61 62 1464
 62 63 1465
 63 64 1466
 64 65 1467
 65 66 1468
 66 67 1469
 67 68 1470
 68 69 1471
 69 70 1472
 70 71 1473
 71 72 1474
 72 73 1475
 73 74 1476
 74 75 1477
 75 76 1478
 76 77 1479
 77 78 1480
 78 79 1481
 79 80 1482
 80 81 1483
 81 82 1484
 1381 83 1486
 83 84 1487
 84 85 1488
 85 86 1489
 86 87 1490
 87 88 1491
 88 89 1492
 89 90 1493
 90 91 1494
 91 92 1495
 92 93 1496
 93 94 1497
 94 95 1498
 95 96 1499
 96 97 1500
 97 98 1501
 98 99 1502
 99 100 1503
 100 101 1504
 101 102 1505
 102 103 1506
 103 104 1507
 104 105 1508
 105 106 1509
 106 107 1510
 107 108 1511
 108 109 1512
 109 110 1513
 110 111 1514
 111 112 1515
 112 113 1516
 113 114 1517
 114 115 1518
 115 116 1519
 116 117 1520
 117 118 1521
 118 119 1522
 119 120 1523
 120 121 1524
 121 122 1525
 1382 123 1527
 123 124 1528
 124 125 1529
 125 126 1530
 126 127 1531
 127 128 1532
 128 129 1533
 129 130 1534
 130 131 1535
 131 132 1536
 132 133 1537
 133 134 1538
 134 135 1539
 135 136 1540
 136 137 1541
 137 138 1542
 138 139 1543
 139 140 1544
 140 141 1545
 141 142 1546
 142 143 1547
 143 144 1548
 144 145 1549
 145 146 1550
 146 147 1551
 147 148 1552
 148 149 1553
 149 150 1554
 150 151 1555
 151 152 1556
 152 153 1557
 153 154 1558
 154 155 1559
 155 156 1560
 156 157 1561
 157 158 1562
 158 159 1563
 159 160 1564
 160 161 1565
 1383 162 1567
 162 163 1568
 163 164 1569
 164 165 1570
 165 166 1571
 166 167 1572
 167 168 1573
 168 169 1574
 169 170 1575
 170 171 1576
 171 172 1577
 172 173 1578
 173 174 1579
 174 175 1580
 175 176 1581
 176 177 1582
 177 178 1583
 178 179 1584
 179 180 1585
 180 181 1586
 181 182 1587
 182 183 1588
 183 184 1589
 184 185 1590
 185 186 1591
 186 187 1592
 187 188 1593
 188 189 1594
 189 190 1595
 190 191 1596
 191 192 1597
 192 193 1598
 193 194 1599
 194 195 1600
 195 196 1601
 196 197 1602
 197 198 1603
 198 199 1604
 199 200 2869
 1384 201 1606
 201 202 1607
 202 203 1608
 203 204 1609
 204 205 1610
 205 206 1611
 206 207 1612
 207 208 1613
 208 209 1614
 209 210 1615
 210 211 1616
 211 212 1617
 212 213 1618
 213 214 1619
 214 215 1620
 215 216 1621
 216 217 1622
 217 218 1623
 218 219 1624
 219 220 1625
 220 221 1626
 221 222 1627
 222 223 1628
 223 224 1629
 224 225 1630
 225 226 1631
 226 227 1632
 227 228 1633
 228 229 1634
 229 230 1635
 230 231 1636
 231 232 1637
 232 233 1638
 233 234 1639
 234 235 1640
 235 236 1641
 236 237 1642
 237 238 1643
 1385 239 1645
 239 240 1646
 240 241 1647
 241 242 1648
 242 243 1649
 243 244 1650
 244 245 1651
 245 246 1652
 246 247 1653
 247 248 1654
 248 249 1655
 249 250 1656
 250 251 1657
 251 252 1658
 252 253 1659
 253 254 1660
 254 255 1661
 255 256 1662
 256 257 1663
 257 258 1664
 258 259 1665
 259 260 1666
 260 261 1667
 261 262 1668
 262 263 1669
 263 264 1670
 264 265 1671
 265 266 1672
 266 267 1673
 267 268 1674
 268 269 1675
 269 270 1676
 270 271 1677
 271 272 1678
 272 273 1679
 273 274 1680
 274 275 1681
 1437 276 1682
 276 277 1683
 277 278 1684
 278 279 1685
 279 280 1686
 280 281 1687
 281 282 1688
 282 283 1689
 283 284 1690
 284 285 1691
 285 286 1692
 286 287 1693
 287 288 1694
 288 289 1695
 289 290 1696
 290 291 1697
 291 292 1698
 292 293 1699
 293 294 1700
 294 295 1701
 295 296 1702
 296 297 1703
 297 298 1704
 298 299 1705
 299 300 1706
 300 301 1707
 301 302 1708
 302 303 1709
 303 304 1710
 304 305 1711
 305 306 1712
 306 307 1713
 307 308 1714
 308 309 1715
 309 310 1716
 310 311 1717
 311 312 1718
 1386 313 1720
 313 314 1721
 314 315 1722
 315 316 1723
 316 317 1724
 317 318 1725
 318 319 1726
 319 320 1727
 320 321 1728
 321 322 1729
 322 323 1730
 323 324 1731
 324 325 1732
 325 326 1733
 326 327 1734
 327 328 1735
 328 329 1736
 329 330 1737
 330 331 1738
 331 332 1739
 332 333 1740
 333 334 1741
 334 335 1742
 335 336 1743
 336 337 1744
 337 338 1745
 338 339 1746
 339 340 1747
 340 341 1748
 341 342 1749
 342 343 1750
 343 344 1751
 344 345 1752
 345 346 1753
 346 347 1754
 347 348 1755
 1387 349 1757
 349 350 1758
 350 351 1759
 351 352 1760
 352 353 1761
 353 354 1762
 354 355 1763
 355 356 1764
 356 357 1765
 357 358 1766
 358 359 1767
 359 360 1768
 360 361 1769
 361 362 1770
 362 363 1771
 363 364 1772
 364 365 1773
 365 366 1774
 366 367 1775
 367 368 1776
 368 369 1777
 369 370 1778
 370 371 1779
 371 372 1780
 372 373 1781
 373 374 1782
 374 375 1783
 375 376 1784
 376 377 1785
 377 378 1786
 378 379 1787
 379 380 1788
 380 381 1789
 381 382 1790
 382 383 1791
 383 384 2870
 1388 385 1793
 385 386 1794
 386 387 1795
 387 388 1796
 388 389 1797
 389 390 1798
 390 391 1799
 391 392 1800
 392 393 1801
 393 394 1802
 394 395 1803
 395 396 1804
 396 397 1805
 397 398 1806
 398 399 1807
 399 400 1808
 400 401 1809
 401 402 1810
 402 403 1811
 403 404 1812
 404 405 1813
 405 406 1814
 406 407 1815
 407 408 1816
 408 409 1817
 409 410 1818
 410 411 1819
 411 412 1820
 412 413 1821
 413 414 1822
 414 415 1823
 415 416 1824
 416 417 1825
 417 418 1826
 418 419 1827
 1389 420 1829
 420 421 1830
 421 422 1831
 422 423 1832
 423 424 1833
 424 425 1834
 425 426 1835
 426 427 1836
 427 428 1837
 428 429 1838
 429 430 1839
 430 431 1840
 431 432 1841
 432 433 1842
 433 434 1843
 434 435 1844
 435 436 1845
 436 437 1846
 437 438 1847
 438 439 1848
 439 440 1849
 440 441 1850
 441 442 1851
 442 443 1852
 443 444 1853
 444 445 1854
 445 446 1855
 446 447 1856
 447 448 1857
 448 449 1858
 449 450 1859
 450 451 1860
 451 452 1861
 452 453 1862
 1390 454 1864
 454 455 1865
 455 456 1866
 456 457 1867
 457 458 1868
 458 459 1869
 459 460 1870
 460 461 1871
 461 462 1872
 462 463 1873
 463 464 1874
 464 465 1875
 465 466 1876
 466 467 1877
 467 468 1878
 468 469 1879
 469 470 1880
 470 471 1881
 471 472 1882
 472 473 1883
 473 474 1884
 474 475 1885
 475 476 1886
 476 477 1887
 477 478 1888
 478 479 1889
 479 480 1890
 480 481 1891
 481 482 1892
 482 483 1893
 483 484 1894
 484 485 1895
 485 486 1896
 1391 487 1898
 487 488 1899
 488 489 1900
 489 490 1901
 490 491 1902
 491 492 1903
 492 493 1904
 493 494 1905
 494 495 1906
 495 496 1907
 496 497 1908
 497 498 1909
 498 499 1910
 499 500 1911
 500 501 1912
 501 502 1913
 502 503 1914
 503 504 1915
 504 505 1916
 505 506 1917
 506 507 1918
 507 508 1919
 508 509 1920
 509 510 1921
 510 511 1922
 511 512 1923
 512 513 1924
 513 514 1925
 514 515 1926
 515 516 1927
 516 517 1928
 517 518 1929
 518 519 2871
 1392 520 1930
 520 521 1931
 521 522 1932
 522 523 1933
 523 524 1934
 524 525 1935
 525 526 1936
 526 527 1937
 527 528 1938
 528 529 1939
 529 530 1940
 530 531 1941
 531 532 1942
 532 533 1943
 533 534 1944
 534 535 1945
 535 536 1946
 536 537 1947
 537 538 1948
 538 539 1949
 539 540 1950
 540 541 1951
 541 542 1952
 542 543 1953
 543 544 1954
 544 545 1955
 545 546 1956
 546 547 1957
 547 548 1958
 548 549 1959
 549 550 1960
 550 551 1961
 551 552 1962
 1393 553 1964
 553 554 1965
 554 555 1966
 555 556 1967
 556 557 1968
 557 558 1969
 558 559 1970
 559 560 1971
 560 561 1972
 561 562 1973
 562 563 1974
 563 564 1975
 564 565 1976
 565 566 1977
 566 567 1978
 567 568 1979
 568 569 1980
 569 570 1981
 570 571 1982
 571 572 1983
 572 573 1984
 573 574 1985
 574 575 1986
 575 576 1987
 576 577 1988
 577 578 1989
 578 579 1990
 579 580 1991
 580 581 1992
 581 582 1993
 582 583 1994
 583 584 1995
 1394 585 1997
 585 586 1998
 586 587 1999
 587 588 2000
 588 589 2001
 589 590 2002
 590 591 2003
 591 592 2004
 592 593 2005
 593 594 2006
 594 595 2007
 595 596 2008
 596 597 2009
 597 598 2010
 598 599 2011
 599 600 2012
 600 601 2013
 601 602 2014
 602 603 2015
 603 604 2016
 604 605 2017
 605 606 2018
 606 607 2019
 607 608 2020
 608 609 2021
 609 610 2022
 610 611 2023
 611 612 2024
 612 613 2025
 613 614 2026
 614 615 2027
 1395 616 2029
 616 617 2030
 617 618 2031
 618 619 2032
 619 620 2033
 620 621 2034
 621 622 2035
 622 623 2036
 623 624 2037
 624 625 2038
 625 626 2039
 626 627 2040
 627 628 2041
 628 629 2042
 629 630 2043
 630 631 2044
 631 632 2045
 632 633 2046
 633 634 2047
 634 635 2048
 635 636 2049
 636 637 2050
 637 638 2051
 638 639 2052
 639 640 2053
 640 641 2054
 641 642 2055
 642 643 2056
 643 644 2057
 644 645 2058
 645 646 2872
 1396 647 2060
 647 648 2061
 648 649 2062
 649 650 2063
 650 651 2064
 651 652 2065
 652 653 2066
 653 654 2067
 654 655 2068
 655 656 2069
 656 657 2070
 657 658 2071
 658 659 2072
 659 660 2073
 660 661 2074
 661 662 2075
 662 663 2076
 663 664 2077
 664 665 2078
 665 666 2079
 666 667 2080
 667 668 2081
 668 669 2082
 669 670 2083
 670 671 2084
 671 672 2085
 672 673 2086
 673 674 2087
 674 675 2088
 675 676 2089
 1397 677 2091
 677 678 2092
 678 679 2093
 679 680 2094
 680 681 2095
 681 682 2096
 682 683 2097
 683 684 2098
 684 685 2099
 685 686 2100
 686 687 2101
 687 688 2102
 688 689 2103
 689 690 2104
 690 691 2105
 691 692 2106
 692 693 2107
 693 694 2108
 694 695 2109
 695 696 2110
 696 697 2111
 697 698 2112
 698 699 2113
 699 700 2114
 700 701 2115
 701 702 2116
 702 703 2117
 703 704 2118
 704 705 2119
 1398 706 2120
 706 707 2121
 707 708 2122
 708 709 2123
 709 710 2124
 710 711 2125
 711 712 2126
 712 713 2127
 713 714 2128
 714 715 2129
 715 716 2130
 716 717 2131
 717 718 2132
 718 719 2133
 719 720 2134
 720 721 2135
 721 722 2136
 722 723 2137
 723 724 2138
 724 725 2139
 725 726 2140
 726 727 2141
 727 728 2142
 728 729 2143
 729 730 2144
 730 731 2145
 731 732 2146
 732 733 2147
 733 734 2148
 1399 735 2150
 735 736 2151
 736 737 2152
 737 738 2153
 738 739 2154
 739 740 2155
 740 741 2156
 741 742 2157
 742 743 2158
 743 744 2159
 744 745 2160
 745 746 2161
 746 747 2162
 747 748 2163
 748 749 2164
 749 750 2165
 750 751 2166
 751 752 2167
 752 753 2168
 753 754 2169
 754 755 2170
 755 756 2171
 756 757 2172
 757 758 2173
 758 759 2174
 759 760 2175
 760 761 2176
 761 762 2177
 762 763 2873
 1400 764 2179
 764 765 2180
 765 766 2181
 766 767 2182
 767 768 2183
 768 769 2184
 769 770 2185
 770 771 2186
 771 772 2187
 772 773 2188
 773 774 2189
 774 775 2190
 775 776 2191
 776 777 2192
 777 778 2193
 778 779 2194
 779 780 2195
 780 781 2196
 781 782 2197
 782 783 2198
 783 784 2199
 784 785 2200
 785 786 2201
 786 787 2202
 787 788 2203
 788 789 2204
 789 790 2205
 790 791 2206
 1401 792 2208
 792 793 2209
 793 794 2210
 794 795 2211
 795 796 2212
 796 797 2213
 797 798 2214
 798 799 2215
 799 800 2216
 800 801 2217
 801 802 2218
 802 803 2219
 803 804 2220
 804 805 2221
 805 806 2222
 806 807 2223
 807 808 2224
 808 809 2225
 809 810 2226
 810 811 2227
 811 812 2228
 812 813 2229
 813 814 2230
 814 815 2231
 815 816 2232
 816 817 2233
 817 818 2234
 1402 819 2236
 819 820 2237
 820 821 2238
 821 822 2239
 822 823 2240
 823 824 2241
 824 825 2242
 825 826 2243
 826 827 2244
 827 828 2245
 828 829 2246
 829 830 2247
 830 831 2248
 831 832 2249
 832 833 2250
 833 834 2251
 834 835 2252
 835 836 2253
 836 837 2254
 837 838 2255
 838 839 2256
 839 840 2257
 840 841 2258
 841 842 2259
 842 843 2260
 843 844 2261
 1403 845 2263
 845 846 2264
 846 847 2265
 847 848 2266
 848 849 2267
 849 850 2268
 850 851 2269
 851 852 2270
 852 853 2271
 853 854 2272
 854 855 2273
 855 856 2274
 856 857 2275
 857 858 2276
 858 859 2277
 859 860 2278
 860 861 2279
 861 862 2280
 862 863 2281
 863 864 2282
 864 865 2283
 865 866 2284
 866 867 2285
 867 868 2286
 868 869 2287
 1404 870 2288
 870 871 2289
 871 872 2290
 872 873 2291
 873 874 2292
 874 875 2293
 875 876 2294
 876 877 2295
 877 878 2296
 878 879 2297
 879 880 2298
 880 881 2299
 881 882 2300
 882 883 2301
 883 884 2302
 884 885 2303
 885 886 2304
 886 887 2305
 887 888 2306
 888 889 2307
 889 890 2308
 890 891 2309
 891 892 2310
 892 893 2311
 893 894 2312
 894 895 2874
 1405 896 2314
 896 897 2315
 897 898 2316
 898 899 2317
 899 900 2318
 900 901 2319
 901 902 2320
 902 903 2321
 903 904 2322
 904 905 2323
 905 906 2324
 906 907 2325
 907 908 2326
 908 909 2327
 909 910 2328
 910 911 2329
 911 912 2330
 912 913 2331
 913 914 2332
 914 915 2333
 915 916 2334
 916 917 2335
 917 918 2336
 918 919 2337
 919 920 2338
 1406 921 2340
 921 922 2341
 922 923 2342
 923 924 2343
 924 925 2344
 925 926 2345
 926 927 2346
 927 928 2347
 928 929 2348
 929 930 2349
 930 931 2350
 931 932 2351
 932 933 2352
 933 934 2353
 934 935 2354
 935 936 2355
 936 937 2356
 937 938 2357
 938 939 2358
 939 940 2359
 940 941 2360
 941 942 2361
 942 943 2362
 943 944 2363
 1407 945 2365
 945 946 2366
 946 947 2367
 947 948 2368
 948 949 2369
 949 950 2370
 950 951 2371
 951 952 2372
 952 953 2373
 953 954 2374
 954 955 2375
 955 956 2376
 956 957 2377
 957 958 2378
 958 959 2379
 959 960 2380
 960 961 2381
 961 962 2382
 962 963 2383
 963 964 2384
 964 965 2385
 965 966 2386
 966 967 2387
 1408 968 2389
 968 969 2390
 969 970 2391
 970 971 2392
 971 972 2393
 972 973 2394
 973 974 2395
 974 975 2396
 975 976 2397
 976 977 2398
 977 978 2399
 978 979 2400
 979 980 2401
 980 981 2402
 981 982 2403
 982 983 2404
 983 984 2405
 984 985 2406
 985 986 2407
 986 987 2408
 987 988 2409
 988 989 2410
 989 990 2875
 1409 991 2412
 991 992 2413
 992 993 2414
 993 994 2415
 994 995 2416
 995 996 2417
 996 997 2418
 997 998 2419
 998 999 2420
 999 1000 2421
 1000 1001 2422
 1001 1002 2423
 1002 1003 2424
 1003 1004 2425
 1004 1005 2426
 1005 1006 2427
 1006 1007 2428
 1007 1008 2429
 1008 1009 2430
 1009 1010 2431
 1010 1011 2432
 1011 1012 2433
 1438 1013 2434
 1013 1014 2435
 1014 1015 2436
 1015 1016 2437
 1016 1017 2438
 1017 1018 2439
 1018 1019 2440
 1019 1020 2441
 1020 1021 2442
 1021 1022 2443
 1022 1023 2444
 1023 1024 2445
 1024 1025 2446
 1025 1026 2447
 1026 1027 2448
 1027 1028 2449
 1028 1029 2450
 1029 1030 2451
 1030 1031 2452
 1031 1032 2453
 1032 1033 2454
 1033 1034 2455
 1410 1035 2457
 1035 1036 2458
 1036 1037 2459
 1037 1038 2460
 1038 1039 2461
 1039 1040 2462
 1040 1041 2463
 1041 1042 2464
 1042 1043 2465
 1043 1044 2466
 1044 1045 2467
 1045 1046 2468
 1046 1047 2469
 1047 1048 2470
 1048 1049 2471
 1049 1050 2472
 1050 1051 2473
 1051 1052 2474
 1052 1053 2475
 1053 1054 2476
 1054 1055 2477
 1411 1056 2479
 1056 1057 2480
 1057 1058 2481
 1058 1059 2482
 1059 1060 2483
 1060 1061 2484
 1061 1062 2485
 1062 1063 2486
 1063 1064 2487
 1064 1065 2488
 1065 1066 2489
 1066 1067 2490
 1067 1068 2491
 1068 1069 2492
 1069 1070 2493
 1070 1071 2494
 1071 1072 2495
 1072 1073 2496
 1073 1074 2497
 1074 1075 2498
 1075 1076 2876
 1412 1077 2500
 1077 1078 2501
 1078 1079 2502
 1079 1080 2503
 1080 1081 2504
 1081 1082 2505
 1082 1083 2506
 1083 1084 2507
 1084 1085 2508
 1085 1086 2509
 1086 1087 2510
 1087 1088 2511
 1088 1089 2512
 1089 1090 2513
 1090 1091 2514
 1091 1092 2515
 1092 1093 2516
 1093 1094 2517
 1094 1095 2518
 1095 1096 2519
 1413 1097 2521
 1097 1098 2522
 1098 1099 2523
 1099 1100 2524
 1100 1101 2525
 1101 1102 2526
 1102 1103 2527
 1103 1104 2528
 1104 1105 2529
 1105 1106 2530
 1106 1107 2531
 1107 1108 2532
 1108 1109 2533
 1109 1110 2534
 1110 1111 2535
 1111 1112 2536
 1112 1113 2537
 1113 1114 2538
 1114 1115 2539
 1414 1116 2541
 1116 1117 2542
 1117 1118 2543
 1118 1119 2544
 1119 1120 2545
 1120 1121 2546
 1121 1122 2547
 1122 1123 2548
 1123 1124 2549
 1124 1125 2550
 1125 1126 2551
 1126 1127 2552
 1127 1128 2553
 1128 1129 2554
 1129 1130 2555
 1130 1131 2556
 1131 1132 2557
 1132 1133 2558
 1439 1134 2559
 1134 1135 2560
 1135 1136 2561
 1136 1137 2562
 1137 1138 2563
 1138 1139 2564
 1139 1140 2565
 1140 1141 2566
 1141 1142 2567
 1142 1143 2568
 1143 1144 2569
 1144 1145 2570
 1145 1146 2571
 1146 1147 2572
 1147 1148 2573
 1148 1149 2574
 1149 1150 2575
 1150 1151 2576
 1151 1152 2877
 1415 1153 2578
 1153 1154 2579
 1154 1155 2580
 1155 1156 2581
 1156 1157 2582
 1157 1158 2583
 1158 1159 2584
 1159 1160 2585
 1160 1161 2586
 1161 1162 2587
 1162 1163 2588
 1163 1164 2589
 1164 1165 2590
 1165 1166 2591
 1166 1167 2592
 1167 1168 2593
 1168 1169 2594
 1169 1170 2595
 1416 1171 2597
 1171 1172 2598
 1172 1173 2599
 1173 1174 2600
 1174 1175 2601
 1175 1176 2602
 1176 1177 2603
 1177 1178 2604
 1178 1179 2605
 1179 1180 2606
 1180 1181 2607
 1181 1182 2608
 1182 1183 2609
 1183 1184 2610
 1184 1185 2611
 1185 1186 2612
 1186 1187 2613
 1417 1188 2615
 1188 1189 2616
 1189 1190 2617
 1190 1191 2618
 1191 1192 2619
 1192 1193 2620
 1193 1194 2621
 1194 1195 2622
 1195 1196 2623
 1196 1197 2624
 1197 1198 2625
 1198 1199 2626
 1199 1200 2627
 1200 1201 2628
 1201 1202 2629
 1202 1203 2630
 1418 1204 2632
 1204 1205 2633
 1205 1206 2634
 1206 1207 2635
 1207 1208 2636
 1208 1209 2637
 1209 1210 2638
 1210 1211 2639
 1211 1212 2640
 1212 1213 2641
 1213 1214 2642
 1214 1215 2643
 1215 1216 2644
 1216 1217 2645
 1217 1218 2646
 1419 1219 2648
 1219 1220 2649
 1220 1221 2650
 1221 1222 2651
 1222 1223 2652
 1223 1224 2653
 1224 1225 2654
 1225 1226 2655
 1226 1227 2656
 1227 1228 2657
 1228 1229 2658
 1229 1230 2659
 1230 1231 2660
 1231 1232 2661
 1232 1233 2878
 1420 1234 2663
 1234 1235 2664
 1235 1236 2665
 1236 1237 2666
 1237 1238 2667
 1238 1239 2668
 1239 1240 2669
 1240 1241 2670
 1241 1242 2671
 1242 1243 2672
 1243 1244 2673
 1244 1245 2674
 1245 1246 2675
 1246 1247 2676
 1421 1248 2677
 1248 1249 2678
 1249 1250 2679
 1250 1251 2680
 1251 1252 2681
 1252 1253 2682
 1253 1254 2683
 1254 1255 2684
 1255 1256 2685
 1256 1257 2686
 1257 1258 2687
 1258 1259 2688
 1259 1260 2689
 1260 1261 2690
 1422 1262 2692
 1262 1263 2693
 1263 1264 2694
 1264 1265 2695
 1265 1266 2696
 1266 1267 2697
 1267 1268 2698
 1268 1269 2699
 1269 1270 2700
 1270 1271 2701
 1271 1272 2702
 1272 1273 2703
 1273 1274 2704
 1423 1275 2706
 1275 1276 2707
 1276 1277 2708
 1277 1278 2709
 1278 1279 2710
 1279 1280 2711
 1280 1281 2712
 1281 1282 2713
 1282 1283 2714
 1283 1284 2715
 1284 1285 2716
 1285 1286 2717
 1286 1287 2879
 1424 1288 2719
 1288 1289 2720
 1289 1290 2721
 1290 1291 2722
 1291 1292 2723
 1292 1293 2724
 1293 1294 2725
 1294 1295 2726
 1295 1296 2727
 1296 1297 2728
 1297 1298 2729
 1298 1299 2730
 1425 1300 2732
 1300 1301 2733
 1301 1302 2734
 1302 1303 2735
 1303 1304 2736
 1304 1305 2737
 1305 1306 2738
 1306 1307 2739
 1307 1308 2740
 1308 1309 2741
 1309 1310 2742
 1426 1311 2744
 1311 1312 2745
 1312 1313 2746
 1313 1314 2747
 1314 1315 2748
 1315 1316 2749
 1316 1317 2750
 1317 1318 2751
 1318 1319 2752
 1319 1320 2753
 1427 1321 2754
 1321 1322 2755
 1322 1323 2756
 1323 1324 2757
 1324 1325 2758
 1325 1326 2759
 1326 1327 2760
 1327 1328 2761
 1328 1329 2762
 1329 1330 2763
 1330 1331 2880
 1428 1332 2765
 1332 1333 2766
 1333 1334 2767
 1334 1335 2768
 1335 1336 2769
 1336 1337 2770
 1337 1338 2771
 1338 1339 2772
 1339 1340 2773
 1340 1341 2774
 1429 1342 2776
 1342 1343 2777
 1343 1344 2778
 1344 1345 2779
 1345 1346 2780
 1346 1347 2781
 1347 1348 2782
 1348 1349 2783
 1349 1350 2784
 1430 1351 2786
 1351 1352 2787
 1352 1353 2788
 1353 1354 2789
 1354 1355 2790
 1355 1356 2791
 1356 1357 2792
 1357 1358 2793
 1431 1359 2795
 1359 1360 2796
 1360 1361 2797
 1361 1362 2798
 1362 1363 2799
 1363 1364 2800
 1364 1365 2801
 1432 1366 2803
 1366 1367 2804
 1367 1368 2805
 1368 1369 2806
 1369 1370 2807
 1370 1371 2808
 1371 1372 2881
 1440 1373 2809
 1373 1374 2810
 1374 1375 2811
 1375 1376 2812
 1376 1377 2813
 1377 1378 2814
 1378 1379 2815
 1441 1435 1443
 0 1380 2829
 1442 40 2868
 1380 1436 1444
 1 42 1445
 2 43 1446
 3 44 1447
 4 45 1448
 5 46 1449
 6 47 1450
 7 48 1451
 8 49 1452
 9 50 1453
 10 51 1454
 11 52 1455
 12 53 1456
 13 54 1457
 14 55 1458
 15 56 1459
 16 57 1460
 17 58 1461
 18 59 1462
 19 60 1463
 20 61 1464
 21 62 1465
 22 63 1466
 23 64 1467
 24 65 1468
 25 66 1469
 26 67 1470
 27 68 1471
 28 69 1472
 29 70 1473
 30 71 1474
 31 72 1475
 32 73 1476
 33 74 1477
 34 75 1478
 35 76 1479
 36 77 1480
 37 78 1481
 38 79 1482
 39 80 1483
 40 81 1484
 42 1381 1486
 43 83 1487
 44 84 1488
 45 85 1489
 46 86 1490
 47 87 1491
 48 88 1492
 49 89 1493
 50 90 1494
 51 91 1495
 52 92 1496
 53 93 1497
 54 94 1498
 55 95 1499
 56 96 1500
 57 97 1501
 58 98 1502
 59 99 1503
 60 100 1504
 61 101 1505
 62 102 1506
 63 103 1507
 64 104 1508
 65 105 1509
 66 106 1510
 67 107 1511
 68 108 1512
 69 109 1513
 70 110 1514
 71 111 1515
 72 112 1516
 73 113 1517
 74 114 1518
 75 115 1519
 76 116 1520
 77 117 1521
 78 118 1522
 79 119 1523
 80 120 1524
 81 121 1525
 83 1382 1527
 84 123 1528
 85 124 1529
 86 125 1530
 87 126 1531
 88 127 1532
 89 128 1533
 90 129 1534
 91 130 1535
 92 131 1536
 93 132 1537
 94 133 1538
 95 134 1539
 96 135 1540
 97 136 1541
 98 137 1542
 99 138 1543
 100 139 1544
 101 140 1545
 102 141 1546
 103 142 1547
 104 143 1548
 105 144 1549
 106 145 1550
 107 146 1551
 108 147 1552
 109 148 1553
 110 149 1554
 111 150 1555
 112 151 1556
 113 152 1557
 114 153 1558
 115 154 1559
 116 155 1560
 117 156 1561
 118 157 1562
 119 158 1563
 120 159 1564
 121 160 1565
 122 161 2882
 123 1383 1567
 124 162 1568
 125 163 1569
 126 164 1570
 127 165 1571
 128 166 1572
 129 167 1573
 130 168 1574
 131 169 1575
 132 170 1576
 133 171 1577
 134 172 1578
 135 173 1579
 136 174 1580
 137 175 1581
 138 176 1582
 139 177 1583
 140 178 1584
 141 179 1585
 142 180 1586
 143 181 1587
 144 182 1588
 145 183 1589
 146 184 1590
 147 185 1591
 148 186 1592
 149 187 1593
 150 188 1594
 151 189 1595
 152 190 1596
 153 191 1597
 154 192 1598
 155 193 1599
 156 194 1600
 157 195 1601
 158 196 1602
 159 197 1603
 160 198 1604
 161 199 2869
 162 1384 1606
 163 201 1607
 164 202 1608
 165 203 1609
 166 204 1610
 167 205 1611
 168 206 1612
 169 207 1613
 170 208 1614
 171 209 1615
 172 210 1616
 173 211 1617
 174 212 1618
 175 213 1619
 176 214 1620
 177 215 1621
 178 216 1622
 179 217 1623
 180 218 1624
 181 219 1625
 182 220 1626
 183 221 1627
 184 222 1628
 185 223 1629
 186 224 1630
 187 225 1631
 188 226 1632
 189 227 1633
 190 228 1634
 191 229 1635
 192 230 1636
 193 231 1637
 194 232 1638
 195 233 1639
 196 234 1640
 197 235 1641
 198 236 1642
 199 237 1643
 201 1385 1645
 202 239 1646
 203 240 1647
 204 241 1648
 205 242 1649
 206 243 1650
 207 244 1651
 208 245 1652
 209 246 1653
 210 247 1654
 211 248 1655
 212 249 1656
 213 250 1657
 214 251 1658
 215 252 1659
 216 253 1660
 217 254 1661
 218 255 1662
 219 256 1663
 220 257 1664
 221 258 1665
 222 259 1666
 223 260 1667
 224 261 1668
 225 262 1669
 226 263 1670
 227 264 1671
 228 265 1672
 229 266 1673
 230 267 1674
 231 268 1675
 232 269 1676
 233 270 1677
 234 271 1678
 235 272 1679
 236 273 1680
 237 274 1681
 1385 1437 1682
 239 276 1683
 240 277 1684
 241 278 1685
 242 279 1686
 243 280 1687
 244 281 1688
 245 282 1689
 246 283 1690
 247 284 1691
 248 285 1692
 249 286 1693
 250 287 1694
 251 288 1695
 252 289 1696
 253 290 1697
 254 291 1698
 255 292 1699
 256 293 1700
 257 294 1701
 258 295 1702
 259 296 1703
 260 297 1704
 261 298 1705
 262 299 1706
 263 300 1707
 264 301 1708
 265 302 1709
 266 303 1710
 267 304 1711
 268 305 1712
 269 306 1713
 270 307 1714
 271 308 1715
 272 309 1716
 273 310 1717
 274 311 1718
 275 312 2883
 276 1386 1720
 277 313 1721
 278 314 1722
 279 315 1723
 280 316 1724
 281 317 1725
 282 318 1726
 283 319 1727
 284 320 1728
 285 321 1729
 286 322 1730
 287 323 1731
 288 324 1732
 289 325 1733
 290 326 1734
 291 327 1735
 292 328 1736
 293 329 1737
 294 330 1738
 295 331 1739
 296 332 1740
 297 333 1741
 298 334 1742
 299 335 1743
 300 336 1744
 301 337 1745
 302 338 1746
 303 339 1747
 304 340 1748
 305 341 1749
 306 342 1750
 307 343 1751
 308 344 1752
 309 345 1753
 310 346 1754
 311 347 1755
 312 348 2884
 313 1387 1757
 314 349 1758
 315 350 1759
 316 351 1760
 317 352 1761
 318 353 1762
 319 354 1763
 320 355 1764
 321 356 1765
 322 357 1766
 323 358 1767
 324 359 1768
 325 360 1769
 326 361 1770
 327 362 1771
 328 363 1772
 329 364 1773
 330 365 1774
 331 366 1775
 332 367 1776
 333 368 1777
 334 369 1778
 335 370 1779
 336 371 1780
 337 372 1781
 338 373 1782
 339 374 1783
 340 375 1784
 341 376 1785
 342 377 1786
 343 378 1787
 344 379 1788
 345 380 1789
 346 381 1790
 347 382 1791
 348 383 2870
 349 1388 1793
 350 385 1794
 351 386 1795
 352 387 1796
 353 388 1797
 354 389 1798
 355 390 1799
 356 391 1800
 357 392 1801
 358 393 1802
 359 394 1803
 360 395 1804
 361 396 1805
 362 397 1806
 363 398 1807
 364 399 1808
 365 400 1809
 366 401 1810
 367 402 1811
 368 403 1812
 369 404 1813
 370 405 1814
 371 406 1815
 372 407 1816
 373 408 1817
 374 409 1818
 375 410 1819
 376 411 1820
 377 412 1821
 378 413 1822
 379 414 1823
 380 415 1824
 381 416 1825
 382 417 1826
 383 418 1827
 385 1389 1829
 386 420 1830
 387 421 1831
 388 422 1832
 389 423 1833
 390 424 1834
 391 425 1835
 392 426 1836
 393 427 1837
 394 428 1838
 395 429 1839
 396 430 1840
 397 431 1841
 398 432 1842
 399 433 1843
 400 434 1844
 401 435 1845
 402 436 1846
 403 437 1847
 404 438 1848
 405 439 1849
 406 440 1850
 407 441 1851
 408 442 1852
 409 443 1853
 410 444 1854
 411 445 1855
 412 446 1856
 413 447 1857
 414 448 1858
 415 449 1859
 416 450 1860
 417 451 1861
 418 452 1862
 419 453 2885
 420 1390 1864
 421 454 1865
 422 455 1866
 423 456 1867
 424 457 1868
 425 458 1869
 426 459 1870
 427 460 1871
 428 461 1872
 429 462 1873
 430 463 1874
 431 464 1875
 432 465 1876
 433 466 1877
 434 467 1878
 435 468 1879
 436 469 1880
 437 470 1881
 438 471 1882
 439 472 1883
 440 473 1884
 441 474 1885
 442 475 1886
 443 476 1887
 444 477 1888
 445 478 1889
 446 479 1890
 447 480 1891
 448 481 1892
 449 482 1893
 450 483 1894
 451 484 1895
 452 485 1896
 453 486 2886
 454 1391 1898
 455 487 1899
 456 488 1900
 457 489 1901
 458 490 1902
 459 491 1903
 460 492 1904
 461 493 1905
 462 494 1906
 463 495 1907
 464 496 1908
 465 497 1909
 466 498 1910
 467 499 1911
 468 500 1912
 469 501 1913
 470 502 1914
 471 503 1915
 472 504 1916
 473 505 1917
 474 506 1918
 475 507 1919
 476 508 1920
 477 509 1921
 478 510 1922
 479 511 1923
 480 512 1924
 481 513 1925
 482 514 1926
 483 515 1927
 484 516 1928
 485 517 1929
 486 518 2871
 1391 1392 1930
 487 520 1931
 488 521 1932
 489 522 1933
 490 523 1934
 491 524 1935
 492 525 1936
 493 526 1937
 494 527 1938
 495 528 1939
 496 529 1940
 497 530 1941
 498 531 1942
 499 532 1943
 500 533 1944
 501 534 1945
 502 535 1946
 503 536 1947
 504 537 1948
 505 538 1949
 506 539 1950
 507 540 1951
 508 541 1952
 509 542 1953
 510 543 1954
 511 544 1955
 512 545 1956
 513 546 1957
 514 547 1958
 515 548 1959
 516 549 1960
 517 550 1961
 518 551 1962
 520 1393 1964
 521 553 1965
 522 554 1966
 523 555 1967
 524 556 1968
 525 557 1969
 526 558 1970
 527 559 1971
 528 560 1972
 529 561 1973
 530 562 1974
 531 563 1975
 532 564 1976
 533 565 1977
 534 566 1978
 535 567 1979
 536 568 1980
 537 569 1981
 538 570 1982
 539 571 1983
 540 572 1984
 541 573 1985
 542 574 1986
 543 575 1987
 544 576 1988
 545 577 1989
 546 578 1990
 547 579 1991
 548 580 1992
 549 581 1993
 550 582 1994
 551 583 1995
 553 1394 1997
 554 585 1998
 555 586 1999
 556 587 2000
 557 588 2001
 558 589 2002
 559 590 2003
 560 591 2004
 561 592 2005
 562 593 2006
 563 594 2007
 564 595 2008
 565 596 2009
 566 597 2010
 567 598 2011
 568 599 2012
 569 600 2013
 570 601 2014
 571 602 2015
 572 603 2016
 573 604 2017
 574 605 2018
 575 606 2019
 576 607 2020
 577 608 2021
 578 609 2022
 579 610 2023
 580 611 2024
 581 612 2025
 582 613 2026
 583 614 2027
 584 615 2887
 585 1395 2029
 586 616 2030
 587 617 2031
 588 618 2032
 589 619 2033
 590 620 2034
 591 621 2035
 592 622 2036
 593 623 2037
 594 624 2038
 595 625 2039
 596 626 2040
 597 627 2041
 598 628 2042
 599 629 2043
 600 630 2044
 601 631 2045
 602 632 2046
 603 633 2047
 604 634 2048
 605 635 2049
 606 636 2050
 607 637 2051
 608 638 2052
 609 639 2053
 610 640 2054
 611 641 2055
 612 642 2056
 613 643 2057
 614 644 2058
 615 645 2872
 616 1396 2060
 617 647 2061
 618 648 2062
 619 649 2063
 620 650 2064
 621 651 2065
 622 652 2066
 623 653 2067
 624 654 2068
 625 655 2069
 626 656 2070
 627 657 2071
 628 658 2072
 629 659 2073
 630 660 2074
 631 661 2075
 632 662 2076
 633 663 2077
 634 664 2078
 635 665 2079
 636 666 2080
 637 667 2081
 638 668 2082
 639 669 2083
 640 670 2084
 641 671 2085
 642 672 2086
 643 673 2087
 644 674 2088
 645 675 2089
 647 1397 2091
 648 677 2092
 649 678 2093
 650 679 2094
 651 680 2095
 652 681 2096
 653 682 2097
 654 683 2098
 655 684 2099
 656 685 2100
 657 686 2101
 658 687 2102
 659 688 2103
 660 689 2104
 661 690 2105
 662 691 2106
 663 692 2107
 664 693 2108
 665 694 2109
 666 695 2110
 667 696 2111
 668 697 2112
 669 698 2113
 670 699 2114
 671 700 2115
 672 701 2116
 673 702 2117
 674 703 2118
 675 704 2119
 1397 1398 2120
 677 706 2121
 678 707 2122
 679 708 2123
 680 709 2124
 681 710 2125
 682 711 2126
 683 712 2127
 684 713 2128
 685 714 2129
 686 715 2130
 687 716 2131
 688 717 2132
 689 718 2133
 690 719 2134
 691 720 2135
 692 721 2136
 693 722 2137
 694 723 2138
 695 724 2139
 696 725 2140
 697 726 2141
 698 727 2142
 699 728 2143
 700 729 2144
 701 730 2145
 702 731 2146
 703 732 2147
 704 733 2148
 705 734 2888
 706 1399 2150
 707 735 2151
 708 736 2152
 709 737 2153
 710 738 2154
 711 739 2155
 712 740 2156
 713 741 2157
 714 742 2158
 715 743 2159
 716 744 2160
 717 745 2161
 718 746 2162
 719 747 2163
 720 748 2164
 721 749 2165
 722 750 2166
 723 751 2167
 724 752 2168
 725 753 2169
 726 754 2170
 727 755 2171
 728 756 2172
 729 757 2173
 730 758 2174
 731 759 2175
 732 760 2176
 733 761 2177
 734 762 2873
 735 1400 2179
 736 764 2180
 737 765 2181
 738 766 2182
 739 767 2183
 740 768 2184
 741 769 2185
 742 770 2186
 743 771 2187
 744 772 2188
 745 773 2189
 746 774 2190
 747 775 2191
 748 776 2192
 749 777 2193
 750 778 2194
 751 779 2195
 752 780 2196
 753 781 2197
 754 782 2198
 755 783 2199
 756 784 2200
 757 785 2201
 758 786 2202
 759 787 2203
 760 788 2204
 761 789 2205
 762 790 2206
 764 1401 2208
 765 792 2209
 766 793 2210
 767 794 2211
 768 795 2212
 769 796 2213
 770 797 2214
 771 798 2215
 772 799 2216
 773 800 2217
 774 801 2218
 775 802 2219
 776 803 2220
 777 804 2221
 778 805 2222
 779 806 2223
 780 807 2224
 781 808 2225
 782 809 2226
 783 810 2227
 784 811 2228
 785 812 2229
 786 813 2230
 787 814 2231
 788 815 2232
 789 816 2233
 790 817 2234
 792 1402 2236
 793 819 2237
 794 820 2238
 795 821 2239
 796 822 2240
 797 823 2241
 798 824 2242
 799 825 2243
 800 826 2244
 801 827 2245
 802 828 2246
 803 829 2247
 804 830 2248
 805 831 2249
 806 832 2250
 807 833 2251
 808 834 2252
 809 835 2253
 810 836 2254
 811 837 2255
 812 838 2256
 813 839 2257
 814 840 2258
 815 841 2259
 816 842 2260
 817 843 2261
 818 844 2889
 819 1403 2263
 820 845 2264
 821 846 2265
 822 847 2266
 823 848 2267
 824 849 2268
 825 850 2269
 826 851 2270
 827 852 2271
 828 853 2272
 829 854 2273
 830 855 2274
 831 856 2275
 832 857 2276
 833 858 2277
 834 859 2278
 835 860 2279
 836 861 2280
 837 862 2281
 838 863 2282
 839 864 2283
 840 865 2284
 841 866 2285
 842 867 2286
 843 868 2287
 844 869 2890
 1403 1404 2288
 845 870 2289
 846 871 2290
 847 872 2291
 848 873 2292
 849 874 2293
 850 875 2294
 851 876 2295
 852 877 2296
 853 878 2297
 854 879 2298
 855 880 2299
 856 881 2300
 857 882 2301
 858 883 2302
 859 884 2303
 860 885 2304
 861 886 2305
 862 887 2306
 863 888 2307
 864 889 2308
 865 890 2309
 866 891 2310
 867 892 2311
 868 893 2312
 869 894 2874
 870 1405 2314
 871 896 2315
 872 897 2316
 873 898 2317
 874 899 2318
 875 900 2319
 876 901 2320
 877 902 2321
 878 903 2322
 879 904 2323
 880 905 2324
 881 906 2325
 882 907 2326
 883 908 2327
 884 909 2328
 885 910 2329
 886 911 2330
 887 912 2331
 888 913 2332
 889 914 2333
 890 915 2334
 891 916 2335
 892 917 2336
 893 918 2337
 894 919 2338
 896 1406 2340
 897 921 2341
 898 922 2342
 899 923 2343
 900 924 2344
 901 925 2345
 902 926 2346
 903 927 2347
 904 928 2348
 905 929 2349
 906 930 2350
 907 931 2351
 908 932 2352
 909 933 2353
 910 934 2354
 911 935 2355
 912 936 2356
 913 937 2357
 914 938 2358
 915 939 2359
 916 940 2360
 917 941 2361
 918 942 2362
 919 943 2363
 920 944 2891
 921 1407 2365
 922 945 2366
 923 946 2367
 924 947 2368
 925 948 2369
 926 949 2370
 927 950 2371
 928 951 2372
 929 952 2373
 930 953 2374
 931 954 2375
 932 955 2376
 933 956 2377
 934 957 2378
 935 958 2379
 936 959 2380
 937 960 2381
 938 961 2382
 939 962 2383
 940 963 2384
 941 964 2385
 942 965 2386
 943 966 2387
 944 967 2892
 945 1408 2389
 946 968 2390
 947 969 2391
 948 970 2392
 949 971 2393
 950 972 2394
 951 973 2395
 952 974 2396
 953 975 2397
 954 976 2398
 955 977 2399
 956 978 2400
 957 979 2401
 958 980 2402
 959 981 2403
 960 982 2404
 961 983 2405
 962 984 2406
 963 985 2407
 964 986 2408
 965 987 2409
 966 988 2410
 967 989 2875
 968 1409 2412
 969 991 2413
 970 992 2414
 971 993 2415
 972 994 2416
 973 995 2417
 974 996 2418
 975 997 2419
 976 998 2420
 977 999 2421
 978 1000 2422
 979 1001 2423
 980 1002 2424
 981 1003 2425
 982 1004 2426
 983 1005 2427
 984 1006 2428
 985 1007 2429
 986 1008 2430
 987 1009 2431
 988 1010 2432
 989 1011 2433
 1409 1438 2434
 991 1013 2435
 992 1014 2436
 993 1015 2437
 994 1016 2438
 995 1017 2439
 996 1018 2440
 997 1019 2441
 998 1020 2442
 999 1021 2443
 1000 1022 2444
 1001 1023 2445
 1002 1024 2446
 1003 1025 2447
 1004 1026 2448
 1005 1027 2449
 1006 1028 2450
 1007 1029 2451
 1008 1030 2452
 1009 1031 2453
 1010 1032 2454
 1011 1033 2455
 1013 1410 2457
 1014 1035 2458
 1015 1036 2459
 1016 1037 2460
 1017 1038 2461
 1018 1039 2462
 1019 1040 2463
 1020 1041 2464
 1021 1042 2465
 1022 1043 2466
 1023 1044 2467
 1024 1045 2468
 1025 1046 2469
 1026 1047 2470
 1027 1048 2471
 1028 1049 2472
 1029 1050 2473
 1030 1051 2474
 1031 1052 2475
 1032 1053 2476
 1033 1054 2477
 1034 1055 2893
 1035 1411 2479
 1036 1056 2480
 1037 1057 2481
 1038 1058 2482
 1039 1059 2483
 1040 1060 2484
 1041 1061 2485
 1042 1062 2486
 1043 1063 2487
 1044 1064 2488
 1045 1065 2489
 1046 1066 2490
 1047 1067 2491
 1048 1068 2492
 1049 1069 2493
 1050 1070 2494
 1051 1071 2495
 1052 1072 2496
 1053 1073 2497
 1054 1074 2498
 1055 1075 2876
 1056 1412 2500
 1057 1077 2501
 1058 1078 2502
 1059 1079 2503
 1060 1080 2504
 1061 1081 2505
 1062 1082 2506
 1063 1083 2507
 1064 1084 2508
 1065 1085 2509
 1066 1086 2510
 1067 1087 2511
 1068 1088 2512
 1069 1089 2513
 1070 1090 2514
 1071 1091 2515
 1072 1092 2516
 1073 1093 2517
 1074 1094 2518
 1075 1095 2519
 1077 1413 2521
 1078 1097 2522
 1079 1098 2523
 1080 1099 2524
 1081 1100 2525
 1082 1101 2526
 1083 1102 2527
 1084 1103 2528
 1085 1104 2529
 1086 1105 2530
 1087 1106 2531
 1088 1107 2532
 1089 1108 2533
 1090 1109 2534
 1091 1110 2535
 1092 1111 2536
 1093 1112 2537
 1094 1113 2538
 1095 1114 2539
 1097 1414 2541
 1098 1116 2542
 1099 1117 2543
 1100 1118 2544
 1101 1119 2545
 1102 1120 2546
 1103 1121 2547
 1104 1122 2548
 1105 1123 2549
 1106 1124 2550
 1107 1125 2551
 1108 1126 2552
 1109 1127 2553
 1110 1128 2554
 1111 1129 2555
 1112 1130 2556
 1113 1131 2557
 1114 1132 2558
 1115 1133 2894
 1414 1439 2559
 1116 1134 2560
 1117 1135 2561
 1118 1136 2562
 1119 1137 2563
 1120 1138 2564
 1121 1139 2565
 1122 1140 2566
 1123 1141 2567
 1124 1142 2568
 1125 1143 2569
 1126 1144 2570
 1127 1145 2571
 1128 1146 2572
 1129 1147 2573
 1130 1148 2574
 1131 1149 2575
 1132 1150 2576
 1133 1151 2877
 1134 1415 2578
 1135 1153 2579
 1136 1154 2580
 1137 1155 2581
 1138 1156 2582
 1139 1157 2583
 1140 1158 2584
 1141 1159 2585
 1142 1160 2586
 1143 1161 2587
 1144 1162 2588
 1145 1163 2589
 1146 1164 2590
 1147 1165 2591
 1148 1166 2592
 1149 1167 2593
 1150 1168 2594
 1151 1169 2595
 1153 1416 2597
 1154 1171 2598
 1155 1172 2599
 1156 1173 2600
 1157 1174 2601
 1158 1175 2602
 1159 1176 2603
 1160 1177 2604
 1161 1178 2605
 1162 1179 2606
 1163 1180 2607
 1164 1181 2608
 1165 1182 2609
 1166 1183 2610
 1167 1184 2611
 1168 1185 2612
 1169 1186 2613
 1171 1417 2615
 1172 1188 2616
 1173 1189 2617
 1174 1190 2618
 1175 1191 2619
 1176 1192 2620
 1177 1193 2621
 1178 1194 2622
 1179 1195 2623
 1180 1196 2624
 1181 1197 2625
 1182 1198 2626
 1183 1199 2627
 1184 1200 2628
 1185 1201 2629
 1186 1202 2630
 1187 1203 2895
 1188 1418 2632
 1189 1204 2633
 1190 1205 2634
 1191 1206 2635
 1192 1207 2636
 1193 1208 2637
 1194 1209 2638
 1195 1210 2639
 1196 1211 2640
 1197 1212 2641
 1198 1213 2642
 1199 1214 2643
 1200 1215 2644
 1201 1216 2645
 1202 1217 2646
 1203 1218 2896
 1204 1419 2648
 1205 1219 2649
 1206 1220 2650
 1207 1221 2651
 1208 1222 2652
 1209 1223 2653
 1210 1224 2654
 1211 1225 2655
 1212 1226 2656
 1213 1227 2657
 1214 1228 2658
 1215 1229 2659
 1216 1230 2660
 1217 1231 2661
 1218 1232 2878
 1219 1420 2663
 1220 1234 2664
 1221 1235 2665
 1222 1236 2666
 1223 1237 2667
 1224 1238 2668
 1225 1239 2669
 1226 1240 2670
 1227 1241 2671
 1228 1242 2672
 1229 1243 2673
 1230 1244 2674
 1231 1245 2675
 1232 1246 2676
 1420 1421 2677
 1234 1248 2678
 1235 1249 2679
 1236 1250 2680
 1237 1251 2681
 1238 1252 2682
 1239 1253 2683
 1240 1254 2684
 1241 1255 2685
 1242 1256 2686
 1243 1257 2687
 1244 1258 2688
 1245 1259 2689
 1246 1260 2690
 1247 1261 2897
 1248 1422 2692
 1249 1262 2693
 1250 1263 2694
 1251 1264 2695
 1252 1265 2696
 1253 1266 2697
 1254 1267 2698
 1255 1268 2699
 1256 1269 2700
 1257 1270 2701
 1258 1271 2702
 1259 1272 2703
 1260 1273 2704
 1261 1274 2898
 1262 1423 2706
 1263 1275 2707
 1264 1276 2708
 1265 1277 2709
 1266 1278 2710
 1267 1279 2711
 1268 1280 2712
 1269 1281 2713
 1270 1282 2714
 1271 1283 2715
 1272 1284 2716
 1273 1285 2717
 1274 1286 2879
 1275 1424 2719
 1276 1288 2720
 1277 1289 2721
 1278 1290 2722
 1279 1291 2723
 1280 1292 2724
 1281 1293 2725
 1282 1294 2726
 1283 1295 2727
 1284 1296 2728
 1285 1297 2729
 1286 1298 2730
 1288 1425 2732
 1289 1300 2733
 1290 1301 2734
 1291 1302 2735
 1292 1303 2736
 1293 1304 2737
 1294 1305 2738
 1295 1306 2739
 1296 1307 2740
 1297 1308 2741
 1298 1309 2742
 1300 1426 2744
 1301 1311 2745
 1302 1312 2746
 1303 1313 2747
 1304 1314 2748
 1305 1315 2749
 1306 1316 2750
 1307 1317 2751
 1308 1318 2752
 1309 1319 2753
 1310 1320 2899
 1426 1427 2754
 1311 1321 2755
 1312 1322 2756
 1313 1323 2757
 1314 1324 2758
 1315 1325 2759
 1316 1326 2760
 1317 1327 2761
 1318 1328 2762
 1319 1329 2763
 1320 1330 2880
 1321 1428 2765
 1322 1332 2766
 1323 1333 2767
 1324 1334 2768
 1325 1335 2769
 1326 1336 2770
 1327 1337 2771
 1328 1338 2772
 1329 1339 2773
 1330 1340 2774
 1332 1429 2776
 1333 1342 2777
 1334 1343 2778
 1335 1344 2779
 1336 1345 2780
 1337 1346 2781
 1338 1347 2782
 1339 1348 2783
 1340 1349 2784
 1342 1430 2786
 1343 1351 2787
 1344 1352 2788
 1345 1353 2789
 1346 1354 2790
 1347 1355 2791
 1348 1356 2792
 1349 1357 2793
 1350 1358 2900
 1351 1431 2795
 1352 1359 2796
 1353 1360 2797
 1354 1361 2798
 1355 1362 2799
 1356 1363 2800
 1357 1364 2801
 1358 1365 2901
 1359 1432 2803
 1360 1366 2804
 1361 1367 2805
 1362 1368 2806
 1363 1369 2807
 1364 1370 2808
 1365 1371 2881
 1432 1440 2809
 1366 1373 2810
 1367 1374 2811
 1368 1375 2812
 1369 1376 2813
 1370 1377 2814
 1371 1378 2815
 1373 1433 2817
 1379 1434 2902
 1441 2903 2904
 2905 0 2829
 2907 2905 2829
 2908 2830 2910
 2911 2831 2913
 2914 2832 2916
 2917 2833 2919
 2920 2834 2922
 2923 2835 2925
 2926 2836 2928
 2929 2837 2931
 2932 2838 2934
 2935 2839 2937
 2938 2840 2940
 2941 2841 2943
 2944 2842 2946
 2947 2843 2949
 2950 2844 2952
 2953 2845 2955
 2956 2846 2958
 2959 2847 2961
 2962 2848 2964
 2965 2849 2967
 2968 2850 2970
 2971 2851 2973
 2974 2852 2976
 2977 2853 2979
 2980 2854 2982
 2983 2855 2985
 2986 2856 2988
 2989 2857 2991
 2992 2858 2994
 2995 2859 2997
 2998 2860 3000
 3001 2861 3003
 3004 2862 3006
 3007 2863 3009
 3010 2864 3012
 3013 2865 3015
 3016 2866 3018
 3019 2867 3022
 3020 3023 2823
 1442 3020 2823
 3024 1442 2868
 3026 3024 2868
 1435 3027 3030
 1380 3031 3032
 1380 1435 3031
 3033 41 3035
 1436 3036 3039
 3040 82 3042
 1381 3043 3046
 122 2882 3049
 3047 122 3049
 1382 3050 3053
 161 2869 3057
 3054 161 3057
 1383 3058 3061
 3062 200 3064
 1384 3065 3068
 3069 238 3071
 1385 3072 3074
 275 2883 3077
 3075 275 3077
 1437 3078 3081
 312 2884 3084
 3082 312 3084
 1386 3085 3088
 348 2870 3092
 3089 348 3092
 1387 3093 3096
 3097 384 3099
 1388 3100 3103
 419 2885 3106
 3104 419 3106
 1389 3107 3110
 453 2886 3113
 3111 453 3113
 1390 3114 3117
 486 2871 3121
 3118 486 3121
 1391 3122 3124
 1391 3124 2824
 3125 519 3127
 1392 3128 3131
 3132 552 3134
 1393 3135 3138
 584 2887 3141
 3139 584 3141
 1394 3142 3145
 615 2872 3149
 3146 615 3149
 1395 3150 3153
 3154 646 3156
 1396 3157 3160
 3161 676 3163
 1397 3164 3166
 1397 3166 2825
 705 2888 3169
 3167 705 3169
 1398 3170 3173
 734 2873 3177
 3174 734 3177
 1399 3178 3181
 3182 763 3184
 1400 3185 3188
 3189 791 3191
 1401 3192 3195
 818 2889 3198
 3196 818 3198
 1402 3199 3202
 844 2890 3205
 3203 844 3205
 1403 3206 3208
 1403 3208 2826
 869 2874 3212
 3209 869 3212
 1404 3213 3216
 3217 895 3219
 1405 3220 3223
 920 2891 3226
 3224 920 3226
 1406 3227 3230
 944 2892 3233
 3231 944 3233
 1407 3234 3237
 967 2875 3241
 3238 967 3241
 1408 3242 3245
 3246 990 3248
 1409 3249 3251
 3252 1012 3254
 1438 3255 3258
 1034 2893 3261
 3259 1034 3261
 1410 3262 3265
 1055 2876 3269
 3266 1055 3269
 1411 3270 3273
 3274 1076 3276
 1412 3277 3280
 3281 1096 3283
 1413 3284 3287
 1115 2894 3290
 3288 1115 3290
 1414 3291 3293
 1133 2877 3297
 3294 1133 3297
 1439 3298 3301
 3302 1152 3304
 1415 3305 3308
 3309 1170 3311
 1416 3312 3315
 1187 2895 3318
 3316 1187 3318
 1417 3319 3322
 1203 2896 3325
 3323 1203 3325
 1418 3326 3329
 1218 2878 3333
 3330 1218 3333
 1419 3334 3337
 3338 1233 3340
 1420 3341 3343
 1420 3343 2827
 1247 2897 3346
 3344 1247 3346
 1421 3347 3350
 1261 2898 3353
 3351 1261 3353
 1422 3354 3357
 1274 2879 3361
 3358 1274 3361
 1423 3362 3365
 3366 1287 3368
 1424 3369 3372
 3373 1299 3375
 1425 3376 3379
 1310 2899 3382
 3380 1310 3382
 1426 3383 3385
 1426 3385 2828
 1320 2880 3389
 3386 1320 3389
 1427 3390 3393
 3394 1331 3396
 1428 3397 3400
 3401 1341 3403
 1429 3404 3407
 1350 2900 3410
 3408 1350 3410
 1430 3411 3414
 1358 2901 3417
 3415 1358 3417
 1431 3418 3421
 1365 2881 3425
 3422 1365 3425
 1432 3426 3428
 3429 1372 3431
 1440 3432 3435
 1379 2902 3443
 3441 1379 3443
 1435 1441 3029
 1441 2904 3029
 2906 2907 2829
 1 2906 2829
 2 2909 2910
 2 2910 2830
 3 2912 2913
 3 2913 2831
 2915 2916 2832
 4 2915 2832
 2918 2919 2833
 5 2918 2833
 2921 2922 2834
 6 2921 2834
 2924 2925 2835
 7 2924 2835
 2927 2928 2836
 8 2927 2836
 2930 2931 2837
 9 2930 2837
 2933 2934 2838
 10 2933 2838
 2936 2937 2839
 11 2936 2839
 2939 2940 2840
 12 2939 2840
 2942 2943 2841
 13 2942 2841
 2945 2946 2842
 14 2945 2842
 2948 2949 2843
 15 2948 2843
 2951 2952 2844
 16 2951 2844
 2954 2955 2845
 17 2954 2845
 2957 2958 2846
 18 2957 2846
 2960 2961 2847
 19 2960 2847
 2963 2964 2848
 20 2963 2848
 2966 2967 2849
 21 2966 2849
 2969 2970 2850
 22 2969 2850
 2972 2973 2851
 23 2972 2851
 2975 2976 2852
 24 2975 2852
 2978 2979 2853
 25 2978 2853
 2981 2982 2854
 26 2981 2854
 2984 2985 2855
 27 2984 2855
 2987 2988 2856
 28 2987 2856
 2990 2991 2857
 29 2990 2857
 2993 2994 2858
 30 2993 2858
 2996 2997 2859
 31 2996 2859
 2999 3000 2860
 32 2999 2860
 3002 3003 2861
 33 3002 2861
 3005 3006 2862
 34 3005 2862
 3008 3009 2863
 35 3008 2863
 3011 3012 2864
 36 3011 2864
 3014 3015 2865
 37 3014 2865
 3017 3018 2866
 38 3017 2866
 3021 3022 2867
 39 3021 2867
 3025 3026 2868
 41 3025 2868
 3028 1435 3030
 1436 1380 3038
 1380 3032 3038
 3037 1436 3039
 3045 1381 3046
 3049 2882 3056
 3052 1382 3053
 3055 3057 2869
 200 3055 2869
 3060 1383 3061
 3067 1384 3068
 1437 1385 3080
 1385 3074 3080
 3077 2883 3083
 3079 1437 3081
 3084 2884 3091
 3087 1386 3088
 3090 3092 2870
 384 3090 2870
 3095 1387 3096
 3102 1388 3103
 3106 2885 3112
 3109 1389 3110
 3113 2886 3120
 3116 1390 3117
 3119 3121 2871
 519 3119 2871
 3130 1392 3131
 3137 1393 3138
 3141 2887 3148
 3144 1394 3145
 3147 3149 2872
 646 3147 2872
 3152 1395 3153
 3159 1396 3160
 3169 2888 3176
 3172 1398 3173
 3175 3177 2873
 763 3175 2873
 3180 1399 3181
 3187 1400 3188
 3194 1401 3195
 3198 2889 3204
 3201 1402 3202
 3205 2890 3211
 3210 3212 2874
 895 3210 2874
 3215 1404 3216
 3222 1405 3223
 3226 2891 3232
 3229 1406 3230
 3233 2892 3240
 3236 1407 3237
 3239 3241 2875
 990 3239 2875
 3244 1408 3245
 1438 1409 3257
 1409 3251 3257
 3256 1438 3258
 3261 2893 3268
 3264 1410 3265
 3267 3269 2876
 1076 3267 2876
 3272 1411 3273
 3279 1412 3280
 3286 1413 3287
 3290 2894 3296
 1439 1414 3300
 1414 3293 3300
 3295 3297 2877
 1152 3295 2877
 3299 1439 3301
 3307 1415 3308
 3314 1416 3315
 3318 2895 3324
 3321 1417 3322
 3325 2896 3332
 3328 1418 3329
 3331 3333 2878
 1233 3331 2878
 3336 1419 3337
 3346 2897 3352
 3349 1421 3350
 3353 2898 3360
 3356 1422 3357
 3359 3361 2879
 1287 3359 2879
 3364 1423 3365
 3371 1424 3372
 3378 1425 3379
 3382 2899 3388
 3387 3389 2880
 1331 3387 2880
 3392 1427 3393
 3399 1428 3400
 3406 1429 3407
 3410 2900 3416
 3413 1430 3414
 3417 2901 3424
 3420 1431 3421
 3423 3425 2881
 1372 3423 2881
 1440 1432 3434
 1432 3428 3434
 3433 1440 3435
 3436 1374 2817
 3447 3436 2817
 3437 1375 2818
 3449 3437 2818
 3438 1376 2819
 3451 3438 2819
 1377 2820 3453
 3439 1377 3453
 3440 1378 2821
 3456 3440 2821
 3443 2902 3459
 3027 1435 3029
 41 3033 3034
 3036 1436 3038
 82 3040 3041
 1381 1485 3044
 3043 1381 3044
 122 3047 3048
 1382 1526 3051
 3050 1382 3051
 161 3054 3056
 161 3056 2882
 1383 1566 3059
 3058 1383 3059
 200 3062 3063
 1384 1605 3066
 3065 1384 3066
 238 3069 3070
 1385 1644 3073
 3072 1385 3073
 275 3075 3076
 3078 1437 3080
 312 3082 3083
 312 3083 2883
 1386 1719 3086
 3085 1386 3086
 348 3089 3091
 348 3091 2884
 1387 1756 3094
 3093 1387 3094
 384 3097 3098
 1388 1792 3101
 3100 1388 3101
 419 3104 3105
 1389 1828 3108
 3107 1389 3108
 453 3111 3112
 453 3112 2885
 1390 1863 3115
 3114 1390 3115
 486 3118 3120
 486 3120 2886
 1391 1897 3123
 3122 1391 3123
 519 3125 3126
 1392 2824 3129
 3128 1392 3129
 552 3132 3133
 1393 1963 3136
 3135 1393 3136
 584 3139 3140
 1394 1996 3143
 3142 1394 3143
 615 3146 3148
 615 3148 2887
 1395 2028 3151
 3150 1395 3151
 646 3154 3155
 1396 2059 3158
 3157 1396 3158
 676 3161 3162
 1397 2090 3165
 3164 1397 3165
 705 3167 3168
 1398 2825 3171
 3170 1398 3171
 734 3174 3176
 734 3176 2888
 1399 2149 3179
 3178 1399 3179
 763 3182 3183
 1400 2178 3186
 3185 1400 3186
 791 3189 3190
 1401 2207 3193
 3192 1401 3193
 818 3196 3197
 1402 2235 3200
 3199 1402 3200
 844 3203 3204
 844 3204 2889
 1403 2262 3207
 3206 1403 3207
 869 3209 3211
 869 3211 2890
 1404 2826 3214
 3213 1404 3214
 895 3217 3218
 1405 2313 3221
 3220 1405 3221
 920 3224 3225
 1406 2339 3228
 3227 1406 3228
 944 3231 3232
 944 3232 2891
 1407 2364 3235
 3234 1407 3235
 967 3238 3240
 967 3240 2892
 1408 2388 3243
 3242 1408 3243
 990 3246 3247
 1409 2411 3250
 3249 1409 3250
 1012 3252 3253
 3255 1438 3257
 1034 3259 3260
 1410 2456 3263
 3262 1410 3263
 1055 3266 3268
 1055 3268 2893
 1411 2478 3271
 3270 1411 3271
 1076 3274 3275
 1412 2499 3278
 3277 1412 3278
 1096 3281 3282
 1413 2520 3285
 3284 1413 3285
 1115 3288 3289
 1414 2540 3292
 3291 1414 3292
 1133 3294 3296
 1133 3296 2894
 3298 1439 3300
 1152 3302 3303
 1415 2577 3306
 3305 1415 3306
 1170 3309 3310
 1416 2596 3313
 3312 1416 3313
 1187 3316 3317
 1417 2614 3320
 3319 1417 3320
 1203 3323 3324
 1203 3324 2895
 1418 2631 3327
 3326 1418 3327
 1218 3330 3332
 1218 3332 2896
 1419 2647 3335
 3334 1419 3335
 1233 3338 3339
 1420 2662 3342
 3341 1420 3342
 1247 3344 3345
 1421 2827 3348
 3347 1421 3348
 1261 3351 3352
 1261 3352 2897
 1422 2691 3355
 3354 1422 3355
 1274 3358 3360
 1274 3360 2898
 1423 2705 3363
 3362 1423 3363
 1287 3366 3367
 1424 2718 3370
 3369 1424 3370
 1299 3373 3374
 1425 2731 3377
 3376 1425 3377
 1310 3380 3381
 1426 2743 3384
 3383 1426 3384
 1320 3386 3388
 1320 3388 2899
 1427 2828 3391
 3390 1427 3391
 1331 3394 3395
 1428 2764 3398
 3397 1428 3398
 1341 3401 3402
 1429 2775 3405
 3404 1429 3405
 1350 3408 3409
 1430 2785 3412
 3411 1430 3412
 1358 3415 3416
 1358 3416 2900
 1431 2794 3419
 3418 1431 3419
 1365 3422 3424
 1365 3424 2901
 1432 2802 3427
 3426 1432 3427
 1372 3429 3430
 3432 1440 3434
 1379 3441 3442
 3444 1433 2816
 3445 3444 2816
 3446 3447 2817
 1433 3446 2817
 3449 2818 3448
 3451 2819 3450
 3453 2820 3452
 3456 2821 3454
 3455 1434 2822
 3457 3455 2822
 1434 3458 3459
 1434 3459 2902
 2906 1 2830
 2908 2906 2830
 2 2831 2911
 2909 2 2911
 2912 3 2832
 2914 2912 2832
 2915 4 2833
 2917 2915 2833
 2918 5 2834
 2920 2918 2834
 2921 6 2835
 2923 2921 2835
 2924 7 2836
 2926 2924 2836
 2927 8 2837
 2929 2927 2837
 2930 9 2838
 2932 2930 2838
 2933 10 2839
 2935 2933 2839
 2936 11 2840
 2938 2936 2840
 2939 12 2841
 2941 2939 2841
 2942 13 2842
 2944 2942 2842
 2945 14 2843
 2947 2945 2843
 2948 15 2844
 2950 2948 2844
 2951 16 2845
 2953 2951 2845
 2954 17 2846
 2956 2954 2846
 2957 18 2847
 2959 2957 2847
 2960 19 2848
 2962 2960 2848
 2963 20 2849
 2965 2963 2849
 2966 21 2850
 2968 2966 2850
 2969 22 2851
 2971 2969 2851
 2972 23 2852
 2974 2972 2852
 2975 24 2853
 2977 2975 2853
 2978 25 2854
 2980 2978 2854
 2981 26 2855
 2983 2981 2855
 2984 27 2856
 2986 2984 2856
 2987 28 2857
 2989 2987 2857
 2990 29 2858
 2992 2990 2858
 2993 30 2859
 2995 2993 2859
 2996 31 2860
 2998 2996 2860
 2999 32 2861
 3001 2999 2861
 3002 33 2862
 3004 3002 2862
 3005 34 2863
 3007 3005 2863
 3008 35 2864
 3010 3008 2864
 3011 36 2865
 3013 3011 2865
 3014 37 2866
 3016 3014 2866
 3017 38 2867
 3019 3017 2867
 3021 39 2823
 3023 3021 2823
 3025 41 3034
 1435 3028 3031
 41 82 3035
 82 3041 3035
 3037 3044 1485
 1436 3037 1485
 82 122 3042
 122 3048 3042
 3045 3051 1526
 1381 3045 1526
 3052 3059 1566
 1382 3052 1566
 3055 200 3063
 3060 3066 1605
 1383 3060 1605
 200 238 3064
 238 3070 3064
 3067 3073 1644
 1384 3067 1644
 238 275 3071
 275 3076 3071
 3079 3086 1719
 1437 3079 1719
 3087 3094 1756
 1386 3087 1756
 3090 384 3098
 3095 3101 1792
 1387 3095 1792
 384 419 3099
 419 3105 3099
 3102 3108 1828
 1388 3102 1828
 3109 3115 1863
 1389 3109 1863
 3116 3123 1897
 1390 3116 1897
 3119 519 3126
 3129 2824 3124
 519 552 3127
 552 3133 3127
 3130 3136 1963
 1392 3130 1963
 552 584 3134
 584 3140 3134
 3137 3143 1996
 1393 3137 1996
 3144 3151 2028
 1394 3144 2028
 3147 646 3155
 3152 3158 2059
 1395 3152 2059
 646 676 3156
 676 3162 3156
 3159 3165 2090
 1396 3159 2090
 676 705 3163
 705 3168 3163
 3171 2825 3166
 3172 3179 2149
 1398 3172 2149
 3175 763 3183
 3180 3186 2178
 1399 3180 2178
 763 791 3184
 791 3190 3184
 3187 3193 2207
 1400 3187 2207
 791 818 3191
 818 3197 3191
 3194 3200 2235
 1401 3194 2235
 3201 3207 2262
 1402 3201 2262
 3214 2826 3208
 3210 895 3218
 3215 3221 2313
 1404 3215 2313
 895 920 3219
 920 3225 3219
 3222 3228 2339
 1405 3222 2339
 3229 3235 2364
 1406 3229 2364
 3236 3243 2388
 1407 3236 2388
 3239 990 3247
 3244 3250 2411
 1408 3244 2411
 990 1012 3248
 1012 3253 3248
 1012 1034 3254
 1034 3260 3254
 3256 3263 2456
 1438 3256 2456
 3264 3271 2478
 1410 3264 2478
 3267 1076 3275
 3272 3278 2499
 1411 3272 2499
 1076 1096 3276
 1096 3282 3276
 3279 3285 2520
 1412 3279 2520
 1096 1115 3283
 1115 3289 3283
 3286 3292 2540
 1413 3286 2540
 3295 1152 3303
 3299 3306 2577
 1439 3299 2577
 1152 1170 3304
 1170 3310 3304
 3307 3313 2596
 1415 3307 2596
 1170 1187 3311
 1187 3317 3311
 3314 3320 2614
 1416 3314 2614
 3321 3327 2631
 1417 3321 2631
 3328 3335 2647
 1418 3328 2647
 3331 1233 3339
 3336 3342 2662
 1419 3336 2662
 1233 1247 3340
 1247 3345 3340
 3348 2827 3343
 3349 3355 2691
 1421 3349 2691
 3356 3363 2705
 1422 3356 2705
 3359 1287 3367
 3364 3370 2718
 1423 3364 2718
 1287 1299 3368
 1299 3374 3368
 3371 3377 2731
 1424 3371 2731
 1299 1310 3375
 1310 3381 3375
 3378 3384 2743
 1425 3378 2743
 3391 2828 3385
 3387 1331 3395
 3392 3398 2764
 1427 3392 2764
 1331 1341 3396
 1341 3402 3396
 3399 3405 2775
 1428 3399 2775
 1341 1350 3403
 1350 3409 3403
 3406 3412 2785
 1429 3406 2785
 3413 3419 2794
 1430 3413 2794
 3420 3427 2802
 1431 3420 2802
 3423 1372 3430
 1372 1379 3431
 1379 3442 3431
 3433 3445 2816
 1440 3433 2816
 3436 3448 2818
 1374 3436 2818
 3437 3450 2819
 1375 3437 2819
 1376 3438 3452
 1376 3452 2820
 3439 3454 2821
 1377 3439 2821
 3440 3457 2822
 1378 3440 2822</DataArray>
            <DataArray Name="offsets" format="ascii" type="Int32">3 6 9 12 15 18 21 24 27 30 33 36 39 42 45 48 51 54 57 60 63 66 69 72 75 78 81 84 87 90 93 96 99 102 105 108 111 114 117 120 123 126 129 132 135 138 141 144 147 150 153 156 159 162 165 168 171 174 177 180 183 186 189 192 195 198 201 204 207 210 213 216 219 222 225 228 231 234 237 240 243 246 249 252 255 258 261 264 267 270 273 276 279 282 285 288 291 294 297 300 303 306 309 312 315 318 321 324 327 330 333 336 339 342 345 348 351 354 357 360 363 366 369 372 375 378 381 384 387 390 393 396 399 402 405 408 411 414 417 420 423 426 429 432 435 438 441 444 447 450 453 456 459 462 465 468 471 474 477 480 483 486 489 492 495 498 501 504 507 510 513 516 519 522 525 528 531 534 537 540 543 546 549 552 555 558 561 564 567 570 573 576 579 582 585 588 591 594 597 600 603 606 609 612 615 618 621 624 627 630 633 636 639 642 645 648 651 654 657 660 663 666 669 672 675 678 681 684 687 690 693 696 699 702 705 708 711 714 717 720 723 726 729 732 735 738 741 744 747 750 753 756 759 762 765 768 771 774 777 780 783 786 789 792 795 798 801 804 807 810 813 816 819 822 825 828 831 834 837 840 843 846 849 852 855 858 861 864 867 870 873 876 879 882 885 888 891 894 897 900 903 906 909 912 915 918 921 924 927 930 933 936 939 942 945 948 951 954 957 960 963 966 969 972 975 978 981 984 987 990 993 996 999 1002 1005 1008 1011 1014 1017 1020 1023 1026 1029 1032 1035 1038 1041 1044 1047 1050 1053 1056 1059 1062 1065 1068 1071 1074 1077 1080 1083 1086 1089 1092 1095 1098 1101 1104 1107 1110 1113 1116 1119 1122 1125 1128 1131 1134 1137 1140 1143 1146 1149 1152 1155 1158 1161 1164 1167 1170 1173 1176 1179 1182 1185 1188 1191 1194 1197 1200 1203 1206 1209 1212 1215 1218 1221 1224 1227 1230 1233 1236 1239 1242 1245 1248 1251 1254 1257 1260 1263 1266 1269 1272 1275 1278 1281 1284 1287 1290 1293 1296 1299 1302 1305 1308 1311 1314 1317 1320 1323 1326 1329 1332 1335 1338 1341 1344 1347 1350 1353 1356 1359 1362 1365 1368 1371 1374 1377 1380 1383 1386 1389 1392 1395 1398 1401 1404 1407 1410 1413 1416 1419 1422 1425 1428 1431 1434 1437 1440 1443 1446 1449 1452 1455 1458 1461 1464 1467 1470 1473 1476 1479 1482 1485 1488 1491 1494 1497 1500 1503 1506 1509 1512 1515 1518 1521 1524 1527 1530 1533 1536 1539 1542 1545 1548 1551 1554 1557 1560 1563 1566 1569 1572 1575 1578 1581 1584 1587 1590 1593 1596 1599 1602 1605 1608 1611 1614 1617 1620 1623 1626 1629 1632 1635 1638 1641 1644 1647 1650 1653 1656 1659 1662 1665 1668 1671 1674 1677 1680 1683 1686 1689 1692 1695 1698 1701 1704 1707 1710 1713 1716 1719 1722 1725 1728 1731 1734 1737 1740 1743 1746 1749 1752 1755 1758 1761 1764 1767 1770 1773 1776 1779 1782 1785 1788 1791 1794 1797 1800 1803 1806 1809 1812 1815 1818 1821 1824 1827 1830 1833 1836 1839 1842 1845 1848 1851 1854 1857 1860 1863 1866 1869 1872 1875 1878 1881 1884 1887 1890 1893 1896 1899 1902 1905 1908 1911 1914 1917 1920 1923 1926 1929 1932 1935 1938 1941 1944 1947 1950 1953 1956 1959 1962 1965 1968 1971 1974 1977 1980 1983 1986 1989 1992 1995 1998 2001 2004 2007 2010 2013 2016 2019 2022 2025 2028 2031 2034 2037 2040 2043 2046 2049 2052 2055 2058 2061 2064 2067 2070 2073 2076 2079 2082 2085 2088 2091 2094 2097 2100 2103 2106 2109 2112 2115 2118 2121 2124 2127 2130 2133 2136 2139 2142 2145 2148 2151 2154 2157 2160 2163 2166 2169 2172 2175 2178 2181 2184 2187 2190 2193 2196 2199 2202 2205 2208 2211 2214 2217 2220 2223 2226 2229 2232 2235 2238 2241 2244 2247 2250 2253 2256 2259 2262 2265 2268 2271 2274 2277 2280 2283 2286 2289 2292 2295 2298 2301 2304 2307 2310 2313 2316 2319 2322 2325 2328 2331 2334 2337 2340 2343 2346 2349 2352 2355 2358 2361 2364 2367 2370 2373 2376 2379 2382 2385 2388 2391 2394 2397 2400 2403 2406 2409 2412 2415 2418 2421 2424 2427 2430 2433 2436 2439 2442 2445 2448 2451 2454 2457 2460 2463 2466 2469 2472 2475 2478 2481 2484 2487 2490 2493 2496 2499 2502 2505 2508 2511 2514 2517 2520 2523 2526 2529 2532 2535 2538 2541 2544 2547 2550 2553 2556 2559 2562 2565 2568 2571 2574 2577 2580 2583 2586 2589 2592 2595 2598 2601 2604 2607 2610 2613 2616 2619 2622 2625 2628 2631 2634 2637 2640 2643 2646 2649 2652 2655 2658 2661 2664 2667 2670 2673 2676 2679 2682 2685 2688 2691 2694 2697 2700 2703 2706 2709 2712 2715 2718 2721 2724 2727 2730 2733 2736 2739 2742 2745 2748 2751 2754 2757 2760 2763 2766 2769 2772 2775 2778 2781 2784 2787 2790 2793 2796 2799 2802 2805 2808 2811 2814 2817 2820 2823 2826 2829 2832 2835 2838 2841 2844 2847 2850 2853 2856 2859 2862 2865 2868 2871 2874 2877 2880 2883 2886 2889 2892 2895 2898 2901 2904 2907 2910 2913 2916 2919 2922 2925 2928 2931 2934 2937 2940 2943 2946 2949 2952 2955 2958 2961 2964 2967 2970 2973 2976 2979 2982 2985 2988 2991 2994 2997 3000 3003 3006 3009 3012 3015 3018 3021 3024 3027 3030 3033 3036 3039 3042 3045 3048 3051 3054 3057 3060 3063 3066 3069 3072 3075 3078 3081 3084 3087 3090 3093 3096 3099 3102 3105 3108 3111 3114 3117 3120 3123 3126 3129 3132 3135 3138 3141 3144 3147 3150 3153 3156 3159 3162 3165 3168 3171 3174 3177 3180 3183 3186 3189 3192 3195 3198 3201 3204 3207 3210 3213 3216 3219 3222 3225 3228 3231 3234 3237 3240 3243 3246 3249 3252 3255 3258 3261 3264 3267 3270 3273 3276 3279 3282 3285 3288 3291 3294 3297 3300 3303 3306 3309 3312 3315 3318 3321 3324 3327 3330 3333 3336 3339 3342 3345 3348 3351 3354 3357 3360 3363 3366 3369 3372 3375 3378 3381 3384 3387 3390 3393 3396 3399 3402 3405 3408 3411 3414 3417 3420 3423 3426 3429 3432 3435 3438 3441 3444 3447 3450 3453 3456 3459 3462 3465 3468 3471 3474 3477 3480 3483 3486 3489 3492 3495 3498 3501 3504 3507 3510 3513 3516 3519 3522 3525 3528 3531 3534 3537 3540 3543 3546 3549 3552 3555 3558 3561 3564 3567 3570 3573 3576 3579 3582 3585 3588 3591 3594 3597 3600 3603 3606 3609 3612 3615 3618 3621 3624 3627 3630 3633 3636 3639 3642 3645 3648 3651 3654 3657 3660 3663 3666 3669 3672 3675 3678 3681 3684 3687 3690 3693 3696 3699 3702 3705 3708 3711 3714 3717 3720 3723 3726 3729 3732 3735 3738 3741 3744 3747 3750 3753 3756 3759 3762 3765 3768 3771 3774 3777 3780 3783 3786 3789 3792 3795 3798 3801 3804 3807 3810 3813 3816 3819 3822 3825 3828 3831 3834 3837 3840 3843 3846 3849 3852 3855 3858 3861 3864 3867 3870 3873 3876 3879 3882 3885 3888 3891 3894 3897 3900 3903 3906 3909 3912 3915 3918 3921 3924 3927 3930 3933 3936 3939 3942 3945 3948 3951 3954 3957 3960 3963 3966 3969 3972 3975 3978 3981 3984 3987 3990 3993 3996 3999 4002 4005 4008 4011 4014 4017 4020 4023 4026 4029 4032 4035 4038 4041 4044 4047 4050 4053 4056 4059 4062 4065 4068 4071 4074 4077 4080 4083 4086 4089 4092 4095 4098 4101 4104 4107 4110 4113 4116 4119 4122 4125 4128 4131 4134 4137 4140 4143 4146 4149 4152 4155 4158 4161 4164 4167 4170 4173 4176 4179 4182 4185 4188 4191 4194 4197 4200 4203 4206 4209 4212 4215 4218 4221 4224 4227 4230 4233 4236 4239 4242 4245 4248 4251 4254 4257 4260 4263 4266 4269 4272 4275 4278 4281 4284 4287 4290 4293 4296 4299 4302 4305 4308 4311 4314 4317 4320 4323 4326 4329 4332 4335 4338 4341 4344 4347 4350 4353 4356 4359 4362 4365 4368 4371 4374 4377 4380 4383 4386 4389 4392 4395 4398 4401 4404 4407 4410 4413 4416 4419 4422 4425 4428 4431 4434 4437 4440 4443 4446 4449 4452 4455 4458 4461 4464 4467 4470 4473 4476 4479 4482 4485 4488 4491 4494 4497 4500 4503 4506 4509 4512 4515 4518 4521 4524 4527 4530 4533 4536 4539 4542 4545 4548 4551 4554 4557 4560 4563 4566 4569 4572 4575 4578 4581 4584 4587 4590 4593 4596 4599 4602 4605 4608 4611 4614 4617 4620 4623 4626 4629 4632 4635 4638 4641 4644 4647 4650 4653 4656 4659 4662 4665 4668 4671 4674 4677 4680 4683 4686 4689 4692 4695 4698 4701 4704 4707 4710 4713 4716 4719 4722 4725 4728 4731 4734 4737 4740 4743 4746 4749 4752 4755 4758 4761 4764 4767 4770 4773 4776 4779 4782 4785 4788 4791 4794 4797 4800 4803 4806 4809 4812 4815 4818 4821 4824 4827 4830 4833 4836 4839 4842 4845 4848 4851 4854 4857 4860 4863 4866 4869 4872 4875 4878 4881 4884 4887 4890 4893 4896 4899 4902 4905 4908 4911 4914 4917 4920 4923 4926 4929 4932 4935 4938 4941 4944 4947 4950 4953 4956 4959 4962 4965 4968 4971 4974 4977 4980 4983 4986 4989 4992 4995 4998 5001 5004 5007 5010 5013 5016 5019 5022 5025 5028 5031 5034 5037 5040 5043 5046 5049 5052 5055 5058 5061 5064 5067 5070 5073 5076 5079 5082 5085 5088 5091 5094 5097 5100 5103 5106 5109 5112 5115 5118 5121 5124 5127 5130 5133 5136 5139 5142 5145 5148 5151 5154 5157 5160 5163 5166 5169 5172 5175 5178 5181 5184 5187 5190 5193 5196 5199 5202 5205 5208 5211 5214 5217 5220 5223 5226 5229 5232 5235 5238 5241 5244 5247 5250 5253 5256 5259 5262 5265 5268 5271 5274 5277 5280 5283 5286 5289 5292 5295 5298 5301 5304 5307 5310 5313 5316 5319 5322 5325 5328 5331 5334 5337 5340 5343 5346 5349 5352 5355 5358 5361 5364 5367 5370 5373 5376 5379 5382 5385 5388 5391 5394 5397 5400 5403 5406 5409 5412 5415 5418 5421 5424 5427 5430 5433 5436 5439 5442 5445 5448 5451 5454 5457 5460 5463 5466 5469 5472 5475 5478 5481 5484 5487 5490 5493 5496 5499 5502 5505 5508 5511 5514 5517 5520 5523 5526 5529 5532 5535 5538 5541 5544 5547 5550 5553 5556 5559 5562 5565 5568 5571 5574 5577 5580 5583 5586 5589 5592 5595 5598 5601 5604 5607 5610 5613 5616 5619 5622 5625 5628 5631 5634 5637 5640 5643 5646 5649 5652 5655 5658 5661 5664 5667 5670 5673 5676 5679 5682 5685 5688 5691 5694 5697 5700 5703 5706 5709 5712 5715 5718 5721 5724 5727 5730 5733 5736 5739 5742 5745 5748 5751 5754 5757 5760 5763 5766 5769 5772 5775 5778 5781 5784 5787 5790 5793 5796 5799 5802 5805 5808 5811 5814 5817 5820 5823 5826 5829 5832 5835 5838 5841 5844 5847 5850 5853 5856 5859 5862 5865 5868 5871 5874 5877 5880 5883 5886 5889 5892 5895 5898 5901 5904 5907 5910 5913 5916 5919 5922 5925 5928 5931 5934 5937 5940 5943 5946 5949 5952 5955 5958 5961 5964 5967 5970 5973 5976 5979 5982 5985 5988 5991 5994 5997 6000 6003 6006 6009 6012 6015 6018 6021 6024 6027 6030 6033 6036 6039 6042 6045 6048 6051 6054 6057 6060 6063 6066 6069 6072 6075 6078 6081 6084 6087 6090 6093 6096 6099 6102 6105 6108 6111 6114 6117 6120 6123 6126 6129 6132 6135 6138 6141 6144 6147 6150 6153 6156 6159 6162 6165 6168 6171 6174 6177 6180 6183 6186 6189 6192 6195 6198 6201 6204 6207 6210 6213 6216 6219 6222 6225 6228 6231 6234 6237 6240 6243 6246 6249 6252 6255 6258 6261 6264 6267 6270 6273 6276 6279 6282 6285 6288 6291 6294 6297 6300 6303 6306 6309 6312 6315 6318 6321 6324 6327 6330 6333 6336 6339 6342 6345 6348 6351 6354 6357 6360 6363 6366 6369 6372 6375 6378 6381 6384 6387 6390 6393 6396 6399 6402 6405 6408 6411 6414 6417 6420 6423 6426 6429 6432 6435 6438 6441 6444 6447 6450 6453 6456 6459 6462 6465 6468 6471 6474 6477 6480 6483 6486 6489 6492 6495 6498 6501 6504 6507 6510 6513 6516 6519 6522 6525 6528 6531 6534 6537 6540 6543 6546 6549 6552 6555 6558 6561 6564 6567 6570 6573 6576 6579 6582 6585 6588 6591 6594 6597 6600 6603 6606 6609 6612 6615 6618 6621 6624 6627 6630 6633 6636 6639 6642 6645 6648 6651 6654 6657 6660 6663 6666 6669 6672 6675 6678 6681 6684 6687 6690 6693 6696 6699 6702 6705 6708 6711 6714 6717 6720 6723 6726 6729 6732 6735 6738 6741 6744 6747 6750 6753 6756 6759 6762 6765 6768 6771 6774 6777 6780 6783 6786 6789 6792 6795 6798 6801 6804 6807 6810 6813 6816 6819 6822 6825 6828 6831 6834 6837 6840 6843 6846 6849 6852 6855 6858 6861 6864 6867 6870 6873 6876 6879 6882 6885 6888 6891 6894 6897 6900 6903 6906 6909 6912 6915 6918 6921 6924 6927 6930 6933 6936 6939 6942 6945 6948 6951 6954 6957 6960 6963 6966 6969 6972 6975 6978 6981 6984 6987 6990 6993 6996 6999 7002 7005 7008 7011 7014 7017 7020 7023 7026 7029 7032 7035 7038 7041 7044 7047 7050 7053 7056 7059 7062 7065 7068 7071 7074 7077 7080 7083 7086 7089 7092 7095 7098 7101 7104 7107 7110 7113 7116 7119 7122 7125 7128 7131 7134 7137 7140 7143 7146 7149 7152 7155 7158 7161 7164 7167 7170 7173 7176 7179 7182 7185 7188 7191 7194 7197 7200 7203 7206 7209 7212 7215 7218 7221 7224 7227 7230 7233 7236 7239 7242 7245 7248 7251 7254 7257 7260 7263 7266 7269 7272 7275 7278 7281 7284 7287 7290 7293 7296 7299 7302 7305 7308 7311 7314 7317 7320 7323 7326 7329 7332 7335 7338 7341 7344 7347 7350 7353 7356 7359 7362 7365 7368 7371 7374 7377 7380 7383 7386 7389 7392 7395 7398 7401 7404 7407 7410 7413 7416 7419 7422 7425 7428 7431 7434 7437 7440 7443 7446 7449 7452 7455 7458 7461 7464 7467 7470 7473 7476 7479 7482 7485 7488 7491 7494 7497 7500 7503 7506 7509 7512 7515 7518 7521 7524 7527 7530 7533 7536 7539 7542 7545 7548 7551 7554 7557 7560 7563 7566 7569 7572 7575 7578 7581 7584 7587 7590 7593 7596 7599 7602 7605 7608 7611 7614 7617 7620 7623 7626 7629 7632 7635 7638 7641 7644 7647 7650 7653 7656 7659 7662 7665 7668 7671 7674 7677 7680 7683 7686 7689 7692 7695 7698 7701 7704 7707 7710 7713 7716 7719 7722 7725 7728 7731 7734 7737 7740 7743 7746 7749 7752 7755 7758 7761 7764 7767 7770 7773 7776 7779 7782 7785 7788 7791 7794 7797 7800 7803 7806 7809 7812 7815 7818 7821 7824 7827 7830 7833 7836 7839 7842 7845 7848 7851 7854 7857 7860 7863 7866 7869 7872 7875 7878 7881 7884 7887 7890 7893 7896 7899 7902 7905 7908 7911 7914 7917 7920 7923 7926 7929 7932 7935 7938 7941 7944 7947 7950 7953 7956 7959 7962 7965 7968 7971 7974 7977 7980 7983 7986 7989 7992 7995 7998 8001 8004 8007 8010 8013 8016 8019 8022 8025 8028 8031 8034 8037 8040 8043 8046 8049 8052 8055 8058 8061 8064 8067 8070 8073 8076 8079 8082 8085 8088 8091 8094 8097 8100 8103 8106 8109 8112 8115 8118 8121 8124 8127 8130 8133 8136 8139 8142 8145 8148 8151 8154 8157 8160 8163 8166 8169 8172 8175 8178 8181 8184 8187 8190 8193 8196 8199 8202 8205 8208 8211 8214 8217 8220 8223 8226 8229 8232 8235 8238 8241 8244 8247 8250 8253 8256 8259 8262 8265 8268 8271 8274 8277 8280 8283 8286 8289 8292 8295 8298 8301 8304 8307 8310 8313 8316 8319 8322 8325 8328 8331 8334 8337 8340 8343 8346 8349 8352 8355 8358 8361 8364 8367 8370 8373 8376 8379 8382 8385 8388 8391 8394 8397 8400 8403 8406 8409 8412 8415 8418 8421 8424 8427 8430 8433 8436 8439 8442 8445 8448 8451 8454 8457 8460 8463 8466 8469 8472 8475 8478 8481 8484 8487 8490 8493 8496 8499 8502 8505 8508 8511 8514 8517 8520 8523 8526 8529 8532 8535 8538 8541 8544 8547 8550 8553 8556 8559 8562 8565 8568 8571 8574 8577 8580 8583 8586 8589 8592 8595 8598 8601 8604 8607 8610 8613 8616 8619 8622 8625 8628 8631 8634 8637 8640 8643 8646 8649 8652 8655 8658 8661 8664 8667 8670 8673 8676 8679 8682 8685 8688 8691 8694 8697 8700 8703 8706 8709 8712 8715 8718 8721 8724 8727 8730 8733 8736 8739 8742 8745 8748 8751 8754 8757 8760 8763 8766 8769 8772 8775 8778 8781 8784 8787 8790 8793 8796 8799 8802 8805 8808 8811 8814 8817 8820 8823 8826 8829 8832 8835 8838 8841 8844 8847 8850 8853 8856 8859 8862 8865 8868 8871 8874 8877 8880 8883 8886 8889 8892 8895 8898 8901 8904 8907 8910 8913 8916 8919 8922 8925 8928 8931 8934 8937 8940 8943 8946 8949 8952 8955 8958 8961 8964 8967 8970 8973 8976 8979 8982 8985 8988 8991 8994 8997 9000 9003 9006 9009 9012 9015 9018 9021 9024 9027 9030 9033 9036 9039 9042 9045 9048 9051 9054 9057 9060 9063 9066 9069 9072 9075 9078 9081 9084 9087 9090 9093 9096 9099 9102 9105 9108 9111 9114 9117 9120 9123 9126 9129 9132 9135 9138 9141 9144 9147 9150 9153 9156 9159 9162 9165 9168 9171 9174 9177 9180 9183 9186 9189 9192 9195 9198 9201 9204 9207 9210 9213 9216 9219 9222 9225 9228 9231 9234 9237 9240 9243 9246 9249 9252 9255 9258 9261 9264 9267 9270 9273 9276 9279 9282 9285 9288 9291 9294 9297 9300 9303 9306 9309 9312 9315 9318 9321 9324 9327 9330 9333 9336 9339 9342 9345 9348 9351 9354 9357 9360 9363 9366 9369 9372 9375 9378 9381 9384 9387 9390 9393 9396 9399 9402 9405 9408 9411 9414 9417 9420 9423 9426 9429 9432 9435 9438 9441 9444 9447 9450 9453 9456 9459 9462 9465 9468 9471 9474 9477 9480 9483 9486 9489 9492 9495 9498 9501 9504 9507 9510 9513 9516 9519 9522 9525 9528 9531 9534 9537 9540 9543 9546 9549 9552 9555 9558 9561 9564 9567 9570 9573 9576 9579 9582 9585 9588 9591 9594 9597 9600 9603 9606 9609 9612 9615 9618 9621 9624 9627 9630 9633 9636 9639 9642 9645 9648 9651 9654 9657 9660 9663 9666 9669 9672 9675 9678 9681 9684 9687 9690 9693 9696 9699 9702 9705 9708 9711 9714 9717 9720 9723 9726 9729 9732 9735 9738 9741 9744 9747 9750 9753 9756 9759 9762 9765 9768 9771 9774 9777 9780 9783 9786 9789 9792 9795 9798 9801 9804 9807 9810 9813 9816 9819 9822 9825 9828 9831 9834 9837 9840 9843 9846 9849 9852 9855 9858 9861 9864 9867 9870 9873 9876 9879 9882 9885 9888 9891 9894 9897 9900 9903 9906 9909 9912 9915 9918 9921 9924 9927 9930 9933 9936 9939 9942 9945 9948 9951 9954 9957 9960 9963 9966 9969 9972 9975 9978 9981 9984 9987 9990 9993 9996 9999 10002 10005 10008 10011 10014 10017 10020 10023 10026 10029 10032 10035 10038 10041 10044 10047 10050 10053 10056 10059 10062 10065 10068 10071 10074 10077 10080 10083 10086 10089 10092 10095 10098 10101 10104 10107 10110 10113 10116 10119 10122 10125 10128 10131 10134 10137 10140 10143 10146 10149 10152 10155 10158 10161 10164 10167 10170 10173 10176 10179 10182 10185 10188 10191 10194 10197 10200 10203 10206 10209 10212 10215 10218 10221 10224 10227 10230 10233 10236 10239 10242 10245 10248 10251 10254 10257 10260 10263 10266 10269 10272 10275 10278 10281 10284 10287 10290 10293 10296 10299 10302 10305 10308 10311 10314 10317 10320 10323 10326 10329 10332 10335 10338 10341 10344 10347 10350 10353 10356 10359 10362 10365 10368 10371 10374 10377 10380 10383 10386 10389 10392 10395 10398 10401 10404 10407 10410 10413 10416 10419 10422 10425 10428 10431 10434 10437 10440 10443 10446 10449 10452 10455 10458 10461 10464 10467 10470 10473 10476 10479 10482 10485 10488 10491 10494 10497 10500 10503 10506 10509 10512 10515 10518 10521 10524 10527 10530 10533 10536 10539 10542 10545 10548 10551 10554 10557 10560 10563 10566 10569 10572 10575 10578 10581 10584 10587 10590 10593 10596 10599 10602 10605 10608 10611 10614 10617 10620 10623 10626 10629 10632 10635 10638 10641 10644 10647 10650 10653 10656 10659 10662 10665 10668 10671 10674 10677 10680 10683 10686 10689 10692 10695 10698 10701 10704 10707 10710 10713 10716 10719 10722 10725 10728 10731 10734 10737 10740 10743 10746 10749 10752 10755 10758 10761 10764 10767 10770 10773 10776 10779 10782 10785 10788 10791 10794 10797 10800 10803 10806 10809 10812 10815 10818 10821 10824 10827 10830 10833 10836 10839 10842 10845 10848 10851 10854 10857 10860 10863 10866 10869 10872 10875 10878 10881 10884 10887 10890 10893 10896 10899 10902 10905 10908 10911 10914 10917 10920 10923 10926 10929 10932 10935 10938 10941 10944 10947 10950 10953 10956 10959 10962 10965 10968 10971 10974 10977 10980 10983 10986 10989 10992 10995 10998 11001 11004 11007 11010 11013 11016 11019 11022 11025 11028 11031 11034 11037 11040 11043 11046 11049 11052 11055 11058 11061 11064 11067 11070 11073 11076 11079 11082 11085 11088 11091 11094 11097 11100 11103 11106 11109 11112 11115 11118 11121 11124 11127 11130 11133 11136 11139 11142 11145 11148 11151 11154 11157 11160 11163 11166 11169 11172 11175 11178 11181 11184 11187 11190 11193 11196 11199 11202 11205 11208 11211 11214 11217 11220 11223 11226 11229 11232 11235 11238 11241 11244 11247 11250 11253 11256 11259 11262 11265 11268 11271 11274 11277 11280 11283 11286 11289 11292 11295 11298 11301 11304 11307 11310 11313 11316 11319 11322 11325 11328 11331 11334 11337 11340 11343 11346 11349 11352 11355 11358 11361 11364 11367 11370 11373 11376 11379 11382 11385 11388 11391 11394 11397 11400 11403 11406 11409 11412 11415 11418 11421 11424 11427 11430 11433 11436 11439 11442 11445 11448 11451 11454 11457 11460 11463 11466 11469 11472 11475 11478 11481 11484 11487 11490 11493 11496 11499 11502 11505 11508 11511 11514 11517 11520 11523 11526 11529 11532 11535 11538 11541 11544 11547 11550 11553 11556 11559 11562 11565 11568 11571 11574 11577 11580 11583 11586 11589 11592 11595 11598 11601 11604 11607 11610 11613 11616 11619 11622 11625 11628 11631 11634 11637 11640 11643 11646 11649 11652 11655 11658 11661 11664 11667 11670 11673 11676 11679 11682 11685 11688 11691 11694 11697 11700 11703 11706 11709 11712 11715 11718 11721 11724 11727 11730 11733 11736 11739 11742 11745 11748 11751 11754 11757 11760 11763 11766 11769 11772 11775 11778 11781 11784 11787 11790 11793 11796 11799 11802 11805 11808 11811 11814 11817 11820 11823 11826 11829 11832 11835 11838 11841 11844 11847 11850 11853 11856 11859 11862 11865 11868 11871 11874 11877 11880 11883 11886 11889 11892 11895 11898 11901 11904 11907 11910 11913 11916 11919 11922 11925 11928 11931 11934 11937 11940 11943 11946 11949 11952 11955 11958 11961 11964 11967 11970 11973 11976 11979 11982 11985 11988 11991 11994 11997 12000 12003 12006 12009 12012 12015 12018 12021 12024 12027 12030 12033 12036 12039 12042 12045 12048 12051 12054 12057 12060 12063 12066 12069 12072 12075 12078 12081 12084 12087 12090 12093 12096 12099 12102 12105 12108 12111 12114 12117 12120 12123 12126 12129 12132 12135 12138 12141 12144 12147 12150 12153 12156 12159 12162 12165 12168 12171 12174 12177 12180 12183 12186 12189 12192 12195 12198 12201 12204 12207 12210 12213 12216 12219 12222 12225 12228 12231 12234 12237 12240 12243 12246 12249 12252 12255 12258 12261 12264 12267 12270 12273 12276 12279 12282 12285 12288 12291 12294 12297 12300 12303 12306 12309 12312 12315 12318 12321 12324 12327 12330 12333 12336 12339 12342 12345 12348 12351 12354 12357 12360 12363 12366 12369 12372 12375 12378 12381 12384 12387 12390 12393 12396 12399 12402 12405 12408 12411 12414 12417 12420 12423 12426 12429 12432 12435 12438 12441 12444 12447 12450 12453 12456 12459 12462 12465 12468 12471 12474 12477 12480 12483 12486 12489 12492 12495 12498 12501 12504 12507 12510 12513 12516 12519 12522 12525 12528 12531 12534 12537 12540 12543 12546 12549 12552 12555 12558 12561 12564 12567 12570 12573 12576 12579 12582 12585 12588 12591 12594 12597 12600 12603 12606 12609 12612 12615 12618 12621 12624 12627 12630 12633 12636 12639 12642 12645 12648 12651 12654 12657 12660 12663 12666 12669 12672 12675 12678 12681 12684 12687 12690 12693 12696 12699 12702 12705 12708 12711 12714 12717 12720 12723 12726 12729 12732 12735 12738 12741 12744 12747 12750 12753 12756 12759 12762 12765 12768 12771 12774 12777 12780 12783 12786 12789 12792 12795 12798 12801 12804 12807 12810 12813 12816 12819 12822 12825 12828 12831 12834 12837 12840 12843 12846 12849 12852 12855 12858 12861 12864 12867 12870 12873 12876 12879 12882 12885 12888 12891 12894 12897 12900 12903 12906 12909 12912 12915 12918 12921 12924 12927 12930 12933 12936 12939 12942 12945 12948 12951 12954 12957 12960 12963 12966 12969 12972 12975 12978 12981 12984 12987 12990 12993 12996 12999 13002 13005 13008 13011 13014 13017 13020 13023 13026 13029 13032 13035 13038 13041 13044 13047 13050 13053 13056 13059 13062 13065 13068 13071 13074 13077 13080 13083 13086 13089 13092 13095 13098 13101 13104 13107 13110 13113 13116 13119 13122 13125 13128 13131 13134 13137 13140 13143 13146 13149 13152 13155 13158 13161 13164 13167 13170 13173 13176 13179 13182 13185 13188 13191 13194 13197 13200 13203 13206 13209 13212 13215 13218 13221 13224 13227 13230 13233 13236 13239 13242 13245 13248 13251 13254 13257 13260 13263 13266 13269 13272 13275 13278 13281 13284 13287 13290 13293 13296 13299 13302 13305 13308 13311 13314 13317 13320 13323 13326 13329 13332 13335 13338 13341 13344 13347 13350 13353 13356 13359 13362 13365 13368 13371 13374 13377 13380 13383 13386 13389 13392 13395 13398 13401 13404 13407 13410 13413 13416 13419 13422 13425 13428 13431 13434 13437 13440 13443 13446 13449 13452 13455 13458 13461 13464 13467 13470 13473 13476 13479 13482 13485 13488 13491 13494 13497 13500 13503 13506 13509 13512 13515 13518 13521 13524 13527 13530 13533 13536 13539 13542 13545 13548 13551 13554 13557 13560 13563 13566 13569 13572 13575 13578 13581 13584 13587 13590 13593 13596 13599 13602 13605 13608 13611 13614 13617 13620 13623 13626 13629 13632 13635 13638 13641 13644 13647 13650 13653 13656 13659 13662 13665 13668 13671 13674 13677 13680 13683 13686 13689 13692 13695 13698 13701 13704 13707 13710 13713 13716 13719 13722 13725 13728 13731 13734 13737 13740 13743 13746 13749 13752 13755 13758 13761 13764 13767 13770 13773 13776 13779 13782 13785 13788 13791 13794 13797 13800 13803 13806 13809 13812 13815 13818 13821 13824 13827 13830 13833 13836 13839 13842 13845 13848 13851 13854 13857 13860 13863 13866 13869 13872 13875 13878 13881 13884 13887 13890 13893 13896 13899 13902 13905 13908 13911 13914 13917 13920 13923 13926 13929 13932 13935 13938 13941 13944 13947 13950 13953 13956 13959 13962 13965 13968 13971 13974 13977 13980 13983 13986 13989 13992 13995 13998 14001 14004 14007 14010 14013 14016 14019 14022 14025 14028 14031 14034 14037 14040 14043 14046 14049 14052 14055 14058 14061 14064 14067 14070 14073 14076 14079 14082 14085 14088 14091 14094 14097 14100 14103 14106 14109 14112 14115 14118 14121 14124 14127 14130 14133 14136 14139 14142 14145 14148 14151 14154 14157 14160 14163 14166 14169 14172 14175 14178 14181 14184 14187 14190 14193 14196 14199 14202 14205 14208 14211 14214 14217 14220 14223 14226 14229 14232 14235 14238 14241 14244 14247 14250 14253 14256 14259 14262 14265 14268 14271 14274 14277 14280 14283 14286 14289 14292 14295 14298 14301 14304 14307 14310 14313 14316 14319 14322 14325 14328 14331 14334 14337 14340 14343 14346 14349 14352 14355 14358 14361 14364 14367 14370 14373 14376 14379 14382 14385 14388 14391 14394 14397 14400 14403 14406 14409 14412 14415 14418 14421 14424 14427 14430 14433 14436 14439 14442 14445 14448 14451 14454 14457 14460 14463 14466 14469 14472 14475 14478 14481 14484 14487 14490 14493 14496 14499 14502 14505 14508 14511 14514 14517 14520 14523 14526 14529 14532 14535 14538 14541 14544 14547 14550 14553 14556 14559 14562 14565 14568 14571 14574 14577 14580 14583 14586 14589 14592 14595 14598 14601 14604 14607 14610 14613 14616 14619 14622 14625 14628 14631 14634 14637 14640 14643 14646 14649 14652 14655 14658 14661 14664 14667 14670 14673 14676 14679 14682 14685 14688 14691 14694 14697 14700 14703 14706 14709 14712 14715 14718 14721 14724 14727 14730 14733 14736 14739 14742 14745 14748 14751 14754 14757 14760 14763 14766 14769 14772 14775 14778 14781 14784 14787 14790 14793 14796 14799 14802 14805 14808 14811 14814 14817 14820 14823 14826 14829 14832 14835 14838 14841 14844 14847 14850 14853 14856 14859 14862 14865 14868 14871 14874 14877 14880 14883 14886 14889 14892 14895 14898 14901 14904 14907 14910 14913 14916 14919 14922 14925 14928 14931 14934 14937 14940 14943 14946 14949 14952 14955 14958 14961 14964 14967 14970 14973 14976 14979 14982 14985 14988 14991 14994 14997 15000 15003 15006 15009 15012 15015 15018 15021 15024 15027 15030 15033 15036 15039 15042 15045 15048 15051 15054 15057 15060 15063 15066 15069 15072 15075 15078 15081 15084 15087 15090 15093 15096 15099 15102 15105 15108 15111 15114 15117 15120 15123 15126 15129 15132 15135 15138 15141 15144 15147 15150 15153 15156 15159 15162 15165 15168 15171 15174 15177 15180 15183 15186 15189 15192 15195 15198 15201 15204 15207 15210 15213 15216 15219 15222 15225 15228 15231 15234 15237 15240 15243 15246 15249 15252 15255 15258 15261 15264 15267 15270 15273 15276 15279 15282 15285 15288 15291 15294 15297 15300 15303 15306 15309 15312 15315 15318 15321 15324 15327 15330 15333 15336 15339 15342 15345 15348 15351 15354 15357 15360 15363 15366 15369 15372 15375 15378 15381 15384 15387 15390 15393 15396 15399 15402 15405 15408 15411 15414 15417 15420 15423 15426 15429 15432 15435 15438 15441 15444 15447 15450 15453 15456 15459 15462 15465 15468 15471 15474 15477 15480 15483 15486 15489 15492 15495 15498 15501 15504 15507 15510 15513 15516 15519 15522 15525 15528 15531 15534 15537 15540 15543 15546 15549 15552 15555 15558 15561 15564 15567 15570 15573 15576 15579 15582 15585 15588 15591 15594 15597 15600 15603 15606 15609 15612 15615 15618 15621 15624 15627 15630 15633 15636 15639 15642 15645 15648 15651 15654 15657 15660 15663 15666 15669 15672 15675 15678 15681 15684 15687 15690 15693 15696 15699 15702 15705 15708 15711 15714 15717 15720 15723 15726 15729 15732 15735 15738 15741 15744 15747 15750 15753 15756 15759 15762 15765 15768 15771 15774 15777 15780 15783 15786 15789 15792 15795 15798 15801 15804 15807 15810 15813 15816 15819 15822 15825 15828 15831 15834 15837 15840 15843 15846 15849 15852 15855 15858 15861 15864 15867 15870 15873 15876 15879 15882 15885 15888 15891 15894 15897 15900 15903 15906 15909 15912 15915 15918 15921 15924 15927 15930 15933 15936 15939 15942 15945 15948 15951 15954 15957 15960 15963 15966 15969 15972 15975 15978 15981 15984 15987 15990 15993 15996 15999 16002 16005 16008 16011 16014 16017 16020 16023 16026 16029 16032 16035 16038 16041 16044 16047 16050 16053 16056 16059 16062 16065 16068 16071 16074 16077 16080 16083 16086 16089 16092 16095 16098 16101 16104 16107 16110 16113 16116 16119 16122 16125 16128 16131 16134 16137 16140 16143 16146 16149 16152 16155 16158 16161 16164 16167 16170 16173 16176 16179 16182 16185 16188 16191 16194 16197 16200 16203 16206 16209 16212 16215 16218 16221 16224 16227 16230 16233 16236 16239 16242 16245 16248 16251 16254 16257 16260 16263 16266 16269 16272 16275 16278 16281 16284 16287 16290 16293 16296 16299 16302 16305 16308 16311 16314 16317 16320 16323 16326 16329 16332 16335 16338 16341 16344 16347 16350 16353 16356 16359 16362 16365 16368 16371 16374 16377 16380 16383 16386 16389 16392 16395 16398 16401 16404 16407 16410 16413 16416 16419 16422 16425 16428 16431 16434 16437 16440 16443 16446 16449 16452 16455 16458 16461 16464 16467 16470 16473 16476 16479 16482 16485 16488 16491 16494 16497 16500 16503 16506 16509 16512 16515 16518 16521 16524 16527 16530 16533 16536 16539 16542 16545 16548 16551 16554 16557 16560 16563 16566 16569 16572 16575 16578 16581 16584 16587 16590 16593 16596 16599 16602 16605 16608 16611 16614 16617 16620 16623 16626 16629 16632 16635 16638 16641 16644 16647 16650 16653 16656 16659 16662 16665 16668 16671 16674 16677 16680 16683 16686 16689 16692 16695 16698 16701 16704 16707 16710 16713 16716 16719 16722 16725 16728 16731 16734 16737 16740 16743 16746 16749 16752 16755 16758 16761 16764 16767 16770 16773 16776 16779 16782 16785 16788 16791 16794 16797 16800 16803 16806 16809 16812 16815 16818 16821 16824 16827 16830 16833 16836 16839 16842 16845 16848 16851 16854 16857 16860 16863 16866 16869 16872 16875 16878 16881 16884 16887 16890 16893 16896 16899 16902 16905 16908 16911 16914 16917 16920 16923 16926 16929 16932 16935 16938 16941 16944 16947 16950 16953 16956 16959 16962 16965 16968 16971 16974 16977 16980 16983 16986 16989 16992 16995 16998 17001 17004 17007 17010 17013 17016 17019 17022 17025 17028 17031 17034 17037 17040 17043 17046 17049 17052 17055 17058 17061 17064 17067 17070 17073 17076 17079 17082 17085 17088 17091 17094 17097 17100 17103 17106 17109 17112 17115 17118 17121 17124 17127 17130 17133 17136 17139 17142 17145 17148 17151 17154 17157 17160 17163 17166 17169 17172 17175 17178 17181 17184 17187 17190 17193 17196 17199 17202 17205 17208 17211 17214 17217 17220 17223 17226 17229 17232 17235 17238 17241 17244 17247 17250 17253 17256 17259 17262 17265 17268 17271 17274 17277 17280 17283 17286 17289 17292 17295 17298 17301 17304 17307 17310 17313 17316 17319 17322 17325 17328 17331 17334 17337 17340 17343 17346 17349 17352 17355 17358 17361 17364 17367 17370 17373 17376 17379 17382 17385 17388 17391 17394 17397 17400 17403 17406 17409 17412 17415 17418 17421 17424 17427 17430 17433 17436 17439 17442 17445 17448 17451 17454 17457 17460 17463 17466 17469 17472 17475 17478 17481 17484 17487 17490 17493 17496 17499 17502 17505 17508 17511 17514 17517 17520 17523 17526 17529 17532 17535 17538 17541 17544 17547 17550 17553 17556 17559 17562 17565 17568 17571 17574 17577 17580 17583 17586 17589 17592 17595 17598 17601 17604 17607 17610 17613 17616 17619 17622 17625 17628 17631 17634 17637 17640 17643 17646 17649 17652 17655 17658 17661 17664 17667 17670 17673 17676 17679 17682 17685 17688 17691 17694 17697 17700 17703 17706 17709 17712 17715 17718 17721 17724 17727 17730 17733 17736 17739 17742 17745 17748 17751 17754 17757 17760 17763 17766 17769 17772 17775 17778 17781 17784 17787 17790 17793 17796 17799 17802 17805 17808 17811 17814 17817 17820 17823 17826 17829 17832 17835 17838 17841 17844 17847 17850 17853 17856 17859 17862 17865 17868 17871 17874 17877 17880 17883 17886 17889 17892 17895 17898 17901 17904 17907 17910 17913 17916 17919 17922 17925 17928 17931 17934 17937 17940 17943 17946 17949 17952 17955 17958 17961 17964 17967 17970 17973 17976 17979 17982 17985 17988 17991 17994 17997 18000 18003 18006 18009 18012 18015 18018 18021 18024 18027 18030 18033 18036 18039 18042 18045 18048 18051 18054 18057 18060 18063 18066 18069 18072 18075 18078 18081 18084 18087 18090 18093 18096 18099 18102 18105 18108 18111 18114 18117 18120 18123 18126 18129 18132 18135 18138 18141 18144 18147 18150 18153 18156 18159 18162 18165 18168 18171 18174 18177 18180 18183 18186 18189 18192 18195 18198 18201 18204 18207 18210 18213 18216 18219 18222 18225 18228 18231 18234 18237 18240 18243 18246 18249 18252 18255 18258 18261 18264 18267 18270 18273 18276 18279 18282 18285 18288 18291 18294 18297 18300 18303 18306 18309 18312 18315 18318 18321 18324 18327 18330 18333 18336 18339 18342 18345 18348 18351 18354 18357 18360 18363 18366 18369 18372 18375 18378 18381 18384 18387 18390 18393 18396 18399 18402 18405 18408 18411 18414 18417 18420 18423 18426 18429 18432 18435 18438 18441 18444 18447 18450 18453 18456 18459 18462 18465 18468 18471 18474 18477 18480 18483 18486 18489 18492 18495 18498 18501 18504 18507 18510 18513 18516 18519 18522 18525 18528 18531 18534 18537 18540 18543 18546 18549 18552 18555 18558 18561 18564 18567 18570 18573 18576 18579 18582 18585 18588 18591 18594 18597 18600 18603 18606 18609 18612 18615 18618 18621 18624 18627 18630 18633 18636 18639 18642 18645 18648 18651 18654 18657 18660 18663 18666 18669 18672 18675 18678 18681 18684 18687 18690 18693 18696 18699 18702 18705 18708 18711 18714 18717 18720 18723 18726 18729 18732 18735 18738 18741 18744 18747 18750 18753 18756 18759 18762 18765 18768 18771 18774 18777 18780 18783 18786 18789 18792 18795 18798 18801 18804 18807 18810 18813 18816 18819 18822 18825 18828 18831 18834 18837 18840 18843 18846 18849 18852 18855 18858 18861 18864 18867 18870 18873 18876 18879 18882 18885 18888 18891 18894 18897 18900 18903 18906 18909 18912 18915 18918 18921 18924 18927 18930 18933 18936 18939 18942 18945 18948 18951 18954 18957 18960 18963 18966 18969 18972 18975 18978 18981 18984 18987 18990 18993 18996 18999 19002 19005 19008 19011 19014 19017 19020 19023 19026 19029 19032 19035 19038 19041 19044 19047 19050 19053 19056 19059 19062 19065 19068 </DataArray>
            <DataArray Name="types" format="ascii" type="UInt8">5 5 5 5 5 5 5 5 5 5 5 5 5 5 5 5 5 5 5 5 5 5 5 5 5 5 5 5 5 5 5 5 5 5 5 5 5 5 5 5 5 5 5 5 5 5 5 5 5 5 5 5 5 5 5 5 5 5 5 5 5 5 5 5 5 5 5 5 5 5 5 5 5 5 5 5 5 5 5 5 5 5 5 5 5 5 5 5 5 5 5 5 5 5 5 5 5 5 5 5 5 5 5 5 5 5 5 5 5 5 5 5 5 5 5 5 5 5 5 5 5 5 5 5 5 5 5 5 5 5 5 5 5 5 5 5 5 5 5 5 5 5 5 5 5 5 5 5 5 5 5 5 5 5 5 5 5 5 5 5 5 5 5 5 5 5 5 5 5 5 5 5 5 5 5 5 5 5 5 5 5 5 5 5 5 5 5 5 5 5 5 5 5 5 5 5 5 5 5 5 5 5 5 5 5 5 5 5 5 5 5 5 5 5 5 5 5 5 5 5 5 5 5 5 5 5 5 5 5 5 5 5 5 5 5 5 5 5 5 5 5 5 5 5 5 5 5 5 5 5 5 5 5 5 5 5 5 5 5 5 5 5 5 5 5 5 5 5 5 5 5 5 5 5 5 5 5 5 5 5 5 5 5 5 5 5 5 5 5 5 5 5 5 5 5 5 5 5 5 5 5 5 5 5 5 5 5 5 5 5 5 5 5 5 5 5 5 5 5 5 5 5 5 5 5 5 5 5 5 5 5 5 5 5 5 5 5 5 5 5 5 5 5 5 5 5 5 5 5 5 5 5 5 5 5 5 5 5 5 5 5 5 5 5 5 5 5 5 5 5 5 5 5 5 5 5 5 5 5 5 5 5 5 5 5 5 5 5 5 5 5 5 5 5 5 5 5 5 5 5 5 5 5 5 5 5 5 5 5 5 5 5 5 5 5 5 5 5 5 5 5 5 5 5 5 5 5 5 5 5 5 5 5 5 5 5 5 5 5 5 5 5 5 5 5 5 5 5 5 5 5 5 5 5 5 5 5 5 5 5 5 5 5 5 5 5 5 5 5 5 5 5 5 5 5 5 5 5 5 5 5 5 5 5 5 5 5 5 5 5 5 5 5 5 5 5 5 5 5 5 5 5 5 5 5 5 5 5 5 5 5 5 5 5 5 5 5 5 5 5 5 5 5 5 5 5 5 5 5 5 5 5 5 5 5 5 5 5 5 5 5 5 5 5 5 5 5 5 5 5 5 5 5 5 5 5 5 5 5 5 5 5 5 5 5 5 5 5 5 5 5 5 5 5 5 5 5 5 5 5 5 5 5 5 5 5 5 5 5 5 5 5 5 5 5 5 5 5 5 5 5 5 5 5 5 5 5 5 5 5 5 5 5 5 5 5 5 5 5 5 5 5 5 5 5 5 5 5 5 5 5 5 5 5 5 5 5 5 5 5 5 5 5 5 5 5 5 5 5 5 5 5 5 5 5 5 5 5 5 5 5 5 5 5 5 5 5 5 5 5 5 5 5 5 5 5 5 5 5 5 5 5 5 5 5 5 5 5 5 5 5 5 5 5 5 5 5 5 5 5 5 5 5 5 5 5 5 5 5 5 5 5 5 5 5 5 5 5 5 5 5 5 5 5 5 5 5 5 5 5 5 5 5 5 5 5 5 5 5 5 5 5 5 5 5 5 5 5 5 5 5 5 5 5 5 5 5 5 5 5 5 5 5 5 5 5 5 5 5 5 5 5 5 5 5 5 5 5 5 5 5 5 5 5 5 5 5 5 5 5 5 5 5 5 5 5 5 5 5 5 5 5 5 5 5 5 5 5 5 5 5 5 5 5 5 5 5 5 5 5 5 5 5 5 5 5 5 5 5 5 5 5 5 5 5 5 5 5 5 5 5 5 5 5 5 5 5 5 5 5 5 5 5 5 5 5 5 5 5 5 5 5 5 5 5 5 5 5 5 5 5 5 5 5 5 5 5 5 5 5 5 5 5 5 5 5 5 5 5 5 5 5 5 5 5 5 5 5 5 5 5 5 5 5 5 5 5 5 5 5 5 5 5 5 5 5 5 5 5 5 5 5 5 5 5 5 5 5 5 5 5 5 5 5 5 5 5 5 5 5 5 5 5 5 5 5 5 5 5 5 5 5 5 5 5 5 5 5 5 5 5 5 5 5 5 5 5 5 5 5 5 5 5 5 5 5 5 5 5 5 5 5 5 5 5 5 5 5 5 5 5 5 5 5 5 5 5 5 5 5 5 5 5 5 5 5 5 5 5 5 5 5 5 5 5 5 5 5 5 5 5 5 5 5 5 5 5 5 5 5 5 5 5 5 5 5 5 5 5 5 5 5 5 5 5 5 5 5 5 5 5 5 5 5 5 5 5 5 5 5 5 5 5 5 5 5 5 5 5 5 5 5 5 5 5 5 5 5 5 5 5 5 5 5 5 5 5 5 5 5 5 5 5 5 5 5 5 5 5 5 5 5 5 5 5 5 5 5 5 5 5 5 5 5 5 5 5 5 5 5 5 5 5 5 5 5 5 5 5 5 5 5 5 5 5 5 5 5 5 5 5 5 5 5 5 5 5 5 5 5 5 5 5 5 5 5 5 5 5 5 5 5 5 5 5 5 5 5 5 5 5 5 5 5 5 5 5 5 5 5 5 5 5 5 5 5 5 5 5 5 5 5 5 5 5 5 5 5 5 5 5 5 5 5 5 5 5 5 5 5 5 5 5 5 5 5 5 5 5 5 5 5 5 5 5 5 5 5 5 5 5 5 5 5 5 5 5 5 5 5 5 5 5 5 5 5 5 5 5 5 5 5 5 5 5 5 5 5 5 5 5 5 5 5 5 5 5 5 5 5 5 5 5 5 5 5 5 5 5 5 5 5 5 5 5 5 5 5 5 5 5 5 5 5 5 5 5 5 5 5 5 5 5 5 5 5 5 5 5 5 5 5 5 5 5 5 5 5 5 5 5 5 5 5 5 5 5 5 5 5 5 5 5 5 5 5 5 5 5 5 5 5 5 5 5 5 5 5 5 5 5 5 5 5 5 5 5 5 5 5 5 5 5 5 5 5 5 5 5 5 5 5 5 5 5 5 5 5 5 5 5 5 5 5 5 5 5 5 5 5 5 5 5 5 5 5 5 5 5 5 5 5 5 5 5 5 5 5 5 5 5 5 5 5 5 5 5 5 5 5 5 5 5 5 5 5 5 5 5 5 5 5 5 5 5 5 5 5 5 5 5 5 5 5 5 5 5 5 5 5 5 5 5 5 5 5 5 5 5 5 5 5 5 5 5 5 5 5 5 5 5 5 5 5 5 5 5 5 5 5 5 5 5 5 5 5 5 5 5 5 5 5 5 5 5 5 5 5 5 5 5 5 5 5 5 5 5 5 5 5 5 5 5 5 5 5 5 5 5 5 5 5 5 5 5 5 5 5 5 5 5 5 5 5 5 5 5 5 5 5 5 5 5 5 5 5 5 5 5 5 5 5 5 5 5 5 5 5 5 5 5 5 5 5 5 5 5 5 5 5 5 5 5 5 5 5 5 5 5 5 5 5 5 5 5 5 5 5 5 5 5 5 5 5 5 5 5 5 5 5 5 5 5 5 5 5 5 5 5 5 5 5 5 5 5 5 5 5 5 5 5 5 5 5 5 5 5 5 5 5 5 5 5 5 5 5 5 5 5 5 5 5 5 5 5 5 5 5 5 5 5 5 5 5 5 5 5 5 5 5 5 5 5 5 5 5 5 5 5 5 5 5 5 5 5 5 5 5 5 5 5 5 5 5 5 5 5 5 5 5 5 5 5 5 5 5 5 5 5 5 5 5 5 5 5 5 5 5 5 5 5 5 5 5 5 5 5 5 5 5 5 5 5 5 5 5 5 5 5 5 5 5 5 5 5 5 5 5 5 5 5 5 5 5 5 5 5 5 5 5 5 5 5 5 5 5 5 5 5 5 5 5 5 5 5 5 5 5 5 5 5 5 5 5 5 5 5 5 5 5 5 5 5 5 5 5 5 5 5 5 5 5 5 5 5 5 5 5 5 5 5 5 5 5 5 5 5 5 5 5 5 5 5 5 5 5 5 5 5 5 5 5 5 5 5 5 5 5 5 5 5 5 5 5 5 5 5 5 5 5 5 5 5 5 5 5 5 5 5 5 5 5 5 5 5 5 5 5 5 5 5 5 5 5 5 5 5 5 5 5 5 5 5 5 5 5 5 5 5 5 5 5 5 5 5 5 5 5 5 5 5 5 5 5 5 5 5 5 5 5 5 5 5 5 5 5 5 5 5 5 5 5 5 5 5 5 5 5 5 5 5 5 5 5 5 5 5 5 5 5 5 5 5 5 5 5 5 5 5 5 5 5 5 5 5 5 5 5 5 5 5 5 5 5 5 5 5 5 5 5 5 5 5 5 5 5 5 5 5 5 5 5 5 5 5 5 5 5 5 5 5 5 5 5 5 5 5 5 5 5 5 5 5 5 5 5 5 5 5 5 5 5 5 5 5 5 5 5 5 5 5 5 5 5 5 5 5 5 5 5 5 5 5 5 5 5 5 5 5 5 5 5 5 5 5 5 5 5 5 5 5 5 5 5 5 5 5 5 5 5 5 5 5 5 5 5 5 5 5 5 5 5 5 5 5 5 5 5 5 5 5 5 5 5 5 5 5 5 5 5 5 5 5 5 5 5 5 5 5 5 5 5 5 5 5 5 5 5 5 5 5 5 5 5 5 5 5 5 5 5 5 5 5 5 5 5 5 5 5 5 5 5 5 5 5 5 5 5 5 5 5 5 5 5 5 5 5 5 5 5 5 5 5 5 5 5 5 5 5 5 5 5 5 5 5 5 5 5 5 5 5 5 5 5 5 5 5 5 5 5 5 5 5 5 5 5 5 5 5 5 5 5 5 5 5 5 5 5 5 5 5 5 5 5 5 5 5 5 5 5 5 5 5 5 5 5 5 5 5 5 5 5 5 5 5 5 5 5 5 5 5 5 5 5 5 5 5 5 5 5 5 5 5 5 5 5 5 5 5 5 5 5 5 5 5 5 5 5 5 5 5 5 5 5 5 5 5 5 5 5 5 5 5 5 5 5 5 5 5 5 5 5 5 5 5 5 5 5 5 5 5 5 5 5 5 5 5 5 5 5 5 5 5 5 5 5 5 5 5 5 5 5 5 5 5 5 5 5 5 5 5 5 5 5 5 5 5 5 5 5 5 5 5 5 5 5 5 5 5 5 5 5 5 5 5 5 5 5 5 5 5 5 5 5 5 5 5 5 5 5 5 5 5 5 5 5 5 5 5 5 5 5 5 5 5 5 5 5 5 5 5 5 5 5 5 5 5 5 5 5 5 5 5 5 5 5 5 5 5 5 5 5 5 5 5 5 5 5 5 5 5 5 5 5 5 5 5 5 5 5 5 5 5 5 5 5 5 5 5 5 5 5 5 5 5 5 5 5 5 5 5 5 5 5 5 5 5 5 5 5 5 5 5 5 5 5 5 5 5 5 5 5 5 5 5 5 5 5 5 5 5 5 5 5 5 5 5 5 5 5 5 5 5 5 5 5 5 5 5 5 5 5 5 5 5 5 5 5 5 5 5 5 5 5 5 5 5 5 5 5 5 5 5 5 5 5 5 5 5 5 5 5 5 5 5 5 5 5 5 5 5 5 5 5 5 5 5 5 5 5 5 5 5 5 5 5 5 5 5 5 5 5 5 5 5 5 5 5 5 5 5 5 5 5 5 5 5 5 5 5 5 5 5 5 5 5 5 5 5 5 5 5 5 5 5 5 5 5 5 5 5 5 5 5 5 5 5 5 5 5 5 5 5 5 5 5 5 5 5 5 5 5 5 5 5 5 5 5 5 5 5 5 5 5 5 5 5 5 5 5 5 5 5 5 5 5 5 5 5 5 5 5 5 5 5 5 5 5 5 5 5 5 5 5 5 5 5 5 5 5 5 5 5 5 5 5 5 5 5 5 5 5 5 5 5 5 5 5 5 5 5 5 5 5 5 5 5 5 5 5 5 5 5 5 5 5 5 5 5 5 5 5 5 5 5 5 5 5 5 5 5 5 5 5 5 5 5 5 5 5 5 5 5 5 5 5 5 5 5 5 5 5 5 5 5 5 5 5 5 5 5 5 5 5 5 5 5 5 5 5 5 5 5 5 5 5 5 5 5 5 5 5 5 5 5 5 5 5 5 5 5 5 5 5 5 5 5 5 5 5 5 5 5 5 5 5 5 5 5 5 5 5 5 5 5 5 5 5 5 5 5 5 5 5 5 5 5 5 5 5 5 5 5 5 5 5 5 5 5 5 5 5 5 5 5 5 5 5 5 5 5 5 5 5 5 5 5 5 5 5 5 5 5 5 5 5 5 5 5 5 5 5 5 5 5 5 5 5 5 5 5 5 5 5 5 5 5 5 5 5 5 5 5 5 5 5 5 5 5 5 5 5 5 5 5 5 5 5 5 5 5 5 5 5 5 5 5 5 5 5 5 5 5 5 5 5 5 5 5 5 5 5 5 5 5 5 5 5 5 5 5 5 5 5 5 5 5 5 5 5 5 5 5 5 5 5 5 5 5 5 5 5 5 5 5 5 5 5 5 5 5 5 5 5 5 5 5 5 5 5 5 5 5 5 5 5 5 5 5 5 5 5 5 5 5 5 5 5 5 5 5 5 5 5 5 5 5 5 5 5 5 5 5 5 5 5 5 5 5 5 5 5 5 5 5 5 5 5 5 5 5 5 5 5 5 5 5 5 5 5 5 5 5 5 5 5 5 5 5 5 5 5 5 5 5 5 5 5 5 5 5 5 5 5 5 5 5 5 5 5 5 5 5 5 5 5 5 5 5 5 5 5 5 5 5 5 5 5 5 5 5 5 5 5 5 5 5 5 5 5 5 5 5 5 5 5 5 5 5 5 5 5 5 5 5 5 5 5 5 5 5 5 5 5 5 5 5 5 5 5 5 5 5 5 5 5 5 5 5 5 5 5 5 5 5 5 5 5 5 5 5 5 5 5 5 5 5 5 5 5 5 5 5 5 5 5 5 5 5 5 5 5 5 5 5 5 5 5 5 5 5 5 5 5 5 5 5 5 5 5 5 5 5 5 5 5 5 5 5 5 5 5 5 5 5 5 5 5 5 5 5 5 5 5 5 5 5 5 5 5 5 5 5 5 5 5 5 5 5 5 5 5 5 5 5 5 5 5 5 5 5 5 5 5 5 5 5 5 5 5 5 5 5 5 5 5 5 5 5 5 5 5 5 5 5 5 5 5 5 5 5 5 5 5 5 5 5 5 5 5 5 5 5 5 5 5 5 5 5 5 5 5 5 5 5 5 5 5 5 5 5 5 5 5 5 5 5 5 5 5 5 5 5 5 5 5 5 5 5 5 5 5 5 5 5 5 5 5 5 5 5 5 5 5 5 5 5 5 5 5 5 5 5 5 5 5 5 5 5 5 5 5 5 5 5 5 5 5 5 5 5 5 5 5 5 5 5 5 5 5 5 5 5 5 5 5 5 5 5 5 5 5 5 5 5 5 5 5 5 5 5 5 5 5 5 5 5 5 5 5 5 5 5 5 5 5 5 5 5 5 5 5 5 5 5 5 5 5 5 5 5 5 5 5 5 5 5 5 5 5 5 5 5 5 5 5 5 5 5 5 5 5 5 5 5 5 5 5 5 5 5 5 5 5 5 5 5 5 5 5 5 5 5 5 5 5 5 5 5 5 5 5 5 5 5 5 5 5 5 5 5 5 5 5 5 5 5 5 5 5 5 5 5 5 5 5 5 5 5 5 5 5 5 5 5 5 5 5 5 5 5 5 5 5 5 5 5 5 5 5 5 5 5 5 5 5 5 5 5 5 5 5 5 5 5 5 5 5 5 5 5 5 5 5 5 5 5 5 5 5 5 5 5 5 5 5 5 5 5 5 5 5 5 5 5 5 5 5 5 5 5 5 5 5 5 5 5 5 5 5 5 5 5 5 5 5 5 5 5 5 5 5 5 5 5 5 5 5 5 5 5 5 5 5 5 5 5 5 5 5 5 5 5 5 5 5 5 5 5 5 5 5 5 5 5 5 5 5 5 5 5 5 5 5 5 5 5 5 5 5 5 5 5 5 5 5 5 5 5 5 5 5 5 5 5 5 5 5 5 5 5 5 5 5 5 5 5 5 5 5 5 5 5 5 5 5 5 5 5 5 5 5 5 5 5 5 5 5 5 5 5 5 5 5 5 5 5 5 5 5 5 5 5 5 5 5 5 5 5 5 5 5 5 5 5 5 5 5 5 5 5 5 5 5 5 5 5 5 5 5 5 5 5 5 5 5 5 5 5 5 5 5 5 5 5 5 5 5 5 5 5 5 5 5 5 5 5 5 5 5 5 5 5 5 5 5 5 5 5 5 5 5 5 5 5 5 5 5 5 5 5 5 5 5 5 5 5 5 5 5 5 5 5 5 5 5 5 5 5 5 5 5 5 5 5 5 5 5 5 5 5 5 5 5 5 5 5 5 5 5 5 5 5 5 5 5 5 5 5 5 5 5 5 5 5 5 5 5 5 5 5 5 5 5 5 5 5 5 5 5 5 5 5 5 5 5 5 5 5 5 5 5 5 5 5 5 5 5 5 5 5 5 5 5 5 5 5 5 5 5 5 5 5 5 5 5 5 5 5 5 5 5 5 5 5 5 5 5 5 5 5 5 5 5 5 5 5 5 5 5 5 5 5 5 5 5 5 5 5 5 5 5 5 5 5 5 5 5 5 5 5 5 5 5 5 5 5 5 5 5 5 5 5 5 5 5 5 5 5 5 5 5 5 5 5 5 5 5 5 5 5 5 5 5 5 5 5 5 5 5 5 5 5 5 5 5 5 5 5 5 5 5 5 5 5 5 5 5 5 5 5 5 5 5 5 5 5 5 5 5 5 5 5 5 5 5 5 5 5 5 5 5 5 5 5 5 5 5 5 5 5 5 5 5 5 5 5 5 5 5 5 5 5 5 5 5 5 5 5 5 5 5 5 5 5 5 5 5 5 5 5 5 5 5 5 5 5 5 5 5 5 5 5 5 5 5 5 5 5 5 5 5 5 5 5 5 5 5 5 5 5 5 5 5 5 5 5 5 5 5 5 5 5 5 5 5 5 5 5 5 5 5 5 5 5 5 5 5 5 5 5 5 5 5 5 5 5 5 5 5 5 5 5 5 5 5 5 5 5 5 5 5 5 5 5 5 5 5 5 5 5 5 5 5 5 5 5 5 5 5 5 5 5 5 5 5 5 5 5 5 5 5 5 5 5 5 5 5 5 5 5 5 5 5 5 5 5 5 5 5 5 5 5 5 5 5 5 5 5 5 5 5 5 5 5 5 5 5 5 5 5 5 5 5 5 5 5 5 5 5 5 5 5 5 5 5 5 5 5 5 5 5 5 5 5 5 5 5 5 5 5 5 5 5 5 5 5 5 5 5 5 5 5 5 5 5 5 5 5 5 5 5 5 5 5 5 5 5 5 5 5 5 5 5 5 5 5 5 5 5 5 5 5 5 5 5 5 5 5 5 5 5 5 5 5 5 5 5 5 5 5 5 5 5 5 5 5 5 5 5 5 5 5 5 5 5 5 5 5 5 5 5 5 5 5 5 5 5 5 5 5 5 5 5 5 5 5 5 5 5 5 5 5 5 5 5 5 5 5 5 5 5 5 5 5 5 5 5 5 5 5 5 5 5 5 5 5 5 5 5 5 5 5 5 5 5 5 5 5 5 5 5 5 5 5 5 5 5 5 5 5 5 5 5 5 5 5 5 5 5 5 5 5 5 5 5 5 5 5 5 5 5 5 5 5 5 5 5 5 5 5 5 5 5 5 5 5 5 5 5 5 5 5 5 5 5 5 5 5 5 5 5 5 5 5 5 5 5 5 5 5 5 5 5 5 5 5 5 5 5 5 5 5 5 5 5 5 5 5 5 5 5 5 5 5 5 5 5 5 5 5 5 5 5 5 5 5 5 5 5 5 5 5 5 5 5 5 5 5 5 5 5 5 5 5 5 5 5 5 5 5 5 5 5 5 5 5 5 5 5 5 5 5 5 5 5 5 5 5 5 5 5 5 5 5 5 5 5 5 5 5 5 5 5 5 5 5 5 5 5 5 5 5 5 5 5 5 5 5 5 5 5 5 5 5 5 5 5 5 5 5 5 5 5 5 5 5 5 5 5 5 5 5 5 5 5 5 5 5 5 5 5 5 5 5 5 5 5 5 5 5 5 5 5 5 5 5 5 5 5 5 5 5 5 5 5 5 5 5 5 5 5 5 5 5 5 5 5 5 5 5 5 5 5 5 5 5 5 5 5 5 5 5 5 5 5 5 5 5 5 5 5 5 5 5 5 5 5 5 5 5 5 5 5 5 5 5 5 5 5 5 5 5 5 5 5 5 5 5 5 5 5 5 5 5 5 5 5 5 5 5 5 5 5 5 5 5 5 5 5 5 5 5 5 5 5 5 5 5 5 5 5 5 5 5 5 5 5 5 5 5 5 5 5 5 5 5 5 5 5 5 5 5 5 5 5 5 5 5 5 5 5 5 5 5 5 5 5 5 5 5 5 5 5 5 5 5 5 5 5 5 5 5 5 5 5 5 5 5 5 5 5 5 5 5 5 5 5 5 5 5 5 5 5 5 5 5 5 5 5 5 5 5 5 5 5 5 5 5 5 5 5 5 5 5 5 5 5 5 5 5 5 5 5 5 5 5 5 5 5 5 5 5 5 5 5 5 5 5 5 5 5 5 5 5 5 5 5 5 5 5 5 5 5 5 5 5 5 5 5 5 5 5 5 5 5 5 5 5 5 5 5 5 5 5 5 5 5 5 5 5 5 5 5 5 5 5 5 5 5 5 5 5 5 5 5 5 5 5 5 5 5 5 5 5 5 5 5 5 5 5 5 5 5 5 5 5 5 5 5 5 5 5 5 5 5 5 5 5 5 5 5 5 5 5 5 5 5 5 5 5 5 5 5 5 5 5 5 5 5 5 5 5 5 5 5 5 5 5 5 5 5 5 5 5 5 5 5 5 5 5 5 5 5 5 5 5 5 5 5 5 5 5 5 5 5 5 5 5 5 5 5 5 5 5 5 5 5 5 5 5 5 5 5 5 5 5 5 5 5 5 5 5 5 5 5 5 5 5 5 5 5 5 5 5 5 5 5 5 5 5 5 5 5 5 5 5 5 5 5 5 5 5 5 5 5 5 5 5 5 5 5 5 5 5 5 5 5 5 5 5 5 5 5 5 5 5 5 5 5 5 5 5 5 5 5 5 5 5 5 5 5 5 5 5 5 5 5 5 5 5 5 5 5 5 5 5 5 5 5 5 5 5 5 5 5 5 5 5 5 5 5 5 5 5 5 5 5 5 5 5 5 5 5 5 5 5 5 5 5 5 5 5 5 5 5 5 5 5 5 5 5 5 5 5 5 5 5 5 5 5 5 5 5 5 5 5 5 5 5 5 5 5 5 5 5 5 5 5 5 5 5 5 5 5 5 5 5 5 5 5 5 5 5 5 5 5 5 5 5 5 5 5 5 5 5 5 5 5 5 5 5 5 5 5 5 5 5 5 5 5 5 5 5 5 5 5 5 5 5 5 5 5 5 5 5 5 5 5 5 5 5 5 5 5 5 5 5 5 5 5 5 5 5 5 5 5 5 5 5 5 5 5 5 5 5 5 5 5 5 5 5 5 5 5 5 5 5 5 5 5 5 5 5 5 5 5 5 5 5 5 5 5 5 5 5 5 5 5 5 5 5 5 5 5 5 5 5 5 5 5 5 5 5 5 5 5 5 5 5 5 5 5 5 5 5 5 5 5 5 5 5 5 5 5 5 5 5 5 5 5 5 5 5 5 5 5 5 5 5 5 5 5 5 5 5 5 5 5 5 5 5 5 5 5 5 5 5 5 5 5 5 5 5 5 5 5 5 5 5 5 5 5 5 5 5 5 5 5 5 5 5 5 5 5 5 5 5 5 5 5 5 5 5 5 5 5 5 5 5 5 5 5 5 5 5 5 5 5 5 5 5 5 5 5 5 5 5 5 5 5 5 5 5 5 5 5 5 5 5 5 5 5 5 5 5 5 5 5 5 5 5 5 5 5 5 5 5 5 5 5 5 5 5 5 5 5 5 5 5 5 5 5 5 5 5 5 5 5 5 5 5 5 5 5 5 5 5 5 5 5 5 5 5 5 5 5 5 5 5 5 5 5 5 5 5 5 5 5 5 5 5 5 5 5 5 5 5 5 5 5 5 5 5 5 5 5 5 5 5 5 5 5 5 5 5 5 5 5 5 5 5 5 5 5 5 5 5 5 5 5 5 5 5 5 5 5 5 5 5 5 5 5 5 5 5 5 5 5 5 5 5 5 5 5 5 5 5 5 5 5 5 5 5 5 5 5 5 5 5 5 5 5 5 5 5 5 5 5 5 5 5 5 5 5 5 5 5 5 5 5 5 5 5 5 5 5 5 5 5 5 5 5 5 5 5 5 5 5 5 5 5 5 5 5 5 5 5 5 5 5 5 5 5 5 5 5 5 5 5 5 5 5 5 5 5 5 5 5 5 5 5 5 5 5 5 5 5 5 5 5 5 5 5 5 5 5 5 5 5 5 5 5 5 5 5 5 5 5 5 5 5 5 5 5 5 5 5 5 5 5 5 5 5 5 5 5 5 5 5 5 5 5 5 5 5 5 5 5 5 5 5 5 5 5 5 5 5 5 5 5 5 5 5 5 5 5 5 5 5 5 5 5 5 5 5 5 5 5 5 5 5 5 5 5 5 5 5 5 5 5 5 5 5 5 5 5 5 5 5 5 5 5 5 5 5 5 5 5 5 5 5 5 5 5 5 5 5 5 5 5 5 5 5 5 5 5 5 5 5 5 5 5 5 5 5 5 5 5 5 5 5 5 5 5 5 5 5 5 5 5 5 5 5 5 5 5 5 5 5 5 5 5 5 5 5 5 5 5 5 5 5 5 5 5 5 5 5 5 5 5 5 5 5 5 5 5 5 5 5 5 5 5 5 5 5 5 5 5 5 5 5 5 5 5 5 5 5 5 5 5 5 5 5 5 5 5 5 5 5 5 5 5 5 5 5 5 5 5 5 5 5 5 5 5 5 5 5 5 5 5 5 5 5 5 5 5 5 5 5 5 5 5 5 5 5 5 5 5 5 5 5 5 5 5 5 5 5 5 5 5 5 5 5 5 5 5 5 5 5 5 5 5 5 5 5 5 5 5 5 5 5 5 5 5 5 5 5 5 5 5 5 5 5 5 5 5 5 5 5 5 5 5 5 5 5 5 5 5 5 5 5 5 5 5 5 5 5 5 5 5 5 5 5 5 5 5 5 5 5 5 5 5 5 5 5 5 5 5 5 5 5 5 5 5 5 5 5 5 5 5 5 5 5 5 5 5 5 5 5 5 5 5 5 5 5 5 5 5 5 5 5 5 5 5 5 5 5 5 5 5 5 5 5 5 5 5 5 5 5 5 5 5 5 5 5 5 5 5 5 5 5 5 5 5 5 5 5 5 5 5 5 5 5 5 5 5 5 5 5 5 5 5 5 5 5 5 5 5 5 5 5 5 5 5 5 5 5 5 5 5 5 5 5 5 5 5 5 5 5 5 5 5 5 5 5 5 5 5 5 5 5 5 5 5 5 5 5 5 5 5 5 5 5 5 5 5 5 5 5 5 5 5 5 5 5 5 5 5 5 5 5 5 5 5 5 5 5 5 5 5 5 5 5 5 5 5 5 5 5 5 5 5 5 5 5 5 5 5 5 5 5 5 5 5 5 5 5 5 5 5 5 5 5 5 5 5 5 5 5 5 5 5 5 5 5 5 5 5 5 5 5 5 5 5 5 5 5 5 5 5 5 5 5 5 5 5 5 5 5 5 5 5 5 5 5 5 5 5 5 5 5 5 5 5 5 5 5 5 5 5 5 5 5 5 5 5 5 5 5 5 5 5 5 5 5 5 5 5 5 5 5 5 5 5 5 5 5 5 5 5 5 5 5 5 5 5 5 5 5 5 5 5 5 5 5 5 5 5 5 5 5 5 5 5 5 5 5 5 5 5 5 5 5 5 5 5 5 5 5 5 5 5 5 5 5 5 5 5 5 5 5 5 5 5 5 5 5 5 5 5 5 5 5 5 5 5 5 5 5 5 5 5 5 5 5 5 5 5 5 5 5 5 5 5 5 5 5 5 5 5 5 5 5 5 5 5 5 5 5 5 5 5 5 5 5 5 5 5 5 5 5 5 5 5 5 </DataArray>
         </Cells>
         <PointData>
            <DataArray Name="fValues" NumberOfComponents="1" format="ascii" type="Float64">
-3.44254e-33 
 1.66795e-17 
 2.11115e-17 
 2.43225e-17 
 2.76118e-17 
 3.15105e-17 
 3.29293e-17 
 3.41647e-17 
 3.50541e-17 
 3.51068e-17 
 3.52085e-17 
 3.28156e-17 
 3.22098e-17 
 3.28786e-17 
 2.69119e-17 
 2.39132e-17 
 2.29051e-17 
 2.00390e-17 
 1.44703e-17 
 9.38307e-18 
 4.26423e-18 
-4.97832e-18 
-1.03659e-17 
-1.34362e-17 
-1.78612e-17 
-2.30051e-17 
-2.55543e-17 
-2.73525e-17 
-2.51903e-17 
-2.63948e-17 
-2.56740e-17 
-2.59818e-17 
-2.47086e-17 
-2.27485e-17 
-2.31212e-17 
-2.20079e-17 
-2.00614e-17 
-1.84572e-17 
-1.65193e-17 
-1.35109e-17 
-1.05014e-17 
-7.66507e-18 
 2.97627e-17 
 3.37370e-17 
 3.60542e-17 
 3.98508e-17 
 4.13025e-17 
 4.32826e-17 
 4.26880e-17 
 4.30500e-17 
 4.26367e-17 
 3.91661e-17 
 4.01181e-17 
 3.68794e-17 
 3.60375e-17 
 3.30415e-17 
 2.66650e-17 
 2.37117e-17 
 2.19817e-17 
 1.80831e-17 
 9.68772e-18 
 2.61465e-18 
-2.27926e-18 
-1.12624e-17 
-1.45286e-17 
-1.67209e-17 
-2.24002e-17 
-2.75607e-17 
-2.82964e-17 
-2.94670e-17 
-3.16214e-17 
-3.27801e-17 
-3.08975e-17 
-3.12346e-17 
-3.03636e-17 
-2.84255e-17 
-3.05554e-17 
-3.15249e-17 
-2.92786e-17 
-2.69725e-17 
-2.40663e-17 
-2.12626e-17 
-1.97369e-17 
 4.84990e-17 
 4.99615e-17 
 5.34064e-17 
 5.32712e-17 
 5.45540e-17 
 5.41077e-17 
 5.26627e-17 
 5.12077e-17 
 4.80664e-17 
 4.69399e-17 
 4.50952e-17 
 3.94826e-17 
 3.68011e-17 
 3.27586e-17 
 2.57894e-17 
 2.11098e-17 
 1.71179e-17 
 1.24036e-17 
 1.83102e-18 
-3.98249e-18 
-6.63998e-18 
-1.38515e-17 
-1.85151e-17 
-2.27131e-17 
-2.73544e-17 
-3.40022e-17 
-3.50467e-17 
-3.70956e-17 
-3.52826e-17 
-3.63941e-17 
-3.61419e-17 
-3.70506e-17 
-3.71068e-17 
-3.76287e-17 
-3.89927e-17 
-3.78424e-17 
-3.50079e-17 
-3.37749e-17 
-3.57384e-17 
-3.28327e-17 
 6.87879e-17 
 6.69844e-17 
 6.53246e-17 
 6.50858e-17 
 6.39965e-17 
 5.93918e-17 
 5.83195e-17 
 5.59592e-17 
 4.93446e-17 
 4.99639e-17 
 4.11673e-17 
 4.49902e-17 
 3.51434e-17 
 2.71471e-17 
 2.59661e-17 
 1.29403e-17 
 1.11130e-17 
 3.49453e-18 
-2.20541e-18 
-6.95887e-18 
-1.46018e-17 
-1.91750e-17 
-2.39567e-17 
-2.85845e-17 
-3.04229e-17 
-3.59590e-17 
-3.65854e-17 
-3.89080e-17 
-3.87438e-17 
-4.11484e-17 
-3.85345e-17 
-4.38125e-17 
-4.65833e-17 
-4.78332e-17 
-4.54574e-17 
-4.50833e-17 
-4.45537e-17 
-4.32626e-17 
-4.23908e-17 
 8.25987e-17 
 8.16945e-17 
 8.13191e-17 
 7.69946e-17 
 7.40749e-17 
 6.97268e-17 
 6.36387e-17 
 6.15062e-17 
 5.48716e-17 
 5.02710e-17 
 4.52575e-17 
 4.00878e-17 
 3.45141e-17 
 2.89781e-17 
 2.28447e-17 
 1.38936e-17 
 6.80331e-18 
 2.07851e-18 
-4.62956e-18 
-2.06158e-17 
-2.06393e-17 
-1.51503e-17 
-2.46668e-17 
-3.05170e-17 
-3.68845e-17 
-4.19515e-17 
-4.71892e-17 
-4.57757e-17 
-4.66491e-17 
-5.23881e-17 
-5.19699e-17 
-5.83141e-17 
-5.48718e-17 
-5.87930e-17 
-5.42704e-17 
-4.89174e-17 
-4.75651e-17 
-4.59610e-17 
-4.86857e-17 
 9.71972e-17 
 9.72105e-17 
 9.46869e-17 
 8.79520e-17 
 8.39168e-17 
 7.26154e-17 
 6.97145e-17 
 6.18105e-17 
 5.34956e-17 
 5.31261e-17 
 4.53919e-17 
 3.95809e-17 
 3.18591e-17 
 2.30330e-17 
 1.96162e-17 
 8.57464e-18 
 3.26135e-18 
 4.59371e-18 
-7.24554e-18 
-1.32039e-17 
-1.58731e-17 
-2.36621e-17 
-2.82009e-17 
-3.45939e-17 
-3.42074e-17 
-4.31926e-17 
-4.76316e-17 
-5.18217e-17 
-5.47813e-17 
-5.58795e-17 
-6.00559e-17 
-6.12796e-17 
-5.99768e-17 
-5.82973e-17 
-6.33758e-17 
-5.93351e-17 
-5.99734e-17 
-5.84647e-17 
 1.07462e-16 
 1.01413e-16 
 9.76688e-17 
 8.65826e-17 
 8.20385e-17 
 7.26379e-17 
 6.28370e-17 
 6.15915e-17 
 5.31623e-17 
 4.56381e-17 
 3.48415e-17 
 2.58191e-17 
 2.57623e-17 
 1.74006e-17 
 1.69806e-17 
 1.04767e-17 
 1.56415e-18 
-8.90705e-18 
-4.56501e-18 
-1.91198e-17 
-2.12325e-17 
-2.97498e-17 
-3.79308e-17 
-4.03547e-17 
-4.40046e-17 
-4.55299e-17 
-5.92654e-17 
-6.22421e-17 
-6.34409e-17 
-6.37315e-17 
-6.78330e-17 
-6.59336e-17 
-6.95095e-17 
-6.39023e-17 
-6.77876e-17 
-6.79046e-17 
-6.62814e-17 
 1.24162e-16 
 1.14913e-16 
 1.02797e-16 
 1.03462e-16 
 9.02453e-17 
 8.00262e-17 
 7.64383e-17 
 7.66055e-17 
 6.32905e-17 
 5.41136e-17 
 4.29361e-17 
 3.75405e-17 
 3.99449e-17 
 2.06115e-17 
 1.47693e-17 
 1.05725e-17 
 6.85147e-18 
-2.97132e-18 
-9.85260e-18 
-1.04197e-17 
-1.49163e-17 
-2.80081e-17 
-2.64744e-17 
-3.22805e-17 
-3.21869e-17 
-5.35288e-17 
-5.01596e-17 
-6.59589e-17 
-6.49292e-17 
-6.45937e-17 
-6.53675e-17 
-6.63406e-17 
-6.88291e-17 
-7.41766e-17 
-7.48851e-17 
-7.28955e-17 
-7.43213e-17 
 1.28721e-16 
 1.23346e-16 
 1.17201e-16 
 1.06653e-16 
 1.03645e-16 
 8.47151e-17 
 7.68874e-17 
 6.86481e-17 
 5.68166e-17 
 5.55982e-17 
 4.86335e-17 
 4.58045e-17 
 3.72140e-17 
 2.44614e-17 
 1.82346e-17 
 1.51059e-17 
 1.06388e-17 
-6.20201e-18 
-2.69145e-17 
-1.52072e-17 
-2.23068e-17 
-2.92376e-17 
-3.18774e-17 
-3.20292e-17 
-4.37275e-17 
-5.81598e-17 
-6.49533e-17 
-6.55384e-17 
-6.54392e-17 
-6.62893e-17 
-6.09326e-17 
-7.35764e-17 
-7.93777e-17 
-8.89647e-17 
-8.12236e-17 
-7.43817e-17 
 1.48422e-16 
 1.37429e-16 
 1.17845e-16 
 1.06972e-16 
 9.71508e-17 
 9.06528e-17 
 8.39821e-17 
 6.80529e-17 
 5.68923e-17 
 4.08226e-17 
 3.73486e-17 
 3.61040e-17 
 2.39002e-17 
 1.24630e-17 
 5.57387e-18 
 7.33141e-18 
 3.24232e-18 
-5.00231e-18 
-1.09326e-17 
-2.10544e-17 
-2.37350e-17 
-2.52233e-17 
-3.43676e-17 
-3.93216e-17 
-4.73574e-17 
-5.40109e-17 
-6.58373e-17 
-6.89382e-17 
-6.47906e-17 
-7.42435e-17 
-7.50157e-17 
-8.42353e-17 
-8.42533e-17 
-8.19078e-17 
-8.51185e-17 
-9.43265e-17 
 1.42464e-16 
 1.32315e-16 
 1.12074e-16 
 1.05455e-16 
 9.53655e-17 
 8.67069e-17 
 7.86512e-17 
 5.94692e-17 
 5.15347e-17 
 4.46159e-17 
 2.95664e-17 
 2.80743e-17 
 1.30847e-17 
 2.13090e-17 
 1.71576e-17 
 2.90603e-18 
-1.76949e-19 
-3.50339e-18 
-9.76834e-18 
-2.32552e-17 
-2.61788e-17 
-3.23337e-17 
-3.20766e-17 
-4.54481e-17 
-5.43338e-17 
-6.02197e-17 
-6.04454e-17 
-6.99474e-17 
-6.70809e-17 
-6.12398e-17 
-7.16492e-17 
-7.87289e-17 
-7.84348e-17 
-8.11645e-17 
-9.23888e-17 
 1.39649e-16 
 1.25381e-16 
 1.09446e-16 
 1.02966e-16 
 8.40052e-17 
 7.44930e-17 
 6.70952e-17 
 5.27172e-17 
 3.93146e-17 
 3.17609e-17 
 2.47118e-17 
 1.75392e-17 
 6.39211e-18 
-4.12281e-18 
 3.10287e-18 
 4.35862e-18 
-6.90282e-18 
-1.16982e-17 
-1.77732e-17 
-1.84041e-17 
-2.92115e-17 
-3.15440e-17 
-3.27392e-17 
-4.51896e-17 
-5.12920e-17 
-4.81682e-17 
-5.35519e-17 
-5.69058e-17 
-5.94592e-17 
-6.28774e-17 
-6.80353e-17 
-7.70245e-17 
-8.44165e-17 
-9.34425e-17 
 1.13657e-16 
 1.11077e-16 
 9.65200e-17 
 7.58255e-17 
 7.47224e-17 
 6.36216e-17 
 4.48458e-17 
 4.31411e-17 
 2.96281e-17 
 2.84851e-17 
 2.89129e-17 
 4.10697e-18 
 1.21486e-17 
 1.53895e-17 
 5.17879e-18 
-1.03491e-17 
-9.01852e-18 
-1.00192e-17 
-1.63453e-17 
-2.59294e-17 
-2.90450e-17 
-3.48038e-17 
-4.17741e-17 
-3.57957e-17 
-4.61175e-17 
-4.79591e-17 
-4.18586e-17 
-6.51157e-17 
-5.60216e-17 
-6.14233e-17 
-7.25434e-17 
-8.50069e-17 
-9.44317e-17 
 1.06251e-16 
 1.06546e-16 
 8.70847e-17 
 6.59166e-17 
 5.75408e-17 
 5.18283e-17 
 3.59389e-17 
 1.88128e-17 
 2.02969e-17 
 1.95465e-17 
 1.74565e-17 
 1.62987e-17 
 1.79780e-17 
 4.06584e-18 
 1.47223e-18 
-1.23599e-17 
-2.18908e-17 
-2.70285e-17 
-1.84579e-17 
-2.41603e-17 
-3.08335e-17 
-3.75086e-17 
-4.53054e-17 
-5.04351e-17 
-4.26905e-17 
-5.81766e-17 
-6.41432e-17 
-6.31885e-17 
-5.97563e-17 
-6.80973e-17 
-7.00692e-17 
-7.79720e-17 
-8.74005e-17 
 1.20371e-16 
 1.04618e-16 
 8.95313e-17 
 6.54910e-17 
 5.61387e-17 
 5.75235e-17 
 3.45927e-17 
 2.78733e-17 
 3.78196e-17 
 1.95449e-17 
 2.72558e-17 
 1.89380e-17 
 2.10814e-17 
 1.02053e-17 
-5.97710e-18 
-9.38228e-18 
-1.44034e-17 
-1.45247e-17 
-2.31739e-17 
-2.09335e-17 
-1.76254e-17 
-3.19510e-17 
-3.93919e-17 
-2.98276e-17 
-4.02006e-17 
-5.33682e-17 
-5.42862e-17 
-5.93151e-17 
-7.10160e-17 
-7.03866e-17 
-7.74575e-17 
-7.89121e-17 
-8.80911e-17 
 1.04223e-16 
 8.30878e-17 
 8.58515e-17 
 7.03089e-17 
 6.13704e-17 
 4.93320e-17 
 5.25946e-17 
 4.31788e-17 
 3.79901e-17 
 1.91897e-17 
 1.64630e-17 
 1.71234e-17 
 1.65680e-17 
-1.74352e-18 
-9.66337e-18 
-5.33087e-18 
-1.86368e-17 
-1.21358e-17 
-1.61098e-17 
-2.75900e-17 
-3.34264e-17 
-3.14252e-17 
-3.50247e-17 
-3.55893e-17 
-3.33877e-17 
-4.14809e-17 
-5.07182e-17 
-5.67742e-17 
-5.85343e-17 
-6.85936e-17 
-6.95847e-17 
-7.06638e-17 
 9.40087e-17 
 8.37619e-17 
 8.33203e-17 
 7.09983e-17 
 5.73808e-17 
 5.09855e-17 
 5.09078e-17 
 2.96619e-17 
 3.00432e-17 
 2.80915e-17 
 2.58126e-17 
 9.96612e-18 
 9.54375e-18 
-4.74550e-19 
-6.03083e-19 
-7.20780e-18 
-6.86385e-18 
-9.72461e-18 
-1.43163e-17 
-1.21175e-17 
-6.88246e-18 
-2.04342e-17 
-3.16438e-17 
-2.85743e-17 
-3.96083e-17 
-5.06934e-17 
-4.00877e-17 
-4.68933e-17 
-5.38280e-17 
-6.36892e-17 
-6.68008e-17 
 8.77777e-17 
 6.57178e-17 
 4.09529e-17 
 4.45617e-17 
 3.02776e-17 
 2.39603e-17 
 3.16559e-17 
 2.51697e-17 
 2.05625e-17 
 2.53724e-17 
 3.47339e-17 
 2.11138e-17 
 9.79063e-18 
 5.13608e-18 
-4.29739e-18 
 2.07360e-19 
-2.80232e-18 
-7.61948e-18 
-1.09616e-17 
-1.99929e-17 
-1.99774e-17 
-2.80703e-17 
-3.51054e-17 
-3.83247e-17 
-3.69338e-17 
-3.51561e-17 
-3.67997e-17 
-4.04390e-17 
-5.88298e-17 
-6.72108e-17 
-7.12204e-17 
 5.25942e-17 
 5.40534e-17 
 5.14450e-17 
 3.68592e-17 
 2.88582e-17 
 1.90012e-17 
-2.47700e-17 
 2.21972e-17 
 2.54561e-17 
 1.90975e-17 
 1.67177e-17 
 8.62638e-18 
 1.22079e-17 
 1.79429e-18 
 1.58742e-17 
 9.65900e-18 
 3.93216e-18 
 3.93494e-18 
 5.06355e-19 
-2.26318e-17 
-8.82976e-18 
-1.61341e-17 
-1.59161e-17 
-2.59928e-17 
-2.43303e-17 
-2.88162e-17 
-3.11067e-17 
-3.66900e-17 
-3.11082e-17 
-3.71068e-17 
 6.12226e-17 
 5.55582e-17 
 4.11025e-17 
 3.13007e-17 
 3.47387e-17 
 1.85315e-17 
-5.36536e-18 
 8.85946e-18 
 3.29010e-17 
 1.52798e-17 
 1.96728e-17 
 1.84014e-17 
 7.52870e-18 
 1.99960e-17 
 1.21823e-17 
 1.36181e-17 
 1.18357e-17 
 7.42794e-19 
-8.55790e-18 
-1.20215e-17 
-1.35466e-17 
-1.91368e-17 
-1.46779e-17 
-1.42900e-17 
-8.32323e-18 
-1.35399e-17 
-2.61130e-17 
-2.49882e-17 
-1.59718e-17 
 4.95334e-17 
 4.66083e-17 
 4.54190e-17 
 4.09422e-17 
 3.17692e-17 
 1.19381e-17 
 6.40887e-19 
 7.65267e-18 
 1.70289e-17 
 3.07597e-17 
 2.27108e-17 
 2.25243e-17 
 1.01191e-17 
 1.88936e-17 
 3.43975e-17 
 9.89388e-18 
-1.31653e-17 
-1.08725e-18 
 1.41923e-17 
-1.11847e-18 
-9.94847e-18 
-8.16458e-18 
-2.02745e-19 
-1.57602e-18 
-8.15206e-18 
-1.05526e-17 
-1.58776e-17 
-2.40762e-17 
-2.26794e-17 
 3.05692e-17 
 4.20483e-17 
 2.96847e-17 
 2.62541e-17 
-2.82933e-18 
-3.26366e-18 
 7.43033e-18 
 7.06313e-18 
 1.67646e-17 
 3.54007e-17 
 2.28187e-17 
 1.50352e-17 
 2.95239e-17 
 3.12968e-17 
 2.73331e-17 
 1.53172e-17 
 5.53792e-18 
 1.03121e-18 
 8.40893e-18 
 1.67500e-17 
 8.13507e-18 
-3.52780e-18 
 3.37694e-18 
-8.11314e-19 
-2.24011e-18 
-1.59348e-17 
-9.64133e-18 
-1.02120e-17 
-1.57226e-17 
 1.82315e-17 
 2.64815e-17 
 1.98018e-17 
 2.59842e-17 
 1.89196e-17 
 1.16555e-17 
 1.51829e-17 
 3.77881e-17 
-3.59402e-18 
 9.15734e-18 
 1.05041e-17 
 7.05202e-18 
-2.69423e-18 
-7.22327e-18 
 1.42955e-17 
 1.66580e-17 
 3.53600e-17 
 1.69587e-17 
 1.64365e-17 
 1.74095e-17 
 1.22783e-17 
 2.34956e-17 
 5.26464e-18 
 4.63086e-18 
-1.37074e-17 
 1.23756e-18 
 3.74626e-18 
-3.17277e-18 
 4.18816e-18 
 2.11279e-17 
 3.36193e-17 
 4.01538e-17 
 2.17441e-17 
 2.85696e-17 
 4.65459e-17 
 4.25179e-17 
 2.40732e-17 
 2.29012e-18 
-1.79142e-17 
 1.69533e-18 
 1.59744e-17 
 1.94742e-17 
 1.13045e-17 
 1.50305e-18 
 1.02281e-17 
 2.25171e-17 
 1.26678e-17 
 6.23772e-18 
 2.03128e-17 
 1.17626e-17 
-3.94790e-18 
 1.62525e-18 
 9.86841e-18 
-3.31158e-18 
 4.16028e-18 
-2.76854e-17 
-2.14492e-17 
-1.90865e-17 
-1.44374e-17 
 6.81361e-18 
 3.39638e-18 
 1.42495e-17 
 8.84298e-18 
 8.94853e-18 
 1.77465e-17 
 3.10454e-17 
 6.32222e-17 
 2.90112e-17 
 3.67203e-17 
-1.08809e-18 
-6.48761e-18 
-5.38998e-18 
 4.39783e-18 
 1.20207e-17 
 1.63112e-17 
-1.85314e-19 
 1.19240e-17 
 5.14524e-18 
 1.47736e-17 
 2.19084e-17 
 2.37279e-17 
-1.21821e-17 
-2.30672e-17 
-1.97730e-17 
-8.62036e-18 
 4.77361e-18 
 4.55070e-18 
-1.02622e-17 
-5.75038e-18 
 6.38136e-18 
 6.17136e-18 
 1.67639e-17 
 1.29089e-17 
-1.46586e-17 
-4.37113e-18 
-5.60634e-18 
-2.56883e-18 
 8.34507e-19 
-6.85015e-18 
-1.75164e-17 
-9.25217e-18 
-1.37666e-17 
 2.56330e-17 
 3.62632e-17 
 3.77656e-17 
 4.29830e-17 
-5.38663e-17 
-4.69539e-17 
-5.98884e-17 
-2.39046e-17 
-3.08629e-17 
-1.65009e-17 
-6.31680e-18 
-4.69156e-19 
-9.35428e-18 
-1.24518e-17 
-1.30072e-17 
-8.33661e-19 
-9.19300e-19 
-1.68580e-17 
-1.38526e-17 
 6.03354e-18 
-3.26281e-18 
 1.98418e-18 
 7.80485e-18 
-6.18839e-18 
 2.25988e-18 
 1.95342e-17 
 2.49227e-17 
 4.39179e-17 
 4.59396e-17 
 5.87822e-17 
-6.98993e-17 
-5.17844e-17 
-4.10256e-17 
-4.08589e-17 
-1.03425e-17 
 4.00388e-18 
-1.66712e-17 
-2.31101e-17 
-2.01510e-17 
-5.55795e-18 
-1.78656e-17 
-2.54805e-17 
-2.93580e-17 
-1.98876e-17 
-1.93477e-17 
-5.96306e-18 
 4.25710e-18 
 1.58190e-17 
 2.10460e-17 
 9.98929e-18 
 1.72181e-17 
 3.67283e-17 
 5.99211e-17 
 6.81680e-17 
 7.80643e-17 
-7.62699e-17 
-8.57348e-17 
-5.01359e-17 
-4.79671e-17 
-4.40535e-17 
-3.20239e-17 
-1.58588e-17 
-3.89425e-17 
-2.81839e-17 
-3.67079e-17 
-4.29791e-17 
-4.32830e-17 
-3.31188e-17 
-7.63157e-18 
-8.70940e-18 
 8.71573e-18 
 2.20207e-17 
 3.03888e-17 
 4.22233e-17 
 4.92294e-17 
 6.17352e-17 
 6.64409e-17 
 9.14687e-17 
 8.93830e-17 
-9.13032e-17 
-9.14975e-17 
-7.78112e-17 
-5.14723e-17 
-5.44991e-17 
-4.78595e-17 
-4.47143e-17 
-5.30929e-17 
-5.10166e-17 
-5.17007e-17 
-4.08483e-17 
-5.06721e-17 
-1.70226e-17 
-7.16059e-18 
-1.82109e-18 
 4.98485e-18 
 7.73550e-18 
 2.21346e-17 
 6.28577e-17 
 8.10827e-17 
 7.92230e-17 
 8.06279e-17 
 7.32122e-17 
-1.00479e-16 
-9.84111e-17 
-6.86331e-17 
-5.77125e-17 
-5.87872e-17 
-6.49048e-17 
-5.52946e-17 
-3.81183e-17 
-3.55012e-17 
-1.81367e-17 
-4.10932e-17 
-3.85526e-17 
-2.26474e-17 
-7.81215e-18 
-5.01664e-18 
 1.33466e-17 
 3.04667e-17 
 5.68600e-17 
 8.12830e-17 
 8.41262e-17 
 8.35156e-17 
 8.83433e-17 
 9.54842e-17 
-1.01477e-16 
-1.13464e-16 
-1.06200e-16 
-9.59992e-17 
-6.66696e-17 
-7.56808e-17 
-5.40158e-17 
-4.13548e-17 
-2.53641e-17 
-7.64102e-18 
-1.31712e-17 
-6.17625e-18 
-3.35039e-18 
 3.48927e-18 
 3.17591e-17 
 3.22557e-17 
 5.81082e-17 
 6.01316e-17 
 6.65034e-17 
 5.95143e-17 
 7.07063e-17 
 8.02984e-17 
-1.23274e-16 
-1.11822e-16 
-1.07149e-16 
-8.88131e-17 
-7.66267e-17 
-6.39228e-17 
-5.27102e-17 
-5.04685e-17 
-6.04426e-17 
-4.58409e-17 
-3.16707e-17 
-2.56792e-17 
-1.66080e-17 
-8.75427e-18 
 1.75050e-17 
 4.71959e-17 
 4.87033e-17 
 4.36336e-17 
 4.29204e-17 
 6.91725e-17 
 6.80728e-17 
 8.15203e-17 
-1.46382e-16 
-1.14854e-16 
-8.77699e-17 
-8.61284e-17 
-9.06093e-17 
-7.83117e-17 
-7.22648e-17 
-6.79254e-17 
-7.26345e-17 
-4.46995e-17 
-3.11413e-17 
-2.08141e-17 
-1.97108e-17 
-4.84463e-18 
-1.00368e-18 
 2.26751e-17 
 2.15570e-17 
 5.01268e-17 
 7.39825e-17 
 1.01053e-16 
 9.46359e-17 
-1.27347e-16 
-1.16918e-16 
-9.36812e-17 
-7.81774e-17 
-6.37767e-17 
-5.39466e-17 
-5.36310e-17 
-5.46621e-17 
-3.95448e-17 
-2.17978e-17 
-1.30947e-17 
-1.02291e-17 
-9.53792e-18 
 6.13823e-18 
 1.91415e-17 
 2.83212e-17 
 6.35656e-17 
 8.51725e-17 
 9.48806e-17 
 9.93233e-17 
 1.22364e-16 
-1.27130e-16 
-1.18451e-16 
-9.74562e-17 
-7.67803e-17 
-6.52950e-17 
-5.64284e-17 
-5.35782e-17 
-4.82338e-17 
-4.01769e-17 
-2.14400e-17 
-9.31675e-18 
 1.37489e-17 
 1.18118e-17 
 1.11835e-17 
 3.02492e-17 
 5.85066e-17 
 6.03928e-17 
 7.32119e-17 
 8.89769e-17 
 1.14666e-16 
-1.15296e-16 
-1.17518e-16 
-9.00455e-17 
-6.05508e-17 
-3.99437e-17 
-4.49476e-17 
-4.07937e-17 
-2.79111e-17 
-1.39322e-17 
 1.33177e-17 
 8.61329e-18 
 2.96744e-17 
 3.09912e-17 
 3.77581e-17 
 3.79119e-17 
 4.54661e-17 
 6.70109e-17 
 8.68643e-17 
 1.01286e-16 
-1.16109e-16 
-8.54624e-17 
-7.47040e-17 
-6.58123e-17 
-4.54876e-17 
-2.92926e-17 
-1.99618e-17 
-1.45141e-17 
-1.69814e-19 
 9.69524e-18 
 3.20430e-17 
 2.75759e-17 
 5.09092e-17 
 5.02670e-17 
 4.96835e-17 
 5.03310e-17 
 8.71976e-17 
 1.03823e-16 
-1.17668e-16 
-9.98019e-17 
-8.57797e-17 
-7.87365e-17 
-6.18107e-17 
-4.94763e-17 
-3.68795e-17 
-3.20734e-17 
-1.10754e-17 
 6.36162e-18 
 1.69460e-17 
 2.78269e-17 
 3.61924e-17 
 4.47556e-17 
 5.10582e-17 
 6.40127e-17 
 8.72521e-17 
 1.03104e-16 
 1.14673e-16 
-1.01514e-16 
-8.84165e-17 
-6.99230e-17 
-6.25407e-17 
-6.48165e-17 
-4.50705e-17 
-2.27334e-17 
-9.36845e-18 
 1.10976e-17 
 2.16229e-17 
 2.68133e-17 
 5.37257e-17 
 5.53254e-17 
 6.54856e-17 
 5.89950e-17 
 8.90017e-17 
 1.03356e-16 
 1.12317e-16 
-8.93799e-17 
-7.34792e-17 
-6.38897e-17 
-6.06620e-17 
-4.68489e-17 
-3.30129e-17 
-1.19094e-17 
 1.18620e-17 
 1.53085e-17 
 3.85083e-17 
 5.18737e-17 
 6.28477e-17 
 5.95019e-17 
 7.55294e-17 
 8.57322e-17 
 1.02221e-16 
 1.14056e-16 
-9.07911e-17 
-6.42212e-17 
-6.28510e-17 
-4.65206e-17 
-1.56061e-17 
-1.97907e-17 
 4.31191e-18 
 1.57745e-17 
 2.05743e-17 
 4.75463e-17 
 6.36977e-17 
 7.74223e-17 
 7.27280e-17 
 7.21869e-17 
 9.57923e-17 
 1.14860e-16 
-5.65313e-17 
-6.21589e-17 
-5.40572e-17 
-4.47432e-17 
-1.22734e-17 
-5.35046e-19 
 2.14544e-17 
 3.52145e-17 
 3.98732e-17 
 4.08670e-17 
 6.52239e-17 
 8.35901e-17 
 8.85649e-17 
 9.47137e-17 
 1.00810e-16 
-6.79383e-17 
-4.70967e-17 
-2.37913e-17 
-8.79704e-18 
 5.33396e-18 
 1.30686e-17 
 3.69011e-17 
 4.82585e-17 
 5.62941e-17 
 6.43272e-17 
 7.74654e-17 
 8.47343e-17 
 1.01820e-16 
 1.11840e-16 
 1.28326e-16 
-3.63721e-17 
-2.60178e-17 
-2.07288e-17 
-1.32247e-18 
 1.52397e-17 
 2.53204e-17 
 3.94180e-17 
 4.82589e-17 
 6.42728e-17 
 7.14565e-17 
 8.66373e-17 
 9.46686e-17 
 1.14901e-16 
 1.24069e-16 
-3.53194e-17 
-3.26739e-17 
-2.35961e-17 
-1.63188e-18 
 1.04363e-17 
 9.87077e-18 
 3.12221e-17 
 4.52357e-17 
 4.83967e-17 
 6.16981e-17 
 9.01722e-17 
 9.76464e-17 
 1.01702e-16 
 1.11311e-16 
-3.66236e-17 
-1.69621e-17 
-5.12837e-18 
-4.55954e-18 
 8.33541e-18 
 2.26825e-17 
 3.31988e-17 
 4.02342e-17 
 5.67127e-17 
 6.42235e-17 
 7.16652e-17 
 8.72195e-17 
 1.01452e-16 
-2.81190e-17 
-2.39254e-17 
-4.47165e-18 
 5.94856e-18 
 1.68591e-17 
 3.00120e-17 
 4.47341e-17 
 5.27235e-17 
 5.23929e-17 
 6.68299e-17 
 7.97740e-17 
 9.11276e-17 
 1.03004e-16 
-2.26834e-17 
-1.04708e-17 
 7.88988e-18 
 1.87310e-17 
 1.29875e-17 
 3.90649e-17 
 4.35580e-17 
 5.08148e-17 
 5.78905e-17 
 7.22378e-17 
 8.66464e-17 
 1.04673e-16 
-1.27434e-17 
-6.57838e-18 
 8.33463e-18 
 1.98851e-17 
 3.16884e-17 
 4.60352e-17 
 5.31793e-17 
 5.79785e-17 
 7.34915e-17 
 7.57094e-17 
 8.87606e-17 
-1.36988e-17 
-5.75891e-18 
 7.32473e-18 
 2.70996e-17 
 3.55981e-17 
 4.83178e-17 
 5.17613e-17 
 6.07619e-17 
 7.23428e-17 
 7.89499e-17 
-2.21400e-17 
-1.25419e-17 
-5.98671e-19 
 1.02818e-17 
 2.45201e-17 
 3.30934e-17 
 4.06360e-17 
 5.06450e-17 
 6.10579e-17 
 6.75646e-17 
 7.64670e-17 
-1.57790e-17 
-9.40720e-18 
 8.34855e-20 
 9.74980e-18 
 1.89187e-17 
 2.60426e-17 
 3.66330e-17 
 4.41803e-17 
 5.45146e-17 
 6.31933e-17 
-7.71779e-18 
 8.73932e-19 
 3.04527e-18 
 1.18757e-17 
 1.90733e-17 
 2.50871e-17 
 3.46915e-17 
 3.97695e-17 
 4.91754e-17 
-6.11153e-18 
 1.38776e-18 
 5.27212e-18 
 1.17301e-17 
 1.73265e-17 
 2.21962e-17 
 2.76714e-17 
 3.55749e-17 
-4.12317e-18 
 1.46644e-18 
 5.95255e-18 
 1.01549e-17 
 1.30786e-17 
 1.94752e-17 
 2.48229e-17 
-5.65380e-19 
 1.90358e-18 
 5.12102e-18 
 9.04202e-18 
 1.17043e-17 
 1.40315e-17 
 1.72319e-17 
-1.59500e-18 
 2.32626e-19 
 2.00307e-18 
 3.47688e-18 
 4.74340e-18 
 5.82627e-18 
 6.77266e-18 
 1.28784e-17 
 4.59962e-17 
 6.72204e-17 
 8.13825e-17 
 9.94253e-17 
 1.11425e-16 
 1.46737e-16 
 1.54988e-16 
 1.63523e-16 
 1.54128e-16 
 1.35920e-16 
 1.29342e-16 
 1.29846e-16 
 1.23989e-16 
 9.86513e-17 
 9.25233e-17 
 8.42050e-17 
 6.82038e-17 
 6.65229e-17 
 3.38455e-17 
 2.47127e-17 
-1.66997e-18 
-2.96751e-17 
-2.66750e-17 
-6.70943e-17 
-9.49169e-17 
-7.83428e-17 
-1.10796e-16 
-1.13724e-16 
-1.13258e-16 
-1.34936e-16 
-1.40227e-16 
-1.37701e-16 
-1.38138e-16 
-1.31161e-16 
-1.28492e-16 
-1.06528e-16 
-9.17007e-17 
-8.15247e-17 
-7.14539e-17 
-4.74291e-17 
-4.93733e-17 
-5.60481e-17 
-4.24628e-17 
-3.37118e-17 
-3.67715e-17 
-2.40977e-17 
-3.51989e-17 
-2.43468e-17 
-1.76120e-17 
-1.26643e-17 
-9.43465e-18 
-4.64444e-18 
 5.37308e-35 
 7.04411e-34 
 8.78586e-18 
 2.61467e-17 
 1.32333e-16 
-1.29452e-16 
-1.32182e-16 
-4.56162e-18 
 9.65194e-34 
 7.54903e-34 
 5.20766e-18 
 2.15406e-17 
 2.54531e-17 
 2.88427e-17 
 3.29519e-17 
 3.47505e-17 
 3.71767e-17 
 3.91755e-17 
 3.75432e-17 
 3.81958e-17 
 3.74099e-17 
 3.67770e-17 
 3.40139e-17 
 3.55516e-17 
 3.21946e-17 
 2.84602e-17 
 2.45563e-17 
 2.30405e-17 
 1.94056e-17 
 1.27997e-17 
 5.74927e-18 
-1.78840e-18 
-7.78820e-18 
-1.61920e-17 
-1.59557e-17 
-1.97450e-17 
-2.09687e-17 
-2.72918e-17 
-2.87453e-17 
-2.85351e-17 
-3.01680e-17 
-2.76010e-17 
-2.78258e-17 
-2.73709e-17 
-2.71264e-17 
-2.68447e-17 
-2.53865e-17 
-2.56416e-17 
-2.32177e-17 
-2.09490e-17 
-1.75597e-17 
-1.46946e-17 
 3.57940e-17 
 3.88957e-17 
 4.22078e-17 
 4.49666e-17 
 4.67081e-17 
 4.72991e-17 
 4.90118e-17 
 4.76179e-17 
 4.54425e-17 
 4.57339e-17 
 4.41774e-17 
 4.26315e-17 
 3.89626e-17 
 3.62648e-17 
 3.24872e-17 
 2.76202e-17 
 2.30042e-17 
 2.16852e-17 
 1.50449e-17 
 3.19152e-18 
-2.33932e-19 
-7.09602e-18 
-1.08748e-17 
-1.45276e-17 
-1.87623e-17 
-2.36808e-17 
-3.04877e-17 
-3.21954e-17 
-3.25322e-17 
-3.61380e-17 
-3.34913e-17 
-3.36495e-17 
-3.31372e-17 
-3.66279e-17 
-3.41255e-17 
-3.43667e-17 
-3.28951e-17 
-3.15451e-17 
-2.89600e-17 
-2.84972e-17 
-2.73148e-17 
 5.76575e-17 
 5.83523e-17 
 5.80428e-17 
 5.89857e-17 
 5.97598e-17 
 6.03216e-17 
 5.72419e-17 
 5.43476e-17 
 5.30804e-17 
 5.15711e-17 
 4.55988e-17 
 4.36811e-17 
 4.11714e-17 
 3.77781e-17 
 2.86922e-17 
 2.54105e-17 
 1.79288e-17 
 1.52546e-17 
 8.83382e-18 
-6.01029e-19 
-7.03197e-18 
-9.29152e-18 
-1.51963e-17 
-2.06656e-17 
-2.59995e-17 
-3.08474e-17 
-3.62773e-17 
-3.68195e-17 
-3.64750e-17 
-3.67292e-17 
-3.67311e-17 
-3.70729e-17 
-3.94454e-17 
-4.21304e-17 
-4.21978e-17 
-4.34271e-17 
-4.03349e-17 
-3.81357e-17 
-3.97839e-17 
-3.83557e-17 
 7.50193e-17 
 7.46522e-17 
 7.49573e-17 
 7.39957e-17 
 7.42961e-17 
 6.97291e-17 
 6.55499e-17 
 6.03816e-17 
 5.83683e-17 
 5.40750e-17 
 4.95709e-17 
 4.72427e-17 
 4.00331e-17 
 3.08312e-17 
 3.04236e-17 
 2.34878e-17 
 1.43492e-17 
 1.05557e-17 
 8.00294e-19 
-2.47766e-18 
-1.08567e-17 
-1.79108e-17 
-1.88307e-17 
-1.94890e-17 
-3.21259e-17 
-3.21222e-17 
-3.64429e-17 
-4.19114e-17 
-4.50658e-17 
-4.41938e-17 
-4.32455e-17 
-4.82042e-17 
-4.99237e-17 
-5.10568e-17 
-5.22326e-17 
-5.25166e-17 
-4.69980e-17 
-4.61311e-17 
-4.54630e-17 
 9.10508e-17 
 9.10820e-17 
 9.14384e-17 
 8.62646e-17 
 8.36185e-17 
 7.80474e-17 
 7.33706e-17 
 6.90939e-17 
 6.24229e-17 
 5.77043e-17 
 5.13142e-17 
 4.42367e-17 
 4.06976e-17 
 3.53060e-17 
 3.05574e-17 
 1.64507e-17 
 1.09110e-17 
 5.16417e-18 
 2.43055e-18 
-7.27936e-18 
-1.55232e-17 
-1.77665e-17 
-1.86087e-17 
-2.64172e-17 
-3.36026e-17 
-3.62448e-17 
-4.32192e-17 
-4.49584e-17 
-4.83495e-17 
-5.23182e-17 
-5.46993e-17 
-5.52868e-17 
-5.79578e-17 
-5.98015e-17 
-5.79950e-17 
-5.74104e-17 
-5.57587e-17 
-5.25986e-17 
-5.24995e-17 
 1.04208e-16 
 1.02070e-16 
 9.95544e-17 
 9.56622e-17 
 9.19958e-17 
 7.94214e-17 
 7.35114e-17 
 6.65895e-17 
 6.24655e-17 
 5.64817e-17 
 4.98054e-17 
 4.38948e-17 
 3.31510e-17 
 2.74177e-17 
 2.09259e-17 
 1.39762e-17 
 1.09440e-17 
 6.89274e-18 
-1.91670e-18 
-5.78835e-18 
-1.40278e-17 
-2.00292e-17 
-2.40069e-17 
-3.26251e-17 
-3.48871e-17 
-4.16849e-17 
-4.54642e-17 
-5.33673e-17 
-6.30571e-17 
-5.99285e-17 
-5.78389e-17 
-6.48427e-17 
-6.52556e-17 
-6.16413e-17 
-6.18244e-17 
-6.31566e-17 
-6.48743e-17 
-6.61848e-17 
 1.18761e-16 
 1.12694e-16 
 1.04736e-16 
 9.74289e-17 
 9.34456e-17 
 8.44430e-17 
 7.36271e-17 
 6.69945e-17 
 6.63240e-17 
 5.45343e-17 
 4.39587e-17 
 2.91654e-17 
 3.28047e-17 
 2.30956e-17 
 1.24528e-17 
 1.42273e-17 
 4.56688e-18 
-3.88588e-18 
-2.88115e-18 
-1.10389e-17 
-1.84037e-17 
-2.38990e-17 
-3.12199e-17 
-3.18993e-17 
-3.96759e-17 
-4.57542e-17 
-5.35527e-17 
-6.10126e-17 
-6.36964e-17 
-6.78820e-17 
-6.73891e-17 
-6.53140e-17 
-6.57236e-17 
-6.80002e-17 
-7.17852e-17 
-7.36164e-17 
-6.67217e-17 
 1.36701e-16 
 1.26293e-16 
 1.19916e-16 
 1.10135e-16 
 1.05996e-16 
 9.58336e-17 
 8.45763e-17 
 7.69622e-17 
 6.66092e-17 
 5.93616e-17 
 5.16465e-17 
 4.83675e-17 
 4.53369e-17 
 3.52326e-17 
 2.75266e-17 
 1.24876e-17 
 1.10493e-17 
 7.25464e-18 
 9.76702e-19 
-1.43843e-17 
-1.55646e-17 
-1.84033e-17 
-2.67510e-17 
-2.95488e-17 
-2.94563e-17 
-4.08736e-17 
-5.09912e-17 
-5.95617e-17 
-6.64579e-17 
-6.56382e-17 
-6.31253e-17 
-6.43433e-17 
-6.53683e-17 
-7.56487e-17 
-7.98668e-17 
-7.97107e-17 
-7.67980e-17 
 1.50007e-16 
 1.38811e-16 
 1.30240e-16 
 1.20444e-16 
 1.06560e-16 
 1.03606e-16 
 8.83989e-17 
 8.18382e-17 
 7.04846e-17 
 5.68384e-17 
 4.46436e-17 
 4.34077e-17 
 3.49609e-17 
 3.38742e-17 
 1.82188e-17 
 1.31216e-17 
 1.04456e-17 
 3.84810e-18 
-1.06748e-17 
-1.40831e-17 
-1.43448e-17 
-2.26433e-17 
-2.75710e-17 
-3.22172e-17 
-3.55637e-17 
-4.76603e-17 
-5.74359e-17 
-6.24233e-17 
-6.63322e-17 
-7.04692e-17 
-6.58146e-17 
-7.50970e-17 
-7.79774e-17 
-7.97293e-17 
-7.94489e-17 
-7.85260e-17 
 1.58335e-16 
 1.51022e-16 
 1.30304e-16 
 1.20219e-16 
 1.05235e-16 
 9.82794e-17 
 8.96078e-17 
 8.01582e-17 
 6.93086e-17 
 5.05239e-17 
 4.27117e-17 
 3.72781e-17 
 3.54813e-17 
 2.18254e-17 
 1.94050e-17 
 1.34348e-17 
 7.70578e-18 
 4.66426e-18 
-7.91982e-18 
-8.29735e-18 
-1.95542e-17 
-2.55453e-17 
-2.90887e-17 
-3.40365e-17 
-3.59098e-17 
-4.97645e-17 
-6.38708e-17 
-6.17942e-17 
-6.83127e-17 
-6.58080e-17 
-7.34060e-17 
-6.86930e-17 
-7.86235e-17 
-7.89461e-17 
-7.95455e-17 
-8.89387e-17 
 1.59221e-16 
 1.39583e-16 
 1.27121e-16 
 1.09662e-16 
 1.07868e-16 
 9.34877e-17 
 7.63440e-17 
 6.95770e-17 
 5.89536e-17 
 4.46615e-17 
 3.65573e-17 
 2.66596e-17 
 2.18452e-17 
 2.02289e-17 
 8.40352e-18 
 5.39192e-18 
 8.34853e-18 
-3.15453e-18 
-6.54300e-18 
-2.06634e-17 
-2.53784e-17 
-2.82580e-17 
-3.21874e-17 
-4.04276e-17 
-4.37063e-17 
-5.14993e-17 
-5.58701e-17 
-5.62051e-17 
-6.52004e-17 
-6.15488e-17 
-6.57845e-17 
-6.94069e-17 
-7.54231e-17 
-7.85922e-17 
-8.47635e-17 
 1.49509e-16 
 1.32486e-16 
 1.12244e-16 
 1.04799e-16 
 8.60307e-17 
 7.50801e-17 
 7.21695e-17 
 5.96619e-17 
 4.54091e-17 
 4.53762e-17 
 2.53253e-17 
 2.74560e-17 
 1.35923e-17 
 9.31824e-18 
 6.47472e-19 
 1.11245e-17 
-2.69622e-18 
-1.09931e-17 
-1.44517e-17 
-1.79124e-17 
-2.19863e-17 
-3.06375e-17 
-3.13129e-17 
-3.40368e-17 
-4.38370e-17 
-4.21245e-17 
-5.20306e-17 
-5.15991e-17 
-5.34310e-17 
-5.73205e-17 
-6.12489e-17 
-6.92135e-17 
-7.32614e-17 
-8.83703e-17 
 1.26141e-16 
 1.15645e-16 
 1.07429e-16 
 8.86662e-17 
 7.22754e-17 
 6.00069e-17 
 6.03735e-17 
 4.08041e-17 
 3.06037e-17 
 2.07530e-17 
 2.55114e-17 
 2.05289e-17 
 8.20392e-18 
 9.13227e-18 
 1.08141e-17 
-1.30819e-18 
-8.60499e-18 
-9.42798e-18 
-1.89520e-17 
-2.20621e-17 
-2.90271e-17 
-2.98873e-17 
-3.58603e-17 
-3.59361e-17 
-4.43434e-17 
-5.04112e-17 
-4.93853e-17 
-4.89530e-17 
-5.97845e-17 
-6.41224e-17 
-6.40070e-17 
-7.24131e-17 
-8.21819e-17 
 1.18934e-16 
 1.10283e-16 
 9.16499e-17 
 7.66560e-17 
 5.67414e-17 
 5.06463e-17 
 4.83887e-17 
 3.28822e-17 
 1.97983e-17 
 2.92981e-17 
 2.78318e-17 
 1.90801e-17 
 1.42905e-17 
 1.24554e-17 
 2.21734e-18 
-3.90529e-18 
-1.16451e-17 
-2.45139e-17 
-2.23538e-17 
-2.40216e-17 
-2.60677e-17 
-2.89145e-17 
-4.05007e-17 
-4.02153e-17 
-4.58390e-17 
-4.77388e-17 
-5.74325e-17 
-6.11608e-17 
-6.78322e-17 
-7.02227e-17 
-6.96972e-17 
-7.84865e-17 
-8.59424e-17 
 1.19012e-16 
 1.11623e-16 
 9.43299e-17 
 8.29850e-17 
 7.25721e-17 
 6.31064e-17 
 4.71491e-17 
 3.52010e-17 
 3.71437e-17 
 3.45557e-17 
 3.11292e-17 
 1.63894e-17 
 1.40237e-17 
 1.62953e-17 
 1.82503e-18 
-1.19338e-17 
-5.91130e-18 
-1.51210e-17 
-2.13043e-17 
-1.59907e-17 
-2.20038e-17 
-3.32713e-17 
-3.34340e-17 
-3.58679e-17 
-3.55627e-17 
-4.64627e-17 
-4.97808e-17 
-5.05381e-17 
-6.13298e-17 
-6.30074e-17 
-7.10651e-17 
-7.26204e-17 
-7.44258e-17 
 1.15726e-16 
 1.00111e-16 
 9.30446e-17 
 7.85481e-17 
 6.68524e-17 
 6.46756e-17 
 5.12329e-17 
 4.60596e-17 
 3.96089e-17 
 3.04478e-17 
 1.74703e-17 
 2.84484e-17 
 2.34127e-17 
 1.28518e-17 
-1.00863e-17 
-7.37728e-18 
-1.25401e-17 
-1.19758e-17 
-8.41796e-18 
-1.47350e-17 
-1.64330e-17 
-2.10892e-17 
-1.40737e-17 
-3.49470e-17 
-3.55958e-17 
-3.33106e-17 
-4.36042e-17 
-4.90653e-17 
-6.07310e-17 
-5.39263e-17 
-6.62364e-17 
-6.75586e-17 
 1.02053e-16 
 9.38857e-17 
 7.87414e-17 
 6.26831e-17 
 5.07408e-17 
 4.42478e-17 
 3.76002e-17 
 3.33807e-17 
 2.65082e-17 
 1.80167e-17 
 2.62887e-17 
 3.02757e-17 
 1.75130e-17 
 5.85836e-18 
-1.65386e-18 
-6.70584e-18 
-6.30693e-18 
-2.94805e-18 
-2.07155e-18 
-7.03163e-18 
-1.55551e-17 
-1.71026e-17 
-1.63846e-17 
-3.86155e-17 
-3.55625e-17 
-4.34576e-17 
-3.93887e-17 
-4.11671e-17 
-3.74310e-17 
-5.17012e-17 
-5.87216e-17 
 8.62910e-17 
 7.97571e-17 
 5.53001e-17 
 4.14987e-17 
 4.80362e-17 
 3.71385e-17 
 3.09500e-17 
 9.68306e-18 
 8.10440e-18 
 1.92958e-17 
 2.51635e-17 
 2.55493e-17 
 7.57337e-18 
 1.03993e-17 
 1.20583e-17 
 3.13832e-18 
-2.43451e-18 
 2.65673e-18 
-2.94019e-18 
-1.30462e-17 
-1.19713e-17 
-1.33938e-17 
-2.41045e-17 
-2.35542e-17 
-3.16285e-17 
-3.39961e-17 
-3.23724e-17 
-3.41956e-17 
-4.14681e-17 
-5.23886e-17 
-3.84540e-17 
 6.02189e-17 
 5.66967e-17 
 5.55858e-17 
 4.82465e-17 
 3.03431e-17 
 2.33890e-17 
 1.61636e-17 
 1.89624e-18 
 1.12450e-17 
 2.38406e-17 
 1.86684e-17 
 2.79551e-17 
 1.55095e-17 
 7.25239e-18 
 5.19818e-18 
 1.05946e-17 
 1.32517e-17 
 5.01896e-18 
-2.39936e-18 
-7.29624e-18 
-1.57154e-17 
-2.05748e-17 
-2.32890e-17 
-2.12503e-17 
-2.21294e-17 
-2.09723e-17 
-1.87434e-17 
-2.68940e-17 
-3.71588e-17 
-2.91229e-17 
 6.43069e-17 
 5.04555e-17 
 4.90180e-17 
 4.89197e-17 
 2.94095e-17 
 1.97163e-17 
-1.15802e-18 
 6.54863e-18 
 1.21680e-17 
 2.07188e-17 
 2.29444e-17 
 1.89286e-17 
 1.66245e-17 
 1.99204e-17 
 1.77288e-17 
 1.42973e-17 
 5.92456e-18 
 3.03644e-18 
 4.94187e-18 
-9.66876e-19 
-8.40978e-18 
-1.26468e-17 
-9.64084e-18 
-1.17012e-17 
-1.29648e-17 
-8.05907e-18 
-1.06104e-17 
-2.79047e-17 
-3.47412e-17 
 4.71071e-17 
 4.18689e-17 
 3.68263e-17 
 4.37256e-17 
 3.78825e-17 
 1.87801e-17 
 6.52872e-18 
-7.42621e-19 
 1.53461e-18 
 2.39441e-17 
 1.69238e-17 
 2.79964e-17 
 1.18281e-17 
 1.34538e-17 
 2.41556e-17 
 2.63170e-17 
 6.86970e-18 
-1.55399e-18 
 6.81658e-18 
 3.94652e-18 
-3.12366e-19 
-7.10321e-18 
-1.21113e-17 
-1.66448e-18 
-5.45787e-18 
-8.78833e-18 
-1.40110e-17 
-1.56541e-17 
-1.44683e-17 
 2.86087e-17 
 3.28915e-17 
 2.99311e-17 
 2.68326e-17 
 1.29726e-17 
 9.90889e-18 
 1.52547e-17 
 1.67626e-17 
 1.46638e-17 
 2.27082e-17 
 2.09638e-17 
 7.79314e-18 
 1.25198e-17 
 2.07130e-17 
 1.86864e-17 
 5.73562e-18 
 1.69146e-17 
 9.68452e-18 
 1.36952e-17 
 5.93802e-18 
 1.73527e-17 
 4.49304e-18 
 2.62399e-18 
 1.47244e-17 
-2.48923e-18 
-1.04736e-17 
-1.17265e-17 
-1.31389e-17 
-1.11037e-17 
 2.36647e-18 
 8.02171e-18 
 2.12342e-17 
 2.67108e-17 
 3.28411e-17 
 2.47731e-17 
 2.58247e-17 
 3.15319e-17 
 3.20088e-17 
 2.56163e-17 
 9.88851e-18 
-4.22090e-18 
-1.02740e-17 
-3.69299e-18 
 1.28384e-17 
 1.95863e-17 
 1.93235e-17 
 1.66346e-17 
 1.48429e-17 
 1.96056e-17 
 1.04375e-17 
 1.83804e-17 
 9.12718e-18 
 4.73947e-18 
 2.28878e-19 
-5.90854e-18 
 5.24373e-18 
-3.21554e-18 
-1.65040e-17 
-1.50723e-17 
-1.64484e-18 
 5.34700e-18 
 5.10351e-18 
 1.25160e-17 
 2.88104e-17 
 2.79944e-17 
 2.62879e-17 
 1.65461e-17 
 9.91521e-18 
 3.62670e-18 
 2.24922e-17 
 3.66355e-17 
 2.84969e-17 
 1.57435e-17 
-5.12664e-18 
 9.37230e-18 
 7.78010e-18 
 1.99535e-17 
 1.74733e-17 
 1.19286e-17 
 8.42934e-18 
 1.08352e-17 
 9.20998e-18 
 1.53073e-17 
 1.90029e-17 
-3.11310e-17 
-2.50867e-17 
-2.54988e-17 
-1.31763e-17 
 5.15180e-18 
-7.21366e-18 
 5.81162e-18 
 9.56768e-18 
-4.13090e-18 
-1.43482e-18 
 1.20079e-17 
 2.16213e-17 
 2.62959e-17 
 7.90986e-18 
 7.87396e-18 
-1.17451e-17 
-6.52478e-18 
-9.94581e-18 
 1.58105e-18 
 7.54227e-18 
-1.02795e-17 
-5.80110e-18 
 7.80376e-18 
 1.50683e-17 
 2.97216e-17 
 3.38658e-17 
-3.76465e-17 
-2.77659e-17 
-3.17571e-17 
-2.83346e-17 
-8.52232e-18 
-8.14751e-18 
-6.26806e-18 
-1.03227e-17 
-1.97585e-18 
 4.91048e-19 
 4.36185e-18 
 6.05005e-18 
-3.75860e-18 
-3.97624e-18 
-1.54731e-17 
-6.85811e-18 
-7.25159e-18 
-7.27529e-18 
-5.46633e-18 
-4.67881e-18 
-7.04555e-18 
 2.53424e-17 
 2.74963e-17 
 3.14163e-17 
 3.27719e-17 
-6.85690e-17 
-6.70326e-17 
-5.35550e-17 
-4.20979e-17 
-2.47877e-17 
-2.97219e-17 
-1.11758e-17 
-2.40231e-18 
-1.13388e-17 
-5.52763e-18 
-2.30501e-17 
-8.47068e-18 
-7.38821e-18 
-2.03062e-17 
-1.48873e-17 
-1.67982e-17 
-7.30375e-18 
 4.32637e-18 
 1.23188e-17 
 2.64462e-18 
 6.42896e-18 
 7.25095e-18 
 1.57297e-17 
 4.62756e-17 
 5.08017e-17 
 6.17128e-17 
-6.05741e-17 
-7.38371e-17 
-6.83782e-17 
-5.61459e-17 
-3.57289e-17 
-2.08530e-17 
-1.48472e-17 
-3.09393e-17 
-2.29073e-17 
-2.38177e-17 
-1.54170e-17 
-2.77704e-17 
-3.31253e-17 
-1.88474e-17 
-2.36064e-17 
-1.08119e-17 
 2.67957e-18 
 1.26365e-17 
 1.67429e-17 
 2.88892e-17 
 3.43583e-17 
 4.43378e-17 
 6.99828e-17 
 7.19581e-17 
 8.39275e-17 
-9.47068e-17 
-8.47277e-17 
-7.68105e-17 
-5.57120e-17 
-5.00520e-17 
-4.37683e-17 
-4.15947e-17 
-2.74008e-17 
-4.69045e-17 
-3.99702e-17 
-5.36427e-17 
-4.70524e-17 
-4.07072e-17 
-3.29342e-17 
-1.17836e-17 
-7.44064e-18 
 7.13163e-19 
 8.67198e-18 
 1.92299e-17 
 4.32878e-17 
 7.30290e-17 
 6.42742e-17 
 7.60362e-17 
 7.61121e-17 
-1.13049e-16 
-1.01575e-16 
-1.00064e-16 
-7.74796e-17 
-5.91539e-17 
-4.80485e-17 
-5.82979e-17 
-5.35520e-17 
-4.61061e-17 
-4.55999e-17 
-3.79165e-17 
-3.68985e-17 
-2.68309e-17 
-1.59770e-17 
-3.03877e-18 
-1.26008e-17 
 1.65278e-17 
 1.77633e-17 
 4.78939e-17 
 7.37812e-17 
 8.34461e-17 
 6.83092e-17 
 8.21915e-17 
-1.09780e-16 
-1.01772e-16 
-9.94065e-17 
-7.65659e-17 
-7.72498e-17 
-6.82748e-17 
-7.33693e-17 
-5.07206e-17 
-5.18682e-17 
-3.46561e-17 
-3.05015e-17 
-3.04742e-17 
-1.94098e-17 
-1.87510e-17 
-2.00042e-18 
 5.29800e-18 
 2.62136e-17 
 4.80453e-17 
 6.24821e-17 
 7.86190e-17 
 7.45726e-17 
 6.93337e-17 
 8.44024e-17 
-1.16898e-16 
-1.23680e-16 
-1.14795e-16 
-1.10018e-16 
-8.10518e-17 
-6.87174e-17 
-6.14361e-17 
-5.56583e-17 
-4.77395e-17 
-3.35012e-17 
-2.94457e-17 
-1.11668e-17 
-1.67163e-17 
-1.16046e-17 
 1.19350e-17 
 3.53754e-17 
 5.69714e-17 
 4.97526e-17 
 5.47432e-17 
 6.90336e-17 
 6.66045e-17 
 7.33231e-17 
-1.30463e-16 
-1.31216e-16 
-1.17037e-16 
-1.03436e-16 
-8.41755e-17 
-7.60000e-17 
-7.63794e-17 
-6.23208e-17 
-6.97241e-17 
-6.18105e-17 
-4.58365e-17 
-4.50761e-17 
-3.25792e-17 
-1.31579e-17 
-1.30244e-17 
 1.04071e-17 
 2.59184e-17 
 3.76082e-17 
 4.44687e-17 
 6.09887e-17 
 7.01063e-17 
 8.58509e-17 
-1.44968e-16 
-1.30205e-16 
-1.08079e-16 
-9.16405e-17 
-8.68394e-17 
-6.96270e-17 
-6.77942e-17 
-5.32888e-17 
-5.82995e-17 
-4.52908e-17 
-3.45046e-17 
-2.83432e-17 
-1.52172e-17 
-1.16645e-17 
-1.68154e-18 
 1.05478e-17 
 2.64993e-17 
 3.65714e-17 
 6.90061e-17 
 9.37027e-17 
 9.75244e-17 
-1.48813e-16 
-1.37267e-16 
-1.12907e-16 
-9.82473e-17 
-7.87908e-17 
-6.26669e-17 
-5.85841e-17 
-5.77580e-17 
-4.99903e-17 
-3.80298e-17 
-2.51274e-17 
-2.13381e-17 
 1.39115e-18 
 3.97787e-18 
 2.22570e-18 
 1.71566e-17 
 4.35859e-17 
 6.44136e-17 
 7.26796e-17 
 8.91191e-17 
 1.05674e-16 
-1.31035e-16 
-1.25429e-16 
-1.08760e-16 
-9.84948e-17 
-7.48117e-17 
-5.30600e-17 
-4.95482e-17 
-4.28496e-17 
-4.61657e-17 
-3.38410e-17 
-9.68846e-18 
 7.97680e-19 
 1.32904e-17 
 2.77479e-17 
 3.19460e-17 
 4.08477e-17 
 4.76492e-17 
 6.42710e-17 
 7.78740e-17 
 9.36917e-17 
-1.23563e-16 
-1.15579e-16 
-1.03403e-16 
-8.36552e-17 
-5.78407e-17 
-6.08360e-17 
-4.13694e-17 
-3.27523e-17 
-1.93508e-17 
-3.86473e-18 
 1.15917e-17 
 1.83238e-17 
 3.14345e-17 
 3.69450e-17 
 5.27836e-17 
 5.24600e-17 
 4.55099e-17 
 6.54034e-17 
 1.01362e-16 
-1.23529e-16 
-1.02043e-16 
-9.20655e-17 
-7.53727e-17 
-6.82307e-17 
-4.35437e-17 
-3.69248e-17 
-2.11243e-17 
-1.04850e-17 
-1.10033e-18 
 7.01979e-18 
 2.76823e-17 
 3.35167e-17 
 4.81066e-17 
 5.30662e-17 
 5.21305e-17 
 6.66436e-17 
 9.32178e-17 
-1.28825e-16 
-1.13374e-16 
-9.07365e-17 
-7.88740e-17 
-6.97558e-17 
-5.66805e-17 
-4.76771e-17 
-3.56772e-17 
-1.80418e-17 
-5.17071e-19 
 2.48206e-17 
 2.44426e-17 
 3.47036e-17 
 3.97438e-17 
 4.81031e-17 
 6.18743e-17 
 7.42974e-17 
 9.38358e-17 
 1.10746e-16 
-1.05290e-16 
-1.03161e-16 
-8.12787e-17 
-6.73306e-17 
-6.65622e-17 
-5.74398e-17 
-3.31590e-17 
-2.25973e-17 
 1.13483e-18 
 1.08794e-17 
 1.75053e-17 
 4.14239e-17 
 5.23493e-17 
 6.03159e-17 
 6.17027e-17 
 9.21241e-17 
 9.55934e-17 
 1.00440e-16 
-1.08457e-16 
-8.07517e-17 
-6.68421e-17 
-5.86550e-17 
-5.02650e-17 
-3.97918e-17 
-2.42087e-17 
 3.85350e-18 
 8.07434e-18 
 1.84996e-17 
 3.81649e-17 
 5.43861e-17 
 6.17593e-17 
 6.79887e-17 
 8.07875e-17 
 9.22753e-17 
 1.10818e-16 
-8.85258e-17 
-7.44945e-17 
-6.32578e-17 
-5.57717e-17 
-3.73794e-17 
-2.32299e-17 
-3.55071e-18 
 1.50239e-17 
 2.29284e-17 
 3.97732e-17 
 5.59260e-17 
 6.34983e-17 
 6.94469e-17 
 8.29676e-17 
 8.39174e-17 
 1.10099e-16 
-7.15249e-17 
-6.59647e-17 
-5.53948e-17 
-4.21871e-17 
-1.91074e-17 
-3.17979e-19 
 1.22325e-17 
 2.63196e-17 
 4.18783e-17 
 4.28809e-17 
 5.44181e-17 
 7.46899e-17 
 8.19957e-17 
 9.36115e-17 
 9.90032e-17 
-6.77249e-17 
-5.09920e-17 
-2.70249e-17 
-1.85145e-17 
-2.20169e-18 
 7.96264e-18 
 2.00500e-17 
 4.07885e-17 
 5.19338e-17 
 5.61865e-17 
 6.92649e-17 
 8.57146e-17 
 9.63746e-17 
 1.09608e-16 
 1.23100e-16 
-3.59369e-17 
-3.07713e-17 
-2.22691e-17 
-1.44605e-17 
 1.39799e-18 
 2.08669e-17 
 2.72429e-17 
 3.83449e-17 
 4.49923e-17 
 5.99607e-17 
 7.80720e-17 
 8.86796e-17 
 1.07134e-16 
 1.12634e-16 
-4.34265e-17 
-4.45439e-17 
-2.74698e-17 
-1.06556e-17 
-2.80110e-18 
 9.55724e-18 
 1.54636e-17 
 3.92317e-17 
 4.45732e-17 
 5.61988e-17 
 6.36004e-17 
 8.42805e-17 
 9.43038e-17 
 9.80043e-17 
-4.78276e-17 
-3.08303e-17 
-1.97080e-17 
-6.76141e-18 
 1.49322e-18 
 1.52445e-17 
 2.69237e-17 
 3.81606e-17 
 4.82404e-17 
 5.59472e-17 
 7.27312e-17 
 7.72226e-17 
 8.77862e-17 
-4.01574e-17 
-3.05044e-17 
-1.21861e-17 
-4.36781e-18 
 9.73453e-18 
 2.03847e-17 
 3.46294e-17 
 4.84841e-17 
 4.95400e-17 
 5.68846e-17 
 6.81571e-17 
 8.58005e-17 
 1.00903e-16 
-3.86282e-17 
-1.50501e-17 
-9.24192e-18 
 8.13817e-18 
 1.55205e-17 
 2.40095e-17 
 3.86129e-17 
 5.03122e-17 
 5.74327e-17 
 6.71419e-17 
 7.30265e-17 
 8.90765e-17 
-2.63083e-17 
-1.44984e-17 
-1.59419e-18 
 9.77559e-18 
 2.57922e-17 
 3.48144e-17 
 4.47141e-17 
 5.38098e-17 
 6.11228e-17 
 6.74558e-17 
 8.16243e-17 
-2.09750e-17 
-1.23921e-17 
-4.37778e-18 
 1.00285e-17 
 2.39701e-17 
 3.41906e-17 
 4.65794e-17 
 5.08689e-17 
 6.24675e-17 
 6.90253e-17 
-2.60094e-17 
-1.99144e-17 
-1.01704e-17 
 9.17760e-19 
 1.25412e-17 
 2.09830e-17 
 2.74757e-17 
 3.80030e-17 
 5.05365e-17 
 5.34615e-17 
 6.68891e-17 
-2.23749e-17 
-1.15552e-17 
-2.54481e-18 
 1.05832e-18 
 9.67242e-18 
 1.81006e-17 
 2.78595e-17 
 3.42252e-17 
 4.53254e-17 
 5.30574e-17 
-1.27531e-17 
-4.77312e-18 
-2.96803e-18 
 4.01634e-18 
 1.07437e-17 
 1.88329e-17 
 2.40897e-17 
 3.10950e-17 
 3.95061e-17 
-1.13031e-17 
-5.53373e-18 
 1.28230e-18 
 5.61980e-18 
 1.15592e-17 
 1.58334e-17 
 2.03107e-17 
 2.59573e-17 
-5.85863e-18 
-2.82625e-18 
 2.84528e-18 
 5.39232e-18 
 9.08997e-18 
 1.30607e-17 
 1.67971e-17 
-3.03751e-18 
 2.96054e-19 
 2.37641e-18 
 5.09767e-18 
 7.10180e-18 
 9.11084e-18 
 1.10064e-17 
-2.05767e-18 
-5.52162e-19 
 2.54582e-19 
 8.74975e-19 
 2.16445e-18 
 2.75773e-18 
 3.17384e-18 
-6.72543e-18 
 1.40933e-16 
 5.65304e-17 
-7.51341e-17 
-4.98418e-17 
-3.72492e-17 
 8.44470e-18 
 1.36138e-17 
 1.80951e-17 
 2.13870e-17 
 2.52756e-17 
 2.75552e-17 
 2.89618e-17 
 3.14293e-17 
 3.24195e-17 
 3.31933e-17 
 3.40204e-17 
 3.08460e-17 
 2.83848e-17 
 2.59778e-17 
 2.64170e-17 
 2.17969e-17 
 1.88809e-17 
 1.36829e-17 
 9.57155e-18 
 1.61814e-18 
-4.42491e-18 
-8.49592e-18 
-1.25972e-17 
-1.49867e-17 
-2.12887e-17 
-2.40575e-17 
-2.19734e-17 
-2.43726e-17 
-2.40262e-17 
-2.48047e-17 
-2.34701e-17 
-2.15632e-17 
-2.01985e-17 
-1.97377e-17 
-2.04538e-17 
-1.83780e-17 
-1.48317e-17 
-1.31753e-17 
-1.01304e-17 
-4.44941e-18 
-4.43410e-17 
-8.32376e-17 
-8.88692e-17 
-7.07251e-17 
-1.32726e-17 
 4.51078e-17 
 7.23194e-17 
 1.05626e-16 
 1.14263e-16 
 1.08143e-16 
 1.06085e-16 
 8.14576e-17 
 2.13431e-17 
-3.66080e-17 
-7.00561e-17 
-7.66726e-17 
-9.05255e-17 
-1.06042e-16 
-7.50177e-17 
-2.94023e-17 
 2.32075e-17 
 2.69086e-17 
 9.21232e-17 
 9.36675e-17 
 9.93076e-17 
 1.04379e-16 
 1.10268e-16 
 1.13747e-16 
 1.21678e-16 
 1.06419e-16 
 8.87424e-17 
 4.68432e-17 
 3.34645e-17 
 2.41076e-18 
-6.90171e-34 
 2.24790e-18 
 5.74612e-34 
 6.43928e-18 
 6.10967e-18 
 7.12197e-18 
 1.09320e-17 
 1.07560e-17 
 1.18698e-17 
 1.51556e-17 
 1.55535e-17 
 1.52740e-17 
 1.89443e-17 
 1.88610e-17 
 1.84601e-17 
 2.24540e-17 
 2.11038e-17 
 2.25777e-17 
 2.46442e-17 
 2.49198e-17 
 2.41831e-17 
 2.68514e-17 
 2.71741e-17 
 2.74390e-17 
 2.87300e-17 
 2.88896e-17 
 2.87441e-17 
 3.09225e-17 
 3.15466e-17 
 3.13864e-17 
 3.05948e-17 
 3.05887e-17 
 3.15904e-17 
 3.21594e-17 
 3.10110e-17 
 3.06813e-17 
 2.90082e-17 
 3.06962e-17 
 3.15832e-17 
 2.64312e-17 
 2.73840e-17 
 2.88763e-17 
 2.59124e-17 
 2.33343e-17 
 2.58615e-17 
 2.36274e-17 
 2.23833e-17 
 2.38816e-17 
 1.93292e-17 
 1.98892e-17 
 1.96151e-17 
 1.42532e-17 
 1.52554e-17 
 1.43203e-17 
 7.27182e-18 
 9.23249e-18 
 5.93910e-18 
-2.02461e-18 
-2.17078e-18 
-3.45034e-18 
-2.49805e-18 
-2.67874e-18 
-3.26357e-18 
-6.37458e-18 
-9.40474e-18 
-7.65596e-18 
-1.09233e-17 
-1.07347e-17 
-1.13432e-17 
-1.33530e-17 
-1.13027e-17 
-1.46232e-17 
-1.89383e-17 
-1.78572e-17 
-1.99293e-17 
-2.25512e-17 
-2.13156e-17 
-2.19995e-17 
-2.17755e-17 
-2.24786e-17 
-2.25561e-17 
-2.24546e-17 
-2.44920e-17 
-2.23521e-17 
-2.13818e-17 
-2.18050e-17 
-2.06705e-17 
-2.31837e-17 
-2.33748e-17 
-2.27213e-17 
-2.32664e-17 
-2.31031e-17 
-2.43819e-17 
-2.05077e-17 
-2.05920e-17 
-2.16605e-17 
-1.85413e-17 
-1.97693e-17 
-1.79508e-17 
-1.68093e-17 
-1.73556e-17 
-1.74100e-17 
-1.68769e-17 
-1.74205e-17 
-1.61768e-17 
-1.68188e-17 
-1.68812e-17 
-1.73079e-17 
-1.32593e-17 
-1.34576e-17 
-1.31817e-17 
-9.92372e-18 
-9.78096e-18 
-1.01573e-17 
-7.22774e-18 
-7.67529e-18 
-7.26499e-18 
-4.54556e-35 
-3.93716e-18 
-4.99477e-18 
-3.96881e-18 
-1.81023e-34 
-3.57530e-18 
-1.44816e-18 
 8.81455e-18 
 8.89183e-18 
 8.66101e-18 
 8.94978e-18 
 1.10946e-17 
 1.71246e-17 
-7.68010e-18 
-6.91705e-18 
-9.27639e-18 
 2.58961e-17 
 2.73221e-17 
 1.88957e-17 
 2.58553e-17 
-1.91104e-17 
-1.60904e-17 
-2.49540e-17 
 4.51745e-17 
 3.73261e-17 
 5.02341e-17 
 4.67717e-17 
-3.16274e-17 
-2.69902e-17 
-3.55204e-17 
 6.72642e-17 
 5.92124e-17 
 7.54316e-17 
 7.12263e-17 
-3.65017e-17 
-4.50476e-17 
-3.76988e-17 
-4.05882e-17 
 8.36020e-17 
 7.91226e-17 
 9.52262e-17 
 8.67460e-17 
-4.53129e-17 
-4.66682e-17 
-4.66101e-17 
 1.01707e-16 
 9.79233e-17 
 1.13361e-16 
 1.09329e-16 
-5.73533e-17 
-5.69246e-17 
-6.13125e-17 
 1.16246e-16 
 1.14630e-16 
 1.19867e-16 
-6.58227e-17 
-6.32651e-17 
-6.96974e-17 
 1.34169e-16 
 1.36959e-16 
 1.28899e-16 
 1.32027e-16 
-7.62950e-17 
-6.85205e-17 
-7.33717e-17 
 1.50125e-16 
 1.40740e-16 
 1.45623e-16 
 1.48611e-16 
-8.65537e-17 
-8.98111e-17 
-8.47523e-17 
-8.89543e-17 
 1.56577e-16 
 1.56554e-16 
 1.62479e-16 
 1.59107e-16 
-9.97463e-17 
-9.44227e-17 
-9.07322e-17 
 1.68704e-16 
 1.65007e-16 
 1.65451e-16 
 1.67110e-16 
-8.99644e-17 
-9.00435e-17 
-8.95733e-17 
 1.62344e-16 
 1.63500e-16 
 1.48809e-16 
 1.50140e-16 
-9.31165e-17 
-9.41616e-17 
-9.90493e-17 
 1.48000e-16 
 1.53591e-16 
 1.38407e-16 
 1.42068e-16 
-1.00956e-16 
-9.23778e-17 
-1.01003e-16 
-9.55418e-17 
 1.38782e-16 
 1.38371e-16 
 1.38970e-16 
-8.14790e-17 
-8.76105e-17 
-9.71453e-17 
 1.38522e-16 
 1.32002e-16 
 1.24397e-16 
 1.33685e-16 
-8.96065e-17 
-9.57273e-17 
-7.59830e-17 
 1.26683e-16 
 1.26374e-16 
 1.18339e-16 
 1.27072e-16 
-8.06618e-17 
-7.08889e-17 
-6.29462e-17 
 1.03387e-16 
 1.06419e-16 
 1.09776e-16 
 1.02688e-16 
-7.14937e-17 
-6.67026e-17 
-7.67860e-17 
-7.23131e-17 
 9.85355e-17 
 1.03543e-16 
 8.83624e-17 
 9.13886e-17 
-7.13298e-17 
-6.37631e-17 
-6.17836e-17 
 8.36059e-17 
 9.00805e-17 
 7.17011e-17 
 8.41997e-17 
-4.23581e-17 
-4.79097e-17 
-2.85714e-17 
 7.07601e-17 
 7.04501e-17 
 7.07993e-17 
-2.17049e-17 
-2.30978e-17 
-2.44403e-17 
 7.12301e-17 
 7.29017e-17 
 5.07861e-17 
 6.44519e-17 
-2.65422e-17 
-2.28024e-17 
-1.60401e-17 
-2.61283e-17 
 4.70180e-17 
 4.19336e-17 
 2.08887e-17 
 2.65446e-17 
-1.75955e-17 
-3.32421e-17 
-1.46355e-17 
 8.87755e-18 
 2.26564e-17 
-1.24199e-17 
 1.02791e-17 
-9.27413e-19 
-1.12190e-17 
 3.32532e-18 
-1.14062e-17 
-5.17029e-18 
-1.64101e-17 
-1.48219e-17 
 3.61173e-18 
 8.32302e-18 
 2.44362e-17 
-2.38603e-17 
-2.07961e-17 
-5.54542e-17 
-3.55368e-17 
 2.04419e-17 
 1.91536e-17 
 2.64163e-17 
-6.54692e-17 
-6.35213e-17 
-6.56131e-17 
 5.27026e-17 
 4.31200e-17 
 4.50604e-17 
 5.00935e-17 
-6.56044e-17 
-6.43058e-17 
-5.66660e-17 
-7.56652e-17 
 5.83786e-17 
 6.19481e-17 
 6.25780e-17 
-9.18721e-17 
-7.36006e-17 
-8.50331e-17 
-8.92654e-17 
 7.23090e-17 
 7.71698e-17 
 8.75503e-17 
-8.52985e-17 
-7.72264e-17 
-9.39951e-17 
-7.47242e-17 
 8.65425e-17 
 9.00578e-17 
 8.26233e-17 
-1.27214e-16 
-1.07719e-16 
-1.16538e-16 
-1.18902e-16 
 7.81763e-17 
 8.11343e-17 
 8.90650e-17 
 8.18761e-17 
-1.20337e-16 
-1.25696e-16 
-1.24644e-16 
-1.29429e-16 
 9.25402e-17 
 1.06318e-16 
 9.50840e-17 
-1.34451e-16 
-1.34465e-16 
-1.18811e-16 
 8.35525e-17 
 8.58325e-17 
 9.19794e-17 
-1.34371e-16 
-1.32244e-16 
-1.20157e-16 
-1.34824e-16 
 9.83498e-17 
 8.94553e-17 
 9.11770e-17 
-1.39974e-16 
-1.37532e-16 
-1.30268e-16 
-1.29837e-16 
 9.42739e-17 
 1.13752e-16 
 9.71047e-17 
 1.01135e-16 
-1.52912e-16 
-1.47260e-16 
-1.53901e-16 
-1.51626e-16 
 1.21594e-16 
 1.15901e-16 
 1.20499e-16 
-1.55044e-16 
-1.40647e-16 
-1.62260e-16 
-1.50504e-16 
 1.26042e-16 
 1.18077e-16 
 1.11064e-16 
-1.43674e-16 
-1.49519e-16 
-1.50762e-16 
-1.47873e-16 
 1.09849e-16 
 1.06188e-16 
 1.07125e-16 
-1.47433e-16 
-1.53881e-16 
-1.51620e-16 
 1.21573e-16 
 1.20074e-16 
 1.11580e-16 
 1.35076e-16 
-1.34978e-16 
-1.19478e-16 
-1.36914e-16 
-1.28310e-16 
 1.11852e-16 
 1.18808e-16 
 1.12142e-16 
-1.23659e-16 
-1.36751e-16 
-1.07601e-16 
-1.21615e-16 
 1.22050e-16 
 1.04161e-16 
 1.26231e-16 
-1.12511e-16 
-1.20785e-16 
-1.18634e-16 
-1.11315e-16 
 1.13105e-16 
 1.20680e-16 
 1.24795e-16 
-9.70335e-17 
-1.03555e-16 
-9.41266e-17 
-9.13852e-17 
 1.12598e-16 
 1.12588e-16 
 1.15915e-16 
-8.94907e-17 
-1.01919e-16 
-6.95232e-17 
-8.26074e-17 
 1.19719e-16 
 1.17582e-16 
 1.22595e-16 
 1.19709e-16 
-7.98170e-17 
-6.96506e-17 
-6.40163e-17 
-7.17942e-17 
 1.33386e-16 
 1.31424e-16 
 1.36044e-16 
-7.02247e-17 
-6.37159e-17 
-6.14461e-17 
 1.29951e-16 
 1.30723e-16 
 1.19243e-16 
-4.17597e-17 
-5.48688e-17 
-5.28210e-17 
-5.03966e-17 
 1.21352e-16 
 1.19220e-16 
 1.19866e-16 
-6.39510e-17 
-6.01180e-17 
-5.82985e-17 
-5.53306e-17 
 1.09194e-16 
 1.08337e-16 
 1.11536e-16 
 1.08241e-16 
-5.23510e-17 
-4.96598e-17 
-4.34037e-17 
-4.64200e-17 
 1.10321e-16 
 1.05941e-16 
 1.07407e-16 
-4.18054e-17 
-4.13017e-17 
-4.42338e-17 
-4.40939e-17 
 1.03216e-16 
 1.09129e-16 
 1.00394e-16 
-4.36173e-17 
-4.41524e-17 
-3.27410e-17 
-4.31399e-17 
 9.63364e-17 
 9.35981e-17 
 9.14351e-17 
-3.54637e-17 
-3.54627e-17 
-3.37042e-17 
 8.73253e-17 
 8.24473e-17 
 8.87687e-17 
 8.48295e-17 
-3.84839e-17 
-3.58002e-17 
-2.92288e-17 
-3.42094e-17 
 7.60522e-17 
 7.40649e-17 
 7.87297e-17 
-2.60678e-17 
-2.71441e-17 
-2.93608e-17 
-2.80257e-17 
 6.85755e-17 
 7.08892e-17 
 6.02812e-17 
-2.43226e-17 
-2.58809e-17 
-1.72972e-17 
-1.91715e-17 
 5.39690e-17 
 6.00117e-17 
 4.87286e-17 
-1.64993e-17 
-1.56495e-17 
-1.34399e-17 
-1.48628e-17 
 4.08651e-17 
 4.54946e-17 
 3.91859e-17 
-1.39321e-17 
-1.39856e-17 
-1.00353e-17 
-1.13137e-17 
 2.89437e-17 
 2.82790e-17 
 2.95250e-17 
 2.90316e-17 
-1.02460e-17 
-1.04753e-17 
-7.30733e-18 
 1.76555e-17 
 1.99447e-17 
 1.49592e-17 
-5.07948e-18 
-4.01474e-18 
-6.30656e-18 
-4.79878e-18 
-5.84832e-19 
-5.49757e-19 
-6.38937e-20 
 8.94010e-19 
 5.12598e-19 
 7.25442e-18 
 1.17194e-17 
 3.41768e-18 
 1.42913e-34 
-1.98616e-18 
 3.34813e-35 
-5.13563e-19 
-4.42862e-19 
-4.93878e-19 
-4.28663e-19 
-2.29555e-20 
 6.62226e-20 
 1.00659e-18 
 1.08847e-18 
-1.08472e-33 
 6.69213e-19 
 5.56885e-19 
-1.54698e-34 
-3.95015e-34 </DataArray>
         </PointData>
         <CellData/>
      </Piece>
   </UnstructuredGrid>
</VTKFile>