<?xml version="1.0" encoding="utf-8"?>
<VTKFile byte_order="LittleEndian" type="UnstructuredGrid" version="0.1">
   <UnstructuredGrid>
      <Piece NumberOfCells="14024" NumberOfPoints="7377">
         <Points>
            <DataArray Name="Points" NumberOfComponents="3" format="ascii" type="Float32">
0.0000 0.2247 0.0000
0.0000 0.3371 0.0000
0.0000 0.4494 0.0000
0.0000 0.5618 0.0000
0.0000 0.6742 0.0000
0.0000 0.7865 0.0000
0.0000 0.8989 0.0000
0.0000 1.0112 0.0000
0.0000 1.1236 0.0000
0.0000 1.2360 0.0000
0.0000 1.3483 0.0000
0.0000 1.4607 0.0000
0.0000 1.5730 0.0000
0.0000 1.6854 0.0000
0.0000 1.7978 0.0000
0.0000 1.9101 0.0000
0.0000 2.0225 0.0000
0.0000 2.1348 0.0000
0.0000 2.2472 0.0000
0.0000 2.3596 0.0000
0.0000 2.4719 0.0000
0.0000 2.5843 0.0000
0.0000 2.6966 0.0000
0.0000 2.8090 0.0000
0.0000 2.9213 0.0000
0.0000 3.0337 0.0000
0.0000 3.1461 0.0000
0.0000 3.2584 0.0000
0.0000 3.3708 0.0000
0.0000 3.4831 0.0000
0.0000 3.5955 0.0000
0.0000 3.7079 0.0000
0.0000 3.8202 0.0000
0.0000 3.9326 0.0000
0.0000 4.0449 0.0000
0.0000 4.1573 0.0000
0.0000 4.2697 0.0000
0.0000 4.3820 0.0000
0.0000 4.4944 0.0000
0.0000 4.6067 0.0000
0.0000 4.7191 0.0000
0.0000 4.8315 0.0000
0.0000 4.9438 0.0000
0.0000 5.0562 0.0000
0.0000 5.1685 0.0000
0.0000 5.2809 0.0000
0.0000 5.3933 0.0000
0.0000 5.5056 0.0000
0.0000 5.6180 0.0000
0.0000 5.7303 0.0000
0.0000 5.8427 0.0000
0.0000 5.9551 0.0000
0.0000 6.0674 0.0000
0.0000 6.1798 0.0000
0.0000 6.2921 0.0000
0.0000 6.4045 0.0000
0.0000 6.5169 0.0000
0.0000 6.6292 0.0000
0.0000 6.7416 0.0000
0.0000 6.8539 0.0000
0.0000 6.9663 0.0000
0.2022 0.2247 0.0000
0.2022 0.3371 0.0000
0.2022 0.4494 0.0000
0.2022 0.5618 0.0000
0.2022 0.6742 0.0000
0.2022 0.7865 0.0000
0.2022 0.8989 0.0000
0.2022 1.0112 0.0000
0.2022 1.1236 0.0000
0.2022 1.2360 0.0000
0.2022 1.3483 0.0000
0.2022 1.4607 0.0000
0.2022 1.5730 0.0000
0.2022 1.6854 0.0000
0.2022 1.7978 0.0000
0.2022 1.9101 0.0000
0.2022 2.0225 0.0000
0.2022 2.1348 0.0000
0.2022 2.2472 0.0000
0.2022 2.3596 0.0000
0.2022 2.4719 0.0000
0.2022 2.5843 0.0000
0.2022 2.6966 0.0000
0.2022 2.8090 0.0000
0.2022 2.9213 0.0000
0.2022 3.0337 0.0000
0.2022 3.1461 0.0000
0.2022 3.2584 0.0000
0.2022 3.3708 0.0000
0.2022 3.4831 0.0000
0.2022 3.5955 0.0000
0.2022 3.7079 0.0000
0.2022 3.8202 0.0000
0.2022 3.9326 0.0000
0.2022 4.0449 0.0000
0.2022 4.1573 0.0000
0.2022 4.2697 0.0000
0.2022 4.3820 0.0000
0.2022 4.4944 0.0000
0.2022 4.6067 0.0000
0.2022 4.7191 0.0000
0.2022 4.8315 0.0000
0.2022 4.9438 0.0000
0.2022 5.0562 0.0000
0.2022 5.1685 0.0000
0.2022 5.2809 0.0000
0.2022 5.3933 0.0000
0.2022 5.5056 0.0000
0.2022 5.6180 0.0000
0.2022 5.7303 0.0000
0.2022 5.8427 0.0000
0.2022 5.9551 0.0000
0.2022 6.0674 0.0000
0.2022 6.1798 0.0000
0.2022 6.2921 0.0000
0.2022 6.4045 0.0000
0.2022 6.5169 0.0000
0.2022 6.6292 0.0000
0.2022 6.7416 0.0000
0.2022 6.8539 0.0000
0.2022 6.9663 0.0000
0.2022 7.0787 0.0000
0.2022 7.1910 0.0000
0.4045 0.3371 0.0000
0.4045 0.4494 0.0000
0.4045 0.5618 0.0000
0.4045 0.6742 0.0000
0.4045 0.7865 0.0000
0.4045 0.8989 0.0000
0.4045 1.0112 0.0000
0.4045 1.1236 0.0000
0.4045 1.2360 0.0000
0.4045 1.3483 0.0000
0.4045 1.4607 0.0000
0.4045 1.5730 0.0000
0.4045 1.6854 0.0000
0.4045 1.7978 0.0000
0.4045 1.9101 0.0000
0.4045 2.0225 0.0000
0.4045 2.1348 0.0000
0.4045 2.2472 0.0000
0.4045 2.3596 0.0000
0.4045 2.4719 0.0000
0.4045 2.5843 0.0000
0.4045 2.6966 0.0000
0.4045 2.8090 0.0000
0.4045 2.9213 0.0000
0.4045 3.0337 0.0000
0.4045 3.1461 0.0000
0.4045 3.2584 0.0000
0.4045 3.3708 0.0000
0.4045 3.4831 0.0000
0.4045 3.5955 0.0000
0.4045 3.7079 0.0000
0.4045 3.8202 0.0000
0.4045 3.9326 0.0000
0.4045 4.0449 0.0000
0.4045 4.1573 0.0000
0.4045 4.2697 0.0000
0.4045 4.3820 0.0000
0.4045 4.4944 0.0000
0.4045 4.6067 0.0000
0.4045 4.7191 0.0000
0.4045 4.8315 0.0000
0.4045 4.9438 0.0000
0.4045 5.0562 0.0000
0.4045 5.1685 0.0000
0.4045 5.2809 0.0000
0.4045 5.3933 0.0000
0.4045 5.5056 0.0000
0.4045 5.6180 0.0000
0.4045 5.7303 0.0000
0.4045 5.8427 0.0000
0.4045 5.9551 0.0000
0.4045 6.0674 0.0000
0.4045 6.1798 0.0000
0.4045 6.2921 0.0000
0.4045 6.4045 0.0000
0.4045 6.5169 0.0000
0.4045 6.6292 0.0000
0.4045 6.7416 0.0000
0.4045 6.8539 0.0000
0.4045 6.9663 0.0000
0.4045 7.0787 0.0000
0.4045 7.1910 0.0000
0.4045 7.3034 0.0000
0.6067 0.4494 0.0000
0.6067 0.5618 0.0000
0.6067 0.6742 0.0000
0.6067 0.7865 0.0000
0.6067 0.8989 0.0000
0.6067 1.0112 0.0000
0.6067 1.1236 0.0000
0.6067 1.2360 0.0000
0.6067 1.3483 0.0000
0.6067 1.4607 0.0000
0.6067 1.5730 0.0000
0.6067 1.6854 0.0000
0.6067 1.7978 0.0000
0.6067 1.9101 0.0000
0.6067 2.0225 0.0000
0.6067 2.1348 0.0000
0.6067 2.2472 0.0000
0.6067 2.3596 0.0000
0.6067 2.4719 0.0000
0.6067 2.5843 0.0000
0.6067 2.6966 0.0000
0.6067 2.8090 0.0000
0.6067 2.9213 0.0000
0.6067 3.0337 0.0000
0.6067 3.1461 0.0000
0.6067 3.2584 0.0000
0.6067 3.3708 0.0000
0.6067 3.4831 0.0000
0.6067 3.5955 0.0000
0.6067 3.7079 0.0000
0.6067 3.8202 0.0000
0.6067 3.9326 0.0000
0.6067 4.0449 0.0000
0.6067 4.1573 0.0000
0.6067 4.2697 0.0000
0.6067 4.3820 0.0000
0.6067 4.4944 0.0000
0.6067 4.6067 0.0000
0.6067 4.7191 0.0000
0.6067 4.8315 0.0000
0.6067 4.9438 0.0000
0.6067 5.0562 0.0000
0.6067 5.1685 0.0000
0.6067 5.2809 0.0000
0.6067 5.3933 0.0000
0.6067 5.5056 0.0000
0.6067 5.6180 0.0000
0.6067 5.7303 0.0000
0.6067 5.8427 0.0000
0.6067 5.9551 0.0000
0.6067 6.0674 0.0000
0.6067 6.1798 0.0000
0.6067 6.2921 0.0000
0.6067 6.4045 0.0000
0.6067 6.5169 0.0000
0.6067 6.6292 0.0000
0.6067 6.7416 0.0000
0.6067 6.8539 0.0000
0.6067 6.9663 0.0000
0.6067 7.0787 0.0000
0.6067 7.1910 0.0000
0.6067 7.3034 0.0000
0.8090 0.5618 0.0000
0.8090 0.6742 0.0000
0.8090 0.7865 0.0000
0.8090 0.8989 0.0000
0.8090 1.0112 0.0000
0.8090 1.1236 0.0000
0.8090 1.2360 0.0000
0.8090 1.3483 0.0000
0.8090 1.4607 0.0000
0.8090 1.5730 0.0000
0.8090 1.6854 0.0000
0.8090 1.7978 0.0000
0.8090 1.9101 0.0000
0.8090 2.0225 0.0000
0.8090 2.1348 0.0000
0.8090 2.2472 0.0000
0.8090 2.3596 0.0000
0.8090 2.4719 0.0000
0.8090 2.5843 0.0000
0.8090 2.6966 0.0000
0.8090 2.8090 0.0000
0.8090 2.9213 0.0000
0.8090 3.0337 0.0000
0.8090 3.1461 0.0000
0.8090 3.2584 0.0000
0.8090 3.3708 0.0000
0.8090 3.4831 0.0000
0.8090 3.5955 0.0000
0.8090 3.7079 0.0000
0.8090 3.8202 0.0000
0.8090 3.9326 0.0000
0.8090 4.0449 0.0000
0.8090 4.1573 0.0000
0.8090 4.2697 0.0000
0.8090 4.3820 0.0000
0.8090 4.4944 0.0000
0.8090 4.6067 0.0000
0.8090 4.7191 0.0000
0.8090 4.8315 0.0000
0.8090 4.9438 0.0000
0.8090 5.0562 0.0000
0.8090 5.1685 0.0000
0.8090 5.2809 0.0000
0.8090 5.3933 0.0000
0.8090 5.5056 0.0000
0.8090 5.6180 0.0000
0.8090 5.7303 0.0000
0.8090 5.8427 0.0000
0.8090 5.9551 0.0000
0.8090 6.0674 0.0000
0.8090 6.1798 0.0000
0.8090 6.2921 0.0000
0.8090 6.4045 0.0000
0.8090 6.5169 0.0000
0.8090 6.6292 0.0000
0.8090 6.7416 0.0000
0.8090 6.8539 0.0000
0.8090 6.9663 0.0000
0.8090 7.0787 0.0000
0.8090 7.1910 0.0000
0.8090 7.3034 0.0000
1.0112 0.6742 0.0000
1.0112 0.7865 0.0000
1.0112 0.8989 0.0000
1.0112 1.0112 0.0000
1.0112 1.1236 0.0000
1.0112 1.2360 0.0000
1.0112 1.3483 0.0000
1.0112 1.4607 0.0000
1.0112 1.5730 0.0000
1.0112 1.6854 0.0000
1.0112 1.7978 0.0000
1.0112 1.9101 0.0000
1.0112 2.0225 0.0000
1.0112 2.1348 0.0000
1.0112 2.2472 0.0000
1.0112 2.3596 0.0000
1.0112 2.4719 0.0000
1.0112 2.5843 0.0000
1.0112 2.6966 0.0000
1.0112 2.8090 0.0000
1.0112 2.9213 0.0000
1.0112 3.0337 0.0000
1.0112 3.1461 0.0000
1.0112 3.2584 0.0000
1.0112 3.3708 0.0000
1.0112 3.4831 0.0000
1.0112 3.5955 0.0000
1.0112 3.7079 0.0000
1.0112 3.8202 0.0000
1.0112 3.9326 0.0000
1.0112 4.0449 0.0000
1.0112 4.1573 0.0000
1.0112 4.2697 0.0000
1.0112 4.3820 0.0000
1.0112 4.4944 0.0000
1.0112 4.6067 0.0000
1.0112 4.7191 0.0000
1.0112 4.8315 0.0000
1.0112 4.9438 0.0000
1.0112 5.0562 0.0000
1.0112 5.1685 0.0000
1.0112 5.2809 0.0000
1.0112 5.3933 0.0000
1.0112 5.5056 0.0000
1.0112 5.6180 0.0000
1.0112 5.7303 0.0000
1.0112 5.8427 0.0000
1.0112 5.9551 0.0000
1.0112 6.0674 0.0000
1.0112 6.1798 0.0000
1.0112 6.2921 0.0000
1.0112 6.4045 0.0000
1.0112 6.5169 0.0000
1.0112 6.6292 0.0000
1.0112 6.7416 0.0000
1.0112 6.8539 0.0000
1.0112 6.9663 0.0000
1.0112 7.0787 0.0000
1.0112 7.1910 0.0000
1.0112 7.3034 0.0000
1.2135 0.7865 0.0000
1.2135 0.8989 0.0000
1.2135 1.0112 0.0000
1.2135 1.1236 0.0000
1.2135 1.2360 0.0000
1.2135 1.3483 0.0000
1.2135 1.4607 0.0000
1.2135 1.5730 0.0000
1.2135 1.6854 0.0000
1.2135 1.7978 0.0000
1.2135 1.9101 0.0000
1.2135 2.0225 0.0000
1.2135 2.1348 0.0000
1.2135 2.2472 0.0000
1.2135 2.3596 0.0000
1.2135 2.4719 0.0000
1.2135 2.5843 0.0000
1.2135 2.6966 0.0000
1.2135 2.8090 0.0000
1.2135 2.9213 0.0000
1.2135 3.0337 0.0000
1.2135 3.1461 0.0000
1.2135 3.2584 0.0000
1.2135 3.3708 0.0000
1.2135 3.4831 0.0000
1.2135 3.5955 0.0000
1.2135 3.7079 0.0000
1.2135 3.8202 0.0000
1.2135 3.9326 0.0000
1.2135 4.0449 0.0000
1.2135 4.1573 0.0000
1.2135 4.2697 0.0000
1.2135 4.3820 0.0000
1.2135 4.4944 0.0000
1.2135 4.6067 0.0000
1.2135 4.7191 0.0000
1.2135 4.8315 0.0000
1.2135 4.9438 0.0000
1.2135 5.0562 0.0000
1.2135 5.1685 0.0000
1.2135 5.2809 0.0000
1.2135 5.3933 0.0000
1.2135 5.5056 0.0000
1.2135 5.6180 0.0000
1.2135 5.7303 0.0000
1.2135 5.8427 0.0000
1.2135 5.9551 0.0000
1.2135 6.0674 0.0000
1.2135 6.1798 0.0000
1.2135 6.2921 0.0000
1.2135 6.4045 0.0000
1.2135 6.5169 0.0000
1.2135 6.6292 0.0000
1.2135 6.7416 0.0000
1.2135 6.8539 0.0000
1.2135 6.9663 0.0000
1.2135 7.0787 0.0000
1.2135 7.1910 0.0000
1.2135 7.3034 0.0000
1.2135 7.4157 0.0000
1.4157 0.8989 0.0000
1.4157 1.0112 0.0000
1.4157 1.1236 0.0000
1.4157 1.2360 0.0000
1.4157 1.3483 0.0000
1.4157 1.4607 0.0000
1.4157 1.5730 0.0000
1.4157 1.6854 0.0000
1.4157 1.7978 0.0000
1.4157 1.9101 0.0000
1.4157 2.0225 0.0000
1.4157 2.1348 0.0000
1.4157 2.2472 0.0000
1.4157 2.3596 0.0000
1.4157 2.4719 0.0000
1.4157 2.5843 0.0000
1.4157 2.6966 0.0000
1.4157 2.8090 0.0000
1.4157 2.9213 0.0000
1.4157 3.0337 0.0000
1.4157 3.1461 0.0000
1.4157 3.2584 0.0000
1.4157 3.3708 0.0000
1.4157 3.4831 0.0000
1.4157 3.5955 0.0000
1.4157 3.7079 0.0000
1.4157 3.8202 0.0000
1.4157 3.9326 0.0000
1.4157 4.0449 0.0000
1.4157 4.1573 0.0000
1.4157 4.2697 0.0000
1.4157 4.3820 0.0000
1.4157 4.4944 0.0000
1.4157 4.6067 0.0000
1.4157 4.7191 0.0000
1.4157 4.8315 0.0000
1.4157 4.9438 0.0000
1.4157 5.0562 0.0000
1.4157 5.1685 0.0000
1.4157 5.2809 0.0000
1.4157 5.3933 0.0000
1.4157 5.5056 0.0000
1.4157 5.6180 0.0000
1.4157 5.7303 0.0000
1.4157 5.8427 0.0000
1.4157 5.9551 0.0000
1.4157 6.0674 0.0000
1.4157 6.1798 0.0000
1.4157 6.2921 0.0000
1.4157 6.4045 0.0000
1.4157 6.5169 0.0000
1.4157 6.6292 0.0000
1.4157 6.7416 0.0000
1.4157 6.8539 0.0000
1.4157 6.9663 0.0000
1.4157 7.0787 0.0000
1.4157 7.1910 0.0000
1.4157 7.3034 0.0000
1.4157 7.4157 0.0000
1.6180 0.8989 0.0000
1.6180 1.0112 0.0000
1.6180 1.1236 0.0000
1.6180 1.2360 0.0000
1.6180 1.3483 0.0000
1.6180 1.4607 0.0000
1.6180 1.5730 0.0000
1.6180 1.6854 0.0000
1.6180 1.7978 0.0000
1.6180 1.9101 0.0000
1.6180 2.0225 0.0000
1.6180 2.1348 0.0000
1.6180 2.2472 0.0000
1.6180 2.3596 0.0000
1.6180 2.4719 0.0000
1.6180 2.5843 0.0000
1.6180 2.6966 0.0000
1.6180 2.8090 0.0000
1.6180 2.9213 0.0000
1.6180 3.0337 0.0000
1.6180 3.1461 0.0000
1.6180 3.2584 0.0000
1.6180 3.3708 0.0000
1.6180 3.4831 0.0000
1.6180 3.5955 0.0000
1.6180 3.7079 0.0000
1.6180 3.8202 0.0000
1.6180 3.9326 0.0000
1.6180 4.0449 0.0000
1.6180 4.1573 0.0000
1.6180 4.2697 0.0000
1.6180 4.3820 0.0000
1.6180 4.4944 0.0000
1.6180 4.6067 0.0000
1.6180 4.7191 0.0000
1.6180 4.8315 0.0000
1.6180 4.9438 0.0000
1.6180 5.0562 0.0000
1.6180 5.1685 0.0000
1.6180 5.2809 0.0000
1.6180 5.3933 0.0000
1.6180 5.5056 0.0000
1.6180 5.6180 0.0000
1.6180 5.7303 0.0000
1.6180 5.8427 0.0000
1.6180 5.9551 0.0000
1.6180 6.0674 0.0000
1.6180 6.1798 0.0000
1.6180 6.2921 0.0000
1.6180 6.4045 0.0000
1.6180 6.5169 0.0000
1.6180 6.6292 0.0000
1.6180 6.7416 0.0000
1.6180 6.8539 0.0000
1.6180 6.9663 0.0000
1.6180 7.0787 0.0000
1.6180 7.1910 0.0000
1.6180 7.3034 0.0000
1.6180 7.4157 0.0000
1.8202 1.0112 0.0000
1.8202 1.1236 0.0000
1.8202 1.2360 0.0000
1.8202 1.3483 0.0000
1.8202 1.4607 0.0000
1.8202 1.5730 0.0000
1.8202 1.6854 0.0000
1.8202 1.7978 0.0000
1.8202 1.9101 0.0000
1.8202 2.0225 0.0000
1.8202 2.1348 0.0000
1.8202 2.2472 0.0000
1.8202 2.3596 0.0000
1.8202 2.4719 0.0000
1.8202 2.5843 0.0000
1.8202 2.6966 0.0000
1.8202 2.8090 0.0000
1.8202 2.9213 0.0000
1.8202 3.0337 0.0000
1.8202 3.1461 0.0000
1.8202 3.2584 0.0000
1.8202 3.3708 0.0000
1.8202 3.4831 0.0000
1.8202 3.5955 0.0000
1.8202 3.7079 0.0000
1.8202 3.8202 0.0000
1.8202 3.9326 0.0000
1.8202 4.0449 0.0000
1.8202 4.1573 0.0000
1.8202 4.2697 0.0000
1.8202 4.3820 0.0000
1.8202 4.4944 0.0000
1.8202 4.6067 0.0000
1.8202 4.7191 0.0000
1.8202 4.8315 0.0000
1.8202 4.9438 0.0000
1.8202 5.0562 0.0000
1.8202 5.1685 0.0000
1.8202 5.2809 0.0000
1.8202 5.3933 0.0000
1.8202 5.5056 0.0000
1.8202 5.6180 0.0000
1.8202 5.7303 0.0000
1.8202 5.8427 0.0000
1.8202 5.9551 0.0000
1.8202 6.0674 0.0000
1.8202 6.1798 0.0000
1.8202 6.2921 0.0000
1.8202 6.4045 0.0000
1.8202 6.5169 0.0000
1.8202 6.6292 0.0000
1.8202 6.7416 0.0000
1.8202 6.8539 0.0000
1.8202 6.9663 0.0000
1.8202 7.0787 0.0000
1.8202 7.1910 0.0000
1.8202 7.3034 0.0000
1.8202 7.4157 0.0000
2.0225 1.1236 0.0000
2.0225 1.2360 0.0000
2.0225 1.3483 0.0000
2.0225 1.4607 0.0000
2.0225 1.5730 0.0000
2.0225 1.6854 0.0000
2.0225 1.7978 0.0000
2.0225 1.9101 0.0000
2.0225 2.0225 0.0000
2.0225 2.1348 0.0000
2.0225 2.2472 0.0000
2.0225 2.3596 0.0000
2.0225 2.4719 0.0000
2.0225 2.5843 0.0000
2.0225 2.6966 0.0000
2.0225 2.8090 0.0000
2.0225 2.9213 0.0000
2.0225 3.0337 0.0000
2.0225 3.1461 0.0000
2.0225 3.2584 0.0000
2.0225 3.3708 0.0000
2.0225 3.4831 0.0000
2.0225 3.5955 0.0000
2.0225 3.7079 0.0000
2.0225 3.8202 0.0000
2.0225 3.9326 0.0000
2.0225 4.0449 0.0000
2.0225 4.1573 0.0000
2.0225 4.2697 0.0000
2.0225 4.3820 0.0000
2.0225 4.4944 0.0000
2.0225 4.6067 0.0000
2.0225 4.7191 0.0000
2.0225 4.8315 0.0000
2.0225 4.9438 0.0000
2.0225 5.0562 0.0000
2.0225 5.1685 0.0000
2.0225 5.2809 0.0000
2.0225 5.3933 0.0000
2.0225 5.5056 0.0000
2.0225 5.6180 0.0000
2.0225 5.7303 0.0000
2.0225 5.8427 0.0000
2.0225 5.9551 0.0000
2.0225 6.0674 0.0000
2.0225 6.1798 0.0000
2.0225 6.2921 0.0000
2.0225 6.4045 0.0000
2.0225 6.5169 0.0000
2.0225 6.6292 0.0000
2.0225 6.7416 0.0000
2.0225 6.8539 0.0000
2.0225 6.9663 0.0000
2.0225 7.0787 0.0000
2.0225 7.1910 0.0000
2.0225 7.3034 0.0000
2.0225 7.4157 0.0000
2.0225 7.5281 0.0000
2.2247 1.2360 0.0000
2.2247 1.3483 0.0000
2.2247 1.4607 0.0000
2.2247 1.5730 0.0000
2.2247 1.6854 0.0000
2.2247 1.7978 0.0000
2.2247 1.9101 0.0000
2.2247 2.0225 0.0000
2.2247 2.1348 0.0000
2.2247 2.2472 0.0000
2.2247 2.3596 0.0000
2.2247 2.4719 0.0000
2.2247 2.5843 0.0000
2.2247 2.6966 0.0000
2.2247 2.8090 0.0000
2.2247 2.9213 0.0000
2.2247 3.0337 0.0000
2.2247 3.1461 0.0000
2.2247 3.2584 0.0000
2.2247 3.3708 0.0000
2.2247 3.4831 0.0000
2.2247 3.5955 0.0000
2.2247 3.7079 0.0000
2.2247 3.8202 0.0000
2.2247 3.9326 0.0000
2.2247 4.0449 0.0000
2.2247 4.1573 0.0000
2.2247 4.2697 0.0000
2.2247 4.3820 0.0000
2.2247 4.4944 0.0000
2.2247 4.6067 0.0000
2.2247 4.7191 0.0000
2.2247 4.8315 0.0000
2.2247 4.9438 0.0000
2.2247 5.0562 0.0000
2.2247 5.1685 0.0000
2.2247 5.2809 0.0000
2.2247 5.3933 0.0000
2.2247 5.5056 0.0000
2.2247 5.6180 0.0000
2.2247 5.7303 0.0000
2.2247 5.8427 0.0000
2.2247 5.9551 0.0000
2.2247 6.0674 0.0000
2.2247 6.1798 0.0000
2.2247 6.2921 0.0000
2.2247 6.4045 0.0000
2.2247 6.5169 0.0000
2.2247 6.6292 0.0000
2.2247 6.7416 0.0000
2.2247 6.8539 0.0000
2.2247 6.9663 0.0000
2.2247 7.0787 0.0000
2.2247 7.1910 0.0000
2.2247 7.3034 0.0000
2.2247 7.4157 0.0000
2.2247 7.5281 0.0000
2.4270 1.3483 0.0000
2.4270 1.4607 0.0000
2.4270 1.5730 0.0000
2.4270 1.6854 0.0000
2.4270 1.7978 0.0000
2.4270 1.9101 0.0000
2.4270 2.0225 0.0000
2.4270 2.1348 0.0000
2.4270 2.2472 0.0000
2.4270 2.3596 0.0000
2.4270 2.4719 0.0000
2.4270 2.5843 0.0000
2.4270 2.6966 0.0000
2.4270 2.8090 0.0000
2.4270 2.9213 0.0000
2.4270 3.0337 0.0000
2.4270 3.1461 0.0000
2.4270 3.2584 0.0000
2.4270 3.3708 0.0000
2.4270 3.4831 0.0000
2.4270 3.5955 0.0000
2.4270 3.7079 0.0000
2.4270 3.8202 0.0000
2.4270 3.9326 0.0000
2.4270 4.0449 0.0000
2.4270 4.1573 0.0000
2.4270 4.2697 0.0000
2.4270 4.3820 0.0000
2.4270 4.4944 0.0000
2.4270 4.6067 0.0000
2.4270 4.7191 0.0000
2.4270 4.8315 0.0000
2.4270 4.9438 0.0000
2.4270 5.0562 0.0000
2.4270 5.1685 0.0000
2.4270 5.2809 0.0000
2.4270 5.3933 0.0000
2.4270 5.5056 0.0000
2.4270 5.6180 0.0000
2.4270 5.7303 0.0000
2.4270 5.8427 0.0000
2.4270 5.9551 0.0000
2.4270 6.0674 0.0000
2.4270 6.1798 0.0000
2.4270 6.2921 0.0000
2.4270 6.4045 0.0000
2.4270 6.5169 0.0000
2.4270 6.6292 0.0000
2.4270 6.7416 0.0000
2.4270 6.8539 0.0000
2.4270 6.9663 0.0000
2.4270 7.0787 0.0000
2.4270 7.1910 0.0000
2.4270 7.3034 0.0000
2.4270 7.4157 0.0000
2.4270 7.5281 0.0000
2.6292 1.4607 0.0000
2.6292 1.5730 0.0000
2.6292 1.6854 0.0000
2.6292 1.7978 0.0000
2.6292 1.9101 0.0000
2.6292 2.0225 0.0000
2.6292 2.1348 0.0000
2.6292 2.2472 0.0000
2.6292 2.3596 0.0000
2.6292 2.4719 0.0000
2.6292 2.5843 0.0000
2.6292 2.6966 0.0000
2.6292 2.8090 0.0000
2.6292 2.9213 0.0000
2.6292 3.0337 0.0000
2.6292 3.1461 0.0000
2.6292 3.2584 0.0000
2.6292 3.3708 0.0000
2.6292 3.4831 0.0000
2.6292 3.5955 0.0000
2.6292 3.7079 0.0000
2.6292 3.8202 0.0000
2.6292 3.9326 0.0000
2.6292 4.0449 0.0000
2.6292 4.1573 0.0000
2.6292 4.2697 0.0000
2.6292 4.3820 0.0000
2.6292 4.4944 0.0000
2.6292 4.6067 0.0000
2.6292 4.7191 0.0000
2.6292 4.8315 0.0000
2.6292 4.9438 0.0000
2.6292 5.0562 0.0000
2.6292 5.1685 0.0000
2.6292 5.2809 0.0000
2.6292 5.3933 0.0000
2.6292 5.5056 0.0000
2.6292 5.6180 0.0000
2.6292 5.7303 0.0000
2.6292 5.8427 0.0000
2.6292 5.9551 0.0000
2.6292 6.0674 0.0000
2.6292 6.1798 0.0000
2.6292 6.2921 0.0000
2.6292 6.4045 0.0000
2.6292 6.5169 0.0000
2.6292 6.6292 0.0000
2.6292 6.7416 0.0000
2.6292 6.8539 0.0000
2.6292 6.9663 0.0000
2.6292 7.0787 0.0000
2.6292 7.1910 0.0000
2.6292 7.3034 0.0000
2.6292 7.4157 0.0000
2.6292 7.5281 0.0000
2.8315 1.4607 0.0000
2.8315 1.5730 0.0000
2.8315 1.6854 0.0000
2.8315 1.7978 0.0000
2.8315 1.9101 0.0000
2.8315 2.0225 0.0000
2.8315 2.1348 0.0000
2.8315 2.2472 0.0000
2.8315 2.3596 0.0000
2.8315 2.4719 0.0000
2.8315 2.5843 0.0000
2.8315 2.6966 0.0000
2.8315 2.8090 0.0000
2.8315 2.9213 0.0000
2.8315 3.0337 0.0000
2.8315 3.1461 0.0000
2.8315 3.2584 0.0000
2.8315 3.3708 0.0000
2.8315 3.4831 0.0000
2.8315 3.5955 0.0000
2.8315 3.7079 0.0000
2.8315 3.8202 0.0000
2.8315 3.9326 0.0000
2.8315 4.0449 0.0000
2.8315 4.1573 0.0000
2.8315 4.2697 0.0000
2.8315 4.3820 0.0000
2.8315 4.4944 0.0000
2.8315 4.6067 0.0000
2.8315 4.7191 0.0000
2.8315 4.8315 0.0000
2.8315 4.9438 0.0000
2.8315 5.0562 0.0000
2.8315 5.1685 0.0000
2.8315 5.2809 0.0000
2.8315 5.3933 0.0000
2.8315 5.5056 0.0000
2.8315 5.6180 0.0000
2.8315 5.7303 0.0000
2.8315 5.8427 0.0000
2.8315 5.9551 0.0000
2.8315 6.0674 0.0000
2.8315 6.1798 0.0000
2.8315 6.2921 0.0000
2.8315 6.4045 0.0000
2.8315 6.5169 0.0000
2.8315 6.6292 0.0000
2.8315 6.7416 0.0000
2.8315 6.8539 0.0000
2.8315 6.9663 0.0000
2.8315 7.0787 0.0000
2.8315 7.1910 0.0000
2.8315 7.3034 0.0000
2.8315 7.4157 0.0000
2.8315 7.5281 0.0000
3.0337 1.5730 0.0000
3.0337 1.6854 0.0000
3.0337 1.7978 0.0000
3.0337 1.9101 0.0000
3.0337 2.0225 0.0000
3.0337 2.1348 0.0000
3.0337 2.2472 0.0000
3.0337 2.3596 0.0000
3.0337 2.4719 0.0000
3.0337 2.5843 0.0000
3.0337 2.6966 0.0000
3.0337 2.8090 0.0000
3.0337 2.9213 0.0000
3.0337 3.0337 0.0000
3.0337 3.1461 0.0000
3.0337 3.2584 0.0000
3.0337 3.3708 0.0000
3.0337 3.4831 0.0000
3.0337 3.5955 0.0000
3.0337 3.7079 0.0000
3.0337 3.8202 0.0000
3.0337 3.9326 0.0000
3.0337 4.0449 0.0000
3.0337 4.1573 0.0000
3.0337 4.2697 0.0000
3.0337 4.3820 0.0000
3.0337 4.4944 0.0000
3.0337 4.6067 0.0000
3.0337 4.7191 0.0000
3.0337 4.8315 0.0000
3.0337 4.9438 0.0000
3.0337 5.0562 0.0000
3.0337 5.1685 0.0000
3.0337 5.2809 0.0000
3.0337 5.3933 0.0000
3.0337 5.5056 0.0000
3.0337 5.6180 0.0000
3.0337 5.7303 0.0000
3.0337 5.8427 0.0000
3.0337 5.9551 0.0000
3.0337 6.0674 0.0000
3.0337 6.1798 0.0000
3.0337 6.2921 0.0000
3.0337 6.4045 0.0000
3.0337 6.5169 0.0000
3.0337 6.6292 0.0000
3.0337 6.7416 0.0000
3.0337 6.8539 0.0000
3.0337 6.9663 0.0000
3.0337 7.0787 0.0000
3.0337 7.1910 0.0000
3.0337 7.3034 0.0000
3.0337 7.4157 0.0000
3.0337 7.5281 0.0000
3.0337 7.6404 0.0000
3.2360 1.6854 0.0000
3.2360 1.7978 0.0000
3.2360 1.9101 0.0000
3.2360 2.0225 0.0000
3.2360 2.1348 0.0000
3.2360 2.2472 0.0000
3.2360 2.3596 0.0000
3.2360 2.4719 0.0000
3.2360 2.5843 0.0000
3.2360 2.6966 0.0000
3.2360 2.8090 0.0000
3.2360 2.9213 0.0000
3.2360 3.0337 0.0000
3.2360 3.1461 0.0000
3.2360 3.2584 0.0000
3.2360 3.3708 0.0000
3.2360 3.4831 0.0000
3.2360 3.5955 0.0000
3.2360 3.7079 0.0000
3.2360 3.8202 0.0000
3.2360 3.9326 0.0000
3.2360 4.0449 0.0000
3.2360 4.1573 0.0000
3.2360 4.2697 0.0000
3.2360 4.3820 0.0000
3.2360 4.4944 0.0000
3.2360 4.6067 0.0000
3.2360 4.7191 0.0000
3.2360 4.8315 0.0000
3.2360 4.9438 0.0000
3.2360 5.0562 0.0000
3.2360 5.1685 0.0000
3.2360 5.2809 0.0000
3.2360 5.3933 0.0000
3.2360 5.5056 0.0000
3.2360 5.6180 0.0000
3.2360 5.7303 0.0000
3.2360 5.8427 0.0000
3.2360 5.9551 0.0000
3.2360 6.0674 0.0000
3.2360 6.1798 0.0000
3.2360 6.2921 0.0000
3.2360 6.4045 0.0000
3.2360 6.5169 0.0000
3.2360 6.6292 0.0000
3.2360 6.7416 0.0000
3.2360 6.8539 0.0000
3.2360 6.9663 0.0000
3.2360 7.0787 0.0000
3.2360 7.1910 0.0000
3.2360 7.3034 0.0000
3.2360 7.4157 0.0000
3.2360 7.5281 0.0000
3.2360 7.6404 0.0000
3.4382 1.7978 0.0000
3.4382 1.9101 0.0000
3.4382 2.0225 0.0000
3.4382 2.1348 0.0000
3.4382 2.2472 0.0000
3.4382 2.3596 0.0000
3.4382 2.4719 0.0000
3.4382 2.5843 0.0000
3.4382 2.6966 0.0000
3.4382 2.8090 0.0000
3.4382 2.9213 0.0000
3.4382 3.0337 0.0000
3.4382 3.1461 0.0000
3.4382 3.2584 0.0000
3.4382 3.3708 0.0000
3.4382 3.4831 0.0000
3.4382 3.5955 0.0000
3.4382 3.7079 0.0000
3.4382 3.8202 0.0000
3.4382 3.9326 0.0000
3.4382 4.0449 0.0000
3.4382 4.1573 0.0000
3.4382 4.2697 0.0000
3.4382 4.3820 0.0000
3.4382 4.4944 0.0000
3.4382 4.6067 0.0000
3.4382 4.7191 0.0000
3.4382 4.8315 0.0000
3.4382 4.9438 0.0000
3.4382 5.0562 0.0000
3.4382 5.1685 0.0000
3.4382 5.2809 0.0000
3.4382 5.3933 0.0000
3.4382 5.5056 0.0000
3.4382 5.6180 0.0000
3.4382 5.7303 0.0000
3.4382 5.8427 0.0000
3.4382 5.9551 0.0000
3.4382 6.0674 0.0000
3.4382 6.1798 0.0000
3.4382 6.2921 0.0000
3.4382 6.4045 0.0000
3.4382 6.5169 0.0000
3.4382 6.6292 0.0000
3.4382 6.7416 0.0000
3.4382 6.8539 0.0000
3.4382 6.9663 0.0000
3.4382 7.0787 0.0000
3.4382 7.1910 0.0000
3.4382 7.3034 0.0000
3.4382 7.4157 0.0000
3.4382 7.5281 0.0000
3.4382 7.6404 0.0000
3.6404 1.9101 0.0000
3.6404 2.0225 0.0000
3.6404 2.1348 0.0000
3.6404 2.2472 0.0000
3.6404 2.3596 0.0000
3.6404 2.4719 0.0000
3.6404 2.5843 0.0000
3.6404 2.6966 0.0000
3.6404 2.8090 0.0000
3.6404 2.9213 0.0000
3.6404 3.0337 0.0000
3.6404 3.1461 0.0000
3.6404 3.2584 0.0000
3.6404 3.3708 0.0000
3.6404 3.4831 0.0000
3.6404 3.5955 0.0000
3.6404 3.7079 0.0000
3.6404 3.8202 0.0000
3.6404 3.9326 0.0000
3.6404 4.0449 0.0000
3.6404 4.1573 0.0000
3.6404 4.2697 0.0000
3.6404 4.3820 0.0000
3.6404 4.4944 0.0000
3.6404 4.6067 0.0000
3.6404 4.7191 0.0000
3.6404 4.8315 0.0000
3.6404 4.9438 0.0000
3.6404 5.0562 0.0000
3.6404 5.1685 0.0000
3.6404 5.2809 0.0000
3.6404 5.3933 0.0000
3.6404 5.5056 0.0000
3.6404 5.6180 0.0000
3.6404 5.7303 0.0000
3.6404 5.8427 0.0000
3.6404 5.9551 0.0000
3.6404 6.0674 0.0000
3.6404 6.1798 0.0000
3.6404 6.2921 0.0000
3.6404 6.4045 0.0000
3.6404 6.5169 0.0000
3.6404 6.6292 0.0000
3.6404 6.7416 0.0000
3.6404 6.8539 0.0000
3.6404 6.9663 0.0000
3.6404 7.0787 0.0000
3.6404 7.1910 0.0000
3.6404 7.3034 0.0000
3.6404 7.4157 0.0000
3.6404 7.5281 0.0000
3.6404 7.6404 0.0000
3.8427 2.0225 0.0000
3.8427 2.1348 0.0000
3.8427 2.2472 0.0000
3.8427 2.3596 0.0000
3.8427 2.4719 0.0000
3.8427 2.5843 0.0000
3.8427 2.6966 0.0000
3.8427 2.8090 0.0000
3.8427 2.9213 0.0000
3.8427 3.0337 0.0000
3.8427 3.1461 0.0000
3.8427 3.2584 0.0000
3.8427 3.3708 0.0000
3.8427 3.4831 0.0000
3.8427 3.5955 0.0000
3.8427 3.7079 0.0000
3.8427 3.8202 0.0000
3.8427 3.9326 0.0000
3.8427 4.0449 0.0000
3.8427 4.1573 0.0000
3.8427 4.2697 0.0000
3.8427 4.3820 0.0000
3.8427 4.4944 0.0000
3.8427 4.6067 0.0000
3.8427 4.7191 0.0000
3.8427 4.8315 0.0000
3.8427 4.9438 0.0000
3.8427 5.0562 0.0000
3.8427 5.1685 0.0000
3.8427 5.2809 0.0000
3.8427 5.3933 0.0000
3.8427 5.5056 0.0000
3.8427 5.6180 0.0000
3.8427 5.7303 0.0000
3.8427 5.8427 0.0000
3.8427 5.9551 0.0000
3.8427 6.0674 0.0000
3.8427 6.1798 0.0000
3.8427 6.2921 0.0000
3.8427 6.4045 0.0000
3.8427 6.5169 0.0000
3.8427 6.6292 0.0000
3.8427 6.7416 0.0000
3.8427 6.8539 0.0000
3.8427 6.9663 0.0000
3.8427 7.0787 0.0000
3.8427 7.1910 0.0000
3.8427 7.3034 0.0000
3.8427 7.4157 0.0000
3.8427 7.5281 0.0000
3.8427 7.6404 0.0000
3.8427 7.7528 0.0000
4.0449 2.0225 0.0000
4.0449 2.1348 0.0000
4.0449 2.2472 0.0000
4.0449 2.3596 0.0000
4.0449 2.4719 0.0000
4.0449 2.5843 0.0000
4.0449 2.6966 0.0000
4.0449 2.8090 0.0000
4.0449 2.9213 0.0000
4.0449 3.0337 0.0000
4.0449 3.1461 0.0000
4.0449 3.2584 0.0000
4.0449 3.3708 0.0000
4.0449 3.4831 0.0000
4.0449 3.5955 0.0000
4.0449 3.7079 0.0000
4.0449 3.8202 0.0000
4.0449 3.9326 0.0000
4.0449 4.0449 0.0000
4.0449 4.1573 0.0000
4.0449 4.2697 0.0000
4.0449 4.3820 0.0000
4.0449 4.4944 0.0000
4.0449 4.6067 0.0000
4.0449 4.7191 0.0000
4.0449 4.8315 0.0000
4.0449 4.9438 0.0000
4.0449 5.0562 0.0000
4.0449 5.1685 0.0000
4.0449 5.2809 0.0000
4.0449 5.3933 0.0000
4.0449 5.5056 0.0000
4.0449 5.6180 0.0000
4.0449 5.7303 0.0000
4.0449 5.8427 0.0000
4.0449 5.9551 0.0000
4.0449 6.0674 0.0000
4.0449 6.1798 0.0000
4.0449 6.2921 0.0000
4.0449 6.4045 0.0000
4.0449 6.5169 0.0000
4.0449 6.6292 0.0000
4.0449 6.7416 0.0000
4.0449 6.8539 0.0000
4.0449 6.9663 0.0000
4.0449 7.0787 0.0000
4.0449 7.1910 0.0000
4.0449 7.3034 0.0000
4.0449 7.4157 0.0000
4.0449 7.5281 0.0000
4.0449 7.6404 0.0000
4.0449 7.7528 0.0000
4.2472 2.1348 0.0000
4.2472 2.2472 0.0000
4.2472 2.3596 0.0000
4.2472 2.4719 0.0000
4.2472 2.5843 0.0000
4.2472 2.6966 0.0000
4.2472 2.8090 0.0000
4.2472 2.9213 0.0000
4.2472 3.0337 0.0000
4.2472 3.1461 0.0000
4.2472 3.2584 0.0000
4.2472 3.3708 0.0000
4.2472 3.4831 0.0000
4.2472 3.5955 0.0000
4.2472 3.7079 0.0000
4.2472 3.8202 0.0000
4.2472 3.9326 0.0000
4.2472 4.0449 0.0000
4.2472 4.1573 0.0000
4.2472 4.2697 0.0000
4.2472 4.3820 0.0000
4.2472 4.4944 0.0000
4.2472 4.6067 0.0000
4.2472 4.7191 0.0000
4.2472 4.8315 0.0000
4.2472 4.9438 0.0000
4.2472 5.0562 0.0000
4.2472 5.1685 0.0000
4.2472 5.2809 0.0000
4.2472 5.3933 0.0000
4.2472 5.5056 0.0000
4.2472 5.6180 0.0000
4.2472 5.7303 0.0000
4.2472 5.8427 0.0000
4.2472 5.9551 0.0000
4.2472 6.0674 0.0000
4.2472 6.1798 0.0000
4.2472 6.2921 0.0000
4.2472 6.4045 0.0000
4.2472 6.5169 0.0000
4.2472 6.6292 0.0000
4.2472 6.7416 0.0000
4.2472 6.8539 0.0000
4.2472 6.9663 0.0000
4.2472 7.0787 0.0000
4.2472 7.1910 0.0000
4.2472 7.3034 0.0000
4.2472 7.4157 0.0000
4.2472 7.5281 0.0000
4.2472 7.6404 0.0000
4.2472 7.7528 0.0000
4.4494 2.2472 0.0000
4.4494 2.3596 0.0000
4.4494 2.4719 0.0000
4.4494 2.5843 0.0000
4.4494 2.6966 0.0000
4.4494 2.8090 0.0000
4.4494 2.9213 0.0000
4.4494 3.0337 0.0000
4.4494 3.1461 0.0000
4.4494 3.2584 0.0000
4.4494 3.3708 0.0000
4.4494 3.4831 0.0000
4.4494 3.5955 0.0000
4.4494 3.7079 0.0000
4.4494 3.8202 0.0000
4.4494 3.9326 0.0000
4.4494 4.0449 0.0000
4.4494 4.1573 0.0000
4.4494 4.2697 0.0000
4.4494 4.3820 0.0000
4.4494 4.4944 0.0000
4.4494 4.6067 0.0000
4.4494 4.7191 0.0000
4.4494 4.8315 0.0000
4.4494 4.9438 0.0000
4.4494 5.0562 0.0000
4.4494 5.1685 0.0000
4.4494 5.2809 0.0000
4.4494 5.3933 0.0000
4.4494 5.5056 0.0000
4.4494 5.6180 0.0000
4.4494 5.7303 0.0000
4.4494 5.8427 0.0000
4.4494 5.9551 0.0000
4.4494 6.0674 0.0000
4.4494 6.1798 0.0000
4.4494 6.2921 0.0000
4.4494 6.4045 0.0000
4.4494 6.5169 0.0000
4.4494 6.6292 0.0000
4.4494 6.7416 0.0000
4.4494 6.8539 0.0000
4.4494 6.9663 0.0000
4.4494 7.0787 0.0000
4.4494 7.1910 0.0000
4.4494 7.3034 0.0000
4.4494 7.4157 0.0000
4.4494 7.5281 0.0000
4.4494 7.6404 0.0000
4.4494 7.7528 0.0000
4.6517 2.3596 0.0000
4.6517 2.4719 0.0000
4.6517 2.5843 0.0000
4.6517 2.6966 0.0000
4.6517 2.8090 0.0000
4.6517 2.9213 0.0000
4.6517 3.0337 0.0000
4.6517 3.1461 0.0000
4.6517 3.2584 0.0000
4.6517 3.3708 0.0000
4.6517 3.4831 0.0000
4.6517 3.5955 0.0000
4.6517 3.7079 0.0000
4.6517 3.8202 0.0000
4.6517 3.9326 0.0000
4.6517 4.0449 0.0000
4.6517 4.1573 0.0000
4.6517 4.2697 0.0000
4.6517 4.3820 0.0000
4.6517 4.4944 0.0000
4.6517 4.6067 0.0000
4.6517 4.7191 0.0000
4.6517 4.8315 0.0000
4.6517 4.9438 0.0000
4.6517 5.0562 0.0000
4.6517 5.1685 0.0000
4.6517 5.2809 0.0000
4.6517 5.3933 0.0000
4.6517 5.5056 0.0000
4.6517 5.6180 0.0000
4.6517 5.7303 0.0000
4.6517 5.8427 0.0000
4.6517 5.9551 0.0000
4.6517 6.0674 0.0000
4.6517 6.1798 0.0000
4.6517 6.2921 0.0000
4.6517 6.4045 0.0000
4.6517 6.5169 0.0000
4.6517 6.6292 0.0000
4.6517 6.7416 0.0000
4.6517 6.8539 0.0000
4.6517 6.9663 0.0000
4.6517 7.0787 0.0000
4.6517 7.1910 0.0000
4.6517 7.3034 0.0000
4.6517 7.4157 0.0000
4.6517 7.5281 0.0000
4.6517 7.6404 0.0000
4.6517 7.7528 0.0000
4.6517 7.8652 0.0000
4.8539 2.4719 0.0000
4.8539 2.5843 0.0000
4.8539 2.6966 0.0000
4.8539 2.8090 0.0000
4.8539 2.9213 0.0000
4.8539 3.0337 0.0000
4.8539 3.1461 0.0000
4.8539 3.2584 0.0000
4.8539 3.3708 0.0000
4.8539 3.4831 0.0000
4.8539 3.5955 0.0000
4.8539 3.7079 0.0000
4.8539 3.8202 0.0000
4.8539 3.9326 0.0000
4.8539 4.0449 0.0000
4.8539 4.1573 0.0000
4.8539 4.2697 0.0000
4.8539 4.3820 0.0000
4.8539 4.4944 0.0000
4.8539 4.6067 0.0000
4.8539 4.7191 0.0000
4.8539 4.8315 0.0000
4.8539 4.9438 0.0000
4.8539 5.0562 0.0000
4.8539 5.1685 0.0000
4.8539 5.2809 0.0000
4.8539 5.3933 0.0000
4.8539 5.5056 0.0000
4.8539 5.6180 0.0000
4.8539 5.7303 0.0000
4.8539 5.8427 0.0000
4.8539 5.9551 0.0000
4.8539 6.0674 0.0000
4.8539 6.1798 0.0000
4.8539 6.2921 0.0000
4.8539 6.4045 0.0000
4.8539 6.5169 0.0000
4.8539 6.6292 0.0000
4.8539 6.7416 0.0000
4.8539 6.8539 0.0000
4.8539 6.9663 0.0000
4.8539 7.0787 0.0000
4.8539 7.1910 0.0000
4.8539 7.3034 0.0000
4.8539 7.4157 0.0000
4.8539 7.5281 0.0000
4.8539 7.6404 0.0000
4.8539 7.7528 0.0000
4.8539 7.8652 0.0000
5.0562 2.5843 0.0000
5.0562 2.6966 0.0000
5.0562 2.8090 0.0000
5.0562 2.9213 0.0000
5.0562 3.0337 0.0000
5.0562 3.1461 0.0000
5.0562 3.2584 0.0000
5.0562 3.3708 0.0000
5.0562 3.4831 0.0000
5.0562 3.5955 0.0000
5.0562 3.7079 0.0000
5.0562 3.8202 0.0000
5.0562 3.9326 0.0000
5.0562 4.0449 0.0000
5.0562 4.1573 0.0000
5.0562 4.2697 0.0000
5.0562 4.3820 0.0000
5.0562 4.4944 0.0000
5.0562 4.6067 0.0000
5.0562 4.7191 0.0000
5.0562 4.8315 0.0000
5.0562 4.9438 0.0000
5.0562 5.0562 0.0000
5.0562 5.1685 0.0000
5.0562 5.2809 0.0000
5.0562 5.3933 0.0000
5.0562 5.5056 0.0000
5.0562 5.6180 0.0000
5.0562 5.7303 0.0000
5.0562 5.8427 0.0000
5.0562 5.9551 0.0000
5.0562 6.0674 0.0000
5.0562 6.1798 0.0000
5.0562 6.2921 0.0000
5.0562 6.4045 0.0000
5.0562 6.5169 0.0000
5.0562 6.6292 0.0000
5.0562 6.7416 0.0000
5.0562 6.8539 0.0000
5.0562 6.9663 0.0000
5.0562 7.0787 0.0000
5.0562 7.1910 0.0000
5.0562 7.3034 0.0000
5.0562 7.4157 0.0000
5.0562 7.5281 0.0000
5.0562 7.6404 0.0000
5.0562 7.7528 0.0000
5.0562 7.8652 0.0000
5.2584 2.6966 0.0000
5.2584 2.8090 0.0000
5.2584 2.9213 0.0000
5.2584 3.0337 0.0000
5.2584 3.1461 0.0000
5.2584 3.2584 0.0000
5.2584 3.3708 0.0000
5.2584 3.4831 0.0000
5.2584 3.5955 0.0000
5.2584 3.7079 0.0000
5.2584 3.8202 0.0000
5.2584 3.9326 0.0000
5.2584 4.0449 0.0000
5.2584 4.1573 0.0000
5.2584 4.2697 0.0000
5.2584 4.3820 0.0000
5.2584 4.4944 0.0000
5.2584 4.6067 0.0000
5.2584 4.7191 0.0000
5.2584 4.8315 0.0000
5.2584 4.9438 0.0000
5.2584 5.0562 0.0000
5.2584 5.1685 0.0000
5.2584 5.2809 0.0000
5.2584 5.3933 0.0000
5.2584 5.5056 0.0000
5.2584 5.6180 0.0000
5.2584 5.7303 0.0000
5.2584 5.8427 0.0000
5.2584 5.9551 0.0000
5.2584 6.0674 0.0000
5.2584 6.1798 0.0000
5.2584 6.2921 0.0000
5.2584 6.4045 0.0000
5.2584 6.5169 0.0000
5.2584 6.6292 0.0000
5.2584 6.7416 0.0000
5.2584 6.8539 0.0000
5.2584 6.9663 0.0000
5.2584 7.0787 0.0000
5.2584 7.1910 0.0000
5.2584 7.3034 0.0000
5.2584 7.4157 0.0000
5.2584 7.5281 0.0000
5.2584 7.6404 0.0000
5.2584 7.7528 0.0000
5.2584 7.8652 0.0000
5.4607 2.6966 0.0000
5.4607 2.8090 0.0000
5.4607 2.9213 0.0000
5.4607 3.0337 0.0000
5.4607 3.1461 0.0000
5.4607 3.2584 0.0000
5.4607 3.3708 0.0000
5.4607 3.4831 0.0000
5.4607 3.5955 0.0000
5.4607 3.7079 0.0000
5.4607 3.8202 0.0000
5.4607 3.9326 0.0000
5.4607 4.0449 0.0000
5.4607 4.1573 0.0000
5.4607 4.2697 0.0000
5.4607 4.3820 0.0000
5.4607 4.4944 0.0000
5.4607 4.6067 0.0000
5.4607 4.7191 0.0000
5.4607 4.8315 0.0000
5.4607 4.9438 0.0000
5.4607 5.0562 0.0000
5.4607 5.1685 0.0000
5.4607 5.2809 0.0000
5.4607 5.3933 0.0000
5.4607 5.5056 0.0000
5.4607 5.6180 0.0000
5.4607 5.7303 0.0000
5.4607 5.8427 0.0000
5.4607 5.9551 0.0000
5.4607 6.0674 0.0000
5.4607 6.1798 0.0000
5.4607 6.2921 0.0000
5.4607 6.4045 0.0000
5.4607 6.5169 0.0000
5.4607 6.6292 0.0000
5.4607 6.7416 0.0000
5.4607 6.8539 0.0000
5.4607 6.9663 0.0000
5.4607 7.0787 0.0000
5.4607 7.1910 0.0000
5.4607 7.3034 0.0000
5.4607 7.4157 0.0000
5.4607 7.5281 0.0000
5.4607 7.6404 0.0000
5.4607 7.7528 0.0000
5.4607 7.8652 0.0000
5.4607 7.9775 0.0000
5.6629 2.8090 0.0000
5.6629 2.9213 0.0000
5.6629 3.0337 0.0000
5.6629 3.1461 0.0000
5.6629 3.2584 0.0000
5.6629 3.3708 0.0000
5.6629 3.4831 0.0000
5.6629 3.5955 0.0000
5.6629 3.7079 0.0000
5.6629 3.8202 0.0000
5.6629 3.9326 0.0000
5.6629 4.0449 0.0000
5.6629 4.1573 0.0000
5.6629 4.2697 0.0000
5.6629 4.3820 0.0000
5.6629 4.4944 0.0000
5.6629 4.6067 0.0000
5.6629 4.7191 0.0000
5.6629 4.8315 0.0000
5.6629 4.9438 0.0000
5.6629 5.0562 0.0000
5.6629 5.1685 0.0000
5.6629 5.2809 0.0000
5.6629 5.3933 0.0000
5.6629 5.5056 0.0000
5.6629 5.6180 0.0000
5.6629 5.7303 0.0000
5.6629 5.8427 0.0000
5.6629 5.9551 0.0000
5.6629 6.0674 0.0000
5.6629 6.1798 0.0000
5.6629 6.2921 0.0000
5.6629 6.4045 0.0000
5.6629 6.5169 0.0000
5.6629 6.6292 0.0000
5.6629 6.7416 0.0000
5.6629 6.8539 0.0000
5.6629 6.9663 0.0000
5.6629 7.0787 0.0000
5.6629 7.1910 0.0000
5.6629 7.3034 0.0000
5.6629 7.4157 0.0000
5.6629 7.5281 0.0000
5.6629 7.6404 0.0000
5.6629 7.7528 0.0000
5.6629 7.8652 0.0000
5.6629 7.9775 0.0000
5.8652 2.9213 0.0000
5.8652 3.0337 0.0000
5.8652 3.1461 0.0000
5.8652 3.2584 0.0000
5.8652 3.3708 0.0000
5.8652 3.4831 0.0000
5.8652 3.5955 0.0000
5.8652 3.7079 0.0000
5.8652 3.8202 0.0000
5.8652 3.9326 0.0000
5.8652 4.0449 0.0000
5.8652 4.1573 0.0000
5.8652 4.2697 0.0000
5.8652 4.3820 0.0000
5.8652 4.4944 0.0000
5.8652 4.6067 0.0000
5.8652 4.7191 0.0000
5.8652 4.8315 0.0000
5.8652 4.9438 0.0000
5.8652 5.0562 0.0000
5.8652 5.1685 0.0000
5.8652 5.2809 0.0000
5.8652 5.3933 0.0000
5.8652 5.5056 0.0000
5.8652 5.6180 0.0000
5.8652 5.7303 0.0000
5.8652 5.8427 0.0000
5.8652 5.9551 0.0000
5.8652 6.0674 0.0000
5.8652 6.1798 0.0000
5.8652 6.2921 0.0000
5.8652 6.4045 0.0000
5.8652 6.5169 0.0000
5.8652 6.6292 0.0000
5.8652 6.7416 0.0000
5.8652 6.8539 0.0000
5.8652 6.9663 0.0000
5.8652 7.0787 0.0000
5.8652 7.1910 0.0000
5.8652 7.3034 0.0000
5.8652 7.4157 0.0000
5.8652 7.5281 0.0000
5.8652 7.6404 0.0000
5.8652 7.7528 0.0000
5.8652 7.8652 0.0000
5.8652 7.9775 0.0000
6.0674 3.0337 0.0000
6.0674 3.1461 0.0000
6.0674 3.2584 0.0000
6.0674 3.3708 0.0000
6.0674 3.4831 0.0000
6.0674 3.5955 0.0000
6.0674 3.7079 0.0000
6.0674 3.8202 0.0000
6.0674 3.9326 0.0000
6.0674 4.0449 0.0000
6.0674 4.1573 0.0000
6.0674 4.2697 0.0000
6.0674 4.3820 0.0000
6.0674 4.4944 0.0000
6.0674 4.6067 0.0000
6.0674 4.7191 0.0000
6.0674 4.8315 0.0000
6.0674 4.9438 0.0000
6.0674 5.0562 0.0000
6.0674 5.1685 0.0000
6.0674 5.2809 0.0000
6.0674 5.3933 0.0000
6.0674 5.5056 0.0000
6.0674 5.6180 0.0000
6.0674 5.7303 0.0000
6.0674 5.8427 0.0000
6.0674 5.9551 0.0000
6.0674 6.0674 0.0000
6.0674 6.1798 0.0000
6.0674 6.2921 0.0000
6.0674 6.4045 0.0000
6.0674 6.5169 0.0000
6.0674 6.6292 0.0000
6.0674 6.7416 0.0000
6.0674 6.8539 0.0000
6.0674 6.9663 0.0000
6.0674 7.0787 0.0000
6.0674 7.1910 0.0000
6.0674 7.3034 0.0000
6.0674 7.4157 0.0000
6.0674 7.5281 0.0000
6.0674 7.6404 0.0000
6.0674 7.7528 0.0000
6.0674 7.8652 0.0000
6.0674 7.9775 0.0000
6.2697 3.1461 0.0000
6.2697 3.2584 0.0000
6.2697 3.3708 0.0000
6.2697 3.4831 0.0000
6.2697 3.5955 0.0000
6.2697 3.7079 0.0000
6.2697 3.8202 0.0000
6.2697 3.9326 0.0000
6.2697 4.0449 0.0000
6.2697 4.1573 0.0000
6.2697 4.2697 0.0000
6.2697 4.3820 0.0000
6.2697 4.4944 0.0000
6.2697 4.6067 0.0000
6.2697 4.7191 0.0000
6.2697 4.8315 0.0000
6.2697 4.9438 0.0000
6.2697 5.0562 0.0000
6.2697 5.1685 0.0000
6.2697 5.2809 0.0000
6.2697 5.3933 0.0000
6.2697 5.5056 0.0000
6.2697 5.6180 0.0000
6.2697 5.7303 0.0000
6.2697 5.8427 0.0000
6.2697 5.9551 0.0000
6.2697 6.0674 0.0000
6.2697 6.1798 0.0000
6.2697 6.2921 0.0000
6.2697 6.4045 0.0000
6.2697 6.5169 0.0000
6.2697 6.6292 0.0000
6.2697 6.7416 0.0000
6.2697 6.8539 0.0000
6.2697 6.9663 0.0000
6.2697 7.0787 0.0000
6.2697 7.1910 0.0000
6.2697 7.3034 0.0000
6.2697 7.4157 0.0000
6.2697 7.5281 0.0000
6.2697 7.6404 0.0000
6.2697 7.7528 0.0000
6.2697 7.8652 0.0000
6.2697 7.9775 0.0000
6.4719 3.2584 0.0000
6.4719 3.3708 0.0000
6.4719 3.4831 0.0000
6.4719 3.5955 0.0000
6.4719 3.7079 0.0000
6.4719 3.8202 0.0000
6.4719 3.9326 0.0000
6.4719 4.0449 0.0000
6.4719 4.1573 0.0000
6.4719 4.2697 0.0000
6.4719 4.3820 0.0000
6.4719 4.4944 0.0000
6.4719 4.6067 0.0000
6.4719 4.7191 0.0000
6.4719 4.8315 0.0000
6.4719 4.9438 0.0000
6.4719 5.0562 0.0000
6.4719 5.1685 0.0000
6.4719 5.2809 0.0000
6.4719 5.3933 0.0000
6.4719 5.5056 0.0000
6.4719 5.6180 0.0000
6.4719 5.7303 0.0000
6.4719 5.8427 0.0000
6.4719 5.9551 0.0000
6.4719 6.0674 0.0000
6.4719 6.1798 0.0000
6.4719 6.2921 0.0000
6.4719 6.4045 0.0000
6.4719 6.5169 0.0000
6.4719 6.6292 0.0000
6.4719 6.7416 0.0000
6.4719 6.8539 0.0000
6.4719 6.9663 0.0000
6.4719 7.0787 0.0000
6.4719 7.1910 0.0000
6.4719 7.3034 0.0000
6.4719 7.4157 0.0000
6.4719 7.5281 0.0000
6.4719 7.6404 0.0000
6.4719 7.7528 0.0000
6.4719 7.8652 0.0000
6.4719 7.9775 0.0000
6.4719 8.0899 0.0000
6.6742 3.2584 0.0000
6.6742 3.3708 0.0000
6.6742 3.4831 0.0000
6.6742 3.5955 0.0000
6.6742 3.7079 0.0000
6.6742 3.8202 0.0000
6.6742 3.9326 0.0000
6.6742 4.0449 0.0000
6.6742 4.1573 0.0000
6.6742 4.2697 0.0000
6.6742 4.3820 0.0000
6.6742 4.4944 0.0000
6.6742 4.6067 0.0000
6.6742 4.7191 0.0000
6.6742 4.8315 0.0000
6.6742 4.9438 0.0000
6.6742 5.0562 0.0000
6.6742 5.1685 0.0000
6.6742 5.2809 0.0000
6.6742 5.3933 0.0000
6.6742 5.5056 0.0000
6.6742 5.6180 0.0000
6.6742 5.7303 0.0000
6.6742 5.8427 0.0000
6.6742 5.9551 0.0000
6.6742 6.0674 0.0000
6.6742 6.1798 0.0000
6.6742 6.2921 0.0000
6.6742 6.4045 0.0000
6.6742 6.5169 0.0000
6.6742 6.6292 0.0000
6.6742 6.7416 0.0000
6.6742 6.8539 0.0000
6.6742 6.9663 0.0000
6.6742 7.0787 0.0000
6.6742 7.1910 0.0000
6.6742 7.3034 0.0000
6.6742 7.4157 0.0000
6.6742 7.5281 0.0000
6.6742 7.6404 0.0000
6.6742 7.7528 0.0000
6.6742 7.8652 0.0000
6.6742 7.9775 0.0000
6.6742 8.0899 0.0000
6.8764 3.3708 0.0000
6.8764 3.4831 0.0000
6.8764 3.5955 0.0000
6.8764 3.7079 0.0000
6.8764 3.8202 0.0000
6.8764 3.9326 0.0000
6.8764 4.0449 0.0000
6.8764 4.1573 0.0000
6.8764 4.2697 0.0000
6.8764 4.3820 0.0000
6.8764 4.4944 0.0000
6.8764 4.6067 0.0000
6.8764 4.7191 0.0000
6.8764 4.8315 0.0000
6.8764 4.9438 0.0000
6.8764 5.0562 0.0000
6.8764 5.1685 0.0000
6.8764 5.2809 0.0000
6.8764 5.3933 0.0000
6.8764 5.5056 0.0000
6.8764 5.6180 0.0000
6.8764 5.7303 0.0000
6.8764 5.8427 0.0000
6.8764 5.9551 0.0000
6.8764 6.0674 0.0000
6.8764 6.1798 0.0000
6.8764 6.2921 0.0000
6.8764 6.4045 0.0000
6.8764 6.5169 0.0000
6.8764 6.6292 0.0000
6.8764 6.7416 0.0000
6.8764 6.8539 0.0000
6.8764 6.9663 0.0000
6.8764 7.0787 0.0000
6.8764 7.1910 0.0000
6.8764 7.3034 0.0000
6.8764 7.4157 0.0000
6.8764 7.5281 0.0000
6.8764 7.6404 0.0000
6.8764 7.7528 0.0000
6.8764 7.8652 0.0000
6.8764 7.9775 0.0000
6.8764 8.0899 0.0000
7.0787 3.4831 0.0000
7.0787 3.5955 0.0000
7.0787 3.7079 0.0000
7.0787 3.8202 0.0000
7.0787 3.9326 0.0000
7.0787 4.0449 0.0000
7.0787 4.1573 0.0000
7.0787 4.2697 0.0000
7.0787 4.3820 0.0000
7.0787 4.4944 0.0000
7.0787 4.6067 0.0000
7.0787 4.7191 0.0000
7.0787 4.8315 0.0000
7.0787 4.9438 0.0000
7.0787 5.0562 0.0000
7.0787 5.1685 0.0000
7.0787 5.2809 0.0000
7.0787 5.3933 0.0000
7.0787 5.5056 0.0000
7.0787 5.6180 0.0000
7.0787 5.7303 0.0000
7.0787 5.8427 0.0000
7.0787 5.9551 0.0000
7.0787 6.0674 0.0000
7.0787 6.1798 0.0000
7.0787 6.2921 0.0000
7.0787 6.4045 0.0000
7.0787 6.5169 0.0000
7.0787 6.6292 0.0000
7.0787 6.7416 0.0000
7.0787 6.8539 0.0000
7.0787 6.9663 0.0000
7.0787 7.0787 0.0000
7.0787 7.1910 0.0000
7.0787 7.3034 0.0000
7.0787 7.4157 0.0000
7.0787 7.5281 0.0000
7.0787 7.6404 0.0000
7.0787 7.7528 0.0000
7.0787 7.8652 0.0000
7.0787 7.9775 0.0000
7.0787 8.0899 0.0000
7.2809 3.5955 0.0000
7.2809 3.7079 0.0000
7.2809 3.8202 0.0000
7.2809 3.9326 0.0000
7.2809 4.0449 0.0000
7.2809 4.1573 0.0000
7.2809 4.2697 0.0000
7.2809 4.3820 0.0000
7.2809 4.4944 0.0000
7.2809 4.6067 0.0000
7.2809 4.7191 0.0000
7.2809 4.8315 0.0000
7.2809 4.9438 0.0000
7.2809 5.0562 0.0000
7.2809 5.1685 0.0000
7.2809 5.2809 0.0000
7.2809 5.3933 0.0000
7.2809 5.5056 0.0000
7.2809 5.6180 0.0000
7.2809 5.7303 0.0000
7.2809 5.8427 0.0000
7.2809 5.9551 0.0000
7.2809 6.0674 0.0000
7.2809 6.1798 0.0000
7.2809 6.2921 0.0000
7.2809 6.4045 0.0000
7.2809 6.5169 0.0000
7.2809 6.6292 0.0000
7.2809 6.7416 0.0000
7.2809 6.8539 0.0000
7.2809 6.9663 0.0000
7.2809 7.0787 0.0000
7.2809 7.1910 0.0000
7.2809 7.3034 0.0000
7.2809 7.4157 0.0000
7.2809 7.5281 0.0000
7.2809 7.6404 0.0000
7.2809 7.7528 0.0000
7.2809 7.8652 0.0000
7.2809 7.9775 0.0000
7.2809 8.0899 0.0000
7.2809 8.2022 0.0000
7.4831 3.7079 0.0000
7.4831 3.8202 0.0000
7.4831 3.9326 0.0000
7.4831 4.0449 0.0000
7.4831 4.1573 0.0000
7.4831 4.2697 0.0000
7.4831 4.3820 0.0000
7.4831 4.4944 0.0000
7.4831 4.6067 0.0000
7.4831 4.7191 0.0000
7.4831 4.8315 0.0000
7.4831 4.9438 0.0000
7.4831 5.0562 0.0000
7.4831 5.1685 0.0000
7.4831 5.2809 0.0000
7.4831 5.3933 0.0000
7.4831 5.5056 0.0000
7.4831 5.6180 0.0000
7.4831 5.7303 0.0000
7.4831 5.8427 0.0000
7.4831 5.9551 0.0000
7.4831 6.0674 0.0000
7.4831 6.1798 0.0000
7.4831 6.2921 0.0000
7.4831 6.4045 0.0000
7.4831 6.5169 0.0000
7.4831 6.6292 0.0000
7.4831 6.7416 0.0000
7.4831 6.8539 0.0000
7.4831 6.9663 0.0000
7.4831 7.0787 0.0000
7.4831 7.1910 0.0000
7.4831 7.3034 0.0000
7.4831 7.4157 0.0000
7.4831 7.5281 0.0000
7.4831 7.6404 0.0000
7.4831 7.7528 0.0000
7.4831 7.8652 0.0000
7.4831 7.9775 0.0000
7.4831 8.0899 0.0000
7.4831 8.2022 0.0000
7.6854 3.8202 0.0000
7.6854 3.9326 0.0000
7.6854 4.0449 0.0000
7.6854 4.1573 0.0000
7.6854 4.2697 0.0000
7.6854 4.3820 0.0000
7.6854 4.4944 0.0000
7.6854 4.6067 0.0000
7.6854 4.7191 0.0000
7.6854 4.8315 0.0000
7.6854 4.9438 0.0000
7.6854 5.0562 0.0000
7.6854 5.1685 0.0000
7.6854 5.2809 0.0000
7.6854 5.3933 0.0000
7.6854 5.5056 0.0000
7.6854 5.6180 0.0000
7.6854 5.7303 0.0000
7.6854 5.8427 0.0000
7.6854 5.9551 0.0000
7.6854 6.0674 0.0000
7.6854 6.1798 0.0000
7.6854 6.2921 0.0000
7.6854 6.4045 0.0000
7.6854 6.5169 0.0000
7.6854 6.6292 0.0000
7.6854 6.7416 0.0000
7.6854 6.8539 0.0000
7.6854 6.9663 0.0000
7.6854 7.0787 0.0000
7.6854 7.1910 0.0000
7.6854 7.3034 0.0000
7.6854 7.4157 0.0000
7.6854 7.5281 0.0000
7.6854 7.6404 0.0000
7.6854 7.7528 0.0000
7.6854 7.8652 0.0000
7.6854 7.9775 0.0000
7.6854 8.0899 0.0000
7.6854 8.2022 0.0000
7.8876 3.8202 0.0000
7.8876 3.9326 0.0000
7.8876 4.0449 0.0000
7.8876 4.1573 0.0000
7.8876 4.2697 0.0000
7.8876 4.3820 0.0000
7.8876 4.4944 0.0000
7.8876 4.6067 0.0000
7.8876 4.7191 0.0000
7.8876 4.8315 0.0000
7.8876 4.9438 0.0000
7.8876 5.0562 0.0000
7.8876 5.1685 0.0000
7.8876 5.2809 0.0000
7.8876 5.3933 0.0000
7.8876 5.5056 0.0000
7.8876 5.6180 0.0000
7.8876 5.7303 0.0000
7.8876 5.8427 0.0000
7.8876 5.9551 0.0000
7.8876 6.0674 0.0000
7.8876 6.1798 0.0000
7.8876 6.2921 0.0000
7.8876 6.4045 0.0000
7.8876 6.5169 0.0000
7.8876 6.6292 0.0000
7.8876 6.7416 0.0000
7.8876 6.8539 0.0000
7.8876 6.9663 0.0000
7.8876 7.0787 0.0000
7.8876 7.1910 0.0000
7.8876 7.3034 0.0000
7.8876 7.4157 0.0000
7.8876 7.5281 0.0000
7.8876 7.6404 0.0000
7.8876 7.7528 0.0000
7.8876 7.8652 0.0000
7.8876 7.9775 0.0000
7.8876 8.0899 0.0000
7.8876 8.2022 0.0000
8.0899 3.9326 0.0000
8.0899 4.0449 0.0000
8.0899 4.1573 0.0000
8.0899 4.2697 0.0000
8.0899 4.3820 0.0000
8.0899 4.4944 0.0000
8.0899 4.6067 0.0000
8.0899 4.7191 0.0000
8.0899 4.8315 0.0000
8.0899 4.9438 0.0000
8.0899 5.0562 0.0000
8.0899 5.1685 0.0000
8.0899 5.2809 0.0000
8.0899 5.3933 0.0000
8.0899 5.5056 0.0000
8.0899 5.6180 0.0000
8.0899 5.7303 0.0000
8.0899 5.8427 0.0000
8.0899 5.9551 0.0000
8.0899 6.0674 0.0000
8.0899 6.1798 0.0000
8.0899 6.2921 0.0000
8.0899 6.4045 0.0000
8.0899 6.5169 0.0000
8.0899 6.6292 0.0000
8.0899 6.7416 0.0000
8.0899 6.8539 0.0000
8.0899 6.9663 0.0000
8.0899 7.0787 0.0000
8.0899 7.1910 0.0000
8.0899 7.3034 0.0000
8.0899 7.4157 0.0000
8.0899 7.5281 0.0000
8.0899 7.6404 0.0000
8.0899 7.7528 0.0000
8.0899 7.8652 0.0000
8.0899 7.9775 0.0000
8.0899 8.0899 0.0000
8.0899 8.2022 0.0000
8.0899 8.3146 0.0000
8.2921 4.0449 0.0000
8.2921 4.1573 0.0000
8.2921 4.2697 0.0000
8.2921 4.3820 0.0000
8.2921 4.4944 0.0000
8.2921 4.6067 0.0000
8.2921 4.7191 0.0000
8.2921 4.8315 0.0000
8.2921 4.9438 0.0000
8.2921 5.0562 0.0000
8.2921 5.1685 0.0000
8.2921 5.2809 0.0000
8.2921 5.3933 0.0000
8.2921 5.5056 0.0000
8.2921 5.6180 0.0000
8.2921 5.7303 0.0000
8.2921 5.8427 0.0000
8.2921 5.9551 0.0000
8.2921 6.0674 0.0000
8.2921 6.1798 0.0000
8.2921 6.2921 0.0000
8.2921 6.4045 0.0000
8.2921 6.5169 0.0000
8.2921 6.6292 0.0000
8.2921 6.7416 0.0000
8.2921 6.8539 0.0000
8.2921 6.9663 0.0000
8.2921 7.0787 0.0000
8.2921 7.1910 0.0000
8.2921 7.3034 0.0000
8.2921 7.4157 0.0000
8.2921 7.5281 0.0000
8.2921 7.6404 0.0000
8.2921 7.7528 0.0000
8.2921 7.8652 0.0000
8.2921 7.9775 0.0000
8.2921 8.0899 0.0000
8.2921 8.2022 0.0000
8.2921 8.3146 0.0000
8.4944 4.1573 0.0000
8.4944 4.2697 0.0000
8.4944 4.3820 0.0000
8.4944 4.4944 0.0000
8.4944 4.6067 0.0000
8.4944 4.7191 0.0000
8.4944 4.8315 0.0000
8.4944 4.9438 0.0000
8.4944 5.0562 0.0000
8.4944 5.1685 0.0000
8.4944 5.2809 0.0000
8.4944 5.3933 0.0000
8.4944 5.5056 0.0000
8.4944 5.6180 0.0000
8.4944 5.7303 0.0000
8.4944 5.8427 0.0000
8.4944 5.9551 0.0000
8.4944 6.0674 0.0000
8.4944 6.1798 0.0000
8.4944 6.2921 0.0000
8.4944 6.4045 0.0000
8.4944 6.5169 0.0000
8.4944 6.6292 0.0000
8.4944 6.7416 0.0000
8.4944 6.8539 0.0000
8.4944 6.9663 0.0000
8.4944 7.0787 0.0000
8.4944 7.1910 0.0000
8.4944 7.3034 0.0000
8.4944 7.4157 0.0000
8.4944 7.5281 0.0000
8.4944 7.6404 0.0000
8.4944 7.7528 0.0000
8.4944 7.8652 0.0000
8.4944 7.9775 0.0000
8.4944 8.0899 0.0000
8.4944 8.2022 0.0000
8.4944 8.3146 0.0000
8.6966 4.2697 0.0000
8.6966 4.3820 0.0000
8.6966 4.4944 0.0000
8.6966 4.6067 0.0000
8.6966 4.7191 0.0000
8.6966 4.8315 0.0000
8.6966 4.9438 0.0000
8.6966 5.0562 0.0000
8.6966 5.1685 0.0000
8.6966 5.2809 0.0000
8.6966 5.3933 0.0000
8.6966 5.5056 0.0000
8.6966 5.6180 0.0000
8.6966 5.7303 0.0000
8.6966 5.8427 0.0000
8.6966 5.9551 0.0000
8.6966 6.0674 0.0000
8.6966 6.1798 0.0000
8.6966 6.2921 0.0000
8.6966 6.4045 0.0000
8.6966 6.5169 0.0000
8.6966 6.6292 0.0000
8.6966 6.7416 0.0000
8.6966 6.8539 0.0000
8.6966 6.9663 0.0000
8.6966 7.0787 0.0000
8.6966 7.1910 0.0000
8.6966 7.3034 0.0000
8.6966 7.4157 0.0000
8.6966 7.5281 0.0000
8.6966 7.6404 0.0000
8.6966 7.7528 0.0000
8.6966 7.8652 0.0000
8.6966 7.9775 0.0000
8.6966 8.0899 0.0000
8.6966 8.2022 0.0000
8.6966 8.3146 0.0000
8.8989 4.3820 0.0000
8.8989 4.4944 0.0000
8.8989 4.6067 0.0000
8.8989 4.7191 0.0000
8.8989 4.8315 0.0000
8.8989 4.9438 0.0000
8.8989 5.0562 0.0000
8.8989 5.1685 0.0000
8.8989 5.2809 0.0000
8.8989 5.3933 0.0000
8.8989 5.5056 0.0000
8.8989 5.6180 0.0000
8.8989 5.7303 0.0000
8.8989 5.8427 0.0000
8.8989 5.9551 0.0000
8.8989 6.0674 0.0000
8.8989 6.1798 0.0000
8.8989 6.2921 0.0000
8.8989 6.4045 0.0000
8.8989 6.5169 0.0000
8.8989 6.6292 0.0000
8.8989 6.7416 0.0000
8.8989 6.8539 0.0000
8.8989 6.9663 0.0000
8.8989 7.0787 0.0000
8.8989 7.1910 0.0000
8.8989 7.3034 0.0000
8.8989 7.4157 0.0000
8.8989 7.5281 0.0000
8.8989 7.6404 0.0000
8.8989 7.7528 0.0000
8.8989 7.8652 0.0000
8.8989 7.9775 0.0000
8.8989 8.0899 0.0000
8.8989 8.2022 0.0000
8.8989 8.3146 0.0000
9.1011 4.3820 0.0000
9.1011 4.4944 0.0000
9.1011 4.6067 0.0000
9.1011 4.7191 0.0000
9.1011 4.8315 0.0000
9.1011 4.9438 0.0000
9.1011 5.0562 0.0000
9.1011 5.1685 0.0000
9.1011 5.2809 0.0000
9.1011 5.3933 0.0000
9.1011 5.5056 0.0000
9.1011 5.6180 0.0000
9.1011 5.7303 0.0000
9.1011 5.8427 0.0000
9.1011 5.9551 0.0000
9.1011 6.0674 0.0000
9.1011 6.1798 0.0000
9.1011 6.2921 0.0000
9.1011 6.4045 0.0000
9.1011 6.5169 0.0000
9.1011 6.6292 0.0000
9.1011 6.7416 0.0000
9.1011 6.8539 0.0000
9.1011 6.9663 0.0000
9.1011 7.0787 0.0000
9.1011 7.1910 0.0000
9.1011 7.3034 0.0000
9.1011 7.4157 0.0000
9.1011 7.5281 0.0000
9.1011 7.6404 0.0000
9.1011 7.7528 0.0000
9.1011 7.8652 0.0000
9.1011 7.9775 0.0000
9.1011 8.0899 0.0000
9.1011 8.2022 0.0000
9.1011 8.3146 0.0000
9.1011 8.4270 0.0000
9.3034 4.4944 0.0000
9.3034 4.6067 0.0000
9.3034 4.7191 0.0000
9.3034 4.8315 0.0000
9.3034 4.9438 0.0000
9.3034 5.0562 0.0000
9.3034 5.1685 0.0000
9.3034 5.2809 0.0000
9.3034 5.3933 0.0000
9.3034 5.5056 0.0000
9.3034 5.6180 0.0000
9.3034 5.7303 0.0000
9.3034 5.8427 0.0000
9.3034 5.9551 0.0000
9.3034 6.0674 0.0000
9.3034 6.1798 0.0000
9.3034 6.2921 0.0000
9.3034 6.4045 0.0000
9.3034 6.5169 0.0000
9.3034 6.6292 0.0000
9.3034 6.7416 0.0000
9.3034 6.8539 0.0000
9.3034 6.9663 0.0000
9.3034 7.0787 0.0000
9.3034 7.1910 0.0000
9.3034 7.3034 0.0000
9.3034 7.4157 0.0000
9.3034 7.5281 0.0000
9.3034 7.6404 0.0000
9.3034 7.7528 0.0000
9.3034 7.8652 0.0000
9.3034 7.9775 0.0000
9.3034 8.0899 0.0000
9.3034 8.2022 0.0000
9.3034 8.3146 0.0000
9.3034 8.4270 0.0000
9.5056 4.6067 0.0000
9.5056 4.7191 0.0000
9.5056 4.8315 0.0000
9.5056 4.9438 0.0000
9.5056 5.0562 0.0000
9.5056 5.1685 0.0000
9.5056 5.2809 0.0000
9.5056 5.3933 0.0000
9.5056 5.5056 0.0000
9.5056 5.6180 0.0000
9.5056 5.7303 0.0000
9.5056 5.8427 0.0000
9.5056 5.9551 0.0000
9.5056 6.0674 0.0000
9.5056 6.1798 0.0000
9.5056 6.2921 0.0000
9.5056 6.4045 0.0000
9.5056 6.5169 0.0000
9.5056 6.6292 0.0000
9.5056 6.7416 0.0000
9.5056 6.8539 0.0000
9.5056 6.9663 0.0000
9.5056 7.0787 0.0000
9.5056 7.1910 0.0000
9.5056 7.3034 0.0000
9.5056 7.4157 0.0000
9.5056 7.5281 0.0000
9.5056 7.6404 0.0000
9.5056 7.7528 0.0000
9.5056 7.8652 0.0000
9.5056 7.9775 0.0000
9.5056 8.0899 0.0000
9.5056 8.2022 0.0000
9.5056 8.3146 0.0000
9.5056 8.4270 0.0000
9.7079 4.7191 0.0000
9.7079 4.8315 0.0000
9.7079 4.9438 0.0000
9.7079 5.0562 0.0000
9.7079 5.1685 0.0000
9.7079 5.2809 0.0000
9.7079 5.3933 0.0000
9.7079 5.5056 0.0000
9.7079 5.6180 0.0000
9.7079 5.7303 0.0000
9.7079 5.8427 0.0000
9.7079 5.9551 0.0000
9.7079 6.0674 0.0000
9.7079 6.1798 0.0000
9.7079 6.2921 0.0000
9.7079 6.4045 0.0000
9.7079 6.5169 0.0000
9.7079 6.6292 0.0000
9.7079 6.7416 0.0000
9.7079 6.8539 0.0000
9.7079 6.9663 0.0000
9.7079 7.0787 0.0000
9.7079 7.1910 0.0000
9.7079 7.3034 0.0000
9.7079 7.4157 0.0000
9.7079 7.5281 0.0000
9.7079 7.6404 0.0000
9.7079 7.7528 0.0000
9.7079 7.8652 0.0000
9.7079 7.9775 0.0000
9.7079 8.0899 0.0000
9.7079 8.2022 0.0000
9.7079 8.3146 0.0000
9.7079 8.4270 0.0000
9.9101 4.8315 0.0000
9.9101 4.9438 0.0000
9.9101 5.0562 0.0000
9.9101 5.1685 0.0000
9.9101 5.2809 0.0000
9.9101 5.3933 0.0000
9.9101 5.5056 0.0000
9.9101 5.6180 0.0000
9.9101 5.7303 0.0000
9.9101 5.8427 0.0000
9.9101 5.9551 0.0000
9.9101 6.0674 0.0000
9.9101 6.1798 0.0000
9.9101 6.2921 0.0000
9.9101 6.4045 0.0000
9.9101 6.5169 0.0000
9.9101 6.6292 0.0000
9.9101 6.7416 0.0000
9.9101 6.8539 0.0000
9.9101 6.9663 0.0000
9.9101 7.0787 0.0000
9.9101 7.1910 0.0000
9.9101 7.3034 0.0000
9.9101 7.4157 0.0000
9.9101 7.5281 0.0000
9.9101 7.6404 0.0000
9.9101 7.7528 0.0000
9.9101 7.8652 0.0000
9.9101 7.9775 0.0000
9.9101 8.0899 0.0000
9.9101 8.2022 0.0000
9.9101 8.3146 0.0000
9.9101 8.4270 0.0000
9.9101 8.5393 0.0000
10.1124 4.9438 0.0000
10.1124 5.0562 0.0000
10.1124 5.1685 0.0000
10.1124 5.2809 0.0000
10.1124 5.3933 0.0000
10.1124 5.5056 0.0000
10.1124 5.6180 0.0000
10.1124 5.7303 0.0000
10.1124 5.8427 0.0000
10.1124 5.9551 0.0000
10.1124 6.0674 0.0000
10.1124 6.1798 0.0000
10.1124 6.2921 0.0000
10.1124 6.4045 0.0000
10.1124 6.5169 0.0000
10.1124 6.6292 0.0000
10.1124 6.7416 0.0000
10.1124 6.8539 0.0000
10.1124 6.9663 0.0000
10.1124 7.0787 0.0000
10.1124 7.1910 0.0000
10.1124 7.3034 0.0000
10.1124 7.4157 0.0000
10.1124 7.5281 0.0000
10.1124 7.6404 0.0000
10.1124 7.7528 0.0000
10.1124 7.8652 0.0000
10.1124 7.9775 0.0000
10.1124 8.0899 0.0000
10.1124 8.2022 0.0000
10.1124 8.3146 0.0000
10.1124 8.4270 0.0000
10.1124 8.5393 0.0000
10.3146 5.0562 0.0000
10.3146 5.1685 0.0000
10.3146 5.2809 0.0000
10.3146 5.3933 0.0000
10.3146 5.5056 0.0000
10.3146 5.6180 0.0000
10.3146 5.7303 0.0000
10.3146 5.8427 0.0000
10.3146 5.9551 0.0000
10.3146 6.0674 0.0000
10.3146 6.1798 0.0000
10.3146 6.2921 0.0000
10.3146 6.4045 0.0000
10.3146 6.5169 0.0000
10.3146 6.6292 0.0000
10.3146 6.7416 0.0000
10.3146 6.8539 0.0000
10.3146 6.9663 0.0000
10.3146 7.0787 0.0000
10.3146 7.1910 0.0000
10.3146 7.3034 0.0000
10.3146 7.4157 0.0000
10.3146 7.5281 0.0000
10.3146 7.6404 0.0000
10.3146 7.7528 0.0000
10.3146 7.8652 0.0000
10.3146 7.9775 0.0000
10.3146 8.0899 0.0000
10.3146 8.2022 0.0000
10.3146 8.3146 0.0000
10.3146 8.4270 0.0000
10.3146 8.5393 0.0000
10.5169 5.0562 0.0000
10.5169 5.1685 0.0000
10.5169 5.2809 0.0000
10.5169 5.3933 0.0000
10.5169 5.5056 0.0000
10.5169 5.6180 0.0000
10.5169 5.7303 0.0000
10.5169 5.8427 0.0000
10.5169 5.9551 0.0000
10.5169 6.0674 0.0000
10.5169 6.1798 0.0000
10.5169 6.2921 0.0000
10.5169 6.4045 0.0000
10.5169 6.5169 0.0000
10.5169 6.6292 0.0000
10.5169 6.7416 0.0000
10.5169 6.8539 0.0000
10.5169 6.9663 0.0000
10.5169 7.0787 0.0000
10.5169 7.1910 0.0000
10.5169 7.3034 0.0000
10.5169 7.4157 0.0000
10.5169 7.5281 0.0000
10.5169 7.6404 0.0000
10.5169 7.7528 0.0000
10.5169 7.8652 0.0000
10.5169 7.9775 0.0000
10.5169 8.0899 0.0000
10.5169 8.2022 0.0000
10.5169 8.3146 0.0000
10.5169 8.4270 0.0000
10.5169 8.5393 0.0000
10.7191 5.1685 0.0000
10.7191 5.2809 0.0000
10.7191 5.3933 0.0000
10.7191 5.5056 0.0000
10.7191 5.6180 0.0000
10.7191 5.7303 0.0000
10.7191 5.8427 0.0000
10.7191 5.9551 0.0000
10.7191 6.0674 0.0000
10.7191 6.1798 0.0000
10.7191 6.2921 0.0000
10.7191 6.4045 0.0000
10.7191 6.5169 0.0000
10.7191 6.6292 0.0000
10.7191 6.7416 0.0000
10.7191 6.8539 0.0000
10.7191 6.9663 0.0000
10.7191 7.0787 0.0000
10.7191 7.1910 0.0000
10.7191 7.3034 0.0000
10.7191 7.4157 0.0000
10.7191 7.5281 0.0000
10.7191 7.6404 0.0000
10.7191 7.7528 0.0000
10.7191 7.8652 0.0000
10.7191 7.9775 0.0000
10.7191 8.0899 0.0000
10.7191 8.2022 0.0000
10.7191 8.3146 0.0000
10.7191 8.4270 0.0000
10.7191 8.5393 0.0000
10.7191 8.6517 0.0000
10.9213 5.2809 0.0000
10.9213 5.3933 0.0000
10.9213 5.5056 0.0000
10.9213 5.6180 0.0000
10.9213 5.7303 0.0000
10.9213 5.8427 0.0000
10.9213 5.9551 0.0000
10.9213 6.0674 0.0000
10.9213 6.1798 0.0000
10.9213 6.2921 0.0000
10.9213 6.4045 0.0000
10.9213 6.5169 0.0000
10.9213 6.6292 0.0000
10.9213 6.7416 0.0000
10.9213 6.8539 0.0000
10.9213 6.9663 0.0000
10.9213 7.0787 0.0000
10.9213 7.1910 0.0000
10.9213 7.3034 0.0000
10.9213 7.4157 0.0000
10.9213 7.5281 0.0000
10.9213 7.6404 0.0000
10.9213 7.7528 0.0000
10.9213 7.8652 0.0000
10.9213 7.9775 0.0000
10.9213 8.0899 0.0000
10.9213 8.2022 0.0000
10.9213 8.3146 0.0000
10.9213 8.4270 0.0000
10.9213 8.5393 0.0000
10.9213 8.6517 0.0000
11.1236 5.3933 0.0000
11.1236 5.5056 0.0000
11.1236 5.6180 0.0000
11.1236 5.7303 0.0000
11.1236 5.8427 0.0000
11.1236 5.9551 0.0000
11.1236 6.0674 0.0000
11.1236 6.1798 0.0000
11.1236 6.2921 0.0000
11.1236 6.4045 0.0000
11.1236 6.5169 0.0000
11.1236 6.6292 0.0000
11.1236 6.7416 0.0000
11.1236 6.8539 0.0000
11.1236 6.9663 0.0000
11.1236 7.0787 0.0000
11.1236 7.1910 0.0000
11.1236 7.3034 0.0000
11.1236 7.4157 0.0000
11.1236 7.5281 0.0000
11.1236 7.6404 0.0000
11.1236 7.7528 0.0000
11.1236 7.8652 0.0000
11.1236 7.9775 0.0000
11.1236 8.0899 0.0000
11.1236 8.2022 0.0000
11.1236 8.3146 0.0000
11.1236 8.4270 0.0000
11.1236 8.5393 0.0000
11.1236 8.6517 0.0000
11.3258 5.5056 0.0000
11.3258 5.6180 0.0000
11.3258 5.7303 0.0000
11.3258 5.8427 0.0000
11.3258 5.9551 0.0000
11.3258 6.0674 0.0000
11.3258 6.1798 0.0000
11.3258 6.2921 0.0000
11.3258 6.4045 0.0000
11.3258 6.5169 0.0000
11.3258 6.6292 0.0000
11.3258 6.7416 0.0000
11.3258 6.8539 0.0000
11.3258 6.9663 0.0000
11.3258 7.0787 0.0000
11.3258 7.1910 0.0000
11.3258 7.3034 0.0000
11.3258 7.4157 0.0000
11.3258 7.5281 0.0000
11.3258 7.6404 0.0000
11.3258 7.7528 0.0000
11.3258 7.8652 0.0000
11.3258 7.9775 0.0000
11.3258 8.0899 0.0000
11.3258 8.2022 0.0000
11.3258 8.3146 0.0000
11.3258 8.4270 0.0000
11.3258 8.5393 0.0000
11.3258 8.6517 0.0000
11.5281 5.6180 0.0000
11.5281 5.7303 0.0000
11.5281 5.8427 0.0000
11.5281 5.9551 0.0000
11.5281 6.0674 0.0000
11.5281 6.1798 0.0000
11.5281 6.2921 0.0000
11.5281 6.4045 0.0000
11.5281 6.5169 0.0000
11.5281 6.6292 0.0000
11.5281 6.7416 0.0000
11.5281 6.8539 0.0000
11.5281 6.9663 0.0000
11.5281 7.0787 0.0000
11.5281 7.1910 0.0000
11.5281 7.3034 0.0000
11.5281 7.4157 0.0000
11.5281 7.5281 0.0000
11.5281 7.6404 0.0000
11.5281 7.7528 0.0000
11.5281 7.8652 0.0000
11.5281 7.9775 0.0000
11.5281 8.0899 0.0000
11.5281 8.2022 0.0000
11.5281 8.3146 0.0000
11.5281 8.4270 0.0000
11.5281 8.5393 0.0000
11.5281 8.6517 0.0000
11.5281 8.7640 0.0000
11.7303 5.6180 0.0000
11.7303 5.7303 0.0000
11.7303 5.8427 0.0000
11.7303 5.9551 0.0000
11.7303 6.0674 0.0000
11.7303 6.1798 0.0000
11.7303 6.2921 0.0000
11.7303 6.4045 0.0000
11.7303 6.5169 0.0000
11.7303 6.6292 0.0000
11.7303 6.7416 0.0000
11.7303 6.8539 0.0000
11.7303 6.9663 0.0000
11.7303 7.0787 0.0000
11.7303 7.1910 0.0000
11.7303 7.3034 0.0000
11.7303 7.4157 0.0000
11.7303 7.5281 0.0000
11.7303 7.6404 0.0000
11.7303 7.7528 0.0000
11.7303 7.8652 0.0000
11.7303 7.9775 0.0000
11.7303 8.0899 0.0000
11.7303 8.2022 0.0000
11.7303 8.3146 0.0000
11.7303 8.4270 0.0000
11.7303 8.5393 0.0000
11.7303 8.6517 0.0000
11.7303 8.7640 0.0000
11.9326 5.7303 0.0000
11.9326 5.8427 0.0000
11.9326 5.9551 0.0000
11.9326 6.0674 0.0000
11.9326 6.1798 0.0000
11.9326 6.2921 0.0000
11.9326 6.4045 0.0000
11.9326 6.5169 0.0000
11.9326 6.6292 0.0000
11.9326 6.7416 0.0000
11.9326 6.8539 0.0000
11.9326 6.9663 0.0000
11.9326 7.0787 0.0000
11.9326 7.1910 0.0000
11.9326 7.3034 0.0000
11.9326 7.4157 0.0000
11.9326 7.5281 0.0000
11.9326 7.6404 0.0000
11.9326 7.7528 0.0000
11.9326 7.8652 0.0000
11.9326 7.9775 0.0000
11.9326 8.0899 0.0000
11.9326 8.2022 0.0000
11.9326 8.3146 0.0000
11.9326 8.4270 0.0000
11.9326 8.5393 0.0000
11.9326 8.6517 0.0000
11.9326 8.7640 0.0000
12.1348 5.8427 0.0000
12.1348 5.9551 0.0000
12.1348 6.0674 0.0000
12.1348 6.1798 0.0000
12.1348 6.2921 0.0000
12.1348 6.4045 0.0000
12.1348 6.5169 0.0000
12.1348 6.6292 0.0000
12.1348 6.7416 0.0000
12.1348 6.8539 0.0000
12.1348 6.9663 0.0000
12.1348 7.0787 0.0000
12.1348 7.1910 0.0000
12.1348 7.3034 0.0000
12.1348 7.4157 0.0000
12.1348 7.5281 0.0000
12.1348 7.6404 0.0000
12.1348 7.7528 0.0000
12.1348 7.8652 0.0000
12.1348 7.9775 0.0000
12.1348 8.0899 0.0000
12.1348 8.2022 0.0000
12.1348 8.3146 0.0000
12.1348 8.4270 0.0000
12.1348 8.5393 0.0000
12.1348 8.6517 0.0000
12.1348 8.7640 0.0000
12.3371 5.9551 0.0000
12.3371 6.0674 0.0000
12.3371 6.1798 0.0000
12.3371 6.2921 0.0000
12.3371 6.4045 0.0000
12.3371 6.5169 0.0000
12.3371 6.6292 0.0000
12.3371 6.7416 0.0000
12.3371 6.8539 0.0000
12.3371 6.9663 0.0000
12.3371 7.0787 0.0000
12.3371 7.1910 0.0000
12.3371 7.3034 0.0000
12.3371 7.4157 0.0000
12.3371 7.5281 0.0000
12.3371 7.6404 0.0000
12.3371 7.7528 0.0000
12.3371 7.8652 0.0000
12.3371 7.9775 0.0000
12.3371 8.0899 0.0000
12.3371 8.2022 0.0000
12.3371 8.3146 0.0000
12.3371 8.4270 0.0000
12.3371 8.5393 0.0000
12.3371 8.6517 0.0000
12.3371 8.7640 0.0000
12.5393 6.0674 0.0000
12.5393 6.1798 0.0000
12.5393 6.2921 0.0000
12.5393 6.4045 0.0000
12.5393 6.5169 0.0000
12.5393 6.6292 0.0000
12.5393 6.7416 0.0000
12.5393 6.8539 0.0000
12.5393 6.9663 0.0000
12.5393 7.0787 0.0000
12.5393 7.1910 0.0000
12.5393 7.3034 0.0000
12.5393 7.4157 0.0000
12.5393 7.5281 0.0000
12.5393 7.6404 0.0000
12.5393 7.7528 0.0000
12.5393 7.8652 0.0000
12.5393 7.9775 0.0000
12.5393 8.0899 0.0000
12.5393 8.2022 0.0000
12.5393 8.3146 0.0000
12.5393 8.4270 0.0000
12.5393 8.5393 0.0000
12.5393 8.6517 0.0000
12.5393 8.7640 0.0000
12.5393 8.8764 0.0000
12.7416 6.1798 0.0000
12.7416 6.2921 0.0000
12.7416 6.4045 0.0000
12.7416 6.5169 0.0000
12.7416 6.6292 0.0000
12.7416 6.7416 0.0000
12.7416 6.8539 0.0000
12.7416 6.9663 0.0000
12.7416 7.0787 0.0000
12.7416 7.1910 0.0000
12.7416 7.3034 0.0000
12.7416 7.4157 0.0000
12.7416 7.5281 0.0000
12.7416 7.6404 0.0000
12.7416 7.7528 0.0000
12.7416 7.8652 0.0000
12.7416 7.9775 0.0000
12.7416 8.0899 0.0000
12.7416 8.2022 0.0000
12.7416 8.3146 0.0000
12.7416 8.4270 0.0000
12.7416 8.5393 0.0000
12.7416 8.6517 0.0000
12.7416 8.7640 0.0000
12.7416 8.8764 0.0000
12.9438 6.1798 0.0000
12.9438 6.2921 0.0000
12.9438 6.4045 0.0000
12.9438 6.5169 0.0000
12.9438 6.6292 0.0000
12.9438 6.7416 0.0000
12.9438 6.8539 0.0000
12.9438 6.9663 0.0000
12.9438 7.0787 0.0000
12.9438 7.1910 0.0000
12.9438 7.3034 0.0000
12.9438 7.4157 0.0000
12.9438 7.5281 0.0000
12.9438 7.6404 0.0000
12.9438 7.7528 0.0000
12.9438 7.8652 0.0000
12.9438 7.9775 0.0000
12.9438 8.0899 0.0000
12.9438 8.2022 0.0000
12.9438 8.3146 0.0000
12.9438 8.4270 0.0000
12.9438 8.5393 0.0000
12.9438 8.6517 0.0000
12.9438 8.7640 0.0000
12.9438 8.8764 0.0000
13.1461 6.2921 0.0000
13.1461 6.4045 0.0000
13.1461 6.5169 0.0000
13.1461 6.6292 0.0000
13.1461 6.7416 0.0000
13.1461 6.8539 0.0000
13.1461 6.9663 0.0000
13.1461 7.0787 0.0000
13.1461 7.1910 0.0000
13.1461 7.3034 0.0000
13.1461 7.4157 0.0000
13.1461 7.5281 0.0000
13.1461 7.6404 0.0000
13.1461 7.7528 0.0000
13.1461 7.8652 0.0000
13.1461 7.9775 0.0000
13.1461 8.0899 0.0000
13.1461 8.2022 0.0000
13.1461 8.3146 0.0000
13.1461 8.4270 0.0000
13.1461 8.5393 0.0000
13.1461 8.6517 0.0000
13.1461 8.7640 0.0000
13.1461 8.8764 0.0000
13.3483 6.4045 0.0000
13.3483 6.5169 0.0000
13.3483 6.6292 0.0000
13.3483 6.7416 0.0000
13.3483 6.8539 0.0000
13.3483 6.9663 0.0000
13.3483 7.0787 0.0000
13.3483 7.1910 0.0000
13.3483 7.3034 0.0000
13.3483 7.4157 0.0000
13.3483 7.5281 0.0000
13.3483 7.6404 0.0000
13.3483 7.7528 0.0000
13.3483 7.8652 0.0000
13.3483 7.9775 0.0000
13.3483 8.0899 0.0000
13.3483 8.2022 0.0000
13.3483 8.3146 0.0000
13.3483 8.4270 0.0000
13.3483 8.5393 0.0000
13.3483 8.6517 0.0000
13.3483 8.7640 0.0000
13.3483 8.8764 0.0000
13.3483 8.9888 0.0000
13.5506 6.5169 0.0000
13.5506 6.6292 0.0000
13.5506 6.7416 0.0000
13.5506 6.8539 0.0000
13.5506 6.9663 0.0000
13.5506 7.0787 0.0000
13.5506 7.1910 0.0000
13.5506 7.3034 0.0000
13.5506 7.4157 0.0000
13.5506 7.5281 0.0000
13.5506 7.6404 0.0000
13.5506 7.7528 0.0000
13.5506 7.8652 0.0000
13.5506 7.9775 0.0000
13.5506 8.0899 0.0000
13.5506 8.2022 0.0000
13.5506 8.3146 0.0000
13.5506 8.4270 0.0000
13.5506 8.5393 0.0000
13.5506 8.6517 0.0000
13.5506 8.7640 0.0000
13.5506 8.8764 0.0000
13.5506 8.9888 0.0000
13.7528 6.6292 0.0000
13.7528 6.7416 0.0000
13.7528 6.8539 0.0000
13.7528 6.9663 0.0000
13.7528 7.0787 0.0000
13.7528 7.1910 0.0000
13.7528 7.3034 0.0000
13.7528 7.4157 0.0000
13.7528 7.5281 0.0000
13.7528 7.6404 0.0000
13.7528 7.7528 0.0000
13.7528 7.8652 0.0000
13.7528 7.9775 0.0000
13.7528 8.0899 0.0000
13.7528 8.2022 0.0000
13.7528 8.3146 0.0000
13.7528 8.4270 0.0000
13.7528 8.5393 0.0000
13.7528 8.6517 0.0000
13.7528 8.7640 0.0000
13.7528 8.8764 0.0000
13.7528 8.9888 0.0000
13.9551 6.7416 0.0000
13.9551 6.8539 0.0000
13.9551 6.9663 0.0000
13.9551 7.0787 0.0000
13.9551 7.1910 0.0000
13.9551 7.3034 0.0000
13.9551 7.4157 0.0000
13.9551 7.5281 0.0000
13.9551 7.6404 0.0000
13.9551 7.7528 0.0000
13.9551 7.8652 0.0000
13.9551 7.9775 0.0000
13.9551 8.0899 0.0000
13.9551 8.2022 0.0000
13.9551 8.3146 0.0000
13.9551 8.4270 0.0000
13.9551 8.5393 0.0000
13.9551 8.6517 0.0000
13.9551 8.7640 0.0000
13.9551 8.8764 0.0000
13.9551 8.9888 0.0000
14.1573 6.7416 0.0000
14.1573 6.8539 0.0000
14.1573 6.9663 0.0000
14.1573 7.0787 0.0000
14.1573 7.1910 0.0000
14.1573 7.3034 0.0000
14.1573 7.4157 0.0000
14.1573 7.5281 0.0000
14.1573 7.6404 0.0000
14.1573 7.7528 0.0000
14.1573 7.8652 0.0000
14.1573 7.9775 0.0000
14.1573 8.0899 0.0000
14.1573 8.2022 0.0000
14.1573 8.3146 0.0000
14.1573 8.4270 0.0000
14.1573 8.5393 0.0000
14.1573 8.6517 0.0000
14.1573 8.7640 0.0000
14.1573 8.8764 0.0000
14.1573 8.9888 0.0000
14.1573 9.1011 0.0000
14.3596 6.8539 0.0000
14.3596 6.9663 0.0000
14.3596 7.0787 0.0000
14.3596 7.1910 0.0000
14.3596 7.3034 0.0000
14.3596 7.4157 0.0000
14.3596 7.5281 0.0000
14.3596 7.6404 0.0000
14.3596 7.7528 0.0000
14.3596 7.8652 0.0000
14.3596 7.9775 0.0000
14.3596 8.0899 0.0000
14.3596 8.2022 0.0000
14.3596 8.3146 0.0000
14.3596 8.4270 0.0000
14.3596 8.5393 0.0000
14.3596 8.6517 0.0000
14.3596 8.7640 0.0000
14.3596 8.8764 0.0000
14.3596 8.9888 0.0000
14.3596 9.1011 0.0000
14.5618 6.9663 0.0000
14.5618 7.0787 0.0000
14.5618 7.1910 0.0000
14.5618 7.3034 0.0000
14.5618 7.4157 0.0000
14.5618 7.5281 0.0000
14.5618 7.6404 0.0000
14.5618 7.7528 0.0000
14.5618 7.8652 0.0000
14.5618 7.9775 0.0000
14.5618 8.0899 0.0000
14.5618 8.2022 0.0000
14.5618 8.3146 0.0000
14.5618 8.4270 0.0000
14.5618 8.5393 0.0000
14.5618 8.6517 0.0000
14.5618 8.7640 0.0000
14.5618 8.8764 0.0000
14.5618 8.9888 0.0000
14.5618 9.1011 0.0000
14.7640 7.0787 0.0000
14.7640 7.1910 0.0000
14.7640 7.3034 0.0000
14.7640 7.4157 0.0000
14.7640 7.5281 0.0000
14.7640 7.6404 0.0000
14.7640 7.7528 0.0000
14.7640 7.8652 0.0000
14.7640 7.9775 0.0000
14.7640 8.0899 0.0000
14.7640 8.2022 0.0000
14.7640 8.3146 0.0000
14.7640 8.4270 0.0000
14.7640 8.5393 0.0000
14.7640 8.6517 0.0000
14.7640 8.7640 0.0000
14.7640 8.8764 0.0000
14.7640 8.9888 0.0000
14.7640 9.1011 0.0000
14.9663 7.1910 0.0000
14.9663 7.3034 0.0000
14.9663 7.4157 0.0000
14.9663 7.5281 0.0000
14.9663 7.6404 0.0000
14.9663 7.7528 0.0000
14.9663 7.8652 0.0000
14.9663 7.9775 0.0000
14.9663 8.0899 0.0000
14.9663 8.2022 0.0000
14.9663 8.3146 0.0000
14.9663 8.4270 0.0000
14.9663 8.5393 0.0000
14.9663 8.6517 0.0000
14.9663 8.7640 0.0000
14.9663 8.8764 0.0000
14.9663 8.9888 0.0000
14.9663 9.1011 0.0000
14.9663 9.2135 0.0000
15.1685 7.3034 0.0000
15.1685 7.4157 0.0000
15.1685 7.5281 0.0000
15.1685 7.6404 0.0000
15.1685 7.7528 0.0000
15.1685 7.8652 0.0000
15.1685 7.9775 0.0000
15.1685 8.0899 0.0000
15.1685 8.2022 0.0000
15.1685 8.3146 0.0000
15.1685 8.4270 0.0000
15.1685 8.5393 0.0000
15.1685 8.6517 0.0000
15.1685 8.7640 0.0000
15.1685 8.8764 0.0000
15.1685 8.9888 0.0000
15.1685 9.1011 0.0000
15.1685 9.2135 0.0000
15.3708 7.3034 0.0000
15.3708 7.4157 0.0000
15.3708 7.5281 0.0000
15.3708 7.6404 0.0000
15.3708 7.7528 0.0000
15.3708 7.8652 0.0000
15.3708 7.9775 0.0000
15.3708 8.0899 0.0000
15.3708 8.2022 0.0000
15.3708 8.3146 0.0000
15.3708 8.4270 0.0000
15.3708 8.5393 0.0000
15.3708 8.6517 0.0000
15.3708 8.7640 0.0000
15.3708 8.8764 0.0000
15.3708 8.9888 0.0000
15.3708 9.1011 0.0000
15.3708 9.2135 0.0000
15.5730 7.4157 0.0000
15.5730 7.5281 0.0000
15.5730 7.6404 0.0000
15.5730 7.7528 0.0000
15.5730 7.8652 0.0000
15.5730 7.9775 0.0000
15.5730 8.0899 0.0000
15.5730 8.2022 0.0000
15.5730 8.3146 0.0000
15.5730 8.4270 0.0000
15.5730 8.5393 0.0000
15.5730 8.6517 0.0000
15.5730 8.7640 0.0000
15.5730 8.8764 0.0000
15.5730 8.9888 0.0000
15.5730 9.1011 0.0000
15.5730 9.2135 0.0000
15.7753 7.5281 0.0000
15.7753 7.6404 0.0000
15.7753 7.7528 0.0000
15.7753 7.8652 0.0000
15.7753 7.9775 0.0000
15.7753 8.0899 0.0000
15.7753 8.2022 0.0000
15.7753 8.3146 0.0000
15.7753 8.4270 0.0000
15.7753 8.5393 0.0000
15.7753 8.6517 0.0000
15.7753 8.7640 0.0000
15.7753 8.8764 0.0000
15.7753 8.9888 0.0000
15.7753 9.1011 0.0000
15.7753 9.2135 0.0000
15.9775 7.6404 0.0000
15.9775 7.7528 0.0000
15.9775 7.8652 0.0000
15.9775 7.9775 0.0000
15.9775 8.0899 0.0000
15.9775 8.2022 0.0000
15.9775 8.3146 0.0000
15.9775 8.4270 0.0000
15.9775 8.5393 0.0000
15.9775 8.6517 0.0000
15.9775 8.7640 0.0000
15.9775 8.8764 0.0000
15.9775 8.9888 0.0000
15.9775 9.1011 0.0000
15.9775 9.2135 0.0000
15.9775 9.3258 0.0000
16.1798 7.7528 0.0000
16.1798 7.8652 0.0000
16.1798 7.9775 0.0000
16.1798 8.0899 0.0000
16.1798 8.2022 0.0000
16.1798 8.3146 0.0000
16.1798 8.4270 0.0000
16.1798 8.5393 0.0000
16.1798 8.6517 0.0000
16.1798 8.7640 0.0000
16.1798 8.8764 0.0000
16.1798 8.9888 0.0000
16.1798 9.1011 0.0000
16.1798 9.2135 0.0000
16.1798 9.3258 0.0000
16.3820 7.8652 0.0000
16.3820 7.9775 0.0000
16.3820 8.0899 0.0000
16.3820 8.2022 0.0000
16.3820 8.3146 0.0000
16.3820 8.4270 0.0000
16.3820 8.5393 0.0000
16.3820 8.6517 0.0000
16.3820 8.7640 0.0000
16.3820 8.8764 0.0000
16.3820 8.9888 0.0000
16.3820 9.1011 0.0000
16.3820 9.2135 0.0000
16.3820 9.3258 0.0000
16.5843 7.9775 0.0000
16.5843 8.0899 0.0000
16.5843 8.2022 0.0000
16.5843 8.3146 0.0000
16.5843 8.4270 0.0000
16.5843 8.5393 0.0000
16.5843 8.6517 0.0000
16.5843 8.7640 0.0000
16.5843 8.8764 0.0000
16.5843 8.9888 0.0000
16.5843 9.1011 0.0000
16.5843 9.2135 0.0000
16.5843 9.3258 0.0000
16.7865 7.9775 0.0000
16.7865 8.0899 0.0000
16.7865 8.2022 0.0000
16.7865 8.3146 0.0000
16.7865 8.4270 0.0000
16.7865 8.5393 0.0000
16.7865 8.6517 0.0000
16.7865 8.7640 0.0000
16.7865 8.8764 0.0000
16.7865 8.9888 0.0000
16.7865 9.1011 0.0000
16.7865 9.2135 0.0000
16.7865 9.3258 0.0000
16.7865 9.4382 0.0000
16.9888 8.0899 0.0000
16.9888 8.2022 0.0000
16.9888 8.3146 0.0000
16.9888 8.4270 0.0000
16.9888 8.5393 0.0000
16.9888 8.6517 0.0000
16.9888 8.7640 0.0000
16.9888 8.8764 0.0000
16.9888 8.9888 0.0000
16.9888 9.1011 0.0000
16.9888 9.2135 0.0000
16.9888 9.3258 0.0000
16.9888 9.4382 0.0000
17.1910 8.2022 0.0000
17.1910 8.3146 0.0000
17.1910 8.4270 0.0000
17.1910 8.5393 0.0000
17.1910 8.6517 0.0000
17.1910 8.7640 0.0000
17.1910 8.8764 0.0000
17.1910 8.9888 0.0000
17.1910 9.1011 0.0000
17.1910 9.2135 0.0000
17.1910 9.3258 0.0000
17.1910 9.4382 0.0000
17.3933 8.3146 0.0000
17.3933 8.4270 0.0000
17.3933 8.5393 0.0000
17.3933 8.6517 0.0000
17.3933 8.7640 0.0000
17.3933 8.8764 0.0000
17.3933 8.9888 0.0000
17.3933 9.1011 0.0000
17.3933 9.2135 0.0000
17.3933 9.3258 0.0000
17.3933 9.4382 0.0000
17.5955 8.4270 0.0000
17.5955 8.5393 0.0000
17.5955 8.6517 0.0000
17.5955 8.7640 0.0000
17.5955 8.8764 0.0000
17.5955 8.9888 0.0000
17.5955 9.1011 0.0000
17.5955 9.2135 0.0000
17.5955 9.3258 0.0000
17.5955 9.4382 0.0000
17.5955 9.5506 0.0000
17.7978 8.5393 0.0000
17.7978 8.6517 0.0000
17.7978 8.7640 0.0000
17.7978 8.8764 0.0000
17.7978 8.9888 0.0000
17.7978 9.1011 0.0000
17.7978 9.2135 0.0000
17.7978 9.3258 0.0000
17.7978 9.4382 0.0000
17.7978 9.5506 0.0000
0.4045 0.2247 0.0000
0.6067 0.3371 0.0000
0.8090 0.4494 0.0000
1.0112 0.5618 0.0000
1.2135 0.6742 0.0000
1.4157 0.7865 0.0000
1.6180 0.7865 0.0000
1.8202 0.8989 0.0000
2.0225 1.0112 0.0000
2.2247 1.1236 0.0000
2.4270 1.2360 0.0000
2.6292 1.3483 0.0000
3.0337 1.4607 0.0000
3.2360 1.5730 0.0000
3.4382 1.6854 0.0000
3.6404 1.7978 0.0000
3.8427 1.9101 0.0000
4.2472 2.0225 0.0000
4.4494 2.1348 0.0000
4.6517 2.2472 0.0000
4.8539 2.3596 0.0000
5.0562 2.4719 0.0000
5.2584 2.5843 0.0000
5.4607 2.5843 0.0000
5.6629 2.6966 0.0000
5.8652 2.8090 0.0000
6.0674 2.9213 0.0000
6.2697 3.0337 0.0000
6.4719 3.1461 0.0000
6.6742 3.1461 0.0000
6.8764 3.2584 0.0000
7.0787 3.3708 0.0000
7.2809 3.4831 0.0000
7.4831 3.5955 0.0000
7.6854 3.7079 0.0000
8.0899 3.8202 0.0000
8.2921 3.9326 0.0000
8.4944 4.0449 0.0000
8.6966 4.1573 0.0000
8.8989 4.2697 0.0000
9.3034 4.3820 0.0000
9.5056 4.4944 0.0000
9.7079 4.6067 0.0000
9.9101 4.7191 0.0000
10.1124 4.8315 0.0000
10.3146 4.9438 0.0000
10.5169 4.9438 0.0000
10.7191 5.0562 0.0000
10.9213 5.1685 0.0000
11.1236 5.2809 0.0000
11.3258 5.3933 0.0000
11.5281 5.5056 0.0000
11.7303 5.5056 0.0000
11.9326 5.6180 0.0000
12.1348 5.7303 0.0000
12.3371 5.8427 0.0000
12.5393 5.9551 0.0000
12.7416 6.0674 0.0000
13.1461 6.1798 0.0000
13.3483 6.2921 0.0000
13.5506 6.4045 0.0000
13.7528 6.5169 0.0000
13.9551 6.6292 0.0000
14.3596 6.7416 0.0000
14.5618 6.8539 0.0000
14.7640 6.9663 0.0000
14.9663 7.0787 0.0000
15.1685 7.1910 0.0000
15.5730 7.3034 0.0000
15.7753 7.4157 0.0000
15.9775 7.5281 0.0000
16.1798 7.6404 0.0000
16.3820 7.7528 0.0000
16.5843 7.8652 0.0000
16.7865 7.8652 0.0000
16.9888 7.9775 0.0000
17.1910 8.0899 0.0000
17.3933 8.2022 0.0000
17.5955 8.3146 0.0000
17.7978 8.4270 0.0000
18.0000 9.5506 0.0000
0.2022 0.1124 0.0000
2.8315 1.3483 0.0000
4.0449 1.9101 0.0000
7.8876 3.7079 0.0000
9.1011 4.2697 0.0000
12.9438 6.0674 0.0000
14.1573 6.6292 0.0000
15.3708 7.1910 0.0000
0.0000 0.1124 0.0000
0.0000 7.1910 0.0000
0.1011 0.1685 0.0000
0.1011 0.2809 0.0000
0.1011 0.3933 0.0000
0.1011 0.5056 0.0000
0.1011 0.6180 0.0000
0.1011 0.7303 0.0000
0.1011 0.8427 0.0000
0.1011 0.9551 0.0000
0.1011 1.0674 0.0000
0.1011 1.1798 0.0000
0.1011 1.2921 0.0000
0.1011 1.4045 0.0000
0.1011 1.5169 0.0000
0.1011 1.6292 0.0000
0.1011 1.7416 0.0000
0.1011 1.8539 0.0000
0.1011 1.9663 0.0000
0.1011 2.0787 0.0000
0.1011 2.1910 0.0000
0.1011 2.3034 0.0000
0.1011 2.4157 0.0000
0.1011 2.5281 0.0000
0.1011 2.6404 0.0000
0.1011 2.7528 0.0000
0.1011 2.8652 0.0000
0.1011 2.9775 0.0000
0.1011 3.0899 0.0000
0.1011 3.2022 0.0000
0.1011 3.3146 0.0000
0.1011 3.4270 0.0000
0.1011 3.5393 0.0000
0.1011 3.6517 0.0000
0.1011 3.7640 0.0000
0.1011 3.8764 0.0000
0.1011 3.9888 0.0000
0.1011 4.1011 0.0000
0.1011 4.2135 0.0000
0.1011 4.3258 0.0000
0.1011 4.4382 0.0000
0.1011 4.5506 0.0000
0.1011 4.6629 0.0000
0.1011 4.7753 0.0000
0.1011 4.8876 0.0000
0.1011 5.0000 0.0000
0.1011 5.1124 0.0000
0.1011 5.2247 0.0000
0.1011 5.3371 0.0000
0.1011 5.4494 0.0000
0.1011 5.5618 0.0000
0.1011 5.6742 0.0000
0.1011 5.7865 0.0000
0.1011 5.8989 0.0000
0.1011 6.0112 0.0000
0.1011 6.1236 0.0000
0.1011 6.2360 0.0000
0.1011 6.3483 0.0000
0.1011 6.4607 0.0000
0.1011 6.5730 0.0000
0.1011 6.6854 0.0000
0.1011 6.7978 0.0000
0.1011 6.9101 0.0000
0.3034 0.1685 0.0000
0.3034 0.2809 0.0000
0.3034 0.3933 0.0000
0.3034 0.5056 0.0000
0.3034 0.6180 0.0000
0.3034 0.7303 0.0000
0.3034 0.8427 0.0000
0.3034 0.9551 0.0000
0.3034 1.0674 0.0000
0.3034 1.1798 0.0000
0.3034 1.2921 0.0000
0.3034 1.4045 0.0000
0.3034 1.5169 0.0000
0.3034 1.6292 0.0000
0.3034 1.7416 0.0000
0.3034 1.8539 0.0000
0.3034 1.9663 0.0000
0.3034 2.0787 0.0000
0.3034 2.1910 0.0000
0.3034 2.3034 0.0000
0.3034 2.4157 0.0000
0.3034 2.5281 0.0000
0.3034 2.6404 0.0000
0.3034 2.7528 0.0000
0.3034 2.8652 0.0000
0.3034 2.9775 0.0000
0.3034 3.0899 0.0000
0.3034 3.2022 0.0000
0.3034 3.3146 0.0000
0.3034 3.4270 0.0000
0.3034 3.5393 0.0000
0.3034 3.6517 0.0000
0.3034 3.7640 0.0000
0.3034 3.8764 0.0000
0.3034 3.9888 0.0000
0.3034 4.1011 0.0000
0.3034 4.2135 0.0000
0.3034 4.3258 0.0000
0.3034 4.4382 0.0000
0.3034 4.5506 0.0000
0.3034 4.6629 0.0000
0.3034 4.7753 0.0000
0.3034 4.8876 0.0000
0.3034 5.0000 0.0000
0.3034 5.1124 0.0000
0.3034 5.2247 0.0000
0.3034 5.3371 0.0000
0.3034 5.4494 0.0000
0.3034 5.5618 0.0000
0.3034 5.6742 0.0000
0.3034 5.7865 0.0000
0.3034 5.8989 0.0000
0.3034 6.0112 0.0000
0.3034 6.1236 0.0000
0.3034 6.2360 0.0000
0.3034 6.3483 0.0000
0.3034 6.4607 0.0000
0.3034 6.5730 0.0000
0.3034 6.6854 0.0000
0.3034 6.7978 0.0000
0.3034 6.9101 0.0000
0.3034 7.0225 0.0000
0.3034 7.1348 0.0000
0.5056 0.2809 0.0000
0.5056 0.3933 0.0000
0.5056 0.5056 0.0000
0.5056 0.6180 0.0000
0.5056 0.7303 0.0000
0.5056 0.8427 0.0000
0.5056 0.9551 0.0000
0.5056 1.0674 0.0000
0.5056 1.1798 0.0000
0.5056 1.2921 0.0000
0.5056 1.4045 0.0000
0.5056 1.5169 0.0000
0.5056 1.6292 0.0000
0.5056 1.7416 0.0000
0.5056 1.8539 0.0000
0.5056 1.9663 0.0000
0.5056 2.0787 0.0000
0.5056 2.1910 0.0000
0.5056 2.3034 0.0000
0.5056 2.4157 0.0000
0.5056 2.5281 0.0000
0.5056 2.6404 0.0000
0.5056 2.7528 0.0000
0.5056 2.8652 0.0000
0.5056 2.9775 0.0000
0.5056 3.0899 0.0000
0.5056 3.2022 0.0000
0.5056 3.3146 0.0000
0.5056 3.4270 0.0000
0.5056 3.5393 0.0000
0.5056 3.6517 0.0000
0.5056 3.7640 0.0000
0.5056 3.8764 0.0000
0.5056 3.9888 0.0000
0.5056 4.1011 0.0000
0.5056 4.2135 0.0000
0.5056 4.3258 0.0000
0.5056 4.4382 0.0000
0.5056 4.5506 0.0000
0.5056 4.6629 0.0000
0.5056 4.7753 0.0000
0.5056 4.8876 0.0000
0.5056 5.0000 0.0000
0.5056 5.1124 0.0000
0.5056 5.2247 0.0000
0.5056 5.3371 0.0000
0.5056 5.4494 0.0000
0.5056 5.5618 0.0000
0.5056 5.6742 0.0000
0.5056 5.7865 0.0000
0.5056 5.8989 0.0000
0.5056 6.0112 0.0000
0.5056 6.1236 0.0000
0.5056 6.2360 0.0000
0.5056 6.3483 0.0000
0.5056 6.4607 0.0000
0.5056 6.5730 0.0000
0.5056 6.6854 0.0000
0.5056 6.7978 0.0000
0.5056 6.9101 0.0000
0.5056 7.0225 0.0000
0.5056 7.1348 0.0000
0.5056 7.2472 0.0000
0.7079 0.3933 0.0000
0.7079 0.5056 0.0000
0.7079 0.6180 0.0000
0.7079 0.7303 0.0000
0.7079 0.8427 0.0000
0.7079 0.9551 0.0000
0.7079 1.0674 0.0000
0.7079 1.1798 0.0000
0.7079 1.2921 0.0000
0.7079 1.4045 0.0000
0.7079 1.5169 0.0000
0.7079 1.6292 0.0000
0.7079 1.7416 0.0000
0.7079 1.8539 0.0000
0.7079 1.9663 0.0000
0.7079 2.0787 0.0000
0.7079 2.1910 0.0000
0.7079 2.3034 0.0000
0.7079 2.4157 0.0000
0.7079 2.5281 0.0000
0.7079 2.6404 0.0000
0.7079 2.7528 0.0000
0.7079 2.8652 0.0000
0.7079 2.9775 0.0000
0.7079 3.0899 0.0000
0.7079 3.2022 0.0000
0.7079 3.3146 0.0000
0.7079 3.4270 0.0000
0.7079 3.5393 0.0000
0.7079 3.6517 0.0000
0.7079 3.7640 0.0000
0.7079 3.8764 0.0000
0.7079 3.9888 0.0000
0.7079 4.1011 0.0000
0.7079 4.2135 0.0000
0.7079 4.3258 0.0000
0.7079 4.4382 0.0000
0.7079 4.5506 0.0000
0.7079 4.6629 0.0000
0.7079 4.7753 0.0000
0.7079 4.8876 0.0000
0.7079 5.0000 0.0000
0.7079 5.1124 0.0000
0.7079 5.2247 0.0000
0.7079 5.3371 0.0000
0.7079 5.4494 0.0000
0.7079 5.5618 0.0000
0.7079 5.6742 0.0000
0.7079 5.7865 0.0000
0.7079 5.8989 0.0000
0.7079 6.0112 0.0000
0.7079 6.1236 0.0000
0.7079 6.2360 0.0000
0.7079 6.3483 0.0000
0.7079 6.4607 0.0000
0.7079 6.5730 0.0000
0.7079 6.6854 0.0000
0.7079 6.7978 0.0000
0.7079 6.9101 0.0000
0.7079 7.0225 0.0000
0.7079 7.1348 0.0000
0.7079 7.2472 0.0000
0.9101 0.5056 0.0000
0.9101 0.6180 0.0000
0.9101 0.7303 0.0000
0.9101 0.8427 0.0000
0.9101 0.9551 0.0000
0.9101 1.0674 0.0000
0.9101 1.1798 0.0000
0.9101 1.2921 0.0000
0.9101 1.4045 0.0000
0.9101 1.5169 0.0000
0.9101 1.6292 0.0000
0.9101 1.7416 0.0000
0.9101 1.8539 0.0000
0.9101 1.9663 0.0000
0.9101 2.0787 0.0000
0.9101 2.1910 0.0000
0.9101 2.3034 0.0000
0.9101 2.4157 0.0000
0.9101 2.5281 0.0000
0.9101 2.6404 0.0000
0.9101 2.7528 0.0000
0.9101 2.8652 0.0000
0.9101 2.9775 0.0000
0.9101 3.0899 0.0000
0.9101 3.2022 0.0000
0.9101 3.3146 0.0000
0.9101 3.4270 0.0000
0.9101 3.5393 0.0000
0.9101 3.6517 0.0000
0.9101 3.7640 0.0000
0.9101 3.8764 0.0000
0.9101 3.9888 0.0000
0.9101 4.1011 0.0000
0.9101 4.2135 0.0000
0.9101 4.3258 0.0000
0.9101 4.4382 0.0000
0.9101 4.5506 0.0000
0.9101 4.6629 0.0000
0.9101 4.7753 0.0000
0.9101 4.8876 0.0000
0.9101 5.0000 0.0000
0.9101 5.1124 0.0000
0.9101 5.2247 0.0000
0.9101 5.3371 0.0000
0.9101 5.4494 0.0000
0.9101 5.5618 0.0000
0.9101 5.6742 0.0000
0.9101 5.7865 0.0000
0.9101 5.8989 0.0000
0.9101 6.0112 0.0000
0.9101 6.1236 0.0000
0.9101 6.2360 0.0000
0.9101 6.3483 0.0000
0.9101 6.4607 0.0000
0.9101 6.5730 0.0000
0.9101 6.6854 0.0000
0.9101 6.7978 0.0000
0.9101 6.9101 0.0000
0.9101 7.0225 0.0000
0.9101 7.1348 0.0000
0.9101 7.2472 0.0000
1.1124 0.6180 0.0000
1.1124 0.7303 0.0000
1.1124 0.8427 0.0000
1.1124 0.9551 0.0000
1.1124 1.0674 0.0000
1.1124 1.1798 0.0000
1.1124 1.2921 0.0000
1.1124 1.4045 0.0000
1.1124 1.5169 0.0000
1.1124 1.6292 0.0000
1.1124 1.7416 0.0000
1.1124 1.8539 0.0000
1.1124 1.9663 0.0000
1.1124 2.0787 0.0000
1.1124 2.1910 0.0000
1.1124 2.3034 0.0000
1.1124 2.4157 0.0000
1.1124 2.5281 0.0000
1.1124 2.6404 0.0000
1.1124 2.7528 0.0000
1.1124 2.8652 0.0000
1.1124 2.9775 0.0000
1.1124 3.0899 0.0000
1.1124 3.2022 0.0000
1.1124 3.3146 0.0000
1.1124 3.4270 0.0000
1.1124 3.5393 0.0000
1.1124 3.6517 0.0000
1.1124 3.7640 0.0000
1.1124 3.8764 0.0000
1.1124 3.9888 0.0000
1.1124 4.1011 0.0000
1.1124 4.2135 0.0000
1.1124 4.3258 0.0000
1.1124 4.4382 0.0000
1.1124 4.5506 0.0000
1.1124 4.6629 0.0000
1.1124 4.7753 0.0000
1.1124 4.8876 0.0000
1.1124 5.0000 0.0000
1.1124 5.1124 0.0000
1.1124 5.2247 0.0000
1.1124 5.3371 0.0000
1.1124 5.4494 0.0000
1.1124 5.5618 0.0000
1.1124 5.6742 0.0000
1.1124 5.7865 0.0000
1.1124 5.8989 0.0000
1.1124 6.0112 0.0000
1.1124 6.1236 0.0000
1.1124 6.2360 0.0000
1.1124 6.3483 0.0000
1.1124 6.4607 0.0000
1.1124 6.5730 0.0000
1.1124 6.6854 0.0000
1.1124 6.7978 0.0000
1.1124 6.9101 0.0000
1.1124 7.0225 0.0000
1.1124 7.1348 0.0000
1.1124 7.2472 0.0000
1.3146 0.7303 0.0000
1.3146 0.8427 0.0000
1.3146 0.9551 0.0000
1.3146 1.0674 0.0000
1.3146 1.1798 0.0000
1.3146 1.2921 0.0000
1.3146 1.4045 0.0000
1.3146 1.5169 0.0000
1.3146 1.6292 0.0000
1.3146 1.7416 0.0000
1.3146 1.8539 0.0000
1.3146 1.9663 0.0000
1.3146 2.0787 0.0000
1.3146 2.1910 0.0000
1.3146 2.3034 0.0000
1.3146 2.4157 0.0000
1.3146 2.5281 0.0000
1.3146 2.6404 0.0000
1.3146 2.7528 0.0000
1.3146 2.8652 0.0000
1.3146 2.9775 0.0000
1.3146 3.0899 0.0000
1.3146 3.2022 0.0000
1.3146 3.3146 0.0000
1.3146 3.4270 0.0000
1.3146 3.5393 0.0000
1.3146 3.6517 0.0000
1.3146 3.7640 0.0000
1.3146 3.8764 0.0000
1.3146 3.9888 0.0000
1.3146 4.1011 0.0000
1.3146 4.2135 0.0000
1.3146 4.3258 0.0000
1.3146 4.4382 0.0000
1.3146 4.5506 0.0000
1.3146 4.6629 0.0000
1.3146 4.7753 0.0000
1.3146 4.8876 0.0000
1.3146 5.0000 0.0000
1.3146 5.1124 0.0000
1.3146 5.2247 0.0000
1.3146 5.3371 0.0000
1.3146 5.4494 0.0000
1.3146 5.5618 0.0000
1.3146 5.6742 0.0000
1.3146 5.7865 0.0000
1.3146 5.8989 0.0000
1.3146 6.0112 0.0000
1.3146 6.1236 0.0000
1.3146 6.2360 0.0000
1.3146 6.3483 0.0000
1.3146 6.4607 0.0000
1.3146 6.5730 0.0000
1.3146 6.6854 0.0000
1.3146 6.7978 0.0000
1.3146 6.9101 0.0000
1.3146 7.0225 0.0000
1.3146 7.1348 0.0000
1.3146 7.2472 0.0000
1.3146 7.3596 0.0000
1.5169 0.8427 0.0000
1.5169 0.9551 0.0000
1.5169 1.0674 0.0000
1.5169 1.1798 0.0000
1.5169 1.2921 0.0000
1.5169 1.4045 0.0000
1.5169 1.5169 0.0000
1.5169 1.6292 0.0000
1.5169 1.7416 0.0000
1.5169 1.8539 0.0000
1.5169 1.9663 0.0000
1.5169 2.0787 0.0000
1.5169 2.1910 0.0000
1.5169 2.3034 0.0000
1.5169 2.4157 0.0000
1.5169 2.5281 0.0000
1.5169 2.6404 0.0000
1.5169 2.7528 0.0000
1.5169 2.8652 0.0000
1.5169 2.9775 0.0000
1.5169 3.0899 0.0000
1.5169 3.2022 0.0000
1.5169 3.3146 0.0000
1.5169 3.4270 0.0000
1.5169 3.5393 0.0000
1.5169 3.6517 0.0000
1.5169 3.7640 0.0000
1.5169 3.8764 0.0000
1.5169 3.9888 0.0000
1.5169 4.1011 0.0000
1.5169 4.2135 0.0000
1.5169 4.3258 0.0000
1.5169 4.4382 0.0000
1.5169 4.5506 0.0000
1.5169 4.6629 0.0000
1.5169 4.7753 0.0000
1.5169 4.8876 0.0000
1.5169 5.0000 0.0000
1.5169 5.1124 0.0000
1.5169 5.2247 0.0000
1.5169 5.3371 0.0000
1.5169 5.4494 0.0000
1.5169 5.5618 0.0000
1.5169 5.6742 0.0000
1.5169 5.7865 0.0000
1.5169 5.8989 0.0000
1.5169 6.0112 0.0000
1.5169 6.1236 0.0000
1.5169 6.2360 0.0000
1.5169 6.3483 0.0000
1.5169 6.4607 0.0000
1.5169 6.5730 0.0000
1.5169 6.6854 0.0000
1.5169 6.7978 0.0000
1.5169 6.9101 0.0000
1.5169 7.0225 0.0000
1.5169 7.1348 0.0000
1.5169 7.2472 0.0000
1.5169 7.3596 0.0000
1.7191 0.8427 0.0000
1.7191 0.9551 0.0000
1.7191 1.0674 0.0000
1.7191 1.1798 0.0000
1.7191 1.2921 0.0000
1.7191 1.4045 0.0000
1.7191 1.5169 0.0000
1.7191 1.6292 0.0000
1.7191 1.7416 0.0000
1.7191 1.8539 0.0000
1.7191 1.9663 0.0000
1.7191 2.0787 0.0000
1.7191 2.1910 0.0000
1.7191 2.3034 0.0000
1.7191 2.4157 0.0000
1.7191 2.5281 0.0000
1.7191 2.6404 0.0000
1.7191 2.7528 0.0000
1.7191 2.8652 0.0000
1.7191 2.9775 0.0000
1.7191 3.0899 0.0000
1.7191 3.2022 0.0000
1.7191 3.3146 0.0000
1.7191 3.4270 0.0000
1.7191 3.5393 0.0000
1.7191 3.6517 0.0000
1.7191 3.7640 0.0000
1.7191 3.8764 0.0000
1.7191 3.9888 0.0000
1.7191 4.1011 0.0000
1.7191 4.2135 0.0000
1.7191 4.3258 0.0000
1.7191 4.4382 0.0000
1.7191 4.5506 0.0000
1.7191 4.6629 0.0000
1.7191 4.7753 0.0000
1.7191 4.8876 0.0000
1.7191 5.0000 0.0000
1.7191 5.1124 0.0000
1.7191 5.2247 0.0000
1.7191 5.3371 0.0000
1.7191 5.4494 0.0000
1.7191 5.5618 0.0000
1.7191 5.6742 0.0000
1.7191 5.7865 0.0000
1.7191 5.8989 0.0000
1.7191 6.0112 0.0000
1.7191 6.1236 0.0000
1.7191 6.2360 0.0000
1.7191 6.3483 0.0000
1.7191 6.4607 0.0000
1.7191 6.5730 0.0000
1.7191 6.6854 0.0000
1.7191 6.7978 0.0000
1.7191 6.9101 0.0000
1.7191 7.0225 0.0000
1.7191 7.1348 0.0000
1.7191 7.2472 0.0000
1.7191 7.3596 0.0000
1.9213 0.9551 0.0000
1.9213 1.0674 0.0000
1.9213 1.1798 0.0000
1.9213 1.2921 0.0000
1.9213 1.4045 0.0000
1.9213 1.5169 0.0000
1.9213 1.6292 0.0000
1.9213 1.7416 0.0000
1.9213 1.8539 0.0000
1.9213 1.9663 0.0000
1.9213 2.0787 0.0000
1.9213 2.1910 0.0000
1.9213 2.3034 0.0000
1.9213 2.4157 0.0000
1.9213 2.5281 0.0000
1.9213 2.6404 0.0000
1.9213 2.7528 0.0000
1.9213 2.8652 0.0000
1.9213 2.9775 0.0000
1.9213 3.0899 0.0000
1.9213 3.2022 0.0000
1.9213 3.3146 0.0000
1.9213 3.4270 0.0000
1.9213 3.5393 0.0000
1.9213 3.6517 0.0000
1.9213 3.7640 0.0000
1.9213 3.8764 0.0000
1.9213 3.9888 0.0000
1.9213 4.1011 0.0000
1.9213 4.2135 0.0000
1.9213 4.3258 0.0000
1.9213 4.4382 0.0000
1.9213 4.5506 0.0000
1.9213 4.6629 0.0000
1.9213 4.7753 0.0000
1.9213 4.8876 0.0000
1.9213 5.0000 0.0000
1.9213 5.1124 0.0000
1.9213 5.2247 0.0000
1.9213 5.3371 0.0000
1.9213 5.4494 0.0000
1.9213 5.5618 0.0000
1.9213 5.6742 0.0000
1.9213 5.7865 0.0000
1.9213 5.8989 0.0000
1.9213 6.0112 0.0000
1.9213 6.1236 0.0000
1.9213 6.2360 0.0000
1.9213 6.3483 0.0000
1.9213 6.4607 0.0000
1.9213 6.5730 0.0000
1.9213 6.6854 0.0000
1.9213 6.7978 0.0000
1.9213 6.9101 0.0000
1.9213 7.0225 0.0000
1.9213 7.1348 0.0000
1.9213 7.2472 0.0000
1.9213 7.3596 0.0000
2.1236 1.0674 0.0000
2.1236 1.1798 0.0000
2.1236 1.2921 0.0000
2.1236 1.4045 0.0000
2.1236 1.5169 0.0000
2.1236 1.6292 0.0000
2.1236 1.7416 0.0000
2.1236 1.8539 0.0000
2.1236 1.9663 0.0000
2.1236 2.0787 0.0000
2.1236 2.1910 0.0000
2.1236 2.3034 0.0000
2.1236 2.4157 0.0000
2.1236 2.5281 0.0000
2.1236 2.6404 0.0000
2.1236 2.7528 0.0000
2.1236 2.8652 0.0000
2.1236 2.9775 0.0000
2.1236 3.0899 0.0000
2.1236 3.2022 0.0000
2.1236 3.3146 0.0000
2.1236 3.4270 0.0000
2.1236 3.5393 0.0000
2.1236 3.6517 0.0000
2.1236 3.7640 0.0000
2.1236 3.8764 0.0000
2.1236 3.9888 0.0000
2.1236 4.1011 0.0000
2.1236 4.2135 0.0000
2.1236 4.3258 0.0000
2.1236 4.4382 0.0000
2.1236 4.5506 0.0000
2.1236 4.6629 0.0000
2.1236 4.7753 0.0000
2.1236 4.8876 0.0000
2.1236 5.0000 0.0000
2.1236 5.1124 0.0000
2.1236 5.2247 0.0000
2.1236 5.3371 0.0000
2.1236 5.4494 0.0000
2.1236 5.5618 0.0000
2.1236 5.6742 0.0000
2.1236 5.7865 0.0000
2.1236 5.8989 0.0000
2.1236 6.0112 0.0000
2.1236 6.1236 0.0000
2.1236 6.2360 0.0000
2.1236 6.3483 0.0000
2.1236 6.4607 0.0000
2.1236 6.5730 0.0000
2.1236 6.6854 0.0000
2.1236 6.7978 0.0000
2.1236 6.9101 0.0000
2.1236 7.0225 0.0000
2.1236 7.1348 0.0000
2.1236 7.2472 0.0000
2.1236 7.3596 0.0000
2.1236 7.4719 0.0000
2.3258 1.1798 0.0000
2.3258 1.2921 0.0000
2.3258 1.4045 0.0000
2.3258 1.5169 0.0000
2.3258 1.6292 0.0000
2.3258 1.7416 0.0000
2.3258 1.8539 0.0000
2.3258 1.9663 0.0000
2.3258 2.0787 0.0000
2.3258 2.1910 0.0000
2.3258 2.3034 0.0000
2.3258 2.4157 0.0000
2.3258 2.5281 0.0000
2.3258 2.6404 0.0000
2.3258 2.7528 0.0000
2.3258 2.8652 0.0000
2.3258 2.9775 0.0000
2.3258 3.0899 0.0000
2.3258 3.2022 0.0000
2.3258 3.3146 0.0000
2.3258 3.4270 0.0000
2.3258 3.5393 0.0000
2.3258 3.6517 0.0000
2.3258 3.7640 0.0000
2.3258 3.8764 0.0000
2.3258 3.9888 0.0000
2.3258 4.1011 0.0000
2.3258 4.2135 0.0000
2.3258 4.3258 0.0000
2.3258 4.4382 0.0000
2.3258 4.5506 0.0000
2.3258 4.6629 0.0000
2.3258 4.7753 0.0000
2.3258 4.8876 0.0000
2.3258 5.0000 0.0000
2.3258 5.1124 0.0000
2.3258 5.2247 0.0000
2.3258 5.3371 0.0000
2.3258 5.4494 0.0000
2.3258 5.5618 0.0000
2.3258 5.6742 0.0000
2.3258 5.7865 0.0000
2.3258 5.8989 0.0000
2.3258 6.0112 0.0000
2.3258 6.1236 0.0000
2.3258 6.2360 0.0000
2.3258 6.3483 0.0000
2.3258 6.4607 0.0000
2.3258 6.5730 0.0000
2.3258 6.6854 0.0000
2.3258 6.7978 0.0000
2.3258 6.9101 0.0000
2.3258 7.0225 0.0000
2.3258 7.1348 0.0000
2.3258 7.2472 0.0000
2.3258 7.3596 0.0000
2.3258 7.4719 0.0000
2.5281 1.2921 0.0000
2.5281 1.4045 0.0000
2.5281 1.5169 0.0000
2.5281 1.6292 0.0000
2.5281 1.7416 0.0000
2.5281 1.8539 0.0000
2.5281 1.9663 0.0000
2.5281 2.0787 0.0000
2.5281 2.1910 0.0000
2.5281 2.3034 0.0000
2.5281 2.4157 0.0000
2.5281 2.5281 0.0000
2.5281 2.6404 0.0000
2.5281 2.7528 0.0000
2.5281 2.8652 0.0000
2.5281 2.9775 0.0000
2.5281 3.0899 0.0000
2.5281 3.2022 0.0000
2.5281 3.3146 0.0000
2.5281 3.4270 0.0000
2.5281 3.5393 0.0000
2.5281 3.6517 0.0000
2.5281 3.7640 0.0000
2.5281 3.8764 0.0000
2.5281 3.9888 0.0000
2.5281 4.1011 0.0000
2.5281 4.2135 0.0000
2.5281 4.3258 0.0000
2.5281 4.4382 0.0000
2.5281 4.5506 0.0000
2.5281 4.6629 0.0000
2.5281 4.7753 0.0000
2.5281 4.8876 0.0000
2.5281 5.0000 0.0000
2.5281 5.1124 0.0000
2.5281 5.2247 0.0000
2.5281 5.3371 0.0000
2.5281 5.4494 0.0000
2.5281 5.5618 0.0000
2.5281 5.6742 0.0000
2.5281 5.7865 0.0000
2.5281 5.8989 0.0000
2.5281 6.0112 0.0000
2.5281 6.1236 0.0000
2.5281 6.2360 0.0000
2.5281 6.3483 0.0000
2.5281 6.4607 0.0000
2.5281 6.5730 0.0000
2.5281 6.6854 0.0000
2.5281 6.7978 0.0000
2.5281 6.9101 0.0000
2.5281 7.0225 0.0000
2.5281 7.1348 0.0000
2.5281 7.2472 0.0000
2.5281 7.3596 0.0000
2.5281 7.4719 0.0000
2.7303 1.4045 0.0000
2.7303 1.5169 0.0000
2.7303 1.6292 0.0000
2.7303 1.7416 0.0000
2.7303 1.8539 0.0000
2.7303 1.9663 0.0000
2.7303 2.0787 0.0000
2.7303 2.1910 0.0000
2.7303 2.3034 0.0000
2.7303 2.4157 0.0000
2.7303 2.5281 0.0000
2.7303 2.6404 0.0000
2.7303 2.7528 0.0000
2.7303 2.8652 0.0000
2.7303 2.9775 0.0000
2.7303 3.0899 0.0000
2.7303 3.2022 0.0000
2.7303 3.3146 0.0000
2.7303 3.4270 0.0000
2.7303 3.5393 0.0000
2.7303 3.6517 0.0000
2.7303 3.7640 0.0000
2.7303 3.8764 0.0000
2.7303 3.9888 0.0000
2.7303 4.1011 0.0000
2.7303 4.2135 0.0000
2.7303 4.3258 0.0000
2.7303 4.4382 0.0000
2.7303 4.5506 0.0000
2.7303 4.6629 0.0000
2.7303 4.7753 0.0000
2.7303 4.8876 0.0000
2.7303 5.0000 0.0000
2.7303 5.1124 0.0000
2.7303 5.2247 0.0000
2.7303 5.3371 0.0000
2.7303 5.4494 0.0000
2.7303 5.5618 0.0000
2.7303 5.6742 0.0000
2.7303 5.7865 0.0000
2.7303 5.8989 0.0000
2.7303 6.0112 0.0000
2.7303 6.1236 0.0000
2.7303 6.2360 0.0000
2.7303 6.3483 0.0000
2.7303 6.4607 0.0000
2.7303 6.5730 0.0000
2.7303 6.6854 0.0000
2.7303 6.7978 0.0000
2.7303 6.9101 0.0000
2.7303 7.0225 0.0000
2.7303 7.1348 0.0000
2.7303 7.2472 0.0000
2.7303 7.3596 0.0000
2.7303 7.4719 0.0000
2.9326 1.4045 0.0000
2.9326 1.5169 0.0000
2.9326 1.6292 0.0000
2.9326 1.7416 0.0000
2.9326 1.8539 0.0000
2.9326 1.9663 0.0000
2.9326 2.0787 0.0000
2.9326 2.1910 0.0000
2.9326 2.3034 0.0000
2.9326 2.4157 0.0000
2.9326 2.5281 0.0000
2.9326 2.6404 0.0000
2.9326 2.7528 0.0000
2.9326 2.8652 0.0000
2.9326 2.9775 0.0000
2.9326 3.0899 0.0000
2.9326 3.2022 0.0000
2.9326 3.3146 0.0000
2.9326 3.4270 0.0000
2.9326 3.5393 0.0000
2.9326 3.6517 0.0000
2.9326 3.7640 0.0000
2.9326 3.8764 0.0000
2.9326 3.9888 0.0000
2.9326 4.1011 0.0000
2.9326 4.2135 0.0000
2.9326 4.3258 0.0000
2.9326 4.4382 0.0000
2.9326 4.5506 0.0000
2.9326 4.6629 0.0000
2.9326 4.7753 0.0000
2.9326 4.8876 0.0000
2.9326 5.0000 0.0000
2.9326 5.1124 0.0000
2.9326 5.2247 0.0000
2.9326 5.3371 0.0000
2.9326 5.4494 0.0000
2.9326 5.5618 0.0000
2.9326 5.6742 0.0000
2.9326 5.7865 0.0000
2.9326 5.8989 0.0000
2.9326 6.0112 0.0000
2.9326 6.1236 0.0000
2.9326 6.2360 0.0000
2.9326 6.3483 0.0000
2.9326 6.4607 0.0000
2.9326 6.5730 0.0000
2.9326 6.6854 0.0000
2.9326 6.7978 0.0000
2.9326 6.9101 0.0000
2.9326 7.0225 0.0000
2.9326 7.1348 0.0000
2.9326 7.2472 0.0000
2.9326 7.3596 0.0000
2.9326 7.4719 0.0000
3.1348 1.5169 0.0000
3.1348 1.6292 0.0000
3.1348 1.7416 0.0000
3.1348 1.8539 0.0000
3.1348 1.9663 0.0000
3.1348 2.0787 0.0000
3.1348 2.1910 0.0000
3.1348 2.3034 0.0000
3.1348 2.4157 0.0000
3.1348 2.5281 0.0000
3.1348 2.6404 0.0000
3.1348 2.7528 0.0000
3.1348 2.8652 0.0000
3.1348 2.9775 0.0000
3.1348 3.0899 0.0000
3.1348 3.2022 0.0000
3.1348 3.3146 0.0000
3.1348 3.4270 0.0000
3.1348 3.5393 0.0000
3.1348 3.6517 0.0000
3.1348 3.7640 0.0000
3.1348 3.8764 0.0000
3.1348 3.9888 0.0000
3.1348 4.1011 0.0000
3.1348 4.2135 0.0000
3.1348 4.3258 0.0000
3.1348 4.4382 0.0000
3.1348 4.5506 0.0000
3.1348 4.6629 0.0000
3.1348 4.7753 0.0000
3.1348 4.8876 0.0000
3.1348 5.0000 0.0000
3.1348 5.1124 0.0000
3.1348 5.2247 0.0000
3.1348 5.3371 0.0000
3.1348 5.4494 0.0000
3.1348 5.5618 0.0000
3.1348 5.6742 0.0000
3.1348 5.7865 0.0000
3.1348 5.8989 0.0000
3.1348 6.0112 0.0000
3.1348 6.1236 0.0000
3.1348 6.2360 0.0000
3.1348 6.3483 0.0000
3.1348 6.4607 0.0000
3.1348 6.5730 0.0000
3.1348 6.6854 0.0000
3.1348 6.7978 0.0000
3.1348 6.9101 0.0000
3.1348 7.0225 0.0000
3.1348 7.1348 0.0000
3.1348 7.2472 0.0000
3.1348 7.3596 0.0000
3.1348 7.4719 0.0000
3.1348 7.5843 0.0000
3.3371 1.6292 0.0000
3.3371 1.7416 0.0000
3.3371 1.8539 0.0000
3.3371 1.9663 0.0000
3.3371 2.0787 0.0000
3.3371 2.1910 0.0000
3.3371 2.3034 0.0000
3.3371 2.4157 0.0000
3.3371 2.5281 0.0000
3.3371 2.6404 0.0000
3.3371 2.7528 0.0000
3.3371 2.8652 0.0000
3.3371 2.9775 0.0000
3.3371 3.0899 0.0000
3.3371 3.2022 0.0000
3.3371 3.3146 0.0000
3.3371 3.4270 0.0000
3.3371 3.5393 0.0000
3.3371 3.6517 0.0000
3.3371 3.7640 0.0000
3.3371 3.8764 0.0000
3.3371 3.9888 0.0000
3.3371 4.1011 0.0000
3.3371 4.2135 0.0000
3.3371 4.3258 0.0000
3.3371 4.4382 0.0000
3.3371 4.5506 0.0000
3.3371 4.6629 0.0000
3.3371 4.7753 0.0000
3.3371 4.8876 0.0000
3.3371 5.0000 0.0000
3.3371 5.1124 0.0000
3.3371 5.2247 0.0000
3.3371 5.3371 0.0000
3.3371 5.4494 0.0000
3.3371 5.5618 0.0000
3.3371 5.6742 0.0000
3.3371 5.7865 0.0000
3.3371 5.8989 0.0000
3.3371 6.0112 0.0000
3.3371 6.1236 0.0000
3.3371 6.2360 0.0000
3.3371 6.3483 0.0000
3.3371 6.4607 0.0000
3.3371 6.5730 0.0000
3.3371 6.6854 0.0000
3.3371 6.7978 0.0000
3.3371 6.9101 0.0000
3.3371 7.0225 0.0000
3.3371 7.1348 0.0000
3.3371 7.2472 0.0000
3.3371 7.3596 0.0000
3.3371 7.4719 0.0000
3.3371 7.5843 0.0000
3.5393 1.7416 0.0000
3.5393 1.8539 0.0000
3.5393 1.9663 0.0000
3.5393 2.0787 0.0000
3.5393 2.1910 0.0000
3.5393 2.3034 0.0000
3.5393 2.4157 0.0000
3.5393 2.5281 0.0000
3.5393 2.6404 0.0000
3.5393 2.7528 0.0000
3.5393 2.8652 0.0000
3.5393 2.9775 0.0000
3.5393 3.0899 0.0000
3.5393 3.2022 0.0000
3.5393 3.3146 0.0000
3.5393 3.4270 0.0000
3.5393 3.5393 0.0000
3.5393 3.6517 0.0000
3.5393 3.7640 0.0000
3.5393 3.8764 0.0000
3.5393 3.9888 0.0000
3.5393 4.1011 0.0000
3.5393 4.2135 0.0000
3.5393 4.3258 0.0000
3.5393 4.4382 0.0000
3.5393 4.5506 0.0000
3.5393 4.6629 0.0000
3.5393 4.7753 0.0000
3.5393 4.8876 0.0000
3.5393 5.0000 0.0000
3.5393 5.1124 0.0000
3.5393 5.2247 0.0000
3.5393 5.3371 0.0000
3.5393 5.4494 0.0000
3.5393 5.5618 0.0000
3.5393 5.6742 0.0000
3.5393 5.7865 0.0000
3.5393 5.8989 0.0000
3.5393 6.0112 0.0000
3.5393 6.1236 0.0000
3.5393 6.2360 0.0000
3.5393 6.3483 0.0000
3.5393 6.4607 0.0000
3.5393 6.5730 0.0000
3.5393 6.6854 0.0000
3.5393 6.7978 0.0000
3.5393 6.9101 0.0000
3.5393 7.0225 0.0000
3.5393 7.1348 0.0000
3.5393 7.2472 0.0000
3.5393 7.3596 0.0000
3.5393 7.4719 0.0000
3.5393 7.5843 0.0000
3.7416 1.8539 0.0000
3.7416 1.9663 0.0000
3.7416 2.0787 0.0000
3.7416 2.1910 0.0000
3.7416 2.3034 0.0000
3.7416 2.4157 0.0000
3.7416 2.5281 0.0000
3.7416 2.6404 0.0000
3.7416 2.7528 0.0000
3.7416 2.8652 0.0000
3.7416 2.9775 0.0000
3.7416 3.0899 0.0000
3.7416 3.2022 0.0000
3.7416 3.3146 0.0000
3.7416 3.4270 0.0000
3.7416 3.5393 0.0000
3.7416 3.6517 0.0000
3.7416 3.7640 0.0000
3.7416 3.8764 0.0000
3.7416 3.9888 0.0000
3.7416 4.1011 0.0000
3.7416 4.2135 0.0000
3.7416 4.3258 0.0000
3.7416 4.4382 0.0000
3.7416 4.5506 0.0000
3.7416 4.6629 0.0000
3.7416 4.7753 0.0000
3.7416 4.8876 0.0000
3.7416 5.0000 0.0000
3.7416 5.1124 0.0000
3.7416 5.2247 0.0000
3.7416 5.3371 0.0000
3.7416 5.4494 0.0000
3.7416 5.5618 0.0000
3.7416 5.6742 0.0000
3.7416 5.7865 0.0000
3.7416 5.8989 0.0000
3.7416 6.0112 0.0000
3.7416 6.1236 0.0000
3.7416 6.2360 0.0000
3.7416 6.3483 0.0000
3.7416 6.4607 0.0000
3.7416 6.5730 0.0000
3.7416 6.6854 0.0000
3.7416 6.7978 0.0000
3.7416 6.9101 0.0000
3.7416 7.0225 0.0000
3.7416 7.1348 0.0000
3.7416 7.2472 0.0000
3.7416 7.3596 0.0000
3.7416 7.4719 0.0000
3.7416 7.5843 0.0000
3.9438 1.9663 0.0000
3.9438 2.0787 0.0000
3.9438 2.1910 0.0000
3.9438 2.3034 0.0000
3.9438 2.4157 0.0000
3.9438 2.5281 0.0000
3.9438 2.6404 0.0000
3.9438 2.7528 0.0000
3.9438 2.8652 0.0000
3.9438 2.9775 0.0000
3.9438 3.0899 0.0000
3.9438 3.2022 0.0000
3.9438 3.3146 0.0000
3.9438 3.4270 0.0000
3.9438 3.5393 0.0000
3.9438 3.6517 0.0000
3.9438 3.7640 0.0000
3.9438 3.8764 0.0000
3.9438 3.9888 0.0000
3.9438 4.1011 0.0000
3.9438 4.2135 0.0000
3.9438 4.3258 0.0000
3.9438 4.4382 0.0000
3.9438 4.5506 0.0000
3.9438 4.6629 0.0000
3.9438 4.7753 0.0000
3.9438 4.8876 0.0000
3.9438 5.0000 0.0000
3.9438 5.1124 0.0000
3.9438 5.2247 0.0000
3.9438 5.3371 0.0000
3.9438 5.4494 0.0000
3.9438 5.5618 0.0000
3.9438 5.6742 0.0000
3.9438 5.7865 0.0000
3.9438 5.8989 0.0000
3.9438 6.0112 0.0000
3.9438 6.1236 0.0000
3.9438 6.2360 0.0000
3.9438 6.3483 0.0000
3.9438 6.4607 0.0000
3.9438 6.5730 0.0000
3.9438 6.6854 0.0000
3.9438 6.7978 0.0000
3.9438 6.9101 0.0000
3.9438 7.0225 0.0000
3.9438 7.1348 0.0000
3.9438 7.2472 0.0000
3.9438 7.3596 0.0000
3.9438 7.4719 0.0000
3.9438 7.5843 0.0000
3.9438 7.6966 0.0000
4.1461 1.9663 0.0000
4.1461 2.0787 0.0000
4.1461 2.1910 0.0000
4.1461 2.3034 0.0000
4.1461 2.4157 0.0000
4.1461 2.5281 0.0000
4.1461 2.6404 0.0000
4.1461 2.7528 0.0000
4.1461 2.8652 0.0000
4.1461 2.9775 0.0000
4.1461 3.0899 0.0000
4.1461 3.2022 0.0000
4.1461 3.3146 0.0000
4.1461 3.4270 0.0000
4.1461 3.5393 0.0000
4.1461 3.6517 0.0000
4.1461 3.7640 0.0000
4.1461 3.8764 0.0000
4.1461 3.9888 0.0000
4.1461 4.1011 0.0000
4.1461 4.2135 0.0000
4.1461 4.3258 0.0000
4.1461 4.4382 0.0000
4.1461 4.5506 0.0000
4.1461 4.6629 0.0000
4.1461 4.7753 0.0000
4.1461 4.8876 0.0000
4.1461 5.0000 0.0000
4.1461 5.1124 0.0000
4.1461 5.2247 0.0000
4.1461 5.3371 0.0000
4.1461 5.4494 0.0000
4.1461 5.5618 0.0000
4.1461 5.6742 0.0000
4.1461 5.7865 0.0000
4.1461 5.8989 0.0000
4.1461 6.0112 0.0000
4.1461 6.1236 0.0000
4.1461 6.2360 0.0000
4.1461 6.3483 0.0000
4.1461 6.4607 0.0000
4.1461 6.5730 0.0000
4.1461 6.6854 0.0000
4.1461 6.7978 0.0000
4.1461 6.9101 0.0000
4.1461 7.0225 0.0000
4.1461 7.1348 0.0000
4.1461 7.2472 0.0000
4.1461 7.3596 0.0000
4.1461 7.4719 0.0000
4.1461 7.5843 0.0000
4.1461 7.6966 0.0000
4.3483 2.0787 0.0000
4.3483 2.1910 0.0000
4.3483 2.3034 0.0000
4.3483 2.4157 0.0000
4.3483 2.5281 0.0000
4.3483 2.6404 0.0000
4.3483 2.7528 0.0000
4.3483 2.8652 0.0000
4.3483 2.9775 0.0000
4.3483 3.0899 0.0000
4.3483 3.2022 0.0000
4.3483 3.3146 0.0000
4.3483 3.4270 0.0000
4.3483 3.5393 0.0000
4.3483 3.6517 0.0000
4.3483 3.7640 0.0000
4.3483 3.8764 0.0000
4.3483 3.9888 0.0000
4.3483 4.1011 0.0000
4.3483 4.2135 0.0000
4.3483 4.3258 0.0000
4.3483 4.4382 0.0000
4.3483 4.5506 0.0000
4.3483 4.6629 0.0000
4.3483 4.7753 0.0000
4.3483 4.8876 0.0000
4.3483 5.0000 0.0000
4.3483 5.1124 0.0000
4.3483 5.2247 0.0000
4.3483 5.3371 0.0000
4.3483 5.4494 0.0000
4.3483 5.5618 0.0000
4.3483 5.6742 0.0000
4.3483 5.7865 0.0000
4.3483 5.8989 0.0000
4.3483 6.0112 0.0000
4.3483 6.1236 0.0000
4.3483 6.2360 0.0000
4.3483 6.3483 0.0000
4.3483 6.4607 0.0000
4.3483 6.5730 0.0000
4.3483 6.6854 0.0000
4.3483 6.7978 0.0000
4.3483 6.9101 0.0000
4.3483 7.0225 0.0000
4.3483 7.1348 0.0000
4.3483 7.2472 0.0000
4.3483 7.3596 0.0000
4.3483 7.4719 0.0000
4.3483 7.5843 0.0000
4.3483 7.6966 0.0000
4.5506 2.1910 0.0000
4.5506 2.3034 0.0000
4.5506 2.4157 0.0000
4.5506 2.5281 0.0000
4.5506 2.6404 0.0000
4.5506 2.7528 0.0000
4.5506 2.8652 0.0000
4.5506 2.9775 0.0000
4.5506 3.0899 0.0000
4.5506 3.2022 0.0000
4.5506 3.3146 0.0000
4.5506 3.4270 0.0000
4.5506 3.5393 0.0000
4.5506 3.6517 0.0000
4.5506 3.7640 0.0000
4.5506 3.8764 0.0000
4.5506 3.9888 0.0000
4.5506 4.1011 0.0000
4.5506 4.2135 0.0000
4.5506 4.3258 0.0000
4.5506 4.4382 0.0000
4.5506 4.5506 0.0000
4.5506 4.6629 0.0000
4.5506 4.7753 0.0000
4.5506 4.8876 0.0000
4.5506 5.0000 0.0000
4.5506 5.1124 0.0000
4.5506 5.2247 0.0000
4.5506 5.3371 0.0000
4.5506 5.4494 0.0000
4.5506 5.5618 0.0000
4.5506 5.6742 0.0000
4.5506 5.7865 0.0000
4.5506 5.8989 0.0000
4.5506 6.0112 0.0000
4.5506 6.1236 0.0000
4.5506 6.2360 0.0000
4.5506 6.3483 0.0000
4.5506 6.4607 0.0000
4.5506 6.5730 0.0000
4.5506 6.6854 0.0000
4.5506 6.7978 0.0000
4.5506 6.9101 0.0000
4.5506 7.0225 0.0000
4.5506 7.1348 0.0000
4.5506 7.2472 0.0000
4.5506 7.3596 0.0000
4.5506 7.4719 0.0000
4.5506 7.5843 0.0000
4.5506 7.6966 0.0000
4.7528 2.3034 0.0000
4.7528 2.4157 0.0000
4.7528 2.5281 0.0000
4.7528 2.6404 0.0000
4.7528 2.7528 0.0000
4.7528 2.8652 0.0000
4.7528 2.9775 0.0000
4.7528 3.0899 0.0000
4.7528 3.2022 0.0000
4.7528 3.3146 0.0000
4.7528 3.4270 0.0000
4.7528 3.5393 0.0000
4.7528 3.6517 0.0000
4.7528 3.7640 0.0000
4.7528 3.8764 0.0000
4.7528 3.9888 0.0000
4.7528 4.1011 0.0000
4.7528 4.2135 0.0000
4.7528 4.3258 0.0000
4.7528 4.4382 0.0000
4.7528 4.5506 0.0000
4.7528 4.6629 0.0000
4.7528 4.7753 0.0000
4.7528 4.8876 0.0000
4.7528 5.0000 0.0000
4.7528 5.1124 0.0000
4.7528 5.2247 0.0000
4.7528 5.3371 0.0000
4.7528 5.4494 0.0000
4.7528 5.5618 0.0000
4.7528 5.6742 0.0000
4.7528 5.7865 0.0000
4.7528 5.8989 0.0000
4.7528 6.0112 0.0000
4.7528 6.1236 0.0000
4.7528 6.2360 0.0000
4.7528 6.3483 0.0000
4.7528 6.4607 0.0000
4.7528 6.5730 0.0000
4.7528 6.6854 0.0000
4.7528 6.7978 0.0000
4.7528 6.9101 0.0000
4.7528 7.0225 0.0000
4.7528 7.1348 0.0000
4.7528 7.2472 0.0000
4.7528 7.3596 0.0000
4.7528 7.4719 0.0000
4.7528 7.5843 0.0000
4.7528 7.6966 0.0000
4.7528 7.8090 0.0000
4.9551 2.4157 0.0000
4.9551 2.5281 0.0000
4.9551 2.6404 0.0000
4.9551 2.7528 0.0000
4.9551 2.8652 0.0000
4.9551 2.9775 0.0000
4.9551 3.0899 0.0000
4.9551 3.2022 0.0000
4.9551 3.3146 0.0000
4.9551 3.4270 0.0000
4.9551 3.5393 0.0000
4.9551 3.6517 0.0000
4.9551 3.7640 0.0000
4.9551 3.8764 0.0000
4.9551 3.9888 0.0000
4.9551 4.1011 0.0000
4.9551 4.2135 0.0000
4.9551 4.3258 0.0000
4.9551 4.4382 0.0000
4.9551 4.5506 0.0000
4.9551 4.6629 0.0000
4.9551 4.7753 0.0000
4.9551 4.8876 0.0000
4.9551 5.0000 0.0000
4.9551 5.1124 0.0000
4.9551 5.2247 0.0000
4.9551 5.3371 0.0000
4.9551 5.4494 0.0000
4.9551 5.5618 0.0000
4.9551 5.6742 0.0000
4.9551 5.7865 0.0000
4.9551 5.8989 0.0000
4.9551 6.0112 0.0000
4.9551 6.1236 0.0000
4.9551 6.2360 0.0000
4.9551 6.3483 0.0000
4.9551 6.4607 0.0000
4.9551 6.5730 0.0000
4.9551 6.6854 0.0000
4.9551 6.7978 0.0000
4.9551 6.9101 0.0000
4.9551 7.0225 0.0000
4.9551 7.1348 0.0000
4.9551 7.2472 0.0000
4.9551 7.3596 0.0000
4.9551 7.4719 0.0000
4.9551 7.5843 0.0000
4.9551 7.6966 0.0000
4.9551 7.8090 0.0000
5.1573 2.5281 0.0000
5.1573 2.6404 0.0000
5.1573 2.7528 0.0000
5.1573 2.8652 0.0000
5.1573 2.9775 0.0000
5.1573 3.0899 0.0000
5.1573 3.2022 0.0000
5.1573 3.3146 0.0000
5.1573 3.4270 0.0000
5.1573 3.5393 0.0000
5.1573 3.6517 0.0000
5.1573 3.7640 0.0000
5.1573 3.8764 0.0000
5.1573 3.9888 0.0000
5.1573 4.1011 0.0000
5.1573 4.2135 0.0000
5.1573 4.3258 0.0000
5.1573 4.4382 0.0000
5.1573 4.5506 0.0000
5.1573 4.6629 0.0000
5.1573 4.7753 0.0000
5.1573 4.8876 0.0000
5.1573 5.0000 0.0000
5.1573 5.1124 0.0000
5.1573 5.2247 0.0000
5.1573 5.3371 0.0000
5.1573 5.4494 0.0000
5.1573 5.5618 0.0000
5.1573 5.6742 0.0000
5.1573 5.7865 0.0000
5.1573 5.8989 0.0000
5.1573 6.0112 0.0000
5.1573 6.1236 0.0000
5.1573 6.2360 0.0000
5.1573 6.3483 0.0000
5.1573 6.4607 0.0000
5.1573 6.5730 0.0000
5.1573 6.6854 0.0000
5.1573 6.7978 0.0000
5.1573 6.9101 0.0000
5.1573 7.0225 0.0000
5.1573 7.1348 0.0000
5.1573 7.2472 0.0000
5.1573 7.3596 0.0000
5.1573 7.4719 0.0000
5.1573 7.5843 0.0000
5.1573 7.6966 0.0000
5.1573 7.8090 0.0000
5.3596 2.6404 0.0000
5.3596 2.7528 0.0000
5.3596 2.8652 0.0000
5.3596 2.9775 0.0000
5.3596 3.0899 0.0000
5.3596 3.2022 0.0000
5.3596 3.3146 0.0000
5.3596 3.4270 0.0000
5.3596 3.5393 0.0000
5.3596 3.6517 0.0000
5.3596 3.7640 0.0000
5.3596 3.8764 0.0000
5.3596 3.9888 0.0000
5.3596 4.1011 0.0000
5.3596 4.2135 0.0000
5.3596 4.3258 0.0000
5.3596 4.4382 0.0000
5.3596 4.5506 0.0000
5.3596 4.6629 0.0000
5.3596 4.7753 0.0000
5.3596 4.8876 0.0000
5.3596 5.0000 0.0000
5.3596 5.1124 0.0000
5.3596 5.2247 0.0000
5.3596 5.3371 0.0000
5.3596 5.4494 0.0000
5.3596 5.5618 0.0000
5.3596 5.6742 0.0000
5.3596 5.7865 0.0000
5.3596 5.8989 0.0000
5.3596 6.0112 0.0000
5.3596 6.1236 0.0000
5.3596 6.2360 0.0000
5.3596 6.3483 0.0000
5.3596 6.4607 0.0000
5.3596 6.5730 0.0000
5.3596 6.6854 0.0000
5.3596 6.7978 0.0000
5.3596 6.9101 0.0000
5.3596 7.0225 0.0000
5.3596 7.1348 0.0000
5.3596 7.2472 0.0000
5.3596 7.3596 0.0000
5.3596 7.4719 0.0000
5.3596 7.5843 0.0000
5.3596 7.6966 0.0000
5.3596 7.8090 0.0000
5.5618 2.6404 0.0000
5.5618 2.7528 0.0000
5.5618 2.8652 0.0000
5.5618 2.9775 0.0000
5.5618 3.0899 0.0000
5.5618 3.2022 0.0000
5.5618 3.3146 0.0000
5.5618 3.4270 0.0000
5.5618 3.5393 0.0000
5.5618 3.6517 0.0000
5.5618 3.7640 0.0000
5.5618 3.8764 0.0000
5.5618 3.9888 0.0000
5.5618 4.1011 0.0000
5.5618 4.2135 0.0000
5.5618 4.3258 0.0000
5.5618 4.4382 0.0000
5.5618 4.5506 0.0000
5.5618 4.6629 0.0000
5.5618 4.7753 0.0000
5.5618 4.8876 0.0000
5.5618 5.0000 0.0000
5.5618 5.1124 0.0000
5.5618 5.2247 0.0000
5.5618 5.3371 0.0000
5.5618 5.4494 0.0000
5.5618 5.5618 0.0000
5.5618 5.6742 0.0000
5.5618 5.7865 0.0000
5.5618 5.8989 0.0000
5.5618 6.0112 0.0000
5.5618 6.1236 0.0000
5.5618 6.2360 0.0000
5.5618 6.3483 0.0000
5.5618 6.4607 0.0000
5.5618 6.5730 0.0000
5.5618 6.6854 0.0000
5.5618 6.7978 0.0000
5.5618 6.9101 0.0000
5.5618 7.0225 0.0000
5.5618 7.1348 0.0000
5.5618 7.2472 0.0000
5.5618 7.3596 0.0000
5.5618 7.4719 0.0000
5.5618 7.5843 0.0000
5.5618 7.6966 0.0000
5.5618 7.8090 0.0000
5.5618 7.9213 0.0000
5.7640 2.7528 0.0000
5.7640 2.8652 0.0000
5.7640 2.9775 0.0000
5.7640 3.0899 0.0000
5.7640 3.2022 0.0000
5.7640 3.3146 0.0000
5.7640 3.4270 0.0000
5.7640 3.5393 0.0000
5.7640 3.6517 0.0000
5.7640 3.7640 0.0000
5.7640 3.8764 0.0000
5.7640 3.9888 0.0000
5.7640 4.1011 0.0000
5.7640 4.2135 0.0000
5.7640 4.3258 0.0000
5.7640 4.4382 0.0000
5.7640 4.5506 0.0000
5.7640 4.6629 0.0000
5.7640 4.7753 0.0000
5.7640 4.8876 0.0000
5.7640 5.0000 0.0000
5.7640 5.1124 0.0000
5.7640 5.2247 0.0000
5.7640 5.3371 0.0000
5.7640 5.4494 0.0000
5.7640 5.5618 0.0000
5.7640 5.6742 0.0000
5.7640 5.7865 0.0000
5.7640 5.8989 0.0000
5.7640 6.0112 0.0000
5.7640 6.1236 0.0000
5.7640 6.2360 0.0000
5.7640 6.3483 0.0000
5.7640 6.4607 0.0000
5.7640 6.5730 0.0000
5.7640 6.6854 0.0000
5.7640 6.7978 0.0000
5.7640 6.9101 0.0000
5.7640 7.0225 0.0000
5.7640 7.1348 0.0000
5.7640 7.2472 0.0000
5.7640 7.3596 0.0000
5.7640 7.4719 0.0000
5.7640 7.5843 0.0000
5.7640 7.6966 0.0000
5.7640 7.8090 0.0000
5.7640 7.9213 0.0000
5.9663 2.8652 0.0000
5.9663 2.9775 0.0000
5.9663 3.0899 0.0000
5.9663 3.2022 0.0000
5.9663 3.3146 0.0000
5.9663 3.4270 0.0000
5.9663 3.5393 0.0000
5.9663 3.6517 0.0000
5.9663 3.7640 0.0000
5.9663 3.8764 0.0000
5.9663 3.9888 0.0000
5.9663 4.1011 0.0000
5.9663 4.2135 0.0000
5.9663 4.3258 0.0000
5.9663 4.4382 0.0000
5.9663 4.5506 0.0000
5.9663 4.6629 0.0000
5.9663 4.7753 0.0000
5.9663 4.8876 0.0000
5.9663 5.0000 0.0000
5.9663 5.1124 0.0000
5.9663 5.2247 0.0000
5.9663 5.3371 0.0000
5.9663 5.4494 0.0000
5.9663 5.5618 0.0000
5.9663 5.6742 0.0000
5.9663 5.7865 0.0000
5.9663 5.8989 0.0000
5.9663 6.0112 0.0000
5.9663 6.1236 0.0000
5.9663 6.2360 0.0000
5.9663 6.3483 0.0000
5.9663 6.4607 0.0000
5.9663 6.5730 0.0000
5.9663 6.6854 0.0000
5.9663 6.7978 0.0000
5.9663 6.9101 0.0000
5.9663 7.0225 0.0000
5.9663 7.1348 0.0000
5.9663 7.2472 0.0000
5.9663 7.3596 0.0000
5.9663 7.4719 0.0000
5.9663 7.5843 0.0000
5.9663 7.6966 0.0000
5.9663 7.8090 0.0000
5.9663 7.9213 0.0000
6.1685 2.9775 0.0000
6.1685 3.0899 0.0000
6.1685 3.2022 0.0000
6.1685 3.3146 0.0000
6.1685 3.4270 0.0000
6.1685 3.5393 0.0000
6.1685 3.6517 0.0000
6.1685 3.7640 0.0000
6.1685 3.8764 0.0000
6.1685 3.9888 0.0000
6.1685 4.1011 0.0000
6.1685 4.2135 0.0000
6.1685 4.3258 0.0000
6.1685 4.4382 0.0000
6.1685 4.5506 0.0000
6.1685 4.6629 0.0000
6.1685 4.7753 0.0000
6.1685 4.8876 0.0000
6.1685 5.0000 0.0000
6.1685 5.1124 0.0000
6.1685 5.2247 0.0000
6.1685 5.3371 0.0000
6.1685 5.4494 0.0000
6.1685 5.5618 0.0000
6.1685 5.6742 0.0000
6.1685 5.7865 0.0000
6.1685 5.8989 0.0000
6.1685 6.0112 0.0000
6.1685 6.1236 0.0000
6.1685 6.2360 0.0000
6.1685 6.3483 0.0000
6.1685 6.4607 0.0000
6.1685 6.5730 0.0000
6.1685 6.6854 0.0000
6.1685 6.7978 0.0000
6.1685 6.9101 0.0000
6.1685 7.0225 0.0000
6.1685 7.1348 0.0000
6.1685 7.2472 0.0000
6.1685 7.3596 0.0000
6.1685 7.4719 0.0000
6.1685 7.5843 0.0000
6.1685 7.6966 0.0000
6.1685 7.8090 0.0000
6.1685 7.9213 0.0000
6.3708 3.0899 0.0000
6.3708 3.2022 0.0000
6.3708 3.3146 0.0000
6.3708 3.4270 0.0000
6.3708 3.5393 0.0000
6.3708 3.6517 0.0000
6.3708 3.7640 0.0000
6.3708 3.8764 0.0000
6.3708 3.9888 0.0000
6.3708 4.1011 0.0000
6.3708 4.2135 0.0000
6.3708 4.3258 0.0000
6.3708 4.4382 0.0000
6.3708 4.5506 0.0000
6.3708 4.6629 0.0000
6.3708 4.7753 0.0000
6.3708 4.8876 0.0000
6.3708 5.0000 0.0000
6.3708 5.1124 0.0000
6.3708 5.2247 0.0000
6.3708 5.3371 0.0000
6.3708 5.4494 0.0000
6.3708 5.5618 0.0000
6.3708 5.6742 0.0000
6.3708 5.7865 0.0000
6.3708 5.8989 0.0000
6.3708 6.0112 0.0000
6.3708 6.1236 0.0000
6.3708 6.2360 0.0000
6.3708 6.3483 0.0000
6.3708 6.4607 0.0000
6.3708 6.5730 0.0000
6.3708 6.6854 0.0000
6.3708 6.7978 0.0000
6.3708 6.9101 0.0000
6.3708 7.0225 0.0000
6.3708 7.1348 0.0000
6.3708 7.2472 0.0000
6.3708 7.3596 0.0000
6.3708 7.4719 0.0000
6.3708 7.5843 0.0000
6.3708 7.6966 0.0000
6.3708 7.8090 0.0000
6.3708 7.9213 0.0000
6.5730 3.2022 0.0000
6.5730 3.3146 0.0000
6.5730 3.4270 0.0000
6.5730 3.5393 0.0000
6.5730 3.6517 0.0000
6.5730 3.7640 0.0000
6.5730 3.8764 0.0000
6.5730 3.9888 0.0000
6.5730 4.1011 0.0000
6.5730 4.2135 0.0000
6.5730 4.3258 0.0000
6.5730 4.4382 0.0000
6.5730 4.5506 0.0000
6.5730 4.6629 0.0000
6.5730 4.7753 0.0000
6.5730 4.8876 0.0000
6.5730 5.0000 0.0000
6.5730 5.1124 0.0000
6.5730 5.2247 0.0000
6.5730 5.3371 0.0000
6.5730 5.4494 0.0000
6.5730 5.5618 0.0000
6.5730 5.6742 0.0000
6.5730 5.7865 0.0000
6.5730 5.8989 0.0000
6.5730 6.0112 0.0000
6.5730 6.1236 0.0000
6.5730 6.2360 0.0000
6.5730 6.3483 0.0000
6.5730 6.4607 0.0000
6.5730 6.5730 0.0000
6.5730 6.6854 0.0000
6.5730 6.7978 0.0000
6.5730 6.9101 0.0000
6.5730 7.0225 0.0000
6.5730 7.1348 0.0000
6.5730 7.2472 0.0000
6.5730 7.3596 0.0000
6.5730 7.4719 0.0000
6.5730 7.5843 0.0000
6.5730 7.6966 0.0000
6.5730 7.8090 0.0000
6.5730 7.9213 0.0000
6.5730 8.0337 0.0000
6.7753 3.2022 0.0000
6.7753 3.3146 0.0000
6.7753 3.4270 0.0000
6.7753 3.5393 0.0000
6.7753 3.6517 0.0000
6.7753 3.7640 0.0000
6.7753 3.8764 0.0000
6.7753 3.9888 0.0000
6.7753 4.1011 0.0000
6.7753 4.2135 0.0000
6.7753 4.3258 0.0000
6.7753 4.4382 0.0000
6.7753 4.5506 0.0000
6.7753 4.6629 0.0000
6.7753 4.7753 0.0000
6.7753 4.8876 0.0000
6.7753 5.0000 0.0000
6.7753 5.1124 0.0000
6.7753 5.2247 0.0000
6.7753 5.3371 0.0000
6.7753 5.4494 0.0000
6.7753 5.5618 0.0000
6.7753 5.6742 0.0000
6.7753 5.7865 0.0000
6.7753 5.8989 0.0000
6.7753 6.0112 0.0000
6.7753 6.1236 0.0000
6.7753 6.2360 0.0000
6.7753 6.3483 0.0000
6.7753 6.4607 0.0000
6.7753 6.5730 0.0000
6.7753 6.6854 0.0000
6.7753 6.7978 0.0000
6.7753 6.9101 0.0000
6.7753 7.0225 0.0000
6.7753 7.1348 0.0000
6.7753 7.2472 0.0000
6.7753 7.3596 0.0000
6.7753 7.4719 0.0000
6.7753 7.5843 0.0000
6.7753 7.6966 0.0000
6.7753 7.8090 0.0000
6.7753 7.9213 0.0000
6.7753 8.0337 0.0000
6.9775 3.3146 0.0000
6.9775 3.4270 0.0000
6.9775 3.5393 0.0000
6.9775 3.6517 0.0000
6.9775 3.7640 0.0000
6.9775 3.8764 0.0000
6.9775 3.9888 0.0000
6.9775 4.1011 0.0000
6.9775 4.2135 0.0000
6.9775 4.3258 0.0000
6.9775 4.4382 0.0000
6.9775 4.5506 0.0000
6.9775 4.6629 0.0000
6.9775 4.7753 0.0000
6.9775 4.8876 0.0000
6.9775 5.0000 0.0000
6.9775 5.1124 0.0000
6.9775 5.2247 0.0000
6.9775 5.3371 0.0000
6.9775 5.4494 0.0000
6.9775 5.5618 0.0000
6.9775 5.6742 0.0000
6.9775 5.7865 0.0000
6.9775 5.8989 0.0000
6.9775 6.0112 0.0000
6.9775 6.1236 0.0000
6.9775 6.2360 0.0000
6.9775 6.3483 0.0000
6.9775 6.4607 0.0000
6.9775 6.5730 0.0000
6.9775 6.6854 0.0000
6.9775 6.7978 0.0000
6.9775 6.9101 0.0000
6.9775 7.0225 0.0000
6.9775 7.1348 0.0000
6.9775 7.2472 0.0000
6.9775 7.3596 0.0000
6.9775 7.4719 0.0000
6.9775 7.5843 0.0000
6.9775 7.6966 0.0000
6.9775 7.8090 0.0000
6.9775 7.9213 0.0000
6.9775 8.0337 0.0000
7.1798 3.4270 0.0000
7.1798 3.5393 0.0000
7.1798 3.6517 0.0000
7.1798 3.7640 0.0000
7.1798 3.8764 0.0000
7.1798 3.9888 0.0000
7.1798 4.1011 0.0000
7.1798 4.2135 0.0000
7.1798 4.3258 0.0000
7.1798 4.4382 0.0000
7.1798 4.5506 0.0000
7.1798 4.6629 0.0000
7.1798 4.7753 0.0000
7.1798 4.8876 0.0000
7.1798 5.0000 0.0000
7.1798 5.1124 0.0000
7.1798 5.2247 0.0000
7.1798 5.3371 0.0000
7.1798 5.4494 0.0000
7.1798 5.5618 0.0000
7.1798 5.6742 0.0000
7.1798 5.7865 0.0000
7.1798 5.8989 0.0000
7.1798 6.0112 0.0000
7.1798 6.1236 0.0000
7.1798 6.2360 0.0000
7.1798 6.3483 0.0000
7.1798 6.4607 0.0000
7.1798 6.5730 0.0000
7.1798 6.6854 0.0000
7.1798 6.7978 0.0000
7.1798 6.9101 0.0000
7.1798 7.0225 0.0000
7.1798 7.1348 0.0000
7.1798 7.2472 0.0000
7.1798 7.3596 0.0000
7.1798 7.4719 0.0000
7.1798 7.5843 0.0000
7.1798 7.6966 0.0000
7.1798 7.8090 0.0000
7.1798 7.9213 0.0000
7.1798 8.0337 0.0000
7.3820 3.5393 0.0000
7.3820 3.6517 0.0000
7.3820 3.7640 0.0000
7.3820 3.8764 0.0000
7.3820 3.9888 0.0000
7.3820 4.1011 0.0000
7.3820 4.2135 0.0000
7.3820 4.3258 0.0000
7.3820 4.4382 0.0000
7.3820 4.5506 0.0000
7.3820 4.6629 0.0000
7.3820 4.7753 0.0000
7.3820 4.8876 0.0000
7.3820 5.0000 0.0000
7.3820 5.1124 0.0000
7.3820 5.2247 0.0000
7.3820 5.3371 0.0000
7.3820 5.4494 0.0000
7.3820 5.5618 0.0000
7.3820 5.6742 0.0000
7.3820 5.7865 0.0000
7.3820 5.8989 0.0000
7.3820 6.0112 0.0000
7.3820 6.1236 0.0000
7.3820 6.2360 0.0000
7.3820 6.3483 0.0000
7.3820 6.4607 0.0000
7.3820 6.5730 0.0000
7.3820 6.6854 0.0000
7.3820 6.7978 0.0000
7.3820 6.9101 0.0000
7.3820 7.0225 0.0000
7.3820 7.1348 0.0000
7.3820 7.2472 0.0000
7.3820 7.3596 0.0000
7.3820 7.4719 0.0000
7.3820 7.5843 0.0000
7.3820 7.6966 0.0000
7.3820 7.8090 0.0000
7.3820 7.9213 0.0000
7.3820 8.0337 0.0000
7.3820 8.1461 0.0000
7.5843 3.6517 0.0000
7.5843 3.7640 0.0000
7.5843 3.8764 0.0000
7.5843 3.9888 0.0000
7.5843 4.1011 0.0000
7.5843 4.2135 0.0000
7.5843 4.3258 0.0000
7.5843 4.4382 0.0000
7.5843 4.5506 0.0000
7.5843 4.6629 0.0000
7.5843 4.7753 0.0000
7.5843 4.8876 0.0000
7.5843 5.0000 0.0000
7.5843 5.1124 0.0000
7.5843 5.2247 0.0000
7.5843 5.3371 0.0000
7.5843 5.4494 0.0000
7.5843 5.5618 0.0000
7.5843 5.6742 0.0000
7.5843 5.7865 0.0000
7.5843 5.8989 0.0000
7.5843 6.0112 0.0000
7.5843 6.1236 0.0000
7.5843 6.2360 0.0000
7.5843 6.3483 0.0000
7.5843 6.4607 0.0000
7.5843 6.5730 0.0000
7.5843 6.6854 0.0000
7.5843 6.7978 0.0000
7.5843 6.9101 0.0000
7.5843 7.0225 0.0000
7.5843 7.1348 0.0000
7.5843 7.2472 0.0000
7.5843 7.3596 0.0000
7.5843 7.4719 0.0000
7.5843 7.5843 0.0000
7.5843 7.6966 0.0000
7.5843 7.8090 0.0000
7.5843 7.9213 0.0000
7.5843 8.0337 0.0000
7.5843 8.1461 0.0000
7.7865 3.7640 0.0000
7.7865 3.8764 0.0000
7.7865 3.9888 0.0000
7.7865 4.1011 0.0000
7.7865 4.2135 0.0000
7.7865 4.3258 0.0000
7.7865 4.4382 0.0000
7.7865 4.5506 0.0000
7.7865 4.6629 0.0000
7.7865 4.7753 0.0000
7.7865 4.8876 0.0000
7.7865 5.0000 0.0000
7.7865 5.1124 0.0000
7.7865 5.2247 0.0000
7.7865 5.3371 0.0000
7.7865 5.4494 0.0000
7.7865 5.5618 0.0000
7.7865 5.6742 0.0000
7.7865 5.7865 0.0000
7.7865 5.8989 0.0000
7.7865 6.0112 0.0000
7.7865 6.1236 0.0000
7.7865 6.2360 0.0000
7.7865 6.3483 0.0000
7.7865 6.4607 0.0000
7.7865 6.5730 0.0000
7.7865 6.6854 0.0000
7.7865 6.7978 0.0000
7.7865 6.9101 0.0000
7.7865 7.0225 0.0000
7.7865 7.1348 0.0000
7.7865 7.2472 0.0000
7.7865 7.3596 0.0000
7.7865 7.4719 0.0000
7.7865 7.5843 0.0000
7.7865 7.6966 0.0000
7.7865 7.8090 0.0000
7.7865 7.9213 0.0000
7.7865 8.0337 0.0000
7.7865 8.1461 0.0000
7.9888 3.7640 0.0000
7.9888 3.8764 0.0000
7.9888 3.9888 0.0000
7.9888 4.1011 0.0000
7.9888 4.2135 0.0000
7.9888 4.3258 0.0000
7.9888 4.4382 0.0000
7.9888 4.5506 0.0000
7.9888 4.6629 0.0000
7.9888 4.7753 0.0000
7.9888 4.8876 0.0000
7.9888 5.0000 0.0000
7.9888 5.1124 0.0000
7.9888 5.2247 0.0000
7.9888 5.3371 0.0000
7.9888 5.4494 0.0000
7.9888 5.5618 0.0000
7.9888 5.6742 0.0000
7.9888 5.7865 0.0000
7.9888 5.8989 0.0000
7.9888 6.0112 0.0000
7.9888 6.1236 0.0000
7.9888 6.2360 0.0000
7.9888 6.3483 0.0000
7.9888 6.4607 0.0000
7.9888 6.5730 0.0000
7.9888 6.6854 0.0000
7.9888 6.7978 0.0000
7.9888 6.9101 0.0000
7.9888 7.0225 0.0000
7.9888 7.1348 0.0000
7.9888 7.2472 0.0000
7.9888 7.3596 0.0000
7.9888 7.4719 0.0000
7.9888 7.5843 0.0000
7.9888 7.6966 0.0000
7.9888 7.8090 0.0000
7.9888 7.9213 0.0000
7.9888 8.0337 0.0000
7.9888 8.1461 0.0000
8.1910 3.8764 0.0000
8.1910 3.9888 0.0000
8.1910 4.1011 0.0000
8.1910 4.2135 0.0000
8.1910 4.3258 0.0000
8.1910 4.4382 0.0000
8.1910 4.5506 0.0000
8.1910 4.6629 0.0000
8.1910 4.7753 0.0000
8.1910 4.8876 0.0000
8.1910 5.0000 0.0000
8.1910 5.1124 0.0000
8.1910 5.2247 0.0000
8.1910 5.3371 0.0000
8.1910 5.4494 0.0000
8.1910 5.5618 0.0000
8.1910 5.6742 0.0000
8.1910 5.7865 0.0000
8.1910 5.8989 0.0000
8.1910 6.0112 0.0000
8.1910 6.1236 0.0000
8.1910 6.2360 0.0000
8.1910 6.3483 0.0000
8.1910 6.4607 0.0000
8.1910 6.5730 0.0000
8.1910 6.6854 0.0000
8.1910 6.7978 0.0000
8.1910 6.9101 0.0000
8.1910 7.0225 0.0000
8.1910 7.1348 0.0000
8.1910 7.2472 0.0000
8.1910 7.3596 0.0000
8.1910 7.4719 0.0000
8.1910 7.5843 0.0000
8.1910 7.6966 0.0000
8.1910 7.8090 0.0000
8.1910 7.9213 0.0000
8.1910 8.0337 0.0000
8.1910 8.1461 0.0000
8.1910 8.2584 0.0000
8.3933 3.9888 0.0000
8.3933 4.1011 0.0000
8.3933 4.2135 0.0000
8.3933 4.3258 0.0000
8.3933 4.4382 0.0000
8.3933 4.5506 0.0000
8.3933 4.6629 0.0000
8.3933 4.7753 0.0000
8.3933 4.8876 0.0000
8.3933 5.0000 0.0000
8.3933 5.1124 0.0000
8.3933 5.2247 0.0000
8.3933 5.3371 0.0000
8.3933 5.4494 0.0000
8.3933 5.5618 0.0000
8.3933 5.6742 0.0000
8.3933 5.7865 0.0000
8.3933 5.8989 0.0000
8.3933 6.0112 0.0000
8.3933 6.1236 0.0000
8.3933 6.2360 0.0000
8.3933 6.3483 0.0000
8.3933 6.4607 0.0000
8.3933 6.5730 0.0000
8.3933 6.6854 0.0000
8.3933 6.7978 0.0000
8.3933 6.9101 0.0000
8.3933 7.0225 0.0000
8.3933 7.1348 0.0000
8.3933 7.2472 0.0000
8.3933 7.3596 0.0000
8.3933 7.4719 0.0000
8.3933 7.5843 0.0000
8.3933 7.6966 0.0000
8.3933 7.8090 0.0000
8.3933 7.9213 0.0000
8.3933 8.0337 0.0000
8.3933 8.1461 0.0000
8.3933 8.2584 0.0000
8.5955 4.1011 0.0000
8.5955 4.2135 0.0000
8.5955 4.3258 0.0000
8.5955 4.4382 0.0000
8.5955 4.5506 0.0000
8.5955 4.6629 0.0000
8.5955 4.7753 0.0000
8.5955 4.8876 0.0000
8.5955 5.0000 0.0000
8.5955 5.1124 0.0000
8.5955 5.2247 0.0000
8.5955 5.3371 0.0000
8.5955 5.4494 0.0000
8.5955 5.5618 0.0000
8.5955 5.6742 0.0000
8.5955 5.7865 0.0000
8.5955 5.8989 0.0000
8.5955 6.0112 0.0000
8.5955 6.1236 0.0000
8.5955 6.2360 0.0000
8.5955 6.3483 0.0000
8.5955 6.4607 0.0000
8.5955 6.5730 0.0000
8.5955 6.6854 0.0000
8.5955 6.7978 0.0000
8.5955 6.9101 0.0000
8.5955 7.0225 0.0000
8.5955 7.1348 0.0000
8.5955 7.2472 0.0000
8.5955 7.3596 0.0000
8.5955 7.4719 0.0000
8.5955 7.5843 0.0000
8.5955 7.6966 0.0000
8.5955 7.8090 0.0000
8.5955 7.9213 0.0000
8.5955 8.0337 0.0000
8.5955 8.1461 0.0000
8.5955 8.2584 0.0000
8.7978 4.2135 0.0000
8.7978 4.3258 0.0000
8.7978 4.4382 0.0000
8.7978 4.5506 0.0000
8.7978 4.6629 0.0000
8.7978 4.7753 0.0000
8.7978 4.8876 0.0000
8.7978 5.0000 0.0000
8.7978 5.1124 0.0000
8.7978 5.2247 0.0000
8.7978 5.3371 0.0000
8.7978 5.4494 0.0000
8.7978 5.5618 0.0000
8.7978 5.6742 0.0000
8.7978 5.7865 0.0000
8.7978 5.8989 0.0000
8.7978 6.0112 0.0000
8.7978 6.1236 0.0000
8.7978 6.2360 0.0000
8.7978 6.3483 0.0000
8.7978 6.4607 0.0000
8.7978 6.5730 0.0000
8.7978 6.6854 0.0000
8.7978 6.7978 0.0000
8.7978 6.9101 0.0000
8.7978 7.0225 0.0000
8.7978 7.1348 0.0000
8.7978 7.2472 0.0000
8.7978 7.3596 0.0000
8.7978 7.4719 0.0000
8.7978 7.5843 0.0000
8.7978 7.6966 0.0000
8.7978 7.8090 0.0000
8.7978 7.9213 0.0000
8.7978 8.0337 0.0000
8.7978 8.1461 0.0000
8.7978 8.2584 0.0000
9.0000 4.3258 0.0000
9.0000 4.4382 0.0000
9.0000 4.5506 0.0000
9.0000 4.6629 0.0000
9.0000 4.7753 0.0000
9.0000 4.8876 0.0000
9.0000 5.0000 0.0000
9.0000 5.1124 0.0000
9.0000 5.2247 0.0000
9.0000 5.3371 0.0000
9.0000 5.4494 0.0000
9.0000 5.5618 0.0000
9.0000 5.6742 0.0000
9.0000 5.7865 0.0000
9.0000 5.8989 0.0000
9.0000 6.0112 0.0000
9.0000 6.1236 0.0000
9.0000 6.2360 0.0000
9.0000 6.3483 0.0000
9.0000 6.4607 0.0000
9.0000 6.5730 0.0000
9.0000 6.6854 0.0000
9.0000 6.7978 0.0000
9.0000 6.9101 0.0000
9.0000 7.0225 0.0000
9.0000 7.1348 0.0000
9.0000 7.2472 0.0000
9.0000 7.3596 0.0000
9.0000 7.4719 0.0000
9.0000 7.5843 0.0000
9.0000 7.6966 0.0000
9.0000 7.8090 0.0000
9.0000 7.9213 0.0000
9.0000 8.0337 0.0000
9.0000 8.1461 0.0000
9.0000 8.2584 0.0000
9.2022 4.3258 0.0000
9.2022 4.4382 0.0000
9.2022 4.5506 0.0000
9.2022 4.6629 0.0000
9.2022 4.7753 0.0000
9.2022 4.8876 0.0000
9.2022 5.0000 0.0000
9.2022 5.1124 0.0000
9.2022 5.2247 0.0000
9.2022 5.3371 0.0000
9.2022 5.4494 0.0000
9.2022 5.5618 0.0000
9.2022 5.6742 0.0000
9.2022 5.7865 0.0000
9.2022 5.8989 0.0000
9.2022 6.0112 0.0000
9.2022 6.1236 0.0000
9.2022 6.2360 0.0000
9.2022 6.3483 0.0000
9.2022 6.4607 0.0000
9.2022 6.5730 0.0000
9.2022 6.6854 0.0000
9.2022 6.7978 0.0000
9.2022 6.9101 0.0000
9.2022 7.0225 0.0000
9.2022 7.1348 0.0000
9.2022 7.2472 0.0000
9.2022 7.3596 0.0000
9.2022 7.4719 0.0000
9.2022 7.5843 0.0000
9.2022 7.6966 0.0000
9.2022 7.8090 0.0000
9.2022 7.9213 0.0000
9.2022 8.0337 0.0000
9.2022 8.1461 0.0000
9.2022 8.2584 0.0000
9.2022 8.3708 0.0000
9.4045 4.4382 0.0000
9.4045 4.5506 0.0000
9.4045 4.6629 0.0000
9.4045 4.7753 0.0000
9.4045 4.8876 0.0000
9.4045 5.0000 0.0000
9.4045 5.1124 0.0000
9.4045 5.2247 0.0000
9.4045 5.3371 0.0000
9.4045 5.4494 0.0000
9.4045 5.5618 0.0000
9.4045 5.6742 0.0000
9.4045 5.7865 0.0000
9.4045 5.8989 0.0000
9.4045 6.0112 0.0000
9.4045 6.1236 0.0000
9.4045 6.2360 0.0000
9.4045 6.3483 0.0000
9.4045 6.4607 0.0000
9.4045 6.5730 0.0000
9.4045 6.6854 0.0000
9.4045 6.7978 0.0000
9.4045 6.9101 0.0000
9.4045 7.0225 0.0000
9.4045 7.1348 0.0000
9.4045 7.2472 0.0000
9.4045 7.3596 0.0000
9.4045 7.4719 0.0000
9.4045 7.5843 0.0000
9.4045 7.6966 0.0000
9.4045 7.8090 0.0000
9.4045 7.9213 0.0000
9.4045 8.0337 0.0000
9.4045 8.1461 0.0000
9.4045 8.2584 0.0000
9.4045 8.3708 0.0000
9.6067 4.5506 0.0000
9.6067 4.6629 0.0000
9.6067 4.7753 0.0000
9.6067 4.8876 0.0000
9.6067 5.0000 0.0000
9.6067 5.1124 0.0000
9.6067 5.2247 0.0000
9.6067 5.3371 0.0000
9.6067 5.4494 0.0000
9.6067 5.5618 0.0000
9.6067 5.6742 0.0000
9.6067 5.7865 0.0000
9.6067 5.8989 0.0000
9.6067 6.0112 0.0000
9.6067 6.1236 0.0000
9.6067 6.2360 0.0000
9.6067 6.3483 0.0000
9.6067 6.4607 0.0000
9.6067 6.5730 0.0000
9.6067 6.6854 0.0000
9.6067 6.7978 0.0000
9.6067 6.9101 0.0000
9.6067 7.0225 0.0000
9.6067 7.1348 0.0000
9.6067 7.2472 0.0000
9.6067 7.3596 0.0000
9.6067 7.4719 0.0000
9.6067 7.5843 0.0000
9.6067 7.6966 0.0000
9.6067 7.8090 0.0000
9.6067 7.9213 0.0000
9.6067 8.0337 0.0000
9.6067 8.1461 0.0000
9.6067 8.2584 0.0000
9.6067 8.3708 0.0000
9.8090 4.6629 0.0000
9.8090 4.7753 0.0000
9.8090 4.8876 0.0000
9.8090 5.0000 0.0000
9.8090 5.1124 0.0000
9.8090 5.2247 0.0000
9.8090 5.3371 0.0000
9.8090 5.4494 0.0000
9.8090 5.5618 0.0000
9.8090 5.6742 0.0000
9.8090 5.7865 0.0000
9.8090 5.8989 0.0000
9.8090 6.0112 0.0000
9.8090 6.1236 0.0000
9.8090 6.2360 0.0000
9.8090 6.3483 0.0000
9.8090 6.4607 0.0000
9.8090 6.5730 0.0000
9.8090 6.6854 0.0000
9.8090 6.7978 0.0000
9.8090 6.9101 0.0000
9.8090 7.0225 0.0000
9.8090 7.1348 0.0000
9.8090 7.2472 0.0000
9.8090 7.3596 0.0000
9.8090 7.4719 0.0000
9.8090 7.5843 0.0000
9.8090 7.6966 0.0000
9.8090 7.8090 0.0000
9.8090 7.9213 0.0000
9.8090 8.0337 0.0000
9.8090 8.1461 0.0000
9.8090 8.2584 0.0000
9.8090 8.3708 0.0000
10.0112 4.7753 0.0000
10.0112 4.8876 0.0000
10.0112 5.0000 0.0000
10.0112 5.1124 0.0000
10.0112 5.2247 0.0000
10.0112 5.3371 0.0000
10.0112 5.4494 0.0000
10.0112 5.5618 0.0000
10.0112 5.6742 0.0000
10.0112 5.7865 0.0000
10.0112 5.8989 0.0000
10.0112 6.0112 0.0000
10.0112 6.1236 0.0000
10.0112 6.2360 0.0000
10.0112 6.3483 0.0000
10.0112 6.4607 0.0000
10.0112 6.5730 0.0000
10.0112 6.6854 0.0000
10.0112 6.7978 0.0000
10.0112 6.9101 0.0000
10.0112 7.0225 0.0000
10.0112 7.1348 0.0000
10.0112 7.2472 0.0000
10.0112 7.3596 0.0000
10.0112 7.4719 0.0000
10.0112 7.5843 0.0000
10.0112 7.6966 0.0000
10.0112 7.8090 0.0000
10.0112 7.9213 0.0000
10.0112 8.0337 0.0000
10.0112 8.1461 0.0000
10.0112 8.2584 0.0000
10.0112 8.3708 0.0000
10.0112 8.4831 0.0000
10.2135 4.8876 0.0000
10.2135 5.0000 0.0000
10.2135 5.1124 0.0000
10.2135 5.2247 0.0000
10.2135 5.3371 0.0000
10.2135 5.4494 0.0000
10.2135 5.5618 0.0000
10.2135 5.6742 0.0000
10.2135 5.7865 0.0000
10.2135 5.8989 0.0000
10.2135 6.0112 0.0000
10.2135 6.1236 0.0000
10.2135 6.2360 0.0000
10.2135 6.3483 0.0000
10.2135 6.4607 0.0000
10.2135 6.5730 0.0000
10.2135 6.6854 0.0000
10.2135 6.7978 0.0000
10.2135 6.9101 0.0000
10.2135 7.0225 0.0000
10.2135 7.1348 0.0000
10.2135 7.2472 0.0000
10.2135 7.3596 0.0000
10.2135 7.4719 0.0000
10.2135 7.5843 0.0000
10.2135 7.6966 0.0000
10.2135 7.8090 0.0000
10.2135 7.9213 0.0000
10.2135 8.0337 0.0000
10.2135 8.1461 0.0000
10.2135 8.2584 0.0000
10.2135 8.3708 0.0000
10.2135 8.4831 0.0000
10.4157 5.0000 0.0000
10.4157 5.1124 0.0000
10.4157 5.2247 0.0000
10.4157 5.3371 0.0000
10.4157 5.4494 0.0000
10.4157 5.5618 0.0000
10.4157 5.6742 0.0000
10.4157 5.7865 0.0000
10.4157 5.8989 0.0000
10.4157 6.0112 0.0000
10.4157 6.1236 0.0000
10.4157 6.2360 0.0000
10.4157 6.3483 0.0000
10.4157 6.4607 0.0000
10.4157 6.5730 0.0000
10.4157 6.6854 0.0000
10.4157 6.7978 0.0000
10.4157 6.9101 0.0000
10.4157 7.0225 0.0000
10.4157 7.1348 0.0000
10.4157 7.2472 0.0000
10.4157 7.3596 0.0000
10.4157 7.4719 0.0000
10.4157 7.5843 0.0000
10.4157 7.6966 0.0000
10.4157 7.8090 0.0000
10.4157 7.9213 0.0000
10.4157 8.0337 0.0000
10.4157 8.1461 0.0000
10.4157 8.2584 0.0000
10.4157 8.3708 0.0000
10.4157 8.4831 0.0000
10.6180 5.0000 0.0000
10.6180 5.1124 0.0000
10.6180 5.2247 0.0000
10.6180 5.3371 0.0000
10.6180 5.4494 0.0000
10.6180 5.5618 0.0000
10.6180 5.6742 0.0000
10.6180 5.7865 0.0000
10.6180 5.8989 0.0000
10.6180 6.0112 0.0000
10.6180 6.1236 0.0000
10.6180 6.2360 0.0000
10.6180 6.3483 0.0000
10.6180 6.4607 0.0000
10.6180 6.5730 0.0000
10.6180 6.6854 0.0000
10.6180 6.7978 0.0000
10.6180 6.9101 0.0000
10.6180 7.0225 0.0000
10.6180 7.1348 0.0000
10.6180 7.2472 0.0000
10.6180 7.3596 0.0000
10.6180 7.4719 0.0000
10.6180 7.5843 0.0000
10.6180 7.6966 0.0000
10.6180 7.8090 0.0000
10.6180 7.9213 0.0000
10.6180 8.0337 0.0000
10.6180 8.1461 0.0000
10.6180 8.2584 0.0000
10.6180 8.3708 0.0000
10.6180 8.4831 0.0000
10.8202 5.1124 0.0000
10.8202 5.2247 0.0000
10.8202 5.3371 0.0000
10.8202 5.4494 0.0000
10.8202 5.5618 0.0000
10.8202 5.6742 0.0000
10.8202 5.7865 0.0000
10.8202 5.8989 0.0000
10.8202 6.0112 0.0000
10.8202 6.1236 0.0000
10.8202 6.2360 0.0000
10.8202 6.3483 0.0000
10.8202 6.4607 0.0000
10.8202 6.5730 0.0000
10.8202 6.6854 0.0000
10.8202 6.7978 0.0000
10.8202 6.9101 0.0000
10.8202 7.0225 0.0000
10.8202 7.1348 0.0000
10.8202 7.2472 0.0000
10.8202 7.3596 0.0000
10.8202 7.4719 0.0000
10.8202 7.5843 0.0000
10.8202 7.6966 0.0000
10.8202 7.8090 0.0000
10.8202 7.9213 0.0000
10.8202 8.0337 0.0000
10.8202 8.1461 0.0000
10.8202 8.2584 0.0000
10.8202 8.3708 0.0000
10.8202 8.4831 0.0000
10.8202 8.5955 0.0000
11.0225 5.2247 0.0000
11.0225 5.3371 0.0000
11.0225 5.4494 0.0000
11.0225 5.5618 0.0000
11.0225 5.6742 0.0000
11.0225 5.7865 0.0000
11.0225 5.8989 0.0000
11.0225 6.0112 0.0000
11.0225 6.1236 0.0000
11.0225 6.2360 0.0000
11.0225 6.3483 0.0000
11.0225 6.4607 0.0000
11.0225 6.5730 0.0000
11.0225 6.6854 0.0000
11.0225 6.7978 0.0000
11.0225 6.9101 0.0000
11.0225 7.0225 0.0000
11.0225 7.1348 0.0000
11.0225 7.2472 0.0000
11.0225 7.3596 0.0000
11.0225 7.4719 0.0000
11.0225 7.5843 0.0000
11.0225 7.6966 0.0000
11.0225 7.8090 0.0000
11.0225 7.9213 0.0000
11.0225 8.0337 0.0000
11.0225 8.1461 0.0000
11.0225 8.2584 0.0000
11.0225 8.3708 0.0000
11.0225 8.4831 0.0000
11.0225 8.5955 0.0000
11.2247 5.3371 0.0000
11.2247 5.4494 0.0000
11.2247 5.5618 0.0000
11.2247 5.6742 0.0000
11.2247 5.7865 0.0000
11.2247 5.8989 0.0000
11.2247 6.0112 0.0000
11.2247 6.1236 0.0000
11.2247 6.2360 0.0000
11.2247 6.3483 0.0000
11.2247 6.4607 0.0000
11.2247 6.5730 0.0000
11.2247 6.6854 0.0000
11.2247 6.7978 0.0000
11.2247 6.9101 0.0000
11.2247 7.0225 0.0000
11.2247 7.1348 0.0000
11.2247 7.2472 0.0000
11.2247 7.3596 0.0000
11.2247 7.4719 0.0000
11.2247 7.5843 0.0000
11.2247 7.6966 0.0000
11.2247 7.8090 0.0000
11.2247 7.9213 0.0000
11.2247 8.0337 0.0000
11.2247 8.1461 0.0000
11.2247 8.2584 0.0000
11.2247 8.3708 0.0000
11.2247 8.4831 0.0000
11.2247 8.5955 0.0000
11.4270 5.4494 0.0000
11.4270 5.5618 0.0000
11.4270 5.6742 0.0000
11.4270 5.7865 0.0000
11.4270 5.8989 0.0000
11.4270 6.0112 0.0000
11.4270 6.1236 0.0000
11.4270 6.2360 0.0000
11.4270 6.3483 0.0000
11.4270 6.4607 0.0000
11.4270 6.5730 0.0000
11.4270 6.6854 0.0000
11.4270 6.7978 0.0000
11.4270 6.9101 0.0000
11.4270 7.0225 0.0000
11.4270 7.1348 0.0000
11.4270 7.2472 0.0000
11.4270 7.3596 0.0000
11.4270 7.4719 0.0000
11.4270 7.5843 0.0000
11.4270 7.6966 0.0000
11.4270 7.8090 0.0000
11.4270 7.9213 0.0000
11.4270 8.0337 0.0000
11.4270 8.1461 0.0000
11.4270 8.2584 0.0000
11.4270 8.3708 0.0000
11.4270 8.4831 0.0000
11.4270 8.5955 0.0000
11.6292 5.5618 0.0000
11.6292 5.6742 0.0000
11.6292 5.7865 0.0000
11.6292 5.8989 0.0000
11.6292 6.0112 0.0000
11.6292 6.1236 0.0000
11.6292 6.2360 0.0000
11.6292 6.3483 0.0000
11.6292 6.4607 0.0000
11.6292 6.5730 0.0000
11.6292 6.6854 0.0000
11.6292 6.7978 0.0000
11.6292 6.9101 0.0000
11.6292 7.0225 0.0000
11.6292 7.1348 0.0000
11.6292 7.2472 0.0000
11.6292 7.3596 0.0000
11.6292 7.4719 0.0000
11.6292 7.5843 0.0000
11.6292 7.6966 0.0000
11.6292 7.8090 0.0000
11.6292 7.9213 0.0000
11.6292 8.0337 0.0000
11.6292 8.1461 0.0000
11.6292 8.2584 0.0000
11.6292 8.3708 0.0000
11.6292 8.4831 0.0000
11.6292 8.5955 0.0000
11.6292 8.7079 0.0000
11.8315 5.5618 0.0000
11.8315 5.6742 0.0000
11.8315 5.7865 0.0000
11.8315 5.8989 0.0000
11.8315 6.0112 0.0000
11.8315 6.1236 0.0000
11.8315 6.2360 0.0000
11.8315 6.3483 0.0000
11.8315 6.4607 0.0000
11.8315 6.5730 0.0000
11.8315 6.6854 0.0000
11.8315 6.7978 0.0000
11.8315 6.9101 0.0000
11.8315 7.0225 0.0000
11.8315 7.1348 0.0000
11.8315 7.2472 0.0000
11.8315 7.3596 0.0000
11.8315 7.4719 0.0000
11.8315 7.5843 0.0000
11.8315 7.6966 0.0000
11.8315 7.8090 0.0000
11.8315 7.9213 0.0000
11.8315 8.0337 0.0000
11.8315 8.1461 0.0000
11.8315 8.2584 0.0000
11.8315 8.3708 0.0000
11.8315 8.4831 0.0000
11.8315 8.5955 0.0000
11.8315 8.7079 0.0000
12.0337 5.6742 0.0000
12.0337 5.7865 0.0000
12.0337 5.8989 0.0000
12.0337 6.0112 0.0000
12.0337 6.1236 0.0000
12.0337 6.2360 0.0000
12.0337 6.3483 0.0000
12.0337 6.4607 0.0000
12.0337 6.5730 0.0000
12.0337 6.6854 0.0000
12.0337 6.7978 0.0000
12.0337 6.9101 0.0000
12.0337 7.0225 0.0000
12.0337 7.1348 0.0000
12.0337 7.2472 0.0000
12.0337 7.3596 0.0000
12.0337 7.4719 0.0000
12.0337 7.5843 0.0000
12.0337 7.6966 0.0000
12.0337 7.8090 0.0000
12.0337 7.9213 0.0000
12.0337 8.0337 0.0000
12.0337 8.1461 0.0000
12.0337 8.2584 0.0000
12.0337 8.3708 0.0000
12.0337 8.4831 0.0000
12.0337 8.5955 0.0000
12.0337 8.7079 0.0000
12.2360 5.7865 0.0000
12.2360 5.8989 0.0000
12.2360 6.0112 0.0000
12.2360 6.1236 0.0000
12.2360 6.2360 0.0000
12.2360 6.3483 0.0000
12.2360 6.4607 0.0000
12.2360 6.5730 0.0000
12.2360 6.6854 0.0000
12.2360 6.7978 0.0000
12.2360 6.9101 0.0000
12.2360 7.0225 0.0000
12.2360 7.1348 0.0000
12.2360 7.2472 0.0000
12.2360 7.3596 0.0000
12.2360 7.4719 0.0000
12.2360 7.5843 0.0000
12.2360 7.6966 0.0000
12.2360 7.8090 0.0000
12.2360 7.9213 0.0000
12.2360 8.0337 0.0000
12.2360 8.1461 0.0000
12.2360 8.2584 0.0000
12.2360 8.3708 0.0000
12.2360 8.4831 0.0000
12.2360 8.5955 0.0000
12.2360 8.7079 0.0000
12.4382 5.8989 0.0000
12.4382 6.0112 0.0000
12.4382 6.1236 0.0000
12.4382 6.2360 0.0000
12.4382 6.3483 0.0000
12.4382 6.4607 0.0000
12.4382 6.5730 0.0000
12.4382 6.6854 0.0000
12.4382 6.7978 0.0000
12.4382 6.9101 0.0000
12.4382 7.0225 0.0000
12.4382 7.1348 0.0000
12.4382 7.2472 0.0000
12.4382 7.3596 0.0000
12.4382 7.4719 0.0000
12.4382 7.5843 0.0000
12.4382 7.6966 0.0000
12.4382 7.8090 0.0000
12.4382 7.9213 0.0000
12.4382 8.0337 0.0000
12.4382 8.1461 0.0000
12.4382 8.2584 0.0000
12.4382 8.3708 0.0000
12.4382 8.4831 0.0000
12.4382 8.5955 0.0000
12.4382 8.7079 0.0000
12.6404 6.0112 0.0000
12.6404 6.1236 0.0000
12.6404 6.2360 0.0000
12.6404 6.3483 0.0000
12.6404 6.4607 0.0000
12.6404 6.5730 0.0000
12.6404 6.6854 0.0000
12.6404 6.7978 0.0000
12.6404 6.9101 0.0000
12.6404 7.0225 0.0000
12.6404 7.1348 0.0000
12.6404 7.2472 0.0000
12.6404 7.3596 0.0000
12.6404 7.4719 0.0000
12.6404 7.5843 0.0000
12.6404 7.6966 0.0000
12.6404 7.8090 0.0000
12.6404 7.9213 0.0000
12.6404 8.0337 0.0000
12.6404 8.1461 0.0000
12.6404 8.2584 0.0000
12.6404 8.3708 0.0000
12.6404 8.4831 0.0000
12.6404 8.5955 0.0000
12.6404 8.7079 0.0000
12.6404 8.8202 0.0000
12.8427 6.1236 0.0000
12.8427 6.2360 0.0000
12.8427 6.3483 0.0000
12.8427 6.4607 0.0000
12.8427 6.5730 0.0000
12.8427 6.6854 0.0000
12.8427 6.7978 0.0000
12.8427 6.9101 0.0000
12.8427 7.0225 0.0000
12.8427 7.1348 0.0000
12.8427 7.2472 0.0000
12.8427 7.3596 0.0000
12.8427 7.4719 0.0000
12.8427 7.5843 0.0000
12.8427 7.6966 0.0000
12.8427 7.8090 0.0000
12.8427 7.9213 0.0000
12.8427 8.0337 0.0000
12.8427 8.1461 0.0000
12.8427 8.2584 0.0000
12.8427 8.3708 0.0000
12.8427 8.4831 0.0000
12.8427 8.5955 0.0000
12.8427 8.7079 0.0000
12.8427 8.8202 0.0000
13.0449 6.1236 0.0000
13.0449 6.2360 0.0000
13.0449 6.3483 0.0000
13.0449 6.4607 0.0000
13.0449 6.5730 0.0000
13.0449 6.6854 0.0000
13.0449 6.7978 0.0000
13.0449 6.9101 0.0000
13.0449 7.0225 0.0000
13.0449 7.1348 0.0000
13.0449 7.2472 0.0000
13.0449 7.3596 0.0000
13.0449 7.4719 0.0000
13.0449 7.5843 0.0000
13.0449 7.6966 0.0000
13.0449 7.8090 0.0000
13.0449 7.9213 0.0000
13.0449 8.0337 0.0000
13.0449 8.1461 0.0000
13.0449 8.2584 0.0000
13.0449 8.3708 0.0000
13.0449 8.4831 0.0000
13.0449 8.5955 0.0000
13.0449 8.7079 0.0000
13.0449 8.8202 0.0000
13.2472 6.2360 0.0000
13.2472 6.3483 0.0000
13.2472 6.4607 0.0000
13.2472 6.5730 0.0000
13.2472 6.6854 0.0000
13.2472 6.7978 0.0000
13.2472 6.9101 0.0000
13.2472 7.0225 0.0000
13.2472 7.1348 0.0000
13.2472 7.2472 0.0000
13.2472 7.3596 0.0000
13.2472 7.4719 0.0000
13.2472 7.5843 0.0000
13.2472 7.6966 0.0000
13.2472 7.8090 0.0000
13.2472 7.9213 0.0000
13.2472 8.0337 0.0000
13.2472 8.1461 0.0000
13.2472 8.2584 0.0000
13.2472 8.3708 0.0000
13.2472 8.4831 0.0000
13.2472 8.5955 0.0000
13.2472 8.7079 0.0000
13.2472 8.8202 0.0000
13.4494 6.3483 0.0000
13.4494 6.4607 0.0000
13.4494 6.5730 0.0000
13.4494 6.6854 0.0000
13.4494 6.7978 0.0000
13.4494 6.9101 0.0000
13.4494 7.0225 0.0000
13.4494 7.1348 0.0000
13.4494 7.2472 0.0000
13.4494 7.3596 0.0000
13.4494 7.4719 0.0000
13.4494 7.5843 0.0000
13.4494 7.6966 0.0000
13.4494 7.8090 0.0000
13.4494 7.9213 0.0000
13.4494 8.0337 0.0000
13.4494 8.1461 0.0000
13.4494 8.2584 0.0000
13.4494 8.3708 0.0000
13.4494 8.4831 0.0000
13.4494 8.5955 0.0000
13.4494 8.7079 0.0000
13.4494 8.8202 0.0000
13.4494 8.9326 0.0000
13.6517 6.4607 0.0000
13.6517 6.5730 0.0000
13.6517 6.6854 0.0000
13.6517 6.7978 0.0000
13.6517 6.9101 0.0000
13.6517 7.0225 0.0000
13.6517 7.1348 0.0000
13.6517 7.2472 0.0000
13.6517 7.3596 0.0000
13.6517 7.4719 0.0000
13.6517 7.5843 0.0000
13.6517 7.6966 0.0000
13.6517 7.8090 0.0000
13.6517 7.9213 0.0000
13.6517 8.0337 0.0000
13.6517 8.1461 0.0000
13.6517 8.2584 0.0000
13.6517 8.3708 0.0000
13.6517 8.4831 0.0000
13.6517 8.5955 0.0000
13.6517 8.7079 0.0000
13.6517 8.8202 0.0000
13.6517 8.9326 0.0000
13.8539 6.5730 0.0000
13.8539 6.6854 0.0000
13.8539 6.7978 0.0000
13.8539 6.9101 0.0000
13.8539 7.0225 0.0000
13.8539 7.1348 0.0000
13.8539 7.2472 0.0000
13.8539 7.3596 0.0000
13.8539 7.4719 0.0000
13.8539 7.5843 0.0000
13.8539 7.6966 0.0000
13.8539 7.8090 0.0000
13.8539 7.9213 0.0000
13.8539 8.0337 0.0000
13.8539 8.1461 0.0000
13.8539 8.2584 0.0000
13.8539 8.3708 0.0000
13.8539 8.4831 0.0000
13.8539 8.5955 0.0000
13.8539 8.7079 0.0000
13.8539 8.8202 0.0000
13.8539 8.9326 0.0000
14.0562 6.6854 0.0000
14.0562 6.7978 0.0000
14.0562 6.9101 0.0000
14.0562 7.0225 0.0000
14.0562 7.1348 0.0000
14.0562 7.2472 0.0000
14.0562 7.3596 0.0000
14.0562 7.4719 0.0000
14.0562 7.5843 0.0000
14.0562 7.6966 0.0000
14.0562 7.8090 0.0000
14.0562 7.9213 0.0000
14.0562 8.0337 0.0000
14.0562 8.1461 0.0000
14.0562 8.2584 0.0000
14.0562 8.3708 0.0000
14.0562 8.4831 0.0000
14.0562 8.5955 0.0000
14.0562 8.7079 0.0000
14.0562 8.8202 0.0000
14.0562 8.9326 0.0000
14.2584 6.6854 0.0000
14.2584 6.7978 0.0000
14.2584 6.9101 0.0000
14.2584 7.0225 0.0000
14.2584 7.1348 0.0000
14.2584 7.2472 0.0000
14.2584 7.3596 0.0000
14.2584 7.4719 0.0000
14.2584 7.5843 0.0000
14.2584 7.6966 0.0000
14.2584 7.8090 0.0000
14.2584 7.9213 0.0000
14.2584 8.0337 0.0000
14.2584 8.1461 0.0000
14.2584 8.2584 0.0000
14.2584 8.3708 0.0000
14.2584 8.4831 0.0000
14.2584 8.5955 0.0000
14.2584 8.7079 0.0000
14.2584 8.8202 0.0000
14.2584 8.9326 0.0000
14.2584 9.0449 0.0000
14.4607 6.7978 0.0000
14.4607 6.9101 0.0000
14.4607 7.0225 0.0000
14.4607 7.1348 0.0000
14.4607 7.2472 0.0000
14.4607 7.3596 0.0000
14.4607 7.4719 0.0000
14.4607 7.5843 0.0000
14.4607 7.6966 0.0000
14.4607 7.8090 0.0000
14.4607 7.9213 0.0000
14.4607 8.0337 0.0000
14.4607 8.1461 0.0000
14.4607 8.2584 0.0000
14.4607 8.3708 0.0000
14.4607 8.4831 0.0000
14.4607 8.5955 0.0000
14.4607 8.7079 0.0000
14.4607 8.8202 0.0000
14.4607 8.9326 0.0000
14.4607 9.0449 0.0000
14.6629 6.9101 0.0000
14.6629 7.0225 0.0000
14.6629 7.1348 0.0000
14.6629 7.2472 0.0000
14.6629 7.3596 0.0000
14.6629 7.4719 0.0000
14.6629 7.5843 0.0000
14.6629 7.6966 0.0000
14.6629 7.8090 0.0000
14.6629 7.9213 0.0000
14.6629 8.0337 0.0000
14.6629 8.1461 0.0000
14.6629 8.2584 0.0000
14.6629 8.3708 0.0000
14.6629 8.4831 0.0000
14.6629 8.5955 0.0000
14.6629 8.7079 0.0000
14.6629 8.8202 0.0000
14.6629 8.9326 0.0000
14.6629 9.0449 0.0000
14.8652 7.0225 0.0000
14.8652 7.1348 0.0000
14.8652 7.2472 0.0000
14.8652 7.3596 0.0000
14.8652 7.4719 0.0000
14.8652 7.5843 0.0000
14.8652 7.6966 0.0000
14.8652 7.8090 0.0000
14.8652 7.9213 0.0000
14.8652 8.0337 0.0000
14.8652 8.1461 0.0000
14.8652 8.2584 0.0000
14.8652 8.3708 0.0000
14.8652 8.4831 0.0000
14.8652 8.5955 0.0000
14.8652 8.7079 0.0000
14.8652 8.8202 0.0000
14.8652 8.9326 0.0000
14.8652 9.0449 0.0000
15.0674 7.1348 0.0000
15.0674 7.2472 0.0000
15.0674 7.3596 0.0000
15.0674 7.4719 0.0000
15.0674 7.5843 0.0000
15.0674 7.6966 0.0000
15.0674 7.8090 0.0000
15.0674 7.9213 0.0000
15.0674 8.0337 0.0000
15.0674 8.1461 0.0000
15.0674 8.2584 0.0000
15.0674 8.3708 0.0000
15.0674 8.4831 0.0000
15.0674 8.5955 0.0000
15.0674 8.7079 0.0000
15.0674 8.8202 0.0000
15.0674 8.9326 0.0000
15.0674 9.0449 0.0000
15.0674 9.1573 0.0000
15.2697 7.2472 0.0000
15.2697 7.3596 0.0000
15.2697 7.4719 0.0000
15.2697 7.5843 0.0000
15.2697 7.6966 0.0000
15.2697 7.8090 0.0000
15.2697 7.9213 0.0000
15.2697 8.0337 0.0000
15.2697 8.1461 0.0000
15.2697 8.2584 0.0000
15.2697 8.3708 0.0000
15.2697 8.4831 0.0000
15.2697 8.5955 0.0000
15.2697 8.7079 0.0000
15.2697 8.8202 0.0000
15.2697 8.9326 0.0000
15.2697 9.0449 0.0000
15.2697 9.1573 0.0000
15.4719 7.2472 0.0000
15.4719 7.3596 0.0000
15.4719 7.4719 0.0000
15.4719 7.5843 0.0000
15.4719 7.6966 0.0000
15.4719 7.8090 0.0000
15.4719 7.9213 0.0000
15.4719 8.0337 0.0000
15.4719 8.1461 0.0000
15.4719 8.2584 0.0000
15.4719 8.3708 0.0000
15.4719 8.4831 0.0000
15.4719 8.5955 0.0000
15.4719 8.7079 0.0000
15.4719 8.8202 0.0000
15.4719 8.9326 0.0000
15.4719 9.0449 0.0000
15.4719 9.1573 0.0000
15.6742 7.3596 0.0000
15.6742 7.4719 0.0000
15.6742 7.5843 0.0000
15.6742 7.6966 0.0000
15.6742 7.8090 0.0000
15.6742 7.9213 0.0000
15.6742 8.0337 0.0000
15.6742 8.1461 0.0000
15.6742 8.2584 0.0000
15.6742 8.3708 0.0000
15.6742 8.4831 0.0000
15.6742 8.5955 0.0000
15.6742 8.7079 0.0000
15.6742 8.8202 0.0000
15.6742 8.9326 0.0000
15.6742 9.0449 0.0000
15.6742 9.1573 0.0000
15.8764 7.4719 0.0000
15.8764 7.5843 0.0000
15.8764 7.6966 0.0000
15.8764 7.8090 0.0000
15.8764 7.9213 0.0000
15.8764 8.0337 0.0000
15.8764 8.1461 0.0000
15.8764 8.2584 0.0000
15.8764 8.3708 0.0000
15.8764 8.4831 0.0000
15.8764 8.5955 0.0000
15.8764 8.7079 0.0000
15.8764 8.8202 0.0000
15.8764 8.9326 0.0000
15.8764 9.0449 0.0000
15.8764 9.1573 0.0000
16.0787 7.5843 0.0000
16.0787 7.6966 0.0000
16.0787 7.8090 0.0000
16.0787 7.9213 0.0000
16.0787 8.0337 0.0000
16.0787 8.1461 0.0000
16.0787 8.2584 0.0000
16.0787 8.3708 0.0000
16.0787 8.4831 0.0000
16.0787 8.5955 0.0000
16.0787 8.7079 0.0000
16.0787 8.8202 0.0000
16.0787 8.9326 0.0000
16.0787 9.0449 0.0000
16.0787 9.1573 0.0000
16.0787 9.2697 0.0000
16.2809 7.6966 0.0000
16.2809 7.8090 0.0000
16.2809 7.9213 0.0000
16.2809 8.0337 0.0000
16.2809 8.1461 0.0000
16.2809 8.2584 0.0000
16.2809 8.3708 0.0000
16.2809 8.4831 0.0000
16.2809 8.5955 0.0000
16.2809 8.7079 0.0000
16.2809 8.8202 0.0000
16.2809 8.9326 0.0000
16.2809 9.0449 0.0000
16.2809 9.1573 0.0000
16.2809 9.2697 0.0000
16.4831 7.8090 0.0000
16.4831 7.9213 0.0000
16.4831 8.0337 0.0000
16.4831 8.1461 0.0000
16.4831 8.2584 0.0000
16.4831 8.3708 0.0000
16.4831 8.4831 0.0000
16.4831 8.5955 0.0000
16.4831 8.7079 0.0000
16.4831 8.8202 0.0000
16.4831 8.9326 0.0000
16.4831 9.0449 0.0000
16.4831 9.1573 0.0000
16.4831 9.2697 0.0000
16.6854 7.9213 0.0000
16.6854 8.0337 0.0000
16.6854 8.1461 0.0000
16.6854 8.2584 0.0000
16.6854 8.3708 0.0000
16.6854 8.4831 0.0000
16.6854 8.5955 0.0000
16.6854 8.7079 0.0000
16.6854 8.8202 0.0000
16.6854 8.9326 0.0000
16.6854 9.0449 0.0000
16.6854 9.1573 0.0000
16.6854 9.2697 0.0000
16.8876 7.9213 0.0000
16.8876 8.0337 0.0000
16.8876 8.1461 0.0000
16.8876 8.2584 0.0000
16.8876 8.3708 0.0000
16.8876 8.4831 0.0000
16.8876 8.5955 0.0000
16.8876 8.7079 0.0000
16.8876 8.8202 0.0000
16.8876 8.9326 0.0000
16.8876 9.0449 0.0000
16.8876 9.1573 0.0000
16.8876 9.2697 0.0000
16.8876 9.3820 0.0000
17.0899 8.0337 0.0000
17.0899 8.1461 0.0000
17.0899 8.2584 0.0000
17.0899 8.3708 0.0000
17.0899 8.4831 0.0000
17.0899 8.5955 0.0000
17.0899 8.7079 0.0000
17.0899 8.8202 0.0000
17.0899 8.9326 0.0000
17.0899 9.0449 0.0000
17.0899 9.1573 0.0000
17.0899 9.2697 0.0000
17.0899 9.3820 0.0000
17.2921 8.1461 0.0000
17.2921 8.2584 0.0000
17.2921 8.3708 0.0000
17.2921 8.4831 0.0000
17.2921 8.5955 0.0000
17.2921 8.7079 0.0000
17.2921 8.8202 0.0000
17.2921 8.9326 0.0000
17.2921 9.0449 0.0000
17.2921 9.1573 0.0000
17.2921 9.2697 0.0000
17.2921 9.3820 0.0000
17.4944 8.2584 0.0000
17.4944 8.3708 0.0000
17.4944 8.4831 0.0000
17.4944 8.5955 0.0000
17.4944 8.7079 0.0000
17.4944 8.8202 0.0000
17.4944 8.9326 0.0000
17.4944 9.0449 0.0000
17.4944 9.1573 0.0000
17.4944 9.2697 0.0000
17.4944 9.3820 0.0000
17.6966 8.3708 0.0000
17.6966 8.4831 0.0000
17.6966 8.5955 0.0000
17.6966 8.7079 0.0000
17.6966 8.8202 0.0000
17.6966 8.9326 0.0000
17.6966 9.0449 0.0000
17.6966 9.1573 0.0000
17.6966 9.2697 0.0000
17.6966 9.3820 0.0000
17.6966 9.4944 0.0000
17.8989 8.4831 0.0000
17.8989 8.5955 0.0000
17.8989 8.7079 0.0000
17.8989 8.8202 0.0000
17.8989 8.9326 0.0000
17.8989 9.0449 0.0000
17.8989 9.1573 0.0000
17.8989 9.2697 0.0000
17.8989 9.3820 0.0000
17.8989 9.4944 0.0000
0.1011 7.1348 0.0000
1.5169 0.7303 0.0000
5.3596 2.5281 0.0000
6.5730 3.0899 0.0000
10.4157 4.8876 0.0000
11.6292 5.4494 0.0000
16.6854 7.8090 0.0000
0.1011 7.0225 0.0000
0.3034 7.2472 0.0000
1.1124 7.3596 0.0000
1.9213 7.4719 0.0000
2.9326 7.5843 0.0000
3.7416 7.6966 0.0000
4.5506 7.8090 0.0000
5.3596 7.9213 0.0000
6.3708 8.0337 0.0000
7.1798 8.1461 0.0000
7.9888 8.2584 0.0000
9.0000 8.3708 0.0000
9.8090 8.4831 0.0000
10.6180 8.5955 0.0000
11.4270 8.7079 0.0000
12.4382 8.8202 0.0000
13.2472 8.9326 0.0000
14.0562 9.0449 0.0000
14.8652 9.1573 0.0000
15.8764 9.2697 0.0000
16.6854 9.3820 0.0000
17.4944 9.4944 0.0000
0.1011 7.2472 0.0000
0.7079 7.3596 0.0000
0.9101 7.3596 0.0000
1.7191 7.4719 0.0000
2.5281 7.5843 0.0000
2.7303 7.5843 0.0000
3.3371 7.6966 0.0000
3.5393 7.6966 0.0000
4.3483 7.8090 0.0000
5.1573 7.9213 0.0000
5.9663 8.0337 0.0000
6.1685 8.0337 0.0000
6.7753 8.1461 0.0000
6.9775 8.1461 0.0000
7.7865 8.2584 0.0000
8.5955 8.3708 0.0000
8.7978 8.3708 0.0000
9.4045 8.4831 0.0000
9.6067 8.4831 0.0000
10.2135 8.5955 0.0000
10.4157 8.5955 0.0000
11.2247 8.7079 0.0000
12.0337 8.8202 0.0000
12.2360 8.8202 0.0000
12.8427 8.9326 0.0000
13.0449 8.9326 0.0000
13.6517 9.0449 0.0000
13.8539 9.0449 0.0000
14.6629 9.1573 0.0000
15.4719 9.2697 0.0000
15.6742 9.2697 0.0000
16.2809 9.3820 0.0000
16.4831 9.3820 0.0000
17.2921 9.4944 0.0000
17.8989 9.6067 0.0000
0.0000 0.0295 0.0000
0.0786 0.0687 0.0000
0.0000 7.0511 0.0000
0.0000 7.0856 0.0000
0.0020 7.0787 0.0000
0.0035 7.0767 0.0000
0.0029 7.0802 0.0000
0.0000 7.2476 0.0000
0.0453 7.2782 0.0000
0.2022 0.1064 0.0000
0.2136 0.1124 0.0000
0.1715 0.0953 0.0000
0.2071 0.1096 0.0000
0.2022 7.2935 0.0000
0.2750 7.3034 0.0000
0.1792 7.2906 0.0000
0.2163 7.2956 0.0000
0.4045 0.2126 0.0000
0.3067 0.1667 0.0000
0.4307 0.2247 0.0000
0.4165 0.2180 0.0000
0.4045 7.3208 0.0000
0.3790 7.3175 0.0000
0.4454 7.3261 0.0000
0.6067 0.3055 0.0000
0.5273 0.2689 0.0000
0.6744 0.3371 0.0000
0.6376 0.3199 0.0000
0.6067 7.3469 0.0000
0.5432 7.3387 0.0000
0.7070 7.3601 0.0000
0.8090 0.4001 0.0000
0.7475 0.3713 0.0000
0.9149 0.4494 0.0000
0.8573 0.4226 0.0000
0.8090 7.3733 0.0000
0.7093 7.3604 0.0000
0.8708 7.3814 0.0000
1.0112 0.4944 0.0000
0.9672 0.4739 0.0000
1.1558 0.5618 0.0000
1.0772 0.5251 0.0000
1.0112 7.3997 0.0000
1.1347 7.4157 0.0000
0.9734 7.3947 0.0000
1.0347 7.4027 0.0000
1.2135 0.5887 0.0000
1.1872 0.5764 0.0000
1.3968 0.6742 0.0000
1.2971 0.6277 0.0000
1.2135 7.4260 0.0000
1.1985 7.4240 0.0000
1.2376 7.4291 0.0000
1.4157 0.6830 0.0000
1.4071 0.6790 0.0000
1.5147 0.7291 0.0000
1.4157 7.4523 0.0000
1.3624 7.4454 0.0000
1.5017 7.4635 0.0000
1.6180 0.7773 0.0000
1.5170 0.7302 0.0000
1.6377 0.7865 0.0000
1.6270 0.7815 0.0000
1.6180 7.4786 0.0000
1.5262 7.4667 0.0000
1.6901 7.4880 0.0000
1.8202 0.8716 0.0000
1.7370 0.8328 0.0000
1.8787 0.8989 0.0000
1.8469 0.8841 0.0000
1.8202 7.5050 0.0000
1.9977 7.5281 0.0000
1.7659 7.4979 0.0000
1.8539 7.5094 0.0000
2.0225 0.9659 0.0000
1.9569 0.9353 0.0000
2.1197 1.0112 0.0000
2.0668 0.9866 0.0000
2.0225 7.5313 0.0000
2.0178 7.5307 0.0000
2.0300 7.5323 0.0000
2.2247 1.0602 0.0000
2.1768 1.0379 0.0000
2.3606 1.1236 0.0000
2.2867 1.0891 0.0000
2.2247 7.5576 0.0000
2.1816 7.5520 0.0000
2.2942 7.5667 0.0000
2.4270 1.1545 0.0000
2.3967 1.1404 0.0000
2.6016 1.2360 0.0000
2.5066 1.1917 0.0000
2.4270 7.5840 0.0000
2.3455 7.5734 0.0000
2.5093 7.5947 0.0000
2.6292 1.2488 0.0000
2.6166 1.2430 0.0000
2.7266 1.2942 0.0000
2.6292 7.6103 0.0000
2.5583 7.6011 0.0000
2.6732 7.6160 0.0000
2.8315 1.3432 0.0000
2.8425 1.3483 0.0000
2.7737 1.3162 0.0000
2.8365 1.3455 0.0000
2.8315 7.6366 0.0000
2.8607 7.6404 0.0000
2.8225 7.6355 0.0000
2.8370 7.6374 0.0000
3.0337 1.4375 0.0000
2.9465 1.3968 0.0000
3.0835 1.4607 0.0000
3.0564 1.4481 0.0000
3.0337 7.6630 0.0000
3.0009 7.6587 0.0000
3.0867 7.6699 0.0000
3.2360 1.5318 0.0000
3.1664 1.4993 0.0000
3.3244 1.5730 0.0000
3.2763 1.5506 0.0000
3.2360 7.6893 0.0000
3.1647 7.6800 0.0000
3.3286 7.7014 0.0000
3.4382 1.6261 0.0000
3.3863 1.6019 0.0000
3.5654 1.6854 0.0000
3.4962 1.6531 0.0000
3.4382 7.7156 0.0000
3.3508 7.7043 0.0000
3.4924 7.7227 0.0000
3.6404 1.7204 0.0000
3.6062 1.7044 0.0000
3.8063 1.7978 0.0000
3.7162 1.7557 0.0000
3.6404 7.7420 0.0000
3.7237 7.7528 0.0000
3.6150 7.7386 0.0000
3.6563 7.7440 0.0000
3.8427 1.8147 0.0000
3.8261 1.8070 0.0000
3.9361 1.8582 0.0000
3.8427 7.7683 0.0000
3.8201 7.7654 0.0000
3.8791 7.7730 0.0000
4.0449 1.9090 0.0000
4.0473 1.9101 0.0000
4.0326 1.9033 0.0000
4.0460 1.9095 0.0000
4.0449 7.7946 0.0000
3.9840 7.7867 0.0000
4.1433 7.8074 0.0000
4.2472 2.0033 0.0000
4.1560 1.9608 0.0000
4.2883 2.0225 0.0000
4.2659 2.0121 0.0000
4.2472 7.8210 0.0000
4.1478 7.8080 0.0000
4.3117 7.8294 0.0000
4.4494 2.0976 0.0000
4.3759 2.0633 0.0000
4.5292 2.1348 0.0000
4.4858 2.1146 0.0000
4.4494 7.8473 0.0000
4.5867 7.8652 0.0000
4.4074 7.8418 0.0000
4.4755 7.8507 0.0000
4.6517 2.1919 0.0000
4.5958 2.1659 0.0000
4.7702 2.2472 0.0000
4.7058 2.2172 0.0000
4.6517 7.8736 0.0000
4.6394 7.8720 0.0000
4.6716 7.8762 0.0000
4.8539 2.2863 0.0000
4.8157 2.2684 0.0000
5.0111 2.3596 0.0000
4.9257 2.3197 0.0000
4.8539 7.9000 0.0000
4.8032 7.8934 0.0000
4.9357 7.9106 0.0000
5.0562 2.3806 0.0000
5.0356 2.3710 0.0000
5.2521 2.4719 0.0000
5.1456 2.4222 0.0000
5.0562 7.9263 0.0000
4.9670 7.9147 0.0000
5.1309 7.9360 0.0000
5.2584 2.4749 0.0000
5.2555 2.4735 0.0000
5.2916 2.4903 0.0000
5.2584 7.9526 0.0000
5.4497 7.9775 0.0000
5.1999 7.9450 0.0000
5.2947 7.9574 0.0000
5.4607 2.5692 0.0000
5.3655 2.5248 0.0000
5.4930 2.5843 0.0000
5.4754 2.5761 0.0000
5.4607 7.9790 0.0000
5.4586 7.9787 0.0000
5.4640 7.9794 0.0000
5.6629 2.6635 0.0000
5.5854 2.6273 0.0000
5.7340 2.6966 0.0000
5.6954 2.6786 0.0000
5.6629 8.0053 0.0000
5.6224 8.0000 0.0000
5.7282 8.0138 0.0000
5.8652 2.7578 0.0000
5.8053 2.7299 0.0000
5.9749 2.8090 0.0000
5.9153 2.7812 0.0000
5.8652 8.0316 0.0000
5.7863 8.0213 0.0000
5.9501 8.0427 0.0000
6.0674 2.8521 0.0000
6.0252 2.8324 0.0000
6.2159 2.9213 0.0000
6.1352 2.8837 0.0000
6.0674 8.0579 0.0000
5.9923 8.0482 0.0000
6.1140 8.0640 0.0000
6.2697 2.9464 0.0000
6.2451 2.9350 0.0000
6.4569 3.0337 0.0000
6.3551 2.9863 0.0000
6.2697 8.0843 0.0000
6.3127 8.0899 0.0000
6.2565 8.0826 0.0000
6.2778 8.0853 0.0000
6.4719 3.0407 0.0000
6.4650 3.0375 0.0000
6.5505 3.0774 0.0000
6.4719 8.1106 0.0000
6.4417 8.1067 0.0000
6.5206 8.1170 0.0000
6.6742 3.1350 0.0000
6.5750 3.0888 0.0000
6.6978 3.1461 0.0000
6.6850 3.1401 0.0000
6.6742 8.1369 0.0000
6.6055 8.1280 0.0000
6.7694 8.1493 0.0000
6.8764 3.2293 0.0000
6.7949 3.1913 0.0000
6.9388 3.2584 0.0000
6.9049 3.2426 0.0000
6.8764 8.1633 0.0000
6.7848 8.1513 0.0000
6.9332 8.1707 0.0000
7.0787 3.3237 0.0000
7.0148 3.2939 0.0000
7.1797 3.3708 0.0000
7.1248 3.3452 0.0000
7.0787 8.1896 0.0000
7.1757 8.2022 0.0000
7.0489 8.1857 0.0000
7.0971 8.1920 0.0000
7.2809 3.4180 0.0000
7.2347 3.3964 0.0000
7.4207 3.4831 0.0000
7.3447 3.4477 0.0000
7.2809 8.2159 0.0000
7.2609 8.2133 0.0000
7.3131 8.2201 0.0000
7.4831 3.5123 0.0000
7.4546 3.4990 0.0000
7.6616 3.5955 0.0000
7.5646 3.5503 0.0000
7.4831 8.2423 0.0000
7.4248 8.2347 0.0000
7.5772 8.2545 0.0000
7.6854 3.6066 0.0000
7.6746 3.6015 0.0000
7.7845 3.6528 0.0000
7.6854 8.2686 0.0000
7.5886 8.2560 0.0000
7.7525 8.2773 0.0000
7.8876 3.7009 0.0000
7.9026 3.7079 0.0000
7.8095 3.6645 0.0000
7.8945 3.7041 0.0000
7.8876 8.2949 0.0000
8.0387 8.3146 0.0000
7.8414 8.2889 0.0000
7.9163 8.2987 0.0000
8.0899 3.7952 0.0000
8.0044 3.7553 0.0000
8.1436 3.8202 0.0000
8.1144 3.8066 0.0000
8.0899 8.3213 0.0000
8.0802 8.3200 0.0000
8.1055 8.3233 0.0000
8.2921 3.8895 0.0000
8.2243 3.8579 0.0000
8.3845 3.9326 0.0000
8.3343 3.9092 0.0000
8.2921 8.3476 0.0000
8.2440 8.3413 0.0000
8.3697 8.3577 0.0000
8.4944 3.9838 0.0000
8.4442 3.9604 0.0000
8.6255 4.0449 0.0000
8.5542 4.0117 0.0000
8.4944 8.3739 0.0000
8.4079 8.3627 0.0000
8.5717 8.3840 0.0000
8.6966 4.0781 0.0000
8.6642 4.0630 0.0000
8.8664 4.1573 0.0000
8.7741 4.1143 0.0000
8.6966 8.4003 0.0000
8.6339 8.3921 0.0000
8.7356 8.4053 0.0000
8.8989 4.1724 0.0000
8.8841 4.1655 0.0000
8.9940 4.2168 0.0000
8.8989 8.4266 0.0000
8.9017 8.4270 0.0000
8.8980 8.4265 0.0000
8.8994 8.4267 0.0000
9.1011 4.2667 0.0000
9.1074 4.2697 0.0000
9.0685 4.2515 0.0000
9.1040 4.2681 0.0000
9.1011 8.4529 0.0000
9.0633 8.4480 0.0000
9.1622 8.4609 0.0000
9.3034 4.3611 0.0000
9.2139 4.3194 0.0000
9.3483 4.3820 0.0000
9.3239 4.3706 0.0000
9.3034 8.4793 0.0000
9.2271 8.4693 0.0000
9.3910 8.4907 0.0000
9.5056 4.4554 0.0000
9.4338 4.4219 0.0000
9.5893 4.4944 0.0000
9.5438 4.4732 0.0000
9.5056 8.5056 0.0000
9.4263 8.4953 0.0000
9.5548 8.5120 0.0000
9.7079 4.5497 0.0000
9.6538 4.5244 0.0000
9.8302 4.6067 0.0000
9.7637 4.5757 0.0000
9.7079 8.5319 0.0000
9.7647 8.5393 0.0000
9.6905 8.5297 0.0000
9.7187 8.5333 0.0000
9.9101 4.6440 0.0000
9.8737 4.6270 0.0000
10.0712 4.7191 0.0000
9.9836 4.6783 0.0000
9.9101 8.5583 0.0000
9.8825 8.5547 0.0000
9.9546 8.5640 0.0000
10.1124 4.7383 0.0000
10.0936 4.7295 0.0000
10.3122 4.8315 0.0000
10.2035 4.7808 0.0000
10.1124 8.5846 0.0000
10.0464 8.5760 0.0000
10.2102 8.5973 0.0000
10.3146 4.8326 0.0000
10.3135 4.8321 0.0000
10.3274 4.8386 0.0000
10.3146 8.6109 0.0000
10.2188 8.5984 0.0000
10.3741 8.6187 0.0000
10.5169 4.9269 0.0000
10.4234 4.8834 0.0000
10.5531 4.9438 0.0000
10.5334 4.9346 0.0000
10.5169 8.6373 0.0000
10.6277 8.6517 0.0000
10.4829 8.6328 0.0000
10.5379 8.6400 0.0000
10.7191 5.0212 0.0000
10.6434 4.9859 0.0000
10.7941 5.0562 0.0000
10.7533 5.0372 0.0000
10.7191 8.6636 0.0000
10.7018 8.6613 0.0000
10.7471 8.6672 0.0000
10.9213 5.1155 0.0000
10.8633 5.0884 0.0000
11.0350 5.1685 0.0000
10.9732 5.1397 0.0000
10.9213 8.6899 0.0000
10.8656 8.6827 0.0000
11.0112 8.7016 0.0000
11.1236 5.2098 0.0000
11.0832 5.1910 0.0000
11.2760 5.2809 0.0000
11.1931 5.2423 0.0000
11.1236 8.7162 0.0000
11.0294 8.7040 0.0000
11.1933 8.7253 0.0000
11.3258 5.3042 0.0000
11.3031 5.2935 0.0000
11.5169 5.3933 0.0000
11.4130 5.3448 0.0000
11.3258 8.7426 0.0000
11.4907 8.7640 0.0000
11.2754 8.7360 0.0000
11.3571 8.7467 0.0000
11.5281 5.3985 0.0000
11.5230 5.3961 0.0000
11.5864 5.4256 0.0000
11.5281 8.7689 0.0000
11.5210 8.7680 0.0000
11.5395 8.7704 0.0000
11.7303 5.4928 0.0000
11.6330 5.4474 0.0000
11.7579 5.5056 0.0000
11.7429 5.4986 0.0000
11.7303 8.7952 0.0000
11.6848 8.7893 0.0000
11.8037 8.8048 0.0000
11.9326 5.5871 0.0000
11.8529 5.5499 0.0000
11.9988 5.6180 0.0000
11.9628 5.6012 0.0000
11.9326 8.8216 0.0000
11.8487 8.8107 0.0000
12.0125 8.8320 0.0000
12.1348 5.6814 0.0000
12.0728 5.6525 0.0000
12.2398 5.7303 0.0000
12.1827 5.7037 0.0000
12.1348 8.8479 0.0000
12.0678 8.8392 0.0000
12.1764 8.8533 0.0000
12.3371 5.7757 0.0000
12.2927 5.7550 0.0000
12.4808 5.8427 0.0000
12.4026 5.8063 0.0000
12.3371 8.8742 0.0000
12.3537 8.8764 0.0000
12.3320 8.8736 0.0000
12.3402 8.8746 0.0000
12.5393 5.8700 0.0000
12.5126 5.8575 0.0000
12.7217 5.9551 0.0000
12.6226 5.9088 0.0000
12.5393 8.9006 0.0000
12.5041 8.8960 0.0000
12.5961 8.9080 0.0000
12.7416 5.9643 0.0000
12.7325 5.9601 0.0000
12.8425 6.0114 0.0000
12.7416 8.9269 0.0000
12.6679 8.9173 0.0000
12.8318 8.9386 0.0000
12.9438 6.0586 0.0000
12.9627 6.0674 0.0000
12.8453 6.0127 0.0000
12.9524 6.0626 0.0000
12.9438 8.9532 0.0000
12.8603 8.9424 0.0000
12.9956 8.9600 0.0000
13.1461 6.1529 0.0000
13.0624 6.1139 0.0000
13.2036 6.1798 0.0000
13.1723 6.1652 0.0000
13.1461 8.9796 0.0000
13.2167 8.9888 0.0000
13.1244 8.9767 0.0000
13.1595 8.9813 0.0000
13.3483 6.2472 0.0000
13.2823 6.2165 0.0000
13.4446 6.2921 0.0000
13.3922 6.2677 0.0000
13.3483 9.0059 0.0000
13.3233 9.0026 0.0000
13.3886 9.0111 0.0000
13.5506 6.3416 0.0000
13.5022 6.3190 0.0000
13.6855 6.4045 0.0000
13.6122 6.3703 0.0000
13.5506 9.0322 0.0000
13.4872 9.0240 0.0000
13.6510 9.0453 0.0000
13.7528 6.4359 0.0000
13.7221 6.4215 0.0000
13.9265 6.5169 0.0000
13.8321 6.4728 0.0000
13.7528 9.0586 0.0000
13.6527 9.0455 0.0000
13.8149 9.0666 0.0000
13.9551 6.5302 0.0000
13.9420 6.5241 0.0000
14.0520 6.5754 0.0000
13.9551 9.0849 0.0000
14.0797 9.1011 0.0000
13.9169 9.0799 0.0000
13.9787 9.0880 0.0000
14.1573 6.6245 0.0000
14.1674 6.6292 0.0000
14.1043 6.5998 0.0000
14.1619 6.6266 0.0000
14.1573 9.1112 0.0000
14.1426 9.1093 0.0000
14.1811 9.1143 0.0000
14.3596 6.7188 0.0000
14.2719 6.6779 0.0000
14.4084 6.7416 0.0000
14.3818 6.7292 0.0000
14.3596 9.1376 0.0000
14.3064 9.1306 0.0000
14.4452 9.1487 0.0000
14.5618 6.8131 0.0000
14.4918 6.7805 0.0000
14.6494 6.8539 0.0000
14.6018 6.8317 0.0000
14.5618 9.1639 0.0000
14.4703 9.1520 0.0000
14.6341 9.1733 0.0000
14.7640 6.9074 0.0000
14.7117 6.8830 0.0000
14.8903 6.9663 0.0000
14.8217 6.9343 0.0000
14.7640 9.1902 0.0000
14.9427 9.2135 0.0000
14.7094 9.1831 0.0000
14.7980 9.1946 0.0000
14.9663 7.0017 0.0000
14.9316 6.9856 0.0000
15.1313 7.0787 0.0000
15.0416 7.0368 0.0000
14.9663 9.2166 0.0000
14.9618 9.2160 0.0000
14.9735 9.2175 0.0000
15.1685 7.0960 0.0000
15.1515 7.0881 0.0000
15.2615 7.1394 0.0000
15.1685 9.2429 0.0000
15.1257 9.2373 0.0000
15.2377 9.2519 0.0000
15.3708 7.1903 0.0000
15.3722 7.1910 0.0000
15.3633 7.1868 0.0000
15.3714 7.1906 0.0000
15.3708 9.2692 0.0000
15.2895 9.2586 0.0000
15.4534 9.2800 0.0000
15.5730 7.2846 0.0000
15.4814 7.2419 0.0000
15.6132 7.3034 0.0000
15.5914 7.2932 0.0000
15.5730 9.2955 0.0000
15.5018 9.2863 0.0000
15.6172 9.3013 0.0000
15.7753 7.3790 0.0000
15.7013 7.3445 0.0000
15.8541 7.4157 0.0000
15.8113 7.3957 0.0000
15.7753 9.3219 0.0000
15.8057 9.3258 0.0000
15.7660 9.3207 0.0000
15.7811 9.3226 0.0000
15.9775 7.4733 0.0000
15.9212 7.4470 0.0000
16.0951 7.5281 0.0000
16.0312 7.4983 0.0000
15.9775 9.3482 0.0000
15.9449 9.3440 0.0000
16.0301 9.3551 0.0000
16.1798 7.5676 0.0000
16.1411 7.5496 0.0000
16.3360 7.6404 0.0000
16.2511 7.6008 0.0000
16.1798 9.3745 0.0000
16.1088 9.3653 0.0000
16.2726 9.3866 0.0000
16.3820 7.6619 0.0000
16.3610 7.6521 0.0000
16.5770 7.7528 0.0000
16.4710 7.7034 0.0000
16.3820 9.4009 0.0000
16.2943 9.3894 0.0000
16.4365 9.4080 0.0000
16.5843 7.7562 0.0000
16.5810 7.7547 0.0000
16.6222 7.7739 0.0000
16.5843 9.4272 0.0000
16.6687 9.4382 0.0000
16.5584 9.4238 0.0000
16.6003 9.4293 0.0000
16.7865 7.8505 0.0000
16.6909 7.8059 0.0000
16.8180 7.8652 0.0000
16.8009 7.8572 0.0000
16.7865 9.4535 0.0000
16.7642 9.4506 0.0000
16.8226 9.4582 0.0000
16.9888 7.9448 0.0000
16.9108 7.9085 0.0000
17.0589 7.9775 0.0000
17.0208 7.9597 0.0000
16.9888 9.4799 0.0000
16.9280 9.4720 0.0000
17.0868 9.4926 0.0000
17.1910 8.0391 0.0000
17.1307 8.0110 0.0000
17.2999 8.0899 0.0000
17.2407 8.0623 0.0000
17.1910 9.5062 0.0000
17.0918 9.4933 0.0000
17.2558 9.5146 0.0000
17.3933 8.1334 0.0000
17.3506 8.1136 0.0000
17.5407 8.2022 0.0000
17.4606 8.1648 0.0000
17.3933 9.5326 0.0000
17.5375 9.5506 0.0000
17.3508 9.5270 0.0000
17.4193 9.5361 0.0000
17.5955 8.2277 0.0000
17.5705 8.2161 0.0000
17.7806 8.3146 0.0000
17.6806 8.2673 0.0000
17.5955 9.5579 0.0000
17.5847 9.5565 0.0000
17.6128 9.5602 0.0000
17.7978 8.3225 0.0000
17.7899 8.3190 0.0000
17.9916 8.4270 0.0000
17.8962 8.3723 0.0000
17.9772 8.5393 0.0000
17.9830 8.6517 0.0000
17.9815 8.7640 0.0000
17.9820 8.8764 0.0000
17.9816 8.9888 0.0000
17.9819 9.1011 0.0000
17.9834 9.2135 0.0000
17.9793 9.3258 0.0000
17.9790 9.4382 0.0000
17.7978 9.5877 0.0000
17.7443 9.5802 0.0000
17.8981 9.6072 0.0000
17.9890 8.4331 0.0000
17.9654 8.5201 0.0000
17.9598 8.5616 0.0000
17.9686 8.6343 0.0000
17.9689 8.6690 0.0000
17.9663 8.7453 0.0000
17.9661 8.7829 0.0000
17.9668 8.8580 0.0000
17.9668 8.8949 0.0000
17.9661 8.9700 0.0000
17.9665 9.0074 0.0000
17.9674 9.0830 0.0000
17.9672 9.1194 0.0000
17.9688 9.1961 0.0000
17.9659 9.2325 0.0000
17.9576 9.3023 0.0000
17.9628 9.3465 0.0000
18.0000 9.4854 0.0000
17.9689 9.4209 0.0000
17.9705 9.4546 0.0000
18.0000 9.5832 0.0000
17.9001 9.6074 0.0000</DataArray>
         </Points>
         <Cells>
            <DataArray Name="connectivity" format="ascii" type="Int32">
 0 3368 3370
 1 0 3371
 2 1 3372
 3 2 3373
 4 3 3374
 5 4 3375
 6 5 3376
 7 6 3377
 8 7 3378
 9 8 3379
 10 9 3380
 11 10 3381
 12 11 3382
 13 12 3383
 14 13 3384
 15 14 3385
 16 15 3386
 17 16 3387
 18 17 3388
 19 18 3389
 20 19 3390
 21 20 3391
 22 21 3392
 23 22 3393
 24 23 3394
 25 24 3395
 26 25 3396
 27 26 3397
 28 27 3398
 29 28 3399
 30 29 3400
 31 30 3401
 32 31 3402
 33 32 3403
 34 33 3404
 35 34 3405
 36 35 3406
 37 36 3407
 38 37 3408
 39 38 3409
 40 39 3410
 41 40 3411
 42 41 3412
 43 42 3413
 44 43 3414
 45 44 3415
 46 45 3416
 47 46 3417
 48 47 3418
 49 48 3419
 50 49 3420
 51 50 3421
 52 51 3422
 53 52 3423
 54 53 3424
 55 54 3425
 56 55 3426
 57 56 3427
 58 57 3428
 59 58 3429
 60 59 3430
 61 3360 3431
 62 61 3432
 63 62 3433
 64 63 3434
 65 64 3435
 66 65 3436
 67 66 3437
 68 67 3438
 69 68 3439
 70 69 3440
 71 70 3441
 72 71 3442
 73 72 3443
 74 73 3444
 75 74 3445
 76 75 3446
 77 76 3447
 78 77 3448
 79 78 3449
 80 79 3450
 81 80 3451
 82 81 3452
 83 82 3453
 84 83 3454
 85 84 3455
 86 85 3456
 87 86 3457
 88 87 3458
 89 88 3459
 90 89 3460
 91 90 3461
 92 91 3462
 93 92 3463
 94 93 3464
 95 94 3465
 96 95 3466
 97 96 3467
 98 97 3468
 99 98 3469
 100 99 3470
 101 100 3471
 102 101 3472
 103 102 3473
 104 103 3474
 105 104 3475
 106 105 3476
 107 106 3477
 108 107 3478
 109 108 3479
 110 109 3480
 111 110 3481
 112 111 3482
 113 112 3483
 114 113 3484
 115 114 3485
 116 115 3486
 117 116 3487
 118 117 3488
 119 118 3489
 120 119 3490
 121 120 3491
 122 121 3492
 123 122 3493
 124 3279 3494
 125 124 3495
 126 125 3496
 127 126 3497
 128 127 3498
 129 128 3499
 130 129 3500
 131 130 3501
 132 131 3502
 133 132 3503
 134 133 3504
 135 134 3505
 136 135 3506
 137 136 3507
 138 137 3508
 139 138 3509
 140 139 3510
 141 140 3511
 142 141 3512
 143 142 3513
 144 143 3514
 145 144 3515
 146 145 3516
 147 146 3517
 148 147 3518
 149 148 3519
 150 149 3520
 151 150 3521
 152 151 3522
 153 152 3523
 154 153 3524
 155 154 3525
 156 155 3526
 157 156 3527
 158 157 3528
 159 158 3529
 160 159 3530
 161 160 3531
 162 161 3532
 163 162 3533
 164 163 3534
 165 164 3535
 166 165 3536
 167 166 3537
 168 167 3538
 169 168 3539
 170 169 3540
 171 170 3541
 172 171 3542
 173 172 3543
 174 173 3544
 175 174 3545
 176 175 3546
 177 176 3547
 178 177 3548
 179 178 3549
 180 179 3550
 181 180 3551
 182 181 3552
 183 182 3553
 184 183 3554
 185 184 3555
 186 185 3556
 187 3280 3557
 188 187 3558
 189 188 3559
 190 189 3560
 191 190 3561
 192 191 3562
 193 192 3563
 194 193 3564
 195 194 3565
 196 195 3566
 197 196 3567
 198 197 3568
 199 198 3569
 200 199 3570
 201 200 3571
 202 201 3572
 203 202 3573
 204 203 3574
 205 204 3575
 206 205 3576
 207 206 3577
 208 207 3578
 209 208 3579
 210 209 3580
 211 210 3581
 212 211 3582
 213 212 3583
 214 213 3584
 215 214 3585
 216 215 3586
 217 216 3587
 218 217 3588
 219 218 3589
 220 219 3590
 221 220 3591
 222 221 3592
 223 222 3593
 224 223 3594
 225 224 3595
 226 225 3596
 227 226 3597
 228 227 3598
 229 228 3599
 230 229 3600
 231 230 3601
 232 231 3602
 233 232 3603
 234 233 3604
 235 234 3605
 236 235 3606
 237 236 3607
 238 237 3608
 239 238 3609
 240 239 3610
 241 240 3611
 242 241 3612
 243 242 3613
 244 243 3614
 245 244 3615
 246 245 3616
 247 246 3617
 248 247 3618
 249 3281 3619
 250 249 3620
 251 250 3621
 252 251 3622
 253 252 3623
 254 253 3624
 255 254 3625
 256 255 3626
 257 256 3627
 258 257 3628
 259 258 3629
 260 259 3630
 261 260 3631
 262 261 3632
 263 262 3633
 264 263 3634
 265 264 3635
 266 265 3636
 267 266 3637
 268 267 3638
 269 268 3639
 270 269 3640
 271 270 3641
 272 271 3642
 273 272 3643
 274 273 3644
 275 274 3645
 276 275 3646
 277 276 3647
 278 277 3648
 279 278 3649
 280 279 3650
 281 280 3651
 282 281 3652
 283 282 3653
 284 283 3654
 285 284 3655
 286 285 3656
 287 286 3657
 288 287 3658
 289 288 3659
 290 289 3660
 291 290 3661
 292 291 3662
 293 292 3663
 294 293 3664
 295 294 3665
 296 295 3666
 297 296 3667
 298 297 3668
 299 298 3669
 300 299 3670
 301 300 3671
 302 301 3672
 303 302 3673
 304 303 3674
 305 304 3675
 306 305 3676
 307 306 3677
 308 307 3678
 309 308 3679
 310 3282 3680
 311 310 3681
 312 311 3682
 313 312 3683
 314 313 3684
 315 314 3685
 316 315 3686
 317 316 3687
 318 317 3688
 319 318 3689
 320 319 3690
 321 320 3691
 322 321 3692
 323 322 3693
 324 323 3694
 325 324 3695
 326 325 3696
 327 326 3697
 328 327 3698
 329 328 3699
 330 329 3700
 331 330 3701
 332 331 3702
 333 332 3703
 334 333 3704
 335 334 3705
 336 335 3706
 337 336 3707
 338 337 3708
 339 338 3709
 340 339 3710
 341 340 3711
 342 341 3712
 343 342 3713
 344 343 3714
 345 344 3715
 346 345 3716
 347 346 3717
 348 347 3718
 349 348 3719
 350 349 3720
 351 350 3721
 352 351 3722
 353 352 3723
 354 353 3724
 355 354 3725
 356 355 3726
 357 356 3727
 358 357 3728
 359 358 3729
 360 359 3730
 361 360 3731
 362 361 3732
 363 362 3733
 364 363 3734
 365 364 3735
 366 365 3736
 367 366 3737
 368 367 3738
 369 368 3739
 370 3283 3740
 371 370 3741
 372 371 3742
 373 372 3743
 374 373 3744
 375 374 3745
 376 375 3746
 377 376 3747
 378 377 3748
 379 378 3749
 380 379 3750
 381 380 3751
 382 381 3752
 383 382 3753
 384 383 3754
 385 384 3755
 386 385 3756
 387 386 3757
 388 387 3758
 389 388 3759
 390 389 3760
 391 390 3761
 392 391 3762
 393 392 3763
 394 393 3764
 395 394 3765
 396 395 3766
 397 396 3767
 398 397 3768
 399 398 3769
 400 399 3770
 401 400 3771
 402 401 3772
 403 402 3773
 404 403 3774
 405 404 3775
 406 405 3776
 407 406 3777
 408 407 3778
 409 408 3779
 410 409 3780
 411 410 3781
 412 411 3782
 413 412 3783
 414 413 3784
 415 414 3785
 416 415 3786
 417 416 3787
 418 417 3788
 419 418 3789
 420 419 3790
 421 420 3791
 422 421 3792
 423 422 3793
 424 423 3794
 425 424 3795
 426 425 3796
 427 426 3797
 428 427 3798
 429 428 3799
 430 3284 3800
 431 430 3801
 432 431 3802
 433 432 3803
 434 433 3804
 435 434 3805
 436 435 3806
 437 436 3807
 438 437 3808
 439 438 3809
 440 439 3810
 441 440 3811
 442 441 3812
 443 442 3813
 444 443 3814
 445 444 3815
 446 445 3816
 447 446 3817
 448 447 3818
 449 448 3819
 450 449 3820
 451 450 3821
 452 451 3822
 453 452 3823
 454 453 3824
 455 454 3825
 456 455 3826
 457 456 3827
 458 457 3828
 459 458 3829
 460 459 3830
 461 460 3831
 462 461 3832
 463 462 3833
 464 463 3834
 465 464 3835
 466 465 3836
 467 466 3837
 468 467 3838
 469 468 3839
 470 469 3840
 471 470 3841
 472 471 3842
 473 472 3843
 474 473 3844
 475 474 3845
 476 475 3846
 477 476 3847
 478 477 3848
 479 478 3849
 480 479 3850
 481 480 3851
 482 481 3852
 483 482 3853
 484 483 3854
 485 484 3855
 486 485 3856
 487 486 3857
 488 487 3858
 489 3285 3859
 490 489 3860
 491 490 3861
 492 491 3862
 493 492 3863
 494 493 3864
 495 494 3865
 496 495 3866
 497 496 3867
 498 497 3868
 499 498 3869
 500 499 3870
 501 500 3871
 502 501 3872
 503 502 3873
 504 503 3874
 505 504 3875
 506 505 3876
 507 506 3877
 508 507 3878
 509 508 3879
 510 509 3880
 511 510 3881
 512 511 3882
 513 512 3883
 514 513 3884
 515 514 3885
 516 515 3886
 517 516 3887
 518 517 3888
 519 518 3889
 520 519 3890
 521 520 3891
 522 521 3892
 523 522 3893
 524 523 3894
 525 524 3895
 526 525 3896
 527 526 3897
 528 527 3898
 529 528 3899
 530 529 3900
 531 530 3901
 532 531 3902
 533 532 3903
 534 533 3904
 535 534 3905
 536 535 3906
 537 536 3907
 538 537 3908
 539 538 3909
 540 539 3910
 541 540 3911
 542 541 3912
 543 542 3913
 544 543 3914
 545 544 3915
 546 545 3916
 547 546 3917
 548 3286 3918
 549 548 3919
 550 549 3920
 551 550 3921
 552 551 3922
 553 552 3923
 554 553 3924
 555 554 3925
 556 555 3926
 557 556 3927
 558 557 3928
 559 558 3929
 560 559 3930
 561 560 3931
 562 561 3932
 563 562 3933
 564 563 3934
 565 564 3935
 566 565 3936
 567 566 3937
 568 567 3938
 569 568 3939
 570 569 3940
 571 570 3941
 572 571 3942
 573 572 3943
 574 573 3944
 575 574 3945
 576 575 3946
 577 576 3947
 578 577 3948
 579 578 3949
 580 579 3950
 581 580 3951
 582 581 3952
 583 582 3953
 584 583 3954
 585 584 3955
 586 585 3956
 587 586 3957
 588 587 3958
 589 588 3959
 590 589 3960
 591 590 3961
 592 591 3962
 593 592 3963
 594 593 3964
 595 594 3965
 596 595 3966
 597 596 3967
 598 597 3968
 599 598 3969
 600 599 3970
 601 600 3971
 602 601 3972
 603 602 3973
 604 603 3974
 605 604 3975
 606 3287 3976
 607 606 3977
 608 607 3978
 609 608 3979
 610 609 3980
 611 610 3981
 612 611 3982
 613 612 3983
 614 613 3984
 615 614 3985
 616 615 3986
 617 616 3987
 618 617 3988
 619 618 3989
 620 619 3990
 621 620 3991
 622 621 3992
 623 622 3993
 624 623 3994
 625 624 3995
 626 625 3996
 627 626 3997
 628 627 3998
 629 628 3999
 630 629 4000
 631 630 4001
 632 631 4002
 633 632 4003
 634 633 4004
 635 634 4005
 636 635 4006
 637 636 4007
 638 637 4008
 639 638 4009
 640 639 4010
 641 640 4011
 642 641 4012
 643 642 4013
 644 643 4014
 645 644 4015
 646 645 4016
 647 646 4017
 648 647 4018
 649 648 4019
 650 649 4020
 651 650 4021
 652 651 4022
 653 652 4023
 654 653 4024
 655 654 4025
 656 655 4026
 657 656 4027
 658 657 4028
 659 658 4029
 660 659 4030
 661 660 4031
 662 661 4032
 663 662 4033
 664 3288 4034
 665 664 4035
 666 665 4036
 667 666 4037
 668 667 4038
 669 668 4039
 670 669 4040
 671 670 4041
 672 671 4042
 673 672 4043
 674 673 4044
 675 674 4045
 676 675 4046
 677 676 4047
 678 677 4048
 679 678 4049
 680 679 4050
 681 680 4051
 682 681 4052
 683 682 4053
 684 683 4054
 685 684 4055
 686 685 4056
 687 686 4057
 688 687 4058
 689 688 4059
 690 689 4060
 691 690 4061
 692 691 4062
 693 692 4063
 694 693 4064
 695 694 4065
 696 695 4066
 697 696 4067
 698 697 4068
 699 698 4069
 700 699 4070
 701 700 4071
 702 701 4072
 703 702 4073
 704 703 4074
 705 704 4075
 706 705 4076
 707 706 4077
 708 707 4078
 709 708 4079
 710 709 4080
 711 710 4081
 712 711 4082
 713 712 4083
 714 713 4084
 715 714 4085
 716 715 4086
 717 716 4087
 718 717 4088
 719 718 4089
 720 719 4090
 721 3289 4091
 722 721 4092
 723 722 4093
 724 723 4094
 725 724 4095
 726 725 4096
 727 726 4097
 728 727 4098
 729 728 4099
 730 729 4100
 731 730 4101
 732 731 4102
 733 732 4103
 734 733 4104
 735 734 4105
 736 735 4106
 737 736 4107
 738 737 4108
 739 738 4109
 740 739 4110
 741 740 4111
 742 741 4112
 743 742 4113
 744 743 4114
 745 744 4115
 746 745 4116
 747 746 4117
 748 747 4118
 749 748 4119
 750 749 4120
 751 750 4121
 752 751 4122
 753 752 4123
 754 753 4124
 755 754 4125
 756 755 4126
 757 756 4127
 758 757 4128
 759 758 4129
 760 759 4130
 761 760 4131
 762 761 4132
 763 762 4133
 764 763 4134
 765 764 4135
 766 765 4136
 767 766 4137
 768 767 4138
 769 768 4139
 770 769 4140
 771 770 4141
 772 771 4142
 773 772 4143
 774 773 4144
 775 774 4145
 776 775 4146
 777 3290 4147
 778 777 4148
 779 778 4149
 780 779 4150
 781 780 4151
 782 781 4152
 783 782 4153
 784 783 4154
 785 784 4155
 786 785 4156
 787 786 4157
 788 787 4158
 789 788 4159
 790 789 4160
 791 790 4161
 792 791 4162
 793 792 4163
 794 793 4164
 795 794 4165
 796 795 4166
 797 796 4167
 798 797 4168
 799 798 4169
 800 799 4170
 801 800 4171
 802 801 4172
 803 802 4173
 804 803 4174
 805 804 4175
 806 805 4176
 807 806 4177
 808 807 4178
 809 808 4179
 810 809 4180
 811 810 4181
 812 811 4182
 813 812 4183
 814 813 4184
 815 814 4185
 816 815 4186
 817 816 4187
 818 817 4188
 819 818 4189
 820 819 4190
 821 820 4191
 822 821 4192
 823 822 4193
 824 823 4194
 825 824 4195
 826 825 4196
 827 826 4197
 828 827 4198
 829 828 4199
 830 829 4200
 831 830 4201
 832 3361 4202
 833 832 4203
 834 833 4204
 835 834 4205
 836 835 4206
 837 836 4207
 838 837 4208
 839 838 4209
 840 839 4210
 841 840 4211
 842 841 4212
 843 842 4213
 844 843 4214
 845 844 4215
 846 845 4216
 847 846 4217
 848 847 4218
 849 848 4219
 850 849 4220
 851 850 4221
 852 851 4222
 853 852 4223
 854 853 4224
 855 854 4225
 856 855 4226
 857 856 4227
 858 857 4228
 859 858 4229
 860 859 4230
 861 860 4231
 862 861 4232
 863 862 4233
 864 863 4234
 865 864 4235
 866 865 4236
 867 866 4237
 868 867 4238
 869 868 4239
 870 869 4240
 871 870 4241
 872 871 4242
 873 872 4243
 874 873 4244
 875 874 4245
 876 875 4246
 877 876 4247
 878 877 4248
 879 878 4249
 880 879 4250
 881 880 4251
 882 881 4252
 883 882 4253
 884 883 4254
 885 884 4255
 886 885 4256
 887 3291 4257
 888 887 4258
 889 888 4259
 890 889 4260
 891 890 4261
 892 891 4262
 893 892 4263
 894 893 4264
 895 894 4265
 896 895 4266
 897 896 4267
 898 897 4268
 899 898 4269
 900 899 4270
 901 900 4271
 902 901 4272
 903 902 4273
 904 903 4274
 905 904 4275
 906 905 4276
 907 906 4277
 908 907 4278
 909 908 4279
 910 909 4280
 911 910 4281
 912 911 4282
 913 912 4283
 914 913 4284
 915 914 4285
 916 915 4286
 917 916 4287
 918 917 4288
 919 918 4289
 920 919 4290
 921 920 4291
 922 921 4292
 923 922 4293
 924 923 4294
 925 924 4295
 926 925 4296
 927 926 4297
 928 927 4298
 929 928 4299
 930 929 4300
 931 930 4301
 932 931 4302
 933 932 4303
 934 933 4304
 935 934 4305
 936 935 4306
 937 936 4307
 938 937 4308
 939 938 4309
 940 939 4310
 941 940 4311
 942 3292 4312
 943 942 4313
 944 943 4314
 945 944 4315
 946 945 4316
 947 946 4317
 948 947 4318
 949 948 4319
 950 949 4320
 951 950 4321
 952 951 4322
 953 952 4323
 954 953 4324
 955 954 4325
 956 955 4326
 957 956 4327
 958 957 4328
 959 958 4329
 960 959 4330
 961 960 4331
 962 961 4332
 963 962 4333
 964 963 4334
 965 964 4335
 966 965 4336
 967 966 4337
 968 967 4338
 969 968 4339
 970 969 4340
 971 970 4341
 972 971 4342
 973 972 4343
 974 973 4344
 975 974 4345
 976 975 4346
 977 976 4347
 978 977 4348
 979 978 4349
 980 979 4350
 981 980 4351
 982 981 4352
 983 982 4353
 984 983 4354
 985 984 4355
 986 985 4356
 987 986 4357
 988 987 4358
 989 988 4359
 990 989 4360
 991 990 4361
 992 991 4362
 993 992 4363
 994 993 4364
 995 994 4365
 996 3293 4366
 997 996 4367
 998 997 4368
 999 998 4369
 1000 999 4370
 1001 1000 4371
 1002 1001 4372
 1003 1002 4373
 1004 1003 4374
 1005 1004 4375
 1006 1005 4376
 1007 1006 4377
 1008 1007 4378
 1009 1008 4379
 1010 1009 4380
 1011 1010 4381
 1012 1011 4382
 1013 1012 4383
 1014 1013 4384
 1015 1014 4385
 1016 1015 4386
 1017 1016 4387
 1018 1017 4388
 1019 1018 4389
 1020 1019 4390
 1021 1020 4391
 1022 1021 4392
 1023 1022 4393
 1024 1023 4394
 1025 1024 4395
 1026 1025 4396
 1027 1026 4397
 1028 1027 4398
 1029 1028 4399
 1030 1029 4400
 1031 1030 4401
 1032 1031 4402
 1033 1032 4403
 1034 1033 4404
 1035 1034 4405
 1036 1035 4406
 1037 1036 4407
 1038 1037 4408
 1039 1038 4409
 1040 1039 4410
 1041 1040 4411
 1042 1041 4412
 1043 1042 4413
 1044 1043 4414
 1045 1044 4415
 1046 1045 4416
 1047 1046 4417
 1048 1047 4418
 1049 3294 4419
 1050 1049 4420
 1051 1050 4421
 1052 1051 4422
 1053 1052 4423
 1054 1053 4424
 1055 1054 4425
 1056 1055 4426
 1057 1056 4427
 1058 1057 4428
 1059 1058 4429
 1060 1059 4430
 1061 1060 4431
 1062 1061 4432
 1063 1062 4433
 1064 1063 4434
 1065 1064 4435
 1066 1065 4436
 1067 1066 4437
 1068 1067 4438
 1069 1068 4439
 1070 1069 4440
 1071 1070 4441
 1072 1071 4442
 1073 1072 4443
 1074 1073 4444
 1075 1074 4445
 1076 1075 4446
 1077 1076 4447
 1078 1077 4448
 1079 1078 4449
 1080 1079 4450
 1081 1080 4451
 1082 1081 4452
 1083 1082 4453
 1084 1083 4454
 1085 1084 4455
 1086 1085 4456
 1087 1086 4457
 1088 1087 4458
 1089 1088 4459
 1090 1089 4460
 1091 1090 4461
 1092 1091 4462
 1093 1092 4463
 1094 1093 4464
 1095 1094 4465
 1096 1095 4466
 1097 1096 4467
 1098 1097 4468
 1099 1098 4469
 1100 1099 4470
 1101 3295 4471
 1102 1101 4472
 1103 1102 4473
 1104 1103 4474
 1105 1104 4475
 1106 1105 4476
 1107 1106 4477
 1108 1107 4478
 1109 1108 4479
 1110 1109 4480
 1111 1110 4481
 1112 1111 4482
 1113 1112 4483
 1114 1113 4484
 1115 1114 4485
 1116 1115 4486
 1117 1116 4487
 1118 1117 4488
 1119 1118 4489
 1120 1119 4490
 1121 1120 4491
 1122 1121 4492
 1123 1122 4493
 1124 1123 4494
 1125 1124 4495
 1126 1125 4496
 1127 1126 4497
 1128 1127 4498
 1129 1128 4499
 1130 1129 4500
 1131 1130 4501
 1132 1131 4502
 1133 1132 4503
 1134 1133 4504
 1135 1134 4505
 1136 1135 4506
 1137 1136 4507
 1138 1137 4508
 1139 1138 4509
 1140 1139 4510
 1141 1140 4511
 1142 1141 4512
 1143 1142 4513
 1144 1143 4514
 1145 1144 4515
 1146 1145 4516
 1147 1146 4517
 1148 1147 4518
 1149 1148 4519
 1150 1149 4520
 1151 1150 4521
 1152 1151 4522
 1153 3362 4523
 1154 1153 4524
 1155 1154 4525
 1156 1155 4526
 1157 1156 4527
 1158 1157 4528
 1159 1158 4529
 1160 1159 4530
 1161 1160 4531
 1162 1161 4532
 1163 1162 4533
 1164 1163 4534
 1165 1164 4535
 1166 1165 4536
 1167 1166 4537
 1168 1167 4538
 1169 1168 4539
 1170 1169 4540
 1171 1170 4541
 1172 1171 4542
 1173 1172 4543
 1174 1173 4544
 1175 1174 4545
 1176 1175 4546
 1177 1176 4547
 1178 1177 4548
 1179 1178 4549
 1180 1179 4550
 1181 1180 4551
 1182 1181 4552
 1183 1182 4553
 1184 1183 4554
 1185 1184 4555
 1186 1185 4556
 1187 1186 4557
 1188 1187 4558
 1189 1188 4559
 1190 1189 4560
 1191 1190 4561
 1192 1191 4562
 1193 1192 4563
 1194 1193 4564
 1195 1194 4565
 1196 1195 4566
 1197 1196 4567
 1198 1197 4568
 1199 1198 4569
 1200 1199 4570
 1201 1200 4571
 1202 1201 4572
 1203 1202 4573
 1204 1203 4574
 1205 3296 4575
 1206 1205 4576
 1207 1206 4577
 1208 1207 4578
 1209 1208 4579
 1210 1209 4580
 1211 1210 4581
 1212 1211 4582
 1213 1212 4583
 1214 1213 4584
 1215 1214 4585
 1216 1215 4586
 1217 1216 4587
 1218 1217 4588
 1219 1218 4589
 1220 1219 4590
 1221 1220 4591
 1222 1221 4592
 1223 1222 4593
 1224 1223 4594
 1225 1224 4595
 1226 1225 4596
 1227 1226 4597
 1228 1227 4598
 1229 1228 4599
 1230 1229 4600
 1231 1230 4601
 1232 1231 4602
 1233 1232 4603
 1234 1233 4604
 1235 1234 4605
 1236 1235 4606
 1237 1236 4607
 1238 1237 4608
 1239 1238 4609
 1240 1239 4610
 1241 1240 4611
 1242 1241 4612
 1243 1242 4613
 1244 1243 4614
 1245 1244 4615
 1246 1245 4616
 1247 1246 4617
 1248 1247 4618
 1249 1248 4619
 1250 1249 4620
 1251 1250 4621
 1252 1251 4622
 1253 1252 4623
 1254 1253 4624
 1255 1254 4625
 1256 3297 4626
 1257 1256 4627
 1258 1257 4628
 1259 1258 4629
 1260 1259 4630
 1261 1260 4631
 1262 1261 4632
 1263 1262 4633
 1264 1263 4634
 1265 1264 4635
 1266 1265 4636
 1267 1266 4637
 1268 1267 4638
 1269 1268 4639
 1270 1269 4640
 1271 1270 4641
 1272 1271 4642
 1273 1272 4643
 1274 1273 4644
 1275 1274 4645
 1276 1275 4646
 1277 1276 4647
 1278 1277 4648
 1279 1278 4649
 1280 1279 4650
 1281 1280 4651
 1282 1281 4652
 1283 1282 4653
 1284 1283 4654
 1285 1284 4655
 1286 1285 4656
 1287 1286 4657
 1288 1287 4658
 1289 1288 4659
 1290 1289 4660
 1291 1290 4661
 1292 1291 4662
 1293 1292 4663
 1294 1293 4664
 1295 1294 4665
 1296 1295 4666
 1297 1296 4667
 1298 1297 4668
 1299 1298 4669
 1300 1299 4670
 1301 1300 4671
 1302 1301 4672
 1303 1302 4673
 1304 1303 4674
 1305 1304 4675
 1306 3298 4676
 1307 1306 4677
 1308 1307 4678
 1309 1308 4679
 1310 1309 4680
 1311 1310 4681
 1312 1311 4682
 1313 1312 4683
 1314 1313 4684
 1315 1314 4685
 1316 1315 4686
 1317 1316 4687
 1318 1317 4688
 1319 1318 4689
 1320 1319 4690
 1321 1320 4691
 1322 1321 4692
 1323 1322 4693
 1324 1323 4694
 1325 1324 4695
 1326 1325 4696
 1327 1326 4697
 1328 1327 4698
 1329 1328 4699
 1330 1329 4700
 1331 1330 4701
 1332 1331 4702
 1333 1332 4703
 1334 1333 4704
 1335 1334 4705
 1336 1335 4706
 1337 1336 4707
 1338 1337 4708
 1339 1338 4709
 1340 1339 4710
 1341 1340 4711
 1342 1341 4712
 1343 1342 4713
 1344 1343 4714
 1345 1344 4715
 1346 1345 4716
 1347 1346 4717
 1348 1347 4718
 1349 1348 4719
 1350 1349 4720
 1351 1350 4721
 1352 1351 4722
 1353 1352 4723
 1354 1353 4724
 1355 1354 4725
 1356 3299 4726
 1357 1356 4727
 1358 1357 4728
 1359 1358 4729
 1360 1359 4730
 1361 1360 4731
 1362 1361 4732
 1363 1362 4733
 1364 1363 4734
 1365 1364 4735
 1366 1365 4736
 1367 1366 4737
 1368 1367 4738
 1369 1368 4739
 1370 1369 4740
 1371 1370 4741
 1372 1371 4742
 1373 1372 4743
 1374 1373 4744
 1375 1374 4745
 1376 1375 4746
 1377 1376 4747
 1378 1377 4748
 1379 1378 4749
 1380 1379 4750
 1381 1380 4751
 1382 1381 4752
 1383 1382 4753
 1384 1383 4754
 1385 1384 4755
 1386 1385 4756
 1387 1386 4757
 1388 1387 4758
 1389 1388 4759
 1390 1389 4760
 1391 1390 4761
 1392 1391 4762
 1393 1392 4763
 1394 1393 4764
 1395 1394 4765
 1396 1395 4766
 1397 1396 4767
 1398 1397 4768
 1399 1398 4769
 1400 1399 4770
 1401 1400 4771
 1402 1401 4772
 1403 1402 4773
 1404 1403 4774
 1405 3300 4775
 1406 1405 4776
 1407 1406 4777
 1408 1407 4778
 1409 1408 4779
 1410 1409 4780
 1411 1410 4781
 1412 1411 4782
 1413 1412 4783
 1414 1413 4784
 1415 1414 4785
 1416 1415 4786
 1417 1416 4787
 1418 1417 4788
 1419 1418 4789
 1420 1419 4790
 1421 1420 4791
 1422 1421 4792
 1423 1422 4793
 1424 1423 4794
 1425 1424 4795
 1426 1425 4796
 1427 1426 4797
 1428 1427 4798
 1429 1428 4799
 1430 1429 4800
 1431 1430 4801
 1432 1431 4802
 1433 1432 4803
 1434 1433 4804
 1435 1434 4805
 1436 1435 4806
 1437 1436 4807
 1438 1437 4808
 1439 1438 4809
 1440 1439 4810
 1441 1440 4811
 1442 1441 4812
 1443 1442 4813
 1444 1443 4814
 1445 1444 4815
 1446 1445 4816
 1447 1446 4817
 1448 1447 4818
 1449 1448 4819
 1450 1449 4820
 1451 1450 4821
 1452 1451 4822
 1453 3301 4823
 1454 1453 4824
 1455 1454 4825
 1456 1455 4826
 1457 1456 4827
 1458 1457 4828
 1459 1458 4829
 1460 1459 4830
 1461 1460 4831
 1462 1461 4832
 1463 1462 4833
 1464 1463 4834
 1465 1464 4835
 1466 1465 4836
 1467 1466 4837
 1468 1467 4838
 1469 1468 4839
 1470 1469 4840
 1471 1470 4841
 1472 1471 4842
 1473 1472 4843
 1474 1473 4844
 1475 1474 4845
 1476 1475 4846
 1477 1476 4847
 1478 1477 4848
 1479 1478 4849
 1480 1479 4850
 1481 1480 4851
 1482 1481 4852
 1483 1482 4853
 1484 1483 4854
 1485 1484 4855
 1486 1485 4856
 1487 1486 4857
 1488 1487 4858
 1489 1488 4859
 1490 1489 4860
 1491 1490 4861
 1492 1491 4862
 1493 1492 4863
 1494 1493 4864
 1495 1494 4865
 1496 1495 4866
 1497 1496 4867
 1498 1497 4868
 1499 1498 4869
 1500 3302 4870
 1501 1500 4871
 1502 1501 4872
 1503 1502 4873
 1504 1503 4874
 1505 1504 4875
 1506 1505 4876
 1507 1506 4877
 1508 1507 4878
 1509 1508 4879
 1510 1509 4880
 1511 1510 4881
 1512 1511 4882
 1513 1512 4883
 1514 1513 4884
 1515 1514 4885
 1516 1515 4886
 1517 1516 4887
 1518 1517 4888
 1519 1518 4889
 1520 1519 4890
 1521 1520 4891
 1522 1521 4892
 1523 1522 4893
 1524 1523 4894
 1525 1524 4895
 1526 1525 4896
 1527 1526 4897
 1528 1527 4898
 1529 1528 4899
 1530 1529 4900
 1531 1530 4901
 1532 1531 4902
 1533 1532 4903
 1534 1533 4904
 1535 1534 4905
 1536 1535 4906
 1537 1536 4907
 1538 1537 4908
 1539 1538 4909
 1540 1539 4910
 1541 1540 4911
 1542 1541 4912
 1543 1542 4913
 1544 1543 4914
 1545 1544 4915
 1546 1545 4916
 1547 1546 4917
 1548 3303 4918
 1549 1548 4919
 1550 1549 4920
 1551 1550 4921
 1552 1551 4922
 1553 1552 4923
 1554 1553 4924
 1555 1554 4925
 1556 1555 4926
 1557 1556 4927
 1558 1557 4928
 1559 1558 4929
 1560 1559 4930
 1561 1560 4931
 1562 1561 4932
 1563 1562 4933
 1564 1563 4934
 1565 1564 4935
 1566 1565 4936
 1567 1566 4937
 1568 1567 4938
 1569 1568 4939
 1570 1569 4940
 1571 1570 4941
 1572 1571 4942
 1573 1572 4943
 1574 1573 4944
 1575 1574 4945
 1576 1575 4946
 1577 1576 4947
 1578 1577 4948
 1579 1578 4949
 1580 1579 4950
 1581 1580 4951
 1582 1581 4952
 1583 1582 4953
 1584 1583 4954
 1585 1584 4955
 1586 1585 4956
 1587 1586 4957
 1588 1587 4958
 1589 1588 4959
 1590 1589 4960
 1591 1590 4961
 1592 1591 4962
 1593 1592 4963
 1594 1593 4964
 1595 3304 4965
 1596 1595 4966
 1597 1596 4967
 1598 1597 4968
 1599 1598 4969
 1600 1599 4970
 1601 1600 4971
 1602 1601 4972
 1603 1602 4973
 1604 1603 4974
 1605 1604 4975
 1606 1605 4976
 1607 1606 4977
 1608 1607 4978
 1609 1608 4979
 1610 1609 4980
 1611 1610 4981
 1612 1611 4982
 1613 1612 4983
 1614 1613 4984
 1615 1614 4985
 1616 1615 4986
 1617 1616 4987
 1618 1617 4988
 1619 1618 4989
 1620 1619 4990
 1621 1620 4991
 1622 1621 4992
 1623 1622 4993
 1624 1623 4994
 1625 1624 4995
 1626 1625 4996
 1627 1626 4997
 1628 1627 4998
 1629 1628 4999
 1630 1629 5000
 1631 1630 5001
 1632 1631 5002
 1633 1632 5003
 1634 1633 5004
 1635 1634 5005
 1636 1635 5006
 1637 1636 5007
 1638 1637 5008
 1639 1638 5009
 1640 1639 5010
 1641 3305 5011
 1642 1641 5012
 1643 1642 5013
 1644 1643 5014
 1645 1644 5015
 1646 1645 5016
 1647 1646 5017
 1648 1647 5018
 1649 1648 5019
 1650 1649 5020
 1651 1650 5021
 1652 1651 5022
 1653 1652 5023
 1654 1653 5024
 1655 1654 5025
 1656 1655 5026
 1657 1656 5027
 1658 1657 5028
 1659 1658 5029
 1660 1659 5030
 1661 1660 5031
 1662 1661 5032
 1663 1662 5033
 1664 1663 5034
 1665 1664 5035
 1666 1665 5036
 1667 1666 5037
 1668 1667 5038
 1669 1668 5039
 1670 1669 5040
 1671 1670 5041
 1672 1671 5042
 1673 1672 5043
 1674 1673 5044
 1675 1674 5045
 1676 1675 5046
 1677 1676 5047
 1678 1677 5048
 1679 1678 5049
 1680 1679 5050
 1681 1680 5051
 1682 1681 5052
 1683 1682 5053
 1684 1683 5054
 1685 1684 5055
 1686 3306 5056
 1687 1686 5057
 1688 1687 5058
 1689 1688 5059
 1690 1689 5060
 1691 1690 5061
 1692 1691 5062
 1693 1692 5063
 1694 1693 5064
 1695 1694 5065
 1696 1695 5066
 1697 1696 5067
 1698 1697 5068
 1699 1698 5069
 1700 1699 5070
 1701 1700 5071
 1702 1701 5072
 1703 1702 5073
 1704 1703 5074
 1705 1704 5075
 1706 1705 5076
 1707 1706 5077
 1708 1707 5078
 1709 1708 5079
 1710 1709 5080
 1711 1710 5081
 1712 1711 5082
 1713 1712 5083
 1714 1713 5084
 1715 1714 5085
 1716 1715 5086
 1717 1716 5087
 1718 1717 5088
 1719 1718 5089
 1720 1719 5090
 1721 1720 5091
 1722 1721 5092
 1723 1722 5093
 1724 1723 5094
 1725 1724 5095
 1726 1725 5096
 1727 1726 5097
 1728 1727 5098
 1729 1728 5099
 1730 3307 5100
 1731 1730 5101
 1732 1731 5102
 1733 1732 5103
 1734 1733 5104
 1735 1734 5105
 1736 1735 5106
 1737 1736 5107
 1738 1737 5108
 1739 1738 5109
 1740 1739 5110
 1741 1740 5111
 1742 1741 5112
 1743 1742 5113
 1744 1743 5114
 1745 1744 5115
 1746 1745 5116
 1747 1746 5117
 1748 1747 5118
 1749 1748 5119
 1750 1749 5120
 1751 1750 5121
 1752 1751 5122
 1753 1752 5123
 1754 1753 5124
 1755 1754 5125
 1756 1755 5126
 1757 1756 5127
 1758 1757 5128
 1759 1758 5129
 1760 1759 5130
 1761 1760 5131
 1762 1761 5132
 1763 1762 5133
 1764 1763 5134
 1765 1764 5135
 1766 1765 5136
 1767 1766 5137
 1768 1767 5138
 1769 1768 5139
 1770 1769 5140
 1771 1770 5141
 1772 1771 5142
 1773 1772 5143
 1774 3308 5144
 1775 1774 5145
 1776 1775 5146
 1777 1776 5147
 1778 1777 5148
 1779 1778 5149
 1780 1779 5150
 1781 1780 5151
 1782 1781 5152
 1783 1782 5153
 1784 1783 5154
 1785 1784 5155
 1786 1785 5156
 1787 1786 5157
 1788 1787 5158
 1789 1788 5159
 1790 1789 5160
 1791 1790 5161
 1792 1791 5162
 1793 1792 5163
 1794 1793 5164
 1795 1794 5165
 1796 1795 5166
 1797 1796 5167
 1798 1797 5168
 1799 1798 5169
 1800 1799 5170
 1801 1800 5171
 1802 1801 5172
 1803 1802 5173
 1804 1803 5174
 1805 1804 5175
 1806 1805 5176
 1807 1806 5177
 1808 1807 5178
 1809 1808 5179
 1810 1809 5180
 1811 1810 5181
 1812 1811 5182
 1813 1812 5183
 1814 1813 5184
 1815 1814 5185
 1816 1815 5186
 1817 1816 5187
 1818 3309 5188
 1819 1818 5189
 1820 1819 5190
 1821 1820 5191
 1822 1821 5192
 1823 1822 5193
 1824 1823 5194
 1825 1824 5195
 1826 1825 5196
 1827 1826 5197
 1828 1827 5198
 1829 1828 5199
 1830 1829 5200
 1831 1830 5201
 1832 1831 5202
 1833 1832 5203
 1834 1833 5204
 1835 1834 5205
 1836 1835 5206
 1837 1836 5207
 1838 1837 5208
 1839 1838 5209
 1840 1839 5210
 1841 1840 5211
 1842 1841 5212
 1843 1842 5213
 1844 1843 5214
 1845 1844 5215
 1846 1845 5216
 1847 1846 5217
 1848 1847 5218
 1849 1848 5219
 1850 1849 5220
 1851 1850 5221
 1852 1851 5222
 1853 1852 5223
 1854 1853 5224
 1855 1854 5225
 1856 1855 5226
 1857 1856 5227
 1858 1857 5228
 1859 1858 5229
 1860 1859 5230
 1861 3310 5231
 1862 1861 5232
 1863 1862 5233
 1864 1863 5234
 1865 1864 5235
 1866 1865 5236
 1867 1866 5237
 1868 1867 5238
 1869 1868 5239
 1870 1869 5240
 1871 1870 5241
 1872 1871 5242
 1873 1872 5243
 1874 1873 5244
 1875 1874 5245
 1876 1875 5246
 1877 1876 5247
 1878 1877 5248
 1879 1878 5249
 1880 1879 5250
 1881 1880 5251
 1882 1881 5252
 1883 1882 5253
 1884 1883 5254
 1885 1884 5255
 1886 1885 5256
 1887 1886 5257
 1888 1887 5258
 1889 1888 5259
 1890 1889 5260
 1891 1890 5261
 1892 1891 5262
 1893 1892 5263
 1894 1893 5264
 1895 1894 5265
 1896 1895 5266
 1897 1896 5267
 1898 1897 5268
 1899 1898 5269
 1900 1899 5270
 1901 1900 5271
 1902 1901 5272
 1903 3311 5273
 1904 1903 5274
 1905 1904 5275
 1906 1905 5276
 1907 1906 5277
 1908 1907 5278
 1909 1908 5279
 1910 1909 5280
 1911 1910 5281
 1912 1911 5282
 1913 1912 5283
 1914 1913 5284
 1915 1914 5285
 1916 1915 5286
 1917 1916 5287
 1918 1917 5288
 1919 1918 5289
 1920 1919 5290
 1921 1920 5291
 1922 1921 5292
 1923 1922 5293
 1924 1923 5294
 1925 1924 5295
 1926 1925 5296
 1927 1926 5297
 1928 1927 5298
 1929 1928 5299
 1930 1929 5300
 1931 1930 5301
 1932 1931 5302
 1933 1932 5303
 1934 1933 5304
 1935 1934 5305
 1936 1935 5306
 1937 1936 5307
 1938 1937 5308
 1939 1938 5309
 1940 1939 5310
 1941 1940 5311
 1942 1941 5312
 1943 1942 5313
 1944 1943 5314
 1945 3312 5315
 1946 1945 5316
 1947 1946 5317
 1948 1947 5318
 1949 1948 5319
 1950 1949 5320
 1951 1950 5321
 1952 1951 5322
 1953 1952 5323
 1954 1953 5324
 1955 1954 5325
 1956 1955 5326
 1957 1956 5327
 1958 1957 5328
 1959 1958 5329
 1960 1959 5330
 1961 1960 5331
 1962 1961 5332
 1963 1962 5333
 1964 1963 5334
 1965 1964 5335
 1966 1965 5336
 1967 1966 5337
 1968 1967 5338
 1969 1968 5339
 1970 1969 5340
 1971 1970 5341
 1972 1971 5342
 1973 1972 5343
 1974 1973 5344
 1975 1974 5345
 1976 1975 5346
 1977 1976 5347
 1978 1977 5348
 1979 1978 5349
 1980 1979 5350
 1981 1980 5351
 1982 1981 5352
 1983 1982 5353
 1984 1983 5354
 1985 1984 5355
 1986 3313 5356
 1987 1986 5357
 1988 1987 5358
 1989 1988 5359
 1990 1989 5360
 1991 1990 5361
 1992 1991 5362
 1993 1992 5363
 1994 1993 5364
 1995 1994 5365
 1996 1995 5366
 1997 1996 5367
 1998 1997 5368
 1999 1998 5369
 2000 1999 5370
 2001 2000 5371
 2002 2001 5372
 2003 2002 5373
 2004 2003 5374
 2005 2004 5375
 2006 2005 5376
 2007 2006 5377
 2008 2007 5378
 2009 2008 5379
 2010 2009 5380
 2011 2010 5381
 2012 2011 5382
 2013 2012 5383
 2014 2013 5384
 2015 2014 5385
 2016 2015 5386
 2017 2016 5387
 2018 2017 5388
 2019 2018 5389
 2020 2019 5390
 2021 2020 5391
 2022 2021 5392
 2023 2022 5393
 2024 2023 5394
 2025 2024 5395
 2026 3363 5396
 2027 2026 5397
 2028 2027 5398
 2029 2028 5399
 2030 2029 5400
 2031 2030 5401
 2032 2031 5402
 2033 2032 5403
 2034 2033 5404
 2035 2034 5405
 2036 2035 5406
 2037 2036 5407
 2038 2037 5408
 2039 2038 5409
 2040 2039 5410
 2041 2040 5411
 2042 2041 5412
 2043 2042 5413
 2044 2043 5414
 2045 2044 5415
 2046 2045 5416
 2047 2046 5417
 2048 2047 5418
 2049 2048 5419
 2050 2049 5420
 2051 2050 5421
 2052 2051 5422
 2053 2052 5423
 2054 2053 5424
 2055 2054 5425
 2056 2055 5426
 2057 2056 5427
 2058 2057 5428
 2059 2058 5429
 2060 2059 5430
 2061 2060 5431
 2062 2061 5432
 2063 2062 5433
 2064 2063 5434
 2065 2064 5435
 2066 3314 5436
 2067 2066 5437
 2068 2067 5438
 2069 2068 5439
 2070 2069 5440
 2071 2070 5441
 2072 2071 5442
 2073 2072 5443
 2074 2073 5444
 2075 2074 5445
 2076 2075 5446
 2077 2076 5447
 2078 2077 5448
 2079 2078 5449
 2080 2079 5450
 2081 2080 5451
 2082 2081 5452
 2083 2082 5453
 2084 2083 5454
 2085 2084 5455
 2086 2085 5456
 2087 2086 5457
 2088 2087 5458
 2089 2088 5459
 2090 2089 5460
 2091 2090 5461
 2092 2091 5462
 2093 2092 5463
 2094 2093 5464
 2095 2094 5465
 2096 2095 5466
 2097 2096 5467
 2098 2097 5468
 2099 2098 5469
 2100 2099 5470
 2101 2100 5471
 2102 2101 5472
 2103 2102 5473
 2104 2103 5474
 2105 2104 5475
 2106 3315 5476
 2107 2106 5477
 2108 2107 5478
 2109 2108 5479
 2110 2109 5480
 2111 2110 5481
 2112 2111 5482
 2113 2112 5483
 2114 2113 5484
 2115 2114 5485
 2116 2115 5486
 2117 2116 5487
 2118 2117 5488
 2119 2118 5489
 2120 2119 5490
 2121 2120 5491
 2122 2121 5492
 2123 2122 5493
 2124 2123 5494
 2125 2124 5495
 2126 2125 5496
 2127 2126 5497
 2128 2127 5498
 2129 2128 5499
 2130 2129 5500
 2131 2130 5501
 2132 2131 5502
 2133 2132 5503
 2134 2133 5504
 2135 2134 5505
 2136 2135 5506
 2137 2136 5507
 2138 2137 5508
 2139 2138 5509
 2140 2139 5510
 2141 2140 5511
 2142 2141 5512
 2143 2142 5513
 2144 2143 5514
 2145 3316 5515
 2146 2145 5516
 2147 2146 5517
 2148 2147 5518
 2149 2148 5519
 2150 2149 5520
 2151 2150 5521
 2152 2151 5522
 2153 2152 5523
 2154 2153 5524
 2155 2154 5525
 2156 2155 5526
 2157 2156 5527
 2158 2157 5528
 2159 2158 5529
 2160 2159 5530
 2161 2160 5531
 2162 2161 5532
 2163 2162 5533
 2164 2163 5534
 2165 2164 5535
 2166 2165 5536
 2167 2166 5537
 2168 2167 5538
 2169 2168 5539
 2170 2169 5540
 2171 2170 5541
 2172 2171 5542
 2173 2172 5543
 2174 2173 5544
 2175 2174 5545
 2176 2175 5546
 2177 2176 5547
 2178 2177 5548
 2179 2178 5549
 2180 2179 5550
 2181 2180 5551
 2182 2181 5552
 2183 3317 5553
 2184 2183 5554
 2185 2184 5555
 2186 2185 5556
 2187 2186 5557
 2188 2187 5558
 2189 2188 5559
 2190 2189 5560
 2191 2190 5561
 2192 2191 5562
 2193 2192 5563
 2194 2193 5564
 2195 2194 5565
 2196 2195 5566
 2197 2196 5567
 2198 2197 5568
 2199 2198 5569
 2200 2199 5570
 2201 2200 5571
 2202 2201 5572
 2203 2202 5573
 2204 2203 5574
 2205 2204 5575
 2206 2205 5576
 2207 2206 5577
 2208 2207 5578
 2209 2208 5579
 2210 2209 5580
 2211 2210 5581
 2212 2211 5582
 2213 2212 5583
 2214 2213 5584
 2215 2214 5585
 2216 2215 5586
 2217 2216 5587
 2218 2217 5588
 2219 2218 5589
 2220 3318 5590
 2221 2220 5591
 2222 2221 5592
 2223 2222 5593
 2224 2223 5594
 2225 2224 5595
 2226 2225 5596
 2227 2226 5597
 2228 2227 5598
 2229 2228 5599
 2230 2229 5600
 2231 2230 5601
 2232 2231 5602
 2233 2232 5603
 2234 2233 5604
 2235 2234 5605
 2236 2235 5606
 2237 2236 5607
 2238 2237 5608
 2239 2238 5609
 2240 2239 5610
 2241 2240 5611
 2242 2241 5612
 2243 2242 5613
 2244 2243 5614
 2245 2244 5615
 2246 2245 5616
 2247 2246 5617
 2248 2247 5618
 2249 2248 5619
 2250 2249 5620
 2251 2250 5621
 2252 2251 5622
 2253 2252 5623
 2254 2253 5624
 2255 2254 5625
 2256 3364 5626
 2257 2256 5627
 2258 2257 5628
 2259 2258 5629
 2260 2259 5630
 2261 2260 5631
 2262 2261 5632
 2263 2262 5633
 2264 2263 5634
 2265 2264 5635
 2266 2265 5636
 2267 2266 5637
 2268 2267 5638
 2269 2268 5639
 2270 2269 5640
 2271 2270 5641
 2272 2271 5642
 2273 2272 5643
 2274 2273 5644
 2275 2274 5645
 2276 2275 5646
 2277 2276 5647
 2278 2277 5648
 2279 2278 5649
 2280 2279 5650
 2281 2280 5651
 2282 2281 5652
 2283 2282 5653
 2284 2283 5654
 2285 2284 5655
 2286 2285 5656
 2287 2286 5657
 2288 2287 5658
 2289 2288 5659
 2290 2289 5660
 2291 2290 5661
 2292 2291 5662
 2293 3319 5663
 2294 2293 5664
 2295 2294 5665
 2296 2295 5666
 2297 2296 5667
 2298 2297 5668
 2299 2298 5669
 2300 2299 5670
 2301 2300 5671
 2302 2301 5672
 2303 2302 5673
 2304 2303 5674
 2305 2304 5675
 2306 2305 5676
 2307 2306 5677
 2308 2307 5678
 2309 2308 5679
 2310 2309 5680
 2311 2310 5681
 2312 2311 5682
 2313 2312 5683
 2314 2313 5684
 2315 2314 5685
 2316 2315 5686
 2317 2316 5687
 2318 2317 5688
 2319 2318 5689
 2320 2319 5690
 2321 2320 5691
 2322 2321 5692
 2323 2322 5693
 2324 2323 5694
 2325 2324 5695
 2326 2325 5696
 2327 2326 5697
 2328 2327 5698
 2329 3320 5699
 2330 2329 5700
 2331 2330 5701
 2332 2331 5702
 2333 2332 5703
 2334 2333 5704
 2335 2334 5705
 2336 2335 5706
 2337 2336 5707
 2338 2337 5708
 2339 2338 5709
 2340 2339 5710
 2341 2340 5711
 2342 2341 5712
 2343 2342 5713
 2344 2343 5714
 2345 2344 5715
 2346 2345 5716
 2347 2346 5717
 2348 2347 5718
 2349 2348 5719
 2350 2349 5720
 2351 2350 5721
 2352 2351 5722
 2353 2352 5723
 2354 2353 5724
 2355 2354 5725
 2356 2355 5726
 2357 2356 5727
 2358 2357 5728
 2359 2358 5729
 2360 2359 5730
 2361 2360 5731
 2362 2361 5732
 2363 2362 5733
 2364 3321 5734
 2365 2364 5735
 2366 2365 5736
 2367 2366 5737
 2368 2367 5738
 2369 2368 5739
 2370 2369 5740
 2371 2370 5741
 2372 2371 5742
 2373 2372 5743
 2374 2373 5744
 2375 2374 5745
 2376 2375 5746
 2377 2376 5747
 2378 2377 5748
 2379 2378 5749
 2380 2379 5750
 2381 2380 5751
 2382 2381 5752
 2383 2382 5753
 2384 2383 5754
 2385 2384 5755
 2386 2385 5756
 2387 2386 5757
 2388 2387 5758
 2389 2388 5759
 2390 2389 5760
 2391 2390 5761
 2392 2391 5762
 2393 2392 5763
 2394 2393 5764
 2395 2394 5765
 2396 2395 5766
 2397 2396 5767
 2398 3322 5768
 2399 2398 5769
 2400 2399 5770
 2401 2400 5771
 2402 2401 5772
 2403 2402 5773
 2404 2403 5774
 2405 2404 5775
 2406 2405 5776
 2407 2406 5777
 2408 2407 5778
 2409 2408 5779
 2410 2409 5780
 2411 2410 5781
 2412 2411 5782
 2413 2412 5783
 2414 2413 5784
 2415 2414 5785
 2416 2415 5786
 2417 2416 5787
 2418 2417 5788
 2419 2418 5789
 2420 2419 5790
 2421 2420 5791
 2422 2421 5792
 2423 2422 5793
 2424 2423 5794
 2425 2424 5795
 2426 2425 5796
 2427 2426 5797
 2428 2427 5798
 2429 2428 5799
 2430 2429 5800
 2431 2430 5801
 2432 3323 5802
 2433 2432 5803
 2434 2433 5804
 2435 2434 5805
 2436 2435 5806
 2437 2436 5807
 2438 2437 5808
 2439 2438 5809
 2440 2439 5810
 2441 2440 5811
 2442 2441 5812
 2443 2442 5813
 2444 2443 5814
 2445 2444 5815
 2446 2445 5816
 2447 2446 5817
 2448 2447 5818
 2449 2448 5819
 2450 2449 5820
 2451 2450 5821
 2452 2451 5822
 2453 2452 5823
 2454 2453 5824
 2455 2454 5825
 2456 2455 5826
 2457 2456 5827
 2458 2457 5828
 2459 2458 5829
 2460 2459 5830
 2461 2460 5831
 2462 2461 5832
 2463 2462 5833
 2464 2463 5834
 2465 3324 5835
 2466 2465 5836
 2467 2466 5837
 2468 2467 5838
 2469 2468 5839
 2470 2469 5840
 2471 2470 5841
 2472 2471 5842
 2473 2472 5843
 2474 2473 5844
 2475 2474 5845
 2476 2475 5846
 2477 2476 5847
 2478 2477 5848
 2479 2478 5849
 2480 2479 5850
 2481 2480 5851
 2482 2481 5852
 2483 2482 5853
 2484 2483 5854
 2485 2484 5855
 2486 2485 5856
 2487 2486 5857
 2488 2487 5858
 2489 2488 5859
 2490 2489 5860
 2491 2490 5861
 2492 2491 5862
 2493 2492 5863
 2494 2493 5864
 2495 2494 5865
 2496 2495 5866
 2497 3325 5867
 2498 2497 5868
 2499 2498 5869
 2500 2499 5870
 2501 2500 5871
 2502 2501 5872
 2503 2502 5873
 2504 2503 5874
 2505 2504 5875
 2506 2505 5876
 2507 2506 5877
 2508 2507 5878
 2509 2508 5879
 2510 2509 5880
 2511 2510 5881
 2512 2511 5882
 2513 2512 5883
 2514 2513 5884
 2515 2514 5885
 2516 2515 5886
 2517 2516 5887
 2518 2517 5888
 2519 2518 5889
 2520 2519 5890
 2521 2520 5891
 2522 2521 5892
 2523 2522 5893
 2524 2523 5894
 2525 2524 5895
 2526 2525 5896
 2527 2526 5897
 2528 2527 5898
 2529 3326 5899
 2530 2529 5900
 2531 2530 5901
 2532 2531 5902
 2533 2532 5903
 2534 2533 5904
 2535 2534 5905
 2536 2535 5906
 2537 2536 5907
 2538 2537 5908
 2539 2538 5909
 2540 2539 5910
 2541 2540 5911
 2542 2541 5912
 2543 2542 5913
 2544 2543 5914
 2545 2544 5915
 2546 2545 5916
 2547 2546 5917
 2548 2547 5918
 2549 2548 5919
 2550 2549 5920
 2551 2550 5921
 2552 2551 5922
 2553 2552 5923
 2554 2553 5924
 2555 2554 5925
 2556 2555 5926
 2557 2556 5927
 2558 2557 5928
 2559 2558 5929
 2560 2559 5930
 2561 3327 5931
 2562 2561 5932
 2563 2562 5933
 2564 2563 5934
 2565 2564 5935
 2566 2565 5936
 2567 2566 5937
 2568 2567 5938
 2569 2568 5939
 2570 2569 5940
 2571 2570 5941
 2572 2571 5942
 2573 2572 5943
 2574 2573 5944
 2575 2574 5945
 2576 2575 5946
 2577 2576 5947
 2578 2577 5948
 2579 2578 5949
 2580 2579 5950
 2581 2580 5951
 2582 2581 5952
 2583 2582 5953
 2584 2583 5954
 2585 2584 5955
 2586 2585 5956
 2587 2586 5957
 2588 2587 5958
 2589 2588 5959
 2590 2589 5960
 2591 2590 5961
 2592 3328 5962
 2593 2592 5963
 2594 2593 5964
 2595 2594 5965
 2596 2595 5966
 2597 2596 5967
 2598 2597 5968
 2599 2598 5969
 2600 2599 5970
 2601 2600 5971
 2602 2601 5972
 2603 2602 5973
 2604 2603 5974
 2605 2604 5975
 2606 2605 5976
 2607 2606 5977
 2608 2607 5978
 2609 2608 5979
 2610 2609 5980
 2611 2610 5981
 2612 2611 5982
 2613 2612 5983
 2614 2613 5984
 2615 2614 5985
 2616 2615 5986
 2617 2616 5987
 2618 2617 5988
 2619 2618 5989
 2620 2619 5990
 2621 2620 5991
 2622 3329 5992
 2623 2622 5993
 2624 2623 5994
 2625 2624 5995
 2626 2625 5996
 2627 2626 5997
 2628 2627 5998
 2629 2628 5999
 2630 2629 6000
 2631 2630 6001
 2632 2631 6002
 2633 2632 6003
 2634 2633 6004
 2635 2634 6005
 2636 2635 6006
 2637 2636 6007
 2638 2637 6008
 2639 2638 6009
 2640 2639 6010
 2641 2640 6011
 2642 2641 6012
 2643 2642 6013
 2644 2643 6014
 2645 2644 6015
 2646 2645 6016
 2647 2646 6017
 2648 2647 6018
 2649 2648 6019
 2650 2649 6020
 2651 3330 6021
 2652 2651 6022
 2653 2652 6023
 2654 2653 6024
 2655 2654 6025
 2656 2655 6026
 2657 2656 6027
 2658 2657 6028
 2659 2658 6029
 2660 2659 6030
 2661 2660 6031
 2662 2661 6032
 2663 2662 6033
 2664 2663 6034
 2665 2664 6035
 2666 2665 6036
 2667 2666 6037
 2668 2667 6038
 2669 2668 6039
 2670 2669 6040
 2671 2670 6041
 2672 2671 6042
 2673 2672 6043
 2674 2673 6044
 2675 2674 6045
 2676 2675 6046
 2677 2676 6047
 2678 2677 6048
 2679 2678 6049
 2680 3331 6050
 2681 2680 6051
 2682 2681 6052
 2683 2682 6053
 2684 2683 6054
 2685 2684 6055
 2686 2685 6056
 2687 2686 6057
 2688 2687 6058
 2689 2688 6059
 2690 2689 6060
 2691 2690 6061
 2692 2691 6062
 2693 2692 6063
 2694 2693 6064
 2695 2694 6065
 2696 2695 6066
 2697 2696 6067
 2698 2697 6068
 2699 2698 6069
 2700 2699 6070
 2701 2700 6071
 2702 2701 6072
 2703 2702 6073
 2704 2703 6074
 2705 2704 6075
 2706 2705 6076
 2707 2706 6077
 2708 2707 6078
 2709 3332 6079
 2710 2709 6080
 2711 2710 6081
 2712 2711 6082
 2713 2712 6083
 2714 2713 6084
 2715 2714 6085
 2716 2715 6086
 2717 2716 6087
 2718 2717 6088
 2719 2718 6089
 2720 2719 6090
 2721 2720 6091
 2722 2721 6092
 2723 2722 6093
 2724 2723 6094
 2725 2724 6095
 2726 2725 6096
 2727 2726 6097
 2728 2727 6098
 2729 2728 6099
 2730 2729 6100
 2731 2730 6101
 2732 2731 6102
 2733 2732 6103
 2734 2733 6104
 2735 2734 6105
 2736 2735 6106
 2737 3333 6107
 2738 2737 6108
 2739 2738 6109
 2740 2739 6110
 2741 2740 6111
 2742 2741 6112
 2743 2742 6113
 2744 2743 6114
 2745 2744 6115
 2746 2745 6116
 2747 2746 6117
 2748 2747 6118
 2749 2748 6119
 2750 2749 6120
 2751 2750 6121
 2752 2751 6122
 2753 2752 6123
 2754 2753 6124
 2755 2754 6125
 2756 2755 6126
 2757 2756 6127
 2758 2757 6128
 2759 2758 6129
 2760 2759 6130
 2761 2760 6131
 2762 2761 6132
 2763 2762 6133
 2764 3334 6134
 2765 2764 6135
 2766 2765 6136
 2767 2766 6137
 2768 2767 6138
 2769 2768 6139
 2770 2769 6140
 2771 2770 6141
 2772 2771 6142
 2773 2772 6143
 2774 2773 6144
 2775 2774 6145
 2776 2775 6146
 2777 2776 6147
 2778 2777 6148
 2779 2778 6149
 2780 2779 6150
 2781 2780 6151
 2782 2781 6152
 2783 2782 6153
 2784 2783 6154
 2785 2784 6155
 2786 2785 6156
 2787 2786 6157
 2788 2787 6158
 2789 2788 6159
 2790 3335 6160
 2791 2790 6161
 2792 2791 6162
 2793 2792 6163
 2794 2793 6164
 2795 2794 6165
 2796 2795 6166
 2797 2796 6167
 2798 2797 6168
 2799 2798 6169
 2800 2799 6170
 2801 2800 6171
 2802 2801 6172
 2803 2802 6173
 2804 2803 6174
 2805 2804 6175
 2806 2805 6176
 2807 2806 6177
 2808 2807 6178
 2809 2808 6179
 2810 2809 6180
 2811 2810 6181
 2812 2811 6182
 2813 2812 6183
 2814 2813 6184
 2815 2814 6185
 2816 3336 6186
 2817 2816 6187
 2818 2817 6188
 2819 2818 6189
 2820 2819 6190
 2821 2820 6191
 2822 2821 6192
 2823 2822 6193
 2824 2823 6194
 2825 2824 6195
 2826 2825 6196
 2827 2826 6197
 2828 2827 6198
 2829 2828 6199
 2830 2829 6200
 2831 2830 6201
 2832 2831 6202
 2833 2832 6203
 2834 2833 6204
 2835 2834 6205
 2836 2835 6206
 2837 2836 6207
 2838 2837 6208
 2839 2838 6209
 2840 2839 6210
 2841 3365 6211
 2842 2841 6212
 2843 2842 6213
 2844 2843 6214
 2845 2844 6215
 2846 2845 6216
 2847 2846 6217
 2848 2847 6218
 2849 2848 6219
 2850 2849 6220
 2851 2850 6221
 2852 2851 6222
 2853 2852 6223
 2854 2853 6224
 2855 2854 6225
 2856 2855 6226
 2857 2856 6227
 2858 2857 6228
 2859 2858 6229
 2860 2859 6230
 2861 2860 6231
 2862 2861 6232
 2863 2862 6233
 2864 2863 6234
 2865 2864 6235
 2866 3337 6236
 2867 2866 6237
 2868 2867 6238
 2869 2868 6239
 2870 2869 6240
 2871 2870 6241
 2872 2871 6242
 2873 2872 6243
 2874 2873 6244
 2875 2874 6245
 2876 2875 6246
 2877 2876 6247
 2878 2877 6248
 2879 2878 6249
 2880 2879 6250
 2881 2880 6251
 2882 2881 6252
 2883 2882 6253
 2884 2883 6254
 2885 2884 6255
 2886 2885 6256
 2887 2886 6257
 2888 2887 6258
 2889 2888 6259
 2890 3338 6260
 2891 2890 6261
 2892 2891 6262
 2893 2892 6263
 2894 2893 6264
 2895 2894 6265
 2896 2895 6266
 2897 2896 6267
 2898 2897 6268
 2899 2898 6269
 2900 2899 6270
 2901 2900 6271
 2902 2901 6272
 2903 2902 6273
 2904 2903 6274
 2905 2904 6275
 2906 2905 6276
 2907 2906 6277
 2908 2907 6278
 2909 2908 6279
 2910 2909 6280
 2911 2910 6281
 2912 2911 6282
 2913 2912 6283
 2914 3339 6284
 2915 2914 6285
 2916 2915 6286
 2917 2916 6287
 2918 2917 6288
 2919 2918 6289
 2920 2919 6290
 2921 2920 6291
 2922 2921 6292
 2923 2922 6293
 2924 2923 6294
 2925 2924 6295
 2926 2925 6296
 2927 2926 6297
 2928 2927 6298
 2929 2928 6299
 2930 2929 6300
 2931 2930 6301
 2932 2931 6302
 2933 2932 6303
 2934 2933 6304
 2935 2934 6305
 2936 2935 6306
 2937 3340 6307
 2938 2937 6308
 2939 2938 6309
 2940 2939 6310
 2941 2940 6311
 2942 2941 6312
 2943 2942 6313
 2944 2943 6314
 2945 2944 6315
 2946 2945 6316
 2947 2946 6317
 2948 2947 6318
 2949 2948 6319
 2950 2949 6320
 2951 2950 6321
 2952 2951 6322
 2953 2952 6323
 2954 2953 6324
 2955 2954 6325
 2956 2955 6326
 2957 2956 6327
 2958 2957 6328
 2959 3341 6329
 2960 2959 6330
 2961 2960 6331
 2962 2961 6332
 2963 2962 6333
 2964 2963 6334
 2965 2964 6335
 2966 2965 6336
 2967 2966 6337
 2968 2967 6338
 2969 2968 6339
 2970 2969 6340
 2971 2970 6341
 2972 2971 6342
 2973 2972 6343
 2974 2973 6344
 2975 2974 6345
 2976 2975 6346
 2977 2976 6347
 2978 2977 6348
 2979 2978 6349
 2980 3366 6350
 2981 2980 6351
 2982 2981 6352
 2983 2982 6353
 2984 2983 6354
 2985 2984 6355
 2986 2985 6356
 2987 2986 6357
 2988 2987 6358
 2989 2988 6359
 2990 2989 6360
 2991 2990 6361
 2992 2991 6362
 2993 2992 6363
 2994 2993 6364
 2995 2994 6365
 2996 2995 6366
 2997 2996 6367
 2998 2997 6368
 2999 2998 6369
 3000 2999 6370
 3001 3000 6371
 3002 3342 6372
 3003 3002 6373
 3004 3003 6374
 3005 3004 6375
 3006 3005 6376
 3007 3006 6377
 3008 3007 6378
 3009 3008 6379
 3010 3009 6380
 3011 3010 6381
 3012 3011 6382
 3013 3012 6383
 3014 3013 6384
 3015 3014 6385
 3016 3015 6386
 3017 3016 6387
 3018 3017 6388
 3019 3018 6389
 3020 3019 6390
 3021 3020 6391
 3022 3021 6392
 3023 3343 6393
 3024 3023 6394
 3025 3024 6395
 3026 3025 6396
 3027 3026 6397
 3028 3027 6398
 3029 3028 6399
 3030 3029 6400
 3031 3030 6401
 3032 3031 6402
 3033 3032 6403
 3034 3033 6404
 3035 3034 6405
 3036 3035 6406
 3037 3036 6407
 3038 3037 6408
 3039 3038 6409
 3040 3039 6410
 3041 3040 6411
 3042 3041 6412
 3043 3344 6413
 3044 3043 6414
 3045 3044 6415
 3046 3045 6416
 3047 3046 6417
 3048 3047 6418
 3049 3048 6419
 3050 3049 6420
 3051 3050 6421
 3052 3051 6422
 3053 3052 6423
 3054 3053 6424
 3055 3054 6425
 3056 3055 6426
 3057 3056 6427
 3058 3057 6428
 3059 3058 6429
 3060 3059 6430
 3061 3060 6431
 3062 3345 6432
 3063 3062 6433
 3064 3063 6434
 3065 3064 6435
 3066 3065 6436
 3067 3066 6437
 3068 3067 6438
 3069 3068 6439
 3070 3069 6440
 3071 3070 6441
 3072 3071 6442
 3073 3072 6443
 3074 3073 6444
 3075 3074 6445
 3076 3075 6446
 3077 3076 6447
 3078 3077 6448
 3079 3078 6449
 3080 3079 6450
 3081 3346 6451
 3082 3081 6452
 3083 3082 6453
 3084 3083 6454
 3085 3084 6455
 3086 3085 6456
 3087 3086 6457
 3088 3087 6458
 3089 3088 6459
 3090 3089 6460
 3091 3090 6461
 3092 3091 6462
 3093 3092 6463
 3094 3093 6464
 3095 3094 6465
 3096 3095 6466
 3097 3096 6467
 3098 3097 6468
 3099 3367 6469
 3100 3099 6470
 3101 3100 6471
 3102 3101 6472
 3103 3102 6473
 3104 3103 6474
 3105 3104 6475
 3106 3105 6476
 3107 3106 6477
 3108 3107 6478
 3109 3108 6479
 3110 3109 6480
 3111 3110 6481
 3112 3111 6482
 3113 3112 6483
 3114 3113 6484
 3115 3114 6485
 3116 3115 6486
 3117 3347 6487
 3118 3117 6488
 3119 3118 6489
 3120 3119 6490
 3121 3120 6491
 3122 3121 6492
 3123 3122 6493
 3124 3123 6494
 3125 3124 6495
 3126 3125 6496
 3127 3126 6497
 3128 3127 6498
 3129 3128 6499
 3130 3129 6500
 3131 3130 6501
 3132 3131 6502
 3133 3132 6503
 3134 3348 6504
 3135 3134 6505
 3136 3135 6506
 3137 3136 6507
 3138 3137 6508
 3139 3138 6509
 3140 3139 6510
 3141 3140 6511
 3142 3141 6512
 3143 3142 6513
 3144 3143 6514
 3145 3144 6515
 3146 3145 6516
 3147 3146 6517
 3148 3147 6518
 3149 3148 6519
 3150 3349 6520
 3151 3150 6521
 3152 3151 6522
 3153 3152 6523
 3154 3153 6524
 3155 3154 6525
 3156 3155 6526
 3157 3156 6527
 3158 3157 6528
 3159 3158 6529
 3160 3159 6530
 3161 3160 6531
 3162 3161 6532
 3163 3162 6533
 3164 3163 6534
 3165 3164 6535
 3166 3350 6536
 3167 3166 6537
 3168 3167 6538
 3169 3168 6539
 3170 3169 6540
 3171 3170 6541
 3172 3171 6542
 3173 3172 6543
 3174 3173 6544
 3175 3174 6545
 3176 3175 6546
 3177 3176 6547
 3178 3177 6548
 3179 3178 6549
 3180 3179 6550
 3181 3351 6551
 3182 3181 6552
 3183 3182 6553
 3184 3183 6554
 3185 3184 6555
 3186 3185 6556
 3187 3186 6557
 3188 3187 6558
 3189 3188 6559
 3190 3189 6560
 3191 3190 6561
 3192 3191 6562
 3193 3192 6563
 3194 3193 6564
 3195 3352 6565
 3196 3195 6566
 3197 3196 6567
 3198 3197 6568
 3199 3198 6569
 3200 3199 6570
 3201 3200 6571
 3202 3201 6572
 3203 3202 6573
 3204 3203 6574
 3205 3204 6575
 3206 3205 6576
 3207 3206 6577
 3208 3353 6578
 3209 3208 6579
 3210 3209 6580
 3211 3210 6581
 3212 3211 6582
 3213 3212 6583
 3214 3213 6584
 3215 3214 6585
 3216 3215 6586
 3217 3216 6587
 3218 3217 6588
 3219 3218 6589
 3220 3219 6590
 3221 3220 6591
 3222 3354 6592
 3223 3222 6593
 3224 3223 6594
 3225 3224 6595
 3226 3225 6596
 3227 3226 6597
 3228 3227 6598
 3229 3228 6599
 3230 3229 6600
 3231 3230 6601
 3232 3231 6602
 3233 3232 6603
 3234 3233 6604
 3235 3355 6605
 3236 3235 6606
 3237 3236 6607
 3238 3237 6608
 3239 3238 6609
 3240 3239 6610
 3241 3240 6611
 3242 3241 6612
 3243 3242 6613
 3244 3243 6614
 3245 3244 6615
 3246 3245 6616
 3247 3356 6617
 3248 3247 6618
 3249 3248 6619
 3250 3249 6620
 3251 3250 6621
 3252 3251 6622
 3253 3252 6623
 3254 3253 6624
 3255 3254 6625
 3256 3255 6626
 3257 3256 6627
 3258 3357 6628
 3259 3258 6629
 3260 3259 6630
 3261 3260 6631
 3262 3261 6632
 3263 3262 6633
 3264 3263 6634
 3265 3264 6635
 3266 3265 6636
 3267 3266 6637
 3268 3267 6638
 3269 3358 6639
 3270 3269 6640
 3271 3270 6641
 3272 3271 6642
 3273 3272 6643
 3274 3273 6644
 3275 3274 6645
 3276 3275 6646
 3277 3276 6647
 3278 3277 6648
 61 0 3370
 62 1 3371
 63 2 3372
 64 3 3373
 65 4 3374
 66 5 3375
 67 6 3376
 68 7 3377
 69 8 3378
 70 9 3379
 71 10 3380
 72 11 3381
 73 12 3382
 74 13 3383
 75 14 3384
 76 15 3385
 77 16 3386
 78 17 3387
 79 18 3388
 80 19 3389
 81 20 3390
 82 21 3391
 83 22 3392
 84 23 3393
 85 24 3394
 86 25 3395
 87 26 3396
 88 27 3397
 89 28 3398
 90 29 3399
 91 30 3400
 92 31 3401
 93 32 3402
 94 33 3403
 95 34 3404
 96 35 3405
 97 36 3406
 98 37 3407
 99 38 3408
 100 39 3409
 101 40 3410
 102 41 3411
 103 42 3412
 104 43 3413
 105 44 3414
 106 45 3415
 107 46 3416
 108 47 3417
 109 48 3418
 110 49 3419
 111 50 3420
 112 51 3421
 113 52 3422
 114 53 3423
 115 54 3424
 116 55 3425
 117 56 3426
 118 57 3427
 119 58 3428
 120 59 3429
 121 60 3430
 123 3369 6649
 3279 61 3431
 124 62 3432
 125 63 3433
 126 64 3434
 127 65 3435
 128 66 3436
 129 67 3437
 130 68 3438
 131 69 3439
 132 70 3440
 133 71 3441
 134 72 3442
 135 73 3443
 136 74 3444
 137 75 3445
 138 76 3446
 139 77 3447
 140 78 3448
 141 79 3449
 142 80 3450
 143 81 3451
 144 82 3452
 145 83 3453
 146 84 3454
 147 85 3455
 148 86 3456
 149 87 3457
 150 88 3458
 151 89 3459
 152 90 3460
 153 91 3461
 154 92 3462
 155 93 3463
 156 94 3464
 157 95 3465
 158 96 3466
 159 97 3467
 160 98 3468
 161 99 3469
 162 100 3470
 163 101 3471
 164 102 3472
 165 103 3473
 166 104 3474
 167 105 3475
 168 106 3476
 169 107 3477
 170 108 3478
 171 109 3479
 172 110 3480
 173 111 3481
 174 112 3482
 175 113 3483
 176 114 3484
 177 115 3485
 178 116 3486
 179 117 3487
 180 118 3488
 181 119 3489
 182 120 3490
 183 121 3491
 184 122 3492
 185 123 3493
 3280 124 3494
 187 125 3495
 188 126 3496
 189 127 3497
 190 128 3498
 191 129 3499
 192 130 3500
 193 131 3501
 194 132 3502
 195 133 3503
 196 134 3504
 197 135 3505
 198 136 3506
 199 137 3507
 200 138 3508
 201 139 3509
 202 140 3510
 203 141 3511
 204 142 3512
 205 143 3513
 206 144 3514
 207 145 3515
 208 146 3516
 209 147 3517
 210 148 3518
 211 149 3519
 212 150 3520
 213 151 3521
 214 152 3522
 215 153 3523
 216 154 3524
 217 155 3525
 218 156 3526
 219 157 3527
 220 158 3528
 221 159 3529
 222 160 3530
 223 161 3531
 224 162 3532
 225 163 3533
 226 164 3534
 227 165 3535
 228 166 3536
 229 167 3537
 230 168 3538
 231 169 3539
 232 170 3540
 233 171 3541
 234 172 3542
 235 173 3543
 236 174 3544
 237 175 3545
 238 176 3546
 239 177 3547
 240 178 3548
 241 179 3549
 242 180 3550
 243 181 3551
 244 182 3552
 245 183 3553
 246 184 3554
 247 185 3555
 248 186 3556
 3281 187 3557
 249 188 3558
 250 189 3559
 251 190 3560
 252 191 3561
 253 192 3562
 254 193 3563
 255 194 3564
 256 195 3565
 257 196 3566
 258 197 3567
 259 198 3568
 260 199 3569
 261 200 3570
 262 201 3571
 263 202 3572
 264 203 3573
 265 204 3574
 266 205 3575
 267 206 3576
 268 207 3577
 269 208 3578
 270 209 3579
 271 210 3580
 272 211 3581
 273 212 3582
 274 213 3583
 275 214 3584
 276 215 3585
 277 216 3586
 278 217 3587
 279 218 3588
 280 219 3589
 281 220 3590
 282 221 3591
 283 222 3592
 284 223 3593
 285 224 3594
 286 225 3595
 287 226 3596
 288 227 3597
 289 228 3598
 290 229 3599
 291 230 3600
 292 231 3601
 293 232 3602
 294 233 3603
 295 234 3604
 296 235 3605
 297 236 3606
 298 237 3607
 299 238 3608
 300 239 3609
 301 240 3610
 302 241 3611
 303 242 3612
 304 243 3613
 305 244 3614
 306 245 3615
 307 246 3616
 308 247 3617
 309 248 3618
 3282 249 3619
 310 250 3620
 311 251 3621
 312 252 3622
 313 253 3623
 314 254 3624
 315 255 3625
 316 256 3626
 317 257 3627
 318 258 3628
 319 259 3629
 320 260 3630
 321 261 3631
 322 262 3632
 323 263 3633
 324 264 3634
 325 265 3635
 326 266 3636
 327 267 3637
 328 268 3638
 329 269 3639
 330 270 3640
 331 271 3641
 332 272 3642
 333 273 3643
 334 274 3644
 335 275 3645
 336 276 3646
 337 277 3647
 338 278 3648
 339 279 3649
 340 280 3650
 341 281 3651
 342 282 3652
 343 283 3653
 344 284 3654
 345 285 3655
 346 286 3656
 347 287 3657
 348 288 3658
 349 289 3659
 350 290 3660
 351 291 3661
 352 292 3662
 353 293 3663
 354 294 3664
 355 295 3665
 356 296 3666
 357 297 3667
 358 298 3668
 359 299 3669
 360 300 3670
 361 301 3671
 362 302 3672
 363 303 3673
 364 304 3674
 365 305 3675
 366 306 3676
 367 307 3677
 368 308 3678
 369 309 3679
 3283 310 3680
 370 311 3681
 371 312 3682
 372 313 3683
 373 314 3684
 374 315 3685
 375 316 3686
 376 317 3687
 377 318 3688
 378 319 3689
 379 320 3690
 380 321 3691
 381 322 3692
 382 323 3693
 383 324 3694
 384 325 3695
 385 326 3696
 386 327 3697
 387 328 3698
 388 329 3699
 389 330 3700
 390 331 3701
 391 332 3702
 392 333 3703
 393 334 3704
 394 335 3705
 395 336 3706
 396 337 3707
 397 338 3708
 398 339 3709
 399 340 3710
 400 341 3711
 401 342 3712
 402 343 3713
 403 344 3714
 404 345 3715
 405 346 3716
 406 347 3717
 407 348 3718
 408 349 3719
 409 350 3720
 410 351 3721
 411 352 3722
 412 353 3723
 413 354 3724
 414 355 3725
 415 356 3726
 416 357 3727
 417 358 3728
 418 359 3729
 419 360 3730
 420 361 3731
 421 362 3732
 422 363 3733
 423 364 3734
 424 365 3735
 425 366 3736
 426 367 3737
 427 368 3738
 428 369 3739
 3284 370 3740
 430 371 3741
 431 372 3742
 432 373 3743
 433 374 3744
 434 375 3745
 435 376 3746
 436 377 3747
 437 378 3748
 438 379 3749
 439 380 3750
 440 381 3751
 441 382 3752
 442 383 3753
 443 384 3754
 444 385 3755
 445 386 3756
 446 387 3757
 447 388 3758
 448 389 3759
 449 390 3760
 450 391 3761
 451 392 3762
 452 393 3763
 453 394 3764
 454 395 3765
 455 396 3766
 456 397 3767
 457 398 3768
 458 399 3769
 459 400 3770
 460 401 3771
 461 402 3772
 462 403 3773
 463 404 3774
 464 405 3775
 465 406 3776
 466 407 3777
 467 408 3778
 468 409 3779
 469 410 3780
 470 411 3781
 471 412 3782
 472 413 3783
 473 414 3784
 474 415 3785
 475 416 3786
 476 417 3787
 477 418 3788
 478 419 3789
 479 420 3790
 480 421 3791
 481 422 3792
 482 423 3793
 483 424 3794
 484 425 3795
 485 426 3796
 486 427 3797
 487 428 3798
 488 429 3799
 3285 3284 6650
 489 430 3800
 490 431 3801
 491 432 3802
 492 433 3803
 493 434 3804
 494 435 3805
 495 436 3806
 496 437 3807
 497 438 3808
 498 439 3809
 499 440 3810
 500 441 3811
 501 442 3812
 502 443 3813
 503 444 3814
 504 445 3815
 505 446 3816
 506 447 3817
 507 448 3818
 508 449 3819
 509 450 3820
 510 451 3821
 511 452 3822
 512 453 3823
 513 454 3824
 514 455 3825
 515 456 3826
 516 457 3827
 517 458 3828
 518 459 3829
 519 460 3830
 520 461 3831
 521 462 3832
 522 463 3833
 523 464 3834
 524 465 3835
 525 466 3836
 526 467 3837
 527 468 3838
 528 469 3839
 529 470 3840
 530 471 3841
 531 472 3842
 532 473 3843
 533 474 3844
 534 475 3845
 535 476 3846
 536 477 3847
 537 478 3848
 538 479 3849
 539 480 3850
 540 481 3851
 541 482 3852
 542 483 3853
 543 484 3854
 544 485 3855
 545 486 3856
 546 487 3857
 547 488 3858
 3286 489 3859
 548 490 3860
 549 491 3861
 550 492 3862
 551 493 3863
 552 494 3864
 553 495 3865
 554 496 3866
 555 497 3867
 556 498 3868
 557 499 3869
 558 500 3870
 559 501 3871
 560 502 3872
 561 503 3873
 562 504 3874
 563 505 3875
 564 506 3876
 565 507 3877
 566 508 3878
 567 509 3879
 568 510 3880
 569 511 3881
 570 512 3882
 571 513 3883
 572 514 3884
 573 515 3885
 574 516 3886
 575 517 3887
 576 518 3888
 577 519 3889
 578 520 3890
 579 521 3891
 580 522 3892
 581 523 3893
 582 524 3894
 583 525 3895
 584 526 3896
 585 527 3897
 586 528 3898
 587 529 3899
 588 530 3900
 589 531 3901
 590 532 3902
 591 533 3903
 592 534 3904
 593 535 3905
 594 536 3906
 595 537 3907
 596 538 3908
 597 539 3909
 598 540 3910
 599 541 3911
 600 542 3912
 601 543 3913
 602 544 3914
 603 545 3915
 604 546 3916
 605 547 3917
 3287 548 3918
 606 549 3919
 607 550 3920
 608 551 3921
 609 552 3922
 610 553 3923
 611 554 3924
 612 555 3925
 613 556 3926
 614 557 3927
 615 558 3928
 616 559 3929
 617 560 3930
 618 561 3931
 619 562 3932
 620 563 3933
 621 564 3934
 622 565 3935
 623 566 3936
 624 567 3937
 625 568 3938
 626 569 3939
 627 570 3940
 628 571 3941
 629 572 3942
 630 573 3943
 631 574 3944
 632 575 3945
 633 576 3946
 634 577 3947
 635 578 3948
 636 579 3949
 637 580 3950
 638 581 3951
 639 582 3952
 640 583 3953
 641 584 3954
 642 585 3955
 643 586 3956
 644 587 3957
 645 588 3958
 646 589 3959
 647 590 3960
 648 591 3961
 649 592 3962
 650 593 3963
 651 594 3964
 652 595 3965
 653 596 3966
 654 597 3967
 655 598 3968
 656 599 3969
 657 600 3970
 658 601 3971
 659 602 3972
 660 603 3973
 661 604 3974
 662 605 3975
 3288 606 3976
 664 607 3977
 665 608 3978
 666 609 3979
 667 610 3980
 668 611 3981
 669 612 3982
 670 613 3983
 671 614 3984
 672 615 3985
 673 616 3986
 674 617 3987
 675 618 3988
 676 619 3989
 677 620 3990
 678 621 3991
 679 622 3992
 680 623 3993
 681 624 3994
 682 625 3995
 683 626 3996
 684 627 3997
 685 628 3998
 686 629 3999
 687 630 4000
 688 631 4001
 689 632 4002
 690 633 4003
 691 634 4004
 692 635 4005
 693 636 4006
 694 637 4007
 695 638 4008
 696 639 4009
 697 640 4010
 698 641 4011
 699 642 4012
 700 643 4013
 701 644 4014
 702 645 4015
 703 646 4016
 704 647 4017
 705 648 4018
 706 649 4019
 707 650 4020
 708 651 4021
 709 652 4022
 710 653 4023
 711 654 4024
 712 655 4025
 713 656 4026
 714 657 4027
 715 658 4028
 716 659 4029
 717 660 4030
 718 661 4031
 719 662 4032
 720 663 4033
 3289 664 4034
 721 665 4035
 722 666 4036
 723 667 4037
 724 668 4038
 725 669 4039
 726 670 4040
 727 671 4041
 728 672 4042
 729 673 4043
 730 674 4044
 731 675 4045
 732 676 4046
 733 677 4047
 734 678 4048
 735 679 4049
 736 680 4050
 737 681 4051
 738 682 4052
 739 683 4053
 740 684 4054
 741 685 4055
 742 686 4056
 743 687 4057
 744 688 4058
 745 689 4059
 746 690 4060
 747 691 4061
 748 692 4062
 749 693 4063
 750 694 4064
 751 695 4065
 752 696 4066
 753 697 4067
 754 698 4068
 755 699 4069
 756 700 4070
 757 701 4071
 758 702 4072
 759 703 4073
 760 704 4074
 761 705 4075
 762 706 4076
 763 707 4077
 764 708 4078
 765 709 4079
 766 710 4080
 767 711 4081
 768 712 4082
 769 713 4083
 770 714 4084
 771 715 4085
 772 716 4086
 773 717 4087
 774 718 4088
 775 719 4089
 776 720 4090
 3290 721 4091
 777 722 4092
 778 723 4093
 779 724 4094
 780 725 4095
 781 726 4096
 782 727 4097
 783 728 4098
 784 729 4099
 785 730 4100
 786 731 4101
 787 732 4102
 788 733 4103
 789 734 4104
 790 735 4105
 791 736 4106
 792 737 4107
 793 738 4108
 794 739 4109
 795 740 4110
 796 741 4111
 797 742 4112
 798 743 4113
 799 744 4114
 800 745 4115
 801 746 4116
 802 747 4117
 803 748 4118
 804 749 4119
 805 750 4120
 806 751 4121
 807 752 4122
 808 753 4123
 809 754 4124
 810 755 4125
 811 756 4126
 812 757 4127
 813 758 4128
 814 759 4129
 815 760 4130
 816 761 4131
 817 762 4132
 818 763 4133
 819 764 4134
 820 765 4135
 821 766 4136
 822 767 4137
 823 768 4138
 824 769 4139
 825 770 4140
 826 771 4141
 827 772 4142
 828 773 4143
 829 774 4144
 830 775 4145
 831 776 4146
 832 777 4147
 833 778 4148
 834 779 4149
 835 780 4150
 836 781 4151
 837 782 4152
 838 783 4153
 839 784 4154
 840 785 4155
 841 786 4156
 842 787 4157
 843 788 4158
 844 789 4159
 845 790 4160
 846 791 4161
 847 792 4162
 848 793 4163
 849 794 4164
 850 795 4165
 851 796 4166
 852 797 4167
 853 798 4168
 854 799 4169
 855 800 4170
 856 801 4171
 857 802 4172
 858 803 4173
 859 804 4174
 860 805 4175
 861 806 4176
 862 807 4177
 863 808 4178
 864 809 4179
 865 810 4180
 866 811 4181
 867 812 4182
 868 813 4183
 869 814 4184
 870 815 4185
 871 816 4186
 872 817 4187
 873 818 4188
 874 819 4189
 875 820 4190
 876 821 4191
 877 822 4192
 878 823 4193
 879 824 4194
 880 825 4195
 881 826 4196
 882 827 4197
 883 828 4198
 884 829 4199
 885 830 4200
 886 831 4201
 3291 832 4202
 887 833 4203
 888 834 4204
 889 835 4205
 890 836 4206
 891 837 4207
 892 838 4208
 893 839 4209
 894 840 4210
 895 841 4211
 896 842 4212
 897 843 4213
 898 844 4214
 899 845 4215
 900 846 4216
 901 847 4217
 902 848 4218
 903 849 4219
 904 850 4220
 905 851 4221
 906 852 4222
 907 853 4223
 908 854 4224
 909 855 4225
 910 856 4226
 911 857 4227
 912 858 4228
 913 859 4229
 914 860 4230
 915 861 4231
 916 862 4232
 917 863 4233
 918 864 4234
 919 865 4235
 920 866 4236
 921 867 4237
 922 868 4238
 923 869 4239
 924 870 4240
 925 871 4241
 926 872 4242
 927 873 4243
 928 874 4244
 929 875 4245
 930 876 4246
 931 877 4247
 932 878 4248
 933 879 4249
 934 880 4250
 935 881 4251
 936 882 4252
 937 883 4253
 938 884 4254
 939 885 4255
 940 886 4256
 3292 887 4257
 942 888 4258
 943 889 4259
 944 890 4260
 945 891 4261
 946 892 4262
 947 893 4263
 948 894 4264
 949 895 4265
 950 896 4266
 951 897 4267
 952 898 4268
 953 899 4269
 954 900 4270
 955 901 4271
 956 902 4272
 957 903 4273
 958 904 4274
 959 905 4275
 960 906 4276
 961 907 4277
 962 908 4278
 963 909 4279
 964 910 4280
 965 911 4281
 966 912 4282
 967 913 4283
 968 914 4284
 969 915 4285
 970 916 4286
 971 917 4287
 972 918 4288
 973 919 4289
 974 920 4290
 975 921 4291
 976 922 4292
 977 923 4293
 978 924 4294
 979 925 4295
 980 926 4296
 981 927 4297
 982 928 4298
 983 929 4299
 984 930 4300
 985 931 4301
 986 932 4302
 987 933 4303
 988 934 4304
 989 935 4305
 990 936 4306
 991 937 4307
 992 938 4308
 993 939 4309
 994 940 4310
 995 941 4311
 3293 942 4312
 996 943 4313
 997 944 4314
 998 945 4315
 999 946 4316
 1000 947 4317
 1001 948 4318
 1002 949 4319
 1003 950 4320
 1004 951 4321
 1005 952 4322
 1006 953 4323
 1007 954 4324
 1008 955 4325
 1009 956 4326
 1010 957 4327
 1011 958 4328
 1012 959 4329
 1013 960 4330
 1014 961 4331
 1015 962 4332
 1016 963 4333
 1017 964 4334
 1018 965 4335
 1019 966 4336
 1020 967 4337
 1021 968 4338
 1022 969 4339
 1023 970 4340
 1024 971 4341
 1025 972 4342
 1026 973 4343
 1027 974 4344
 1028 975 4345
 1029 976 4346
 1030 977 4347
 1031 978 4348
 1032 979 4349
 1033 980 4350
 1034 981 4351
 1035 982 4352
 1036 983 4353
 1037 984 4354
 1038 985 4355
 1039 986 4356
 1040 987 4357
 1041 988 4358
 1042 989 4359
 1043 990 4360
 1044 991 4361
 1045 992 4362
 1046 993 4363
 1047 994 4364
 1048 995 4365
 3294 996 4366
 1049 997 4367
 1050 998 4368
 1051 999 4369
 1052 1000 4370
 1053 1001 4371
 1054 1002 4372
 1055 1003 4373
 1056 1004 4374
 1057 1005 4375
 1058 1006 4376
 1059 1007 4377
 1060 1008 4378
 1061 1009 4379
 1062 1010 4380
 1063 1011 4381
 1064 1012 4382
 1065 1013 4383
 1066 1014 4384
 1067 1015 4385
 1068 1016 4386
 1069 1017 4387
 1070 1018 4388
 1071 1019 4389
 1072 1020 4390
 1073 1021 4391
 1074 1022 4392
 1075 1023 4393
 1076 1024 4394
 1077 1025 4395
 1078 1026 4396
 1079 1027 4397
 1080 1028 4398
 1081 1029 4399
 1082 1030 4400
 1083 1031 4401
 1084 1032 4402
 1085 1033 4403
 1086 1034 4404
 1087 1035 4405
 1088 1036 4406
 1089 1037 4407
 1090 1038 4408
 1091 1039 4409
 1092 1040 4410
 1093 1041 4411
 1094 1042 4412
 1095 1043 4413
 1096 1044 4414
 1097 1045 4415
 1098 1046 4416
 1099 1047 4417
 1100 1048 4418
 3295 1049 4419
 1101 1050 4420
 1102 1051 4421
 1103 1052 4422
 1104 1053 4423
 1105 1054 4424
 1106 1055 4425
 1107 1056 4426
 1108 1057 4427
 1109 1058 4428
 1110 1059 4429
 1111 1060 4430
 1112 1061 4431
 1113 1062 4432
 1114 1063 4433
 1115 1064 4434
 1116 1065 4435
 1117 1066 4436
 1118 1067 4437
 1119 1068 4438
 1120 1069 4439
 1121 1070 4440
 1122 1071 4441
 1123 1072 4442
 1124 1073 4443
 1125 1074 4444
 1126 1075 4445
 1127 1076 4446
 1128 1077 4447
 1129 1078 4448
 1130 1079 4449
 1131 1080 4450
 1132 1081 4451
 1133 1082 4452
 1134 1083 4453
 1135 1084 4454
 1136 1085 4455
 1137 1086 4456
 1138 1087 4457
 1139 1088 4458
 1140 1089 4459
 1141 1090 4460
 1142 1091 4461
 1143 1092 4462
 1144 1093 4463
 1145 1094 4464
 1146 1095 4465
 1147 1096 4466
 1148 1097 4467
 1149 1098 4468
 1150 1099 4469
 1151 1100 4470
 1153 1101 4471
 1154 1102 4472
 1155 1103 4473
 1156 1104 4474
 1157 1105 4475
 1158 1106 4476
 1159 1107 4477
 1160 1108 4478
 1161 1109 4479
 1162 1110 4480
 1163 1111 4481
 1164 1112 4482
 1165 1113 4483
 1166 1114 4484
 1167 1115 4485
 1168 1116 4486
 1169 1117 4487
 1170 1118 4488
 1171 1119 4489
 1172 1120 4490
 1173 1121 4491
 1174 1122 4492
 1175 1123 4493
 1176 1124 4494
 1177 1125 4495
 1178 1126 4496
 1179 1127 4497
 1180 1128 4498
 1181 1129 4499
 1182 1130 4500
 1183 1131 4501
 1184 1132 4502
 1185 1133 4503
 1186 1134 4504
 1187 1135 4505
 1188 1136 4506
 1189 1137 4507
 1190 1138 4508
 1191 1139 4509
 1192 1140 4510
 1193 1141 4511
 1194 1142 4512
 1195 1143 4513
 1196 1144 4514
 1197 1145 4515
 1198 1146 4516
 1199 1147 4517
 1200 1148 4518
 1201 1149 4519
 1202 1150 4520
 1203 1151 4521
 1204 1152 4522
 3296 1153 4523
 1205 1154 4524
 1206 1155 4525
 1207 1156 4526
 1208 1157 4527
 1209 1158 4528
 1210 1159 4529
 1211 1160 4530
 1212 1161 4531
 1213 1162 4532
 1214 1163 4533
 1215 1164 4534
 1216 1165 4535
 1217 1166 4536
 1218 1167 4537
 1219 1168 4538
 1220 1169 4539
 1221 1170 4540
 1222 1171 4541
 1223 1172 4542
 1224 1173 4543
 1225 1174 4544
 1226 1175 4545
 1227 1176 4546
 1228 1177 4547
 1229 1178 4548
 1230 1179 4549
 1231 1180 4550
 1232 1181 4551
 1233 1182 4552
 1234 1183 4553
 1235 1184 4554
 1236 1185 4555
 1237 1186 4556
 1238 1187 4557
 1239 1188 4558
 1240 1189 4559
 1241 1190 4560
 1242 1191 4561
 1243 1192 4562
 1244 1193 4563
 1245 1194 4564
 1246 1195 4565
 1247 1196 4566
 1248 1197 4567
 1249 1198 4568
 1250 1199 4569
 1251 1200 4570
 1252 1201 4571
 1253 1202 4572
 1254 1203 4573
 1255 1204 4574
 3297 1205 4575
 1256 1206 4576
 1257 1207 4577
 1258 1208 4578
 1259 1209 4579
 1260 1210 4580
 1261 1211 4581
 1262 1212 4582
 1263 1213 4583
 1264 1214 4584
 1265 1215 4585
 1266 1216 4586
 1267 1217 4587
 1268 1218 4588
 1269 1219 4589
 1270 1220 4590
 1271 1221 4591
 1272 1222 4592
 1273 1223 4593
 1274 1224 4594
 1275 1225 4595
 1276 1226 4596
 1277 1227 4597
 1278 1228 4598
 1279 1229 4599
 1280 1230 4600
 1281 1231 4601
 1282 1232 4602
 1283 1233 4603
 1284 1234 4604
 1285 1235 4605
 1286 1236 4606
 1287 1237 4607
 1288 1238 4608
 1289 1239 4609
 1290 1240 4610
 1291 1241 4611
 1292 1242 4612
 1293 1243 4613
 1294 1244 4614
 1295 1245 4615
 1296 1246 4616
 1297 1247 4617
 1298 1248 4618
 1299 1249 4619
 1300 1250 4620
 1301 1251 4621
 1302 1252 4622
 1303 1253 4623
 1304 1254 4624
 1305 1255 4625
 3298 1256 4626
 1306 1257 4627
 1307 1258 4628
 1308 1259 4629
 1309 1260 4630
 1310 1261 4631
 1311 1262 4632
 1312 1263 4633
 1313 1264 4634
 1314 1265 4635
 1315 1266 4636
 1316 1267 4637
 1317 1268 4638
 1318 1269 4639
 1319 1270 4640
 1320 1271 4641
 1321 1272 4642
 1322 1273 4643
 1323 1274 4644
 1324 1275 4645
 1325 1276 4646
 1326 1277 4647
 1327 1278 4648
 1328 1279 4649
 1329 1280 4650
 1330 1281 4651
 1331 1282 4652
 1332 1283 4653
 1333 1284 4654
 1334 1285 4655
 1335 1286 4656
 1336 1287 4657
 1337 1288 4658
 1338 1289 4659
 1339 1290 4660
 1340 1291 4661
 1341 1292 4662
 1342 1293 4663
 1343 1294 4664
 1344 1295 4665
 1345 1296 4666
 1346 1297 4667
 1347 1298 4668
 1348 1299 4669
 1349 1300 4670
 1350 1301 4671
 1351 1302 4672
 1352 1303 4673
 1353 1304 4674
 1354 1305 4675
 3299 1306 4676
 1356 1307 4677
 1357 1308 4678
 1358 1309 4679
 1359 1310 4680
 1360 1311 4681
 1361 1312 4682
 1362 1313 4683
 1363 1314 4684
 1364 1315 4685
 1365 1316 4686
 1366 1317 4687
 1367 1318 4688
 1368 1319 4689
 1369 1320 4690
 1370 1321 4691
 1371 1322 4692
 1372 1323 4693
 1373 1324 4694
 1374 1325 4695
 1375 1326 4696
 1376 1327 4697
 1377 1328 4698
 1378 1329 4699
 1379 1330 4700
 1380 1331 4701
 1381 1332 4702
 1382 1333 4703
 1383 1334 4704
 1384 1335 4705
 1385 1336 4706
 1386 1337 4707
 1387 1338 4708
 1388 1339 4709
 1389 1340 4710
 1390 1341 4711
 1391 1342 4712
 1392 1343 4713
 1393 1344 4714
 1394 1345 4715
 1395 1346 4716
 1396 1347 4717
 1397 1348 4718
 1398 1349 4719
 1399 1350 4720
 1400 1351 4721
 1401 1352 4722
 1402 1353 4723
 1403 1354 4724
 1404 1355 4725
 3300 1356 4726
 1405 1357 4727
 1406 1358 4728
 1407 1359 4729
 1408 1360 4730
 1409 1361 4731
 1410 1362 4732
 1411 1363 4733
 1412 1364 4734
 1413 1365 4735
 1414 1366 4736
 1415 1367 4737
 1416 1368 4738
 1417 1369 4739
 1418 1370 4740
 1419 1371 4741
 1420 1372 4742
 1421 1373 4743
 1422 1374 4744
 1423 1375 4745
 1424 1376 4746
 1425 1377 4747
 1426 1378 4748
 1427 1379 4749
 1428 1380 4750
 1429 1381 4751
 1430 1382 4752
 1431 1383 4753
 1432 1384 4754
 1433 1385 4755
 1434 1386 4756
 1435 1387 4757
 1436 1388 4758
 1437 1389 4759
 1438 1390 4760
 1439 1391 4761
 1440 1392 4762
 1441 1393 4763
 1442 1394 4764
 1443 1395 4765
 1444 1396 4766
 1445 1397 4767
 1446 1398 4768
 1447 1399 4769
 1448 1400 4770
 1449 1401 4771
 1450 1402 4772
 1451 1403 4773
 1452 1404 4774
 3301 1405 4775
 1453 1406 4776
 1454 1407 4777
 1455 1408 4778
 1456 1409 4779
 1457 1410 4780
 1458 1411 4781
 1459 1412 4782
 1460 1413 4783
 1461 1414 4784
 1462 1415 4785
 1463 1416 4786
 1464 1417 4787
 1465 1418 4788
 1466 1419 4789
 1467 1420 4790
 1468 1421 4791
 1469 1422 4792
 1470 1423 4793
 1471 1424 4794
 1472 1425 4795
 1473 1426 4796
 1474 1427 4797
 1475 1428 4798
 1476 1429 4799
 1477 1430 4800
 1478 1431 4801
 1479 1432 4802
 1480 1433 4803
 1481 1434 4804
 1482 1435 4805
 1483 1436 4806
 1484 1437 4807
 1485 1438 4808
 1486 1439 4809
 1487 1440 4810
 1488 1441 4811
 1489 1442 4812
 1490 1443 4813
 1491 1444 4814
 1492 1445 4815
 1493 1446 4816
 1494 1447 4817
 1495 1448 4818
 1496 1449 4819
 1497 1450 4820
 1498 1451 4821
 1499 1452 4822
 3302 3301 6651
 1500 1453 4823
 1501 1454 4824
 1502 1455 4825
 1503 1456 4826
 1504 1457 4827
 1505 1458 4828
 1506 1459 4829
 1507 1460 4830
 1508 1461 4831
 1509 1462 4832
 1510 1463 4833
 1511 1464 4834
 1512 1465 4835
 1513 1466 4836
 1514 1467 4837
 1515 1468 4838
 1516 1469 4839
 1517 1470 4840
 1518 1471 4841
 1519 1472 4842
 1520 1473 4843
 1521 1474 4844
 1522 1475 4845
 1523 1476 4846
 1524 1477 4847
 1525 1478 4848
 1526 1479 4849
 1527 1480 4850
 1528 1481 4851
 1529 1482 4852
 1530 1483 4853
 1531 1484 4854
 1532 1485 4855
 1533 1486 4856
 1534 1487 4857
 1535 1488 4858
 1536 1489 4859
 1537 1490 4860
 1538 1491 4861
 1539 1492 4862
 1540 1493 4863
 1541 1494 4864
 1542 1495 4865
 1543 1496 4866
 1544 1497 4867
 1545 1498 4868
 1546 1499 4869
 3303 1500 4870
 1548 1501 4871
 1549 1502 4872
 1550 1503 4873
 1551 1504 4874
 1552 1505 4875
 1553 1506 4876
 1554 1507 4877
 1555 1508 4878
 1556 1509 4879
 1557 1510 4880
 1558 1511 4881
 1559 1512 4882
 1560 1513 4883
 1561 1514 4884
 1562 1515 4885
 1563 1516 4886
 1564 1517 4887
 1565 1518 4888
 1566 1519 4889
 1567 1520 4890
 1568 1521 4891
 1569 1522 4892
 1570 1523 4893
 1571 1524 4894
 1572 1525 4895
 1573 1526 4896
 1574 1527 4897
 1575 1528 4898
 1576 1529 4899
 1577 1530 4900
 1578 1531 4901
 1579 1532 4902
 1580 1533 4903
 1581 1534 4904
 1582 1535 4905
 1583 1536 4906
 1584 1537 4907
 1585 1538 4908
 1586 1539 4909
 1587 1540 4910
 1588 1541 4911
 1589 1542 4912
 1590 1543 4913
 1591 1544 4914
 1592 1545 4915
 1593 1546 4916
 1594 1547 4917
 3304 1548 4918
 1595 1549 4919
 1596 1550 4920
 1597 1551 4921
 1598 1552 4922
 1599 1553 4923
 1600 1554 4924
 1601 1555 4925
 1602 1556 4926
 1603 1557 4927
 1604 1558 4928
 1605 1559 4929
 1606 1560 4930
 1607 1561 4931
 1608 1562 4932
 1609 1563 4933
 1610 1564 4934
 1611 1565 4935
 1612 1566 4936
 1613 1567 4937
 1614 1568 4938
 1615 1569 4939
 1616 1570 4940
 1617 1571 4941
 1618 1572 4942
 1619 1573 4943
 1620 1574 4944
 1621 1575 4945
 1622 1576 4946
 1623 1577 4947
 1624 1578 4948
 1625 1579 4949
 1626 1580 4950
 1627 1581 4951
 1628 1582 4952
 1629 1583 4953
 1630 1584 4954
 1631 1585 4955
 1632 1586 4956
 1633 1587 4957
 1634 1588 4958
 1635 1589 4959
 1636 1590 4960
 1637 1591 4961
 1638 1592 4962
 1639 1593 4963
 1640 1594 4964
 3305 1595 4965
 1641 1596 4966
 1642 1597 4967
 1643 1598 4968
 1644 1599 4969
 1645 1600 4970
 1646 1601 4971
 1647 1602 4972
 1648 1603 4973
 1649 1604 4974
 1650 1605 4975
 1651 1606 4976
 1652 1607 4977
 1653 1608 4978
 1654 1609 4979
 1655 1610 4980
 1656 1611 4981
 1657 1612 4982
 1658 1613 4983
 1659 1614 4984
 1660 1615 4985
 1661 1616 4986
 1662 1617 4987
 1663 1618 4988
 1664 1619 4989
 1665 1620 4990
 1666 1621 4991
 1667 1622 4992
 1668 1623 4993
 1669 1624 4994
 1670 1625 4995
 1671 1626 4996
 1672 1627 4997
 1673 1628 4998
 1674 1629 4999
 1675 1630 5000
 1676 1631 5001
 1677 1632 5002
 1678 1633 5003
 1679 1634 5004
 1680 1635 5005
 1681 1636 5006
 1682 1637 5007
 1683 1638 5008
 1684 1639 5009
 1685 1640 5010
 3306 1641 5011
 1686 1642 5012
 1687 1643 5013
 1688 1644 5014
 1689 1645 5015
 1690 1646 5016
 1691 1647 5017
 1692 1648 5018
 1693 1649 5019
 1694 1650 5020
 1695 1651 5021
 1696 1652 5022
 1697 1653 5023
 1698 1654 5024
 1699 1655 5025
 1700 1656 5026
 1701 1657 5027
 1702 1658 5028
 1703 1659 5029
 1704 1660 5030
 1705 1661 5031
 1706 1662 5032
 1707 1663 5033
 1708 1664 5034
 1709 1665 5035
 1710 1666 5036
 1711 1667 5037
 1712 1668 5038
 1713 1669 5039
 1714 1670 5040
 1715 1671 5041
 1716 1672 5042
 1717 1673 5043
 1718 1674 5044
 1719 1675 5045
 1720 1676 5046
 1721 1677 5047
 1722 1678 5048
 1723 1679 5049
 1724 1680 5050
 1725 1681 5051
 1726 1682 5052
 1727 1683 5053
 1728 1684 5054
 1729 1685 5055
 3307 1686 5056
 1730 1687 5057
 1731 1688 5058
 1732 1689 5059
 1733 1690 5060
 1734 1691 5061
 1735 1692 5062
 1736 1693 5063
 1737 1694 5064
 1738 1695 5065
 1739 1696 5066
 1740 1697 5067
 1741 1698 5068
 1742 1699 5069
 1743 1700 5070
 1744 1701 5071
 1745 1702 5072
 1746 1703 5073
 1747 1704 5074
 1748 1705 5075
 1749 1706 5076
 1750 1707 5077
 1751 1708 5078
 1752 1709 5079
 1753 1710 5080
 1754 1711 5081
 1755 1712 5082
 1756 1713 5083
 1757 1714 5084
 1758 1715 5085
 1759 1716 5086
 1760 1717 5087
 1761 1718 5088
 1762 1719 5089
 1763 1720 5090
 1764 1721 5091
 1765 1722 5092
 1766 1723 5093
 1767 1724 5094
 1768 1725 5095
 1769 1726 5096
 1770 1727 5097
 1771 1728 5098
 1772 1729 5099
 3308 3307 6652
 1774 1730 5100
 1775 1731 5101
 1776 1732 5102
 1777 1733 5103
 1778 1734 5104
 1779 1735 5105
 1780 1736 5106
 1781 1737 5107
 1782 1738 5108
 1783 1739 5109
 1784 1740 5110
 1785 1741 5111
 1786 1742 5112
 1787 1743 5113
 1788 1744 5114
 1789 1745 5115
 1790 1746 5116
 1791 1747 5117
 1792 1748 5118
 1793 1749 5119
 1794 1750 5120
 1795 1751 5121
 1796 1752 5122
 1797 1753 5123
 1798 1754 5124
 1799 1755 5125
 1800 1756 5126
 1801 1757 5127
 1802 1758 5128
 1803 1759 5129
 1804 1760 5130
 1805 1761 5131
 1806 1762 5132
 1807 1763 5133
 1808 1764 5134
 1809 1765 5135
 1810 1766 5136
 1811 1767 5137
 1812 1768 5138
 1813 1769 5139
 1814 1770 5140
 1815 1771 5141
 1816 1772 5142
 1817 1773 5143
 3309 1774 5144
 1818 1775 5145
 1819 1776 5146
 1820 1777 5147
 1821 1778 5148
 1822 1779 5149
 1823 1780 5150
 1824 1781 5151
 1825 1782 5152
 1826 1783 5153
 1827 1784 5154
 1828 1785 5155
 1829 1786 5156
 1830 1787 5157
 1831 1788 5158
 1832 1789 5159
 1833 1790 5160
 1834 1791 5161
 1835 1792 5162
 1836 1793 5163
 1837 1794 5164
 1838 1795 5165
 1839 1796 5166
 1840 1797 5167
 1841 1798 5168
 1842 1799 5169
 1843 1800 5170
 1844 1801 5171
 1845 1802 5172
 1846 1803 5173
 1847 1804 5174
 1848 1805 5175
 1849 1806 5176
 1850 1807 5177
 1851 1808 5178
 1852 1809 5179
 1853 1810 5180
 1854 1811 5181
 1855 1812 5182
 1856 1813 5183
 1857 1814 5184
 1858 1815 5185
 1859 1816 5186
 1860 1817 5187
 3310 1818 5188
 1861 1819 5189
 1862 1820 5190
 1863 1821 5191
 1864 1822 5192
 1865 1823 5193
 1866 1824 5194
 1867 1825 5195
 1868 1826 5196
 1869 1827 5197
 1870 1828 5198
 1871 1829 5199
 1872 1830 5200
 1873 1831 5201
 1874 1832 5202
 1875 1833 5203
 1876 1834 5204
 1877 1835 5205
 1878 1836 5206
 1879 1837 5207
 1880 1838 5208
 1881 1839 5209
 1882 1840 5210
 1883 1841 5211
 1884 1842 5212
 1885 1843 5213
 1886 1844 5214
 1887 1845 5215
 1888 1846 5216
 1889 1847 5217
 1890 1848 5218
 1891 1849 5219
 1892 1850 5220
 1893 1851 5221
 1894 1852 5222
 1895 1853 5223
 1896 1854 5224
 1897 1855 5225
 1898 1856 5226
 1899 1857 5227
 1900 1858 5228
 1901 1859 5229
 1902 1860 5230
 3311 1861 5231
 1903 1862 5232
 1904 1863 5233
 1905 1864 5234
 1906 1865 5235
 1907 1866 5236
 1908 1867 5237
 1909 1868 5238
 1910 1869 5239
 1911 1870 5240
 1912 1871 5241
 1913 1872 5242
 1914 1873 5243
 1915 1874 5244
 1916 1875 5245
 1917 1876 5246
 1918 1877 5247
 1919 1878 5248
 1920 1879 5249
 1921 1880 5250
 1922 1881 5251
 1923 1882 5252
 1924 1883 5253
 1925 1884 5254
 1926 1885 5255
 1927 1886 5256
 1928 1887 5257
 1929 1888 5258
 1930 1889 5259
 1931 1890 5260
 1932 1891 5261
 1933 1892 5262
 1934 1893 5263
 1935 1894 5264
 1936 1895 5265
 1937 1896 5266
 1938 1897 5267
 1939 1898 5268
 1940 1899 5269
 1941 1900 5270
 1942 1901 5271
 1943 1902 5272
 3312 1903 5273
 1945 1904 5274
 1946 1905 5275
 1947 1906 5276
 1948 1907 5277
 1949 1908 5278
 1950 1909 5279
 1951 1910 5280
 1952 1911 5281
 1953 1912 5282
 1954 1913 5283
 1955 1914 5284
 1956 1915 5285
 1957 1916 5286
 1958 1917 5287
 1959 1918 5288
 1960 1919 5289
 1961 1920 5290
 1962 1921 5291
 1963 1922 5292
 1964 1923 5293
 1965 1924 5294
 1966 1925 5295
 1967 1926 5296
 1968 1927 5297
 1969 1928 5298
 1970 1929 5299
 1971 1930 5300
 1972 1931 5301
 1973 1932 5302
 1974 1933 5303
 1975 1934 5304
 1976 1935 5305
 1977 1936 5306
 1978 1937 5307
 1979 1938 5308
 1980 1939 5309
 1981 1940 5310
 1982 1941 5311
 1983 1942 5312
 1984 1943 5313
 1985 1944 5314
 3313 1945 5315
 1986 1946 5316
 1987 1947 5317
 1988 1948 5318
 1989 1949 5319
 1990 1950 5320
 1991 1951 5321
 1992 1952 5322
 1993 1953 5323
 1994 1954 5324
 1995 1955 5325
 1996 1956 5326
 1997 1957 5327
 1998 1958 5328
 1999 1959 5329
 2000 1960 5330
 2001 1961 5331
 2002 1962 5332
 2003 1963 5333
 2004 1964 5334
 2005 1965 5335
 2006 1966 5336
 2007 1967 5337
 2008 1968 5338
 2009 1969 5339
 2010 1970 5340
 2011 1971 5341
 2012 1972 5342
 2013 1973 5343
 2014 1974 5344
 2015 1975 5345
 2016 1976 5346
 2017 1977 5347
 2018 1978 5348
 2019 1979 5349
 2020 1980 5350
 2021 1981 5351
 2022 1982 5352
 2023 1983 5353
 2024 1984 5354
 2025 1985 5355
 2026 1986 5356
 2027 1987 5357
 2028 1988 5358
 2029 1989 5359
 2030 1990 5360
 2031 1991 5361
 2032 1992 5362
 2033 1993 5363
 2034 1994 5364
 2035 1995 5365
 2036 1996 5366
 2037 1997 5367
 2038 1998 5368
 2039 1999 5369
 2040 2000 5370
 2041 2001 5371
 2042 2002 5372
 2043 2003 5373
 2044 2004 5374
 2045 2005 5375
 2046 2006 5376
 2047 2007 5377
 2048 2008 5378
 2049 2009 5379
 2050 2010 5380
 2051 2011 5381
 2052 2012 5382
 2053 2013 5383
 2054 2014 5384
 2055 2015 5385
 2056 2016 5386
 2057 2017 5387
 2058 2018 5388
 2059 2019 5389
 2060 2020 5390
 2061 2021 5391
 2062 2022 5392
 2063 2023 5393
 2064 2024 5394
 2065 2025 5395
 3314 2026 5396
 2066 2027 5397
 2067 2028 5398
 2068 2029 5399
 2069 2030 5400
 2070 2031 5401
 2071 2032 5402
 2072 2033 5403
 2073 2034 5404
 2074 2035 5405
 2075 2036 5406
 2076 2037 5407
 2077 2038 5408
 2078 2039 5409
 2079 2040 5410
 2080 2041 5411
 2081 2042 5412
 2082 2043 5413
 2083 2044 5414
 2084 2045 5415
 2085 2046 5416
 2086 2047 5417
 2087 2048 5418
 2088 2049 5419
 2089 2050 5420
 2090 2051 5421
 2091 2052 5422
 2092 2053 5423
 2093 2054 5424
 2094 2055 5425
 2095 2056 5426
 2096 2057 5427
 2097 2058 5428
 2098 2059 5429
 2099 2060 5430
 2100 2061 5431
 2101 2062 5432
 2102 2063 5433
 2103 2064 5434
 2104 2065 5435
 3315 2066 5436
 2106 2067 5437
 2107 2068 5438
 2108 2069 5439
 2109 2070 5440
 2110 2071 5441
 2111 2072 5442
 2112 2073 5443
 2113 2074 5444
 2114 2075 5445
 2115 2076 5446
 2116 2077 5447
 2117 2078 5448
 2118 2079 5449
 2119 2080 5450
 2120 2081 5451
 2121 2082 5452
 2122 2083 5453
 2123 2084 5454
 2124 2085 5455
 2125 2086 5456
 2126 2087 5457
 2127 2088 5458
 2128 2089 5459
 2129 2090 5460
 2130 2091 5461
 2131 2092 5462
 2132 2093 5463
 2133 2094 5464
 2134 2095 5465
 2135 2096 5466
 2136 2097 5467
 2137 2098 5468
 2138 2099 5469
 2139 2100 5470
 2140 2101 5471
 2141 2102 5472
 2142 2103 5473
 2143 2104 5474
 2144 2105 5475
 3316 2106 5476
 2145 2107 5477
 2146 2108 5478
 2147 2109 5479
 2148 2110 5480
 2149 2111 5481
 2150 2112 5482
 2151 2113 5483
 2152 2114 5484
 2153 2115 5485
 2154 2116 5486
 2155 2117 5487
 2156 2118 5488
 2157 2119 5489
 2158 2120 5490
 2159 2121 5491
 2160 2122 5492
 2161 2123 5493
 2162 2124 5494
 2163 2125 5495
 2164 2126 5496
 2165 2127 5497
 2166 2128 5498
 2167 2129 5499
 2168 2130 5500
 2169 2131 5501
 2170 2132 5502
 2171 2133 5503
 2172 2134 5504
 2173 2135 5505
 2174 2136 5506
 2175 2137 5507
 2176 2138 5508
 2177 2139 5509
 2178 2140 5510
 2179 2141 5511
 2180 2142 5512
 2181 2143 5513
 2182 2144 5514
 3317 2145 5515
 2183 2146 5516
 2184 2147 5517
 2185 2148 5518
 2186 2149 5519
 2187 2150 5520
 2188 2151 5521
 2189 2152 5522
 2190 2153 5523
 2191 2154 5524
 2192 2155 5525
 2193 2156 5526
 2194 2157 5527
 2195 2158 5528
 2196 2159 5529
 2197 2160 5530
 2198 2161 5531
 2199 2162 5532
 2200 2163 5533
 2201 2164 5534
 2202 2165 5535
 2203 2166 5536
 2204 2167 5537
 2205 2168 5538
 2206 2169 5539
 2207 2170 5540
 2208 2171 5541
 2209 2172 5542
 2210 2173 5543
 2211 2174 5544
 2212 2175 5545
 2213 2176 5546
 2214 2177 5547
 2215 2178 5548
 2216 2179 5549
 2217 2180 5550
 2218 2181 5551
 2219 2182 5552
 3318 2183 5553
 2220 2184 5554
 2221 2185 5555
 2222 2186 5556
 2223 2187 5557
 2224 2188 5558
 2225 2189 5559
 2226 2190 5560
 2227 2191 5561
 2228 2192 5562
 2229 2193 5563
 2230 2194 5564
 2231 2195 5565
 2232 2196 5566
 2233 2197 5567
 2234 2198 5568
 2235 2199 5569
 2236 2200 5570
 2237 2201 5571
 2238 2202 5572
 2239 2203 5573
 2240 2204 5574
 2241 2205 5575
 2242 2206 5576
 2243 2207 5577
 2244 2208 5578
 2245 2209 5579
 2246 2210 5580
 2247 2211 5581
 2248 2212 5582
 2249 2213 5583
 2250 2214 5584
 2251 2215 5585
 2252 2216 5586
 2253 2217 5587
 2254 2218 5588
 2255 2219 5589
 2256 2220 5590
 2257 2221 5591
 2258 2222 5592
 2259 2223 5593
 2260 2224 5594
 2261 2225 5595
 2262 2226 5596
 2263 2227 5597
 2264 2228 5598
 2265 2229 5599
 2266 2230 5600
 2267 2231 5601
 2268 2232 5602
 2269 2233 5603
 2270 2234 5604
 2271 2235 5605
 2272 2236 5606
 2273 2237 5607
 2274 2238 5608
 2275 2239 5609
 2276 2240 5610
 2277 2241 5611
 2278 2242 5612
 2279 2243 5613
 2280 2244 5614
 2281 2245 5615
 2282 2246 5616
 2283 2247 5617
 2284 2248 5618
 2285 2249 5619
 2286 2250 5620
 2287 2251 5621
 2288 2252 5622
 2289 2253 5623
 2290 2254 5624
 2291 2255 5625
 3319 2256 5626
 2293 2257 5627
 2294 2258 5628
 2295 2259 5629
 2296 2260 5630
 2297 2261 5631
 2298 2262 5632
 2299 2263 5633
 2300 2264 5634
 2301 2265 5635
 2302 2266 5636
 2303 2267 5637
 2304 2268 5638
 2305 2269 5639
 2306 2270 5640
 2307 2271 5641
 2308 2272 5642
 2309 2273 5643
 2310 2274 5644
 2311 2275 5645
 2312 2276 5646
 2313 2277 5647
 2314 2278 5648
 2315 2279 5649
 2316 2280 5650
 2317 2281 5651
 2318 2282 5652
 2319 2283 5653
 2320 2284 5654
 2321 2285 5655
 2322 2286 5656
 2323 2287 5657
 2324 2288 5658
 2325 2289 5659
 2326 2290 5660
 2327 2291 5661
 2328 2292 5662
 3320 2293 5663
 2329 2294 5664
 2330 2295 5665
 2331 2296 5666
 2332 2297 5667
 2333 2298 5668
 2334 2299 5669
 2335 2300 5670
 2336 2301 5671
 2337 2302 5672
 2338 2303 5673
 2339 2304 5674
 2340 2305 5675
 2341 2306 5676
 2342 2307 5677
 2343 2308 5678
 2344 2309 5679
 2345 2310 5680
 2346 2311 5681
 2347 2312 5682
 2348 2313 5683
 2349 2314 5684
 2350 2315 5685
 2351 2316 5686
 2352 2317 5687
 2353 2318 5688
 2354 2319 5689
 2355 2320 5690
 2356 2321 5691
 2357 2322 5692
 2358 2323 5693
 2359 2324 5694
 2360 2325 5695
 2361 2326 5696
 2362 2327 5697
 2363 2328 5698
 3321 2329 5699
 2364 2330 5700
 2365 2331 5701
 2366 2332 5702
 2367 2333 5703
 2368 2334 5704
 2369 2335 5705
 2370 2336 5706
 2371 2337 5707
 2372 2338 5708
 2373 2339 5709
 2374 2340 5710
 2375 2341 5711
 2376 2342 5712
 2377 2343 5713
 2378 2344 5714
 2379 2345 5715
 2380 2346 5716
 2381 2347 5717
 2382 2348 5718
 2383 2349 5719
 2384 2350 5720
 2385 2351 5721
 2386 2352 5722
 2387 2353 5723
 2388 2354 5724
 2389 2355 5725
 2390 2356 5726
 2391 2357 5727
 2392 2358 5728
 2393 2359 5729
 2394 2360 5730
 2395 2361 5731
 2396 2362 5732
 2397 2363 5733
 3322 2364 5734
 2398 2365 5735
 2399 2366 5736
 2400 2367 5737
 2401 2368 5738
 2402 2369 5739
 2403 2370 5740
 2404 2371 5741
 2405 2372 5742
 2406 2373 5743
 2407 2374 5744
 2408 2375 5745
 2409 2376 5746
 2410 2377 5747
 2411 2378 5748
 2412 2379 5749
 2413 2380 5750
 2414 2381 5751
 2415 2382 5752
 2416 2383 5753
 2417 2384 5754
 2418 2385 5755
 2419 2386 5756
 2420 2387 5757
 2421 2388 5758
 2422 2389 5759
 2423 2390 5760
 2424 2391 5761
 2425 2392 5762
 2426 2393 5763
 2427 2394 5764
 2428 2395 5765
 2429 2396 5766
 2430 2397 5767
 3323 2398 5768
 2432 2399 5769
 2433 2400 5770
 2434 2401 5771
 2435 2402 5772
 2436 2403 5773
 2437 2404 5774
 2438 2405 5775
 2439 2406 5776
 2440 2407 5777
 2441 2408 5778
 2442 2409 5779
 2443 2410 5780
 2444 2411 5781
 2445 2412 5782
 2446 2413 5783
 2447 2414 5784
 2448 2415 5785
 2449 2416 5786
 2450 2417 5787
 2451 2418 5788
 2452 2419 5789
 2453 2420 5790
 2454 2421 5791
 2455 2422 5792
 2456 2423 5793
 2457 2424 5794
 2458 2425 5795
 2459 2426 5796
 2460 2427 5797
 2461 2428 5798
 2462 2429 5799
 2463 2430 5800
 2464 2431 5801
 3324 2432 5802
 2465 2433 5803
 2466 2434 5804
 2467 2435 5805
 2468 2436 5806
 2469 2437 5807
 2470 2438 5808
 2471 2439 5809
 2472 2440 5810
 2473 2441 5811
 2474 2442 5812
 2475 2443 5813
 2476 2444 5814
 2477 2445 5815
 2478 2446 5816
 2479 2447 5817
 2480 2448 5818
 2481 2449 5819
 2482 2450 5820
 2483 2451 5821
 2484 2452 5822
 2485 2453 5823
 2486 2454 5824
 2487 2455 5825
 2488 2456 5826
 2489 2457 5827
 2490 2458 5828
 2491 2459 5829
 2492 2460 5830
 2493 2461 5831
 2494 2462 5832
 2495 2463 5833
 2496 2464 5834
 3325 3324 6653
 2497 2465 5835
 2498 2466 5836
 2499 2467 5837
 2500 2468 5838
 2501 2469 5839
 2502 2470 5840
 2503 2471 5841
 2504 2472 5842
 2505 2473 5843
 2506 2474 5844
 2507 2475 5845
 2508 2476 5846
 2509 2477 5847
 2510 2478 5848
 2511 2479 5849
 2512 2480 5850
 2513 2481 5851
 2514 2482 5852
 2515 2483 5853
 2516 2484 5854
 2517 2485 5855
 2518 2486 5856
 2519 2487 5857
 2520 2488 5858
 2521 2489 5859
 2522 2490 5860
 2523 2491 5861
 2524 2492 5862
 2525 2493 5863
 2526 2494 5864
 2527 2495 5865
 2528 2496 5866
 3326 2497 5867
 2529 2498 5868
 2530 2499 5869
 2531 2500 5870
 2532 2501 5871
 2533 2502 5872
 2534 2503 5873
 2535 2504 5874
 2536 2505 5875
 2537 2506 5876
 2538 2507 5877
 2539 2508 5878
 2540 2509 5879
 2541 2510 5880
 2542 2511 5881
 2543 2512 5882
 2544 2513 5883
 2545 2514 5884
 2546 2515 5885
 2547 2516 5886
 2548 2517 5887
 2549 2518 5888
 2550 2519 5889
 2551 2520 5890
 2552 2521 5891
 2553 2522 5892
 2554 2523 5893
 2555 2524 5894
 2556 2525 5895
 2557 2526 5896
 2558 2527 5897
 2559 2528 5898
 3327 2529 5899
 2561 2530 5900
 2562 2531 5901
 2563 2532 5902
 2564 2533 5903
 2565 2534 5904
 2566 2535 5905
 2567 2536 5906
 2568 2537 5907
 2569 2538 5908
 2570 2539 5909
 2571 2540 5910
 2572 2541 5911
 2573 2542 5912
 2574 2543 5913
 2575 2544 5914
 2576 2545 5915
 2577 2546 5916
 2578 2547 5917
 2579 2548 5918
 2580 2549 5919
 2581 2550 5920
 2582 2551 5921
 2583 2552 5922
 2584 2553 5923
 2585 2554 5924
 2586 2555 5925
 2587 2556 5926
 2588 2557 5927
 2589 2558 5928
 2590 2559 5929
 2591 2560 5930
 3328 2561 5931
 2592 2562 5932
 2593 2563 5933
 2594 2564 5934
 2595 2565 5935
 2596 2566 5936
 2597 2567 5937
 2598 2568 5938
 2599 2569 5939
 2600 2570 5940
 2601 2571 5941
 2602 2572 5942
 2603 2573 5943
 2604 2574 5944
 2605 2575 5945
 2606 2576 5946
 2607 2577 5947
 2608 2578 5948
 2609 2579 5949
 2610 2580 5950
 2611 2581 5951
 2612 2582 5952
 2613 2583 5953
 2614 2584 5954
 2615 2585 5955
 2616 2586 5956
 2617 2587 5957
 2618 2588 5958
 2619 2589 5959
 2620 2590 5960
 2621 2591 5961
 3329 2592 5962
 2622 2593 5963
 2623 2594 5964
 2624 2595 5965
 2625 2596 5966
 2626 2597 5967
 2627 2598 5968
 2628 2599 5969
 2629 2600 5970
 2630 2601 5971
 2631 2602 5972
 2632 2603 5973
 2633 2604 5974
 2634 2605 5975
 2635 2606 5976
 2636 2607 5977
 2637 2608 5978
 2638 2609 5979
 2639 2610 5980
 2640 2611 5981
 2641 2612 5982
 2642 2613 5983
 2643 2614 5984
 2644 2615 5985
 2645 2616 5986
 2646 2617 5987
 2647 2618 5988
 2648 2619 5989
 2649 2620 5990
 2650 2621 5991
 3330 2622 5992
 2651 2623 5993
 2652 2624 5994
 2653 2625 5995
 2654 2626 5996
 2655 2627 5997
 2656 2628 5998
 2657 2629 5999
 2658 2630 6000
 2659 2631 6001
 2660 2632 6002
 2661 2633 6003
 2662 2634 6004
 2663 2635 6005
 2664 2636 6006
 2665 2637 6007
 2666 2638 6008
 2667 2639 6009
 2668 2640 6010
 2669 2641 6011
 2670 2642 6012
 2671 2643 6013
 2672 2644 6014
 2673 2645 6015
 2674 2646 6016
 2675 2647 6017
 2676 2648 6018
 2677 2649 6019
 2678 2650 6020
 3331 3330 6654
 2680 2651 6021
 2681 2652 6022
 2682 2653 6023
 2683 2654 6024
 2684 2655 6025
 2685 2656 6026
 2686 2657 6027
 2687 2658 6028
 2688 2659 6029
 2689 2660 6030
 2690 2661 6031
 2691 2662 6032
 2692 2663 6033
 2693 2664 6034
 2694 2665 6035
 2695 2666 6036
 2696 2667 6037
 2697 2668 6038
 2698 2669 6039
 2699 2670 6040
 2700 2671 6041
 2701 2672 6042
 2702 2673 6043
 2703 2674 6044
 2704 2675 6045
 2705 2676 6046
 2706 2677 6047
 2707 2678 6048
 2708 2679 6049
 3332 2680 6050
 2709 2681 6051
 2710 2682 6052
 2711 2683 6053
 2712 2684 6054
 2713 2685 6055
 2714 2686 6056
 2715 2687 6057
 2716 2688 6058
 2717 2689 6059
 2718 2690 6060
 2719 2691 6061
 2720 2692 6062
 2721 2693 6063
 2722 2694 6064
 2723 2695 6065
 2724 2696 6066
 2725 2697 6067
 2726 2698 6068
 2727 2699 6069
 2728 2700 6070
 2729 2701 6071
 2730 2702 6072
 2731 2703 6073
 2732 2704 6074
 2733 2705 6075
 2734 2706 6076
 2735 2707 6077
 2736 2708 6078
 3333 2709 6079
 2737 2710 6080
 2738 2711 6081
 2739 2712 6082
 2740 2713 6083
 2741 2714 6084
 2742 2715 6085
 2743 2716 6086
 2744 2717 6087
 2745 2718 6088
 2746 2719 6089
 2747 2720 6090
 2748 2721 6091
 2749 2722 6092
 2750 2723 6093
 2751 2724 6094
 2752 2725 6095
 2753 2726 6096
 2754 2727 6097
 2755 2728 6098
 2756 2729 6099
 2757 2730 6100
 2758 2731 6101
 2759 2732 6102
 2760 2733 6103
 2761 2734 6104
 2762 2735 6105
 2763 2736 6106
 3334 2737 6107
 2764 2738 6108
 2765 2739 6109
 2766 2740 6110
 2767 2741 6111
 2768 2742 6112
 2769 2743 6113
 2770 2744 6114
 2771 2745 6115
 2772 2746 6116
 2773 2747 6117
 2774 2748 6118
 2775 2749 6119
 2776 2750 6120
 2777 2751 6121
 2778 2752 6122
 2779 2753 6123
 2780 2754 6124
 2781 2755 6125
 2782 2756 6126
 2783 2757 6127
 2784 2758 6128
 2785 2759 6129
 2786 2760 6130
 2787 2761 6131
 2788 2762 6132
 2789 2763 6133
 3335 2764 6134
 2790 2765 6135
 2791 2766 6136
 2792 2767 6137
 2793 2768 6138
 2794 2769 6139
 2795 2770 6140
 2796 2771 6141
 2797 2772 6142
 2798 2773 6143
 2799 2774 6144
 2800 2775 6145
 2801 2776 6146
 2802 2777 6147
 2803 2778 6148
 2804 2779 6149
 2805 2780 6150
 2806 2781 6151
 2807 2782 6152
 2808 2783 6153
 2809 2784 6154
 2810 2785 6155
 2811 2786 6156
 2812 2787 6157
 2813 2788 6158
 2814 2789 6159
 3336 2790 6160
 2816 2791 6161
 2817 2792 6162
 2818 2793 6163
 2819 2794 6164
 2820 2795 6165
 2821 2796 6166
 2822 2797 6167
 2823 2798 6168
 2824 2799 6169
 2825 2800 6170
 2826 2801 6171
 2827 2802 6172
 2828 2803 6173
 2829 2804 6174
 2830 2805 6175
 2831 2806 6176
 2832 2807 6177
 2833 2808 6178
 2834 2809 6179
 2835 2810 6180
 2836 2811 6181
 2837 2812 6182
 2838 2813 6183
 2839 2814 6184
 2840 2815 6185
 2841 2816 6186
 2842 2817 6187
 2843 2818 6188
 2844 2819 6189
 2845 2820 6190
 2846 2821 6191
 2847 2822 6192
 2848 2823 6193
 2849 2824 6194
 2850 2825 6195
 2851 2826 6196
 2852 2827 6197
 2853 2828 6198
 2854 2829 6199
 2855 2830 6200
 2856 2831 6201
 2857 2832 6202
 2858 2833 6203
 2859 2834 6204
 2860 2835 6205
 2861 2836 6206
 2862 2837 6207
 2863 2838 6208
 2864 2839 6209
 2865 2840 6210
 3337 2841 6211
 2866 2842 6212
 2867 2843 6213
 2868 2844 6214
 2869 2845 6215
 2870 2846 6216
 2871 2847 6217
 2872 2848 6218
 2873 2849 6219
 2874 2850 6220
 2875 2851 6221
 2876 2852 6222
 2877 2853 6223
 2878 2854 6224
 2879 2855 6225
 2880 2856 6226
 2881 2857 6227
 2882 2858 6228
 2883 2859 6229
 2884 2860 6230
 2885 2861 6231
 2886 2862 6232
 2887 2863 6233
 2888 2864 6234
 2889 2865 6235
 3338 2866 6236
 2890 2867 6237
 2891 2868 6238
 2892 2869 6239
 2893 2870 6240
 2894 2871 6241
 2895 2872 6242
 2896 2873 6243
 2897 2874 6244
 2898 2875 6245
 2899 2876 6246
 2900 2877 6247
 2901 2878 6248
 2902 2879 6249
 2903 2880 6250
 2904 2881 6251
 2905 2882 6252
 2906 2883 6253
 2907 2884 6254
 2908 2885 6255
 2909 2886 6256
 2910 2887 6257
 2911 2888 6258
 2912 2889 6259
 3339 2890 6260
 2914 2891 6261
 2915 2892 6262
 2916 2893 6263
 2917 2894 6264
 2918 2895 6265
 2919 2896 6266
 2920 2897 6267
 2921 2898 6268
 2922 2899 6269
 2923 2900 6270
 2924 2901 6271
 2925 2902 6272
 2926 2903 6273
 2927 2904 6274
 2928 2905 6275
 2929 2906 6276
 2930 2907 6277
 2931 2908 6278
 2932 2909 6279
 2933 2910 6280
 2934 2911 6281
 2935 2912 6282
 2936 2913 6283
 3340 2914 6284
 2937 2915 6285
 2938 2916 6286
 2939 2917 6287
 2940 2918 6288
 2941 2919 6289
 2942 2920 6290
 2943 2921 6291
 2944 2922 6292
 2945 2923 6293
 2946 2924 6294
 2947 2925 6295
 2948 2926 6296
 2949 2927 6297
 2950 2928 6298
 2951 2929 6299
 2952 2930 6300
 2953 2931 6301
 2954 2932 6302
 2955 2933 6303
 2956 2934 6304
 2957 2935 6305
 2958 2936 6306
 3341 2937 6307
 2959 2938 6308
 2960 2939 6309
 2961 2940 6310
 2962 2941 6311
 2963 2942 6312
 2964 2943 6313
 2965 2944 6314
 2966 2945 6315
 2967 2946 6316
 2968 2947 6317
 2969 2948 6318
 2970 2949 6319
 2971 2950 6320
 2972 2951 6321
 2973 2952 6322
 2974 2953 6323
 2975 2954 6324
 2976 2955 6325
 2977 2956 6326
 2978 2957 6327
 2979 2958 6328
 2980 2959 6329
 2981 2960 6330
 2982 2961 6331
 2983 2962 6332
 2984 2963 6333
 2985 2964 6334
 2986 2965 6335
 2987 2966 6336
 2988 2967 6337
 2989 2968 6338
 2990 2969 6339
 2991 2970 6340
 2992 2971 6341
 2993 2972 6342
 2994 2973 6343
 2995 2974 6344
 2996 2975 6345
 2997 2976 6346
 2998 2977 6347
 2999 2978 6348
 3000 2979 6349
 3342 2980 6350
 3002 2981 6351
 3003 2982 6352
 3004 2983 6353
 3005 2984 6354
 3006 2985 6355
 3007 2986 6356
 3008 2987 6357
 3009 2988 6358
 3010 2989 6359
 3011 2990 6360
 3012 2991 6361
 3013 2992 6362
 3014 2993 6363
 3015 2994 6364
 3016 2995 6365
 3017 2996 6366
 3018 2997 6367
 3019 2998 6368
 3020 2999 6369
 3021 3000 6370
 3022 3001 6371
 3343 3002 6372
 3023 3003 6373
 3024 3004 6374
 3025 3005 6375
 3026 3006 6376
 3027 3007 6377
 3028 3008 6378
 3029 3009 6379
 3030 3010 6380
 3031 3011 6381
 3032 3012 6382
 3033 3013 6383
 3034 3014 6384
 3035 3015 6385
 3036 3016 6386
 3037 3017 6387
 3038 3018 6388
 3039 3019 6389
 3040 3020 6390
 3041 3021 6391
 3042 3022 6392
 3344 3023 6393
 3043 3024 6394
 3044 3025 6395
 3045 3026 6396
 3046 3027 6397
 3047 3028 6398
 3048 3029 6399
 3049 3030 6400
 3050 3031 6401
 3051 3032 6402
 3052 3033 6403
 3053 3034 6404
 3054 3035 6405
 3055 3036 6406
 3056 3037 6407
 3057 3038 6408
 3058 3039 6409
 3059 3040 6410
 3060 3041 6411
 3061 3042 6412
 3345 3043 6413
 3062 3044 6414
 3063 3045 6415
 3064 3046 6416
 3065 3047 6417
 3066 3048 6418
 3067 3049 6419
 3068 3050 6420
 3069 3051 6421
 3070 3052 6422
 3071 3053 6423
 3072 3054 6424
 3073 3055 6425
 3074 3056 6426
 3075 3057 6427
 3076 3058 6428
 3077 3059 6429
 3078 3060 6430
 3079 3061 6431
 3346 3062 6432
 3081 3063 6433
 3082 3064 6434
 3083 3065 6435
 3084 3066 6436
 3085 3067 6437
 3086 3068 6438
 3087 3069 6439
 3088 3070 6440
 3089 3071 6441
 3090 3072 6442
 3091 3073 6443
 3092 3074 6444
 3093 3075 6445
 3094 3076 6446
 3095 3077 6447
 3096 3078 6448
 3097 3079 6449
 3098 3080 6450
 3099 3081 6451
 3100 3082 6452
 3101 3083 6453
 3102 3084 6454
 3103 3085 6455
 3104 3086 6456
 3105 3087 6457
 3106 3088 6458
 3107 3089 6459
 3108 3090 6460
 3109 3091 6461
 3110 3092 6462
 3111 3093 6463
 3112 3094 6464
 3113 3095 6465
 3114 3096 6466
 3115 3097 6467
 3116 3098 6468
 3347 3099 6469
 3117 3100 6470
 3118 3101 6471
 3119 3102 6472
 3120 3103 6473
 3121 3104 6474
 3122 3105 6475
 3123 3106 6476
 3124 3107 6477
 3125 3108 6478
 3126 3109 6479
 3127 3110 6480
 3128 3111 6481
 3129 3112 6482
 3130 3113 6483
 3131 3114 6484
 3132 3115 6485
 3133 3116 6486
 3348 3117 6487
 3134 3118 6488
 3135 3119 6489
 3136 3120 6490
 3137 3121 6491
 3138 3122 6492
 3139 3123 6493
 3140 3124 6494
 3141 3125 6495
 3142 3126 6496
 3143 3127 6497
 3144 3128 6498
 3145 3129 6499
 3146 3130 6500
 3147 3131 6501
 3148 3132 6502
 3149 3133 6503
 3349 3134 6504
 3150 3135 6505
 3151 3136 6506
 3152 3137 6507
 3153 3138 6508
 3154 3139 6509
 3155 3140 6510
 3156 3141 6511
 3157 3142 6512
 3158 3143 6513
 3159 3144 6514
 3160 3145 6515
 3161 3146 6516
 3162 3147 6517
 3163 3148 6518
 3164 3149 6519
 3350 3150 6520
 3166 3151 6521
 3167 3152 6522
 3168 3153 6523
 3169 3154 6524
 3170 3155 6525
 3171 3156 6526
 3172 3157 6527
 3173 3158 6528
 3174 3159 6529
 3175 3160 6530
 3176 3161 6531
 3177 3162 6532
 3178 3163 6533
 3179 3164 6534
 3180 3165 6535
 3351 3166 6536
 3181 3167 6537
 3182 3168 6538
 3183 3169 6539
 3184 3170 6540
 3185 3171 6541
 3186 3172 6542
 3187 3173 6543
 3188 3174 6544
 3189 3175 6545
 3190 3176 6546
 3191 3177 6547
 3192 3178 6548
 3193 3179 6549
 3194 3180 6550
 3352 3181 6551
 3195 3182 6552
 3196 3183 6553
 3197 3184 6554
 3198 3185 6555
 3199 3186 6556
 3200 3187 6557
 3201 3188 6558
 3202 3189 6559
 3203 3190 6560
 3204 3191 6561
 3205 3192 6562
 3206 3193 6563
 3207 3194 6564
 3353 3352 6655
 3208 3195 6565
 3209 3196 6566
 3210 3197 6567
 3211 3198 6568
 3212 3199 6569
 3213 3200 6570
 3214 3201 6571
 3215 3202 6572
 3216 3203 6573
 3217 3204 6574
 3218 3205 6575
 3219 3206 6576
 3220 3207 6577
 3354 3208 6578
 3222 3209 6579
 3223 3210 6580
 3224 3211 6581
 3225 3212 6582
 3226 3213 6583
 3227 3214 6584
 3228 3215 6585
 3229 3216 6586
 3230 3217 6587
 3231 3218 6588
 3232 3219 6589
 3233 3220 6590
 3234 3221 6591
 3355 3222 6592
 3235 3223 6593
 3236 3224 6594
 3237 3225 6595
 3238 3226 6596
 3239 3227 6597
 3240 3228 6598
 3241 3229 6599
 3242 3230 6600
 3243 3231 6601
 3244 3232 6602
 3245 3233 6603
 3246 3234 6604
 3356 3235 6605
 3247 3236 6606
 3248 3237 6607
 3249 3238 6608
 3250 3239 6609
 3251 3240 6610
 3252 3241 6611
 3253 3242 6612
 3254 3243 6613
 3255 3244 6614
 3256 3245 6615
 3257 3246 6616
 3357 3247 6617
 3258 3248 6618
 3259 3249 6619
 3260 3250 6620
 3261 3251 6621
 3262 3252 6622
 3263 3253 6623
 3264 3254 6624
 3265 3255 6625
 3266 3256 6626
 3267 3257 6627
 3358 3258 6628
 3269 3259 6629
 3270 3260 6630
 3271 3261 6631
 3272 3262 6632
 3273 3263 6633
 3274 3264 6634
 3275 3265 6635
 3276 3266 6636
 3277 3267 6637
 3278 3268 6638
 3359 3278 6648
 3360 61 3370
 61 62 3371
 62 63 3372
 63 64 3373
 64 65 3374
 65 66 3375
 66 67 3376
 67 68 3377
 68 69 3378
 69 70 3379
 70 71 3380
 71 72 3381
 72 73 3382
 73 74 3383
 74 75 3384
 75 76 3385
 76 77 3386
 77 78 3387
 78 79 3388
 79 80 3389
 80 81 3390
 81 82 3391
 82 83 3392
 83 84 3393
 84 85 3394
 85 86 3395
 86 87 3396
 87 88 3397
 88 89 3398
 89 90 3399
 90 91 3400
 91 92 3401
 92 93 3402
 93 94 3403
 94 95 3404
 95 96 3405
 96 97 3406
 97 98 3407
 98 99 3408
 99 100 3409
 100 101 3410
 101 102 3411
 102 103 3412
 103 104 3413
 104 105 3414
 105 106 3415
 106 107 3416
 107 108 3417
 108 109 3418
 109 110 3419
 110 111 3420
 111 112 3421
 112 113 3422
 113 114 3423
 114 115 3424
 115 116 3425
 116 117 3426
 117 118 3427
 118 119 3428
 119 120 3429
 120 121 3430
 121 122 6656
 122 123 6649
 3279 124 3432
 124 125 3433
 125 126 3434
 126 127 3435
 127 128 3436
 128 129 3437
 129 130 3438
 130 131 3439
 131 132 3440
 132 133 3441
 133 134 3442
 134 135 3443
 135 136 3444
 136 137 3445
 137 138 3446
 138 139 3447
 139 140 3448
 140 141 3449
 141 142 3450
 142 143 3451
 143 144 3452
 144 145 3453
 145 146 3454
 146 147 3455
 147 148 3456
 148 149 3457
 149 150 3458
 150 151 3459
 151 152 3460
 152 153 3461
 153 154 3462
 154 155 3463
 155 156 3464
 156 157 3465
 157 158 3466
 158 159 3467
 159 160 3468
 160 161 3469
 161 162 3470
 162 163 3471
 163 164 3472
 164 165 3473
 165 166 3474
 166 167 3475
 167 168 3476
 168 169 3477
 169 170 3478
 170 171 3479
 171 172 3480
 172 173 3481
 173 174 3482
 174 175 3483
 175 176 3484
 176 177 3485
 177 178 3486
 178 179 3487
 179 180 3488
 180 181 3489
 181 182 3490
 182 183 3491
 183 184 3492
 184 185 3493
 185 186 6657
 3280 187 3495
 187 188 3496
 188 189 3497
 189 190 3498
 190 191 3499
 191 192 3500
 192 193 3501
 193 194 3502
 194 195 3503
 195 196 3504
 196 197 3505
 197 198 3506
 198 199 3507
 199 200 3508
 200 201 3509
 201 202 3510
 202 203 3511
 203 204 3512
 204 205 3513
 205 206 3514
 206 207 3515
 207 208 3516
 208 209 3517
 209 210 3518
 210 211 3519
 211 212 3520
 212 213 3521
 213 214 3522
 214 215 3523
 215 216 3524
 216 217 3525
 217 218 3526
 218 219 3527
 219 220 3528
 220 221 3529
 221 222 3530
 222 223 3531
 223 224 3532
 224 225 3533
 225 226 3534
 226 227 3535
 227 228 3536
 228 229 3537
 229 230 3538
 230 231 3539
 231 232 3540
 232 233 3541
 233 234 3542
 234 235 3543
 235 236 3544
 236 237 3545
 237 238 3546
 238 239 3547
 239 240 3548
 240 241 3549
 241 242 3550
 242 243 3551
 243 244 3552
 244 245 3553
 245 246 3554
 246 247 3555
 247 248 3556
 3281 249 3558
 249 250 3559
 250 251 3560
 251 252 3561
 252 253 3562
 253 254 3563
 254 255 3564
 255 256 3565
 256 257 3566
 257 258 3567
 258 259 3568
 259 260 3569
 260 261 3570
 261 262 3571
 262 263 3572
 263 264 3573
 264 265 3574
 265 266 3575
 266 267 3576
 267 268 3577
 268 269 3578
 269 270 3579
 270 271 3580
 271 272 3581
 272 273 3582
 273 274 3583
 274 275 3584
 275 276 3585
 276 277 3586
 277 278 3587
 278 279 3588
 279 280 3589
 280 281 3590
 281 282 3591
 282 283 3592
 283 284 3593
 284 285 3594
 285 286 3595
 286 287 3596
 287 288 3597
 288 289 3598
 289 290 3599
 290 291 3600
 291 292 3601
 292 293 3602
 293 294 3603
 294 295 3604
 295 296 3605
 296 297 3606
 297 298 3607
 298 299 3608
 299 300 3609
 300 301 3610
 301 302 3611
 302 303 3612
 303 304 3613
 304 305 3614
 305 306 3615
 306 307 3616
 307 308 3617
 308 309 3618
 3282 310 3620
 310 311 3621
 311 312 3622
 312 313 3623
 313 314 3624
 314 315 3625
 315 316 3626
 316 317 3627
 317 318 3628
 318 319 3629
 319 320 3630
 320 321 3631
 321 322 3632
 322 323 3633
 323 324 3634
 324 325 3635
 325 326 3636
 326 327 3637
 327 328 3638
 328 329 3639
 329 330 3640
 330 331 3641
 331 332 3642
 332 333 3643
 333 334 3644
 334 335 3645
 335 336 3646
 336 337 3647
 337 338 3648
 338 339 3649
 339 340 3650
 340 341 3651
 341 342 3652
 342 343 3653
 343 344 3654
 344 345 3655
 345 346 3656
 346 347 3657
 347 348 3658
 348 349 3659
 349 350 3660
 350 351 3661
 351 352 3662
 352 353 3663
 353 354 3664
 354 355 3665
 355 356 3666
 356 357 3667
 357 358 3668
 358 359 3669
 359 360 3670
 360 361 3671
 361 362 3672
 362 363 3673
 363 364 3674
 364 365 3675
 365 366 3676
 366 367 3677
 367 368 3678
 368 369 3679
 3283 370 3681
 370 371 3682
 371 372 3683
 372 373 3684
 373 374 3685
 374 375 3686
 375 376 3687
 376 377 3688
 377 378 3689
 378 379 3690
 379 380 3691
 380 381 3692
 381 382 3693
 382 383 3694
 383 384 3695
 384 385 3696
 385 386 3697
 386 387 3698
 387 388 3699
 388 389 3700
 389 390 3701
 390 391 3702
 391 392 3703
 392 393 3704
 393 394 3705
 394 395 3706
 395 396 3707
 396 397 3708
 397 398 3709
 398 399 3710
 399 400 3711
 400 401 3712
 401 402 3713
 402 403 3714
 403 404 3715
 404 405 3716
 405 406 3717
 406 407 3718
 407 408 3719
 408 409 3720
 409 410 3721
 410 411 3722
 411 412 3723
 412 413 3724
 413 414 3725
 414 415 3726
 415 416 3727
 416 417 3728
 417 418 3729
 418 419 3730
 419 420 3731
 420 421 3732
 421 422 3733
 422 423 3734
 423 424 3735
 424 425 3736
 425 426 3737
 426 427 3738
 427 428 3739
 428 429 6658
 3284 430 3741
 430 431 3742
 431 432 3743
 432 433 3744
 433 434 3745
 434 435 3746
 435 436 3747
 436 437 3748
 437 438 3749
 438 439 3750
 439 440 3751
 440 441 3752
 441 442 3753
 442 443 3754
 443 444 3755
 444 445 3756
 445 446 3757
 446 447 3758
 447 448 3759
 448 449 3760
 449 450 3761
 450 451 3762
 451 452 3763
 452 453 3764
 453 454 3765
 454 455 3766
 455 456 3767
 456 457 3768
 457 458 3769
 458 459 3770
 459 460 3771
 460 461 3772
 461 462 3773
 462 463 3774
 463 464 3775
 464 465 3776
 465 466 3777
 466 467 3778
 467 468 3779
 468 469 3780
 469 470 3781
 470 471 3782
 471 472 3783
 472 473 3784
 473 474 3785
 474 475 3786
 475 476 3787
 476 477 3788
 477 478 3789
 478 479 3790
 479 480 3791
 480 481 3792
 481 482 3793
 482 483 3794
 483 484 3795
 484 485 3796
 485 486 3797
 486 487 3798
 487 488 3799
 3285 489 3800
 489 490 3801
 490 491 3802
 491 492 3803
 492 493 3804
 493 494 3805
 494 495 3806
 495 496 3807
 496 497 3808
 497 498 3809
 498 499 3810
 499 500 3811
 500 501 3812
 501 502 3813
 502 503 3814
 503 504 3815
 504 505 3816
 505 506 3817
 506 507 3818
 507 508 3819
 508 509 3820
 509 510 3821
 510 511 3822
 511 512 3823
 512 513 3824
 513 514 3825
 514 515 3826
 515 516 3827
 516 517 3828
 517 518 3829
 518 519 3830
 519 520 3831
 520 521 3832
 521 522 3833
 522 523 3834
 523 524 3835
 524 525 3836
 525 526 3837
 526 527 3838
 527 528 3839
 528 529 3840
 529 530 3841
 530 531 3842
 531 532 3843
 532 533 3844
 533 534 3845
 534 535 3846
 535 536 3847
 536 537 3848
 537 538 3849
 538 539 3850
 539 540 3851
 540 541 3852
 541 542 3853
 542 543 3854
 543 544 3855
 544 545 3856
 545 546 3857
 546 547 3858
 3286 548 3860
 548 549 3861
 549 550 3862
 550 551 3863
 551 552 3864
 552 553 3865
 553 554 3866
 554 555 3867
 555 556 3868
 556 557 3869
 557 558 3870
 558 559 3871
 559 560 3872
 560 561 3873
 561 562 3874
 562 563 3875
 563 564 3876
 564 565 3877
 565 566 3878
 566 567 3879
 567 568 3880
 568 569 3881
 569 570 3882
 570 571 3883
 571 572 3884
 572 573 3885
 573 574 3886
 574 575 3887
 575 576 3888
 576 577 3889
 577 578 3890
 578 579 3891
 579 580 3892
 580 581 3893
 581 582 3894
 582 583 3895
 583 584 3896
 584 585 3897
 585 586 3898
 586 587 3899
 587 588 3900
 588 589 3901
 589 590 3902
 590 591 3903
 591 592 3904
 592 593 3905
 593 594 3906
 594 595 3907
 595 596 3908
 596 597 3909
 597 598 3910
 598 599 3911
 599 600 3912
 600 601 3913
 601 602 3914
 602 603 3915
 603 604 3916
 604 605 3917
 3287 606 3919
 606 607 3920
 607 608 3921
 608 609 3922
 609 610 3923
 610 611 3924
 611 612 3925
 612 613 3926
 613 614 3927
 614 615 3928
 615 616 3929
 616 617 3930
 617 618 3931
 618 619 3932
 619 620 3933
 620 621 3934
 621 622 3935
 622 623 3936
 623 624 3937
 624 625 3938
 625 626 3939
 626 627 3940
 627 628 3941
 628 629 3942
 629 630 3943
 630 631 3944
 631 632 3945
 632 633 3946
 633 634 3947
 634 635 3948
 635 636 3949
 636 637 3950
 637 638 3951
 638 639 3952
 639 640 3953
 640 641 3954
 641 642 3955
 642 643 3956
 643 644 3957
 644 645 3958
 645 646 3959
 646 647 3960
 647 648 3961
 648 649 3962
 649 650 3963
 650 651 3964
 651 652 3965
 652 653 3966
 653 654 3967
 654 655 3968
 655 656 3969
 656 657 3970
 657 658 3971
 658 659 3972
 659 660 3973
 660 661 3974
 661 662 3975
 662 663 6659
 3288 664 3977
 664 665 3978
 665 666 3979
 666 667 3980
 667 668 3981
 668 669 3982
 669 670 3983
 670 671 3984
 671 672 3985
 672 673 3986
 673 674 3987
 674 675 3988
 675 676 3989
 676 677 3990
 677 678 3991
 678 679 3992
 679 680 3993
 680 681 3994
 681 682 3995
 682 683 3996
 683 684 3997
 684 685 3998
 685 686 3999
 686 687 4000
 687 688 4001
 688 689 4002
 689 690 4003
 690 691 4004
 691 692 4005
 692 693 4006
 693 694 4007
 694 695 4008
 695 696 4009
 696 697 4010
 697 698 4011
 698 699 4012
 699 700 4013
 700 701 4014
 701 702 4015
 702 703 4016
 703 704 4017
 704 705 4018
 705 706 4019
 706 707 4020
 707 708 4021
 708 709 4022
 709 710 4023
 710 711 4024
 711 712 4025
 712 713 4026
 713 714 4027
 714 715 4028
 715 716 4029
 716 717 4030
 717 718 4031
 718 719 4032
 719 720 4033
 3289 721 4035
 721 722 4036
 722 723 4037
 723 724 4038
 724 725 4039
 725 726 4040
 726 727 4041
 727 728 4042
 728 729 4043
 729 730 4044
 730 731 4045
 731 732 4046
 732 733 4047
 733 734 4048
 734 735 4049
 735 736 4050
 736 737 4051
 737 738 4052
 738 739 4053
 739 740 4054
 740 741 4055
 741 742 4056
 742 743 4057
 743 744 4058
 744 745 4059
 745 746 4060
 746 747 4061
 747 748 4062
 748 749 4063
 749 750 4064
 750 751 4065
 751 752 4066
 752 753 4067
 753 754 4068
 754 755 4069
 755 756 4070
 756 757 4071
 757 758 4072
 758 759 4073
 759 760 4074
 760 761 4075
 761 762 4076
 762 763 4077
 763 764 4078
 764 765 4079
 765 766 4080
 766 767 4081
 767 768 4082
 768 769 4083
 769 770 4084
 770 771 4085
 771 772 4086
 772 773 4087
 773 774 4088
 774 775 4089
 775 776 4090
 3290 777 4092
 777 778 4093
 778 779 4094
 779 780 4095
 780 781 4096
 781 782 4097
 782 783 4098
 783 784 4099
 784 785 4100
 785 786 4101
 786 787 4102
 787 788 4103
 788 789 4104
 789 790 4105
 790 791 4106
 791 792 4107
 792 793 4108
 793 794 4109
 794 795 4110
 795 796 4111
 796 797 4112
 797 798 4113
 798 799 4114
 799 800 4115
 800 801 4116
 801 802 4117
 802 803 4118
 803 804 4119
 804 805 4120
 805 806 4121
 806 807 4122
 807 808 4123
 808 809 4124
 809 810 4125
 810 811 4126
 811 812 4127
 812 813 4128
 813 814 4129
 814 815 4130
 815 816 4131
 816 817 4132
 817 818 4133
 818 819 4134
 819 820 4135
 820 821 4136
 821 822 4137
 822 823 4138
 823 824 4139
 824 825 4140
 825 826 4141
 826 827 4142
 827 828 4143
 828 829 4144
 829 830 4145
 830 831 4146
 3361 832 4147
 832 833 4148
 833 834 4149
 834 835 4150
 835 836 4151
 836 837 4152
 837 838 4153
 838 839 4154
 839 840 4155
 840 841 4156
 841 842 4157
 842 843 4158
 843 844 4159
 844 845 4160
 845 846 4161
 846 847 4162
 847 848 4163
 848 849 4164
 849 850 4165
 850 851 4166
 851 852 4167
 852 853 4168
 853 854 4169
 854 855 4170
 855 856 4171
 856 857 4172
 857 858 4173
 858 859 4174
 859 860 4175
 860 861 4176
 861 862 4177
 862 863 4178
 863 864 4179
 864 865 4180
 865 866 4181
 866 867 4182
 867 868 4183
 868 869 4184
 869 870 4185
 870 871 4186
 871 872 4187
 872 873 4188
 873 874 4189
 874 875 4190
 875 876 4191
 876 877 4192
 877 878 4193
 878 879 4194
 879 880 4195
 880 881 4196
 881 882 4197
 882 883 4198
 883 884 4199
 884 885 4200
 885 886 4201
 3291 887 4203
 887 888 4204
 888 889 4205
 889 890 4206
 890 891 4207
 891 892 4208
 892 893 4209
 893 894 4210
 894 895 4211
 895 896 4212
 896 897 4213
 897 898 4214
 898 899 4215
 899 900 4216
 900 901 4217
 901 902 4218
 902 903 4219
 903 904 4220
 904 905 4221
 905 906 4222
 906 907 4223
 907 908 4224
 908 909 4225
 909 910 4226
 910 911 4227
 911 912 4228
 912 913 4229
 913 914 4230
 914 915 4231
 915 916 4232
 916 917 4233
 917 918 4234
 918 919 4235
 919 920 4236
 920 921 4237
 921 922 4238
 922 923 4239
 923 924 4240
 924 925 4241
 925 926 4242
 926 927 4243
 927 928 4244
 928 929 4245
 929 930 4246
 930 931 4247
 931 932 4248
 932 933 4249
 933 934 4250
 934 935 4251
 935 936 4252
 936 937 4253
 937 938 4254
 938 939 4255
 939 940 4256
 940 941 6660
 3292 942 4258
 942 943 4259
 943 944 4260
 944 945 4261
 945 946 4262
 946 947 4263
 947 948 4264
 948 949 4265
 949 950 4266
 950 951 4267
 951 952 4268
 952 953 4269
 953 954 4270
 954 955 4271
 955 956 4272
 956 957 4273
 957 958 4274
 958 959 4275
 959 960 4276
 960 961 4277
 961 962 4278
 962 963 4279
 963 964 4280
 964 965 4281
 965 966 4282
 966 967 4283
 967 968 4284
 968 969 4285
 969 970 4286
 970 971 4287
 971 972 4288
 972 973 4289
 973 974 4290
 974 975 4291
 975 976 4292
 976 977 4293
 977 978 4294
 978 979 4295
 979 980 4296
 980 981 4297
 981 982 4298
 982 983 4299
 983 984 4300
 984 985 4301
 985 986 4302
 986 987 4303
 987 988 4304
 988 989 4305
 989 990 4306
 990 991 4307
 991 992 4308
 992 993 4309
 993 994 4310
 994 995 4311
 3293 996 4313
 996 997 4314
 997 998 4315
 998 999 4316
 999 1000 4317
 1000 1001 4318
 1001 1002 4319
 1002 1003 4320
 1003 1004 4321
 1004 1005 4322
 1005 1006 4323
 1006 1007 4324
 1007 1008 4325
 1008 1009 4326
 1009 1010 4327
 1010 1011 4328
 1011 1012 4329
 1012 1013 4330
 1013 1014 4331
 1014 1015 4332
 1015 1016 4333
 1016 1017 4334
 1017 1018 4335
 1018 1019 4336
 1019 1020 4337
 1020 1021 4338
 1021 1022 4339
 1022 1023 4340
 1023 1024 4341
 1024 1025 4342
 1025 1026 4343
 1026 1027 4344
 1027 1028 4345
 1028 1029 4346
 1029 1030 4347
 1030 1031 4348
 1031 1032 4349
 1032 1033 4350
 1033 1034 4351
 1034 1035 4352
 1035 1036 4353
 1036 1037 4354
 1037 1038 4355
 1038 1039 4356
 1039 1040 4357
 1040 1041 4358
 1041 1042 4359
 1042 1043 4360
 1043 1044 4361
 1044 1045 4362
 1045 1046 4363
 1046 1047 4364
 1047 1048 4365
 3294 1049 4367
 1049 1050 4368
 1050 1051 4369
 1051 1052 4370
 1052 1053 4371
 1053 1054 4372
 1054 1055 4373
 1055 1056 4374
 1056 1057 4375
 1057 1058 4376
 1058 1059 4377
 1059 1060 4378
 1060 1061 4379
 1061 1062 4380
 1062 1063 4381
 1063 1064 4382
 1064 1065 4383
 1065 1066 4384
 1066 1067 4385
 1067 1068 4386
 1068 1069 4387
 1069 1070 4388
 1070 1071 4389
 1071 1072 4390
 1072 1073 4391
 1073 1074 4392
 1074 1075 4393
 1075 1076 4394
 1076 1077 4395
 1077 1078 4396
 1078 1079 4397
 1079 1080 4398
 1080 1081 4399
 1081 1082 4400
 1082 1083 4401
 1083 1084 4402
 1084 1085 4403
 1085 1086 4404
 1086 1087 4405
 1087 1088 4406
 1088 1089 4407
 1089 1090 4408
 1090 1091 4409
 1091 1092 4410
 1092 1093 4411
 1093 1094 4412
 1094 1095 4413
 1095 1096 4414
 1096 1097 4415
 1097 1098 4416
 1098 1099 4417
 1099 1100 4418
 3295 1101 4420
 1101 1102 4421
 1102 1103 4422
 1103 1104 4423
 1104 1105 4424
 1105 1106 4425
 1106 1107 4426
 1107 1108 4427
 1108 1109 4428
 1109 1110 4429
 1110 1111 4430
 1111 1112 4431
 1112 1113 4432
 1113 1114 4433
 1114 1115 4434
 1115 1116 4435
 1116 1117 4436
 1117 1118 4437
 1118 1119 4438
 1119 1120 4439
 1120 1121 4440
 1121 1122 4441
 1122 1123 4442
 1123 1124 4443
 1124 1125 4444
 1125 1126 4445
 1126 1127 4446
 1127 1128 4447
 1128 1129 4448
 1129 1130 4449
 1130 1131 4450
 1131 1132 4451
 1132 1133 4452
 1133 1134 4453
 1134 1135 4454
 1135 1136 4455
 1136 1137 4456
 1137 1138 4457
 1138 1139 4458
 1139 1140 4459
 1140 1141 4460
 1141 1142 4461
 1142 1143 4462
 1143 1144 4463
 1144 1145 4464
 1145 1146 4465
 1146 1147 4466
 1147 1148 4467
 1148 1149 4468
 1149 1150 4469
 1150 1151 4470
 1151 1152 6661
 3362 1153 4471
 1153 1154 4472
 1154 1155 4473
 1155 1156 4474
 1156 1157 4475
 1157 1158 4476
 1158 1159 4477
 1159 1160 4478
 1160 1161 4479
 1161 1162 4480
 1162 1163 4481
 1163 1164 4482
 1164 1165 4483
 1165 1166 4484
 1166 1167 4485
 1167 1168 4486
 1168 1169 4487
 1169 1170 4488
 1170 1171 4489
 1171 1172 4490
 1172 1173 4491
 1173 1174 4492
 1174 1175 4493
 1175 1176 4494
 1176 1177 4495
 1177 1178 4496
 1178 1179 4497
 1179 1180 4498
 1180 1181 4499
 1181 1182 4500
 1182 1183 4501
 1183 1184 4502
 1184 1185 4503
 1185 1186 4504
 1186 1187 4505
 1187 1188 4506
 1188 1189 4507
 1189 1190 4508
 1190 1191 4509
 1191 1192 4510
 1192 1193 4511
 1193 1194 4512
 1194 1195 4513
 1195 1196 4514
 1196 1197 4515
 1197 1198 4516
 1198 1199 4517
 1199 1200 4518
 1200 1201 4519
 1201 1202 4520
 1202 1203 4521
 1203 1204 4522
 3296 1205 4524
 1205 1206 4525
 1206 1207 4526
 1207 1208 4527
 1208 1209 4528
 1209 1210 4529
 1210 1211 4530
 1211 1212 4531
 1212 1213 4532
 1213 1214 4533
 1214 1215 4534
 1215 1216 4535
 1216 1217 4536
 1217 1218 4537
 1218 1219 4538
 1219 1220 4539
 1220 1221 4540
 1221 1222 4541
 1222 1223 4542
 1223 1224 4543
 1224 1225 4544
 1225 1226 4545
 1226 1227 4546
 1227 1228 4547
 1228 1229 4548
 1229 1230 4549
 1230 1231 4550
 1231 1232 4551
 1232 1233 4552
 1233 1234 4553
 1234 1235 4554
 1235 1236 4555
 1236 1237 4556
 1237 1238 4557
 1238 1239 4558
 1239 1240 4559
 1240 1241 4560
 1241 1242 4561
 1242 1243 4562
 1243 1244 4563
 1244 1245 4564
 1245 1246 4565
 1246 1247 4566
 1247 1248 4567
 1248 1249 4568
 1249 1250 4569
 1250 1251 4570
 1251 1252 4571
 1252 1253 4572
 1253 1254 4573
 1254 1255 4574
 3297 1256 4576
 1256 1257 4577
 1257 1258 4578
 1258 1259 4579
 1259 1260 4580
 1260 1261 4581
 1261 1262 4582
 1262 1263 4583
 1263 1264 4584
 1264 1265 4585
 1265 1266 4586
 1266 1267 4587
 1267 1268 4588
 1268 1269 4589
 1269 1270 4590
 1270 1271 4591
 1271 1272 4592
 1272 1273 4593
 1273 1274 4594
 1274 1275 4595
 1275 1276 4596
 1276 1277 4597
 1277 1278 4598
 1278 1279 4599
 1279 1280 4600
 1280 1281 4601
 1281 1282 4602
 1282 1283 4603
 1283 1284 4604
 1284 1285 4605
 1285 1286 4606
 1286 1287 4607
 1287 1288 4608
 1288 1289 4609
 1289 1290 4610
 1290 1291 4611
 1291 1292 4612
 1292 1293 4613
 1293 1294 4614
 1294 1295 4615
 1295 1296 4616
 1296 1297 4617
 1297 1298 4618
 1298 1299 4619
 1299 1300 4620
 1300 1301 4621
 1301 1302 4622
 1302 1303 4623
 1303 1304 4624
 1304 1305 4625
 3298 1306 4627
 1306 1307 4628
 1307 1308 4629
 1308 1309 4630
 1309 1310 4631
 1310 1311 4632
 1311 1312 4633
 1312 1313 4634
 1313 1314 4635
 1314 1315 4636
 1315 1316 4637
 1316 1317 4638
 1317 1318 4639
 1318 1319 4640
 1319 1320 4641
 1320 1321 4642
 1321 1322 4643
 1322 1323 4644
 1323 1324 4645
 1324 1325 4646
 1325 1326 4647
 1326 1327 4648
 1327 1328 4649
 1328 1329 4650
 1329 1330 4651
 1330 1331 4652
 1331 1332 4653
 1332 1333 4654
 1333 1334 4655
 1334 1335 4656
 1335 1336 4657
 1336 1337 4658
 1337 1338 4659
 1338 1339 4660
 1339 1340 4661
 1340 1341 4662
 1341 1342 4663
 1342 1343 4664
 1343 1344 4665
 1344 1345 4666
 1345 1346 4667
 1346 1347 4668
 1347 1348 4669
 1348 1349 4670
 1349 1350 4671
 1350 1351 4672
 1351 1352 4673
 1352 1353 4674
 1353 1354 4675
 1354 1355 6662
 3299 1356 4677
 1356 1357 4678
 1357 1358 4679
 1358 1359 4680
 1359 1360 4681
 1360 1361 4682
 1361 1362 4683
 1362 1363 4684
 1363 1364 4685
 1364 1365 4686
 1365 1366 4687
 1366 1367 4688
 1367 1368 4689
 1368 1369 4690
 1369 1370 4691
 1370 1371 4692
 1371 1372 4693
 1372 1373 4694
 1373 1374 4695
 1374 1375 4696
 1375 1376 4697
 1376 1377 4698
 1377 1378 4699
 1378 1379 4700
 1379 1380 4701
 1380 1381 4702
 1381 1382 4703
 1382 1383 4704
 1383 1384 4705
 1384 1385 4706
 1385 1386 4707
 1386 1387 4708
 1387 1388 4709
 1388 1389 4710
 1389 1390 4711
 1390 1391 4712
 1391 1392 4713
 1392 1393 4714
 1393 1394 4715
 1394 1395 4716
 1395 1396 4717
 1396 1397 4718
 1397 1398 4719
 1398 1399 4720
 1399 1400 4721
 1400 1401 4722
 1401 1402 4723
 1402 1403 4724
 1403 1404 4725
 3300 1405 4727
 1405 1406 4728
 1406 1407 4729
 1407 1408 4730
 1408 1409 4731
 1409 1410 4732
 1410 1411 4733
 1411 1412 4734
 1412 1413 4735
 1413 1414 4736
 1414 1415 4737
 1415 1416 4738
 1416 1417 4739
 1417 1418 4740
 1418 1419 4741
 1419 1420 4742
 1420 1421 4743
 1421 1422 4744
 1422 1423 4745
 1423 1424 4746
 1424 1425 4747
 1425 1426 4748
 1426 1427 4749
 1427 1428 4750
 1428 1429 4751
 1429 1430 4752
 1430 1431 4753
 1431 1432 4754
 1432 1433 4755
 1433 1434 4756
 1434 1435 4757
 1435 1436 4758
 1436 1437 4759
 1437 1438 4760
 1438 1439 4761
 1439 1440 4762
 1440 1441 4763
 1441 1442 4764
 1442 1443 4765
 1443 1444 4766
 1444 1445 4767
 1445 1446 4768
 1446 1447 4769
 1447 1448 4770
 1448 1449 4771
 1449 1450 4772
 1450 1451 4773
 1451 1452 4774
 3301 1453 4776
 1453 1454 4777
 1454 1455 4778
 1455 1456 4779
 1456 1457 4780
 1457 1458 4781
 1458 1459 4782
 1459 1460 4783
 1460 1461 4784
 1461 1462 4785
 1462 1463 4786
 1463 1464 4787
 1464 1465 4788
 1465 1466 4789
 1466 1467 4790
 1467 1468 4791
 1468 1469 4792
 1469 1470 4793
 1470 1471 4794
 1471 1472 4795
 1472 1473 4796
 1473 1474 4797
 1474 1475 4798
 1475 1476 4799
 1476 1477 4800
 1477 1478 4801
 1478 1479 4802
 1479 1480 4803
 1480 1481 4804
 1481 1482 4805
 1482 1483 4806
 1483 1484 4807
 1484 1485 4808
 1485 1486 4809
 1486 1487 4810
 1487 1488 4811
 1488 1489 4812
 1489 1490 4813
 1490 1491 4814
 1491 1492 4815
 1492 1493 4816
 1493 1494 4817
 1494 1495 4818
 1495 1496 4819
 1496 1497 4820
 1497 1498 4821
 1498 1499 4822
 3302 1500 4823
 1500 1501 4824
 1501 1502 4825
 1502 1503 4826
 1503 1504 4827
 1504 1505 4828
 1505 1506 4829
 1506 1507 4830
 1507 1508 4831
 1508 1509 4832
 1509 1510 4833
 1510 1511 4834
 1511 1512 4835
 1512 1513 4836
 1513 1514 4837
 1514 1515 4838
 1515 1516 4839
 1516 1517 4840
 1517 1518 4841
 1518 1519 4842
 1519 1520 4843
 1520 1521 4844
 1521 1522 4845
 1522 1523 4846
 1523 1524 4847
 1524 1525 4848
 1525 1526 4849
 1526 1527 4850
 1527 1528 4851
 1528 1529 4852
 1529 1530 4853
 1530 1531 4854
 1531 1532 4855
 1532 1533 4856
 1533 1534 4857
 1534 1535 4858
 1535 1536 4859
 1536 1537 4860
 1537 1538 4861
 1538 1539 4862
 1539 1540 4863
 1540 1541 4864
 1541 1542 4865
 1542 1543 4866
 1543 1544 4867
 1544 1545 4868
 1545 1546 4869
 1546 1547 6663
 3303 1548 4871
 1548 1549 4872
 1549 1550 4873
 1550 1551 4874
 1551 1552 4875
 1552 1553 4876
 1553 1554 4877
 1554 1555 4878
 1555 1556 4879
 1556 1557 4880
 1557 1558 4881
 1558 1559 4882
 1559 1560 4883
 1560 1561 4884
 1561 1562 4885
 1562 1563 4886
 1563 1564 4887
 1564 1565 4888
 1565 1566 4889
 1566 1567 4890
 1567 1568 4891
 1568 1569 4892
 1569 1570 4893
 1570 1571 4894
 1571 1572 4895
 1572 1573 4896
 1573 1574 4897
 1574 1575 4898
 1575 1576 4899
 1576 1577 4900
 1577 1578 4901
 1578 1579 4902
 1579 1580 4903
 1580 1581 4904
 1581 1582 4905
 1582 1583 4906
 1583 1584 4907
 1584 1585 4908
 1585 1586 4909
 1586 1587 4910
 1587 1588 4911
 1588 1589 4912
 1589 1590 4913
 1590 1591 4914
 1591 1592 4915
 1592 1593 4916
 1593 1594 4917
 3304 1595 4919
 1595 1596 4920
 1596 1597 4921
 1597 1598 4922
 1598 1599 4923
 1599 1600 4924
 1600 1601 4925
 1601 1602 4926
 1602 1603 4927
 1603 1604 4928
 1604 1605 4929
 1605 1606 4930
 1606 1607 4931
 1607 1608 4932
 1608 1609 4933
 1609 1610 4934
 1610 1611 4935
 1611 1612 4936
 1612 1613 4937
 1613 1614 4938
 1614 1615 4939
 1615 1616 4940
 1616 1617 4941
 1617 1618 4942
 1618 1619 4943
 1619 1620 4944
 1620 1621 4945
 1621 1622 4946
 1622 1623 4947
 1623 1624 4948
 1624 1625 4949
 1625 1626 4950
 1626 1627 4951
 1627 1628 4952
 1628 1629 4953
 1629 1630 4954
 1630 1631 4955
 1631 1632 4956
 1632 1633 4957
 1633 1634 4958
 1634 1635 4959
 1635 1636 4960
 1636 1637 4961
 1637 1638 4962
 1638 1639 4963
 1639 1640 4964
 3305 1641 4966
 1641 1642 4967
 1642 1643 4968
 1643 1644 4969
 1644 1645 4970
 1645 1646 4971
 1646 1647 4972
 1647 1648 4973
 1648 1649 4974
 1649 1650 4975
 1650 1651 4976
 1651 1652 4977
 1652 1653 4978
 1653 1654 4979
 1654 1655 4980
 1655 1656 4981
 1656 1657 4982
 1657 1658 4983
 1658 1659 4984
 1659 1660 4985
 1660 1661 4986
 1661 1662 4987
 1662 1663 4988
 1663 1664 4989
 1664 1665 4990
 1665 1666 4991
 1666 1667 4992
 1667 1668 4993
 1668 1669 4994
 1669 1670 4995
 1670 1671 4996
 1671 1672 4997
 1672 1673 4998
 1673 1674 4999
 1674 1675 5000
 1675 1676 5001
 1676 1677 5002
 1677 1678 5003
 1678 1679 5004
 1679 1680 5005
 1680 1681 5006
 1681 1682 5007
 1682 1683 5008
 1683 1684 5009
 1684 1685 5010
 3306 1686 5012
 1686 1687 5013
 1687 1688 5014
 1688 1689 5015
 1689 1690 5016
 1690 1691 5017
 1691 1692 5018
 1692 1693 5019
 1693 1694 5020
 1694 1695 5021
 1695 1696 5022
 1696 1697 5023
 1697 1698 5024
 1698 1699 5025
 1699 1700 5026
 1700 1701 5027
 1701 1702 5028
 1702 1703 5029
 1703 1704 5030
 1704 1705 5031
 1705 1706 5032
 1706 1707 5033
 1707 1708 5034
 1708 1709 5035
 1709 1710 5036
 1710 1711 5037
 1711 1712 5038
 1712 1713 5039
 1713 1714 5040
 1714 1715 5041
 1715 1716 5042
 1716 1717 5043
 1717 1718 5044
 1718 1719 5045
 1719 1720 5046
 1720 1721 5047
 1721 1722 5048
 1722 1723 5049
 1723 1724 5050
 1724 1725 5051
 1725 1726 5052
 1726 1727 5053
 1727 1728 5054
 1728 1729 5055
 3307 1730 5057
 1730 1731 5058
 1731 1732 5059
 1732 1733 5060
 1733 1734 5061
 1734 1735 5062
 1735 1736 5063
 1736 1737 5064
 1737 1738 5065
 1738 1739 5066
 1739 1740 5067
 1740 1741 5068
 1741 1742 5069
 1742 1743 5070
 1743 1744 5071
 1744 1745 5072
 1745 1746 5073
 1746 1747 5074
 1747 1748 5075
 1748 1749 5076
 1749 1750 5077
 1750 1751 5078
 1751 1752 5079
 1752 1753 5080
 1753 1754 5081
 1754 1755 5082
 1755 1756 5083
 1756 1757 5084
 1757 1758 5085
 1758 1759 5086
 1759 1760 5087
 1760 1761 5088
 1761 1762 5089
 1762 1763 5090
 1763 1764 5091
 1764 1765 5092
 1765 1766 5093
 1766 1767 5094
 1767 1768 5095
 1768 1769 5096
 1769 1770 5097
 1770 1771 5098
 1771 1772 5099
 1772 1773 6664
 3308 1774 5100
 1774 1775 5101
 1775 1776 5102
 1776 1777 5103
 1777 1778 5104
 1778 1779 5105
 1779 1780 5106
 1780 1781 5107
 1781 1782 5108
 1782 1783 5109
 1783 1784 5110
 1784 1785 5111
 1785 1786 5112
 1786 1787 5113
 1787 1788 5114
 1788 1789 5115
 1789 1790 5116
 1790 1791 5117
 1791 1792 5118
 1792 1793 5119
 1793 1794 5120
 1794 1795 5121
 1795 1796 5122
 1796 1797 5123
 1797 1798 5124
 1798 1799 5125
 1799 1800 5126
 1800 1801 5127
 1801 1802 5128
 1802 1803 5129
 1803 1804 5130
 1804 1805 5131
 1805 1806 5132
 1806 1807 5133
 1807 1808 5134
 1808 1809 5135
 1809 1810 5136
 1810 1811 5137
 1811 1812 5138
 1812 1813 5139
 1813 1814 5140
 1814 1815 5141
 1815 1816 5142
 1816 1817 5143
 3309 1818 5145
 1818 1819 5146
 1819 1820 5147
 1820 1821 5148
 1821 1822 5149
 1822 1823 5150
 1823 1824 5151
 1824 1825 5152
 1825 1826 5153
 1826 1827 5154
 1827 1828 5155
 1828 1829 5156
 1829 1830 5157
 1830 1831 5158
 1831 1832 5159
 1832 1833 5160
 1833 1834 5161
 1834 1835 5162
 1835 1836 5163
 1836 1837 5164
 1837 1838 5165
 1838 1839 5166
 1839 1840 5167
 1840 1841 5168
 1841 1842 5169
 1842 1843 5170
 1843 1844 5171
 1844 1845 5172
 1845 1846 5173
 1846 1847 5174
 1847 1848 5175
 1848 1849 5176
 1849 1850 5177
 1850 1851 5178
 1851 1852 5179
 1852 1853 5180
 1853 1854 5181
 1854 1855 5182
 1855 1856 5183
 1856 1857 5184
 1857 1858 5185
 1858 1859 5186
 1859 1860 5187
 3310 1861 5189
 1861 1862 5190
 1862 1863 5191
 1863 1864 5192
 1864 1865 5193
 1865 1866 5194
 1866 1867 5195
 1867 1868 5196
 1868 1869 5197
 1869 1870 5198
 1870 1871 5199
 1871 1872 5200
 1872 1873 5201
 1873 1874 5202
 1874 1875 5203
 1875 1876 5204
 1876 1877 5205
 1877 1878 5206
 1878 1879 5207
 1879 1880 5208
 1880 1881 5209
 1881 1882 5210
 1882 1883 5211
 1883 1884 5212
 1884 1885 5213
 1885 1886 5214
 1886 1887 5215
 1887 1888 5216
 1888 1889 5217
 1889 1890 5218
 1890 1891 5219
 1891 1892 5220
 1892 1893 5221
 1893 1894 5222
 1894 1895 5223
 1895 1896 5224
 1896 1897 5225
 1897 1898 5226
 1898 1899 5227
 1899 1900 5228
 1900 1901 5229
 1901 1902 5230
 3311 1903 5232
 1903 1904 5233
 1904 1905 5234
 1905 1906 5235
 1906 1907 5236
 1907 1908 5237
 1908 1909 5238
 1909 1910 5239
 1910 1911 5240
 1911 1912 5241
 1912 1913 5242
 1913 1914 5243
 1914 1915 5244
 1915 1916 5245
 1916 1917 5246
 1917 1918 5247
 1918 1919 5248
 1919 1920 5249
 1920 1921 5250
 1921 1922 5251
 1922 1923 5252
 1923 1924 5253
 1924 1925 5254
 1925 1926 5255
 1926 1927 5256
 1927 1928 5257
 1928 1929 5258
 1929 1930 5259
 1930 1931 5260
 1931 1932 5261
 1932 1933 5262
 1933 1934 5263
 1934 1935 5264
 1935 1936 5265
 1936 1937 5266
 1937 1938 5267
 1938 1939 5268
 1939 1940 5269
 1940 1941 5270
 1941 1942 5271
 1942 1943 5272
 1943 1944 6665
 3312 1945 5274
 1945 1946 5275
 1946 1947 5276
 1947 1948 5277
 1948 1949 5278
 1949 1950 5279
 1950 1951 5280
 1951 1952 5281
 1952 1953 5282
 1953 1954 5283
 1954 1955 5284
 1955 1956 5285
 1956 1957 5286
 1957 1958 5287
 1958 1959 5288
 1959 1960 5289
 1960 1961 5290
 1961 1962 5291
 1962 1963 5292
 1963 1964 5293
 1964 1965 5294
 1965 1966 5295
 1966 1967 5296
 1967 1968 5297
 1968 1969 5298
 1969 1970 5299
 1970 1971 5300
 1971 1972 5301
 1972 1973 5302
 1973 1974 5303
 1974 1975 5304
 1975 1976 5305
 1976 1977 5306
 1977 1978 5307
 1978 1979 5308
 1979 1980 5309
 1980 1981 5310
 1981 1982 5311
 1982 1983 5312
 1983 1984 5313
 1984 1985 5314
 3313 1986 5316
 1986 1987 5317
 1987 1988 5318
 1988 1989 5319
 1989 1990 5320
 1990 1991 5321
 1991 1992 5322
 1992 1993 5323
 1993 1994 5324
 1994 1995 5325
 1995 1996 5326
 1996 1997 5327
 1997 1998 5328
 1998 1999 5329
 1999 2000 5330
 2000 2001 5331
 2001 2002 5332
 2002 2003 5333
 2003 2004 5334
 2004 2005 5335
 2005 2006 5336
 2006 2007 5337
 2007 2008 5338
 2008 2009 5339
 2009 2010 5340
 2010 2011 5341
 2011 2012 5342
 2012 2013 5343
 2013 2014 5344
 2014 2015 5345
 2015 2016 5346
 2016 2017 5347
 2017 2018 5348
 2018 2019 5349
 2019 2020 5350
 2020 2021 5351
 2021 2022 5352
 2022 2023 5353
 2023 2024 5354
 2024 2025 5355
 3363 2026 5356
 2026 2027 5357
 2027 2028 5358
 2028 2029 5359
 2029 2030 5360
 2030 2031 5361
 2031 2032 5362
 2032 2033 5363
 2033 2034 5364
 2034 2035 5365
 2035 2036 5366
 2036 2037 5367
 2037 2038 5368
 2038 2039 5369
 2039 2040 5370
 2040 2041 5371
 2041 2042 5372
 2042 2043 5373
 2043 2044 5374
 2044 2045 5375
 2045 2046 5376
 2046 2047 5377
 2047 2048 5378
 2048 2049 5379
 2049 2050 5380
 2050 2051 5381
 2051 2052 5382
 2052 2053 5383
 2053 2054 5384
 2054 2055 5385
 2055 2056 5386
 2056 2057 5387
 2057 2058 5388
 2058 2059 5389
 2059 2060 5390
 2060 2061 5391
 2061 2062 5392
 2062 2063 5393
 2063 2064 5394
 2064 2065 5395
 3314 2066 5397
 2066 2067 5398
 2067 2068 5399
 2068 2069 5400
 2069 2070 5401
 2070 2071 5402
 2071 2072 5403
 2072 2073 5404
 2073 2074 5405
 2074 2075 5406
 2075 2076 5407
 2076 2077 5408
 2077 2078 5409
 2078 2079 5410
 2079 2080 5411
 2080 2081 5412
 2081 2082 5413
 2082 2083 5414
 2083 2084 5415
 2084 2085 5416
 2085 2086 5417
 2086 2087 5418
 2087 2088 5419
 2088 2089 5420
 2089 2090 5421
 2090 2091 5422
 2091 2092 5423
 2092 2093 5424
 2093 2094 5425
 2094 2095 5426
 2095 2096 5427
 2096 2097 5428
 2097 2098 5429
 2098 2099 5430
 2099 2100 5431
 2100 2101 5432
 2101 2102 5433
 2102 2103 5434
 2103 2104 5435
 2104 2105 6666
 3315 2106 5437
 2106 2107 5438
 2107 2108 5439
 2108 2109 5440
 2109 2110 5441
 2110 2111 5442
 2111 2112 5443
 2112 2113 5444
 2113 2114 5445
 2114 2115 5446
 2115 2116 5447
 2116 2117 5448
 2117 2118 5449
 2118 2119 5450
 2119 2120 5451
 2120 2121 5452
 2121 2122 5453
 2122 2123 5454
 2123 2124 5455
 2124 2125 5456
 2125 2126 5457
 2126 2127 5458
 2127 2128 5459
 2128 2129 5460
 2129 2130 5461
 2130 2131 5462
 2131 2132 5463
 2132 2133 5464
 2133 2134 5465
 2134 2135 5466
 2135 2136 5467
 2136 2137 5468
 2137 2138 5469
 2138 2139 5470
 2139 2140 5471
 2140 2141 5472
 2141 2142 5473
 2142 2143 5474
 2143 2144 5475
 3316 2145 5477
 2145 2146 5478
 2146 2147 5479
 2147 2148 5480
 2148 2149 5481
 2149 2150 5482
 2150 2151 5483
 2151 2152 5484
 2152 2153 5485
 2153 2154 5486
 2154 2155 5487
 2155 2156 5488
 2156 2157 5489
 2157 2158 5490
 2158 2159 5491
 2159 2160 5492
 2160 2161 5493
 2161 2162 5494
 2162 2163 5495
 2163 2164 5496
 2164 2165 5497
 2165 2166 5498
 2166 2167 5499
 2167 2168 5500
 2168 2169 5501
 2169 2170 5502
 2170 2171 5503
 2171 2172 5504
 2172 2173 5505
 2173 2174 5506
 2174 2175 5507
 2175 2176 5508
 2176 2177 5509
 2177 2178 5510
 2178 2179 5511
 2179 2180 5512
 2180 2181 5513
 2181 2182 5514
 3317 2183 5516
 2183 2184 5517
 2184 2185 5518
 2185 2186 5519
 2186 2187 5520
 2187 2188 5521
 2188 2189 5522
 2189 2190 5523
 2190 2191 5524
 2191 2192 5525
 2192 2193 5526
 2193 2194 5527
 2194 2195 5528
 2195 2196 5529
 2196 2197 5530
 2197 2198 5531
 2198 2199 5532
 2199 2200 5533
 2200 2201 5534
 2201 2202 5535
 2202 2203 5536
 2203 2204 5537
 2204 2205 5538
 2205 2206 5539
 2206 2207 5540
 2207 2208 5541
 2208 2209 5542
 2209 2210 5543
 2210 2211 5544
 2211 2212 5545
 2212 2213 5546
 2213 2214 5547
 2214 2215 5548
 2215 2216 5549
 2216 2217 5550
 2217 2218 5551
 2218 2219 5552
 3318 2220 5554
 2220 2221 5555
 2221 2222 5556
 2222 2223 5557
 2223 2224 5558
 2224 2225 5559
 2225 2226 5560
 2226 2227 5561
 2227 2228 5562
 2228 2229 5563
 2229 2230 5564
 2230 2231 5565
 2231 2232 5566
 2232 2233 5567
 2233 2234 5568
 2234 2235 5569
 2235 2236 5570
 2236 2237 5571
 2237 2238 5572
 2238 2239 5573
 2239 2240 5574
 2240 2241 5575
 2241 2242 5576
 2242 2243 5577
 2243 2244 5578
 2244 2245 5579
 2245 2246 5580
 2246 2247 5581
 2247 2248 5582
 2248 2249 5583
 2249 2250 5584
 2250 2251 5585
 2251 2252 5586
 2252 2253 5587
 2253 2254 5588
 2254 2255 5589
 3364 2256 5590
 2256 2257 5591
 2257 2258 5592
 2258 2259 5593
 2259 2260 5594
 2260 2261 5595
 2261 2262 5596
 2262 2263 5597
 2263 2264 5598
 2264 2265 5599
 2265 2266 5600
 2266 2267 5601
 2267 2268 5602
 2268 2269 5603
 2269 2270 5604
 2270 2271 5605
 2271 2272 5606
 2272 2273 5607
 2273 2274 5608
 2274 2275 5609
 2275 2276 5610
 2276 2277 5611
 2277 2278 5612
 2278 2279 5613
 2279 2280 5614
 2280 2281 5615
 2281 2282 5616
 2282 2283 5617
 2283 2284 5618
 2284 2285 5619
 2285 2286 5620
 2286 2287 5621
 2287 2288 5622
 2288 2289 5623
 2289 2290 5624
 2290 2291 5625
 2291 2292 6667
 3319 2293 5627
 2293 2294 5628
 2294 2295 5629
 2295 2296 5630
 2296 2297 5631
 2297 2298 5632
 2298 2299 5633
 2299 2300 5634
 2300 2301 5635
 2301 2302 5636
 2302 2303 5637
 2303 2304 5638
 2304 2305 5639
 2305 2306 5640
 2306 2307 5641
 2307 2308 5642
 2308 2309 5643
 2309 2310 5644
 2310 2311 5645
 2311 2312 5646
 2312 2313 5647
 2313 2314 5648
 2314 2315 5649
 2315 2316 5650
 2316 2317 5651
 2317 2318 5652
 2318 2319 5653
 2319 2320 5654
 2320 2321 5655
 2321 2322 5656
 2322 2323 5657
 2323 2324 5658
 2324 2325 5659
 2325 2326 5660
 2326 2327 5661
 2327 2328 5662
 3320 2329 5664
 2329 2330 5665
 2330 2331 5666
 2331 2332 5667
 2332 2333 5668
 2333 2334 5669
 2334 2335 5670
 2335 2336 5671
 2336 2337 5672
 2337 2338 5673
 2338 2339 5674
 2339 2340 5675
 2340 2341 5676
 2341 2342 5677
 2342 2343 5678
 2343 2344 5679
 2344 2345 5680
 2345 2346 5681
 2346 2347 5682
 2347 2348 5683
 2348 2349 5684
 2349 2350 5685
 2350 2351 5686
 2351 2352 5687
 2352 2353 5688
 2353 2354 5689
 2354 2355 5690
 2355 2356 5691
 2356 2357 5692
 2357 2358 5693
 2358 2359 5694
 2359 2360 5695
 2360 2361 5696
 2361 2362 5697
 2362 2363 5698
 3321 2364 5700
 2364 2365 5701
 2365 2366 5702
 2366 2367 5703
 2367 2368 5704
 2368 2369 5705
 2369 2370 5706
 2370 2371 5707
 2371 2372 5708
 2372 2373 5709
 2373 2374 5710
 2374 2375 5711
 2375 2376 5712
 2376 2377 5713
 2377 2378 5714
 2378 2379 5715
 2379 2380 5716
 2380 2381 5717
 2381 2382 5718
 2382 2383 5719
 2383 2384 5720
 2384 2385 5721
 2385 2386 5722
 2386 2387 5723
 2387 2388 5724
 2388 2389 5725
 2389 2390 5726
 2390 2391 5727
 2391 2392 5728
 2392 2393 5729
 2393 2394 5730
 2394 2395 5731
 2395 2396 5732
 2396 2397 5733
 3322 2398 5735
 2398 2399 5736
 2399 2400 5737
 2400 2401 5738
 2401 2402 5739
 2402 2403 5740
 2403 2404 5741
 2404 2405 5742
 2405 2406 5743
 2406 2407 5744
 2407 2408 5745
 2408 2409 5746
 2409 2410 5747
 2410 2411 5748
 2411 2412 5749
 2412 2413 5750
 2413 2414 5751
 2414 2415 5752
 2415 2416 5753
 2416 2417 5754
 2417 2418 5755
 2418 2419 5756
 2419 2420 5757
 2420 2421 5758
 2421 2422 5759
 2422 2423 5760
 2423 2424 5761
 2424 2425 5762
 2425 2426 5763
 2426 2427 5764
 2427 2428 5765
 2428 2429 5766
 2429 2430 5767
 2430 2431 6668
 3323 2432 5769
 2432 2433 5770
 2433 2434 5771
 2434 2435 5772
 2435 2436 5773
 2436 2437 5774
 2437 2438 5775
 2438 2439 5776
 2439 2440 5777
 2440 2441 5778
 2441 2442 5779
 2442 2443 5780
 2443 2444 5781
 2444 2445 5782
 2445 2446 5783
 2446 2447 5784
 2447 2448 5785
 2448 2449 5786
 2449 2450 5787
 2450 2451 5788
 2451 2452 5789
 2452 2453 5790
 2453 2454 5791
 2454 2455 5792
 2455 2456 5793
 2456 2457 5794
 2457 2458 5795
 2458 2459 5796
 2459 2460 5797
 2460 2461 5798
 2461 2462 5799
 2462 2463 5800
 2463 2464 5801
 3324 2465 5803
 2465 2466 5804
 2466 2467 5805
 2467 2468 5806
 2468 2469 5807
 2469 2470 5808
 2470 2471 5809
 2471 2472 5810
 2472 2473 5811
 2473 2474 5812
 2474 2475 5813
 2475 2476 5814
 2476 2477 5815
 2477 2478 5816
 2478 2479 5817
 2479 2480 5818
 2480 2481 5819
 2481 2482 5820
 2482 2483 5821
 2483 2484 5822
 2484 2485 5823
 2485 2486 5824
 2486 2487 5825
 2487 2488 5826
 2488 2489 5827
 2489 2490 5828
 2490 2491 5829
 2491 2492 5830
 2492 2493 5831
 2493 2494 5832
 2494 2495 5833
 2495 2496 5834
 3325 2497 5835
 2497 2498 5836
 2498 2499 5837
 2499 2500 5838
 2500 2501 5839
 2501 2502 5840
 2502 2503 5841
 2503 2504 5842
 2504 2505 5843
 2505 2506 5844
 2506 2507 5845
 2507 2508 5846
 2508 2509 5847
 2509 2510 5848
 2510 2511 5849
 2511 2512 5850
 2512 2513 5851
 2513 2514 5852
 2514 2515 5853
 2515 2516 5854
 2516 2517 5855
 2517 2518 5856
 2518 2519 5857
 2519 2520 5858
 2520 2521 5859
 2521 2522 5860
 2522 2523 5861
 2523 2524 5862
 2524 2525 5863
 2525 2526 5864
 2526 2527 5865
 2527 2528 5866
 3326 2529 5868
 2529 2530 5869
 2530 2531 5870
 2531 2532 5871
 2532 2533 5872
 2533 2534 5873
 2534 2535 5874
 2535 2536 5875
 2536 2537 5876
 2537 2538 5877
 2538 2539 5878
 2539 2540 5879
 2540 2541 5880
 2541 2542 5881
 2542 2543 5882
 2543 2544 5883
 2544 2545 5884
 2545 2546 5885
 2546 2547 5886
 2547 2548 5887
 2548 2549 5888
 2549 2550 5889
 2550 2551 5890
 2551 2552 5891
 2552 2553 5892
 2553 2554 5893
 2554 2555 5894
 2555 2556 5895
 2556 2557 5896
 2557 2558 5897
 2558 2559 5898
 2559 2560 6669
 3327 2561 5900
 2561 2562 5901
 2562 2563 5902
 2563 2564 5903
 2564 2565 5904
 2565 2566 5905
 2566 2567 5906
 2567 2568 5907
 2568 2569 5908
 2569 2570 5909
 2570 2571 5910
 2571 2572 5911
 2572 2573 5912
 2573 2574 5913
 2574 2575 5914
 2575 2576 5915
 2576 2577 5916
 2577 2578 5917
 2578 2579 5918
 2579 2580 5919
 2580 2581 5920
 2581 2582 5921
 2582 2583 5922
 2583 2584 5923
 2584 2585 5924
 2585 2586 5925
 2586 2587 5926
 2587 2588 5927
 2588 2589 5928
 2589 2590 5929
 2590 2591 5930
 3328 2592 5932
 2592 2593 5933
 2593 2594 5934
 2594 2595 5935
 2595 2596 5936
 2596 2597 5937
 2597 2598 5938
 2598 2599 5939
 2599 2600 5940
 2600 2601 5941
 2601 2602 5942
 2602 2603 5943
 2603 2604 5944
 2604 2605 5945
 2605 2606 5946
 2606 2607 5947
 2607 2608 5948
 2608 2609 5949
 2609 2610 5950
 2610 2611 5951
 2611 2612 5952
 2612 2613 5953
 2613 2614 5954
 2614 2615 5955
 2615 2616 5956
 2616 2617 5957
 2617 2618 5958
 2618 2619 5959
 2619 2620 5960
 2620 2621 5961
 3329 2622 5963
 2622 2623 5964
 2623 2624 5965
 2624 2625 5966
 2625 2626 5967
 2626 2627 5968
 2627 2628 5969
 2628 2629 5970
 2629 2630 5971
 2630 2631 5972
 2631 2632 5973
 2632 2633 5974
 2633 2634 5975
 2634 2635 5976
 2635 2636 5977
 2636 2637 5978
 2637 2638 5979
 2638 2639 5980
 2639 2640 5981
 2640 2641 5982
 2641 2642 5983
 2642 2643 5984
 2643 2644 5985
 2644 2645 5986
 2645 2646 5987
 2646 2647 5988
 2647 2648 5989
 2648 2649 5990
 2649 2650 5991
 3330 2651 5993
 2651 2652 5994
 2652 2653 5995
 2653 2654 5996
 2654 2655 5997
 2655 2656 5998
 2656 2657 5999
 2657 2658 6000
 2658 2659 6001
 2659 2660 6002
 2660 2661 6003
 2661 2662 6004
 2662 2663 6005
 2663 2664 6006
 2664 2665 6007
 2665 2666 6008
 2666 2667 6009
 2667 2668 6010
 2668 2669 6011
 2669 2670 6012
 2670 2671 6013
 2671 2672 6014
 2672 2673 6015
 2673 2674 6016
 2674 2675 6017
 2675 2676 6018
 2676 2677 6019
 2677 2678 6020
 2678 2679 6670
 3331 2680 6021
 2680 2681 6022
 2681 2682 6023
 2682 2683 6024
 2683 2684 6025
 2684 2685 6026
 2685 2686 6027
 2686 2687 6028
 2687 2688 6029
 2688 2689 6030
 2689 2690 6031
 2690 2691 6032
 2691 2692 6033
 2692 2693 6034
 2693 2694 6035
 2694 2695 6036
 2695 2696 6037
 2696 2697 6038
 2697 2698 6039
 2698 2699 6040
 2699 2700 6041
 2700 2701 6042
 2701 2702 6043
 2702 2703 6044
 2703 2704 6045
 2704 2705 6046
 2705 2706 6047
 2706 2707 6048
 2707 2708 6049
 3332 2709 6051
 2709 2710 6052
 2710 2711 6053
 2711 2712 6054
 2712 2713 6055
 2713 2714 6056
 2714 2715 6057
 2715 2716 6058
 2716 2717 6059
 2717 2718 6060
 2718 2719 6061
 2719 2720 6062
 2720 2721 6063
 2721 2722 6064
 2722 2723 6065
 2723 2724 6066
 2724 2725 6067
 2725 2726 6068
 2726 2727 6069
 2727 2728 6070
 2728 2729 6071
 2729 2730 6072
 2730 2731 6073
 2731 2732 6074
 2732 2733 6075
 2733 2734 6076
 2734 2735 6077
 2735 2736 6078
 3333 2737 6080
 2737 2738 6081
 2738 2739 6082
 2739 2740 6083
 2740 2741 6084
 2741 2742 6085
 2742 2743 6086
 2743 2744 6087
 2744 2745 6088
 2745 2746 6089
 2746 2747 6090
 2747 2748 6091
 2748 2749 6092
 2749 2750 6093
 2750 2751 6094
 2751 2752 6095
 2752 2753 6096
 2753 2754 6097
 2754 2755 6098
 2755 2756 6099
 2756 2757 6100
 2757 2758 6101
 2758 2759 6102
 2759 2760 6103
 2760 2761 6104
 2761 2762 6105
 2762 2763 6106
 3334 2764 6108
 2764 2765 6109
 2765 2766 6110
 2766 2767 6111
 2767 2768 6112
 2768 2769 6113
 2769 2770 6114
 2770 2771 6115
 2771 2772 6116
 2772 2773 6117
 2773 2774 6118
 2774 2775 6119
 2775 2776 6120
 2776 2777 6121
 2777 2778 6122
 2778 2779 6123
 2779 2780 6124
 2780 2781 6125
 2781 2782 6126
 2782 2783 6127
 2783 2784 6128
 2784 2785 6129
 2785 2786 6130
 2786 2787 6131
 2787 2788 6132
 2788 2789 6133
 3335 2790 6135
 2790 2791 6136
 2791 2792 6137
 2792 2793 6138
 2793 2794 6139
 2794 2795 6140
 2795 2796 6141
 2796 2797 6142
 2797 2798 6143
 2798 2799 6144
 2799 2800 6145
 2800 2801 6146
 2801 2802 6147
 2802 2803 6148
 2803 2804 6149
 2804 2805 6150
 2805 2806 6151
 2806 2807 6152
 2807 2808 6153
 2808 2809 6154
 2809 2810 6155
 2810 2811 6156
 2811 2812 6157
 2812 2813 6158
 2813 2814 6159
 2814 2815 6671
 3336 2816 6161
 2816 2817 6162
 2817 2818 6163
 2818 2819 6164
 2819 2820 6165
 2820 2821 6166
 2821 2822 6167
 2822 2823 6168
 2823 2824 6169
 2824 2825 6170
 2825 2826 6171
 2826 2827 6172
 2827 2828 6173
 2828 2829 6174
 2829 2830 6175
 2830 2831 6176
 2831 2832 6177
 2832 2833 6178
 2833 2834 6179
 2834 2835 6180
 2835 2836 6181
 2836 2837 6182
 2837 2838 6183
 2838 2839 6184
 2839 2840 6185
 3365 2841 6186
 2841 2842 6187
 2842 2843 6188
 2843 2844 6189
 2844 2845 6190
 2845 2846 6191
 2846 2847 6192
 2847 2848 6193
 2848 2849 6194
 2849 2850 6195
 2850 2851 6196
 2851 2852 6197
 2852 2853 6198
 2853 2854 6199
 2854 2855 6200
 2855 2856 6201
 2856 2857 6202
 2857 2858 6203
 2858 2859 6204
 2859 2860 6205
 2860 2861 6206
 2861 2862 6207
 2862 2863 6208
 2863 2864 6209
 2864 2865 6210
 3337 2866 6212
 2866 2867 6213
 2867 2868 6214
 2868 2869 6215
 2869 2870 6216
 2870 2871 6217
 2871 2872 6218
 2872 2873 6219
 2873 2874 6220
 2874 2875 6221
 2875 2876 6222
 2876 2877 6223
 2877 2878 6224
 2878 2879 6225
 2879 2880 6226
 2880 2881 6227
 2881 2882 6228
 2882 2883 6229
 2883 2884 6230
 2884 2885 6231
 2885 2886 6232
 2886 2887 6233
 2887 2888 6234
 2888 2889 6235
 3338 2890 6237
 2890 2891 6238
 2891 2892 6239
 2892 2893 6240
 2893 2894 6241
 2894 2895 6242
 2895 2896 6243
 2896 2897 6244
 2897 2898 6245
 2898 2899 6246
 2899 2900 6247
 2900 2901 6248
 2901 2902 6249
 2902 2903 6250
 2903 2904 6251
 2904 2905 6252
 2905 2906 6253
 2906 2907 6254
 2907 2908 6255
 2908 2909 6256
 2909 2910 6257
 2910 2911 6258
 2911 2912 6259
 2912 2913 6672
 3339 2914 6261
 2914 2915 6262
 2915 2916 6263
 2916 2917 6264
 2917 2918 6265
 2918 2919 6266
 2919 2920 6267
 2920 2921 6268
 2921 2922 6269
 2922 2923 6270
 2923 2924 6271
 2924 2925 6272
 2925 2926 6273
 2926 2927 6274
 2927 2928 6275
 2928 2929 6276
 2929 2930 6277
 2930 2931 6278
 2931 2932 6279
 2932 2933 6280
 2933 2934 6281
 2934 2935 6282
 2935 2936 6283
 3340 2937 6285
 2937 2938 6286
 2938 2939 6287
 2939 2940 6288
 2940 2941 6289
 2941 2942 6290
 2942 2943 6291
 2943 2944 6292
 2944 2945 6293
 2945 2946 6294
 2946 2947 6295
 2947 2948 6296
 2948 2949 6297
 2949 2950 6298
 2950 2951 6299
 2951 2952 6300
 2952 2953 6301
 2953 2954 6302
 2954 2955 6303
 2955 2956 6304
 2956 2957 6305
 2957 2958 6306
 3341 2959 6308
 2959 2960 6309
 2960 2961 6310
 2961 2962 6311
 2962 2963 6312
 2963 2964 6313
 2964 2965 6314
 2965 2966 6315
 2966 2967 6316
 2967 2968 6317
 2968 2969 6318
 2969 2970 6319
 2970 2971 6320
 2971 2972 6321
 2972 2973 6322
 2973 2974 6323
 2974 2975 6324
 2975 2976 6325
 2976 2977 6326
 2977 2978 6327
 2978 2979 6328
 3366 2980 6329
 2980 2981 6330
 2981 2982 6331
 2982 2983 6332
 2983 2984 6333
 2984 2985 6334
 2985 2986 6335
 2986 2987 6336
 2987 2988 6337
 2988 2989 6338
 2989 2990 6339
 2990 2991 6340
 2991 2992 6341
 2992 2993 6342
 2993 2994 6343
 2994 2995 6344
 2995 2996 6345
 2996 2997 6346
 2997 2998 6347
 2998 2999 6348
 2999 3000 6349
 3000 3001 6673
 3342 3002 6351
 3002 3003 6352
 3003 3004 6353
 3004 3005 6354
 3005 3006 6355
 3006 3007 6356
 3007 3008 6357
 3008 3009 6358
 3009 3010 6359
 3010 3011 6360
 3011 3012 6361
 3012 3013 6362
 3013 3014 6363
 3014 3015 6364
 3015 3016 6365
 3016 3017 6366
 3017 3018 6367
 3018 3019 6368
 3019 3020 6369
 3020 3021 6370
 3021 3022 6371
 3343 3023 6373
 3023 3024 6374
 3024 3025 6375
 3025 3026 6376
 3026 3027 6377
 3027 3028 6378
 3028 3029 6379
 3029 3030 6380
 3030 3031 6381
 3031 3032 6382
 3032 3033 6383
 3033 3034 6384
 3034 3035 6385
 3035 3036 6386
 3036 3037 6387
 3037 3038 6388
 3038 3039 6389
 3039 3040 6390
 3040 3041 6391
 3041 3042 6392
 3344 3043 6394
 3043 3044 6395
 3044 3045 6396
 3045 3046 6397
 3046 3047 6398
 3047 3048 6399
 3048 3049 6400
 3049 3050 6401
 3050 3051 6402
 3051 3052 6403
 3052 3053 6404
 3053 3054 6405
 3054 3055 6406
 3055 3056 6407
 3056 3057 6408
 3057 3058 6409
 3058 3059 6410
 3059 3060 6411
 3060 3061 6412
 3345 3062 6414
 3062 3063 6415
 3063 3064 6416
 3064 3065 6417
 3065 3066 6418
 3066 3067 6419
 3067 3068 6420
 3068 3069 6421
 3069 3070 6422
 3070 3071 6423
 3071 3072 6424
 3072 3073 6425
 3073 3074 6426
 3074 3075 6427
 3075 3076 6428
 3076 3077 6429
 3077 3078 6430
 3078 3079 6431
 3079 3080 6674
 3346 3081 6433
 3081 3082 6434
 3082 3083 6435
 3083 3084 6436
 3084 3085 6437
 3085 3086 6438
 3086 3087 6439
 3087 3088 6440
 3088 3089 6441
 3089 3090 6442
 3090 3091 6443
 3091 3092 6444
 3092 3093 6445
 3093 3094 6446
 3094 3095 6447
 3095 3096 6448
 3096 3097 6449
 3097 3098 6450
 3367 3099 6451
 3099 3100 6452
 3100 3101 6453
 3101 3102 6454
 3102 3103 6455
 3103 3104 6456
 3104 3105 6457
 3105 3106 6458
 3106 3107 6459
 3107 3108 6460
 3108 3109 6461
 3109 3110 6462
 3110 3111 6463
 3111 3112 6464
 3112 3113 6465
 3113 3114 6466
 3114 3115 6467
 3115 3116 6468
 3347 3117 6470
 3117 3118 6471
 3118 3119 6472
 3119 3120 6473
 3120 3121 6474
 3121 3122 6475
 3122 3123 6476
 3123 3124 6477
 3124 3125 6478
 3125 3126 6479
 3126 3127 6480
 3127 3128 6481
 3128 3129 6482
 3129 3130 6483
 3130 3131 6484
 3131 3132 6485
 3132 3133 6486
 3348 3134 6488
 3134 3135 6489
 3135 3136 6490
 3136 3137 6491
 3137 3138 6492
 3138 3139 6493
 3139 3140 6494
 3140 3141 6495
 3141 3142 6496
 3142 3143 6497
 3143 3144 6498
 3144 3145 6499
 3145 3146 6500
 3146 3147 6501
 3147 3148 6502
 3148 3149 6503
 3349 3150 6505
 3150 3151 6506
 3151 3152 6507
 3152 3153 6508
 3153 3154 6509
 3154 3155 6510
 3155 3156 6511
 3156 3157 6512
 3157 3158 6513
 3158 3159 6514
 3159 3160 6515
 3160 3161 6516
 3161 3162 6517
 3162 3163 6518
 3163 3164 6519
 3164 3165 6675
 3350 3166 6521
 3166 3167 6522
 3167 3168 6523
 3168 3169 6524
 3169 3170 6525
 3170 3171 6526
 3171 3172 6527
 3172 3173 6528
 3173 3174 6529
 3174 3175 6530
 3175 3176 6531
 3176 3177 6532
 3177 3178 6533
 3178 3179 6534
 3179 3180 6535
 3351 3181 6537
 3181 3182 6538
 3182 3183 6539
 3183 3184 6540
 3184 3185 6541
 3185 3186 6542
 3186 3187 6543
 3187 3188 6544
 3188 3189 6545
 3189 3190 6546
 3190 3191 6547
 3191 3192 6548
 3192 3193 6549
 3193 3194 6550
 3352 3195 6552
 3195 3196 6553
 3196 3197 6554
 3197 3198 6555
 3198 3199 6556
 3199 3200 6557
 3200 3201 6558
 3201 3202 6559
 3202 3203 6560
 3203 3204 6561
 3204 3205 6562
 3205 3206 6563
 3206 3207 6564
 3353 3208 6565
 3208 3209 6566
 3209 3210 6567
 3210 3211 6568
 3211 3212 6569
 3212 3213 6570
 3213 3214 6571
 3214 3215 6572
 3215 3216 6573
 3216 3217 6574
 3217 3218 6575
 3218 3219 6576
 3219 3220 6577
 3220 3221 6676
 3354 3222 6579
 3222 3223 6580
 3223 3224 6581
 3224 3225 6582
 3225 3226 6583
 3226 3227 6584
 3227 3228 6585
 3228 3229 6586
 3229 3230 6587
 3230 3231 6588
 3231 3232 6589
 3232 3233 6590
 3233 3234 6591
 3355 3235 6593
 3235 3236 6594
 3236 3237 6595
 3237 3238 6596
 3238 3239 6597
 3239 3240 6598
 3240 3241 6599
 3241 3242 6600
 3242 3243 6601
 3243 3244 6602
 3244 3245 6603
 3245 3246 6604
 3356 3247 6606
 3247 3248 6607
 3248 3249 6608
 3249 3250 6609
 3250 3251 6610
 3251 3252 6611
 3252 3253 6612
 3253 3254 6613
 3254 3255 6614
 3255 3256 6615
 3256 3257 6616
 3357 3258 6618
 3258 3259 6619
 3259 3260 6620
 3260 3261 6621
 3261 3262 6622
 3262 3263 6623
 3263 3264 6624
 3264 3265 6625
 3265 3266 6626
 3266 3267 6627
 3267 3268 6677
 3358 3269 6629
 3269 3270 6630
 3270 3271 6631
 3271 3272 6632
 3272 3273 6633
 3273 3274 6634
 3274 3275 6635
 3275 3276 6636
 3276 3277 6637
 3277 3278 6638
 3368 3360 3370
 0 61 3371
 1 62 3372
 2 63 3373
 3 64 3374
 4 65 3375
 5 66 3376
 6 67 3377
 7 68 3378
 8 69 3379
 9 70 3380
 10 71 3381
 11 72 3382
 12 73 3383
 13 74 3384
 14 75 3385
 15 76 3386
 16 77 3387
 17 78 3388
 18 79 3389
 19 80 3390
 20 81 3391
 21 82 3392
 22 83 3393
 23 84 3394
 24 85 3395
 25 86 3396
 26 87 3397
 27 88 3398
 28 89 3399
 29 90 3400
 30 91 3401
 31 92 3402
 32 93 3403
 33 94 3404
 34 95 3405
 35 96 3406
 36 97 3407
 37 98 3408
 38 99 3409
 39 100 3410
 40 101 3411
 41 102 3412
 42 103 3413
 43 104 3414
 44 105 3415
 45 106 3416
 46 107 3417
 47 108 3418
 48 109 3419
 49 110 3420
 50 111 3421
 51 112 3422
 52 113 3423
 53 114 3424
 54 115 3425
 55 116 3426
 56 117 3427
 57 118 3428
 58 119 3429
 59 120 3430
 60 121 6656
 3369 123 6678
 61 3279 3432
 62 124 3433
 63 125 3434
 64 126 3435
 65 127 3436
 66 128 3437
 67 129 3438
 68 130 3439
 69 131 3440
 70 132 3441
 71 133 3442
 72 134 3443
 73 135 3444
 74 136 3445
 75 137 3446
 76 138 3447
 77 139 3448
 78 140 3449
 79 141 3450
 80 142 3451
 81 143 3452
 82 144 3453
 83 145 3454
 84 146 3455
 85 147 3456
 86 148 3457
 87 149 3458
 88 150 3459
 89 151 3460
 90 152 3461
 91 153 3462
 92 154 3463
 93 155 3464
 94 156 3465
 95 157 3466
 96 158 3467
 97 159 3468
 98 160 3469
 99 161 3470
 100 162 3471
 101 163 3472
 102 164 3473
 103 165 3474
 104 166 3475
 105 167 3476
 106 168 3477
 107 169 3478
 108 170 3479
 109 171 3480
 110 172 3481
 111 173 3482
 112 174 3483
 113 175 3484
 114 176 3485
 115 177 3486
 116 178 3487
 117 179 3488
 118 180 3489
 119 181 3490
 120 182 3491
 121 183 3492
 122 184 3493
 123 185 6657
 124 3280 3495
 125 187 3496
 126 188 3497
 127 189 3498
 128 190 3499
 129 191 3500
 130 192 3501
 131 193 3502
 132 194 3503
 133 195 3504
 134 196 3505
 135 197 3506
 136 198 3507
 137 199 3508
 138 200 3509
 139 201 3510
 140 202 3511
 141 203 3512
 142 204 3513
 143 205 3514
 144 206 3515
 145 207 3516
 146 208 3517
 147 209 3518
 148 210 3519
 149 211 3520
 150 212 3521
 151 213 3522
 152 214 3523
 153 215 3524
 154 216 3525
 155 217 3526
 156 218 3527
 157 219 3528
 158 220 3529
 159 221 3530
 160 222 3531
 161 223 3532
 162 224 3533
 163 225 3534
 164 226 3535
 165 227 3536
 166 228 3537
 167 229 3538
 168 230 3539
 169 231 3540
 170 232 3541
 171 233 3542
 172 234 3543
 173 235 3544
 174 236 3545
 175 237 3546
 176 238 3547
 177 239 3548
 178 240 3549
 179 241 3550
 180 242 3551
 181 243 3552
 182 244 3553
 183 245 3554
 184 246 3555
 185 247 3556
 187 3281 3558
 188 249 3559
 189 250 3560
 190 251 3561
 191 252 3562
 192 253 3563
 193 254 3564
 194 255 3565
 195 256 3566
 196 257 3567
 197 258 3568
 198 259 3569
 199 260 3570
 200 261 3571
 201 262 3572
 202 263 3573
 203 264 3574
 204 265 3575
 205 266 3576
 206 267 3577
 207 268 3578
 208 269 3579
 209 270 3580
 210 271 3581
 211 272 3582
 212 273 3583
 213 274 3584
 214 275 3585
 215 276 3586
 216 277 3587
 217 278 3588
 218 279 3589
 219 280 3590
 220 281 3591
 221 282 3592
 222 283 3593
 223 284 3594
 224 285 3595
 225 286 3596
 226 287 3597
 227 288 3598
 228 289 3599
 229 290 3600
 230 291 3601
 231 292 3602
 232 293 3603
 233 294 3604
 234 295 3605
 235 296 3606
 236 297 3607
 237 298 3608
 238 299 3609
 239 300 3610
 240 301 3611
 241 302 3612
 242 303 3613
 243 304 3614
 244 305 3615
 245 306 3616
 246 307 3617
 247 308 3618
 248 309 6679
 249 3282 3620
 250 310 3621
 251 311 3622
 252 312 3623
 253 313 3624
 254 314 3625
 255 315 3626
 256 316 3627
 257 317 3628
 258 318 3629
 259 319 3630
 260 320 3631
 261 321 3632
 262 322 3633
 263 323 3634
 264 324 3635
 265 325 3636
 266 326 3637
 267 327 3638
 268 328 3639
 269 329 3640
 270 330 3641
 271 331 3642
 272 332 3643
 273 333 3644
 274 334 3645
 275 335 3646
 276 336 3647
 277 337 3648
 278 338 3649
 279 339 3650
 280 340 3651
 281 341 3652
 282 342 3653
 283 343 3654
 284 344 3655
 285 345 3656
 286 346 3657
 287 347 3658
 288 348 3659
 289 349 3660
 290 350 3661
 291 351 3662
 292 352 3663
 293 353 3664
 294 354 3665
 295 355 3666
 296 356 3667
 297 357 3668
 298 358 3669
 299 359 3670
 300 360 3671
 301 361 3672
 302 362 3673
 303 363 3674
 304 364 3675
 305 365 3676
 306 366 3677
 307 367 3678
 308 368 3679
 309 369 6680
 310 3283 3681
 311 370 3682
 312 371 3683
 313 372 3684
 314 373 3685
 315 374 3686
 316 375 3687
 317 376 3688
 318 377 3689
 319 378 3690
 320 379 3691
 321 380 3692
 322 381 3693
 323 382 3694
 324 383 3695
 325 384 3696
 326 385 3697
 327 386 3698
 328 387 3699
 329 388 3700
 330 389 3701
 331 390 3702
 332 391 3703
 333 392 3704
 334 393 3705
 335 394 3706
 336 395 3707
 337 396 3708
 338 397 3709
 339 398 3710
 340 399 3711
 341 400 3712
 342 401 3713
 343 402 3714
 344 403 3715
 345 404 3716
 346 405 3717
 347 406 3718
 348 407 3719
 349 408 3720
 350 409 3721
 351 410 3722
 352 411 3723
 353 412 3724
 354 413 3725
 355 414 3726
 356 415 3727
 357 416 3728
 358 417 3729
 359 418 3730
 360 419 3731
 361 420 3732
 362 421 3733
 363 422 3734
 364 423 3735
 365 424 3736
 366 425 3737
 367 426 3738
 368 427 3739
 369 428 6658
 370 3284 3741
 371 430 3742
 372 431 3743
 373 432 3744
 374 433 3745
 375 434 3746
 376 435 3747
 377 436 3748
 378 437 3749
 379 438 3750
 380 439 3751
 381 440 3752
 382 441 3753
 383 442 3754
 384 443 3755
 385 444 3756
 386 445 3757
 387 446 3758
 388 447 3759
 389 448 3760
 390 449 3761
 391 450 3762
 392 451 3763
 393 452 3764
 394 453 3765
 395 454 3766
 396 455 3767
 397 456 3768
 398 457 3769
 399 458 3770
 400 459 3771
 401 460 3772
 402 461 3773
 403 462 3774
 404 463 3775
 405 464 3776
 406 465 3777
 407 466 3778
 408 467 3779
 409 468 3780
 410 469 3781
 411 470 3782
 412 471 3783
 413 472 3784
 414 473 3785
 415 474 3786
 416 475 3787
 417 476 3788
 418 477 3789
 419 478 3790
 420 479 3791
 421 480 3792
 422 481 3793
 423 482 3794
 424 483 3795
 425 484 3796
 426 485 3797
 427 486 3798
 428 487 3799
 3284 3285 3800
 430 489 3801
 431 490 3802
 432 491 3803
 433 492 3804
 434 493 3805
 435 494 3806
 436 495 3807
 437 496 3808
 438 497 3809
 439 498 3810
 440 499 3811
 441 500 3812
 442 501 3813
 443 502 3814
 444 503 3815
 445 504 3816
 446 505 3817
 447 506 3818
 448 507 3819
 449 508 3820
 450 509 3821
 451 510 3822
 452 511 3823
 453 512 3824
 454 513 3825
 455 514 3826
 456 515 3827
 457 516 3828
 458 517 3829
 459 518 3830
 460 519 3831
 461 520 3832
 462 521 3833
 463 522 3834
 464 523 3835
 465 524 3836
 466 525 3837
 467 526 3838
 468 527 3839
 469 528 3840
 470 529 3841
 471 530 3842
 472 531 3843
 473 532 3844
 474 533 3845
 475 534 3846
 476 535 3847
 477 536 3848
 478 537 3849
 479 538 3850
 480 539 3851
 481 540 3852
 482 541 3853
 483 542 3854
 484 543 3855
 485 544 3856
 486 545 3857
 487 546 3858
 489 3286 3860
 490 548 3861
 491 549 3862
 492 550 3863
 493 551 3864
 494 552 3865
 495 553 3866
 496 554 3867
 497 555 3868
 498 556 3869
 499 557 3870
 500 558 3871
 501 559 3872
 502 560 3873
 503 561 3874
 504 562 3875
 505 563 3876
 506 564 3877
 507 565 3878
 508 566 3879
 509 567 3880
 510 568 3881
 511 569 3882
 512 570 3883
 513 571 3884
 514 572 3885
 515 573 3886
 516 574 3887
 517 575 3888
 518 576 3889
 519 577 3890
 520 578 3891
 521 579 3892
 522 580 3893
 523 581 3894
 524 582 3895
 525 583 3896
 526 584 3897
 527 585 3898
 528 586 3899
 529 587 3900
 530 588 3901
 531 589 3902
 532 590 3903
 533 591 3904
 534 592 3905
 535 593 3906
 536 594 3907
 537 595 3908
 538 596 3909
 539 597 3910
 540 598 3911
 541 599 3912
 542 600 3913
 543 601 3914
 544 602 3915
 545 603 3916
 546 604 3917
 547 605 6681
 548 3287 3919
 549 606 3920
 550 607 3921
 551 608 3922
 552 609 3923
 553 610 3924
 554 611 3925
 555 612 3926
 556 613 3927
 557 614 3928
 558 615 3929
 559 616 3930
 560 617 3931
 561 618 3932
 562 619 3933
 563 620 3934
 564 621 3935
 565 622 3936
 566 623 3937
 567 624 3938
 568 625 3939
 569 626 3940
 570 627 3941
 571 628 3942
 572 629 3943
 573 630 3944
 574 631 3945
 575 632 3946
 576 633 3947
 577 634 3948
 578 635 3949
 579 636 3950
 580 637 3951
 581 638 3952
 582 639 3953
 583 640 3954
 584 641 3955
 585 642 3956
 586 643 3957
 587 644 3958
 588 645 3959
 589 646 3960
 590 647 3961
 591 648 3962
 592 649 3963
 593 650 3964
 594 651 3965
 595 652 3966
 596 653 3967
 597 654 3968
 598 655 3969
 599 656 3970
 600 657 3971
 601 658 3972
 602 659 3973
 603 660 3974
 604 661 3975
 605 662 6659
 606 3288 3977
 607 664 3978
 608 665 3979
 609 666 3980
 610 667 3981
 611 668 3982
 612 669 3983
 613 670 3984
 614 671 3985
 615 672 3986
 616 673 3987
 617 674 3988
 618 675 3989
 619 676 3990
 620 677 3991
 621 678 3992
 622 679 3993
 623 680 3994
 624 681 3995
 625 682 3996
 626 683 3997
 627 684 3998
 628 685 3999
 629 686 4000
 630 687 4001
 631 688 4002
 632 689 4003
 633 690 4004
 634 691 4005
 635 692 4006
 636 693 4007
 637 694 4008
 638 695 4009
 639 696 4010
 640 697 4011
 641 698 4012
 642 699 4013
 643 700 4014
 644 701 4015
 645 702 4016
 646 703 4017
 647 704 4018
 648 705 4019
 649 706 4020
 650 707 4021
 651 708 4022
 652 709 4023
 653 710 4024
 654 711 4025
 655 712 4026
 656 713 4027
 657 714 4028
 658 715 4029
 659 716 4030
 660 717 4031
 661 718 4032
 662 719 4033
 664 3289 4035
 665 721 4036
 666 722 4037
 667 723 4038
 668 724 4039
 669 725 4040
 670 726 4041
 671 727 4042
 672 728 4043
 673 729 4044
 674 730 4045
 675 731 4046
 676 732 4047
 677 733 4048
 678 734 4049
 679 735 4050
 680 736 4051
 681 737 4052
 682 738 4053
 683 739 4054
 684 740 4055
 685 741 4056
 686 742 4057
 687 743 4058
 688 744 4059
 689 745 4060
 690 746 4061
 691 747 4062
 692 748 4063
 693 749 4064
 694 750 4065
 695 751 4066
 696 752 4067
 697 753 4068
 698 754 4069
 699 755 4070
 700 756 4071
 701 757 4072
 702 758 4073
 703 759 4074
 704 760 4075
 705 761 4076
 706 762 4077
 707 763 4078
 708 764 4079
 709 765 4080
 710 766 4081
 711 767 4082
 712 768 4083
 713 769 4084
 714 770 4085
 715 771 4086
 716 772 4087
 717 773 4088
 718 774 4089
 719 775 4090
 721 3290 4092
 722 777 4093
 723 778 4094
 724 779 4095
 725 780 4096
 726 781 4097
 727 782 4098
 728 783 4099
 729 784 4100
 730 785 4101
 731 786 4102
 732 787 4103
 733 788 4104
 734 789 4105
 735 790 4106
 736 791 4107
 737 792 4108
 738 793 4109
 739 794 4110
 740 795 4111
 741 796 4112
 742 797 4113
 743 798 4114
 744 799 4115
 745 800 4116
 746 801 4117
 747 802 4118
 748 803 4119
 749 804 4120
 750 805 4121
 751 806 4122
 752 807 4123
 753 808 4124
 754 809 4125
 755 810 4126
 756 811 4127
 757 812 4128
 758 813 4129
 759 814 4130
 760 815 4131
 761 816 4132
 762 817 4133
 763 818 4134
 764 819 4135
 765 820 4136
 766 821 4137
 767 822 4138
 768 823 4139
 769 824 4140
 770 825 4141
 771 826 4142
 772 827 4143
 773 828 4144
 774 829 4145
 775 830 4146
 776 831 6682
 3290 3361 4147
 777 832 4148
 778 833 4149
 779 834 4150
 780 835 4151
 781 836 4152
 782 837 4153
 783 838 4154
 784 839 4155
 785 840 4156
 786 841 4157
 787 842 4158
 788 843 4159
 789 844 4160
 790 845 4161
 791 846 4162
 792 847 4163
 793 848 4164
 794 849 4165
 795 850 4166
 796 851 4167
 797 852 4168
 798 853 4169
 799 854 4170
 800 855 4171
 801 856 4172
 802 857 4173
 803 858 4174
 804 859 4175
 805 860 4176
 806 861 4177
 807 862 4178
 808 863 4179
 809 864 4180
 810 865 4181
 811 866 4182
 812 867 4183
 813 868 4184
 814 869 4185
 815 870 4186
 816 871 4187
 817 872 4188
 818 873 4189
 819 874 4190
 820 875 4191
 821 876 4192
 822 877 4193
 823 878 4194
 824 879 4195
 825 880 4196
 826 881 4197
 827 882 4198
 828 883 4199
 829 884 4200
 830 885 4201
 831 886 6683
 832 3291 4203
 833 887 4204
 834 888 4205
 835 889 4206
 836 890 4207
 837 891 4208
 838 892 4209
 839 893 4210
 840 894 4211
 841 895 4212
 842 896 4213
 843 897 4214
 844 898 4215
 845 899 4216
 846 900 4217
 847 901 4218
 848 902 4219
 849 903 4220
 850 904 4221
 851 905 4222
 852 906 4223
 853 907 4224
 854 908 4225
 855 909 4226
 856 910 4227
 857 911 4228
 858 912 4229
 859 913 4230
 860 914 4231
 861 915 4232
 862 916 4233
 863 917 4234
 864 918 4235
 865 919 4236
 866 920 4237
 867 921 4238
 868 922 4239
 869 923 4240
 870 924 4241
 871 925 4242
 872 926 4243
 873 927 4244
 874 928 4245
 875 929 4246
 876 930 4247
 877 931 4248
 878 932 4249
 879 933 4250
 880 934 4251
 881 935 4252
 882 936 4253
 883 937 4254
 884 938 4255
 885 939 4256
 886 940 6660
 887 3292 4258
 888 942 4259
 889 943 4260
 890 944 4261
 891 945 4262
 892 946 4263
 893 947 4264
 894 948 4265
 895 949 4266
 896 950 4267
 897 951 4268
 898 952 4269
 899 953 4270
 900 954 4271
 901 955 4272
 902 956 4273
 903 957 4274
 904 958 4275
 905 959 4276
 906 960 4277
 907 961 4278
 908 962 4279
 909 963 4280
 910 964 4281
 911 965 4282
 912 966 4283
 913 967 4284
 914 968 4285
 915 969 4286
 916 970 4287
 917 971 4288
 918 972 4289
 919 973 4290
 920 974 4291
 921 975 4292
 922 976 4293
 923 977 4294
 924 978 4295
 925 979 4296
 926 980 4297
 927 981 4298
 928 982 4299
 929 983 4300
 930 984 4301
 931 985 4302
 932 986 4303
 933 987 4304
 934 988 4305
 935 989 4306
 936 990 4307
 937 991 4308
 938 992 4309
 939 993 4310
 940 994 4311
 942 3293 4313
 943 996 4314
 944 997 4315
 945 998 4316
 946 999 4317
 947 1000 4318
 948 1001 4319
 949 1002 4320
 950 1003 4321
 951 1004 4322
 952 1005 4323
 953 1006 4324
 954 1007 4325
 955 1008 4326
 956 1009 4327
 957 1010 4328
 958 1011 4329
 959 1012 4330
 960 1013 4331
 961 1014 4332
 962 1015 4333
 963 1016 4334
 964 1017 4335
 965 1018 4336
 966 1019 4337
 967 1020 4338
 968 1021 4339
 969 1022 4340
 970 1023 4341
 971 1024 4342
 972 1025 4343
 973 1026 4344
 974 1027 4345
 975 1028 4346
 976 1029 4347
 977 1030 4348
 978 1031 4349
 979 1032 4350
 980 1033 4351
 981 1034 4352
 982 1035 4353
 983 1036 4354
 984 1037 4355
 985 1038 4356
 986 1039 4357
 987 1040 4358
 988 1041 4359
 989 1042 4360
 990 1043 4361
 991 1044 4362
 992 1045 4363
 993 1046 4364
 994 1047 4365
 995 1048 6684
 996 3294 4367
 997 1049 4368
 998 1050 4369
 999 1051 4370
 1000 1052 4371
 1001 1053 4372
 1002 1054 4373
 1003 1055 4374
 1004 1056 4375
 1005 1057 4376
 1006 1058 4377
 1007 1059 4378
 1008 1060 4379
 1009 1061 4380
 1010 1062 4381
 1011 1063 4382
 1012 1064 4383
 1013 1065 4384
 1014 1066 4385
 1015 1067 4386
 1016 1068 4387
 1017 1069 4388
 1018 1070 4389
 1019 1071 4390
 1020 1072 4391
 1021 1073 4392
 1022 1074 4393
 1023 1075 4394
 1024 1076 4395
 1025 1077 4396
 1026 1078 4397
 1027 1079 4398
 1028 1080 4399
 1029 1081 4400
 1030 1082 4401
 1031 1083 4402
 1032 1084 4403
 1033 1085 4404
 1034 1086 4405
 1035 1087 4406
 1036 1088 4407
 1037 1089 4408
 1038 1090 4409
 1039 1091 4410
 1040 1092 4411
 1041 1093 4412
 1042 1094 4413
 1043 1095 4414
 1044 1096 4415
 1045 1097 4416
 1046 1098 4417
 1047 1099 4418
 1048 1100 6685
 1049 3295 4420
 1050 1101 4421
 1051 1102 4422
 1052 1103 4423
 1053 1104 4424
 1054 1105 4425
 1055 1106 4426
 1056 1107 4427
 1057 1108 4428
 1058 1109 4429
 1059 1110 4430
 1060 1111 4431
 1061 1112 4432
 1062 1113 4433
 1063 1114 4434
 1064 1115 4435
 1065 1116 4436
 1066 1117 4437
 1067 1118 4438
 1068 1119 4439
 1069 1120 4440
 1070 1121 4441
 1071 1122 4442
 1072 1123 4443
 1073 1124 4444
 1074 1125 4445
 1075 1126 4446
 1076 1127 4447
 1077 1128 4448
 1078 1129 4449
 1079 1130 4450
 1080 1131 4451
 1081 1132 4452
 1082 1133 4453
 1083 1134 4454
 1084 1135 4455
 1085 1136 4456
 1086 1137 4457
 1087 1138 4458
 1088 1139 4459
 1089 1140 4460
 1090 1141 4461
 1091 1142 4462
 1092 1143 4463
 1093 1144 4464
 1094 1145 4465
 1095 1146 4466
 1096 1147 4467
 1097 1148 4468
 1098 1149 4469
 1099 1150 4470
 1100 1151 6661
 3295 3362 4471
 1101 1153 4472
 1102 1154 4473
 1103 1155 4474
 1104 1156 4475
 1105 1157 4476
 1106 1158 4477
 1107 1159 4478
 1108 1160 4479
 1109 1161 4480
 1110 1162 4481
 1111 1163 4482
 1112 1164 4483
 1113 1165 4484
 1114 1166 4485
 1115 1167 4486
 1116 1168 4487
 1117 1169 4488
 1118 1170 4489
 1119 1171 4490
 1120 1172 4491
 1121 1173 4492
 1122 1174 4493
 1123 1175 4494
 1124 1176 4495
 1125 1177 4496
 1126 1178 4497
 1127 1179 4498
 1128 1180 4499
 1129 1181 4500
 1130 1182 4501
 1131 1183 4502
 1132 1184 4503
 1133 1185 4504
 1134 1186 4505
 1135 1187 4506
 1136 1188 4507
 1137 1189 4508
 1138 1190 4509
 1139 1191 4510
 1140 1192 4511
 1141 1193 4512
 1142 1194 4513
 1143 1195 4514
 1144 1196 4515
 1145 1197 4516
 1146 1198 4517
 1147 1199 4518
 1148 1200 4519
 1149 1201 4520
 1150 1202 4521
 1151 1203 4522
 1153 3296 4524
 1154 1205 4525
 1155 1206 4526
 1156 1207 4527
 1157 1208 4528
 1158 1209 4529
 1159 1210 4530
 1160 1211 4531
 1161 1212 4532
 1162 1213 4533
 1163 1214 4534
 1164 1215 4535
 1165 1216 4536
 1166 1217 4537
 1167 1218 4538
 1168 1219 4539
 1169 1220 4540
 1170 1221 4541
 1171 1222 4542
 1172 1223 4543
 1173 1224 4544
 1174 1225 4545
 1175 1226 4546
 1176 1227 4547
 1177 1228 4548
 1178 1229 4549
 1179 1230 4550
 1180 1231 4551
 1181 1232 4552
 1182 1233 4553
 1183 1234 4554
 1184 1235 4555
 1185 1236 4556
 1186 1237 4557
 1187 1238 4558
 1188 1239 4559
 1189 1240 4560
 1190 1241 4561
 1191 1242 4562
 1192 1243 4563
 1193 1244 4564
 1194 1245 4565
 1195 1246 4566
 1196 1247 4567
 1197 1248 4568
 1198 1249 4569
 1199 1250 4570
 1200 1251 4571
 1201 1252 4572
 1202 1253 4573
 1203 1254 4574
 1205 3297 4576
 1206 1256 4577
 1207 1257 4578
 1208 1258 4579
 1209 1259 4580
 1210 1260 4581
 1211 1261 4582
 1212 1262 4583
 1213 1263 4584
 1214 1264 4585
 1215 1265 4586
 1216 1266 4587
 1217 1267 4588
 1218 1268 4589
 1219 1269 4590
 1220 1270 4591
 1221 1271 4592
 1222 1272 4593
 1223 1273 4594
 1224 1274 4595
 1225 1275 4596
 1226 1276 4597
 1227 1277 4598
 1228 1278 4599
 1229 1279 4600
 1230 1280 4601
 1231 1281 4602
 1232 1282 4603
 1233 1283 4604
 1234 1284 4605
 1235 1285 4606
 1236 1286 4607
 1237 1287 4608
 1238 1288 4609
 1239 1289 4610
 1240 1290 4611
 1241 1291 4612
 1242 1292 4613
 1243 1293 4614
 1244 1294 4615
 1245 1295 4616
 1246 1296 4617
 1247 1297 4618
 1248 1298 4619
 1249 1299 4620
 1250 1300 4621
 1251 1301 4622
 1252 1302 4623
 1253 1303 4624
 1254 1304 4625
 1255 1305 6686
 1256 3298 4627
 1257 1306 4628
 1258 1307 4629
 1259 1308 4630
 1260 1309 4631
 1261 1310 4632
 1262 1311 4633
 1263 1312 4634
 1264 1313 4635
 1265 1314 4636
 1266 1315 4637
 1267 1316 4638
 1268 1317 4639
 1269 1318 4640
 1270 1319 4641
 1271 1320 4642
 1272 1321 4643
 1273 1322 4644
 1274 1323 4645
 1275 1324 4646
 1276 1325 4647
 1277 1326 4648
 1278 1327 4649
 1279 1328 4650
 1280 1329 4651
 1281 1330 4652
 1282 1331 4653
 1283 1332 4654
 1284 1333 4655
 1285 1334 4656
 1286 1335 4657
 1287 1336 4658
 1288 1337 4659
 1289 1338 4660
 1290 1339 4661
 1291 1340 4662
 1292 1341 4663
 1293 1342 4664
 1294 1343 4665
 1295 1344 4666
 1296 1345 4667
 1297 1346 4668
 1298 1347 4669
 1299 1348 4670
 1300 1349 4671
 1301 1350 4672
 1302 1351 4673
 1303 1352 4674
 1304 1353 4675
 1305 1354 6662
 1306 3299 4677
 1307 1356 4678
 1308 1357 4679
 1309 1358 4680
 1310 1359 4681
 1311 1360 4682
 1312 1361 4683
 1313 1362 4684
 1314 1363 4685
 1315 1364 4686
 1316 1365 4687
 1317 1366 4688
 1318 1367 4689
 1319 1368 4690
 1320 1369 4691
 1321 1370 4692
 1322 1371 4693
 1323 1372 4694
 1324 1373 4695
 1325 1374 4696
 1326 1375 4697
 1327 1376 4698
 1328 1377 4699
 1329 1378 4700
 1330 1379 4701
 1331 1380 4702
 1332 1381 4703
 1333 1382 4704
 1334 1383 4705
 1335 1384 4706
 1336 1385 4707
 1337 1386 4708
 1338 1387 4709
 1339 1388 4710
 1340 1389 4711
 1341 1390 4712
 1342 1391 4713
 1343 1392 4714
 1344 1393 4715
 1345 1394 4716
 1346 1395 4717
 1347 1396 4718
 1348 1397 4719
 1349 1398 4720
 1350 1399 4721
 1351 1400 4722
 1352 1401 4723
 1353 1402 4724
 1354 1403 4725
 1356 3300 4727
 1357 1405 4728
 1358 1406 4729
 1359 1407 4730
 1360 1408 4731
 1361 1409 4732
 1362 1410 4733
 1363 1411 4734
 1364 1412 4735
 1365 1413 4736
 1366 1414 4737
 1367 1415 4738
 1368 1416 4739
 1369 1417 4740
 1370 1418 4741
 1371 1419 4742
 1372 1420 4743
 1373 1421 4744
 1374 1422 4745
 1375 1423 4746
 1376 1424 4747
 1377 1425 4748
 1378 1426 4749
 1379 1427 4750
 1380 1428 4751
 1381 1429 4752
 1382 1430 4753
 1383 1431 4754
 1384 1432 4755
 1385 1433 4756
 1386 1434 4757
 1387 1435 4758
 1388 1436 4759
 1389 1437 4760
 1390 1438 4761
 1391 1439 4762
 1392 1440 4763
 1393 1441 4764
 1394 1442 4765
 1395 1443 4766
 1396 1444 4767
 1397 1445 4768
 1398 1446 4769
 1399 1447 4770
 1400 1448 4771
 1401 1449 4772
 1402 1450 4773
 1403 1451 4774
 1405 3301 4776
 1406 1453 4777
 1407 1454 4778
 1408 1455 4779
 1409 1456 4780
 1410 1457 4781
 1411 1458 4782
 1412 1459 4783
 1413 1460 4784
 1414 1461 4785
 1415 1462 4786
 1416 1463 4787
 1417 1464 4788
 1418 1465 4789
 1419 1466 4790
 1420 1467 4791
 1421 1468 4792
 1422 1469 4793
 1423 1470 4794
 1424 1471 4795
 1425 1472 4796
 1426 1473 4797
 1427 1474 4798
 1428 1475 4799
 1429 1476 4800
 1430 1477 4801
 1431 1478 4802
 1432 1479 4803
 1433 1480 4804
 1434 1481 4805
 1435 1482 4806
 1436 1483 4807
 1437 1484 4808
 1438 1485 4809
 1439 1486 4810
 1440 1487 4811
 1441 1488 4812
 1442 1489 4813
 1443 1490 4814
 1444 1491 4815
 1445 1492 4816
 1446 1493 4817
 1447 1494 4818
 1448 1495 4819
 1449 1496 4820
 1450 1497 4821
 1451 1498 4822
 1452 1499 6687
 3301 3302 4823
 1453 1500 4824
 1454 1501 4825
 1455 1502 4826
 1456 1503 4827
 1457 1504 4828
 1458 1505 4829
 1459 1506 4830
 1460 1507 4831
 1461 1508 4832
 1462 1509 4833
 1463 1510 4834
 1464 1511 4835
 1465 1512 4836
 1466 1513 4837
 1467 1514 4838
 1468 1515 4839
 1469 1516 4840
 1470 1517 4841
 1471 1518 4842
 1472 1519 4843
 1473 1520 4844
 1474 1521 4845
 1475 1522 4846
 1476 1523 4847
 1477 1524 4848
 1478 1525 4849
 1479 1526 4850
 1480 1527 4851
 1481 1528 4852
 1482 1529 4853
 1483 1530 4854
 1484 1531 4855
 1485 1532 4856
 1486 1533 4857
 1487 1534 4858
 1488 1535 4859
 1489 1536 4860
 1490 1537 4861
 1491 1538 4862
 1492 1539 4863
 1493 1540 4864
 1494 1541 4865
 1495 1542 4866
 1496 1543 4867
 1497 1544 4868
 1498 1545 4869
 1499 1546 6663
 1500 3303 4871
 1501 1548 4872
 1502 1549 4873
 1503 1550 4874
 1504 1551 4875
 1505 1552 4876
 1506 1553 4877
 1507 1554 4878
 1508 1555 4879
 1509 1556 4880
 1510 1557 4881
 1511 1558 4882
 1512 1559 4883
 1513 1560 4884
 1514 1561 4885
 1515 1562 4886
 1516 1563 4887
 1517 1564 4888
 1518 1565 4889
 1519 1566 4890
 1520 1567 4891
 1521 1568 4892
 1522 1569 4893
 1523 1570 4894
 1524 1571 4895
 1525 1572 4896
 1526 1573 4897
 1527 1574 4898
 1528 1575 4899
 1529 1576 4900
 1530 1577 4901
 1531 1578 4902
 1532 1579 4903
 1533 1580 4904
 1534 1581 4905
 1535 1582 4906
 1536 1583 4907
 1537 1584 4908
 1538 1585 4909
 1539 1586 4910
 1540 1587 4911
 1541 1588 4912
 1542 1589 4913
 1543 1590 4914
 1544 1591 4915
 1545 1592 4916
 1546 1593 4917
 1548 3304 4919
 1549 1595 4920
 1550 1596 4921
 1551 1597 4922
 1552 1598 4923
 1553 1599 4924
 1554 1600 4925
 1555 1601 4926
 1556 1602 4927
 1557 1603 4928
 1558 1604 4929
 1559 1605 4930
 1560 1606 4931
 1561 1607 4932
 1562 1608 4933
 1563 1609 4934
 1564 1610 4935
 1565 1611 4936
 1566 1612 4937
 1567 1613 4938
 1568 1614 4939
 1569 1615 4940
 1570 1616 4941
 1571 1617 4942
 1572 1618 4943
 1573 1619 4944
 1574 1620 4945
 1575 1621 4946
 1576 1622 4947
 1577 1623 4948
 1578 1624 4949
 1579 1625 4950
 1580 1626 4951
 1581 1627 4952
 1582 1628 4953
 1583 1629 4954
 1584 1630 4955
 1585 1631 4956
 1586 1632 4957
 1587 1633 4958
 1588 1634 4959
 1589 1635 4960
 1590 1636 4961
 1591 1637 4962
 1592 1638 4963
 1593 1639 4964
 1595 3305 4966
 1596 1641 4967
 1597 1642 4968
 1598 1643 4969
 1599 1644 4970
 1600 1645 4971
 1601 1646 4972
 1602 1647 4973
 1603 1648 4974
 1604 1649 4975
 1605 1650 4976
 1606 1651 4977
 1607 1652 4978
 1608 1653 4979
 1609 1654 4980
 1610 1655 4981
 1611 1656 4982
 1612 1657 4983
 1613 1658 4984
 1614 1659 4985
 1615 1660 4986
 1616 1661 4987
 1617 1662 4988
 1618 1663 4989
 1619 1664 4990
 1620 1665 4991
 1621 1666 4992
 1622 1667 4993
 1623 1668 4994
 1624 1669 4995
 1625 1670 4996
 1626 1671 4997
 1627 1672 4998
 1628 1673 4999
 1629 1674 5000
 1630 1675 5001
 1631 1676 5002
 1632 1677 5003
 1633 1678 5004
 1634 1679 5005
 1635 1680 5006
 1636 1681 5007
 1637 1682 5008
 1638 1683 5009
 1639 1684 5010
 1640 1685 6688
 1641 3306 5012
 1642 1686 5013
 1643 1687 5014
 1644 1688 5015
 1645 1689 5016
 1646 1690 5017
 1647 1691 5018
 1648 1692 5019
 1649 1693 5020
 1650 1694 5021
 1651 1695 5022
 1652 1696 5023
 1653 1697 5024
 1654 1698 5025
 1655 1699 5026
 1656 1700 5027
 1657 1701 5028
 1658 1702 5029
 1659 1703 5030
 1660 1704 5031
 1661 1705 5032
 1662 1706 5033
 1663 1707 5034
 1664 1708 5035
 1665 1709 5036
 1666 1710 5037
 1667 1711 5038
 1668 1712 5039
 1669 1713 5040
 1670 1714 5041
 1671 1715 5042
 1672 1716 5043
 1673 1717 5044
 1674 1718 5045
 1675 1719 5046
 1676 1720 5047
 1677 1721 5048
 1678 1722 5049
 1679 1723 5050
 1680 1724 5051
 1681 1725 5052
 1682 1726 5053
 1683 1727 5054
 1684 1728 5055
 1685 1729 6689
 1686 3307 5057
 1687 1730 5058
 1688 1731 5059
 1689 1732 5060
 1690 1733 5061
 1691 1734 5062
 1692 1735 5063
 1693 1736 5064
 1694 1737 5065
 1695 1738 5066
 1696 1739 5067
 1697 1740 5068
 1698 1741 5069
 1699 1742 5070
 1700 1743 5071
 1701 1744 5072
 1702 1745 5073
 1703 1746 5074
 1704 1747 5075
 1705 1748 5076
 1706 1749 5077
 1707 1750 5078
 1708 1751 5079
 1709 1752 5080
 1710 1753 5081
 1711 1754 5082
 1712 1755 5083
 1713 1756 5084
 1714 1757 5085
 1715 1758 5086
 1716 1759 5087
 1717 1760 5088
 1718 1761 5089
 1719 1762 5090
 1720 1763 5091
 1721 1764 5092
 1722 1765 5093
 1723 1766 5094
 1724 1767 5095
 1725 1768 5096
 1726 1769 5097
 1727 1770 5098
 1728 1771 5099
 1729 1772 6664
 3307 3308 5100
 1730 1774 5101
 1731 1775 5102
 1732 1776 5103
 1733 1777 5104
 1734 1778 5105
 1735 1779 5106
 1736 1780 5107
 1737 1781 5108
 1738 1782 5109
 1739 1783 5110
 1740 1784 5111
 1741 1785 5112
 1742 1786 5113
 1743 1787 5114
 1744 1788 5115
 1745 1789 5116
 1746 1790 5117
 1747 1791 5118
 1748 1792 5119
 1749 1793 5120
 1750 1794 5121
 1751 1795 5122
 1752 1796 5123
 1753 1797 5124
 1754 1798 5125
 1755 1799 5126
 1756 1800 5127
 1757 1801 5128
 1758 1802 5129
 1759 1803 5130
 1760 1804 5131
 1761 1805 5132
 1762 1806 5133
 1763 1807 5134
 1764 1808 5135
 1765 1809 5136
 1766 1810 5137
 1767 1811 5138
 1768 1812 5139
 1769 1813 5140
 1770 1814 5141
 1771 1815 5142
 1772 1816 5143
 1774 3309 5145
 1775 1818 5146
 1776 1819 5147
 1777 1820 5148
 1778 1821 5149
 1779 1822 5150
 1780 1823 5151
 1781 1824 5152
 1782 1825 5153
 1783 1826 5154
 1784 1827 5155
 1785 1828 5156
 1786 1829 5157
 1787 1830 5158
 1788 1831 5159
 1789 1832 5160
 1790 1833 5161
 1791 1834 5162
 1792 1835 5163
 1793 1836 5164
 1794 1837 5165
 1795 1838 5166
 1796 1839 5167
 1797 1840 5168
 1798 1841 5169
 1799 1842 5170
 1800 1843 5171
 1801 1844 5172
 1802 1845 5173
 1803 1846 5174
 1804 1847 5175
 1805 1848 5176
 1806 1849 5177
 1807 1850 5178
 1808 1851 5179
 1809 1852 5180
 1810 1853 5181
 1811 1854 5182
 1812 1855 5183
 1813 1856 5184
 1814 1857 5185
 1815 1858 5186
 1816 1859 5187
 1817 1860 6690
 1818 3310 5189
 1819 1861 5190
 1820 1862 5191
 1821 1863 5192
 1822 1864 5193
 1823 1865 5194
 1824 1866 5195
 1825 1867 5196
 1826 1868 5197
 1827 1869 5198
 1828 1870 5199
 1829 1871 5200
 1830 1872 5201
 1831 1873 5202
 1832 1874 5203
 1833 1875 5204
 1834 1876 5205
 1835 1877 5206
 1836 1878 5207
 1837 1879 5208
 1838 1880 5209
 1839 1881 5210
 1840 1882 5211
 1841 1883 5212
 1842 1884 5213
 1843 1885 5214
 1844 1886 5215
 1845 1887 5216
 1846 1888 5217
 1847 1889 5218
 1848 1890 5219
 1849 1891 5220
 1850 1892 5221
 1851 1893 5222
 1852 1894 5223
 1853 1895 5224
 1854 1896 5225
 1855 1897 5226
 1856 1898 5227
 1857 1899 5228
 1858 1900 5229
 1859 1901 5230
 1860 1902 6691
 1861 3311 5232
 1862 1903 5233
 1863 1904 5234
 1864 1905 5235
 1865 1906 5236
 1866 1907 5237
 1867 1908 5238
 1868 1909 5239
 1869 1910 5240
 1870 1911 5241
 1871 1912 5242
 1872 1913 5243
 1873 1914 5244
 1874 1915 5245
 1875 1916 5246
 1876 1917 5247
 1877 1918 5248
 1878 1919 5249
 1879 1920 5250
 1880 1921 5251
 1881 1922 5252
 1882 1923 5253
 1883 1924 5254
 1884 1925 5255
 1885 1926 5256
 1886 1927 5257
 1887 1928 5258
 1888 1929 5259
 1889 1930 5260
 1890 1931 5261
 1891 1932 5262
 1892 1933 5263
 1893 1934 5264
 1894 1935 5265
 1895 1936 5266
 1896 1937 5267
 1897 1938 5268
 1898 1939 5269
 1899 1940 5270
 1900 1941 5271
 1901 1942 5272
 1902 1943 6665
 1903 3312 5274
 1904 1945 5275
 1905 1946 5276
 1906 1947 5277
 1907 1948 5278
 1908 1949 5279
 1909 1950 5280
 1910 1951 5281
 1911 1952 5282
 1912 1953 5283
 1913 1954 5284
 1914 1955 5285
 1915 1956 5286
 1916 1957 5287
 1917 1958 5288
 1918 1959 5289
 1919 1960 5290
 1920 1961 5291
 1921 1962 5292
 1922 1963 5293
 1923 1964 5294
 1924 1965 5295
 1925 1966 5296
 1926 1967 5297
 1927 1968 5298
 1928 1969 5299
 1929 1970 5300
 1930 1971 5301
 1931 1972 5302
 1932 1973 5303
 1933 1974 5304
 1934 1975 5305
 1935 1976 5306
 1936 1977 5307
 1937 1978 5308
 1938 1979 5309
 1939 1980 5310
 1940 1981 5311
 1941 1982 5312
 1942 1983 5313
 1943 1984 5314
 1945 3313 5316
 1946 1986 5317
 1947 1987 5318
 1948 1988 5319
 1949 1989 5320
 1950 1990 5321
 1951 1991 5322
 1952 1992 5323
 1953 1993 5324
 1954 1994 5325
 1955 1995 5326
 1956 1996 5327
 1957 1997 5328
 1958 1998 5329
 1959 1999 5330
 1960 2000 5331
 1961 2001 5332
 1962 2002 5333
 1963 2003 5334
 1964 2004 5335
 1965 2005 5336
 1966 2006 5337
 1967 2007 5338
 1968 2008 5339
 1969 2009 5340
 1970 2010 5341
 1971 2011 5342
 1972 2012 5343
 1973 2013 5344
 1974 2014 5345
 1975 2015 5346
 1976 2016 5347
 1977 2017 5348
 1978 2018 5349
 1979 2019 5350
 1980 2020 5351
 1981 2021 5352
 1982 2022 5353
 1983 2023 5354
 1984 2024 5355
 3313 3363 5356
 1986 2026 5357
 1987 2027 5358
 1988 2028 5359
 1989 2029 5360
 1990 2030 5361
 1991 2031 5362
 1992 2032 5363
 1993 2033 5364
 1994 2034 5365
 1995 2035 5366
 1996 2036 5367
 1997 2037 5368
 1998 2038 5369
 1999 2039 5370
 2000 2040 5371
 2001 2041 5372
 2002 2042 5373
 2003 2043 5374
 2004 2044 5375
 2005 2045 5376
 2006 2046 5377
 2007 2047 5378
 2008 2048 5379
 2009 2049 5380
 2010 2050 5381
 2011 2051 5382
 2012 2052 5383
 2013 2053 5384
 2014 2054 5385
 2015 2055 5386
 2016 2056 5387
 2017 2057 5388
 2018 2058 5389
 2019 2059 5390
 2020 2060 5391
 2021 2061 5392
 2022 2062 5393
 2023 2063 5394
 2024 2064 5395
 2025 2065 6692
 2026 3314 5397
 2027 2066 5398
 2028 2067 5399
 2029 2068 5400
 2030 2069 5401
 2031 2070 5402
 2032 2071 5403
 2033 2072 5404
 2034 2073 5405
 2035 2074 5406
 2036 2075 5407
 2037 2076 5408
 2038 2077 5409
 2039 2078 5410
 2040 2079 5411
 2041 2080 5412
 2042 2081 5413
 2043 2082 5414
 2044 2083 5415
 2045 2084 5416
 2046 2085 5417
 2047 2086 5418
 2048 2087 5419
 2049 2088 5420
 2050 2089 5421
 2051 2090 5422
 2052 2091 5423
 2053 2092 5424
 2054 2093 5425
 2055 2094 5426
 2056 2095 5427
 2057 2096 5428
 2058 2097 5429
 2059 2098 5430
 2060 2099 5431
 2061 2100 5432
 2062 2101 5433
 2063 2102 5434
 2064 2103 5435
 2065 2104 6666
 2066 3315 5437
 2067 2106 5438
 2068 2107 5439
 2069 2108 5440
 2070 2109 5441
 2071 2110 5442
 2072 2111 5443
 2073 2112 5444
 2074 2113 5445
 2075 2114 5446
 2076 2115 5447
 2077 2116 5448
 2078 2117 5449
 2079 2118 5450
 2080 2119 5451
 2081 2120 5452
 2082 2121 5453
 2083 2122 5454
 2084 2123 5455
 2085 2124 5456
 2086 2125 5457
 2087 2126 5458
 2088 2127 5459
 2089 2128 5460
 2090 2129 5461
 2091 2130 5462
 2092 2131 5463
 2093 2132 5464
 2094 2133 5465
 2095 2134 5466
 2096 2135 5467
 2097 2136 5468
 2098 2137 5469
 2099 2138 5470
 2100 2139 5471
 2101 2140 5472
 2102 2141 5473
 2103 2142 5474
 2104 2143 5475
 2106 3316 5477
 2107 2145 5478
 2108 2146 5479
 2109 2147 5480
 2110 2148 5481
 2111 2149 5482
 2112 2150 5483
 2113 2151 5484
 2114 2152 5485
 2115 2153 5486
 2116 2154 5487
 2117 2155 5488
 2118 2156 5489
 2119 2157 5490
 2120 2158 5491
 2121 2159 5492
 2122 2160 5493
 2123 2161 5494
 2124 2162 5495
 2125 2163 5496
 2126 2164 5497
 2127 2165 5498
 2128 2166 5499
 2129 2167 5500
 2130 2168 5501
 2131 2169 5502
 2132 2170 5503
 2133 2171 5504
 2134 2172 5505
 2135 2173 5506
 2136 2174 5507
 2137 2175 5508
 2138 2176 5509
 2139 2177 5510
 2140 2178 5511
 2141 2179 5512
 2142 2180 5513
 2143 2181 5514
 2145 3317 5516
 2146 2183 5517
 2147 2184 5518
 2148 2185 5519
 2149 2186 5520
 2150 2187 5521
 2151 2188 5522
 2152 2189 5523
 2153 2190 5524
 2154 2191 5525
 2155 2192 5526
 2156 2193 5527
 2157 2194 5528
 2158 2195 5529
 2159 2196 5530
 2160 2197 5531
 2161 2198 5532
 2162 2199 5533
 2163 2200 5534
 2164 2201 5535
 2165 2202 5536
 2166 2203 5537
 2167 2204 5538
 2168 2205 5539
 2169 2206 5540
 2170 2207 5541
 2171 2208 5542
 2172 2209 5543
 2173 2210 5544
 2174 2211 5545
 2175 2212 5546
 2176 2213 5547
 2177 2214 5548
 2178 2215 5549
 2179 2216 5550
 2180 2217 5551
 2181 2218 5552
 2182 2219 6693
 2183 3318 5554
 2184 2220 5555
 2185 2221 5556
 2186 2222 5557
 2187 2223 5558
 2188 2224 5559
 2189 2225 5560
 2190 2226 5561
 2191 2227 5562
 2192 2228 5563
 2193 2229 5564
 2194 2230 5565
 2195 2231 5566
 2196 2232 5567
 2197 2233 5568
 2198 2234 5569
 2199 2235 5570
 2200 2236 5571
 2201 2237 5572
 2202 2238 5573
 2203 2239 5574
 2204 2240 5575
 2205 2241 5576
 2206 2242 5577
 2207 2243 5578
 2208 2244 5579
 2209 2245 5580
 2210 2246 5581
 2211 2247 5582
 2212 2248 5583
 2213 2249 5584
 2214 2250 5585
 2215 2251 5586
 2216 2252 5587
 2217 2253 5588
 2218 2254 5589
 2219 2255 6694
 3318 3364 5590
 2220 2256 5591
 2221 2257 5592
 2222 2258 5593
 2223 2259 5594
 2224 2260 5595
 2225 2261 5596
 2226 2262 5597
 2227 2263 5598
 2228 2264 5599
 2229 2265 5600
 2230 2266 5601
 2231 2267 5602
 2232 2268 5603
 2233 2269 5604
 2234 2270 5605
 2235 2271 5606
 2236 2272 5607
 2237 2273 5608
 2238 2274 5609
 2239 2275 5610
 2240 2276 5611
 2241 2277 5612
 2242 2278 5613
 2243 2279 5614
 2244 2280 5615
 2245 2281 5616
 2246 2282 5617
 2247 2283 5618
 2248 2284 5619
 2249 2285 5620
 2250 2286 5621
 2251 2287 5622
 2252 2288 5623
 2253 2289 5624
 2254 2290 5625
 2255 2291 6667
 2256 3319 5627
 2257 2293 5628
 2258 2294 5629
 2259 2295 5630
 2260 2296 5631
 2261 2297 5632
 2262 2298 5633
 2263 2299 5634
 2264 2300 5635
 2265 2301 5636
 2266 2302 5637
 2267 2303 5638
 2268 2304 5639
 2269 2305 5640
 2270 2306 5641
 2271 2307 5642
 2272 2308 5643
 2273 2309 5644
 2274 2310 5645
 2275 2311 5646
 2276 2312 5647
 2277 2313 5648
 2278 2314 5649
 2279 2315 5650
 2280 2316 5651
 2281 2317 5652
 2282 2318 5653
 2283 2319 5654
 2284 2320 5655
 2285 2321 5656
 2286 2322 5657
 2287 2323 5658
 2288 2324 5659
 2289 2325 5660
 2290 2326 5661
 2291 2327 5662
 2293 3320 5664
 2294 2329 5665
 2295 2330 5666
 2296 2331 5667
 2297 2332 5668
 2298 2333 5669
 2299 2334 5670
 2300 2335 5671
 2301 2336 5672
 2302 2337 5673
 2303 2338 5674
 2304 2339 5675
 2305 2340 5676
 2306 2341 5677
 2307 2342 5678
 2308 2343 5679
 2309 2344 5680
 2310 2345 5681
 2311 2346 5682
 2312 2347 5683
 2313 2348 5684
 2314 2349 5685
 2315 2350 5686
 2316 2351 5687
 2317 2352 5688
 2318 2353 5689
 2319 2354 5690
 2320 2355 5691
 2321 2356 5692
 2322 2357 5693
 2323 2358 5694
 2324 2359 5695
 2325 2360 5696
 2326 2361 5697
 2327 2362 5698
 2328 2363 6695
 2329 3321 5700
 2330 2364 5701
 2331 2365 5702
 2332 2366 5703
 2333 2367 5704
 2334 2368 5705
 2335 2369 5706
 2336 2370 5707
 2337 2371 5708
 2338 2372 5709
 2339 2373 5710
 2340 2374 5711
 2341 2375 5712
 2342 2376 5713
 2343 2377 5714
 2344 2378 5715
 2345 2379 5716
 2346 2380 5717
 2347 2381 5718
 2348 2382 5719
 2349 2383 5720
 2350 2384 5721
 2351 2385 5722
 2352 2386 5723
 2353 2387 5724
 2354 2388 5725
 2355 2389 5726
 2356 2390 5727
 2357 2391 5728
 2358 2392 5729
 2359 2393 5730
 2360 2394 5731
 2361 2395 5732
 2362 2396 5733
 2363 2397 6696
 2364 3322 5735
 2365 2398 5736
 2366 2399 5737
 2367 2400 5738
 2368 2401 5739
 2369 2402 5740
 2370 2403 5741
 2371 2404 5742
 2372 2405 5743
 2373 2406 5744
 2374 2407 5745
 2375 2408 5746
 2376 2409 5747
 2377 2410 5748
 2378 2411 5749
 2379 2412 5750
 2380 2413 5751
 2381 2414 5752
 2382 2415 5753
 2383 2416 5754
 2384 2417 5755
 2385 2418 5756
 2386 2419 5757
 2387 2420 5758
 2388 2421 5759
 2389 2422 5760
 2390 2423 5761
 2391 2424 5762
 2392 2425 5763
 2393 2426 5764
 2394 2427 5765
 2395 2428 5766
 2396 2429 5767
 2397 2430 6668
 2398 3323 5769
 2399 2432 5770
 2400 2433 5771
 2401 2434 5772
 2402 2435 5773
 2403 2436 5774
 2404 2437 5775
 2405 2438 5776
 2406 2439 5777
 2407 2440 5778
 2408 2441 5779
 2409 2442 5780
 2410 2443 5781
 2411 2444 5782
 2412 2445 5783
 2413 2446 5784
 2414 2447 5785
 2415 2448 5786
 2416 2449 5787
 2417 2450 5788
 2418 2451 5789
 2419 2452 5790
 2420 2453 5791
 2421 2454 5792
 2422 2455 5793
 2423 2456 5794
 2424 2457 5795
 2425 2458 5796
 2426 2459 5797
 2427 2460 5798
 2428 2461 5799
 2429 2462 5800
 2430 2463 5801
 2432 3324 5803
 2433 2465 5804
 2434 2466 5805
 2435 2467 5806
 2436 2468 5807
 2437 2469 5808
 2438 2470 5809
 2439 2471 5810
 2440 2472 5811
 2441 2473 5812
 2442 2474 5813
 2443 2475 5814
 2444 2476 5815
 2445 2477 5816
 2446 2478 5817
 2447 2479 5818
 2448 2480 5819
 2449 2481 5820
 2450 2482 5821
 2451 2483 5822
 2452 2484 5823
 2453 2485 5824
 2454 2486 5825
 2455 2487 5826
 2456 2488 5827
 2457 2489 5828
 2458 2490 5829
 2459 2491 5830
 2460 2492 5831
 2461 2493 5832
 2462 2494 5833
 2463 2495 5834
 2464 2496 6697
 3324 3325 5835
 2465 2497 5836
 2466 2498 5837
 2467 2499 5838
 2468 2500 5839
 2469 2501 5840
 2470 2502 5841
 2471 2503 5842
 2472 2504 5843
 2473 2505 5844
 2474 2506 5845
 2475 2507 5846
 2476 2508 5847
 2477 2509 5848
 2478 2510 5849
 2479 2511 5850
 2480 2512 5851
 2481 2513 5852
 2482 2514 5853
 2483 2515 5854
 2484 2516 5855
 2485 2517 5856
 2486 2518 5857
 2487 2519 5858
 2488 2520 5859
 2489 2521 5860
 2490 2522 5861
 2491 2523 5862
 2492 2524 5863
 2493 2525 5864
 2494 2526 5865
 2495 2527 5866
 2496 2528 6698
 2497 3326 5868
 2498 2529 5869
 2499 2530 5870
 2500 2531 5871
 2501 2532 5872
 2502 2533 5873
 2503 2534 5874
 2504 2535 5875
 2505 2536 5876
 2506 2537 5877
 2507 2538 5878
 2508 2539 5879
 2509 2540 5880
 2510 2541 5881
 2511 2542 5882
 2512 2543 5883
 2513 2544 5884
 2514 2545 5885
 2515 2546 5886
 2516 2547 5887
 2517 2548 5888
 2518 2549 5889
 2519 2550 5890
 2520 2551 5891
 2521 2552 5892
 2522 2553 5893
 2523 2554 5894
 2524 2555 5895
 2525 2556 5896
 2526 2557 5897
 2527 2558 5898
 2528 2559 6669
 2529 3327 5900
 2530 2561 5901
 2531 2562 5902
 2532 2563 5903
 2533 2564 5904
 2534 2565 5905
 2535 2566 5906
 2536 2567 5907
 2537 2568 5908
 2538 2569 5909
 2539 2570 5910
 2540 2571 5911
 2541 2572 5912
 2542 2573 5913
 2543 2574 5914
 2544 2575 5915
 2545 2576 5916
 2546 2577 5917
 2547 2578 5918
 2548 2579 5919
 2549 2580 5920
 2550 2581 5921
 2551 2582 5922
 2552 2583 5923
 2553 2584 5924
 2554 2585 5925
 2555 2586 5926
 2556 2587 5927
 2557 2588 5928
 2558 2589 5929
 2559 2590 5930
 2561 3328 5932
 2562 2592 5933
 2563 2593 5934
 2564 2594 5935
 2565 2595 5936
 2566 2596 5937
 2567 2597 5938
 2568 2598 5939
 2569 2599 5940
 2570 2600 5941
 2571 2601 5942
 2572 2602 5943
 2573 2603 5944
 2574 2604 5945
 2575 2605 5946
 2576 2606 5947
 2577 2607 5948
 2578 2608 5949
 2579 2609 5950
 2580 2610 5951
 2581 2611 5952
 2582 2612 5953
 2583 2613 5954
 2584 2614 5955
 2585 2615 5956
 2586 2616 5957
 2587 2617 5958
 2588 2618 5959
 2589 2619 5960
 2590 2620 5961
 2592 3329 5963
 2593 2622 5964
 2594 2623 5965
 2595 2624 5966
 2596 2625 5967
 2597 2626 5968
 2598 2627 5969
 2599 2628 5970
 2600 2629 5971
 2601 2630 5972
 2602 2631 5973
 2603 2632 5974
 2604 2633 5975
 2605 2634 5976
 2606 2635 5977
 2607 2636 5978
 2608 2637 5979
 2609 2638 5980
 2610 2639 5981
 2611 2640 5982
 2612 2641 5983
 2613 2642 5984
 2614 2643 5985
 2615 2644 5986
 2616 2645 5987
 2617 2646 5988
 2618 2647 5989
 2619 2648 5990
 2620 2649 5991
 2621 2650 6699
 2622 3330 5993
 2623 2651 5994
 2624 2652 5995
 2625 2653 5996
 2626 2654 5997
 2627 2655 5998
 2628 2656 5999
 2629 2657 6000
 2630 2658 6001
 2631 2659 6002
 2632 2660 6003
 2633 2661 6004
 2634 2662 6005
 2635 2663 6006
 2636 2664 6007
 2637 2665 6008
 2638 2666 6009
 2639 2667 6010
 2640 2668 6011
 2641 2669 6012
 2642 2670 6013
 2643 2671 6014
 2644 2672 6015
 2645 2673 6016
 2646 2674 6017
 2647 2675 6018
 2648 2676 6019
 2649 2677 6020
 2650 2678 6670
 3330 3331 6021
 2651 2680 6022
 2652 2681 6023
 2653 2682 6024
 2654 2683 6025
 2655 2684 6026
 2656 2685 6027
 2657 2686 6028
 2658 2687 6029
 2659 2688 6030
 2660 2689 6031
 2661 2690 6032
 2662 2691 6033
 2663 2692 6034
 2664 2693 6035
 2665 2694 6036
 2666 2695 6037
 2667 2696 6038
 2668 2697 6039
 2669 2698 6040
 2670 2699 6041
 2671 2700 6042
 2672 2701 6043
 2673 2702 6044
 2674 2703 6045
 2675 2704 6046
 2676 2705 6047
 2677 2706 6048
 2678 2707 6049
 2680 3332 6051
 2681 2709 6052
 2682 2710 6053
 2683 2711 6054
 2684 2712 6055
 2685 2713 6056
 2686 2714 6057
 2687 2715 6058
 2688 2716 6059
 2689 2717 6060
 2690 2718 6061
 2691 2719 6062
 2692 2720 6063
 2693 2721 6064
 2694 2722 6065
 2695 2723 6066
 2696 2724 6067
 2697 2725 6068
 2698 2726 6069
 2699 2727 6070
 2700 2728 6071
 2701 2729 6072
 2702 2730 6073
 2703 2731 6074
 2704 2732 6075
 2705 2733 6076
 2706 2734 6077
 2707 2735 6078
 2709 3333 6080
 2710 2737 6081
 2711 2738 6082
 2712 2739 6083
 2713 2740 6084
 2714 2741 6085
 2715 2742 6086
 2716 2743 6087
 2717 2744 6088
 2718 2745 6089
 2719 2746 6090
 2720 2747 6091
 2721 2748 6092
 2722 2749 6093
 2723 2750 6094
 2724 2751 6095
 2725 2752 6096
 2726 2753 6097
 2727 2754 6098
 2728 2755 6099
 2729 2756 6100
 2730 2757 6101
 2731 2758 6102
 2732 2759 6103
 2733 2760 6104
 2734 2761 6105
 2735 2762 6106
 2736 2763 6700
 2737 3334 6108
 2738 2764 6109
 2739 2765 6110
 2740 2766 6111
 2741 2767 6112
 2742 2768 6113
 2743 2769 6114
 2744 2770 6115
 2745 2771 6116
 2746 2772 6117
 2747 2773 6118
 2748 2774 6119
 2749 2775 6120
 2750 2776 6121
 2751 2777 6122
 2752 2778 6123
 2753 2779 6124
 2754 2780 6125
 2755 2781 6126
 2756 2782 6127
 2757 2783 6128
 2758 2784 6129
 2759 2785 6130
 2760 2786 6131
 2761 2787 6132
 2762 2788 6133
 2763 2789 6701
 2764 3335 6135
 2765 2790 6136
 2766 2791 6137
 2767 2792 6138
 2768 2793 6139
 2769 2794 6140
 2770 2795 6141
 2771 2796 6142
 2772 2797 6143
 2773 2798 6144
 2774 2799 6145
 2775 2800 6146
 2776 2801 6147
 2777 2802 6148
 2778 2803 6149
 2779 2804 6150
 2780 2805 6151
 2781 2806 6152
 2782 2807 6153
 2783 2808 6154
 2784 2809 6155
 2785 2810 6156
 2786 2811 6157
 2787 2812 6158
 2788 2813 6159
 2789 2814 6671
 2790 3336 6161
 2791 2816 6162
 2792 2817 6163
 2793 2818 6164
 2794 2819 6165
 2795 2820 6166
 2796 2821 6167
 2797 2822 6168
 2798 2823 6169
 2799 2824 6170
 2800 2825 6171
 2801 2826 6172
 2802 2827 6173
 2803 2828 6174
 2804 2829 6175
 2805 2830 6176
 2806 2831 6177
 2807 2832 6178
 2808 2833 6179
 2809 2834 6180
 2810 2835 6181
 2811 2836 6182
 2812 2837 6183
 2813 2838 6184
 2814 2839 6185
 3336 3365 6186
 2816 2841 6187
 2817 2842 6188
 2818 2843 6189
 2819 2844 6190
 2820 2845 6191
 2821 2846 6192
 2822 2847 6193
 2823 2848 6194
 2824 2849 6195
 2825 2850 6196
 2826 2851 6197
 2827 2852 6198
 2828 2853 6199
 2829 2854 6200
 2830 2855 6201
 2831 2856 6202
 2832 2857 6203
 2833 2858 6204
 2834 2859 6205
 2835 2860 6206
 2836 2861 6207
 2837 2862 6208
 2838 2863 6209
 2839 2864 6210
 2840 2865 6702
 2841 3337 6212
 2842 2866 6213
 2843 2867 6214
 2844 2868 6215
 2845 2869 6216
 2846 2870 6217
 2847 2871 6218
 2848 2872 6219
 2849 2873 6220
 2850 2874 6221
 2851 2875 6222
 2852 2876 6223
 2853 2877 6224
 2854 2878 6225
 2855 2879 6226
 2856 2880 6227
 2857 2881 6228
 2858 2882 6229
 2859 2883 6230
 2860 2884 6231
 2861 2885 6232
 2862 2886 6233
 2863 2887 6234
 2864 2888 6235
 2865 2889 6703
 2866 3338 6237
 2867 2890 6238
 2868 2891 6239
 2869 2892 6240
 2870 2893 6241
 2871 2894 6242
 2872 2895 6243
 2873 2896 6244
 2874 2897 6245
 2875 2898 6246
 2876 2899 6247
 2877 2900 6248
 2878 2901 6249
 2879 2902 6250
 2880 2903 6251
 2881 2904 6252
 2882 2905 6253
 2883 2906 6254
 2884 2907 6255
 2885 2908 6256
 2886 2909 6257
 2887 2910 6258
 2888 2911 6259
 2889 2912 6672
 2890 3339 6261
 2891 2914 6262
 2892 2915 6263
 2893 2916 6264
 2894 2917 6265
 2895 2918 6266
 2896 2919 6267
 2897 2920 6268
 2898 2921 6269
 2899 2922 6270
 2900 2923 6271
 2901 2924 6272
 2902 2925 6273
 2903 2926 6274
 2904 2927 6275
 2905 2928 6276
 2906 2929 6277
 2907 2930 6278
 2908 2931 6279
 2909 2932 6280
 2910 2933 6281
 2911 2934 6282
 2912 2935 6283
 2914 3340 6285
 2915 2937 6286
 2916 2938 6287
 2917 2939 6288
 2918 2940 6289
 2919 2941 6290
 2920 2942 6291
 2921 2943 6292
 2922 2944 6293
 2923 2945 6294
 2924 2946 6295
 2925 2947 6296
 2926 2948 6297
 2927 2949 6298
 2928 2950 6299
 2929 2951 6300
 2930 2952 6301
 2931 2953 6302
 2932 2954 6303
 2933 2955 6304
 2934 2956 6305
 2935 2957 6306
 2936 2958 6704
 2937 3341 6308
 2938 2959 6309
 2939 2960 6310
 2940 2961 6311
 2941 2962 6312
 2942 2963 6313
 2943 2964 6314
 2944 2965 6315
 2945 2966 6316
 2946 2967 6317
 2947 2968 6318
 2948 2969 6319
 2949 2970 6320
 2950 2971 6321
 2951 2972 6322
 2952 2973 6323
 2953 2974 6324
 2954 2975 6325
 2955 2976 6326
 2956 2977 6327
 2957 2978 6328
 2958 2979 6705
 3341 3366 6329
 2959 2980 6330
 2960 2981 6331
 2961 2982 6332
 2962 2983 6333
 2963 2984 6334
 2964 2985 6335
 2965 2986 6336
 2966 2987 6337
 2967 2988 6338
 2968 2989 6339
 2969 2990 6340
 2970 2991 6341
 2971 2992 6342
 2972 2993 6343
 2973 2994 6344
 2974 2995 6345
 2975 2996 6346
 2976 2997 6347
 2977 2998 6348
 2978 2999 6349
 2979 3000 6673
 2980 3342 6351
 2981 3002 6352
 2982 3003 6353
 2983 3004 6354
 2984 3005 6355
 2985 3006 6356
 2986 3007 6357
 2987 3008 6358
 2988 3009 6359
 2989 3010 6360
 2990 3011 6361
 2991 3012 6362
 2992 3013 6363
 2993 3014 6364
 2994 3015 6365
 2995 3016 6366
 2996 3017 6367
 2997 3018 6368
 2998 3019 6369
 2999 3020 6370
 3000 3021 6371
 3002 3343 6373
 3003 3023 6374
 3004 3024 6375
 3005 3025 6376
 3006 3026 6377
 3007 3027 6378
 3008 3028 6379
 3009 3029 6380
 3010 3030 6381
 3011 3031 6382
 3012 3032 6383
 3013 3033 6384
 3014 3034 6385
 3015 3035 6386
 3016 3036 6387
 3017 3037 6388
 3018 3038 6389
 3019 3039 6390
 3020 3040 6391
 3021 3041 6392
 3023 3344 6394
 3024 3043 6395
 3025 3044 6396
 3026 3045 6397
 3027 3046 6398
 3028 3047 6399
 3029 3048 6400
 3030 3049 6401
 3031 3050 6402
 3032 3051 6403
 3033 3052 6404
 3034 3053 6405
 3035 3054 6406
 3036 3055 6407
 3037 3056 6408
 3038 3057 6409
 3039 3058 6410
 3040 3059 6411
 3041 3060 6412
 3042 3061 6706
 3043 3345 6414
 3044 3062 6415
 3045 3063 6416
 3046 3064 6417
 3047 3065 6418
 3048 3066 6419
 3049 3067 6420
 3050 3068 6421
 3051 3069 6422
 3052 3070 6423
 3053 3071 6424
 3054 3072 6425
 3055 3073 6426
 3056 3074 6427
 3057 3075 6428
 3058 3076 6429
 3059 3077 6430
 3060 3078 6431
 3061 3079 6674
 3062 3346 6433
 3063 3081 6434
 3064 3082 6435
 3065 3083 6436
 3066 3084 6437
 3067 3085 6438
 3068 3086 6439
 3069 3087 6440
 3070 3088 6441
 3071 3089 6442
 3072 3090 6443
 3073 3091 6444
 3074 3092 6445
 3075 3093 6446
 3076 3094 6447
 3077 3095 6448
 3078 3096 6449
 3079 3097 6450
 3346 3367 6451
 3081 3099 6452
 3082 3100 6453
 3083 3101 6454
 3084 3102 6455
 3085 3103 6456
 3086 3104 6457
 3087 3105 6458
 3088 3106 6459
 3089 3107 6460
 3090 3108 6461
 3091 3109 6462
 3092 3110 6463
 3093 3111 6464
 3094 3112 6465
 3095 3113 6466
 3096 3114 6467
 3097 3115 6468
 3099 3347 6470
 3100 3117 6471
 3101 3118 6472
 3102 3119 6473
 3103 3120 6474
 3104 3121 6475
 3105 3122 6476
 3106 3123 6477
 3107 3124 6478
 3108 3125 6479
 3109 3126 6480
 3110 3127 6481
 3111 3128 6482
 3112 3129 6483
 3113 3130 6484
 3114 3131 6485
 3115 3132 6486
 3116 3133 6707
 3117 3348 6488
 3118 3134 6489
 3119 3135 6490
 3120 3136 6491
 3121 3137 6492
 3122 3138 6493
 3123 3139 6494
 3124 3140 6495
 3125 3141 6496
 3126 3142 6497
 3127 3143 6498
 3128 3144 6499
 3129 3145 6500
 3130 3146 6501
 3131 3147 6502
 3132 3148 6503
 3133 3149 6708
 3134 3349 6505
 3135 3150 6506
 3136 3151 6507
 3137 3152 6508
 3138 3153 6509
 3139 3154 6510
 3140 3155 6511
 3141 3156 6512
 3142 3157 6513
 3143 3158 6514
 3144 3159 6515
 3145 3160 6516
 3146 3161 6517
 3147 3162 6518
 3148 3163 6519
 3149 3164 6675
 3150 3350 6521
 3151 3166 6522
 3152 3167 6523
 3153 3168 6524
 3154 3169 6525
 3155 3170 6526
 3156 3171 6527
 3157 3172 6528
 3158 3173 6529
 3159 3174 6530
 3160 3175 6531
 3161 3176 6532
 3162 3177 6533
 3163 3178 6534
 3164 3179 6535
 3166 3351 6537
 3167 3181 6538
 3168 3182 6539
 3169 3183 6540
 3170 3184 6541
 3171 3185 6542
 3172 3186 6543
 3173 3187 6544
 3174 3188 6545
 3175 3189 6546
 3176 3190 6547
 3177 3191 6548
 3178 3192 6549
 3179 3193 6550
 3180 3194 6709
 3181 3352 6552
 3182 3195 6553
 3183 3196 6554
 3184 3197 6555
 3185 3198 6556
 3186 3199 6557
 3187 3200 6558
 3188 3201 6559
 3189 3202 6560
 3190 3203 6561
 3191 3204 6562
 3192 3205 6563
 3193 3206 6564
 3194 3207 6710
 3352 3353 6565
 3195 3208 6566
 3196 3209 6567
 3197 3210 6568
 3198 3211 6569
 3199 3212 6570
 3200 3213 6571
 3201 3214 6572
 3202 3215 6573
 3203 3216 6574
 3204 3217 6575
 3205 3218 6576
 3206 3219 6577
 3207 3220 6676
 3208 3354 6579
 3209 3222 6580
 3210 3223 6581
 3211 3224 6582
 3212 3225 6583
 3213 3226 6584
 3214 3227 6585
 3215 3228 6586
 3216 3229 6587
 3217 3230 6588
 3218 3231 6589
 3219 3232 6590
 3220 3233 6591
 3222 3355 6593
 3223 3235 6594
 3224 3236 6595
 3225 3237 6596
 3226 3238 6597
 3227 3239 6598
 3228 3240 6599
 3229 3241 6600
 3230 3242 6601
 3231 3243 6602
 3232 3244 6603
 3233 3245 6604
 3235 3356 6606
 3236 3247 6607
 3237 3248 6608
 3238 3249 6609
 3239 3250 6610
 3240 3251 6611
 3241 3252 6612
 3242 3253 6613
 3243 3254 6614
 3244 3255 6615
 3245 3256 6616
 3246 3257 6711
 3247 3357 6618
 3248 3258 6619
 3249 3259 6620
 3250 3260 6621
 3251 3261 6622
 3252 3262 6623
 3253 3263 6624
 3254 3264 6625
 3255 3265 6626
 3256 3266 6627
 3257 3267 6677
 3258 3358 6629
 3259 3269 6630
 3260 3270 6631
 3261 3271 6632
 3262 3272 6633
 3263 3273 6634
 3264 3274 6635
 3265 3275 6636
 3266 3276 6637
 3267 3277 6638
 3278 3359 6712
 3368 6713 6714
 6715 60 6656
 6718 6715 6656
 6716 6719 6649
 3369 6716 6649
 6720 3369 6678
 6721 6720 6678
 3360 6722 6725
 123 6657 6729
 6726 123 6729
 3279 6730 6733
 6734 186 6736
 3280 6737 6740
 248 6679 6743
 6741 248 6743
 3281 6744 6747
 309 6680 6750
 6748 309 6750
 3282 6751 6754
 369 6658 6758
 6755 369 6758
 3283 6759 6762
 6763 429 6765
 3284 6766 6768
 3284 6768 6650
 6769 488 6771
 3285 6772 6775
 547 6681 6778
 6776 547 6778
 3286 6779 6782
 605 6659 6786
 6783 605 6786
 3287 6787 6790
 6791 663 6793
 3288 6794 6797
 6798 720 6800
 3289 6801 6804
 776 6682 6807
 6805 776 6807
 3290 6808 6810
 831 6683 6813
 6811 831 6813
 3361 6814 6817
 886 6660 6821
 6818 886 6821
 3291 6822 6825
 6826 941 6828
 3292 6829 6832
 995 6684 6835
 6833 995 6835
 3293 6836 6839
 1048 6685 6842
 6840 1048 6842
 3294 6843 6846
 1100 6661 6850
 6847 1100 6850
 3295 6851 6853
 6854 1152 6856
 3362 6857 6860
 6861 1204 6863
 3296 6864 6867
 1255 6686 6870
 6868 1255 6870
 3297 6871 6874
 1305 6662 6878
 6875 1305 6878
 3298 6879 6882
 6883 1355 6885
 3299 6886 6889
 6890 1404 6892
 3300 6893 6896
 1452 6687 6899
 6897 1452 6899
 3301 6900 6902
 3301 6902 6651
 1499 6663 6906
 6903 1499 6906
 3302 6907 6910
 6911 1547 6913
 3303 6914 6917
 6918 1594 6920
 3304 6921 6924
 1640 6688 6927
 6925 1640 6927
 3305 6928 6931
 1685 6689 6934
 6932 1685 6934
 3306 6935 6938
 1729 6664 6942
 6939 1729 6942
 3307 6943 6945
 3307 6945 6652
 6946 1773 6948
 3308 6949 6952
 1817 6690 6955
 6953 1817 6955
 3309 6956 6959
 1860 6691 6962
 6960 1860 6962
 3310 6963 6966
 1902 6665 6970
 6967 1902 6970
 3311 6971 6974
 6975 1944 6977
 3312 6978 6981
 6982 1985 6984
 3313 6985 6987
 2025 6692 6990
 6988 2025 6990
 3363 6991 6994
 2065 6666 6998
 6995 2065 6998
 3314 6999 7002
 7003 2105 7005
 3315 7006 7009
 7010 2144 7012
 3316 7013 7016
 2182 6693 7019
 7017 2182 7019
 3317 7020 7023
 2219 6694 7026
 7024 2219 7026
 3318 7027 7029
 2255 6667 7033
 7030 2255 7033
 3364 7034 7037
 7038 2292 7040
 3319 7041 7044
 2328 6695 7047
 7045 2328 7047
 3320 7048 7051
 2363 6696 7054
 7052 2363 7054
 3321 7055 7058
 2397 6668 7062
 7059 2397 7062
 3322 7063 7066
 7067 2431 7069
 3323 7070 7073
 2464 6697 7076
 7074 2464 7076
 3324 7077 7079
 3324 7079 6653
 2496 6698 7082
 7080 2496 7082
 3325 7083 7086
 2528 6669 7090
 7087 2528 7090
 3326 7091 7094
 7095 2560 7097
 3327 7098 7101
 7102 2591 7104
 3328 7105 7108
 2621 6699 7111
 7109 2621 7111
 3329 7112 7115
 2650 6670 7119
 7116 2650 7119
 3330 7120 7122
 3330 7122 6654
 7123 2679 7125
 3331 7126 7129
 7130 2708 7132
 3332 7133 7136
 2736 6700 7139
 7137 2736 7139
 3333 7140 7143
 2763 6701 7146
 7144 2763 7146
 3334 7147 7150
 2789 6671 7154
 7151 2789 7154
 3335 7155 7158
 7159 2815 7161
 3336 7162 7164
 2840 6702 7167
 7165 2840 7167
 3365 7168 7171
 2865 6703 7174
 7172 2865 7174
 3337 7175 7178
 2889 6672 7182
 7179 2889 7182
 3338 7183 7186
 7187 2913 7189
 3339 7190 7193
 2936 6704 7196
 7194 2936 7196
 3340 7197 7200
 2958 6705 7203
 7201 2958 7203
 3341 7204 7206
 2979 6673 7210
 7207 2979 7210
 3366 7211 7214
 7215 3001 7217
 3342 7218 7221
 7222 3022 7224
 3343 7225 7228
 3042 6706 7231
 7229 3042 7231
 3344 7232 7235
 3061 6674 7239
 7236 3061 7239
 3345 7240 7243
 7244 3080 7246
 3346 7247 7249
 7250 3098 7252
 3367 7253 7256
 3116 6707 7259
 7257 3116 7259
 3347 7260 7263
 3133 6708 7266
 7264 3133 7266
 3348 7267 7270
 3149 6675 7274
 7271 3149 7274
 3349 7275 7278
 7279 3165 7281
 3350 7282 7285
 3180 6709 7288
 7286 3180 7288
 3351 7289 7292
 3194 6710 7295
 7293 3194 7295
 3352 7296 7298
 3352 7298 6655
 3207 6676 7302
 7299 3207 7302
 3353 7303 7306
 7307 3221 7309
 3354 7310 7313
 7314 3234 7316
 3355 7317 7320
 3246 6711 7323
 7321 3246 7323
 3356 7324 7327
 3257 6677 7331
 7328 3257 7331
 3357 7332 7335
 7336 3268 7338
 3358 7339 7342
 3278 6712 7354
 7352 3278 7354
 3360 3368 6724
 3368 6714 6724
 6717 6718 6656
 122 6717 6656
 6721 6678 6728
 6723 3360 6725
 6727 6729 6657
 186 6727 6657
 6732 3279 6733
 6739 3280 6740
 6743 6679 6749
 6746 3281 6747
 6750 6680 6757
 6753 3282 6754
 6756 6758 6658
 429 6756 6658
 6761 3283 6762
 6774 3285 6775
 6778 6681 6785
 6781 3286 6782
 6784 6786 6659
 663 6784 6659
 6789 3287 6790
 6796 3288 6797
 6803 3289 6804
 6807 6682 6812
 3361 3290 6816
 3290 6810 6816
 6813 6683 6820
 6815 3361 6817
 6819 6821 6660
 941 6819 6660
 6824 3291 6825
 6831 3292 6832
 6835 6684 6841
 6838 3293 6839
 6842 6685 6849
 6845 3294 6846
 6848 6850 6661
 1152 6848 6661
 3362 3295 6859
 3295 6853 6859
 6858 3362 6860
 6866 3296 6867
 6870 6686 6877
 6873 3297 6874
 6876 6878 6662
 1355 6876 6662
 6881 3298 6882
 6888 3299 6889
 6895 3300 6896
 6899 6687 6905
 6904 6906 6663
 1547 6904 6663
 6909 3302 6910
 6916 3303 6917
 6923 3304 6924
 6927 6688 6933
 6930 3305 6931
 6934 6689 6941
 6937 3306 6938
 6940 6942 6664
 1773 6940 6664
 6951 3308 6952
 6955 6690 6961
 6958 3309 6959
 6962 6691 6969
 6965 3310 6966
 6968 6970 6665
 1944 6968 6665
 6973 3311 6974
 6980 3312 6981
 3363 3313 6993
 3313 6987 6993
 6990 6692 6997
 6992 3363 6994
 6996 6998 6666
 2105 6996 6666
 7001 3314 7002
 7008 3315 7009
 7015 3316 7016
 7019 6693 7025
 7022 3317 7023
 7026 6694 7032
 3364 3318 7036
 3318 7029 7036
 7031 7033 6667
 2292 7031 6667
 7035 3364 7037
 7043 3319 7044
 7047 6695 7053
 7050 3320 7051
 7054 6696 7061
 7057 3321 7058
 7060 7062 6668
 2431 7060 6668
 7065 3322 7066
 7072 3323 7073
 7076 6697 7081
 7082 6698 7089
 7085 3325 7086
 7088 7090 6669
 2560 7088 6669
 7093 3326 7094
 7100 3327 7101
 7107 3328 7108
 7111 6699 7118
 7114 3329 7115
 7117 7119 6670
 2679 7117 6670
 7128 3331 7129
 7135 3332 7136
 7139 6700 7145
 7142 3333 7143
 7146 6701 7153
 7149 3334 7150
 7152 7154 6671
 2815 7152 6671
 7157 3335 7158
 3365 3336 7170
 3336 7164 7170
 7167 6702 7173
 7169 3365 7171
 7174 6703 7181
 7177 3337 7178
 7180 7182 6672
 2913 7180 6672
 7185 3338 7186
 7192 3339 7193
 7196 6704 7202
 7199 3340 7200
 7203 6705 7209
 3366 3341 7213
 3341 7206 7213
 7208 7210 6673
 3001 7208 6673
 7212 3366 7214
 7220 3342 7221
 7227 3343 7228
 7231 6706 7238
 7234 3344 7235
 7237 7239 6674
 3080 7237 6674
 7242 3345 7243
 3367 3346 7255
 3346 7249 7255
 7254 3367 7256
 7259 6707 7265
 7262 3347 7263
 7266 6708 7273
 7269 3348 7270
 7272 7274 6675
 3165 7272 6675
 7277 3349 7278
 7284 3350 7285
 7288 6709 7294
 7291 3351 7292
 7295 6710 7301
 7300 7302 6676
 3221 7300 6676
 7305 3353 7306
 7312 3354 7313
 7319 3355 7320
 7323 6711 7330
 7326 3356 7327
 7329 7331 6677
 3268 7329 6677
 7334 3357 7335
 7341 3358 7342
 7343 3269 6639
 7356 7343 6639
 7344 3270 6640
 7358 7344 6640
 7345 3271 6641
 7360 7345 6641
 7346 3272 6642
 7362 7346 6642
 7347 3273 6643
 7364 7347 6643
 7348 3274 6644
 7366 7348 6644
 7349 3275 6645
 7368 7349 6645
 7350 3276 6646
 7370 7350 6646
 7351 3277 6647
 7373 7351 6647
 7354 6712 7376
 6722 3360 6724
 123 6726 6728
 123 6728 6678
 3279 3431 6731
 6730 3279 6731
 186 6734 6735
 3280 3494 6738
 6737 3280 6738
 248 6741 6742
 3281 3557 6745
 6744 3281 6745
 309 6748 6749
 309 6749 6679
 3282 3619 6752
 6751 3282 6752
 369 6755 6757
 369 6757 6680
 3283 3680 6760
 6759 3283 6760
 429 6763 6764
 3284 3740 6767
 6766 3284 6767
 488 6769 6770
 3285 6650 6773
 6772 3285 6773
 547 6776 6777
 3286 3859 6780
 6779 3286 6780
 605 6783 6785
 605 6785 6681
 3287 3918 6788
 6787 3287 6788
 663 6791 6792
 3288 3976 6795
 6794 3288 6795
 720 6798 6799
 3289 4034 6802
 6801 3289 6802
 776 6805 6806
 3290 4091 6809
 6808 3290 6809
 831 6811 6812
 831 6812 6682
 6814 3361 6816
 886 6818 6820
 886 6820 6683
 3291 4202 6823
 6822 3291 6823
 941 6826 6827
 3292 4257 6830
 6829 3292 6830
 995 6833 6834
 3293 4312 6837
 6836 3293 6837
 1048 6840 6841
 1048 6841 6684
 3294 4366 6844
 6843 3294 6844
 1100 6847 6849
 1100 6849 6685
 3295 4419 6852
 6851 3295 6852
 1152 6854 6855
 6857 3362 6859
 1204 6861 6862
 3296 4523 6865
 6864 3296 6865
 1255 6868 6869
 3297 4575 6872
 6871 3297 6872
 1305 6875 6877
 1305 6877 6686
 3298 4626 6880
 6879 3298 6880
 1355 6883 6884
 3299 4676 6887
 6886 3299 6887
 1404 6890 6891
 3300 4726 6894
 6893 3300 6894
 1452 6897 6898
 3301 4775 6901
 6900 3301 6901
 1499 6903 6905
 1499 6905 6687
 3302 6651 6908
 6907 3302 6908
 1547 6911 6912
 3303 4870 6915
 6914 3303 6915
 1594 6918 6919
 3304 4918 6922
 6921 3304 6922
 1640 6925 6926
 3305 4965 6929
 6928 3305 6929
 1685 6932 6933
 1685 6933 6688
 3306 5011 6936
 6935 3306 6936
 1729 6939 6941
 1729 6941 6689
 3307 5056 6944
 6943 3307 6944
 1773 6946 6947
 3308 6652 6950
 6949 3308 6950
 1817 6953 6954
 3309 5144 6957
 6956 3309 6957
 1860 6960 6961
 1860 6961 6690
 3310 5188 6964
 6963 3310 6964
 1902 6967 6969
 1902 6969 6691
 3311 5231 6972
 6971 3311 6972
 1944 6975 6976
 3312 5273 6979
 6978 3312 6979
 1985 6982 6983
 3313 5315 6986
 6985 3313 6986
 2025 6988 6989
 6991 3363 6993
 2065 6995 6997
 2065 6997 6692
 3314 5396 7000
 6999 3314 7000
 2105 7003 7004
 3315 5436 7007
 7006 3315 7007
 2144 7010 7011
 3316 5476 7014
 7013 3316 7014
 2182 7017 7018
 3317 5515 7021
 7020 3317 7021
 2219 7024 7025
 2219 7025 6693
 3318 5553 7028
 7027 3318 7028
 2255 7030 7032
 2255 7032 6694
 7034 3364 7036
 2292 7038 7039
 3319 5626 7042
 7041 3319 7042
 2328 7045 7046
 3320 5663 7049
 7048 3320 7049
 2363 7052 7053
 2363 7053 6695
 3321 5699 7056
 7055 3321 7056
 2397 7059 7061
 2397 7061 6696
 3322 5734 7064
 7063 3322 7064
 2431 7067 7068
 3323 5768 7071
 7070 3323 7071
 2464 7074 7075
 3324 5802 7078
 7077 3324 7078
 2496 7080 7081
 2496 7081 6697
 3325 6653 7084
 7083 3325 7084
 2528 7087 7089
 2528 7089 6698
 3326 5867 7092
 7091 3326 7092
 2560 7095 7096
 3327 5899 7099
 7098 3327 7099
 2591 7102 7103
 3328 5931 7106
 7105 3328 7106
 2621 7109 7110
 3329 5962 7113
 7112 3329 7113
 2650 7116 7118
 2650 7118 6699
 3330 5992 7121
 7120 3330 7121
 2679 7123 7124
 3331 6654 7127
 7126 3331 7127
 2708 7130 7131
 3332 6050 7134
 7133 3332 7134
 2736 7137 7138
 3333 6079 7141
 7140 3333 7141
 2763 7144 7145
 2763 7145 6700
 3334 6107 7148
 7147 3334 7148
 2789 7151 7153
 2789 7153 6701
 3335 6134 7156
 7155 3335 7156
 2815 7159 7160
 3336 6160 7163
 7162 3336 7163
 2840 7165 7166
 7168 3365 7170
 2865 7172 7173
 2865 7173 6702
 3337 6211 7176
 7175 3337 7176
 2889 7179 7181
 2889 7181 6703
 3338 6236 7184
 7183 3338 7184
 2913 7187 7188
 3339 6260 7191
 7190 3339 7191
 2936 7194 7195
 3340 6284 7198
 7197 3340 7198
 2958 7201 7202
 2958 7202 6704
 3341 6307 7205
 7204 3341 7205
 2979 7207 7209
 2979 7209 6705
 7211 3366 7213
 3001 7215 7216
 3342 6350 7219
 7218 3342 7219
 3022 7222 7223
 3343 6372 7226
 7225 3343 7226
 3042 7229 7230
 3344 6393 7233
 7232 3344 7233
 3061 7236 7238
 3061 7238 6706
 3345 6413 7241
 7240 3345 7241
 3080 7244 7245
 3346 6432 7248
 7247 3346 7248
 3098 7250 7251
 7253 3367 7255
 3116 7257 7258
 3347 6469 7261
 7260 3347 7261
 3133 7264 7265
 3133 7265 6707
 3348 6487 7268
 7267 3348 7268
 3149 7271 7273
 3149 7273 6708
 3349 6504 7276
 7275 3349 7276
 3165 7279 7280
 3350 6520 7283
 7282 3350 7283
 3180 7286 7287
 3351 6536 7290
 7289 3351 7290
 3194 7293 7294
 3194 7294 6709
 3352 6551 7297
 7296 3352 7297
 3207 7299 7301
 3207 7301 6710
 3353 6655 7304
 7303 3353 7304
 3221 7307 7308
 3354 6578 7311
 7310 3354 7311
 3234 7314 7315
 3355 6592 7318
 7317 3355 7318
 3246 7321 7322
 3356 6605 7325
 7324 3356 7325
 3257 7328 7330
 3257 7330 6711
 3357 6617 7333
 7332 3357 7333
 3268 7336 7337
 3358 6628 7340
 7339 3358 7340
 3278 7352 7353
 7356 6639 7355
 7358 6640 7357
 7360 6641 7359
 7362 6642 7361
 7364 6643 7363
 7366 6644 7365
 7368 6645 7367
 7370 6646 7369
 7373 6647 7371
 7372 3359 6648
 7374 7372 6648
 3359 7375 7376
 3359 7376 6712
 6717 122 6649
 6719 6717 6649
 6723 6731 3431
 3360 6723 3431
 6727 186 6735
 6732 6738 3494
 3279 6732 3494
 186 248 6736
 248 6742 6736
 6739 6745 3557
 3280 6739 3557
 6746 6752 3619
 3281 6746 3619
 6753 6760 3680
 3282 6753 3680
 6756 429 6764
 6761 6767 3740
 3283 6761 3740
 429 488 6765
 488 6770 6765
 6773 6650 6768
 488 547 6771
 547 6777 6771
 6774 6780 3859
 3285 6774 3859
 6781 6788 3918
 3286 6781 3918
 6784 663 6792
 6789 6795 3976
 3287 6789 3976
 663 720 6793
 720 6799 6793
 6796 6802 4034
 3288 6796 4034
 720 776 6800
 776 6806 6800
 6803 6809 4091
 3289 6803 4091
 6815 6823 4202
 3361 6815 4202
 6819 941 6827
 6824 6830 4257
 3291 6824 4257
 941 995 6828
 995 6834 6828
 6831 6837 4312
 3292 6831 4312
 6838 6844 4366
 3293 6838 4366
 6845 6852 4419
 3294 6845 4419
 6848 1152 6855
 1152 1204 6856
 1204 6862 6856
 6858 6865 4523
 3362 6858 4523
 1204 1255 6863
 1255 6869 6863
 6866 6872 4575
 3296 6866 4575
 6873 6880 4626
 3297 6873 4626
 6876 1355 6884
 6881 6887 4676
 3298 6881 4676
 1355 1404 6885
 1404 6891 6885
 6888 6894 4726
 3299 6888 4726
 1404 1452 6892
 1452 6898 6892
 6895 6901 4775
 3300 6895 4775
 6908 6651 6902
 6904 1547 6912
 6909 6915 4870
 3302 6909 4870
 1547 1594 6913
 1594 6919 6913
 6916 6922 4918
 3303 6916 4918
 1594 1640 6920
 1640 6926 6920
 6923 6929 4965
 3304 6923 4965
 6930 6936 5011
 3305 6930 5011
 6937 6944 5056
 3306 6937 5056
 6940 1773 6947
 6950 6652 6945
 1773 1817 6948
 1817 6954 6948
 6951 6957 5144
 3308 6951 5144
 6958 6964 5188
 3309 6958 5188
 6965 6972 5231
 3310 6965 5231
 6968 1944 6976
 6973 6979 5273
 3311 6973 5273
 1944 1985 6977
 1985 6983 6977
 6980 6986 5315
 3312 6980 5315
 1985 2025 6984
 2025 6989 6984
 6992 7000 5396
 3363 6992 5396
 6996 2105 7004
 7001 7007 5436
 3314 7001 5436
 2105 2144 7005
 2144 7011 7005
 7008 7014 5476
 3315 7008 5476
 2144 2182 7012
 2182 7018 7012
 7015 7021 5515
 3316 7015 5515
 7022 7028 5553
 3317 7022 5553
 7031 2292 7039
 7035 7042 5626
 3364 7035 5626
 2292 2328 7040
 2328 7046 7040
 7043 7049 5663
 3319 7043 5663
 7050 7056 5699
 3320 7050 5699
 7057 7064 5734
 3321 7057 5734
 7060 2431 7068
 7065 7071 5768
 3322 7065 5768
 2431 2464 7069
 2464 7075 7069
 7072 7078 5802
 3323 7072 5802
 7084 6653 7079
 7085 7092 5867
 3325 7085 5867
 7088 2560 7096
 7093 7099 5899
 3326 7093 5899
 2560 2591 7097
 2591 7103 7097
 7100 7106 5931
 3327 7100 5931
 2591 2621 7104
 2621 7110 7104
 7107 7113 5962
 3328 7107 5962
 7114 7121 5992
 3329 7114 5992
 7117 2679 7124
 7127 6654 7122
 2679 2708 7125
 2708 7131 7125
 7128 7134 6050
 3331 7128 6050
 2708 2736 7132
 2736 7138 7132
 7135 7141 6079
 3332 7135 6079
 7142 7148 6107
 3333 7142 6107
 7149 7156 6134
 3334 7149 6134
 7152 2815 7160
 7157 7163 6160
 3335 7157 6160
 2815 2840 7161
 2840 7166 7161
 7169 7176 6211
 3365 7169 6211
 7177 7184 6236
 3337 7177 6236
 7180 2913 7188
 7185 7191 6260
 3338 7185 6260
 2913 2936 7189
 2936 7195 7189
 7192 7198 6284
 3339 7192 6284
 7199 7205 6307
 3340 7199 6307
 7208 3001 7216
 7212 7219 6350
 3366 7212 6350
 3001 3022 7217
 3022 7223 7217
 7220 7226 6372
 3342 7220 6372
 3022 3042 7224
 3042 7230 7224
 7227 7233 6393
 3343 7227 6393
 7234 7241 6413
 3344 7234 6413
 7237 3080 7245
 7242 7248 6432
 3345 7242 6432
 3080 3098 7246
 3098 7251 7246
 3098 3116 7252
 3116 7258 7252
 7254 7261 6469
 3367 7254 6469
 7262 7268 6487
 3347 7262 6487
 7269 7276 6504
 3348 7269 6504
 7272 3165 7280
 7277 7283 6520
 3349 7277 6520
 3165 3180 7281
 3180 7287 7281
 7284 7290 6536
 3350 7284 6536
 7291 7297 6551
 3351 7291 6551
 7304 6655 7298
 7300 3221 7308
 7305 7311 6578
 3353 7305 6578
 3221 3234 7309
 3234 7315 7309
 7312 7318 6592
 3354 7312 6592
 3234 3246 7316
 3246 7322 7316
 7319 7325 6605
 3355 7319 6605
 7326 7333 6617
 3356 7326 6617
 7329 3268 7337
 7334 7340 6628
 3357 7334 6628
 3268 3278 7338
 3278 7353 7338
 7341 7355 6639
 3358 7341 6639
 7343 7357 6640
 3269 7343 6640
 7344 7359 6641
 3270 7344 6641
 7345 7361 6642
 3271 7345 6642
 7346 7363 6643
 3272 7346 6643
 7347 7365 6644
 3273 7347 6644
 7348 7367 6645
 3274 7348 6645
 7349 7369 6646
 3275 7349 6646
 7350 7371 6647
 3276 7350 6647
 7351 7374 6648
 3277 7351 6648</DataArray>
            <DataArray Name="offsets" format="ascii" type="Int32">3 6 9 12 15 18 21 24 27 30 33 36 39 42 45 48 51 54 57 60 63 66 69 72 75 78 81 84 87 90 93 96 99 102 105 108 111 114 117 120 123 126 129 132 135 138 141 144 147 150 153 156 159 162 165 168 171 174 177 180 183 186 189 192 195 198 201 204 207 210 213 216 219 222 225 228 231 234 237 240 243 246 249 252 255 258 261 264 267 270 273 276 279 282 285 288 291 294 297 300 303 306 309 312 315 318 321 324 327 330 333 336 339 342 345 348 351 354 357 360 363 366 369 372 375 378 381 384 387 390 393 396 399 402 405 408 411 414 417 420 423 426 429 432 435 438 441 444 447 450 453 456 459 462 465 468 471 474 477 480 483 486 489 492 495 498 501 504 507 510 513 516 519 522 525 528 531 534 537 540 543 546 549 552 555 558 561 564 567 570 573 576 579 582 585 588 591 594 597 600 603 606 609 612 615 618 621 624 627 630 633 636 639 642 645 648 651 654 657 660 663 666 669 672 675 678 681 684 687 690 693 696 699 702 705 708 711 714 717 720 723 726 729 732 735 738 741 744 747 750 753 756 759 762 765 768 771 774 777 780 783 786 789 792 795 798 801 804 807 810 813 816 819 822 825 828 831 834 837 840 843 846 849 852 855 858 861 864 867 870 873 876 879 882 885 888 891 894 897 900 903 906 909 912 915 918 921 924 927 930 933 936 939 942 945 948 951 954 957 960 963 966 969 972 975 978 981 984 987 990 993 996 999 1002 1005 1008 1011 1014 1017 1020 1023 1026 1029 1032 1035 1038 1041 1044 1047 1050 1053 1056 1059 1062 1065 1068 1071 1074 1077 1080 1083 1086 1089 1092 1095 1098 1101 1104 1107 1110 1113 1116 1119 1122 1125 1128 1131 1134 1137 1140 1143 1146 1149 1152 1155 1158 1161 1164 1167 1170 1173 1176 1179 1182 1185 1188 1191 1194 1197 1200 1203 1206 1209 1212 1215 1218 1221 1224 1227 1230 1233 1236 1239 1242 1245 1248 1251 1254 1257 1260 1263 1266 1269 1272 1275 1278 1281 1284 1287 1290 1293 1296 1299 1302 1305 1308 1311 1314 1317 1320 1323 1326 1329 1332 1335 1338 1341 1344 1347 1350 1353 1356 1359 1362 1365 1368 1371 1374 1377 1380 1383 1386 1389 1392 1395 1398 1401 1404 1407 1410 1413 1416 1419 1422 1425 1428 1431 1434 1437 1440 1443 1446 1449 1452 1455 1458 1461 1464 1467 1470 1473 1476 1479 1482 1485 1488 1491 1494 1497 1500 1503 1506 1509 1512 1515 1518 1521 1524 1527 1530 1533 1536 1539 1542 1545 1548 1551 1554 1557 1560 1563 1566 1569 1572 1575 1578 1581 1584 1587 1590 1593 1596 1599 1602 1605 1608 1611 1614 1617 1620 1623 1626 1629 1632 1635 1638 1641 1644 1647 1650 1653 1656 1659 1662 1665 1668 1671 1674 1677 1680 1683 1686 1689 1692 1695 1698 1701 1704 1707 1710 1713 1716 1719 1722 1725 1728 1731 1734 1737 1740 1743 1746 1749 1752 1755 1758 1761 1764 1767 1770 1773 1776 1779 1782 1785 1788 1791 1794 1797 1800 1803 1806 1809 1812 1815 1818 1821 1824 1827 1830 1833 1836 1839 1842 1845 1848 1851 1854 1857 1860 1863 1866 1869 1872 1875 1878 1881 1884 1887 1890 1893 1896 1899 1902 1905 1908 1911 1914 1917 1920 1923 1926 1929 1932 1935 1938 1941 1944 1947 1950 1953 1956 1959 1962 1965 1968 1971 1974 1977 1980 1983 1986 1989 1992 1995 1998 2001 2004 2007 2010 2013 2016 2019 2022 2025 2028 2031 2034 2037 2040 2043 2046 2049 2052 2055 2058 2061 2064 2067 2070 2073 2076 2079 2082 2085 2088 2091 2094 2097 2100 2103 2106 2109 2112 2115 2118 2121 2124 2127 2130 2133 2136 2139 2142 2145 2148 2151 2154 2157 2160 2163 2166 2169 2172 2175 2178 2181 2184 2187 2190 2193 2196 2199 2202 2205 2208 2211 2214 2217 2220 2223 2226 2229 2232 2235 2238 2241 2244 2247 2250 2253 2256 2259 2262 2265 2268 2271 2274 2277 2280 2283 2286 2289 2292 2295 2298 2301 2304 2307 2310 2313 2316 2319 2322 2325 2328 2331 2334 2337 2340 2343 2346 2349 2352 2355 2358 2361 2364 2367 2370 2373 2376 2379 2382 2385 2388 2391 2394 2397 2400 2403 2406 2409 2412 2415 2418 2421 2424 2427 2430 2433 2436 2439 2442 2445 2448 2451 2454 2457 2460 2463 2466 2469 2472 2475 2478 2481 2484 2487 2490 2493 2496 2499 2502 2505 2508 2511 2514 2517 2520 2523 2526 2529 2532 2535 2538 2541 2544 2547 2550 2553 2556 2559 2562 2565 2568 2571 2574 2577 2580 2583 2586 2589 2592 2595 2598 2601 2604 2607 2610 2613 2616 2619 2622 2625 2628 2631 2634 2637 2640 2643 2646 2649 2652 2655 2658 2661 2664 2667 2670 2673 2676 2679 2682 2685 2688 2691 2694 2697 2700 2703 2706 2709 2712 2715 2718 2721 2724 2727 2730 2733 2736 2739 2742 2745 2748 2751 2754 2757 2760 2763 2766 2769 2772 2775 2778 2781 2784 2787 2790 2793 2796 2799 2802 2805 2808 2811 2814 2817 2820 2823 2826 2829 2832 2835 2838 2841 2844 2847 2850 2853 2856 2859 2862 2865 2868 2871 2874 2877 2880 2883 2886 2889 2892 2895 2898 2901 2904 2907 2910 2913 2916 2919 2922 2925 2928 2931 2934 2937 2940 2943 2946 2949 2952 2955 2958 2961 2964 2967 2970 2973 2976 2979 2982 2985 2988 2991 2994 2997 3000 3003 3006 3009 3012 3015 3018 3021 3024 3027 3030 3033 3036 3039 3042 3045 3048 3051 3054 3057 3060 3063 3066 3069 3072 3075 3078 3081 3084 3087 3090 3093 3096 3099 3102 3105 3108 3111 3114 3117 3120 3123 3126 3129 3132 3135 3138 3141 3144 3147 3150 3153 3156 3159 3162 3165 3168 3171 3174 3177 3180 3183 3186 3189 3192 3195 3198 3201 3204 3207 3210 3213 3216 3219 3222 3225 3228 3231 3234 3237 3240 3243 3246 3249 3252 3255 3258 3261 3264 3267 3270 3273 3276 3279 3282 3285 3288 3291 3294 3297 3300 3303 3306 3309 3312 3315 3318 3321 3324 3327 3330 3333 3336 3339 3342 3345 3348 3351 3354 3357 3360 3363 3366 3369 3372 3375 3378 3381 3384 3387 3390 3393 3396 3399 3402 3405 3408 3411 3414 3417 3420 3423 3426 3429 3432 3435 3438 3441 3444 3447 3450 3453 3456 3459 3462 3465 3468 3471 3474 3477 3480 3483 3486 3489 3492 3495 3498 3501 3504 3507 3510 3513 3516 3519 3522 3525 3528 3531 3534 3537 3540 3543 3546 3549 3552 3555 3558 3561 3564 3567 3570 3573 3576 3579 3582 3585 3588 3591 3594 3597 3600 3603 3606 3609 3612 3615 3618 3621 3624 3627 3630 3633 3636 3639 3642 3645 3648 3651 3654 3657 3660 3663 3666 3669 3672 3675 3678 3681 3684 3687 3690 3693 3696 3699 3702 3705 3708 3711 3714 3717 3720 3723 3726 3729 3732 3735 3738 3741 3744 3747 3750 3753 3756 3759 3762 3765 3768 3771 3774 3777 3780 3783 3786 3789 3792 3795 3798 3801 3804 3807 3810 3813 3816 3819 3822 3825 3828 3831 3834 3837 3840 3843 3846 3849 3852 3855 3858 3861 3864 3867 3870 3873 3876 3879 3882 3885 3888 3891 3894 3897 3900 3903 3906 3909 3912 3915 3918 3921 3924 3927 3930 3933 3936 3939 3942 3945 3948 3951 3954 3957 3960 3963 3966 3969 3972 3975 3978 3981 3984 3987 3990 3993 3996 3999 4002 4005 4008 4011 4014 4017 4020 4023 4026 4029 4032 4035 4038 4041 4044 4047 4050 4053 4056 4059 4062 4065 4068 4071 4074 4077 4080 4083 4086 4089 4092 4095 4098 4101 4104 4107 4110 4113 4116 4119 4122 4125 4128 4131 4134 4137 4140 4143 4146 4149 4152 4155 4158 4161 4164 4167 4170 4173 4176 4179 4182 4185 4188 4191 4194 4197 4200 4203 4206 4209 4212 4215 4218 4221 4224 4227 4230 4233 4236 4239 4242 4245 4248 4251 4254 4257 4260 4263 4266 4269 4272 4275 4278 4281 4284 4287 4290 4293 4296 4299 4302 4305 4308 4311 4314 4317 4320 4323 4326 4329 4332 4335 4338 4341 4344 4347 4350 4353 4356 4359 4362 4365 4368 4371 4374 4377 4380 4383 4386 4389 4392 4395 4398 4401 4404 4407 4410 4413 4416 4419 4422 4425 4428 4431 4434 4437 4440 4443 4446 4449 4452 4455 4458 4461 4464 4467 4470 4473 4476 4479 4482 4485 4488 4491 4494 4497 4500 4503 4506 4509 4512 4515 4518 4521 4524 4527 4530 4533 4536 4539 4542 4545 4548 4551 4554 4557 4560 4563 4566 4569 4572 4575 4578 4581 4584 4587 4590 4593 4596 4599 4602 4605 4608 4611 4614 4617 4620 4623 4626 4629 4632 4635 4638 4641 4644 4647 4650 4653 4656 4659 4662 4665 4668 4671 4674 4677 4680 4683 4686 4689 4692 4695 4698 4701 4704 4707 4710 4713 4716 4719 4722 4725 4728 4731 4734 4737 4740 4743 4746 4749 4752 4755 4758 4761 4764 4767 4770 4773 4776 4779 4782 4785 4788 4791 4794 4797 4800 4803 4806 4809 4812 4815 4818 4821 4824 4827 4830 4833 4836 4839 4842 4845 4848 4851 4854 4857 4860 4863 4866 4869 4872 4875 4878 4881 4884 4887 4890 4893 4896 4899 4902 4905 4908 4911 4914 4917 4920 4923 4926 4929 4932 4935 4938 4941 4944 4947 4950 4953 4956 4959 4962 4965 4968 4971 4974 4977 4980 4983 4986 4989 4992 4995 4998 5001 5004 5007 5010 5013 5016 5019 5022 5025 5028 5031 5034 5037 5040 5043 5046 5049 5052 5055 5058 5061 5064 5067 5070 5073 5076 5079 5082 5085 5088 5091 5094 5097 5100 5103 5106 5109 5112 5115 5118 5121 5124 5127 5130 5133 5136 5139 5142 5145 5148 5151 5154 5157 5160 5163 5166 5169 5172 5175 5178 5181 5184 5187 5190 5193 5196 5199 5202 5205 5208 5211 5214 5217 5220 5223 5226 5229 5232 5235 5238 5241 5244 5247 5250 5253 5256 5259 5262 5265 5268 5271 5274 5277 5280 5283 5286 5289 5292 5295 5298 5301 5304 5307 5310 5313 5316 5319 5322 5325 5328 5331 5334 5337 5340 5343 5346 5349 5352 5355 5358 5361 5364 5367 5370 5373 5376 5379 5382 5385 5388 5391 5394 5397 5400 5403 5406 5409 5412 5415 5418 5421 5424 5427 5430 5433 5436 5439 5442 5445 5448 5451 5454 5457 5460 5463 5466 5469 5472 5475 5478 5481 5484 5487 5490 5493 5496 5499 5502 5505 5508 5511 5514 5517 5520 5523 5526 5529 5532 5535 5538 5541 5544 5547 5550 5553 5556 5559 5562 5565 5568 5571 5574 5577 5580 5583 5586 5589 5592 5595 5598 5601 5604 5607 5610 5613 5616 5619 5622 5625 5628 5631 5634 5637 5640 5643 5646 5649 5652 5655 5658 5661 5664 5667 5670 5673 5676 5679 5682 5685 5688 5691 5694 5697 5700 5703 5706 5709 5712 5715 5718 5721 5724 5727 5730 5733 5736 5739 5742 5745 5748 5751 5754 5757 5760 5763 5766 5769 5772 5775 5778 5781 5784 5787 5790 5793 5796 5799 5802 5805 5808 5811 5814 5817 5820 5823 5826 5829 5832 5835 5838 5841 5844 5847 5850 5853 5856 5859 5862 5865 5868 5871 5874 5877 5880 5883 5886 5889 5892 5895 5898 5901 5904 5907 5910 5913 5916 5919 5922 5925 5928 5931 5934 5937 5940 5943 5946 5949 5952 5955 5958 5961 5964 5967 5970 5973 5976 5979 5982 5985 5988 5991 5994 5997 6000 6003 6006 6009 6012 6015 6018 6021 6024 6027 6030 6033 6036 6039 6042 6045 6048 6051 6054 6057 6060 6063 6066 6069 6072 6075 6078 6081 6084 6087 6090 6093 6096 6099 6102 6105 6108 6111 6114 6117 6120 6123 6126 6129 6132 6135 6138 6141 6144 6147 6150 6153 6156 6159 6162 6165 6168 6171 6174 6177 6180 6183 6186 6189 6192 6195 6198 6201 6204 6207 6210 6213 6216 6219 6222 6225 6228 6231 6234 6237 6240 6243 6246 6249 6252 6255 6258 6261 6264 6267 6270 6273 6276 6279 6282 6285 6288 6291 6294 6297 6300 6303 6306 6309 6312 6315 6318 6321 6324 6327 6330 6333 6336 6339 6342 6345 6348 6351 6354 6357 6360 6363 6366 6369 6372 6375 6378 6381 6384 6387 6390 6393 6396 6399 6402 6405 6408 6411 6414 6417 6420 6423 6426 6429 6432 6435 6438 6441 6444 6447 6450 6453 6456 6459 6462 6465 6468 6471 6474 6477 6480 6483 6486 6489 6492 6495 6498 6501 6504 6507 6510 6513 6516 6519 6522 6525 6528 6531 6534 6537 6540 6543 6546 6549 6552 6555 6558 6561 6564 6567 6570 6573 6576 6579 6582 6585 6588 6591 6594 6597 6600 6603 6606 6609 6612 6615 6618 6621 6624 6627 6630 6633 6636 6639 6642 6645 6648 6651 6654 6657 6660 6663 6666 6669 6672 6675 6678 6681 6684 6687 6690 6693 6696 6699 6702 6705 6708 6711 6714 6717 6720 6723 6726 6729 6732 6735 6738 6741 6744 6747 6750 6753 6756 6759 6762 6765 6768 6771 6774 6777 6780 6783 6786 6789 6792 6795 6798 6801 6804 6807 6810 6813 6816 6819 6822 6825 6828 6831 6834 6837 6840 6843 6846 6849 6852 6855 6858 6861 6864 6867 6870 6873 6876 6879 6882 6885 6888 6891 6894 6897 6900 6903 6906 6909 6912 6915 6918 6921 6924 6927 6930 6933 6936 6939 6942 6945 6948 6951 6954 6957 6960 6963 6966 6969 6972 6975 6978 6981 6984 6987 6990 6993 6996 6999 7002 7005 7008 7011 7014 7017 7020 7023 7026 7029 7032 7035 7038 7041 7044 7047 7050 7053 7056 7059 7062 7065 7068 7071 7074 7077 7080 7083 7086 7089 7092 7095 7098 7101 7104 7107 7110 7113 7116 7119 7122 7125 7128 7131 7134 7137 7140 7143 7146 7149 7152 7155 7158 7161 7164 7167 7170 7173 7176 7179 7182 7185 7188 7191 7194 7197 7200 7203 7206 7209 7212 7215 7218 7221 7224 7227 7230 7233 7236 7239 7242 7245 7248 7251 7254 7257 7260 7263 7266 7269 7272 7275 7278 7281 7284 7287 7290 7293 7296 7299 7302 7305 7308 7311 7314 7317 7320 7323 7326 7329 7332 7335 7338 7341 7344 7347 7350 7353 7356 7359 7362 7365 7368 7371 7374 7377 7380 7383 7386 7389 7392 7395 7398 7401 7404 7407 7410 7413 7416 7419 7422 7425 7428 7431 7434 7437 7440 7443 7446 7449 7452 7455 7458 7461 7464 7467 7470 7473 7476 7479 7482 7485 7488 7491 7494 7497 7500 7503 7506 7509 7512 7515 7518 7521 7524 7527 7530 7533 7536 7539 7542 7545 7548 7551 7554 7557 7560 7563 7566 7569 7572 7575 7578 7581 7584 7587 7590 7593 7596 7599 7602 7605 7608 7611 7614 7617 7620 7623 7626 7629 7632 7635 7638 7641 7644 7647 7650 7653 7656 7659 7662 7665 7668 7671 7674 7677 7680 7683 7686 7689 7692 7695 7698 7701 7704 7707 7710 7713 7716 7719 7722 7725 7728 7731 7734 7737 7740 7743 7746 7749 7752 7755 7758 7761 7764 7767 7770 7773 7776 7779 7782 7785 7788 7791 7794 7797 7800 7803 7806 7809 7812 7815 7818 7821 7824 7827 7830 7833 7836 7839 7842 7845 7848 7851 7854 7857 7860 7863 7866 7869 7872 7875 7878 7881 7884 7887 7890 7893 7896 7899 7902 7905 7908 7911 7914 7917 7920 7923 7926 7929 7932 7935 7938 7941 7944 7947 7950 7953 7956 7959 7962 7965 7968 7971 7974 7977 7980 7983 7986 7989 7992 7995 7998 8001 8004 8007 8010 8013 8016 8019 8022 8025 8028 8031 8034 8037 8040 8043 8046 8049 8052 8055 8058 8061 8064 8067 8070 8073 8076 8079 8082 8085 8088 8091 8094 8097 8100 8103 8106 8109 8112 8115 8118 8121 8124 8127 8130 8133 8136 8139 8142 8145 8148 8151 8154 8157 8160 8163 8166 8169 8172 8175 8178 8181 8184 8187 8190 8193 8196 8199 8202 8205 8208 8211 8214 8217 8220 8223 8226 8229 8232 8235 8238 8241 8244 8247 8250 8253 8256 8259 8262 8265 8268 8271 8274 8277 8280 8283 8286 8289 8292 8295 8298 8301 8304 8307 8310 8313 8316 8319 8322 8325 8328 8331 8334 8337 8340 8343 8346 8349 8352 8355 8358 8361 8364 8367 8370 8373 8376 8379 8382 8385 8388 8391 8394 8397 8400 8403 8406 8409 8412 8415 8418 8421 8424 8427 8430 8433 8436 8439 8442 8445 8448 8451 8454 8457 8460 8463 8466 8469 8472 8475 8478 8481 8484 8487 8490 8493 8496 8499 8502 8505 8508 8511 8514 8517 8520 8523 8526 8529 8532 8535 8538 8541 8544 8547 8550 8553 8556 8559 8562 8565 8568 8571 8574 8577 8580 8583 8586 8589 8592 8595 8598 8601 8604 8607 8610 8613 8616 8619 8622 8625 8628 8631 8634 8637 8640 8643 8646 8649 8652 8655 8658 8661 8664 8667 8670 8673 8676 8679 8682 8685 8688 8691 8694 8697 8700 8703 8706 8709 8712 8715 8718 8721 8724 8727 8730 8733 8736 8739 8742 8745 8748 8751 8754 8757 8760 8763 8766 8769 8772 8775 8778 8781 8784 8787 8790 8793 8796 8799 8802 8805 8808 8811 8814 8817 8820 8823 8826 8829 8832 8835 8838 8841 8844 8847 8850 8853 8856 8859 8862 8865 8868 8871 8874 8877 8880 8883 8886 8889 8892 8895 8898 8901 8904 8907 8910 8913 8916 8919 8922 8925 8928 8931 8934 8937 8940 8943 8946 8949 8952 8955 8958 8961 8964 8967 8970 8973 8976 8979 8982 8985 8988 8991 8994 8997 9000 9003 9006 9009 9012 9015 9018 9021 9024 9027 9030 9033 9036 9039 9042 9045 9048 9051 9054 9057 9060 9063 9066 9069 9072 9075 9078 9081 9084 9087 9090 9093 9096 9099 9102 9105 9108 9111 9114 9117 9120 9123 9126 9129 9132 9135 9138 9141 9144 9147 9150 9153 9156 9159 9162 9165 9168 9171 9174 9177 9180 9183 9186 9189 9192 9195 9198 9201 9204 9207 9210 9213 9216 9219 9222 9225 9228 9231 9234 9237 9240 9243 9246 9249 9252 9255 9258 9261 9264 9267 9270 9273 9276 9279 9282 9285 9288 9291 9294 9297 9300 9303 9306 9309 9312 9315 9318 9321 9324 9327 9330 9333 9336 9339 9342 9345 9348 9351 9354 9357 9360 9363 9366 9369 9372 9375 9378 9381 9384 9387 9390 9393 9396 9399 9402 9405 9408 9411 9414 9417 9420 9423 9426 9429 9432 9435 9438 9441 9444 9447 9450 9453 9456 9459 9462 9465 9468 9471 9474 9477 9480 9483 9486 9489 9492 9495 9498 9501 9504 9507 9510 9513 9516 9519 9522 9525 9528 9531 9534 9537 9540 9543 9546 9549 9552 9555 9558 9561 9564 9567 9570 9573 9576 9579 9582 9585 9588 9591 9594 9597 9600 9603 9606 9609 9612 9615 9618 9621 9624 9627 9630 9633 9636 9639 9642 9645 9648 9651 9654 9657 9660 9663 9666 9669 9672 9675 9678 9681 9684 9687 9690 9693 9696 9699 9702 9705 9708 9711 9714 9717 9720 9723 9726 9729 9732 9735 9738 9741 9744 9747 9750 9753 9756 9759 9762 9765 9768 9771 9774 9777 9780 9783 9786 9789 9792 9795 9798 9801 9804 9807 9810 9813 9816 9819 9822 9825 9828 9831 9834 9837 9840 9843 9846 9849 9852 9855 9858 9861 9864 9867 9870 9873 9876 9879 9882 9885 9888 9891 9894 9897 9900 9903 9906 9909 9912 9915 9918 9921 9924 9927 9930 9933 9936 9939 9942 9945 9948 9951 9954 9957 9960 9963 9966 9969 9972 9975 9978 9981 9984 9987 9990 9993 9996 9999 10002 10005 10008 10011 10014 10017 10020 10023 10026 10029 10032 10035 10038 10041 10044 10047 10050 10053 10056 10059 10062 10065 10068 10071 10074 10077 10080 10083 10086 10089 10092 10095 10098 10101 10104 10107 10110 10113 10116 10119 10122 10125 10128 10131 10134 10137 10140 10143 10146 10149 10152 10155 10158 10161 10164 10167 10170 10173 10176 10179 10182 10185 10188 10191 10194 10197 10200 10203 10206 10209 10212 10215 10218 10221 10224 10227 10230 10233 10236 10239 10242 10245 10248 10251 10254 10257 10260 10263 10266 10269 10272 10275 10278 10281 10284 10287 10290 10293 10296 10299 10302 10305 10308 10311 10314 10317 10320 10323 10326 10329 10332 10335 10338 10341 10344 10347 10350 10353 10356 10359 10362 10365 10368 10371 10374 10377 10380 10383 10386 10389 10392 10395 10398 10401 10404 10407 10410 10413 10416 10419 10422 10425 10428 10431 10434 10437 10440 10443 10446 10449 10452 10455 10458 10461 10464 10467 10470 10473 10476 10479 10482 10485 10488 10491 10494 10497 10500 10503 10506 10509 10512 10515 10518 10521 10524 10527 10530 10533 10536 10539 10542 10545 10548 10551 10554 10557 10560 10563 10566 10569 10572 10575 10578 10581 10584 10587 10590 10593 10596 10599 10602 10605 10608 10611 10614 10617 10620 10623 10626 10629 10632 10635 10638 10641 10644 10647 10650 10653 10656 10659 10662 10665 10668 10671 10674 10677 10680 10683 10686 10689 10692 10695 10698 10701 10704 10707 10710 10713 10716 10719 10722 10725 10728 10731 10734 10737 10740 10743 10746 10749 10752 10755 10758 10761 10764 10767 10770 10773 10776 10779 10782 10785 10788 10791 10794 10797 10800 10803 10806 10809 10812 10815 10818 10821 10824 10827 10830 10833 10836 10839 10842 10845 10848 10851 10854 10857 10860 10863 10866 10869 10872 10875 10878 10881 10884 10887 10890 10893 10896 10899 10902 10905 10908 10911 10914 10917 10920 10923 10926 10929 10932 10935 10938 10941 10944 10947 10950 10953 10956 10959 10962 10965 10968 10971 10974 10977 10980 10983 10986 10989 10992 10995 10998 11001 11004 11007 11010 11013 11016 11019 11022 11025 11028 11031 11034 11037 11040 11043 11046 11049 11052 11055 11058 11061 11064 11067 11070 11073 11076 11079 11082 11085 11088 11091 11094 11097 11100 11103 11106 11109 11112 11115 11118 11121 11124 11127 11130 11133 11136 11139 11142 11145 11148 11151 11154 11157 11160 11163 11166 11169 11172 11175 11178 11181 11184 11187 11190 11193 11196 11199 11202 11205 11208 11211 11214 11217 11220 11223 11226 11229 11232 11235 11238 11241 11244 11247 11250 11253 11256 11259 11262 11265 11268 11271 11274 11277 11280 11283 11286 11289 11292 11295 11298 11301 11304 11307 11310 11313 11316 11319 11322 11325 11328 11331 11334 11337 11340 11343 11346 11349 11352 11355 11358 11361 11364 11367 11370 11373 11376 11379 11382 11385 11388 11391 11394 11397 11400 11403 11406 11409 11412 11415 11418 11421 11424 11427 11430 11433 11436 11439 11442 11445 11448 11451 11454 11457 11460 11463 11466 11469 11472 11475 11478 11481 11484 11487 11490 11493 11496 11499 11502 11505 11508 11511 11514 11517 11520 11523 11526 11529 11532 11535 11538 11541 11544 11547 11550 11553 11556 11559 11562 11565 11568 11571 11574 11577 11580 11583 11586 11589 11592 11595 11598 11601 11604 11607 11610 11613 11616 11619 11622 11625 11628 11631 11634 11637 11640 11643 11646 11649 11652 11655 11658 11661 11664 11667 11670 11673 11676 11679 11682 11685 11688 11691 11694 11697 11700 11703 11706 11709 11712 11715 11718 11721 11724 11727 11730 11733 11736 11739 11742 11745 11748 11751 11754 11757 11760 11763 11766 11769 11772 11775 11778 11781 11784 11787 11790 11793 11796 11799 11802 11805 11808 11811 11814 11817 11820 11823 11826 11829 11832 11835 11838 11841 11844 11847 11850 11853 11856 11859 11862 11865 11868 11871 11874 11877 11880 11883 11886 11889 11892 11895 11898 11901 11904 11907 11910 11913 11916 11919 11922 11925 11928 11931 11934 11937 11940 11943 11946 11949 11952 11955 11958 11961 11964 11967 11970 11973 11976 11979 11982 11985 11988 11991 11994 11997 12000 12003 12006 12009 12012 12015 12018 12021 12024 12027 12030 12033 12036 12039 12042 12045 12048 12051 12054 12057 12060 12063 12066 12069 12072 12075 12078 12081 12084 12087 12090 12093 12096 12099 12102 12105 12108 12111 12114 12117 12120 12123 12126 12129 12132 12135 12138 12141 12144 12147 12150 12153 12156 12159 12162 12165 12168 12171 12174 12177 12180 12183 12186 12189 12192 12195 12198 12201 12204 12207 12210 12213 12216 12219 12222 12225 12228 12231 12234 12237 12240 12243 12246 12249 12252 12255 12258 12261 12264 12267 12270 12273 12276 12279 12282 12285 12288 12291 12294 12297 12300 12303 12306 12309 12312 12315 12318 12321 12324 12327 12330 12333 12336 12339 12342 12345 12348 12351 12354 12357 12360 12363 12366 12369 12372 12375 12378 12381 12384 12387 12390 12393 12396 12399 12402 12405 12408 12411 12414 12417 12420 12423 12426 12429 12432 12435 12438 12441 12444 12447 12450 12453 12456 12459 12462 12465 12468 12471 12474 12477 12480 12483 12486 12489 12492 12495 12498 12501 12504 12507 12510 12513 12516 12519 12522 12525 12528 12531 12534 12537 12540 12543 12546 12549 12552 12555 12558 12561 12564 12567 12570 12573 12576 12579 12582 12585 12588 12591 12594 12597 12600 12603 12606 12609 12612 12615 12618 12621 12624 12627 12630 12633 12636 12639 12642 12645 12648 12651 12654 12657 12660 12663 12666 12669 12672 12675 12678 12681 12684 12687 12690 12693 12696 12699 12702 12705 12708 12711 12714 12717 12720 12723 12726 12729 12732 12735 12738 12741 12744 12747 12750 12753 12756 12759 12762 12765 12768 12771 12774 12777 12780 12783 12786 12789 12792 12795 12798 12801 12804 12807 12810 12813 12816 12819 12822 12825 12828 12831 12834 12837 12840 12843 12846 12849 12852 12855 12858 12861 12864 12867 12870 12873 12876 12879 12882 12885 12888 12891 12894 12897 12900 12903 12906 12909 12912 12915 12918 12921 12924 12927 12930 12933 12936 12939 12942 12945 12948 12951 12954 12957 12960 12963 12966 12969 12972 12975 12978 12981 12984 12987 12990 12993 12996 12999 13002 13005 13008 13011 13014 13017 13020 13023 13026 13029 13032 13035 13038 13041 13044 13047 13050 13053 13056 13059 13062 13065 13068 13071 13074 13077 13080 13083 13086 13089 13092 13095 13098 13101 13104 13107 13110 13113 13116 13119 13122 13125 13128 13131 13134 13137 13140 13143 13146 13149 13152 13155 13158 13161 13164 13167 13170 13173 13176 13179 13182 13185 13188 13191 13194 13197 13200 13203 13206 13209 13212 13215 13218 13221 13224 13227 13230 13233 13236 13239 13242 13245 13248 13251 13254 13257 13260 13263 13266 13269 13272 13275 13278 13281 13284 13287 13290 13293 13296 13299 13302 13305 13308 13311 13314 13317 13320 13323 13326 13329 13332 13335 13338 13341 13344 13347 13350 13353 13356 13359 13362 13365 13368 13371 13374 13377 13380 13383 13386 13389 13392 13395 13398 13401 13404 13407 13410 13413 13416 13419 13422 13425 13428 13431 13434 13437 13440 13443 13446 13449 13452 13455 13458 13461 13464 13467 13470 13473 13476 13479 13482 13485 13488 13491 13494 13497 13500 13503 13506 13509 13512 13515 13518 13521 13524 13527 13530 13533 13536 13539 13542 13545 13548 13551 13554 13557 13560 13563 13566 13569 13572 13575 13578 13581 13584 13587 13590 13593 13596 13599 13602 13605 13608 13611 13614 13617 13620 13623 13626 13629 13632 13635 13638 13641 13644 13647 13650 13653 13656 13659 13662 13665 13668 13671 13674 13677 13680 13683 13686 13689 13692 13695 13698 13701 13704 13707 13710 13713 13716 13719 13722 13725 13728 13731 13734 13737 13740 13743 13746 13749 13752 13755 13758 13761 13764 13767 13770 13773 13776 13779 13782 13785 13788 13791 13794 13797 13800 13803 13806 13809 13812 13815 13818 13821 13824 13827 13830 13833 13836 13839 13842 13845 13848 13851 13854 13857 13860 13863 13866 13869 13872 13875 13878 13881 13884 13887 13890 13893 13896 13899 13902 13905 13908 13911 13914 13917 13920 13923 13926 13929 13932 13935 13938 13941 13944 13947 13950 13953 13956 13959 13962 13965 13968 13971 13974 13977 13980 13983 13986 13989 13992 13995 13998 14001 14004 14007 14010 14013 14016 14019 14022 14025 14028 14031 14034 14037 14040 14043 14046 14049 14052 14055 14058 14061 14064 14067 14070 14073 14076 14079 14082 14085 14088 14091 14094 14097 14100 14103 14106 14109 14112 14115 14118 14121 14124 14127 14130 14133 14136 14139 14142 14145 14148 14151 14154 14157 14160 14163 14166 14169 14172 14175 14178 14181 14184 14187 14190 14193 14196 14199 14202 14205 14208 14211 14214 14217 14220 14223 14226 14229 14232 14235 14238 14241 14244 14247 14250 14253 14256 14259 14262 14265 14268 14271 14274 14277 14280 14283 14286 14289 14292 14295 14298 14301 14304 14307 14310 14313 14316 14319 14322 14325 14328 14331 14334 14337 14340 14343 14346 14349 14352 14355 14358 14361 14364 14367 14370 14373 14376 14379 14382 14385 14388 14391 14394 14397 14400 14403 14406 14409 14412 14415 14418 14421 14424 14427 14430 14433 14436 14439 14442 14445 14448 14451 14454 14457 14460 14463 14466 14469 14472 14475 14478 14481 14484 14487 14490 14493 14496 14499 14502 14505 14508 14511 14514 14517 14520 14523 14526 14529 14532 14535 14538 14541 14544 14547 14550 14553 14556 14559 14562 14565 14568 14571 14574 14577 14580 14583 14586 14589 14592 14595 14598 14601 14604 14607 14610 14613 14616 14619 14622 14625 14628 14631 14634 14637 14640 14643 14646 14649 14652 14655 14658 14661 14664 14667 14670 14673 14676 14679 14682 14685 14688 14691 14694 14697 14700 14703 14706 14709 14712 14715 14718 14721 14724 14727 14730 14733 14736 14739 14742 14745 14748 14751 14754 14757 14760 14763 14766 14769 14772 14775 14778 14781 14784 14787 14790 14793 14796 14799 14802 14805 14808 14811 14814 14817 14820 14823 14826 14829 14832 14835 14838 14841 14844 14847 14850 14853 14856 14859 14862 14865 14868 14871 14874 14877 14880 14883 14886 14889 14892 14895 14898 14901 14904 14907 14910 14913 14916 14919 14922 14925 14928 14931 14934 14937 14940 14943 14946 14949 14952 14955 14958 14961 14964 14967 14970 14973 14976 14979 14982 14985 14988 14991 14994 14997 15000 15003 15006 15009 15012 15015 15018 15021 15024 15027 15030 15033 15036 15039 15042 15045 15048 15051 15054 15057 15060 15063 15066 15069 15072 15075 15078 15081 15084 15087 15090 15093 15096 15099 15102 15105 15108 15111 15114 15117 15120 15123 15126 15129 15132 15135 15138 15141 15144 15147 15150 15153 15156 15159 15162 15165 15168 15171 15174 15177 15180 15183 15186 15189 15192 15195 15198 15201 15204 15207 15210 15213 15216 15219 15222 15225 15228 15231 15234 15237 15240 15243 15246 15249 15252 15255 15258 15261 15264 15267 15270 15273 15276 15279 15282 15285 15288 15291 15294 15297 15300 15303 15306 15309 15312 15315 15318 15321 15324 15327 15330 15333 15336 15339 15342 15345 15348 15351 15354 15357 15360 15363 15366 15369 15372 15375 15378 15381 15384 15387 15390 15393 15396 15399 15402 15405 15408 15411 15414 15417 15420 15423 15426 15429 15432 15435 15438 15441 15444 15447 15450 15453 15456 15459 15462 15465 15468 15471 15474 15477 15480 15483 15486 15489 15492 15495 15498 15501 15504 15507 15510 15513 15516 15519 15522 15525 15528 15531 15534 15537 15540 15543 15546 15549 15552 15555 15558 15561 15564 15567 15570 15573 15576 15579 15582 15585 15588 15591 15594 15597 15600 15603 15606 15609 15612 15615 15618 15621 15624 15627 15630 15633 15636 15639 15642 15645 15648 15651 15654 15657 15660 15663 15666 15669 15672 15675 15678 15681 15684 15687 15690 15693 15696 15699 15702 15705 15708 15711 15714 15717 15720 15723 15726 15729 15732 15735 15738 15741 15744 15747 15750 15753 15756 15759 15762 15765 15768 15771 15774 15777 15780 15783 15786 15789 15792 15795 15798 15801 15804 15807 15810 15813 15816 15819 15822 15825 15828 15831 15834 15837 15840 15843 15846 15849 15852 15855 15858 15861 15864 15867 15870 15873 15876 15879 15882 15885 15888 15891 15894 15897 15900 15903 15906 15909 15912 15915 15918 15921 15924 15927 15930 15933 15936 15939 15942 15945 15948 15951 15954 15957 15960 15963 15966 15969 15972 15975 15978 15981 15984 15987 15990 15993 15996 15999 16002 16005 16008 16011 16014 16017 16020 16023 16026 16029 16032 16035 16038 16041 16044 16047 16050 16053 16056 16059 16062 16065 16068 16071 16074 16077 16080 16083 16086 16089 16092 16095 16098 16101 16104 16107 16110 16113 16116 16119 16122 16125 16128 16131 16134 16137 16140 16143 16146 16149 16152 16155 16158 16161 16164 16167 16170 16173 16176 16179 16182 16185 16188 16191 16194 16197 16200 16203 16206 16209 16212 16215 16218 16221 16224 16227 16230 16233 16236 16239 16242 16245 16248 16251 16254 16257 16260 16263 16266 16269 16272 16275 16278 16281 16284 16287 16290 16293 16296 16299 16302 16305 16308 16311 16314 16317 16320 16323 16326 16329 16332 16335 16338 16341 16344 16347 16350 16353 16356 16359 16362 16365 16368 16371 16374 16377 16380 16383 16386 16389 16392 16395 16398 16401 16404 16407 16410 16413 16416 16419 16422 16425 16428 16431 16434 16437 16440 16443 16446 16449 16452 16455 16458 16461 16464 16467 16470 16473 16476 16479 16482 16485 16488 16491 16494 16497 16500 16503 16506 16509 16512 16515 16518 16521 16524 16527 16530 16533 16536 16539 16542 16545 16548 16551 16554 16557 16560 16563 16566 16569 16572 16575 16578 16581 16584 16587 16590 16593 16596 16599 16602 16605 16608 16611 16614 16617 16620 16623 16626 16629 16632 16635 16638 16641 16644 16647 16650 16653 16656 16659 16662 16665 16668 16671 16674 16677 16680 16683 16686 16689 16692 16695 16698 16701 16704 16707 16710 16713 16716 16719 16722 16725 16728 16731 16734 16737 16740 16743 16746 16749 16752 16755 16758 16761 16764 16767 16770 16773 16776 16779 16782 16785 16788 16791 16794 16797 16800 16803 16806 16809 16812 16815 16818 16821 16824 16827 16830 16833 16836 16839 16842 16845 16848 16851 16854 16857 16860 16863 16866 16869 16872 16875 16878 16881 16884 16887 16890 16893 16896 16899 16902 16905 16908 16911 16914 16917 16920 16923 16926 16929 16932 16935 16938 16941 16944 16947 16950 16953 16956 16959 16962 16965 16968 16971 16974 16977 16980 16983 16986 16989 16992 16995 16998 17001 17004 17007 17010 17013 17016 17019 17022 17025 17028 17031 17034 17037 17040 17043 17046 17049 17052 17055 17058 17061 17064 17067 17070 17073 17076 17079 17082 17085 17088 17091 17094 17097 17100 17103 17106 17109 17112 17115 17118 17121 17124 17127 17130 17133 17136 17139 17142 17145 17148 17151 17154 17157 17160 17163 17166 17169 17172 17175 17178 17181 17184 17187 17190 17193 17196 17199 17202 17205 17208 17211 17214 17217 17220 17223 17226 17229 17232 17235 17238 17241 17244 17247 17250 17253 17256 17259 17262 17265 17268 17271 17274 17277 17280 17283 17286 17289 17292 17295 17298 17301 17304 17307 17310 17313 17316 17319 17322 17325 17328 17331 17334 17337 17340 17343 17346 17349 17352 17355 17358 17361 17364 17367 17370 17373 17376 17379 17382 17385 17388 17391 17394 17397 17400 17403 17406 17409 17412 17415 17418 17421 17424 17427 17430 17433 17436 17439 17442 17445 17448 17451 17454 17457 17460 17463 17466 17469 17472 17475 17478 17481 17484 17487 17490 17493 17496 17499 17502 17505 17508 17511 17514 17517 17520 17523 17526 17529 17532 17535 17538 17541 17544 17547 17550 17553 17556 17559 17562 17565 17568 17571 17574 17577 17580 17583 17586 17589 17592 17595 17598 17601 17604 17607 17610 17613 17616 17619 17622 17625 17628 17631 17634 17637 17640 17643 17646 17649 17652 17655 17658 17661 17664 17667 17670 17673 17676 17679 17682 17685 17688 17691 17694 17697 17700 17703 17706 17709 17712 17715 17718 17721 17724 17727 17730 17733 17736 17739 17742 17745 17748 17751 17754 17757 17760 17763 17766 17769 17772 17775 17778 17781 17784 17787 17790 17793 17796 17799 17802 17805 17808 17811 17814 17817 17820 17823 17826 17829 17832 17835 17838 17841 17844 17847 17850 17853 17856 17859 17862 17865 17868 17871 17874 17877 17880 17883 17886 17889 17892 17895 17898 17901 17904 17907 17910 17913 17916 17919 17922 17925 17928 17931 17934 17937 17940 17943 17946 17949 17952 17955 17958 17961 17964 17967 17970 17973 17976 17979 17982 17985 17988 17991 17994 17997 18000 18003 18006 18009 18012 18015 18018 18021 18024 18027 18030 18033 18036 18039 18042 18045 18048 18051 18054 18057 18060 18063 18066 18069 18072 18075 18078 18081 18084 18087 18090 18093 18096 18099 18102 18105 18108 18111 18114 18117 18120 18123 18126 18129 18132 18135 18138 18141 18144 18147 18150 18153 18156 18159 18162 18165 18168 18171 18174 18177 18180 18183 18186 18189 18192 18195 18198 18201 18204 18207 18210 18213 18216 18219 18222 18225 18228 18231 18234 18237 18240 18243 18246 18249 18252 18255 18258 18261 18264 18267 18270 18273 18276 18279 18282 18285 18288 18291 18294 18297 18300 18303 18306 18309 18312 18315 18318 18321 18324 18327 18330 18333 18336 18339 18342 18345 18348 18351 18354 18357 18360 18363 18366 18369 18372 18375 18378 18381 18384 18387 18390 18393 18396 18399 18402 18405 18408 18411 18414 18417 18420 18423 18426 18429 18432 18435 18438 18441 18444 18447 18450 18453 18456 18459 18462 18465 18468 18471 18474 18477 18480 18483 18486 18489 18492 18495 18498 18501 18504 18507 18510 18513 18516 18519 18522 18525 18528 18531 18534 18537 18540 18543 18546 18549 18552 18555 18558 18561 18564 18567 18570 18573 18576 18579 18582 18585 18588 18591 18594 18597 18600 18603 18606 18609 18612 18615 18618 18621 18624 18627 18630 18633 18636 18639 18642 18645 18648 18651 18654 18657 18660 18663 18666 18669 18672 18675 18678 18681 18684 18687 18690 18693 18696 18699 18702 18705 18708 18711 18714 18717 18720 18723 18726 18729 18732 18735 18738 18741 18744 18747 18750 18753 18756 18759 18762 18765 18768 18771 18774 18777 18780 18783 18786 18789 18792 18795 18798 18801 18804 18807 18810 18813 18816 18819 18822 18825 18828 18831 18834 18837 18840 18843 18846 18849 18852 18855 18858 18861 18864 18867 18870 18873 18876 18879 18882 18885 18888 18891 18894 18897 18900 18903 18906 18909 18912 18915 18918 18921 18924 18927 18930 18933 18936 18939 18942 18945 18948 18951 18954 18957 18960 18963 18966 18969 18972 18975 18978 18981 18984 18987 18990 18993 18996 18999 19002 19005 19008 19011 19014 19017 19020 19023 19026 19029 19032 19035 19038 19041 19044 19047 19050 19053 19056 19059 19062 19065 19068 19071 19074 19077 19080 19083 19086 19089 19092 19095 19098 19101 19104 19107 19110 19113 19116 19119 19122 19125 19128 19131 19134 19137 19140 19143 19146 19149 19152 19155 19158 19161 19164 19167 19170 19173 19176 19179 19182 19185 19188 19191 19194 19197 19200 19203 19206 19209 19212 19215 19218 19221 19224 19227 19230 19233 19236 19239 19242 19245 19248 19251 19254 19257 19260 19263 19266 19269 19272 19275 19278 19281 19284 19287 19290 19293 19296 19299 19302 19305 19308 19311 19314 19317 19320 19323 19326 19329 19332 19335 19338 19341 19344 19347 19350 19353 19356 19359 19362 19365 19368 19371 19374 19377 19380 19383 19386 19389 19392 19395 19398 19401 19404 19407 19410 19413 19416 19419 19422 19425 19428 19431 19434 19437 19440 19443 19446 19449 19452 19455 19458 19461 19464 19467 19470 19473 19476 19479 19482 19485 19488 19491 19494 19497 19500 19503 19506 19509 19512 19515 19518 19521 19524 19527 19530 19533 19536 19539 19542 19545 19548 19551 19554 19557 19560 19563 19566 19569 19572 19575 19578 19581 19584 19587 19590 19593 19596 19599 19602 19605 19608 19611 19614 19617 19620 19623 19626 19629 19632 19635 19638 19641 19644 19647 19650 19653 19656 19659 19662 19665 19668 19671 19674 19677 19680 19683 19686 19689 19692 19695 19698 19701 19704 19707 19710 19713 19716 19719 19722 19725 19728 19731 19734 19737 19740 19743 19746 19749 19752 19755 19758 19761 19764 19767 19770 19773 19776 19779 19782 19785 19788 19791 19794 19797 19800 19803 19806 19809 19812 19815 19818 19821 19824 19827 19830 19833 19836 19839 19842 19845 19848 19851 19854 19857 19860 19863 19866 19869 19872 19875 19878 19881 19884 19887 19890 19893 19896 19899 19902 19905 19908 19911 19914 19917 19920 19923 19926 19929 19932 19935 19938 19941 19944 19947 19950 19953 19956 19959 19962 19965 19968 19971 19974 19977 19980 19983 19986 19989 19992 19995 19998 20001 20004 20007 20010 20013 20016 20019 20022 20025 20028 20031 20034 20037 20040 20043 20046 20049 20052 20055 20058 20061 20064 20067 20070 20073 20076 20079 20082 20085 20088 20091 20094 20097 20100 20103 20106 20109 20112 20115 20118 20121 20124 20127 20130 20133 20136 20139 20142 20145 20148 20151 20154 20157 20160 20163 20166 20169 20172 20175 20178 20181 20184 20187 20190 20193 20196 20199 20202 20205 20208 20211 20214 20217 20220 20223 20226 20229 20232 20235 20238 20241 20244 20247 20250 20253 20256 20259 20262 20265 20268 20271 20274 20277 20280 20283 20286 20289 20292 20295 20298 20301 20304 20307 20310 20313 20316 20319 20322 20325 20328 20331 20334 20337 20340 20343 20346 20349 20352 20355 20358 20361 20364 20367 20370 20373 20376 20379 20382 20385 20388 20391 20394 20397 20400 20403 20406 20409 20412 20415 20418 20421 20424 20427 20430 20433 20436 20439 20442 20445 20448 20451 20454 20457 20460 20463 20466 20469 20472 20475 20478 20481 20484 20487 20490 20493 20496 20499 20502 20505 20508 20511 20514 20517 20520 20523 20526 20529 20532 20535 20538 20541 20544 20547 20550 20553 20556 20559 20562 20565 20568 20571 20574 20577 20580 20583 20586 20589 20592 20595 20598 20601 20604 20607 20610 20613 20616 20619 20622 20625 20628 20631 20634 20637 20640 20643 20646 20649 20652 20655 20658 20661 20664 20667 20670 20673 20676 20679 20682 20685 20688 20691 20694 20697 20700 20703 20706 20709 20712 20715 20718 20721 20724 20727 20730 20733 20736 20739 20742 20745 20748 20751 20754 20757 20760 20763 20766 20769 20772 20775 20778 20781 20784 20787 20790 20793 20796 20799 20802 20805 20808 20811 20814 20817 20820 20823 20826 20829 20832 20835 20838 20841 20844 20847 20850 20853 20856 20859 20862 20865 20868 20871 20874 20877 20880 20883 20886 20889 20892 20895 20898 20901 20904 20907 20910 20913 20916 20919 20922 20925 20928 20931 20934 20937 20940 20943 20946 20949 20952 20955 20958 20961 20964 20967 20970 20973 20976 20979 20982 20985 20988 20991 20994 20997 21000 21003 21006 21009 21012 21015 21018 21021 21024 21027 21030 21033 21036 21039 21042 21045 21048 21051 21054 21057 21060 21063 21066 21069 21072 21075 21078 21081 21084 21087 21090 21093 21096 21099 21102 21105 21108 21111 21114 21117 21120 21123 21126 21129 21132 21135 21138 21141 21144 21147 21150 21153 21156 21159 21162 21165 21168 21171 21174 21177 21180 21183 21186 21189 21192 21195 21198 21201 21204 21207 21210 21213 21216 21219 21222 21225 21228 21231 21234 21237 21240 21243 21246 21249 21252 21255 21258 21261 21264 21267 21270 21273 21276 21279 21282 21285 21288 21291 21294 21297 21300 21303 21306 21309 21312 21315 21318 21321 21324 21327 21330 21333 21336 21339 21342 21345 21348 21351 21354 21357 21360 21363 21366 21369 21372 21375 21378 21381 21384 21387 21390 21393 21396 21399 21402 21405 21408 21411 21414 21417 21420 21423 21426 21429 21432 21435 21438 21441 21444 21447 21450 21453 21456 21459 21462 21465 21468 21471 21474 21477 21480 21483 21486 21489 21492 21495 21498 21501 21504 21507 21510 21513 21516 21519 21522 21525 21528 21531 21534 21537 21540 21543 21546 21549 21552 21555 21558 21561 21564 21567 21570 21573 21576 21579 21582 21585 21588 21591 21594 21597 21600 21603 21606 21609 21612 21615 21618 21621 21624 21627 21630 21633 21636 21639 21642 21645 21648 21651 21654 21657 21660 21663 21666 21669 21672 21675 21678 21681 21684 21687 21690 21693 21696 21699 21702 21705 21708 21711 21714 21717 21720 21723 21726 21729 21732 21735 21738 21741 21744 21747 21750 21753 21756 21759 21762 21765 21768 21771 21774 21777 21780 21783 21786 21789 21792 21795 21798 21801 21804 21807 21810 21813 21816 21819 21822 21825 21828 21831 21834 21837 21840 21843 21846 21849 21852 21855 21858 21861 21864 21867 21870 21873 21876 21879 21882 21885 21888 21891 21894 21897 21900 21903 21906 21909 21912 21915 21918 21921 21924 21927 21930 21933 21936 21939 21942 21945 21948 21951 21954 21957 21960 21963 21966 21969 21972 21975 21978 21981 21984 21987 21990 21993 21996 21999 22002 22005 22008 22011 22014 22017 22020 22023 22026 22029 22032 22035 22038 22041 22044 22047 22050 22053 22056 22059 22062 22065 22068 22071 22074 22077 22080 22083 22086 22089 22092 22095 22098 22101 22104 22107 22110 22113 22116 22119 22122 22125 22128 22131 22134 22137 22140 22143 22146 22149 22152 22155 22158 22161 22164 22167 22170 22173 22176 22179 22182 22185 22188 22191 22194 22197 22200 22203 22206 22209 22212 22215 22218 22221 22224 22227 22230 22233 22236 22239 22242 22245 22248 22251 22254 22257 22260 22263 22266 22269 22272 22275 22278 22281 22284 22287 22290 22293 22296 22299 22302 22305 22308 22311 22314 22317 22320 22323 22326 22329 22332 22335 22338 22341 22344 22347 22350 22353 22356 22359 22362 22365 22368 22371 22374 22377 22380 22383 22386 22389 22392 22395 22398 22401 22404 22407 22410 22413 22416 22419 22422 22425 22428 22431 22434 22437 22440 22443 22446 22449 22452 22455 22458 22461 22464 22467 22470 22473 22476 22479 22482 22485 22488 22491 22494 22497 22500 22503 22506 22509 22512 22515 22518 22521 22524 22527 22530 22533 22536 22539 22542 22545 22548 22551 22554 22557 22560 22563 22566 22569 22572 22575 22578 22581 22584 22587 22590 22593 22596 22599 22602 22605 22608 22611 22614 22617 22620 22623 22626 22629 22632 22635 22638 22641 22644 22647 22650 22653 22656 22659 22662 22665 22668 22671 22674 22677 22680 22683 22686 22689 22692 22695 22698 22701 22704 22707 22710 22713 22716 22719 22722 22725 22728 22731 22734 22737 22740 22743 22746 22749 22752 22755 22758 22761 22764 22767 22770 22773 22776 22779 22782 22785 22788 22791 22794 22797 22800 22803 22806 22809 22812 22815 22818 22821 22824 22827 22830 22833 22836 22839 22842 22845 22848 22851 22854 22857 22860 22863 22866 22869 22872 22875 22878 22881 22884 22887 22890 22893 22896 22899 22902 22905 22908 22911 22914 22917 22920 22923 22926 22929 22932 22935 22938 22941 22944 22947 22950 22953 22956 22959 22962 22965 22968 22971 22974 22977 22980 22983 22986 22989 22992 22995 22998 23001 23004 23007 23010 23013 23016 23019 23022 23025 23028 23031 23034 23037 23040 23043 23046 23049 23052 23055 23058 23061 23064 23067 23070 23073 23076 23079 23082 23085 23088 23091 23094 23097 23100 23103 23106 23109 23112 23115 23118 23121 23124 23127 23130 23133 23136 23139 23142 23145 23148 23151 23154 23157 23160 23163 23166 23169 23172 23175 23178 23181 23184 23187 23190 23193 23196 23199 23202 23205 23208 23211 23214 23217 23220 23223 23226 23229 23232 23235 23238 23241 23244 23247 23250 23253 23256 23259 23262 23265 23268 23271 23274 23277 23280 23283 23286 23289 23292 23295 23298 23301 23304 23307 23310 23313 23316 23319 23322 23325 23328 23331 23334 23337 23340 23343 23346 23349 23352 23355 23358 23361 23364 23367 23370 23373 23376 23379 23382 23385 23388 23391 23394 23397 23400 23403 23406 23409 23412 23415 23418 23421 23424 23427 23430 23433 23436 23439 23442 23445 23448 23451 23454 23457 23460 23463 23466 23469 23472 23475 23478 23481 23484 23487 23490 23493 23496 23499 23502 23505 23508 23511 23514 23517 23520 23523 23526 23529 23532 23535 23538 23541 23544 23547 23550 23553 23556 23559 23562 23565 23568 23571 23574 23577 23580 23583 23586 23589 23592 23595 23598 23601 23604 23607 23610 23613 23616 23619 23622 23625 23628 23631 23634 23637 23640 23643 23646 23649 23652 23655 23658 23661 23664 23667 23670 23673 23676 23679 23682 23685 23688 23691 23694 23697 23700 23703 23706 23709 23712 23715 23718 23721 23724 23727 23730 23733 23736 23739 23742 23745 23748 23751 23754 23757 23760 23763 23766 23769 23772 23775 23778 23781 23784 23787 23790 23793 23796 23799 23802 23805 23808 23811 23814 23817 23820 23823 23826 23829 23832 23835 23838 23841 23844 23847 23850 23853 23856 23859 23862 23865 23868 23871 23874 23877 23880 23883 23886 23889 23892 23895 23898 23901 23904 23907 23910 23913 23916 23919 23922 23925 23928 23931 23934 23937 23940 23943 23946 23949 23952 23955 23958 23961 23964 23967 23970 23973 23976 23979 23982 23985 23988 23991 23994 23997 24000 24003 24006 24009 24012 24015 24018 24021 24024 24027 24030 24033 24036 24039 24042 24045 24048 24051 24054 24057 24060 24063 24066 24069 24072 24075 24078 24081 24084 24087 24090 24093 24096 24099 24102 24105 24108 24111 24114 24117 24120 24123 24126 24129 24132 24135 24138 24141 24144 24147 24150 24153 24156 24159 24162 24165 24168 24171 24174 24177 24180 24183 24186 24189 24192 24195 24198 24201 24204 24207 24210 24213 24216 24219 24222 24225 24228 24231 24234 24237 24240 24243 24246 24249 24252 24255 24258 24261 24264 24267 24270 24273 24276 24279 24282 24285 24288 24291 24294 24297 24300 24303 24306 24309 24312 24315 24318 24321 24324 24327 24330 24333 24336 24339 24342 24345 24348 24351 24354 24357 24360 24363 24366 24369 24372 24375 24378 24381 24384 24387 24390 24393 24396 24399 24402 24405 24408 24411 24414 24417 24420 24423 24426 24429 24432 24435 24438 24441 24444 24447 24450 24453 24456 24459 24462 24465 24468 24471 24474 24477 24480 24483 24486 24489 24492 24495 24498 24501 24504 24507 24510 24513 24516 24519 24522 24525 24528 24531 24534 24537 24540 24543 24546 24549 24552 24555 24558 24561 24564 24567 24570 24573 24576 24579 24582 24585 24588 24591 24594 24597 24600 24603 24606 24609 24612 24615 24618 24621 24624 24627 24630 24633 24636 24639 24642 24645 24648 24651 24654 24657 24660 24663 24666 24669 24672 24675 24678 24681 24684 24687 24690 24693 24696 24699 24702 24705 24708 24711 24714 24717 24720 24723 24726 24729 24732 24735 24738 24741 24744 24747 24750 24753 24756 24759 24762 24765 24768 24771 24774 24777 24780 24783 24786 24789 24792 24795 24798 24801 24804 24807 24810 24813 24816 24819 24822 24825 24828 24831 24834 24837 24840 24843 24846 24849 24852 24855 24858 24861 24864 24867 24870 24873 24876 24879 24882 24885 24888 24891 24894 24897 24900 24903 24906 24909 24912 24915 24918 24921 24924 24927 24930 24933 24936 24939 24942 24945 24948 24951 24954 24957 24960 24963 24966 24969 24972 24975 24978 24981 24984 24987 24990 24993 24996 24999 25002 25005 25008 25011 25014 25017 25020 25023 25026 25029 25032 25035 25038 25041 25044 25047 25050 25053 25056 25059 25062 25065 25068 25071 25074 25077 25080 25083 25086 25089 25092 25095 25098 25101 25104 25107 25110 25113 25116 25119 25122 25125 25128 25131 25134 25137 25140 25143 25146 25149 25152 25155 25158 25161 25164 25167 25170 25173 25176 25179 25182 25185 25188 25191 25194 25197 25200 25203 25206 25209 25212 25215 25218 25221 25224 25227 25230 25233 25236 25239 25242 25245 25248 25251 25254 25257 25260 25263 25266 25269 25272 25275 25278 25281 25284 25287 25290 25293 25296 25299 25302 25305 25308 25311 25314 25317 25320 25323 25326 25329 25332 25335 25338 25341 25344 25347 25350 25353 25356 25359 25362 25365 25368 25371 25374 25377 25380 25383 25386 25389 25392 25395 25398 25401 25404 25407 25410 25413 25416 25419 25422 25425 25428 25431 25434 25437 25440 25443 25446 25449 25452 25455 25458 25461 25464 25467 25470 25473 25476 25479 25482 25485 25488 25491 25494 25497 25500 25503 25506 25509 25512 25515 25518 25521 25524 25527 25530 25533 25536 25539 25542 25545 25548 25551 25554 25557 25560 25563 25566 25569 25572 25575 25578 25581 25584 25587 25590 25593 25596 25599 25602 25605 25608 25611 25614 25617 25620 25623 25626 25629 25632 25635 25638 25641 25644 25647 25650 25653 25656 25659 25662 25665 25668 25671 25674 25677 25680 25683 25686 25689 25692 25695 25698 25701 25704 25707 25710 25713 25716 25719 25722 25725 25728 25731 25734 25737 25740 25743 25746 25749 25752 25755 25758 25761 25764 25767 25770 25773 25776 25779 25782 25785 25788 25791 25794 25797 25800 25803 25806 25809 25812 25815 25818 25821 25824 25827 25830 25833 25836 25839 25842 25845 25848 25851 25854 25857 25860 25863 25866 25869 25872 25875 25878 25881 25884 25887 25890 25893 25896 25899 25902 25905 25908 25911 25914 25917 25920 25923 25926 25929 25932 25935 25938 25941 25944 25947 25950 25953 25956 25959 25962 25965 25968 25971 25974 25977 25980 25983 25986 25989 25992 25995 25998 26001 26004 26007 26010 26013 26016 26019 26022 26025 26028 26031 26034 26037 26040 26043 26046 26049 26052 26055 26058 26061 26064 26067 26070 26073 26076 26079 26082 26085 26088 26091 26094 26097 26100 26103 26106 26109 26112 26115 26118 26121 26124 26127 26130 26133 26136 26139 26142 26145 26148 26151 26154 26157 26160 26163 26166 26169 26172 26175 26178 26181 26184 26187 26190 26193 26196 26199 26202 26205 26208 26211 26214 26217 26220 26223 26226 26229 26232 26235 26238 26241 26244 26247 26250 26253 26256 26259 26262 26265 26268 26271 26274 26277 26280 26283 26286 26289 26292 26295 26298 26301 26304 26307 26310 26313 26316 26319 26322 26325 26328 26331 26334 26337 26340 26343 26346 26349 26352 26355 26358 26361 26364 26367 26370 26373 26376 26379 26382 26385 26388 26391 26394 26397 26400 26403 26406 26409 26412 26415 26418 26421 26424 26427 26430 26433 26436 26439 26442 26445 26448 26451 26454 26457 26460 26463 26466 26469 26472 26475 26478 26481 26484 26487 26490 26493 26496 26499 26502 26505 26508 26511 26514 26517 26520 26523 26526 26529 26532 26535 26538 26541 26544 26547 26550 26553 26556 26559 26562 26565 26568 26571 26574 26577 26580 26583 26586 26589 26592 26595 26598 26601 26604 26607 26610 26613 26616 26619 26622 26625 26628 26631 26634 26637 26640 26643 26646 26649 26652 26655 26658 26661 26664 26667 26670 26673 26676 26679 26682 26685 26688 26691 26694 26697 26700 26703 26706 26709 26712 26715 26718 26721 26724 26727 26730 26733 26736 26739 26742 26745 26748 26751 26754 26757 26760 26763 26766 26769 26772 26775 26778 26781 26784 26787 26790 26793 26796 26799 26802 26805 26808 26811 26814 26817 26820 26823 26826 26829 26832 26835 26838 26841 26844 26847 26850 26853 26856 26859 26862 26865 26868 26871 26874 26877 26880 26883 26886 26889 26892 26895 26898 26901 26904 26907 26910 26913 26916 26919 26922 26925 26928 26931 26934 26937 26940 26943 26946 26949 26952 26955 26958 26961 26964 26967 26970 26973 26976 26979 26982 26985 26988 26991 26994 26997 27000 27003 27006 27009 27012 27015 27018 27021 27024 27027 27030 27033 27036 27039 27042 27045 27048 27051 27054 27057 27060 27063 27066 27069 27072 27075 27078 27081 27084 27087 27090 27093 27096 27099 27102 27105 27108 27111 27114 27117 27120 27123 27126 27129 27132 27135 27138 27141 27144 27147 27150 27153 27156 27159 27162 27165 27168 27171 27174 27177 27180 27183 27186 27189 27192 27195 27198 27201 27204 27207 27210 27213 27216 27219 27222 27225 27228 27231 27234 27237 27240 27243 27246 27249 27252 27255 27258 27261 27264 27267 27270 27273 27276 27279 27282 27285 27288 27291 27294 27297 27300 27303 27306 27309 27312 27315 27318 27321 27324 27327 27330 27333 27336 27339 27342 27345 27348 27351 27354 27357 27360 27363 27366 27369 27372 27375 27378 27381 27384 27387 27390 27393 27396 27399 27402 27405 27408 27411 27414 27417 27420 27423 27426 27429 27432 27435 27438 27441 27444 27447 27450 27453 27456 27459 27462 27465 27468 27471 27474 27477 27480 27483 27486 27489 27492 27495 27498 27501 27504 27507 27510 27513 27516 27519 27522 27525 27528 27531 27534 27537 27540 27543 27546 27549 27552 27555 27558 27561 27564 27567 27570 27573 27576 27579 27582 27585 27588 27591 27594 27597 27600 27603 27606 27609 27612 27615 27618 27621 27624 27627 27630 27633 27636 27639 27642 27645 27648 27651 27654 27657 27660 27663 27666 27669 27672 27675 27678 27681 27684 27687 27690 27693 27696 27699 27702 27705 27708 27711 27714 27717 27720 27723 27726 27729 27732 27735 27738 27741 27744 27747 27750 27753 27756 27759 27762 27765 27768 27771 27774 27777 27780 27783 27786 27789 27792 27795 27798 27801 27804 27807 27810 27813 27816 27819 27822 27825 27828 27831 27834 27837 27840 27843 27846 27849 27852 27855 27858 27861 27864 27867 27870 27873 27876 27879 27882 27885 27888 27891 27894 27897 27900 27903 27906 27909 27912 27915 27918 27921 27924 27927 27930 27933 27936 27939 27942 27945 27948 27951 27954 27957 27960 27963 27966 27969 27972 27975 27978 27981 27984 27987 27990 27993 27996 27999 28002 28005 28008 28011 28014 28017 28020 28023 28026 28029 28032 28035 28038 28041 28044 28047 28050 28053 28056 28059 28062 28065 28068 28071 28074 28077 28080 28083 28086 28089 28092 28095 28098 28101 28104 28107 28110 28113 28116 28119 28122 28125 28128 28131 28134 28137 28140 28143 28146 28149 28152 28155 28158 28161 28164 28167 28170 28173 28176 28179 28182 28185 28188 28191 28194 28197 28200 28203 28206 28209 28212 28215 28218 28221 28224 28227 28230 28233 28236 28239 28242 28245 28248 28251 28254 28257 28260 28263 28266 28269 28272 28275 28278 28281 28284 28287 28290 28293 28296 28299 28302 28305 28308 28311 28314 28317 28320 28323 28326 28329 28332 28335 28338 28341 28344 28347 28350 28353 28356 28359 28362 28365 28368 28371 28374 28377 28380 28383 28386 28389 28392 28395 28398 28401 28404 28407 28410 28413 28416 28419 28422 28425 28428 28431 28434 28437 28440 28443 28446 28449 28452 28455 28458 28461 28464 28467 28470 28473 28476 28479 28482 28485 28488 28491 28494 28497 28500 28503 28506 28509 28512 28515 28518 28521 28524 28527 28530 28533 28536 28539 28542 28545 28548 28551 28554 28557 28560 28563 28566 28569 28572 28575 28578 28581 28584 28587 28590 28593 28596 28599 28602 28605 28608 28611 28614 28617 28620 28623 28626 28629 28632 28635 28638 28641 28644 28647 28650 28653 28656 28659 28662 28665 28668 28671 28674 28677 28680 28683 28686 28689 28692 28695 28698 28701 28704 28707 28710 28713 28716 28719 28722 28725 28728 28731 28734 28737 28740 28743 28746 28749 28752 28755 28758 28761 28764 28767 28770 28773 28776 28779 28782 28785 28788 28791 28794 28797 28800 28803 28806 28809 28812 28815 28818 28821 28824 28827 28830 28833 28836 28839 28842 28845 28848 28851 28854 28857 28860 28863 28866 28869 28872 28875 28878 28881 28884 28887 28890 28893 28896 28899 28902 28905 28908 28911 28914 28917 28920 28923 28926 28929 28932 28935 28938 28941 28944 28947 28950 28953 28956 28959 28962 28965 28968 28971 28974 28977 28980 28983 28986 28989 28992 28995 28998 29001 29004 29007 29010 29013 29016 29019 29022 29025 29028 29031 29034 29037 29040 29043 29046 29049 29052 29055 29058 29061 29064 29067 29070 29073 29076 29079 29082 29085 29088 29091 29094 29097 29100 29103 29106 29109 29112 29115 29118 29121 29124 29127 29130 29133 29136 29139 29142 29145 29148 29151 29154 29157 29160 29163 29166 29169 29172 29175 29178 29181 29184 29187 29190 29193 29196 29199 29202 29205 29208 29211 29214 29217 29220 29223 29226 29229 29232 29235 29238 29241 29244 29247 29250 29253 29256 29259 29262 29265 29268 29271 29274 29277 29280 29283 29286 29289 29292 29295 29298 29301 29304 29307 29310 29313 29316 29319 29322 29325 29328 29331 29334 29337 29340 29343 29346 29349 29352 29355 29358 29361 29364 29367 29370 29373 29376 29379 29382 29385 29388 29391 29394 29397 29400 29403 29406 29409 29412 29415 29418 29421 29424 29427 29430 29433 29436 29439 29442 29445 29448 29451 29454 29457 29460 29463 29466 29469 29472 29475 29478 29481 29484 29487 29490 29493 29496 29499 29502 29505 29508 29511 29514 29517 29520 29523 29526 29529 29532 29535 29538 29541 29544 29547 29550 29553 29556 29559 29562 29565 29568 29571 29574 29577 29580 29583 29586 29589 29592 29595 29598 29601 29604 29607 29610 29613 29616 29619 29622 29625 29628 29631 29634 29637 29640 29643 29646 29649 29652 29655 29658 29661 29664 29667 29670 29673 29676 29679 29682 29685 29688 29691 29694 29697 29700 29703 29706 29709 29712 29715 29718 29721 29724 29727 29730 29733 29736 29739 29742 29745 29748 29751 29754 29757 29760 29763 29766 29769 29772 29775 29778 29781 29784 29787 29790 29793 29796 29799 29802 29805 29808 29811 29814 29817 29820 29823 29826 29829 29832 29835 29838 29841 29844 29847 29850 29853 29856 29859 29862 29865 29868 29871 29874 29877 29880 29883 29886 29889 29892 29895 29898 29901 29904 29907 29910 29913 29916 29919 29922 29925 29928 29931 29934 29937 29940 29943 29946 29949 29952 29955 29958 29961 29964 29967 29970 29973 29976 29979 29982 29985 29988 29991 29994 29997 30000 30003 30006 30009 30012 30015 30018 30021 30024 30027 30030 30033 30036 30039 30042 30045 30048 30051 30054 30057 30060 30063 30066 30069 30072 30075 30078 30081 30084 30087 30090 30093 30096 30099 30102 30105 30108 30111 30114 30117 30120 30123 30126 30129 30132 30135 30138 30141 30144 30147 30150 30153 30156 30159 30162 30165 30168 30171 30174 30177 30180 30183 30186 30189 30192 30195 30198 30201 30204 30207 30210 30213 30216 30219 30222 30225 30228 30231 30234 30237 30240 30243 30246 30249 30252 30255 30258 30261 30264 30267 30270 30273 30276 30279 30282 30285 30288 30291 30294 30297 30300 30303 30306 30309 30312 30315 30318 30321 30324 30327 30330 30333 30336 30339 30342 30345 30348 30351 30354 30357 30360 30363 30366 30369 30372 30375 30378 30381 30384 30387 30390 30393 30396 30399 30402 30405 30408 30411 30414 30417 30420 30423 30426 30429 30432 30435 30438 30441 30444 30447 30450 30453 30456 30459 30462 30465 30468 30471 30474 30477 30480 30483 30486 30489 30492 30495 30498 30501 30504 30507 30510 30513 30516 30519 30522 30525 30528 30531 30534 30537 30540 30543 30546 30549 30552 30555 30558 30561 30564 30567 30570 30573 30576 30579 30582 30585 30588 30591 30594 30597 30600 30603 30606 30609 30612 30615 30618 30621 30624 30627 30630 30633 30636 30639 30642 30645 30648 30651 30654 30657 30660 30663 30666 30669 30672 30675 30678 30681 30684 30687 30690 30693 30696 30699 30702 30705 30708 30711 30714 30717 30720 30723 30726 30729 30732 30735 30738 30741 30744 30747 30750 30753 30756 30759 30762 30765 30768 30771 30774 30777 30780 30783 30786 30789 30792 30795 30798 30801 30804 30807 30810 30813 30816 30819 30822 30825 30828 30831 30834 30837 30840 30843 30846 30849 30852 30855 30858 30861 30864 30867 30870 30873 30876 30879 30882 30885 30888 30891 30894 30897 30900 30903 30906 30909 30912 30915 30918 30921 30924 30927 30930 30933 30936 30939 30942 30945 30948 30951 30954 30957 30960 30963 30966 30969 30972 30975 30978 30981 30984 30987 30990 30993 30996 30999 31002 31005 31008 31011 31014 31017 31020 31023 31026 31029 31032 31035 31038 31041 31044 31047 31050 31053 31056 31059 31062 31065 31068 31071 31074 31077 31080 31083 31086 31089 31092 31095 31098 31101 31104 31107 31110 31113 31116 31119 31122 31125 31128 31131 31134 31137 31140 31143 31146 31149 31152 31155 31158 31161 31164 31167 31170 31173 31176 31179 31182 31185 31188 31191 31194 31197 31200 31203 31206 31209 31212 31215 31218 31221 31224 31227 31230 31233 31236 31239 31242 31245 31248 31251 31254 31257 31260 31263 31266 31269 31272 31275 31278 31281 31284 31287 31290 31293 31296 31299 31302 31305 31308 31311 31314 31317 31320 31323 31326 31329 31332 31335 31338 31341 31344 31347 31350 31353 31356 31359 31362 31365 31368 31371 31374 31377 31380 31383 31386 31389 31392 31395 31398 31401 31404 31407 31410 31413 31416 31419 31422 31425 31428 31431 31434 31437 31440 31443 31446 31449 31452 31455 31458 31461 31464 31467 31470 31473 31476 31479 31482 31485 31488 31491 31494 31497 31500 31503 31506 31509 31512 31515 31518 31521 31524 31527 31530 31533 31536 31539 31542 31545 31548 31551 31554 31557 31560 31563 31566 31569 31572 31575 31578 31581 31584 31587 31590 31593 31596 31599 31602 31605 31608 31611 31614 31617 31620 31623 31626 31629 31632 31635 31638 31641 31644 31647 31650 31653 31656 31659 31662 31665 31668 31671 31674 31677 31680 31683 31686 31689 31692 31695 31698 31701 31704 31707 31710 31713 31716 31719 31722 31725 31728 31731 31734 31737 31740 31743 31746 31749 31752 31755 31758 31761 31764 31767 31770 31773 31776 31779 31782 31785 31788 31791 31794 31797 31800 31803 31806 31809 31812 31815 31818 31821 31824 31827 31830 31833 31836 31839 31842 31845 31848 31851 31854 31857 31860 31863 31866 31869 31872 31875 31878 31881 31884 31887 31890 31893 31896 31899 31902 31905 31908 31911 31914 31917 31920 31923 31926 31929 31932 31935 31938 31941 31944 31947 31950 31953 31956 31959 31962 31965 31968 31971 31974 31977 31980 31983 31986 31989 31992 31995 31998 32001 32004 32007 32010 32013 32016 32019 32022 32025 32028 32031 32034 32037 32040 32043 32046 32049 32052 32055 32058 32061 32064 32067 32070 32073 32076 32079 32082 32085 32088 32091 32094 32097 32100 32103 32106 32109 32112 32115 32118 32121 32124 32127 32130 32133 32136 32139 32142 32145 32148 32151 32154 32157 32160 32163 32166 32169 32172 32175 32178 32181 32184 32187 32190 32193 32196 32199 32202 32205 32208 32211 32214 32217 32220 32223 32226 32229 32232 32235 32238 32241 32244 32247 32250 32253 32256 32259 32262 32265 32268 32271 32274 32277 32280 32283 32286 32289 32292 32295 32298 32301 32304 32307 32310 32313 32316 32319 32322 32325 32328 32331 32334 32337 32340 32343 32346 32349 32352 32355 32358 32361 32364 32367 32370 32373 32376 32379 32382 32385 32388 32391 32394 32397 32400 32403 32406 32409 32412 32415 32418 32421 32424 32427 32430 32433 32436 32439 32442 32445 32448 32451 32454 32457 32460 32463 32466 32469 32472 32475 32478 32481 32484 32487 32490 32493 32496 32499 32502 32505 32508 32511 32514 32517 32520 32523 32526 32529 32532 32535 32538 32541 32544 32547 32550 32553 32556 32559 32562 32565 32568 32571 32574 32577 32580 32583 32586 32589 32592 32595 32598 32601 32604 32607 32610 32613 32616 32619 32622 32625 32628 32631 32634 32637 32640 32643 32646 32649 32652 32655 32658 32661 32664 32667 32670 32673 32676 32679 32682 32685 32688 32691 32694 32697 32700 32703 32706 32709 32712 32715 32718 32721 32724 32727 32730 32733 32736 32739 32742 32745 32748 32751 32754 32757 32760 32763 32766 32769 32772 32775 32778 32781 32784 32787 32790 32793 32796 32799 32802 32805 32808 32811 32814 32817 32820 32823 32826 32829 32832 32835 32838 32841 32844 32847 32850 32853 32856 32859 32862 32865 32868 32871 32874 32877 32880 32883 32886 32889 32892 32895 32898 32901 32904 32907 32910 32913 32916 32919 32922 32925 32928 32931 32934 32937 32940 32943 32946 32949 32952 32955 32958 32961 32964 32967 32970 32973 32976 32979 32982 32985 32988 32991 32994 32997 33000 33003 33006 33009 33012 33015 33018 33021 33024 33027 33030 33033 33036 33039 33042 33045 33048 33051 33054 33057 33060 33063 33066 33069 33072 33075 33078 33081 33084 33087 33090 33093 33096 33099 33102 33105 33108 33111 33114 33117 33120 33123 33126 33129 33132 33135 33138 33141 33144 33147 33150 33153 33156 33159 33162 33165 33168 33171 33174 33177 33180 33183 33186 33189 33192 33195 33198 33201 33204 33207 33210 33213 33216 33219 33222 33225 33228 33231 33234 33237 33240 33243 33246 33249 33252 33255 33258 33261 33264 33267 33270 33273 33276 33279 33282 33285 33288 33291 33294 33297 33300 33303 33306 33309 33312 33315 33318 33321 33324 33327 33330 33333 33336 33339 33342 33345 33348 33351 33354 33357 33360 33363 33366 33369 33372 33375 33378 33381 33384 33387 33390 33393 33396 33399 33402 33405 33408 33411 33414 33417 33420 33423 33426 33429 33432 33435 33438 33441 33444 33447 33450 33453 33456 33459 33462 33465 33468 33471 33474 33477 33480 33483 33486 33489 33492 33495 33498 33501 33504 33507 33510 33513 33516 33519 33522 33525 33528 33531 33534 33537 33540 33543 33546 33549 33552 33555 33558 33561 33564 33567 33570 33573 33576 33579 33582 33585 33588 33591 33594 33597 33600 33603 33606 33609 33612 33615 33618 33621 33624 33627 33630 33633 33636 33639 33642 33645 33648 33651 33654 33657 33660 33663 33666 33669 33672 33675 33678 33681 33684 33687 33690 33693 33696 33699 33702 33705 33708 33711 33714 33717 33720 33723 33726 33729 33732 33735 33738 33741 33744 33747 33750 33753 33756 33759 33762 33765 33768 33771 33774 33777 33780 33783 33786 33789 33792 33795 33798 33801 33804 33807 33810 33813 33816 33819 33822 33825 33828 33831 33834 33837 33840 33843 33846 33849 33852 33855 33858 33861 33864 33867 33870 33873 33876 33879 33882 33885 33888 33891 33894 33897 33900 33903 33906 33909 33912 33915 33918 33921 33924 33927 33930 33933 33936 33939 33942 33945 33948 33951 33954 33957 33960 33963 33966 33969 33972 33975 33978 33981 33984 33987 33990 33993 33996 33999 34002 34005 34008 34011 34014 34017 34020 34023 34026 34029 34032 34035 34038 34041 34044 34047 34050 34053 34056 34059 34062 34065 34068 34071 34074 34077 34080 34083 34086 34089 34092 34095 34098 34101 34104 34107 34110 34113 34116 34119 34122 34125 34128 34131 34134 34137 34140 34143 34146 34149 34152 34155 34158 34161 34164 34167 34170 34173 34176 34179 34182 34185 34188 34191 34194 34197 34200 34203 34206 34209 34212 34215 34218 34221 34224 34227 34230 34233 34236 34239 34242 34245 34248 34251 34254 34257 34260 34263 34266 34269 34272 34275 34278 34281 34284 34287 34290 34293 34296 34299 34302 34305 34308 34311 34314 34317 34320 34323 34326 34329 34332 34335 34338 34341 34344 34347 34350 34353 34356 34359 34362 34365 34368 34371 34374 34377 34380 34383 34386 34389 34392 34395 34398 34401 34404 34407 34410 34413 34416 34419 34422 34425 34428 34431 34434 34437 34440 34443 34446 34449 34452 34455 34458 34461 34464 34467 34470 34473 34476 34479 34482 34485 34488 34491 34494 34497 34500 34503 34506 34509 34512 34515 34518 34521 34524 34527 34530 34533 34536 34539 34542 34545 34548 34551 34554 34557 34560 34563 34566 34569 34572 34575 34578 34581 34584 34587 34590 34593 34596 34599 34602 34605 34608 34611 34614 34617 34620 34623 34626 34629 34632 34635 34638 34641 34644 34647 34650 34653 34656 34659 34662 34665 34668 34671 34674 34677 34680 34683 34686 34689 34692 34695 34698 34701 34704 34707 34710 34713 34716 34719 34722 34725 34728 34731 34734 34737 34740 34743 34746 34749 34752 34755 34758 34761 34764 34767 34770 34773 34776 34779 34782 34785 34788 34791 34794 34797 34800 34803 34806 34809 34812 34815 34818 34821 34824 34827 34830 34833 34836 34839 34842 34845 34848 34851 34854 34857 34860 34863 34866 34869 34872 34875 34878 34881 34884 34887 34890 34893 34896 34899 34902 34905 34908 34911 34914 34917 34920 34923 34926 34929 34932 34935 34938 34941 34944 34947 34950 34953 34956 34959 34962 34965 34968 34971 34974 34977 34980 34983 34986 34989 34992 34995 34998 35001 35004 35007 35010 35013 35016 35019 35022 35025 35028 35031 35034 35037 35040 35043 35046 35049 35052 35055 35058 35061 35064 35067 35070 35073 35076 35079 35082 35085 35088 35091 35094 35097 35100 35103 35106 35109 35112 35115 35118 35121 35124 35127 35130 35133 35136 35139 35142 35145 35148 35151 35154 35157 35160 35163 35166 35169 35172 35175 35178 35181 35184 35187 35190 35193 35196 35199 35202 35205 35208 35211 35214 35217 35220 35223 35226 35229 35232 35235 35238 35241 35244 35247 35250 35253 35256 35259 35262 35265 35268 35271 35274 35277 35280 35283 35286 35289 35292 35295 35298 35301 35304 35307 35310 35313 35316 35319 35322 35325 35328 35331 35334 35337 35340 35343 35346 35349 35352 35355 35358 35361 35364 35367 35370 35373 35376 35379 35382 35385 35388 35391 35394 35397 35400 35403 35406 35409 35412 35415 35418 35421 35424 35427 35430 35433 35436 35439 35442 35445 35448 35451 35454 35457 35460 35463 35466 35469 35472 35475 35478 35481 35484 35487 35490 35493 35496 35499 35502 35505 35508 35511 35514 35517 35520 35523 35526 35529 35532 35535 35538 35541 35544 35547 35550 35553 35556 35559 35562 35565 35568 35571 35574 35577 35580 35583 35586 35589 35592 35595 35598 35601 35604 35607 35610 35613 35616 35619 35622 35625 35628 35631 35634 35637 35640 35643 35646 35649 35652 35655 35658 35661 35664 35667 35670 35673 35676 35679 35682 35685 35688 35691 35694 35697 35700 35703 35706 35709 35712 35715 35718 35721 35724 35727 35730 35733 35736 35739 35742 35745 35748 35751 35754 35757 35760 35763 35766 35769 35772 35775 35778 35781 35784 35787 35790 35793 35796 35799 35802 35805 35808 35811 35814 35817 35820 35823 35826 35829 35832 35835 35838 35841 35844 35847 35850 35853 35856 35859 35862 35865 35868 35871 35874 35877 35880 35883 35886 35889 35892 35895 35898 35901 35904 35907 35910 35913 35916 35919 35922 35925 35928 35931 35934 35937 35940 35943 35946 35949 35952 35955 35958 35961 35964 35967 35970 35973 35976 35979 35982 35985 35988 35991 35994 35997 36000 36003 36006 36009 36012 36015 36018 36021 36024 36027 36030 36033 36036 36039 36042 36045 36048 36051 36054 36057 36060 36063 36066 36069 36072 36075 36078 36081 36084 36087 36090 36093 36096 36099 36102 36105 36108 36111 36114 36117 36120 36123 36126 36129 36132 36135 36138 36141 36144 36147 36150 36153 36156 36159 36162 36165 36168 36171 36174 36177 36180 36183 36186 36189 36192 36195 36198 36201 36204 36207 36210 36213 36216 36219 36222 36225 36228 36231 36234 36237 36240 36243 36246 36249 36252 36255 36258 36261 36264 36267 36270 36273 36276 36279 36282 36285 36288 36291 36294 36297 36300 36303 36306 36309 36312 36315 36318 36321 36324 36327 36330 36333 36336 36339 36342 36345 36348 36351 36354 36357 36360 36363 36366 36369 36372 36375 36378 36381 36384 36387 36390 36393 36396 36399 36402 36405 36408 36411 36414 36417 36420 36423 36426 36429 36432 36435 36438 36441 36444 36447 36450 36453 36456 36459 36462 36465 36468 36471 36474 36477 36480 36483 36486 36489 36492 36495 36498 36501 36504 36507 36510 36513 36516 36519 36522 36525 36528 36531 36534 36537 36540 36543 36546 36549 36552 36555 36558 36561 36564 36567 36570 36573 36576 36579 36582 36585 36588 36591 36594 36597 36600 36603 36606 36609 36612 36615 36618 36621 36624 36627 36630 36633 36636 36639 36642 36645 36648 36651 36654 36657 36660 36663 36666 36669 36672 36675 36678 36681 36684 36687 36690 36693 36696 36699 36702 36705 36708 36711 36714 36717 36720 36723 36726 36729 36732 36735 36738 36741 36744 36747 36750 36753 36756 36759 36762 36765 36768 36771 36774 36777 36780 36783 36786 36789 36792 36795 36798 36801 36804 36807 36810 36813 36816 36819 36822 36825 36828 36831 36834 36837 36840 36843 36846 36849 36852 36855 36858 36861 36864 36867 36870 36873 36876 36879 36882 36885 36888 36891 36894 36897 36900 36903 36906 36909 36912 36915 36918 36921 36924 36927 36930 36933 36936 36939 36942 36945 36948 36951 36954 36957 36960 36963 36966 36969 36972 36975 36978 36981 36984 36987 36990 36993 36996 36999 37002 37005 37008 37011 37014 37017 37020 37023 37026 37029 37032 37035 37038 37041 37044 37047 37050 37053 37056 37059 37062 37065 37068 37071 37074 37077 37080 37083 37086 37089 37092 37095 37098 37101 37104 37107 37110 37113 37116 37119 37122 37125 37128 37131 37134 37137 37140 37143 37146 37149 37152 37155 37158 37161 37164 37167 37170 37173 37176 37179 37182 37185 37188 37191 37194 37197 37200 37203 37206 37209 37212 37215 37218 37221 37224 37227 37230 37233 37236 37239 37242 37245 37248 37251 37254 37257 37260 37263 37266 37269 37272 37275 37278 37281 37284 37287 37290 37293 37296 37299 37302 37305 37308 37311 37314 37317 37320 37323 37326 37329 37332 37335 37338 37341 37344 37347 37350 37353 37356 37359 37362 37365 37368 37371 37374 37377 37380 37383 37386 37389 37392 37395 37398 37401 37404 37407 37410 37413 37416 37419 37422 37425 37428 37431 37434 37437 37440 37443 37446 37449 37452 37455 37458 37461 37464 37467 37470 37473 37476 37479 37482 37485 37488 37491 37494 37497 37500 37503 37506 37509 37512 37515 37518 37521 37524 37527 37530 37533 37536 37539 37542 37545 37548 37551 37554 37557 37560 37563 37566 37569 37572 37575 37578 37581 37584 37587 37590 37593 37596 37599 37602 37605 37608 37611 37614 37617 37620 37623 37626 37629 37632 37635 37638 37641 37644 37647 37650 37653 37656 37659 37662 37665 37668 37671 37674 37677 37680 37683 37686 37689 37692 37695 37698 37701 37704 37707 37710 37713 37716 37719 37722 37725 37728 37731 37734 37737 37740 37743 37746 37749 37752 37755 37758 37761 37764 37767 37770 37773 37776 37779 37782 37785 37788 37791 37794 37797 37800 37803 37806 37809 37812 37815 37818 37821 37824 37827 37830 37833 37836 37839 37842 37845 37848 37851 37854 37857 37860 37863 37866 37869 37872 37875 37878 37881 37884 37887 37890 37893 37896 37899 37902 37905 37908 37911 37914 37917 37920 37923 37926 37929 37932 37935 37938 37941 37944 37947 37950 37953 37956 37959 37962 37965 37968 37971 37974 37977 37980 37983 37986 37989 37992 37995 37998 38001 38004 38007 38010 38013 38016 38019 38022 38025 38028 38031 38034 38037 38040 38043 38046 38049 38052 38055 38058 38061 38064 38067 38070 38073 38076 38079 38082 38085 38088 38091 38094 38097 38100 38103 38106 38109 38112 38115 38118 38121 38124 38127 38130 38133 38136 38139 38142 38145 38148 38151 38154 38157 38160 38163 38166 38169 38172 38175 38178 38181 38184 38187 38190 38193 38196 38199 38202 38205 38208 38211 38214 38217 38220 38223 38226 38229 38232 38235 38238 38241 38244 38247 38250 38253 38256 38259 38262 38265 38268 38271 38274 38277 38280 38283 38286 38289 38292 38295 38298 38301 38304 38307 38310 38313 38316 38319 38322 38325 38328 38331 38334 38337 38340 38343 38346 38349 38352 38355 38358 38361 38364 38367 38370 38373 38376 38379 38382 38385 38388 38391 38394 38397 38400 38403 38406 38409 38412 38415 38418 38421 38424 38427 38430 38433 38436 38439 38442 38445 38448 38451 38454 38457 38460 38463 38466 38469 38472 38475 38478 38481 38484 38487 38490 38493 38496 38499 38502 38505 38508 38511 38514 38517 38520 38523 38526 38529 38532 38535 38538 38541 38544 38547 38550 38553 38556 38559 38562 38565 38568 38571 38574 38577 38580 38583 38586 38589 38592 38595 38598 38601 38604 38607 38610 38613 38616 38619 38622 38625 38628 38631 38634 38637 38640 38643 38646 38649 38652 38655 38658 38661 38664 38667 38670 38673 38676 38679 38682 38685 38688 38691 38694 38697 38700 38703 38706 38709 38712 38715 38718 38721 38724 38727 38730 38733 38736 38739 38742 38745 38748 38751 38754 38757 38760 38763 38766 38769 38772 38775 38778 38781 38784 38787 38790 38793 38796 38799 38802 38805 38808 38811 38814 38817 38820 38823 38826 38829 38832 38835 38838 38841 38844 38847 38850 38853 38856 38859 38862 38865 38868 38871 38874 38877 38880 38883 38886 38889 38892 38895 38898 38901 38904 38907 38910 38913 38916 38919 38922 38925 38928 38931 38934 38937 38940 38943 38946 38949 38952 38955 38958 38961 38964 38967 38970 38973 38976 38979 38982 38985 38988 38991 38994 38997 39000 39003 39006 39009 39012 39015 39018 39021 39024 39027 39030 39033 39036 39039 39042 39045 39048 39051 39054 39057 39060 39063 39066 39069 39072 39075 39078 39081 39084 39087 39090 39093 39096 39099 39102 39105 39108 39111 39114 39117 39120 39123 39126 39129 39132 39135 39138 39141 39144 39147 39150 39153 39156 39159 39162 39165 39168 39171 39174 39177 39180 39183 39186 39189 39192 39195 39198 39201 39204 39207 39210 39213 39216 39219 39222 39225 39228 39231 39234 39237 39240 39243 39246 39249 39252 39255 39258 39261 39264 39267 39270 39273 39276 39279 39282 39285 39288 39291 39294 39297 39300 39303 39306 39309 39312 39315 39318 39321 39324 39327 39330 39333 39336 39339 39342 39345 39348 39351 39354 39357 39360 39363 39366 39369 39372 39375 39378 39381 39384 39387 39390 39393 39396 39399 39402 39405 39408 39411 39414 39417 39420 39423 39426 39429 39432 39435 39438 39441 39444 39447 39450 39453 39456 39459 39462 39465 39468 39471 39474 39477 39480 39483 39486 39489 39492 39495 39498 39501 39504 39507 39510 39513 39516 39519 39522 39525 39528 39531 39534 39537 39540 39543 39546 39549 39552 39555 39558 39561 39564 39567 39570 39573 39576 39579 39582 39585 39588 39591 39594 39597 39600 39603 39606 39609 39612 39615 39618 39621 39624 39627 39630 39633 39636 39639 39642 39645 39648 39651 39654 39657 39660 39663 39666 39669 39672 39675 39678 39681 39684 39687 39690 39693 39696 39699 39702 39705 39708 39711 39714 39717 39720 39723 39726 39729 39732 39735 39738 39741 39744 39747 39750 39753 39756 39759 39762 39765 39768 39771 39774 39777 39780 39783 39786 39789 39792 39795 39798 39801 39804 39807 39810 39813 39816 39819 39822 39825 39828 39831 39834 39837 39840 39843 39846 39849 39852 39855 39858 39861 39864 39867 39870 39873 39876 39879 39882 39885 39888 39891 39894 39897 39900 39903 39906 39909 39912 39915 39918 39921 39924 39927 39930 39933 39936 39939 39942 39945 39948 39951 39954 39957 39960 39963 39966 39969 39972 39975 39978 39981 39984 39987 39990 39993 39996 39999 40002 40005 40008 40011 40014 40017 40020 40023 40026 40029 40032 40035 40038 40041 40044 40047 40050 40053 40056 40059 40062 40065 40068 40071 40074 40077 40080 40083 40086 40089 40092 40095 40098 40101 40104 40107 40110 40113 40116 40119 40122 40125 40128 40131 40134 40137 40140 40143 40146 40149 40152 40155 40158 40161 40164 40167 40170 40173 40176 40179 40182 40185 40188 40191 40194 40197 40200 40203 40206 40209 40212 40215 40218 40221 40224 40227 40230 40233 40236 40239 40242 40245 40248 40251 40254 40257 40260 40263 40266 40269 40272 40275 40278 40281 40284 40287 40290 40293 40296 40299 40302 40305 40308 40311 40314 40317 40320 40323 40326 40329 40332 40335 40338 40341 40344 40347 40350 40353 40356 40359 40362 40365 40368 40371 40374 40377 40380 40383 40386 40389 40392 40395 40398 40401 40404 40407 40410 40413 40416 40419 40422 40425 40428 40431 40434 40437 40440 40443 40446 40449 40452 40455 40458 40461 40464 40467 40470 40473 40476 40479 40482 40485 40488 40491 40494 40497 40500 40503 40506 40509 40512 40515 40518 40521 40524 40527 40530 40533 40536 40539 40542 40545 40548 40551 40554 40557 40560 40563 40566 40569 40572 40575 40578 40581 40584 40587 40590 40593 40596 40599 40602 40605 40608 40611 40614 40617 40620 40623 40626 40629 40632 40635 40638 40641 40644 40647 40650 40653 40656 40659 40662 40665 40668 40671 40674 40677 40680 40683 40686 40689 40692 40695 40698 40701 40704 40707 40710 40713 40716 40719 40722 40725 40728 40731 40734 40737 40740 40743 40746 40749 40752 40755 40758 40761 40764 40767 40770 40773 40776 40779 40782 40785 40788 40791 40794 40797 40800 40803 40806 40809 40812 40815 40818 40821 40824 40827 40830 40833 40836 40839 40842 40845 40848 40851 40854 40857 40860 40863 40866 40869 40872 40875 40878 40881 40884 40887 40890 40893 40896 40899 40902 40905 40908 40911 40914 40917 40920 40923 40926 40929 40932 40935 40938 40941 40944 40947 40950 40953 40956 40959 40962 40965 40968 40971 40974 40977 40980 40983 40986 40989 40992 40995 40998 41001 41004 41007 41010 41013 41016 41019 41022 41025 41028 41031 41034 41037 41040 41043 41046 41049 41052 41055 41058 41061 41064 41067 41070 41073 41076 41079 41082 41085 41088 41091 41094 41097 41100 41103 41106 41109 41112 41115 41118 41121 41124 41127 41130 41133 41136 41139 41142 41145 41148 41151 41154 41157 41160 41163 41166 41169 41172 41175 41178 41181 41184 41187 41190 41193 41196 41199 41202 41205 41208 41211 41214 41217 41220 41223 41226 41229 41232 41235 41238 41241 41244 41247 41250 41253 41256 41259 41262 41265 41268 41271 41274 41277 41280 41283 41286 41289 41292 41295 41298 41301 41304 41307 41310 41313 41316 41319 41322 41325 41328 41331 41334 41337 41340 41343 41346 41349 41352 41355 41358 41361 41364 41367 41370 41373 41376 41379 41382 41385 41388 41391 41394 41397 41400 41403 41406 41409 41412 41415 41418 41421 41424 41427 41430 41433 41436 41439 41442 41445 41448 41451 41454 41457 41460 41463 41466 41469 41472 41475 41478 41481 41484 41487 41490 41493 41496 41499 41502 41505 41508 41511 41514 41517 41520 41523 41526 41529 41532 41535 41538 41541 41544 41547 41550 41553 41556 41559 41562 41565 41568 41571 41574 41577 41580 41583 41586 41589 41592 41595 41598 41601 41604 41607 41610 41613 41616 41619 41622 41625 41628 41631 41634 41637 41640 41643 41646 41649 41652 41655 41658 41661 41664 41667 41670 41673 41676 41679 41682 41685 41688 41691 41694 41697 41700 41703 41706 41709 41712 41715 41718 41721 41724 41727 41730 41733 41736 41739 41742 41745 41748 41751 41754 41757 41760 41763 41766 41769 41772 41775 41778 41781 41784 41787 41790 41793 41796 41799 41802 41805 41808 41811 41814 41817 41820 41823 41826 41829 41832 41835 41838 41841 41844 41847 41850 41853 41856 41859 41862 41865 41868 41871 41874 41877 41880 41883 41886 41889 41892 41895 41898 41901 41904 41907 41910 41913 41916 41919 41922 41925 41928 41931 41934 41937 41940 41943 41946 41949 41952 41955 41958 41961 41964 41967 41970 41973 41976 41979 41982 41985 41988 41991 41994 41997 42000 42003 42006 42009 42012 42015 42018 42021 42024 42027 42030 42033 42036 42039 42042 42045 42048 42051 42054 42057 42060 42063 42066 42069 42072 </DataArray>
            <DataArray Name="types" format="ascii" type="UInt8">5 5 5 5 5 5 5 5 5 5 5 5 5 5 5 5 5 5 5 5 5 5 5 5 5 5 5 5 5 5 5 5 5 5 5 5 5 5 5 5 5 5 5 5 5 5 5 5 5 5 5 5 5 5 5 5 5 5 5 5 5 5 5 5 5 5 5 5 5 5 5 5 5 5 5 5 5 5 5 5 5 5 5 5 5 5 5 5 5 5 5 5 5 5 5 5 5 5 5 5 5 5 5 5 5 5 5 5 5 5 5 5 5 5 5 5 5 5 5 5 5 5 5 5 5 5 5 5 5 5 5 5 5 5 5 5 5 5 5 5 5 5 5 5 5 5 5 5 5 5 5 5 5 5 5 5 5 5 5 5 5 5 5 5 5 5 5 5 5 5 5 5 5 5 5 5 5 5 5 5 5 5 5 5 5 5 5 5 5 5 5 5 5 5 5 5 5 5 5 5 5 5 5 5 5 5 5 5 5 5 5 5 5 5 5 5 5 5 5 5 5 5 5 5 5 5 5 5 5 5 5 5 5 5 5 5 5 5 5 5 5 5 5 5 5 5 5 5 5 5 5 5 5 5 5 5 5 5 5 5 5 5 5 5 5 5 5 5 5 5 5 5 5 5 5 5 5 5 5 5 5 5 5 5 5 5 5 5 5 5 5 5 5 5 5 5 5 5 5 5 5 5 5 5 5 5 5 5 5 5 5 5 5 5 5 5 5 5 5 5 5 5 5 5 5 5 5 5 5 5 5 5 5 5 5 5 5 5 5 5 5 5 5 5 5 5 5 5 5 5 5 5 5 5 5 5 5 5 5 5 5 5 5 5 5 5 5 5 5 5 5 5 5 5 5 5 5 5 5 5 5 5 5 5 5 5 5 5 5 5 5 5 5 5 5 5 5 5 5 5 5 5 5 5 5 5 5 5 5 5 5 5 5 5 5 5 5 5 5 5 5 5 5 5 5 5 5 5 5 5 5 5 5 5 5 5 5 5 5 5 5 5 5 5 5 5 5 5 5 5 5 5 5 5 5 5 5 5 5 5 5 5 5 5 5 5 5 5 5 5 5 5 5 5 5 5 5 5 5 5 5 5 5 5 5 5 5 5 5 5 5 5 5 5 5 5 5 5 5 5 5 5 5 5 5 5 5 5 5 5 5 5 5 5 5 5 5 5 5 5 5 5 5 5 5 5 5 5 5 5 5 5 5 5 5 5 5 5 5 5 5 5 5 5 5 5 5 5 5 5 5 5 5 5 5 5 5 5 5 5 5 5 5 5 5 5 5 5 5 5 5 5 5 5 5 5 5 5 5 5 5 5 5 5 5 5 5 5 5 5 5 5 5 5 5 5 5 5 5 5 5 5 5 5 5 5 5 5 5 5 5 5 5 5 5 5 5 5 5 5 5 5 5 5 5 5 5 5 5 5 5 5 5 5 5 5 5 5 5 5 5 5 5 5 5 5 5 5 5 5 5 5 5 5 5 5 5 5 5 5 5 5 5 5 5 5 5 5 5 5 5 5 5 5 5 5 5 5 5 5 5 5 5 5 5 5 5 5 5 5 5 5 5 5 5 5 5 5 5 5 5 5 5 5 5 5 5 5 5 5 5 5 5 5 5 5 5 5 5 5 5 5 5 5 5 5 5 5 5 5 5 5 5 5 5 5 5 5 5 5 5 5 5 5 5 5 5 5 5 5 5 5 5 5 5 5 5 5 5 5 5 5 5 5 5 5 5 5 5 5 5 5 5 5 5 5 5 5 5 5 5 5 5 5 5 5 5 5 5 5 5 5 5 5 5 5 5 5 5 5 5 5 5 5 5 5 5 5 5 5 5 5 5 5 5 5 5 5 5 5 5 5 5 5 5 5 5 5 5 5 5 5 5 5 5 5 5 5 5 5 5 5 5 5 5 5 5 5 5 5 5 5 5 5 5 5 5 5 5 5 5 5 5 5 5 5 5 5 5 5 5 5 5 5 5 5 5 5 5 5 5 5 5 5 5 5 5 5 5 5 5 5 5 5 5 5 5 5 5 5 5 5 5 5 5 5 5 5 5 5 5 5 5 5 5 5 5 5 5 5 5 5 5 5 5 5 5 5 5 5 5 5 5 5 5 5 5 5 5 5 5 5 5 5 5 5 5 5 5 5 5 5 5 5 5 5 5 5 5 5 5 5 5 5 5 5 5 5 5 5 5 5 5 5 5 5 5 5 5 5 5 5 5 5 5 5 5 5 5 5 5 5 5 5 5 5 5 5 5 5 5 5 5 5 5 5 5 5 5 5 5 5 5 5 5 5 5 5 5 5 5 5 5 5 5 5 5 5 5 5 5 5 5 5 5 5 5 5 5 5 5 5 5 5 5 5 5 5 5 5 5 5 5 5 5 5 5 5 5 5 5 5 5 5 5 5 5 5 5 5 5 5 5 5 5 5 5 5 5 5 5 5 5 5 5 5 5 5 5 5 5 5 5 5 5 5 5 5 5 5 5 5 5 5 5 5 5 5 5 5 5 5 5 5 5 5 5 5 5 5 5 5 5 5 5 5 5 5 5 5 5 5 5 5 5 5 5 5 5 5 5 5 5 5 5 5 5 5 5 5 5 5 5 5 5 5 5 5 5 5 5 5 5 5 5 5 5 5 5 5 5 5 5 5 5 5 5 5 5 5 5 5 5 5 5 5 5 5 5 5 5 5 5 5 5 5 5 5 5 5 5 5 5 5 5 5 5 5 5 5 5 5 5 5 5 5 5 5 5 5 5 5 5 5 5 5 5 5 5 5 5 5 5 5 5 5 5 5 5 5 5 5 5 5 5 5 5 5 5 5 5 5 5 5 5 5 5 5 5 5 5 5 5 5 5 5 5 5 5 5 5 5 5 5 5 5 5 5 5 5 5 5 5 5 5 5 5 5 5 5 5 5 5 5 5 5 5 5 5 5 5 5 5 5 5 5 5 5 5 5 5 5 5 5 5 5 5 5 5 5 5 5 5 5 5 5 5 5 5 5 5 5 5 5 5 5 5 5 5 5 5 5 5 5 5 5 5 5 5 5 5 5 5 5 5 5 5 5 5 5 5 5 5 5 5 5 5 5 5 5 5 5 5 5 5 5 5 5 5 5 5 5 5 5 5 5 5 5 5 5 5 5 5 5 5 5 5 5 5 5 5 5 5 5 5 5 5 5 5 5 5 5 5 5 5 5 5 5 5 5 5 5 5 5 5 5 5 5 5 5 5 5 5 5 5 5 5 5 5 5 5 5 5 5 5 5 5 5 5 5 5 5 5 5 5 5 5 5 5 5 5 5 5 5 5 5 5 5 5 5 5 5 5 5 5 5 5 5 5 5 5 5 5 5 5 5 5 5 5 5 5 5 5 5 5 5 5 5 5 5 5 5 5 5 5 5 5 5 5 5 5 5 5 5 5 5 5 5 5 5 5 5 5 5 5 5 5 5 5 5 5 5 5 5 5 5 5 5 5 5 5 5 5 5 5 5 5 5 5 5 5 5 5 5 5 5 5 5 5 5 5 5 5 5 5 5 5 5 5 5 5 5 5 5 5 5 5 5 5 5 5 5 5 5 5 5 5 5 5 5 5 5 5 5 5 5 5 5 5 5 5 5 5 5 5 5 5 5 5 5 5 5 5 5 5 5 5 5 5 5 5 5 5 5 5 5 5 5 5 5 5 5 5 5 5 5 5 5 5 5 5 5 5 5 5 5 5 5 5 5 5 5 5 5 5 5 5 5 5 5 5 5 5 5 5 5 5 5 5 5 5 5 5 5 5 5 5 5 5 5 5 5 5 5 5 5 5 5 5 5 5 5 5 5 5 5 5 5 5 5 5 5 5 5 5 5 5 5 5 5 5 5 5 5 5 5 5 5 5 5 5 5 5 5 5 5 5 5 5 5 5 5 5 5 5 5 5 5 5 5 5 5 5 5 5 5 5 5 5 5 5 5 5 5 5 5 5 5 5 5 5 5 5 5 5 5 5 5 5 5 5 5 5 5 5 5 5 5 5 5 5 5 5 5 5 5 5 5 5 5 5 5 5 5 5 5 5 5 5 5 5 5 5 5 5 5 5 5 5 5 5 5 5 5 5 5 5 5 5 5 5 5 5 5 5 5 5 5 5 5 5 5 5 5 5 5 5 5 5 5 5 5 5 5 5 5 5 5 5 5 5 5 5 5 5 5 5 5 5 5 5 5 5 5 5 5 5 5 5 5 5 5 5 5 5 5 5 5 5 5 5 5 5 5 5 5 5 5 5 5 5 5 5 5 5 5 5 5 5 5 5 5 5 5 5 5 5 5 5 5 5 5 5 5 5 5 5 5 5 5 5 5 5 5 5 5 5 5 5 5 5 5 5 5 5 5 5 5 5 5 5 5 5 5 5 5 5 5 5 5 5 5 5 5 5 5 5 5 5 5 5 5 5 5 5 5 5 5 5 5 5 5 5 5 5 5 5 5 5 5 5 5 5 5 5 5 5 5 5 5 5 5 5 5 5 5 5 5 5 5 5 5 5 5 5 5 5 5 5 5 5 5 5 5 5 5 5 5 5 5 5 5 5 5 5 5 5 5 5 5 5 5 5 5 5 5 5 5 5 5 5 5 5 5 5 5 5 5 5 5 5 5 5 5 5 5 5 5 5 5 5 5 5 5 5 5 5 5 5 5 5 5 5 5 5 5 5 5 5 5 5 5 5 5 5 5 5 5 5 5 5 5 5 5 5 5 5 5 5 5 5 5 5 5 5 5 5 5 5 5 5 5 5 5 5 5 5 5 5 5 5 5 5 5 5 5 5 5 5 5 5 5 5 5 5 5 5 5 5 5 5 5 5 5 5 5 5 5 5 5 5 5 5 5 5 5 5 5 5 5 5 5 5 5 5 5 5 5 5 5 5 5 5 5 5 5 5 5 5 5 5 5 5 5 5 5 5 5 5 5 5 5 5 5 5 5 5 5 5 5 5 5 5 5 5 5 5 5 5 5 5 5 5 5 5 5 5 5 5 5 5 5 5 5 5 5 5 5 5 5 5 5 5 5 5 5 5 5 5 5 5 5 5 5 5 5 5 5 5 5 5 5 5 5 5 5 5 5 5 5 5 5 5 5 5 5 5 5 5 5 5 5 5 5 5 5 5 5 5 5 5 5 5 5 5 5 5 5 5 5 5 5 5 5 5 5 5 5 5 5 5 5 5 5 5 5 5 5 5 5 5 5 5 5 5 5 5 5 5 5 5 5 5 5 5 5 5 5 5 5 5 5 5 5 5 5 5 5 5 5 5 5 5 5 5 5 5 5 5 5 5 5 5 5 5 5 5 5 5 5 5 5 5 5 5 5 5 5 5 5 5 5 5 5 5 5 5 5 5 5 5 5 5 5 5 5 5 5 5 5 5 5 5 5 5 5 5 5 5 5 5 5 5 5 5 5 5 5 5 5 5 5 5 5 5 5 5 5 5 5 5 5 5 5 5 5 5 5 5 5 5 5 5 5 5 5 5 5 5 5 5 5 5 5 5 5 5 5 5 5 5 5 5 5 5 5 5 5 5 5 5 5 5 5 5 5 5 5 5 5 5 5 5 5 5 5 5 5 5 5 5 5 5 5 5 5 5 5 5 5 5 5 5 5 5 5 5 5 5 5 5 5 5 5 5 5 5 5 5 5 5 5 5 5 5 5 5 5 5 5 5 5 5 5 5 5 5 5 5 5 5 5 5 5 5 5 5 5 5 5 5 5 5 5 5 5 5 5 5 5 5 5 5 5 5 5 5 5 5 5 5 5 5 5 5 5 5 5 5 5 5 5 5 5 5 5 5 5 5 5 5 5 5 5 5 5 5 5 5 5 5 5 5 5 5 5 5 5 5 5 5 5 5 5 5 5 5 5 5 5 5 5 5 5 5 5 5 5 5 5 5 5 5 5 5 5 5 5 5 5 5 5 5 5 5 5 5 5 5 5 5 5 5 5 5 5 5 5 5 5 5 5 5 5 5 5 5 5 5 5 5 5 5 5 5 5 5 5 5 5 5 5 5 5 5 5 5 5 5 5 5 5 5 5 5 5 5 5 5 5 5 5 5 5 5 5 5 5 5 5 5 5 5 5 5 5 5 5 5 5 5 5 5 5 5 5 5 5 5 5 5 5 5 5 5 5 5 5 5 5 5 5 5 5 5 5 5 5 5 5 5 5 5 5 5 5 5 5 5 5 5 5 5 5 5 5 5 5 5 5 5 5 5 5 5 5 5 5 5 5 5 5 5 5 5 5 5 5 5 5 5 5 5 5 5 5 5 5 5 5 5 5 5 5 5 5 5 5 5 5 5 5 5 5 5 5 5 5 5 5 5 5 5 5 5 5 5 5 5 5 5 5 5 5 5 5 5 5 5 5 5 5 5 5 5 5 5 5 5 5 5 5 5 5 5 5 5 5 5 5 5 5 5 5 5 5 5 5 5 5 5 5 5 5 5 5 5 5 5 5 5 5 5 5 5 5 5 5 5 5 5 5 5 5 5 5 5 5 5 5 5 5 5 5 5 5 5 5 5 5 5 5 5 5 5 5 5 5 5 5 5 5 5 5 5 5 5 5 5 5 5 5 5 5 5 5 5 5 5 5 5 5 5 5 5 5 5 5 5 5 5 5 5 5 5 5 5 5 5 5 5 5 5 5 5 5 5 5 5 5 5 5 5 5 5 5 5 5 5 5 5 5 5 5 5 5 5 5 5 5 5 5 5 5 5 5 5 5 5 5 5 5 5 5 5 5 5 5 5 5 5 5 5 5 5 5 5 5 5 5 5 5 5 5 5 5 5 5 5 5 5 5 5 5 5 5 5 5 5 5 5 5 5 5 5 5 5 5 5 5 5 5 5 5 5 5 5 5 5 5 5 5 5 5 5 5 5 5 5 5 5 5 5 5 5 5 5 5 5 5 5 5 5 5 5 5 5 5 5 5 5 5 5 5 5 5 5 5 5 5 5 5 5 5 5 5 5 5 5 5 5 5 5 5 5 5 5 5 5 5 5 5 5 5 5 5 5 5 5 5 5 5 5 5 5 5 5 5 5 5 5 5 5 5 5 5 5 5 5 5 5 5 5 5 5 5 5 5 5 5 5 5 5 5 5 5 5 5 5 5 5 5 5 5 5 5 5 5 5 5 5 5 5 5 5 5 5 5 5 5 5 5 5 5 5 5 5 5 5 5 5 5 5 5 5 5 5 5 5 5 5 5 5 5 5 5 5 5 5 5 5 5 5 5 5 5 5 5 5 5 5 5 5 5 5 5 5 5 5 5 5 5 5 5 5 5 5 5 5 5 5 5 5 5 5 5 5 5 5 5 5 5 5 5 5 5 5 5 5 5 5 5 5 5 5 5 5 5 5 5 5 5 5 5 5 5 5 5 5 5 5 5 5 5 5 5 5 5 5 5 5 5 5 5 5 5 5 5 5 5 5 5 5 5 5 5 5 5 5 5 5 5 5 5 5 5 5 5 5 5 5 5 5 5 5 5 5 5 5 5 5 5 5 5 5 5 5 5 5 5 5 5 5 5 5 5 5 5 5 5 5 5 5 5 5 5 5 5 5 5 5 5 5 5 5 5 5 5 5 5 5 5 5 5 5 5 5 5 5 5 5 5 5 5 5 5 5 5 5 5 5 5 5 5 5 5 5 5 5 5 5 5 5 5 5 5 5 5 5 5 5 5 5 5 5 5 5 5 5 5 5 5 5 5 5 5 5 5 5 5 5 5 5 5 5 5 5 5 5 5 5 5 5 5 5 5 5 5 5 5 5 5 5 5 5 5 5 5 5 5 5 5 5 5 5 5 5 5 5 5 5 5 5 5 5 5 5 5 5 5 5 5 5 5 5 5 5 5 5 5 5 5 5 5 5 5 5 5 5 5 5 5 5 5 5 5 5 5 5 5 5 5 5 5 5 5 5 5 5 5 5 5 5 5 5 5 5 5 5 5 5 5 5 5 5 5 5 5 5 5 5 5 5 5 5 5 5 5 5 5 5 5 5 5 5 5 5 5 5 5 5 5 5 5 5 5 5 5 5 5 5 5 5 5 5 5 5 5 5 5 5 5 5 5 5 5 5 5 5 5 5 5 5 5 5 5 5 5 5 5 5 5 5 5 5 5 5 5 5 5 5 5 5 5 5 5 5 5 5 5 5 5 5 5 5 5 5 5 5 5 5 5 5 5 5 5 5 5 5 5 5 5 5 5 5 5 5 5 5 5 5 5 5 5 5 5 5 5 5 5 5 5 5 5 5 5 5 5 5 5 5 5 5 5 5 5 5 5 5 5 5 5 5 5 5 5 5 5 5 5 5 5 5 5 5 5 5 5 5 5 5 5 5 5 5 5 5 5 5 5 5 5 5 5 5 5 5 5 5 5 5 5 5 5 5 5 5 5 5 5 5 5 5 5 5 5 5 5 5 5 5 5 5 5 5 5 5 5 5 5 5 5 5 5 5 5 5 5 5 5 5 5 5 5 5 5 5 5 5 5 5 5 5 5 5 5 5 5 5 5 5 5 5 5 5 5 5 5 5 5 5 5 5 5 5 5 5 5 5 5 5 5 5 5 5 5 5 5 5 5 5 5 5 5 5 5 5 5 5 5 5 5 5 5 5 5 5 5 5 5 5 5 5 5 5 5 5 5 5 5 5 5 5 5 5 5 5 5 5 5 5 5 5 5 5 5 5 5 5 5 5 5 5 5 5 5 5 5 5 5 5 5 5 5 5 5 5 5 5 5 5 5 5 5 5 5 5 5 5 5 5 5 5 5 5 5 5 5 5 5 5 5 5 5 5 5 5 5 5 5 5 5 5 5 5 5 5 5 5 5 5 5 5 5 5 5 5 5 5 5 5 5 5 5 5 5 5 5 5 5 5 5 5 5 5 5 5 5 5 5 5 5 5 5 5 5 5 5 5 5 5 5 5 5 5 5 5 5 5 5 5 5 5 5 5 5 5 5 5 5 5 5 5 5 5 5 5 5 5 5 5 5 5 5 5 5 5 5 5 5 5 5 5 5 5 5 5 5 5 5 5 5 5 5 5 5 5 5 5 5 5 5 5 5 5 5 5 5 5 5 5 5 5 5 5 5 5 5 5 5 5 5 5 5 5 5 5 5 5 5 5 5 5 5 5 5 5 5 5 5 5 5 5 5 5 5 5 5 5 5 5 5 5 5 5 5 5 5 5 5 5 5 5 5 5 5 5 5 5 5 5 5 5 5 5 5 5 5 5 5 5 5 5 5 5 5 5 5 5 5 5 5 5 5 5 5 5 5 5 5 5 5 5 5 5 5 5 5 5 5 5 5 5 5 5 5 5 5 5 5 5 5 5 5 5 5 5 5 5 5 5 5 5 5 5 5 5 5 5 5 5 5 5 5 5 5 5 5 5 5 5 5 5 5 5 5 5 5 5 5 5 5 5 5 5 5 5 5 5 5 5 5 5 5 5 5 5 5 5 5 5 5 5 5 5 5 5 5 5 5 5 5 5 5 5 5 5 5 5 5 5 5 5 5 5 5 5 5 5 5 5 5 5 5 5 5 5 5 5 5 5 5 5 5 5 5 5 5 5 5 5 5 5 5 5 5 5 5 5 5 5 5 5 5 5 5 5 5 5 5 5 5 5 5 5 5 5 5 5 5 5 5 5 5 5 5 5 5 5 5 5 5 5 5 5 5 5 5 5 5 5 5 5 5 5 5 5 5 5 5 5 5 5 5 5 5 5 5 5 5 5 5 5 5 5 5 5 5 5 5 5 5 5 5 5 5 5 5 5 5 5 5 5 5 5 5 5 5 5 5 5 5 5 5 5 5 5 5 5 5 5 5 5 5 5 5 5 5 5 5 5 5 5 5 5 5 5 5 5 5 5 5 5 5 5 5 5 5 5 5 5 5 5 5 5 5 5 5 5 5 5 5 5 5 5 5 5 5 5 5 5 5 5 5 5 5 5 5 5 5 5 5 5 5 5 5 5 5 5 5 5 5 5 5 5 5 5 5 5 5 5 5 5 5 5 5 5 5 5 5 5 5 5 5 5 5 5 5 5 5 5 5 5 5 5 5 5 5 5 5 5 5 5 5 5 5 5 5 5 5 5 5 5 5 5 5 5 5 5 5 5 5 5 5 5 5 5 5 5 5 5 5 5 5 5 5 5 5 5 5 5 5 5 5 5 5 5 5 5 5 5 5 5 5 5 5 5 5 5 5 5 5 5 5 5 5 5 5 5 5 5 5 5 5 5 5 5 5 5 5 5 5 5 5 5 5 5 5 5 5 5 5 5 5 5 5 5 5 5 5 5 5 5 5 5 5 5 5 5 5 5 5 5 5 5 5 5 5 5 5 5 5 5 5 5 5 5 5 5 5 5 5 5 5 5 5 5 5 5 5 5 5 5 5 5 5 5 5 5 5 5 5 5 5 5 5 5 5 5 5 5 5 5 5 5 5 5 5 5 5 5 5 5 5 5 5 5 5 5 5 5 5 5 5 5 5 5 5 5 5 5 5 5 5 5 5 5 5 5 5 5 5 5 5 5 5 5 5 5 5 5 5 5 5 5 5 5 5 5 5 5 5 5 5 5 5 5 5 5 5 5 5 5 5 5 5 5 5 5 5 5 5 5 5 5 5 5 5 5 5 5 5 5 5 5 5 5 5 5 5 5 5 5 5 5 5 5 5 5 5 5 5 5 5 5 5 5 5 5 5 5 5 5 5 5 5 5 5 5 5 5 5 5 5 5 5 5 5 5 5 5 5 5 5 5 5 5 5 5 5 5 5 5 5 5 5 5 5 5 5 5 5 5 5 5 5 5 5 5 5 5 5 5 5 5 5 5 5 5 5 5 5 5 5 5 5 5 5 5 5 5 5 5 5 5 5 5 5 5 5 5 5 5 5 5 5 5 5 5 5 5 5 5 5 5 5 5 5 5 5 5 5 5 5 5 5 5 5 5 5 5 5 5 5 5 5 5 5 5 5 5 5 5 5 5 5 5 5 5 5 5 5 5 5 5 5 5 5 5 5 5 5 5 5 5 5 5 5 5 5 5 5 5 5 5 5 5 5 5 5 5 5 5 5 5 5 5 5 5 5 5 5 5 5 5 5 5 5 5 5 5 5 5 5 5 5 5 5 5 5 5 5 5 5 5 5 5 5 5 5 5 5 5 5 5 5 5 5 5 5 5 5 5 5 5 5 5 5 5 5 5 5 5 5 5 5 5 5 5 5 5 5 5 5 5 5 5 5 5 5 5 5 5 5 5 5 5 5 5 5 5 5 5 5 5 5 5 5 5 5 5 5 5 5 5 5 5 5 5 5 5 5 5 5 5 5 5 5 5 5 5 5 5 5 5 5 5 5 5 5 5 5 5 5 5 5 5 5 5 5 5 5 5 5 5 5 5 5 5 5 5 5 5 5 5 5 5 5 5 5 5 5 5 5 5 5 5 5 5 5 5 5 5 5 5 5 5 5 5 5 5 5 5 5 5 5 5 5 5 5 5 5 5 5 5 5 5 5 5 5 5 5 5 5 5 5 5 5 5 5 5 5 5 5 5 5 5 5 5 5 5 5 5 5 5 5 5 5 5 5 5 5 5 5 5 5 5 5 5 5 5 5 5 5 5 5 5 5 5 5 5 5 5 5 5 5 5 5 5 5 5 5 5 5 5 5 5 5 5 5 5 5 5 5 5 5 5 5 5 5 5 5 5 5 5 5 5 5 5 5 5 5 5 5 5 5 5 5 5 5 5 5 5 5 5 5 5 5 5 5 5 5 5 5 5 5 5 5 5 5 5 5 5 5 5 5 5 5 5 5 5 5 5 5 5 5 5 5 5 5 5 5 5 5 5 5 5 5 5 5 5 5 5 5 5 5 5 5 5 5 5 5 5 5 5 5 5 5 5 5 5 5 5 5 5 5 5 5 5 5 5 5 5 5 5 5 5 5 5 5 5 5 5 5 5 5 5 5 5 5 5 5 5 5 5 5 5 5 5 5 5 5 5 5 5 5 5 5 5 5 5 5 5 5 5 5 5 5 5 5 5 5 5 5 5 5 5 5 5 5 5 5 5 5 5 5 5 5 5 5 5 5 5 5 5 5 5 5 5 5 5 5 5 5 5 5 5 5 5 5 5 5 5 5 5 5 5 5 5 5 5 5 5 5 5 5 5 5 5 5 5 5 5 5 5 5 5 5 5 5 5 5 5 5 5 5 5 5 5 5 5 5 5 5 5 5 5 5 5 5 5 5 5 5 5 5 5 5 5 5 5 5 5 5 5 5 5 5 5 5 5 5 5 5 5 5 5 5 5 5 5 5 5 5 5 5 5 5 5 5 5 5 5 5 5 5 5 5 5 5 5 5 5 5 5 5 5 5 5 5 5 5 5 5 5 5 5 5 5 5 5 5 5 5 5 5 5 5 5 5 5 5 5 5 5 5 5 5 5 5 5 5 5 5 5 5 5 5 5 5 5 5 5 5 5 5 5 5 5 5 5 5 5 5 5 5 5 5 5 5 5 5 5 5 5 5 5 5 5 5 5 5 5 5 5 5 5 5 5 5 5 5 5 5 5 5 5 5 5 5 5 5 5 5 5 5 5 5 5 5 5 5 5 5 5 5 5 5 5 5 5 5 5 5 5 5 5 5 5 5 5 5 5 5 5 5 5 5 5 5 5 5 5 5 5 5 5 5 5 5 5 5 5 5 5 5 5 5 5 5 5 5 5 5 5 5 5 5 5 5 5 5 5 5 5 5 5 5 5 5 5 5 5 5 5 5 5 5 5 5 5 5 5 5 5 5 5 5 5 5 5 5 5 5 5 5 5 5 5 5 5 5 5 5 5 5 5 5 5 5 5 5 5 5 5 5 5 5 5 5 5 5 5 5 5 5 5 5 5 5 5 5 5 5 5 5 5 5 5 5 5 5 5 5 5 5 5 5 5 5 5 5 5 5 5 5 5 5 5 5 5 5 5 5 5 5 5 5 5 5 5 5 5 5 5 5 5 5 5 5 5 5 5 5 5 5 5 5 5 5 5 5 5 5 5 5 5 5 5 5 5 5 5 5 5 5 5 5 5 5 5 5 5 5 5 5 5 5 5 5 5 5 5 5 5 5 5 5 5 5 5 5 5 5 5 5 5 5 5 5 5 5 5 5 5 5 5 5 5 5 5 5 5 5 5 5 5 5 5 5 5 5 5 5 5 5 5 5 5 5 5 5 5 5 5 5 5 5 5 5 5 5 5 5 5 5 5 5 5 5 5 5 5 5 5 5 5 5 5 5 5 5 5 5 5 5 5 5 5 5 5 5 5 5 5 5 5 5 5 5 5 5 5 5 5 5 5 5 5 5 5 5 5 5 5 5 5 5 5 5 5 5 5 5 5 5 5 5 5 5 5 5 5 5 5 5 5 5 5 5 5 5 5 5 5 5 5 5 5 5 5 5 5 5 5 5 5 5 5 5 5 5 5 5 5 5 5 5 5 5 5 5 5 5 5 5 5 5 5 5 5 5 5 5 5 5 5 5 5 5 5 5 5 5 5 5 5 5 5 5 5 5 5 5 5 5 5 5 5 5 5 5 5 5 5 5 5 5 5 5 5 5 5 5 5 5 5 5 5 5 5 5 5 5 5 5 5 5 5 5 5 5 5 5 5 5 5 5 5 5 5 5 5 5 5 5 5 5 5 5 5 5 5 5 5 5 5 5 5 5 5 5 5 5 5 5 5 5 5 5 5 5 5 5 5 5 5 5 5 5 5 5 5 5 5 5 5 5 5 5 5 5 5 5 5 5 5 5 5 5 5 5 5 5 5 5 5 5 5 5 5 5 5 5 5 5 5 5 5 5 5 5 5 5 5 5 5 5 5 5 5 5 5 5 5 5 5 5 5 5 5 5 5 5 5 5 5 5 5 5 5 5 5 5 5 5 5 5 5 5 5 5 5 5 5 5 5 5 5 5 5 5 5 5 5 5 5 5 5 5 5 5 5 5 5 5 5 5 5 5 5 5 5 5 5 5 5 5 5 5 5 5 5 5 5 5 5 5 5 5 5 5 5 5 5 5 5 5 5 5 5 5 5 5 5 5 5 5 5 5 5 5 5 5 5 5 5 5 5 5 5 5 5 5 5 5 5 5 5 5 5 5 5 5 5 5 5 5 5 5 5 5 5 5 5 5 5 5 5 5 5 5 5 5 5 5 5 5 5 5 5 5 5 5 5 5 5 5 5 5 5 5 5 5 5 5 5 5 5 5 5 5 5 5 5 5 5 5 5 5 5 5 5 5 5 5 5 5 5 5 5 5 5 5 5 5 5 5 5 5 5 5 5 5 5 5 5 5 5 5 5 5 5 5 5 5 5 5 5 5 5 5 5 5 5 5 5 5 5 5 5 5 5 5 5 5 5 5 5 5 5 5 5 5 5 5 5 5 5 5 5 5 5 5 5 5 5 5 5 5 5 5 5 5 5 5 5 5 5 5 5 5 5 5 5 5 5 5 5 5 5 5 5 5 5 5 5 5 5 5 5 5 5 5 5 5 5 5 5 5 5 5 5 5 5 5 5 5 5 5 5 5 5 5 5 5 5 5 5 5 5 5 5 5 5 5 5 5 5 5 5 5 5 5 5 5 5 5 5 5 5 5 5 5 5 5 5 5 5 5 5 5 5 5 5 5 5 5 5 5 5 5 5 5 5 5 5 5 5 5 5 5 5 5 5 5 5 5 5 5 5 5 5 5 5 5 5 5 5 5 5 5 5 5 5 5 5 5 5 5 5 5 5 5 5 5 5 5 5 5 5 5 5 5 5 5 5 5 5 5 5 5 5 5 5 5 5 5 5 5 5 5 5 5 5 5 5 5 5 5 5 5 5 5 5 5 5 5 5 5 5 5 5 5 5 5 5 5 5 5 5 5 5 5 5 5 5 5 5 5 5 5 5 5 5 5 5 5 5 5 5 5 5 5 5 5 5 5 5 5 5 5 5 5 5 5 5 5 5 5 5 5 5 5 5 5 5 5 5 5 5 5 5 5 5 5 5 5 5 5 5 5 5 5 5 5 5 5 5 5 5 5 5 5 5 5 5 5 5 5 5 5 5 5 5 5 5 5 5 5 5 5 5 5 5 5 5 5 5 5 5 5 5 5 5 5 5 5 5 5 5 5 5 5 5 5 5 5 5 5 5 5 5 5 5 5 5 5 5 5 5 5 5 5 5 5 5 5 5 5 5 5 5 5 5 5 5 5 5 5 5 5 5 5 5 5 5 5 5 5 5 5 5 5 5 5 5 5 5 5 5 5 5 5 5 5 5 5 5 5 5 5 5 5 5 5 5 5 5 5 5 5 5 5 5 5 5 5 5 5 5 5 5 5 5 5 5 5 5 5 5 5 5 5 5 5 5 5 5 5 5 5 5 5 5 5 5 5 5 5 5 5 5 5 5 5 5 5 5 5 5 5 5 5 5 5 5 5 5 5 5 5 5 5 5 5 5 5 5 5 5 5 5 5 5 5 5 5 5 5 5 5 5 5 5 5 5 5 5 5 5 5 5 5 5 5 5 5 5 5 5 5 5 5 5 5 5 5 5 5 5 5 5 5 5 5 5 5 5 5 5 5 5 5 5 5 5 5 5 5 5 5 5 5 5 5 5 5 5 5 5 5 5 5 5 5 5 5 5 5 5 5 5 5 5 5 5 5 5 5 5 5 5 5 5 5 5 5 5 5 5 5 5 5 5 5 5 5 5 5 5 5 5 5 5 5 5 5 5 5 5 5 5 5 5 5 5 5 5 5 5 5 5 5 5 5 5 5 5 5 5 5 5 5 5 5 5 5 5 5 5 5 5 5 5 5 5 5 5 5 5 5 5 5 5 5 5 5 5 5 5 5 5 5 5 5 5 5 5 5 5 5 5 5 5 5 5 5 5 5 5 5 5 5 5 5 5 5 5 5 5 5 5 5 5 5 5 5 5 5 5 5 5 5 5 5 5 5 5 5 5 5 5 5 5 5 5 5 5 5 5 5 5 5 5 5 5 5 5 5 5 5 5 5 5 5 5 5 5 5 5 5 5 5 5 5 5 5 5 5 5 5 5 5 5 5 5 5 5 5 5 5 5 5 5 5 5 5 5 5 5 5 5 5 5 5 5 5 5 5 5 5 5 5 5 5 5 5 5 5 5 5 5 5 5 5 5 5 5 5 5 5 5 5 5 5 5 5 5 5 5 5 5 5 5 5 5 5 5 5 5 5 5 5 5 5 5 5 5 5 5 5 5 5 5 5 5 5 5 5 5 5 5 5 5 5 5 5 5 5 5 5 5 5 5 5 5 5 5 5 5 5 5 5 5 5 5 5 5 5 5 5 5 5 5 5 5 5 5 5 5 5 5 5 5 5 5 5 5 5 5 5 5 5 5 5 5 5 5 5 5 5 5 5 5 5 5 5 5 5 5 5 5 5 5 5 5 5 5 5 5 5 5 5 5 5 5 5 5 5 5 5 5 5 5 5 5 5 5 5 5 5 5 5 5 5 5 5 5 5 5 5 5 5 5 5 5 5 5 5 5 5 5 5 5 5 5 5 5 5 5 5 5 5 5 5 5 5 5 5 5 5 5 5 5 5 5 5 5 5 5 5 5 5 5 5 5 5 5 5 5 5 5 5 5 5 5 5 5 5 5 5 5 5 5 5 5 5 5 5 5 5 5 5 5 5 5 5 5 5 5 5 5 5 5 5 5 5 5 5 5 5 5 5 5 5 5 5 5 5 5 5 5 5 5 5 5 5 5 5 5 5 5 5 5 5 5 5 5 5 5 5 5 5 5 5 5 5 5 5 5 5 5 5 5 5 5 5 5 5 5 5 5 5 5 5 5 5 5 5 5 5 5 5 5 5 5 5 5 5 5 5 5 5 5 5 5 5 5 5 5 5 5 5 5 5 5 5 5 5 5 5 5 5 5 5 5 5 5 5 5 5 5 5 5 5 5 5 5 5 5 5 5 5 5 5 5 5 5 5 5 5 5 5 5 5 5 5 5 5 5 5 5 5 5 5 5 5 5 5 5 5 5 5 5 5 5 5 5 5 5 5 5 5 5 5 5 5 5 5 5 5 5 5 5 5 5 5 5 5 5 5 5 5 5 5 5 5 5 5 5 5 5 5 5 5 5 5 5 5 5 5 5 5 5 5 5 5 5 5 5 5 5 5 5 5 5 5 5 5 5 5 5 5 5 5 5 5 5 5 5 5 5 5 5 5 5 5 5 5 5 5 5 5 5 5 5 5 5 5 5 5 5 5 5 5 5 5 5 5 5 5 5 5 5 5 5 5 5 5 5 5 5 5 5 5 5 5 5 5 5 5 5 5 5 5 5 5 5 5 5 5 5 5 5 5 5 5 5 5 5 5 5 5 5 5 5 5 5 5 5 5 5 5 5 5 5 5 5 5 5 5 5 5 5 5 5 5 5 5 5 5 5 5 5 5 5 5 5 5 5 5 5 5 5 5 5 5 5 5 5 5 5 5 5 5 5 5 5 5 5 5 5 5 5 5 5 5 5 5 5 5 5 5 5 5 5 5 5 5 5 5 5 5 5 5 5 5 5 5 5 5 5 5 5 5 5 5 5 5 5 5 5 5 5 5 5 5 5 5 5 5 5 5 5 5 5 5 5 5 5 5 5 5 5 5 5 5 5 5 5 5 5 5 5 5 5 5 5 5 5 5 5 5 5 5 5 5 5 5 5 5 5 5 5 5 5 5 5 5 5 5 5 5 5 5 5 5 5 5 5 5 5 5 5 5 5 5 5 5 5 5 5 5 5 5 5 5 5 5 5 5 5 5 5 5 5 5 5 5 5 5 5 5 5 5 5 5 5 5 5 5 5 5 5 5 5 5 5 5 5 5 5 5 5 5 5 5 5 5 5 5 5 5 5 5 5 5 5 5 5 5 5 5 5 5 5 5 5 5 5 5 5 5 5 5 5 5 5 5 5 5 5 5 5 5 5 5 5 5 5 5 5 5 5 5 5 5 5 5 5 5 5 5 5 5 5 5 5 5 5 5 5 5 5 5 5 5 5 5 5 5 5 5 5 5 5 5 5 5 5 5 5 5 5 5 5 5 5 5 5 5 5 5 5 5 5 5 5 5 5 5 5 5 5 5 5 5 5 5 5 5 5 5 5 5 5 5 5 5 5 5 5 5 5 5 5 5 5 5 5 5 5 5 5 5 5 5 5 5 5 5 5 5 5 5 5 5 5 5 5 5 5 5 5 5 5 5 5 5 5 5 5 5 5 5 5 5 5 5 5 5 5 5 5 5 5 5 5 5 5 5 5 5 5 5 5 5 5 5 5 5 5 5 5 5 5 5 5 5 5 5 5 5 5 5 5 5 5 5 5 5 5 5 5 5 5 5 5 5 5 5 5 5 5 5 5 5 5 5 5 5 5 5 5 5 5 5 5 5 5 5 5 5 5 5 5 5 5 5 5 5 5 5 5 5 5 5 5 5 5 5 5 5 5 5 5 5 5 5 5 5 5 5 5 5 5 5 5 5 5 5 5 5 5 5 5 5 5 5 5 5 5 5 5 5 5 5 5 5 5 5 5 5 5 5 5 5 5 5 5 5 5 5 5 5 5 5 5 5 5 5 5 5 5 5 5 5 5 5 5 5 5 5 5 5 5 5 5 5 5 5 5 5 5 5 5 5 5 5 5 5 5 5 5 5 5 5 5 5 5 5 5 5 5 5 5 5 5 5 5 5 5 5 5 5 5 5 5 5 5 5 5 5 5 5 5 5 5 5 5 5 5 5 5 5 5 5 5 5 5 5 5 5 5 5 5 5 5 5 5 5 5 5 5 5 5 5 5 5 5 5 5 5 5 5 5 5 5 5 5 5 5 5 5 5 5 5 5 5 5 5 5 5 5 5 5 5 5 5 5 5 5 5 5 5 5 5 5 5 5 5 5 5 5 5 5 5 5 5 5 5 5 5 5 5 5 5 5 5 5 5 5 5 5 5 5 5 5 5 5 5 5 5 5 5 5 5 5 5 5 5 5 5 5 5 5 5 5 5 5 5 5 5 5 5 5 5 5 5 5 5 5 5 5 5 5 5 5 5 5 5 5 5 5 5 5 5 5 5 5 5 5 5 5 5 5 5 5 5 5 5 5 5 5 5 5 5 5 5 5 5 5 5 5 5 5 5 5 5 5 5 5 5 5 5 5 5 5 5 5 5 5 5 5 5 5 5 5 5 5 5 5 5 5 5 5 5 5 5 5 5 5 5 5 5 5 5 5 5 5 5 5 5 5 5 5 5 5 5 5 5 5 5 5 5 5 5 5 5 5 5 5 5 5 5 5 5 5 5 5 5 5 5 5 5 5 5 5 5 5 5 5 5 5 5 5 5 5 5 5 5 5 5 5 5 5 5 5 5 5 5 5 5 5 5 5 5 5 5 5 5 5 5 5 5 5 5 5 5 5 5 5 5 5 5 5 5 5 5 5 5 5 5 5 5 5 5 5 5 5 5 5 5 5 5 5 5 5 5 5 5 5 5 5 5 5 5 5 5 5 5 5 5 5 5 5 5 5 5 5 5 5 5 5 5 5 5 5 5 5 5 5 5 5 5 5 5 5 5 5 5 5 5 5 5 5 5 5 5 5 5 5 5 5 5 5 5 5 5 5 5 5 5 5 5 5 5 5 5 5 5 5 5 5 5 5 5 5 5 5 5 5 5 5 5 5 5 5 5 5 5 5 5 5 5 5 5 5 5 5 5 5 5 5 5 5 5 5 5 5 5 5 5 5 5 5 5 5 5 5 5 5 5 5 5 5 5 5 5 5 5 5 5 5 5 5 5 5 5 5 5 5 5 5 5 5 5 5 5 5 5 5 5 5 5 5 5 5 5 5 5 5 5 5 5 5 5 5 5 5 5 5 5 5 5 5 5 5 5 5 5 5 5 5 5 5 5 5 5 5 5 5 5 5 5 5 5 5 5 5 5 5 5 5 5 5 5 5 5 5 5 5 5 5 5 5 5 5 5 5 5 5 5 5 5 5 5 5 5 5 5 5 5 5 5 5 5 5 5 5 5 5 5 5 5 5 5 5 5 5 5 5 5 5 5 5 5 5 5 5 5 5 5 5 5 5 5 5 5 5 5 5 5 5 5 5 5 5 5 5 5 5 5 5 5 5 5 5 5 5 5 5 5 5 5 5 5 5 5 5 5 5 5 5 5 5 5 5 5 5 5 5 5 5 5 5 5 5 5 5 5 5 5 5 5 5 5 5 5 5 5 5 5 5 5 5 5 5 5 5 5 5 5 5 5 5 5 5 5 5 5 5 5 5 5 5 5 5 5 5 5 5 5 5 5 5 5 5 5 5 5 5 5 5 5 5 5 5 5 5 5 5 5 5 5 5 5 5 5 5 5 5 5 5 5 5 5 5 5 5 5 5 5 5 5 5 5 5 5 5 5 5 5 5 5 5 5 5 5 5 5 5 5 5 5 5 5 5 5 5 5 5 5 5 5 5 5 5 5 5 5 5 5 5 5 5 5 5 5 5 5 5 5 5 5 5 5 5 5 5 5 5 5 5 5 5 5 5 5 5 5 5 5 5 5 5 5 5 5 5 5 5 5 5 5 5 5 5 5 5 5 5 5 5 5 5 5 5 5 5 5 5 5 5 5 5 5 5 5 5 5 5 5 5 5 5 5 5 5 5 5 5 5 5 5 5 5 5 5 5 5 5 5 5 5 5 5 5 5 5 5 5 5 5 5 5 5 5 5 5 5 5 5 5 5 5 5 5 5 5 5 5 5 5 5 5 5 5 5 5 5 5 5 5 5 5 5 5 5 5 5 5 5 5 5 5 5 5 5 5 5 5 5 5 5 5 5 5 5 5 5 5 5 5 5 5 5 5 5 5 5 5 5 5 5 5 5 5 5 5 5 5 5 5 5 5 5 5 5 5 5 5 5 5 5 5 5 5 5 5 5 5 5 5 5 5 5 5 5 5 5 5 5 5 5 5 5 5 5 5 5 5 5 5 5 5 5 5 5 5 5 5 5 5 5 5 5 5 5 5 5 5 5 5 5 5 5 5 5 5 5 5 5 5 5 5 5 5 5 5 5 5 5 5 5 5 5 5 5 5 5 5 5 5 5 5 5 5 5 5 5 5 5 5 5 5 5 5 5 5 5 5 5 5 5 5 5 5 5 5 5 5 5 5 5 5 5 5 5 5 5 5 5 5 5 5 5 5 5 5 5 5 5 5 5 5 5 5 5 5 5 5 5 5 5 5 5 5 5 5 5 5 5 5 5 5 5 5 5 5 5 5 5 5 5 5 5 5 5 5 5 5 5 5 5 5 5 5 5 5 5 5 5 5 5 5 5 5 5 5 5 5 5 5 5 5 5 5 5 5 5 5 5 5 5 5 5 5 5 5 5 5 5 5 5 5 5 5 5 5 5 5 5 5 5 5 5 5 5 5 5 5 5 5 5 5 5 5 5 5 5 5 5 5 5 5 5 5 5 5 5 5 5 5 5 5 5 5 5 5 5 5 5 5 5 5 5 5 5 5 5 5 5 5 5 5 5 5 5 5 5 5 5 5 5 5 5 5 5 5 5 5 5 5 5 5 5 5 5 5 5 5 5 5 5 5 5 5 5 5 5 5 5 5 5 5 5 5 5 5 5 5 5 5 5 5 5 5 5 5 5 5 5 5 5 5 5 5 5 5 5 5 5 5 5 5 5 5 5 5 5 5 5 5 5 5 5 5 5 5 5 5 5 5 5 5 5 5 5 5 5 5 5 5 5 5 5 5 5 5 5 5 5 5 5 5 5 5 5 5 5 5 5 5 5 5 5 5 5 5 5 5 5 5 5 5 5 5 5 5 5 5 5 5 5 5 5 5 5 5 5 5 5 5 5 5 5 5 5 5 5 5 5 5 5 5 5 5 5 5 5 5 5 5 5 5 5 5 5 5 5 5 5 5 5 5 5 5 5 5 5 5 5 5 5 5 5 5 5 5 5 5 5 5 5 5 5 5 5 5 5 5 5 5 5 5 5 5 5 5 5 5 5 5 5 5 5 5 5 5 5 5 5 5 5 5 5 5 5 5 5 5 5 5 5 5 5 5 5 5 5 5 5 5 5 5 5 5 5 5 5 5 5 5 5 5 5 5 5 5 5 5 5 5 5 5 5 5 5 5 5 5 5 5 5 5 5 5 5 5 5 5 5 5 5 5 5 5 5 5 5 5 5 5 5 5 5 5 5 5 5 5 5 5 5 5 5 5 5 5 5 5 5 5 5 5 5 5 5 5 5 5 5 5 5 5 5 5 5 5 5 5 5 5 5 5 5 5 5 5 5 5 5 5 5 5 5 5 5 5 5 5 5 5 5 5 5 5 5 5 5 5 5 5 5 5 5 5 5 5 5 5 5 5 5 5 5 5 5 5 5 5 5 5 5 5 5 5 5 5 5 5 5 5 5 5 5 5 5 5 5 5 5 5 5 5 5 5 5 5 5 5 5 5 5 5 5 5 5 5 5 5 5 5 5 5 5 5 5 5 5 5 5 5 5 5 5 5 5 5 5 5 5 5 5 5 5 5 5 5 5 5 5 5 5 5 5 5 5 5 5 5 5 5 5 5 5 5 5 5 5 5 5 5 5 5 5 5 5 5 5 5 5 5 5 5 5 5 5 5 5 5 5 5 5 5 5 5 5 5 5 5 5 5 5 5 5 5 5 5 5 5 5 5 5 5 5 5 5 5 5 5 5 5 5 5 5 5 5 5 5 5 5 5 5 5 5 5 5 5 5 5 5 5 5 5 5 5 5 5 5 5 5 5 5 5 5 5 5 5 5 5 5 5 5 5 5 5 5 5 5 5 5 5 5 5 5 5 5 5 5 5 5 5 5 5 5 5 5 5 5 5 5 5 5 5 5 5 5 5 5 5 5 5 5 5 5 5 5 5 5 5 5 5 5 5 5 5 5 5 5 5 5 5 5 5 5 5 5 5 5 5 5 5 5 5 5 5 5 5 5 5 5 5 5 5 5 5 5 5 5 5 5 5 5 5 5 5 5 5 5 5 5 5 5 5 5 5 5 5 5 5 5 5 5 5 5 5 5 5 5 5 5 5 5 5 5 5 5 5 5 5 5 5 5 5 5 5 5 5 5 5 5 5 5 5 5 5 5 5 5 5 5 5 5 5 5 5 5 5 5 5 5 5 5 5 5 5 5 5 5 5 5 5 5 5 5 5 5 5 5 5 5 5 5 5 5 5 5 5 5 5 5 5 5 5 5 5 5 5 5 5 5 5 5 5 5 5 5 5 5 5 5 5 5 5 5 5 5 5 5 5 5 5 5 5 5 5 5 5 5 5 5 5 5 5 5 5 5 5 5 5 5 5 5 5 5 5 5 5 5 5 5 5 5 5 5 5 5 5 5 5 5 5 5 5 5 5 5 5 5 5 5 5 5 5 5 5 5 5 5 5 5 5 5 5 5 5 5 5 5 5 5 5 5 5 5 5 5 5 5 5 5 5 5 5 5 5 5 5 5 5 5 5 5 5 5 5 5 5 5 5 5 5 5 5 5 5 5 5 5 5 5 5 5 5 5 5 5 5 5 5 5 5 5 5 5 5 5 5 5 5 5 5 5 5 5 5 5 5 5 5 5 5 5 5 5 5 5 5 5 5 5 5 5 5 5 5 5 5 5 5 5 5 5 5 5 5 5 5 5 5 5 5 5 5 5 5 5 5 5 5 5 5 5 5 5 5 5 5 5 5 5 5 5 5 5 5 5 5 5 5 5 5 5 5 5 5 5 5 5 5 5 5 5 5 5 5 5 5 5 5 5 5 5 5 5 5 5 5 5 5 5 5 5 5 5 5 5 5 5 5 5 5 5 5 5 5 5 5 5 5 5 5 5 5 5 5 5 5 5 5 5 5 5 5 5 5 5 5 5 5 5 5 5 5 5 5 5 5 5 5 5 5 5 5 5 5 5 5 5 5 5 5 5 5 5 5 5 5 5 5 5 5 5 5 5 5 5 5 5 5 5 5 5 5 5 5 5 5 5 5 5 5 5 5 5 5 5 5 5 5 5 5 5 5 5 5 5 5 5 5 5 5 5 5 5 5 5 5 5 5 5 5 5 5 5 5 5 5 5 5 5 5 5 5 5 5 5 5 5 5 5 5 5 5 5 5 5 5 5 5 5 5 5 5 5 5 5 5 5 5 5 5 5 5 5 5 5 5 5 5 5 5 5 5 5 5 5 5 5 5 5 5 5 5 5 5 5 5 5 5 5 5 5 5 5 5 5 5 5 5 5 5 5 5 5 5 5 5 5 5 5 5 5 5 5 5 5 5 5 5 5 5 5 5 5 5 5 5 5 5 5 5 5 5 5 5 5 5 5 5 5 5 5 5 5 5 5 5 5 5 5 5 5 5 5 5 5 5 5 5 5 5 5 5 5 5 5 5 5 5 5 5 5 5 5 5 5 5 5 5 5 5 5 5 5 5 5 5 5 5 5 5 5 5 5 5 5 5 5 5 5 5 5 5 5 5 5 5 5 5 5 5 5 5 5 5 5 5 5 5 5 5 5 5 5 5 5 5 5 5 5 5 5 5 5 5 5 5 5 5 5 5 5 5 5 5 5 5 5 5 5 5 5 5 5 5 5 5 5 5 5 5 5 5 5 5 5 5 5 5 5 5 5 5 5 5 5 5 5 5 5 5 5 5 5 5 5 5 5 5 5 5 5 5 5 5 5 5 5 5 5 5 5 5 5 5 5 5 5 5 5 5 5 5 5 5 5 5 5 5 5 5 5 5 5 5 5 5 5 5 5 5 5 5 5 5 5 5 5 5 5 5 5 5 5 5 5 5 5 5 5 5 5 5 5 5 5 5 5 5 5 5 5 5 5 5 5 5 5 5 5 5 5 5 5 5 5 5 5 5 5 5 5 5 5 5 5 5 5 5 5 5 5 5 5 5 5 5 5 5 5 5 5 5 5 5 5 5 5 5 5 5 5 5 5 5 5 5 5 5 5 5 5 5 5 5 5 5 5 5 5 5 5 5 5 5 5 5 5 5 5 5 5 5 5 5 5 5 5 5 5 5 5 5 5 5 5 5 5 5 5 5 5 5 5 5 5 5 5 5 5 5 5 5 5 5 5 5 5 5 5 5 5 5 5 5 5 5 5 5 5 5 5 5 5 5 5 5 5 5 5 5 5 5 5 5 5 5 5 5 5 5 5 5 5 5 5 5 5 5 5 5 5 5 5 5 5 5 5 5 5 5 5 5 5 5 5 5 5 5 5 5 5 5 5 5 5 5 5 5 5 5 5 5 5 5 5 5 5 5 5 5 5 5 5 5 5 5 5 5 5 5 5 5 5 5 5 5 5 5 5 5 5 5 5 5 5 5 5 5 5 5 5 5 5 5 5 5 5 5 5 5 5 5 5 5 5 5 5 5 5 5 5 5 5 5 5 5 5 5 5 5 5 5 5 5 5 5 5 5 5 5 5 5 5 5 5 5 5 5 5 5 5 5 5 5 5 5 5 5 5 5 5 5 5 5 5 5 5 5 5 5 5 5 5 5 5 5 5 5 5 5 5 5 5 5 5 5 5 5 5 5 5 5 5 5 5 5 5 5 5 5 5 5 5 5 5 5 5 5 5 5 5 5 5 5 5 5 5 5 5 5 5 5 5 5 5 5 5 5 5 5 5 5 5 5 5 5 5 5 5 5 5 5 5 5 5 5 5 5 5 5 5 5 5 5 5 5 5 5 5 5 5 5 5 5 5 5 5 5 5 5 5 5 5 5 5 5 5 5 5 5 5 5 5 5 5 5 5 5 5 5 5 5 5 5 5 5 5 5 5 5 5 5 5 5 5 5 5 5 5 5 5 5 5 5 5 5 5 5 5 5 5 5 5 5 5 5 5 5 5 5 5 5 5 5 5 5 5 5 5 5 5 5 5 5 5 5 5 5 5 5 5 5 5 5 5 5 5 5 5 5 5 5 5 5 5 5 5 5 5 5 5 5 5 5 5 5 5 5 5 5 5 5 5 5 5 5 5 5 5 5 5 5 5 5 5 5 5 5 5 5 5 5 5 5 5 5 5 5 5 5 5 5 5 5 5 5 5 5 5 5 5 5 5 5 5 5 5 5 5 5 5 5 5 5 5 5 5 5 5 5 5 5 5 5 5 5 5 5 5 5 5 5 5 5 5 5 5 5 5 5 5 5 5 5 5 5 5 5 5 5 5 5 5 5 5 5 5 5 5 5 5 5 5 5 5 5 5 5 5 5 5 5 5 5 5 5 5 5 5 5 5 5 5 5 5 5 5 5 5 5 5 5 5 5 5 5 5 5 5 5 5 5 5 5 5 5 5 5 5 5 5 5 5 5 5 5 5 5 5 5 5 5 5 5 5 5 5 5 5 5 5 5 5 5 5 5 5 5 5 5 5 5 5 5 5 5 5 5 5 5 5 5 5 5 5 5 5 5 5 5 5 5 5 5 5 5 5 5 5 5 5 5 5 5 5 5 5 5 5 5 5 5 5 5 5 5 5 5 5 5 5 5 5 5 5 5 5 5 5 5 5 5 5 5 5 5 5 5 5 5 5 5 5 5 5 5 5 5 5 5 5 5 5 5 5 5 5 5 5 5 5 5 5 5 5 5 5 5 5 5 5 5 5 5 5 5 5 5 5 5 5 5 5 5 5 5 5 5 5 5 5 5 5 5 5 5 5 5 5 5 5 5 5 5 5 5 5 5 5 5 5 5 5 5 5 5 5 5 5 5 5 5 5 5 5 5 5 5 5 5 5 5 5 5 5 5 5 5 5 5 5 5 5 5 5 5 5 5 5 5 5 5 5 5 5 5 5 5 5 5 5 5 5 5 5 5 5 5 5 5 5 5 5 5 5 5 5 5 5 5 5 5 5 5 5 5 5 5 5 5 5 5 5 5 5 5 5 5 5 5 5 5 5 5 5 5 5 5 5 5 5 5 5 5 5 5 5 5 5 5 5 5 5 5 5 5 5 5 5 5 5 5 5 5 5 5 5 5 5 5 5 5 5 5 5 5 5 5 5 5 5 5 5 5 5 5 5 5 5 5 5 5 5 5 5 5 5 5 5 5 5 5 5 5 5 5 5 5 5 5 5 5 5 5 5 5 5 5 5 5 5 5 5 5 5 5 5 5 5 5 5 5 5 5 5 5 5 5 5 5 5 5 5 5 5 5 5 5 5 5 5 5 5 5 5 5 5 5 5 5 5 5 5 5 5 5 5 5 5 5 5 5 5 5 5 5 5 5 5 5 5 5 5 5 5 5 5 5 5 5 5 5 5 5 5 5 5 5 5 5 5 5 5 5 5 5 5 5 5 5 5 5 5 5 5 5 5 5 5 5 5 5 5 5 5 5 5 5 5 5 5 5 5 5 5 5 5 5 5 5 5 5 5 5 5 5 5 5 5 5 5 5 5 5 5 5 5 5 5 5 5 5 5 5 5 5 5 5 5 5 5 5 5 5 5 5 5 5 5 5 5 5 5 5 5 5 5 5 5 5 5 5 5 5 5 5 5 5 5 5 5 5 5 5 5 5 5 5 5 5 5 5 5 5 5 5 5 5 5 5 5 5 5 5 5 5 5 5 5 5 5 5 5 5 5 5 5 5 5 5 5 5 5 5 5 5 5 5 5 5 5 5 5 5 5 5 5 5 5 5 5 5 5 5 5 5 5 5 5 5 5 5 5 5 5 5 5 5 5 5 5 5 5 5 5 5 5 5 5 5 5 5 5 5 5 5 5 5 5 5 5 5 5 5 5 5 5 5 5 5 5 5 5 5 5 5 5 5 5 5 5 5 5 5 5 5 5 5 5 5 5 5 5 5 5 5 5 5 5 5 5 5 5 5 5 5 5 5 5 5 5 5 5 5 5 5 5 5 5 5 5 5 5 5 5 5 5 5 5 5 5 5 5 5 5 5 5 5 5 5 5 5 5 5 5 5 5 5 5 5 5 5 5 5 5 5 5 5 5 5 5 5 5 5 5 5 5 5 5 5 5 5 5 5 5 5 5 5 5 5 5 5 5 5 5 5 5 5 5 5 5 5 5 5 5 5 5 5 5 5 5 5 5 5 5 5 5 5 5 5 5 5 5 5 5 5 5 5 5 5 5 5 5 5 5 5 5 5 5 5 5 5 5 5 5 5 5 5 5 5 5 5 5 5 5 5 5 5 5 5 5 5 5 5 5 5 5 5 5 5 5 5 5 5 5 5 5 5 5 5 5 5 5 5 5 5 5 5 5 5 5 5 5 5 5 5 5 5 5 5 5 5 5 5 5 5 5 5 5 5 5 5 5 5 5 5 5 5 5 5 5 5 5 5 5 5 5 5 5 5 5 5 5 5 5 5 5 5 5 5 5 5 5 5 5 5 5 5 5 5 5 5 5 5 5 5 5 5 5 5 5 5 5 5 5 5 5 5 5 5 5 5 5 5 5 5 5 5 5 5 5 5 5 5 5 5 5 5 5 5 5 5 5 5 5 5 5 5 5 5 5 5 5 5 5 5 5 5 5 5 5 5 5 5 5 5 5 5 5 5 5 5 5 5 5 5 5 5 5 5 5 5 5 5 5 5 5 5 5 5 5 5 5 5 5 5 5 5 5 5 5 5 5 5 5 5 5 5 5 5 5 5 5 5 5 5 5 5 5 5 5 5 5 5 5 5 5 5 5 5 5 5 5 5 5 5 5 5 5 5 5 5 5 5 5 5 5 5 5 5 5 5 5 5 5 5 5 5 5 5 5 5 5 5 5 5 5 5 5 5 5 5 5 5 5 5 5 5 5 5 5 5 5 5 5 5 5 5 5 5 5 5 5 5 5 5 5 5 5 5 5 5 5 5 5 5 5 5 5 5 5 5 5 5 5 5 5 5 5 5 5 5 5 5 5 5 5 5 5 5 5 5 5 5 5 5 5 5 5 5 5 5 5 5 5 5 5 5 5 5 5 5 5 5 5 5 5 5 5 5 5 5 5 5 5 5 5 5 5 5 5 5 5 5 5 5 5 5 5 5 5 5 5 5 5 5 5 5 5 5 5 5 5 5 5 5 5 5 5 5 5 5 5 5 5 5 5 5 5 5 5 5 5 5 5 5 5 5 5 5 5 5 5 5 5 5 5 5 5 5 5 5 5 5 5 5 5 5 5 5 5 5 5 5 5 5 5 5 5 5 5 5 5 5 5 5 5 5 5 5 5 5 5 5 5 5 5 5 5 5 5 5 5 5 5 5 5 5 5 5 5 5 5 5 5 5 5 5 5 5 5 5 5 5 5 5 5 5 5 5 5 5 5 5 5 5 5 5 5 5 5 5 5 5 5 5 5 5 5 5 5 5 5 5 5 5 5 5 5 5 5 5 5 5 5 5 5 5 5 5 5 5 5 5 5 5 5 5 5 5 5 5 5 5 5 5 5 5 5 5 5 5 5 5 5 5 5 5 5 5 5 5 5 5 5 5 5 5 5 5 5 5 5 5 5 5 5 5 5 5 5 5 5 5 5 5 5 5 5 5 5 5 5 5 5 5 5 5 5 5 5 5 5 5 5 5 5 5 5 5 5 5 5 5 5 5 5 5 5 5 5 5 5 5 5 5 5 5 5 5 5 5 5 5 5 5 5 5 5 5 5 5 5 5 5 5 5 5 5 5 5 5 5 5 5 5 5 5 5 5 5 5 5 5 5 5 5 5 5 5 5 5 5 5 5 5 5 5 5 5 5 5 5 5 5 5 5 5 5 5 5 5 5 5 5 5 5 5 5 5 5 5 5 5 5 5 5 5 5 5 5 5 5 5 5 5 5 5 5 5 5 5 5 5 5 5 5 5 5 5 5 5 5 5 5 5 5 5 5 5 5 5 5 5 5 5 5 5 5 5 5 5 5 5 5 5 5 5 5 5 5 5 5 5 5 5 5 5 5 5 5 5 5 5 5 5 5 5 5 5 5 5 5 5 5 5 5 5 5 5 5 5 5 5 5 5 5 5 5 5 5 5 5 5 5 5 5 5 5 5 5 5 5 5 5 5 5 5 5 5 5 5 5 5 5 5 5 5 5 5 5 5 5 5 5 5 5 5 5 5 5 5 5 5 5 5 5 5 5 5 5 5 5 5 5 5 5 5 5 5 5 5 5 5 5 5 5 5 5 5 5 5 5 5 5 5 5 5 5 5 5 5 5 5 5 5 5 5 5 5 5 5 5 5 5 5 5 5 5 5 5 5 5 5 5 5 5 5 5 5 5 5 5 5 5 5 5 5 5 5 5 5 5 5 5 5 5 5 5 5 5 5 5 5 5 5 5 5 5 5 5 5 5 5 5 5 5 5 5 5 5 5 5 5 5 5 5 5 5 5 5 5 5 5 5 5 5 5 5 5 5 5 5 5 5 5 5 5 5 5 5 5 5 5 5 5 5 5 5 5 5 5 5 5 5 5 5 5 5 5 5 5 5 5 5 5 5 5 5 5 5 5 5 5 5 5 5 5 5 5 5 5 5 5 5 5 5 5 5 5 5 5 5 5 5 5 5 5 5 5 5 5 5 5 5 5 5 5 5 5 5 5 5 5 5 5 5 5 5 5 5 5 5 5 5 5 5 5 5 5 5 5 5 5 5 5 5 5 5 5 5 5 5 5 5 5 5 5 5 5 5 5 5 5 5 5 5 5 5 5 5 5 5 5 5 5 5 5 5 5 5 5 5 5 5 5 5 5 5 5 5 5 5 5 5 5 5 5 5 5 5 5 5 5 5 5 5 5 5 5 5 5 5 5 5 5 5 5 5 5 5 5 5 5 5 5 5 5 5 5 5 5 5 5 5 5 5 5 5 5 5 5 5 5 5 5 5 5 5 5 5 5 5 5 5 5 5 5 5 5 5 5 5 5 5 5 5 5 5 5 5 5 5 5 5 5 5 5 5 5 5 5 5 5 5 5 5 5 5 5 5 5 5 5 5 5 5 5 5 5 5 5 5 5 5 5 5 5 5 5 5 5 5 5 5 5 5 5 5 5 5 5 5 5 5 5 5 5 5 5 5 5 5 5 5 5 5 5 5 5 5 5 5 5 5 5 5 5 5 5 5 5 5 5 5 5 5 5 5 5 5 5 5 5 5 5 5 5 5 5 5 5 5 5 5 5 5 5 5 5 5 5 5 5 5 5 5 5 5 5 5 5 5 5 5 5 5 5 5 5 5 5 5 5 5 5 5 5 5 5 5 5 5 5 5 5 5 5 5 5 5 5 5 5 5 5 5 5 5 5 5 5 5 5 5 5 5 5 5 5 5 5 5 5 5 5 5 5 5 5 5 5 5 5 5 5 5 5 5 5 5 5 5 5 5 5 5 5 5 5 5 5 5 5 5 5 5 5 5 5 5 5 5 5 5 5 5 5 5 5 5 5 5 5 5 5 5 5 5 5 5 5 5 5 5 5 5 5 5 5 5 5 5 5 5 5 5 5 5 5 5 5 5 5 5 5 5 5 5 5 5 5 5 5 5 5 5 5 5 5 5 5 5 5 5 5 5 5 5 5 5 5 5 5 5 5 5 5 5 5 5 5 5 5 5 5 5 5 5 </DataArray>
         </Cells>
         <PointData>
            <DataArray Name="fValues" NumberOfComponents="3" format="ascii" type="Float64">
-7.42936e-20 -3.71468e-20        00000 
-4.41415e-20 -9.19614e-21        00000 
 4.44495e-20  3.70412e-21        00000 
-7.35691e-21  1.74727e-20        00000 
 1.63146e-19 -4.34730e-21        00000 
-2.94277e-20  1.37942e-21        00000 
 9.55839e-20 -1.97670e-21        00000 
-3.67846e-20 -9.19614e-22        00000 
 3.37385e-20  7.16365e-21        00000 
-7.35691e-20 -1.56334e-20        00000 
-2.96858e-20  1.85536e-20        00000 
 1.17711e-19 -1.28746e-20        00000 
 1.38651e-21  1.36340e-20        00000 
 7.35691e-21 -2.75884e-21        00000 
-2.29413e-19 -8.21551e-21        00000 
 1.25068e-19  1.28746e-20        00000 
-5.31497e-20 -5.77714e-22        00000 
-5.88553e-20  1.47138e-20        00000 
 4.64519e-20  4.78537e-21        00000 
-2.20707e-20  2.39100e-20        00000 
-4.02089e-20 -8.43462e-21        00000 
-2.20707e-20  1.74727e-20        00000 
 5.02072e-20 -5.31198e-21        00000 
-1.39781e-19  2.29904e-20        00000 
 5.96201e-20 -8.08800e-21        00000 
-1.69209e-19  2.75884e-21        00000 
 1.48429e-20        00000        00000 
-1.83923e-19 -3.67846e-21        00000 
-8.64260e-20  1.81402e-20        00000 
-2.20707e-20 -3.67846e-21        00000 
 8.80428e-20  1.37431e-21        00000 
-8.82830e-20  9.19614e-21        00000 
 4.52928e-20  9.59005e-21        00000 
 7.35691e-21 -3.67846e-21        00000 
 5.36918e-20 -2.57894e-21        00000 
-2.94277e-20 -3.67846e-21        00000 
-8.91990e-20  1.15543e-22        00000 
-4.41415e-20  9.19614e-21        00000 
-2.23332e-20  6.67542e-21        00000 
-3.67846e-20  1.01158e-20        00000 
 2.44951e-20  3.46628e-22        00000 
-1.25068e-19 -9.19614e-21        00000 
 8.90575e-20  1.85536e-20        00000 
-4.78199e-20 -2.75884e-21        00000 
 2.03355e-20 -3.23520e-21        00000 
       00000  1.19550e-20        00000 
-9.37104e-21 -1.44633e-21        00000 
-7.35691e-20 -5.51769e-21        00000 
 1.13463e-19  1.03989e-20        00000 
-7.35691e-20  2.11511e-20        00000 
 1.12721e-20 -9.70905e-21        00000 
       00000  1.65531e-20        00000 
-1.38651e-21 -1.03989e-20        00000 
-5.51769e-20  9.19614e-21        00000 
-3.21880e-20  8.09819e-21        00000 
 3.67846e-20 -5.51769e-21        00000 
-6.47040e-20  2.36863e-20        00000 
-1.83923e-20  9.19614e-21        00000 
 3.71075e-20 -1.48430e-20        00000 
-5.88553e-20  2.57492e-20        00000 
-1.80392e-20 -1.74379e-20        00000 
 3.89304e-04  2.31510e-04        00000 
 4.51424e-04  1.73951e-04        00000 
 4.97131e-04  1.23433e-04        00000 
 5.31533e-04  8.05802e-05        00000 
 5.57731e-04  4.49077e-05        00000 
 5.77759e-04  1.55350e-05        00000 
 5.93029e-04 -8.49129e-06        00000 
 6.04564e-04 -2.80725e-05        00000 
 6.13121e-04 -4.40020e-05        00000 
 6.19275e-04 -5.69530e-05        00000 
 6.23468e-04 -6.74836e-05        00000 
 6.26046e-04 -7.60509e-05        00000 
 6.27282e-04 -8.30256e-05        00000 
 6.27395e-04 -8.87074e-05        00000 
 6.26561e-04 -9.33375e-05        00000 
 6.24922e-04 -9.71100e-05        00000 
 6.22596e-04 -1.00181e-04        00000 
 6.19678e-04 -1.02677e-04        00000 
 6.16248e-04 -1.04698e-04        00000 
 6.12371e-04 -1.06326e-04        00000 
 6.08103e-04 -1.07629e-04        00000 
 6.03490e-04 -1.08658e-04        00000 
 5.98570e-04 -1.09459e-04        00000 
 5.93376e-04 -1.10066e-04        00000 
 5.87936e-04 -1.10510e-04        00000 
 5.82274e-04 -1.10814e-04        00000 
 5.76410e-04 -1.10998e-04        00000 
 5.70361e-04 -1.11081e-04        00000 
 5.64141e-04 -1.11076e-04        00000 
 5.57763e-04 -1.10996e-04        00000 
 5.51238e-04 -1.10851e-04        00000 
 5.44573e-04 -1.10653e-04        00000 
 5.37776e-04 -1.10409e-04        00000 
 5.30853e-04 -1.10128e-04        00000 
 5.23807e-04 -1.09818e-04        00000 
 5.16641e-04 -1.09487e-04        00000 
 5.09357e-04 -1.09142e-04        00000 
 5.01954e-04 -1.08793e-04        00000 
 4.94432e-04 -1.08447e-04        00000 
 4.86788e-04 -1.08113e-04        00000 
 4.79017e-04 -1.07802e-04        00000 
 4.71113e-04 -1.07524e-04        00000 
 4.63070e-04 -1.07292e-04        00000 
 4.54878e-04 -1.07121e-04        00000 
 4.46525e-04 -1.07027e-04        00000 
 4.37998e-04 -1.07032e-04        00000 
 4.29282e-04 -1.07158e-04        00000 
 4.20358e-04 -1.07436e-04        00000 
 4.11205e-04 -1.07901e-04        00000 
 4.01797e-04 -1.08598e-04        00000 
 3.92107e-04 -1.09582e-04        00000 
 3.82103e-04 -1.10924e-04        00000 
 3.71747e-04 -1.12713e-04        00000 
 3.60995e-04 -1.15061e-04        00000 
 3.49796e-04 -1.18116e-04        00000 
 3.38090e-04 -1.22065e-04        00000 
 3.25802e-04 -1.27152e-04        00000 
 3.12843e-04 -1.33691e-04        00000 
 2.99100e-04 -1.42092e-04        00000 
 2.84442e-04 -1.52887e-04        00000 
 2.68783e-04 -1.66782e-04        00000 
 2.52164e-04 -1.84317e-04        00000 
 2.36089e-04 -2.07108e-04        00000 
 8.63659e-04  3.09967e-04        00000 
 9.48426e-04  2.44561e-04        00000 
 1.01115e-03  1.81544e-04        00000 
 1.05853e-03  1.24750e-04        00000 
 1.09469e-03  7.53866e-05        00000 
 1.12237e-03  3.33449e-05        00000 
 1.14342e-03 -2.02324e-06        00000 
 1.15922e-03 -3.15575e-05        00000 
 1.17074e-03 -5.61126e-05        00000 
 1.17876e-03 -7.64791e-05        00000 
 1.18386e-03 -9.33535e-05        00000 
 1.18651e-03 -1.07332e-04        00000 
 1.18709e-03 -1.18916e-04        00000 
 1.18590e-03 -1.28522e-04        00000 
 1.18320e-03 -1.36495e-04        00000 
 1.17920e-03 -1.43118e-04        00000 
 1.17406e-03 -1.48622e-04        00000 
 1.16793e-03 -1.53197e-04        00000 
 1.16094e-03 -1.56999e-04        00000 
 1.15318e-03 -1.60156e-04        00000 
 1.14475e-03 -1.62770e-04        00000 
 1.13572e-03 -1.64929e-04        00000 
 1.12615e-03 -1.66703e-04        00000 
 1.11609e-03 -1.68149e-04        00000 
 1.10560e-03 -1.69318e-04        00000 
 1.09472e-03 -1.70250e-04        00000 
 1.08347e-03 -1.70979e-04        00000 
 1.07189e-03 -1.71535e-04        00000 
 1.06000e-03 -1.71942e-04        00000 
 1.04783e-03 -1.72225e-04        00000 
 1.03539e-03 -1.72401e-04        00000 
 1.02269e-03 -1.72489e-04        00000 
 1.00976e-03 -1.72507e-04        00000 
 9.96605e-04 -1.72469e-04        00000 
 9.83225e-04 -1.72392e-04        00000 
 9.69628e-04 -1.72292e-04        00000 
 9.55818e-04 -1.72183e-04        00000 
 9.41795e-04 -1.72083e-04        00000 
 9.27557e-04 -1.72009e-04        00000 
 9.13099e-04 -1.71981e-04        00000 
 8.98414e-04 -1.72020e-04        00000 
 8.83493e-04 -1.72150e-04        00000 
 8.68324e-04 -1.72400e-04        00000 
 8.52891e-04 -1.72801e-04        00000 
 8.37177e-04 -1.73391e-04        00000 
 8.21160e-04 -1.74216e-04        00000 
 8.04816e-04 -1.75331e-04        00000 
 7.88118e-04 -1.76801e-04        00000 
 7.71034e-04 -1.78708e-04        00000 
 7.53533e-04 -1.81153e-04        00000 
 7.35574e-04 -1.84260e-04        00000 
 7.17119e-04 -1.88185e-04        00000 
 6.98121e-04 -1.93123e-04        00000 
 6.78532e-04 -1.99318e-04        00000 
 6.58291e-04 -2.07076e-04        00000 
 6.37330e-04 -2.16773e-04        00000 
 6.15552e-04 -2.28868e-04        00000 
 5.92823e-04 -2.43902e-04        00000 
 5.68931e-04 -2.62464e-04        00000 
 5.43528e-04 -2.85096e-04        00000 
 5.16106e-04 -3.12099e-04        00000 
 4.85903e-04 -3.42647e-04        00000 
 4.52199e-04 -3.73529e-04        00000 
 1.35391e-03  3.41271e-04        00000 
 1.44599e-03  2.74357e-04        00000 
 1.51316e-03  2.08501e-04        00000 
 1.56336e-03  1.47489e-04        00000 
 1.60135e-03  9.29745e-05        00000 
 1.63019e-03  4.53219e-05        00000 
 1.65189e-03  4.24798e-06        00000 
 1.66787e-03 -3.08378e-05        00000 
 1.67916e-03 -6.06376e-05        00000 
 1.68653e-03 -8.58606e-05        00000 
 1.69059e-03 -1.07170e-04        00000 
 1.69183e-03 -1.25159e-04        00000 
 1.69062e-03 -1.40346e-04        00000 
 1.68731e-03 -1.53175e-04        00000 
 1.68216e-03 -1.64023e-04        00000 
 1.67539e-03 -1.73207e-04        00000 
 1.66721e-03 -1.80993e-04        00000 
 1.65777e-03 -1.87601e-04        00000 
 1.64722e-03 -1.93216e-04        00000 
 1.63569e-03 -1.97992e-04        00000 
 1.62327e-03 -2.02057e-04        00000 
 1.61006e-03 -2.05517e-04        00000 
 1.59614e-03 -2.08462e-04        00000 
 1.58157e-03 -2.10967e-04        00000 
 1.56641e-03 -2.13096e-04        00000 
 1.55073e-03 -2.14903e-04        00000 
 1.53455e-03 -2.16433e-04        00000 
 1.51792e-03 -2.17727e-04        00000 
 1.50088e-03 -2.18820e-04        00000 
 1.48346e-03 -2.19744e-04        00000 
 1.46567e-03 -2.20528e-04        00000 
 1.44754e-03 -2.21198e-04        00000 
 1.42909e-03 -2.21780e-04        00000 
 1.41034e-03 -2.22297e-04        00000 
 1.39128e-03 -2.22773e-04        00000 
 1.37194e-03 -2.23234e-04        00000 
 1.35231e-03 -2.23705e-04        00000 
 1.33240e-03 -2.24213e-04        00000 
 1.31221e-03 -2.24786e-04        00000 
 1.29173e-03 -2.25456e-04        00000 
 1.27095e-03 -2.26260e-04        00000 
 1.24987e-03 -2.27237e-04        00000 
 1.22847e-03 -2.28435e-04        00000 
 1.20674e-03 -2.29907e-04        00000 
 1.18466e-03 -2.31717e-04        00000 
 1.16220e-03 -2.33942e-04        00000 
 1.13935e-03 -2.36671e-04        00000 
 1.11609e-03 -2.40015e-04        00000 
 1.09238e-03 -2.44106e-04        00000 
 1.06820e-03 -2.49107e-04        00000 
 1.04353e-03 -2.55215e-04        00000 
 1.01834e-03 -2.62671e-04        00000 
 9.92601e-04 -2.71765e-04        00000 
 9.66290e-04 -2.82846e-04        00000 
 9.39359e-04 -2.96322e-04        00000 
 9.11729e-04 -3.12653e-04        00000 
 8.83252e-04 -3.32324e-04        00000 
 8.53634e-04 -3.55778e-04        00000 
 8.22309e-04 -3.83277e-04        00000 
 7.88200e-04 -4.14635e-04        00000 
 7.49318e-04 -4.48795e-04        00000 
 7.02054e-04 -4.83116e-04        00000 
 1.83606e-03  3.44787e-04        00000 
 1.92593e-03  2.79471e-04        00000 
 1.99045e-03  2.14330e-04        00000 
 2.03789e-03  1.52860e-04        00000 
 2.07319e-03  9.68093e-05        00000 
 2.09947e-03  4.67974e-05        00000 
 2.11874e-03  2.80713e-06        00000 
 2.13239e-03 -3.55199e-05        00000 
 2.14139e-03 -6.87039e-05        00000 
 2.14646e-03 -9.73199e-05        00000 
 2.14816e-03 -1.21939e-04        00000 
 2.14693e-03 -1.43094e-04        00000 
 2.14314e-03 -1.61267e-04        00000 
 2.13710e-03 -1.76886e-04        00000 
 2.12906e-03 -1.90321e-04        00000 
 2.11925e-03 -2.01891e-04        00000 
 2.10786e-03 -2.11870e-04        00000 
 2.09506e-03 -2.20491e-04        00000 
 2.08099e-03 -2.27951e-04        00000 
 2.06579e-03 -2.34417e-04        00000 
 2.04956e-03 -2.40031e-04        00000 
 2.03240e-03 -2.44914e-04        00000 
 2.01441e-03 -2.49167e-04        00000 
 1.99565e-03 -2.52878e-04        00000 
 1.97620e-03 -2.56123e-04        00000 
 1.95611e-03 -2.58966e-04        00000 
 1.93544e-03 -2.61463e-04        00000 
 1.91423e-03 -2.63666e-04        00000 
 1.89253e-03 -2.65620e-04        00000 
 1.87037e-03 -2.67364e-04        00000 
 1.84777e-03 -2.68936e-04        00000 
 1.82478e-03 -2.70373e-04        00000 
 1.80140e-03 -2.71709e-04        00000 
 1.77767e-03 -2.72977e-04        00000 
 1.75358e-03 -2.74212e-04        00000 
 1.72916e-03 -2.75448e-04        00000 
 1.70441e-03 -2.76722e-04        00000 
 1.67934e-03 -2.78073e-04        00000 
 1.65395e-03 -2.79544e-04        00000 
 1.62823e-03 -2.81180e-04        00000 
 1.60220e-03 -2.83035e-04        00000 
 1.57583e-03 -2.85167e-04        00000 
 1.54912e-03 -2.87646e-04        00000 
 1.52206e-03 -2.90548e-04        00000 
 1.49464e-03 -2.93968e-04        00000 
 1.46686e-03 -2.98013e-04        00000 
 1.43869e-03 -3.02812e-04        00000 
 1.41013e-03 -3.08517e-04        00000 
 1.38119e-03 -3.15309e-04        00000 
 1.35184e-03 -3.23404e-04        00000 
 1.32210e-03 -3.33055e-04        00000 
 1.29198e-03 -3.44560e-04        00000 
 1.26146e-03 -3.58256e-04        00000 
 1.23055e-03 -3.74522e-04        00000 
 1.19918e-03 -3.93753e-04        00000 
 1.16719e-03 -4.16329e-04        00000 
 1.13426e-03 -4.42539e-04        00000 
 1.09969e-03 -4.72465e-04        00000 
 1.06220e-03 -5.05782e-04        00000 
 1.01940e-03 -5.41475e-04        00000 
 9.67014e-04 -5.77391e-04        00000 
 2.29565e-03  3.28584e-04        00000 
 2.37800e-03  2.65745e-04        00000 
 2.43587e-03  2.02567e-04        00000 
 2.47734e-03  1.42194e-04        00000 
 2.50729e-03  8.62978e-05        00000 
 2.52875e-03  3.56049e-05        00000 
 2.54368e-03 -9.73499e-06        00000 
 2.55336e-03 -4.99052e-05        00000 
 2.55868e-03 -8.52679e-05        00000 
 2.56028e-03 -1.16267e-04        00000 
 2.55866e-03 -1.43369e-04        00000 
 2.55420e-03 -1.67029e-04        00000 
 2.54722e-03 -1.87674e-04        00000 
 2.53798e-03 -2.05689e-04        00000 
 2.52672e-03 -2.21420e-04        00000 
 2.51364e-03 -2.35171e-04        00000 
 2.49891e-03 -2.47206e-04        00000 
 2.48270e-03 -2.57756e-04        00000 
 2.46515e-03 -2.67021e-04        00000 
 2.44638e-03 -2.75171e-04        00000 
 2.42650e-03 -2.82355e-04        00000 
 2.40561e-03 -2.88701e-04        00000 
 2.38380e-03 -2.94318e-04        00000 
 2.36116e-03 -2.99304e-04        00000 
 2.33776e-03 -3.03741e-04        00000 
 2.31365e-03 -3.07705e-04        00000 
 2.28890e-03 -3.11260e-04        00000 
 2.26356e-03 -3.14466e-04        00000 
 2.23767e-03 -3.17377e-04        00000 
 2.21127e-03 -3.20043e-04        00000 
 2.18441e-03 -3.22511e-04        00000 
 2.15710e-03 -3.24825e-04        00000 
 2.12939e-03 -3.27031e-04        00000 
 2.10128e-03 -3.29172e-04        00000 
 2.07280e-03 -3.31292e-04        00000 
 2.04397e-03 -3.33440e-04        00000 
 2.01480e-03 -3.35662e-04        00000 
 1.98530e-03 -3.38012e-04        00000 
 1.95548e-03 -3.40546e-04        00000 
 1.92534e-03 -3.43327e-04        00000 
 1.89489e-03 -3.46426e-04        00000 
 1.86412e-03 -3.49921e-04        00000 
 1.83305e-03 -3.53902e-04        00000 
 1.80168e-03 -3.58473e-04        00000 
 1.77000e-03 -3.63752e-04        00000 
 1.73803e-03 -3.69878e-04        00000 
 1.70577e-03 -3.77010e-04        00000 
 1.67325e-03 -3.85334e-04        00000 
 1.64049e-03 -3.95063e-04        00000 
 1.60751e-03 -4.06441e-04        00000 
 1.57436e-03 -4.19744e-04        00000 
 1.54106e-03 -4.35272e-04        00000 
 1.50762e-03 -4.53346e-04        00000 
 1.47402e-03 -4.74280e-04        00000 
 1.44010e-03 -4.98351e-04        00000 
 1.40554e-03 -5.25738e-04        00000 
 1.36964e-03 -5.56431e-04        00000 
 1.33110e-03 -5.90099e-04        00000 
 1.28753e-03 -6.25887e-04        00000 
 1.23473e-03 -6.62143e-04        00000 
 2.72391e-03  2.95392e-04        00000 
 2.79577e-03  2.35447e-04        00000 
 2.84473e-03  1.74800e-04        00000 
 2.87839e-03  1.16265e-04        00000 
 2.90141e-03  6.14176e-05        00000 
 2.91669e-03  1.10208e-05        00000 
 2.92605e-03 -3.46766e-05        00000 
 2.93069e-03 -7.57361e-05        00000 
 2.93139e-03 -1.12397e-04        00000 
 2.92872e-03 -1.44992e-04        00000 
 2.92309e-03 -1.73891e-04        00000 
 2.91482e-03 -1.99471e-04        00000 
 2.90418e-03 -2.22096e-04        00000 
 2.89139e-03 -2.42105e-04        00000 
 2.87665e-03 -2.59805e-04        00000 
 2.86012e-03 -2.75475e-04        00000 
 2.84197e-03 -2.89362e-04        00000 
 2.82233e-03 -3.01686e-04        00000 
 2.80133e-03 -3.12638e-04        00000 
 2.77910e-03 -3.22388e-04        00000 
 2.75573e-03 -3.31083e-04        00000 
 2.73132e-03 -3.38855e-04        00000 
 2.70596e-03 -3.45817e-04        00000 
 2.67973e-03 -3.52071e-04        00000 
 2.65271e-03 -3.57707e-04        00000 
 2.62495e-03 -3.62806e-04        00000 
 2.59652e-03 -3.67441e-04        00000 
 2.56748e-03 -3.71679e-04        00000 
 2.53787e-03 -3.75582e-04        00000 
 2.50774e-03 -3.79208e-04        00000 
 2.47712e-03 -3.82615e-04        00000 
 2.44605e-03 -3.85856e-04        00000 
 2.41458e-03 -3.88985e-04        00000 
 2.38271e-03 -3.92058e-04        00000 
 2.35048e-03 -3.95129e-04        00000 
 2.31791e-03 -3.98258e-04        00000 
 2.28503e-03 -4.01505e-04        00000 
 2.25184e-03 -4.04936e-04        00000 
 2.21836e-03 -4.08624e-04        00000 
 2.18462e-03 -4.12646e-04        00000 
 2.15061e-03 -4.17089e-04        00000 
 2.11637e-03 -4.22050e-04        00000 
 2.08191e-03 -4.27639e-04        00000 
 2.04724e-03 -4.33978e-04        00000 
 2.01239e-03 -4.41208e-04        00000 
 1.97740e-03 -4.49486e-04        00000 
 1.94230e-03 -4.58989e-04        00000 
 1.90713e-03 -4.69918e-04        00000 
 1.87196e-03 -4.82493e-04        00000 
 1.83684e-03 -4.96953e-04        00000 
 1.80183e-03 -5.13550e-04        00000 
 1.76696e-03 -5.32537e-04        00000 
 1.73222e-03 -5.54151e-04        00000 
 1.69749e-03 -5.78579e-04        00000 
 1.66248e-03 -6.05914e-04        00000 
 1.62653e-03 -6.36092e-04        00000 
 1.58842e-03 -6.68802e-04        00000 
 1.54595e-03 -7.03375e-04        00000 
 1.49538e-03 -7.38632e-04        00000 
 1.43052e-03 -7.72349e-04        00000 
 3.11483e-03  2.47111e-04        00000 
 3.17491e-03  1.90063e-04        00000 
 3.21380e-03  1.32107e-04        00000 
 3.23864e-03  7.57743e-05        00000 
 3.25382e-03  2.25090e-05        00000 
 3.26209e-03 -2.69456e-05        00000 
 3.26514e-03 -7.22956e-05        00000 
 3.26404e-03 -1.13525e-04        00000 
 3.25952e-03 -1.50784e-04        00000 
 3.25203e-03 -1.84315e-04        00000 
 3.24192e-03 -2.14408e-04        00000 
 3.22945e-03 -2.41367e-04        00000 
 3.21483e-03 -2.65495e-04        00000 
 3.19823e-03 -2.87079e-04        00000 
 3.17982e-03 -3.06389e-04        00000 
 3.15974e-03 -3.23672e-04        00000 
 3.13810e-03 -3.39152e-04        00000 
 3.11505e-03 -3.53031e-04        00000 
 3.09068e-03 -3.65488e-04        00000 
 3.06509e-03 -3.76686e-04        00000 
 3.03840e-03 -3.86767e-04        00000 
 3.01068e-03 -3.95861e-04        00000 
 2.98202e-03 -4.04082e-04        00000 
 2.95250e-03 -4.11533e-04        00000 
 2.92218e-03 -4.18310e-04        00000 
 2.89114e-03 -4.24497e-04        00000 
 2.85943e-03 -4.30172e-04        00000 
 2.82712e-03 -4.35411e-04        00000 
 2.79424e-03 -4.40282e-04        00000 
 2.76086e-03 -4.44851e-04        00000 
 2.72701e-03 -4.49183e-04        00000 
 2.69274e-03 -4.53342e-04        00000 
 2.65808e-03 -4.57391e-04        00000 
 2.62306e-03 -4.61395e-04        00000 
 2.58772e-03 -4.65420e-04        00000 
 2.55209e-03 -4.69535e-04        00000 
 2.51620e-03 -4.73814e-04        00000 
 2.48006e-03 -4.78336e-04        00000 
 2.44372e-03 -4.83184e-04        00000 
 2.40719e-03 -4.88450e-04        00000 
 2.37051e-03 -4.94236e-04        00000 
 2.33371e-03 -5.00651e-04        00000 
 2.29681e-03 -5.07818e-04        00000 
 2.25988e-03 -5.15873e-04        00000 
 2.22295e-03 -5.24964e-04        00000 
 2.18608e-03 -5.35254e-04        00000 
 2.14934e-03 -5.46922e-04        00000 
 2.11280e-03 -5.60157e-04        00000 
 2.07654e-03 -5.75159e-04        00000 
 2.04064e-03 -5.92128e-04        00000 
 2.00515e-03 -6.11256e-04        00000 
 1.97009e-03 -6.32710e-04        00000 
 1.93538e-03 -6.56604e-04        00000 
 1.90074e-03 -6.82969e-04        00000 
 1.86562e-03 -7.11703e-04        00000 
 1.82892e-03 -7.42506e-04        00000 
 1.78868e-03 -7.74803e-04        00000 
 1.74147e-03 -8.07636e-04        00000 
 1.68149e-03 -8.39566e-04        00000 
 3.38709e-03  2.33955e-04        00000 
 3.46500e-03  1.84393e-04        00000 
 3.51267e-03  1.30245e-04        00000 
 3.54087e-03  7.51454e-05        00000 
 3.55633e-03  2.13236e-05        00000 
 3.56318e-03 -2.99321e-05        00000 
 3.56398e-03 -7.79304e-05        00000 
 3.56029e-03 -1.22365e-04        00000 
 3.55307e-03 -1.63172e-04        00000 
 3.54294e-03 -2.00435e-04        00000 
 3.53030e-03 -2.34328e-04        00000 
 3.51542e-03 -2.65068e-04        00000 
 3.49849e-03 -2.92898e-04        00000 
 3.47969e-03 -3.18062e-04        00000 
 3.45915e-03 -3.40800e-04        00000 
 3.43697e-03 -3.61342e-04        00000 
 3.41328e-03 -3.79902e-04        00000 
 3.38817e-03 -3.96675e-04        00000 
 3.36174e-03 -4.11844e-04        00000 
 3.33409e-03 -4.25574e-04        00000 
 3.30530e-03 -4.38013e-04        00000 
 3.27546e-03 -4.49298e-04        00000 
 3.24465e-03 -4.59552e-04        00000 
 3.21295e-03 -4.68889e-04        00000 
 3.18043e-03 -4.77411e-04        00000 
 3.14715e-03 -4.85214e-04        00000 
 3.11319e-03 -4.92386e-04        00000 
 3.07860e-03 -4.99009e-04        00000 
 3.04344e-03 -5.05163e-04        00000 
 3.00776e-03 -5.10923e-04        00000 
 2.97162e-03 -5.16362e-04        00000 
 2.93505e-03 -5.21551e-04        00000 
 2.89812e-03 -5.26563e-04        00000 
 2.86085e-03 -5.31469e-04        00000 
 2.82329e-03 -5.36342e-04        00000 
 2.78548e-03 -5.41259e-04        00000 
 2.74746e-03 -5.46298e-04        00000 
 2.70926e-03 -5.51543e-04        00000 
 2.67092e-03 -5.57082e-04        00000 
 2.63249e-03 -5.63009e-04        00000 
 2.59400e-03 -5.69425e-04        00000 
 2.55550e-03 -5.76439e-04        00000 
 2.51704e-03 -5.84168e-04        00000 
 2.47867e-03 -5.92740e-04        00000 
 2.44047e-03 -6.02290e-04        00000 
 2.40250e-03 -6.12964e-04        00000 
 2.36484e-03 -6.24915e-04        00000 
 2.32760e-03 -6.38299e-04        00000 
 2.29085e-03 -6.53278e-04        00000 
 2.25470e-03 -6.70005e-04        00000 
 2.21923e-03 -6.88617e-04        00000 
 2.18446e-03 -7.09227e-04        00000 
 2.15036e-03 -7.31898e-04        00000 
 2.11672e-03 -7.56625e-04        00000 
 2.08308e-03 -7.83298e-04        00000 
 2.04849e-03 -8.11668e-04        00000 
 2.01130e-03 -8.41287e-04        00000 
 1.96862e-03 -8.71445e-04        00000 
 1.91553e-03 -9.01112e-04        00000 
 3.70965e-03  1.53875e-04        00000 
 3.77231e-03  1.07245e-04        00000 
 3.80716e-03  5.63849e-05        00000 
 3.82436e-03  4.49968e-06        00000 
 3.83019e-03 -4.64343e-05        00000 
 3.82850e-03 -9.52612e-05        00000 
 3.82164e-03 -1.41341e-04        00000 
 3.81101e-03 -1.84364e-04        00000 
 3.79748e-03 -2.24233e-04        00000 
 3.78158e-03 -2.60979e-04        00000 
 3.76362e-03 -2.94716e-04        00000 
 3.74382e-03 -3.25603e-04        00000 
 3.72233e-03 -3.53826e-04        00000 
 3.69926e-03 -3.79577e-04        00000 
 3.67470e-03 -4.03051e-04        00000 
 3.64875e-03 -4.24437e-04        00000 
 3.62146e-03 -4.43916e-04        00000 
 3.59293e-03 -4.61657e-04        00000 
 3.56322e-03 -4.77819e-04        00000 
 3.53242e-03 -4.92549e-04        00000 
 3.50059e-03 -5.05982e-04        00000 
 3.46782e-03 -5.18244e-04        00000 
 3.43415e-03 -5.29452e-04        00000 
 3.39968e-03 -5.39714e-04        00000 
 3.36446e-03 -5.49130e-04        00000 
 3.32856e-03 -5.57796e-04        00000 
 3.29205e-03 -5.65800e-04        00000 
 3.25497e-03 -5.73227e-04        00000 
 3.21739e-03 -5.80160e-04        00000 
 3.17936e-03 -5.86678e-04        00000 
 3.14094e-03 -5.92860e-04        00000 
 3.10217e-03 -5.98784e-04        00000 
 3.06312e-03 -6.04526e-04        00000 
 3.02382e-03 -6.10167e-04        00000 
 2.98432e-03 -6.15786e-04        00000 
 2.94467e-03 -6.21467e-04        00000 
 2.90492e-03 -6.27295e-04        00000 
 2.86511e-03 -6.33361e-04        00000 
 2.82530e-03 -6.39759e-04        00000 
 2.78554e-03 -6.46587e-04        00000 
 2.74588e-03 -6.53951e-04        00000 
 2.70640e-03 -6.61961e-04        00000 
 2.66715e-03 -6.70733e-04        00000 
 2.62822e-03 -6.80388e-04        00000 
 2.58970e-03 -6.91051e-04        00000 
 2.55167e-03 -7.02850e-04        00000 
 2.51424e-03 -7.15913e-04        00000 
 2.47752e-03 -7.30360e-04        00000 
 2.44161e-03 -7.46306e-04        00000 
 2.40663e-03 -7.63843e-04        00000 
 2.37261e-03 -7.83040e-04        00000 
 2.33957e-03 -8.03923e-04        00000 
 2.30737e-03 -8.26463e-04        00000 
 2.27563e-03 -8.50561e-04        00000 
 2.24364e-03 -8.76021e-04        00000 
 2.21000e-03 -9.02528e-04        00000 
 2.17233e-03 -9.29587e-04        00000 
 2.12672e-03 -9.56443e-04        00000 
 3.98779e-03  5.96386e-05        00000 
 4.03498e-03  1.64705e-05        00000 
 4.05691e-03 -3.06813e-05        00000 
 4.06308e-03 -7.89686e-05        00000 
 4.05929e-03 -1.26639e-04        00000 
 4.04908e-03 -1.72645e-04        00000 
 4.03455e-03 -2.16391e-04        00000 
 4.01699e-03 -2.57565e-04        00000 
 3.99713e-03 -2.96039e-04        00000 
 3.97543e-03 -3.31802e-04        00000 
 3.95213e-03 -3.64917e-04        00000 
 3.92741e-03 -3.95491e-04        00000 
 3.90134e-03 -4.23659e-04        00000 
 3.87402e-03 -4.49566e-04        00000 
 3.84549e-03 -4.73364e-04        00000 
 3.81580e-03 -4.95206e-04        00000 
 3.78500e-03 -5.15238e-04        00000 
 3.75316e-03 -5.33604e-04        00000 
 3.72031e-03 -5.50438e-04        00000 
 3.68653e-03 -5.65868e-04        00000 
 3.65186e-03 -5.80016e-04        00000 
 3.61637e-03 -5.92994e-04        00000 
 3.58011e-03 -6.04910e-04        00000 
 3.54315e-03 -6.15866e-04        00000 
 3.50555e-03 -6.25958e-04        00000 
 3.46737e-03 -6.35278e-04        00000 
 3.42867e-03 -6.43916e-04        00000 
 3.38951e-03 -6.51957e-04        00000 
 3.34993e-03 -6.59484e-04        00000 
 3.31001e-03 -6.66581e-04        00000 
 3.26979e-03 -6.73329e-04        00000 
 3.22933e-03 -6.79809e-04        00000 
 3.18869e-03 -6.86104e-04        00000 
 3.14792e-03 -6.92298e-04        00000 
 3.10707e-03 -6.98475e-04        00000 
 3.06619e-03 -7.04723e-04        00000 
 3.02536e-03 -7.11131e-04        00000 
 2.98462e-03 -7.17792e-04        00000 
 2.94404e-03 -7.24801e-04        00000 
 2.90369e-03 -7.32257e-04        00000 
 2.86364e-03 -7.40261e-04        00000 
 2.82396e-03 -7.48918e-04        00000 
 2.78476e-03 -7.58333e-04        00000 
 2.74611e-03 -7.68611e-04        00000 
 2.70813e-03 -7.79856e-04        00000 
 2.67094e-03 -7.92165e-04        00000 
 2.63464e-03 -8.05630e-04        00000 
 2.59936e-03 -8.20325e-04        00000 
 2.56522e-03 -8.36309e-04        00000 
 2.53230e-03 -8.53610e-04        00000 
 2.50062e-03 -8.72226e-04        00000 
 2.47013e-03 -8.92109e-04        00000 
 2.44057e-03 -9.13160e-04        00000 
 2.41138e-03 -9.35217e-04        00000 
 2.38149e-03 -9.58051e-04        00000 
 2.34897e-03 -9.81357e-04        00000 
 2.31050e-03 -1.00473e-03        00000 
 2.26043e-03 -1.02764e-03        00000 
 4.21982e-03 -4.74317e-05        00000 
 4.25162e-03 -8.67063e-05        00000 
 4.26084e-03 -1.29789e-04        00000 
 4.25621e-03 -1.74153e-04        00000 
 4.24302e-03 -2.18237e-04        00000 
 4.22447e-03 -2.61088e-04        00000 
 4.20246e-03 -3.02143e-04        00000 
 4.17811e-03 -3.41086e-04        00000 
 4.15205e-03 -3.77764e-04        00000 
 4.12466e-03 -4.12129e-04        00000 
 4.09613e-03 -4.44199e-04        00000 
 4.06656e-03 -4.74036e-04        00000 
 4.03602e-03 -5.01729e-04        00000 
 4.00454e-03 -5.27381e-04        00000 
 3.97214e-03 -5.51105e-04        00000 
 3.93884e-03 -5.73017e-04        00000 
 3.90468e-03 -5.93235e-04        00000 
 3.86968e-03 -6.11872e-04        00000 
 3.83388e-03 -6.29043e-04        00000 
 3.79731e-03 -6.44854e-04        00000 
 3.76003e-03 -6.59411e-04        00000 
 3.72207e-03 -6.72814e-04        00000 
 3.68350e-03 -6.85161e-04        00000 
 3.64436e-03 -6.96546e-04        00000 
 3.60471e-03 -7.07059e-04        00000 
 3.56460e-03 -7.16789e-04        00000 
 3.52409e-03 -7.25822e-04        00000 
 3.48323e-03 -7.34242e-04        00000 
 3.44209e-03 -7.42135e-04        00000 
 3.40072e-03 -7.49582e-04        00000 
 3.35918e-03 -7.56668e-04        00000 
 3.31753e-03 -7.63476e-04        00000 
 3.27582e-03 -7.70090e-04        00000 
 3.23413e-03 -7.76596e-04        00000 
 3.19250e-03 -7.83080e-04        00000 
 3.15100e-03 -7.89629e-04        00000 
 3.10971e-03 -7.96333e-04        00000 
 3.06868e-03 -8.03283e-04        00000 
 3.02801e-03 -8.10570e-04        00000 
 2.98776e-03 -8.18286e-04        00000 
 2.94802e-03 -8.26521e-04        00000 
 2.90890e-03 -8.35368e-04        00000 
 2.87049e-03 -8.44910e-04        00000 
 2.83290e-03 -8.55231e-04        00000 
 2.79626e-03 -8.66401e-04        00000 
 2.76069e-03 -8.78484e-04        00000 
 2.72633e-03 -8.91523e-04        00000 
 2.69329e-03 -9.05544e-04        00000 
 2.66169e-03 -9.20548e-04        00000 
 2.63160e-03 -9.36505e-04        00000 
 2.60299e-03 -9.53351e-04        00000 
 2.57574e-03 -9.70985e-04        00000 
 2.54943e-03 -9.89264e-04        00000 
 2.52328e-03 -1.00801e-03        00000 
 2.49582e-03 -1.02699e-03        00000 
 2.46442e-03 -1.04598e-03        00000 
 2.42445e-03 -1.06470e-03        00000 
 4.40447e-03 -1.65746e-04        00000 
 4.42130e-03 -2.00828e-04        00000 
 4.41828e-03 -2.39583e-04        00000 
 4.40329e-03 -2.79793e-04        00000 
 4.38110e-03 -3.20052e-04        00000 
 4.35457e-03 -3.59483e-04        00000 
 4.32537e-03 -3.97550e-04        00000 
 4.29449e-03 -4.33937e-04        00000 
 4.26247e-03 -4.68469e-04        00000 
 4.22960e-03 -5.01065e-04        00000 
 4.19602e-03 -5.31708e-04        00000 
 4.16180e-03 -5.60417e-04        00000 
 4.12696e-03 -5.87242e-04        00000 
 4.09149e-03 -6.12249e-04        00000 
 4.05540e-03 -6.35513e-04        00000 
 4.01868e-03 -6.57119e-04        00000 
 3.98134e-03 -6.77153e-04        00000 
 3.94340e-03 -6.95706e-04        00000 
 3.90486e-03 -7.12867e-04        00000 
 3.86575e-03 -7.28725e-04        00000 
 3.82611e-03 -7.43368e-04        00000 
 3.78597e-03 -7.56885e-04        00000 
 3.74538e-03 -7.69360e-04        00000 
 3.70437e-03 -7.80880e-04        00000 
 3.66300e-03 -7.91527e-04        00000 
 3.62132e-03 -8.01386e-04        00000 
 3.57938e-03 -8.10538e-04        00000 
 3.53724e-03 -8.19067e-04        00000 
 3.49495e-03 -8.27053e-04        00000 
 3.45258e-03 -8.34580e-04        00000 
 3.41018e-03 -8.41730e-04        00000 
 3.36782e-03 -8.48586e-04        00000 
 3.32556e-03 -8.55232e-04        00000 
 3.28346e-03 -8.61751e-04        00000 
 3.24160e-03 -8.68228e-04        00000 
 3.20005e-03 -8.74747e-04        00000 
 3.15888e-03 -8.81394e-04        00000 
 3.11818e-03 -8.88251e-04        00000 
 3.07804e-03 -8.95401e-04        00000 
 3.03853e-03 -9.02922e-04        00000 
 2.99978e-03 -9.10890e-04        00000 
 2.96187e-03 -9.19373e-04        00000 
 2.92494e-03 -9.28433e-04        00000 
 2.88910e-03 -9.38119e-04        00000 
 2.85449e-03 -9.48468e-04        00000 
 2.82125e-03 -9.59500e-04        00000 
 2.78950e-03 -9.71212e-04        00000 
 2.75939e-03 -9.83583e-04        00000 
 2.73100e-03 -9.96563e-04        00000 
 2.70439e-03 -1.01008e-03        00000 
 2.67951e-03 -1.02402e-03        00000 
 2.65610e-03 -1.03829e-03        00000 
 2.63364e-03 -1.05274e-03        00000 
 2.61108e-03 -1.06727e-03        00000 
 2.58654e-03 -1.08178e-03        00000 
 2.55665e-03 -1.09636e-03        00000 
 4.54089e-03 -2.93520e-04        00000 
 4.54360e-03 -3.24307e-04        00000 
 4.52904e-03 -3.58663e-04        00000 
 4.50429e-03 -3.94607e-04        00000 
 4.47360e-03 -4.30879e-04        00000 
 4.43953e-03 -4.66682e-04        00000 
 4.40355e-03 -5.01513e-04        00000 
 4.36650e-03 -5.35061e-04        00000 
 4.32883e-03 -5.67136e-04        00000 
 4.29078e-03 -5.97633e-04        00000 
 4.25243e-03 -6.26499e-04        00000 
 4.21381e-03 -6.53721e-04        00000 
 4.17490e-03 -6.79311e-04        00000 
 4.13569e-03 -7.03301e-04        00000 
 4.09614e-03 -7.25735e-04        00000 
 4.05624e-03 -7.46666e-04        00000 
 4.01597e-03 -7.66155e-04        00000 
 3.97532e-03 -7.84265e-04        00000 
 3.93431e-03 -8.01064e-04        00000 
 3.89293e-03 -8.16625e-04        00000 
 3.85121e-03 -8.31017e-04        00000 
 3.80918e-03 -8.44317e-04        00000 
 3.76688e-03 -8.56597e-04        00000 
 3.72433e-03 -8.67933e-04        00000 
 3.68159e-03 -8.78401e-04        00000 
 3.63870e-03 -8.88079e-04        00000 
 3.59571e-03 -8.97043e-04        00000 
 3.55268e-03 -9.05372e-04        00000 
 3.50966e-03 -9.13143e-04        00000 
 3.46672e-03 -9.20437e-04        00000 
 3.42391e-03 -9.27333e-04        00000 
 3.38131e-03 -9.33910e-04        00000 
 3.33898e-03 -9.40249e-04        00000 
 3.29699e-03 -9.46430e-04        00000 
 3.25542e-03 -9.52530e-04        00000 
 3.21434e-03 -9.58628e-04        00000 
 3.17385e-03 -9.64799e-04        00000 
 3.13404e-03 -9.71114e-04        00000 
 3.09499e-03 -9.77641e-04        00000 
 3.05682e-03 -9.84440e-04        00000 
 3.01963e-03 -9.91566e-04        00000 
 2.98354e-03 -9.99060e-04        00000 
 2.94869e-03 -1.00695e-03        00000 
 2.91520e-03 -1.01526e-03        00000 
 2.88321e-03 -1.02398e-03        00000 
 2.85289e-03 -1.03309e-03        00000 
 2.82435e-03 -1.04254e-03        00000 
 2.79775e-03 -1.05228e-03        00000 
 2.77316e-03 -1.06222e-03        00000 
 2.75064e-03 -1.07226e-03        00000 
 2.73007e-03 -1.08230e-03        00000 
 2.71117e-03 -1.09227e-03        00000 
 2.69326e-03 -1.10215e-03        00000 
 2.67506e-03 -1.11200e-03        00000 
 2.65443e-03 -1.12203e-03        00000 
 4.61444e-03 -4.08979e-04        00000 
 4.62921e-03 -4.29406e-04        00000 
 4.61874e-03 -4.55939e-04        00000 
 4.59340e-03 -4.85843e-04        00000 
 4.55952e-03 -5.17412e-04        00000 
 4.52091e-03 -5.49544e-04        00000 
 4.47981e-03 -5.81529e-04        00000 
 4.43751e-03 -6.12902e-04        00000 
 4.39472e-03 -6.43358e-04        00000 
 4.35180e-03 -6.72698e-04        00000 
 4.30892e-03 -7.00793e-04        00000 
 4.26613e-03 -7.27563e-04        00000 
 4.22343e-03 -7.52963e-04        00000 
 4.18076e-03 -7.76975e-04        00000 
 4.13809e-03 -7.99598e-04        00000 
 4.09538e-03 -8.20846e-04        00000 
 4.05257e-03 -8.40744e-04        00000 
 4.00965e-03 -8.59328e-04        00000 
 3.96659e-03 -8.76638e-04        00000 
 3.92338e-03 -8.92723e-04        00000 
 3.88002e-03 -9.07635e-04        00000 
 3.83654e-03 -9.21430e-04        00000 
 3.79293e-03 -9.34168e-04        00000 
 3.74924e-03 -9.45912e-04        00000 
 3.70549e-03 -9.56726e-04        00000 
 3.66173e-03 -9.66679e-04        00000 
 3.61799e-03 -9.75840e-04        00000 
 3.57433e-03 -9.84279e-04        00000 
 3.53080e-03 -9.92069e-04        00000 
 3.48745e-03 -9.99283e-04        00000 
 3.44436e-03 -1.00599e-03        00000 
 3.40158e-03 -1.01228e-03        00000 
 3.35918e-03 -1.01821e-03        00000 
 3.31723e-03 -1.02386e-03        00000 
 3.27582e-03 -1.02930e-03        00000 
 3.23502e-03 -1.03460e-03        00000 
 3.19491e-03 -1.03984e-03        00000 
 3.15560e-03 -1.04506e-03        00000 
 3.11718e-03 -1.05032e-03        00000 
 3.07975e-03 -1.05568e-03        00000 
 3.04342e-03 -1.06118e-03        00000 
 3.00832e-03 -1.06683e-03        00000 
 2.97456e-03 -1.07265e-03        00000 
 2.94230e-03 -1.07865e-03        00000 
 2.91167e-03 -1.08479e-03        00000 
 2.88282e-03 -1.09104e-03        00000 
 2.85591e-03 -1.09735e-03        00000 
 2.83109e-03 -1.10362e-03        00000 
 2.80851e-03 -1.10977e-03        00000 
 2.78827e-03 -1.11571e-03        00000 
 2.77042e-03 -1.12134e-03        00000 
 2.75485e-03 -1.12663e-03        00000 
 2.74124e-03 -1.13162e-03        00000 
 2.72884e-03 -1.13647e-03        00000 
 2.71617e-03 -1.14158e-03        00000 
 4.67109e-03 -5.56224e-04        00000 
 4.67015e-03 -5.72697e-04        00000 
 4.64735e-03 -5.94743e-04        00000 
 4.61196e-03 -6.20012e-04        00000 
 4.56963e-03 -6.47039e-04        00000 
 4.52371e-03 -6.74862e-04        00000 
 4.47615e-03 -7.02844e-04        00000 
 4.42805e-03 -7.30553e-04        00000 
 4.37998e-03 -7.57689e-04        00000 
 4.33225e-03 -7.84041e-04        00000 
 4.28496e-03 -8.09460e-04        00000 
 4.23812e-03 -8.33842e-04        00000 
 4.19169e-03 -8.57111e-04        00000 
 4.14562e-03 -8.79221e-04        00000 
 4.09983e-03 -9.00143e-04        00000 
 4.05426e-03 -9.19863e-04        00000 
 4.00887e-03 -9.38382e-04        00000 
 3.96361e-03 -9.55710e-04        00000 
 3.91844e-03 -9.71868e-04        00000 
 3.87336e-03 -9.86884e-04        00000 
 3.82834e-03 -1.00079e-03        00000 
 3.78340e-03 -1.01364e-03        00000 
 3.73855e-03 -1.02546e-03        00000 
 3.69380e-03 -1.03631e-03        00000 
 3.64919e-03 -1.04625e-03        00000 
 3.60476e-03 -1.05533e-03        00000 
 3.56053e-03 -1.06362e-03        00000 
 3.51657e-03 -1.07117e-03        00000 
 3.47292e-03 -1.07806e-03        00000 
 3.42964e-03 -1.08434e-03        00000 
 3.38679e-03 -1.09009e-03        00000 
 3.34444e-03 -1.09537e-03        00000 
 3.30266e-03 -1.10025e-03        00000 
 3.26153e-03 -1.10479e-03        00000 
 3.22112e-03 -1.10905e-03        00000 
 3.18153e-03 -1.11310e-03        00000 
 3.14284e-03 -1.11697e-03        00000 
 3.10515e-03 -1.12073e-03        00000 
 3.06857e-03 -1.12440e-03        00000 
 3.03320e-03 -1.12800e-03        00000 
 2.99916e-03 -1.13156e-03        00000 
 2.96658e-03 -1.13507e-03        00000 
 2.93560e-03 -1.13852e-03        00000 
 2.90636e-03 -1.14186e-03        00000 
 2.87901e-03 -1.14504e-03        00000 
 2.85372e-03 -1.14799e-03        00000 
 2.83066e-03 -1.15062e-03        00000 
 2.81001e-03 -1.15283e-03        00000 
 2.79194e-03 -1.15451e-03        00000 
 2.77661e-03 -1.15560e-03        00000 
 2.76409e-03 -1.15606e-03        00000 
 2.75438e-03 -1.15597e-03        00000 
 2.74718e-03 -1.15556e-03        00000 
 2.74176e-03 -1.15536e-03        00000 
 2.73608e-03 -1.15611e-03        00000 
 4.68012e-03 -7.09976e-04        00000 
 4.66442e-03 -7.22130e-04        00000 
 4.63016e-03 -7.39444e-04        00000 
 4.58553e-03 -7.59894e-04        00000 
 4.53549e-03 -7.82222e-04        00000 
 4.48292e-03 -8.05585e-04        00000 
 4.42951e-03 -8.29403e-04        00000 
 4.37616e-03 -8.53268e-04        00000 
 4.32335e-03 -8.76882e-04        00000 
 4.27129e-03 -9.00022e-04        00000 
 4.22004e-03 -9.22518e-04        00000 
 4.16957e-03 -9.44242e-04        00000 
 4.11982e-03 -9.65093e-04        00000 
 4.07072e-03 -9.84999e-04        00000 
 4.02217e-03 -1.00390e-03        00000 
 3.97412e-03 -1.02177e-03        00000 
 3.92648e-03 -1.03857e-03        00000 
 3.87922e-03 -1.05430e-03        00000 
 3.83228e-03 -1.06896e-03        00000 
 3.78565e-03 -1.08255e-03        00000 
 3.73930e-03 -1.09510e-03        00000 
 3.69324e-03 -1.10663e-03        00000 
 3.64748e-03 -1.11718e-03        00000 
 3.60202e-03 -1.12678e-03        00000 
 3.55689e-03 -1.13548e-03        00000 
 3.51213e-03 -1.14332e-03        00000 
 3.46777e-03 -1.15036e-03        00000 
 3.42386e-03 -1.15664e-03        00000 
 3.38045e-03 -1.16224e-03        00000 
 3.33760e-03 -1.16719e-03        00000 
 3.29538e-03 -1.17157e-03        00000 
 3.25384e-03 -1.17543e-03        00000 
 3.21307e-03 -1.17883e-03        00000 
 3.17314e-03 -1.18180e-03        00000 
 3.13413e-03 -1.18442e-03        00000 
 3.09613e-03 -1.18671e-03        00000 
 3.05925e-03 -1.18871e-03        00000 
 3.02357e-03 -1.19045e-03        00000 
 2.98921e-03 -1.19194e-03        00000 
 2.95628e-03 -1.19318e-03        00000 
 2.92490e-03 -1.19416e-03        00000 
 2.89521e-03 -1.19484e-03        00000 
 2.86735e-03 -1.19518e-03        00000 
 2.84148e-03 -1.19511e-03        00000 
 2.81777e-03 -1.19455e-03        00000 
 2.79640e-03 -1.19339e-03        00000 
 2.77758e-03 -1.19153e-03        00000 
 2.76153e-03 -1.18887e-03        00000 
 2.74851e-03 -1.18533e-03        00000 
 2.73874e-03 -1.18089e-03        00000 
 2.73248e-03 -1.17566e-03        00000 
 2.72989e-03 -1.16991e-03        00000 
 2.73095e-03 -1.16427e-03        00000 
 2.73517e-03 -1.15996e-03        00000 
 4.64224e-03 -8.68510e-04        00000 
 4.61289e-03 -8.76148e-04        00000 
 4.56816e-03 -8.88575e-04        00000 
 4.51518e-03 -9.04093e-04        00000 
 4.45820e-03 -9.21623e-04        00000 
 4.39971e-03 -9.40420e-04        00000 
 4.34109e-03 -9.59953e-04        00000 
 4.28310e-03 -9.79829e-04        00000 
 4.22609e-03 -9.99750e-04        00000 
 4.17022e-03 -1.01948e-03        00000 
 4.11549e-03 -1.03883e-03        00000 
 4.06184e-03 -1.05765e-03        00000 
 4.00921e-03 -1.07582e-03        00000 
 3.95748e-03 -1.09323e-03        00000 
 3.90658e-03 -1.10982e-03        00000 
 3.85641e-03 -1.12551e-03        00000 
 3.80690e-03 -1.14028e-03        00000 
 3.75799e-03 -1.15407e-03        00000 
 3.70963e-03 -1.16689e-03        00000 
 3.66180e-03 -1.17871e-03        00000 
 3.61446e-03 -1.18955e-03        00000 
 3.56762e-03 -1.19941e-03        00000 
 3.52128e-03 -1.20832e-03        00000 
 3.47544e-03 -1.21630e-03        00000 
 3.43013e-03 -1.22337e-03        00000 
 3.38538e-03 -1.22959e-03        00000 
 3.34123e-03 -1.23499e-03        00000 
 3.29772e-03 -1.23962e-03        00000 
 3.25490e-03 -1.24352e-03        00000 
 3.21283e-03 -1.24674e-03        00000 
 3.17157e-03 -1.24932e-03        00000 
 3.13119e-03 -1.25132e-03        00000 
 3.09177e-03 -1.25277e-03        00000 
 3.05338e-03 -1.25372e-03        00000 
 3.01612e-03 -1.25419e-03        00000 
 2.98006e-03 -1.25421e-03        00000 
 2.94531e-03 -1.25380e-03        00000 
 2.91197e-03 -1.25296e-03        00000 
 2.88014e-03 -1.25167e-03        00000 
 2.84996e-03 -1.24992e-03        00000 
 2.82154e-03 -1.24767e-03        00000 
 2.79503e-03 -1.24484e-03        00000 
 2.77058e-03 -1.24138e-03        00000 
 2.74836e-03 -1.23717e-03        00000 
 2.72858e-03 -1.23211e-03        00000 
 2.71145e-03 -1.22610e-03        00000 
 2.69725e-03 -1.21902e-03        00000 
 2.68630e-03 -1.21080e-03        00000 
 2.67898e-03 -1.20143e-03        00000 
 2.67572e-03 -1.19104e-03        00000 
 2.67708e-03 -1.17994e-03        00000 
 2.68369e-03 -1.16880e-03        00000 
 2.69617e-03 -1.15892e-03        00000 
 4.55850e-03 -1.03012e-03        00000 
 4.51675e-03 -1.03317e-03        00000 
 4.46264e-03 -1.04065e-03        00000 
 4.40225e-03 -1.05121e-03        00000 
 4.33918e-03 -1.06391e-03        00000 
 4.27550e-03 -1.07808e-03        00000 
 4.21236e-03 -1.09325e-03        00000 
 4.15034e-03 -1.10902e-03        00000 
 4.08971e-03 -1.12510e-03        00000 
 4.03056e-03 -1.14124e-03        00000 
 3.97285e-03 -1.15725e-03        00000 
 3.91651e-03 -1.17294e-03        00000 
 3.86144e-03 -1.18817e-03        00000 
 3.80752e-03 -1.20283e-03        00000 
 3.75467e-03 -1.21682e-03        00000 
 3.70277e-03 -1.23004e-03        00000 
 3.65177e-03 -1.24246e-03        00000 
 3.60158e-03 -1.25400e-03        00000 
 3.55216e-03 -1.26464e-03        00000 
 3.50348e-03 -1.27435e-03        00000 
 3.45550e-03 -1.28312e-03        00000 
 3.40822e-03 -1.29096e-03        00000 
 3.36163e-03 -1.29786e-03        00000 
 3.31574e-03 -1.30384e-03        00000 
 3.27058e-03 -1.30892e-03        00000 
 3.22617e-03 -1.31313e-03        00000 
 3.18255e-03 -1.31650e-03        00000 
 3.13975e-03 -1.31907e-03        00000 
 3.09784e-03 -1.32086e-03        00000 
 3.05686e-03 -1.32191e-03        00000 
 3.01689e-03 -1.32226e-03        00000 
 2.97798e-03 -1.32195e-03        00000 
 2.94022e-03 -1.32099e-03        00000 
 2.90367e-03 -1.31942e-03        00000 
 2.86843e-03 -1.31725e-03        00000 
 2.83459e-03 -1.31448e-03        00000 
 2.80225e-03 -1.31110e-03        00000 
 2.77150e-03 -1.30711e-03        00000 
 2.74247e-03 -1.30246e-03        00000 
 2.71527e-03 -1.29711e-03        00000 
 2.69004e-03 -1.29098e-03        00000 
 2.66692e-03 -1.28398e-03        00000 
 2.64610e-03 -1.27603e-03        00000 
 2.62778e-03 -1.26700e-03        00000 
 2.61219e-03 -1.25677e-03        00000 
 2.59964e-03 -1.24524e-03        00000 
 2.59051e-03 -1.23233e-03        00000 
 2.58529e-03 -1.21803e-03        00000 
 2.58460e-03 -1.20248e-03        00000 
 2.58927e-03 -1.18602e-03        00000 
 2.60036e-03 -1.16934e-03        00000 
 2.61951e-03 -1.15368e-03        00000 
 4.43028e-03 -1.19326e-03        00000 
 4.37757e-03 -1.19172e-03        00000 
 4.31524e-03 -1.19432e-03        00000 
 4.24841e-03 -1.19995e-03        00000 
 4.18009e-03 -1.20782e-03        00000 
 4.11197e-03 -1.21734e-03        00000 
 4.04498e-03 -1.22806e-03        00000 
 3.97957e-03 -1.23964e-03        00000 
 3.91591e-03 -1.25175e-03        00000 
 3.85402e-03 -1.26415e-03        00000 
 3.79386e-03 -1.27663e-03        00000 
 3.73531e-03 -1.28898e-03        00000 
 3.67826e-03 -1.30105e-03        00000 
 3.62260e-03 -1.31271e-03        00000 
 3.56821e-03 -1.32382e-03        00000 
 3.51500e-03 -1.33430e-03        00000 
 3.46289e-03 -1.34406e-03        00000 
 3.41180e-03 -1.35304e-03        00000 
 3.36168e-03 -1.36118e-03        00000 
 3.31250e-03 -1.36844e-03        00000 
 3.26422e-03 -1.37481e-03        00000 
 3.21682e-03 -1.38026e-03        00000 
 3.17032e-03 -1.38479e-03        00000 
 3.12470e-03 -1.38841e-03        00000 
 3.08000e-03 -1.39112e-03        00000 
 3.03624e-03 -1.39294e-03        00000 
 2.99345e-03 -1.39388e-03        00000 
 2.95167e-03 -1.39397e-03        00000 
 2.91095e-03 -1.39324e-03        00000 
 2.87136e-03 -1.39170e-03        00000 
 2.83294e-03 -1.38938e-03        00000 
 2.79577e-03 -1.38630e-03        00000 
 2.75992e-03 -1.38247e-03        00000 
 2.72546e-03 -1.37789e-03        00000 
 2.69249e-03 -1.37257e-03        00000 
 2.66109e-03 -1.36649e-03        00000 
 2.63137e-03 -1.35962e-03        00000 
 2.60341e-03 -1.35192e-03        00000 
 2.57735e-03 -1.34332e-03        00000 
 2.55330e-03 -1.33377e-03        00000 
 2.53142e-03 -1.32316e-03        00000 
 2.51187e-03 -1.31138e-03        00000 
 2.49485e-03 -1.29832e-03        00000 
 2.48063e-03 -1.28385e-03        00000 
 2.46952e-03 -1.26786e-03        00000 
 2.46194e-03 -1.25027e-03        00000 
 2.45848e-03 -1.23109e-03        00000 
 2.45992e-03 -1.21043e-03        00000 
 2.46732e-03 -1.18866e-03        00000 
 2.48215e-03 -1.16652e-03        00000 
 2.50635e-03 -1.14529e-03        00000 
 2.54160e-03 -1.12701e-03        00000 
 4.30761e-03 -1.36823e-03        00000 
 4.25967e-03 -1.35686e-03        00000 
 4.19735e-03 -1.35071e-03        00000 
 4.12788e-03 -1.34842e-03        00000 
 4.05555e-03 -1.34911e-03        00000 
 3.98280e-03 -1.35213e-03        00000 
 3.91100e-03 -1.35696e-03        00000 
 3.84086e-03 -1.36320e-03        00000 
 3.77268e-03 -1.37049e-03        00000 
 3.70658e-03 -1.37853e-03        00000 
 3.64252e-03 -1.38705e-03        00000 
 3.58042e-03 -1.39583e-03        00000 
 3.52016e-03 -1.40467e-03        00000 
 3.46160e-03 -1.41337e-03        00000 
 3.40464e-03 -1.42179e-03        00000 
 3.34915e-03 -1.42978e-03        00000 
 3.29503e-03 -1.43724e-03        00000 
 3.24220e-03 -1.44407e-03        00000 
 3.19058e-03 -1.45018e-03        00000 
 3.14012e-03 -1.45550e-03        00000 
 3.09079e-03 -1.46000e-03        00000 
 3.04254e-03 -1.46362e-03        00000 
 2.99536e-03 -1.46635e-03        00000 
 2.94925e-03 -1.46816e-03        00000 
 2.90421e-03 -1.46905e-03        00000 
 2.86027e-03 -1.46901e-03        00000 
 2.81744e-03 -1.46805e-03        00000 
 2.77575e-03 -1.46617e-03        00000 
 2.73526e-03 -1.46339e-03        00000 
 2.69600e-03 -1.45972e-03        00000 
 2.65802e-03 -1.45517e-03        00000 
 2.62140e-03 -1.44975e-03        00000 
 2.58619e-03 -1.44345e-03        00000 
 2.55246e-03 -1.43628e-03        00000 
 2.52029e-03 -1.42823e-03        00000 
 2.48977e-03 -1.41927e-03        00000 
 2.46098e-03 -1.40937e-03        00000 
 2.43402e-03 -1.39848e-03        00000 
 2.40899e-03 -1.38653e-03        00000 
 2.38601e-03 -1.37346e-03        00000 
 2.36523e-03 -1.35914e-03        00000 
 2.34681e-03 -1.34349e-03        00000 
 2.33094e-03 -1.32636e-03        00000 
 2.31788e-03 -1.30764e-03        00000 
 2.30798e-03 -1.28721e-03        00000 
 2.30170e-03 -1.26500e-03        00000 
 2.29966e-03 -1.24098e-03        00000 
 2.30277e-03 -1.21530e-03        00000 
 2.31231e-03 -1.18830e-03        00000 
 2.33010e-03 -1.16071e-03        00000 
 2.35868e-03 -1.13386e-03        00000 
 2.40156e-03 -1.11009e-03        00000 
 4.10864e-03 -1.53529e-03        00000 
 4.04882e-03 -1.51975e-03        00000 
 3.97816e-03 -1.50890e-03        00000 
 3.90265e-03 -1.50169e-03        00000 
 3.82575e-03 -1.49745e-03        00000 
 3.74941e-03 -1.49562e-03        00000 
 3.67468e-03 -1.49575e-03        00000 
 3.60206e-03 -1.49746e-03        00000 
 3.53176e-03 -1.50040e-03        00000 
 3.46381e-03 -1.50427e-03        00000 
 3.39814e-03 -1.50881e-03        00000 
 3.33463e-03 -1.51376e-03        00000 
 3.27315e-03 -1.51890e-03        00000 
 3.21356e-03 -1.52404e-03        00000 
 3.15574e-03 -1.52901e-03        00000 
 3.09957e-03 -1.53365e-03        00000 
 3.04494e-03 -1.53784e-03        00000 
 2.99178e-03 -1.54146e-03        00000 
 2.94000e-03 -1.54442e-03        00000 
 2.88955e-03 -1.54664e-03        00000 
 2.84040e-03 -1.54806e-03        00000 
 2.79250e-03 -1.54862e-03        00000 
 2.74585e-03 -1.54829e-03        00000 
 2.70043e-03 -1.54703e-03        00000 
 2.65626e-03 -1.54484e-03        00000 
 2.61334e-03 -1.54169e-03        00000 
 2.57170e-03 -1.53758e-03        00000 
 2.53137e-03 -1.53250e-03        00000 
 2.49239e-03 -1.52646e-03        00000 
 2.45481e-03 -1.51945e-03        00000 
 2.41867e-03 -1.51147e-03        00000 
 2.38403e-03 -1.50251e-03        00000 
 2.35095e-03 -1.49257e-03        00000 
 2.31951e-03 -1.48162e-03        00000 
 2.28977e-03 -1.46964e-03        00000 
 2.26181e-03 -1.45657e-03        00000 
 2.23573e-03 -1.44238e-03        00000 
 2.21162e-03 -1.42699e-03        00000 
 2.18959e-03 -1.41031e-03        00000 
 2.16977e-03 -1.39224e-03        00000 
 2.15231e-03 -1.37267e-03        00000 
 2.13742e-03 -1.35147e-03        00000 
 2.12533e-03 -1.32852e-03        00000 
 2.11642e-03 -1.30369e-03        00000 
 2.11114e-03 -1.27690e-03        00000 
 2.11018e-03 -1.24813e-03        00000 
 2.11453e-03 -1.21751e-03        00000 
 2.12561e-03 -1.18538e-03        00000 
 2.14549e-03 -1.15242e-03        00000 
 2.17732e-03 -1.11993e-03        00000 
 2.22542e-03 -1.09023e-03        00000 
 3.87011e-03 -1.70032e-03        00000 
 3.79995e-03 -1.68049e-03        00000 
 3.72228e-03 -1.66493e-03        00000 
 3.64181e-03 -1.65283e-03        00000 
 3.56128e-03 -1.64369e-03        00000 
 3.48218e-03 -1.63704e-03        00000 
 3.40526e-03 -1.63248e-03        00000 
 3.33086e-03 -1.62966e-03        00000 
 3.25907e-03 -1.62822e-03        00000 
 3.18987e-03 -1.62787e-03        00000 
 3.12313e-03 -1.62832e-03        00000 
 3.05873e-03 -1.62931e-03        00000 
 2.99652e-03 -1.63062e-03        00000 
 2.93636e-03 -1.63203e-03        00000 
 2.87813e-03 -1.63335e-03        00000 
 2.82169e-03 -1.63443e-03        00000 
 2.76695e-03 -1.63511e-03        00000 
 2.71383e-03 -1.63528e-03        00000 
 2.66225e-03 -1.63482e-03        00000 
 2.61216e-03 -1.63365e-03        00000 
 2.56351e-03 -1.63169e-03        00000 
 2.51627e-03 -1.62888e-03        00000 
 2.47043e-03 -1.62518e-03        00000 
 2.42598e-03 -1.62053e-03        00000 
 2.38293e-03 -1.61491e-03        00000 
 2.34128e-03 -1.60831e-03        00000 
 2.30107e-03 -1.60069e-03        00000 
 2.26231e-03 -1.59205e-03        00000 
 2.22504e-03 -1.58237e-03        00000 
 2.18931e-03 -1.57164e-03        00000 
 2.15516e-03 -1.55984e-03        00000 
 2.12265e-03 -1.54696e-03        00000 
 2.09184e-03 -1.53296e-03        00000 
 2.06278e-03 -1.51782e-03        00000 
 2.03556e-03 -1.50147e-03        00000 
 2.01024e-03 -1.48388e-03        00000 
 1.98692e-03 -1.46495e-03        00000 
 1.96570e-03 -1.44461e-03        00000 
 1.94668e-03 -1.42276e-03        00000 
 1.93003e-03 -1.39926e-03        00000 
 1.91592e-03 -1.37400e-03        00000 
 1.90460e-03 -1.34685e-03        00000 
 1.89643e-03 -1.31768e-03        00000 
 1.89189e-03 -1.28641e-03        00000 
 1.89168e-03 -1.25301e-03        00000 
 1.89684e-03 -1.21759e-03        00000 
 1.90890e-03 -1.18046e-03        00000 
 1.93011e-03 -1.14229e-03        00000 
 1.96381e-03 -1.10430e-03        00000 
 2.01543e-03 -1.06862e-03        00000 
 3.59439e-03 -1.86170e-03        00000 
 3.51553e-03 -1.83762e-03        00000 
 3.43215e-03 -1.81741e-03        00000 
 3.34783e-03 -1.80052e-03        00000 
 3.26462e-03 -1.78658e-03        00000 
 3.18358e-03 -1.77520e-03        00000 
 3.10522e-03 -1.76601e-03        00000 
 3.02971e-03 -1.75867e-03        00000 
 2.95706e-03 -1.75285e-03        00000 
 2.88717e-03 -1.74823e-03        00000 
 2.81991e-03 -1.74452e-03        00000 
 2.75513e-03 -1.74146e-03        00000 
 2.69268e-03 -1.73880e-03        00000 
 2.63240e-03 -1.73633e-03        00000 
 2.57417e-03 -1.73384e-03        00000 
 2.51788e-03 -1.73115e-03        00000 
 2.46341e-03 -1.72812e-03        00000 
 2.41069e-03 -1.72460e-03        00000 
 2.35965e-03 -1.72048e-03        00000 
 2.31023e-03 -1.71565e-03        00000 
 2.26239e-03 -1.71005e-03        00000 
 2.21609e-03 -1.70358e-03        00000 
 2.17134e-03 -1.69620e-03        00000 
 2.12811e-03 -1.68785e-03        00000 
 2.08640e-03 -1.67850e-03        00000 
 2.04624e-03 -1.66811e-03        00000 
 2.00764e-03 -1.65665e-03        00000 
 1.97063e-03 -1.64410e-03        00000 
 1.93523e-03 -1.63044e-03        00000 
 1.90150e-03 -1.61563e-03        00000 
 1.86946e-03 -1.59966e-03        00000 
 1.83918e-03 -1.58248e-03        00000 
 1.81070e-03 -1.56405e-03        00000 
 1.78409e-03 -1.54433e-03        00000 
 1.75942e-03 -1.52325e-03        00000 
 1.73675e-03 -1.50073e-03        00000 
 1.71619e-03 -1.47670e-03        00000 
 1.69782e-03 -1.45103e-03        00000 
 1.68180e-03 -1.42361e-03        00000 
 1.66829e-03 -1.39433e-03        00000 
 1.65753e-03 -1.36303e-03        00000 
 1.64988e-03 -1.32962e-03        00000 
 1.64580e-03 -1.29398e-03        00000 
 1.64603e-03 -1.25610e-03        00000 
 1.65163e-03 -1.21607e-03        00000 
 1.66419e-03 -1.17418e-03        00000 
 1.68611e-03 -1.13108e-03        00000 
 1.72094e-03 -1.08796e-03        00000 
 1.77384e-03 -1.04687e-03        00000 
 1.85125e-03 -1.01149e-03        00000 
 3.28415e-03 -2.01793e-03        00000 
 3.19828e-03 -1.98979e-03        00000 
 3.11050e-03 -1.96509e-03        00000 
 3.02342e-03 -1.94359e-03        00000 
 2.93845e-03 -1.92499e-03        00000 
 2.85628e-03 -1.90898e-03        00000 
 2.77719e-03 -1.89524e-03        00000 
 2.70122e-03 -1.88343e-03        00000 
 2.62831e-03 -1.87323e-03        00000 
 2.55830e-03 -1.86432e-03        00000 
 2.49105e-03 -1.85641e-03        00000 
 2.42638e-03 -1.84922e-03        00000 
 2.36414e-03 -1.84249e-03        00000 
 2.30419e-03 -1.83600e-03        00000 
 2.24638e-03 -1.82953e-03        00000 
 2.19061e-03 -1.82291e-03        00000 
 2.13678e-03 -1.81596e-03        00000 
 2.08480e-03 -1.80855e-03        00000 
 2.03462e-03 -1.80054e-03        00000 
 1.98617e-03 -1.79183e-03        00000 
 1.93941e-03 -1.78232e-03        00000 
 1.89433e-03 -1.77193e-03        00000 
 1.85089e-03 -1.76060e-03        00000 
 1.80909e-03 -1.74827e-03        00000 
 1.76894e-03 -1.73489e-03        00000 
 1.73045e-03 -1.72042e-03        00000 
 1.69362e-03 -1.70482e-03        00000 
 1.65849e-03 -1.68805e-03        00000 
 1.62509e-03 -1.67009e-03        00000 
 1.59344e-03 -1.65088e-03        00000 
 1.56359e-03 -1.63040e-03        00000 
 1.53559e-03 -1.60860e-03        00000 
 1.50947e-03 -1.58541e-03        00000 
 1.48531e-03 -1.56079e-03        00000 
 1.46316e-03 -1.53464e-03        00000 
 1.44311e-03 -1.50687e-03        00000 
 1.42523e-03 -1.47740e-03        00000 
 1.40967e-03 -1.44609e-03        00000 
 1.39658e-03 -1.41282e-03        00000 
 1.38618e-03 -1.37747e-03        00000 
 1.37881e-03 -1.33990e-03        00000 
 1.37495e-03 -1.30004e-03        00000 
 1.37532e-03 -1.25785e-03        00000 
 1.38099e-03 -1.21340e-03        00000 
 1.39360e-03 -1.16698e-03        00000 
 1.41561e-03 -1.11918e-03        00000 
 1.45078e-03 -1.07112e-03        00000 
 1.50472e-03 -1.02481e-03        00000 
 1.58566e-03 -9.83577e-04        00000 
 2.94252e-03 -2.16797e-03        00000 
 2.85129e-03 -2.13599e-03        00000 
 2.76035e-03 -2.10701e-03        00000 
 2.67150e-03 -2.08104e-03        00000 
 2.58563e-03 -2.05791e-03        00000 
 2.50309e-03 -2.03739e-03        00000 
 2.42395e-03 -2.01918e-03        00000 
 2.34816e-03 -2.00295e-03        00000 
 2.27556e-03 -1.98840e-03        00000 
 2.20598e-03 -1.97519e-03        00000 
 2.13923e-03 -1.96304e-03        00000 
 2.07515e-03 -1.95165e-03        00000 
 2.01357e-03 -1.94076e-03        00000 
 1.95435e-03 -1.93015e-03        00000 
 1.89735e-03 -1.91958e-03        00000 
 1.84247e-03 -1.90887e-03        00000 
 1.78961e-03 -1.89784e-03        00000 
 1.73870e-03 -1.88634e-03        00000 
 1.68967e-03 -1.87424e-03        00000 
 1.64247e-03 -1.86142e-03        00000 
 1.59705e-03 -1.84779e-03        00000 
 1.55340e-03 -1.83325e-03        00000 
 1.51149e-03 -1.81773e-03        00000 
 1.47132e-03 -1.80116e-03        00000 
 1.43289e-03 -1.78349e-03        00000 
 1.39620e-03 -1.76467e-03        00000 
 1.36127e-03 -1.74465e-03        00000 
 1.32813e-03 -1.72339e-03        00000 
 1.29678e-03 -1.70085e-03        00000 
 1.26728e-03 -1.67697e-03        00000 
 1.23964e-03 -1.65170e-03        00000 
 1.21391e-03 -1.62499e-03        00000 
 1.19014e-03 -1.59677e-03        00000 
 1.16837e-03 -1.56696e-03        00000 
 1.14868e-03 -1.53548e-03        00000 
 1.13115e-03 -1.50221e-03        00000 
 1.11587e-03 -1.46704e-03        00000 
 1.10301e-03 -1.42986e-03        00000 
 1.09278e-03 -1.39054e-03        00000 
 1.08548e-03 -1.34895e-03        00000 
 1.08159e-03 -1.30500e-03        00000 
 1.08180e-03 -1.25866e-03        00000 
 1.08720e-03 -1.20999e-03        00000 
 1.09941e-03 -1.15924e-03        00000 
 1.12093e-03 -1.10696e-03        00000 
 1.15557e-03 -1.05420e-03        00000 
 1.20926e-03 -1.00281e-03        00000 
 1.29085e-03 -9.56022e-04        00000 
 2.57298e-03 -2.31162e-03        00000 
 2.47771e-03 -2.27553e-03        00000 
 2.38475e-03 -2.24226e-03        00000 
 2.29510e-03 -2.21191e-03        00000 
 2.20914e-03 -2.18438e-03        00000 
 2.12695e-03 -2.15946e-03        00000 
 2.04843e-03 -2.13686e-03        00000 
 1.97340e-03 -2.11629e-03        00000 
 1.90167e-03 -2.09742e-03        00000 
 1.83302e-03 -2.07993e-03        00000 
 1.76726e-03 -2.06352e-03        00000 
 1.70421e-03 -2.04789e-03        00000 
 1.64371e-03 -2.03278e-03        00000 
 1.58561e-03 -2.01795e-03        00000 
 1.52979e-03 -2.00317e-03        00000 
 1.47614e-03 -1.98824e-03        00000 
 1.42458e-03 -1.97299e-03        00000 
 1.37502e-03 -1.95725e-03        00000 
 1.32741e-03 -1.94089e-03        00000 
 1.28170e-03 -1.92378e-03        00000 
 1.23785e-03 -1.90582e-03        00000 
 1.19583e-03 -1.88692e-03        00000 
 1.15563e-03 -1.86700e-03        00000 
 1.11723e-03 -1.84597e-03        00000 
 1.08065e-03 -1.82379e-03        00000 
 1.04587e-03 -1.80040e-03        00000 
 1.01292e-03 -1.77574e-03        00000 
 9.81814e-04 -1.74975e-03        00000 
 9.52564e-04 -1.72240e-03        00000 
 9.25199e-04 -1.69361e-03        00000 
 8.99749e-04 -1.66333e-03        00000 
 8.76250e-04 -1.63150e-03        00000 
 8.54744e-04 -1.59802e-03        00000 
 8.35282e-04 -1.56282e-03        00000 
 8.17934e-04 -1.52580e-03        00000 
 8.02794e-04 -1.48685e-03        00000 
 7.89995e-04 -1.44583e-03        00000 
 7.79733e-04 -1.40265e-03        00000 
 7.72299e-04 -1.35717e-03        00000 
 7.68141e-04 -1.30930e-03        00000 
 7.67940e-04 -1.25901e-03        00000 
 7.72743e-04 -1.20633e-03        00000 
 7.84162e-04 -1.15150e-03        00000 
 8.04671e-04 -1.09501e-03        00000 
 8.38068e-04 -1.03783e-03        00000 
 8.90178e-04 -9.81679e-04        00000 
 9.70441e-04 -9.29451e-04        00000 
 2.27941e-03 -2.48902e-03        00000 
 2.17854e-03 -2.44703e-03        00000 
 2.08070e-03 -2.40712e-03        00000 
 1.98685e-03 -2.36977e-03        00000 
 1.89731e-03 -2.33523e-03        00000 
 1.81206e-03 -2.30345e-03        00000 
 1.73092e-03 -2.27426e-03        00000 
 1.65363e-03 -2.24740e-03        00000 
 1.57994e-03 -2.22257e-03        00000 
 1.50959e-03 -2.19945e-03        00000 
 1.44236e-03 -2.17770e-03        00000 
 1.37804e-03 -2.15704e-03        00000 
 1.31644e-03 -2.13715e-03        00000 
 1.25741e-03 -2.11778e-03        00000 
 1.20080e-03 -2.09867e-03        00000 
 1.14649e-03 -2.07959e-03        00000 
 1.09439e-03 -2.06035e-03        00000 
 1.04440e-03 -2.04075e-03        00000 
 9.96465e-04 -2.02064e-03        00000 
 9.50515e-04 -1.99987e-03        00000 
 9.06507e-04 -1.97833e-03        00000 
 8.64406e-04 -1.95588e-03        00000 
 8.24188e-04 -1.93245e-03        00000 
 7.85833e-04 -1.90795e-03        00000 
 7.49334e-04 -1.88229e-03        00000 
 7.14685e-04 -1.85542e-03        00000 
 6.81891e-04 -1.82727e-03        00000 
 6.50958e-04 -1.79778e-03        00000 
 6.21898e-04 -1.76689e-03        00000 
 5.94727e-04 -1.73455e-03        00000 
 5.69465e-04 -1.70068e-03        00000 
 5.46136e-04 -1.66522e-03        00000 
 5.24772e-04 -1.62810e-03        00000 
 5.05414e-04 -1.58923e-03        00000 
 4.88116e-04 -1.54851e-03        00000 
 4.72960e-04 -1.50583e-03        00000 
 4.60060e-04 -1.46110e-03        00000 
 4.49595e-04 -1.41418e-03        00000 
 4.41836e-04 -1.36496e-03        00000 
 4.37202e-04 -1.31336e-03        00000 
 4.36345e-04 -1.25933e-03        00000 
 4.40279e-04 -1.20291e-03        00000 
 4.50573e-04 -1.14430e-03        00000 
 4.69660e-04 -1.08396e-03        00000 
 5.01295e-04 -1.02279e-03        00000 
 5.51243e-04 -9.62391e-04        00000 
 6.28160e-04 -9.05412e-04        00000 
 7.43906e-04 -8.56576e-04        00000 
 1.86728e-03 -2.61896e-03        00000 
 1.76267e-03 -2.57352e-03        00000 
 1.66357e-03 -2.52988e-03        00000 
 1.56989e-03 -2.48863e-03        00000 
 1.48135e-03 -2.45007e-03        00000 
 1.39756e-03 -2.41423e-03        00000 
 1.31812e-03 -2.38094e-03        00000 
 1.24266e-03 -2.34996e-03        00000 
 1.17084e-03 -2.32098e-03        00000 
 1.10237e-03 -2.29368e-03        00000 
 1.03701e-03 -2.26774e-03        00000 
 9.74549e-04 -2.24285e-03        00000 
 9.14793e-04 -2.21872e-03        00000 
 8.57587e-04 -2.19506e-03        00000 
 8.02799e-04 -2.17164e-03        00000 
 7.50315e-04 -2.14821e-03        00000 
 7.00038e-04 -2.12458e-03        00000 
 6.51887e-04 -2.10055e-03        00000 
 6.05796e-04 -2.07597e-03        00000 
 5.61712e-04 -2.05069e-03        00000 
 5.19590e-04 -2.02459e-03        00000 
 4.79396e-04 -1.99754e-03        00000 
 4.41107e-04 -1.96945e-03        00000 
 4.04704e-04 -1.94023e-03        00000 
 3.70176e-04 -1.90981e-03        00000 
 3.37517e-04 -1.87811e-03        00000 
 3.06727e-04 -1.84507e-03        00000 
 2.77809e-04 -1.81062e-03        00000 
 2.50770e-04 -1.77470e-03        00000 
 2.25620e-04 -1.73725e-03        00000 
 2.02375e-04 -1.69819e-03        00000 
 1.81055e-04 -1.65746e-03        00000 
 1.61689e-04 -1.61497e-03        00000 
 1.44320e-04 -1.57063e-03        00000 
 1.29013e-04 -1.52433e-03        00000 
 1.15867e-04 -1.47599e-03        00000 
 1.05041e-04 -1.42548e-03        00000 
 9.67824e-05 -1.37270e-03        00000 
 9.14819e-05 -1.31756e-03        00000 
 8.97560e-05 -1.26002e-03        00000 
 9.25724e-05 -1.20012e-03        00000 
 1.01445e-04 -1.13802e-03        00000 
 1.18735e-04 -1.07416e-03        00000 
 1.48112e-04 -1.00935e-03        00000 
 1.95254e-04 -9.45020e-04        00000 
 2.68876e-04 -8.83668e-04        00000 
 3.82321e-04 -8.29486e-04        00000 
 1.43532e-03 -2.73844e-03        00000 
 1.32870e-03 -2.68984e-03        00000 
 1.22967e-03 -2.64274e-03        00000 
 1.13721e-03 -2.59787e-03        00000 
 1.05052e-03 -2.55557e-03        00000 
 9.68909e-04 -2.51590e-03        00000 
 8.91795e-04 -2.47871e-03        00000 
 8.18706e-04 -2.44377e-03        00000 
 7.49256e-04 -2.41078e-03        00000 
 6.83129e-04 -2.37942e-03        00000 
 6.20062e-04 -2.34937e-03        00000 
 5.59840e-04 -2.32031e-03        00000 
 5.02280e-04 -2.29196e-03        00000 
 4.47232e-04 -2.26403e-03        00000 
 3.94566e-04 -2.23628e-03        00000 
 3.44176e-04 -2.20848e-03        00000 
 2.95971e-04 -2.18042e-03        00000 
 2.49877e-04 -2.15192e-03        00000 
 2.05831e-04 -2.12280e-03        00000 
 1.63783e-04 -2.09294e-03        00000 
 1.23692e-04 -2.06220e-03        00000 
 8.55247e-05 -2.03046e-03        00000 
 4.92578e-05 -1.99763e-03        00000 
 1.48724e-05 -1.96361e-03        00000 
-1.76444e-05 -1.92834e-03        00000 
-4.83010e-05 -1.89173e-03        00000 
-7.71020e-05 -1.85372e-03        00000 
-1.04049e-04 -1.81425e-03        00000 
-1.29139e-04 -1.77324e-03        00000 
-1.52368e-04 -1.73063e-03        00000 
-1.73724e-04 -1.68634e-03        00000 
-1.93189e-04 -1.64031e-03        00000 
-2.10733e-04 -1.59244e-03        00000 
-2.26306e-04 -1.54265e-03        00000 
-2.39824e-04 -1.49083e-03        00000 
-2.51150e-04 -1.43689e-03        00000 
-2.60062e-04 -1.38072e-03        00000 
-2.66199e-04 -1.32225e-03        00000 
-2.68986e-04 -1.26144e-03        00000 
-2.67510e-04 -1.19830e-03        00000 
-2.60329e-04 -1.13301e-03        00000 
-2.45177e-04 -1.06593e-03        00000 
-2.18516e-04 -9.97822e-04        00000 
-1.74825e-04 -9.30009e-04        00000 
-1.05503e-04 -8.64801e-04        00000 
 2.76459e-06 -8.06089e-04        00000 
 9.87182e-04 -2.84642e-03        00000 
 8.80295e-04 -2.79507e-03        00000 
 7.82575e-04 -2.74489e-03        00000 
 6.92302e-04 -2.69673e-03        00000 
 6.08244e-04 -2.65100e-03        00000 
 5.29465e-04 -2.60777e-03        00000 
 4.55246e-04 -2.56691e-03        00000 
 3.85039e-04 -2.52821e-03        00000 
 3.18415e-04 -2.49136e-03        00000 
 2.55039e-04 -2.45607e-03        00000 
 1.94643e-04 -2.42200e-03        00000 
 1.37012e-04 -2.38886e-03        00000 
 8.19679e-05 -2.35634e-03        00000 
 2.93666e-05 -2.32418e-03        00000 
-2.09126e-05 -2.29213e-03        00000 
-6.89703e-05 -2.25996e-03        00000 
-1.14890e-04 -2.22747e-03        00000 
-1.58742e-04 -2.19447e-03        00000 
-2.00582e-04 -2.16080e-03        00000 
-2.40459e-04 -2.12632e-03        00000 
-2.78412e-04 -2.09090e-03        00000 
-3.14470e-04 -2.05444e-03        00000 
-3.48659e-04 -2.01683e-03        00000 
-3.80998e-04 -1.97799e-03        00000 
-4.11503e-04 -1.93783e-03        00000 
-4.40185e-04 -1.89629e-03        00000 
-4.67053e-04 -1.85330e-03        00000 
-4.92113e-04 -1.80879e-03        00000 
-5.15367e-04 -1.76269e-03        00000 
-5.36815e-04 -1.71494e-03        00000 
-5.56448e-04 -1.66547e-03        00000 
-5.74249e-04 -1.61420e-03        00000 
-5.90180e-04 -1.56104e-03        00000 
-6.04176e-04 -1.50590e-03        00000 
-6.16118e-04 -1.44871e-03        00000 
-6.25810e-04 -1.38936e-03        00000 
-6.32928e-04 -1.32778e-03        00000 
-6.36939e-04 -1.26394e-03        00000 
-6.36993e-04 -1.19785e-03        00000 
-6.31732e-04 -1.12965e-03        00000 
-6.19009e-04 -1.05968e-03        00000 
-5.95453e-04 -9.88608e-04        00000 
-5.55783e-04 -9.17640e-04        00000 
-4.91735e-04 -8.48864e-04        00000 
-3.90312e-04 -7.85798e-04        00000 
 5.26955e-04 -2.94249e-03        00000 
 4.21364e-04 -2.88882e-03        00000 
 3.26027e-04 -2.83591e-03        00000 
 2.38767e-04 -2.78477e-03        00000 
 1.58019e-04 -2.73587e-03        00000 
 8.26522e-05 -2.68931e-03        00000 
 1.18369e-05 -2.64501e-03        00000 
-5.50376e-05 -2.60273e-03        00000 
-1.18429e-04 -2.56221e-03        00000 
-1.78684e-04 -2.52312e-03        00000 
-2.36072e-04 -2.48517e-03        00000 
-2.90805e-04 -2.44804e-03        00000 
-3.43054e-04 -2.41144e-03        00000 
-3.92955e-04 -2.37511e-03        00000 
-4.40621e-04 -2.33881e-03        00000 
-4.86145e-04 -2.30231e-03        00000 
-5.29605e-04 -2.26541e-03        00000 
-5.71064e-04 -2.22793e-03        00000 
-6.10576e-04 -2.18973e-03        00000 
-6.48184e-04 -2.15065e-03        00000 
-6.83926e-04 -2.11057e-03        00000 
-7.17831e-04 -2.06940e-03        00000 
-7.49924e-04 -2.02703e-03        00000 
-7.80227e-04 -1.98337e-03        00000 
-8.08758e-04 -1.93836e-03        00000 
-8.35532e-04 -1.89193e-03        00000 
-8.60561e-04 -1.84400e-03        00000 
-8.83857e-04 -1.79452e-03        00000 
-9.05426e-04 -1.74342e-03        00000 
-9.25271e-04 -1.69063e-03        00000 
-9.43384e-04 -1.63609e-03        00000 
-9.59741e-04 -1.57973e-03        00000 
-9.74292e-04 -1.52146e-03        00000 
-9.86940e-04 -1.46120e-03        00000 
-9.97515e-04 -1.39889e-03        00000 
-1.00572e-03 -1.33445e-03        00000 
-1.01109e-03 -1.26785e-03        00000 
-1.01282e-03 -1.19911e-03        00000 
-1.00964e-03 -1.12835e-03        00000 
-9.99561e-04 -1.05587e-03        00000 
-9.79383e-04 -9.82255e-04        00000 
-9.44114e-04 -9.08589e-04        00000 
-8.85942e-04 -8.36712e-04        00000 
-7.92650e-04 -7.69671e-04        00000 
 5.90053e-05 -3.02720e-03        00000 
-4.42336e-05 -2.97105e-03        00000 
-1.36298e-04 -2.91549e-03        00000 
-2.19825e-04 -2.86157e-03        00000 
-2.96661e-04 -2.80973e-03        00000 
-3.68102e-04 -2.76009e-03        00000 
-4.35065e-04 -2.71256e-03        00000 
-4.98207e-04 -2.66692e-03        00000 
-5.58006e-04 -2.62289e-03        00000 
-6.14815e-04 -2.58018e-03        00000 
-6.68902e-04 -2.53848e-03        00000 
-7.20471e-04 -2.49748e-03        00000 
-7.69684e-04 -2.45692e-03        00000 
-8.16671e-04 -2.41652e-03        00000 
-8.61535e-04 -2.37605e-03        00000 
-9.04363e-04 -2.33529e-03        00000 
-9.45225e-04 -2.29406e-03        00000 
-9.84179e-04 -2.25217e-03        00000 
-1.02128e-03 -2.20948e-03        00000 
-1.05655e-03 -2.16586e-03        00000 
-1.09005e-03 -2.12119e-03        00000 
-1.12180e-03 -2.07537e-03        00000 
-1.15181e-03 -2.02831e-03        00000 
-1.18013e-03 -1.97993e-03        00000 
-1.20676e-03 -1.93016e-03        00000 
-1.23173e-03 -1.87893e-03        00000 
-1.25505e-03 -1.82619e-03        00000 
-1.27674e-03 -1.77188e-03        00000 
-1.29681e-03 -1.71593e-03        00000 
-1.31527e-03 -1.65830e-03        00000 
-1.33209e-03 -1.59890e-03        00000 
-1.34725e-03 -1.53769e-03        00000 
-1.36066e-03 -1.47460e-03        00000 
-1.37219e-03 -1.40955e-03        00000 
-1.38157e-03 -1.34250e-03        00000 
-1.38838e-03 -1.27343e-03        00000 
-1.39188e-03 -1.20235e-03        00000 
-1.39091e-03 -1.12939e-03        00000 
-1.38361e-03 -1.05481e-03        00000 
-1.36697e-03 -9.79153e-04        00000 
-1.33630e-03 -9.03387e-04        00000 
-1.28423e-03 -8.29178e-04        00000 
-1.19926e-03 -7.59307e-04        00000 
-1.06394e-03 -6.98503e-04        00000 
-2.97103e-04 -3.15645e-03        00000 
-4.13128e-04 -3.09947e-03        00000 
-5.12908e-04 -3.04109e-03        00000 
-6.00847e-04 -2.98315e-03        00000 
-6.79966e-04 -2.92669e-03        00000 
-7.52342e-04 -2.87218e-03        00000 
-8.19395e-04 -2.81971e-03        00000 
-8.82107e-04 -2.76919e-03        00000 
-9.41165e-04 -2.72040e-03        00000 
-9.97058e-04 -2.67308e-03        00000 
-1.05014e-03 -2.62693e-03        00000 
-1.10067e-03 -2.58165e-03        00000 
-1.14885e-03 -2.53694e-03        00000 
-1.19483e-03 -2.49254e-03        00000 
-1.23873e-03 -2.44820e-03        00000 
-1.28064e-03 -2.40368e-03        00000 
-1.32065e-03 -2.35879e-03        00000 
-1.35881e-03 -2.31332e-03        00000 
-1.39519e-03 -2.26713e-03        00000 
-1.42982e-03 -2.22008e-03        00000 
-1.46274e-03 -2.17203e-03        00000 
-1.49400e-03 -2.12287e-03        00000 
-1.52361e-03 -2.07253e-03        00000 
-1.55161e-03 -2.02091e-03        00000 
-1.57802e-03 -1.96794e-03        00000 
-1.60286e-03 -1.91357e-03        00000 
-1.62616e-03 -1.85773e-03        00000 
-1.64795e-03 -1.80037e-03        00000 
-1.66823e-03 -1.74145e-03        00000 
-1.68702e-03 -1.68090e-03        00000 
-1.70431e-03 -1.61869e-03        00000 
-1.72010e-03 -1.55476e-03        00000 
-1.73431e-03 -1.48905e-03        00000 
-1.74683e-03 -1.42152e-03        00000 
-1.75744e-03 -1.35214e-03        00000 
-1.76574e-03 -1.28088e-03        00000 
-1.77109e-03 -1.20778e-03        00000 
-1.77241e-03 -1.13295e-03        00000 
-1.76797e-03 -1.05664e-03        00000 
-1.75500e-03 -9.79359e-04        00000 
-1.72909e-03 -9.01979e-04        00000 
-1.68330e-03 -8.26024e-04        00000 
-1.60672e-03 -7.54052e-04        00000 
-1.48225e-03 -6.90212e-04        00000 
-7.73362e-04 -3.21757e-03        00000 
-8.85853e-04 -3.15871e-03        00000 
-9.81096e-04 -3.09839e-03        00000 
-1.06410e-03 -3.03839e-03        00000 
-1.13819e-03 -2.97974e-03        00000 
-1.20561e-03 -2.92286e-03        00000 
-1.26786e-03 -2.86785e-03        00000 
-1.32596e-03 -2.81460e-03        00000 
-1.38063e-03 -2.76292e-03        00000 
-1.43235e-03 -2.71254e-03        00000 
-1.48146e-03 -2.66315e-03        00000 
-1.52823e-03 -2.61449e-03        00000 
-1.57283e-03 -2.56626e-03        00000 
-1.61542e-03 -2.51820e-03        00000 
-1.65609e-03 -2.47008e-03        00000 
-1.69494e-03 -2.42167e-03        00000 
-1.73204e-03 -2.37278e-03        00000 
-1.76745e-03 -2.32325e-03        00000 
-1.80120e-03 -2.27291e-03        00000 
-1.83336e-03 -2.22163e-03        00000 
-1.86394e-03 -2.16931e-03        00000 
-1.89299e-03 -2.11585e-03        00000 
-1.92054e-03 -2.06117e-03        00000 
-1.94661e-03 -2.00518e-03        00000 
-1.97123e-03 -1.94784e-03        00000 
-1.99443e-03 -1.88910e-03        00000 
-2.01624e-03 -1.82890e-03        00000 
-2.03668e-03 -1.76720e-03        00000 
-2.05577e-03 -1.70397e-03        00000 
-2.07352e-03 -1.63916e-03        00000 
-2.08992e-03 -1.57275e-03        00000 
-2.10493e-03 -1.50468e-03        00000 
-2.11846e-03 -1.43494e-03        00000 
-2.13030e-03 -1.36350e-03        00000 
-2.14013e-03 -1.29035e-03        00000 
-2.14735e-03 -1.21554e-03        00000 
-2.15101e-03 -1.13917e-03        00000 
-2.14951e-03 -1.06148e-03        00000 
-2.14030e-03 -9.82901e-04        00000 
-2.11931e-03 -9.04224e-04        00000 
-2.08009e-03 -8.26794e-04        00000 
-2.01244e-03 -7.52856e-04        00000 
-1.90041e-03 -6.86159e-04        00000 
-1.24804e-03 -3.26453e-03        00000 
-1.35554e-03 -3.20428e-03        00000 
-1.44522e-03 -3.14248e-03        00000 
-1.52254e-03 -3.08085e-03        00000 
-1.59103e-03 -3.02039e-03        00000 
-1.65305e-03 -2.96150e-03        00000 
-1.71013e-03 -2.90428e-03        00000 
-1.76333e-03 -2.84862e-03        00000 
-1.81335e-03 -2.79432e-03        00000 
-1.86067e-03 -2.74112e-03        00000 
-1.90562e-03 -2.68875e-03        00000 
-1.94846e-03 -2.63692e-03        00000 
-1.98935e-03 -2.58538e-03        00000 
-2.02842e-03 -2.53387e-03        00000 
-2.06577e-03 -2.48217e-03        00000 
-2.10149e-03 -2.43006e-03        00000 
-2.13563e-03 -2.37739e-03        00000 
-2.16825e-03 -2.32397e-03        00000 
-2.19939e-03 -2.26968e-03        00000 
-2.22909e-03 -2.21440e-03        00000 
-2.25738e-03 -2.15804e-03        00000 
-2.28430e-03 -2.10049e-03        00000 
-2.30988e-03 -2.04171e-03        00000 
-2.33415e-03 -1.98163e-03        00000 
-2.35713e-03 -1.92020e-03        00000 
-2.37887e-03 -1.85739e-03        00000 
-2.39938e-03 -1.79316e-03        00000 
-2.41870e-03 -1.72748e-03        00000 
-2.43685e-03 -1.66034e-03        00000 
-2.45382e-03 -1.59170e-03        00000 
-2.46959e-03 -1.52155e-03        00000 
-2.48409e-03 -1.44988e-03        00000 
-2.49715e-03 -1.37668e-03        00000 
-2.50849e-03 -1.30196e-03        00000 
-2.51759e-03 -1.22577e-03        00000 
-2.52358e-03 -1.14821e-03        00000 
-2.52502e-03 -1.06951e-03        00000 
-2.51960e-03 -9.90039e-04        00000 
-2.50359e-03 -9.10485e-04        00000 
-2.47108e-03 -8.32008e-04        00000 
-2.41272e-03 -7.56545e-04        00000 
-2.31355e-03 -6.87291e-04        00000 
-1.71722e-03 -3.29704e-03        00000 
-1.81838e-03 -3.23597e-03        00000 
-1.90160e-03 -3.17318e-03        00000 
-1.97261e-03 -3.11039e-03        00000 
-2.03504e-03 -3.04854e-03        00000 
-2.09128e-03 -2.98802e-03        00000 
-2.14291e-03 -2.92893e-03        00000 
-2.19096e-03 -2.87117e-03        00000 
-2.23612e-03 -2.81455e-03        00000 
-2.27887e-03 -2.75882e-03        00000 
-2.31952e-03 -2.70373e-03        00000 
-2.35830e-03 -2.64899e-03        00000 
-2.39538e-03 -2.59438e-03        00000 
-2.43086e-03 -2.53966e-03        00000 
-2.46484e-03 -2.48461e-03        00000 
-2.49739e-03 -2.42905e-03        00000 
-2.52857e-03 -2.37281e-03        00000 
-2.55841e-03 -2.31577e-03        00000 
-2.58697e-03 -2.25778e-03        00000 
-2.61427e-03 -2.19876e-03        00000 
-2.64035e-03 -2.13862e-03        00000 
-2.66524e-03 -2.07729e-03        00000 
-2.68898e-03 -2.01472e-03        00000 
-2.71159e-03 -1.95087e-03        00000 
-2.73312e-03 -1.88571e-03        00000 
-2.75359e-03 -1.81921e-03        00000 
-2.77303e-03 -1.75137e-03        00000 
-2.79148e-03 -1.68216e-03        00000 
-2.80894e-03 -1.61159e-03        00000 
-2.82541e-03 -1.53966e-03        00000 
-2.84082e-03 -1.46636e-03        00000 
-2.85504e-03 -1.39171e-03        00000 
-2.86784e-03 -1.31575e-03        00000 
-2.87876e-03 -1.23853e-03        00000 
-2.88702e-03 -1.16017e-03        00000 
-2.89134e-03 -1.08088e-03        00000 
-2.88963e-03 -1.00100e-03        00000 
-2.87851e-03 -9.21152e-04        00000 
-2.85256e-03 -8.42360e-04        00000 
-2.80323e-03 -7.66323e-04        00000 
-2.71710e-03 -6.95802e-04        00000 
-2.57390e-03 -6.35722e-04        00000 
-2.17677e-03 -3.31537e-03        00000 
-2.27046e-03 -3.25400e-03        00000 
-2.34654e-03 -3.19069e-03        00000 
-2.41076e-03 -3.12715e-03        00000 
-2.46678e-03 -3.06429e-03        00000 
-2.51698e-03 -3.00251e-03        00000 
-2.56294e-03 -2.94189e-03        00000 
-2.60566e-03 -2.88235e-03        00000 
-2.64583e-03 -2.82371e-03        00000 
-2.68388e-03 -2.76574e-03        00000 
-2.72013e-03 -2.70820e-03        00000 
-2.75478e-03 -2.65084e-03        00000 
-2.78798e-03 -2.59343e-03        00000 
-2.81984e-03 -2.53576e-03        00000 
-2.85043e-03 -2.47764e-03        00000 
-2.87981e-03 -2.41890e-03        00000 
-2.90805e-03 -2.35940e-03        00000 
-2.93516e-03 -2.29901e-03        00000 
-2.96120e-03 -2.23764e-03        00000 
-2.98619e-03 -2.17519e-03        00000 
-3.01017e-03 -2.11161e-03        00000 
-3.03317e-03 -2.04685e-03        00000 
-3.05522e-03 -1.98088e-03        00000 
-3.07637e-03 -1.91366e-03        00000 
-3.09664e-03 -1.84520e-03        00000 
-3.11607e-03 -1.77549e-03        00000 
-3.13469e-03 -1.70453e-03        00000 
-3.15253e-03 -1.63233e-03        00000 
-3.16957e-03 -1.55892e-03        00000 
-3.18580e-03 -1.48432e-03        00000 
-3.20110e-03 -1.40856e-03        00000 
-3.21526e-03 -1.33170e-03        00000 
-3.22790e-03 -1.25381e-03        00000 
-3.23834e-03 -1.17502e-03        00000 
-3.24543e-03 -1.09553e-03        00000 
-3.24730e-03 -1.01569e-03        00000 
-3.24089e-03 -9.36063e-04        00000 
-3.22128e-03 -8.57580e-04        00000 
-3.18064e-03 -7.81775e-04        00000 
-3.10654e-03 -7.11158e-04        00000 
-2.97932e-03 -6.49736e-04        00000 
-2.62238e-03 -3.32052e-03        00000 
-2.70797e-03 -3.25903e-03        00000 
-2.77648e-03 -3.19545e-03        00000 
-2.83359e-03 -3.13145e-03        00000 
-2.88296e-03 -3.06789e-03        00000 
-2.92694e-03 -3.00516e-03        00000 
-2.96708e-03 -2.94333e-03        00000 
-3.00436e-03 -2.88233e-03        00000 
-3.03943e-03 -2.82199e-03        00000 
-3.07272e-03 -2.76209e-03        00000 
-3.10451e-03 -2.70241e-03        00000 
-3.13500e-03 -2.64272e-03        00000 
-3.16431e-03 -2.58282e-03        00000 
-3.19254e-03 -2.52251e-03        00000 
-3.21976e-03 -2.46164e-03        00000 
-3.24602e-03 -2.40004e-03        00000 
-3.27137e-03 -2.33759e-03        00000 
-3.29583e-03 -2.27421e-03        00000 
-3.31945e-03 -2.20980e-03        00000 
-3.34225e-03 -2.14431e-03        00000 
-3.36427e-03 -2.07769e-03        00000 
-3.38554e-03 -2.00992e-03        00000 
-3.40609e-03 -1.94099e-03        00000 
-3.42597e-03 -1.87089e-03        00000 
-3.44521e-03 -1.79964e-03        00000 
-3.46384e-03 -1.72725e-03        00000 
-3.48190e-03 -1.65377e-03        00000 
-3.49938e-03 -1.57922e-03        00000 
-3.51629e-03 -1.50365e-03        00000 
-3.53252e-03 -1.42713e-03        00000 
-3.54793e-03 -1.34971e-03        00000 
-3.56216e-03 -1.27150e-03        00000 
-3.57465e-03 -1.19264e-03        00000 
-3.58437e-03 -1.11334e-03        00000 
-3.58966e-03 -1.03390e-03        00000 
-3.58779e-03 -9.54856e-04        00000 
-3.57434e-03 -8.77016e-04        00000 
-3.54224e-03 -8.01710e-04        00000 
-3.48022e-03 -7.31076e-04        00000 
-3.37044e-03 -6.68610e-04        00000 
-2.94818e-03 -3.36981e-03        00000 
-3.05049e-03 -3.31297e-03        00000 
-3.12759e-03 -3.25137e-03        00000 
-3.18819e-03 -3.18770e-03        00000 
-3.23795e-03 -3.12351e-03        00000 
-3.28048e-03 -3.05956e-03        00000 
-3.31811e-03 -2.99620e-03        00000 
-3.35233e-03 -2.93350e-03        00000 
-3.38410e-03 -2.87137e-03        00000 
-3.41403e-03 -2.80965e-03        00000 
-3.44252e-03 -2.74815e-03        00000 
-3.46985e-03 -2.68666e-03        00000 
-3.49617e-03 -2.62498e-03        00000 
-3.52162e-03 -2.56293e-03        00000 
-3.54626e-03 -2.50033e-03        00000 
-3.57017e-03 -2.43704e-03        00000 
-3.59337e-03 -2.37295e-03        00000 
-3.61592e-03 -2.30795e-03        00000 
-3.63784e-03 -2.24196e-03        00000 
-3.65916e-03 -2.17494e-03        00000 
-3.67992e-03 -2.10683e-03        00000 
-3.70014e-03 -2.03764e-03        00000 
-3.71986e-03 -1.96735e-03        00000 
-3.73912e-03 -1.89598e-03        00000 
-3.75795e-03 -1.82355e-03        00000 
-3.77639e-03 -1.75010e-03        00000 
-3.79448e-03 -1.67568e-03        00000 
-3.81223e-03 -1.60035e-03        00000 
-3.82964e-03 -1.52417e-03        00000 
-3.84666e-03 -1.44724e-03        00000 
-3.86313e-03 -1.36963e-03        00000 
-3.87880e-03 -1.29148e-03        00000 
-3.89316e-03 -1.21292e-03        00000 
-3.90533e-03 -1.13417e-03        00000 
-3.91384e-03 -1.05554e-03        00000 
-3.91629e-03 -9.77479e-04        00000 
-3.90875e-03 -9.00696e-04        00000 
-3.88491e-03 -8.26321e-04        00000 
-3.83473e-03 -7.56168e-04        00000 
-3.74204e-03 -6.93162e-04        00000 
-3.36587e-03 -3.34876e-03        00000 
-3.45831e-03 -3.29204e-03        00000 
-3.52634e-03 -3.23079e-03        00000 
-3.57866e-03 -3.16746e-03        00000 
-3.62083e-03 -3.10348e-03        00000 
-3.65639e-03 -3.03953e-03        00000 
-3.68757e-03 -2.97592e-03        00000 
-3.71583e-03 -2.91270e-03        00000 
-3.74206e-03 -2.84980e-03        00000 
-3.76685e-03 -2.78707e-03        00000 
-3.79056e-03 -2.72433e-03        00000 
-3.81345e-03 -2.66139e-03        00000 
-3.83565e-03 -2.59808e-03        00000 
-3.85729e-03 -2.53424e-03        00000 
-3.87842e-03 -2.46973e-03        00000 
-3.89909e-03 -2.40444e-03        00000 
-3.91934e-03 -2.33826e-03        00000 
-3.93921e-03 -2.27112e-03        00000 
-3.95872e-03 -2.20298e-03        00000 
-3.97789e-03 -2.13381e-03        00000 
-3.99677e-03 -2.06359e-03        00000 
-4.01538e-03 -1.99235e-03        00000 
-4.03375e-03 -1.92009e-03        00000 
-4.05193e-03 -1.84687e-03        00000 
-4.06995e-03 -1.77275e-03        00000 
-4.08785e-03 -1.69778e-03        00000 
-4.10565e-03 -1.62204e-03        00000 
-4.12336e-03 -1.54564e-03        00000 
-4.14095e-03 -1.46867e-03        00000 
-4.15830e-03 -1.39125e-03        00000 
-4.17519e-03 -1.31352e-03        00000 
-4.19120e-03 -1.23566e-03        00000 
-4.20558e-03 -1.15788e-03        00000 
-4.21705e-03 -1.08048e-03        00000 
-4.22350e-03 -1.00389e-03        00000 
-4.22146e-03 -9.28735e-04        00000 
-4.20536e-03 -8.56001e-04        00000 
-4.16624e-03 -7.87224e-04        00000 
-4.08996e-03 -7.24823e-04        00000 
-3.95526e-03 -6.73043e-04        00000 
-3.76096e-03 -3.31379e-03        00000 
-3.84270e-03 -3.25783e-03        00000 
-3.90117e-03 -3.19748e-03        00000 
-3.94493e-03 -3.13500e-03        00000 
-3.97936e-03 -3.07168e-03        00000 
-4.00785e-03 -3.00816e-03        00000 
-4.03257e-03 -2.94470e-03        00000 
-4.05486e-03 -2.88136e-03        00000 
-4.07557e-03 -2.81808e-03        00000 
-4.09525e-03 -2.75471e-03        00000 
-4.11424e-03 -2.69110e-03        00000 
-4.13275e-03 -2.62711e-03        00000 
-4.15092e-03 -2.56257e-03        00000 
-4.16883e-03 -2.49735e-03        00000 
-4.18654e-03 -2.43135e-03        00000 
-4.20410e-03 -2.36448e-03        00000 
-4.22153e-03 -2.29666e-03        00000 
-4.23886e-03 -2.22787e-03        00000 
-4.25611e-03 -2.15808e-03        00000 
-4.27331e-03 -2.08729e-03        00000 
-4.29050e-03 -2.01552e-03        00000 
-4.30769e-03 -1.94281e-03        00000 
-4.32494e-03 -1.86922e-03        00000 
-4.34227e-03 -1.79483e-03        00000 
-4.35972e-03 -1.71971e-03        00000 
-4.37732e-03 -1.64397e-03        00000 
-4.39509e-03 -1.56773e-03        00000 
-4.41301e-03 -1.49112e-03        00000 
-4.43099e-03 -1.41428e-03        00000 
-4.44887e-03 -1.33737e-03        00000 
-4.46628e-03 -1.26059e-03        00000 
-4.48258e-03 -1.18418e-03        00000 
-4.49670e-03 -1.10843e-03        00000 
-4.50678e-03 -1.03375e-03        00000 
-4.50979e-03 -9.60726e-04        00000 
-4.50084e-03 -8.90229e-04        00000 
-4.47198e-03 -8.23587e-04        00000 
-4.41053e-03 -7.62894e-04        00000 
-4.29617e-03 -7.11552e-04        00000 
-4.13012e-03 -3.26547e-03        00000 
-4.20051e-03 -3.21087e-03        00000 
-4.24909e-03 -3.15196e-03        00000 
-4.28413e-03 -3.09083e-03        00000 
-4.31075e-03 -3.02863e-03        00000 
-4.33219e-03 -2.96596e-03        00000 
-4.35046e-03 -2.90307e-03        00000 
-4.36684e-03 -2.84002e-03        00000 
-4.38211e-03 -2.77674e-03        00000 
-4.39677e-03 -2.71313e-03        00000 
-4.41113e-03 -2.64907e-03        00000 
-4.42536e-03 -2.58443e-03        00000 
-4.43960e-03 -2.51908e-03        00000 
-4.45391e-03 -2.45293e-03        00000 
-4.46834e-03 -2.38589e-03        00000 
-4.48291e-03 -2.31792e-03        00000 
-4.49767e-03 -2.24898e-03        00000 
-4.51262e-03 -2.17906e-03        00000 
-4.52780e-03 -2.10817e-03        00000 
-4.54321e-03 -2.03634e-03        00000 
-4.55890e-03 -1.96364e-03        00000 
-4.57490e-03 -1.89012e-03        00000 
-4.59123e-03 -1.81590e-03        00000 
-4.60795e-03 -1.74106e-03        00000 
-4.62507e-03 -1.66575e-03        00000 
-4.64263e-03 -1.59008e-03        00000 
-4.66060e-03 -1.51423e-03        00000 
-4.67895e-03 -1.43837e-03        00000 
-4.69753e-03 -1.36267e-03        00000 
-4.71605e-03 -1.28736e-03        00000 
-4.73399e-03 -1.21270e-03        00000 
-4.75040e-03 -1.13898e-03        00000 
-4.76372e-03 -1.06661e-03        00000 
-4.77133e-03 -9.96106e-04        00000 
-4.76895e-03 -9.28240e-04        00000 
-4.74967e-03 -8.64147e-04        00000 
-4.70233e-03 -8.05567e-04        00000 
-4.60899e-03 -7.55240e-04        00000 
-4.47004e-03 -3.20470e-03        00000 
-4.52866e-03 -3.15201e-03        00000 
-4.56724e-03 -3.09504e-03        00000 
-4.59355e-03 -3.03568e-03        00000 
-4.61242e-03 -2.97502e-03        00000 
-4.62688e-03 -2.91361e-03        00000 
-4.63881e-03 -2.85168e-03        00000 
-4.64939e-03 -2.78930e-03        00000 
-4.65933e-03 -2.72644e-03        00000 
-4.66909e-03 -2.66301e-03        00000 
-4.67894e-03 -2.59892e-03        00000 
-4.68904e-03 -2.53406e-03        00000 
-4.69948e-03 -2.46836e-03        00000 
-4.71034e-03 -2.40174e-03        00000 
-4.72163e-03 -2.33417e-03        00000 
-4.73340e-03 -2.26562e-03        00000 
-4.74565e-03 -2.19609e-03        00000 
-4.75841e-03 -2.12561e-03        00000 
-4.77169e-03 -2.05423e-03        00000 
-4.78552e-03 -1.98202e-03        00000 
-4.79992e-03 -1.90906e-03        00000 
-4.81494e-03 -1.83546e-03        00000 
-4.83059e-03 -1.76136e-03        00000 
-4.84693e-03 -1.68690e-03        00000 
-4.86396e-03 -1.61225e-03        00000 
-4.88170e-03 -1.53758e-03        00000 
-4.90010e-03 -1.46310e-03        00000 
-4.91908e-03 -1.38902e-03        00000 
-4.93839e-03 -1.31558e-03        00000 
-4.95761e-03 -1.24306e-03        00000 
-4.97595e-03 -1.17176e-03        00000 
-4.99209e-03 -1.10208e-03        00000 
-5.00379e-03 -1.03450e-03        00000 
-5.00738e-03 -9.69673e-04        00000 
-4.99689e-03 -9.08557e-04        00000 
-4.96269e-03 -8.52567e-04        00000 
-4.88926e-03 -8.03889e-04        00000 
-4.77745e-03 -3.13286e-03        00000 
-4.82431e-03 -3.08242e-03        00000 
-4.85299e-03 -3.02768e-03        00000 
-4.87072e-03 -2.97042e-03        00000 
-4.88199e-03 -2.91164e-03        00000 
-4.88963e-03 -2.85184e-03        00000 
-4.89537e-03 -2.79125e-03        00000 
-4.90030e-03 -2.72994e-03        00000 
-4.90508e-03 -2.66790e-03        00000 
-4.91010e-03 -2.60507e-03        00000 
-4.91560e-03 -2.54139e-03        00000 
-4.92172e-03 -2.47678e-03        00000 
-4.92854e-03 -2.41121e-03        00000 
-4.93611e-03 -2.34464e-03        00000 
-4.94445e-03 -2.27706e-03        00000 
-4.95358e-03 -2.20849e-03        00000 
-4.96352e-03 -2.13897e-03        00000 
-4.97427e-03 -2.06856e-03        00000 
-4.98586e-03 -1.99735e-03        00000 
-4.99830e-03 -1.92544e-03        00000 
-5.01164e-03 -1.85297e-03        00000 
-5.02589e-03 -1.78007e-03        00000 
-5.04109e-03 -1.70693e-03        00000 
-5.05726e-03 -1.63374e-03        00000 
-5.07443e-03 -1.56069e-03        00000 
-5.09256e-03 -1.48801e-03        00000 
-5.11160e-03 -1.41596e-03        00000 
-5.13135e-03 -1.34479e-03        00000 
-5.15147e-03 -1.27480e-03        00000 
-5.17133e-03 -1.20632e-03        00000 
-5.18980e-03 -1.13974e-03        00000 
-5.20503e-03 -1.07551e-03        00000 
-5.21389e-03 -1.01423e-03        00000 
-5.21128e-03 -9.56690e-04        00000 
-5.18893e-03 -9.04032e-04        00000 
-5.13360e-03 -8.57954e-04        00000 
-4.98717e-03 -3.09256e-03        00000 
-5.04972e-03 -3.05122e-03        00000 
-5.08515e-03 -3.00304e-03        00000 
-5.10415e-03 -2.95072e-03        00000 
-5.11349e-03 -2.89584e-03        00000 
-5.11736e-03 -2.83926e-03        00000 
-5.11837e-03 -2.78143e-03        00000 
-5.11813e-03 -2.72256e-03        00000 
-5.11761e-03 -2.66272e-03        00000 
-5.11741e-03 -2.60193e-03        00000 
-5.11788e-03 -2.54014e-03        00000 
-5.11922e-03 -2.47732e-03        00000 
-5.12155e-03 -2.41346e-03        00000 
-5.12493e-03 -2.34852e-03        00000 
-5.12940e-03 -2.28253e-03        00000 
-5.13498e-03 -2.21552e-03        00000 
-5.14166e-03 -2.14753e-03        00000 
-5.14948e-03 -2.07865e-03        00000 
-5.15842e-03 -2.00898e-03        00000 
-5.16852e-03 -1.93865e-03        00000 
-5.17980e-03 -1.86780e-03        00000 
-5.19227e-03 -1.79661e-03        00000 
-5.20597e-03 -1.72527e-03        00000 
-5.22093e-03 -1.65399e-03        00000 
-5.23716e-03 -1.58300e-03        00000 
-5.25466e-03 -1.51257e-03        00000 
-5.27338e-03 -1.44296e-03        00000 
-5.29319e-03 -1.37446e-03        00000 
-5.31381e-03 -1.30741e-03        00000 
-5.33474e-03 -1.24214e-03        00000 
-5.35506e-03 -1.17905e-03        00000 
-5.37321e-03 -1.11858e-03        00000 
-5.38660e-03 -1.06128e-03        00000 
-5.39093e-03 -1.00783e-03        00000 
-5.37917e-03 -9.59158e-04        00000 
-5.33991e-03 -9.16600e-04        00000 
-5.25462e-03 -8.82378e-04        00000 
-5.23648e-03 -2.99889e-03        00000 
-5.28524e-03 -2.95975e-03        00000 
-5.30934e-03 -2.91424e-03        00000 
-5.31884e-03 -2.86474e-03        00000 
-5.31999e-03 -2.81262e-03        00000 
-5.31669e-03 -2.75863e-03        00000 
-5.31130e-03 -2.70316e-03        00000 
-5.30530e-03 -2.64642e-03        00000 
-5.29956e-03 -2.58847e-03        00000 
-5.29460e-03 -2.52936e-03        00000 
-5.29073e-03 -2.46907e-03        00000 
-5.28812e-03 -2.40761e-03        00000 
-5.28686e-03 -2.34499e-03        00000 
-5.28701e-03 -2.28124e-03        00000 
-5.28858e-03 -2.21640e-03        00000 
-5.29158e-03 -2.15055e-03        00000 
-5.29603e-03 -2.08379e-03        00000 
-5.30192e-03 -2.01623e-03        00000 
-5.30926e-03 -1.94802e-03        00000 
-5.31808e-03 -1.87933e-03        00000 
-5.32838e-03 -1.81035e-03        00000 
-5.34019e-03 -1.74130e-03        00000 
-5.35355e-03 -1.67241e-03        00000 
-5.36846e-03 -1.60395e-03        00000 
-5.38494e-03 -1.53619e-03        00000 
-5.40296e-03 -1.46945e-03        00000 
-5.42242e-03 -1.40403e-03        00000 
-5.44312e-03 -1.34030e-03        00000 
-5.46465e-03 -1.27862e-03        00000 
-5.48629e-03 -1.21938e-03        00000 
-5.50677e-03 -1.16304e-03        00000 
-5.52395e-03 -1.11009e-03        00000 
-5.53426e-03 -1.06113e-03        00000 
-5.53186e-03 -1.01692e-03        00000 
-5.50715e-03 -9.78490e-04        00000 
-5.44445e-03 -9.47300e-04        00000 
-5.44719e-03 -2.89529e-03        00000 
-5.48217e-03 -2.85902e-03        00000 
-5.49511e-03 -2.81674e-03        00000 
-5.49533e-03 -2.77053e-03        00000 
-5.48856e-03 -2.72160e-03        00000 
-5.47835e-03 -2.67060e-03        00000 
-5.46683e-03 -2.61791e-03        00000 
-5.45533e-03 -2.56370e-03        00000 
-5.44461e-03 -2.50808e-03        00000 
-5.43513e-03 -2.45110e-03        00000 
-5.42715e-03 -2.39279e-03        00000 
-5.42082e-03 -2.33319e-03        00000 
-5.41619e-03 -2.27235e-03        00000 
-5.41332e-03 -2.21035e-03        00000 
-5.41220e-03 -2.14727e-03        00000 
-5.41284e-03 -2.08323e-03        00000 
-5.41525e-03 -2.01836e-03        00000 
-5.41941e-03 -1.95284e-03        00000 
-5.42535e-03 -1.88685e-03        00000 
-5.43307e-03 -1.82061e-03        00000 
-5.44260e-03 -1.75436e-03        00000 
-5.45395e-03 -1.68835e-03        00000 
-5.46714e-03 -1.62288e-03        00000 
-5.48220e-03 -1.55825e-03        00000 
-5.49910e-03 -1.49480e-03        00000 
-5.51778e-03 -1.43288e-03        00000 
-5.53810e-03 -1.37285e-03        00000 
-5.55975e-03 -1.31512e-03        00000 
-5.58217e-03 -1.26010e-03        00000 
-5.60435e-03 -1.20823e-03        00000 
-5.62458e-03 -1.15997e-03        00000 
-5.63994e-03 -1.11585e-03        00000 
-5.64565e-03 -1.07648e-03        00000 
-5.63383e-03 -1.04260e-03        00000 
-5.59167e-03 -1.01519e-03        00000 
-5.61733e-03 -2.78303e-03        00000 
-5.63872e-03 -2.75015e-03        00000 
-5.64081e-03 -2.71156e-03        00000 
-5.63208e-03 -2.66907e-03        00000 
-5.61774e-03 -2.62373e-03        00000 
-5.60094e-03 -2.57613e-03        00000 
-5.58360e-03 -2.52661e-03        00000 
-5.56689e-03 -2.47536e-03        00000 
-5.55147e-03 -2.42250e-03        00000 
-5.53773e-03 -2.36811e-03        00000 
-5.52589e-03 -2.31227e-03        00000 
-5.51607e-03 -2.25506e-03        00000 
-5.50831e-03 -2.19656e-03        00000 
-5.50263e-03 -2.13690e-03        00000 
-5.49903e-03 -2.07620e-03        00000 
-5.49752e-03 -2.01464e-03        00000 
-5.49808e-03 -1.95239e-03        00000 
-5.50072e-03 -1.88966e-03        00000 
-5.50544e-03 -1.82670e-03        00000 
-5.51226e-03 -1.76376e-03        00000 
-5.52118e-03 -1.70113e-03        00000 
-5.53224e-03 -1.63913e-03        00000 
-5.54544e-03 -1.57808e-03        00000 
-5.56079e-03 -1.51836e-03        00000 
-5.57825e-03 -1.46033e-03        00000 
-5.59772e-03 -1.40441e-03        00000 
-5.61899e-03 -1.35100e-03        00000 
-5.64163e-03 -1.30054e-03        00000 
-5.66487e-03 -1.25348e-03        00000 
-5.68738e-03 -1.21027e-03        00000 
-5.70684e-03 -1.17136e-03        00000 
-5.71941e-03 -1.13723e-03        00000 
-5.71872e-03 -1.10838e-03        00000 
-5.69441e-03 -1.08543e-03        00000 
-5.74515e-03 -2.66344e-03        00000 
-5.75337e-03 -2.63439e-03        00000 
-5.74507e-03 -2.59989e-03        00000 
-5.72785e-03 -2.56148e-03        00000 
-5.70632e-03 -2.52008e-03        00000 
-5.68331e-03 -2.47624e-03        00000 
-5.66050e-03 -2.43027e-03        00000 
-5.63890e-03 -2.38238e-03        00000 
-5.61907e-03 -2.33272e-03        00000 
-5.60135e-03 -2.28140e-03        00000 
-5.58592e-03 -2.22853e-03        00000 
-5.57285e-03 -2.17423e-03        00000 
-5.56218e-03 -2.11866e-03        00000 
-5.55392e-03 -2.06195e-03        00000 
-5.54805e-03 -2.00430e-03        00000 
-5.54458e-03 -1.94592e-03        00000 
-5.54349e-03 -1.88702e-03        00000 
-5.54479e-03 -1.82789e-03        00000 
-5.54847e-03 -1.76879e-03        00000 
-5.55454e-03 -1.71004e-03        00000 
-5.56303e-03 -1.65198e-03        00000 
-5.57394e-03 -1.59498e-03        00000 
-5.58730e-03 -1.53941e-03        00000 
-5.60307e-03 -1.48569e-03        00000 
-5.62122e-03 -1.43425e-03        00000 
-5.64158e-03 -1.38553e-03        00000 
-5.66387e-03 -1.33999e-03        00000 
-5.68752e-03 -1.29808e-03        00000 
-5.71151e-03 -1.26025e-03        00000 
-5.73409e-03 -1.22691e-03        00000 
-5.75227e-03 -1.19846e-03        00000 
-5.76101e-03 -1.17520e-03        00000 
-5.75195e-03 -1.15741e-03        00000 
-5.71089e-03 -1.14570e-03        00000 
-5.82917e-03 -2.53802e-03        00000 
-5.82492e-03 -2.51309e-03        00000 
-5.80685e-03 -2.48293e-03        00000 
-5.78166e-03 -2.44887e-03        00000 
-5.75343e-03 -2.41172e-03        00000 
-5.72462e-03 -2.37196e-03        00000 
-5.69670e-03 -2.32991e-03        00000 
-5.67054e-03 -2.28578e-03        00000 
-5.64661e-03 -2.23975e-03        00000 
-5.62520e-03 -2.19197e-03        00000 
-5.60643e-03 -2.14259e-03        00000 
-5.59036e-03 -2.09177e-03        00000 
-5.57701e-03 -2.03971e-03        00000 
-5.56638e-03 -1.98660e-03        00000 
-5.55846e-03 -1.93267e-03        00000 
-5.55322e-03 -1.87819e-03        00000 
-5.55065e-03 -1.82343e-03        00000 
-5.55077e-03 -1.76871e-03        00000 
-5.55356e-03 -1.71434e-03        00000 
-5.55904e-03 -1.66071e-03        00000 
-5.56722e-03 -1.60820e-03        00000 
-5.57813e-03 -1.55723e-03        00000 
-5.59175e-03 -1.50822e-03        00000 
-5.60807e-03 -1.46165e-03        00000 
-5.62701e-03 -1.41797e-03        00000 
-5.64836e-03 -1.37767e-03        00000 
-5.67175e-03 -1.34123e-03        00000 
-5.69645e-03 -1.30908e-03        00000 
-5.72118e-03 -1.28164e-03        00000 
-5.74371e-03 -1.25923e-03        00000 
-5.76023e-03 -1.24205e-03        00000 
-5.76425e-03 -1.23010e-03        00000 
-5.74483e-03 -1.22311e-03        00000 
-5.86853e-03 -2.40809e-03        00000 
-5.85270e-03 -2.38740e-03        00000 
-5.82553e-03 -2.36177e-03        00000 
-5.79293e-03 -2.33229e-03        00000 
-5.75846e-03 -2.29966e-03        00000 
-5.72427e-03 -2.26432e-03        00000 
-5.69163e-03 -2.22655e-03        00000 
-5.66125e-03 -2.18659e-03        00000 
-5.63354e-03 -2.14463e-03        00000 
-5.60871e-03 -2.10087e-03        00000 
-5.58687e-03 -2.05550e-03        00000 
-5.56805e-03 -2.00872e-03        00000 
-5.55225e-03 -1.96078e-03        00000 
-5.53945e-03 -1.91192e-03        00000 
-5.52965e-03 -1.86243e-03        00000 
-5.52281e-03 -1.81260e-03        00000 
-5.51893e-03 -1.76277e-03        00000 
-5.51801e-03 -1.71330e-03        00000 
-5.52005e-03 -1.66458e-03        00000 
-5.52506e-03 -1.61702e-03        00000 
-5.53305e-03 -1.57106e-03        00000 
-5.54405e-03 -1.52716e-03        00000 
-5.55805e-03 -1.48582e-03        00000 
-5.57502e-03 -1.44753e-03        00000 
-5.59486e-03 -1.41279e-03        00000 
-5.61733e-03 -1.38210e-03        00000 
-5.64197e-03 -1.35592e-03        00000 
-5.66791e-03 -1.33463e-03        00000 
-5.69357e-03 -1.31851e-03        00000 
-5.71621e-03 -1.30768e-03        00000 
-5.73123e-03 -1.30193e-03        00000 
-5.73052e-03 -1.30057e-03        00000 
-5.87229e-03 -2.28420e-03        00000 
-5.86309e-03 -2.27428e-03        00000 
-5.83644e-03 -2.25814e-03        00000 
-5.80080e-03 -2.23732e-03        00000 
-5.76133e-03 -2.21273e-03        00000 
-5.72111e-03 -2.18493e-03        00000 
-5.68198e-03 -2.15433e-03        00000 
-5.64498e-03 -2.12121e-03        00000 
-5.61073e-03 -2.08582e-03        00000 
-5.57955e-03 -2.04838e-03        00000 
-5.55160e-03 -2.00913e-03        00000 
-5.52694e-03 -1.96829e-03        00000 
-5.50559e-03 -1.92614e-03        00000 
-5.48754e-03 -1.88294e-03        00000 
-5.47277e-03 -1.83901e-03        00000 
-5.46125e-03 -1.79466e-03        00000 
-5.45297e-03 -1.75025e-03        00000 
-5.44792e-03 -1.70617e-03        00000 
-5.44608e-03 -1.66283e-03        00000 
-5.44747e-03 -1.62066e-03        00000 
-5.45210e-03 -1.58013e-03        00000 
-5.46000e-03 -1.54174e-03        00000 
-5.47118e-03 -1.50600e-03        00000 
-5.48566e-03 -1.47342e-03        00000 
-5.50341e-03 -1.44454e-03        00000 
-5.52432e-03 -1.41987e-03        00000 
-5.54814e-03 -1.39989e-03        00000 
-5.57436e-03 -1.38499e-03        00000 
-5.60199e-03 -1.37541e-03        00000 
-5.62921e-03 -1.37117e-03        00000 
-5.65281e-03 -1.37196e-03        00000 
-5.66760e-03 -1.37692e-03        00000 
-5.83544e-03 -2.14297e-03        00000 
-5.81277e-03 -2.13750e-03        00000 
-5.77605e-03 -2.12630e-03        00000 
-5.73259e-03 -2.11062e-03        00000 
-5.68682e-03 -2.09121e-03        00000 
-5.64135e-03 -2.06856e-03        00000 
-5.59770e-03 -2.04303e-03        00000 
-5.55674e-03 -2.01492e-03        00000 
-5.51896e-03 -1.98450e-03        00000 
-5.48461e-03 -1.95202e-03        00000 
-5.45380e-03 -1.91777e-03        00000 
-5.42656e-03 -1.88201e-03        00000 
-5.40290e-03 -1.84506e-03        00000 
-5.38280e-03 -1.80724e-03        00000 
-5.36622e-03 -1.76890e-03        00000 
-5.35314e-03 -1.73043e-03        00000 
-5.34353e-03 -1.69222e-03        00000 
-5.33740e-03 -1.65472e-03        00000 
-5.33474e-03 -1.61838e-03        00000 
-5.33556e-03 -1.58369e-03        00000 
-5.33989e-03 -1.55118e-03        00000 
-5.34777e-03 -1.52137e-03        00000 
-5.35923e-03 -1.49483e-03        00000 
-5.37432e-03 -1.47209e-03        00000 
-5.39302e-03 -1.45370e-03        00000 
-5.41529e-03 -1.44015e-03        00000 
-5.44091e-03 -1.43182e-03        00000 
-5.46939e-03 -1.42897e-03        00000 
-5.49974e-03 -1.43155e-03        00000 
-5.53003e-03 -1.43909e-03        00000 
-5.55661e-03 -1.45053e-03        00000 
-5.57229e-03 -1.46387e-03        00000 
-5.75276e-03 -1.99977e-03        00000 
-5.71761e-03 -1.99906e-03        00000 
-5.67167e-03 -1.99308e-03        00000 
-5.62110e-03 -1.98280e-03        00000 
-5.56963e-03 -1.96883e-03        00000 
-5.51940e-03 -1.95160e-03        00000 
-5.47167e-03 -1.93145e-03        00000 
-5.42713e-03 -1.90869e-03        00000 
-5.38616e-03 -1.88363e-03        00000 
-5.34893e-03 -1.85655e-03        00000 
-5.31551e-03 -1.82778e-03        00000 
-5.28592e-03 -1.79763e-03        00000 
-5.26015e-03 -1.76647e-03        00000 
-5.23815e-03 -1.73466e-03        00000 
-5.21990e-03 -1.70261e-03        00000 
-5.20537e-03 -1.67075e-03        00000 
-5.19454e-03 -1.63953e-03        00000 
-5.18741e-03 -1.60943e-03        00000 
-5.18399e-03 -1.58098e-03        00000 
-5.18430e-03 -1.55471e-03        00000 
-5.18839e-03 -1.53117e-03        00000 
-5.19632e-03 -1.51095e-03        00000 
-5.20818e-03 -1.49462e-03        00000 
-5.22407e-03 -1.48274e-03        00000 
-5.24406e-03 -1.47582e-03        00000 
-5.26822e-03 -1.47427e-03        00000 
-5.29647e-03 -1.47832e-03        00000 
-5.32852e-03 -1.48792e-03        00000 
-5.36362e-03 -1.50256e-03        00000 
-5.39995e-03 -1.52096e-03        00000 
-5.43379e-03 -1.54081e-03        00000 
-5.62453e-03 -1.85601e-03        00000 
-5.57803e-03 -1.86026e-03        00000 
-5.52378e-03 -1.85967e-03        00000 
-5.46685e-03 -1.85497e-03        00000 
-5.41028e-03 -1.84663e-03        00000 
-5.35581e-03 -1.83505e-03        00000 
-5.30443e-03 -1.82057e-03        00000 
-5.25668e-03 -1.80350e-03        00000 
-5.21282e-03 -1.78418e-03        00000 
-5.17298e-03 -1.76293e-03        00000 
-5.13719e-03 -1.74012e-03        00000 
-5.10545e-03 -1.71612e-03        00000 
-5.07772e-03 -1.69133e-03        00000 
-5.05396e-03 -1.66617e-03        00000 
-5.03415e-03 -1.64109e-03        00000 
-5.01825e-03 -1.61657e-03        00000 
-5.00626e-03 -1.59312e-03        00000 
-4.99818e-03 -1.57126e-03        00000 
-4.99403e-03 -1.55157e-03        00000 
-4.99387e-03 -1.53461e-03        00000 
-4.99778e-03 -1.52100e-03        00000 
-5.00588e-03 -1.51133e-03        00000 
-5.01834e-03 -1.50617e-03        00000 
-5.03537e-03 -1.50607e-03        00000 
-5.05722e-03 -1.51145e-03        00000 
-5.08420e-03 -1.52256e-03        00000 
-5.11659e-03 -1.53934e-03        00000 
-5.15456e-03 -1.56127e-03        00000 
-5.19809e-03 -1.58704e-03        00000 
-5.24612e-03 -1.61395e-03        00000 
-5.45147e-03 -1.71289e-03        00000 
-5.39489e-03 -1.72217e-03        00000 
-5.33325e-03 -1.72709e-03        00000 
-5.27069e-03 -1.72810e-03        00000 
-5.20962e-03 -1.72559e-03        00000 
-5.15140e-03 -1.71988e-03        00000 
-5.09678e-03 -1.71132e-03        00000 
-5.04615e-03 -1.70026e-03        00000 
-4.99971e-03 -1.68704e-03        00000 
-4.95750e-03 -1.67205e-03        00000 
-4.91954e-03 -1.65568e-03        00000 
-4.88580e-03 -1.63836e-03        00000 
-4.85625e-03 -1.62051e-03        00000 
-4.83083e-03 -1.60263e-03        00000 
-4.80953e-03 -1.58520e-03        00000 
-4.79231e-03 -1.56875e-03        00000 
-4.77919e-03 -1.55383e-03        00000 
-4.77017e-03 -1.54103e-03        00000 
-4.76532e-03 -1.53094e-03        00000 
-4.76474e-03 -1.52419e-03        00000 
-4.76856e-03 -1.52139e-03        00000 
-4.77702e-03 -1.52314e-03        00000 
-4.79041e-03 -1.53001e-03        00000 
-4.80919e-03 -1.54244e-03        00000 
-4.83392e-03 -1.56071e-03        00000 
-4.86538e-03 -1.58478e-03        00000 
-4.90451e-03 -1.61409e-03        00000 
-4.95242e-03 -1.64732e-03        00000 
-5.01093e-03 -1.68192e-03        00000 
-5.23488e-03 -1.57102e-03        00000 
-5.16937e-03 -1.58567e-03        00000 
-5.10125e-03 -1.59626e-03        00000 
-5.03377e-03 -1.60313e-03        00000 
-4.96877e-03 -1.60659e-03        00000 
-4.90726e-03 -1.60696e-03        00000 
-4.84978e-03 -1.60458e-03        00000 
-4.79660e-03 -1.59983e-03        00000 
-4.74782e-03 -1.59308e-03        00000 
-4.70346e-03 -1.58476e-03        00000 
-4.66350e-03 -1.57530e-03        00000 
-4.62790e-03 -1.56516e-03        00000 
-4.59661e-03 -1.55483e-03        00000 
-4.56959e-03 -1.54484e-03        00000 
-4.54683e-03 -1.53572e-03        00000 
-4.52831e-03 -1.52805e-03        00000 
-4.51405e-03 -1.52241e-03        00000 
-4.50411e-03 -1.51944e-03        00000 
-4.49858e-03 -1.51977e-03        00000 
-4.49764e-03 -1.52403e-03        00000 
-4.50155e-03 -1.53285e-03        00000 
-4.51070e-03 -1.54680e-03        00000 
-4.52566e-03 -1.56637e-03        00000 
-4.54725e-03 -1.59182e-03        00000 
-4.57663e-03 -1.62316e-03        00000 
-4.61542e-03 -1.65981e-03        00000 
-4.66578e-03 -1.70042e-03        00000 
-4.73039e-03 -1.74236e-03        00000 
-4.81132e-03 -1.78070e-03        00000 
-5.04479e-03 -1.40789e-03        00000 
-4.97623e-03 -1.43174e-03        00000 
-4.90297e-03 -1.45172e-03        00000 
-4.82926e-03 -1.46805e-03        00000 
-4.75754e-03 -1.48087e-03        00000 
-4.68914e-03 -1.49046e-03        00000 
-4.62477e-03 -1.49710e-03        00000 
-4.56478e-03 -1.50115e-03        00000 
-4.50932e-03 -1.50300e-03        00000 
-4.45843e-03 -1.50306e-03        00000 
-4.41208e-03 -1.50180e-03        00000 
-4.37025e-03 -1.49969e-03        00000 
-4.33287e-03 -1.49724e-03        00000 
-4.29990e-03 -1.49498e-03        00000 
-4.27131e-03 -1.49348e-03        00000 
-4.24709e-03 -1.49330e-03        00000 
-4.22725e-03 -1.49508e-03        00000 
-4.21183e-03 -1.49944e-03        00000 
-4.20096e-03 -1.50704e-03        00000 
-4.19480e-03 -1.51852e-03        00000 
-4.19366e-03 -1.53453e-03        00000 
-4.19797e-03 -1.55566e-03        00000 
-4.20843e-03 -1.58240e-03        00000 
-4.22603e-03 -1.61508e-03        00000 
-4.25226e-03 -1.65369e-03        00000 
-4.28925e-03 -1.69772e-03        00000 
-4.34011e-03 -1.74588e-03        00000 
-4.40910e-03 -1.79553e-03        00000 
-4.50188e-03 -1.84203e-03        00000 
-4.75577e-03 -1.26668e-03        00000 
-4.67741e-03 -1.29557e-03        00000 
-4.59747e-03 -1.32108e-03        00000 
-4.51899e-03 -1.34325e-03        00000 
-4.44366e-03 -1.36214e-03        00000 
-4.37237e-03 -1.37798e-03        00000 
-4.30554e-03 -1.39106e-03        00000 
-4.24335e-03 -1.40175e-03        00000 
-4.18585e-03 -1.41047e-03        00000 
-4.13303e-03 -1.41767e-03        00000 
-4.08483e-03 -1.42385e-03        00000 
-4.04121e-03 -1.42952e-03        00000 
-4.00210e-03 -1.43523e-03        00000 
-3.96746e-03 -1.44155e-03        00000 
-3.93728e-03 -1.44910e-03        00000 
-3.91156e-03 -1.45848e-03        00000 
-3.89035e-03 -1.47034e-03        00000 
-3.87376e-03 -1.48535e-03        00000 
-3.86197e-03 -1.50417e-03        00000 
-3.85531e-03 -1.52746e-03        00000 
-3.85425e-03 -1.55583e-03        00000 
-3.85957e-03 -1.58979e-03        00000 
-3.87240e-03 -1.62969e-03        00000 
-3.89446e-03 -1.67557e-03        00000 
-3.92830e-03 -1.72696e-03        00000 
-3.97771e-03 -1.78261e-03        00000 
-4.04831e-03 -1.83997e-03        00000 
-4.14813e-03 -1.89432e-03        00000 
-4.42701e-03 -1.12974e-03        00000 
-4.34032e-03 -1.16368e-03        00000 
-4.25483e-03 -1.19471e-03        00000 
-4.17241e-03 -1.22273e-03        00000 
-4.09410e-03 -1.24772e-03        00000 
-4.02039e-03 -1.26989e-03        00000 
-3.95145e-03 -1.28953e-03        00000 
-3.88733e-03 -1.30704e-03        00000 
-3.82800e-03 -1.32286e-03        00000 
-3.77339e-03 -1.33748e-03        00000 
-3.72342e-03 -1.35144e-03        00000 
-3.67804e-03 -1.36528e-03        00000 
-3.63720e-03 -1.37960e-03        00000 
-3.60086e-03 -1.39500e-03        00000 
-3.56902e-03 -1.41211e-03        00000 
-3.54174e-03 -1.43159e-03        00000 
-3.51912e-03 -1.45411e-03        00000 
-3.50134e-03 -1.48034e-03        00000 
-3.48874e-03 -1.51096e-03        00000 
-3.48182e-03 -1.54658e-03        00000 
-3.48142e-03 -1.58775e-03        00000 
-3.48875e-03 -1.63483e-03        00000 
-3.50574e-03 -1.68791e-03        00000 
-3.53521e-03 -1.74658e-03        00000 
-3.58146e-03 -1.80965e-03        00000 
-3.65087e-03 -1.87467e-03        00000 
-3.75349e-03 -1.93721e-03        00000 
-4.06083e-03 -9.98125e-04        00000 
-3.96736e-03 -1.03697e-03        00000 
-3.87738e-03 -1.07342e-03        00000 
-3.79181e-03 -1.10719e-03        00000 
-3.71111e-03 -1.13824e-03        00000 
-3.63539e-03 -1.16676e-03        00000 
-3.56466e-03 -1.19304e-03        00000 
-3.49883e-03 -1.21751e-03        00000 
-3.43781e-03 -1.24064e-03        00000 
-3.38149e-03 -1.26295e-03        00000 
-3.32978e-03 -1.28499e-03        00000 
-3.28264e-03 -1.30737e-03        00000 
-3.24001e-03 -1.33070e-03        00000 
-3.20189e-03 -1.35560e-03        00000 
-3.16832e-03 -1.38275e-03        00000 
-3.13940e-03 -1.41282e-03        00000 
-3.11532e-03 -1.44649e-03        00000 
-3.09641e-03 -1.48442e-03        00000 
-3.08322e-03 -1.52727e-03        00000 
-3.07657e-03 -1.57557e-03        00000 
-3.07779e-03 -1.62972e-03        00000 
-3.08888e-03 -1.68985e-03        00000 
-3.11294e-03 -1.75560e-03        00000 
-3.15462e-03 -1.82586e-03        00000 
-3.22090e-03 -1.89832e-03        00000 
-3.32215e-03 -1.96883e-03        00000 
-3.66007e-03 -8.72427e-04        00000 
-3.56132e-03 -9.15965e-04        00000 
-3.46785e-03 -9.57665e-04        00000 
-3.37984e-03 -9.97077e-04        00000 
-3.29722e-03 -1.03413e-03        00000 
-3.21987e-03 -1.06899e-03        00000 
-3.14758e-03 -1.10197e-03        00000 
-3.08020e-03 -1.13352e-03        00000 
-3.01756e-03 -1.16414e-03        00000 
-2.95956e-03 -1.19436e-03        00000 
-2.90609e-03 -1.22478e-03        00000 
-2.85712e-03 -1.25601e-03        00000 
-2.81261e-03 -1.28869e-03        00000 
-2.77260e-03 -1.32349e-03        00000 
-2.73719e-03 -1.36107e-03        00000 
-2.70656e-03 -1.40213e-03        00000 
-2.68105e-03 -1.44733e-03        00000 
-2.66119e-03 -1.49731e-03        00000 
-2.64786e-03 -1.55263e-03        00000 
-2.64240e-03 -1.61371e-03        00000 
-2.64691e-03 -1.68069e-03        00000 
-2.66461e-03 -1.75329e-03        00000 
-2.70045e-03 -1.83049e-03        00000 
-2.76187e-03 -1.91014e-03        00000 
-2.86012e-03 -1.98824e-03        00000 
-3.01168e-03 -2.05787e-03        00000 
-3.22821e-03 -7.52464e-04        00000 
-3.12539e-03 -8.00719e-04        00000 
-3.02926e-03 -8.47600e-04        00000 
-2.93936e-03 -8.92593e-04        00000 
-2.85524e-03 -9.35611e-04        00000 
-2.77651e-03 -9.76822e-04        00000 
-2.70284e-03 -1.01657e-03        00000 
-2.63399e-03 -1.05530e-03        00000 
-2.56977e-03 -1.09354e-03        00000 
-2.51005e-03 -1.13187e-03        00000 
-2.45474e-03 -1.17089e-03        00000 
-2.40382e-03 -1.21124e-03        00000 
-2.35731e-03 -1.25358e-03        00000 
-2.31528e-03 -1.29857e-03        00000 
-2.27792e-03 -1.34690e-03        00000 
-2.24556e-03 -1.39924e-03        00000 
-2.21875e-03 -1.45622e-03        00000 
-2.19834e-03 -1.51841e-03        00000 
-2.18572e-03 -1.58624e-03        00000 
-2.18300e-03 -1.65988e-03        00000 
-2.19351e-03 -1.73910e-03        00000 
-2.22233e-03 -1.82298e-03        00000 
-2.27728e-03 -1.90947e-03        00000 
-2.37027e-03 -1.99474e-03        00000 
-2.51937e-03 -2.07211e-03        00000 
-2.88370e-03 -5.85348e-04        00000 
-2.76867e-03 -6.38326e-04        00000 
-2.66276e-03 -6.91383e-04        00000 
-2.56470e-03 -7.43429e-04        00000 
-2.47342e-03 -7.93949e-04        00000 
-2.38813e-03 -8.42882e-04        00000 
-2.30822e-03 -8.90424e-04        00000 
-2.23328e-03 -9.36946e-04        00000 
-2.16299e-03 -9.82924e-04        00000 
-2.09714e-03 -1.02890e-03        00000 
-2.03562e-03 -1.07548e-03        00000 
-1.97835e-03 -1.12328e-03        00000 
-1.92533e-03 -1.17295e-03        00000 
-1.87664e-03 -1.22515e-03        00000 
-1.83246e-03 -1.28056e-03        00000 
-1.79310e-03 -1.33984e-03        00000 
-1.75909e-03 -1.40362e-03        00000 
-1.73130e-03 -1.47246e-03        00000 
-1.71109e-03 -1.54681e-03        00000 
-1.70060e-03 -1.62688e-03        00000 
-1.70316e-03 -1.71249e-03        00000 
-1.72391e-03 -1.80282e-03        00000 
-1.77080e-03 -1.89598e-03        00000 
-1.85609e-03 -1.98845e-03        00000 
-1.99855e-03 -2.07392e-03        00000 
-2.40330e-03 -4.73678e-04        00000 
-2.28459e-03 -5.30876e-04        00000 
-2.17669e-03 -5.88495e-04        00000 
-2.07741e-03 -6.45487e-04        00000 
-1.98523e-03 -7.01353e-04        00000 
-1.89904e-03 -7.56064e-04        00000 
-1.81812e-03 -8.09850e-04        00000 
-1.74194e-03 -8.63106e-04        00000 
-1.67019e-03 -9.16333e-04        00000 
-1.60263e-03 -9.70096e-04        00000 
-1.53917e-03 -1.02500e-03        00000 
-1.47976e-03 -1.08168e-03        00000 
-1.42446e-03 -1.14079e-03        00000 
-1.37343e-03 -1.20298e-03        00000 
-1.32699e-03 -1.26891e-03        00000 
-1.28564e-03 -1.33919e-03        00000 
-1.25025e-03 -1.41439e-03        00000 
-1.22214e-03 -1.49495e-03        00000 
-1.20343e-03 -1.58112e-03        00000 
-1.19743e-03 -1.67276e-03        00000 
-1.20924e-03 -1.76916e-03        00000 
-1.24680e-03 -1.86865e-03        00000 
-1.32228e-03 -1.96802e-03        00000 
-1.45478e-03 -2.06163e-03        00000 
-1.90050e-03 -3.69482e-04        00000 
-1.77967e-03 -4.30507e-04        00000 
-1.67079e-03 -4.92312e-04        00000 
-1.57095e-03 -5.53909e-04        00000 
-1.47824e-03 -6.14844e-04        00000 
-1.39139e-03 -6.75117e-04        00000 
-1.30953e-03 -7.34987e-04        00000 
-1.23212e-03 -7.94872e-04        00000 
-1.15881e-03 -8.55288e-04        00000 
-1.08939e-03 -9.16811e-04        00000 
-1.02379e-03 -9.80050e-04        00000 
-9.62035e-04 -1.04564e-03        00000 
-9.04257e-04 -1.11420e-03        00000 
-8.50750e-04 -1.18639e-03        00000 
-8.02019e-04 -1.26279e-03        00000 
-7.58886e-04 -1.34396e-03        00000 
-7.22664e-04 -1.43033e-03        00000 
-6.95423e-04 -1.52214e-03        00000 
-6.80403e-04 -1.61932e-03        00000 
-6.82649e-04 -1.72122e-03        00000 
-7.09997e-04 -1.82631e-03        00000 
-7.74526e-04 -1.93160e-03        00000 
-8.94679e-04 -2.03185e-03        00000 
-1.09748e-03 -2.11790e-03        00000 
-1.37946e-03 -2.72895e-04        00000 
-1.25795e-03 -3.37212e-04        00000 
-1.14899e-03 -4.02758e-04        00000 
-1.04913e-03 -4.68554e-04        00000 
-9.56207e-04 -5.34216e-04        00000 
-8.68812e-04 -5.99774e-04        00000 
-7.86034e-04 -6.65510e-04        00000 
-7.07304e-04 -7.31859e-04        00000 
-6.32283e-04 -7.99341e-04        00000 
-5.60807e-04 -8.68531e-04        00000 
-4.92848e-04 -9.40028e-04        00000 
-4.28513e-04 -1.01444e-03        00000 
-3.68070e-04 -1.09238e-03        00000 
-3.12001e-04 -1.17442e-03        00000 
-2.61102e-04 -1.26108e-03        00000 
-2.16648e-04 -1.35279e-03        00000 
-1.80652e-04 -1.44979e-03        00000 
-1.56273e-04 -1.55200e-03        00000 
-1.48441e-04 -1.65885e-03        00000 
-1.64835e-04 -1.76891e-03        00000 
-2.17396e-04 -1.87940e-03        00000 
-3.24514e-04 -1.98533e-03        00000 
-5.14573e-04 -2.07833e-03        00000 
-8.44770e-04 -1.83545e-04        00000 
-7.23887e-04 -2.50577e-04        00000 
-6.15541e-04 -3.19370e-04        00000 
-5.16053e-04 -3.88944e-04        00000 
-4.23097e-04 -4.58968e-04        00000 
-3.35195e-04 -5.29506e-04        00000 
-2.51419e-04 -6.00856e-04        00000 
-1.71212e-04 -6.73456e-04        00000 
-9.42719e-05 -7.47822e-04        00000 
-2.04864e-05 -8.24513e-04        00000 
 5.00893e-05 -9.04102e-04        00000 
 1.17224e-04 -9.87162e-04        00000 
 1.80468e-04 -1.07424e-03        00000 
 2.39057e-04 -1.16583e-03        00000 
 2.91764e-04 -1.26234e-03        00000 
 3.36645e-04 -1.36400e-03        00000 
 3.70653e-04 -1.47076e-03        00000 
 3.89017e-04 -1.58211e-03        00000 
 3.84307e-04 -1.69677e-03        00000 
 3.44950e-04 -1.81223e-03        00000 
 2.52846e-04 -1.92399e-03        00000 
 8.02787e-05 -2.02425e-03        00000 
-3.01567e-04 -1.00209e-04        00000 
-1.82181e-04 -1.69631e-04        00000 
-7.49203e-05 -2.41291e-04        00000 
 2.39851e-05 -3.14288e-04        00000 
 1.16928e-04 -3.88349e-04        00000 
 2.05406e-04 -4.63567e-04        00000 
 2.90334e-04 -5.40255e-04        00000 
 3.72235e-04 -6.18851e-04        00000 
 4.51356e-04 -6.99854e-04        00000 
 5.27729e-04 -7.83794e-04        00000 
 6.01179e-04 -8.71203e-04        00000 
 6.71300e-04 -9.62591e-04        00000 
 7.37374e-04 -1.05842e-03        00000 
 7.98229e-04 -1.15907e-03        00000 
 8.52005e-04 -1.26475e-03        00000 
 8.95781e-04 -1.37545e-03        00000 
 9.24990e-04 -1.49070e-03        00000 
 9.32504e-04 -1.60938e-03        00000 
 9.07233e-04 -1.72923e-03        00000 
 8.31950e-04 -1.84622e-03        00000 
 6.79221e-04 -1.95346e-03        00000 
 1.10231e-04  4.59105e-05        00000 
 2.45159e-04 -2.16584e-05        00000 
 3.62561e-04 -9.33882e-05        00000 
 4.68440e-04 -1.67675e-04        00000 
 5.66648e-04 -2.43780e-04        00000 
 6.59602e-04 -3.21539e-04        00000 
 7.48785e-04 -4.01099e-04        00000 
 8.35070e-04 -4.82794e-04        00000 
 9.18922e-04 -5.67056e-04        00000 
 1.00051e-03 -6.54360e-04        00000 
 1.07975e-03 -7.45189e-04        00000 
 1.15630e-03 -8.40011e-04        00000 
 1.22950e-03 -9.39247e-04        00000 
 1.29824e-03 -1.04323e-03        00000 
 1.36077e-03 -1.15217e-03        00000 
 1.41428e-03 -1.26601e-03        00000 
 1.45443e-03 -1.38434e-03        00000 
 1.47442e-03 -1.50613e-03        00000 
 1.46364e-03 -1.62930e-03        00000 
 1.40562e-03 -1.75014e-03        00000 
 1.27509e-03 -1.86243e-03        00000 
 1.03531e-03 -1.95495e-03        00000 
 6.59654e-04  1.21144e-04        00000 
 7.91144e-04  5.19138e-05        00000 
 9.05912e-04 -2.15527e-05        00000 
 1.01009e-03 -9.79389e-05        00000 
 1.10750e-03 -1.76663e-04        00000 
 1.20052e-03 -2.57660e-04        00000 
 1.29056e-03 -3.41126e-04        00000 
 1.37843e-03 -4.27405e-04        00000 
 1.46451e-03 -5.16906e-04        00000 
 1.54884e-03 -6.10060e-04        00000 
 1.63119e-03 -7.07283e-04        00000 
 1.71098e-03 -8.08948e-04        00000 
 1.78719e-03 -9.15348e-04        00000 
 1.85815e-03 -1.02664e-03        00000 
 1.92121e-03 -1.14276e-03        00000 
 1.97224e-03 -1.26331e-03        00000 
 2.00478e-03 -1.38729e-03        00000 
 2.00876e-03 -1.51280e-03        00000 
 1.96843e-03 -1.63645e-03        00000 
 1.85938e-03 -1.75243e-03        00000 
 1.64367e-03 -1.85107e-03        00000 
 1.20457e-03  1.91054e-04        00000 
 1.33155e-03  1.21003e-04        00000 
 1.44310e-03  4.65604e-05        00000 
 1.54532e-03 -3.12420e-05        00000 
 1.64188e-03 -1.11976e-04        00000 
 1.73505e-03 -1.95652e-04        00000 
 1.82614e-03 -2.82493e-04        00000 
 1.91583e-03 -3.72830e-04        00000 
 2.00438e-03 -4.67030e-04        00000 
 2.09171e-03 -5.65452e-04        00000 
 2.17735e-03 -6.68416e-04        00000 
 2.26039e-03 -7.76163e-04        00000 
 2.33927e-03 -8.88808e-04        00000 
 2.41153e-03 -1.00627e-03        00000 
 2.47325e-03 -1.12814e-03        00000 
 2.51833e-03 -1.25349e-03        00000 
 2.53726e-03 -1.38056e-03        00000 
 2.51523e-03 -1.50629e-03        00000 
 2.42895e-03 -1.62548e-03        00000 
 2.24227e-03 -1.72931e-03        00000 
 1.73958e-03  2.56711e-04        00000 
 1.86118e-03  1.86719e-04        00000 
 1.96909e-03  1.12075e-04        00000 
 2.06919e-03  3.35802e-05        00000 
 2.16492e-03 -4.84975e-05        00000 
 2.25836e-03 -1.34224e-04        00000 
 2.35066e-03 -2.23828e-04        00000 
 2.44239e-03 -3.17602e-04        00000 
 2.53364e-03 -4.15842e-04        00000 
 2.62414e-03 -5.18803e-04        00000 
 2.71311e-03 -6.26669e-04        00000 
 2.79916e-03 -7.39508e-04        00000 
 2.88001e-03 -8.57201e-04        00000 
 2.95200e-03 -9.79341e-04        00000 
 3.00941e-03 -1.10506e-03        00000 
 3.04330e-03 -1.23275e-03        00000 
 3.03980e-03 -1.35962e-03        00000 
 2.97731e-03 -1.48099e-03        00000 
 2.82140e-03 -1.58923e-03        00000 
 2.25907e-03  3.19531e-04        00000 
 2.37460e-03  2.50492e-04        00000 
 2.47864e-03  1.76438e-04        00000 
 2.57656e-03  9.79790e-05        00000 
 2.67152e-03  1.52483e-05        00000 
 2.76535e-03 -7.18609e-05        00000 
 2.85902e-03 -1.63555e-04        00000 
 2.95293e-03 -2.60055e-04        00000 
 3.04701e-03 -3.61546e-04        00000 
 3.14070e-03 -4.68144e-04        00000 
 3.23284e-03 -5.79850e-04        00000 
 3.32135e-03 -6.96502e-04        00000 
 3.40288e-03 -8.17670e-04        00000 
 3.47208e-03 -9.42512e-04        00000 
 3.52060e-03 -1.06952e-03        00000 
 3.53544e-03 -1.19613e-03        00000 
 3.49641e-03 -1.31809e-03        00000 
 3.37244e-03 -1.42852e-03        00000 
 3.11858e-03 -1.51555e-03        00000 
 2.75713e-03  3.81527e-04        00000 
 2.86628e-03  3.14176e-04        00000 
 2.96638e-03  2.41427e-04        00000 
 3.06217e-03  1.63667e-04        00000 
 3.15642e-03  8.09322e-05        00000 
 3.25070e-03 -6.89298e-06        00000 
 3.34579e-03 -9.99588e-05        00000 
 3.44190e-03 -1.98378e-04        00000 
 3.53875e-03 -3.02185e-04        00000 
 3.63546e-03 -4.11306e-04        00000 
 3.73029e-03 -5.25511e-04        00000 
 3.82021e-03 -6.44338e-04        00000 
 3.90032e-03 -7.66957e-04        00000 
 3.96285e-03 -8.91946e-04        00000 
 3.99567e-03 -1.01695e-03        00000 
 3.97992e-03 -1.13817e-03        00000 
 3.88632e-03 -1.24940e-03        00000 
 3.66918e-03 -1.34037e-03        00000 
 3.11154e-03  5.04114e-04        00000 
 3.22802e-03  4.45063e-04        00000 
 3.33088e-03  3.79762e-04        00000 
 3.42707e-03  3.08802e-04        00000 
 3.52073e-03  2.32306e-04        00000 
 3.61423e-03  1.50192e-04        00000 
 3.70886e-03  6.23425e-05        00000 
 3.80520e-03 -3.13043e-05        00000 
 3.90328e-03 -1.30708e-04        00000 
 4.00259e-03 -2.35701e-04        00000 
 4.10181e-03 -3.45967e-04        00000 
 4.19843e-03 -4.60991e-04        00000 
 4.28805e-03 -5.79943e-04        00000 
 4.36357e-03 -7.01484e-04        00000 
 4.41370e-03 -8.23445e-04        00000 
 4.42095e-03 -9.42336e-04        00000 
 4.35800e-03 -1.05258e-03        00000 
 4.18214e-03 -1.14519e-03        00000 
 3.56031e-03  5.67281e-04        00000 
 3.66704e-03  5.10859e-04        00000 
 3.76345e-03  4.48351e-04        00000 
 3.85559e-03  3.79874e-04        00000 
 3.94693e-03  3.05318e-04        00000 
 4.03939e-03  2.24520e-04        00000 
 4.13395e-03  1.37412e-04        00000 
 4.23100e-03  4.40818e-05        00000 
 4.33044e-03 -5.52016e-05        00000 
 4.43148e-03 -1.59997e-04        00000 
 4.53228e-03 -2.69688e-04        00000 
 4.62922e-03 -3.83418e-04        00000 
 4.71600e-03 -4.99930e-04        00000 
 4.78229e-03 -6.17265e-04        00000 
 4.81186e-03 -7.32306e-04        00000 
 4.77954e-03 -8.40103e-04        00000 
 4.64608e-03 -9.32885e-04        00000 
 3.97256e-03  6.32765e-04        00000 
 4.06924e-03  5.80026e-04        00000 
 4.15898e-03  5.21193e-04        00000 
 4.24676e-03  4.55968e-04        00000 
 4.33530e-03  3.84057e-04        00000 
 4.42602e-03  3.05290e-04        00000 
 4.51960e-03  2.19730e-04        00000 
 4.61629e-03  1.27723e-04        00000 
 4.71586e-03  2.98746e-05        00000 
 4.81734e-03 -7.30012e-05        00000 
 4.91820e-03 -1.79923e-04        00000 
 5.01335e-03 -2.89661e-04        00000 
 5.09364e-03 -4.00481e-04        00000 
 5.14418e-03 -5.09704e-04        00000 
 5.14164e-03 -6.13060e-04        00000 
 5.05028e-03 -7.03825e-04        00000 
 4.34316e-03  7.02278e-04        00000 
 4.42966e-03  6.54116e-04        00000 
 4.51247e-03  5.99702e-04        00000 
 4.59535e-03  5.38382e-04        00000 
 4.68020e-03  4.69725e-04        00000 
 4.76790e-03  3.93624e-04        00000 
 4.85883e-03  3.10396e-04        00000 
 4.95318e-03  2.20802e-04        00000 
 5.05080e-03  1.25962e-04        00000 
 5.15065e-03  2.71907e-05        00000 
 5.24943e-03 -7.41224e-05        00000 
 5.33987e-03 -1.76389e-04        00000 
 5.40877e-03 -2.77400e-04        00000 
 5.43452e-03 -3.73657e-04        00000 
 5.38371e-03 -4.59431e-04        00000 
 5.20522e-03 -5.24882e-04        00000 
 4.66747e-03  7.77402e-04        00000 
 4.74373e-03  7.34535e-04        00000 
 4.81918e-03  6.85104e-04        00000 
 4.89624e-03  6.28139e-04        00000 
 4.97589e-03  5.63122e-04        00000 
 5.05836e-03  4.90110e-04        00000 
 5.14378e-03  4.09856e-04        00000 
 5.23247e-03  3.23803e-04        00000 
 5.32478e-03  2.33861e-04        00000 
 5.41998e-03  1.42006e-04        00000 
 5.51389e-03  4.99959e-05        00000 
 5.59613e-03 -4.03738e-05        00000 
 5.64735e-03 -1.26499e-04        00000 
 5.63614e-03 -2.03919e-04        00000 
 5.51420e-03 -2.65076e-04        00000 
 4.94148e-03  8.59522e-04        00000 
 5.00749e-03  8.22397e-04        00000 
 5.07491e-03  7.78211e-04        00000 
 5.14467e-03  7.25686e-04        00000 
 5.21662e-03  6.64273e-04        00000 
 5.29026e-03  5.94335e-04        00000 
 5.36542e-03  5.17355e-04        00000 
 5.44300e-03  4.35912e-04        00000 
 5.52477e-03  3.53162e-04        00000 
 5.61126e-03  2.71915e-04        00000 
 5.69740e-03  1.93987e-04        00000 
 5.76796e-03  1.20860e-04        00000 
 5.79436e-03  5.51428e-05        00000 
 5.73103e-03  1.97775e-06        00000 
 5.16246e-03  9.49428e-04        00000 
 5.21812e-03  9.18096e-04        00000 
 5.27636e-03  8.78962e-04        00000 
 5.33645e-03  8.30412e-04        00000 
 5.39683e-03  7.71871e-04        00000 
 5.45584e-03  7.04190e-04        00000 
 5.51301e-03  6.30071e-04        00000 
 5.57064e-03  5.54069e-04        00000 
 5.63393e-03  4.81401e-04        00000 
 5.70691e-03  4.15832e-04        00000 
 5.78357e-03  3.58228e-04        00000 
 5.84059e-03  3.08544e-04        00000 
 5.83533e-03  2.68725e-04        00000 
 5.28847e-03  1.06652e-03        00000 
 5.32937e-03  1.04663e-03        00000 
 5.37425e-03  1.02085e-03        00000 
 5.42155e-03  9.86062e-04        00000 
 5.46851e-03  9.40202e-04        00000 
 5.51147e-03  8.82624e-04        00000 
 5.54678e-03  8.14883e-04        00000 
 5.57330e-03  7.41747e-04        00000 
 5.59646e-03  6.71397e-04        00000 
 5.62937e-03  6.12684e-04        00000 
 5.68463e-03  5.70245e-04        00000 
 5.75464e-03  5.41171e-04        00000 
 5.80097e-03  5.21443e-04        00000 
 5.75596e-03  5.12114e-04        00000 
 5.41418e-03  1.16402e-03        00000 
 5.44306e-03  1.14986e-03        00000 
 5.47652e-03  1.12875e-03        00000 
 5.51053e-03  1.09674e-03        00000 
 5.53962e-03  1.05099e-03        00000 
 5.55671e-03  9.90468e-04        00000 
 5.55427e-03  9.17551e-04        00000 
 5.52919e-03  8.40477e-04        00000 
 5.49350e-03  7.74498e-04        00000 
 5.47824e-03  7.35305e-04        00000 
 5.51655e-03  7.27803e-04        00000 
 5.59517e-03  7.37718e-04        00000 
 5.64358e-03  7.53223e-04        00000 
 5.48936e-03  1.26549e-03        00000 
 5.50723e-03  1.25618e-03        00000 
 5.52853e-03  1.23827e-03        00000 
 5.54644e-03  1.20656e-03        00000 
 5.55169e-03  1.15666e-03        00000 
 5.53130e-03  1.08617e-03        00000 
 5.46967e-03  9.97854e-04        00000 
 5.35737e-03  9.05492e-04        00000 
 5.22023e-03  8.38955e-04        00000 
 5.13039e-03  8.27409e-04        00000 
 5.17113e-03  8.74092e-04        00000 
 5.30509e-03  9.31366e-04        00000 
 5.52111e-03  1.36668e-03        00000 
 5.52920e-03  1.36104e-03        00000 
 5.53771e-03  1.34472e-03        00000 
 5.53668e-03  1.31053e-03        00000 
 5.51133e-03  1.25097e-03        00000 
 5.43855e-03  1.15976e-03        00000 
 5.28556e-03  1.03733e-03        00000 
 5.02279e-03  9.04809e-04        00000 
 4.70630e-03  8.24073e-04        00000 
 4.50298e-03  8.50653e-04        00000 
 4.62514e-03  9.83635e-04        00000 
 5.52060e-03  1.46114e-03        00000 
 5.52021e-03  1.45887e-03        00000 
 5.51546e-03  1.44462e-03        00000 
 5.49274e-03  1.40848e-03        00000 
 5.42962e-03  1.33737e-03        00000 
 5.28646e-03  1.21538e-03        00000 
 4.99548e-03  1.03060e-03        00000 
 4.46234e-03  8.06363e-04        00000 
 3.81622e-03  6.79049e-04        00000 
 3.44563e-03  7.42950e-04        00000 
 3.84360e-03  1.00005e-03        00000 
 5.50234e-03  1.54044e-03        00000 
 5.49380e-03  1.54568e-03        00000 
 5.47368e-03  1.54324e-03        00000 
 5.42337e-03  1.52256e-03        00000 
 5.31014e-03  1.46498e-03        00000 
 5.07109e-03  1.33605e-03        00000 
 4.57704e-03  1.07862e-03        00000 
 3.52545e-03  6.66486e-04        00000 
 2.23352e-03  4.51290e-04        00000 
 1.66369e-03  4.47046e-04        00000 
 7.43291e-04  3.68370e-04        00000 
 1.22279e-03  4.01115e-04        00000 
 1.70653e-03  4.03294e-04        00000 
 2.17535e-03  3.85274e-04        00000 
 2.61671e-03  3.49917e-04        00000 
 3.02227e-03  2.99087e-04        00000 
 3.26105e-03  2.72979e-04        00000 
 3.60204e-03  1.90859e-04        00000 
 3.89935e-03  9.39612e-05        00000 
 4.15075e-03 -1.61470e-05        00000 
 4.35460e-03 -1.37849e-04        00000 
 4.50951e-03 -2.69441e-04        00000 
 4.63425e-03 -5.48998e-04        00000 
 4.66306e-03 -7.06023e-04        00000 
 4.64378e-03 -8.68035e-04        00000 
 4.57725e-03 -1.03337e-03        00000 
 4.46472e-03 -1.20058e-03        00000 
 4.14719e-03 -1.55681e-03        00000 
 3.92419e-03 -1.72512e-03        00000 
 3.66195e-03 -1.88975e-03        00000 
 3.36301e-03 -2.04930e-03        00000 
 3.03055e-03 -2.20279e-03        00000 
 2.66847e-03 -2.35021e-03        00000 
 2.38111e-03 -2.53183e-03        00000 
 1.97688e-03 -2.66447e-03        00000 
 1.55037e-03 -2.78642e-03        00000 
 1.10522e-03 -2.89669e-03        00000 
 6.45751e-04 -2.99499e-03        00000 
 1.77117e-04 -3.08202e-03        00000 
-1.58026e-04 -3.20858e-03        00000 
-6.35784e-04 -3.27129e-03        00000 
-1.11422e-03 -3.31942e-03        00000 
-1.58931e-03 -3.35273e-03        00000 
-2.05659e-03 -3.37161e-03        00000 
-2.51106e-03 -3.37701e-03        00000 
-3.23477e-03 -3.39639e-03        00000 
-3.64195e-03 -3.36099e-03        00000 
-4.02451e-03 -3.31174e-03        00000 
-4.37879e-03 -3.24965e-03        00000 
-4.70101e-03 -3.17599e-03        00000 
-5.14629e-03 -3.02752e-03        00000 
-5.37455e-03 -2.92185e-03        00000 
-5.56235e-03 -2.80705e-03        00000 
-5.70765e-03 -2.68450e-03        00000 
-5.80863e-03 -2.55556e-03        00000 
-5.86341e-03 -2.42193e-03        00000 
-5.84959e-03 -2.28545e-03        00000 
-5.83142e-03 -2.14081e-03        00000 
-5.76630e-03 -1.99389e-03        00000 
-5.65423e-03 -1.84613e-03        00000 
-5.49584e-03 -1.69862e-03        00000 
-5.29232e-03 -1.55187e-03        00000 
-5.10100e-03 -1.38011e-03        00000 
-4.82692e-03 -1.23484e-03        00000 
-4.51101e-03 -1.09382e-03        00000 
-4.15546e-03 -9.58144e-04        00000 
-3.76323e-03 -8.28227e-04        00000 
-3.33805e-03 -7.03917e-04        00000 
-2.53599e-03 -4.19305e-04        00000 
-2.03763e-03 -3.11857e-04        00000 
-1.51860e-03 -2.12447e-04        00000 
-9.83779e-04 -1.20534e-04        00000 
-4.38886e-04 -3.48871e-05        00000 
 5.01197e-04  1.83295e-04        00000 
 1.05192e-03  2.54083e-04        00000 
 1.59458e-03  3.19755e-04        00000 
 2.12313e-03  3.81867e-04        00000 
 2.63110e-03  4.42422e-04        00000 
 3.43236e-03  6.16927e-04        00000 
 3.85967e-03  6.79325e-04        00000 
 4.24568e-03  7.44746e-04        00000 
 4.58530e-03  8.14948e-04        00000 
 4.87413e-03  8.91446e-04        00000 
 5.10873e-03  9.75379e-04        00000 
 5.25104e-03  1.08478e-03        00000 
 5.39277e-03  1.17623e-03        00000 
 5.48084e-03  1.27207e-03        00000 
 5.52186e-03  1.36857e-03        00000 
 5.52701e-03  1.45926e-03        00000 
 5.51181e-03  1.53421e-03        00000 
 7.24920e-20  1.90291e-19        00000 
 3.22354e-04  2.89722e-04        00000 
 4.55715e-03 -3.98987e-04        00000 
 4.32910e-03 -1.38678e-03        00000 
-2.80663e-03 -3.41717e-03        00000 
-4.88015e-03 -3.12242e-03        00000 
-3.00949e-03 -5.34644e-04        00000 
-5.18626e-05  1.06246e-04        00000 
 2.96949e-03  5.55556e-04        00000 
 7.87454e-21  3.52842e-20        00000 
-1.88489e-20  1.09224e-21        00000 
 1.82685e-04  1.32293e-04        00000 
 2.15739e-04  1.02207e-04        00000 
 2.42191e-04  7.36889e-05        00000 
 2.62149e-04  4.94708e-05        00000 
 2.77389e-04  2.93069e-05        00000 
 2.89073e-04  1.27165e-05        00000 
 2.98015e-04 -8.39069e-07        00000 
 3.04805e-04 -1.18701e-05        00000 
 3.09887e-04 -2.08282e-05        00000 
 3.13594e-04 -2.80975e-05        00000 
 3.16185e-04 -3.39963e-05        00000 
 3.17861e-04 -3.87855e-05        00000 
 3.18783e-04 -4.26764e-05        00000 
 3.19077e-04 -4.58393e-05        00000 
 3.18844e-04 -4.84115e-05        00000 
 3.18167e-04 -5.05030e-05        00000 
 3.17111e-04 -5.22023e-05        00000 
 3.15733e-04 -5.35803e-05        00000 
 3.14076e-04 -5.46943e-05        00000 
 3.12177e-04 -5.55903e-05        00000 
 3.10068e-04 -5.63055e-05        00000 
 3.07774e-04 -5.68700e-05        00000 
 3.05316e-04 -5.73082e-05        00000 
 3.02713e-04 -5.76400e-05        00000 
 2.99979e-04 -5.78819e-05        00000 
 2.97128e-04 -5.80473e-05        00000 
 2.94171e-04 -5.81474e-05        00000 
 2.91116e-04 -5.81914e-05        00000 
 2.87972e-04 -5.81874e-05        00000 
 2.84745e-04 -5.81421e-05        00000 
 2.81441e-04 -5.80614e-05        00000 
 2.78064e-04 -5.79505e-05        00000 
 2.74618e-04 -5.78142e-05        00000 
 2.71106e-04 -5.76569e-05        00000 
 2.67530e-04 -5.74825e-05        00000 
 2.63892e-04 -5.72952e-05        00000 
 2.60192e-04 -5.70988e-05        00000 
 2.56431e-04 -5.68973e-05        00000 
 2.52607e-04 -5.66950e-05        00000 
 2.48720e-04 -5.64961e-05        00000 
 2.44767e-04 -5.63055e-05        00000 
 2.40745e-04 -5.61285e-05        00000 
 2.36650e-04 -5.59710e-05        00000 
 2.32477e-04 -5.58397e-05        00000 
 2.28220e-04 -5.57426e-05        00000 
 2.23873e-04 -5.56888e-05        00000 
 2.19425e-04 -5.56895e-05        00000 
 2.14867e-04 -5.57578e-05        00000 
 2.10188e-04 -5.59101e-05        00000 
 2.05372e-04 -5.61663e-05        00000 
 2.00405e-04 -5.65512e-05        00000 
 1.95267e-04 -5.70961e-05        00000 
 1.89935e-04 -5.78405e-05        00000 
 1.84383e-04 -5.88346e-05        00000 
 1.78580e-04 -6.01430e-05        00000 
 1.72486e-04 -6.18488e-05        00000 
 1.66055e-04 -6.40594e-05        00000 
 1.59227e-04 -6.69140e-05        00000 
 1.51926e-04 -7.05932e-05        00000 
 1.44060e-04 -7.53317e-05        00000 
 1.35537e-04 -8.14353e-05        00000 
 5.15013e-04  3.30351e-04        00000 
 6.22697e-04  2.74008e-04        00000 
 6.97725e-04  2.13483e-04        00000 
 7.53231e-04  1.56710e-04        00000 
 7.95246e-04  1.06438e-04        00000 
 8.27397e-04  6.32901e-05        00000 
 8.52062e-04  2.69323e-05        00000 
 8.70904e-04 -3.37409e-06        00000 
 8.85124e-04 -2.84730e-05        00000 
 8.95619e-04 -4.91819e-05        00000 
 9.03074e-04 -6.62357e-05        00000 
 9.08018e-04 -8.02684e-05        00000 
 9.10873e-04 -9.18151e-05        00000 
 9.11972e-04 -1.01320e-04        00000 
 9.11587e-04 -1.09149e-04        00000 
 9.09939e-04 -1.15602e-04        00000 
 9.07209e-04 -1.20922e-04        00000 
 9.03546e-04 -1.25309e-04        00000 
 8.99074e-04 -1.28926e-04        00000 
 8.93898e-04 -1.31902e-04        00000 
 8.88104e-04 -1.34346e-04        00000 
 8.81765e-04 -1.36346e-04        00000 
 8.74944e-04 -1.37972e-04        00000 
 8.67693e-04 -1.39283e-04        00000 
 8.60056e-04 -1.40329e-04        00000 
 8.52072e-04 -1.41148e-04        00000 
 8.43774e-04 -1.41775e-04        00000 
 8.35189e-04 -1.42236e-04        00000 
 8.26341e-04 -1.42557e-04        00000 
 8.17251e-04 -1.42756e-04        00000 
 8.07936e-04 -1.42853e-04        00000 
 7.98411e-04 -1.42862e-04        00000 
 7.88687e-04 -1.42798e-04        00000 
 7.78776e-04 -1.42674e-04        00000 
 7.68683e-04 -1.42501e-04        00000 
 7.58417e-04 -1.42292e-04        00000 
 7.47980e-04 -1.42059e-04        00000 
 7.37374e-04 -1.41813e-04        00000 
 7.26600e-04 -1.41565e-04        00000 
 7.15655e-04 -1.41330e-04        00000 
 7.04537e-04 -1.41122e-04        00000 
 6.93238e-04 -1.40954e-04        00000 
 6.81752e-04 -1.40846e-04        00000 
 6.70068e-04 -1.40816e-04        00000 
 6.58173e-04 -1.40887e-04        00000 
 6.46052e-04 -1.41086e-04        00000 
 6.33686e-04 -1.41445e-04        00000 
 6.21055e-04 -1.42001e-04        00000 
 6.08135e-04 -1.42801e-04        00000 
 5.94897e-04 -1.43901e-04        00000 
 5.81310e-04 -1.45371e-04        00000 
 5.67338e-04 -1.47298e-04        00000 
 5.52941e-04 -1.49792e-04        00000 
 5.38073e-04 -1.52990e-04        00000 
 5.22683e-04 -1.57064e-04        00000 
 5.06709e-04 -1.62236e-04        00000 
 4.90079e-04 -1.68782e-04        00000 
 4.72702e-04 -1.77051e-04        00000 
 4.54463e-04 -1.87476e-04        00000 
 4.35208e-04 -2.00580e-04        00000 
 4.14741e-04 -2.16979e-04        00000 
 3.92811e-04 -2.37244e-04        00000 
 3.69547e-04 -2.61947e-04        00000 
 9.81672e-04  3.86376e-04        00000 
 1.10791e-03  3.26853e-04        00000 
 1.19760e-03  2.61022e-04        00000 
 1.26343e-03  1.96692e-04        00000 
 1.31284e-03  1.37813e-04        00000 
 1.35044e-03  8.57645e-05        00000 
 1.37913e-03  4.07353e-05        00000 
 1.40089e-03  2.29463e-06        00000 
 1.41710e-03 -3.02455e-05        00000 
 1.42879e-03 -5.76468e-05        00000 
 1.43672e-03 -8.06497e-05        00000 
 1.44150e-03 -9.99291e-05        00000 
 1.44360e-03 -1.16079e-04        00000 
 1.44343e-03 -1.29609e-04        00000 
 1.44129e-03 -1.40950e-04        00000 
 1.43745e-03 -1.50467e-04        00000 
 1.43214e-03 -1.58460e-04        00000 
 1.42553e-03 -1.65180e-04        00000 
 1.41779e-03 -1.70835e-04        00000 
 1.40904e-03 -1.75596e-04        00000 
 1.39942e-03 -1.79605e-04        00000 
 1.38900e-03 -1.82980e-04        00000 
 1.37788e-03 -1.85818e-04        00000 
 1.36612e-03 -1.88200e-04        00000 
 1.35380e-03 -1.90194e-04        00000 
 1.34096e-03 -1.91857e-04        00000 
 1.32764e-03 -1.93235e-04        00000 
 1.31390e-03 -1.94371e-04        00000 
 1.29977e-03 -1.95299e-04        00000 
 1.28527e-03 -1.96051e-04        00000 
 1.27043e-03 -1.96652e-04        00000 
 1.25527e-03 -1.97127e-04        00000 
 1.23982e-03 -1.97500e-04        00000 
 1.22408e-03 -1.97790e-04        00000 
 1.20807e-03 -1.98019e-04        00000 
 1.19180e-03 -1.98205e-04        00000 
 1.17527e-03 -1.98370e-04        00000 
 1.15849e-03 -1.98532e-04        00000 
 1.14146e-03 -1.98714e-04        00000 
 1.12417e-03 -1.98940e-04        00000 
 1.10663e-03 -1.99233e-04        00000 
 1.08883e-03 -1.99623e-04        00000 
 1.07075e-03 -2.00141e-04        00000 
 1.05238e-03 -2.00824e-04        00000 
 1.03370e-03 -2.01715e-04        00000 
 1.01471e-03 -2.02862e-04        00000 
 9.95367e-04 -2.04326e-04        00000 
 9.75657e-04 -2.06179e-04        00000 
 9.55549e-04 -2.08506e-04        00000 
 9.35014e-04 -2.11414e-04        00000 
 9.14021e-04 -2.15030e-04        00000 
 8.92534e-04 -2.19515e-04        00000 
 8.70518e-04 -2.25065e-04        00000 
 8.47935e-04 -2.31921e-04        00000 
 8.24741e-04 -2.40379e-04        00000 
 8.00883e-04 -2.50800e-04        00000 
 7.76289e-04 -2.63612e-04        00000 
 7.50846e-04 -2.79305e-04        00000 
 7.24360e-04 -2.98407e-04        00000 
 6.96483e-04 -3.21404e-04        00000 
 6.66596e-04 -3.48580e-04        00000 
 6.33551e-04 -3.79604e-04        00000 
 5.95294e-04 -4.12689e-04        00000 
 1.46477e-03  4.03313e-04        00000 
 1.59595e-03  3.43235e-04        00000 
 1.68777e-03  2.77425e-04        00000 
 1.75422e-03  2.12055e-04        00000 
 1.80343e-03  1.50948e-04        00000 
 1.84038e-03  9.57214e-05        00000 
 1.86819e-03  4.68822e-05        00000 
 1.88890e-03  4.29600e-06        00000 
 1.90391e-03 -3.24953e-05        00000 
 1.91423e-03 -6.40893e-05        00000 
 1.92060e-03 -9.11179e-05        00000 
 1.92362e-03 -1.14191e-04        00000 
 1.92374e-03 -1.33868e-04        00000 
 1.92134e-03 -1.50645e-04        00000 
 1.91675e-03 -1.64958e-04        00000 
 1.91022e-03 -1.77179e-04        00000 
 1.90199e-03 -1.87627e-04        00000 
 1.89224e-03 -1.96571e-04        00000 
 1.88116e-03 -2.04240e-04        00000 
 1.86887e-03 -2.10823e-04        00000 
 1.85551e-03 -2.16484e-04        00000 
 1.84120e-03 -2.21357e-04        00000 
 1.82601e-03 -2.25557e-04        00000 
 1.81004e-03 -2.29179e-04        00000 
 1.79337e-03 -2.32306e-04        00000 
 1.77604e-03 -2.35008e-04        00000 
 1.75813e-03 -2.37344e-04        00000 
 1.73968e-03 -2.39367e-04        00000 
 1.72073e-03 -2.41121e-04        00000 
 1.70133e-03 -2.42647e-04        00000 
 1.68149e-03 -2.43981e-04        00000 
 1.66126e-03 -2.45157e-04        00000 
 1.64065e-03 -2.46205e-04        00000 
 1.61969e-03 -2.47156e-04        00000 
 1.59839e-03 -2.48039e-04        00000 
 1.57676e-03 -2.48882e-04        00000 
 1.55482e-03 -2.49715e-04        00000 
 1.53257e-03 -2.50570e-04        00000 
 1.51001e-03 -2.51478e-04        00000 
 1.48714e-03 -2.52475e-04        00000 
 1.46397e-03 -2.53600e-04        00000 
 1.44048e-03 -2.54896e-04        00000 
 1.41667e-03 -2.56414e-04        00000 
 1.39253e-03 -2.58210e-04        00000 
 1.36803e-03 -2.60349e-04        00000 
 1.34318e-03 -2.62910e-04        00000 
 1.31794e-03 -2.65982e-04        00000 
 1.29231e-03 -2.69676e-04        00000 
 1.26626e-03 -2.74121e-04        00000 
 1.23978e-03 -2.79474e-04        00000 
 1.21285e-03 -2.85923e-04        00000 
 1.18546e-03 -2.93695e-04        00000 
 1.15760e-03 -3.03058e-04        00000 
 1.12926e-03 -3.14333e-04        00000 
 1.10041e-03 -3.27888e-04        00000 
 1.07101e-03 -3.44136e-04        00000 
 1.04095e-03 -3.63516e-04        00000 
 1.01001e-03 -3.86438e-04        00000 
 9.77736e-04 -4.13195e-04        00000 
 9.43218e-04 -4.43778e-04        00000 
 9.04779e-04 -4.77598e-04        00000 
 8.59359e-04 -5.13041e-04        00000 
 1.94241e-03  3.95277e-04        00000 
 2.06796e-03  3.36549e-04        00000 
 2.15465e-03  2.72670e-04        00000 
 2.21628e-03  2.08612e-04        00000 
 2.26100e-03  1.47822e-04        00000 
 2.29381e-03  9.19481e-05        00000 
 2.31783e-03  4.16526e-05        00000 
 2.33506e-03 -2.99452e-06        00000 
 2.34684e-03 -4.22566e-05        00000 
 2.35411e-03 -7.65661e-05        00000 
 2.35754e-03 -1.06425e-04        00000 
 2.35767e-03 -1.32346e-04        00000 
 2.35490e-03 -1.54818e-04        00000 
 2.34959e-03 -1.74292e-04        00000 
 2.34201e-03 -1.91172e-04        00000 
 2.33241e-03 -2.05815e-04        00000 
 2.32100e-03 -2.18531e-04        00000 
 2.30798e-03 -2.29589e-04        00000 
 2.29350e-03 -2.39220e-04        00000 
 2.27770e-03 -2.47623e-04        00000 
 2.26072e-03 -2.54968e-04        00000 
 2.24267e-03 -2.61398e-04        00000 
 2.22364e-03 -2.67040e-04        00000 
 2.20374e-03 -2.71998e-04        00000 
 2.18302e-03 -2.76366e-04        00000 
 2.16157e-03 -2.80224e-04        00000 
 2.13945e-03 -2.83640e-04        00000 
 2.11671e-03 -2.86676e-04        00000 
 2.09340e-03 -2.89388e-04        00000 
 2.06957e-03 -2.91824e-04        00000 
 2.04525e-03 -2.94030e-04        00000 
 2.02048e-03 -2.96049e-04        00000 
 1.99528e-03 -2.97921e-04        00000 
 1.96968e-03 -2.99686e-04        00000 
 1.94371e-03 -3.01381e-04        00000 
 1.91737e-03 -3.03047e-04        00000 
 1.89068e-03 -3.04724e-04        00000 
 1.86365e-03 -3.06455e-04        00000 
 1.83630e-03 -3.08284e-04        00000 
 1.80861e-03 -3.10262e-04        00000 
 1.78061e-03 -3.12443e-04        00000 
 1.75228e-03 -3.14887e-04        00000 
 1.72362e-03 -3.17664e-04        00000 
 1.69463e-03 -3.20852e-04        00000 
 1.66531e-03 -3.24542e-04        00000 
 1.63565e-03 -3.28840e-04        00000 
 1.60565e-03 -3.33868e-04        00000 
 1.57530e-03 -3.39770e-04        00000 
 1.54462e-03 -3.46716e-04        00000 
 1.51361e-03 -3.54904e-04        00000 
 1.48228e-03 -3.64565e-04        00000 
 1.45066e-03 -3.75968e-04        00000 
 1.41875e-03 -3.89415e-04        00000 
 1.38658e-03 -4.05243e-04        00000 
 1.35412e-03 -4.23806e-04        00000 
 1.32127e-03 -4.45455e-04        00000 
 1.28782e-03 -4.70478e-04        00000 
 1.25326e-03 -4.99028e-04        00000 
 1.21660e-03 -5.30980e-04        00000 
 1.17604e-03 -5.65736e-04        00000 
 1.12830e-03 -6.01917e-04        00000 
 2.39819e-03  3.68262e-04        00000 
 2.51264e-03  3.11708e-04        00000 
 2.59020e-03  2.50376e-04        00000 
 2.64391e-03  1.88561e-04        00000 
 2.68165e-03  1.29226e-04        00000 
 2.70826e-03  7.39594e-05        00000 
 2.72671e-03  2.34923e-05        00000 
 2.73893e-03 -2.19773e-05        00000 
 2.74615e-03 -6.25693e-05        00000 
 2.74922e-03 -9.85798e-05        00000 
 2.74874e-03 -1.30392e-04        00000 
 2.74517e-03 -1.58420e-04        00000 
 2.73886e-03 -1.83076e-04        00000 
 2.73009e-03 -2.04752e-04        00000 
 2.71911e-03 -2.23806e-04        00000 
 2.70614e-03 -2.40565e-04        00000 
 2.69137e-03 -2.55317e-04        00000 
 2.67495e-03 -2.68319e-04        00000 
 2.65704e-03 -2.79793e-04        00000 
 2.63778e-03 -2.89937e-04        00000 
 2.61728e-03 -2.98919e-04        00000 
 2.59565e-03 -3.06887e-04        00000 
 2.57299e-03 -3.13971e-04        00000 
 2.54940e-03 -3.20283e-04        00000 
 2.52495e-03 -3.25922e-04        00000 
 2.49971e-03 -3.30975e-04        00000 
 2.47375e-03 -3.35520e-04        00000 
 2.44714e-03 -3.39626e-04        00000 
 2.41991e-03 -3.43355e-04        00000 
 2.39212e-03 -3.46768e-04        00000 
 2.36382e-03 -3.49916e-04        00000 
 2.33503e-03 -3.52853e-04        00000 
 2.30580e-03 -3.55628e-04        00000 
 2.27614e-03 -3.58291e-04        00000 
 2.24610e-03 -3.60889e-04        00000 
 2.21569e-03 -3.63475e-04        00000 
 2.18493e-03 -3.66099e-04        00000 
 2.15383e-03 -3.68817e-04        00000 
 2.12241e-03 -3.71688e-04        00000 
 2.09068e-03 -3.74776e-04        00000 
 2.05866e-03 -3.78151e-04        00000 
 2.02634e-03 -3.81892e-04        00000 
 1.99374e-03 -3.86087e-04        00000 
 1.96087e-03 -3.90835e-04        00000 
 1.92774e-03 -3.96249e-04        00000 
 1.89436e-03 -4.02460e-04        00000 
 1.86076e-03 -4.09616e-04        00000 
 1.82695e-03 -4.17886e-04        00000 
 1.79296e-03 -4.27465e-04        00000 
 1.75885e-03 -4.38572e-04        00000 
 1.72464e-03 -4.51452e-04        00000 
 1.69039e-03 -4.66374e-04        00000 
 1.65614e-03 -4.83619e-04        00000 
 1.62189e-03 -5.03474e-04        00000 
 1.58756e-03 -5.26196e-04        00000 
 1.55296e-03 -5.51976e-04        00000 
 1.51758e-03 -5.80874e-04        00000 
 1.48050e-03 -6.12726e-04        00000 
 1.43995e-03 -6.47009e-04        00000 
 1.39288e-03 -6.82654e-04        00000 
 2.82224e-03  3.24464e-04        00000 
 2.92274e-03  2.70873e-04        00000 
 2.98906e-03  2.12390e-04        00000 
 3.03322e-03  1.53154e-04        00000 
 3.06260e-03  9.58107e-05        00000 
 3.08177e-03  4.18465e-05        00000 
 3.09359e-03 -8.00007e-06        00000 
 3.09983e-03 -5.34630e-05        00000 
 3.10163e-03 -9.45661e-05        00000 
 3.09974e-03 -1.31503e-04        00000 
 3.09469e-03 -1.64558e-04        00000 
 3.08684e-03 -1.94059e-04        00000 
 3.07650e-03 -2.20343e-04        00000 
 3.06389e-03 -2.43740e-04        00000 
 3.04922e-03 -2.64562e-04        00000 
 3.03266e-03 -2.83096e-04        00000 
 3.01437e-03 -2.99602e-04        00000 
 2.99448e-03 -3.14316e-04        00000 
 2.97314e-03 -3.27447e-04        00000 
 2.95046e-03 -3.39180e-04        00000 
 2.92655e-03 -3.49681e-04        00000 
 2.90151e-03 -3.59094e-04        00000 
 2.87543e-03 -3.67549e-04        00000 
 2.84841e-03 -3.75161e-04        00000 
 2.82051e-03 -3.82032e-04        00000 
 2.79182e-03 -3.88254e-04        00000 
 2.76239e-03 -3.93910e-04        00000 
 2.73229e-03 -3.99076e-04        00000 
 2.70158e-03 -4.03822e-04        00000 
 2.67030e-03 -4.08215e-04        00000 
 2.63850e-03 -4.12316e-04        00000 
 2.60622e-03 -4.16187e-04        00000 
 2.57350e-03 -4.19885e-04        00000 
 2.54037e-03 -4.23470e-04        00000 
 2.50688e-03 -4.27002e-04        00000 
 2.47303e-03 -4.30541e-04        00000 
 2.43887e-03 -4.34151e-04        00000 
 2.40440e-03 -4.37900e-04        00000 
 2.36967e-03 -4.41859e-04        00000 
 2.33468e-03 -4.46107e-04        00000 
 2.29946e-03 -4.50729e-04        00000 
 2.26402e-03 -4.55819e-04        00000 
 2.22841e-03 -4.61481e-04        00000 
 2.19263e-03 -4.67830e-04        00000 
 2.15672e-03 -4.74998e-04        00000 
 2.12071e-03 -4.83129e-04        00000 
 2.08466e-03 -4.92385e-04        00000 
 2.04861e-03 -5.02946e-04        00000 
 2.01263e-03 -5.15008e-04        00000 
 1.97678e-03 -5.28786e-04        00000 
 1.94113e-03 -5.44502e-04        00000 
 1.90574e-03 -5.62383e-04        00000 
 1.87064e-03 -5.82644e-04        00000 
 1.83578e-03 -6.05463e-04        00000 
 1.80098e-03 -6.30952e-04        00000 
 1.76582e-03 -6.59107e-04        00000 
 1.72942e-03 -6.89740e-04        00000 
 1.69020e-03 -7.22394e-04        00000 
 1.64537e-03 -7.56239e-04        00000 
 1.59010e-03 -7.89782e-04        00000 
 3.20772e-03  2.66297e-04        00000 
 3.29358e-03  2.15340e-04        00000 
 3.34780e-03  1.59682e-04        00000 
 3.38154e-03  1.03182e-04        00000 
 3.40179e-03  4.81675e-05        00000 
 3.41286e-03 -4.01470e-06        00000 
 3.41741e-03 -5.26650e-05        00000 
 3.41709e-03 -9.74914e-05        00000 
 3.41294e-03 -1.38458e-04        00000 
 3.40561e-03 -1.75681e-04        00000 
 3.39554e-03 -2.09369e-04        00000 
 3.38305e-03 -2.39774e-04        00000 
 3.36835e-03 -2.67166e-04        00000 
 3.35165e-03 -2.91818e-04        00000 
 3.33308e-03 -3.13991e-04        00000 
 3.31279e-03 -3.33933e-04        00000 
 3.29090e-03 -3.51874e-04        00000 
 3.26753e-03 -3.68021e-04        00000 
 3.24278e-03 -3.82567e-04        00000 
 3.21677e-03 -3.95682e-04        00000 
 3.18957e-03 -4.07522e-04        00000 
 3.16129e-03 -4.18226e-04        00000 
 3.13201e-03 -4.27919e-04        00000 
 3.10181e-03 -4.36716e-04        00000 
 3.07076e-03 -4.44719e-04        00000 
 3.03894e-03 -4.52023e-04        00000 
 3.00641e-03 -4.58715e-04        00000 
 2.97323e-03 -4.64875e-04        00000 
 2.93945e-03 -4.70580e-04        00000 
 2.90513e-03 -4.75901e-04        00000 
 2.87033e-03 -4.80910e-04        00000 
 2.83507e-03 -4.85672e-04        00000 
 2.79942e-03 -4.90257e-04        00000 
 2.76340e-03 -4.94732e-04        00000 
 2.72705e-03 -4.99167e-04        00000 
 2.69042e-03 -5.03631e-04        00000 
 2.65352e-03 -5.08199e-04        00000 
 2.61641e-03 -5.12951e-04        00000 
 2.57910e-03 -5.17968e-04        00000 
 2.54163e-03 -5.23341e-04        00000 
 2.50403e-03 -5.29167e-04        00000 
 2.46635e-03 -5.35550e-04        00000 
 2.42863e-03 -5.42606e-04        00000 
 2.39090e-03 -5.50460e-04        00000 
 2.35323e-03 -5.59248e-04        00000 
 2.31567e-03 -5.69119e-04        00000 
 2.27830e-03 -5.80234e-04        00000 
 2.24119e-03 -5.92761e-04        00000 
 2.20443e-03 -6.06879e-04        00000 
 2.16810e-03 -6.22766e-04        00000 
 2.13230e-03 -6.40596e-04        00000 
 2.09706e-03 -6.60522e-04        00000 
 2.06237e-03 -6.82660e-04        00000 
 2.02809e-03 -7.07065e-04        00000 
 1.99386e-03 -7.33692e-04        00000 
 1.95892e-03 -7.62355e-04        00000 
 1.92190e-03 -7.92664e-04        00000 
 1.88037e-03 -8.23939e-04        00000 
 1.83016e-03 -8.55166e-04        00000 
 3.43526e-03  2.32105e-04        00000 
 3.55178e-03  1.93501e-04        00000 
 3.62262e-03  1.45261e-04        00000 
 3.66418e-03  9.26843e-05        00000 
 3.68703e-03  3.92133e-05        00000 
 3.69775e-03 -1.31083e-05        00000 
 3.70035e-03 -6.30753e-05        00000 
 3.69731e-03 -1.10038e-04        00000 
 3.69014e-03 -1.53696e-04        00000 
 3.67974e-03 -1.93974e-04        00000 
 3.66670e-03 -2.30931e-04        00000 
 3.65138e-03 -2.64710e-04        00000 
 3.63403e-03 -2.95500e-04        00000 
 3.61481e-03 -3.23511e-04        00000 
 3.59386e-03 -3.48962e-04        00000 
 3.57130e-03 -3.72069e-04        00000 
 3.54722e-03 -3.93039e-04        00000 
 3.52172e-03 -4.12067e-04        00000 
 3.49489e-03 -4.29337e-04        00000 
 3.46681e-03 -4.45017e-04        00000 
 3.43757e-03 -4.59263e-04        00000 
 3.40725e-03 -4.72215e-04        00000 
 3.37592e-03 -4.84005e-04        00000 
 3.34366e-03 -4.94753e-04        00000 
 3.31055e-03 -5.04567e-04        00000 
 3.27665e-03 -5.13551e-04        00000 
 3.24204e-03 -5.21798e-04        00000 
 3.20676e-03 -5.29397e-04        00000 
 3.17089e-03 -5.36432e-04        00000 
 3.13448e-03 -5.42984e-04        00000 
 3.09759e-03 -5.49130e-04        00000 
 3.06026e-03 -5.54946e-04        00000 
 3.02255e-03 -5.60506e-04        00000 
 2.98450e-03 -5.65884e-04        00000 
 2.94616e-03 -5.71157e-04        00000 
 2.90757e-03 -5.76402e-04        00000 
 2.86878e-03 -5.81698e-04        00000 
 2.82983e-03 -5.87127e-04        00000 
 2.79075e-03 -5.92777e-04        00000 
 2.75161e-03 -5.98738e-04        00000 
 2.71243e-03 -6.05109e-04        00000 
 2.67328e-03 -6.11992e-04        00000 
 2.63420e-03 -6.19498e-04        00000 
 2.59526e-03 -6.27745e-04        00000 
 2.55652e-03 -6.36858e-04        00000 
 2.51806e-03 -6.46968e-04        00000 
 2.47996e-03 -6.58213e-04        00000 
 2.44232e-03 -6.70737e-04        00000 
 2.40523e-03 -6.84680e-04        00000 
 2.36881e-03 -7.00181e-04        00000 
 2.33314e-03 -7.17366e-04        00000 
 2.29830e-03 -7.36338e-04        00000 
 2.26430e-03 -7.57167e-04        00000 
 2.23106e-03 -7.79866e-04        00000 
 2.19829e-03 -8.04379e-04        00000 
 2.16539e-03 -8.30540e-04        00000 
 2.13119e-03 -8.58050e-04        00000 
 2.09367e-03 -8.86418e-04        00000 
 2.04941e-03 -9.14868e-04        00000 
 3.75475e-03  1.42534e-04        00000 
 3.85248e-03  1.06122e-04        00000 
 3.90787e-03  6.11234e-05        00000 
 3.93651e-03  1.20506e-05        00000 
 3.94831e-03 -3.80127e-05        00000 
 3.94937e-03 -8.72560e-05        00000 
 3.94342e-03 -1.34597e-04        00000 
 3.93270e-03 -1.79431e-04        00000 
 3.91857e-03 -2.21454e-04        00000 
 3.90183e-03 -2.60559e-04        00000 
 3.88299e-03 -2.96758e-04        00000 
 3.86233e-03 -3.30140e-04        00000 
 3.84004e-03 -3.60837e-04        00000 
 3.81623e-03 -3.89007e-04        00000 
 3.79101e-03 -4.14820e-04        00000 
 3.76444e-03 -4.38448e-04        00000 
 3.73660e-03 -4.60059e-04        00000 
 3.70754e-03 -4.79816e-04        00000 
 3.67733e-03 -4.97875e-04        00000 
 3.64603e-03 -5.14381e-04        00000 
 3.61372e-03 -5.29471e-04        00000 
 3.58044e-03 -5.43273e-04        00000 
 3.54628e-03 -5.55906e-04        00000 
 3.51130e-03 -5.67481e-04        00000 
 3.47556e-03 -5.78102e-04        00000 
 3.43912e-03 -5.87869e-04        00000 
 3.40205e-03 -5.96873e-04        00000 
 3.36440e-03 -6.05205e-04        00000 
 3.32624e-03 -6.12948e-04        00000 
 3.28762e-03 -6.20187e-04        00000 
 3.24860e-03 -6.27002e-04        00000 
 3.20924e-03 -6.33473e-04        00000 
 3.16958e-03 -6.39680e-04        00000 
 3.12968e-03 -6.45703e-04        00000 
 3.08958e-03 -6.51623e-04        00000 
 3.04935e-03 -6.57523e-04        00000 
 3.00903e-03 -6.63489e-04        00000 
 2.96867e-03 -6.69608e-04        00000 
 2.92833e-03 -6.75972e-04        00000 
 2.88807e-03 -6.82676e-04        00000 
 2.84793e-03 -6.89820e-04        00000 
 2.80800e-03 -6.97508e-04        00000 
 2.76835e-03 -7.05848e-04        00000 
 2.72904e-03 -7.14952e-04        00000 
 2.69017e-03 -7.24933e-04        00000 
 2.65183e-03 -7.35909e-04        00000 
 2.61413e-03 -7.47993e-04        00000 
 2.57718e-03 -7.61295e-04        00000 
 2.54110e-03 -7.75917e-04        00000 
 2.50599e-03 -7.91944e-04        00000 
 2.47195e-03 -8.09439e-04        00000 
 2.43903e-03 -8.28432e-04        00000 
 2.40719e-03 -8.48911e-04        00000 
 2.37623e-03 -8.70807e-04        00000 
 2.34570e-03 -8.93980e-04        00000 
 2.31467e-03 -9.18201e-04        00000 
 2.28150e-03 -9.43133e-04        00000 
 2.24334e-03 -9.68299e-04        00000 
 4.02915e-03  3.89420e-05        00000 
 4.10785e-03  5.30203e-06        00000 
 4.14773e-03 -3.60319e-05        00000 
 4.16351e-03 -8.11979e-05        00000 
 4.16436e-03 -1.27496e-04        00000 
 4.15589e-03 -1.73310e-04        00000 
 4.14148e-03 -2.17661e-04        00000 
 4.12317e-03 -2.59979e-04        00000 
 4.10216e-03 -2.99959e-04        00000 
 4.07915e-03 -3.37465e-04        00000 
 4.05455e-03 -3.72468e-04        00000 
 4.02859e-03 -4.05010e-04        00000 
 4.00140e-03 -4.35174e-04        00000 
 3.97306e-03 -4.63073e-04        00000 
 3.94362e-03 -4.88828e-04        00000 
 3.91312e-03 -5.12574e-04        00000 
 3.88160e-03 -5.34441e-04        00000 
 3.84909e-03 -5.54561e-04        00000 
 3.81564e-03 -5.73062e-04        00000 
 3.78129e-03 -5.90067e-04        00000 
 3.74608e-03 -6.05693e-04        00000 
 3.71008e-03 -6.20052e-04        00000 
 3.67332e-03 -6.33252e-04        00000 
 3.63588e-03 -6.45394e-04        00000 
 3.59780e-03 -6.56574e-04        00000 
 3.55914e-03 -6.66887e-04        00000 
 3.51996e-03 -6.76423e-04        00000 
 3.48032e-03 -6.85268e-04        00000 
 3.44027e-03 -6.93509e-04        00000 
 3.39987e-03 -7.01228e-04        00000 
 3.35918e-03 -7.08508e-04        00000 
 3.31825e-03 -7.15433e-04        00000 
 3.27715e-03 -7.22084e-04        00000 
 3.23592e-03 -7.28546e-04        00000 
 3.19463e-03 -7.34902e-04        00000 
 3.15333e-03 -7.41239e-04        00000 
 3.11209e-03 -7.47644e-04        00000 
 3.07096e-03 -7.54207e-04        00000 
 3.03002e-03 -7.61020e-04        00000 
 2.98933e-03 -7.68177e-04        00000 
 2.94896e-03 -7.75775e-04        00000 
 2.90899e-03 -7.83911e-04        00000 
 2.86952e-03 -7.92682e-04        00000 
 2.83064e-03 -8.02185e-04        00000 
 2.79245e-03 -8.12515e-04        00000 
 2.75507e-03 -8.23762e-04        00000 
 2.71861e-03 -8.36006e-04        00000 
 2.68321e-03 -8.49316e-04        00000 
 2.64899e-03 -8.63743e-04        00000 
 2.61605e-03 -8.79316e-04        00000 
 2.58447e-03 -8.96034e-04        00000 
 2.55427e-03 -9.13862e-04        00000 
 2.52533e-03 -9.32719e-04        00000 
 2.49733e-03 -9.52478e-04        00000 
 2.46958e-03 -9.72953e-04        00000 
 2.44081e-03 -9.93902e-04        00000 
 2.40872e-03 -1.01502e-03        00000 
 2.36933e-03 -1.03591e-03        00000 
 4.25674e-03 -7.72697e-05        00000 
 4.31640e-03 -1.07518e-04        00000 
 4.34105e-03 -1.44841e-04        00000 
 4.34430e-03 -1.85791e-04        00000 
 4.33454e-03 -2.28043e-04        00000 
 4.31684e-03 -2.70149e-04        00000 
 4.29426e-03 -3.11211e-04        00000 
 4.26861e-03 -3.50690e-04        00000 
 4.24093e-03 -3.88275e-04        00000 
 4.21183e-03 -4.23807e-04        00000 
 4.18164e-03 -4.57224e-04        00000 
 4.15052e-03 -4.88525e-04        00000 
 4.11857e-03 -5.17752e-04        00000 
 4.08583e-03 -5.44974e-04        00000 
 4.05231e-03 -5.70274e-04        00000 
 4.01802e-03 -5.93746e-04        00000 
 3.98298e-03 -6.15490e-04        00000 
 3.94719e-03 -6.35606e-04        00000 
 3.91068e-03 -6.54196e-04        00000 
 3.87348e-03 -6.71359e-04        00000 
 3.83561e-03 -6.87195e-04        00000 
 3.79711e-03 -7.01800e-04        00000 
 3.75803e-03 -7.15265e-04        00000 
 3.71841e-03 -7.27684e-04        00000 
 3.67830e-03 -7.39145e-04        00000 
 3.63776e-03 -7.49734e-04        00000 
 3.59682e-03 -7.59538e-04        00000 
 3.55556e-03 -7.68640e-04        00000 
 3.51402e-03 -7.77125e-04        00000 
 3.47227e-03 -7.85074e-04        00000 
 3.43035e-03 -7.92572e-04        00000 
 3.38833e-03 -7.99699e-04        00000 
 3.34628e-03 -8.06541e-04        00000 
 3.30424e-03 -8.13181e-04        00000 
 3.26230e-03 -8.19704e-04        00000 
 3.22050e-03 -8.26196e-04        00000 
 3.17892e-03 -8.32743e-04        00000 
 3.13763e-03 -8.39432e-04        00000 
 3.09671e-03 -8.46351e-04        00000 
 3.05623e-03 -8.53588e-04        00000 
 3.01630e-03 -8.61229e-04        00000 
 2.97699e-03 -8.69358e-04        00000 
 2.93841e-03 -8.78054e-04        00000 
 2.90068e-03 -8.87394e-04        00000 
 2.86390e-03 -8.97443e-04        00000 
 2.82822e-03 -9.08257e-04        00000 
 2.79375e-03 -9.19877e-04        00000 
 2.76064e-03 -9.32326e-04        00000 
 2.72901e-03 -9.45603e-04        00000 
 2.69896e-03 -9.59684e-04        00000 
 2.67055e-03 -9.74513e-04        00000 
 2.64375e-03 -9.90004e-04        00000 
 2.61835e-03 -1.00604e-03        00000 
 2.59388e-03 -1.02247e-03        00000 
 2.56941e-03 -1.03912e-03        00000 
 2.54325e-03 -1.05581e-03        00000 
 2.51234e-03 -1.07238e-03        00000 
 4.43609e-03 -2.04323e-04        00000 
 4.47711e-03 -2.30709e-04        00000 
 4.48711e-03 -2.63746e-04        00000 
 4.47844e-03 -3.00328e-04        00000 
 4.45860e-03 -3.38375e-04        00000 
 4.43214e-03 -3.76580e-04        00000 
 4.40179e-03 -4.14121e-04        00000 
 4.36914e-03 -4.50491e-04        00000 
 4.33511e-03 -4.85379e-04        00000 
 4.30019e-03 -5.18609e-04        00000 
 4.26466e-03 -5.50090e-04        00000 
 4.22863e-03 -5.79786e-04        00000 
 4.19215e-03 -6.07703e-04        00000 
 4.15522e-03 -6.33870e-04        00000 
 4.11783e-03 -6.58335e-04        00000 
 4.07996e-03 -6.81158e-04        00000 
 4.04160e-03 -7.02407e-04        00000 
 4.00276e-03 -7.22154e-04        00000 
 3.96342e-03 -7.40476e-04        00000 
 3.92360e-03 -7.57451e-04        00000 
 3.88332e-03 -7.73158e-04        00000 
 3.84261e-03 -7.87678e-04        00000 
 3.80148e-03 -8.01089e-04        00000 
 3.76000e-03 -8.13472e-04        00000 
 3.71818e-03 -8.24907e-04        00000 
 3.67609e-03 -8.35474e-04        00000 
 3.63376e-03 -8.45251e-04        00000 
 3.59126e-03 -8.54319e-04        00000 
 3.54863e-03 -8.62758e-04        00000 
 3.50593e-03 -8.70649e-04        00000 
 3.46323e-03 -8.78071e-04        00000 
 3.42058e-03 -8.85106e-04        00000 
 3.37805e-03 -8.91836e-04        00000 
 3.33571e-03 -8.98342e-04        00000 
 3.29362e-03 -9.04707e-04        00000 
 3.25185e-03 -9.11012e-04        00000 
 3.21049e-03 -9.17340e-04        00000 
 3.16961e-03 -9.23769e-04        00000 
 3.12930e-03 -9.30379e-04        00000 
 3.08965e-03 -9.37245e-04        00000 
 3.05075e-03 -9.44438e-04        00000 
 3.01273e-03 -9.52022e-04        00000 
 2.97568e-03 -9.60055e-04        00000 
 2.93973e-03 -9.68582e-04        00000 
 2.90502e-03 -9.77637e-04        00000 
 2.87167e-03 -9.87238e-04        00000 
 2.83984e-03 -9.97383e-04        00000 
 2.80966e-03 -1.00805e-03        00000 
 2.78125e-03 -1.01919e-03        00000 
 2.75472e-03 -1.03074e-03        00000 
 2.73010e-03 -1.04261e-03        00000 
 2.70731e-03 -1.05468e-03        00000 
 2.68607e-03 -1.06686e-03        00000 
 2.66576e-03 -1.07903e-03        00000 
 2.64521e-03 -1.09116e-03        00000 
 2.62235e-03 -1.10325e-03        00000 
 4.56592e-03 -3.40008e-04        00000 
 4.58949e-03 -3.62573e-04        00000 
 4.58584e-03 -3.91367e-04        00000 
 4.56600e-03 -4.23540e-04        00000 
 4.53670e-03 -4.57276e-04        00000 
 4.50202e-03 -4.91424e-04        00000 
 4.46438e-03 -5.25246e-04        00000 
 4.42517e-03 -5.58270e-04        00000 
 4.38517e-03 -5.90194e-04        00000 
 4.34481e-03 -6.20829e-04        00000 
 4.30427e-03 -6.50057e-04        00000 
 4.26362e-03 -6.77816e-04        00000 
 4.22289e-03 -7.04076e-04        00000 
 4.18205e-03 -7.28834e-04        00000 
 4.14105e-03 -7.52105e-04        00000 
 4.09986e-03 -7.73917e-04        00000 
 4.05846e-03 -7.94309e-04        00000 
 4.01681e-03 -8.13328e-04        00000 
 3.97491e-03 -8.31026e-04        00000 
 3.93276e-03 -8.47461e-04        00000 
 3.89035e-03 -8.62693e-04        00000 
 3.84771e-03 -8.76786e-04        00000 
 3.80485e-03 -8.89806e-04        00000 
 3.76181e-03 -9.01822e-04        00000 
 3.71862e-03 -9.12904e-04        00000 
 3.67533e-03 -9.23123e-04        00000 
 3.63198e-03 -9.32551e-04        00000 
 3.58861e-03 -9.41263e-04        00000 
 3.54529e-03 -9.49334e-04        00000 
 3.50207e-03 -9.56839e-04        00000 
 3.45900e-03 -9.63856e-04        00000 
 3.41617e-03 -9.70461e-04        00000 
 3.37362e-03 -9.76731e-04        00000 
 3.33144e-03 -9.82744e-04        00000 
 3.28969e-03 -9.88575e-04        00000 
 3.24846e-03 -9.94300e-04        00000 
 3.20782e-03 -9.99989e-04        00000 
 3.16788e-03 -1.00571e-03        00000 
 3.12871e-03 -1.01154e-03        00000 
 3.09042e-03 -1.01752e-03        00000 
 3.05313e-03 -1.02370e-03        00000 
 3.01694e-03 -1.03014e-03        00000 
 2.98198e-03 -1.03685e-03        00000 
 2.94837e-03 -1.04386e-03        00000 
 2.91627e-03 -1.05115e-03        00000 
 2.88582e-03 -1.05871e-03        00000 
 2.85717e-03 -1.06650e-03        00000 
 2.83046e-03 -1.07445e-03        00000 
 2.80582e-03 -1.08249e-03        00000 
 2.78337e-03 -1.09051e-03        00000 
 2.76311e-03 -1.09843e-03        00000 
 2.74497e-03 -1.10615e-03        00000 
 2.72860e-03 -1.11365e-03        00000 
 2.71326e-03 -1.12096e-03        00000 
 2.69759e-03 -1.12829e-03        00000 
 4.59981e-03 -4.74292e-04        00000 
 4.64677e-03 -4.83499e-04        00000 
 4.65416e-03 -5.02272e-04        00000 
 4.63772e-03 -5.26686e-04        00000 
 4.60744e-03 -5.54311e-04        00000 
 4.56934e-03 -5.83586e-04        00000 
 4.52703e-03 -6.13509e-04        00000 
 4.48263e-03 -6.43420e-04        00000 
 4.43735e-03 -6.72884e-04        00000 
 4.39184e-03 -7.01603e-04        00000 
 4.34644e-03 -7.29376e-04        00000 
 4.30127e-03 -7.56066e-04        00000 
 4.25638e-03 -7.81582e-04        00000 
 4.21175e-03 -8.05865e-04        00000 
 4.16731e-03 -8.28881e-04        00000 
 4.12302e-03 -8.50616e-04        00000 
 4.07882e-03 -8.71070e-04        00000 
 4.03467e-03 -8.90254e-04        00000 
 3.99052e-03 -9.08190e-04        00000 
 3.94636e-03 -9.24911e-04        00000 
 3.90217e-03 -9.40452e-04        00000 
 3.85794e-03 -9.54856e-04        00000 
 3.81368e-03 -9.68173e-04        00000 
 3.76941e-03 -9.80454e-04        00000 
 3.72515e-03 -9.91756e-04        00000 
 3.68093e-03 -1.00214e-03        00000 
 3.63679e-03 -1.01166e-03        00000 
 3.59277e-03 -1.02040e-03        00000 
 3.54891e-03 -1.02841e-03        00000 
 3.50528e-03 -1.03576e-03        00000 
 3.46193e-03 -1.04252e-03        00000 
 3.41891e-03 -1.04877e-03        00000 
 3.37631e-03 -1.05457e-03        00000 
 3.33418e-03 -1.05999e-03        00000 
 3.29260e-03 -1.06511e-03        00000 
 3.25165e-03 -1.06999e-03        00000 
 3.21141e-03 -1.07469e-03        00000 
 3.17197e-03 -1.07927e-03        00000 
 3.13343e-03 -1.08379e-03        00000 
 3.09589e-03 -1.08830e-03        00000 
 3.05945e-03 -1.09283e-03        00000 
 3.02423e-03 -1.09740e-03        00000 
 2.99036e-03 -1.10204e-03        00000 
 2.95796e-03 -1.10674e-03        00000 
 2.92717e-03 -1.11147e-03        00000 
 2.89815e-03 -1.11621e-03        00000 
 2.87105e-03 -1.12090e-03        00000 
 2.84604e-03 -1.12545e-03        00000 
 2.82328e-03 -1.12978e-03        00000 
 2.80292e-03 -1.13378e-03        00000 
 2.78508e-03 -1.13737e-03        00000 
 2.76982e-03 -1.14048e-03        00000 
 2.75706e-03 -1.14310e-03        00000 
 2.74649e-03 -1.14535e-03        00000 
 2.73731e-03 -1.14754e-03        00000 
 4.65301e-03 -6.27992e-04        00000 
 4.67970e-03 -6.34150e-04        00000 
 4.67180e-03 -6.48768e-04        00000 
 4.64341e-03 -6.68545e-04        00000 
 4.60345e-03 -6.91431e-04        00000 
 4.55725e-03 -7.16079e-04        00000 
 4.50795e-03 -7.41613e-04        00000 
 4.45739e-03 -7.67440e-04        00000 
 4.40658e-03 -7.93150e-04        00000 
 4.35606e-03 -8.18448e-04        00000 
 4.30608e-03 -8.43122e-04        00000 
 4.25672e-03 -8.67014e-04        00000 
 4.20799e-03 -8.90007e-04        00000 
 4.15983e-03 -9.12016e-04        00000 
 4.11217e-03 -9.32978e-04        00000 
 4.06494e-03 -9.52853e-04        00000 
 4.01807e-03 -9.71614e-04        00000 
 3.97150e-03 -9.89249e-04        00000 
 3.92518e-03 -1.00576e-03        00000 
 3.87908e-03 -1.02115e-03        00000 
 3.83317e-03 -1.03545e-03        00000 
 3.78744e-03 -1.04867e-03        00000 
 3.74190e-03 -1.06085e-03        00000 
 3.69655e-03 -1.07204e-03        00000 
 3.65140e-03 -1.08227e-03        00000 
 3.60649e-03 -1.09159e-03        00000 
 3.56185e-03 -1.10006e-03        00000 
 3.51752e-03 -1.10773e-03        00000 
 3.47354e-03 -1.11467e-03        00000 
 3.42998e-03 -1.12092e-03        00000 
 3.38687e-03 -1.12656e-03        00000 
 3.34430e-03 -1.13164e-03        00000 
 3.30232e-03 -1.13623e-03        00000 
 3.26100e-03 -1.14039e-03        00000 
 3.22043e-03 -1.14418e-03        00000 
 3.18069e-03 -1.14765e-03        00000 
 3.14186e-03 -1.15085e-03        00000 
 3.10404e-03 -1.15382e-03        00000 
 3.06733e-03 -1.15661e-03        00000 
 3.03182e-03 -1.15923e-03        00000 
 2.99764e-03 -1.16171e-03        00000 
 2.96491e-03 -1.16403e-03        00000 
 2.93375e-03 -1.16619e-03        00000 
 2.90430e-03 -1.16815e-03        00000 
 2.87672e-03 -1.16986e-03        00000 
 2.85117e-03 -1.17125e-03        00000 
 2.82782e-03 -1.17223e-03        00000 
 2.80686e-03 -1.17270e-03        00000 
 2.78848e-03 -1.17256e-03        00000 
 2.77289e-03 -1.17171e-03        00000 
 2.76027e-03 -1.17009e-03        00000 
 2.75077e-03 -1.16773e-03        00000 
 2.74444e-03 -1.16477e-03        00000 
 2.74109e-03 -1.16161e-03        00000 
 2.73996e-03 -1.15896e-03        00000 
 4.65776e-03 -7.87725e-04        00000 
 4.66531e-03 -7.90387e-04        00000 
 4.64315e-03 -8.00604e-04        00000 
 4.60375e-03 -8.15552e-04        00000 
 4.55497e-03 -8.33550e-04        00000 
 4.50143e-03 -8.53443e-04        00000 
 4.44583e-03 -8.74461e-04        00000 
 4.38974e-03 -8.96064e-04        00000 
 4.33398e-03 -9.17859e-04        00000 
 4.27899e-03 -9.39551e-04        00000 
 4.22493e-03 -9.60915e-04        00000 
 4.17185e-03 -9.81773e-04        00000 
 4.11972e-03 -1.00199e-03        00000 
 4.06845e-03 -1.02144e-03        00000 
 4.01797e-03 -1.04006e-03        00000 
 3.96818e-03 -1.05777e-03        00000 
 3.91900e-03 -1.07452e-03        00000 
 3.87037e-03 -1.09027e-03        00000 
 3.82223e-03 -1.10502e-03        00000 
 3.77453e-03 -1.11874e-03        00000 
 3.72725e-03 -1.13144e-03        00000 
 3.68036e-03 -1.14313e-03        00000 
 3.63387e-03 -1.15382e-03        00000 
 3.58777e-03 -1.16355e-03        00000 
 3.54207e-03 -1.17234e-03        00000 
 3.49682e-03 -1.18023e-03        00000 
 3.45202e-03 -1.18727e-03        00000 
 3.40773e-03 -1.19350e-03        00000 
 3.36398e-03 -1.19897e-03        00000 
 3.32083e-03 -1.20374e-03        00000 
 3.27833e-03 -1.20784e-03        00000 
 3.23655e-03 -1.21135e-03        00000 
 3.19556e-03 -1.21430e-03        00000 
 3.15543e-03 -1.21675e-03        00000 
 3.11624e-03 -1.21874e-03        00000 
 3.07807e-03 -1.22032e-03        00000 
 3.04102e-03 -1.22151e-03        00000 
 3.00517e-03 -1.22235e-03        00000 
 2.97064e-03 -1.22284e-03        00000 
 2.93752e-03 -1.22299e-03        00000 
 2.90595e-03 -1.22279e-03        00000 
 2.87603e-03 -1.22222e-03        00000 
 2.84791e-03 -1.22121e-03        00000 
 2.82174e-03 -1.21972e-03        00000 
 2.79769e-03 -1.21766e-03        00000 
 2.77592e-03 -1.21493e-03        00000 
 2.75666e-03 -1.21143e-03        00000 
 2.74012e-03 -1.20704e-03        00000 
 2.72659e-03 -1.20167e-03        00000 
 2.71635e-03 -1.19527e-03        00000 
 2.70973e-03 -1.18788e-03        00000 
 2.70711e-03 -1.17968e-03        00000 
 2.70884e-03 -1.17112e-03        00000 
 2.71514e-03 -1.16309e-03        00000 
 4.61476e-03 -9.51721e-04        00000 
 4.60450e-03 -9.50550e-04        00000 
 4.56924e-03 -9.56198e-04        00000 
 4.51989e-03 -9.66224e-04        00000 
 4.46320e-03 -9.79263e-04        00000 
 4.40313e-03 -9.94338e-04        00000 
 4.34198e-03 -1.01076e-03        00000 
 4.28101e-03 -1.02804e-03        00000 
 4.22092e-03 -1.04579e-03        00000 
 4.16201e-03 -1.06372e-03        00000 
 4.10441e-03 -1.08159e-03        00000 
 4.04811e-03 -1.09920e-03        00000 
 3.99304e-03 -1.11640e-03        00000 
 3.93911e-03 -1.13305e-03        00000 
 3.88622e-03 -1.14905e-03        00000 
 3.83427e-03 -1.16430e-03        00000 
 3.78318e-03 -1.17873e-03        00000 
 3.73286e-03 -1.19229e-03        00000 
 3.68325e-03 -1.20494e-03        00000 
 3.63431e-03 -1.21665e-03        00000 
 3.58600e-03 -1.22741e-03        00000 
 3.53830e-03 -1.23721e-03        00000 
 3.49119e-03 -1.24605e-03        00000 
 3.44468e-03 -1.25396e-03        00000 
 3.39878e-03 -1.26094e-03        00000 
 3.35351e-03 -1.26703e-03        00000 
 3.30889e-03 -1.27226e-03        00000 
 3.26496e-03 -1.27665e-03        00000 
 3.22178e-03 -1.28026e-03        00000 
 3.17938e-03 -1.28313e-03        00000 
 3.13782e-03 -1.28528e-03        00000 
 3.09717e-03 -1.28678e-03        00000 
 3.05750e-03 -1.28765e-03        00000 
 3.01888e-03 -1.28792e-03        00000 
 2.98139e-03 -1.28764e-03        00000 
 2.94511e-03 -1.28683e-03        00000 
 2.91014e-03 -1.28550e-03        00000 
 2.87657e-03 -1.28365e-03        00000 
 2.84451e-03 -1.28128e-03        00000 
 2.81407e-03 -1.27837e-03        00000 
 2.78536e-03 -1.27488e-03        00000 
 2.75853e-03 -1.27075e-03        00000 
 2.73370e-03 -1.26591e-03        00000 
 2.71106e-03 -1.26027e-03        00000 
 2.69078e-03 -1.25373e-03        00000 
 2.67309e-03 -1.24617e-03        00000 
 2.65823e-03 -1.23747e-03        00000 
 2.64654e-03 -1.22754e-03        00000 
 2.63839e-03 -1.21634e-03        00000 
 2.63428e-03 -1.20391e-03        00000 
 2.63483e-03 -1.19046e-03        00000 
 2.64080e-03 -1.17647e-03        00000 
 2.65324e-03 -1.16286e-03        00000 
 4.52504e-03 -1.11819e-03        00000 
 4.49852e-03 -1.11307e-03        00000 
 4.45145e-03 -1.11401e-03        00000 
 4.39328e-03 -1.11913e-03        00000 
 4.32965e-03 -1.12723e-03        00000 
 4.26391e-03 -1.13747e-03        00000 
 4.19794e-03 -1.14926e-03        00000 
 4.13278e-03 -1.16214e-03        00000 
 4.06898e-03 -1.17574e-03        00000 
 4.00674e-03 -1.18977e-03        00000 
 3.94614e-03 -1.20398e-03        00000 
 3.88712e-03 -1.21816e-03        00000 
 3.82959e-03 -1.23213e-03        00000 
 3.77346e-03 -1.24573e-03        00000 
 3.71860e-03 -1.25885e-03        00000 
 3.66491e-03 -1.27136e-03        00000 
 3.61230e-03 -1.28319e-03        00000 
 3.56068e-03 -1.29425e-03        00000 
 3.50999e-03 -1.30449e-03        00000 
 3.46017e-03 -1.31386e-03        00000 
 3.41118e-03 -1.32234e-03        00000 
 3.36301e-03 -1.32991e-03        00000 
 3.31562e-03 -1.33655e-03        00000 
 3.26904e-03 -1.34227e-03        00000 
 3.22325e-03 -1.34707e-03        00000 
 3.17828e-03 -1.35098e-03        00000 
 3.13416e-03 -1.35400e-03        00000 
 3.09091e-03 -1.35617e-03        00000 
 3.04860e-03 -1.35752e-03        00000 
 3.00725e-03 -1.35807e-03        00000 
 2.96694e-03 -1.35785e-03        00000 
 2.92771e-03 -1.35689e-03        00000 
 2.88965e-03 -1.35522e-03        00000 
 2.85282e-03 -1.35286e-03        00000 
 2.81730e-03 -1.34982e-03        00000 
 2.78318e-03 -1.34612e-03        00000 
 2.75054e-03 -1.34173e-03        00000 
 2.71949e-03 -1.33666e-03        00000 
 2.69013e-03 -1.33086e-03        00000 
 2.66258e-03 -1.32430e-03        00000 
 2.63695e-03 -1.31691e-03        00000 
 2.61339e-03 -1.30860e-03        00000 
 2.59205e-03 -1.29929e-03        00000 
 2.57313e-03 -1.28885e-03        00000 
 2.55685e-03 -1.27717e-03        00000 
 2.54349e-03 -1.26414e-03        00000 
 2.53341e-03 -1.24965e-03        00000 
 2.52706e-03 -1.23365e-03        00000 
 2.52507e-03 -1.21620e-03        00000 
 2.52827e-03 -1.19752e-03        00000 
 2.53776e-03 -1.17811e-03        00000 
 2.55501e-03 -1.15896e-03        00000 
 4.38992e-03 -1.28553e-03        00000 
 4.34901e-03 -1.27651e-03        00000 
 4.29160e-03 -1.27282e-03        00000 
 4.22573e-03 -1.27305e-03        00000 
 4.15612e-03 -1.27621e-03        00000 
 4.08553e-03 -1.28162e-03        00000 
 4.01549e-03 -1.28874e-03        00000 
 3.94684e-03 -1.29715e-03        00000 
 3.87995e-03 -1.30652e-03        00000 
 3.81498e-03 -1.31653e-03        00000 
 3.75192e-03 -1.32693e-03        00000 
 3.69071e-03 -1.33750e-03        00000 
 3.63122e-03 -1.34804e-03        00000 
 3.57335e-03 -1.35838e-03        00000 
 3.51697e-03 -1.36838e-03        00000 
 3.46196e-03 -1.37790e-03        00000 
 3.40824e-03 -1.38685e-03        00000 
 3.35571e-03 -1.39511e-03        00000 
 3.30430e-03 -1.40264e-03        00000 
 3.25396e-03 -1.40936e-03        00000 
 3.20465e-03 -1.41523e-03        00000 
 3.15634e-03 -1.42022e-03        00000 
 3.10902e-03 -1.42431e-03        00000 
 3.06267e-03 -1.42749e-03        00000 
 3.01731e-03 -1.42975e-03        00000 
 2.97295e-03 -1.43109e-03        00000 
 2.92962e-03 -1.43153e-03        00000 
 2.88735e-03 -1.43108e-03        00000 
 2.84619e-03 -1.42975e-03        00000 
 2.80617e-03 -1.42757e-03        00000 
 2.76736e-03 -1.42455e-03        00000 
 2.72982e-03 -1.42071e-03        00000 
 2.69361e-03 -1.41605e-03        00000 
 2.65880e-03 -1.41059e-03        00000 
 2.62548e-03 -1.40431e-03        00000 
 2.59372e-03 -1.39721e-03        00000 
 2.56362e-03 -1.38927e-03        00000 
 2.53526e-03 -1.38044e-03        00000 
 2.50877e-03 -1.37067e-03        00000 
 2.48425e-03 -1.35989e-03        00000 
 2.46184e-03 -1.34802e-03        00000 
 2.44169e-03 -1.33495e-03        00000 
 2.42398e-03 -1.32057e-03        00000 
 2.40895e-03 -1.30474e-03        00000 
 2.39688e-03 -1.28736e-03        00000 
 2.38816e-03 -1.26832e-03        00000 
 2.38331e-03 -1.24757e-03        00000 
 2.38306e-03 -1.22516e-03        00000 
 2.38839e-03 -1.20132e-03        00000 
 2.40074e-03 -1.17656e-03        00000 
 2.42202e-03 -1.15187e-03        00000 
 2.45477e-03 -1.12891e-03        00000 
 4.24163e-03 -1.47247e-03        00000 
 4.21176e-03 -1.45292e-03        00000 
 4.15816e-03 -1.43984e-03        00000 
 4.09174e-03 -1.43146e-03        00000 
 4.01925e-03 -1.42677e-03        00000 
 3.94459e-03 -1.42499e-03        00000 
 3.86997e-03 -1.42554e-03        00000 
 3.79662e-03 -1.42797e-03        00000 
 3.72515e-03 -1.43188e-03        00000 
 3.65583e-03 -1.43693e-03        00000 
 3.58871e-03 -1.44282e-03        00000 
 3.52376e-03 -1.44929e-03        00000 
 3.46088e-03 -1.45610e-03        00000 
 3.39993e-03 -1.46304e-03        00000 
 3.34079e-03 -1.46992e-03        00000 
 3.28333e-03 -1.47658e-03        00000 
 3.22743e-03 -1.48287e-03        00000 
 3.17300e-03 -1.48866e-03        00000 
 3.11995e-03 -1.49387e-03        00000 
 3.06820e-03 -1.49839e-03        00000 
 3.01770e-03 -1.50215e-03        00000 
 2.96841e-03 -1.50510e-03        00000 
 2.92029e-03 -1.50719e-03        00000 
 2.87334e-03 -1.50838e-03        00000 
 2.82754e-03 -1.50867e-03        00000 
 2.78290e-03 -1.50802e-03        00000 
 2.73944e-03 -1.50644e-03        00000 
 2.69717e-03 -1.50391e-03        00000 
 2.65614e-03 -1.50046e-03        00000 
 2.61638e-03 -1.49606e-03        00000 
 2.57793e-03 -1.49075e-03        00000 
 2.54085e-03 -1.48451e-03        00000 
 2.50521e-03 -1.47735e-03        00000 
 2.47105e-03 -1.46926e-03        00000 
 2.43845e-03 -1.46024e-03        00000 
 2.40749e-03 -1.45026e-03        00000 
 2.37825e-03 -1.43929e-03        00000 
 2.35081e-03 -1.42729e-03        00000 
 2.32527e-03 -1.41420e-03        00000 
 2.30175e-03 -1.39994e-03        00000 
 2.28036e-03 -1.38442e-03        00000 
 2.26124e-03 -1.36754e-03        00000 
 2.24459e-03 -1.34918e-03        00000 
 2.23062e-03 -1.32920e-03        00000 
 2.21963e-03 -1.30749e-03        00000 
 2.21203e-03 -1.28394e-03        00000 
 2.20838e-03 -1.25850e-03        00000 
 2.20947e-03 -1.23121e-03        00000 
 2.21643e-03 -1.20230e-03        00000 
 2.23091e-03 -1.17226e-03        00000 
 2.25532e-03 -1.14206e-03        00000 
 2.29300e-03 -1.11346e-03        00000 
 4.03932e-03 -1.64186e-03        00000 
 3.99291e-03 -1.61903e-03        00000 
 3.92815e-03 -1.60173e-03        00000 
 3.85400e-03 -1.58860e-03        00000 
 3.77599e-03 -1.57900e-03        00000 
 3.69722e-03 -1.57229e-03        00000 
 3.61942e-03 -1.56801e-03        00000 
 3.54351e-03 -1.56574e-03        00000 
 3.46991e-03 -1.56512e-03        00000 
 3.39878e-03 -1.56581e-03        00000 
 3.33012e-03 -1.56751e-03        00000 
 3.26383e-03 -1.56995e-03        00000 
 3.19980e-03 -1.57287e-03        00000 
 3.13788e-03 -1.57605e-03        00000 
 3.07794e-03 -1.57929e-03        00000 
 3.01985e-03 -1.58240e-03        00000 
 2.96348e-03 -1.58523e-03        00000 
 2.90874e-03 -1.58764e-03        00000 
 2.85555e-03 -1.58952e-03        00000 
 2.80382e-03 -1.59076e-03        00000 
 2.75351e-03 -1.59127e-03        00000 
 2.70456e-03 -1.59099e-03        00000 
 2.65696e-03 -1.58987e-03        00000 
 2.61067e-03 -1.58785e-03        00000 
 2.56571e-03 -1.58491e-03        00000 
 2.52206e-03 -1.58101e-03        00000 
 2.47975e-03 -1.57614e-03        00000 
 2.43880e-03 -1.57029e-03        00000 
 2.39923e-03 -1.56345e-03        00000 
 2.36109e-03 -1.55561e-03        00000 
 2.32441e-03 -1.54677e-03        00000 
 2.28926e-03 -1.53691e-03        00000 
 2.25567e-03 -1.52602e-03        00000 
 2.22372e-03 -1.51408e-03        00000 
 2.19346e-03 -1.50107e-03        00000 
 2.16498e-03 -1.48694e-03        00000 
 2.13835e-03 -1.47166e-03        00000 
 2.11365e-03 -1.45514e-03        00000 
 2.09099e-03 -1.43733e-03        00000 
 2.07048e-03 -1.41811e-03        00000 
 2.05225e-03 -1.39738e-03        00000 
 2.03648e-03 -1.37503e-03        00000 
 2.02338e-03 -1.35091e-03        00000 
 2.01326e-03 -1.32491e-03        00000 
 2.00652e-03 -1.29691e-03        00000 
 2.00375e-03 -1.26686e-03        00000 
 2.00580e-03 -1.23480e-03        00000 
 2.01388e-03 -1.20092e-03        00000 
 2.02982e-03 -1.16572e-03        00000 
 2.05627e-03 -1.13012e-03        00000 
 2.09737e-03 -1.09577e-03        00000 
 3.79664e-03 -1.80860e-03        00000 
 3.73561e-03 -1.78224e-03        00000 
 3.66132e-03 -1.76070e-03        00000 
 3.58076e-03 -1.74287e-03        00000 
 3.49833e-03 -1.72841e-03        00000 
 3.41640e-03 -1.71685e-03        00000 
 3.33625e-03 -1.70779e-03        00000 
 3.25852e-03 -1.70087e-03        00000 
 3.18348e-03 -1.69572e-03        00000 
 3.11117e-03 -1.69204e-03        00000 
 3.04154e-03 -1.68950e-03        00000 
 2.97447e-03 -1.68782e-03        00000 
 2.90980e-03 -1.68674e-03        00000 
 2.84740e-03 -1.68602e-03        00000 
 2.78712e-03 -1.68546e-03        00000 
 2.72883e-03 -1.68484e-03        00000 
 2.67240e-03 -1.68401e-03        00000 
 2.61775e-03 -1.68281e-03        00000 
 2.56478e-03 -1.68112e-03        00000 
 2.51342e-03 -1.67882e-03        00000 
 2.46362e-03 -1.67582e-03        00000 
 2.41534e-03 -1.67203e-03        00000 
 2.36854e-03 -1.66739e-03        00000 
 2.32321e-03 -1.66185e-03        00000 
 2.27934e-03 -1.65536e-03        00000 
 2.23693e-03 -1.64789e-03        00000 
 2.19601e-03 -1.63940e-03        00000 
 2.15657e-03 -1.62988e-03        00000 
 2.11867e-03 -1.61930e-03        00000 
 2.08232e-03 -1.60765e-03        00000 
 2.04758e-03 -1.59491e-03        00000 
 2.01448e-03 -1.58105e-03        00000 
 1.98308e-03 -1.56605e-03        00000 
 1.95343e-03 -1.54987e-03        00000 
 1.92560e-03 -1.53247e-03        00000 
 1.89965e-03 -1.51380e-03        00000 
 1.87567e-03 -1.49378e-03        00000 
 1.85374e-03 -1.47235e-03        00000 
 1.83395e-03 -1.44939e-03        00000 
 1.81645e-03 -1.42480e-03        00000 
 1.80138e-03 -1.39846e-03        00000 
 1.78897e-03 -1.37024e-03        00000 
 1.77949e-03 -1.34001e-03        00000 
 1.77336e-03 -1.30766e-03        00000 
 1.77119e-03 -1.27312e-03        00000 
 1.77383e-03 -1.23643e-03        00000 
 1.78258e-03 -1.19777e-03        00000 
 1.79937e-03 -1.15760e-03        00000 
 1.82704e-03 -1.11682e-03        00000 
 1.86984e-03 -1.07707e-03        00000 
 3.51596e-03 -1.97104e-03        00000 
 3.44243e-03 -1.94106e-03        00000 
 3.36023e-03 -1.91533e-03        00000 
 3.27461e-03 -1.89294e-03        00000 
 3.18886e-03 -1.87376e-03        00000 
 3.10469e-03 -1.85747e-03        00000 
 3.02301e-03 -1.84374e-03        00000 
 2.94420e-03 -1.83223e-03        00000 
 2.86838e-03 -1.82260e-03        00000 
 2.79551e-03 -1.81454e-03        00000 
 2.72549e-03 -1.80772e-03        00000 
 2.65816e-03 -1.80187e-03        00000 
 2.59337e-03 -1.79670e-03        00000 
 2.53095e-03 -1.79197e-03        00000 
 2.47078e-03 -1.78746e-03        00000 
 2.41270e-03 -1.78295e-03        00000 
 2.35661e-03 -1.77827e-03        00000 
 2.30242e-03 -1.77327e-03        00000 
 2.25002e-03 -1.76779e-03        00000 
 2.19937e-03 -1.76171e-03        00000 
 2.15039e-03 -1.75494e-03        00000 
 2.10306e-03 -1.74738e-03        00000 
 2.05734e-03 -1.73895e-03        00000 
 2.01321e-03 -1.72960e-03        00000 
 1.97068e-03 -1.71927e-03        00000 
 1.92973e-03 -1.70792e-03        00000 
 1.89038e-03 -1.69550e-03        00000 
 1.85265e-03 -1.68198e-03        00000 
 1.81656e-03 -1.66735e-03        00000 
 1.78215e-03 -1.65155e-03        00000 
 1.74946e-03 -1.63457e-03        00000 
 1.71851e-03 -1.61637e-03        00000 
 1.68937e-03 -1.59690e-03        00000 
 1.66208e-03 -1.57613e-03        00000 
 1.63670e-03 -1.55399e-03        00000 
 1.61329e-03 -1.53041e-03        00000 
 1.59195e-03 -1.50531e-03        00000 
 1.57274e-03 -1.47860e-03        00000 
 1.55580e-03 -1.45015e-03        00000 
 1.54126e-03 -1.41986e-03        00000 
 1.52932e-03 -1.38758e-03        00000 
 1.52027e-03 -1.35320e-03        00000 
 1.51452e-03 -1.31660e-03        00000 
 1.51265e-03 -1.27772e-03        00000 
 1.51556e-03 -1.23658e-03        00000 
 1.52456e-03 -1.19335e-03        00000 
 1.54167e-03 -1.14846e-03        00000 
 1.56989e-03 -1.10278e-03        00000 
 1.61372e-03 -1.05783e-03        00000 
 1.67967e-03 -1.01627e-03        00000 
 3.20004e-03 -2.12761e-03        00000 
 3.11631e-03 -2.09428e-03        00000 
 3.02781e-03 -2.06444e-03        00000 
 2.93842e-03 -2.03771e-03        00000 
 2.85040e-03 -2.01399e-03        00000 
 2.76490e-03 -1.99311e-03        00000 
 2.68246e-03 -1.97481e-03        00000 
 2.60327e-03 -1.95879e-03        00000 
 2.52731e-03 -1.94473e-03        00000 
 2.45447e-03 -1.93230e-03        00000 
 2.38460e-03 -1.92120e-03        00000 
 2.31754e-03 -1.91112e-03        00000 
 2.25310e-03 -1.90179e-03        00000 
 2.19113e-03 -1.89296e-03        00000 
 2.13148e-03 -1.88437e-03        00000 
 2.07403e-03 -1.87583e-03        00000 
 2.01865e-03 -1.86715e-03        00000 
 1.96526e-03 -1.85814e-03        00000 
 1.91378e-03 -1.84868e-03        00000 
 1.86413e-03 -1.83862e-03        00000 
 1.81627e-03 -1.82785e-03        00000 
 1.77016e-03 -1.81627e-03        00000 
 1.72576e-03 -1.80381e-03        00000 
 1.68306e-03 -1.79039e-03        00000 
 1.64206e-03 -1.77595e-03        00000 
 1.60275e-03 -1.76044e-03        00000 
 1.56514e-03 -1.74381e-03        00000 
 1.52926e-03 -1.72601e-03        00000 
 1.49511e-03 -1.70702e-03        00000 
 1.46273e-03 -1.68678e-03        00000 
 1.43215e-03 -1.66526e-03        00000 
 1.40341e-03 -1.64241e-03        00000 
 1.37655e-03 -1.61819e-03        00000 
 1.35161e-03 -1.59251e-03        00000 
 1.32866e-03 -1.56533e-03        00000 
 1.30776e-03 -1.53654e-03        00000 
 1.28898e-03 -1.50606e-03        00000 
 1.27243e-03 -1.47378e-03        00000 
 1.25824e-03 -1.43957e-03        00000 
 1.24660e-03 -1.40332e-03        00000 
 1.23777e-03 -1.36488e-03        00000 
 1.23214e-03 -1.32416e-03        00000 
 1.23031e-03 -1.28109e-03        00000 
 1.23316e-03 -1.23568e-03        00000 
 1.24202e-03 -1.18808e-03        00000 
 1.25892e-03 -1.13870e-03        00000 
 1.28697e-03 -1.08833e-03        00000 
 1.33092e-03 -1.03843e-03        00000 
 1.39783e-03 -9.91510e-04        00000 
 2.85235e-03 -2.27771e-03        00000 
 2.76059e-03 -2.24130e-03        00000 
 2.66728e-03 -2.20736e-03        00000 
 2.57526e-03 -2.17628e-03        00000 
 2.48593e-03 -2.14812e-03        00000 
 2.39993e-03 -2.12277e-03        00000 
 2.31748e-03 -2.10001e-03        00000 
 2.23857e-03 -2.07957e-03        00000 
 2.16309e-03 -2.06113e-03        00000 
 2.09085e-03 -2.04437e-03        00000 
 2.02166e-03 -2.02898e-03        00000 
 1.95535e-03 -2.01466e-03        00000 
 1.89172e-03 -2.00112e-03        00000 
 1.83063e-03 -1.98810e-03        00000 
 1.77191e-03 -1.97535e-03        00000 
 1.71546e-03 -1.96265e-03        00000 
 1.66115e-03 -1.94982e-03        00000 
 1.60890e-03 -1.93666e-03        00000 
 1.55863e-03 -1.92304e-03        00000 
 1.51027e-03 -1.90880e-03        00000 
 1.46379e-03 -1.89384e-03        00000 
 1.41913e-03 -1.87804e-03        00000 
 1.37627e-03 -1.86132e-03        00000 
 1.33519e-03 -1.84360e-03        00000 
 1.29590e-03 -1.82482e-03        00000 
 1.25837e-03 -1.80490e-03        00000 
 1.22263e-03 -1.78381e-03        00000 
 1.18869e-03 -1.76149e-03        00000 
 1.15656e-03 -1.73788e-03        00000 
 1.12626e-03 -1.71295e-03        00000 
 1.09783e-03 -1.68664e-03        00000 
 1.07129e-03 -1.65889e-03        00000 
 1.04669e-03 -1.62964e-03        00000 
 1.02406e-03 -1.59882e-03        00000 
 1.00347e-03 -1.56635e-03        00000 
 9.84969e-04 -1.53212e-03        00000 
 9.68654e-04 -1.49604e-03        00000 
 9.54642e-04 -1.45798e-03        00000 
 9.43104e-04 -1.41783e-03        00000 
 9.34291e-04 -1.37546e-03        00000 
 9.28577e-04 -1.33076e-03        00000 
 9.26528e-04 -1.28367e-03        00000 
 9.29011e-04 -1.23417e-03        00000 
 9.37350e-04 -1.18242e-03        00000 
 9.53571e-04 -1.12877e-03        00000 
 9.80779e-04 -1.07397e-03        00000 
 1.02374e-03 -1.01938e-03        00000 
 1.08998e-03 -9.67295e-04        00000 
 2.47645e-03 -2.42074e-03        00000 
 2.37829e-03 -2.38077e-03        00000 
 2.28166e-03 -2.34286e-03        00000 
 2.18819e-03 -2.30761e-03        00000 
 2.09851e-03 -2.27517e-03        00000 
 2.01282e-03 -2.24549e-03        00000 
 1.93107e-03 -2.21840e-03        00000 
 1.85309e-03 -2.19364e-03        00000 
 1.77866e-03 -2.17090e-03        00000 
 1.70755e-03 -2.14986e-03        00000 
 1.63955e-03 -2.13021e-03        00000 
 1.57445e-03 -2.11164e-03        00000 
 1.51207e-03 -2.09385e-03        00000 
 1.45225e-03 -2.07659e-03        00000 
 1.39485e-03 -2.05960e-03        00000 
 1.33974e-03 -2.04265e-03        00000 
 1.28683e-03 -2.02555e-03        00000 
 1.23602e-03 -2.00812e-03        00000 
 1.18724e-03 -1.99018e-03        00000 
 1.14043e-03 -1.97162e-03        00000 
 1.09555e-03 -1.95229e-03        00000 
 1.05255e-03 -1.93209e-03        00000 
 1.01141e-03 -1.91093e-03        00000 
 9.72122e-04 -1.88872e-03        00000 
 9.34664e-04 -1.86539e-03        00000 
 8.99039e-04 -1.84087e-03        00000 
 8.65251e-04 -1.81511e-03        00000 
 8.33308e-04 -1.78805e-03        00000 
 8.03225e-04 -1.75963e-03        00000 
 7.75019e-04 -1.72980e-03        00000 
 7.48715e-04 -1.69849e-03        00000 
 7.24338e-04 -1.66564e-03        00000 
 7.01922e-04 -1.63118e-03        00000 
 6.81509e-04 -1.59503e-03        00000 
 6.63152e-04 -1.55710e-03        00000 
 6.46924e-04 -1.51727e-03        00000 
 6.32930e-04 -1.47545e-03        00000 
 6.21324e-04 -1.43151e-03        00000 
 6.12336e-04 -1.38534e-03        00000 
 6.06319e-04 -1.33682e-03        00000 
 6.03816e-04 -1.28589e-03        00000 
 6.05662e-04 -1.23254e-03        00000 
 6.13151e-04 -1.17689e-03        00000 
 6.28277e-04 -1.11927e-03        00000 
 6.54114e-04 -1.06036e-03        00000 
 6.95379e-04 -1.00143e-03        00000 
 7.59299e-04 -9.44663e-04        00000 
 2.18121e-03 -2.59921e-03        00000 
 2.07565e-03 -2.55514e-03        00000 
 1.97288e-03 -2.51175e-03        00000 
 1.87428e-03 -2.47001e-03        00000 
 1.78042e-03 -2.43075e-03        00000 
 1.69129e-03 -2.39419e-03        00000 
 1.60669e-03 -2.36036e-03        00000 
 1.52632e-03 -2.32909e-03        00000 
 1.44987e-03 -2.30013e-03        00000 
 1.37704e-03 -2.27319e-03        00000 
 1.30758e-03 -2.24794e-03        00000 
 1.24122e-03 -2.22407e-03        00000 
 1.17778e-03 -2.20127e-03        00000 
 1.11705e-03 -2.17923e-03        00000 
 1.05889e-03 -2.15770e-03        00000 
 1.00315e-03 -2.13642e-03        00000 
 9.49717e-04 -2.11515e-03        00000 
 8.98493e-04 -2.09370e-03        00000 
 8.49396e-04 -2.07188e-03        00000 
 8.02355e-04 -2.04953e-03        00000 
 7.57315e-04 -2.02651e-03        00000 
 7.14230e-04 -2.00268e-03        00000 
 6.73067e-04 -1.97794e-03        00000 
 6.33800e-04 -1.95218e-03        00000 
 5.96412e-04 -1.92533e-03        00000 
 5.60891e-04 -1.89730e-03        00000 
 5.27235e-04 -1.86802e-03        00000 
 4.95443e-04 -1.83744e-03        00000 
 4.65521e-04 -1.80548e-03        00000 
 4.37479e-04 -1.77209e-03        00000 
 4.11329e-04 -1.73720e-03        00000 
 3.87089e-04 -1.70076e-03        00000 
 3.64782e-04 -1.66268e-03        00000 
 3.44437e-04 -1.62289e-03        00000 
 3.26097e-04 -1.58130e-03        00000 
 3.09820e-04 -1.53781e-03        00000 
 2.95697e-04 -1.49232e-03        00000 
 2.83862e-04 -1.44471e-03        00000 
 2.74526e-04 -1.39488e-03        00000 
 2.68016e-04 -1.34272e-03        00000 
 2.64844e-04 -1.28816e-03        00000 
 2.65811e-04 -1.23119e-03        00000 
 2.72165e-04 -1.17193e-03        00000 
 2.85849e-04 -1.11066e-03        00000 
 3.09876e-04 -1.04802e-03        00000 
 3.48905e-04 -9.85163e-04        00000 
 4.10065e-04 -9.24073e-04        00000 
 5.04091e-04 -8.68084e-04        00000 
 1.76568e-03 -2.72676e-03        00000 
 1.65327e-03 -2.67976e-03        00000 
 1.54764e-03 -2.63311e-03        00000 
 1.44842e-03 -2.58776e-03        00000 
 1.35525e-03 -2.54472e-03        00000 
 1.26754e-03 -2.50429e-03        00000 
 1.18476e-03 -2.46651e-03        00000 
 1.10640e-03 -2.43124e-03        00000 
 1.03206e-03 -2.39825e-03        00000 
 9.61362e-04 -2.36723e-03        00000 
 8.94010e-04 -2.33787e-03        00000 
 8.29748e-04 -2.30985e-03        00000 
 7.68358e-04 -2.28286e-03        00000 
 7.09658e-04 -2.25660e-03        00000 
 6.53492e-04 -2.23079e-03        00000 
 5.99731e-04 -2.20519e-03        00000 
 5.48263e-04 -2.17957e-03        00000 
 4.98994e-04 -2.15371e-03        00000 
 4.51848e-04 -2.12744e-03        00000 
 4.06759e-04 -2.10059e-03        00000 
 3.63675e-04 -2.07302e-03        00000 
 3.22553e-04 -2.04459e-03        00000 
 2.83362e-04 -2.01520e-03        00000 
 2.46076e-04 -1.98475e-03        00000 
 2.10677e-04 -1.95314e-03        00000 
 1.77153e-04 -1.92030e-03        00000 
 1.45498e-04 -1.88615e-03        00000 
 1.15707e-04 -1.85064e-03        00000 
 8.77836e-05 -1.81368e-03        00000 
 6.17306e-05 -1.77523e-03        00000 
 3.75567e-05 -1.73521e-03        00000 
 1.52745e-05 -1.69355e-03        00000 
-5.09669e-06 -1.65018e-03        00000 
-2.35273e-05 -1.60501e-03        00000 
-3.99712e-05 -1.55795e-03        00000 
-5.43549e-05 -1.50891e-03        00000 
-6.65611e-05 -1.45778e-03        00000 
-7.64018e-05 -1.40445e-03        00000 
-8.35766e-05 -1.34883e-03        00000 
-8.76074e-05 -1.29086e-03        00000 
-8.77377e-05 -1.23052e-03        00000 
-8.27757e-05 -1.16791e-03        00000 
-7.08537e-05 -1.10330e-03        00000 
-4.90548e-05 -1.03725e-03        00000 
-1.28392e-05 -9.70834e-04        00000 
 4.48366e-05 -9.05876e-04        00000 
 1.34831e-04 -8.45503e-04        00000 
 1.32976e-03 -2.84319e-03        00000 
 1.21285e-03 -2.79340e-03        00000 
 1.10608e-03 -2.74378e-03        00000 
 1.00755e-03 -2.69517e-03        00000 
 9.16074e-04 -2.64867e-03        00000 
 8.30612e-04 -2.60465e-03        00000 
 7.50339e-04 -2.56319e-03        00000 
 6.74604e-04 -2.52414e-03        00000 
 6.02896e-04 -2.48730e-03        00000 
 5.34805e-04 -2.45235e-03        00000 
 4.70005e-04 -2.41900e-03        00000 
 4.08230e-04 -2.38692e-03        00000 
 3.49264e-04 -2.35581e-03        00000 
 2.92926e-04 -2.32536e-03        00000 
 2.39069e-04 -2.29530e-03        00000 
 1.87569e-04 -2.26539e-03        00000 
 1.38320e-04 -2.23540e-03        00000 
 9.12357e-05 -2.20512e-03        00000 
 4.62444e-05 -2.17436e-03        00000 
 3.28572e-06 -2.14297e-03        00000 
-3.76892e-05 -2.11080e-03        00000 
-7.67202e-05 -2.07772e-03        00000 
-1.13839e-04 -2.04362e-03        00000 
-1.49070e-04 -2.00840e-03        00000 
-1.82432e-04 -1.97198e-03        00000 
-2.13939e-04 -1.93427e-03        00000 
-2.43602e-04 -1.89520e-03        00000 
-2.71426e-04 -1.85471e-03        00000 
-2.97416e-04 -1.81272e-03        00000 
-3.21572e-04 -1.76917e-03        00000 
-3.43891e-04 -1.72400e-03        00000 
-3.64363e-04 -1.67713e-03        00000 
-3.82971e-04 -1.62848e-03        00000 
-3.99681e-04 -1.57797e-03        00000 
-4.14435e-04 -1.52551e-03        00000 
-4.27134e-04 -1.47101e-03        00000 
-4.37614e-04 -1.41437e-03        00000 
-4.45602e-04 -1.35550e-03        00000 
-4.50659e-04 -1.29434e-03        00000 
-4.52079e-04 -1.23088e-03        00000 
-4.48736e-04 -1.16520e-03        00000 
-4.38857e-04 -1.09754e-03        00000 
-4.19651e-04 -1.02841e-03        00000 
-3.86757e-04 -9.58792e-04        00000 
-3.33355e-04 -8.90361e-04        00000 
-2.48774e-04 -8.25993e-04        00000 
 8.77258e-04 -2.94744e-03        00000 
 7.58324e-04 -2.89543e-03        00000 
 6.51988e-04 -2.84312e-03        00000 
 5.55341e-04 -2.79164e-03        00000 
 4.66473e-04 -2.74202e-03        00000 
 3.83986e-04 -2.69470e-03        00000 
 3.06841e-04 -2.64980e-03        00000 
 2.34262e-04 -2.60720e-03        00000 
 1.65668e-04 -2.56669e-03        00000 
 1.00614e-04 -2.52799e-03        00000 
 3.87570e-05 -2.49078e-03        00000 
-2.01719e-05 -2.45476e-03        00000 
-7.63872e-05 -2.41960e-03        00000 
-1.30062e-04 -2.38504e-03        00000 
-1.81339e-04 -2.35079e-03        00000 
-2.30334e-04 -2.31660e-03        00000 
-2.77144e-04 -2.28226e-03        00000 
-3.21850e-04 -2.24756e-03        00000 
-3.64518e-04 -2.21232e-03        00000 
-4.05204e-04 -2.17638e-03        00000 
-4.43954e-04 -2.13960e-03        00000 
-4.80805e-04 -2.10186e-03        00000 
-5.15787e-04 -2.06304e-03        00000 
-5.48926e-04 -2.02305e-03        00000 
-5.80242e-04 -1.98181e-03        00000 
-6.09752e-04 -1.93923e-03        00000 
-6.37469e-04 -1.89524e-03        00000 
-6.63403e-04 -1.84979e-03        00000 
-6.87563e-04 -1.80279e-03        00000 
-7.09954e-04 -1.75419e-03        00000 
-7.30577e-04 -1.70393e-03        00000 
-7.49424e-04 -1.65192e-03        00000 
-7.66475e-04 -1.59810e-03        00000 
-7.81685e-04 -1.54239e-03        00000 
-7.94976e-04 -1.48469e-03        00000 
-8.06203e-04 -1.42493e-03        00000 
-8.15127e-04 -1.36303e-03        00000 
-8.21347e-04 -1.29893e-03        00000 
-8.24210e-04 -1.23262e-03        00000 
-8.22670e-04 -1.16417e-03        00000 
-8.15058e-04 -1.09380e-03        00000 
-7.98735e-04 -1.02196e-03        00000 
-7.69558e-04 -9.49521e-04        00000 
-7.21043e-04 -8.77993e-04        00000 
-6.43027e-04 -8.09948e-04        00000 
 4.12724e-04 -3.03954e-03        00000 
 2.93988e-04 -2.98592e-03        00000 
 1.89382e-04 -2.93108e-03        00000 
 9.55407e-05 -2.87687e-03        00000 
 1.00375e-05 -2.82434e-03        00000 
-6.88387e-05 -2.77397e-03        00000 
-1.42311e-04 -2.72586e-03        00000 
-2.11256e-04 -2.67992e-03        00000 
-2.76312e-04 -2.63595e-03        00000 
-3.37947e-04 -2.59366e-03        00000 
-3.96513e-04 -2.55276e-03        00000 
-4.52280e-04 -2.51292e-03        00000 
-5.05458e-04 -2.47384e-03        00000 
-5.56211e-04 -2.43526e-03        00000 
-6.04674e-04 -2.39689e-03        00000 
-6.50955e-04 -2.35850e-03        00000 
-6.95145e-04 -2.31986e-03        00000 
-7.37316e-04 -2.28080e-03        00000 
-7.77530e-04 -2.24111e-03        00000 
-8.15838e-04 -2.20067e-03        00000 
-8.52284e-04 -2.15932e-03        00000 
-8.86902e-04 -2.11694e-03        00000 
-9.19722e-04 -2.07345e-03        00000 
-9.50771e-04 -2.02873e-03        00000 
-9.80070e-04 -1.98271e-03        00000 
-1.00764e-03 -1.93532e-03        00000 
-1.03349e-03 -1.88649e-03        00000 
-1.05765e-03 -1.83615e-03        00000 
-1.08012e-03 -1.78425e-03        00000 
-1.10092e-03 -1.73073e-03        00000 
-1.12004e-03 -1.67551e-03        00000 
-1.13748e-03 -1.61854e-03        00000 
-1.15321e-03 -1.55974e-03        00000 
-1.16716e-03 -1.49905e-03        00000 
-1.17922e-03 -1.43639e-03        00000 
-1.18917e-03 -1.37169e-03        00000 
-1.19665e-03 -1.30491e-03        00000 
-1.20107e-03 -1.23605e-03        00000 
-1.20147e-03 -1.16517e-03        00000 
-1.19628e-03 -1.09246e-03        00000 
-1.18303e-03 -1.01833e-03        00000 
-1.15782e-03 -9.43564e-04        00000 
-1.11452e-03 -8.69510e-04        00000 
-1.04358e-03 -7.98461e-04        00000 
-5.90487e-05 -3.12013e-03        00000 
-1.76401e-04 -3.06436e-03        00000 
-2.78123e-04 -3.00712e-03        00000 
-3.68268e-04 -2.95039e-03        00000 
-4.49703e-04 -2.89520e-03        00000 
-5.24392e-04 -2.84202e-03        00000 
-5.93703e-04 -2.79095e-03        00000 
-6.58591e-04 -2.74191e-03        00000 
-7.19731e-04 -2.69469e-03        00000 
-7.77610e-04 -2.64901e-03        00000 
-8.32583e-04 -2.60457e-03        00000 
-8.84915e-04 -2.56107e-03        00000 
-9.34808e-04 -2.51821e-03        00000 
-9.82420e-04 -2.47573e-03        00000 
-1.02788e-03 -2.43335e-03        00000 
-1.07127e-03 -2.39086e-03        00000 
-1.11270e-03 -2.34803e-03        00000 
-1.15222e-03 -2.30468e-03        00000 
-1.18988e-03 -2.26064e-03        00000 
-1.22575e-03 -2.21577e-03        00000 
-1.25985e-03 -2.16993e-03        00000 
-1.29221e-03 -2.12302e-03        00000 
-1.32288e-03 -2.07493e-03        00000 
-1.35188e-03 -2.02559e-03        00000 
-1.37923e-03 -1.97491e-03        00000 
-1.40495e-03 -1.92284e-03        00000 
-1.42907e-03 -1.86930e-03        00000 
-1.45160e-03 -1.81425e-03        00000 
-1.47256e-03 -1.75762e-03        00000 
-1.49196e-03 -1.69936e-03        00000 
-1.50981e-03 -1.63943e-03        00000 
-1.52608e-03 -1.57775e-03        00000 
-1.54073e-03 -1.51428e-03        00000 
-1.55367e-03 -1.44894e-03        00000 
-1.56471e-03 -1.38171e-03        00000 
-1.57353e-03 -1.31253e-03        00000 
-1.57959e-03 -1.24141e-03        00000 
-1.58200e-03 -1.16842e-03        00000 
-1.57934e-03 -1.09373e-03        00000 
-1.56929e-03 -1.01774e-03        00000 
-1.54821e-03 -9.41147e-04        00000 
-1.51031e-03 -8.65174e-04        00000 
-1.44656e-03 -7.91910e-04        00000 
-1.34279e-03 -7.24866e-04        00000 
-3.96520e-04 -3.24089e-03        00000 
-5.34617e-04 -3.18782e-03        00000 
-6.49171e-04 -3.13007e-03        00000 
-7.46930e-04 -3.07069e-03        00000 
-8.32550e-04 -3.01173e-03        00000 
-9.09265e-04 -2.95417e-03        00000 
-9.79240e-04 -2.89846e-03        00000 
-1.04395e-03 -2.84471e-03        00000 
-1.10440e-03 -2.79282e-03        00000 
-1.16130e-03 -2.74258e-03        00000 
-1.21513e-03 -2.69373e-03        00000 
-1.26625e-03 -2.64595e-03        00000 
-1.31491e-03 -2.59898e-03        00000 
-1.36132e-03 -2.55251e-03        00000 
-1.40561e-03 -2.50628e-03        00000 
-1.44790e-03 -2.46005e-03        00000 
-1.48829e-03 -2.41358e-03        00000 
-1.52684e-03 -2.36669e-03        00000 
-1.56362e-03 -2.31919e-03        00000 
-1.59869e-03 -2.27093e-03        00000 
-1.63207e-03 -2.22176e-03        00000 
-1.66382e-03 -2.17157e-03        00000 
-1.69396e-03 -2.12026e-03        00000 
-1.72253e-03 -2.06774e-03        00000 
-1.74955e-03 -2.01393e-03        00000 
-1.77505e-03 -1.95878e-03        00000 
-1.79905e-03 -1.90221e-03        00000 
-1.82158e-03 -1.84418e-03        00000 
-1.84267e-03 -1.78464e-03        00000 
-1.86232e-03 -1.72355e-03        00000 
-1.88056e-03 -1.66085e-03        00000 
-1.89738e-03 -1.59652e-03        00000 
-1.91275e-03 -1.53050e-03        00000 
-1.92658e-03 -1.46275e-03        00000 
-1.93874e-03 -1.39323e-03        00000 
-1.94893e-03 -1.32193e-03        00000 
-1.95667e-03 -1.24886e-03        00000 
-1.96117e-03 -1.17408e-03        00000 
-1.96111e-03 -1.09778e-03        00000 
-1.95435e-03 -1.02028e-03        00000 
-1.93752e-03 -9.42240e-04        00000 
-1.90522e-03 -8.64763e-04        00000 
-1.84895e-03 -7.89726e-04        00000 
-1.75542e-03 -7.20244e-04        00000 
-8.74900e-04 -3.29648e-03        00000 
-1.01052e-03 -3.24169e-03        00000 
-1.12077e-03 -3.18236e-03        00000 
-1.21349e-03 -3.12125e-03        00000 
-1.29379e-03 -3.06045e-03        00000 
-1.36519e-03 -3.00088e-03        00000 
-1.42997e-03 -2.94299e-03        00000 
-1.48969e-03 -2.88687e-03        00000 
-1.54537e-03 -2.83242e-03        00000 
-1.59774e-03 -2.77943e-03        00000 
-1.64728e-03 -2.72763e-03        00000 
-1.69432e-03 -2.67676e-03        00000 
-1.73913e-03 -2.62651e-03        00000 
-1.78189e-03 -2.57663e-03        00000 
-1.82272e-03 -2.52684e-03        00000 
-1.86173e-03 -2.47693e-03        00000 
-1.89902e-03 -2.42668e-03        00000 
-1.93463e-03 -2.37590e-03        00000 
-1.96864e-03 -2.32442e-03        00000 
-2.00108e-03 -2.27210e-03        00000 
-2.03200e-03 -2.21883e-03        00000 
-2.06142e-03 -2.16448e-03        00000 
-2.08939e-03 -2.10897e-03        00000 
-2.11594e-03 -2.05223e-03        00000 
-2.14108e-03 -1.99419e-03        00000 
-2.16487e-03 -1.93479e-03        00000 
-2.18731e-03 -1.87400e-03        00000 
-2.20845e-03 -1.81177e-03        00000 
-2.22830e-03 -1.74806e-03        00000 
-2.24689e-03 -1.68285e-03        00000 
-2.26422e-03 -1.61611e-03        00000 
-2.28027e-03 -1.54779e-03        00000 
-2.29499e-03 -1.47789e-03        00000 
-2.30826e-03 -1.40639e-03        00000 
-2.31982e-03 -1.33326e-03        00000 
-2.32926e-03 -1.25855e-03        00000 
-2.33586e-03 -1.18232e-03        00000 
-2.33843e-03 -1.10473e-03        00000 
-2.33502e-03 -1.02610e-03        00000 
-2.32252e-03 -9.46977e-04        00000 
-2.29598e-03 -8.68345e-04        00000 
-2.24756e-03 -7.91846e-04        00000 
-2.16478e-03 -7.20189e-04        00000 
-1.35179e-03 -3.33742e-03        00000 
-1.48291e-03 -3.28125e-03        00000 
-1.58746e-03 -3.22081e-03        00000 
-1.67415e-03 -3.15848e-03        00000 
-1.74844e-03 -3.09628e-03        00000 
-1.81400e-03 -3.03513e-03        00000 
-1.87318e-03 -2.97543e-03        00000 
-1.92758e-03 -2.91728e-03        00000 
-1.97823e-03 -2.86057e-03        00000 
-2.02583e-03 -2.80511e-03        00000 
-2.07088e-03 -2.75066e-03        00000 
-2.11369e-03 -2.69693e-03        00000 
-2.15450e-03 -2.64365e-03        00000 
-2.19348e-03 -2.59058e-03        00000 
-2.23075e-03 -2.53746e-03        00000 
-2.26641e-03 -2.48409e-03        00000 
-2.30054e-03 -2.43026e-03        00000 
-2.33319e-03 -2.37581e-03        00000 
-2.36441e-03 -2.32057e-03        00000 
-2.39424e-03 -2.26443e-03        00000 
-2.42273e-03 -2.20728e-03        00000 
-2.44990e-03 -2.14902e-03        00000 
-2.47579e-03 -2.08957e-03        00000 
-2.50042e-03 -2.02889e-03        00000 
-2.52384e-03 -1.96691e-03        00000 
-2.54607e-03 -1.90359e-03        00000 
-2.56715e-03 -1.83892e-03        00000 
-2.58710e-03 -1.77286e-03        00000 
-2.60595e-03 -1.70539e-03        00000 
-2.62373e-03 -1.63650e-03        00000 
-2.64041e-03 -1.56618e-03        00000 
-2.65597e-03 -1.49442e-03        00000 
-2.67030e-03 -1.42122e-03        00000 
-2.68321e-03 -1.34659e-03        00000 
-2.69431e-03 -1.27057e-03        00000 
-2.70298e-03 -1.19324e-03        00000 
-2.70815e-03 -1.11475e-03        00000 
-2.70806e-03 -1.03540e-03        00000 
-2.69988e-03 -9.55668e-04        00000 
-2.67910e-03 -8.76421e-04        00000 
-2.63851e-03 -7.99082e-04        00000 
-2.56680e-03 -7.26027e-04        00000 
-1.82311e-03 -3.36343e-03        00000 
-1.94770e-03 -3.30659e-03        00000 
-2.04536e-03 -3.24547e-03        00000 
-2.12521e-03 -3.18242e-03        00000 
-2.19294e-03 -3.11927e-03        00000 
-2.25224e-03 -3.05692e-03        00000 
-2.30552e-03 -2.99578e-03        00000 
-2.35434e-03 -2.93594e-03        00000 
-2.39974e-03 -2.87730e-03        00000 
-2.44241e-03 -2.81968e-03        00000 
-2.48281e-03 -2.76284e-03        00000 
-2.52126e-03 -2.70653e-03        00000 
-2.55797e-03 -2.65049e-03        00000 
-2.59310e-03 -2.59449e-03        00000 
-2.62676e-03 -2.53829e-03        00000 
-2.65904e-03 -2.48171e-03        00000 
-2.68999e-03 -2.42456e-03        00000 
-2.71968e-03 -2.36670e-03        00000 
-2.74815e-03 -2.30798e-03        00000 
-2.77543e-03 -2.24829e-03        00000 
-2.80155e-03 -2.18755e-03        00000 
-2.82656e-03 -2.12568e-03        00000 
-2.85049e-03 -2.06262e-03        00000 
-2.87336e-03 -1.99834e-03        00000 
-2.89521e-03 -1.93278e-03        00000 
-2.91609e-03 -1.86595e-03        00000 
-2.93601e-03 -1.79782e-03        00000 
-2.95501e-03 -1.72838e-03        00000 
-2.97312e-03 -1.65765e-03        00000 
-2.99035e-03 -1.58562e-03        00000 
-3.00666e-03 -1.51231e-03        00000 
-3.02198e-03 -1.43773e-03        00000 
-3.03615e-03 -1.36192e-03        00000 
-3.04884e-03 -1.28494e-03        00000 
-3.05951e-03 -1.20687e-03        00000 
-3.06719e-03 -1.12788e-03        00000 
-3.07032e-03 -1.04823e-03        00000 
-3.06634e-03 -9.68402e-04        00000 
-3.05114e-03 -8.89152e-04        00000 
-3.01814e-03 -8.11760e-04        00000 
-2.95696e-03 -7.38311e-04        00000 
-2.85114e-03 -6.72342e-04        00000 
-2.28435e-03 -3.37502e-03        00000 
-2.40065e-03 -3.31828e-03        00000 
-2.49055e-03 -3.25686e-03        00000 
-2.56302e-03 -3.19342e-03        00000 
-2.62380e-03 -3.12966e-03        00000 
-2.67656e-03 -3.06646e-03        00000 
-2.72369e-03 -3.00421e-03        00000 
-2.76676e-03 -2.94300e-03        00000 
-2.80677e-03 -2.88274e-03        00000 
-2.84439e-03 -2.82326e-03        00000 
-2.88006e-03 -2.76434e-03        00000 
-2.91407e-03 -2.70574e-03        00000 
-2.94662e-03 -2.64723e-03        00000 
-2.97787e-03 -2.58858e-03        00000 
-3.00790e-03 -2.52960e-03        00000 
-3.03679e-03 -2.47010e-03        00000 
-3.06459e-03 -2.40993e-03        00000 
-3.09136e-03 -2.34896e-03        00000 
-3.11713e-03 -2.28707e-03        00000 
-3.14194e-03 -2.22417e-03        00000 
-3.16581e-03 -2.16019e-03        00000 
-3.18879e-03 -2.09508e-03        00000 
-3.21090e-03 -2.02880e-03        00000 
-3.23218e-03 -1.96132e-03        00000 
-3.25266e-03 -1.89264e-03        00000 
-3.27239e-03 -1.82275e-03        00000 
-3.29139e-03 -1.75167e-03        00000 
-3.30970e-03 -1.67941e-03        00000 
-3.32733e-03 -1.60599e-03        00000 
-3.34427e-03 -1.53145e-03        00000 
-3.36047e-03 -1.45584e-03        00000 
-3.37580e-03 -1.37919e-03        00000 
-3.38997e-03 -1.30159e-03        00000 
-3.40252e-03 -1.22315e-03        00000 
-3.41260e-03 -1.14402e-03        00000 
-3.41881e-03 -1.06449e-03        00000 
-3.41887e-03 -9.84975e-04        00000 
-3.40905e-03 -9.06175e-04        00000 
-3.38342e-03 -8.29232e-04        00000 
-3.33246e-03 -7.55995e-04        00000 
-3.24117e-03 -6.89443e-04        00000 
-2.73048e-03 -3.37382e-03        00000 
-2.83779e-03 -3.31708e-03        00000 
-2.91944e-03 -3.25546e-03        00000 
-2.98419e-03 -3.19181e-03        00000 
-3.03773e-03 -3.12770e-03        00000 
-3.08375e-03 -3.06395e-03        00000 
-3.12459e-03 -3.00091e-03        00000 
-3.16178e-03 -2.93866e-03        00000 
-3.19631e-03 -2.87711e-03        00000 
-3.22880e-03 -2.81609e-03        00000 
-3.25969e-03 -2.75541e-03        00000 
-3.28923e-03 -2.69484e-03        00000 
-3.31762e-03 -2.63416e-03        00000 
-3.34498e-03 -2.57319e-03        00000 
-3.37140e-03 -2.51175e-03        00000 
-3.39694e-03 -2.44967e-03        00000 
-3.42165e-03 -2.38682e-03        00000 
-3.44557e-03 -2.32310e-03        00000 
-3.46874e-03 -2.25840e-03        00000 
-3.49119e-03 -2.19268e-03        00000 
-3.51294e-03 -2.12587e-03        00000 
-3.53403e-03 -2.05794e-03        00000 
-3.55450e-03 -1.98889e-03        00000 
-3.57438e-03 -1.91871e-03        00000 
-3.59371e-03 -1.84741e-03        00000 
-3.61252e-03 -1.77502e-03        00000 
-3.63085e-03 -1.70158e-03        00000 
-3.64872e-03 -1.62712e-03        00000 
-3.66614e-03 -1.55171e-03        00000 
-3.68307e-03 -1.47540e-03        00000 
-3.69940e-03 -1.39827e-03        00000 
-3.71491e-03 -1.32041e-03        00000 
-3.72919e-03 -1.24195e-03        00000 
-3.74151e-03 -1.16308e-03        00000 
-3.75064e-03 -1.08403e-03        00000 
-3.75454e-03 -1.00521e-03        00000 
-3.74992e-03 -9.27235e-04        00000 
-3.73144e-03 -8.51092e-04        00000 
-3.69058e-03 -7.78363e-04        00000 
-3.61372e-03 -7.11598e-04        00000 
-3.02215e-03 -3.40744e-03        00000 
-3.15824e-03 -3.35956e-03        00000 
-3.25611e-03 -3.30272e-03        00000 
-3.32899e-03 -3.24119e-03        00000 
-3.38563e-03 -3.17767e-03        00000 
-3.43169e-03 -3.11356e-03        00000 
-3.47079e-03 -3.04962e-03        00000 
-3.50523e-03 -2.98614e-03        00000 
-3.53647e-03 -2.92320e-03        00000 
-3.56547e-03 -2.86070e-03        00000 
-3.59281e-03 -2.79849e-03        00000 
-3.61890e-03 -2.73638e-03        00000 
-3.64399e-03 -2.67419e-03        00000 
-3.66823e-03 -2.61170e-03        00000 
-3.69175e-03 -2.54877e-03        00000 
-3.71461e-03 -2.48522e-03        00000 
-3.73687e-03 -2.42093e-03        00000 
-3.75858e-03 -2.35579e-03        00000 
-3.77976e-03 -2.28971e-03        00000 
-3.80044e-03 -2.22264e-03        00000 
-3.82067e-03 -2.15453e-03        00000 
-3.84046e-03 -2.08535e-03        00000 
-3.85984e-03 -2.01510e-03        00000 
-3.87886e-03 -1.94380e-03        00000 
-3.89755e-03 -1.87147e-03        00000 
-3.91595e-03 -1.79816e-03        00000 
-3.93409e-03 -1.72390e-03        00000 
-3.95200e-03 -1.64877e-03        00000 
-3.96971e-03 -1.57285e-03        00000 
-3.98717e-03 -1.49621e-03        00000 
-4.00433e-03 -1.41896e-03        00000 
-4.02099e-03 -1.34122e-03        00000 
-4.03681e-03 -1.26313e-03        00000 
-4.05116e-03 -1.18488e-03        00000 
-4.06299e-03 -1.10672e-03        00000 
-4.07050e-03 -1.02903e-03        00000 
-4.07078e-03 -9.52347e-04        00000 
-4.05909e-03 -8.77534e-04        00000 
-4.02786e-03 -8.05935e-04        00000 
-3.96502e-03 -7.39717e-04        00000 
-3.44023e-03 -3.37933e-03        00000 
-3.56508e-03 -3.33132e-03        00000 
-3.65260e-03 -3.27497e-03        00000 
-3.71615e-03 -3.21407e-03        00000 
-3.76435e-03 -3.15114e-03        00000 
-3.80273e-03 -3.08748e-03        00000 
-3.83480e-03 -3.02375e-03        00000 
-3.86277e-03 -2.96023e-03        00000 
-3.88803e-03 -2.89697e-03        00000 
-3.91150e-03 -2.83390e-03        00000 
-3.93371e-03 -2.77087e-03        00000 
-3.95504e-03 -2.70771e-03        00000 
-3.97571e-03 -2.64426e-03        00000 
-3.99587e-03 -2.58035e-03        00000 
-4.01562e-03 -2.51583e-03        00000 
-4.03501e-03 -2.45058e-03        00000 
-4.05409e-03 -2.38449e-03        00000 
-4.07291e-03 -2.31749e-03        00000 
-4.09148e-03 -2.24952e-03        00000 
-4.10983e-03 -2.18054e-03        00000 
-4.12799e-03 -2.11054e-03        00000 
-4.14599e-03 -2.03952e-03        00000 
-4.16386e-03 -1.96752e-03        00000 
-4.18164e-03 -1.89456e-03        00000 
-4.19937e-03 -1.82071e-03        00000 
-4.21707e-03 -1.74604e-03        00000 
-4.23480e-03 -1.67063e-03        00000 
-4.25255e-03 -1.59459e-03        00000 
-4.27034e-03 -1.51801e-03        00000 
-4.28810e-03 -1.44103e-03        00000 
-4.30568e-03 -1.36378e-03        00000 
-4.32282e-03 -1.28645e-03        00000 
-4.33896e-03 -1.20922e-03        00000 
-4.35321e-03 -1.13236e-03        00000 
-4.36400e-03 -1.05623e-03        00000 
-4.36879e-03 -9.81342e-04        00000 
-4.36340e-03 -9.08453e-04        00000 
-4.34112e-03 -8.38735e-04        00000 
-4.29119e-03 -7.74010e-04        00000 
-4.19657e-03 -7.17236e-04        00000 
-3.83528e-03 -3.33707e-03        00000 
-3.94765e-03 -3.28946e-03        00000 
-4.02409e-03 -3.23418e-03        00000 
-4.07788e-03 -3.17446e-03        00000 
-4.11742e-03 -3.11264e-03        00000 
-4.14801e-03 -3.04988e-03        00000 
-4.17300e-03 -2.98680e-03        00000 
-4.19450e-03 -2.92364e-03        00000 
-4.21382e-03 -2.86047e-03        00000 
-4.23180e-03 -2.79721e-03        00000 
-4.24894e-03 -2.73375e-03        00000 
-4.26558e-03 -2.66993e-03        00000 
-4.28193e-03 -2.60563e-03        00000 
-4.29810e-03 -2.54069e-03        00000 
-4.31418e-03 -2.47502e-03        00000 
-4.33022e-03 -2.40850e-03        00000 
-4.34625e-03 -2.34108e-03        00000 
-4.36231e-03 -2.27269e-03        00000 
-4.37842e-03 -2.20332e-03        00000 
-4.39460e-03 -2.13296e-03        00000 
-4.41088e-03 -2.06163e-03        00000 
-4.42729e-03 -1.98936e-03        00000 
-4.44386e-03 -1.91622e-03        00000 
-4.46062e-03 -1.84227e-03        00000 
-4.47761e-03 -1.76760e-03        00000 
-4.49487e-03 -1.69233e-03        00000 
-4.51242e-03 -1.61657e-03        00000 
-4.53027e-03 -1.54045e-03        00000 
-4.54837e-03 -1.46413e-03        00000 
-4.56663e-03 -1.38778e-03        00000 
-4.58481e-03 -1.31158e-03        00000 
-4.60247e-03 -1.23577e-03        00000 
-4.61882e-03 -1.16061e-03        00000 
-4.63255e-03 -1.08645e-03        00000 
-4.64142e-03 -1.01378e-03        00000 
-4.64181e-03 -9.43282e-04        00000 
-4.62782e-03 -8.75973e-04        00000 
-4.58995e-03 -8.13421e-04        00000 
-4.51296e-03 -7.58083e-04        00000 
-4.20379e-03 -3.28124e-03        00000 
-4.30260e-03 -3.23475e-03        00000 
-4.36745e-03 -3.18106e-03        00000 
-4.41125e-03 -3.12305e-03        00000 
-4.44204e-03 -3.06280e-03        00000 
-4.46484e-03 -3.00137e-03        00000 
-4.48280e-03 -2.93935e-03        00000 
-4.49789e-03 -2.87697e-03        00000 
-4.51135e-03 -2.81428e-03        00000 
-4.52393e-03 -2.75124e-03        00000 
-4.53611e-03 -2.68774e-03        00000 
-4.54818e-03 -2.62368e-03        00000 
-4.56031e-03 -2.55895e-03        00000 
-4.57262e-03 -2.49343e-03        00000 
-4.58516e-03 -2.42706e-03        00000 
-4.59799e-03 -2.35975e-03        00000 
-4.61113e-03 -2.29149e-03        00000 
-4.62460e-03 -2.22224e-03        00000 
-4.63842e-03 -2.15202e-03        00000 
-4.65262e-03 -2.08086e-03        00000 
-4.66721e-03 -2.00881e-03        00000 
-4.68223e-03 -1.93594e-03        00000 
-4.69770e-03 -1.86235e-03        00000 
-4.71367e-03 -1.78813e-03        00000 
-4.73017e-03 -1.71343e-03        00000 
-4.74722e-03 -1.63838e-03        00000 
-4.76484e-03 -1.56314e-03        00000 
-4.78301e-03 -1.48789e-03        00000 
-4.80165e-03 -1.41283e-03        00000 
-4.82057e-03 -1.33817e-03        00000 
-4.83943e-03 -1.26416e-03        00000 
-4.85755e-03 -1.19108e-03        00000 
-4.87383e-03 -1.11928e-03        00000 
-4.88635e-03 -1.04922e-03        00000 
-4.89199e-03 -9.81507e-04        00000 
-4.88564e-03 -9.17010e-04        00000 
-4.85904e-03 -8.57041e-04        00000 
-4.79889e-03 -8.03623e-04        00000 
-4.54225e-03 -3.21289e-03        00000 
-4.62664e-03 -3.16831e-03        00000 
-4.67968e-03 -3.11665e-03        00000 
-4.71349e-03 -3.06075e-03        00000 
-4.73560e-03 -3.00243e-03        00000 
-4.75071e-03 -2.94272e-03        00000 
-4.76177e-03 -2.88213e-03        00000 
-4.77060e-03 -2.82090e-03        00000 
-4.77832e-03 -2.75909e-03        00000 
-4.78565e-03 -2.69666e-03        00000 
-4.79301e-03 -2.63355e-03        00000 
-4.80064e-03 -2.56968e-03        00000 
-4.80871e-03 -2.50497e-03        00000 
-4.81731e-03 -2.43934e-03        00000 
-4.82648e-03 -2.37275e-03        00000 
-4.83627e-03 -2.30517e-03        00000 
-4.84668e-03 -2.23660e-03        00000 
-4.85774e-03 -2.16706e-03        00000 
-4.86946e-03 -2.09660e-03        00000 
-4.88186e-03 -2.02527e-03        00000 
-4.89497e-03 -1.95317e-03        00000 
-4.90881e-03 -1.88041e-03        00000 
-4.92341e-03 -1.80712e-03        00000 
-4.93881e-03 -1.73344e-03        00000 
-4.95504e-03 -1.65954e-03        00000 
-4.97211e-03 -1.58562e-03        00000 
-4.99003e-03 -1.51186e-03        00000 
-5.00873e-03 -1.43850e-03        00000 
-5.02807e-03 -1.36578e-03        00000 
-5.04777e-03 -1.29396e-03        00000 
-5.06730e-03 -1.22336e-03        00000 
-5.08570e-03 -1.15432e-03        00000 
-5.10139e-03 -1.08728e-03        00000 
-5.11169e-03 -1.02278e-03        00000 
-5.11223e-03 -9.61576e-04        00000 
-5.09591e-03 -9.04745e-04        00000 
-5.05131e-03 -8.53903e-04        00000 
-4.84668e-03 -3.13398e-03        00000 
-4.91672e-03 -3.09152e-03        00000 
-4.95817e-03 -3.04206e-03        00000 
-4.98219e-03 -2.98846e-03        00000 
-4.99581e-03 -2.93237e-03        00000 
-5.00342e-03 -2.87469e-03        00000 
-5.00774e-03 -2.81589e-03        00000 
-5.01048e-03 -2.75619e-03        00000 
-5.01265e-03 -2.69564e-03        00000 
-5.01491e-03 -2.63425e-03        00000 
-5.01761e-03 -2.57196e-03        00000 
-5.02099e-03 -2.50873e-03        00000 
-5.02517e-03 -2.44450e-03        00000 
-5.03024e-03 -2.37926e-03        00000 
-5.03622e-03 -2.31298e-03        00000 
-5.04314e-03 -2.24567e-03        00000 
-5.05101e-03 -2.17738e-03        00000 
-5.05985e-03 -2.10816e-03        00000 
-5.06966e-03 -2.03809e-03        00000 
-5.08048e-03 -1.96729e-03        00000 
-5.09231e-03 -1.89587e-03        00000 
-5.10518e-03 -1.82398e-03        00000 
-5.11913e-03 -1.75181e-03        00000 
-5.13418e-03 -1.67953e-03        00000 
-5.15036e-03 -1.60736e-03        00000 
-5.16767e-03 -1.53553e-03        00000 
-5.18608e-03 -1.46430e-03        00000 
-5.20548e-03 -1.39392e-03        00000 
-5.22566e-03 -1.32471e-03        00000 
-5.24617e-03 -1.25697e-03        00000 
-5.26624e-03 -1.19108e-03        00000 
-5.28456e-03 -1.12746e-03        00000 
-5.29887e-03 -1.06662e-03        00000 
-5.30548e-03 -1.00923e-03        00000 
-5.29835e-03 -9.56167e-04        00000 
-5.26765e-03 -9.08718e-04        00000 
-5.01615e-03 -3.07515e-03        00000 
-5.11466e-03 -3.04534e-03        00000 
-5.17089e-03 -3.00483e-03        00000 
-5.20095e-03 -2.95782e-03        00000 
-5.21536e-03 -2.90684e-03        00000 
-5.22068e-03 -2.85331e-03        00000 
-5.22098e-03 -2.79803e-03        00000 
-5.21879e-03 -2.74140e-03        00000 
-5.21564e-03 -2.68362e-03        00000 
-5.21248e-03 -2.62475e-03        00000 
-5.20986e-03 -2.56482e-03        00000 
-5.20811e-03 -2.50380e-03        00000 
-5.20743e-03 -2.44168e-03        00000 
-5.20793e-03 -2.37845e-03        00000 
-5.20965e-03 -2.31411e-03        00000 
-5.21263e-03 -2.24869e-03        00000 
-5.21688e-03 -2.18225e-03        00000 
-5.22241e-03 -2.11485e-03        00000 
-5.22923e-03 -2.04661e-03        00000 
-5.23734e-03 -1.97763e-03        00000 
-5.24677e-03 -1.90808e-03        00000 
-5.25753e-03 -1.83812e-03        00000 
-5.26965e-03 -1.76793e-03        00000 
-5.28315e-03 -1.69775e-03        00000 
-5.29806e-03 -1.62780e-03        00000 
-5.31440e-03 -1.55835e-03        00000 
-5.33214e-03 -1.48966e-03        00000 
-5.35121e-03 -1.42205e-03        00000 
-5.37145e-03 -1.35583e-03        00000 
-5.39251e-03 -1.29135e-03        00000 
-5.41378e-03 -1.22899e-03        00000 
-5.43417e-03 -1.16918e-03        00000 
-5.45183e-03 -1.11239e-03        00000 
-5.46367e-03 -1.05923e-03        00000 
-5.46463e-03 -1.01044e-03        00000 
-5.44641e-03 -9.67042e-04        00000 
-5.39546e-03 -9.30567e-04        00000 
-5.26387e-03 -2.97468e-03        00000 
-5.34504e-03 -2.94646e-03        00000 
-5.38740e-03 -2.90853e-03        00000 
-5.40618e-03 -2.86449e-03        00000 
-5.41117e-03 -2.81658e-03        00000 
-5.40842e-03 -2.76603e-03        00000 
-5.40167e-03 -2.71354e-03        00000 
-5.39320e-03 -2.65948e-03        00000 
-5.38442e-03 -2.60403e-03        00000 
-5.37615e-03 -2.54728e-03        00000 
-5.36888e-03 -2.48925e-03        00000 
-5.36291e-03 -2.42997e-03        00000 
-5.35839e-03 -2.36945e-03        00000 
-5.35541e-03 -2.30773e-03        00000 
-5.35401e-03 -2.24485e-03        00000 
-5.35419e-03 -2.18089e-03        00000 
-5.35598e-03 -2.11592e-03        00000 
-5.35937e-03 -2.05009e-03        00000 
-5.36436e-03 -1.98351e-03        00000 
-5.37097e-03 -1.91637e-03        00000 
-5.37921e-03 -1.84886e-03        00000 
-5.38910e-03 -1.78118e-03        00000 
-5.40066e-03 -1.71359e-03        00000 
-5.41391e-03 -1.64633e-03        00000 
-5.42888e-03 -1.57970e-03        00000 
-5.44555e-03 -1.51400e-03        00000 
-5.46388e-03 -1.44957e-03        00000 
-5.48376e-03 -1.38674e-03        00000 
-5.50492e-03 -1.32590e-03        00000 
-5.52688e-03 -1.26743e-03        00000 
-5.54877e-03 -1.21178e-03        00000 
-5.56910e-03 -1.15940e-03        00000 
-5.58534e-03 -1.11083e-03        00000 
-5.59331e-03 -1.06670e-03        00000 
-5.58614e-03 -1.02782e-03        00000 
-5.55261e-03 -9.95278e-04        00000 
-5.47210e-03 -2.86434e-03        00000 
-5.53580e-03 -2.83833e-03        00000 
-5.56441e-03 -2.80353e-03        00000 
-5.57214e-03 -2.76297e-03        00000 
-5.56799e-03 -2.71857e-03        00000 
-5.55747e-03 -2.67143e-03        00000 
-5.54396e-03 -2.62214e-03        00000 
-5.52951e-03 -2.57106e-03        00000 
-5.51536e-03 -2.51836e-03        00000 
-5.50225e-03 -2.46414e-03        00000 
-5.49059e-03 -2.40848e-03        00000 
-5.48064e-03 -2.35142e-03        00000 
-5.47251e-03 -2.29302e-03        00000 
-5.46628e-03 -2.23335e-03        00000 
-5.46196e-03 -2.17252e-03        00000 
-5.45956e-03 -2.11061e-03        00000 
-5.45909e-03 -2.04779e-03        00000 
-5.46054e-03 -1.98420e-03        00000 
-5.46391e-03 -1.92004e-03        00000 
-5.46921e-03 -1.85552e-03        00000 
-5.47646e-03 -1.79087e-03        00000 
-5.48566e-03 -1.72636e-03        00000 
-5.49684e-03 -1.66228e-03        00000 
-5.51002e-03 -1.59894e-03        00000 
-5.52521e-03 -1.53667e-03        00000 
-5.54237e-03 -1.47583e-03        00000 
-5.56144e-03 -1.41679e-03        00000 
-5.58222e-03 -1.35996e-03        00000 
-5.60435e-03 -1.30576e-03        00000 
-5.62715e-03 -1.25461e-03        00000 
-5.64946e-03 -1.20699e-03        00000 
-5.66926e-03 -1.16336e-03        00000 
-5.68316e-03 -1.12427e-03        00000 
-5.68556e-03 -1.09031e-03        00000 
-5.66735e-03 -1.06223e-03        00000 
-5.63873e-03 -2.74541e-03        00000 
-5.68507e-03 -2.72224e-03        00000 
-5.70024e-03 -2.69103e-03        00000 
-5.69731e-03 -2.65438e-03        00000 
-5.68441e-03 -2.61389e-03        00000 
-5.66650e-03 -2.57052e-03        00000 
-5.64658e-03 -2.52482e-03        00000 
-5.62647e-03 -2.47709e-03        00000 
-5.60727e-03 -2.42755e-03        00000 
-5.58960e-03 -2.37631e-03        00000 
-5.57382e-03 -2.32348e-03        00000 
-5.56014e-03 -2.26913e-03        00000 
-5.54865e-03 -2.21338e-03        00000 
-5.53939e-03 -2.15635e-03        00000 
-5.53238e-03 -2.09815e-03        00000 
-5.52761e-03 -2.03896e-03        00000 
-5.52509e-03 -1.97896e-03        00000 
-5.52479e-03 -1.91835e-03        00000 
-5.52673e-03 -1.85737e-03        00000 
-5.53090e-03 -1.79628e-03        00000 
-5.53733e-03 -1.73538e-03        00000 
-5.54601e-03 -1.67496e-03        00000 
-5.55698e-03 -1.61537e-03        00000 
-5.57025e-03 -1.55697e-03        00000 
-5.58580e-03 -1.50015e-03        00000 
-5.60359e-03 -1.44531e-03        00000 
-5.62349e-03 -1.39287e-03        00000 
-5.64525e-03 -1.34328e-03        00000 
-5.66837e-03 -1.29699e-03        00000 
-5.69195e-03 -1.25446e-03        00000 
-5.71444e-03 -1.21613e-03        00000 
-5.73317e-03 -1.18246e-03        00000 
-5.74369e-03 -1.15390e-03        00000 
-5.73861e-03 -1.13088e-03        00000 
-5.76193e-03 -2.61929e-03        00000 
-5.79126e-03 -2.59955e-03        00000 
-5.79352e-03 -2.57236e-03        00000 
-5.78047e-03 -2.53993e-03        00000 
-5.75932e-03 -2.50366e-03        00000 
-5.73445e-03 -2.46438e-03        00000 
-5.70852e-03 -2.42260e-03        00000 
-5.68312e-03 -2.37861e-03        00000 
-5.65919e-03 -2.33262e-03        00000 
-5.63727e-03 -2.28480e-03        00000 
-5.61765e-03 -2.23526e-03        00000 
-5.60050e-03 -2.18414e-03        00000 
-5.58589e-03 -2.13159e-03        00000 
-5.57384e-03 -2.07776e-03        00000 
-5.56436e-03 -2.02284e-03        00000 
-5.55743e-03 -1.96703e-03        00000 
-5.55304e-03 -1.91056e-03        00000 
-5.55119e-03 -1.85369e-03        00000 
-5.55186e-03 -1.79670e-03        00000 
-5.55508e-03 -1.73991e-03        00000 
-5.56084e-03 -1.68365e-03        00000 
-5.56916e-03 -1.62828e-03        00000 
-5.58006e-03 -1.57420e-03        00000 
-5.59353e-03 -1.52181e-03        00000 
-5.60957e-03 -1.47156e-03        00000 
-5.62810e-03 -1.42389e-03        00000 
-5.64894e-03 -1.37926e-03        00000 
-5.67175e-03 -1.33816e-03        00000 
-5.69589e-03 -1.30104e-03        00000 
-5.72019e-03 -1.26834e-03        00000 
-5.74263e-03 -1.24047e-03        00000 
-5.75982e-03 -1.21775e-03        00000 
-5.76594e-03 -1.20043e-03        00000 
-5.75122e-03 -1.18871e-03        00000 
-5.83987e-03 -2.48776e-03        00000 
-5.85310e-03 -2.47176e-03        00000 
-5.84330e-03 -2.44876e-03        00000 
-5.82080e-03 -2.42076e-03        00000 
-5.79194e-03 -2.38895e-03        00000 
-5.76060e-03 -2.35405e-03        00000 
-5.72907e-03 -2.31651e-03        00000 
-5.69875e-03 -2.27662e-03        00000 
-5.67043e-03 -2.23460e-03        00000 
-5.64457e-03 -2.19062e-03        00000 
-5.62140e-03 -2.14486e-03        00000 
-5.60105e-03 -2.09748e-03        00000 
-5.58356e-03 -2.04868e-03        00000 
-5.56895e-03 -1.99867e-03        00000 
-5.55720e-03 -1.94766e-03        00000 
-5.54830e-03 -1.89592e-03        00000 
-5.54224e-03 -1.84372e-03        00000 
-5.53899e-03 -1.79138e-03        00000 
-5.53857e-03 -1.73922e-03        00000 
-5.54097e-03 -1.68761e-03        00000 
-5.54620e-03 -1.63693e-03        00000 
-5.55428e-03 -1.58761e-03        00000 
-5.56522e-03 -1.54007e-03        00000 
-5.57902e-03 -1.49479e-03        00000 
-5.59566e-03 -1.45225e-03        00000 
-5.61503e-03 -1.41293e-03        00000 
-5.63692e-03 -1.37732e-03        00000 
-5.66089e-03 -1.34591e-03        00000 
-5.68614e-03 -1.31913e-03        00000 
-5.71121e-03 -1.29734e-03        00000 
-5.73361e-03 -1.28081e-03        00000 
-5.74905e-03 -1.26961e-03        00000 
-5.75019e-03 -1.26351e-03        00000 
-5.87176e-03 -2.35205e-03        00000 
-5.87018e-03 -2.33976e-03        00000 
-5.84915e-03 -2.32117e-03        00000 
-5.81785e-03 -2.29784e-03        00000 
-5.78184e-03 -2.27077e-03        00000 
-5.74449e-03 -2.24055e-03        00000 
-5.70779e-03 -2.20758e-03        00000 
-5.67293e-03 -2.17215e-03        00000 
-5.64057e-03 -2.13449e-03        00000 
-5.61108e-03 -2.09480e-03        00000 
-5.58464e-03 -2.05330e-03        00000 
-5.56135e-03 -2.01020e-03        00000 
-5.54122e-03 -1.96572e-03        00000 
-5.52426e-03 -1.92014e-03        00000 
-5.51045e-03 -1.87371e-03        00000 
-5.49976e-03 -1.82675e-03        00000 
-5.49218e-03 -1.77958e-03        00000 
-5.48769e-03 -1.73257e-03        00000 
-5.48630e-03 -1.68610e-03        00000 
-5.48800e-03 -1.64057e-03        00000 
-5.49281e-03 -1.59644e-03        00000 
-5.50075e-03 -1.55417e-03        00000 
-5.51183e-03 -1.51425e-03        00000 
-5.52607e-03 -1.47718e-03        00000 
-5.54341e-03 -1.44348e-03        00000 
-5.56376e-03 -1.41367e-03        00000 
-5.58687e-03 -1.38824e-03        00000 
-5.61222e-03 -1.36762e-03        00000 
-5.63888e-03 -1.35217e-03        00000 
-5.66511e-03 -1.34207e-03        00000 
-5.68791e-03 -1.33727e-03        00000 
-5.70225e-03 -1.33736e-03        00000 
-5.84478e-03 -2.21246e-03        00000 
-5.85797e-03 -2.21237e-03        00000 
-5.84243e-03 -2.20430e-03        00000 
-5.81090e-03 -2.19048e-03        00000 
-5.77142e-03 -2.17215e-03        00000 
-5.72881e-03 -2.15011e-03        00000 
-5.68595e-03 -2.12489e-03        00000 
-5.64452e-03 -2.09683e-03        00000 
-5.60550e-03 -2.06623e-03        00000 
-5.56944e-03 -2.03333e-03        00000 
-5.53663e-03 -1.99838e-03        00000 
-5.50720e-03 -1.96163e-03        00000 
-5.48121e-03 -1.92332e-03        00000 
-5.45867e-03 -1.88375e-03        00000 
-5.43957e-03 -1.84322e-03        00000 
-5.42386e-03 -1.80205e-03        00000 
-5.41154e-03 -1.76059e-03        00000 
-5.40258e-03 -1.71923e-03        00000 
-5.39697e-03 -1.67837e-03        00000 
-5.39471e-03 -1.63846e-03        00000 
-5.39581e-03 -1.59995e-03        00000 
-5.40029e-03 -1.56333e-03        00000 
-5.40817e-03 -1.52913e-03        00000 
-5.41949e-03 -1.49788e-03        00000 
-5.43426e-03 -1.47011e-03        00000 
-5.45246e-03 -1.44637e-03        00000 
-5.47401e-03 -1.42716e-03        00000 
-5.49866e-03 -1.41294e-03        00000 
-5.52587e-03 -1.40404e-03        00000 
-5.55464e-03 -1.40060e-03        00000 
-5.58304e-03 -1.40248e-03        00000 
-5.60761e-03 -1.40901e-03        00000 
-5.80327e-03 -2.06647e-03        00000 
-5.79834e-03 -2.07003e-03        00000 
-5.76977e-03 -2.06655e-03        00000 
-5.72855e-03 -2.05783e-03        00000 
-5.68158e-03 -2.04478e-03        00000 
-5.63296e-03 -2.02807e-03        00000 
-5.58508e-03 -2.00812e-03        00000 
-5.53935e-03 -1.98529e-03        00000 
-5.49656e-03 -1.95987e-03        00000 
-5.45714e-03 -1.93213e-03        00000 
-5.42130e-03 -1.90236e-03        00000 
-5.38915e-03 -1.87084e-03        00000 
-5.36070e-03 -1.83787e-03        00000 
-5.33595e-03 -1.80379e-03        00000 
-5.31487e-03 -1.76894e-03        00000 
-5.29744e-03 -1.73371e-03        00000 
-5.28361e-03 -1.69849e-03        00000 
-5.27339e-03 -1.66371e-03        00000 
-5.26675e-03 -1.62984e-03        00000 
-5.26370e-03 -1.59736e-03        00000 
-5.26426e-03 -1.56679e-03        00000 
-5.26847e-03 -1.53867e-03        00000 
-5.27637e-03 -1.51356e-03        00000 
-5.28803e-03 -1.49201e-03        00000 
-5.30349e-03 -1.47459e-03        00000 
-5.32280e-03 -1.46184e-03        00000 
-5.34594e-03 -1.45421e-03        00000 
-5.37274e-03 -1.45205e-03        00000 
-5.40279e-03 -1.45547e-03        00000 
-5.43514e-03 -1.46425e-03        00000 
-5.46785e-03 -1.47763e-03        00000 
-5.49708e-03 -1.49404e-03        00000 
-5.71474e-03 -1.91879e-03        00000 
-5.69296e-03 -1.92645e-03        00000 
-5.65243e-03 -1.92784e-03        00000 
-5.60240e-03 -1.92443e-03        00000 
-5.54868e-03 -1.91688e-03        00000 
-5.49464e-03 -1.90570e-03        00000 
-5.44226e-03 -1.89129e-03        00000 
-5.39267e-03 -1.87397e-03        00000 
-5.34648e-03 -1.85407e-03        00000 
-5.30402e-03 -1.83188e-03        00000 
-5.26545e-03 -1.80771e-03        00000 
-5.23081e-03 -1.78191e-03        00000 
-5.20012e-03 -1.75481e-03        00000 
-5.17333e-03 -1.72680e-03        00000 
-5.15044e-03 -1.69828e-03        00000 
-5.13139e-03 -1.66967e-03        00000 
-5.11616e-03 -1.64142e-03        00000 
-5.10475e-03 -1.61401e-03        00000 
-5.09714e-03 -1.58796e-03        00000 
-5.09335e-03 -1.56380e-03        00000 
-5.09343e-03 -1.54209e-03        00000 
-5.09743e-03 -1.52342e-03        00000 
-5.10544e-03 -1.50836e-03        00000 
-5.11759e-03 -1.49752e-03        00000 
-5.13401e-03 -1.49143e-03        00000 
-5.15486e-03 -1.49058e-03        00000 
-5.18030e-03 -1.49532e-03        00000 
-5.21040e-03 -1.50577e-03        00000 
-5.24506e-03 -1.52167e-03        00000 
-5.28376e-03 -1.54222e-03        00000 
-5.32494e-03 -1.56561e-03        00000 
-5.57947e-03 -1.77089e-03        00000 
-5.54237e-03 -1.78287e-03        00000 
-5.49102e-03 -1.78935e-03        00000 
-5.43313e-03 -1.79137e-03        00000 
-5.37340e-03 -1.78947e-03        00000 
-5.31456e-03 -1.78401e-03        00000 
-5.25818e-03 -1.77536e-03        00000 
-5.20514e-03 -1.76384e-03        00000 
-5.15591e-03 -1.74978e-03        00000 
-5.11073e-03 -1.73350e-03        00000 
-5.06967e-03 -1.71537e-03        00000 
-5.03277e-03 -1.69576e-03        00000 
-5.00000e-03 -1.67507e-03        00000 
-4.97134e-03 -1.65372e-03        00000 
-4.94674e-03 -1.63215e-03        00000 
-4.92617e-03 -1.61084e-03        00000 
-4.90961e-03 -1.59029e-03        00000 
-4.89705e-03 -1.57103e-03        00000 
-4.88850e-03 -1.55362e-03        00000 
-4.88401e-03 -1.53864e-03        00000 
-4.88364e-03 -1.52668e-03        00000 
-4.88750e-03 -1.51837e-03        00000 
-4.89577e-03 -1.51431e-03        00000 
-4.90866e-03 -1.51507e-03        00000 
-4.92650e-03 -1.52116e-03        00000 
-4.94967e-03 -1.53294e-03        00000 
-4.97868e-03 -1.55055e-03        00000 
-5.01408e-03 -1.57372e-03        00000 
-5.05646e-03 -1.60159e-03        00000 
-5.10649e-03 -1.63237e-03        00000 
-5.39833e-03 -1.62382e-03        00000 
-5.34761e-03 -1.64016e-03        00000 
-5.28663e-03 -1.65196e-03        00000 
-5.22178e-03 -1.65961e-03        00000 
-5.15676e-03 -1.66350e-03        00000 
-5.09369e-03 -1.66394e-03        00000 
-5.03380e-03 -1.66127e-03        00000 
-4.97771e-03 -1.65580e-03        00000 
-4.92577e-03 -1.64788e-03        00000 
-4.87813e-03 -1.63789e-03        00000 
-4.83482e-03 -1.62621e-03        00000 
-4.79583e-03 -1.61327e-03        00000 
-4.76115e-03 -1.59950e-03        00000 
-4.73071e-03 -1.58537e-03        00000 
-4.70449e-03 -1.57138e-03        00000 
-4.68245e-03 -1.55804e-03        00000 
-4.66459e-03 -1.54591e-03        00000 
-4.65090e-03 -1.53556e-03        00000 
-4.64143e-03 -1.52758e-03        00000 
-4.63625e-03 -1.52261e-03        00000 
-4.63548e-03 -1.52126e-03        00000 
-4.63934e-03 -1.52418e-03        00000 
-4.64811e-03 -1.53194e-03        00000 
-4.66223e-03 -1.54508e-03        00000 
-4.68229e-03 -1.56398e-03        00000 
-4.70914e-03 -1.58879e-03        00000 
-4.74390e-03 -1.61927e-03        00000 
-4.78805e-03 -1.65453e-03        00000 
-4.84346e-03 -1.69262e-03        00000 
-5.17264e-03 -1.47850e-03        00000 
-5.10988e-03 -1.49958e-03        00000 
-5.04055e-03 -1.51671e-03        00000 
-4.96966e-03 -1.53006e-03        00000 
-4.90005e-03 -1.53985e-03        00000 
-4.83331e-03 -1.54635e-03        00000 
-4.77034e-03 -1.54984e-03        00000 
-4.71158e-03 -1.55066e-03        00000 
-4.65722e-03 -1.54920e-03        00000 
-4.60736e-03 -1.54584e-03        00000 
-4.56199e-03 -1.54102e-03        00000 
-4.52107e-03 -1.53520e-03        00000 
-4.48457e-03 -1.52886e-03        00000 
-4.45244e-03 -1.52252e-03        00000 
-4.42464e-03 -1.51671e-03        00000 
-4.40115e-03 -1.51200e-03        00000 
-4.38198e-03 -1.50898e-03        00000 
-4.36715e-03 -1.50826e-03        00000 
-4.35675e-03 -1.51048e-03        00000 
-4.35092e-03 -1.51629e-03        00000 
-4.34987e-03 -1.52633e-03        00000 
-4.35396e-03 -1.54122e-03        00000 
-4.36371e-03 -1.56149e-03        00000 
-4.37988e-03 -1.58756e-03        00000 
-4.40358e-03 -1.61960e-03        00000 
-4.43643e-03 -1.65737e-03        00000 
-4.48069e-03 -1.70001e-03        00000 
-4.53943e-03 -1.74562e-03        00000 
-4.61657e-03 -1.79069e-03        00000 
-4.96806e-03 -1.30635e-03        00000 
-4.90437e-03 -1.33576e-03        00000 
-4.83107e-03 -1.36175e-03        00000 
-4.75447e-03 -1.38437e-03        00000 
-4.67838e-03 -1.40352e-03        00000 
-4.60483e-03 -1.41934e-03        00000 
-4.53494e-03 -1.43202e-03        00000 
-4.46931e-03 -1.44187e-03        00000 
-4.40819e-03 -1.44922e-03        00000 
-4.35169e-03 -1.45448e-03        00000 
-4.29982e-03 -1.45809e-03        00000 
-4.25253e-03 -1.46052e-03        00000 
-4.20979e-03 -1.46225e-03        00000 
-4.17155e-03 -1.46384e-03        00000 
-4.13775e-03 -1.46581e-03        00000 
-4.10837e-03 -1.46877e-03        00000 
-4.08341e-03 -1.47330e-03        00000 
-4.06290e-03 -1.48004e-03        00000 
-4.04691e-03 -1.48964e-03        00000 
-4.03559e-03 -1.50276e-03        00000 
-4.02918e-03 -1.52005e-03        00000 
-4.02806e-03 -1.54216e-03        00000 
-4.03283e-03 -1.56963e-03        00000 
-4.04437e-03 -1.60290e-03        00000 
-4.06402e-03 -1.64217e-03        00000 
-4.09374e-03 -1.68724e-03        00000 
-4.13640e-03 -1.73728e-03        00000 
-4.19624e-03 -1.79046e-03        00000 
-4.27914e-03 -1.84331e-03        00000 
-4.67305e-03 -1.16298e-03        00000 
-4.59536e-03 -1.19668e-03        00000 
-4.51298e-03 -1.22768e-03        00000 
-4.43022e-03 -1.25586e-03        00000 
-4.34975e-03 -1.28086e-03        00000 
-4.27290e-03 -1.30277e-03        00000 
-4.20037e-03 -1.32174e-03        00000 
-4.13245e-03 -1.33808e-03        00000 
-4.06928e-03 -1.35216e-03        00000 
-4.01085e-03 -1.36440e-03        00000 
-3.95712e-03 -1.37528e-03        00000 
-3.90803e-03 -1.38530e-03        00000 
-3.86353e-03 -1.39501e-03        00000 
-3.82356e-03 -1.40497e-03        00000 
-3.78808e-03 -1.41577e-03        00000 
-3.75709e-03 -1.42803e-03        00000 
-3.73061e-03 -1.44238e-03        00000 
-3.70871e-03 -1.45949e-03        00000 
-3.69154e-03 -1.48003e-03        00000 
-3.67935e-03 -1.50466e-03        00000 
-3.67255e-03 -1.53404e-03        00000 
-3.67178e-03 -1.56873e-03        00000 
-3.67802e-03 -1.60920e-03        00000 
-3.69275e-03 -1.65568e-03        00000 
-3.71822e-03 -1.70800e-03        00000 
-3.75776e-03 -1.76540e-03        00000 
-3.81636e-03 -1.82609e-03        00000 
-3.90160e-03 -1.88672e-03        00000 
-4.33730e-03 -1.02427e-03        00000 
-4.24769e-03 -1.06244e-03        00000 
-4.15774e-03 -1.09840e-03        00000 
-4.06994e-03 -1.13205e-03        00000 
-3.98592e-03 -1.16287e-03        00000 
-3.90638e-03 -1.19085e-03        00000 
-3.83164e-03 -1.21616e-03        00000 
-3.76179e-03 -1.23909e-03        00000 
-3.69680e-03 -1.26005e-03        00000 
-3.63661e-03 -1.27948e-03        00000 
-3.58114e-03 -1.29791e-03        00000 
-3.53032e-03 -1.31586e-03        00000 
-3.48406e-03 -1.33392e-03        00000 
-3.44234e-03 -1.35268e-03        00000 
-3.40513e-03 -1.37276e-03        00000 
-3.37245e-03 -1.39482e-03        00000 
-3.34437e-03 -1.41952e-03        00000 
-3.32104e-03 -1.44753e-03        00000 
-3.30271e-03 -1.47953e-03        00000 
-3.28980e-03 -1.51619e-03        00000 
-3.28299e-03 -1.55808e-03        00000 
-3.28332e-03 -1.60569e-03        00000 
-3.29238e-03 -1.65928e-03        00000 
-3.31262e-03 -1.71874e-03        00000 
-3.34771e-03 -1.78336e-03        00000 
-3.40318e-03 -1.85144e-03        00000 
-3.48731e-03 -1.91973e-03        00000 
-3.96331e-03 -8.91281e-04        00000 
-3.86402e-03 -9.33740e-04        00000 
-3.76795e-03 -9.74628e-04        00000 
-3.67618e-03 -1.01359e-03        00000 
-3.58936e-03 -1.05011e-03        00000 
-3.50767e-03 -1.08411e-03        00000 
-3.43112e-03 -1.11575e-03        00000 
-3.35960e-03 -1.14535e-03        00000 
-3.29299e-03 -1.17332e-03        00000 
-3.23116e-03 -1.20014e-03        00000 
-3.17400e-03 -1.22636e-03        00000 
-3.12144e-03 -1.25254e-03        00000 
-3.07339e-03 -1.27928e-03        00000 
-3.02985e-03 -1.30722e-03        00000 
-2.99081e-03 -1.33700e-03        00000 
-2.95635e-03 -1.36929e-03        00000 
-2.92660e-03 -1.40477e-03        00000 
-2.90182e-03 -1.44413e-03        00000 
-2.88244e-03 -1.48801e-03        00000 
-2.86915e-03 -1.53703e-03        00000 
-2.86303e-03 -1.59167e-03        00000 
-2.86575e-03 -1.65223e-03        00000 
-2.87989e-03 -1.71863e-03        00000 
-2.90939e-03 -1.79023e-03        00000 
-2.96019e-03 -1.86546e-03        00000 
-3.04123e-03 -1.94127e-03        00000 
-3.55424e-03 -7.64440e-04        00000 
-3.44751e-03 -8.10834e-04        00000 
-3.34667e-03 -8.56561e-04        00000 
-3.25183e-03 -9.00739e-04        00000 
-3.16284e-03 -9.42871e-04        00000 
-3.07945e-03 -9.82852e-04        00000 
-3.00139e-03 -1.02084e-03        00000 
-2.92841e-03 -1.05716e-03        00000 
-2.86029e-03 -1.09226e-03        00000 
-2.79688e-03 -1.12663e-03        00000 
-2.73803e-03 -1.16085e-03        00000 
-2.68368e-03 -1.19551e-03        00000 
-2.63376e-03 -1.23124e-03        00000 
-2.58827e-03 -1.26868e-03        00000 
-2.54729e-03 -1.30850e-03        00000 
-2.51093e-03 -1.35138e-03        00000 
-2.47946e-03 -1.39800e-03        00000 
-2.45331e-03 -1.44902e-03        00000 
-2.43317e-03 -1.50504e-03        00000 
-2.42013e-03 -1.56657e-03        00000 
-2.41592e-03 -1.63391e-03        00000 
-2.42319e-03 -1.70704e-03        00000 
-2.44604e-03 -1.78539e-03        00000 
-2.49073e-03 -1.86748e-03        00000 
-2.56677e-03 -1.95043e-03        00000 
-2.68852e-03 -2.02904e-03        00000 
-3.11412e-03 -6.43224e-04        00000 
-3.00158e-03 -6.93745e-04        00000 
-2.89711e-03 -7.44299e-04        00000 
-2.79995e-03 -7.93677e-04        00000 
-2.70932e-03 -8.41379e-04        00000 
-2.62459e-03 -8.87305e-04        00000 
-2.54526e-03 -9.31634e-04        00000 
-2.47095e-03 -9.74718e-04        00000 
-2.40139e-03 -1.01702e-03        00000 
-2.33639e-03 -1.05907e-03        00000 
-2.27579e-03 -1.10146e-03        00000 
-2.21954e-03 -1.14481e-03        00000 
-2.16761e-03 -1.18975e-03        00000 
-2.12004e-03 -1.23695e-03        00000 
-2.07697e-03 -1.28708e-03        00000 
-2.03864e-03 -1.34081e-03        00000 
-2.00548e-03 -1.39880e-03        00000 
-1.97818e-03 -1.46165e-03        00000 
-1.95783e-03 -1.52987e-03        00000 
-1.94617e-03 -1.60380e-03        00000 
-1.94588e-03 -1.68344e-03        00000 
-1.96114e-03 -1.76829e-03        00000 
-1.99837e-03 -1.85700e-03        00000 
-2.06745e-03 -1.94685e-03        00000 
-2.18346e-03 -2.03291e-03        00000 
-2.77557e-03 -4.75728e-04        00000 
-2.64647e-03 -5.28148e-04        00000 
-2.52946e-03 -5.82997e-04        00000 
-2.42242e-03 -6.38279e-04        00000 
-2.32368e-03 -6.92721e-04        00000 
-2.23190e-03 -7.45864e-04        00000 
-2.14614e-03 -7.97634e-04        00000 
-2.06572e-03 -8.48246e-04        00000 
-1.99018e-03 -8.98079e-04        00000 
-1.91918e-03 -9.47621e-04        00000 
-1.85251e-03 -9.97429e-04        00000 
-1.79005e-03 -1.04810e-03        00000 
-1.73176e-03 -1.10027e-03        00000 
-1.67764e-03 -1.15459e-03        00000 
-1.62783e-03 -1.21172e-03        00000 
-1.58255e-03 -1.27231e-03        00000 
-1.54223e-03 -1.33703e-03        00000 
-1.50753e-03 -1.40646e-03        00000 
-1.47956e-03 -1.48112e-03        00000 
-1.46001e-03 -1.56135e-03        00000 
-1.45159e-03 -1.64721e-03        00000 
-1.45844e-03 -1.73828e-03        00000 
-1.48703e-03 -1.83334e-03        00000 
-1.54729e-03 -1.92990e-03        00000 
-1.65468e-03 -2.02344e-03        00000 
-2.28935e-03 -3.64253e-04        00000 
-2.15447e-03 -4.20378e-04        00000 
-2.03459e-03 -4.79194e-04        00000 
-1.92603e-03 -5.38883e-04        00000 
-1.82641e-03 -5.98104e-04        00000 
-1.73392e-03 -6.56450e-04        00000 
-1.64739e-03 -7.13885e-04        00000 
-1.56601e-03 -7.70652e-04        00000 
-1.48925e-03 -8.27159e-04        00000 
-1.41675e-03 -8.83914e-04        00000 
-1.34830e-03 -9.41487e-04        00000 
-1.28382e-03 -1.00049e-03        00000 
-1.22329e-03 -1.06155e-03        00000 
-1.16680e-03 -1.12532e-03        00000 
-1.11458e-03 -1.19243e-03        00000 
-1.06702e-03 -1.26353e-03        00000 
-1.02480e-03 -1.33920e-03        00000 
-9.88978e-04 -1.41994e-03        00000 
-9.61233e-04 -1.50611e-03        00000 
-9.44210e-04 -1.59779e-03        00000 
-9.42028e-04 -1.69463e-03        00000 
-9.61080e-04 -1.79554e-03        00000 
-1.01123e-03 -1.89823e-03        00000 
-1.10765e-03 -1.99853e-03        00000 
-1.78047e-03 -2.60575e-04        00000 
-1.64208e-03 -3.20186e-04        00000 
-1.52083e-03 -3.82534e-04        00000 
-1.41174e-03 -4.46185e-04        00000 
-1.31183e-03 -5.09815e-04        00000 
-1.21900e-03 -5.73050e-04        00000 
-1.13187e-03 -6.35900e-04        00000 
-1.04958e-03 -6.98634e-04        00000 
-9.71547e-04 -7.61678e-04        00000 
-8.97428e-04 -8.25553e-04        00000 
-8.27036e-04 -8.90834e-04        00000 
-7.60314e-04 -9.58127e-04        00000 
-6.97325e-04 -1.02805e-03        00000 
-6.38269e-04 -1.10124e-03        00000 
-5.83526e-04 -1.17828e-03        00000 
-5.33739e-04 -1.25976e-03        00000 
-4.89943e-04 -1.34616e-03        00000 
-4.53781e-04 -1.43782e-03        00000 
-4.27835e-04 -1.53485e-03        00000 
-4.16140e-04 -1.63692e-03        00000 
-4.24979e-04 -1.74305e-03        00000 
-4.64108e-04 -1.85111e-03        00000 
-5.48540e-04 -1.95723e-03        00000 
-7.01384e-04 -2.05459e-03        00000 
-1.25334e-03 -1.64824e-04        00000 
-1.11373e-03 -2.27348e-04        00000 
-9.92429e-04 -2.92808e-04        00000 
-8.83651e-04 -3.59917e-04        00000 
-7.83927e-04 -4.27534e-04        00000 
-6.90981e-04 -4.95304e-04        00000 
-6.03351e-04 -5.63276e-04        00000 
-5.20111e-04 -6.31741e-04        00000 
-4.40692e-04 -7.01135e-04        00000 
-3.64770e-04 -7.71979e-04        00000 
-2.92203e-04 -8.44839e-04        00000 
-2.23001e-04 -9.20306e-04        00000 
-1.57329e-04 -9.98971e-04        00000 
-9.55409e-05 -1.08141e-03        00000 
-3.82520e-05 -1.16817e-03        00000 
 1.35376e-05 -1.25971e-03        00000 
 5.82371e-05 -1.35637e-03        00000 
 9.33432e-05 -1.45825e-03        00000 
 1.14937e-04 -1.56508e-03        00000 
 1.16905e-04 -1.67593e-03        00000 
 8.97264e-05 -1.78887e-03        00000 
 1.85674e-05 -1.90032e-03        00000 
-1.19336e-04 -2.00403e-03        00000 
-7.13005e-04 -7.64914e-05        00000 
-5.74338e-04 -1.41078e-04        00000 
-4.54035e-04 -2.09236e-04        00000 
-3.46139e-04 -2.79390e-04        00000 
-2.46905e-04 -3.50604e-04        00000 
-1.53959e-04 -4.22570e-04        00000 
-6.57988e-05 -4.95367e-04        00000 
 1.85050e-05 -5.69302e-04        00000 
 9.94985e-05 -6.44815e-04        00000 
 1.77462e-04 -7.22417e-04        00000 
 2.52469e-04 -8.02652e-04        00000 
 3.24411e-04 -8.86076e-04        00000 
 3.92974e-04 -9.73231e-04        00000 
 4.57581e-04 -1.06463e-03        00000 
 5.17274e-04 -1.16070e-03        00000 
 5.70526e-04 -1.26177e-03        00000 
 6.14931e-04 -1.36794e-03        00000 
 6.46720e-04 -1.47897e-03        00000 
 6.60005e-04 -1.59406e-03        00000 
 6.45620e-04 -1.71146e-03        00000 
 5.89297e-04 -1.82792e-03        00000 
 4.68588e-04 -1.93785e-03        00000 
-1.65433e-04  6.26278e-06        00000 
-2.89515e-05 -6.02033e-05        00000 
 8.96510e-05 -1.30789e-04        00000 
 1.96324e-04 -2.03727e-04        00000 
 2.94919e-04 -2.78226e-04        00000 
 3.87859e-04 -3.54065e-04        00000 
 4.76652e-04 -4.31374e-04        00000 
 5.62202e-04 -5.10481e-04        00000 
 6.45010e-04 -5.91824e-04        00000 
 7.25289e-04 -6.75894e-04        00000 
 8.03018e-04 -7.63200e-04        00000 
 8.77944e-04 -8.54245e-04        00000 
 9.49542e-04 -9.49496e-04        00000 
 1.01691e-03 -1.04936e-03        00000 
 1.07859e-03 -1.15412e-03        00000 
 1.13229e-03 -1.26388e-03        00000 
 1.17440e-03 -1.37842e-03        00000 
 1.19931e-03 -1.49702e-03        00000 
 1.19823e-03 -1.61809e-03        00000 
 1.15754e-03 -1.73871e-03        00000 
 1.05609e-03 -1.85372e-03        00000 
 2.24239e-04  1.45571e-04        00000 
 3.84316e-04  8.41050e-05        00000 
 5.17916e-04  1.56670e-05        00000 
 6.34224e-04 -5.69824e-05        00000 
 7.39343e-04 -1.32289e-04        00000 
 8.37182e-04 -2.09656e-04        00000 
 9.30151e-04 -2.88962e-04        00000 
 1.01972e-03 -3.70393e-04        00000 
 1.10673e-03 -4.54293e-04        00000 
 1.19162e-03 -5.41088e-04        00000 
 1.27450e-03 -6.31235e-04        00000 
 1.35521e-03 -7.25187e-04        00000 
 1.43331e-03 -8.23368e-04        00000 
 1.50796e-03 -9.26136e-04        00000 
 1.57779e-03 -1.03374e-03        00000 
 1.64061e-03 -1.14627e-03        00000 
 1.69299e-03 -1.26349e-03        00000 
 1.72960e-03 -1.38472e-03        00000 
 1.74206e-03 -1.50850e-03        00000 
 1.71735e-03 -1.63214e-03        00000 
 1.63527e-03 -1.75096e-03        00000 
 1.46464e-03 -1.85698e-03        00000 
 7.76762e-04  2.19333e-04        00000 
 9.32135e-04  1.56337e-04        00000 
 1.06169e-03  8.67238e-05        00000 
 1.17507e-03  1.26994e-05        00000 
 1.27833e-03 -6.43584e-05        00000 
 1.37534e-03 -1.44032e-04        00000 
 1.46840e-03 -2.26290e-04        00000 
 1.55891e-03 -3.11357e-04        00000 
 1.64762e-03 -3.99576e-04        00000 
 1.73485e-03 -4.91341e-04        00000 
 1.82060e-03 -5.87051e-04        00000 
 1.90451e-03 -6.87078e-04        00000 
 1.98586e-03 -7.91731e-04        00000 
 2.06336e-03 -9.01218e-04        00000 
 2.13497e-03 -1.01558e-03        00000 
 2.19743e-03 -1.13459e-03        00000 
 2.24569e-03 -1.25758e-03        00000 
 2.27182e-03 -1.38321e-03        00000 
 2.26348e-03 -1.50898e-03        00000 
 2.20137e-03 -1.63065e-03        00000 
 2.05552e-03 -1.74102e-03        00000 
 1.32390e-03  2.87559e-04        00000 
 1.47280e-03  2.23753e-04        00000 
 1.59733e-03  1.53806e-04        00000 
 1.70726e-03  7.91977e-05        00000 
 1.80846e-03  1.08643e-06        00000 
 1.90461e-03 -8.02535e-05        00000 
 1.99788e-03 -1.64871e-04        00000 
 2.08951e-03 -2.53003e-04        00000 
 2.18014e-03 -3.44969e-04        00000 
 2.26996e-03 -4.41106e-04        00000 
 2.35879e-03 -5.41727e-04        00000 
 2.44601e-03 -6.47086e-04        00000 
 2.53050e-03 -7.57339e-04        00000 
 2.61034e-03 -8.72488e-04        00000 
 2.68250e-03 -9.92292e-04        00000 
 2.74220e-03 -1.11612e-03        00000 
 2.78200e-03 -1.24270e-03        00000 
 2.79029e-03 -1.36979e-03        00000 
 2.74900e-03 -1.49351e-03        00000 
 2.62958e-03 -1.60747e-03        00000 
 1.85988e-03  3.51355e-04        00000 
 2.00076e-03  2.87677e-04        00000 
 2.11952e-03  2.18179e-04        00000 
 2.22564e-03  1.43801e-04        00000 
 2.32469e-03  6.53645e-05        00000 
 2.42002e-03 -1.69649e-05        00000 
 2.51360e-03 -1.03293e-04        00000 
 2.60652e-03 -1.93849e-04        00000 
 2.69926e-03 -2.88900e-04        00000 
 2.79185e-03 -3.88692e-04        00000 
 2.88387e-03 -4.93414e-04        00000 
 2.97435e-03 -6.03160e-04        00000 
 3.06160e-03 -7.17885e-04        00000 
 3.14279e-03 -8.37318e-04        00000 
 3.21348e-03 -9.60838e-04        00000 
 3.26668e-03 -1.08727e-03        00000 
 3.29154e-03 -1.21453e-03        00000 
 3.27115e-03 -1.33912e-03        00000 
 3.17930e-03 -1.45522e-03        00000 
 2.37868e-03  4.12184e-04        00000 
 2.51021e-03  3.49820e-04        00000 
 2.62274e-03  2.81539e-04        00000 
 2.72490e-03  2.08137e-04        00000 
 2.82178e-03  1.30079e-04        00000 
 2.91636e-03  4.74265e-05        00000 
 3.01037e-03 -3.99511e-05        00000 
 3.10469e-03 -1.32245e-04        00000 
 3.19964e-03 -2.29630e-04        00000 
 3.29504e-03 -3.32224e-04        00000 
 3.39018e-03 -4.40046e-04        00000 
 3.48360e-03 -5.52985e-04        00000 
 3.57280e-03 -6.70728e-04        00000 
 3.65367e-03 -7.92647e-04        00000 
 3.71970e-03 -9.17612e-04        00000 
 3.76074e-03 -1.04370e-03        00000 
 3.76099e-03 -1.16772e-03        00000 
 3.69595e-03 -1.28449e-03        00000 
 3.52791e-03 -1.38563e-03        00000 
 2.87357e-03  4.72667e-04        00000 
 2.99526e-03  4.12367e-04        00000 
 3.10147e-03  3.45905e-04        00000 
 3.19971e-03  2.74025e-04        00000 
 3.29446e-03  1.96933e-04        00000 
 3.38833e-03  1.14580e-04        00000 
 3.48276e-03  2.68214e-05        00000 
 3.57843e-03 -6.64645e-05        00000 
 3.67549e-03 -1.65325e-04        00000 
 3.77353e-03 -2.69697e-04        00000 
 3.87146e-03 -3.79385e-04        00000 
 3.96714e-03 -4.94010e-04        00000 
 4.05692e-03 -6.12925e-04        00000 
 4.13482e-03 -7.35043e-04        00000 
 4.19140e-03 -8.58574e-04        00000 
 4.21197e-03 -9.80605e-04        00000 
 4.17364e-03 -1.09645e-03        00000 
 4.04069e-03 -1.19853e-03        00000 
 3.20394e-03  5.85899e-04        00000 
 3.33880e-03  5.34814e-04        00000 
 3.45084e-03  4.76732e-04        00000 
 3.55067e-03  4.12671e-04        00000 
 3.64492e-03  3.42928e-04        00000 
 3.73746e-03  2.67437e-04        00000 
 3.83045e-03  1.86047e-04        00000 
 3.92505e-03  9.86348e-05        00000 
 4.02176e-03  5.19284e-06        00000 
 4.12052e-03 -9.41354e-05        00000 
 4.22070e-03 -1.99045e-04        00000 
 4.32069e-03 -3.09060e-04        00000 
 4.41745e-03 -4.23480e-04        00000 
 4.50567e-03 -5.41251e-04        00000 
 4.57670e-03 -6.60723e-04        00000 
 4.61691e-03 -7.79251e-04        00000 
 4.60510e-03 -8.92605e-04        00000 
 4.50820e-03 -9.94060e-04        00000 
 3.64990e-03  6.47419e-04        00000 
 3.77007e-03  5.98693e-04        00000 
 3.87211e-03  5.43844e-04        00000 
 3.96536e-03  4.83034e-04        00000 
 4.05540e-03  4.16178e-04        00000 
 4.14538e-03  3.42992e-04        00000 
 4.23702e-03  2.63274e-04        00000 
 4.33116e-03  1.76989e-04        00000 
 4.42811e-03  8.43284e-05        00000 
 4.52769e-03 -1.42799e-05        00000 
 4.62901e-03 -1.18199e-04        00000 
 4.72985e-03 -2.26601e-04        00000 
 4.82588e-03 -3.38415e-04        00000 
 4.90944e-03 -4.52123e-04        00000 
 4.96802e-03 -5.65399e-04        00000 
 4.98202e-03 -6.74543e-04        00000 
 4.92112e-03 -7.73666e-04        00000 
 4.05716e-03  7.11069e-04        00000 
 4.16223e-03  6.65778e-04        00000 
 4.25405e-03  6.15120e-04        00000 
 4.34047e-03  5.58385e-04        00000 
 4.42588e-03  4.95128e-04        00000 
 4.51266e-03  4.24906e-04        00000 
 4.60198e-03  3.47535e-04        00000 
 4.69441e-03  2.63162e-04        00000 
 4.79012e-03  1.72305e-04        00000 
 4.88892e-03  7.58224e-05        00000 
 4.98972e-03 -2.51916e-05        00000 
 5.08958e-03 -1.29490e-04        00000 
 5.18233e-03 -2.35606e-04        00000 
 5.25691e-03 -3.41536e-04        00000 
 5.29525e-03 -4.44184e-04        00000 
 5.26923e-03 -5.38573e-04        00000 
 4.42045e-03  7.78564e-04        00000 
 4.51033e-03  7.37756e-04        00000 
 4.59187e-03  6.92054e-04        00000 
 4.67112e-03  6.40067e-04        00000 
 4.75120e-03  5.80971e-04        00000 
 4.83359e-03  5.14220e-04        00000 
 4.91891e-03  4.39728e-04        00000 
 5.00741e-03  3.57963e-04        00000 
 5.09933e-03  2.69976e-04        00000 
 5.19468e-03  1.77284e-04        00000 
 5.29245e-03  8.16099e-05        00000 
 5.38881e-03 -1.53404e-05        00000 
 5.47499e-03 -1.11776e-04        00000 
 5.53491e-03 -2.05256e-04        00000 
 5.54235e-03 -2.91820e-04        00000 
 5.45672e-03 -3.64656e-04        00000 
 4.73508e-03  8.51490e-04        00000 
 4.81001e-03  8.16110e-04        00000 
 4.88126e-03  7.75953e-04        00000 
 4.95280e-03  7.29142e-04        00000 
 5.02636e-03  6.74497e-04        00000 
 5.10241e-03  6.11411e-04        00000 
 5.18087e-03  5.40010e-04        00000 
 5.26176e-03  4.61302e-04        00000 
 5.34563e-03  3.77208e-04        00000 
 5.43336e-03  2.90280e-04        00000 
 5.52456e-03  2.03101e-04        00000 
 5.61445e-03  1.17739e-04        00000 
 5.69037e-03  3.59981e-05        00000 
 5.72867e-03 -3.94798e-05        00000 
 5.69125e-03 -1.03894e-04        00000 
 4.99707e-03  9.31349e-04        00000 
 5.05783e-03  9.01969e-04        00000 
 5.11876e-03  8.67635e-04        00000 
 5.18171e-03  8.26039e-04        00000 
 5.24684e-03  7.75687e-04        00000 
 5.31340e-03  7.15929e-04        00000 
 5.38040e-03  6.47237e-04        00000 
 5.44761e-03  5.71502e-04        00000 
 5.51655e-03  4.92111e-04        00000 
 5.59026e-03  4.13314e-04        00000 
 5.67042e-03  3.38842e-04        00000 
 5.75123e-03  2.70643e-04        00000 
 5.81382e-03  2.09624e-04        00000 
 5.82314e-03  1.57990e-04        00000 
 5.20451e-03  1.01869e-03        00000 
 5.25193e-03  9.95450e-04        00000 
 5.30225e-03  9.66885e-04        00000 
 5.35514e-03  9.30119e-04        00000 
 5.40894e-03  8.83268e-04        00000 
 5.46117e-03  8.25625e-04        00000 
 5.50941e-03  7.58169e-04        00000 
 5.55306e-03  6.84237e-04        00000 
 5.59584e-03  6.09801e-04        00000 
 5.64598e-03  5.42059e-04        00000 
 5.71039e-03  4.86260e-04        00000 
 5.78192e-03  4.42719e-04        00000 
 5.83096e-03  4.09327e-04        00000 
 5.32824e-03  1.12865e-03        00000 
 5.35727e-03  1.11293e-03        00000 
 5.39210e-03  1.09577e-03        00000 
 5.43127e-03  1.07245e-03        00000 
 5.47202e-03  1.03944e-03        00000 
 5.51033e-03  9.94288e-04        00000 
 5.54108e-03  9.36063e-04        00000 
 5.55916e-03  8.66364e-04        00000 
 5.56302e-03  7.90858e-04        00000 
 5.56114e-03  7.20308e-04        00000 
 5.57352e-03  6.67389e-04        00000 
 5.61975e-03  6.39379e-04        00000 
 5.68931e-03  6.30719e-04        00000 
 5.73108e-03  6.32230e-04        00000 
 5.44278e-03  1.22241e-03        00000 
 5.45735e-03  1.21256e-03        00000 
 5.48054e-03  1.20083e-03        00000 
 5.50784e-03  1.18160e-03        00000 
 5.53379e-03  1.15041e-03        00000 
 5.55113e-03  1.10377e-03        00000 
 5.55025e-03  1.03992e-03        00000 
 5.52054e-03  9.60904e-04        00000 
 5.45738e-03  8.75920e-04        00000 
 5.37929e-03  8.05088e-04        00000 
 5.33315e-03  7.71889e-04        00000 
 5.36887e-03  7.86521e-04        00000 
 5.46300e-03  8.25487e-04        00000 
 5.50653e-03  1.31876e-03        00000 
 5.50998e-03  1.31426e-03        00000 
 5.52270e-03  1.30685e-03        00000 
 5.53740e-03  1.29011e-03        00000 
 5.54560e-03  1.25814e-03        00000 
 5.53535e-03  1.20537e-03        00000 
 5.48916e-03  1.12777e-03        00000 
 5.38466e-03  1.02639e-03        00000 
 5.20707e-03  9.14795e-04        00000 
 4.99671e-03  8.32261e-04        00000 
 4.86214e-03  8.24201e-04        00000 
 4.92890e-03  9.06305e-04        00000 
 5.52831e-03  1.41279e-03        00000 
 5.52436e-03  1.41255e-03        00000 
 5.52795e-03  1.40846e-03        00000 
 5.52955e-03  1.39329e-03        00000 
 5.51717e-03  1.35901e-03        00000 
 5.47205e-03  1.29625e-03        00000 
 5.36320e-03  1.19530e-03        00000 
 5.14312e-03  1.05129e-03        00000 
 4.76370e-03  8.78247e-04        00000 
 4.31611e-03  7.56604e-04        00000 
 4.05163e-03  7.73657e-04        00000 
 5.52161e-03  1.49630e-03        00000 
 5.51362e-03  1.49962e-03        00000 
 5.50922e-03  1.50000e-03        00000 
 5.49698e-03  1.49012e-03        00000 
 5.46054e-03  1.46020e-03        00000 
 5.37167e-03  1.39586e-03        00000 
 5.17794e-03  1.27616e-03        00000 
 4.78105e-03  1.07589e-03        00000 
 4.02422e-03  7.80049e-04        00000 
 3.13059e-03  5.65574e-04        00000 
 2.68216e-03  5.79484e-04        00000 
 5.50296e-03  1.55843e-03        00000 
 5.49278e-03  1.56657e-03        00000 
 5.47913e-03  1.57942e-03        00000 
 5.44742e-03  1.59457e-03        00000 
 5.37391e-03  1.60789e-03        00000 
 5.21641e-03  1.60902e-03        00000 
 4.89179e-03  1.57016e-03        00000 
 4.21590e-03  1.41630e-03        00000 
 2.70916e-03  8.57691e-04        00000 
 1.00607e-03  3.79211e-04        00000 
 1.17448e-04 -9.89865e-05        00000 
 3.07312e-03  3.06264e-04        00000 
 2.57296e-03 -2.46214e-03        00000 
 7.94940e-05 -3.17145e-03        00000 
-5.83938e-03 -2.35525e-03        00000 
-5.22034e-03 -1.45285e-03        00000 
 5.15793e-03  1.04052e-03        00000 
 1.26345e-04 -8.98100e-05        00000 
 3.45595e-04 -2.91004e-04        00000 
 1.33433e-03 -7.18316e-04        00000 
 2.19539e-03 -9.92994e-04        00000 
 2.72795e-03 -1.15041e-03        00000 
 2.58189e-03 -1.14157e-03        00000 
 1.93363e-03 -1.04019e-03        00000 
 8.55969e-04 -8.92862e-04        00000 
-9.30449e-04 -7.33877e-04        00000 
-2.44675e-03 -6.60295e-04        00000 
-3.85214e-03 -6.81628e-04        00000 
-5.19774e-03 -8.68769e-04        00000 
-5.70607e-03 -1.11373e-03        00000 
-5.62233e-03 -1.41934e-03        00000 
-4.91178e-03 -1.73117e-03        00000 
-3.16560e-03 -2.01238e-03        00000 
-1.27296e-03 -2.09020e-03        00000 
 8.62377e-04 -1.95631e-03        00000 
 2.97700e-03 -1.55498e-03        00000 
 5.13640e-03 -6.17216e-04        00000 
 5.80478e-03  3.86555e-04        00000 
 4.27955e-03  9.64104e-04        00000 
 1.15534e-04 -1.17774e-04        00000 
 8.03878e-04 -5.47652e-04        00000 
 1.06900e-03 -6.37559e-04        00000 
 1.99261e-03 -9.42749e-04        00000 
 2.59247e-03 -1.11563e-03        00000 
 2.67836e-03 -1.13594e-03        00000 
 2.72384e-03 -1.15687e-03        00000 
 2.67143e-03 -1.15102e-03        00000 
 2.15591e-03 -1.06510e-03        00000 
 1.18682e-03 -9.20808e-04        00000 
-1.21329e-04 -7.69122e-04        00000 
-5.21988e-04 -7.48954e-04        00000 
-1.60940e-03 -6.59761e-04        00000 
-2.03129e-03 -6.57159e-04        00000 
-3.48250e-03 -6.54110e-04        00000 
-4.68656e-03 -7.59103e-04        00000 
-4.96077e-03 -8.11197e-04        00000 
-5.47626e-03 -9.70016e-04        00000 
-5.61368e-03 -1.04095e-03        00000 
-5.72514e-03 -1.26168e-03        00000 
-5.69796e-03 -1.34138e-03        00000 
-5.16089e-03 -1.66310e-03        00000 
-4.01917e-03 -1.94251e-03        00000 
-3.61037e-03 -1.98346e-03        00000 
-2.36151e-03 -2.10875e-03        00000 
-1.82796e-03 -2.10713e-03        00000 
-3.48182e-04 -2.09230e-03        00000 
 2.55939e-04 -2.03292e-03        00000 
 2.39598e-03 -1.70272e-03        00000 
 4.28346e-03 -1.07499e-03        00000 
 4.74134e-03 -8.54329e-04        00000 
 5.52840e-03 -1.50773e-04        00000 
 5.72541e-03  1.20719e-04        00000 
 5.10363e-03  1.00231e-03        00000 
 2.96614e-05  7.24712e-06        00000 
 5.15279e-21  2.78082e-20        00000 
 1.31325e-04  1.30061e-04        00000 
 3.13239e-20  6.40566e-21        00000 
 1.87869e-21  1.98752e-20        00000 
 7.56658e-06 -3.66721e-06        00000 
 9.60953e-06 -5.16882e-06        00000 
 8.04044e-06 -4.15686e-06        00000 
 4.60328e-20 -1.82377e-20        00000 
 7.21460e-05 -6.57224e-05        00000 
 3.21327e-04  2.91430e-04        00000 
 3.32422e-04  2.94804e-04        00000 
 2.82481e-04  2.52598e-04        00000 
 3.25650e-04  2.92701e-04        00000 
 2.26838e-04 -2.26352e-04        00000 
 3.05828e-04 -2.84534e-04        00000 
 2.01296e-04 -2.05054e-04        00000 
 2.42235e-04 -2.39066e-04        00000 
 7.27177e-04  3.73269e-04        00000 
 5.15737e-04  3.32351e-04        00000 
 7.85534e-04  3.79677e-04        00000 
 7.53493e-04  3.76537e-04        00000 
 4.47742e-04 -3.77703e-04        00000 
 4.20119e-04 -3.59609e-04        00000 
 4.92676e-04 -4.02292e-04        00000 
 1.17614e-03  4.14160e-04        00000 
 9.99621e-04  4.00832e-04        00000 
 1.32861e-03  4.19141e-04        00000 
 1.24531e-03  4.16777e-04        00000 
 6.82204e-04 -4.95008e-04        00000 
 6.07312e-04 -4.58411e-04        00000 
 8.02425e-04 -5.47382e-04        00000 
 1.63015e-03  4.23256e-04        00000 
 1.49262e-03  4.22587e-04        00000 
 1.86628e-03  4.19689e-04        00000 
 1.73814e-03  4.21958e-04        00000 
 9.27469e-04 -5.97460e-04        00000 
 8.05310e-04 -5.48548e-04        00000 
 1.00413e-03 -6.27766e-04        00000 
 2.07452e-03  4.11657e-04        00000 
 1.98023e-03  4.16537e-04        00000 
 2.38001e-03  3.92659e-04        00000 
 2.21491e-03  4.03186e-04        00000 
 1.17740e-03 -6.90721e-04        00000 
 1.32786e-03 -7.43523e-04        00000 
 1.13070e-03 -6.73773e-04        00000 
 1.20646e-03 -7.01408e-04        00000 
 2.49679e-03  3.81934e-04        00000 
 2.44394e-03  3.87938e-04        00000 
 2.85532e-03  3.41239e-04        00000 
 2.66241e-03  3.63335e-04        00000 
 1.42328e-03 -7.75246e-04        00000 
 1.40527e-03 -7.69298e-04        00000 
 1.45185e-03 -7.84226e-04        00000 
 2.89044e-03  3.36190e-04        00000 
 2.87451e-03  3.38900e-04        00000 
 3.06907e-03  3.06928e-04        00000 
 1.65697e-03 -8.49433e-04        00000 
 1.59585e-03 -8.30202e-04        00000 
 1.75319e-03 -8.78733e-04        00000 
 3.24738e-03  2.75517e-04        00000 
 3.07317e-03  3.06263e-04        00000 
 3.28029e-03  2.67962e-04        00000 
 3.26250e-03  2.72007e-04        00000 
 1.87680e-03 -9.16887e-04        00000 
 1.77941e-03 -8.86941e-04        00000 
 1.95159e-03 -9.38793e-04        00000 
 3.56511e-03  1.97295e-04        00000 
 3.43878e-03  2.30126e-04        00000 
 3.65133e-03  1.70686e-04        00000 
 3.60487e-03  1.85088e-04        00000 
 2.07864e-03 -9.76703e-04        00000 
 2.23764e-03 -1.02195e-03        00000 
 2.02706e-03 -9.61281e-04        00000 
 2.11025e-03 -9.85933e-04        00000 
 3.84489e-03  1.03081e-04        00000 
 3.75954e-03  1.34689e-04        00000 
 3.96703e-03  5.20127e-05        00000 
 3.90154e-03  7.97086e-05        00000 
 2.25865e-03 -1.02825e-03        00000 
 2.25473e-03 -1.02710e-03        00000 
 2.26469e-03 -1.02983e-03        00000 
 4.08481e-03 -5.47688e-06        00000 
 4.03298e-03  2.16772e-05        00000 
 4.22451e-03 -8.58496e-05        00000 
 4.15021e-03 -4.23077e-05        00000 
 2.40994e-03 -1.06959e-03        00000 
 2.37847e-03 -1.06127e-03        00000 
 2.45687e-03 -1.08155e-03        00000 
 4.28349e-03 -1.26578e-04        00000 
 4.25750e-03 -1.07088e-04        00000 
 4.42216e-03 -2.39986e-04        00000 
 4.34939e-03 -1.78713e-04        00000 
 2.53540e-03 -1.10378e-03        00000 
 2.48782e-03 -1.09061e-03        00000 
 2.57926e-03 -1.11435e-03        00000 
 4.44021e-03 -2.58360e-04        00000 
 4.43226e-03 -2.49554e-04        00000 
 4.49834e-03 -3.26336e-04        00000 
 2.63266e-03 -1.12990e-03        00000 
 2.60276e-03 -1.12133e-03        00000 
 2.64986e-03 -1.13388e-03        00000 
 4.55280e-03 -3.98863e-04        00000 
 4.55753e-03 -4.07129e-04        00000 
 4.52401e-03 -3.58652e-04        00000 
 4.55503e-03 -4.02684e-04        00000 
 2.69990e-03 -1.14730e-03        00000 
 2.70637e-03 -1.14952e-03        00000 
 2.69772e-03 -1.14664e-03        00000 
 2.70124e-03 -1.14768e-03        00000 
 4.61855e-03 -5.49274e-04        00000 
 4.59478e-03 -4.84386e-04        00000 
 4.62931e-03 -5.88382e-04        00000 
 4.62387e-03 -5.67265e-04        00000 
 2.73314e-03 -1.15655e-03        00000 
 2.72870e-03 -1.15563e-03        00000 
 2.73696e-03 -1.15716e-03        00000 
 4.64266e-03 -7.07949e-04        00000 
 4.63998e-03 -6.53178e-04        00000 
 4.64162e-03 -7.80175e-04        00000 
 4.64303e-03 -7.41105e-04        00000 
 2.73478e-03 -1.15901e-03        00000 
 2.73678e-03 -1.15880e-03        00000 
 2.72566e-03 -1.15659e-03        00000 
 4.62505e-03 -8.72712e-04        00000 
 4.63484e-03 -8.30066e-04        00000 
 4.59444e-03 -9.79487e-04        00000 
 4.61255e-03 -9.21753e-04        00000 
 2.70478e-03 -1.15445e-03        00000 
 2.72228e-03 -1.15661e-03        00000 
 2.69119e-03 -1.15059e-03        00000 
 4.56616e-03 -1.04181e-03        00000 
 4.58021e-03 -1.01290e-03        00000 
 4.48892e-03 -1.18337e-03        00000 
 4.53317e-03 -1.10695e-03        00000 
 2.64205e-03 -1.14217e-03        00000 
 2.60649e-03 -1.13588e-03        00000 
 2.65218e-03 -1.14438e-03        00000 
 2.63552e-03 -1.14048e-03        00000 
 4.46705e-03 -1.21378e-03        00000 
 4.47745e-03 -1.19969e-03        00000 
 4.40645e-03 -1.29450e-03        00000 
 2.54679e-03 -1.12485e-03        00000 
 2.55851e-03 -1.12719e-03        00000 
 2.52593e-03 -1.12076e-03        00000 
 4.32907e-03 -1.38701e-03        00000 
 4.32718e-03 -1.38906e-03        00000 
 4.33824e-03 -1.37652e-03        00000 
 4.32822e-03 -1.38795e-03        00000 
 2.41955e-03 -1.10265e-03        00000 
 2.45974e-03 -1.11003e-03        00000 
 2.34683e-03 -1.08920e-03        00000 
 4.14960e-03 -1.56127e-03        00000 
 4.23406e-03 -1.48320e-03        00000 
 4.10925e-03 -1.59695e-03        00000 
 4.13149e-03 -1.57771e-03        00000 
 2.26213e-03 -1.07569e-03        00000 
 2.34323e-03 -1.08868e-03        00000 
 2.20546e-03 -1.06409e-03        00000 
 3.93500e-03 -1.73478e-03        00000 
 4.01751e-03 -1.67225e-03        00000 
 3.84181e-03 -1.80313e-03        00000 
 3.89310e-03 -1.76622e-03        00000 
 2.07420e-03 -1.04373e-03        00000 
 1.93145e-03 -1.01939e-03        00000 
 2.11596e-03 -1.05101e-03        00000 
 2.04759e-03 -1.03839e-03        00000 
 3.68648e-03 -1.90546e-03        00000 
 3.75936e-03 -1.85893e-03        00000 
 3.52698e-03 -2.00460e-03        00000 
 3.61473e-03 -1.95108e-03        00000 
 1.85845e-03 -1.00904e-03        00000 
 1.87247e-03 -1.01110e-03        00000 
 1.83513e-03 -1.00543e-03        00000 
 3.40572e-03 -2.07186e-03        00000 
 3.46212e-03 -2.04124e-03        00000 
 3.16778e-03 -2.19872e-03        00000 
 3.29868e-03 -2.13033e-03        00000 
 1.61588e-03 -9.72578e-04        00000 
 1.67782e-03 -9.82279e-04        00000 
 1.51036e-03 -9.56639e-04        00000 
 3.09505e-03 -2.23314e-03        00000 
 3.12868e-03 -2.21758e-03        00000 
 2.76901e-03 -2.38472e-03        00000 
 2.94820e-03 -2.30303e-03        00000 
 1.34893e-03 -9.34819e-04        00000 
 1.46893e-03 -9.51321e-04        00000 
 1.24391e-03 -9.18562e-04        00000 
 2.75788e-03 -2.38941e-03        00000 
 2.76301e-03 -2.38730e-03        00000 
 2.69906e-03 -2.41381e-03        00000 
 1.05807e-03 -8.95618e-04        00000 
 7.63851e-04 -8.57754e-04        00000 
 1.14432e-03 -9.07126e-04        00000 
 1.00325e-03 -8.87067e-04        00000 
 2.39420e-03 -2.53757e-03        00000 
 2.56746e-03 -2.46877e-03        00000 
 2.33397e-03 -2.56047e-03        00000 
 2.36688e-03 -2.54813e-03        00000 
 7.45851e-04 -8.55990e-04        00000 
 7.49277e-04 -8.56330e-04        00000 
 7.40310e-04 -8.55367e-04        00000 
 2.00926e-03 -2.67752e-03        00000 
 2.15926e-03 -2.62492e-03        00000 
 1.86937e-03 -2.72447e-03        00000 
 1.94577e-03 -2.69917e-03        00000 
 4.17270e-04 -8.17873e-04        00000 
 4.83645e-04 -8.25832e-04        00000 
 3.06976e-04 -8.05643e-04        00000 
 1.60520e-03 -2.80717e-03        00000 
 1.72696e-03 -2.77011e-03        00000 
 1.37910e-03 -2.87375e-03        00000 
 1.50253e-03 -2.83790e-03        00000 
 7.29754e-05 -7.82196e-04        00000 
 2.08380e-04 -7.96060e-04        00000 
-7.69644e-05 -7.66371e-04        00000 
 1.18455e-03 -2.92555e-03        00000 
 1.27394e-03 -2.90249e-03        00000 
 8.67507e-04 -3.00638e-03        00000 
 1.04053e-03 -2.96293e-03        00000 
-2.85779e-04 -7.48210e-04        00000 
-1.52235e-04 -7.60494e-04        00000 
-3.70455e-04 -7.38738e-04        00000 
 7.50430e-04 -3.03255e-03        00000 
 8.04135e-04 -3.02116e-03        00000 
 3.40161e-04 -3.12246e-03        00000 
 5.63897e-04 -3.07415e-03        00000 
-6.57029e-04 -7.15114e-04        00000 
-7.35566e-04 -7.09268e-04        00000 
-6.32347e-04 -7.18277e-04        00000 
-6.72383e-04 -7.13066e-04        00000 
 3.06683e-04 -3.12893e-03        00000 
 3.22024e-04 -3.12617e-03        00000 
 1.31861e-04 -3.16255e-03        00000 
-1.03155e-03 -6.88718e-04        00000 
-9.75136e-04 -6.92710e-04        00000 
-1.12358e-03 -6.83123e-04        00000 
-1.42827e-04 -3.21326e-03        00000 
 7.78643e-05 -3.17312e-03        00000 
-1.95765e-04 -3.22184e-03        00000 
-1.66934e-04 -3.21722e-03        00000 
-1.41022e-03 -6.67433e-04        00000 
-1.28160e-03 -6.74672e-04        00000 
-1.59161e-03 -6.58184e-04        00000 
-5.94757e-04 -3.28356e-03        00000 
-4.12522e-04 -3.25638e-03        00000 
-7.34978e-04 -3.30197e-03        00000 
-6.58677e-04 -3.29210e-03        00000 
-1.79215e-03 -6.49980e-04        00000 
-1.62096e-03 -6.57202e-04        00000 
-1.90016e-03 -6.43953e-04        00000 
-1.04713e-03 -3.33915e-03        00000 
-9.04748e-04 -3.32314e-03        00000 
-1.27305e-03 -3.36173e-03        00000 
-1.15024e-03 -3.34969e-03        00000 
-2.17520e-03 -6.35824e-04        00000 
-2.35413e-03 -6.31454e-04        00000 
-2.11936e-03 -6.39053e-04        00000 
-2.21003e-03 -6.33458e-04        00000 
-1.49701e-03 -3.37980e-03        00000 
-1.39498e-03 -3.37246e-03        00000 
-1.80497e-03 -3.40037e-03        00000 
-1.63773e-03 -3.38950e-03        00000 
-2.55037e-03 -6.29318e-04        00000 
-2.51316e-03 -6.29673e-04        00000 
-2.61010e-03 -6.29418e-04        00000 
-1.94105e-03 -3.40608e-03        00000 
-1.87904e-03 -3.40434e-03        00000 
-2.32538e-03 -3.41867e-03        00000 
-2.11696e-03 -3.41213e-03        00000 
-2.91508e-03 -6.31126e-04        00000 
-2.81024e-03 -6.30541e-04        00000 
-3.08457e-03 -6.33672e-04        00000 
-2.37579e-03 -3.41909e-03        00000 
-2.35280e-03 -3.41931e-03        00000 
-2.58340e-03 -3.41980e-03        00000 
-3.27123e-03 -6.38164e-04        00000 
-3.10416e-03 -6.34183e-04        00000 
-3.38782e-03 -6.40657e-04        00000 
-2.79595e-03 -3.41967e-03        00000 
-2.82636e-03 -3.41873e-03        00000 
-2.63521e-03 -3.42024e-03        00000 
-2.80985e-03 -3.41923e-03        00000 
-3.61635e-03 -6.50692e-04        00000 
-3.86073e-03 -6.64495e-04        00000 
-3.53989e-03 -6.48330e-04        00000 
-3.66400e-03 -6.51764e-04        00000 
-3.19768e-03 -3.40492e-03        00000 
-3.02983e-03 -3.41208e-03        00000 
-3.30230e-03 -3.39776e-03        00000 
-3.24556e-03 -3.40168e-03        00000 
-3.94407e-03 -6.70360e-04        00000 
-3.92835e-03 -6.69179e-04        00000 
-3.96890e-03 -6.72543e-04        00000 
-3.58124e-03 -3.37490e-03        00000 
-3.45549e-03 -3.38623e-03        00000 
-3.75087e-03 -3.35616e-03        00000 
-3.65906e-03 -3.36642e-03        00000 
-4.24685e-03 -6.98869e-04        00000 
-4.17541e-03 -6.91844e-04        00000 
-4.36028e-03 -7.11691e-04        00000 
-3.94378e-03 -3.33041e-03        00000 
-3.85689e-03 -3.34311e-03        00000 
-4.16720e-03 -3.29470e-03        00000 
-4.04659e-03 -3.31419e-03        00000 
-4.52965e-03 -7.33547e-04        00000 
-4.41224e-03 -7.18278e-04        00000 
-4.63342e-03 -7.48354e-04        00000 
-4.28243e-03 -3.27257e-03        00000 
-4.23046e-03 -3.28362e-03        00000 
-4.54688e-03 -3.21496e-03        00000 
-4.40462e-03 -3.24624e-03        00000 
-4.79025e-03 -7.74273e-04        00000 
-4.71403e-03 -7.61653e-04        00000 
-4.83738e-03 -7.82095e-04        00000 
-4.59448e-03 -3.20279e-03        00000 
-4.57296e-03 -3.20889e-03        00000 
-4.72974e-03 -3.16508e-03        00000 
-5.02572e-03 -8.21357e-04        00000 
-5.02862e-03 -8.22025e-04        00000 
-5.02477e-03 -8.21237e-04        00000 
-5.02631e-03 -8.21432e-04        00000 
-4.87642e-03 -3.12299e-03        00000 
-4.88452e-03 -3.12017e-03        00000 
-4.83244e-03 -3.13615e-03        00000 
-4.88014e-03 -3.12168e-03        00000 
-5.22368e-03 -8.75862e-04        00000 
-5.18714e-03 -8.65281e-04        00000 
-5.27980e-03 -8.93834e-04        00000 
-5.12202e-03 -3.03110e-03        00000 
-5.01667e-03 -3.07216e-03        00000 
-5.17315e-03 -3.00828e-03        00000 
-5.14562e-03 -3.02061e-03        00000 
-5.39241e-03 -9.35769e-04        00000 
-5.33210e-03 -9.12766e-04        00000 
-5.45795e-03 -9.63932e-04        00000 
-5.33493e-03 -2.92738e-03        00000 
-5.26397e-03 -2.96480e-03        00000 
-5.41443e-03 -2.88084e-03        00000 
-5.37185e-03 -2.90605e-03        00000 
-5.53015e-03 -1.00050e-03        00000 
-5.48244e-03 -9.75126e-04        00000 
-5.55860e-03 -1.01703e-03        00000 
-5.51300e-03 -2.81351e-03        00000 
-5.47007e-03 -2.84490e-03        00000 
-5.60460e-03 -2.73993e-03        00000 
-5.55602e-03 -2.77977e-03        00000 
-5.63454e-03 -1.07003e-03        00000 
-5.65464e-03 -1.08982e-03        00000 
-5.62741e-03 -1.06465e-03        00000 
-5.63889e-03 -1.07342e-03        00000 
-5.65440e-03 -2.69094e-03        00000 
-5.63281e-03 -2.71405e-03        00000 
-5.74095e-03 -2.58775e-03        00000 
-5.69596e-03 -2.64349e-03        00000 
-5.69771e-03 -1.14423e-03        00000 
-5.68997e-03 -1.13361e-03        00000 
-5.70767e-03 -1.16138e-03        00000 
-5.75773e-03 -2.56108e-03        00000 
-5.75051e-03 -2.57375e-03        00000 
-5.82166e-03 -2.42735e-03        00000 
-5.79003e-03 -2.49938e-03        00000 
-5.72307e-03 -1.22148e-03        00000 
-5.71749e-03 -1.19575e-03        00000 
-5.72445e-03 -1.26045e-03        00000 
-5.82212e-03 -2.42572e-03        00000 
-5.82193e-03 -2.42649e-03        00000 
-5.82421e-03 -2.41694e-03        00000 
-5.71203e-03 -1.30090e-03        00000 
-5.72405e-03 -1.26364e-03        00000 
-5.70170e-03 -1.32587e-03        00000 
-5.84122e-03 -2.28463e-03        00000 
-5.83622e-03 -2.34964e-03        00000 
-5.84096e-03 -2.25812e-03        00000 
-5.84138e-03 -2.27239e-03        00000 
-5.66258e-03 -1.38276e-03        00000 
-5.61683e-03 -1.42823e-03        00000 
-5.67459e-03 -1.36929e-03        00000 
-5.65474e-03 -1.39151e-03        00000 
-5.82028e-03 -2.13788e-03        00000 
-5.83337e-03 -2.19264e-03        00000 
-5.80345e-03 -2.08183e-03        00000 
-5.81328e-03 -2.11210e-03        00000 
-5.57213e-03 -1.46533e-03        00000 
-5.58089e-03 -1.45811e-03        00000 
-5.55645e-03 -1.47680e-03        00000 
-5.75875e-03 -1.98771e-03        00000 
-5.78177e-03 -2.03080e-03        00000 
-5.70771e-03 -1.90143e-03        00000 
-5.73672e-03 -1.94801e-03        00000 
-5.44018e-03 -1.54716e-03        00000 
-5.47842e-03 -1.52398e-03        00000 
-5.37085e-03 -1.58374e-03        00000 
-5.65620e-03 -1.83555e-03        00000 
-5.68119e-03 -1.86594e-03        00000 
-5.55337e-03 -1.71930e-03        00000 
-5.61137e-03 -1.78194e-03        00000 
-5.27057e-03 -1.62750e-03        00000 
-5.35497e-03 -1.59059e-03        00000 
-5.20346e-03 -1.65688e-03        00000 
-5.51291e-03 -1.68243e-03        00000 
-5.53199e-03 -1.69949e-03        00000 
-5.34168e-03 -1.53704e-03        00000 
-5.43781e-03 -1.61524e-03        00000 
-5.06204e-03 -1.70637e-03        00000 
-4.86448e-03 -1.76952e-03        00000 
-5.11860e-03 -1.68696e-03        00000 
-5.02585e-03 -1.71940e-03        00000 
-5.33019e-03 -1.52881e-03        00000 
-5.33553e-03 -1.53261e-03        00000 
-5.26836e-03 -1.48451e-03        00000 
-4.81537e-03 -1.78230e-03        00000 
-4.82478e-03 -1.77982e-03        00000 
-4.79977e-03 -1.78635e-03        00000 
-5.10553e-03 -1.37668e-03        00000 
-5.21750e-03 -1.44908e-03        00000 
-5.07206e-03 -1.35572e-03        00000 
-5.09046e-03 -1.36699e-03        00000 
-4.52978e-03 -1.85331e-03        00000 
-4.59514e-03 -1.83678e-03        00000 
-4.41825e-03 -1.87786e-03        00000 
-4.84285e-03 -1.22560e-03        00000 
-4.95103e-03 -1.28427e-03        00000 
-4.74940e-03 -1.17619e-03        00000 
-4.80075e-03 -1.20281e-03        00000 
-4.21007e-03 -1.91773e-03        00000 
-4.34642e-03 -1.89130e-03        00000 
-4.07424e-03 -1.94361e-03        00000 
-4.54382e-03 -1.07772e-03        00000 
-4.64020e-03 -1.12221e-03        00000 
-4.37568e-03 -1.00150e-03        00000 
-4.46809e-03 -1.04257e-03        00000 
-3.85580e-03 -1.97604e-03        00000 
-3.97701e-03 -1.95741e-03        00000 
-3.77845e-03 -1.98946e-03        00000 
-4.20964e-03 -9.34156e-04        00000 
-4.28685e-03 -9.64700e-04        00000 
-3.95320e-03 -8.33574e-04        00000 
-4.09422e-03 -8.87684e-04        00000 
-3.46760e-03 -2.02897e-03        00000 
-3.43452e-03 -2.03227e-03        00000 
-3.47799e-03 -2.02723e-03        00000 
-3.46115e-03 -2.03007e-03        00000 
-3.84236e-03 -7.95237e-04        00000 
-3.89357e-03 -8.12576e-04        00000 
-3.48572e-03 -6.73106e-04        00000 
-3.68191e-03 -7.38690e-04        00000 
-3.05154e-03 -2.07068e-03        00000 
-3.12492e-03 -2.06304e-03        00000 
-2.92934e-03 -2.08030e-03        00000 
-3.44479e-03 -6.60751e-04        00000 
-3.46363e-03 -6.66296e-04        00000 
-3.23511e-03 -5.94951e-04        00000 
-2.60864e-03 -2.10103e-03        00000 
-2.77207e-03 -2.08999e-03        00000 
-2.40173e-03 -2.11266e-03        00000 
-3.01958e-03 -5.30867e-04        00000 
-2.97856e-03 -5.19033e-04        00000 
-3.22907e-03 -5.93050e-04        00000 
-3.00096e-03 -5.25395e-04        00000 
-2.13976e-03 -2.12133e-03        00000 
-2.33510e-03 -2.11416e-03        00000 
-2.01530e-03 -2.12813e-03        00000 
-2.56958e-03 -4.07186e-04        00000 
-2.75870e-03 -4.57184e-04        00000 
-2.43724e-03 -3.73062e-04        00000 
-2.50949e-03 -3.91441e-04        00000 
-1.64574e-03 -2.13358e-03        00000 
-1.47208e-03 -2.13294e-03        00000 
-1.69992e-03 -2.13066e-03        00000 
-1.61191e-03 -2.13577e-03        00000 
-2.09762e-03 -2.90756e-04        00000 
-2.25429e-03 -3.27523e-04        00000 
-1.86624e-03 -2.37051e-04        00000 
-1.99252e-03 -2.65986e-04        00000 
-1.13814e-03 -2.12902e-03        00000 
-1.20173e-03 -2.12969e-03        00000 
-1.03427e-03 -2.12549e-03        00000 
-1.60661e-03 -1.81821e-04        00000 
-1.72595e-03 -2.06453e-04        00000 
-1.27070e-03 -1.11542e-04        00000 
-1.45402e-03 -1.49381e-04        00000 
-6.17674e-04 -2.10799e-03        00000 
-7.81594e-04 -2.11437e-03        00000 
-3.51108e-04 -2.09275e-03        00000 
-1.10021e-03 -7.97905e-05        00000 
-1.17836e-03 -9.37718e-05        00000 
-6.56786e-04  4.12617e-06        00000 
-8.98712e-04 -4.10495e-05        00000 
-8.39462e-05 -2.07371e-03        00000 
-3.46508e-04 -2.09239e-03        00000 
 8.27491e-05 -2.06371e-03        00000 
-5.82715e-04  1.65510e-05        00000 
-6.16618e-04  1.11794e-05        00000 
-3.32302e-04  6.10126e-05        00000 
 4.61064e-04 -2.02669e-03        00000 
 7.92526e-04 -1.98952e-03        00000 
 3.58522e-04 -2.03426e-03        00000 
 5.25306e-04 -2.02285e-03        00000 
-5.95319e-05  1.08587e-04        00000 
-3.31659e-05  1.12995e-04        00000 
-1.96967e-04  8.51920e-05        00000 
-4.75041e-05  1.10603e-04        00000 
 1.00535e-03 -1.96201e-03        00000 
 9.65010e-04 -1.96729e-03        00000 
 1.07016e-03 -1.95223e-03        00000 
 4.64401e-04  1.94605e-04        00000 
 2.37030e-04  1.58169e-04        00000 
 5.91506e-04  2.14366e-04        00000 
 5.22415e-04  2.03655e-04        00000 
 1.54193e-03 -1.87684e-03        00000 
 1.40109e-03 -1.89914e-03        00000 
 1.77186e-03 -1.83514e-03        00000 
 9.86987e-04  2.74299e-04        00000 
 8.06668e-04  2.47560e-04        00000 
 1.21235e-03  3.07517e-04        00000 
 1.08998e-03  2.89478e-04        00000 
 2.07407e-03 -1.77430e-03        00000 
 1.83649e-03 -1.82186e-03        00000 
 2.26421e-03 -1.73559e-03        00000 
 1.50379e-03  3.48609e-04        00000 
 1.37117e-03  3.30405e-04        00000 
 1.82163e-03  3.93863e-04        00000 
 1.64930e-03  3.69222e-04        00000 
 2.59907e-03 -1.65502e-03        00000 
 3.04703e-03 -1.53496e-03        00000 
 2.46093e-03 -1.68695e-03        00000 
 2.68564e-03 -1.63607e-03        00000 
 2.00988e-03  4.18986e-04        00000 
 1.92428e-03  4.08134e-04        00000 
 2.41120e-03  4.75423e-04        00000 
 2.19410e-03  4.44528e-04        00000 
 3.10836e-03 -1.51757e-03        00000 
 3.09681e-03 -1.52093e-03        00000 
 3.12655e-03 -1.51190e-03        00000 
 2.50001e-03  4.87287e-04        00000 
 2.45959e-03  4.82323e-04        00000 
 2.71750e-03  5.18232e-04        00000 
 3.58264e-03 -1.35891e-03        00000 
 3.48261e-03 -1.39282e-03        00000 
 3.74298e-03 -1.29889e-03        00000 
 2.96850e-03  5.55842e-04        00000 
 2.97173e-03  5.56324e-04        00000 
 2.95135e-03  5.53335e-04        00000 
 2.96998e-03  5.56058e-04        00000 
 4.03068e-03 -1.17971e-03        00000 
 3.85501e-03 -1.25253e-03        00000 
 4.20831e-03 -1.10153e-03        00000 
 3.40719e-03  6.24529e-04        00000 
 3.21139e-03  5.93187e-04        00000 
 3.49145e-03  6.37937e-04        00000 
 3.44591e-03  6.30520e-04        00000 
 4.44851e-03 -9.82594e-04        00000 
 4.31008e-03 -1.05230e-03        00000 
 4.53460e-03 -9.39487e-04        00000 
 3.81573e-03  6.93203e-04        00000 
 3.67062e-03  6.67701e-04        00000 
 3.96676e-03  7.20257e-04        00000 
 3.88542e-03  7.05268e-04        00000 
 4.82957e-03 -7.69208e-04        00000 
 4.87815e-03 -7.35326e-04        00000 
 4.81320e-03 -7.77384e-04        00000 
 4.83971e-03 -7.64152e-04        00000 
 4.18916e-03  7.63584e-04        00000 
 4.08987e-03  7.43747e-04        00000 
 4.38922e-03  8.05842e-04        00000 
 4.28207e-03  7.82346e-04        00000 
 5.14511e-03 -5.34489e-04        00000 
 5.09513e-03 -5.73130e-04        00000 
 5.22192e-03 -4.69550e-04        00000 
 4.52276e-03  8.37212e-04        00000 
 4.46308e-03  8.23215e-04        00000 
 4.75131e-03  8.96945e-04        00000 
 4.63001e-03  8.63537e-04        00000 
 5.40338e-03 -2.83665e-04        00000 
 5.31813e-03 -3.72484e-04        00000 
 5.50726e-03 -1.63432e-04        00000 
 4.81227e-03  9.15363e-04        00000 
 4.78489e-03  9.07376e-04        00000 
 5.04666e-03  9.95588e-04        00000 
 4.92406e-03  9.50440e-04        00000 
 5.59899e-03 -2.22191e-05        00000 
 5.52927e-03 -1.35374e-04        00000 
 5.63956e-03  4.94136e-05        00000 
 5.05431e-03  9.98812e-04        00000 
 5.05085e-03  9.97414e-04        00000 
 5.09344e-03  1.01452e-03        00000 
 5.71962e-03  2.45273e-04        00000 
 5.73300e-03  3.55272e-04        00000 
 5.71125e-03  2.13715e-04        00000 
 5.72444e-03  2.65084e-04        00000 
 5.24552e-03  1.08752e-03        00000 
 5.16088e-03  1.04413e-03        00000 
 5.27099e-03  1.10140e-03        00000 
 5.25747e-03  1.09367e-03        00000 
 5.73354e-03  5.11666e-04        00000 
 5.73419e-03  4.81471e-04        00000 
 5.72676e-03  5.56591e-04        00000 
 5.38694e-03  1.18064e-03        00000 
 5.33903e-03  1.14325e-03        00000 
 5.42520e-03  1.21296e-03        00000 
 5.40528e-03  1.19504e-03        00000 
 5.61962e-03  7.58207e-04        00000 
 5.66118e-03  6.82762e-04        00000 
 5.52308e-03  8.58371e-04        00000 
 5.48014e-03  1.27628e-03        00000 
 5.45821e-03  1.24682e-03        00000 
 5.51248e-03  1.32662e-03        00000 
 5.49648e-03  1.29881e-03        00000 
 5.35123e-03  9.52567e-04        00000 
 5.51514e-03  8.62758e-04        00000 
 5.22735e-03  1.00435e-03        00000 
 5.52911e-03  1.37099e-03        00000 
 5.52289e-03  1.35094e-03        00000 
 5.54202e-03  1.43530e-03        00000 
 5.53720e-03  1.39992e-03        00000 
 4.84812e-03  1.05241e-03        00000 
 4.24201e-03  1.03488e-03        00000 
 4.98678e-03  1.03926e-03        00000 
 4.75831e-03  1.05952e-03        00000 
 5.54165e-03  1.45898e-03        00000 
 5.54205e-03  1.44872e-03        00000 
 5.53210e-03  1.52609e-03        00000 
 5.53939e-03  1.48974e-03        00000 
 3.88755e-03  1.01250e-03        00000 
 3.95508e-03  1.01546e-03        00000 
 3.75931e-03  9.76595e-04        00000 
 5.53039e-03  1.53170e-03        00000 
 5.53111e-03  1.52940e-03        00000 
 5.51108e-03  1.57737e-03        00000 
 5.52143e-03  1.55568e-03        00000 
 5.49431e-03  1.57710e-03        00000 
 5.48170e-03  1.59231e-03        00000 
 5.45975e-03  1.61825e-03        00000 
 5.40950e-03  1.66093e-03        00000 
 5.30116e-03  1.72185e-03        00000 
 5.08052e-03  1.80069e-03        00000 
 4.64641e-03  1.86796e-03        00000 
 3.78881e-03  1.68950e-03        00000 
 1.59174e-03  6.98519e-04        00000 
 1.90327e-03  6.17779e-04        00000 
 2.52959e-03  6.67782e-04        00000 
 5.97643e-05  1.95372e-05        00000 
 5.51013e-03  1.57681e-03        00000 
 5.49646e-03  1.57326e-03        00000 
 5.49324e-03  1.57516e-03        00000 
 5.48451e-03  1.58653e-03        00000 
 5.48034e-03  1.59089e-03        00000 
 5.46544e-03  1.60855e-03        00000 
 5.45483e-03  1.61536e-03        00000 
 5.42128e-03  1.64532e-03        00000 
 5.39691e-03  1.65351e-03        00000 
 5.32528e-03  1.69588e-03        00000 
 5.27220e-03  1.70462e-03        00000 
 5.12568e-03  1.76242e-03        00000 
 5.01945e-03  1.76349e-03        00000 
 4.72883e-03  1.81712e-03        00000 
 4.50682e-03  1.77472e-03        00000 
 3.99804e-03  1.65136e-03        00000 
 3.42416e-03  1.50405e-03        00000 
-2.24500e-19 -2.47331e-20        00000 
 2.11787e-03  9.50829e-04        00000 
 1.33070e-03  5.23387e-04        00000 
-2.11657e-20 -6.18095e-20        00000 
-3.01605e-20 -6.66724e-20        00000 </DataArray>
         </PointData>
         <CellData/>
      </Piece>
   </UnstructuredGrid>
</VTKFile>