id,Time,Latitude,Longitude,SpeedOverGround (m/s),CourseOverGround (deg),Temperature (C),Humidity (%),Pressure (hPa),Device1_MAC,Device1_WindSpeed (m/s),Device1_WindAngle (deg),Device1_TrueWindAngle (deg),Device1_TrueWindSpeed (m/s),Device1_CrossWindSpeed (m/s),Device1_TrueWindDirection (deg),Device1_VelocityMadeGood (m/s),Device2_MAC,Device2_WindSpeed (m/s),Device2_WindAngle (deg),Device2_TrueWindAngle (deg),Device2_TrueWindSpeed (m/s),Device2_CrossWindSpeed (m/s),Device2_TrueWindDirection (deg),Device2_VelocityMadeGood (m/s),Device3_MAC,Device3_WindSpeed (m/s),Device3_WindAngle (deg),Device3_TrueWindAngle (deg),Device3_TrueWindSpeed (m/s),Device3_CrossWindSpeed (m/s),Device3_TrueWindDirection (deg),Device3_VelocityMadeGood (m/s)
1,2025-05-15 18:16:16.203767,41.3649676,2.1839259,1.9150034189224243,-47.312952607110105,23.850000000000023,47.0,1011.0,,7.4,355.0,353.2593895156708,5.494819155683348,,305.9464369085607,1.901766351148574,,,,,,,,,,,,,,,,
2,2025-05-15 18:16:21.198581,41.3648792,2.1839423,2.1595139503479004,-60.692726285463976,23.850000000000023,47.0,1011.0,,7.4,356.0,354.3551112623518,5.2479090078624,,293.6623849768878,2.14904169543116,,,,,,,,,,,,,,,,
3,2025-05-15 18:16:26.198396,41.3647532,2.183962,2.063462257385254,-73.47521358127857,23.850000000000023,47.0,1011.0,,7.2,355.0,352.9978137672147,5.147532435659938,,279.52260018593614,2.0480719256966093,,,,,,,,,,,,,,,,
4,2025-05-15 18:16:31.198125,41.3646662,2.1839691,2.1797935962677,-71.2872512731242,23.850000000000023,47.0,1011.0,,7.6,356.0,354.39465719328507,5.42764658459414,,283.1074059201609,2.1693704687088355,,,,,,,,,,,,,,,,
5,2025-05-15 18:16:36.199288,41.3646662,2.1839691,2.1797935962677,-71.2872512731242,23.850000000000023,47.0,1011.0,,7.5,357.0,355.77227974663884,5.324416038290241,,284.48502847351466,2.173862219104628,,,,,,,,,,,,,,,,
6,2025-05-15 18:16:41.199136,41.3646662,2.1839691,2.1797935962677,-71.2872512731242,23.850000000000023,47.0,1011.0,,7.2,359.0,358.5658550850658,5.020682527011904,,287.2786038119416,2.1791107805466274,,,,,,,,,,,,,,,,
7,2025-05-15 18:16:46.198804,41.3646662,2.1839691,2.1797935962677,-71.2872512731242,23.850000000000023,47.0,1011.0,,7.6,356.0,354.39465719328507,5.42764658459414,,283.1074059201609,2.1693704687088355,,,,,,,,,,,,,,,,
8,2025-05-15 18:16:51.198563,41.3646662,2.1839691,2.1797935962677,-71.2872512731242,23.850000000000023,47.0,1011.0,,7.7,355.0,353.0318611079278,5.531764477982751,,281.7446098348036,2.163693133816125,,,,,,,,,,,,,,,,
9,2025-05-15 18:16:56.198822,41.3646662,2.1839691,2.1797935962677,-71.2872512731242,23.850000000000023,47.0,1011.0,,7.7,356.0,354.42369566396184,5.527608045215531,,283.13644439083765,2.1694780979358623,,,,,,,,,,,,,,,,
10,2025-05-15 18:17:01.199672,41.3646662,2.1839691,2.1797935962677,-71.2872512731242,23.850000000000023,47.0,1011.0,,7.4,354.0,351.5064488842593,5.237106427315306,,280.21919761113514,2.1558866962169723,,,,,,,,,,,,,,,,
11,2025-05-15 18:17:06.200185,41.3646662,2.1839691,2.1797935962677,-71.2872512731242,23.850000000000023,47.0,1011.0,,7.5,353.0,350.1501543951873,5.343062225176793,,278.86290312206313,2.1476622364060005,,,,,,,,,,,,,,,,
12,2025-05-15 18:17:11.199145,41.3646662,2.1839691,2.1797935962677,-71.2872512731242,23.850000000000023,47.0,1011.0,,7.7,353.0,350.25294215472695,5.542823796944286,,278.96569088160277,2.148327739267815,,,,,,,,,,,,,,,,
13,2025-05-15 18:17:16.198622,41.3646662,2.1839691,2.1797935962677,-71.2872512731242,23.850000000000023,47.0,1011.0,,7.8,354.0,351.68334273198604,5.636754541749179,,280.39609145886186,2.156870405979653,,,,,,,,,,,,,,,,
14,2025-05-15 18:17:21.199668,41.3646662,2.1839691,2.1797935962677,-71.2872512731242,23.850000000000023,47.0,1011.0,,7.5,353.0,350.1501543951873,5.343062225176793,,278.86290312206313,2.1476622364060005,,,,,,,,,,,,,,,,
15,2025-05-15 18:17:26.199183,41.3646662,2.1839691,2.1797935962677,-71.2872512731242,23.850000000000023,47.0,1011.0,,7.5,358.0,357.1809871353449,5.3220780010026045,,285.8937358622207,2.1771557674040576,,,,,,,,,,,,,,,,
16,2025-05-15 18:17:31.199511,41.3646662,2.1839691,2.1797935962677,-71.2872512731242,23.850000000000023,47.0,1011.0,,7.8,3.0,4.162239279311953,5.624350841640427,,292.8749880061878,2.1740444520950444,,,,,,,,,,,,,,,,
17,2025-05-15 18:17:36.199588,41.3646662,2.1839691,2.1797935962677,-71.2872512731242,23.850000000000023,47.0,1011.0,,7.5,3.0,4.227720253361169,5.324416038290254,,292.940468980237,2.173862219104628,,,,,,,,,,,,,,,,
18,2025-05-15 18:17:41.201447,41.3646662,2.1839691,2.1797935962677,-71.2872512731242,23.850000000000023,47.0,1011.0,,7.4,0.0,0.0,7.4,,288.7127487268758,2.1797935962677,,,,,,,,,,,,,,,,
19,2025-05-15 18:17:46.199101,41.3646662,2.1839691,2.1797935962677,-71.2872512731242,23.850000000000023,47.0,1011.0,,7.6,356.0,354.39465719328507,5.42764658459414,,283.1074059201609,2.1693704687088355,,,,,,,,,,,,,,,,
20,2025-05-15 18:17:51.199013,41.3633305,2.1841575,1.9600000381469727,-18.076165647877737,23.850000000000023,47.0,1011.0,,8.1,356.0,354.72536560770976,6.146295291410128,,336.649199959832,1.9517004068111465,,,,,,,,,,,,,,,,
21,2025-05-15 18:17:56.199441,41.3632314,2.1841957,1.6301980018615723,-20.452926337522314,23.850000000000023,47.0,1011.0,,7.8,352.0,349.8994301866792,6.189826354958924,,329.4465038491569,1.6049322736060971,,,,,,,,,,,,,,,,
22,2025-05-15 18:18:01.198371,41.3630744,2.1842184,2.026691436767578,-19.073559389354482,23.850000000000023,47.0,1011.0,,8.1,353.0,350.6769294393854,6.093423064632235,,331.6033700500309,1.9999199888980506,,,,,,,,,,,,,,,,
23,2025-05-15 18:18:06.200206,41.3630297,2.1842522,1.6740881204605103,-37.86112509778219,23.850000000000023,47.0,1011.0,,7.9,350.0,347.3375286073566,6.258100563512507,,309.4764035095744,1.6333715074101334,,,,,,,,,,,,,,,,
24,2025-05-15 18:18:11.199736,41.3629394,2.184222,2.222130298614502,-14.676939299860594,23.850000000000023,47.0,1011.0,,8.1,346.0,340.8320587846726,5.968137217427304,,326.155119484812,2.0989359139381856,,,,,,,,,,,,,,,,
25,2025-05-15 18:18:16.198970,41.3628484,2.1842009,0.0,49.0215688242184,23.850000000000023,47.0,1011.0,,7.7,344.0,344.0,7.699999999999999,,33.02156882421838,0.0,,,,,,,,,,,,,,,,
26,2025-05-15 18:18:21.198893,41.3627822,2.1841969,0.0,60.45851226863507,23.850000000000023,47.0,1011.0,,8.0,346.0,346.0,8.0,,35.02156882421838,0.0,,,,,,,,,,,,,,,,
27,2025-05-15 18:18:26.199319,41.3627822,2.1841969,0.0,60.45851226863507,23.850000000000023,47.0,1011.0,,8.1,346.0,346.0,8.1,,46.45851226863505,0.0,,,,,,,,,,,,,,,,
28,2025-05-15 18:18:31.198995,41.3627293,2.1841968,0.0,35.607258294326364,23.850000000000023,47.0,1011.0,,8.3,345.0,345.0,8.3,,46.381434750043866,0.0,,,,,,,,,,,,,,,,
29,2025-05-15 18:18:36.198768,41.3627289,2.1841962,0.0,-26.6073826948309,23.850000000000023,47.0,1011.0,,8.3,336.0,336.0,8.3,,309.3926173051691,0.0,,,,,,,,,,,,,,,,
30,2025-05-15 18:18:41.198220,41.3624619,2.1840311,0.0,-21.085908996211366,23.850000000000023,47.0,1011.0,,8.2,336.0,336.0,8.2,,314.91409100378866,0.0,,,,,,,,,,,,,,,,
31,2025-05-15 18:18:46.198635,41.3623676,2.183985,1.1399716138839722,48.28860756400599,23.850000000000023,47.0,1011.0,,8.4,340.0,336.95471727035795,7.33914098066856,,25.243324834363932,1.048997043793494,,,,,,,,,,,,,,,,
32,2025-05-15 18:18:51.199263,41.3623013,2.1839907,1.0755846500396729,48.38148106124524,23.850000000000023,47.0,1011.0,,8.1,349.0,347.3311665970086,7.047165928516021,,35.712647658253786,1.0493984522708635,,,,,,,,,,,,,,,,
33,2025-05-15 18:18:56.198415,41.3622429,2.1840018,1.9933185577392578,48.20545684105026,23.850000000000023,47.0,1011.0,,8.2,349.0,345.5138402502579,6.254878871348954,,33.719297091308135,1.9299471603450415,,,,,,,,,,,,,,,,
34,2025-05-15 18:19:01.199284,41.3621321,2.1839645,2.4080746173858643,48.1605995736762,23.850000000000023,47.0,1011.0,,8.5,344.0,337.874841674195,6.220723046541606,,26.035441247871233,2.230752053071824,,,,,,,,,,,,,,,,
35,2025-05-15 18:19:06.199281,41.3619426,2.1838253,2.3275039196014404,48.176671008793235,23.850000000000023,47.0,1011.0,,8.6,343.0,336.90629977204566,6.410418217944568,,25.082970780838878,2.140988531641039,,,,,,,,,,,,,,,,
36,2025-05-15 18:19:11.198864,41.3618018,2.1837738,2.529360055923462,48.26965037396462,23.850000000000023,47.0,1011.0,,8.3,341.0,333.0656108320583,5.965552570053799,,21.33526120602295,2.254989787239509,,,,,,,,,,,,,,,,
37,2025-05-15 18:19:16.199284,41.3616867,2.1837404,2.3410143852233887,48.14652938398597,23.850000000000023,47.0,1011.0,,8.4,341.0,333.1960241539292,6.064610958884713,,21.46567452789384,2.2575917738596436,,,,,,,,,,,,,,,,
38,2025-05-15 18:19:21.199176,41.3615707,2.1837006,2.6291611194610596,48.06444758563534,23.850000000000023,47.0,1011.0,,8.6,343.0,335.80104713521905,6.134075686610498,,23.86549472085437,2.3981304422985796,,,,,,,,,,,,,,,,
39,2025-05-15 18:19:26.198923,41.3614502,2.1836338,2.4216158390045166,48.20356829374475,23.850000000000023,47.0,1011.0,,8.5,339.0,331.0813937627688,6.299292004605264,,19.284962056513564,2.119658602067927,,,,,,,,,,,,,,,,
40,2025-05-15 18:19:31.198829,41.3613449,2.1835622,2.529674530029297,48.11337223066015,23.850000000000023,47.0,1011.0,,8.5,336.0,326.56103769958156,6.273971448141711,,14.674409930241723,2.1109459342430696,,,,,,,,,,,,,,,,
41,2025-05-15 18:19:36.199341,41.3612339,2.1834838,2.7892260551452637,47.97333969229654,23.850000000000023,47.0,1011.0,,8.5,332.0,319.76228318717995,6.17763665604353,,7.735622879476466,2.1292141982379387,,,,,,,,,,,,,,,,
42,2025-05-15 18:19:41.199167,41.3611072,2.1834038,3.226799726486206,48.364791494008315,23.850000000000023,47.0,1011.0,,8.4,333.0,318.14965481648534,5.715816918974703,,6.514446310493668,2.403610967899919,,,,,,,,,,,,,,,,
43,2025-05-15 18:19:46.198927,41.3609618,2.1833182,3.2204418182373047,48.02233263921305,23.850000000000023,47.0,1011.0,,8.3,336.0,322.26228623923,5.515769537735629,,10.284618878443041,2.546792492844964,,,,,,,,,,,,,,,,
44,2025-05-15 18:19:51.199827,41.3608336,2.1832472,2.803091287612915,48.023022488319214,23.850000000000023,47.0,1011.0,,8.7,338.0,328.2344053240513,6.190723029825747,,16.25742781237051,2.383213354815854,,,,,,,,,,,,,,,,
45,2025-05-15 18:19:56.198851,41.3607336,2.1832079,2.8795969486236572,48.36015721065646,23.850000000000023,47.0,1011.0,,8.2,331.0,317.1946845953104,5.850454841498498,,5.5548418059668165,2.112664761183967,,,,,,,,,,,,,,,,
46,2025-05-15 18:20:01.199031,41.3606248,2.1831622,2.9988768100738525,48.406766421552625,23.850000000000023,47.0,1011.0,,8.5,335.0,322.63682966177333,5.919364005645218,,11.043596083325951,2.3835219138206494,,,,,,,,,,,,,,,,
47,2025-05-15 18:20:06.198546,41.3605118,2.1831035,2.710803985595703,48.33861820910882,23.850000000000023,47.0,1011.0,,8.1,341.0,331.94352749340277,5.606780428432458,,20.28214570251157,2.3922423324257998,,,,,,,,,,,,,,,,
48,2025-05-15 18:20:11.199065,41.3604072,2.1830588,3.018829345703125,48.22304116306846,23.910000000000025,48.0,1011.0,,8.3,345.0,336.7428851972128,5.440432684777041,,24.96592636028123,2.773525869401332,,,,,,,,,,,,,,,,
49,2025-05-15 18:20:16.199,41.3602898,2.1830306,2.740809440612793,48.284768997692446,23.910000000000025,48.0,1011.0,,8.6,346.0,339.6312791588553,5.9774936702116275,,27.91604815654773,2.5694325019452693,,,,,,,,,,,,,,,,
50,2025-05-15 18:20:21.199061,41.360188,2.1830213,2.6999800205230713,48.32005717003932,23.910000000000025,48.0,1011.0,,8.4,348.0,342.432713001317,5.786315344178774,,30.752770171356303,2.5740614583394112,,,,,,,,,,,,,,,,
51,2025-05-15 18:20:26.199022,41.3600846,2.1830173,2.9888718128204346,48.2931837907499,23.910000000000025,48.0,1011.0,,8.3,345.0,336.86683443929564,5.4679687289394066,,25.160018230045523,2.748549301935982,,,,,,,,,,,,,,,,
52,2025-05-15 18:20:31.199158,41.3599556,2.1829907,3.233502149581909,48.38652857104188,23.910000000000025,48.0,1011.0,,8.7,340.0,328.94697563238435,5.768506656862802,,17.33350420342623,2.7701099001383023,,,,,,,,,,,,,,,,
53,2025-05-15 18:20:36.198998,41.3598109,2.1829478,3.0301198959350586,48.0800135867538,23.910000000000025,48.0,1011.0,,8.8,348.0,341.8388682007932,5.870000619727028,,29.91888178754698,2.879170576836723,,,,,,,,,,,,,,,,
54,2025-05-15 18:20:41.199485,41.3596772,2.1829215,2.890617609024048,48.033274602263404,23.910000000000025,48.0,1011.0,,8.5,353.0,349.4201725910778,5.641937312540857,,37.45344719334122,2.841477264244825,,,,,,,,,,,,,,,,
55,2025-05-15 18:20:46.199262,41.3595498,2.1829089,2.8095574378967285,48.097727682366234,23.910000000000025,48.0,1011.0,,8.2,347.0,340.40014776115447,5.49889215453694,,28.497875443520684,2.6467669539504235,,,,,,,,,,,,,,,,
56,2025-05-15 18:20:51.199190,41.3594239,2.1829008,2.992112636566162,48.16083863029715,23.910000000000025,48.0,1011.0,,8.6,346.0,338.758537642894,5.742570107939314,,26.91937627319112,2.7888340867811037,,,,,,,,,,,,,,,,
57,2025-05-15 18:20:56.198892,41.3592834,2.1828826,3.1770660877227783,48.289659413138175,23.910000000000025,48.0,1011.0,,8.4,345.0,336.23176888939133,5.394231900989564,,24.5214283025295,2.907597768167298,,,,,,,,,,,,,,,,
58,2025-05-15 18:21:01.199058,41.3591377,2.1828476,3.3394317626953125,48.296516923064864,23.910000000000025,48.0,1011.0,,8.3,346.0,336.92827890512723,5.123854095955594,,25.2247958281921,3.072327403946988,,,,,,,,,,,,,,,,
59,2025-05-15 18:21:06.198919,41.3589885,2.1828155,3.359910011291504,48.276671808431395,23.910000000000025,48.0,1011.0,,8.4,347.0,338.6949255033358,5.200697370152858,,26.99144242640068,3.111211830177665,,,,,,,,,,,,,,,,
60,2025-05-15 18:21:11.199048,41.3588387,2.1827924,3.240403175354004,48.36369866374111,23.910000000000025,48.0,1011.0,,8.5,347.0,339.2307365428985,5.392145329694373,,27.594435206639616,3.029828946251961,,,,,,,,,,,,,,,,
61,2025-05-15 18:21:16.199075,41.3586925,2.1827775,3.3204381465911865,48.12672525048752,23.910000000000025,48.0,1011.0,,8.4,351.0,345.20758185864315,5.146720738684621,,33.33430710913069,3.2103894722973956,,,,,,,,,,,,,,,,
62,2025-05-15 18:21:21.198922,41.3585416,2.1827673,3.2166805267333984,48.19029723618741,23.910000000000025,48.0,1011.0,,8.2,346.0,337.28887428866193,5.138139661176768,,25.479171524849335,2.967269208501109,,,,,,,,,,,,,,,,
63,2025-05-15 18:21:26.199266,41.3583921,2.1827582,3.303112745285034,48.28465288447656,23.910000000000025,48.0,1011.0,,8.2,351.0,345.0256778360696,4.9645181327658685,,33.31033072054612,3.190944725558181,,,,,,,,,,,,,,,,
64,2025-05-15 18:21:31.199126,41.3582387,2.1827606,3.2219152450561523,47.97989667389976,23.910000000000025,48.0,1011.0,,7.8,351.0,344.7709358347462,4.645176761357229,,32.75083250864594,3.1087724421688896,,,,,,,,,,,,,,,,
65,2025-05-15 18:21:36.200715,41.3580961,2.182775,3.2991628646850586,48.358634078471546,23.910000000000025,48.0,1011.0,,7.6,353.0,347.68937626383763,4.344075304596364,,36.04801034230917,3.223302104207098,,,,,,,,,,,,,,,,
66,2025-05-15 18:21:41.199174,41.3579591,2.1828025,2.9908642768859863,48.484548615820735,23.910000000000025,48.0,1011.0,,7.9,356.0,353.57006713628255,4.9208460603714315,,42.0546157521033,2.9720503922008272,,,,,,,,,,,,,,,,
67,2025-05-15 18:21:46.198876,41.3578413,2.1828417,3.3985531330108643,47.6393024607479,23.910000000000025,48.0,1011.0,,7.5,355.0,350.8822521440966,4.125027783369497,,38.52155460484448,3.3556116276528867,,,,,,,,,,,,,,,,
68,2025-05-15 18:21:51.199049,41.357703,2.1828938,3.140767812728882,48.01581663874485,23.910000000000025,48.0,1011.0,,7.1,3.0,5.374799606085859,3.966943503402597,,53.39061624483071,3.1269586731016714,,,,,,,,,,,,,,,,
69,2025-05-15 18:21:56.199013,41.3575711,2.1829527,3.139991521835327,48.62458456927892,23.910000000000025,48.0,1011.0,,7.9,6.0,9.930333633217566,4.788471541668518,,58.55491820249649,3.0929486872455874,,,,,,,,,,,,,,,,
70,2025-05-15 18:22:01.199682,41.3574414,2.1830221,3.030348539352417,48.19076510414556,23.910000000000025,48.0,1011.0,,7.5,10.0,16.646715068350694,4.546245839338555,,64.83748017249626,2.903344587078287,,,,,,,,,,,,,,,,
71,2025-05-15 18:22:06.199578,41.357322,2.1830972,2.9502322673797607,48.05930103809574,23.910000000000025,48.0,1011.0,,7.0,9.0,15.44416521613472,4.112071285368126,,63.50346625423046,2.8437006181993416,,,,,,,,,,,,,,,,
72,2025-05-15 18:22:11.198562,41.3572025,2.1831781,2.9104886054992676,48.18044127321509,23.910000000000025,48.0,1011.0,,7.2,11.0,18.451607287323927,4.3406295026193185,,66.51090832541966,2.7985647098930464,,,,,,,,,,,,,,,,
73,2025-05-15 18:22:16.199038,41.3570804,2.1832629,3.0612807273864746,48.30710713137297,23.910000000000025,48.0,1011.0,,7.4,11.0,18.570622004035524,4.433610413082802,,66.8777291354085,2.901885440498596,,,,,,,,,,,,,,,,
74,2025-05-15 18:22:21.199148,41.3569515,2.1833575,3.4891910552978516,47.89627808298587,23.910000000000025,48.0,1011.0,,7.2,14.0,26.47806271713887,3.9067345680377383,,74.37434080012474,3.1231928314476596,,,,,,,,,,,,,,,,
75,2025-05-15 18:22:26.199054,41.3568074,2.1834671,3.709343433380127,48.07490802034922,23.910000000000025,48.0,1011.0,,7.3,15.0,29.48200203375577,3.839029778726246,,77.55691005410499,3.229021794605459,,,,,,,,,,,,,,,,
76,2025-05-15 18:22:31.199134,41.3566661,2.1835841,3.3112599849700928,47.901421215430894,23.910000000000025,48.0,1011.0,,7.2,17.0,30.49702818314994,4.147985271589509,,78.39844939858084,2.8531653259152123,,,,,,,,,,,,,,,,
77,2025-05-15 18:22:36.199044,41.3565523,2.1836929,3.1903398036956787,48.25428244833209,23.910000000000025,48.0,1011.0,,6.9,17.0,30.622199615597637,3.960471651805438,,78.87648206392973,2.7454301083416572,,,,,,,,,,,,,,,,
78,2025-05-15 18:22:41.199142,41.3564423,2.1838018,3.4384665489196777,48.173471065167085,23.910000000000025,48.0,1011.0,,6.8,16.0,31.17360873578948,3.6209711508312754,,79.34707980095656,2.9419615386768365,,,,,,,,,,,,,,,,
79,2025-05-15 18:22:46.199041,41.3563177,2.1839164,3.277038097381592,48.00083120370584,23.910000000000025,48.0,1011.0,,7.1,19.0,33.929180478343696,4.141288820716692,,81.93001168204954,2.7190506611199305,,,,,,,,,,,,,,,,
80,2025-05-15 18:22:51.199249,41.3562008,2.1840051,2.8417389392852783,47.83493273895541,23.910000000000025,48.0,1011.0,,7.0,14.0,23.20415587227907,4.29801118278233,,71.03908861123448,2.6118614771836963,,,,,,,,,,,,,,,,
81,2025-05-15 18:22:56.198803,41.3560949,2.1840633,3.051231622695923,48.54384831819478,23.910000000000025,48.0,1011.0,,7.0,5.0,8.84154201187409,3.969297633439179,,57.38539033006887,3.014974447897027,,,,,,,,,,,,,,,,
82,2025-05-15 18:23:01.199308,41.3559588,2.1841101,3.080643892288208,48.09984845610352,23.910000000000025,48.0,1011.0,,7.1,358.0,356.46848718998956,4.02266974532163,,44.56833564609309,3.0747939670850366,,,,,,,,,,,,,,,,
83,2025-05-15 18:23:06.198877,41.3558123,2.1841473,3.1760036945343018,47.705432352291965,23.910000000000025,48.0,1011.0,,7.7,350.0,343.12217511987643,4.6053883998327905,,30.82760747216838,3.039200582952607,,,,,,,,,,,,,,,,
84,2025-05-15 18:23:11.199488,41.3556638,2.1841767,3.054702043533325,47.94614187902155,24.07000000000005,48.0,1011.0,,7.9,352.0,346.6890676408045,4.775405507204055,,34.394499993096474,3.0906802290966424,,,,,,,,,,,,,,,,
85,2025-05-15 18:23:16.198918,41.355525,2.1841908,2.931302070617676,47.936886972696186,24.07000000000005,48.0,1011.0,,7.7,349.0,342.3844049203067,4.8548806967649,,30.321291893002865,2.793848426496726,,,,,,,,,,,,,,,,
86,2025-05-15 18:23:21.199067,41.3553899,2.1841756,3.0254132747650146,48.02505788469188,24.07000000000005,48.0,1011.0,,7.9,348.0,340.7444942797736,4.980579670608502,,28.769552164465495,2.8561635937169036,,,,,,,,,,,,,,,,
87,2025-05-15 18:23:26.199097,41.3552478,2.1841422,3.388526678085327,48.00832733631994,24.07000000000005,48.0,1011.0,,7.9,348.0,339.2654389726875,4.639325495486157,,27.273766309007442,3.169053985050784,,,,,,,,,,,,,,,,
88,2025-05-15 18:23:31.198362,41.3550993,2.18411,2.981538772583008,47.8662525713945,24.07000000000005,48.0,1011.0,,7.7,347.0,339.0372177351291,4.841558911816972,,26.903470306523616,2.784199711500807,,,,,,,,,,,,,,,,
89,2025-05-15 18:23:36.199073,41.3549588,2.1840936,2.9405319690704346,48.04407654643578,24.07000000000005,48.0,1011.0,,7.8,345.0,336.27595349575995,5.017717630421851,,24.320030042195754,2.6920388421654975,,,,,,,,,,,,,,,,
90,2025-05-15 18:23:41.202136,41.3548127,2.1840673,3.1694109439849854,48.105083796102335,23.930000000000007,48.0,1011.0,,7.7,340.0,327.07023007259255,4.844561461765104,,15.1753138686949,2.6602055433452487,,,,,,,,,,,,,,,,
91,2025-05-15 18:23:46.199107,41.3546733,2.1840156,3.0906083583831787,48.11316732498504,23.930000000000007,48.0,1011.0,,7.5,336.0,320.95456624737716,4.842591415513996,,9.067733572362215,2.400310738895437,,,,,,,,,,,,,,,,
92,2025-05-15 18:23:51.199012,41.3545486,2.1839521,3.0535199642181396,47.878096119415304,23.930000000000007,48.0,1011.0,,7.6,335.0,320.04879676436934,5.001906093275701,,7.92689288378466,2.3408027685338952,,,,,,,,,,,,,,,,
93,2025-05-15 18:23:56.198841,41.3544266,2.1838785,2.9904394149780273,48.15684979982186,23.930000000000007,48.0,1011.0,,7.6,334.0,319.05769967116254,5.084125582265328,,7.214549470984423,2.2588878655183438,,,,,,,,,,,,,,,,
94,2025-05-15 18:24:01.199139,41.3543121,2.1838033,3.109513282775879,47.94920521886431,23.930000000000007,48.0,1011.0,,7.4,330.0,311.72153072349,4.95720626065545,,359.6707359423543,2.0694149239259167,,,,,,,,,,,,,,,,
95,2025-05-15 18:24:06.199105,41.3541962,2.1837328,3.029653549194336,48.211573275452004,23.930000000000007,48.0,1011.0,,7.6,326.0,307.5847175497609,5.362929417932134,,355.7962908252129,1.8478881489526138,,,,,,,,,,,,,,,,
96,2025-05-15 18:24:11.199151,41.3540758,2.1836633,2.9899203777313232,48.4158608184325,23.930000000000007,48.0,1011.0,,7.2,328.0,309.2382737395023,4.926158480566206,,357.6541345579348,1.8912646469537566,,,,,,,,,,,,,,,,
97,2025-05-15 18:24:16.199082,41.3539546,2.1835771,3.3390707969665527,48.21938018167333,23.930000000000007,48.0,1011.0,,7.3,328.0,306.3965648191721,4.805900680995118,,354.61594500084544,1.9813065355849657,,,,,,,,,,,,,,,,
98,2025-05-15 18:24:21.199040,41.3538231,2.1834718,3.240683078765869,48.17133321595687,23.930000000000007,48.0,1011.0,,7.7,329.0,310.2686228053576,5.197479224039809,,358.43995602131446,2.0946868626201836,,,,,,,,,,,,,,,,
99,2025-05-15 18:24:26.199298,41.3536897,2.1833782,3.3873133659362793,42.74428688261277,23.930000000000007,48.0,1011.0,,7.5,334.0,315.5681436190052,4.696427955931376,,358.31243050161794,2.4188247779891636,,,,,,,,,,,,,,,,
100,2025-05-15 18:24:31.199070,41.3535436,2.1832989,3.2049832344055176,35.82113200780697,23.930000000000007,48.0,1011.0,,7.3,342.0,328.88784560785575,4.365703009050021,,4.708977615662718,2.743970404570026,,,,,,,,,,,,,,,,
101,2025-05-15 18:24:36.199100,41.3534068,2.1832586,3.0333714485168457,35.563435800611565,23.930000000000007,48.0,1011.0,,7.6,344.0,333.87938729145594,4.7581732674306885,,9.4428230920675,2.7235709331814757,,,,,,,,,,,,,,,,
102,2025-05-15 18:24:41.199047,41.3532817,2.1832448,2.663501024246216,27.145113242902248,23.930000000000007,48.0,1011.0,,7.0,354.0,350.33882618267097,4.35998812944246,,17.483939425573226,2.6257257044284934,,,,,,,,,,,,,,,,
103,2025-05-15 18:24:46.199465,41.3531703,2.1832639,2.5604329109191895,13.278188274828269,23.930000000000007,48.0,1011.0,,6.5,0.0,0.0,6.5,,13.278188274828269,2.5604329109191895,,,,,,,,,,,,,,,,
104,2025-05-15 18:24:51.198846,41.3530584,2.1833094,2.8498899936676025,5.90069391218828,23.930000000000007,48.0,1011.0,,6.3,9.0,16.289599653485528,3.513595548733701,,22.19029356567381,2.7354846449016983,,,,,,,,,,,,,,,,
105,2025-05-15 18:24:56.199262,41.3529337,2.1833694,3.0591535568237305,3.446538001180764,23.930000000000007,48.0,1011.0,,6.6,17.0,30.68026540301493,3.7818042813122843,,34.12680340419569,2.630957925553417,,,,,,,,,,,,,,,,
106,2025-05-15 18:25:01.199056,41.352811,2.1834558,3.020329713821411,1.7836219394787898,23.930000000000007,48.0,1011.0,,5.8,17.0,33.871779702386426,3.0426083890812192,,35.65540164186522,2.5077401786675857,,,,,,,,,,,,,,,,
107,2025-05-15 18:25:06.199213,41.3527004,2.1835705,2.9008233547210693,2.0148086884015006,23.930000000000007,48.0,1011.0,,6.4,22.0,38.3237489494421,3.8662565768926163,,40.3385576378436,2.2757522161763353,,,,,,,,,,,,,,,,
108,2025-05-15 18:25:11.198924,41.352597,2.1837009,2.9707469940185547,2.119946644069153,23.930000000000007,48.0,1011.0,,6.2,27.0,47.78612777608184,3.800407383493867,,49.90607442015099,1.9960446981169684,,,,,,,,,,,,,,,,
109,2025-05-15 18:25:16.199072,41.3524967,2.1838211,2.4917256832122803,2.2543297622155074,23.930000000000007,48.0,1011.0,,6.2,19.0,30.916596183741927,3.928693508988497,,33.170925945957435,2.137691626188539,,,,,,,,,,,,,,,,
110,2025-05-15 18:25:21.198837,41.3524077,2.1839083,2.8884546756744385,2.0558521488977535,23.930000000000007,48.0,1011.0,,6.2,11.0,20.302759612016363,3.4094557672337813,,22.358611760914116,2.7090014094592814,,,,,,,,,,,,,,,,
111,2025-05-15 18:25:26.199183,41.3522953,2.1840027,3.163475275039673,1.7609909614375987,23.930000000000007,48.0,1011.0,,6.9,11.0,20.03838936287947,3.8423560405832755,,21.79938032431707,2.9719687608828322,,,,,,,,,,,,,,,,
112,2025-05-15 18:25:31.199130,41.3521633,2.1840914,3.1887423992156982,1.8992982367055373,23.930000000000007,48.0,1011.0,,6.6,7.0,13.454519206390344,3.4569381436830375,,15.353817443095881,3.101227110669315,,,,,,,,,,,,,,,,
113,2025-05-15 18:25:36.198888,41.3520359,2.1841785,2.9657182693481445,2.335040826977079,23.930000000000007,48.0,1011.0,,7.0,10.0,17.19518040506366,4.111716432888987,,19.530221232040738,2.8331602510335774,,,,,,,,,,,,,,,,
114,2025-05-15 18:25:41.198546,41.3519228,2.1842633,3.2056922912597656,2.5213466163070475,23.930000000000007,48.0,1011.0,,6.9,12.0,22.04048184174835,3.822908314818349,,24.561828458055395,2.9714169265042885,,,,,,,,,,,,,,,,
115,2025-05-15 18:25:46.198942,41.3517913,2.184347,3.4451448917388916,1.6323364510141807,23.930000000000007,48.0,1011.0,,7.0,12.0,23.16200804501879,3.700132482032022,,24.79434449603297,3.1674536525600696,,,,,,,,,,,,,,,,
116,2025-05-15 18:25:51.198891,41.3516527,2.1844415,3.400628089904785,1.734682353415179,23.930000000000007,48.0,1011.0,,6.9,15.0,28.682727487426263,3.7208412138083435,,30.41740984084144,2.9833400540428623,,,,,,,,,,,,,,,,
117,2025-05-15 18:25:56.199242,41.3515244,2.1845419,3.381788730621338,1.986529570803532,23.930000000000007,48.0,1011.0,,6.8,12.0,23.38392115381872,3.562191877079821,,25.370450724622252,3.10402903260193,,,,,,,,,,,,,,,,
118,2025-05-15 18:26:01.199064,41.3513925,2.1846443,3.696446418762207,2.1043861924793945,23.930000000000007,48.0,1011.0,,7.1,14.0,28.280223890403636,3.625374548761653,,30.384610082883032,3.2552420359537093,,,,,,,,,,,,,,,,
119,2025-05-15 18:26:06.198894,41.3512468,2.1847655,3.829604148864746,2.2304394680460953,23.930000000000007,48.0,1011.0,,7.2,16.0,32.69860927092392,3.6736687821163123,,34.92904873897001,3.2227033990611273,,,,,,,,,,,,,,,,
120,2025-05-15 18:26:11.199046,41.3511073,2.1848879,3.7601895332336426,2.1446038404163104,23.82000000000005,48.0,1011.0,,7.2,16.0,32.12293311753058,3.7322712267483915,,34.26753695794689,3.1845389469264207,,,,,,,,,,,,,,,,
121,2025-05-15 18:26:16.198942,41.3509625,2.1850028,4.457771301269531,1.2626236473266796,23.82000000000005,48.0,1011.0,,7.4,16.0,37.527551058240036,3.3485026380760416,,38.79017470556671,3.5352824332817328,,,,,,,,,,,,,,,,
122,2025-05-15 18:26:21.198914,41.3507862,2.1851303,4.09177827835083,-0.5338197311629876,23.82000000000005,48.0,1011.0,,6.8,15.0,35.400003701186954,3.038195319902778,,34.86618397002397,3.335322055526323,,,,,,,,,,,,,,,,
123,2025-05-15 18:26:26.198934,41.3506341,2.1852716,3.8015098571777344,-0.11454341963945099,23.82000000000005,48.0,1011.0,,6.7,15.0,33.000662202997724,3.1838642284207994,,32.88611878335827,3.188190501269042,,,,,,,,,,,,,,,,
124,2025-05-15 18:26:31.198829,41.3504986,2.1854101,3.849937677383423,-0.27695840787190484,23.82000000000005,48.0,1011.0,,7.1,16.0,33.33768278694542,3.560996195066049,,33.06072437907352,3.2164153967263323,,,,,,,,,,,,,,,,
125,2025-05-15 18:26:36.199472,41.3503607,2.1855364,3.870786666870117,-0.4952017348740298,23.82000000000005,48.0,1011.0,,6.9,15.0,32.584700532782925,3.3160622201857652,,32.089498797908895,3.2615102635537143,,,,,,,,,,,,,,,,
126,2025-05-15 18:26:41.199151,41.3502182,2.1856648,4.066809177398682,-0.35494921639438637,23.82000000000005,48.0,1011.0,,7.0,16.0,35.93498725632474,3.2877327246054038,,35.58003803993035,3.2928279850946907,,,,,,,,,,,,,,,,
127,2025-05-15 18:26:46.198952,41.3500665,2.1858058,3.9915785789489746,0.018315479094613146,23.82000000000005,48.0,1011.0,,6.7,18.0,41.01475764078457,3.15490002903776,,41.033073119879184,3.011807993904864,,,,,,,,,,,,,,,,
128,2025-05-15 18:26:51.199078,41.3499205,2.1859485,4.2747697830200195,-0.34621999451127206,23.82000000000005,48.0,1011.0,,6.8,17.0,41.7424135764385,2.986150084874004,,41.39619358192723,3.189600393710571,,,,,,,,,,,,,,,,
129,2025-05-15 18:26:56.198944,41.3497684,2.1861159,4.180959701538086,-0.057451695976525906,23.82000000000005,48.0,1011.0,,6.9,14.0,33.58275945694483,3.017786418888582,,33.5253077609683,3.4831061887786903,,,,,,,,,,,,,,,,
130,2025-05-15 18:27:01.199213,41.3496215,2.1862515,3.9911062717437744,-0.29100490534344764,23.82000000000005,48.0,1011.0,,7.1,10.0,22.334156144244258,3.244413845261708,,22.04315123890081,3.6917068337793,,,,,,,,,,,,,,,,
131,2025-05-15 18:27:06.199201,41.3496215,2.1862515,3.9911062717437744,-0.29100490534344764,23.82000000000005,48.0,1011.0,,7.2,11.0,24.06260408596406,3.36940947226566,,23.771599180620612,3.644281102964394,,,,,,,,,,,,,,,,
132,2025-05-15 18:27:11.198940,41.3493303,2.1864758,4.638034343719482,-0.7372206835727046,23.82000000000005,48.0,1011.0,,7.3,14.0,35.83929483602744,3.016205398153396,,35.10207415245474,3.7598802847635846,,,,,,,,,,,,,,,,
133,2025-05-15 18:27:16.198895,41.3491576,2.1866202,4.324334621429443,-1.8967100218969255,23.82000000000005,48.0,1011.0,,7.2,16.0,37.38919267807708,3.26828728499998,,35.49248265618016,3.435810004782715,,,,,,,,,,,,,,,,
134,2025-05-15 18:27:21.199172,41.348993,2.1867713,4.180737495422363,-1.363796037850905,23.82000000000005,48.0,1011.0,,7.0,17.0,39.1551550641298,3.241255605680447,,37.7913590262789,3.2419066327542434,,,,,,,,,,,,,,,,
135,2025-05-15 18:27:26.198893,41.3488297,2.186933,4.391103267669678,-1.8906665851419338,23.82000000000005,48.0,1011.0,,7.4,17.0,38.85582407441081,3.4486432713661044,,36.965157489268876,3.41947105334836,,,,,,,,,,,,,,,,
136,2025-05-15 18:27:31.199040,41.348666,2.1871105,4.581031799316406,-2.408585102308603,23.82000000000005,48.0,1011.0,,7.8,19.0,42.26717300068199,3.7756088283052933,,39.858587898373386,3.3900394338209674,,,,,,,,,,,,,,,,
137,2025-05-15 18:27:36.198924,41.3484995,2.1872901,4.785999298095703,-2.968411098901531,23.82000000000005,48.0,1011.0,,7.7,17.0,41.13437007097757,3.4222699138116854,,38.165958972076034,3.6046659055257133,,,,,,,,,,,,,,,,
138,2025-05-15 18:27:41.199078,41.3483282,2.1874613,4.659400939941406,-2.605270217856052,23.82000000000005,48.0,1011.0,,7.3,14.0,36.07831408054655,2.9989103956715426,,33.473043862690496,3.765787626100197,,,,,,,,,,,,,,,,
139,2025-05-15 18:27:46.198974,41.3481543,2.1876035,4.849984169006348,-2.7854004489592707,23.82000000000005,48.0,1011.0,,7.8,8.0,20.691551929623653,3.0722807356578183,,17.906151480664384,4.537141465967698,,,,,,,,,,,,,,,,
140,2025-05-15 18:27:51.199154,41.3479662,2.1877506,4.936793804168701,-5.405062515726774,23.82000000000005,48.0,1011.0,,7.9,15.0,37.19727162140097,3.382073659696677,,31.792209105674196,3.9324460925391356,,,,,,,,,,,,,,,,
141,2025-05-15 18:27:56.198831,41.3477843,2.1879309,4.865607738494873,-5.409032136295021,23.82000000000005,48.0,1011.0,,7.8,22.0,50.996531266895545,3.7600075578931498,,45.58749913060052,3.062255081288803,,,,,,,,,,,,,,,,
142,2025-05-15 18:28:01.198871,41.3476244,2.1881211,4.689049243927002,-5.247829426598965,23.82000000000005,48.0,1011.0,,7.0,26.0,62.425157310344126,3.461838992001158,,57.177327883745164,2.170593146621274,,,,,,,,,,,,,,,,
143,2025-05-15 18:28:06.199665,41.3474822,2.1883178,4.650589466094971,-5.579357417401275,23.82000000000005,48.0,1011.0,,6.4,26.0,68.56107255053095,3.0141299235656556,,62.981715133129676,1.699833564173398,,,,,,,,,,,,,,,,
144,2025-05-15 18:28:11.199043,41.3473386,2.1885209,4.53072452545166,-5.40707357955052,23.82000000000005,48.0,1011.0,,6.6,25.0,62.51779159783237,3.1440764309269267,,57.11071801828185,2.0908077395377704,,,,,,,,,,,,,,,,
145,2025-05-15 18:28:16.198933,41.3472043,2.1887223,4.417364597320557,-5.326446611493104,23.82000000000005,48.0,1011.0,,6.7,25.0,59.69580952180554,3.2796826198669105,,54.36936291031244,2.2289613999105833,,,,,,,,,,,,,,,,
146,2025-05-15 18:28:21.198962,41.3470771,2.1889232,4.345633029937744,-5.285221724097023,23.82000000000005,48.0,1011.0,,6.6,22.0,54.34314764612299,3.0428729996903066,,49.05792592202597,2.5331976520937345,,,,,,,,,,,,,,,,
147,2025-05-15 18:28:26.198866,41.3469444,2.1891108,4.203751564025879,-5.8111586699058755,23.82000000000005,48.0,1011.0,,6.8,28.0,60.58006914526327,3.665039099348474,,54.7689104753574,2.0649112844236215,,,,,,,,,,,,,,,,
148,2025-05-15 18:28:31.199278,41.3468212,2.1893083,4.49682092666626,-5.518669905965242,23.82000000000005,48.0,1011.0,,6.3,34.0,78.35373345846574,3.5969676507096118,,72.8350635525005,0.9077681407499805,,,,,,,,,,,,,,,,
149,2025-05-15 18:28:36.198864,41.3467101,2.1895361,4.192241668701172,-4.804851104675441,23.82000000000005,48.0,1011.0,,6.9,31.0,64.14439748769998,3.9490816721212103,,59.33954638302453,1.8282559006136898,,,,,,,,,,,,,,,,
150,2025-05-15 18:28:41.198866,41.3465963,2.189707,4.048573017120361,-5.2383380249735865,23.82000000000005,48.0,1011.0,,7.2,31.0,60.2083436676944,4.273003632822741,,54.970005642720814,2.0115237378785675,,,,,,,,,,,,,,,,
151,2025-05-15 18:28:46.198886,41.3464828,2.1898747,4.038450241088867,-5.529303656729306,23.82000000000005,48.0,1011.0,,6.7,34.0,67.96871916940897,4.04172225097319,,62.439415512679666,1.5148741224473017,,,,,,,,,,,,,,,,
152,2025-05-15 18:28:51.201814,41.3463808,2.1900643,4.377817153930664,-5.174423249154723,23.82000000000005,48.0,1011.0,,6.4,37.0,79.21844482650113,3.9208284860820646,,74.0440215773464,0.8189367339420325,,,,,,,,,,,,,,,,
153,2025-05-15 18:28:56.198866,41.3462785,2.1902768,4.070817470550537,-4.834751965314465,23.82000000000005,48.0,1011.0,,6.6,35.0,70.56682503248474,4.01429835710789,,65.73207306717028,1.3543903385167788,,,,,,,,,,,,,,,,
154,2025-05-15 18:29:01.202012,41.3461833,2.1904834,4.209499835968018,-5.181829735535955,23.82000000000005,48.0,1011.0,,6.6,35.0,72.4544832517972,3.9703122850634034,,67.27265351626124,1.2690099375771047,,,,,,,,,,,,,,,,
155,2025-05-15 18:29:06.199098,41.346073,2.1906904,4.217291831970215,-5.272524402429969,23.82000000000005,48.0,1011.0,,6.4,34.0,73.0821857527812,3.7407211994350713,,67.80966135035123,1.227230528899207,,,,,,,,,,,,,,,,
156,2025-05-15 18:29:11.198947,41.3459617,2.1908825,3.8894574642181396,-5.194498028899036,23.82000000000005,48.0,1011.0,,6.3,38.0,74.5087704522128,4.024885972479766,,69.31427242331377,1.0388385658316244,,,,,,,,,,,,,,,,
157,2025-05-15 18:29:16.199763,41.3458665,2.1910691,4.162847995758057,-5.082648131711377,23.82000000000005,48.0,1011.0,,6.4,40.0,79.80486124718311,4.179837709724398,,74.72221311547173,0.736829239834908,,,,,,,,,,,,,,,,
158,2025-05-15 18:29:21.199042,41.3457669,2.191291,3.9906773567199707,-5.275421256411701,23.82000000000005,48.0,1011.0,,6.8,39.0,73.17675563837219,4.470715625534765,,67.90133438196048,1.1549824340400203,,,,,,,,,,,,,,,,
159,2025-05-15 18:29:26.198874,41.3456656,2.1914989,3.941791296005249,-4.941888178201169,23.82000000000005,48.0,1011.0,,6.0,36.0,75.49632929115339,3.6428017871266065,,70.55444111295222,0.9871902094510658,,,,,,,,,,,,,,,,
160,2025-05-15 18:29:31.199354,41.3455534,2.1917115,4.33139181137085,-5.108927284543001,23.82000000000005,48.0,1011.0,,6.3,33.0,74.48961779233757,3.560906985602112,,69.38069050779457,1.1582704139188302,,,,,,,,,,,,,,,,
161,2025-05-15 18:29:36.199009,41.3454338,2.1919128,3.789738416671753,-5.484664528521865,23.82000000000005,48.0,1011.0,,6.4,32.0,64.22380034336871,3.76622457073049,,58.73913581484685,1.6479945609855815,,,,,,,,,,,,,,,,
162,2025-05-15 18:29:41.199818,41.3453202,2.1920664,3.95290207862854,-5.547132158010332,23.79000000000002,49.0,1011.0,,6.5,28.0,59.657097487879675,3.535924909625245,,54.10996532986934,1.9969032928024724,,,,,,,,,,,,,,,,
163,2025-05-15 18:29:46.198957,41.3451898,2.1922345,4.115046501159668,-5.012623751679937,23.79000000000002,49.0,1011.0,,6.8,23.0,51.093723194396524,3.4143655261712977,,46.081099442716585,2.584448005304332,,,,,,,,,,,,,,,,
164,2025-05-15 18:29:51.198841,41.3450478,2.1923954,3.5339107513427734,-5.477918436056008,23.79000000000002,49.0,1011.0,,6.6,27.0,51.93194170889467,3.8059413726292624,,46.45402327283866,2.178999023596956,,,,,,,,,,,,,,,,
165,2025-05-15 18:29:56.198888,41.344918,2.192541,4.03953742980957,-9.745027893602698,23.79000000000002,49.0,1011.0,,6.8,30.0,61.455950781373915,3.870453589411604,,51.71092288777122,1.930229367205744,,,,,,,,,,,,,,,,
166,2025-05-15 18:30:01.198946,41.3448047,2.192737,4.031306743621826,-18.348859242943206,23.79000000000002,49.0,1011.0,,6.8,49.0,85.21167992625783,5.149999175467537,,66.86282068331462,0.3365121346061394,,,,,,,,,,,,,,,,
167,2025-05-15 18:30:06.199383,41.3447201,2.1929494,4.011898517608643,-18.314807334836107,23.79000000000002,49.0,1011.0,,6.3,49.0,88.53892168162656,4.756216712642368,,70.22411434679046,0.10229484121323815,,,,,,,,,,,,,,,,
168,2025-05-15 18:30:11.198838,41.344642,2.193161,3.871767282485962,-17.934591194309007,23.79000000000002,49.0,1011.0,,6.1,36.0,73.48287418067657,3.739814223489839,,55.54828298636757,1.1007508918947684,,,,,,,,,,,,,,,,
169,2025-05-15 18:30:16.198878,41.3445528,2.1933544,3.9595112800598145,-17.95969555460339,23.79000000000002,49.0,1011.0,,6.3,33.0,68.89835174450216,3.6778509137934794,,50.93865618989878,1.4255176901899238,,,,,,,,,,,,,,,,
170,2025-05-15 18:30:21.198846,41.3444368,2.1935292,3.751070976257324,-17.5812535557132,23.79000000000002,49.0,1011.0,,6.5,27.0,55.337486435827245,3.5876956679621386,,37.75623288011404,2.133389749563226,,,,,,,,,,,,,,,,
171,2025-05-15 18:30:26.198837,41.3443042,2.1936778,4.266815185546875,-18.186869353945305,23.79000000000002,49.0,1011.0,,6.7,21.0,50.37394614600708,3.1173624977104812,,32.187076792061774,2.7212650506182134,,,,,,,,,,,,,,,,
172,2025-05-15 18:30:31.198872,41.3441607,2.1938392,3.5242257118225098,-28.781252615180247,23.79000000000002,49.0,1011.0,,6.4,25.0,49.91825764176268,3.5350448133449466,,21.137005026582433,2.269177923743429,,,,,,,,,,,,,,,,
173,2025-05-15 18:30:36.198975,41.344051,2.1939827,3.370626449584961,-32.369055363539566,23.79000000000002,49.0,1011.0,,6.6,39.0,67.05291638813098,4.5104473601508435,,34.683861024591415,1.3141425896465961,,,,,,,,,,,,,,,,
174,2025-05-15 18:30:41.199139,41.3439467,2.1941343,3.360063076019287,-31.850391288536304,23.79000000000002,49.0,1011.0,,6.8,44.0,72.03695995789049,4.965728071946143,,40.18656866935419,1.036254975257279,,,,,,,,,,,,,,,,
175,2025-05-15 18:30:46.198867,41.3438396,2.1942887,3.5492606163024902,-31.425727691985347,23.79000000000002,49.0,1011.0,,6.5,36.0,65.89611352383986,4.185557656242302,,34.470385831854514,1.4494909854770721,,,,,,,,,,,,,,,,
176,2025-05-15 18:30:51.198750,41.343718,2.1944425,3.732090473175049,-31.630547989721105,23.79000000000002,49.0,1011.0,,6.7,28.0,55.23062992550927,3.8291355793486797,,23.600081935788165,2.128316049046053,,,,,,,,,,,,,,,,
177,2025-05-15 18:30:56.199001,41.3435927,2.1946145,3.7031636238098145,-46.43139716640948,23.79000000000002,49.0,1011.0,,6.0,34.0,69.25139814556408,3.5878516478833395,,22.8200009791546,1.3119131798030612,,,,,,,,,,,,,,,,
178,2025-05-15 18:31:01.198810,41.343495,2.1948076,3.7024290561676025,-48.716269613602584,23.79000000000002,49.0,1011.0,,6.2,46.0,82.28170993537006,4.500681233238585,,33.565440321767475,0.49724556004593434,,,,,,,,,,,,,,,,
179,2025-05-15 18:31:06.200170,41.3434172,2.1950064,3.408433437347412,-48.54482845034068,23.79000000000002,49.0,1011.0,,6.7,45.0,74.3280428709889,4.920541106432512,,25.783214420648214,0.9207175112545003,,,,,,,,,,,,,,,,
180,2025-05-15 18:31:11.199046,41.3433299,2.1951879,3.9922139644622803,-48.78868327918306,23.689999999999998,48.0,1011.0,,6.6,43.0,79.49416245272886,4.577932094143225,,30.705479173545797,0.7279231393462952,,,,,,,,,,,,,,,,
181,2025-05-15 18:31:16.199156,41.3432126,2.1953894,3.6931402683258057,-49.94289304136142,23.689999999999998,48.0,1011.0,,6.3,42.0,76.80089947257744,4.329908224362993,,26.85800643121602,0.843275347728468,,,,,,,,,,,,,,,,
182,2025-05-15 18:31:21.199157,41.3431179,2.1955821,3.91619610786438,-50.92173428150512,23.689999999999998,48.0,1011.0,,6.4,46.0,83.43755128484091,4.634138145292964,,32.51581700333579,0.44756668500506364,,,,,,,,,,,,,,,,
183,2025-05-15 18:31:26.199362,41.3430262,2.195795,4.197129249572754,-50.89240886430367,23.689999999999998,48.0,1011.0,,6.6,45.0,84.25190927545052,4.690489209696616,,33.35950041114685,0.42036308578945825,,,,,,,,,,,,,,,,
184,2025-05-15 18:31:31.199266,41.3429242,2.1960141,4.15299129486084,-50.92778241401516,23.689999999999998,48.0,1011.0,,6.5,41.0,79.99094289088097,4.33028943335404,,29.06316047686581,0.721805877459616,,,,,,,,,,,,,,,,
185,2025-05-15 18:31:36.199238,41.3428106,2.1962122,3.859574556350708,-50.877802504763594,23.689999999999998,48.0,1011.0,,7.0,35.0,64.97365375226626,4.431051604883801,,14.095851247502665,1.6327349813393084,,,,,,,,,,,,,,,,
186,2025-05-15 18:31:41.199221,41.3426876,2.1963708,3.8902242183685303,-50.8465509742162,23.689999999999998,48.0,1011.0,,7.5,33.0,59.56587589189071,4.737572812038708,,8.719324917674513,1.970582840859358,,,,,,,,,,,,,,,,
187,2025-05-15 18:31:46.199023,41.342554,2.1965077,3.569556951522827,-50.57290286021423,23.689999999999998,48.0,1011.0,,7.3,27.0,48.47387001846745,4.4267887072957,,357.90096715825325,2.3664789869306473,,,,,,,,,,,,,,,,
188,2025-05-15 18:31:51.199124,41.3424266,2.1966327,3.862457275390625,-66.62210912660042,23.689999999999998,48.0,1011.0,,6.8,36.0,67.70498408272262,4.319882356363288,,1.0828749561221969,1.4653223373449817,,,,,,,,,,,,,,,,
189,2025-05-15 18:31:56.198936,41.3423125,2.1968164,3.6821818351745605,-79.11994145856556,23.689999999999998,48.0,1011.0,,6.6,59.0,92.8630652373683,5.664374663488996,,13.74312377880274,-0.1839217494824198,,,,,,,,,,,,,,,,
190,2025-05-15 18:32:01.199136,41.3422313,2.1970198,3.9189558029174805,-79.00165624251929,23.689999999999998,48.0,1011.0,,6.3,59.0,97.11662409288446,5.442079591946336,,18.114967850365176,-0.4855170510662676,,,,,,,,,,,,,,,,
191,2025-05-15 18:32:06.198974,41.3421515,2.1972385,3.835556745529175,-79.06064858638068,23.689999999999998,48.0,1011.0,,6.2,47.0,85.04859411539798,4.551377512302481,,5.987945529017296,0.33105001553787333,,,,,,,,,,,,,,,,
192,2025-05-15 18:32:11.198968,41.3420724,2.1974419,3.992617130279541,-79.08111183313405,23.689999999999998,48.0,1011.0,,5.9,45.0,87.53889646543509,4.175781736211226,,8.457784632301042,0.17144757951624706,,,,,,,,,,,,,,,,
193,2025-05-15 18:32:16.198937,41.3419867,2.1976442,3.7072200775146484,-79.0687287001688,23.689999999999998,48.0,1011.0,,5.9,39.0,76.6966770063549,3.8153738463943174,,357.6279483061861,0.8530542446416093,,,,,,,,,,,,,,,,
194,2025-05-15 18:32:21.198824,41.3418919,2.1978224,3.988994598388672,-79.02625858390967,23.689999999999998,48.0,1011.0,,6.1,38.0,77.71409947417783,3.843560342018753,,358.68784089026815,0.8488179462091613,,,,,,,,,,,,,,,,
195,2025-05-15 18:32:26.199541,41.3417761,2.1980059,3.970061779022217,-78.9680790325595,23.689999999999998,48.0,1011.0,,6.5,35.0,70.03453538710804,3.966647909776934,,351.06645635454856,1.3555921870582655,,,,,,,,,,,,,,,,
196,2025-05-15 18:32:31.198806,41.3416619,2.1981844,4.079621315002441,-79.0590708126824,23.689999999999998,48.0,1011.0,,6.2,33.0,71.64833516614239,3.5576996557685754,,352.58926435345995,1.284462429354157,,,,,,,,,,,,,,,,
197,2025-05-15 18:32:36.199383,41.3415403,2.1983573,3.9616100788116455,-79.07661756866017,23.689999999999998,48.0,1011.0,,6.1,31.0,68.0349978933498,3.387631987204784,,348.95838032468964,1.4818013203094222,,,,,,,,,,,,,,,,
198,2025-05-15 18:32:41.198919,41.3414191,2.1985267,4.1685004234313965,-84.89927870401517,23.680000000000007,49.0,1011.0,,7.0,37.0,71.3485057918752,4.446214267773751,,346.44922708786004,1.3331322098915808,,,,,,,,,,,,,,,,
199,2025-05-15 18:32:46.198811,41.3413042,2.1987295,4.215200424194336,-85.50669425709359,23.680000000000007,49.0,1011.0,,6.7,41.0,79.16417102430636,4.475392262580727,,353.65747676721276,0.7924388594056252,,,,,,,,,,,,,,,,
200,2025-05-15 18:32:51.198525,41.3411931,2.1989343,3.8522768020629883,-76.84778340851244,23.680000000000007,49.0,1011.0,,6.8,40.0,72.75469177435946,4.576705073376724,,355.906908365847,1.142058964256382,,,,,,,,,,,,,,,,
201,2025-05-15 18:32:56.199052,41.3410761,2.1990944,3.7599034309387207,-67.12932580455474,23.680000000000007,49.0,1011.0,,7.0,19.0,38.56185539873194,3.655961474115185,,331.4325295941772,2.9400025194471557,,,,,,,,,,,,,,,,
202,2025-05-15 18:33:01.198894,41.3409382,2.1991985,3.4593639373779297,-73.72490480676673,23.680000000000007,49.0,1011.0,,7.2,21.0,38.34052748702582,4.159451721834961,,324.6156226802591,2.7133098340826036,,,,,,,,,,,,,,,,
203,2025-05-15 18:33:06.198897,41.3408021,2.1992806,4.187490463256836,-74.14672362952837,23.680000000000007,49.0,1011.0,,7.3,19.0,41.200287242627816,3.6081250137451972,,327.05356361309947,3.150716427327883,,,,,,,,,,,,,,,,
204,2025-05-15 18:33:11.201790,41.3406419,2.1993985,4.359414100646973,-73.80828092596506,23.680000000000007,49.0,1011.0,,7.3,18.0,41.128567090947776,3.429602478603048,,327.3202861649827,3.283665625733748,,,,,,,,,,,,,,,,
205,2025-05-15 18:33:16.199147,41.3404804,2.1995343,4.300170421600342,-73.83076590871275,23.680000000000007,49.0,1011.0,,6.9,18.0,43.30675575959709,3.108622728144642,,329.47598985088433,3.129199131035703,,,,,,,,,,,,,,,,
206,2025-05-15 18:33:21.198882,41.3403264,2.1996806,3.8714940547943115,-73.79519428351533,23.680000000000007,49.0,1011.0,,7.4,18.0,35.836892828720934,3.9057295626910182,,322.0416985452056,3.1385698847415635,,,,,,,,,,,,,,,,
207,2025-05-15 18:33:26.199086,41.3401783,2.1998089,4.607666492462158,-73.54057849163559,23.680000000000007,49.0,1011.0,,7.9,19.0,41.945720796810704,3.8478265575366204,,328.4051423051751,3.427082780758416,,,,,,,,,,,,,,,,
208,2025-05-15 18:33:31.198757,41.3400037,2.1999691,4.590106964111328,-73.6674219347119,23.680000000000007,49.0,1011.0,,7.6,21.0,47.39283127034339,3.700476304504097,,333.7254093356315,3.1073558219827966,,,,,,,,,,,,,,,,
209,2025-05-15 18:33:36.198936,41.3398354,2.2001291,4.440516948699951,-73.00213418879598,23.680000000000007,49.0,1011.0,,8.1,17.0,35.61911359051802,4.066336636910009,,322.61697940172206,3.6097251906251313,,,,,,,,,,,,,,,,
210,2025-05-15 18:33:41.198887,41.3396573,2.2002506,4.668906211853027,-73.81994005887829,23.680000000000007,49.0,1011.0,,8.0,12.0,27.788332866501552,3.5677184121335292,,313.9683928076233,4.130468931686047,,,,,,,,,,,,,,,,
211,2025-05-15 18:33:46.199062,41.3394756,2.2003733,4.291106224060059,-84.23083541070271,23.680000000000007,49.0,1011.0,,8.2,24.0,46.185810861686875,4.622079055840005,,321.9549754509842,2.9708267906732253,,,,,,,,,,,,,,,,
212,2025-05-15 18:33:51.201866,41.3393196,2.2005183,4.499326705932617,-81.84971535282037,23.680000000000007,49.0,1011.0,,7.9,22.0,46.326633704045484,4.091580644660519,,324.4769183512251,3.1069932661232547,,,,,,,,,,,,,,,,
213,2025-05-15 18:33:56.198942,41.339148,2.2006507,4.549609184265137,-76.76578015733728,23.680000000000007,49.0,1011.0,,8.4,12.0,25.467782069673206,4.061497674185037,,308.70200191233596,4.1075110205171805,,,,,,,,,,,,,,,,
214,2025-05-15 18:34:01.198980,41.3389606,2.200757,4.659592628479004,-76.66620965961683,23.680000000000007,49.0,1011.0,,8.6,13.0,27.476666059548347,4.192960915307098,,310.8104563999315,4.133985028667041,,,,,,,,,,,,,,,,
215,2025-05-15 18:34:06.199157,41.3387805,2.2008616,4.520381450653076,-76.61617852394649,23.680000000000007,49.0,1011.0,,8.7,19.0,37.392922525375276,4.664164222095251,,320.77674400142877,3.591396234636487,,,,,,,,,,,,,,,,
216,2025-05-15 18:34:11.199010,41.3386066,2.2009612,4.8387532234191895,-77.00233009886232,23.680000000000007,49.0,1011.0,,8.4,11.0,25.1948089530607,3.765106137815298,,308.1924788541984,4.378421458387768,,,,,,,,,,,,,,,,
217,2025-05-15 18:34:16.198945,41.338419,2.2010642,4.630582332611084,-79.66949164899562,23.680000000000007,49.0,1011.0,,8.3,16.0,34.346860320215114,4.054916653114995,,314.6773686712195,3.823180702540756,,,,,,,,,,,,,,,,
218,2025-05-15 18:34:21.199074,41.3382491,2.2011807,4.450491905212402,-80.62124435889105,23.680000000000007,49.0,1011.0,,8.2,16.0,33.36898493724636,4.109287638351407,,312.7477405783553,3.7168092860963857,,,,,,,,,,,,,,,,
219,2025-05-15 18:34:26.199040,41.3380792,2.2012861,4.509636878967285,-78.98988782657935,23.680000000000007,49.0,1011.0,,8.3,9.0,19.394390429133875,3.9100515431329246,,300.40450260255454,4.253738318146157,,,,,,,,,,,,,,,,
220,2025-05-15 18:34:31.198976,41.3378901,2.2013345,4.559498310089111,-78.60110662883305,23.680000000000007,49.0,1011.0,,8.8,2.0,4.147601955968645,4.246261766548555,,285.5464953271356,4.547557156566186,,,,,,,,,,,,,,,,
221,2025-05-15 18:34:36.198894,41.3376952,2.2013649,4.430403709411621,-78.65762644421491,23.680000000000007,49.0,1011.0,,8.5,8.0,16.526489022358053,4.158676772997772,,297.86886257814314,4.2473763167575145,,,,,,,,,,,,,,,,
222,2025-05-15 18:34:41.198982,41.3375107,2.2014248,4.728979110717773,-78.77072754668116,23.680000000000007,49.0,1011.0,,8.2,12.0,27.380139646247617,3.7071221269436876,,308.60941209956644,4.199214517379233,,,,,,,,,,,,,,,,
223,2025-05-15 18:34:46.198846,41.3373205,2.2014897,4.500645637512207,-78.59668749644005,23.680000000000007,49.0,1011.0,,7.9,13.0,29.0692570304268,3.657616700580695,,310.47256953398676,3.9337130258355075,,,,,,,,,,,,,,,,
224,2025-05-15 18:34:51.198952,41.3371462,2.2015603,4.320480823516846,-78.82876366405876,23.680000000000007,49.0,1011.0,,7.8,11.0,24.04202756425711,3.6531318569540345,,305.21326390019834,3.9456655574112616,,,,,,,,,,,,,,,,
225,2025-05-15 18:34:56.199,41.3369718,2.2016484,4.469364643096924,-78.8107592854066,23.680000000000007,49.0,1011.0,,7.7,7.0,16.47405522397633,3.309084448973039,,297.6632959385697,4.285889380279007,,,,,,,,,,,,,,,,
226,2025-05-15 18:35:01.198908,41.3367768,2.2017169,4.838748455047607,-79.02767926325703,23.680000000000007,49.0,1011.0,,8.5,355.0,348.46188326350153,3.7037524422966865,,269.4342040002445,4.740966328351382,,,,,,,,,,,,,,,,
227,2025-05-15 18:35:06.199524,41.3365589,2.2017669,4.810060977935791,-79.1148324770664,23.680000000000007,49.0,1011.0,,8.5,352.0,341.84332061668067,3.796240257664983,,262.7284881396143,4.570558096863934,,,,,,,,,,,,,,,,
228,2025-05-15 18:35:11.198902,41.3363434,2.2017917,4.510961532592773,-87.91923318515798,23.680000000000007,49.0,1011.0,,8.8,358.0,355.8992317585502,4.294672862797532,,267.9799985733922,4.4994126779477615,,,,,,,,,,,,,,,,
229,2025-05-15 18:35:16.198833,41.3361516,2.2018263,4.433135509490967,-106.27500457954123,23.680000000000007,49.0,1011.0,,7.7,14.0,31.514024052186212,3.5637512380977787,,285.239019472645,3.7793023232767733,,,,,,,,,,,,,,,,
230,2025-05-15 18:35:21.198415,41.3359746,2.2019217,4.267914295196533,-106.79589529621391,23.680000000000007,49.0,1011.0,,7.3,19.0,42.05579127028816,3.5480086882080455,,295.25989597407425,3.1688961179819346,,,,,,,,,,,,,,,,
231,2025-05-15 18:35:26.198829,41.3358157,2.2020353,3.8432042598724365,-106.76888872823568,23.680000000000007,49.0,1011.0,,7.9,6.0,11.626268303745405,4.09758911837347,,264.85737957550975,3.7643530796630182,,,,,,,,,,,,,,,,
232,2025-05-15 18:35:31.198384,41.335663,2.2021242,4.497349739074707,-106.11103222813674,23.680000000000007,49.0,1011.0,,8.3,9.0,19.334778463073068,3.9216435739667834,,273.22374623493636,4.243699915025937,,,,,,,,,,,,,,,,
233,2025-05-15 18:35:36.199251,41.3354702,2.2022172,4.8189311027526855,-106.93193217391305,23.680000000000007,49.0,1011.0,,8.0,10.0,22.336113341703406,3.655373636002768,,276.22508111356666,4.1599152281074145,,,,,,,,,,,,,,,,
234,2025-05-15 18:35:41.198805,41.335262,2.2023075,4.620624542236328,-107.6092410527682,23.670000000000016,49.0,1011.0,,7.9,7.0,16.644072851782923,3.3613208803406582,,269.03483179901474,4.4270320862751165,,,,,,,,,,,,,,,,
235,2025-05-15 18:35:46.199920,41.3350609,2.2023913,4.669859409332275,-106.99944859385863,23.670000000000016,49.0,1011.0,,8.2,12.0,26.96579728733711,3.7597172446990386,,279.9663486934785,4.162140036077202,,,,,,,,,,,,,,,,
236,2025-05-15 18:35:51.198779,41.3348658,2.2024849,4.6400980949401855,-107.50316821495791,23.670000000000016,49.0,1011.0,,7.4,10.0,25.890361195241898,2.942849395888332,,278.387192980284,4.174377244173528,,,,,,,,,,,,,,,,
237,2025-05-15 18:35:56.199022,41.3346831,2.202574,4.480412006378174,-107.38445952718308,23.670000000000016,49.0,1011.0,,7.5,8.0,19.50609891037898,3.1260130479666617,,272.1216393831959,4.223263030558868,,,,,,,,,,,,,,,,
238,2025-05-15 18:36:01.199031,41.3346831,2.202574,4.480412006378174,-107.38445952718308,23.670000000000016,49.0,1011.0,,7.7,4.0,9.525932576478981,3.2455852090187376,,262.1414730492959,4.418630702469336,,,,,,,,,,,,,,,,
239,2025-05-15 18:36:06.199395,41.3343337,2.2027242,4.341163635253906,-113.8605648604332,23.670000000000016,49.0,1011.0,,7.8,9.0,19.94322600966084,3.5773343534563677,,266.08266114922765,4.080828674473819,,,,,,,,,,,,,,,,
240,2025-05-15 18:36:11.199036,41.3341491,2.2028189,4.409784317016602,-114.96877671364611,23.670000000000016,49.0,1011.0,,7.6,13.0,29.715381683487195,3.448973455474511,,274.7466049698411,3.829890940287329,,,,,,,,,,,,,,,,
241,2025-05-15 18:36:16.198870,41.3339669,2.2029406,4.758879661560059,-115.11584434685483,23.670000000000016,49.0,1011.0,,8.3,15.0,33.39683759781972,3.90273038561289,,278.2809932509649,3.973085101948923,,,,,,,,,,,,,,,,
242,2025-05-15 18:36:21.198580,41.3337776,2.2030671,4.809762001037598,-115.42710972771064,23.670000000000016,49.0,1011.0,,8.4,8.0,18.42844426357339,3.698133026047122,,263.0013345358627,4.563113519351848,,,,,,,,,,,,,,,,
243,2025-05-15 18:36:26.198811,41.3335758,2.2031674,4.706721782684326,-115.19301182409762,23.670000000000016,49.0,1011.0,,8.1,7.0,16.49827919037398,3.4760156422475723,,261.3052673662763,4.512937878347515,,,,,,,,,,,,,,,,
244,2025-05-15 18:36:31.198996,41.3333772,2.2032321,4.5437092781066895,-114.61991797159854,23.670000000000016,49.0,1011.0,,7.9,5.0,11.695069397281385,3.396744373975519,,257.07515142568286,4.449383045350515,,,,,,,,,,,,,,,,
245,2025-05-15 18:36:36.198862,41.3331887,2.2032999,4.797642230987549,-114.36364927393966,23.670000000000016,49.0,1011.0,,8.5,7.0,15.889703052288926,3.7835681981615394,,261.52605377834925,4.614326858211777,,,,,,,,,,,,,,,,
246,2025-05-15 18:36:41.199277,41.3329917,2.2033824,4.650461196899414,-114.82261066540784,23.670000000000016,49.0,1011.0,,8.6,11.0,23.40273264038192,4.131399323354342,,268.5801219749741,4.267894183911541,,,,,,,,,,,,,,,,
247,2025-05-15 18:36:46.199106,41.3327977,2.2034664,4.580201625823975,-114.87337263131937,23.670000000000016,49.0,1011.0,,8.4,11.0,23.618275616404993,4.000574940012573,,268.7449029850856,4.196540962189464,,,,,,,,,,,,,,,,
248,2025-05-15 18:36:51.199044,41.3325981,2.2035738,5.087387561798096,-114.93308214504363,23.670000000000016,49.0,1011.0,,8.2,13.0,32.43727455699425,3.4390031366426927,,277.5041924119506,4.293649067597818,,,,,,,,,,,,,,,,
249,2025-05-15 18:36:56.199260,41.3323937,2.2036774,4.800784111022949,-114.77738115272402,23.670000000000016,49.0,1011.0,,8.0,9.0,21.97938546631492,3.343751217704788,,267.2020043135909,4.451856279828626,,,,,,,,,,,,,,,,
250,2025-05-15 18:37:01.198868,41.3322185,2.2037684,4.597504615783691,-115.15366993447836,23.670000000000016,49.0,1011.0,,9.0,7.0,14.197472642555525,4.472002845288072,,259.0438027080772,4.457079214695255,,,,,,,,,,,,,,,,
251,2025-05-15 18:37:06.199721,41.3319852,2.2038533,4.573559284210205,47.896592271687695,23.670000000000016,49.0,1011.0,,9.3,1.0,1.9673703636622368,4.72781113615823,,49.86396263534993,4.570863354088345,,,,,,,,,,,,,,,,
252,2025-05-15 18:37:11.199170,41.331801,2.2038356,4.669500827789307,46.934809428996104,23.670000000000016,49.0,1011.0,,9.0,358.0,355.8463034894823,4.336406886791411,,42.781112918478414,4.657235631473303,,,,,,,,,,,,,,,,
253,2025-05-15 18:37:16.199145,41.331574,2.2038751,4.460921764373779,45.92641737540835,23.670000000000016,49.0,1011.0,,9.1,0.0,0.0,9.1,,45.92641737540835,4.460921764373779,,,,,,,,,,,,,,,,
254,2025-05-15 18:37:21.198990,41.3313668,2.2039248,4.858777046203613,46.030741684791124,23.670000000000016,49.0,1011.0,,9.2,8.0,16.759629420510038,4.440300211033092,,62.79037110530116,4.652390343847009,,,,,,,,,,,,,,,,
255,2025-05-15 18:37:26.198538,41.33115,2.2039715,4.510161876678467,45.933394413645516,23.670000000000016,49.0,1011.0,,9.2,3.0,5.877529031139117,4.701947723322702,,51.810923444784635,4.486452204054104,,,,,,,,,,,,,,,,
256,2025-05-15 18:37:31.199009,41.3309158,2.2040096,4.899974346160889,46.51636471968445,23.670000000000016,49.0,1011.0,,9.1,4.0,8.639443626774113,4.225807893573832,,55.15580834645856,4.844375334221393,,,,,,,,,,,,,,,,
257,2025-05-15 18:37:36.199173,41.3307132,2.2040136,4.763031005859375,46.15539605223844,23.670000000000016,49.0,1011.0,,9.2,1.0,2.073132079563379,4.438472914923147,,48.228528131801816,4.759913446655277,,,,,,,,,,,,,,,,
258,2025-05-15 18:37:41.199330,41.3305223,2.2040496,4.640285491943359,46.057434064067536,23.670000000000016,49.0,1011.0,,9.2,5.0,10.049179752121203,4.595203786574565,,56.10661381618874,4.569095807654379,,,,,,,,,,,,,,,,
259,2025-05-15 18:37:46.198618,41.3302979,2.2041009,5.008181095123291,46.000490776957136,23.670000000000016,49.0,1011.0,,8.9,1.0,2.2863148052945097,3.893562854070843,,48.286805582251645,5.004194343377148,,,,,,,,,,,,,,,,
260,2025-05-15 18:37:51.198995,41.3301014,2.2041595,4.760580062866211,46.161027543209116,23.670000000000016,49.0,1011.0,,9.0,3.0,6.3582318011587775,4.253247838394035,,52.519259344367896,4.731297330822107,,,,,,,,,,,,,,,,
261,2025-05-15 18:37:56.199142,41.3299068,2.2042202,4.619906902313232,45.97154102016004,23.670000000000016,49.0,1011.0,,9.0,0.0,0.0,9.0,,45.97154102016004,4.619906902313232,,,,,,,,,,,,,,,,
262,2025-05-15 18:38:01.198828,41.3297138,2.2041629,4.787373065948486,46.59440304604642,23.670000000000016,49.0,1011.0,,9.1,2.0,4.217107498989976,4.31877626530409,,50.8115105450364,4.774411565260067,,,,,,,,,,,,,,,,
263,2025-05-15 18:38:06.198933,41.3294726,2.204261,4.948920249938965,46.13884991897408,23.670000000000016,49.0,1011.0,,9.1,4.0,8.740286875598615,4.177423839343094,,54.879136794572695,4.891449850185481,,,,,,,,,,,,,,,,
264,2025-05-15 18:38:11.199816,41.3292453,2.2043026,4.317298412322998,45.63383939212168,23.670000000000016,49.0,1011.0,,9.5,1.0,1.8328142196576567,5.183906742085571,,47.466653611779336,4.315089712658896,,,,,,,,,,,,,,,,
265,2025-05-15 18:38:16.198984,41.3290553,2.2043321,4.449491500854492,46.87607663232317,23.670000000000016,49.0,1011.0,,8.9,7.0,13.895874000108408,4.516345620360892,,60.771950632431576,4.319271696721149,,,,,,,,,,,,,,,,
266,2025-05-15 18:38:21.198973,41.3288554,2.2043663,4.539884090423584,46.66583316438642,23.670000000000016,49.0,1011.0,,9.0,6.0,12.039875744676399,4.5100214199042545,,58.70570890906282,4.4400187392429125,,,,,,,,,,,,,,,,
267,2025-05-15 18:38:26.198846,41.3286493,2.2043918,4.968700885772705,45.803043668430405,23.670000000000016,49.0,1011.0,,8.4,1.0,2.4473516599210954,3.433151195687082,,48.2503953283515,4.964168839708256,,,,,,,,,,,,,,,,
268,2025-05-15 18:38:31.199346,41.3284273,2.2044183,4.720997333526611,45.51141849653296,23.670000000000016,49.0,1011.0,,8.7,3.0,6.547490696093867,3.993124036639606,,52.05890919262683,4.690205495891321,,,,,,,,,,,,,,,,
269,2025-05-15 18:38:36.198985,41.3282214,2.2044555,4.640182018280029,46.09288957604907,23.670000000000016,49.0,1011.0,,8.6,1.0,2.171385183610607,3.9613525556474434,,48.26427475965968,4.636850198390379,,,,,,,,,,,,,,,,
270,2025-05-15 18:38:41.199366,41.3279823,2.204482,5.077610492706299,46.24423290767821,23.670000000000016,49.0,1011.0,,8.6,1.0,2.440831036740816,3.524277141408026,,48.68506394441903,5.073003750865905,,,,,,,,,,,,,,,,
271,2025-05-15 18:38:46.198929,41.3278355,2.2045159,4.636397361755371,45.67848150853688,23.670000000000016,49.0,1011.0,,9.0,1.0,2.0621683963221717,4.365058832186242,,47.740649904859055,4.633394697592345,,,,,,,,,,,,,,,,
272,2025-05-15 18:38:51.198815,41.3275784,2.204604,4.892104625701904,46.12943791829781,23.670000000000016,49.0,1011.0,,8.7,4.0,9.105160763997924,3.8350256331424615,,55.23459868229573,4.8304619406112295,,,,,,,,,,,,,,,,
273,2025-05-15 18:38:56.198975,41.3273416,2.204636,4.995781898498535,45.78426064821287,23.670000000000016,49.0,1011.0,,8.3,4.0,9.998662857996903,3.334646986465355,,55.78292350620978,4.919904990163912,,,,,,,,,,,,,,,,
274,2025-05-15 18:39:01.198822,41.3272061,2.2046857,4.399792194366455,45.652444827420794,23.670000000000016,49.0,1011.0,,8.7,358.0,355.95624107860516,4.305626929076743,,41.608685906025926,4.388838840027505,,,,,,,,,,,,,,,,
275,2025-05-15 18:39:06.198792,41.3269784,2.2047131,4.546350002288818,46.00106109775283,23.670000000000016,49.0,1011.0,,8.6,355.0,349.44070355145095,4.090188545113753,,35.441764649203776,4.469361120991022,,,,,,,,,,,,,,,,
276,2025-05-15 18:39:11.199158,41.3267772,2.2047598,4.51207160949707,46.184048695806645,23.670000000000016,49.0,1011.0,,9.1,2.0,3.9645848661471086,4.5933769735161825,,50.14863356195375,4.501274117970687,,,,,,,,,,,,,,,,
277,2025-05-15 18:39:16.199021,41.3265384,2.2047668,4.83704948425293,46.160774826209824,23.670000000000016,49.0,1011.0,,9.1,2.0,4.266133069674141,4.269235905526269,,50.426907895883964,4.823647367031208,,,,,,,,,,,,,,,,
278,2025-05-15 18:39:21.198941,41.3263418,2.2048464,5.00577449798584,45.91321461974271,23.670000000000016,49.0,1011.0,,9.3,2.0,4.3279886607382005,4.300824476539409,,50.24120328048091,4.991499970705759,,,,,,,,,,,,,,,,
279,2025-05-15 18:39:26.198734,41.3261079,2.2048876,4.931485652923584,45.50698570376162,23.670000000000016,49.0,1011.0,,9.3,2.0,4.254566338279609,4.374905070739294,,49.76155204204123,4.917895837881225,,,,,,,,,,,,,,,,
280,2025-05-15 18:39:31.198952,41.3258936,2.2048921,4.750588893890381,45.9228520166616,23.670000000000016,49.0,1011.0,,9.3,3.0,6.123657644792451,4.562700628807144,,52.04650966145405,4.723481950688178,,,,,,,,,,,,,,,,
281,2025-05-15 18:39:36.199111,41.325705,2.2049231,4.788268089294434,45.68286990507862,23.670000000000016,49.0,1011.0,,9.0,2.0,4.270551922329968,4.217960359163111,,49.95342182740859,4.774973646452842,,,,,,,,,,,,,,,,
282,2025-05-15 18:39:41.198417,41.325481,2.2049873,4.881295204162598,46.39215772962776,23.670000000000016,49.0,1011.0,,9.3,358.0,355.7936470898214,4.424958775101743,,42.18580481944912,4.868146705782407,,,,,,,,,,,,,,,,
283,2025-05-15 18:39:46.198972,41.3252915,2.2049992,4.7782392501831055,45.630868259832724,23.670000000000016,49.0,1011.0,,9.5,1.0,2.011648865452279,4.723224725668277,,47.642517125285,4.775294473466218,,,,,,,,,,,,,,,,
284,2025-05-15 18:39:51.199083,41.3250935,2.2050141,4.455052852630615,45.88182307031733,23.670000000000016,49.0,1011.0,,9.2,2.0,3.875684406776707,4.750206221979547,,49.75750747709404,4.444864386470465,,,,,,,,,,,,,,,,
285,2025-05-15 18:39:56.198577,41.3248963,2.2050365,4.656032562255859,46.46735128220043,23.670000000000016,49.0,1011.0,,10.0,2.0,3.7407239681632487,5.349272339334799,,50.208075250363684,4.646112879067016,,,,,,,,,,,,,,,,
286,2025-05-15 18:40:01.199055,41.3246806,2.2050809,4.809422016143799,45.86239118212865,23.670000000000016,49.0,1011.0,,9.5,5.0,10.08687163582969,4.727498976771284,,55.949262817958335,4.735084398244997,,,,,,,,,,,,,,,,
287,2025-05-15 18:40:06.198972,41.3244588,2.2051443,4.691932678222656,46.09465517994952,23.670000000000016,49.0,1011.0,,9.3,6.0,12.041720198703718,4.659652170212687,,58.13637537865324,4.588691154784915,,,,,,,,,,,,,,,,
288,2025-05-15 18:40:11.199283,41.3242146,2.2052594,5.263680458068848,45.539582781575504,23.670000000000016,49.0,1011.0,,9.2,2.0,4.66976395354577,3.9438066620244197,,50.20934673512127,5.246207610323737,,,,,,,,,,,,,,,,
289,2025-05-15 18:40:16.198960,41.3240078,2.2052692,4.3118062019348145,44.451335571306544,23.670000000000016,49.0,1011.0,,8.9,2.0,3.877393269253463,4.593286018364681,,48.328728840560004,4.301936638872979,,,,,,,,,,,,,,,,
290,2025-05-15 18:40:21.201691,41.3238071,2.205323,4.659759521484375,44.972072608722904,23.670000000000016,49.0,1011.0,,9.6,4.0,7.248863603373101,5.307226944015403,,51.700199174679646,4.277343886044833,,,,,,,,,,,,,,,,
291,2025-05-15 18:40:26.199004,41.3236111,2.2053716,4.609376907348633,44.980634250847515,23.670000000000016,49.0,1011.0,,9.2,6.0,11.959030610429634,4.640951661040823,,56.93966486127715,4.509335074230953,,,,,,,,,,,,,,,,
292,2025-05-15 18:40:31.198877,41.3234551,2.205429,4.555666923522949,44.394901133289316,23.670000000000016,49.0,1011.0,,9.0,3.0,6.06650406150686,4.456958311680694,,50.46140519479618,4.53015472278803,,,,,,,,,,,,,,,,
293,2025-05-15 18:40:36.199304,41.3232072,2.2054637,4.973325252532959,44.69702772103566,23.670000000000016,49.0,1011.0,,9.8,6.0,12.113067787880906,4.881677916599507,,56.81009550891657,4.86259616695207,,,,,,,,,,,,,,,,
294,2025-05-15 18:40:41.199086,41.323003,2.2055332,4.879445552825928,44.426408795930584,23.670000000000016,49.0,1011.0,,9.4,5.0,10.352434013583544,4.559000599162613,,54.77884280951413,4.800013038151516,,,,,,,,,,,,,,,,
295,2025-05-15 18:40:46.199385,41.3227996,2.2056077,4.889342308044434,44.01434348330371,23.670000000000016,49.0,1011.0,,9.5,6.0,12.288978391761674,4.665518899170932,,56.303321875065386,4.777310537115928,,,,,,,,,,,,,,,,
296,2025-05-15 18:40:51.198994,41.3225921,2.2056843,4.810145378112793,44.63741724505437,23.670000000000016,49.0,1011.0,,9.7,10.0,19.55348209895966,5.032729915845106,,64.19089934401403,4.53274185168712,,,,,,,,,,,,,,,,
297,2025-05-15 18:40:56.199020,41.3223924,2.205761,4.71980094909668,44.0409265795534,23.670000000000016,49.0,1011.0,,10.0,8.0,15.030758636189905,5.366484658038438,,59.0716852157433,4.558321185420757,,,,,,,,,,,,,,,,
298,2025-05-15 18:41:01.198842,41.3221987,2.205844,4.789086818695068,45.02775572593143,23.670000000000016,49.0,1011.0,,9.9,10.0,19.114297451281374,5.249954470734892,,64.1420531772128,4.525051194545031,,,,,,,,,,,,,,,,
299,2025-05-15 18:41:06.199161,41.3219901,2.2059762,5.31903600692749,44.82644956052364,23.670000000000016,49.0,1011.0,,8.9,11.0,26.423738561956952,3.8161263206756653,,71.2501881224806,4.763342825509303,,,,,,,,,,,,,,,,
300,2025-05-15 18:41:11.199052,41.3217985,2.2060837,4.900969982147217,44.89326930117388,23.670000000000016,49.0,1011.0,,9.1,9.0,19.2038979021291,4.327819800152171,,64.09716720330297,4.628250581285079,,,,,,,,,,,,,,,,
301,2025-05-15 18:41:16.198723,41.3216027,2.2061899,5.2679619789123535,44.38472415142599,23.670000000000016,49.0,1011.0,,9.4,10.0,22.253142454661454,4.3102602221241195,,66.63786660608744,4.875602775740956,,,,,,,,,,,,,,,,
302,2025-05-15 18:41:21.198847,41.3214416,2.2062801,4.631458759307861,43.71920759417288,23.670000000000016,49.0,1011.0,,9.3,11.0,21.531342458498433,4.835080768727291,,65.25055005267131,4.308261403840034,,,,,,,,,,,,,,,,
303,2025-05-15 18:41:26.199059,41.3212559,2.2064088,4.968720436096191,44.688670984586146,23.670000000000016,49.0,1011.0,,9.6,13.0,26.218177561931746,4.888131715725302,,70.90684854651789,4.457529797882543,,,,,,,,,,,,,,,,
304,2025-05-15 18:41:31.199011,41.3210415,2.2065449,4.7720441818237305,44.232974423541236,23.670000000000016,49.0,1011.0,,9.7,14.0,26.828508743793968,5.199490418679122,,71.06148316733521,4.258387856019542,,,,,,,,,,,,,,,,
305,2025-05-15 18:41:36.199172,41.3209048,2.2066143,4.566530704498291,44.758164744296444,23.670000000000016,49.0,1011.0,,9.5,12.0,22.68231406506552,5.1220232996114685,,67.44047880936196,4.2133422788593755,,,,,,,,,,,,,,,,
306,2025-05-15 18:41:41.198874,41.3206798,2.206773,5.001006603240967,44.69163870178052,23.670000000000016,49.0,1011.0,,9.0,11.0,24.13002841572567,4.200694534418441,,68.8216671175062,4.564018886481087,,,,,,,,,,,,,,,,
307,2025-05-15 18:41:46.199282,41.320448,2.2068573,5.154271125793457,44.03586199428384,23.670000000000016,49.0,1011.0,,8.7,7.0,16.940541752983346,3.638775419401487,,60.976403747267184,4.930615175870546,,,,,,,,,,,,,,,,
308,2025-05-15 18:41:51.199699,41.3202749,2.2069799,4.823326587677002,43.89574066346103,23.670000000000016,49.0,1011.0,,8.7,9.0,19.851841086150795,4.007725493088396,,63.747581749611825,4.536695073473618,,,,,,,,,,,,,,,,
309,2025-05-15 18:41:56.199141,41.3200928,2.2071278,4.946903228759766,44.498610725646785,23.670000000000016,49.0,1011.0,,8.9,9.0,19.912267447554246,4.087918265225122,,64.41087817320103,4.651153745613218,,,,,,,,,,,,,,,,
310,2025-05-15 18:42:01.199133,41.31989,2.2072191,4.939894199371338,44.56591882482268,23.670000000000016,49.0,1011.0,,9.4,13.0,26.618777139806678,4.719406330969799,,71.18469596462936,4.416302206135082,,,,,,,,,,,,,,,,
311,2025-05-15 18:42:06.199072,41.319697,2.2073221,4.778303146362305,44.67684451203827,23.670000000000016,49.0,1011.0,,9.2,14.0,28.21415253495503,4.707762304750788,,72.8909970469933,4.210577186896683,,,,,,,,,,,,,,,,
312,2025-05-15 18:42:11.199009,41.3194796,2.2074572,4.909660816192627,44.26733710525557,23.670000000000016,49.0,1011.0,,8.9,12.0,25.988450523549716,4.222858138707912,,70.25578762880528,4.4132076648087,,,,,,,,,,,,,,,,
313,2025-05-15 18:42:16.199220,41.3192929,2.2075831,4.978401184082031,44.35636862108669,23.670000000000016,49.0,1011.0,,8.2,8.0,19.962934986034153,3.3426441694518054,,64.31930360712084,4.679267373513285,,,,,,,,,,,,,,,,
314,2025-05-15 18:42:21.199046,41.3190897,2.2077037,4.970097541809082,44.78264414228177,23.670000000000016,49.0,1011.0,,8.7,6.0,13.872646577262374,3.7928771635199072,,58.65529071954414,4.8251250527428775,,,,,,,,,,,,,,,,
315,2025-05-15 18:42:26.199116,41.318891,2.2078135,4.810229778289795,44.94589249363424,23.670000000000016,49.0,1011.0,,8.7,9.0,19.788452526847312,4.0200464703408025,,64.73434502048156,4.5261809937820825,,,,,,,,,,,,,,,,
316,2025-05-15 18:42:31.198989,41.3187002,2.2079265,5.008467674255371,43.95202142222193,23.670000000000016,49.0,1011.0,,8.5,10.0,23.700284045724654,3.6721010207590834,,67.65230546794659,4.586056518989322,,,,,,,,,,,,,,,,
317,2025-05-15 18:42:36.199051,41.3185062,2.208036,4.530966281890869,44.538072143576535,23.670000000000016,49.0,1011.0,,8.5,13.0,27.009247219842212,4.210393210140198,,71.54731936341875,4.036788474590174,,,,,,,,,,,,,,,,
318,2025-05-15 18:42:41.199664,41.3183305,2.208165,4.807945251464844,45.00092674287162,23.670000000000016,49.0,1011.0,,9.7,4.0,7.9125605902651595,4.915222352508113,,52.91348733313678,4.762170287213261,,,,,,,,,,,,,,,,
319,2025-05-15 18:42:46.198920,41.3181232,2.2082906,5.036625385284424,44.53572255850205,23.670000000000016,49.0,1011.0,,9.2,17.0,35.56914383643332,4.62418610877429,,80.10486639493537,4.096862309221652,,,,,,,,,,,,,,,,
320,2025-05-15 18:42:51.198844,41.3179116,2.2084234,5.040900707244873,44.23353791414776,23.670000000000016,49.0,1011.0,,8.6,17.0,38.30401096032526,4.056564805926291,,82.53754887447302,3.955761040490759,,,,,,,,,,,,,,,,
321,2025-05-15 18:42:56.199099,41.3177347,2.2085615,4.8104729652404785,43.77396180565429,23.670000000000016,49.0,1011.0,,7.8,14.0,34.38107969709084,3.3416135235093,,78.15504150274512,3.970083422801959,,,,,,,,,,,,,,,,
322,2025-05-15 18:43:01.199210,41.3175317,2.2086435,4.839809894561768,44.2724324263764,23.670000000000016,49.0,1011.0,,7.9,20.0,46.281013385343634,3.7385034761869838,,90.55344581172002,3.344898848208129,,,,,,,,,,,,,,,,
323,2025-05-15 18:43:06.199434,41.3173397,2.2087311,4.821338653564453,44.37049003719569,23.670000000000016,49.0,1011.0,,8.9,9.0,19.32972409112515,4.206193394488547,,63.70021412832084,4.549556704401129,,,,,,,,,,,,,,,,
324,2025-05-15 18:43:11.199247,41.3171253,2.2088737,4.895051002502441,44.3002654472442,23.670000000000016,49.0,1011.0,,9.8,8.0,15.832240604245026,4.999223474237213,,60.13250605148923,4.70935542091564,,,,,,,,,,,,,,,,
325,2025-05-15 18:43:16.199061,41.3169747,2.208935,4.68515157699585,44.29863644712715,23.670000000000016,49.0,1011.0,,9.8,8.0,15.20143589693517,5.201475523611348,,59.50007234406232,4.521217764492143,,,,,,,,,,,,,,,,
326,2025-05-15 18:43:21.199229,41.3167706,2.2090344,4.790774822235107,43.98955672680574,23.670000000000016,49.0,1011.0,,9.7,9.0,17.578256181041713,5.024415405915166,,61.567812907847454,4.5670712633961905,,,,,,,,,,,,,,,,
327,2025-05-15 18:43:26.199128,41.3165378,2.2091145,5.032289028167725,43.829877149294596,23.670000000000016,49.0,1011.0,,9.8,10.0,20.22572287601561,4.922349312715982,,64.05560002531021,4.7219875538391625,,,,,,,,,,,,,,,,
328,2025-05-15 18:43:31.198878,41.316316,2.2092075,4.941086292266846,44.60660967680303,23.670000000000016,49.0,1011.0,,9.9,10.0,19.672756760075714,5.106577717696851,,64.27936643687875,4.652678652164558,,,,,,,,,,,,,,,,
329,2025-05-15 18:43:36.198918,41.3161014,2.2092944,4.750988006591797,44.40086730352932,23.670000000000016,49.0,1011.0,,9.3,10.0,20.122122914661876,4.694254394926868,,64.5229902181912,4.460994772907185,,,,,,,,,,,,,,,,
330,2025-05-15 18:43:41.199251,41.3159122,2.2093433,4.739253044128418,44.5272838597825,23.670000000000016,49.0,1011.0,,9.7,8.0,15.504608766061484,5.050126612880051,,60.03189262584398,4.566786668274741,,,,,,,,,,,,,,,,
331,2025-05-15 18:43:46.199287,41.3157052,2.209438,4.744225025177002,44.729819459240886,23.670000000000016,49.0,1011.0,,9.4,6.0,12.04639557042631,4.70795503425578,,56.7762150296672,4.639752077922714,,,,,,,,,,,,,,,,
332,2025-05-15 18:43:51.199213,41.3154934,2.2094762,4.710689067840576,44.86328135562294,23.670000000000016,49.0,1011.0,,9.5,5.0,9.881519034494866,4.824736831453469,,54.7448003901178,4.640804729638806,,,,,,,,,,,,,,,,
333,2025-05-15 18:43:56.199141,41.3152647,2.209572,5.020542621612549,43.9564712904662,23.670000000000016,49.0,1011.0,,9.5,8.0,16.771626767844808,4.581906845690691,,60.728098058311005,4.806981342649306,,,,,,,,,,,,,,,,
334,2025-05-15 18:44:01.199053,41.315065,2.2096442,4.859634876251221,44.13066160486903,23.670000000000016,49.0,1011.0,,9.2,7.0,14.70646131810894,4.416477359396666,,58.83712292297797,4.700429009912471,,,,,,,,,,,,,,,,
335,2025-05-15 18:44:06.199481,41.3148753,2.2096931,4.828413009643555,43.85494394354854,23.670000000000016,49.0,1011.0,,9.4,8.0,16.278228066667225,4.667206395708561,,60.133172010215766,4.634850979371982,,,,,,,,,,,,,,,,
336,2025-05-15 18:44:11.199173,41.3146429,2.2097602,4.933444976806641,43.546799959143414,23.670000000000016,49.0,1011.0,,9.7,6.0,12.14016987544939,4.821239445206949,,55.6869698345928,4.823113579127122,,,,,,,,,,,,,,,,
337,2025-05-15 18:44:16.198792,41.3144417,2.2098114,4.50090217590332,43.74223557695957,23.670000000000016,49.0,1011.0,,9.7,5.0,9.300759494088268,5.230954754375166,,53.04299507104784,4.441731399202217,,,,,,,,,,,,,,,,
338,2025-05-15 18:44:21.199111,41.3142916,2.2097994,4.247867584228516,44.10667398050395,23.670000000000016,49.0,1011.0,,9.7,0.0,0.0,9.7,,44.10667398050395,4.247867584228516,,,,,,,,,,,,,,,,
339,2025-05-15 18:44:26.199418,41.3140839,2.2098257,4.679610729217529,45.12545475181929,23.670000000000016,49.0,1011.0,,9.4,3.0,5.966039136683832,4.7331431261275805,,51.09149388850312,4.654264449280446,,,,,,,,,,,,,,,,
340,2025-05-15 18:44:31.199058,41.3138554,2.2098457,4.840602397918701,44.986170119169806,23.670000000000016,49.0,1011.0,,9.7,2.0,3.9898514709992727,4.865280164640106,,48.976021590169076,4.8288706667213095,,,,,,,,,,,,,,,,
341,2025-05-15 18:44:36.199294,41.3136302,2.209868,4.830575466156006,44.52744778432258,23.670000000000016,49.0,1011.0,,9.7,355.0,350.07696516250763,4.905904827120573,,34.60441294683022,4.758310662174974,,,,,,,,,,,,,,,,
342,2025-05-15 18:44:41.199061,41.313375,2.2098967,5.212286949157715,44.80566870997388,23.670000000000016,49.0,1011.0,,9.7,355.0,349.24503477157305,4.5303812577856615,,34.05070348154692,5.120729115127745,,,,,,,,,,,,,,,,
343,2025-05-15 18:44:46.199594,41.3131826,2.2099016,4.900619029998779,43.94517757267358,23.670000000000016,49.0,1011.0,,9.7,357.0,353.9452938665208,4.812935754776505,,37.89047143919436,4.873281603297136,,,,,,,,,,,,,,,,
344,2025-05-15 18:44:51.199246,41.3129819,2.2098936,4.680635452270508,43.57836909348721,23.670000000000016,49.0,1011.0,,9.8,358.0,356.17340791107034,5.124819916729603,,39.75177700455754,4.670200452095682,,,,,,,,,,,,,,,,
345,2025-05-15 18:44:56.199142,41.3127903,2.2098849,4.489938735961914,43.8124055253977,23.670000000000016,49.0,1011.0,,9.4,358.0,356.17313592494475,4.915294744432671,,39.98554145034245,4.479927452218692,,,,,,,,,,,,,,,,
346,2025-05-15 18:45:01.199215,41.3125605,2.2099157,4.571591854095459,44.16444372050391,23.670000000000016,49.0,1011.0,,9.7,356.0,352.4494668087836,5.149428295448896,,36.61391052928752,4.5319532064218215,,,,,,,,,,,,,,,,
347,2025-05-15 18:45:06.199264,41.3123562,2.2098507,4.839168548583984,44.89785235810696,23.670000000000016,49.0,1011.0,,9.5,354.0,347.8408044111726,4.714555098804447,,32.738656769279544,4.730607347238741,,,,,,,,,,,,,,,,
348,2025-05-15 18:45:11.199176,41.3121361,2.2098508,5.1187567710876465,45.71251292607647,23.670000000000016,49.0,1011.0,,9.5,352.0,342.866560988729,4.487959962205814,,28.579073914805463,4.891592713151347,,,,,,,,,,,,,,,,
349,2025-05-15 18:45:16.199341,41.3119305,2.2098347,4.740246295928955,44.193605213165284,23.670000000000016,49.0,1011.0,,9.5,356.0,352.0356003243964,4.78274485586927,,36.22920553756171,4.6945235477574405,,,,,,,,,,,,,,,,
350,2025-05-15 18:45:21.199011,41.3117228,2.2098285,4.3416876792907715,44.286584578336665,23.670000000000016,49.0,1011.0,,9.6,353.0,347.2888582374425,5.3170672619876,,31.575442815779184,4.2352806169089625,,,,,,,,,,,,,,,,
351,2025-05-15 18:45:26.199065,41.311509,2.209883,4.9588165283203125,44.237093027610754,23.670000000000016,49.0,1011.0,,9.5,352.0,343.44826536748485,4.641041444914662,,27.68535839509559,4.753337528733596,,,,,,,,,,,,,,,,
352,2025-05-15 18:45:31.199173,41.3112786,2.2098299,4.856449604034424,44.67576534214941,23.670000000000016,49.0,1011.0,,10.1,354.0,348.49807130218085,5.29454666276885,,33.173836644330265,4.7589223486873085,,,,,,,,,,,,,,,,
353,2025-05-15 18:45:36.199422,41.311077,2.2098353,4.64988374710083,44.87147416753237,23.670000000000016,49.0,1011.0,,10.0,354.0,348.83352972438695,5.397517476893918,,33.70500389191932,4.56185518952787,,,,,,,,,,,,,,,,
354,2025-05-15 18:45:41.199139,41.3108635,2.2098132,4.74320650100708,44.71942732641872,23.670000000000016,49.0,1011.0,,9.7,352.0,344.4833921007734,5.046317137094921,,29.20281942719214,4.570330618105062,,,,,,,,,,,,,,,,
355,2025-05-15 18:45:46.199474,41.3106404,2.2097784,4.886376857757568,44.294651031746454,23.670000000000016,49.0,1011.0,,10.2,353.0,346.6487002863155,5.383085180920353,,30.943351318061957,4.754310346077007,,,,,,,,,,,,,,,,
356,2025-05-15 18:45:51.199013,41.3104216,2.2097579,4.650659561157227,43.76931727701868,23.670000000000016,49.0,1011.0,,10.4,355.0,350.979622686613,5.78126426369954,,34.7489399636317,4.593143189540231,,,,,,,,,,,,,,,,
357,2025-05-15 18:45:56.198851,41.3102228,2.2097519,4.745171546936035,43.82228197893754,23.670000000000016,49.0,1011.0,,10.5,354.0,349.09592532104443,5.802063080923562,,32.91820729998199,4.659498719766204,,,,,,,,,,,,,,,,
358,2025-05-15 18:46:01.199127,41.3100145,2.2097464,4.899288177490234,44.69927485327259,23.670000000000016,49.0,1011.0,,10.4,351.0,343.15296678789747,5.613595335927178,,27.852241641170053,4.689020102806009,,,,,,,,,,,,,,,,
359,2025-05-15 18:46:06.199313,41.3098025,2.2097338,4.979189872741699,44.05492163716276,23.670000000000016,49.0,1011.0,,10.0,354.0,348.113498235966,5.0748462829982905,,32.168419873128755,4.872423779691966,,,,,,,,,,,,,,,,
360,2025-05-15 18:46:11.199406,41.3095878,2.2097221,4.785287380218506,44.322531863938444,23.670000000000016,49.0,1011.0,,10.0,355.0,350.4431434941806,5.249515879669112,,34.76567535811904,4.718873973664988,,,,,,,,,,,,,,,,
361,2025-05-15 18:46:16.198852,41.3093871,2.2097113,4.520205497741699,44.19295634519413,23.670000000000016,49.0,1011.0,,10.0,355.0,350.9007015333683,5.511094511900988,,35.09365787856245,4.463322070855809,,,,,,,,,,,,,,,,
362,2025-05-15 18:46:21.199089,41.3091896,2.2097008,4.7911601066589355,44.589776675593534,23.670000000000016,49.0,1011.0,,10.1,356.0,352.4056178735226,5.330997629197753,,36.995394549116156,4.749134461486132,,,,,,,,,,,,,,,,
363,2025-05-15 18:46:26.198746,41.3089746,2.209688,4.909674644470215,44.7077237972759,23.670000000000016,49.0,1011.0,,9.6,354.0,347.79103829426805,4.745055278898261,,32.49876209154394,4.79863169225496,,,,,,,,,,,,,,,,
364,2025-05-15 18:46:31.199136,41.3087639,2.2096779,4.799887180328369,44.70301779693776,23.670000000000016,49.0,1011.0,,9.9,351.0,342.7193479538184,5.213561487224359,,27.42236575075617,4.583225861261788,,,,,,,,,,,,,,,,
365,2025-05-15 18:46:36.199077,41.3085635,2.2096681,4.7588911056518555,44.34469924288972,23.670000000000016,49.0,1011.0,,10.1,351.0,343.1501380439017,5.450776010746047,,27.49483728679138,4.554580506274285,,,,,,,,,,,,,,,,
366,2025-05-15 18:46:41.199194,41.3083564,2.2096522,4.841831684112549,44.12405681194163,23.670000000000016,49.0,1011.0,,10.3,353.0,346.87005996582593,5.525853881083085,,30.994116777767545,4.715253601442392,,,,,,,,,,,,,,,,
367,2025-05-15 18:46:46.199261,41.3081416,2.2096444,4.7583160400390625,44.20530191211893,23.670000000000016,49.0,1011.0,,10.4,350.0,341.77174273146807,5.773406253211917,,25.977044643586964,4.519533738808683,,,,,,,,,,,,,,,,
368,2025-05-15 18:46:51.198963,41.3079229,2.2096027,5.018099784851074,44.43378198513961,23.670000000000016,49.0,1011.0,,11.3,350.0,342.1962183364412,6.41757031043612,,26.63000032158078,4.77777904202806,,,,,,,,,,,,,,,,
369,2025-05-15 18:46:56.199016,41.3076898,2.2095744,4.652359962463379,43.521108202580415,23.670000000000016,49.0,1011.0,,10.1,355.0,350.75693645253654,5.480364530784573,,34.27804465511696,4.591952880749408,,,,,,,,,,,,,,,,
370,2025-05-15 18:47:01.198852,41.3074918,2.2095614,4.529772758483887,43.92560566560691,23.670000000000016,49.0,1011.0,,10.3,351.0,344.06521048682504,5.86893211905221,,27.990816152431933,4.3557152733529545,,,,,,,,,,,,,,,,
371,2025-05-15 18:47:06.198960,41.3073018,2.2095245,4.439634323120117,43.929341779082904,23.670000000000016,49.0,1011.0,,10.2,353.0,347.66458051212413,5.818667965783143,,31.593922291207036,4.337139571956064,,,,,,,,,,,,,,,,
372,2025-05-15 18:47:11.199243,41.3071063,2.2095119,4.6190032958984375,43.48987716260053,23.670000000000016,49.0,1011.0,,10.1,353.0,347.17246204124154,5.544077717990316,,30.662339203842066,4.503725718645321,,,,,,,,,,,,,,,,
373,2025-05-15 18:47:16.199070,41.3069062,2.2095224,4.609599590301514,43.530708033458865,23.670000000000016,49.0,1011.0,,10.0,354.0,348.9157416219119,5.437044597407503,,32.44644965537077,4.523609911747688,,,,,,,,,,,,,,,,
374,2025-05-15 18:47:21.198772,41.3066805,2.2095,4.774339199066162,43.68250215757323,23.670000000000016,49.0,1011.0,,9.8,352.0,344.53662599624255,5.1154620404692395,,28.219128153815802,4.601513309290429,,,,,,,,,,,,,,,,
375,2025-05-15 18:47:26.198820,41.3064563,2.2094548,4.902826309204102,43.5000882954097,23.670000000000016,49.0,1011.0,,9.5,352.0,343.6429302775407,4.694738687828833,,27.143018572950382,4.704385672124333,,,,,,,,,,,,,,,,
376,2025-05-15 18:47:31.198489,41.3062423,2.2094235,4.4420976638793945,42.552580548083434,23.670000000000016,49.0,1011.0,,9.7,349.0,339.98015484079707,5.406370832509677,,22.532735388880496,4.173679919861965,,,,,,,,,,,,,,,,
377,2025-05-15 18:47:36.199509,41.306054,2.2094248,4.319328784942627,42.67125850000699,23.670000000000016,49.0,1011.0,,9.8,349.0,340.5684054780491,5.620780940518843,,23.239663978056115,4.073297016093924,,,,,,,,,,,,,,,,
378,2025-05-15 18:47:41.198544,41.3058614,2.2094371,4.766367435455322,43.520025617596964,23.670000000000016,49.0,1011.0,,9.7,352.0,344.4127308490424,5.024004171025391,,27.932756466639376,4.591071383439482,,,,,,,,,,,,,,,,
379,2025-05-15 18:47:46.198674,41.3056434,2.2094191,4.629110813140869,43.21784438833726,23.670000000000016,49.0,1011.0,,9.8,354.0,348.6799673017672,5.2187284417899305,,31.897811690104447,4.539056501880957,,,,,,,,,,,,,,,,
380,2025-05-15 18:47:51.198920,41.3054277,2.2093892,4.840107440948486,43.2754160528513,23.670000000000016,49.0,1011.0,,10.1,349.0,339.20380099591813,5.427963074313377,,22.479217048769442,4.524770724437832,,,,,,,,,,,,,,,,
381,2025-05-15 18:47:56.198821,41.3052058,2.2093517,4.567169189453125,43.68949968637791,23.670000000000016,49.0,1011.0,,10.1,352.0,345.4982098851662,5.613381671096629,,29.187709571544133,4.4216583441232755,,,,,,,,,,,,,,,,
382,2025-05-15 18:48:01.198997,41.3050039,2.209317,4.779143333435059,43.02534575186421,23.670000000000016,49.0,1011.0,,9.9,352.0,344.66538604702265,5.209997776249716,,27.690731798886873,4.608995457626304,,,,,,,,,,,,,,,,
383,2025-05-15 18:48:06.199021,41.3047971,2.2093032,4.65005350112915,43.4479739520425,23.670000000000016,49.0,1011.0,,10.1,352.0,345.2832915197167,5.533176995287496,,28.73126547175923,4.497502503339969,,,,,,,,,,,,,,,,
384,2025-05-15 18:48:11.199250,41.3045891,2.209286,4.978743076324463,43.293376035273845,23.670000000000016,49.0,1011.0,,9.5,352.0,343.3778943894414,4.6219440814396675,,26.67127042471526,4.770692755142489,,,,,,,,,,,,,,,,
385,2025-05-15 18:48:16.198853,41.3043662,2.2092534,4.844137191772461,43.17132396990031,23.670000000000016,49.0,1011.0,,10.5,351.0,343.44748664457444,5.765519128146007,,26.61881061447474,4.643391415430681,,,,,,,,,,,,,,,,
386,2025-05-15 18:48:21.199473,41.3041518,2.2092179,4.886198997497559,42.77321273374777,23.670000000000016,49.0,1011.0,,10.4,349.0,339.55357941970726,5.680606027690796,,22.326792153455017,4.578364901690054,,,,,,,,,,,,,,,,
387,2025-05-15 18:48:26.199485,41.3039356,2.2091963,4.969653606414795,43.52835844838438,23.670000000000016,49.0,1011.0,,10.4,353.0,346.67884886214705,5.5008324167686915,,30.20720731053143,4.835939520052504,,,,,,,,,,,,,,,,
388,2025-05-15 18:48:31.199277,41.3037257,2.2091853,4.772871017456055,42.72216389989109,23.670000000000016,49.0,1011.0,,10.2,350.0,341.4299664181162,5.561739471969632,,24.152130318007266,4.524371965848329,,,,,,,,,,,,,,,,
389,2025-05-15 18:48:36.198843,41.3037257,2.2091853,4.772871017456055,42.72216389989109,23.670000000000016,49.0,1011.0,,10.0,350.0,341.1116193192304,5.364055378807352,,23.83378321912147,4.515856821242149,,,,,,,,,,,,,,,,
390,2025-05-15 18:48:41.200223,41.3037257,2.2091853,4.772871017456055,42.72216389989109,23.670000000000016,49.0,1011.0,,10.1,349.0,339.4528992634154,5.490870885936005,,22.175063163306504,4.469239960679014,,,,,,,,,,,,,,,,
391,2025-05-15 18:48:46.198596,41.3037257,2.2091853,4.772871017456055,42.72216389989109,23.670000000000016,49.0,1011.0,,10.2,351.0,343.24954334148356,5.536467558390782,,25.971707241374645,4.5703536317951015,,,,,,,,,,,,,,,,
392,2025-05-15 18:48:51.199649,41.3037257,2.2091853,4.772871017456055,42.72216389989109,23.670000000000016,49.0,1011.0,,10.4,352.0,345.3222843469197,5.712330963910303,,28.04444824681076,4.617114934580991,,,,,,,,,,,,,,,,
393,2025-05-15 18:48:56.199060,41.3037257,2.2091853,4.772871017456055,42.72216389989109,23.670000000000016,49.0,1011.0,,10.4,352.0,345.3222843469197,5.712330963910303,,28.04444824681076,4.617114934580991,,,,,,,,,,,,,,,,
394,2025-05-15 18:49:01.198909,41.3037257,2.2091853,4.772871017456055,42.72216389989109,23.670000000000016,49.0,1011.0,,10.4,348.0,338.1772264072273,5.8166995104673935,,20.89939030711838,4.430838223884331,,,,,,,,,,,,,,,,
395,2025-05-15 18:49:06.199569,41.3037257,2.2091853,4.772871017456055,42.72216389989109,23.670000000000016,49.0,1011.0,,10.4,351.0,343.5190209015759,5.7347039507782345,,26.241184801467,4.576772689419569,,,,,,,,,,,,,,,,
396,2025-05-15 18:49:11.199501,41.3037257,2.2091853,4.772871017456055,42.72216389989109,23.670000000000016,49.0,1011.0,,9.8,354.0,348.36156207134985,5.077843344270238,,31.083725971240938,4.674741421015745,,,,,,,,,,,,,,,,
397,2025-05-15 18:49:16.200129,41.3037257,2.2091853,4.772871017456055,42.72216389989109,23.670000000000016,49.0,1011.0,,9.3,347.0,333.99706862761735,4.771813554504589,,16.71923252750844,4.289721002733575,,,,,,,,,,,,,,,,
398,2025-05-15 18:49:21.199101,41.3037257,2.2091853,4.772871017456055,42.72216389989109,23.670000000000016,49.0,1011.0,,10.0,351.0,342.96005853428426,5.338362730946264,,25.682222434175344,4.563345360660392,,,,,,,,,,,,,,,,
399,2025-05-15 18:49:26.199354,41.3037257,2.2091853,4.772871017456055,42.72216389989109,23.670000000000016,49.0,1011.0,,10.0,352.0,344.820882111802,5.315248108329041,,27.543046011693093,4.606355037396963,,,,,,,,,,,,,,,,
400,2025-05-15 18:49:31.199383,41.3037257,2.2091853,4.772871017456055,42.72216389989109,23.670000000000016,49.0,1011.0,,10.3,351.0,343.38665189993935,5.635570176485475,,26.108815799830438,4.573632252130314,,,,,,,,,,,,,,,,
401,2025-05-15 18:49:36.200755,41.3037257,2.2091853,4.772871017456055,42.72216389989109,23.670000000000016,49.0,1011.0,,10.2,349.0,339.6229140945639,5.5895104525579615,,22.345077994454982,4.474191038374705,,,,,,,,,,,,,,,,
402,2025-05-15 18:49:41.198698,41.3037257,2.2091853,4.772871017456055,42.72216389989109,23.670000000000016,49.0,1011.0,,10.0,351.0,342.96005853428426,5.338362730946264,,25.682222434175344,4.563345360660392,,,,,,,,,,,,,,,,
403,2025-05-15 18:49:46.199615,41.3037257,2.2091853,4.772871017456055,42.72216389989109,23.670000000000016,49.0,1011.0,,10.2,348.0,337.8293528368159,5.619735058595402,,20.551516736706958,4.419984181099315,,,,,,,,,,,,,,,,
404,2025-05-15 18:49:51.200777,41.3037257,2.2091853,4.772871017456055,42.72216389989109,23.670000000000016,49.0,1011.0,,9.7,350.0,340.58755915094736,5.067869999929243,,23.309723050838443,4.501535745311326,,,,,,,,,,,,,,,,
405,2025-05-15 18:49:56.200679,41.3037257,2.2091853,4.772871017456055,42.72216389989109,23.670000000000016,49.0,1011.0,,8.9,352.0,342.95680967005654,4.226108178416037,,25.67897356994763,4.563266046056235,,,,,,,,,,,,,,,,
406,2025-05-15 18:50:01.200662,41.3037257,2.2091853,4.772871017456055,42.72216389989109,23.670000000000016,49.0,1011.0,,9.4,354.0,347.8804103240619,4.679943676311993,,30.602574223953013,4.6664909300463675,,,,,,,,,,,,,,,,
407,2025-05-15 18:50:06.200125,41.3037257,2.2091853,4.772871017456055,42.72216389989109,23.670000000000016,49.0,1011.0,,8.8,350.0,338.5708871102374,4.182577557439354,,21.293051010128465,4.4429238569201885,,,,,,,,,,,,,,,,
408,2025-05-15 18:50:11.199907,41.3037257,2.2091853,4.772871017456055,42.72216389989109,23.670000000000016,49.0,1011.0,,8.8,351.0,340.64422818081044,4.153550093523611,,23.36639208070153,4.503102530248253,,,,,,,,,,,,,,,,
409,2025-05-15 18:50:16.200240,41.3037257,2.2091853,4.772871017456055,42.72216389989109,23.670000000000016,49.0,1011.0,,8.9,354.0,347.15032031457713,4.183132503768098,,29.872484214468216,4.653343477833677,,,,,,,,,,,,,,,,
410,2025-05-15 18:50:21.200696,41.3037257,2.2091853,4.772871017456055,42.72216389989109,23.670000000000016,49.0,1011.0,,8.3,348.0,332.7163026039064,3.764571290238129,,15.438466503797486,4.241878130221657,,,,,,,,,,,,,,,,
411,2025-05-15 18:50:26.200929,41.3037257,2.2091853,4.772871017456055,42.72216389989109,23.670000000000016,49.0,1011.0,,8.4,352.0,341.75054218221527,3.7331504256437107,,24.472706082106356,4.5328055786030355,,,,,,,,,,,,,,,,
412,2025-05-15 18:50:31.201035,41.3037257,2.2091853,4.772871017456055,42.72216389989109,23.670000000000016,49.0,1011.0,,8.1,350.0,336.2990845239659,3.4992084189085584,,19.021248423857003,4.370308799912413,,,,,,,,,,,,,,,,
413,2025-05-15 18:50:36.200541,41.3037257,2.2091853,4.772871017456055,42.72216389989109,23.670000000000016,49.0,1011.0,,7.8,351.0,337.39849267450626,3.1749325173334877,,20.120656574397344,4.406315033209813,,,,,,,,,,,,,,,,
414,2025-05-15 18:50:41.201033,41.3037257,2.2091853,4.772871017456055,42.72216389989109,23.670000000000016,49.0,1011.0,,8.0,351.0,338.19825207439544,3.369651742773911,,20.920415974286527,4.431489017699448,,,,,,,,,,,,,,,,
415,2025-05-15 18:50:46.199591,41.3037257,2.2091853,4.772871017456055,42.72216389989109,23.670000000000016,49.0,1011.0,,8.7,354.0,346.8073316946873,3.984631405328816,,29.529495594578407,4.646905955325034,,,,,,,,,,,,,,,,
416,2025-05-15 18:50:51.201082,41.3037257,2.2091853,4.772871017456055,42.72216389989109,23.670000000000016,49.0,1011.0,,8.3,350.0,337.03388389433024,3.693821247179312,,19.75604779422133,4.394553048473293,,,,,,,,,,,,,,,,
417,2025-05-15 18:50:56.199177,41.3037257,2.2091853,4.772871017456055,42.72216389989109,23.670000000000016,49.0,1011.0,,8.7,351.0,340.39024647187046,4.055218883171548,,23.11241037176154,4.496046096502933,,,,,,,,,,,,,,,,
418,2025-05-15 18:51:01.199171,41.3037257,2.2091853,4.772871017456055,42.72216389989109,23.670000000000016,49.0,1011.0,,8.6,349.0,335.9041713482927,4.019353540992974,,18.626335248183807,4.356981664591574,,,,,,,,,,,,,,,,
419,2025-05-15 18:51:06.200971,41.3037257,2.2091853,4.772871017456055,42.72216389989109,23.670000000000016,49.0,1011.0,,8.4,353.0,343.9763308634938,3.708604288710835,,26.698494763384872,4.587434224791837,,,,,,,,,,,,,,,,
420,2025-05-15 18:51:11.200573,41.3037257,2.2091853,4.772871017456055,42.72216389989109,23.670000000000016,49.0,1011.0,,8.3,349.0,334.8593536233828,3.72777558978372,,17.581517523273874,4.320725675014349,,,,,,,,,,,,,,,,
421,2025-05-15 18:51:16.199880,41.3037257,2.2091853,4.772871017456055,42.72216389989109,23.670000000000016,49.0,1011.0,,8.4,351.0,339.54869149515787,3.7607533319129827,,22.270855395048955,4.472034411536844,,,,,,,,,,,,,,,,
422,2025-05-15 18:51:21.201012,41.3037257,2.2091853,4.772871017456055,42.72216389989109,23.670000000000016,49.0,1011.0,,8.2,350.0,336.6764246201357,3.596440946621673,,19.398588520026806,4.382848938171004,,,,,,,,,,,,,,,,
423,2025-05-15 18:51:26.200140,41.3037257,2.2091853,4.772871017456055,42.72216389989109,23.670000000000016,49.0,1011.0,,8.2,355.0,348.11545522818216,3.4703131547625707,,30.837619128073243,4.670562484270622,,,,,,,,,,,,,,,,
424,2025-05-15 18:51:31.198727,41.3037257,2.2091853,4.772871017456055,42.72216389989109,23.670000000000016,49.0,1011.0,,7.9,354.0,345.0093747008345,3.1924985521278786,,27.73153860072557,4.610441440258199,,,,,,,,,,,,,,,,
425,2025-05-15 18:51:36.200713,41.3037257,2.2091853,4.772871017456055,42.72216389989109,23.670000000000016,49.0,1011.0,,8.1,348.0,331.87064236553755,3.5720338650438017,,14.592806265428635,4.209125312609472,,,,,,,,,,,,,,,,
426,2025-05-15 18:51:41.199547,41.3037257,2.2091853,4.772871017456055,42.72216389989109,23.670000000000016,49.0,1011.0,,7.7,350.0,334.5545254112825,3.112032754431568,,17.276689311173584,4.3098766148707695,,,,,,,,,,,,,,,,
427,2025-05-15 18:51:46.198479,41.3037257,2.2091853,4.772871017456055,42.72216389989109,23.670000000000016,49.0,1011.0,,7.8,351.0,337.39849267450626,3.1749325173334877,,20.120656574397344,4.406315033209813,,,,,,,,,,,,,,,,
428,2025-05-15 18:51:51.200904,41.3037257,2.2091853,4.772871017456055,42.72216389989109,23.670000000000016,49.0,1011.0,,8.3,346.0,328.53038665928193,3.846309703367975,,11.252550559173017,4.07086354604833,,,,,,,,,,,,,,,,
429,2025-05-15 18:51:56.199698,41.3037257,2.2091853,4.772871017456055,42.72216389989109,23.670000000000016,49.0,1011.0,,8.2,350.0,336.6764246201357,3.596440946621673,,19.398588520026806,4.382848938171004,,,,,,,,,,,,,,,,
430,2025-05-15 18:52:01.199634,41.3037257,2.2091853,4.772871017456055,42.72216389989109,23.670000000000016,49.0,1011.0,,8.5,355.0,348.6622313655417,3.7683216570190514,,31.384395265432772,4.679729777615252,,,,,,,,,,,,,,,,
431,2025-05-15 18:52:06.199580,41.3037257,2.2091853,4.772871017456055,42.72216389989109,23.670000000000016,49.0,1011.0,,8.3,353.0,343.72739046055466,3.609875998199327,,26.449554360445745,4.581666731052881,,,,,,,,,,,,,,,,
432,2025-05-15 18:52:11.199037,41.3037257,2.2091853,4.772871017456055,42.72216389989109,23.670000000000016,49.0,1011.0,,8.0,352.0,340.5296126669756,3.3402918304140536,,23.25177656686668,4.49992908773344,,,,,,,,,,,,,,,,
433,2025-05-15 18:52:16.200724,41.3037257,2.2091853,4.772871017456055,42.72216389989109,23.670000000000016,49.0,1011.0,,8.2,352.0,341.17398388285875,3.5365210032470116,,23.896147782749836,4.5175359364448235,,,,,,,,,,,,,,,,
434,2025-05-15 18:52:21.198825,41.3037257,2.2091853,4.772871017456055,42.72216389989109,23.670000000000016,49.0,1011.0,,7.7,354.0,344.41147270194,2.995118845319844,,27.133636601831085,4.59730761538396,,,,,,,,,,,,,,,,
435,2025-05-15 18:52:26.200686,41.3037257,2.2091853,4.772871017456055,42.72216389989109,23.670000000000016,49.0,1011.0,,8.3,351.0,339.23812892689847,3.662797760526198,,21.960292826789555,4.462929289810889,,,,,,,,,,,,,,,,
436,2025-05-15 18:52:31.199516,41.3037257,2.2091853,4.772871017456055,42.72216389989109,23.670000000000016,49.0,1011.0,,8.2,352.0,341.17398388285875,3.5365210032470116,,23.896147782749836,4.5175359364448235,,,,,,,,,,,,,,,,
437,2025-05-15 18:52:36.200753,41.3037257,2.2091853,4.772871017456055,42.72216389989109,23.670000000000016,49.0,1011.0,,8.2,354.0,345.77925577755474,3.4891277086058854,,28.501419677445824,4.626613408866393,,,,,,,,,,,,,,,,
438,2025-05-15 18:52:41.200695,41.3037257,2.2091853,4.772871017456055,42.72216389989109,23.670000000000016,49.0,1011.0,,7.8,353.0,342.24649886073126,3.1174507988149682,,24.96866276062235,4.545573386189344,,,,,,,,,,,,,,,,
439,2025-05-15 18:52:46.200189,41.3037257,2.2091853,4.772871017456055,42.72216389989109,23.670000000000016,49.0,1011.0,,8.3,356.0,350.62523142919355,3.5543829740882176,,33.347395329084634,4.709124504630387,,,,,,,,,,,,,,,,
440,2025-05-15 18:52:51.200562,41.3037257,2.2091853,4.772871017456055,42.72216389989109,23.670000000000016,49.0,1011.0,,8.0,355.0,347.69562752552906,3.271843045291796,,30.41779142542015,4.663234897776415,,,,,,,,,,,,,,,,
441,2025-05-15 18:52:56.201185,41.3037257,2.2091853,4.772871017456055,42.72216389989109,23.670000000000016,49.0,1011.0,,7.7,356.0,349.53638360885054,2.957555033932191,,32.25854750874163,4.693500231351371,,,,,,,,,,,,,,,,
442,2025-05-15 18:53:01.200557,41.3037257,2.2091853,4.772871017456055,42.72216389989109,23.670000000000016,49.0,1011.0,,7.5,353.0,341.1104582168749,2.8232740461077945,,23.832622116766004,4.515825508766174,,,,,,,,,,,,,,,,
443,2025-05-15 18:53:06.200657,41.3037257,2.2091853,4.772871017456055,42.72216389989109,23.670000000000016,49.0,1011.0,,7.4,352.0,338.0472755743087,2.754860364900812,,20.76943947419977,4.426802703211548,,,,,,,,,,,,,,,,
444,2025-05-15 18:53:11.201028,41.3037257,2.2091853,4.772871017456055,42.72216389989109,23.670000000000016,49.0,1011.0,,7.6,356.0,349.3107204984206,2.8582128485201865,,32.032884398311694,4.690049864054536,,,,,,,,,,,,,,,,
445,2025-05-15 18:53:16.200795,41.3037257,2.2091853,4.772871017456055,42.72216389989109,23.670000000000016,49.0,1011.0,,7.4,355.0,346.0631849547136,2.6777989983833552,,28.785348854604706,4.632366878537705,,,,,,,,,,,,,,,,
446,2025-05-15 18:53:21.199999,41.3037257,2.2091853,4.772871017456055,42.72216389989109,23.670000000000016,49.0,1011.0,,7.9,353.0,342.57894210395926,3.2157488289511535,,25.30110600385035,4.553941131245,,,,,,,,,,,,,,,,
447,2025-05-15 18:53:26.198440,41.3037257,2.2091853,4.772871017456055,42.72216389989109,23.670000000000016,49.0,1011.0,,7.9,351.0,337.81027007879624,3.2722125051103212,,20.532433978687322,4.419384060014226,,,,,,,,,,,,,,,,
448,2025-05-15 18:53:31.199706,41.3037257,2.2091853,4.772871017456055,42.72216389989109,23.670000000000016,49.0,1011.0,,7.9,355.0,347.46602283163895,3.172680045872497,,30.18818673153004,4.659121491893216,,,,,,,,,,,,,,,,
449,2025-05-15 18:53:36.199875,41.3037257,2.2091853,4.772871017456055,42.72216389989109,23.670000000000016,49.0,1011.0,,8.0,354.0,345.2814188686045,3.2913070442018624,,28.003582768495562,4.616251201030653,,,,,,,,,,,,,,,,
450,2025-05-15 18:53:41.201,41.3037257,2.2091853,4.772871017456055,42.72216389989109,23.670000000000016,49.0,1011.0,,8.6,355.0,348.825760536162,3.867726250693783,,31.54792443605311,4.682388767034,,,,,,,,,,,,,,,,
451,2025-05-15 18:53:46.201077,41.3037257,2.2091853,4.772871017456055,42.72216389989109,23.670000000000016,49.0,1011.0,,8.2,357.0,352.83917403220795,3.442744014029795,,35.561337932099036,4.735643395458637,,,,,,,,,,,,,,,,
452,2025-05-15 18:53:51.199331,41.3037257,2.2091853,4.772871017456055,42.72216389989109,23.670000000000016,49.0,1011.0,,8.0,353.0,342.89165432041716,3.3141486959352724,,25.613818220308247,4.561672309550028,,,,,,,,,,,,,,,,
453,2025-05-15 18:53:56.198983,41.3037257,2.2091853,4.772871017456055,42.72216389989109,23.670000000000016,49.0,1011.0,,7.7,349.0,332.1916596634624,3.1493692651666985,,14.913823563353503,4.221666823331979,,,,,,,,,,,,,,,,
454,2025-05-15 18:54:01.199790,41.3037257,2.2091853,4.772871017456055,42.72216389989109,23.670000000000016,49.0,1011.0,,8.4,355.0,348.48984246383,3.66894942336523,,31.21200636372106,4.676885454043479,,,,,,,,,,,,,,,,
455,2025-05-15 18:54:06.200877,41.3037257,2.2091853,4.772871017456055,42.72216389989109,23.670000000000016,49.0,1011.0,,8.1,349.0,334.0672037226752,3.5341735697779706,,16.78936762256626,4.292279203383452,,,,,,,,,,,,,,,,
456,2025-05-15 18:54:11.201023,41.3037257,2.2091853,4.772871017456055,42.72216389989109,23.670000000000016,49.0,1011.0,,8.4,351.0,339.54869149515787,3.7607533319129827,,22.270855395048955,4.472034411536844,,,,,,,,,,,,,,,,
457,2025-05-15 18:54:16.200428,41.3037257,2.2091853,4.772871017456055,42.72216389989109,23.670000000000016,49.0,1011.0,,8.2,357.0,352.83917403220795,3.442744014029795,,35.561337932099036,4.735643395458637,,,,,,,,,,,,,,,,
458,2025-05-15 18:54:21.200992,41.3037257,2.2091853,4.772871017456055,42.72216389989109,23.670000000000016,49.0,1011.0,,7.7,353.0,341.8924209858665,3.0192645520330403,,24.61458488575761,4.536492802049904,,,,,,,,,,,,,,,,
459,2025-05-15 18:54:26.201116,41.3037257,2.2091853,4.772871017456055,42.72216389989109,23.670000000000016,49.0,1011.0,,7.8,352.0,339.804913146853,3.1445378385788825,,22.52707704674407,4.479447454384138,,,,,,,,,,,,,,,,
460,2025-05-15 18:54:31.201037,41.3037257,2.2091853,4.772871017456055,42.72216389989109,23.670000000000016,49.0,1011.0,,7.8,352.0,339.804913146853,3.1445378385788825,,22.52707704674407,4.479447454384138,,,,,,,,,,,,,,,,
461,2025-05-15 18:54:36.201045,41.3037257,2.2091853,4.772871017456055,42.72216389989109,23.670000000000016,49.0,1011.0,,7.2,354.0,342.5050151476226,2.503489889777629,,25.227179047513687,4.552093602529734,,,,,,,,,,,,,,,,
462,2025-05-15 18:54:41.201049,41.3037257,2.2091853,4.772871017456055,42.72216389989109,23.670000000000016,49.0,1011.0,,7.2,350.0,331.6561340592806,2.6334593687340155,,14.378297959171675,4.200671228618768,,,,,,,,,,,,,,,,
463,2025-05-15 18:54:46.199468,41.3037257,2.2091853,4.772871017456055,42.72216389989109,23.670000000000016,49.0,1011.0,,7.9,348.0,330.92885714701254,3.380363126463542,,13.651021046903622,4.171570675822445,,,,,,,,,,,,,,,,
464,2025-05-15 18:54:51.200910,41.3037257,2.2091853,4.772871017456055,42.72216389989109,23.670000000000016,49.0,1011.0,,7.7,353.0,341.8924209858665,3.0192645520330403,,24.61458488575761,4.536492802049904,,,,,,,,,,,,,,,,
465,2025-05-15 18:54:56.199283,41.3037257,2.2091853,4.772871017456055,42.72216389989109,23.670000000000016,49.0,1011.0,,7.6,357.0,351.9623028030642,2.8446585563938545,,34.68446670295526,4.725983701598978,,,,,,,,,,,,,,,,
466,2025-05-15 18:55:01.201068,41.3037257,2.2091853,4.772871017456055,42.72216389989109,23.670000000000016,49.0,1011.0,,7.2,352.0,336.96840934546054,2.561215402113807,,19.69057324535163,4.392422030597971,,,,,,,,,,,,,,,,
467,2025-05-15 18:55:06.199302,41.3037257,2.2091853,4.772871017456055,42.72216389989109,23.670000000000016,49.0,1011.0,,7.6,349.0,331.64910118229847,3.053778439104826,,14.371265082189552,4.200393055218934,,,,,,,,,,,,,,,,
468,2025-05-15 18:55:11.201460,41.3037257,2.2091853,4.772871017456055,42.72216389989109,23.670000000000016,49.0,1011.0,,7.6,352.0,338.98414818466375,2.9493536451531086,,21.70631208455484,4.455385567230915,,,,,,,,,,,,,,,,
469,2025-05-15 18:55:16.200705,41.3037257,2.2091853,4.772871017456055,42.72216389989109,23.670000000000016,49.0,1011.0,,7.6,355.0,346.6822546759945,2.8755388981609533,,29.404418575885586,4.64451694827953,,,,,,,,,,,,,,,,
470,2025-05-15 18:55:21.200596,41.3037257,2.2091853,4.772871017456055,42.72216389989109,23.670000000000016,49.0,1011.0,,7.0,349.0,327.5241125602907,2.48752460806537,,10.246276460181775,4.026477468815219,,,,,,,,,,,,,,,,
471,2025-05-15 18:55:26.199541,41.3037257,2.2091853,4.772871017456055,42.72216389989109,23.670000000000016,49.0,1011.0,,6.9,353.0,337.94633754950377,2.2395602363440834,,20.668501449394853,4.423652437868661,,,,,,,,,,,,,,,,
472,2025-05-15 18:55:31.200908,41.3037257,2.2091853,4.772871017456055,42.72216389989109,23.670000000000016,49.0,1011.0,,7.2,350.0,331.6561340592806,2.6334593687340155,,14.378297959171675,4.200671228618768,,,,,,,,,,,,,,,,
473,2025-05-15 18:55:36.199399,41.3037257,2.2091853,4.772871017456055,42.72216389989109,23.670000000000016,49.0,1011.0,,6.8,355.0,343.5036605672461,2.0871650721640354,,26.22582446713716,4.576409520033661,,,,,,,,,,,,,,,,
474,2025-05-15 18:55:41.201109,41.3037257,2.2091853,4.772871017456055,42.72216389989109,23.670000000000016,49.0,1011.0,,7.8,351.0,337.39849267450626,3.1749325173334877,,20.120656574397344,4.406315033209813,,,,,,,,,,,,,,,,
475,2025-05-15 18:55:46.199765,41.3037257,2.2091853,4.772871017456055,42.72216389989109,23.670000000000016,49.0,1011.0,,7.8,349.0,332.702209817955,3.2452258444693407,,15.424373717846095,4.241339861758928,,,,,,,,,,,,,,,,
476,2025-05-15 18:55:51.200784,41.3037257,2.2091853,4.772871017456055,42.72216389989109,23.670000000000016,49.0,1011.0,,7.8,348.0,330.416819979901,3.2849002014706157,,13.138983879792079,4.150679053338998,,,,,,,,,,,,,,,,
477,2025-05-15 18:55:56.200683,41.3037257,2.2091853,4.772871017456055,42.72216389989109,23.670000000000016,49.0,1011.0,,7.7,358.0,354.7462718765327,2.934767391643254,,37.4684357764238,4.752820050936904,,,,,,,,,,,,,,,,
478,2025-05-15 18:56:01.199921,41.3037257,2.2091853,4.772871017456055,42.72216389989109,23.670000000000016,49.0,1011.0,,7.5,350.0,333.5092324034484,2.919741772400802,,16.231396303339466,4.271749383630356,,,,,,,,,,,,,,,,
479,2025-05-15 18:56:06.199245,41.3037257,2.2091853,4.772871017456055,42.72216389989109,23.670000000000016,49.0,1011.0,,7.5,353.0,341.1104582168749,2.8232740461077945,,23.832622116766004,4.515825508766174,,,,,,,,,,,,,,,,
480,2025-05-15 18:56:11.201190,41.3037257,2.2091853,4.772871017456055,42.72216389989109,23.670000000000016,49.0,1011.0,,7.7,348.0,329.8741776987442,3.189715316527322,,12.596341598635263,4.128176943218652,,,,,,,,,,,,,,,,
481,2025-05-15 18:56:16.199853,41.3037257,2.2091853,4.772871017456055,42.72216389989109,23.670000000000016,49.0,1011.0,,7.5,346.0,324.07644735064287,3.0925478969143465,,6.798611250533952,3.8650734851788746,,,,,,,,,,,,,,,,
482,2025-05-15 18:56:21.200708,41.3037257,2.2091853,4.772871017456055,42.72216389989109,23.670000000000016,49.0,1011.0,,7.3,355.0,345.71807174323834,2.5790597581669203,,28.440235643129427,4.625358706594924,,,,,,,,,,,,,,,,
483,2025-05-15 18:56:26.200779,41.3037257,2.2091853,4.772871017456055,42.72216389989109,23.670000000000016,49.0,1011.0,,7.5,1.0,2.749046234984543,2.7291274169667035,,45.47121013487563,4.767378325928512,,,,,,,,,,,,,,,,
484,2025-05-15 18:56:31.198834,41.3037257,2.2091853,4.772871017456055,42.72216389989109,23.670000000000016,49.0,1011.0,,7.6,355.0,346.6822546759945,2.8755388981609533,,29.404418575885586,4.64451694827953,,,,,,,,,,,,,,,,
485,2025-05-15 18:56:36.200881,41.3037257,2.2091853,4.772871017456055,42.72216389989109,23.670000000000016,49.0,1011.0,,7.4,353.0,340.6773442857283,2.725497255833719,,23.399508185619368,4.504016084885147,,,,,,,,,,,,,,,,
486,2025-05-15 18:56:41.199363,41.3037257,2.2091853,4.772871017456055,42.72216389989109,23.670000000000016,49.0,1011.0,,7.5,354.0,343.729294073977,2.798111289752705,,26.45145797386806,4.5817111625950435,,,,,,,,,,,,,,,,
487,2025-05-15 18:56:46.199446,41.3037257,2.2091853,4.772871017456055,42.72216389989109,23.670000000000016,49.0,1011.0,,7.3,355.0,345.71807174323834,2.5790597581669203,,28.440235643129427,4.625358706594924,,,,,,,,,,,,,,,,
488,2025-05-15 18:56:51.201267,41.3037257,2.2091853,4.772871017456055,42.72216389989109,23.670000000000016,49.0,1011.0,,6.9,358.0,353.5285178996238,2.136539553689054,,36.250681799514894,4.742458652651595,,,,,,,,,,,,,,,,
489,2025-05-15 18:56:56.200720,41.3037257,2.2091853,4.772871017456055,42.72216389989109,23.670000000000016,49.0,1011.0,,6.7,358.0,353.06734019478836,1.9372110545405719,,35.789504094679444,4.737975126114297,,,,,,,,,,,,,,,,
490,2025-05-15 18:57:01.200140,41.3037257,2.2091853,4.772871017456055,42.72216389989109,23.670000000000016,49.0,1011.0,,7.3,352.0,337.52749259136556,2.6579202363997316,,20.249656491256644,4.410433756925352,,,,,,,,,,,,,,,,
491,2025-05-15 18:57:06.200762,41.3037257,2.2091853,4.772871017456055,42.72216389989109,23.670000000000016,49.0,1011.0,,6.8,354.0,340.34303803729244,2.113017134980631,,23.06520193718353,4.494724752475889,,,,,,,,,,,,,,,,
492,2025-05-15 18:57:11.199331,41.3037257,2.2091853,4.772871017456055,42.72216389989109,23.670000000000016,49.0,1011.0,,6.9,355.0,344.0262329945175,2.1852497060996074,,26.748396894408586,4.588579949637454,,,,,,,,,,,,,,,,
493,2025-05-15 18:57:16.200699,41.3037257,2.2091853,4.772871017456055,42.72216389989109,23.670000000000016,49.0,1011.0,,7.1,356.0,347.8979719671109,2.3623346991878726,,30.620135867001977,4.666797856231147,,,,,,,,,,,,,,,,
494,2025-05-15 18:57:21.200721,41.3037257,2.2091853,4.772871017456055,42.72216389989109,23.670000000000016,49.0,1011.0,,7.3,356.0,348.5287266669247,2.560493587879231,,31.25089056681577,4.677530721136737,,,,,,,,,,,,,,,,
495,2025-05-15 18:57:26.199215,41.3037257,2.2091853,4.772871017456055,42.72216389989109,23.670000000000016,49.0,1011.0,,6.9,353.0,337.94633754950377,2.2395602363440834,,20.668501449394853,4.423652437868661,,,,,,,,,,,,,,,,
496,2025-05-15 18:57:31.200198,41.3037257,2.2091853,4.772871017456055,42.72216389989109,23.670000000000016,49.0,1011.0,,7.2,356.0,348.2260443475318,2.461376915931178,,30.948208247422883,4.672450972375237,,,,,,,,,,,,,,,,
497,2025-05-15 18:57:36.201565,41.3037257,2.2091853,4.772871017456055,42.72216389989109,23.670000000000016,49.0,1011.0,,7.3,355.0,345.71807174323834,2.5790597581669203,,28.440235643129427,4.625358706594924,,,,,,,,,,,,,,,,
498,2025-05-15 18:57:41.198903,41.3037257,2.2091853,4.772871017456055,42.72216389989109,23.670000000000016,49.0,1011.0,,7.6,352.0,338.98414818466375,2.9493536451531086,,21.70631208455484,4.455385567230915,,,,,,,,,,,,,,,,
499,2025-05-15 18:57:46.201271,41.3037257,2.2091853,4.772871017456055,42.72216389989109,23.670000000000016,49.0,1011.0,,7.5,351.0,335.9968474268445,2.884209063622996,,18.719011326735597,4.360127815500572,,,,,,,,,,,,,,,,
500,2025-05-15 18:57:51.201188,41.3037257,2.2091853,4.772871017456055,42.72216389989109,23.670000000000016,49.0,1011.0,,8.2,350.0,336.6764246201357,3.596440946621673,,19.398588520026806,4.382848938171004,,,,,,,,,,,,,,,,
501,2025-05-15 18:57:56.201109,41.3037257,2.2091853,4.772871017456055,42.72216389989109,23.670000000000016,49.0,1011.0,,7.9,356.0,349.9450798145763,3.1563640413173357,,32.66724371446736,4.699563786220438,,,,,,,,,,,,,,,,
502,2025-05-15 18:58:01.199653,41.3037257,2.2091853,4.772871017456055,42.72216389989109,23.670000000000016,49.0,1011.0,,7.9,349.0,333.18342862885623,3.341325305151666,,15.90559252874732,4.259574398816131,,,,,,,,,,,,,,,,
503,2025-05-15 18:58:06.199677,41.3037257,2.2091853,4.772871017456055,42.72216389989109,23.670000000000016,49.0,1011.0,,7.7,348.0,329.8741776987442,3.189715316527322,,12.596341598635263,4.128176943218652,,,,,,,,,,,,,,,,
504,2025-05-15 18:58:11.199589,41.3037257,2.2091853,4.772871017456055,42.72216389989109,23.670000000000016,49.0,1011.0,,7.5,355.0,346.3837416527028,2.7766284798816474,,29.105905552593867,4.638725836402897,,,,,,,,,,,,,,,,
505,2025-05-15 18:58:16.201141,41.3037257,2.2091853,4.772871017456055,42.72216389989109,23.670000000000016,49.0,1011.0,,7.6,352.0,338.98414818466375,2.9493536451531086,,21.70631208455484,4.455385567230915,,,,,,,,,,,,,,,,
506,2025-05-15 18:58:21.200881,41.3037257,2.2091853,4.772871017456055,42.72216389989109,23.670000000000016,49.0,1011.0,,7.1,356.0,347.8979719671109,2.3623346991878726,,30.620135867001977,4.666797856231147,,,,,,,,,,,,,,,,
507,2025-05-15 18:58:26.200802,41.3037257,2.2091853,4.772871017456055,42.72216389989109,23.670000000000016,49.0,1011.0,,7.3,356.0,348.5287266669247,2.560493587879231,,31.25089056681577,4.677530721136737,,,,,,,,,,,,,,,,
508,2025-05-15 18:58:31.199507,41.3037257,2.2091853,4.772871017456055,42.72216389989109,23.670000000000016,49.0,1011.0,,8.1,353.0,343.1863244044761,3.4126415907091934,,25.90848830436721,4.568833086513698,,,,,,,,,,,,,,,,
509,2025-05-15 18:58:36.200581,41.3037257,2.2091853,4.772871017456055,42.72216389989109,23.670000000000016,49.0,1011.0,,8.3,347.0,330.6062323666782,3.80411486208477,,13.328396266569314,4.158445987282175,,,,,,,,,,,,,,,,
510,2025-05-15 18:58:41.198759,41.3037257,2.2091853,4.772871017456055,42.72216389989109,23.670000000000016,49.0,1011.0,,8.3,353.0,343.72739046055466,3.609875998199327,,26.449554360445745,4.581666731052881,,,,,,,,,,,,,,,,
511,2025-05-15 18:58:46.200146,41.3037257,2.2091853,4.772871017456055,42.72216389989109,23.670000000000016,49.0,1011.0,,8.2,352.0,341.17398388285875,3.5365210032470116,,23.896147782749836,4.5175359364448235,,,,,,,,,,,,,,,,
512,2025-05-15 18:58:51.199075,41.3037257,2.2091853,4.772871017456055,42.72216389989109,23.670000000000016,49.0,1011.0,,8.2,353.0,343.46445567873377,3.5112196847401727,,26.186619578624857,4.575481095054115,,,,,,,,,,,,,,,,
513,2025-05-15 18:58:56.200916,41.3037257,2.2091853,4.772871017456055,42.72216389989109,23.670000000000016,49.0,1011.0,,7.9,356.0,349.9450798145763,3.1563640413173357,,32.66724371446736,4.699563786220438,,,,,,,,,,,,,,,,
514,2025-05-15 18:59:01.201089,41.3037257,2.2091853,4.772871017456055,42.72216389989109,23.670000000000016,49.0,1011.0,,8.3,350.0,337.03388389433024,3.693821247179312,,19.75604779422133,4.394553048473293,,,,,,,,,,,,,,,,
515,2025-05-15 18:59:06.200890,41.3037257,2.2091853,4.772871017456055,42.72216389989109,23.670000000000016,49.0,1011.0,,9.0,349.0,337.08180056380246,4.409881964455881,,19.803964463693546,4.396108968766778,,,,,,,,,,,,,,,,
516,2025-05-15 18:59:11.199834,41.3037257,2.2091853,4.772871017456055,42.72216389989109,23.670000000000016,49.0,1011.0,,8.3,344.0,324.4851114069015,3.93825614660559,,7.20727530679261,3.8849480119297928,,,,,,,,,,,,,,,,
517,2025-05-15 18:59:16.198926,41.3037257,2.2091853,4.772871017456055,42.72216389989109,23.670000000000016,49.0,1011.0,,8.6,352.0,342.26935686869996,3.930120022920454,,24.991520768591045,4.546153634973984,,,,,,,,,,,,,,,,
518,2025-05-15 18:59:21.201216,41.3037257,2.2091853,4.772871017456055,42.72216389989109,23.670000000000016,49.0,1011.0,,8.8,350.0,338.5708871102374,4.182577557439354,,21.293051010128465,4.4429238569201885,,,,,,,,,,,,,,,,
519,2025-05-15 18:59:26.201104,41.3037257,2.2091853,4.772871017456055,42.72216389989109,23.670000000000016,49.0,1011.0,,8.4,350.0,337.3729674467446,3.7913379339871245,,20.095131346635696,4.405497413139805,,,,,,,,,,,,,,,,
520,2025-05-15 18:59:31.200560,41.3037257,2.2091853,4.772871017456055,42.72216389989109,23.670000000000016,49.0,1011.0,,8.7,351.0,340.39024647187046,4.055218883171548,,23.11241037176154,4.496046096502933,,,,,,,,,,,,,,,,
521,2025-05-15 18:59:36.201141,41.3037257,2.2091853,4.772871017456055,42.72216389989109,23.670000000000016,49.0,1011.0,,8.7,350.0,338.2929287007536,4.084608561468155,,21.015092600644664,4.434412086881606,,,,,,,,,,,,,,,,
522,2025-05-15 18:59:41.201193,41.3037257,2.2091853,4.772871017456055,42.72216389989109,23.670000000000016,49.0,1011.0,,8.4,352.0,341.75054218221527,3.7331504256437107,,24.472706082106356,4.5328055786030355,,,,,,,,,,,,,,,,
523,2025-05-15 18:59:46.201197,41.3037257,2.2091853,4.772871017456055,42.72216389989109,23.670000000000016,49.0,1011.0,,8.0,354.0,345.2814188686045,3.2913070442018624,,28.003582768495562,4.616251201030653,,,,,,,,,,,,,,,,
524,2025-05-15 18:59:51.201119,41.3037257,2.2091853,4.772871017456055,42.72216389989109,23.670000000000016,49.0,1011.0,,8.4,351.0,339.54869149515787,3.7607533319129827,,22.270855395048955,4.472034411536844,,,,,,,,,,,,,,,,
525,2025-05-15 18:59:56.199515,41.3037257,2.2091853,4.772871017456055,42.72216389989109,23.670000000000016,49.0,1011.0,,9.0,347.0,333.13376182610705,4.480014529490706,,15.855925725998134,4.25770628813305,,,,,,,,,,,,,,,,
526,2025-05-15 19:00:01.200766,41.3037257,2.2091853,4.772871017456055,42.72216389989109,23.670000000000016,49.0,1011.0,,9.3,343.0,326.5814543447684,4.93699905129348,,9.303618244659503,3.983770526343259,,,,,,,,,,,,,,,,
527,2025-05-15 19:00:06.199465,41.3037257,2.2091853,4.772871017456055,42.72216389989109,23.670000000000016,49.0,1011.0,,9.3,348.0,335.9065806983756,4.736544344837492,,18.628744598266678,4.357063601135996,,,,,,,,,,,,,,,,
528,2025-05-15 19:00:11.199632,41.3037257,2.2091853,4.772871017456055,42.72216389989109,23.670000000000016,49.0,1011.0,,9.3,353.0,345.73495859003117,4.5996320723578465,,28.457122489922256,4.6257055325570775,,,,,,,,,,,,,,,,
529,2025-05-15 19:00:16.201128,41.3037257,2.2091853,4.772871017456055,42.72216389989109,23.670000000000016,49.0,1011.0,,9.4,351.0,341.94669761671435,4.745002372315839,,24.668861516605432,4.537896017576367,,,,,,,,,,,,,,,,
530,2025-05-15 19:00:21.200540,41.3037257,2.2091853,4.772871017456055,42.72216389989109,23.670000000000016,49.0,1011.0,,9.2,346.0,331.8170712288152,4.712549724265532,,14.53923512870631,4.207019518847909,,,,,,,,,,,,,,,,
531,2025-05-15 19:00:26.201026,41.3037257,2.2091853,4.772871017456055,42.72216389989109,23.670000000000016,49.0,1011.0,,9.8,348.0,337.05501972039207,5.2264978710677354,,19.777183620283154,4.395239736801684,,,,,,,,,,,,,,,,
532,2025-05-15 19:00:31.199817,41.3037257,2.2091853,4.772871017456055,42.72216389989109,23.670000000000016,49.0,1011.0,,10.1,353.0,346.8096047052311,5.3941582831812,,29.53176860512218,4.646949165639752,,,,,,,,,,,,,,,,
533,2025-05-15 19:00:36.199778,41.3037257,2.2091853,4.772871017456055,42.72216389989109,23.670000000000016,49.0,1011.0,,9.4,350.0,339.9984973045008,4.77216120488965,,22.720661204391888,4.484988860122136,,,,,,,,,,,,,,,,
534,2025-05-15 19:00:41.201366,41.3037257,2.2091853,4.772871017456055,42.72216389989109,23.670000000000016,49.0,1011.0,,9.6,351.0,342.31151441981433,4.942611039849361,,25.033678319705416,4.547221903269308,,,,,,,,,,,,,,,,
535,2025-05-15 19:00:46.201516,41.3037257,2.2091853,4.772871017456055,42.72216389989109,23.670000000000016,49.0,1011.0,,9.7,350.0,340.58755915094736,5.067869999929243,,23.309723050838443,4.501535745311326,,,,,,,,,,,,,,,,
536,2025-05-15 19:00:51.199566,41.3037257,2.2091853,4.772871017456055,42.72216389989109,23.670000000000016,49.0,1011.0,,9.3,349.0,337.8364705003652,4.703823017518694,,20.558634400256267,4.420207894272045,,,,,,,,,,,,,,,,
537,2025-05-15 19:00:56.199699,41.3037257,2.2091853,4.772871017456055,42.72216389989109,23.670000000000016,49.0,1011.0,,9.9,350.0,340.9434841566616,5.265278927401255,,23.665648056552698,4.511303268299931,,,,,,,,,,,,,,,,
538,2025-05-15 19:01:01.200880,41.3037257,2.2091853,4.772871017456055,42.72216389989109,23.670000000000016,49.0,1011.0,,9.5,353.0,346.0369795234929,4.7980930896346985,,28.75914342338399,4.631840621219773,,,,,,,,,,,,,,,,
539,2025-05-15 19:01:06.199650,41.3037257,2.2091853,4.772871017456055,42.72216389989109,23.670000000000016,49.0,1011.0,,9.7,345.0,331.3578173876282,5.237523627813878,,14.079981287519274,4.188816281973868,,,,,,,,,,,,,,,,
540,2025-05-15 19:01:11.200715,41.3037257,2.2091853,4.772871017456055,42.72216389989109,23.670000000000016,49.0,1011.0,,9.5,351.0,342.13282681113384,4.843782169158912,,24.854990711024925,4.542677086994986,,,,,,,,,,,,,,,,
541,2025-05-15 19:01:16.200539,41.3037257,2.2091853,4.772871017456055,42.72216389989109,23.670000000000016,49.0,1011.0,,9.8,349.0,338.90414211254597,5.195264290323862,,21.626306012437055,4.4529910913857895,,,,,,,,,,,,,,,,
542,2025-05-15 19:01:21.199612,41.3037257,2.2091853,4.772871017456055,42.72216389989109,23.670000000000016,49.0,1011.0,,10.0,353.0,346.6929162841094,5.294752358339712,,29.415080184000487,4.644721451147095,,,,,,,,,,,,,,,,
543,2025-05-15 19:01:26.201133,41.3037257,2.2091853,4.772871017456055,42.72216389989109,23.670000000000016,49.0,1011.0,,9.9,349.0,339.0938700625898,5.29374489936466,,21.8160339624809,4.458655270378071,,,,,,,,,,,,,,,,
544,2025-05-15 19:01:31.200962,41.3037257,2.2091853,4.772871017456055,42.72216389989109,23.670000000000016,49.0,1011.0,,9.9,348.0,337.25932293582747,5.32471271801663,,19.981486835718556,4.401846559975606,,,,,,,,,,,,,,,,
545,2025-05-15 19:01:36.199590,41.3037257,2.2091853,4.772871017456055,42.72216389989109,23.670000000000016,49.0,1011.0,,10.5,349.0,340.0987477819777,5.885704642518188,,22.82091168186878,4.487838442498314,,,,,,,,,,,,,,,,
546,2025-05-15 19:01:41.201153,41.3037257,2.2091853,4.772871017456055,42.72216389989109,23.670000000000016,49.0,1011.0,,10.0,351.0,342.96005853428426,5.338362730946264,,25.682222434175344,4.563345360660392,,,,,,,,,,,,,,,,
547,2025-05-15 19:01:46.200811,41.3037257,2.2091853,4.772871017456055,42.72216389989109,23.670000000000016,49.0,1011.0,,9.7,351.0,342.4831946997954,5.041486098386015,,25.205358599686463,4.551546833105485,,,,,,,,,,,,,,,,
548,2025-05-15 19:01:51.199404,41.3037257,2.2091853,4.772871017456055,42.72216389989109,23.670000000000016,49.0,1011.0,,9.7,349.0,338.7070845335665,5.096842849556888,,21.429248433457587,4.4470563990009975,,,,,,,,,,,,,,,,
549,2025-05-15 19:01:56.199866,41.3037257,2.2091853,4.772871017456055,42.72216389989109,23.670000000000016,49.0,1011.0,,10.3,348.0,338.0062852644628,5.718190943116448,,20.72844916435389,4.425525056112003,,,,,,,,,,,,,,,,
550,2025-05-15 19:02:01.200561,41.3037257,2.2091853,4.772871017456055,42.72216389989109,23.670000000000016,49.0,1011.0,,9.9,349.0,339.0938700625898,5.29374489936466,,21.8160339624809,4.458655270378071,,,,,,,,,,,,,,,,
551,2025-05-15 19:02:06.199932,41.3037257,2.2091853,4.772871017456055,42.72216389989109,23.670000000000016,49.0,1011.0,,9.8,347.0,335.22255387830495,5.260195999814403,,17.944717778196036,4.333492544372199,,,,,,,,,,,,,,,,
552,2025-05-15 19:02:11.201157,41.3037257,2.2091853,4.772871017456055,42.72216389989109,23.670000000000016,49.0,1011.0,,10.4,343.0,329.55172335587105,6.000204769386765,,12.273887255762133,4.114629989636388,,,,,,,,,,,,,,,,
553,2025-05-15 19:02:16.200175,41.3037257,2.2091853,4.772871017456055,42.72216389989109,23.670000000000016,49.0,1011.0,,9.8,341.0,324.62195812085133,5.510777523432015,,7.344122020742418,3.891559145292143,,,,,,,,,,,,,,,,
554,2025-05-15 19:02:21.200266,41.3037257,2.2091853,4.772871017456055,42.72216389989109,23.670000000000016,49.0,1011.0,,9.3,342.0,324.78675392821106,4.983961698602603,,7.508917828102142,3.899491046298412,,,,,,,,,,,,,,,,
555,2025-05-15 19:02:26.199590,41.3037257,2.2091853,4.772871017456055,42.72216389989109,23.670000000000016,49.0,1011.0,,10.0,342.0,326.8855237589442,5.656403105995433,,9.607687658835289,3.997664708980672,,,,,,,,,,,,,,,,
556,2025-05-15 19:02:31.200847,41.3037257,2.2091853,4.772871017456055,42.72216389989109,23.670000000000016,49.0,1011.0,,9.6,339.0,320.6078622068647,5.421052085664837,,3.3300261067557813,3.688573352854285,,,,,,,,,,,,,,,,
557,2025-05-15 19:02:36.199017,41.3037257,2.2091853,4.772871017456055,42.72216389989109,23.670000000000016,49.0,1011.0,,9.5,339.0,320.26844909861404,5.326253609011648,,2.990612998505128,3.6705654305554143,,,,,,,,,,,,,,,,
558,2025-05-15 19:02:41.198757,41.3037257,2.2091853,4.772871017456055,42.72216389989109,23.670000000000016,49.0,1011.0,,9.5,340.0,321.96945762404164,5.273963966791075,,4.691621523932724,3.7595067559634083,,,,,,,,,,,,,,,,
559,2025-05-15 19:02:46.199238,41.3037257,2.2091853,4.772871017456055,42.72216389989109,23.670000000000016,49.0,1011.0,,9.8,336.0,316.3599256878389,5.7757855609619355,,359.08208958772997,3.454075898713447,,,,,,,,,,,,,,,,
560,2025-05-15 19:02:51.200332,41.3037257,2.2091853,4.772871017456055,42.72216389989109,23.670000000000016,49.0,1011.0,,9.4,338.0,318.2310305777519,5.286219210338312,,0.9531944776429668,3.5597832035960444,,,,,,,,,,,,,,,,
561,2025-05-15 19:02:56.199610,41.3037257,2.2091853,4.772871017456055,42.72216389989109,23.670000000000016,49.0,1011.0,,9.7,337.0,317.6367186334505,5.624708844174842,,0.3588825333416139,3.526613889541618,,,,,,,,,,,,,,,,
562,2025-05-15 19:03:01.200782,41.3037257,2.2091853,4.772871017456055,42.72216389989109,23.670000000000016,49.0,1011.0,,9.6,337.0,317.29322295888807,5.530464697386004,,0.015386858779152135,3.507269696525773,,,,,,,,,,,,,,,,
563,2025-05-15 19:03:06.201159,41.3037257,2.2091853,4.772871017456055,42.72216389989109,23.670000000000016,49.0,1011.0,,9.1,336.0,313.7270947296559,5.121916373711287,,356.449258629547,3.2991240431897277,,,,,,,,,,,,,,,,
564,2025-05-15 19:03:11.199087,41.3037257,2.2091853,4.772871017456055,42.72216389989109,23.670000000000016,49.0,1011.0,,9.6,339.0,320.6078622068647,5.421052085664837,,3.3300261067557813,3.688573352854285,,,,,,,,,,,,,,,,
565,2025-05-15 19:03:16.200574,41.3037257,2.2091853,4.772871017456055,42.72216389989109,23.670000000000016,49.0,1011.0,,10.0,342.0,326.8855237589442,5.656403105995433,,9.607687658835289,3.997664708980672,,,,,,,,,,,,,,,,
566,2025-05-15 19:03:21.201412,41.3037257,2.2091853,4.772871017456055,42.72216389989109,23.670000000000016,49.0,1011.0,,9.7,344.0,329.5680666467281,5.278590988873797,,12.29023054661917,4.115319742946946,,,,,,,,,,,,,,,,
567,2025-05-15 19:03:26.199772,41.3037257,2.2091853,4.772871017456055,42.72216389989109,23.670000000000016,49.0,1011.0,,9.2,339.0,319.17383040938216,5.043063838934155,,1.8959943092732487,3.6116149359375926,,,,,,,,,,,,,,,,
568,2025-05-15 19:03:31.199300,41.3037257,2.2091853,4.772871017456055,42.72216389989109,23.670000000000016,49.0,1011.0,,9.3,340.0,321.2718067238252,5.084162526221721,,3.9939706237162795,3.7234247983243565,,,,,,,,,,,,,,,,
569,2025-05-15 19:03:36.201136,41.3037257,2.2091853,4.772871017456055,42.72216389989109,23.670000000000016,49.0,1011.0,,9.3,338.0,317.8577956173792,5.192222966053446,,0.5799595172703107,3.5389969924046683,,,,,,,,,,,,,,,,
570,2025-05-15 19:03:41.199568,41.3037257,2.2091853,4.772871017456055,42.72216389989109,23.670000000000016,49.0,1011.0,,9.4,333.0,310.17072628194296,5.5848280631375875,,352.89289018183405,3.0788233198175403,,,,,,,,,,,,,,,,
571,2025-05-15 19:03:46.201114,41.3037257,2.2091853,4.772871017456055,42.72216389989109,23.670000000000016,49.0,1011.0,,9.9,334.0,313.54722087448494,5.9876291030134565,,356.269384774376,3.2882798264555313,,,,,,,,,,,,,,,,
572,2025-05-15 19:03:51.201130,41.3037257,2.2091853,4.772871017456055,42.72216389989109,23.670000000000016,49.0,1011.0,,9.5,337.0,316.93783066642646,5.436426211798249,,359.65999456631755,3.4871228650282258,,,,,,,,,,,,,,,,
573,2025-05-15 19:03:56.199611,41.3037257,2.2091853,4.772871017456055,42.72216389989109,23.670000000000016,49.0,1011.0,,9.8,331.0,308.6413812513724,6.082855870382112,,351.3635451512635,2.980390090075251,,,,,,,,,,,,,,,,
574,2025-05-15 19:04:01.198766,41.3037257,2.2091853,4.772871017456055,42.72216389989109,23.670000000000016,49.0,1011.0,,9.3,336.0,314.5454370249705,5.307535537716863,,357.2676009248616,3.3480481208316752,,,,,,,,,,,,,,,,
575,2025-05-15 19:04:06.199250,41.3037257,2.2091853,4.772871017456055,42.72216389989109,23.670000000000016,49.0,1011.0,,8.7,336.0,311.89966253347444,4.7541786934885595,,354.6218264333655,3.187457724571564,,,,,,,,,,,,,,,,
576,2025-05-15 19:04:11.201148,41.3037257,2.2091853,4.772871017456055,42.72216389989109,23.670000000000016,49.0,1011.0,,8.5,336.0,310.8762410312087,4.572341730971672,,353.59840493109976,3.1234972172424365,,,,,,,,,,,,,,,,
577,2025-05-15 19:04:16.199812,41.3037257,2.2091853,4.772871017456055,42.72216389989109,23.670000000000016,49.0,1011.0,,9.4,339.0,319.9167479432849,5.231648812709826,,2.638911843176004,3.6517696732981246,,,,,,,,,,,,,,,,
578,2025-05-15 19:04:21.200623,41.3037257,2.2091853,4.772871017456055,42.72216389989109,23.670000000000016,49.0,1011.0,,9.3,337.0,316.18891697149024,5.24901041444151,,358.91108087138133,3.444229394204755,,,,,,,,,,,,,,,,
579,2025-05-15 19:04:26.200592,41.3037257,2.2091853,4.772871017456055,42.72216389989109,23.670000000000016,49.0,1011.0,,9.7,334.0,312.8568973996644,5.800658022754917,,355.57906129955546,3.2463617581001616,,,,,,,,,,,,,,,,
580,2025-05-15 19:04:31.199190,41.3037257,2.2091853,4.772871017456055,42.72216389989109,23.670000000000016,49.0,1011.0,,9.2,339.0,319.17383040938216,5.043063838934155,,1.8959943092732487,3.6116149359375926,,,,,,,,,,,,,,,,
581,2025-05-15 19:04:36.199700,41.3037257,2.2091853,4.772871017456055,42.72216389989109,23.670000000000016,49.0,1011.0,,9.2,339.0,319.17383040938216,5.043063838934155,,1.8959943092732487,3.6116149359375926,,,,,,,,,,,,,,,,
582,2025-05-15 19:04:41.199677,41.3037257,2.2091853,4.772871017456055,42.72216389989109,23.670000000000016,49.0,1011.0,,9.2,339.0,319.17383040938216,5.043063838934155,,1.8959943092732487,3.6116149359375926,,,,,,,,,,,,,,,,
583,2025-05-15 19:04:46.200813,41.3037257,2.2091853,4.772871017456055,42.72216389989109,23.670000000000016,49.0,1011.0,,9.6,335.0,314.07119007809825,5.646861649814553,,356.79335397798934,3.319778142591199,,,,,,,,,,,,,,,,
584,2025-05-15 19:04:51.198959,41.3037257,2.2091853,4.772871017456055,42.72216389989109,23.670000000000016,49.0,1011.0,,9.5,335.0,313.7026592089407,5.553574031745208,,356.4248231088318,3.2976527831702542,,,,,,,,,,,,,,,,
585,2025-05-15 19:04:56.198434,41.3037257,2.2091853,4.772871017456055,42.72216389989109,23.670000000000016,49.0,1011.0,,9.5,340.0,321.96945762404164,5.273963966791075,,4.691621523932724,3.7595067559634083,,,,,,,,,,,,,,,,
586,2025-05-15 19:05:01.205578,41.3037257,2.2091853,4.772871017456055,42.72216389989109,23.670000000000016,49.0,1011.0,,9.6,332.0,309.4105825706083,5.833331313426654,,352.1327464704994,3.0301680239860547,,,,,,,,,,,,,,,,
587,2025-05-15 19:05:06.226888,41.3037257,2.2091853,4.772871017456055,42.72216389989109,23.670000000000016,49.0,1011.0,,9.1,333.0,308.9146004119391,5.309604507325088,,351.6367643118302,2.998133117315794,,,,,,,,,,,,,,,,
588,2025-05-15 19:05:11.198997,41.3037257,2.2091853,4.772871017456055,42.72216389989109,23.670000000000016,49.0,1011.0,,9.2,332.0,307.7998318024181,5.466178756033793,,350.5219957023092,2.925315241704403,,,,,,,,,,,,,,,,
589,2025-05-15 19:05:16.198986,41.3037257,2.2091853,4.772871017456055,42.72216389989109,23.670000000000016,49.0,1011.0,,9.4,333.0,310.17072628194296,5.5848280631375875,,352.89289018183405,3.0788233198175403,,,,,,,,,,,,,,,,
590,2025-05-15 19:05:21.199336,41.3037257,2.2091853,4.772871017456055,42.72216389989109,23.670000000000016,49.0,1011.0,,9.1,335.0,312.09638465787924,5.18292742200663,,354.8185485577703,3.19963631442274,,,,,,,,,,,,,,,,
591,2025-05-15 19:05:26.199134,41.3037257,2.2091853,4.772871017456055,42.72216389989109,23.670000000000016,49.0,1011.0,,9.2,332.0,307.7998318024181,5.466178756033793,,350.5219957023092,2.925315241704403,,,,,,,,,,,,,,,,
592,2025-05-15 19:05:31.199579,41.3037257,2.2091853,4.772871017456055,42.72216389989109,23.670000000000016,49.0,1011.0,,9.7,333.0,311.30837313695156,5.862483173998145,,354.03053703684265,3.150626806841925,,,,,,,,,,,,,,,,
593,2025-05-15 19:05:36.200817,41.3037257,2.2091853,4.772871017456055,42.72216389989109,23.670000000000016,49.0,1011.0,,9.5,329.0,304.5591912974866,5.941251331433568,,347.2813551973777,2.7074460473719966,,,,,,,,,,,,,,,,
594,2025-05-15 19:05:41.200635,41.3037257,2.2091853,4.772871017456055,42.72216389989109,23.670000000000016,49.0,1011.0,,9.4,333.0,310.17072628194296,5.5848280631375875,,352.89289018183405,3.0788233198175403,,,,,,,,,,,,,,,,
595,2025-05-15 19:05:46.200874,41.3037257,2.2091853,4.772871017456055,42.72216389989109,23.670000000000016,49.0,1011.0,,9.0,334.0,310.04889700453356,5.153968642986847,,352.77106090442464,3.071061513045086,,,,,,,,,,,,,,,,
596,2025-05-15 19:05:51.201178,41.3037257,2.2091853,4.772871017456055,42.72216389989109,23.670000000000016,49.0,1011.0,,9.2,334.0,310.92050737839327,5.337364663501488,,353.64267127828435,3.12628448714991,,,,,,,,,,,,,,,,
597,2025-05-15 19:05:56.201199,41.3037257,2.2091853,4.772871017456055,42.72216389989109,23.670000000000016,49.0,1011.0,,9.4,333.0,310.17072628194296,5.5848280631375875,,352.89289018183405,3.0788233198175403,,,,,,,,,,,,,,,,
598,2025-05-15 19:06:01.200881,41.3037257,2.2091853,4.772871017456055,42.72216389989109,23.670000000000016,49.0,1011.0,,9.5,329.0,304.5591912974866,5.941251331433568,,347.2813551973777,2.7074460473719966,,,,,,,,,,,,,,,,
599,2025-05-15 19:06:06.199371,41.3037257,2.2091853,4.772871017456055,42.72216389989109,23.670000000000016,49.0,1011.0,,9.1,331.0,305.83672908645667,5.441999762214647,,348.55889298634776,2.7944085049359204,,,,,,,,,,,,,,,,
600,2025-05-15 19:06:11.201131,41.3037257,2.2091853,4.772871017456055,42.72216389989109,23.670000000000016,49.0,1011.0,,9.4,336.0,314.93347440048586,5.400730187349229,,357.65563830037695,3.3710085887529133,,,,,,,,,,,,,,,,
601,2025-05-15 19:06:16.200584,41.3037257,2.2091853,4.772871017456055,42.72216389989109,23.670000000000016,49.0,1011.0,,8.7,333.0,307.0236809445827,4.947123143478157,,349.74584484447377,2.873960686775888,,,,,,,,,,,,,,,,
602,2025-05-15 19:06:21.201113,41.3037257,2.2091853,4.772871017456055,42.72216389989109,23.670000000000016,49.0,1011.0,,9.1,332.0,307.3628698933202,5.375123178876269,,350.08503379321127,2.8964687902412716,,,,,,,,,,,,,,,,
603,2025-05-15 19:06:26.199545,41.3037257,2.2091853,4.772871017456055,42.72216389989109,23.670000000000016,49.0,1011.0,,9.1,330.0,304.3357392541607,5.510164819439585,,347.0579031540518,2.6920960520701502,,,,,,,,,,,,,,,,
604,2025-05-15 19:06:31.200893,41.3037257,2.2091853,4.772871017456055,42.72216389989109,23.670000000000016,49.0,1011.0,,8.9,329.0,301.92458413592374,5.40072644587927,,344.6467480358148,2.523906402286767,,,,,,,,,,,,,,,,
605,2025-05-15 19:06:36.199234,41.3037257,2.2091853,4.772871017456055,42.72216389989109,23.670000000000016,49.0,1011.0,,8.6,334.0,308.1066492518395,4.79116428608813,,350.82881315173057,2.9454685071429854,,,,,,,,,,,,,,,,
606,2025-05-15 19:06:41.201124,41.3037257,2.2091853,4.772871017456055,42.72216389989109,23.670000000000016,49.0,1011.0,,9.1,332.0,307.3628698933202,5.375123178876269,,350.08503379321127,2.8964687902412716,,,,,,,,,,,,,,,,
607,2025-05-15 19:06:46.200696,41.3037257,2.2091853,4.772871017456055,42.72216389989109,23.670000000000016,49.0,1011.0,,9.1,330.0,304.3357392541607,5.510164819439585,,347.0579031540518,2.6920960520701502,,,,,,,,,,,,,,,,
608,2025-05-15 19:06:51.199466,41.3037257,2.2091853,4.772871017456055,42.72216389989109,23.670000000000016,49.0,1011.0,,9.2,329.0,303.3046775213669,5.6694935191108895,,346.026841421258,2.6207407581751454,,,,,,,,,,,,,,,,
609,2025-05-15 19:06:56.199544,41.3037257,2.2091853,4.772871017456055,42.72216389989109,23.670000000000016,49.0,1011.0,,9.4,328.0,302.707176577233,5.919878645180213,,345.4293404771241,2.5790004244367166,,,,,,,,,,,,,,,,
610,2025-05-15 19:07:01.200212,41.3037257,2.2091853,4.772871017456055,42.72216389989109,23.670000000000016,49.0,1011.0,,8.6,329.0,300.4009314335236,5.135419702731124,,343.1230953334147,2.4153008092343473,,,,,,,,,,,,,,,,
611,2025-05-15 19:07:06.201429,41.3037257,2.2091853,4.772871017456055,42.72216389989109,23.670000000000016,49.0,1011.0,,8.3,330.0,300.1977533615675,4.80160394217965,,342.9199172614586,2.400687573443165,,,,,,,,,,,,,,,,
612,2025-05-15 19:07:11.201083,41.3037257,2.2091853,4.772871017456055,42.72216389989109,23.670000000000016,49.0,1011.0,,8.8,332.0,305.95882765831846,5.103965730059939,,348.68099155820954,2.8026477439500517,,,,,,,,,,,,,,,,
613,2025-05-15 19:07:16.200194,41.3037257,2.2091853,4.772871017456055,42.72216389989109,23.670000000000016,49.0,1011.0,,8.4,331.0,302.2946680725802,4.8176329544753,,345.01683197247127,2.550019397374118,,,,,,,,,,,,,,,,
614,2025-05-15 19:07:21.199179,41.3037257,2.2091853,4.772871017456055,42.72216389989109,23.670000000000016,49.0,1011.0,,8.6,331.0,303.3968418508961,4.993977218955426,,346.1190057507872,2.627153933310359,,,,,,,,,,,,,,,,
615,2025-05-15 19:07:26.199135,41.3037257,2.2091853,4.772871017456055,42.72216389989109,23.670000000000016,49.0,1011.0,,8.6,328.0,298.9440627374406,5.20779817782398,,341.6662266373317,2.3098572149193535,,,,,,,,,,,,,,,,
616,2025-05-15 19:07:31.200414,41.3037257,2.2091853,4.772871017456055,42.72216389989109,23.670000000000016,49.0,1011.0,,9.0,335.0,311.65837871836095,5.090960095671215,,354.38054261825204,3.1724691362712854,,,,,,,,,,,,,,,,
617,2025-05-15 19:07:36.200429,41.3037257,2.2091853,4.772871017456055,42.72216389989109,23.670000000000016,49.0,1011.0,,8.6,332.0,304.93730973009326,4.925052706721203,,347.65947362998435,2.7333268992231914,,,,,,,,,,,,,,,,
618,2025-05-15 19:07:41.200246,41.3037257,2.2091853,4.772871017456055,42.72216389989109,23.670000000000016,49.0,1011.0,,8.8,328.0,299.9778863279691,5.383503709400158,,342.7000502278602,2.3848400082614365,,,,,,,,,,,,,,,,
619,2025-05-15 19:07:46.199040,41.3037257,2.2091853,4.772871017456055,42.72216389989109,23.670000000000016,49.0,1011.0,,8.7,332.0,305.4571806378075,5.0143100391583335,,348.17934453769857,2.7687156223974294,,,,,,,,,,,,,,,,
620,2025-05-15 19:07:51.200250,41.3037257,2.2091853,4.772871017456055,42.72216389989109,23.670000000000016,49.0,1011.0,,9.0,330.0,303.8779170994902,5.420203118648815,,346.6000809993813,2.6605184134231554,,,,,,,,,,,,,,,,
621,2025-05-15 19:07:56.200809,41.3037257,2.2091853,4.772871017456055,42.72216389989109,23.670000000000016,49.0,1011.0,,8.6,330.0,301.8849502215641,5.064123210141427,,344.6071141214552,2.5211035853254624,,,,,,,,,,,,,,,,
622,2025-05-15 19:08:01.199166,41.3037257,2.2091853,4.772871017456055,42.72216389989109,23.670000000000016,49.0,1011.0,,9.1,335.0,312.09638465787924,5.18292742200663,,354.8185485577703,3.19963631442274,,,,,,,,,,,,,,,,
623,2025-05-15 19:08:06.200758,41.3037257,2.2091853,4.772871017456055,42.72216389989109,23.670000000000016,49.0,1011.0,,9.1,335.0,312.09638465787924,5.18292742200663,,354.8185485577703,3.19963631442274,,,,,,,,,,,,,,,,
624,2025-05-15 19:08:11.200770,41.3037257,2.2091853,4.772871017456055,42.72216389989109,23.670000000000016,49.0,1011.0,,9.4,335.0,313.3215522271371,5.460524018810199,,356.0437161270282,3.2746289154238677,,,,,,,,,,,,,,,,
625,2025-05-15 19:08:16.201,41.3037257,2.2091853,4.772871017456055,42.72216389989109,23.670000000000016,49.0,1011.0,,9.2,331.0,306.2770651982145,5.532673133454021,,348.99922909810556,2.82406257294792,,,,,,,,,,,,,,,,
626,2025-05-15 19:08:21.200209,41.3037257,2.2091853,4.772871017456055,42.72216389989109,23.670000000000016,49.0,1011.0,,8.9,331.0,304.91066598101025,5.261667058313826,,347.63282988090134,2.7315071154839163,,,,,,,,,,,,,,,,
627,2025-05-15 19:08:26.199306,41.3037257,2.2091853,4.772871017456055,42.72216389989109,23.670000000000016,49.0,1011.0,,9.1,334.0,310.492320525147,5.24551495680291,,353.2144844250381,3.0992452939741555,,,,,,,,,,,,,,,,
628,2025-05-15 19:08:31.200222,41.3037257,2.2091853,4.772871017456055,42.72216389989109,23.670000000000016,49.0,1011.0,,8.9,334.0,309.5894648759426,5.062742180255716,,352.3116287758337,3.0416662324914228,,,,,,,,,,,,,,,,
629,2025-05-15 19:08:36.199171,41.3037257,2.2091853,4.772871017456055,42.72216389989109,23.670000000000016,49.0,1011.0,,9.2,333.0,309.34752540159207,5.401052506787383,,352.06968930148315,3.026107784415625,,,,,,,,,,,,,,,,
630,2025-05-15 19:08:41.199526,41.3037257,2.2091853,4.772871017456055,42.72216389989109,23.670000000000016,49.0,1011.0,,9.3,333.0,309.7660113526997,5.492798588874501,,352.4881752525908,3.052985228761002,,,,,,,,,,,,,,,,
631,2025-05-15 19:08:46.206308,41.3037257,2.2091853,4.772871017456055,42.72216389989109,23.670000000000016,49.0,1011.0,,9.2,331.0,306.2770651982145,5.532673133454021,,348.99922909810556,2.82406257294792,,,,,,,,,,,,,,,,
632,2025-05-15 19:08:51.199594,41.3037257,2.2091853,4.772871017456055,42.72216389989109,23.670000000000016,49.0,1011.0,,10.1,329.0,306.75061719637597,6.492232945859425,,349.47278109626706,2.855767340501426,,,,,,,,,,,,,,,,
633,2025-05-15 19:08:56.200548,41.3037257,2.2091853,4.772871017456055,42.72216389989109,23.670000000000016,49.0,1011.0,,9.5,332.0,309.02722794438347,5.741131700926372,,351.74939184427456,3.0054274001219987,,,,,,,,,,,,,,,,
634,2025-05-15 19:09:01.200534,41.3037257,2.2091853,4.772871017456055,42.72216389989109,23.670000000000016,49.0,1011.0,,9.6,332.0,309.4105825706083,5.833331313426654,,352.1327464704994,3.0301680239860547,,,,,,,,,,,,,,,,
635,2025-05-15 19:09:06.200616,41.3037257,2.2091853,4.772871017456055,42.72216389989109,23.670000000000016,49.0,1011.0,,9.2,333.0,309.34752540159207,5.401052506787383,,352.06968930148315,3.026107784415625,,,,,,,,,,,,,,,,
636,2025-05-15 19:09:11.199345,41.3037257,2.2091853,4.772871017456055,42.72216389989109,23.670000000000016,49.0,1011.0,,9.3,331.0,306.7031767251068,5.623662738051031,,349.4253406249979,2.8525999116461525,,,,,,,,,,,,,,,,
637,2025-05-15 19:09:16.199612,41.3037257,2.2091853,4.772871017456055,42.72216389989109,23.670000000000016,49.0,1011.0,,9.7,334.0,312.8568973996644,5.800658022754917,,355.57906129955546,3.2463617581001616,,,,,,,,,,,,,,,,
638,2025-05-15 19:09:21.200584,41.3037257,2.2091853,4.772871017456055,42.72216389989109,23.670000000000016,49.0,1011.0,,9.8,333.0,311.66396420192274,5.955516528587492,,354.3861281018138,3.1728167445295012,,,,,,,,,,,,,,,,
639,2025-05-15 19:09:26.200557,41.3037257,2.2091853,4.772871017456055,42.72216389989109,23.670000000000016,49.0,1011.0,,10.0,332.0,310.82960519348467,6.204546577429548,,353.55176909337575,3.1205587335019778,,,,,,,,,,,,,,,,
640,2025-05-15 19:09:31.201109,41.3037257,2.2091853,4.772871017456055,42.72216389989109,23.670000000000016,49.0,1011.0,,9.6,335.0,314.07119007809825,5.646861649814553,,356.79335397798934,3.319778142591199,,,,,,,,,,,,,,,,
641,2025-05-15 19:09:36.201128,41.3037257,2.2091853,4.772871017456055,42.72216389989109,23.670000000000016,49.0,1011.0,,9.2,334.0,310.92050737839327,5.337364663501488,,353.64267127828435,3.12628448714991,,,,,,,,,,,,,,,,
642,2025-05-15 19:09:41.201163,41.3037257,2.2091853,4.772871017456055,42.72216389989109,23.670000000000016,49.0,1011.0,,9.1,331.0,305.83672908645667,5.441999762214647,,348.55889298634776,2.7944085049359204,,,,,,,,,,,,,,,,
643,2025-05-15 19:09:46.201047,41.3037257,2.2091853,4.772871017456055,42.72216389989109,23.670000000000016,49.0,1011.0,,9.5,331.0,307.5152254128584,5.806531130609996,,350.2373893127495,2.906545898122044,,,,,,,,,,,,,,,,
644,2025-05-15 19:09:51.199397,41.3037257,2.2091853,4.772871017456055,42.72216389989109,23.670000000000016,49.0,1011.0,,9.6,336.0,315.6706353132972,5.587825400044355,,358.3927992131883,3.4142002315466327,,,,,,,,,,,,,,,,
645,2025-05-15 19:09:56.199025,41.3037257,2.2091853,4.772871017456055,42.72216389989109,23.670000000000016,49.0,1011.0,,9.4,333.0,310.17072628194296,5.5848280631375875,,352.89289018183405,3.0788233198175403,,,,,,,,,,,,,,,,
646,2025-05-15 19:10:01.199609,41.3037257,2.2091853,4.772871017456055,42.72216389989109,23.670000000000016,49.0,1011.0,,9.4,334.0,311.7340351695768,5.521913647414005,,354.4561990694679,3.1771749941855103,,,,,,,,,,,,,,,,
647,2025-05-15 19:10:06.201124,41.3037257,2.2091853,4.772871017456055,42.72216389989109,23.670000000000016,49.0,1011.0,,9.5,330.0,306.0259916466937,5.873259256776169,,348.74815554658477,2.8071745611584635,,,,,,,,,,,,,,,,
648,2025-05-15 19:10:11.200911,41.3037257,2.2091853,4.772871017456055,42.72216389989109,23.670000000000016,49.0,1011.0,,9.3,334.0,311.334184175773,5.429502365810855,,354.05634807566406,3.152241587178148,,,,,,,,,,,,,,,,
649,2025-05-15 19:10:16.199251,41.3037257,2.2091853,4.772871017456055,42.72216389989109,23.670000000000016,49.0,1011.0,,9.1,333.0,308.9146004119391,5.309604507325088,,351.6367643118302,2.998133117315794,,,,,,,,,,,,,,,,
650,2025-05-15 19:10:21.200809,41.3037257,2.2091853,4.772871017456055,42.72216389989109,23.670000000000016,49.0,1011.0,,9.4,332.0,308.6313777979806,5.649197483055406,,351.35354169787166,2.9797391708423566,,,,,,,,,,,,,,,,
651,2025-05-15 19:10:26.200796,41.3037257,2.2091853,4.772871017456055,42.72216389989109,23.670000000000016,49.0,1011.0,,9.8,331.0,308.6413812513724,6.082855870382112,,351.3635451512635,2.980390090075251,,,,,,,,,,,,,,,,
652,2025-05-15 19:10:31.198924,41.3037257,2.2091853,4.772871017456055,42.72216389989109,23.670000000000016,49.0,1011.0,,9.7,329.0,305.333438589825,6.123888290670256,,348.0556024897161,2.7603127987838803,,,,,,,,,,,,,,,,
653,2025-05-15 19:10:36.201166,41.3037257,2.2091853,4.772871017456055,42.72216389989109,23.670000000000016,49.0,1011.0,,9.2,335.0,312.5190936991771,5.2751870704137005,,355.2412575990682,3.2256774185070882,,,,,,,,,,,,,,,,
654,2025-05-15 19:10:41.201150,41.3037257,2.2091853,4.772871017456055,42.72216389989109,23.670000000000016,49.0,1011.0,,8.8,331.0,304.423481668678,5.172043082075513,,347.1456455685691,2.698128395779215,,,,,,,,,,,,,,,,
655,2025-05-15 19:10:46.200541,41.3037257,2.2091853,4.772871017456055,42.72216389989109,23.670000000000016,49.0,1011.0,,8.4,332.0,303.8391568243556,4.747822885737995,,346.5613207242467,2.6578371501812694,,,,,,,,,,,,,,,,
656,2025-05-15 19:10:51.201101,41.3037257,2.2091853,4.772871017456055,42.72216389989109,23.670000000000016,49.0,1011.0,,9.6,332.0,309.4105825706083,5.833331313426654,,352.1327464704994,3.0301680239860547,,,,,,,,,,,,,,,,
657,2025-05-15 19:10:56.198882,41.3037257,2.2091853,4.772871017456055,42.72216389989109,23.670000000000016,49.0,1011.0,,9.3,335.0,312.927249735123,5.367723967747553,,355.64941363501407,3.2506553863872,,,,,,,,,,,,,,,,
658,2025-05-15 19:11:01.201096,41.3037257,2.2091853,4.772871017456055,42.72216389989109,23.670000000000016,49.0,1011.0,,9.0,337.0,314.95999310408695,4.969726440438935,,357.68215700397803,3.3725720881901737,,,,,,,,,,,,,,,,
659,2025-05-15 19:11:06.199084,41.3037257,2.2091853,4.772871017456055,42.72216389989109,23.670000000000016,49.0,1011.0,,8.8,333.0,307.52189009126073,5.037211088847146,,350.2440539911518,2.9069862450241324,,,,,,,,,,,,,,,,
660,2025-05-15 19:11:11.200966,41.3037257,2.2091853,4.772871017456055,42.72216389989109,23.670000000000016,49.0,1011.0,,9.2,333.0,309.34752540159207,5.401052506787383,,352.06968930148315,3.026107784415625,,,,,,,,,,,,,,,,
661,2025-05-15 19:11:16.200990,41.3037257,2.2091853,4.772871017456055,42.72216389989109,23.670000000000016,49.0,1011.0,,9.3,335.0,312.927249735123,5.367723967747553,,355.64941363501407,3.2506553863872,,,,,,,,,,,,,,,,
662,2025-05-15 19:11:21.200939,41.3037257,2.2091853,4.772871017456055,42.72216389989109,23.670000000000016,49.0,1011.0,,8.9,333.0,308.0025570481028,5.127666497586602,,350.7247209479939,2.938640661833228,,,,,,,,,,,,,,,,
663,2025-05-15 19:11:26.199219,41.3037257,2.2091853,4.772871017456055,42.72216389989109,23.670000000000016,49.0,1011.0,,9.3,329.0,303.73599446343695,5.759767961464592,,346.45815836332804,2.650694913849409,,,,,,,,,,,,,,,,
664,2025-05-15 19:11:31.200438,41.3037257,2.2091853,4.772871017456055,42.72216389989109,23.670000000000016,49.0,1011.0,,8.8,328.0,299.9778863279691,5.383503709400158,,342.7000502278602,2.3848400082614365,,,,,,,,,,,,,,,,
665,2025-05-15 19:11:36.200682,41.3037257,2.2091853,4.772871017456055,42.72216389989109,23.670000000000016,49.0,1011.0,,8.8,334.0,309.1132036924356,4.971853175083615,,351.8353675923267,3.0109877747581875,,,,,,,,,,,,,,,,
666,2025-05-15 19:11:41.200020,41.3037257,2.2091853,4.772871017456055,42.72216389989109,23.670000000000016,49.0,1011.0,,9.7,333.0,311.30837313695156,5.862483173998145,,354.03053703684265,3.150626806841925,,,,,,,,,,,,,,,,
667,2025-05-15 19:11:46.199568,41.3037257,2.2091853,4.772871017456055,42.72216389989109,23.670000000000016,49.0,1011.0,,9.5,329.0,304.5591912974866,5.941251331433568,,347.2813551973777,2.7074460473719966,,,,,,,,,,,,,,,,
668,2025-05-15 19:11:51.201147,41.3037257,2.2091853,4.772871017456055,42.72216389989109,23.670000000000016,49.0,1011.0,,9.7,332.0,309.7819913858552,5.925783932698369,,352.50415528574626,3.054008334153028,,,,,,,,,,,,,,,,
669,2025-05-15 19:11:56.201123,41.3037257,2.2091853,4.772871017456055,42.72216389989109,23.670000000000016,49.0,1011.0,,9.5,330.0,306.0259916466937,5.873259256776169,,348.74815554658477,2.8071745611584635,,,,,,,,,,,,,,,,
670,2025-05-15 19:12:01.201137,41.3037257,2.2091853,4.772871017456055,42.72216389989109,23.670000000000016,49.0,1011.0,,10.0,328.0,304.97877564563566,6.46744262890643,,347.70093954552675,2.736157869754161,,,,,,,,,,,,,,,,
671,2025-05-15 19:12:06.200575,41.3037257,2.2091853,4.772871017456055,42.72216389989109,23.670000000000016,49.0,1011.0,,9.7,328.0,303.8931890850793,6.192446097135479,,346.6153529849704,2.6615745270716027,,,,,,,,,,,,,,,,
672,2025-05-15 19:12:11.200552,41.3037257,2.2091853,4.772871017456055,42.72216389989109,23.670000000000016,49.0,1011.0,,10.0,328.0,304.97877564563566,6.46744262890643,,347.70093954552675,2.736157869754161,,,,,,,,,,,,,,,,
673,2025-05-15 19:12:16.201111,41.3037257,2.2091853,4.772871017456055,42.72216389989109,23.670000000000016,49.0,1011.0,,9.3,332.0,308.22245077450367,5.557541830498205,,350.94461467439476,2.9530529912402157,,,,,,,,,,,,,,,,
674,2025-05-15 19:12:21.201126,41.3037257,2.2091853,4.772871017456055,42.72216389989109,23.670000000000016,49.0,1011.0,,9.0,327.0,299.5167024829152,5.632823599612344,,342.2388663828063,2.351485012614397,,,,,,,,,,,,,,,,
675,2025-05-15 19:12:26.201335,41.3037257,2.2091853,4.772871017456055,42.72216389989109,23.670000000000016,49.0,1011.0,,8.7,330.0,302.40897622286775,5.1525390224114185,,345.13114012275884,2.5580634866224106,,,,,,,,,,,,,,,,
676,2025-05-15 19:12:31.201123,41.3037257,2.2091853,4.772871017456055,42.72216389989109,23.670000000000016,49.0,1011.0,,9.0,335.0,311.65837871836095,5.090960095671215,,354.38054261825204,3.1724691362712854,,,,,,,,,,,,,,,,
677,2025-05-15 19:12:36.201128,41.3037257,2.2091853,4.772871017456055,42.72216389989109,23.670000000000016,49.0,1011.0,,9.1,332.0,307.3628698933202,5.375123178876269,,350.08503379321127,2.8964687902412716,,,,,,,,,,,,,,,,
678,2025-05-15 19:12:41.199263,41.3037257,2.2091853,4.772871017456055,42.72216389989109,23.670000000000016,49.0,1011.0,,9.3,333.0,309.7660113526997,5.492798588874501,,352.4881752525908,3.052985228761002,,,,,,,,,,,,,,,,
679,2025-05-15 19:12:46.200380,41.3037257,2.2091853,4.772871017456055,42.72216389989109,23.670000000000016,49.0,1011.0,,8.9,333.0,308.0025570481028,5.127666497586602,,350.7247209479939,2.938640661833228,,,,,,,,,,,,,,,,
680,2025-05-15 19:12:51.199458,41.3037257,2.2091853,4.772871017456055,42.72216389989109,23.670000000000016,49.0,1011.0,,9.4,332.0,308.6313777979806,5.649197483055406,,351.35354169787166,2.9797391708423566,,,,,,,,,,,,,,,,
681,2025-05-15 19:12:56.199509,41.3037257,2.2091853,4.772871017456055,42.72216389989109,23.670000000000016,49.0,1011.0,,9.2,326.0,299.02206340738337,5.883326673282602,,341.74422730727446,2.315541106182313,,,,,,,,,,,,,,,,
682,2025-05-15 19:13:01.201101,41.3037257,2.2091853,4.772871017456055,42.72216389989109,23.670000000000016,49.0,1011.0,,8.8,331.0,304.423481668678,5.172043082075513,,347.1456455685691,2.698128395779215,,,,,,,,,,,,,,,,
683,2025-05-15 19:13:06.199548,41.3037257,2.2091853,4.772871017456055,42.72216389989109,23.670000000000016,49.0,1011.0,,9.2,328.0,301.854160877558,5.739687521588805,,344.5763247774491,2.5189254028624886,,,,,,,,,,,,,,,,
684,2025-05-15 19:13:11.200229,41.3037257,2.2091853,4.772871017456055,42.72216389989109,23.670000000000016,49.0,1011.0,,8.6,332.0,304.93730973009326,4.925052706721203,,347.65947362998435,2.7333268992231914,,,,,,,,,,,,,,,,
685,2025-05-15 19:13:16.200851,41.3037257,2.2091853,4.772871017456055,42.72216389989109,23.670000000000016,49.0,1011.0,,8.8,334.0,309.1132036924356,4.971853175083615,,351.8353675923267,3.0109877747581875,,,,,,,,,,,,,,,,
686,2025-05-15 19:13:21.200777,41.3037257,2.2091853,4.772871017456055,42.72216389989109,23.670000000000016,49.0,1011.0,,8.5,332.0,304.3982939565555,4.836215789143373,,347.1204578564466,2.6963973723128634,,,,,,,,,,,,,,,,
687,2025-05-15 19:13:26.199083,41.3037257,2.2091853,4.772871017456055,42.72216389989109,23.670000000000016,49.0,1011.0,,8.5,333.0,305.97098619937344,4.7681328717856,,348.6931500992645,2.8034675088357863,,,,,,,,,,,,,,,,
688,2025-05-15 19:13:31.200835,41.3037257,2.2091853,4.772871017456055,42.72216389989109,23.670000000000016,49.0,1011.0,,9.3,338.0,317.8577956173792,5.192222966053446,,0.5799595172703107,3.5389969924046683,,,,,,,,,,,,,,,,
689,2025-05-15 19:13:36.200191,41.3037257,2.2091853,4.772871017456055,42.72216389989109,23.670000000000016,49.0,1011.0,,8.8,333.0,307.52189009126073,5.037211088847146,,350.2440539911518,2.9069862450241324,,,,,,,,,,,,,,,,
690,2025-05-15 19:13:41.200424,41.3037257,2.2091853,4.772871017456055,42.72216389989109,23.670000000000016,49.0,1011.0,,9.1,334.0,310.492320525147,5.24551495680291,,353.2144844250381,3.0992452939741555,,,,,,,,,,,,,,,,
691,2025-05-15 19:13:46.199506,41.3037257,2.2091853,4.772871017456055,42.72216389989109,23.670000000000016,49.0,1011.0,,8.9,331.0,304.91066598101025,5.261667058313826,,347.63282988090134,2.7315071154839163,,,,,,,,,,,,,,,,
692,2025-05-15 19:13:51.200777,41.3037257,2.2091853,4.772871017456055,42.72216389989109,23.670000000000016,49.0,1011.0,,9.1,335.0,312.09638465787924,5.18292742200663,,354.8185485577703,3.19963631442274,,,,,,,,,,,,,,,,
693,2025-05-15 19:13:56.200778,41.3037257,2.2091853,4.772871017456055,42.72216389989109,23.670000000000016,49.0,1011.0,,9.6,334.0,312.49480141017057,5.707503754514728,,355.21696531006165,3.22418562701914,,,,,,,,,,,,,,,,
694,2025-05-15 19:14:01.199300,41.3037257,2.2091853,4.772871017456055,42.72216389989109,23.670000000000016,49.0,1011.0,,9.3,333.0,309.7660113526997,5.492798588874501,,352.4881752525908,3.052985228761002,,,,,,,,,,,,,,,,
695,2025-05-15 19:14:06.199217,41.3037257,2.2091853,4.772871017456055,42.72216389989109,23.670000000000016,49.0,1011.0,,9.3,333.0,309.7660113526997,5.492798588874501,,352.4881752525908,3.052985228761002,,,,,,,,,,,,,,,,
696,2025-05-15 19:14:11.199214,41.3037257,2.2091853,4.772871017456055,42.72216389989109,23.670000000000016,49.0,1011.0,,9.1,332.0,307.3628698933202,5.375123178876269,,350.08503379321127,2.8964687902412716,,,,,,,,,,,,,,,,
697,2025-05-15 19:14:16.198887,41.3037257,2.2091853,4.772871017456055,42.72216389989109,23.670000000000016,49.0,1011.0,,9.2,335.0,312.5190936991771,5.2751870704137005,,355.2412575990682,3.2256774185070882,,,,,,,,,,,,,,,,
698,2025-05-15 19:14:21.198632,41.3037257,2.2091853,4.772871017456055,42.72216389989109,23.670000000000016,49.0,1011.0,,9.0,333.0,308.466528071242,5.2184702612297675,,351.1886919711331,2.968999422455861,,,,,,,,,,,,,,,,
699,2025-05-15 19:14:26.199179,41.3037257,2.2091853,4.772871017456055,42.72216389989109,23.670000000000016,49.0,1011.0,,8.9,334.0,309.5894648759426,5.062742180255716,,352.3116287758337,3.0416662324914228,,,,,,,,,,,,,,,,
700,2025-05-15 19:14:31.200379,41.3037257,2.2091853,4.772871017456055,42.72216389989109,23.670000000000016,49.0,1011.0,,9.2,333.0,309.34752540159207,5.401052506787383,,352.06968930148315,3.026107784415625,,,,,,,,,,,,,,,,
701,2025-05-15 19:14:36.201150,41.3037257,2.2091853,4.772871017456055,42.72216389989109,23.670000000000016,49.0,1011.0,,8.8,337.0,314.0612821902374,4.784930643947325,,356.7834460901285,3.319185098693301,,,,,,,,,,,,,,,,
702,2025-05-15 19:14:41.198881,41.3037257,2.2091853,4.772871017456055,42.72216389989109,23.670000000000016,49.0,1011.0,,8.8,338.0,315.7699309733024,4.725939935772338,,358.4920948731935,3.4199751174913544,,,,,,,,,,,,,,,,
703,2025-05-15 19:14:46.201236,41.3037257,2.2091853,4.772871017456055,42.72216389989109,23.670000000000016,49.0,1011.0,,8.9,335.0,311.2042843264942,4.999301224135738,,353.9264482263853,3.1441083575152646,,,,,,,,,,,,,,,,
704,2025-05-15 19:14:51.200564,41.3037257,2.2091853,4.772871017456055,42.72216389989109,23.670000000000016,49.0,1011.0,,9.0,337.0,314.95999310408695,4.969726440438935,,357.68215700397803,3.3725720881901737,,,,,,,,,,,,,,,,
705,2025-05-15 19:14:56.199700,41.3037257,2.2091853,4.772871017456055,42.72216389989109,23.670000000000016,49.0,1011.0,,9.1,332.0,307.3628698933202,5.375123178876269,,350.08503379321127,2.8964687902412716,,,,,,,,,,,,,,,,
706,2025-05-15 19:15:01.201,41.3037257,2.2091853,4.772871017456055,42.72216389989109,23.670000000000016,49.0,1011.0,,9.0,335.0,311.65837871836095,5.090960095671215,,354.38054261825204,3.1724691362712854,,,,,,,,,,,,,,,,
707,2025-05-15 19:15:06.199943,41.3037257,2.2091853,4.772871017456055,42.72216389989109,23.670000000000016,49.0,1011.0,,9.3,336.0,314.5454370249705,5.307535537716863,,357.2676009248616,3.3480481208316752,,,,,,,,,,,,,,,,
708,2025-05-15 19:15:11.199238,41.3037257,2.2091853,4.772871017456055,42.72216389989109,23.670000000000016,49.0,1011.0,,9.2,336.0,314.14354826355554,5.214593024552315,,356.86571216344663,3.324106183914008,,,,,,,,,,,,,,,,
709,2025-05-15 19:15:16.199173,41.3037257,2.2091853,4.772871017456055,42.72216389989109,23.670000000000016,49.0,1011.0,,9.8,335.0,314.7728232604028,5.834104080687072,,357.4949871602939,3.36152143362338,,,,,,,,,,,,,,,,
710,2025-05-15 19:15:21.200781,41.3037257,2.2091853,4.772871017456055,42.72216389989109,23.670000000000016,49.0,1011.0,,9.1,335.0,312.09638465787924,5.18292742200663,,354.8185485577703,3.19963631442274,,,,,,,,,,,,,,,,
711,2025-05-15 19:15:26.200774,41.3037257,2.2091853,4.772871017456055,42.72216389989109,23.670000000000016,49.0,1011.0,,9.4,336.0,314.93347440048586,5.400730187349229,,357.65563830037695,3.3710085887529133,,,,,,,,,,,,,,,,
712,2025-05-15 19:15:31.200788,41.3037257,2.2091853,4.772871017456055,42.72216389989109,23.670000000000016,49.0,1011.0,,10.1,338.0,320.51164537499005,5.949676715041651,,3.233809274881139,3.6834815853446194,,,,,,,,,,,,,,,,
713,2025-05-15 19:15:36.199783,41.3037257,2.2091853,4.772871017456055,42.72216389989109,23.670000000000016,49.0,1011.0,,9.5,333.0,310.5623004625841,5.677127147746166,,353.2844643624752,3.1036762681140355,,,,,,,,,,,,,,,,
714,2025-05-15 19:15:41.200209,41.3037257,2.2091853,4.772871017456055,42.72216389989109,23.670000000000016,49.0,1011.0,,9.5,336.0,315.3083305306436,5.494164142884979,,358.0304944305347,3.3930422947090233,,,,,,,,,,,,,,,,
715,2025-05-15 19:15:46.199279,41.3037257,2.2091853,4.772871017456055,42.72216389989109,23.670000000000016,49.0,1011.0,,9.2,338.0,317.47081509122035,5.098455169821131,,0.19297899111143124,3.517286701307841,,,,,,,,,,,,,,,,
716,2025-05-15 19:15:51.200612,41.3037257,2.2091853,4.772871017456055,42.72216389989109,23.670000000000016,49.0,1011.0,,9.3,335.0,312.927249735123,5.367723967747553,,355.64941363501407,3.2506553863872,,,,,,,,,,,,,,,,
717,2025-05-15 19:15:56.201104,41.3037257,2.2091853,4.772871017456055,42.72216389989109,23.670000000000016,49.0,1011.0,,9.5,334.0,312.12070502572277,5.614584999681483,,354.84286892561386,3.201139312533233,,,,,,,,,,,,,,,,
718,2025-05-15 19:16:01.201134,41.3037257,2.2091853,4.772871017456055,42.72216389989109,23.670000000000016,49.0,1011.0,,9.5,334.0,312.12070502572277,5.614584999681483,,354.84286892561386,3.201139312533233,,,,,,,,,,,,,,,,
719,2025-05-15 19:16:06.201095,41.3037257,2.2091853,4.772871017456055,42.72216389989109,23.670000000000016,49.0,1011.0,,9.6,334.0,312.49480141017057,5.707503754514728,,355.21696531006165,3.22418562701914,,,,,,,,,,,,,,,,
720,2025-05-15 19:16:11.201134,41.3037257,2.2091853,4.772871017456055,42.72216389989109,23.670000000000016,49.0,1011.0,,9.2,335.0,312.5190936991771,5.2751870704137005,,355.2412575990682,3.2256774185070882,,,,,,,,,,,,,,,,
721,2025-05-15 19:16:16.201119,41.3037257,2.2091853,4.772871017456055,42.72216389989109,23.670000000000016,49.0,1011.0,,9.0,333.0,308.466528071242,5.2184702612297675,,351.1886919711331,2.968999422455861,,,,,,,,,,,,,,,,
722,2025-05-15 19:16:21.199916,41.3037257,2.2091853,4.772871017456055,42.72216389989109,23.670000000000016,49.0,1011.0,,9.8,332.0,310.1419743897287,6.018477899091132,,352.8641382896198,3.076992775405294,,,,,,,,,,,,,,,,
723,2025-05-15 19:16:26.200711,41.3037257,2.2091853,4.772871017456055,42.72216389989109,23.670000000000016,49.0,1011.0,,9.4,331.0,307.1156970446889,5.714953471467929,,349.83786094458,2.8800767350105043,,,,,,,,,,,,,,,,
724,2025-05-15 19:16:31.200203,41.3037257,2.2091853,4.772871017456055,42.72216389989109,23.670000000000016,49.0,1011.0,,9.5,334.0,312.12070502572277,5.614584999681483,,354.84286892561386,3.201139312533233,,,,,,,,,,,,,,,,
725,2025-05-15 19:16:36.199229,41.3037257,2.2091853,4.772871017456055,42.72216389989109,23.670000000000016,49.0,1011.0,,9.5,334.0,312.12070502572277,5.614584999681483,,354.84286892561386,3.201139312533233,,,,,,,,,,,,,,,,
726,2025-05-15 19:16:41.199654,41.3037257,2.2091853,4.772871017456055,42.72216389989109,23.670000000000016,49.0,1011.0,,9.1,335.0,312.09638465787924,5.18292742200663,,354.8185485577703,3.19963631442274,,,,,,,,,,,,,,,,
727,2025-05-15 19:16:46.201171,41.3037257,2.2091853,4.772871017456055,42.72216389989109,23.670000000000016,49.0,1011.0,,9.1,337.0,315.3846926997079,5.062557723671277,,358.106856599599,3.39751301840741,,,,,,,,,,,,,,,,
728,2025-05-15 19:16:51.201137,41.3037257,2.2091853,4.772871017456055,42.72216389989109,23.670000000000016,49.0,1011.0,,9.4,336.0,314.93347440048586,5.400730187349229,,357.65563830037695,3.3710085887529133,,,,,,,,,,,,,,,,
729,2025-05-15 19:16:56.201104,41.3037257,2.2091853,4.772871017456055,42.72216389989109,23.670000000000016,49.0,1011.0,,9.0,334.0,310.04889700453356,5.153968642986847,,352.77106090442464,3.071061513045086,,,,,,,,,,,,,,,,
730,2025-05-15 19:17:01.201105,41.3037257,2.2091853,4.772871017456055,42.72216389989109,23.670000000000016,49.0,1011.0,,9.5,335.0,313.7026592089407,5.553574031745208,,356.4248231088318,3.2976527831702542,,,,,,,,,,,,,,,,
731,2025-05-15 19:17:06.200770,41.3037257,2.2091853,4.772871017456055,42.72216389989109,23.670000000000016,49.0,1011.0,,9.5,334.0,312.12070502572277,5.614584999681483,,354.84286892561386,3.201139312533233,,,,,,,,,,,,,,,,
732,2025-05-15 19:17:11.199531,41.3037257,2.2091853,4.772871017456055,42.72216389989109,23.670000000000016,49.0,1011.0,,9.3,331.0,306.7031767251068,5.623662738051031,,349.4253406249979,2.8525999116461525,,,,,,,,,,,,,,,,
733,2025-05-15 19:17:16.198703,41.3037257,2.2091853,4.772871017456055,42.72216389989109,23.670000000000016,49.0,1011.0,,9.2,334.0,310.92050737839327,5.337364663501488,,353.64267127828435,3.12628448714991,,,,,,,,,,,,,,,,
734,2025-05-15 19:17:21.201106,41.3037257,2.2091853,4.772871017456055,42.72216389989109,23.670000000000016,49.0,1011.0,,9.9,336.0,316.6879938631181,5.870064047234429,,359.4101577630092,3.4728795123881793,,,,,,,,,,,,,,,,
735,2025-05-15 19:17:26.200565,41.3037257,2.2091853,4.772871017456055,42.72216389989109,23.670000000000016,49.0,1011.0,,8.8,336.0,312.3824930021884,4.8456339236511115,,355.1046569020795,3.2172812288300467,,,,,,,,,,,,,,,,
736,2025-05-15 19:17:31.200704,41.3037257,2.2091853,4.772871017456055,42.72216389989109,23.670000000000016,49.0,1011.0,,9.6,333.0,310.9413288140511,5.7696829036389845,,353.66349271394216,3.1275948821573465,,,,,,,,,,,,,,,,
737,2025-05-15 19:17:36.201107,41.3037257,2.2091853,4.772871017456055,42.72216389989109,23.670000000000016,49.0,1011.0,,9.6,332.0,309.4105825706083,5.833331313426654,,352.1327464704994,3.0301680239860547,,,,,,,,,,,,,,,,
738,2025-05-15 19:17:41.199456,41.3037257,2.2091853,4.772871017456055,42.72216389989109,23.670000000000016,49.0,1011.0,,9.3,337.0,316.18891697149024,5.24901041444151,,358.91108087138133,3.444229394204755,,,,,,,,,,,,,,,,
739,2025-05-15 19:17:46.200594,41.3037257,2.2091853,4.772871017456055,42.72216389989109,23.670000000000016,49.0,1011.0,,9.7,334.0,312.8568973996644,5.800658022754917,,355.57906129955546,3.2463617581001616,,,,,,,,,,,,,,,,
740,2025-05-15 19:17:51.199223,41.3037257,2.2091853,4.772871017456055,42.72216389989109,23.670000000000016,49.0,1011.0,,9.8,333.0,311.66396420192274,5.955516528587492,,354.3861281018138,3.1728167445295012,,,,,,,,,,,,,,,,
741,2025-05-15 19:17:56.199037,41.3037257,2.2091853,4.772871017456055,42.72216389989109,23.670000000000016,49.0,1011.0,,10.4,333.0,313.5832709797738,6.5180507871205835,,356.30543487966486,3.290455811728481,,,,,,,,,,,,,,,,
742,2025-05-15 19:18:01.201145,41.3037257,2.2091853,4.772871017456055,42.72216389989109,23.670000000000016,49.0,1011.0,,9.5,334.0,312.12070502572277,5.614584999681483,,354.84286892561386,3.201139312533233,,,,,,,,,,,,,,,,
743,2025-05-15 19:18:06.200568,41.3037257,2.2091853,4.772871017456055,42.72216389989109,23.670000000000016,49.0,1011.0,,9.4,331.0,307.1156970446889,5.714953471467929,,349.83786094458,2.8800767350105043,,,,,,,,,,,,,,,,
744,2025-05-15 19:18:11.200589,41.3037257,2.2091853,4.772871017456055,42.72216389989109,23.670000000000016,49.0,1011.0,,9.3,332.0,308.22245077450367,5.557541830498205,,350.94461467439476,2.9530529912402157,,,,,,,,,,,,,,,,
745,2025-05-15 19:18:16.201101,41.3037257,2.2091853,4.772871017456055,42.72216389989109,23.670000000000016,49.0,1011.0,,9.1,333.0,308.9146004119391,5.309604507325088,,351.6367643118302,2.998133117315794,,,,,,,,,,,,,,,,
746,2025-05-15 19:18:21.200530,41.3037257,2.2091853,4.772871017456055,42.72216389989109,23.670000000000016,49.0,1011.0,,9.5,335.0,313.7026592089407,5.553574031745208,,356.4248231088318,3.2976527831702542,,,,,,,,,,,,,,,,
747,2025-05-15 19:18:26.200561,41.3037257,2.2091853,4.772871017456055,42.72216389989109,23.670000000000016,49.0,1011.0,,9.1,337.0,315.3846926997079,5.062557723671277,,358.106856599599,3.39751301840741,,,,,,,,,,,,,,,,
748,2025-05-15 19:18:31.201169,41.3037257,2.2091853,4.772871017456055,42.72216389989109,23.670000000000016,49.0,1011.0,,9.0,331.0,305.38149874341224,5.351658698221007,,348.1036626433033,2.7635779014005655,,,,,,,,,,,,,,,,
749,2025-05-15 19:18:36.199553,41.3037257,2.2091853,4.772871017456055,42.72216389989109,23.670000000000016,49.0,1011.0,,9.6,337.0,317.29322295888807,5.530464697386004,,0.015386858779152135,3.507269696525773,,,,,,,,,,,,,,,,
750,2025-05-15 19:18:41.200781,41.3037257,2.2091853,4.772871017456055,42.72216389989109,23.670000000000016,49.0,1011.0,,9.7,337.0,317.6367186334505,5.624708844174842,,0.3588825333416139,3.526613889541618,,,,,,,,,,,,,,,,
751,2025-05-15 19:18:46.200782,41.3037257,2.2091853,4.772871017456055,42.72216389989109,23.670000000000016,49.0,1011.0,,9.4,332.0,308.6313777979806,5.649197483055406,,351.35354169787166,2.9797391708423566,,,,,,,,,,,,,,,,
752,2025-05-15 19:18:51.200788,41.3037257,2.2091853,4.772871017456055,42.72216389989109,23.670000000000016,49.0,1011.0,,9.2,333.0,309.34752540159207,5.401052506787383,,352.06968930148315,3.026107784415625,,,,,,,,,,,,,,,,
753,2025-05-15 19:18:56.200229,41.3037257,2.2091853,4.772871017456055,42.72216389989109,23.670000000000016,49.0,1011.0,,9.1,337.0,315.3846926997079,5.062557723671277,,358.106856599599,3.39751301840741,,,,,,,,,,,,,,,,
754,2025-05-15 19:19:01.200793,41.3037257,2.2091853,4.772871017456055,42.72216389989109,23.670000000000016,49.0,1011.0,,9.2,336.0,314.14354826355554,5.214593024552315,,356.86571216344663,3.324106183914008,,,,,,,,,,,,,,,,
755,2025-05-15 19:19:06.199253,41.3037257,2.2091853,4.772871017456055,42.72216389989109,23.670000000000016,49.0,1011.0,,9.7,336.0,316.02098118375545,5.681702717830164,,358.74314508364654,3.4345299653264987,,,,,,,,,,,,,,,,
756,2025-05-15 19:19:11.200582,41.3037257,2.2091853,4.772871017456055,42.72216389989109,23.670000000000016,49.0,1011.0,,9.5,340.0,321.96945762404164,5.273963966791075,,4.691621523932724,3.7595067559634083,,,,,,,,,,,,,,,,
757,2025-05-15 19:19:16.199475,41.3037257,2.2091853,4.772871017456055,42.72216389989109,23.670000000000016,49.0,1011.0,,9.5,333.0,310.5623004625841,5.677127147746166,,353.2844643624752,3.1036762681140355,,,,,,,,,,,,,,,,
758,2025-05-15 19:19:21.199536,41.3037257,2.2091853,4.772871017456055,42.72216389989109,23.670000000000016,49.0,1011.0,,9.2,334.0,310.92050737839327,5.337364663501488,,353.64267127828435,3.12628448714991,,,,,,,,,,,,,,,,
759,2025-05-15 19:19:26.199498,41.3037257,2.2091853,4.772871017456055,42.72216389989109,23.670000000000016,49.0,1011.0,,9.4,340.0,321.6270241011538,5.178967296481407,,4.349188001044865,3.741865682279571,,,,,,,,,,,,,,,,
760,2025-05-15 19:19:31.199535,41.3037257,2.2091853,4.772871017456055,42.72216389989109,23.670000000000016,49.0,1011.0,,9.5,338.0,318.5912095031967,5.380431929714082,,1.3133734030877804,3.579699083981176,,,,,,,,,,,,,,,,
761,2025-05-15 19:19:36.201168,41.3037257,2.2091853,4.772871017456055,42.72216389989109,23.670000000000016,49.0,1011.0,,9.6,337.0,317.29322295888807,5.530464697386004,,0.015386858779152135,3.507269696525773,,,,,,,,,,,,,,,,
762,2025-05-15 19:19:41.201127,41.3037257,2.2091853,4.772871017456055,42.72216389989109,23.670000000000016,49.0,1011.0,,10.2,336.0,317.6117483122884,6.153983355184483,,0.3339122121794844,3.5252119327140843,,,,,,,,,,,,,,,,
763,2025-05-15 19:19:46.199598,41.3037257,2.2091853,4.772871017456055,42.72216389989109,23.670000000000016,49.0,1011.0,,9.9,333.0,312.008603700708,6.048772212535879,,354.7307676005991,3.1942066599480614,,,,,,,,,,,,,,,,
764,2025-05-15 19:19:51.198888,41.3037257,2.2091853,4.772871017456055,42.72216389989109,23.670000000000016,49.0,1011.0,,9.4,336.0,314.93347440048586,5.400730187349229,,357.65563830037695,3.3710085887529133,,,,,,,,,,,,,,,,
765,2025-05-15 19:19:56.199649,41.3037257,2.2091853,4.772871017456055,42.72216389989109,23.670000000000016,49.0,1011.0,,9.4,335.0,313.3215522271371,5.460524018810199,,356.0437161270282,3.2746289154238677,,,,,,,,,,,,,,,,
766,2025-05-15 19:20:01.201082,41.3037257,2.2091853,4.772871017456055,42.72216389989109,23.670000000000016,49.0,1011.0,,9.6,336.0,315.6706353132972,5.587825400044355,,358.3927992131883,3.4142002315466327,,,,,,,,,,,,,,,,
767,2025-05-15 19:20:06.200571,41.3037257,2.2091853,4.772871017456055,42.72216389989109,23.670000000000016,49.0,1011.0,,10.3,335.0,316.343807224502,6.305638766584047,,359.06597112439306,3.453149126370903,,,,,,,,,,,,,,,,
768,2025-05-15 19:20:11.198658,41.3037257,2.2091853,4.772871017456055,42.72216389989109,23.670000000000016,49.0,1011.0,,10.0,334.0,313.8764410159225,6.081425545413264,,356.5986049158136,3.3081031154504372,,,,,,,,,,,,,,,,
769,2025-05-15 19:20:16.199338,41.3037257,2.2091853,4.772871017456055,42.72216389989109,23.670000000000016,49.0,1011.0,,9.6,336.0,315.6706353132972,5.587825400044355,,358.3927992131883,3.4142002315466327,,,,,,,,,,,,,,,,
770,2025-05-15 19:20:21.198548,41.3037257,2.2091853,4.772871017456055,42.72216389989109,23.670000000000016,49.0,1011.0,,9.9,334.0,313.54722087448494,5.9876291030134565,,356.269384774376,3.2882798264555313,,,,,,,,,,,,,,,,
771,2025-05-15 19:20:26.198584,41.3037257,2.2091853,4.772871017456055,42.72216389989109,23.670000000000016,49.0,1011.0,,9.9,338.0,319.9137055510358,5.759234722811248,,2.6358694509268616,3.651606479216562,,,,,,,,,,,,,,,,
772,2025-05-15 19:20:31.198580,41.3037257,2.2091853,4.772871017456055,42.72216389989109,23.670000000000016,49.0,1011.0,,10.5,340.0,324.81608112947544,6.232546235117539,,7.5382450293665215,3.900899234719672,,,,,,,,,,,,,,,,
773,2025-05-15 19:20:36.198716,41.3037257,2.2091853,4.772871017456055,42.72216389989109,23.670000000000016,49.0,1011.0,,10.7,336.0,318.97487160918644,6.630330044422876,,1.6970355090775229,3.6007578380592933,,,,,,,,,,,,,,,,
774,2025-05-15 19:20:41.198702,41.3037257,2.2091853,4.772871017456055,42.72216389989109,23.670000000000016,49.0,1011.0,,10.1,336.0,317.3134518950391,6.0591714007337485,,0.03561579493020872,3.508412402899637,,,,,,,,,,,,,,,,
775,2025-05-15 19:20:46.198756,41.3037257,2.2091853,4.772871017456055,42.72216389989109,23.670000000000016,49.0,1011.0,,10.3,336.0,317.90098515894056,6.248957049644793,,0.6231490588316433,3.5414100057655493,,,,,,,,,,,,,,,,
776,2025-05-15 19:20:51.198735,41.3037257,2.2091853,4.772871017456055,42.72216389989109,23.670000000000016,49.0,1011.0,,9.8,335.0,314.7728232604028,5.834104080687072,,357.4949871602939,3.36152143362338,,,,,,,,,,,,,,,,
777,2025-05-15 19:20:56.198499,41.3037257,2.2091853,4.772871017456055,42.72216389989109,23.670000000000016,49.0,1011.0,,10.3,335.0,316.343807224502,6.305638766584047,,359.06597112439306,3.453149126370903,,,,,,,,,,,,,,,,
778,2025-05-15 19:21:01.198878,41.3037257,2.2091853,4.772871017456055,42.72216389989109,23.670000000000016,49.0,1011.0,,9.7,335.0,314.4277281889842,5.740375288970043,,357.1498920888753,3.341052793727036,,,,,,,,,,,,,,,,
779,2025-05-15 19:21:06.198840,41.3037257,2.2091853,4.772871017456055,42.72216389989109,23.670000000000016,49.0,1011.0,,10.6,336.0,318.71815669610294,6.534777993593886,,1.4403205959940237,3.586684878286812,,,,,,,,,,,,,,,,
780,2025-05-15 19:21:11.199057,41.3037257,2.2091853,4.772871017456055,42.72216389989109,23.670000000000016,49.0,1011.0,,9.9,338.0,319.9137055510358,5.759234722811248,,2.6358694509268616,3.651606479216562,,,,,,,,,,,,,,,,
781,2025-05-15 19:21:16.198655,41.3037257,2.2091853,4.772871017456055,42.72216389989109,23.670000000000016,49.0,1011.0,,10.2,336.0,317.6117483122884,6.153983355184483,,0.3339122121794844,3.5252119327140843,,,,,,,,,,,,,,,,
782,2025-05-15 19:21:21.198694,41.3037257,2.2091853,4.772871017456055,42.72216389989109,23.670000000000016,49.0,1011.0,,9.8,337.0,317.96888171128245,5.7191484850845224,,0.6910456111735357,3.54519933885613,,,,,,,,,,,,,,,,
783,2025-05-15 19:21:26.198749,41.3037257,2.2091853,4.772871017456055,42.72216389989109,23.670000000000016,49.0,1011.0,,9.6,338.0,318.93897865183794,5.4748499487039615,,1.6611425517290286,3.5987945477147236,,,,,,,,,,,,,,,,
784,2025-05-15 19:21:31.198585,41.3037257,2.2091853,4.772871017456055,42.72216389989109,23.670000000000016,49.0,1011.0,,9.9,338.0,319.9137055510358,5.759234722811248,,2.6358694509268616,3.651606479216562,,,,,,,,,,,,,,,,
785,2025-05-15 19:21:36.199183,41.3037257,2.2091853,4.772871017456055,42.72216389989109,23.670000000000016,49.0,1011.0,,9.9,338.0,319.9137055510358,5.759234722811248,,2.6358694509268616,3.651606479216562,,,,,,,,,,,,,,,,
786,2025-05-15 19:21:41.199624,41.3037257,2.2091853,4.772871017456055,42.72216389989109,23.670000000000016,49.0,1011.0,,9.5,337.0,316.93783066642646,5.436426211798249,,359.65999456631755,3.4871228650282258,,,,,,,,,,,,,,,,
787,2025-05-15 19:21:46.199135,41.3037257,2.2091853,4.772871017456055,42.72216389989109,23.670000000000016,49.0,1011.0,,9.4,337.0,316.56994164861203,5.342604247333053,,359.2921055485031,3.4661262927714187,,,,,,,,,,,,,,,,
788,2025-05-15 19:21:51.198737,41.3037257,2.2091853,4.772871017456055,42.72216389989109,23.670000000000016,49.0,1011.0,,10.1,333.0,312.6669001801528,6.235910646640235,,355.3890640800439,3.234741719686351,,,,,,,,,,,,,,,,
789,2025-05-15 19:21:56.198751,41.3037257,2.2091853,4.772871017456055,42.72216389989109,23.670000000000016,49.0,1011.0,,9.7,334.0,312.8568973996644,5.800658022754917,,355.57906129955546,3.2463617581001616,,,,,,,,,,,,,,,,
790,2025-05-15 19:22:01.198561,41.3037257,2.2091853,4.772871017456055,42.72216389989109,23.670000000000016,49.0,1011.0,,9.5,336.0,315.3083305306436,5.494164142884979,,358.0304944305347,3.3930422947090233,,,,,,,,,,,,,,,,
791,2025-05-15 19:22:06.198933,41.3037257,2.2091853,4.772871017456055,42.72216389989109,23.670000000000016,49.0,1011.0,,9.4,339.0,319.9167479432849,5.231648812709826,,2.638911843176004,3.6517696732981246,,,,,,,,,,,,,,,,
792,2025-05-15 19:22:11.198789,41.3037257,2.2091853,4.772871017456055,42.72216389989109,23.670000000000016,49.0,1011.0,,10.0,337.0,318.60130070414596,5.908576733855308,,1.3234646040370421,3.580255037431469,,,,,,,,,,,,,,,,
793,2025-05-15 19:22:16.198783,41.3037257,2.2091853,4.772871017456055,42.72216389989109,23.670000000000016,49.0,1011.0,,10.1,335.0,315.74448871479717,6.116482348744611,,358.46665261468826,3.4184964121417543,,,,,,,,,,,,,,,,
794,2025-05-15 19:22:21.198673,41.3037257,2.2091853,4.772871017456055,42.72216389989109,23.670000000000016,49.0,1011.0,,10.2,334.0,314.50527819921297,6.269593722300324,,357.22744209910405,3.345663105633267,,,,,,,,,,,,,,,,
795,2025-05-15 19:22:26.199031,41.3037257,2.2091853,4.772871017456055,42.72216389989109,23.670000000000016,49.0,1011.0,,9.7,337.0,317.6367186334505,5.624708844174842,,0.3588825333416139,3.526613889541618,,,,,,,,,,,,,,,,
796,2025-05-15 19:22:31.198734,41.3037257,2.2091853,4.772871017456055,42.72216389989109,23.670000000000016,49.0,1011.0,,10.2,338.0,320.7964719972914,6.04512921483452,,3.5186358971824916,3.698524335670983,,,,,,,,,,,,,,,,
797,2025-05-15 19:22:36.199091,41.3037257,2.2091853,4.772871017456055,42.72216389989109,23.670000000000016,49.0,1011.0,,9.3,337.0,316.18891697149024,5.24901041444151,,358.91108087138133,3.444229394204755,,,,,,,,,,,,,,,,
798,2025-05-15 19:22:41.199015,41.3037257,2.2091853,4.772871017456055,42.72216389989109,23.670000000000016,49.0,1011.0,,10.1,334.0,314.1956498330256,6.175416670440658,,356.91781373291667,3.327219310874399,,,,,,,,,,,,,,,,
799,2025-05-15 19:22:46.198692,41.3037257,2.2091853,4.772871017456055,42.72216389989109,23.670000000000016,49.0,1011.0,,9.7,332.0,309.7819913858552,5.925783932698369,,352.50415528574626,3.054008334153028,,,,,,,,,,,,,,,,
800,2025-05-15 19:22:51.198923,41.3037257,2.2091853,4.772871017456055,42.72216389989109,23.670000000000016,49.0,1011.0,,9.4,335.0,313.3215522271371,5.460524018810199,,356.0437161270282,3.2746289154238677,,,,,,,,,,,,,,,,
801,2025-05-15 19:22:56.199185,41.3037257,2.2091853,4.772871017456055,42.72216389989109,23.670000000000016,49.0,1011.0,,9.5,337.0,316.93783066642646,5.436426211798249,,359.65999456631755,3.4871228650282258,,,,,,,,,,,,,,,,
802,2025-05-15 19:23:01.198424,41.3037257,2.2091853,4.772871017456055,42.72216389989109,23.670000000000016,49.0,1011.0,,9.2,341.0,322.65853237051897,4.938023365669374,,5.380696270410056,3.7945980320155224,,,,,,,,,,,,,,,,
803,2025-05-15 19:23:06.198669,41.3037257,2.2091853,4.772871017456055,42.72216389989109,23.670000000000016,49.0,1011.0,,9.9,335.0,315.1069936105716,5.9280378195791865,,357.82915751046266,3.3812258862421163,,,,,,,,,,,,,,,,
804,2025-05-15 19:23:11.198594,41.3037257,2.2091853,4.772871017456055,42.72216389989109,23.670000000000016,49.0,1011.0,,9.4,337.0,316.56994164861203,5.342604247333053,,359.2921055485031,3.4661262927714187,,,,,,,,,,,,,,,,
805,2025-05-15 19:23:16.198946,41.3037257,2.2091853,4.772871017456055,42.72216389989109,23.670000000000016,49.0,1011.0,,9.2,335.0,312.5190936991771,5.2751870704137005,,355.2412575990682,3.2256774185070882,,,,,,,,,,,,,,,,
806,2025-05-15 19:23:21.198546,41.3037257,2.2091853,4.772871017456055,42.72216389989109,23.670000000000016,49.0,1011.0,,9.3,332.0,308.22245077450367,5.557541830498205,,350.94461467439476,2.9530529912402157,,,,,,,,,,,,,,,,
807,2025-05-15 19:23:26.199099,41.3037257,2.2091853,4.772871017456055,42.72216389989109,23.670000000000016,49.0,1011.0,,9.8,339.0,321.2522273315601,5.611190794426253,,3.974391231451193,3.722404178518528,,,,,,,,,,,,,,,,
808,2025-05-15 19:23:31.198844,41.3037257,2.2091853,4.772871017456055,42.72216389989109,23.670000000000016,49.0,1011.0,,10.2,335.0,316.04871103801753,6.210975630975864,,358.7708749379086,3.4361335881980977,,,,,,,,,,,,,,,,
809,2025-05-15 19:23:36.199100,41.3037257,2.2091853,4.772871017456055,42.72216389989109,23.670000000000016,49.0,1011.0,,10.3,336.0,317.90098515894056,6.248957049644793,,0.6231490588316433,3.5414100057655493,,,,,,,,,,,,,,,,
810,2025-05-15 19:23:41.198819,41.3037257,2.2091853,4.772871017456055,42.72216389989109,23.670000000000016,49.0,1011.0,,9.8,335.0,314.7728232604028,5.834104080687072,,357.4949871602939,3.36152143362338,,,,,,,,,,,,,,,,
811,2025-05-15 19:23:46.198696,41.3037257,2.2091853,4.772871017456055,42.72216389989109,23.670000000000016,49.0,1011.0,,9.7,338.0,319.2749441701041,5.569462826104581,,1.9971080699951926,3.617115989222568,,,,,,,,,,,,,,,,
812,2025-05-15 19:23:51.198668,41.3037257,2.2091853,4.772871017456055,42.72216389989109,23.670000000000016,49.0,1011.0,,9.6,335.0,314.07119007809825,5.646861649814553,,356.79335397798934,3.319778142591199,,,,,,,,,,,,,,,,
813,2025-05-15 19:23:56.198714,41.3037257,2.2091853,4.772871017456055,42.72216389989109,23.670000000000016,49.0,1011.0,,9.5,340.0,321.96945762404164,5.273963966791075,,4.691621523932724,3.7595067559634083,,,,,,,,,,,,,,,,
814,2025-05-15 19:24:01.198890,41.3037257,2.2091853,4.772871017456055,42.72216389989109,23.670000000000016,49.0,1011.0,,9.4,334.0,311.7340351695768,5.521913647414005,,354.4561990694679,3.1771749941855103,,,,,,,,,,,,,,,,
815,2025-05-15 19:24:06.198434,41.3037257,2.2091853,4.772871017456055,42.72216389989109,23.670000000000016,49.0,1011.0,,9.6,336.0,315.6706353132972,5.587825400044355,,358.3927992131883,3.4142002315466327,,,,,,,,,,,,,,,,
816,2025-05-15 19:24:11.198216,41.3037257,2.2091853,4.772871017456055,42.72216389989109,23.670000000000016,49.0,1011.0,,10.2,337.0,319.1943616983568,6.098680074021581,,1.9165255982478584,3.6127328430594434,,,,,,,,,,,,,,,,
817,2025-05-15 19:24:16.198474,41.3037257,2.2091853,4.772871017456055,42.72216389989109,23.670000000000016,49.0,1011.0,,10.1,339.0,322.1406879307487,5.897622127213499,,4.862851830639784,3.7682776665389928,,,,,,,,,,,,,,,,
818,2025-05-15 19:24:21.199156,41.3037257,2.2091853,4.772871017456055,42.72216389989109,23.670000000000016,49.0,1011.0,,9.5,338.0,318.5912095031967,5.380431929714082,,1.3133734030877804,3.579699083981176,,,,,,,,,,,,,,,,
819,2025-05-15 19:24:26.199042,41.3037257,2.2091853,4.772871017456055,42.72216389989109,23.670000000000016,49.0,1011.0,,9.5,339.0,320.26844909861404,5.326253609011648,,2.990612998505128,3.6705654305554143,,,,,,,,,,,,,,,,
820,2025-05-15 19:24:31.198550,41.3037257,2.2091853,4.772871017456055,42.72216389989109,23.670000000000016,49.0,1011.0,,9.7,338.0,319.2749441701041,5.569462826104581,,1.9971080699951926,3.617115989222568,,,,,,,,,,,,,,,,
821,2025-05-15 19:24:36.198924,41.3037257,2.2091853,4.772871017456055,42.72216389989109,23.670000000000016,49.0,1011.0,,9.5,333.0,310.5623004625841,5.677127147746166,,353.2844643624752,3.1036762681140355,,,,,,,,,,,,,,,,
822,2025-05-15 19:24:41.199280,41.3037257,2.2091853,4.772871017456055,42.72216389989109,23.670000000000016,49.0,1011.0,,9.8,335.0,314.7728232604028,5.834104080687072,,357.4949871602939,3.36152143362338,,,,,,,,,,,,,,,,
823,2025-05-15 19:24:46.198717,41.3037257,2.2091853,4.772871017456055,42.72216389989109,23.670000000000016,49.0,1011.0,,9.8,336.0,316.3599256878389,5.7757855609619355,,359.08208958772997,3.454075898713447,,,,,,,,,,,,,,,,
824,2025-05-15 19:24:51.199183,41.3037257,2.2091853,4.772871017456055,42.72216389989109,23.670000000000016,49.0,1011.0,,9.5,335.0,313.7026592089407,5.553574031745208,,356.4248231088318,3.2976527831702542,,,,,,,,,,,,,,,,
825,2025-05-15 19:24:56.198602,41.3037257,2.2091853,4.772871017456055,42.72216389989109,23.670000000000016,49.0,1011.0,,9.4,333.0,310.17072628194296,5.5848280631375875,,352.89289018183405,3.0788233198175403,,,,,,,,,,,,,,,,
826,2025-05-15 19:25:01.198475,41.3037257,2.2091853,4.772871017456055,42.72216389989109,23.670000000000016,49.0,1011.0,,9.5,333.0,310.5623004625841,5.677127147746166,,353.2844643624752,3.1036762681140355,,,,,,,,,,,,,,,,
827,2025-05-15 19:25:06.198825,41.3037257,2.2091853,4.772871017456055,42.72216389989109,23.670000000000016,49.0,1011.0,,9.6,336.0,315.6706353132972,5.587825400044355,,358.3927992131883,3.4142002315466327,,,,,,,,,,,,,,,,
828,2025-05-15 19:25:11.198756,41.3037257,2.2091853,4.772871017456055,42.72216389989109,23.670000000000016,49.0,1011.0,,9.8,339.0,321.2522273315601,5.611190794426253,,3.974391231451193,3.722404178518528,,,,,,,,,,,,,,,,
829,2025-05-15 19:25:16.198537,41.3037257,2.2091853,4.772871017456055,42.72216389989109,23.670000000000016,49.0,1011.0,,9.8,338.0,319.59967499960646,5.664260797482563,,2.32183889949755,3.6347065699314585,,,,,,,,,,,,,,,,
830,2025-05-15 19:25:21.198499,41.3037257,2.2091853,4.772871017456055,42.72216389989109,23.670000000000016,49.0,1011.0,,10.1,336.0,317.3134518950391,6.0591714007337485,,0.03561579493020872,3.508412402899637,,,,,,,,,,,,,,,,
831,2025-05-15 19:25:26.199096,41.3037257,2.2091853,4.772871017456055,42.72216389989109,23.670000000000016,49.0,1011.0,,10.4,335.0,316.63016688336313,6.400464219157791,,359.3523307832542,3.469573339467318,,,,,,,,,,,,,,,,
832,2025-05-15 19:25:31.198791,41.3037257,2.2091853,4.772871017456055,42.72216389989109,23.670000000000016,49.0,1011.0,,9.8,336.0,316.3599256878389,5.7757855609619355,,359.08208958772997,3.454075898713447,,,,,,,,,,,,,,,,
833,2025-05-15 19:25:36.198847,41.3037257,2.2091853,4.772871017456055,42.72216389989109,23.670000000000016,49.0,1011.0,,10.5,335.0,316.9081586401383,6.495444879820843,,359.6303225400294,3.485434708606601,,,,,,,,,,,,,,,,
834,2025-05-15 19:25:41.199182,41.3037257,2.2091853,4.772871017456055,42.72216389989109,23.670000000000016,49.0,1011.0,,10.1,337.0,318.90252602389467,6.003548020342814,,1.624689923785752,3.5967991987261385,,,,,,,,,,,,,,,,
835,2025-05-15 19:25:46.198640,41.3037257,2.2091853,4.772871017456055,42.72216389989109,23.670000000000016,49.0,1011.0,,10.1,335.0,315.74448871479717,6.116482348744611,,358.46665261468826,3.4184964121417543,,,,,,,,,,,,,,,,
836,2025-05-15 19:25:51.199052,41.3037257,2.2091853,4.772871017456055,42.72216389989109,23.670000000000016,49.0,1011.0,,10.0,337.0,318.60130070414596,5.908576733855308,,1.3234646040370421,3.580255037431469,,,,,,,,,,,,,,,,
837,2025-05-15 19:25:56.198262,41.3037257,2.2091853,4.772871017456055,42.72216389989109,23.670000000000016,49.0,1011.0,,9.2,338.0,317.47081509122035,5.098455169821131,,0.19297899111143124,3.517286701307841,,,,,,,,,,,,,,,,
838,2025-05-15 19:26:01.198518,41.3037257,2.2091853,4.772871017456055,42.72216389989109,23.670000000000016,49.0,1011.0,,10.5,338.0,321.59934001805726,6.332328944050266,,4.321503917948348,3.7404336393153033,,,,,,,,,,,,,,,,
839,2025-05-15 19:26:06.198536,41.3037257,2.2091853,4.772871017456055,42.72216389989109,23.670000000000016,49.0,1011.0,,10.1,335.0,315.74448871479717,6.116482348744611,,358.46665261468826,3.4184964121417543,,,,,,,,,,,,,,,,
840,2025-05-15 19:26:11.198683,41.3037257,2.2091853,4.772871017456055,42.72216389989109,23.670000000000016,49.0,1011.0,,10.0,337.0,318.60130070414596,5.908576733855308,,1.3234646040370421,3.580255037431469,,,,,,,,,,,,,,,,
841,2025-05-15 19:26:16.198903,41.3037257,2.2091853,4.772871017456055,42.72216389989109,23.670000000000016,49.0,1011.0,,9.8,338.0,319.59967499960646,5.664260797482563,,2.32183889949755,3.6347065699314585,,,,,,,,,,,,,,,,
842,2025-05-15 19:26:21.198793,41.3037257,2.2091853,4.772871017456055,42.72216389989109,23.670000000000016,49.0,1011.0,,9.7,334.0,312.8568973996644,5.800658022754917,,355.57906129955546,3.2463617581001616,,,,,,,,,,,,,,,,
843,2025-05-15 19:26:26.198398,41.3037257,2.2091853,4.772871017456055,42.72216389989109,23.670000000000016,49.0,1011.0,,10.6,335.0,317.17813146575526,6.590574038189873,,359.90029536564634,3.500760011986694,,,,,,,,,,,,,,,,
844,2025-05-15 19:26:31.198822,41.3037257,2.2091853,4.772871017456055,42.72216389989109,23.670000000000016,49.0,1011.0,,10.0,337.0,318.60130070414596,5.908576733855308,,1.3234646040370421,3.580255037431469,,,,,,,,,,,,,,,,
845,2025-05-15 19:26:36.198600,41.3037257,2.2091853,4.772871017456055,42.72216389989109,23.670000000000016,49.0,1011.0,,9.7,339.0,320.93559758585553,5.516034256916147,,3.6577614857466187,3.7058388711051924,,,,,,,,,,,,,,,,
846,2025-05-15 19:26:41.198734,41.3037257,2.2091853,4.772871017456055,42.72216389989109,23.670000000000016,49.0,1011.0,,9.8,340.0,322.9263937951974,5.560006917079407,,5.648557695088471,3.8080910657392564,,,,,,,,,,,,,,,,
847,2025-05-15 19:26:46.198712,41.3037257,2.2091853,4.772871017456055,42.72216389989109,23.670000000000016,49.0,1011.0,,9.6,335.0,314.07119007809825,5.646861649814553,,356.79335397798934,3.319778142591199,,,,,,,,,,,,,,,,
848,2025-05-15 19:26:51.198410,41.3037257,2.2091853,4.772871017456055,42.72216389989109,23.670000000000016,49.0,1011.0,,9.9,337.0,318.2902426554833,5.813774093233278,,1.0124065553744117,3.563066983613802,,,,,,,,,,,,,,,,
849,2025-05-15 19:26:56.198422,41.3037257,2.2091853,4.772871017456055,42.72216389989109,23.670000000000016,49.0,1011.0,,9.9,337.0,318.2902426554833,5.813774093233278,,1.0124065553744117,3.563066983613802,,,,,,,,,,,,,,,,
850,2025-05-15 19:27:01.198555,41.3037257,2.2091853,4.772871017456055,42.72216389989109,23.670000000000016,49.0,1011.0,,9.9,336.0,316.6879938631181,5.870064047234429,,359.4101577630092,3.4728795123881793,,,,,,,,,,,,,,,,
851,2025-05-15 19:27:06.198685,41.3037257,2.2091853,4.772871017456055,42.72216389989109,23.670000000000016,49.0,1011.0,,9.7,338.0,319.2749441701041,5.569462826104581,,1.9971080699951926,3.617115989222568,,,,,,,,,,,,,,,,
852,2025-05-15 19:27:11.198735,41.3037257,2.2091853,4.772871017456055,42.72216389989109,23.670000000000016,49.0,1011.0,,9.6,341.0,324.0144895266343,5.319192062253549,,6.736653426525379,3.8620431049241057,,,,,,,,,,,,,,,,
853,2025-05-15 19:27:16.199017,41.3037257,2.2091853,4.772871017456055,42.72216389989109,23.670000000000016,49.0,1011.0,,9.6,335.0,314.07119007809825,5.646861649814553,,356.79335397798934,3.319778142591199,,,,,,,,,,,,,,,,
854,2025-05-15 19:27:21.198734,41.3037257,2.2091853,4.772871017456055,42.72216389989109,23.670000000000016,49.0,1011.0,,9.7,335.0,314.4277281889842,5.740375288970043,,357.1498920888753,3.341052793727036,,,,,,,,,,,,,,,,
855,2025-05-15 19:27:26.198785,41.3037257,2.2091853,4.772871017456055,42.72216389989109,23.670000000000016,49.0,1011.0,,9.4,339.0,319.9167479432849,5.231648812709826,,2.638911843176004,3.6517696732981246,,,,,,,,,,,,,,,,
856,2025-05-15 19:27:31.198840,41.3037257,2.2091853,4.772871017456055,42.72216389989109,23.670000000000016,49.0,1011.0,,10.2,338.0,320.7964719972914,6.04512921483452,,3.5186358971824916,3.698524335670983,,,,,,,,,,,,,,,,
857,2025-05-15 19:27:36.198734,41.3037257,2.2091853,4.772871017456055,42.72216389989109,23.670000000000016,49.0,1011.0,,9.9,336.0,316.6879938631181,5.870064047234429,,359.4101577630092,3.4728795123881793,,,,,,,,,,,,,,,,
858,2025-05-15 19:27:41.198769,41.3037257,2.2091853,4.772871017456055,42.72216389989109,23.670000000000016,49.0,1011.0,,10.0,336.0,317.00568044270204,5.964528899339167,,359.72784434259313,3.4909795863584407,,,,,,,,,,,,,,,,
859,2025-05-15 19:27:46.198628,41.3037257,2.2091853,4.772871017456055,42.72216389989109,23.670000000000016,49.0,1011.0,,9.4,337.0,316.56994164861203,5.342604247333053,,359.2921055485031,3.4661262927714187,,,,,,,,,,,,,,,,
860,2025-05-15 19:27:51.198715,41.3037257,2.2091853,4.772871017456055,42.72216389989109,23.670000000000016,49.0,1011.0,,9.8,333.0,311.66396420192274,5.955516528587492,,354.3861281018138,3.1728167445295012,,,,,,,,,,,,,,,,
861,2025-05-15 19:27:56.198753,41.3037257,2.2091853,4.772871017456055,42.72216389989109,23.670000000000016,49.0,1011.0,,9.5,334.0,312.12070502572277,5.614584999681483,,354.84286892561386,3.201139312533233,,,,,,,,,,,,,,,,
862,2025-05-15 19:28:01.199137,41.3037257,2.2091853,4.772871017456055,42.72216389989109,23.670000000000016,49.0,1011.0,,9.7,337.0,317.6367186334505,5.624708844174842,,0.3588825333416139,3.526613889541618,,,,,,,,,,,,,,,,
863,2025-05-15 19:28:06.199183,41.3037257,2.2091853,4.772871017456055,42.72216389989109,23.670000000000016,49.0,1011.0,,9.5,336.0,315.3083305306436,5.494164142884979,,358.0304944305347,3.3930422947090233,,,,,,,,,,,,,,,,
864,2025-05-15 19:28:11.199278,41.3037257,2.2091853,4.772871017456055,42.72216389989109,23.670000000000016,49.0,1011.0,,9.3,336.0,314.5454370249705,5.307535537716863,,357.2676009248616,3.3480481208316752,,,,,,,,,,,,,,,,
865,2025-05-15 19:28:16.199063,41.3037257,2.2091853,4.772871017456055,42.72216389989109,23.670000000000016,49.0,1011.0,,9.8,338.0,319.59967499960646,5.664260797482563,,2.32183889949755,3.6347065699314585,,,,,,,,,,,,,,,,
866,2025-05-15 19:28:21.199043,41.3037257,2.2091853,4.772871017456055,42.72216389989109,23.670000000000016,49.0,1011.0,,9.9,334.0,313.54722087448494,5.9876291030134565,,356.269384774376,3.2882798264555313,,,,,,,,,,,,,,,,
867,2025-05-15 19:28:26.199714,41.3037257,2.2091853,4.772871017456055,42.72216389989109,23.670000000000016,49.0,1011.0,,9.8,338.0,319.59967499960646,5.664260797482563,,2.32183889949755,3.6347065699314585,,,,,,,,,,,,,,,,
868,2025-05-15 19:28:31.198813,41.3037257,2.2091853,4.772871017456055,42.72216389989109,23.670000000000016,49.0,1011.0,,9.7,337.0,317.6367186334505,5.624708844174842,,0.3588825333416139,3.526613889541618,,,,,,,,,,,,,,,,
869,2025-05-15 19:28:36.199172,41.3037257,2.2091853,4.772871017456055,42.72216389989109,23.670000000000016,49.0,1011.0,,9.8,336.0,316.3599256878389,5.7757855609619355,,359.08208958772997,3.454075898713447,,,,,,,,,,,,,,,,
870,2025-05-15 19:28:41.198440,41.3037257,2.2091853,4.772871017456055,42.72216389989109,23.670000000000016,49.0,1011.0,,9.5,336.0,315.3083305306436,5.494164142884979,,358.0304944305347,3.3930422947090233,,,,,,,,,,,,,,,,
871,2025-05-15 19:28:46.198910,41.3037257,2.2091853,4.772871017456055,42.72216389989109,23.670000000000016,49.0,1011.0,,10.0,334.0,313.8764410159225,6.081425545413264,,356.5986049158136,3.3081031154504372,,,,,,,,,,,,,,,,
872,2025-05-15 19:28:51.198940,41.3037257,2.2091853,4.772871017456055,42.72216389989109,23.670000000000016,49.0,1011.0,,9.8,334.0,313.2075337274642,5.894036637662035,,355.92969762735527,3.267712497619057,,,,,,,,,,,,,,,,
873,2025-05-15 19:28:56.198626,41.3037257,2.2091853,4.772871017456055,42.72216389989109,23.670000000000016,49.0,1011.0,,9.8,338.0,319.59967499960646,5.664260797482563,,2.32183889949755,3.6347065699314585,,,,,,,,,,,,,,,,
874,2025-05-15 19:29:01.198514,41.3037257,2.2091853,4.772871017456055,42.72216389989109,23.670000000000016,49.0,1011.0,,9.9,336.0,316.6879938631181,5.870064047234429,,359.4101577630092,3.4728795123881793,,,,,,,,,,,,,,,,
875,2025-05-15 19:29:06.198391,41.3037257,2.2091853,4.772871017456055,42.72216389989109,23.670000000000016,49.0,1011.0,,10.0,339.0,321.8542838611201,5.801992635932661,,4.576447761011195,3.7535883304606634,,,,,,,,,,,,,,,,
876,2025-05-15 19:29:11.198461,41.3037257,2.2091853,4.772871017456055,42.72216389989109,23.670000000000016,49.0,1011.0,,9.5,332.0,309.02722794438347,5.741131700926372,,351.74939184427456,3.0054274001219987,,,,,,,,,,,,,,,,
877,2025-05-15 19:29:16.198406,41.3037257,2.2091853,4.772871017456055,42.72216389989109,23.670000000000016,49.0,1011.0,,9.7,335.0,314.4277281889842,5.740375288970043,,357.1498920888753,3.341052793727036,,,,,,,,,,,,,,,,
878,2025-05-15 19:29:21.198824,41.3037257,2.2091853,4.772871017456055,42.72216389989109,23.670000000000016,49.0,1011.0,,9.7,335.0,314.4277281889842,5.740375288970043,,357.1498920888753,3.341052793727036,,,,,,,,,,,,,,,,
879,2025-05-15 19:29:26.198578,41.3037257,2.2091853,4.772871017456055,42.72216389989109,23.670000000000016,49.0,1011.0,,9.6,336.0,315.6706353132972,5.587825400044355,,358.3927992131883,3.4142002315466327,,,,,,,,,,,,,,,,
880,2025-05-15 19:29:31.199037,41.3037257,2.2091853,4.772871017456055,42.72216389989109,23.670000000000016,49.0,1011.0,,9.6,334.0,312.49480141017057,5.707503754514728,,355.21696531006165,3.22418562701914,,,,,,,,,,,,,,,,
881,2025-05-15 19:29:36.198475,41.3037257,2.2091853,4.772871017456055,42.72216389989109,23.670000000000016,49.0,1011.0,,10.0,337.0,318.60130070414596,5.908576733855308,,1.3234646040370421,3.580255037431469,,,,,,,,,,,,,,,,
882,2025-05-15 19:29:41.198575,41.3037257,2.2091853,4.772871017456055,42.72216389989109,23.670000000000016,49.0,1011.0,,9.9,337.0,318.2902426554833,5.813774093233278,,1.0124065553744117,3.563066983613802,,,,,,,,,,,,,,,,
883,2025-05-15 19:29:46.199577,41.3037257,2.2091853,4.772871017456055,42.72216389989109,23.670000000000016,49.0,1011.0,,9.9,333.0,312.008603700708,6.048772212535879,,354.7307676005991,3.1942066599480614,,,,,,,,,,,,,,,,
884,2025-05-15 19:29:51.198809,41.3037257,2.2091853,4.772871017456055,42.72216389989109,23.670000000000016,49.0,1011.0,,9.5,335.0,313.7026592089407,5.553574031745208,,356.4248231088318,3.2976527831702542,,,,,,,,,,,,,,,,
885,2025-05-15 19:29:56.198842,41.3037257,2.2091853,4.772871017456055,42.72216389989109,23.670000000000016,49.0,1011.0,,9.1,337.0,315.3846926997079,5.062557723671277,,358.106856599599,3.39751301840741,,,,,,,,,,,,,,,,
886,2025-05-15 19:30:01.198631,41.3037257,2.2091853,4.772871017456055,42.72216389989109,23.670000000000016,49.0,1011.0,,9.2,334.0,310.92050737839327,5.337364663501488,,353.64267127828435,3.12628448714991,,,,,,,,,,,,,,,,
887,2025-05-15 19:30:06.199105,41.3037257,2.2091853,4.772871017456055,42.72216389989109,23.670000000000016,49.0,1011.0,,9.2,336.0,314.14354826355554,5.214593024552315,,356.86571216344663,3.324106183914008,,,,,,,,,,,,,,,,
888,2025-05-15 19:30:11.198897,41.3037257,2.2091853,4.772871017456055,42.72216389989109,23.670000000000016,49.0,1011.0,,9.7,336.0,316.02098118375545,5.681702717830164,,358.74314508364654,3.4345299653264987,,,,,,,,,,,,,,,,
889,2025-05-15 19:30:16.198637,41.3037257,2.2091853,4.772871017456055,42.72216389989109,23.670000000000016,49.0,1011.0,,9.4,334.0,311.7340351695768,5.521913647414005,,354.4561990694679,3.1771749941855103,,,,,,,,,,,,,,,,
890,2025-05-15 19:30:21.198498,41.3037257,2.2091853,4.772871017456055,42.72216389989109,23.670000000000016,49.0,1011.0,,9.4,337.0,316.56994164861203,5.342604247333053,,359.2921055485031,3.4661262927714187,,,,,,,,,,,,,,,,
891,2025-05-15 19:30:26.199184,41.3037257,2.2091853,4.772871017456055,42.72216389989109,23.670000000000016,49.0,1011.0,,9.6,334.0,312.49480141017057,5.707503754514728,,355.21696531006165,3.22418562701914,,,,,,,,,,,,,,,,
892,2025-05-15 19:30:31.198551,41.3037257,2.2091853,4.772871017456055,42.72216389989109,23.670000000000016,49.0,1011.0,,9.0,337.0,314.95999310408695,4.969726440438935,,357.68215700397803,3.3725720881901737,,,,,,,,,,,,,,,,
893,2025-05-15 19:30:36.198338,41.3037257,2.2091853,4.772871017456055,42.72216389989109,23.670000000000016,49.0,1011.0,,8.6,339.0,316.5722057400758,4.4832492274773825,,359.2943696399669,3.4662559494310585,,,,,,,,,,,,,,,,
894,2025-05-15 19:30:41.198814,41.3037257,2.2091853,4.772871017456055,42.72216389989109,23.670000000000016,49.0,1011.0,,9.1,340.0,320.52016829786874,4.895173261802262,,3.242332197759822,3.6839330355372715,,,,,,,,,,,,,,,,
895,2025-05-15 19:30:46.198961,41.3037257,2.2091853,4.772871017456055,42.72216389989109,23.670000000000016,49.0,1011.0,,9.0,335.0,311.65837871836095,5.090960095671215,,354.38054261825204,3.1724691362712854,,,,,,,,,,,,,,,,
896,2025-05-15 19:30:51.198433,41.3037257,2.2091853,4.772871017456055,42.72216389989109,23.670000000000016,49.0,1011.0,,10.1,334.0,314.1956498330256,6.175416670440658,,356.91781373291667,3.327219310874399,,,,,,,,,,,,,,,,
897,2025-05-15 19:30:56.198584,41.3037257,2.2091853,4.772871017456055,42.72216389989109,23.670000000000016,49.0,1011.0,,9.3,336.0,314.5454370249705,5.307535537716863,,357.2676009248616,3.3480481208316752,,,,,,,,,,,,,,,,
898,2025-05-15 19:31:01.198762,41.3037257,2.2091853,4.772871017456055,42.72216389989109,23.670000000000016,49.0,1011.0,,8.8,336.0,312.3824930021884,4.8456339236511115,,355.1046569020795,3.2172812288300467,,,,,,,,,,,,,,,,
899,2025-05-15 19:31:06.198630,41.3037257,2.2091853,4.772871017456055,42.72216389989109,23.670000000000016,49.0,1011.0,,8.6,335.0,309.7367653261644,4.726354497012494,,352.4589292260555,3.05111216663161,,,,,,,,,,,,,,,,
900,2025-05-15 19:31:11.198837,41.3037257,2.2091853,4.772871017456055,42.72216389989109,23.670000000000016,49.0,1011.0,,8.6,339.0,316.5722057400758,4.4832492274773825,,359.2943696399669,3.4662559494310585,,,,,,,,,,,,,,,,
901,2025-05-15 19:31:16.198741,41.3037257,2.2091853,4.772871017456055,42.72216389989109,23.670000000000016,49.0,1011.0,,9.0,338.0,316.6526219242583,4.911657225173785,,359.3747858241494,3.470857593479541,,,,,,,,,,,,,,,,
902,2025-05-15 19:31:21.198926,41.3037257,2.2091853,4.772871017456055,42.72216389989109,23.670000000000016,49.0,1011.0,,9.4,336.0,314.93347440048586,5.400730187349229,,357.65563830037695,3.3710085887529133,,,,,,,,,,,,,,,,
903,2025-05-15 19:31:26.198671,41.3037257,2.2091853,4.772871017456055,42.72216389989109,23.670000000000016,49.0,1011.0,,9.2,338.0,317.47081509122035,5.098455169821131,,0.19297899111143124,3.517286701307841,,,,,,,,,,,,,,,,
904,2025-05-15 19:31:31.198968,41.3037257,2.2091853,4.772871017456055,42.72216389989109,23.670000000000016,49.0,1011.0,,9.6,339.0,320.6078622068647,5.421052085664837,,3.3300261067557813,3.688573352854285,,,,,,,,,,,,,,,,
905,2025-05-15 19:31:36.198852,41.3037257,2.2091853,4.772871017456055,42.72216389989109,23.670000000000016,49.0,1011.0,,9.5,336.0,315.3083305306436,5.494164142884979,,358.0304944305347,3.3930422947090233,,,,,,,,,,,,,,,,
906,2025-05-15 19:31:41.198787,41.3037257,2.2091853,4.772871017456055,42.72216389989109,23.670000000000016,49.0,1011.0,,9.3,339.0,319.5521071307956,5.137248396909255,,2.274271030686691,3.632137116596626,,,,,,,,,,,,,,,,
907,2025-05-15 19:31:46.198938,41.3037257,2.2091853,4.772871017456055,42.72216389989109,23.670000000000016,49.0,1011.0,,9.1,339.0,318.7811732304508,4.949107462521283,,1.5033371303418903,3.590146086365301,,,,,,,,,,,,,,,,
908,2025-05-15 19:31:51.198357,41.3037257,2.2091853,4.772871017456055,42.72216389989109,23.670000000000016,49.0,1011.0,,9.7,337.0,317.6367186334505,5.624708844174842,,0.3588825333416139,3.526613889541618,,,,,,,,,,,,,,,,
909,2025-05-15 19:31:56.198678,41.3037257,2.2091853,4.772871017456055,42.72216389989109,23.670000000000016,49.0,1011.0,,9.3,337.0,316.18891697149024,5.24901041444151,,358.91108087138133,3.444229394204755,,,,,,,,,,,,,,,,
910,2025-05-15 19:32:01.199375,41.3037257,2.2091853,4.772871017456055,42.72216389989109,23.670000000000016,49.0,1011.0,,9.0,339.0,318.37333875862066,4.855392514267244,,1.095502658511748,3.567668904349546,,,,,,,,,,,,,,,,
911,2025-05-15 19:32:06.198831,41.3037257,2.2091853,4.772871017456055,42.72216389989109,23.670000000000016,49.0,1011.0,,9.3,338.0,317.8577956173792,5.192222966053446,,0.5799595172703107,3.5389969924046683,,,,,,,,,,,,,,,,
912,2025-05-15 19:32:11.198955,41.3037257,2.2091853,4.772871017456055,42.72216389989109,23.670000000000016,49.0,1011.0,,9.4,335.0,313.3215522271371,5.460524018810199,,356.0437161270282,3.2746289154238677,,,,,,,,,,,,,,,,
913,2025-05-15 19:32:16.198457,41.3037257,2.2091853,4.772871017456055,42.72216389989109,23.670000000000016,49.0,1011.0,,9.5,338.0,318.5912095031967,5.380431929714082,,1.3133734030877804,3.579699083981176,,,,,,,,,,,,,,,,
914,2025-05-15 19:32:21.198948,41.3037257,2.2091853,4.772871017456055,42.72216389989109,23.670000000000016,49.0,1011.0,,9.5,334.0,312.12070502572277,5.614584999681483,,354.84286892561386,3.201139312533233,,,,,,,,,,,,,,,,
915,2025-05-15 19:32:26.199029,41.3037257,2.2091853,4.772871017456055,42.72216389989109,23.670000000000016,49.0,1011.0,,9.4,334.0,311.7340351695768,5.521913647414005,,354.4561990694679,3.1771749941855103,,,,,,,,,,,,,,,,
916,2025-05-15 19:32:31.199653,41.3037257,2.2091853,4.772871017456055,42.72216389989109,23.670000000000016,49.0,1011.0,,9.1,336.0,313.7270947296559,5.121916373711287,,356.449258629547,3.2991240431897277,,,,,,,,,,,,,,,,
917,2025-05-15 19:32:36.198909,41.3037257,2.2091853,4.772871017456055,42.72216389989109,23.670000000000016,49.0,1011.0,,8.5,339.0,316.0743738336316,4.39097886896477,,358.7965377335227,3.437616955573085,,,,,,,,,,,,,,,,
918,2025-05-15 19:32:41.199102,41.3037257,2.2091853,4.772871017456055,42.72216389989109,23.670000000000016,49.0,1011.0,,9.2,337.0,315.79407590429634,5.15565713737924,,358.5162398041874,3.4213777984518594,,,,,,,,,,,,,,,,
919,2025-05-15 19:32:46.198870,41.3037257,2.2091853,4.772871017456055,42.72216389989109,23.670000000000016,49.0,1011.0,,9.5,337.0,316.93783066642646,5.436426211798249,,359.65999456631755,3.4871228650282258,,,,,,,,,,,,,,,,
920,2025-05-15 19:32:51.198682,41.3037257,2.2091853,4.772871017456055,42.72216389989109,23.670000000000016,49.0,1011.0,,9.7,336.0,316.02098118375545,5.681702717830164,,358.74314508364654,3.4345299653264987,,,,,,,,,,,,,,,,
921,2025-05-15 19:32:56.198664,41.3037257,2.2091853,4.772871017456055,42.72216389989109,23.670000000000016,49.0,1011.0,,8.5,336.0,310.8762410312087,4.572341730971672,,353.59840493109976,3.1234972172424365,,,,,,,,,,,,,,,,
922,2025-05-15 19:33:01.199419,41.3037257,2.2091853,4.772871017456055,42.72216389989109,23.670000000000016,49.0,1011.0,,9.5,337.0,316.93783066642646,5.436426211798249,,359.65999456631755,3.4871228650282258,,,,,,,,,,,,,,,,
923,2025-05-15 19:33:06.199183,41.3037257,2.2091853,4.772871017456055,42.72216389989109,23.670000000000016,49.0,1011.0,,9.7,336.0,316.02098118375545,5.681702717830164,,358.74314508364654,3.4345299653264987,,,,,,,,,,,,,,,,
924,2025-05-15 19:33:11.199227,41.3037257,2.2091853,4.772871017456055,42.72216389989109,23.670000000000016,49.0,1011.0,,9.5,335.0,313.7026592089407,5.553574031745208,,356.4248231088318,3.2976527831702542,,,,,,,,,,,,,,,,
925,2025-05-15 19:33:16.199060,41.3037257,2.2091853,4.772871017456055,42.72216389989109,23.670000000000016,49.0,1011.0,,9.6,336.0,315.6706353132972,5.587825400044355,,358.3927992131883,3.4142002315466327,,,,,,,,,,,,,,,,
926,2025-05-15 19:33:21.198904,41.3037257,2.2091853,4.772871017456055,42.72216389989109,23.670000000000016,49.0,1011.0,,9.6,341.0,324.0144895266343,5.319192062253549,,6.736653426525379,3.8620431049241057,,,,,,,,,,,,,,,,
927,2025-05-15 19:33:26.198678,41.3037257,2.2091853,4.772871017456055,42.72216389989109,23.670000000000016,49.0,1011.0,,9.4,339.0,319.9167479432849,5.231648812709826,,2.638911843176004,3.6517696732981246,,,,,,,,,,,,,,,,
928,2025-05-15 19:33:31.199272,41.3037257,2.2091853,4.772871017456055,42.72216389989109,23.670000000000016,49.0,1011.0,,9.0,338.0,316.6526219242583,4.911657225173785,,359.3747858241494,3.470857593479541,,,,,,,,,,,,,,,,
929,2025-05-15 19:33:36.199036,41.3037257,2.2091853,4.772871017456055,42.72216389989109,23.670000000000016,49.0,1011.0,,9.4,336.0,314.93347440048586,5.400730187349229,,357.65563830037695,3.3710085887529133,,,,,,,,,,,,,,,,
930,2025-05-15 19:33:41.198977,41.3037257,2.2091853,4.772871017456055,42.72216389989109,23.670000000000016,49.0,1011.0,,9.9,337.0,318.2902426554833,5.813774093233278,,1.0124065553744117,3.563066983613802,,,,,,,,,,,,,,,,
931,2025-05-15 19:33:46.199960,41.3037257,2.2091853,4.772871017456055,42.72216389989109,23.670000000000016,49.0,1011.0,,10.1,334.0,314.1956498330256,6.175416670440658,,356.91781373291667,3.327219310874399,,,,,,,,,,,,,,,,
932,2025-05-15 19:33:51.201860,41.2264272,2.1526316,3.5999999046325684,-113.38982139264675,23.670000000000016,49.0,1011.0,,9.4,337.0,337.0,9.4,,317.8408019912846,0.0,,,,,,,,,,,,,,,,
933,2025-05-15 19:33:56.198764,41.2264272,2.1526316,3.5999999046325684,-113.38982139264675,23.670000000000016,49.0,1011.0,,9.2,335.0,320.62727009447224,6.129124985705558,,207.23744870182549,2.7829280424046017,,,,,,,,,,,,,,,,
934,2025-05-15 19:34:01.198820,41.2261409,2.1522565,3.62575364112854,-78.60015040234926,23.670000000000016,49.0,1011.0,,9.7,339.0,327.37339052081285,6.447355770498526,,248.7732401184636,3.053617289326174,,,,,,,,,,,,,,,,
935,2025-05-15 19:34:06.198695,41.2260163,2.1520896,4.061032295227051,-105.69297000941859,23.670000000000016,49.0,1011.0,,9.7,339.0,325.16316964366126,6.085290314870416,,219.47019963424268,3.3332229344698967,,,,,,,,,,,,,,,,
936,2025-05-15 19:34:11.198797,41.2258852,2.1519366,4.130545616149902,-115.13320668772499,23.670000000000016,49.0,1011.0,,9.9,338.0,323.69956816019993,6.264332207933105,,208.56636147247494,3.328905102505545,,,,,,,,,,,,,,,,
937,2025-05-15 19:34:16.198456,41.2257628,2.1518179,4.676476001739502,-111.9092617768306,23.670000000000016,49.0,1011.0,,9.4,340.0,322.2794934753537,5.254880396416826,,210.37023169852313,3.699114089353743,,,,,,,,,,,,,,,,
938,2025-05-15 19:34:21.199184,41.2255752,2.1516357,5.253308296203613,-104.6354108390905,23.670000000000016,49.0,1011.0,,9.5,338.0,314.96919787538866,5.030146914775799,,210.33378703629816,3.712652393024046,,,,,,,,,,,,,,,,
939,2025-05-15 19:34:26.201107,41.2254379,2.1515307,4.224377155303955,-107.46577975944125,23.670000000000016,49.0,1011.0,,10.1,336.0,320.60686612343915,6.473045574224891,,213.14108636399789,3.264639354004116,,,,,,,,,,,,,,,,
940,2025-05-15 19:34:31.198385,41.2252661,2.1513121,4.435863494873047,-110.96709865252987,23.670000000000016,49.0,1011.0,,9.6,340.0,324.3940286303616,5.639556688303447,,213.42692997783175,3.606534845073249,,,,,,,,,,,,,,,,
941,2025-05-15 19:34:36.198846,41.2251593,2.1512348,3.95271897315979,-110.74137456083929,23.670000000000016,49.0,1011.0,,10.1,336.0,322.08462844423553,6.685209070984005,,211.34325388339624,3.1183761011620006,,,,,,,,,,,,,,,,
942,2025-05-15 19:34:41.198357,41.2250197,2.1511723,3.891455888748169,-119.47171552776041,23.670000000000016,49.0,1011.0,,9.8,336.0,321.7777964118495,6.442437478061928,,202.3060808840891,3.057194620927879,,,,,,,,,,,,,,,,
943,2025-05-15 19:34:46.198805,41.224893,2.1510614,4.398785591125488,-115.68885623708387,23.670000000000016,49.0,1011.0,,9.7,338.0,321.6627551391834,5.858049578888629,,205.9738989020995,3.4502900590215386,,,,,,,,,,,,,,,,