id,Time,Latitude,Longitude,SpeedOverGround (m/s),CourseOverGround (deg),Temperature (C),Humidity (%),Pressure (hPa),Device1_MAC,Device1_WindSpeed (m/s),Device1_WindAngle (deg),Device1_TrueWindAngle (deg),Device1_TrueWindSpeed (m/s),Device1_CrossWindSpeed (m/s),Device1_TrueWindDirection (deg),Device1_VelocityMadeGood (m/s),Device2_MAC,Device2_WindSpeed (m/s),Device2_WindAngle (deg),Device2_TrueWindAngle (deg),Device2_TrueWindSpeed (m/s),Device2_CrossWindSpeed (m/s),Device2_TrueWindDirection (deg),Device2_VelocityMadeGood (m/s),Device3_MAC,Device3_WindSpeed (m/s),Device3_WindAngle (deg),Device3_TrueWindAngle (deg),Device3_TrueWindSpeed (m/s),Device3_CrossWindSpeed (m/s),Device3_TrueWindDirection (deg),Device3_VelocityMadeGood (m/s)
1,2025-05-15 19:35:46.440750,41.2231784,2.1491892,4.113603115081787,-104.87887976224478,23.670000000000016,49.0,1011.0,,9.6,335.0,318.50740471552797,6.123762919778587,,213.6285249532832,3.081258827970655,,,,,,,,,,,,,,,,
2,2025-05-15 19:35:51.440431,41.2229743,2.1491573,4.507569789886475,-107.99652643908627,23.670000000000016,49.0,1011.0,,9.6,336.0,317.5084715063846,5.780578102991721,,209.5119450672983,3.3237792743106196,,,,,,,,,,,,,,,,
3,2025-05-15 19:35:56.440506,41.2227979,2.1489809,4.678926467895508,-123.22088832545046,23.670000000000016,49.0,1011.0,,9.5,337.0,317.6054061303062,5.505437036395938,,194.38451780485576,3.455475913608335,,,,,,,,,,,,,,,,
4,2025-05-15 19:36:01.441095,41.2226368,2.1488382,4.398501873016357,-132.65813338090038,23.670000000000016,49.0,1011.0,,9.6,334.0,315.1463778143897,5.9667872965067135,,182.48824443348934,3.1181462303091263,,,,,,,,,,,,,,,,
5,2025-05-15 19:36:06.440834,41.2225244,2.1487107,4.019442558288574,-144.73773273941813,23.670000000000016,49.0,1011.0,,9.6,340.0,326.7163927993948,5.98303774472521,,181.97866005997665,3.3601109153339164,,,,,,,,,,,,,,,,
6,2025-05-15 19:36:11.441146,41.2223578,2.1485869,4.365688800811768,-143.90893026477212,23.670000000000016,49.0,1011.0,,10.1,338.0,322.87877141469744,6.26927077641283,,178.96984114992532,3.4810272823673456,,,,,,,,,,,,,,,,
7,2025-05-15 19:36:16.440916,41.2222029,2.1484308,4.02797269821167,-60.879081166778604,23.670000000000016,49.0,1011.0,,9.1,335.0,317.652182427346,5.709111406390819,,256.7731012605674,2.976950393175829,,,,,,,,,,,,,,,,
8,2025-05-15 19:36:21.441074,41.2220663,2.1483111,3.805051326751709,162.06237096537208,23.670000000000016,49.0,1011.0,,9.6,336.0,321.81700989492475,6.316449823335581,,123.8793808602968,2.990924260213297,,,,,,,,,,,,,,,,
9,2025-05-15 19:36:26.440240,41.2219517,2.1481481,3.966111183166504,158.2419866153955,23.670000000000016,49.0,1011.0,,10.1,334.0,319.10225661563464,6.762599509489551,,117.34424323103013,2.9979011695218523,,,,,,,,,,,,,,,,
10,2025-05-15 19:36:31.440361,41.2218066,2.1479702,4.9735236167907715,159.41665620923263,23.670000000000016,49.0,1011.0,,9.6,336.0,314.19536447938356,5.446096852031307,,113.61202068861621,3.46707861956529,,,,,,,,,,,,,,,,
11,2025-05-15 19:36:36.441117,41.2216288,2.1478561,4.424596309661865,158.42361500580446,23.670000000000016,49.0,1011.0,,9.6,339.0,322.83227366185974,5.694496950066236,,121.25588866766418,3.525829615357492,,,,,,,,,,,,,,,,
12,2025-05-15 19:36:41.441244,41.2215016,2.1476863,4.1305975914001465,157.53431071549048,23.670000000000016,49.0,1011.0,,10.0,338.0,323.92177052587505,6.361239543745161,,121.4560812413655,3.3384055664728476,,,,,,,,,,,,,,,,
13,2025-05-15 19:36:46.441113,41.2213762,2.1475547,4.6077752113342285,159.83221857871453,23.670000000000016,49.0,1011.0,,9.8,337.0,319.0528946726301,5.842824254025327,,118.88511325134459,3.4803213797136214,,,,,,,,,,,,,,,,
14,2025-05-15 19:36:51.440519,41.2212168,2.147425,4.030930995941162,157.65542362985315,23.670000000000016,49.0,1011.0,,10.2,340.0,327.86574095637656,6.55870017714363,,125.5211645862297,3.4134086086396414,,,,,,,,,,,,,,,,
15,2025-05-15 19:36:56.441320,41.2211157,2.147304,4.288769245147705,160.50754670271039,23.670000000000016,49.0,1011.0,,9.8,336.0,319.4814863723384,6.135228002902432,,119.98903307504878,3.2603055416482802,,,,,,,,,,,,,,,,
16,2025-05-15 19:37:01.440854,41.2209498,2.1471051,3.6817526817321777,158.76873080418687,23.670000000000016,49.0,1011.0,,11.0,336.0,324.9052606064581,7.781994420527707,,123.67399141064499,3.0124192781324415,,,,,,,,,,,,,,,,
17,2025-05-15 19:37:06.441196,41.2208331,2.1470111,4.344247817993164,156.82336998516217,23.670000000000016,49.0,1011.0,,10.4,338.0,323.67332171374346,6.5766121379376665,,120.49669169890564,3.499954286298292,,,,,,,,,,,,,,,,
18,2025-05-15 19:37:11.440790,41.2206857,2.1468659,5.114728927612305,158.70684929030656,23.670000000000016,49.0,1011.0,,10.4,338.0,319.2910654331076,5.973335340817833,,117.99791472341417,3.8771314734893862,,,,,,,,,,,,,,,,
19,2025-05-15 19:37:16.441087,41.2205393,2.1467075,3.910037040710449,158.5712017333901,23.670000000000016,49.0,1011.0,,10.2,338.0,325.4405824070409,6.735858970886278,,124.01178414043102,3.2200655070199047,,,,,,,,,,,,,,,,
20,2025-05-15 19:37:21.441794,41.2204081,2.1465698,3.9897310733795166,159.22664034652288,23.670000000000016,49.0,1011.0,,10.2,338.0,325.0522678081625,6.670381071404505,,124.27890815468538,3.270282601348593,,,,,,,,,,,,,,,,
21,2025-05-15 19:37:26.441184,41.2202866,2.146486,3.920253276824951,160.36672186240307,23.670000000000016,49.0,1011.0,,10.7,336.0,323.3747112411929,7.295062225507392,,123.74143310359602,3.1462158890855494,,,,,,,,,,,,,,,,
22,2025-05-15 19:37:31.440865,41.2200989,2.1462304,4.0299787521362305,159.28288012414876,23.670000000000016,49.0,1011.0,,10.5,338.0,325.4174106140003,6.929904245001015,,124.70029073814908,3.317917303519726,,,,,,,,,,,,,,,,
23,2025-05-15 19:37:36.440979,41.2199106,2.1461503,5.949468612670898,160.62484837151618,23.670000000000016,49.0,1011.0,,10.4,335.0,308.34003144415584,5.603707909890181,,108.96487981567202,3.690617137134891,,,,,,,,,,,,,,,,
24,2025-05-15 19:37:41.440626,41.2198038,2.1460196,4.1016058921813965,222.84107971191406,23.670000000000016,49.0,1011.0,,9.7,335.0,318.8416619751773,6.22874097403742,,181.68274168709138,3.0880731069022485,,,,,,,,,,,,,,,,
25,2025-05-15 19:37:46.442312,41.219707,2.1458351,3.9801523685455322,158.03496358165242,23.670000000000016,49.0,1011.0,,11.0,335.0,322.181636319007,7.5817059427496,,120.21659990065939,3.144155318133221,,,,,,,,,,,,,,,,
26,2025-05-15 19:37:51.440867,41.2195995,2.1457135,3.750906467437744,158.84352137559853,23.670000000000016,49.0,1011.0,,10.4,339.0,327.9733897828442,7.027974377253812,,126.81691115844274,3.1800255966971376,,,,,,,,,,,,,,,,
27,2025-05-15 19:37:56.441295,41.2194689,2.1455525,4.169344902038574,158.01310697630836,23.670000000000016,49.0,1011.0,,9.5,336.0,319.40711397328676,5.938400548691895,,117.42022094959509,3.1660008198186977,,,,,,,,,,,,,,,,
28,2025-05-15 19:38:01.441291,41.2193041,2.1454692,3.721066951751709,159.16854275744274,23.670000000000016,49.0,1011.0,,9.4,340.0,327.83401129281015,6.038969044994727,,127.00255405025291,3.14991791899555,,,,,,,,,,,,,,,,
29,2025-05-15 19:38:06.440546,41.2191139,2.1452999,4.03072452545166,161.31352268515022,23.670000000000016,49.0,1011.0,,10.6,334.0,319.78882465462823,7.1974694607354985,,121.10234733977848,3.0781438812228266,,,,,,,,,,,,,,,,
30,2025-05-15 19:38:11.441063,41.2189858,2.1451821,3.9095025062561035,159.9091674899039,23.670000000000016,49.0,1011.0,,10.5,337.0,324.5191000391354,7.068321808107289,,124.42826752903932,3.1835432930481713,,,,,,,,,,,,,,,,
31,2025-05-15 19:38:16.440476,41.2188449,2.145023,4.069988250732422,157.3173975678292,23.670000000000016,49.0,1011.0,,10.4,334.0,319.177174545749,6.974002812529552,,116.49457211357822,3.0799012822700957,,,,,,,,,,,,,,,,
32,2025-05-15 19:38:21.441058,41.2186984,2.1448513,4.210244178771973,154.85370735307058,23.670000000000016,49.0,1011.0,,9.9,339.0,324.8150966278723,6.157129626261929,,119.66880398094293,3.4410188913181834,,,,,,,,,,,,,,,,
33,2025-05-15 19:38:26.441371,41.2185897,2.144733,3.69163179397583,160.30960782056343,23.670000000000016,49.0,1011.0,,10.2,337.0,325.0269148547773,6.953098563849481,,125.33652267534075,3.0250020672662257,,,,,,,,,,,,,,,,
34,2025-05-15 19:38:31.441,41.2184376,2.1445481,3.5201165676116943,158.349794321255,23.670000000000016,49.0,1011.0,,10.3,336.0,324.57410358132006,7.227448978364582,,122.92389790257505,2.8684229207069705,,,,,,,,,,,,,,,,
35,2025-05-15 19:38:36.441117,41.2182871,2.1444005,3.858814001083374,157.42157161305025,23.670000000000016,49.0,1011.0,,10.0,337.0,323.8386877387927,6.621880787480812,,121.26025935184293,3.1154479116749636,,,,,,,,,,,,,,,,
36,2025-05-15 19:38:41.440857,41.2181404,2.1442627,4.065983772277832,158.8427290736548,23.670000000000016,49.0,1011.0,,10.4,334.0,319.19867219487094,6.977033631385331,,118.04140126852576,3.0778680410032426,,,,,,,,,,,,,,,,
37,2025-05-15 19:38:46.440443,41.2179809,2.1440901,4.0354766845703125,159.15740954909563,23.670000000000016,49.0,1011.0,,10.6,333.0,318.3420429752553,7.239999152173432,,117.49945252435094,3.0150100357201945,,,,,,,,,,,,,,,,
38,2025-05-15 19:38:51.440331,41.2178343,2.1439211,4.069944858551025,158.16190947756627,23.670000000000016,49.0,1011.0,,9.9,335.0,319.5217104169421,6.445131599352912,,117.68361989450835,3.095811691368971,,,,,,,,,,,,,,,,
39,2025-05-15 19:38:56.441097,41.2176896,2.1437724,3.951430082321167,159.28777053959448,23.670000000000016,49.0,1011.0,,9.7,337.0,322.7125434016453,6.256194902629966,,122.00031394123977,3.1437819838619454,,,,,,,,,,,,,,,,
40,2025-05-15 19:39:01.441181,41.2175542,2.1436239,3.9236767292022705,158.63227728494837,23.670000000000016,49.0,1011.0,,10.0,332.0,316.2595417764812,6.790229790748522,,114.8918190614296,2.834774484804582,,,,,,,,,,,,,,,,
41,2025-05-15 19:39:06.441125,41.2174513,2.1435042,4.148951530456543,155.00936736425518,23.670000000000016,49.0,1011.0,,9.8,332.0,314.39032147354146,6.4383993488024895,,109.39968883779665,2.9023685079594452,,,,,,,,,,,,,,,,
42,2025-05-15 19:39:11.440513,41.2173163,2.1433609,3.7711262702941895,159.33159303330928,23.670000000000016,49.0,1011.0,,10.0,337.0,324.28163257973404,6.6928762614250505,,123.61322561304331,3.0617639115013127,,,,,,,,,,,,,,,,
43,2025-05-15 19:39:16.440881,41.2172017,2.1432289,4.198504447937012,159.85982620333974,23.670000000000016,49.0,1011.0,,9.7,334.0,316.747317338441,6.205624711237345,,116.60714354178072,3.05793406062789,,,,,,,,,,,,,,,,
44,2025-05-15 19:39:21.440498,41.2170669,2.1430745,4.120180606842041,157.09962381633252,23.670000000000016,49.0,1011.0,,10.4,335.0,320.36024249745094,6.889523311452529,,117.45986631378344,3.1728305669044508,,,,,,,,,,,,,,,,
45,2025-05-15 19:39:26.440286,41.2169202,2.1429226,4.240832328796387,-103.96108675290265,23.670000000000016,49.0,1011.0,,10.4,336.0,321.1941785280038,6.749921639587481,,217.23309177510117,3.3047716255555497,,,,,,,,,,,,,,,,
46,2025-05-15 19:39:31.441126,41.2169202,2.1429226,4.240832328796387,-103.96108675290265,23.670000000000016,49.0,1011.0,,9.9,334.0,317.0201536898327,6.3658690562369555,,213.05906693693004,3.1025655703033297,,,,,,,,,,,,,,,,
47,2025-05-15 19:39:36.440893,41.2169202,2.1429226,4.240832328796387,-103.96108675290265,23.670000000000016,49.0,1011.0,,9.8,333.0,315.2686861480318,6.321702072322975,,211.30759939512916,3.0127506510146027,,,,,,,,,,,,,,,,
48,2025-05-15 19:39:41.440886,41.2169202,2.1429226,4.240832328796387,-103.96108675290265,23.670000000000016,49.0,1011.0,,9.6,337.0,320.7805323563251,5.932410084217954,,216.81944560342248,3.2854987432012095,,,,,,,,,,,,,,,,
49,2025-05-15 19:39:46.441089,41.2169202,2.1429226,4.240832328796387,-103.96108675290265,23.670000000000016,49.0,1011.0,,9.8,334.0,316.7533010517587,6.270296309653179,,212.79221429885604,3.0890665636125227,,,,,,,,,,,,,,,,
50,2025-05-15 19:39:51.440245,41.2169202,2.1429226,4.240832328796387,-103.96108675290265,23.670000000000016,49.0,1011.0,,10.1,333.0,316.0609067370859,6.608082288186537,,212.09981998418323,3.053729347751988,,,,,,,,,,,,,,,,
51,2025-05-15 19:39:56.441428,41.2169202,2.1429226,4.240832328796387,-103.96108675290265,23.670000000000016,49.0,1011.0,,10.1,336.0,320.51424797326825,6.460337298232099,,216.5531612203656,3.273001176245036,,,,,,,,,,,,,,,,
52,2025-05-15 19:40:01.441623,41.2169202,2.1429226,4.240832328796387,-103.96108675290265,23.670000000000016,49.0,1011.0,,10.3,332.0,315.1062689330688,6.851229473205914,,211.14518218016616,3.004277993132749,,,,,,,,,,,,,,,,
53,2025-05-15 19:40:06.441299,41.2169202,2.1429226,4.240832328796387,-103.96108675290265,23.670000000000016,49.0,1011.0,,9.3,334.0,315.2873617574529,5.794674335916165,,211.32627500455027,3.01372333240776,,,,,,,,,,,,,,,,
54,2025-05-15 19:40:11.440942,41.215555,2.1414767,3.930000066757202,-111.79968505197608,23.670000000000016,49.0,1011.0,,9.3,338.0,323.4105995041176,5.844622654399449,,211.61091445214151,3.155506153609773,,,,,,,,,,,,,,,,
55,2025-05-15 19:40:16.440749,41.2154746,2.1414043,3.256051540374756,-172.60248666610397,23.670000000000016,49.0,1011.0,,9.1,335.0,322.38580947285215,6.3011068132314785,,149.78332280674817,2.5792437946311715,,,,,,,,,,,,,,,,
56,2025-05-15 19:40:21.440639,41.2153509,2.1412307,3.915759325027466,-80.24355538835685,23.670000000000016,49.0,1011.0,,10.3,339.0,327.07437378152434,6.790893911755441,,246.83081839316748,3.2867976858295345,,,,,,,,,,,,,,,,
57,2025-05-15 19:40:26.440996,41.2152565,2.1411032,3.9111568927764893,105.01273780959869,23.670000000000016,49.0,1011.0,,10.0,336.0,322.0975304869513,6.620933164550352,,67.11026829654998,3.08612810120546,,,,,,,,,,,,,,,,
58,2025-05-15 19:40:31.441456,41.2151151,2.14104,3.8871843814849854,105.13865917713704,23.670000000000016,49.0,1011.0,,10.2,336.0,322.62386587933304,6.834278445254731,,67.76252505647005,3.08901927652525,,,,,,,,,,,,,,,,
59,2025-05-15 19:40:36.440820,41.2149898,2.1408946,4.22605562210083,104.63274023512503,23.670000000000016,49.0,1011.0,,9.8,336.0,319.85905377900883,6.183036902826336,,64.49179401413386,3.2306542209812608,,,,,,,,,,,,,,,,
60,2025-05-15 19:40:41.441223,41.2148496,2.1407392,4.380046844482422,105.02835162204133,23.670000000000016,49.0,1011.0,,10.1,337.0,321.2497674897424,6.30486731900197,,66.27811911178372,3.41591944370519,,,,,,,,,,,,,,,,
61,2025-05-15 19:40:46.441120,41.214695,2.1406121,3.8623788356781006,104.57006641930099,23.670000000000016,49.0,1011.0,,10.2,339.0,327.1453850936325,6.737863767091842,,71.7154515129335,3.244590800378281,,,,,,,,,,,,,,,,
62,2025-05-15 19:40:51.440435,41.2145349,2.1405109,3.5193991661071777,103.01309064705073,23.670000000000016,49.0,1011.0,,10.3,338.0,327.3883913598526,7.159307979674693,,70.40148200690334,2.9645420257293447,,,,,,,,,,,,,,,,
63,2025-05-15 19:40:56.440853,41.2144329,2.1404262,3.9663045406341553,103.54953370446353,23.670000000000016,49.0,1011.0,,10.7,333.0,318.8948061042244,7.388768689363835,,62.444339808687914,2.9886255344274453,,,,,,,,,,,,,,,,
64,2025-05-15 19:41:01.440745,41.2143039,2.1402377,3.17427659034729,106.35139341521865,23.670000000000016,49.0,1011.0,,9.6,335.0,323.71562348236,6.85566169708372,,70.06701689757864,2.5587516109521884,,,,,,,,,,,,,,,,
65,2025-05-15 19:41:06.440338,41.2141836,2.1400887,4.364469051361084,106.06205294159857,23.670000000000016,49.0,1011.0,,9.5,340.0,324.5440306709862,5.601308975342419,,70.60608361258477,3.55512861705911,,,,,,,,,,,,,,,,
66,2025-05-15 19:41:11.440438,41.2140689,2.1399013,3.483614444732666,104.25072092465705,23.670000000000016,49.0,1011.0,,9.8,333.0,319.71100234020327,6.8803106702010695,,63.961723264860325,2.657275029769744,,,,,,,,,,,,,,,,
67,2025-05-15 19:41:16.440540,41.2139737,2.1397108,4.066859245300293,103.87815459600036,23.670000000000016,49.0,1011.0,,10.3,334.0,318.98114861462716,6.879738749309042,,62.8593032106275,3.0684196129112777,,,,,,,,,,,,,,,,
68,2025-05-15 19:41:21.440830,41.2138025,2.1395786,4.020254611968994,103.94372441203248,23.670000000000016,49.0,1011.0,,10.6,335.0,321.27479360258394,7.160892420520703,,65.2185180146164,3.136422805902514,,,,,,,,,,,,,,,,
69,2025-05-15 19:41:26.440915,41.2136312,2.1394547,4.61568546295166,106.02631056167189,23.670000000000016,49.0,1011.0,,10.9,335.0,318.80573171678185,6.994290651778146,,64.83204227845374,3.473214683550046,,,,,,,,,,,,,,,,
70,2025-05-15 19:41:31.441188,41.2134673,2.1393021,4.381101131439209,104.6685987282676,23.670000000000016,49.0,1011.0,,10.2,335.0,318.4466697456554,6.498713355045126,,63.11526847392304,3.2785472505860596,,,,,,,,,,,,,,,,
71,2025-05-15 19:41:36.441053,41.2132929,2.139172,4.3998565673828125,103.98685022645193,23.670000000000016,49.0,1011.0,,10.2,335.0,318.3367484343388,6.484689871437843,,62.32359866079071,3.2869775041591525,,,,,,,,,,,,,,,,
72,2025-05-15 19:41:41.441156,41.2131249,2.1390424,4.230706214904785,104.80335153040278,23.670000000000016,49.0,1011.0,,10.2,336.0,320.80348528813425,6.564605791195959,,65.60683681853703,3.2787251130215966,,,,,,,,,,,,,,,,
73,2025-05-15 19:41:46.441164,41.2129764,2.1388897,4.100391864776611,106.84197858254399,23.670000000000016,49.0,1011.0,,10.4,337.0,323.4060716496283,6.816528200116519,,70.24805023217232,3.2921252971214043,,,,,,,,,,,,,,,,
74,2025-05-15 19:41:51.441153,41.2128301,2.1387498,3.911017656326294,105.25354295897665,23.670000000000016,49.0,1011.0,,10.4,335.0,321.44447467330997,7.051856164091549,,66.69801763228662,3.0584334485234717,,,,,,,,,,,,,,,,
75,2025-05-15 19:41:56.441238,41.2127116,2.1385835,3.7906723022460938,102.96176860562726,23.670000000000016,49.0,1011.0,,10.7,333.0,319.77437402853764,7.521994562779307,,62.73614263416488,2.8942058473394425,,,,,,,,,,,,,,,,
76,2025-05-15 19:42:01.440835,41.2125592,2.1384218,4.099030017852783,105.39491421441758,23.670000000000016,49.0,1011.0,,10.7,335.0,321.07134369943793,7.196625225996652,,66.46625791385554,3.188754230489636,,,,,,,,,,,,,,,,
77,2025-05-15 19:42:06.440870,41.2123883,2.1382618,4.216468334197998,105.24475933570402,23.670000000000016,49.0,1011.0,,10.5,336.0,321.5348561863268,6.865708983002775,,66.77961552203084,3.301438719559116,,,,,,,,,,,,,,,,
78,2025-05-15 19:42:11.441123,41.2122286,2.1381096,4.120326519012451,105.9782738412392,23.670000000000016,49.0,1011.0,,10.4,336.0,321.82638912058974,6.844245367749122,,67.80466296182897,3.2391602244199986,,,,,,,,,,,,,,,,
79,2025-05-15 19:42:16.441383,41.2120968,2.1379661,3.9904463291168213,104.54463762502102,23.670000000000016,49.0,1011.0,,9.9,336.0,321.45256873443196,6.46170800721628,,65.997206359453,3.1208983506274737,,,,,,,,,,,,,,,,
80,2025-05-15 19:42:21.440718,41.2119804,2.1378125,3.920095443725586,103.5824074049388,23.670000000000016,49.0,1011.0,,10.2,335.0,321.00507958889733,6.850530092319869,,64.58748699383614,3.0467050435337786,,,,,,,,,,,,,,,,
81,2025-05-15 19:42:26.440536,41.2118654,2.1376509,4.017171382904053,105.75782948577704,23.670000000000016,49.0,1011.0,,9.8,335.0,319.58960815554195,6.38890517055648,,65.347437641319,3.0587576242432424,,,,,,,,,,,,,,,,
82,2025-05-15 19:42:31.440818,41.2117177,2.1375103,4.109891891479492,106.0503596577395,23.670000000000016,49.0,1011.0,,10.6,337.0,323.74431751758834,7.003420034118242,,69.79467717532782,3.3141590994054155,,,,,,,,,,,,,,,,
83,2025-05-15 19:42:36.440996,41.2115851,2.1373526,4.008488655090332,104.98687188321185,23.670000000000016,49.0,1011.0,,10.3,336.0,322.2005334631475,6.835355680494804,,67.18740534635936,3.1673502775209594,,,,,,,,,,,,,,,,
84,2025-05-15 19:42:41.441121,41.2115002,2.1371779,3.780139207839966,103.73755515193564,23.670000000000016,49.0,1011.0,,10.2,338.0,326.0575385586701,6.843231545370745,,69.79509371060573,3.1359986361142784,,,,,,,,,,,,,,,,
85,2025-05-15 19:42:46.441328,41.211347,2.1370621,4.24824857711792,105.20865495575133,23.670000000000016,49.0,1011.0,,10.4,336.0,321.1546939040204,6.74414394932966,,66.36334885977175,3.3087154391308324,,,,,,,,,,,,,,,,
86,2025-05-15 19:42:51.441204,41.2111697,2.1369624,3.9417097568511963,105.28064514960326,23.670000000000016,49.0,1011.0,,10.3,335.0,321.09256582134435,6.930771206848546,,66.37321097094764,3.0672874202693667,,,,,,,,,,,,,,,,
87,2025-05-15 19:42:56.441004,41.2110042,2.1368509,4.079409599304199,104.96302086263016,23.670000000000016,49.0,1011.0,,10.7,335.0,321.16928922987114,7.211899055779968,,66.13231009250131,3.1778681991956512,,,,,,,,,,,,,,,,
88,2025-05-15 19:43:01.441601,41.210852,2.1367,3.692777633666992,104.37716821676149,23.670000000000016,49.0,1011.0,,10.4,335.0,322.52340907595425,7.22380160634399,,66.90057729271575,2.9305956896218848,,,,,,,,,,,,,,,,
89,2025-05-15 19:43:06.440812,41.2107195,2.1365339,4.03327751159668,104.86007625145973,23.670000000000016,49.0,1011.0,,10.2,337.0,323.34601006542266,6.676019501225775,,68.20608631688242,3.235718239421639,,,,,,,,,,,,,,,,
90,2025-05-15 19:43:11.440997,41.2105916,2.1363637,4.0598835945129395,104.99846271423336,23.670000000000016,49.0,1011.0,,9.7,334.0,317.6102007414265,6.307302930312365,,62.608663455659894,2.9985300660360323,,,,,,,,,,,,,,,,
91,2025-05-15 19:43:16.440946,41.2104439,2.1362022,3.8607687950134277,104.7587913762576,23.670000000000016,49.0,1011.0,,9.5,339.0,325.7929920542983,6.055832750472118,,70.55178343055587,3.1929014227436356,,,,,,,,,,,,,,,,
92,2025-05-15 19:43:21.441201,41.2103352,2.1360641,2.962911367416382,104.38005055659123,23.670000000000016,49.0,1011.0,,10.3,335.0,325.66170080232206,7.716959575677094,,70.0417513589133,2.4465393893739136,,,,,,,,,,,,,,,,
93,2025-05-15 19:43:26.441186,41.2102436,2.1359293,3.8826162815093994,105.1409677810765,23.670000000000016,49.0,1011.0,,10.1,336.0,322.4507944731255,6.740652085744454,,67.59176225420197,3.078255615452356,,,,,,,,,,,,,,,,
94,2025-05-15 19:43:31.440582,41.2100883,2.1357828,4.495131015777588,105.01355060210992,23.670000000000016,49.0,1011.0,,10.4,337.0,321.3325685809422,6.503858283888566,,66.34611918305211,3.509733959546902,,,,,,,,,,,,,,,,
95,2025-05-15 19:43:36.441090,41.2098967,2.1356301,4.430723190307617,105.83725775563511,23.670000000000016,49.0,1011.0,,10.1,339.0,324.0906007954607,6.17132820274708,,69.92785855109582,3.588644030075425,,,,,,,,,,,,,,,,
96,2025-05-15 19:43:41.440430,41.2097267,2.1354849,4.141546726226807,105.68623544289696,23.670000000000016,49.0,1011.0,,10.0,338.0,323.86361395649055,6.3523935753140695,,69.54984939938754,3.344777529522618,,,,,,,,,,,,,,,,
97,2025-05-15 19:43:46.441100,41.2095803,2.1353286,4.239268779754639,104.19032839201579,23.670000000000016,49.0,1011.0,,9.9,335.0,318.52473689836336,6.317291359406283,,62.71506529037913,3.1762370777481412,,,,,,,,,,,,,,,,
98,2025-05-15 19:43:51.440801,41.2094261,2.1351415,4.726832866668701,104.23475877256672,23.670000000000016,49.0,1011.0,,9.7,338.0,319.58201935387615,5.604433287632982,,63.81677812644284,3.5987027148723683,,,,,,,,,,,,,,,,
99,2025-05-15 19:43:56.440821,41.2092689,2.1349812,3.495081901550293,105.5595422639824,23.670000000000016,49.0,1011.0,,10.4,337.0,326.2350049831955,7.311429993089935,,71.79454724717789,2.905546110525259,,,,,,,,,,,,,,,,
100,2025-05-15 19:44:01.441134,41.2091496,2.1348406,4.5229105949401855,105.29090409373663,23.670000000000016,49.0,1011.0,,10.5,343.0,330.91218973859213,6.314730483745699,,76.20309383232876,3.9524615338943994,,,,,,,,,,,,,,,,
101,2025-05-15 19:44:06.440669,41.2090358,2.1346336,3.952028274536133,104.50847177336581,23.670000000000016,49.0,1011.0,,10.6,337.0,324.4944193848426,7.131330162015158,,69.0028911582084,3.2171840032037853,,,,,,,,,,,,,,,,
102,2025-05-15 19:44:11.440974,41.208913,2.134515,3.8697824478149414,105.31774673717477,23.670000000000016,49.0,1011.0,,10.4,336.0,323.0862152992629,7.042910968220124,,68.40396203643769,3.0940465595096134,,,,,,,,,,,,,,,,
103,2025-05-15 19:44:16.440815,41.2087604,2.1344295,4.236523151397705,105.52100633668518,23.670000000000016,49.0,1011.0,,10.6,337.0,323.12260600360145,6.901712672422266,,68.64361234028661,3.388885918267258,,,,,,,,,,,,,,,,
104,2025-05-15 19:44:21.441157,41.2085878,2.1343199,4.2698750495910645,104.40303414314833,23.670000000000016,49.0,1011.0,,10.4,336.0,321.03916604598305,6.727314014449451,,65.44220018913137,3.3201522268711328,,,,,,,,,,,,,,,,
105,2025-05-15 19:44:26.441035,41.2084379,2.1341815,3.9220423698425293,103.71316454640953,23.670000000000016,49.0,1011.0,,10.4,338.0,325.74423024298665,6.921283523750989,,69.45739478939618,3.241697719723935,,,,,,,,,,,,,,,,
106,2025-05-15 19:44:31.440849,41.2082993,2.1340256,4.6549811363220215,105.37471051485268,23.670000000000016,49.0,1011.0,,10.7,337.0,321.17052451158867,6.667929887531416,,66.54523502644133,3.626302499511959,,,,,,,,,,,,,,,,
107,2025-05-15 19:44:36.440490,41.2081404,2.1338315,4.634250164031982,105.72461427584327,23.670000000000016,49.0,1011.0,,10.2,339.0,323.21157689806165,6.103834171432215,,68.93619117390494,3.7113503211535375,,,,,,,,,,,,,,,,
108,2025-05-15 19:44:41.440451,41.2079959,2.1336668,4.151360988616943,104.10472563114801,23.670000000000016,49.0,1011.0,,9.9,341.0,328.25374739693024,6.125769932706296,,72.35847302807827,3.53026192208242,,,,,,,,,,,,,,,,
109,2025-05-15 19:44:46.441474,41.2078389,2.1335109,4.160022258758545,105.02649381058708,23.670000000000016,49.0,1011.0,,10.8,335.0,320.9586437601052,7.246251233459928,,65.98513757069225,3.2310539863697,,,,,,,,,,,,,,,,
110,2025-05-15 19:44:51.441154,41.2076852,2.1334153,4.0002241134643555,105.57123554784145,23.670000000000016,49.0,1011.0,,10.9,338.0,326.22885899296864,7.345531357370189,,71.80009454081011,3.325244542788202,,,,,,,,,,,,,,,,
111,2025-05-15 19:44:56.441057,41.2075309,2.1332889,4.0693793296813965,105.31987775619582,23.670000000000016,49.0,1011.0,,10.7,337.0,324.1209204870353,7.133578545562375,,69.44079824323109,3.2972377541646107,,,,,,,,,,,,,,,,
112,2025-05-15 19:45:01.441030,41.207406,2.1331304,3.960373878479004,105.02943762211936,23.670000000000016,49.0,1011.0,,10.5,338.0,325.74137055078745,6.987322246446736,,70.77080817290681,3.2732687110740675,,,,,,,,,,,,,,,,
113,2025-05-15 19:45:06.440677,41.2073005,2.1329483,4.268256187438965,104.69531159811152,23.670000000000016,49.0,1011.0,,10.0,337.0,321.63952601099015,6.295951092193413,,66.33483760910167,3.3468326187724147,,,,,,,,,,,,,,,,
114,2025-05-15 19:45:11.440888,41.207183,2.1327768,4.110427379608154,104.57385717429034,23.670000000000016,49.0,1011.0,,10.5,341.0,329.5608297107874,6.74754910916032,,74.13468688507771,3.5438769694548404,,,,,,,,,,,,,,,,
115,2025-05-15 19:45:16.440277,41.2070423,2.1326354,3.9404592514038086,105.56890645333448,23.670000000000016,49.0,1011.0,,10.6,337.0,324.5483318038026,7.140751190042942,,70.1172382571371,3.2099181241498025,,,,,,,,,,,,,,,,
116,2025-05-15 19:45:21.440440,41.2069013,2.1324916,3.9897212982177734,104.17649042875735,23.670000000000016,49.0,1011.0,,10.3,339.0,326.73205793530155,6.728932039100484,,70.9085483640589,3.3358635006897503,,,,,,,,,,,,,,,,
117,2025-05-15 19:45:26.440615,41.2067616,2.1323366,4.027074337005615,103.78740187249839,23.670000000000016,49.0,1011.0,,9.9,339.0,325.7738584699417,6.307716839683912,,69.56126034244005,3.329681850200471,,,,,,,,,,,,,,,,
118,2025-05-15 19:45:31.441075,41.2066156,2.132183,3.980179786682129,104.71397850511316,23.670000000000016,49.0,1011.0,,10.5,337.0,324.1838391703352,7.010888681042849,,68.89781767544838,3.227522987926008,,,,,,,,,,,,,,,,
119,2025-05-15 19:45:36.440821,41.2064704,2.1320389,4.226555347442627,104.7505268473619,23.670000000000016,49.0,1011.0,,10.4,338.0,324.2720682390534,6.671795667621728,,69.02259508641532,3.4311132074004544,,,,,,,,,,,,,,,,
120,2025-05-15 19:45:41.441127,41.2063343,2.1318969,4.060941219329834,105.5977844931453,23.670000000000016,49.0,1011.0,,10.0,337.0,322.78077418359726,6.459792686092057,,68.37855867674256,3.233837128845602,,,,,,,,,,,,,,,,
121,2025-05-15 19:45:46.440796,41.2062045,2.1317454,3.925812005996704,104.95211988071482,23.670000000000016,49.0,1011.0,,10.2,344.0,334.44179584234973,6.516736352447589,,79.39391572306454,3.5416614168319875,,,,,,,,,,,,,,,,
122,2025-05-15 19:45:51.440606,41.2060699,2.1316044,3.979595184326172,105.09169479640403,23.670000000000016,49.0,1011.0,,10.2,338.0,325.10207798466575,6.6786917294995085,,70.19377278106981,3.263955031689259,,,,,,,,,,,,,,,,
123,2025-05-15 19:45:56.440857,41.2059102,2.1314628,4.5214033126831055,103.86349701004151,23.670000000000016,49.0,1011.0,,9.8,338.0,321.1939658952291,5.858029851959818,,65.0574629052706,3.5234028658795142,,,,,,,,,,,,,,,,
124,2025-05-15 19:46:01.440670,41.2057424,2.1313063,4.291187286376953,104.19655069434967,23.670000000000016,49.0,1011.0,,10.9,340.0,327.93680793433464,7.022679910763053,,72.13335862868428,3.636622998146304,,,,,,,,,,,,,,,,
125,2025-05-15 19:46:06.441359,41.2056038,2.1311296,4.319789886474609,104.27141639784217,23.670000000000016,49.0,1011.0,,10.2,336.0,320.3068957246994,6.495811444045924,,64.5783121225416,3.3239764879333107,,,,,,,,,,,,,,,,
126,2025-05-15 19:46:11.441121,41.2054732,2.1309347,4.101210594177246,104.93470972852046,23.670000000000016,49.0,1011.0,,10.0,338.0,324.07706292209417,6.385013969898863,,69.0117726506146,3.3211883690738815,,,,,,,,,,,,,,,,
127,2025-05-15 19:46:16.440982,41.2053299,2.1307842,4.000186443328857,105.38365123247623,23.670000000000016,49.0,1011.0,,9.8,336.0,321.1714876806597,6.357372833401451,,66.55513891313592,3.116249440929645,,,,,,,,,,,,,,,,
128,2025-05-15 19:46:21.440874,41.20516,2.130681,4.357340335845947,105.48932791931466,23.670000000000016,49.0,1011.0,,10.3,341.0,328.07190254392935,6.34078248410475,,73.56123046324399,3.69812896156316,,,,,,,,,,,,,,,,
129,2025-05-15 19:46:26.441231,41.204991,2.1305449,4.30027961730957,105.58074317116612,23.670000000000016,49.0,1011.0,,10.3,338.0,323.68476507148523,6.515145298643106,,69.26550824265132,3.4650399093880426,,,,,,,,,,,,,,,,
130,2025-05-15 19:46:31.440805,41.2048476,2.130387,4.010730743408203,103.22691654920715,23.670000000000016,49.0,1011.0,,9.6,336.0,320.6335574187461,6.156090636819135,,63.860473967953226,3.100716772005966,,,,,,,,,,,,,,,,
131,2025-05-15 19:46:36.440858,41.2047184,2.1302533,3.9103477001190186,104.11563344325253,23.670000000000016,49.0,1011.0,,10.5,335.0,321.63565496781075,7.14963419710498,,65.75128841106329,3.0660248135151718,,,,,,,,,,,,,,,,
132,2025-05-15 19:46:41.441103,41.2045909,2.1301239,3.959756851196289,105.17969495367048,23.670000000000016,49.0,1011.0,,11.3,334.0,321.36105126698686,7.933230197892983,,66.54074622065735,3.092950984813021,,,,,,,,,,,,,,,,
133,2025-05-15 19:46:46.440733,41.2044632,2.1299825,4.029666900634766,104.18617563700042,23.670000000000016,49.0,1011.0,,10.4,339.0,326.72645765089015,6.793249438991408,,70.91263328789057,3.3690465174768667,,,,,,,,,,,,,,,,
134,2025-05-15 19:46:51.441254,41.2043223,2.1298294,4.119750022888184,105.13202706345295,23.670000000000016,49.0,1011.0,,10.1,338.0,324.19387381475775,6.467076077209164,,69.32590087821069,3.3411224983726204,,,,,,,,,,,,,,,,
135,2025-05-15 19:46:56.440413,41.2041786,2.1296797,4.020279884338379,105.63875879797621,23.670000000000016,49.0,1011.0,,10.1,340.0,327.7297629405183,6.469972029624123,,73.36852173849451,3.3993046172427714,,,,,,,,,,,,,,,,
136,2025-05-15 19:47:01.440920,41.2040333,2.1295328,3.9105191230773926,105.21965839050422,23.670000000000016,49.0,1011.0,,10.2,337.0,323.96579357122374,6.774899440788992,,69.18545196172795,3.1623035979891156,,,,,,,,,,,,,,,,
137,2025-05-15 19:47:06.441147,41.2038907,2.1293928,3.9997804164886475,104.36830946140797,23.670000000000016,49.0,1011.0,,10.5,336.0,322.6324314143581,7.036663806666794,,67.0007408757661,3.1788586410390933,,,,,,,,,,,,,,,,
138,2025-05-15 19:47:11.440448,41.2037424,2.1292315,4.099670886993408,104.56271030556488,23.670000000000016,49.0,1011.0,,10.3,339.0,326.21139985919007,6.637275644494926,,70.77411016475492,3.4072165343055434,,,,,,,,,,,,,,,,
139,2025-05-15 19:47:16.442523,41.2035973,2.1290753,3.901001214981079,103.17820364004662,23.670000000000016,49.0,1011.0,,10.1,337.0,323.82048670613045,6.685194188253776,,66.99869034617706,3.1487767595462333,,,,,,,,,,,,,,,,
140,2025-05-15 19:47:21.441072,41.2034603,2.128937,3.939784288406372,104.54081954927499,23.670000000000016,49.0,1011.0,,10.1,338.0,325.1060194600067,6.613866623157031,,69.64683900928168,3.2314582745177796,,,,,,,,,,,,,,,,
141,2025-05-15 19:47:26.441027,41.2033203,2.1288033,4.019532680511475,105.06920981365634,23.670000000000016,49.0,1011.0,,10.6,339.0,327.1201178152806,6.997316188714298,,72.18932762893695,3.375645884178417,,,,,,,,,,,,,,,,
142,2025-05-15 19:47:31.441177,41.2031849,2.128653,4.0697922706604,105.53126528081854,23.670000000000016,49.0,1011.0,,10.3,340.0,327.86876692593177,6.623558074779927,,73.40003220675032,3.44643081469527,,,,,,,,,,,,,,,,
143,2025-05-15 19:47:36.440848,41.2030449,2.1284997,4.000173568725586,104.70621941021602,23.670000000000016,49.0,1011.0,,10.3,339.0,326.6831733784073,6.720195190992981,,71.3893927886233,3.34272939536339,,,,,,,,,,,,,,,,
144,2025-05-15 19:47:41.440958,41.2029166,2.1283549,3.9299778938293457,104.14233948290727,23.670000000000016,49.0,1011.0,,10.5,338.0,325.8811754794389,7.012465554622368,,70.02351496234621,3.2535347406568946,,,,,,,,,,,,,,,,
145,2025-05-15 19:47:46.440397,41.20282,2.1282278,4.347525119781494,104.2255175266197,23.670000000000016,49.0,1011.0,,10.4,336.0,320.619566096608,6.667113971107025,,64.84508362322771,3.360420777515086,,,,,,,,,,,,,,,,
146,2025-05-15 19:47:51.441141,41.2026734,2.1280295,3.9798285961151123,104.13572102960154,23.670000000000016,49.0,1011.0,,10.7,337.0,324.5382084875627,7.20632865804178,,68.67392951716425,3.2415806879480855,,,,,,,,,,,,,,,,
147,2025-05-15 19:47:56.441359,41.2025286,2.1278897,3.980015993118286,105.95205957520469,23.670000000000016,49.0,1011.0,,10.6,336.0,322.91383497654465,7.149748669015245,,68.8658945517493,3.174976405897251,,,,,,,,,,,,,,,,
148,2025-05-15 19:48:01.440761,41.202368,2.1277634,3.9102272987365723,106.1919221584772,23.670000000000016,49.0,1011.0,,10.4,340.0,328.7534925338612,6.8572671942139225,,74.94541469233843,3.3430233794928266,,,,,,,,,,,,,,,,
149,2025-05-15 19:48:06.440590,41.2022188,2.1276296,3.979745388031006,105.05187479354285,23.670000000000016,49.0,1011.0,,10.1,336.0,321.9418369949973,6.663908106583989,,66.99371178854017,3.1335932853115938,,,,,,,,,,,,,,,,
150,2025-05-15 19:48:11.440974,41.2020745,2.1274826,4.039743900299072,104.46032576990639,23.670000000000016,49.0,1011.0,,10.5,339.0,326.85740079654653,6.882556812624893,,71.3177265664529,3.3825279041343297,,,,,,,,,,,,,,,,
151,2025-05-15 19:48:16.440830,41.2019366,2.1273276,4.299221992492676,104.84035066513673,23.670000000000016,49.0,1011.0,,10.2,340.0,326.57457529251144,6.333118287133848,,71.41492595764817,3.5881457569464077,,,,,,,,,,,,,,,,
152,2025-05-15 19:48:21.441177,41.2017869,2.1271841,4.010775566101074,104.68210884244587,23.670000000000016,49.0,1011.0,,9.3,338.0,322.9333077973861,5.779966310186208,,67.61541663983195,3.200336024993817,,,,,,,,,,,,,,,,
153,2025-05-15 19:48:26.441319,41.2016443,2.1270438,4.000011444091797,104.01973075711638,23.670000000000016,49.0,1011.0,,9.6,336.0,320.6967518974021,6.164381532295878,,64.71648265451847,3.095226063758226,,,,,,,,,,,,,,,,
154,2025-05-15 19:48:31.441079,41.2015101,2.1269122,4.009920120239258,103.36432629492947,23.670000000000016,49.0,1011.0,,9.4,337.0,321.65298474183027,5.919951168474887,,65.01731103675974,3.144850162823692,,,,,,,,,,,,,,,,
155,2025-05-15 19:48:36.441197,41.2013846,2.1267722,4.019379138946533,103.90640425840753,23.670000000000016,49.0,1011.0,,10.2,337.0,323.4170994270078,6.687174691540273,,67.32350368541535,3.227542869250364,,,,,,,,,,,,,,,,
156,2025-05-15 19:48:41.440516,41.2012597,2.1266162,3.999988317489624,104.96891531588388,23.670000000000016,49.0,1011.0,,10.2,340.0,328.00894799286425,6.584923130491861,,72.97786330874811,3.3925134690313756,,,,,,,,,,,,,,,,
157,2025-05-15 19:48:46.440516,41.2011307,2.1264772,4.049757480621338,104.63062970667148,23.670000000000016,49.0,1011.0,,10.2,335.0,320.31253065333334,6.750249636108936,,64.94316036000481,3.1164472772458347,,,,,,,,,,,,,,,,
158,2025-05-15 19:48:51.441123,41.2009984,2.1263231,4.079558372497559,104.54746532333742,23.670000000000016,49.0,1011.0,,10.1,336.0,321.40650150481935,6.585604277731738,,65.95396682815675,3.188547171328928,,,,,,,,,,,,,,,,
159,2025-05-15 19:48:56.441025,41.2008705,2.1261704,3.969862699508667,105.1134557790997,23.670000000000016,49.0,1011.0,,9.2,337.0,321.37359370104076,5.758567253761959,,66.48704948014046,3.101387181647963,,,,,,,,,,,,,,,,
160,2025-05-15 19:49:01.440853,41.200749,2.1260269,3.9987282752990723,104.7823213779483,23.670000000000016,49.0,1011.0,,9.6,338.0,323.7366652654177,6.079864056297803,,68.51898664336602,3.2242024553699453,,,,,,,,,,,,,,,,
161,2025-05-15 19:49:06.440983,41.2006036,2.1258665,4.189250946044922,104.93537908705912,23.670000000000016,49.0,1011.0,,9.7,337.0,321.3521715045528,6.0686936339335364,,66.28755059161193,3.271802506759327,,,,,,,,,,,,,,,,
162,2025-05-15 19:49:11.440878,41.2004352,2.1257012,3.9618282318115234,104.09859212127334,23.670000000000016,49.0,1011.0,,9.8,342.0,330.52707158271204,6.1550630244354245,,74.62566370398537,3.449121159140637,,,,,,,,,,,,,,,,
163,2025-05-15 19:49:16.440805,41.2003015,2.12558,3.9080722332000732,104.64006902810445,23.670000000000016,49.0,1011.0,,10.3,342.0,331.6049088467481,6.693056011348294,,76.24497787485257,3.437889401419676,,,,,,,,,,,,,,,,
164,2025-05-15 19:49:21.440426,41.2001695,2.1254651,3.9882264137268066,104.08239774275124,23.670000000000016,49.0,1011.0,,10.0,337.0,323.1674118155275,6.517845849442385,,67.24980955827874,3.1921386695052436,,,,,,,,,,,,,,,,
165,2025-05-15 19:49:26.441273,41.2000432,2.1252984,4.029457092285156,103.64387910746892,23.670000000000016,49.0,1011.0,,9.6,341.0,328.23396935639363,5.936828705303486,,71.87784846386256,3.4258644205937223,,,,,,,,,,,,,,,,
166,2025-05-15 19:49:31.441033,41.1999261,2.1251248,4.049896240234375,105.74765250391371,23.670000000000016,49.0,1011.0,,9.9,337.0,322.61996959229174,6.371676897285108,,68.36762209620542,3.2181539193718818,,,,,,,,,,,,,,,,
167,2025-05-15 19:49:36.441052,41.1997865,2.1249757,4.010088920593262,105.59048302092255,23.670000000000016,49.0,1011.0,,9.8,339.0,325.6511938525697,6.224427593393091,,71.24167687349222,3.3108014644824695,,,,,,,,,,,,,,,,
168,2025-05-15 19:49:41.441084,41.1996401,2.1248053,4.016557216644287,104.41568365349119,23.670000000000016,49.0,1011.0,,9.7,337.0,322.3481924743824,6.204504805383079,,66.76387612787357,3.180059447384411,,,,,,,,,,,,,,,,
169,2025-05-15 19:49:46.440394,41.1994924,2.1246167,3.970362424850464,104.89666557484348,23.670000000000016,49.0,1011.0,,9.9,339.0,326.06146365011926,6.354687670928071,,70.95812922496276,3.2939594350021033,,,,,,,,,,,,,,,,
170,2025-05-15 19:49:51.440535,41.199348,2.1244421,3.9601809978485107,104.81329628583431,23.670000000000016,49.0,1011.0,,9.8,341.0,328.98047887989594,6.191309190322907,,73.79377516573027,3.3938425365500957,,,,,,,,,,,,,,,,
171,2025-05-15 19:49:56.441243,41.1991957,2.1243025,4.002094745635986,105.0778978142806,23.670000000000016,49.0,1011.0,,10.5,339.0,327.02797398856177,6.914111558492019,,72.10587180284239,3.3575028845648105,,,,,,,,,,,,,,,,
172,2025-05-15 19:50:01.441074,41.1990533,2.124155,4.040052890777588,104.11107770707613,23.670000000000016,49.0,1011.0,,9.8,338.0,323.96466147679075,6.240427857651515,,68.07573918386686,3.2670061831715036,,,,,,,,,,,,,,,,
173,2025-05-15 19:50:06.441113,41.198921,2.1239963,3.960237741470337,105.05585679382898,23.670000000000016,49.0,1011.0,,10.1,338.0,325.0043998006221,6.5971008319861175,,70.06025659445106,3.244211262931027,,,,,,,,,,,,,,,,
174,2025-05-15 19:50:11.441164,41.1987756,2.1238537,4.080320835113525,105.2516168456307,23.670000000000016,49.0,1011.0,,10.1,340.0,327.4436378191484,6.419285089300753,,72.6952546647791,3.4391493920726486,,,,,,,,,,,,,,,,
175,2025-05-15 19:50:16.441103,41.1986226,2.1236934,4.2445244789123535,104.3228204015357,23.670000000000016,49.0,1011.0,,10.1,336.0,320.4934166023342,6.457488187314732,,64.8162370038699,3.2748691930780116,,,,,,,,,,,,,,,,
176,2025-05-15 19:50:21.440825,41.1984962,2.1235297,3.9303719997406006,104.1099234051064,23.670000000000016,49.0,1011.0,,10.4,338.0,325.70537801198446,6.914400398866631,,69.81530141709084,3.2470814877287384,,,,,,,,,,,,,,,,
177,2025-05-15 19:50:26.440592,41.1983699,2.1233686,4.0891804695129395,103.49149758708593,23.670000000000016,49.0,1011.0,,9.8,339.0,325.2360661760045,6.1592898548378505,,68.72756376309042,3.3592956775156377,,,,,,,,,,,,,,,,
178,2025-05-15 19:50:31.441004,41.1982211,2.1232287,3.84013032913208,103.58436083904142,23.670000000000016,49.0,1011.0,,9.3,339.0,325.46070115042255,5.878289670462578,,69.04506198946399,3.163259356908003,,,,,,,,,,,,,,,,
179,2025-05-15 19:50:36.441441,41.198075,2.1231033,4.069466590881348,103.5013877010041,23.670000000000016,49.0,1011.0,,10.4,336.0,322.08800322210476,6.884300238690753,,65.58939092310885,3.2106278311933405,,,,,,,,,,,,,,,,
180,2025-05-15 19:50:41.440536,41.1979257,2.1229354,3.951997756958008,104.94389633295413,23.670000000000016,49.0,1011.0,,10.0,339.0,326.35065718165936,6.467467142696911,,71.29455351461348,3.2898182200419925,,,,,,,,,,,,,,,,
181,2025-05-15 19:50:46.441138,41.1977929,2.1227712,3.999880075454712,104.41031512480356,23.670000000000016,49.0,1011.0,,10.1,338.0,324.80596684857323,6.564665357006912,,69.2162819733768,3.2687216939920862,,,,,,,,,,,,,,,,
182,2025-05-15 19:50:51.441179,41.1976703,2.1226213,4.148749351501465,103.51642777755649,23.670000000000016,49.0,1011.0,,9.5,337.0,321.0743115797461,5.907807276740103,,64.5907393573026,3.22756737084659,,,,,,,,,,,,,,,,
183,2025-05-15 19:50:56.440431,41.1975186,2.1224478,4.050318717956543,103.74596311480393,23.670000000000016,49.0,1011.0,,9.4,334.0,316.86675133540086,6.027065417758206,,60.612714450204805,2.9557834753257435,,,,,,,,,,,,,,,,
184,2025-05-15 19:51:01.440457,41.1973765,2.1222939,3.8310396671295166,105.05888256763129,23.670000000000016,49.0,1011.0,,9.8,339.0,326.55947753746494,6.373054641405253,,71.61836010509626,3.196842950459816,,,,,,,,,,,,,,,,
185,2025-05-15 19:51:06.441171,41.1972345,2.122186,3.7601699829101562,105.08076649373201,23.670000000000016,49.0,1011.0,,9.8,341.0,329.90855042161456,6.363551775685424,,74.98931691534659,3.2533977845518707,,,,,,,,,,,,,,,,
186,2025-05-15 19:51:11.440561,41.1970885,2.1220941,3.9080169200897217,104.09101061129464,23.670000000000016,49.0,1011.0,,9.8,343.0,332.32713889098744,6.169472827820664,,76.41814950228206,3.4609933434264044,,,,,,,,,,,,,,,,
187,2025-05-15 19:51:16.441032,41.1969504,2.121967,3.971162796020508,105.05281052945915,23.670000000000016,49.0,1011.0,,10.0,342.0,330.8449238927193,6.343037826153466,,75.89773442217847,3.4680336448638744,,,,,,,,,,,,,,,,
188,2025-05-15 19:51:21.440743,41.1968058,2.121809,4.140549659729004,105.04740784982567,23.670000000000016,49.0,1011.0,,10.5,339.0,326.39291084879386,6.798374292591313,,71.44031869861954,3.4484682274885117,,,,,,,,,,,,,,,,
189,2025-05-15 19:51:26.440928,41.1966623,2.1216276,4.0413713455200195,104.42907082426441,23.670000000000016,49.0,1011.0,,10.3,337.0,323.5049743731369,6.766726123200309,,67.93404519740136,3.248892774783481,,,,,,,,,,,,,,,,
190,2025-05-15 19:51:31.440969,41.196531,2.1214715,3.9875004291534424,103.8128648177242,23.670000000000016,49.0,1011.0,,9.8,338.0,324.2465889940765,6.283000693928849,,68.05945381180072,3.2360129011988894,,,,,,,,,,,,,,,,
191,2025-05-15 19:51:36.440608,41.1964093,2.1213261,3.9689393043518066,104.99452169508226,23.670000000000016,49.0,1011.0,,9.4,339.0,324.9763359403244,5.869615582801071,,69.97085763540667,3.25022424128685,,,,,,,,,,,,,,,,
192,2025-05-15 19:51:41.440541,41.1962621,2.1211606,4.0310258865356445,105.14889080051371,23.670000000000016,49.0,1011.0,,9.8,339.0,325.54215029400297,6.207152899438327,,70.69104109451666,3.3237527618183558,,,,,,,,,,,,,,,,
193,2025-05-15 19:51:46.440973,41.19611,2.1209834,4.141472339630127,103.87036135015737,23.670000000000016,49.0,1011.0,,9.6,337.0,321.37950396589645,6.0097156063997685,,65.24986531605384,3.2357209340203887,,,,,,,,,,,,,,,,
194,2025-05-15 19:51:51.441143,41.1959493,2.1208138,4.061326503753662,102.1226525453345,23.670000000000016,49.0,1011.0,,9.9,339.0,325.59807274993415,6.279425878662871,,67.72072529526866,3.350978136973275,,,,,,,,,,,,,,,,
195,2025-05-15 19:51:56.440824,41.1958185,2.1206318,3.9518401622772217,103.81257794977907,23.670000000000016,49.0,1011.0,,9.8,339.0,325.9513997196423,6.272604916212678,,69.76397766942137,3.27434833259985,,,,,,,,,,,,,,,,
196,2025-05-15 19:52:01.441008,41.1957222,2.1205032,3.760810613632202,106.48435670779129,23.670000000000016,49.0,1011.0,,10.1,339.0,327.4398031789561,6.725407727660807,,73.92415988674736,3.1697107559559843,,,,,,,,,,,,,,,,
197,2025-05-15 19:52:06.441148,41.1955673,2.1203479,4.0988450050354,104.4342685982228,23.670000000000016,49.0,1011.0,,10.9,342.0,331.74614044348147,7.115409018213038,,76.18040904170425,3.610503907555581,,,,,,,,,,,,,,,,
198,2025-05-15 19:52:11.441081,41.1954396,2.1202083,3.8705198764801025,103.13908714666995,23.670000000000016,49.0,1011.0,,10.5,339.0,327.61202063951777,7.024859470208176,,70.75110778618773,3.2684230556029923,,,,,,,,,,,,,,,,
199,2025-05-15 19:52:16.440302,41.1953118,2.1200603,3.899893045425415,103.78251828724184,23.670000000000016,49.0,1011.0,,9.5,339.0,325.5837743636039,6.023516690901141,,69.36629265084571,3.217230307274158,,,,,,,,,,,,,,,,
200,2025-05-15 19:52:21.440619,41.1951769,2.1199278,3.9797089099884033,104.58044147665024,23.670000000000016,49.0,1011.0,,9.7,338.0,324.068731973127,6.19222085945216,,68.64917344977721,3.2224559431375956,,,,,,,,,,,,,,,,
201,2025-05-15 19:52:26.441257,41.1950391,2.1197939,3.880250930786133,104.46293490216934,23.670000000000016,49.0,1011.0,,9.9,341.0,329.53934828303017,6.357918723259918,,74.00228318519953,3.3446890463509598,,,,,,,,,,,,,,,,
202,2025-05-15 19:52:31.440792,41.1949053,2.119649,3.7878100872039795,105.214105446709,23.670000000000016,49.0,1011.0,,10.0,339.0,327.13990625711574,6.6047708607247095,,72.35401170382477,3.1817528198083203,,,,,,,,,,,,,,,,
203,2025-05-15 19:52:36.440882,41.1947777,2.1195111,3.9113759994506836,105.54661271588355,23.670000000000016,49.0,1011.0,,10.0,341.0,329.5758048077681,6.429097054517029,,75.12241752365168,3.3727791388723656,,,,,,,,,,,,,,,,
204,2025-05-15 19:52:41.441327,41.1946456,2.1193602,3.939905881881714,104.66573004881619,23.670000000000016,49.0,1011.0,,9.7,338.0,324.28373096425696,6.224494050726787,,68.94946101307312,3.198879710530904,,,,,,,,,,,,,,,,
205,2025-05-15 19:52:46.441217,41.1945066,2.1191751,4.159456253051758,105.21334729571113,23.670000000000016,49.0,1011.0,,9.7,343.0,331.0019489518918,5.850089320599109,,76.21529624760291,3.638011001821895,,,,,,,,,,,,,,,,
206,2025-05-15 19:52:51.441102,41.1943668,2.1190056,3.930652379989624,106.40304330572229,23.670000000000016,49.0,1011.0,,9.4,343.0,331.4852043980267,5.756967839923525,,77.88824770374902,3.4538401345573786,,,,,,,,,,,,,,,,
207,2025-05-15 19:52:56.440317,41.1942313,2.1188627,3.969876289367676,104.41221391739282,23.670000000000016,49.0,1011.0,,9.5,340.0,326.7572250809768,5.927150421273312,,71.16943899836963,3.3202270343478517,,,,,,,,,,,,,,,,
208,2025-05-15 19:53:01.441036,41.1941022,2.1187218,3.910130023956299,105.05031068022292,23.670000000000016,49.0,1011.0,,9.5,339.0,325.5286610993359,6.015074442696142,,70.57897177955886,3.2235480220587838,,,,,,,,,,,,,,,,
209,2025-05-15 19:53:06.440911,41.1939687,2.1185778,3.9597930908203125,105.10935083540852,23.670000000000016,49.0,1011.0,,9.5,339.0,325.2590796971591,5.974197870283751,,70.36843053256763,3.253909506243225,,,,,,,,,,,,,,,,
210,2025-05-15 19:53:11.441226,41.1938283,2.1184427,3.9320333003997803,104.51453015115962,23.670000000000016,49.0,1011.0,,10.3,338.0,325.5184937411143,6.815357610970261,,70.03302389227395,3.2412103136028403,,,,,,,,,,,,,,,,
211,2025-05-15 19:53:16.441142,41.1936804,2.1183101,3.9505696296691895,104.54118837949018,23.670000000000016,49.0,1011.0,,9.8,342.0,330.578554053126,6.1648671199890455,,75.11974243261619,3.4410646789487203,,,,,,,,,,,,,,,,
212,2025-05-15 19:53:21.440881,41.193527,2.1181546,4.151593208312988,106.29738027926219,23.670000000000016,49.0,1011.0,,10.0,338.0,323.81010922291927,6.344282646428351,,70.10748950218147,3.3506035200726707,,,,,,,,,,,,,,,,
213,2025-05-15 19:53:26.441305,41.1933905,2.1179838,3.951475143432617,104.47652697861766,23.670000000000016,49.0,1011.0,,9.7,338.0,324.22146897070905,6.21510443096006,,68.6979959493267,3.2057644039409423,,,,,,,,,,,,,,,,
214,2025-05-15 19:53:31.441096,41.1932556,2.1178443,3.89974308013916,103.70038526247244,23.670000000000016,49.0,1011.0,,9.5,339.0,325.584580589947,6.023640405881021,,69.28496585241942,3.2171376076586538,,,,,,,,,,,,,,,,
215,2025-05-15 19:53:36.440787,41.1931259,2.117694,3.9895734786987305,104.29157911627206,23.670000000000016,49.0,1011.0,,10.2,338.0,325.05304321580127,6.670510248426801,,69.3446223320733,3.2701843531374455,,,,,,,,,,,,,,,,
216,2025-05-15 19:53:41.440742,41.1930119,2.1175345,3.8488552570343018,104.26325432178402,23.670000000000016,49.0,1011.0,,10.2,340.0,328.6922918662009,6.713581217653779,,72.95554618798491,3.288419325907586,,,,,,,,,,,,,,,,
217,2025-05-15 19:53:46.441203,41.1928825,2.1173722,4.179030418395996,103.8241619506114,23.670000000000016,49.0,1011.0,,10.0,338.0,323.6632874442758,6.322159805341358,,67.48744939488722,3.366412861146325,,,,,,,,,,,,,,,,
218,2025-05-15 19:53:51.440865,41.1927463,2.1171963,4.021207809448242,104.04634117412274,23.670000000000016,49.0,1011.0,,10.0,341.0,329.0727366702048,6.334633268248486,,73.11907784432753,3.449474283624595,,,,,,,,,,,,,,,,
219,2025-05-15 19:53:56.440879,41.1926058,2.1170481,3.9404826164245605,103.64268382436417,23.670000000000016,49.0,1011.0,,9.5,341.0,328.4736509201958,5.914998947412201,,72.11633474455994,3.3588665488395955,,,,,,,,,,,,,,,,
220,2025-05-15 19:54:01.440280,41.1924527,2.1169037,4.178843975067139,103.72090998092833,23.670000000000016,49.0,1011.0,,9.6,338.0,322.708207917207,5.935591715303932,,66.42911789813536,3.32452229821533,,,,,,,,,,,,,,,,
221,2025-05-15 19:54:06.440899,41.1923084,2.1167293,3.8111512660980225,104.06566377928472,23.670000000000016,49.0,1011.0,,9.6,341.0,329.30937303625973,6.123511990353372,,73.37503681554443,3.2773453366424885,,,,,,,,,,,,,,,,
222,2025-05-15 19:54:11.440609,41.1921719,2.1165736,4.16890287399292,105.42693414124659,23.670000000000016,49.0,1011.0,,9.2,337.0,320.10326090113745,5.604447976176772,,65.53019504238404,3.198389195682924,,,,,,,,,,,,,,,,
223,2025-05-15 19:54:16.440436,41.1920117,2.1164262,4.020444869995117,103.81565836509473,23.670000000000016,49.0,1011.0,,9.2,339.0,324.1828221562751,5.633938058072798,,67.99848052136986,3.260132133729441,,,,,,,,,,,,,,,,
224,2025-05-15 19:54:21.440998,41.1918677,2.1162731,3.9802446365356445,100.94837910246923,23.670000000000016,49.0,1011.0,,9.3,342.0,329.4265969156419,5.650062658359291,,70.37497601811111,3.4269039948300573,,,,,,,,,,,,,,,,
225,2025-05-15 19:54:26.441156,41.1917289,2.1161158,3.851184844970703,106.2274323119721,23.670000000000016,49.0,1011.0,,9.2,340.0,326.7206748690084,5.734397359467212,,72.94810718098051,3.2196113993253257,,,,,,,,,,,,,,,,
226,2025-05-15 19:54:31.441216,41.1915727,2.1159667,3.852597713470459,107.55317202987156,23.670000000000016,49.0,1011.0,,10.0,341.0,329.83899400845024,6.479849928345745,,77.39216603832182,3.3310212614214487,,,,,,,,,,,,,,,,
227,2025-05-15 19:54:36.441229,41.1914185,2.1158106,3.982424259185791,104.17021348491011,23.670000000000016,49.0,1011.0,,9.4,344.0,332.85493573495506,5.6789477291424015,,77.02514921986517,3.543777089456934,,,,,,,,,,,,,,,,
228,2025-05-15 19:54:41.440597,41.1912805,2.1156586,3.890705108642578,102.75846802498182,23.670000000000016,49.0,1011.0,,9.3,342.0,329.88221551765685,5.727335326000251,,72.64068354263867,3.365443232049585,,,,,,,,,,,,,,,,
229,2025-05-15 19:54:46.440273,41.1911552,2.1155081,4.018634796142578,104.30155802264944,23.670000000000016,49.0,1011.0,,10.0,340.0,327.546612357174,6.373679969483458,,71.84817037982344,3.391037691632068,,,,,,,,,,,,,,,,
230,2025-05-15 19:54:51.440887,41.1910211,2.1153605,4.019962310791016,104.57432845734307,23.670000000000016,49.0,1011.0,,10.4,342.0,331.3038730870085,6.693078580194239,,75.87820154435161,3.5262250079390984,,,,,,,,,,,,,,,,
231,2025-05-15 19:54:56.440929,41.1908842,2.1152064,3.9285025596618652,104.36388349882581,23.670000000000016,49.0,1011.0,,9.9,338.0,324.76575400208156,6.428276461976634,,69.12963750090739,3.208801738004445,,,,,,,,,,,,,,,,
232,2025-05-15 19:55:01.440782,41.1907604,2.1150419,3.886840343475342,103.28224791167342,23.670000000000016,49.0,1011.0,,9.6,336.0,321.3536808483879,6.252364778280336,,64.63592876006135,3.0356839507765137,,,,,,,,,,,,,,,,
233,2025-05-15 19:55:06.442473,41.1906483,2.114876,3.8500752449035645,103.90401369219802,23.670000000000016,49.0,1011.0,,9.8,339.0,326.4649339549462,6.35717889974986,,70.36894764714424,3.209222021953906,,,,,,,,,,,,,,,,
234,2025-05-15 19:55:11.440902,41.1905277,2.1147183,3.8998255729675293,103.25940092889974,23.670000000000016,49.0,1011.0,,10.4,338.0,325.84747984308865,6.939657708880357,,69.10688077198836,3.2272853549165044,,,,,,,,,,,,,,,,
235,2025-05-15 19:55:16.440965,41.1903998,2.1145858,3.8500726222991943,104.1606922012071,23.670000000000016,49.0,1011.0,,10.3,337.0,324.4468508316352,6.921447982653613,,68.60754303284227,3.132328577424219,,,,,,,,,,,,,,,,
236,2025-05-15 19:55:21.440397,41.1902551,2.1144472,4.049449920654297,106.30841786496093,23.670000000000016,49.0,1011.0,,10.0,342.0,330.4966652969162,6.274785252971116,,76.80508316187712,3.5243457414153343,,,,,,,,,,,,,,,,
237,2025-05-15 19:55:26.440761,41.1900974,2.1143025,4.457859039306641,104.37770780170592,23.670000000000016,49.0,1011.0,,10.1,340.0,325.53640675133283,6.1044540206947,,69.91411455303876,3.67544204139895,,,,,,,,,,,,,,,,
238,2025-05-15 19:55:31.440821,41.1899359,2.1141471,3.942723512649536,102.00421706512648,23.670000000000016,49.0,1011.0,,10.2,336.0,322.3393804630557,6.79022700065892,,64.34359752818216,3.1212320720801796,,,,,,,,,,,,,,,,
239,2025-05-15 19:55:36.441150,41.1898109,2.1140317,3.9099135398864746,104.41431761565718,23.670000000000016,49.0,1011.0,,9.7,337.0,322.94167436918417,6.289276009408091,,67.35599198484135,3.1201988376234224,,,,,,,,,,,,,,,,
240,2025-05-15 19:55:41.441038,41.1896897,2.1139103,3.9797375202178955,105.03718988682733,23.670000000000016,49.0,1011.0,,9.6,338.0,323.8422572308099,6.0951867851579244,,68.8794471176372,3.2132228842918877,,,,,,,,,,,,,,,,
241,2025-05-15 19:55:46.441352,41.1895493,2.1137756,4.394871234893799,104.14565895484391,23.670000000000016,49.0,1011.0,,9.3,337.0,318.90218940744074,5.5279822316788705,,63.04784836228464,3.311924472650233,,,,,,,,,,,,,,,,
242,2025-05-15 19:55:51.441160,41.1893838,2.1136422,3.991408586502075,104.51187320757248,23.670000000000016,49.0,1011.0,,9.4,340.0,326.4150249294415,5.8119046132214836,,70.92689813701395,3.3251081043627617,,,,,,,,,,,,,,,,
243,2025-05-15 19:55:56.440539,41.1892502,2.1134899,4.089478492736816,105.09508940042153,23.670000000000016,49.0,1011.0,,9.1,338.0,321.9021612363488,5.5249364592724195,,66.99725063677033,3.2182490278927434,,,,,,,,,,,,,,,,
244,2025-05-15 19:56:01.441106,41.1891064,2.1132992,4.35455846786499,104.1174161226259,23.670000000000016,49.0,1011.0,,9.1,336.0,316.92460439229546,5.419501275759044,,61.042020514921376,3.180811731349084,,,,,,,,,,,,,,,,
245,2025-05-15 19:56:06.440916,41.1889678,2.1131006,4.0907392501831055,106.32653152663981,23.670000000000016,49.0,1011.0,,9.0,338.0,321.6012614777809,5.42794018618159,,67.92779300442072,3.205941529242373,,,,,,,,,,,,,,,,
246,2025-05-15 19:56:11.440970,41.1888355,2.1129552,3.909391164779663,106.19553532854813,23.670000000000016,49.0,1011.0,,9.6,338.0,324.22880401994587,6.15212413652375,,70.42433934849402,3.171914973061432,,,,,,,,,,,,,,,,
247,2025-05-15 19:56:16.440897,41.1887022,2.1128087,3.9793829917907715,103.73609349145326,23.670000000000016,49.0,1011.0,,9.7,339.0,325.5975282384204,6.152483403010681,,69.3336217298737,3.283345629226251,,,,,,,,,,,,,,,,
248,2025-05-15 19:56:21.440761,41.1885201,2.1126185,5.358929634094238,102.58304827652839,23.670000000000016,49.0,1011.0,,10.1,339.0,318.35441833062424,5.4468056871139,,60.9374666071526,4.004565564625951,,,,,,,,,,,,,,,,
249,2025-05-15 19:56:26.441212,41.1884007,2.1124647,4.029781818389893,105.11463057163694,23.670000000000016,49.0,1011.0,,9.7,341.0,328.44216449295806,6.034120511289531,,73.55679506459501,3.4338266922144327,,,,,,,,,,,,,,,,
250,2025-05-15 19:56:31.440533,41.1882566,2.1123185,3.9900691509246826,106.22100510396311,23.670000000000016,49.0,1011.0,,9.2,339.0,324.3628111909772,5.658597297137049,,70.58381629494033,3.242819984578203,,,,,,,,,,,,,,,,
251,2025-05-15 19:56:36.441137,41.1881026,2.1121824,3.8519604206085205,105.81269639537975,23.670000000000016,49.0,1011.0,,9.2,338.0,323.62091343758345,5.810546419247846,,69.43360983296321,3.1012531892393613,,,,,,,,,,,,,,,,
252,2025-05-15 19:56:41.440666,41.1879717,2.1121388,4.021839141845703,105.53987131917276,23.670000000000016,49.0,1011.0,,9.6,336.0,320.5678892822751,6.147506713974118,,66.10776060144781,3.1063789675855955,,,,,,,,,,,,,,,,
253,2025-05-15 19:56:46.441001,41.1878365,2.1119857,4.346107006072998,104.86713183687235,23.670000000000016,49.0,1011.0,,9.4,343.0,329.3786280630088,5.395556826815697,,74.24575989988114,3.7400514641771045,,,,,,,,,,,,,,,,
254,2025-05-15 19:56:51.440466,41.1877242,2.111802,4.0265607833862305,103.08090759531979,23.670000000000016,49.0,1011.0,,9.6,341.0,328.2486786398637,5.939291357228798,,71.32958623518351,3.4239460556301315,,,,,,,,,,,,,,,,
255,2025-05-15 19:56:56.440699,41.187633,2.1116289,3.9060890674591064,104.34945130910957,23.670000000000016,49.0,1011.0,,9.5,345.0,334.9888977573275,5.815554824097613,,79.33834906643705,3.5397989985744807,,,,,,,,,,,,,,,,
256,2025-05-15 19:57:01.440567,41.1874942,2.1114731,4.1083502769470215,105.3018187360303,23.670000000000016,49.0,1011.0,,9.5,341.0,327.6023912710043,5.772575981446457,,72.90421000703464,3.468886738698377,,,,,,,,,,,,,,,,
257,2025-05-15 19:57:06.440855,41.1873353,2.1113344,4.0546979904174805,104.67482103060148,23.670000000000016,49.0,1011.0,,9.9,341.0,328.723143995954,6.208179191959066,,73.39796502655548,3.4654231133309827,,,,,,,,,,,,,,,,
258,2025-05-15 19:57:11.440934,41.1871675,2.1111742,5.594184875488281,105.14102242258986,23.670000000000016,49.0,1011.0,,10.2,338.0,315.3139362908478,5.433545006940415,,60.454958713437634,3.9773006555759483,,,,,,,,,,,,,,,,
259,2025-05-15 19:57:16.440685,41.1870434,2.1110149,3.952284812927246,215.09019470214844,23.670000000000016,49.0,1011.0,,9.8,340.0,327.4774574401402,6.2343781496663455,,182.56765214228858,3.3324874467785697,,,,,,,,,,,,,,,,
260,2025-05-15 19:57:21.441277,41.1869038,2.1108949,4.019744873046875,104.24176654665516,23.670000000000016,49.0,1011.0,,9.8,338.0,324.0740624081589,6.256861429451634,,68.31582895481404,3.2550933617067157,,,,,,,,,,,,,,,,
261,2025-05-15 19:57:26.440859,41.1867452,2.1107667,3.7988975048065186,103.79404081637165,23.670000000000016,49.0,1011.0,,9.6,339.0,326.3251770509149,6.204623782237063,,70.11921786728652,3.161434346848363,,,,,,,,,,,,,,,,
262,2025-05-15 19:57:31.441263,41.1866425,2.1105958,3.9068775177001953,105.9892294646679,23.670000000000016,49.0,1011.0,,9.8,339.0,326.17999107556795,6.309909516393434,,72.16922054023587,3.2457953517555844,,,,,,,,,,,,,,,,
263,2025-05-15 19:57:36.440864,41.1865773,2.1104989,3.901707887649536,105.25267552495207,23.670000000000016,49.0,1011.0,,10.0,340.0,328.10203449727544,6.4726503250845955,,73.3547100222275,3.312512740140582,,,,,,,,,,,,,,,,
264,2025-05-15 19:57:41.440970,41.1864744,2.110266,4.17658805847168,104.696978164269,23.670000000000016,49.0,1011.0,,9.4,342.0,328.62452058244094,5.579163698892147,,73.32149874670995,3.5658610105576085,,,,,,,,,,,,,,,,
265,2025-05-15 19:57:46.440970,41.1863279,2.1101253,3.9472157955169678,104.96862844793874,23.670000000000016,49.0,1011.0,,9.7,340.0,327.300588307928,6.14106042600618,,72.26921675586675,3.3216465461726505,,,,,,,,,,,,,,,,
266,2025-05-15 19:57:51.440799,41.1862093,2.1099906,3.7916531562805176,103.43710879072512,23.670000000000016,49.0,1011.0,,10.6,342.0,332.4896098864702,7.091390067618932,,75.92671867719531,3.3629198786520877,,,,,,,,,,,,,,,,
267,2025-05-15 19:57:56.440879,41.1859776,2.1097804,4.978355407714844,103.12921752331928,23.670000000000016,49.0,1011.0,,10.2,342.0,326.2789271020017,5.677692894683469,,69.40814462532103,4.140747104529565,,,,,,,,,,,,,,,,
268,2025-05-15 19:58:01.441051,41.1858138,2.1096217,4.053143501281738,104.35085149788942,23.670000000000016,49.0,1011.0,,9.8,340.0,326.97223680640417,6.149575194663659,,71.3230883042936,3.398182098778369,,,,,,,,,,,,,,,,
269,2025-05-15 19:58:06.440918,41.1856776,2.1095074,4.0896430015563965,106.54520003291776,23.670000000000016,49.0,1011.0,,9.7,340.0,326.5684577395836,6.0216972097640715,,73.11365777250137,3.4129898433859314,,,,,,,,,,,,,,,,
270,2025-05-15 19:58:11.441049,41.1855305,2.1093314,4.756130695343018,105.06412815291385,23.670000000000016,49.0,1011.0,,9.8,342.0,326.4356870950987,5.47751193737626,,71.49981524801251,3.963120873225592,,,,,,,,,,,,,,,,
271,2025-05-15 19:58:16.440778,41.1853719,2.1091899,4.291983127593994,103.6889378654235,23.670000000000016,49.0,1011.0,,10.0,341.0,327.76632729273524,6.103943291149759,,71.45526515815874,3.6305020391603375,,,,,,,,,,,,,,,,
272,2025-05-15 19:58:21.440527,41.1852387,2.1090542,3.950742721557617,105.38899927059634,23.670000000000016,49.0,1011.0,,10.0,340.0,327.87119258933257,6.4310724152752154,,73.26019185992891,3.345704787535341,,,,,,,,,,,,,,,,
273,2025-05-15 19:58:26.440814,41.1851057,2.1089215,4.01740026473999,104.93556350216672,23.670000000000016,49.0,1011.0,,9.6,339.0,325.1727631708323,6.024004717616599,,70.108326672999,3.2977947509576224,,,,,,,,,,,,,,,,
274,2025-05-15 19:58:31.440924,41.1849803,2.1087895,4.009845733642578,103.85382546217677,23.670000000000016,49.0,1011.0,,9.3,340.0,326.07636518251627,5.699442543327124,,69.93019064469303,3.3272983804448173,,,,,,,,,,,,,,,,
275,2025-05-15 19:58:36.440992,41.1848616,2.108643,3.9400668144226074,103.46471641535031,23.670000000000016,49.0,1011.0,,9.3,343.0,331.237228301284,5.650761039014763,,74.70194471663433,3.453939470128814,,,,,,,,,,,,,,,,
276,2025-05-15 19:58:41.441024,41.1847274,2.1085093,4.128750801086426,103.83299338520823,23.670000000000016,49.0,1011.0,,9.1,340.0,324.86331658328214,5.407865748157588,,68.69630996849037,3.3764156298511674,,,,,,,,,,,,,,,,
277,2025-05-15 19:58:46.440420,41.1845871,2.1083805,4.0501790046691895,104.63330714082613,23.670000000000016,49.0,1011.0,,9.3,339.0,324.2648838212267,5.706507521950562,,68.89819096205281,3.287634493403163,,,,,,,,,,,,,,,,
278,2025-05-15 19:58:51.440608,41.1844456,2.1082474,4.327716827392578,104.3906715007506,23.670000000000016,49.0,1011.0,,9.8,340.0,325.52398010983063,5.92126261992165,,69.91465161058125,3.5676103864804305,,,,,,,,,,,,,,,,
279,2025-05-15 19:58:56.440183,41.1842914,2.1080764,3.921118974685669,105.35055896594751,23.670000000000016,49.0,1011.0,,9.7,339.0,325.9017139140546,6.200643795108179,,71.25227288000212,3.2469888485058327,,,,,,,,,,,,,,,,
280,2025-05-15 19:59:01.440378,41.1841697,2.1079345,3.8358311653137207,104.2026910344135,23.670000000000016,49.0,1011.0,,10.2,340.0,328.7499544441236,6.724712262991129,,72.95264547853708,3.279296014932166,,,,,,,,,,,,,,,,
281,2025-05-15 19:59:06.440742,41.1840271,2.1077861,4.526867866516113,104.14257853952823,23.670000000000016,49.0,1011.0,,9.6,343.0,328.9044910923778,5.434563412996173,,73.04706963190603,3.8763912229334414,,,,,,,,,,,,,,,,
282,2025-05-15 19:59:11.442579,41.1838493,2.1076392,4.001471519470215,104.03353456942898,23.670000000000016,49.0,1011.0,,9.6,340.0,326.81060035337856,5.998069001421494,,70.84413492280754,3.3486938816088117,,,,,,,,,,,,,,,,
283,2025-05-15 19:59:16.441182,41.1837002,2.107495,4.448535442352295,102.32927942810574,23.670000000000016,49.0,1011.0,,10.3,342.0,329.23782959735973,6.222926160676433,,71.56710902546547,3.822616658827004,,,,,,,,,,,,,,,,
284,2025-05-15 19:59:21.440895,41.1835475,2.1073218,4.140806674957275,105.07547992731442,23.670000000000016,49.0,1011.0,,9.7,342.0,329.4790902307874,5.902231883211715,,74.5545701581018,3.5670725676839536,,,,,,,,,,,,,,,,
285,2025-05-15 19:59:26.440899,41.1834162,2.1071603,3.9005978107452393,105.14267532836901,23.670000000000016,49.0,1011.0,,9.5,342.0,330.2408514491896,5.91443766891063,,75.38352677755864,3.3861852995703323,,,,,,,,,,,,,,,,
286,2025-05-15 19:59:31.440963,41.1832936,2.1069977,3.929900646209717,103.90464889979083,23.670000000000016,49.0,1011.0,,9.9,343.0,332.40376860110706,6.248367951402576,,76.30841750089792,3.4828117672740193,,,,,,,,,,,,,,,,
287,2025-05-15 19:59:36.441562,41.1831365,2.1068548,5.07935905456543,105.60564604087998,23.670000000000016,49.0,1011.0,,9.8,340.0,320.93561984485405,5.318682022457283,,66.54126588573399,3.9438091017341748,,,,,,,,,,,,,,,,
288,2025-05-15 19:59:41.440856,41.1829833,2.106684,3.813101053237915,104.25783115158302,23.670000000000016,49.0,1011.0,,9.9,341.0,329.8433493288777,6.415890716652167,,74.1011804804607,3.2970174008705775,,,,,,,,,,,,,,,,
289,2025-05-15 19:59:46.440959,41.1828772,2.1065392,4.148977279663086,103.47954475603841,23.670000000000016,49.0,1011.0,,10.1,340.0,327.1108774647248,6.361524434465607,,70.59042222076323,3.483991522722176,,,,,,,,,,,,,,,,
290,2025-05-15 19:59:51.441379,41.1827571,2.1064303,4.020186901092529,104.49064497963208,23.670000000000016,49.0,1011.0,,10.3,340.0,328.09554946569585,6.665617708652173,,72.58619444532792,3.4128598301796673,,,,,,,,,,,,,,,,
291,2025-05-15 19:59:56.441396,41.182599,2.1063059,4.149341583251953,105.21285552209089,23.670000000000016,49.0,1011.0,,9.7,339.0,324.6824840447256,6.013019235458179,,69.89533956681646,3.3857004696912005,,,,,,,,,,,,,,,,
292,2025-05-15 20:00:01.440841,41.1824584,2.106164,4.070247650146484,104.89103749896739,23.670000000000016,49.0,1011.0,,9.4,343.0,330.8075597383394,5.6347004215674925,,75.69859723730679,3.5532710019856464,,,,,,,,,,,,,,,,
293,2025-05-15 20:00:06.440263,41.1823316,2.1060015,4.024708271026611,104.41139429469241,23.670000000000016,49.0,1011.0,,9.4,342.0,329.4180965156536,5.709382291697498,,73.82949081034599,3.464882465298851,,,,,,,,,,,,,,,,
294,2025-05-15 20:00:11.441117,41.1821884,2.1058349,4.342250347137451,105.1430168378275,23.670000000000016,49.0,1011.0,,9.4,341.0,326.0495964448327,5.479816132913565,,71.1926132826602,3.6019892013471386,,,,,,,,,,,,,,,,
295,2025-05-15 20:00:16.441168,41.1820238,2.1056703,4.667880535125732,105.73177231409343,23.670000000000016,49.0,1011.0,,9.7,336.0,316.7464864096361,5.757714835971525,,62.47825872372948,3.399752531406999,,,,,,,,,,,,,,,,
296,2025-05-15 20:00:21.441451,41.1818686,2.105519,3.9827446937561035,105.5784004162808,23.670000000000016,49.0,1011.0,,9.5,339.0,325.1332446174939,5.955352045760418,,70.71164503377474,3.267777153755557,,,,,,,,,,,,,,,,
297,2025-05-15 20:00:26.441012,41.1817143,2.1053978,4.397871017456055,104.1410144262083,23.670000000000016,49.0,1011.0,,9.1,339.0,321.48559893235006,5.2370146861867,,65.62661335855836,3.441121502442156,,,,,,,,,,,,,,,,
298,2025-05-15 20:00:31.440871,41.1815768,2.105219,3.990954637527466,103.75410470029459,23.670000000000016,49.0,1011.0,,9.3,342.0,329.3712644333174,5.640844211072241,,73.12536913361197,3.434163063000662,,,,,,,,,,,,,,,,
299,2025-05-15 20:00:36.440521,41.1815083,2.1050965,4.188899993896484,105.13750487516731,23.670000000000016,49.0,1011.0,,9.0,340.0,324.2021015417104,5.262496718889433,,69.3396064168777,3.397555099317801,,,,,,,,,,,,,,,,
300,2025-05-15 20:00:41.441293,41.1813321,2.1049832,3.810779571533203,105.53877848890555,23.670000000000016,49.0,1011.0,,9.6,339.0,326.2642406744215,6.194739055309916,,71.80301916332706,3.1690735270074195,,,,,,,,,,,,,,,,
301,2025-05-15 20:00:46.440811,41.1811698,2.1048449,4.019146919250488,104.62369023447475,23.670000000000016,49.0,1011.0,,9.6,344.0,333.0697433678108,5.8425391628212395,,77.69343360228555,3.583304536392745,,,,,,,,,,,,,,,,
302,2025-05-15 20:00:51.441033,41.1810453,2.1046892,3.9600977897644043,104.27815779455298,23.670000000000016,49.0,1011.0,,9.5,343.0,331.54324913887393,5.829084649095357,,75.82140693342694,3.481627055757633,,,,,,,,,,,,,,,,
303,2025-05-15 20:00:56.441254,41.1809138,2.1045217,4.259101867675781,104.15166952131352,23.670000000000016,49.0,1011.0,,9.7,338.0,322.4945789020678,5.968242729476838,,66.64624842338134,3.378727360033384,,,,,,,,,,,,,,,,
304,2025-05-15 20:01:01.441246,41.1807844,2.1043502,4.051314830780029,106.29925858128395,23.670000000000016,49.0,1011.0,,9.7,340.0,326.7683167521076,6.053720610449973,,73.06757533339152,3.38876845767294,,,,,,,,,,,,,,,,
305,2025-05-15 20:01:06.441164,41.1806591,2.1042011,4.059846878051758,105.37591945833577,23.670000000000016,49.0,1011.0,,9.1,342.0,328.5328507510882,5.386978651707322,,73.90877020942395,3.4628041751194605,,,,,,,,,,,,,,,,
306,2025-05-15 20:01:11.441505,41.1805278,2.1040486,3.9701805114746094,103.31876210297631,23.670000000000016,49.0,1011.0,,9.2,345.0,334.1576472846173,5.462616158777397,,77.47640938759366,3.573149775995628,,,,,,,,,,,,,,,,
307,2025-05-15 20:01:16.440565,41.180387,2.1038859,4.243258953094482,103.56222419594141,23.670000000000016,49.0,1011.0,,9.7,342.0,328.9663500767285,5.814207808141383,,72.52857427266986,3.635898682665653,,,,,,,,,,,,,,,,
308,2025-05-15 20:01:21.441157,41.1802367,2.1037196,3.9407873153686523,103.59354061328592,23.670000000000016,49.0,1011.0,,9.2,345.0,334.2913848042175,5.4890848944568775,,77.88492541750344,3.550695890661002,,,,,,,,,,,,,,,,
309,2025-05-15 20:01:26.441065,41.1800988,2.1035738,4.546006202697754,105.43954950064361,23.670000000000016,49.0,1011.0,,9.9,345.0,332.94387648292866,5.63314276415719,,78.38342598357224,4.048497624973763,,,,,,,,,,,,,,,,
310,2025-05-15 20:01:31.441151,41.1799767,2.1034149,4.169248104095459,104.26022171779253,23.670000000000016,49.0,1011.0,,9.5,346.0,335.52353443170057,5.547067786401141,,79.78375614949312,3.794564158993219,,,,,,,,,,,,,,,,
311,2025-05-15 20:01:36.440949,41.179883,2.1032805,4.0404229164123535,104.29577968261161,23.670000000000016,49.0,1011.0,,10.3,342.0,331.05659731588327,6.576929690416341,,75.35237699849489,3.535766740187371,,,,,,,,,,,,,,,,
312,2025-05-15 20:01:41.441612,41.1797066,2.1030867,3.950235366821289,106.07352082921503,23.670000000000016,49.0,1011.0,,10.5,342.0,331.7389896542276,6.852701703450369,,77.81251048344268,3.4793663852486554,,,,,,,,,,,,,,,,
313,2025-05-15 20:01:46.441256,41.1795883,2.1029644,3.7709429264068604,104.33387164761278,23.670000000000016,49.0,1011.0,,10.1,340.0,328.87131112631573,6.68212243818991,,73.20518277392853,3.2279585989228448,,,,,,,,,,,,,,,,
314,2025-05-15 20:01:51.440842,41.1794267,2.1027812,4.029582500457764,104.13133604815438,23.670000000000016,49.0,1011.0,,10.2,341.0,329.3979834757681,6.52323654052979,,73.52931952392248,3.468358814459478,,,,,,,,,,,,,,,,
315,2025-05-15 20:01:56.441084,41.1792865,2.1026309,3.8604021072387695,103.60541831225258,23.670000000000016,49.0,1011.0,,10.4,341.0,330.4524047615132,6.865930444935485,,74.0578230737658,3.3583426940882726,,,,,,,,,,,,,,,,
316,2025-05-15 20:02:01.441622,41.1791521,2.1024939,4.03950309753418,104.11268963172026,23.670000000000016,49.0,1011.0,,10.0,343.0,332.1068804642436,6.249613171789207,,76.21957009596383,3.570200962952943,,,,,,,,,,,,,,,,
317,2025-05-15 20:02:06.441046,41.1790428,2.102382,3.8508188724517822,103.43499826227159,23.670000000000016,49.0,1011.0,,10.2,344.0,334.7233313046389,6.584470708774649,,78.15832956691054,3.4821279890993244,,,,,,,,,,,,,,,,
318,2025-05-15 20:02:11.441237,41.1788743,2.1022116,4.01928186416626,103.95547916759406,23.670000000000016,49.0,1011.0,,9.4,343.0,331.0583463399402,5.679247264661244,,75.0138255075343,3.517325619172966,,,,,,,,,,,,,,,,
319,2025-05-15 20:02:16.441172,41.1787292,2.1020571,4.218963146209717,103.82321255431677,23.670000000000016,49.0,1011.0,,10.1,344.0,333.10985388865896,6.155322177980119,,76.9330664429757,3.7627891373340594,,,,,,,,,,,,,,,,
320,2025-05-15 20:02:21.441374,41.1785892,2.1018974,4.1401801109313965,103.81328828945274,23.670000000000016,49.0,1011.0,,10.2,342.0,330.4536626915884,6.3918047356720145,,74.26695098104119,3.601779370161559,,,,,,,,,,,,,,,,
321,2025-05-15 20:02:26.441541,41.1784456,2.1017516,4.050219535827637,102.6440418658166,23.670000000000016,49.0,1011.0,,10.0,340.0,327.39361288663576,6.3470505024614905,,70.03765475245234,3.4118738785839833,,,,,,,,,,,,,,,,
322,2025-05-15 20:02:31.440520,41.1783328,2.1016337,3.8608615398406982,105.20122370993435,23.670000000000016,49.0,1011.0,,10.1,341.0,329.9715744529017,6.570831187478992,,75.17279816283605,3.3426460384143586,,,,,,,,,,,,,,,,
323,2025-05-15 20:02:36.441282,41.1781709,2.1014913,3.799654483795166,105.48481316427329,23.670000000000016,49.0,1011.0,,10.0,339.0,327.0840716080289,6.594824722898611,,72.56888477230223,3.1896914964200214,,,,,,,,,,,,,,,,
324,2025-05-15 20:02:41.441172,41.1780405,2.1013705,3.9592480659484863,105.14042819613208,23.670000000000016,49.0,1011.0,,9.9,339.0,326.11733036410993,6.363911579130545,,71.257758560242,3.2868923181210152,,,,,,,,,,,,,,,,
325,2025-05-15 20:02:46.441242,41.1779027,2.1012136,4.059746265411377,105.12840706319285,23.670000000000016,49.0,1011.0,,9.5,341.0,327.8590413815471,5.81367311794873,,72.98744844473998,3.437556973638483,,,,,,,,,,,,,,,,
326,2025-05-15 20:02:51.441294,41.1777652,2.1010461,3.860513925552368,104.0735936289111,23.670000000000016,49.0,1011.0,,10.0,344.0,334.39653640338537,6.378423355656503,,78.47013003229648,3.4814361833827063,,,,,,,,,,,,,,,,
327,2025-05-15 20:02:56.441536,41.1776346,2.1008677,4.169039249420166,103.8465991220349,23.670000000000016,49.0,1011.0,,9.8,343.0,331.1576647430602,5.9395450876032045,,75.00426386509508,3.651871923631479,,,,,,,,,,,,,,,,
328,2025-05-15 20:03:01.441169,41.1775246,2.1007201,4.110243797302246,103.47304924613773,23.670000000000016,49.0,1011.0,,9.7,345.0,334.48209700283365,5.8277273213305865,,77.9551462489714,3.709292474676416,,,,,,,,,,,,,,,,
329,2025-05-15 20:03:06.441303,41.1773475,2.1005223,4.080193996429443,104.9862435058082,23.670000000000016,49.0,1011.0,,9.5,340.0,326.1634126259098,5.835199006197161,,71.14965613171802,3.389127728769047,,,,,,,,,,,,,,,,
330,2025-05-15 20:03:11.440546,41.1772105,2.1003987,4.039984703063965,104.6724236342028,23.670000000000016,49.0,1011.0,,9.8,340.0,327.0389401738118,6.160611792287398,,71.7113638080146,3.389710904688521,,,,,,,,,,,,,,,,
331,2025-05-15 20:03:16.440925,41.1770868,2.1002807,3.9410643577575684,103.58051544253871,23.670000000000016,49.0,1011.0,,9.4,342.0,329.83982976442974,5.7815481859627775,,73.42034520696848,3.407539904023291,,,,,,,,,,,,,,,,
332,2025-05-15 20:03:21.441146,41.1769567,2.1001474,3.9003684520721436,104.60805593146459,23.670000000000016,49.0,1011.0,,9.2,344.0,332.84234165803576,5.555737383128635,,77.45039758950037,3.470368144549719,,,,,,,,,,,,,,,,
333,2025-05-15 20:03:26.440225,41.176817,2.099993,4.0297017097473145,105.32039002038357,23.670000000000016,49.0,1011.0,,9.2,343.0,330.57246818199724,5.474653808497451,,75.89285820238081,3.5097808146256964,,,,,,,,,,,,,,,,
334,2025-05-15 20:03:31.441126,41.1766705,2.0998335,4.041281700134277,103.97502033880947,23.670000000000016,49.0,1011.0,,9.3,345.0,334.0306693675003,5.496853662061156,,78.0056897063098,3.6332277056714926,,,,,,,,,,,,,,,,
335,2025-05-15 20:03:36.441620,41.1765219,2.0996642,4.2245588302612305,105.11247906204838,23.670000000000016,49.0,1011.0,,9.7,339.0,324.2638797976899,5.95180375018303,,69.37635885973827,3.429139847538966,,,,,,,,,,,,,,,,
336,2025-05-15 20:03:41.441719,41.1763771,2.0995147,3.990602731704712,105.49943659928628,23.670000000000016,49.0,1011.0,,9.8,343.0,331.9666706792445,6.096454353238314,,77.46610727853079,3.5224026678539,,,,,,,,,,,,,,,,
337,2025-05-15 20:03:46.441353,41.1762598,2.099444,3.77203631401062,103.40890010945297,23.670000000000016,49.0,1011.0,,10.1,342.0,331.85262940079895,6.6160698067773795,,75.26152951025193,3.325944529224228,,,,,,,,,,,,,,,,
338,2025-05-15 20:03:51.441501,41.1761207,2.0993168,3.8198745250701904,103.97769777296412,23.670000000000016,49.0,1011.0,,9.9,339.0,326.804356162197,6.480082687691556,,70.78205393516112,3.1964937000022813,,,,,,,,,,,,,,,,
339,2025-05-15 20:03:56.440559,41.1759938,2.0991607,4.088996887207031,104.50272758427383,23.670000000000016,49.0,1011.0,,10.2,340.0,327.59389371367905,6.509603016817447,,72.09662129795288,3.4522207347926743,,,,,,,,,,,,,,,,
340,2025-05-15 20:04:01.440609,41.1758663,2.0989951,3.900510311126709,104.11124846180537,23.670000000000016,49.0,1011.0,,10.5,343.0,333.438247542468,6.865302098358505,,77.54949600427335,3.488822904277007,,,,,,,,,,,,,,,,
341,2025-05-15 20:04:06.441205,41.1757386,2.098852,3.760092258453369,104.38839704775698,23.670000000000016,49.0,1011.0,,10.4,339.0,327.9336319415199,7.02018833638484,,72.32202898927687,3.1864288951999744,,,,,,,,,,,,,,,,
342,2025-05-15 20:04:11.441332,41.1756123,2.0986989,4.427584648132324,104.08894789416529,23.670000000000016,49.0,1011.0,,9.9,339.0,323.61526286092044,5.980809293573187,,67.70421075508574,3.564435203054156,,,,,,,,,,,,,,,,
343,2025-05-15 20:04:16.440345,41.1754594,2.098534,3.742961883544922,105.86894983338397,23.670000000000016,49.0,1011.0,,9.6,341.0,329.6319310293522,6.182248448546288,,75.50088086273615,3.22941085198266,,,,,,,,,,,,,,,,
344,2025-05-15 20:04:21.441345,41.1753063,2.0984217,3.9597408771514893,103.57697740454864,23.670000000000016,49.0,1011.0,,9.8,340.0,327.44057990731153,6.228092635591292,,71.01755731186017,3.3374033384429946,,,,,,,,,,,,,,,,
345,2025-05-15 20:04:26.441020,41.1751516,2.0982815,4.0314040184021,102.5398814809739,23.670000000000016,49.0,1011.0,,10.2,341.0,329.38983687728484,6.521668782039785,,71.92971835825875,3.469634801326451,,,,,,,,,,,,,,,,
346,2025-05-15 20:04:31.440905,41.1750057,2.0981264,3.612522602081299,104.4929877345174,23.670000000000016,49.0,1011.0,,9.8,340.0,329.08204701544133,6.523416838683956,,73.57503474995872,3.0991974143402827,,,,,,,,,,,,,,,,
347,2025-05-15 20:04:36.440988,41.1748646,2.0979995,3.9294111728668213,105.37141153348357,23.670000000000016,49.0,1011.0,,10.2,346.0,337.53491729624204,6.457660448029784,,82.90632882972562,3.6312182833033,,,,,,,,,,,,,,,,
348,2025-05-15 20:04:41.441285,41.1747183,2.0978603,3.9006354808807373,105.82420526413122,23.670000000000016,49.0,1011.0,,10.2,342.0,331.4789952793353,6.6012552898913155,,77.30320054346657,3.427262653533971,,,,,,,,,,,,,,,,
349,2025-05-15 20:04:46.440999,41.1745781,2.0977077,4.159534931182861,106.68344306171882,23.670000000000016,49.0,1011.0,,9.8,340.0,326.42402409042046,6.060653342779867,,73.1074671521393,3.465529856196438,,,,,,,,,,,,,,,,
350,2025-05-15 20:04:51.441463,41.1743923,2.0974919,3.9126780033111572,105.75041873052757,23.670000000000016,49.0,1011.0,,9.5,340.0,327.0578977325191,5.975070782874549,,72.80831646304671,3.2835995930383057,,,,,,,,,,,,,,,,
351,2025-05-15 20:04:56.441089,41.174257,2.0973266,3.9399473667144775,105.33021183241004,23.670000000000016,49.0,1011.0,,9.8,343.0,332.18878630889594,6.141212690815356,,77.51899814130599,3.4848427817605048,,,,,,,,,,,,,,,,
352,2025-05-15 20:05:01.441636,41.1741347,2.0972014,3.8701703548431396,104.3307229304054,23.670000000000016,49.0,1011.0,,9.9,340.0,328.0666607878448,6.401574978676979,,72.39738371825018,3.2844744736209384,,,,,,,,,,,,,,,,
353,2025-05-15 20:05:06.440292,41.1740052,2.0970595,3.9423959255218506,103.07420717974401,23.670000000000016,49.0,1011.0,,9.7,340.0,327.3248660259811,6.145116976969808,,70.39907320572513,3.3184927039336367,,,,,,,,,,,,,,,,
354,2025-05-15 20:05:11.440499,41.1738697,2.0969032,3.940028429031372,106.21449593368409,23.670000000000016,49.0,1011.0,,9.8,343.0,332.1884334509892,6.141140992149183,,78.40292938467326,3.4849031595014948,,,,,,,,,,,,,,,,
355,2025-05-15 20:05:16.441085,41.1737335,2.0967551,4.069599628448486,106.234378614358,23.670000000000016,49.0,1011.0,,9.8,343.0,331.6137071568157,6.026840178457903,,77.84808577117366,3.5802804661811702,,,,,,,,,,,,,,,,
356,2025-05-15 20:05:21.441433,41.1735878,2.0966175,4.079948902130127,104.82929258887049,23.670000000000016,49.0,1011.0,,9.7,341.0,328.1910845291517,5.991430049618155,,73.02037711802217,3.4671841757701607,,,,,,,,,,,,,,,,
357,2025-05-15 20:05:26.441067,41.1734527,2.0964801,4.099794864654541,103.96926248933916,23.670000000000016,49.0,1011.0,,10.0,341.0,328.7034929164693,6.267349832161648,,72.67275540580846,3.503235763521285,,,,,,,,,,,,,,,,
358,2025-05-15 20:05:31.441361,41.173324,2.096317,4.080000400543213,104.34977232800057,23.670000000000016,49.0,1011.0,,10.0,340.0,327.2481719168874,6.321983698535821,,71.59794424488791,3.4313690857082455,,,,,,,,,,,,,,,,
359,2025-05-15 20:05:36.441349,41.1731892,2.0961258,4.000307083129883,104.4276638052954,23.670000000000016,49.0,1011.0,,10.3,340.0,328.1856328281828,6.682502554680195,,72.61329663347817,3.399303066149591,,,,,,,,,,,,,,,,
360,2025-05-15 20:05:41.441350,41.1730478,2.0959325,4.069765090942383,104.412220747582,23.670000000000016,49.0,1011.0,,10.0,340.0,327.2982880445075,6.330594238271813,,71.71050879208951,3.4246855084131402,,,,,,,,,,,,,,,,
361,2025-05-15 20:05:46.440516,41.1729258,2.0957902,3.8805124759674072,103.04860080054563,23.670000000000016,49.0,1011.0,,9.9,343.0,332.61209744017674,6.292179022928109,,75.66069824072235,3.445555658006923,,,,,,,,,,,,,,,,
362,2025-05-15 20:05:51.441104,41.1728053,2.0956536,4.059210777282715,103.93186037344417,23.670000000000016,49.0,1011.0,,10.5,342.0,331.30145056107574,6.756913204907479,,75.23331093451992,3.560570511102016,,,,,,,,,,,,,,,,
363,2025-05-15 20:05:56.440620,41.1726692,2.0955088,4.013257026672363,104.764030131351,23.670000000000016,49.0,1011.0,,10.3,339.0,326.62180357200305,6.709265899194879,,71.38583370335402,3.351299516774395,,,,,,,,,,,,,,,,
364,2025-05-15 20:06:01.441763,41.1725261,2.0953585,4.0368781089782715,104.7255625059455,23.670000000000016,49.0,1011.0,,9.9,341.0,328.8083188950266,6.2234161619851305,,73.53388140097212,3.4533048481112307,,,,,,,,,,,,,,,,
365,2025-05-15 20:06:06.441412,41.172366,2.095206,3.9507548809051514,103.84804029194977,23.670000000000016,49.0,1011.0,,10.0,341.0,329.397145175365,6.395171739545874,,73.24518546731474,3.400480555023104,,,,,,,,,,,,,,,,
366,2025-05-15 20:06:11.440816,41.1722225,2.095059,3.9104926586151123,104.26633473709968,23.670000000000016,49.0,1011.0,,9.5,341.0,328.6248958306098,5.940583078473112,,72.89123056770944,3.3386890925252226,,,,,,,,,,,,,,,,
367,2025-05-15 20:06:16.441302,41.1720867,2.0949153,3.886406421661377,104.09598298901041,23.670000000000016,49.0,1011.0,,9.6,341.0,328.9461451188468,6.058919141674703,,73.0421281078572,3.3294175922246607,,,,,,,,,,,,,,,,
368,2025-05-15 20:06:21.440728,41.1719398,2.0947775,3.9301109313964844,103.61683155835567,23.670000000000016,49.0,1011.0,,9.3,341.0,328.0940471454799,5.72872622690052,,71.71087870383559,3.3363371166736586,,,,,,,,,,,,,,,,
369,2025-05-15 20:06:26.440898,41.1717965,2.0946295,4.03094482421875,104.52155841581556,23.670000000000016,49.0,1011.0,,9.8,342.0,330.207395281505,6.094985797741148,,74.72895369732055,3.4981732004397164,,,,,,,,,,,,,,,,
370,2025-05-15 20:06:31.441294,41.1716628,2.0944594,4.080039978027344,106.06791324390645,23.670000000000016,49.0,1011.0,,9.8,338.0,323.747556741062,6.208136695294913,,69.81546998496844,3.2902233435994446,,,,,,,,,,,,,,,,
371,2025-05-15 20:06:36.441127,41.1715207,2.0942944,3.9409799575805664,104.9848569774067,23.670000000000016,49.0,1011.0,,9.8,341.0,329.0718054826558,6.207772209842576,,74.05666246006251,3.3806202729303036,,,,,,,,,,,,,,,,
372,2025-05-15 20:06:41.441322,41.1713711,2.094156,3.990267276763916,103.69224367698178,23.670000000000016,49.0,1011.0,,9.2,340.0,325.9424078468202,5.61864202322447,,69.63465152380195,3.30583695502317,,,,,,,,,,,,,,,,
373,2025-05-15 20:06:46.441021,41.1712184,2.0940323,3.99818754196167,106.30034458136198,23.670000000000016,49.0,1011.0,,9.2,340.0,325.8971236635443,5.6120820338111725,,72.19746824490625,3.310627980952872,,,,,,,,,,,,,,,,
374,2025-05-15 20:06:51.441154,41.1710847,2.0939181,3.958789348602295,106.64772800254883,23.670000000000016,49.0,1011.0,,9.5,337.0,322.2034507900198,6.05676495598983,,68.85117879256865,3.128203375616527,,,,,,,,,,,,,,,,
375,2025-05-15 20:06:56.440735,41.170959,2.0938033,3.7794711589813232,104.62332823444875,23.670000000000016,49.0,1011.0,,9.3,342.0,330.4313407764485,5.8238196835972085,,75.05466901089727,3.287251677727451,,,,,,,,,,,,,,,,
376,2025-05-15 20:07:01.441392,41.1708392,2.0936666,3.8393876552581787,104.12675982141047,23.670000000000016,49.0,1011.0,,9.5,341.0,328.9783304241858,6.001405083383049,,73.10509024559627,3.290249442346675,,,,,,,,,,,,,,,,
377,2025-05-15 20:07:06.440839,41.1707207,2.0935426,3.9786734580993652,104.2577013779888,23.670000000000016,49.0,1011.0,,9.6,343.0,331.6499896356438,5.9107710967708265,,75.90769101363259,3.5014841445990004,,,,,,,,,,,,,,,,
378,2025-05-15 20:07:11.440493,41.1705893,2.0933953,4.029633045196533,103.77010783351993,23.670000000000016,49.0,1011.0,,9.5,343.0,331.2141248436633,5.768046012880101,,74.98423267718323,3.5316728250244034,,,,,,,,,,,,,,,,
379,2025-05-15 20:07:16.441522,41.1704532,2.0932312,3.9304418563842773,104.2351276027819,23.670000000000016,49.0,1011.0,,9.4,338.0,323.65098296823726,5.9410957955600034,,67.88611057101917,3.1656624346701046,,,,,,,,,,,,,,,,
380,2025-05-15 20:07:21.441175,41.1703176,2.0930731,3.989746570587158,104.54010920960131,23.670000000000016,49.0,1011.0,,10.3,338.0,325.2418808331466,6.767862916301022,,69.7819900427479,3.277840759878655,,,,,,,,,,,,,,,,
381,2025-05-15 20:07:26.441320,41.1701716,2.0928927,4.141963958740234,103.38165448485378,23.670000000000016,49.0,1011.0,,9.7,339.0,324.7230835037484,6.019040599651259,,68.10473798860221,3.381376495998809,,,,,,,,,,,,,,,,
382,2025-05-15 20:07:31.441442,41.1700312,2.0927179,3.9406239986419678,105.39528987482193,23.670000000000016,49.0,1011.0,,9.8,342.0,330.6238966132357,6.1735319961909925,,76.01918648805758,3.43393257048744,,,,,,,,,,,,,,,,
383,2025-05-15 20:07:36.441691,41.1698872,2.0925743,3.601496696472168,106.19266664909672,23.670000000000016,49.0,1011.0,,9.9,343.0,333.73642442507844,6.5411799967707935,,79.92909107417518,3.229706705518309,,,,,,,,,,,,,,,,
384,2025-05-15 20:07:41.441252,41.1697408,2.0924307,3.9790096282958984,104.68466333319546,23.670000000000016,49.0,1011.0,,9.9,344.0,333.766428995919,6.173337886569073,,78.45109232911443,3.5691697527243447,,,,,,,,,,,,,,,,
385,2025-05-15 20:07:46.440548,41.1695925,2.0922576,3.880523204803467,102.78278349842707,23.670000000000016,49.0,1011.0,,9.7,342.0,330.71512495925293,6.127877353545692,,73.49790845768001,3.384586244442568,,,,,,,,,,,,,,,,
386,2025-05-15 20:07:51.441164,41.169442,2.0921158,3.979607105255127,103.08627612400741,23.670000000000016,49.0,1011.0,,9.7,340.0,327.1365978454347,6.113827652277261,,70.22287396944216,3.342737238498064,,,,,,,,,,,,,,,,
387,2025-05-15 20:07:56.441237,41.1692866,2.0919483,3.98014760017395,104.8975261786789,23.670000000000016,49.0,1011.0,,9.4,346.0,336.13679858639,5.621163139325986,,81.0343247650689,3.639900588868066,,,,,,,,,,,,,,,,
388,2025-05-15 20:08:01.441085,41.1691183,2.0917778,4.408754348754883,105.6642012526345,23.670000000000016,49.0,1011.0,,9.5,342.0,327.60235511045903,5.479105622018471,,73.26655636309351,3.722531512366861,,,,,,,,,,,,,,,,
389,2025-05-15 20:08:06.441338,41.16893,2.0915619,4.261412143707275,105.19053446388328,23.670000000000016,49.0,1011.0,,9.7,342.0,328.8738777783004,5.798660532694517,,74.06441224218372,3.6479030225603224,,,,,,,,,,,,,,,,
390,2025-05-15 20:08:11.441108,41.1687814,2.0914127,3.9912662506103516,102.26288315918404,23.670000000000016,49.0,1011.0,,10.1,345.0,335.6070827685837,6.329597920234708,,77.8699659277678,3.634984754544473,,,,,,,,,,,,,,,,
391,2025-05-15 20:08:16.440927,41.1686693,2.0913058,3.836087703704834,102.88006588277557,23.670000000000016,49.0,1011.0,,9.5,345.0,335.277334967596,5.87906636780579,,78.15740085037157,3.484482672008898,,,,,,,,,,,,,,,,
392,2025-05-15 20:08:21.440560,41.1685282,2.0911467,4.259565830230713,104.51557517010262,23.670000000000016,49.0,1011.0,,9.6,343.0,330.30085711420594,5.665138504551628,,74.81643228430858,3.700024688583962,,,,,,,,,,,,,,,,
393,2025-05-15 20:08:26.441048,41.1683902,2.0909903,3.950932025909424,106.7911141637949,23.670000000000016,49.0,1011.0,,9.5,343.0,331.5861187424171,5.837144612132163,,78.37723290621204,3.4749763454019744,,,,,,,,,,,,,,,,
394,2025-05-15 20:08:31.441092,41.168265,2.0908782,3.738006830215454,106.83006673263148,23.670000000000016,49.0,1011.0,,10.0,340.0,328.8516011795634,6.612196788263466,,75.68166791219483,3.199100081657705,,,,,,,,,,,,,,,,
395,2025-05-15 20:08:36.441626,41.1681362,2.0907828,3.8682329654693604,105.48457410765234,23.670000000000016,49.0,1011.0,,9.6,341.0,329.0345687060303,6.074495263154224,,74.51914281368266,3.3169242280261666,,,,,,,,,,,,,,,,
396,2025-05-15 20:08:41.441008,41.1679831,2.0906536,4.079958915710449,104.91219059482692,23.670000000000016,49.0,1011.0,,9.0,345.0,333.2100068973555,5.168093109647883,,78.12219749218247,3.64203469804452,,,,,,,,,,,,,,,,
397,2025-05-15 20:08:46.441624,41.1678322,2.0905032,3.990316152572632,104.31488372172014,23.670000000000016,49.0,1011.0,,9.0,340.0,325.4290254937706,5.424808883299603,,69.74390921549076,3.2857217967565,,,,,,,,,,,,,,,,
398,2025-05-15 20:08:51.441566,41.167707,2.0903599,3.9388797283172607,103.60346487814995,23.670000000000016,49.0,1011.0,,8.8,343.0,330.11240358483394,5.163296598945276,,73.7158684629839,3.415027012429947,,,,,,,,,,,,,,,,
399,2025-05-15 20:08:56.440848,41.1675956,2.0902325,3.9620726108551025,103.59343133025921,23.670000000000016,49.0,1011.0,,9.1,346.0,335.6640757161167,5.342308935492651,,79.2575070463759,3.610022962899859,,,,,,,,,,,,,,,,
400,2025-05-15 20:09:01.441038,41.1674857,2.0901056,4.0793843269348145,104.37525576379389,23.670000000000016,49.0,1011.0,,8.9,341.0,326.24530672947606,5.214824769079594,,70.62056249326997,3.3916984469639293,,,,,,,,,,,,,,,,
401,2025-05-15 20:09:06.441308,41.1673685,2.0899862,3.8906915187835693,105.57492384999327,23.670000000000016,49.0,1011.0,,9.1,346.0,335.97575276955695,5.407427472554416,,81.55067661955025,3.5536535468846786,,,,,,,,,,,,,,,,
402,2025-05-15 20:09:11.441414,41.1672274,2.089859,4.187840938568115,105.09041755102923,23.670000000000016,49.0,1011.0,,9.2,344.0,331.42412687715637,5.301581632010738,,76.51454442818562,3.677696881712416,,,,,,,,,,,,,,,,
403,2025-05-15 20:09:16.441030,41.1670639,2.0896975,3.9506916999816895,104.68484091811388,23.670000000000016,49.0,1011.0,,9.3,343.0,331.18530436550634,5.641449373559181,,75.87014528362022,3.461529251712851,,,,,,,,,,,,,,,,
404,2025-05-15 20:09:21.441060,41.1669055,2.0895213,4.095131874084473,105.3660293444176,23.670000000000016,49.0,1011.0,,9.3,338.0,322.4233623112972,5.712881774117654,,67.78939165571478,3.2455491147056943,,,,,,,,,,,,,,,,
405,2025-05-15 20:09:26.441116,41.1667419,2.0893457,4.020304203033447,103.8055974964473,23.670000000000016,49.0,1011.0,,9.1,344.0,332.0490137979643,5.351427206131396,,75.8546112944116,3.5513312158108956,,,,,,,,,,,,,,,,
406,2025-05-15 20:09:31.441245,41.1665916,2.0891851,3.870903968811035,104.32852360949266,23.670000000000016,49.0,1011.0,,8.6,344.0,331.66456711522267,4.994349613025704,,75.99309072471533,3.407107736145769,,,,,,,,,,,,,,,,
407,2025-05-15 20:09:36.440646,41.166446,2.0890046,4.059622287750244,103.42092807258136,23.670000000000016,49.0,1011.0,,9.4,345.0,334.1436186606749,5.578548707336446,,77.5645467332563,3.6532137065571564,,,,,,,,,,,,,,,,
408,2025-05-15 20:09:41.440475,41.1662966,2.088824,4.288663387298584,104.68574933327349,23.670000000000016,49.0,1011.0,,9.8,346.0,335.5742349216759,5.7333853201546665,,80.25998425494936,3.9048185862965443,,,,,,,,,,,,,,,,
409,2025-05-15 20:09:46.441162,41.1661457,2.0886578,3.8512580394744873,105.19289770933611,23.670000000000016,49.0,1011.0,,9.8,345.0,335.6894865359551,6.1611369281645825,,80.88238424529118,3.509758326266696,,,,,,,,,,,,,,,,
410,2025-05-15 20:09:51.441210,41.1660154,2.0885178,3.9796102046966553,104.02365128569997,23.670000000000016,49.0,1011.0,,9.4,345.0,334.4974406020832,5.650658528531099,,78.5210918877832,3.5918610731522214,,,,,,,,,,,,,,,,
411,2025-05-15 20:09:56.441533,41.1658923,2.0883661,3.9102656841278076,105.99280165360382,23.670000000000016,49.0,1011.0,,9.6,344.0,333.5454237147719,5.939817855545788,,79.53822536837572,3.500813251675911,,,,,,,,,,,,,,,,
412,2025-05-15 20:10:01.441207,41.165752,2.0882128,3.959747314453125,106.87768681152481,23.670000000000016,49.0,1011.0,,9.4,343.0,331.3463538295639,5.731419129405836,,78.22404064108872,3.4748144455534935,,,,,,,,,,,,,,,,
413,2025-05-15 20:10:06.440931,41.1656035,2.0880578,3.7531681060791016,104.79991594525026,23.670000000000016,49.0,1011.0,,9.5,341.0,329.3973805731184,6.075455354229844,,74.19729651836872,3.230422175593972,,,,,,,,,,,,,,,,
414,2025-05-15 20:10:11.440553,41.1654594,2.0879283,3.850454568862915,105.40470870568737,23.670000000000016,49.0,1011.0,,9.9,344.0,334.28414985705194,6.288908450971825,,79.68885856273931,3.4690940763874005,,,,,,,,,,,,,,,,
415,2025-05-15 20:10:16.440742,41.165331,2.0877709,4.109395503997803,104.71591827883744,23.670000000000016,49.0,1011.0,,10.3,339.0,326.16465747351475,6.629195768610059,,70.88057575235217,3.4134330643439412,,,,,,,,,,,,,,,,
416,2025-05-15 20:10:21.441014,41.1651962,2.0876071,3.9008030891418457,104.4406684854751,23.670000000000016,49.0,1011.0,,10.0,343.0,332.6902946228225,6.372529624554567,,77.13096310829758,3.4660177391488807,,,,,,,,,,,,,,,,
417,2025-05-15 20:10:26.441007,41.1650659,2.0874741,3.8482437133789062,104.87941251700003,23.670000000000016,49.0,1011.0,,9.5,343.0,332.058424779388,5.927663801076058,,76.93783729638807,3.39963799705847,,,,,,,,,,,,,,,,
418,2025-05-15 20:10:31.441164,41.1649206,2.0873476,3.9625260829925537,104.5298161145221,23.670000000000016,49.0,1011.0,,9.7,345.0,335.09372275709217,5.961374934426526,,79.6235388716143,3.5940027597775064,,,,,,,,,,,,,,,,
419,2025-05-15 20:10:36.441422,41.1647752,2.0872119,3.8091611862182617,103.69797420569542,23.670000000000016,49.0,1011.0,,9.7,346.0,337.27407608261365,6.074295040638239,,80.97205028830905,3.5134308204595355,,,,,,,,,,,,,,,,
420,2025-05-15 20:10:41.441228,41.1646327,2.0870774,3.920253276824951,105.93877485726901,23.670000000000016,49.0,1011.0,,9.1,342.0,329.29108194765695,5.5065257312968185,,75.22985680492593,3.370527118863313,,,,,,,,,,,,,,,,
421,2025-05-15 20:10:46.440298,41.1645051,2.086914,3.870666265487671,104.80928696479151,23.670000000000016,49.0,1011.0,,9.4,340.0,327.062248386413,5.912868223405158,,71.8715353512045,3.2485022989179635,,,,,,,,,,,,,,,,
422,2025-05-15 20:10:51.440646,41.1643616,2.0867617,3.7803609371185303,102.92030935736528,23.670000000000016,49.0,1011.0,,9.7,340.0,328.1227369319782,6.282118245500514,,71.04304628934347,3.210211902931488,,,,,,,,,,,,,,,,
423,2025-05-15 20:10:56.440796,41.1642292,2.0866123,3.9099068641662598,105.60988075816539,23.670000000000016,49.0,1011.0,,10.2,344.0,334.50199394032705,6.531088740859673,,80.11187469849244,3.529082975413207,,,,,,,,,,,,,,,,
424,2025-05-15 20:11:01.440663,41.164088,2.0864823,3.7407631874084473,105.34577100333934,23.670000000000016,49.0,1011.0,,9.6,342.0,331.1695840505997,6.151902704243209,,76.51535505393906,3.2770986336831904,,,,,,,,,,,,,,,,
425,2025-05-15 20:11:06.441027,41.1639516,2.0863423,4.058341026306152,104.60903947870509,23.670000000000016,49.0,1011.0,,9.7,344.0,333.08148397316927,5.9057813199883595,,77.69052345187436,3.618624937060937,,,,,,,,,,,,,,,,
426,2025-05-15 20:11:11.440655,41.1638051,2.0862017,4.064172744750977,106.12530049331289,23.670000000000016,49.0,1011.0,,9.7,343.0,331.4479855747427,5.933607522989624,,77.57328606805561,3.5699025845409236,,,,,,,,,,,,,,,,
427,2025-05-15 20:11:16.441026,41.1636682,2.0860547,4.258608341217041,105.15617178216895,23.670000000000016,49.0,1011.0,,9.8,344.0,332.37607465933894,5.825843999468424,,77.53224644150788,3.77316974965223,,,,,,,,,,,,,,,,
428,2025-05-15 20:11:21.441196,41.1635372,2.0858631,4.080681324005127,105.55674188642269,23.670000000000016,49.0,1011.0,,9.6,343.0,331.1732170534241,5.821199264751547,,76.72995893984677,3.575008959407974,,,,,,,,,,,,,,,,
429,2025-05-15 20:11:26.440332,41.1633928,2.0857042,4.109843730926514,104.93358957749658,23.670000000000016,49.0,1011.0,,9.9,345.0,334.83093176813446,6.024839607715377,,79.76452134563101,3.7196419429382943,,,,,,,,,,,,,,,,
430,2025-05-15 20:11:31.440977,41.1632585,2.0855522,3.6711063385009766,103.12959318372364,23.670000000000016,49.0,1011.0,,9.4,344.0,334.2210581353293,5.957668699762991,,77.35065131905299,3.3057529631388594,,,,,,,,,,,,,,,,
431,2025-05-15 20:11:36.440811,41.1631278,2.0854145,3.7368311882019043,104.78694541601641,23.670000000000016,49.0,1011.0,,9.2,342.0,330.441155402471,5.762938012452138,,75.2281008184874,3.250480749104436,,,,,,,,,,,,,,,,
432,2025-05-15 20:11:41.440241,41.163,2.0852378,3.9808828830718994,104.13392468984982,23.670000000000016,49.0,1011.0,,9.2,349.0,340.8322201373014,5.346490442268554,,84.96614482715125,3.760187346836055,,,,,,,,,,,,,,,,
433,2025-05-15 20:11:46.441087,41.1628781,2.0850747,3.7409214973449707,104.60859551640903,23.670000000000016,49.0,1011.0,,9.1,345.0,334.99194425916505,5.571324323741882,,79.60053977557408,3.390203965456162,,,,,,,,,,,,,,,,
434,2025-05-15 20:11:51.441241,41.1627393,2.0849498,3.908759355545044,105.30996032152096,23.670000000000016,49.0,1011.0,,9.2,343.0,331.18259142571173,5.580308300237772,,76.49255174723271,3.424699632913462,,,,,,,,,,,,,,,,
435,2025-05-15 20:11:56.441602,41.1626116,2.0848287,3.7732951641082764,104.22155601690109,23.670000000000016,49.0,1011.0,,8.7,344.0,332.4135563623411,5.1783971365317605,,76.63511237924223,3.344321204772874,,,,,,,,,,,,,,,,
436,2025-05-15 20:12:01.441211,41.1624681,2.0847103,3.9892003536224365,105.52431214824347,23.670000000000016,49.0,1011.0,,9.3,345.0,334.26637476530914,5.543723190434471,,79.79068691355258,3.5935608938092525,,,,,,,,,,,,,,,,
437,2025-05-15 20:12:06.447369,41.1622927,2.0845927,3.952625036239624,105.34491722969308,23.670000000000016,49.0,1011.0,,9.0,345.0,333.83256414843993,5.282071355309119,,79.177481378133,3.547517157511144,,,,,,,,,,,,,,,,
438,2025-05-15 20:12:11.440633,41.1621493,2.084457,4.009333610534668,104.05381340107475,23.670000000000016,49.0,1011.0,,8.7,345.0,332.8680886583056,4.937554807564286,,76.92190205938039,3.568142318922186,,,,,,,,,,,,,,,,
439,2025-05-15 20:12:16.440427,41.1620115,2.0842798,4.099597454071045,104.14602095486991,23.670000000000016,49.0,1011.0,,9.1,344.0,331.6458200209942,5.281514371900109,,75.79184097586415,3.607763225708741,,,,,,,,,,,,,,,,
440,2025-05-15 20:12:21.440964,41.1618632,2.0840776,4.110227584838867,102.41496415124354,23.670000000000016,49.0,1011.0,,9.6,346.0,335.95217039893606,5.699276674721601,,78.36713455017957,3.7534828564796574,,,,,,,,,,,,,,,,
441,2025-05-15 20:12:26.441510,41.1617325,2.083879,3.9604923725128174,103.07723295354631,23.670000000000016,49.0,1011.0,,9.4,345.0,334.5806481586229,5.667919611729628,,77.6578811121692,3.5770785596819854,,,,,,,,,,,,,,,,
442,2025-05-15 20:12:31.441196,41.1616122,2.0837421,3.9399709701538086,104.59936793084034,23.670000000000016,49.0,1011.0,,10.0,345.0,335.65147740337864,6.277656963202068,,80.25084533421898,3.58952807320311,,,,,,,,,,,,,,,,
443,2025-05-15 20:12:36.441212,41.1614963,2.0836108,3.87015438079834,103.7648963991832,23.670000000000016,49.0,1011.0,,10.1,342.0,331.4464813393339,6.529719516495117,,75.21137773851711,3.399431475773341,,,,,,,,,,,,,,,,
444,2025-05-15 20:12:41.440712,41.1613817,2.0834632,3.770193576812744,105.2818677534647,23.670000000000016,49.0,1011.0,,9.4,343.0,332.22930076411853,5.898459417219258,,77.5111685175832,3.3359402950109764,,,,,,,,,,,,,,,,
445,2025-05-15 20:12:46.441234,41.1612451,2.0833087,4.018940448760986,104.5192703024436,23.670000000000016,49.0,1011.0,,9.3,345.0,334.132270017722,5.516947759264461,,78.65154032016562,3.6162572886297593,,,,,,,,,,,,,,,,
446,2025-05-15 20:12:51.440895,41.1610966,2.0831471,3.9346354007720947,103.76738258804109,23.670000000000016,49.0,1011.0,,8.9,343.0,330.3781645837923,5.264514033133261,,74.14554717183336,3.420404621516422,,,,,,,,,,,,,,,,
447,2025-05-15 20:12:56.440431,41.1609556,2.0830012,4.338565349578857,106.07770773517625,23.670000000000016,49.0,1011.0,,9.3,343.0,329.1657592880457,5.304896104957633,,75.24346702322197,3.725325363686333,,,,,,,,,,,,,,,,
448,2025-05-15 20:13:01.440902,41.1607935,2.0828737,3.9911394119262695,104.85632647760539,23.670000000000016,49.0,1011.0,,9.8,347.0,338.36368028918645,5.978946158401755,,83.22000676679181,3.709935484797893,,,,,,,,,,,,,,,,
449,2025-05-15 20:13:06.441094,41.160643,2.0827449,4.169363021850586,102.92150464047003,23.670000000000016,49.0,1011.0,,9.3,349.0,340.3136300839384,5.267660820672535,,83.23513472440845,3.925666712259597,,,,,,,,,,,,,,,,
450,2025-05-15 20:13:11.440968,41.1604979,2.0825848,3.8617703914642334,104.36548859328076,23.670000000000016,49.0,1011.0,,9.9,345.0,335.7981219038798,6.250250569487401,,80.16361049716056,3.5223465661668403,,,,,,,,,,,,,,,,
451,2025-05-15 20:13:16.440836,41.1603655,2.0824336,3.9599831104278564,104.628280121597,23.670000000000016,49.0,1011.0,,9.9,348.0,340.22060775960244,6.082532060115099,,84.84888788119946,3.7263541774032243,,,,,,,,,,,,,,,,
452,2025-05-15 20:13:21.441074,41.1602186,2.0822881,4.0730180740356445,104.70451869311269,23.670000000000016,49.0,1011.0,,10.4,344.0,334.17801451526117,6.581228000424722,,78.88253320837384,3.666334137936722,,,,,,,,,,,,,,,,
453,2025-05-15 20:13:26.440859,41.1600706,2.08216,3.8010966777801514,105.53896973420231,23.670000000000016,49.0,1011.0,,10.5,347.0,339.8291678605255,6.849902540472811,,85.36813759472784,3.5679704158841026,,,,,,,,,,,,,,,,
454,2025-05-15 20:13:31.440609,41.1599406,2.0820391,4.193645000457764,103.99074343427884,23.670000000000016,49.0,1011.0,,9.8,346.0,335.96104549377964,5.8200319835196925,,79.95178892805848,3.8299247707899244,,,,,,,,,,,,,,,,
455,2025-05-15 20:13:36.440485,41.1598066,2.081869,3.812190532684326,103.42414509168044,23.670000000000016,49.0,1011.0,,9.9,343.0,332.8955501713204,6.352920675093537,,76.31969526300082,3.393525942132588,,,,,,,,,,,,,,,,
456,2025-05-15 20:13:41.440940,41.1596716,2.0816987,3.9828128814697266,105.33393428550771,23.670000000000016,49.0,1011.0,,9.3,344.0,332.65465830035674,5.580521910980636,,77.98859258586447,3.537749459828337,,,,,,,,,,,,,,,,
457,2025-05-15 20:13:46.441211,41.1595155,2.0815356,3.9554827213287354,105.31060918949211,23.670000000000016,49.0,1011.0,,9.7,341.0,328.8075514242291,6.097555676026918,,74.11816061372122,3.3836485807956294,,,,,,,,,,,,,,,,
458,2025-05-15 20:13:51.441142,41.159362,2.0813881,4.019862174987793,104.15798744629578,23.670000000000016,49.0,1011.0,,9.8,346.0,336.6394289231272,5.979161493818127,,80.79741636942299,3.6903448728196504,,,,,,,,,,,,,,,,
459,2025-05-15 20:13:56.441238,41.1592267,2.0812691,3.870621681213379,104.22149454519855,23.670000000000016,49.0,1011.0,,9.3,343.0,331.5724330519123,5.711735747100731,,75.79392759711084,3.403900694806314,,,,,,,,,,,,,,,,
460,2025-05-15 20:14:01.440881,41.1591056,2.0811608,3.8816888332366943,104.8835447814479,23.670000000000016,49.0,1011.0,,10.2,345.0,336.14750145575096,6.528343505652394,,81.03104623719884,3.550151951563047,,,,,,,,,,,,,,,,
461,2025-05-15 20:14:06.440941,41.158981,2.0810494,4.098430156707764,105.20059533253071,23.670000000000016,49.0,1011.0,,9.9,342.0,330.0850953835546,6.1343233814729174,,75.2856907160853,3.552384198861568,,,,,,,,,,,,,,,,
462,2025-05-15 20:14:11.440961,41.1588497,2.0808755,4.1396803855896,104.16888842821112,23.670000000000016,49.0,1011.0,,9.1,347.0,336.5850833442109,5.151289736249354,,80.753971772422,3.7987826701893677,,,,,,,,,,,,,,,,
463,2025-05-15 20:14:16.440841,41.1587156,2.0806835,4.220316410064697,103.80455930769347,23.670000000000016,49.0,1011.0,,9.0,346.0,334.24175829063256,5.010177744265485,,78.04631759832603,3.800967781372508,,,,,,,,,,,,,,,,
464,2025-05-15 20:14:21.441408,41.1585649,2.0805361,3.8577301502227783,104.37138987672365,23.670000000000016,49.0,1011.0,,9.5,348.0,340.02698134298237,5.782466739055142,,84.39837121970601,3.625701486234078,,,,,,,,,,,,,,,,
465,2025-05-15 20:14:26.441364,41.1584275,2.0804027,3.8399980068206787,105.61949083432759,23.670000000000016,49.0,1011.0,,10.0,349.0,342.29288560204395,6.273488354558906,,87.91237643637157,3.6580731945946234,,,,,,,,,,,,,,,,
466,2025-05-15 20:14:31.441077,41.1582835,2.0802651,4.030487537384033,105.45491059608698,23.670000000000016,49.0,1011.0,,9.6,347.0,337.91945070613747,5.744810776083266,,83.37436130222443,3.7348766591792595,,,,,,,,,,,,,,,,
467,2025-05-15 20:14:36.441641,41.1581208,2.0801121,4.421713352203369,105.50910131696185,23.670000000000016,49.0,1011.0,,9.5,342.0,327.52960246419826,5.468168096338096,,73.03870378116011,3.7304621934042013,,,,,,,,,,,,,,,,
468,2025-05-15 20:14:41.440897,41.1579483,2.0799308,4.165375709533691,104.9789556939638,23.670000000000016,49.0,1011.0,,9.5,347.0,337.2294935728407,5.521469387985647,,82.20844926680445,3.840736769115462,,,,,,,,,,,,,,,,
469,2025-05-15 20:14:46.441339,41.1578499,2.0797431,4.086813449859619,104.5479024554443,23.670000000000016,49.0,1011.0,,9.6,346.0,336.0477314651228,5.720666550658353,,80.59563392056714,3.7348733459484253,,,,,,,,,,,,,,,,
470,2025-05-15 20:14:51.440440,41.157786,2.079642,4.035574913024902,103.71026171601227,23.670000000000016,49.0,1011.0,,9.4,346.0,335.906161685739,5.570519218578436,,79.61642340175126,3.683987896489677,,,,,,,,,,,,,,,,
471,2025-05-15 20:14:56.441510,41.1576446,2.0795161,4.217382907867432,104.22684258331867,23.670000000000016,49.0,1011.0,,9.1,346.0,334.4845073705126,5.110767247776013,,78.71134995383125,3.806056670299043,,,,,,,,,,,,,,,,
472,2025-05-15 20:15:01.441245,41.1575003,2.0793672,4.138978004455566,104.77072371673762,23.670000000000016,49.0,1011.0,,9.0,350.0,341.69537058777433,4.9760809490340705,,86.46609430451196,3.929546149654621,,,,,,,,,,,,,,,,
473,2025-05-15 20:15:06.440394,41.1573627,2.0791872,3.942434072494507,104.4572248640232,23.670000000000016,49.0,1011.0,,8.8,346.0,335.1467612319295,5.065277131474531,,79.60398609595268,3.577314747519623,,,,,,,,,,,,,,,,
474,2025-05-15 20:15:11.441142,41.1571977,2.0790554,3.7617812156677246,106.54712614626371,23.670000000000016,49.0,1011.0,,8.8,345.0,334.3276337836172,5.257338608369235,,80.87475992988095,3.390441009986388,,,,,,,,,,,,,,,,
475,2025-05-15 20:15:16.441087,41.1570448,2.0789224,4.3093156814575195,105.69234163201496,23.670000000000016,49.0,1011.0,,9.6,344.0,331.7215006481207,5.585383041194208,,77.41384228013567,3.795021248141677,,,,,,,,,,,,,,,,
476,2025-05-15 20:15:21.441014,41.1568913,2.0787442,4.303429126739502,104.35651372471136,23.670000000000016,49.0,1011.0,,9.4,344.0,331.29943221987975,5.39528836405751,,75.65594594459111,3.7747158697893677,,,,,,,,,,,,,,,,
477,2025-05-15 20:15:26.441166,41.156748,2.0785628,4.200599193572998,104.44622142927031,23.670000000000016,49.0,1011.0,,9.5,347.0,337.0871891197321,5.489008063926852,,81.53341054900238,3.869165101819186,,,,,,,,,,,,,,,,
478,2025-05-15 20:15:31.440687,41.1566478,2.0783803,4.296797275543213,104.92557093541097,23.670000000000016,49.0,1011.0,,9.6,346.0,335.1643553495091,5.529422880459063,,80.08992628492007,3.899413800881153,,,,,,,,,,,,,,,,
479,2025-05-15 20:15:36.440946,41.1565673,2.0781484,4.040897846221924,103.57062532862054,23.670000000000016,49.0,1011.0,,9.3,349.0,340.7737651802079,5.388791071827791,,84.34439050882838,3.8155195509036517,,,,,,,,,,,,,,,,
480,2025-05-15 20:15:41.441157,41.1563925,2.0780088,4.507586479187012,103.31692478208957,23.670000000000016,49.0,1011.0,,9.6,347.0,335.98235213726383,5.305736059788502,,79.29927691935342,4.117320245878579,,,,,,,,,,,,,,,,
481,2025-05-15 20:15:46.440846,41.1561925,2.0778792,3.9521324634552,105.31084141592389,23.670000000000016,49.0,1011.0,,9.4,347.0,337.8979376132601,5.619925906710067,,83.20877902918403,3.6617103568262244,,,,,,,,,,,,,,,,
482,2025-05-15 20:15:51.440549,41.1560276,2.0777549,4.069697856903076,106.95856308148693,23.670000000000016,49.0,1011.0,,9.2,347.0,337.0798466099106,5.314059858518814,,84.03840969139753,3.748389012755835,,,,,,,,,,,,,,,,
483,2025-05-15 20:15:56.440373,41.1559446,2.077675,4.0657525062561035,103.50103936135645,23.670000000000016,49.0,1011.0,,9.3,347.0,337.27834332198046,5.416231100109,,80.7793826833369,3.7502182308345877,,,,,,,,,,,,,,,,
484,2025-05-15 20:16:01.440872,41.1558196,2.0775384,3.902517318725586,102.82554731282052,23.670000000000016,49.0,1011.0,,8.9,348.0,338.9302003307786,5.147116267870373,,81.75574764359908,3.641607334195847,,,,,,,,,,,,,,,,
485,2025-05-15 20:16:06.440890,41.1557353,2.0773446,4.139118194580078,105.669644913403,23.670000000000016,49.0,1011.0,,9.6,343.0,330.8934322395971,5.770072604506698,,76.56307715300011,3.6164157343030072,,,,,,,,,,,,,,,,
486,2025-05-15 20:16:11.440243,41.1555614,2.0772085,4.588572025299072,106.19475668698276,23.670000000000016,49.0,1011.0,,9.8,347.0,336.0378705365216,5.428078452706321,,82.23262722350438,4.193101801726197,,,,,,,,,,,,,,,,
487,2025-05-15 20:16:16.441197,41.1552416,2.0770394,4.540560722351074,104.31940530695069,23.670000000000016,49.0,1011.0,,9.9,346.0,334.6940945731197,5.603043434619987,,79.01349988007036,4.104841693015038,,,,,,,,,,,,,,,,
488,2025-05-15 20:16:21.441130,41.1551056,2.0768808,3.790774345397949,102.7092974931469,23.670000000000016,49.0,1011.0,,9.4,345.0,335.2976417491516,5.821663122413873,,78.00693924229847,3.4438842911587897,,,,,,,,,,,,,,,,
489,2025-05-15 20:16:26.440961,41.1550245,2.0766619,4.746556282043457,104.75623005531885,23.670000000000016,49.0,1011.0,,9.7,344.0,329.71212277814607,5.301297138687557,,74.4683528334649,4.098662173791607,,,,,,,,,,,,,,,,
490,2025-05-15 20:16:31.441160,41.1549398,2.0765149,4.051708221435547,105.37719670371057,23.670000000000016,49.0,1011.0,,9.9,346.0,336.67388282137483,6.0485954665855255,,82.05107952508541,3.720545837342954,,,,,,,,,,,,,,,,
491,2025-05-15 20:16:36.440612,41.1547935,2.0763849,4.556614875793457,102.59371703201195,23.670000000000016,49.0,1011.0,,9.8,345.0,332.67727647992314,5.525960562857637,,75.2709935119351,4.048257332142726,,,,,,,,,,,,,,,,
492,2025-05-15 20:16:41.440573,41.1546434,2.0762318,3.993407726287842,103.35373950171595,23.670000000000016,49.0,1011.0,,9.6,347.0,338.0576409218362,5.779187825708567,,81.41138042355215,3.7041262628938,,,,,,,,,,,,,,,,
493,2025-05-15 20:16:46.441145,41.1544914,2.0760905,4.418308258056641,104.87745225270824,23.670000000000016,49.0,1011.0,,10.2,346.0,335.7532579044458,6.008769359186672,,80.630710157154,4.028548944957426,,,,,,,,,,,,,,,,
494,2025-05-15 20:16:51.441108,41.1543438,2.0759373,4.220493793487549,104.03895773962996,23.670000000000016,49.0,1011.0,,9.8,346.0,335.8529192866234,5.7955221408599895,,79.89187702625333,3.8511935740194416,,,,,,,,,,,,,,,,
495,2025-05-15 20:16:56.441042,41.1542021,2.075777,4.3095316886901855,105.18229042555508,23.670000000000016,49.0,1011.0,,9.9,346.0,335.6675486315849,5.812741506040066,,80.84983905714,3.9267162285385324,,,,,,,,,,,,,,,,
496,2025-05-15 20:17:01.440788,41.1540604,2.0756133,4.180327892303467,103.60973499180803,23.670000000000016,49.0,1011.0,,10.2,347.0,338.2740970646921,6.1985594744687464,,81.88383205650013,3.8833796265566485,,,,,,,,,,,,,,,,
497,2025-05-15 20:17:06.440705,41.1539272,2.0754659,4.229701995849609,103.44491569694645,23.670000000000016,49.0,1011.0,,9.7,347.0,337.32105260796345,5.659262833970569,,80.7659683049099,3.9026606908230095,,,,,,,,,,,,,,,,
498,2025-05-15 20:17:11.440898,41.1537919,2.0753155,4.657255172729492,103.59864959478509,23.670000000000016,49.0,1011.0,,9.7,347.0,335.52759320680724,5.26734840987984,,79.1262428015923,4.238851459043625,,,,,,,,,,,,,,,,
499,2025-05-15 20:17:16.440341,41.1536374,2.0751644,4.314207553863525,102.84773176724472,23.670000000000016,49.0,1011.0,,9.9,349.0,340.73221525703565,5.724553021995769,,83.57994702428039,4.072554285145768,,,,,,,,,,,,,,,,
500,2025-05-15 20:17:21.440754,41.1535129,2.0750191,4.22007942199707,103.73154458546603,23.670000000000016,49.0,1011.0,,10.1,346.0,336.3516499012371,6.091438645200373,,80.08319448670318,3.8656964016951885,,,,,,,,,,,,,,,,
501,2025-05-15 20:17:26.440768,41.1533833,2.0748601,3.9608070850372314,104.62321212123285,23.670000000000016,49.0,1011.0,,9.4,350.0,342.87122787098804,5.542209170079258,,87.49443999222092,3.7851264236575495,,,,,,,,,,,,,,,,
502,2025-05-15 20:17:31.441140,41.153237,2.0747188,4.069587230682373,104.38696270803129,23.670000000000016,49.0,1011.0,,9.4,347.0,337.43849550414694,5.511279481597806,,81.8254582121782,3.758134421045219,,,,,,,,,,,,,,,,
503,2025-05-15 20:17:36.441,41.1530898,2.0746809,3.9463038444519043,104.57964917470652,23.670000000000016,49.0,1011.0,,10.0,344.0,334.05943142031015,6.301166519670854,,78.63908059501665,3.5487069195069605,,,,,,,,,,,,,,,,
504,2025-05-15 20:17:41.441511,41.1529442,2.0745756,4.019169330596924,105.10886589197744,23.670000000000016,49.0,1011.0,,9.6,344.0,333.0696438277022,5.842519181803998,,78.1785097196796,3.5833213549940592,,,,,,,,,,,,,,,,
505,2025-05-15 20:17:46.440924,41.1528121,2.0743987,4.249287128448486,104.26904632220018,23.670000000000016,49.0,1011.0,,9.6,349.0,340.5055234917648,5.488997958941097,,84.77456981396494,4.00569107837908,,,,,,,,,,,,,,,,
506,2025-05-15 20:17:51.441199,41.1526948,2.07425,4.219942569732666,105.23313435373666,23.670000000000016,49.0,1011.0,,9.6,346.0,335.4946725986824,5.599262833037955,,80.72780695241909,3.839821572671852,,,,,,,,,,,,,,,,
507,2025-05-15 20:17:56.440524,41.1525471,2.073999,5.892895221710205,105.5241209029467,23.670000000000016,49.0,1011.0,,8.9,348.0,326.659190433155,3.3667275734317235,,72.18331133610172,4.923019553739928,,,,,,,,,,,,,,,,
508,2025-05-15 20:18:01.440982,41.1523365,2.073853,4.530015468597412,220.2087860107422,23.670000000000016,49.0,1011.0,,9.0,347.0,334.472371289051,4.6979393104482465,,194.6811572997932,4.087784404131476,,,,,,,,,,,,,,,,
509,2025-05-15 20:18:06.440809,41.1522203,2.0737121,4.014465808868408,103.67375435489855,23.670000000000016,49.0,1011.0,,9.5,347.0,337.8206713418988,5.660919080461598,,81.49442569679735,3.7174228102956994,,,,,,,,,,,,,,,,
510,2025-05-15 20:18:11.441153,41.1521086,2.0735876,3.9717767238616943,104.51645626450556,23.670000000000016,49.0,1011.0,,10.2,347.0,338.9660151519308,6.392762417912978,,83.48247141643634,3.7071280946636023,,,,,,,,,,,,,,,,
511,2025-05-15 20:18:16.441190,41.1519635,2.0734406,4.199582576751709,104.32609206214813,23.670000000000016,49.0,1011.0,,9.7,346.0,335.76207478348203,5.716174901756359,,80.08816684563016,3.8293834098850454,,,,,,,,,,,,,,,,
512,2025-05-15 20:18:21.441177,41.1518093,2.0732866,4.170333385467529,103.98480799989011,23.670000000000016,49.0,1011.0,,9.2,348.0,338.3897443583235,5.1936857041267075,,82.37455235821363,3.877203064945227,,,,,,,,,,,,,,,,
513,2025-05-15 20:18:26.441262,41.1516651,2.0731373,4.060466289520264,103.84501451814745,23.670000000000016,49.0,1011.0,,9.3,344.0,332.2838496454113,5.51166138741383,,76.12886416355877,3.5945787918543988,,,,,,,,,,,,,,,,
514,2025-05-15 20:18:31.441364,41.15152,2.0729866,4.020257949829102,104.7928671900268,23.670000000000016,49.0,1011.0,,9.8,348.0,339.8925703203258,5.926830762829307,,84.68543751035259,3.7752219454511367,,,,,,,,,,,,,,,,
515,2025-05-15 20:18:36.441082,41.1513664,2.0728125,4.210381984710693,105.21691948464705,23.670000000000016,49.0,1011.0,,9.3,348.0,338.41095053001925,5.255049074742208,,83.62787001466631,3.9150103243225387,,,,,,,,,,,,,,,,
516,2025-05-15 20:18:41.441378,41.1512245,2.0726578,3.7215065956115723,105.03210822608484,23.670000000000016,49.0,1011.0,,9.6,349.0,342.1907299310585,5.989113141245888,,87.22283815714337,3.5431717049969156,,,,,,,,,,,,,,,,
517,2025-05-15 20:18:46.441408,41.1510998,2.0725279,3.8492562770843506,105.06121166213826,23.670000000000016,49.0,1011.0,,9.3,344.0,333.2714052823107,5.699484293360465,,78.33261694444894,3.4379518291432807,,,,,,,,,,,,,,,,
518,2025-05-15 20:18:51.441032,41.1509742,2.0723826,3.814242124557495,103.7429168504341,23.670000000000016,49.0,1011.0,,9.0,347.0,337.77596350946453,5.3527322702092075,,81.51888035989862,3.53088967937815,,,,,,,,,,,,,,,,
519,2025-05-15 20:18:56.440897,41.1508352,2.0722341,4.297046184539795,104.9039738772554,23.670000000000016,49.0,1011.0,,9.2,348.0,337.8629869499779,5.076093996776341,,82.76696082723328,3.980291130294798,,,,,,,,,,,,,,,,
520,2025-05-15 20:19:01.440742,41.1506872,2.0721148,3.8320491313934326,106.35900907614322,23.670000000000016,49.0,1011.0,,8.9,346.0,335.85669637361343,5.264054389266402,,82.21570544975668,3.496841799022765,,,,,,,,,,,,,,,,
521,2025-05-15 20:19:06.441451,41.15054,2.0719968,4.247111797332764,105.63032351435123,23.670000000000016,49.0,1011.0,,8.9,349.0,339.27980607409245,4.799825793929169,,84.91012958844368,3.9724060170184274,,,,,,,,,,,,,,,,
522,2025-05-15 20:19:11.441479,41.1503855,2.0718482,3.811324119567871,104.24228564103207,23.670000000000016,49.0,1011.0,,9.8,346.0,337.4071706864289,6.1711592146760355,,81.649456327461,3.5188366473704096,,,,,,,,,,,,,,,,
523,2025-05-15 20:19:16.441005,41.1502612,2.0716912,3.889578104019165,104.68607718235366,23.670000000000016,49.0,1011.0,,9.7,349.0,341.80851731325527,5.928522177215275,,86.49459449560891,3.695171044091576,,,,,,,,,,,,,,,,
524,2025-05-15 20:19:21.441259,41.1501381,2.0715329,3.8998804092407227,104.19566959994674,23.670000000000016,49.0,1011.0,,9.5,346.0,336.6273692280375,5.793302911032541,,80.82303882798419,3.5798727264590258,,,,,,,,,,,,,,,,
525,2025-05-15 20:19:26.441528,41.1500006,2.0713718,3.9299569129943848,104.92004531237244,23.670000000000016,49.0,1011.0,,9.7,347.0,338.4364719304,5.9369565707349015,,83.35651724277244,3.6549017010783977,,,,,,,,,,,,,,,,
526,2025-05-15 20:19:31.441260,41.1498676,2.0712216,3.7805869579315186,104.94434029525017,23.670000000000016,49.0,1011.0,,9.4,345.0,335.3394753683392,5.830919826233721,,80.2838156635894,3.435781782943217,,,,,,,,,,,,,,,,
527,2025-05-15 20:19:36.441244,41.1497264,2.071077,4.018884181976318,105.0944815135854,23.670000000000016,49.0,1011.0,,9.6,349.0,341.2775193133811,5.7067107542916835,,86.37200082696648,3.8062225482553007,,,,,,,,,,,,,,,,
528,2025-05-15 20:19:41.440347,41.1495921,2.0709185,4.2285847663879395,104.42380474841434,23.670000000000016,49.0,1011.0,,9.2,347.0,336.39382046828405,5.168087763521729,,80.81762521669839,3.874734870477237,,,,,,,,,,,,,,,,
529,2025-05-15 20:19:46.440806,41.1494565,2.0707573,4.155913829803467,102.61883846777926,23.670000000000016,49.0,1011.0,,9.0,352.0,345.2468877037495,4.918656528263197,,87.86572617152876,4.018902109656163,,,,,,,,,,,,,,,,
530,2025-05-15 20:19:51.441020,41.1493126,2.0706004,4.01084041595459,102.56562446395569,23.670000000000016,49.0,1011.0,,9.1,352.0,345.78784171849105,5.158483297871891,,88.35346618244671,3.888081719666536,,,,,,,,,,,,,,,,
531,2025-05-15 20:19:56.441652,41.1491916,2.0704468,3.392773151397705,103.7252881321863,23.670000000000016,49.0,1011.0,,9.1,345.0,336.424112234568,5.88867272318274,,80.14940036675426,3.109582211813279,,,,,,,,,,,,,,,,
532,2025-05-15 20:20:01.441209,41.1490778,2.0703263,4.038150310516357,103.353500445095,23.670000000000016,49.0,1011.0,,9.3,347.0,337.39059830123074,5.441701593109921,,80.74409874632573,3.727806931989014,,,,,,,,,,,,,,,,
533,2025-05-15 20:20:06.441072,41.1489491,2.0701757,4.069833755493164,104.0134606434583,23.670000000000016,49.0,1011.0,,10.0,345.0,335.15344163477687,6.159577593851232,,79.16690227823517,3.693115020857162,,,,,,,,,,,,,,,,
534,2025-05-15 20:20:11.440383,41.1488312,2.0700503,4.25908088684082,105.13432200701408,23.670000000000016,49.0,1011.0,,9.6,352.0,345.7154549083869,5.414908988678713,,90.84977691540098,4.127399992975718,,,,,,,,,,,,,,,,
535,2025-05-15 20:20:16.440628,41.1486308,2.0698885,3.9314112663269043,105.22643393816087,23.670000000000016,49.0,1011.0,,9.5,348.0,339.7745840746746,5.713272712688172,,85.00101801283546,3.688999500394681,,,,,,,,,,,,,,,,
536,2025-05-15 20:20:21.440601,41.1484893,2.0697553,4.015931606292725,104.85396323215257,23.670000000000016,49.0,1011.0,,9.7,346.0,336.49622957796237,5.884119810059261,,81.35019281011495,3.6827451508002897,,,,,,,,,,,,,,,,
537,2025-05-15 20:20:26.441871,41.1483481,2.0696036,4.095881938934326,104.34842678073407,23.670000000000016,49.0,1011.0,,9.9,351.0,344.7542538689761,5.889502790049715,,89.10268064971018,3.9517349501005152,,,,,,,,,,,,,,,,
538,2025-05-15 20:20:31.441290,41.1482078,2.0694484,3.830907106399536,104.92556410522181,23.670000000000016,49.0,1011.0,,9.4,351.0,344.9092687120937,5.648140786086819,,89.83483281731549,3.698797355193763,,,,,,,,,,,,,,,,
539,2025-05-15 20:20:36.441605,41.148079,2.0693085,3.8696646690368652,104.01123400178888,23.670000000000016,49.0,1011.0,,9.6,347.0,338.5071301863253,5.894148343643358,,82.51836418811416,3.600580455199203,,,,,,,,,,,,,,,,
540,2025-05-15 20:20:41.440935,41.1479499,2.0691502,4.079591751098633,103.38670199465042,23.670000000000016,49.0,1011.0,,9.7,347.0,337.8930021542525,5.798055409067374,,81.27970414890291,3.7796710729263747,,,,,,,,,,,,,,,,
541,2025-05-15 20:20:46.441039,41.1478136,2.0689729,4.130462646484375,103.04144276229545,23.670000000000016,49.0,1011.0,,9.3,346.0,335.3076084251487,5.385739964041249,,78.34905118744416,3.7527882552460117,,,,,,,,,,,,,,,,
542,2025-05-15 20:20:51.441907,41.1476631,2.0687871,4.051782608032227,103.41799792142743,23.670000000000016,49.0,1011.0,,9.8,346.0,336.51754535906673,5.949871114120042,,79.93554328049413,3.716222635282055,,,,,,,,,,,,,,,,
543,2025-05-15 20:20:56.440536,41.1475303,2.0686363,3.8603017330169678,104.2878566631744,23.670000000000016,49.0,1011.0,,9.3,350.0,343.0490499827181,5.539056333257534,,87.3369066458925,3.6925897667309022,,,,,,,,,,,,,,,,
544,2025-05-15 20:21:01.441085,41.1474008,2.0685113,3.810075044631958,104.87029421445807,23.670000000000016,49.0,1011.0,,9.2,350.0,343.07558742814075,5.4878364849099155,,87.9458816425988,3.645059303349574,,,,,,,,,,,,,,,,
545,2025-05-15 20:21:06.440921,41.1472668,2.0683803,3.8584344387054443,104.57367275918276,23.670000000000016,49.0,1011.0,,9.5,349.0,341.6561751790181,5.759702929552356,,86.2298479382008,3.6623682125213617,,,,,,,,,,,,,,,,
546,2025-05-15 20:21:11.441112,41.1471305,2.0682241,3.7784340381622314,106.49699255775582,23.670000000000016,49.0,1011.0,,9.0,353.0,347.98718237691867,5.269886225734851,,94.48417493467446,3.695690354456903,,,,,,,,,,,,,,,,
547,2025-05-15 20:21:16.441187,41.1469754,2.0680777,3.9509971141815186,106.13780656968318,23.670000000000016,49.0,1011.0,,9.1,350.0,342.49673503497377,5.254015326879902,,88.63454160465693,3.7680652115792146,,,,,,,,,,,,,,,,
548,2025-05-15 20:21:21.441061,41.1468344,2.0679528,3.4227499961853027,104.24643156585827,23.670000000000016,49.0,1011.0,,9.9,349.0,343.2974049011883,6.572663208779908,,87.54383646704662,3.278342388668064,,,,,,,,,,,,,,,,
549,2025-05-15 20:21:26.441249,41.1466973,2.0678375,4.048300266265869,103.89404844619898,23.670000000000016,49.0,1011.0,,9.8,348.0,339.79895865944934,5.9005055099446935,,83.69300710564835,3.799276147246924,,,,,,,,,,,,,,,,
550,2025-05-15 20:21:31.440891,41.1465415,2.0676903,4.229435920715332,102.42122060452327,23.670000000000016,49.0,1011.0,,9.6,347.0,337.14888416651877,5.560956911148216,,79.57010477104205,3.8974973837700024,,,,,,,,,,,,,,,,
551,2025-05-15 20:21:36.441066,41.146395,2.067514,4.290647506713867,102.98614555077503,23.670000000000016,49.0,1011.0,,9.6,354.0,349.1927211825372,5.351683148764755,,92.17886673331225,4.214546171214316,,,,,,,,,,,,,,,,
552,2025-05-15 20:21:41.440875,41.1462719,2.0673415,3.9403135776519775,105.17843136867403,23.670000000000016,49.0,1011.0,,10.2,351.0,345.4191032519676,6.338242248442602,,90.59753462064162,3.8134085299206193,,,,,,,,,,,,,,,,
553,2025-05-15 20:21:46.441201,41.1461511,2.0671993,3.8070030212402344,105.16834317926991,23.670000000000016,49.0,1011.0,,9.9,350.0,343.8655145178749,6.1862576248308745,,89.03385769714481,3.657053047214984,,,,,,,,,,,,,,,,
554,2025-05-15 20:21:51.441269,41.1460186,2.0670539,4.138859748840332,104.42465169187142,23.670000000000016,49.0,1011.0,,9.6,350.0,342.5871414503835,5.5705764127457025,,87.01179314225493,3.949189020055466,,,,,,,,,,,,,,,,
555,2025-05-15 20:21:56.440737,41.1458734,2.0668865,4.091063499450684,105.42638089592383,23.670000000000016,49.0,1011.0,,9.3,350.0,342.324269906546,5.318745621225539,,87.75065080246986,3.8979251324490156,,,,,,,,,,,,,,,,
556,2025-05-15 20:22:01.440965,41.1457299,2.0667223,4.010939121246338,106.6006065274649,23.670000000000016,49.0,1011.0,,9.3,351.0,344.2965457459746,5.375189063033467,,90.89715227343947,3.8612325460115997,,,,,,,,,,,,,,,,
557,2025-05-15 20:22:06.440642,41.1455912,2.0665658,4.010008811950684,105.17380733060592,23.670000000000016,49.0,1011.0,,9.3,349.0,340.88133274157946,5.417966839724887,,86.0551400721854,3.788825759388001,,,,,,,,,,,,,,,,
558,2025-05-15 20:22:11.440879,41.1454609,2.066402,3.8429064750671387,103.78079707957099,23.670000000000016,49.0,1011.0,,9.3,351.0,344.76715187528066,5.53713673976682,,88.54794895485168,3.707889878726467,,,,,,,,,,,,,,,,
559,2025-05-15 20:22:16.440797,41.1453387,2.0662333,3.8504321575164795,103.67117937358145,23.670000000000016,49.0,1011.0,,9.3,350.0,343.0787641181572,5.548497868241407,,86.74994349173869,3.6837306760504904,,,,,,,,,,,,,,,,
560,2025-05-15 20:22:21.441342,41.1452132,2.0660698,3.9097065925598145,106.22821778372665,23.670000000000016,49.0,1011.0,,9.4,351.0,344.69831695232836,5.572096485835756,,90.92653473605503,3.7711061913106323,,,,,,,,,,,,,,,,
561,2025-05-15 20:22:26.440955,41.1450803,2.0659192,3.969768762588501,105.8962979108207,23.670000000000016,49.0,1011.0,,10.1,349.0,342.0380889555107,6.249243062594571,,87.93438686633141,3.7762891156128613,,,,,,,,,,,,,,,,
562,2025-05-15 20:22:31.441380,41.144925,2.0657683,4.308786392211914,103.91339154192845,23.670000000000016,49.0,1011.0,,9.8,350.0,342.33117902828144,5.606821360564649,,86.24457057020987,4.105527097832195,,,,,,,,,,,,,,,,
563,2025-05-15 20:22:36.441263,41.1447619,2.0656097,4.192720413208008,106.05889739420202,23.670000000000016,49.0,1011.0,,9.6,352.0,345.8866722035789,5.479242215234021,,91.94556959778089,4.066164492562304,,,,,,,,,,,,,,,,
564,2025-05-15 20:22:41.441399,41.1446228,2.0654452,3.9540271759033203,106.34407828261757,23.670000000000016,49.0,1011.0,,9.3,352.0,346.1645987786138,5.412500291033675,,92.50867706123142,3.839307848225665,,,,,,,,,,,,,,,,
565,2025-05-15 20:22:46.440795,41.1444904,2.0652767,3.880223035812378,104.77024560349572,23.670000000000016,49.0,1011.0,,9.0,351.0,344.3005126031618,5.203077155184126,,89.0707582066575,3.735468084575835,,,,,,,,,,,,,,,,
566,2025-05-15 20:22:51.440583,41.1443569,2.0651154,4.089353561401367,104.5617267583244,23.670000000000016,49.0,1011.0,,9.4,349.0,340.75641215066446,5.442009272361111,,85.31813890898889,3.860864657361928,,,,,,,,,,,,,,,,
567,2025-05-15 20:22:56.441269,41.1442205,2.0649654,3.8112871646881104,103.7810907777053,23.670000000000016,49.0,1011.0,,9.0,349.0,341.1265349569185,5.308782753666027,,84.90762573462376,3.6063743422368857,,,,,,,,,,,,,,,,
568,2025-05-15 20:23:01.440530,41.1441015,2.0648374,3.550023078918457,104.13436865214588,23.670000000000016,49.0,1011.0,,9.0,348.0,340.3943152103662,5.576614190650691,,84.52868386251208,3.3442075274197554,,,,,,,,,,,,,,,,
569,2025-05-15 20:23:06.440875,41.1439864,2.0647075,3.997790813446045,104.75230952673526,23.670000000000016,49.0,1011.0,,9.6,349.0,341.3452599179775,5.726691957205882,,86.09756944471275,3.7877598588668087,,,,,,,,,,,,,,,,
570,2025-05-15 20:23:11.440960,41.14384,2.0645463,4.087299823760986,104.00088626519631,23.670000000000016,49.0,1011.0,,9.7,352.0,346.25333517886276,5.681028365899216,,90.25422144405906,3.970222814526595,,,,,,,,,,,,,,,,
571,2025-05-15 20:23:16.440898,41.1436858,2.0643763,4.103374004364014,104.3022273811881,23.670000000000016,49.0,1011.0,,9.6,351.0,344.3991590935543,5.584162311791187,,88.70138647474243,3.9522000428495847,,,,,,,,,,,,,,,,
572,2025-05-15 20:23:21.441287,41.1435488,2.0642309,3.872559070587158,104.77196681116656,23.670000000000016,49.0,1011.0,,9.8,350.0,343.59059863874927,6.023925655221178,,88.36256544991585,3.714820576046585,,,,,,,,,,,,,,,,
573,2025-05-15 20:23:26.441120,41.1434223,2.0640976,4.287156105041504,104.2517317926542,23.670000000000016,49.0,1011.0,,9.3,349.0,339.8727489256605,5.156905329991702,,84.12448071831471,4.025342457525307,,,,,,,,,,,,,,,,
574,2025-05-15 20:23:31.441515,41.1432811,2.0639479,4.06056547164917,103.80701817579467,23.670000000000016,49.0,1011.0,,9.6,350.0,342.8249381314832,5.645331334310577,,86.63195630727785,3.87949259152304,,,,,,,,,,,,,,,,
575,2025-05-15 20:23:36.440717,41.1431446,2.0638018,3.810508966445923,104.9683415799936,23.670000000000016,49.0,1011.0,,9.6,350.0,343.5438900718344,5.884700344134592,,88.51223165182802,3.6544191514565805,,,,,,,,,,,,,,,,
576,2025-05-15 20:23:41.441133,41.1430333,2.0636857,4.01913595199585,104.89694561259945,23.670000000000016,49.0,1011.0,,9.8,349.0,341.53751457500584,5.904719210376326,,86.43446018760528,3.81227587984812,,,,,,,,,,,,,,,,
577,2025-05-15 20:23:46.440941,41.1428575,2.0635033,3.900265693664551,105.15693676335599,23.670000000000016,49.0,1011.0,,9.6,349.0,341.65240664383475,5.819177037334626,,86.80934340719074,3.7019930696862975,,,,,,,,,,,,,,,,
578,2025-05-15 20:23:51.440809,41.1427307,2.0633438,4.159204483032227,103.24656700344927,23.670000000000016,49.0,1011.0,,9.8,349.0,341.0971984899301,5.772030280868562,,84.34376549337941,3.9348965870485286,,,,,,,,,,,,,,,,
579,2025-05-15 20:23:56.440632,41.1426062,2.0631745,4.032621383666992,104.4515079956879,23.670000000000016,49.0,1011.0,,9.2,352.0,345.8477276199038,5.236784637153086,,90.29923561559173,3.910228725992937,,,,,,,,,,,,,,,,
580,2025-05-15 20:24:01.441244,41.1424727,2.063026,4.13939905166626,104.06455045845,23.670000000000016,49.0,1011.0,,9.7,352.0,346.1273520487413,5.630435084328498,,90.19190250719129,4.018657135234876,,,,,,,,,,,,,,,,
581,2025-05-15 20:24:06.440799,41.1423309,2.0628725,4.189754009246826,103.61267197315112,23.670000000000016,49.0,1011.0,,9.6,349.0,340.7108030042522,5.545153852801353,,84.32347497740335,3.954554846896261,,,,,,,,,,,,,,,,
582,2025-05-15 20:24:11.440761,41.1421831,2.0627045,4.329576015472412,104.32339413742598,23.670000000000016,49.0,1011.0,,9.5,350.0,341.82921272430195,5.289898671542607,,86.15260686172792,4.113665144966409,,,,,,,,,,,,,,,,
583,2025-05-15 20:24:16.440654,41.1420422,2.0625394,4.090631008148193,103.76098953097795,23.670000000000016,49.0,1011.0,,9.7,352.0,346.24534710893585,5.677792655458768,,90.0063366399138,3.973323019590716,,,,,,,,,,,,,,,,
584,2025-05-15 20:24:21.440800,41.1419148,2.0623935,3.9370980262756348,103.87710957705734,23.670000000000016,49.0,1011.0,,9.9,351.0,345.1501491194261,6.042842849612959,,89.02725869648344,3.8056019799789893,,,,,,,,,,,,,,,,
585,2025-05-15 20:24:26.440747,41.1417919,2.0622585,3.590897798538208,105.19486480381707,23.670000000000016,49.0,1011.0,,9.5,350.0,344.03091007206564,5.996166370800891,,89.22577487588273,3.4523259774561668,,,,,,,,,,,,,,,,
586,2025-05-15 20:24:31.440990,41.1416739,2.062131,3.93880558013916,104.68438329543949,23.670000000000016,49.0,1011.0,,9.7,350.0,343.2985232019835,5.861078714990657,,87.98290649742302,3.7726474126203673,,,,,,,,,,,,,,,,
587,2025-05-15 20:24:36.441089,41.1415261,2.0619876,4.150146484375,102.8689190140501,23.670000000000016,49.0,1011.0,,9.6,349.0,340.8450870245958,5.582553272312485,,83.71400603864589,3.9203730788485016,,,,,,,,,,,,,,,,
588,2025-05-15 20:24:41.441189,41.141385,2.0618244,3.92209792137146,105.07113592700229,23.670000000000016,49.0,1011.0,,9.6,351.0,344.88419002256205,5.758966284212364,,89.95532594956433,3.7863961239046757,,,,,,,,,,,,,,,,
589,2025-05-15 20:24:46.441288,41.1412671,2.061672,3.948850631713867,105.59759324784854,23.670000000000016,49.0,1011.0,,10.1,351.0,345.30990648772666,6.230465473151859,,90.90749973557519,3.8197690751504187,,,,,,,,,,,,,,,,
590,2025-05-15 20:24:51.440993,41.1411326,2.0615314,3.986598253250122,103.43020346947424,23.670000000000016,49.0,1011.0,,9.9,352.0,346.674629375568,5.978001903775647,,90.10483284504221,3.87926671421298,,,,,,,,,,,,,,,,
591,2025-05-15 20:24:56.441123,41.1410076,2.0613893,3.8285369873046875,105.38357610039536,23.670000000000016,49.0,1011.0,,9.9,354.0,350.24183707062605,6.105565576860543,,95.62541317102142,3.773145414907383,,,,,,,,,,,,,,,,
592,2025-05-15 20:25:01.440929,41.1408872,2.0612327,3.8754968643188477,105.53541803583391,23.670000000000016,49.0,1011.0,,9.5,352.0,346.55860555905184,5.6878502824641535,,92.09402359488575,3.7693400045289875,,,,,,,,,,,,,,,,
593,2025-05-15 20:25:06.440930,41.1407718,2.0610765,3.580538749694824,103.84104617823968,23.670000000000016,49.0,1011.0,,9.2,350.0,343.74635235592496,5.707822617944629,,87.58739853416466,3.4374319114829,,,,,,,,,,,,,,,,
594,2025-05-15 20:25:11.441160,41.1406499,2.0609213,4.138972282409668,104.90250538658385,23.670000000000016,49.0,1011.0,,9.5,350.0,342.4516805891937,5.471320104269311,,87.35418597577757,3.9463569978629374,,,,,,,,,,,,,,,,
595,2025-05-15 20:25:16.441195,41.1404991,2.0607525,4.041931629180908,104.86235753464251,23.670000000000016,49.0,1011.0,,9.9,350.0,343.23799115294946,5.960939884349872,,88.10034868759197,3.8701937358345053,,,,,,,,,,,,,,,,
596,2025-05-15 20:25:21.440869,41.1403531,2.0605971,3.95131778717041,103.86783418016446,23.670000000000016,49.0,1011.0,,9.9,348.0,340.2481926234301,6.090686857219794,,84.11602680359454,3.718843409129003,,,,,,,,,,,,,,,,
597,2025-05-15 20:25:26.441124,41.1402432,2.0604688,4.168791770935059,106.20188057428707,23.670000000000016,49.0,1011.0,,9.0,352.0,345.20858981851353,4.906204241733389,,91.41047039280062,4.030644991555405,,,,,,,,,,,,,,,,
598,2025-05-15 20:25:31.441068,41.1400706,2.0602547,4.050285816192627,105.8196085468198,23.670000000000016,49.0,1011.0,,9.5,346.0,336.02287586300395,5.655553894848787,,81.84248440982373,3.7007776539568,,,,,,,,,,,,,,,,
599,2025-05-15 20:25:36.440465,41.1399408,2.0601126,3.851003885269165,103.19400186759685,23.670000000000016,49.0,1011.0,,9.6,350.0,343.4314577979849,5.845875473269037,,86.62545966558173,3.6911074503730763,,,,,,,,,,,,,,,,
600,2025-05-15 20:25:41.440813,41.1398208,2.0599726,4.0194573402404785,103.32296266931587,23.670000000000016,49.0,1011.0,,9.5,351.0,344.51314896160386,5.565661277061963,,87.83611163091973,3.873517906731227,,,,,,,,,,,,,,,,
601,2025-05-15 20:25:46.441238,41.1396909,2.0598123,4.099555492401123,104.54448736085929,23.670000000000016,49.0,1011.0,,9.4,352.0,345.9018030342698,5.370732530324669,,90.4462903951291,3.9760755736102533,,,,,,,,,,,,,,,,
602,2025-05-15 20:25:51.441255,41.1395524,2.0596681,3.731644630432129,104.56297668294252,23.670000000000016,49.0,1011.0,,9.1,350.0,343.18859202495963,5.463610069494235,,87.75156870790215,3.572161342427338,,,,,,,,,,,,,,,,
603,2025-05-15 20:25:56.441102,41.1394046,2.059528,3.7699778079986572,105.20293125722687,23.670000000000016,49.0,1011.0,,9.6,351.0,345.269031118112,5.905956371982334,,90.47196237533888,3.646060345429158,,,,,,,,,,,,,,,,
604,2025-05-15 20:26:01.441097,41.1392666,2.0593905,4.088311195373535,104.99719229904774,23.670000000000016,49.0,1011.0,,9.2,352.0,345.6972012448877,5.182802933167147,,90.69439354393546,3.9615885318490536,,,,,,,,,,,,,,,,
605,2025-05-15 20:26:06.441214,41.1391278,2.0592443,3.9802377223968506,103.98137924492676,23.670000000000016,49.0,1011.0,,9.6,354.0,349.78224807034525,5.656886767813018,,93.763627315272,3.9171139169261013,,,,,,,,,,,,,,,,
606,2025-05-15 20:26:11.440964,41.1389851,2.0590877,4.109657287597656,104.54760192712081,23.670000000000016,49.0,1011.0,,9.5,354.0,349.4623913015164,5.429875143773274,,94.0099932286372,4.040348234511855,,,,,,,,,,,,,,,,
607,2025-05-15 20:26:16.440985,41.1388536,2.0589374,4.028983116149902,105.25788695928878,23.670000000000016,49.0,1011.0,,9.2,355.0,351.12662012430224,5.198222307716619,,96.38450708359102,3.9807627915316703,,,,,,,,,,,,,,,,
608,2025-05-15 20:26:21.441027,41.1387291,2.058797,3.865446090698242,104.64323140569016,23.670000000000016,49.0,1011.0,,9.8,352.0,346.85275668109114,5.996352884288124,,91.49598808678127,3.764127918928709,,,,,,,,,,,,,,,,
609,2025-05-15 20:26:26.440428,41.1386063,2.0586435,4.196171760559082,105.23217129706369,23.670000000000016,49.0,1011.0,,9.0,351.0,343.30071999198395,4.89966109332222,,88.53289128904765,4.019202856718974,,,,,,,,,,,,,,,,
610,2025-05-15 20:26:31.441128,41.1384545,2.0584875,4.0913801193237305,104.80954651197997,23.670000000000016,49.0,1011.0,,8.6,350.0,341.1649057384887,4.625662985333129,,85.97445225046869,3.872293634329852,,,,,,,,,,,,,,,,
611,2025-05-15 20:26:36.441222,41.1383015,2.058329,3.952455520629883,104.9195740293197,23.670000000000016,49.0,1011.0,,8.6,349.0,339.9222915265963,4.780030838746405,,84.841865555916,3.7122564409420318,,,,,,,,,,,,,,,,
612,2025-05-15 20:26:41.440867,41.1381469,2.0581697,3.9728872776031494,105.73805608812985,23.670000000000016,49.0,1011.0,,8.9,350.0,342.12461706124947,5.034957386931657,,87.8626731493793,3.7811015928423397,,,,,,,,,,,,,,,,
613,2025-05-15 20:26:46.441386,41.1380162,2.0580172,4.016935348510742,104.66387223736194,23.670000000000016,49.0,1011.0,,9.3,355.0,351.2195635715226,5.309904446815385,,95.88343580888454,3.969859118355678,,,,,,,,,,,,,,,,
614,2025-05-15 20:26:51.440977,41.1378898,2.0578652,3.9989559650421143,103.79033202365233,23.670000000000016,49.0,1011.0,,9.7,350.0,343.12786123695327,5.803491513458496,,86.91819326060556,3.8268202288107718,,,,,,,,,,,,,,,,
615,2025-05-15 20:26:56.440876,41.1377566,2.0577089,3.999988317489624,104.21170005392875,23.670000000000016,49.0,1011.0,,9.5,351.0,344.5664858400669,5.584425833488119,,88.77818589399567,3.855748366463527,,,,,,,,,,,,,,,,
616,2025-05-15 20:27:01.441217,41.1376178,2.0575471,3.861393928527832,104.0110017753571,23.670000000000016,49.0,1011.0,,9.4,347.0,338.2408753309911,5.704098702513237,,82.25187710634822,3.5862716490765525,,,,,,,,,,,,,,,,
617,2025-05-15 20:27:06.440704,41.1374929,2.0573936,3.909852981567383,104.88827127235353,23.670000000000016,49.0,1011.0,,9.3,350.0,342.8983232943,5.491676856015997,,87.78659456665355,3.7369765235424786,,,,,,,,,,,,,,,,
618,2025-05-15 20:27:11.440882,41.1373589,2.0572402,3.8900392055511475,106.12630453112088,23.670000000000016,49.0,1011.0,,8.9,350.0,342.4095362119189,5.113869310990132,,88.53584074303978,3.708144786559399,,,,,,,,,,,,,,,,
619,2025-05-15 20:27:16.441230,41.1371701,2.0570485,5.130838394165039,106.1796687991062,23.670000000000016,49.0,1011.0,,8.8,350.0,336.6249901474489,3.8515774247148125,,82.8046589465551,4.709738986627732,,,,,,,,,,,,,,,,
620,2025-05-15 20:27:21.441282,41.1370288,2.0568511,4.2981791496276855,105.52067165741585,23.670000000000016,49.0,1011.0,,9.0,351.0,342.9509845659514,4.802045213085675,,88.47165622336723,4.109292605329995,,,,,,,,,,,,,,,,
621,2025-05-15 20:27:26.441205,41.1369524,2.0567582,4.291410446166992,104.97552010881128,23.670000000000016,49.0,1011.0,,9.1,353.0,346.8335016753182,4.868747930481143,,91.80902178412947,4.178598949149481,,,,,,,,,,,,,,,,
622,2025-05-15 20:27:31.440750,41.1368342,2.0566393,3.890117645263672,104.31668689166102,23.670000000000016,49.0,1011.0,,9.2,353.0,347.9255127786298,5.359886510589946,,92.2421996702908,3.8040545465873743,,,,,,,,,,,,,,,,
623,2025-05-15 20:27:36.441215,41.1367102,2.0564862,3.974977493286133,103.90351508838862,23.670000000000016,49.0,1011.0,,9.3,350.0,342.6962266378988,5.429465638366173,,86.59974172628745,3.795074833742802,,,,,,,,,,,,,,,,
624,2025-05-15 20:27:41.440804,41.1365826,2.0563279,4.154369354248047,104.99370207238186,23.670000000000016,49.0,1011.0,,9.4,352.0,345.75794021586256,5.317586441876812,,90.7516422882444,4.026684866314807,,,,,,,,,,,,,,,,
625,2025-05-15 20:27:46.440782,41.1364474,2.0561535,4.047644138336182,104.8855255363072,23.670000000000016,49.0,1011.0,,9.3,351.0,344.1899500128377,5.33986328622627,,89.07547554914493,3.894522648275429,,,,,,,,,,,,,,,,
626,2025-05-15 20:27:51.441149,41.1363137,2.0559878,4.166378021240234,103.99088686825142,23.670000000000016,49.0,1011.0,,9.4,352.0,345.7260378352436,5.305947683604213,,89.71692470349501,4.037753095020674,,,,,,,,,,,,,,,,
627,2025-05-15 20:27:56.440827,41.1361884,2.0558311,3.971740961074829,102.85942505110378,23.670000000000016,49.0,1011.0,,9.4,352.0,346.2264445681213,5.494785450029044,,89.08586961922504,3.8575306517241255,,,,,,,,,,,,,,,,
628,2025-05-15 20:28:01.440575,41.1359629,2.0556147,3.98075008392334,105.81469081061739,23.670000000000016,49.0,1011.0,,9.4,349.0,341.1262930188701,5.544660166710844,,86.9409838294875,3.7667206960505824,,,,,,,,,,,,,,,,
629,2025-05-15 20:28:06.440849,41.1358117,2.0554672,3.970118284225464,105.29754303760987,23.670000000000016,49.0,1011.0,,9.2,356.0,352.97439357166263,5.246866619162955,,98.27193660927253,3.940308996893114,,,,,,,,,,,,,,,,
630,2025-05-15 20:28:11.440822,41.1356816,2.0553285,3.6011126041412354,103.93919599661275,23.670000000000016,49.0,1011.0,,9.2,355.0,351.7993374362405,5.621359370448618,,95.73853343285322,3.5642897206700286,,,,,,,,,,,,,,,,
631,2025-05-15 20:28:16.440888,41.1355544,2.0551773,4.207168102264404,104.15914857845468,23.670000000000016,49.0,1011.0,,9.3,352.0,345.4933370600657,5.167058421849082,,89.65248563852037,4.073037344275323,,,,,,,,,,,,,,,,
632,2025-05-15 20:28:21.441167,41.1354134,2.0550146,3.962061882019043,104.64633231157335,23.670000000000016,49.0,1011.0,,9.4,351.0,344.5549466386125,5.521614495409783,,89.20127895018584,3.8189771345131045,,,,,,,,,,,,,,,,
633,2025-05-15 20:28:26.440994,41.1352872,2.0548733,3.9996821880340576,105.77870937406976,23.670000000000016,49.0,1011.0,,9.5,352.0,346.2615119233484,5.5671414606340495,,92.04022129741816,3.885250505839103,,,,,,,,,,,,,,,,
634,2025-05-15 20:28:31.441114,41.1351537,2.0547155,3.9401445388793945,106.0647576965099,23.670000000000016,49.0,1011.0,,9.3,353.0,347.90836074765286,5.410574685402663,,93.97311844416276,3.8527277609620314,,,,,,,,,,,,,,,,
635,2025-05-15 20:28:36.441093,41.1349664,2.0546094,6.343611240386963,104.46092682655335,23.670000000000016,49.0,1011.0,,9.3,354.0,341.500580196324,3.0637562676815704,,85.96150702287736,6.015816981252985,,,,,,,,,,,,,,,,
636,2025-05-15 20:28:41.440814,41.1347771,2.0544641,4.273996829986572,215.9213409423828,23.670000000000016,49.0,1011.0,,9.5,353.0,347.34246155618473,5.283597817194062,,203.26380249856754,4.170126751510471,,,,,,,,,,,,,,,,
637,2025-05-15 20:28:46.441279,41.1346331,2.0542826,3.691737174987793,104.3592184796227,23.670000000000016,49.0,1011.0,,9.5,353.0,348.59150137372916,5.853097673624222,,92.95071985335187,3.6187952615864205,,,,,,,,,,,,,,,,
638,2025-05-15 20:28:51.441231,41.1345305,2.0541091,3.7994890213012695,105.23659042945668,23.670000000000016,49.0,1011.0,,8.9,353.0,347.84120781307746,5.149691519976656,,93.07779824253413,3.7142574732578226,,,,,,,,,,,,,,,,
639,2025-05-15 20:28:56.441050,41.1344216,2.0539217,4.0786542892456055,106.3205892620619,23.670000000000016,49.0,1011.0,,9.7,355.0,351.39153019603395,5.648063872890088,,97.71211945809586,4.032705251017474,,,,,,,,,,,,,,,,
640,2025-05-15 20:29:01.440808,41.1342819,2.0537587,4.120020389556885,104.96038440961054,23.670000000000016,49.0,1011.0,,9.5,355.0,351.19255447377697,5.407592913334151,,96.15293888338749,4.07143913928093,,,,,,,,,,,,,,,,
641,2025-05-15 20:29:06.440479,41.1341532,2.053622,4.009649276733398,104.58717604317187,23.670000000000016,49.0,1011.0,,9.4,356.0,353.03501587290566,5.407356677449832,,97.62219191607755,3.980059852527591,,,,,,,,,,,,,,,,
642,2025-05-15 20:29:11.441074,41.1340331,2.0534803,4.059629917144775,104.29520594672134,23.670000000000016,49.0,1011.0,,9.0,355.0,350.91630362993334,4.968432617037317,,95.21150957665469,4.008717168588268,,,,,,,,,,,,,,,,
643,2025-05-15 20:29:16.440743,41.1339174,2.0533283,3.9901230335235596,103.70500247035136,23.670000000000016,49.0,1011.0,,9.1,353.0,347.59517530320045,5.162571342206299,,91.30017777355181,3.8969703900284824,,,,,,,,,,,,,,,,
644,2025-05-15 20:29:21.440880,41.1338113,2.0531633,4.049534797668457,103.73711118963959,23.670000000000016,49.0,1011.0,,9.0,352.0,345.5559811819494,5.021601539003956,,89.29309237158895,3.92153634652554,,,,,,,,,,,,,,,,
645,2025-05-15 20:29:26.441188,41.1336858,2.0530114,3.831042766571045,104.78991654830536,23.670000000000016,49.0,1011.0,,8.9,355.0,351.24208971142093,5.094489249941162,,96.0320062597263,3.786374718857575,,,,,,,,,,,,,,,,
646,2025-05-15 20:29:31.441135,41.1335382,2.0528667,4.009366512298584,104.61663464906214,23.670000000000016,49.0,1011.0,,9.2,357.0,354.687494430955,5.200363298552783,,99.3041290800171,3.992144331981445,,,,,,,,,,,,,,,,
647,2025-05-15 20:29:36.441191,41.1333966,2.052709,3.9898343086242676,104.91025082110264,23.670000000000016,49.0,1011.0,,9.2,355.0,351.1926887800972,5.236906049871424,,96.10293960119986,3.9427895804583217,,,,,,,,,,,,,,,,
648,2025-05-15 20:29:41.441487,41.1332671,2.0525537,3.970015525817871,103.45708026385824,23.670000000000016,49.0,1011.0,,8.9,357.0,354.5893505869826,4.9397968168185775,,98.04643085084086,3.9523269459553934,,,,,,,,,,,,,,,,
649,2025-05-15 20:29:46.441102,41.1331237,2.0524087,3.9630062580108643,103.36362278544496,23.670000000000016,49.0,1011.0,,9.1,354.0,349.4089659248782,5.175308917417303,,92.77258871032313,3.89549296975966,,,,,,,,,,,,,,,,
650,2025-05-15 20:29:51.440876,41.1329761,2.0522572,3.9799935817718506,103.75084670006049,23.670000000000016,49.0,1011.0,,8.9,353.0,347.4032154509686,4.973381418810303,,91.15406215102911,3.884191166794673,,,,,,,,,,,,,,,,
651,2025-05-15 20:29:56.440792,41.1328269,2.0521064,4.4382195472717285,104.78384451013322,23.670000000000016,49.0,1011.0,,9.2,355.0,350.37219992327385,4.79429936088003,,95.15604443340709,4.375707244194563,,,,,,,,,,,,,,,,
652,2025-05-15 20:30:01.441457,41.1326575,2.0519412,4.369874954223633,105.41305519685314,23.670000000000016,49.0,1011.0,,9.0,355.0,350.3143666363441,4.662335726067348,,95.72742183319724,4.3075853844361776,,,,,,,,,,,,,,,,
653,2025-05-15 20:30:06.441145,41.132502,2.0517806,4.130916595458984,104.12838540643294,23.670000000000016,49.0,1011.0,,9.0,356.0,352.62008655858284,4.887647889743065,,96.74847196501577,4.0966971323047625,,,,,,,,,,,,,,,,
654,2025-05-15 20:30:11.441274,41.1323717,2.0516159,3.9818692207336426,103.91124003233989,23.670000000000016,49.0,1011.0,,9.0,355.0,351.0557223480203,5.045233035213901,,94.9669623803602,3.933449738826331,,,,,,,,,,,,,,,,
655,2025-05-15 20:30:16.441042,41.1322395,2.0514706,4.278746128082275,104.38138927366856,23.670000000000016,49.0,1011.0,,9.3,353.0,347.1083465229686,5.079980567640326,,91.48973579663715,4.170894793747375,,,,,,,,,,,,,,,,
656,2025-05-15 20:30:21.441194,41.132111,2.0513358,4.049320220947266,104.56796272103662,23.670000000000016,49.0,1011.0,,9.0,353.0,347.3417828199643,5.005249705520168,,91.90974554100092,3.9508999011576464,,,,,,,,,,,,,,,,
657,2025-05-15 20:30:26.440412,41.1319958,2.0511882,3.580010414123535,103.35130112418226,23.670000000000016,49.0,1011.0,,8.9,351.0,345.03960976667616,5.393221640168237,,88.39091089085844,3.458664251523718,,,,,,,,,,,,,,,,
658,2025-05-15 20:30:31.440478,41.1318796,2.0510059,4.059626579284668,103.96896196101568,23.670000000000016,49.0,1011.0,,8.9,355.0,350.83250418783473,4.868695011689965,,94.80146614885041,4.007772188051335,,,,,,,,,,,,,,,,
659,2025-05-15 20:30:36.440854,41.1317483,2.0508284,3.6821913719177246,106.22082068885553,23.670000000000016,49.0,1011.0,,9.2,356.0,353.33909678615754,5.5327437411711085,,99.5599174750131,3.657336693000378,,,,,,,,,,,,,,,,
660,2025-05-15 20:30:41.441134,41.1316247,2.0506841,3.8594624996185303,104.94212048376993,23.670000000000016,49.0,1011.0,,8.9,353.0,347.69904836200686,5.091079059593856,,92.6411688457768,3.7708570986192957,,,,,,,,,,,,,,,,
661,2025-05-15 20:30:46.441454,41.131498,2.0505396,4.109225749969482,105.51658037410301,23.670000000000016,49.0,1011.0,,9.4,357.0,354.6747854487873,5.300770257709137,,100.1913658228903,4.091490132749138,,,,,,,,,,,,,,,,
662,2025-05-15 20:30:51.441385,41.131367,2.0503959,4.01019287109375,106.80905707074453,23.670000000000016,49.0,1011.0,,9.2,356.0,352.9204588364066,5.207095235891319,,99.72951590715115,3.979619198753941,,,,,,,,,,,,,,,,
663,2025-05-15 20:30:56.441036,41.131226,2.0502275,4.219350337982178,103.9843298866482,23.670000000000016,49.0,1011.0,,8.6,357.0,354.1180231744772,4.391987021483144,,98.10235306112537,4.197135891813662,,,,,,,,,,,,,,,,
664,2025-05-15 20:31:01.441376,41.1310772,2.0500524,4.062150478363037,102.70259024738195,23.670000000000016,49.0,1011.0,,9.1,356.0,352.7870038628216,5.055691875577456,,95.4895941102036,4.03000362296609,,,,,,,,,,,,,,,,
665,2025-05-15 20:31:06.441349,41.1309323,2.0498977,3.881638526916504,102.86956788202126,23.670000000000016,49.0,1011.0,,8.9,356.0,352.91735544778396,5.035102715313389,,95.78692332980523,3.852019033755379,,,,,,,,,,,,,,,,
666,2025-05-15 20:31:11.440990,41.130798,2.049741,4.020001411437988,103.56585102639069,23.670000000000016,49.0,1011.0,,8.8,355.0,350.8211344397214,4.808078547798095,,94.3869854661121,3.9685259871343845,,,,,,,,,,,,,,,,
667,2025-05-15 20:31:16.440754,41.1306529,2.0495723,4.092010021209717,-108.75156970088533,23.670000000000016,49.0,1011.0,,9.3,358.0,356.4300283399987,5.212439411572132,,247.6784586391134,4.084069473544916,,,,,,,,,,,,,,,,