id,Time,Latitude,Longitude,SpeedOverGround (m/s),CourseOverGround (deg),Temperature (C),Humidity (%),Pressure (hPa),Device1_MAC,Device1_WindSpeed (m/s),Device1_WindAngle (deg),Device1_TrueWindAngle (deg),Device1_TrueWindSpeed (m/s),Device1_CrossWindSpeed (m/s),Device1_TrueWindDirection (deg),Device1_VelocityMadeGood (m/s),Device2_MAC,Device2_WindSpeed (m/s),Device2_WindAngle (deg),Device2_TrueWindAngle (deg),Device2_TrueWindSpeed (m/s),Device2_CrossWindSpeed (m/s),Device2_TrueWindDirection (deg),Device2_VelocityMadeGood (m/s),Device3_MAC,Device3_WindSpeed (m/s),Device3_WindAngle (deg),Device3_TrueWindAngle (deg),Device3_TrueWindSpeed (m/s),Device3_CrossWindSpeed (m/s),Device3_TrueWindDirection (deg),Device3_VelocityMadeGood (m/s)
1,2025-05-15 20:31:42.813776,41.1299404,2.0487496,4.233896255493164,-106.422516175046,23.670000000000016,49.0,1011.0,,9.0,355.0,350.5876492235233,4.79643070067824,,244.1651330484773,4.176895021713336,,,,,,,,,,,,,,,,
2,2025-05-15 20:31:47.814074,41.1297615,2.0485826,4.319901466369629,-154.58627812630792,23.670000000000016,49.0,1011.0,,9.4,355.0,350.77497667337127,5.110425174299131,,196.18869854706335,4.264029349057474,,,,,,,,,,,,,,,,
3,2025-05-15 20:31:52.814281,41.1296409,2.0484959,3.9646472930908203,-140.85192883757117,23.670000000000016,49.0,1011.0,,9.3,357.0,354.7751342803368,5.344815240752315,,213.9232054427656,3.948174069873793,,,,,,,,,,,,,,,,
4,2025-05-15 20:31:57.814040,41.1295162,2.0483604,3.9412641525268555,58.251842072344026,23.670000000000016,49.0,1011.0,,8.8,357.0,354.5717556030165,4.868508813702183,,52.82359767536053,3.9235893651241223,,,,,,,,,,,,,,,,
5,2025-05-15 20:32:02.814027,41.1294007,2.0482021,4.155937194824219,172.85311362750844,23.670000000000016,49.0,1011.0,,9.0,357.0,354.4320844085949,4.854633320371952,,167.28519803610334,4.136329018803606,,,,,,,,,,,,,,,,
6,2025-05-15 20:32:07.814081,41.1292547,2.0480503,4.500948429107666,177.48180988462101,23.670000000000016,49.0,1011.0,,9.1,358.0,356.0449848728884,4.6044736001032085,,173.52679475750938,4.490229469828896,,,,,,,,,,,,,,,,
7,2025-05-15 20:32:12.813259,41.1291179,2.0478772,3.835960865020752,-168.1429332135976,23.670000000000016,49.0,1011.0,,9.0,357.0,354.7759356851265,5.173193124798939,,186.63300247152893,3.8200272232344146,,,,,,,,,,,,,,,,
8,2025-05-15 20:32:17.814138,41.1290014,2.0477308,4.1870646476745605,-178.95355172621868,23.670000000000016,49.0,1011.0,,9.4,356.0,352.79938441996217,5.2312947913004715,,173.8458326937435,4.1540427539069755,,,,,,,,,,,,,,,,
9,2025-05-15 20:32:22.813911,41.1288644,2.0475664,4.797299385070801,176.66016544822517,23.670000000000016,49.0,1011.0,,9.1,356.0,351.5647690545671,4.327345308752363,,168.22493450279228,4.745403735836729,,,,,,,,,,,,,,,,
10,2025-05-15 20:32:27.813264,41.1287547,2.0474358,4.105584144592285,-153.80545090039206,23.670000000000016,49.0,1011.0,,9.1,356.0,352.72466899445084,5.012604899193549,,198.91921809405878,4.07253032877394,,,,,,,,,,,,,,,,
11,2025-05-15 20:32:32.813843,41.1286795,2.0473446,4.10136079788208,-160.5124644389128,23.670000000000016,49.0,1011.0,,9.3,359.0,358.21125497433076,5.199756549698597,,197.69879053541797,4.099362251097306,,,,,,,,,,,,,,,,
12,2025-05-15 20:32:37.813994,41.1285381,2.0472084,4.256505966186523,-167.62392079894667,23.670000000000016,49.0,1011.0,,9.7,353.0,347.587794775077,5.499739801695386,,179.96387397613032,4.157016579163509,,,,,,,,,,,,,,,,
13,2025-05-15 20:32:42.814194,41.1283372,2.047047,5.537507057189941,-157.09995166541268,23.670000000000016,49.0,1011.0,,8.8,357.0,351.9353985773822,3.282899010771641,,194.83544691196954,5.482743995250827,,,,,,,,,,,,,,,,
14,2025-05-15 20:32:47.813763,41.1281341,2.0467682,4.114170074462891,-148.11379962350708,23.670000000000016,49.0,1011.0,,9.1,358.0,356.3512742162185,4.990402151840922,,208.2374745927114,4.105830523716212,,,,,,,,,,,,,,,,
15,2025-05-15 20:32:52.814188,41.1279446,2.0465135,4.271661281585693,153.25040240768013,23.670000000000016,49.0,1011.0,,9.6,356.0,352.8054147755823,5.3470534035280854,,146.05581718326243,4.238028534118928,,,,,,,,,,,,,,,,
16,2025-05-15 20:32:57.813871,41.1278082,2.0463073,4.322550296783447,143.83375720276695,23.670000000000016,49.0,1011.0,,9.3,357.0,354.4007901753249,4.988505806369526,,138.23454737809186,4.301926309957557,,,,,,,,,,,,,,,,
17,2025-05-15 20:33:02.814204,41.1277091,2.0461635,3.733363151550293,97.6377317702507,23.670000000000016,49.0,1011.0,,9.7,354.0,350.2706955301311,5.999793272133878,,87.90842730038179,3.679666804136375,,,,,,,,,,,,,,,,
18,2025-05-15 20:33:07.813890,41.1276043,2.0459908,3.713202953338623,98.03660798759027,23.670000000000016,49.0,1011.0,,9.4,359.0,358.3471747749122,5.68773177806985,,96.3837827625025,3.7116580647181907,,,,,,,,,,,,,,,,
19,2025-05-15 20:33:12.813848,41.1273801,2.0458247,5.012746334075928,98.52808107950771,23.670000000000016,49.0,1011.0,,9.7,358.0,355.8639325972591,4.693568721503864,,94.39201367676685,4.999691027394941,,,,,,,,,,,,,,,,
20,2025-05-15 20:33:17.813860,41.1271823,2.0457021,3.8245928287506104,98.22385762368617,23.670000000000016,49.0,1011.0,,9.3,357.0,354.90837868666046,5.484302604870899,,93.13223631034663,3.8095011930381197,,,,,,,,,,,,,,,,
21,2025-05-15 20:33:22.814196,41.1270789,2.0455241,3.3320579528808594,97.33906125822438,23.670000000000016,49.0,1011.0,,9.9,358.0,356.9859824119422,6.571000895441644,,94.32504367016656,3.3274487195005977,,,,,,,,,,,,,,,,
22,2025-05-15 20:33:27.814135,41.1269269,2.0452863,4.735313892364502,97.24811728942566,23.670000000000016,49.0,1011.0,,9.6,357.0,354.08751641543427,4.877475876069757,,91.3356337048599,4.7101239028742,,,,,,,,,,,,,,,,
23,2025-05-15 20:33:32.813877,41.1268034,2.045127,3.932710647583008,96.349626394678,23.670000000000016,49.0,1011.0,,9.5,358.0,356.5883882382677,5.5713758672191,,92.93801463294574,3.9257410513203514,,,,,,,,,,,,,,,,
24,2025-05-15 20:33:37.814210,41.1266994,2.0451232,3.9192795753479004,96.84353786412912,23.670000000000016,49.0,1011.0,,9.5,357.0,354.89706472675164,5.589856344360369,,91.74060259088077,3.903745550071721,,,,,,,,,,,,,,,,
25,2025-05-15 20:33:42.813770,41.1266994,2.0451232,3.9192795753479004,96.84353786412912,23.670000000000016,49.0,1011.0,,9.7,356.0,353.29671188017363,5.796718355105479,,90.14024974430276,3.8924871933874248,,,,,,,,,,,,,,,,
26,2025-05-15 20:33:47.813844,41.1265087,2.0449175,3.5311691761016846,97.60594406985345,23.670000000000016,49.0,1011.0,,9.6,358.0,356.8371016852885,6.072232583809456,,94.44304575514195,3.525790152705994,,,,,,,,,,,,,,,,
27,2025-05-15 20:33:52.814125,41.1263962,2.0447689,4.735090255737305,97.29637940610097,23.670000000000016,49.0,1011.0,,9.8,354.0,348.4469392280839,5.114853017127128,,85.7433186341849,4.6391556828999985,,,,,,,,,,,,,,,,
28,2025-05-15 20:33:57.813820,41.1262439,2.0445918,4.660129070281982,97.51165330836143,23.670000000000016,49.0,1011.0,,10.1,356.0,352.5873075183154,5.4609067840414,,90.09896082667683,4.62118253801899,,,,,,,,,,,,,,,,
29,2025-05-15 20:34:02.814173,41.1260971,2.0444222,4.102480411529541,98.25531064481407,23.670000000000016,49.0,1011.0,,9.7,356.0,353.07849412952464,5.6148106115438505,,91.33380477433872,4.072582268000613,,,,,,,,,,,,,,,,
30,2025-05-15 20:34:07.813873,41.125976,2.0442723,4.338973522186279,97.24191547765929,23.670000000000016,49.0,1011.0,,10.4,1.0,1.7157293541474326,6.062160306011411,,98.95764483180672,4.3370282658017745,,,,,,,,,,,,,,,,
31,2025-05-15 20:34:12.814051,41.1258323,2.0441098,3.8101272583007812,97.11401335526163,23.670000000000016,49.0,1011.0,,10.1,357.0,355.185676035464,6.298251850786187,,92.29968939072563,3.796684781162897,,,,,,,,,,,,,,,,
32,2025-05-15 20:34:17.814338,41.1256998,2.0439603,4.019120693206787,97.4106689614828,23.670000000000016,49.0,1011.0,,9.8,355.0,351.54155850612796,5.80674842967384,,88.95222746761078,3.975403970661605,,,,,,,,,,,,,,,,
33,2025-05-15 20:34:22.814064,41.12555,2.043794,4.0599517822265625,97.25219491236015,23.670000000000016,49.0,1011.0,,9.5,356.0,353.0252806762135,5.457291594096074,,90.27747558857368,4.029907438938038,,,,,,,,,,,,,,,,
34,2025-05-15 20:34:27.813988,41.1254073,2.0436004,4.787571907043457,97.92438114933779,23.670000000000016,49.0,1011.0,,9.1,353.0,345.35733229505684,4.387085393965536,,83.28171344439465,4.632077259864463,,,,,,,,,,,,,,,,
35,2025-05-15 20:34:32.814191,41.1252593,2.0433979,4.212038993835449,98.44022435621383,23.670000000000016,49.0,1011.0,,9.8,357.0,354.7432225330901,5.598075409126138,,93.18344688930392,4.194323566237685,,,,,,,,,,,,,,,,
36,2025-05-15 20:34:37.814128,41.1251343,2.0432463,4.1500325202941895,96.88273631977583,23.670000000000016,49.0,1011.0,,9.6,358.0,356.4784162480766,5.454418833691677,,93.3611525678524,4.142196139032704,,,,,,,,,,,,,,,,
37,2025-05-15 20:34:42.814322,41.1250347,2.0431045,4.229428768157959,97.35090480624518,23.670000000000016,49.0,1011.0,,9.6,358.0,356.42643197219826,5.375174719756438,,93.77733677844344,4.221205020589901,,,,,,,,,,,,,,,,
38,2025-05-15 20:34:47.813910,41.1249391,2.0429557,3.9009475708007812,97.68483958495628,23.670000000000016,49.0,1011.0,,9.5,357.0,354.91372333573287,5.608115927230117,,92.59856292068912,3.885586921001558,,,,,,,,,,,,,,,,
39,2025-05-15 20:34:52.813901,41.1248013,2.0428059,4.068662166595459,97.85174891770387,23.670000000000016,49.0,1011.0,,9.8,358.0,356.58139694372636,5.735574281115723,,94.43314586143026,4.061422061371611,,,,,,,,,,,,,,,,
40,2025-05-15 20:34:57.814198,41.1246702,2.0426791,3.990121603012085,97.76006045828562,23.670000000000016,49.0,1011.0,,9.8,358.0,356.627551195679,5.813976969639685,,94.38761165396465,3.983211632204588,,,,,,,,,,,,,,,,
41,2025-05-15 20:35:02.814372,41.1245365,2.0425409,4.059700965881348,97.87096223983912,23.670000000000016,49.0,1011.0,,9.6,356.0,353.07909774257826,5.55740825886546,,90.95005998241737,4.0301197451579975,,,,,,,,,,,,,,,,
42,2025-05-15 20:35:07.814191,41.1243831,2.042388,4.040114402770996,97.50373711911338,23.670000000000016,49.0,1011.0,,9.7,356.0,353.1543508103728,5.676727083182426,,90.65808792948621,4.011311849966051,,,,,,,,,,,,,,,,
43,2025-05-15 20:35:12.814106,41.1242351,2.0422271,4.305870056152344,97.48873119350687,23.670000000000016,49.0,1011.0,,9.8,358.0,356.4340123395389,5.4988066910879665,,93.92274353304578,4.2975331457073604,,,,,,,,,,,,,,,,
44,2025-05-15 20:35:17.814170,41.1240987,2.0420651,3.9316635131835938,97.77035355336483,23.670000000000016,49.0,1011.0,,10.6,355.0,352.0648922483299,6.692076526370359,,89.83524580169473,3.894018065912048,,,,,,,,,,,,,,,,
45,2025-05-15 20:35:22.814048,41.1239988,2.0419543,3.93985915184021,96.98290787414324,23.670000000000016,49.0,1011.0,,10.2,354.0,350.24907825162046,6.29520895891684,,87.23198612576368,3.8829413246074083,,,,,,,,,,,,,,,,
46,2025-05-15 20:35:27.814166,41.1238765,2.041809,4.448073863983154,97.73963819266729,23.670000000000016,49.0,1011.0,,9.9,357.0,354.5577149296769,5.462984350998051,,92.29735312234413,4.428023015704076,,,,,,,,,,,,,,,,
47,2025-05-15 20:35:32.813910,41.1237309,2.0416488,4.23062801361084,97.55490206618595,23.670000000000016,49.0,1011.0,,9.6,356.0,352.86006491892437,5.387766048620045,,90.41496698511031,4.197821806625565,,,,,,,,,,,,,,,,
48,2025-05-15 20:35:37.814222,41.1235626,2.041466,3.9717719554901123,97.60972799465364,23.670000000000016,49.0,1011.0,,9.8,356.0,353.2828798645541,5.844473702680667,,90.89260785920771,3.9445086946928423,,,,,,,,,,,,,,,,
49,2025-05-15 20:35:42.813959,41.123459,2.0413425,3.9521443843841553,97.71015226602034,23.670000000000016,49.0,1011.0,,10.2,357.0,355.10552021212584,6.256691764396439,,92.81567247814621,3.937732973414923,,,,,,,,,,,,,,,,
50,2025-05-15 20:35:47.813630,41.1233285,2.0411742,3.944469690322876,98.17797241284202,23.670000000000016,49.0,1011.0,,10.7,354.0,350.5185152386098,6.789669036361337,,88.69648765145178,3.8905838381713838,,,,,,,,,,,,,,,,
51,2025-05-15 20:35:52.813868,41.1231591,2.0409748,3.8513941764831543,98.19997928234781,23.670000000000016,49.0,1011.0,,10.0,354.0,350.26667675493815,6.182824627831614,,88.46665603728593,3.7959545470152336,,,,,,,,,,,,,,,,
52,2025-05-15 20:35:57.814016,41.1230259,2.0408015,3.8801982402801514,97.60772674922683,23.670000000000016,49.0,1011.0,,10.3,356.0,353.5892947197197,6.434948731166731,,91.19702146894656,3.85593565050714,,,,,,,,,,,,,,,,
53,2025-05-15 20:36:02.814008,41.1229198,2.040664,3.934282064437866,96.73246532784637,23.670000000000016,49.0,1011.0,,9.7,357.0,354.9566405077987,5.7747817422879635,,91.68910583564502,3.9190503196790276,,,,,,,,,,,,,,,,
54,2025-05-15 20:36:07.813573,41.1227617,2.0404569,3.9601564407348633,97.01433357451447,23.670000000000016,49.0,1011.0,,9.7,357.0,354.933971320818,5.7490079897444835,,91.94830489533246,3.944686472837559,,,,,,,,,,,,,,,,
55,2025-05-15 20:36:12.813715,41.1226277,2.0403032,4.007833480834961,97.26581430956516,23.670000000000016,49.0,1011.0,,9.7,355.0,351.4977487566184,5.7180966588472275,,88.76356306618356,3.963787611026281,,,,,,,,,,,,,,,,
56,2025-05-15 20:36:17.813861,41.1225163,2.0401866,4.507910251617432,97.72588219167888,23.670000000000016,49.0,1011.0,,9.7,354.0,348.83877681852766,5.238022064999144,,86.56465901020653,4.422649373657422,,,,,,,,,,,,,,,,
57,2025-05-15 20:36:22.814898,41.1223601,2.0400212,4.38676118850708,98.08594927415444,23.670000000000016,49.0,1011.0,,9.7,356.0,352.71041079740604,5.332711665338323,,90.79636007156046,4.35130525348104,,,,,,,,,,,,,,,,
58,2025-05-15 20:36:27.814331,41.1221794,2.0398314,4.252220153808594,98.91685544706483,23.670000000000016,49.0,1011.0,,9.6,356.0,352.8314108028387,5.366342014747511,,91.74826624990357,4.2189816657100945,,,,,,,,,,,,,,,,
59,2025-05-15 20:36:32.814414,41.1220388,2.0396738,3.9414284229278564,97.98587334243541,23.670000000000016,49.0,1011.0,,9.4,356.0,353.1215877444802,5.475080341604464,,91.10746108691563,3.9130601348724787,,,,,,,,,,,,,,,,
60,2025-05-15 20:36:37.814375,41.1219272,2.0395115,3.6610610485076904,97.69268064212345,23.670000000000016,49.0,1011.0,,9.4,354.0,350.1982855653572,5.771695330499411,,87.89096620748063,3.6076198262692865,,,,,,,,,,,,,,,,
61,2025-05-15 20:36:42.815124,41.1218191,2.0393575,4.093672752380371,98.01242228773926,23.670000000000016,49.0,1011.0,,9.2,358.0,356.39815289765295,5.110818236712972,,94.41057518539219,4.085586535607286,,,,,,,,,,,,,,,,
62,2025-05-15 20:36:47.814052,41.1216963,2.039192,4.06008768081665,97.9835305875501,23.670000000000016,49.0,1011.0,,9.6,354.0,349.63676160509397,5.578321157725295,,87.62029219264406,3.9938558417031564,,,,,,,,,,,,,,,,
63,2025-05-15 20:36:52.814473,41.1215748,2.0390362,3.900747299194336,97.36589707147336,23.670000000000016,49.0,1011.0,,9.7,353.0,348.33705163854637,5.8476831410024115,,85.70294871001971,3.82021146776818,,,,,,,,,,,,,,,,
64,2025-05-15 20:36:57.814509,41.1214531,2.0388723,4.218163013458252,97.68298177350204,23.670000000000016,49.0,1011.0,,10.3,354.0,349.8690930000105,6.1208460543212295,,87.55207477351252,4.152395266934176,,,,,,,,,,,,,,,,
65,2025-05-15 20:37:02.814255,41.1213158,2.0387005,3.9906387329101562,97.61616886304097,23.670000000000016,49.0,1011.0,,9.7,356.0,353.21336173640935,5.725853070818898,,90.82953059945032,3.962676701054494,,,,,,,,,,,,,,,,
66,2025-05-15 20:37:07.813728,41.1211908,2.0385434,3.9559454917907715,97.82754955747453,23.670000000000016,49.0,1011.0,,10.9,358.0,356.8614001848238,6.947836199445418,,94.68894974229835,3.9500116177203437,,,,,,,,,,,,,,,,
67,2025-05-15 20:37:12.814145,41.1210742,2.0383778,3.910120964050293,98.05692097018189,23.670000000000016,49.0,1011.0,,10.0,358.0,356.716839817717,6.093789089997019,,94.77376078789894,3.9037032518260633,,,,,,,,,,,,,,,,
68,2025-05-15 20:37:17.814337,41.1209769,2.0382426,3.999626636505127,97.33993552243814,23.670000000000016,49.0,1011.0,,10.1,354.0,350.09348501654034,6.136541755152514,,87.43342053897845,3.9399912837899422,,,,,,,,,,,,,,,,
69,2025-05-15 20:37:22.814209,41.120809,2.0380472,3.910335063934326,97.28173548052047,23.670000000000016,49.0,1011.0,,10.2,359.0,358.37840680272444,6.29063069116028,,95.66014228324491,3.9087690574730303,,,,,,,,,,,,,,,,
70,2025-05-15 20:37:27.814153,41.1206577,2.0378786,4.039710521697998,97.15579362241459,23.670000000000016,49.0,1011.0,,9.9,358.0,356.62245134685645,5.864445263024155,,93.77824496927104,4.032693506076334,,,,,,,,,,,,,,,,
71,2025-05-15 20:37:32.814284,41.1205049,2.0377061,3.7916157245635986,97.32993612549325,23.670000000000016,49.0,1011.0,,9.6,356.0,353.3969223096211,5.823629679988916,,90.72685843511437,3.7664643837447978,,,,,,,,,,,,,,,,
72,2025-05-15 20:37:37.814527,41.1203698,2.0375532,3.9481072425842285,97.60888788138573,23.670000000000016,49.0,1011.0,,9.2,356.0,353.00367087144525,5.268713080661392,,90.61255875283098,3.918709468758701,,,,,,,,,,,,,,,,
73,2025-05-15 20:37:42.814546,41.1202385,2.0374043,3.8902950286865234,97.73663290943249,23.670000000000016,49.0,1011.0,,10.1,355.0,351.8820646610332,6.233736561814357,,89.61869757046571,3.8513123382374905,,,,,,,,,,,,,,,,
74,2025-05-15 20:37:47.814182,41.1201363,2.0372769,4.606931209564209,96.74483480043327,23.670000000000016,49.0,1011.0,,10.8,355.0,351.30092739797675,6.223565340552392,,88.04576219840999,4.5539346162939225,,,,,,,,,,,,,,,,
75,2025-05-15 20:37:52.814588,41.1199859,2.0370757,3.8270702362060547,97.08976618370808,23.670000000000016,49.0,1011.0,,11.5,357.0,355.50571732074627,7.680786619570788,,92.59548350445436,3.8153025995040646,,,,,,,,,,,,,,,,
76,2025-05-15 20:37:57.814367,41.1199067,2.03696,4.078341007232666,97.79297513989592,23.670000000000016,49.0,1011.0,,10.4,357.0,355.0679124559872,6.330847359770403,,92.86088759588313,4.063240148778323,,,,,,,,,,,,,,,,
77,2025-05-15 20:38:02.813561,41.1197829,2.0367948,4.138833045959473,97.21349506052286,23.670000000000016,49.0,1011.0,,10.0,2.0,3.4111104645433623,5.865467020486788,,100.62460552506622,4.1315003119081,,,,,,,,,,,,,,,,
78,2025-05-15 20:38:07.814360,41.1196429,2.036634,3.890840768814087,96.67600015397788,23.670000000000016,49.0,1011.0,,10.0,359.0,358.36323386560196,6.110129163109214,,95.03923401957985,3.8892532754305624,,,,,,,,,,,,,,,,
79,2025-05-15 20:38:12.813902,41.1194721,2.0364449,4.03972053527832,97.1605747548336,23.670000000000016,49.0,1011.0,,10.2,358.0,356.6894804558879,6.164352781186468,,93.85005521072151,4.0329791748517225,,,,,,,,,,,,,,,,
80,2025-05-15 20:38:17.813742,41.1193565,2.0363159,3.9703176021575928,98.04149157284682,23.670000000000016,49.0,1011.0,,10.4,357.0,355.15055984252024,6.438477485298434,,93.19205141536708,3.9561049895432427,,,,,,,,,,,,,,,,
81,2025-05-15 20:38:22.814597,41.119188,2.0361277,3.8215789794921875,97.65206833731855,23.670000000000016,49.0,1011.0,,10.8,357.0,355.3595463813899,6.986521774733433,,93.01161471870847,3.8090518652043683,,,,,,,,,,,,,,,,
82,2025-05-15 20:38:27.814268,41.1190578,2.0359663,4.088295936584473,97.69103456653347,23.670000000000016,49.0,1011.0,,10.8,354.0,350.3689019182756,6.747646069085115,,88.05993648480904,4.030672941670939,,,,,,,,,,,,,,,,
83,2025-05-15 20:38:32.813640,41.1189255,2.0357754,4.328840732574463,97.73374373941357,23.670000000000016,49.0,1011.0,,10.1,353.0,347.80587644981836,5.827354720819651,,85.53962018923193,4.231171537710067,,,,,,,,,,,,,,,,
84,2025-05-15 20:38:37.813708,41.1188091,2.0355959,3.6537249088287354,97.9297565082146,23.670000000000016,49.0,1011.0,,9.7,354.0,350.39755779683844,6.078300990624947,,88.32731430505305,3.6025323051227183,,,,,,,,,,,,,,,,
85,2025-05-15 20:38:42.814650,41.1186992,2.0354549,3.6208488941192627,97.93525481049645,23.670000000000016,49.0,1011.0,,9.7,354.0,350.4489779839809,6.110718837962154,,88.38423279447738,3.570657538539497,,,,,,,,,,,,,,,,
86,2025-05-15 20:38:47.814117,41.1185758,2.035309,3.8358590602874756,97.7707018930125,23.670000000000016,49.0,1011.0,,9.4,354.0,349.89379855529484,5.599527949563204,,87.66450044830731,3.7763426125027264,,,,,,,,,,,,,,,,
87,2025-05-15 20:38:52.814310,41.1184387,2.0351497,3.969269037246704,97.54789429209752,23.670000000000016,49.0,1011.0,,10.6,354.0,350.43119904550696,6.665400768722161,,87.97909333760447,3.914043409596425,,,,,,,,,,,,,,,,
88,2025-05-15 20:38:57.814700,41.1183364,2.0350233,3.7110891342163086,97.78397295056983,23.670000000000016,49.0,1011.0,,9.3,355.0,351.69618925596194,5.612360503083161,,89.48016220653176,3.672182765049555,,,,,,,,,,,,,,,,
89,2025-05-15 20:39:02.814182,41.1181764,2.034848,4.222784996032715,97.9764476813808,23.670000000000016,49.0,1011.0,,9.4,357.0,354.55838393659667,5.187711844612426,,92.53483161797749,4.203754371963116,,,,,,,,,,,,,,,,
90,2025-05-15 20:39:07.814830,41.1180281,2.0346826,4.220127105712891,97.7218250593119,23.670000000000016,49.0,1011.0,,10.7,354.0,350.1193474394703,6.5179355857498535,,87.84117249878216,4.1575313378467325,,,,,,,,,,,,,,,,
91,2025-05-15 20:39:12.814323,41.1178784,2.0345169,4.070766448974609,97.00356919638253,23.670000000000016,49.0,1011.0,,10.7,354.0,350.3396703018407,6.665130102493968,,87.34323949822328,4.0130425372127965,,,,,,,,,,,,,,,,
92,2025-05-15 20:39:17.814176,41.1177404,2.0343506,4.010441303253174,97.80227785754548,23.670000000000016,49.0,1011.0,,10.7,354.0,350.4259212644566,6.724607450454137,,88.22819912200202,3.954581407340396,,,,,,,,,,,,,,,,
93,2025-05-15 20:39:22.814207,41.117614,2.0341782,3.9805338382720947,97.72531528597777,23.670000000000016,49.0,1011.0,,10.4,357.0,355.14286202017763,6.4282978784331375,,92.86817730615542,3.9662394083806296,,,,,,,,,,,,,,,,
94,2025-05-15 20:39:27.813779,41.1174839,2.0340098,3.9700639247894287,97.39044477135039,23.670000000000016,49.0,1011.0,,10.5,356.0,353.57510133796023,6.545468168606698,,90.9655461093106,3.9451294816880043,,,,,,,,,,,,,,,,
95,2025-05-15 20:39:32.814426,41.1173785,2.0338831,3.9699909687042236,97.68654713224878,23.670000000000016,49.0,1011.0,,10.2,356.0,353.45873792423004,6.245822185972662,,91.14528505647883,3.9441466201415136,,,,,,,,,,,,,,,,
96,2025-05-15 20:39:37.814483,41.1172005,2.0336916,4.252581596374512,97.4853775706244,23.670000000000016,49.0,1011.0,,9.6,354.0,349.2686068687345,5.389078627435143,,86.75398443935887,4.17820785581403,,,,,,,,,,,,,,,,
97,2025-05-15 20:39:42.814206,41.1170479,2.033534,4.171510219573975,97.40821009338158,23.670000000000016,49.0,1011.0,,10.2,354.0,349.8785611016661,6.067031334152319,,87.28677119504766,4.1065910602690305,,,,,,,,,,,,,,,,
98,2025-05-15 20:39:47.814025,41.1169084,2.0333906,4.151035785675049,97.56071455716963,23.670000000000016,49.0,1011.0,,10.8,357.0,355.13018069101184,6.6581982765124215,,92.6908952481815,4.1360511755098,,,,,,,,,,,,,,,,
99,2025-05-15 20:39:52.814365,41.1167782,2.0332409,4.0601983070373535,97.42477330211887,23.670000000000016,49.0,1011.0,,10.9,356.0,353.6322490335916,6.85554511103945,,91.05702233571049,4.0351489226541,,,,,,,,,,,,,,,,
100,2025-05-15 20:39:57.814383,41.1166576,2.033081,4.069822311401367,97.98628998397479,23.670000000000016,49.0,1011.0,,10.6,351.0,345.4736778723491,6.611011532795906,,83.45996785632394,3.9397203142397785,,,,,,,,,,,,,,,,
101,2025-05-15 20:40:02.813995,41.1165283,2.0329227,4.218856334686279,97.93584903695424,23.670000000000016,49.0,1011.0,,10.1,352.0,346.33796486353646,5.951236403705915,,84.27381390049072,4.099487332086001,,,,,,,,,,,,,,,,
102,2025-05-15 20:40:07.814426,41.116405,2.0327566,4.160048484802246,97.72321158771341,23.670000000000016,49.0,1011.0,,10.1,352.0,346.4704201265508,6.008396390202116,,84.1936317142642,4.044604106143676,,,,,,,,,,,,,,,,
103,2025-05-15 20:40:12.814164,41.1163008,2.0326264,3.990670680999756,97.70810320926934,23.670000000000016,49.0,1011.0,,10.5,354.0,350.34555657164753,6.5444981263320035,,88.05365978091686,3.9341513127689427,,,,,,,,,,,,,,,,
104,2025-05-15 20:40:17.818095,41.1161425,2.0324303,4.082610607147217,97.6079384850911,23.670000000000016,49.0,1011.0,,10.1,354.0,349.95838704316384,6.054811926093429,,87.56632552825494,4.020070628474064,,,,,,,,,,,,,,,,
105,2025-05-15 20:40:22.814057,41.1160178,2.0322319,4.214366436004639,97.87576386282564,23.670000000000016,49.0,1011.0,,10.3,355.0,351.55508577247656,6.112715989642503,,89.4308496353022,4.16867222846599,,,,,,,,,,,,,,,,
106,2025-05-15 20:40:27.814181,41.1158913,2.0320325,4.1339030265808105,97.98003353069505,23.670000000000016,49.0,1011.0,,10.0,355.0,351.49470706470737,5.892852338474928,,89.47474059540241,4.088439207033208,,,,,,,,,,,,,,,,
107,2025-05-15 20:40:32.814558,41.1157604,2.0318599,4.105515003204346,97.84140118111131,23.670000000000016,49.0,1011.0,,9.8,357.0,354.84125413278133,5.70415971945119,,92.68265531389261,4.088885194990863,,,,,,,,,,,,,,,,
108,2025-05-15 20:40:37.814294,41.1156265,2.0317081,3.9975364208221436,97.60621044723109,23.670000000000016,49.0,1011.0,,9.7,355.0,351.51297622954183,5.728280757040208,,89.11918667677293,3.953760652971912,,,,,,,,,,,,,,,,
109,2025-05-15 20:40:42.814389,41.1154954,2.0315616,4.059622764587402,97.3251140119392,23.670000000000016,49.0,1011.0,,9.9,355.0,351.54229025278744,5.866504788963574,,88.86740426472664,4.015473119441061,,,,,,,,,,,,,,,,
110,2025-05-15 20:40:47.814099,41.1153667,2.0313943,4.1324262619018555,97.18075113364182,23.670000000000016,49.0,1011.0,,9.5,354.0,349.41827098669285,5.407491769701296,,86.59902212033467,4.0621500523322585,,,,,,,,,,,,,,,,
111,2025-05-15 20:40:52.814037,41.115229,2.0312263,4.245805263519287,98.26709955132152,23.670000000000016,49.0,1011.0,,10.4,355.0,351.56798664714137,6.181437496946077,,89.83508619846288,4.19991047076618,,,,,,,,,,,,,,,,
112,2025-05-15 20:40:57.814378,41.1150743,2.031082,4.01446533203125,97.17143475561393,23.670000000000016,49.0,1011.0,,10.2,355.0,351.77048287919365,6.210674253368197,,88.94191763480757,3.9731268621682982,,,,,,,,,,,,,,,,
113,2025-05-15 20:41:02.814275,41.1149232,2.0309441,3.870471715927124,97.67716928251835,23.670000000000016,49.0,1011.0,,9.4,353.0,348.1494204684343,5.578356508704598,,85.82658975095262,3.787978349183637,,,,,,,,,,,,,,,,
114,2025-05-15 20:41:07.814188,41.1147941,2.0307947,3.859947443008423,98.40366918377593,23.670000000000016,49.0,1011.0,,9.2,354.0,349.6961329395486,5.3763587042906735,,88.09980212332454,3.797697946327575,,,,,,,,,,,,,,,,
115,2025-05-15 20:41:12.814146,41.1146874,2.0306283,3.8598737716674805,98.17795192227452,23.670000000000016,49.0,1011.0,,9.4,355.0,351.53429106137423,5.564991711081144,,89.71224298364876,3.8178171620435273,,,,,,,,,,,,,,,,
116,2025-05-15 20:41:17.814177,41.1145643,2.0304637,3.8699533939361572,97.46857530526616,23.670000000000016,49.0,1011.0,,10.0,357.0,355.10926142101516,6.138692379087802,,92.5778367262813,3.8558632425498263,,,,,,,,,,,,,,,,
117,2025-05-15 20:41:22.813626,41.1144262,2.0303059,3.9398348331451416,97.09796924090126,23.670000000000016,49.0,1011.0,,9.4,356.0,353.12358440885544,5.476662464907976,,90.22155364975669,3.9114944555674636,,,,,,,,,,,,,,,,
118,2025-05-15 20:41:27.814047,41.1143001,2.0301444,3.9996261596679688,97.68744188703005,23.670000000000016,49.0,1011.0,,10.1,352.0,346.81924841419,6.164481125454304,,84.50669030122003,3.8942582562679693,,,,,,,,,,,,,,,,
119,2025-05-15 20:41:32.814196,41.1141816,2.0299625,4.238898277282715,97.23503064697591,23.670000000000016,49.0,1011.0,,10.3,356.0,353.2117845990562,6.078623561478703,,90.44681524603214,4.209182923990514,,,,,,,,,,,,,,,,
120,2025-05-15 20:41:37.814239,41.1140562,2.0297866,4.060520172119141,97.45574821000487,23.670000000000016,49.0,1011.0,,10.0,356.0,353.27422531614826,5.956109895474436,,90.72997352615312,4.032575933609292,,,,,,,,,,,,,,,,
121,2025-05-15 20:41:42.813789,41.1139287,2.0296436,4.01985502243042,98.07913274536277,23.670000000000016,49.0,1011.0,,9.1,356.0,352.8466924449678,5.097655381882833,,90.92582519033056,3.9885665232221745,,,,,,,,,,,,,,,,
122,2025-05-15 20:41:47.813909,41.1137961,2.0295138,3.9800467491149902,97.99411738076363,23.670000000000016,49.0,1011.0,,10.3,357.0,355.1138964653748,6.328836553247015,,93.10801384613842,3.965583194859963,,,,,,,,,,,,,,,,
123,2025-05-15 20:41:52.814642,41.1136617,2.0293727,4.0357136726379395,97.168183585569,23.670000000000016,49.0,1011.0,,10.3,357.0,355.0705920437403,6.273373716027835,,92.23877562930932,4.02078687283084,,,,,,,,,,,,,,,,
124,2025-05-15 20:41:57.814139,41.1135261,2.0292232,3.910649299621582,97.02869063214983,23.670000000000016,49.0,1011.0,,9.8,357.0,355.0114579021481,5.898262124347323,,92.04014853429794,3.8958361801311048,,,,,,,,,,,,,,,,
125,2025-05-15 20:42:02.814310,41.1133865,2.0290712,4.099201679229736,97.44515458660219,23.670000000000016,49.0,1011.0,,10.6,354.0,350.2418964060252,6.537311599448484,,87.6870509926274,4.039894828416404,,,,,,,,,,,,,,,,
126,2025-05-15 20:42:07.814512,41.1132533,2.0289096,3.7510156631469727,97.79863053652869,23.670000000000016,49.0,1011.0,,10.8,355.0,352.3499589491378,7.070819833492723,,90.14858948566643,3.717630318346181,,,,,,,,,,,,,,,,
127,2025-05-15 20:42:12.814331,41.1131342,2.0287618,3.9325082302093506,97.78009340312127,23.670000000000016,49.0,1011.0,,10.4,356.0,353.57484970359405,6.482877536577703,,91.35494310671533,3.9078077272935703,,,,,,,,,,,,,,,,
128,2025-05-15 20:42:17.814570,41.1130138,2.028606,4.249048709869385,97.40595613095549,23.670000000000016,49.0,1011.0,,10.6,357.0,354.9964479307476,6.36066298192034,,92.40240406170307,4.232856829912507,,,,,,,,,,,,,,,,
129,2025-05-15 20:42:22.814242,41.1128704,2.0284399,4.184351444244385,97.90992163886487,23.670000000000016,49.0,1011.0,,9.8,358.0,356.51106695999505,5.620095104272777,,94.42098859885994,4.176596048551365,,,,,,,,,,,,,,,,
130,2025-05-15 20:42:27.814195,41.1127284,2.0282693,3.9033472537994385,97.57228489762363,23.670000000000016,49.0,1011.0,,10.0,356.0,353.44677859402475,6.11222887843127,,91.01906349164835,3.87784385179094,,,,,,,,,,,,,,,,
131,2025-05-15 20:42:32.814256,41.1125737,2.0281086,4.238273620605469,97.72256954993142,23.670000000000016,49.0,1011.0,,10.0,356.0,353.06784686644534,5.779617227940714,,90.79041641637673,4.207290854856401,,,,,,,,,,,,,,,,
132,2025-05-15 20:42:37.813892,41.1124097,2.0279368,4.0951924324035645,97.0108638384161,23.670000000000016,49.0,1011.0,,9.8,358.0,356.5655200487933,5.70909144459092,,93.57638388720943,4.087837291790607,,,,,,,,,,,,,,,,
133,2025-05-15 20:42:42.814147,41.1122589,2.0277549,4.026824951171875,97.4157028109011,23.670000000000016,49.0,1011.0,,10.0,358.0,356.65277250130856,5.977280386858632,,94.06847531220967,4.019955304016746,,,,,,,,,,,,,,,,
134,2025-05-15 20:42:47.814268,41.1120556,2.0274844,3.8470942974090576,97.28083389555002,23.670000000000016,49.0,1011.0,,10.2,352.0,347.2106862435149,6.412735755810688,,84.4915201390649,3.7516504207576546,,,,,,,,,,,,,,,,
135,2025-05-15 20:42:52.814511,41.1119438,2.0273202,4.020068168640137,97.75456215600376,23.670000000000016,49.0,1011.0,,10.1,356.0,353.3634486871067,6.096177760777866,,91.11801084311048,3.9931306581741746,,,,,,,,,,,,,,,,
136,2025-05-15 20:42:57.814312,41.1118232,2.0271426,3.9004626274108887,97.92767330051774,23.670000000000016,49.0,1011.0,,10.3,353.0,348.7711093060221,6.446161012292899,,86.6987826065398,3.8257964237711137,,,,,,,,,,,,,,,,
137,2025-05-15 20:43:02.814376,41.1116979,2.0269677,4.341984272003174,97.50435183613868,23.670000000000016,49.0,1011.0,,9.9,353.0,347.59280547493944,5.615367822411792,,85.09715731107815,4.240578561089209,,,,,,,,,,,,,,,,
138,2025-05-15 20:43:07.814592,41.1115493,2.026784,4.210587024688721,97.61006950411215,23.670000000000016,49.0,1011.0,,9.9,357.0,354.78414605904646,5.699445163751264,,92.39421556315858,4.19315217180331,,,,,,,,,,,,,,,,
139,2025-05-15 20:43:12.814438,41.111399,2.0266118,4.129040718078613,97.27873702747482,23.670000000000016,49.0,1011.0,,10.0,355.0,351.5016935021061,5.897661216147808,,88.78043052958094,4.08370480794224,,,,,,,,,,,,,,,,
140,2025-05-15 20:43:17.814400,41.1112418,2.0264274,4.416100025177002,97.33642480520476,23.670000000000016,49.0,1011.0,,10.0,355.0,351.0687324536763,5.613914036203711,,88.4051572588811,4.362556092404054,,,,,,,,,,,,,,,,
141,2025-05-15 20:43:22.814614,41.1110864,2.0262493,3.9246227741241455,97.30406336891723,23.670000000000016,49.0,1011.0,,10.3,355.0,351.9360599078444,6.399459577774228,,89.24012327676166,3.885816652861595,,,,,,,,,,,,,,,,
142,2025-05-15 20:43:27.814190,41.1109516,2.0261146,3.670971632003784,98.08381142494423,23.670000000000016,49.0,1011.0,,10.1,353.0,349.0361733285599,6.471872653811563,,87.11998475350413,3.6039670529051318,,,,,,,,,,,,,,,,
143,2025-05-15 20:43:32.814048,41.1108029,2.0259718,4.168378829956055,97.36804858106191,23.670000000000016,49.0,1011.0,,9.4,357.0,354.6147783790875,5.241875360135599,,91.9828269601494,4.149980460204179,,,,,,,,,,,,,,,,
144,2025-05-15 20:43:37.814304,41.1106372,2.0258126,3.7815070152282715,96.98618636494484,23.670000000000016,49.0,1011.0,,10.1,355.0,352.0208629964172,6.341453072522422,,89.00704936136202,3.7448970353952746,,,,,,,,,,,,,,,,
145,2025-05-15 20:43:42.814425,41.1104975,2.0256682,4.049026012420654,97.10519558104315,23.670000000000016,49.0,1011.0,,9.5,353.0,347.855698637783,5.503322006325659,,84.96089421882618,3.9584123185371936,,,,,,,,,,,,,,,,
146,2025-05-15 20:43:47.814003,41.1103565,2.0255163,4.059935092926025,96.99251112011628,23.670000000000016,49.0,1011.0,,10.5,353.0,348.62713995687574,6.48921728395876,,85.619651076992,3.9802170140375335,,,,,,,,,,,,,,,,
147,2025-05-15 20:43:52.814023,41.1102146,2.0253282,4.3433942794799805,97.346116843637,23.670000000000016,49.0,1011.0,,10.4,357.0,354.85269995404917,6.066818296991075,,92.19881679768616,4.325878847427094,,,,,,,,,,,,,,,,
148,2025-05-15 20:43:57.814263,41.1101158,2.0252089,3.9912877082824707,97.48277526855061,23.670000000000016,49.0,1011.0,,9.9,354.0,349.9759960150681,5.945233539700822,,87.45877128361872,3.930360369870482,,,,,,,,,,,,,,,,
149,2025-05-15 20:44:02.814161,41.1099556,2.0250308,4.1023268699646,97.20693807891965,23.670000000000016,49.0,1011.0,,10.2,355.0,351.6528135962764,6.123730373146185,,88.8597516751961,4.05886914836787,,,,,,,,,,,,,,,,
150,2025-05-15 20:44:07.814501,41.1098226,2.0248699,4.117055892944336,96.7444864607856,23.670000000000016,49.0,1011.0,,9.9,351.0,344.6998983201337,5.869076655270645,,81.44438478091928,3.9711348757958467,,,,,,,,,,,,,,,,
151,2025-05-15 20:44:12.813845,41.1097235,2.0247334,3.074185848236084,97.508060628858,23.670000000000016,49.0,1011.0,,10.0,354.0,351.3499632271379,6.950087474230343,,88.8580238559959,3.0392182564385446,,,,,,,,,,,,,,,,
152,2025-05-15 20:44:17.818307,41.1096308,2.0245921,4.4618353843688965,97.87544967412381,23.670000000000016,49.0,1011.0,,9.9,355.0,350.9225185669293,5.468986311430175,,88.79796824105313,4.405954868405962,,,,,,,,,,,,,,,,
153,2025-05-15 20:44:22.814162,41.1094615,2.0243808,4.502394199371338,97.18885173799745,23.670000000000016,49.0,1011.0,,10.1,356.0,352.7948753975902,5.61736026439734,,89.98372713558763,4.466840986815453,,,,,,,,,,,,,,,,
154,2025-05-15 20:44:27.814204,41.109293,2.024171,4.1417059898376465,96.42222447536605,23.670000000000016,49.0,1011.0,,9.7,351.0,344.41119748543707,5.6465797620634675,,80.8334219608031,3.989353766600692,,,,,,,,,,,,,,,,
155,2025-05-15 20:44:32.814475,41.1091632,2.0239711,4.179954528808594,97.4734862112794,23.670000000000016,49.0,1011.0,,9.4,354.0,349.236225379061,5.261117886217872,,86.70971159034042,4.106410430148388,,,,,,,,,,,,,,,,
156,2025-05-15 20:44:37.814552,41.1090126,2.0237868,4.736749172210693,98.18239837542419,23.670000000000016,49.0,1011.0,,9.8,354.0,349.5725119649057,5.659833599342543,,87.0459981761851,4.110921544606143,,,,,,,,,,,,,,,,
157,2025-05-15 20:44:42.818058,41.1088524,2.02362,4.202392101287842,97.53896040466314,23.670000000000016,49.0,1011.0,,9.7,352.0,345.97197020436386,5.5692999555030305,,83.51093060902701,4.077065250166254,,,,,,,,,,,,,,,,
158,2025-05-15 20:44:47.814014,41.1087335,2.0234761,4.01078987121582,97.25393661059852,23.670000000000016,49.0,1011.0,,9.8,352.0,346.52924109300596,5.85491207867918,,83.78317770360445,3.90044876388585,,,,,,,,,,,,,,,,
159,2025-05-15 20:44:52.814001,41.1086175,2.0233343,3.960909128189087,97.37207839267222,23.670000000000016,49.0,1011.0,,10.0,357.0,355.0357998655056,6.048072777670516,,92.40787825817785,3.946051602624181,,,,,,,,,,,,,,,,
160,2025-05-15 20:44:57.815167,41.1084963,2.0231847,3.910118341445923,97.29592861361574,23.670000000000016,49.0,1011.0,,9.8,357.0,355.0119063604838,5.898791071491076,,92.30783497409953,3.895309894334609,,,,,,,,,,,,,,,,
161,2025-05-15 20:45:02.814133,41.1083708,2.0230242,4.067565441131592,97.41536813163177,23.670000000000016,49.0,1011.0,,9.8,352.0,346.3985822015182,5.799713545516632,,83.81395033314993,3.9534913071278153,,,,,,,,,,,,,,,,
162,2025-05-15 20:45:07.814036,41.1082373,2.0228617,4.249265193939209,97.88379616528958,23.670000000000016,49.0,1011.0,,11.1,356.0,353.52623658899967,6.86748567556233,,91.41003275428926,4.2221701323587855,,,,,,,,,,,,,,,,
163,2025-05-15 20:45:12.814461,41.1081007,2.0227058,4.120480060577393,98.21563407592548,23.670000000000016,49.0,1011.0,,11.1,351.0,345.7613478369667,7.059738197001613,,83.9769819128922,3.9938974425518317,,,,,,,,,,,,,,,,
164,2025-05-15 20:45:17.815004,41.1079659,2.0225434,4.119979381561279,97.61627131587852,23.670000000000016,49.0,1011.0,,10.8,354.0,350.32296466425476,6.7159177267658,,88.53859874018025,4.061849428281332,,,,,,,,,,,,,,,,
165,2025-05-15 20:45:22.814222,41.1078388,2.0223767,3.811605215072632,97.5786028226059,23.670000000000016,49.0,1011.0,,9.7,350.0,343.6485951393596,5.983024819553908,,81.22719796196549,3.6574375849151104,,,,,,,,,,,,,,,,
166,2025-05-15 20:45:27.814120,41.1077165,2.0222186,4.18779182434082,98.08526625523744,23.670000000000016,49.0,1011.0,,10.7,0.0,0.0,10.7,,97.5786028226059,3.811605215072632,,,,,,,,,,,,,,,,
167,2025-05-15 20:45:32.814171,41.1076161,2.0220919,4.249573230743408,97.34034533378833,23.670000000000016,49.0,1011.0,,10.7,355.0,351.72196263980146,6.477195609274165,,89.06230797358978,4.205297144164347,,,,,,,,,,,,,,,,
168,2025-05-15 20:45:37.814368,41.1074567,2.0218942,4.242888450622559,97.10331727902138,23.670000000000016,49.0,1011.0,,11.3,350.0,344.09341588741506,7.159580785923426,,81.19673316643645,4.080427493763806,,,,,,,,,,,,,,,,
169,2025-05-15 20:45:42.814118,41.1073173,2.0217342,3.931607961654663,97.8581214841995,23.670000000000016,49.0,1011.0,,11.1,355.0,352.2689317757098,7.191521231464605,,90.1270532599093,3.895871221799566,,,,,,,,,,,,,,,,
170,2025-05-15 20:45:47.814598,41.1071739,2.0215867,4.236575126647949,97.50896221382844,23.670000000000016,49.0,1011.0,,10.9,352.0,347.534635430245,7.02798706726081,,85.39275691444448,3.8389268578505944,,,,,,,,,,,,,,,,
171,2025-05-15 20:45:52.814157,41.107028,2.0214248,4.070928573608398,96.77957314255195,23.670000000000016,49.0,1011.0,,11.2,353.0,349.0359483752641,7.176584625723217,,85.81552151781608,3.9966207221189713,,,,,,,,,,,,,,,,
172,2025-05-15 20:45:57.814161,41.1069098,2.0212703,3.9503891468048096,97.32690352150175,23.670000000000016,49.0,1011.0,,11.3,354.0,350.79371458977363,7.382808291718169,,88.12061811127535,3.8995030780586246,,,,,,,,,,,,,,,,
173,2025-05-15 20:46:02.814403,41.1067759,2.0210944,4.466838359832764,97.72273347447151,23.670000000000016,49.0,1011.0,,11.9,355.0,352.0087102180069,7.460324153813673,,89.73144369247842,4.423461851413767,,,,,,,,,,,,,,,,
174,2025-05-15 20:46:07.814611,41.1066231,2.020917,4.211384296417236,97.51814198807294,23.670000000000016,49.0,1011.0,,11.6,355.0,352.1621844954455,7.413732910825652,,89.68032648351846,4.172041762153369,,,,,,,,,,,,,,,,
175,2025-05-15 20:46:12.814355,41.1064798,2.02076,4.0508222579956055,97.85130495540783,23.670000000000016,49.0,1011.0,,12.0,354.0,350.9593983194195,7.982606507285054,,88.81070327482735,4.000499857138743,,,,,,,,,,,,,,,,
176,2025-05-15 20:46:17.814485,41.1063398,2.0205976,4.164889812469482,98.2642786831943,23.670000000000016,49.0,1011.0,,11.6,355.0,352.3278473564058,7.572826641293206,,90.17915231181365,4.014560122339186,,,,,,,,,,,,,,,,
177,2025-05-15 20:46:22.814324,41.1062006,2.0204274,4.209790229797363,97.66294882866639,23.670000000000016,49.0,1011.0,,11.3,357.0,355.22159193002614,7.099398733315908,,92.88454075869254,4.195158356648149,,,,,,,,,,,,,,,,
178,2025-05-15 20:46:27.813511,41.1060738,2.0202488,4.130228519439697,97.32881597446936,23.670000000000016,49.0,1011.0,,11.4,354.0,350.6119146757858,7.30516571792642,,87.94073065025515,4.074908668036273,,,,,,,,,,,,,,,,
179,2025-05-15 20:46:32.814486,41.1059732,2.0201108,4.050312519073486,97.3335219748075,23.670000000000016,49.0,1011.0,,11.5,356.0,353.8309214141979,7.464902530591255,,91.16444338900544,4.026857581879684,,,,,,,,,,,,,,,,
180,2025-05-15 20:46:37.814480,41.1058152,2.0199084,4.220853328704834,97.82209906651686,23.670000000000016,49.0,1011.0,,11.0,355.0,351.9012082685787,6.805158723932034,,89.72330733509557,4.1787571919256346,,,,,,,,,,,,,,,,
181,2025-05-15 20:46:42.814183,41.1056839,2.0197455,4.146495342254639,98.03980451612183,23.670000000000016,49.0,1011.0,,11.0,359.0,358.3774920373915,6.780189704710883,,96.19959110390835,4.219161058719535,,,,,,,,,,,,,,,,
182,2025-05-15 20:46:47.814587,41.1055783,2.0196267,3.960721492767334,97.33231986151358,23.670000000000016,49.0,1011.0,,11.1,357.0,355.33815354375173,7.14771291361254,,92.67047340526528,3.9476183531261984,,,,,,,,,,,,,,,,
183,2025-05-15 20:46:52.814360,41.1054209,2.0194564,3.666126251220703,97.47331545655015,23.670000000000016,49.0,1011.0,,11.0,0.0,0.0,11.0,,97.47331545655015,3.666126251220703,,,,,,,,,,,,,,,,
184,2025-05-15 20:46:57.815031,41.1053193,2.0193521,4.05829381942749,97.38621688425414,23.670000000000016,49.0,1011.0,,10.9,358.0,356.8144988468836,6.8456436867140695,,94.20071573113773,4.0520231791654755,,,,,,,,,,,,,,,,
185,2025-05-15 20:47:02.813695,41.1051857,2.0191999,4.320982456207275,97.05006912425196,23.670000000000016,49.0,1011.0,,10.6,357.0,354.9392899359142,6.289006483415476,,91.98935906016618,4.304138356946423,,,,,,,,,,,,,,,,
186,2025-05-15 20:47:07.814531,41.1050032,2.0190092,3.9707696437835693,96.89804960389499,23.670000000000016,49.0,1011.0,,10.3,357.0,355.1210396341805,6.3380799946842235,,92.01908923807548,3.9563819373574756,,,,,,,,,,,,,,,,
187,2025-05-15 20:47:12.814201,41.1048649,2.0188617,4.210727214813232,97.21651400413602,23.670000000000016,49.0,1011.0,,10.2,0.0,0.0,10.2,,97.21651400413602,4.210727214813232,,,,,,,,,,,,,,,,
188,2025-05-15 20:47:17.814060,41.1047561,2.0187288,4.109088897705078,97.73478192816741,23.670000000000016,49.0,1011.0,,10.5,2.0,3.284936517822655,6.395022344137777,,101.01971844599007,4.102337319965198,,,,,,,,,,,,,,,,
189,2025-05-15 20:47:22.813975,41.1046159,2.0185162,4.199526786804199,97.45759919126995,23.670000000000016,49.0,1011.0,,9.7,2.0,3.4686395505086103,5.595252271779831,,101.20342147867602,4.101561307377775,,,,,,,,,,,,,,,,
190,2025-05-15 20:47:27.813453,41.104506,2.0183808,4.429004669189453,97.60558206982745,23.670000000000016,49.0,1011.0,,9.9,3.0,5.4233823673436,5.481967884781495,,103.02896443717106,4.409178124221096,,,,,,,,,,,,,,,,
191,2025-05-15 20:47:32.813739,41.1043132,2.0181845,3.9775195121765137,97.40608590454971,23.670000000000016,49.0,1011.0,,9.5,358.0,356.56074396554845,5.526647056699907,,93.9668298700982,3.9703558405926085,,,,,,,,,,,,,,,,
192,2025-05-15 20:47:37.814237,41.1041648,2.0180093,4.18223762512207,97.58271459648624,23.670000000000016,49.0,1011.0,,9.1,2.0,3.699145958906693,4.922474482198381,,101.28186055539294,4.173524267897178,,,,,,,,,,,,,,,,
193,2025-05-15 20:47:42.814383,41.1040256,2.0178268,4.150176048278809,97.71718053067629,23.670000000000016,49.0,1011.0,,9.0,5.0,9.312494097883347,4.847401209253381,,106.89520869436959,4.127117628221343,,,,,,,,,,,,,,,,
194,2025-05-15 20:47:47.813494,41.1039029,2.0176711,3.5724782943725586,98.16931173297445,23.670000000000016,49.0,1011.0,,9.2,6.0,9.78329402895255,5.65942542042079,,107.952605761927,3.5205254762389866,,,,,,,,,,,,,,,,
195,2025-05-15 20:47:52.814528,41.1037786,2.0175272,4.2278642654418945,97.49231704282113,23.670000000000016,49.0,1011.0,,8.9,7.0,13.251367753074693,4.731786027959618,,110.74368479589582,4.115292249953993,,,,,,,,,,,,,,,,
196,2025-05-15 20:47:57.814118,41.1036319,2.0173649,4.003910541534424,97.48092428728555,23.670000000000016,49.0,1011.0,,9.1,10.0,17.678494607946238,5.203576136639978,,115.15941889523178,3.8148279878168836,,,,,,,,,,,,,,,,
197,2025-05-15 20:48:02.813874,41.1035013,2.0172274,3.96187424659729,97.74390706089855,23.670000000000016,49.0,1011.0,,8.6,9.0,16.67903238275715,4.687420247392678,,114.1599566700427,3.835456381335044,,,,,,,,,,,,,,,,
198,2025-05-15 20:48:07.814055,41.1033695,2.0170833,4.007845401763916,97.66662347043984,23.670000000000016,49.0,1011.0,,8.7,7.0,12.905514244419418,4.747222360947721,,110.57213771485927,3.906606039397004,,,,,,,,,,,,,,,,
199,2025-05-15 20:48:12.813716,41.1032423,2.0169361,3.9600777626037598,97.37621748730925,23.670000000000016,49.0,1011.0,,8.5,7.0,13.029075627343326,4.594855476163777,,110.40529311465258,3.8581286670740127,,,,,,,,,,,,,,,,
200,2025-05-15 20:48:17.814193,41.1031074,2.0167751,4.258355140686035,96.98000504374598,23.670000000000016,49.0,1011.0,,8.3,7.0,14.260558268379537,4.106311725200824,,111.24056331212552,4.127136196608818,,,,,,,,,,,,,,,,
201,2025-05-15 20:48:22.814048,41.1029714,2.0166013,4.071197509765625,97.16091626429211,23.670000000000016,49.0,1011.0,,8.0,9.0,18.093751803903157,4.029573198371554,,115.25466806819527,3.869875187780134,,,,,,,,,,,,,,,,
202,2025-05-15 20:48:27.813847,41.1028633,2.0164584,4.418550968170166,97.88619356168824,23.670000000000016,49.0,1011.0,,8.2,7.0,15.035483918347625,3.8522064075006153,,112.92167748003587,4.267283429008266,,,,,,,,,,,,,,,,
203,2025-05-15 20:48:32.814267,41.1026876,2.0162484,3.853778123855591,97.51607927094359,23.670000000000016,49.0,1011.0,,7.8,8.0,15.667812411036001,4.019669199676972,,113.18389168197959,3.7105856496422183,,,,,,,,,,,,,,,,
204,2025-05-15 20:48:37.814202,41.1025668,2.0161197,4.237596035003662,97.36979710948944,23.670000000000016,49.0,1011.0,,7.6,9.0,19.986737205371693,3.4783289634268586,,117.35653431486114,3.982373110422112,,,,,,,,,,,,,,,,
205,2025-05-15 20:48:42.814030,41.1024328,2.0159655,4.10514497756958,98.3253678951309,23.670000000000016,49.0,1011.0,,7.9,7.0,14.450832593828856,3.8580294019208576,,112.77620048895974,3.97526698886452,,,,,,,,,,,,,,,,
206,2025-05-15 20:48:47.814175,41.1022881,2.0157942,4.309444904327393,98.37115748332667,23.670000000000016,49.0,1011.0,,7.6,7.0,15.981980805402172,3.3639272375939333,,114.35313828872884,4.142877682555997,,,,,,,,,,,,,,,,
207,2025-05-15 20:48:52.813891,41.1021659,2.0156518,3.9814565181732178,97.17480886906391,23.670000000000016,49.0,1011.0,,7.7,7.0,14.376076258585636,3.7794965395521527,,111.55088512764955,3.856784838446207,,,,,,,,,,,,,,,,
208,2025-05-15 20:48:57.813727,41.1020028,2.0154464,4.178681373596191,97.16778060440797,23.670000000000016,49.0,1011.0,,7.3,6.0,13.908866907954492,3.17440423903897,,111.07664751236246,4.056159481586353,,,,,,,,,,,,,,,,
209,2025-05-15 20:49:02.813997,41.1018555,2.0152726,4.070557117462158,96.97715002467291,23.670000000000016,49.0,1011.0,,7.3,7.0,16.1763568455562,3.1933336693941676,,113.34413744996417,4.0132420704311365,,,,,,,,,,,,,,,,
210,2025-05-15 20:49:07.814156,41.1017459,2.0151362,4.2193379402160645,97.70519354868291,23.670000000000016,49.0,1011.0,,7.3,4.0,9.439429754544364,3.104921724603741,,107.14462330322728,4.16220612351115,,,,,,,,,,,,,,,,
211,2025-05-15 20:49:12.814059,41.1015585,2.0149133,4.4261064529418945,97.94950941529427,23.670000000000016,49.0,1011.0,,7.5,8.0,19.179102380347747,3.1772535301394025,,117.12861179564202,4.180440972124325,,,,,,,,,,,,,,,,
212,2025-05-15 20:49:17.814101,41.1014309,2.0147677,4.20887565612793,96.98557164791954,23.670000000000016,49.0,1011.0,,6.9,4.0,10.202785380229788,2.7172847193701224,,107.18835702814933,4.142320696954724,,,,,,,,,,,,,,,,
213,2025-05-15 20:49:22.813859,41.1012656,2.0145649,4.261053562164307,97.91500329960736,23.670000000000016,49.0,1011.0,,7.1,8.0,19.633585872057772,2.940827512444013,,117.54858917166513,4.013318697294493,,,,,,,,,,,,,,,,
214,2025-05-15 20:49:27.813628,41.1011178,2.0143918,4.010769844055176,97.57435444494214,23.670000000000016,49.0,1011.0,,7.0,4.0,9.329705708872003,3.0120221443149036,,106.90406015381414,3.9577145714506523,,,,,,,,,,,,,,,,
215,2025-05-15 20:49:32.813996,41.1010036,2.0142586,4.159427642822266,97.26525423405322,23.670000000000016,49.0,1011.0,,7.2,2.0,4.731047048656807,3.0465664504015426,,101.99630128271002,4.145255808236971,,,,,,,,,,,,,,,,
216,2025-05-15 20:49:37.814280,41.1008419,2.01407,4.1696648597717285,97.47740673986299,23.670000000000016,49.0,1011.0,,7.0,5.0,12.276298503208952,2.8693087455131745,,109.75370524307193,4.074319697499957,,,,,,,,,,,,,,,,
217,2025-05-15 20:49:42.814234,41.1007404,2.0139535,4.010505199432373,97.94465998098356,23.670000000000016,49.0,1011.0,,7.0,5.0,11.635305254712842,3.025018301739575,,109.5799652356964,3.928093973150526,,,,,,,,,,,,,,,,
218,2025-05-15 20:49:47.814123,41.1006168,2.0138086,4.0992045402526855,98.19578554619741,23.670000000000016,49.0,1011.0,,7.5,0.0,0.0,7.5,,98.19578554619741,4.0992045402526855,,,,,,,,,,,,,,,,
219,2025-05-15 20:49:52.813893,41.100467,2.0136523,4.029059410095215,98.384428540884,23.670000000000016,49.0,1011.0,,7.6,357.0,353.6258036688755,3.5826730694004727,,92.01023220975952,4.004151843042242,,,,,,,,,,,,,,,,
220,2025-05-15 20:49:57.814234,41.1003295,2.0135102,4.258848667144775,97.59502942755978,23.670000000000016,49.0,1011.0,,7.7,2.0,4.471345599685795,3.4469516792222628,,102.06637502724557,4.245886637736443,,,,,,,,,,,,,,,,
221,2025-05-15 20:50:02.813863,41.1001908,2.013346,4.1105451583862305,97.21402098508895,23.670000000000016,49.0,1011.0,,8.4,1.0,1.9580130336767876,4.29068066604749,,99.17203401876574,4.108145148372086,,,,,,,,,,,,,,,,
222,2025-05-15 20:50:07.814021,41.1000887,2.0132045,4.010429382324219,98.01335802365554,23.670000000000016,49.0,1011.0,,9.2,355.0,351.15805409121305,5.216554768824253,,89.17141211486859,3.9627699070977145,,,,,,,,,,,,,,,,
223,2025-05-15 20:50:12.814169,41.099948,2.0130385,4.229284763336182,97.2549406484065,23.670000000000016,49.0,1011.0,,9.0,3.0,5.653189887186011,4.781637109756159,,102.90813053559252,4.208715134309689,,,,,,,,,,,,,,,,
224,2025-05-15 20:50:17.814034,41.0997784,2.0128364,4.170086860656738,97.75278630681956,23.670000000000016,49.0,1011.0,,9.2,356.0,352.6968062689566,5.04845873848889,,90.44959257577614,4.136256440203533,,,,,,,,,,,,,,,,
225,2025-05-15 20:50:22.813838,41.0996459,2.0126595,4.263416290283203,97.34781756074034,23.670000000000016,49.0,1011.0,,10.9,357.0,355.0760645297004,6.646173167174082,,92.42388209044071,4.247682263723592,,,,,,,,,,,,,,,,
226,2025-05-15 20:50:27.814183,41.099511,2.0124769,4.1786789894104,97.1152496195014,23.670000000000016,49.0,1011.0,,10.3,357.0,354.9557866997664,6.130949489419807,,92.07103631926782,4.162495576722866,,,,,,,,,,,,,,,,
227,2025-05-15 20:50:32.813872,41.0993801,2.0123003,4.209812641143799,98.05432549829729,23.670000000000016,49.0,1011.0,,10.6,353.0,348.4320917522725,6.442028853416522,,86.48641725056984,4.124301752392304,,,,,,,,,,,,,,,,
228,2025-05-15 20:50:37.814026,41.0992376,2.0121282,4.080366134643555,98.61901821811726,23.670000000000016,49.0,1011.0,,11.6,357.0,355.3745041987491,7.528255300430629,,93.99352241686637,4.067076759158865,,,,,,,,,,,,,,,,
229,2025-05-15 20:50:42.814172,41.0991218,2.0120026,4.229363441467285,97.63885875146374,23.670000000000016,49.0,1011.0,,11.5,357.0,355.25760997469234,7.279798655541882,,92.89646872615606,4.214884182822451,,,,,,,,,,,,,,,,
230,2025-05-15 20:50:47.814022,41.0989669,2.0118425,4.051187038421631,97.25431910119202,23.670000000000016,49.0,1011.0,,11.5,355.0,352.2917274505022,7.4725753459728885,,89.54604655169425,4.014579880470317,,,,,,,,,,,,,,,,
231,2025-05-15 20:50:52.814154,41.0988337,2.0116745,3.831170082092285,96.35045967775673,23.670000000000016,49.0,1011.0,,11.7,354.0,351.0943109857114,7.899974237953929,,87.44477066346815,3.784983408834103,,,,,,,,,,,,,,,,
232,2025-05-15 20:50:57.813881,41.0987216,2.0115002,4.218574523925781,97.87512865523283,23.670000000000016,49.0,1011.0,,11.9,356.0,353.8090186385545,7.6973288710922905,,91.6841472937873,4.193971591808347,,,,,,,,,,,,,,,,
233,2025-05-15 20:51:02.814016,41.0985927,2.011334,3.6415786743164062,98.30877736563694,23.670000000000016,49.0,1011.0,,11.9,354.0,351.36733101706557,8.287116976293188,,89.67610838270252,3.6003230768131793,,,,,,,,,,,,,,,,
234,2025-05-15 20:51:07.813821,41.0984756,2.0111999,4.167618751525879,97.18370177536326,23.670000000000016,49.0,1011.0,,11.9,352.0,347.7324713191807,7.794550883581612,,84.91617309454398,4.072455964006456,,,,,,,,,,,,,,,,
235,2025-05-15 20:51:12.814069,41.0983277,2.0110376,4.419147968292236,96.94588141865259,23.670000000000016,49.0,1011.0,,13.1,350.0,344.9868241657629,8.78158162443096,,81.93270558441554,4.268306018999849,,,,,,,,,,,,,,,,
236,2025-05-15 20:51:17.813908,41.0981734,2.0108537,3.891860008239746,97.25046004431097,23.670000000000016,49.0,1011.0,,12.6,353.0,349.89273356767586,8.750013562350981,,87.14319361198682,3.8314619661527516,,,,,,,,,,,,,,,,
237,2025-05-15 20:51:22.814240,41.0980174,2.0106389,4.139222621917725,96.94517107897892,23.670000000000016,49.0,1011.0,,11.9,352.0,348.14876922983206,8.064225852643217,,85.39922927414301,3.8089016972217657,,,,,,,,,,,,,,,,
238,2025-05-15 20:51:27.813419,41.0979093,2.010496,3.7616214752197266,97.55252516035479,23.670000000000016,49.0,1011.0,,11.9,352.0,348.3358489674791,8.19173190742292,,85.88837412783386,3.6839421087122846,,,,,,,,,,,,,,,,
239,2025-05-15 20:51:32.813831,41.0977548,2.0103168,4.052837371826172,97.85681008787886,23.670000000000016,49.0,1011.0,,12.0,353.0,349.45707125817034,7.992647589081502,,87.31388134604919,3.9844177442082382,,,,,,,,,,,,,,,,
240,2025-05-15 20:51:37.814017,41.0976411,2.0101944,4.004717826843262,97.1777731711637,23.670000000000016,49.0,1011.0,,12.5,353.0,349.72347041032816,8.53909147313513,,86.90124358149183,3.9404749411875435,,,,,,,,,,,,,,,,
241,2025-05-15 20:51:42.814057,41.0975052,2.0100307,4.2100629806518555,97.73213864495861,23.670000000000016,49.0,1011.0,,12.2,351.0,346.3180812307182,8.068693536968999,,84.05021987567682,4.09059744325203,,,,,,,,,,,,,,,,
242,2025-05-15 20:51:47.814199,41.0973211,2.0098345,4.200057506561279,98.61308278372852,23.670000000000016,49.0,1011.0,,12.4,354.0,350.9438645809925,8.234662354147302,,89.55694736472105,4.147702110722437,,,,,,,,,,,,,,,,
243,2025-05-15 20:51:52.814236,41.0971987,2.0097127,3.980985403060913,97.43033990629243,23.670000000000016,49.0,1011.0,,12.8,355.0,352.7508385240188,8.840974440388882,,90.1811784303112,3.9491645765878802,,,,,,,,,,,,,,,,
244,2025-05-15 20:51:57.814424,41.0970546,2.0095571,3.9900097846984863,96.72609959153992,23.670000000000016,49.0,1011.0,,12.4,353.0,349.7025168287666,8.453727605796722,,86.42861642030653,3.9257422630631895,,,,,,,,,,,,,,,,
245,2025-05-15 20:52:02.814272,41.0968851,2.0093482,3.950265645980835,96.8724227341291,23.670000000000016,49.0,1011.0,,12.0,353.0,349.58993266850666,8.093509468501018,,86.46235540263575,3.8852432343614605,,,,,,,,,,,,,,,,
246,2025-05-15 20:52:07.813451,41.0967501,2.009178,3.969996929168701,97.79790653647666,23.670000000000016,49.0,1011.0,,11.3,354.0,350.793867929662,7.382930201719914,,87.66629066379107,3.899382859484584,,,,,,,,,,,,,,,,
247,2025-05-15 20:52:12.813966,41.0966383,2.0090541,4.091973781585693,97.11161595886296,23.670000000000016,49.0,1011.0,,11.2,354.0,350.56716082652974,7.143259827098761,,87.6787767853927,4.036643703942821,,,,,,,,,,,,,,,,
248,2025-05-15 20:52:17.813839,41.0964919,2.0088978,4.126629829406738,97.62371622207382,23.670000000000016,49.0,1011.0,,11.2,355.0,352.0956263726538,7.09819092383427,,89.7193425947276,4.0874225899591945,,,,,,,,,,,,,,,,
249,2025-05-15 20:52:22.813879,41.0963414,2.0087413,4.338217735290527,96.90778262346227,23.670000000000016,49.0,1011.0,,10.5,350.0,343.10280762629674,6.2730864380651195,,80.01059024975899,4.150927453012838,,,,,,,,,,,,,,,,
250,2025-05-15 20:52:27.814140,41.0961936,2.0085707,4.211409568786621,97.54990919790266,23.670000000000016,49.0,1011.0,,11.7,352.0,347.5489749762417,7.552353217348526,,85.09888417414436,4.112359984809196,,,,,,,,,,,,,,,,
251,2025-05-15 20:52:32.814404,41.0960623,2.0083944,4.1595234870910645,97.67908856567512,23.670000000000016,49.0,1011.0,,11.4,354.0,350.57428620736516,7.27626469318286,,88.25337477304026,4.103364775268899,,,,,,,,,,,,,,,,
252,2025-05-15 20:52:37.814561,41.095927,2.0082237,4.207418441772461,97.01752327285686,23.670000000000016,49.0,1011.0,,10.7,353.0,348.5060237072135,6.544062233340313,,85.52354698007036,4.1230414395415655,,,,,,,,,,,,,,,,
253,2025-05-15 20:52:42.813787,41.0957891,2.008059,3.9310946464538574,97.0051469700808,23.670000000000016,49.0,1011.0,,10.6,350.0,344.2070936306571,6.763165562334267,,81.21224060073791,3.782702492308783,,,,,,,,,,,,,,,,
254,2025-05-15 20:52:47.813585,41.0956661,2.0079068,3.849792957305908,97.60640852271702,23.670000000000016,49.0,1011.0,,10.2,353.0,348.7934390114616,6.3961334611286045,,86.3998475341786,3.7763885968683435,,,,,,,,,,,,,,,,
255,2025-05-15 20:52:52.814178,41.0955396,2.0077463,3.9997963905334473,97.93089031961681,23.670000000000016,49.0,1011.0,,10.4,353.0,348.66476208144564,6.44846763645824,,86.59565240106247,3.9217762131474148,,,,,,,,,,,,,,,,
256,2025-05-15 20:52:57.814102,41.0954041,2.007568,4.070885181427002,97.3260975591797,23.670000000000016,49.0,1011.0,,10.4,354.0,350.16710431456653,6.365653907809189,,87.49320187374622,4.011083928312921,,,,,,,,,,,,,,,,
257,2025-05-15 20:53:02.817033,41.0952633,2.0073966,3.9713213443756104,97.36571948655494,23.670000000000016,49.0,1011.0,,9.3,353.0,347.8388105209653,5.380093538097616,,85.20453000752025,3.8822001890136146,,,,,,,,,,,,,,,,
258,2025-05-15 20:53:07.814093,41.0951217,2.0072376,4.199301719665527,97.67296188598962,23.670000000000016,49.0,1011.0,,9.5,354.0,349.28654632629235,5.341767715742664,,86.959508212282,4.126104417490081,,,,,,,,,,,,,,,,
259,2025-05-15 20:53:12.814311,41.0949538,2.0070268,4.150142192840576,98.02321398662788,23.670000000000016,49.0,1011.0,,9.4,352.0,345.76913694056765,5.321683783148079,,83.79235092719551,4.02278707605349,,,,,,,,,,,,,,,,
260,2025-05-15 20:53:17.813866,41.0948492,2.0068887,3.841364622116089,96.9295026250229,23.670000000000016,49.0,1011.0,,9.1,355.0,351.3671869458368,5.283870313154989,,88.29668957085971,3.7978441913868393,,,,,,,,,,,,,,,,
261,2025-05-15 20:53:22.814354,41.0947255,2.006741,4.089122295379639,97.18582596419515,23.670000000000016,49.0,1011.0,,9.0,353.0,347.2411600854897,4.96642269495001,,84.42698604968484,3.9881547445402408,,,,,,,,,,,,,,,,
262,2025-05-15 20:53:27.813751,41.0945902,2.0065769,4.158967971801758,97.7030556994727,23.670000000000016,49.0,1011.0,,9.2,351.0,343.7190911836406,5.133629688318036,,81.42214688311333,3.992188190552596,,,,,,,,,,,,,,,,
263,2025-05-15 20:53:32.813840,41.094452,2.0064109,4.264686584472656,97.45294783244518,23.670000000000016,49.0,1011.0,,9.2,354.0,348.8629628277556,4.978673182403068,,86.31591066020076,4.184374044304003,,,,,,,,,,,,,,,,
264,2025-05-15 20:53:37.814129,41.0943145,2.0062432,4.089751720428467,97.49121055217559,23.670000000000016,49.0,1011.0,,8.4,354.0,348.3649618694854,4.353691411583947,,85.85617242166097,4.005715915596188,,,,,,,,,,,,,,,,
265,2025-05-15 20:53:42.814069,41.0941836,2.0060756,4.438220977783203,97.5765059545307,23.670000000000016,49.0,1011.0,,9.1,356.0,352.2092595708843,4.682835573336518,,89.785765525415,4.397255135323438,,,,,,,,,,,,,,,,
266,2025-05-15 20:53:47.813761,41.0940424,2.0058996,3.981422185897827,97.66510716844411,23.670000000000016,49.0,1011.0,,8.1,355.0,350.20158360912546,4.148267292324336,,87.8666907775696,3.9233435980970963,,,,,,,,,,,,,,,,
267,2025-05-15 20:53:52.814129,41.0939107,2.0057504,4.149415016174316,97.18504732262976,23.670000000000016,49.0,1011.0,,8.1,358.0,355.902049089166,3.9557642296985214,,93.08709641179576,4.138806369797228,,,,,,,,,,,,,,,,
268,2025-05-15 20:53:57.814140,41.0937701,2.0055957,4.209773540496826,97.14885415021786,23.670000000000016,49.0,1011.0,,8.3,2.0,4.055864700910819,4.095427067223073,,101.20471885112867,4.199230423374549,,,,,,,,,,,,,,,,
269,2025-05-15 20:54:02.813842,41.0936195,2.0054272,4.370462894439697,97.32680789885337,23.670000000000016,49.0,1011.0,,8.1,357.0,353.49606127310517,3.7425229478660285,,90.82286917195853,4.342334906931536,,,,,,,,,,,,,,,,
270,2025-05-15 20:54:07.813279,41.0934668,2.0052491,3.853416681289673,97.68837762294633,23.670000000000016,49.0,1011.0,,8.6,353.0,347.3834755916024,4.79834190939614,,85.07185321454875,3.7603713410068855,,,,,,,,,,,,,,,,
271,2025-05-15 20:54:12.814190,41.0933341,2.0050884,4.119117736816406,97.6217627879712,23.670000000000016,49.0,1011.0,,8.1,354.0,347.86151527971384,4.026533982492018,,85.48327806768503,4.0270234026449625,,,,,,,,,,,,,,,,
272,2025-05-15 20:54:17.814023,41.093192,2.0049205,4.2290215492248535,97.18059403929091,23.670000000000016,49.0,1011.0,,8.3,359.0,357.96150890643224,4.072291445169989,,95.14210294572314,4.226345238945444,,,,,,,,,,,,,,,,
273,2025-05-15 20:54:22.813184,41.0930271,2.004713,4.064053535461426,97.19389924779409,23.670000000000016,49.0,1011.0,,8.5,1.0,1.9159114402913964,4.437132363576794,,99.10981068808549,4.0617816075185305,,,,,,,,,,,,,,,,
274,2025-05-15 20:54:27.814294,41.0929213,2.0045861,3.930685520172119,97.04470059556434,23.670000000000016,49.0,1011.0,,8.4,357.0,354.3677850284428,4.479427563902962,,91.41248562400716,3.9117096483106444,,,,,,,,,,,,,,,,
275,2025-05-15 20:54:32.814602,41.0927868,2.0044405,4.218985557556152,97.73690611699928,23.670000000000016,49.0,1011.0,,8.8,357.0,354.2439554624773,4.592108017898124,,91.9808615794766,4.197713192593167,,,,,,,,,,,,,,,,
276,2025-05-15 20:54:37.814053,41.092646,2.0042768,4.020637512207031,98.23893868137355,23.670000000000016,49.0,1011.0,,8.0,354.0,348.0041321051477,4.023398237423652,,86.24307078652123,3.9328372126039812,,,,,,,,,,,,,,,,
277,2025-05-15 20:54:42.814158,41.0925121,2.0041083,4.0798258781433105,96.95340828711795,23.670000000000016,49.0,1011.0,,8.8,355.0,350.7060003317782,4.749029711273231,,87.65940861889618,4.02626851488193,,,,,,,,,,,,,,,,
278,2025-05-15 20:54:47.815505,41.0923735,2.0039398,4.061013698577881,97.44053737872326,23.670000000000016,49.0,1011.0,,8.6,349.0,339.4658597468882,4.678218412103708,,76.90639712561148,3.802990486352245,,,,,,,,,,,,,,,,
279,2025-05-15 20:54:52.814256,41.0922415,2.003774,4.289205551147461,97.70195603901632,23.670000000000016,49.0,1011.0,,8.5,355.0,349.9461430779558,4.243613927497985,,87.64809911697216,4.223340905505589,,,,,,,,,,,,,,,,
280,2025-05-15 20:54:57.814678,41.0921017,2.0036011,4.270227432250977,97.25276181806127,23.670000000000016,49.0,1011.0,,8.4,356.0,351.8847918940636,4.150876541083926,,89.13755371212488,4.227466327915121,,,,,,,,,,,,,,,,
281,2025-05-15 20:55:02.814140,41.0919625,2.0034354,4.072694778442383,97.09188354235079,23.670000000000016,49.0,1011.0,,8.6,353.0,346.78489140324126,4.58460873542393,,83.87677494559205,3.9648443392586357,,,,,,,,,,,,,,,,
282,2025-05-15 20:55:07.814535,41.0918312,2.0032646,4.143355846405029,98.1658146761194,23.670000000000016,49.0,1011.0,,8.8,355.0,350.5805588549697,4.686344955677795,,88.74637353108909,4.087489679994463,,,,,,,,,,,,,,,,
283,2025-05-15 20:55:12.814162,41.0917006,2.0030808,4.1343994140625,97.93302816882702,23.670000000000016,49.0,1011.0,,8.7,357.0,354.28996664521463,4.576384816929865,,92.22299481404167,4.113885195261311,,,,,,,,,,,,,,,,
284,2025-05-15 20:55:17.814350,41.0915698,2.0029054,4.10011100769043,97.71446894557579,23.670000000000016,49.0,1011.0,,8.9,351.0,343.4670772971445,4.892592724611699,,81.18154624272029,3.9305975707128544,,,,,,,,,,,,,,,,
285,2025-05-15 20:55:22.814054,41.0914357,2.0027392,4.209615707397461,97.8637905412106,23.670000000000016,49.0,1011.0,,9.0,347.0,336.05829522695876,4.988971925385708,,73.92208576816938,3.8474153891713496,,,,,,,,,,,,,,,,
286,2025-05-15 20:55:27.813895,41.0913019,2.0025802,4.129429340362549,97.67857630148737,23.670000000000016,49.0,1011.0,,8.9,353.0,347.01642374609105,4.827652733220177,,84.69500004757845,4.02385844191296,,,,,,,,,,,,,,,,
287,2025-05-15 20:55:32.814072,41.0911667,2.0024187,4.158431053161621,98.04035776144461,23.670000000000016,49.0,1011.0,,9.3,353.0,347.40427005078766,5.1973322661175025,,85.44462781223228,4.058350162321665,,,,,,,,,,,,,,,,
288,2025-05-15 20:55:37.814276,41.0910234,2.0022503,4.086045265197754,97.32010065308842,23.670000000000016,49.0,1011.0,,9.8,350.0,342.99680556164395,5.819447774940818,,80.3169062147324,3.907437908569739,,,,,,,,,,,,,,,,
289,2025-05-15 20:55:42.814065,41.0908784,2.0020797,4.313286304473877,97.43782579362276,23.670000000000016,49.0,1011.0,,10.1,350.0,342.7066965936091,5.899977229913298,,80.14452238723186,4.118306566994724,,,,,,,,,,,,,,,,
290,2025-05-15 20:55:47.814085,41.0907292,2.0018881,4.506006717681885,98.06745995207122,23.670000000000016,49.0,1011.0,,10.4,347.0,337.4259259543635,6.0943679693009845,,75.4933859064347,4.160774568456247,,,,,,,,,,,,,,,,
291,2025-05-15 20:55:52.814319,41.0905773,2.0016879,4.233166217803955,97.91845937532739,23.670000000000016,49.0,1011.0,,11.8,347.0,339.92762355494744,7.734175702619662,,77.84608293027486,3.9760429771862364,,,,,,,,,,,,,,,,
292,2025-05-15 20:55:57.813891,41.0904115,2.00148,4.1501851081848145,97.41786115067882,23.670000000000016,49.0,1011.0,,10.3,356.0,353.30921016462116,6.166723752180944,,90.72707131530001,4.121919821210486,,,,,,,,,,,,,,,,
293,2025-05-15 20:56:02.814742,41.0903017,2.0013646,3.9009640216827393,97.28739087715323,23.670000000000016,49.0,1011.0,,9.6,351.0,344.9388262695198,5.779371593655968,,82.22621714667298,3.7669617689728105,,,,,,,,,,,,,,,,
294,2025-05-15 20:56:07.814279,41.0901455,2.0011948,4.208962917327881,98.05499485683595,23.670000000000016,49.0,1011.0,,10.4,353.0,348.2874853856274,6.2435164741312885,,86.34248024246335,4.121325971592809,,,,,,,,,,,,,,,,
295,2025-05-15 20:56:12.814524,41.090038,2.0010646,4.408402442932129,97.75788162794039,23.670000000000016,49.0,1011.0,,11.0,355.0,351.67251051625084,6.619532838755966,,89.43039214419122,4.361922080035616,,,,,,,,,,,,,,,,
296,2025-05-15 20:56:17.815066,41.0899045,2.0008983,4.0658159255981445,97.33709416374342,23.670000000000016,49.0,1011.0,,10.3,355.0,351.7547699165914,6.259693859110985,,89.0918640803348,4.023788925079739,,,,,,,,,,,,,,,,
297,2025-05-15 20:56:22.814468,41.0897544,2.0007014,4.110257148742676,97.87934288195072,23.670000000000016,49.0,1011.0,,10.7,352.0,347.0685355314896,6.654376505898487,,84.94787841344032,4.006014646278019,,,,,,,,,,,,,,,,
298,2025-05-15 20:56:27.813613,41.0896485,2.0005632,4.158267498016357,98.07862048117502,23.670000000000016,49.0,1011.0,,11.1,352.0,347.26187544433594,7.0061429574032825,,85.34049592551094,4.0559243952704644,,,,,,,,,,,,,,,,
299,2025-05-15 20:56:32.814297,41.0895014,2.0003932,4.48716402053833,97.08836599492822,23.670000000000016,49.0,1011.0,,11.6,355.0,351.8604203806524,7.140628543140728,,88.9487863755806,4.441960723654127,,,,,,,,,,,,,,,,
300,2025-05-15 20:56:37.814416,41.0893264,2.0001976,4.30131721496582,97.09034674978753,23.670000000000016,49.0,1011.0,,12.6,355.0,352.418564859579,8.32349714926945,,89.50891160936658,4.263716569457317,,,,,,,,,,,,,,,,
301,2025-05-15 20:56:42.814183,41.0892218,2.0000795,4.321371555328369,98.4680642072708,23.670000000000016,49.0,1011.0,,12.0,351.0,346.00320768034504,7.761328037478201,,84.47127188761584,4.193066873423953,,,,,,,,,,,,,,,,
302,2025-05-15 20:56:47.814296,41.0890826,1.9999142,4.260158538818359,97.77503906313547,23.670000000000016,49.0,1011.0,,11.9,352.0,347.5862407793309,7.704149227473119,,85.36127984246639,4.160558941170987,,,,,,,,,,,,,,,,
303,2025-05-15 20:56:52.814184,41.0889433,1.9997516,4.4086408615112305,97.1353167152829,23.670000000000016,49.0,1011.0,,11.9,350.0,344.2164723409432,7.59700718507062,,81.3517890562261,4.242418495461747,,,,,,,,,,,,,,,,
304,2025-05-15 20:56:57.814076,41.0888108,1.9995964,3.879427909851074,96.91168949166752,23.670000000000016,49.0,1011.0,,11.7,350.0,345.11340239459486,7.908253848258564,,82.02509188626237,3.7492195686681073,,,,,,,,,,,,,,,,
305,2025-05-15 20:57:02.814389,41.0886848,1.9994462,4.034121513366699,97.47391651319711,23.670000000000016,49.0,1011.0,,11.3,350.0,344.5388033437903,7.360576387334267,,82.01271985698736,3.8881315707898354,,,,,,,,,,,,,,,,
306,2025-05-15 20:57:07.814370,41.0885489,1.9992751,4.1573920249938965,97.83679080342155,23.670000000000016,49.0,1011.0,,10.9,351.0,345.53182500346276,6.824850335899226,,83.36861580688429,4.025546842695237,,,,,,,,,,,,,,,,
307,2025-05-15 20:57:12.814119,41.0884131,1.9990978,3.948674440383911,97.10715584533493,23.670000000000016,49.0,1011.0,,11.5,353.0,349.3677691434414,7.596016889049746,,86.47492498877637,3.8808824707935825,,,,,,,,,,,,,,,,
308,2025-05-15 20:57:17.814581,41.0882632,1.998892,4.04979133605957,97.03655217988451,23.670000000000016,49.0,1011.0,,11.4,353.0,349.17418464272356,7.396879091815635,,86.21073682260806,3.9777160816747124,,,,,,,,,,,,,,,,
309,2025-05-15 20:57:22.814207,41.0881594,1.9987575,4.298974514007568,97.81351351873015,23.670000000000016,49.0,1011.0,,10.8,352.0,346.7752098948073,6.570161229200375,,84.58872341353742,4.184965758969553,,,,,,,,,,,,,,,,
310,2025-05-15 20:57:27.814305,41.0880262,1.9985852,3.871377944946289,98.09782014293192,23.670000000000016,49.0,1011.0,,12.3,353.0,349.80705188627167,8.47062829339124,,87.9048720292036,3.810277519375107,,,,,,,,,,,,,,,,
311,2025-05-15 20:57:32.814339,41.0879007,1.9984331,3.818702459335327,97.20046988977565,23.670000000000016,49.0,1011.0,,12.2,353.0,349.8325737629169,8.422628495557987,,87.03304365269258,3.758734033340795,,,,,,,,,,,,,,,,
312,2025-05-15 20:57:37.814542,41.0877807,1.9982781,3.921372175216675,97.57977078495396,23.670000000000016,49.0,1011.0,,12.0,355.0,352.5819809431271,8.100762658655986,,90.16175172808107,3.8885526749905877,,,,,,,,,,,,,,,,
313,2025-05-15 20:57:42.814495,41.0877095,1.9981854,3.917584180831909,98.21965022715744,23.670000000000016,49.0,1011.0,,11.6,353.0,349.4572864706103,7.726381937094563,,87.67693669776776,3.851450577565791,,,,,,,,,,,,,,,,
314,2025-05-15 20:57:47.814578,41.0875968,1.9980189,3.9012911319732666,97.64879667670611,23.670000000000016,49.0,1011.0,,10.5,358.0,356.8183925292934,6.602489417567178,,94.46718920599955,3.8952778067042657,,,,,,,,,,,,,,,,
315,2025-05-15 20:57:52.814290,41.0873705,1.997777,4.140118598937988,97.79883544220378,23.670000000000016,49.0,1011.0,,10.6,353.0,348.6359767617597,6.556046454177433,,85.87667646574675,4.013221268330389,,,,,,,,,,,,,,,,
316,2025-05-15 20:57:57.814320,41.0872508,1.9976462,4.219723224639893,97.31831114352588,23.670000000000016,49.0,1011.0,,10.6,354.0,350.0595524915029,6.4185662526330045,,87.3778636350288,4.156375510349185,,,,,,,,,,,,,,,,
317,2025-05-15 20:58:02.814235,41.087075,1.9974426,4.125124931335449,97.27062959293002,23.670000000000016,49.0,1011.0,,11.0,355.0,352.01319548939756,6.899945566216511,,89.28382508232755,4.085111610165569,,,,,,,,,,,,,,,,
318,2025-05-15 20:58:07.815037,41.0869363,1.9972664,4.15715217590332,97.5594236514165,23.670000000000016,49.0,1011.0,,10.2,353.0,348.2929843542458,6.126284962041628,,85.56361394717578,4.039313970162117,,,,,,,,,,,,,,,,
319,2025-05-15 20:58:12.814125,41.0867985,1.9970917,4.132749080657959,97.58617067220626,23.670000000000016,49.0,1011.0,,9.9,357.0,354.83252777641275,5.752660804858655,,92.39195142782921,4.140256228073896,,,,,,,,,,,,,,,,
320,2025-05-15 20:58:17.814592,41.0866625,1.9969253,3.911445140838623,97.6022216167558,23.670000000000016,49.0,1011.0,,10.2,353.0,348.6850822393556,6.33566813549457,,86.28730385611141,3.835420759715556,,,,,,,,,,,,,,,,
321,2025-05-15 20:58:22.814341,41.0865276,1.9967486,4.228665828704834,97.41312099939482,23.670000000000016,49.0,1011.0,,10.7,356.0,353.3942881415612,6.48834365994159,,90.80740914095605,4.200592995418671,,,,,,,,,,,,,,,,
322,2025-05-15 20:58:27.814939,41.0863822,1.9965628,4.050846099853516,97.89925971357049,23.670000000000016,49.0,1011.0,,10.3,353.0,348.50472891816895,6.2987243910414445,,86.40398863173942,3.9695908104920745,,,,,,,,,,,,,,,,
323,2025-05-15 20:58:32.814078,41.0862403,1.99639,4.123161792755127,96.96588021254239,23.670000000000016,49.0,1011.0,,11.1,353.0,348.8985517397616,7.025564273094135,,85.86443195230402,4.046008353600145,,,,,,,,,,,,,,,,
324,2025-05-15 20:58:37.814162,41.0860974,1.996225,4.201029300689697,96.58308226050903,23.670000000000016,49.0,1011.0,,11.0,350.0,343.93235947653443,6.901457108056135,,80.51544173704349,4.0369187062949345,,,,,,,,,,,,,,,,
325,2025-05-15 20:58:42.814047,41.0859473,1.9960631,4.2509050369262695,97.43148737807299,23.670000000000016,49.0,1011.0,,10.5,355.0,351.61581003021826,6.27621568905487,,89.04729740829123,4.205473935795006,,,,,,,,,,,,,,,,
326,2025-05-15 20:58:47.814308,41.0858133,1.9958891,4.260408878326416,96.94478858838539,23.670000000000016,49.0,1011.0,,10.3,356.0,353.1983812802903,6.066701137133749,,90.62986865836325,4.220987858314959,,,,,,,,,,,,,,,,
327,2025-05-15 20:58:52.814305,41.0856878,1.9957232,4.079526424407959,97.07902229614365,23.670000000000016,49.0,1011.0,,9.9,2.0,3.4006231980955146,5.824698993266808,,100.47964549423916,4.072343124102516,,,,,,,,,,,,,,,,
328,2025-05-15 20:58:57.814421,41.085543,1.9955671,4.103810787200928,98.26843143820967,23.670000000000016,49.0,1011.0,,10.8,356.0,353.5556954746467,6.712293065185348,,91.8241269128564,4.077880561700779,,,,,,,,,,,,,,,,
329,2025-05-15 20:59:02.814611,41.0854234,1.9954446,4.110537052154541,97.18875611534908,23.670000000000016,49.0,1011.0,,11.1,0.0,0.0,11.1,,97.18875611534908,4.110537052154541,,,,,,,,,,,,,,,,
330,2025-05-15 20:59:07.814465,41.0852847,1.9952768,4.213920593261719,96.56978388219501,23.670000000000016,49.0,1011.0,,10.8,0.0,0.0,10.8,,96.56978388219501,4.213920593261719,,,,,,,,,,,,,,,,
331,2025-05-15 20:59:12.814616,41.0851395,1.9950913,4.393336296081543,97.50223447749599,23.670000000000016,49.0,1011.0,,9.9,355.0,351.0343556760089,5.536638056950832,,88.5365901535049,4.339658355988034,,,,,,,,,,,,,,,,
332,2025-05-15 20:59:17.814466,41.0849607,1.9948867,3.9416303634643555,97.77704030856228,23.670000000000016,49.0,1011.0,,10.4,1.0,1.7312520955236324,6.007822124617149,,99.23348657301962,4.391330869491719,,,,,,,,,,,,,,,,
333,2025-05-15 20:59:22.814018,41.0848185,1.9947372,4.269107341766357,97.63255448685983,23.670000000000016,49.0,1011.0,,10.2,2.0,3.4383916900166147,5.9353635499715995,,101.07094617687645,4.261422371877048,,,,,,,,,,,,,,,,
334,2025-05-15 20:59:27.814113,41.0846679,1.9945792,4.220103740692139,97.00255149819618,23.670000000000016,49.0,1011.0,,10.9,357.0,355.1079071642465,6.689326905990243,,92.11045866244268,4.204730218238878,,,,,,,,,,,,,,,,
335,2025-05-15 20:59:32.814491,41.0845447,1.9944177,4.110349178314209,97.66670543270989,23.670000000000016,49.0,1011.0,,10.7,354.0,350.28223493725153,6.626111989787023,,87.9489403699614,4.051370518177581,,,,,,,,,,,,,,,,
336,2025-05-15 20:59:37.814192,41.0844344,1.9942545,4.12965202331543,98.14703848609103,23.670000000000016,49.0,1011.0,,10.3,359.0,358.3308588476419,6.17139780382774,,96.47789733373293,4.127899783225402,,,,,,,,,,,,,,,,
337,2025-05-15 20:59:42.814159,41.0843084,1.9940784,4.179841041564941,97.1184393178438,23.670000000000016,49.0,1011.0,,9.6,2.0,3.5409226582651256,5.424666907955008,,100.65936197610893,4.171861477670895,,,,,,,,,,,,,,,,
338,2025-05-15 20:59:47.814227,41.0842029,1.9939266,4.090409755706787,97.52059402598498,23.670000000000016,49.0,1011.0,,9.5,2.0,3.5109272550943516,5.4139643687531205,,101.03152128107934,4.082732618211867,,,,,,,,,,,,,,,,
339,2025-05-15 20:59:52.814158,41.0840378,1.9936971,4.169856548309326,97.42311356615056,23.670000000000016,49.0,1011.0,,10.3,358.0,356.640651367019,6.134410005496971,,94.06376493316958,4.162691294290368,,,,,,,,,,,,,,,,
340,2025-05-15 20:59:57.815,41.0838923,1.9935379,4.309906005859375,97.18639970008542,23.670000000000016,49.0,1011.0,,10.3,358.0,356.640651367019,6.134410005496971,,94.06376493316958,4.162691294290368,,,,,,,,,,,,,,,,
341,2025-05-15 21:00:02.814040,41.0837544,1.9933736,4.2226033210754395,97.43519617079231,23.670000000000016,49.0,1011.0,,10.2,0.0,0.0,10.2,,97.18639970008542,4.309906005859375,,,,,,,,,,,,,,,,
342,2025-05-15 21:00:07.814266,41.0836197,1.9932041,4.172109603881836,97.73864781523763,23.670000000000016,49.0,1011.0,,10.6,356.0,353.4117112820273,6.444628118812267,,91.15035909726492,4.144557985236859,,,,,,,,,,,,,,,,
343,2025-05-15 21:00:12.814474,41.0834846,1.9930337,4.209134101867676,97.94045258445483,23.670000000000016,49.0,1011.0,,10.4,359.0,358.33022550231044,6.228951419145501,,96.06887331754808,4.1703380051603345,,,,,,,,,,,,,,,,
344,2025-05-15 21:00:17.814265,41.0833516,1.9928603,4.210000991821289,97.6150213912604,23.670000000000016,49.0,1011.0,,10.3,359.0,358.3088439127174,6.091083377577112,,95.92386530397778,4.208167230560814,,,,,,,,,,,,,,,,
345,2025-05-15 21:00:22.814216,41.083207,1.9926836,4.122506618499756,97.68061169786003,23.670000000000016,49.0,1011.0,,10.3,355.0,351.6796817916001,6.203594486578227,,89.3602934894601,4.079115320643498,,,,,,,,,,,,,,,,
346,2025-05-15 21:00:27.814408,41.0830559,1.9925085,4.010498523712158,97.64838686535592,23.670000000000016,49.0,1011.0,,10.3,2.0,3.3336317035871734,6.18167919445667,,101.0142434014472,4.115530741458951,,,,,,,,,,,,,,,,
347,2025-05-15 21:00:32.814288,41.0829264,1.9923473,3.9900765419006348,98.16759052530361,23.670000000000016,49.0,1011.0,,9.8,2.0,3.372422681516705,5.814021952716225,,101.54001320682032,3.9831667561445783,,,,,,,,,,,,,,,,
348,2025-05-15 21:00:37.814315,41.0828067,1.9922017,3.959911346435547,97.2711350269286,23.670000000000016,49.0,1011.0,,9.7,5.0,8.43184058049925,5.765496485119013,,105.70297560742786,3.9171086588147426,,,,,,,,,,,,,,,,
349,2025-05-15 21:00:42.813818,41.0827054,1.9920767,4.06949520111084,97.08281988132218,23.670000000000016,49.0,1011.0,,9.5,6.0,10.460665459600056,5.469364831536483,,107.54348534092223,4.001859310543576,,,,,,,,,,,,,,,,
350,2025-05-15 21:00:47.814005,41.0825332,1.9918922,3.980837106704712,97.87066171151564,23.670000000000016,49.0,1011.0,,10.3,7.0,11.369726618863469,6.367344370171914,,109.2403883303791,3.902715065510194,,,,,,,,,,,,,,,,
351,2025-05-15 21:00:52.813778,41.0824589,1.9918036,3.965970516204834,97.9300502063489,23.670000000000016,49.0,1011.0,,10.7,4.0,6.349175991621121,6.7493626700882166,,104.27922619797002,3.9416448643378468,,,,,,,,,,,,,,,,
352,2025-05-15 21:00:57.813858,41.0823282,1.991647,4.022215366363525,96.51701384066749,23.670000000000016,49.0,1011.0,,10.7,5.0,7.931849068904888,6.757966838726958,,105.86189927525378,3.9280277144169733,,,,,,,,,,,,,,,,
353,2025-05-15 21:01:02.814128,41.0821411,1.9913955,4.177923679351807,96.92792485132463,23.670000000000016,49.0,1011.0,,9.8,4.0,6.962090351891325,5.639788605291555,,103.89001520321595,4.1471180474074485,,,,,,,,,,,,,,,,
354,2025-05-15 21:01:07.814287,41.0819969,1.9912283,4.346563339233398,97.82036419846767,23.670000000000016,49.0,1011.0,,9.6,3.0,5.306877515748165,5.432204437572765,,102.2348023670728,4.160015440998466,,,,,,,,,,,,,,,,
355,2025-05-15 21:01:12.813824,41.0818522,1.9910664,4.238311767578125,98.36301589783601,23.670000000000016,49.0,1011.0,,10.0,2.0,3.4699246668083017,5.766167582363337,,101.8329405646443,4.230541696545224,,,,,,,,,,,,,,,,
356,2025-05-15 21:01:17.813621,41.0817352,1.9909157,5.004940986633301,97.32394604959114,23.670000000000016,49.0,1011.0,,9.5,3.0,6.3299277033177574,4.509531947943534,,103.65387375290891,4.974428371801885,,,,,,,,,,,,,,,,
357,2025-05-15 21:01:22.813867,41.0815457,1.9907335,4.310237407684326,97.46224371990556,23.670000000000016,49.0,1011.0,,10.0,4.0,7.988452964089884,5.019407359533153,,105.31239901368103,4.956373523348603,,,,,,,,,,,,,,,,
358,2025-05-15 21:01:27.814104,41.0814418,1.9905932,4.3695855140686035,97.5588294249587,23.670000000000016,49.0,1011.0,,10.7,8.0,13.450864811999859,6.401888158105859,,111.00969423695857,4.249726729250215,,,,,,,,,,,,,,,,
359,2025-05-15 21:01:32.814337,41.0813145,1.9904245,3.950556993484497,97.52288213935694,23.670000000000016,49.0,1011.0,,10.6,6.0,9.542136596337285,6.683853190013435,,107.06501873569422,3.895896909689101,,,,,,,,,,,,,,,,
360,2025-05-15 21:01:37.814241,41.0811536,1.9902563,4.159285068511963,97.31735491704208,23.670000000000016,49.0,1011.0,,10.4,4.0,6.443050396719841,6.46494245500714,,103.96593253607678,3.925604817670486,,,,,,,,,,,,,,,,
361,2025-05-15 21:01:42.814315,41.0810528,1.9900729,4.0399861335754395,97.40970590480983,23.670000000000016,49.0,1011.0,,9.6,4.0,6.896496061145946,5.576979943996876,,104.30620196595578,4.010755569681479,,,,,,,,,,,,,,,,
362,2025-05-15 21:01:47.814232,41.0809313,1.9898882,4.079183578491211,97.67422547098607,23.670000000000016,49.0,1011.0,,9.2,5.0,8.959552227333974,5.148628485704962,,106.63377769832005,4.029411537883948,,,,,,,,,,,,,,,,
363,2025-05-15 21:01:52.814187,41.0807776,1.9897297,4.193048477172852,97.6039291640483,23.670000000000016,49.0,1011.0,,9.6,4.0,7.090604425568549,5.4250561870725615,,104.69453358961684,4.160980852397971,,,,,,,,,,,,,,,,
364,2025-05-15 21:01:57.814429,41.0806122,1.9895733,4.38893461227417,97.71990577615512,23.670000000000016,49.0,1011.0,,9.5,5.0,9.266245491894603,5.142014449752111,,106.98615126804972,4.331662308909867,,,,,,,,,,,,,,,,
365,2025-05-15 21:02:02.813566,41.0804449,1.9894172,4.220694541931152,97.40599028190134,23.670000000000016,49.0,1011.0,,10.4,5.0,8.631109525364703,6.03989176207865,,106.35101530151982,4.3392301167261955,,,,,,,,,,,,,,,,
366,2025-05-15 21:02:07.814137,41.0803181,1.9892541,4.259817600250244,97.51801904466788,23.670000000000016,49.0,1011.0,,10.2,6.0,10.20372209336078,6.018618649640858,,107.60971237526212,4.153940467460216,,,,,,,,,,,,,,,,
367,2025-05-15 21:02:12.814414,41.0801852,1.989086,4.160320281982422,97.44861749251139,23.670000000000016,49.0,1011.0,,10.6,5.0,8.214834999444404,6.465686188986912,,105.6634524919558,4.117632351811733,,,,,,,,,,,,,,,,
368,2025-05-15 21:02:17.815133,41.0800412,1.9889573,4.100096225738525,97.94056186748155,23.670000000000016,49.0,1011.0,,9.9,4.0,6.8894270530241775,5.757133229429315,,104.33804454553557,4.130280665281795,,,,,,,,,,,,,,,,
369,2025-05-15 21:02:22.814653,41.0798953,1.9887956,4.169792652130127,97.77291487430358,23.670000000000016,49.0,1011.0,,10.6,2.0,3.2959423530095457,6.434393303724624,,101.06885722731313,4.162895359552768,,,,,,,,,,,,,,,,
370,2025-05-15 21:02:27.813996,41.0797565,1.9886267,4.219804763793945,97.38963880902833,23.670000000000016,49.0,1011.0,,10.5,0.0,0.0,10.5,,97.38963880902833,4.219804763793945,,,,,,,,,,,,,,,,
371,2025-05-15 21:02:32.814682,41.0796395,1.9884402,3.802042007446289,97.26262461122276,23.670000000000016,49.0,1011.0,,10.5,2.0,3.3427765884819314,6.284491595733733,,100.73241539751025,4.212625025591442,,,,,,,,,,,,,,,,
372,2025-05-15 21:02:37.814416,41.0795362,1.9882473,4.1085920333862305,97.43091364218272,23.670000000000016,49.0,1011.0,,10.4,357.0,355.2739398920203,6.606166017691803,,92.53656450324303,3.7891151226168085,,,,,,,,,,,,,,,,
373,2025-05-15 21:02:42.813723,41.079426,1.9881021,4.3390398025512695,97.48545270270526,23.670000000000016,49.0,1011.0,,10.2,4.0,6.950973140106431,5.879326149043175,,104.43642584281169,4.307148161298668,,,,,,,,,,,,,,,,
374,2025-05-15 21:02:47.814390,41.0792357,1.9878914,4.200432777404785,97.83200967100254,23.670000000000016,49.0,1011.0,,11.0,1.0,1.651287817618813,6.662051455904863,,99.13674052032407,4.337237889353897,,,,,,,,,,,,,,,,
375,2025-05-15 21:02:52.814960,41.079062,1.9877454,4.160171031951904,97.40759537635628,23.670000000000016,49.0,1011.0,,11.2,3.0,4.77003600952128,7.04889371342836,,102.17763138587756,4.1457622130375436,,,,,,,,,,,,,,,,
376,2025-05-15 21:02:57.814990,41.0788974,1.9875962,4.08024787902832,97.28525985813219,23.670000000000016,49.0,1011.0,,10.4,4.0,6.658453581816013,6.256696578500115,,104.0660489581723,4.132110632244256,,,,,,,,,,,,,,,,
377,2025-05-15 21:03:02.813894,41.0787394,1.9874377,4.0501813888549805,98.05943447979645,23.670000000000016,49.0,1011.0,,11.1,5.0,7.8602617834465,7.074043572662778,,105.91969626324295,4.012128117842112,,,,,,,,,,,,,,,,
378,2025-05-15 21:03:07.813441,41.0785997,1.9872756,3.930529832839966,97.77977921441945,23.670000000000016,49.0,1011.0,,10.4,2.0,3.214222993089884,6.473318097647421,,100.99400220750934,3.92434662358784,,,,,,,,,,,,,,,,
379,2025-05-15 21:03:12.814588,41.0784723,1.9871216,4.228427410125732,97.42883726467502,23.670000000000016,49.0,1011.0,,10.5,4.0,6.386405119113021,6.584755448217643,,104.16618433353247,3.9061383011761928,,,,,,,,,,,,,,,,
380,2025-05-15 21:03:17.814161,41.0783365,1.9869511,4.259828567504883,97.96386647292964,23.670000000000016,49.0,1011.0,,10.5,5.0,8.396084854588663,6.267387662833709,,106.3599513275183,4.214173057498857,,,,,,,,,,,,,,,,
381,2025-05-15 21:03:22.814151,41.0781998,1.9867893,3.7515525817871094,98.0380354971268,23.670000000000016,49.0,1011.0,,10.8,3.0,4.59445243097198,7.0563209005680925,,102.63248792809878,3.739497488701487,,,,,,,,,,,,,,,,
382,2025-05-15 21:03:27.814340,41.0781013,1.9866731,3.8258867263793945,97.35179273083727,23.670000000000016,49.0,1011.0,,10.3,4.0,6.357160319596397,6.48892347280179,,103.70895305043368,3.8023612952033354,,,,,,,,,,,,,,,,
383,2025-05-15 21:03:32.814077,41.0779498,1.9864844,4.121252059936523,96.5294242943894,23.670000000000016,49.0,1011.0,,9.9,5.0,8.54716754538343,5.805552807414961,,105.07659183977283,4.07548080506185,,,,,,,,,,,,,,,,
384,2025-05-15 21:03:37.814247,41.0778101,1.9863121,4.1089301109313965,97.41409771644614,23.670000000000016,49.0,1011.0,,9.9,6.0,10.22526640376597,5.829422922700438,,107.63936412021211,4.043669704267797,,,,,,,,,,,,,,,,
385,2025-05-15 21:03:42.814104,41.0776719,1.9861386,3.9703898429870605,97.71804796470087,23.670000000000016,49.0,1011.0,,9.6,6.0,10.20008859299483,5.6665787359680175,,107.9181365576957,3.9076391582349506,,,,,,,,,,,,,,,,
386,2025-05-15 21:03:47.813896,41.0775732,1.9859809,3.9500765800476074,97.79742842323476,23.670000000000016,49.0,1011.0,,10.0,1.0,1.652787172596109,6.050917757101296,,99.45021559583087,3.9484332151496866,,,,,,,,,,,,,,,,
387,2025-05-15 21:03:52.813814,41.0774312,1.9858317,4.497974872589111,97.90811163873482,23.670000000000016,49.0,1011.0,,10.2,2.0,3.5762005427358523,5.7069245191042235,,101.48431218147067,4.489216074899712,,,,,,,,,,,,,,,,
388,2025-05-15 21:03:57.813909,41.0772812,1.9856784,4.237729072570801,97.75467143903049,23.670000000000016,49.0,1011.0,,10.5,2.0,3.352332487188453,6.266597871222027,,101.10700392621894,4.230477566733056,,,,,,,,,,,,,,,,
389,2025-05-15 21:04:02.814019,41.0771465,1.9855487,4.31696081161499,97.17728139754345,23.670000000000016,49.0,1011.0,,10.1,4.0,6.975428128009308,5.80137599416365,,104.15270952555277,4.285008071821218,,,,,,,,,,,,,,,,
390,2025-05-15 21:04:07.814045,41.0769936,1.9854019,4.259970664978027,97.7169483042445,23.670000000000016,49.0,1011.0,,10.7,0.0,0.0,10.7,,97.7169483042445,4.259970664978027,,,,,,,,,,,,,,,,
391,2025-05-15 21:04:12.814137,41.0768393,1.9852531,4.267157554626465,97.64239678945381,23.670000000000016,49.0,1011.0,,10.8,2.0,3.3053602010254015,6.537138384428232,,100.94775699047922,4.260058826313259,,,,,,,,,,,,,,,,
392,2025-05-15 21:04:17.813892,41.076688,1.9850924,4.253893852233887,97.63240422269809,23.670000000000016,49.0,1011.0,,10.4,1.0,1.6919865411172519,6.147202360690315,,99.32439076381533,4.252039152390915,,,,,,,,,,,,,,,,
393,2025-05-15 21:04:22.813898,41.0765534,1.9849031,4.036217212677002,97.78337872411204,23.670000000000016,49.0,1011.0,,10.1,2.0,3.330205040146271,6.067876772986524,,101.11358376425831,4.0294013795432395,,,,,,,,,,,,,,,,
394,2025-05-15 21:04:27.813847,41.0764331,1.9847247,4.159541606903076,97.78159604473868,23.670000000000016,49.0,1011.0,,10.1,3.0,5.096707434829472,5.950142533228998,,102.87830347956815,4.14309549555826,,,,,,,,,,,,,,,,
395,2025-05-15 21:04:32.814314,41.0762981,1.9845701,4.279450416564941,97.84544465309995,23.670000000000016,49.0,1011.0,,10.2,2.0,3.4443903339839324,5.925039126577783,,101.28983498708388,4.271719932921526,,,,,,,,,,,,,,,,
396,2025-05-15 21:04:37.814144,41.0761545,1.9844151,4.279921531677246,97.52230840346665,23.670000000000016,49.0,1011.0,,10.2,357.0,354.83531674270137,5.930175793248442,,92.357625146168,4.262545370190641,,,,,,,,,,,,,,,,
397,2025-05-15 21:04:42.814152,41.0760239,1.9842377,3.8214216232299805,97.7630247603854,23.670000000000016,49.0,1011.0,,10.5,2.0,3.1435988129500645,6.682237288325811,,100.90662357333547,3.8156712639573716,,,,,,,,,,,,,,,,
398,2025-05-15 21:04:47.814140,41.0759067,1.9840694,4.258421421051025,97.68253781120598,23.670000000000016,49.0,1011.0,,10.3,3.0,5.110596378174776,6.051519950219816,,102.79313418938075,4.241492527093184,,,,,,,,,,,,,,,,
399,2025-05-15 21:04:52.813989,41.0757541,1.9838264,4.051405429840088,97.45554330432978,23.670000000000016,49.0,1011.0,,10.5,356.0,353.27971961984053,6.259004910433628,,90.96225743104651,4.229163045043352,,,,,,,,,,,,,,,,
400,2025-05-15 21:04:57.814149,41.0756248,1.9836378,4.241824626922607,97.50848410058654,23.670000000000016,49.0,1011.0,,10.5,355.0,351.6278797307657,6.285199192586163,,89.13636383135224,4.19662076948755,,,,,,,,,,,,,,,,
401,2025-05-15 21:05:02.814312,41.0754795,1.9834532,4.247656345367432,97.19051147396577,23.670000000000016,49.0,1011.0,,10.9,358.0,356.7239262266629,6.656582069827187,,93.9144377006287,4.240714688640473,,,,,,,,,,,,,,,,
402,2025-05-15 21:05:07.813887,41.0753381,1.9832821,4.161043643951416,97.66191747010171,23.670000000000016,49.0,1011.0,,10.3,356.0,353.20201303734285,6.069926977123414,,90.39252451130864,4.217793908973408,,,,,,,,,,,,,,,,
403,2025-05-15 21:05:12.814163,41.0751977,1.9831227,4.1997456550598145,97.45088511531583,23.670000000000016,49.0,1011.0,,10.7,358.0,356.7088104217639,6.5044642900641065,,94.15969553707976,4.1928188317833035,,,,,,,,,,,,,,,,
404,2025-05-15 21:05:17.813995,41.0750596,1.9829729,4.110195159912109,96.93026760620994,23.670000000000016,49.0,1011.0,,10.8,0.0,0.0,10.8,,97.45088511531583,4.1997456550598145,,,,,,,,,,,,,,,,
405,2025-05-15 21:05:22.813890,41.0749215,1.9828266,4.149755477905273,97.30293638770418,23.670000000000016,49.0,1011.0,,10.4,3.0,4.956997964063405,6.299111748688023,,101.88726557027334,4.0948223323487,,,,,,,,,,,,,,,,
406,2025-05-15 21:05:27.814198,41.0747864,1.9826699,4.10012674331665,97.77158298741544,23.670000000000016,49.0,1011.0,,10.6,3.0,4.9267378665244435,6.459583641597508,,102.22967425422863,4.134423487207257,,,,,,,,,,,,,,,,
407,2025-05-15 21:05:32.814385,41.0746529,1.9825044,4.139836311340332,97.14310996112589,23.670000000000016,49.0,1011.0,,10.8,2.0,3.2230512248957686,6.703898245238773,,100.99463421231121,4.0936412664978645,,,,,,,,,,,,,,,,
408,2025-05-15 21:05:37.813902,41.0745064,1.9823443,4.209610462188721,96.94639368284035,23.670000000000016,49.0,1011.0,,11.3,355.0,352.04454080917503,7.1158730703325,,88.99093449201541,4.169097004478686,,,,,,,,,,,,,,,,
409,2025-05-15 21:05:42.813841,41.0743492,1.9822073,4.080336570739746,97.4706858337197,23.670000000000016,49.0,1011.0,,10.1,1.0,1.6776986835437655,6.0207060377536745,,99.14838451726347,4.0785874587197055,,,,,,,,,,,,,,,,
410,2025-05-15 21:05:47.814150,41.0742369,1.9820817,4.1396942138671875,97.75358543895246,23.670000000000016,49.0,1011.0,,9.3,5.0,8.987363345878492,5.188618084945152,,106.74094878483095,4.088870436173486,,,,,,,,,,,,,,,,
411,2025-05-15 21:05:52.814244,41.0740813,1.9818706,4.18633508682251,97.8439078605367,23.670000000000016,49.0,1011.0,,9.6,2.0,3.545163981901165,5.418185275059169,,101.38907184243787,4.178323974485749,,,,,,,,,,,,,,,,
412,2025-05-15 21:05:57.814004,41.0739327,1.9816994,4.263905048370361,98.31944612112049,23.670000000000016,49.0,1011.0,,10.2,3.0,5.1507905029081655,5.946127425628051,,103.47023662402866,4.246686856979135,,,,,,,,,,,,,,,,
413,2025-05-15 21:06:02.814210,41.0737758,1.9815405,4.3461737632751465,97.83187989740831,23.670000000000016,49.0,1011.0,,10.5,4.0,6.726159764330018,6.253558992448188,,105.04560588545051,4.234557771855138,,,,,,,,,,,,,,,,
414,2025-05-15 21:06:07.814139,41.073636,1.9813825,4.190478801727295,97.2781974425304,23.670000000000016,49.0,1011.0,,10.5,5.0,8.304515270408404,6.336002251265982,,105.5827127129388,4.146539158325558,,,,,,,,,,,,,,,,
415,2025-05-15 21:06:12.814101,41.0734982,1.9812322,4.199892997741699,97.56198497235525,23.670000000000016,49.0,1011.0,,10.2,6.0,10.153016451302618,6.048358869286779,,107.43121389383302,4.124857955599283,,,,,,,,,,,,,,,,
416,2025-05-15 21:06:17.813775,41.0733497,1.9810731,4.27980375289917,97.47612949448819,23.670000000000016,49.0,1011.0,,10.3,3.0,5.061704788223233,6.109817924553218,,102.62368976057849,4.1835144981073,,,,,,,,,,,,,,,,
417,2025-05-15 21:06:22.813868,41.0732026,1.9809075,4.2501068115234375,97.72520600295105,23.670000000000016,49.0,1011.0,,10.1,5.0,8.613227275988327,5.8777498837310205,,106.33843327893938,4.202173397312482,,,,,,,,,,,,,,,,
418,2025-05-15 21:06:27.813901,41.0730518,1.9807486,4.150271415710449,98.10163821867796,23.670000000000016,49.0,1011.0,,10.0,4.0,6.946340259771642,5.767870717219151,,104.6715462627227,4.2189103974535875,,,,,,,,,,,,,,,,
419,2025-05-15 21:06:32.813777,41.0729039,1.9805939,4.17987060546875,97.72745996537715,23.670000000000016,49.0,1011.0,,9.8,4.0,6.92820362161133,5.6672379680619445,,105.0298418402893,4.119966485655035,,,,,,,,,,,,,,,,
420,2025-05-15 21:06:37.813983,41.072785,1.9804664,4.317123889923096,97.71371762476709,23.670000000000016,49.0,1011.0,,10.6,357.0,354.94238896179587,6.292850017401007,,92.65610658656294,4.3003154236866,,,,,,,,,,,,,,,,
421,2025-05-15 21:06:42.814391,41.0725936,1.9802679,4.313732147216797,97.64429558204307,23.670000000000016,49.0,1011.0,,10.2,2.0,3.4664175878196235,5.887434142407394,,101.1801352125867,4.309225318750059,,,,,,,,,,,,,,,,
422,2025-05-15 21:06:47.814154,41.0724696,1.9801292,4.300846099853516,97.59178508770403,23.670000000000016,49.0,1011.0,,9.7,3.0,5.384658918203316,5.409732853248766,,102.97644400590734,4.281867010681885,,,,,,,,,,,,,,,,
423,2025-05-15 21:06:52.815087,41.0722954,1.9799365,4.140377044677734,97.63790252497995,23.670000000000016,49.0,1011.0,,10.2,358.0,356.63455840505503,6.063867030165349,,94.27246093003498,4.133236622687955,,,,,,,,,,,,,,,,
424,2025-05-15 21:06:57.814336,41.0721613,1.9797634,4.269644260406494,97.93200364045153,23.670000000000016,49.0,1011.0,,10.3,357.0,354.9870641280283,6.169104015518991,,92.62496665300824,4.124540082773439,,,,,,,,,,,,,,,,
425,2025-05-15 21:07:02.814018,41.0720122,1.9795859,4.260063648223877,97.2586084599908,23.670000000000016,49.0,1011.0,,10.4,356.0,353.233769584343,6.157488632823566,,90.4923780443338,4.230392823789878,,,,,,,,,,,,,,,,
426,2025-05-15 21:07:07.814165,41.0718778,1.9794118,4.140531539916992,97.14554833865958,23.670000000000016,49.0,1011.0,,10.0,2.0,3.412097939668097,5.863771536606923,,100.55764627832768,4.1331915500820795,,,,,,,,,,,,,,,,
427,2025-05-15 21:07:12.814105,41.0717541,1.9792426,4.090150356292725,97.53021093233636,23.670000000000016,49.0,1011.0,,9.8,1.0,1.7314529905792542,5.660560348732603,,98.87700132923884,4.138641072504375,,,,,,,,,,,,,,,,
428,2025-05-15 21:07:17.814147,41.0716199,1.9790938,4.259125232696533,97.60743305109251,23.670000000000016,49.0,1011.0,,10.2,2.0,3.432622150457294,5.945327720039456,,101.0400552015498,4.251483932764823,,,,,,,,,,,,,,,,
429,2025-05-15 21:07:22.814150,41.0714924,1.9789115,4.1504292488098145,97.61706361782224,23.670000000000016,49.0,1011.0,,9.6,357.0,354.612710914208,5.351356216481875,,92.22014396530051,4.24031190044416,,,,,,,,,,,,,,,,
430,2025-05-15 21:07:27.814144,41.0713676,1.9787175,4.189898490905762,97.37334197766867,23.670000000000016,49.0,1011.0,,10.0,358.0,356.55894934911174,5.814492841602537,,93.93229132678039,4.182344441364386,,,,,,,,,,,,,,,,
431,2025-05-15 21:07:32.814276,41.071256,1.9785716,4.3692708015441895,97.83876472809168,23.670000000000016,49.0,1011.0,,9.9,357.0,354.63499167867326,5.541437228330121,,92.47375640676495,4.35013013057076,,,,,,,,,,,,,,,,
432,2025-05-15 21:07:37.813824,41.0710757,1.9783782,4.344701290130615,97.57276301086553,23.670000000000016,49.0,1011.0,,9.5,4.0,7.392572043750369,5.15039855402364,,105.23133677184204,4.332952773394216,,,,,,,,,,,,,,,,
433,2025-05-15 21:07:42.813860,41.0709535,1.978257,4.345099449157715,97.5413851218185,23.670000000000016,49.0,1011.0,,9.8,356.0,352.82580547470667,5.473883001993524,,90.36719059652518,4.311081881018141,,,,,,,,,,,,,,,,
434,2025-05-15 21:07:47.814135,41.0707846,1.9780623,4.206333160400391,97.58145784167895,23.670000000000016,49.0,1011.0,,10.3,358.0,356.6205681372005,6.097996447436003,,94.20202597887948,4.1990185721005915,,,,,,,,,,,,,,,,
435,2025-05-15 21:07:52.813819,41.0706791,1.977935,4.219851016998291,97.7902225736604,23.670000000000016,49.0,1011.0,,11.1,354.0,350.3439702135571,6.917343613281838,,88.1341927872175,4.160066200818843,,,,,,,,,,,,,,,,
436,2025-05-15 21:07:57.815348,41.0705025,1.9777355,4.280582904815674,97.08255350394455,23.670000000000016,49.0,1011.0,,9.9,357.0,354.71938567211697,5.629742712918001,,91.80193917606152,4.262415658110066,,,,,,,,,,,,,,,,
437,2025-05-15 21:08:02.814430,41.070349,1.9775573,4.290373802185059,97.34216216410756,23.670000000000016,49.0,1011.0,,10.0,1.0,1.7512609522873608,5.7107705445932595,,99.09342311639493,4.288369847997336,,,,,,,,,,,,,,,,
438,2025-05-15 21:08:07.813900,41.0702323,1.9774188,4.299628734588623,98.20990354721184,23.670000000000016,49.0,1011.0,,9.5,356.0,352.7057917851147,5.219469437461518,,90.91569533232655,4.26483305147556,,,,,,,,,,,,,,,,
439,2025-05-15 21:08:12.813757,41.0700697,1.9772253,4.215566635131836,97.61814961790027,23.670000000000016,49.0,1011.0,,11.0,356.0,353.5218833166216,6.801062569056841,,91.14003293452186,4.188650324712268,,,,,,,,,,,,,,,,
440,2025-05-15 21:08:17.814125,41.0699706,1.9770978,3.97025728225708,97.49815002437232,23.670000000000016,49.0,1011.0,,10.2,357.0,355.0913271576464,6.238645106233723,,92.5894771820187,3.955695788964927,,,,,,,,,,,,,,,,
441,2025-05-15 21:08:22.813909,41.0698512,1.9769298,4.304471969604492,97.65944494162217,23.670000000000016,49.0,1011.0,,10.7,357.0,354.9844820008508,6.4053899298315375,,92.64392694247294,4.287990388677712,,,,,,,,,,,,,,,,
442,2025-05-15 21:08:27.813833,41.0697089,1.9767532,4.187898635864258,97.32834469141663,23.670000000000016,49.0,1011.0,,10.7,359.0,358.35702780332275,6.513149306891253,,95.6853724947394,4.186176959291364,,,,,,,,,,,,,,,,
443,2025-05-15 21:08:32.814009,41.069568,1.9765933,4.052107810974121,97.17419415203861,23.670000000000016,49.0,1011.0,,10.5,356.0,353.4937238314169,6.463946088238676,,90.66791798345548,4.026010005814278,,,,,,,,,,,,,,,,
444,2025-05-15 21:08:37.814344,41.0694373,1.9764348,4.086452484130859,97.63587395879645,23.670000000000016,49.0,1011.0,,10.9,356.0,353.6078201215858,6.829453529785969,,91.24369408038228,4.061047515552297,,,,,,,,,,,,,,,,
445,2025-05-15 21:08:42.814245,41.0692996,1.9762639,4.410823345184326,97.4394103975102,23.670000000000016,49.0,1011.0,,10.3,357.0,354.75756169282715,5.8997395028637065,,92.19697209033734,4.392372848900293,,,,,,,,,,,,,,,,
446,2025-05-15 21:08:47.814004,41.0691461,1.976088,4.249991416931152,97.76402196800423,23.670000000000016,49.0,1011.0,,10.5,355.0,351.6170259789825,6.277119546245804,,89.38104794698671,4.204583230354402,,,,,,,,,,,,,,,,
447,2025-05-15 21:08:52.814104,41.0690097,1.9759169,3.930105447769165,97.79835732896188,23.670000000000016,49.0,1011.0,,9.8,355.0,351.6688228215849,5.8948099811958246,,89.46718015054682,3.888631406377317,,,,,,,,,,,,,,,,
448,2025-05-15 21:08:57.814399,41.0688851,1.9757481,4.08915376663208,97.50085477928364,23.670000000000016,49.0,1011.0,,9.7,357.0,354.81785168841,5.620526122262441,,92.31870646769363,4.0724397134709305,,,,,,,,,,,,,,,,
449,2025-05-15 21:09:02.813911,41.0687498,1.9755803,4.446432113647461,97.8180555945282,23.670000000000016,49.0,1011.0,,9.8,354.0,349.0605762709993,5.397972426084735,,86.8786318655275,4.365633188324608,,,,,,,,,,,,,,,,
450,2025-05-15 21:09:07.813816,41.0686035,1.9754071,4.229671478271484,97.57530384123677,23.670000000000016,49.0,1011.0,,9.7,356.0,352.9184860522373,5.488567893187044,,90.49378989347406,4.197406551622164,,,,,,,,,,,,,,,,
451,2025-05-15 21:09:12.813650,41.0684368,1.975215,4.147890567779541,97.58737961568936,23.670000000000016,49.0,1011.0,,9.7,359.0,358.2269747398621,5.471470698543868,,95.8022785810989,4.227646471101738,,,,,,,,,,,,,,,,
452,2025-05-15 21:09:17.814230,41.0683194,1.9750831,4.4231486320495605,98.20950739623997,23.670000000000016,49.0,1011.0,,9.4,359.0,358.1114922582438,4.9781235900216805,,96.32099965448378,4.420746181301171,,,,,,,,,,,,,,,,
453,2025-05-15 21:09:22.814086,41.0681714,1.9749016,4.140949249267578,97.87245805126736,23.670000000000016,49.0,1011.0,,9.6,356.0,352.97667492046656,5.476760745973011,,90.84913297173392,4.1098774562555676,,,,,,,,,,,,,,,,
454,2025-05-15 21:09:27.814012,41.0680023,1.9747047,4.0802459716796875,97.55941682122733,23.670000000000016,49.0,1011.0,,9.9,357.0,354.9006105725386,5.829258553969816,,92.46002739376593,4.0640964097649555,,,,,,,,,,,,,,,,
455,2025-05-15 21:09:32.814151,41.0678498,1.9745328,4.468947410583496,97.25369755397756,23.670000000000016,49.0,1011.0,,9.3,355.0,351.11403935797824,5.247344688212753,,88.67345617920557,4.03127382013918,,,,,,,,,,,,,,,,
456,2025-05-15 21:09:37.814171,41.0677214,1.9743953,3.9721570014953613,97.95941318959079,23.670000000000016,49.0,1011.0,,9.8,359.0,358.31855477307187,5.82886023153203,,96.27796796266267,3.9704466497876023,,,,,,,,,,,,,,,,
457,2025-05-15 21:09:42.813864,41.0675557,1.974192,4.220146656036377,97.58022840762835,23.670000000000016,49.0,1011.0,,9.7,352.0,346.5239567083761,5.792937643192071,,84.4833698979669,3.862793367899867,,,,,,,,,,,,,,,,
458,2025-05-15 21:09:47.814130,41.0674361,1.9740288,4.069459438323975,97.3982994888959,23.670000000000016,49.0,1011.0,,9.5,358.0,356.5025981729358,5.434875516698244,,93.90089766183166,4.061880337661571,,,,,,,,,,,,,,,,
459,2025-05-15 21:09:52.814145,41.0673035,1.9738674,4.229292392730713,97.9201669226199,23.670000000000016,49.0,1011.0,,11.1,351.0,345.5408451078136,6.954320118477713,,83.4610120304335,4.0953333018983,,,,,,,,,,,,,,,,
460,2025-05-15 21:09:57.814188,41.067157,1.9737214,4.409073829650879,97.69296751006858,23.670000000000016,49.0,1011.0,,9.7,358.0,356.45525684288543,5.4752738118674475,,94.37542376550533,4.221200996530872,,,,,,,,,,,,,,,,
461,2025-05-15 21:10:02.814050,41.0670333,1.9735952,4.041810512542725,97.38909922408389,23.670000000000016,49.0,1011.0,,10.1,356.0,353.33974800182864,6.074581626807647,,90.72884722591255,4.014533743748713,,,,,,,,,,,,,,,,
462,2025-05-15 21:10:07.814010,41.0668725,1.9734079,4.277109622955322,97.62143493889104,23.670000000000016,49.0,1011.0,,10.7,1.0,1.665785342391887,6.42397550431932,,99.28722028128293,4.275302105074616,,,,,,,,,,,,,,,,
463,2025-05-15 21:10:12.814361,41.0667388,1.9732231,4.100510120391846,97.2218210611211,23.670000000000016,49.0,1011.0,,10.8,355.0,351.73730205843515,6.549782732930826,,89.35873699732622,4.232711349786491,,,,,,,,,,,,,,,,
464,2025-05-15 21:10:17.813820,41.0666354,1.9730822,3.9506287574768066,98.63605270990728,23.670000000000016,49.0,1011.0,,10.6,356.0,353.6301713752117,6.66469480340359,,92.266224085119,3.9262394709623942,,,,,,,,,,,,,,,,
465,2025-05-15 21:10:22.814202,41.0664829,1.9728865,4.457175254821777,98.19707645195055,23.670000000000016,49.0,1011.0,,10.6,354.0,349.6798203092349,6.1848147543010885,,87.87689676118544,4.385067084269808,,,,,,,,,,,,,,,,
466,2025-05-15 21:10:27.814093,41.0663355,1.9726983,4.330681324005127,97.49756945829286,23.670000000000016,49.0,1011.0,,10.6,352.0,346.2738296058334,6.217224993639183,,84.47090605778396,4.3298820761155925,,,,,,,,,,,,,,,,
467,2025-05-15 21:10:32.814154,41.0662181,1.9725458,4.311352252960205,97.8035687632986,23.670000000000016,49.0,1011.0,,10.9,353.0,348.4625488863172,6.641599773511403,,86.26611764961581,4.22423784275413,,,,,,,,,,,,,,,,
468,2025-05-15 21:10:37.814196,41.0660582,1.9723306,4.3715972900390625,97.98014281372177,23.670000000000016,49.0,1011.0,,11.5,354.0,350.3443998894773,7.16693314777793,,88.32454270319909,4.309668104561383,,,,,,,,,,,,,,,,
469,2025-05-15 21:10:42.814133,41.0659161,1.9721562,4.243000507354736,97.10412324134344,23.670000000000016,49.0,1011.0,,11.2,358.0,356.78110565448304,6.9611593644340495,,93.88522889582646,4.236306332740744,,,,,,,,,,,,,,,,
470,2025-05-15 21:10:47.813911,41.065779,1.9719883,4.574848651885986,97.16127826431811,23.670000000000016,49.0,1011.0,,10.8,354.0,349.6248409160271,6.268479695911564,,86.78611918034522,4.500048245436423,,,,,,,,,,,,,,,,
471,2025-05-15 21:10:52.814785,41.065668,1.9718431,4.248006820678711,98.34394600967333,23.670000000000016,49.0,1011.0,,10.5,354.0,349.9524975362522,6.290954637963895,,88.29644354592557,4.182857040245767,,,,,,,,,,,,,,,,
472,2025-05-15 21:10:57.814314,41.0655315,1.9716492,4.209989547729492,97.29389321724308,23.670000000000016,49.0,1011.0,,10.6,354.0,350.0745291763894,6.428154024355198,,87.36842239363244,4.146977782826381,,,,,,,,,,,,,,,,
473,2025-05-15 21:11:02.814221,41.0653952,1.9714967,4.329345226287842,98.2128951700683,23.670000000000016,49.0,1011.0,,11.2,353.0,348.8206979302864,7.040111653467693,,86.1145911475295,4.130106081916515,,,,,,,,,,,,,,,,
474,2025-05-15 21:11:07.814352,41.0652427,1.9713474,4.143515586853027,97.75782015623786,23.670000000000016,49.0,1011.0,,11.1,353.0,348.56518892434445,6.823354478784878,,86.77808409441275,4.243411634886776,,,,,,,,,,,,,,,,
475,2025-05-15 21:11:12.814246,41.0651019,1.9711965,4.013936996459961,96.90104122675146,23.670000000000016,49.0,1011.0,,11.0,356.0,353.70804518153506,7.0014417631420915,,90.60908640828654,3.9897584608850147,,,,,,,,,,,,,,,,
476,2025-05-15 21:11:17.814211,41.064969,1.9710418,4.051204681396484,96.98972440293491,23.670000000000016,49.0,1011.0,,11.3,354.0,350.6668287635232,7.28330925017801,,87.65655316645814,3.9975747970799778,,,,,,,,,,,,,,,,
477,2025-05-15 21:11:22.814292,41.0648417,1.970871,3.950310230255127,96.94899598491412,23.670000000000016,49.0,1011.0,,11.3,354.0,350.6668287635232,7.28330925017801,,87.65655316645814,3.9975747970799778,,,,,,,,,,,,,,,,
478,2025-05-15 21:11:27.814393,41.0647435,1.9707274,4.438288688659668,98.06038387609108,23.670000000000016,49.0,1011.0,,11.0,351.0,345.0094689866584,6.652683270998768,,83.06985286274949,4.28724745250987,,,,,,,,,,,,,,,,
479,2025-05-15 21:11:32.814413,41.0645549,1.9705302,4.032488822937012,98.08571021753349,23.670000000000016,49.0,1011.0,,10.9,354.0,350.4989744844152,6.902483639481373,,88.58468470194873,3.9771737513096657,,,,,,,,,,,,,,,,
480,2025-05-15 21:11:37.813965,41.064415,1.9703749,3.940293550491333,97.58745474777024,23.670000000000016,49.0,1011.0,,11.4,350.0,344.61522442398405,7.461702718073494,,82.7009346415175,3.887988347448064,,,,,,,,,,,,,,,,
481,2025-05-15 21:11:42.814170,41.0642825,1.9702159,4.318731307983398,97.61259667410505,23.670000000000016,49.0,1011.0,,11.5,354.0,350.41477477605855,7.219055662100884,,88.02737145016363,4.258437537731892,,,,,,,,,,,,,,,,
482,2025-05-15 21:11:47.814141,41.0641717,1.9700736,4.3000688552856445,97.9770623984061,23.670000000000016,49.0,1011.0,,11.5,354.0,350.43937603378026,7.237458235611704,,88.4164384321864,4.24034268174194,,,,,,,,,,,,,,,,
483,2025-05-15 21:11:52.814233,41.0640225,1.9699063,4.320732116699219,97.10687580757896,23.670000000000016,49.0,1011.0,,11.0,355.0,351.7809917170492,6.706290825829543,,88.88786752462812,4.276353264773878,,,,,,,,,,,,,,,,
484,2025-05-15 21:11:57.814212,41.0638629,1.9697479,4.261650562286377,97.33613110707044,23.670000000000016,49.0,1011.0,,10.5,357.0,354.9543094760669,6.248171975120423,,92.29044058313735,4.245136150662722,,,,,,,,,,,,,,,,
485,2025-05-15 21:12:02.814132,41.0636826,1.9695635,4.23013162612915,97.96242530301477,23.670000000000016,49.0,1011.0,,10.1,355.0,351.3767250553488,5.870952945145676,,89.5334282591154,4.208858559162714,,,,,,,,,,,,,,,,
486,2025-05-15 21:12:07.813980,41.0635303,1.9693998,4.230837821960449,98.19708328213972,23.670000000000016,49.0,1011.0,,10.6,356.0,353.35125891150545,6.386291282582052,,91.54834219364517,4.202383872207539,,,,,,,,,,,,,,,,
487,2025-05-15 21:12:12.814205,41.0633881,1.9692077,4.073641777038574,97.39058137513378,23.670000000000016,49.0,1011.0,,10.2,354.0,350.03844472048974,6.163400695082027,,87.4290260956235,4.012227744960056,,,,,,,,,,,,,,,,
488,2025-05-15 21:12:17.814207,41.0632516,1.9690099,4.241353511810303,97.69725003867819,23.670000000000016,49.0,1011.0,,10.6,357.0,355.1305699133574,6.535419396285503,,92.52115128849118,4.058938896651037,,,,,,,,,,,,,,,,
489,2025-05-15 21:12:22.814164,41.0631059,1.9688263,4.170271396636963,97.7167433985694,23.670000000000016,49.0,1011.0,,10.3,355.0,351.6153540978019,6.1563363350275235,,89.33209749637132,4.1256972202270035,,,,,,,,,,,,,,,,
490,2025-05-15 21:12:27.814140,41.0629935,1.968681,4.259672164916992,98.39867631549265,23.670000000000016,49.0,1011.0,,10.0,353.0,347.8608160919498,5.795375972422152,,86.25949240744245,4.164424414860632,,,,,,,,,,,,,,,,
491,2025-05-15 21:12:32.814583,41.0628193,1.9684661,4.240095615386963,98.42932337429849,23.670000000000016,49.0,1011.0,,10.3,351.0,344.75843267056183,6.129102641693783,,83.15710898605448,4.109842565884274,,,,,,,,,,,,,,,,
492,2025-05-15 21:12:37.814621,41.0626865,1.9682922,4.190013885498047,97.85993831451871,23.670000000000016,49.0,1011.0,,10.8,353.0,348.6032558491846,6.660819901586546,,86.46319416370335,4.107396888551939,,,,,,,,,,,,,,,,
493,2025-05-15 21:12:42.814011,41.062552,1.9681313,4.1296586990356445,96.75411702751532,23.670000000000016,49.0,1011.0,,10.8,356.0,353.53083671024285,6.6866091045989435,,90.2849537377582,4.103363667096353,,,,,,,,,,,,,,,,
494,2025-05-15 21:12:47.814150,41.062409,1.967983,4.516943454742432,96.43536575932916,23.670000000000016,49.0,1011.0,,10.4,355.0,351.7229683479679,6.296351615947075,,88.47708537548317,4.086642431745712,,,,,,,,,,,,,,,,
495,2025-05-15 21:12:52.814252,41.0622563,1.9678203,4.360189437866211,96.80130680449093,23.670000000000016,49.0,1011.0,,10.3,356.0,353.0739197257995,5.958199919606502,,89.87522653029043,4.328371192630909,,,,,,,,,,,,,,,,
496,2025-05-15 21:12:57.814400,41.0621154,1.9676636,4.139795780181885,97.7965063476968,23.670000000000016,49.0,1011.0,,10.6,355.0,351.52410951335725,6.267932896873383,,88.32541631784818,4.31256732926894,,,,,,,,,,,,,,,,
497,2025-05-15 21:13:02.814084,41.06198,1.9675154,4.090109825134277,97.70421000144243,23.670000000000016,49.0,1011.0,,10.7,358.0,356.73885131551214,6.564316189281611,,94.53535766320897,4.1330918789472815,,,,,,,,,,,,,,,,
498,2025-05-15 21:13:07.814142,41.0618419,1.9673608,4.229248523712158,97.27721389528992,23.670000000000016,49.0,1011.0,,11.2,354.0,350.3832176584614,7.007877374849086,,87.66043155375132,4.169815516001006,,,,,,,,,,,,,,,,
499,2025-05-15 21:13:12.814783,41.0616966,1.9672121,4.07053804397583,98.1389173911679,23.670000000000016,49.0,1011.0,,11.2,353.0,348.79022766287903,7.02121910445102,,86.06744155816898,4.148562973561092,,,,,,,,,,,,,,,,
500,2025-05-15 21:13:17.814245,41.0615623,1.9670652,4.208255290985107,98.33581125437185,23.670000000000016,49.0,1011.0,,11.0,350.0,343.91573919039917,6.894513686644975,,82.251550444771,4.043524385089227,,,,,,,,,,,,,,,,
501,2025-05-15 21:13:22.813542,41.0614352,1.9668811,4.239894390106201,97.59358142745573,23.670000000000016,49.0,1011.0,,10.9,352.0,346.9678817331823,6.727297094616436,,84.56146316063803,4.130690868847385,,,,,,,,,,,,,,,,
502,2025-05-15 21:13:27.814289,41.0613225,1.9667306,4.305265426635742,97.86517706961212,23.670000000000016,49.0,1011.0,,11.2,354.0,350.2782678434803,6.932940356974957,,88.14344491309242,4.243439621808272,,,,,,,,,,,,,,,,
503,2025-05-15 21:13:32.813842,41.0611476,1.9665265,4.3570122718811035,98.27288472154852,23.670000000000016,49.0,1011.0,,11.2,356.0,353.46082486171895,6.860336917120451,,91.73370958326745,4.328666519136491,,,,,,,,,,,,,,,,
504,2025-05-15 21:13:37.814145,41.061014,1.9663705,4.094342231750488,97.294733330511,23.670000000000016,49.0,1011.0,,11.2,357.0,355.0931056613638,6.852753785623552,,93.36599038291229,4.3410438691900035,,,,,,,,,,,,,,,,
505,2025-05-15 21:13:42.814174,41.0608785,1.9661994,4.316468238830566,97.18291630360872,23.670000000000016,49.0,1011.0,,10.8,352.0,347.17143761075687,6.7695285374447645,,84.46617094126788,3.992142493458397,,,,,,,,,,,,,,,,
506,2025-05-15 21:13:47.814010,41.0607198,1.9660137,4.504968643188477,97.56664999155838,23.670000000000016,49.0,1011.0,,10.3,357.0,354.6726730937873,5.805994387471258,,92.23932308534569,4.485509563093673,,,,,,,,,,,,,,,,
507,2025-05-15 21:13:52.814275,41.0605607,1.965851,4.168548107147217,97.2324146845238,23.670000000000016,49.0,1011.0,,10.1,356.0,353.19817034853037,5.9487175009015685,,90.43058503305417,4.139208725696146,,,,,,,,,,,,,,,,
508,2025-05-15 21:13:57.814162,41.0604427,1.9656756,4.209685802459717,97.39124390348327,23.670000000000016,49.0,1011.0,,10.7,354.0,350.19654807086005,6.56875549265519,,87.42896275538385,4.107677475318724,,,,,,,,,,,,,,,,
509,2025-05-15 21:14:02.814150,41.0603154,1.9655028,4.399305820465088,98.0187880240457,23.670000000000016,49.0,1011.0,,11.1,357.0,355.03380749381154,6.710674214479434,,93.05259551785724,4.382790611278717,,,,,,,,,,,,,,,,
510,2025-05-15 21:14:07.814198,41.0601862,1.9653421,4.197336196899414,98.2835944581671,23.670000000000016,49.0,1011.0,,10.9,356.0,353.30167053789813,6.5186382206263875,,91.32045856194384,4.369276382478529,,,,,,,,,,,,,,,,
511,2025-05-15 21:14:12.814030,41.0600605,1.9651835,3.9916341304779053,97.73198838079688,23.670000000000016,49.0,1011.0,,10.9,354.0,350.5546272621756,6.942781188867834,,88.28661564297249,3.937517606025995,,,,,,,,,,,,,,,,
512,2025-05-15 21:14:17.814508,41.0599245,1.9650077,4.427666187286377,97.6630581116931,23.670000000000016,49.0,1011.0,,11.4,353.0,348.5954023523643,7.026087863763693,,86.2584604640574,4.3402432937952895,,,,,,,,,,,,,,,,
513,2025-05-15 21:14:22.814295,41.0597642,1.9648109,4.40654993057251,97.58641655901639,23.670000000000016,49.0,1011.0,,11.7,353.0,348.77561224370265,7.325238074517514,,86.43867035539574,4.342975520955368,,,,,,,,,,,,,,,,
514,2025-05-15 21:14:27.814270,41.0596116,1.964634,4.062728404998779,98.2860328357008,23.670000000000016,49.0,1011.0,,11.2,357.0,355.2949329201917,7.146003440372609,,93.58096575589246,4.049037564861586,,,,,,,,,,,,,,,,
515,2025-05-15 21:14:32.814373,41.0594635,1.9644573,4.462005615234375,97.5297874606078,23.670000000000016,49.0,1011.0,,10.9,358.0,356.61498846194115,6.442594741513165,,94.14477592254894,4.454220790609879,,,,,,,,,,,,,,,,
516,2025-05-15 21:14:37.814113,41.0593386,1.9642684,3.832547187805176,97.26267242254696,23.670000000000016,49.0,1011.0,,10.8,355.0,351.4981804305005,6.366861490290029,,89.02796789110829,4.412973388755079,,,,,,,,,,,,,,,,
517,2025-05-15 21:14:42.817154,41.0592264,1.9640809,4.210302829742432,98.04318545976099,23.670000000000016,49.0,1011.0,,10.7,352.0,346.87289692919467,6.556906362361471,,84.91608238895566,4.100281906246498,,,,,,,,,,,,,,,,
518,2025-05-15 21:14:47.814196,41.0590758,1.9639258,4.7005228996276855,96.97697926994366,23.670000000000016,49.0,1011.0,,11.4,356.0,353.20278688670487,6.718932864245202,,90.1797661566485,4.667484175173903,,,,,,,,,,,,,,,,
519,2025-05-15 21:14:52.814229,41.0589168,1.9637589,4.4255690574646,96.93942688988693,23.670000000000016,49.0,1011.0,,11.4,354.0,349.82145098192785,6.743151519973674,,86.79843025187154,4.626545307778895,,,,,,,,,,,,,,,,
520,2025-05-15 21:14:57.813840,41.0587958,1.9636311,4.370200157165527,98.81442993027132,23.670000000000016,49.0,1011.0,,11.1,353.0,348.49677496479023,6.783315317039093,,87.31120489506156,4.282418049327278,,,,,,,,,,,,,,,,
521,2025-05-15 21:15:02.815587,41.0586859,1.9634461,4.190301418304443,97.66205407388512,23.670000000000016,49.0,1011.0,,11.0,353.0,348.73084122553985,6.85996646808343,,86.39289529942494,4.109512367359977,,,,,,,,,,,,,,,,
522,2025-05-15 21:15:07.814233,41.0585237,1.9633242,4.269216060638428,97.57044074654773,23.670000000000016,49.0,1011.0,,10.8,355.0,351.8450204071357,6.63570155746219,,89.50707448102082,4.147929076326855,,,,,,,,,,,,,,,,
523,2025-05-15 21:15:12.814517,41.0583499,1.9631734,4.285419940948486,97.58582233255859,23.670000000000016,49.0,1011.0,,11.0,353.0,348.573451621255,6.766707361639027,,86.15927395381357,4.200480704539539,,,,,,,,,,,,,,,,
524,2025-05-15 21:15:17.813858,41.0581991,1.96299,4.755405426025391,98.01953934485441,23.670000000000016,49.0,1011.0,,10.3,357.0,354.8700965394497,6.0288047883570135,,92.69949707818932,4.264079279638411,,,,,,,,,,,,,,,,
525,2025-05-15 21:15:22.814208,41.0580515,1.9628267,4.402045726776123,98.05723515888371,23.670000000000016,49.0,1011.0,,10.9,354.0,349.96440720477244,6.538280648561975,,88.02164236365616,4.3346930658658085,,,,,,,,,,,,,,,,
526,2025-05-15 21:15:27.814208,41.0579215,1.962659,4.318487644195557,97.47181964512191,23.670000000000016,49.0,1011.0,,10.6,355.0,351.5799284939742,6.309182216477522,,89.0517481390961,4.271939086291713,,,,,,,,,,,,,,,,
527,2025-05-15 21:15:32.813793,41.0577926,1.962513,4.2217326164245605,97.18706222843491,23.670000000000016,49.0,1011.0,,11.0,352.0,347.07558919535364,6.844617752567488,,84.26265142378855,4.114779201185181,,,,,,,,,,,,,,,,
528,2025-05-15 21:15:37.814453,41.0576212,1.9623208,4.334129810333252,97.43528496325152,23.670000000000016,49.0,1011.0,,11.3,352.0,347.08058293052596,7.0339607011739576,,84.51586789377745,4.224413397106607,,,,,,,,,,,,,,,,
529,2025-05-15 21:15:42.813882,41.0575108,1.9621845,4.6384053230285645,97.32357038918678,23.670000000000016,49.0,1011.0,,10.9,354.0,349.5901543750761,6.305671946572109,,86.9137247642629,4.562059194404391,,,,,,,,,,,,,,,,
530,2025-05-15 21:15:47.814452,41.0573314,1.9619609,4.271724224090576,98.0265334585645,23.670000000000016,49.0,1011.0,,10.5,352.0,345.76295434787363,5.941905892380076,,83.08652473706042,4.495943843028237,,,,,,,,,,,,,,,,
531,2025-05-15 21:15:52.813829,41.0572031,1.9617994,4.316259384155273,98.7975115516972,23.670000000000016,49.0,1011.0,,9.8,352.0,345.79570541683995,5.5583018736319385,,84.59321696853715,4.184298214436259,,,,,,,,,,,,,,,,
532,2025-05-15 21:15:57.813905,41.0571236,1.9617076,4.309600830078125,97.59196950281161,23.670000000000016,49.0,1011.0,,9.2,357.0,354.36254871392697,4.901497460093548,,91.95451821673856,4.28875702541773,,,,,,,,,,,,,,,,
533,2025-05-15 21:16:02.814630,41.0570035,1.9615665,4.229672431945801,96.86021035589313,23.670000000000016,49.0,1011.0,,9.2,358.0,356.23938364412874,4.895335475842399,,93.83135314694033,4.3003213438710715,,,,,,,,,,,,,,,,
534,2025-05-15 21:16:07.814224,41.0569115,1.9614301,3.539677143096924,96.88500394258027,23.670000000000016,49.0,1011.0,,9.2,354.0,350.2728128162643,5.6917522894644215,,87.1578167588446,3.4887886522684677,,,,,,,,,,,,,,,,
535,2025-05-15 21:16:12.814071,41.0567385,1.9611903,4.628518581390381,98.0536629699478,23.670000000000016,49.0,1011.0,,9.5,353.0,346.4411103927185,4.938302992815215,,84.49477336266625,4.499519304256137,,,,,,,,,,,,,,,,
536,2025-05-15 21:16:17.814172,41.05654,1.9609786,4.511582851409912,97.9981540225631,23.670000000000016,49.0,1011.0,,9.8,355.0,350.554747094386,5.204751013313865,,88.60841006433384,4.565769093426022,,,,,,,,,,,,,,,,
537,2025-05-15 21:16:22.813432,41.0563755,1.9608314,4.231075286865234,98.12070127665147,23.670000000000016,49.0,1011.0,,8.9,355.0,350.4994770387879,4.699515635965371,,88.62017831543938,4.1730422603581365,,,,,,,,,,,,,,,,
538,2025-05-15 21:16:27.814431,41.0562269,1.9606756,4.229998588562012,97.93087665923848,23.670000000000016,49.0,1011.0,,8.9,0.0,0.0,8.9,,98.12070127665147,4.231075286865234,,,,,,,,,,,,,,,,
539,2025-05-15 21:16:32.814261,41.0561098,1.9605382,4.468972206115723,96.8580520161154,23.670000000000016,49.0,1011.0,,9.4,358.0,356.1893784147941,4.93621472323907,,93.04743043090946,4.459092046765344,,,,,,,,,,,,,,,,
540,2025-05-15 21:16:37.814113,41.055968,1.9603524,4.151062965393066,97.98109904020558,23.670000000000016,49.0,1011.0,,9.3,349.0,340.38046490658166,5.28489484737868,,78.36156394678721,3.9100648076273172,,,,,,,,,,,,,,,,
541,2025-05-15 21:16:42.813833,41.0558385,1.9601665,4.506937503814697,98.06302715929988,23.670000000000016,49.0,1011.0,,9.4,356.0,352.3319041346117,4.914108225152682,,90.39493129391155,4.466634908801862,,,,,,,,,,,,,,,,
542,2025-05-15 21:16:47.814175,41.0556547,1.9599217,4.518619060516357,97.67524999936157,23.670000000000016,49.0,1011.0,,10.1,351.0,343.8525554281046,5.681159521477088,,81.5278054274662,4.340355880787349,,,,,,,,,,,,,,,,
543,2025-05-15 21:16:52.814226,41.0555225,1.9597838,4.2888407707214355,97.65535365830932,23.670000000000016,49.0,1011.0,,10.2,350.0,342.8966029728024,6.022541726779418,,80.5519566311117,4.099169273751249,,,,,,,,,,,,,,,,
544,2025-05-15 21:16:57.814148,41.0553359,1.959597,4.576816082000732,97.32834469141663,23.670000000000016,49.0,1011.0,,10.5,351.0,344.8864522018213,6.299790207179863,,82.54180586013064,4.140494085776216,,,,,,,,,,,,,,,,
545,2025-05-15 21:17:02.814033,41.0552136,1.9594661,4.511735916137695,97.49248779755037,23.670000000000016,49.0,1011.0,,9.9,358.0,356.3270164184177,5.393311478512868,,93.8195042159681,4.502468521636893,,,,,,,,,,,,,,,,
546,2025-05-15 21:17:07.814131,41.0550659,1.9593101,4.33317232131958,98.35990133157448,23.670000000000016,49.0,1011.0,,9.5,355.0,350.83274473294625,5.197056841168583,,89.19264606452072,4.277826776031046,,,,,,,,,,,,,,,,
547,2025-05-15 21:17:12.814602,41.0549014,1.9591281,4.399693489074707,98.1634241099099,23.670000000000016,49.0,1011.0,,9.3,355.0,350.66612145903986,4.997606739961027,,89.02602279061432,4.2758010714123715,,,,,,,,,,,,,,,,
548,2025-05-15 21:17:17.814124,41.0547585,1.958955,4.250580310821533,97.12727075244062,23.670000000000016,49.0,1011.0,,8.8,5.0,9.961595982474776,4.433662080246355,,108.12502009238467,4.333363376020316,,,,,,,,,,,,,,,,
549,2025-05-15 21:17:22.813853,41.0546441,1.9588011,4.279764175415039,96.97204104317375,23.670000000000016,49.0,1011.0,,9.3,355.0,350.8172301108933,5.079122895432563,,87.94450086333393,4.196106149811821,,,,,,,,,,,,,,,,
550,2025-05-15 21:17:27.813831,41.0545158,1.9586435,4.2300639152526855,97.41109243321134,23.670000000000016,49.0,1011.0,,8.9,5.0,9.599513220037965,4.651501501872929,,106.57155426321171,4.219836580198999,,,,,,,,,,,,,,,,
551,2025-05-15 21:17:32.814210,41.0543973,1.9585158,4.349510669708252,98.18753467768005,23.670000000000016,49.0,1011.0,,8.4,1.0,2.0734677878291334,4.05186290497573,,100.26100246550918,4.346662851070319,,,,,,,,,,,,,,,,
552,2025-05-15 21:17:37.814631,41.0542064,1.9583164,4.230288505554199,97.91000360113492,23.670000000000016,49.0,1011.0,,8.1,1.0,2.159296280097802,3.7519197661487764,,100.34683095777785,4.346422236522697,,,,,,,,,,,,,,,,
553,2025-05-15 21:17:42.814007,41.0540722,1.9581964,4.598469257354736,97.2317316656068,23.670000000000016,49.0,1011.0,,8.4,0.0,0.0,8.4,,97.2317316656068,4.598469257354736,,,,,,,,,,,,,,,,
554,2025-05-15 21:17:47.814172,41.0538723,1.9580041,4.272246837615967,97.70035777475054,23.670000000000016,49.0,1011.0,,8.7,358.0,356.07249435647464,4.432863884300929,,93.77285213122519,4.2622135179434535,,,,,,,,,,,,,,,,
555,2025-05-15 21:17:52.813861,41.0537511,1.9578869,4.170374393463135,97.97631790778657,23.670000000000016,49.0,1011.0,,9.5,357.0,354.6574246225526,5.339803443575414,,92.63374253033913,4.152257388395081,,,,,,,,,,,,,,,,
556,2025-05-15 21:17:57.814477,41.0535791,1.9577086,4.279606819152832,97.47222945647212,23.670000000000016,49.0,1011.0,,9.0,3.0,5.713216325478283,4.731562397893925,,103.1854457819504,4.258348443870639,,,,,,,,,,,,,,,,
557,2025-05-15 21:18:02.814019,41.0534652,1.9575739,4.419394016265869,97.73016472028847,23.670000000000016,49.0,1011.0,,8.8,354.0,348.01302448019675,4.428973139965304,,85.74318920048523,4.323028413619981,,,,,,,,,,,,,,,,
558,2025-05-15 21:18:07.813993,41.0533175,1.9573911,4.35024356842041,97.64266316683144,23.670000000000016,49.0,1011.0,,8.5,356.0,351.8282134567351,4.171405879457107,,89.47087662356654,4.306072691363549,,,,,,,,,,,,,,,,
559,2025-05-15 21:18:12.814810,41.0531692,1.9572158,4.3181610107421875,97.42027220745582,23.670000000000016,49.0,1011.0,,8.6,356.0,351.9858031440235,4.302913999702221,,89.40607535147933,4.275987923418771,,,,,,,,,,,,,,,,
560,2025-05-15 21:18:17.813674,41.0529899,1.9570114,4.313098907470703,97.65159705426582,23.670000000000016,49.0,1011.0,,8.6,355.0,350.00766148297635,4.319701198622646,,87.65925853724218,4.247673355357779,,,,,,,,,,,,,,,,
561,2025-05-15 21:18:22.814930,41.0528705,1.9568804,4.279143810272217,97.7967385741286,23.670000000000016,49.0,1011.0,,8.7,355.0,350.19544895710897,4.452785780128528,,87.99218753123756,4.216644242675651,,,,,,,,,,,,,,,,
562,2025-05-15 21:18:27.814097,41.0527194,1.9567195,4.459403991699219,97.23527653378603,23.670000000000016,49.0,1011.0,,9.2,353.0,346.50527537986807,4.80467078816049,,83.74055191365409,4.336286136283604,,,,,,,,,,,,,,,,
563,2025-05-15 21:18:32.813889,41.0525644,1.9565498,4.230732440948486,97.62411920323486,23.670000000000016,49.0,1011.0,,9.4,355.0,350.9325306152701,5.1984605725736115,,88.55664981850492,4.177862857869007,,,,,,,,,,,,,,,,
564,2025-05-15 21:18:37.814133,41.052414,1.9564063,4.100397109985352,97.53568191386154,23.670000000000016,49.0,1011.0,,9.3,347.0,337.13594532417727,5.3842918180876955,,74.67162723803881,3.778226230366899,,,,,,,,,,,,,,,,
565,2025-05-15 21:18:42.813955,41.0522312,1.9562312,4.21962833404541,97.4613011538001,23.670000000000016,49.0,1011.0,,9.2,356.0,352.6246300726087,4.999323143971782,,90.08593122640877,4.184716972648755,,,,,,,,,,,,,,,,
566,2025-05-15 21:18:47.814228,41.0520836,1.9560678,4.249915599822998,97.76871430796403,23.670000000000016,49.0,1011.0,,9.2,349.0,339.9552424299686,5.121580688163728,,77.41654358376871,3.9640250197549367,,,,,,,,,,,,,,,,
567,2025-05-15 21:18:52.814172,41.0519659,1.9559356,4.1603779792785645,97.75210328790256,23.670000000000016,49.0,1011.0,,9.2,352.0,345.4976928322338,5.113000952650339,,83.24979612013635,4.027818174606473,,,,,,,,,,,,,,,,
568,2025-05-15 21:18:57.813689,41.0518187,1.9557775,4.3157877922058105,97.36660058095786,23.670000000000016,49.0,1011.0,,8.9,352.0,344.6024190458,4.66504217325205,,81.96901962675787,4.160879560426808,,,,,,,,,,,,,,,,
569,2025-05-15 21:19:02.814498,41.051669,1.9556192,4.269364356994629,97.79691615904702,23.670000000000016,49.0,1011.0,,8.7,355.0,350.2168310381111,4.462422709122639,,88.01374719715807,4.207278646593399,,,,,,,,,,,,,,,,
570,2025-05-15 21:19:07.814246,41.0515148,1.9554555,4.448002338409424,97.32044899273609,23.670000000000016,49.0,1011.0,,8.5,354.0,347.49306506235536,4.102793880654863,,84.81351405509145,4.342450365149445,,,,,,,,,,,,,,,,
571,2025-05-15 21:19:12.814125,41.0513471,1.9552727,4.420172691345215,97.34628759836625,23.670000000000016,49.0,1011.0,,9.0,351.0,342.51361164995114,4.685549281509837,,79.85989924831739,4.215909270780078,,,,,,,,,,,,,,,,
572,2025-05-15 21:19:17.814393,41.0511851,1.9551002,4.439977169036865,97.24031038320433,23.670000000000016,49.0,1011.0,,10.6,351.0,344.62297540409736,6.253378862295373,,81.86328578730172,4.281034039522076,,,,,,,,,,,,,,,,
573,2025-05-15 21:19:22.814213,41.0510332,1.9549391,4.160848140716553,97.4104640558077,23.670000000000016,49.0,1011.0,,10.3,353.0,348.3018463019936,6.190967676517293,,85.71231035780124,4.074424598400902,,,,,,,,,,,,,,,,
574,2025-05-15 21:19:27.814147,41.0508908,1.9547796,4.435433387756348,97.4751049661127,23.670000000000016,49.0,1011.0,,10.7,353.0,348.09416370641304,6.320783279294843,,85.56926867252571,4.340018236243322,,,,,,,,,,,,,,,,
575,2025-05-15 21:19:32.814028,41.0507015,1.9545858,4.328375816345215,97.3478926928212,23.670000000000016,49.0,1011.0,,10.2,354.0,349.42096588783454,5.807400683435923,,86.89607085394721,4.360042532388408,,,,,,,,,,,,,,,,
576,2025-05-15 21:19:37.813979,41.0505814,1.9544656,4.077752590179443,97.9624594539606,23.670000000000016,49.0,1011.0,,10.0,353.0,348.2277601903303,5.973350263642218,,86.19021964429089,3.991982583995606,,,,,,,,,,,,,,,,
577,2025-05-15 21:19:42.814129,41.0504115,1.9542915,4.269559383392334,97.57118523716726,23.670000000000016,49.0,1011.0,,9.8,353.0,348.0626519577342,5.774067580869284,,86.02511141169481,3.989568596104236,,,,,,,,,,,,,,,,
578,2025-05-15 21:19:47.814185,41.0502724,1.9541147,4.409060955047607,97.5962315408537,23.670000000000016,49.0,1011.0,,10.5,357.0,354.8325614707132,6.101346589909958,,92.42879301156688,4.391141405823527,,,,,,,,,,,,,,,,
579,2025-05-15 21:19:52.813531,41.0501311,1.9539513,4.340174674987793,96.79278272840676,23.670000000000016,49.0,1011.0,,10.7,352.0,346.6100912164802,6.430495889946506,,83.402873944887,4.222194316683351,,,,,,,,,,,,,,,,
580,2025-05-15 21:19:57.813866,41.0499807,1.9537931,4.489040374755859,96.98478617616499,23.670000000000016,49.0,1011.0,,10.6,352.0,346.5250807697793,6.330945006023916,,83.31786349818606,4.220698416306338,,,,,,,,,,,,,,,,
581,2025-05-15 21:20:02.813989,41.0498291,1.9536394,4.180944919586182,97.82657967061238,23.670000000000016,49.0,1011.0,,10.8,350.0,343.7995447823007,6.72189540467146,,81.62612445291307,4.014925738842361,,,,,,,,,,,,,,,,
582,2025-05-15 21:20:07.814263,41.0497079,1.9535314,4.080389499664307,97.73936498510048,23.670000000000016,49.0,1011.0,,10.4,349.0,342.0580933484524,6.441802265587858,,79.79745833355287,3.8819574895421196,,,,,,,,,,,,,,,,
583,2025-05-15 21:20:12.813860,41.0495285,1.9533736,4.269416809082031,97.31223227516456,23.670000000000016,49.0,1011.0,,11.0,350.0,344.2049789251331,7.017463626427433,,81.94434391023356,3.926320727568253,,,,,,,,,,,,,,,,
584,2025-05-15 21:20:17.814041,41.0493745,1.9532024,4.448954105377197,97.39141465821253,23.670000000000016,49.0,1011.0,,10.6,354.0,349.6934465052149,6.192903077142822,,87.08486116342743,4.377168362723227,,,,,,,,,,,,,,,,
585,2025-05-15 21:20:22.814121,41.0492517,1.9530592,4.410189628601074,97.80977740525415,23.670000000000016,49.0,1011.0,,10.6,354.0,349.7572202388701,6.231045932648851,,87.56699764412429,4.339904938079001,,,,,,,,,,,,,,,,
586,2025-05-15 21:20:27.814020,41.049099,1.9528999,4.320209980010986,97.53068904557826,23.670000000000016,49.0,1011.0,,10.3,354.0,349.698265753232,6.02041691800258,,87.22895479881026,4.250566576959096,,,,,,,,,,,,,,,,
587,2025-05-15 21:20:32.814090,41.0489453,1.952755,4.090737819671631,97.72819079561835,23.670000000000016,49.0,1011.0,,10.6,355.0,351.87234027932567,6.534562247909038,,89.600531074944,4.049648492968694,,,,,,,,,,,,,,,,
588,2025-05-15 21:20:37.814283,41.0487927,1.9526193,4.099967956542969,98.15325395823575,23.670000000000016,49.0,1011.0,,11.0,355.0,352.0421164779862,6.924859402925598,,90.19537043622199,4.060485688797813,,,,,,,,,,,,,,,,
589,2025-05-15 21:20:42.814001,41.0486409,1.9524722,4.343800067901611,97.80317944251591,23.670000000000016,49.0,1011.0,,10.7,352.0,346.60260665914114,6.426969102085123,,84.40578610165704,4.2255897195242,,,,,,,,,,,,,,,,
590,2025-05-15 21:20:47.813891,41.0484934,1.9523047,4.153834819793701,97.47309006030754,23.670000000000016,49.0,1011.0,,11.2,352.0,347.3363146888857,7.110130803935577,,84.80940474919322,4.052787341752916,,,,,,,,,,,,,,,,
591,2025-05-15 21:20:52.813859,41.0483549,1.9521389,4.373842716217041,97.38779465795241,23.670000000000016,49.0,1011.0,,10.7,352.0,346.540266675366,6.397747808679036,,83.9280613333184,4.253709625479559,,,,,,,,,,,,,,,,
592,2025-05-15 21:20:57.814529,41.0482071,1.9519667,4.379970073699951,97.43285341590699,23.670000000000016,49.0,1011.0,,10.9,349.0,341.78376381454785,6.653201354928929,,79.21661723045486,4.160461327632238,,,,,,,,,,,,,,,,
593,2025-05-15 21:21:02.813848,41.0480627,1.9517985,4.310081481933594,97.95087545312828,23.670000000000016,49.0,1011.0,,10.9,349.0,341.9700494904426,6.719622891809179,,79.92092494357087,4.09843429443832,,,,,,,,,,,,,,,,
594,2025-05-15 21:21:07.814058,41.0479191,1.9516418,4.309945106506348,98.41296507123631,23.670000000000016,49.0,1011.0,,10.8,354.0,350.0434885548255,6.529226267634661,,88.45645362606183,4.2450341933864,,,,,,,,,,,,,,,,
595,2025-05-15 21:21:12.813873,41.0477708,1.9514935,4.257109642028809,97.88802405238582,23.670000000000016,49.0,1011.0,,10.4,355.0,351.55259425767935,6.170255535137934,,89.44061831006513,4.21092480132458,,,,,,,,,,,,,,,,
596,2025-05-15 21:21:17.813989,41.0476251,1.9513489,4.125284194946289,97.56043451941366,23.670000000000016,49.0,1011.0,,11.1,352.0,347.32107892547356,7.0383182342271615,,84.88151344488722,4.024690619213822,,,,,,,,,,,,,,,,
597,2025-05-15 21:21:22.814017,41.047483,1.9512066,4.2513532638549805,98.02674519442877,23.670000000000016,49.0,1011.0,,11.2,353.0,348.755052290528,6.999537397343654,,86.78179748495677,4.169737822334447,,,,,,,,,,,,,,,,
598,2025-05-15 21:21:27.814213,41.0473397,1.9510517,4.170249938964844,98.05410010205468,23.670000000000016,49.0,1011.0,,11.1,355.0,352.00446906221543,6.955122503704806,,90.05856916427012,4.129710610734979,,,,,,,,,,,,,,,,
599,2025-05-15 21:21:32.814374,41.0471601,1.9508717,4.378520965576172,98.22387128406451,23.670000000000016,49.0,1011.0,,11.0,352.0,346.77533562154673,6.691893366934866,,84.99920690561123,4.262404837579798,,,,,,,,,,,,,,,,
600,2025-05-15 21:21:37.814136,41.0470351,1.9507424,4.160986423492432,96.90264632120642,23.670000000000016,49.0,1011.0,,10.5,356.0,353.38250644837046,6.3557806879161785,,90.28515276957688,4.133264378561311,,,,,,,,,,,,,,,,
601,2025-05-15 21:21:42.814220,41.0468933,1.9505746,4.289893627166748,97.40092228153718,23.670000000000016,49.0,1011.0,,10.2,356.0,353.1065116587038,5.928114087097203,,90.50743394024101,4.258881939186753,,,,,,,,,,,,,,,,
602,2025-05-15 21:21:47.813697,41.0467441,1.9503963,4.120631217956543,97.92111631891453,23.670000000000016,49.0,1011.0,,10.0,358.0,356.59943603551613,5.883636700146582,,94.52055235443066,4.1133757923125716,,,,,,,,,,,,,,,,
603,2025-05-15 21:21:52.814215,41.0466008,1.9502314,4.229645252227783,98.02512643959548,23.670000000000016,49.0,1011.0,,10.1,358.0,356.56020921780186,5.874786114739953,,94.58533565739731,4.222025123765684,,,,,,,,,,,,,,,,
604,2025-05-15 21:21:57.813885,41.046457,1.9500743,4.251461982727051,97.92360933796158,23.670000000000016,49.0,1011.0,,10.2,358.0,356.5717940109657,5.952977239048906,,94.49540334892725,4.2438540390644945,,,,,,,,,,,,,,,,
605,2025-05-15 21:22:02.814183,41.0462728,1.9498944,4.265607833862305,97.4700233053702,23.670000000000016,49.0,1011.0,,9.8,354.0,349.43984688079945,5.58952209220746,,87.36345621876103,4.179455150136037,,,,,,,,,,,,,,,,
606,2025-05-15 21:22:07.814135,41.0461529,1.9497734,4.163822650909424,97.84919442695428,23.670000000000016,49.0,1011.0,,9.6,356.0,352.94729399286445,5.454059692989614,,90.79648841981873,4.132317606921096,,,,,,,,,,,,,,,,
607,2025-05-15 21:22:12.813974,41.045982,1.9496089,4.0540690422058105,97.6882751701088,23.670000000000016,49.0,1011.0,,9.7,359.0,358.2821010676497,5.646991676512137,,95.9703762377585,4.052246915538142,,,,,,,,,,,,,,,,
608,2025-05-15 21:22:17.814331,41.0458393,1.9494746,4.201789379119873,98.05969402698491,23.670000000000016,49.0,1011.0,,9.5,353.0,347.84464330993677,5.498391937531285,,85.53291848004557,3.9631778524947303,,,,,,,,,,,,,,,,
609,2025-05-15 21:22:22.814292,41.0457182,1.9493449,4.272092342376709,98.09107191603195,23.670000000000016,49.0,1011.0,,9.6,355.0,351.0145419994118,5.357119258528792,,89.10561391544377,4.2196652796302985,,,,,,,,,,,,,,,,
610,2025-05-15 21:22:27.815802,41.0455294,1.9491384,4.369441986083984,97.9529859815818,23.670000000000016,49.0,1011.0,,10.3,354.0,349.61379685414545,5.971985040193322,,87.56678283572728,4.297848292022106,,,,,,,,,,,,,,,,
611,2025-05-15 21:22:32.813865,41.0453718,1.9489428,4.380210876464844,97.04807470901433,23.670000000000016,49.0,1011.0,,10.1,353.0,347.7209774798684,5.787675884323398,,85.67396346145017,4.269484468034049,,,,,,,,,,,,,,,,
612,2025-05-15 21:22:37.814154,41.0452171,1.9487807,4.2704386711120605,97.626776146822,23.670000000000016,49.0,1011.0,,9.6,357.0,354.4881867677713,5.230817783887463,,91.53626147678563,4.359958602454615,,,,,,,,,,,,,,,,
613,2025-05-15 21:22:42.814407,41.0450739,1.9486381,4.289909839630127,98.41687193944156,23.670000000000016,49.0,1011.0,,9.5,358.0,356.368392764019,5.234284953443617,,93.99516891084102,4.261863366176898,,,,,,,,,,,,,,,,
614,2025-05-15 21:22:47.814433,41.0449596,1.9485203,4.132320404052734,97.52752666799255,23.670000000000016,49.0,1011.0,,9.3,358.0,356.4022232250422,5.172207860094897,,93.92974989303474,4.124176278700375,,,,,,,,,,,,,,,,
615,2025-05-15 21:22:52.814057,41.0448182,1.9483632,4.380065441131592,97.91127401632053,23.670000000000016,49.0,1011.0,,9.9,352.0,345.7460531806009,5.595862949594454,,83.65732719692141,4.245220532447452,,,,,,,,,,,,,,,,
616,2025-05-15 21:22:57.814346,41.0446426,1.9481565,4.1937737464904785,97.94171616945128,23.670000000000016,49.0,1011.0,,9.6,355.0,350.83051804860156,5.250498285819378,,88.7417920649221,4.32409382978466,,,,,,,,,,,,,,,,
617,2025-05-15 21:23:02.813865,41.0444919,1.9479907,4.131468772888184,98.48436786881963,23.670000000000016,49.0,1011.0,,9.5,357.0,354.63394459142205,5.316506188804973,,92.57566076087335,4.175394717035451,,,,,,,,,,,,,,,,
618,2025-05-15 21:23:07.814061,41.0443398,1.9478346,4.10420560836792,97.86345586194128,23.670000000000016,49.0,1011.0,,8.9,355.0,350.7481595710571,4.824690626799217,,88.6116154329984,4.050814829742661,,,,,,,,,,,,,,,,
619,2025-05-15 21:23:12.814391,41.0441889,1.9476707,4.312981605529785,97.69960645394184,23.670000000000016,49.0,1011.0,,8.8,357.0,354.3841006131642,4.706323318755184,,92.24755647510551,4.084506581854529,,,,,,,,,,,,,,,,
620,2025-05-15 21:23:17.813879,41.0440668,1.9475272,4.277959823608398,97.60072580532757,23.670000000000016,49.0,1011.0,,8.9,358.0,356.15094777369427,4.627055489655773,,93.75167357902183,4.2683103035552525,,,,,,,,,,,,,,,,
621,2025-05-15 21:23:22.816582,41.043921,1.9473509,4.276983261108398,97.87457540991005,23.670000000000016,49.0,1011.0,,9.1,356.0,352.4678581116408,4.842634351221115,,90.34243352155084,4.240079236440457,,,,,,,,,,,,,,,,
622,2025-05-15 21:23:27.814568,41.0437401,1.9471625,4.188828468322754,97.45351473814628,23.670000000000016,49.0,1011.0,,8.9,354.0,348.5040981695985,4.667904618598623,,86.37867357950853,4.191182538302492,,,,,,,,,,,,,,,,
623,2025-05-15 21:23:32.814283,41.0436297,1.9470518,4.101186752319336,98.08067636811519,23.670000000000016,49.0,1011.0,,8.7,356.0,352.44801080860356,4.617674116113842,,90.52868717671873,4.065613124250896,,,,,,,,,,,,,,,,
624,2025-05-15 21:23:37.814359,41.0434657,1.9468835,4.170506477355957,98.37365050237372,23.670000000000016,49.0,1011.0,,8.6,356.0,352.2509044522822,4.449174097163211,,90.62455495465593,4.132421520536755,,,,,,,,,,,,,,,,
625,2025-05-15 21:23:42.814149,41.0433214,1.9467257,4.219759464263916,97.54105044254916,23.670000000000016,49.0,1011.0,,9.1,350.0,341.7469470503414,5.045101269856778,,80.12059755271514,3.9606567600531193,,,,,,,,,,,,,,,,
626,2025-05-15 21:23:47.813910,41.0431677,1.9465546,4.220973968505859,97.74745192907778,23.670000000000016,49.0,1011.0,,9.3,5.0,9.129777088622543,5.10835199669328,,106.87722901770033,4.16750046420423,,,,,,,,,,,,,,,,
627,2025-05-15 21:23:52.813728,41.0430412,1.9464159,4.470095157623291,97.918001752653,23.670000000000016,49.0,1011.0,,8.7,6.0,12.267571351191268,4.2799743069251965,,110.18557310384426,4.368024961429572,,,,,,,,,,,,,,,,
628,2025-05-15 21:23:57.813893,41.0428541,1.9461961,3.775264263153076,97.60116976762362,23.670000000000016,49.0,1011.0,,8.6,0.0,0.0,8.6,,97.918001752653,4.470095157623291,,,,,,,,,,,,,,,,
629,2025-05-15 21:24:02.813820,41.0427422,1.9460751,4.347965717315674,98.50162775685224,23.670000000000016,49.0,1011.0,,8.8,354.0,348.20195609203034,4.49886839218106,,86.7035838488826,4.256112201174677,,,,,,,,,,,,,,,,
630,2025-05-15 21:24:07.814124,41.0425639,1.9458591,4.429745674133301,97.91975028108052,23.670000000000016,49.0,1011.0,,8.3,357.0,353.7095441848957,3.9645289742309364,,92.21117194174798,4.321787576313302,,,,,,,,,,,,,,,,
631,2025-05-15 21:24:12.813845,41.0424133,1.9456844,4.1816301345825195,97.74665279694489,23.670000000000016,49.0,1011.0,,8.7,355.0,349.85408289979284,4.30445994867957,,87.77383318087334,4.360474747154511,,,,,,,,,,,,,,,,
632,2025-05-15 21:24:17.814342,41.0422704,1.9455045,3.9910902976989746,97.89625443033567,23.670000000000016,49.0,1011.0,,7.8,358.0,355.90703331396423,3.813885268923618,,93.8032877442999,3.9809112296225684,,,,,,,,,,,,,,,,
633,2025-05-15 21:24:22.814146,41.0421255,1.94533,4.23850154876709,97.7221187574462,23.670000000000016,49.0,1011.0,,8.2,4.0,7.775702683574052,4.22780832657446,,105.67195711390973,3.9543934358600183,,,,,,,,,,,,,,,,
634,2025-05-15 21:24:27.814087,41.0419584,1.945148,4.240395545959473,97.98732134253946,23.670000000000016,49.0,1011.0,,8.6,358.0,356.0569798717887,4.364697115182588,,94.04430121432819,4.230358227844559,,,,,,,,,,,,,,,,
635,2025-05-15 21:24:32.814713,41.0418017,1.9449907,3.793480157852173,98.30273264822148,23.670000000000016,49.0,1011.0,,9.1,356.0,353.1501552393886,5.322342911406339,,91.45288788761007,3.7664027753137215,,,,,,,,,,,,,,,,
636,2025-05-15 21:24:37.814195,41.0416919,1.9448926,4.108312606811523,97.50604572305285,23.670000000000016,49.0,1011.0,,9.6,1.0,1.747930899753241,5.492781096126033,,99.25397662280609,4.106400980240238,,,,,,,,,,,,,,,,
637,2025-05-15 21:24:42.814051,41.0415227,1.9447375,3.960940361022949,98.20775203762328,23.670000000000016,49.0,1011.0,,9.1,1.0,1.770575917593489,5.140127770229404,,99.97832795521677,3.9590492475559063,,,,,,,,,,,,,,,,
638,2025-05-15 21:24:47.814158,41.0413815,1.9446004,4.31380558013916,98.08515697221073,23.670000000000016,49.0,1011.0,,9.4,2.0,3.6945657543133725,5.091048745410349,,101.7797227265241,4.304840346316796,,,,,,,,,,,,,,,,
639,2025-05-15 21:24:52.814365,41.0412256,1.9443952,4.672516345977783,97.68895135883662,23.670000000000016,49.0,1011.0,,9.1,5.0,9.476278069493608,4.817303818333986,,107.56143504170433,4.2549387462967445,,,,,,,,,,,,,,,,
640,2025-05-15 21:24:57.814202,41.0410701,1.9441761,4.466679096221924,97.15075294280713,23.670000000000016,49.0,1011.0,,9.4,1.0,1.9051640974119386,4.934616978109274,,99.05591704021907,4.464210021383563,,,,,,,,,,,,,,,,
641,2025-05-15 21:25:02.814433,41.0409187,1.9439966,4.363640308380127,97.91586390344278,23.670000000000016,49.0,1011.0,,8.9,359.0,357.9927850649636,4.4346864060499716,,95.1435380077707,4.463938450907717,,,,,,,,,,,,,,,,
642,2025-05-15 21:25:07.814145,41.0407641,1.9438318,4.28908634185791,98.14130795737739,23.670000000000016,49.0,1011.0,,9.0,358.0,356.1197796136516,4.641516885891284,,94.0356435170944,4.35363753387546,,,,,,,,,,,,,,,,
643,2025-05-15 21:25:12.814221,41.0406211,1.9436905,4.053836822509766,97.72023362523528,23.670000000000016,49.0,1011.0,,9.1,357.0,354.5951126085177,5.056172021096509,,92.31534623375296,4.035813194177465,,,,,,,,,,,,,,,,
644,2025-05-15 21:25:17.814461,41.0404735,1.9435654,4.170443534851074,97.82282306656887,23.670000000000016,49.0,1011.0,,9.2,358.0,356.42599220059395,5.1505760868085035,,94.14622582582922,4.045952558317162,,,,,,,,,,,,,,,,
645,2025-05-15 21:25:22.814779,41.0403264,1.9434287,4.190798282623291,97.79241506438397,23.670000000000016,49.0,1011.0,,8.8,357.0,354.30406663088564,4.64040784279122,,92.12688969745454,4.149852456935504,,,,,,,,,,,,,,,,
646,2025-05-15 21:25:27.814533,41.040181,1.9432641,4.149818420410156,97.97853088907765,23.670000000000016,49.0,1011.0,,8.8,358.0,356.2171092001336,4.654963025727049,,94.19564008921128,4.140776854045638,,,,,,,,,,,,,,,,
647,2025-05-15 21:25:32.814326,41.0400347,1.9431014,4.103310585021973,98.29621664775328,23.670000000000016,49.0,1011.0,,8.7,358.0,356.1779742202005,4.5550124987223315,,94.15650510927816,4.140588881445201,,,,,,,,,,,,,,,,
648,2025-05-15 21:25:37.814225,41.0398822,1.942935,4.276826858520508,98.33020366906327,23.670000000000016,49.0,1011.0,,9.8,355.0,351.15036431001533,5.551974788480053,,89.48056797907861,4.225913279332982,,,,,,,,,,,,,,,,
649,2025-05-15 21:25:42.815088,41.0397287,1.9427438,4.309873580932617,97.3497368438971,23.670000000000016,49.0,1011.0,,9.8,357.0,354.64985670245017,5.50065960805222,,91.99959354634728,4.291097518888197,,,,,,,,,,,,,,,,
650,2025-05-15 21:25:47.814267,41.0395928,1.9425369,4.5888752937316895,97.14235864031718,23.670000000000016,49.0,1011.0,,9.8,355.0,351.0975879041956,5.519323812978708,,88.44732474809274,4.257954049854741,,,,,,,,,,,,,,,,
651,2025-05-15 21:25:52.814101,41.0394465,1.9423567,4.291203498840332,97.70979026599433,23.670000000000016,49.0,1011.0,,10.8,354.0,350.07184411442154,6.5476864148783225,,87.78163438041588,4.2269415207621,,,,,,,,,,,,,,,,
652,2025-05-15 21:25:57.815068,41.0393331,1.9422358,4.230207920074463,98.12316014475267,23.670000000000016,49.0,1011.0,,10.8,357.0,355.0716502829594,6.5793153744790285,,93.19481042771207,4.214568461879938,,,,,,,,,,,,,,,,
653,2025-05-15 21:26:02.814312,41.03916,1.9420679,4.1277756690979,98.13409527761387,23.670000000000016,49.0,1011.0,,10.2,354.0,349.7802094337259,6.009255970432954,,87.90336957847853,4.163093058519694,,,,,,,,,,,,,,,,
654,2025-05-15 21:26:07.814500,41.0390066,1.9419291,4.088899612426758,97.28248680132916,23.670000000000016,49.0,1011.0,,9.7,356.0,353.0951547983307,5.628292674161949,,90.37764159965991,4.059243555620032,,,,,,,,,,,,,,,,
655,2025-05-15 21:26:12.814147,41.0388582,1.9417751,4.269118785858154,97.59754293717434,23.670000000000016,49.0,1011.0,,10.3,358.0,356.68438375036783,6.215229639854097,,93.96687055169696,4.0820551631753075,,,,,,,,,,,,,,,,
656,2025-05-15 21:26:17.814525,41.0387058,1.9416056,4.2387542724609375,97.76426785481435,23.670000000000016,49.0,1011.0,,11.0,355.0,351.84355401594013,6.75737805719498,,89.44109695311448,4.225933942201277,,,,,,,,,,,,,,,,
657,2025-05-15 21:26:22.814583,41.0385579,1.9414252,4.322768211364746,97.71094456796406,23.670000000000016,49.0,1011.0,,10.6,352.0,346.7356798493342,6.429616942586432,,84.49994770414855,4.125672544961769,,,,,,,,,,,,,,,,
658,2025-05-15 21:26:27.814311,41.0384376,1.9412805,4.333205223083496,97.97972617218241,23.670000000000016,49.0,1011.0,,10.7,352.0,346.6244564848183,6.437276091334689,,84.6041826570007,4.215665776059597,,,,,,,,,,,,,,,,
659,2025-05-15 21:26:32.815109,41.0382858,1.9411135,4.291289806365967,97.51146889325383,23.670000000000016,49.0,1011.0,,11.0,353.0,348.56359671351845,6.76095393999429,,86.07506560677228,4.206087936985912,,,,,,,,,,,,,,,,
660,2025-05-15 21:26:37.814151,41.0381275,1.9409626,4.47416353225708,98.07506878280661,23.670000000000016,49.0,1011.0,,10.5,353.0,347.8578300098513,6.083670734228561,,85.93289879265791,4.3740706400064635,,,,,,,,,,,,,,,,
661,2025-05-15 21:26:42.813967,41.0379659,1.9407934,4.401214122772217,97.31357099224189,23.670000000000016,49.0,1011.0,,11.4,354.0,350.2520535224621,7.037948483530252,,87.56562451470404,4.3376699567753985,,,,,,,,,,,,,,,,
662,2025-05-15 21:26:47.814109,41.0378251,1.9406126,4.041344165802002,97.47152594698761,23.670000000000016,49.0,1011.0,,11.1,353.0,349.0255766648337,7.10586837505937,,86.49710261182133,3.96743712336195,,,,,,,,,,,,,,,,
663,2025-05-15 21:26:52.814304,41.0376973,1.9404383,4.179981231689453,97.66929407440533,23.670000000000016,49.0,1011.0,,10.9,354.0,350.2925357194308,6.7570582957042085,,87.96182979383616,4.1201302145474,,,,,,,,,,,,,,,,
664,2025-05-15 21:26:57.814581,41.0375581,1.9402631,4.061829090118408,98.1046571622911,23.670000000000016,49.0,1011.0,,11.0,354.0,350.50935655338003,6.9733593281336095,,88.61401371567115,4.006232971387274,,,,,,,,,,,,,,,,
665,2025-05-15 21:27:02.814602,41.0374131,1.9400932,4.3609442710876465,98.12419833350651,23.670000000000016,49.0,1011.0,,11.0,354.0,350.0862302872753,6.678520387767575,,88.21042862078184,4.295826557611278,,,,,,,,,,,,,,,,
666,2025-05-15 21:27:07.814165,41.037256,1.9399106,4.429823875427246,98.3585762748755,23.670000000000016,49.0,1011.0,,11.0,354.0,349.9834489241193,6.610679931677176,,88.34202519899475,4.362302506678947,,,,,,,,,,,,,,,,
667,2025-05-15 21:27:12.815513,41.0370999,1.9397248,4.410149097442627,97.80523532945608,23.670000000000016,49.0,1011.0,,11.3,352.0,346.94066334642525,6.959886558918212,,84.74589867588134,4.296087552511102,,,,,,,,,,,,,,,,
668,2025-05-15 21:27:17.814092,41.0369467,1.9395515,4.37014627456665,98.16095158143035,23.670000000000016,49.0,1011.0,,11.0,354.0,350.07262017794056,6.669455976966859,,88.23357175937093,4.304712311505931,,,,,,,,,,,,,,,,
669,2025-05-15 21:27:22.814737,41.0367969,1.9393945,4.061163425445557,98.02138349593031,23.670000000000016,49.0,1011.0,,11.5,353.0,349.20890734919067,7.4854879198746485,,87.23029084512098,3.9893473125953203,,,,,,,,,,,,,,,,
670,2025-05-15 21:27:27.814584,41.0366626,1.9392505,3.970284938812256,97.81066532984624,23.670000000000016,49.0,1011.0,,11.2,354.0,350.7244845682126,7.263330621647803,,88.53514989805882,3.9183722145062116,,,,,,,,,,,,,,,,
671,2025-05-15 21:27:32.813863,41.0365257,1.9391062,4.219054698944092,97.84016491687153,23.670000000000016,49.0,1011.0,,11.6,355.0,352.15409230171616,7.4061342386691535,,89.99425721858768,4.179559206670172,,,,,,,,,,,,,,,,
672,2025-05-15 21:27:37.814675,41.036376,1.938964,4.260329246520996,98.88262253894473,23.670000000000016,49.0,1011.0,,11.6,352.0,347.40731577481483,7.404908327396946,,86.28993831375954,4.157845354159242,,,,,,,,,,,,,,,,
673,2025-05-15 21:27:42.814221,41.0361913,1.9387883,4.372961044311523,97.95507601946782,23.670000000000016,49.0,1011.0,,11.2,353.0,348.55757356488675,6.880305051736329,,86.51264958435456,4.286046451174518,,,,,,,,,,,,,,,,
674,2025-05-15 21:27:47.814486,41.0360557,1.9386008,4.193400859832764,97.5022549680635,23.670000000000016,49.0,1011.0,,11.1,350.0,344.03603770019834,7.008238802585548,,81.53829266826182,4.0316818323770365,,,,,,,,,,,,,,,,
675,2025-05-15 21:27:52.814501,41.0359311,1.9384177,4.21653413772583,97.87290884375257,23.670000000000016,49.0,1011.0,,11.1,354.0,350.38057986966663,6.943420454754126,,87.88283483773012,4.134439358194457,,,,,,,,,,,,,,,,
676,2025-05-15 21:27:57.814142,41.035808,1.938251,4.0211501121521,97.71616283248996,23.670000000000016,49.0,1011.0,,10.3,355.0,351.81298944644215,6.3039012311542,,89.52915227893209,3.9801687243601926,,,,,,,,,,,,,,,,
677,2025-05-15 21:28:02.814296,41.0356804,1.9380857,4.0875396728515625,98.09949353927858,23.670000000000016,49.0,1011.0,,9.8,358.0,356.57011489758287,5.716730477842616,,94.66960843686144,4.080217901419555,,,,,,,,,,,,,,,,
678,2025-05-15 21:28:07.814064,41.0355325,1.9379046,4.276050567626953,98.15369109034263,23.670000000000016,49.0,1011.0,,9.6,354.0,349.58579301269276,5.5513191840010645,,87.68528655197133,4.020204320879623,,,,,,,,,,,,,,,,
679,2025-05-15 21:28:12.814238,41.0354098,1.9377469,4.381129264831543,98.03679240269786,23.670000000000016,49.0,1011.0,,10.2,355.0,351.25626742830065,5.848021514277828,,89.29305983099852,4.330212415406535,,,,,,,,,,,,,,,,
680,2025-05-15 21:28:17.814068,41.0352587,1.9375442,4.0604352951049805,97.76019706206903,23.670000000000016,49.0,1011.0,,10.2,351.0,345.14063527034983,6.222062758597357,,82.90083233241887,3.9246470292233755,,,,,,,,,,,,,,,,
681,2025-05-15 21:28:22.814574,41.0350847,1.937332,4.290290355682373,98.36152691659694,23.670000000000016,49.0,1011.0,,10.0,352.0,346.61041615534197,6.009952424385726,,84.90980201087012,3.945838142471446,,,,,,,,,,,,,,,,
682,2025-05-15 21:28:27.814470,41.0349302,1.9371792,4.434311866760254,98.43615356346851,23.670000000000016,49.0,1011.0,,10.1,354.0,349.34290801329723,5.708827623560302,,87.77906157676574,4.357826922943026,,,,,,,,,,,,,,,,
683,2025-05-15 21:28:32.814196,41.0348048,1.9370514,4.230826377868652,96.62633101833354,23.670000000000016,49.0,1011.0,,9.7,351.0,344.1644326239429,5.560789231782337,,80.79076364227643,4.07026137776444,,,,,,,,,,,,,,,,
684,2025-05-15 21:28:37.814239,41.0346388,1.936847,4.071457386016846,96.90504371760508,23.670000000000016,49.0,1011.0,,10.0,354.0,349.6423018782672,5.813825384295642,,87.62285450333917,4.157265842465944,,,,,,,,,,,,,,,,
685,2025-05-15 21:28:42.814133,41.0345121,1.9366823,4.208406925201416,98.38289174832074,23.670000000000016,49.0,1011.0,,9.9,351.0,344.46099003538006,5.781013638503022,,82.8438817837008,4.054582413638613,,,,,,,,,,,,,,,,
686,2025-05-15 21:28:47.814223,41.0343955,1.936542,4.219974517822266,97.1469075463044,23.670000000000016,49.0,1011.0,,9.2,356.0,352.62412073106924,4.998979824565801,,89.77102827737366,4.185055476409036,,,,,,,,,,,,,,,,
687,2025-05-15 21:28:52.816025,41.0342458,1.9363845,4.2498698234558105,97.69721588773234,23.670000000000016,49.0,1011.0,,9.6,355.0,351.0515115918837,5.379070182731413,,88.74872747961604,4.198142887029209,,,,,,,,,,,,,,,,
688,2025-05-15 21:28:57.814317,41.0340813,1.9362036,4.239924907684326,98.05274772459902,23.670000000000016,49.0,1011.0,,10.4,351.0,344.90574818400086,6.247583195074095,,82.95849590859984,4.093642245384999,,,,,,,,,,,,,,,,
689,2025-05-15 21:29:02.814204,41.0339278,1.9360332,4.389607906341553,97.43134394410042,23.670000000000016,49.0,1011.0,,9.6,353.0,347.5257211345069,5.416382292240156,,85.5784688591059,4.139833307718515,,,,,,,,,,,,,,,,
690,2025-05-15 21:29:07.814181,41.0337993,1.9358996,4.091424942016602,98.6782769393563,23.670000000000016,49.0,1011.0,,8.5,1.0,1.9278012539008171,4.4097763534088825,,100.6060781932571,4.089109238939261,,,,,,,,,,,,,,,,
691,2025-05-15 21:29:12.813402,41.0336245,1.9356946,4.517886638641357,98.73115626391052,23.670000000000016,49.0,1011.0,,8.6,357.0,354.2842306107563,4.519257918208643,,92.9625075501126,4.071083182074532,,,,,,,,,,,,,,,,
692,2025-05-15 21:29:17.814476,41.0334755,1.9355088,4.48820686340332,97.64385161974702,23.670000000000016,49.0,1011.0,,8.4,358.0,355.6855510316205,3.896783277805584,,92.88039284552008,4.4963643619133835,,,,,,,,,,,,,,,,
693,2025-05-15 21:29:22.814323,41.033355,1.9353677,4.327168941497803,98.0988719920641,23.670000000000016,49.0,1011.0,,9.1,7.0,13.263041087542474,4.833936307529006,,111.36191307960658,4.2117506454386895,,,,,,,,,,,,,,,,
694,2025-05-15 21:29:27.813834,41.0331803,1.9351754,4.466598987579346,98.03142387401023,23.670000000000016,49.0,1011.0,,7.7,3.0,6.826235823972027,3.390471872065249,,105.09931862100647,4.292364957045404,,,,,,,,,,,,,,,,
695,2025-05-15 21:29:32.814,41.0330217,1.9349937,4.321292400360107,97.63230176986053,23.670000000000016,49.0,1011.0,,8.4,355.0,349.40831582648605,3.982990421062069,,87.01247038677695,4.377038620275952,,,,,,,,,,,,,,,,
696,2025-05-15 21:29:37.814183,41.0328664,1.9348185,4.205139636993408,97.92311073415217,23.670000000000016,49.0,1011.0,,8.4,356.0,352.00967845627787,4.215322575209038,,89.93278919043007,4.16431430737885,,,,,,,,,,,,,,,,
697,2025-05-15 21:29:42.815098,41.0327205,1.9346472,4.1851725578308105,98.5916769708697,23.670000000000016,49.0,1011.0,,8.2,3.0,6.143524654284524,4.010066301054491,,104.57686417981498,4.177595169843666,,,,,,,,,,,,,,,,
698,2025-05-15 21:29:47.814382,41.0325606,1.9344664,5.094057559967041,97.45720304029808,23.670000000000016,49.0,1011.0,,8.1,359.0,357.30635438651876,3.0080323663417348,,94.76355742681687,5.0884291009163976,,,,,,,,,,,,,,,,
699,2025-05-15 21:29:52.814086,41.0325606,1.9344664,5.094057559967041,97.45720304029808,23.670000000000016,49.0,1011.0,,8.4,356.0,349.8878106295121,3.337322939482629,,87.34501366981021,5.0149257024755585,,,,,,,,,,,,,,,,
700,2025-05-15 21:29:57.814585,41.0325606,1.9344664,5.094057559967041,97.45720304029808,23.670000000000016,49.0,1011.0,,8.8,357.0,352.8929886130576,3.7224829074817887,,90.35019165335564,5.054918923013528,,,,,,,,,,,,,,,,
701,2025-05-15 21:30:02.814401,41.0325606,1.9344664,5.094057559967041,97.45720304029808,23.670000000000016,49.0,1011.0,,8.4,2.0,5.075286350589622,3.313817819713885,,102.5324893908877,5.074085369664783,,,,,,,,,,,,,,,,
702,2025-05-15 21:30:07.818049,41.0325606,1.9344664,5.094057559967041,97.45720304029808,23.670000000000016,49.0,1011.0,,8.7,5.0,11.981972887840564,3.652411519780491,,109.43917592813865,4.983073165329553,,,,,,,,,,,,,,,,
703,2025-05-15 21:30:12.814568,41.0325606,1.9344664,5.094057559967041,97.45720304029808,23.670000000000016,49.0,1011.0,,9.0,5.0,11.453047926434996,3.9503551777045613,,108.91025096673307,4.99262341881951,,,,,,,,,,,,,,,,
704,2025-05-15 21:30:17.815752,41.0325606,1.9344664,5.094057559967041,97.45720304029808,23.670000000000016,49.0,1011.0,,8.7,1.0,2.4120225792073677,3.607813834521805,,99.86922561950546,5.089544332883142,,,,,,,,,,,,,,,,
705,2025-05-15 21:30:22.814054,41.0325606,1.9344664,5.094057559967041,97.45720304029808,23.670000000000016,49.0,1011.0,,9.0,3.0,6.8977554419489016,3.9219954696614634,,104.35495848224699,5.057187013416113,,,,,,,,,,,,,,,,
706,2025-05-15 21:30:27.814351,41.0325606,1.9344664,5.094057559967041,97.45720304029808,23.670000000000016,49.0,1011.0,,8.4,6.0,15.07449595457071,3.376103156907163,,112.53169899486879,4.918763365052211,,,,,,,,,,,,,,,,
707,2025-05-15 21:30:32.814783,41.0325606,1.9344664,5.094057559967041,97.45720304029808,23.670000000000016,49.0,1011.0,,8.6,5.0,12.177986924512739,3.5531738680267115,,109.63518996481082,4.979426050288724,,,,,,,,,,,,,,,,
708,2025-05-15 21:30:37.815106,41.0325606,1.9344664,5.094057559967041,97.45720304029808,23.670000000000016,49.0,1011.0,,8.7,1.0,2.4120225792073677,3.607813834521805,,99.86922561950546,5.089544332883142,,,,,,,,,,,,,,,,
709,2025-05-15 21:30:42.814322,41.0325606,1.9344664,5.094057559967041,97.45720304029808,23.670000000000016,49.0,1011.0,,9.1,4.0,9.053530232240604,4.034032254941536,,106.51073327253869,5.030594548682178,,,,,,,,,,,,,,,,
710,2025-05-15 21:30:47.814494,41.0325606,1.9344664,5.094057559967041,97.45720304029808,23.670000000000016,49.0,1011.0,,9.3,3.0,6.620965021669768,4.2213508105073805,,104.07816806196786,5.060083469494514,,,,,,,,,,,,,,,,
711,2025-05-15 21:30:52.814367,41.0325606,1.9344664,5.094057559967041,97.45720304029808,23.670000000000016,49.0,1011.0,,9.7,4.0,8.399762296822344,4.632001490044644,,105.85696533712043,5.039413293832601,,,,,,,,,,,,,,,,
712,2025-05-15 21:30:57.814419,41.0325606,1.9344664,5.094057559967041,97.45720304029808,23.670000000000016,49.0,1011.0,,9.5,6.0,12.848024618709054,4.465706955325305,,110.30522765900713,4.966519232974455,,,,,,,,,,,,,,,,
713,2025-05-15 21:31:02.813508,41.0325606,1.9344664,5.094057559967041,97.45720304029808,23.670000000000016,49.0,1011.0,,9.7,354.0,347.44491115418157,4.664341100196191,,84.90211419447962,4.972245669898822,,,,,,,,,,,,,,,,
714,2025-05-15 21:31:07.816330,41.0325606,1.9344664,5.094057559967041,97.45720304029808,23.670000000000016,49.0,1011.0,,9.4,357.0,353.4627754550366,4.321155794361828,,90.9199784953347,5.060936501487038,,,,,,,,,,,,,,,,
715,2025-05-15 21:31:12.816056,41.0325606,1.9344664,5.094057559967041,97.45720304029808,23.670000000000016,49.0,1011.0,,8.8,2.0,4.744171283543423,3.71330378828108,,102.2013743238415,5.076604918598996,,,,,,,,,,,,,,,,
716,2025-05-15 21:31:17.814231,41.0325606,1.9344664,5.094057559967041,97.45720304029808,23.670000000000016,49.0,1011.0,,8.4,358.0,354.9247136494104,3.3138178197138655,,92.38191668970853,5.074085369664783,,,,,,,,,,,,,,,,
717,2025-05-15 21:31:22.816097,41.0325606,1.9344664,5.094057559967041,97.45720304029808,23.670000000000016,49.0,1011.0,,10.2,357.0,354.0151383908759,5.1198696535507695,,91.47234143117396,5.066292290313883,,,,,,,,,,,,,,,,
718,2025-05-15 21:31:27.815547,41.0325606,1.9344664,5.094057559967041,97.45720304029808,23.670000000000016,49.0,1011.0,,10.0,1.0,2.0380138694493195,4.907523633943767,,99.4952169097474,5.090835326031009,,,,,,,,,,,,,,,,
719,2025-05-15 21:31:32.815558,41.0325606,1.9344664,5.094057559967041,97.45720304029808,23.670000000000016,49.0,1011.0,,9.4,6.0,13.004484934301987,4.366436644080788,,110.46168797460007,4.9634074809868185,,,,,,,,,,,,,,,,
720,2025-05-15 21:31:37.816166,41.0325606,1.9344664,5.094057559967041,97.45720304029808,23.670000000000016,49.0,1011.0,,9.2,6.0,13.339757930686483,4.168000681217902,,110.79696097098457,4.956614820542254,,,,,,,,,,,,,,,,
721,2025-05-15 21:31:42.816156,41.0325606,1.9344664,5.094057559967041,97.45720304029808,23.670000000000016,49.0,1011.0,,9.5,357.0,353.54273481932444,4.420969591947243,,90.99993785962249,5.0617409271873814,,,,,,,,,,,,,,,,
722,2025-05-15 21:31:47.814464,41.0325606,1.9344664,5.094057559967041,97.45720304029808,23.670000000000016,49.0,1011.0,,9.0,358.0,355.39603135361267,3.9130861560879673,,92.85323439391072,5.077620671468044,,,,,,,,,,,,,,,,
723,2025-05-15 21:31:52.816091,41.0325606,1.9344664,5.094057559967041,97.45720304029808,23.670000000000016,49.0,1011.0,,8.8,1.0,2.37394377940771,3.7077842874824234,,99.8311468197058,5.089685689194783,,,,,,,,,,,,,,,,
724,2025-05-15 21:31:57.814844,41.0325606,1.9344664,5.094057559967041,97.45720304029808,23.670000000000016,49.0,1011.0,,9.2,1.0,2.2401638167381237,4.107680483465078,,99.6973668570362,5.090164484534968,,,,,,,,,,,,,,,,
725,2025-05-15 21:32:02.814737,41.0325606,1.9344664,5.094057559967041,97.45720304029808,23.670000000000016,49.0,1011.0,,9.6,357.0,353.61916321720304,4.520791619473042,,91.07636625750115,5.06250061514455,,,,,,,,,,,,,,,,
726,2025-05-15 21:32:07.816173,41.0325606,1.9344664,5.094057559967041,97.45720304029808,23.670000000000016,49.0,1011.0,,8.7,351.0,338.7448952335108,3.75420890865679,,76.20209827380893,4.747537219320394,,,,,,,,,,,,,,,,
727,2025-05-15 21:32:12.814018,41.0283353,1.929833,0.0,-11.383463063215466,23.670000000000016,49.0,1011.0,,9.1,357.0,357.0,9.1,,345.61653693678454,0.0,,,,,,,,,,,,,,,,
728,2025-05-15 21:32:17.814163,41.0282656,1.9298047,0.0,-2.1137548641431247,23.670000000000016,49.0,1011.0,,9.3,357.0,357.0,9.3,,354.8862451358569,0.0,,,,,,,,,,,,,,,,
729,2025-05-15 21:32:22.813730,41.0279247,1.9295164,5.605062007904053,-4.243509446417004,23.670000000000016,49.0,1011.0,,9.9,354.0,346.28649019705557,4.365140737210212,,342.04298075063855,5.445279899758829,,,,,,,,,,,,,,,,
730,2025-05-15 21:32:27.814375,41.0277655,1.9293679,4.785523891448975,219.96751403808594,23.670000000000016,49.0,1011.0,,8.9,357.0,353.5221392562825,4.128638160960724,,213.4896532943685,4.754970826880745,,,,,,,,,,,,,,,,