id,Time,Latitude,Longitude,SpeedOverGround (m/s),CourseOverGround (deg),Temperature (C),Humidity (%),Pressure (hPa),Device1_MAC,Device1_WindSpeed (m/s),Device1_WindAngle (deg),Device1_TrueWindAngle (deg),Device1_TrueWindSpeed (m/s),Device1_CrossWindSpeed (m/s),Device1_TrueWindDirection (deg),Device1_VelocityMadeGood (m/s),Device2_MAC,Device2_WindSpeed (m/s),Device2_WindAngle (deg),Device2_TrueWindAngle (deg),Device2_TrueWindSpeed (m/s),Device2_CrossWindSpeed (m/s),Device2_TrueWindDirection (deg),Device2_VelocityMadeGood (m/s),Device3_MAC,Device3_WindSpeed (m/s),Device3_WindAngle (deg),Device3_TrueWindAngle (deg),Device3_TrueWindSpeed (m/s),Device3_CrossWindSpeed (m/s),Device3_TrueWindDirection (deg),Device3_VelocityMadeGood (m/s)
1,2025-05-15 21:32:50.596801,41.0270308,1.9284876,4.788294792175293,-64.98753557518965,23.670000000000016,49.0,1011.0,,10.5,358.0,356.1505115369197,5.45826800198349,,347.0999448347253,5.036262095568894,,,,,,,,,,,,,,,,
2,2025-05-15 21:32:55.597075,41.0270308,1.9284876,4.788294792175293,-64.98753557518965,23.670000000000016,49.0,1011.0,,10.0,358.0,356.16451333826916,5.217299030102331,,291.1769777630795,4.777570111094598,,,,,,,,,,,,,,,,
3,2025-05-15 21:33:00.596932,41.0268224,1.928351,3.715193033218384,-118.29950480202449,23.670000000000016,49.0,1011.0,,10.3,353.0,347.0132024331565,5.5856967437777465,,178.9618347355721,4.658126593068068,,,,,,,,,,,,,,,,
4,2025-05-15 21:33:05.596332,41.0268224,1.928351,3.715193033218384,-118.29950480202449,23.670000000000016,49.0,1011.0,,9.5,355.0,351.8040473843763,5.807977516706046,,233.5045425823518,3.6772471801498794,,,,,,,,,,,,,,,,
5,2025-05-15 21:33:10.596479,41.02662,1.9281195,4.277254104614258,-109.43123499500412,23.670000000000016,49.0,1011.0,,10.1,353.0,347.9120925932023,5.877787528711417,,238.4808575981982,4.182416500402464,,,,,,,,,,,,,,,,
6,2025-05-15 21:33:15.596799,41.0265037,1.9279703,4.148753643035889,-115.65622159322956,23.670000000000016,49.0,1011.0,,9.9,357.0,354.840050807765,5.761025253160206,,239.18382921453545,4.131940856858049,,,,,,,,,,,,,,,,
7,2025-05-15 21:33:20.596916,41.0263653,1.9277864,4.255548000335693,-111.05582280984834,23.670000000000016,49.0,1011.0,,9.9,355.0,351.2512383498834,5.672783491907329,,240.19541554003507,4.206033840253126,,,,,,,,,,,,,,,,
8,2025-05-15 21:33:25.596202,41.026188,1.9275855,3.790485143661499,-124.26059338128813,23.670000000000016,49.0,1011.0,,10.4,352.0,347.4618743543324,6.66730623609917,,223.20128097304428,3.7000887751798586,,,,,,,,,,,,,,,,
9,2025-05-15 21:33:30.596977,41.0260288,1.927419,4.5641374588012695,-124.19455911239245,23.670000000000016,49.0,1011.0,,10.6,1.0,1.7560005423652714,6.03708320212449,,237.56144142997283,4.5619940808840935,,,,,,,,,,,,,,,,
10,2025-05-15 21:33:35.596834,41.02581,1.9271038,4.7929863929748535,-101.33765890402495,23.670000000000016,49.0,1011.0,,10.5,354.0,349.0058776030192,5.755118627006102,,247.66821869899425,4.705019525724196,,,,,,,,,,,,,,,,
11,2025-05-15 21:33:40.596854,41.025642,1.9268906,5.439868450164795,-99.1296021793324,23.670000000000016,49.0,1011.0,,10.6,355.0,349.7712298469152,5.202480644619326,,250.64162766758284,5.353410247174351,,,,,,,,,,,,,,,,
12,2025-05-15 21:33:45.597167,41.0255349,1.9268203,4.620853424072266,-98.86575880188397,23.670000000000016,49.0,1011.0,,10.3,357.0,354.5643426655243,5.690620339007239,,255.69858386364032,4.600074391858864,,,,,,,,,,,,,,,,
13,2025-05-15 21:33:50.596876,41.0252428,1.9265815,4.277815341949463,-147.647570910762,23.670000000000016,49.0,1011.0,,10.2,359.0,358.277816996523,5.92330670966642,,210.63024608576097,4.275883050318425,,,,,,,,,,,,,,,,
14,2025-05-15 21:33:55.596833,41.0250834,1.926443,4.405152797698975,-126.16986348073848,23.670000000000016,49.0,1011.0,,9.5,354.0,348.85994750673876,5.139647253045746,,222.69008402600028,4.322150213407701,,,,,,,,,,,,,,,,
15,2025-05-15 21:34:00.596887,41.0249523,1.9263055,4.793424129486084,-106.81890620352769,23.670000000000016,49.0,1011.0,,10.4,356.0,352.59403815367546,5.628193762593335,,245.77513195014777,4.753436212625297,,,,,,,,,,,,,,,,
16,2025-05-15 21:34:05.596847,41.0247972,1.9260709,5.103681564331055,-48.53974678959819,23.670000000000016,49.0,1011.0,,10.1,357.0,353.9441176670844,5.010437621445783,,305.4043708774862,5.075200329191205,,,,,,,,,,,,,,,,
17,2025-05-15 21:34:10.597748,41.0246544,1.9259188,4.300833702087402,140.86493351775087,23.670000000000016,49.0,1011.0,,10.2,354.0,349.6593359404831,5.939763927776175,,130.52426945823402,4.2309790894413455,,,,,,,,,,,,,,,,
18,2025-05-15 21:34:15.596891,41.0244886,1.9257589,4.332067489624023,141.48313393952873,23.670000000000016,49.0,1011.0,,11.0,358.0,356.701626570317,6.672284577952489,,138.18476050984572,4.324891204945322,,,,,,,,,,,,,,,,
19,2025-05-15 21:34:20.597092,41.0243654,1.9256224,4.308770656585693,142.82299848863178,23.670000000000016,49.0,1011.0,,11.1,357.0,355.0998361224631,6.8008740209266705,,137.9228346110949,4.2930223233625115,,,,,,,,,,,,,,,,
20,2025-05-15 21:34:25.596957,41.0242203,1.9255527,4.340803146362305,142.56640194189276,23.670000000000016,49.0,1011.0,,10.7,357.0,354.95590901085393,6.369198655097078,,137.5223109527467,4.323992665259391,,,,,,,,,,,,,,,,
21,2025-05-15 21:34:30.597556,41.0240542,1.9253615,4.579231262207031,143.88621305559266,23.670000000000016,49.0,1011.0,,10.4,357.0,354.6448295437524,5.831970746378706,,138.53104259934503,4.559244256637404,,,,,,,,,,,,,,,,
22,2025-05-15 21:34:35.596952,41.023883,1.9251602,4.5402655601501465,143.3081058442428,23.670000000000016,49.0,1011.0,,10.6,354.0,349.5400748828367,6.103086836768922,,132.84818072707947,4.464816015548009,,,,,,,,,,,,,,,,
23,2025-05-15 21:34:40.596840,41.0237222,1.9249695,3.743792772293091,143.08179435628358,23.670000000000016,49.0,1011.0,,11.1,355.0,352.4651471531703,7.3776725183823855,,135.54694150945386,3.711466167221431,,,,,,,,,,,,,,,,
24,2025-05-15 21:34:45.596813,41.023593,1.9248051,4.106405735015869,143.17723941974532,23.670000000000016,49.0,1011.0,,10.7,357.0,355.1347439546999,6.602720486207344,,138.31198337444522,4.091609983590539,,,,,,,,,,,,,,,,
25,2025-05-15 21:34:50.597117,41.0234476,1.9246343,4.179625511169434,143.37803332096536,23.670000000000016,49.0,1011.0,,10.4,357.0,354.9878270652178,6.229943967367194,,138.36586038618316,4.163643286487782,,,,,,,,,,,,,,,,
26,2025-05-15 21:34:55.596846,41.0232916,1.9244719,4.478648662567139,143.38017800036474,23.670000000000016,49.0,1011.0,,10.3,352.0,345.9335527917468,5.897965831765687,,129.31373079211153,4.344354194848619,,,,,,,,,,,,,,,,
27,2025-05-15 21:35:00.596944,41.0231282,1.924302,4.171595096588135,143.84747222262035,23.670000000000016,49.0,1011.0,,10.3,0.0,0.0,10.3,,143.84747222262035,4.171595096588135,,,,,,,,,,,,,,,,
28,2025-05-15 21:35:05.597040,41.022969,1.9241499,4.33955192565918,143.74004700735438,23.670000000000016,49.0,1011.0,,9.5,3.0,5.517100370347715,5.171384845935351,,149.2571473777021,4.319449160204349,,,,,,,,,,,,,,,,
29,2025-05-15 21:35:10.596865,41.0227989,1.9239928,4.529531002044678,143.4720030635664,23.670000000000016,49.0,1011.0,,9.0,1.0,2.0128982945782257,4.471857635577819,,145.48490135814464,4.526736033202144,,,,,,,,,,,,,,,,
30,2025-05-15 21:35:15.596967,41.0226341,1.9238382,4.252238750457764,143.68826051306735,23.670000000000016,49.0,1011.0,,9.1,358.0,356.24752934371844,4.8526213002403775,,139.9357898567858,4.243122384546953,,,,,,,,,,,,,,,,
31,2025-05-15 21:35:20.597118,41.0224643,1.9236851,4.479329586029053,143.37978184939288,23.670000000000016,49.0,1011.0,,9.6,357.0,354.3818998985351,5.1321661885124,,137.76168174792798,4.457813230564646,,,,,,,,,,,,,,,,
32,2025-05-15 21:35:25.596891,41.0223256,1.9235346,4.3203935623168945,143.03902371170096,23.670000000000016,49.0,1011.0,,10.0,1.0,1.7605139753563157,5.680764880215349,,144.79953768705727,4.318354207307266,,,,,,,,,,,,,,,,
33,2025-05-15 21:35:30.597218,41.0221834,1.9233907,4.160514831542969,142.39286049546106,23.670000000000016,49.0,1011.0,,9.2,359.0,358.1746194970353,5.0406418468104555,,140.56747999249637,4.158403570690313,,,,,,,,,,,,,,,,
34,2025-05-15 21:35:35.596871,41.0220438,1.9232296,4.213040351867676,142.73599553898416,23.670000000000016,49.0,1011.0,,10.0,357.0,354.8201567931228,5.7969283656698565,,137.556152332107,4.195835229301238,,,,,,,,,,,,,,,,
35,2025-05-15 21:35:40.596856,41.0219108,1.9230864,4.833923816680908,142.22456463431195,23.670000000000016,49.0,1011.0,,9.4,1.0,2.0583155676578095,4.567591579386129,,144.28288020196976,4.8308049145209475,,,,,,,,,,,,,,,,
36,2025-05-15 21:35:45.596870,41.0217011,1.9228139,3.153742790222168,142.79110150520782,23.670000000000016,49.0,1011.0,,9.4,356.0,353.98534491885897,6.257807721446349,,136.77644642406676,3.136381835446968,,,,,,,,,,,,,,,,
37,2025-05-15 21:35:50.596886,41.0215986,1.9227064,2.852195978164673,143.9315928324382,23.670000000000016,49.0,1011.0,,9.9,2.0,2.808968157806887,7.050244226165206,,146.7405609902451,2.8487690046600225,,,,,,,,,,,,,,,,
38,2025-05-15 21:35:55.596889,41.0214603,1.9225703,4.156121253967285,143.867184148565,23.670000000000016,49.0,1011.0,,9.9,2.0,3.445909624160558,5.748240828743807,,147.31309377272555,4.148606931932168,,,,,,,,,,,,,,,,
39,2025-05-15 21:36:00.596850,41.0212891,1.9224406,4.335360050201416,143.33639648778498,23.670000000000016,49.0,1011.0,,10.3,357.0,354.8236817240438,5.9748911130163815,,138.16007821182882,4.317679472878891,,,,,,,,,,,,,,,,
40,2025-05-15 21:36:05.596884,41.0211091,1.9222195,4.435986518859863,142.50144684288594,23.670000000000016,49.0,1011.0,,10.8,1.0,1.696898542668929,6.365159937375207,,144.19834538555486,4.434041181328441,,,,,,,,,,,,,,,,
41,2025-05-15 21:36:10.597593,41.0209538,1.9220522,4.330310344696045,143.86400128041177,23.670000000000016,49.0,1011.0,,10.6,5.0,8.4358222414402,6.297487189669159,,152.29982352185198,4.283459877701281,,,,,,,,,,,,,,,,
42,2025-05-15 21:36:15.597273,41.0208433,1.921934,3.8926918506622314,143.9002559245262,23.670000000000016,49.0,1011.0,,10.1,4.0,6.501007443321125,6.222717973299095,,150.40126336784732,3.8676613167355764,,,,,,,,,,,,,,,,
43,2025-05-15 21:36:20.596917,41.0206922,1.9217478,4.368374824523926,142.0740409253832,23.670000000000016,49.0,1011.0,,10.4,357.0,354.8314469297945,6.0419389056541535,,136.90548785517768,4.350612979850686,,,,,,,,,,,,,,,,
44,2025-05-15 21:36:25.597026,41.0205637,1.9216148,4.628957748413086,144.2830470463704,23.670000000000016,49.0,1011.0,,10.8,355.0,351.2701499822548,6.20179308238682,,135.55319702862516,4.575331035135385,,,,,,,,,,,,,,,,
45,2025-05-15 21:36:30.596887,41.0203952,1.9214443,4.6235127449035645,142.8120428652031,23.670000000000016,49.0,1011.0,,10.6,358.0,356.45418383140776,5.981480595471335,,139.26622669661083,4.614661780020635,,,,,,,,,,,,,,,,
46,2025-05-15 21:36:35.597034,41.0202316,1.9212675,4.540271282196045,141.93082551886638,23.670000000000016,49.0,1011.0,,9.6,5.0,9.456723127544379,5.092403663779357,,151.38754864641078,4.478568925478724,,,,,,,,,,,,,,,,
47,2025-05-15 21:36:40.596986,41.0200479,1.9210643,4.365263938903809,143.63270375435846,23.670000000000016,49.0,1011.0,,10.1,6.0,10.530442647090082,5.776698695362768,,154.16314640144853,4.291743913050521,,,,,,,,,,,,,,,,
48,2025-05-15 21:36:45.596947,41.0199328,1.9209424,4.40151309967041,142.75356278552945,23.670000000000016,49.0,1011.0,,10.5,358.0,356.5577549471135,6.103101622409345,,139.31131773264292,4.3935720177966955,,,,,,,,,,,,,,,,
49,2025-05-15 21:36:50.597203,41.019786,1.9207886,4.326630592346191,142.64992149506367,23.670000000000016,49.0,1011.0,,9.6,2.0,3.6393356228896856,5.278165373074165,,146.28925711795335,4.317905445363775,,,,,,,,,,,,,,,,
50,2025-05-15 21:36:55.596963,41.019611,1.9205951,4.180935859680176,142.57241250836236,23.670000000000016,49.0,1011.0,,9.9,1.0,1.7308943041416198,5.720166328121992,,144.303306812504,4.1790281762275505,,,,,,,,,,,,,,,,
51,2025-05-15 21:37:00.596924,41.0194883,1.9204754,4.0868449211120605,142.4310549132998,23.670000000000016,49.0,1011.0,,11.1,356.0,353.67551124929105,7.028894145199364,,136.10656616259087,4.061972232528362,,,,,,,,,,,,,,,,
52,2025-05-15 21:37:05.596908,41.0192929,1.9203023,4.160393714904785,142.4899038231886,23.670000000000016,49.0,1011.0,,10.4,0.0,0.0,10.4,,142.4899038231886,4.160393714904785,,,,,,,,,,,,,,,,
53,2025-05-15 21:37:10.596870,41.0191666,1.9201818,4.148742198944092,144.22488115539858,23.670000000000016,49.0,1011.0,,10.2,357.0,354.9469487410944,6.0608340513130585,,139.17182989649297,4.132618410686531,,,,,,,,,,,,,,,,
54,2025-05-15 21:37:15.596890,41.0190224,1.9200177,4.3812432289123535,143.87925992301757,23.670000000000016,49.0,1011.0,,10.5,359.0,358.2841168093346,6.119901747543849,,142.16337673235216,4.379278669876483,,,,,,,,,,,,,,,,
55,2025-05-15 21:37:20.597038,41.0188689,1.9198441,4.382417678833008,143.35390909281688,23.670000000000016,49.0,1011.0,,10.2,357.0,354.7446107672833,5.8281030761645205,,138.09851986010017,4.3639953821243775,,,,,,,,,,,,,,,,
56,2025-05-15 21:37:25.597487,41.0186609,1.9196486,4.330178260803223,143.01319193625997,23.670000000000016,49.0,1011.0,,10.6,353.0,348.2134156303422,6.324154194379844,,131.22660756660218,4.238877508949805,,,,,,,,,,,,,,,,
57,2025-05-15 21:37:30.597028,41.0185312,1.9195224,4.316339492797852,142.91586174058727,23.670000000000016,49.0,1011.0,,10.4,0.0,0.0,10.4,,142.91586174058727,4.316339492797852,,,,,,,,,,,,,,,,
58,2025-05-15 21:37:35.597107,41.0183469,1.9193349,4.444334030151367,143.18229375973115,23.670000000000016,49.0,1011.0,,11.3,0.0,0.0,11.3,,143.18229375973115,4.444334030151367,,,,,,,,,,,,,,,,
59,2025-05-15 21:37:40.596831,41.0181833,1.9191679,4.62997579574585,145.18707722453493,23.670000000000016,49.0,1011.0,,10.8,358.0,356.50053613720974,6.1749591524214065,,141.68761336174464,4.62134260227077,,,,,,,,,,,,,,,,
60,2025-05-15 21:37:45.596864,41.0180545,1.9190218,4.321030616760254,142.059328697911,23.670000000000016,49.0,1011.0,,10.8,355.0,351.68171774300043,6.506320720013126,,133.74104644091142,4.2755719777395145,,,,,,,,,,,,,,,,
61,2025-05-15 21:37:50.596917,41.0179085,1.9188514,4.349902629852295,143.69017296603494,23.670000000000016,49.0,1011.0,,11.5,359.0,358.39174039471277,7.1511628537674605,,142.0819133607477,4.3481891142313325,,,,,,,,,,,,,,,,
62,2025-05-15 21:37:55.596850,41.0177271,1.9186579,4.645001411437988,143.12311700076214,23.670000000000016,49.0,1011.0,,10.9,358.0,356.51609228506175,6.259927541663423,,139.63920928582388,4.6364170091846395,,,,,,,,,,,,,,,,
63,2025-05-15 21:38:00.596871,41.0175968,1.9185305,4.440821170806885,141.92869449984534,23.670000000000016,49.0,1011.0,,10.7,0.0,0.0,10.7,,141.92869449984534,4.440821170806885,,,,,,,,,,,,,,,,
64,2025-05-15 21:38:05.597137,41.0174128,1.9183439,4.9478440284729,141.7463557697627,23.670000000000016,49.0,1011.0,,10.4,2.0,3.813028020410548,5.457902332406911,,145.55938379017323,4.936891347416888,,,,,,,,,,,,,,,,
65,2025-05-15 21:38:10.597022,41.0172835,1.9182069,4.355393409729004,143.88016150798802,23.670000000000016,49.0,1011.0,,10.3,357.0,354.8062914491415,5.954939728346169,,138.68645295712952,4.337511665512664,,,,,,,,,,,,,,,,
66,2025-05-15 21:38:15.596877,41.0171466,1.9180616,4.260296821594238,143.3755198113508,23.670000000000016,49.0,1011.0,,10.8,355.0,351.75838478811124,6.566421454578513,,135.13390459946208,4.2162980746656125,,,,,,,,,,,,,,,,
67,2025-05-15 21:38:20.596919,41.0170064,1.9179103,4.379601955413818,142.2213407850237,23.670000000000016,49.0,1011.0,,11.0,350.0,343.51158842451474,6.730041764379136,,125.73292920953844,4.199500281040418,,,,,,,,,,,,,,,,
68,2025-05-15 21:38:25.596847,41.0168284,1.9177102,4.378717422485352,142.34790419034405,23.670000000000016,49.0,1011.0,,10.2,356.0,353.00191644943106,5.839942130950864,,135.3498206397751,4.34609697347322,,,,,,,,,,,,,,,,
69,2025-05-15 21:38:30.596918,41.0166817,1.9175311,4.469724655151367,142.32470886792268,23.670000000000016,49.0,1011.0,,10.1,356.0,352.8364289671856,5.6497733189907775,,135.16113783510832,4.434834826267235,,,,,,,,,,,,,,,,
70,2025-05-15 21:38:35.597107,41.0165358,1.9173601,4.430174350738525,142.64448466448434,23.670000000000016,49.0,1011.0,,10.6,358.0,356.56514175694963,6.174460452833569,,139.209626421434,4.422215815909106,,,,,,,,,,,,,,,,
71,2025-05-15 21:38:40.596853,41.0164141,1.9172249,4.7591047286987305,143.64303100038353,23.670000000000016,49.0,1011.0,,10.6,356.0,352.7534154968531,5.861896271409877,,136.39644649723664,4.721091240940341,,,,,,,,,,,,,,,,
72,2025-05-15 21:38:45.597135,41.0162547,1.9170479,4.607626438140869,141.59865975915034,23.670000000000016,49.0,1011.0,,10.4,358.0,356.4105726779203,5.79741095524501,,138.00923243707064,4.598587648363224,,,,,,,,,,,,,,,,
73,2025-05-15 21:38:50.597158,41.0161039,1.9168846,4.492990493774414,142.89033049346978,23.670000000000016,49.0,1011.0,,10.9,358.0,356.5986396380096,6.411664183053533,,139.4889701314794,4.485075729528383,,,,,,,,,,,,,,,,
74,2025-05-15 21:38:55.597083,41.0159334,1.9167121,4.639512538909912,143.55791318294683,23.670000000000016,49.0,1011.0,,10.6,357.0,354.66970565204775,5.971784200425074,,138.2276188349946,4.619449984556054,,,,,,,,,,,,,,,,
75,2025-05-15 21:39:00.596869,41.0157704,1.9165402,4.749577045440674,143.66117198281907,23.670000000000016,49.0,1011.0,,10.7,353.0,347.4766856170635,6.013746715428623,,131.13785759988252,4.636574416164123,,,,,,,,,,,,,,,,
76,2025-05-15 21:39:05.596901,41.0156352,1.9164028,4.4111714363098145,141.68873629392445,23.670000000000016,49.0,1011.0,,10.5,358.0,356.55230215656536,6.093460738654625,,138.24103845048978,4.403187702970819,,,,,,,,,,,,,,,,
77,2025-05-15 21:39:10.597320,41.0154472,1.916205,4.469937801361084,142.98544770785136,23.670000000000016,49.0,1011.0,,10.1,1.0,1.7937540257704958,5.631283369067301,,144.77920173362185,4.467747436190856,,,,,,,,,,,,,,,,
78,2025-05-15 21:39:15.596853,41.0153163,1.9160605,4.688930034637451,143.46636132731197,23.670000000000016,49.0,1011.0,,10.7,354.0,349.3583141849688,6.056620521740842,,132.82467551228075,4.608286319534666,,,,,,,,,,,,,,,,
79,2025-05-15 21:39:20.597013,41.0151196,1.9158542,4.455562591552734,142.65914225044318,23.670000000000016,49.0,1011.0,,11.0,357.0,354.9612468003772,6.554692765801874,,137.62038905082034,4.438344161778697,,,,,,,,,,,,,,,,
80,2025-05-15 21:39:25.596823,41.0149593,1.9156927,4.280419826507568,142.62564700275345,23.670000000000016,49.0,1011.0,,10.1,359.0,358.26463972215276,5.820711499025085,,140.89028672490622,4.278456659662248,,,,,,,,,,,,,,,,
81,2025-05-15 21:39:30.597173,41.0148114,1.9155463,4.41952657699585,143.7157588546658,23.670000000000016,49.0,1011.0,,10.5,0.0,0.0,10.5,,143.7157588546658,4.41952657699585,,,,,,,,,,,,,,,,
82,2025-05-15 21:39:35.596877,41.0146674,1.9154008,4.539540767669678,142.42274940326905,23.670000000000016,49.0,1011.0,,10.6,355.0,351.2754264492034,6.090597816095633,,133.69817585247245,4.487013386173125,,,,,,,,,,,,,,,,
83,2025-05-15 21:39:40.596932,41.0145266,1.9152507,4.527266025543213,141.50923892253653,23.670000000000016,49.0,1011.0,,10.3,357.0,354.6521650372257,5.783793688505018,,136.1614039597622,4.507559891563908,,,,,,,,,,,,,,,,
84,2025-05-15 21:39:45.596792,41.0143975,1.9150958,4.081793308258057,141.74034520329306,23.670000000000016,49.0,1011.0,,9.6,357.0,354.7852769109486,5.527929905982056,,136.52562211424163,4.0648990768294695,,,,,,,,,,,,,,,,
85,2025-05-15 21:39:50.596492,41.0142659,1.914947,4.2693772315979,142.84004664080015,23.670000000000016,49.0,1011.0,,9.0,2.0,3.8030422975280938,4.735568179586305,,146.64308893832825,4.25997584035711,,,,,,,,,,,,,,,,
86,2025-05-15 21:39:55.597397,41.0141223,1.9148093,4.4494309425354,142.41105611940998,23.670000000000016,49.0,1011.0,,9.8,4.0,7.313205220660401,5.370384120861955,,149.72426134007037,4.413235405067662,,,,,,,,,,,,,,,,
87,2025-05-15 21:40:00.597296,41.01395,1.9146439,4.5496745109558105,141.30830841753308,23.670000000000016,49.0,1011.0,,10.0,4.0,7.325788983140481,5.470621857282929,,148.63409740067357,4.512536200363431,,,,,,,,,,,,,,,,
88,2025-05-15 21:40:05.596847,41.0138139,1.9145105,4.3806867599487305,143.05425503355008,23.670000000000016,49.0,1011.0,,10.5,1.0,1.71572720674641,6.1204579670083605,,144.76998224029649,4.378722807526519,,,,,,,,,,,,,,,,
89,2025-05-15 21:40:10.596910,41.0136353,1.914328,4.210452079772949,142.39384404270155,23.670000000000016,49.0,1011.0,,10.3,356.0,353.2433306212142,6.106871272224966,,135.63717466391574,4.181209515638222,,,,,,,,,,,,,,,,
90,2025-05-15 21:40:15.596920,41.0134794,1.9141662,4.518906593322754,141.2745946037899,23.670000000000016,49.0,1011.0,,9.9,359.0,358.16043532670193,5.3823594852399355,,139.43502993049185,4.5165776929060035,,,,,,,,,,,,,,,,
91,2025-05-15 21:40:20.596869,41.0133272,1.9140033,4.370451927185059,142.58193379206537,23.670000000000016,49.0,1011.0,,10.6,1.0,1.7014224425295421,6.230680603325327,,144.28335623459492,4.368525096797322,,,,,,,,,,,,,,,,
92,2025-05-15 21:40:25.596858,41.0131735,1.9138427,4.519691467285156,143.01554152133446,23.670000000000016,49.0,1011.0,,10.1,358.0,356.3816865688309,5.585289558613073,,139.39722809016536,4.510681949272882,,,,,,,,,,,,,,,,
93,2025-05-15 21:40:30.596861,41.0130379,1.9137031,4.450284957885742,141.9320003114036,23.670000000000016,49.0,1011.0,,10.4,358.0,356.5053583481192,5.9544519264259135,,138.43735865952283,4.4420096679873105,,,,,,,,,,,,,,,,
94,2025-05-15 21:40:35.596818,41.0128448,1.9134842,3.9637811183929443,142.16108485616584,23.670000000000016,49.0,1011.0,,9.9,3.0,4.999626752222388,5.945271453075978,,147.16071160838823,3.948699984961931,,,,,,,,,,,,,,,,
95,2025-05-15 21:40:40.596935,41.0126988,1.9133258,4.268848419189453,143.57714699564957,23.670000000000016,49.0,1011.0,,9.8,358.0,356.45784530161984,5.535757126661724,,140.0349922972694,4.260693264648531,,,,,,,,,,,,,,,,
96,2025-05-15 21:40:45.597055,41.012528,1.9131611,4.738143444061279,142.6358376449951,23.670000000000016,49.0,1011.0,,9.4,1.0,2.0160486397350508,4.663311422309067,,144.65188628473015,4.735210592068187,,,,,,,,,,,,,,,,
97,2025-05-15 21:40:50.596911,41.0123894,1.9130149,4.102830410003662,142.07057118928483,23.670000000000016,49.0,1011.0,,10.2,357.0,354.9848905097124,6.1065687463145615,,137.0554616989972,4.087123460569335,,,,,,,,,,,,,,,,
98,2025-05-15 21:40:55.597296,41.0122098,1.9128114,4.391093730926514,143.16424839994397,23.670000000000016,49.0,1011.0,,9.7,2.0,3.652609399103784,5.313791445433593,,146.81685779904777,4.382173895879581,,,,,,,,,,,,,,,,
99,2025-05-15 21:41:00.597037,41.0120759,1.9126669,4.111026763916016,143.1720757967328,23.670000000000016,49.0,1011.0,,10.3,357.0,355.01077102027796,6.198342561895441,,138.18284681701073,4.0954503502171455,,,,,,,,,,,,,,,,
100,2025-05-15 21:41:05.596880,41.011944,1.912529,4.331366062164307,142.1863975372299,23.670000000000016,49.0,1011.0,,10.2,356.0,353.0580653732002,5.886943561221308,,135.24446291043012,4.299613459520227,,,,,,,,,,,,,,,,
101,2025-05-15 21:41:10.596907,41.0118179,1.9123966,4.737898349761963,142.71822338676378,23.670000000000016,49.0,1011.0,,9.8,6.0,11.559363988995917,5.112101846997424,,154.2775873757597,4.6418024673279055,,,,,,,,,,,,,,,,
102,2025-05-15 21:41:15.597083,41.0116061,1.9121629,4.281221866607666,143.55127423907356,23.670000000000016,49.0,1011.0,,9.5,1.0,1.8201493203959136,5.219964958817643,,145.3714235594695,4.279061785858715,,,,,,,,,,,,,,,,
103,2025-05-15 21:41:20.596983,41.0114464,1.9119773,4.399707317352295,143.21058440327334,23.670000000000016,49.0,1011.0,,9.8,355.0,350.9509143692264,5.430590066043274,,134.16149877249973,4.34494838335427,,,,,,,,,,,,,,,,
104,2025-05-15 21:41:25.596986,41.0113177,1.9118274,4.459871768951416,142.96613193287857,23.670000000000016,49.0,1011.0,,10.0,2.0,3.6084861169977622,5.5450299804473895,,146.57461804987634,4.4510297053855705,,,,,,,,,,,,,,,,
105,2025-05-15 21:41:30.597023,41.0111568,1.9116463,4.340340614318848,143.06816129870023,23.670000000000016,49.0,1011.0,,10.2,358.0,356.51986716514915,5.864260063136304,,139.58802846384935,4.332336621887621,,,,,,,,,,,,,,,,
106,2025-05-15 21:41:35.597095,41.0109678,1.9114397,4.409879684448242,143.72297153442935,23.670000000000016,49.0,1011.0,,10.3,2.0,3.4960552320063636,5.8948160913181455,,147.21902676643572,4.401672894821668,,,,,,,,,,,,,,,,
107,2025-05-15 21:41:40.597025,41.0108408,1.9113097,4.569601058959961,142.55219514841912,23.670000000000016,49.0,1011.0,,10.1,2.0,3.6509155783345113,5.535480352465277,,146.20311072675364,4.560327217757891,,,,,,,,,,,,,,,,
108,2025-05-15 21:41:45.596927,41.0106508,1.9111193,4.49453067779541,143.84177584485255,23.670000000000016,49.0,1011.0,,11.2,2.0,3.339493282925763,6.710040896746001,,147.1812691277783,4.486898520957808,,,,,,,,,,,,,,,,
109,2025-05-15 21:41:50.596804,41.0104941,1.9109612,4.370301246643066,142.51054465486038,23.670000000000016,49.0,1011.0,,11.0,1.0,1.6590718666279634,6.630803055235176,,144.16961652148834,4.368469201519606,,,,,,,,,,,,,,,,
110,2025-05-15 21:41:55.596891,41.0103476,1.9108031,4.384072780609131,142.5434115251465,23.670000000000016,49.0,1011.0,,11.0,357.0,355.015542054398,6.6259092808926985,,137.5589535795445,4.3674935470821765,,,,,,,,,,,,,,,,
111,2025-05-15 21:42:00.596937,41.010226,1.9106718,4.53809118270874,143.65083107641567,23.670000000000016,49.0,1011.0,,9.6,356.0,352.42927929984535,5.0828307532013355,,136.08011037626102,4.498532626030205,,,,,,,,,,,,,,,,
112,2025-05-15 21:42:05.597010,41.0100683,1.9105084,4.562165260314941,141.81230807638832,23.670000000000016,49.0,1011.0,,9.5,355.0,350.41225412923563,4.971122591898819,,132.22456220562395,4.498439485959791,,,,,,,,,,,,,,,,
113,2025-05-15 21:42:10.597057,41.0099173,1.9103591,4.261197566986084,142.65341855191872,23.670000000000016,49.0,1011.0,,10.3,357.0,354.88706116356695,6.048754845607937,,137.54047971548567,4.244242114567467,,,,,,,,,,,,,,,,
114,2025-05-15 21:42:15.596812,41.0097529,1.9101883,4.229255676269531,143.2191358001142,23.670000000000016,49.0,1011.0,,10.9,5.0,8.155167908251398,6.69698963691464,,151.3743037083656,4.186487456895148,,,,,,,,,,,,,,,,
115,2025-05-15 21:42:20.596868,41.0096346,1.910069,4.4492340087890625,141.63785138460787,23.670000000000016,49.0,1011.0,,11.2,2.0,3.3171133497498215,6.755261162865058,,144.9549647343577,4.441779666966267,,,,,,,,,,,,,,,,
116,2025-05-15 21:42:25.597071,41.0094779,1.9099085,4.506147384643555,142.54391695914506,23.670000000000016,49.0,1011.0,,11.2,3.0,5.015915389175729,6.704177387857376,,147.55983234832078,4.4888908674333186,,,,,,,,,,,,,,,,
117,2025-05-15 21:42:30.596914,41.0093209,1.9097488,4.320452690124512,144.3070756518705,23.670000000000016,49.0,1011.0,,11.3,0.0,0.0,11.3,,144.3070756518705,4.320452690124512,,,,,,,,,,,,,,,,
118,2025-05-15 21:42:35.596789,41.0091378,1.9095629,4.366031646728516,144.1720974534927,23.670000000000016,49.0,1011.0,,11.4,2.0,3.2404984195734534,7.038277576006809,,147.41259587306615,4.359050617158091,,,,,,,,,,,,,,,,
119,2025-05-15 21:42:40.597172,41.0089722,1.9093887,4.499593734741211,143.7473553097663,23.670000000000016,49.0,1011.0,,11.6,3.0,4.8979160783857765,7.110473457248022,,148.64527138815208,4.4831630284099315,,,,,,,,,,,,,,,,
120,2025-05-15 21:42:45.597035,41.008809,1.9092327,4.350580215454102,143.17273149489313,23.670000000000016,49.0,1011.0,,10.8,358.0,356.65193834526013,6.453856295667801,,139.82466984015326,4.343154552526803,,,,,,,,,,,,,,,,
121,2025-05-15 21:42:50.596902,41.0086539,1.9090785,4.479552745819092,143.61609273429698,23.670000000000016,49.0,1011.0,,10.6,357.0,354.8085728011397,6.1310702902428025,,138.4246655354367,4.4611773886023665,,,,,,,,,,,,,,,,
122,2025-05-15 21:42:55.596853,41.0085308,1.9089483,4.401639938354492,142.17023730965366,23.670000000000016,49.0,1011.0,,10.1,357.0,354.6874453789229,5.709041928575738,,136.85768268857657,4.382732403870304,,,,,,,,,,,,,,,,
123,2025-05-15 21:43:00.596974,41.0083484,1.9087504,4.381611347198486,142.99442257642076,23.670000000000016,49.0,1011.0,,10.6,355.0,351.49514911492327,6.246745756194151,,134.48957169134405,4.3334282819088195,,,,,,,,,,,,,,,,
124,2025-05-15 21:43:05.596823,41.008224,1.9086108,4.430927753448486,143.26422870901462,23.670000000000016,49.0,1011.0,,10.1,356.0,352.8851609899818,5.688269436856649,,136.1493896989964,4.396809136126619,,,,,,,,,,,,,,,,
125,2025-05-15 21:43:10.596841,41.0080123,1.9083483,4.372828006744385,144.31402878444558,23.670000000000016,49.0,1011.0,,10.0,359.0,358.2230874425424,5.62835541693958,,142.53711622698802,4.370725272249176,,,,,,,,,,,,,,,,
126,2025-05-15 21:43:15.597052,41.0079111,1.9082416,4.413201808929443,142.47725431284573,23.670000000000016,49.0,1011.0,,11.3,4.0,6.555512751099061,6.904415033788764,,149.0327670639448,4.384347011192859,,,,,,,,,,,,,,,,
127,2025-05-15 21:43:20.596846,41.0077232,1.9080359,4.536815643310547,142.72327772674961,23.670000000000016,49.0,1011.0,,11.2,357.0,354.9610636993825,6.67362711350474,,137.68434142613216,4.519281939385174,,,,,,,,,,,,,,,,
128,2025-05-15 21:43:25.597046,41.0075887,1.9078669,4.397839069366455,143.33042690245037,23.670000000000016,49.0,1011.0,,10.5,358.0,356.5598246677688,6.106769028118991,,139.89025157021916,4.389914151843556,,,,,,,,,,,,,,,,
129,2025-05-15 21:43:30.597003,41.0074587,1.9077245,3.9007558822631836,142.4338279701028,23.670000000000016,49.0,1011.0,,9.6,357.0,354.95043433923564,5.708241746861614,,137.38426230933845,3.8856167690132906,,,,,,,,,,,,,,,,
130,2025-05-15 21:43:35.596888,41.0073062,1.9075726,4.35898494720459,143.14592983258999,23.670000000000016,49.0,1011.0,,10.4,2.0,3.4418985193469975,6.04558472654747,,146.587828351937,4.351122176251801,,,,,,,,,,,,,,,,
131,2025-05-15 21:43:40.596916,41.007146,1.9074064,4.36002779006958,143.063612392713,23.670000000000016,49.0,1011.0,,10.5,2.0,3.419018358642085,6.144512590300194,,146.4826307513551,4.352267320755082,,,,,,,,,,,,,,,,
132,2025-05-15 21:43:45.596851,41.006991,1.9072304,4.399932861328125,143.46338336483385,23.670000000000016,49.0,1011.0,,10.8,0.0,0.0,10.8,,143.46338336483385,4.399932861328125,,,,,,,,,,,,,,,,
133,2025-05-15 21:43:50.596931,41.0068313,1.9070554,4.42992639541626,144.15317782949177,23.670000000000016,49.0,1011.0,,10.8,358.0,356.61028823399784,6.374647229730626,,140.7634660634896,4.422176066836628,,,,,,,,,,,,,,,,
134,2025-05-15 21:43:55.597237,41.0066692,1.9068861,4.360305309295654,142.45497423577316,23.670000000000016,49.0,1011.0,,10.1,2.0,3.517984511213599,5.744366804287011,,145.97295874698676,4.352088692370642,,,,,,,,,,,,,,,,
135,2025-05-15 21:44:00.597468,41.0065094,1.9067167,4.340127944946289,143.28346252171738,23.670000000000016,49.0,1011.0,,9.2,359.0,358.1071851049319,4.861123245263102,,141.3906476266493,4.3377598229950305,,,,,,,,,,,,,,,,
136,2025-05-15 21:44:05.596866,41.0063502,1.9065518,4.39945125579834,143.35982403663812,23.670000000000016,49.0,1011.0,,10.2,352.0,346.01820421213887,5.875354877848902,,129.378028248777,4.269106696543769,,,,,,,,,,,,,,,,
137,2025-05-15 21:44:10.596890,41.0061866,1.9063766,4.606563568115234,141.8262280019168,23.670000000000016,49.0,1011.0,,10.4,358.0,356.4112301959459,5.798471740618148,,138.23745819786268,4.597530172707221,,,,,,,,,,,,,,,,
138,2025-05-15 21:44:15.596904,41.0060219,1.9061974,4.304378509521484,142.04945224437117,23.670000000000016,49.0,1011.0,,10.1,1.0,1.7425316223310292,5.796763849800169,,143.7919838667022,4.302388005519584,,,,,,,,,,,,,,,,
139,2025-05-15 21:44:20.596850,41.0059028,1.9060675,4.488964080810547,143.7781458025447,23.670000000000016,49.0,1011.0,,10.7,353.0,347.9932208919328,6.268413868032659,,131.77136669447754,4.390758987769647,,,,,,,,,,,,,,,,
140,2025-05-15 21:44:25.597245,41.0057332,1.9058748,4.135441780090332,142.45547966977173,23.670000000000016,49.0,1011.0,,11.0,355.0,352.0012745469202,6.889728939041683,,134.45675421669193,4.095208746910662,,,,,,,,,,,,,,,,
141,2025-05-15 21:44:30.596786,41.0055941,1.905698,4.428868293762207,142.28706086521757,23.670000000000016,49.0,1011.0,,10.6,1.0,1.717522837654048,6.17229023485624,,144.00458370287163,4.426878582652956,,,,,,,,,,,,,,,,
142,2025-05-15 21:44:35.597247,41.0054716,1.9055564,4.360371112823486,144.3276891627856,23.670000000000016,49.0,1011.0,,10.4,355.0,351.40936475744854,6.068133295170486,,135.73705392023413,4.3114512754805805,,,,,,,,,,,,,,,,
143,2025-05-15 21:44:40.597037,41.0052856,1.9053699,4.539758682250977,143.19458810023716,23.670000000000016,49.0,1011.0,,10.5,3.0,5.280390472033662,5.971191654706135,,148.47497857227083,4.520493098487853,,,,,,,,,,,,,,,,
144,2025-05-15 21:44:45.597,41.0051605,1.9052408,4.413913726806641,142.04389247038677,23.670000000000016,49.0,1011.0,,10.5,355.0,351.39310716710895,6.114995329976129,,133.43699963749572,4.364205927111181,,,,,,,,,,,,,,,,
145,2025-05-15 21:44:50.596885,41.0049735,1.9050467,4.386378765106201,144.03744710419508,23.670000000000016,49.0,1011.0,,11.6,354.0,350.37518556980524,7.252158650426652,,134.4126326740003,4.324634861261396,,,,,,,,,,,,,,,,
146,2025-05-15 21:44:55.596876,41.0048149,1.9048818,4.420344352722168,143.92947547379552,23.670000000000016,49.0,1011.0,,11.6,359.0,358.3844362924216,7.180743302620829,,142.31391176621707,4.418587237484536,,,,,,,,,,,,,,,,
147,2025-05-15 21:45:00.597440,41.004689,1.9047443,4.420783996582031,143.67138994581742,23.670000000000016,49.0,1011.0,,12.2,355.0,352.1706234849897,7.805553703717736,,135.84201343080713,4.379574007759263,,,,,,,,,,,,,,,,
148,2025-05-15 21:45:05.596835,41.0045031,1.904547,4.3901214599609375,143.07178129896033,23.670000000000016,49.0,1011.0,,11.6,355.0,351.96920355672694,7.236706548818871,,135.04098485568727,4.3470680667120165,,,,,,,,,,,,,,,,
149,2025-05-15 21:45:10.596922,41.0043509,1.9043924,4.3935441970825195,143.19972440249302,23.670000000000016,49.0,1011.0,,11.6,0.0,0.0,11.6,,143.19972440249302,4.3935441970825195,,,,,,,,,,,,,,,,
150,2025-05-15 21:45:15.597293,41.0042289,1.9042687,4.320168495178223,142.05398748998005,23.670000000000016,49.0,1011.0,,11.3,355.0,351.919409820814,7.006395761171654,,133.97339731079404,4.27727498232852,,,,,,,,,,,,,,,,
151,2025-05-15 21:45:20.596962,41.0040632,1.9040823,4.314169406890869,143.083296997901,23.670000000000016,49.0,1011.0,,11.1,357.0,355.09594788134785,6.795495018421669,,138.1792448792488,4.298376323202888,,,,,,,,,,,,,,,,
152,2025-05-15 21:45:25.596919,41.0039338,1.9039159,4.36843204498291,143.80333554020373,23.670000000000016,49.0,1011.0,,11.4,356.0,353.52227575627785,7.048799125429543,,137.3256112964816,4.340543067609514,,,,,,,,,,,,,,,,
153,2025-05-15 21:45:30.596891,41.0037935,1.9037355,4.369335651397705,141.69205576586108,23.670000000000016,49.0,1011.0,,10.9,356.0,353.3322570861578,6.548404747927667,,135.0243128520189,4.339782237859653,,,,,,,,,,,,,,,,
154,2025-05-15 21:45:35.596875,41.0036698,1.9035868,4.585074424743652,142.85963562333973,23.670000000000016,49.0,1011.0,,11.1,357.0,354.89260888759776,6.5256228102295815,,137.7522445109375,4.566869798599091,,,,,,,,,,,,,,,,
155,2025-05-15 21:45:40.596917,41.0034831,1.9033898,4.009834289550781,142.3031801116588,23.670000000000016,49.0,1011.0,,11.0,355.0,352.1440491575109,7.014136192088329,,134.44722926916972,3.9722013461922856,,,,,,,,,,,,,,,,
156,2025-05-15 21:45:45.597064,41.0033721,1.9032619,4.316028118133545,142.42897853579208,23.670000000000016,49.0,1011.0,,11.0,353.0,348.52187864938577,6.736708583416495,,130.95085718517782,4.229710847660112,,,,,,,,,,,,,,,,
157,2025-05-15 21:45:50.596899,41.0032093,1.9030897,4.429677486419678,142.56155250758204,23.670000000000016,49.0,1011.0,,9.9,358.0,356.38202677516506,5.475203878522935,,138.94357928274712,4.420849061421002,,,,,,,,,,,,,,,,
158,2025-05-15 21:45:55.596887,41.003032,1.9029182,4.093257427215576,142.92919426984716,23.670000000000016,49.0,1011.0,,10.4,3.0,4.943721240229966,6.315986300958766,,147.87291551007712,4.078029798198422,,,,,,,,,,,,,,,,
159,2025-05-15 21:46:00.596799,41.0029113,1.9027953,4.319690227508545,143.43206011730015,23.670000000000016,49.0,1011.0,,10.2,354.0,349.6265838461926,5.92121463952578,,133.05864396349273,4.249085415274076,,,,,,,,,,,,,,,,
160,2025-05-15 21:46:05.596866,41.0027139,1.9025868,4.431652069091797,142.79254950531188,23.670000000000016,49.0,1011.0,,9.3,358.0,356.1813915666684,4.87350232693295,,138.97394107198033,4.42181331993084,,,,,,,,,,,,,,,,
161,2025-05-15 21:46:10.597104,41.0025836,1.9024502,4.423885345458984,143.58181884504188,23.670000000000016,49.0,1011.0,,10.1,355.0,351.12543897699067,5.705990606573405,,134.70725782203255,4.370924620035757,,,,,,,,,,,,,,,,
162,2025-05-15 21:46:15.596923,41.0023884,1.9022547,4.540711879730225,143.60541031843508,23.670000000000016,49.0,1011.0,,10.4,3.0,5.320082494875441,5.870323103799683,,148.9254928133105,4.521151676294838,,,,,,,,,,,,,,,,
163,2025-05-15 21:46:20.596824,41.0022379,1.9020956,3.9046573638916016,142.87657449248138,23.670000000000016,49.0,1011.0,,10.4,358.0,356.79856579827737,6.499150027901677,,139.67514029075875,3.8985636250800293,,,,,,,,,,,,,,,,
164,2025-05-15 21:46:25.596992,41.0020903,1.9019282,4.370574951171875,142.54076141174852,23.670000000000016,49.0,1011.0,,10.2,356.0,353.0116359929808,5.84802402684922,,135.55239740472933,4.3381054305380164,,,,,,,,,,,,,,,,
165,2025-05-15 21:46:30.596934,41.0019307,1.901752,4.38322114944458,143.62254043287348,23.670000000000016,49.0,1011.0,,10.7,355.0,351.54820306570235,6.344969339140739,,135.1707434985758,4.33561877919782,,,,,,,,,,,,,,,,
166,2025-05-15 21:46:35.596919,41.001777,1.9015804,4.423731327056885,142.3027703003086,23.670000000000016,49.0,1011.0,,10.8,351.0,344.8579220741317,6.4678600181929005,,127.16069237444026,4.270144048858854,,,,,,,,,,,,,,,,
167,2025-05-15 21:46:40.596833,41.0016287,1.9014192,4.424314022064209,143.37881196253073,23.670000000000016,49.0,1011.0,,10.7,357.0,354.88898384293077,6.28601547737079,,138.2677958054615,4.406722752422662,,,,,,,,,,,,,,,,
168,2025-05-15 21:46:45.596937,41.0014601,1.9012465,4.795614719390869,142.45597144339197,23.670000000000016,49.0,1011.0,,10.4,355.0,350.74866758169594,5.6381476230976375,,133.20463902508789,4.733236375779404,,,,,,,,,,,,,,,,
169,2025-05-15 21:46:50.596606,41.0012579,1.9010812,5.267053604125977,142.14956915722522,23.670000000000016,49.0,1011.0,,10.3,357.0,353.8695026245445,5.047697167054723,,136.01907178176975,5.236932594335812,,,,,,,,,,,,,,,,
170,2025-05-15 21:46:55.596891,41.0011485,1.9009491,3.6634716987609863,142.35149686984747,23.670000000000016,49.0,1011.0,,10.7,357.0,355.4403033473383,7.044158762538642,,137.7918002171857,3.6518769788477936,,,,,,,,,,,,,,,,
171,2025-05-15 21:47:00.596854,41.0010165,1.9008023,4.4772210121154785,143.05724665640653,23.670000000000016,49.0,1011.0,,10.2,353.0,347.5850098020723,5.781954590328558,,130.64225645847887,4.372525962814316,,,,,,,,,,,,,,,,
172,2025-05-15 21:47:05.596908,41.0008981,1.9006838,4.373106479644775,143.39751302047824,23.670000000000016,49.0,1011.0,,10.2,353.0,347.80298454289084,5.883677093254895,,131.20049756336908,4.274391913660492,,,,,,,,,,,,,,,,
173,2025-05-15 21:47:10.596995,41.0007097,1.9004978,4.400053024291992,141.87571955264272,23.670000000000016,49.0,1011.0,,11.0,357.0,355.0035068735837,6.609989615469057,,136.8792264262264,4.383332957982037,,,,,,,,,,,,,,,,
174,2025-05-15 21:47:15.597064,41.0005583,1.9003203,4.300657749176025,141.40741446238997,23.670000000000016,49.0,1011.0,,10.2,357.0,354.81721866527823,5.909524058052514,,136.2246331276682,4.283074900318765,,,,,,,,,,,,,,,,
175,2025-05-15 21:47:20.596836,41.0004281,1.9001594,3.971277952194214,144.06758189881316,23.670000000000016,49.0,1011.0,,9.4,356.0,353.083973832474,5.445446826666641,,137.15155573128715,3.9423817412100997,,,,,,,,,,,,,,,,
176,2025-05-15 21:47:25.596916,41.0002712,1.9000007,4.4076313972473145,143.7482842154934,23.670000000000016,49.0,1011.0,,10.5,355.0,351.4019074262656,6.121206982557407,,135.15019164175902,4.358095608817198,,,,,,,,,,,,,,,,
177,2025-05-15 21:47:30.597231,41.0000981,1.8998416,4.498654842376709,143.46882019541317,23.670000000000016,49.0,1011.0,,11.1,357.0,354.95927769447314,6.6117037473390035,,138.42809788988632,4.481256301783955,,,,,,,,,,,,,,,,
178,2025-05-15 21:47:35.597018,40.9998871,1.8996229,4.9462761878967285,143.44117158965295,23.670000000000016,49.0,1011.0,,11.1,357.0,354.5938117636209,6.165939010968576,,138.0349833532739,4.924274135540186,,,,,,,,,,,,,,,,
179,2025-05-15 21:47:40.596805,40.9997921,1.8995057,3.9972012042999268,143.62221258379333,23.670000000000016,49.0,1011.0,,10.9,356.0,353.6901148237109,6.918157081538543,,137.31232740750426,3.9729861926809105,,,,,,,,,,,,,,,,
180,2025-05-15 21:47:45.597030,40.9996486,1.8993499,4.309455394744873,142.76838429602836,23.670000000000016,49.0,1011.0,,11.0,357.0,355.07098154615414,6.700247622998936,,137.83936584218247,4.29351863009572,,,,,,,,,,,,,,,,
181,2025-05-15 21:47:50.597242,40.9995255,1.8991895,4.43816614151001,142.67741983666212,23.670000000000016,49.0,1011.0,,11.0,0.0,0.0,11.0,,142.67741983666212,4.43816614151001,,,,,,,,,,,,,,,,
182,2025-05-15 21:47:55.597092,40.9993655,1.8990239,4.465662956237793,142.4280906112,23.670000000000016,49.0,1011.0,,9.9,356.0,352.7258019897192,5.454118268745319,,135.15389260091916,4.429721349161288,,,,,,,,,,,,,,,,
183,2025-05-15 21:48:00.596823,40.9991529,1.8988251,5.0255560874938965,142.41974412003424,23.670000000000016,49.0,1011.0,,11.1,355.0,350.8886463732212,6.109289343086592,,133.30839049325544,4.962145867465909,,,,,,,,,,,,,,,,
184,2025-05-15 21:48:05.597024,40.9989986,1.898659,4.480606555938721,142.59400956651794,23.670000000000016,49.0,1011.0,,10.2,355.0,351.1055763330743,5.749720219783835,,133.6995858995922,4.426726896200313,,,,,,,,,,,,,,,,
185,2025-05-15 21:48:10.597143,40.998862,1.8985159,4.36967658996582,142.02184461974596,23.670000000000016,49.0,1011.0,,10.4,352.0,346.2814055539785,6.1032228033445435,,128.30325017372445,4.2450193595623595,,,,,,,,,,,,,,,,
186,2025-05-15 21:48:15.596868,40.9987416,1.8983866,4.307938575744629,142.8323148666597,23.670000000000016,49.0,1011.0,,10.4,355.0,351.48268901466395,6.119982593117823,,134.3150038813236,4.260427010543145,,,,,,,,,,,,,,,,
187,2025-05-15 21:48:20.596838,40.9985944,1.8982502,4.315290451049805,142.69627115877137,23.670000000000016,49.0,1011.0,,10.4,354.0,349.7766621751163,6.124981162200766,,132.47293333388768,4.246778292708397,,,,,,,,,,,,,,,,
188,2025-05-15 21:48:25.596949,40.9984445,1.8980975,4.420406818389893,142.35134660568573,23.670000000000016,49.0,1011.0,,10.4,0.0,0.0,10.4,,142.35134660568573,4.420406818389893,,,,,,,,,,,,,,,,
189,2025-05-15 21:48:30.597019,40.9982996,1.8979421,4.4103193283081055,143.1193057552053,23.670000000000016,49.0,1011.0,,10.1,356.0,352.9107795350555,5.7087197455739735,,136.03008529026079,4.376603206663569,,,,,,,,,,,,,,,,
190,2025-05-15 21:48:35.596881,40.9981393,1.8977743,4.453677654266357,143.88132264014692,23.670000000000016,49.0,1011.0,,10.2,354.0,349.38781742524804,5.78946749102827,,133.26914006539494,4.377502905125787,,,,,,,,,,,,,,,,
191,2025-05-15 21:48:40.596867,40.9979747,1.8975975,4.479972839355469,142.20975678419137,23.670000000000016,49.0,1011.0,,10.2,356.0,352.8787629442848,5.739454302236543,,135.08851972847617,4.445414579857502,,,,,,,,,,,,,,,,
192,2025-05-15 21:48:45.596858,40.9978206,1.8974174,4.430206298828125,142.282498298852,23.670000000000016,49.0,1011.0,,10.9,351.0,344.9365871755431,6.56104199807411,,127.21908547439511,4.277979021153139,,,,,,,,,,,,,,,,
193,2025-05-15 21:48:50.596832,40.9976971,1.897269,4.583729267120361,143.0061021999015,23.670000000000016,49.0,1011.0,,10.3,356.0,352.8046733784757,5.736354697400781,,135.81077557837716,4.547632036682841,,,,,,,,,,,,,,,,
194,2025-05-15 21:48:55.596936,40.9975217,1.8970494,4.550072193145752,141.6910039167289,23.670000000000016,49.0,1011.0,,10.4,357.0,354.67143327254655,5.861003176432169,,136.36243718927545,4.530409147068654,,,,,,,,,,,,,,,,
195,2025-05-15 21:49:00.596811,40.9973992,1.8969213,4.410359859466553,141.99054869296899,23.670000000000016,49.0,1011.0,,10.5,354.0,349.6878002581143,6.131156963367056,,131.6783489510833,4.339119069897495,,,,,,,,,,,,,,,,
196,2025-05-15 21:49:05.596811,40.9971924,1.8967204,4.710714817047119,142.8493766792064,23.670000000000016,49.0,1011.0,,11.3,350.0,342.9986669101286,6.710892531835686,,125.84804358933496,4.504846937406229,,,,,,,,,,,,,,,,
197,2025-05-15 21:49:10.596838,40.9970131,1.896537,4.600383281707764,142.92769162822975,23.670000000000016,49.0,1011.0,,10.8,356.0,353.04221920769135,6.219107941406077,,135.9699108359211,4.566504602401399,,,,,,,,,,,,,,,,
198,2025-05-15 21:49:15.596808,40.99685,1.8963654,4.351309776306152,142.4686072933565,23.670000000000016,49.0,1011.0,,11.3,356.0,353.5026059522649,6.9659059820117974,,135.9712132456214,4.323361328442627,,,,,,,,,,,,,,,,
199,2025-05-15 21:49:20.597149,40.9966951,1.8962087,4.637997150421143,142.48321023780198,23.670000000000016,49.0,1011.0,,10.6,356.0,352.899732973981,5.982056005338023,,135.38294321178296,4.602430028450828,,,,,,,,,,,,,,,,
200,2025-05-15 21:49:25.596821,40.9965653,1.8960726,4.362233638763428,143.84542316586933,23.670000000000016,49.0,1011.0,,10.3,358.0,356.53195880163827,5.942374177964231,,140.37738196750763,4.354245059306603,,,,,,,,,,,,,,,,
201,2025-05-15 21:49:30.596764,40.9963812,1.8958838,4.370053291320801,142.29443746952117,23.670000000000016,49.0,1011.0,,10.4,352.0,346.28056683581093,6.102856849101794,,128.57500430533207,4.245370143166139,,,,,,,,,,,,,,,,
202,2025-05-15 21:49:35.596892,40.9962253,1.8957292,4.426780700683594,142.3660861539146,23.670000000000016,49.0,1011.0,,10.2,354.0,349.4366157012648,5.815906514237021,,131.8027018551794,4.351758743181196,,,,,,,,,,,,,,,,
203,2025-05-15 21:49:40.596811,40.9960771,1.8955749,4.539368629455566,143.24578719825558,23.670000000000016,49.0,1011.0,,10.6,357.0,354.75749728186594,6.071502186841065,,138.00328448012152,4.520379961327031,,,,,,,,,,,,,,,,
204,2025-05-15 21:49:45.596840,40.9959531,1.895444,4.420573711395264,142.8573270194003,23.670000000000016,49.0,1011.0,,11.1,357.0,355.01803823529167,6.689486417613102,,137.87536525469193,4.403873171455975,,,,,,,,,,,,,,,,
205,2025-05-15 21:49:50.596954,40.9957991,1.8952778,4.440288066864014,143.18055889168195,23.670000000000016,49.0,1011.0,,11.6,352.0,347.09636606340473,7.229384951745664,,130.27692495508666,4.328157617863973,,,,,,,,,,,,,,,,
206,2025-05-15 21:49:55.596805,40.9956406,1.8951051,4.4255194664001465,142.97991525462365,23.670000000000016,49.0,1011.0,,11.5,354.0,350.2715567344526,7.1137805961441325,,133.2514719890762,4.361879189532067,,,,,,,,,,,,,,,,
207,2025-05-15 21:50:00.596795,40.9954802,1.8949302,4.4263129234313965,142.30483301743794,23.670000000000016,49.0,1011.0,,10.6,355.0,351.43407965597896,6.202539270983155,,133.7389126734169,4.376938067106291,,,,,,,,,,,,,,,,
208,2025-05-15 21:50:05.596860,40.9953186,1.8947495,4.418527126312256,143.11557647191844,23.670000000000016,49.0,1011.0,,10.6,359.0,358.28534949025345,6.182626764207578,,141.40092596217187,4.416548694537453,,,,,,,,,,,,,,,,
209,2025-05-15 21:50:10.596821,40.9951329,1.8945518,4.764613151550293,144.0606287662381,23.670000000000016,49.0,1011.0,,11.1,357.0,354.74832214537673,6.346817050692562,,138.80895091161483,4.744612485288178,,,,,,,,,,,,,,,,
210,2025-05-15 21:50:15.596821,40.9950046,1.8944181,4.57128381729126,141.66877848116968,23.670000000000016,49.0,1011.0,,10.5,351.0,344.1864200769895,6.027566461893459,,125.8551985581592,4.3982764142406605,,,,,,,,,,,,,,,,
211,2025-05-15 21:50:20.596850,40.9948194,1.8942152,4.480257511138916,141.83009388898702,23.670000000000016,49.0,1011.0,,11.8,353.0,348.7533048756817,7.373381577098809,,130.5833987646687,4.39422102835749,,,,,,,,,,,,,,,,
212,2025-05-15 21:50:25.596850,40.9946742,1.8940514,4.399019718170166,141.95493608663654,23.670000000000016,49.0,1011.0,,12.2,358.0,356.87294958536455,7.805170055674326,,138.82788567200112,4.392469698421723,,,,,,,,,,,,,,,,
213,2025-05-15 21:50:30.597016,40.9945579,1.8939197,4.439748287200928,143.86144678966218,23.670000000000016,49.0,1011.0,,11.6,355.0,351.9139360117246,7.187569749758627,,135.7753828013868,4.39560786458962,,,,,,,,,,,,,,,,
214,2025-05-15 21:50:35.596820,40.9943815,1.8937286,4.608397960662842,142.4164929499893,23.670000000000016,49.0,1011.0,,11.6,354.0,350.07278860824846,7.033362618023335,,132.48928155823774,4.539399003537761,,,,,,,,,,,,,,,,
215,2025-05-15 21:50:40.596911,40.9942575,1.8936081,4.370650768280029,143.36946826374617,23.670000000000016,49.0,1011.0,,11.6,0.0,0.0,11.6,,143.36946826374617,4.370650768280029,,,,,,,,,,,,,,,,
216,2025-05-15 21:50:45.597290,40.994096,1.8934411,4.429771900177002,143.90949034028407,23.670000000000016,49.0,1011.0,,11.2,356.0,353.3908849772185,6.788055704096737,,137.30037531750258,4.4003337092849195,,,,,,,,,,,,,,,,
217,2025-05-15 21:50:50.596754,40.9939416,1.8932777,4.420020580291748,143.25174312321184,23.670000000000016,49.0,1011.0,,11.6,355.0,351.9359962660864,7.207101856030876,,135.18773938929826,4.376315346078192,,,,,,,,,,,,,,,,
218,2025-05-15 21:50:55.596899,40.9937922,1.8931143,4.449921607971191,141.8363640026451,23.670000000000016,49.0,1011.0,,11.2,355.0,351.71980824159,6.778116560720218,,133.55617224423509,4.4035340081152805,,,,,,,,,,,,,,,,
219,2025-05-15 21:51:00.596894,40.9936467,1.8929528,4.4345526695251465,143.5887583172386,23.670000000000016,49.0,1011.0,,12.3,356.0,353.7508711287814,7.882321958349794,,137.33962944602,4.408202527968906,,,,,,,,,,,,,,,,
220,2025-05-15 21:51:05.596842,40.9935006,1.8927886,4.409658432006836,142.20154689680902,23.670000000000016,49.0,1011.0,,11.9,351.0,345.7758441474078,7.576102155305485,,127.9773910442168,4.274466428627169,,,,,,,,,,,,,,,,
221,2025-05-15 21:51:10.597021,40.9933545,1.8926215,4.409842491149902,142.80988452542536,23.670000000000016,49.0,1011.0,,11.1,357.0,355.0260074554011,6.700177161059229,,137.83589198082643,4.3932357159017,,,,,,,,,,,,,,,,
222,2025-05-15 21:51:15.596806,40.9932311,1.8924868,4.430390357971191,143.14479602118777,23.670000000000016,49.0,1011.0,,11.4,0.0,0.0,11.4,,143.14479602118777,4.430390357971191,,,,,,,,,,,,,,,,
223,2025-05-15 21:51:20.597028,40.9930401,1.892275,4.420502662658691,143.5560553714926,23.670000000000016,49.0,1011.0,,11.0,358.0,356.6573478244095,6.583997868266023,,140.21340319590206,4.412982009014501,,,,,,,,,,,,,,,,
224,2025-05-15 21:51:25.597006,40.9929118,1.8921381,4.4236741065979,143.13830734147626,23.670000000000016,49.0,1011.0,,10.9,351.0,344.9513979427659,6.5673499556499095,,128.08970528424214,4.271968323415458,,,,,,,,,,,,,,,,
225,2025-05-15 21:51:30.597181,40.9927207,1.8919203,4.341574192047119,142.11453028678304,23.670000000000016,49.0,1011.0,,11.0,355.0,351.7554573318569,6.6856634863179245,,133.86998761863993,4.29670423887178,,,,,,,,,,,,,,,,
226,2025-05-15 21:51:35.596830,40.9926007,1.8917886,4.380128383636475,144.47807626793093,23.670000000000016,49.0,1011.0,,10.7,356.0,353.23677499666235,6.337910569021608,,137.71485126459328,4.3496483866021,,,,,,,,,,,,,,,,
227,2025-05-15 21:51:40.596665,40.9924479,1.8916387,4.389939785003662,143.51551136857938,23.670000000000016,49.0,1011.0,,10.9,356.0,353.311259164091,6.527940415419906,,136.82677053267037,4.360059911262757,,,,,,,,,,,,,,,,
228,2025-05-15 21:51:45.596453,40.9922887,1.8914888,4.459761142730713,141.52031748937029,23.670000000000016,49.0,1011.0,,10.8,354.0,349.8109253292128,6.381719140776296,,131.33124281858306,4.389427842418574,,,,,,,,,,,,,,,,
229,2025-05-15 21:51:50.596739,40.9921284,1.891328,4.500280380249023,141.99877224072966,23.670000000000016,49.0,1011.0,,11.2,354.0,349.99835969152844,6.740806356474459,,131.99713193225807,4.431888634975454,,,,,,,,,,,,,,,,
230,2025-05-15 21:51:55.597100,40.9919691,1.891158,4.632780075073242,142.58039016931295,23.670000000000016,49.0,1011.0,,11.2,354.0,349.798900529462,6.610360343556482,,132.37929069877498,4.5595460588694445,,,,,,,,,,,,,,,,
231,2025-05-15 21:52:00.597780,40.991818,1.8909887,4.3774189949035645,144.01772151787208,23.670000000000016,49.0,1011.0,,11.0,356.0,353.3643193184294,6.640268742126008,,137.38204083630148,4.348094649322341,,,,,,,,,,,,,,,,
232,2025-05-15 21:52:05.596952,40.9916758,1.8908293,4.479702472686768,142.43237996999875,23.670000000000016,49.0,1011.0,,10.9,354.0,349.84441739428104,6.461826244837291,,132.2767973642798,4.409517153395005,,,,,,,,,,,,,,,,
233,2025-05-15 21:52:10.597310,40.9915141,1.8906653,4.396352767944336,141.9669708799541,23.670000000000016,49.0,1011.0,,10.9,355.0,351.63690355745433,6.5316253199191125,,133.60387443740842,4.349602911751452,,,,,,,,,,,,,,,,
234,2025-05-15 21:52:15.596863,40.9913239,1.8904604,4.409989356994629,143.57311718403926,23.670000000000016,49.0,1011.0,,10.6,356.0,353.1598300592737,6.208379259033767,,136.732947243313,4.378600161071245,,,,,,,,,,,,,,,,
235,2025-05-15 21:52:20.596997,40.9911992,1.8903237,4.429925918579102,141.79368898071087,23.670000000000016,49.0,1011.0,,10.9,3.0,5.0502992619190845,6.4802937986189475,,146.84398824262996,4.41272806579158,,,,,,,,,,,,,,,,
236,2025-05-15 21:52:25.597140,40.9910437,1.8901492,4.310332298278809,141.1620740674031,23.670000000000016,49.0,1011.0,,9.7,352.0,345.6976408673918,5.46464146792418,,126.85971493479485,4.176735964600992,,,,,,,,,,,,,,,,
237,2025-05-15 21:52:30.597251,40.9908934,1.88997,4.369858264923096,142.7796950892939,23.670000000000016,49.0,1011.0,,10.6,352.0,346.4621956781613,6.302082341282527,,129.24189076745523,4.24844472099363,,,,,,,,,,,,,,,,
238,2025-05-15 21:52:35.596860,40.9907362,1.8897901,4.401881217956543,143.15676251261362,23.670000000000016,49.0,1011.0,,9.9,355.0,351.0205539870225,5.528197697625448,,134.1773164996361,4.347933502777851,,,,,,,,,,,,,,,,
239,2025-05-15 21:52:40.596765,40.9905363,1.889589,4.401492595672607,142.42627378088076,23.670000000000016,49.0,1011.0,,10.8,355.0,351.5779389099787,6.426715769331933,,134.00421269085945,4.35402695242248,,,,,,,,,,,,,,,,
240,2025-05-15 21:52:45.596881,40.9904106,1.8894624,4.40888786315918,142.9356692891803,23.670000000000016,49.0,1011.0,,10.6,354.0,349.75934830255136,6.23232695630172,,132.6950175917317,4.338653034334191,,,,,,,,,,,,,,,,
241,2025-05-15 21:52:50.596840,40.9902552,1.8893109,4.439486026763916,142.80493946846627,23.670000000000016,49.0,1011.0,,10.7,355.0,351.4728663584059,6.289320942723465,,134.27780582687217,4.390410856793896,,,,,,,,,,,,,,,,
242,2025-05-15 21:52:55.597083,40.9900922,1.8891573,4.709067344665527,141.72855629678563,23.670000000000016,49.0,1011.0,,10.4,353.0,347.27665061701254,5.7547205409671465,,129.00520691379813,4.593435585830387,,,,,,,,,,,,,,,,
243,2025-05-15 21:53:00.597152,40.9900011,1.8890664,4.703160285949707,143.4172659275579,23.670000000000016,49.0,1011.0,,10.0,358.0,356.2260511297993,5.302245912795979,,139.6433170573572,4.69296147551378,,,,,,,,,,,,,,,,
244,2025-05-15 21:53:05.596582,40.9897323,1.8887626,4.64201545715332,142.9541927622094,23.670000000000016,49.0,1011.0,,10.0,355.0,350.69595945528096,5.390851859115481,,133.65015221749036,4.580946575735101,,,,,,,,,,,,,,,,
245,2025-05-15 21:53:10.597094,40.9895763,1.8885848,4.351219177246094,144.03027540556656,23.670000000000016,49.0,1011.0,,9.4,355.0,350.7183452738066,5.07951499710448,,134.74862067937318,4.294250444247533,,,,,,,,,,,,,,,,
246,2025-05-15 21:53:15.596778,40.9894338,1.8884265,4.337520122528076,141.9524362374003,23.670000000000016,49.0,1011.0,,9.6,350.0,341.9541571603651,5.381348405325881,,123.90659339776539,4.1241530174139145,,,,,,,,,,,,,,,,
247,2025-05-15 21:53:20.596900,40.9892936,1.8882589,4.399354457855225,143.54829627659544,23.670000000000016,49.0,1011.0,,10.3,357.0,354.76771893298303,5.9111605086650645,,138.3160152095785,4.381023127271268,,,,,,,,,,,,,,,,
248,2025-05-15 21:53:25.597076,40.9891768,1.8881368,4.460791110992432,142.68250149740462,23.670000000000016,49.0,1011.0,,10.6,354.0,349.6738158944743,6.181257429385312,,132.35631739187886,4.388540671178229,,,,,,,,,,,,,,,,
249,2025-05-15 21:53:30.596807,40.9890863,1.8880458,4.4577765464782715,142.80358709101063,23.670000000000016,49.0,1011.0,,9.7,356.0,352.6123016531448,5.262278002660495,,135.41588874415544,4.420771618380982,,,,,,,,,,,,,,,,
250,2025-05-15 21:53:35.597110,40.9889374,1.8878948,4.390824317932129,144.29453542455437,23.670000000000016,49.0,1011.0,,10.9,354.0,349.981514077042,6.54933065829988,,134.2760495015964,4.323871605530711,,,,,,,,,,,,,,,,
251,2025-05-15 21:53:40.597107,40.9887011,1.8875811,5.59241247177124,144.08607805108556,23.670000000000016,49.0,1011.0,,11.6,354.0,348.47037206275627,6.066453572618674,,132.55645011384183,5.479565861751213,,,,,,,,,,,,,,,,
252,2025-05-15 21:53:45.596785,40.9884935,1.8874158,4.652552604675293,216.02908325195312,23.670000000000016,49.0,1011.0,,11.3,355.0,351.5185117840098,6.67747523954211,,207.5475950359629,4.601670278169744,,,,,,,,,,,,,,,,
253,2025-05-15 21:53:50.596825,40.9883439,1.887277,4.45037317276001,141.41864329338546,23.670000000000016,49.0,1011.0,,11.1,353.0,348.3601460214924,6.7047717613523306,,129.77878931487788,4.35885189920028,,,,,,,,,,,,,,,,
254,2025-05-15 21:53:55.596941,40.9882328,1.8871484,4.4200358390808105,143.1680459851225,23.670000000000016,49.0,1011.0,,11.7,356.0,353.57839584554694,7.29724781248835,,136.74644183066943,4.392303728171983,,,,,,,,,,,,,,,,
255,2025-05-15 21:54:00.596629,40.9880879,1.8869608,4.280374050140381,142.9388384969552,23.670000000000016,49.0,1011.0,,11.5,355.0,352.04863713736,7.245524516094792,,134.98747563431522,4.239221904576807,,,,,,,,,,,,,,,,
256,2025-05-15 21:54:05.596821,40.9879106,1.8867479,4.349837779998779,142.66751606236562,23.670000000000016,49.0,1011.0,,11.2,356.0,353.46764156573835,6.86746478195817,,136.13515762810397,4.321597608494354,,,,,,,,,,,,,,,,
257,2025-05-15 21:54:10.596548,40.9877703,1.8865776,4.419797420501709,144.08572288124873,23.670000000000016,49.0,1011.0,,11.1,356.0,353.36176539460536,6.698068429056937,,137.44748827585408,4.390166411727542,,,,,,,,,,,,,,,,
258,2025-05-15 21:54:15.596940,40.9876493,1.8864502,4.41989803314209,143.42757951320465,23.670000000000016,49.0,1011.0,,10.7,357.0,354.89256711578565,6.29041392042582,,138.3201466289903,4.402348938159361,,,,,,,,,,,,,,,,
259,2025-05-15 21:54:20.597055,40.98745,1.8862586,4.484488010406494,142.96199283824154,23.670000000000016,49.0,1011.0,,10.0,358.0,356.3754339526998,5.520462760125506,,139.33742679094132,4.475517755097119,,,,,,,,,,,,,,,,
260,2025-05-15 21:54:25.597083,40.9873091,1.8861263,4.620385646820068,141.44297242720904,23.670000000000016,49.0,1011.0,,11.9,355.0,351.84135688913796,7.308299106783236,,133.284329316347,4.573622375307711,,,,,,,,,,,,,,,,
261,2025-05-15 21:54:30.596900,40.9871003,1.8859213,4.463962078094482,140.61426557521142,23.670000000000016,49.0,1011.0,,10.6,358.0,356.5462536962804,6.140733756716721,,137.1605192714918,4.455854435522143,,,,,,,,,,,,,,,,
262,2025-05-15 21:54:35.596889,40.9869789,1.885787,4.391524791717529,144.05159925615536,23.670000000000016,49.0,1011.0,,11.5,358.0,356.765332431668,7.112801792997673,,140.8169316878234,4.384528240240059,,,,,,,,,,,,,,,,
263,2025-05-15 21:54:40.596889,40.9868391,1.8856202,4.259824752807617,142.85557849097276,23.670000000000016,49.0,1011.0,,11.1,357.0,355.13480885213966,6.849642305968634,,137.9903873431124,4.2444766279973605,,,,,,,,,,,,,,,,
264,2025-05-15 21:54:45.596851,40.9867021,1.8854701,4.099359512329102,142.46646261395713,23.670000000000016,49.0,1011.0,,10.9,3.0,4.805454654520764,6.809639057313099,,147.2719172684779,4.084949806410488,,,,,,,,,,,,,,,,
265,2025-05-15 21:54:50.596886,40.9865324,1.8852964,4.519259929656982,141.89439328983354,23.670000000000016,49.0,1011.0,,10.8,2.0,3.437860630819657,6.285472207379297,,145.33225392065322,4.511127163356266,,,,,,,,,,,,,,,,
266,2025-05-15 21:54:55.597103,40.9863711,1.8851156,4.370389938354492,144.2665316489573,23.670000000000016,49.0,1011.0,,11.0,2.0,3.3174164579666865,6.634025978674903,,147.583948106924,4.363066355715364,,,,,,,,,,,,,,,,
267,2025-05-15 21:55:00.596862,40.986248,1.8849841,4.419717788696289,140.41257008902093,23.670000000000016,49.0,1011.0,,10.9,354.0,349.9373488622491,6.520879701819634,,130.34991895127007,4.351730531606101,,,,,,,,,,,,,,,,
268,2025-05-15 21:55:05.596590,40.9860651,1.8847836,4.444915294647217,142.6989759136827,23.670000000000016,49.0,1011.0,,11.1,354.0,350.0209260792851,6.695574360801635,,132.71990199296783,4.377668654206987,,,,,,,,,,,,,,,,
269,2025-05-15 21:55:10.596834,40.985945,1.8846495,4.3403215408325195,143.21492840358547,23.670000000000016,49.0,1011.0,,11.0,355.0,351.75699644993966,6.686903193857248,,134.97192485352514,4.295481251391462,,,,,,,,,,,,,,,,
270,2025-05-15 21:55:15.596836,40.9857864,1.884489,4.320714950561523,141.43386095485624,23.670000000000016,49.0,1011.0,,11.5,353.0,348.82383532154,7.230689508205271,,130.25769627639625,4.23877636305389,,,,,,,,,,,,,,,,
271,2025-05-15 21:55:20.597142,40.9856232,1.8843314,4.4106125831604,142.21780274703363,23.670000000000016,49.0,1011.0,,10.7,1.0,1.7011330721847455,6.290530159932293,,143.91893581921838,4.4086687082068075,,,,,,,,,,,,,,,,
272,2025-05-15 21:55:25.596862,40.9854676,1.8841681,4.353724002838135,141.51636964003,23.670000000000016,49.0,1011.0,,10.6,350.0,343.1704162503775,6.357530358599759,,124.68678589040752,4.167254582978004,,,,,,,,,,,,,,,,
273,2025-05-15 21:55:30.596992,40.985307,1.883983,4.38846492767334,142.93558732691028,23.670000000000016,49.0,1011.0,,10.9,357.0,354.98176642020394,6.521594851032884,,137.91735374711425,4.371643553457761,,,,,,,,,,,,,,,,
274,2025-05-15 21:55:35.597025,40.9851952,1.8838544,4.449635028839111,143.6511862462525,23.670000000000016,49.0,1011.0,,11.1,355.0,351.67107392332025,6.678566402547428,,135.32226016957276,4.402703766968747,,,,,,,,,,,,,,,,
275,2025-05-15 21:55:40.596980,40.9850083,1.8836664,4.608089923858643,143.49921453721973,23.670000000000016,49.0,1011.0,,11.5,1.0,1.6684906896636635,6.893081073741125,,145.16770522688338,4.606136202747437,,,,,,,,,,,,,,,,
276,2025-05-15 21:55:45.596973,40.9848395,1.88348,4.777818202972412,143.07034695923463,23.670000000000016,49.0,1011.0,,10.2,357.0,354.3627739731384,5.434485371169774,,137.43312093237307,4.754711664516159,,,,,,,,,,,,,,,,
277,2025-05-15 21:55:50.597058,40.9846698,1.883298,4.451552867889404,142.77877984394513,23.670000000000016,49.0,1011.0,,10.1,0.0,0.0,10.1,,142.77877984394513,4.451552867889404,,,,,,,,,,,,,,,,
278,2025-05-15 21:55:55.596929,40.9845461,1.8831713,4.423923969268799,142.85541456643267,23.670000000000016,49.0,1011.0,,9.6,358.0,356.29236860820964,5.181071880121142,,139.1477831746423,4.414664759107508,,,,,,,,,,,,,,,,
279,2025-05-15 21:56:00.596828,40.9843855,1.8830162,4.290707588195801,142.89134136146694,23.670000000000016,49.0,1011.0,,10.1,353.0,347.88456815122834,5.864633019794614,,130.7759095126953,4.195139556870064,,,,,,,,,,,,,,,,
280,2025-05-15 21:56:05.596833,40.9842274,1.8828576,4.458266735076904,142.95599593215027,23.670000000000016,49.0,1011.0,,10.0,355.0,351.00142066413133,5.572262430812552,,133.95741659628163,4.403395365022817,,,,,,,,,,,,,,,,
281,2025-05-15 21:56:10.597037,40.9840318,1.882661,4.202544689178467,141.68996572797505,23.670000000000016,49.0,1011.0,,10.8,357.0,355.09226002482444,6.606876759359632,,136.7822257527995,4.187137102543245,,,,,,,,,,,,,,,,
282,2025-05-15 21:56:15.596880,40.9838666,1.8825059,4.499321937561035,143.510675594647,23.670000000000016,49.0,1011.0,,10.1,355.0,351.0070340909951,5.631469131749987,,134.5177096856421,4.4440141949934535,,,,,,,,,,,,,,,,
283,2025-05-15 21:56:20.596893,40.9837044,1.8823601,4.4102091789245605,142.37191913546582,23.670000000000016,49.0,1011.0,,11.6,353.0,348.74421995668763,7.24263393781952,,131.11613909215345,4.325381427446376,,,,,,,,,,,,,,,,
284,2025-05-15 21:56:25.596924,40.9835813,1.8822449,4.350191593170166,142.67586255353137,23.670000000000016,49.0,1011.0,,11.6,2.0,3.1992273025969253,7.2540473103450225,,145.8750898561283,4.34341189311809,,,,,,,,,,,,,,,,
285,2025-05-15 21:56:30.596858,40.9834099,1.882051,4.723928451538086,143.64378232119222,23.670000000000016,49.0,1011.0,,11.3,354.0,349.7225945146871,6.620389999868227,,133.36637683587935,4.648135248498835,,,,,,,,,,,,,,,,
286,2025-05-15 21:56:35.596909,40.9832926,1.8819021,4.49281644821167,142.04984839534302,23.670000000000016,49.0,1011.0,,11.2,353.0,348.3561294079824,6.762873627502343,,130.4059778033254,4.400358777892241,,,,,,,,,,,,,,,,
287,2025-05-15 21:56:40.596949,40.9831148,1.8816813,4.609513282775879,142.3907841179534,23.670000000000016,49.0,1011.0,,10.7,358.0,356.48767960126963,6.095417906833665,,138.87846371922302,4.600854994214755,,,,,,,,,,,,,,,,
288,2025-05-15 21:56:45.597023,40.982958,1.8815068,4.246158123016357,143.36672252769984,23.670000000000016,49.0,1011.0,,10.5,351.0,344.98700905590243,6.341006270829521,,128.35373158360227,4.101224509658043,,,,,,,,,,,,,,,,
289,2025-05-15 21:56:50.596993,40.982836,1.8813808,4.434276103973389,142.5909633021481,23.670000000000016,49.0,1011.0,,9.9,352.0,345.60809104949914,5.543337288858289,,128.19905435164725,4.295120849979121,,,,,,,,,,,,,,,,
290,2025-05-15 21:56:55.596969,40.9826776,1.881208,4.340263843536377,142.1643087054541,23.670000000000016,49.0,1011.0,,11.1,355.0,351.8048247491066,6.78680251828162,,133.96913345456073,4.295942101546595,,,,,,,,,,,,,,,,
291,2025-05-15 21:57:00.596859,40.9825213,1.8810374,4.454164505004883,143.51710963284518,23.670000000000016,49.0,1011.0,,10.3,354.0,349.4651835114183,5.888670516014197,,132.98229314426345,4.37908505628943,,,,,,,,,,,,,,,,
292,2025-05-15 21:57:05.597227,40.982321,1.8808227,4.491362571716309,142.3887760423374,23.670000000000016,49.0,1011.0,,11.5,359.0,358.3592892898877,7.009759760180261,,140.7480653322251,4.489521218079827,,,,,,,,,,,,,,,,
293,2025-05-15 21:57:10.596885,40.9821913,1.8806879,4.3219380378723145,142.71251334861768,23.670000000000016,49.0,1011.0,,11.3,357.0,355.14499001356614,6.987646959888641,,137.85750336218382,4.306431185363624,,,,,,,,,,,,,,,,
294,2025-05-15 21:57:15.596788,40.9820339,1.8805227,4.600008010864258,142.6435557587572,23.670000000000016,49.0,1011.0,,11.1,359.0,358.29245375209905,6.501188295730593,,140.93600951085625,4.597965350634572,,,,,,,,,,,,,,,,
295,2025-05-15 21:57:20.596870,40.9818743,1.8803405,4.328128337860107,143.83278731590482,23.670000000000016,49.0,1011.0,,10.8,356.0,353.3334069703547,6.48944172006888,,137.1661942862595,4.2988637281613045,,,,,,,,,,,,,,,,
296,2025-05-15 21:57:25.596798,40.9816962,1.8801228,4.43807315826416,141.60615930685898,23.670000000000016,49.0,1011.0,,11.0,354.0,349.97099782125247,6.602556544023388,,131.57715712811148,4.370258197720952,,,,,,,,,,,,,,,,
297,2025-05-15 21:57:30.596860,40.9815803,1.8799742,4.390722751617432,143.23776855616998,23.670000000000016,49.0,1011.0,,10.1,359.0,358.23112472395815,5.710460140076953,,141.4688932801281,4.38863046738176,,,,,,,,,,,,,,,,
298,2025-05-15 21:57:35.597064,40.9814402,1.8798069,4.4090704917907715,142.95662430955392,23.670000000000016,49.0,1011.0,,10.2,356.0,352.96544617623874,5.809816362078379,,135.9220704857927,4.37588110092661,,,,,,,,,,,,,,,,
299,2025-05-15 21:57:40.596840,40.9812667,1.8796154,4.410076141357422,143.26579965252373,23.670000000000016,49.0,1011.0,,10.4,2.0,3.4712157987856673,5.99458647583799,,146.7370154513094,4.401985159764724,,,,,,,,,,,,,,,,
300,2025-05-15 21:57:45.597026,40.9811471,1.879483,4.449835300445557,141.43666133241595,23.670000000000016,49.0,1011.0,,10.0,2.0,3.60197086648144,5.555046586741679,,145.0386321988974,4.4410449532322405,,,,,,,,,,,,,,,,
301,2025-05-15 21:57:50.596830,40.9809557,1.8792845,4.400845050811768,142.21039882197334,23.670000000000016,49.0,1011.0,,10.5,356.0,353.1236228531368,6.117582535505875,,135.33402167511014,4.369188846227616,,,,,,,,,,,,,,,,
302,2025-05-15 21:57:55.596822,40.9808313,1.8791623,4.519431114196777,141.38973793281798,23.670000000000016,49.0,1011.0,,10.7,356.0,353.08516027786004,6.199598909848453,,134.47489821067802,4.486557644290896,,,,,,,,,,,,,,,,
303,2025-05-15 21:58:00.596910,40.9806504,1.8789856,4.236625671386719,142.67558934596457,23.670000000000016,49.0,1011.0,,10.3,356.0,353.2143156262147,6.0808802419779,,135.8899049721793,4.206948366625596,,,,,,,,,,,,,,,,
304,2025-05-15 21:58:05.597255,40.9805111,1.8788405,4.4593329429626465,142.46711831211744,23.670000000000016,49.0,1011.0,,10.6,355.0,351.38840713689905,6.169889545066463,,133.85552544901645,4.409058890607843,,,,,,,,,,,,,,,,
305,2025-05-15 21:58:10.596681,40.9803575,1.8786719,4.500022888183594,142.700956668542,23.670000000000016,49.0,1011.0,,10.1,352.0,345.6678663632598,5.67841357279764,,128.3688230318018,4.359968912734161,,,,,,,,,,,,,,,,
306,2025-05-15 21:58:15.597134,40.9801953,1.878493,4.490081787109375,141.5974576458564,23.670000000000016,49.0,1011.0,,10.0,356.0,352.7529445313192,5.529733355596595,,134.35040217717562,4.454212472217549,,,,,,,,,,,,,,,,
307,2025-05-15 21:58:20.596739,40.9800714,1.878346,4.350759029388428,143.61308745106217,23.670000000000016,49.0,1011.0,,10.2,354.0,349.5721702471661,5.890656309900059,,133.18525769822827,4.278900470063634,,,,,,,,,,,,,,,,
308,2025-05-15 21:58:25.596651,40.9799284,1.8781782,4.2103657722473145,143.67774202174553,23.670000000000016,49.0,1011.0,,10.0,353.0,347.96247823928155,5.843589055638974,,131.64022026102708,4.117785025134921,,,,,,,,,,,,,,,,
309,2025-05-15 21:58:30.596844,40.9797831,1.8780175,4.168060302734375,143.9204596240911,23.670000000000016,49.0,1011.0,,10.6,355.0,351.7753531202166,6.4580256812066335,,135.69581274430772,4.125190905379817,,,,,,,,,,,,,,,,
310,2025-05-15 21:58:35.596800,40.9795974,1.8778362,4.389369010925293,144.28883904678656,23.670000000000016,49.0,1011.0,,11.0,352.0,346.7540537428454,6.68133346708,,131.04289278963194,4.272591921127174,,,,,,,,,,,,,,,,
311,2025-05-15 21:58:40.596837,40.9794675,1.8777066,4.4498291015625,142.95172023372984,23.670000000000016,49.0,1011.0,,10.7,353.0,348.0671825120606,6.306697945712917,,131.01890274579046,4.353671482376662,,,,,,,,,,,,,,,,
312,2025-05-15 21:58:45.596907,40.9792725,1.8774863,4.121408939361572,143.18830432620075,23.670000000000016,49.0,1011.0,,10.9,356.0,353.57500274754864,6.794715509065092,,136.7633070737494,4.095523162902667,,,,,,,,,,,,,,,,
313,2025-05-15 21:58:50.596644,40.9791188,1.8773171,4.369210243225098,143.81911327718646,23.670000000000016,49.0,1011.0,,11.3,355.0,351.8626431110471,6.95784434726272,,135.68175638823357,4.325219197626881,,,,,,,,,,,,,,,,
314,2025-05-15 21:58:55.597154,40.9789879,1.8771843,4.536190032958984,141.7071504839268,23.670000000000016,49.0,1011.0,,11.2,353.0,348.2814958271432,6.720398329250124,,129.98864631107,4.441643438102337,,,,,,,,,,,,,,,,
315,2025-05-15 21:59:00.596975,40.9787911,1.8769639,4.859297275543213,141.7694418091573,23.670000000000016,49.0,1011.0,,11.2,350.0,342.50597313074735,6.469788302134001,,124.27541493990464,4.634546488459905,,,,,,,,,,,,,,,,
316,2025-05-15 21:59:05.596870,40.9786276,1.8767801,4.6113739013671875,142.23199588012892,23.670000000000016,49.0,1011.0,,11.3,353.0,348.22167238356354,6.746446262713026,,130.45366826369246,4.5142799033887355,,,,,,,,,,,,,,,,
317,2025-05-15 21:59:10.597056,40.9785056,1.8766368,4.370804309844971,143.2240535363166,23.670000000000016,49.0,1011.0,,11.3,356.0,353.48441093437066,6.94653701206154,,136.70846447068726,4.342573365717554,,,,,,,,,,,,,,,,
318,2025-05-15 21:59:15.596744,40.9783633,1.8764688,4.459725856781006,142.02628424270648,23.670000000000016,49.0,1011.0,,11.0,353.0,348.27348746051206,6.595946673081026,,130.29977170321854,4.366646337766896,,,,,,,,,,,,,,,,
319,2025-05-15 21:59:20.596872,40.978219,1.8763039,4.38026237487793,143.43505174015664,23.670000000000016,49.0,1011.0,,10.5,348.0,339.6641633968756,6.281822401880815,,123.09921513703227,4.107248306081299,,,,,,,,,,,,,,,,
320,2025-05-15 21:59:25.596855,40.9780732,1.8761358,4.399923324584961,144.51199498734923,23.670000000000016,49.0,1011.0,,9.9,354.0,349.24079881928355,5.543292126006787,,133.75279380663278,4.322574568882255,,,,,,,,,,,,,,,,
321,2025-05-15 21:59:30.596991,40.9779299,1.8759637,4.240774631500244,143.05626310916605,23.670000000000016,49.0,1011.0,,10.3,354.0,349.8317262503496,6.098588283658769,,132.8879893595157,4.174166963169634,,,,,,,,,,,,,,,,
322,2025-05-15 21:59:35.596933,40.9777753,1.8757877,3.8323283195495605,143.03351857922993,23.670000000000016,49.0,1011.0,,11.1,349.0,343.3092407914303,7.374426650383916,,126.34275937066025,3.6708678380079003,,,,,,,,,,,,,,,,
323,2025-05-15 21:59:40.596839,40.9776139,1.8756109,4.235926628112793,142.88145124754877,23.670000000000016,49.0,1011.0,,10.8,351.0,345.28064035623584,6.649325304657595,,128.16209160378457,4.096911799150634,,,,,,,,,,,,,,,,
324,2025-05-15 21:59:45.596861,40.977481,1.8755227,4.487987995147705,142.16921278127816,23.670000000000016,49.0,1011.0,,11.4,354.0,350.1309747991413,6.9524429650011825,,132.30018758041945,4.421575328507911,,,,,,,,,,,,,,,,
325,2025-05-15 21:59:50.597038,40.9772854,1.8753345,4.490503311157227,142.84493705624587,23.670000000000016,49.0,1011.0,,10.9,355.0,351.51504305289023,6.438490515496608,,134.35998010913613,4.441353121255206,,,,,,,,,,,,,,,,
326,2025-05-15 21:59:55.597055,40.9771285,1.8751734,4.487362861633301,143.18768960917546,23.670000000000016,49.0,1011.0,,10.9,355.0,351.51916459149135,6.4415966083259635,,134.70685420066684,4.438294662050968,,,,,,,,,,,,,,,,
327,2025-05-15 22:00:00.596957,40.9769983,1.87504,4.521412372589111,142.44097234797465,23.670000000000016,49.0,1011.0,,11.4,358.0,356.68638931681625,6.883150898777121,,139.1273616647909,4.513853086723795,,,,,,,,,,,,,,,,
328,2025-05-15 22:00:05.597003,40.9768074,1.8748399,4.40190315246582,142.47219997285993,23.670000000000016,49.0,1011.0,,11.4,355.0,351.8695379477278,7.025330774710387,,134.34173792058772,4.3576578886950665,,,,,,,,,,,,,,,,
329,2025-05-15 22:00:10.596885,40.9766922,1.8747067,4.270226001739502,142.84298362214324,23.670000000000016,49.0,1011.0,,10.3,351.0,344.73245315955324,6.118920654271598,,127.57543678169645,4.119515742176067,,,,,,,,,,,,,,,,
330,2025-05-15 22:00:15.597003,40.9765209,1.8745136,4.34910774230957,144.15379254651708,23.670000000000016,49.0,1011.0,,10.1,352.0,346.0353438067814,5.824751595969899,,130.18913635329847,4.220568884435179,,,,,,,,,,,,,,,,
331,2025-05-15 22:00:20.597026,40.9763675,1.8743419,4.607152938842773,141.72094746605023,23.670000000000016,49.0,1011.0,,11.3,356.0,353.25546416877734,6.711768537869781,,134.97641163482757,4.5752698819725985,,,,,,,,,,,,,,,,
332,2025-05-15 22:00:25.596932,40.9762432,1.8741885,4.592624664306641,143.68574700345278,23.670000000000016,49.0,1011.0,,11.2,353.0,348.18296409838564,6.665149805503907,,131.86871110183841,4.495291067089755,,,,,,,,,,,,,,,,
333,2025-05-15 22:00:30.596994,40.9760611,1.8739645,4.406097888946533,142.39186328784226,23.670000000000016,49.0,1011.0,,11.3,357.0,355.085876390909,6.903792743684145,,137.47773967875128,4.389901999935152,,,,,,,,,,,,,,,,
334,2025-05-15 22:00:35.596823,40.9759383,1.8738404,4.419778823852539,141.77153184704335,23.670000000000016,49.0,1011.0,,10.3,356.0,353.0041260193437,5.899049760547139,,134.77565786638706,4.386873239904018,,,,,,,,,,,,,,,,
335,2025-05-15 22:00:40.596828,40.9757687,1.8736865,3.6977109909057617,142.49913823894647,23.670000000000016,49.0,1011.0,,9.7,356.0,353.54299725240276,6.016827872589318,,136.0421354913492,3.674254666715206,,,,,,,,,,,,,,,,
336,2025-05-15 22:00:45.596821,40.97561,1.8735359,4.437505722045898,143.78024950080908,23.670000000000016,49.0,1011.0,,10.3,2.0,3.512506273028227,5.867241707648259,,147.2927557738373,4.429169642277717,,,,,,,,,,,,,,,,
337,2025-05-15 22:00:50.596501,40.9754671,1.8733958,4.589587211608887,141.1265707440974,23.670000000000016,49.0,1011.0,,11.2,358.0,356.61254694559,6.615148095805231,,137.73911768968742,4.581568244559587,,,,,,,,,,,,,,,,
338,2025-05-15 22:00:55.597035,40.9752976,1.8732099,4.809194087982178,142.2418176921554,23.670000000000016,49.0,1011.0,,10.3,354.0,348.7938451825758,5.540005604027806,,131.0356628747312,4.71750336258278,,,,,,,,,,,,,,,,
339,2025-05-15 22:01:00.596868,40.975109,1.8729655,4.321544170379639,142.3323996609281,23.670000000000016,49.0,1011.0,,11.2,356.0,353.4943868113422,6.8955754540557175,,135.82678647227033,4.293716712653307,,,,,,,,,,,,,,,,
340,2025-05-15 22:01:05.597420,40.9749936,1.8728289,4.310640335083008,143.93698868188253,23.670000000000016,49.0,1011.0,,11.2,356.0,353.5046358147613,6.906409187440316,,137.44162449664384,4.282970385303903,,,,,,,,,,,,,,,,
341,2025-05-15 22:01:10.596660,40.9748435,1.8726677,4.6937737464904785,142.04137896077222,23.670000000000016,49.0,1011.0,,10.7,358.0,356.43847833412525,6.011317930324938,,138.47985729489744,4.684708528988524,,,,,,,,,,,,,,,,
342,2025-05-15 22:01:15.597123,40.9746883,1.8724873,4.633518218994141,141.25358494190294,23.670000000000016,49.0,1011.0,,10.9,356.0,353.05266566555304,6.28608390758625,,134.30625060745598,4.5994977851989205,,,,,,,,,,,,,,,,
343,2025-05-15 22:01:20.596829,40.974535,1.8723271,4.371054172515869,143.65580345413144,23.670000000000016,49.0,1011.0,,11.5,358.0,356.77461019055403,7.133239892047749,,140.43041364468547,4.364130115183535,,,,,,,,,,,,,,,,
344,2025-05-15 22:01:25.596893,40.9743527,1.8721559,4.409706115722656,142.78720829738091,23.670000000000016,49.0,1011.0,,11.7,355.0,351.9891801774886,7.317174528163263,,134.77638847486952,4.366675186671917,,,,,,,,,,,,,,,,
345,2025-05-15 22:01:30.596929,40.9742311,1.8720306,4.419897079467773,142.83193237606616,23.670000000000016,49.0,1011.0,,11.1,356.0,353.3616668452551,6.697969438229987,,136.19359922132128,4.390264523735337,,,,,,,,,,,,,,,,
346,2025-05-15 22:01:35.596854,40.9740352,1.8718326,4.083226203918457,142.6126696433304,23.670000000000016,49.0,1011.0,,10.4,355.0,351.783354597353,6.3423039730800275,,134.39602424068346,4.041310878370887,,,,,,,,,,,,,,,,
347,2025-05-15 22:01:40.596839,40.9739161,1.8717086,4.278763771057129,142.8790060398259,23.670000000000016,49.0,1011.0,,10.0,356.0,353.01906155066837,5.7394251504219405,,135.8980675904943,4.247043759304782,,,,,,,,,,,,,,,,
348,2025-05-15 22:01:45.596852,40.9737633,1.8715544,4.379734516143799,142.46046570786586,23.670000000000016,49.0,1011.0,,10.2,1.0,1.752329705717019,5.821434378234512,,144.21279541358288,4.377686325776765,,,,,,,,,,,,,,,,
349,2025-05-15 22:01:50.597075,40.9736073,1.8713973,4.489785194396973,141.98834937205623,23.670000000000016,49.0,1011.0,,10.3,353.0,347.6507639336835,5.869241804023026,,129.63911330573973,4.3859012180068415,,,,,,,,,,,,,,,,
350,2025-05-15 22:01:55.597036,40.9734121,1.871213,4.460086345672607,143.04592220276265,23.670000000000016,49.0,1011.0,,10.0,355.0,350.99849331805166,5.570465222855836,,134.0444155208143,4.405156932739759,,,,,,,,,,,,,,,,
351,2025-05-15 22:02:00.596848,40.9732839,1.8710918,4.441567897796631,143.08377511114287,23.670000000000016,49.0,1011.0,,10.4,354.0,349.56266550422924,6.0007504271521706,,132.64644061537211,4.368076089541216,,,,,,,,,,,,,,,,
352,2025-05-15 22:02:05.596872,40.973111,1.8708525,4.521048069000244,142.33842388777606,23.670000000000016,49.0,1011.0,,10.6,353.0,347.8494386345116,6.137432668636974,,130.18786252228767,4.419766987666618,,,,,,,,,,,,,,,,
353,2025-05-15 22:02:10.596895,40.972984,1.8707365,4.470138072967529,143.40717090796463,23.670000000000016,49.0,1011.0,,10.8,354.0,349.79441825649104,6.371506125828188,,133.20158916445564,4.39941312069704,,,,,,,,,,,,,,,,
354,2025-05-15 22:02:15.596918,40.9728322,1.8706114,4.459839820861816,141.57797794634354,23.670000000000016,49.0,1011.0,,11.1,358.0,356.65777479164893,6.6447001793604334,,138.23575273799247,4.452254180139508,,,,,,,,,,,,,,,,
355,2025-05-15 22:02:20.596838,40.9726531,1.8704619,4.6095662117004395,142.23629889930604,23.670000000000016,49.0,1011.0,,10.4,357.0,354.61687041288104,5.801768890838817,,136.8531693121871,4.589236324229463,,,,,,,,,,,,,,,,
356,2025-05-15 22:02:25.597211,40.9725062,1.8702915,4.490339756011963,143.4948022350159,23.670000000000016,49.0,1011.0,,10.6,357.0,354.79943548213055,6.12032760675224,,138.29423771714642,4.471855297518189,,,,,,,,,,,,,,,,
357,2025-05-15 22:02:30.597517,40.9723481,1.8701272,4.499894618988037,142.81425584649418,23.670000000000016,49.0,1011.0,,10.5,357.0,354.7545794016089,6.010887664571618,,137.56883524810308,4.481050130034399,,,,,,,,,,,,,,,,
358,2025-05-15 22:02:35.596958,40.9721947,1.869945,4.639467239379883,143.19413730775193,23.670000000000016,49.0,1011.0,,10.4,357.0,354.58902488287987,5.772000419372986,,137.7831621906318,4.618793400856239,,,,,,,,,,,,,,,,
359,2025-05-15 22:02:40.596962,40.9720302,1.869761,4.851178169250488,143.37987747204127,23.670000000000016,49.0,1011.0,,9.8,352.0,344.3037918129069,5.041446184263754,,127.68366928494822,4.670276049791544,,,,,,,,,,,,,,,,
360,2025-05-15 22:02:45.597061,40.9718556,1.8695865,4.800220966339111,142.76748271105794,23.670000000000016,49.0,1011.0,,10.8,357.0,354.60492136768346,6.011609171466348,,137.3724040787414,4.778956199995581,,,,,,,,,,,,,,,,
361,2025-05-15 22:02:50.596939,40.9716909,1.8694367,4.382461071014404,141.97901933365,23.670000000000016,49.0,1011.0,,10.8,351.0,344.95283549612896,6.50770634364917,,126.93185482977896,4.232197197990299,,,,,,,,,,,,,,,,
362,2025-05-15 22:02:55.596896,40.9715424,1.8693066,4.439691543579102,142.6637867790788,23.670000000000016,49.0,1011.0,,11.2,354.0,350.0870173844833,6.800482552706258,,132.75080416356212,4.373408474119149,,,,,,,,,,,,,,,,
363,2025-05-15 22:03:00.596797,40.9713933,1.8691513,4.95741605758667,142.99270136874992,23.670000000000016,49.0,1011.0,,10.6,352.0,345.08736898021226,5.732499670455136,,128.08007034896218,4.79044716245511,,,,,,,,,,,,,,,,
364,2025-05-15 22:03:05.596789,40.9712393,1.8689128,4.536801815032959,142.5535475258748,23.670000000000016,49.0,1011.0,,10.9,358.0,356.5752520427284,6.367930569473164,,139.1287995686032,4.528699624174405,,,,,,,,,,,,,,,,
365,2025-05-15 22:03:10.597047,40.9711362,1.8688053,4.102132797241211,143.76787319803302,23.670000000000016,49.0,1011.0,,10.3,2.0,3.3226867988926383,6.202018653422027,,147.09055999692566,4.095236887781304,,,,,,,,,,,,,,,,
366,2025-05-15 22:03:15.596935,40.9709778,1.8686504,4.331975936889648,143.3993435111758,23.670000000000016,49.0,1011.0,,10.4,357.0,354.86235654640643,6.078190679615853,,138.26170005758223,4.314571992643908,,,,,,,,,,,,,,,,
367,2025-05-15 22:03:20.596770,40.9708016,1.8684856,4.598505020141602,141.56724088896826,23.670000000000016,49.0,1011.0,,10.8,355.0,351.312644339305,6.23189472822346,,132.87988522827322,4.545747493092239,,,,,,,,,,,,,,,,
368,2025-05-15 22:03:25.597188,40.9706178,1.8683434,4.381015777587891,143.4137825310812,23.670000000000016,49.0,1011.0,,10.7,4.0,6.764169880968004,6.337029351039708,,150.17795241204922,4.350521096414099,,,,,,,,,,,,,,,,
369,2025-05-15 22:03:30.597003,40.9704838,1.8680973,4.847765922546387,143.2431370848576,23.670000000000016,49.0,1011.0,,10.5,354.0,348.90089127473647,5.701354050956523,,132.14402835959407,4.757091654107957,,,,,,,,,,,,,,,,
370,2025-05-15 22:03:35.596257,40.9704014,1.8679026,4.501689910888672,143.21625346028443,23.670000000000016,49.0,1011.0,,10.3,357.0,354.6756754943409,5.809258965358847,,137.8919289546253,4.482266888956243,,,,,,,,,,,,,,,,
371,2025-05-15 22:03:40.597181,40.9704014,1.8679026,4.501689910888672,143.21625346028443,23.670000000000016,49.0,1011.0,,10.5,354.0,349.5327451258373,6.041324293606074,,132.74899858612173,4.426776822947345,,,,,,,,,,,,,,,,
372,2025-05-15 22:03:45.597098,40.9704014,1.8679026,4.501689910888672,143.21625346028443,23.670000000000016,49.0,1011.0,,11.0,354.0,349.87393856951496,6.539921256252067,,133.09019202979937,4.43156848813833,,,,,,,,,,,,,,,,
373,2025-05-15 22:03:50.596691,40.9704014,1.8679026,4.501689910888672,143.21625346028443,23.670000000000016,49.0,1011.0,,10.7,354.0,349.67576462447477,6.240736138269261,,132.89201808475923,4.428804485077401,,,,,,,,,,,,,,,,
374,2025-05-15 22:03:55.596569,40.9704014,1.8679026,4.501689910888672,143.21625346028443,23.670000000000016,49.0,1011.0,,10.4,352.0,345.98119241053683,5.9750575521839755,,129.1974458708213,4.367612758408892,,,,,,,,,,,,,,,,
375,2025-05-15 22:04:00.597394,40.9704014,1.8679026,4.501689910888672,143.21625346028443,23.670000000000016,49.0,1011.0,,10.2,356.0,352.8517854857828,5.717905388793293,,136.0680389460672,4.46670086664308,,,,,,,,,,,,,,,,
376,2025-05-15 22:04:05.597012,40.9693484,1.8671153,4.708985328674316,77.68414690256968,23.670000000000016,49.0,1011.0,,10.5,354.0,349.16311042864515,5.837599979841354,,66.84725733121485,4.625007180703862,,,,,,,,,,,,,,,,
377,2025-05-15 22:04:10.597420,40.9692018,1.866895,4.550635814666748,76.94586492499383,23.670000000000016,49.0,1011.0,,10.2,354.0,349.2081491323121,5.694195678482771,,66.15401405730591,4.470152777660129,,,,,,,,,,,,,,,,
378,2025-05-15 22:04:15.596210,40.9690635,1.8666813,4.752170085906982,78.48230914859903,23.670000000000016,49.0,1011.0,,10.6,353.0,347.3779503441685,5.911688435150741,,65.86025949276751,4.637323154101373,,,,,,,,,,,,,,,,
379,2025-05-15 22:04:20.597361,40.9689439,1.8664429,4.480798244476318,76.06938089975193,23.670000000000016,49.0,1011.0,,11.5,353.0,348.5725105028018,7.073710106406005,,64.64189140255371,4.391971927613889,,,,,,,,,,,,,,,,
380,2025-05-15 22:04:25.596931,40.968724,1.8663592,5.059119701385498,78.11492693352238,23.670000000000016,49.0,1011.0,,11.6,356.0,352.9174572381049,6.5626996231334305,,71.03238417162726,5.020516349041245,,,,,,,,,,,,,,,,
381,2025-05-15 22:04:30.597188,40.9685532,1.8662575,4.61000394821167,77.81189876080559,23.670000000000016,49.0,1011.0,,11.8,353.0,348.55321728631793,7.246170906437124,,66.36511604712354,4.518308471996391,,,,,,,,,,,,,,,,
382,2025-05-15 22:04:35.597286,40.9683679,1.8660307,4.6899518966674805,76.29047412318525,23.670000000000016,49.0,1011.0,,11.6,355.0,351.6233771731353,6.9399429272650215,,67.91385129632056,4.639918803959756,,,,,,,,,,,,,,,,
383,2025-05-15 22:04:40.597310,40.9682021,1.8658347,4.580359935760498,75.83648510943284,23.670000000000016,49.0,1011.0,,11.4,353.0,348.3438287064032,6.876475291677946,,64.18031381583603,4.4859021377192265,,,,,,,,,,,,,,,,
384,2025-05-15 22:04:45.596916,40.9680527,1.8656887,4.480233669281006,76.61929992039718,23.670000000000016,49.0,1011.0,,11.8,354.0,350.35145832604496,7.3592253935016405,,66.97075824644213,4.416858052322085,,,,,,,,,,,,,,,,
385,2025-05-15 22:04:50.596936,40.9679288,1.8655277,4.449885845184326,77.67347131689695,23.670000000000016,49.0,1011.0,,11.5,353.0,348.6219070675447,7.104012345492591,,66.29537838444168,4.3624308028718,,,,,,,,,,,,,,,,
386,2025-05-15 22:04:55.597138,40.967807,1.8653499,4.37006950378418,77.2703057407586,23.670000000000016,49.0,1011.0,,11.4,350.0,343.8961954489296,7.136780897396685,,61.16650118968818,4.198591200726774,,,,,,,,,,,,,,,,
387,2025-05-15 22:05:00.597066,40.9676786,1.8651699,4.415491580963135,77.73492252885956,23.670000000000016,49.0,1011.0,,11.4,354.0,350.2323342931199,7.023877577441413,,67.96725682197945,4.351483721177469,,,,,,,,,,,,,,,,
388,2025-05-15 22:05:05.596991,40.9674925,1.864964,4.424529075622559,77.0753106701439,23.670000000000016,49.0,1011.0,,11.5,359.0,358.3747826021428,7.076566114826808,,75.45009327228667,4.422749216622483,,,,,,,,,,,,,,,,
389,2025-05-15 22:05:10.597582,40.9673221,1.8647984,4.5137786865234375,75.30358692019928,23.670000000000016,49.0,1011.0,,11.4,356.0,353.38620138352854,6.904399878700754,,68.68978830372782,4.483739743629462,,,,,,,,,,,,,,,,
390,2025-05-15 22:05:15.597082,40.9671524,1.8646313,4.283288955688477,78.14652338862285,23.670000000000016,49.0,1011.0,,11.2,357.0,355.1452713532237,6.926209777378778,,73.2917947418465,4.267922553754375,,,,,,,,,,,,,,,,
391,2025-05-15 22:05:20.596830,40.967026,1.864506,4.698055267333984,74.82637526326883,23.670000000000016,49.0,1011.0,,10.5,357.0,354.5760344531366,5.8135850928386335,,69.40240971640537,4.677019791142987,,,,,,,,,,,,,,,,
392,2025-05-15 22:05:25.596919,40.9668212,1.8643055,4.919158458709717,75.38730454885612,23.670000000000016,49.0,1011.0,,10.8,354.0,349.02572302848415,5.930123674265293,,64.41302757734024,4.829200570856501,,,,,,,,,,,,,,,,
393,2025-05-15 22:05:30.596775,40.9666577,1.8641245,4.571253776550293,78.70392829659843,23.670000000000016,49.0,1011.0,,11.4,353.0,348.3591382597942,6.885393906259394,,67.06306655639264,4.4772303883712015,,,,,,,,,,,,,,,,
394,2025-05-15 22:05:35.596825,40.9665072,1.8639733,4.5065598487854,77.04885734748845,23.670000000000016,49.0,1011.0,,10.9,351.0,344.76133159947557,6.487342397313624,,61.81018894696399,4.348106165376249,,,,,,,,,,,,,,,,
395,2025-05-15 22:05:40.597005,40.9663991,1.863849,4.330585479736328,75.65868162495907,23.670000000000016,49.0,1011.0,,10.4,354.0,349.7512056051547,6.1099295696906015,,65.40988723011378,4.261488570542871,,,,,,,,,,,,,,,,
396,2025-05-15 22:05:45.597406,40.966229,1.8636625,4.53790283203125,77.6818656193869,23.670000000000016,49.0,1011.0,,10.6,354.0,349.54410031403387,6.105410316446511,,67.22596593342075,4.462550420901683,,,,,,,,,,,,,,,,
397,2025-05-15 22:05:50.597264,40.9660778,1.8634879,4.659208297729492,79.22725739080481,23.670000000000016,49.0,1011.0,,10.1,354.0,348.9086910357075,5.487967901211344,,68.1359484265123,4.572182933373687,,,,,,,,,,,,,,,,
398,2025-05-15 22:05:55.597204,40.9659485,1.8633383,4.62019157409668,76.3803867334193,23.670000000000016,49.0,1011.0,,10.5,356.0,352.868584090522,5.899872267183193,,69.2489708239413,4.58444984906384,,,,,,,,,,,,,,,,
399,2025-05-15 22:06:00.597079,40.9657163,1.8631438,4.560435771942139,77.23415354948172,23.670000000000016,49.0,1011.0,,11.3,354.0,349.9690493458284,6.781322252028834,,67.20320289531014,4.4907240668224535,,,,,,,,,,,,,,,,
400,2025-05-15 22:06:05.597088,40.9655146,1.8630196,4.917748928070068,76.93434239586402,23.670000000000016,49.0,1011.0,,11.0,355.0,350.98141155633084,6.116001596497425,,67.91575395219485,4.856953437203943,,,,,,,,,,,,,,,,
401,2025-05-15 22:06:10.596797,40.96534,1.862853,4.423374652862549,75.82918363721011,23.670000000000016,49.0,1011.0,,10.6,356.0,353.1450860642382,6.19508944145531,,68.97426970144835,4.39175446997251,,,,,,,,,,,,,,,,
402,2025-05-15 22:06:15.596916,40.9651975,1.8627057,4.53897762298584,77.19232547100457,23.670000000000016,49.0,1011.0,,11.0,352.0,346.4535377179464,6.535795021029008,,63.645863188950955,4.412704605601661,,,,,,,,,,,,,,,,
403,2025-05-15 22:06:20.596946,40.9650366,1.8625617,4.659189224243164,78.53970322819464,23.670000000000016,49.0,1011.0,,10.3,358.0,356.34966534635055,5.6459909850240955,,74.88936857454519,4.649736574942277,,,,,,,,,,,,,,,,
404,2025-05-15 22:06:25.596795,40.9648778,1.8624099,4.360690116882324,75.45943134649146,23.670000000000016,49.0,1011.0,,11.1,357.0,355.06218634301723,6.749145780694425,,70.52161768950867,4.344506315392202,,,,,,,,,,,,,,,,
405,2025-05-15 22:06:30.596881,40.9647318,1.8622613,4.747095108032227,77.78666804201157,23.670000000000016,49.0,1011.0,,10.7,356.0,352.82226477255233,5.9736537825561005,,70.6089328145639,4.709893690672819,,,,,,,,,,,,,,,,
406,2025-05-15 22:06:35.597148,40.9645855,1.8621062,4.421285152435303,79.47184646498296,23.670000000000016,49.0,1011.0,,10.9,357.0,354.9564171248569,6.488901064174133,,74.42826358983984,4.404166438580822,,,,,,,,,,,,,,,,
407,2025-05-15 22:06:40.597212,40.9644535,1.8619479,4.340113639831543,76.74733181638906,23.670000000000016,49.0,1011.0,,10.5,2.0,3.407979727226617,6.164391409492233,,80.15531154361568,4.33243840273328,,,,,,,,,,,,,,,,
408,2025-05-15 22:06:45.596913,40.9643252,1.8617693,4.329891681671143,76.4647532300473,23.670000000000016,49.0,1011.0,,9.8,356.0,352.8456304278815,5.488972037201728,,69.31038365792875,4.296180020608702,,,,,,,,,,,,,,,,
409,2025-05-15 22:06:50.597426,40.9641829,1.8615939,4.727779865264893,75.88593567902373,23.670000000000016,49.0,1011.0,,9.8,356.0,352.28829696671846,5.094422746911214,,68.17423264574222,4.68502093296943,,,,,,,,,,,,,,,,
410,2025-05-15 22:06:55.597107,40.9640211,1.8614128,4.938910961151123,75.24578302925346,23.670000000000016,49.0,1011.0,,10.7,353.0,347.07314330426897,5.829062037024439,,62.31892633352243,4.813741381537024,,,,,,,,,,,,,,,,
411,2025-05-15 22:07:00.596961,40.9638708,1.8612388,4.620704650878906,79.01680560209837,23.670000000000016,49.0,1011.0,,10.5,4.0,7.132034539612371,5.899363159898312,,86.14884014171075,4.584952762758302,,,,,,,,,,,,,,,,
412,2025-05-15 22:07:05.596833,40.9637294,1.861078,3.991725206375122,77.64497576767965,23.670000000000016,49.0,1011.0,,10.4,355.0,351.8998277077986,6.432878982006825,,69.54480347547826,3.951900698105713,,,,,,,,,,,,,,,,
413,2025-05-15 22:07:10.597108,40.9635981,1.8609363,4.348055839538574,76.25236849780575,23.670000000000016,49.0,1011.0,,9.9,356.0,352.8789581416508,5.570798734619212,,69.13132663945657,4.3145170167330775,,,,,,,,,,,,,,,,
414,2025-05-15 22:07:15.597216,40.9634408,1.8607676,4.93657922744751,76.06660101275975,23.670000000000016,49.0,1011.0,,11.4,354.0,349.4543599334588,6.510943918262869,,65.52096094621857,4.853197602201919,,,,,,,,,,,,,,,,
415,2025-05-15 22:07:20.597103,40.9632813,1.8605928,4.274521827697754,77.98309745235197,23.670000000000016,49.0,1011.0,,11.2,358.0,356.7664714551467,6.929688001259372,,74.74956890749866,4.267716478648675,,,,,,,,,,,,,,,,
416,2025-05-15 22:07:25.598320,40.963125,1.8604254,4.945257663726807,76.46219190910854,23.670000000000016,49.0,1011.0,,10.9,358.0,356.3406933511944,5.960254119556121,,72.8028852603029,4.935175270181853,,,,,,,,,,,,,,,,
417,2025-05-15 22:07:30.597499,40.9629549,1.8602503,4.681350231170654,76.72722373947255,23.670000000000016,49.0,1011.0,,10.4,358.0,356.364370572817,5.723833647276223,,73.09159431228954,4.671928962931819,,,,,,,,,,,,,,,,
418,2025-05-15 22:07:35.596831,40.9627988,1.8600772,4.590208530426025,78.46005639228312,23.670000000000016,49.0,1011.0,,9.9,353.0,347.0240939943341,5.373205456066852,,65.48415038661722,4.47299560449746,,,,,,,,,,,,,,,,
419,2025-05-15 22:07:40.597102,40.962635,1.8599124,4.560125350952148,76.32390106898329,23.670000000000016,49.0,1011.0,,10.3,354.0,349.273292136587,5.784528188987613,,65.59719320557025,4.4804423732511465,,,,,,,,,,,,,,,,
420,2025-05-15 22:07:45.597308,40.9624849,1.859756,4.251172065734863,76.01688406579122,23.670000000000016,49.0,1011.0,,9.8,358.0,356.4691127241903,5.55339981881456,,72.48599678998153,4.243102248845981,,,,,,,,,,,,,,,,
421,2025-05-15 22:07:50.597167,40.9623361,1.8596011,4.220095157623291,75.32678907280982,23.670000000000016,49.0,1011.0,,10.1,356.0,353.13885891155746,5.897536412553939,,68.46564798436725,4.189873335754652,,,,,,,,,,,,,,,,
422,2025-05-15 22:07:55.596828,40.9621995,1.8594304,4.607831954956055,77.81176898721137,23.670000000000016,49.0,1011.0,,11.0,354.0,349.7077941148608,6.435459610526909,,67.5195631020722,4.533688952123218,,,,,,,,,,,,,,,,
423,2025-05-15 22:08:00.597157,40.9620258,1.8592507,4.91937780380249,77.88996782301884,23.670000000000016,49.0,1011.0,,10.6,359.0,358.1342312842814,5.68202011007994,,76.0241991073002,4.91676977638462,,,,,,,,,,,,,,,,
424,2025-05-15 22:08:05.597006,40.9618534,1.8591039,4.382176876068115,75.62037792409365,23.670000000000016,49.0,1011.0,,10.8,357.0,354.95527775732523,6.427921519900959,,70.57565568141888,4.365201923133556,,,,,,,,,,,,,,,,
425,2025-05-15 22:08:10.597010,40.9617225,1.8589801,4.498874187469482,75.23995687789144,23.670000000000016,49.0,1011.0,,11.8,354.0,350.3270735488771,7.340849221552228,,65.5670304267685,4.434913576524082,,,,,,,,,,,,,,,,
426,2025-05-15 22:08:15.596998,40.9615723,1.8588303,4.410235404968262,79.25540460037443,23.670000000000016,49.0,1011.0,,10.8,355.0,351.56650749370374,6.418067370127242,,70.82191209407819,4.362546517189447,,,,,,,,,,,,,,,,
427,2025-05-15 22:08:20.597094,40.9614474,1.8586976,4.260659217834473,75.80540774870929,23.670000000000016,49.0,1011.0,,10.9,359.0,358.3583928567943,6.640406046071849,,74.16380060550358,4.258910538026029,,,,,,,,,,,,,,,,
428,2025-05-15 22:08:25.596322,40.9612521,1.8584872,4.7452168464660645,75.30957699610138,23.670000000000016,49.0,1011.0,,11.3,358.0,356.55337571620055,6.559764558137619,,71.86295271230193,4.736633873903851,,,,,,,,,,,,,,,,
429,2025-05-15 22:08:30.596950,40.9611147,1.8583291,4.192998886108398,78.7417675446003,23.670000000000016,49.0,1011.0,,10.7,355.0,351.793397476228,6.53318558643227,,70.53516502082829,4.150061690191451,,,,,,,,,,,,,,,,
430,2025-05-15 22:08:35.596823,40.9609416,1.8581142,4.488848686218262,78.30783196625104,23.670000000000016,49.0,1011.0,,10.7,353.0,347.99344030535593,6.268526738182758,,66.30127227160699,4.390649693621823,,,,,,,,,,,,,,,,
431,2025-05-15 22:08:40.597282,40.9608264,1.8579725,4.012060165405273,78.4287877862628,23.670000000000016,49.0,1011.0,,11.4,353.0,349.2288050086053,7.433942128358847,,67.65759279486815,3.9413730057053944,,,,,,,,,,,,,,,,
432,2025-05-15 22:08:45.596882,40.9606821,1.857822,4.398599624633789,76.97330862507894,23.670000000000016,49.0,1011.0,,11.1,357.0,355.0343294007668,6.711377759495539,,72.00763802584572,4.382090534860688,,,,,,,,,,,,,,,,
433,2025-05-15 22:08:50.596863,40.9605275,1.8576476,4.489686965942383,77.57692659297882,23.670000000000016,49.0,1011.0,,11.0,356.0,353.2504676882717,6.528765744072929,,70.82739428125058,4.458570814837381,,,,,,,,,,,,,,,,
434,2025-05-15 22:08:55.597014,40.9603432,1.8574387,4.380563259124756,77.99976311392679,23.670000000000016,49.0,1011.0,,11.4,356.0,353.5111320592511,7.036745492571039,,71.51089517317791,4.352500631879901,,,,,,,,,,,,,,,,
435,2025-05-15 22:09:00.597023,40.9601759,1.8572874,4.45983362197876,76.63008478909663,23.670000000000016,49.0,1011.0,,11.2,352.0,346.7720583336107,6.8119061498401505,,63.40214312270734,4.3415027577431955,,,,,,,,,,,,,,,,
436,2025-05-15 22:09:05.597101,40.9600439,1.8571566,4.5595784187316895,76.8130109154479,23.670000000000016,49.0,1011.0,,11.8,356.0,353.4885530045833,7.258500368925777,,70.30156392003119,4.5301655779534284,,,,,,,,,,,,,,,,
437,2025-05-15 22:09:10.596884,40.9598948,1.8569795,5.065581321716309,74.22104974807645,23.670000000000016,49.0,1011.0,,11.3,354.0,349.1668537883287,6.284514411301181,,63.38790353640513,4.975305997769091,,,,,,,,,,,,,,,,
438,2025-05-15 22:09:15.597219,40.9597556,1.8568779,4.512407302856445,79.20550323829832,23.670000000000016,49.0,1011.0,,11.2,354.0,349.98042589541734,6.728864058980453,,69.18592913371566,4.443585743798664,,,,,,,,,,,,,,,,
439,2025-05-15 22:09:20.597240,40.9595535,1.8567131,4.5496673583984375,77.11445448427725,23.670000000000016,49.0,1011.0,,11.1,352.0,346.51547304082777,6.624938356332186,,63.62992752510502,4.424246351416387,,,,,,,,,,,,,,,,
440,2025-05-15 22:09:25.597016,40.9594533,1.8565628,4.499926567077637,74.43652172582284,23.670000000000016,49.0,1011.0,,10.1,359.0,358.1966439902846,5.601309377144256,,72.63316571610744,4.497697838117761,,,,,,,,,,,,,,,,
441,2025-05-15 22:09:30.597123,40.9592479,1.8563769,4.707425594329834,76.6821376607613,23.670000000000016,49.0,1011.0,,10.7,356.0,352.8694945128532,6.013014462278969,,69.55163217361451,4.671018313914234,,,,,,,,,,,,,,,,
442,2025-05-15 22:09:35.597284,40.9591119,1.8562447,4.620302677154541,77.10429799298144,23.670000000000016,49.0,1011.0,,10.3,356.0,352.75862719882446,5.700071146601657,,69.86292519180591,4.583450868530888,,,,,,,,,,,,,,,,
443,2025-05-15 22:09:40.596985,40.9589512,1.8560081,4.430338382720947,76.67804637744845,23.670000000000016,49.0,1011.0,,10.3,352.0,346.04671792515524,5.9448390997872,,62.72476430260372,4.2996108922494365,,,,,,,,,,,,,,,,
444,2025-05-15 22:09:45.596948,40.9588265,1.855859,4.569281578063965,77.55237206291262,23.670000000000016,49.0,1011.0,,9.7,349.0,339.50829725374246,5.287051411331534,,57.060669316655094,4.280150665577157,,,,,,,,,,,,,,,,
445,2025-05-15 22:09:50.596437,40.9586474,1.8556952,4.747313022613525,76.94413005694464,23.670000000000016,49.0,1011.0,,10.5,359.0,358.17496860229033,5.754006541003108,,75.11909865923496,4.7449049112389465,,,,,,,,,,,,,,,,
446,2025-05-15 22:09:55.597163,40.9584665,1.855527,4.3211798667907715,75.99364776223484,23.670000000000016,49.0,1011.0,,10.6,354.0,349.90074122976347,6.318656979499723,,65.89438899199831,4.254225123209476,,,,,,,,,,,,,,,,
447,2025-05-15 22:10:00.597201,40.9583425,1.8553922,4.548996448516846,77.30356193182739,23.670000000000016,49.0,1011.0,,10.3,358.0,356.4195004796181,5.755964475145835,,73.72306241144548,4.540116994981584,,,,,,,,,,,,,,,,
448,2025-05-15 22:10:05.596884,40.9581594,1.8551811,4.7296319007873535,77.25646094731098,23.670000000000016,49.0,1011.0,,10.1,353.0,346.9135946092821,5.436265583325896,,64.17005555659307,4.606802024557943,,,,,,,,,,,,,,,,
449,2025-05-15 22:10:10.597013,40.9580342,1.8550352,4.421279430389404,78.09233266774798,23.670000000000016,49.0,1011.0,,11.9,349.0,342.63266966898647,7.606876338469303,,60.72500233673446,4.21971632725197,,,,,,,,,,,,,,,,
450,2025-05-15 22:10:15.597107,40.9578862,1.8548718,3.921725034713745,77.30253057326273,23.670000000000016,49.0,1011.0,,11.6,358.0,356.97912114258486,7.6818833270045745,,74.2816517158476,3.9162753937484815,,,,,,,,,,,,,,,,
451,2025-05-15 22:10:20.597174,40.9577176,1.8546968,4.259198188781738,76.08113565531353,23.670000000000016,49.0,1011.0,,10.8,355.0,351.75975872109194,6.56750874301178,,67.84089437640546,4.2152254276063905,,,,,,,,,,,,,,,,
452,2025-05-15 22:10:25.596722,40.957571,1.8545433,4.408712387084961,76.31862133275487,23.670000000000016,49.0,1011.0,,11.1,356.0,353.37270885412363,6.709079269063167,,69.69133018687853,4.3792529565383695,,,,,,,,,,,,,,,,
453,2025-05-15 22:10:30.597048,40.957409,1.8543802,4.857728004455566,77.34793767086497,23.670000000000016,49.0,1011.0,,11.3,356.0,352.99457611788887,6.46299453514274,,70.34251378875382,4.821463172726248,,,,,,,,,,,,,,,,
454,2025-05-15 22:10:35.597092,40.9572717,1.8542408,4.3621826171875,76.06985218280467,23.670000000000016,49.0,1011.0,,11.2,352.0,346.9574179714684,6.907002366824365,,63.027270154273026,4.2496497033907845,,,,,,,,,,,,,,,,
455,2025-05-15 22:10:40.597065,40.9570855,1.8540608,4.489635467529297,77.44756964028794,23.670000000000016,49.0,1011.0,,10.9,354.0,349.82886450891885,6.4520491119702434,,67.2764341492068,4.419079476598525,,,,,,,,,,,,,,,,
456,2025-05-15 22:10:45.597053,40.9569291,1.853898,4.400241374969482,77.7611982665966,23.670000000000016,49.0,1011.0,,11.1,353.0,348.445951728478,6.7538801797910475,,66.20714999507459,4.311075767473431,,,,,,,,,,,,,,,,
457,2025-05-15 22:10:50.596805,40.9567887,1.8537229,4.469785213470459,76.3837130355451,23.670000000000016,49.0,1011.0,,10.7,355.0,351.43174193164884,6.259358303006823,,67.81545496719394,4.419898262849106,,,,,,,,,,,,,,,,
458,2025-05-15 22:10:55.596784,40.9566422,1.8535555,4.469948768615723,77.19221618797785,23.670000000000016,49.0,1011.0,,11.4,1.0,1.644886148992157,6.93117105489025,,78.83710233697,4.468106855485991,,,,,,,,,,,,,,,,
459,2025-05-15 22:11:00.597068,40.9565198,1.8534283,4.679004192352295,76.34590793848908,23.670000000000016,49.0,1011.0,,10.8,356.0,352.95336116001323,6.1410734052482745,,69.2992690985023,4.6436619004226936,,,,,,,,,,,,,,,,
460,2025-05-15 22:11:05.597124,40.9563371,1.8532508,4.560091972351074,76.24460257271944,23.670000000000016,49.0,1011.0,,10.8,355.0,351.36566469011836,6.269869757012182,,67.6102672628378,4.5084105910314305,,,,,,,,,,,,,,,,
461,2025-05-15 22:11:10.596576,40.9562163,1.8531335,4.470381736755371,76.31252197382605,23.670000000000016,49.0,1011.0,,10.5,352.0,346.1507793967959,6.104908746528083,,62.463301370621934,4.3404232990696325,,,,,,,,,,,,,,,,
462,2025-05-15 22:11:15.596777,40.9559853,1.8529216,4.609895706176758,78.34149113848088,23.670000000000016,49.0,1011.0,,11.0,356.0,353.12417233101127,6.40940569159009,,71.46566346949214,4.576741049155721,,,,,,,,,,,,,,,,
463,2025-05-15 22:11:20.597271,40.9558641,1.8527696,4.65976095199585,75.11588649161816,23.670000000000016,49.0,1011.0,,10.9,356.0,353.02361301116196,6.260034659976405,,68.1394995027801,4.62526144594594,,,,,,,,,,,,,,,,
464,2025-05-15 22:11:25.596910,40.9556549,1.8525659,4.7003607749938965,74.79582382711136,23.670000000000016,49.0,1011.0,,10.7,357.0,354.65458264338855,6.011116602213772,,69.4504064704999,4.6799196807102525,,,,,,,,,,,,,,,,
465,2025-05-15 22:11:30.596803,40.9555302,1.8524457,4.331364154815674,78.70107327752537,23.670000000000016,49.0,1011.0,,10.6,354.0,349.88452186448615,6.308630745220337,,68.58559514201153,4.264036432913723,,,,,,,,,,,,,,,,
466,2025-05-15 22:11:35.597265,40.9554045,1.852297,3.88930606842041,78.64567361316739,23.670000000000016,49.0,1011.0,,10.6,355.0,352.11464513775127,6.734030939933606,,70.76031875091866,3.8525309780264485,,,,,,,,,,,,,,,,
467,2025-05-15 22:11:40.596893,40.9552448,1.8521331,4.2082109451293945,76.11981501658332,23.670000000000016,49.0,1011.0,,10.4,358.0,356.64180534084784,6.196093373316238,,72.76162035743118,4.200984750700683,,,,,,,,,,,,,,,,
468,2025-05-15 22:11:45.596895,40.9550917,1.85198,4.76711893081665,76.79279355550467,23.670000000000016,49.0,1011.0,,11.0,356.0,352.9517127688032,6.253341553860944,,69.74450632430785,4.73109424781637,,,,,,,,,,,,,,,,
469,2025-05-15 22:11:50.596882,40.9549238,1.8518106,4.491220474243164,77.29583698787611,23.670000000000016,49.0,1011.0,,11.5,356.0,353.44457205576384,7.026707575362474,,70.74040904363994,4.461856326705631,,,,,,,,,,,,,,,,
470,2025-05-15 22:11:55.596970,40.9547582,1.8516559,4.589802265167236,75.58187614774228,23.670000000000016,49.0,1011.0,,10.9,2.0,3.453473909762883,6.315025565553235,,79.03535005750516,4.581467380647533,,,,,,,,,,,,,,,,
471,2025-05-15 22:12:00.597154,40.954628,1.8515272,4.380867958068848,77.10893569142789,23.670000000000016,49.0,1011.0,,11.0,355.0,351.70688607605985,6.6467782077434725,,68.8158217674877,4.33505779716665,,,,,,,,,,,,,,,,
472,2025-05-15 22:12:05.596858,40.9544404,1.8513379,4.370111465454102,78.17449301327406,23.670000000000016,49.0,1011.0,,10.7,351.0,344.8874329974275,6.420193142869453,,63.06192601070154,4.218973213284503,,,,,,,,,,,,,,,,
473,2025-05-15 22:12:10.597311,40.9542896,1.8511794,4.121221542358398,77.57389398898732,23.670000000000016,49.0,1011.0,,10.9,358.0,356.7849605041226,6.782814097429396,,74.3588544931099,4.114735058098573,,,,,,,,,,,,,,,,
474,2025-05-15 22:12:15.596777,40.9541428,1.8510107,4.39811372756958,77.26142649483758,23.670000000000016,49.0,1011.0,,10.5,355.0,351.41520576102437,6.130617851688332,,68.67663225586193,4.348837399907372,,,,,,,,,,,,,,,,
475,2025-05-15 22:12:20.597276,40.9540096,1.8508776,4.459995746612549,76.28093234891475,23.670000000000016,49.0,1011.0,,11.1,355.0,351.6581786039349,6.668315130392905,,67.93911095284966,4.412809691141807,,,,,,,,,,,,,,,,
476,2025-05-15 22:12:25.597212,40.9537956,1.8506753,4.3502278327941895,76.88569095840602,23.670000000000016,49.0,1011.0,,10.6,353.0,348.1761959165212,6.304528692941051,,65.06188687492721,4.257926196987471,,,,,,,,,,,,,,,,
477,2025-05-15 22:12:30.597194,40.9536621,1.8505377,4.439655780792236,76.95677956728751,23.670000000000016,49.0,1011.0,,10.3,356.0,352.9805329180981,5.879321287489138,,69.93731248538563,4.406379173120722,,,,,,,,,,,,,,,,
478,2025-05-15 22:12:35.596855,40.9535003,1.8503721,4.569585800170898,75.97784270449543,23.670000000000016,49.0,1011.0,,10.7,353.0,347.8379697793212,6.189578632932777,,63.81581248381667,4.467024755723689,,,,,,,,,,,,,,,,
479,2025-05-15 22:12:40.597299,40.9533378,1.8502241,4.270998954772949,76.95115149141142,23.670000000000016,49.0,1011.0,,10.7,355.0,351.69458551596085,6.455993855762842,,68.6457370073723,4.226205328089898,,,,,,,,,,,,,,,,
480,2025-05-15 22:12:45.597122,40.9531865,1.8500807,4.548962593078613,76.96492115277816,23.670000000000016,49.0,1011.0,,11.4,358.0,356.6730806057327,6.855646924060569,,73.63800175851088,4.541296049017503,,,,,,,,,,,,,,,,
481,2025-05-15 22:12:50.597171,40.9530073,1.8498565,4.440229415893555,78.44737273099442,23.670000000000016,49.0,1011.0,,11.5,356.0,353.4916996673016,7.0773676420777445,,71.93907239829599,4.411614116372989,,,,,,,,,,,,,,,,
482,2025-05-15 22:12:55.596836,40.9528911,1.8497102,4.4399895668029785,77.84967653710494,23.670000000000016,49.0,1011.0,,11.2,0.0,0.0,11.2,,77.84967653710494,4.4399895668029785,,,,,,,,,,,,,,,,
483,2025-05-15 22:13:00.597287,40.9527163,1.8495026,4.412629127502441,77.29843245976072,23.670000000000016,49.0,1011.0,,11.3,357.0,355.08122876850695,6.897285535278853,,72.37966122826765,4.396378554849553,,,,,,,,,,,,,,,,
484,2025-05-15 22:13:05.596906,40.9525663,1.8493569,4.67911434173584,74.92228477959415,23.670000000000016,49.0,1011.0,,10.4,0.0,0.0,10.4,,74.92228477959415,4.67911434173584,,,,,,,,,,,,,,,,
485,2025-05-15 22:13:10.596975,40.9524292,1.8492431,4.301573753356934,77.82992363002526,23.670000000000016,49.0,1011.0,,10.1,356.0,353.0429787538402,5.8166494625849205,,70.8729023838655,4.269902509456607,,,,,,,,,,,,,,,,
486,2025-05-15 22:13:15.597076,40.9522668,1.8491029,4.170793056488037,78.96197284344152,23.670000000000016,49.0,1011.0,,10.3,354.0,349.9464996232816,6.167483068162083,,68.90847246672314,4.106751273091109,,,,,,,,,,,,,,,,
487,2025-05-15 22:13:20.596963,40.9521104,1.8489507,4.449612140655518,76.16811811439365,23.670000000000016,49.0,1011.0,,10.2,357.0,354.68340155663003,5.761194366127764,,70.85151967102365,4.430469450359889,,,,,,,,,,,,,,,,
488,2025-05-15 22:13:25.597281,40.9519603,1.8487725,4.629350185394287,75.18629891177183,23.670000000000016,49.0,1011.0,,10.5,358.0,356.42435786916104,5.875691518606429,,71.61065678093286,4.62033837780878,,,,,,,,,,,,,,,,
489,2025-05-15 22:13:30.596839,40.9518069,1.8485858,4.610296726226807,77.3872454095384,23.670000000000016,49.0,1011.0,,10.8,356.0,353.0311380019974,6.209267618760387,,70.41838341153584,4.576236943230829,,,,,,,,,,,,,,,,
490,2025-05-15 22:13:35.596778,40.9516038,1.8483981,4.400427341461182,78.18639803299739,23.670000000000016,49.0,1011.0,,10.7,357.0,354.9083066770509,6.309807542292461,,73.09470471004829,4.383063003190588,,,,,,,,,,,,,,,,
491,2025-05-15 22:13:40.597177,40.9514729,1.8482821,4.360172271728516,77.65027599447558,23.670000000000016,49.0,1011.0,,10.8,355.0,351.6315524371564,6.467593326896697,,69.281828431632,4.313747904238246,,,,,,,,,,,,,,,,
492,2025-05-15 22:13:45.596819,40.9513106,1.8481284,4.412420272827148,78.05779923130439,23.670000000000016,49.0,1011.0,,11.4,357.0,355.1087913284658,6.997438360458003,,73.16659055977021,4.396351961827594,,,,,,,,,,,,,,,,
493,2025-05-15 22:13:50.596447,40.9511472,1.8479753,4.410017013549805,77.95467020502637,23.670000000000016,49.0,1011.0,,10.5,357.0,354.83175272321137,6.10039441768133,,72.78642292823776,4.392087971689777,,,,,,,,,,,,,,,,
494,2025-05-15 22:13:55.596824,40.9509914,1.8478194,4.469696998596191,76.26119993240258,23.670000000000016,49.0,1011.0,,10.2,354.0,349.3585417062901,5.773722891829672,,65.61974163869269,4.3928270943591325,,,,,,,,,,,,,,,,
495,2025-05-15 22:14:00.597200,40.9508398,1.8476472,4.216126441955566,75.744250234881,23.670000000000016,49.0,1011.0,,10.4,356.0,353.2815994417804,6.201121982495298,,69.02584967666138,4.187174847571716,,,,,,,,,,,,,,,,
496,2025-05-15 22:14:05.596867,40.9506992,1.8474819,4.239909648895264,76.78530083798516,23.670000000000016,49.0,1011.0,,10.8,356.0,353.4226248208467,6.577071892696743,,70.20792565883187,4.212002878440937,,,,,,,,,,,,,,,,
497,2025-05-15 22:14:10.597314,40.9505415,1.8473246,4.429346084594727,76.52402561166467,23.670000000000016,49.0,1011.0,,11.6,357.0,355.14994267930075,7.180467096190586,,71.67396829096543,4.413486246391658,,,,,,,,,,,,,,,,
498,2025-05-15 22:14:15.597015,40.9503746,1.8471667,4.1809210777282715,77.29559793125516,23.670000000000016,49.0,1011.0,,11.1,358.0,356.7923493270303,6.9231636124596285,,74.08794725828545,4.174370834808873,,,,,,,,,,,,,,,,
499,2025-05-15 22:14:20.596944,40.9502242,1.847005,4.101395130157471,78.02985692740987,23.670000000000016,49.0,1011.0,,10.8,1.0,1.612164552767744,6.699611922261303,,79.6420214801776,4.099771652062584,,,,,,,,,,,,,,,,
500,2025-05-15 22:14:25.596854,40.9500782,1.8468599,4.438660144805908,76.32285605004029,23.670000000000016,49.0,1011.0,,10.4,357.0,354.7706993637681,5.97194272259805,,71.09355541380836,4.420186084265763,,,,,,,,,,,,,,,,
501,2025-05-15 22:14:30.596573,40.9499263,1.8466991,4.538536071777344,74.9944525583645,23.670000000000016,49.0,1011.0,,10.6,1.0,1.7485864834297333,6.062672617163892,,76.74303904179423,4.536422674922414,,,,,,,,,,,,,,,,
502,2025-05-15 22:14:35.596784,40.9497327,1.8464789,4.2507710456848145,77.24674841831123,23.670000000000016,49.0,1011.0,,9.8,357.0,354.7066509003891,5.559507393061337,,71.95339931870035,4.232643266416156,,,,,,,,,,,,,,,,
503,2025-05-15 22:14:40.597218,40.9496023,1.8463423,4.221129417419434,78.59681043984511,23.670000000000016,49.0,1011.0,,9.6,354.0,349.33051771450846,5.419983900853799,,67.92732815435357,4.148152630932996,,,,,,,,,,,,,,,,
504,2025-05-15 22:14:45.597031,40.9494195,1.8461492,4.360086441040039,76.74556962758321,23.670000000000016,49.0,1011.0,,10.6,354.0,349.83850016210465,6.280356950804079,,66.58406978968787,4.291695776164768,,,,,,,,,,,,,,,,
505,2025-05-15 22:14:50.597113,40.9492652,1.8459857,4.489851474761963,76.18790517241918,23.670000000000016,49.0,1011.0,,10.5,2.0,3.4927692874696095,6.014924963435672,,79.68067445988879,4.481511552225766,,,,,,,,,,,,,,,,
506,2025-05-15 22:14:55.597191,40.9491371,1.8458489,4.091750621795654,76.36867295899273,23.670000000000016,49.0,1011.0,,10.3,2.0,3.31713701507432,6.212383405006216,,79.68580997406706,4.0848951174953685,,,,,,,,,,,,,,,,
507,2025-05-15 22:15:00.597749,40.9489845,1.8456903,4.598285675048828,76.41998817022703,23.670000000000016,49.0,1011.0,,10.0,355.0,350.77050439540034,5.434010945283578,,67.19049256562738,4.53875547858364,,,,,,,,,,,,,,,,
508,2025-05-15 22:15:05.596937,40.9488154,1.8455217,4.241367340087891,75.11141954790097,23.670000000000016,49.0,1011.0,,9.5,356.0,352.78610306573086,5.2772645231810715,,67.89752261363185,4.207793833692387,,,,,,,,,,,,,,,,
509,2025-05-15 22:15:10.596344,40.9486408,1.8453291,4.609371662139893,74.9054620236684,23.670000000000016,49.0,1011.0,,9.8,353.0,346.86366919715186,5.255095685789611,,61.76913122082027,4.488753871887717,,,,,,,,,,,,,,,,
510,2025-05-15 22:15:15.597305,40.9485197,1.8451912,4.244089603424072,76.28380102836616,23.670000000000016,49.0,1011.0,,9.8,353.0,347.7113511563655,5.611433187799877,,63.99515218473164,4.146848002944221,,,,,,,,,,,,,,,,
511,2025-05-15 22:15:20.597320,40.9483698,1.8450324,4.459259033203125,77.11460474843899,23.670000000000016,49.0,1011.0,,10.9,354.0,349.8762796636286,6.481950390913819,,66.9908844120676,4.389830573549462,,,,,,,,,,,,,,,,
512,2025-05-15 22:15:25.597155,40.9482028,1.8448606,4.320549011230469,77.60903531226704,23.670000000000016,49.0,1011.0,,11.4,355.0,351.96231037386883,7.105876508344644,,69.57134568613588,4.278105256847052,,,,,,,,,,,,,,,,
513,2025-05-15 22:15:30.597162,40.948046,1.844684,4.4097580909729,76.4759820610428,23.670000000000016,49.0,1011.0,,11.1,352.0,346.79194548036355,6.761069447298426,,63.26792754140638,4.293105843714024,,,,,,,,,,,,,,,,
514,2025-05-15 22:15:35.597201,40.9478919,1.8445029,4.400083541870117,76.28223008485705,23.670000000000016,49.0,1011.0,,11.4,358.0,356.743756023491,7.004280392343402,,73.02598610834809,4.392979546997207,,,,,,,,,,,,,,,,
515,2025-05-15 22:15:40.597234,40.947743,1.844333,4.4399895668029785,77.62063297347773,23.670000000000016,49.0,1011.0,,11.1,356.0,353.34173839710917,6.67801206198932,,70.96237137058688,4.410043512938696,,,,,,,,,,,,,,,,
516,2025-05-15 22:15:45.596820,40.9475916,1.8441567,4.510258674621582,77.86266072671712,23.670000000000016,49.0,1011.0,,11.4,357.0,355.0395203428166,6.899961290731116,,72.90218106953375,4.493365851030877,,,,,,,,,,,,,,,,
517,2025-05-15 22:15:50.596723,40.9474437,1.8439755,4.15191125869751,78.65850753861784,23.670000000000016,49.0,1011.0,,11.0,357.0,355.1840857926916,6.857222507003863,,73.84259333130944,4.137253263357431,,,,,,,,,,,,,,,,
518,2025-05-15 22:15:55.596874,40.9473039,1.8438039,4.618553638458252,76.55491855728064,23.670000000000016,49.0,1011.0,,11.2,352.0,346.4594862313983,6.657496452268139,,63.01440478867892,4.490179131552707,,,,,,,,,,,,,,,,
519,2025-05-15 22:16:00.596884,40.9471414,1.8436323,4.2127509117126465,77.47437130259107,23.670000000000016,49.0,1011.0,,11.5,351.0,345.86885903500763,7.368644123958155,,63.3432303375987,4.085270812208866,,,,,,,,,,,,,,,,
520,2025-05-15 22:16:05.597062,40.9469863,1.8434933,4.180248260498047,77.33517204730622,23.670000000000016,49.0,1011.0,,11.5,356.0,353.72186122336376,7.335732522742005,,71.05703327066999,4.155178276088614,,,,,,,,,,,,,,,,
521,2025-05-15 22:16:10.597223,40.9468324,1.8433396,4.360108852386475,76.82001868953634,23.670000000000016,49.0,1011.0,,11.1,354.0,350.14513380374626,6.779113704840696,,66.96515249328263,4.29577306916928,,,,,,,,,,,,,,,,
522,2025-05-15 22:16:15.597157,40.9466707,1.843177,4.361271381378174,76.53142270653579,23.670000000000016,49.0,1011.0,,11.2,353.0,348.57685321329984,6.891762767462375,,65.10827591983565,4.274880018591171,,,,,,,,,,,,,,,,
523,2025-05-15 22:16:20.597793,40.9465078,1.8430208,4.7789626121521,76.63438097808456,23.670000000000016,49.0,1011.0,,11.2,357.0,354.7716191067276,6.432451145926353,,71.40600008481215,4.759079176660084,,,,,,,,,,,,,,,,
524,2025-05-15 22:16:25.596824,40.9463394,1.8428449,4.674130916595459,76.93936258490398,23.670000000000016,49.0,1011.0,,10.6,350.0,342.2920775662558,6.0515574922510185,,59.231440151159745,4.452667942221015,,,,,,,,,,,,,,,,
525,2025-05-15 22:16:30.596973,40.9461731,1.8426717,4.493802070617676,77.03819542219406,23.670000000000016,49.0,1011.0,,11.0,352.0,346.5456819790594,6.579722311677309,,63.58387740125346,4.3704729870786085,,,,,,,,,,,,,,,,
526,2025-05-15 22:16:35.597245,40.9460076,1.8425026,4.773409366607666,77.44847122525839,23.670000000000016,49.0,1011.0,,10.8,352.0,345.7572384518345,6.109272598754628,,63.2057096770929,4.6266843080804465,,,,,,,,,,,,,,,,
527,2025-05-15 22:16:40.597258,40.9458349,1.8423186,4.6320695877075195,75.76657812327777,23.670000000000016,49.0,1011.0,,10.7,350.0,342.5346144104338,6.190777863611585,,58.30119253371157,4.418523970922764,,,,,,,,,,,,,,,,
528,2025-05-15 22:16:45.597114,40.945682,1.8421424,4.19157075881958,77.08231844423234,23.670000000000016,49.0,1011.0,,10.5,353.0,348.3933010474698,6.360219294978687,,65.4756194917021,4.10586040129331,,,,,,,,,,,,,,,,
529,2025-05-15 22:16:50.597119,40.945544,1.8419856,4.359316349029541,76.7818994037785,23.670000000000016,49.0,1011.0,,9.9,353.0,347.5546938411834,5.598441769259737,,64.33659324496188,4.256881886939229,,,,,,,,,,,,,,,,
530,2025-05-15 22:16:55.596965,40.9453972,1.8418157,4.509371280670166,75.82030439128908,23.670000000000016,49.0,1011.0,,11.0,351.0,344.84946827461533,6.584045392129229,,60.66977266590442,4.352636829931801,,,,,,,,,,,,,,,,
531,2025-05-15 22:17:00.596933,40.9452411,1.8416476,4.440209865570068,77.1553263362706,23.670000000000016,49.0,1011.0,,11.6,351.0,345.50056099651425,7.247817197271425,,62.65588733278486,4.298789589235895,,,,,,,,,,,,,,,,
532,2025-05-15 22:17:05.597175,40.9450872,1.8414849,4.599433898925781,76.92223247046559,23.670000000000016,49.0,1011.0,,11.3,350.0,343.2721278900312,6.817387894484637,,60.19436036049677,4.404797778496247,,,,,,,,,,,,,,,,
533,2025-05-15 22:17:10.596913,40.9449108,1.8412646,4.5172834396362305,76.8988595631258,23.670000000000016,49.0,1011.0,,11.4,349.0,341.9460674355556,7.018837387003354,,58.844926998681444,4.294875969945522,,,,,,,,,,,,,,,,
534,2025-05-15 22:17:15.597273,40.9447934,1.8411319,4.440380096435547,77.06582353738676,23.670000000000016,49.0,1011.0,,11.2,355.0,351.73140752638244,6.787558747163913,,68.79723106376923,4.394221330158024,,,,,,,,,,,,,,,,
535,2025-05-15 22:17:20.596864,40.9446434,1.8409716,4.300540924072266,78.42029786112448,23.670000000000016,49.0,1011.0,,11.0,356.0,353.4401011088047,6.7166376814634985,,71.86039896992918,4.272385138081333,,,,,,,,,,,,,,,,
536,2025-05-15 22:17:25.596884,40.9445006,1.8408073,4.5187225341796875,78.00265911413489,23.670000000000016,49.0,1011.0,,10.5,353.0,347.7689240116295,6.0401158471149134,,65.77158312576438,4.416152650284812,,,,,,,,,,,,,,,,
537,2025-05-15 22:17:30.597012,40.944345,1.8406387,4.370876312255859,76.3611187697707,23.670000000000016,49.0,1011.0,,10.7,351.0,344.8856532143581,6.41945475103216,,61.24677198412883,4.219676207991028,,,,,,,,,,,,,,,,
538,2025-05-15 22:17:35.596859,40.9441814,1.8404826,4.4807305335998535,75.88436473551464,23.670000000000016,49.0,1011.0,,9.9,353.0,347.2811164727856,5.479943022599905,,63.16548120830021,4.370782520618032,,,,,,,,,,,,,,,,
539,2025-05-15 22:17:40.597218,40.9439844,1.8402953,4.480214595794678,78.26776607657976,23.670000000000016,49.0,1011.0,,10.0,353.0,347.38460255114745,5.579957680189525,,65.65236862772724,4.372053719703599,,,,,,,,,,,,,,,,
540,2025-05-15 22:17:45.596874,40.9438619,1.8401593,4.619532108306885,76.49849436454716,23.670000000000016,49.0,1011.0,,10.4,356.0,352.8154360014452,5.800678440157297,,69.3139303659924,4.583261534212414,,,,,,,,,,,,,,,,
541,2025-05-15 22:17:50.596810,40.9437076,1.839992,4.1216888427734375,77.3671100118652,23.670000000000016,49.0,1011.0,,10.9,357.0,355.17875476117234,6.787388474720715,,72.54586477303752,4.107105331029264,,,,,,,,,,,,,,,,
542,2025-05-15 22:17:55.599214,40.9435373,1.8398262,4.649167060852051,76.80399506574349,23.670000000000016,49.0,1011.0,,11.0,357.0,354.808104564439,6.361859201700566,,71.61209963018251,4.630092498925344,,,,,,,,,,,,,,,,
543,2025-05-15 22:18:00.597288,40.9434181,1.8397043,4.2218451499938965,78.74719071480129,23.670000000000016,49.0,1011.0,,10.4,355.0,351.6004280656269,6.205139609637379,,70.3476187804282,4.176559208585711,,,,,,,,,,,,,,,,
544,2025-05-15 22:18:05.597096,40.9432578,1.8395216,4.349573135375977,78.39472563287195,23.670000000000016,49.0,1011.0,,11.1,353.0,348.53141675874247,6.803529257306592,,66.9261423916144,4.262729018376542,,,,,,,,,,,,,,,,
545,2025-05-15 22:18:10.597142,40.9431368,1.8393832,4.6288580894470215,75.83067944863834,23.670000000000016,49.0,1011.0,,10.7,356.0,352.9612336183858,6.090982132891526,,68.7919130670241,4.593972550202739,,,,,,,,,,,,,,,,
546,2025-05-15 22:18:15.596802,40.9429384,1.8391703,4.161721706390381,76.07800742867367,23.670000000000016,49.0,1011.0,,10.4,356.0,353.3398994778963,6.255156365962049,,69.41790690657001,4.1336369748743875,,,,,,,,,,,,,,,,
547,2025-05-15 22:18:20.597108,40.9428219,1.8390415,4.209808349609375,78.85500525084994,23.670000000000016,49.0,1011.0,,11.0,358.0,356.76094556059974,6.794344830965249,,75.6159508114497,4.20308310796909,,,,,,,,,,,,,,,,
548,2025-05-15 22:18:25.596566,40.9426832,1.838877,4.249847412109375,76.95235360470534,23.670000000000016,49.0,1011.0,,11.3,357.0,355.194509522085,7.059481565478683,,72.14686312679032,4.2349085018397865,,,,,,,,,,,,,,,,
549,2025-05-15 22:18:30.596748,40.942535,1.8386832,4.554473400115967,76.204891852885,23.670000000000016,49.0,1011.0,,10.8,354.0,349.65827374244435,6.2885228756321645,,65.86316559532935,4.480483986839428,,,,,,,,,,,,,,,,
550,2025-05-15 22:18:35.596818,40.9424202,1.838555,4.2022318840026855,77.66301429727766,23.670000000000016,49.0,1011.0,,10.9,354.0,350.26061865116185,6.735127284121802,,67.92363294843949,4.141666913353891,,,,,,,,,,,,,,,,
551,2025-05-15 22:18:40.597070,40.9422422,1.8383644,4.225455284118652,78.11832836772905,23.670000000000016,49.0,1011.0,,10.9,356.0,353.475306964669,6.691332788943606,,71.5936353323981,4.19808690746584,,,,,,,,,,,,,,,,
552,2025-05-15 22:18:45.597237,40.9421248,1.8382182,4.1525139808654785,75.55478761749401,23.670000000000016,49.0,1011.0,,11.1,354.0,350.4366333963409,6.983735784010227,,65.9914210138349,4.094804264273625,,,,,,,,,,,,,,,,
553,2025-05-15 22:18:50.597841,40.9419801,1.8380428,4.172123432159424,78.6238511587692,23.670000000000016,49.0,1011.0,,10.5,355.0,351.7193901962608,6.354165707017805,,70.34324135502999,4.128627317401982,,,,,,,,,,,,,,,,
554,2025-05-15 22:18:55.597485,40.9417881,1.8378345,4.312440872192383,78.3754918201692,23.670000000000016,49.0,1011.0,,10.6,355.0,351.5879617277561,6.315163872985159,,69.96345354792533,4.266045985891266,,,,,,,,,,,,,,,,
555,2025-05-15 22:19:00.596875,40.9416548,1.8376975,4.482051372528076,75.07084139404192,23.670000000000016,49.0,1011.0,,10.0,351.0,343.82937552855367,5.617062119479591,,58.900216922595575,4.304726172799309,,,,,,,,,,,,,,,,
556,2025-05-15 22:19:05.597713,40.9414849,1.8375406,4.193120002746582,78.68903165401863,23.670000000000016,49.0,1011.0,,9.9,358.0,356.5317806930296,5.711309407149708,,75.2208123470482,4.185440333395477,,,,,,,,,,,,,,,,
557,2025-05-15 22:19:10.597164,40.9413276,1.8373982,4.219919204711914,77.31767310265263,23.670000000000016,49.0,1011.0,,9.3,356.0,352.6903706895001,5.098864559187052,,70.00804379215276,4.185624232346218,,,,,,,,,,,,,,,,
558,2025-05-15 22:19:15.597559,40.9411781,1.8372399,4.2769880294799805,76.89345005330316,23.670000000000016,49.0,1011.0,,11.3,355.0,351.96874458258765,7.0491501155896055,,68.86219463589077,4.235039335559226,,,,,,,,,,,,,,,,
559,2025-05-15 22:19:20.598274,40.9410306,1.8370771,4.1341376304626465,78.11453078255052,23.670000000000016,49.0,1011.0,,10.8,357.0,355.14249402162415,6.675035586090047,,73.25702480417465,4.119289348166287,,,,,,,,,,,,,,,,
560,2025-05-15 22:19:25.598388,40.940891,1.8369157,4.403846740722656,76.33219291863568,23.670000000000016,49.0,1011.0,,10.2,355.0,351.22230243013416,5.825569081189953,,67.55449534876982,4.352268255494782,,,,,,,,,,,,,,,,
561,2025-05-15 22:19:30.597835,40.9407459,1.8367378,4.392306804656982,77.21127241576218,23.670000000000016,49.0,1011.0,,10.2,357.0,354.7356908494761,5.818255591603314,,71.94696326523831,4.373780251076536,,,,,,,,,,,,,,,,
562,2025-05-15 22:19:35.596827,40.9406007,1.8365601,3.991410970687866,77.36623574765143,23.670000000000016,49.0,1011.0,,10.5,355.0,351.94764658234817,6.533046008710888,,69.31388232999961,3.9520576039329307,,,,,,,,,,,,,,,,
563,2025-05-15 22:19:40.597160,40.9404556,1.8364011,4.149529457092285,75.82755122199846,23.670000000000016,49.0,1011.0,,10.4,356.0,353.35282678289093,6.2672664972838,,69.1803780048894,4.121635481683839,,,,,,,,,,,,,,,,
564,2025-05-15 22:19:45.598332,40.9402324,1.8361812,4.3397135734558105,77.28649328909154,23.670000000000016,49.0,1011.0,,10.6,2.0,3.3852898881589444,6.264761067347602,,80.67178317725049,4.332140865859892,,,,,,,,,,,,,,,,
565,2025-05-15 22:19:50.596843,40.9401017,1.8360398,4.396995544433594,77.25295706026677,23.670000000000016,49.0,1011.0,,9.5,355.0,350.71926901179694,5.134058870787447,,67.97222607206368,4.339438913239993,,,,,,,,,,,,,,,,
566,2025-05-15 22:19:55.597179,40.9399808,1.8359183,4.379411697387695,77.27975189238073,23.670000000000016,49.0,1011.0,,10.6,3.0,5.108105072582794,6.230807143457635,,82.38785696496352,4.3620187781688085,,,,,,,,,,,,,,,,
567,2025-05-15 22:20:00.596882,40.9398952,1.8358297,4.374570846557617,77.54517304352743,23.670000000000016,49.0,1011.0,,10.5,1.0,1.7140147201694866,6.126571141245592,,79.25918776369691,4.372613548792635,,,,,,,,,,,,,,,,
568,2025-05-15 22:20:05.597011,40.939633,1.8355822,4.060141086578369,76.7647009874484,23.670000000000016,49.0,1011.0,,9.6,358.0,356.5354784438757,5.544143277639009,,73.30017943132412,4.052720810385017,,,,,,,,,,,,,,,,
569,2025-05-15 22:20:10.598262,40.939521,1.8354547,4.567802429199219,76.6703829051997,23.670000000000016,49.0,1011.0,,9.9,358.0,356.2884598421661,5.337361338164067,,72.9588427473658,4.558221921921598,,,,,,,,,,,,,,,,
570,2025-05-15 22:20:15.596851,40.9393344,1.8352416,4.430574417114258,77.49357779453715,23.670000000000016,49.0,1011.0,,10.2,355.0,351.1820050405824,5.799155877492149,,68.67558283511954,4.378206286888059,,,,,,,,,,,,,,,,
571,2025-05-15 22:20:20.597027,40.9392168,1.8351053,4.231200218200684,77.86591872695122,23.670000000000016,49.0,1011.0,,9.9,0.0,0.0,9.9,,77.86591872695122,4.231200218200684,,,,,,,,,,,,,,,,
572,2025-05-15 22:20:25.597561,40.9390821,1.8349445,4.18011999130249,77.01579923190559,23.670000000000016,49.0,1011.0,,10.2,357.0,354.92068684996065,6.029578839867598,,71.93648608186624,4.163705061797962,,,,,,,,,,,,,,,,
573,2025-05-15 22:20:30.596578,40.9389306,1.8347362,4.369418621063232,76.90679624294135,23.670000000000016,49.0,1011.0,,10.6,357.0,354.9000634974235,6.240760595508105,,71.80685974036487,4.3521208090050445,,,,,,,,,,,,,,,,
574,2025-05-15 22:20:35.597709,40.9388134,1.8346013,4.240592956542969,77.31421019674345,23.670000000000016,49.0,1011.0,,10.0,356.0,353.06507069875846,5.777314853669984,,70.37928089550189,4.209568431914677,,,,,,,,,,,,,,,,
575,2025-05-15 22:20:40.596965,40.9386182,1.8344092,4.299897193908691,77.01950119443573,23.670000000000016,49.0,1011.0,,9.1,358.0,356.2103375339663,4.805066043950484,,73.22983872840206,4.290495079355057,,,,,,,,,,,,,,,,
576,2025-05-15 22:20:45.597206,40.9384914,1.8342817,4.120800495147705,78.13032217991159,23.670000000000016,49.0,1011.0,,10.3,356.0,353.3408697218016,6.19590918400304,,71.47119190171315,4.093000006659859,,,,,,,,,,,,,,,,
577,2025-05-15 22:20:50.597461,40.9383145,1.8341062,4.434783935546875,77.12146908855486,23.670000000000016,49.0,1011.0,,10.4,359.0,358.25672298620117,5.966393536160909,,75.37819207475604,4.432731372485583,,,,,,,,,,,,,,,,
578,2025-05-15 22:20:55.597306,40.9381973,1.8339819,4.270603656768799,76.74771430698259,23.670000000000016,49.0,1011.0,,10.8,358.0,356.69289740259063,6.53369801814972,,73.4406117095732,4.263491705589743,,,,,,,,,,,,,,,,
579,2025-05-15 22:21:00.597189,40.938049,1.8338236,4.72833776473999,76.24452061044941,23.670000000000016,49.0,1011.0,,10.0,1.0,1.8966936279671942,5.273028133581531,,78.14121423841661,4.725747238820484,,,,,,,,,,,,,,,,
580,2025-05-15 22:21:05.597014,40.9378907,1.8336403,4.271512031555176,77.59282727336661,23.670000000000016,49.0,1011.0,,10.3,356.0,353.1752541851797,6.046239663735324,,70.7680814585463,4.2412452818044395,,,,,,,,,,,,,,,,
581,2025-05-15 22:21:10.596833,40.9377492,1.8334715,4.4194722175598145,77.73612464215347,23.670000000000016,49.0,1011.0,,9.6,356.0,352.6014612000499,5.200439198651976,,70.3375858422034,4.382677666066799,,,,,,,,,,,,,,,,
582,2025-05-15 22:21:15.597281,40.9375903,1.8333073,4.370175838470459,77.20980392509063,23.670000000000016,49.0,1011.0,,9.5,356.0,352.6061322962008,5.149501041215459,,69.81593622129145,4.3338375708760974,,,,,,,,,,,,,,,,
583,2025-05-15 22:21:20.597059,40.9374322,1.8331455,4.249607563018799,76.05681335167911,23.670000000000016,49.0,1011.0,,9.5,356.0,352.77485118110616,5.269089629210123,,68.83166453278528,4.21586395051919,,,,,,,,,,,,,,,,
584,2025-05-15 22:21:25.597131,40.9372723,1.8329908,4.588762283325195,77.43425077140643,23.670000000000016,49.0,1011.0,,9.9,358.0,356.2738374889629,5.316445618362457,,73.70808826036932,4.579061857226714,,,,,,,,,,,,,,,,
585,2025-05-15 22:21:30.597365,40.9370752,1.8328306,4.349213123321533,77.8208258180508,23.670000000000016,49.0,1011.0,,10.1,357.0,354.73571991124817,5.761245585693464,,72.55654572929899,4.3308685393636415,,,,,,,,,,,,,,,,
586,2025-05-15 22:21:35.597169,40.9369692,1.8327016,5.013959884643555,75.32605824256862,23.670000000000016,49.0,1011.0,,9.9,356.0,351.9157694640528,4.910725032373705,,67.2418277066214,4.9641331585650414,,,,,,,,,,,,,,,,
587,2025-05-15 22:21:40.596947,40.9368199,1.8325266,4.5712199211120605,77.46007571665824,23.670000000000016,49.0,1011.0,,9.8,358.0,356.25334253565984,5.23399661073856,,73.71341825231809,4.5614500221147996,,,,,,,,,,,,,,,,
588,2025-05-15 22:21:45.597231,40.9366814,1.8323278,5.1361799240112305,77.38348880549488,23.670000000000016,49.0,1011.0,,9.5,357.0,353.480754309328,4.37911701386532,,70.8642431148229,5.1029682268766265,,,,,,,,,,,,,,,,
589,2025-05-15 22:21:50.597292,40.9364569,1.8321035,4.441404342651367,76.24286770467026,23.670000000000016,49.0,1011.0,,10.0,3.0,5.391940209522944,5.56953512312696,,81.6348079141932,4.421751985440344,,,,,,,,,,,,,,,,
590,2025-05-15 22:21:55.597410,40.936322,1.8319738,4.8780517578125,74.92871198760314,23.670000000000016,49.0,1011.0,,10.8,2.0,3.6458348292857496,5.927365102090674,,78.57454681688888,4.868179452474126,,,,,,,,,,,,,,,,
591,2025-05-15 22:22:00.597269,40.9361597,1.831813,4.170345306396484,77.92858571258608,23.670000000000016,49.0,1011.0,,10.6,1.0,1.6484863989375367,6.430701746412988,,79.57707211152362,4.168619319345945,,,,,,,,,,,,,,,,
592,2025-05-15 22:22:05.597103,40.9360225,1.8316399,4.249789714813232,79.04319062286213,23.670000000000016,49.0,1011.0,,10.0,3.0,5.2128442246930735,5.760330034464873,,84.2560348475552,4.232212823066056,,,,,,,,,,,,,,,,
593,2025-05-15 22:22:10.597248,40.9359122,1.8314843,5.081950664520264,73.34398515675511,23.670000000000016,49.0,1011.0,,9.8,3.0,6.221751826736096,4.732493678031574,,79.5657369834912,5.0520174229437425,,,,,,,,,,,,,,,,
594,2025-05-15 22:22:15.596912,40.9357462,1.8313302,4.301185607910156,75.85912035634227,23.670000000000016,49.0,1011.0,,10.1,4.0,6.956558174214714,5.817034750418965,,82.815678530557,4.269521432302526,,,,,,,,,,,,,,,,
595,2025-05-15 22:22:20.596969,40.9355752,1.8312054,4.638773441314697,77.26115328727079,23.670000000000016,49.0,1011.0,,10.0,6.0,11.14367636060093,5.408417877627485,,88.40482964787172,4.551312244636405,,,,,,,,,,,,,,,,
596,2025-05-15 22:22:25.597225,40.9354128,1.8310507,4.88903284072876,77.50197209702709,23.670000000000016,49.0,1011.0,,9.3,6.0,12.569139721354588,4.4670782691071516,,90.07111181838168,4.7718628431898304,,,,,,,,,,,,,,,,
597,2025-05-15 22:22:30.596985,40.9352816,1.8308877,4.610607624053955,77.76412841775053,23.670000000000016,49.0,1011.0,,9.1,5.0,10.095049732388599,4.524815844630688,,87.85917815013913,4.5392277077905465,,,,,,,,,,,,,,,,
598,2025-05-15 22:22:35.597343,40.9351427,1.8306931,5.08720588684082,75.95219534416204,23.670000000000016,49.0,1011.0,,8.5,9.0,21.897423281994502,3.5653761013719523,,97.84961862615654,4.720179381314937,,,,,,,,,,,,,,,,
599,2025-05-15 22:22:40.596917,40.9350206,1.8305123,4.515391826629639,77.85135676364075,23.670000000000016,49.0,1011.0,,8.3,6.0,13.06308928458155,3.8384727589683107,,90.9144460482223,4.398541510001538,,,,,,,,,,,,,,,,
600,2025-05-15 22:22:45.597074,40.9348535,1.8303326,5.525661468505859,76.30169612399159,23.670000000000016,49.0,1011.0,,8.3,5.0,14.775113437306649,2.836547079725441,,91.07680956129823,5.342951332735267,,,,,,,,,,,,,,,,
601,2025-05-15 22:22:50.597065,40.9346602,1.8301196,5.120573997497559,75.7829022753941,23.670000000000016,49.0,1011.0,,8.2,5.0,13.195063912200375,3.130882290498055,,88.97796618759446,4.985383531335431,,,,,,,,,,,,,,,,
602,2025-05-15 22:22:55.596867,40.9344944,1.8299626,4.446805953979492,77.35976755850743,23.670000000000016,49.0,1011.0,,8.0,6.0,13.402750491553693,3.6076237361124206,,90.76251805006112,4.325696091012497,,,,,,,,,,,,,,,,
603,2025-05-15 22:23:00.596783,40.9343692,1.8298703,4.376762390136719,77.5059336067457,23.670000000000016,49.0,1011.0,,8.1,7.0,15.082878045079319,3.7935474973513585,,92.58881165182501,4.22598483187705,,,,,,,,,,,,,,,,
604,2025-05-15 22:23:05.597268,40.9341853,1.8297071,4.419958114624023,76.7663197422817,23.670000000000016,49.0,1011.0,,8.7,5.0,10.12301876201812,4.314094798032103,,86.88933850429981,4.351151063681635,,,,,,,,,,,,,,,,
605,2025-05-15 22:23:10.597042,40.9340802,1.8295596,4.270163536071777,76.07894316458996,23.670000000000016,49.0,1011.0,,8.5,6.0,11.990956426135725,4.276585946353113,,88.06989959072568,4.176990298666163,,,,,,,,,,,,,,,,
606,2025-05-15 22:23:15.597139,40.9339229,1.829378,4.329843997955322,77.89599888005596,23.670000000000016,49.0,1011.0,,9.1,5.0,9.507787602395602,4.801484989237183,,87.40378648245155,4.2703656205759914,,,,,,,,,,,,,,,,
607,2025-05-15 22:23:20.596920,40.9337621,1.829221,4.509291648864746,77.70109943208965,23.670000000000016,49.0,1011.0,,9.1,5.0,9.875028702952797,4.6245973769074915,,87.57612813504244,4.442482726405024,,,,,,,,,,,,,,,,
608,2025-05-15 22:23:25.597181,40.9335983,1.8290635,4.420283794403076,77.95439699745957,23.670000000000016,49.0,1011.0,,9.6,6.0,11.073860033695626,5.224402711446982,,89.02825703115519,4.337979859999058,,,,,,,,,,,,,,,,
609,2025-05-15 22:23:30.597047,40.9334451,1.8288886,4.439939498901367,76.76713253479294,23.670000000000016,49.0,1011.0,,9.3,5.0,9.536677880677551,4.892283806663959,,86.30381041547048,4.378578399600588,,,,,,,,,,,,,,,,
610,2025-05-15 22:23:35.597138,40.9332966,1.8287066,4.131180286407471,76.03260716126059,23.670000000000016,49.0,1011.0,,10.7,6.0,9.748263921809956,6.605580719355203,,85.78087108307054,4.0715309589413105,,,,,,,,,,,,,,,,
611,2025-05-15 22:23:40.596972,40.9331579,1.8285465,4.404438495635986,77.37652201254147,23.670000000000016,49.0,1011.0,,10.2,2.0,3.518567523564144,5.800281689313806,,80.89508953610562,4.396135963252155,,,,,,,,,,,,,,,,
612,2025-05-15 22:23:45.596900,40.9329814,1.8283498,4.350088596343994,78.29061988954261,23.670000000000016,49.0,1011.0,,11.2,356.0,353.46740349616937,6.8672155940310455,,71.75802338571197,4.321844740148295,,,,,,,,,,,,,,,,
613,2025-05-15 22:23:50.596826,40.932867,1.8282087,4.549060821533203,77.0759731984934,23.670000000000016,49.0,1011.0,,11.2,2.0,3.366838654536958,6.655604108594671,,80.44281185303036,4.5412090777446465,,,,,,,,,,,,,,,,
614,2025-05-15 22:23:55.596862,40.9327188,1.8280324,4.221474647521973,76.49895198722155,23.670000000000016,49.0,1011.0,,10.9,357.0,355.1069055947664,6.687960994293356,,71.60585758198795,4.206089837182466,,,,,,,,,,,,,,,,
615,2025-05-15 22:24:00.597064,40.9325358,1.8278474,4.140376567840576,76.41976277398443,23.670000000000016,49.0,1011.0,,12.1,359.0,358.4799094807632,7.9605819942635865,,74.8996722547476,4.138919505920642,,,,,,,,,,,,,,,,
616,2025-05-15 22:24:05.597197,40.9324057,1.8277224,4.538387298583984,77.07347334925717,23.670000000000016,49.0,1011.0,,11.1,1.0,1.6915157529091802,6.562781901842233,,78.76498910216635,4.536409660375073,,,,,,,,,,,,,,,,
617,2025-05-15 22:24:10.596831,40.9322397,1.8275458,4.280993938446045,78.35927695107958,23.670000000000016,49.0,1011.0,,10.6,357.0,354.97122426708125,6.328840100540997,,73.33050121816086,4.2645155370695385,,,,,,,,,,,,,,,,
618,2025-05-15 22:24:15.597370,40.9320884,1.827377,4.4095940589904785,74.98013648186415,23.670000000000016,49.0,1011.0,,11.4,358.0,356.73933102760867,6.994785250943087,,71.71946750947279,4.402455351992352,,,,,,,,,,,,,,,,
619,2025-05-15 22:24:20.596789,40.9319418,1.8272208,4.130441188812256,77.1516380341188,23.670000000000016,49.0,1011.0,,11.7,353.0,349.2108102653177,7.616997594937587,,66.36244829943655,4.057425675541717,,,,,,,,,,,,,,,,
620,2025-05-15 22:24:25.596850,40.9317819,1.8270502,4.387936592102051,77.10006327569603,23.670000000000016,49.0,1011.0,,11.0,357.0,355.0126374110879,6.622060089672409,,72.11270068678391,4.371323413596751,,,,,,,,,,,,,,,,
621,2025-05-15 22:24:30.597037,40.9316648,1.8269281,4.518848896026611,76.39520141372905,23.670000000000016,49.0,1011.0,,10.8,355.0,351.4218808287122,6.310648446270202,,67.81708224244124,4.468298410427036,,,,,,,,,,,,,,,,
622,2025-05-15 22:24:35.596847,40.9315103,1.8267766,4.071134567260742,77.1029865966608,23.670000000000016,49.0,1011.0,,10.8,353.0,348.8018458999305,6.777395915666665,,65.90483249659133,3.993625915554498,,,,,,,,,,,,,,,,
623,2025-05-15 22:24:40.597200,40.9313608,1.8266379,4.309120178222656,77.63585063494851,23.670000000000016,49.0,1011.0,,10.5,351.0,344.83821310986673,6.280214469827976,,62.474063744815226,4.159124640852317,,,,,,,,,,,,,,,,
624,2025-05-15 22:24:45.597151,40.9311679,1.8264476,4.440260887145996,77.4361905451307,23.670000000000016,49.0,1011.0,,10.4,355.0,351.2952023718363,5.989151708247457,,68.73139291696702,4.38911448822375,,,,,,,,,,,,,,,,
625,2025-05-15 22:24:50.597029,40.9310085,1.8262768,4.221103668212891,77.69379112967773,23.670000000000016,49.0,1011.0,,9.9,353.0,347.8523510212485,5.733484122838203,,65.54614215092624,4.126587134590159,,,,,,,,,,,,,,,,
626,2025-05-15 22:24:55.597080,40.9308617,1.8261077,4.356786251068115,76.96144458649063,23.670000000000016,49.0,1011.0,,11.0,355.0,351.7367207943352,6.670608999841633,,68.69816538082586,4.311554547350962,,,,,,,,,,,,,,,,
627,2025-05-15 22:25:00.597207,40.9307385,1.8259679,4.430463790893555,78.4231392198192,23.670000000000016,49.0,1011.0,,11.0,356.0,353.31100658106925,6.587582145173351,,71.73414580088843,4.400305817867596,,,,,,,,,,,,,,,,
628,2025-05-15 22:25:05.596935,40.9305503,1.825773,4.413435935974121,77.39930069342347,23.670000000000016,49.0,1011.0,,10.7,1.0,1.7018968152206642,6.287708052004298,,79.10119750864413,4.411489069862957,,,,,,,,,,,,,,,,
629,2025-05-15 22:25:10.597146,40.930422,1.8256541,4.50953483581543,77.04509391325577,23.670000000000016,49.0,1011.0,,10.3,356.0,352.89631775351495,5.8099722737715815,,69.9414116667707,4.474919611691864,,,,,,,,,,,,,,,,
630,2025-05-15 22:25:15.596980,40.9302244,1.8254712,4.390392303466797,76.95221017073277,23.670000000000016,49.0,1011.0,,11.1,357.0,355.0403869234778,6.719554314002912,,71.99259709421057,4.373954171359773,,,,,,,,,,,,,,,,
631,2025-05-15 22:25:20.597155,40.9300961,1.8253446,4.430350303649902,75.75875072648893,23.670000000000016,49.0,1011.0,,11.1,3.0,4.989244264837407,6.679746814423651,,80.74799499132634,4.413563890986621,,,,,,,,,,,,,,,,
632,2025-05-15 22:25:25.597185,40.9299258,1.8251889,4.451358795166016,77.52175915505262,23.670000000000016,49.0,1011.0,,11.0,3.0,5.0355278625604365,6.558880327096297,,82.55728701761306,4.434178612104545,,,,,,,,,,,,,,,,
633,2025-05-15 22:25:30.596859,40.9297636,1.8250335,3.762481689453125,78.06145338251035,23.670000000000016,49.0,1011.0,,10.5,0.0,0.0,10.5,,78.06145338251035,3.762481689453125,,,,,,,,,,,,,,,,
634,2025-05-15 22:25:35.596838,40.9295889,1.8248521,4.347726345062256,77.37104420082711,23.670000000000016,49.0,1011.0,,10.6,3.0,5.082294099861468,6.262367292222824,,82.45333830068859,4.330633209034987,,,,,,,,,,,,,,,,
635,2025-05-15 22:25:40.597170,40.9294544,1.8247175,4.5392255783081055,76.27774948076151,23.670000000000016,49.0,1011.0,,10.9,5.0,8.549413493598781,6.390305574971494,,84.82716297436029,4.488785797068679,,,,,,,,,,,,,,,,
636,2025-05-15 22:25:45.597173,40.9292886,1.8245579,4.211259841918945,76.89888688388248,23.670000000000016,49.0,1011.0,,10.4,3.0,5.0377204621998555,6.198431217453618,,81.93660734608234,4.19499218123948,,,,,,,,,,,,,,,,
637,2025-05-15 22:25:50.596669,40.9290999,1.824378,4.360134601593018,77.05255247982943,23.670000000000016,49.0,1011.0,,10.2,3.0,5.235400129394727,5.850292838433227,,82.28795260922416,4.341945041350596,,,,,,,,,,,,,,,,
638,2025-05-15 22:25:55.596922,40.9289727,1.8242419,4.847923755645752,78.09684059260019,23.670000000000016,49.0,1011.0,,10.2,4.0,7.607522088119663,5.374535311734903,,85.70436268071985,4.805253147149468,,,,,,,,,,,,,,,,
639,2025-05-15 22:26:00.596957,40.9287708,1.8240266,4.3510355949401855,77.38864559831825,23.670000000000016,49.0,1011.0,,9.6,5.0,9.119274360331085,5.279159194738237,,86.50791995864934,4.296040882171516,,,,,,,,,,,,,,,,
640,2025-05-15 22:26:05.597152,40.92865,1.8238974,4.270334243774414,76.71579683299112,23.670000000000016,49.0,1011.0,,9.7,0.0,0.0,9.7,,76.71579683299112,4.270334243774414,,,,,,,,,,,,,,,,
641,2025-05-15 22:26:10.596823,40.9285052,1.8237292,4.480502605438232,76.76273389296745,23.670000000000016,49.0,1011.0,,9.1,5.0,9.814231462428289,4.652962506129325,,86.57696535539574,4.414933095323121,,,,,,,,,,,,,,,,
642,2025-05-15 22:26:15.597309,40.9283507,1.8235559,4.415384769439697,78.53536605807169,23.670000000000016,49.0,1011.0,,9.0,3.0,5.881702918471578,4.596478780216016,,84.41706897654326,4.392140385224001,,,,,,,,,,,,,,,,
643,2025-05-15 22:26:20.596835,40.9281654,1.8233746,4.100921630859375,75.98149002551222,23.670000000000016,49.0,1011.0,,9.1,3.0,5.455615223004089,5.009298518272901,,81.4371052485163,4.082345061208268,,,,,,,,,,,,,,,,
644,2025-05-15 22:26:25.597060,40.9280428,1.8232546,4.754957675933838,77.52544062701526,23.670000000000016,49.0,1011.0,,9.1,5.0,10.425822268736658,4.382773608019477,,87.95126289575191,4.676453390829999,,,,,,,,,,,,,,,,
645,2025-05-15 22:26:30.597168,40.9278495,1.8230329,4.507371425628662,78.88335736609466,23.670000000000016,49.0,1011.0,,9.1,3.0,5.9364364165346934,4.604852026642813,,84.81979378262935,4.483199504051346,,,,,,,,,,,,,,,,
646,2025-05-15 22:26:35.596880,40.9277293,1.8229019,4.3722453117370605,76.51779647914162,23.670000000000016,49.0,1011.0,,9.4,7.0,13.010963410025745,5.088320961959238,,89.52875988916736,4.259996671415437,,,,,,,,,,,,,,,,
647,2025-05-15 22:26:40.597232,40.9275739,1.8227601,4.165741443634033,75.9638203261294,23.670000000000016,49.0,1011.0,,9.2,6.0,10.92130089750795,5.075790970310712,,86.88512122363734,4.090292970433359,,,,,,,,,,,,,,,,
648,2025-05-15 22:26:45.597021,40.9274164,1.8226341,4.567955493927002,76.41556220764487,23.670000000000016,49.0,1011.0,,8.4,4.0,8.739657924218212,3.856358892076846,,85.15522013186308,4.514916748613145,,,,,,,,,,,,,,,,
649,2025-05-15 22:26:50.597582,40.927258,1.8224678,4.460530757904053,78.43493495651582,23.670000000000016,49.0,1011.0,,9.2,2.0,3.8801555561600365,4.74474085882765,,82.31509051267585,4.450306222919619,,,,,,,,,,,,,,,,
650,2025-05-15 22:26:55.597426,40.9271139,1.8222886,4.221189498901367,75.51168912383123,23.670000000000016,49.0,1011.0,,9.5,359.0,358.20054200024873,5.279967381625649,,73.71223112407995,4.219107850777475,,,,,,,,,,,,,,,,
651,2025-05-15 22:27:00.596901,40.926941,1.8220818,4.250880241394043,76.69203460486864,23.670000000000016,49.0,1011.0,,9.4,3.0,5.471201603835489,5.159743902634344,,82.16323620870412,4.231514282158355,,,,,,,,,,,,,,,,
652,2025-05-15 22:27:05.597205,40.9267824,1.8218985,4.291438579559326,75.5264764833843,23.670000000000016,49.0,1011.0,,9.9,2.0,3.5289304568020916,5.613174051266066,,79.05540694018639,4.283301350438017,,,,,,,,,,,,,,,,
653,2025-05-15 22:27:10.596877,40.9266217,1.8217424,4.449431896209717,76.55815606694722,23.670000000000016,49.0,1011.0,,10.0,358.0,356.3982905153308,5.555449194137637,,72.95644658227803,4.440643621078529,,,,,,,,,,,,,,,,
654,2025-05-15 22:27:15.597327,40.9264909,1.8216194,4.609300136566162,76.7299899660864,23.670000000000016,49.0,1011.0,,9.7,353.0,346.74505797525376,5.1557493509830925,,63.475047941340165,4.486506008294124,,,,,,,,,,,,,,,,
655,2025-05-15 22:27:20.597094,40.926329,1.8214631,4.520273208618164,76.9433855663251,23.670000000000016,49.0,1011.0,,10.7,2.0,3.461670570119312,6.184492773206977,,80.40505613644441,4.512025585944663,,,,,,,,,,,,,,,,
656,2025-05-15 22:27:25.596790,40.9261777,1.8213131,4.191957950592041,76.10748652513143,23.670000000000016,49.0,1011.0,,10.8,357.0,355.1001019650083,6.617424746278925,,71.20758849013976,4.176638223115793,,,,,,,,,,,,,,,,
657,2025-05-15 22:27:30.597015,40.9260373,1.8211754,4.33921480178833,76.92793567842254,23.670000000000016,49.0,1011.0,,10.7,353.0,348.27145830627967,6.414962720790617,,65.19939398470223,4.248619249036685,,,,,,,,,,,,,,,,
658,2025-05-15 22:27:35.596508,40.9258855,1.821025,4.389773845672607,77.50795534274003,23.670000000000016,49.0,1011.0,,9.8,1.0,1.8111888884226368,5.411437081203236,,79.31914423116267,4.387580746801247,,,,,,,,,,,,,,,,
659,2025-05-15 22:27:40.596398,40.9257307,1.8208626,4.389987468719482,76.12663837556416,23.670000000000016,49.0,1011.0,,10.7,0.0,0.0,10.7,,76.12663837556416,4.389987468719482,,,,,,,,,,,,,,,,
660,2025-05-15 22:27:45.596585,40.925568,1.820685,4.790892601013184,75.12769588869311,23.670000000000016,49.0,1011.0,,10.9,358.0,356.43301532794743,6.114312400187229,,71.56071121664053,4.781611416901421,,,,,,,,,,,,,,,,
661,2025-05-15 22:27:50.596972,40.9253975,1.8204797,4.456193923950195,76.99800658911771,23.670000000000016,49.0,1011.0,,10.4,353.0,347.808349147594,6.001643040036543,,64.80635573671174,4.355691948301201,,,,,,,,,,,,,,,,
662,2025-05-15 22:27:55.598026,40.9252375,1.8202857,4.6933722496032715,79.27316309221646,23.670000000000016,49.0,1011.0,,10.0,353.0,346.88807355558265,5.372147781108402,,66.16123664779911,4.571010250061729,,,,,,,,,,,,,,,,
663,2025-05-15 22:28:00.597134,40.9250745,1.8201055,4.35349702835083,76.74046064608403,23.670000000000016,49.0,1011.0,,9.7,354.0,349.15653151481496,5.389597658751189,,65.896992160899,4.275764502206168,,,,,,,,,,,,,,,,
664,2025-05-15 22:28:05.597739,40.9249147,1.8199613,4.260734558105469,75.29009046639933,23.670000000000016,49.0,1011.0,,9.9,354.0,349.50290354222005,5.680093447166936,,64.79299400861942,4.189427506738894,,,,,,,,,,,,,,,,
665,2025-05-15 22:28:10.597621,40.9247624,1.8198124,4.230311393737793,78.08531806347037,23.670000000000016,49.0,1011.0,,10.0,357.0,354.8046994090084,5.7797280652363066,,72.89001747247875,4.2129325510005415,,,,,,,,,,,,,,,,
666,2025-05-15 22:28:15.597382,40.9246251,1.8196629,4.40671968460083,78.18579697635043,23.670000000000016,49.0,1011.0,,10.3,1.0,1.7475877446104282,5.89445322907652,,79.93338472096086,4.40467001209171,,,,,,,,,,,,,,,,
667,2025-05-15 22:28:20.596844,40.9244826,1.8195097,4.584504127502441,76.15661607583134,23.670000000000016,49.0,1011.0,,12.1,0.0,0.0,12.1,,76.15661607583134,4.584504127502441,,,,,,,,,,,,,,,,
668,2025-05-15 22:28:25.597178,40.924324,1.8193513,4.60648775100708,77.54624538322712,23.670000000000016,49.0,1011.0,,11.9,6.0,9.764132829977523,7.334569495687365,,87.31037821320464,4.539759351377797,,,,,,,,,,,,,,,,
669,2025-05-15 22:28:30.596791,40.9241687,1.819185,4.490410804748535,77.43370435627281,23.670000000000016,49.0,1011.0,,12.3,3.0,4.722295855473299,7.819275581308669,,82.15600021174612,4.475167773562123,,,,,,,,,,,,,,,,
670,2025-05-15 22:28:35.597281,40.9239972,1.8189707,4.460029602050781,76.42494688756446,23.670000000000016,49.0,1011.0,,12.6,4.0,6.185908711159662,8.156770265235922,,82.61085559872413,4.434061058289573,,,,,,,,,,,,,,,,
671,2025-05-15 22:28:40.597221,40.9238699,1.8188382,4.718815326690674,76.58015610626383,23.670000000000016,49.0,1011.0,,12.8,4.0,6.329209002190683,8.099371119200288,,82.90936510845451,4.690053602183554,,,,,,,,,,,,,,,,
672,2025-05-15 22:28:45.598654,40.923696,1.8186736,4.589611053466797,76.18697626669206,23.670000000000016,49.0,1011.0,,12.2,4.0,6.405378356801379,7.62829033445456,,82.59235462349343,4.560960182445522,,,,,,,,,,,,,,,,
673,2025-05-15 22:28:50.597518,40.9235294,1.8185131,4.621611595153809,75.75823163211201,23.670000000000016,49.0,1011.0,,11.7,2.0,3.3048273757158575,7.08304043862534,,79.06305900782787,4.613925684506129,,,,,,,,,,,,,,,,
674,2025-05-15 22:28:55.597007,40.9233748,1.8183541,4.291274547576904,77.61837218086245,23.670000000000016,49.0,1011.0,,12.2,7.0,10.768054855494043,7.957914872599251,,88.3864270363565,4.2157119491696,,,,,,,,,,,,,,,,
675,2025-05-15 22:29:00.598103,40.9232373,1.8182056,4.5288519859313965,78.31893102365233,23.670000000000016,49.0,1011.0,,11.2,2.0,3.3566524654427345,6.675778168957741,,81.67558348909506,4.5210823368189255,,,,,,,,,,,,,,,,
676,2025-05-15 22:29:05.596823,40.9231509,1.818113,4.522398471832275,75.30427676930545,23.670000000000016,49.0,1011.0,,11.3,2.0,3.333459025498996,6.78219313596056,,78.63773579480444,4.514746712519356,,,,,,,,,,,,,,,,
677,2025-05-15 22:29:10.597214,40.9229976,1.8179568,4.541945457458496,78.39362597241558,23.670000000000016,49.0,1011.0,,11.6,2.0,3.286043159886997,7.062600398720729,,81.67966913230258,4.534477632421591,,,,,,,,,,,,,,,,
678,2025-05-15 22:29:15.597077,40.9228404,1.8177912,4.681987285614014,77.05018240418742,23.670000000000016,49.0,1011.0,,10.8,4.0,7.050054845634349,6.138112855329851,,84.10023724982177,4.6465882085445775,,,,,,,,,,,,,,,,
679,2025-05-15 22:29:20.597330,40.9226904,1.8176377,4.235919952392578,74.61781543696249,23.670000000000016,49.0,1011.0,,10.6,4.0,6.654024382672524,6.381243358486851,,81.271839819635,4.207386581274558,,,,,,,,,,,,,,,,
680,2025-05-15 22:29:25.596928,40.9225507,1.817469,4.390707015991211,76.70636434174733,23.670000000000016,49.0,1011.0,,10.3,2.0,3.48472827002717,5.913953194989662,,80.19109261177451,4.382588752233759,,,,,,,,,,,,,,,,
681,2025-05-15 22:29:30.596876,40.9223048,1.8171891,4.449921607971191,78.4334596356551,23.670000000000016,49.0,1011.0,,10.1,357.0,354.6422001850603,5.660969421117185,,73.07565982071537,4.430479937673535,,,,,,,,,,,,,,,,
682,2025-05-15 22:29:35.596759,40.9221558,1.8170634,4.317657947540283,77.34254865160983,23.670000000000016,49.0,1011.0,,10.1,2.0,3.4920746771013214,5.786934392491857,,80.83462332871116,4.309641063993393,,,,,,,,,,,,,,,,
683,2025-05-15 22:29:40.597323,40.9220146,1.816939,4.306827545166016,76.59381648460386,23.670000000000016,49.0,1011.0,,10.0,357.0,354.73509690726263,5.703530463656178,,71.32891339186648,4.288657442795932,,,,,,,,,,,,,,,,
684,2025-05-15 22:29:45.597411,40.9218915,1.8168308,4.3596882820129395,78.80800671917109,23.670000000000016,49.0,1011.0,,9.5,358.0,356.3054405938393,5.145217666911653,,75.1134473130104,4.350627722874515,,,,,,,,,,,,,,,,
685,2025-05-15 22:29:50.597262,40.9216842,1.8166386,4.5394415855407715,76.5113077994301,23.670000000000016,49.0,1011.0,,9.7,359.0,358.1205900021799,5.161857795454668,,74.63189780160997,4.536999666303317,,,,,,,,,,,,,,,,
686,2025-05-15 22:29:55.596989,40.92155,1.8164912,4.569962978363037,76.81213665123414,23.670000000000016,49.0,1011.0,,10.0,357.0,354.4808612468694,5.44155874405876,,71.29299789810352,4.548777210702644,,,,,,,,,,,,,,,,
687,2025-05-15 22:30:00.597486,40.9213842,1.816287,4.917486190795898,77.86270853804132,23.670000000000016,49.0,1011.0,,10.3,1.0,1.9133531514460156,5.383946825494913,,79.77606168948734,4.914744504252248,,,,,,,,,,,,,,,,
688,2025-05-15 22:30:05.597202,40.921274,1.8161463,4.6009979248046875,75.58230644966,23.670000000000016,49.0,1011.0,,9.6,356.0,352.3346937150824,5.020479210397871,,67.91700016474238,4.559884094239449,,,,,,,,,,,,,,,,
689,2025-05-15 22:30:10.602599,40.9210955,1.8159543,4.849094390869141,78.20533131737666,23.670000000000016,49.0,1011.0,,10.2,3.0,5.712018193199841,5.36355845970298,,83.9173495105765,4.825017255489768,,,,,,,,,,,,,,,,
690,2025-05-15 22:30:15.596761,40.9209762,1.8158206,4.521345138549805,76.50796100673679,23.670000000000016,49.0,1011.0,,10.8,7.0,11.988773801472432,6.336359961655909,,88.49673480820923,4.422727000486623,,,,,,,,,,,,,,,,
691,2025-05-15 22:30:20.597524,40.9208005,1.8156536,4.121153354644775,76.14307864089638,23.670000000000016,49.0,1011.0,,10.8,5.0,8.071151127462477,6.704157571166191,,84.21422976835885,4.080331175670614,,,,,,,,,,,,,,,,
692,2025-05-15 22:30:25.596502,40.9206841,1.8155465,4.149627208709717,77.40362420316808,23.670000000000016,49.0,1011.0,,10.0,3.0,5.123867411811213,5.860085340205369,,82.5274916149793,4.133045085700792,,,,,,,,,,,,,,,,
693,2025-05-15 22:30:30.597460,40.9205097,1.8154013,4.236318111419678,76.64278894095285,23.670000000000016,49.0,1011.0,,10.3,1.0,1.698493519371237,6.064777770727154,,78.3412824603241,4.234456841803883,,,,,,,,,,,,,,,,
694,2025-05-15 22:30:35.597301,40.9203885,1.8152985,4.468855381011963,76.91290926224852,23.670000000000016,49.0,1011.0,,10.2,357.0,354.6656096341408,5.742034189020509,,71.57851889638937,4.4495011065439645,,,,,,,,,,,,,,,,
695,2025-05-15 22:30:40.596817,40.9202093,1.8151343,4.239202499389648,77.5977928208932,23.670000000000016,49.0,1011.0,,10.3,356.0,353.211445640789,6.078321472123635,,70.80923846168218,4.209482049063933,,,,,,,,,,,,,,,,
696,2025-05-15 22:30:45.597001,40.9200584,1.8149812,4.766862869262695,77.56812247913867,23.670000000000016,49.0,1011.0,,10.0,0.0,0.0,10.0,,77.56812247913867,4.766862869262695,,,,,,,,,,,,,,,,
697,2025-05-15 22:30:50.596861,40.91993,1.8148265,4.700314044952393,75.39056254909022,23.670000000000016,49.0,1011.0,,10.6,2.0,3.591905489932491,5.904828229485303,,78.9824680390227,4.691080697526549,,,,,,,,,,,,,,,,
698,2025-05-15 22:30:55.596930,40.9197274,1.8145889,5.01876163482666,76.91086703568668,23.670000000000016,49.0,1011.0,,10.1,5.0,9.901793606050152,5.119058601820871,,86.81266064173683,4.944001878188208,,,,,,,,,,,,,,,,
699,2025-05-15 22:31:00.597051,40.9195268,1.8144132,3.812333822250366,77.93738299623706,23.670000000000016,49.0,1011.0,,10.5,358.0,356.86066852232887,6.691311432817006,,74.7980515185659,3.806612698292042,,,,,,,,,,,,,,,,
700,2025-05-15 22:31:05.596824,40.919394,1.8142175,4.6219868659973145,77.12148957912237,23.670000000000016,49.0,1011.0,,9.8,5.0,9.433467765537332,5.211194287545802,,86.5549573446597,4.559481846758976,,,,,,,,,,,,,,,,
701,2025-05-15 22:31:10.596843,40.9192538,1.8140634,4.241145610809326,73.69970823891855,23.670000000000016,49.0,1011.0,,10.0,3.0,5.205044136564457,5.768938440398615,,78.904752375483,4.223656889588577,,,,,,,,,,,,,,,,
702,2025-05-15 22:31:15.597367,40.9191358,1.8139851,4.269650459289551,78.54565232296173,23.670000000000016,49.0,1011.0,,9.8,3.0,5.31136001328566,5.540708766096801,,83.8570123362474,4.25131813578194,,,,,,,,,,,,,,,,
703,2025-05-15 22:31:20.596909,40.9190103,1.8137154,5.266074180603027,77.71741675401681,23.670000000000016,49.0,1011.0,,9.5,5.0,11.157933562748724,4.278652695019431,,88.87535031676553,5.166532199640049,,,,,,,,,,,,,,,,
704,2025-05-15 22:31:25.597164,40.9188333,1.813587,4.348615646362305,76.48059926892172,23.670000000000016,49.0,1011.0,,9.2,5.0,9.451946153162858,4.882664188985374,,85.93254542208459,4.289577447524338,,,,,,,,,,,,,,,,
705,2025-05-15 22:31:30.597021,40.9186912,1.8134582,4.329883098602295,76.29541234995517,23.670000000000016,49.0,1011.0,,9.3,5.0,9.3277664648674,5.0008524417870035,,85.62317881482257,4.27263028707169,,,,,,,,,,,,,,,,
706,2025-05-15 22:31:35.597618,40.9185514,1.8133436,4.349973201751709,77.7121575083559,23.670000000000016,49.0,1011.0,,8.7,6.0,11.935017916778252,4.397427467357579,,89.64717542513415,4.255938851887768,,,,,,,,,,,,,,,,
707,2025-05-15 22:31:40.597075,40.9183555,1.8130984,5.965057373046875,77.49656941739362,23.670000000000016,49.0,1011.0,,8.7,2.0,6.347074889013952,2.746477462809082,,83.84364430640757,5.928494321091873,,,,,,,,,,,,,,,,
708,2025-05-15 22:31:45.596749,40.9181648,1.8129265,4.4659199714660645,217.98486328125,23.670000000000016,49.0,1011.0,,8.8,3.0,6.082511122104945,4.3464892182620565,,224.06737440335493,4.440778332291354,,,,,,,,,,,,,,,,
709,2025-05-15 22:31:50.597170,40.9180394,1.8128059,4.410180568695068,76.48016213681484,23.670000000000016,49.0,1011.0,,9.6,2.0,3.6978292742069905,5.194786591973026,,80.17799141102184,4.400998848154334,,,,,,,,,,,,,,,,
710,2025-05-15 22:31:55.597039,40.9178876,1.8126613,4.798215866088867,75.94660824942096,23.670000000000016,49.0,1011.0,,9.7,0.0,0.0,9.7,,75.94660824942096,4.798215866088867,,,,,,,,,,,,,,,,
711,2025-05-15 22:32:00.597051,40.9177323,1.8124937,4.503861427307129,77.51754492833473,23.670000000000016,49.0,1011.0,,9.5,5.0,9.477099745247308,5.028621395048808,,86.99464467358203,4.442390428603615,,,,,,,,,,,,,,,,
712,2025-05-15 22:32:05.597123,40.9175921,1.8123143,4.637134552001953,79.49018552290444,23.670000000000016,49.0,1011.0,,9.1,3.0,6.10823885050027,4.475804909135013,,85.59842437340471,4.610807932865101,,,,,,,,,,,,,,,,
713,2025-05-15 22:32:10.597254,40.9174438,1.812147,4.131389617919922,76.43989817165762,23.670000000000016,49.0,1011.0,,9.9,3.0,5.144464338794847,5.778319121751427,,81.58436251045246,4.114747468095177,,,,,,,,,,,,,,,,
714,2025-05-15 22:32:15.597246,40.91733,1.8120101,4.637527942657471,76.07758395694512,23.670000000000016,49.0,1011.0,,8.8,3.0,6.332003314802905,4.1758869327929835,,82.40958727174802,4.609236735230872,,,,,,,,,,,,,,,,
715,2025-05-15 22:32:20.597484,40.9171422,1.8118124,4.389930248260498,78.51057247138453,23.670000000000016,49.0,1011.0,,9.0,2.0,3.9023062918681193,4.615287553340401,,82.41287876325265,4.379752371672752,,,,,,,,,,,,,,,,
716,2025-05-15 22:32:25.597138,40.9170193,1.811702,4.350074291229248,76.7408567970559,23.670000000000016,49.0,1011.0,,10.2,5.0,8.697721910585882,5.878717466979242,,85.43857870764178,4.3000480026639485,,,,,,,,,,,,,,,,
717,2025-05-15 22:32:30.597457,40.916903,1.8115861,4.344732284545898,61.11970873123815,23.670000000000016,49.0,1011.0,,10.7,11.0,18.34081401161869,6.4882726573933995,,79.46052274285684,4.124026695916099,,,,,,,,,,,,,,,,
718,2025-05-15 22:32:35.597267,40.9167812,1.8114809,4.733107089996338,73.46243429734147,23.670000000000016,49.0,1011.0,,11.0,9.0,15.67663294774207,6.368354544045675,,89.13906724508354,4.557045094970998,,,,,,,,,,,,,,,,
719,2025-05-15 22:32:40.596706,40.9166318,1.8112947,4.279237270355225,-123.28729142456132,23.670000000000016,49.0,1011.0,,11.0,4.0,6.539203018019761,6.737802298995829,,243.25191159345843,4.251397267339496,,,,,,,,,,,,,,,,
720,2025-05-15 22:32:45.597112,40.9164164,1.8111273,4.280207633972168,166.76618564297647,23.670000000000016,49.0,1011.0,,11.8,0.0,0.0,11.8,,166.76618564297647,4.280207633972168,,,,,,,,,,,,,,,,