id,Time,Latitude,Longitude,SpeedOverGround (m/s),CourseOverGround (deg),Temperature (C),Humidity (%),Pressure (hPa),Device1_MAC,Device1_WindSpeed (m/s),Device1_WindAngle (deg),Device1_TrueWindAngle (deg),Device1_TrueWindSpeed (m/s),Device1_CrossWindSpeed (m/s),Device1_TrueWindDirection (deg),Device1_VelocityMadeGood (m/s),Device2_MAC,Device2_WindSpeed (m/s),Device2_WindAngle (deg),Device2_TrueWindAngle (deg),Device2_TrueWindSpeed (m/s),Device2_CrossWindSpeed (m/s),Device2_TrueWindDirection (deg),Device2_VelocityMadeGood (m/s),Device3_MAC,Device3_WindSpeed (m/s),Device3_WindAngle (deg),Device3_TrueWindAngle (deg),Device3_TrueWindSpeed (m/s),Device3_CrossWindSpeed (m/s),Device3_TrueWindDirection (deg),Device3_VelocityMadeGood (m/s)
1,2025-05-15 22:33:13.366174,40.9155471,1.8101716,6.347046375274658,161.92796650288457,23.670000000000016,49.0,1011.0,,12.2,9.0,18.50349262591497,6.013630131563392,,180.43145912879953,6.018931441336064,,,,,,,,,,,,,,,,
2,2025-05-15 22:33:18.366146,40.9153815,1.8100588,3.8707518577575684,212.99114990234375,23.670000000000016,49.0,1011.0,,13.5,4.0,5.6046173602009235,9.642458276985097,,218.59576726254468,3.8522478551753814,,,,,,,,,,,,,,,,
3,2025-05-15 22:33:23.366157,40.9151862,1.8098345,4.845314979553223,61.69071254585122,23.670000000000016,49.0,1011.0,,13.6,6.0,8.35770285165649,9.780260424476362,,128.25134648520526,3.808226787665592,,,,,,,,,,,,,,,,
4,2025-05-15 22:33:28.365823,40.9151862,1.8098345,4.845314979553223,61.69071254585122,23.670000000000016,49.0,1011.0,,12.9,6.0,9.58619739076011,8.097083663477035,,71.27690993661133,4.777655888907189,,,,,,,,,,,,,,,,
5,2025-05-15 22:33:33.365827,40.9149692,1.8096657,5.067675590515137,67.44698424247369,23.670000000000016,49.0,1011.0,,12.0,4.0,6.91400119497435,6.953660344829324,,74.36098543744804,5.03082322463957,,,,,,,,,,,,,,,,
6,2025-05-15 22:33:38.365803,40.9148756,1.8095703,4.082976818084717,68.38404521546443,23.670000000000016,49.0,1011.0,,12.3,4.0,5.982762907851728,8.231897700991214,,74.36680812331615,4.060738056508419,,,,,,,,,,,,,,,,
7,2025-05-15 22:33:43.366484,40.9146965,1.8094545,5.780119895935059,69.19476134918825,23.670000000000016,49.0,1011.0,,12.9,4.0,7.234830484630091,7.145345254112914,,76.42959183381835,5.734100471980274,,,,,,,,,,,,,,,,
8,2025-05-15 22:33:48.366167,40.9145439,1.8093165,4.137948989868164,213.0210418701172,23.670000000000016,49.0,1011.0,,12.8,6.0,8.851201158509431,8.695483397190948,,221.87224302862663,4.088671290511358,,,,,,,,,,,,,,,,
9,2025-05-15 22:33:53.366296,40.9142908,1.8089991,4.8379902839660645,68.15050738736335,23.670000000000016,49.0,1011.0,,13.3,9.0,13.587463125005176,8.856184425432781,,82.86276606488622,4.40120773314616,,,,,,,,,,,,,,,,
10,2025-05-15 22:33:58.365191,40.9140849,1.8088039,5.168476581573486,67.5155183606056,23.670000000000016,49.0,1011.0,,12.6,11.0,17.70621671261582,7.904983240502878,,85.85672409997917,4.60880736636345,,,,,,,,,,,,,,,,
11,2025-05-15 22:34:03.365489,40.9138779,1.8086764,4.294047832489014,69.23699923901562,23.670000000000016,49.0,1011.0,,12.0,13.0,22.47824409030959,7.0603779994547065,,89.99376245091518,4.775800412934748,,,,,,,,,,,,,,,,
12,2025-05-15 22:34:08.365356,40.9137121,1.8085852,4.020726203918457,68.67899327439308,23.670000000000016,49.0,1011.0,,11.7,11.0,17.24711808513045,7.529557844245792,,86.48411732414607,4.10096536609043,,,,,,,,,,,,,,,,
13,2025-05-15 22:34:13.365634,40.9135688,1.8084183,4.418231964111328,69.49431978580668,23.670000000000016,49.0,1011.0,,10.9,14.0,21.91245655478811,7.0659777772915735,,90.59144982918119,3.7302494081824964,,,,,,,,,,,,,,,,
14,2025-05-15 22:34:18.365475,40.9134368,1.8082242,4.6186370849609375,68.57711417273318,23.670000000000016,49.0,1011.0,,9.6,9.0,17.160942569087265,5.0897689295347,,85.73805674182044,4.413014062455041,,,,,,,,,,,,,,,,
15,2025-05-15 22:34:23.366268,40.9132545,1.8080894,4.759160041809082,68.93653921742676,23.670000000000016,49.0,1011.0,,10.1,4.0,7.356947837344248,5.502054608604723,,75.93406201007743,4.580614892709826,,,,,,,,,,,,,,,,
16,2025-05-15 22:34:28.366001,40.9130991,1.8079292,4.222176551818848,67.3317794417431,23.670000000000016,49.0,1011.0,,10.2,7.0,13.04565133091947,5.506942002498296,,81.98219054834622,4.63632860618488,,,,,,,,,,,,,,,,
17,2025-05-15 22:34:33.365968,40.9129831,1.8077624,3.4047865867614746,69.10712319194782,23.670000000000016,49.0,1011.0,,9.0,10.0,18.61034759748723,4.897161951989432,,85.94212703923033,4.0014022780415806,,,,,,,,,,,,,,,,
18,2025-05-15 22:34:38.366402,40.9128639,1.8076436,4.055422782897949,69.21239689762523,23.670000000000016,49.0,1011.0,,8.4,3.0,5.041123930586893,5.003053889786743,,74.14824712253471,3.391616482862374,,,,,,,,,,,,,,,,
19,2025-05-15 22:34:43.365384,40.9127099,1.8075216,4.308775901794434,67.77796154927417,23.670000000000016,49.0,1011.0,,7.9,3.0,6.155321519330738,3.855980740451875,,75.36771841695597,4.032042776434161,,,,,,,,,,,,,,,,
20,2025-05-15 22:34:48.366476,40.9125704,1.8073957,4.4453935623168945,69.13702576013414,23.670000000000016,49.0,1011.0,,8.5,3.0,6.075438169054906,4.2031827120626835,,73.85339971832907,4.284575259334549,,,,,,,,,,,,,,,,
21,2025-05-15 22:34:53.365367,40.9124221,1.8072667,4.668951511383057,70.48614521556257,23.670000000000016,49.0,1011.0,,8.3,4.0,8.58658981595465,3.8778535463956842,,77.72361557608879,4.395566715058638,,,,,,,,,,,,,,,,
22,2025-05-15 22:34:58.365887,40.9124221,1.8072667,4.668951511383057,70.48614521556257,23.670000000000016,49.0,1011.0,,7.8,3.0,7.453381833993366,3.1469482608110595,,77.93952704955593,4.629502300845344,,,,,,,,,,,,,,,,
23,2025-05-15 22:35:03.366098,40.9120979,1.8069551,4.749025821685791,70.32711109092799,23.670000000000016,49.0,1011.0,,7.5,3.0,7.411242911358484,3.0430196688505315,,75.13572407943145,4.4347629219785665,,,,,,,,,,,,,,,,
24,2025-05-15 22:35:08.366170,40.9120979,1.8069551,4.749025821685791,70.32711109092799,23.670000000000016,49.0,1011.0,,8.0,8.0,19.334966341061413,3.3627828049881856,,89.6620774319894,4.481176349946169,,,,,,,,,,,,,,,,
25,2025-05-15 22:35:13.366331,40.9117885,1.806597,4.479860305786133,67.55502417476495,23.670000000000016,49.0,1011.0,,7.8,9.0,20.680872997920485,3.4550346364414226,,91.69514893067596,4.1834308920462755,,,,,,,,,,,,,,,,
26,2025-05-15 22:35:18.365872,40.9116439,1.8064386,4.489853382110596,67.82349842047064,23.670000000000016,49.0,1011.0,,7.6,8.0,19.148392835196667,3.22458627393761,,86.70341700996161,4.231999500706026,,,,,,,,,,,,,,,,
27,2025-05-15 22:35:23.366268,40.9116439,1.8064386,4.489853382110596,67.82349842047064,23.670000000000016,49.0,1011.0,,8.3,8.0,17.20986093961544,3.9041712728953377,,85.03335936008608,4.288831219002033,,,,,,,,,,,,,,,,
28,2025-05-15 22:35:28.365860,40.9114582,1.8062723,4.390303611755371,69.0557191882543,23.670000000000016,49.0,1011.0,,8.4,4.0,8.356076657379013,4.032038407075691,,77.41179584563332,4.343696282630266,,,,,,,,,,,,,,,,
29,2025-05-15 22:35:33.366147,40.9113048,1.8061233,4.7873029708862305,69.6049210390367,23.670000000000016,49.0,1011.0,,8.1,5.0,12.13986376232293,3.356944915159225,,81.74478480135963,4.680245267003443,,,,,,,,,,,,,,,,
30,2025-05-15 22:35:38.366126,40.9111433,1.8059772,4.104118347167969,69.39151860860882,23.670000000000016,49.0,1011.0,,8.0,9.0,18.24026701004954,3.9982933820362025,,87.63178561865836,3.897895882734218,,,,,,,,,,,,,,,,
31,2025-05-15 22:35:43.365453,40.9110174,1.805849,4.165544509887695,66.78078808139816,23.670000000000016,49.0,1011.0,,8.1,9.0,18.285225828570407,4.038657351223009,,85.06601390996856,3.9552112196250433,,,,,,,,,,,,,,,,
32,2025-05-15 22:35:48.366223,40.9107078,1.8056122,4.700325012207031,68.5100280547053,23.670000000000016,49.0,1011.0,,9.2,6.0,12.196238454874818,4.552016503113482,,80.70626650958012,4.5942375765109045,,,,,,,,,,,,,,,,
33,2025-05-15 22:35:53.366142,40.9105345,1.8054588,4.6899919509887695,68.85654404186756,23.670000000000016,49.0,1011.0,,9.3,6.0,12.063286791695788,4.651444831084218,,80.57331484640109,4.596529392033398,,,,,,,,,,,,,,,,
34,2025-05-15 22:35:58.366173,40.910374,1.8052978,4.281510829925537,68.80040671707923,23.670000000000016,49.0,1011.0,,9.0,0.0,0.0,9.0,,68.85654404186756,4.6899919509887695,,,,,,,,,,,,,,,,
35,2025-05-15 22:36:03.366177,40.910374,1.8052978,4.281510829925537,68.80040671707923,23.670000000000016,49.0,1011.0,,10.0,356.0,353.0157269433579,5.736698466202752,,61.81613366043712,4.249740160508343,,,,,,,,,,,,,,,,
36,2025-05-15 22:36:08.366154,40.9100626,1.8050201,4.171738147735596,69.76398931461712,23.670000000000016,49.0,1011.0,,9.9,1.0,1.8429657185859813,5.372430189237111,,69.76938142947039,4.5264983607196045,,,,,,,,,,,,,,,,
37,2025-05-15 22:36:13.365888,40.9100626,1.8050201,4.171738147735596,69.76398931461712,23.670000000000016,49.0,1011.0,,9.6,8.0,14.060024935568478,5.499593517641288,,83.8240142501856,4.046760167334676,,,,,,,,,,,,,,,,
38,2025-05-15 22:36:18.366314,40.9097557,1.8046338,4.361883640289307,67.39642718223726,23.670000000000016,49.0,1011.0,,9.0,0.0,0.0,9.0,,68.85345679636272,4.687430381774902,,,,,,,,,,,,,,,,
39,2025-05-15 22:36:23.365678,40.9097557,1.8046338,4.361883640289307,67.39642718223726,23.670000000000016,49.0,1011.0,,9.6,4.0,7.317723953996779,5.257553549020438,,74.71415113623404,4.326356485350012,,,,,,,,,,,,,,,,
40,2025-05-15 22:36:28.368999,40.9095938,1.8044298,4.2214484214782715,68.57502413484715,23.670000000000016,49.0,1011.0,,9.7,5.0,8.830848647801217,5.506919899704332,,77.40587278264837,4.171406819037417,,,,,,,,,,,,,,,,
41,2025-05-15 22:36:33.366305,40.9094607,1.8042857,4.229568958282471,70.2738356154019,23.670000000000016,49.0,1011.0,,10.3,4.0,6.77783719109254,6.087887580334448,,77.05167280649444,4.200009491102785,,,,,,,,,,,,,,,,
42,2025-05-15 22:36:38.366037,40.909316,1.8041253,4.637566566467285,67.39926171074282,23.670000000000016,49.0,1011.0,,9.7,5.0,9.549087228552457,5.096134876797072,,76.94834893929527,4.573307691610124,,,,,,,,,,,,,,,,
43,2025-05-15 22:36:43.365608,40.9091434,1.8039601,4.67981481552124,69.54978775205635,23.670000000000016,49.0,1011.0,,10.4,6.0,10.866175151986285,5.7666071533644585,,80.41596290404263,4.595906554885425,,,,,,,,,,,,,,,,
44,2025-05-15 22:36:48.366115,40.9089486,1.8037884,4.849276542663574,66.616146371455,23.670000000000016,49.0,1011.0,,10.5,358.0,356.28541882831615,5.65620991517051,,62.90156519977114,4.839089003881953,,,,,,,,,,,,,,,,
45,2025-05-15 22:36:53.366164,40.908803,1.8036992,4.202816963195801,68.81916924672926,23.670000000000016,49.0,1011.0,,11.5,3.0,4.725178736629738,7.306254581383319,,73.544347983359,4.188532775865903,,,,,,,,,,,,,,,,
46,2025-05-15 22:36:58.365736,40.9086706,1.8035639,4.0903096199035645,71.78450270507946,23.670000000000016,49.0,1011.0,,11.2,3.0,4.72327672821375,7.11851552991233,,76.50777943329321,4.0764189963378525,,,,,,,,,,,,,,,,
47,2025-05-15 22:37:03.366187,40.9085317,1.8033753,4.090134143829346,66.80896944191363,23.670000000000016,49.0,1011.0,,12.4,5.0,7.45179591487549,8.333058417535641,,74.26076535678912,4.055590199222955,,,,,,,,,,,,,,,,
48,2025-05-15 22:37:08.366340,40.908256,1.8030969,4.360344409942627,70.31795863744017,23.670000000000016,49.0,1011.0,,11.4,3.0,4.902281052571184,6.981672273977583,,72.10942320233988,4.412045131072029,,,,,,,,,,,,,,,,
49,2025-05-15 22:37:13.366140,40.908089,1.8029418,4.480494499206543,68.7452256187747,23.670000000000016,49.0,1011.0,,11.8,5.0,7.917718930025869,7.465926370759468,,78.23567756746604,4.318776857058698,,,,,,,,,,,,,,,,
50,2025-05-15 22:37:18.365621,40.9079269,1.8027713,4.679202556610107,68.148444670234,23.670000000000016,49.0,1011.0,,11.1,7.0,11.692016818486383,6.6752726419874495,,80.43724243726108,4.387528969923378,,,,,,,,,,,,,,,,
51,2025-05-15 22:37:23.366138,40.9079269,1.8027713,4.679202556610107,68.148444670234,23.670000000000016,49.0,1011.0,,10.5,6.0,10.782204089037993,5.866854290174207,,78.93064875927199,4.596593123371773,,,,,,,,,,,,,,,,
52,2025-05-15 22:37:28.370370,40.9077481,1.8025994,3.9153692722320557,68.60607417481403,23.670000000000016,49.0,1011.0,,10.8,8.0,12.500683011932594,6.944147817930949,,81.10675718674662,3.8225492844278177,,,,,,,,,,,,,,,,
53,2025-05-15 22:37:33.369246,40.9076334,1.8025061,4.517820835113525,67.74373547134324,23.670000000000016,49.0,1011.0,,10.7,10.0,17.153529217462093,6.299852888456385,,84.89726468880534,4.3168586194517475,,,,,,,,,,,,,,,,
54,2025-05-15 22:37:38.366033,40.9074745,1.8023686,4.400638580322266,70.09853881035352,23.670000000000016,49.0,1011.0,,10.2,12.0,20.821529914854473,5.966099974541854,,90.92006872520798,4.113242435475598,,,,,,,,,,,,,,,,
55,2025-05-15 22:37:43.366211,40.9073079,1.8022118,4.459697246551514,69.54142760051225,23.670000000000016,49.0,1011.0,,10.0,10.0,17.86227021998162,5.661272917028165,,87.40369782049387,4.244724652247774,,,,,,,,,,,,,,,,
56,2025-05-15 22:37:48.369199,40.9071517,1.8020391,4.270582675933838,67.48266515069784,23.670000000000016,49.0,1011.0,,10.0,9.0,15.59087299746913,5.82046235797789,,83.07353814816697,4.113448262554521,,,,,,,,,,,,,,,,
57,2025-05-15 22:37:53.366064,40.907011,1.8018758,4.2860493659973145,69.33366007614964,23.670000000000016,49.0,1011.0,,10.1,12.0,20.57797819660454,5.974442510178849,,89.91163827275417,4.012576691726051,,,,,,,,,,,,,,,,
58,2025-05-15 22:37:58.366192,40.9068684,1.8017087,4.43550443649292,69.28331475177747,23.670000000000016,49.0,1011.0,,10.6,12.0,20.378388453203716,6.328968756996256,,89.66170320498118,4.157901301743464,,,,,,,,,,,,,,,,
59,2025-05-15 22:38:03.366421,40.9067191,1.8015533,4.369891166687012,68.56083783194103,23.670000000000016,49.0,1011.0,,9.8,14.0,24.765812688747786,5.659527279858938,,93.32665052068882,3.9679817711703627,,,,,,,,,,,,,,,,
60,2025-05-15 22:38:08.369142,40.9065572,1.8014061,4.200660705566406,68.9190812539082,23.670000000000016,49.0,1011.0,,9.3,11.0,19.801693141882566,5.238203074970968,,88.72077439579077,3.9522788243852633,,,,,,,,,,,,,,,,
61,2025-05-15 22:38:13.366622,40.906397,1.8012619,4.250101566314697,69.40176389236383,23.670000000000016,49.0,1011.0,,9.4,8.0,14.500331590222613,5.224849640652549,,83.90209548258645,4.114719644182164,,,,,,,,,,,,,,,,
62,2025-05-15 22:38:18.366239,40.9062385,1.8010996,4.489200592041016,68.47926488268357,23.670000000000016,49.0,1011.0,,9.9,10.0,18.09758375367473,5.534178431147253,,86.57684863635829,4.267114597428349,,,,,,,,,,,,,,,,
63,2025-05-15 22:38:23.366046,40.9059389,1.8008206,4.091300964355469,68.1387184808559,23.670000000000016,49.0,1011.0,,9.4,10.0,17.958660574849365,5.29396772460536,,85.30767941405756,4.015493596357023,,,,,,,,,,,,,,,,
64,2025-05-15 22:38:28.366105,40.9059389,1.8008206,4.091300964355469,68.1387184808559,23.670000000000016,49.0,1011.0,,10.1,8.0,13.37789803065921,6.075257405884721,,81.51661651151511,3.980284343545769,,,,,,,,,,,,,,,,
65,2025-05-15 22:38:33.365648,40.9057644,1.8006371,4.54771089553833,68.85090230561313,23.670000000000016,49.0,1011.0,,9.2,10.0,19.49544116338761,4.786966569668939,,88.34634346900074,4.286981752863213,,,,,,,,,,,,,,,,
66,2025-05-15 22:38:38.365792,40.9056128,1.8004763,4.196502685546875,69.53097741108213,23.670000000000016,49.0,1011.0,,9.1,14.0,25.415030277806743,5.129618883107206,,94.94600768888887,3.790376654718732,,,,,,,,,,,,,,,,
67,2025-05-15 22:38:43.365973,40.9054667,1.8003344,4.379345417022705,66.8855768436445,23.670000000000016,49.0,1011.0,,8.9,12.0,23.157648436803598,4.705291032451725,,90.0432252804481,4.026485264885727,,,,,,,,,,,,,,,,
68,2025-05-15 22:38:48.366126,40.9053026,1.8002041,4.320073127746582,69.24005233357461,23.670000000000016,49.0,1011.0,,8.5,7.0,14.12459406115936,4.244903832510323,,83.36464639473397,4.189465889811126,,,,,,,,,,,,,,,,
69,2025-05-15 22:38:53.366367,40.9051403,1.8000556,4.619121074676514,69.36669770116498,23.670000000000016,49.0,1011.0,,8.4,6.0,13.229585904895748,3.836685174425613,,82.59628360606072,4.4965335701524545,,,,,,,,,,,,,,,,
70,2025-05-15 22:38:58.365769,40.9048481,1.7997921,4.3701558113098145,70.74283055476081,23.670000000000016,49.0,1011.0,,8.6,8.0,16.25441454925997,4.276083995912727,,83.15848754517685,4.234822824908113,,,,,,,,,,,,,,,,
71,2025-05-15 22:39:03.366035,40.9048481,1.7997921,4.3701558113098145,70.74283055476081,23.670000000000016,49.0,1011.0,,8.8,1.0,1.986230155017079,4.431166214876874,,72.7290607097779,4.367530158433062,,,,,,,,,,,,,,,,
72,2025-05-15 22:39:08.366869,40.9046553,1.7996162,4.043704986572266,71.92284818671807,23.670000000000016,49.0,1011.0,,8.8,5.0,9.224143927988987,4.784679986882049,,81.14699211470706,3.991415048594617,,,,,,,,,,,,,,,,
73,2025-05-15 22:39:13.366446,40.9043808,1.7993439,4.408334732055664,68.9221343484672,23.670000000000016,49.0,1011.0,,8.7,4.0,7.4854235929054544,4.6585006707278005,,75.34104439304267,4.025406915378977,,,,,,,,,,,,,,,,
74,2025-05-15 22:39:18.366171,40.9043808,1.7993439,4.408334732055664,68.9221343484672,23.670000000000016,49.0,1011.0,,9.7,3.0,5.4936477874252905,5.30272814851505,,74.41578213589248,4.388086450003103,,,,,,,,,,,,,,,,
75,2025-05-15 22:39:23.366024,40.9040624,1.7990112,4.190645217895508,69.60095952931809,23.670000000000016,49.0,1011.0,,10.1,4.0,6.979474520796783,5.798029249418879,,75.62045096226957,4.28831776612932,,,,,,,,,,,,,,,,
76,2025-05-15 22:39:28.365888,40.9040624,1.7990112,4.190645217895508,69.60095952931809,23.670000000000016,49.0,1011.0,,9.6,6.0,10.610146968343058,5.449943998231157,,80.21110649766115,4.118996735420164,,,,,,,,,,,,,,,,
77,2025-05-15 22:39:33.365729,40.9037438,1.7986637,4.528681755065918,68.01787194387087,23.670000000000016,49.0,1011.0,,10.0,3.0,5.168447909447632,5.809674524440827,,74.5972866716814,4.183164521493416,,,,,,,,,,,,,,,,
78,2025-05-15 22:39:38.366189,40.9037438,1.7986637,4.528681755065918,68.01787194387087,23.670000000000016,49.0,1011.0,,10.0,4.0,7.297860112414394,5.491443904861489,,75.31573205628527,4.491995753377096,,,,,,,,,,,,,,,,
79,2025-05-15 22:39:43.366368,40.9035511,1.7984605,4.470310688018799,67.06208259217597,23.670000000000016,49.0,1011.0,,9.8,4.0,7.341671172154086,5.349674889613643,,74.40375376433005,4.433662036184792,,,,,,,,,,,,,,,,
80,2025-05-15 22:39:48.369146,40.9032892,1.7981826,4.478565216064453,67.4545452618849,23.670000000000016,49.0,1011.0,,10.3,5.0,8.39896035850122,6.145919082301959,,77.80213126983406,4.1359622276980454,,,,,,,,,,,,,,,,
81,2025-05-15 22:39:53.369334,40.9031364,1.7980173,4.320566654205322,66.23877158962263,23.670000000000016,49.0,1011.0,,10.2,9.0,15.915247007844375,5.818903917913202,,83.36979226972927,4.306894520568672,,,,,,,,,,,,,,,,
82,2025-05-15 22:39:58.366150,40.9031364,1.7980173,4.320566654205322,66.23877158962263,23.670000000000016,49.0,1011.0,,10.7,8.0,13.349570249169627,6.449572498058112,,79.58834183879226,4.203822687099665,,,,,,,,,,,,,,,,
83,2025-05-15 22:40:03.366009,40.9028402,1.7977242,4.417863845825195,69.13861719421075,23.670000000000016,49.0,1011.0,,11.0,10.0,15.642578037266436,7.084118990466658,,84.22567545571253,3.862581705297906,,,,,,,,,,,,,,,,
84,2025-05-15 22:40:08.365507,40.9028402,1.7977242,4.417863845825195,69.13861719421075,23.670000000000016,49.0,1011.0,,10.6,8.0,13.640732709904716,6.2554206565663275,,82.77934990411546,4.293251756999917,,,,,,,,,,,,,,,,
85,2025-05-15 22:40:13.365963,40.9026674,1.7975427,4.040948867797852,68.10540081808459,23.670000000000016,49.0,1011.0,,10.4,10.0,16.237218811318243,6.458673706099849,,84.34261962940283,3.879764521827887,,,,,,,,,,,,,,,,
86,2025-05-15 22:40:18.366283,40.9025156,1.7974031,4.517445087432861,66.6175602206132,23.670000000000016,49.0,1011.0,,10.8,8.0,13.675217044370386,6.3576809509916,,80.29277726498358,4.389382169195063,,,,,,,,,,,,,,,,
87,2025-05-15 22:40:23.366090,40.9023482,1.7972486,4.440504550933838,70.41010471953281,23.670000000000016,49.0,1011.0,,10.5,9.0,15.481745429331225,6.1534993840259,,85.89185014886404,4.279383272601549,,,,,,,,,,,,,,,,
88,2025-05-15 22:40:28.366201,40.9021893,1.7970857,4.73921012878418,68.2991596244595,23.670000000000016,49.0,1011.0,,11.6,9.0,15.115828171466575,6.958742746150529,,83.41498779592608,4.57523643788609,,,,,,,,,,,,,,,,
89,2025-05-15 22:40:33.365908,40.9020343,1.7969036,4.23173189163208,67.49140096264628,23.670000000000016,49.0,1011.0,,10.9,11.0,17.825445279242295,6.7941683921351075,,85.31684624188858,4.028581416971132,,,,,,,,,,,,,,,,
90,2025-05-15 22:40:38.366377,40.9018843,1.7967404,4.489119529724121,67.88522284000005,23.670000000000016,49.0,1011.0,,10.4,9.0,15.713181782774088,6.0073365941975085,,83.59840462277414,4.321358731755955,,,,,,,,,,,,,,,,
91,2025-05-15 22:40:43.366686,40.9017267,1.7965906,4.360125541687012,69.6215457194765,23.670000000000016,49.0,1011.0,,10.4,8.0,13.697362778663438,6.112501800966434,,83.31890849813993,4.236123659360131,,,,,,,,,,,,,,,,
92,2025-05-15 22:40:48.366199,40.9015755,1.7964264,4.240890979766846,68.73295859902535,23.670000000000016,49.0,1011.0,,10.2,9.0,15.297791320566388,6.047818894731504,,84.03074991959174,4.090625990583455,,,,,,,,,,,,,,,,
93,2025-05-15 22:40:53.366271,40.9014312,1.7962765,4.478884696960449,66.65875992168671,23.670000000000016,49.0,1011.0,,10.3,9.0,15.799525186776094,5.917881287342233,,82.4582851084628,4.309673552370833,,,,,,,,,,,,,,,,
94,2025-05-15 22:40:58.365493,40.9011774,1.7960495,4.06837797164917,69.43720574396703,23.670000000000016,49.0,1011.0,,10.4,9.0,14.812074631608217,6.363863100349865,,84.16438112419198,3.9826745548441163,,,,,,,,,,,,,,,,
95,2025-05-15 22:41:03.366174,40.9011774,1.7960495,4.06837797164917,69.43720574396703,23.670000000000016,49.0,1011.0,,10.3,8.0,13.159072016511141,6.296723950130525,,82.59627776047817,3.9615495748879304,,,,,,,,,,,,,,,,
96,2025-05-15 22:41:08.366427,40.9010058,1.7958813,4.473933219909668,69.92052359001548,23.670000000000016,49.0,1011.0,,11.2,13.0,21.369376873248893,6.914369572597319,,91.28990046326437,4.166353443535011,,,,,,,,,,,,,,,,
97,2025-05-15 22:41:13.366104,40.9007098,1.7956098,4.708523273468018,67.12795976672074,23.670000000000016,49.0,1011.0,,11.1,9.0,14.651519339847258,6.864974540859007,,83.77062951378845,4.181071165900915,,,,,,,,,,,,,,,,
98,2025-05-15 22:41:18.366019,40.9007098,1.7956098,4.708523273468018,67.12795976672074,23.670000000000016,49.0,1011.0,,10.5,4.0,7.239516377724171,5.812234245184766,,74.36747614444491,4.670987039733926,,,,,,,,,,,,,,,,
99,2025-05-15 22:41:23.369091,40.900518,1.7954323,4.1705403327941895,67.82520596776315,23.670000000000016,49.0,1011.0,,11.8,2.0,3.092554482172374,7.633388010117253,,70.91776044993553,4.164466730583404,,,,,,,,,,,,,,,,
100,2025-05-15 22:41:28.365484,40.9002504,1.795166,4.5705156326293945,67.40266997513865,23.670000000000016,49.0,1011.0,,11.4,7.0,11.858102194608895,6.761010465448414,,80.6068112098603,4.59803493558066,,,,,,,,,,,,,,,,
101,2025-05-15 22:41:33.366546,40.9002504,1.795166,4.5705156326293945,67.40266997513865,23.670000000000016,49.0,1011.0,,12.0,9.0,14.455935244126172,7.519822679263718,,81.85860521926482,4.425812719485471,,,,,,,,,,,,,,,,
102,2025-05-15 22:41:38.366136,40.9000838,1.7949974,4.054623126983643,70.06796005343936,23.670000000000016,49.0,1011.0,,12.1,7.0,10.501480410215295,8.09070297567631,,80.56944046365466,3.986708994969588,,,,,,,,,,,,,,,,
103,2025-05-15 22:41:43.366492,40.8999482,1.7948725,4.099571228027344,66.88668333429004,23.670000000000016,49.0,1011.0,,11.5,10.0,15.449072222884654,7.496587562202295,,82.33575555717469,3.9514439187821417,,,,,,,,,,,,,,,,
104,2025-05-15 22:41:48.365841,40.8996208,1.7946173,4.482943534851074,70.05313854294045,23.670000000000016,49.0,1011.0,,11.3,11.0,17.73087811380663,7.079845429714443,,85.2720711555023,4.142270773072367,,,,,,,,,,,,,,,,
105,2025-05-15 22:41:53.366436,40.8996208,1.7946173,4.482943534851074,70.05313854294045,23.670000000000016,49.0,1011.0,,10.9,11.0,18.49758214907305,6.555467595758534,,88.5507206920135,4.251341422262589,,,,,,,,,,,,,,,,
106,2025-05-15 22:41:58.365246,40.8992993,1.7942954,4.3731255531311035,66.75634966454786,23.670000000000016,49.0,1011.0,,11.2,9.0,14.208738392960504,7.1380265976322725,,83.28589754501948,4.015723722762274,,,,,,,,,,,,,,,,
107,2025-05-15 22:42:03.366089,40.8992993,1.7942954,4.3731255531311035,66.75634966454786,23.670000000000016,49.0,1011.0,,10.1,14.0,24.23936503683265,5.951561257610029,,90.9957147013805,3.987583210437082,,,,,,,,,,,,,,,,
108,2025-05-15 22:42:08.366192,40.8991158,1.7941099,4.311752796173096,67.35263200927913,23.670000000000016,49.0,1011.0,,10.0,12.0,20.81248497792378,5.851546729252591,,88.16511698720291,4.030403488386013,,,,,,,,,,,,,,,,
109,2025-05-15 22:42:13.369222,40.898959,1.7939826,4.299405574798584,67.54001141896927,23.670000000000016,49.0,1011.0,,10.2,11.0,18.811886036113236,6.0355989963614425,,86.35189745508251,4.069741585559903,,,,,,,,,,,,,,,,
110,2025-05-15 22:42:18.365799,40.8988093,1.7938527,4.308937072753906,69.66417293008655,23.670000000000016,49.0,1011.0,,10.6,12.0,19.98674547024792,6.447765330492168,,89.65091840033448,4.049417191022696,,,,,,,,,,,,,,,,
111,2025-05-15 22:42:23.366188,40.8985165,1.7935919,4.022396564483643,68.32561294711496,23.670000000000016,49.0,1011.0,,9.6,8.0,14.80075322025516,5.230054732504207,,82.48093378137143,4.302399201527441,,,,,,,,,,,,,,,,
112,2025-05-15 22:42:28.365794,40.8983696,1.7934569,4.5471367835998535,68.80345298144906,23.670000000000016,49.0,1011.0,,9.9,10.0,16.694528433302366,5.984344508633925,,85.22687754621528,3.848155179677716,,,,,,,,,,,,,,,,
113,2025-05-15 22:42:33.365566,40.8982126,1.7933039,4.210847854614258,68.51453597955752,23.670000000000016,49.0,1011.0,,10.2,12.0,21.314429454408337,5.83433771310662,,90.65809575769204,4.2311751498575765,,,,,,,,,,,,,,,,
114,2025-05-15 22:42:38.365522,40.8981426,1.7932341,4.205322742462158,69.56309296055953,23.670000000000016,49.0,1011.0,,10.4,19.0,31.031576414678682,6.568070901337334,,100.59466937523821,3.6034709413001504,,,,,,,,,,,,,,,,
115,2025-05-15 22:42:43.366171,40.8980537,1.7931201,4.140920639038086,68.13477746170481,23.670000000000016,49.0,1011.0,,10.3,14.0,23.060449475859148,6.3614559026478465,,91.19522693756396,3.8100283804277093,,,,,,,,,,,,,,,,
116,2025-05-15 22:42:48.366471,40.8978028,1.7928322,4.6479716300964355,67.87378227314028,23.670000000000016,49.0,1011.0,,9.6,12.0,21.408754838605407,5.468076948600818,,90.4709217254362,4.002776111483365,,,,,,,,,,,,,,,,
117,2025-05-15 22:42:53.366114,40.8976486,1.792667,3.962608814239502,67.09925931182835,23.670000000000016,49.0,1011.0,,9.6,15.0,28.216234118960994,5.255203998224345,,95.26073580421335,4.090531967789547,,,,,,,,,,,,,,,,
118,2025-05-15 22:42:58.366139,40.8975153,1.7925117,4.38782262802124,67.23873177468,23.670000000000016,49.0,1011.0,,9.7,14.0,23.279988124716944,5.9374893517143565,,92.76600240049288,3.6355580190737977,,,,,,,,,,,,,,,,
119,2025-05-15 22:43:03.366543,40.8974426,1.7924337,4.382470607757568,70.10440594285055,23.670000000000016,49.0,1011.0,,11.4,12.0,19.299465292711517,7.171416715951506,,89.40387123556206,4.136193447408749,,,,,,,,,,,,,,,,
120,2025-05-15 22:43:08.366089,40.8971867,1.792193,4.103522300720215,67.20967614995077,23.670000000000016,49.0,1011.0,,11.0,10.0,16.86102446213159,6.585491141857543,,86.95322485693532,4.335736048513849,,,,,,,,,,,,,,,,
121,2025-05-15 22:43:13.365674,40.8971867,1.792193,4.103522300720215,67.20967614995077,23.670000000000016,49.0,1011.0,,12.3,10.0,14.931255351817665,8.289502584164937,,82.14093150176843,3.9649696086822956,,,,,,,,,,,,,,,,
122,2025-05-15 22:43:18.365872,40.8968582,1.7919023,4.768594264984131,69.12802357080807,23.670000000000016,49.0,1011.0,,12.4,11.0,16.56848560542639,8.297171538334817,,82.84371674483855,4.044311906267282,,,,,,,,,,,,,,,,
123,2025-05-15 22:43:23.366103,40.8967723,1.7918227,4.762566566467285,67.43557782655978,23.670000000000016,49.0,1011.0,,12.0,16.0,26.030358841658632,7.537127619139569,,93.4659366682184,4.279459643814276,,,,,,,,,,,,,,,,
124,2025-05-15 22:43:28.366068,40.8966548,1.7916941,4.343825340270996,70.85865007251672,23.670000000000016,49.0,1011.0,,12.4,10.0,15.305781871689573,8.157117342578942,,86.1644319442063,4.189753267114774,,,,,,,,,,,,,,,,
125,2025-05-15 22:43:33.365643,40.8964985,1.7915458,4.519394874572754,67.30402155295616,23.670000000000016,49.0,1011.0,,11.3,11.0,18.161065850442995,6.9175989013402015,,85.46508740339915,4.294257028717873,,,,,,,,,,,,,,,,
126,2025-05-15 22:43:38.366698,40.8963463,1.7913956,4.112116813659668,69.23725878620408,23.670000000000016,49.0,1011.0,,12.2,11.0,16.490121896163537,8.201054988941957,,85.72738068236762,3.9429800474677297,,,,,,,,,,,,,,,,
127,2025-05-15 22:43:43.366141,40.8962148,1.7912645,3.980365753173828,70.10431032020217,23.670000000000016,49.0,1011.0,,11.5,6.0,9.157809338985926,7.552907452604912,,79.2621196591881,3.9296309305943766,,,,,,,,,,,,,,,,
128,2025-05-15 22:43:48.365880,40.8960779,1.7911107,4.52716588973999,66.03823723559105,23.670000000000016,49.0,1011.0,,11.6,11.0,17.883045390844718,7.20795975585343,,83.92128262643577,4.308437287981099,,,,,,,,,,,,,,,,
129,2025-05-15 22:43:53.366168,40.8959131,1.7909466,4.390440464019775,67.78683396500602,23.670000000000016,49.0,1011.0,,11.9,10.0,15.746276868913167,7.61452296832826,,83.5331108339192,4.225679846549052,,,,,,,,,,,,,,,,
130,2025-05-15 22:43:58.366154,40.8957462,1.7907852,4.70911169052124,69.16968772474515,23.670000000000016,49.0,1011.0,,12.0,6.0,9.848822497713968,7.333224427140489,,79.01851022245911,4.639711170950815,,,,,,,,,,,,,,,,
131,2025-05-15 22:44:03.366152,40.8955777,1.7906289,4.261358261108398,69.82171807348206,23.670000000000016,49.0,1011.0,,12.6,8.0,12.048112986127503,8.401072636296766,,81.86983105960957,4.167491900237593,,,,,,,,,,,,,,,,
132,2025-05-15 22:44:08.366144,40.8954304,1.7904917,3.711588144302368,69.15684013891635,23.670000000000016,49.0,1011.0,,12.1,5.0,7.2047209813731,8.408760153926037,,76.36156112028945,3.6822828209641743,,,,,,,,,,,,,,,,
133,2025-05-15 22:44:13.366436,40.8951797,1.7902445,4.727436542510986,68.25544641377142,23.670000000000016,49.0,1011.0,,12.1,3.0,4.615095161599051,7.870407703454405,,73.26900115117067,4.224785258225873,,,,,,,,,,,,,,,,
134,2025-05-15 22:44:18.366214,40.8950145,1.7900765,4.401791572570801,69.18717300902037,23.670000000000016,49.0,1011.0,,11.6,11.0,18.36863751494588,7.023727316685542,,87.84159929921793,4.480474243073308,,,,,,,,,,,,,,,,
135,2025-05-15 22:44:23.366150,40.8949294,1.7899917,4.396288871765137,68.96093665314204,23.670000000000016,49.0,1011.0,,11.2,19.0,30.50923139916604,7.182444807865465,,99.69640440818641,3.7923519770004956,,,,,,,,,,,,,,,,
136,2025-05-15 22:44:28.366222,40.8947732,1.789852,4.225237846374512,69.17556851762052,23.670000000000016,49.0,1011.0,,10.8,11.0,18.371011793398665,6.538516339907902,,87.33194844654071,4.17223460127653,,,,,,,,,,,,,,,,
137,2025-05-15 22:44:33.366209,40.8946704,1.7897661,4.538547992706299,67.34823336745364,23.670000000000016,49.0,1011.0,,11.2,7.0,11.722588595837939,6.718089532896721,,79.07082196329158,4.443886528566383,,,,,,,,,,,,,,,,
138,2025-05-15 22:44:38.366071,40.8944991,1.7896087,4.491934299468994,70.50538585845449,23.670000000000016,49.0,1011.0,,10.5,3.0,5.238492835544736,6.018814692161779,,75.74387869399922,4.473172767787232,,,,,,,,,,,,,,,,
139,2025-05-15 22:44:43.366115,40.8943422,1.7894502,4.708593368530273,68.66585882061915,23.670000000000016,49.0,1011.0,,10.2,9.0,16.560853047017588,5.598048498170427,,85.22671186763674,4.513269357927076,,,,,,,,,,,,,,,,
140,2025-05-15 22:44:48.366145,40.8941858,1.7892969,4.37964391708374,67.2588671723532,23.670000000000016,49.0,1011.0,,10.0,10.0,17.617061851774423,5.737519946885773,,84.87592902412763,4.1742411758096205,,,,,,,,,,,,,,,,
141,2025-05-15 22:44:53.366244,40.8940397,1.7891607,4.3973259925842285,68.52127737626832,23.670000000000016,49.0,1011.0,,9.9,12.0,21.274308439783454,5.672922110614753,,89.79558581605177,4.097665888524186,,,,,,,,,,,,,,,,
142,2025-05-15 22:44:58.366182,40.8939106,1.7890087,3.6880710124969482,67.88238148130533,23.670000000000016,49.0,1011.0,,9.7,13.0,20.73695093551557,6.162554304869353,,88.6193324168209,3.4491425586891586,,,,,,,,,,,,,,,,
143,2025-05-15 22:45:03.366101,40.893788,1.7888168,4.366837978363037,70.69328436252154,23.670000000000016,49.0,1011.0,,9.2,11.0,20.62486803475511,4.983543679777902,,91.31815239727665,4.086953087996949,,,,,,,,,,,,,,,,
144,2025-05-15 22:45:08.365842,40.8936282,1.7886601,4.300149440765381,68.79724433949352,23.670000000000016,49.0,1011.0,,9.7,8.0,14.276031459185896,5.474509291432557,,83.07327579867942,4.167356412794017,,,,,,,,,,,,,,,,
145,2025-05-15 22:45:13.366135,40.8934682,1.7885447,4.269830703735352,68.45568023947952,23.670000000000016,49.0,1011.0,,9.2,14.0,25.54467509674702,5.161422491662795,,94.00035533622653,3.852451885912617,,,,,,,,,,,,,,,,
146,2025-05-15 22:45:18.366040,40.8931723,1.7882592,4.30147123336792,69.61149168101825,23.670000000000016,49.0,1011.0,,8.8,13.0,26.582500089430074,4.42375724680766,,96.2496168310489,4.13013117271416,,,,,,,,,,,,,,,,
147,2025-05-15 22:45:23.366268,40.8931723,1.7882592,4.30147123336792,69.61149168101825,23.670000000000016,49.0,1011.0,,8.7,16.0,30.558984543114576,4.716613923194638,,100.17047622413283,3.704023574646185,,,,,,,,,,,,,,,,
148,2025-05-15 22:45:28.366074,40.8929853,1.7881036,4.210296154022217,69.06162730188636,23.670000000000016,49.0,1011.0,,9.1,12.0,21.96608812577864,5.058032821408569,,91.027715427665,3.9046514393692133,,,,,,,,,,,,,,,,
149,2025-05-15 22:45:33.366473,40.8928271,1.7879793,4.597768306732178,66.90565759980433,23.670000000000016,49.0,1011.0,,9.4,11.0,21.17772056446863,4.964830265421061,,88.08337816427296,4.287255027595368,,,,,,,,,,,,,,,,
150,2025-05-15 22:45:38.365547,40.8926667,1.787856,4.420785903930664,67.57655976121801,23.670000000000016,49.0,1011.0,,9.1,16.0,30.10200476498961,5.00118613733249,,97.67856452620762,3.82457162769845,,,,,,,,,,,,,,,,
151,2025-05-15 22:45:43.365726,40.8925069,1.7877213,4.54897403717041,68.90916381923334,23.670000000000016,49.0,1011.0,,9.1,13.0,25.365507304156612,4.778469804646263,,94.27467112338995,4.11042270237192,,,,,,,,,,,,,,,,
152,2025-05-15 22:45:48.365439,40.8922091,1.7874252,4.580227851867676,70.43666049502582,23.670000000000016,49.0,1011.0,,9.5,12.0,22.914161613218006,5.072949327974476,,90.26448501855768,4.255214145639152,,,,,,,,,,,,,,,,
153,2025-05-15 22:45:53.366550,40.8922091,1.7874252,4.580227851867676,70.43666049502582,23.670000000000016,49.0,1011.0,,9.7,8.0,15.036529499970797,5.203538356087761,,85.47318999499662,4.423403677599674,,,,,,,,,,,,,,,,
154,2025-05-15 22:45:58.365740,40.8920044,1.7872093,4.7902350425720215,69.47654080339713,23.670000000000016,49.0,1011.0,,10.8,12.0,21.251328879831487,6.195024005125408,,90.72786968322862,4.464496486782803,,,,,,,,,,,,,,,,
155,2025-05-15 22:46:03.366186,40.8917464,1.7869419,4.258164405822754,70.42724166416038,23.670000000000016,49.0,1011.0,,9.9,13.0,21.16949746024398,6.166828219072506,,89.02474259997686,3.6327067984687123,,,,,,,,,,,,,,,,
156,2025-05-15 22:46:08.366056,40.8916006,1.7867912,3.9810166358947754,68.93159416046767,23.670000000000016,49.0,1011.0,,9.8,11.0,19.226281293906833,5.678497814832378,,89.65352295806721,4.0206670803549445,,,,,,,,,,,,,,,,
157,2025-05-15 22:46:13.369150,40.8914588,1.7866433,4.956146717071533,68.51525997960954,23.670000000000016,49.0,1011.0,,9.3,11.0,19.01875428825498,5.4453681519994275,,87.95034844872265,3.7637007351714957,,,,,,,,,,,,,,,,
158,2025-05-15 22:46:18.365841,40.8912265,1.7865041,5.218551158905029,68.56960096464616,23.670000000000016,49.0,1011.0,,9.5,12.0,24.489228681504773,4.764910586523343,,93.00448866111431,4.510287868031148,,,,,,,,,,,,,,,,
159,2025-05-15 22:46:23.366131,40.8912265,1.7865041,5.218551158905029,68.56960096464616,23.670000000000016,49.0,1011.0,,10.4,13.0,25.45444580769307,5.443292712846883,,94.02404677233923,4.71197223356101,,,,,,,,,,,,,,,,
160,2025-05-15 22:46:28.365862,40.8910136,1.7863125,4.7423095703125,70.30356742885895,23.670000000000016,49.0,1011.0,,11.3,10.0,17.080562265766186,6.680684921237532,,87.38412969462514,4.533139164363713,,,,,,,,,,,,,,,,
161,2025-05-15 22:46:33.366162,40.8909011,1.7861802,3.8935091495513916,70.15622658808344,23.670000000000016,49.0,1011.0,,11.6,11.0,16.456043212488463,7.813424789998152,,86.61226980057191,3.7340206837401277,,,,,,,,,,,,,,,,
162,2025-05-15 22:46:38.366280,40.8907377,1.7860253,4.298694610595703,66.07299606827725,23.670000000000016,49.0,1011.0,,11.6,11.0,17.341710041347135,7.425723947685372,,83.41470610962438,4.103293424784707,,,,,,,,,,,,,,,,
163,2025-05-15 22:46:43.369873,40.8905918,1.7859341,4.0707926750183105,68.02311752915344,23.670000000000016,49.0,1011.0,,11.0,10.0,15.773720975831406,7.0266985763720715,,83.79683850498485,3.917497919930186,,,,,,,,,,,,,,,,
164,2025-05-15 22:46:48.366533,40.8904277,1.7857861,4.280278205871582,68.31150860647888,23.670000000000016,49.0,1011.0,,10.4,10.0,16.852751866227734,6.229250143161348,,85.16426047270662,4.096453020938123,,,,,,,,,,,,,,,,
165,2025-05-15 22:46:53.366001,40.8901376,1.785503,3.912785768508911,70.20338904430238,23.670000000000016,49.0,1011.0,,10.3,11.0,19.239528147486833,5.964263300820519,,88.12476581405762,4.229415939973176,,,,,,,,,,,,,,,,
166,2025-05-15 22:46:58.366476,40.889996,1.7853663,4.288421154022217,68.1882373523385,23.670000000000016,49.0,1011.0,,11.6,12.0,17.97497900958277,7.815174329463858,,88.17836805388515,3.72180806706548,,,,,,,,,,,,,,,,
167,2025-05-15 22:47:03.366136,40.889996,1.7853663,4.288421154022217,68.1882373523385,23.670000000000016,49.0,1011.0,,11.9,11.0,17.073524222478078,7.733779377341474,,85.26176157481657,4.099425226307617,,,,,,,,,,,,,,,,
168,2025-05-15 22:47:08.366305,40.8898098,1.7851918,4.2501630783081055,68.41881770852896,23.670000000000016,49.0,1011.0,,11.1,12.0,19.253523927103302,6.998722657572593,,87.67234163563226,4.012446107533445,,,,,,,,,,,,,,,,
169,2025-05-15 22:47:13.366100,40.8896489,1.7850266,4.439364910125732,70.2086004786391,23.670000000000016,49.0,1011.0,,10.7,14.0,23.536976038266765,6.482092971580919,,93.74557651690586,4.070021066795718,,,,,,,,,,,,,,,,
170,2025-05-15 22:47:18.369356,40.8894951,1.7848359,4.260995388031006,68.45861039063345,23.670000000000016,49.0,1011.0,,10.5,11.0,18.333661243435618,6.369395164900502,,86.79227163406907,4.044710855785432,,,,,,,,,,,,,,,,
171,2025-05-15 22:47:23.366550,40.8893394,1.7846681,4.270021438598633,68.42601672791415,23.670000000000016,49.0,1011.0,,10.6,15.0,24.685294180565712,6.569107593536813,,93.11131090847985,3.879807235049467,,,,,,,,,,,,,,,,
172,2025-05-15 22:47:28.366129,40.8891856,1.7845279,4.021195888519287,70.32504154360947,23.670000000000016,49.0,1011.0,,11.4,13.0,19.893711785595375,7.536350993025829,,90.21875332920484,3.7812329460780245,,,,,,,,,,,,,,,,
173,2025-05-15 22:47:33.365493,40.888893,1.7842667,4.330066204071045,67.85812747956261,23.670000000000016,49.0,1011.0,,12.2,13.0,19.958410467888854,8.040133908690992,,87.81653794745147,4.0700051853573145,,,,,,,,,,,,,,,,
174,2025-05-15 22:47:38.366605,40.888893,1.7842667,4.330066204071045,67.85812747956261,23.670000000000016,49.0,1011.0,,11.3,15.0,23.94820945784163,7.205168880243181,,91.80633693740424,3.957302668637265,,,,,,,,,,,,,,,,
175,2025-05-15 22:47:43.366580,40.8885895,1.7839905,4.638917922973633,65.72945804359311,23.670000000000016,49.0,1011.0,,11.3,12.0,19.502533466093247,7.037329281997061,,88.04387110795389,4.165932422409672,,,,,,,,,,,,,,,,
176,2025-05-15 22:47:48.366419,40.8885895,1.7839905,4.638917922973633,65.72945804359311,23.670000000000016,49.0,1011.0,,11.0,13.0,22.14831551482102,6.563463935985284,,87.87777355841413,4.296617016184441,,,,,,,,,,,,,,,,
177,2025-05-15 22:47:53.365862,40.8883851,1.7838276,4.440254211425781,66.61456859775673,23.670000000000016,49.0,1011.0,,10.4,14.0,24.000676592506327,6.185626566131795,,90.61524519026305,4.056352738544139,,,,,,,,,,,,,,,,
178,2025-05-15 22:47:58.369397,40.888223,1.7837012,4.568354606628418,68.56405485104011,23.670000000000016,49.0,1011.0,,10.1,12.0,21.573505689573274,5.711011892550375,,90.13756054061338,4.248325889019945,,,,,,,,,,,,,,,,
179,2025-05-15 22:48:03.366033,40.8880575,1.7835518,4.261521339416504,68.52021186675779,23.670000000000016,49.0,1011.0,,10.4,15.0,24.955595778492498,6.379752572709625,,93.47580764525028,3.8636445867495985,,,,,,,,,,,,,,,,
180,2025-05-15 22:48:08.366094,40.8879082,1.783425,4.079868316650391,67.7115174690283,23.670000000000016,49.0,1011.0,,10.4,15.0,24.284633225397453,6.5448943339870995,,91.99615069442575,3.7188555071813516,,,,,,,,,,,,,,,,
181,2025-05-15 22:48:13.366171,40.8877525,1.7832919,4.448451995849609,67.61768433021065,23.670000000000016,49.0,1011.0,,10.0,12.0,21.298673203758355,5.723973464734291,,88.916357533969,4.144621119224727,,,,,,,,,,,,,,,,
182,2025-05-15 22:48:18.369171,40.8874831,1.7830285,4.379952430725098,66.57724844413178,23.670000000000016,49.0,1011.0,,9.5,14.0,25.450318826909744,5.348165318486831,,95.19810010262643,3.9627581590342578,,,,,,,,,,,,,,,,
183,2025-05-15 22:48:23.366290,40.8874831,1.7830285,4.379952430725098,66.57724844413178,23.670000000000016,49.0,1011.0,,9.3,14.0,25.84972440897627,5.160115267479479,,92.42697285310805,3.9416975224645285,,,,,,,,,,,,,,,,
184,2025-05-15 22:48:28.369178,40.887285,1.7828633,4.111088752746582,66.52940296899584,23.670000000000016,49.0,1011.0,,10.5,13.0,21.104506014106356,6.559793642453788,,87.6339089831022,3.835338379382405,,,,,,,,,,,,,,,,
185,2025-05-15 22:48:33.366143,40.887128,1.7827203,4.658041000366211,67.73550509339337,23.670000000000016,49.0,1011.0,,10.3,12.0,21.570698769151605,5.824822951073948,,89.30620386254498,4.331813348785586,,,,,,,,,,,,,,,,
186,2025-05-15 22:48:38.366317,40.8869466,1.7825581,4.291531085968018,67.95323103356587,23.670000000000016,49.0,1011.0,,10.1,14.0,23.920858677520886,6.0260553241356565,,91.87408971108675,3.922916039225708,,,,,,,,,,,,,,,,
187,2025-05-15 22:48:43.365973,40.8867809,1.7824049,4.588828086853027,66.45280239745415,23.670000000000016,49.0,1011.0,,10.1,9.0,16.346731995290085,5.613754255701849,,82.79953439274423,4.40332954507974,,,,,,,,,,,,,,,,
188,2025-05-15 22:48:48.365605,40.8865385,1.78213,4.287387371063232,68.8042862645278,23.670000000000016,49.0,1011.0,,9.5,10.0,17.094801326511504,5.611966247409628,,87.1135566971701,3.815293664796566,,,,,,,,,,,,,,,,
189,2025-05-15 22:48:53.366266,40.8863876,1.7819719,4.548980712890625,67.86755314061723,23.670000000000016,49.0,1011.0,,10.4,9.0,15.20843738815109,6.201770561288238,,84.01272365267889,4.137233950245219,,,,,,,,,,,,,,,,
190,2025-05-15 22:48:58.366105,40.8862164,1.7818148,4.4116926193237305,68.87118796744807,23.670000000000016,49.0,1011.0,,10.0,13.0,23.414439586425082,5.660866796501259,,91.28199272704231,4.1743926579608726,,,,,,,,,,,,,,,,
191,2025-05-15 22:49:03.366048,40.886056,1.7816602,4.4204277992248535,68.0029001692102,23.670000000000016,49.0,1011.0,,11.0,7.0,11.642312668795794,6.642984575749311,,80.51350063624386,4.320928605534648,,,,,,,,,,,,,,,,
192,2025-05-15 22:49:08.365757,40.886056,1.7816602,4.4204277992248535,68.0029001692102,23.670000000000016,49.0,1011.0,,11.1,9.0,14.863095478253546,6.769406988680634,,82.86599564746375,4.272526913374133,,,,,,,,,,,,,,,,
193,2025-05-15 22:49:13.366190,40.8858877,1.781486,4.372641086578369,67.74165226364639,23.670000000000016,49.0,1011.0,,10.8,10.0,16.669156599111602,6.538029967724821,,84.41080886275799,4.188889798570307,,,,,,,,,,,,,,,,
194,2025-05-15 22:49:18.366181,40.8857412,1.7813413,4.538478851318359,67.56702481713667,23.670000000000016,49.0,1011.0,,11.5,13.0,21.207953886920873,7.151094869948081,,88.77497870405755,4.231103976220749,,,,,,,,,,,,,,,,
195,2025-05-15 22:49:23.369127,40.8855862,1.7811912,4.032042503356934,69.42945347925907,23.670000000000016,49.0,1011.0,,11.5,13.0,19.831257723876945,7.62543322697041,,89.26071120313601,3.792925570939714,,,,,,,,,,,,,,,,
196,2025-05-15 22:49:28.365863,40.8854409,1.7810568,4.0697455406188965,69.18056821609296,23.670000000000016,49.0,1011.0,,10.5,13.0,20.9752421865732,6.5983805602488586,,90.15581040266616,3.800064633954006,,,,,,,,,,,,,,,,
197,2025-05-15 22:49:33.365789,40.885167,1.7807667,4.827385425567627,68.29509566190335,23.670000000000016,49.0,1011.0,,10.7,9.0,14.903825758751944,6.508033516825594,,84.53182600699411,4.1352131613093315,,,,,,,,,,,,,,,,
198,2025-05-15 22:49:38.365714,40.885167,1.7807667,4.827385425567627,68.29509566190335,23.670000000000016,49.0,1011.0,,10.2,15.0,27.715548864367022,5.676316272410791,,96.01064452627037,4.273527160950156,,,,,,,,,,,,,,,,
199,2025-05-15 22:49:43.366047,40.8849518,1.7805752,4.3140034675598145,67.37915363382629,23.670000000000016,49.0,1011.0,,10.4,10.0,16.94315131350166,6.196980994123625,,84.32230494732795,4.1267514527520035,,,,,,,,,,,,,,,,
200,2025-05-15 22:49:48.365901,40.8847907,1.7804332,4.389559745788574,69.08488409601026,23.670000000000016,49.0,1011.0,,10.2,13.0,22.464945290721882,6.004689853659463,,91.54982938673214,4.056451389393806,,,,,,,,,,,,,,,,
201,2025-05-15 22:49:53.366488,40.8846364,1.7802726,4.230818271636963,69.63156560698891,23.670000000000016,49.0,1011.0,,9.6,13.0,22.85664806873354,5.559683077098143,,92.48821367572245,3.8986125857769043,,,,,,,,,,,,,,,,
202,2025-05-15 22:49:58.366154,40.8843383,1.7800156,4.132903575897217,68.5852420978455,23.670000000000016,49.0,1011.0,,9.4,10.0,19.158963216570754,4.973618945282669,,85.90555937098382,4.306535971792933,,,,,,,,,,,,,,,,
203,2025-05-15 22:50:03.366383,40.8842709,1.7799532,4.127955913543701,69.16998142287945,23.670000000000016,49.0,1011.0,,9.6,12.0,20.771513916370047,5.628073978460184,,89.94149533924949,3.859647495314661,,,,,,,,,,,,,,,,
204,2025-05-15 22:50:08.366135,40.8841508,1.7798446,4.698103427886963,66.88287891892234,23.670000000000016,49.0,1011.0,,9.7,10.0,19.13534992132385,5.1384471800864855,,86.0182288402462,4.438518404461855,,,,,,,,,,,,,,,,
205,2025-05-15 22:50:13.365502,40.8838572,1.7795654,4.200718879699707,68.23065282708427,23.670000000000016,49.0,1011.0,,10.0,15.0,25.998363919922593,5.904453359050904,,96.15500031935623,3.911872956902136,,,,,,,,,,,,,,,,
206,2025-05-15 22:50:18.365471,40.8837037,1.7794243,4.558699607849121,70.88087550807595,23.670000000000016,49.0,1011.0,,9.8,13.0,22.40173427519471,5.784649207851529,,90.63238710227898,3.8837095233753356,,,,,,,,,,,,,,,,
207,2025-05-15 22:50:23.366172,40.8835434,1.7792651,4.121583938598633,69.4977758615267,23.670000000000016,49.0,1011.0,,10.0,17.0,30.294983098845616,5.79582779201944,,101.17585860692157,3.9361623333147406,,,,,,,,,,,,,,,,
208,2025-05-15 22:50:28.365995,40.8833879,1.7791275,4.60815954208374,66.50982764683458,23.670000000000016,49.0,1011.0,,10.2,17.0,27.89854805253496,6.37346464509112,,97.39632391406167,3.642563098755173,,,,,,,,,,,,,,,,
209,2025-05-15 22:50:33.366145,40.8833879,1.7791275,4.60815954208374,66.50982764683458,23.670000000000016,49.0,1011.0,,10.0,15.0,27.13066880142965,5.675590550604897,,93.64049644826423,4.101118387726672,,,,,,,,,,,,,,,,
210,2025-05-15 22:50:38.366498,40.8831772,1.7789631,4.241641044616699,67.98835869646724,23.670000000000016,49.0,1011.0,,10.3,18.0,29.814998982159224,6.401584759484369,,97.80335767862647,3.68019760622178,,,,,,,,,,,,,,,,
211,2025-05-15 22:50:43.366009,40.8830202,1.7788185,4.289830684661865,68.48500907177555,23.670000000000016,49.0,1011.0,,10.6,16.0,26.346969616837985,6.583408616778154,,94.83197868861353,3.8442155597380814,,,,,,,,,,,,,,,,
212,2025-05-15 22:50:48.365911,40.8827363,1.7785461,4.399016857147217,69.56051797924243,23.670000000000016,49.0,1011.0,,10.5,17.0,27.68585419346124,6.607292405381184,,98.19028382543193,3.710622957547225,,,,,,,,,,,,,,,,
213,2025-05-15 22:50:53.369177,40.8825743,1.7784012,4.001485824584961,69.3781724189706,23.670000000000016,49.0,1011.0,,10.2,23.0,38.61323037931134,6.386336619223408,,108.17374835855378,3.4372879080902177,,,,,,,,,,,,,,,,
214,2025-05-15 22:50:58.367215,40.8824998,1.7783397,3.996610164642334,68.34753102416154,23.670000000000016,49.0,1011.0,,10.2,23.0,36.466950087867595,6.705471803560557,,104.81448111202914,3.2140732484061836,,,,,,,,,,,,,,,,
215,2025-05-15 22:51:03.365826,40.8822938,1.7781236,4.0705246925354,70.41789113518664,23.670000000000016,49.0,1011.0,,10.3,27.0,43.94760078348541,6.737897252032499,,113.20350598612363,3.1147916832725424,,,,,,,,,,,,,,,,
216,2025-05-15 22:51:08.366262,40.8822194,1.7780494,4.0651726722717285,68.36467479897827,23.670000000000016,49.0,1011.0,,10.0,24.0,38.73649172014792,6.500094481594203,,107.1011665191262,3.170964898409703,,,,,,,,,,,,,,,,
217,2025-05-15 22:51:13.365862,40.8821121,1.7779517,4.379144668579102,67.7106705255712,23.670000000000016,49.0,1011.0,,9.4,24.0,42.25656774620185,5.6856495570821135,,109.96723827177306,3.2411847332199977,,,,,,,,,,,,,,,,
218,2025-05-15 22:51:18.365888,40.8819578,1.7778134,3.653831958770752,69.50753620185066,23.670000000000016,49.0,1011.0,,9.3,28.0,43.77066462584006,6.311437579075957,,113.27820082769071,2.6384850745342785,,,,,,,,,,,,,,,,
219,2025-05-15 22:51:23.369010,40.8818198,1.7776901,4.177113056182861,68.97817605060715,23.670000000000016,49.0,1011.0,,8.8,31.0,53.400406418179585,5.645506386290516,,122.37858246878673,2.490474922365329,,,,,,,,,,,,,,,,
220,2025-05-15 22:51:28.366119,40.8816516,1.7775637,4.151159763336182,69.63008345593902,23.670000000000016,49.0,1011.0,,9.2,32.0,53.17194637120633,6.090737041819699,,122.80202982714535,2.4882698677144255,,,,,,,,,,,,,,,,
221,2025-05-15 22:51:33.366185,40.8814991,1.7774051,4.159995079040527,67.60026734782711,23.670000000000016,49.0,1011.0,,8.5,33.0,57.329261507775236,5.499531493920815,,124.92952885560234,2.2456089502382746,,,,,,,,,,,,,,,,
222,2025-05-15 22:51:38.365426,40.8813466,1.7772314,4.279527187347412,68.90149351679541,23.670000000000016,49.0,1011.0,,8.2,36.0,63.96525116608787,5.364150007131173,,132.86674468288328,1.8783536745765175,,,,,,,,,,,,,,,,
223,2025-05-15 22:51:43.365393,40.8810612,1.7769453,4.011781692504883,67.49952205756944,23.670000000000016,49.0,1011.0,,8.7,34.0,59.875100657236025,5.624685427328286,,127.678846170627,2.2031179737645994,,,,,,,,,,,,,,,,
224,2025-05-15 22:51:48.365858,40.8810612,1.7769453,4.011781692504883,67.49952205756944,23.670000000000016,49.0,1011.0,,8.4,29.0,50.68481784960652,5.263727996488775,,118.18433990717595,2.541808319931487,,,,,,,,,,,,,,,,
225,2025-05-15 22:51:53.365697,40.8808908,1.7767589,4.188364505767822,68.25544641377142,23.670000000000016,49.0,1011.0,,8.6,31.0,54.29590858743629,5.454555596160738,,122.55135500120771,2.444326173335244,,,,,,,,,,,,,,,,
226,2025-05-15 22:51:58.366064,40.8807424,1.7765997,4.598753929138184,69.00521676953123,23.670000000000016,49.0,1011.0,,8.6,31.0,57.95226401409823,5.225689623179221,,126.95748078362946,2.440216708270281,,,,,,,,,,,,,,,,
227,2025-05-15 22:52:03.369171,40.8805722,1.7764465,4.361126899719238,70.09640779133247,23.670000000000016,49.0,1011.0,,7.7,32.0,62.00801598302791,4.620970593245666,,132.10442377436038,2.0468863152423844,,,,,,,,,,,,,,,,
228,2025-05-15 22:52:08.365967,40.8804034,1.7763033,4.340114593505859,67.09626768897188,23.670000000000016,49.0,1011.0,,7.6,23.0,48.1932210445843,3.9838583254505315,,115.28948873355617,2.893210083640334,,,,,,,,,,,,,,,,
229,2025-05-15 22:52:13.365454,40.8802442,1.7761595,4.280500411987305,69.9366633270242,23.670000000000016,49.0,1011.0,,8.2,25.0,47.71910265828251,4.683982252522044,,117.65576598530672,2.879774626228481,,,,,,,,,,,,,,,,
230,2025-05-15 22:52:18.365670,40.8800868,1.7760009,4.281863689422607,70.16371930560294,23.670000000000016,49.0,1011.0,,7.7,23.0,46.995608993375726,4.114076021732272,,117.15932829897866,2.9204640003824873,,,,,,,,,,,,,,,,
231,2025-05-15 22:52:23.366282,40.8798699,1.775858,5.108430862426758,69.57088620640252,23.670000000000016,49.0,1011.0,,7.5,24.0,60.25507582782812,3.5134468439732522,,129.82596203423066,2.5344947837946847,,,,,,,,,,,,,,,,
232,2025-05-15 22:52:28.365685,40.8797202,1.7756777,4.06239652633667,67.70581426107132,23.670000000000016,49.0,1011.0,,7.4,16.0,33.764843506572355,3.669969775745226,,101.47065776764367,3.377174448649346,,,,,,,,,,,,,,,,
233,2025-05-15 22:52:33.366101,40.8795687,1.7755582,4.466466426849365,66.75434841912104,23.670000000000016,49.0,1011.0,,7.9,14.0,30.856446400912986,3.7263102971764726,,97.61079482003403,3.834260561799742,,,,,,,,,,,,,,,,
234,2025-05-15 22:52:38.365776,40.8794175,1.7754051,4.5374674797058105,68.81235271793759,23.670000000000016,49.0,1011.0,,8.9,14.0,27.71666102959406,4.629342580105216,,96.52901374753165,4.016831278210537,,,,,,,,,,,,,,,,
235,2025-05-15 22:52:43.365722,40.8792654,1.7752599,4.320662021636963,69.92548913754207,23.670000000000016,49.0,1011.0,,9.7,13.0,23.039356989914392,5.575446158544466,,92.96484612745647,3.976029771178906,,,,,,,,,,,,,,,,
236,2025-05-15 22:52:48.366452,40.8791011,1.7751258,4.628373622894287,67.28775887254235,23.670000000000016,49.0,1011.0,,10.7,18.0,30.794293630487704,6.458510793023114,,98.08205250303006,3.975823342958413,,,,,,,,,,,,,,,,
237,2025-05-15 22:52:53.369194,40.8789302,1.7749619,4.3718647956848145,68.80013350951243,23.670000000000016,49.0,1011.0,,9.5,17.0,30.512129740117395,5.470588172900052,,99.31226324962984,3.7664563615772977,,,,,,,,,,,,,,,,
238,2025-05-15 22:52:58.373829,40.8787696,1.7748326,4.190389633178711,68.08371496746979,23.670000000000016,49.0,1011.0,,9.8,14.0,24.02590628424323,5.823005159602947,,92.10962125171302,3.8273403862504165,,,,,,,,,,,,,,,,
239,2025-05-15 22:53:03.366148,40.8786023,1.7747044,4.726349353790283,68.70293308743398,23.670000000000016,49.0,1011.0,,9.7,16.0,30.17809277385986,5.318755631056777,,98.88102586129384,4.08577337801027,,,,,,,,,,,,,,,,
240,2025-05-15 22:53:08.366405,40.8784216,1.7745631,4.341546535491943,66.66776211101279,23.670000000000016,49.0,1011.0,,9.5,16.0,28.661942664337104,5.459408483663944,,95.3297047753499,3.8095549007847875,,,,,,,,,,,,,,,,
241,2025-05-15 22:53:13.369046,40.8782657,1.7744499,3.763056755065918,67.7675455107899,23.670000000000016,49.0,1011.0,,9.7,13.0,20.986644467596086,6.0924843019822195,,88.754189978386,3.513430381291602,,,,,,,,,,,,,,,,
242,2025-05-15 22:53:18.366507,40.8781276,1.774319,4.246621608734131,66.72041603932442,23.670000000000016,49.0,1011.0,,10.3,10.0,16.872968702957845,6.162176066076205,,83.59338474228227,4.063807209163457,,,,,,,,,,,,,,,,
243,2025-05-15 22:53:23.366356,40.8779508,1.7741716,4.602383613586426,66.09694271150731,23.670000000000016,49.0,1011.0,,10.4,12.0,21.215060527108424,5.975305577914576,,87.31200323861573,4.290474156957597,,,,,,,,,,,,,,,,
244,2025-05-15 22:53:28.366010,40.8777755,1.7740165,4.084917068481445,68.7071882952869,23.670000000000016,49.0,1011.0,,10.6,11.0,17.745242371619042,6.6360678086872795,,86.45243066690594,3.8905612533476974,,,,,,,,,,,,,,,,
245,2025-05-15 22:53:33.366044,40.8776171,1.7738907,4.219002723693848,69.1243489290346,23.670000000000016,49.0,1011.0,,10.4,12.0,19.96005235758395,6.334223727955079,,89.08440128661854,3.9655708370355707,,,,,,,,,,,,,,,,
246,2025-05-15 22:53:38.366063,40.8774655,1.7737351,4.350006103515625,65.56968625852818,23.670000000000016,49.0,1011.0,,11.1,12.0,19.526729912370328,6.9045424729427305,,85.09641617089851,4.099818370338546,,,,,,,,,,,,,,,,
247,2025-05-15 22:53:43.366381,40.8773131,1.7735797,4.409522533416748,67.29495106173837,23.670000000000016,49.0,1011.0,,11.0,9.0,14.926715612295984,6.680474616976734,,82.22166667403435,4.26072795595638,,,,,,,,,,,,,,,,
248,2025-05-15 22:53:48.366099,40.8771845,1.7734366,4.006613254547119,69.94155374246994,23.670000000000016,49.0,1011.0,,10.6,10.0,15.968918620075119,6.690529223300927,,85.91047236254505,3.8520023768174547,,,,,,,,,,,,,,,,
249,2025-05-15 22:53:53.365536,40.8768956,1.7731942,4.490555763244629,67.7696423788651,23.670000000000016,49.0,1011.0,,9.4,8.0,15.612536224100657,4.860938813616818,,85.15220163580705,4.456215029367685,,,,,,,,,,,,,,,,
250,2025-05-15 22:53:58.365554,40.8767051,1.7730533,5.066737174987793,68.33915038204992,23.670000000000016,49.0,1011.0,,9.8,9.0,16.460077513233816,5.410527468545816,,84.22971989209891,4.306521103553944,,,,,,,,,,,,,,,,
251,2025-05-15 22:54:03.366195,40.8767051,1.7730533,5.066737174987793,68.33915038204992,23.670000000000016,49.0,1011.0,,9.8,8.0,16.387392753554234,4.834277202779768,,84.72654313560416,4.860906434911944,,,,,,,,,,,,,,,,
252,2025-05-15 22:54:08.365887,40.8765552,1.7728888,3.8010306358337402,67.7124258841879,23.670000000000016,49.0,1011.0,,10.2,7.0,11.122299218778974,6.443972995384809,,78.83472510296687,3.729638390371174,,,,,,,,,,,,,,,,
253,2025-05-15 22:54:13.365543,40.8762872,1.7726307,4.399501800537109,68.52461050858328,23.670000000000016,49.0,1011.0,,10.2,12.0,20.446876501388246,6.070609521872677,,88.7370749176567,4.0187458165219665,,,,,,,,,,,,,,,,
254,2025-05-15 22:54:18.365880,40.8762872,1.7726307,4.399501800537109,68.52461050858328,23.670000000000016,49.0,1011.0,,10.1,13.0,22.66163627434397,5.896898374044172,,91.18624678292724,4.059843873519947,,,,,,,,,,,,,,,,
255,2025-05-15 22:54:23.366087,40.8759258,1.7723242,4.828447341918945,68.28045173632285,23.670000000000016,49.0,1011.0,,9.6,7.0,13.513637278481166,5.006683228199797,,80.79653305633448,4.5313476526692575,,,,,,,,,,,,,,,,
256,2025-05-15 22:54:28.365553,40.8757612,1.7721796,4.293257713317871,68.71819173003979,23.670000000000016,49.0,1011.0,,9.3,9.0,18.464402729726224,4.593526148589219,,86.74485446604908,4.579881819271391,,,,,,,,,,,,,,,,
257,2025-05-15 22:54:33.365504,40.8757612,1.7721796,4.293257713317871,68.71819173003979,23.670000000000016,49.0,1011.0,,10.1,11.0,18.923825579730252,5.94235782823552,,87.64201730977004,4.061209627843676,,,,,,,,,,,,,,,,
258,2025-05-15 22:54:38.369251,40.8754731,1.7719071,4.966331958770752,69.81056437456743,23.670000000000016,49.0,1011.0,,10.5,9.0,14.906174769349473,6.385404426273674,,81.24147059232273,4.058858774251499,,,,,,,,,,,,,,,,
259,2025-05-15 22:54:43.366168,40.8754731,1.7719071,4.966331958770752,69.81056437456743,23.670000000000016,49.0,1011.0,,10.1,10.0,19.400327996300163,5.280022001915042,,89.2108923708676,4.684347386871103,,,,,,,,,,,,,,,,
260,2025-05-15 22:54:48.366858,40.875131,1.771573,4.390889644622803,67.50730847322325,23.670000000000016,49.0,1011.0,,10.8,8.0,13.792004941882928,6.30487608602059,,81.94471848034819,4.43998775989208,,,,,,,,,,,,,,,,
261,2025-05-15 22:54:53.365846,40.8749725,1.7714415,4.589179515838623,68.85561513614044,23.670000000000016,49.0,1011.0,,10.9,9.0,14.974695931067817,6.5990155949412195,,82.48200440429106,4.2417751936654975,,,,,,,,,,,,,,,,
262,2025-05-15 22:54:58.365900,40.8749725,1.7714415,4.589179515838623,68.85561513614044,23.670000000000016,49.0,1011.0,,10.7,10.0,17.347031930278902,6.231703931615439,,86.20264706641935,4.380446991641914,,,,,,,,,,,,,,,,
263,2025-05-15 22:55:03.366328,40.8746722,1.771169,4.499863147735596,68.26987860348765,23.670000000000016,49.0,1011.0,,10.7,8.0,13.737142009593688,6.270961925511404,,81.93262619264156,4.375441526537768,,,,,,,,,,,,,,,,
264,2025-05-15 22:55:08.365843,40.8744989,1.7710094,4.440306186676025,68.54648760449484,23.670000000000016,49.0,1011.0,,10.6,8.0,13.820143028420347,6.175764537566801,,82.090021631908,4.369593732069942,,,,,,,,,,,,,,,,
265,2025-05-15 22:55:13.365894,40.8744989,1.7710094,4.440306186676025,68.54648760449484,23.670000000000016,49.0,1011.0,,11.3,10.0,16.35136455893228,6.969932221470716,,84.89785216342712,4.260710427980195,,,,,,,,,,,,,,,,
266,2025-05-15 22:55:18.366022,40.8743818,1.7708884,4.433876037597656,65.49736821559608,23.670000000000016,49.0,1011.0,,10.6,11.0,18.711856925556848,6.30460909891085,,84.20922514115293,4.199518682474353,,,,,,,,,,,,,,,,
267,2025-05-15 22:55:23.365502,40.8741951,1.7707779,4.492425441741943,69.90216404152648,23.670000000000016,49.0,1011.0,,9.9,10.0,18.107960754060745,5.5311132092415605,,88.01012479558722,4.269927095148015,,,,,,,,,,,,,,,,
268,2025-05-15 22:55:28.366113,40.8738598,1.7704928,4.172069549560547,66.6718602245148,23.670000000000016,49.0,1011.0,,9.5,11.0,19.695924480764948,5.378437098435451,,87.66320521345352,4.012357016487102,,,,,,,,,,,,,,,,
269,2025-05-15 22:55:33.366159,40.8738598,1.7704928,4.172069549560547,66.6718602245148,23.670000000000016,49.0,1011.0,,9.5,11.0,19.379134550787604,5.462896995715328,,86.0509947753024,3.9356949363643894,,,,,,,,,,,,,,,,
270,2025-05-15 22:55:38.366089,40.8736831,1.7703391,4.329116344451904,68.73796512768698,23.670000000000016,49.0,1011.0,,9.7,13.0,23.073406303423862,5.567667167447783,,91.81137143111084,3.9828021911961122,,,,,,,,,,,,,,,,
271,2025-05-15 22:55:43.365760,40.8734272,1.7701051,4.657901763916016,66.39192492138183,23.670000000000016,49.0,1011.0,,10.2,9.0,15.548901305812937,5.952500258463148,,85.47482074527271,4.180943478098984,,,,,,,,,,,,,,,,
272,2025-05-15 22:55:48.366238,40.8733014,1.7699097,4.151676654815674,68.48295318483538,23.670000000000016,49.0,1011.0,,11.0,9.0,15.495861263030191,6.440794441482331,,81.88778618441202,4.488585891507759,,,,,,,,,,,,,,,,
273,2025-05-15 22:55:53.366642,40.8731713,1.7697468,4.488439559936523,69.05903183000176,23.670000000000016,49.0,1011.0,,10.4,8.0,13.24953800370559,6.315215303349747,,81.73249118854098,4.041163616315817,,,,,,,,,,,,,,,,
274,2025-05-15 22:55:58.366002,40.8730044,1.7696038,4.20098352432251,67.2469075111165,23.670000000000016,49.0,1011.0,,9.7,9.0,16.593616164549093,5.313417819011302,,85.65264799455085,4.301515799666191,,,,,,,,,,,,,,,,
275,2025-05-15 22:56:03.365503,40.8730044,1.7696038,4.20098352432251,67.2469075111165,23.670000000000016,49.0,1011.0,,10.6,12.0,19.663939818178267,6.549320966697005,,86.91084732929477,3.9559927332197207,,,,,,,,,,,,,,,,
276,2025-05-15 22:56:08.367001,40.8726731,1.769377,4.318338394165039,69.41571796883817,23.670000000000016,49.0,1011.0,,9.4,10.0,17.378499584530193,5.464973119525711,,82.60551525239883,3.857189461375839,,,,,,,,,,,,,,,,
277,2025-05-15 22:56:13.367331,40.8726731,1.769377,4.318338394165039,69.41571796883817,23.670000000000016,49.0,1011.0,,10.7,12.0,19.893141980547068,6.537968983037685,,89.30885994938524,4.060658227966024,,,,,,,,,,,,,,,,
278,2025-05-15 22:56:18.365876,40.8723359,1.769049,4.709754467010498,69.24485395656113,23.670000000000016,49.0,1011.0,,10.2,11.0,19.94417968657473,5.705734827772613,,87.94297491209375,4.370236006187962,,,,,,,,,,,,,,,,
279,2025-05-15 22:56:23.366171,40.8721489,1.7689562,4.201944828033447,66.07921154042197,23.670000000000016,49.0,1011.0,,10.7,10.0,17.68378449106338,6.1167188150310485,,86.92863844762451,4.487206740926605,,,,,,,,,,,,,,,,
280,2025-05-15 22:56:28.366119,40.8720232,1.7688108,4.558509826660156,67.18320916691697,23.670000000000016,49.0,1011.0,,10.0,9.0,15.411318137171396,5.886603608905862,,81.49052967759336,4.050855194464493,,,,,,,,,,,,,,,,
281,2025-05-15 22:56:33.366139,40.8720232,1.7688108,4.558509826660156,67.18320916691697,23.670000000000016,49.0,1011.0,,11.0,13.0,21.886657667477778,6.638008022514245,,89.06986683439474,4.2299465037411235,,,,,,,,,,,,,,,,
282,2025-05-15 22:56:38.365848,40.8717276,1.7684894,4.420280933380127,68.9499878599025,23.670000000000016,49.0,1011.0,,10.6,13.0,22.216629989678438,6.306324376370116,,89.13350959028911,4.156827697468303,,,,,,,,,,,,,,,,
283,2025-05-15 22:56:43.366127,40.8717276,1.7684894,4.420280933380127,68.9499878599025,23.670000000000016,49.0,1011.0,,10.2,11.0,19.18904503382357,5.921308800198182,,88.13903289372608,4.174686731507481,,,,,,,,,,,,,,,,
284,2025-05-15 22:56:48.366165,40.8715324,1.7682976,4.53873348236084,69.01180790208029,23.670000000000016,49.0,1011.0,,10.3,13.0,22.854477037182154,5.9656128986497166,,91.86628493926244,4.182416959274683,,,,,,,,,,,,,,,,
285,2025-05-15 22:56:53.365968,40.8713197,1.7681134,4.740208625793457,66.40683522433996,23.670000000000016,49.0,1011.0,,10.1,11.0,20.428142256367458,5.521467326875099,,86.83497748070741,4.442100064908499,,,,,,,,,,,,,,,,
286,2025-05-15 22:56:58.366159,40.8711684,1.7679783,3.994581460952759,69.58024356556544,23.670000000000016,49.0,1011.0,,10.8,12.0,18.870592327304287,6.942565172449386,,88.45083589286972,3.7798786525174672,,,,,,,,,,,,,,,,
287,2025-05-15 22:57:03.366127,40.8710388,1.7678691,4.288376808166504,65.00720651999929,23.670000000000016,49.0,1011.0,,11.2,15.0,23.9372385860235,7.144486547191277,,88.94444510602278,3.9195354318499156,,,,,,,,,,,,,,,,
288,2025-05-15 22:57:08.366562,40.8708692,1.7677303,4.637608051300049,66.26355151593144,23.670000000000016,49.0,1011.0,,10.5,14.0,24.59115777100435,6.104140538910589,,90.85470928693579,4.216978583272704,,,,,,,,,,,,,,,,
289,2025-05-15 22:57:13.365866,40.870733,1.7676174,3.9832818508148193,68.15358780267903,23.670000000000016,49.0,1011.0,,10.6,12.0,19.042536166647768,6.754724087044926,,87.19612396932679,3.7653031825847543,,,,,,,,,,,,,,,,
290,2025-05-15 22:57:18.365998,40.8706032,1.7675201,4.1978888511657715,67.15286946662377,23.670000000000016,49.0,1011.0,,10.2,12.0,20.150749099063905,6.1560304324520745,,87.30361856568767,3.9409339378992594,,,,,,,,,,,,,,,,
291,2025-05-15 22:57:23.366156,40.8704476,1.7673732,4.6770477294921875,66.93881816822474,23.670000000000016,49.0,1011.0,,9.7,13.0,24.561899510173628,5.249340402344144,,91.50071767839837,4.253834429981544,,,,,,,,,,,,,,,,
292,2025-05-15 22:57:28.366259,40.8702604,1.7672115,4.660353660583496,68.928554726287,23.670000000000016,49.0,1011.0,,9.7,13.0,24.486376287331137,5.26452844392809,,93.41493101361814,4.24120075491875,,,,,,,,,,,,,,,,
293,2025-05-15 22:57:33.367149,40.8699439,1.7669228,4.370625019073486,68.26435298044912,23.670000000000016,49.0,1011.0,,9.6,15.0,27.506064198391325,5.379892226473231,,95.84479793890189,3.9923294724082545,,,,,,,,,,,,,,,,
294,2025-05-15 22:57:38.365905,40.8699439,1.7669228,4.370625019073486,68.26435298044912,23.670000000000016,49.0,1011.0,,9.1,12.0,22.665975301122067,4.909709259424493,,90.93032828157118,4.033068949505617,,,,,,,,,,,,,,,,
295,2025-05-15 22:57:43.366096,40.8697644,1.766744,4.628892421722412,68.58587047524912,23.670000000000016,49.0,1011.0,,9.3,15.0,28.93387336577998,4.975233033630508,,97.51974384102911,4.051107851301734,,,,,,,,,,,,,,,,
296,2025-05-15 22:57:48.366183,40.8696227,1.7665958,4.560022354125977,68.25032377189392,23.670000000000016,49.0,1011.0,,9.1,12.0,23.549079978258042,4.735502110175567,,91.79940375015195,4.180255332303749,,,,,,,,,,,,,,,,
297,2025-05-15 22:57:53.365887,40.8694684,1.7664536,4.4081292152404785,65.95272326718249,23.670000000000016,49.0,1011.0,,9.7,13.0,23.39628296460625,5.495062300553734,,89.34900623178874,4.045694543835833,,,,,,,,,,,,,,,,
298,2025-05-15 22:57:58.369132,40.869173,1.766184,4.5812482833862305,68.7544258835867,23.670000000000016,49.0,1011.0,,9.7,14.0,25.35463804095128,5.4799948720083345,,93.5000705977613,4.030150478959414,,,,,,,,,,,,,,,,
299,2025-05-15 22:58:03.369102,40.869173,1.766184,4.5812482833862305,68.7544258835867,23.670000000000016,49.0,1011.0,,9.9,13.0,23.734411388555632,5.532989999788502,,92.48883727214233,4.193770983680173,,,,,,,,,,,,,,,,
300,2025-05-15 22:58:08.368880,40.8689745,1.7660075,4.303473472595215,65.70282713601924,23.670000000000016,49.0,1011.0,,10.0,12.0,20.783718876870488,5.859286551152704,,86.48654601288973,4.023431587662723,,,,,,,,,,,,,,,,
301,2025-05-15 22:58:13.365333,40.8686733,1.7657753,4.362168312072754,67.40047748441508,23.670000000000016,49.0,1011.0,,9.9,12.0,23.57618199943289,5.146225226608936,,89.28816841912912,4.552396433617276,,,,,,,,,,,,,,,,
302,2025-05-15 22:58:18.366282,40.8686733,1.7657753,4.362168312072754,67.40047748441508,23.670000000000016,49.0,1011.0,,9.6,14.0,25.12323604451732,5.470166504708688,,92.5237135289324,3.949492761391962,,,,,,,,,,,,,,,,
303,2025-05-15 22:58:23.366851,40.8683718,1.7654614,4.231243133544922,66.07388399286936,23.670000000000016,49.0,1011.0,,9.8,14.0,25.503633613592662,5.506291047279165,,93.20245376095389,4.096847131222001,,,,,,,,,,,,,,,,
304,2025-05-15 22:58:28.365278,40.8682131,1.7653507,4.34938383102417,68.58942217361754,23.670000000000016,49.0,1011.0,,9.3,11.0,20.367884587162887,5.0985227736714736,,88.95730676078043,4.077448278890238,,,,,,,,,,,,,,,,
305,2025-05-15 22:58:33.367750,40.8682131,1.7653507,4.34938383102417,68.58942217361754,23.670000000000016,49.0,1011.0,,9.0,14.0,26.414880605632103,4.894256422828128,,95.00430277924964,3.8952918547735575,,,,,,,,,,,,,,,,
306,2025-05-15 22:58:38.366206,40.8678841,1.7650657,4.418492317199707,66.87711423926285,23.670000000000016,49.0,1011.0,,10.0,15.0,24.928903723843977,6.140525259470837,,90.88156551932394,3.7096994262468197,,,,,,,,,,,,,,,,
307,2025-05-15 22:58:43.365183,40.8677401,1.7648922,4.360196113586426,69.10738273913628,23.670000000000016,49.0,1011.0,,9.6,12.0,21.643571193016506,5.41155570035571,,90.75095393215278,4.052786036197521,,,,,,,,,,,,,,,,
308,2025-05-15 22:58:48.366022,40.8677401,1.7648922,4.360196113586426,69.10738273913628,23.670000000000016,49.0,1011.0,,10.6,12.0,20.14360654438568,6.399617516975957,,89.25098928352196,4.093493505549225,,,,,,,,,,,,,,,,
309,2025-05-15 22:58:53.369191,40.8675507,1.7646852,4.2213897705078125,66.96777134011643,23.670000000000016,49.0,1011.0,,9.7,12.0,20.953230140402166,5.6395719203082875,,87.9210014805186,3.9422404385873646,,,,,,,,,,,,,,,,
310,2025-05-15 22:58:58.365844,40.8672619,1.7644332,4.7363104820251465,68.17285576632763,23.670000000000016,49.0,1011.0,,10.2,9.0,15.004201011617258,6.16336034577495,,81.06425387141734,3.9806847850563427,,,,,,,,,,,,,,,,
311,2025-05-15 22:59:03.365840,40.8672619,1.7644332,4.7363104820251465,68.17285576632763,23.670000000000016,49.0,1011.0,,9.8,10.0,19.09841924966316,5.201083870508413,,87.2712750159908,4.47561419397425,,,,,,,,,,,,,,,,
312,2025-05-15 22:59:08.366054,40.8670549,1.764257,4.690133571624756,67.87836533007336,23.670000000000016,49.0,1011.0,,10.6,9.0,16.009157500465214,6.012543532956451,,83.88752283053859,4.508239071157727,,,,,,,,,,,,,,,,
313,2025-05-15 22:59:13.367995,40.8668901,1.7641342,4.420646667480469,66.18669822739045,23.670000000000016,49.0,1011.0,,10.3,11.0,19.05462016047571,6.019960303195808,,85.24131838786616,4.178429628724752,,,,,,,,,,,,,,,,
314,2025-05-15 22:59:18.366074,40.8667372,1.7640082,4.350244045257568,66.32898472818016,23.670000000000016,49.0,1011.0,,9.9,14.0,24.49886023990447,5.775669985980215,,90.82784496808463,3.95858948578654,,,,,,,,,,,,,,,,
315,2025-05-15 22:59:23.366137,40.866588,1.7638704,4.369678497314453,67.15119607027712,23.670000000000016,49.0,1011.0,,10.2,15.0,25.71084011607624,6.085233749160103,,92.86203618635336,3.937058297456857,,,,,,,,,,,,,,,,
316,2025-05-15 22:59:28.366032,40.8664399,1.7637226,4.021464824676514,70.95931340050437,23.670000000000016,49.0,1011.0,,9.9,15.0,24.816309068887207,6.104943243756034,,95.77562246939158,3.6501149048346573,,,,,,,,,,,,,,,,
317,2025-05-15 22:59:33.365419,40.8662913,1.7635799,4.528097629547119,66.80248076220212,23.670000000000016,49.0,1011.0,,10.1,15.0,26.56676745402916,5.844893323841353,,93.36924821623128,4.049992982514319,,,,,,,,,,,,,,,,
318,2025-05-15 22:59:38.365808,40.8661374,1.763448,4.270803451538086,65.02436395519436,23.670000000000016,49.0,1011.0,,9.9,17.0,29.117521480215103,5.948344896051598,,94.14188543540946,3.731074076203184,,,,,,,,,,,,,,,,
319,2025-05-15 22:59:43.365760,40.8659788,1.7633297,4.259941577911377,68.49325994029293,23.670000000000016,49.0,1011.0,,9.7,16.0,27.831697016304393,5.726751271974526,,96.32495695659732,3.767163577792627,,,,,,,,,,,,,,,,
320,2025-05-15 22:59:48.365632,40.8658158,1.7631945,4.727466583251953,68.55653481276393,23.670000000000016,49.0,1011.0,,10.6,14.0,24.76914431762071,6.120758050496229,,93.32567913038464,4.292554954631929,,,,,,,,,,,,,,,,
321,2025-05-15 22:59:53.365880,40.8654946,1.7629005,4.421167373657227,68.3290895134025,23.670000000000016,49.0,1011.0,,9.9,13.0,24.15402249364665,5.442484412026134,,91.44979317808543,4.2705115632345585,,,,,,,,,,,,,,,,
322,2025-05-15 22:59:58.366617,40.8654946,1.7629005,4.421167373657227,68.3290895134025,23.670000000000016,49.0,1011.0,,10.2,12.0,20.891834376962926,5.946916349049229,,89.22092389036541,4.130499077843437,,,,,,,,,,,,,,,,
323,2025-05-15 23:00:03.366155,40.8651813,1.7626166,4.198642253875732,70.08357386588202,23.670000000000016,49.0,1011.0,,9.9,10.0,16.358094373136,6.103957177225687,,83.54813372922298,3.7351497121573276,,,,,,,,,,,,,,,,
324,2025-05-15 23:00:08.365844,40.8651813,1.7626166,4.198642253875732,70.08357386588202,23.670000000000016,49.0,1011.0,,10.3,11.0,18.388069836258953,6.230222191424406,,88.47164370214097,3.9842667840793147,,,,,,,,,,,,,,,,
325,2025-05-15 23:00:13.365886,40.8650099,1.762429,4.449068546295166,67.23713351041422,23.670000000000016,49.0,1011.0,,10.3,11.0,19.14332887718471,5.993102905230934,,86.38046238759894,4.203040347739391,,,,,,,,,,,,,,,,
326,2025-05-15 23:00:18.366343,40.8648473,1.7622514,4.649077892303467,69.50780940941745,23.670000000000016,49.0,1011.0,,10.3,12.0,21.53833114219448,5.8331592552828395,,91.04614055161193,4.324442865854611,,,,,,,,,,,,,,,,
327,2025-05-15 23:00:23.366344,40.8646884,1.7621339,4.400494575500488,67.76589943519993,23.670000000000016,49.0,1011.0,,10.6,14.0,23.546311512131464,6.419111590454091,,91.3122109473314,4.034098266597126,,,,,,,,,,,,,,,,
328,2025-05-15 23:00:28.365534,40.8644286,1.7618649,4.2790422439575195,69.4376701968306,23.670000000000016,49.0,1011.0,,10.1,16.0,26.445978576930184,6.251068567182062,,93.61345098799944,3.68153697769175,,,,,,,,,,,,,,,,
329,2025-05-15 23:00:33.366692,40.864256,1.7617311,4.369712829589844,70.78751365231103,23.670000000000016,49.0,1011.0,,9.9,16.0,27.932432161539403,5.825437873623734,,98.71994581385044,3.8606439844742715,,,,,,,,,,,,,,,,
330,2025-05-15 23:00:38.366128,40.864256,1.7617311,4.369712829589844,70.78751365231103,23.670000000000016,49.0,1011.0,,9.6,14.0,25.156828521554363,5.463336662505548,,95.9443421738654,3.955235140060047,,,,,,,,,,,,,,,,
331,2025-05-15 23:00:43.366469,40.8639128,1.7614459,3.9224350452423096,65.25598250013866,23.670000000000016,49.0,1011.0,,9.3,12.0,22.465693007259603,5.060000135858769,,89.54377873266091,4.0852836548041696,,,,,,,,,,,,,,,,
332,2025-05-15 23:00:48.366538,40.8637737,1.761317,3.8897886276245117,66.27962295104848,23.670000000000016,49.0,1011.0,,9.5,13.0,21.832911942761964,5.746245225390328,,87.08889444290062,3.64108800479285,,,,,,,,,,,,,,,,
333,2025-05-15 23:00:53.365900,40.8636277,1.7611939,4.26845121383667,65.14184320891859,23.670000000000016,49.0,1011.0,,9.4,11.0,19.884960954013017,5.273248922791849,,85.0268041629316,4.013955215578763,,,,,,,,,,,,,,,,
334,2025-05-15 23:00:58.365759,40.8634641,1.7610525,4.289936065673828,67.85782012104995,23.670000000000016,49.0,1011.0,,9.4,13.0,23.38200352682621,5.328181242472996,,88.5238467357448,3.9179231132044934,,,,,,,,,,,,,,,,
335,2025-05-15 23:01:03.365995,40.8633038,1.7609035,4.130605220794678,66.48311477699066,23.670000000000016,49.0,1011.0,,10.6,10.0,16.266342034539978,6.571410511704823,,82.74945681153064,3.9652571014833,,,,,,,,,,,,,,,,
336,2025-05-15 23:01:08.366995,40.8631507,1.7607544,4.638327121734619,65.75011253564324,23.670000000000016,49.0,1011.0,,10.6,13.0,21.043499963408493,6.640591258795552,,87.52661474039915,3.8551272204666946,,,,,,,,,,,,,,,,
337,2025-05-15 23:01:13.365395,40.8629819,1.7605932,4.340981960296631,63.93285191450213,23.670000000000016,49.0,1011.0,,10.6,9.0,15.874122799705699,6.062357642579745,,81.62423533534894,4.461444252752569,,,,,,,,,,,,,,,,
338,2025-05-15 23:01:18.366322,40.8628223,1.7604582,4.371432781219482,67.91715397436987,23.670000000000016,49.0,1011.0,,9.8,8.0,14.254910471036002,5.538972372111842,,82.771113016751,4.202688269608693,,,,,,,,,,,,,,,,
339,2025-05-15 23:01:23.365716,40.8626612,1.7603169,4.6788506507873535,67.69689403401529,23.670000000000016,49.0,1011.0,,9.9,10.0,17.726351834916798,5.646238645800434,,85.64350580928667,4.163883918449178,,,,,,,,,,,,,,,,
340,2025-05-15 23:01:28.365328,40.8624966,1.7601539,4.590203762054443,64.62015336011301,23.670000000000016,49.0,1011.0,,10.6,9.0,15.965365444544076,6.028604760820129,,82.27994530376468,4.493163409755523,,,,,,,,,,,,,,,,
341,2025-05-15 23:01:33.366757,40.8624154,1.76007,4.584269046783447,66.6334813915685,23.670000000000016,49.0,1011.0,,11.0,14.0,23.627850444687592,6.639665543528179,,88.2480038048006,4.205397886896503,,,,,,,,,,,,,,,,
342,2025-05-15 23:01:38.366120,40.862203,1.7598553,4.009513854980469,68.60276836325575,23.670000000000016,49.0,1011.0,,10.7,11.0,17.89413271803313,6.644736599861767,,83.13969234949836,3.9778985389741965,,,,,,,,,,,,,,,,
343,2025-05-15 23:01:43.366141,40.8620566,1.7597207,4.41778039932251,65.03502588048875,23.670000000000016,49.0,1011.0,,11.0,16.0,26.221238867265374,6.862261720457048,,91.25626474775412,3.9631671480236843,,,,,,,,,,,,,,,,
344,2025-05-15 23:01:48.369326,40.8618906,1.7595668,4.342162132263184,64.03798218620697,23.670000000000016,49.0,1011.0,,10.4,14.0,23.89719779277728,6.210829771610885,,87.36578808901531,4.034394658252775,,,,,,,,,,,,,,,,
345,2025-05-15 23:01:53.365866,40.861726,1.7594084,4.58922004699707,64.82188299724933,23.670000000000016,49.0,1011.0,,10.5,10.0,16.90766996841397,6.26931243410276,,80.94565215462094,4.154470699002521,,,,,,,,,,,,,,,,
346,2025-05-15 23:01:58.365691,40.8615576,1.759249,4.123492240905762,66.87602140899565,23.670000000000016,49.0,1011.0,,10.6,11.0,19.160340068540872,6.162388835498116,,86.3199167809296,4.330283207246067,,,,,,,,,,,,,,,,
347,2025-05-15 23:02:03.366356,40.8614027,1.7591045,4.4494709968566895,64.93246375991184,23.670000000000016,49.0,1011.0,,10.6,11.0,18.757430578590053,6.289840417957122,,83.68989433850189,4.213152627326753,,,,,,,,,,,,,,,,
348,2025-05-15 23:02:08.365888,40.8613168,1.759025,4.443682670593262,66.71819622784416,23.670000000000016,49.0,1011.0,,9.9,16.0,28.277089750793518,5.760189689761629,,94.99528597863768,3.9134040274026685,,,,,,,,,,,,,,,,
349,2025-05-15 23:02:13.365476,40.861082,1.7588508,4.238035678863525,67.4508774503006,23.670000000000016,49.0,1011.0,,10.8,11.0,17.716906383504934,6.771742753740381,,83.19646829593479,3.9541279905638964,,,,,,,,,,,,,,,,
350,2025-05-15 23:02:18.365747,40.861082,1.7588508,4.238035678863525,67.4508774503006,23.670000000000016,49.0,1011.0,,11.2,12.0,19.119540189012962,7.109390913332636,,86.57041763931356,4.004254029647502,,,,,,,,,,,,,,,,
351,2025-05-15 23:02:23.367040,40.8608923,1.7587048,3.8414456844329834,68.39750068812936,23.670000000000016,49.0,1011.0,,10.8,14.0,21.485636246925324,7.133456175753252,,89.88313693505468,3.574501390749345,,,,,,,,,,,,,,,,
352,2025-05-15 23:02:28.366136,40.8606003,1.7584666,4.300113677978516,66.62954720260657,23.670000000000016,49.0,1011.0,,10.2,11.0,18.8712287318034,6.017307471107642,,83.97340220202254,4.086591766146838,,,,,,,,,,,,,,,,
353,2025-05-15 23:02:33.366300,40.8606003,1.7584666,4.300113677978516,66.62954720260657,23.670000000000016,49.0,1011.0,,10.0,11.0,19.080974636335892,5.836849156793535,,85.71052183894247,4.063854744480143,,,,,,,,,,,,,,,,
354,2025-05-15 23:02:38.365858,40.8604069,1.7582787,4.459445953369141,66.83210329263247,23.670000000000016,49.0,1011.0,,10.3,8.0,14.021250828639644,5.916594579137129,,80.8533541212721,4.326580914943417,,,,,,,,,,,,,,,,
355,2025-05-15 23:02:43.365826,40.8601162,1.7580097,4.527932643890381,69.6008434161022,23.670000000000016,49.0,1011.0,,10.3,12.0,20.44460754189042,6.130776500885413,,84.4081065151984,4.057553993619972,,,,,,,,,,,,,,,,
356,2025-05-15 23:02:48.366185,40.8599443,1.7578565,4.320758819580078,67.99975145200283,23.670000000000016,49.0,1011.0,,10.0,10.0,18.07655109502628,5.596365836076291,,87.67739451112847,4.304446565181018,,,,,,,,,,,,,,,,
357,2025-05-15 23:02:53.366191,40.8597882,1.7577019,4.130741596221924,64.52901131582836,23.670000000000016,49.0,1011.0,,10.0,9.0,15.72473514634304,5.772148179362859,,83.72448659834586,4.159053711593976,,,,,,,,,,,,,,,,
358,2025-05-15 23:02:58.366266,40.8596427,1.7575498,4.159858703613281,67.51129047350936,23.670000000000016,49.0,1011.0,,10.9,10.0,16.060734622740615,6.841579670952981,,83.57202509624997,3.997495154825599,,,,,,,,,,,,,,,,
359,2025-05-15 23:03:03.365740,40.8594979,1.7574005,4.209787368774414,70.00922042657726,23.670000000000016,49.0,1011.0,,10.2,8.0,13.438775532839088,6.108123234092651,,80.95006600634845,4.045956853590934,,,,,,,,,,,,,,,,
360,2025-05-15 23:03:08.366105,40.8593485,1.7572607,4.170101165771484,68.09525798716712,23.670000000000016,49.0,1011.0,,9.7,9.0,15.776628593416735,5.581032737777396,,85.78584901999399,4.051200379409775,,,,,,,,,,,,,,,,
361,2025-05-15 23:03:13.366212,40.8593485,1.7572607,4.170101165771484,68.09525798716712,23.670000000000016,49.0,1011.0,,9.9,14.0,23.778303740522702,5.940064243330503,,91.87356172768982,3.8161113411560166,,,,,,,,,,,,,,,,
362,2025-05-15 23:03:18.366225,40.8590598,1.7569738,4.627481460571289,66.3696106933634,23.670000000000016,49.0,1011.0,,10.0,12.0,20.00326775077399,6.077978773990864,,86.64184446346331,3.824622522710555,,,,,,,,,,,,,,,,
363,2025-05-15 23:03:23.366062,40.8588879,1.7568198,3.8527660369873047,70.86291894074797,23.670000000000016,49.0,1011.0,,10.4,13.0,23.020687277959187,5.9823818775568895,,89.39029797132258,4.258966031098483,,,,,,,,,,,,,,,,
364,2025-05-15 23:03:28.366346,40.8587302,1.7567007,4.905590057373047,64.63071966275902,23.670000000000016,49.0,1011.0,,9.5,12.0,19.956230993246994,5.787132527052944,,90.81914993399496,3.6214213846514425,,,,,,,,,,,,,,,,
365,2025-05-15 23:03:33.371547,40.8585451,1.7565551,3.9833006858825684,65.79702910505205,23.670000000000016,49.0,1011.0,,9.6,16.0,31.47371971391813,5.0681497711619325,,96.10443937667715,4.1838783383419225,,,,,,,,,,,,,,,,
366,2025-05-15 23:03:38.365642,40.8584267,1.7564186,5.361902236938477,67.03657183562596,23.670000000000016,49.0,1011.0,,9.2,13.0,22.56272889021158,5.393740791202622,,88.35975799526364,3.678418880258878,,,,,,,,,,,,,,,,
367,2025-05-15 23:03:43.366451,40.8582101,1.7562125,5.312964916229248,65.25011536764163,23.670000000000016,49.0,1011.0,,9.3,11.0,25.22240301211944,4.1642478756922765,,92.2589748477454,4.850701163483272,,,,,,,,,,,,,,,,
368,2025-05-15 23:03:48.366043,40.8580277,1.7560636,4.364546775817871,66.34175035173891,23.670000000000016,49.0,1011.0,,9.6,12.0,26.08330522031363,4.539582535620032,,91.33342058795526,4.771869864823738,,,,,,,,,,,,,,,,
369,2025-05-15 23:03:53.368640,40.8580277,1.7560636,4.364546775817871,66.34175035173891,23.670000000000016,49.0,1011.0,,9.3,13.0,24.00777156591672,5.141920971646861,,90.34952191765564,3.9869710550903386,,,,,,,,,,,,,,,,
370,2025-05-15 23:03:58.366142,40.8577837,1.755816,4.172086238861084,66.9959322100644,23.670000000000016,49.0,1011.0,,9.6,10.0,18.28741203126121,5.312645829598371,,82.77807866508911,4.187105982828316,,,,,,,,,,,,,,,,
371,2025-05-15 23:04:03.368164,40.8576507,1.7557024,4.32777738571167,61.6894421306656,23.670000000000016,49.0,1011.0,,9.6,13.0,22.623813584873616,5.613849798364727,,89.61974579493801,3.8510459319290375,,,,,,,,,,,,,,,,
372,2025-05-15 23:04:08.366286,40.857491,1.7555732,4.299816608428955,65.70355796626043,23.670000000000016,49.0,1011.0,,9.4,16.0,28.825234060097543,5.373944218815684,,90.51467619076314,3.791541628781637,,,,,,,,,,,,,,,,
373,2025-05-15 23:04:13.367404,40.8573224,1.7554284,4.200407028198242,66.0387494997788,23.670000000000016,49.0,1011.0,,9.4,14.0,25.253421645902463,5.330390389291687,,90.9569796121629,3.888881714453041,,,,,,,,,,,,,,,,
374,2025-05-15 23:04:18.366188,40.8571597,1.7552707,4.150937080383301,64.76911295572181,23.670000000000016,49.0,1011.0,,10.0,12.0,20.431883296579336,5.9557583956862015,,86.47063279635813,3.9361504962689255,,,,,,,,,,,,,,,,
375,2025-05-15 23:04:23.369075,40.8569941,1.7551241,4.449682712554932,63.188750615753435,23.670000000000016,49.0,1011.0,,9.4,16.0,27.9417359525242,5.5295304026651255,,92.710848908246,3.667039687597593,,,,,,,,,,,,,,,,
376,2025-05-15 23:04:28.366099,40.8568312,1.7549693,4.09149694442749,66.3534368054088,23.670000000000016,49.0,1011.0,,9.4,14.0,25.958561678976103,5.195240475667803,,89.14731229472955,4.000758035385197,,,,,,,,,,,,,,,,
377,2025-05-15 23:04:33.366340,40.8566873,1.7548214,4.438641548156738,64.76376491760169,23.670000000000016,49.0,1011.0,,9.3,11.0,19.404978511340204,5.341040093811149,,85.75841531674901,3.859074519755881,,,,,,,,,,,,,,,,
378,2025-05-15 23:04:38.366785,40.8565259,1.7546601,4.489839553833008,63.24037318550039,23.670000000000016,49.0,1011.0,,9.8,13.0,23.33523958666908,5.565420156415799,,88.09900450427077,4.075573668705082,,,,,,,,,,,,,,,,
379,2025-05-15 23:04:43.365420,40.8563561,1.7545018,4.370509624481201,64.8608833774101,23.670000000000016,49.0,1011.0,,10.0,11.0,19.709067680427673,5.657887248076189,,82.94944086592807,4.226812109516379,,,,,,,,,,,,,,,,
380,2025-05-15 23:04:48.366143,40.8561836,1.7543417,4.589231491088867,65.99629987408717,23.670000000000016,49.0,1011.0,,9.6,13.0,24.381614921899804,5.231265411092911,,90.37791479598698,4.1799462542242285,,,,,,,,,,,,,,,,
381,2025-05-15 23:04:53.366147,40.8560061,1.7541827,3.79278302192688,65.45043798580893,23.670000000000016,49.0,1011.0,,9.6,12.0,22.574513774261536,5.1993544649471835,,88.5708136483487,4.237609473071353,,,,,,,,,,,,,,,,
382,2025-05-15 23:04:58.365824,40.8558636,1.7540655,4.168375492095947,64.32316307462251,23.670000000000016,49.0,1011.0,,10.1,12.0,19.034963529338707,6.438570529922199,,84.48540151514764,3.5853926166712693,,,,,,,,,,,,,,,,
383,2025-05-15 23:05:03.366153,40.8557187,1.7539253,4.199778079986572,65.40099424640721,23.670000000000016,49.0,1011.0,,10.0,12.0,20.32484939380368,5.98578520430538,,84.6480124684262,3.908845677519013,,,,,,,,,,,,,,,,
384,2025-05-15 23:05:08.366163,40.8555774,1.7537699,4.2697014808654785,64.5984948302549,23.670000000000016,49.0,1011.0,,10.4,11.0,18.27489097025272,6.328326501033002,,83.67588521665994,3.9879538268884023,,,,,,,,,,,,,,,,
385,2025-05-15 23:05:13.365744,40.8554266,1.7536225,4.21083927154541,63.84259096462041,23.670000000000016,49.0,1011.0,,11.1,11.0,17.725410432113954,6.956614756748101,,82.32390526236884,4.067004022006583,,,,,,,,,,,,,,,,
386,2025-05-15 23:05:18.365348,40.8552743,1.7534802,4.393816947937012,65.3052623150003,23.670000000000016,49.0,1011.0,,10.8,13.0,21.050490207827142,6.763740645557409,,84.89308117244755,3.929825809019068,,,,,,,,,,,,,,,,
387,2025-05-15 23:05:23.365859,40.8551159,1.753337,4.380012035369873,64.80206861846713,23.670000000000016,49.0,1011.0,,10.3,15.0,25.635397768881376,6.161748233448017,,90.94066008388168,3.9613133713112147,,,,,,,,,,,,,,,,
388,2025-05-15 23:05:28.365848,40.8549542,1.7531993,4.240554332733154,64.7949242405953,23.670000000000016,49.0,1011.0,,9.9,12.0,21.2110401847395,5.689059659649977,,86.01310880320663,4.083284192682982,,,,,,,,,,,,,,,,
389,2025-05-15 23:05:33.366021,40.8548046,1.753062,3.8714284896850586,65.78646963259521,23.670000000000016,49.0,1011.0,,10.5,12.0,19.902057062391147,6.4130064771238215,,84.69698130298644,3.9872910668291057,,,,,,,,,,,,,,,,
390,2025-05-15 23:05:38.366501,40.8546782,1.7529356,3.969564199447632,67.71488475228911,23.670000000000016,49.0,1011.0,,10.5,13.0,20.375659089134867,6.783927620215488,,86.16212872173008,3.6291931643109265,,,,,,,,,,,,,,,,
391,2025-05-15 23:05:43.366331,40.8545435,1.7528062,4.488107204437256,62.64891978451231,23.670000000000016,49.0,1011.0,,10.0,12.0,21.443790096958015,5.687044962139249,,84.09270988147033,4.177425502735246,,,,,,,,,,,,,,,,
392,2025-05-15 23:05:48.366194,40.8543779,1.7526751,4.379992485046387,63.28289111308372,23.670000000000016,49.0,1011.0,,9.9,14.0,25.07855420797704,5.650507918386524,,87.72747399248935,4.065002177613721,,,,,,,,,,,,,,,,
393,2025-05-15 23:05:53.366141,40.8542104,1.7525427,4.399908065795898,67.00520077676809,23.670000000000016,49.0,1011.0,,10.4,13.0,22.127818450146215,6.210915881869775,,85.41070956322994,4.057387887541489,,,,,,,,,,,,,,,,
394,2025-05-15 23:05:58.366188,40.8542104,1.7525427,4.399908065795898,67.00520077676809,23.670000000000016,49.0,1011.0,,10.0,15.0,26.202362039300272,5.861697220640027,,93.20756281606836,3.947774250700023,,,,,,,,,,,,,,,,
395,2025-05-15 23:06:03.366221,40.8538992,1.7522313,4.1602091789245605,65.47463051584911,23.670000000000016,49.0,1011.0,,10.6,11.0,18.05430505465199,6.526157232975876,,84.79949419009604,3.9936028640688517,,,,,,,,,,,,,,,,
396,2025-05-15 23:06:08.369144,40.8538992,1.7522313,4.1602091789245605,65.47463051584911,23.670000000000016,49.0,1011.0,,10.2,15.0,24.881008914041814,6.2746226375114755,,90.35563942989093,3.7740732057158484,,,,,,,,,,,,,,,,
397,2025-05-15 23:06:13.365783,40.8535481,1.7519546,5.9430365562438965,64.42310923274731,23.670000000000016,49.0,1011.0,,9.6,14.0,34.558525442406875,4.094243086779572,,98.98163467515418,4.894371094735157,,,,,,,,,,,,,,,,
398,2025-05-15 23:06:18.365779,40.8533723,1.7517908,4.573833465576172,211.94776916503906,23.670000000000016,49.0,1011.0,,9.9,13.0,31.021504235507255,4.321283212790995,,95.44461346825456,5.093027431725566,,,,,,,,,,,,,,,,
399,2025-05-15 23:06:23.369199,40.8532286,1.7516741,4.300705909729004,65.26895302937251,23.670000000000016,49.0,1011.0,,10.4,14.0,24.514063216960867,6.063839908211082,,236.46183238199993,4.1615456345096185,,,,,,,,,,,,,,,,
400,2025-05-15 23:06:28.368957,40.8530752,1.7515232,4.568902969360352,65.70801807978845,23.670000000000016,49.0,1011.0,,9.7,15.0,26.349038884845406,5.656439770566058,,91.61799191421792,3.8538921625976736,,,,,,,,,,,,,,,,
401,2025-05-15 23:06:33.366161,40.8528955,1.7513803,4.987865447998047,64.13465668371933,23.670000000000016,49.0,1011.0,,10.0,14.0,25.230293574509258,5.675485340006496,,90.9383116542977,4.133037881469342,,,,,,,,,,,,,,,,
402,2025-05-15 23:06:38.365758,40.8528955,1.7513803,4.987865447998047,64.13465668371933,23.670000000000016,49.0,1011.0,,9.6,18.0,35.60899750866314,5.09499328186707,,99.74365419238246,4.055181179282539,,,,,,,,,,,,,,,,
403,2025-05-15 23:06:43.365267,40.8525715,1.7511195,4.319869041442871,65.87039899711633,23.670000000000016,49.0,1011.0,,9.0,13.0,24.42756028023629,4.895651107050994,,88.02617005751468,3.925932753924413,,,,,,,,,,,,,,,,
404,2025-05-15 23:06:48.366163,40.8524166,1.750994,4.319515705108643,67.86055219671796,23.670000000000016,49.0,1011.0,,9.2,12.0,22.234492290416384,5.0549608335949845,,88.10489128753271,3.998656346349366,,,,,,,,,,,,,,,,
405,2025-05-15 23:06:53.366220,40.8522538,1.7508855,4.210267066955566,64.90888594689696,23.670000000000016,49.0,1011.0,,8.9,15.0,28.304585538947,4.8580562267992775,,96.16513773566496,3.8030718507061936,,,,,,,,,,,,,,,,
406,2025-05-15 23:06:58.369169,40.8522538,1.7508855,4.210267066955566,64.90888594689696,23.670000000000016,49.0,1011.0,,9.1,14.0,25.48117258731382,5.117189990505045,,90.39005853421078,3.800720502674289,,,,,,,,,,,,,,,,
407,2025-05-15 23:07:03.366398,40.8519433,1.7506323,4.07096004486084,67.22776249087296,23.670000000000016,49.0,1011.0,,9.3,14.0,25.466370582883133,5.2324923463271595,,92.6601255618786,3.8818941025635714,,,,,,,,,,,,,,,,
408,2025-05-15 23:07:08.366019,40.851798,1.7504861,4.528264045715332,66.98249039777781,23.670000000000016,49.0,1011.0,,9.2,14.0,24.624778604619557,5.3415418404115504,,91.85254109549251,3.700730637470145,,,,,,,,,,,,,,,,
409,2025-05-15 23:07:13.366250,40.8516371,1.7503348,4.2111005783081055,66.17928064195182,23.670000000000016,49.0,1011.0,,8.6,17.0,34.22784863140472,4.470155214880754,,101.21033902918253,3.74400165968836,,,,,,,,,,,,,,,,
410,2025-05-15 23:07:18.365403,40.8514908,1.7501903,4.708220958709717,63.734448579491605,23.670000000000016,49.0,1011.0,,8.5,17.0,32.39003990833895,4.639261190723848,,98.56932055029077,3.5559420096445127,,,,,,,,,,,,,,,,
411,2025-05-15 23:07:23.366213,40.8513184,1.7500478,4.201728820800781,66.97484741609657,23.670000000000016,49.0,1011.0,,8.8,14.0,29.065153199039234,4.382247268592801,,92.79960177853084,4.115304553827655,,,,,,,,,,,,,,,,
412,2025-05-15 23:07:28.366344,40.8511654,1.7499213,4.3394293785095215,66.65147894003148,23.670000000000016,49.0,1011.0,,9.2,15.0,26.942841632444924,5.255192749555007,,93.91768904854149,3.745668899091298,,,,,,,,,,,,,,,,
413,2025-05-15 23:07:33.366114,40.8510068,1.749781,4.539254188537598,66.73415837993448,23.670000000000016,49.0,1011.0,,9.0,15.0,28.14712160374147,4.937858137491793,,94.79860054377295,3.8262449660136033,,,,,,,,,,,,,,,,
414,2025-05-15 23:07:38.366158,40.8508404,1.7496438,4.310723781585693,65.91702869858001,23.670000000000016,49.0,1011.0,,9.1,16.0,30.79691621282051,4.899055533468113,,97.53107459275499,3.8991624029207395,,,,,,,,,,,,,,,,
415,2025-05-15 23:07:43.365859,40.8506827,1.7495143,4.638794422149658,64.76974816331463,23.670000000000016,49.0,1011.0,,8.7,14.0,26.99942497110399,4.636136550498225,,92.916453669684,3.840902654191523,,,,,,,,,,,,,,,,
416,2025-05-15 23:07:48.366174,40.8505171,1.7493719,4.580159664154053,66.36027382476799,23.670000000000016,49.0,1011.0,,9.2,15.0,29.27356962862,4.869595170369528,,94.04331779193463,4.046396857128933,,,,,,,,,,,,,,,,
417,2025-05-15 23:07:53.365725,40.8505171,1.7493719,4.580159664154053,66.36027382476799,23.670000000000016,49.0,1011.0,,9.3,16.0,30.455507017381315,5.057375454273676,,96.81578084214931,3.948203107168927,,,,,,,,,,,,,,,,
418,2025-05-15 23:07:58.366194,40.8502283,1.7491274,4.757542610168457,61.62016352191416,23.670000000000016,49.0,1011.0,,10.0,14.0,23.773491351600235,6.001208929292011,,87.06771374851701,3.8536564975531227,,,,,,,,,,,,,,,,
419,2025-05-15 23:08:03.366318,40.8500731,1.7490015,4.00260066986084,65.48075036534544,23.670000000000016,49.0,1011.0,,9.2,19.0,37.233852796488115,4.95021871280139,,98.85401631840227,3.787824860231288,,,,,,,,,,,,,,,,
420,2025-05-15 23:08:08.366129,40.8500731,1.7490015,4.00260066986084,65.48075036534544,23.670000000000016,49.0,1011.0,,10.5,16.0,25.416427886471578,6.743317525729493,,90.89717825181702,3.6151980415266385,,,,,,,,,,,,,,,,
421,2025-05-15 23:08:13.365985,40.8497783,1.7487337,4.14962911605835,64.29511831789044,23.670000000000016,49.0,1011.0,,9.9,19.0,33.53866906252791,5.833713600286755,,98.56918701816446,3.749272934110793,,,,,,,,,,,,,,,,
422,2025-05-15 23:08:18.366139,40.8496295,1.7485976,4.317690849304199,64.77379846549245,23.670000000000016,49.0,1011.0,,9.7,18.0,30.56446020057389,5.894633548131095,,94.85957851846433,3.5730697411854915,,,,,,,,,,,,,,,,
423,2025-05-15 23:08:23.365634,40.8494759,1.7484497,4.618814468383789,65.3489482049317,23.670000000000016,49.0,1011.0,,9.3,17.0,30.719071139455355,5.322830826014133,,95.4928696049478,3.7118423465900663,,,,,,,,,,,,,,,,
424,2025-05-15 23:08:28.366511,40.8493122,1.7482962,4.7693610191345215,61.882073955827465,23.670000000000016,49.0,1011.0,,9.5,18.0,33.61377144966304,5.302935860141189,,98.96271965459474,3.8464942105476445,,,,,,,,,,,,,,,,
425,2025-05-15 23:08:33.368884,40.8491488,1.7481516,3.9421589374542236,65.78737121756565,23.670000000000016,49.0,1011.0,,9.2,15.0,30.0427091753235,4.756131120828943,,91.92478313115096,4.128609076677196,,,,,,,,,,,,,,,,
426,2025-05-15 23:08:38.366127,40.8490126,1.7480303,4.377955436706543,65.32629246745478,23.670000000000016,49.0,1011.0,,9.3,17.0,28.772982391958234,5.648927132833856,,94.56035360952389,3.4554353633695087,,,,,,,,,,,,,,,,
427,2025-05-15 23:08:43.366048,40.8488565,1.7478976,4.269939422607422,63.412944745069936,23.670000000000016,49.0,1011.0,,9.7,15.0,26.70063361006454,5.587321136844842,,92.02692607751932,3.9111183729685233,,,,,,,,,,,,,,,,
428,2025-05-15 23:08:48.366046,40.8487005,1.7477626,4.299736499786377,66.28566083827477,23.670000000000016,49.0,1011.0,,9.7,18.0,31.169731489903292,5.791362590862682,,94.58267623497323,3.6535216026005717,,,,,,,,,,,,,,,,
429,2025-05-15 23:08:53.366043,40.8485553,1.7476211,3.9606618881225586,65.8236190314909,23.670000000000016,49.0,1011.0,,9.6,16.0,28.232015845195207,5.593820838214464,,94.51767668346997,3.78823667115253,,,,,,,,,,,,,,,,
430,2025-05-15 23:08:58.365301,40.8484123,1.7474861,4.239010810852051,64.42537002536258,23.670000000000016,49.0,1011.0,,9.5,15.0,25.240370148209227,5.7661456849645125,,91.06398917970013,3.5825249312958376,,,,,,,,,,,,,,,,
431,2025-05-15 23:09:03.365640,40.8482496,1.7473626,4.339602947235107,65.27006635020723,23.670000000000016,49.0,1011.0,,10.3,16.0,26.630364347276004,6.333905509164631,,91.05573437263858,3.78932305486701,,,,,,,,,,,,,,,,
432,2025-05-15 23:09:08.365791,40.8480918,1.7472367,4.4391889572143555,66.82010948044993,23.670000000000016,49.0,1011.0,,10.5,18.0,29.88323906923757,6.512356935589293,,95.15330541944479,3.7626203453324547,,,,,,,,,,,,,,,,
433,2025-05-15 23:09:13.366817,40.8479284,1.7471051,4.419746398925781,64.99097116034217,23.670000000000016,49.0,1011.0,,10.0,16.0,28.048441894302524,5.86190689842506,,94.86855137475246,3.9178077810041168,,,,,,,,,,,,,,,,
434,2025-05-15 23:09:18.366251,40.8477562,1.7469836,4.210770130157471,60.83273833326007,23.670000000000016,49.0,1011.0,,9.6,15.0,27.11108418901198,5.452204337449529,,92.10205534935415,3.9341252617053333,,,,,,,,,,,,,,,,
435,2025-05-15 23:09:23.365911,40.8475932,1.7468514,4.33955192565918,65.13687766139198,23.670000000000016,49.0,1011.0,,9.5,16.0,28.01722385292568,5.5745131083455375,,88.84996218618575,3.7172949197851697,,,,,,,,,,,,,,,,
436,2025-05-15 23:09:28.365566,40.8474313,1.7467051,3.9413626194000244,65.43377915442326,23.670000000000016,49.0,1011.0,,9.7,16.0,28.208184995846732,5.656472139793884,,93.34506265723871,3.824169106384013,,,,,,,,,,,,,,,,
437,2025-05-15 23:09:33.365851,40.847296,1.7465757,4.009692668914795,65.40420443531711,23.670000000000016,49.0,1011.0,,9.7,13.0,21.60405590510337,5.92635062512756,,87.03783505952663,3.6644835682086767,,,,,,,,,,,,,,,,
438,2025-05-15 23:09:38.366515,40.847296,1.7465757,4.009692668914795,65.40420443531711,23.670000000000016,49.0,1011.0,,10.0,14.0,23.021924602892444,6.185942296254035,,88.42612903820955,3.6903417799349714,,,,,,,,,,,,,,,,
439,2025-05-15 23:09:43.365857,40.8471288,1.746416,4.394734859466553,61.240869456925004,23.670000000000016,49.0,1011.0,,9.8,10.0,17.939347933716867,5.524988943799907,,79.18021739064187,4.181076483213999,,,,,,,,,,,,,,,,
440,2025-05-15 23:09:48.366097,40.8469825,1.746285,4.040693759918213,64.23864631383277,23.670000000000016,49.0,1011.0,,9.8,12.0,20.1755666289174,5.907644699267757,,84.41421294275017,3.792757547802939,,,,,,,,,,,,,,,,
441,2025-05-15 23:09:53.366621,40.8468438,1.7461632,4.189152717590332,65.54390912460055,23.670000000000016,49.0,1011.0,,10.2,12.0,20.122775958708242,6.16423255750441,,85.66668508330879,3.933436647086904,,,,,,,,,,,,,,,,
442,2025-05-15 23:09:58.365673,40.8465575,1.745915,4.299827575683594,62.41991037183095,23.670000000000016,49.0,1011.0,,10.1,13.0,22.149560676853255,6.02613151238455,,86.39692231206696,3.94536246187192,,,,,,,,,,,,,,,,
443,2025-05-15 23:10:03.365984,40.8465575,1.745915,4.299827575683594,62.41991037183095,23.670000000000016,49.0,1011.0,,9.9,14.0,24.29309938450907,5.821584976318867,,86.71300975634003,3.9190900217472024,,,,,,,,,,,,,,,,
444,2025-05-15 23:10:08.366157,40.8462215,1.7456365,4.101412773132324,65.44514458920217,23.670000000000016,49.0,1011.0,,9.8,14.0,23.674360502296548,5.904384332046574,,89.11950509149872,3.7562475974946463,,,,,,,,,,,,,,,,
445,2025-05-15 23:10:13.365486,40.8460787,1.7454834,4.1599040031433105,64.77780778653523,23.670000000000016,49.0,1011.0,,9.7,11.0,18.85305365501356,5.727657140915258,,84.29819824421574,3.8813738188774116,,,,,,,,,,,,,,,,
446,2025-05-15 23:10:18.366400,40.8459333,1.7453225,4.708095550537109,63.83199734121772,23.670000000000016,49.0,1011.0,,10.9,11.0,17.641868442441048,6.8625833025887815,,82.41967622897629,3.964261466898095,,,,,,,,,,,,,,,,
447,2025-05-15 23:10:23.366372,40.8457677,1.7451562,4.132056713104248,64.05003063990287,23.670000000000016,49.0,1011.0,,10.8,11.0,19.27289438642934,6.24337415985787,,83.10489172764706,4.444240723536507,,,,,,,,,,,,,,,,
448,2025-05-15 23:10:28.366400,40.8457677,1.7451562,4.132056713104248,64.05003063990287,23.670000000000016,49.0,1011.0,,9.9,13.0,21.992239267365996,5.946938355900924,,86.04226990726886,3.831385898391492,,,,,,,,,,,,,,,,
449,2025-05-15 23:10:33.366189,40.8455814,1.7449932,4.58568811416626,62.63038948129406,23.670000000000016,49.0,1011.0,,10.2,13.0,23.202266489830645,5.823927205310044,,85.83265597112471,4.214796536440423,,,,,,,,,,,,,,,,
450,2025-05-15 23:10:38.365466,40.8452735,1.7447454,4.509300231933594,63.18957023845383,23.670000000000016,49.0,1011.0,,9.9,12.0,21.068365804474457,5.725815874544582,,86.52322292267638,4.050443813749063,,,,,,,,,,,,,,,,
451,2025-05-15 23:10:43.365363,40.8451011,1.7446001,4.231480121612549,66.63917093914712,23.670000000000016,49.0,1011.0,,9.7,12.0,22.05147828552209,5.37168700189653,,85.24104852397592,4.179430982863172,,,,,,,,,,,,,,,,
452,2025-05-15 23:10:48.366120,40.8449516,1.7444623,4.03035831451416,66.01599130946433,23.670000000000016,49.0,1011.0,,9.7,12.0,20.989951054352975,5.63014997371694,,87.62912199350009,3.950692917730927,,,,,,,,,,,,,,,,
453,2025-05-15 23:10:53.366184,40.8448133,1.7443266,4.687675476074219,65.36497182872456,23.670000000000016,49.0,1011.0,,9.6,12.0,20.42477561991257,5.719432671772058,,86.44076692937689,3.7769744176660507,,,,,,,,,,,,,,,,
454,2025-05-15 23:10:58.366040,40.8448133,1.7443266,4.687675476074219,65.36497182872456,23.670000000000016,49.0,1011.0,,10.2,13.0,23.604025127413287,5.730329480908573,,88.96899695613786,4.295479242097342,,,,,,,,,,,,,,,,
455,2025-05-15 23:11:03.366380,40.8444983,1.7440279,4.210962772369385,64.72042053712879,23.670000000000016,49.0,1011.0,,10.0,12.0,20.467392268655637,5.945867877680356,,85.18781280578443,3.9451303557379633,,,,,,,,,,,,,,,,
456,2025-05-15 23:11:08.366498,40.8443377,1.743895,4.508956432342529,63.99527301332688,23.670000000000016,49.0,1011.0,,9.9,12.0,20.61168245874524,5.846976436188673,,85.33210299587402,3.9414096830547147,,,,,,,,,,,,,,,,
457,2025-05-15 23:11:13.366318,40.8441612,1.7437579,4.470609188079834,63.386532403549495,23.670000000000016,49.0,1011.0,,9.6,10.0,18.62892263816054,5.218615454266721,,82.62419565148741,4.272719941001254,,,,,,,,,,,,,,,,
458,2025-05-15 23:11:18.366829,40.8439946,1.7436237,4.1012282371521,63.986052257947364,23.670000000000016,49.0,1011.0,,10.3,10.0,17.499213318391973,5.9481863098684125,,80.88574572194148,4.263714220450527,,,,,,,,,,,,,,,,
459,2025-05-15 23:11:23.365850,40.8438427,1.7435026,4.099959850311279,65.30809684350587,23.670000000000016,49.0,1011.0,,9.8,11.0,18.718116572893056,5.826910110875703,,82.70416883084042,3.8843095779074726,,,,,,,,,,,,,,,,
460,2025-05-15 23:11:28.365349,40.8436947,1.7433672,4.060102939605713,65.07106195854973,23.670000000000016,49.0,1011.0,,10.0,11.0,18.45887452618912,6.026361254685379,,83.76697136969499,3.889021689283834,,,,,,,,,,,,,,,,
461,2025-05-15 23:11:33.366662,40.843546,1.7432202,4.488729953765869,64.50688833310669,23.670000000000016,49.0,1011.0,,10.2,14.0,24.525479847001936,5.944630231620386,,89.03236818010862,4.083742211013481,,,,,,,,,,,,,,,,
462,2025-05-15 23:11:38.366227,40.8433841,1.7430768,3.961688280105591,65.64785777357898,23.670000000000016,49.0,1011.0,,10.1,14.0,24.70450455605416,5.846341393453195,,89.21139288916085,4.077900391410195,,,,,,,,,,,,,,,,
463,2025-05-15 23:11:43.368915,40.8432488,1.7429588,4.109412670135498,64.17230468642444,23.670000000000016,49.0,1011.0,,10.2,12.0,19.419796395425827,6.378292087502685,,85.06765416900481,3.7362992603585874,,,,,,,,,,,,,,,,
464,2025-05-15 23:11:48.365905,40.843105,1.742828,4.6577887535095215,61.571402801429436,23.670000000000016,49.0,1011.0,,9.8,11.0,18.743977114181373,5.819159154662192,,82.91628180060582,3.8914655051972162,,,,,,,,,,,,,,,,
465,2025-05-15 23:11:53.365968,40.8429433,1.7426666,4.091828346252441,64.3062446960484,23.670000000000016,49.0,1011.0,,10.1,11.0,20.13374825066823,5.598777773518458,,81.70515105209766,4.373159049288573,,,,,,,,,,,,,,,,
466,2025-05-15 23:11:58.366163,40.8427879,1.7425194,4.52876091003418,64.40326070301926,23.670000000000016,49.0,1011.0,,10.0,13.0,23.33338077174959,5.679427273424383,,87.73664147476885,4.158379726654189,,,,,,,,,,,,,,,,
467,2025-05-15 23:12:03.366492,40.8427879,1.7425194,4.52876091003418,64.40326070301926,23.670000000000016,49.0,1011.0,,9.9,11.0,20.002347366455865,5.522471368063753,,84.40560806947512,4.255579746458891,,,,,,,,,,,,,,,,
468,2025-05-15 23:12:08.366013,40.8424509,1.7421901,4.4298224449157715,64.79885842955721,23.670000000000016,49.0,1011.0,,9.6,10.0,18.190204918527467,5.340068236408959,,83.85773363691608,4.162017521442845,,,,,,,,,,,,,,,,
469,2025-05-15 23:12:13.369013,40.8422972,1.7420392,4.021137237548828,63.54667984901878,23.670000000000016,49.0,1011.0,,9.2,11.0,20.88299355043063,4.924646069069607,,85.68185197998784,4.138828824364548,,,,,,,,,,,,,,,,
470,2025-05-15 23:12:18.366047,40.842164,1.7419091,4.019427299499512,66.27206876182645,23.670000000000016,49.0,1011.0,,9.1,12.0,21.19149657492504,5.233938115285696,,84.73817642394383,3.749217726470532,,,,,,,,,,,,,,,,
471,2025-05-15 23:12:23.368854,40.8420292,1.7417775,4.258594989776611,64.16283121404564,23.670000000000016,49.0,1011.0,,9.1,11.0,20.378867779857163,4.986302625316802,,84.5416989939028,3.992051609510857,,,,,,,,,,,,,,,,
472,2025-05-15 23:12:28.366182,40.8418788,1.7416353,4.269735336303711,64.83661571528906,23.670000000000016,49.0,1011.0,,10.0,10.0,17.29083954929482,5.8423685772158285,,82.12745526458387,4.076778872840423,,,,,,,,,,,,,,,,
473,2025-05-15 23:12:33.366238,40.8417255,1.7414922,4.499081611633301,60.66688084964465,23.670000000000016,49.0,1011.0,,10.1,10.0,17.168461446832243,5.941573604655461,,82.0050771621213,4.079480158286451,,,,,,,,,,,,,,,,
474,2025-05-15 23:12:38.366542,40.8415634,1.7413519,4.200730800628662,63.58275690821479,23.670000000000016,49.0,1011.0,,9.4,10.0,18.934777076382286,5.0303084239238816,,79.60165792602693,4.255629894226879,,,,,,,,,,,,,,,,
475,2025-05-15 23:12:43.365283,40.8414112,1.7412153,4.050408840179443,64.17865676235255,23.670000000000016,49.0,1011.0,,9.3,12.0,21.550397604977853,5.264024395424929,,85.13315451319264,3.9070780086782317,,,,,,,,,,,,,,,,
476,2025-05-15 23:12:48.365991,40.8412703,1.741071,4.378688335418701,61.64356375001062,23.670000000000016,49.0,1011.0,,9.9,12.0,20.071723046574178,5.99751928134924,,84.25037980892672,3.804402166671668,,,,,,,,,,,,,,,,
477,2025-05-15 23:12:53.366166,40.8411142,1.740922,4.49941873550415,64.25221106952442,23.670000000000016,49.0,1011.0,,9.8,14.0,25.326773324158122,5.542178296446587,,89.57898439368255,4.066946998249201,,,,,,,,,,,,,,,,
478,2025-05-15 23:12:58.365613,40.8409484,1.7407792,4.370366096496582,62.2463142838859,23.670000000000016,49.0,1011.0,,10.4,15.0,25.888489912648733,6.164883612139702,,90.14070098217316,4.047881860501423,,,,,,,,,,,,,,,,
479,2025-05-15 23:13:03.366414,40.8407863,1.7406545,4.449303150177002,63.014423697567196,23.670000000000016,49.0,1011.0,,10.2,12.0,20.718677761470516,5.994405086447709,,82.96499204535641,4.087729068640958,,,,,,,,,,,,,,,,
480,2025-05-15 23:13:08.366060,40.8407863,1.7406545,4.449303150177002,63.014423697567196,23.670000000000016,49.0,1011.0,,9.7,15.0,27.033171687440674,5.523674517956018,,90.04759538500787,3.963188015077843,,,,,,,,,,,,,,,,
481,2025-05-15 23:13:13.365831,40.8404721,1.7403705,4.408249378204346,63.659938045835936,23.670000000000016,49.0,1011.0,,9.8,15.0,24.89680373400188,6.024977989958425,,90.82955552805126,3.6291873843878872,,,,,,,,,,,,,,,,
482,2025-05-15 23:13:18.366103,40.8404721,1.7403705,4.408249378204346,63.659938045835936,23.670000000000016,49.0,1011.0,,9.7,13.0,23.39678049143701,5.494952017549238,,87.05671853727294,4.045789626769397,,,,,,,,,,,,,,,,
483,2025-05-15 23:13:23.366232,40.8401695,1.7400726,4.32028865814209,61.54254525218613,23.670000000000016,49.0,1011.0,,10.4,12.0,20.63222610350363,6.136428642658322,,81.84421752061782,4.1457613872368535,,,,,,,,,,,,,,,,
484,2025-05-15 23:13:28.365582,40.840022,1.7399369,4.040886878967285,64.26042778709595,23.670000000000016,49.0,1011.0,,9.8,10.0,17.704566242780416,5.5958627824675995,,79.24711149496655,4.115667897936837,,,,,,,,,,,,,,,,
485,2025-05-15 23:13:33.365289,40.8398756,1.7397975,4.418740272521973,64.490871539503,23.670000000000016,49.0,1011.0,,10.4,12.0,19.4242452890196,6.501924608470925,,83.68467307611554,3.8108877448830114,,,,,,,,,,,,,,,,
486,2025-05-15 23:13:38.366701,40.8397141,1.7396394,4.280506610870361,62.39250765288086,23.670000000000016,49.0,1011.0,,10.0,13.0,22.901453717928575,5.7806142133756255,,87.39232525743158,4.0704354228675985,,,,,,,,,,,,,,,,
487,2025-05-15 23:13:43.365624,40.8395537,1.7395045,3.941047430038452,62.97034165666393,23.670000000000016,49.0,1011.0,,9.4,13.0,23.433557816603525,5.31711799523521,,85.82606546948438,3.9274583916012467,,,,,,,,,,,,,,,,
488,2025-05-15 23:13:48.365662,40.8393911,1.7393948,3.950530529022217,63.037837586042,23.670000000000016,49.0,1011.0,,9.3,13.0,22.259929154078925,5.5226902749699125,,85.29776674012092,3.656116734360616,,,,,,,,,,,,,,,,
489,2025-05-15 23:13:53.366199,40.8392255,1.7392708,4.4590606689453125,62.94356048492832,23.670000000000016,49.0,1011.0,,9.2,14.0,24.09735206648602,5.451249976492304,,87.13518965252803,3.606253831928962,,,,,,,,,,,,,,,,
490,2025-05-15 23:13:58.366342,40.8390622,1.7391156,4.3008270263671875,63.323646851861184,23.670000000000016,49.0,1011.0,,9.2,14.0,26.481388763638442,4.991356915722155,,89.42494924856676,3.9912126865779363,,,,,,,,,,,,,,,,
491,2025-05-15 23:14:03.366020,40.8389047,1.7389697,4.270218849182129,65.26870031237323,23.670000000000016,49.0,1011.0,,9.0,13.0,24.374009237395466,4.905748175469635,,87.69765608925665,3.9174984480798716,,,,,,,,,,,,,,,,
492,2025-05-15 23:14:08.370520,40.838749,1.7388335,4.528805255889893,58.25561233676587,23.670000000000016,49.0,1011.0,,9.7,13.0,22.83815933854516,5.621900455846822,,88.10685965091838,3.9354544421556894,,,,,,,,,,,,,,,,
493,2025-05-15 23:14:13.365393,40.8386001,1.7386937,3.7817211151123047,61.566655819956274,23.670000000000016,49.0,1011.0,,8.8,15.0,29.834737323035736,4.578105915023817,,88.0903496598016,3.92857546906065,,,,,,,,,,,,,,,,
494,2025-05-15 23:14:18.366514,40.8384735,1.7385675,4.326685905456543,58.00151563926306,23.670000000000016,49.0,1011.0,,8.8,17.0,29.040991390646116,5.3001324287030975,,90.6076472106024,3.3062552792005753,,,,,,,,,,,,,,,,
495,2025-05-15 23:14:23.366136,40.8384735,1.7385675,4.326685905456543,58.00151563926306,23.670000000000016,49.0,1011.0,,8.4,12.0,24.179573790025017,4.263836532234554,,82.18108942928808,3.947089299441993,,,,,,,,,,,,,,,,
496,2025-05-15 23:14:28.369094,40.8381785,1.7382566,4.200207233428955,64.22048484082971,23.670000000000016,49.0,1011.0,,8.4,11.0,21.85648727402379,4.305314489467671,,82.23728565028244,3.944342614755372,,,,,,,,,,,,,,,,
497,2025-05-15 23:14:33.366054,40.8380178,1.7381344,3.9111058712005615,60.619431525480564,23.670000000000016,49.0,1011.0,,8.8,14.0,26.137848645270903,4.832591618347574,,90.35833348610062,3.770680446922329,,,,,,,,,,,,,,,,
498,2025-05-15 23:14:38.366104,40.8378799,1.7380065,4.049391269683838,61.335419765605494,23.670000000000016,49.0,1011.0,,9.1,12.0,20.764461102719412,5.336677106267553,,81.38389262819997,3.657062957946117,,,,,,,,,,,,,,,,
499,2025-05-15 23:14:43.366040,40.8377464,1.7378624,3.8900399208068848,62.368608820974984,23.670000000000016,49.0,1011.0,,9.3,14.0,23.66567072601685,5.6050792265333085,,86.03427954699183,3.5629002432064194,,,,,,,,,,,,,,,,
500,2025-05-15 23:14:48.365662,40.8375993,1.7377347,4.3783345222473145,62.408066823810145,23.670000000000016,49.0,1011.0,,9.4,13.0,21.866290957165152,5.677503653189545,,84.23489977814013,3.6101730784020294,,,,,,,,,,,,,,,,
501,2025-05-15 23:14:53.366240,40.8374284,1.7376029,4.290301322937012,61.465370944754156,23.670000000000016,49.0,1011.0,,8.8,12.0,23.393307312596914,4.608149607524636,,85.80137413640706,4.018439846819793,,,,,,,,,,,,,,,,
502,2025-05-15 23:14:58.366136,40.8372659,1.7374643,4.28004264831543,61.963291735248085,23.670000000000016,49.0,1011.0,,9.4,10.0,18.19231710651611,5.22823026812719,,79.65768805127027,4.075845997225958,,,,,,,,,,,,,,,,
503,2025-05-15 23:15:03.366144,40.8371104,1.7373124,4.200307846069336,59.30424444984876,23.670000000000016,49.0,1011.0,,9.9,9.0,15.731508030450403,5.712028562233866,,77.69479976569849,4.119724203061387,,,,,,,,,,,,,,,,
504,2025-05-15 23:15:08.365830,40.8369729,1.7371572,4.100320816040039,62.27493277650826,23.670000000000016,49.0,1011.0,,9.8,11.0,19.03587841915984,5.7331591060224705,,78.3401228690086,3.970611997794918,,,,,,,,,,,,,,,,
505,2025-05-15 23:15:13.365826,40.8369729,1.7371572,4.100320816040039,62.27493277650826,23.670000000000016,49.0,1011.0,,9.9,14.0,23.509808341727673,6.003987030632309,,85.78474111823593,3.7599605654705157,,,,,,,,,,,,,,,,
506,2025-05-15 23:15:18.366335,40.8366966,1.7368878,3.9702916145324707,59.657501833721824,23.670000000000016,49.0,1011.0,,9.6,13.0,22.22957921297158,5.708229593927174,,84.32608012760242,3.767484909661335,,,,,,,,,,,,,,,,
507,2025-05-15 23:15:23.366124,40.8365478,1.7367648,4.009852886199951,60.533316500425045,23.670000000000016,49.0,1011.0,,9.7,10.0,16.790390257507706,5.830927937167008,,76.44789209122953,3.8010299874049696,,,,,,,,,,,,,,,,
508,2025-05-15 23:15:28.365909,40.8365478,1.7367648,4.009852886199951,60.533316500425045,23.670000000000016,49.0,1011.0,,10.2,10.0,16.35595226673254,6.289726724532394,,76.88926876715759,3.847577142974776,,,,,,,,,,,,,,,,
509,2025-05-15 23:15:33.369803,40.8362428,1.7364439,4.3802971839904785,57.77707562313644,23.670000000000016,49.0,1011.0,,9.7,10.0,18.227782016727897,5.384947230405054,,79.64681012796352,4.215210238369553,,,,,,,,,,,,,,,,
510,2025-05-15 23:15:38.365457,40.8360851,1.7362857,4.031158924102783,61.90868437283383,23.670000000000016,49.0,1011.0,,9.5,11.0,20.130785430688032,5.266920016458678,,77.90786105382448,4.112702488814404,,,,,,,,,,,,,,,,
511,2025-05-15 23:15:43.365967,40.8359286,1.7361523,3.9204185009002686,59.353196415630244,23.670000000000016,49.0,1011.0,,9.4,13.0,22.4092057242348,5.546786396560307,,84.31789009706863,3.7267451316673856,,,,,,,,,,,,,,,,
512,2025-05-15 23:15:48.365862,40.8357733,1.7360017,4.349982738494873,61.896198787031054,23.670000000000016,49.0,1011.0,,9.4,15.0,25.246571300939387,5.704139882614864,,84.59976771656963,3.5459427547223004,,,,,,,,,,,,,,,,
513,2025-05-15 23:15:53.365779,40.8357733,1.7360017,4.349982738494873,61.896198787031054,23.670000000000016,49.0,1011.0,,9.5,14.0,25.273507519890796,5.383096346436748,,87.16970630692185,3.9336026307432532,,,,,,,,,,,,,,,,
514,2025-05-15 23:15:58.366211,40.8355867,1.7358092,4.171415328979492,59.82250554369099,23.670000000000016,49.0,1011.0,,9.0,13.0,23.76491030607627,5.023909414853676,,83.58741584976725,3.8177070063291296,,,,,,,,,,,,,,,,
515,2025-05-15 23:16:03.366229,40.8354265,1.7356766,4.369194984436035,60.93415298205642,23.670000000000016,49.0,1011.0,,9.3,11.0,20.445654228501194,5.079954948128649,,81.37980721055762,4.093952932425581,,,,,,,,,,,,,,,,
516,2025-05-15 23:16:08.366207,40.8352611,1.7355391,4.171506404876709,59.16574187385925,23.670000000000016,49.0,1011.0,,9.6,11.0,19.227106608527585,5.562380362149782,,78.39284848238682,3.938822605427495,,,,,,,,,,,,,,,,
517,2025-05-15 23:16:13.367598,40.8349795,1.7352702,4.140810012817383,61.76833081557924,23.670000000000016,49.0,1011.0,,9.5,12.0,21.429385012969732,5.406153352290639,,82.07233287976266,3.965485190427402,,,,,,,,,,,,,,,,
518,2025-05-15 23:16:18.366161,40.8349795,1.7352702,4.140810012817383,61.76833081557924,23.670000000000016,49.0,1011.0,,10.4,10.0,16.48865548651706,6.362857065130992,,78.2569863020963,3.9705231383681636,,,,,,,,,,,,,,,,
519,2025-05-15 23:16:23.366511,40.8348145,1.7350866,4.235764503479004,61.084765483444365,23.670000000000016,49.0,1011.0,,9.6,12.0,21.167836229535737,5.527404952686722,,82.2526017129801,3.949963313150834,,,,,,,,,,,,,,,,
520,2025-05-15 23:16:28.366128,40.8346864,1.7349315,4.536980628967285,57.65645448239402,23.670000000000016,49.0,1011.0,,10.1,10.0,17.963283741407448,5.686783670443778,,75.61973822380146,4.3158225371811145,,,,,,,,,,,,,,,,
521,2025-05-15 23:16:33.366147,40.8344309,1.7346656,4.080126762390137,57.81499683340835,23.670000000000016,49.0,1011.0,,9.9,12.0,20.169612840072556,5.96961502706854,,77.9846096734809,3.829917157478728,,,,,,,,,,,,,,,,
522,2025-05-15 23:16:38.366395,40.8344309,1.7346656,4.080126762390137,57.81499683340835,23.670000000000016,49.0,1011.0,,9.1,11.0,19.68797073138262,5.1539753176608185,,77.50296756479096,3.8416078451209263,,,,,,,,,,,,,,,,
523,2025-05-15 23:16:43.366515,40.8342558,1.7344835,4.05014181137085,58.9302369512772,23.670000000000016,49.0,1011.0,,9.6,13.0,22.15447002204417,5.726602785319241,,81.08470697332137,3.7511220401996614,,,,,,,,,,,,,,,,
524,2025-05-15 23:16:48.366302,40.8339889,1.7342529,4.178188323974609,61.389904184614686,23.670000000000016,49.0,1011.0,,9.8,11.0,17.788782913600357,6.1206995274338185,,80.66446497855708,3.6105894348894614,,,,,,,,,,,,,,,,
525,2025-05-15 23:16:53.365730,40.8339889,1.7342529,4.178188323974609,61.389904184614686,23.670000000000016,49.0,1011.0,,9.5,11.0,19.400451379709377,5.457125266972771,,80.79035556432406,3.9409509627978476,,,,,,,,,,,,,,,,
526,2025-05-15 23:16:58.366556,40.8336765,1.7339769,4.198785781860352,62.37647719889884,23.670000000000016,49.0,1011.0,,9.6,10.0,16.653889490158218,5.816758745390862,,75.4097722024925,3.7185777877811663,,,,,,,,,,,,,,,,
527,2025-05-15 23:17:03.366149,40.8335218,1.7338297,3.9408886432647705,58.37447811889161,23.670000000000016,49.0,1011.0,,9.6,9.0,15.868520686436877,5.49232557511575,,78.24499788533572,4.038777119839788,,,,,,,,,,,,,,,,
528,2025-05-15 23:17:08.366450,40.8333792,1.7336893,4.33853006362915,59.65837609793558,23.670000000000016,49.0,1011.0,,9.9,10.0,16.486389869631065,6.057759738025607,,74.86086798852267,3.7788675713197426,,,,,,,,,,,,,,,,
529,2025-05-15 23:17:13.366167,40.8332336,1.7335365,3.503075361251831,63.18509646454748,23.670000000000016,49.0,1011.0,,10.7,9.0,15.039433517214189,6.450687571632879,,74.69780961514977,4.189924418125542,,,,,,,,,,,,,,,,
530,2025-05-15 23:17:18.366003,40.8331167,1.7333984,4.197138786315918,58.63040530709198,23.670000000000016,49.0,1011.0,,10.7,13.0,19.17226001921764,7.329194579176675,,82.35735648376512,3.308778973596712,,,,,,,,,,,,,,,,
531,2025-05-15 23:17:23.370220,40.832965,1.7332411,4.3394775390625,62.1424066160425,23.670000000000016,49.0,1011.0,,10.1,12.0,20.282402458648253,6.057760730600613,,78.91280776574024,3.936897069758198,,,,,,,,,,,,,,,,
532,2025-05-15 23:17:28.365825,40.8328066,1.7330874,4.0311360359191895,63.360803080946056,23.670000000000016,49.0,1011.0,,9.8,14.0,23.40348204466003,5.9688134510446105,,86.76428512560608,3.6994964416934146,,,,,,,,,,,,,,,,
533,2025-05-15 23:17:33.366088,40.8326638,1.7329452,3.82074236869812,59.360921359581525,23.670000000000016,49.0,1011.0,,9.9,12.0,20.008724676226404,6.015625163947692,,83.36952775717246,3.787818797280811,,,,,,,,,,,,,,,,
534,2025-05-15 23:17:38.366356,40.832527,1.7327957,4.148771286010742,58.798059130459116,23.670000000000016,49.0,1011.0,,10.2,13.0,20.558620431080783,6.53395788675722,,79.91954179066231,3.577412258875127,,,,,,,,,,,,,,,,
535,2025-05-15 23:17:43.368884,40.8323748,1.7326261,4.259696960449219,62.49539762253793,23.670000000000016,49.0,1011.0,,9.4,14.0,25.070688669880287,5.366703083170467,,87.56608629241822,3.858372559504689,,,,,,,,,,,,,,,,
536,2025-05-15 23:17:48.366348,40.8322094,1.7324708,4.1006035804748535,59.827641845946836,23.670000000000016,49.0,1011.0,,9.7,14.0,24.487682944445037,5.661413474507808,,86.98308056698296,3.876538913245259,,,,,,,,,,,,,,,,
537,2025-05-15 23:17:53.366069,40.8320623,1.7323438,3.781050443649292,61.684941036002556,23.670000000000016,49.0,1011.0,,9.6,15.0,25.65870646600361,5.738124677150608,,85.48634831195045,3.6962403095026626,,,,,,,,,,,,,,,,
538,2025-05-15 23:17:58.365798,40.8319342,1.7322255,4.507077217102051,59.366344529782516,23.670000000000016,49.0,1011.0,,9.5,12.0,19.716689986697528,5.854593024536262,,81.40163102270009,3.5593761927569783,,,,,,,,,,,,,,,,
539,2025-05-15 23:18:03.366233,40.8317774,1.7320641,4.211136817932129,60.78099282010805,23.670000000000016,49.0,1011.0,,9.2,12.0,23.065867802984542,4.882186860647755,,82.43221233276705,4.146759185229739,,,,,,,,,,,,,,,,
540,2025-05-15 23:18:08.365733,40.8316288,1.7319126,4.070470333099365,61.49844955090453,23.670000000000016,49.0,1011.0,,9.0,13.0,23.94879586087133,4.9875817311999215,,84.72978868097937,3.8485940927148694,,,,,,,,,,,,,,,,
541,2025-05-15 23:18:13.365390,40.8314865,1.7317713,4.308563709259033,59.00635257938782,23.670000000000016,49.0,1011.0,,8.7,14.0,25.71118377612718,4.851431261701432,,87.20963332703171,3.6674626580058045,,,,,,,,,,,,,,,,
542,2025-05-15 23:18:18.369079,40.8314865,1.7317713,4.308563709259033,59.00635257938782,23.670000000000016,49.0,1011.0,,8.4,15.0,29.74116284185971,4.382496034475544,,88.74751542124753,3.7410196168022525,,,,,,,,,,,,,,,,
543,2025-05-15 23:18:23.366333,40.8311605,1.7314802,4.0914740562438965,61.26339542080771,23.670000000000016,49.0,1011.0,,8.4,14.0,27.110610508079965,4.459294308309744,,87.30279321040872,3.721751101913833,,,,,,,,,,,,,,,,
544,2025-05-15 23:18:28.366128,40.8310118,1.7313263,4.269313812255859,59.78866878654274,23.670000000000016,49.0,1011.0,,8.1,14.0,27.477403177924728,4.247014873961154,,88.74079859873244,3.6299266216930453,,,,,,,,,,,,,,,,
545,2025-05-15 23:18:33.366072,40.8308558,1.7311675,4.688936710357666,61.40161112885209,23.670000000000016,49.0,1011.0,,8.6,12.0,23.345345410475176,4.512151654923522,,83.13401419701792,3.919798105284629,,,,,,,,,,,,,,,,
546,2025-05-15 23:18:38.366487,40.8307015,1.7309859,4.212130069732666,59.36402226546471,23.670000000000016,49.0,1011.0,,9.0,13.0,26.38912061842261,4.555047231514571,,87.79073174727469,4.200331555311695,,,,,,,,,,,,,,,,
547,2025-05-15 23:18:43.366093,40.8305724,1.7308296,4.178186416625977,61.16022541339467,23.670000000000016,49.0,1011.0,,9.1,9.0,16.597969738622414,4.983482087009502,,75.96199200408712,4.036621970507805,,,,,,,,,,,,,,,,
548,2025-05-15 23:18:48.366292,40.8304368,1.7306904,3.979062080383301,61.53928042176287,23.670000000000016,49.0,1011.0,,9.1,13.0,23.586287468841505,5.115977514418893,,84.74651288223617,3.829134532888259,,,,,,,,,,,,,,,,
549,2025-05-15 23:18:53.366017,40.8304368,1.7306904,3.979062080383301,61.53928042176287,23.670000000000016,49.0,1011.0,,9.4,13.0,22.205824656551147,5.594984385237402,,83.74510507831401,3.6839436762481883,,,,,,,,,,,,,,,,
550,2025-05-15 23:18:58.366056,40.830273,1.7305296,3.9887468814849854,61.1775057919948,23.670000000000016,49.0,1011.0,,8.9,12.0,21.420355569791468,5.0667465760491925,,82.59786136178627,3.713228684794227,,,,,,,,,,,,,,,,
551,2025-05-15 23:19:03.366269,40.830141,1.7304065,3.779608964920044,63.40879199005457,23.670000000000016,49.0,1011.0,,8.6,13.0,22.809824711277606,4.990225768148931,,86.21861670133217,3.4840310309343803,,,,,,,,,,,,,,,,
552,2025-05-15 23:19:08.365857,40.8298886,1.7301404,4.180965900421143,62.11427989704039,23.670000000000016,49.0,1011.0,,9.2,11.0,19.7730803017208,5.189076079785976,,78.54404407174248,3.9032853078717795,,,,,,,,,,,,,,,,
553,2025-05-15 23:19:13.365761,40.8298886,1.7301404,4.180965900421143,62.11427989704039,23.670000000000016,49.0,1011.0,,9.6,14.0,24.340939928513592,5.634751781463461,,86.45521982555398,3.809315668707272,,,,,,,,,,,,,,,,
554,2025-05-15 23:19:18.366263,40.8297,1.72994,4.02310037612915,60.83726674867978,23.670000000000016,49.0,1011.0,,8.9,13.0,23.29976846125447,5.06157485541402,,84.13703520993425,3.6950084129073346,,,,,,,,,,,,,,,,
555,2025-05-15 23:19:23.366141,40.8294058,1.7296207,4.211672782897949,58.801815734502625,23.670000000000016,49.0,1011.0,,9.5,11.0,20.9398625328655,5.072039685232948,,81.01244179263817,4.285360290149493,,,,,,,,,,,,,,,,
556,2025-05-15 23:19:28.366042,40.8292592,1.7294595,4.369410514831543,59.081710056500576,23.670000000000016,49.0,1011.0,,9.9,11.0,18.934774136734127,5.821442802167969,,77.73658987123676,3.9837732369035743,,,,,,,,,,,,,,,,
557,2025-05-15 23:19:33.366553,40.8291121,1.7292779,4.187756061553955,61.197135755669414,23.670000000000016,49.0,1011.0,,9.8,10.0,17.858809291477044,5.54908757955547,,76.94051934797761,4.158870996860376,,,,,,,,,,,,,,,,
558,2025-05-15 23:19:38.366517,40.8289634,1.7291197,3.920888900756836,59.81195973161249,23.670000000000016,49.0,1011.0,,9.4,12.0,21.32272349209553,5.374748571106726,,82.51985924776494,3.901091968444344,,,,,,,,,,,,,,,,
559,2025-05-15 23:19:43.366278,40.8289634,1.7291197,3.920888900756836,59.81195973161249,23.670000000000016,49.0,1011.0,,9.5,14.0,23.455331929963897,5.774024302298922,,83.2672916615764,3.5969084480511526,,,,,,,,,,,,,,,,
560,2025-05-15 23:19:48.365869,40.8286659,1.7288493,4.259191036224365,59.23323097304814,23.670000000000016,49.0,1011.0,,9.4,13.0,22.60165039893978,5.5020019043760096,,83.01971428731002,3.7663156849322816,,,,,,,,,,,,,,,,
561,2025-05-15 23:19:53.366235,40.8285216,1.7286896,4.409415245056152,59.30414882720038,23.670000000000016,49.0,1011.0,,9.2,12.0,21.977107264994235,5.111178573391635,,81.21033823804237,3.9496903432446913,,,,,,,,,,,,,,,,
562,2025-05-15 23:19:58.367118,40.8283785,1.7285216,4.021368980407715,61.039590612273905,23.670000000000016,49.0,1011.0,,9.6,12.0,21.837413204639283,5.3658374095374315,,81.14156203183967,4.0930094166663915,,,,,,,,,,,,,,,,
563,2025-05-15 23:20:03.365863,40.8282396,1.7283683,4.07979154586792,59.45376412096951,23.670000000000016,49.0,1011.0,,9.2,11.0,19.311260812483564,5.308265491580379,,80.35085142475747,3.795110574086612,,,,,,,,,,,,,,,,
564,2025-05-15 23:20:08.366179,40.8280994,1.7282192,4.10985803604126,61.73025251095642,23.670000000000016,49.0,1011.0,,8.9,12.0,21.80274643022246,4.982101675259796,,81.25651055119197,3.7879559972719767,,,,,,,,,,,,,,,,
565,2025-05-15 23:20:13.365910,40.8279646,1.7280607,4.082470417022705,61.34212018118128,23.670000000000016,49.0,1011.0,,9.7,11.0,18.88039115208738,5.719665613618306,,80.6106436630438,3.8887318942267797,,,,,,,,,,,,,,,,
566,2025-05-15 23:20:18.366471,40.8278282,1.7279129,3.820577621459961,59.65231088995261,23.670000000000016,49.0,1011.0,,9.9,12.0,20.1773716975506,5.967415149376746,,81.51949187873188,3.831926435845503,,,,,,,,,,,,,,,,
567,2025-05-15 23:20:23.366129,40.8278282,1.7279129,3.820577621459961,59.65231088995261,23.670000000000016,49.0,1011.0,,9.7,13.0,21.182106571250035,6.0388142834123295,,80.83441746120265,3.5624467544100447,,,,,,,,,,,,,,,,
568,2025-05-15 23:20:28.365532,40.8275307,1.7276689,4.459619998931885,57.16133748455438,23.670000000000016,49.0,1011.0,,9.8,13.0,23.131840306301953,5.61163379195963,,84.20324593972978,4.035540828175439,,,,,,,,,,,,,,,,
569,2025-05-15 23:20:33.366176,40.8274556,1.7275968,4.454415798187256,60.741869496542215,23.670000000000016,49.0,1011.0,,9.5,13.0,23.990065875750837,5.256147002871825,,84.73193537229305,4.069625388872003,,,,,,,,,,,,,,,,
570,2025-05-15 23:20:38.366451,40.8273556,1.7274982,4.069512844085693,56.011669798174076,23.670000000000016,49.0,1011.0,,9.7,14.0,23.713596357182418,5.835023130008221,,79.7252661553565,3.725912418450806,,,,,,,,,,,,,,,,
571,2025-05-15 23:20:43.366169,40.8272173,1.727354,4.229117393493652,58.92281936583857,23.670000000000016,49.0,1011.0,,9.4,13.0,23.21527397037454,5.364307655300389,,82.1380933362131,3.886686980950204,,,,,,,,,,,,,,,,
572,2025-05-15 23:20:48.366233,40.8270659,1.7271815,4.011784553527832,57.451494165780275,23.670000000000016,49.0,1011.0,,9.3,13.0,22.50315247932887,5.466050464720718,,79.95464664510915,3.7063211613865117,,,,,,,,,,,,,,,,
573,2025-05-15 23:20:53.365839,40.8267953,1.72688,4.202772617340088,55.45668960735386,23.670000000000016,49.0,1011.0,,9.4,12.0,21.60364654470672,5.30813762604848,,79.6270461100705,3.960125333308616,,,,,,,,,,,,,,,,
574,2025-05-15 23:20:58.365848,40.826645,1.7267152,3.9630119800567627,58.98690020063163,23.670000000000016,49.0,1011.0,,9.3,10.0,17.26629504538097,5.440890770986531,,76.25319524601261,3.784421099180904,,,,,,,,,,,,,,,,
575,2025-05-15 23:21:03.366233,40.8265044,1.7265707,4.288625240325928,61.13077363769357,23.670000000000016,49.0,1011.0,,9.4,11.0,18.799914501769024,5.565632474007397,,81.37035541271788,3.7473991300854137,,,,,,,,,,,,,,,,
576,2025-05-15 23:21:08.366162,40.8264314,1.7264926,4.283627986907959,58.67640663115202,23.670000000000016,49.0,1011.0,,9.5,12.0,21.540836671262806,5.379502314880713,,82.67161030895637,3.989090986494366,,,,,,,,,,,,,,,,
577,2025-05-15 23:21:13.365424,40.8262086,1.7262696,4.121407508850098,56.626024823449214,23.670000000000016,49.0,1011.0,,9.2,13.0,24.717536669278743,4.949357490162722,,85.51234013188855,4.058920923315343,,,,,,,,,,,,,,,,
578,2025-05-15 23:21:18.366021,40.8260616,1.7261179,4.518530368804932,59.82320222298633,23.670000000000016,49.0,1011.0,,9.1,12.0,21.57668003510126,5.144844279123382,,82.2741054907142,3.82833659185545,,,,,,,,,,,,,,,,
579,2025-05-15 23:21:23.366001,40.8260616,1.7261179,4.518530368804932,59.82320222298633,23.670000000000016,49.0,1011.0,,9.5,11.0,20.66138582594145,5.1373518614175895,,80.48458804892778,4.227907716855308,,,,,,,,,,,,,,,,
580,2025-05-15 23:21:28.365496,40.82576,1.7258115,3.871758460998535,59.256713163414645,23.670000000000016,49.0,1011.0,,9.5,10.0,18.41251130998108,5.222811945781119,,77.90970177369353,4.174971950820073,,,,,,,,,,,,,,,,
581,2025-05-15 23:21:33.367450,40.8256281,1.7256783,4.207101821899414,57.2838949839265,23.670000000000016,49.0,1011.0,,9.2,11.0,18.775157650396327,5.4541379792074896,,77.08371078341897,3.6612826580738407,,,,,,,,,,,,,,,,
582,2025-05-15 23:21:38.366060,40.8255514,1.7256018,4.202364444732666,62.80062511616746,23.670000000000016,49.0,1011.0,,9.4,13.0,23.10315056761996,5.388904744061167,,85.90377568378742,3.865334489257108,,,,,,,,,,,,,,,,
583,2025-05-15 23:21:43.365842,40.8254578,1.7255046,4.238945960998535,60.511186687514204,23.670000000000016,49.0,1011.0,,9.4,9.0,16.24901613892846,5.25524707515765,,76.76020282644267,4.06961982063403,,,,,,,,,,,,,,,,
584,2025-05-15 23:21:48.366108,40.8251912,1.725224,4.328999996185303,59.789877730025836,23.670000000000016,49.0,1011.0,,9.5,11.0,19.100179079940336,5.539639184104816,,79.62637852325022,3.8655813804356454,,,,,,,,,,,,,,,,
585,2025-05-15 23:21:53.366113,40.8251912,1.725224,4.328999996185303,59.789877730025836,23.670000000000016,49.0,1011.0,,10.0,12.0,20.872654535505223,5.835428156533692,,80.66253226553106,4.0449077596907,,,,,,,,,,,,,,,,
586,2025-05-15 23:21:58.365785,40.8249151,1.7249419,4.0194926261901855,61.24871734428135,23.670000000000016,49.0,1011.0,,10.1,13.0,22.24345257872034,6.001977454366827,,81.85813595653535,3.9668713067274624,,,,,,,,,,,,,,,,
587,2025-05-15 23:22:03.366277,40.8249151,1.7249419,4.0194926261901855,61.24871734428135,23.670000000000016,49.0,1011.0,,10.2,13.0,21.188557260454665,6.348249037653552,,82.43727460473602,3.7477588624596,,,,,,,,,,,,,,,,
588,2025-05-15 23:22:08.369095,40.8247603,1.724785,4.039900302886963,60.951494832359074,23.670000000000016,49.0,1011.0,,10.1,13.0,21.387375655174374,6.2302780416526335,,82.33887048753346,3.761697371535078,,,,,,,,,,,,,,,,
589,2025-05-15 23:22:13.366088,40.8246155,1.7246205,4.179614067077637,57.46928680856816,23.670000000000016,49.0,1011.0,,9.5,15.0,26.20100556754663,5.56888027298101,,83.67029237611479,3.750161316821698,,,,,,,,,,,,,,,,
590,2025-05-15 23:22:18.365755,40.8243548,1.7242874,4.329886436462402,61.308618103302365,23.670000000000016,49.0,1011.0,,9.2,14.0,25.63936346419327,5.143643542423171,,83.70411982498148,3.867175693447179,,,,,,,,,,,,,,,,
591,2025-05-15 23:22:23.366048,40.8243548,1.7242874,4.329886436462402,61.308618103302365,23.670000000000016,49.0,1011.0,,9.3,14.0,25.609439445496662,5.205217467872735,,86.91805754879903,3.904524144320083,,,,,,,,,,,,,,,,
592,2025-05-15 23:22:28.366600,40.8240682,1.7239611,4.179296970367432,58.83110358566364,23.670000000000016,49.0,1011.0,,9.7,14.0,23.52504638162779,5.879100289135167,,84.24401425388295,3.687169284354796,,,,,,,,,,,,,,,,
593,2025-05-15 23:22:33.366134,40.8240682,1.7239611,4.179296970367432,58.83110358566364,23.670000000000016,49.0,1011.0,,9.6,14.0,24.33394730067549,5.636272400634679,,83.16505088633913,3.808005292157959,,,,,,,,,,,,,,,,
594,2025-05-15 23:22:38.369359,40.8237607,1.7236326,4.130362510681152,61.73699390766723,23.670000000000016,49.0,1011.0,,9.6,14.0,24.25543626278124,5.653407738667779,,83.62057867926984,3.7932208355233525,,,,,,,,,,,,,,,,
595,2025-05-15 23:22:43.365363,40.8236155,1.7234845,3.9306223392486572,58.146582027044964,23.670000000000016,49.0,1011.0,,9.3,13.0,22.988588883031568,5.356693471651029,,84.7255827906988,3.8023400813128285,,,,,,,,,,,,,,,,
596,2025-05-15 23:22:48.366120,40.8234704,1.7233573,4.2189788818359375,59.996272386365284,23.670000000000016,49.0,1011.0,,9.2,15.0,25.662664823923194,5.498245426116447,,83.80924685096815,3.542903439280181,,,,,,,,,,,,,,,,
597,2025-05-15 23:22:53.366112,40.8233086,1.72323,4.130290985107422,59.493481670993134,23.670000000000016,49.0,1011.0,,9.2,13.0,23.563606265228508,5.176891252403552,,83.55987865159379,3.867187101604655,,,,,,,,,,,,,,,,
598,2025-05-15 23:22:58.366056,40.8231631,1.7230933,3.821049213409424,64.04398592248741,23.670000000000016,49.0,1011.0,,9.4,15.0,26.176570117374457,5.51504076582405,,85.67005178836759,3.7066835464751327,,,,,,,,,,,,,,,,
599,2025-05-15 23:23:03.366138,40.8230293,1.7229408,4.168730735778809,59.90214554941334,23.670000000000016,49.0,1011.0,,9.5,13.0,21.46301408636801,5.840480602533309,,85.50700000885541,3.5560745824682742,,,,,,,,,,,,,,,,
600,2025-05-15 23:23:08.369100,40.8228846,1.7227778,4.319493770599365,58.69521697212623,23.670000000000016,49.0,1011.0,,8.9,13.0,23.96948686189409,4.928157603726929,,83.87163241130743,3.809227474483374,,,,,,,,,,,,,,,,
601,2025-05-15 23:23:13.365909,40.8228846,1.7227778,4.319493770599365,58.69521697212623,23.670000000000016,49.0,1011.0,,9.4,15.0,27.071157528318693,5.345894438850549,,85.76637450044493,3.8462587210440895,,,,,,,,,,,,,,,,
602,2025-05-15 23:23:18.365813,40.8225909,1.7224453,4.3893327713012695,60.8186544831915,23.670000000000016,49.0,1011.0,,9.1,15.0,27.26626795506583,5.141056592130382,,84.67029913630368,3.7511979026180637,,,,,,,,,,,,,,,,
603,2025-05-15 23:23:23.365981,40.8224365,1.7222936,3.9017562866210938,58.457164388983784,23.670000000000016,49.0,1011.0,,9.3,14.0,25.895211853406366,5.151675140588627,,86.71386633659787,3.9486186491151054,,,,,,,,,,,,,,,,
604,2025-05-15 23:23:28.366100,40.8224365,1.7222936,3.9017562866210938,58.457164388983784,23.670000000000016,49.0,1011.0,,9.1,16.0,27.36750700507592,5.456429306173327,,85.8246713940597,3.465056998334404,,,,,,,,,,,,,,,,
605,2025-05-15 23:23:33.365740,40.8221583,1.7220168,3.8215959072113037,59.7886346355969,23.670000000000016,49.0,1011.0,,8.6,17.0,32.17798028492116,4.721419198611188,,91.78357951114006,3.5785886082015637,,,,,,,,,,,,,,,,
606,2025-05-15 23:23:38.366415,40.8220231,1.7218903,3.7998006343841553,59.054218545091274,23.670000000000016,49.0,1011.0,,8.7,15.0,26.171024184474852,5.105351591141964,,85.95965882007175,3.42981176003361,,,,,,,,,,,,,,,,
607,2025-05-15 23:23:43.366097,40.8218865,1.7217484,4.188746452331543,60.02349069020779,23.670000000000016,49.0,1011.0,,9.0,13.0,22.165714723299736,5.366103710863276,,81.219933268391,3.518982127268414,,,,,,,,,,,,,,,,
608,2025-05-15 23:23:48.366105,40.8218865,1.7217484,4.188746452331543,60.02349069020779,23.670000000000016,49.0,1011.0,,8.7,14.0,26.33077238001944,4.745142827133027,,86.35426307022723,3.754157040802291,,,,,,,,,,,,,,,,
609,2025-05-15 23:23:53.366559,40.8215809,1.7214085,3.991429328918457,59.27082433423989,23.670000000000016,49.0,1011.0,,8.9,16.0,30.078174993836736,4.894782001310681,,89.27793120976264,3.737904205291079,,,,,,,,,,,,,,,,
610,2025-05-15 23:23:58.366167,40.8215809,1.7214085,3.991429328918457,59.27082433423989,23.670000000000016,49.0,1011.0,,8.5,16.0,29.275039080814274,4.791218002436406,,88.54586341505416,3.481653511530199,,,,,,,,,,,,,,,,
611,2025-05-15 23:24:03.366088,40.8214229,1.7212411,4.038570404052734,59.162559005706015,23.670000000000016,49.0,1011.0,,8.8,15.0,27.04403253992126,5.009307787330832,,86.20659154562728,3.596982468759216,,,,,,,,,,,,,,,,
612,2025-05-15 23:24:08.366074,40.8211412,1.7209514,4.5399322509765625,60.87868501580674,23.670000000000016,49.0,1011.0,,8.8,14.0,27.905022213432183,4.548887977723524,,87.66717620561694,3.9932317258601873,,,,,,,,,,,,,,,,
613,2025-05-15 23:24:13.366133,40.8209741,1.7207851,3.913038969039917,62.91457316209078,23.670000000000016,49.0,1011.0,,9.0,14.0,27.44298932060401,4.724362533799127,,88.32167433641075,4.02905297100096,,,,,,,,,,,,,,,,
614,2025-05-15 23:24:18.365966,40.8209741,1.7207851,3.913038969039917,62.91457316209078,23.670000000000016,49.0,1011.0,,9.0,15.0,25.979338698290963,5.317628868466027,,88.89391186038175,3.517634472939785,,,,,,,,,,,,,,,,
615,2025-05-15 23:24:23.366106,40.8206595,1.7204489,3.9710521697998047,61.71493922683725,23.670000000000016,49.0,1011.0,,8.4,13.0,25.322834944823835,4.4178365350633735,,86.52736779536437,3.788632460015251,,,,,,,,,,,,,,,,
616,2025-05-15 23:24:28.366362,40.8205152,1.7202877,4.348862171173096,59.60318133925271,23.670000000000016,49.0,1011.0,,9.1,14.0,24.375671046986962,5.334128538034369,,86.09061027382421,3.617068573555152,,,,,,,,,,,,,,,,
617,2025-05-15 23:24:33.366171,40.8203627,1.7201212,4.091414451599121,60.79308225493897,23.670000000000016,49.0,1011.0,,9.0,13.0,24.60761856055112,4.8620347700768844,,84.21079989980383,3.953901764270502,,,,,,,,,,,,,,,,
618,2025-05-15 23:24:38.367498,40.8202204,1.7199685,3.9703893661499023,61.674593299409985,23.670000000000016,49.0,1011.0,,8.9,14.0,25.35215652024171,5.028496135379608,,86.14523877518069,3.697383213650527,,,,,,,,,,,,,,,,
619,2025-05-15 23:24:43.366820,40.8200833,1.7198201,4.109534740447998,60.44970132460575,23.670000000000016,49.0,1011.0,,8.8,14.0,25.67212105972761,4.914153992265103,,86.12182238433336,3.703874035556693,,,,,,,,,,,,,,,,
620,2025-05-15 23:24:48.366082,40.8199397,1.7196644,4.349233150482178,57.68678052230887,23.670000000000016,49.0,1011.0,,9.2,13.0,23.088590880970727,5.2773909621383135,,83.53829220557648,3.780359379857717,,,,,,,,,,,,,,,,
621,2025-05-15 23:24:53.365485,40.8199397,1.7196644,4.349233150482178,57.68678052230887,23.670000000000016,49.0,1011.0,,9.4,13.0,23.73160688047679,5.254130981346637,,81.41838740278567,3.981465134970532,,,,,,,,,,,,,,,,
622,2025-05-15 23:24:58.366128,40.8196584,1.7193058,4.280039310455322,58.171785425082305,23.670000000000016,49.0,1011.0,,9.2,13.0,23.74724654599023,5.13915026528814,,84.06038506833075,3.8994758498994195,,,,,,,,,,,,,,,,
623,2025-05-15 23:25:03.366107,40.8196584,1.7193058,4.280039310455322,58.171785425082305,23.670000000000016,49.0,1011.0,,9.0,15.0,27.825450593321417,4.990303333868629,,85.99723601840373,3.7851542891732466,,,,,,,,,,,,,,,,
624,2025-05-15 23:25:08.366365,40.819394,1.7190085,4.158947467803955,60.119270432938876,23.670000000000016,49.0,1011.0,,9.0,12.0,21.407704022863957,5.126561948539536,,81.67191790017966,3.7523897775479473,,,,,,,,,,,,,,,,
625,2025-05-15 23:25:13.366182,40.819394,1.7190085,4.158947467803955,60.119270432938876,23.670000000000016,49.0,1011.0,,8.4,15.0,28.798821578910637,4.513014504207363,,88.91809201184951,3.6445546556734003,,,,,,,,,,,,,,,,
626,2025-05-15 23:25:18.369712,40.819114,1.7186746,3.6224396228790283,60.683109379112594,23.670000000000016,49.0,1011.0,,8.3,16.0,31.597700423868154,4.366413850948417,,90.78824954479288,3.6279250301289134,,,,,,,,,,,,,,,,
627,2025-05-15 23:25:23.366113,40.8189887,1.7185307,4.357529640197754,59.964354912373814,23.670000000000016,49.0,1011.0,,9.0,13.0,21.472483843553224,5.530761943977483,,82.15559322266581,3.371018665723849,,,,,,,,,,,,,,,,
628,2025-05-15 23:25:28.365844,40.8189887,1.7185307,4.357529640197754,59.964354912373814,23.670000000000016,49.0,1011.0,,8.7,13.0,25.41130919918376,4.560738596661792,,85.37566411155757,3.9359413093742566,,,,,,,,,,,,,,,,
629,2025-05-15 23:25:33.366799,40.8188304,1.7183228,4.290055751800537,60.55306940750472,23.670000000000016,49.0,1011.0,,8.4,13.0,25.88151021693261,4.328841232925848,,86.43457962443733,3.8597575457829882,,,,,,,,,,,,,,,,
630,2025-05-15 23:25:38.366084,40.8185771,1.7180173,3.94191575050354,63.53845630125809,23.670000000000016,49.0,1011.0,,9.0,14.0,26.838770048008826,4.822561834884407,,83.56516791640595,3.952431117727015,,,,,,,,,,,,,,,,
631,2025-05-15 23:25:43.365977,40.8185771,1.7180173,3.94191575050354,63.53845630125809,23.670000000000016,49.0,1011.0,,8.6,14.0,25.29378563965495,4.869468849879376,,88.83224194091304,3.5639999357266983,,,,,,,,,,,,,,,,
632,2025-05-15 23:25:48.365891,40.8184172,1.7178361,4.23933219909668,60.92796483066839,23.670000000000016,49.0,1011.0,,9.0,13.0,24.080955819085965,4.961826930038825,,85.00892064975434,3.870382478429479,,,,,,,,,,,,,,,,
633,2025-05-15 23:25:53.366222,40.8181668,1.7175701,4.090277194976807,59.792555164180484,23.670000000000016,49.0,1011.0,,8.8,15.0,28.52517699122527,4.769410514902906,,84.36768007913105,3.786541246694543,,,,,,,,,,,,,,,,
634,2025-05-15 23:25:58.366386,40.8181668,1.7175701,4.090277194976807,59.792555164180484,23.670000000000016,49.0,1011.0,,8.7,14.0,25.813041272253177,4.833593068559497,,85.60559643643366,3.6821480429707014,,,,,,,,,,,,,,,,
635,2025-05-15 23:26:03.366265,40.8180108,1.7173853,4.019150257110596,161.9166830303757,23.670000000000016,49.0,1011.0,,8.7,13.0,23.702223740708178,4.868545786149042,,185.61890677108389,3.680122844986348,,,,,,,,,,,,,,,,
636,2025-05-15 23:26:08.366485,40.81788,1.7172089,4.362660884857178,107.27346895317038,23.670000000000016,49.0,1011.0,,8.6,12.0,23.824142683010614,4.426601182176294,,131.097611636181,3.9909165659601835,,,,,,,,,,,,,,,,
637,2025-05-15 23:26:13.366415,40.8175928,1.7168798,4.625422954559326,105.86570549352821,23.670000000000016,49.0,1011.0,,8.7,12.0,22.812734898342367,4.665298388457859,,127.0575135584215,3.8802381400363366,,,,,,,,,,,,,,,,