id,Time,Latitude,Longitude,SpeedOverGround (m/s),CourseOverGround (deg),Temperature (C),Humidity (%),Pressure (hPa),Device1_MAC,Device1_WindSpeed (m/s),Device1_WindAngle (deg),Device1_TrueWindAngle (deg),Device1_TrueWindSpeed (m/s),Device1_CrossWindSpeed (m/s),Device1_TrueWindDirection (deg),Device1_VelocityMadeGood (m/s),Device2_MAC,Device2_WindSpeed (m/s),Device2_WindAngle (deg),Device2_TrueWindAngle (deg),Device2_TrueWindSpeed (m/s),Device2_CrossWindSpeed (m/s),Device2_TrueWindDirection (deg),Device2_VelocityMadeGood (m/s),Device3_MAC,Device3_WindSpeed (m/s),Device3_WindAngle (deg),Device3_TrueWindAngle (deg),Device3_TrueWindSpeed (m/s),Device3_CrossWindSpeed (m/s),Device3_TrueWindDirection (deg),Device3_VelocityMadeGood (m/s)
1,2025-05-15 23:26:35.682849,40.8169783,1.7161962,4.129251956939697,84.85934941812728,23.670000000000016,49.0,1011.0,,8.5,14.0,26.533936964047594,4.603107404003171,,111.39328638217488,3.694317503187403,,,,,,,,,,,,,,,,
2,2025-05-15 23:26:40.682950,40.8168253,1.7159957,4.166056156158447,40.914704600208964,23.670000000000016,49.0,1011.0,,8.4,16.0,30.64177834662706,4.5428586192771725,,71.55648294683603,3.58435232067327,,,,,,,,,,,,,,,,
3,2025-05-15 23:26:45.683161,40.8167176,1.7158702,4.128281116485596,44.872939243109336,23.670000000000016,49.0,1011.0,,8.7,14.0,26.01059645287632,4.799409719516866,,70.88353569598566,3.710139730585499,,,,,,,,,,,,,,,,
4,2025-05-15 23:26:50.686272,40.8165692,1.7156658,4.3195037841796875,42.804232037863386,23.670000000000016,49.0,1011.0,,8.4,14.0,27.943719695030957,4.336590724249165,,70.74795173289434,3.8158855715561777,,,,,,,,,,,,,,,,
5,2025-05-15 23:26:55.683324,40.8164672,1.7155349,4.23025369644165,44.522844236821996,23.670000000000016,49.0,1011.0,,8.5,15.0,28.931103435174684,4.547653712052609,,73.45394767199667,3.702326684390072,,,,,,,,,,,,,,,,
6,2025-05-15 23:27:00.686392,40.8163294,1.7153894,4.409328460693359,44.2670809731617,23.670000000000016,49.0,1011.0,,8.7,19.0,36.57990749381012,4.75287315994288,,80.84698846697182,3.5408076460869213,,,,,,,,,,,,,,,,
7,2025-05-15 23:27:05.682774,40.8161854,1.7152472,3.9514107704162598,42.944940764954815,23.670000000000016,49.0,1011.0,,8.1,14.0,26.63040341392569,4.371755705339563,,69.5753441788805,3.532231334260995,,,,,,,,,,,,,,,,
8,2025-05-15 23:27:10.683205,40.8160323,1.7150904,4.159459114074707,37.52720397944944,23.670000000000016,49.0,1011.0,,8.1,16.0,31.616781601906435,4.258893614815711,,69.14398558135588,3.542084844649067,,,,,,,,,,,,,,,,
9,2025-05-15 23:27:15.683008,40.8159238,1.714976,4.299280643463135,44.11335390551222,23.670000000000016,49.0,1011.0,,8.2,16.0,32.24405785534841,4.236387575257269,,76.35741176086063,3.636259161094113,,,,,,,,,,,,,,,,
10,2025-05-15 23:27:20.682907,40.8157571,1.7148099,4.428297519683838,44.71499794874196,23.670000000000016,49.0,1011.0,,8.2,17.0,35.082797174191,4.171218822957308,,79.79779512293297,3.6237747156519795,,,,,,,,,,,,,,,,
11,2025-05-15 23:27:25.683211,40.8156594,1.7146473,4.696651935577393,44.76103342374785,23.670000000000016,49.0,1011.0,,8.1,16.0,35.85359202443991,3.8118514406776196,,80.61462544818775,3.806713042452944,,,,,,,,,,,,,,,,
12,2025-05-15 23:27:30.683252,40.8155066,1.7145217,4.171150207519531,38.486814821984964,23.670000000000016,49.0,1011.0,,8.5,15.0,28.57493246499648,4.599470074968437,,67.06174728698144,3.663072095975193,,,,,,,,,,,,,,,,
13,2025-05-15 23:27:35.683396,40.8153586,1.7143627,3.9206387996673584,37.332673361698305,23.670000000000016,49.0,1011.0,,8.6,16.0,28.60863372592151,4.950630089968771,,65.94130708761982,3.441971273908456,,,,,,,,,,,,,,,,
14,2025-05-15 23:27:40.683353,40.8152552,1.7142254,4.178920269012451,44.20686261034428,23.670000000000016,49.0,1011.0,,8.8,14.0,26.027104828698256,4.851710771601594,,70.23396743904254,3.755121614755039,,,,,,,,,,,,,,,,
15,2025-05-15 23:27:45.682939,40.8150851,1.714035,4.259617805480957,37.40388149889027,23.670000000000016,49.0,1011.0,,8.5,18.0,33.92579735875474,4.706246446488528,,78.13265996909902,3.46750538260731,,,,,,,,,,,,,,,,
16,2025-05-15 23:27:50.682800,40.8149672,1.7138969,4.5785322189331055,39.715541948008166,23.670000000000016,49.0,1011.0,,8.0,16.0,35.324407629004426,3.81369570743794,,75.03994957701259,3.735584844340205,,,,,,,,,,,,,,,,
17,2025-05-15 23:27:55.685823,40.8147854,1.7136895,4.470571041107178,38.14066083484872,23.670000000000016,49.0,1011.0,,8.2,15.0,31.59818381650579,4.050539345938149,,69.73884465135451,3.8077800187713406,,,,,,,,,,,,,,,,
18,2025-05-15 23:28:00.683104,40.8146439,1.7135172,3.811908483505249,43.17897036667613,23.670000000000016,49.0,1011.0,,8.3,13.0,23.591374369295753,4.66527258802183,,66.77034473597189,3.493320570004849,,,,,,,,,,,,,,,,
19,2025-05-15 23:28:05.685875,40.8145092,1.7133626,4.198808193206787,38.09892154883077,23.670000000000016,49.0,1011.0,,8.1,16.0,31.896495324390354,4.225435337435597,,69.99541687322113,3.5648049916784754,,,,,,,,,,,,,,,,
20,2025-05-15 23:28:10.683066,40.8143959,1.7132291,3.960937738418579,41.662914257743424,23.670000000000016,49.0,1011.0,,8.3,14.0,26.134408215156004,4.5585703721367565,,67.79732247289942,3.555984195484946,,,,,,,,,,,,,,,,
21,2025-05-15 23:28:15.682817,40.8142292,1.7130279,4.169981956481934,39.15039843570297,23.670000000000016,49.0,1011.0,,8.4,17.0,32.446520330120954,4.577570689716814,,71.59691876582392,3.5190168811192883,,,,,,,,,,,,,,,,
22,2025-05-15 23:28:20.682868,40.8140776,1.7128432,4.3293046951293945,41.8414212517017,23.670000000000016,49.0,1011.0,,8.5,16.0,31.379402518822538,4.49952975256467,,73.22082377052425,3.696092113132199,,,,,,,,,,,,,,,,
23,2025-05-15 23:28:25.683226,40.8139167,1.7126677,4.16120719909668,41.85062151651371,23.670000000000016,49.0,1011.0,,8.6,16.0,30.00091001381857,4.74083210174312,,71.85153153033228,3.60367809869333,,,,,,,,,,,,,,,,
24,2025-05-15 23:28:30.682854,40.813755,1.7125194,4.458978652954102,36.280066078518466,23.670000000000016,49.0,1011.0,,8.3,14.0,29.188667231249507,4.117296076421247,,65.46873330976797,3.892771104701363,,,,,,,,,,,,,,,,
25,2025-05-15 23:28:35.686305,40.813631,1.7123893,4.141225814819336,37.98636686149813,23.670000000000016,49.0,1011.0,,8.3,15.0,28.996824312301275,4.431456825542238,,66.9831911737994,3.622108983325247,,,,,,,,,,,,,,,,
26,2025-05-15 23:28:40.683091,40.8134679,1.7121952,3.811990737915039,40.54336087541371,23.670000000000016,49.0,1011.0,,8.7,14.0,24.447698418996477,5.085555878177331,,64.99105929441019,3.470205506485948,,,,,,,,,,,,,,,,
27,2025-05-15 23:28:45.683038,40.813363,1.7120726,4.218353748321533,38.10847698347962,23.670000000000016,49.0,1011.0,,8.4,15.0,29.16638298475485,4.46104759033163,,67.27485996823447,3.683500947405824,,,,,,,,,,,,,,,,
28,2025-05-15 23:28:50.683238,40.8132098,1.7118847,4.2290849685668945,36.198807317962824,23.670000000000016,49.0,1011.0,,8.5,16.0,30.727325350300305,4.585388103070093,,66.92613266826314,3.6353581772656307,,,,,,,,,,,,,,,,
29,2025-05-15 23:28:55.682841,40.8130923,1.7117453,3.9305777549743652,44.67819005930476,23.670000000000016,49.0,1011.0,,8.8,13.0,23.087337691228917,5.048198191133392,,67.76552775053368,3.615770632703909,,,,,,,,,,,,,,,,
30,2025-05-15 23:29:00.683070,40.8129896,1.7116472,4.308295726776123,40.795999327528726,23.670000000000016,49.0,1011.0,,8.5,14.0,27.56529441067903,4.443642226659256,,68.36129373820776,3.8192354335433922,,,,,,,,,,,,,,,,
31,2025-05-15 23:29:05.686014,40.8128301,1.711466,4.297802925109863,36.964539825812956,23.670000000000016,49.0,1011.0,,8.7,14.0,26.927111605268653,4.647652878438626,,63.89165143108161,3.831849502326014,,,,,,,,,,,,,,,,
32,2025-05-15 23:29:10.682903,40.8127145,1.7113572,3.851616144180298,39.77546661269127,23.670000000000016,49.0,1011.0,,8.6,13.0,23.134654068241964,4.923928919558637,,62.91012068093323,3.5418847065881605,,,,,,,,,,,,,,,,
33,2025-05-15 23:29:15.683298,40.8125697,1.7112164,4.647575378417969,37.021783641246834,23.670000000000016,49.0,1011.0,,8.5,13.0,27.74807501107554,4.106843729008868,,64.76985865232237,4.113119455798834,,,,,,,,,,,,,,,,
34,2025-05-15 23:29:20.683224,40.8123495,1.7109764,3.8118088245391846,41.50968237880877,23.670000000000016,49.0,1011.0,,8.7,14.0,24.44685023379256,5.085721481654955,,65.95653261260134,3.470063256857009,,,,,,,,,,,,,,,,
35,2025-05-15 23:29:25.683125,40.8122045,1.7107977,4.099289894104004,38.9789709328194,23.670000000000016,49.0,1011.0,,8.5,14.0,26.36829771830202,4.629932907790324,,65.34726865112142,3.67279011497473,,,,,,,,,,,,,,,,
36,2025-05-15 23:29:30.683184,40.8120906,1.7106622,4.34901237487793,37.95194270808127,23.670000000000016,49.0,1011.0,,8.3,13.0,26.540083428113917,4.178590748539375,,64.4920261361952,3.8907220970066967,,,,,,,,,,,,,,,,
37,2025-05-15 23:29:35.682953,40.8119426,1.710487,4.160632133483887,42.24020526148749,23.670000000000016,49.0,1011.0,,8.9,14.0,25.69410424625711,4.966033031168434,,67.9343095077446,3.7492356524261696,,,,,,,,,,,,,,,,
38,2025-05-15 23:29:40.682837,40.8117998,1.710319,4.488866329193115,34.04090467234568,23.670000000000016,49.0,1011.0,,8.6,15.0,30.240997623945805,4.419528926206801,,64.28190229629149,3.877997374991469,,,,,,,,,,,,,,,,
39,2025-05-15 23:29:45.682878,40.8116485,1.7101408,4.051727294921875,34.048137842676724,23.670000000000016,49.0,1011.0,,8.3,16.0,30.225824440033126,4.5445910603571775,,64.27396228270985,3.5008868343817303,,,,,,,,,,,,,,,,
40,2025-05-15 23:29:50.683194,40.8114757,1.7099638,3.9005956649780273,35.11190565496036,23.670000000000016,49.0,1011.0,,8.5,16.0,28.75252337321477,4.870653146363023,,63.86442902817513,3.4196739518449553,,,,,,,,,,,,,,,,
41,2025-05-15 23:29:55.683237,40.8113683,1.7098484,4.328179836273193,41.37045580276723,23.670000000000016,49.0,1011.0,,8.2,17.0,34.307652591882196,4.2535366128462355,,75.67810839464943,3.5751761835315596,,,,,,,,,,,,,,,,
42,2025-05-15 23:30:00.683034,40.811232,1.7096909,3.6619136333465576,35.57551499015873,23.670000000000016,49.0,1011.0,,8.6,15.0,25.60310437536185,5.150811186808381,,61.178619365520575,3.3023470892203206,,,,,,,,,,,,,,,,
43,2025-05-15 23:30:05.683056,40.8111103,1.7095633,3.848665475845337,34.39799037724853,23.670000000000016,49.0,1011.0,,8.7,14.0,24.619832330728237,5.052192217977691,,59.01782270797677,3.4987908537843695,,,,,,,,,,,,,,,,
44,2025-05-15 23:30:10.683104,40.8109548,1.7093978,4.16891622543335,34.54266402915316,23.670000000000016,49.0,1011.0,,8.6,14.0,24.832978938566914,4.953939335519772,,59.23096931581544,3.4928020683357,,,,,,,,,,,,,,,,
45,2025-05-15 23:30:15.683229,40.8108455,1.7092709,4.130060195922852,33.98426874374793,23.670000000000016,49.0,1011.0,,8.2,14.0,27.404254010064104,4.310031229716893,,61.38852275381204,3.666589856588445,,,,,,,,,,,,,,,,
46,2025-05-15 23:30:20.683156,40.8106885,1.7090896,3.9417097568511963,36.8216044570521,23.670000000000016,49.0,1011.0,,8.5,16.0,28.98690276654659,4.834648643822024,,65.8085072235987,3.4479337734435433,,,,,,,,,,,,,,,,
47,2025-05-15 23:30:25.682965,40.8105758,1.7089672,4.656660556793213,34.55587019991338,23.670000000000016,49.0,1011.0,,8.6,13.0,27.458191559142186,4.1955624639158815,,62.014061759055565,4.1320762553759005,,,,,,,,,,,,,,,,
48,2025-05-15 23:30:30.683335,40.8104116,1.7087894,4.092129230499268,39.9338279636926,23.670000000000016,49.0,1011.0,,8.5,17.0,31.619684183735803,4.74015154522467,,71.5535121474284,3.4846398236442746,,,,,,,,,,,,,,,,
49,2025-05-15 23:30:35.683180,40.8102517,1.7086107,3.900059938430786,39.55819146500399,23.670000000000016,49.0,1011.0,,8.6,17.0,30.17698181977362,5.002055437473859,,69.73517328477762,3.3715114015328935,,,,,,,,,,,,,,,,
50,2025-05-15 23:30:40.683172,40.8101497,1.7084907,4.258347988128662,38.72578606557079,23.670000000000016,49.0,1011.0,,8.2,16.0,31.95109358936816,4.271063558528297,,70.67687965493894,3.6132087556251777,,,,,,,,,,,,,,,,
51,2025-05-15 23:30:45.683190,40.8100227,1.7083232,3.9205760955810547,40.61549450323821,23.670000000000016,49.0,1011.0,,8.7,16.0,28.360544215776205,5.0483208512113285,,68.97603871901441,3.4500124584618193,,,,,,,,,,,,,,,,
52,2025-05-15 23:30:50.683005,40.8099079,1.7081618,3.82975435256958,35.38287974990227,23.670000000000016,49.0,1011.0,,8.7,16.0,27.878547471801724,5.128423261374307,,63.261427221704,3.3852760079970903,,,,,,,,,,,,,,,,
53,2025-05-15 23:30:55.683208,40.8097863,1.7080213,4.14790678024292,34.6118504303508,23.670000000000016,49.0,1011.0,,8.5,15.0,28.437053374584472,4.61989565123394,,63.04890380493527,3.6474236712601,,,,,,,,,,,,,,,,
54,2025-05-15 23:31:00.682454,40.8096231,1.7078474,4.219753265380859,34.36264414829372,23.670000000000016,49.0,1011.0,,8.8,18.0,33.23830640292421,4.961207316087865,,67.60095055121792,3.529393362835592,,,,,,,,,,,,,,,,
55,2025-05-15 23:31:05.682846,40.8094886,1.7076857,3.91082501411438,35.99402800136209,23.670000000000016,49.0,1011.0,,8.6,16.0,28.55434377009826,4.959247944895537,,64.54837177146035,3.435128461876524,,,,,,,,,,,,,,,,
56,2025-05-15 23:31:10.683267,40.80938,1.7075618,4.198602199554443,36.73214605439786,23.670000000000016,49.0,1011.0,,8.4,17.0,32.63973332125003,4.553444168906255,,69.3718793756479,3.5355529327028297,,,,,,,,,,,,,,,,
57,2025-05-15 23:31:15.682853,40.8091931,1.7073602,4.150886535644531,34.91579043332178,23.670000000000016,49.0,1011.0,,8.2,15.0,29.379189324377073,4.326072528366973,,64.29497975769885,3.6170495573414474,,,,,,,,,,,,,,,,
58,2025-05-15 23:31:20.683003,40.8090743,1.7072353,3.8513431549072266,34.25740459356216,23.670000000000016,49.0,1011.0,,8.9,14.0,24.22948720879734,5.246454039849984,,58.486891802359494,3.5120745965731173,,,,,,,,,,,,,,,,
59,2025-05-15 23:31:25.683168,40.8089156,1.7070595,4.188680171966553,35.53408647774802,23.670000000000016,49.0,1011.0,,8.3,14.0,27.454228548130157,4.355267039772605,,62.98831502587818,3.716948597362592,,,,,,,,,,,,,,,,
60,2025-05-15 23:31:30.682526,40.8087802,1.7068939,3.920719623565674,32.915788100936986,23.670000000000016,49.0,1011.0,,8.3,14.0,25.913500015423335,4.594710867405515,,58.82928811636032,3.5265102215922117,,,,,,,,,,,,,,,,
61,2025-05-15 23:31:35.683226,40.8086772,1.7067565,3.9505198001861572,34.323879409659305,23.670000000000016,49.0,1011.0,,8.4,15.0,27.57385658418232,4.696736502465488,,61.89773599384162,3.501799549269806,,,,,,,,,,,,,,,,
62,2025-05-15 23:31:40.682968,40.8085437,1.7065741,4.061393737792969,34.23008383688211,23.670000000000016,49.0,1011.0,,8.1,16.0,30.938493544705736,4.342707787855972,,65.16857738158785,3.483537398085991,,,,,,,,,,,,,,,,
63,2025-05-15 23:31:45.683168,40.8083667,1.7063751,3.9313740730285645,34.355428053435595,23.670000000000016,49.0,1011.0,,8.2,16.0,29.772511278139692,4.551791014275618,,64.12793933157529,3.412447579738275,,,,,,,,,,,,,,,,
64,2025-05-15 23:31:50.685978,40.808212,1.7062123,4.300154209136963,32.02724537671544,23.670000000000016,49.0,1011.0,,8.3,18.0,35.51627531411669,4.415028596348413,,67.54352069083214,3.500112807494538,,,,,,,,,,,,,,,,
65,2025-05-15 23:31:55.683017,40.8080944,1.7060636,3.9129717350006104,33.124870436714836,23.670000000000016,49.0,1011.0,,8.3,17.0,31.089950210857197,4.699388899501239,,64.21482064757203,3.3509033669966612,,,,,,,,,,,,,,,,
66,2025-05-15 23:32:00.683223,40.8079122,1.7058797,4.210659027099609,23.53959469138321,23.670000000000016,49.0,1011.0,,8.2,17.0,33.4353793218964,4.3511157290388285,,56.974974013279606,3.513827759847961,,,,,,,,,,,,,,,,
67,2025-05-15 23:32:05.682958,40.8077914,1.7057543,3.53300404548645,32.499453920078864,23.670000000000016,49.0,1011.0,,8.3,15.0,25.597286139219474,4.972185439378366,,58.09674005929834,3.186250267344366,,,,,,,,,,,,,,,,
68,2025-05-15 23:32:10.683326,40.8076653,1.7056178,3.70941162109375,28.95517655220545,23.670000000000016,49.0,1011.0,,8.4,17.0,29.598046567564193,4.972386207186652,,58.55322311976964,3.2253770619743154,,,,,,,,,,,,,,,,
69,2025-05-15 23:32:15.682903,40.8075025,1.7054228,4.139130592346191,25.863484594210007,23.670000000000016,49.0,1011.0,,8.2,16.0,31.12439716903995,4.372674684536974,,56.98788176324996,3.5432905805105195,,,,,,,,,,,,,,,,
70,2025-05-15 23:32:20.686245,40.8073908,1.7052755,3.9906654357910156,25.58935665941884,23.670000000000016,49.0,1011.0,,8.4,16.0,29.55072988875435,4.694610778854616,,55.14008654817319,3.471557126893222,,,,,,,,,,,,,,,,
71,2025-05-15 23:32:25.686029,40.8072399,1.7050656,3.920257806777954,30.084688350345044,23.670000000000016,49.0,1011.0,,8.4,16.0,29.13239569295739,4.755986506664572,,59.217084043302435,3.4243338402219594,,,,,,,,,,,,,,,,
72,2025-05-15 23:32:30.682943,40.8071381,1.7049308,4.646973609924316,26.03976153140428,23.670000000000016,49.0,1011.0,,8.8,14.0,28.680832100366718,4.435881397871176,,54.720593631770996,4.076821408034616,,,,,,,,,,,,,,,,
73,2025-05-15 23:32:35.683040,40.8069776,1.7047614,4.7197089195251465,27.266991138451957,23.670000000000016,49.0,1011.0,,8.5,17.0,36.092980437806254,4.218588723079469,,63.35997157625821,3.8138177258688146,,,,,,,,,,,,,,,,
74,2025-05-15 23:32:40.683181,40.8068248,1.7046149,4.0206427574157715,30.767710682440903,23.670000000000016,49.0,1011.0,,8.1,17.0,32.44365643931987,4.414433097176842,,63.21136712176077,3.393098455490048,,,,,,,,,,,,,,,,
75,2025-05-15 23:32:45.682929,40.8067084,1.7044845,3.737682580947876,35.58696921739684,23.670000000000016,49.0,1011.0,,8.3,15.0,26.655455319252173,4.788412098821784,,62.24242453664901,3.3404433281554384,,,,,,,,,,,,,,,,
76,2025-05-15 23:32:50.682856,40.8065617,1.7043065,3.7797858715057373,25.723989933243544,23.670000000000016,49.0,1011.0,,8.7,16.0,27.619737483999415,5.172645210375377,,53.34372741724296,3.3490563226384467,,,,,,,,,,,,,,,,
77,2025-05-15 23:32:55.682965,40.8064599,1.7041859,3.651068687438965,30.238606663291282,23.670000000000016,49.0,1011.0,,8.8,17.0,28.369864632479075,5.4147297252803614,,58.60847129577036,3.2125702672968246,,,,,,,,,,,,,,,,
78,2025-05-15 23:33:00.682835,40.8063359,1.7040468,4.286513805389404,20.51583237977813,23.670000000000016,49.0,1011.0,,8.7,18.0,33.98740863002105,4.809295870851747,,54.50324100979918,3.5542076783019585,,,,,,,,,,,,,,,,
79,2025-05-15 23:33:05.683200,40.8061599,1.7038567,3.913623094558716,19.40351387532675,23.670000000000016,49.0,1011.0,,9.0,16.0,27.637120442939946,5.34791157460213,,47.0406343182667,3.467091363298402,,,,,,,,,,,,,,,,
80,2025-05-15 23:33:10.683110,40.8060378,1.7037212,3.3911659717559814,26.85279139170946,23.670000000000016,49.0,1011.0,,9.3,15.0,23.28915612035269,6.087985832083778,,50.141947512062146,3.1148579272703527,,,,,,,,,,,,,,,,
81,2025-05-15 23:33:15.682839,40.8059276,1.7035898,4.026158332824707,21.85077065494232,23.670000000000016,49.0,1011.0,,8.9,17.0,30.12171317188434,5.1851498800356195,,51.97248382682666,3.482471156681848,,,,,,,,,,,,,,,,
82,2025-05-15 23:33:20.682942,40.8057879,1.7034368,4.05980920791626,18.805648634255316,23.670000000000016,49.0,1011.0,,8.7,17.0,30.841055085983072,4.96165621017722,,49.64670372023839,3.4857228495979062,,,,,,,,,,,,,,,,
83,2025-05-15 23:33:25.683030,40.8056377,1.7032875,3.9803669452667236,22.09777590853937,23.670000000000016,49.0,1011.0,,8.5,18.0,32.622529954050755,4.8722586517714905,,54.72030586259012,3.352426148331462,,,,,,,,,,,,,,,,
84,2025-05-15 23:33:30.682825,40.8054959,1.7031316,3.980027198791504,24.705634341204032,23.670000000000016,49.0,1011.0,,8.8,20.0,35.05732113400117,5.239902477398244,,59.7629554752052,3.2579619250078564,,,,,,,,,,,,,,,,
85,2025-05-15 23:33:35.683436,40.8053766,1.7029986,4.648468971252441,21.892569705115505,23.670000000000016,49.0,1011.0,,8.4,19.0,39.70138771915056,4.281199902095683,,61.593957424266065,3.5764580400238937,,,,,,,,,,,,,,,,
86,2025-05-15 23:33:40.683252,40.80522,1.7028084,3.7852542400360107,20.03420842064385,23.670000000000016,49.0,1011.0,,8.5,19.0,33.05942104583886,5.07293507816417,,53.09362946648271,3.1724415486378588,,,,,,,,,,,,,,,,
87,2025-05-15 23:33:45.683025,40.8050828,1.7026481,4.2201924324035645,19.674788498592147,23.670000000000016,49.0,1011.0,,8.4,18.0,34.55777535659783,4.576116994846212,,54.23256385518998,3.475558985793847,,,,,,,,,,,,,,,,
88,2025-05-15 23:33:50.683094,40.8049111,1.7024588,4.16010856628418,19.734154795310605,23.670000000000016,49.0,1011.0,,8.2,17.0,33.0721343743114,4.393388774534408,,52.806289169622005,3.486105301000848,,,,,,,,,,,,,,,,
89,2025-05-15 23:33:55.682568,40.8048036,1.702338,3.8713624477386475,25.568372610741267,23.670000000000016,49.0,1011.0,,8.5,20.0,35.23377369446912,5.039177004709246,,60.802146305210385,3.1621480931971577,,,,,,,,,,,,,,,,
90,2025-05-15 23:34:00.683242,40.804685,1.7021624,4.3846282958984375,22.388615608682265,23.670000000000016,49.0,1011.0,,8.3,18.0,36.16317632494066,4.346547907045803,,58.55179193362292,3.5398845999925403,,,,,,,,,,,,,,,,
91,2025-05-15 23:34:05.683077,40.8045301,1.7019868,4.35128116607666,21.88760074249432,23.670000000000016,49.0,1011.0,,8.1,19.0,38.56637907688497,4.230050783302993,,60.45397981937929,3.4022076872029112,,,,,,,,,,,,,,,,
92,2025-05-15 23:34:10.686348,40.8043733,1.7018184,4.117411136627197,21.44099687078199,23.670000000000016,49.0,1011.0,,8.1,22.0,41.807691905585926,4.551703086363967,,63.24868877636791,3.0690627239354358,,,,,,,,,,,,,,,,
93,2025-05-15 23:34:15.686032,40.80423,1.7016827,3.566307783126831,26.366724394520084,23.670000000000016,49.0,1011.0,,8.1,20.0,34.40535380081856,4.902914935673443,,60.77207819533864,2.942420407870706,,,,,,,,,,,,,,,,
94,2025-05-15 23:34:20.682862,40.804117,1.7015543,3.948561668395996,21.500185582582027,23.670000000000016,49.0,1011.0,,8.4,20.0,36.065189922684915,4.880147911586423,,57.56537550526694,3.191810747984623,,,,,,,,,,,,,,,,
95,2025-05-15 23:34:25.683259,40.8039823,1.7013992,4.019760608673096,20.89722843548435,23.670000000000016,49.0,1011.0,,8.5,16.0,29.44157142922983,4.766525259739464,,50.338799864714176,3.5006382824718125,,,,,,,,,,,,,,,,
96,2025-05-15 23:34:30.686072,40.8038367,1.701243,3.850733995437622,23.435924372613464,23.670000000000016,49.0,1011.0,,8.3,20.0,35.7127036755855,4.863223970741114,,59.148628048198965,3.1266193465233014,,,,,,,,,,,,,,,,
97,2025-05-15 23:34:35.682935,40.8036932,1.7010846,3.939772844314575,21.121388413854998,23.670000000000016,49.0,1011.0,,8.4,20.0,36.0045321492853,4.887255076144135,,57.1259205631403,3.1871599978451863,,,,,,,,,,,,,,,,
98,2025-05-15 23:34:40.682715,40.8035519,1.7009109,4.189215660095215,24.422435915195084,23.670000000000016,49.0,1011.0,,8.5,20.0,37.430925200722385,4.783069320149864,,61.853361115917465,3.32660033775729,,,,,,,,,,,,,,,,
99,2025-05-15 23:34:45.683126,40.80341,1.7007235,4.140273571014404,17.081659368872618,23.670000000000016,49.0,1011.0,,7.9,19.0,37.68701597289659,4.207079419908686,,54.76867534176921,3.2764555597976828,,,,,,,,,,,,,,,,
100,2025-05-15 23:34:50.683331,40.8032736,1.7005463,4.0802998542785645,26.57589381520985,23.670000000000016,49.0,1011.0,,8.7,20.0,36.00334003023283,5.061944839007275,,62.57923384544267,3.300892108553251,,,,,,,,,,,,,,,,
101,2025-05-15 23:34:55.682946,40.8031343,1.7003963,4.248815536499023,15.32310251610048,23.670000000000016,49.0,1011.0,,8.6,19.0,35.79645473505435,4.786887132725489,,51.11955725115483,3.4462143351776096,,,,,,,,,,,,,,,,
102,2025-05-15 23:35:00.686145,40.8029844,1.7002479,3.8519721031188965,24.14927103707689,23.670000000000016,49.0,1011.0,,8.1,20.0,36.386101784011075,4.6700148777779456,,60.53537282108796,3.1009828358306564,,,,,,,,,,,,,,,,
103,2025-05-15 23:35:05.683037,40.8028274,1.7000805,4.038834095001221,21.19998681572892,23.670000000000016,49.0,1011.0,,8.3,18.0,32.398369822065774,4.786912624387164,,56.54764085914266,3.2523863381841998,,,,,,,,,,,,,,,,
104,2025-05-15 23:35:10.682901,40.8026802,1.69992,4.648781776428223,24.281645225833614,23.670000000000016,49.0,1011.0,,8.9,18.0,31.858711422418384,5.21052224125897,,53.0586982381473,3.430392911801843,,,,,,,,,,,,,,,,
105,2025-05-15 23:35:15.683140,40.8025266,1.69974,4.071735382080078,18.123029283320488,23.670000000000016,49.0,1011.0,,8.0,21.0,40.16390499507819,4.4450365294680925,,58.286934278398675,3.111630359685892,,,,,,,,,,,,,,,,
106,2025-05-15 23:35:20.683063,40.8024207,1.6996038,4.060469150543213,22.014092430828374,23.670000000000016,49.0,1011.0,,8.2,18.0,34.13142822211194,4.516076299969274,,56.14552065294032,3.361064241823066,,,,,,,,,,,,,,,,
107,2025-05-15 23:35:25.683238,40.8022567,1.6994059,4.219473361968994,14.657693534326791,23.670000000000016,49.0,1011.0,,8.1,20.0,37.959759110722736,4.503865537498398,,59.97385154155111,3.2014483178419484,,,,,,,,,,,,,,,,
108,2025-05-15 23:35:30.683066,40.8021048,1.6992371,4.140342712402344,18.06266577898321,23.670000000000016,49.0,1011.0,,7.9,21.0,41.89556029900286,4.239612617535772,,56.55325383332965,3.140821084774598,,,,,,,,,,,,,,,,
109,2025-05-15 23:35:35.682846,40.8019931,1.6991197,3.5823380947113037,18.964360032451612,23.670000000000016,49.0,1011.0,,8.1,17.0,29.629981085587428,4.790101618368045,,48.59434111803904,3.113898476234364,,,,,,,,,,,,,,,,
110,2025-05-15 23:35:40.683243,40.8018705,1.6989917,3.8090896606445312,20.348444933788628,23.670000000000016,49.0,1011.0,,8.1,20.0,36.076288898221414,4.704605638872625,,56.42473383201004,3.078634423734651,,,,,,,,,,,,,,,,
111,2025-05-15 23:35:45.683237,40.8017091,1.6988076,4.179182529449463,22.263647052533127,23.670000000000016,49.0,1011.0,,8.0,20.0,36.420564255198066,4.608599451733251,,56.76900918898669,3.0651011599662605,,,,,,,,,,,,,,,,
112,2025-05-15 23:35:50.686177,40.8015859,1.6986642,4.629674911499023,21.0514626446797,23.670000000000016,49.0,1011.0,,8.6,19.0,38.6444233614949,4.483509717604965,,59.695886006174604,3.6159451934118905,,,,,,,,,,,,,,,,
113,2025-05-15 23:35:55.683295,40.8014255,1.6984733,4.373058795928955,18.469524779915236,23.670000000000016,49.0,1011.0,,8.0,20.0,41.028056600196194,4.168254543558254,,59.49758138011143,3.298984087950773,,,,,,,,,,,,,,,,
114,2025-05-15 23:36:00.682476,40.8012654,1.6982763,3.438972234725952,26.842103853205682,23.670000000000016,49.0,1011.0,,8.5,19.0,37.0639909041062,4.591503210179848,,55.53351568402144,3.4895385641036474,,,,,,,,,,,,,,,,
115,2025-05-15 23:36:05.683170,40.8011502,1.6981485,3.8385815620422363,13.87422473274943,23.670000000000016,49.0,1011.0,,8.2,20.0,33.318699839065246,5.105748719378828,,60.16080369227093,2.87370193836288,,,,,,,,,,,,,,,,
116,2025-05-15 23:36:10.683369,40.8010284,1.6980097,4.048302173614502,18.01237851121899,23.670000000000016,49.0,1011.0,,8.6,22.0,37.9211449822416,5.242012000150467,,51.79536971499103,3.028093199797771,,,,,,,,,,,,,,,,
117,2025-05-15 23:36:15.683450,40.8008849,1.6978493,4.647366046905518,19.976660661791907,23.670000000000016,49.0,1011.0,,8.2,24.0,44.091104397949216,4.793380672784155,,62.10348290916821,2.9076296188152346,,,,,,,,,,,,,,,,
118,2025-05-15 23:36:20.683294,40.8007246,1.6976741,4.201488018035889,17.981582895798695,23.670000000000016,49.0,1011.0,,8.0,22.0,47.251622680199254,4.081005627867656,,67.22828334199116,3.1545388856564047,,,,,,,,,,,,,,,,
119,2025-05-15 23:36:25.683006,40.8006142,1.6975476,4.358963966369629,12.32973625384925,23.670000000000016,49.0,1011.0,,8.1,19.0,38.631346395509,4.224046421485657,,50.96108264935825,3.405131253139456,,,,,,,,,,,,,,,,
120,2025-05-15 23:36:30.683010,40.8004818,1.6973814,3.891493797302246,20.92532783372978,23.670000000000016,49.0,1011.0,,8.5,21.0,36.989157312645204,5.062839372476563,,57.914485146374986,3.108328271795767,,,,,,,,,,,,,,,,
121,2025-05-15 23:36:35.683124,40.800337,1.6972308,4.028996467590332,22.951701526499996,23.670000000000016,49.0,1011.0,,8.1,22.0,41.076396249574856,4.6179823346546165,,64.02809777607484,3.0371950982203697,,,,,,,,,,,,,,,,
122,2025-05-15 23:36:40.683642,40.8001756,1.6970621,4.339087963104248,7.953025312012303,23.670000000000016,49.0,1011.0,,8.4,20.0,36.628623477481106,4.815361454737085,,59.5803250039811,3.233348297638559,,,,,,,,,,,,,,,,
123,2025-05-15 23:36:45.683422,40.8000319,1.6969041,3.852360248565674,12.446682752818209,23.670000000000016,49.0,1011.0,,8.2,19.0,38.02314078619007,4.334004697627227,,45.97616609820237,3.4181687603626774,,,,,,,,,,,,,,,,
124,2025-05-15 23:36:50.685734,40.7999093,1.6967545,3.929750680923462,9.205150958584673,23.670000000000016,49.0,1011.0,,7.9,21.0,39.40906144776959,4.4594702611382155,,48.61421240635426,3.0362557647030513,,,,,,,,,,,,,,,,
125,2025-05-15 23:36:55.683257,40.7997624,1.6966002,4.039742946624756,14.716156538527516,23.670000000000016,49.0,1011.0,,8.2,21.0,38.26502051788795,4.745063963735539,,47.47017147647262,3.0854618388313826,,,,,,,,,,,,,,,,
126,2025-05-15 23:37:00.682847,40.7996462,1.6964748,4.518287181854248,11.845382780367904,23.670000000000016,49.0,1011.0,,8.7,22.0,42.56786270073051,4.817820685464671,,54.413245481098414,3.3276129269128054,,,,,,,,,,,,,,,,
127,2025-05-15 23:37:05.683161,40.7994652,1.6962604,4.151381969451904,14.70615884912991,23.670000000000016,49.0,1011.0,,8.3,22.0,41.25928411439917,4.71476471047214,,55.965442963529085,3.1207306488948157,,,,,,,,,,,,,,,,
128,2025-05-15 23:37:10.683138,40.7993298,1.6960913,3.841244697570801,15.532179729236448,23.670000000000016,49.0,1011.0,,8.4,20.0,37.515454346865376,4.717709805611433,,52.22161319599529,3.2928309724341647,,,,,,,,,,,,,,,,
129,2025-05-15 23:37:15.682998,40.7992118,1.6959456,4.0277228355407715,13.879390063309254,23.670000000000016,49.0,1011.0,,8.7,22.0,37.64417799454197,5.336137525882352,,53.176357723778416,3.0415703606595947,,,,,,,,,,,,,,,,
130,2025-05-15 23:37:20.682862,40.7990869,1.6957872,4.12969446182251,11.35734612737663,23.670000000000016,49.0,1011.0,,8.2,22.0,41.490140312037504,4.636702003316351,,52.84748643941413,3.093429140358471,,,,,,,,,,,,,,,,
131,2025-05-15 23:37:25.683198,40.7989634,1.6956254,3.949810743331909,11.710440440483255,23.670000000000016,49.0,1011.0,,8.2,23.0,43.14527704874609,4.685227220073926,,54.50262317612272,3.0131163572281707,,,,,,,,,,,,,,,,
132,2025-05-15 23:37:30.683644,40.7988246,1.6954584,4.409011363983154,9.375280725525936,23.670000000000016,49.0,1011.0,,8.3,25.0,48.40882978648737,4.690105232440927,,57.7841105120133,2.926750077056339,,,,,,,,,,,,,,,,
133,2025-05-15 23:37:35.683541,40.7986884,1.6953012,3.9105935096740723,16.142441763651455,23.670000000000016,49.0,1011.0,,8.0,24.0,48.29765151167658,4.358218023407032,,57.67293223720252,2.933143123566233,,,,,,,,,,,,,,,,
134,2025-05-15 23:37:40.683324,40.7985529,1.6951496,4.636134147644043,13.239834201317707,23.670000000000016,49.0,1011.0,,8.3,21.0,37.774824940778934,4.855777235215225,,53.91726670443039,3.091027902429105,,,,,,,,,,,,,,,,
135,2025-05-15 23:37:45.683188,40.7983986,1.6949879,4.240979194641113,8.806754562034293,23.670000000000016,49.0,1011.0,,7.8,25.0,49.3714968380754,4.343413175909664,,58.178251400109694,2.7615214673804815,,,,,,,,,,,,,,,,
136,2025-05-15 23:37:50.682875,40.7982598,1.6948308,4.110445022583008,14.419181620962654,23.670000000000016,49.0,1011.0,,8.0,24.0,45.49707316378705,4.562291553085127,,59.916254784749704,2.881198756707355,,,,,,,,,,,,,,,,
137,2025-05-15 23:37:55.683495,40.7981098,1.694656,4.319118022918701,13.331806113586515,23.670000000000016,49.0,1011.0,,8.3,24.0,44.19625860500273,4.842670460375112,,58.615440225965386,2.9470087591219207,,,,,,,,,,,,,,,,
138,2025-05-15 23:38:00.685879,40.7979666,1.6944818,4.240386486053467,14.585204736665446,23.670000000000016,49.0,1011.0,,8.1,22.0,42.86071927189513,4.460792281852516,,57.445924008560574,3.108243212744262,,,,,,,,,,,,,,,,
139,2025-05-15 23:38:05.683848,40.7978318,1.6943144,4.190178394317627,7.973373299323417,23.670000000000016,49.0,1011.0,,8.3,24.0,45.28889478067429,4.750371886029924,,59.87409951733974,2.9832495300698527,,,,,,,,,,,,,,,,
140,2025-05-15 23:38:10.682847,40.7977047,1.6941585,4.379392623901367,9.806218704603197,23.670000000000016,49.0,1011.0,,8.5,24.0,44.04114413890299,4.973226469396769,,52.01451743822641,3.0120711063776526,,,,,,,,,,,,,,,,
141,2025-05-15 23:38:15.683079,40.7975732,1.6939975,4.030849456787109,13.664348387480572,23.670000000000016,49.0,1011.0,,7.9,25.0,50.212643678869554,4.344842123859671,,60.01886238347275,2.8025491456544613,,,,,,,,,,,,,,,,
142,2025-05-15 23:38:20.683087,40.7974746,1.6938802,4.28660774230957,13.535555779169872,23.670000000000016,49.0,1011.0,,8.3,24.0,45.68780638501688,4.717968080699428,,59.22336216418675,2.994485207378105,,,,,,,,,,,,,,,,
143,2025-05-15 23:38:25.682946,40.797312,1.6936881,4.088015079498291,11.028800367920677,23.670000000000016,49.0,1011.0,,8.0,22.0,41.99046930895111,4.479553775458376,,53.01926967687179,3.038442225172943,,,,,,,,,,,,,,,,
144,2025-05-15 23:38:30.683015,40.7971752,1.6934995,4.212046146392822,12.363173444931048,23.670000000000016,49.0,1011.0,,8.4,20.0,37.05174951827153,4.768127886839401,,48.0805498861922,3.262610599268409,,,,,,,,,,,,,,,,
145,2025-05-15 23:38:35.683587,40.7970371,1.6933207,4.040912628173828,11.356410391460338,23.670000000000016,49.0,1011.0,,8.5,20.0,37.59778167850489,4.76496014069023,,49.96095512343594,3.3372600377811112,,,,,,,,,,,,,,,,
146,2025-05-15 23:38:40.683002,40.7969084,1.6931543,4.010378837585449,11.913783709810998,23.670000000000016,49.0,1011.0,,8.4,23.0,41.6418700736901,4.939469215762506,,52.99828046515044,3.019825379496222,,,,,,,,,,,,,,,,
147,2025-05-15 23:38:45.683274,40.7967697,1.6929802,4.260627746582031,15.537777069261274,23.670000000000016,49.0,1011.0,,8.2,23.0,42.16575842904749,4.772980012570268,,54.07954213885849,2.972516468110157,,,,,,,,,,,,,,,,
148,2025-05-15 23:38:50.682833,40.7966152,1.6928067,4.090552806854248,17.74095191624456,23.670000000000016,49.0,1011.0,,8.6,24.0,44.209096759670366,5.016550832184669,,59.74687382893164,3.054017588796024,,,,,,,,,,,,,,,,
149,2025-05-15 23:38:55.683171,40.7964572,1.6926402,4.746840953826904,9.363960540750286,23.670000000000016,49.0,1011.0,,8.2,25.0,52.23316021886765,4.383842692019452,,61.59712075961794,2.9072010564044013,,,,,,,,,,,,,,,,
150,2025-05-15 23:39:00.683137,40.7963217,1.6924741,3.9120852947235107,7.451044827830447,23.670000000000016,49.0,1011.0,,8.6,25.0,43.113014830014215,5.317978324067218,,50.564059657844666,2.8558498493773987,,,,,,,,,,,,,,,,
151,2025-05-15 23:39:05.686237,40.7962363,1.6923517,4.2186360359191895,9.958579734418672,23.670000000000016,49.0,1011.0,,8.3,23.0,43.46592306287646,4.714289543477421,,53.42450279729513,3.061817038438524,,,,,,,,,,,,,,,,
152,2025-05-15 23:39:10.683499,40.7960682,1.6921553,4.210005760192871,11.512695364953984,23.670000000000016,49.0,1011.0,,8.7,27.0,48.11710375075315,5.3051170839798045,,59.62979911570714,2.810643361148669,,,,,,,,,,,,,,,,
153,2025-05-15 23:39:15.682859,40.7959254,1.6919935,4.160254955291748,8.654355112404737,23.670000000000016,49.0,1011.0,,8.2,28.0,51.792873260701384,4.89916640766071,,63.30556862565537,2.603914409734687,,,,,,,,,,,,,,,,
154,2025-05-15 23:39:20.682846,40.7958043,1.6918319,4.189530372619629,10.208100205177576,23.670000000000016,49.0,1011.0,,8.5,27.0,48.506520676658084,5.151881022145859,,57.16087578906282,2.756313715179167,,,,,,,,,,,,,,,,
155,2025-05-15 23:39:25.683615,40.7956781,1.6916586,4.57653284072876,14.742425446075384,23.670000000000016,49.0,1011.0,,8.0,30.0,59.547980287306316,4.640081208456481,,74.2904057333817,2.3194630190341496,,,,,,,,,,,,,,,,
156,2025-05-15 23:39:30.682561,40.795535,1.6914963,4.378571033477783,9.801270232549523,23.670000000000016,49.0,1011.0,,8.7,25.0,48.019297645132454,4.946094310838792,,62.76172309120784,3.0611525299528632,,,,,,,,,,,,,,,,
157,2025-05-15 23:39:35.686253,40.7954067,1.6913426,3.9882192611694336,12.77693264447208,23.670000000000016,49.0,1011.0,,8.4,29.0,53.912964533279535,5.039331745716798,,63.71423476582906,2.579037516580771,,,,,,,,,,,,,,,,
158,2025-05-15 23:39:40.683125,40.7952886,1.6911918,3.7888667583465576,11.43332088283562,23.670000000000016,49.0,1011.0,,8.3,29.0,50.891654205549266,5.185767559623987,,63.66858685002134,2.5157242049892905,,,,,,,,,,,,,,,,
159,2025-05-15 23:39:45.683234,40.7951789,1.6910333,4.037182331085205,12.74452339686037,23.670000000000016,49.0,1011.0,,9.3,32.0,50.25550533118248,6.409452724670714,,61.68882621401811,2.4224692646674435,,,,,,,,,,,,,,,,
160,2025-05-15 23:39:50.683404,40.7950583,1.6908558,4.010496616363525,11.377183558047285,23.670000000000016,49.0,1011.0,,8.7,34.0,56.64707457707654,5.824229709183984,,68.02425813512383,2.204949535583642,,,,,,,,,,,,,,,,
161,2025-05-15 23:39:55.683283,40.7949189,1.6906808,4.637901306152344,10.2048720870211,23.670000000000016,49.0,1011.0,,8.5,31.0,53.196686086329386,5.467517865061581,,64.57386964437667,2.4025678501439374,,,,,,,,,,,,,,,,
162,2025-05-15 23:40:00.683613,40.794759,1.6904826,4.51041316986084,13.297834460202164,23.670000000000016,49.0,1011.0,,8.2,32.0,61.94209730758484,4.924048051245002,,72.14696939460593,2.1815000625337837,,,,,,,,,,,,,,,,
163,2025-05-15 23:40:05.682915,40.7946223,1.6903089,4.340393543243408,15.381208642917072,23.670000000000016,49.0,1011.0,,8.9,30.0,52.88588218395859,5.580390223696712,,68.26709082687566,2.6190129784219303,,,,,,,,,,,,,,,,
164,2025-05-15 23:40:10.682878,40.7944769,1.6901384,4.210641384124756,9.59226900526807,23.670000000000016,49.0,1011.0,,8.7,31.0,55.17670023381167,5.458323977802549,,70.55790887672875,2.4785706521958573,,,,,,,,,,,,,,,,
165,2025-05-15 23:40:15.683289,40.7943278,1.6899632,4.349503993988037,13.76570412589533,23.670000000000016,49.0,1011.0,,8.5,32.0,56.35494207172303,5.410679431072244,,65.9472110769911,2.332890679448814,,,,,,,,,,,,,,,,
166,2025-05-15 23:40:20.682883,40.7941691,1.689782,3.962003469467163,10.376190306877945,23.670000000000016,49.0,1011.0,,8.4,34.0,57.41805908968426,5.574527413201689,,67.79424939656221,2.1335595705440324,,,,,,,,,,,,,,,,
167,2025-05-15 23:40:25.686174,40.7940382,1.6896201,3.7808258533477783,18.301401381042663,23.670000000000016,49.0,1011.0,,8.1,30.0,51.39216035782798,5.182772048386813,,69.69356173887064,2.3591843836474533,,,,,,,,,,,,,,,,
168,2025-05-15 23:40:30.682657,40.7939087,1.6894615,4.128152847290039,9.506994947254109,23.670000000000016,49.0,1011.0,,8.1,34.0,57.063116957989934,5.396907243264035,,75.3645183390326,2.0556910721372263,,,,,,,,,,,,,,,,
169,2025-05-15 23:40:35.682763,40.7938075,1.6893207,3.9905693531036377,11.292443962335877,23.670000000000016,49.0,1011.0,,8.3,33.0,56.691321507599426,5.40908595510976,,67.9837654699353,2.1914188057881665,,,,,,,,,,,,,,,,
170,2025-05-15 23:40:40.682915,40.7936576,1.6891375,4.0582966804504395,16.19998269231423,23.670000000000016,49.0,1011.0,,8.8,33.0,54.693342761350664,5.873051217584208,,70.22888635875334,2.3036934148161063,,,,,,,,,,,,,,,,
171,2025-05-15 23:40:45.682909,40.7935498,1.6890051,4.239241600036621,13.371912130619183,23.670000000000016,49.0,1011.0,,9.0,35.0,58.74485506583777,6.0385981594400056,,72.11676719645695,2.1995306049467422,,,,,,,,,,,,,,,,
172,2025-05-15 23:40:50.683051,40.7933709,1.6887919,4.442831516265869,5.6209421703892515,23.670000000000016,49.0,1011.0,,9.1,36.0,59.6844300107543,6.19611197016515,,68.55666218126692,2.137411299389853,,,,,,,,,,,,,,,,
173,2025-05-15 23:40:55.682388,40.7932339,1.6886196,3.7924647331237793,16.007690669063567,23.670000000000016,49.0,1011.0,,9.0,39.0,65.67358418059807,6.215759320576016,,80.8390151948034,1.8264467182836284,,,,,,,,,,,,,,,,
174,2025-05-15 23:41:00.682921,40.7931132,1.6884667,4.268726348876953,13.678328930937942,23.670000000000016,49.0,1011.0,,8.4,36.0,62.896108629698944,5.546502712871697,,76.57443756063688,1.9448546346550406,,,,,,,,,,,,,,,,
175,2025-05-15 23:41:05.683232,40.7930023,1.6883445,4.050904273986816,13.78629458492198,23.670000000000016,49.0,1011.0,,9.0,35.0,57.241888574866515,6.138428799490061,,71.0281831597885,2.19191810441964,,,,,,,,,,,,,,,,
176,2025-05-15 23:41:10.683571,40.7928716,1.6881455,4.04934549331665,15.434132363700916,23.670000000000016,49.0,1011.0,,9.0,35.0,57.241888574866515,6.138428799490061,,71.0281831597885,2.19191810441964,,,,,,,,,,,,,,,,
177,2025-05-15 23:41:15.683728,40.7927513,1.6880106,4.039543628692627,11.779929931325318,23.670000000000016,49.0,1011.0,,9.5,36.0,56.85695957668199,6.668941690449469,,68.6368895080073,2.2085441265335497,,,,,,,,,,,,,,,,
178,2025-05-15 23:41:20.683245,40.792619,1.6878327,4.26926326751709,15.800146833396267,23.670000000000016,49.0,1011.0,,9.4,34.0,56.163675931730815,6.328212331807156,,71.96382276512708,2.3772211059486636,,,,,,,,,,,,,,,,
179,2025-05-15 23:41:25.682971,40.7924498,1.6876222,4.697618007659912,12.140035433614962,23.670000000000016,49.0,1011.0,,9.2,34.0,56.86737099341504,6.143453684923201,,72.6675178268113,2.3334893892173336,,,,,,,,,,,,,,,,
180,2025-05-15 23:41:30.682721,40.7922765,1.6874317,4.491113185882568,10.761697282690866,23.670000000000016,49.0,1011.0,,8.7,34.0,60.77694841069733,5.574464123674333,,71.53864569338819,2.1926100467345653,,,,,,,,,,,,,,,,
181,2025-05-15 23:41:35.683509,40.7921245,1.6872634,4.291005611419678,13.766022583465382,23.670000000000016,49.0,1011.0,,8.7,34.0,60.72070319925096,5.5775297220200635,,73.75228322522769,2.193388347735641,,,,,,,,,,,,,,,,
182,2025-05-15 23:41:40.683231,40.792014,1.6871306,4.220258712768555,10.883955107513154,23.670000000000016,49.0,1011.0,,9.1,36.0,59.570948344869294,6.203308234453979,,70.45490345238245,2.1374387942203166,,,,,,,,,,,,,,,,
183,2025-05-15 23:41:45.682526,40.7918536,1.6869269,4.378177165985107,13.161199087176998,23.670000000000016,49.0,1011.0,,8.5,38.0,66.09164029804235,5.724296777849228,,79.25283938521935,1.774365646183711,,,,,,,,,,,,,,,,
184,2025-05-15 23:41:50.683402,40.7917168,1.686767,4.317566871643066,8.35710357217849,23.670000000000016,49.0,1011.0,,8.9,35.0,60.23820914900807,5.88048589565068,,68.68706179853369,2.169945999164707,,,,,,,,,,,,,,,,
185,2025-05-15 23:41:55.683249,40.7915998,1.6866274,4.152061462402344,16.690438086045333,23.670000000000016,49.0,1011.0,,8.7,36.0,60.557949913104025,5.8720931730108035,,77.24838799914936,2.0409168139632574,,,,,,,,,,,,,,,,
186,2025-05-15 23:42:00.683019,40.7914819,1.6864999,3.9928131103515625,10.993180077625414,23.670000000000016,49.0,1011.0,,8.4,37.0,63.1133222393403,5.667934597006944,,74.32135530881857,1.8746375716742945,,,,,,,,,,,,,,,,
187,2025-05-15 23:42:05.683385,40.7913543,1.6863494,4.109616756439209,13.043317706065393,23.670000000000016,49.0,1011.0,,9.2,35.0,56.11904960472445,6.356200888338984,,67.11222968234986,2.2258699992313944,,,,,,,,,,,,,,,,
188,2025-05-15 23:42:10.682808,40.7912476,1.686211,4.209589004516602,11.975191379317643,23.670000000000016,49.0,1011.0,,8.2,35.0,61.936838671990465,5.3299744082707186,,73.91203005130811,1.9803784786915504,,,,,,,,,,,,,,,,
189,2025-05-15 23:42:15.683143,40.7910942,1.6860071,4.0903778076171875,13.887572629934928,23.670000000000016,49.0,1011.0,,8.1,37.0,65.13291188721317,5.372840770692846,,77.1081032665308,1.7701941372981276,,,,,,,,,,,,,,,,
190,2025-05-15 23:42:20.683557,40.7909596,1.6858445,4.358716011047363,8.625118487662498,23.670000000000016,49.0,1011.0,,8.4,35.0,62.36872530401298,5.438274199176356,,70.99384379167549,2.021483991460204,,,,,,,,,,,,,,,,
191,2025-05-15 23:42:25.682579,40.7908417,1.6857091,4.210598945617676,9.369051593002885,23.670000000000016,49.0,1011.0,,8.9,35.0,58.89651302930088,5.9619455227237,,68.26556462230376,2.175134107178936,,,,,,,,,,,,,,,,
192,2025-05-15 23:42:30.683056,40.7907348,1.685582,4.205867290496826,14.081940176919627,23.670000000000016,49.0,1011.0,,8.6,35.0,60.07923781004286,5.691318765817799,,74.16117798696249,2.0978943565769255,,,,,,,,,,,,,,,,
193,2025-05-15 23:42:35.686282,40.7905818,1.6854079,4.247661590576172,8.938484151688098,23.670000000000016,49.0,1011.0,,8.8,34.0,58.22706102630038,5.788327775457494,,67.16554517798848,2.2366245986963595,,,,,,,,,,,,,,,,
194,2025-05-15 23:42:40.682748,40.7904193,1.685211,4.119829177856445,11.751722103826813,23.670000000000016,49.0,1011.0,,8.7,33.0,56.16202919589709,5.7046357959836484,,67.9137512997239,2.2941112208155854,,,,,,,,,,,,,,,,
195,2025-05-15 23:42:45.683254,40.790315,1.6850825,4.115016460418701,12.501479652981928,23.670000000000016,49.0,1011.0,,8.4,34.0,58.80581335787729,5.491148059807843,,70.5575354617041,2.1338252288330506,,,,,,,,,,,,,,,,
196,2025-05-15 23:42:50.683210,40.7901576,1.6848758,4.1721720695495605,9.042231310086006,23.670000000000016,49.0,1011.0,,8.8,34.0,57.59616518039246,5.82843044507476,,66.63839649047847,2.2357973569899805,,,,,,,,,,,,,,,,
197,2025-05-15 23:42:55.683212,40.790034,1.6847064,3.9906063079833984,19.505695212857436,23.670000000000016,49.0,1011.0,,9.1,37.0,59.10501337874992,6.382069605492034,,78.61070859160736,2.0490413347130403,,,,,,,,,,,,,,,,
198,2025-05-15 23:43:00.686120,40.7898728,1.6845119,4.2580766677856445,14.9892104260717,23.670000000000016,49.0,1011.0,,8.7,35.0,57.85286736634961,5.8937124990900704,,77.35856257920705,2.1233826961034183,,,,,,,,,,,,,,,,
199,2025-05-15 23:43:05.683206,40.7897227,1.6843479,4.71839714050293,12.654781541355572,23.670000000000016,49.0,1011.0,,9.2,35.0,58.150589076513675,6.212229253422035,,73.13979950258538,2.2469382290430424,,,,,,,,,,,,,,,,
200,2025-05-15 23:43:10.683022,40.7895925,1.6842029,4.192149639129639,11.555587245394372,23.670000000000016,49.0,1011.0,,8.6,36.0,66.10850737678133,5.528683373283495,,78.76328891813691,1.910978361012835,,,,,,,,,,,,,,,,
201,2025-05-15 23:43:15.682895,40.7894545,1.6840412,4.189888954162598,11.891897222389337,23.670000000000016,49.0,1011.0,,8.7,36.0,60.88039444730445,5.853592028574001,,72.77229166969379,2.0389438483481235,,,,,,,,,,,,,,,,
202,2025-05-15 23:43:20.682845,40.7893037,1.6838286,4.858175277709961,15.863187771888192,23.670000000000016,49.0,1011.0,,9.0,33.0,61.24400782514565,5.591288928405908,,77.10719559703384,2.3371731835708043,,,,,,,,,,,,,,,,
203,2025-05-15 23:43:25.682919,40.7891613,1.683632,4.6408843994140625,11.95979954802302,23.670000000000016,49.0,1011.0,,8.6,34.0,64.71640051522256,5.318550346978342,,80.57958828711075,2.074922087580096,,,,,,,,,,,,,,,,
204,2025-05-15 23:43:30.683288,40.7890427,1.6834998,3.723656415939331,12.429547515737939,23.670000000000016,49.0,1011.0,,9.0,35.0,54.746756160826415,6.321493757627917,,67.17630367656436,2.149262548548461,,,,,,,,,,,,,,,,
205,2025-05-15 23:43:35.683120,40.7888795,1.6833259,4.268866062164307,11.52437413466106,23.670000000000016,49.0,1011.0,,8.7,37.0,62.900230595077275,5.881492482676759,,74.42460472973833,1.944644899818682,,,,,,,,,,,,,,,,
206,2025-05-15 23:43:40.683565,40.7887399,1.6831418,4.130368232727051,14.058234297857807,23.670000000000016,49.0,1011.0,,8.6,33.0,57.85175760362921,5.532111122300391,,69.37613173829027,2.271513398611142,,,,,,,,,,,,,,,,
207,2025-05-15 23:43:45.686223,40.7886096,1.6829842,4.259641170501709,8.202024127073349,23.670000000000016,49.0,1011.0,,9.1,34.0,57.15876143256984,6.05665056109191,,65.36078555964319,2.310059066239667,,,,,,,,,,,,,,,,
208,2025-05-15 23:43:50.682847,40.7885026,1.6828468,4.220148086547852,12.331793848336718,23.670000000000016,49.0,1011.0,,8.6,33.0,57.42655200549387,5.558187582331198,,69.75834585383059,2.2720446686177334,,,,,,,,,,,,,,,,
209,2025-05-15 23:43:55.682951,40.7883763,1.6826653,4.269780158996582,11.75392057096591,23.670000000000016,49.0,1011.0,,8.3,36.0,63.38093098908717,5.4570351295979185,,75.13485156005308,1.9131034061816474,,,,,,,,,,,,,,,,
210,2025-05-15 23:44:00.682865,40.7882125,1.6824577,4.429565906524658,9.23045254059134,23.670000000000016,49.0,1011.0,,8.4,34.0,61.65125553851904,5.337303420367535,,70.88170807911038,2.1033222500531275,,,,,,,,,,,,,,,,
211,2025-05-15 23:44:05.683496,40.7880768,1.6822959,4.340172290802002,15.472733177795243,23.670000000000016,49.0,1011.0,,8.8,34.0,59.78318268796188,5.694645427748139,,69.01363522855323,2.2292836010706374,,,,,,,,,,,,,,,,
212,2025-05-15 23:44:10.683292,40.7879752,1.6821652,3.752309799194336,12.281108722053345,23.670000000000016,49.0,1011.0,,8.6,34.0,54.919542740612485,5.876560979167532,,67.20065146266583,2.156550601520877,,,,,,,,,,,,,,,,
213,2025-05-15 23:44:15.683316,40.7878232,1.6819798,3.999479293823242,14.360897909227642,23.670000000000016,49.0,1011.0,,9.0,34.0,53.6105096090328,6.2518256770287195,,65.89161833108615,2.226137476704526,,,,,,,,,,,,,,,,
214,2025-05-15 23:44:20.683533,40.7876807,1.6818119,4.319232940673828,14.082179233540579,23.670000000000016,49.0,1011.0,,8.8,35.0,57.552804980711734,5.981223768117119,,71.91370288993937,2.145809002400073,,,,,,,,,,,,,,,,
215,2025-05-15 23:44:25.683272,40.7875605,1.681666,4.280204772949219,10.105909476136786,23.670000000000016,49.0,1011.0,,8.8,34.0,58.501727093106624,5.771258335779224,,68.60763656924341,2.2362908417472886,,,,,,,,,,,,,,,,
216,2025-05-15 23:44:30.683458,40.7873786,1.6814445,4.319921493530273,12.972567191547817,23.670000000000016,49.0,1011.0,,9.0,35.0,59.403803529472384,5.997134007472721,,72.37637072102021,2.198772109584989,,,,,,,,,,,,,,,,
217,2025-05-15 23:44:35.683467,40.787233,1.6812643,4.030898571014404,16.497121534419172,23.670000000000016,49.0,1011.0,,8.9,33.0,57.03009581899342,5.777757496511977,,70.00266301054124,2.3508944964923484,,,,,,,,,,,,,,,,
218,2025-05-15 23:44:40.682939,40.7871074,1.6811021,4.219061851501465,9.693956861631221,23.670000000000016,49.0,1011.0,,9.2,32.0,53.68665783827405,6.050279603896479,,63.38061469990527,2.498531951185225,,,,,,,,,,,,,,,,
219,2025-05-15 23:44:45.683248,40.7870029,1.6809696,3.7818262577056885,12.615911788562675,23.670000000000016,49.0,1011.0,,8.9,35.0,55.49867143255492,6.194332506645415,,68.1145832211176,2.142122248456405,,,,,,,,,,,,,,,,
220,2025-05-15 23:44:50.683057,40.7868886,1.680817,4.148681163787842,15.818067542231088,23.670000000000016,49.0,1011.0,,8.6,34.0,58.20603245297619,5.658061447515949,,74.02409999520728,2.1858003387560383,,,,,,,,,,,,,,,,
221,2025-05-15 23:44:55.682894,40.786749,1.6806245,3.611022472381592,15.401120351894951,23.670000000000016,49.0,1011.0,,8.5,34.0,58.62802911762103,5.567004747270526,,74.44609665985212,2.1597702747504797,,,,,,,,,,,,,,,,
222,2025-05-15 23:45:00.682918,40.7866297,1.6804806,4.178460597991943,11.912507318209851,23.670000000000016,49.0,1011.0,,8.8,36.0,60.37911695974614,5.950099983091314,,72.29162427795599,2.0652406927687417,,,,,,,,,,,,,,,,
223,2025-05-15 23:45:05.685898,40.7865186,1.6803403,4.448802471160889,12.603982009403602,23.670000000000016,49.0,1011.0,,8.9,35.0,60.89709825222705,5.8424541979528275,,73.50108026163065,2.1638069089420955,,,,,,,,,,,,,,,,
224,2025-05-15 23:45:10.683163,40.78637,1.6801578,4.450007915496826,13.831704243845163,23.670000000000016,49.0,1011.0,,8.8,34.0,59.961232311648246,5.684384950896123,,73.79293655549341,2.2276110345103257,,,,,,,,,,,,,,,,
225,2025-05-15 23:45:15.683014,40.7862287,1.6799887,4.021458625793457,8.533187556528711,23.670000000000016,49.0,1011.0,,8.9,31.0,51.79841871803308,5.833044746372263,,60.33160627456179,2.4869909943597333,,,,,,,,,,,,,,,,
226,2025-05-15 23:45:20.683337,40.7861044,1.6798173,4.029821395874023,8.542052288297741,23.670000000000016,49.0,1011.0,,9.1,31.0,51.184561523287826,6.015185279704049,,59.726613811585565,2.5259475938937967,,,,,,,,,,,,,,,,
227,2025-05-15 23:45:25.683343,40.7859982,1.6796598,4.289188861846924,13.971462720868317,23.670000000000016,49.0,1011.0,,8.9,35.0,57.43222043767877,6.057310620040792,,65.97427272597652,2.1692405440419695,,,,,,,,,,,,,,,,
228,2025-05-15 23:45:30.686182,40.7858922,1.6795277,3.841754674911499,14.803442941025693,23.670000000000016,49.0,1011.0,,8.8,36.0,57.639341932247085,6.123519424831035,,72.44278487327279,2.056287334485554,,,,,,,,,,,,,,,,
229,2025-05-15 23:45:35.683259,40.785735,1.6793439,4.059527397155762,10.080228818631184,23.670000000000016,49.0,1011.0,,9.0,33.0,52.9065809537411,6.14521607676525,,67.71002389476679,2.3170251486625957,,,,,,,,,,,,,,,,
230,2025-05-15 23:45:40.686223,40.7856268,1.6792152,3.771240711212158,14.98360967095229,23.670000000000016,49.0,1011.0,,9.1,35.0,54.79224205136906,6.388150038044608,,69.77585172232135,2.1742822588767687,,,,,,,,,,,,,,,,
231,2025-05-15 23:45:45.683196,40.7854703,1.6790065,3.979478597640991,10.309740250216537,23.670000000000016,49.0,1011.0,,8.9,34.0,54.065423828237,6.146588659204341,,69.04903349918929,2.2131944124725678,,,,,,,,,,,,,,,,
232,2025-05-15 23:45:50.682970,40.7853632,1.6788636,3.999952793121338,13.537201854759846,23.670000000000016,49.0,1011.0,,8.9,33.0,54.447711236233516,5.957934426429712,,67.98491309099336,2.3257552903088676,,,,,,,,,,,,,,,,
233,2025-05-15 23:45:55.682967,40.7852059,1.6786678,3.890261173248291,12.502689450238666,23.670000000000016,49.0,1011.0,,8.1,38.0,63.442330465142206,5.575117599349613,,75.94501991538087,1.7393293873838196,,,,,,,,,,,,,,,,
234,2025-05-15 23:46:00.683276,40.7850753,1.6785031,4.109438896179199,14.871895096887561,23.670000000000016,49.0,1011.0,,8.7,34.0,55.6702524021501,5.891190658070747,,68.17294185238876,2.19393176477521,,,,,,,,,,,,,,,,
235,2025-05-15 23:46:05.682922,40.7849258,1.6783303,4.508238315582275,11.302543250797386,23.670000000000016,49.0,1011.0,,9.3,37.0,59.340226822822,6.506407059558056,,74.21212191970956,2.0955635640597956,,,,,,,,,,,,,,,,
236,2025-05-15 23:46:10.683251,40.7847611,1.6781437,4.420351505279541,16.81521368935042,23.670000000000016,49.0,1011.0,,9.5,38.0,62.33786975052714,6.6035673339090195,,79.15308343987756,2.0521779869744,,,,,,,,,,,,,,,,
237,2025-05-15 23:46:15.683223,40.7846207,1.6779616,4.080916881561279,12.005026499385906,23.670000000000016,49.0,1011.0,,8.5,34.0,61.076041821040604,5.430531303658835,,77.89125551039102,2.1378960023773326,,,,,,,,,,,,,,,,
238,2025-05-15 23:46:20.685894,40.7844885,1.6777893,4.42901086807251,9.380028560772741,23.670000000000016,49.0,1011.0,,8.8,33.0,58.37637033935799,5.628611783614024,,67.75639890013073,2.322294832623124,,,,,,,,,,,,,,,,
239,2025-05-15 23:46:25.683156,40.7843749,1.6776492,3.991825819015503,7.798160164092373,23.670000000000016,49.0,1011.0,,9.2,36.0,57.454096321580224,6.415037235111209,,65.2522564856726,2.147503038016294,,,,,,,,,,,,,,,,
240,2025-05-15 23:46:30.682838,40.7842305,1.6774713,4.0098395347595215,11.583053997367932,23.670000000000016,49.0,1011.0,,9.6,36.0,56.34581258965862,6.7788988184254775,,67.92886658702655,2.2221690072390636,,,,,,,,,,,,,,,,
241,2025-05-15 23:46:35.683,40.7841089,1.6773183,4.249294757843018,13.088004218710202,23.670000000000016,49.0,1011.0,,8.9,38.0,61.27121153581552,6.248554417138754,,72.85426553318345,1.9273861595467043,,,,,,,,,,,,,,,,
242,2025-05-15 23:46:40.683215,40.7839599,1.6771416,3.970862865447998,15.843134336485035,23.670000000000016,49.0,1011.0,,8.9,35.0,59.21599472721933,5.942048203981687,,72.30399894592954,2.174802047651439,,,,,,,,,,,,,,,,
243,2025-05-15 23:46:45.682988,40.7838256,1.6769709,4.049813270568848,12.320403654122074,23.670000000000016,49.0,1011.0,,9.3,35.0,55.637995510191935,6.461948609133829,,71.48112984667696,2.2412332586317243,,,,,,,,,,,,,,,,
244,2025-05-15 23:46:50.683308,40.7837193,1.6768363,4.129690647125244,10.880442682732475,23.670000000000016,49.0,1011.0,,8.3,37.0,63.42162864862444,5.58530149072551,,74.30207133135691,1.8477124691495035,,,,,,,,,,,,,,,,
245,2025-05-15 23:46:55.686358,40.7835915,1.6766708,3.950402021408081,15.45227334613647,23.670000000000016,49.0,1011.0,,8.9,37.0,59.480639188112825,6.217547619337795,,74.9329125342493,2.0061306320303505,,,,,,,,,,,,,,,,
246,2025-05-15 23:47:00.682826,40.7834737,1.6765171,4.298458099365234,10.451670727395756,23.670000000000016,49.0,1011.0,,8.8,33.0,57.25849715038483,5.698149948138939,,67.71016787778058,2.3248199308249933,,,,,,,,,,,,,,,,
247,2025-05-15 23:47:05.683448,40.7833329,1.6763602,4.678254127502441,10.339691483500689,23.670000000000016,49.0,1011.0,,8.7,35.0,63.86541137851457,5.558395160511274,,74.20510286201527,2.060683065577877,,,,,,,,,,,,,,,,
248,2025-05-15 23:47:10.682831,40.7831786,1.6761985,3.90278697013855,13.616094808541725,23.670000000000016,49.0,1011.0,,8.9,32.0,52.30239923986665,5.960551758947103,,65.91849404840838,2.386530454326169,,,,,,,,,,,,,,,,
249,2025-05-15 23:47:15.683318,40.7830499,1.676045,4.119208335876465,9.626045998261077,23.670000000000016,49.0,1011.0,,8.7,32.0,54.74524377929949,5.645767195172884,,64.37128977756058,2.3776605141024962,,,,,,,,,,,,,,,,
250,2025-05-15 23:47:20.682876,40.7829252,1.6758617,4.568480491638184,12.652817008195548,23.670000000000016,49.0,1011.0,,9.1,36.0,62.42301198188788,6.034418606587947,,75.07582899008344,2.1149326672598074,,,,,,,,,,,,,,,,
251,2025-05-15 23:47:25.683405,40.7827815,1.6756149,3.951505422592163,9.17288599871918,23.670000000000016,49.0,1011.0,,9.2,34.0,54.455361042100705,6.322735181602315,,63.628247040819886,2.297156521996823,,,,,,,,,,,,,,,,
252,2025-05-15 23:47:30.683361,40.7826598,1.6754492,4.079627990722656,17.025230053497264,23.670000000000016,49.0,1011.0,,9.1,37.0,59.795730832726576,6.336820442881505,,76.82096088622384,2.052396968357468,,,,,,,,,,,,,,,,
253,2025-05-15 23:47:35.686041,40.7825516,1.6753186,4.249300956726074,13.332787099506058,23.670000000000016,49.0,1011.0,,8.4,37.0,64.05836101072074,5.621686786062311,,77.39114811022681,1.8588797147500533,,,,,,,,,,,,,,,,
254,2025-05-15 23:47:40.683128,40.7823816,1.6751132,4.459600448608398,9.82550545127202,23.670000000000016,49.0,1011.0,,8.5,35.0,62.822531793150254,5.4804645925326225,,72.64803724442227,2.0369141440297613,,,,,,,,,,,,,,,,
255,2025-05-15 23:47:45.682882,40.7822649,1.6749681,4.111551761627197,13.021977633777334,23.670000000000016,49.0,1011.0,,8.8,31.0,52.86991630162784,5.6848389532884855,,65.89189393540518,2.481842354593983,,,,,,,,,,,,,,,,
256,2025-05-15 23:47:50.683330,40.7821361,1.6748122,3.790684223175049,13.837942767878323,23.670000000000016,49.0,1011.0,,8.8,33.0,53.16838245287782,5.988030207809028,,67.00632522075614,2.272383939801115,,,,,,,,,,,,,,,,
257,2025-05-15 23:47:55.683469,40.7819953,1.6746209,4.009566783905029,9.347155714071116,23.670000000000016,49.0,1011.0,,8.4,35.0,57.324723627634484,5.723881707775591,,71.1626663955128,2.046503798614341,,,,,,,,,,,,,,,,
258,2025-05-15 23:48:00.683024,40.7818651,1.6744314,4.049928665161133,12.780931720231123,23.670000000000016,49.0,1011.0,,8.5,34.0,57.768257044256565,5.61904713362749,,70.5491887644877,2.16000920973838,,,,,,,,,,,,,,,,
259,2025-05-15 23:48:05.683324,40.7817185,1.6742509,4.389140605926514,15.137136955568543,23.670000000000016,49.0,1011.0,,8.6,33.0,55.97217479937533,5.6516510370340995,,68.75310651960646,2.266321663778883,,,,,,,,,,,,,,,,
260,2025-05-15 23:48:10.682852,40.7815967,1.6741052,3.9875640869140625,13.125339740260785,23.670000000000016,49.0,1011.0,,9.2,35.0,56.07978645934993,6.359128549912541,,69.20512619961072,2.225211875833966,,,,,,,,,,,,,,,,
261,2025-05-15 23:48:15.682509,40.7814304,1.6738939,4.075460910797119,12.363212718518776,23.670000000000016,49.0,1011.0,,8.6,34.0,57.58012467887211,5.696978659106579,,69.94333739739089,2.1849346830933243,,,,,,,,,,,,,,,,
262,2025-05-15 23:48:20.683143,40.7812988,1.6737199,3.838050603866577,12.783511824190095,23.670000000000016,49.0,1011.0,,9.1,30.0,48.37816717546326,6.08658974646665,,61.161678999653354,2.549275876395432,,,,,,,,,,,,,,,,
263,2025-05-15 23:48:25.683217,40.7812064,1.6735984,4.307919025421143,17.79282208034893,23.670000000000016,49.0,1011.0,,8.9,37.0,62.4016170276634,6.043842304795325,,80.19443910801233,1.9957340586170247,,,,,,,,,,,,,,,,
264,2025-05-15 23:48:30.682832,40.7810786,1.6734435,4.150388240814209,10.234901013707061,23.670000000000016,49.0,1011.0,,8.6,35.0,59.597513260960056,5.719193959128025,,69.83241427466712,2.100391950341165,,,,,,,,,,,,,,,,
265,2025-05-15 23:48:35.682746,40.7809597,1.6732966,4.228094577789307,13.663727694039746,23.670000000000016,49.0,1011.0,,8.8,34.0,58.06269512933766,5.798654731003419,,71.7264228233774,2.2366239028851287,,,,,,,,,,,,,,,,
266,2025-05-15 23:48:40.683068,40.7808212,1.6731207,4.249931812286377,10.720631624079811,23.670000000000016,49.0,1011.0,,8.6,34.0,59.08571334702731,5.605376541709521,,69.80634497110712,2.1834245419937135,,,,,,,,,,,,,,,,
267,2025-05-15 23:48:45.682983,40.7806485,1.672892,3.2325944900512695,9.313569966374871,23.670000000000016,49.0,1011.0,,8.5,35.0,60.906748610397926,5.579348955119161,,71.62738023447774,2.066454797272532,,,,,,,,,,,,,,,,
268,2025-05-15 23:48:50.685800,40.7805311,1.6727365,4.097552299499512,14.420595470120846,23.670000000000016,49.0,1011.0,,8.6,36.0,60.499665538468484,5.807935638607528,,74.92026100858934,2.017752109274246,,,,,,,,,,,,,,,,
269,2025-05-15 23:48:55.686587,40.7804179,1.672599,4.438713073730469,9.524601467387109,23.670000000000016,49.0,1011.0,,9.1,38.0,64.00286283121115,6.233222088704404,,73.52746429859826,1.945604399844441,,,,,,,,,,,,,,,,
270,2025-05-15 23:49:00.682812,40.7802782,1.6724053,3.812638282775879,14.68156846057057,23.670000000000016,49.0,1011.0,,8.7,34.0,55.051445551606186,5.935312623761709,,69.73301401217675,2.184034357274959,,,,,,,,,,,,,,,,
271,2025-05-15 23:49:05.682913,40.7801168,1.6721923,4.089794635772705,10.273008346633855,23.670000000000016,49.0,1011.0,,8.8,33.0,55.52850826883921,5.813655416296624,,65.80151661547306,2.3148078627366377,,,,,,,,,,,,,,,,
272,2025-05-15 23:49:10.686187,40.7799985,1.672054,4.159736156463623,12.103114846056458,23.670000000000016,49.0,1011.0,,8.8,36.0,60.22261914264072,5.9593769321934005,,72.32573398869718,2.0658553711912915,,,,,,,,,,,,,,,,
273,2025-05-15 23:49:15.683062,40.7798288,1.6718582,3.990546941757202,13.076349354665222,23.670000000000016,49.0,1011.0,,9.0,35.0,58.10437406061233,6.080229446207648,,70.20748890666879,2.1978944402130294,,,,,,,,,,,,,,,,
274,2025-05-15 23:49:20.683143,40.7797268,1.6717316,4.039769649505615,15.664374625527461,23.670000000000016,49.0,1011.0,,8.3,37.0,62.60262675781924,5.626108851796149,,78.2670013833467,1.858936692985992,,,,,,,,,,,,,,,,
275,2025-05-15 23:49:25.683442,40.7795757,1.6715386,3.7702033519744873,14.577034122870819,23.670000000000016,49.0,1011.0,,8.0,35.0,58.763004656129986,5.366611294360519,,73.3400387790008,1.9551490455489575,,,,,,,,,,,,,,,,
276,2025-05-15 23:49:30.683157,40.7794807,1.6714073,3.979188919067383,16.07746788162442,23.670000000000016,49.0,1011.0,,8.7,34.0,56.39057115788717,5.841501050870554,,72.4680390395116,2.2025949148134285,,,,,,,,,,,,,,,,
277,2025-05-15 23:49:35.683297,40.7793553,1.6712294,4.120079040527344,11.759297637390002,23.670000000000016,49.0,1011.0,,8.6,39.0,64.65621322352888,5.9885159563825265,,76.41551086091889,1.7635943106611227,,,,,,,,,,,,,,,,
278,2025-05-15 23:49:40.682937,40.7792231,1.6710476,4.399619102478027,13.869613501286027,23.670000000000016,49.0,1011.0,,8.4,33.0,59.96380650283055,5.284646306334417,,73.83342000411658,2.20221598767707,,,,,,,,,,,,,,,,
279,2025-05-15 23:49:45.683381,40.7790811,1.6708749,4.031291961669922,13.278139609730433,23.670000000000016,49.0,1011.0,,8.3,35.0,59.828007074714264,5.506733462304561,,73.1061466844447,2.02611692100784,,,,,,,,,,,,,,,,
280,2025-05-15 23:49:50.683082,40.7789262,1.6706842,4.249264240264893,10.679631706039515,23.670000000000016,49.0,1011.0,,8.9,34.0,57.84039998291229,5.878810400895585,,68.5200316889518,2.261796169058001,,,,,,,,,,,,,,,,
281,2025-05-15 23:49:55.686035,40.7788125,1.6705418,4.021200180053711,14.923715742120448,23.670000000000016,49.0,1011.0,,9.2,36.0,57.67579759890597,6.399282465451752,,72.59951334102642,2.1501733348908396,,,,,,,,,,,,,,,,
282,2025-05-15 23:50:00.686485,40.7786781,1.6703646,4.27003812789917,11.426206387041406,23.670000000000016,49.0,1011.0,,8.3,34.0,60.639978470216775,5.325303717048823,,72.06618485725818,2.093581501848162,,,,,,,,,,,,,,,,
283,2025-05-15 23:50:05.683004,40.7785357,1.6701732,4.360870838165283,11.759328373241267,23.670000000000016,49.0,1011.0,,8.8,36.0,61.92918100480974,5.862087237853364,,73.68850937805101,2.0520624968937184,,,,,,,,,,,,,,,,
284,2025-05-15 23:50:10.683195,40.7783951,1.6699748,4.260345935821533,11.362961396648027,23.670000000000016,49.0,1011.0,,9.2,38.0,62.17610536306454,6.40453719803774,,73.53906675971257,1.988539920877021,,,,,,,,,,,,,,,,
285,2025-05-15 23:50:15.683018,40.7782593,1.6697852,4.259999752044678,13.968232041390902,23.670000000000016,49.0,1011.0,,8.6,35.0,60.55380721694643,5.664511699327947,,74.52203925833733,2.0942413556645123,,,,,,,,,,,,,,,,
286,2025-05-15 23:50:20.683438,40.7781147,1.669617,4.220092296600342,13.919700986017022,23.670000000000016,49.0,1011.0,,8.7,37.0,62.47885368498274,5.903870610261847,,76.39855467099976,1.9500031712618806,,,,,,,,,,,,,,,,
287,2025-05-15 23:50:25.683107,40.777966,1.6694578,4.618740081787109,13.529242123055843,23.670000000000016,49.0,1011.0,,9.0,37.0,64.62491331341052,5.994692886647003,,78.15415543646635,1.979325521790856,,,,,,,,,,,,,,,,
288,2025-05-15 23:50:30.682858,40.7778196,1.6692818,4.051732540130615,15.179405581247167,23.670000000000016,49.0,1011.0,,9.1,36.0,58.24724341772448,6.290340516309924,,73.42664899897164,2.1322438381962807,,,,,,,,,,,,,,,,
289,2025-05-15 23:50:35.686223,40.777701,1.6691265,4.438717842102051,8.540620509892976,23.670000000000016,49.0,1011.0,,9.1,36.0,61.341807119000045,6.095576218321821,,69.88242762889303,2.1287351314572818,,,,,,,,,,,,,,,,
290,2025-05-15 23:50:40.682879,40.7775789,1.6689535,3.870590925216675,12.879871279226988,23.670000000000016,49.0,1011.0,,9.0,35.0,55.84893785265645,6.237838541386895,,68.72880913188344,2.172859720667878,,,,,,,,,,,,,,,,
291,2025-05-15 23:50:45.683384,40.77747,1.6687933,4.227757453918457,11.457479261929956,23.670000000000016,49.0,1011.0,,9.1,39.0,63.588323185105,6.394239032043968,,75.04580244703496,1.8805814101881202,,,,,,,,,,,,,,,,
292,2025-05-15 23:50:50.683345,40.77733,1.6686299,4.379489421844482,11.720259691188796,23.670000000000016,49.0,1011.0,,8.7,40.0,67.77417098125304,6.041105369200862,,79.49443067244184,1.6565774886337103,,,,,,,,,,,,,,,,
293,2025-05-15 23:50:55.683067,40.7771759,1.6684633,4.011173248291016,15.311685854902805,23.670000000000016,49.0,1011.0,,9.2,38.0,60.240591263469064,6.524562360029955,,75.55227711837188,1.9909822106563142,,,,,,,,,,,,,,,,
294,2025-05-15 23:51:00.686439,40.7770424,1.6682967,4.18986701965332,12.045311808884287,23.670000000000016,49.0,1011.0,,8.2,37.0,64.4515388529673,5.469706542432744,,76.4968506618516,1.806982197668138,,,,,,,,,,,,,,,,
295,2025-05-15 23:51:05.683204,40.7769091,1.6681244,4.0905022621154785,12.028826293548814,23.670000000000016,49.0,1011.0,,8.6,37.0,61.777427203069806,5.873916798573128,,73.80625349661862,1.9343900727865944,,,,,,,,,,,,,,,,
296,2025-05-15 23:51:10.682997,40.7767851,1.6679634,3.800490617752075,11.767851595551798,23.670000000000016,49.0,1011.0,,8.6,34.0,55.3057808296949,5.84900309932898,,67.0736324252467,2.1632262266472013,,,,,,,,,,,,,,,,
297,2025-05-15 23:51:15.683162,40.7766492,1.6677674,4.0589141845703125,12.123336474867928,23.670000000000016,49.0,1011.0,,8.7,38.0,62.42859577507289,6.042469752973718,,74.55193224994082,1.87868337408874,,,,,,,,,,,,,,,,
298,2025-05-15 23:51:20.682926,40.7765555,1.6676298,3.9902045726776123,16.16242518961562,23.670000000000016,49.0,1011.0,,8.4,38.0,63.052391679813184,5.801472868518651,,79.2148168694288,1.8082632203520068,,,,,,,,,,,,,,,,
299,2025-05-15 23:51:25.682927,40.7764344,1.6674651,4.149432182312012,14.988399341107762,23.670000000000016,49.0,1011.0,,8.9,37.0,61.086325007890196,6.118876877432559,,76.07472434899796,2.0062144422095507,,,,,,,,,,,,,,,,
300,2025-05-15 23:51:30.683300,40.7762961,1.667295,4.140040397644043,14.712596302422646,23.670000000000016,49.0,1011.0,,8.3,35.0,60.8159138992878,5.452887315754574,,75.52851020171045,2.0187548497425394,,,,,,,,,,,,,,,,
301,2025-05-15 23:51:35.683084,40.7761581,1.6671206,4.309451103210449,8.432648879493415,23.670000000000016,49.0,1011.0,,8.4,36.0,63.27185054857384,5.528067167195037,,71.70449942806725,1.938209498537235,,,,,,,,,,,,,,,,
302,2025-05-15 23:51:40.683199,40.7760185,1.6669434,4.100672245025635,13.831091234367154,23.670000000000016,49.0,1011.0,,8.1,38.0,65.40899532083516,5.484273596234519,,79.24008655520231,1.7064457062620346,,,,,,,,,,,,,,,,
303,2025-05-15 23:51:45.683017,40.7758836,1.6667643,3.9419171810150146,11.87794143836771,23.670000000000016,49.0,1011.0,,8.5,37.0,60.906207632855406,5.85406486202292,,72.78414907122311,1.9167206085151276,,,,,,,,,,,,,,,,
304,2025-05-15 23:51:50.686349,40.7757252,1.6665566,4.249878883361816,11.31023404380282,23.670000000000016,49.0,1011.0,,8.8,38.0,61.085577714668595,6.189370242679254,,72.9635191530363,1.9059277448267706,,,,,,,,,,,,,,,,
305,2025-05-15 23:51:55.686142,40.7756164,1.6664225,3.7621448040008545,13.02982979000191,23.670000000000016,49.0,1011.0,,8.5,36.0,58.06154143305776,5.887433153485224,,71.09137122305967,1.9902049608070507,,,,,,,,,,,,,,,,
306,2025-05-15 23:52:00.683217,40.7754888,1.666264,4.089574337005615,12.161907406884636,23.670000000000016,49.0,1011.0,,8.8,38.0,62.29584930176162,6.119342749492598,,74.45775670864626,1.9012684048680617,,,,,,,,,,,,,,,,
307,2025-05-15 23:52:05.682877,40.7753256,1.6660331,3.8510489463806152,15.353691518298383,23.670000000000016,49.0,1011.0,,8.5,37.0,62.184503173269114,5.7837073220566175,,74.34641058015374,1.9083012093914575,,,,,,,,,,,,,,,,
308,2025-05-15 23:52:10.682865,40.7752209,1.6658875,4.140391826629639,14.593921765593675,23.670000000000016,49.0,1011.0,,8.4,37.0,63.06869721914916,5.670175510098487,,77.66261898474283,1.8752739812712123,,,,,,,,,,,,,,,,
309,2025-05-15 23:52:15.683332,40.7750666,1.6656732,4.070468425750732,10.095453310291141,23.670000000000016,49.0,1011.0,,8.5,36.0,61.291822310910526,5.696388286368378,,75.8857440765042,1.9888317714511856,,,,,,,,,,,,,,,,
310,2025-05-15 23:52:20.683087,40.7749603,1.6655358,4.19000768661499,13.81096864329865,23.670000000000016,49.0,1011.0,,8.4,37.0,63.517451085300195,5.647876632748079,,77.32841972859885,1.8684300755606558,,,,,,,,,,,,,,,,
311,2025-05-15 23:52:25.683516,40.7748263,1.6653601,4.18003511428833,11.577489954515311,23.670000000000016,49.0,1011.0,,8.3,39.0,66.5083480202741,5.695404865934721,,78.08583797478941,1.6662265724009016,,,,,,,,,,,,,,,,
312,2025-05-15 23:52:30.683193,40.7746892,1.6651876,4.4191670417785645,14.271308025431878,23.670000000000016,49.0,1011.0,,8.9,41.0,68.51924838853614,6.274766627462629,,82.79055641396802,1.6182487440135724,,,,,,,,,,,,,,,,
313,2025-05-15 23:52:35.683631,40.7745043,1.6649662,4.230488300323486,17.27538573184898,23.670000000000016,49.0,1011.0,,8.5,41.0,70.30739799831525,5.922908609082766,,84.57870602374713,1.4891430401492494,,,,,,,,,,,,,,,,
314,2025-05-15 23:52:40.683133,40.774391,1.6648251,3.931246042251587,14.566800791946847,23.670000000000016,49.0,1011.0,,8.5,42.0,67.2459555156892,6.167612814298332,,81.81275630763605,1.5205118489849672,,,,,,,,,,,,,,,,
315,2025-05-15 23:52:45.682533,40.7742267,1.6646104,4.558568477630615,14.911593863890968,23.670000000000016,49.0,1011.0,,8.4,44.0,75.73200019391321,6.020852344806539,,90.64359405780418,1.1234946235195225,,,,,,,,,,,,,,,,
316,2025-05-15 23:52:50.683366,40.7741109,1.6644655,3.853076219558716,18.1796498439926,23.670000000000016,49.0,1011.0,,8.5,44.0,69.04441462117649,6.3227990652708845,,87.22406446516908,1.3780301608979069,,,,,,,,,,,,,,,,
317,2025-05-15 23:52:55.683552,40.773989,1.6643097,4.46685791015625,11.514332049033849,23.670000000000016,49.0,1011.0,,8.3,41.0,71.73439702515815,5.734215201920096,,83.248729074192,1.4000134162358189,,,,,,,,,,,,,,,,
318,2025-05-15 23:53:00.683065,40.7738463,1.6641445,4.289699077606201,12.11263527598581,23.670000000000016,49.0,1011.0,,8.6,39.0,66.14054872206543,5.917896110540049,,78.25318399805124,1.7351595114910983,,,,,,,,,,,,,,,,
319,2025-05-15 23:53:05.682943,40.7736931,1.6639845,4.297584533691406,13.586610589442072,23.670000000000016,49.0,1011.0,,8.6,39.0,66.2104071736084,5.914710883628909,,79.79701776305048,1.7335557681795182,,,,,,,,,,,,,,,,
320,2025-05-15 23:53:10.683195,40.7735681,1.6638588,4.1080827713012695,11.5918529885662,23.670000000000016,49.0,1011.0,,8.0,41.0,71.6574422607958,5.529410575632603,,85.24405285023788,1.352439437918536,,,,,,,,,,,,,,,,
321,2025-05-15 23:53:15.683340,40.7734675,1.663744,4.329007148742676,12.562458728118155,23.670000000000016,49.0,1011.0,,8.5,39.0,66.9444524487519,5.813579422944339,,79.50691117687006,1.6953403372676081,,,,,,,,,,,,,,,,
322,2025-05-15 23:53:20.683118,40.7733,1.6635609,3.9502108097076416,13.993233095074087,23.670000000000016,49.0,1011.0,,8.3,36.0,60.460504137741715,5.6075030104857895,,74.4537372328158,1.9475463950191916,,,,,,,,,,,,,,,,
323,2025-05-15 23:53:25.682933,40.7731651,1.6634014,4.1996002197265625,10.635000688681714,23.670000000000016,49.0,1011.0,,9.1,38.0,60.106952101908284,6.462278930422455,,74.10018519698237,1.9687161339090884,,,,,,,,,,,,,,,,
324,2025-05-15 23:53:30.683233,40.773024,1.6632357,4.040426254272461,17.36238526640202,23.670000000000016,49.0,1011.0,,8.8,42.0,68.32675553508189,6.336292715139462,,78.9617562237636,1.5509662752465374,,,,,,,,,,,,,,,,
325,2025-05-15 23:53:35.682575,40.7729066,1.6631049,4.398643970489502,7.867046036966537,23.670000000000016,49.0,1011.0,,8.3,43.0,73.54793770830263,5.902241713994163,,81.41498374526917,1.2457532818079138,,,,,,,,,,,,,,,,
326,2025-05-15 23:53:40.683181,40.77275,1.6629315,3.7919819355010986,12.483112420530118,23.670000000000016,49.0,1011.0,,8.5,44.0,68.52920410527676,6.34490559558276,,81.01231652580688,1.3879675369983366,,,,,,,,,,,,,,,,
327,2025-05-15 23:53:45.682970,40.7726092,1.6627759,4.338314056396484,7.1253212171621785,23.670000000000016,49.0,1011.0,,8.6,44.0,72.8111410033432,6.253363176500467,,79.93646222050538,1.2820685188345282,,,,,,,,,,,,,,,,
328,2025-05-15 23:53:50.682896,40.7724168,1.662542,4.080708026885986,11.829101316933887,23.670000000000016,49.0,1011.0,,9.2,41.0,64.62604384703056,6.68017876019855,,76.45514516396445,1.7486832740390628,,,,,,,,,,,,,,,,
329,2025-05-15 23:53:55.683320,40.7723077,1.6624017,4.149752616882324,8.113621842419521,23.670000000000016,49.0,1011.0,,8.1,43.0,72.19445223066238,5.802108961344825,,80.3080740730819,1.2689424584631883,,,,,,,,,,,,,,,,
330,2025-05-15 23:54:00.683031,40.7721736,1.6622413,4.279534339904785,11.18417265738648,23.670000000000016,49.0,1011.0,,8.9,45.0,72.25635327911196,6.607575363143814,,83.44052593649845,1.3042252798271605,,,,,,,,,,,,,,,,
331,2025-05-15 23:54:05.684835,40.7720339,1.6620961,4.178481101989746,12.102032261073012,23.670000000000016,49.0,1011.0,,8.8,43.0,69.3867530468767,6.412099982733636,,81.48878530794971,1.471067945177231,,,,,,,,,,,,,,,,
332,2025-05-15 23:54:10.683224,40.7718969,1.6619578,3.760028839111328,8.654680400163958,23.670000000000016,49.0,1011.0,,8.9,43.0,65.63412366751074,6.663287544348092,,74.28880406767469,1.5512449442409013,,,,,,,,,,,,,,,,
333,2025-05-15 23:54:15.685866,40.7717768,1.6618326,4.006262302398682,9.6181827429791,23.670000000000016,49.0,1011.0,,8.8,43.0,67.96018795534842,6.474737815551171,,77.57837069832752,1.5033529649257051,,,,,,,,,,,,,,,,
334,2025-05-15 23:54:20.686294,40.7716505,1.6616898,4.196649551391602,8.845281951595041,23.670000000000016,49.0,1011.0,,8.7,43.0,69.94415273683028,6.31642107992527,,78.78943468842532,1.4391818605683786,,,,,,,,,,,,,,,,
335,2025-05-15 23:54:25.685883,40.7715184,1.6615244,4.278850078582764,6.1957363131048515,23.670000000000016,49.0,1011.0,,9.2,44.0,69.89719696124939,6.8054632633483205,,76.09293327435424,1.4706648909585167,,,,,,,,,,,,,,,,
336,2025-05-15 23:54:30.683364,40.7713814,1.6613584,3.9411873817443848,14.68517650799963,23.670000000000016,49.0,1011.0,,8.8,46.0,71.06356944120886,6.692387542780343,,85.74874594920848,1.2789898141572118,,,,,,,,,,,,,,,,
337,2025-05-15 23:54:35.682904,40.771257,1.6611977,3.9697048664093018,11.278924456647482,23.670000000000016,49.0,1011.0,,8.5,43.0,68.81461603188629,6.217166943541438,,80.09354048853378,1.434598638876251,,,,,,,,,,,,,,,,
338,2025-05-15 23:54:40.686468,40.7711233,1.6610241,4.200906276702881,13.151614624224177,23.670000000000016,49.0,1011.0,,8.3,43.0,71.72491665860301,5.961260843338329,,84.87653128282719,1.3173182674593602,,,,,,,,,,,,,,,,
339,2025-05-15 23:54:45.687447,40.7709304,1.6608051,3.730499267578125,13.536401015079662,23.670000000000016,49.0,1011.0,,8.3,43.0,67.54282399705625,6.125079994968927,,81.07922501213591,1.4250238596205542,,,,,,,,,,,,,,,,
340,2025-05-15 23:54:50.682632,40.770815,1.6606607,4.536759376525879,8.96118087030005,23.670000000000016,49.0,1011.0,,8.4,46.0,77.872978569862,6.180373882652501,,86.83415944016205,0.953080934407426,,,,,,,,,,,,,,,,
341,2025-05-15 23:54:55.682889,40.7706613,1.6604776,3.6529831886291504,13.13220578792394,23.670000000000016,49.0,1011.0,,8.9,45.0,67.24002585632785,6.824661947447133,,80.37223164425178,1.413235063890272,,,,,,,,,,,,,,,,
342,2025-05-15 23:55:00.683251,40.7705434,1.6603267,3.998486042022705,11.37228801995968,23.670000000000016,49.0,1011.0,,8.7,41.0,65.78046777866993,6.258592897784861,,77.15275579862961,1.6403147358261276,,,,,,,,,,,,,,,,
343,2025-05-15 23:55:05.683110,40.7703945,1.6601091,3.871396541595459,11.52933968218766,23.670000000000016,49.0,1011.0,,8.3,39.0,64.8133339271766,5.772138912777208,,73.62666681515526,1.6996660022021595,,,,,,,,,,,,,,,,
344,2025-05-15 23:55:10.683100,40.7702655,1.6599296,3.931246519088745,9.39099784457978,23.670000000000016,49.0,1011.0,,8.2,40.0,65.96752547769754,5.771130094357233,,75.35852332227732,1.601017299733481,,,,,,,,,,,,,,,,
345,2025-05-15 23:55:15.683140,40.7701601,1.659793,4.05106782913208,10.255558920851765,23.670000000000016,49.0,1011.0,,8.0,41.0,69.26775298233045,5.611869148846659,,79.52331190318222,1.4340831613386904,,,,,,,,,,,,,,,,
346,2025-05-15 23:55:20.683274,40.7700897,1.6597001,4.046605587005615,10.52930948769129,23.670000000000016,49.0,1011.0,,8.4,44.0,71.11725350415824,6.1670218041357785,,81.64656299184954,1.3096131166340526,,,,,,,,,,,,,,,,
347,2025-05-15 23:55:25.682999,40.7699577,1.6595314,3.957223892211914,12.054308875568486,23.670000000000016,49.0,1011.0,,8.4,44.0,70.33524492761065,6.1965257770118765,,82.38955380317913,1.3316693866553198,,,,,,,,,,,,,,,,
348,2025-05-15 23:55:30.686202,40.7697079,1.6592345,4.229974746704102,11.786719993133957,23.670000000000016,49.0,1011.0,,7.9,43.0,73.97252495686362,5.605683265703069,,85.75924494999758,1.1678887431057807,,,,,,,,,,,,,,,,
349,2025-05-15 23:55:35.683343,40.7695654,1.659046,4.01096248626709,12.143732273503232,23.670000000000016,49.0,1011.0,,8.4,41.0,69.05301988136412,5.9008749299062755,,80.83973987449808,1.5122324160268779,,,,,,,,,,,,,,,,
350,2025-05-15 23:55:40.683124,40.7694519,1.6588716,4.31914758682251,10.017388516946127,23.670000000000016,49.0,1011.0,,8.2,42.0,69.213157252487,5.8688937109004815,,81.35688952599023,1.4234596302943854,,,,,,,,,,,,,,,,
351,2025-05-15 23:55:45.683129,40.7693472,1.658734,4.190495491027832,8.271681811323724,23.670000000000016,49.0,1011.0,,8.9,41.0,66.60255276610417,6.362063046343835,,74.8742345774279,1.6640750948066994,,,,,,,,,,,,,,,,
352,2025-05-15 23:55:50.682918,40.7692026,1.6585694,4.319559097290039,8.86166586786661,23.670000000000016,49.0,1011.0,,8.9,46.0,73.77597565368822,6.667652695398813,,82.63764152155483,1.206857755928542,,,,,,,,,,,,,,,,
353,2025-05-15 23:55:55.683213,40.7690278,1.6583401,4.111548900604248,10.179525255011182,23.670000000000016,49.0,1011.0,,8.7,43.0,69.22239573695953,6.34610866008095,,79.40192099197071,1.458537152762008,,,,,,,,,,,,,,,,
354,2025-05-15 23:56:00.682451,40.7689275,1.658178,4.189811706542969,13.310331998835995,23.670000000000016,49.0,1011.0,,8.4,46.0,74.76803803212387,6.26245379676785,,88.07837003095986,1.1007786048800228,,,,,,,,,,,,,,,,
355,2025-05-15 23:56:05.682901,40.7687741,1.6579443,4.012054443359375,11.112920977738554,23.670000000000016,49.0,1011.0,,8.9,46.0,72.67034658471971,6.706556516643833,,83.28652583336981,1.246517424361973,,,,,,,,,,,,,,,,
356,2025-05-15 23:56:10.683227,40.7686426,1.657793,4.129178524017334,7.5397117823146145,23.670000000000016,49.0,1011.0,,8.7,47.0,74.16896731106296,6.613629669110983,,81.70867909337757,1.1264455421686639,,,,,,,,,,,,,,,,
357,2025-05-15 23:56:15.683134,40.7685345,1.6576636,4.129976749420166,6.834473406169641,23.670000000000016,49.0,1011.0,,8.2,48.0,77.44683086592953,6.243028821550972,,84.28130427209916,0.8976318629062732,,,,,,,,,,,,,,,,
358,2025-05-15 23:56:20.683089,40.7683661,1.657451,3.9179890155792236,8.252141493881965,23.670000000000016,49.0,1011.0,,9.3,48.0,71.55627229470299,7.285466047147887,,79.80841378858496,1.2395464087521613,,,,,,,,,,,,,,,,
359,2025-05-15 23:56:25.683045,40.7682445,1.6572939,3.8994574546813965,10.462560610253695,23.670000000000016,49.0,1011.0,,8.1,49.0,76.97073391220063,6.274689254909723,,87.43329452245432,0.8791277037996414,,,,,,,,,,,,,,,,
360,2025-05-15 23:56:30.682937,40.7681148,1.6571249,4.319423675537109,6.497336976285105,23.670000000000016,49.0,1011.0,,8.8,45.0,69.52771448949176,6.64204117721097,,79.99027509974545,1.36385186992858,,,,,,,,,,,,,,,,
361,2025-05-15 23:56:35.682299,40.7680075,1.6569836,4.260217666625977,8.752433213791534,23.670000000000016,49.0,1011.0,,8.4,45.0,74.2114818412463,6.17257245429158,,82.96391505503783,1.1591516207751904,,,,,,,,,,,,,,,,
362,2025-05-15 23:56:40.682739,40.7680075,1.6569836,4.260217666625977,8.752433213791534,23.670000000000016,49.0,1011.0,,8.5,44.0,72.56658571608298,6.188877477375309,,81.31901892987452,1.2763494721586086,,,,,,,,,,,,,,,,
363,2025-05-15 23:56:45.683744,40.7680075,1.6569836,4.260217666625977,8.752433213791534,23.670000000000016,49.0,1011.0,,8.7,46.0,74.09492803798763,6.507377856441787,,82.84736125177916,1.1674885953808243,,,,,,,,,,,,,,,,
364,2025-05-15 23:56:50.683590,40.7680075,1.6569836,4.260217666625977,8.752433213791534,23.670000000000016,49.0,1011.0,,8.4,46.0,75.39137647958677,6.244325750933269,,84.1438096933783,1.0744908164980027,,,,,,,,,,,,,,,,
365,2025-05-15 23:56:55.683324,40.7680075,1.6569836,4.260217666625977,8.752433213791534,23.670000000000016,49.0,1011.0,,8.8,45.0,72.49696166485232,6.524623181637207,,81.24939487864386,1.2812876165528118,,,,,,,,,,,,,,,,
366,2025-05-15 23:57:00.684082,40.7680075,1.6569836,4.260217666625977,8.752433213791534,23.670000000000016,49.0,1011.0,,8.5,45.0,73.7647980816004,6.260045123096062,,82.51723129539194,1.1910761181856981,,,,,,,,,,,,,,,,
367,2025-05-15 23:57:05.684080,40.7680075,1.6569836,4.260217666625977,8.752433213791534,23.670000000000016,49.0,1011.0,,8.3,44.0,73.47775638614674,6.0139855404089015,,82.23018959993827,1.2115529090322505,,,,,,,,,,,,,,,,
368,2025-05-15 23:57:10.683702,40.7680075,1.6569836,4.260217666625977,8.752433213791534,23.670000000000016,49.0,1011.0,,8.4,41.0,69.32776430001448,5.89013068684997,,78.08019751380601,1.5039484577439148,,,,,,,,,,,,,,,,
369,2025-05-15 23:57:15.683441,40.7680075,1.6569836,4.260217666625977,8.752433213791534,23.670000000000016,49.0,1011.0,,9.3,44.0,69.3893796799528,6.902096335811859,,78.14181289374433,1.4996611606773094,,,,,,,,,,,,,,,,
370,2025-05-15 23:57:20.682696,40.7680075,1.6569836,4.260217666625977,8.752433213791534,23.670000000000016,49.0,1011.0,,9.0,46.0,72.8997792544066,6.773501978242089,,81.65221246819813,1.2526914761544572,,,,,,,,,,,,,,,,
371,2025-05-15 23:57:25.683438,40.7680075,1.6569836,4.260217666625977,8.752433213791534,23.670000000000016,49.0,1011.0,,8.5,42.0,70.12113638838214,6.047987799500264,,78.87356960217367,1.4486131248075373,,,,,,,,,,,,,,,,
372,2025-05-15 23:57:30.683821,40.7680075,1.6569836,4.260217666625977,8.752433213791534,23.670000000000016,49.0,1011.0,,8.4,45.0,74.2114818412463,6.17257245429158,,82.96391505503783,1.1591516207751904,,,,,,,,,,,,,,,,
373,2025-05-15 23:57:35.684589,40.7680075,1.6569836,4.260217666625977,8.752433213791534,23.670000000000016,49.0,1011.0,,8.8,43.0,70.07340561865718,6.383782395076051,,78.82583883244871,1.4519501619904578,,,,,,,,,,,,,,,,
374,2025-05-15 23:57:40.684367,40.7680075,1.6569836,4.260217666625977,8.752433213791534,23.670000000000016,49.0,1011.0,,9.0,44.0,70.50067051197837,6.632319375923738,,79.2531037257699,1.4220428827047615,,,,,,,,,,,,,,,,
375,2025-05-15 23:57:45.684050,40.7680075,1.6569836,4.260217666625977,8.752433213791534,23.670000000000016,49.0,1011.0,,8.7,43.0,70.48766687126891,6.294904515536432,,79.24010008506045,1.4229542742889638,,,,,,,,,,,,,,,,
376,2025-05-15 23:57:50.684208,40.7680075,1.6569836,4.260217666625977,8.752433213791534,23.670000000000016,49.0,1011.0,,8.4,46.0,75.39137647958677,6.244325750933269,,84.1438096933783,1.0744908164980027,,,,,,,,,,,,,,,,
377,2025-05-15 23:57:55.684053,40.7680075,1.6569836,4.260217666625977,8.752433213791534,23.670000000000016,49.0,1011.0,,8.4,45.0,74.2114818412463,6.17257245429158,,82.96391505503783,1.1591516207751904,,,,,,,,,,,,,,,,
378,2025-05-15 23:58:00.683224,40.7680075,1.6569836,4.260217666625977,8.752433213791534,23.670000000000016,49.0,1011.0,,8.5,46.0,74.94726625579392,6.331644724030916,,83.69969946958545,1.1064124040664507,,,,,,,,,,,,,,,,
379,2025-05-15 23:58:05.684066,40.7680075,1.6569836,4.260217666625977,8.752433213791534,23.670000000000016,49.0,1011.0,,8.4,42.0,70.57425741643767,5.959978872930352,,79.32669063022921,1.4168839879534552,,,,,,,,,,,,,,,,
380,2025-05-15 23:58:10.684222,40.7680075,1.6569836,4.260217666625977,8.752433213791534,23.670000000000016,49.0,1011.0,,8.9,46.0,73.28758233209824,6.684475164264528,,82.04001554588977,1.2251027050603664,,,,,,,,,,,,,,,,
381,2025-05-15 23:58:15.683860,40.7680075,1.6569836,4.260217666625977,8.752433213791534,23.670000000000016,49.0,1011.0,,7.9,46.0,77.8103840069782,5.8138627388223885,,86.56281722076973,0.8995349526620562,,,,,,,,,,,,,,,,
382,2025-05-15 23:58:20.684064,40.7680075,1.6569836,4.260217666625977,8.752433213791534,23.670000000000016,49.0,1011.0,,8.5,42.0,70.12113638838214,6.047987799500264,,78.87356960217367,1.4486131248075373,,,,,,,,,,,,,,,,
383,2025-05-15 23:58:25.684074,40.7680075,1.6569836,4.260217666625977,8.752433213791534,23.670000000000016,49.0,1011.0,,8.4,42.0,70.57425741643767,5.959978872930352,,79.32669063022921,1.4168839879534552,,,,,,,,,,,,,,,,
384,2025-05-15 23:58:30.684614,40.7680075,1.6569836,4.260217666625977,8.752433213791534,23.670000000000016,49.0,1011.0,,8.3,44.0,73.47775638614674,6.0139855404089015,,82.23018959993827,1.2115529090322505,,,,,,,,,,,,,,,,
385,2025-05-15 23:58:35.684448,40.7680075,1.6569836,4.260217666625977,8.752433213791534,23.670000000000016,49.0,1011.0,,7.6,45.0,78.29090591516821,5.488217997284939,,87.04333912895974,0.8645801471388695,,,,,,,,,,,,,,,,
386,2025-05-15 23:58:40.683399,40.7680075,1.6569836,4.260217666625977,8.752433213791534,23.670000000000016,49.0,1011.0,,8.5,46.0,74.94726625579392,6.331644724030916,,83.69969946958545,1.1064124040664507,,,,,,,,,,,,,,,,
387,2025-05-15 23:58:45.684418,40.7680075,1.6569836,4.260217666625977,8.752433213791534,23.670000000000016,49.0,1011.0,,8.1,44.0,74.4432481246893,5.84070541377763,,83.19568133848084,1.1425593962463079,,,,,,,,,,,,,,,,
388,2025-05-15 23:58:50.684569,40.7680075,1.6569836,4.260217666625977,8.752433213791534,23.670000000000016,49.0,1011.0,,8.3,47.0,77.0094599492615,6.229670480480646,,85.76189316305303,0.9576550778232631,,,,,,,,,,,,,,,,
389,2025-05-15 23:58:55.684635,40.7680075,1.6569836,4.260217666625977,8.752433213791534,23.670000000000016,49.0,1011.0,,8.5,44.0,72.56658571608298,6.188877477375309,,81.31901892987452,1.2763494721586086,,,,,,,,,,,,,,,,
390,2025-05-15 23:59:00.684389,40.7680075,1.6569836,4.260217666625977,8.752433213791534,23.670000000000016,49.0,1011.0,,8.5,42.0,70.12113638838214,6.047987799500264,,78.87356960217367,1.4486131248075373,,,,,,,,,,,,,,,,
391,2025-05-15 23:59:05.684397,40.7680075,1.6569836,4.260217666625977,8.752433213791534,23.670000000000016,49.0,1011.0,,8.6,47.0,75.68495806527564,6.491187673922472,,84.43739127906717,1.05335330773308,,,,,,,,,,,,,,,,
392,2025-05-15 23:59:10.684590,40.7680075,1.6569836,4.260217666625977,8.752433213791534,23.670000000000016,49.0,1011.0,,8.6,42.0,69.68104024940511,6.136364125443659,,78.43347346319665,1.4793434989993608,,,,,,,,,,,,,,,,
393,2025-05-15 23:59:15.682838,40.7680075,1.6569836,4.260217666625977,8.752433213791534,23.670000000000016,49.0,1011.0,,8.2,44.0,73.95344578766746,5.9271351347332475,,82.705879001459,1.1776021813451403,,,,,,,,,,,,,,,,
394,2025-05-15 23:59:20.683656,40.7680075,1.6569836,4.260217666625977,8.752433213791534,23.670000000000016,49.0,1011.0,,8.9,44.0,70.89141074308789,6.542978612940397,,79.64384395687942,1.394622952570757,,,,,,,,,,,,,,,,
395,2025-05-15 23:59:25.683762,40.7680075,1.6569836,4.260217666625977,8.752433213791534,23.670000000000016,49.0,1011.0,,8.8,43.0,70.07340561865718,6.383782395076051,,78.82583883244871,1.4519501619904578,,,,,,,,,,,,,,,,
396,2025-05-15 23:59:30.684594,40.7680075,1.6569836,4.260217666625977,8.752433213791534,23.670000000000016,49.0,1011.0,,8.7,47.0,75.26693933143365,6.579089992214227,,84.01937254522518,1.0834416556229958,,,,,,,,,,,,,,,,
397,2025-05-15 23:59:35.684597,40.7680075,1.6569836,4.260217666625977,8.752433213791534,23.670000000000016,49.0,1011.0,,8.6,45.0,73.33045102828842,6.347887773339915,,82.08288424207996,1.2220495071769713,,,,,,,,,,,,,,,,
398,2025-05-15 23:59:40.684404,40.7680075,1.6569836,4.260217666625977,8.752433213791534,23.670000000000016,49.0,1011.0,,8.2,43.0,72.74625760130397,5.855898634702556,,81.4986908150955,1.2635974029123835,,,,,,,,,,,,,,,,
399,2025-05-15 23:59:45.684612,40.7680075,1.6569836,4.260217666625977,8.752433213791534,23.670000000000016,49.0,1011.0,,8.0,45.0,76.13143578966272,5.826713803217105,,84.88386900345425,1.0211546413860975,,,,,,,,,,,,,,,,
400,2025-05-15 23:59:50.684566,40.7680075,1.6569836,4.260217666625977,8.752433213791534,23.670000000000016,49.0,1011.0,,8.1,43.0,73.2390083245873,5.7692888653584795,,81.99144153837884,1.2285614182136952,,,,,,,,,,,,,,,,
401,2025-05-15 23:59:55.684443,40.7680075,1.6569836,4.260217666625977,8.752433213791534,23.670000000000016,49.0,1011.0,,8.2,42.0,71.52170947933362,5.785130219063381,,80.27414269312516,1.3502560175712823,,,,,,,,,,,,,,,,
402,2025-05-16 00:00:00.683148,40.7680075,1.6569836,4.260217666625977,8.752433213791534,23.670000000000016,49.0,1011.0,,8.6,44.0,72.13009623532975,6.276885820597773,,80.88252944912128,1.3072764343022283,,,,,,,,,,,,,,,,
403,2025-05-16 00:00:05.682752,40.7680075,1.6569836,4.260217666625977,8.752433213791534,23.670000000000016,49.0,1011.0,,8.3,49.0,79.28710430012802,6.375203036544145,,88.03953751391956,0.7919223605841254,,,,,,,,,,,,,,,,
404,2025-05-16 00:00:10.684452,40.7680075,1.6569836,4.260217666625977,8.752433213791534,23.670000000000016,49.0,1011.0,,8.4,45.0,74.2114818412463,6.17257245429158,,82.96391505503783,1.1591516207751904,,,,,,,,,,,,,,,,
405,2025-05-16 00:00:15.684577,40.7680075,1.6569836,4.260217666625977,8.752433213791534,23.670000000000016,49.0,1011.0,,8.0,45.0,76.13143578966272,5.826713803217105,,84.88386900345425,1.0211546413860975,,,,,,,,,,,,,,,,
406,2025-05-16 00:00:20.689684,40.7680075,1.6569836,4.260217666625977,8.752433213791534,23.670000000000016,49.0,1011.0,,8.3,44.0,73.47775638614674,6.0139855404089015,,82.23018959993827,1.2115529090322505,,,,,,,,,,,,,,,,
407,2025-05-16 00:00:25.683185,40.7680075,1.6569836,4.260217666625977,8.752433213791534,23.670000000000016,49.0,1011.0,,8.1,42.0,72.01717138719361,5.6983263678375256,,80.76960460098515,1.3152653139683146,,,,,,,,,,,,,,,,
408,2025-05-16 00:00:30.683078,40.7680075,1.6569836,4.260217666625977,8.752433213791534,23.670000000000016,49.0,1011.0,,8.6,43.0,70.91377055269179,6.206365123948077,,79.66620376648332,1.3930518939730951,,,,,,,,,,,,,,,,
409,2025-05-16 00:00:35.683463,40.7680075,1.6569836,4.260217666625977,8.752433213791534,23.670000000000016,49.0,1011.0,,8.6,42.0,69.68104024940511,6.136364125443659,,78.43347346319665,1.4793434989993608,,,,,,,,,,,,,,,,
410,2025-05-16 00:00:40.684582,40.7680075,1.6569836,4.260217666625977,8.752433213791534,23.670000000000016,49.0,1011.0,,7.7,43.0,75.36606439276423,5.427455645152852,,84.11849760655576,1.0763119421621097,,,,,,,,,,,,,,,,
411,2025-05-16 00:00:45.682999,40.7680075,1.6569836,4.260217666625977,8.752433213791534,23.670000000000016,49.0,1011.0,,8.5,42.0,70.12113638838214,6.047987799500264,,78.87356960217367,1.4486131248075373,,,,,,,,,,,,,,,,
412,2025-05-16 00:00:50.683757,40.7680075,1.6569836,4.260217666625977,8.752433213791534,23.670000000000016,49.0,1011.0,,8.1,43.0,73.2390083245873,5.7692888653584795,,81.99144153837884,1.2285614182136952,,,,,,,,,,,,,,,,
413,2025-05-16 00:00:55.684637,40.7680075,1.6569836,4.260217666625977,8.752433213791534,23.670000000000016,49.0,1011.0,,8.4,42.0,70.57425741643767,5.959978872930352,,79.32669063022921,1.4168839879534552,,,,,,,,,,,,,,,,
414,2025-05-16 00:01:00.683307,40.7680075,1.6569836,4.260217666625977,8.752433213791534,23.670000000000016,49.0,1011.0,,8.2,42.0,71.52170947933362,5.785130219063381,,80.27414269312516,1.3502560175712823,,,,,,,,,,,,,,,,
415,2025-05-16 00:01:05.684465,40.7680075,1.6569836,4.260217666625977,8.752433213791534,23.670000000000016,49.0,1011.0,,8.1,40.0,69.51852058712248,5.557921754855387,,78.27095380091401,1.490669708097056,,,,,,,,,,,,,,,,
416,2025-05-16 00:01:10.684379,40.7680075,1.6569836,4.260217666625977,8.752433213791534,23.670000000000016,49.0,1011.0,,7.9,40.0,70.56708575448008,5.384784179620689,,79.31951896827161,1.4173868685067648,,,,,,,,,,,,,,,,
417,2025-05-16 00:01:15.684555,40.7680075,1.6569836,4.260217666625977,8.752433213791534,23.670000000000016,49.0,1011.0,,7.6,40.0,72.271707241804,5.1287435403898805,,81.02414045559553,1.297250976295205,,,,,,,,,,,,,,,,
418,2025-05-16 00:01:20.684556,40.7680075,1.6569836,4.260217666625977,8.752433213791534,23.670000000000016,49.0,1011.0,,8.2,42.0,71.52170947933362,5.785130219063381,,80.27414269312516,1.3502560175712823,,,,,,,,,,,,,,,,
419,2025-05-16 00:01:25.684592,40.7680075,1.6569836,4.260217666625977,8.752433213791534,23.670000000000016,49.0,1011.0,,8.0,41.0,71.29070419366269,5.541283351141794,,80.04313740745422,1.366535809092499,,,,,,,,,,,,,,,,
420,2025-05-16 00:01:30.683296,40.7680075,1.6569836,4.260217666625977,8.752433213791534,23.670000000000016,49.0,1011.0,,7.7,37.0,67.81923667675785,5.004307493241986,,76.57166989054939,1.608359594987786,,,,,,,,,,,,,,,,
421,2025-05-16 00:01:35.684623,40.7680075,1.6569836,4.260217666625977,8.752433213791534,23.670000000000016,49.0,1011.0,,7.6,39.0,71.00825234358135,5.058174379945061,,79.76068555737288,1.3864110172480482,,,,,,,,,,,,,,,,
422,2025-05-16 00:01:40.683547,40.7680075,1.6569836,4.260217666625977,8.752433213791534,23.670000000000016,49.0,1011.0,,7.8,40.0,71.11697158464365,5.298924784811771,,79.86940479843518,1.3787647637269191,,,,,,,,,,,,,,,,
423,2025-05-16 00:01:45.684444,40.7680075,1.6569836,4.260217666625977,8.752433213791534,23.670000000000016,49.0,1011.0,,7.4,39.0,72.25050986474182,4.889729280824351,,81.00294307853335,1.2987521664057886,,,,,,,,,,,,,,,,
424,2025-05-16 00:01:50.684219,40.7680075,1.6569836,4.260217666625977,8.752433213791534,23.670000000000016,49.0,1011.0,,7.9,39.0,69.29382253639105,5.314945106509098,,78.04625575018258,1.5063094375286668,,,,,,,,,,,,,,,,
425,2025-05-16 00:01:55.683512,40.7680075,1.6569836,4.260217666625977,8.752433213791534,23.670000000000016,49.0,1011.0,,7.2,38.0,72.31425689420458,4.652660847013991,,81.06669010799611,1.2942370905199525,,,,,,,,,,,,,,,,
426,2025-05-16 00:02:00.684409,40.7680075,1.6569836,4.260217666625977,8.752433213791534,23.670000000000016,49.0,1011.0,,7.8,39.0,69.8465722679404,5.228843435800521,,78.59900548173194,1.4677951200219566,,,,,,,,,,,,,,,,
427,2025-05-16 00:02:05.683636,40.7680075,1.6569836,4.260217666625977,8.752433213791534,23.670000000000016,49.0,1011.0,,7.8,42.0,73.59785456112881,5.44063402766706,,82.35028777492035,1.202989094965116,,,,,,,,,,,,,,,,
428,2025-05-16 00:02:10.684195,40.7680075,1.6569836,4.260217666625977,8.752433213791534,23.670000000000016,49.0,1011.0,,7.8,40.0,71.11697158464365,5.298924784811771,,79.86940479843518,1.3787647637269191,,,,,,,,,,,,,,,,
429,2025-05-16 00:02:15.683451,40.7680075,1.6569836,4.260217666625977,8.752433213791534,23.670000000000016,49.0,1011.0,,7.7,40.0,71.68491635740791,5.213569515129889,,80.43734957119945,1.3387409819094394,,,,,,,,,,,,,,,,
430,2025-05-16 00:02:20.683549,40.7680075,1.6569836,4.260217666625977,8.752433213791534,23.670000000000016,49.0,1011.0,,7.6,37.0,68.4160401912309,4.918695529176159,,77.16847340502244,1.5671817489801592,,,,,,,,,,,,,,,,
431,2025-05-16 00:02:25.683562,40.7680075,1.6569836,4.260217666625977,8.752433213791534,23.670000000000016,49.0,1011.0,,7.8,40.0,71.11697158464365,5.298924784811771,,79.86940479843518,1.3787647637269191,,,,,,,,,,,,,,,,
432,2025-05-16 00:02:30.684666,40.7680075,1.6569836,4.260217666625977,8.752433213791534,23.670000000000016,49.0,1011.0,,7.9,38.0,68.0000550210806,5.245695062594441,,76.75248823487213,1.5959018341183626,,,,,,,,,,,,,,,,
433,2025-05-16 00:02:35.682857,40.7680075,1.6569836,4.260217666625977,8.752433213791534,23.670000000000016,49.0,1011.0,,7.6,35.0,65.73175482791584,4.7817372579319235,,74.48418804170737,1.7509885346895813,,,,,,,,,,,,,,,,
434,2025-05-16 00:02:40.683142,40.7680075,1.6569836,4.260217666625977,8.752433213791534,23.670000000000016,49.0,1011.0,,7.7,38.0,69.12945011060485,5.07347569456387,,77.88188332439638,1.5177356448301105,,,,,,,,,,,,,,,,
435,2025-05-16 00:02:45.683488,40.7680075,1.6569836,4.260217666625977,8.752433213791534,23.670000000000016,49.0,1011.0,,8.1,35.0,62.92491363647338,5.217781635250901,,71.67734685026491,1.9390712044270242,,,,,,,,,,,,,,,,
436,2025-05-16 00:02:50.684199,40.7680075,1.6569836,4.260217666625977,8.752433213791534,23.670000000000016,49.0,1011.0,,8.2,38.0,66.43938812129416,5.507545577598403,,75.19182133508569,1.7028898698486559,,,,,,,,,,,,,,,,
437,2025-05-16 00:02:55.684561,40.7680075,1.6569836,4.260217666625977,8.752433213791534,23.670000000000016,49.0,1011.0,,7.8,38.0,68.55532787419332,5.159334856018654,,77.30776108798486,1.5575466339125312,,,,,,,,,,,,,,,,
438,2025-05-16 00:03:00.683490,40.7680075,1.6569836,4.260217666625977,8.752433213791534,23.670000000000016,49.0,1011.0,,7.8,41.0,72.36718379485974,5.369535549037366,,81.11961700865128,1.2904871654194052,,,,,,,,,,,,,,,,
439,2025-05-16 00:03:05.684866,40.7680075,1.6569836,4.260217666625977,8.752433213791534,23.670000000000016,49.0,1011.0,,8.2,40.0,69.01844111957327,5.645156421136226,,77.7708743333648,1.5254452781315346,,,,,,,,,,,,,,,,
440,2025-05-16 00:03:10.684577,40.7680075,1.6569836,4.260217666625977,8.752433213791534,23.670000000000016,49.0,1011.0,,8.1,39.0,68.24059236591717,5.488562389495685,,76.9930255797087,1.579305025552807,,,,,,,,,,,,,,,,
441,2025-05-16 00:03:15.684606,40.7680075,1.6569836,4.260217666625977,8.752433213791534,23.670000000000016,49.0,1011.0,,8.4,37.0,64.15849743207505,5.616919790613022,,72.91093064586659,1.85695704019578,,,,,,,,,,,,,,,,
442,2025-05-16 00:03:20.684450,40.7680075,1.6569836,4.260217666625977,8.752433213791534,23.670000000000016,49.0,1011.0,,8.2,40.0,69.01844111957327,5.645156421136226,,77.7708743333648,1.5254452781315346,,,,,,,,,,,,,,,,
443,2025-05-16 00:03:25.684448,40.7680075,1.6569836,4.260217666625977,8.752433213791534,23.670000000000016,49.0,1011.0,,8.0,38.0,67.46281760078863,5.332531971111508,,76.21525081458016,1.6328686170456894,,,,,,,,,,,,,,,,
444,2025-05-16 00:03:30.683593,40.7680075,1.6569836,4.260217666625977,8.752433213791534,23.670000000000016,49.0,1011.0,,7.5,38.0,70.337705446918,4.903365635656083,,79.09013866070953,1.4334593747009035,,,,,,,,,,,,,,,,
445,2025-05-16 00:03:35.684601,40.7680075,1.6569836,4.260217666625977,8.752433213791534,23.670000000000016,49.0,1011.0,,7.8,40.0,71.11697158464365,5.298924784811771,,79.86940479843518,1.3787647637269191,,,,,,,,,,,,,,,,
446,2025-05-16 00:03:40.683699,40.7680075,1.6569836,4.260217666625977,8.752433213791534,23.670000000000016,49.0,1011.0,,7.5,39.0,71.6188632908775,4.973659643445842,,80.37129650466903,1.3434026594216044,,,,,,,,,,,,,,,,
447,2025-05-16 00:03:45.684585,40.7680075,1.6569836,4.260217666625977,8.752433213791534,23.670000000000016,49.0,1011.0,,7.8,37.0,67.24256965286298,5.090444112756588,,75.99500286665452,1.6479823563748035,,,,,,,,,,,,,,,,
448,2025-05-16 00:03:50.684580,40.7680075,1.6569836,4.260217666625977,8.752433213791534,23.670000000000016,49.0,1011.0,,7.6,34.0,64.35316331547871,4.714326120562449,,73.10559652927024,1.8439193871335648,,,,,,,,,,,,,,,,
449,2025-05-16 00:03:55.684617,40.7680075,1.6569836,4.260217666625977,8.752433213791534,23.670000000000016,49.0,1011.0,,7.6,36.0,67.08578839250228,4.84987726525865,,75.83822160629381,1.6587260939723103,,,,,,,,,,,,,,,,
450,2025-05-16 00:04:00.684192,40.7680075,1.6569836,4.260217666625977,8.752433213791534,23.670000000000016,49.0,1011.0,,7.6,38.0,69.72327672281187,4.9881434512383125,,78.47570993660341,1.47639803133366,,,,,,,,,,,,,,,,
451,2025-05-16 00:04:05.684966,40.7680075,1.6569836,4.260217666625977,8.752433213791534,23.670000000000016,49.0,1011.0,,7.4,37.0,69.67385205297289,4.749158888937796,,78.42628526676442,1.479844706115405,,,,,,,,,,,,,,,,
452,2025-05-16 00:04:10.684430,40.7680075,1.6569836,4.260217666625977,8.752433213791534,23.670000000000016,49.0,1011.0,,7.3,38.0,71.63218372620929,4.735592200616057,,80.38461694000083,1.3424627167831544,,,,,,,,,,,,,,,,
453,2025-05-16 00:04:15.684258,40.7680075,1.6569836,4.260217666625977,8.752433213791534,23.670000000000016,49.0,1011.0,,7.4,35.0,67.00184505800125,4.610956257457603,,75.75427827179278,1.6644733725194787,,,,,,,,,,,,,,,,
454,2025-05-16 00:04:20.684066,40.7680075,1.6569836,4.260217666625977,8.752433213791534,23.670000000000016,49.0,1011.0,,7.3,32.0,63.478473270621166,4.323373698707731,,72.2309064844127,1.902332118457259,,,,,,,,,,,,,,,,
455,2025-05-16 00:04:25.684346,40.7680075,1.6569836,4.260217666625977,8.752433213791534,23.670000000000016,49.0,1011.0,,7.4,34.0,65.62793509360041,4.542865062510185,,74.38036830739195,1.758022991768803,,,,,,,,,,,,,,,,
456,2025-05-16 00:04:30.684345,40.7680075,1.6569836,4.260217666625977,8.752433213791534,23.670000000000016,49.0,1011.0,,7.0,36.0,71.17239644972028,4.3470927846684955,,79.92482966351182,1.3748648058086699,,,,,,,,,,,,,,,,
457,2025-05-16 00:04:35.682973,40.7680075,1.6569836,4.260217666625977,8.752433213791534,23.670000000000016,49.0,1011.0,,7.5,36.0,67.7067030772093,4.7645175187504645,,76.45913629100083,1.6161046932750687,,,,,,,,,,,,,,,,
458,2025-05-16 00:04:40.684063,40.7680075,1.6569836,4.260217666625977,8.752433213791534,23.670000000000016,49.0,1011.0,,7.3,34.0,66.30192535131009,4.45802636586582,,75.05435856510162,1.7122539327162665,,,,,,,,,,,,,,,,
459,2025-05-16 00:04:45.682733,40.7680075,1.6569836,4.260217666625977,8.752433213791534,23.670000000000016,49.0,1011.0,,7.2,32.0,64.18438304734735,4.238411734949378,,72.93681626113889,1.8552245960831781,,,,,,,,,,,,,,,,
460,2025-05-16 00:04:50.683009,40.7680075,1.6569836,4.260217666625977,8.752433213791534,23.670000000000016,49.0,1011.0,,6.8,30.0,64.4034535296207,3.7699924545973267,,73.15588674341224,1.8405477586996153,,,,,,,,,,,,,,,,
461,2025-05-16 00:04:55.684615,40.7680075,1.6569836,4.260217666625977,8.752433213791534,23.670000000000016,49.0,1011.0,,6.8,30.0,64.4034535296207,3.7699924545973267,,73.15588674341224,1.8405477586996153,,,,,,,,,,,,,,,,
462,2025-05-16 00:05:00.684602,40.7680075,1.6569836,4.260217666625977,8.752433213791534,23.670000000000016,49.0,1011.0,,6.9,30.0,63.563200442776385,3.852914710025503,,72.31563365656791,1.89669312328747,,,,,,,,,,,,,,,,
463,2025-05-16 00:05:05.684647,40.7680075,1.6569836,4.260217666625977,8.752433213791534,23.670000000000016,49.0,1011.0,,6.9,30.0,63.563200442776385,3.852914710025503,,72.31563365656791,1.89669312328747,,,,,,,,,,,,,,,,
464,2025-05-16 00:05:10.684585,40.7680075,1.6569836,4.260217666625977,8.752433213791534,23.670000000000016,49.0,1011.0,,6.6,31.0,67.65742077128388,3.6751544323093297,,76.40985398507542,1.6194945751116512,,,,,,,,,,,,,,,,
465,2025-05-16 00:05:15.684569,40.7680075,1.6569836,4.260217666625977,8.752433213791534,23.670000000000016,49.0,1011.0,,6.7,28.0,62.241085381335175,3.5545321568497377,,70.99351859512672,1.984205790867092,,,,,,,,,,,,,,,,
466,2025-05-16 00:05:20.684408,40.7680075,1.6569836,4.260217666625977,8.752433213791534,23.670000000000016,49.0,1011.0,,7.0,27.0,58.11639416066628,3.7426074161023104,,66.86882737445782,2.250227353453662,,,,,,,,,,,,,,,,
467,2025-05-16 00:05:25.683139,40.7680075,1.6569836,4.260217666625977,8.752433213791534,23.670000000000016,49.0,1011.0,,7.0,28.0,59.69926873442431,3.8062802700007987,,68.45170194821584,2.1494444416158474,,,,,,,,,,,,,,,,
468,2025-05-16 00:05:30.684396,40.7680075,1.6569836,4.260217666625977,8.752433213791534,23.670000000000016,49.0,1011.0,,6.7,29.0,63.779983357074734,3.620788888172009,,72.53241657086627,1.8822463392969992,,,,,,,,,,,,,,,,
469,2025-05-16 00:05:35.684381,40.7680075,1.6569836,4.260217666625977,8.752433213791534,23.670000000000016,49.0,1011.0,,6.9,32.0,66.48092630879628,3.9877130944681904,,75.23335952258782,1.7000583276645003,,,,,,,,,,,,,,,,
470,2025-05-16 00:05:40.684585,40.7680075,1.6569836,4.260217666625977,8.752433213791534,23.670000000000016,49.0,1011.0,,7.0,30.0,62.758517779984096,3.936630591983586,,71.51095099377562,1.950079472340151,,,,,,,,,,,,,,,,
471,2025-05-16 00:05:45.683991,40.7680075,1.6569836,4.260217666625977,8.752433213791534,23.670000000000016,49.0,1011.0,,6.8,28.0,61.35478802467407,3.6376350926554393,,70.1072212384656,2.0422824152495274,,,,,,,,,,,,,,,,
472,2025-05-16 00:05:50.683179,40.7680075,1.6569836,4.260217666625977,8.752433213791534,23.670000000000016,49.0,1011.0,,7.0,28.0,59.69926873442431,3.8062802700007987,,68.45170194821584,2.1494444416158474,,,,,,,,,,,,,,,,
473,2025-05-16 00:05:55.684616,40.7680075,1.6569836,4.260217666625977,8.752433213791534,23.670000000000016,49.0,1011.0,,7.1,27.0,57.34299495584772,3.8285681297292795,,66.09542816963926,2.29885049874166,,,,,,,,,,,,,,,,
474,2025-05-16 00:06:00.684424,40.7680075,1.6569836,4.260217666625977,8.752433213791534,23.670000000000016,49.0,1011.0,,6.9,27.0,58.92599990661923,3.6573606081639354,,67.67843312041077,2.198888835150063,,,,,,,,,,,,,,,,
475,2025-05-16 00:06:05.683611,40.7680075,1.6569836,4.260217666625977,8.752433213791534,23.670000000000016,49.0,1011.0,,7.2,27.0,56.60369040442684,3.915195726511447,,65.35612361821838,2.344938687450411,,,,,,,,,,,,,,,,
476,2025-05-16 00:06:10.684636,40.7680075,1.6569836,4.260217666625977,8.752433213791534,23.670000000000016,49.0,1011.0,,7.1,30.0,61.98749178707107,4.021090532772318,,70.7399250008626,2.0008721799559503,,,,,,,,,,,,,,,,
477,2025-05-16 00:06:15.684077,40.7680075,1.6569836,4.260217666625977,8.752433213791534,23.670000000000016,49.0,1011.0,,7.1,29.0,60.473421227515104,3.9559140423374086,,69.22585444130664,2.0995513735670808,,,,,,,,,,,,,,,,
478,2025-05-16 00:06:20.685764,40.7680075,1.6569836,4.260217666625977,8.752433213791534,23.670000000000016,49.0,1011.0,,7.0,28.0,59.69926873442431,3.8062802700007987,,68.45170194821584,2.1494444416158474,,,,,,,,,,,,,,,,
479,2025-05-16 00:06:25.684580,40.7680075,1.6569836,4.260217666625977,8.752433213791534,23.670000000000016,49.0,1011.0,,7.0,28.0,59.69926873442431,3.8062802700007987,,68.45170194821584,2.1494444416158474,,,,,,,,,,,,,,,,
480,2025-05-16 00:06:30.683520,40.7680075,1.6569836,4.260217666625977,8.752433213791534,23.670000000000016,49.0,1011.0,,7.0,27.0,58.11639416066628,3.7426074161023104,,66.86882737445782,2.250227353453662,,,,,,,,,,,,,,,,
481,2025-05-16 00:06:35.682837,40.7680075,1.6569836,4.260217666625977,8.752433213791534,23.670000000000016,49.0,1011.0,,6.9,30.0,63.563200442776385,3.852914710025503,,72.31563365656791,1.89669312328747,,,,,,,,,,,,,,,,
482,2025-05-16 00:06:40.684437,40.7680075,1.6569836,4.260217666625977,8.752433213791534,23.670000000000016,49.0,1011.0,,7.0,28.0,59.69926873442431,3.8062802700007987,,68.45170194821584,2.1494444416158474,,,,,,,,,,,,,,,,
483,2025-05-16 00:06:45.684242,40.7680075,1.6569836,4.260217666625977,8.752433213791534,23.670000000000016,49.0,1011.0,,7.4,30.0,59.85880872197146,4.278492145345314,,68.61124193576299,2.139194110137719,,,,,,,,,,,,,,,,
484,2025-05-16 00:06:50.683167,40.7680075,1.6569836,4.260217666625977,8.752433213791534,23.670000000000016,49.0,1011.0,,7.1,27.0,57.34299495584772,3.8285681297292795,,66.09542816963926,2.29885049874166,,,,,,,,,,,,,,,,
485,2025-05-16 00:06:55.684221,40.7680075,1.6569836,4.260217666625977,8.752433213791534,23.670000000000016,49.0,1011.0,,7.2,29.0,59.73322979727332,4.041539538935058,,68.48566301106484,2.147263860836301,,,,,,,,,,,,,,,,
486,2025-05-16 00:07:00.684258,40.7680075,1.6569836,4.260217666625977,8.752433213791534,23.670000000000016,49.0,1011.0,,7.4,32.0,62.799871950171195,4.408966573064367,,71.55230516396273,1.9473451324710565,,,,,,,,,,,,,,,,
487,2025-05-16 00:07:05.684460,40.7680075,1.6569836,4.260217666625977,8.752433213791534,23.670000000000016,49.0,1011.0,,6.9,33.0,67.89162531983362,4.056250734419092,,76.64405853362516,1.6033741827297705,,,,,,,,,,,,,,,,
488,2025-05-16 00:07:10.684450,40.7680075,1.6569836,4.260217666625977,8.752433213791534,23.670000000000016,49.0,1011.0,,7.0,32.0,65.68402895539124,4.070538272454178,,74.43646216918278,1.754222985949634,,,,,,,,,,,,,,,,
489,2025-05-16 00:07:15.682922,40.7680075,1.6569836,4.260217666625977,8.752433213791534,23.670000000000016,49.0,1011.0,,7.3,33.0,64.90418076070145,4.390311456428024,,73.65661397449298,1.8069003652685243,,,,,,,,,,,,,,,,
490,2025-05-16 00:07:20.684608,40.7680075,1.6569836,4.260217666625977,8.752433213791534,23.670000000000016,49.0,1011.0,,7.5,32.0,62.14720426616147,4.495154318387758,,70.899637479953,1.9903802872407004,,,,,,,,,,,,,,,,
491,2025-05-16 00:07:25.684622,40.7680075,1.6569836,4.260217666625977,8.752433213791534,23.670000000000016,49.0,1011.0,,7.6,29.0,57.06441083091563,4.390123640904411,,65.81684404470715,2.316262765477648,,,,,,,,,,,,,,,,
492,2025-05-16 00:07:30.684628,40.7680075,1.6569836,4.260217666625977,8.752433213791534,23.670000000000016,49.0,1011.0,,7.4,32.0,62.799871950171195,4.408966573064367,,71.55230516396273,1.9473451324710565,,,,,,,,,,,,,,,,
493,2025-05-16 00:07:35.683624,40.7680075,1.6569836,4.260217666625977,8.752433213791534,23.670000000000016,49.0,1011.0,,7.4,31.0,61.34391786339165,4.343271722675722,,70.09635107718319,2.0429917017764248,,,,,,,,,,,,,,,,
494,2025-05-16 00:07:40.683492,40.7680075,1.6569836,4.260217666625977,8.752433213791534,23.670000000000016,49.0,1011.0,,7.4,33.0,64.2275764586383,4.475516824952744,,72.98000967242983,1.8523329518158942,,,,,,,,,,,,,,,,
495,2025-05-16 00:07:45.684020,40.7680075,1.6569836,4.260217666625977,8.752433213791534,23.670000000000016,49.0,1011.0,,7.4,34.0,65.62793509360041,4.542865062510185,,74.38036830739195,1.758022991768803,,,,,,,,,,,,,,,,
496,2025-05-16 00:07:50.684610,40.7680075,1.6569836,4.260217666625977,8.752433213791534,23.670000000000016,49.0,1011.0,,7.2,34.0,67.0019647797995,4.373828435288009,,75.75439799359103,1.6644651781677873,,,,,,,,,,,,,,,,
497,2025-05-16 00:07:55.684609,40.7680075,1.6569836,4.260217666625977,8.752433213791534,23.670000000000016,49.0,1011.0,,7.4,33.0,64.2275764586383,4.475516824952744,,72.98000967242983,1.8523329518158942,,,,,,,,,,,,,,,,
498,2025-05-16 00:08:00.684596,40.7680075,1.6569836,4.260217666625977,8.752433213791534,23.670000000000016,49.0,1011.0,,7.4,33.0,64.2275764586383,4.475516824952744,,72.98000967242983,1.8523329518158942,,,,,,,,,,,,,,,,
499,2025-05-16 00:08:05.684829,40.7680075,1.6569836,4.260217666625977,8.752433213791534,23.670000000000016,49.0,1011.0,,7.3,32.0,63.478473270621166,4.323373698707731,,72.2309064844127,1.902332118457259,,,,,,,,,,,,,,,,
500,2025-05-16 00:08:10.684064,40.7680075,1.6569836,4.260217666625977,8.752433213791534,23.670000000000016,49.0,1011.0,,7.7,33.0,62.34507426649367,4.734606567436294,,71.0975074802852,1.9773602957146839,,,,,,,,,,,,,,,,
501,2025-05-16 00:08:15.684235,40.7680075,1.6569836,4.260217666625977,8.752433213791534,23.670000000000016,49.0,1011.0,,7.5,33.0,63.576340276945864,4.561322945859788,,72.3287734907374,1.895818233199106,,,,,,,,,,,,,,,,
502,2025-05-16 00:08:20.684082,40.7680075,1.6569836,4.260217666625977,8.752433213791534,23.670000000000016,49.0,1011.0,,7.6,33.0,62.949230934605836,4.64769654586215,,71.70166414839737,1.9374610705364157,,,,,,,,,,,,,,,,
503,2025-05-16 00:08:25.684236,40.7680075,1.6569836,4.260217666625977,8.752433213791534,23.670000000000016,49.0,1011.0,,7.5,33.0,63.576340276945864,4.561322945859788,,72.3287734907374,1.895818233199106,,,,,,,,,,,,,,,,
504,2025-05-16 00:08:30.683380,40.7680075,1.6569836,4.260217666625977,8.752433213791534,23.670000000000016,49.0,1011.0,,7.5,34.0,64.97874310010965,4.628309288886875,,73.73117631390119,1.8018781285231296,,,,,,,,,,,,,,,,
505,2025-05-16 00:08:35.683280,40.7680075,1.6569836,4.260217666625977,8.752433213791534,23.670000000000016,49.0,1011.0,,7.9,40.0,70.56708575448008,5.384784179620689,,79.31951896827161,1.4173868685067648,,,,,,,,,,,,,,,,
506,2025-05-16 00:08:40.684413,40.7680075,1.6569836,4.260217666625977,8.752433213791534,23.670000000000016,49.0,1011.0,,7.3,39.0,72.90413638152114,4.806413905466343,,81.65656959531267,1.2523818213633024,,,,,,,,,,,,,,,,
507,2025-05-16 00:08:45.684389,40.7680075,1.6569836,4.260217666625977,8.752433213791534,23.670000000000016,49.0,1011.0,,7.3,38.0,71.63218372620929,4.735592200616057,,80.38461694000083,1.3424627167831544,,,,,,,,,,,,,,,,
508,2025-05-16 00:08:50.684579,40.7680075,1.6569836,4.260217666625977,8.752433213791534,23.670000000000016,49.0,1011.0,,6.9,34.0,69.2719119894185,4.125470093101073,,78.02434520321003,1.5078332484704484,,,,,,,,,,,,,,,,
509,2025-05-16 00:08:55.684562,40.7680075,1.6569836,4.260217666625977,8.752433213791534,23.670000000000016,49.0,1011.0,,7.8,38.0,68.55532787419332,5.159334856018654,,77.30776108798486,1.5575466339125312,,,,,,,,,,,,,,,,
510,2025-05-16 00:09:00.684071,40.7680075,1.6569836,4.260217666625977,8.752433213791534,23.670000000000016,49.0,1011.0,,7.2,36.0,69.7092841907174,4.512048346560813,,78.46171740450893,1.4773739250187419,,,,,,,,,,,,,,,,
511,2025-05-16 00:09:05.683750,40.7680075,1.6569836,4.260217666625977,8.752433213791534,23.670000000000016,49.0,1011.0,,8.0,36.0,64.80805763535895,5.196541031729019,,73.56049084915048,1.8133703384089257,,,,,,,,,,,,,,,,
512,2025-05-16 00:09:10.684426,40.7680075,1.6569836,4.260217666625977,8.752433213791534,23.670000000000016,49.0,1011.0,,7.7,38.0,69.12945011060485,5.07347569456387,,77.88188332439638,1.5177356448301105,,,,,,,,,,,,,,,,
513,2025-05-16 00:09:15.683961,40.7680075,1.6569836,4.260217666625977,8.752433213791534,23.670000000000016,49.0,1011.0,,7.8,41.0,72.36718379485974,5.369535549037366,,81.11961700865128,1.2904871654194052,,,,,,,,,,,,,,,,
514,2025-05-16 00:09:20.683526,40.7680075,1.6569836,4.260217666625977,8.752433213791534,23.670000000000016,49.0,1011.0,,8.4,42.0,70.57425741643767,5.959978872930352,,79.32669063022921,1.4168839879534552,,,,,,,,,,,,,,,,
515,2025-05-16 00:09:25.683618,40.7680075,1.6569836,4.260217666625977,8.752433213791534,23.670000000000016,49.0,1011.0,,7.4,42.0,75.95109779993656,5.10423996247209,,84.7035310137281,1.0341676641469801,,,,,,,,,,,,,,,,
516,2025-05-16 00:09:30.683210,40.7680075,1.6569836,4.260217666625977,8.752433213791534,23.670000000000016,49.0,1011.0,,7.9,42.0,73.05459554375867,5.526057082598462,,81.8070287575502,1.2416844730075054,,,,,,,,,,,,,,,,
517,2025-05-16 00:09:35.683663,40.7680075,1.6569836,4.260217666625977,8.752433213791534,23.670000000000016,49.0,1011.0,,7.9,43.0,74.27006344364075,5.597408721544769,,83.02249665743228,1.1549595250366307,,,,,,,,,,,,,,,,
518,2025-05-16 00:09:40.684407,40.7680075,1.6569836,4.260217666625977,8.752433213791534,23.670000000000016,49.0,1011.0,,7.7,43.0,75.36606439276423,5.427455645152852,,84.11849760655576,1.0763119421621097,,,,,,,,,,,,,,,,
519,2025-05-16 00:09:45.683171,40.7680075,1.6569836,4.260217666625977,8.752433213791534,23.670000000000016,49.0,1011.0,,8.0,46.0,77.29841298407888,5.899077959600768,,86.05084619787041,0.9367077986767526,,,,,,,,,,,,,,,,
520,2025-05-16 00:09:50.683121,40.7680075,1.6569836,4.260217666625977,8.752433213791534,23.670000000000016,49.0,1011.0,,7.6,44.0,77.12454473945101,5.4155686549282365,,85.87697795324254,0.9493150426012792,,,,,,,,,,,,,,,,
521,2025-05-16 00:09:55.683997,40.7680075,1.6569836,4.260217666625977,8.752433213791534,23.670000000000016,49.0,1011.0,,7.8,45.0,77.17886583906812,5.656462257026164,,85.93129905285966,0.9453771351980331,,,,,,,,,,,,,,,,
522,2025-05-16 00:10:00.684717,40.7680075,1.6569836,4.260217666625977,8.752433213791534,23.670000000000016,49.0,1011.0,,7.8,44.0,76.00308566739987,5.584135224540793,,84.7555188811914,1.030417313000959,,,,,,,,,,,,,,,,
523,2025-05-16 00:10:05.684963,40.7680075,1.6569836,4.260217666625977,8.752433213791534,23.670000000000016,49.0,1011.0,,7.7,46.0,78.88048229057985,5.644887801427675,,87.63291550437138,0.8216095225059189,,,,,,,,,,,,,,,,
524,2025-05-16 00:10:10.683564,40.7680075,1.6569836,4.260217666625977,8.752433213791534,23.670000000000016,49.0,1011.0,,8.1,43.0,73.2390083245873,5.7692888653584795,,81.99144153837884,1.2285614182136952,,,,,,,,,,,,,,,,
525,2025-05-16 00:10:15.684245,40.7680075,1.6569836,4.260217666625977,8.752433213791534,23.670000000000016,49.0,1011.0,,8.5,47.0,76.1144300646501,6.403640348310692,,84.86686327844163,1.0223821928029961,,,,,,,,,,,,,,,,
526,2025-05-16 00:10:20.684230,40.7680075,1.6569836,4.260217666625977,8.752433213791534,23.670000000000016,49.0,1011.0,,8.1,47.0,77.95566856308771,6.057307890493205,,86.70810177687925,0.8889730180002294,,,,,,,,,,,,,,,,
527,2025-05-16 00:10:25.683419,40.7680075,1.6569836,4.260217666625977,8.752433213791534,23.670000000000016,49.0,1011.0,,8.2,48.0,78.61870187355181,6.21602165914771,,87.37113508734335,0.8407001084522844,,,,,,,,,,,,,,,,
528,2025-05-16 00:10:30.684057,40.7680075,1.6569836,4.260217666625977,8.752433213791534,23.670000000000016,49.0,1011.0,,8.2,47.0,77.47592736513405,6.143279790779644,,86.22836057892559,0.9238272740077984,,,,,,,,,,,,,,,,
529,2025-05-16 00:10:35.683044,40.7680075,1.6569836,4.260217666625977,8.752433213791534,23.670000000000016,49.0,1011.0,,8.0,47.0,78.4491880720217,5.971772866801021,,87.20162128581323,0.8530527271849193,,,,,,,,,,,,,,,,
530,2025-05-16 00:10:40.684558,40.7680075,1.6569836,4.260217666625977,8.752433213791534,23.670000000000016,49.0,1011.0,,8.2,50.0,80.86001109449849,6.362345984302023,,89.61244430829002,0.676723572582363,,,,,,,,,,,,,,,,
531,2025-05-16 00:10:45.684411,40.7680075,1.6569836,4.260217666625977,8.752433213791534,23.670000000000016,49.0,1011.0,,8.4,52.0,82.16084575148884,6.681732017258942,,90.91327896528037,0.5810621155149309,,,,,,,,,,,,,,,,
532,2025-05-16 00:10:50.684175,40.7680075,1.6569836,4.260217666625977,8.752433213791534,23.670000000000016,49.0,1011.0,,8.4,52.0,82.16084575148884,6.681732017258942,,90.91327896528037,0.5810621155149309,,,,,,,,,,,,,,,,
533,2025-05-16 00:10:55.684295,40.7680075,1.6569836,4.260217666625977,8.752433213791534,23.670000000000016,49.0,1011.0,,8.0,54.0,86.09261242198173,6.487215482088943,,94.84504563577326,0.2903079705239404,,,,,,,,,,,,,,,,
534,2025-05-16 00:11:00.684544,40.7680075,1.6569836,4.260217666625977,8.752433213791534,23.670000000000016,49.0,1011.0,,7.7,52.0,85.47336076903709,6.08666866207156,,94.22579398282862,0.33622743888040885,,,,,,,,,,,,,,,,
535,2025-05-16 00:11:05.684571,40.7680075,1.6569836,4.260217666625977,8.752433213791534,23.670000000000016,49.0,1011.0,,8.2,52.0,83.04533289251687,6.509583973496356,,91.7977661063084,0.5158441731691923,,,,,,,,,,,,,,,,
536,2025-05-16 00:11:10.684211,40.7680075,1.6569836,4.260217666625977,8.752433213791534,23.670000000000016,49.0,1011.0,,8.1,51.0,82.42360230568698,6.35032098643467,,91.17603551947852,0.5617014334751441,,,,,,,,,,,,,,,,
537,2025-05-16 00:11:15.684213,40.7680075,1.6569836,4.260217666625977,8.752433213791534,23.670000000000016,49.0,1011.0,,8.4,51.0,81.0673460910398,6.6081730850516855,,89.81977930483133,0.6614985562910702,,,,,,,,,,,,,,,,
538,2025-05-16 00:11:20.684042,40.7680075,1.6569836,4.260217666625977,8.752433213791534,23.670000000000016,49.0,1011.0,,9.7,52.0,77.37766863325415,7.8330152448766786,,86.13010184704568,0.9309580762042216,,,,,,,,,,,,,,,,
539,2025-05-16 00:11:25.684067,40.7680075,1.6569836,4.260217666625977,8.752433213791534,23.670000000000016,49.0,1011.0,,9.1,57.0,84.78927798747613,7.663572489313223,,93.54171120126766,0.386908464836671,,,,,,,,,,,,,,,,
540,2025-05-16 00:11:30.684215,40.7680075,1.6569836,4.260217666625977,8.752433213791534,23.670000000000016,49.0,1011.0,,8.5,55.0,84.9508697256659,6.989916066940964,,93.70330293945743,0.37494146996119754,,,,,,,,,,,,,,,,
541,2025-05-16 00:11:35.682849,40.7680075,1.6569836,4.260217666625977,8.752433213791534,23.670000000000016,49.0,1011.0,,8.1,49.0,80.21878075606729,6.203321325179247,,88.97121396985882,0.7237534136025774,,,,,,,,,,,,,,,,
542,2025-05-16 00:11:40.684215,40.7680075,1.6569836,4.260217666625977,8.752433213791534,23.670000000000016,49.0,1011.0,,8.0,51.0,82.90039666918707,6.265204306352372,,91.65282988297861,0.5265399267141262,,,,,,,,,,,,,,,,
543,2025-05-16 00:11:45.684225,40.7680075,1.6569836,4.260217666625977,8.752433213791534,23.670000000000016,49.0,1011.0,,8.0,49.0,80.7041857133278,6.118021438059414,,89.45661892711934,0.6881603147082292,,,,,,,,,,,,,,,,
544,2025-05-16 00:11:50.684217,40.7680075,1.6569836,4.260217666625977,8.752433213791534,23.670000000000016,49.0,1011.0,,8.4,50.0,79.9605047009416,6.534835910081762,,88.71293791473313,0.7426709097851186,,,,,,,,,,,,,,,,
545,2025-05-16 00:11:55.683076,40.7680075,1.6569836,4.260217666625977,8.752433213791534,23.670000000000016,49.0,1011.0,,8.1,48.0,79.09474624820317,6.1301756641299825,,87.8471794619947,0.8059713376320384,,,,,,,,,,,,,,,,
546,2025-05-16 00:12:00.684059,40.7680075,1.6569836,4.260217666625977,8.752433213791534,23.670000000000016,49.0,1011.0,,8.6,49.0,77.98065057434455,6.635980801491877,,86.73308378813608,0.8871562913919288,,,,,,,,,,,,,,,,
547,2025-05-16 00:12:05.684086,40.7680075,1.6569836,4.260217666625977,8.752433213791534,23.670000000000016,49.0,1011.0,,8.4,54.0,84.30940705313836,6.829398964642174,,93.06184026692989,0.4224277454417736,,,,,,,,,,,,,,,,
548,2025-05-16 00:12:10.684448,40.7680075,1.6569836,4.260217666625977,8.752433213791534,23.670000000000016,49.0,1011.0,,8.1,51.0,82.42360230568698,6.35032098643467,,91.17603551947852,0.5617014334751441,,,,,,,,,,,,,,,,
549,2025-05-16 00:12:15.683166,40.7680075,1.6569836,4.260217666625977,8.752433213791534,23.670000000000016,49.0,1011.0,,8.6,57.0,86.63821488305773,7.224999940336582,,95.39064809684926,0.24982154497679587,,,,,,,,,,,,,,,,
550,2025-05-16 00:12:20.683829,40.7680075,1.6569836,4.260217666625977,8.752433213791534,23.670000000000016,49.0,1011.0,,9.0,53.0,80.86245460727412,7.280104441621225,,89.61488782106565,0.6765441918482401,,,,,,,,,,,,,,,,
551,2025-05-16 00:12:25.684587,40.7680075,1.6569836,4.260217666625977,8.752433213791534,23.670000000000016,49.0,1011.0,,8.5,57.0,87.03514989629416,7.138254710056559,,95.78758311008569,0.2203525409993624,,,,,,,,,,,,,,,,
552,2025-05-16 00:12:30.683606,40.7680075,1.6569836,4.260217666625977,8.752433213791534,23.670000000000016,49.0,1011.0,,8.3,53.0,83.67408786860905,6.6692824855493775,,92.42652108240058,0.4694070594909343,,,,,,,,,,,,,,,,
553,2025-05-16 00:12:35.683051,40.7680075,1.6569836,4.260217666625977,8.752433213791534,23.670000000000016,49.0,1011.0,,8.7,51.0,79.81359988850484,6.8694487706984475,,88.56603310229637,0.7534242822998038,,,,,,,,,,,,,,,,
554,2025-05-16 00:12:40.684076,40.7680075,1.6569836,4.260217666625977,8.752433213791534,23.670000000000016,49.0,1011.0,,8.4,51.0,81.0673460910398,6.6081730850516855,,89.81977930483133,0.6614985562910702,,,,,,,,,,,,,,,,
555,2025-05-16 00:12:45.684448,40.7680075,1.6569836,4.260217666625977,8.752433213791534,23.670000000000016,49.0,1011.0,,8.2,51.0,81.95945149831309,6.435865774017424,,90.71188471210462,0.5958931899080843,,,,,,,,,,,,,,,,
556,2025-05-16 00:12:50.683756,40.7680075,1.6569836,4.260217666625977,8.752433213791534,23.670000000000016,49.0,1011.0,,7.9,50.0,82.30394598040715,6.106758182732392,,91.05637919419868,0.5705195557195898,,,,,,,,,,,,,,,,
557,2025-05-16 00:12:55.682749,40.7680075,1.6569836,4.260217666625977,8.752433213791534,23.670000000000016,49.0,1011.0,,8.9,52.0,80.13842868942483,7.118475318256001,,88.89086190321636,0.7296404153925634,,,,,,,,,,,,,,,,
558,2025-05-16 00:13:00.684221,40.7680075,1.6569836,4.260217666625977,8.752433213791534,23.670000000000016,49.0,1011.0,,9.2,59.0,86.53034527742439,7.90042070663595,,95.28277849121592,0.25782792096780033,,,,,,,,,,,,,,,,
559,2025-05-16 00:13:05.684059,40.7680075,1.6569836,4.260217666625977,8.752433213791534,23.670000000000016,49.0,1011.0,,8.4,57.0,87.44183074149453,7.051860497303225,,96.19426395528606,0.19014903659593277,,,,,,,,,,,,,,,,
560,2025-05-16 00:13:10.684576,40.7680075,1.6569836,4.260217666625977,8.752433213791534,23.670000000000016,49.0,1011.0,,8.5,59.0,89.0752384460332,7.286871164625164,,97.82767165982473,0.06875749827901505,,,,,,,,,,,,,,,,
561,2025-05-16 00:13:15.684579,40.7680075,1.6569836,4.260217666625977,8.752433213791534,23.670000000000016,49.0,1011.0,,8.0,52.0,83.97763541521388,6.339071246289787,,92.73006862900542,0.4469677770814326,,,,,,,,,,,,,,,,
562,2025-05-16 00:13:20.684570,40.7680075,1.6569836,4.260217666625977,8.752433213791534,23.670000000000016,49.0,1011.0,,7.9,55.0,87.6016942912686,6.476974539369686,,96.35412750506013,0.17827353151441483,,,,,,,,,,,,,,,,
563,2025-05-16 00:13:25.684602,40.7680075,1.6569836,4.260217666625977,8.752433213791534,23.670000000000016,49.0,1011.0,,8.0,54.0,86.09261242198173,6.487215482088943,,94.84504563577326,0.2903079705239404,,,,,,,,,,,,,,,,
564,2025-05-16 00:13:30.683679,40.7680075,1.6569836,4.260217666625977,8.752433213791534,23.670000000000016,49.0,1011.0,,8.0,51.0,82.90039666918707,6.265204306352372,,91.65282988297861,0.5265399267141262,,,,,,,,,,,,,,,,
565,2025-05-16 00:13:35.683523,40.7680075,1.6569836,4.260217666625977,8.752433213791534,23.670000000000016,49.0,1011.0,,8.0,56.0,88.15773701112892,6.635730463509265,,96.91017022492045,0.13695754059168072,,,,,,,,,,,,,,,,
566,2025-05-16 00:13:40.683238,40.7680075,1.6569836,4.260217666625977,8.752433213791534,23.670000000000016,49.0,1011.0,,8.1,50.0,81.32824585347247,6.276713268112465,,90.080679067264,0.642327890285619,,,,,,,,,,,,,,,,
567,2025-05-16 00:13:45.684222,40.7680075,1.6569836,4.260217666625977,8.752433213791534,23.670000000000016,49.0,1011.0,,7.9,52.0,84.46278494012294,6.254469973091776,,93.21521815391448,0.4110780618329016,,,,,,,,,,,,,,,,
568,2025-05-16 00:13:50.684075,40.7680075,1.6569836,4.260217666625977,8.752433213791534,23.670000000000016,49.0,1011.0,,8.2,53.0,84.11807797147269,6.583471840206376,,92.87051118526422,0.43658149542547386,,,,,,,,,,,,,,,,
569,2025-05-16 00:13:55.684248,40.7680075,1.6569836,4.260217666625977,8.752433213791534,23.670000000000016,49.0,1011.0,,7.9,50.0,82.30394598040715,6.106758182732392,,91.05637919419868,0.5705195557195898,,,,,,,,,,,,,,,,
570,2025-05-16 00:14:00.683081,40.7680075,1.6569836,4.260217666625977,8.752433213791534,23.670000000000016,49.0,1011.0,,8.2,50.0,80.86001109449849,6.362345984302023,,89.61244430829002,0.676723572582363,,,,,,,,,,,,,,,,
571,2025-05-16 00:14:05.684085,40.7680075,1.6569836,4.260217666625977,8.752433213791534,23.670000000000016,49.0,1011.0,,7.3,45.0,80.09170982953805,5.240037601636412,,88.84414304332958,0.7330626181007979,,,,,,,,,,,,,,,,
572,2025-05-16 00:14:10.683547,40.7680075,1.6569836,4.260217666625977,8.752433213791534,23.670000000000016,49.0,1011.0,,7.8,49.0,81.71657337605146,5.948795510253864,,90.46900658984299,0.6137694090815843,,,,,,,,,,,,,,,,
573,2025-05-16 00:14:15.684400,40.7680075,1.6569836,4.260217666625977,8.752433213791534,23.670000000000016,49.0,1011.0,,8.1,50.0,81.32824585347247,6.276713268112465,,90.080679067264,0.642327890285619,,,,,,,,,,,,,,,,
574,2025-05-16 00:14:20.684578,40.7680075,1.6569836,4.260217666625977,8.752433213791534,23.670000000000016,49.0,1011.0,,7.6,52.0,85.99975113927732,6.003507789668691,,94.75218435306886,0.2971962207241644,,,,,,,,,,,,,,,,
575,2025-05-16 00:14:25.684433,40.7680075,1.6569836,4.260217666625977,8.752433213791534,23.670000000000016,49.0,1011.0,,7.4,50.0,84.99537462284759,5.690422711279356,,93.74780783663913,0.3716450441845222,,,,,,,,,,,,,,,,
576,2025-05-16 00:14:30.684589,40.7680075,1.6569836,4.260217666625977,8.752433213791534,23.670000000000016,49.0,1011.0,,7.5,47.0,81.14264258946531,5.551354126229841,,89.89507580325684,0.6559672318279064,,,,,,,,,,,,,,,,
577,2025-05-16 00:14:35.683339,40.7680075,1.6569836,4.260217666625977,8.752433213791534,23.670000000000016,49.0,1011.0,,7.7,49.0,82.24459305075845,5.86490911062972,,90.99702626454999,0.5748926735112183,,,,,,,,,,,,,,,,
578,2025-05-16 00:14:40.684586,40.7680075,1.6569836,4.260217666625977,8.752433213791534,23.670000000000016,49.0,1011.0,,7.5,49.0,83.34703129789602,5.698696393229722,,92.09946451168756,0.4935694466406123,,,,,,,,,,,,,,,,
579,2025-05-16 00:14:45.683646,40.7680075,1.6569836,4.260217666625977,8.752433213791534,23.670000000000016,49.0,1011.0,,7.7,52.0,85.47336076903709,6.08666866207156,,94.22579398282862,0.33622743888040885,,,,,,,,,,,,,,,,
580,2025-05-16 00:14:50.684416,40.7680075,1.6569836,4.260217666625977,8.752433213791534,23.670000000000016,49.0,1011.0,,7.7,49.0,82.24459305075845,5.86490911062972,,90.99702626454999,0.5748926735112183,,,,,,,,,,,,,,,,
581,2025-05-16 00:14:55.683699,40.7680075,1.6569836,4.260217666625977,8.752433213791534,23.670000000000016,49.0,1011.0,,7.3,47.0,82.33662462861965,5.386995193952595,,91.08905784241118,0.5681115346242334,,,,,,,,,,,,,,,,
582,2025-05-16 00:15:00.684223,40.7680075,1.6569836,4.260217666625977,8.752433213791534,23.670000000000016,49.0,1011.0,,7.4,45.0,79.47280394798403,5.3221713901642715,,88.22523716177557,0.7783512141300191,,,,,,,,,,,,,,,,
583,2025-05-16 00:15:05.684225,40.7680075,1.6569836,4.260217666625977,8.752433213791534,23.670000000000016,49.0,1011.0,,7.5,45.0,78.87277768611904,5.404907265254669,,87.62521089991057,0.8221716350341919,,,,,,,,,,,,,,,,
584,2025-05-16 00:15:10.686955,40.7680075,1.6569836,4.260217666625977,8.752433213791534,23.670000000000016,49.0,1011.0,,7.9,48.0,80.08780384112305,5.959807923523002,,88.84023705491458,0.733348713570049,,,,,,,,,,,,,,,,
585,2025-05-16 00:15:15.684329,40.7680075,1.6569836,4.260217666625977,8.752433213791534,23.670000000000016,49.0,1011.0,,7.8,48.0,80.60585144562351,5.875324577534894,,89.35828465941505,0.6953749051435957,,,,,,,,,,,,,,,,
586,2025-05-16 00:15:20.684452,40.7680075,1.6569836,4.260217666625977,8.752433213791534,23.670000000000016,49.0,1011.0,,7.5,49.0,83.34703129789602,5.698696393229722,,92.09946451168756,0.4935694466406123,,,,,,,,,,,,,,,,
587,2025-05-16 00:15:25.684079,40.7680075,1.6569836,4.260217666625977,8.752433213791534,23.670000000000016,49.0,1011.0,,7.7,48.0,81.13896970163711,5.791335536599793,,89.89140291542864,0.6562370706590932,,,,,,,,,,,,,,,,
588,2025-05-16 00:15:30.684228,40.7680075,1.6569836,4.260217666625977,8.752433213791534,23.670000000000016,49.0,1011.0,,7.9,48.0,80.08780384112305,5.959807923523002,,88.84023705491458,0.733348713570049,,,,,,,,,,,,,,,,
589,2025-05-16 00:15:35.684615,40.7680075,1.6569836,4.260217666625977,8.752433213791534,23.670000000000016,49.0,1011.0,,7.8,49.0,81.71657337605146,5.948795510253864,,90.46900658984299,0.6137694090815843,,,,,,,,,,,,,,,,
590,2025-05-16 00:15:40.682683,40.7680075,1.6569836,4.260217666625977,8.752433213791534,23.670000000000016,49.0,1011.0,,7.1,49.0,85.75424603992266,5.373183785683614,,94.5066792537142,0.31540345290863625,,,,,,,,,,,,,,,,
591,2025-05-16 00:15:45.684408,40.7680075,1.6569836,4.260217666625977,8.752433213791534,23.670000000000016,49.0,1011.0,,7.7,48.0,81.13896970163711,5.791335536599793,,89.89140291542864,0.6562370706590932,,,,,,,,,,,,,,,,
592,2025-05-16 00:15:50.684091,40.7680075,1.6569836,4.260217666625977,8.752433213791534,23.670000000000016,49.0,1011.0,,7.2,46.0,81.85439261600384,5.232031551205135,,90.60682582979537,0.6036270250231016,,,,,,,,,,,,,,,,
593,2025-05-16 00:15:55.682709,40.7680075,1.6569836,4.260217666625977,8.752433213791534,23.670000000000016,49.0,1011.0,,7.2,47.0,82.96121955899189,5.305733645038922,,91.71365277278342,0.5220518302921031,,,,,,,,,,,,,,,,
594,2025-05-16 00:16:00.684269,40.7680075,1.6569836,4.260217666625977,8.752433213791534,23.670000000000016,49.0,1011.0,,6.9,43.0,80.51606208101452,4.770999509160113,,89.26849529480606,0.7019607844961845,,,,,,,,,,,,,,,,
595,2025-05-16 00:16:05.684216,40.7680075,1.6569836,4.260217666625977,8.752433213791534,23.670000000000016,49.0,1011.0,,7.0,40.0,76.23715080207289,4.63251870876808,,84.98958401586442,1.013521632207157,,,,,,,,,,,,,,,,
596,2025-05-16 00:16:10.684221,40.7680075,1.6569836,4.260217666625977,8.752433213791534,23.670000000000016,49.0,1011.0,,6.9,43.0,80.51606208101452,4.770999509160113,,89.26849529480606,0.7019607844961845,,,,,,,,,,,,,,,,
597,2025-05-16 00:16:15.684253,40.7680075,1.6569836,4.260217666625977,8.752433213791534,23.670000000000016,49.0,1011.0,,6.9,43.0,80.51606208101452,4.770999509160113,,89.26849529480606,0.7019607844961845,,,,,,,,,,,,,,,,
598,2025-05-16 00:16:20.683601,40.7680075,1.6569836,4.260217666625977,8.752433213791534,23.670000000000016,49.0,1011.0,,6.7,39.0,77.34600709655949,4.321410392003454,,86.09844031035102,0.9332552251665462,,,,,,,,,,,,,,,,
599,2025-05-16 00:16:25.683301,40.7680075,1.6569836,4.260217666625977,8.752433213791534,23.670000000000016,49.0,1011.0,,6.3,35.0,76.00767905319027,3.7240304552728167,,84.7601122669818,1.0300859100528492,,,,,,,,,,,,,,,,
600,2025-05-16 00:16:30.684291,40.7680075,1.6569836,4.260217666625977,8.752433213791534,23.670000000000016,49.0,1011.0,,6.7,36.0,73.58484038200436,4.105504691720492,,82.33727359579589,1.2039173501816522,,,,,,,,,,,,,,,,
601,2025-05-16 00:16:35.683294,40.7680075,1.6569836,4.260217666625977,8.752433213791534,23.670000000000016,49.0,1011.0,,6.5,34.0,72.75135896251601,3.805917484574243,,81.50379217630754,1.2632351558530504,,,,,,,,,,,,,,,,
602,2025-05-16 00:16:40.684596,40.7680075,1.6569836,4.260217666625977,8.752433213791534,23.670000000000016,49.0,1011.0,,6.4,32.0,71.00741906795182,3.586742980084746,,79.75985228174335,1.3864696025062995,,,,,,,,,,,,,,,,
603,2025-05-16 00:16:45.684417,40.7680075,1.6569836,4.260217666625977,8.752433213791534,23.670000000000016,49.0,1011.0,,6.3,31.0,70.64269409886154,3.4391556620696977,,79.39512731265307,1.4120840577446698,,,,,,,,,,,,,,,,
604,2025-05-16 00:16:50.684280,40.7680075,1.6569836,4.260217666625977,8.752433213791534,23.670000000000016,49.0,1011.0,,6.7,30.0,65.28130240190052,3.6879173597995183,,74.03373561569205,1.781467654819084,,,,,,,,,,,,,,,,
605,2025-05-16 00:16:55.684182,40.7680075,1.6569836,4.260217666625977,8.752433213791534,23.670000000000016,49.0,1011.0,,7.1,32.0,64.91905576468825,4.154119392992384,,73.67148897847979,1.8058986854160446,,,,,,,,,,,,,,,,
606,2025-05-16 00:17:00.684188,40.7680075,1.6569836,4.260217666625977,8.752433213791534,23.670000000000016,49.0,1011.0,,6.8,33.0,68.716248835426,3.974638833212836,,77.46868204921753,1.546403597197754,,,,,,,,,,,,,,,,
607,2025-05-16 00:17:05.683513,40.7680075,1.6569836,4.260217666625977,8.752433213791534,23.670000000000016,49.0,1011.0,,6.9,33.0,67.89162531983362,4.056250734419092,,76.64405853362516,1.6033741827297705,,,,,,,,,,,,,,,,
608,2025-05-16 00:17:10.684600,40.7680075,1.6569836,4.260217666625977,8.752433213791534,23.670000000000016,49.0,1011.0,,6.9,34.0,69.2719119894185,4.125470093101073,,78.02434520321003,1.5078332484704484,,,,,,,,,,,,,,,,
609,2025-05-16 00:17:15.684587,40.7680075,1.6569836,4.260217666625977,8.752433213791534,23.670000000000016,49.0,1011.0,,6.7,33.0,69.57525979003924,3.8938846526947306,,78.32769300383077,1.4867168364198666,,,,,,,,,,,,,,,,
610,2025-05-16 00:17:20.684571,40.7680075,1.6569836,4.260217666625977,8.752433213791534,23.670000000000016,49.0,1011.0,,6.9,33.0,67.89162531983362,4.056250734419092,,76.64405853362516,1.6033741827297705,,,,,,,,,,,,,,,,
611,2025-05-16 00:17:25.684771,40.7680075,1.6569836,4.260217666625977,8.752433213791534,23.670000000000016,49.0,1011.0,,6.7,32.0,68.17743465032251,3.8245265741462338,,76.92986786411404,1.5836655441884802,,,,,,,,,,,,,,,,
612,2025-05-16 00:17:30.684609,40.7680075,1.6569836,4.260217666625977,8.752433213791534,23.670000000000016,49.0,1011.0,,6.7,34.0,70.94152116004902,3.9638687786340325,,79.69395437384055,1.3911017688303342,,,,,,,,,,,,,,,,
613,2025-05-16 00:17:35.684604,40.7680075,1.6569836,4.260217666625977,8.752433213791534,23.670000000000016,49.0,1011.0,,6.5,30.0,67.15846352733654,3.5265446463486603,,75.91089674112807,1.6537474298467092,,,,,,,,,,,,,,,,
614,2025-05-16 00:17:40.684596,40.7680075,1.6569836,4.260217666625977,8.752433213791534,23.670000000000016,49.0,1011.0,,6.6,30.0,66.19888696590947,3.606747260025371,,74.951320179701,1.7192665220434884,,,,,,,,,,,,,,,,
615,2025-05-16 00:17:45.684079,40.7680075,1.6569836,4.260217666625977,8.752433213791534,23.670000000000016,49.0,1011.0,,6.5,31.0,68.60887413090647,3.5954282021567283,,77.361307344698,1.553840161430776,,,,,,,,,,,,,,,,
616,2025-05-16 00:17:50.684245,40.7680075,1.6569836,4.260217666625977,8.752433213791534,23.670000000000016,49.0,1011.0,,6.4,29.0,66.68318533367687,3.3787208185155797,,75.43561854746841,1.686258154425373,,,,,,,,,,,,,,,,
617,2025-05-16 00:17:55.684056,40.7680075,1.6569836,4.260217666625977,8.752433213791534,23.670000000000016,49.0,1011.0,,6.5,28.0,64.14284209151043,3.3910644977056736,,72.89527530530196,1.858004619772614,,,,,,,,,,,,,,,,
618,2025-05-16 00:18:00.684273,40.7680075,1.6569836,4.260217666625977,8.752433213791534,23.670000000000016,49.0,1011.0,,6.5,27.0,62.57393347455841,3.3246040375494808,,71.32636668834994,1.9622717892285888,,,,,,,,,,,,,,,,
619,2025-05-16 00:18:05.684283,40.7680075,1.6569836,4.260217666625977,8.752433213791534,23.670000000000016,49.0,1011.0,,6.7,28.0,62.241085381335175,3.5545321568497377,,70.99351859512672,1.984205790867092,,,,,,,,,,,,,,,,
620,2025-05-16 00:18:10.684404,40.7680075,1.6569836,4.260217666625977,8.752433213791534,23.670000000000016,49.0,1011.0,,6.5,29.0,65.67039263871577,3.458401408726825,,74.4228258525073,1.7551469153422314,,,,,,,,,,,,,,,,
621,2025-05-16 00:18:15.684599,40.7680075,1.6569836,4.260217666625977,8.752433213791534,23.670000000000016,49.0,1011.0,,6.7,27.0,60.663008132840204,3.489217578816172,,69.41544134663174,2.0872739792842143,,,,,,,,,,,,,,,,
622,2025-05-16 00:18:20.684567,40.7680075,1.6569836,4.260217666625977,8.752433213791534,23.670000000000016,49.0,1011.0,,6.8,25.0,56.49243396149206,3.4465814519675226,,65.24486717528359,2.3518407955608813,,,,,,,,,,,,,,,,
623,2025-05-16 00:18:25.684552,40.7680075,1.6569836,4.260217666625977,8.752433213791534,23.670000000000016,49.0,1011.0,,6.5,28.0,64.14284209151043,3.3910644977056736,,72.89527530530196,1.858004619772614,,,,,,,,,,,,,,,,
624,2025-05-16 00:18:30.684720,40.7680075,1.6569836,4.260217666625977,8.752433213791534,23.670000000000016,49.0,1011.0,,6.5,26.0,60.96173638063146,3.259094505519384,,69.714169594423,2.067882415535114,,,,,,,,,,,,,,,,
625,2025-05-16 00:18:35.682832,40.7680075,1.6569836,4.260217666625977,8.752433213791534,23.670000000000016,49.0,1011.0,,6.3,27.0,64.68131404428838,3.164070906389555,,73.43374725807992,1.8218935468584034,,,,,,,,,,,,,,,,
626,2025-05-16 00:18:40.683771,40.7680075,1.6569836,4.260217666625977,8.752433213791534,23.670000000000016,49.0,1011.0,,6.4,27.0,63.601551986300194,3.2437891968461154,,72.35398520009173,1.8941392818220362,,,,,,,,,,,,,,,,
627,2025-05-16 00:18:45.682932,40.7680075,1.6569836,4.260217666625977,8.752433213791534,23.670000000000016,49.0,1011.0,,6.7,29.0,63.779983357074734,3.620788888172009,,72.53241657086627,1.8822463392969992,,,,,,,,,,,,,,,,
628,2025-05-16 00:18:50.682632,40.7680075,1.6569836,4.260217666625977,8.752433213791534,23.670000000000016,49.0,1011.0,,6.4,27.0,63.601551986300194,3.2437891968461154,,72.35398520009173,1.8941392818220362,,,,,,,,,,,,,,,,
629,2025-05-16 00:18:55.682854,40.7680075,1.6569836,4.260217666625977,8.752433213791534,23.670000000000016,49.0,1011.0,,6.5,29.0,65.67039263871577,3.458401408726825,,74.4228258525073,1.7551469153422314,,,,,,,,,,,,,,,,
630,2025-05-16 00:19:00.684271,40.7680075,1.6569836,4.260217666625977,8.752433213791534,23.670000000000016,49.0,1011.0,,6.6,25.0,58.31905230802548,3.277705155034578,,67.07148552181701,2.237418202045835,,,,,,,,,,,,,,,,
631,2025-05-16 00:19:05.684164,40.7680075,1.6569836,4.260217666625977,8.752433213791534,23.670000000000016,49.0,1011.0,,6.5,26.0,60.96173638063146,3.259094505519384,,69.714169594423,2.067882415535114,,,,,,,,,,,,,,,,
632,2025-05-16 00:19:10.684571,40.7680075,1.6569836,4.260217666625977,8.752433213791534,23.670000000000016,49.0,1011.0,,6.5,27.0,62.57393347455841,3.3246040375494808,,71.32636668834994,1.9622717892285888,,,,,,,,,,,,,,,,
633,2025-05-16 00:19:15.684573,40.7680075,1.6569836,4.260217666625977,8.752433213791534,23.670000000000016,49.0,1011.0,,6.3,29.0,67.74455074752791,3.3001467293224227,,76.49698396131944,1.613500530641099,,,,,,,,,,,,,,,,
634,2025-05-16 00:19:20.684407,40.7680075,1.6569836,4.260217666625977,8.752433213791534,23.670000000000016,49.0,1011.0,,6.4,26.0,61.995011216609456,3.177657730286104,,70.74744443040099,2.0003785588601244,,,,,,,,,,,,,,,,
635,2025-05-16 00:19:25.684583,40.7680075,1.6569836,4.260217666625977,8.752433213791534,23.670000000000016,49.0,1011.0,,6.1,26.0,65.43288608789254,2.940228497186605,,74.18531930168407,1.771223193582747,,,,,,,,,,,,,,,,
636,2025-05-16 00:19:30.683552,40.7680075,1.6569836,4.260217666625977,8.752433213791534,23.670000000000016,49.0,1011.0,,6.3,27.0,64.68131404428838,3.164070906389555,,73.43374725807992,1.8218935468584034,,,,,,,,,,,,,,,,
637,2025-05-16 00:19:35.684754,40.7680075,1.6569836,4.260217666625977,8.752433213791534,23.670000000000016,49.0,1011.0,,6.4,27.0,63.601551986300194,3.2437891968461154,,72.35398520009173,1.8941392818220362,,,,,,,,,,,,,,,,
638,2025-05-16 00:19:40.683762,40.7680075,1.6569836,4.260217666625977,8.752433213791534,23.670000000000016,49.0,1011.0,,6.4,25.0,60.341796252682784,3.112519632329079,,69.09422946647432,2.108061718716661,,,,,,,,,,,,,,,,
639,2025-05-16 00:19:45.684770,40.7680075,1.6569836,4.260217666625977,8.752433213791534,23.670000000000016,49.0,1011.0,,6.7,26.0,59.04412704053277,3.4249195152624914,,67.7965602543243,2.1913612393007798,,,,,,,,,,,,,,,,
640,2025-05-16 00:19:50.684584,40.7680075,1.6569836,4.260217666625977,8.752433213791534,23.670000000000016,49.0,1011.0,,6.6,26.0,59.979142318885536,3.341539366963412,,68.73157553267707,2.131451784293409,,,,,,,,,,,,,,,,
641,2025-05-16 00:19:55.684607,40.7680075,1.6569836,4.260217666625977,8.752433213791534,23.670000000000016,49.0,1011.0,,6.6,27.0,61.59538586323806,3.4064373852171492,,70.34781907702958,2.026564444348761,,,,,,,,,,,,,,,,
642,2025-05-16 00:20:00.683555,40.7680075,1.6569836,4.260217666625977,8.752433213791534,23.670000000000016,49.0,1011.0,,6.6,30.0,66.19888696590947,3.606747260025371,,74.951320179701,1.7192665220434884,,,,,,,,,,,,,,,,
643,2025-05-16 00:20:05.684593,40.7680075,1.6569836,4.260217666625977,8.752433213791534,23.670000000000016,49.0,1011.0,,6.8,29.0,62.897425210221535,3.703363080650207,,71.64985842401308,1.9408908892779906,,,,,,,,,,,,,,,,
644,2025-05-16 00:20:10.684597,40.7680075,1.6569836,4.260217666625977,8.752433213791534,23.670000000000016,49.0,1011.0,,6.8,28.0,61.35478802467407,3.6376350926554393,,70.1072212384656,2.0422824152495274,,,,,,,,,,,,,,,,
645,2025-05-16 00:20:15.683613,40.7680075,1.6569836,4.260217666625977,8.752433213791534,23.670000000000016,49.0,1011.0,,7.0,29.0,61.246228641193554,3.870977909514493,,69.99866185498509,2.04936269695849,,,,,,,,,,,,,,,,
646,2025-05-16 00:20:20.684542,40.7680075,1.6569836,4.260217666625977,8.752433213791534,23.670000000000016,49.0,1011.0,,6.7,29.0,63.779983357074734,3.620788888172009,,72.53241657086627,1.8822463392969992,,,,,,,,,,,,,,,,
647,2025-05-16 00:20:25.684567,40.7680075,1.6569836,4.260217666625977,8.752433213791534,23.670000000000016,49.0,1011.0,,7.0,32.0,65.68402895539124,4.070538272454178,,74.43646216918278,1.754222985949634,,,,,,,,,,,,,,,,
648,2025-05-16 00:20:30.684570,40.7680075,1.6569836,4.260217666625977,8.752433213791534,23.670000000000016,49.0,1011.0,,6.8,28.0,61.35478802467407,3.6376350926554393,,70.1072212384656,2.0422824152495274,,,,,,,,,,,,,,,,
649,2025-05-16 00:20:35.684570,40.7680075,1.6569836,4.260217666625977,8.752433213791534,23.670000000000016,49.0,1011.0,,6.6,30.0,66.19888696590947,3.606747260025371,,74.951320179701,1.7192665220434884,,,,,,,,,,,,,,,,
650,2025-05-16 00:20:40.684550,40.7680075,1.6569836,4.260217666625977,8.752433213791534,23.670000000000016,49.0,1011.0,,6.6,29.0,64.7035042585243,3.5391137645315647,,73.45593747231584,1.8204019497486534,,,,,,,,,,,,,,,,
651,2025-05-16 00:20:45.683610,40.7680075,1.6569836,4.260217666625977,8.752433213791534,23.670000000000016,49.0,1011.0,,6.7,28.0,62.241085381335175,3.5545321568497377,,70.99351859512672,1.984205790867092,,,,,,,,,,,,,,,,
652,2025-05-16 00:20:50.682959,40.7680075,1.6569836,4.260217666625977,8.752433213791534,23.670000000000016,49.0,1011.0,,6.7,31.0,66.74661010384901,3.755850934978899,,75.49904331764054,1.6819263338598172,,,,,,,,,,,,,,,,
653,2025-05-16 00:20:55.684352,40.7680075,1.6569836,4.260217666625977,8.752433213791534,23.670000000000016,49.0,1011.0,,7.0,32.0,65.68402895539124,4.070538272454178,,74.43646216918278,1.754222985949634,,,,,,,,,,,,,,,,
654,2025-05-16 00:21:00.684614,40.7680075,1.6569836,4.260217666625977,8.752433213791534,23.670000000000016,49.0,1011.0,,7.0,30.0,62.758517779984096,3.936630591983586,,71.51095099377562,1.950079472340151,,,,,,,,,,,,,,,,
655,2025-05-16 00:21:05.684090,40.7680075,1.6569836,4.260217666625977,8.752433213791534,23.670000000000016,49.0,1011.0,,6.6,31.0,67.65742077128388,3.6751544323093297,,76.40985398507542,1.6194945751116512,,,,,,,,,,,,,,,,
656,2025-05-16 00:21:10.684085,40.7680075,1.6569836,4.260217666625977,8.752433213791534,23.670000000000016,49.0,1011.0,,6.8,33.0,68.716248835426,3.974638833212836,,77.46868204921753,1.546403597197754,,,,,,,,,,,,,,,,
657,2025-05-16 00:21:15.683791,40.7680075,1.6569836,4.260217666625977,8.752433213791534,23.670000000000016,49.0,1011.0,,6.7,32.0,68.17743465032251,3.8245265741462338,,76.92986786411404,1.5836655441884802,,,,,,,,,,,,,,,,
658,2025-05-16 00:21:20.684087,40.7680075,1.6569836,4.260217666625977,8.752433213791534,23.670000000000016,49.0,1011.0,,6.9,33.0,67.89162531983362,4.056250734419092,,76.64405853362516,1.6033741827297705,,,,,,,,,,,,,,,,
659,2025-05-16 00:21:25.684472,40.7680075,1.6569836,4.260217666625977,8.752433213791534,23.670000000000016,49.0,1011.0,,6.7,35.0,72.27760376008084,4.034425612551713,,81.03003697387237,1.296833355558681,,,,,,,,,,,,,,,,
660,2025-05-16 00:21:30.684589,40.7680075,1.6569836,4.260217666625977,8.752433213791534,23.670000000000016,49.0,1011.0,,6.6,34.0,71.82804251628846,3.8844088091766023,,80.58047573008,1.3286337951575062,,,,,,,,,,,,,,,,
661,2025-05-16 00:21:35.683902,40.7680075,1.6569836,4.260217666625977,8.752433213791534,23.670000000000016,49.0,1011.0,,7.1,32.0,64.91905576468825,4.154119392992384,,73.67148897847979,1.8058986854160446,,,,,,,,,,,,,,,,
662,2025-05-16 00:21:40.683189,40.7680075,1.6569836,4.260217666625977,8.752433213791534,23.670000000000016,49.0,1011.0,,6.8,32.0,67.31146036827407,3.9056919515076833,,76.0638935820656,1.6432575805090044,,,,,,,,,,,,,,,,
663,2025-05-16 00:21:45.683194,40.7680075,1.6569836,4.260217666625977,8.752433213791534,23.670000000000016,49.0,1011.0,,6.4,31.0,69.60319119544359,3.516738234842766,,78.35562440923512,1.4847703927883942,,,,,,,,,,,,,,,,
664,2025-05-16 00:21:50.684024,40.7680075,1.6569836,4.260217666625977,8.752433213791534,23.670000000000016,49.0,1011.0,,6.7,32.0,68.17743465032251,3.8245265741462338,,76.92986786411404,1.5836655441884802,,,,,,,,,,,,,,,,
665,2025-05-16 00:21:55.684610,40.7680075,1.6569836,4.260217666625977,8.752433213791534,23.670000000000016,49.0,1011.0,,6.7,32.0,68.17743465032251,3.8245265741462338,,76.92986786411404,1.5836655441884802,,,,,,,,,,,,,,,,
666,2025-05-16 00:22:00.684375,40.7680075,1.6569836,4.260217666625977,8.752433213791534,23.670000000000016,49.0,1011.0,,6.7,31.0,66.74661010384901,3.755850934978899,,75.49904331764054,1.6819263338598172,,,,,,,,,,,,,,,,
667,2025-05-16 00:22:05.683553,40.7680075,1.6569836,4.260217666625977,8.752433213791534,23.670000000000016,49.0,1011.0,,6.6,33.0,70.47044361181796,3.814042674446581,,79.22287682560949,1.4241612952121216,,,,,,,,,,,,,,,,
668,2025-05-16 00:22:10.684046,40.7680075,1.6569836,4.260217666625977,8.752433213791534,23.670000000000016,49.0,1011.0,,6.9,35.0,70.62301678158474,4.195316867522663,,79.37544999537627,1.4134643685509036,,,,,,,,,,,,,,,,
669,2025-05-16 00:22:15.683905,40.7680075,1.6569836,4.260217666625977,8.752433213791534,23.670000000000016,49.0,1011.0,,6.8,35.0,71.43413558063608,4.1144424678280185,,80.18656879442761,1.3564302696148147,,,,,,,,,,,,,,,,
670,2025-05-16 00:22:20.683218,40.7680075,1.6569836,4.260217666625977,8.752433213791534,23.670000000000016,49.0,1011.0,,6.8,34.0,70.09003844272566,4.044240298455386,,78.84247165651719,1.4507874131266651,,,,,,,,,,,,,,,,
671,2025-05-16 00:22:25.684387,40.7680075,1.6569836,4.260217666625977,8.752433213791534,23.670000000000016,49.0,1011.0,,6.6,34.0,71.82804251628846,3.8844088091766023,,80.58047573008,1.3286337951575062,,,,,,,,,,,,,,,,
672,2025-05-16 00:22:30.684553,40.7680075,1.6569836,4.260217666625977,8.752433213791534,23.670000000000016,49.0,1011.0,,6.5,33.0,71.4036684855422,3.7351713958676243,,80.15610169933373,1.3585775592103386,,,,,,,,,,,,,,,,
673,2025-05-16 00:22:35.684184,40.7680075,1.6569836,4.260217666625977,8.752433213791534,23.670000000000016,49.0,1011.0,,6.4,32.0,71.00741906795182,3.586742980084746,,79.75985228174335,1.3864696025062995,,,,,,,,,,,,,,,,
674,2025-05-16 00:22:40.684570,40.7680075,1.6569836,4.260217666625977,8.752433213791534,23.670000000000016,49.0,1011.0,,6.7,36.0,73.58484038200436,4.105504691720492,,82.33727359579589,1.2039173501816522,,,,,,,,,,,,,,,,
675,2025-05-16 00:22:45.684428,40.7680075,1.6569836,4.260217666625977,8.752433213791534,23.670000000000016,49.0,1011.0,,7.1,37.0,71.7366039304913,4.499547401443379,,80.48903714428283,1.3350919040521674,,,,,,,,,,,,,,,,
676,2025-05-16 00:22:50.682559,40.7680075,1.6569836,4.260217666625977,8.752433213791534,23.670000000000016,49.0,1011.0,,6.8,38.0,75.30066251723376,4.328155591535756,,84.0530957310253,1.0810164295763354,,,,,,,,,,,,,,,,
677,2025-05-16 00:22:55.684442,40.7680075,1.6569836,4.260217666625977,8.752433213791534,23.670000000000016,49.0,1011.0,,6.8,36.0,72.74980225284696,4.1851942697241205,,81.5022354666385,1.2633456986852583,,,,,,,,,,,,,,,,
678,2025-05-16 00:23:00.684065,40.7680075,1.6569836,4.260217666625977,8.752433213791534,23.670000000000016,49.0,1011.0,,6.5,36.0,75.3550700250745,3.948899108682531,,84.10750323886603,1.077102887195859,,,,,,,,,,,,,,,,
679,2025-05-16 00:23:05.683101,40.7680075,1.6569836,4.260217666625977,8.752433213791534,23.670000000000016,49.0,1011.0,,6.5,40.0,80.23482940462925,4.239545454064905,,88.98726261842079,0.7225774369291262,,,,,,,,,,,,,,,,
680,2025-05-16 00:23:10.684550,40.7680075,1.6569836,4.260217666625977,8.752433213791534,23.670000000000016,49.0,1011.0,,6.7,35.0,72.27760376008084,4.034425612551713,,81.03003697387237,1.296833355558681,,,,,,,,,,,,,,,,
681,2025-05-16 00:23:15.683326,40.7680075,1.6569836,4.260217666625977,8.752433213791534,23.670000000000016,49.0,1011.0,,6.8,36.0,72.74980225284696,4.1851942697241205,,81.5022354666385,1.2633456986852583,,,,,,,,,,,,,,,,
682,2025-05-16 00:23:20.684595,40.7680075,1.6569836,4.260217666625977,8.752433213791534,23.670000000000016,49.0,1011.0,,6.4,37.0,77.54017712794595,3.944519282570885,,86.29261034173749,0.9191630897121984,,,,,,,,,,,,,,,,
683,2025-05-16 00:23:25.684248,40.7680075,1.6569836,4.260217666625977,8.752433213791534,23.670000000000016,49.0,1011.0,,6.8,36.0,72.74980225284696,4.1851942697241205,,81.5022354666385,1.2633456986852583,,,,,,,,,,,,,,,,
684,2025-05-16 00:23:30.686432,40.7680075,1.6569836,4.260217666625977,8.752433213791534,23.670000000000016,49.0,1011.0,,6.7,34.0,70.94152116004902,3.9638687786340325,,79.69395437384055,1.3911017688303342,,,,,,,,,,,,,,,,
685,2025-05-16 00:23:35.684428,40.7680075,1.6569836,4.260217666625977,8.752433213791534,23.670000000000016,49.0,1011.0,,7.0,37.0,72.47563179364343,4.417736868539765,,81.22806500743496,1.2828000773457973,,,,,,,,,,,,,,,,
686,2025-05-16 00:23:40.683213,40.7680075,1.6569836,4.260217666625977,8.752433213791534,23.670000000000016,49.0,1011.0,,7.0,36.0,71.17239644972028,4.3470927846684955,,79.92482966351182,1.3748648058086699,,,,,,,,,,,,,,,,
687,2025-05-16 00:23:45.684033,40.7680075,1.6569836,4.260217666625977,8.752433213791534,23.670000000000016,49.0,1011.0,,6.9,37.0,73.24241446508111,4.336688974491392,,81.99484767887265,1.2283189126725629,,,,,,,,,,,,,,,,
688,2025-05-16 00:23:50.684381,40.7680075,1.6569836,4.260217666625977,8.752433213791534,23.670000000000016,49.0,1011.0,,6.7,35.0,72.27760376008084,4.034425612551713,,81.03003697387237,1.296833355558681,,,,,,,,,,,,,,,,
689,2025-05-16 00:23:55.683089,40.7680075,1.6569836,4.260217666625977,8.752433213791534,23.670000000000016,49.0,1011.0,,6.8,37.0,74.0382546718454,4.25644728421425,,82.79068788563693,1.1715406398500865,,,,,,,,,,,,,,,,
690,2025-05-16 00:24:00.683554,40.7680075,1.6569836,4.260217666625977,8.752433213791534,23.670000000000016,49.0,1011.0,,6.8,39.0,76.53814873859451,4.400275626049605,,85.29058195238605,0.9917696741644159,,,,,,,,,,,,,,,,
691,2025-05-16 00:24:05.684387,40.7680075,1.6569836,4.260217666625977,8.752433213791534,23.670000000000016,49.0,1011.0,,6.9,40.0,76.98118231964818,4.5522448090019845,,85.73361553343972,0.9597037284334909,,,,,,,,,,,,,,,,
692,2025-05-16 00:24:10.684618,40.7680075,1.6569836,4.260217666625977,8.752433213791534,23.670000000000016,49.0,1011.0,,7.0,41.0,77.44488295545993,4.704920334215564,,86.19731616925147,0.9260805138697141,,,,,,,,,,,,,,,,
693,2025-05-16 00:24:15.684595,40.7680075,1.6569836,4.260217666625977,8.752433213791534,23.670000000000016,49.0,1011.0,,7.0,38.0,73.75349337082139,4.4888853728893094,,82.50592658461292,1.1918831350265577,,,,,,,,,,,,,,,,
694,2025-05-16 00:24:20.684554,40.7680075,1.6569836,4.260217666625977,8.752433213791534,23.670000000000016,49.0,1011.0,,7.0,39.0,75.00700420083643,4.560493526296011,,83.75943741462797,1.102122409736713,,,,,,,,,,,,,,,,
695,2025-05-16 00:24:25.683551,40.7680075,1.6569836,4.260217666625977,8.752433213791534,23.670000000000016,49.0,1011.0,,6.5,38.0,77.84606855406817,4.0935545953298575,,86.5985017678597,0.8969412813498819,,,,,,,,,,,,,,,,
696,2025-05-16 00:24:30.683555,40.7680075,1.6569836,4.260217666625977,8.752433213791534,23.670000000000016,49.0,1011.0,,6.6,36.0,74.45274412875995,4.026721553838349,,83.20517734255148,1.1418791736488119,,,,,,,,,,,,,,,,
697,2025-05-16 00:24:35.684061,40.7680075,1.6569836,4.260217666625977,8.752433213791534,23.670000000000016,49.0,1011.0,,7.0,37.0,72.47563179364343,4.417736868539765,,81.22806500743496,1.2828000773457973,,,,,,,,,,,,,,,,
698,2025-05-16 00:24:40.684052,40.7680075,1.6569836,4.260217666625977,8.752433213791534,23.670000000000016,49.0,1011.0,,6.5,36.0,75.3550700250745,3.948899108682531,,84.10750323886603,1.077102887195859,,,,,,,,,,,,,,,,
699,2025-05-16 00:24:45.684056,40.7680075,1.6569836,4.260217666625977,8.752433213791534,23.670000000000016,49.0,1011.0,,6.9,38.0,74.51297506833743,4.408118800320712,,83.26540828212896,1.1375639506922257,,,,,,,,,,,,,,,,
700,2025-05-16 00:24:50.682800,40.7680075,1.6569836,4.260217666625977,8.752433213791534,23.670000000000016,49.0,1011.0,,6.6,39.0,78.18372639368889,4.243436103798977,,86.93615960748042,0.8723821079001214,,,,,,,,,,,,,,,,
701,2025-05-16 00:24:55.684079,40.7680075,1.6569836,4.260217666625977,8.752433213791534,23.670000000000016,49.0,1011.0,,6.6,39.0,78.18372639368889,4.243436103798977,,86.93615960748042,0.8723821079001214,,,,,,,,,,,,,,,,
702,2025-05-16 00:25:00.683304,40.7680075,1.6569836,4.260217666625977,8.752433213791534,23.670000000000016,49.0,1011.0,,6.8,34.0,70.09003844272566,4.044240298455386,,78.84247165651719,1.4507874131266651,,,,,,,,,,,,,,,,
703,2025-05-16 00:25:05.683205,40.7680075,1.6569836,4.260217666625977,8.752433213791534,23.670000000000016,49.0,1011.0,,7.0,40.0,76.23715080207289,4.63251870876808,,84.98958401586442,1.013521632207157,,,,,,,,,,,,,,,,
704,2025-05-16 00:25:10.684405,40.7680075,1.6569836,4.260217666625977,8.752433213791534,23.670000000000016,49.0,1011.0,,6.7,38.0,76.11784176123403,4.24904110257168,,84.87027497502557,1.0221359280764728,,,,,,,,,,,,,,,,
705,2025-05-16 00:25:15.684567,40.7680075,1.6569836,4.260217666625977,8.752433213791534,23.670000000000016,49.0,1011.0,,6.8,38.0,75.30066251723376,4.328155591535756,,84.0530957310253,1.0810164295763354,,,,,,,,,,,,,,,,
706,2025-05-16 00:25:20.683592,40.7680075,1.6569836,4.260217666625977,8.752433213791534,23.670000000000016,49.0,1011.0,,7.2,42.0,77.24681271145124,4.939600093149371,,85.99924592524278,0.9404502568550025,,,,,,,,,,,,,,,,
707,2025-05-16 00:25:25.684470,40.7680075,1.6569836,4.260217666625977,8.752433213791534,23.670000000000016,49.0,1011.0,,7.1,39.0,74.28132733242465,4.641760335527744,,83.03376054621619,1.1541533433426487,,,,,,,,,,,,,,,,
708,2025-05-16 00:25:30.684436,40.7680075,1.6569836,4.260217666625977,8.752433213791534,23.670000000000016,49.0,1011.0,,6.3,36.0,77.26949842351506,3.796371895292716,,86.0219316373066,0.938805004119585,,,,,,,,,,,,,,,,
709,2025-05-16 00:25:35.684648,40.7680075,1.6569836,4.260217666625977,8.752433213791534,23.670000000000016,49.0,1011.0,,7.0,39.0,75.00700420083643,4.560493526296011,,83.75943741462797,1.102122409736713,,,,,,,,,,,,,,,,
710,2025-05-16 00:25:40.683143,40.7680075,1.6569836,4.260217666625977,8.752433213791534,23.670000000000016,49.0,1011.0,,7.0,40.0,76.23715080207289,4.63251870876808,,84.98958401586442,1.013521632207157,,,,,,,,,,,,,,,,
711,2025-05-16 00:25:45.683261,40.7680075,1.6569836,4.260217666625977,8.752433213791534,23.670000000000016,49.0,1011.0,,6.9,38.0,74.51297506833743,4.408118800320712,,83.26540828212896,1.1375639506922257,,,,,,,,,,,,,,,,
712,2025-05-16 00:25:50.682770,40.7680075,1.6569836,4.260217666625977,8.752433213791534,23.670000000000016,49.0,1011.0,,7.6,42.0,74.73693527454205,5.271326408860761,,83.48936848833358,1.1215074164578587,,,,,,,,,,,,,,,,
713,2025-05-16 00:25:55.684415,40.7680075,1.6569836,4.260217666625977,8.752433213791534,23.670000000000016,49.0,1011.0,,7.3,41.0,75.38139222146307,4.949458465247782,,84.13382543525461,1.0752091777804382,,,,,,,,,,,,,,,,
714,2025-05-16 00:26:00.684577,40.7680075,1.6569836,4.260217666625977,8.752433213791534,23.670000000000016,49.0,1011.0,,6.7,38.0,76.11784176123403,4.24904110257168,,84.87027497502557,1.0221359280764728,,,,,,,,,,,,,,,,
715,2025-05-16 00:26:05.684413,40.7680075,1.6569836,4.260217666625977,8.752433213791534,23.670000000000016,49.0,1011.0,,6.8,34.0,70.09003844272566,4.044240298455386,,78.84247165651719,1.4507874131266651,,,,,,,,,,,,,,,,
716,2025-05-16 00:26:10.684072,40.7680075,1.6569836,4.260217666625977,8.752433213791534,23.670000000000016,49.0,1011.0,,7.3,40.0,74.15359496366321,4.877716673310229,,82.90602817745474,1.163292811775575,,,,,,,,,,,,,,,,
717,2025-05-16 00:26:15.684078,40.7680075,1.6569836,4.260217666625977,8.752433213791534,23.670000000000016,49.0,1011.0,,6.8,38.0,75.30066251723376,4.328155591535756,,84.0530957310253,1.0810164295763354,,,,,,,,,,,,,,,,
718,2025-05-16 00:26:20.684572,40.7680075,1.6569836,4.260217666625977,8.752433213791534,23.670000000000016,49.0,1011.0,,7.3,43.0,77.7752039930461,5.09410007246165,,86.52763720683764,0.9020916112738284,,,,,,,,,,,,,,,,
719,2025-05-16 00:26:25.684391,40.7680075,1.6569836,4.260217666625977,8.752433213791534,23.670000000000016,49.0,1011.0,,6.5,38.0,77.84606855406817,4.0935545953298575,,86.5985017678597,0.8969412813498819,,,,,,,,,,,,,,,,
720,2025-05-16 00:26:30.683522,40.7680075,1.6569836,4.260217666625977,8.752433213791534,23.670000000000016,49.0,1011.0,,6.9,38.0,74.51297506833743,4.408118800320712,,83.26540828212896,1.1375639506922257,,,,,,,,,,,,,,,,
721,2025-05-16 00:26:35.684412,40.7680075,1.6569836,4.260217666625977,8.752433213791534,23.670000000000016,49.0,1011.0,,7.1,40.0,75.5185821468021,4.713547111580307,,84.27101536059364,1.0653355978141208,,,,,,,,,,,,,,,,
722,2025-05-16 00:26:40.684231,40.7680075,1.6569836,4.260217666625977,8.752433213791534,23.670000000000016,49.0,1011.0,,6.4,40.0,81.12370293100787,4.163706146101288,,89.8761361447994,0.6573586571439475,,,,,,,,,,,,,,,,
723,2025-05-16 00:26:45.684068,40.7680075,1.6569836,4.260217666625977,8.752433213791534,23.670000000000016,49.0,1011.0,,6.9,40.0,76.98118231964818,4.5522448090019845,,85.73361553343972,0.9597037284334909,,,,,,,,,,,,,,,,
724,2025-05-16 00:26:50.682819,40.7680075,1.6569836,4.260217666625977,8.752433213791534,23.670000000000016,49.0,1011.0,,7.2,36.0,69.7092841907174,4.512048346560813,,78.46171740450893,1.4773739250187419,,,,,,,,,,,,,,,,
725,2025-05-16 00:26:55.683235,40.7680075,1.6569836,4.260217666625977,8.752433213791534,23.670000000000016,49.0,1011.0,,7.5,40.0,72.87816868415783,5.04447356193787,,81.63060189794936,1.2542272013629794,,,,,,,,,,,,,,,,
726,2025-05-16 00:27:00.684610,40.7680075,1.6569836,4.260217666625977,8.752433213791534,23.670000000000016,49.0,1011.0,,7.1,38.0,73.0209821261398,4.570412719234256,,81.77341533993133,1.2440750658000672,,,,,,,,,,,,,,,,
727,2025-05-16 00:27:05.684441,40.7680075,1.6569836,4.260217666625977,8.752433213791534,23.670000000000016,49.0,1011.0,,7.5,39.0,71.6188632908775,4.973659643445842,,80.37129650466903,1.3434026594216044,,,,,,,,,,,,,,,,
728,2025-05-16 00:27:10.683789,40.7680075,1.6569836,4.260217666625977,8.752433213791534,23.670000000000016,49.0,1011.0,,6.9,43.0,80.51606208101452,4.770999509160113,,89.26849529480606,0.7019607844961845,,,,,,,,,,,,,,,,
729,2025-05-16 00:27:15.683662,40.7680075,1.6569836,4.260217666625977,8.752433213791534,23.670000000000016,49.0,1011.0,,6.9,37.0,73.24241446508111,4.336688974491392,,81.99484767887265,1.2283189126725629,,,,,,,,,,,,,,,,
730,2025-05-16 00:27:20.684072,40.7680075,1.6569836,4.260217666625977,8.752433213791534,23.670000000000016,49.0,1011.0,,7.0,37.0,72.47563179364343,4.417736868539765,,81.22806500743496,1.2828000773457973,,,,,,,,,,,,,,,,
731,2025-05-16 00:27:25.684412,40.7680075,1.6569836,4.260217666625977,8.752433213791534,23.670000000000016,49.0,1011.0,,7.3,38.0,71.63218372620929,4.735592200616057,,80.38461694000083,1.3424627167831544,,,,,,,,,,,,,,,,
732,2025-05-16 00:27:30.684260,40.7680075,1.6569836,4.260217666625977,8.752433213791534,23.670000000000016,49.0,1011.0,,7.2,38.0,72.31425689420458,4.652660847013991,,81.06669010799611,1.2942370905199525,,,,,,,,,,,,,,,,
733,2025-05-16 00:27:35.684412,40.7680075,1.6569836,4.260217666625977,8.752433213791534,23.670000000000016,49.0,1011.0,,7.8,37.0,67.24256965286298,5.090444112756588,,75.99500286665452,1.6479823563748035,,,,,,,,,,,,,,,,
734,2025-05-16 00:27:40.683149,40.7680075,1.6569836,4.260217666625977,8.752433213791534,23.670000000000016,49.0,1011.0,,6.9,39.0,75.75888727884622,4.479984753801852,,84.51132049263775,1.0480261155690316,,,,,,,,,,,,,,,,
735,2025-05-16 00:27:45.683502,40.7680075,1.6569836,4.260217666625977,8.752433213791534,23.670000000000016,49.0,1011.0,,7.2,44.0,79.5880927122817,5.085274737593749,,88.34052592607324,0.7699216542097784,,,,,,,,,,,,,,,,
736,2025-05-16 00:27:50.684572,40.7680075,1.6569836,4.260217666625977,8.752433213791534,23.670000000000016,49.0,1011.0,,7.3,45.0,80.09170982953805,5.240037601636412,,88.84414304332958,0.7330626181007979,,,,,,,,,,,,,,,,
737,2025-05-16 00:27:55.684589,40.7680075,1.6569836,4.260217666625977,8.752433213791534,23.670000000000016,49.0,1011.0,,7.0,37.0,72.47563179364343,4.417736868539765,,81.22806500743496,1.2828000773457973,,,,,,,,,,,,,,,,
738,2025-05-16 00:28:00.684575,40.7680075,1.6569836,4.260217666625977,8.752433213791534,23.670000000000016,49.0,1011.0,,7.1,38.0,73.0209821261398,4.570412719234256,,81.77341533993133,1.2440750658000672,,,,,,,,,,,,,,,,
739,2025-05-16 00:28:05.684590,40.7680075,1.6569836,4.260217666625977,8.752433213791534,23.670000000000016,49.0,1011.0,,7.2,41.0,76.04615267597707,4.867256364378223,,84.7985858897686,1.0273098608054432,,,,,,,,,,,,,,,,
740,2025-05-16 00:28:10.684583,40.7680075,1.6569836,4.260217666625977,8.752433213791534,23.670000000000016,49.0,1011.0,,7.8,41.0,72.36718379485974,5.369535549037366,,81.11961700865128,1.2904871654194052,,,,,,,,,,,,,,,,
741,2025-05-16 00:28:15.684588,40.7680075,1.6569836,4.260217666625977,8.752433213791534,23.670000000000016,49.0,1011.0,,7.9,39.0,69.29382253639105,5.314945106509098,,78.04625575018258,1.5063094375286668,,,,,,,,,,,,,,,,
742,2025-05-16 00:28:20.684432,40.7680075,1.6569836,4.260217666625977,8.752433213791534,23.670000000000016,49.0,1011.0,,7.6,38.0,69.72327672281187,4.9881434512383125,,78.47570993660341,1.47639803133366,,,,,,,,,,,,,,,,
743,2025-05-16 00:28:25.683598,40.7680075,1.6569836,4.260217666625977,8.752433213791534,23.670000000000016,49.0,1011.0,,7.3,39.0,72.90413638152114,4.806413905466343,,81.65656959531267,1.2523818213633024,,,,,,,,,,,,,,,,
744,2025-05-16 00:28:30.684578,40.7680075,1.6569836,4.260217666625977,8.752433213791534,23.670000000000016,49.0,1011.0,,7.7,40.0,71.68491635740791,5.213569515129889,,80.43734957119945,1.3387409819094394,,,,,,,,,,,,,,,,
745,2025-05-16 00:28:35.684571,40.7680075,1.6569836,4.260217666625977,8.752433213791534,23.670000000000016,49.0,1011.0,,7.4,43.0,77.14390030575053,5.176553907399762,,85.89633351954207,0.9479119943794588,,,,,,,,,,,,,,,,
746,2025-05-16 00:28:40.684553,40.7680075,1.6569836,4.260217666625977,8.752433213791534,23.670000000000016,49.0,1011.0,,7.2,40.0,74.82440605181985,4.79529176996435,,83.57683926561138,1.1152316466824288,,,,,,,,,,,,,,,,
747,2025-05-16 00:28:45.683433,40.7680075,1.6569836,4.260217666625977,8.752433213791534,23.670000000000016,49.0,1011.0,,7.6,40.0,72.271707241804,5.1287435403898805,,81.02414045559553,1.297250976295205,,,,,,,,,,,,,,,,
748,2025-05-16 00:28:50.684414,40.7680075,1.6569836,4.260217666625977,8.752433213791534,23.670000000000016,49.0,1011.0,,7.4,40.0,73.50516368136533,4.96078791434278,,82.25759689515687,1.2095990505037029,,,,,,,,,,,,,,,,
749,2025-05-16 00:28:55.684417,40.7680075,1.6569836,4.260217666625977,8.752433213791534,23.670000000000016,49.0,1011.0,,6.9,39.0,75.75888727884622,4.479984753801852,,84.51132049263775,1.0480261155690316,,,,,,,,,,,,,,,,
750,2025-05-16 00:29:00.684396,40.7680075,1.6569836,4.260217666625977,8.752433213791534,23.670000000000016,49.0,1011.0,,7.1,38.0,73.0209821261398,4.570412719234256,,81.77341533993133,1.2440750658000672,,,,,,,,,,,,,,,,
751,2025-05-16 00:29:05.683693,40.7680075,1.6569836,4.260217666625977,8.752433213791534,23.670000000000016,49.0,1011.0,,7.0,42.0,78.63111379495811,4.777659737359438,,87.38354700874964,0.8397953504551505,,,,,,,,,,,,,,,,
752,2025-05-16 00:29:10.684378,40.7680075,1.6569836,4.260217666625977,8.752433213791534,23.670000000000016,49.0,1011.0,,6.8,38.0,75.30066251723376,4.328155591535756,,84.0530957310253,1.0810164295763354,,,,,,,,,,,,,,,,
753,2025-05-16 00:29:15.684452,40.7680075,1.6569836,4.260217666625977,8.752433213791534,23.670000000000016,49.0,1011.0,,7.1,39.0,74.28132733242465,4.641760335527744,,83.03376054621619,1.1541533433426487,,,,,,,,,,,,,,,,
754,2025-05-16 00:29:20.683515,40.7680075,1.6569836,4.260217666625977,8.752433213791534,23.670000000000016,49.0,1011.0,,7.5,41.0,74.11638100845853,5.115764680326702,,82.86881422225007,1.1659544480579906,,,,,,,,,,,,,,,,
755,2025-05-16 00:29:25.683107,40.7680075,1.6569836,4.260217666625977,8.752433213791534,23.670000000000016,49.0,1011.0,,7.5,40.0,72.87816868415783,5.04447356193787,,81.63060189794936,1.2542272013629794,,,,,,,,,,,,,,,,
756,2025-05-16 00:29:30.683487,40.7680075,1.6569836,4.260217666625977,8.752433213791534,23.670000000000016,49.0,1011.0,,7.2,39.0,73.58073110869697,4.723746058116316,,82.3331643224885,1.2042104371646927,,,,,,,,,,,,,,,,
757,2025-05-16 00:29:35.683517,40.7680075,1.6569836,4.260217666625977,8.752433213791534,23.670000000000016,49.0,1011.0,,7.4,43.0,77.14390030575053,5.176553907399762,,85.89633351954207,0.9479119943794588,,,,,,,,,,,,,,,,
758,2025-05-16 00:29:40.684563,40.7680075,1.6569836,4.260217666625977,8.752433213791534,23.670000000000016,49.0,1011.0,,7.6,43.0,75.94010482654338,5.343259302349047,,84.69253804033491,1.034960576961515,,,,,,,,,,,,,,,,
759,2025-05-16 00:29:45.684079,40.7680075,1.6569836,4.260217666625977,8.752433213791534,23.670000000000016,49.0,1011.0,,7.1,40.0,75.5185821468021,4.713547111580307,,84.27101536059364,1.0653355978141208,,,,,,,,,,,,,,,,
760,2025-05-16 00:29:50.684071,40.7680075,1.6569836,4.260217666625977,8.752433213791534,23.670000000000016,49.0,1011.0,,7.5,38.0,70.337705446918,4.903365635656083,,79.09013866070953,1.4334593747009035,,,,,,,,,,,,,,,,
761,2025-05-16 00:29:55.684081,40.7680075,1.6569836,4.260217666625977,8.752433213791534,23.670000000000016,49.0,1011.0,,7.3,39.0,72.90413638152114,4.806413905466343,,81.65656959531267,1.2523818213633024,,,,,,,,,,,,,,,,
762,2025-05-16 00:30:00.684105,40.7680075,1.6569836,4.260217666625977,8.752433213791534,23.670000000000016,49.0,1011.0,,7.1,40.0,75.5185821468021,4.713547111580307,,84.27101536059364,1.0653355978141208,,,,,,,,,,,,,,,,
763,2025-05-16 00:30:05.684085,40.7680075,1.6569836,4.260217666625977,8.752433213791534,23.670000000000016,49.0,1011.0,,7.6,42.0,74.73693527454205,5.271326408860761,,83.48936848833358,1.1215074164578587,,,,,,,,,,,,,,,,
764,2025-05-16 00:30:10.684235,40.7680075,1.6569836,4.260217666625977,8.752433213791534,23.670000000000016,49.0,1011.0,,7.8,40.0,71.11697158464365,5.298924784811771,,79.86940479843518,1.3787647637269191,,,,,,,,,,,,,,,,
765,2025-05-16 00:30:15.684249,40.7680075,1.6569836,4.260217666625977,8.752433213791534,23.670000000000016,49.0,1011.0,,7.8,42.0,73.59785456112881,5.44063402766706,,82.35028777492035,1.202989094965116,,,,,,,,,,,,,,,,
766,2025-05-16 00:30:20.683015,40.7680075,1.6569836,4.260217666625977,8.752433213791534,23.670000000000016,49.0,1011.0,,7.2,40.0,74.82440605181985,4.79529176996435,,83.57683926561138,1.1152316466824288,,,,,,,,,,,,,,,,
767,2025-05-16 00:30:25.684537,40.7680075,1.6569836,4.260217666625977,8.752433213791534,23.670000000000016,49.0,1011.0,,7.3,42.0,76.58833504359976,5.021599081703873,,85.34076825739129,0.9881402252677862,,,,,,,,,,,,,,,,
768,2025-05-16 00:30:30.682590,40.7680075,1.6569836,4.260217666625977,8.752433213791534,23.670000000000016,49.0,1011.0,,7.3,42.0,76.58833504359976,5.021599081703873,,85.34076825739129,0.9881402252677862,,,,,,,,,,,,,,,,
769,2025-05-16 00:30:35.682419,40.7680075,1.6569836,4.260217666625977,8.752433213791534,23.670000000000016,49.0,1011.0,,7.3,37.0,70.336879152709,4.665295529138164,,79.08931236650054,1.4335172311412272,,,,,,,,,,,,,,,,
770,2025-05-16 00:30:40.683058,40.7680075,1.6569836,4.260217666625977,8.752433213791534,23.670000000000016,49.0,1011.0,,6.9,42.0,79.3588403835096,4.697789300177006,,88.11127359730114,0.7866807823662791,,,,,,,,,,,,,,,,
771,2025-05-16 00:30:45.682702,40.7680075,1.6569836,4.260217666625977,8.752433213791534,23.670000000000016,49.0,1011.0,,7.2,45.0,80.73024916725052,5.158534658877836,,89.48268238104205,0.6862477500213418,,,,,,,,,,,,,,,,
772,2025-05-16 00:30:50.682455,40.7680075,1.6569836,4.260217666625977,8.752433213791534,23.670000000000016,49.0,1011.0,,7.3,40.0,74.15359496366321,4.877716673310229,,82.90602817745474,1.163292811775575,,,,,,,,,,,,,,,,
773,2025-05-16 00:30:55.682683,40.7680075,1.6569836,4.260217666625977,8.752433213791534,23.670000000000016,49.0,1011.0,,7.6,41.0,73.51436579638818,5.199807962522344,,82.26679901017971,1.208942972170687,,,,,,,,,,,,,,,,
774,2025-05-16 00:31:00.682355,40.7680075,1.6569836,4.260217666625977,8.752433213791534,23.670000000000016,49.0,1011.0,,7.9,43.0,74.27006344364075,5.597408721544769,,83.02249665743228,1.1549595250366307,,,,,,,,,,,,,,,,
775,2025-05-16 00:31:05.682519,40.7680075,1.6569836,4.260217666625977,8.752433213791534,23.670000000000016,49.0,1011.0,,7.2,42.0,77.24681271145124,4.939600093149371,,85.99924592524278,0.9404502568550025,,,,,,,,,,,,,,,,
776,2025-05-16 00:31:10.682622,40.7680075,1.6569836,4.260217666625977,8.752433213791534,23.670000000000016,49.0,1011.0,,7.2,47.0,82.96121955899189,5.305733645038922,,91.71365277278342,0.5220518302921031,,,,,,,,,,,,,,,,
777,2025-05-16 00:31:15.682986,40.7680075,1.6569836,4.260217666625977,8.752433213791534,23.670000000000016,49.0,1011.0,,7.4,43.0,77.14390030575053,5.176553907399762,,85.89633351954207,0.9479119943794588,,,,,,,,,,,,,,,,
778,2025-05-16 00:31:20.682816,40.7680075,1.6569836,4.260217666625977,8.752433213791534,23.670000000000016,49.0,1011.0,,7.5,43.0,76.53246406116627,5.25961644648901,,85.2848972749578,0.9921807393158222,,,,,,,,,,,,,,,,
779,2025-05-16 00:31:25.682547,40.7680075,1.6569836,4.260217666625977,8.752433213791534,23.670000000000016,49.0,1011.0,,7.2,42.0,77.24681271145124,4.939600093149371,,85.99924592524278,0.9404502568550025,,,,,,,,,,,,,,,,
780,2025-05-16 00:31:30.682746,40.7680075,1.6569836,4.260217666625977,8.752433213791534,23.670000000000016,49.0,1011.0,,7.2,46.0,81.85439261600384,5.232031551205135,,90.60682582979537,0.6036270250231016,,,,,,,,,,,,,,,,
781,2025-05-16 00:31:35.682889,40.7680075,1.6569836,4.260217666625977,8.752433213791534,23.670000000000016,49.0,1011.0,,7.5,44.0,77.71175133968322,5.332100212991427,,86.46418455347475,0.9067020841080587,,,,,,,,,,,,,,,,
782,2025-05-16 00:31:40.682607,40.7680075,1.6569836,4.260217666625977,8.752433213791534,23.670000000000016,49.0,1011.0,,7.0,41.0,77.44488295545993,4.704920334215564,,86.19731616925147,0.9260805138697141,,,,,,,,,,,,,,,,
783,2025-05-16 00:31:45.682966,40.7680075,1.6569836,4.260217666625977,8.752433213791534,23.670000000000016,49.0,1011.0,,7.4,43.0,77.14390030575053,5.176553907399762,,85.89633351954207,0.9479119943794588,,,,,,,,,,,,,,,,
784,2025-05-16 00:31:50.682707,40.7680075,1.6569836,4.260217666625977,8.752433213791534,23.670000000000016,49.0,1011.0,,7.6,43.0,75.94010482654338,5.343259302349047,,84.69253804033491,1.034960576961515,,,,,,,,,,,,,,,,
785,2025-05-16 00:31:55.683453,40.7680075,1.6569836,4.260217666625977,8.752433213791534,23.670000000000016,49.0,1011.0,,7.1,43.0,79.10074035655822,4.93114042918369,,87.85317357034975,0.8055336909106366,,,,,,,,,,,,,,,,
786,2025-05-16 00:32:00.682457,40.7680075,1.6569836,4.260217666625977,8.752433213791534,23.670000000000016,49.0,1011.0,,7.6,39.0,71.00825234358135,5.058174379945061,,79.76068555737288,1.3864110172480482,,,,,,,,,,,,,,,,
787,2025-05-16 00:32:05.683129,40.7680075,1.6569836,4.260217666625977,8.752433213791534,23.670000000000016,49.0,1011.0,,7.2,41.0,76.04615267597707,4.867256364378223,,84.7985858897686,1.0273098608054432,,,,,,,,,,,,,,,,
788,2025-05-16 00:32:10.682272,40.7680075,1.6569836,4.260217666625977,8.752433213791534,23.670000000000016,49.0,1011.0,,6.9,42.0,79.3588403835096,4.697789300177006,,88.11127359730114,0.7866807823662791,,,,,,,,,,,,,,,,
789,2025-05-16 00:32:15.682902,40.7680075,1.6569836,4.260217666625977,8.752433213791534,23.670000000000016,49.0,1011.0,,7.2,48.0,84.05139880876223,5.379610518241424,,92.80383202255376,0.4415130137104249,,,,,,,,,,,,,,,,
790,2025-05-16 00:32:20.682771,40.7680075,1.6569836,4.260217666625977,8.752433213791534,23.670000000000016,49.0,1011.0,,7.9,45.0,76.64738590899633,5.74134823058845,,85.39981912278786,0.9838687251103099,,,,,,,,,,,,,,,,
791,2025-05-16 00:32:25.682784,40.7680075,1.6569836,4.260217666625977,8.752433213791534,23.670000000000016,49.0,1011.0,,8.1,49.0,80.21878075606729,6.203321325179247,,88.97121396985882,0.7237534136025774,,,,,,,,,,,,,,,,
792,2025-05-16 00:32:30.683173,40.7680075,1.6569836,4.260217666625977,8.752433213791534,23.670000000000016,49.0,1011.0,,6.9,47.0,84.95410513865252,5.065973390118322,,93.70653835244406,0.3747018342996402,,,,,,,,,,,,,,,,
793,2025-05-16 00:32:35.682946,40.7680075,1.6569836,4.260217666625977,8.752433213791534,23.670000000000016,49.0,1011.0,,6.8,48.0,86.7170175140533,5.061691708546254,,95.46945072784483,0.2439720376916587,,,,,,,,,,,,,,,,
794,2025-05-16 00:32:40.682577,40.7680075,1.6569836,4.260217666625977,8.752433213791534,23.670000000000016,49.0,1011.0,,7.1,42.0,77.92742784526224,4.858275498889843,,86.67986105905378,0.8910265187547424,,,,,,,,,,,,,,,,
795,2025-05-16 00:32:45.682603,40.7680075,1.6569836,4.260217666625977,8.752433213791534,23.670000000000016,49.0,1011.0,,7.7,47.0,80.01778416507403,5.717984614350566,,88.77021737886557,0.7384767494671982,,,,,,,,,,,,,,,,
796,2025-05-16 00:32:50.682339,40.7680075,1.6569836,4.260217666625977,8.752433213791534,23.670000000000016,49.0,1011.0,,7.7,53.0,86.5219174333641,6.160841214027806,,95.27435064715563,0.2584534203911335,,,,,,,,,,,,,,,,
797,2025-05-16 00:32:55.682429,40.7680075,1.6569836,4.260217666625977,8.752433213791534,23.670000000000016,49.0,1011.0,,7.0,49.0,86.40195072479102,5.293401066220495,,95.15438393858255,0.26735652085442685,,,,,,,,,,,,,,,,
798,2025-05-16 00:33:00.682485,40.7680075,1.6569836,4.260217666625977,8.752433213791534,23.670000000000016,49.0,1011.0,,7.4,47.0,81.73066293587512,5.468877848995964,,90.48309614966665,0.612732693139198,,,,,,,,,,,,,,,,
799,2025-05-16 00:33:05.682363,40.7680075,1.6569836,4.260217666625977,8.752433213791534,23.670000000000016,49.0,1011.0,,7.0,48.0,85.34361920730798,5.219239996414213,,94.09605242109951,0.3458433886234691,,,,,,,,,,,,,,,,
800,2025-05-16 00:33:10.682581,40.7680075,1.6569836,4.260217666625977,8.752433213791534,23.670000000000016,49.0,1011.0,,7.5,49.0,83.34703129789602,5.698696393229722,,92.09946451168756,0.4935694466406123,,,,,,,,,,,,,,,,
801,2025-05-16 00:33:15.682655,40.7680075,1.6569836,4.260217666625977,8.752433213791534,23.670000000000016,49.0,1011.0,,8.3,48.0,78.15565810320282,6.302285050749087,,86.90809131699436,0.8744247906370451,,,,,,,,,,,,,,,,
802,2025-05-16 00:33:20.682530,40.7680075,1.6569836,4.260217666625977,8.752433213791534,23.670000000000016,49.0,1011.0,,7.7,52.0,85.47336076903709,6.08666866207156,,94.22579398282862,0.33622743888040885,,,,,,,,,,,,,,,,
803,2025-05-16 00:33:25.683014,40.7680075,1.6569836,4.260217666625977,8.752433213791534,23.670000000000016,49.0,1011.0,,7.6,49.0,82.78788882770827,5.781535239802526,,91.5403220414998,0.5348402671070368,,,,,,,,,,,,,,,,
804,2025-05-16 00:33:30.682716,40.7680075,1.6569836,4.260217666625977,8.752433213791534,23.670000000000016,49.0,1011.0,,7.5,46.0,80.0161973093649,5.478002978782193,,88.76863052315643,0.7385929533777165,,,,,,,,,,,,,,,,
805,2025-05-16 00:33:35.682811,40.7680075,1.6569836,4.260217666625977,8.752433213791534,23.670000000000016,49.0,1011.0,,7.5,47.0,81.14264258946531,5.551354126229841,,89.89507580325684,0.6559672318279064,,,,,,,,,,,,,,,,
806,2025-05-16 00:33:40.683203,40.7680075,1.6569836,4.260217666625977,8.752433213791534,23.670000000000016,49.0,1011.0,,7.3,55.0,90.7004683320226,5.98025682930147,,99.45290154581413,-0.05208190293657639,,,,,,,,,,,,,,,,
807,2025-05-16 00:33:45.682840,40.7680075,1.6569836,4.260217666625977,8.752433213791534,23.670000000000016,49.0,1011.0,,7.2,49.0,85.1255721949332,5.453633022270782,,93.87800540872473,0.3620001818275571,,,,,,,,,,,,,,,,
808,2025-05-16 00:33:50.682990,40.7680075,1.6569836,4.260217666625977,8.752433213791534,23.670000000000016,49.0,1011.0,,7.4,47.0,81.73066293587512,5.468877848995964,,90.48309614966665,0.612732693139198,,,,,,,,,,,,,,,,
809,2025-05-16 00:33:55.682444,40.7680075,1.6569836,4.260217666625977,8.752433213791534,23.670000000000016,49.0,1011.0,,7.5,50.0,84.42613191759983,5.772627443972884,,93.17856513139137,0.41379058950417186,,,,,,,,,,,,,,,,
810,2025-05-16 00:34:00.682333,40.7680075,1.6569836,4.260217666625977,8.752433213791534,23.670000000000016,49.0,1011.0,,7.7,49.0,82.24459305075845,5.86490911062972,,90.99702626454999,0.5748926735112183,,,,,,,,,,,,,,,,
811,2025-05-16 00:34:05.682484,41.3779618,2.1809675,0.0,-90.64414398472373,23.670000000000016,49.0,1011.0,,7.8,54.0,54.0,7.8,,323.3558560152763,0.0,,,,,,,,,,,,,,,,
812,2025-05-16 00:34:10.682852,41.3779618,2.1809675,0.0,-90.64414398472373,23.670000000000016,49.0,1011.0,,7.2,48.0,47.999999999999986,7.2,,317.35585601527623,0.0,,,,,,,,,,,,,,,,
813,2025-05-16 00:34:15.682895,41.3779546,2.1809942,0.0,179.7143391771097,23.670000000000016,49.0,1011.0,,7.8,53.0,53.0,7.8,,232.7143391771097,0.0,,,,,,,,,,,,,,,,