id,Time,Latitude,Longitude,SpeedOverGround (m/s),CourseOverGround (deg),Temperature (C),Humidity (%),Pressure (hPa),Device1_MAC,Device1_WindSpeed (m/s),Device1_WindAngle (deg),Device1_TrueWindAngle (deg),Device1_TrueWindSpeed (m/s),Device1_CrossWindSpeed (m/s),Device1_TrueWindDirection (deg),Device1_VelocityMadeGood (m/s),Device2_MAC,Device2_WindSpeed (m/s),Device2_WindAngle (deg),Device2_TrueWindAngle (deg),Device2_TrueWindSpeed (m/s),Device2_CrossWindSpeed (m/s),Device2_TrueWindDirection (deg),Device2_VelocityMadeGood (m/s),Device3_MAC,Device3_WindSpeed (m/s),Device3_WindAngle (deg),Device3_TrueWindAngle (deg),Device3_TrueWindSpeed (m/s),Device3_CrossWindSpeed (m/s),Device3_TrueWindDirection (deg),Device3_VelocityMadeGood (m/s)
1,2025-05-16 00:34:57.789599,40.7074698,1.5761061,4.529284477233887,-172.05883092892765,23.670000000000016,49.0,1011.0,,7.2,44.0,82.59577070064697,5.04359551884114,,270.5369397717193,0.5836834401786598,,,,,,,,,,,,,,,,
2,2025-05-16 00:35:02.783893,40.7074899,1.5761688,3.9730143547058105,87.31394182091144,23.670000000000016,49.0,1011.0,,7.1,46.0,79.36475089546506,5.196579456037057,,166.6786927163765,0.7332437576357952,,,,,,,,,,,,,,,,
3,2025-05-16 00:35:07.784393,40.707462,1.5761166,2.6423652172088623,86.78331125448233,23.670000000000016,49.0,1011.0,,7.6,44.0,61.852068486125816,5.987534152806911,,148.63537974060813,1.2465349212962533,,,,,,,,,,,,,,,,
4,2025-05-16 00:35:12.783458,40.7072516,1.5758624,5.102379322052002,87.2036889073291,23.670000000000016,49.0,1011.0,,7.1,51.0,96.55676181299091,5.554064239160272,,183.76045072032002,-0.5826277875209923,,,,,,,,,,,,,,,,
5,2025-05-16 00:35:17.783850,40.7070673,1.5756518,4.480749130249023,86.46642462793957,23.670000000000016,49.0,1011.0,,7.3,51.0,88.85598958242875,5.674296569928043,,175.32241421036832,0.08946004634794127,,,,,,,,,,,,,,,,
6,2025-05-16 00:35:22.790685,40.7068783,1.5754442,4.52379035949707,86.96508990905303,23.670000000000016,49.0,1011.0,,7.4,50.0,87.64794937389256,5.6735086689364875,,174.61303928294558,0.18565408900827435,,,,,,,,,,,,,,,,
7,2025-05-16 00:35:27.783850,40.7067182,1.5752741,4.2135009765625,87.12636433573539,23.670000000000016,49.0,1011.0,,7.1,48.0,87.53612006801868,5.281210627436823,,174.5012099770717,0.19447577808183866,,,,,,,,,,,,,,,,
8,2025-05-16 00:35:32.783876,40.7065607,1.5750495,4.14106559753418,86.7206101179016,23.670000000000016,49.0,1011.0,,7.0,46.0,81.84533116469805,5.086812554421915,,168.56594128259965,0.5873927620843493,,,,,,,,,,,,,,,,
9,2025-05-16 00:35:37.783830,40.7064802,1.5749399,3.641758441925049,86.80128831237779,23.670000000000016,49.0,1011.0,,7.2,44.0,72.91241855412363,5.232520880626327,,159.7137068665014,1.070069373821277,,,,,,,,,,,,,,,,
10,2025-05-16 00:35:42.783818,40.7063974,1.5747759,4.546124458312988,87.3344050676648,23.670000000000016,49.0,1011.0,,7.0,46.0,86.40357054473795,5.045314645971514,,173.73797561240275,0.2851707707636621,,,,,,,,,,,,,,,,
11,2025-05-16 00:35:47.783936,40.7063359,1.5745382,4.052649021148682,87.04511240536891,23.670000000000016,49.0,1011.0,,7.1,44.0,77.92978634670439,5.043577441960627,,164.9748987520733,0.8474503065234441,,,,,,,,,,,,,,,,
12,2025-05-16 00:35:52.783978,40.7062301,1.57436,3.999005079269409,86.30293038977699,23.670000000000016,49.0,1011.0,,7.3,39.0,69.97723928425508,4.889581390558967,,156.28016967403207,1.369232980448065,,,,,,,,,,,,,,,,
13,2025-05-16 00:35:57.784103,40.7060737,1.5741957,4.454449653625488,87.59415033161122,23.670000000000016,49.0,1011.0,,7.4,44.0,80.40846184998539,5.213351171244151,,168.0026121815966,0.7422143257190339,,,,,,,,,,,,,,,,
14,2025-05-16 00:36:02.786623,40.7059043,1.5740071,3.9731953144073486,87.04858214146728,23.670000000000016,49.0,1011.0,,7.5,40.0,69.81685945618297,5.136303936295715,,156.86544159765026,1.3708399115610552,,,,,,,,,,,,,,,,
15,2025-05-16 00:36:07.784177,40.7057296,1.5738029,5.004459381103516,86.5215852356766,23.670000000000016,49.0,1011.0,,6.8,41.0,88.36210289833056,4.463024863257332,,174.88368813400717,0.1430414810528323,,,,,,,,,,,,,,,,
16,2025-05-16 00:36:12.786671,40.7055974,1.5736979,4.39186954498291,87.1632610176318,23.670000000000016,49.0,1011.0,,7.3,39.0,74.41599910977892,4.769372324558037,,161.57926012741072,1.1798795275051603,,,,,,,,,,,,,,,,
17,2025-05-16 00:36:17.784098,40.7055974,1.5736979,4.39186954498291,87.1632610176318,23.670000000000016,49.0,1011.0,,7.7,39.0,71.81123423320693,5.100628728515404,,158.97449525083874,1.3709161377998829,,,,,,,,,,,,,,,,
18,2025-05-16 00:36:22.783826,40.7055059,1.5735079,4.1301045417785645,87.51798689217641,23.670000000000016,49.0,1011.0,,7.2,38.0,70.80090355683275,4.693825914418081,,158.31889044900916,1.3581921221185782,,,,,,,,,,,,,,,,
19,2025-05-16 00:36:27.783925,40.7052928,1.5731508,3.9312744140625,87.08510316295934,23.670000000000016,49.0,1011.0,,7.3,41.0,71.76236634596353,5.042534061571524,,158.84746950892287,1.2303270109554367,,,,,,,,,,,,,,,,
20,2025-05-16 00:36:32.783780,40.7052928,1.5731508,3.9312744140625,87.08510316295934,23.670000000000016,49.0,1011.0,,7.9,45.0,73.49832113967943,5.826112934694963,,160.58342430263878,1.1166527064754557,,,,,,,,,,,,,,,,
21,2025-05-16 00:36:37.787284,40.7051671,1.5729389,3.8203680515289307,87.44569617000099,23.670000000000016,49.0,1011.0,,7.1,42.0,72.96155397128088,4.968921433729865,,160.40725014128185,1.1194187596488536,,,,,,,,,,,,,,,,
22,2025-05-16 00:36:42.783887,40.7050392,1.5727714,4.34736442565918,86.96576609778087,23.670000000000016,49.0,1011.0,,7.4,40.0,74.47500769148088,4.9367516561241676,,161.44077378926175,1.1636098427207744,,,,,,,,,,,,,,,,
23,2025-05-16 00:36:47.783751,40.7048881,1.5726137,4.250185489654541,86.88275197860854,23.670000000000016,49.0,1011.0,,8.0,41.0,71.19251189094312,5.544509481298818,,158.07526386955166,1.3702148013784432,,,,,,,,,,,,,,,,
24,2025-05-16 00:36:52.783905,40.7047667,1.5724444,4.150450229644775,87.01639829009818,23.670000000000016,49.0,1011.0,,7.5,38.0,69.13906629388015,4.941380971926248,,156.15546458397833,1.4779792394587337,,,,,,,,,,,,,,,,
25,2025-05-16 00:36:57.783767,40.7046448,1.5722838,4.29931640625,87.08730931406124,23.670000000000016,49.0,1011.0,,7.0,40.0,76.70778090409443,4.623372942992752,,163.79509021815568,0.9884884024773812,,,,,,,,,,,,,,,,
26,2025-05-16 00:37:02.783916,40.7044174,1.5719967,3.9801504611968994,87.17473573543741,23.670000000000016,49.0,1011.0,,7.2,37.0,67.78036065069085,4.680648350956026,,154.95509638612828,1.5051262415439601,,,,,,,,,,,,,,,,
27,2025-05-16 00:37:07.786722,40.7044174,1.5719967,3.9801504611968994,87.17473573543741,23.670000000000016,49.0,1011.0,,7.1,40.0,72.27410235236978,4.7912621776487985,,159.4488380878072,1.2118110657184509,,,,,,,,,,,,,,,,
28,2025-05-16 00:37:12.783982,40.7042721,1.5717996,3.751643180847168,87.32622933122829,23.670000000000016,49.0,1011.0,,7.2,39.0,67.85750339827685,4.891886748704065,,155.18373272950515,1.4140369751120594,,,,,,,,,,,,,,,,
29,2025-05-16 00:37:17.784020,40.7041412,1.5716197,4.228885173797607,86.9817282498712,23.670000000000016,49.0,1011.0,,7.2,39.0,73.2168751761379,4.732698059194502,,160.1986034260091,1.2210898648897268,,,,,,,,,,,,,,,,
30,2025-05-16 00:37:22.783936,40.7038934,1.5712608,4.130668640136719,87.47349503992294,23.670000000000016,49.0,1011.0,,6.9,39.0,74.1647196036127,4.513601176419982,,161.63821464353563,1.1271466627099758,,,,,,,,,,,,,,,,
31,2025-05-16 00:37:27.783746,40.7038934,1.5712608,4.130668640136719,87.47349503992294,23.670000000000016,49.0,1011.0,,6.9,35.0,68.97135733983876,4.240060529626987,,156.4448523797617,1.4822268694824685,,,,,,,,,,,,,,,,
32,2025-05-16 00:37:32.783781,40.7037452,1.5710305,4.508786678314209,87.34470499293317,23.670000000000016,49.0,1011.0,,6.8,37.0,77.30418842734757,4.194905015675198,,164.64889342028073,0.9909180980086217,,,,,,,,,,,,,,,,
33,2025-05-16 00:37:37.786858,40.703512,1.570673,4.468421936035156,87.54859296984723,23.670000000000016,49.0,1011.0,,6.8,38.0,77.99759642410748,4.280065056966907,,165.5461893939547,0.929220514620813,,,,,,,,,,,,,,,,
34,2025-05-16 00:37:42.783811,40.703512,1.570673,4.468421936035156,87.54859296984723,23.670000000000016,49.0,1011.0,,6.8,35.0,74.22539998741121,4.052959892820819,,161.77399295725843,1.2147568405731823,,,,,,,,,,,,,,,,
35,2025-05-16 00:37:47.783959,40.7032776,1.5703121,4.170032501220703,86.33926016597228,23.670000000000016,49.0,1011.0,,7.2,35.0,68.15185729959948,4.449330356146761,,155.77166865192243,1.57868321619372,,,,,,,,,,,,,,,,
36,2025-05-16 00:37:52.783809,40.7032776,1.5703121,4.170032501220703,86.33926016597228,23.670000000000016,49.0,1011.0,,6.8,37.0,72.8780017201751,4.282125757761078,,159.21726188614738,1.2276878971181269,,,,,,,,,,,,,,,,
37,2025-05-16 00:37:57.783534,40.7030194,1.5699755,3.770899534225464,87.04953836795107,23.670000000000016,49.0,1011.0,,6.6,36.0,67.98425410321575,4.184513764019824,,155.0337924711668,1.4135646252651162,,,,,,,,,,,,,,,,
38,2025-05-16 00:38:02.784318,40.7029013,1.5698181,4.009057521820068,86.77030657430262,23.670000000000016,49.0,1011.0,,6.8,33.0,65.42191438404572,4.072536549897667,,152.19222095834834,1.6674993176951127,,,,,,,,,,,,,,,,
39,2025-05-16 00:38:07.786805,40.7027734,1.5696557,4.079674243927002,86.78184959399994,23.670000000000016,49.0,1011.0,,6.6,37.0,73.30437695116431,4.146789363387714,,160.08622654516427,1.1720387976485136,,,,,,,,,,,,,,,,
40,2025-05-16 00:38:12.786265,40.7026473,1.5694941,3.8208858966827393,87.12346150533813,23.670000000000016,49.0,1011.0,,7.2,36.0,64.66068681316882,4.68256784789083,,151.78414831850694,1.6352554636584746,,,,,,,,,,,,,,,,
41,2025-05-16 00:38:17.786320,40.7025322,1.5693206,4.457764625549316,87.06379980293806,23.670000000000016,49.0,1011.0,,6.9,41.0,80.59601609712338,4.588472689330452,,167.65981590006146,0.7283744913653513,,,,,,,,,,,,,,,,
42,2025-05-16 00:38:22.786448,40.7023977,1.5691103,4.489933967590332,86.97170836235878,23.670000000000016,49.0,1011.0,,7.1,33.0,69.25549869878856,4.135013343422737,,156.22720706114734,1.590340408128867,,,,,,,,,,,,,,,,
43,2025-05-16 00:38:27.783938,40.7023977,1.5691103,4.489933967590332,86.97170836235878,23.670000000000016,49.0,1011.0,,6.7,37.0,77.94750808002092,4.123046154956331,,164.9192164423797,0.9375329647334782,,,,,,,,,,,,,,,,
44,2025-05-16 00:38:32.786479,40.7022481,1.5688853,4.220694065093994,87.05233191532162,23.670000000000016,49.0,1011.0,,7.2,36.0,69.23997843707586,4.525906309942016,,156.29231035239746,1.4960444113436455,,,,,,,,,,,,,,,,
45,2025-05-16 00:38:37.783935,40.7021391,1.5687292,4.130105495452881,87.27636212009803,23.670000000000016,49.0,1011.0,,7.4,36.0,66.88491131825245,4.729286784992585,,154.16127343835046,1.6213940704960297,,,,,,,,,,,,,,,,
46,2025-05-16 00:38:42.786383,40.7020204,1.5685715,3.970385789871216,86.77268348013378,23.670000000000016,49.0,1011.0,,7.2,34.0,63.59923272269141,4.494990295727948,,150.3719162028252,1.7654208214847797,,,,,,,,,,,,,,,,
47,2025-05-16 00:38:47.784045,40.7018935,1.568402,3.9002490043640137,87.28168966765064,23.670000000000016,49.0,1011.0,,7.1,36.0,66.1639443469294,4.562424856930272,,153.44563401458004,1.5761724937755082,,,,,,,,,,,,,,,,
48,2025-05-16 00:38:52.784170,40.7017701,1.5682334,4.039536952972412,86.83537778652533,23.670000000000016,49.0,1011.0,,7.7,36.0,64.17983051232565,5.027904783434291,,151.01520829885098,1.7594122657792546,,,,,,,,,,,,,,,,
49,2025-05-16 00:38:57.783800,40.7016364,1.5680399,4.200804710388184,86.94928485131364,23.670000000000016,49.0,1011.0,,7.6,38.0,69.08578492218432,5.009043329208394,,156.03506977349795,1.499560267695612,,,,,,,,,,,,,,,,
50,2025-05-16 00:39:02.783904,40.7014048,1.5676997,4.252614498138428,86.84127223977904,23.670000000000016,49.0,1011.0,,7.3,42.0,76.50397940374837,5.023368050199792,,163.34525164352743,0.9924659374757742,,,,,,,,,,,,,,,,
51,2025-05-16 00:39:07.783843,40.70127,1.567524,4.265350818634033,87.34523091749926,23.670000000000016,49.0,1011.0,,7.4,38.0,71.0313931062251,4.81750053178897,,158.37662402372436,1.3864524697032428,,,,,,,,,,,,,,,,
52,2025-05-16 00:39:12.786684,40.7011378,1.5673492,4.2015604972839355,87.3968603174354,23.670000000000016,49.0,1011.0,,7.2,37.0,70.33338468361076,4.601487661358974,,157.73024500104617,1.4140210349038558,,,,,,,,,,,,,,,,
53,2025-05-16 00:39:17.784096,40.7010138,1.5671686,4.419126510620117,86.32045665518724,23.670000000000016,49.0,1011.0,,7.9,36.0,66.98894510619978,5.044931481020318,,153.30940176138702,1.7274751203775973,,,,,,,,,,,,,,,,
54,2025-05-16 00:39:22.786730,40.7008737,1.5669671,4.7787251472473145,87.23843407963695,23.670000000000016,49.0,1011.0,,7.9,33.0,66.77013963278507,4.68223783322051,,154.00857371242202,1.8848289502718854,,,,,,,,,,,,,,,,
55,2025-05-16 00:39:27.783812,40.7007192,1.5667528,4.401357650756836,87.303839971129,23.670000000000016,49.0,1011.0,,7.9,34.0,64.0689817110658,4.912176049241477,,151.3728216821948,1.9246640492763363,,,,,,,,,,,,,,,,
56,2025-05-16 00:39:32.783812,40.7005894,1.5665682,4.0613017082214355,86.70010589001323,23.670000000000016,49.0,1011.0,,7.9,38.0,66.01462025205618,5.323405933575691,,152.71472614206942,1.6509334362711587,,,,,,,,,,,,,,,,
57,2025-05-16 00:39:37.783842,40.7004794,1.566419,3.04439640045166,87.12086603345352,23.670000000000016,49.0,1011.0,,7.8,39.0,58.4212558678226,5.76191632247421,,145.54212190127612,1.5942587345518036,,,,,,,,,,,,,,,,
58,2025-05-16 00:39:42.786671,40.7003939,1.5662966,4.295473575592041,87.46573594502581,23.670000000000016,49.0,1011.0,,7.8,39.0,70.21008022032437,5.216801524523647,,157.67581616535017,1.454328724582236,,,,,,,,,,,,,,,,
59,2025-05-16 00:39:47.784084,40.7003939,1.5662966,4.295473575592041,87.46573594502581,23.670000000000016,49.0,1011.0,,7.4,36.0,68.75250561151141,4.666845684161921,,156.21824155653724,1.5566679407162578,,,,,,,,,,,,,,,,
60,2025-05-16 00:39:52.786351,40.7000705,1.5658375,4.0162034034729,216.0814666748047,23.670000000000016,49.0,1011.0,,7.3,34.0,63.494303050994866,4.561575427276331,,279.57576972579955,1.7923785437617041,,,,,,,,,,,,,,,,
61,2025-05-16 00:39:57.784261,40.6999459,1.5656773,4.1293253898620605,87.21096305879516,23.670000000000016,49.0,1011.0,,7.2,35.0,65.50395595167294,4.538237553442961,,281.5854226264776,1.6652400797073765,,,,,,,,,,,,,,,,
62,2025-05-16 00:40:02.783830,40.6999459,1.5656773,4.1293253898620605,87.21096305879516,23.670000000000016,49.0,1011.0,,7.3,34.0,64.7798409169561,4.512226287747851,,151.99080397575125,1.759495727853121,,,,,,,,,,,,,,,,
63,2025-05-16 00:40:07.783809,40.6997866,1.5654998,4.41926383972168,86.82940820119074,23.670000000000016,49.0,1011.0,,6.5,35.0,76.35258384045953,3.836568228741146,,163.1819920416503,1.042709377772186,,,,,,,,,,,,,,,,
64,2025-05-16 00:40:12.783894,40.6995774,1.5651984,4.110005855560303,87.29470117801952,23.670000000000016,49.0,1011.0,,7.2,38.0,70.56953872260249,4.700473725717349,,157.864239900622,1.367245023706553,,,,,,,,,,,,,,,,
65,2025-05-16 00:40:17.784081,40.6995774,1.5651984,4.110005855560303,87.29470117801952,23.670000000000016,49.0,1011.0,,6.9,30.0,61.597926098107685,3.9220975638312874,,148.8926272761272,1.9549491461488226,,,,,,,,,,,,,,,,
66,2025-05-16 00:40:22.784023,40.69943,1.5649793,4.698787689208984,87.02997670616816,23.670000000000016,49.0,1011.0,,7.5,34.0,70.09025829623943,4.460552953509459,,157.12023500240758,1.600122423100595,,,,,,,,,,,,,,,,
67,2025-05-16 00:40:27.784126,40.6992008,1.5646444,4.340080738067627,87.345702200552,23.670000000000016,49.0,1011.0,,7.3,42.0,77.47792205420342,5.003678256070154,,164.82362425475543,0.9409980633108347,,,,,,,,,,,,,,,,
68,2025-05-16 00:40:32.783517,40.6992008,1.5646444,4.340080738067627,87.345702200552,23.670000000000016,49.0,1011.0,,7.2,39.0,74.51429029392976,4.7017957499173475,,161.85999249448176,1.1587929902426213,,,,,,,,,,,,,,,,
69,2025-05-16 00:40:37.784018,40.6990392,1.5644249,4.220533847808838,86.84890839127112,23.670000000000016,49.0,1011.0,,8.0,38.0,67.0701208273147,5.3478677089049,,153.91902921858582,1.644338076862563,,,,,,,,,,,,,,,,
70,2025-05-16 00:40:42.783881,40.6989107,1.5642494,4.678971290588379,86.94798711537133,23.670000000000016,49.0,1011.0,,8.0,43.0,77.8779530947585,5.580416182318668,,164.82594021012983,0.9825595919450929,,,,,,,,,,,,,,,,
71,2025-05-16 00:40:47.783819,40.6987797,1.5640641,4.191242218017578,87.45230096292839,23.670000000000016,49.0,1011.0,,7.8,44.0,75.31845718585498,5.601218155163191,,162.7707581487834,1.0622549879804355,,,,,,,,,,,,,,,,
72,2025-05-16 00:40:52.783777,40.6986526,1.5638919,4.409247398376465,86.68374075676188,23.670000000000016,49.0,1011.0,,7.1,38.0,74.82440175555088,4.529136190685744,,161.50814251231276,1.1542446844094532,,,,,,,,,,,,,,,,
73,2025-05-16 00:40:57.783845,40.6985155,1.5637081,4.240596294403076,87.0115420255983,23.670000000000016,49.0,1011.0,,7.4,44.0,78.10799486200912,5.253217822864445,,165.1195368876074,0.8738496939413088,,,,,,,,,,,,,,,,
74,2025-05-16 00:41:02.783975,40.6983795,1.5635383,4.020556449890137,87.57819500971007,23.670000000000016,49.0,1011.0,,6.8,37.0,70.98675071403584,4.328490465822787,,158.5649457237459,1.3098441835625727,,,,,,,,,,,,,,,,
75,2025-05-16 00:41:07.783943,40.6981624,1.5632353,4.368752956390381,86.9453506623517,23.670000000000016,49.0,1011.0,,7.5,43.0,77.6876806173798,5.235403298909521,,164.63303127973148,0.9315948883851394,,,,,,,,,,,,,,,,
76,2025-05-16 00:41:12.784008,40.6980288,1.5630502,4.320128440856934,87.0126826671897,23.670000000000016,49.0,1011.0,,7.5,42.0,75.97624480577753,5.17264857710174,,162.98892747296722,1.0468715195779437,,,,,,,,,,,,,,,,
77,2025-05-16 00:41:17.784097,40.6980288,1.5630502,4.320128440856934,87.0126826671897,23.670000000000016,49.0,1011.0,,7.5,42.0,75.97624480577753,5.17264857710174,,162.98892747296722,1.0468715195779437,,,,,,,,,,,,,,,,
78,2025-05-16 00:41:22.784264,40.6978753,1.5628265,3.951355457305908,86.79059223613756,23.670000000000016,49.0,1011.0,,7.2,45.0,77.38068358693437,5.21719987274138,,164.17127582307194,0.8632614963583026,,,,,,,,,,,,,,,,
79,2025-05-16 00:41:27.783832,40.6977605,1.5626638,4.239182472229004,86.90734748980975,23.670000000000016,49.0,1011.0,,7.9,53.0,85.332078936401,6.330217185031141,,172.23942642621074,0.3449867697913223,,,,,,,,,,,,,,,,
80,2025-05-16 00:41:32.786699,40.6976428,1.5625071,4.53900146484375,87.25643162809993,23.670000000000016,49.0,1011.0,,8.1,47.0,80.55783849261276,6.005326893789322,,167.8142701207127,0.7446317876655743,,,,,,,,,,,,,,,,
81,2025-05-16 00:41:37.783740,40.6975111,1.5623491,4.250782489776611,86.7601295924393,23.670000000000016,49.0,1011.0,,8.6,51.0,80.14224120073303,6.783609752717672,,166.90237079317234,0.7277457951857181,,,,,,,,,,,,,,,,
82,2025-05-16 00:41:42.783814,40.6972793,1.5620625,4.2990522384643555,86.67135762379664,23.670000000000016,49.0,1011.0,,7.8,47.0,79.85718866925585,5.795125844736798,,166.5285462930525,0.7570729721587887,,,,,,,,,,,,,,,,
83,2025-05-16 00:41:47.786637,40.6972793,1.5620625,4.2990522384643555,86.67135762379664,23.670000000000016,49.0,1011.0,,7.2,44.0,80.01902366269199,5.078400052519209,,166.69038128648862,0.745116835938644,,,,,,,,,,,,,,,,
84,2025-05-16 00:41:52.784220,40.6971205,1.5618496,4.180305480957031,87.27055645930352,23.670000000000016,49.0,1011.0,,7.7,41.0,72.10700134957388,5.308412037058209,,159.37755780887738,1.2843584517840825,,,,,,,,,,,,,,,,
85,2025-05-16 00:41:57.786816,40.6969978,1.5616566,4.140214443206787,86.68492237948828,23.670000000000016,49.0,1011.0,,7.5,40.0,71.58484327849156,5.081097482104204,,158.26976565797986,1.3078938938317777,,,,,,,,,,,,,,,,
86,2025-05-16 00:42:02.783778,40.6968718,1.5614656,4.010514736175537,86.83394344679962,23.670000000000016,49.0,1011.0,,7.3,48.0,80.84644824552768,5.494932151860326,,167.6803916923273,0.6379962485066137,,,,,,,,,,,,,,,,
87,2025-05-16 00:42:07.783686,40.6967393,1.5612986,4.219245433807373,87.64811565624349,23.670000000000016,49.0,1011.0,,6.8,41.0,78.43664879127473,4.553623250545445,,166.08476444751824,0.8457532428121864,,,,,,,,,,,,,,,,
88,2025-05-16 00:42:12.783500,40.6965936,1.5611156,4.389270305633545,86.63137369639539,23.670000000000016,49.0,1011.0,,6.9,48.0,87.45705649590406,5.1327537853467735,,174.08843019229943,0.1947438788900467,,,,,,,,,,,,,,,,
89,2025-05-16 00:42:17.783498,40.6963367,1.5608098,4.447656631469727,87.18091022644711,23.670000000000016,49.0,1011.0,,7.1,40.0,77.74565359686137,4.670202556402421,,164.92656382330847,0.9440231407765796,,,,,,,,,,,,,,,,
90,2025-05-16 00:42:22.783772,40.6963367,1.5608098,4.447656631469727,87.18091022644711,23.670000000000016,49.0,1011.0,,7.7,42.0,76.10532559765302,5.307612753331924,,163.28623582410012,1.0680505413751569,,,,,,,,,,,,,,,,
91,2025-05-16 00:42:27.786433,40.6961668,1.5605647,4.380627155303955,86.38171662185309,23.670000000000016,49.0,1011.0,,7.8,42.0,74.82175577746906,5.407866861337482,,161.20347239932215,1.1469477757440039,,,,,,,,,,,,,,,,
92,2025-05-16 00:42:32.783843,40.6960276,1.5603766,4.36006498336792,86.74628479899168,23.670000000000016,49.0,1011.0,,7.5,43.0,77.59482004197791,5.2372628047384895,,164.3411048409696,0.9366449632845484,,,,,,,,,,,,,,,,
93,2025-05-16 00:42:37.783827,40.6957921,1.5600613,4.369032859802246,86.63778724402603,23.670000000000016,49.0,1011.0,,7.6,47.0,81.6668145186469,5.617598668406139,,168.30460176267292,0.633200900475526,,,,,,,,,,,,,,,,
94,2025-05-16 00:42:42.784101,40.6957921,1.5600613,4.369032859802246,86.63778724402603,23.670000000000016,49.0,1011.0,,8.1,49.0,81.21208236095245,6.1857646373616735,,167.8498696049785,0.6674896480264499,,,,,,,,,,,,,,,,
95,2025-05-16 00:42:47.784351,40.6956312,1.559833,4.330080986022949,86.77253321597205,23.670000000000016,49.0,1011.0,,8.2,49.0,80.37411064109811,6.2769949992344,,167.14664385707016,0.7240512725577677,,,,,,,,,,,,,,,,
96,2025-05-16 00:42:52.783958,40.6955002,1.5596571,4.210437297821045,87.22241728603328,23.670000000000016,49.0,1011.0,,8.0,48.0,79.120905971494,6.053962573790112,,166.3433232575273,0.7946658737140377,,,,,,,,,,,,,,,,
97,2025-05-16 00:42:57.783670,40.6953724,1.5594771,4.140303134918213,86.56772316352004,23.670000000000016,49.0,1011.0,,6.7,42.0,79.40291671084056,4.560963609882753,,165.9706398743606,0.7614071821645427,,,,,,,,,,,,,,,,
98,2025-05-16 00:43:02.783876,40.6952461,1.5592923,4.309514999389648,86.88036141239904,23.670000000000016,49.0,1011.0,,7.3,43.0,78.31819813984418,5.083889772994177,,165.19855955224324,0.8725745091101327,,,,,,,,,,,,,,,,
99,2025-05-16 00:43:07.783848,40.6951228,1.5591155,4.319899559020996,87.19924928436859,23.670000000000016,49.0,1011.0,,7.9,45.0,77.22825532275274,5.727859451734054,,164.42750460712134,0.9549897298753606,,,,,,,,,,,,,,,,
100,2025-05-16 00:43:12.787015,40.6950115,1.5589362,4.230185508728027,86.6634414345486,23.670000000000016,49.0,1011.0,,8.3,48.0,77.88870380210855,6.308517731616752,,164.55214523665717,0.8875408668110828,,,,,,,,,,,,,,,,
101,2025-05-16 00:43:17.783953,40.6949015,1.5587707,4.309575080871582,86.8523303160453,23.670000000000016,49.0,1011.0,,7.5,46.0,80.52540312660939,5.469661902890797,,167.3777334426547,0.7094004554736969,,,,,,,,,,,,,,,,
102,2025-05-16 00:43:22.786761,40.6947782,1.5585968,4.20038366317749,87.39966752518427,23.670000000000016,49.0,1011.0,,7.5,48.0,81.64970239601584,5.6333066582302616,,169.0493699212001,0.6099999159826777,,,,,,,,,,,,,,,,
103,2025-05-16 00:43:27.783732,40.6946571,1.5584133,3.961284637451172,86.99146126943846,23.670000000000016,49.0,1011.0,,7.4,51.0,83.10242245596524,5.792806009337744,,170.0938837254037,0.47572994420919434,,,,,,,,,,,,,,,,
104,2025-05-16 00:43:32.784650,40.6945191,1.5582463,4.218979358673096,86.64379781049564,23.670000000000016,49.0,1011.0,,7.7,48.0,80.73630185836066,5.7978309991797214,,167.3800996688563,0.6791650944254168,,,,,,,,,,,,,,,,
105,2025-05-16 00:43:37.786722,40.6943727,1.5580775,4.419484615325928,86.9168346225669,23.670000000000016,49.0,1011.0,,7.0,44.0,82.78140170455703,4.901457715217632,,169.69823632712394,0.5553315275912025,,,,,,,,,,,,,,,,
106,2025-05-16 00:43:42.785121,40.6942425,1.5578996,4.041370391845703,87.05696278357888,23.670000000000016,49.0,1011.0,,7.7,44.0,74.35911810818237,5.5545520660363605,,161.41608089176125,1.0895817122335067,,,,,,,,,,,,,,,,
107,2025-05-16 00:43:47.783812,40.6941225,1.5577328,4.129634380340576,87.0482338018196,23.670000000000016,49.0,1011.0,,7.6,45.0,76.96266676513291,5.5162010938742965,,164.0109005669525,0.931587264654144,,,,,,,,,,,,,,,,
108,2025-05-16 00:43:52.784068,40.6939955,1.5575667,4.050187587738037,87.44351733965576,23.670000000000016,49.0,1011.0,,8.1,48.0,77.18027360586368,6.173356216627452,,164.62379094551943,0.8986727103868263,,,,,,,,,,,,,,,,
109,2025-05-16 00:43:57.783528,40.6938614,1.5574021,3.940321683883667,86.92363749098024,23.670000000000016,49.0,1011.0,,7.2,45.0,77.26249160647563,5.219621551526901,,164.18612909745588,0.8687809831441722,,,,,,,,,,,,,,,,
110,2025-05-16 00:44:02.783872,40.6937361,1.5572393,4.139405250549316,86.89538099838389,23.670000000000016,49.0,1011.0,,7.3,44.0,77.63403729916841,5.191449432489154,,164.5294182975523,0.8864746812355668,,,,,,,,,,,,,,,,
111,2025-05-16 00:44:07.784067,40.693602,1.5570615,4.110098838806152,87.15798128140337,23.670000000000016,49.0,1011.0,,7.2,43.0,76.75657946831268,5.0445449812546626,,163.91456074971603,0.9415768421773496,,,,,,,,,,,,,,,,
112,2025-05-16 00:44:12.783833,40.693468,1.5568814,4.000443458557129,87.24472468386253,23.670000000000016,49.0,1011.0,,8.3,51.0,79.26469681957516,6.565214483373287,,166.5094215034377,0.7451706983048755,,,,,,,,,,,,,,,,
113,2025-05-16 00:44:17.783872,40.6932182,1.55654,4.041573524475098,87.0282623286865,23.670000000000016,49.0,1011.0,,8.4,54.0,82.49050201505908,6.854532637814888,,169.51876434374557,0.5281954398645006,,,,,,,,,,,,,,,,
114,2025-05-16 00:44:22.783927,40.6932182,1.55654,4.041573524475098,87.0282623286865,23.670000000000016,49.0,1011.0,,7.8,46.0,76.21343819540836,5.777293107290414,,163.24170052409485,0.9631299288479379,,,,,,,,,,,,,,,,
115,2025-05-16 00:44:27.784070,40.6929546,1.5561789,3.9808123111724854,87.05466784001776,23.670000000000016,49.0,1011.0,,7.6,46.0,76.63796642396291,5.619095731557977,,163.69263426398066,0.9199786759939994,,,,,,,,,,,,,,,,
116,2025-05-16 00:44:32.784216,40.6928228,1.556011,4.029847145080566,86.79621348182448,23.670000000000016,49.0,1011.0,,7.8,50.0,80.64931354956788,6.055611390901333,,167.44552703139237,0.6547565685594395,,,,,,,,,,,,,,,,
117,2025-05-16 00:44:37.784127,40.6928228,1.556011,4.029847145080566,86.79621348182448,23.670000000000016,49.0,1011.0,,7.9,44.0,73.23758786629777,5.7313316819968545,,160.03380134812227,1.1622228373270087,,,,,,,,,,,,,,,,
118,2025-05-16 00:44:42.786495,40.6926699,1.5558206,4.069432258605957,87.40754273329729,23.670000000000016,49.0,1011.0,,8.0,45.0,74.32485979434828,5.87536454844717,,161.73240252764558,1.0994902877032586,,,,,,,,,,,,,,,,
119,2025-05-16 00:44:47.784467,40.6925483,1.5556514,4.119729995727539,87.15935414942655,23.670000000000016,49.0,1011.0,,7.6,46.0,78.02376055659849,5.58862598221937,,165.18311470602504,0.854868837489352,,,,,,,,,,,,,,,,
120,2025-05-16 00:44:52.783819,40.6924293,1.5554859,4.1099653244018555,86.81511944544707,23.670000000000016,49.0,1011.0,,7.3,46.0,79.62883174845588,5.338398305705821,,166.44395119390293,0.7398931392406761,,,,,,,,,,,,,,,,
121,2025-05-16 00:44:57.784447,40.6923076,1.55532,4.239341735839844,87.04835674522467,23.670000000000016,49.0,1011.0,,7.1,42.0,77.68689146926087,4.862684560659199,,164.73524821448552,0.9040562266186926,,,,,,,,,,,,,,,,
122,2025-05-16 00:45:02.786624,40.6921794,1.5551337,4.190165996551514,86.98902289190477,23.670000000000016,49.0,1011.0,,7.5,46.0,79.29623904891864,5.490581283607312,,166.2852619408234,0.7782442011157891,,,,,,,,,,,,,,,,
123,2025-05-16 00:45:07.783977,40.6920455,1.5549494,4.19005012512207,86.35160914799167,23.670000000000016,49.0,1011.0,,7.3,44.0,78.18114153450729,5.1808397652299005,,164.53275068249894,0.8581986395001435,,,,,,,,,,,,,,,,
124,2025-05-16 00:45:12.784015,40.6919081,1.554778,4.130227088928223,86.80988069035367,23.670000000000016,49.0,1011.0,,7.9,47.0,77.72064952492332,5.912969457474592,,164.530530215277,0.8784094407696142,,,,,,,,,,,,,,,,
125,2025-05-16 00:45:17.783800,40.69177,1.5546193,4.129973888397217,87.03132908362383,23.670000000000016,49.0,1011.0,,7.6,44.0,75.78863710530163,5.446071475488884,,162.81996618892546,1.0139071085210216,,,,,,,,,,,,,,,,
126,2025-05-16 00:45:22.784115,40.691636,1.5544517,4.070191860198975,87.10182346604752,23.670000000000016,49.0,1011.0,,7.5,44.0,75.73242818059484,5.375750810630733,,162.83425164664237,1.0031009456247137,,,,,,,,,,,,,,,,
127,2025-05-16 00:45:27.783858,40.6914999,1.5542825,4.149779796600342,86.9863522879393,23.670000000000016,49.0,1011.0,,7.0,44.0,79.6781807623224,4.942595226757939,,166.6645330502617,0.7435446083431877,,,,,,,,,,,,,,,,
128,2025-05-16 00:45:32.783780,40.6913631,1.5540988,4.169952869415283,87.0427901410511,23.670000000000016,49.0,1011.0,,7.9,48.0,79.23526491290784,5.976007536771465,,166.27805505395895,0.7788500039555664,,,,,,,,,,,,,,,,
129,2025-05-16 00:45:37.783808,40.6912287,1.5539091,4.130303382873535,87.21400249297582,23.670000000000016,49.0,1011.0,,7.2,44.0,78.15536579889856,5.11035095071039,,165.36936829187437,0.8477800457904308,,,,,,,,,,,,,,,,
130,2025-05-16 00:45:42.784156,40.6910982,1.5537377,4.050236701965332,86.95948232374447,23.670000000000016,49.0,1011.0,,8.2,46.0,74.40858757644136,6.1239294389497525,,161.36806990018584,1.088604221989872,,,,,,,,,,,,,,,,
131,2025-05-16 00:45:47.784012,40.690973,1.5535729,4.1197028160095215,86.9923628544089,23.670000000000016,49.0,1011.0,,7.6,43.0,74.48809160986096,5.379122674798617,,161.48045446426985,1.1017677671456296,,,,,,,,,,,,,,,,
132,2025-05-16 00:45:52.783431,40.690851,1.553401,3.910661220550537,87.51645009961315,23.670000000000016,49.0,1011.0,,7.3,42.0,72.77599189560293,5.1139936926347564,,160.29244199521608,1.1579792664617183,,,,,,,,,,,,,,,,
133,2025-05-16 00:45:57.786592,40.6906166,1.553065,4.179819107055664,86.63955626302106,23.670000000000016,49.0,1011.0,,7.6,40.0,71.42031454713444,5.15379416785627,,158.0598708101555,1.3317875588901409,,,,,,,,,,,,,,,,
134,2025-05-16 00:46:02.783846,40.6906166,1.553065,4.179819107055664,86.63955626302106,23.670000000000016,49.0,1011.0,,8.0,41.0,70.50702289632132,5.567593321051564,,157.14657915934237,1.3947693328237774,,,,,,,,,,,,,,,,
135,2025-05-16 00:46:07.783541,40.6904408,1.5528463,4.100332260131836,86.99726693023297,23.670000000000016,49.0,1011.0,,7.3,45.0,78.3790664838641,5.2699034666797235,,165.37633341409708,0.8259537260446237,,,,,,,,,,,,,,,,
136,2025-05-16 00:46:12.783485,40.6902986,1.552676,3.9706597328186035,86.79191729283654,23.670000000000016,49.0,1011.0,,7.9,44.0,72.67273720827608,5.748680906000567,,159.46465450111262,1.1825781731044698,,,,,,,,,,,,,,,,
137,2025-05-16 00:46:17.784297,40.6901761,1.5525154,4.059587478637695,86.75976759241328,23.670000000000016,49.0,1011.0,,8.3,48.0,76.38266432216886,6.346503467237739,,163.14243191458215,0.9557737820718163,,,,,,,,,,,,,,,,
138,2025-05-16 00:46:22.783873,40.6900543,1.5523524,4.219125747680664,87.09665301284582,23.670000000000016,49.0,1011.0,,7.4,39.0,71.79311370256143,4.902412604681749,,158.88976671540723,1.3182620090332697,,,,,,,,,,,,,,,,
139,2025-05-16 00:46:27.783720,40.689926,1.5521688,4.0805864334106445,87.3723535986934,23.670000000000016,49.0,1011.0,,7.9,43.0,72.51600908805801,5.6487542125211885,,159.8883626867514,1.225968566244921,,,,,,,,,,,,,,,,
140,2025-05-16 00:46:32.783935,40.6898047,1.5519792,4.060081958770752,86.94814420972224,23.670000000000016,49.0,1011.0,,7.9,39.0,67.30301314626121,5.388960939952747,,154.25115735598345,1.5666131805249202,,,,,,,,,,,,,,,,
141,2025-05-16 00:46:37.787456,40.6896869,1.5518081,3.771702289581299,86.9350097559483,23.670000000000016,49.0,1011.0,,8.1,40.0,64.9513013180243,5.747104885479308,,151.8863110739726,1.5968951010832495,,,,,,,,,,,,,,,,
142,2025-05-16 00:46:42.784491,40.6895617,1.5516373,4.236902713775635,87.1217812788023,23.670000000000016,49.0,1011.0,,7.8,40.0,70.8787817225818,5.306516224340792,,158.0005630013841,1.3878729784377863,,,,,,,,,,,,,,,,
143,2025-05-16 00:46:47.784277,40.6894348,1.5514585,3.9010794162750244,87.30590268825834,23.670000000000016,49.0,1011.0,,8.3,40.0,65.27163656496738,5.873753241550905,,152.57753925322572,1.6318869262052764,,,,,,,,,,,,,,,,
144,2025-05-16 00:46:52.786373,40.6893093,1.5512928,4.3980631828308105,86.56366603115305,23.670000000000016,49.0,1011.0,,8.4,38.0,66.75606851854822,5.628396358100781,,153.31973454970125,1.7356804170183624,,,,,,,,,,,,,,,,
145,2025-05-16 00:46:57.786302,40.6891734,1.5511051,3.9920854568481445,86.84924990072963,23.670000000000016,49.0,1011.0,,7.8,38.0,65.83750919120048,5.263284952716348,,152.68675909193013,1.6340636471576395,,,,,,,,,,,,,,,,
146,2025-05-16 00:47:02.786432,40.6890442,1.5509394,4.049806118011475,86.99691176039613,23.670000000000016,49.0,1011.0,,7.6,33.0,60.68686732206646,4.747087633291365,,147.6837790824626,1.9827134932536885,,,,,,,,,,,,,,,,
147,2025-05-16 00:47:07.783882,40.6889197,1.5507748,4.1095075607299805,86.9867142879653,23.670000000000016,49.0,1011.0,,7.7,33.0,60.75354201163398,4.806412131384708,,147.74025629959928,2.0077710258712944,,,,,,,,,,,,,,,,
148,2025-05-16 00:47:12.799761,40.6887953,1.5505995,4.179521560668945,86.80897227519407,23.670000000000016,49.0,1011.0,,7.9,33.0,60.382571577031776,4.949301090444988,,147.19154385222583,2.0655460100716163,,,,,,,,,,,,,,,,
149,2025-05-16 00:47:17.784004,40.688665,1.5504221,4.060701370239258,87.22542256926808,23.670000000000016,49.0,1011.0,,7.7,29.0,54.38700880940596,4.5918543305169495,,141.61243137867405,2.3645761195787998,,,,,,,,,,,,,,,,
150,2025-05-16 00:47:22.783765,40.688548,1.5502389,3.960543394088745,87.19094377433785,23.670000000000016,49.0,1011.0,,7.5,25.0,48.172060162514796,4.253684778174342,,135.36300393685264,2.6412702166792923,,,,,,,,,,,,,,,,
151,2025-05-16 00:47:27.786895,40.6884416,1.550033,4.209259033203125,86.67814000164246,23.670000000000016,49.0,1011.0,,7.3,23.0,48.64803863560888,3.799745835430689,,135.32617863725133,2.7809846885626714,,,,,,,,,,,,,,,,
152,2025-05-16 00:47:32.783872,40.688219,1.5496736,4.111977577209473,86.84895620259532,23.670000000000016,49.0,1011.0,,7.7,25.0,48.62315177288899,4.336693809915548,,135.4721079754843,2.7180529957711936,,,,,,,,,,,,,,,,
153,2025-05-16 00:47:37.784444,40.688219,1.5496736,4.111977577209473,86.84895620259532,23.670000000000016,49.0,1011.0,,7.4,26.0,51.94904027625951,4.119491390303248,,138.79799647885483,2.534467135784788,,,,,,,,,,,,,,,,
154,2025-05-16 00:47:42.784002,40.6880628,1.5494631,3.6648664474487305,86.88918601680669,23.670000000000016,49.0,1011.0,,7.6,31.0,53.9453590921789,4.841684638500971,,140.8345451089856,2.156981024494709,,,,,,,,,,,,,,,,
155,2025-05-16 00:47:47.783998,40.6879277,1.5493235,4.0385284423828125,86.93574741637866,23.670000000000016,49.0,1011.0,,7.1,27.0,54.63645581047846,3.952602721993578,,141.5722032268571,2.3373484564159064,,,,,,,,,,,,,,,,
156,2025-05-16 00:47:52.783907,40.6877901,1.5491665,4.059878826141357,87.09141425775243,23.670000000000016,49.0,1011.0,,6.7,26.0,56.25616775127041,3.532150079864024,,143.34758200902286,2.2551844301840873,,,,,,,,,,,,,,,,
157,2025-05-16 00:47:57.784128,40.6876678,1.5490085,4.229334831237793,87.27122581784218,23.670000000000016,49.0,1011.0,,7.4,24.0,49.940438224200186,3.9325140407381594,,137.21166404204237,2.721930549122411,,,,,,,,,,,,,,,,
158,2025-05-16 00:48:02.786647,40.687529,1.5488279,4.14047384262085,87.2740466859694,23.670000000000016,49.0,1011.0,,7.2,23.0,48.52062426854714,3.755053313360833,,135.79467095451653,2.7424445478720205,,,,,,,,,,,,,,,,
159,2025-05-16 00:48:07.783933,40.687397,1.548664,4.299408435821533,87.1345127514152,23.670000000000016,49.0,1011.0,,6.9,22.0,50.93256215219622,3.329172887196181,,138.06707490361143,2.709636237056336,,,,,,,,,,,,,,,,
160,2025-05-16 00:48:12.784209,40.6872727,1.5484924,4.090685844421387,86.73437977926835,23.670000000000016,49.0,1011.0,,6.5,23.0,53.30692322391875,3.1673743730638257,,140.0413030031871,2.444300401428581,,,,,,,,,,,,,,,,
161,2025-05-16 00:48:17.784256,40.6870428,1.5482109,4.138503551483154,87.17131381066324,23.670000000000016,49.0,1011.0,,6.8,22.0,49.62083438464349,3.3439380475129643,,136.7921481953067,2.681100312562981,,,,,,,,,,,,,,,,
162,2025-05-16 00:48:22.784314,40.6870428,1.5482109,4.138503551483154,87.17131381066324,23.670000000000016,49.0,1011.0,,7.9,25.0,47.856615241666475,4.5028030512679615,,135.0279290523297,2.7768872801144715,,,,,,,,,,,,,,,,
163,2025-05-16 00:48:27.786635,40.6868878,1.5480022,4.060196876525879,87.08582033282218,23.670000000000016,49.0,1011.0,,8.0,26.0,48.24940135137141,4.700713371964681,,135.33522168419358,2.703642309917989,,,,,,,,,,,,,,,,
164,2025-05-16 00:48:32.783861,40.6866418,1.5476912,4.100445747375488,86.61143637420813,23.670000000000016,49.0,1011.0,,8.3,33.0,57.674868819377956,5.349535569412401,,144.2863051935861,2.1926028493533853,,,,,,,,,,,,,,,,
165,2025-05-16 00:48:37.786541,40.6866418,1.5476912,4.100445747375488,86.61143637420813,23.670000000000016,49.0,1011.0,,7.4,29.0,56.53149208007337,4.3006931509064765,,143.1429284542815,2.261307934800783,,,,,,,,,,,,,,,,
166,2025-05-16 00:48:42.783527,40.6864844,1.5475033,4.378524303436279,86.99025915614453,23.670000000000016,49.0,1011.0,,7.1,27.0,58.85852821411859,3.7660462347320682,,145.84878737026312,2.264366874307856,,,,,,,,,,,,,,,,
167,2025-05-16 00:48:47.783877,40.6862386,1.547194,4.459474086761475,86.52336108486081,23.670000000000016,49.0,1011.0,,7.8,28.0,56.4589707118405,4.393425921699526,,142.98233179670132,2.464010993460235,,,,,,,,,,,,,,,,
168,2025-05-16 00:48:52.786546,40.6862386,1.547194,4.459474086761475,86.52336108486081,23.670000000000016,49.0,1011.0,,7.2,31.0,65.21697113682367,4.084444621645891,,151.74033222168447,1.8693365214555702,,,,,,,,,,,,,,,,
169,2025-05-16 00:48:57.786990,40.6859504,1.5468357,3.9921562671661377,87.31855902879038,23.670000000000016,49.0,1011.0,,7.0,25.0,51.51378614000888,3.7793649325615775,,138.83234516879926,2.48442388868781,,,,,,,,,,,,,,,,
170,2025-05-16 00:49:02.784180,40.6859504,1.5468357,3.9921562671661377,87.31855902879038,23.670000000000016,49.0,1011.0,,6.7,25.0,53.69827483357767,3.513470176431854,,141.01683386236806,2.3635059960458706,,,,,,,,,,,,,,,,
171,2025-05-16 00:49:07.786425,40.6858059,1.5466307,4.049079418182373,87.21812109704533,23.670000000000016,49.0,1011.0,,7.0,26.0,53.84130474291945,3.8006585610892145,,141.05942583996477,2.3890531174243104,,,,,,,,,,,,,,,,
172,2025-05-16 00:49:12.783797,40.6856847,1.5464598,4.069854736328125,87.01220455394778,23.670000000000016,49.0,1011.0,,6.8,26.0,55.588699932988746,3.613231956149446,,142.60090448693654,2.2999958842886583,,,,,,,,,,,,,,,,
173,2025-05-16 00:49:17.784054,40.6854424,1.546159,4.598601341247559,86.99925451528145,23.670000000000016,49.0,1011.0,,6.8,28.0,66.23872739540901,3.488083729330431,,153.23798191069045,1.8528995581103453,,,,,,,,,,,,,,,,
174,2025-05-16 00:49:22.784058,40.6854424,1.546159,4.598601341247559,86.99925451528145,23.670000000000016,49.0,1011.0,,7.4,28.0,60.88039370591551,3.9767246976743125,,147.87964822119696,2.237837383310986,,,,,,,,,,,,,,,,
175,2025-05-16 00:49:27.783802,40.6852722,1.545941,4.141742706298828,86.68883607788271,23.670000000000016,49.0,1011.0,,7.5,31.0,59.37179841496432,4.4890462693947715,,146.06063449284704,2.1100730321284353,,,,,,,,,,,,,,,,
176,2025-05-16 00:49:32.783852,40.685027,1.5456011,4.350938320159912,87.39920307232072,23.670000000000016,49.0,1011.0,,6.7,33.0,70.83627857747203,3.8631608618044955,,158.23548164979275,1.428276518212519,,,,,,,,,,,,,,,,
177,2025-05-16 00:49:37.784115,40.6848992,1.545419,3.832083225250244,86.68153460565996,23.670000000000016,49.0,1011.0,,6.5,24.0,51.46022577304342,3.3800433335505216,,138.1417603787034,2.3876092146312584,,,,,,,,,,,,,,,,
178,2025-05-16 00:49:42.784334,40.6848992,1.545419,3.832083225250244,86.68153460565996,23.670000000000016,49.0,1011.0,,6.6,26.0,54.02737588794853,3.575012515583262,,140.7089104936085,2.2509604648968495,,,,,,,,,,,,,,,,
179,2025-05-16 00:49:47.783964,40.6846342,1.5451152,4.489316940307617,86.84933869318884,23.670000000000016,49.0,1011.0,,6.9,27.0,62.09947910474074,3.5445478083441553,,148.94881779792956,2.100721311865537,,,,,,,,,,,,,,,,
180,2025-05-16 00:49:52.787095,40.6846342,1.5451152,4.489316940307617,86.84933869318884,23.670000000000016,49.0,1011.0,,7.0,29.0,64.30330079321276,3.766130062053629,,151.1526394864016,1.9466000275582338,,,,,,,,,,,,,,,,
181,2025-05-16 00:49:57.784185,40.6845087,1.5449221,4.2107343673706055,87.01347496913341,23.670000000000016,49.0,1011.0,,7.0,29.0,60.60806981627408,3.8950232712161528,,147.62154478540748,2.066548603585391,,,,,,,,,,,,,,,,
182,2025-05-16 00:50:02.784286,40.6843856,1.5446944,4.329643726348877,86.82822657846432,23.670000000000016,49.0,1011.0,,6.9,30.0,64.49504880605569,3.8225110463445793,,151.32327538452,1.8642973598586543,,,,,,,,,,,,,,,,
183,2025-05-16 00:50:07.784075,40.6841548,1.5443865,4.478289604187012,86.76029351697937,23.670000000000016,49.0,1011.0,,7.3,34.0,68.91795825487293,4.374938945428354,,155.6782517718523,1.6108603594952284,,,,,,,,,,,,,,,,
184,2025-05-16 00:50:12.783886,40.6841548,1.5443865,4.478289604187012,86.76029351697937,23.670000000000016,49.0,1011.0,,6.6,32.0,72.26070287450275,3.6720637436069987,,159.02099639148213,1.364473874039311,,,,,,,,,,,,,,,,
185,2025-05-16 00:50:17.784949,40.6838297,1.5439816,4.3768744468688965,86.86691276992327,23.670000000000016,49.0,1011.0,,6.4,32.0,72.7877611736324,3.5504914292014664,,159.65467394355568,1.2951701012247603,,,,,,,,,,,,,,,,
186,2025-05-16 00:50:22.786891,40.6838297,1.5439816,4.3768744468688965,86.86691276992327,23.670000000000016,49.0,1011.0,,6.9,32.0,68.03559111181607,3.942611995498694,,154.90250388173934,1.63708484933769,,,,,,,,,,,,,,,,
187,2025-05-16 00:50:27.783943,40.6836736,1.5437857,4.150779724121094,86.54939093578773,23.670000000000016,49.0,1011.0,,8.4,28.0,50.369111634035285,5.1203808541014535,,136.918502569823,2.647530365740182,,,,,,,,,,,,,,,,
188,2025-05-16 00:50:32.783809,40.6835651,1.5436071,4.090053558349609,87.09327206920668,23.670000000000016,49.0,1011.0,,8.5,38.0,63.509653627908,5.847002046728775,,150.60292569711467,1.8243562072393122,,,,,,,,,,,,,,,,
189,2025-05-16 00:50:37.783894,40.6833189,1.5433222,4.239735126495361,86.79538702893491,23.670000000000016,49.0,1011.0,,8.2,48.0,78.43373885591434,6.220096040460858,,165.22912588484925,0.8500713844139438,,,,,,,,,,,,,,,,
190,2025-05-16 00:50:42.784119,40.6831838,1.5431521,4.887549877166748,86.83571246579466,23.670000000000016,49.0,1011.0,,7.7,46.0,85.23899635975053,5.558094217478048,,172.0747088255452,0.4056646659266706,,,,,,,,,,,,,,,,
191,2025-05-16 00:50:47.783806,40.6830381,1.5429494,4.372013568878174,87.12665803386969,23.670000000000016,49.0,1011.0,,7.6,38.0,70.93707807613241,4.95051091274014,,158.06373611000208,1.4279272690826663,,,,,,,,,,,,,,,,
192,2025-05-16 00:50:52.786450,40.6830381,1.5429494,4.372013568878174,87.12665803386969,23.670000000000016,49.0,1011.0,,7.6,39.0,72.21416880688268,5.022904914631159,,159.34082684075236,1.3354745710037432,,,,,,,,,,,,,,,,
193,2025-05-16 00:50:57.784031,40.6828975,1.5427828,4.170144557952881,87.17289158436151,23.670000000000016,49.0,1011.0,,7.2,34.0,65.9246144837209,4.409799510658988,,153.0975060680824,1.7011615386711356,,,,,,,,,,,,,,,,
194,2025-05-16 00:51:02.783735,40.6827702,1.5426333,4.129983425140381,86.49138896935598,23.670000000000016,49.0,1011.0,,7.7,34.0,62.372880367257174,4.859889609495449,,148.86426933661315,1.9151371108526551,,,,,,,,,,,,,,,,
195,2025-05-16 00:51:07.783697,40.6825414,1.5423312,4.477733135223389,86.98080617433324,23.670000000000016,49.0,1011.0,,7.3,39.0,75.41430933247193,4.747025550960527,,162.39511550680515,1.1276171018380348,,,,,,,,,,,,,,,,
196,2025-05-16 00:51:12.784241,40.6825414,1.5423312,4.477733135223389,86.98080617433324,23.670000000000016,49.0,1011.0,,7.1,38.0,75.66383037989581,4.511692319417364,,162.64463655422907,1.108734558601822,,,,,,,,,,,,,,,,
197,2025-05-16 00:51:17.783520,40.6823765,1.5421158,4.211790084838867,86.43423394638131,23.670000000000016,49.0,1011.0,,6.9,37.0,72.63175585044758,4.35089887570679,,159.0659897968289,1.2572693099939225,,,,,,,,,,,,,,,,
198,2025-05-16 00:51:22.783794,40.6822542,1.5419261,4.299696922302246,86.8274137859531,23.670000000000016,49.0,1011.0,,7.1,37.0,72.21530125754711,4.487331776284685,,159.0427150435002,1.313303817669684,,,,,,,,,,,,,,,,
199,2025-05-16 00:51:27.783822,40.6820271,1.5416027,4.547919273376465,86.74615502539746,23.670000000000016,49.0,1011.0,,7.2,33.0,63.35140744918467,4.38746294096436,,150.4222560073462,1.8257232476855276,,,,,,,,,,,,,,,,
200,2025-05-16 00:51:32.784155,40.6820271,1.5416027,4.547919273376465,86.74615502539746,23.670000000000016,49.0,1011.0,,8.1,36.0,67.16163045944519,5.166062061338111,,153.90778548484263,1.7651968602686379,,,,,,,,,,,,,,,,
201,2025-05-16 00:51:37.784011,40.6818557,1.541402,3.9711878299713135,86.79040782102996,23.670000000000016,49.0,1011.0,,7.8,44.0,73.16346462924002,5.660993799122048,,159.95387245026998,1.1502235197121347,,,,,,,,,,,,,,,,
202,2025-05-16 00:51:42.784315,40.6817336,1.5412491,4.547674179077148,87.15897848902219,23.670000000000016,49.0,1011.0,,7.7,41.0,75.95654103956562,5.207290280995838,,163.1155195285878,1.10352859839066,,,,,,,,,,,,,,,,
203,2025-05-16 00:51:47.783767,40.6816076,1.5410702,4.24093770980835,87.05367063239893,23.670000000000016,49.0,1011.0,,7.8,44.0,75.81129893143344,5.588829770702294,,162.86496956383237,1.0395225487586435,,,,,,,,,,,,,,,,
204,2025-05-16 00:51:52.783840,40.6814862,1.5408886,4.140279293060303,86.92212801917366,23.670000000000016,49.0,1011.0,,7.3,40.0,72.80757384682754,4.9118223320440295,,159.7297018660012,1.2237910841623107,,,,,,,,,,,,,,,,
205,2025-05-16 00:51:57.783886,40.6813545,1.5407086,4.319104194641113,87.12309950531211,23.670000000000016,49.0,1011.0,,8.0,45.0,76.6949508392843,5.812880113098374,,163.81805034459643,0.9939791911878554,,,,,,,,,,,,,,,,
206,2025-05-16 00:52:02.787103,40.6812188,1.5405391,4.250159740447998,86.88244462009588,23.670000000000016,49.0,1011.0,,7.1,42.0,77.81148406875339,4.860389070402069,,164.69392868884927,0.8973314829989048,,,,,,,,,,,,,,,,
207,2025-05-16 00:52:07.786620,40.681086,1.5403674,4.09040641784668,86.90153499882608,23.670000000000016,49.0,1011.0,,7.2,39.0,71.62566717289565,4.774524891019138,,158.52720217172174,1.2893939902834224,,,,,,,,,,,,,,,,
208,2025-05-16 00:52:12.783808,40.6809571,1.540209,3.8505892753601074,86.97905764590571,23.670000000000016,49.0,1011.0,,7.4,40.0,69.0815015155552,5.092263201573124,,156.0605591614609,1.3748128449115171,,,,,,,,,,,,,,,,
209,2025-05-16 00:52:17.786746,40.6808338,1.5400552,4.0992937088012695,86.74411279883562,23.670000000000016,49.0,1011.0,,7.2,41.0,74.22286624683173,4.908546744081835,,160.96697904566736,1.1145824335215433,,,,,,,,,,,,,,,,
210,2025-05-16 00:52:22.784206,40.6807084,1.5398797,4.308978080749512,86.96614175818522,23.670000000000016,49.0,1011.0,,7.7,41.0,73.43831799402894,5.270301291890367,,160.40445975221417,1.2282630038856146,,,,,,,,,,,,,,,,
211,2025-05-16 00:52:27.786508,40.6805759,1.5396934,4.27009916305542,86.78499831120732,23.670000000000016,49.0,1011.0,,7.1,40.0,75.63494185632175,4.71108580045864,,162.41994016752906,1.0594079731490555,,,,,,,,,,,,,,,,
212,2025-05-16 00:52:32.783500,40.6804528,1.539502,3.891113042831421,87.29642921587953,23.670000000000016,49.0,1011.0,,7.2,38.0,68.0932656777705,4.7777526355060616,,155.38969489365002,1.451761957989345,,,,,,,,,,,,,,,,
213,2025-05-16 00:52:37.783943,40.6802241,1.5391791,3.653442621231079,87.07395629423388,23.670000000000016,49.0,1011.0,,7.7,35.0,58.99710218691852,5.152637976004976,,146.0710584811524,1.8818204376003294,,,,,,,,,,,,,,,,
214,2025-05-16 00:52:42.783411,40.6802241,1.5391791,3.653442621231079,87.07395629423388,23.670000000000016,49.0,1011.0,,7.5,38.0,63.954390687147786,5.139393143981058,,151.02834698138167,1.604177250409765,,,,,,,,,,,,,,,,
215,2025-05-16 00:52:47.783949,40.6800749,1.5389935,4.324643135070801,87.2422726459505,23.670000000000016,49.0,1011.0,,7.5,46.0,80.68116103697591,5.4672017477262,,167.9234336829264,0.7002820782248608,,,,,,,,,,,,,,,,
216,2025-05-16 00:52:52.783846,40.6799318,1.5388065,4.240530967712402,86.88965729985942,23.670000000000016,49.0,1011.0,,7.4,46.0,80.40414865487375,5.39865186651539,,167.29380595473316,0.7068852858786446,,,,,,,,,,,,,,,,
217,2025-05-16 00:52:57.783453,40.6797961,1.5386232,4.559094429016113,86.61694833686832,23.670000000000016,49.0,1011.0,,6.9,36.0,75.8415867503881,4.182777878230452,,162.45853508725642,1.1151712426870384,,,,,,,,,,,,,,,,
218,2025-05-16 00:53:02.784110,40.6796548,1.5384305,4.290793418884277,86.79004582100396,23.670000000000016,49.0,1011.0,,7.0,34.0,68.8739185602935,4.196391630789845,,155.66396438129746,1.5464940190834076,,,,,,,,,,,,,,,,
219,2025-05-16 00:53:07.784368,40.6795206,1.5382654,4.399404048919678,87.10694610792504,23.670000000000016,49.0,1011.0,,7.0,39.0,76.70908573990995,4.52648304244649,,163.816031847835,1.0114028037808296,,,,,,,,,,,,,,,,
220,2025-05-16 00:53:12.783933,40.6793954,1.5381072,4.2602458000183105,86.7484431387694,23.670000000000016,49.0,1011.0,,7.4,40.0,73.50547524253837,4.960779926532095,,160.25391838130776,1.2095848255389174,,,,,,,,,,,,,,,,
221,2025-05-16 00:53:17.783964,40.6792804,1.5379282,4.160234451293945,86.89787401743095,23.670000000000016,49.0,1011.0,,7.3,42.0,75.48388880296525,5.045727181790109,,162.3817628203962,1.0427720463354546,,,,,,,,,,,,,,,,
222,2025-05-16 00:53:22.786654,40.6790599,1.5376151,4.538563251495361,86.68007977536675,23.670000000000016,49.0,1011.0,,7.1,43.0,82.30745474268163,4.886160753068525,,168.9875345180484,0.6075195851487569,,,,,,,,,,,,,,,,
223,2025-05-16 00:53:27.784154,40.6790599,1.5376151,4.538563251495361,86.68007977536675,23.670000000000016,49.0,1011.0,,7.3,44.0,82.00073281966353,5.120832580133914,,168.68081259503026,0.6315884377385493,,,,,,,,,,,,,,,,
224,2025-05-16 00:53:32.784238,40.6788897,1.5373825,4.460260391235352,87.2624080436237,23.670000000000016,49.0,1011.0,,7.2,36.0,72.127639452221,4.446637133096007,,159.3900474958447,1.368842912584696,,,,,,,,,,,,,,,,
225,2025-05-16 00:53:37.783851,40.6787451,1.5372001,4.619236469268799,86.73527453404962,23.670000000000016,49.0,1011.0,,8.1,39.0,71.80329991098188,5.365840650996767,,158.5385744450315,1.4424961116029444,,,,,,,,,,,,,,,,
226,2025-05-16 00:53:42.783927,40.6784956,1.536876,4.24912691116333,87.01185621430012,23.670000000000016,49.0,1011.0,,8.6,38.0,64.47947506943044,5.867139599231129,,151.49133128373057,1.830670043949239,,,,,,,,,,,,,,,,
227,2025-05-16 00:53:47.786504,40.6784956,1.536876,4.24912691116333,87.01185621430012,23.670000000000016,49.0,1011.0,,9.1,41.0,66.3159077114824,6.519224338509334,,153.3277639257825,1.7068468088723419,,,,,,,,,,,,,,,,
228,2025-05-16 00:53:52.783934,40.6782196,1.5365385,4.2299418449401855,86.8949233757095,23.670000000000016,49.0,1011.0,,9.0,42.0,67.79382381311582,6.504624425522134,,154.68874718882532,1.598666710849751,,,,,,,,,,,,,,,,
229,2025-05-16 00:53:57.783816,40.6782196,1.5365385,4.2299418449401855,86.8949233757095,23.670000000000016,49.0,1011.0,,8.8,40.0,66.06089844614196,6.188918756858707,,152.95582182185146,1.7163641537451448,,,,,,,,,,,,,,,,
230,2025-05-16 00:54:02.783718,40.6780432,1.5363307,3.910834789276123,86.47182730757307,23.670000000000016,49.0,1011.0,,8.4,40.0,64.9464227634769,5.960197816338454,,151.41825007104995,1.6561038617699524,,,,,,,,,,,,,,,,
231,2025-05-16 00:54:07.784141,40.6778094,1.5360213,4.548732757568359,86.97715885331645,23.670000000000016,49.0,1011.0,,8.5,42.0,72.73210030734961,5.956066412343461,,159.70925916066608,1.3502454538321853,,,,,,,,,,,,,,,,
232,2025-05-16 00:54:12.783837,40.6778094,1.5360213,4.548732757568359,86.97715885331645,23.670000000000016,49.0,1011.0,,8.5,44.0,75.14927248959727,6.108644118638985,,162.12643134291372,1.1658476951195655,,,,,,,,,,,,,,,,
233,2025-05-16 00:54:17.786741,40.6775481,1.5356447,4.280959129333496,87.41088269580143,23.670000000000016,49.0,1011.0,,7.6,42.0,74.95465344734774,5.265904211657191,,162.36553614314917,1.111266108935173,,,,,,,,,,,,,,,,
234,2025-05-16 00:54:22.784175,40.6775481,1.5356447,4.280959129333496,87.41088269580143,23.670000000000016,49.0,1011.0,,7.8,39.0,70.06022530855208,5.2217335751693925,,157.4711080043535,1.4599449764564303,,,,,,,,,,,,,,,,
235,2025-05-16 00:54:27.783933,40.6773999,1.5354296,4.140288352966309,87.32210389696961,23.670000000000016,49.0,1011.0,,7.9,42.0,71.87276505052209,5.562194941832492,,159.1948689474917,1.2881605133587333,,,,,,,,,,,,,,,,
236,2025-05-16 00:54:32.784036,40.6772654,1.5352545,4.627215385437012,87.14147954436862,23.670000000000016,49.0,1011.0,,7.8,43.0,78.55108894169827,5.427584827351834,,165.69256848606688,0.9184748866964912,,,,,,,,,,,,,,,,
237,2025-05-16 00:54:37.783437,40.677128,1.5350727,4.261346817016602,86.6413935839078,23.670000000000016,49.0,1011.0,,8.3,42.0,71.05135092061032,5.871987108878224,,157.69274450451812,1.3837471367827108,,,,,,,,,,,,,,,,
238,2025-05-16 00:54:42.783651,40.677006,1.5349026,4.329683780670166,86.8564079389798,23.670000000000016,49.0,1011.0,,7.9,39.0,69.99752123836613,5.290782613278297,,156.85392917734595,1.481015082636646,,,,,,,,,,,,,,,,
239,2025-05-16 00:54:47.784152,40.6768663,1.5347529,4.429573059082031,86.93482534084072,23.670000000000016,49.0,1011.0,,7.6,39.0,72.84153420594431,5.005622869864797,,159.77635954678505,1.3067926349088423,,,,,,,,,,,,,,,,
240,2025-05-16 00:54:52.786496,40.6767266,1.5345738,4.350302696228027,86.55543565320319,23.670000000000016,49.0,1011.0,,8.4,38.0,66.31084037834641,5.647415374027238,,152.8662760315496,1.7478408029967532,,,,,,,,,,,,,,,,
241,2025-05-16 00:54:57.784034,40.6765871,1.5344159,4.1504998207092285,86.64783445229511,23.670000000000016,49.0,1011.0,,7.6,36.0,65.90247355696388,4.8936397938679015,,152.550308009259,1.6946119355728058,,,,,,,,,,,,,,,,
242,2025-05-16 00:55:02.783817,40.676469,1.5342293,3.980473041534424,86.80200548224065,23.670000000000016,49.0,1011.0,,7.6,42.0,71.84642133011681,5.3517784790759055,,158.64842681235746,1.2401766560795469,,,,,,,,,,,,,,,,
243,2025-05-16 00:55:07.783857,40.6763445,1.5340419,4.278323650360107,86.95425039884023,23.670000000000016,49.0,1011.0,,7.5,44.0,77.90198749924254,5.328276086195055,,164.85623789808278,0.8966709436104704,,,,,,,,,,,,,,,,
244,2025-05-16 00:55:12.784146,40.6762155,1.5338698,4.130577087402344,86.9579250406137,23.670000000000016,49.0,1011.0,,7.3,38.0,70.15663546556944,4.778028389225452,,157.11456050618312,1.4021241132636324,,,,,,,,,,,,,,,,
245,2025-05-16 00:55:17.783823,40.6761019,1.5336947,4.139836311340332,86.58901969335214,23.670000000000016,49.0,1011.0,,7.7,39.0,69.1643250754735,5.184832282701685,,155.75334476882563,1.4724940637429906,,,,,,,,,,,,,,,,
246,2025-05-16 00:55:22.783883,40.6759831,1.5335237,4.209665298461914,86.68060569993284,23.670000000000016,49.0,1011.0,,8.0,42.0,72.03695552755045,5.627346282962769,,158.7175612274833,1.2982755238280532,,,,,,,,,,,,,,,,
247,2025-05-16 00:55:27.784044,40.6758595,1.5333599,3.921360969543457,87.04479138647793,23.670000000000016,49.0,1011.0,,7.8,46.0,75.06145631459442,5.807114154598606,,162.10624770107233,1.0108595275938075,,,,,,,,,,,,,,,,
248,2025-05-16 00:55:32.786556,40.6757373,1.5331889,4.654971122741699,86.88698669589394,23.670000000000016,49.0,1011.0,,7.1,42.0,82.54862322509099,4.791288425514166,,169.43560992098492,0.6036788600713471,,,,,,,,,,,,,,,,
249,2025-05-16 00:55:37.784345,40.6755938,1.5330168,4.341349124908447,87.0369366689324,23.670000000000016,49.0,1011.0,,7.4,38.0,71.89051910707136,4.793336129422421,,158.92745577600374,1.3494376543533955,,,,,,,,,,,,,,,,
250,2025-05-16 00:55:42.784298,40.6753233,1.5326821,4.730531215667725,86.58350773069193,23.670000000000016,49.0,1011.0,,7.8,41.0,77.26826076979106,5.246252074147101,,163.851768500483,1.0425455579999796,,,,,,,,,,,,,,,,
251,2025-05-16 00:55:47.783880,40.6753233,1.5326821,4.730531215667725,86.58350773069193,23.670000000000016,49.0,1011.0,,7.5,44.0,82.73128381601042,5.252145740532539,,169.31479154670234,0.598521047243605,,,,,,,,,,,,,,,,
252,2025-05-16 00:55:52.784010,40.6751345,1.5324552,3.9935216903686523,86.87480846860382,23.670000000000016,49.0,1011.0,,7.2,43.0,75.47471452133477,5.072520926785815,,162.34952298993858,1.0016041434366003,,,,,,,,,,,,,,,,
253,2025-05-16 00:55:57.786623,40.6749931,1.5322825,4.189551830291748,87.54316296945707,23.670000000000016,49.0,1011.0,,7.2,38.0,71.48902785392684,4.674613700595931,,159.03219082338393,1.330125119206594,,,,,,,,,,,,,,,,
254,2025-05-16 00:56:02.784141,40.6748679,1.5321101,4.160124778747559,86.84771310816637,23.670000000000016,49.0,1011.0,,6.8,36.0,71.4505946569895,4.215960128661199,,158.29830776515587,1.3234283150506485,,,,,,,,,,,,,,,,
255,2025-05-16 00:56:07.783833,40.674749,1.5319468,4.338951110839844,86.33654858087179,23.670000000000016,49.0,1011.0,,7.3,36.0,69.93944446829583,4.567968150103344,,156.27599304916762,1.4883171018908603,,,,,,,,,,,,,,,,
256,2025-05-16 00:56:12.783903,40.6746228,1.5317948,4.071263313293457,87.07996686070348,23.670000000000016,49.0,1011.0,,7.3,37.0,68.18199742318903,4.732223088151543,,155.2619642838925,1.5131238966367226,,,,,,,,,,,,,,,,
257,2025-05-16 00:56:17.783962,40.6745022,1.531648,4.417080879211426,86.87146167591051,23.670000000000016,49.0,1011.0,,8.1,37.0,67.17272793697764,5.288938807652322,,154.04418961288815,1.7136256869891957,,,,,,,,,,,,,,,,
258,2025-05-16 00:56:22.783554,40.6742927,1.5313227,4.945906162261963,86.44327028665323,23.670000000000016,49.0,1011.0,,8.0,40.0,77.05019663788299,5.27649929946758,,163.49346692453622,1.1083643447083857,,,,,,,,,,,,,,,,
259,2025-05-16 00:56:27.792199,40.6742927,1.5313227,4.945906162261963,86.44327028665323,23.670000000000016,49.0,1011.0,,7.7,41.0,80.27947668143604,5.125237283029428,,166.72274696808927,0.8350789001601744,,,,,,,,,,,,,,,,
260,2025-05-16 00:56:32.786216,40.6741063,1.531091,4.561941623687744,86.72618355226433,23.670000000000016,49.0,1011.0,,8.2,41.0,73.17604484592827,5.620238268417309,,159.90222839819262,1.3203719948747195,,,,,,,,,,,,,,,,
261,2025-05-16 00:56:37.783845,40.6739455,1.5309352,5.30312967300415,86.96396975802917,23.670000000000016,49.0,1011.0,,7.3,44.0,90.58693713848052,5.0712721897493225,,177.55090689650967,-0.05432423370369714,,,,,,,,,,,,,,,,
262,2025-05-16 00:56:42.786572,40.6738041,1.5307527,4.234715938568115,86.77815446165896,23.670000000000016,49.0,1011.0,,7.4,38.0,70.6875447202341,4.827545333712908,,157.46569918189306,1.4005033651526602,,,,,,,,,,,,,,,,
263,2025-05-16 00:56:47.783840,40.6737188,1.5305902,4.120031356811523,86.35550235581857,23.670000000000016,49.0,1011.0,,7.5,38.0,68.81020212796608,4.952294737356066,,155.16570448378465,1.489220577077364,,,,,,,,,,,,,,,,
264,2025-05-16 00:56:52.784017,40.673601,1.5304521,4.239259243011475,87.06145704805274,23.670000000000016,49.0,1011.0,,7.6,39.0,70.78407505360042,5.06503369043786,,157.84553210165316,1.3952636496727169,,,,,,,,,,,,,,,,
265,2025-05-16 00:56:57.783822,40.6734964,1.5302807,4.160105228424072,87.00353704389104,23.670000000000016,49.0,1011.0,,7.2,42.0,76.11941873781628,4.962660758782143,,163.12295578170733,0.9980052196952323,,,,,,,,,,,,,,,,
266,2025-05-16 00:57:02.783776,40.6733671,1.5301177,4.229619979858398,86.94998836079814,23.670000000000016,49.0,1011.0,,7.7,41.0,72.61496380792137,5.293468663712418,,159.56495216871951,1.2637747743739356,,,,,,,,,,,,,,,,
267,2025-05-16 00:57:07.786869,40.6732247,1.5299322,4.666835784912109,86.85346412744752,23.670000000000016,49.0,1011.0,,8.1,45.0,79.50785591388802,5.824958910942702,,166.36132004133555,0.8498341013096267,,,,,,,,,,,,,,,,
268,2025-05-16 00:57:12.784011,40.6730687,1.5297334,4.29262638092041,86.89854337596961,23.670000000000016,49.0,1011.0,,7.7,43.0,75.69758974523104,5.419358547699024,,162.59613312120064,1.0604494594833362,,,,,,,,,,,,,,,,
269,2025-05-16 00:57:17.783937,40.6729389,1.5295476,4.130629062652588,87.09938508851383,23.670000000000016,49.0,1011.0,,7.7,43.0,74.05058900999418,5.461634671637705,,161.149974098508,1.1350493950757923,,,,,,,,,,,,,,,,
270,2025-05-16 00:57:22.784040,40.672712,1.5292046,4.324568748474121,87.30424978247919,23.670000000000016,49.0,1011.0,,7.4,40.0,74.22041114805461,4.942901916100605,,161.5246609305338,1.17601218725997,,,,,,,,,,,,,,,,
271,2025-05-16 00:57:27.786635,40.672712,1.5292046,4.324568748474121,87.30424978247919,23.670000000000016,49.0,1011.0,,8.0,41.0,71.92325268841324,5.5209781219809475,,159.22750247089243,1.341873250442473,,,,,,,,,,,,,,,,
272,2025-05-16 00:57:32.784322,40.6724923,1.5288089,3.9708988666534424,86.49773421509492,23.670000000000016,49.0,1011.0,,7.9,40.0,67.7173527815495,5.487827861330016,,154.2150869966444,1.5056692714132711,,,,,,,,,,,,,,,,
273,2025-05-16 00:57:37.783909,40.6724923,1.5288089,3.9708988666534424,86.49773421509492,23.670000000000016,49.0,1011.0,,7.8,40.0,68.21090154354778,5.399502906544956,,154.70863575864269,1.4739625877160756,,,,,,,,,,,,,,,,
274,2025-05-16 00:57:42.786249,40.6723399,1.5285917,4.90610408782959,87.02195806408257,23.670000000000016,49.0,1011.0,,7.4,41.0,82.04115859931852,4.902054438918728,,169.0631166634011,0.6793075271036787,,,,,,,,,,,,,,,,
275,2025-05-16 00:57:47.784062,40.6721894,1.5284078,4.322547435760498,87.29052110224747,23.670000000000016,49.0,1011.0,,7.3,41.0,76.08176532125339,4.934096078073127,,163.37228642350084,1.0397324449700014,,,,,,,,,,,,,,,,
276,2025-05-16 00:57:52.784142,40.6720548,1.528261,4.081353664398193,86.83897729621792,23.670000000000016,49.0,1011.0,,7.3,43.0,75.82431770405317,5.1349504697521295,,162.6632950002711,0.9995068111914327,,,,,,,,,,,,,,,,
277,2025-05-16 00:57:57.784016,40.6719196,1.5281073,4.179320812225342,86.87340144963478,23.670000000000016,49.0,1011.0,,7.0,38.0,72.76723617219557,4.51218639378036,,159.64063762183036,1.238141614859383,,,,,,,,,,,,,,,,
278,2025-05-16 00:58:02.783875,40.6716873,1.5277751,3.9324073791503906,86.56705380498138,23.670000000000016,49.0,1011.0,,7.5,39.0,68.11255705113685,5.086551886390395,,154.67961085611825,1.4659402326518687,,,,,,,,,,,,,,,,
279,2025-05-16 00:58:07.783589,40.6716873,1.5277751,3.9324073791503906,86.56705380498138,23.670000000000016,49.0,1011.0,,7.8,41.0,69.09769776097806,5.47775041841206,,155.66475156595945,1.4029867540447176,,,,,,,,,,,,,,,,
280,2025-05-16 00:58:12.784204,40.6715491,1.5275811,4.394841194152832,87.022176630136,23.670000000000016,49.0,1011.0,,7.1,36.0,72.08448251224617,4.385944811327513,,159.10665914238217,1.3519161207339943,,,,,,,,,,,,,,,,
281,2025-05-16 00:58:17.783859,40.6713388,1.5272604,4.428294658660889,86.78448604701957,23.670000000000016,49.0,1011.0,,7.1,39.0,76.29736058403002,4.599072621760132,,163.0818466310496,1.048987288241506,,,,,,,,,,,,,,,,
282,2025-05-16 00:58:22.783890,40.6711991,1.5270707,4.420037269592285,86.86477492071306,23.670000000000016,49.0,1011.0,,7.5,39.0,73.38335390102388,4.925598213546321,,160.24812882173694,1.2639838080864778,,,,,,,,,,,,,,,,
283,2025-05-16 00:58:27.784042,40.6711991,1.5270707,4.420037269592285,86.86477492071306,23.670000000000016,49.0,1011.0,,7.3,38.0,73.48640094786478,4.687685007312148,,160.35117586857785,1.2563642596785658,,,,,,,,,,,,,,,,
284,2025-05-16 00:58:32.784008,40.6710216,1.5268521,3.943539619445801,86.92516062316514,23.670000000000016,49.0,1011.0,,7.3,36.0,65.4244231482391,4.718241452739492,,152.34958377140424,1.640091230868014,,,,,,,,,,,,,,,,
285,2025-05-16 00:58:37.794552,40.6708892,1.5266752,4.338556289672852,86.7923134438084,23.670000000000016,49.0,1011.0,,7.8,34.0,63.993725842631264,4.8531002825032115,,150.78603928643966,1.9023248948591223,,,,,,,,,,,,,,,,
286,2025-05-16 00:58:42.784344,40.6707583,1.5264898,4.07100248336792,86.82074752132316,23.670000000000016,49.0,1011.0,,7.9,40.0,68.69108260948904,5.45065809794821,,155.5118301308122,1.479386964828577,,,,,,,,,,,,,,,,
287,2025-05-16 00:58:47.783878,40.6706328,1.5263086,4.070029258728027,86.91126118820416,23.670000000000016,49.0,1011.0,,8.2,46.0,74.58710809541269,6.1186393853904795,,161.49836928361685,1.0817040416087058,,,,,,,,,,,,,,,,
288,2025-05-16 00:58:52.784111,40.6705113,1.5261213,4.2491655349731445,86.97412624932497,23.670000000000016,49.0,1011.0,,7.3,46.0,81.10503062994394,5.315102916323721,,168.0791568792689,0.6570214495596493,,,,,,,,,,,,,,,,
289,2025-05-16 00:58:57.786893,40.6702829,1.5257983,3.841215133666992,86.93020813296178,23.670000000000016,49.0,1011.0,,8.1,44.0,70.56420698024813,5.9667481160757285,,157.49441511320993,1.2781655031741277,,,,,,,,,,,,,,,,
290,2025-05-16 00:59:02.783445,40.6702829,1.5257983,3.841215133666992,86.93020813296178,23.670000000000016,49.0,1011.0,,7.5,37.0,64.54481122896475,4.998897037442315,,151.4750193619265,1.6509736630206187,,,,,,,,,,,,,,,,
291,2025-05-16 00:59:07.783817,40.6701518,1.5256031,4.079190254211426,86.82638925757759,23.670000000000016,49.0,1011.0,,8.0,40.0,68.27311826135859,5.5355520685324064,,155.09950751893618,1.5100454263223444,,,,,,,,,,,,,,,,
292,2025-05-16 00:59:12.786980,40.6699094,1.5252842,4.320749282836914,87.02692361160916,23.670000000000016,49.0,1011.0,,7.5,40.0,73.5375243657024,5.026985646659714,,160.56444797731154,1.2244456030346431,,,,,,,,,,,,,,,,
293,2025-05-16 00:59:17.783453,40.6697669,1.525092,4.059112071990967,87.24539404240119,23.670000000000016,49.0,1011.0,,8.1,42.0,70.11529570017028,5.763589078793667,,157.36068974257148,1.3806197753048806,,,,,,,,,,,,,,,,
294,2025-05-16 00:59:22.783407,40.6696341,1.5249121,4.27667236328125,86.58311840990925,23.670000000000016,49.0,1011.0,,7.0,41.0,77.64062202896173,4.701370868827636,,164.22374043887098,0.9153910307262774,,,,,,,,,,,,,,,,
295,2025-05-16 00:59:27.784178,40.6694966,1.5247305,4.299911022186279,86.72841702412293,23.670000000000016,49.0,1011.0,,7.2,47.0,83.38701386460518,5.30101595685779,,170.1154308887281,0.49518762715930525,,,,,,,,,,,,,,,,
296,2025-05-16 00:59:32.784093,40.6693602,1.5245554,4.190386772155762,87.0872068612237,23.670000000000016,49.0,1011.0,,7.6,44.0,76.40642286346326,5.431555867621116,,163.49362972468697,0.9848798224125115,,,,,,,,,,,,,,,,
297,2025-05-16 00:59:37.786393,40.6692311,1.5243739,4.010622024536133,86.84241288137044,23.670000000000016,49.0,1011.0,,7.7,39.0,67.84176211082311,5.2321862448211185,,154.68417499219356,1.5126695930862792,,,,,,,,,,,,,,,,
298,2025-05-16 00:59:42.784112,40.6691057,1.5241911,4.020007133483887,87.02391832837436,23.670000000000016,49.0,1011.0,,7.7,39.0,67.93700917629039,5.22865372706082,,154.96092750466477,1.5100180346144372,,,,,,,,,,,,,,,,
299,2025-05-16 00:59:47.784206,40.6689727,1.5240176,3.980151653289795,86.93342515206086,23.670000000000016,49.0,1011.0,,8.0,37.0,63.419029580238124,5.383545305106547,,150.35245473229898,1.7809669723119614,,,,,,,,,,,,,,,,
300,2025-05-16 00:59:52.787085,40.6688422,1.5238397,4.776710033416748,87.23954740047166,23.670000000000016,49.0,1011.0,,8.0,42.0,77.68675815016361,5.479083977920991,,164.92630555063528,1.0186629794804558,,,,,,,,,,,,,,,,
301,2025-05-16 00:59:57.783977,40.6686961,1.5236161,4.381558895111084,86.64617471632681,23.670000000000016,49.0,1011.0,,7.9,44.0,76.66080711796401,5.639960024590897,,163.3069818342908,1.010893031153773,,,,,,,,,,,,,,,,
302,2025-05-16 01:00:02.784249,40.6686961,1.5236161,4.381558895111084,86.64617471632681,23.670000000000016,49.0,1011.0,,8.2,42.0,72.66898623154677,5.74782394444511,,159.31516094787358,1.3052297441049143,,,,,,,,,,,,,,,,
303,2025-05-16 01:00:07.784241,40.6685313,1.5233985,4.181333541870117,86.13465501919538,23.670000000000016,49.0,1011.0,,7.4,41.0,73.87559228781392,5.0536423945958475,,160.0102473070093,1.1612563219477767,,,,,,,,,,,,,,,,
304,2025-05-16 01:00:12.784672,40.6682962,1.5231169,3.830517292022705,87.138522072458,23.670000000000016,49.0,1011.0,,7.1,39.0,69.31305686438381,4.776117031932543,,156.45157893684183,1.353174899858847,,,,,,,,,,,,,,,,
305,2025-05-16 01:00:17.783557,40.6682962,1.5231169,3.830517292022705,87.138522072458,23.670000000000016,49.0,1011.0,,8.0,39.0,64.63656270185737,5.571617900026917,,151.77508477431536,1.640834994403183,,,,,,,,,,,,,,,,
306,2025-05-16 01:00:22.783432,40.668149,1.5229171,4.178499221801758,86.39884673629147,23.670000000000016,49.0,1011.0,,7.5,38.0,69.44359000915418,4.931462352674034,,155.84243674544564,1.4671939358630717,,,,,,,,,,,,,,,,
307,2025-05-16 01:00:27.783573,40.6680151,1.5227486,4.169976711273193,86.66210954766045,23.670000000000016,49.0,1011.0,,8.0,40.0,69.15131137620783,5.502590841672557,,155.81342092386828,1.4840998292011847,,,,,,,,,,,,,,,,
308,2025-05-16 01:00:32.783801,40.6678016,1.5224474,4.040566444396973,86.77926778249368,23.670000000000016,49.0,1011.0,,8.4,40.0,66.08656301714652,5.90643029804189,,152.8658307996402,1.637867795477095,,,,,,,,,,,,,,,,
309,2025-05-16 01:00:37.784119,40.6676948,1.5222591,4.0798115730285645,86.7235266086772,23.670000000000016,49.0,1011.0,,8.1,42.0,70.30903672097884,5.756581498496357,,157.03256332965606,1.3746793113139868,,,,,,,,,,,,,,,,
310,2025-05-16 01:00:42.786571,40.6676948,1.5222591,4.0798115730285645,86.7235266086772,23.670000000000016,49.0,1011.0,,8.2,44.0,72.291912997746,5.9795167577895585,,159.0154396064232,1.2409461728293665,,,,,,,,,,,,,,,,
311,2025-05-16 01:00:47.783779,40.6675532,1.5220516,3.5915844440460205,87.00537436477778,23.670000000000016,49.0,1011.0,,7.4,42.0,68.92985054990486,5.3063435032813695,,155.93522491468264,1.2912130356804425,,,,,,,,,,,,,,,,
312,2025-05-16 01:00:52.783853,40.6674367,1.521895,3.9679555892944336,86.73877159090466,23.670000000000016,49.0,1011.0,,7.6,46.0,76.51048778967119,5.6220808772354225,,163.24925938057584,0.9255945688501546,,,,,,,,,,,,,,,,
313,2025-05-16 01:00:57.783771,40.6672023,1.5215417,4.440019607543945,87.3787534859457,23.670000000000016,49.0,1011.0,,8.2,43.0,74.44127292596572,5.8051087674095925,,161.8200264119114,1.190928425044787,,,,,,,,,,,,,,,,
314,2025-05-16 01:01:02.784019,40.6670516,1.5213506,4.519700050354004,86.6320976964474,23.670000000000016,49.0,1011.0,,7.7,40.0,74.43300820388724,5.13793786259049,,161.06510590033463,1.2129288352958898,,,,,,,,,,,,,,,,
315,2025-05-16 01:01:07.783925,40.6670516,1.5213506,4.519700050354004,86.6320976964474,23.670000000000016,49.0,1011.0,,7.8,41.0,75.04316466743477,5.29671011784636,,161.67526236388215,1.166495155237837,,,,,,,,,,,,,,,,
316,2025-05-16 01:01:12.783815,40.666764,1.5209711,3.6546313762664795,86.89487556438532,23.670000000000016,49.0,1011.0,,7.6,39.0,64.78973580304601,5.28635638916486,,151.68461136743133,1.556658728503213,,,,,,,,,,,,,,,,
317,2025-05-16 01:01:17.783976,40.666764,1.5209711,3.6546313762664795,86.89487556438532,23.670000000000016,49.0,1011.0,,8.1,40.0,63.90309228776961,5.7976415520372395,,150.79796785215493,1.6076383621154962,,,,,,,,,,,,,,,,
318,2025-05-16 01:01:22.783664,40.6666288,1.5208013,4.614108085632324,86.80776333171097,23.670000000000016,49.0,1011.0,,8.1,43.0,76.66076885551621,5.677355367660866,,163.4685321872272,1.0645487045119573,,,,,,,,,,,,,,,,
319,2025-05-16 01:01:27.783805,40.6665012,1.5206155,4.182088851928711,86.75051268608792,23.670000000000016,49.0,1011.0,,8.3,46.0,75.14533020365522,6.176959196667927,,161.89584288974314,1.072154396326441,,,,,,,,,,,,,,,,
320,2025-05-16 01:01:32.783909,40.6663866,1.5204148,4.249747276306152,87.11984150507801,23.670000000000016,49.0,1011.0,,7.5,39.0,71.5044760288801,4.97697125946697,,158.6243175339581,1.3481497551791577,,,,,,,,,,,,,,,,
321,2025-05-16 01:01:37.783838,40.6662742,1.5202329,3.931367874145508,86.89541514932974,23.670000000000016,49.0,1011.0,,7.7,39.0,67.04259331533271,5.262590113185516,,153.93800846466246,1.5334171569148893,,,,,,,,,,,,,,,,
322,2025-05-16 01:01:42.783823,40.6661621,1.5200529,4.089156150817871,86.73463249626764,23.670000000000016,49.0,1011.0,,7.2,33.0,63.5686914083752,4.3791605703909475,,150.30332390464284,1.8201838476475873,,,,,,,,,,,,,,,,
323,2025-05-16 01:01:47.783941,40.6660298,1.5198623,4.338540077209473,86.50740576295966,23.670000000000016,49.0,1011.0,,7.7,32.0,61.761290546449025,4.631614616079876,,148.26869630940868,2.0527631962886255,,,,,,,,,,,,,,,,
324,2025-05-16 01:01:52.783837,40.6659058,1.5196872,4.260161876678467,86.79675989695808,23.670000000000016,49.0,1011.0,,7.4,30.0,59.8581626275554,4.278520159567907,,146.6549225245135,2.139207640255118,,,,,,,,,,,,,,,,
325,2025-05-16 01:01:57.783476,40.6657985,1.5195037,4.259753704071045,87.34869382340847,23.670000000000016,49.0,1011.0,,7.2,29.0,59.72754924584806,4.041773408359593,,147.07624306925652,2.1473947624361616,,,,,,,,,,,,,,,,
326,2025-05-16 01:02:02.783853,40.6656789,1.5193218,4.180123805999756,86.43740998434536,23.670000000000016,49.0,1011.0,,7.3,28.0,56.53468577477867,4.108200743516933,,142.97209575912404,2.3050543047791257,,,,,,,,,,,,,,,,
327,2025-05-16 01:02:07.787028,40.6654402,1.519011,4.250126838684082,86.8696858267263,23.670000000000016,49.0,1011.0,,7.5,29.0,57.57754535131841,4.307540804284433,,144.44723117804472,2.278738027855206,,,,,,,,,,,,,,,,
328,2025-05-16 01:02:12.784096,40.6654402,1.519011,4.250126838684082,86.8696858267263,23.670000000000016,49.0,1011.0,,8.0,27.0,51.60680361130154,4.633932053296978,,138.47648943802784,2.6395613163036074,,,,,,,,,,,,,,,,
329,2025-05-16 01:02:17.784202,40.6652814,1.5187896,4.090531826019287,86.56986101273026,23.670000000000016,49.0,1011.0,,8.0,30.0,54.64743008802653,4.904322481090888,,141.2172911007568,2.366807084087383,,,,,,,,,,,,,,,,
330,2025-05-16 01:02:22.783825,40.6651489,1.5186194,4.319311618804932,86.37948998018366,23.670000000000016,49.0,1011.0,,8.2,27.0,51.258037171913266,4.772890278403131,,137.63752715209694,2.70308597358062,,,,,,,,,,,,,,,,
331,2025-05-16 01:02:27.783789,40.6650132,1.5184496,3.872424602508545,86.75838789420095,23.670000000000016,49.0,1011.0,,8.1,26.0,46.17725935622686,4.921521617039232,,132.93564725042782,2.6813813617646938,,,,,,,,,,,,,,,,
332,2025-05-16 01:02:32.783457,40.6649035,1.5182813,4.158923625946045,86.82434020082658,23.670000000000016,49.0,1011.0,,7.7,32.0,59.83977056940564,4.719253105691825,,146.6641107702322,2.08952602840685,,,,,,,,,,,,,,,,
333,2025-05-16 01:02:37.783907,40.6647795,1.518109,4.100134372711182,86.8998889232361,23.670000000000016,49.0,1011.0,,8.1,31.0,55.72713301137243,5.048384280873285,,142.62702193460854,2.3089282611337874,,,,,,,,,,,,,,,,
334,2025-05-16 01:02:42.783904,40.6646626,1.517917,4.298872947692871,87.0177370071755,23.670000000000016,49.0,1011.0,,8.0,30.0,56.681778340283614,4.786792008736759,,143.6995153474591,2.361321904464171,,,,,,,,,,,,,,,,
335,2025-05-16 01:02:47.784761,40.6645431,1.5177135,3.881378173828125,86.78071578259771,23.670000000000016,49.0,1011.0,,8.3,31.0,52.89921169658098,5.359762589955005,,139.67992747917867,2.3413209101916745,,,,,,,,,,,,,,,,
336,2025-05-16 01:02:52.783739,40.6644243,1.5175345,4.039471626281738,86.72227668405908,23.670000000000016,49.0,1011.0,,8.5,28.0,49.027105416900994,5.285302383887748,,135.74938210096008,2.648689295118475,,,,,,,,,,,,,,,,
337,2025-05-16 01:02:57.783890,40.6642096,1.5171699,4.160670757293701,86.64775932021425,23.670000000000016,49.0,1011.0,,8.7,33.0,56.50410867344708,5.681994587103134,,143.1518679936613,2.296179269578922,,,,,,,,,,,,,,,,
338,2025-05-16 01:03:02.786478,40.6640746,1.5169886,4.5938286781311035,86.8118341244563,23.670000000000016,49.0,1011.0,,8.1,33.0,63.50132963850344,4.929439890920498,,150.31316376295973,2.049660903158769,,,,,,,,,,,,,,,,
339,2025-05-16 01:03:07.786415,40.6640746,1.5169886,4.5938286781311035,86.8118341244563,23.670000000000016,49.0,1011.0,,7.9,30.0,60.357691127054906,4.544774913774982,,147.1695252515112,2.2720332085652264,,,,,,,,,,,,,,,,
340,2025-05-16 01:03:12.784339,40.6638852,1.5167856,4.346381187438965,86.70778985282949,23.670000000000016,49.0,1011.0,,8.0,30.0,57.159556688191785,4.76086179812822,,143.86734654102128,2.357048625253494,,,,,,,,,,,,,,,,
341,2025-05-16 01:03:17.783685,40.6637393,1.5166313,4.369713306427002,87.05248217948335,23.670000000000016,49.0,1011.0,,7.6,28.0,56.73410388919373,4.267239286750436,,143.78658606867708,2.3968979842264915,,,,,,,,,,,,,,,,
342,2025-05-16 01:03:22.783807,40.663612,1.5164521,4.300157070159912,86.78118023546128,23.670000000000016,49.0,1011.0,,8.3,28.0,52.14693590853019,4.9350024805901205,,138.92811614399147,2.6387423097514557,,,,,,,,,,,,,,,,
343,2025-05-16 01:03:27.783814,40.6633724,1.5161021,3.783081531524658,87.16668294240597,23.670000000000016,49.0,1011.0,,8.5,29.0,48.458396975871125,5.505708458862632,,135.6250799182771,2.508802336543657,,,,,,,,,,,,,,,,
344,2025-05-16 01:03:32.784232,40.6633724,1.5161021,3.783081531524658,87.16668294240597,23.670000000000016,49.0,1011.0,,8.3,36.0,58.99663195135605,5.691759264264966,,146.16331489376202,1.9486216452230443,,,,,,,,,,,,,,,,
345,2025-05-16 01:03:37.783782,40.6632169,1.5158913,3.989603281021118,87.03703229158079,23.670000000000016,49.0,1011.0,,8.0,32.0,56.60525190448361,5.077689126926169,,143.6422841960644,2.1958944544386587,,,,,,,,,,,,,,,,
346,2025-05-16 01:03:42.784036,40.6630697,1.5157114,4.279338359832764,86.3817371124206,23.670000000000016,49.0,1011.0,,8.3,29.0,53.477361777415204,5.007230970474875,,139.8590988898358,2.5468069438748344,,,,,,,,,,,,,,,,
347,2025-05-16 01:03:47.784499,40.6629196,1.5155241,4.2005486488342285,86.98097692906249,23.670000000000016,49.0,1011.0,,8.4,29.0,52.311030296970785,5.146200616268052,,139.29200722603326,2.5681091971369123,,,,,,,,,,,,,,,,
348,2025-05-16 01:03:52.783843,40.6628021,1.5153507,3.880795478820801,86.98629081623676,23.670000000000016,49.0,1011.0,,8.2,32.0,54.73050371778642,5.322265831701593,,141.71679453402317,2.2408607182102838,,,,,,,,,,,,,,,,
349,2025-05-16 01:03:57.784259,40.6626873,1.5151725,4.099329948425293,86.50640172515166,23.670000000000016,49.0,1011.0,,8.2,29.0,52.30015056679449,5.024409216925008,,138.80655229194616,2.5068425865836965,,,,,,,,,,,,,,,,
350,2025-05-16 01:04:02.784254,40.6625683,1.5149947,4.229571342468262,86.7640228002662,23.670000000000016,49.0,1011.0,,8.3,28.0,51.505521250062614,4.9786285731228315,,138.26954405032882,2.6326510809997528,,,,,,,,,,,,,,,,
351,2025-05-16 01:04:07.783873,40.6623579,1.5146589,3.9516842365264893,87.10091505088792,23.670000000000016,49.0,1011.0,,8.6,30.0,50.887010160803186,5.541926975003272,,137.9879252116911,2.4929268486529277,,,,,,,,,,,,,,,,
352,2025-05-16 01:04:12.783833,40.6623579,1.5146589,3.9516842365264893,87.10091505088792,23.670000000000016,49.0,1011.0,,8.5,32.0,54.132187448300975,5.5583358406497805,,141.2331024991889,2.3153597691145618,,,,,,,,,,,,,,,,
353,2025-05-16 01:04:17.783869,40.6621264,1.5142799,4.001222133636475,86.76853755530759,23.670000000000016,49.0,1011.0,,8.5,33.0,55.958453891143385,5.586837700768339,,142.72699144645097,2.2398597635232163,,,,,,,,,,,,,,,,
354,2025-05-16 01:04:22.784178,40.6621264,1.5142799,4.001222133636475,86.76853755530759,23.670000000000016,49.0,1011.0,,8.2,34.0,58.61860246957515,5.371061106518638,,145.38714002488274,2.0835663180387503,,,,,,,,,,,,,,,,
355,2025-05-16 01:04:27.783821,40.6618567,1.5139358,3.951120138168335,86.81981861559603,23.670000000000016,49.0,1011.0,,8.1,34.0,58.60655779878354,5.30624086949213,,145.42637641437958,2.0581856370555807,,,,,,,,,,,,,,,,
356,2025-05-16 01:04:32.786550,40.66173,1.5137749,4.378522872924805,86.5513990114037,23.670000000000016,49.0,1011.0,,7.8,33.0,63.01553361590766,4.767190537517755,,149.56693262731136,1.9867500240653995,,,,,,,,,,,,,,,,
357,2025-05-16 01:04:37.783801,40.66173,1.5137749,4.378522872924805,86.5513990114037,23.670000000000016,49.0,1011.0,,8.1,33.0,61.3055829286074,5.02919701962849,,147.8569819400111,2.102295327316115,,,,,,,,,,,,,,,,
358,2025-05-16 01:04:42.783827,40.661567,1.5135664,4.1903839111328125,87.08599791774061,23.670000000000016,49.0,1011.0,,7.8,31.0,58.151695262460635,4.729302305087386,,145.23769318020123,2.2111488159592234,,,,,,,,,,,,,,,,
359,2025-05-16 01:04:47.784019,40.661455,1.5133784,4.13014554977417,86.59160833504757,23.670000000000016,49.0,1011.0,,8.1,31.0,56.00954166644974,5.031545063032801,,142.6011500014973,2.3089778313885874,,,,,,,,,,,,,,,,
360,2025-05-16 01:04:52.784620,40.6613429,1.5131911,4.020287036895752,86.77897408435936,23.670000000000016,49.0,1011.0,,8.1,30.0,53.52124757239951,5.036828610031198,,140.30022165675888,2.3901597173851443,,,,,,,,,,,,,,,,
361,2025-05-16 01:04:57.784244,40.661145,1.5128126,4.496448993682861,87.04959983965361,23.670000000000016,49.0,1011.0,,8.3,33.0,59.690724725789686,5.236223090492277,,146.6439984075786,2.179363057463103,,,,,,,,,,,,,,,,
362,2025-05-16 01:05:02.783503,40.6610346,1.5125922,4.186188220977783,87.07368308666707,23.670000000000016,49.0,1011.0,,7.8,32.0,59.5633745817156,4.794036314692615,,146.63705766838268,2.12066019709104,,,,,,,,,,,,,,,,
363,2025-05-16 01:05:07.783704,40.6609104,1.5124297,4.298303604125977,86.53800501044131,23.670000000000016,49.0,1011.0,,8.2,33.0,59.99686714241423,5.15710170399087,,146.53487215285554,2.1493553369615044,,,,,,,,,,,,,,,,
364,2025-05-16 01:05:12.784652,40.6609104,1.5124297,4.298303604125977,86.53800501044131,23.670000000000016,49.0,1011.0,,8.5,34.0,59.96123686398235,5.490598848037087,,146.49924187442366,2.151669705859,,,,,,,,,,,,,,,,
365,2025-05-16 01:05:17.785577,40.6609104,1.5124297,4.298303604125977,86.53800501044131,23.670000000000016,49.0,1011.0,,8.2,32.0,58.5684522433602,5.092607935730808,,145.10645725380152,2.241477336151251,,,,,,,,,,,,,,,,
366,2025-05-16 01:05:22.783920,40.6609104,1.5124297,4.298303604125977,86.53800501044131,23.670000000000016,49.0,1011.0,,8.2,31.0,57.11640453785607,5.029097631475694,,143.6544095482974,2.3336953127469466,,,,,,,,,,,,,,,,
367,2025-05-16 01:05:27.786015,40.6609104,1.5124297,4.298303604125977,86.53800501044131,23.670000000000016,49.0,1011.0,,8.2,32.0,58.5684522433602,5.092607935730808,,145.10645725380152,2.241477336151251,,,,,,,,,,,,,,,,
368,2025-05-16 01:05:32.784799,40.6609104,1.5124297,4.298303604125977,86.53800501044131,23.670000000000016,49.0,1011.0,,7.8,34.0,63.56817577013127,4.870884208289399,,150.10618078057257,1.9133151558472825,,,,,,,,,,,,,,,,
369,2025-05-16 01:05:37.785613,40.6609104,1.5124297,4.298303604125977,86.53800501044131,23.670000000000016,49.0,1011.0,,7.7,33.0,62.75484045328748,4.717049788817131,,149.29284546372878,1.9677582649846384,,,,,,,,,,,,,,,,
370,2025-05-16 01:05:42.784137,40.6609104,1.5124297,4.298303604125977,86.53800501044131,23.670000000000016,49.0,1011.0,,8.4,36.0,63.16875088370727,5.5330898004216005,,149.70675589414859,1.9401007539758548,,,,,,,,,,,,,,,,
371,2025-05-16 01:05:47.784466,40.6609104,1.5124297,4.298303604125977,86.53800501044131,23.670000000000016,49.0,1011.0,,8.2,32.0,58.5684522433602,5.092607935730808,,145.10645725380152,2.241477336151251,,,,,,,,,,,,,,,,
372,2025-05-16 01:05:52.783729,40.6609104,1.5124297,4.298303604125977,86.53800501044131,23.670000000000016,49.0,1011.0,,7.8,32.0,60.732349368332294,4.738226475973207,,147.27035437877362,2.1013976527002094,,,,,,,,,,,,,,,,
373,2025-05-16 01:05:57.784480,40.6609104,1.5124297,4.298303604125977,86.53800501044131,23.670000000000016,49.0,1011.0,,7.5,27.0,54.999000158843096,4.156701283465418,,141.5370051692844,2.465467105890617,,,,,,,,,,,,,,,,
374,2025-05-16 01:06:02.784410,40.6609104,1.5124297,4.298303604125977,86.53800501044131,23.670000000000016,49.0,1011.0,,7.8,28.0,54.74240440900874,4.484490547571734,,141.28040941945005,2.4812105655510317,,,,,,,,,,,,,,,,
375,2025-05-16 01:06:07.783895,40.6609104,1.5124297,4.298303604125977,86.53800501044131,23.670000000000016,49.0,1011.0,,7.5,31.0,61.12184374398711,4.411341565106923,,147.65984875442842,2.075859628234628,,,,,,,,,,,,,,,,
376,2025-05-16 01:06:12.786120,40.6609104,1.5124297,4.298303604125977,86.53800501044131,23.670000000000016,49.0,1011.0,,7.9,30.0,57.22362143145905,4.69796339561003,,143.76162644190038,2.326936612649675,,,,,,,,,,,,,,,,
377,2025-05-16 01:06:17.785733,40.6609104,1.5124297,4.298303604125977,86.53800501044131,23.670000000000016,49.0,1011.0,,7.7,30.0,58.383202283025625,4.521043697226586,,144.92120729346692,2.2533237211381314,,,,,,,,,,,,,,,,
378,2025-05-16 01:06:22.785806,40.6609104,1.5124297,4.298303604125977,86.53800501044131,23.670000000000016,49.0,1011.0,,7.9,27.0,52.61469666719567,4.513791346151056,,139.15270167763697,2.6098098032665513,,,,,,,,,,,,,,,,
379,2025-05-16 01:06:27.785066,40.6609104,1.5124297,4.298303604125977,86.53800501044131,23.670000000000016,49.0,1011.0,,7.7,29.0,56.87056357473187,4.45768391274152,,143.40856858517319,2.349161657803878,,,,,,,,,,,,,,,,
380,2025-05-16 01:06:32.783340,40.6609104,1.5124297,4.298303604125977,86.53800501044131,23.670000000000016,49.0,1011.0,,7.7,29.0,56.87056357473187,4.45768391274152,,143.40856858517319,2.349161657803878,,,,,,,,,,,,,,,,
381,2025-05-16 01:06:37.785444,40.6609104,1.5124297,4.298303604125977,86.53800501044131,23.670000000000016,49.0,1011.0,,7.9,31.0,58.705671242432636,4.76155879578133,,145.24367625287394,2.232687327090558,,,,,,,,,,,,,,,,
382,2025-05-16 01:06:42.785049,40.6609104,1.5124297,4.298303604125977,86.53800501044131,23.670000000000016,49.0,1011.0,,7.6,26.0,52.75972236154139,4.184902699813609,,139.29772737198272,2.601156715163303,,,,,,,,,,,,,,,,
383,2025-05-16 01:06:47.784190,40.6609104,1.5124297,4.298303604125977,86.53800501044131,23.670000000000016,49.0,1011.0,,7.9,28.0,54.178733984875024,4.574015752829482,,140.71673899531635,2.515619453801576,,,,,,,,,,,,,,,,
384,2025-05-16 01:06:52.785399,40.6609104,1.5124297,4.298303604125977,86.53800501044131,23.670000000000016,49.0,1011.0,,8.1,28.0,53.11533078086733,4.754319023674819,,139.65333579130865,2.5798686021831414,,,,,,,,,,,,,,,,
385,2025-05-16 01:06:57.784408,40.6609104,1.5124297,4.298303604125977,86.53800501044131,23.670000000000016,49.0,1011.0,,8.6,30.0,53.779262667291455,5.33005102287022,,140.31726767773276,2.5398576959379513,,,,,,,,,,,,,,,,
386,2025-05-16 01:07:02.785450,40.6609104,1.5124297,4.298303604125977,86.53800501044131,23.670000000000016,49.0,1011.0,,8.3,30.0,55.14992658319876,5.056966281775139,,141.6879315936401,2.4561838825457674,,,,,,,,,,,,,,,,
387,2025-05-16 01:07:07.784576,40.6609104,1.5124297,4.298303604125977,86.53800501044131,23.670000000000016,49.0,1011.0,,8.0,33.0,61.04151916930488,4.979723112308075,,147.5795241797462,2.08113416991729,,,,,,,,,,,,,,,,
388,2025-05-16 01:07:12.784625,40.6609104,1.5124297,4.298303604125977,86.53800501044131,23.670000000000016,49.0,1011.0,,7.6,31.0,60.482599860468845,4.498117533418911,,147.02060487091015,2.117721984892911,,,,,,,,,,,,,,,,
389,2025-05-16 01:07:17.785418,40.6609104,1.5124297,4.298303604125977,86.53800501044131,23.670000000000016,49.0,1011.0,,7.6,28.0,55.939752592141105,4.30682321433283,,142.47775760258241,2.4073265717331824,,,,,,,,,,,,,,,,
390,2025-05-16 01:07:22.784607,40.6609104,1.5124297,4.298303604125977,86.53800501044131,23.670000000000016,49.0,1011.0,,7.5,32.0,62.57811111383621,4.477487135718234,,149.1161161242775,1.9795361258354363,,,,,,,,,,,,,,,,
391,2025-05-16 01:07:27.786234,40.6609104,1.5124297,4.298303604125977,86.53800501044131,23.670000000000016,49.0,1011.0,,7.6,26.0,52.75972236154139,4.184902699813609,,139.29772737198272,2.601156715163303,,,,,,,,,,,,,,,,
392,2025-05-16 01:07:32.785422,40.6609104,1.5124297,4.298303604125977,86.53800501044131,23.670000000000016,49.0,1011.0,,7.9,31.0,58.705671242432636,4.76155879578133,,145.24367625287394,2.232687327090558,,,,,,,,,,,,,,,,
393,2025-05-16 01:07:37.784278,40.6609104,1.5124297,4.298303604125977,86.53800501044131,23.670000000000016,49.0,1011.0,,8.4,29.0,53.18235128658578,5.087023924722875,,139.72035629702708,2.575845337456553,,,,,,,,,,,,,,,,
394,2025-05-16 01:07:42.784092,40.6609104,1.5124297,4.298303604125977,86.53800501044131,23.670000000000016,49.0,1011.0,,8.0,34.0,62.44744591743,5.045803295426346,,148.9854509278713,1.98823200745947,,,,,,,,,,,,,,,,
395,2025-05-16 01:07:47.786456,40.6609104,1.5124297,4.298303604125977,86.53800501044131,23.670000000000016,49.0,1011.0,,8.0,30.0,56.676084050656115,4.787104766309324,,143.2140890610974,2.361366127001046,,,,,,,,,,,,,,,,
396,2025-05-16 01:07:52.784171,40.6609104,1.5124297,4.298303604125977,86.53800501044131,23.670000000000016,49.0,1011.0,,8.0,32.0,59.611394144060725,4.91454197889701,,146.14939915450202,2.1743494466205853,,,,,,,,,,,,,,,,
397,2025-05-16 01:07:57.785417,40.6609104,1.5124297,4.298303604125977,86.53800501044131,23.670000000000016,49.0,1011.0,,8.3,29.0,53.65215068276268,4.995967235540112,,140.190155693204,2.5475444801846687,,,,,,,,,,,,,,,,
398,2025-05-16 01:08:02.786131,40.6609104,1.5124297,4.298303604125977,86.53800501044131,23.670000000000016,49.0,1011.0,,7.8,33.0,62.1629358232359,4.804121830803721,,148.7009408336772,2.007130568369286,,,,,,,,,,,,,,,,
399,2025-05-16 01:08:07.783995,40.6609104,1.5124297,4.298303604125977,86.53800501044131,23.670000000000016,49.0,1011.0,,8.2,35.0,62.78495408306799,5.288818511805069,,149.3229590935093,1.9657495175466926,,,,,,,,,,,,,,,,
400,2025-05-16 01:08:12.785418,40.6609104,1.5124297,4.298303604125977,86.53800501044131,23.670000000000016,49.0,1011.0,,8.4,33.0,59.02198665546173,5.336080368150002,,145.55999166590306,2.2123760140804962,,,,,,,,,,,,,,,,
401,2025-05-16 01:08:17.785076,40.6609104,1.5124297,4.298303604125977,86.53800501044131,23.670000000000016,49.0,1011.0,,9.1,33.0,56.07483938666882,5.973018389435277,,142.61284439711014,2.3989242605475303,,,,,,,,,,,,,,,,
402,2025-05-16 01:08:22.784176,40.6609104,1.5124297,4.298303604125977,86.53800501044131,23.670000000000016,49.0,1011.0,,8.9,35.0,59.623690205281754,5.917115124179995,,146.16169521572306,2.1735536823379493,,,,,,,,,,,,,,,,
403,2025-05-16 01:08:27.785737,40.6609104,1.5124297,4.298303604125977,86.53800501044131,23.670000000000016,49.0,1011.0,,9.1,35.0,58.8408908210314,6.099497169364194,,145.3788958314727,2.224012869777584,,,,,,,,,,,,,,,,
404,2025-05-16 01:08:32.785791,40.6609104,1.5124297,4.298303604125977,86.53800501044131,23.670000000000016,49.0,1011.0,,8.9,34.0,58.24681106496412,5.8528549923273205,,144.78481607540544,2.26203063293542,,,,,,,,,,,,,,,,
405,2025-05-16 01:08:37.784596,40.6609104,1.5124297,4.298303604125977,86.53800501044131,23.670000000000016,49.0,1011.0,,8.8,33.0,57.25719051307599,5.698233508330149,,143.7951955235173,2.324818820830083,,,,,,,,,,,,,,,,
406,2025-05-16 01:08:42.784621,40.6609104,1.5124297,4.298303604125977,86.53800501044131,23.670000000000016,49.0,1011.0,,8.3,32.0,58.07394008910665,5.182241016146601,,144.61194509954797,2.2730479057150674,,,,,,,,,,,,,,,,
407,2025-05-16 01:08:47.786259,40.6609104,1.5124297,4.298303604125977,86.53800501044131,23.670000000000016,49.0,1011.0,,9.0,31.0,53.61014936517472,5.758197505313579,,140.14815437561603,2.5500816522408267,,,,,,,,,,,,,,,,
408,2025-05-16 01:08:52.784538,40.6609104,1.5124297,4.298303604125977,86.53800501044131,23.670000000000016,49.0,1011.0,,8.5,32.0,57.13468124882864,5.362607078106655,,143.67268625926994,2.332543769124201,,,,,,,,,,,,,,,,
409,2025-05-16 01:08:57.784071,40.6609104,1.5124297,4.298303604125977,86.53800501044131,23.670000000000016,49.0,1011.0,,8.8,32.0,55.83908892086125,5.6356413797589004,,142.37709393130257,2.413579088195163,,,,,,,,,,,,,,,,
410,2025-05-16 01:09:02.785287,40.6609104,1.5124297,4.298303604125977,86.53800501044131,23.670000000000016,49.0,1011.0,,8.9,35.0,59.623690205281754,5.917115124179995,,146.16169521572306,2.1735536823379493,,,,,,,,,,,,,,,,
411,2025-05-16 01:09:07.788988,40.6609104,1.5124297,4.298303604125977,86.53800501044131,23.670000000000016,49.0,1011.0,,9.5,36.0,58.75804150211578,6.531064329919231,,145.2960465125571,2.2293292007410397,,,,,,,,,,,,,,,,
412,2025-05-16 01:09:12.784658,40.6609104,1.5124297,4.298303604125977,86.53800501044131,23.670000000000016,49.0,1011.0,,8.6,36.0,62.252636360128555,5.7117530123807985,,148.79064137056986,2.0011775371557685,,,,,,,,,,,,,,,,
413,2025-05-16 01:09:17.786240,40.6609104,1.5124297,4.298303604125977,86.53800501044131,23.670000000000016,49.0,1011.0,,9.0,38.0,63.242391432000844,6.205436612481185,,149.78039644244217,1.9351694389182272,,,,,,,,,,,,,,,,
414,2025-05-16 01:09:22.785415,40.6609104,1.5124297,4.298303604125977,86.53800501044131,23.670000000000016,49.0,1011.0,,8.6,39.0,66.21678126924196,5.914420862245795,,152.7547862796833,1.7334082633412373,,,,,,,,,,,,,,,,
415,2025-05-16 01:09:27.784579,40.6609104,1.5124297,4.298303604125977,86.53800501044131,23.670000000000016,49.0,1011.0,,8.3,34.0,60.905719415748415,5.311502403698399,,147.44372442618973,2.0900422003766925,,,,,,,,,,,,,,,,
416,2025-05-16 01:09:32.786252,40.6609104,1.5124297,4.298303604125977,86.53800501044131,23.670000000000016,49.0,1011.0,,8.8,34.0,58.65518440535682,5.761822853787218,,145.19318941579814,2.2359229172931885,,,,,,,,,,,,,,,,
417,2025-05-16 01:09:37.783636,40.6609104,1.5124297,4.298303604125977,86.53800501044131,23.670000000000016,49.0,1011.0,,8.6,37.0,63.593187545833615,5.778549484452908,,150.13119255627493,1.911634748644741,,,,,,,,,,,,,,,,
418,2025-05-16 01:09:42.785208,40.6609104,1.5124297,4.298303604125977,86.53800501044131,23.670000000000016,49.0,1011.0,,8.3,35.0,62.288272436260925,5.3774909031957545,,148.82627744670225,1.9988111648900377,,,,,,,,,,,,,,,,
419,2025-05-16 01:09:47.786392,40.6609104,1.5124297,4.298303604125977,86.53800501044131,23.670000000000016,49.0,1011.0,,8.3,35.0,62.288272436260925,5.3774909031957545,,148.82627744670225,1.9988111648900377,,,,,,,,,,,,,,,,
420,2025-05-16 01:09:52.784230,40.6609104,1.5124297,4.298303604125977,86.53800501044131,23.670000000000016,49.0,1011.0,,7.6,33.0,63.36893953094893,4.630500065344409,,149.90694454139023,1.9266877248468317,,,,,,,,,,,,,,,,
421,2025-05-16 01:09:57.785036,40.6609104,1.5124297,4.298303604125977,86.53800501044131,23.670000000000016,49.0,1011.0,,8.1,31.0,57.62701702339826,4.939503623493337,,144.16502203383956,2.30143470004932,,,,,,,,,,,,,,,,
422,2025-05-16 01:10:02.783663,40.6609104,1.5124297,4.298303604125977,86.53800501044131,23.670000000000016,49.0,1011.0,,8.4,33.0,59.02198665546173,5.336080368150002,,145.55999166590306,2.2123760140804962,,,,,,,,,,,,,,,,
423,2025-05-16 01:10:07.784375,40.6609104,1.5124297,4.298303604125977,86.53800501044131,23.670000000000016,49.0,1011.0,,8.9,37.0,62.32089399461836,6.048302853655678,,148.85889900505967,1.9966442902755805,,,,,,,,,,,,,,,,
424,2025-05-16 01:10:12.784661,40.6609104,1.5124297,4.298303604125977,86.53800501044131,23.670000000000016,49.0,1011.0,,8.2,34.0,61.402184881218645,5.222523223663797,,147.94018989165994,2.0574190276145874,,,,,,,,,,,,,,,,
425,2025-05-16 01:10:17.784858,40.6609104,1.5124297,4.298303604125977,86.53800501044131,23.670000000000016,49.0,1011.0,,8.0,33.0,61.04151916930488,4.979723112308075,,147.5795241797462,2.08113416991729,,,,,,,,,,,,,,,,
426,2025-05-16 01:10:22.784043,40.6609104,1.5124297,4.298303604125977,86.53800501044131,23.670000000000016,49.0,1011.0,,8.3,31.0,56.623704409960986,5.119077058154633,,143.1617094204023,2.3646485415634526,,,,,,,,,,,,,,,,
427,2025-05-16 01:10:27.786226,40.6609104,1.5124297,4.298303604125977,86.53800501044131,23.670000000000016,49.0,1011.0,,8.9,33.0,56.85060953692289,5.7895503254123,,143.3886145473642,2.350415112277119,,,,,,,,,,,,,,,,
428,2025-05-16 01:10:32.785438,40.6609104,1.5124297,4.298303604125977,86.53800501044131,23.670000000000016,49.0,1011.0,,8.7,33.0,57.67699306780065,5.607212967279854,,144.21499807824196,2.2982673403637044,,,,,,,,,,,,,,,,
429,2025-05-16 01:10:37.785056,40.6609104,1.5124297,4.298303604125977,86.53800501044131,23.670000000000016,49.0,1011.0,,9.4,32.0,53.593585703381564,6.189204467088899,,140.13159071382287,2.551081836061667,,,,,,,,,,,,,,,,
430,2025-05-16 01:10:42.785791,40.6609104,1.5124297,4.298303604125977,86.53800501044131,23.670000000000016,49.0,1011.0,,8.9,32.0,55.43475203652466,5.7272524061380885,,141.97275704696597,2.4386183829794357,,,,,,,,,,,,,,,,
431,2025-05-16 01:10:47.786195,40.6609104,1.5124297,4.298303604125977,86.53800501044131,23.670000000000016,49.0,1011.0,,9.3,32.0,53.93946813106484,6.096333781304094,,140.47747314150615,2.5301518634277502,,,,,,,,,,,,,,,,
432,2025-05-16 01:10:52.784560,40.6609104,1.5124297,4.298303604125977,86.53800501044131,23.670000000000016,49.0,1011.0,,9.0,35.0,59.2263499548071,6.008165989379848,,145.7643549652484,2.199217499776884,,,,,,,,,,,,,,,,
433,2025-05-16 01:10:57.784554,40.6609104,1.5124297,4.298303604125977,86.53800501044131,23.670000000000016,49.0,1011.0,,9.3,37.0,60.792072919440294,6.412156041189578,,147.3300779298816,2.097488025665965,,,,,,,,,,,,,,,,
434,2025-05-16 01:11:02.786244,40.6609104,1.5124297,4.298303604125977,86.53800501044131,23.670000000000016,49.0,1011.0,,9.4,35.0,57.75100574397771,6.375051937710398,,144.28901075441902,2.2935733860668193,,,,,,,,,,,,,,,,
435,2025-05-16 01:11:07.783428,40.6609104,1.5124297,4.298303604125977,86.53800501044131,23.670000000000016,49.0,1011.0,,8.8,37.0,62.73218366671069,5.958063694505395,,149.270188677152,1.969269240996457,,,,,,,,,,,,,,,,
436,2025-05-16 01:11:12.783425,40.6609104,1.5124297,4.298303604125977,86.53800501044131,23.670000000000016,49.0,1011.0,,8.3,37.0,64.98931464974167,5.511923518972533,,151.52731966018297,1.817268071554219,,,,,,,,,,,,,,,,
437,2025-05-16 01:11:17.784494,40.6609104,1.5124297,4.298303604125977,86.53800501044131,23.670000000000016,49.0,1011.0,,9.8,36.0,57.78140558106855,6.80869744399843,,144.31941059150986,2.291644290227189,,,,,,,,,,,,,,,,
438,2025-05-16 01:11:22.784626,40.6609104,1.5124297,4.298303604125977,86.53800501044131,23.670000000000016,49.0,1011.0,,9.2,36.0,59.821055051182825,6.2554969170463135,,146.35906006162412,2.1607671465647664,,,,,,,,,,,,,,,,
439,2025-05-16 01:11:27.785443,40.6609104,1.5124297,4.298303604125977,86.53800501044131,23.670000000000016,49.0,1011.0,,9.5,38.0,61.408020306122005,6.661106071006839,,147.94602531656332,2.057034653511475,,,,,,,,,,,,,,,,
440,2025-05-16 01:11:32.785393,40.6609104,1.5124297,4.298303604125977,86.53800501044131,23.670000000000016,49.0,1011.0,,9.5,41.0,65.26374302331604,6.862212952625664,,151.80174803375735,1.7985903155431238,,,,,,,,,,,,,,,,
441,2025-05-16 01:11:37.784596,40.6609104,1.5124297,4.298303604125977,86.53800501044131,23.670000000000016,49.0,1011.0,,8.6,36.0,62.252636360128555,5.7117530123807985,,148.79064137056986,2.0011775371557685,,,,,,,,,,,,,,,,
442,2025-05-16 01:11:42.784815,40.6609104,1.5124297,4.298303604125977,86.53800501044131,23.670000000000016,49.0,1011.0,,8.9,39.0,64.94516507615185,6.1827282459712585,,151.48317008659316,1.8202690355906868,,,,,,,,,,,,,,,,
443,2025-05-16 01:11:47.786250,40.6609104,1.5124297,4.298303604125977,86.53800501044131,23.670000000000016,49.0,1011.0,,8.7,38.0,64.47745614695383,5.935462006357435,,151.01546115739512,1.8519937348008564,,,,,,,,,,,,,,,,
444,2025-05-16 01:11:52.784529,40.6609104,1.5124297,4.298303604125977,86.53800501044131,23.670000000000016,49.0,1011.0,,9.1,38.0,62.85430743499824,6.296032215535305,,149.39231244543956,1.9611211968361597,,,,,,,,,,,,,,,,
445,2025-05-16 01:11:57.784553,40.6609104,1.5124297,4.298303604125977,86.53800501044131,23.670000000000016,49.0,1011.0,,8.9,39.0,64.94516507615185,6.1827282459712585,,151.48317008659316,1.8202690355906868,,,,,,,,,,,,,,,,
446,2025-05-16 01:12:02.786165,40.6609104,1.5124297,4.298303604125977,86.53800501044131,23.670000000000016,49.0,1011.0,,8.9,40.0,66.23091026718129,6.251040198029165,,152.7689152776226,1.7324382729301453,,,,,,,,,,,,,,,,
447,2025-05-16 01:12:07.784183,40.6609104,1.5124297,4.298303604125977,86.53800501044131,23.670000000000016,49.0,1011.0,,8.6,38.0,64.91441805315694,5.846121032049901,,151.45242306359825,1.8223583542462276,,,,,,,,,,,,,,,,
448,2025-05-16 01:12:12.784270,40.6609104,1.5124297,4.298303604125977,86.53800501044131,23.670000000000016,49.0,1011.0,,8.9,40.0,66.23091026718129,6.251040198029165,,152.7689152776226,1.7324382729301453,,,,,,,,,,,,,,,,
449,2025-05-16 01:12:17.785765,40.6609104,1.5124297,4.298303604125977,86.53800501044131,23.670000000000016,49.0,1011.0,,9.3,39.0,63.412914416254516,6.544753710712183,,149.95091942669583,1.9237381653997074,,,,,,,,,,,,,,,,
450,2025-05-16 01:12:22.785765,40.6609104,1.5124297,4.298303604125977,86.53800501044131,23.670000000000016,49.0,1011.0,,10.1,40.0,62.0908591672373,7.346634858185546,,148.62886417767862,2.0119104159854566,,,,,,,,,,,,,,,,
451,2025-05-16 01:12:27.786240,40.6609104,1.5124297,4.298303604125977,86.53800501044131,23.670000000000016,49.0,1011.0,,9.5,42.0,66.51832636276261,6.930687867754422,,153.05633137320393,1.7126836657132003,,,,,,,,,,,,,,,,
452,2025-05-16 01:12:32.786217,40.6609104,1.5124297,4.298303604125977,86.53800501044131,23.670000000000016,49.0,1011.0,,9.1,36.0,60.19646574022366,6.164148101053392,,146.73447075066497,2.1363750418761542,,,,,,,,,,,,,,,,
453,2025-05-16 01:12:37.785457,40.6609104,1.5124297,4.298303604125977,86.53800501044131,23.670000000000016,49.0,1011.0,,9.4,38.0,61.75450860211759,6.569456292697876,,148.2925136125589,2.034173678482152,,,,,,,,,,,,,,,,
454,2025-05-16 01:12:42.785434,40.6609104,1.5124297,4.298303604125977,86.53800501044131,23.670000000000016,49.0,1011.0,,9.5,39.0,62.70888111606854,6.727379684472693,,149.24688612650985,1.9708229616432145,,,,,,,,,,,,,,,,
455,2025-05-16 01:12:47.784578,40.6609104,1.5124297,4.298303604125977,86.53800501044131,23.670000000000016,49.0,1011.0,,8.8,39.0,65.356586104671,6.092964009490236,,151.8945911151123,1.7922619985770754,,,,,,,,,,,,,,,,
456,2025-05-16 01:12:52.786381,40.6609104,1.5124297,4.298303604125977,86.53800501044131,23.670000000000016,49.0,1011.0,,9.1,39.0,64.15724648046971,6.3631725458850985,,150.695251490911,1.8736425192077713,,,,,,,,,,,,,,,,
457,2025-05-16 01:12:57.785429,40.6609104,1.5124297,4.298303604125977,86.53800501044131,23.670000000000016,49.0,1011.0,,9.1,41.0,66.71290305824162,6.49962639958447,,153.25090806868292,1.6992855769367343,,,,,,,,,,,,,,,,
458,2025-05-16 01:13:02.785408,40.6609104,1.5124297,4.298303604125977,86.53800501044131,23.670000000000016,49.0,1011.0,,8.5,41.0,69.2142460632994,5.964721990559435,,155.7522510737407,1.5253584099053408,,,,,,,,,,,,,,,,
459,2025-05-16 01:13:07.784009,40.6609104,1.5124297,4.298303604125977,86.53800501044131,23.670000000000016,49.0,1011.0,,9.3,41.0,65.96865980727696,6.68038583995561,,152.50666481771827,1.7504251787523746,,,,,,,,,,,,,,,,
460,2025-05-16 01:13:12.786286,40.6609104,1.5124297,4.298303604125977,86.53800501044131,23.670000000000016,49.0,1011.0,,9.3,41.0,65.96865980727696,6.68038583995561,,152.50666481771827,1.7504251787523746,,,,,,,,,,,,,,,,
461,2025-05-16 01:13:17.787570,40.6609104,1.5124297,4.298303604125977,86.53800501044131,23.670000000000016,49.0,1011.0,,9.2,40.0,65.06587523360514,6.52149435351355,,151.60388024404645,1.8120614879559749,,,,,,,,,,,,,,,,
462,2025-05-16 01:13:22.784457,40.6609104,1.5124297,4.298303604125977,86.53800501044131,23.670000000000016,49.0,1011.0,,9.3,41.0,65.96865980727696,6.68038583995561,,152.50666481771827,1.7504251787523746,,,,,,,,,,,,,,,,
463,2025-05-16 01:13:27.785619,40.6609104,1.5124297,4.298303604125977,86.53800501044131,23.670000000000016,49.0,1011.0,,9.4,43.0,68.10536823885619,6.9091320108899295,,154.6433732492975,1.6028410622306855,,,,,,,,,,,,,,,,
464,2025-05-16 01:13:32.784623,40.6609104,1.5124297,4.298303604125977,86.53800501044131,23.670000000000016,49.0,1011.0,,9.8,43.0,66.76832319386895,7.27332392669648,,153.30632820431026,1.695465885520114,,,,,,,,,,,,,,,,
465,2025-05-16 01:13:37.784174,40.6609104,1.5124297,4.298303604125977,86.53800501044131,23.670000000000016,49.0,1011.0,,9.2,46.0,72.45331993321427,6.940873608519818,,158.99132494365557,1.2958642306373105,,,,,,,,,,,,,,,,
466,2025-05-16 01:13:42.785731,40.6609104,1.5124297,4.298303604125977,86.53800501044131,23.670000000000016,49.0,1011.0,,9.2,43.0,68.82796973248973,6.728561305697388,,155.36597474293103,1.5524157344408858,,,,,,,,,,,,,,,,
467,2025-05-16 01:13:47.784981,40.6609104,1.5124297,4.298303604125977,86.53800501044131,23.670000000000016,49.0,1011.0,,8.9,46.0,73.60075553048203,6.673622554196113,,160.13876054092333,1.2135349279454184,,,,,,,,,,,,,,,,
468,2025-05-16 01:13:52.784171,40.6609104,1.5124297,4.298303604125977,86.53800501044131,23.670000000000016,49.0,1011.0,,9.1,45.0,71.6333756610218,6.780049312406079,,158.1713806714631,1.3543793416439043,,,,,,,,,,,,,,,,
469,2025-05-16 01:13:57.784161,40.6609104,1.5124297,4.298303604125977,86.53800501044131,23.670000000000016,49.0,1011.0,,9.5,45.0,70.19428579945266,7.139858610490638,,156.73229080989398,1.4564017499172301,,,,,,,,,,,,,,,,
470,2025-05-16 01:14:02.785770,40.6609104,1.5124297,4.298303604125977,86.53800501044131,23.670000000000016,49.0,1011.0,,9.3,42.0,67.22292342661795,6.749232486211539,,153.76092843705925,1.6640741758203281,,,,,,,,,,,,,,,,
471,2025-05-16 01:14:07.784550,40.6609104,1.5124297,4.298303604125977,86.53800501044131,23.670000000000016,49.0,1011.0,,8.8,39.0,65.356586104671,6.092964009490236,,151.8945911151123,1.7922619985770754,,,,,,,,,,,,,,,,
472,2025-05-16 01:14:12.786239,40.6609104,1.5124297,4.298303604125977,86.53800501044131,23.670000000000016,49.0,1011.0,,9.0,44.0,70.81141197466496,6.619703804421949,,157.34941698510627,1.4127601642829468,,,,,,,,,,,,,,,,
473,2025-05-16 01:14:17.786226,40.6609104,1.5124297,4.298303604125977,86.53800501044131,23.670000000000016,49.0,1011.0,,8.8,46.0,74.00387060567726,6.5851657922448,,160.54187561611857,1.1844939146238755,,,,,,,,,,,,,,,,
474,2025-05-16 01:14:22.784992,40.6609104,1.5124297,4.298303604125977,86.53800501044131,23.670000000000016,49.0,1011.0,,9.1,44.0,70.42620768302307,6.709105028765093,,156.9642126934644,1.4400203720847968,,,,,,,,,,,,,,,,
475,2025-05-16 01:14:27.785395,40.6609104,1.5124297,4.298303604125977,86.53800501044131,23.670000000000016,49.0,1011.0,,9.2,43.0,68.82796973248973,6.728561305697388,,155.36597474293103,1.5524157344408858,,,,,,,,,,,,,,,,
476,2025-05-16 01:14:32.786213,40.6609104,1.5124297,4.298303604125977,86.53800501044131,23.670000000000016,49.0,1011.0,,9.3,40.0,64.69876517593305,6.6122122080853805,,151.23677018637437,1.8369975945643942,,,,,,,,,,,,,,,,
477,2025-05-16 01:14:37.784544,40.6609104,1.5124297,4.298303604125977,86.53800501044131,23.670000000000016,49.0,1011.0,,9.4,40.0,64.34160629995353,6.703194161487308,,150.87961131039484,1.8611853960249742,,,,,,,,,,,,,,,,
478,2025-05-16 01:14:42.784587,40.6609104,1.5124297,4.298303604125977,86.53800501044131,23.670000000000016,49.0,1011.0,,9.7,42.0,65.8497778867198,7.113137808839606,,152.38778289716112,1.758566845712173,,,,,,,,,,,,,,,,
479,2025-05-16 01:14:47.785891,40.6609104,1.5124297,4.298303604125977,86.53800501044131,23.670000000000016,49.0,1011.0,,9.9,46.0,70.0937385250573,7.574003752383192,,156.63174353549863,1.4634963231083284,,,,,,,,,,,,,,,,
480,2025-05-16 01:14:52.784067,40.6609104,1.5124297,4.298303604125977,86.53800501044131,23.670000000000016,49.0,1011.0,,9.2,48.0,74.79887186236387,7.084820839618034,,161.3368768728052,1.1270503629370985,,,,,,,,,,,,,,,,
481,2025-05-16 01:14:57.784596,40.6609104,1.5124297,4.298303604125977,86.53800501044131,23.670000000000016,49.0,1011.0,,9.0,47.0,74.38463382415325,6.834439677843297,,160.92263883459458,1.1570092913358991,,,,,,,,,,,,,,,,
482,2025-05-16 01:15:02.785472,40.6609104,1.5124297,4.298303604125977,86.53800501044131,23.670000000000016,49.0,1011.0,,8.8,42.0,69.16092211493407,6.300508014015238,,155.69892712537538,1.5290977211064647,,,,,,,,,,,,,,,,
483,2025-05-16 01:15:07.783903,40.6609104,1.5124297,4.298303604125977,86.53800501044131,23.670000000000016,49.0,1011.0,,9.5,45.0,70.19428579945266,7.139858610490638,,156.73229080989398,1.4564017499172301,,,,,,,,,,,,,,,,
484,2025-05-16 01:15:12.786254,40.6609104,1.5124297,4.298303604125977,86.53800501044131,23.670000000000016,49.0,1011.0,,9.0,45.0,72.01725647893996,6.690810160501743,,158.55526148938128,1.3270175880728212,,,,,,,,,,,,,,,,
485,2025-05-16 01:15:17.786129,40.6609104,1.5124297,4.298303604125977,86.53800501044131,23.670000000000016,49.0,1011.0,,9.6,47.0,72.23932476784223,7.372370209044118,,158.77732977828356,1.3111620197694243,,,,,,,,,,,,,,,,
486,2025-05-16 01:15:22.786169,40.6609104,1.5124297,4.298303604125977,86.53800501044131,23.670000000000016,49.0,1011.0,,8.8,48.0,76.33436661247954,6.730199664723226,,162.87237162292087,1.0154972571886647,,,,,,,,,,,,,,,,
487,2025-05-16 01:15:27.783866,40.6609104,1.5124297,4.298303604125977,86.53800501044131,23.670000000000016,49.0,1011.0,,9.2,47.0,73.63300098817788,7.012630840594201,,160.1710059986192,1.2112141082607815,,,,,,,,,,,,,,,,
488,2025-05-16 01:15:32.786264,40.6609104,1.5124297,4.298303604125977,86.53800501044131,23.670000000000016,49.0,1011.0,,9.0,48.0,75.54691056153038,6.906890539762687,,162.0849155719717,1.072801799389998,,,,,,,,,,,,,,,,
489,2025-05-16 01:15:37.785385,40.6609104,1.5124297,4.298303604125977,86.53800501044131,23.670000000000016,49.0,1011.0,,8.8,43.0,70.39542093079994,6.370902718279146,,156.93342594124124,1.4421963019665025,,,,,,,,,,,,,,,,
490,2025-05-16 01:15:42.786244,40.6609104,1.5124297,4.298303604125977,86.53800501044131,23.670000000000016,49.0,1011.0,,8.9,40.0,66.23091026718129,6.251040198029165,,152.7689152776226,1.7324382729301453,,,,,,,,,,,,,,,,
491,2025-05-16 01:15:47.786251,40.6609104,1.5124297,4.298303604125977,86.53800501044131,23.670000000000016,49.0,1011.0,,9.2,45.0,71.25948513842732,6.869584904012973,,157.79749014886863,1.3809705854447691,,,,,,,,,,,,,,,,
492,2025-05-16 01:15:52.784523,40.6609104,1.5124297,4.298303604125977,86.53800501044131,23.670000000000016,49.0,1011.0,,10.6,45.0,66.90001098138606,8.14868024899922,,153.43801599182737,1.686383284563354,,,,,,,,,,,,,,,,
493,2025-05-16 01:15:57.785074,40.6609104,1.5124297,4.298303604125977,86.53800501044131,23.670000000000016,49.0,1011.0,,9.3,48.0,74.43879737199445,7.174221980821151,,160.97680238243578,1.1530954256008796,,,,,,,,,,,,,,,,
494,2025-05-16 01:16:02.784173,40.6609104,1.5124297,4.298303604125977,86.53800501044131,23.670000000000016,49.0,1011.0,,8.7,44.0,72.03180746139304,6.353396176228156,,158.56981247183435,1.325979262688593,,,,,,,,,,,,,,,,
495,2025-05-16 01:16:07.786243,40.6609104,1.5124297,4.298303604125977,86.53800501044131,23.670000000000016,49.0,1011.0,,10.0,44.0,67.37532444823101,7.525728984324686,,153.9133294586723,1.6535268166772998,,,,,,,,,,,,,,,,
496,2025-05-16 01:16:12.786235,40.6609104,1.5124297,4.298303604125977,86.53800501044131,23.670000000000016,49.0,1011.0,,10.0,48.0,72.15090969710323,7.807232796220229,,158.68891470754454,1.3174771861766708,,,,,,,,,,,,,,,,
497,2025-05-16 01:16:17.786144,40.6609104,1.5124297,4.298303604125977,86.53800501044131,23.670000000000016,49.0,1011.0,,9.6,46.0,71.05485852653862,7.301167330471394,,157.59286353697993,1.395498885100829,,,,,,,,,,,,,,,,
498,2025-05-16 01:16:22.786258,40.6609104,1.5124297,4.298303604125977,86.53800501044131,23.670000000000016,49.0,1011.0,,9.3,46.0,72.09028065172268,7.030544497687993,,158.628285662164,1.3218058856535793,,,,,,,,,,,,,,,,
499,2025-05-16 01:16:27.784144,40.6609104,1.5124297,4.298303604125977,86.53800501044131,23.670000000000016,49.0,1011.0,,9.8,49.0,73.92657109239724,7.697049593980044,,160.46457610283855,1.19006727518669,,,,,,,,,,,,,,,,
500,2025-05-16 01:16:32.783646,40.6609104,1.5124297,4.298303604125977,86.53800501044131,23.670000000000016,49.0,1011.0,,9.9,50.0,74.76616397954807,7.860029716550665,,161.30416898998936,1.1294180570534536,,,,,,,,,,,,,,,,
501,2025-05-16 01:16:37.784602,40.6609104,1.5124297,4.298303604125977,86.53800501044131,23.670000000000016,49.0,1011.0,,9.6,50.0,75.71507468213834,7.588662920745751,,162.25307969257966,1.0605808539769979,,,,,,,,,,,,,,,,
502,2025-05-16 01:16:42.784109,40.6609104,1.5124297,4.298303604125977,86.53800501044131,23.670000000000016,49.0,1011.0,,8.7,46.0,74.41794185640961,6.497043868316353,,160.95594686685092,1.154602570339301,,,,,,,,,,,,,,,,
503,2025-05-16 01:16:47.786287,40.6609104,1.5124297,4.298303604125977,86.53800501044131,23.670000000000016,49.0,1011.0,,8.1,45.0,75.98851998460779,5.903201498408322,,162.5265249950491,1.0406893784042668,,,,,,,,,,,,,,,,
504,2025-05-16 01:16:52.784171,40.6609104,1.5124297,4.298303604125977,86.53800501044131,23.670000000000016,49.0,1011.0,,8.6,50.0,79.42720640329787,6.701760777848443,,165.96521141373918,0.7886724812821211,,,,,,,,,,,,,,,,
505,2025-05-16 01:16:57.786279,40.6609104,1.5124297,4.298303604125977,86.53800501044131,23.670000000000016,49.0,1011.0,,9.0,48.0,75.54691056153038,6.906890539762687,,162.0849155719717,1.072801799389998,,,,,,,,,,,,,,,,
506,2025-05-16 01:17:02.786247,40.6609104,1.5124297,4.298303604125977,86.53800501044131,23.670000000000016,49.0,1011.0,,8.5,46.0,75.28060155201558,6.321860490217986,,161.8186065624569,1.0921362540619988,,,,,,,,,,,,,,,,
507,2025-05-16 01:17:07.783998,40.6609104,1.5124297,4.298303604125977,86.53800501044131,23.670000000000016,49.0,1011.0,,8.6,43.0,71.24670740368593,6.194015946573015,,157.78471241412723,1.3818783102930308,,,,,,,,,,,,,,,,
508,2025-05-16 01:17:12.785610,40.6609104,1.5124297,4.298303604125977,86.53800501044131,23.670000000000016,49.0,1011.0,,8.6,43.0,71.24670740368593,6.194015946573015,,157.78471241412723,1.3818783102930308,,,,,,,,,,,,,,,,
509,2025-05-16 01:17:17.785565,40.6609104,1.5124297,4.298303604125977,86.53800501044131,23.670000000000016,49.0,1011.0,,9.4,46.0,71.73639928407556,7.120490532154007,,158.27440429451687,1.3470420767808888,,,,,,,,,,,,,,,,
510,2025-05-16 01:17:22.785555,40.6609104,1.5124297,4.298303604125977,86.53800501044131,23.670000000000016,49.0,1011.0,,10.0,49.0,73.31358639675777,7.878870229712927,,159.85159140719907,1.2341864672906033,,,,,,,,,,,,,,,,
511,2025-05-16 01:17:27.784086,40.6609104,1.5124297,4.298303604125977,86.53800501044131,23.670000000000016,49.0,1011.0,,9.2,50.0,77.0905415779669,7.230361122670427,,163.6285465884082,0.9602884231462088,,,,,,,,,,,,,,,,
512,2025-05-16 01:17:32.786222,40.6609104,1.5124297,4.298303604125977,86.53800501044131,23.670000000000016,49.0,1011.0,,9.1,45.0,71.6333756610218,6.780049312406079,,158.1713806714631,1.3543793416439043,,,,,,,,,,,,,,,,
513,2025-05-16 01:17:37.784471,40.6609104,1.5124297,4.298303604125977,86.53800501044131,23.670000000000016,49.0,1011.0,,9.1,48.0,75.16813480164299,6.995706656862811,,161.7061398120843,1.100294455798883,,,,,,,,,,,,,,,,
514,2025-05-16 01:17:42.786233,40.6609104,1.5124297,4.298303604125977,86.53800501044131,23.670000000000016,49.0,1011.0,,9.0,49.0,76.69540174483451,6.979719039783421,,163.23340675527584,0.9891593181429053,,,,,,,,,,,,,,,,
515,2025-05-16 01:17:47.784530,40.6609104,1.5124297,4.298303604125977,86.53800501044131,23.670000000000016,49.0,1011.0,,8.6,45.0,73.66033069098916,6.33706780023176,,160.19833570143047,1.2092467924568298,,,,,,,,,,,,,,,,
516,2025-05-16 01:17:52.786200,40.6609104,1.5124297,4.298303604125977,86.53800501044131,23.670000000000016,49.0,1011.0,,8.3,43.0,72.61832585734473,5.9314401031568345,,159.15633086778604,1.2840561621210156,,,,,,,,,,,,,,,,
517,2025-05-16 01:17:57.786366,40.6609104,1.5124297,4.298303604125977,86.53800501044131,23.670000000000016,49.0,1011.0,,8.7,45.0,73.23262243706978,6.424994659882526,,159.7706274475111,1.240003345584881,,,,,,,,,,,,,,,,
518,2025-05-16 01:18:02.785048,40.6609104,1.5124297,4.298303604125977,86.53800501044131,23.670000000000016,49.0,1011.0,,9.0,46.0,73.20820583328518,6.762401014462172,,159.7462108437265,1.2417570778811864,,,,,,,,,,,,,,,,
519,2025-05-16 01:18:07.786238,40.6609104,1.5124297,4.298303604125977,86.53800501044131,23.670000000000016,49.0,1011.0,,9.3,45.0,70.8952305670496,6.959405493878607,,157.4332355774909,1.4068199730388837,,,,,,,,,,,,,,,,
520,2025-05-16 01:18:12.786240,40.6609104,1.5124297,4.298303604125977,86.53800501044131,23.670000000000016,49.0,1011.0,,8.7,46.0,74.41794185640961,6.497043868316353,,160.95594686685092,1.154602570339301,,,,,,,,,,,,,,,,
521,2025-05-16 01:18:17.784561,40.6609104,1.5124297,4.298303604125977,86.53800501044131,23.670000000000016,49.0,1011.0,,8.1,44.0,74.80379970828194,5.830606486445028,,161.34180471872327,1.1266936087632928,,,,,,,,,,,,,,,,
522,2025-05-16 01:18:22.783632,40.6609104,1.5124297,4.298303604125977,86.53800501044131,23.670000000000016,49.0,1011.0,,8.4,48.0,78.03928719850101,6.380947321879036,,164.5772922089423,0.8907844579113956,,,,,,,,,,,,,,,,
523,2025-05-16 01:18:27.785481,40.6609104,1.5124297,4.298303604125977,86.53800501044131,23.670000000000016,49.0,1011.0,,8.9,46.0,73.60075553048203,6.673622554196113,,160.13876054092333,1.2135349279454184,,,,,,,,,,,,,,,,
524,2025-05-16 01:18:32.784633,40.6609104,1.5124297,4.298303604125977,86.53800501044131,23.670000000000016,49.0,1011.0,,9.4,46.0,71.73639928407556,7.120490532154007,,158.27440429451687,1.3470420767808888,,,,,,,,,,,,,,,,
525,2025-05-16 01:18:37.785477,40.6609104,1.5124297,4.298303604125977,86.53800501044131,23.670000000000016,49.0,1011.0,,9.2,47.0,73.63300098817788,7.012630840594201,,160.1710059986192,1.2112141082607815,,,,,,,,,,,,,,,,
526,2025-05-16 01:18:42.786155,40.6609104,1.5124297,4.298303604125977,86.53800501044131,23.670000000000016,49.0,1011.0,,8.9,47.0,74.77530737098891,6.745802614358926,,161.31331238143022,1.1287562122296968,,,,,,,,,,,,,,,,
527,2025-05-16 01:18:47.785793,40.6609104,1.5124297,4.298303604125977,86.53800501044131,23.670000000000016,49.0,1011.0,,8.9,44.0,71.20714486016114,6.530609973773952,,157.74514987060246,1.3846883805518662,,,,,,,,,,,,,,,,
528,2025-05-16 01:18:52.785064,40.6609104,1.5124297,4.298303604125977,86.53800501044131,23.670000000000016,49.0,1011.0,,10.1,48.0,71.85412011810737,7.898585862987632,,158.39212512854868,1.3386527575058054,,,,,,,,,,,,,,,,
529,2025-05-16 01:18:57.784043,40.6609104,1.5124297,4.298303604125977,86.53800501044131,23.670000000000016,49.0,1011.0,,9.5,49.0,74.90214104460281,7.42607143686929,,161.44014605504412,1.1195723931981083,,,,,,,,,,,,,,,,
530,2025-05-16 01:19:02.784016,40.6609104,1.5124297,4.298303604125977,86.53800501044131,23.670000000000016,49.0,1011.0,,8.5,45.0,74.10004953931887,6.249503998714571,,160.63805454976017,1.1775563228566266,,,,,,,,,,,,,,,,
531,2025-05-16 01:19:07.783713,40.6609104,1.5124297,4.298303604125977,86.53800501044131,23.670000000000016,49.0,1011.0,,9.1,42.0,67.96633410271734,6.568854084665604,,154.50433911315866,1.6125142884954267,,,,,,,,,,,,,,,,
532,2025-05-16 01:19:12.785420,40.6609104,1.5124297,4.298303604125977,86.53800501044131,23.670000000000016,49.0,1011.0,,9.1,43.0,69.20398140480623,6.638693643695291,,155.74198641524754,1.5260783159620817,,,,,,,,,,,,,,,,
533,2025-05-16 01:19:17.784348,40.6609104,1.5124297,4.298303604125977,86.53800501044131,23.670000000000016,49.0,1011.0,,8.4,47.0,76.89225542584026,6.307716617045852,,163.43026043628157,0.9747819973847034,,,,,,,,,,,,,,,,
534,2025-05-16 01:19:22.785190,40.6609104,1.5124297,4.298303604125977,86.53800501044131,23.670000000000016,49.0,1011.0,,9.1,43.0,69.20398140480623,6.638693643695291,,155.74198641524754,1.5260783159620817,,,,,,,,,,,,,,,,
535,2025-05-16 01:19:27.785208,40.6609104,1.5124297,4.298303604125977,86.53800501044131,23.670000000000016,49.0,1011.0,,8.7,44.0,72.03180746139304,6.353396176228156,,158.56981247183435,1.325979262688593,,,,,,,,,,,,,,,,
536,2025-05-16 01:19:32.785102,40.6609104,1.5124297,4.298303604125977,86.53800501044131,23.670000000000016,49.0,1011.0,,9.7,43.0,67.08986090254312,7.1819187542722585,,153.62786591298442,1.6732735328906867,,,,,,,,,,,,,,,,
537,2025-05-16 01:19:37.784178,40.6609104,1.5124297,4.298303604125977,86.53800501044131,23.670000000000016,49.0,1011.0,,9.3,42.0,67.22292342661795,6.749232486211539,,153.76092843705925,1.6640741758203281,,,,,,,,,,,,,,,,
538,2025-05-16 01:19:42.785777,40.6609104,1.5124297,4.298303604125977,86.53800501044131,23.670000000000016,49.0,1011.0,,8.8,40.0,66.64192030479944,6.1614967236485905,,153.17992531524075,1.704175559375258,,,,,,,,,,,,,,,,
539,2025-05-16 01:19:47.785233,40.6609104,1.5124297,4.298303604125977,86.53800501044131,23.670000000000016,49.0,1011.0,,8.7,42.0,69.58198627472285,6.211702959013544,,156.11999128516416,1.4995350388340576,,,,,,,,,,,,,,,,
540,2025-05-16 01:19:52.784217,40.6609104,1.5124297,4.298303604125977,86.53800501044131,23.670000000000016,49.0,1011.0,,9.3,42.0,67.22292342661795,6.749232486211539,,153.76092843705925,1.6640741758203281,,,,,,,,,,,,,,,,
541,2025-05-16 01:19:57.784213,40.6609104,1.5124297,4.298303604125977,86.53800501044131,23.670000000000016,49.0,1011.0,,9.1,45.0,71.6333756610218,6.780049312406079,,158.1713806714631,1.3543793416439043,,,,,,,,,,,,,,,,
542,2025-05-16 01:20:02.785800,40.6609104,1.5124297,4.298303604125977,86.53800501044131,23.670000000000016,49.0,1011.0,,8.6,43.0,71.24670740368593,6.194015946573015,,157.78471241412723,1.3818783102930308,,,,,,,,,,,,,,,,
543,2025-05-16 01:20:07.784506,40.6609104,1.5124297,4.298303604125977,86.53800501044131,23.670000000000016,49.0,1011.0,,9.2,38.0,62.47725026804847,6.386908467059382,,149.01525527848978,1.9862494108862956,,,,,,,,,,,,,,,,
544,2025-05-16 01:20:12.783617,40.6609104,1.5124297,4.298303604125977,86.53800501044131,23.670000000000016,49.0,1011.0,,9.3,43.0,68.46188509783133,6.8187111094558075,,154.99989010827264,1.5779935963777074,,,,,,,,,,,,,,,,
545,2025-05-16 01:20:17.785770,40.6609104,1.5124297,4.298303604125977,86.53800501044131,23.670000000000016,49.0,1011.0,,8.9,45.0,72.411497536031,6.601879469445696,,158.94950254647233,1.298855399969079,,,,,,,,,,,,,,,,
546,2025-05-16 01:20:22.786226,40.6609104,1.5124297,4.298303604125977,86.53800501044131,23.670000000000016,49.0,1011.0,,9.0,40.0,65.8315289038626,6.340896248892638,,152.36953391430393,1.7598159638264412,,,,,,,,,,,,,,,,
547,2025-05-16 01:20:27.785345,40.6609104,1.5124297,4.298303604125977,86.53800501044131,23.670000000000016,49.0,1011.0,,9.8,43.0,66.76832319386895,7.27332392669648,,153.30632820431026,1.695465885520114,,,,,,,,,,,,,,,,
548,2025-05-16 01:20:32.786239,40.6609104,1.5124297,4.298303604125977,86.53800501044131,23.670000000000016,49.0,1011.0,,8.5,41.0,69.2142460632994,5.964721990559435,,155.7522510737407,1.5253584099053408,,,,,,,,,,,,,,,,
549,2025-05-16 01:20:37.784585,40.6609104,1.5124297,4.298303604125977,86.53800501044131,23.670000000000016,49.0,1011.0,,8.7,41.0,68.33211747026864,6.141687069622429,,154.87012248070994,1.5870448823427885,,,,,,,,,,,,,,,,
550,2025-05-16 01:20:42.786253,40.6609104,1.5124297,4.298303604125977,86.53800501044131,23.670000000000016,49.0,1011.0,,9.4,42.0,66.86595182142857,6.839830899706932,,153.4039568318699,1.6887332252001799,,,,,,,,,,,,,,,,
551,2025-05-16 01:20:47.784577,40.6609104,1.5124297,4.298303604125977,86.53800501044131,23.670000000000016,49.0,1011.0,,8.3,45.0,75.017375478239,6.075528296401873,,161.55538048868033,1.111223698388045,,,,,,,,,,,,,,,,
552,2025-05-16 01:20:52.786210,40.6609104,1.5124297,4.298303604125977,86.53800501044131,23.670000000000016,49.0,1011.0,,8.4,44.0,73.35832185209543,6.090222285429547,,159.89632686253674,1.2309713782275702,,,,,,,,,,,,,,,,
553,2025-05-16 01:20:57.786239,40.6609104,1.5124297,4.298303604125977,86.53800501044131,23.670000000000016,49.0,1011.0,,8.9,40.0,66.23091026718129,6.251040198029165,,152.7689152776226,1.7324382729301453,,,,,,,,,,,,,,,,
554,2025-05-16 01:21:02.785761,40.6609104,1.5124297,4.298303604125977,86.53800501044131,23.670000000000016,49.0,1011.0,,9.1,42.0,67.96633410271734,6.568854084665604,,154.50433911315866,1.6125142884954267,,,,,,,,,,,,,,,,
555,2025-05-16 01:21:07.783474,40.6609104,1.5124297,4.298303604125977,86.53800501044131,23.670000000000016,49.0,1011.0,,9.2,41.0,66.33567783792451,6.589867157418834,,152.87368284836583,1.7252424389717527,,,,,,,,,,,,,,,,
556,2025-05-16 01:21:12.786230,40.6609104,1.5124297,4.298303604125977,86.53800501044131,23.670000000000016,49.0,1011.0,,8.8,42.0,69.16092211493407,6.300508014015238,,155.69892712537538,1.5290977211064647,,,,,,,,,,,,,,,,
557,2025-05-16 01:21:17.784197,40.6609104,1.5124297,4.298303604125977,86.53800501044131,23.670000000000016,49.0,1011.0,,8.4,39.0,67.13030665510504,5.7372935998250325,,153.66831166554636,1.6704782440233585,,,,,,,,,,,,,,,,
558,2025-05-16 01:21:22.784859,40.6609104,1.5124297,4.298303604125977,86.53800501044131,23.670000000000016,49.0,1011.0,,8.2,37.0,65.48508376646338,5.423823048113423,,152.02308877690467,1.7834956540701161,,,,,,,,,,,,,,,,
559,2025-05-16 01:21:27.784524,40.6609104,1.5124297,4.298303604125977,86.53800501044131,23.670000000000016,49.0,1011.0,,8.5,37.0,64.04401378425761,5.689304854067395,,150.5820187946989,1.8812840015893113,,,,,,,,,,,,,,,,
560,2025-05-16 01:21:32.786114,40.6609104,1.5124297,4.298303604125977,86.53800501044131,23.670000000000016,49.0,1011.0,,9.1,38.0,62.85430743499824,6.296032215535305,,149.39231244543956,1.9611211968361597,,,,,,,,,,,,,,,,
561,2025-05-16 01:21:37.785558,40.6609104,1.5124297,4.298303604125977,86.53800501044131,23.670000000000016,49.0,1011.0,,8.7,37.0,63.15610085576255,5.8681409804151015,,149.69410586620387,1.9409475366012023,,,,,,,,,,,,,,,,
562,2025-05-16 01:21:42.785406,40.6609104,1.5124297,4.298303604125977,86.53800501044131,23.670000000000016,49.0,1011.0,,9.5,38.0,61.408020306122005,6.661106071006839,,147.94602531656332,2.057034653511475,,,,,,,,,,,,,,,,
563,2025-05-16 01:21:47.784498,40.6609104,1.5124297,4.298303604125977,86.53800501044131,23.670000000000016,49.0,1011.0,,9.1,43.0,69.20398140480623,6.638693643695291,,155.74198641524754,1.5260783159620817,,,,,,,,,,,,,,,,
564,2025-05-16 01:21:52.785176,40.6609104,1.5124297,4.298303604125977,86.53800501044131,23.670000000000016,49.0,1011.0,,8.8,38.0,64.05347734997198,6.025137951652981,,150.5914823604133,1.8806456360132977,,,,,,,,,,,,,,,,
565,2025-05-16 01:21:57.785614,40.6609104,1.5124297,4.298303604125977,86.53800501044131,23.670000000000016,49.0,1011.0,,9.5,38.0,61.408020306122005,6.661106071006839,,147.94602531656332,2.057034653511475,,,,,,,,,,,,,,,,
566,2025-05-16 01:22:02.784568,40.6609104,1.5124297,4.298303604125977,86.53800501044131,23.670000000000016,49.0,1011.0,,9.2,37.0,61.15776092394857,6.320783232702087,,147.6957659343899,2.0734997932166253,,,,,,,,,,,,,,,,
567,2025-05-16 01:22:07.785441,40.6609104,1.5124297,4.298303604125977,86.53800501044131,23.670000000000016,49.0,1011.0,,9.4,42.0,66.86595182142857,6.839830899706932,,153.4039568318699,1.6887332252001799,,,,,,,,,,,,,,,,
568,2025-05-16 01:22:12.784087,40.6609104,1.5124297,4.298303604125977,86.53800501044131,23.670000000000016,49.0,1011.0,,8.2,39.0,68.10176979705341,5.561717501403523,,154.63977480749472,1.6030915411326987,,,,,,,,,,,,,,,,
569,2025-05-16 01:22:17.786275,40.6609104,1.5124297,4.298303604125977,86.53800501044131,23.670000000000016,49.0,1011.0,,8.6,39.0,66.21678126924196,5.914420862245795,,152.7547862796833,1.7334082633412373,,,,,,,,,,,,,,,,
570,2025-05-16 01:22:22.786212,40.6609104,1.5124297,4.298303604125977,86.53800501044131,23.670000000000016,49.0,1011.0,,8.9,40.0,66.23091026718129,6.251040198029165,,152.7689152776226,1.7324382729301453,,,,,,,,,,,,,,,,
571,2025-05-16 01:22:27.786260,40.6609104,1.5124297,4.298303604125977,86.53800501044131,23.670000000000016,49.0,1011.0,,9.5,35.0,57.408394955427426,6.467386981745114,,143.94639996586875,2.3152698175972315,,,,,,,,,,,,,,,,
572,2025-05-16 01:22:32.786184,40.6609104,1.5124297,4.298303604125977,86.53800501044131,23.670000000000016,49.0,1011.0,,9.4,34.0,56.38263389506765,6.312088115286547,,142.92063890550895,2.3797299089393493,,,,,,,,,,,,,,,,
573,2025-05-16 01:22:37.786279,40.6609104,1.5124297,4.298303604125977,86.53800501044131,23.670000000000016,49.0,1011.0,,8.9,35.0,59.623690205281754,5.917115124179995,,146.16169521572306,2.1735536823379493,,,,,,,,,,,,,,,,
574,2025-05-16 01:22:42.785384,40.6609104,1.5124297,4.298303604125977,86.53800501044131,23.670000000000016,49.0,1011.0,,9.2,39.0,63.77984496045172,6.453827003514531,,150.31784997089304,1.8990827552485898,,,,,,,,,,,,,,,,
575,2025-05-16 01:22:47.785764,40.6609104,1.5124297,4.298303604125977,86.53800501044131,23.670000000000016,49.0,1011.0,,9.0,33.0,56.45667428581287,5.881149617677384,,142.9946792962542,2.3751024134192753,,,,,,,,,,,,,,,,
576,2025-05-16 01:22:52.786097,40.6609104,1.5124297,4.298303604125977,86.53800501044131,23.670000000000016,49.0,1011.0,,9.0,35.0,59.2263499548071,6.008165989379848,,145.7643549652484,2.199217499776884,,,,,,,,,,,,,,,,
577,2025-05-16 01:22:57.784526,40.6609104,1.5124297,4.298303604125977,86.53800501044131,23.670000000000016,49.0,1011.0,,9.2,39.0,63.77984496045172,6.453827003514531,,150.31784997089304,1.8990827552485898,,,,,,,,,,,,,,,,
578,2025-05-16 01:23:02.786231,40.6609104,1.5124297,4.298303604125977,86.53800501044131,23.670000000000016,49.0,1011.0,,9.2,36.0,59.821055051182825,6.2554969170463135,,146.35906006162412,2.1607671465647664,,,,,,,,,,,,,,,,
579,2025-05-16 01:23:07.783456,40.6609104,1.5124297,4.298303604125977,86.53800501044131,23.670000000000016,49.0,1011.0,,10.2,38.0,59.22743602897418,7.308787918797428,,145.7654410394155,2.199147494902798,,,,,,,,,,,,,,,,
580,2025-05-16 01:23:12.785802,40.6609104,1.5124297,4.298303604125977,86.53800501044131,23.670000000000016,49.0,1011.0,,9.9,38.0,60.1127568221949,7.029981971481145,,146.65076183263622,2.1418219655165784,,,,,,,,,,,,,,,,
581,2025-05-16 01:23:17.783752,40.6609104,1.5124297,4.298303604125977,86.53800501044131,23.670000000000016,49.0,1011.0,,10.0,39.0,61.10613531273307,7.187991940173101,,147.64414032317438,2.0768914491886,,,,,,,,,,,,,,,,
582,2025-05-16 01:23:22.786240,40.6609104,1.5124297,4.298303604125977,86.53800501044131,23.670000000000016,49.0,1011.0,,9.7,41.0,64.59531330524294,7.045025070479696,,151.13331831568425,1.8440110307017725,,,,,,,,,,,,,,,,
583,2025-05-16 01:23:27.786241,40.6609104,1.5124297,4.298303604125977,86.53800501044131,23.670000000000016,49.0,1011.0,,9.0,40.0,65.8315289038626,6.340896248892638,,152.36953391430393,1.7598159638264412,,,,,,,,,,,,,,,,
584,2025-05-16 01:23:32.786354,40.6609104,1.5124297,4.298303604125977,86.53800501044131,23.670000000000016,49.0,1011.0,,8.6,38.0,64.91441805315694,5.846121032049901,,151.45242306359825,1.8223583542462276,,,,,,,,,,,,,,,,
585,2025-05-16 01:23:37.784040,40.6609104,1.5124297,4.298303604125977,86.53800501044131,23.670000000000016,49.0,1011.0,,9.0,30.0,52.15735834279792,5.698376243713541,,138.69536335323923,2.6369875405290624,,,,,,,,,,,,,,,,
586,2025-05-16 01:23:42.786382,40.6609104,1.5124297,4.298303604125977,86.53800501044131,23.670000000000016,49.0,1011.0,,9.1,34.0,57.46711693352073,6.035770827887947,,144.00512194396202,2.311557002052274,,,,,,,,,,,,,,,,
587,2025-05-16 01:23:47.784520,40.6609104,1.5124297,4.298303604125977,86.53800501044131,23.670000000000016,49.0,1011.0,,9.2,34.0,57.0947601957916,6.127629105091897,,143.6327652062329,2.335058730415697,,,,,,,,,,,,,,,,
588,2025-05-16 01:23:52.785574,40.6609104,1.5124297,4.298303604125977,86.53800501044131,23.670000000000016,49.0,1011.0,,9.7,34.0,55.38943896497408,6.590476709882232,,141.9274439754154,2.441416932329356,,,,,,,,,,,,,,,,
589,2025-05-16 01:23:57.784555,40.6609104,1.5124297,4.298303604125977,86.53800501044131,23.670000000000016,49.0,1011.0,,9.3,36.0,59.45646590694536,6.347106549179062,,145.99447091738668,2.18436734638655,,,,,,,,,,,,,,,,
590,2025-05-16 01:24:02.784342,40.6609104,1.5124297,4.298303604125977,86.53800501044131,23.670000000000016,49.0,1011.0,,8.8,35.0,60.033429446935656,5.826357715559399,,146.57143445737697,2.146979564118392,,,,,,,,,,,,,,,,
591,2025-05-16 01:24:07.785579,40.6609104,1.5124297,4.298303604125977,86.53800501044131,23.670000000000016,49.0,1011.0,,9.1,36.0,60.19646574022366,6.164148101053392,,146.73447075066497,2.1363750418761542,,,,,,,,,,,,,,,,
592,2025-05-16 01:24:12.786025,40.6609104,1.5124297,4.298303604125977,86.53800501044131,23.670000000000016,49.0,1011.0,,9.4,34.0,56.38263389506765,6.312088115286547,,142.92063890550895,2.3797299089393493,,,,,,,,,,,,,,,,
593,2025-05-16 01:24:17.784862,40.6609104,1.5124297,4.298303604125977,86.53800501044131,23.670000000000016,49.0,1011.0,,9.2,36.0,59.821055051182825,6.2554969170463135,,146.35906006162412,2.1607671465647664,,,,,,,,,,,,,,,,
594,2025-05-16 01:24:22.784220,40.6609104,1.5124297,4.298303604125977,86.53800501044131,23.670000000000016,49.0,1011.0,,9.6,32.0,52.93211035512732,6.375592886952606,,139.47011536556863,2.59084935725779,,,,,,,,,,,,,,,,
595,2025-05-16 01:24:27.783589,40.6609104,1.5124297,4.298303604125977,86.53800501044131,23.670000000000016,49.0,1011.0,,9.0,36.0,60.58315331492097,6.073071870500492,,147.12115832536227,2.1111543490082294,,,,,,,,,,,,,,,,
596,2025-05-16 01:24:32.786248,40.6609104,1.5124297,4.298303604125977,86.53800501044131,23.670000000000016,49.0,1011.0,,9.7,33.0,54.01080717254316,6.529250784790161,,140.54881218298448,2.525823513542274,,,,,,,,,,,,,,,,
597,2025-05-16 01:24:37.784589,40.6609104,1.5124297,4.298303604125977,86.53800501044131,23.670000000000016,49.0,1011.0,,9.9,36.0,57.47335428652529,6.90165782630279,,144.0113592969666,2.3111624901057164,,,,,,,,,,,,,,,,
598,2025-05-16 01:24:42.786223,40.6609104,1.5124297,4.298303604125977,86.53800501044131,23.670000000000016,49.0,1011.0,,9.6,38.0,61.070949169071625,6.7529928325699125,,147.60895417951292,2.0792021127712568,,,,,,,,,,,,,,,,
599,2025-05-16 01:24:47.784510,40.6609104,1.5124297,4.298303604125977,86.53800501044131,23.670000000000016,49.0,1011.0,,9.3,33.0,55.34543091279989,6.15751608934823,,141.8834359232412,2.444133421611681,,,,,,,,,,,,,,,,
600,2025-05-16 01:24:52.786217,40.6609104,1.5124297,4.298303604125977,86.53800501044131,23.670000000000016,49.0,1011.0,,10.3,34.0,53.63626190276968,7.15249865712795,,140.174266913211,2.5485044341958254,,,,,,,,,,,,,,,,
601,2025-05-16 01:24:57.786540,40.6609104,1.5124297,4.298303604125977,86.53800501044131,23.670000000000016,49.0,1011.0,,9.8,37.0,59.11021841474913,6.872624477253558,,145.64822342519045,2.2066984033393635,,,,,,,,,,,,,,,,
602,2025-05-16 01:25:02.784104,40.6609104,1.5124297,4.298303604125977,86.53800501044131,23.670000000000016,49.0,1011.0,,9.5,30.0,50.40432575182045,6.164337085248302,,136.94233076226175,2.7395917808435057,,,,,,,,,,,,,,,,
603,2025-05-16 01:25:07.783504,40.6609104,1.5124297,4.298303604125977,86.53800501044131,23.670000000000016,49.0,1011.0,,9.3,34.0,56.7334171905545,6.219738532475098,,143.2714222009958,2.3577710350093057,,,,,,,,,,,,,,,,
604,2025-05-16 01:25:12.784641,40.6609104,1.5124297,4.298303604125977,86.53800501044131,23.670000000000016,49.0,1011.0,,10.0,35.0,55.832843776366424,6.932252894070704,,142.37084878680773,2.413966747233949,,,,,,,,,,,,,,,,
605,2025-05-16 01:25:17.786205,40.6609104,1.5124297,4.298303604125977,86.53800501044131,23.670000000000016,49.0,1011.0,,11.0,38.0,57.16784887155085,8.059714988896987,,143.70585388199217,2.330453401656075,,,,,,,,,,,,,,,,
606,2025-05-16 01:25:22.786193,40.6609104,1.5124297,4.298303604125977,86.53800501044131,23.670000000000016,49.0,1011.0,,11.1,41.0,60.7457245958788,8.346811349204893,,147.2837296063201,2.1005222809355995,,,,,,,,,,,,,,,,
607,2025-05-16 01:25:27.785169,40.6609104,1.5124297,4.298303604125977,86.53800501044131,23.670000000000016,49.0,1011.0,,10.2,35.0,55.26041380924493,7.119532604998297,,141.79841881968625,2.449377195677028,,,,,,,,,,,,,,,,
608,2025-05-16 01:25:32.786208,40.6609104,1.5124297,4.298303604125977,86.53800501044131,23.670000000000016,49.0,1011.0,,9.8,36.0,57.78140558106855,6.80869744399843,,144.31941059150986,2.291644290227189,,,,,,,,,,,,,,,,
609,2025-05-16 01:25:37.786222,40.6609104,1.5124297,4.298303604125977,86.53800501044131,23.670000000000016,49.0,1011.0,,9.8,36.0,57.78140558106855,6.80869744399843,,144.31941059150986,2.291644290227189,,,,,,,,,,,,,,,,
610,2025-05-16 01:25:42.785061,40.6609104,1.5124297,4.298303604125977,86.53800501044131,23.670000000000016,49.0,1011.0,,9.8,36.0,57.78140558106855,6.80869744399843,,144.31941059150986,2.291644290227189,,,,,,,,,,,,,,,,
611,2025-05-16 01:25:47.785068,40.6609104,1.5124297,4.298303604125977,86.53800501044131,23.670000000000016,49.0,1011.0,,9.5,36.0,58.75804150211578,6.531064329919231,,145.2960465125571,2.2293292007410397,,,,,,,,,,,,,,,,
612,2025-05-16 01:25:52.785802,40.6609104,1.5124297,4.298303604125977,86.53800501044131,23.670000000000016,49.0,1011.0,,9.7,37.0,59.428291823921114,6.780082800643999,,145.96629683436242,2.186187412073584,,,,,,,,,,,,,,,,
613,2025-05-16 01:25:57.785762,40.6609104,1.5124297,4.298303604125977,86.53800501044131,23.670000000000016,49.0,1011.0,,10.1,41.0,63.35776673857172,7.413312452385607,,149.89577174901302,1.9274369449291142,,,,,,,,,,,,,,,,
614,2025-05-16 01:26:02.783605,40.6609104,1.5124297,4.298303604125977,86.53800501044131,23.670000000000016,49.0,1011.0,,9.7,39.0,62.04215645013998,6.910967638777577,,148.58016146058128,2.015138391492556,,,,,,,,,,,,,,,,
615,2025-05-16 01:26:07.784177,40.6609104,1.5124297,4.298303604125977,86.53800501044131,23.670000000000016,49.0,1011.0,,9.7,38.0,60.74293882542807,6.845107033807215,,147.28094383586938,2.1007046113700363,,,,,,,,,,,,,,,,
616,2025-05-16 01:26:12.785796,40.6609104,1.5124297,4.298303604125977,86.53800501044131,23.670000000000016,49.0,1011.0,,9.7,35.0,56.75176255761241,6.652721901442173,,143.28976756805372,2.356620184441495,,,,,,,,,,,,,,,,
617,2025-05-16 01:26:17.784426,40.6609104,1.5124297,4.298303604125977,86.53800501044131,23.670000000000016,49.0,1011.0,,10.1,39.0,60.80998617559044,7.280738030899131,,147.34799118603175,2.0963149424294647,,,,,,,,,,,,,,,,
618,2025-05-16 01:26:22.784183,40.6609104,1.5124297,4.298303604125977,86.53800501044131,23.670000000000016,49.0,1011.0,,10.4,43.0,64.99763863906779,7.826170496531674,,151.5356436495091,1.816702146891423,,,,,,,,,,,,,,,,
619,2025-05-16 01:26:27.786160,40.6609104,1.5124297,4.298303604125977,86.53800501044131,23.670000000000016,49.0,1011.0,,10.0,41.0,63.655471728908864,7.320928609025189,,150.19347673935016,1.9074486257033014,,,,,,,,,,,,,,,,
620,2025-05-16 01:26:32.786292,40.6609104,1.5124297,4.298303604125977,86.53800501044131,23.670000000000016,49.0,1011.0,,9.6,36.0,58.4234025772484,6.623391967036159,,144.9614075876897,2.250754985220983,,,,,,,,,,,,,,,,
621,2025-05-16 01:26:37.786252,40.6609104,1.5124297,4.298303604125977,86.53800501044131,23.670000000000016,49.0,1011.0,,9.7,37.0,59.428291823921114,6.780082800643999,,145.96629683436242,2.186187412073584,,,,,,,,,,,,,,,,
622,2025-05-16 01:26:42.786163,40.6609104,1.5124297,4.298303604125977,86.53800501044131,23.670000000000016,49.0,1011.0,,10.8,39.0,58.9317477930774,7.934895920722185,,145.4697528035187,2.2181773526564563,,,,,,,,,,,,,,,,
623,2025-05-16 01:26:47.786111,40.6609104,1.5124297,4.298303604125977,86.53800501044131,23.670000000000016,49.0,1011.0,,9.5,40.0,63.9940260602376,6.79442960434809,,150.5320310706789,1.884655075528828,,,,,,,,,,,,,,,,
624,2025-05-16 01:26:52.784318,40.6609104,1.5124297,4.298303604125977,86.53800501044131,23.670000000000016,49.0,1011.0,,9.8,42.0,65.52822305561618,7.2047121435346835,,152.06622806605748,1.7805505996922575,,,,,,,,,,,,,,,,
625,2025-05-16 01:26:57.785325,40.6609104,1.5124297,4.298303604125977,86.53800501044131,23.670000000000016,49.0,1011.0,,9.3,44.0,69.68587647333642,6.888781746030738,,156.22388148377775,1.4922284476611138,,,,,,,,,,,,,,,,
626,2025-05-16 01:27:02.786271,40.6609104,1.5124297,4.298303604125977,86.53800501044131,23.670000000000016,49.0,1011.0,,10.3,43.0,65.27514761569527,7.733541277519306,,151.81315262613657,1.79781321633951,,,,,,,,,,,,,,,,
627,2025-05-16 01:27:07.786284,40.6609104,1.5124297,4.298303604125977,86.53800501044131,23.670000000000016,49.0,1011.0,,10.1,39.0,60.80998617559044,7.280738030899131,,147.34799118603175,2.0963149424294647,,,,,,,,,,,,,,,,
628,2025-05-16 01:27:12.785801,40.6609104,1.5124297,4.298303604125977,86.53800501044131,23.670000000000016,49.0,1011.0,,9.8,38.0,60.42364943514447,6.937439615003038,,146.9616544455858,2.121569292746289,,,,,,,,,,,,,,,,
629,2025-05-16 01:27:17.786159,40.6609104,1.5124297,4.298303604125977,86.53800501044131,23.670000000000016,49.0,1011.0,,9.7,38.0,60.74293882542807,6.845107033807215,,147.28094383586938,2.1007046113700363,,,,,,,,,,,,,,,,
630,2025-05-16 01:27:22.784338,40.6609104,1.5124297,4.298303604125977,86.53800501044131,23.670000000000016,49.0,1011.0,,10.2,36.0,56.59716592278165,7.1816739242139045,,143.13517093322295,2.3663108442189547,,,,,,,,,,,,,,,,
631,2025-05-16 01:27:27.784245,40.6609104,1.5124297,4.298303604125977,86.53800501044131,23.670000000000016,49.0,1011.0,,9.9,37.0,58.80060632673406,6.965372325087933,,145.33861133717537,2.226598453892784,,,,,,,,,,,,,,,,
632,2025-05-16 01:27:32.785053,40.6609104,1.5124297,4.298303604125977,86.53800501044131,23.670000000000016,49.0,1011.0,,11.0,38.0,57.16784887155085,8.059714988896987,,143.70585388199217,2.330453401656075,,,,,,,,,,,,,,,,
633,2025-05-16 01:27:37.784249,40.6609104,1.5124297,4.298303604125977,86.53800501044131,23.670000000000016,49.0,1011.0,,10.4,38.0,58.67389661169343,7.495567827525285,,145.21190162213475,2.2347238955468254,,,,,,,,,,,,,,,,
634,2025-05-16 01:27:42.784651,40.6609104,1.5124297,4.298303604125977,86.53800501044131,23.670000000000016,49.0,1011.0,,10.0,37.0,58.49913974340931,7.05831821674661,,145.0371447538506,2.245912489654956,,,,,,,,,,,,,,,,
635,2025-05-16 01:27:47.786222,40.6609104,1.5124297,4.298303604125977,86.53800501044131,23.670000000000016,49.0,1011.0,,9.8,42.0,65.52822305561618,7.2047121435346835,,152.06622806605748,1.7805505996922575,,,,,,,,,,,,,,,,
636,2025-05-16 01:27:52.785811,40.6609104,1.5124297,4.298303604125977,86.53800501044131,23.670000000000016,49.0,1011.0,,10.4,41.0,62.50766592348977,7.691607047389481,,149.0456709339311,1.9842255959803503,,,,,,,,,,,,,,,,
637,2025-05-16 01:27:57.784301,40.6609104,1.5124297,4.298303604125977,86.53800501044131,23.670000000000016,49.0,1011.0,,10.7,40.0,60.45531346312316,7.905808866306607,,146.99331847356447,2.1195030681181746,,,,,,,,,,,,,,,,
638,2025-05-16 01:28:02.785382,40.6609104,1.5124297,4.298303604125977,86.53800501044131,23.670000000000016,49.0,1011.0,,10.2,43.0,65.55937810418601,7.641097875397685,,152.09738311462732,1.778423063579464,,,,,,,,,,,,,,,,
639,2025-05-16 01:28:07.785800,40.6609104,1.5124297,4.298303604125977,86.53800501044131,23.670000000000016,49.0,1011.0,,10.4,40.0,61.243103687892756,7.6254461367869855,,147.78110869833407,2.067889325817622,,,,,,,,,,,,,,,,
640,2025-05-16 01:28:12.785222,40.6609104,1.5124297,4.298303604125977,86.53800501044131,23.670000000000016,49.0,1011.0,,9.8,44.0,67.9945268275297,7.3425726477890185,,154.53253183797102,1.6105535602579322,,,,,,,,,,,,,,,,
641,2025-05-16 01:28:17.784197,40.6609104,1.5124297,4.298303604125977,86.53800501044131,23.670000000000016,49.0,1011.0,,10.9,37.0,56.10703055753832,7.90258538990009,,142.64503556797962,2.3969200212953496,,,,,,,,,,,,,,,,
642,2025-05-16 01:28:22.784191,40.6609104,1.5124297,4.298303604125977,86.53800501044131,23.670000000000016,49.0,1011.0,,10.9,44.0,64.92717904260186,8.359491802975125,,151.46518405304317,1.8214912844289801,,,,,,,,,,,,,,,,
643,2025-05-16 01:28:27.785063,40.6609104,1.5124297,4.298303604125977,86.53800501044131,23.670000000000016,49.0,1011.0,,10.0,44.0,67.37532444823101,7.525728984324686,,153.9133294586723,1.6535268166772998,,,,,,,,,,,,,,,,
644,2025-05-16 01:28:32.785080,40.6609104,1.5124297,4.298303604125977,86.53800501044131,23.670000000000016,49.0,1011.0,,10.0,46.0,69.78860107969255,7.6654003369451384,,156.32660609013385,1.484999008557454,,,,,,,,,,,,,,,,
645,2025-05-16 01:28:37.784494,40.6609104,1.5124297,4.298303604125977,86.53800501044131,23.670000000000016,49.0,1011.0,,9.6,42.0,66.17970936171507,7.021793353829984,,152.71771437215637,1.73595283956693,,,,,,,,,,,,,,,,
646,2025-05-16 01:28:42.785004,40.6609104,1.5124297,4.298303604125977,86.53800501044131,23.670000000000016,49.0,1011.0,,10.8,41.0,61.46577951712406,8.06508786340605,,148.00378452756536,2.0532289569075615,,,,,,,,,,,,,,,,
647,2025-05-16 01:28:47.785404,40.6609104,1.5124297,4.298303604125977,86.53800501044131,23.670000000000016,49.0,1011.0,,10.7,46.0,67.84162048381404,8.310726124551715,,154.37962549425535,1.621183095532748,,,,,,,,,,,,,,,,
648,2025-05-16 01:28:52.786252,40.6609104,1.5124297,4.298303604125977,86.53800501044131,23.670000000000016,49.0,1011.0,,9.7,48.0,73.08434146391222,7.534491345309429,,159.62234647435355,1.250650205202468,,,,,,,,,,,,,,,,
649,2025-05-16 01:28:57.786203,40.6609104,1.5124297,4.298303604125977,86.53800501044131,23.670000000000016,49.0,1011.0,,9.7,38.0,60.74293882542807,6.845107033807215,,147.28094383586938,2.1007046113700363,,,,,,,,,,,,,,,,
650,2025-05-16 01:29:02.783995,40.6609104,1.5124297,4.298303604125977,86.53800501044131,23.670000000000016,49.0,1011.0,,9.9,47.0,71.28055265740458,7.644800906090521,,157.81855766784588,1.3794738078915687,,,,,,,,,,,,,,,,
651,2025-05-16 01:29:07.784399,40.6609104,1.5124297,4.298303604125977,86.53800501044131,23.670000000000016,49.0,1011.0,,10.9,48.0,69.70724287652135,8.636310337168231,,156.24524788696266,1.4907251408083129,,,,,,,,,,,,,,,,
652,2025-05-16 01:29:12.785454,40.6609104,1.5124297,4.298303604125977,86.53800501044131,23.670000000000016,49.0,1011.0,,10.2,49.0,72.72831873613977,8.061551943709405,,159.26632374658107,1.2761789869560147,,,,,,,,,,,,,,,,
653,2025-05-16 01:29:17.786240,40.6609104,1.5124297,4.298303604125977,86.53800501044131,23.670000000000016,49.0,1011.0,,10.2,43.0,65.55937810418601,7.641097875397685,,152.09738311462732,1.778423063579464,,,,,,,,,,,,,,,,
654,2025-05-16 01:29:22.784602,40.6609104,1.5124297,4.298303604125977,86.53800501044131,23.670000000000016,49.0,1011.0,,10.0,40.0,62.38790178052962,7.2540734803048945,,148.92590679097094,1.9921912941444362,,,,,,,,,,,,,,,,
655,2025-05-16 01:29:27.784563,40.6609104,1.5124297,4.298303604125977,86.53800501044131,23.670000000000016,49.0,1011.0,,10.1,42.0,64.61092638941419,7.48072989902415,,151.14893139985548,1.8429529388703536,,,,,,,,,,,,,,,,
656,2025-05-16 01:29:32.786208,40.6609104,1.5124297,4.298303604125977,86.53800501044131,23.670000000000016,49.0,1011.0,,10.6,44.0,65.68704009038812,8.079991814218651,,152.22504510082945,1.7696997142120712,,,,,,,,,,,,,,,,
657,2025-05-16 01:29:37.786215,40.6609104,1.5124297,4.298303604125977,86.53800501044131,23.670000000000016,49.0,1011.0,,10.1,48.0,71.85412011810737,7.898585862987632,,158.39212512854868,1.3386527575058054,,,,,,,,,,,,,,,,
658,2025-05-16 01:29:42.784098,40.6609104,1.5124297,4.298303604125977,86.53800501044131,23.670000000000016,49.0,1011.0,,10.0,46.0,69.78860107969255,7.6654003369451384,,156.32660609013385,1.484999008557454,,,,,,,,,,,,,,,,
659,2025-05-16 01:29:47.786206,40.6609104,1.5124297,4.298303604125977,86.53800501044131,23.670000000000016,49.0,1011.0,,9.6,45.0,69.85695884998265,7.230470873503473,,156.39496386042396,1.4801855542088618,,,,,,,,,,,,,,,,
660,2025-05-16 01:29:52.785460,40.6609104,1.5124297,4.298303604125977,86.53800501044131,23.670000000000016,49.0,1011.0,,10.1,43.0,65.85056278810464,7.548847116727106,,152.38856779854595,1.7585131162749872,,,,,,,,,,,,,,,,
661,2025-05-16 01:29:57.784529,40.6609104,1.5124297,4.298303604125977,86.53800501044131,23.670000000000016,49.0,1011.0,,11.5,46.0,65.95865836464952,9.058189918162352,,152.49666337509083,1.7511104216114404,,,,,,,,,,,,,,,,
662,2025-05-16 01:30:02.786278,40.6609104,1.5124297,4.298303604125977,86.53800501044131,23.670000000000016,49.0,1011.0,,10.0,44.0,67.37532444823101,7.525728984324686,,153.9133294586723,1.6535268166772998,,,,,,,,,,,,,,,,
663,2025-05-16 01:30:07.785439,40.6609104,1.5124297,4.298303604125977,86.53800501044131,23.670000000000016,49.0,1011.0,,10.6,44.0,65.68704009038812,8.079991814218651,,152.22504510082945,1.7696997142120712,,,,,,,,,,,,,,,,
664,2025-05-16 01:30:12.786266,40.6609104,1.5124297,4.298303604125977,86.53800501044131,23.670000000000016,49.0,1011.0,,10.9,44.0,64.92717904260186,8.359491802975125,,151.46518405304317,1.8214912844289801,,,,,,,,,,,,,,,,
665,2025-05-16 01:30:17.784566,40.6609104,1.5124297,4.298303604125977,86.53800501044131,23.670000000000016,49.0,1011.0,,10.7,48.0,70.20877850085418,8.450816933211614,,156.7467835112955,1.4553787806851275,,,,,,,,,,,,,,,,
666,2025-05-16 01:30:22.784621,40.6609104,1.5124297,4.298303604125977,86.53800501044131,23.670000000000016,49.0,1011.0,,10.0,47.0,70.9759995965556,7.736064483440498,,157.5140046069969,1.4010930545635274,,,,,,,,,,,,,,,,
667,2025-05-16 01:30:27.786214,40.6609104,1.5124297,4.298303604125977,86.53800501044131,23.670000000000016,49.0,1011.0,,10.1,46.0,69.49066258489026,7.757009205239001,,156.02866759533157,1.5059537573331518,,,,,,,,,,,,,,,,
668,2025-05-16 01:30:32.784595,40.6609104,1.5124297,4.298303604125977,86.53800501044131,23.670000000000016,49.0,1011.0,,9.1,43.0,69.20398140480623,6.638693643695291,,155.74198641524754,1.5260783159620817,,,,,,,,,,,,,,,,
669,2025-05-16 01:30:37.785381,40.6609104,1.5124297,4.298303604125977,86.53800501044131,23.670000000000016,49.0,1011.0,,9.4,43.0,68.10536823885619,6.9091320108899295,,154.6433732492975,1.6028410622306855,,,,,,,,,,,,,,,,
670,2025-05-16 01:30:42.786176,40.6609104,1.5124297,4.298303604125977,86.53800501044131,23.670000000000016,49.0,1011.0,,10.2,45.0,67.99897025778105,7.778976635862253,,154.53697526822236,1.6102444960416011,,,,,,,,,,,,,,,,
671,2025-05-16 01:30:47.784547,40.6609104,1.5124297,4.298303604125977,86.53800501044131,23.670000000000016,49.0,1011.0,,10.4,46.0,68.63772541176333,8.033036802090136,,155.17573042220465,1.5657158359138879,,,,,,,,,,,,,,,,
672,2025-05-16 01:30:52.784539,40.6609104,1.5124297,4.298303604125977,86.53800501044131,23.670000000000016,49.0,1011.0,,10.0,46.0,69.78860107969255,7.6654003369451384,,156.32660609013385,1.484999008557454,,,,,,,,,,,,,,,,
673,2025-05-16 01:30:57.786241,40.6609104,1.5124297,4.298303604125977,86.53800501044131,23.670000000000016,49.0,1011.0,,10.5,41.0,62.23782762690678,7.784730232301151,,148.7758326373481,2.0021606662559677,,,,,,,,,,,,,,,,
674,2025-05-16 01:31:02.785444,40.6609104,1.5124297,4.298303604125977,86.53800501044131,23.670000000000016,49.0,1011.0,,10.9,39.0,58.68847624762709,8.028978229842268,,145.2264812580684,2.233789511232818,,,,,,,,,,,,,,,,
675,2025-05-16 01:31:07.786175,40.6609104,1.5124297,4.298303604125977,86.53800501044131,23.670000000000016,49.0,1011.0,,11.2,39.0,57.99176177443791,8.312054249284202,,144.52976678487923,2.2782779772506663,,,,,,,,,,,,,,,,
676,2025-05-16 01:31:12.786449,40.6609104,1.5124297,4.298303604125977,86.53800501044131,23.670000000000016,49.0,1011.0,,11.1,41.0,60.7457245958788,8.346811349204893,,147.2837296063201,2.1005222809355995,,,,,,,,,,,,,,,,
677,2025-05-16 01:31:17.784126,40.6609104,1.5124297,4.298303604125977,86.53800501044131,23.670000000000016,49.0,1011.0,,10.1,36.0,56.88153435926617,7.088153531511442,,143.41953936970748,2.3484723837083945,,,,,,,,,,,,,,,,
678,2025-05-16 01:31:22.784175,40.6609104,1.5124297,4.298303604125977,86.53800501044131,23.670000000000016,49.0,1011.0,,10.2,38.0,59.22743602897418,7.308787918797428,,145.7654410394155,2.199147494902798,,,,,,,,,,,,,,,,
679,2025-05-16 01:31:27.785227,40.6609104,1.5124297,4.298303604125977,86.53800501044131,23.670000000000016,49.0,1011.0,,11.0,37.0,55.87251055787307,7.997143256589725,,142.4105155683144,2.411503997290336,,,,,,,,,,,,,,,,
680,2025-05-16 01:31:32.786165,40.6609104,1.5124297,4.298303604125977,86.53800501044131,23.670000000000016,49.0,1011.0,,10.2,37.0,57.91945202906674,7.24477362602651,,144.45745703950806,2.282876107788772,,,,,,,,,,,,,,,,
681,2025-05-16 01:31:37.786221,40.6609104,1.5124297,4.298303604125977,86.53800501044131,23.670000000000016,49.0,1011.0,,10.3,34.0,53.63626190276968,7.15249865712795,,140.174266913211,2.5485044341958254,,,,,,,,,,,,,,,,
682,2025-05-16 01:31:42.785579,40.6609104,1.5124297,4.298303604125977,86.53800501044131,23.670000000000016,49.0,1011.0,,10.2,41.0,63.06739796611989,7.505891508338466,,149.6054029765612,1.9468825761298374,,,,,,,,,,,,,,,,
683,2025-05-16 01:31:47.785578,40.6609104,1.5124297,4.298303604125977,86.53800501044131,23.670000000000016,49.0,1011.0,,10.1,38.0,59.514938695666494,7.2156637071320615,,146.0529437061078,2.1805882777789836,,,,,,,,,,,,,,,,
684,2025-05-16 01:31:52.786400,40.6609104,1.5124297,4.298303604125977,86.53800501044131,23.670000000000016,49.0,1011.0,,10.2,37.0,57.91945202906674,7.24477362602651,,144.45745703950806,2.282876107788772,,,,,,,,,,,,,,,,
685,2025-05-16 01:31:57.784526,40.6609104,1.5124297,4.298303604125977,86.53800501044131,23.670000000000016,49.0,1011.0,,10.9,38.0,57.40402698962168,7.96532658430992,,143.942032000063,2.3155458939188707,,,,,,,,,,,,,,,,
686,2025-05-16 01:32:02.785444,40.6609104,1.5124297,4.298303604125977,86.53800501044131,23.670000000000016,49.0,1011.0,,11.0,40.0,59.72161207553295,8.187563671575615,,146.25961708597427,2.1672129020416797,,,,,,,,,,,,,,,,
687,2025-05-16 01:32:07.784659,40.6609104,1.5124297,4.298303604125977,86.53800501044131,23.670000000000016,49.0,1011.0,,11.1,39.0,58.218665325667615,8.217562150690195,,144.75667033610893,2.2638258004033833,,,,,,,,,,,,,,,,
688,2025-05-16 01:32:12.784638,40.6609104,1.5124297,4.298303604125977,86.53800501044131,23.670000000000016,49.0,1011.0,,10.9,41.0,61.220237473184724,8.158850903326496,,147.75824248362602,2.0693930103734584,,,,,,,,,,,,,,,,
689,2025-05-16 01:32:17.784619,40.6609104,1.5124297,4.298303604125977,86.53800501044131,23.670000000000016,49.0,1011.0,,10.7,46.0,67.84162048381404,8.310726124551715,,154.37962549425535,1.621183095532748,,,,,,,,,,,,,,,,
690,2025-05-16 01:32:22.786165,40.6609104,1.5124297,4.298303604125977,86.53800501044131,23.670000000000016,49.0,1011.0,,9.7,43.0,67.08986090254312,7.1819187542722585,,153.62786591298442,1.6732735328906867,,,,,,,,,,,,,,,,
691,2025-05-16 01:32:27.786522,40.6609104,1.5124297,4.298303604125977,86.53800501044131,23.670000000000016,49.0,1011.0,,9.5,44.0,68.9832934112128,7.069550028247311,,155.5212984216541,1.5415442593784,,,,,,,,,,,,,,,,
692,2025-05-16 01:32:32.784380,40.6609104,1.5124297,4.298303604125977,86.53800501044131,23.670000000000016,49.0,1011.0,,9.3,39.0,63.412914416254516,6.544753710712183,,149.95091942669583,1.9237381653997074,,,,,,,,,,,,,,,,
693,2025-05-16 01:32:37.784600,40.6609104,1.5124297,4.298303604125977,86.53800501044131,23.670000000000016,49.0,1011.0,,9.9,40.0,62.692614409912,7.161712112045454,,149.23061942035332,1.9719073671946437,,,,,,,,,,,,,,,,
694,2025-05-16 01:32:42.784300,40.6609104,1.5124297,4.298303604125977,86.53800501044131,23.670000000000016,49.0,1011.0,,10.6,36.0,55.530263877674294,7.557414890262221,,142.0682688881156,2.4327145483688466,,,,,,,,,,,,,,,,
695,2025-05-16 01:32:47.786323,40.6609104,1.5124297,4.298303604125977,86.53800501044131,23.670000000000016,49.0,1011.0,,10.5,42.0,63.488591995535096,7.851490951199284,,150.0265970059764,1.9186595359567578,,,,,,,,,,,,,,,,
696,2025-05-16 01:32:52.786201,40.6609104,1.5124297,4.298303604125977,86.53800501044131,23.670000000000016,49.0,1011.0,,9.8,45.0,69.20710237629868,7.412419659068938,,155.74510738674,1.5258594335609508,,,,,,,,,,,,,,,,
697,2025-05-16 01:32:57.784378,40.6609104,1.5124297,4.298303604125977,86.53800501044131,23.670000000000016,49.0,1011.0,,9.7,43.0,67.08986090254312,7.1819187542722585,,153.62786591298442,1.6732735328906867,,,,,,,,,,,,,,,,
698,2025-05-16 01:33:02.784590,40.6609104,1.5124297,4.298303604125977,86.53800501044131,23.670000000000016,49.0,1011.0,,10.5,37.0,57.10391548828675,7.525760968675377,,143.64192049872807,2.334482062038205,,,,,,,,,,,,,,,,
699,2025-05-16 01:33:07.784249,40.6609104,1.5124297,4.298303604125977,86.53800501044131,23.670000000000016,49.0,1011.0,,9.7,36.0,58.09797562426914,6.7159393249533546,,144.63598063471045,2.2715173287032795,,,,,,,,,,,,,,,,
700,2025-05-16 01:33:12.785034,40.6609104,1.5124297,4.298303604125977,86.53800501044131,23.670000000000016,49.0,1011.0,,9.6,42.0,66.17970936171507,7.021793353829984,,152.71771437215637,1.73595283956693,,,,,,,,,,,,,,,,
701,2025-05-16 01:33:17.785041,40.6609104,1.5124297,4.298303604125977,86.53800501044131,23.670000000000016,49.0,1011.0,,10.2,37.0,57.91945202906674,7.24477362602651,,144.45745703950806,2.282876107788772,,,,,,,,,,,,,,,,
702,2025-05-16 01:33:22.784627,40.6609104,1.5124297,4.298303604125977,86.53800501044131,23.670000000000016,49.0,1011.0,,10.3,42.0,64.03618871292181,7.665742950912135,,150.57419372336312,1.8818118036338318,,,,,,,,,,,,,,,,
703,2025-05-16 01:33:27.785045,40.6609104,1.5124297,4.298303604125977,86.53800501044131,23.670000000000016,49.0,1011.0,,11.0,45.0,65.89677546171423,8.52112094149409,,152.43478047215552,1.755349104453809,,,,,,,,,,,,,,,,
704,2025-05-16 01:33:32.788111,40.6609104,1.5124297,4.298303604125977,86.53800501044131,23.670000000000016,49.0,1011.0,,10.8,42.0,62.71422174477722,8.131380750384404,,149.25222675521854,1.9704668987195524,,,,,,,,,,,,,,,,
705,2025-05-16 01:33:37.783401,40.6609104,1.5124297,4.298303604125977,86.53800501044131,23.670000000000016,49.0,1011.0,,10.7,39.0,59.18085277573404,7.840960089817192,,145.71885778617536,2.2021493924895577,,,,,,,,,,,,,,,,