id,Time,Latitude,Longitude,SpeedOverGround (m/s),CourseOverGround (deg),Temperature (C),Humidity (%),Pressure (hPa),Device1_MAC,Device1_WindSpeed (m/s),Device1_WindAngle (deg),Device1_TrueWindAngle (deg),Device1_TrueWindSpeed (m/s),Device1_CrossWindSpeed (m/s),Device1_TrueWindDirection (deg),Device1_VelocityMadeGood (m/s),Device2_MAC,Device2_WindSpeed (m/s),Device2_WindAngle (deg),Device2_TrueWindAngle (deg),Device2_TrueWindSpeed (m/s),Device2_CrossWindSpeed (m/s),Device2_TrueWindDirection (deg),Device2_VelocityMadeGood (m/s),Device3_MAC,Device3_WindSpeed (m/s),Device3_WindAngle (deg),Device3_TrueWindAngle (deg),Device3_TrueWindSpeed (m/s),Device3_CrossWindSpeed (m/s),Device3_TrueWindDirection (deg),Device3_VelocityMadeGood (m/s)
1,2025-05-16 04:28:35.235773,40.4138402,1.0864543,4.356624603271484,-70.76277470713725,23.670000000000016,49.0,1011.0,,8.3,49.0,80.14077666790405,6.357987864042856,,9.378001960766795,0.7459759746082303,,,,,,,,,,,,,,,,
2,2025-05-16 04:28:40.236072,40.4138402,1.0864543,4.356624603271484,-70.76277470713725,23.670000000000016,49.0,1011.0,,8.0,55.0,87.9725495716323,6.5573212901618945,,17.209774864495046,0.154129977342412,,,,,,,,,,,,,,,,
3,2025-05-16 04:28:45.236204,40.4138402,1.0864543,4.356624603271484,-70.76277470713725,23.670000000000016,49.0,1011.0,,7.5,52.0,87.47293864491857,5.9158337513386625,,16.710163937781317,0.19208899271194152,,,,,,,,,,,,,,,,
4,2025-05-16 04:28:50.236292,40.4138402,1.0864543,4.356624603271484,-70.76277470713725,23.670000000000016,49.0,1011.0,,7.0,46.0,84.26185013203111,5.060736850231238,,13.49907542489386,0.4355852447336544,,,,,,,,,,,,,,,,
5,2025-05-16 04:28:55.236005,40.4138402,1.0864543,4.356624603271484,-70.76277470713725,23.670000000000016,49.0,1011.0,,7.8,48.0,81.5358062729047,5.860360439373752,,10.77303156576744,0.6412572796969335,,,,,,,,,,,,,,,,
6,2025-05-16 04:29:00.236240,40.4138402,1.0864543,4.356624603271484,-70.76277470713725,23.670000000000016,49.0,1011.0,,7.8,49.0,82.6375001134612,5.935672884030477,,11.874725406323947,0.5582862810538319,,,,,,,,,,,,,,,,
7,2025-05-16 04:29:05.235916,40.4138402,1.0864543,4.356624603271484,-70.76277470713725,23.670000000000016,49.0,1011.0,,7.9,50.0,83.20214812035553,6.094596439160102,,12.439373413218277,0.5156794525030796,,,,,,,,,,,,,,,,
8,2025-05-16 04:29:10.236131,40.4138402,1.0864543,4.356624603271484,-70.76277470713725,23.670000000000016,49.0,1011.0,,8.5,52.0,82.54475803688672,6.755196304482743,,11.781983329749465,0.5652792761184655,,,,,,,,,,,,,,,,
9,2025-05-16 04:29:15.235816,40.3767256,1.00916,4.5,98.4328750726669,23.670000000000016,49.0,1011.0,,7.8,49.0,84.01405845856925,5.919008038925643,,182.44693353123614,0.46927997044433667,,,,,,,,,,,,,,,,
10,2025-05-16 04:29:20.235950,40.3766056,1.0087994,4.72737979888916,98.73616962276131,23.670000000000016,49.0,1011.0,,8.2,62.0,96.91213639380949,7.293178010788398,,195.6483060165708,-0.5689265535351764,,,,,,,,,,,,,,,,
11,2025-05-16 04:29:25.236208,40.3764899,1.0086055,4.694621562957764,100.10633289102256,23.670000000000016,49.0,1011.0,,7.8,64.0,100.31017255099663,7.125649448435798,,200.41650544201917,-0.8402287937424404,,,,,,,,,,,,,,,,
12,2025-05-16 04:29:30.236113,40.3763763,1.0083731,4.183084011077881,101.1848812326701,23.670000000000016,49.0,1011.0,,8.1,59.0,90.0930489471323,6.943064291538976,,191.2779301798024,-0.006793369340825849,,,,,,,,,,,,,,,,
13,2025-05-16 04:29:35.235820,40.3762818,1.0081572,4.973763942718506,96.92440730390207,23.670000000000016,49.0,1011.0,,7.9,53.0,91.99185875156911,6.3130350175581444,,188.91626605547117,-0.1728755570602212,,,,,,,,,,,,,,,,
14,2025-05-16 04:29:40.235764,40.3761668,1.0078956,4.811238765716553,98.2873988735348,23.670000000000016,49.0,1011.0,,8.2,53.0,88.91835909405457,6.549978308833244,,187.20575796758936,0.09082210940116668,,,,,,,,,,,,,,,,
15,2025-05-16 04:29:45.235871,40.3760547,1.0076521,4.611301898956299,99.27516717092371,23.670000000000016,49.0,1011.0,,7.2,50.0,89.82580360318913,5.51554548171122,,189.10097077411285,0.014019722652074514,,,,,,,,,,,,,,,,
16,2025-05-16 04:29:50.235815,40.3760547,1.0076521,4.611301898956299,99.27516717092371,23.670000000000016,49.0,1011.0,,7.8,53.0,89.23796660760858,6.229907973770323,,188.51313377853228,0.06132846891577158,,,,,,,,,,,,,,,,
17,2025-05-16 04:29:55.236006,40.3758212,1.0072231,4.638597011566162,94.84214900334281,23.670000000000016,49.0,1011.0,,8.5,57.0,90.07366389388966,7.128705719291533,,184.91581289723246,-0.005963738111691942,,,,,,,,,,,,,,,,
18,2025-05-16 04:30:00.236269,40.3756963,1.0070233,4.351823329925537,95.99492784089006,23.670000000000016,49.0,1011.0,,8.2,63.0,94.92128572260575,7.3332877034965644,,190.9162135634958,-0.37333015275859016,,,,,,,,,,,,,,,,
19,2025-05-16 04:30:05.236082,40.3755985,1.0067979,4.240780830383301,99.80900792626272,23.670000000000016,49.0,1011.0,,8.3,61.0,91.7111085495439,7.262582029978984,,191.52011647580662,-0.12662988080049653,,,,,,,,,,,,,,,,
20,2025-05-16 04:30:10.235763,40.3754811,1.0065549,4.676923751831055,100.07201119044323,23.670000000000016,49.0,1011.0,,8.1,52.0,87.22006915649943,6.390407419908933,,187.29208034694267,0.22683039097784755,,,,,,,,,,,,,,,,
21,2025-05-16 04:30:15.235808,40.3754811,1.0065549,4.676923751831055,100.07201119044323,23.670000000000016,49.0,1011.0,,8.2,55.0,89.77478581993833,6.717098654806553,,189.84679701038158,0.018383672314965235,,,,,,,,,,,,,,,,
22,2025-05-16 04:30:20.235643,40.3753312,1.0062688,4.512232780456543,93.73513926342383,23.670000000000016,49.0,1011.0,,8.2,60.0,93.3222595868354,7.11336318946832,,187.05739885025923,-0.26149237928814223,,,,,,,,,,,,,,,,
23,2025-05-16 04:30:25.241091,40.3751112,1.0058303,4.558934211730957,97.23002411831429,23.670000000000016,49.0,1011.0,,8.5,58.0,88.94304101171934,7.209635527613566,,184.1728715523521,0.08063501766045268,,,,,,,,,,,,,,,,
24,2025-05-16 04:30:30.235915,40.3751112,1.0058303,4.558934211730957,97.23002411831429,23.670000000000016,49.0,1011.0,,8.6,59.0,91.00725984609149,7.372778058914102,,188.23728396440578,-0.08014193859174816,,,,,,,,,,,,,,,,
25,2025-05-16 04:30:35.237407,40.3748918,1.0053572,4.68051815032959,96.62015652732386,23.670000000000016,49.0,1011.0,,8.0,57.0,95.1657317298596,6.736726246935404,,192.226865760567,-0.44691329465126967,,,,,,,,,,,,,,,,
26,2025-05-16 04:30:40.238538,40.3747926,1.0051305,4.719658851623535,90.49048521896596,23.670000000000016,49.0,1011.0,,8.1,57.0,92.26713846494715,6.798553181196593,,188.887294992271,-0.18515524156567278,,,,,,,,,,,,,,,,
27,2025-05-16 04:30:45.236801,40.3747007,1.0049768,4.570613384246826,97.67332388601564,23.670000000000016,49.0,1011.0,,7.9,58.0,93.28257572917038,6.71059018401503,,190.955899615186,-0.2617152314279387,,,,,,,,,,,,,,,,
28,2025-05-16 04:30:50.235686,40.3745691,1.004709,4.658160209655762,89.03320971803038,23.670000000000016,49.0,1011.0,,7.3,54.0,92.71228820681006,5.912447483645792,,190.38561209282568,-0.21628453886482818,,,,,,,,,,,,,,,,
29,2025-05-16 04:30:55.235364,40.3745691,1.004709,4.658160209655762,89.03320971803038,23.670000000000016,49.0,1011.0,,8.1,51.0,86.0076636964947,6.310194784827471,,175.0408734145251,0.32431528489083417,,,,,,,,,,,,,,,,
30,2025-05-16 04:31:00.235666,40.3743832,1.0043105,4.677903175354004,93.82801617575767,23.670000000000016,49.0,1011.0,,9.0,50.0,80.876655076009,6.98273660610447,,174.70467125176668,0.7417300663128149,,,,,,,,,,,,,,,,
31,2025-05-16 04:31:05.235515,40.3743832,1.0043105,4.677903175354004,93.82801617575767,23.670000000000016,49.0,1011.0,,9.4,55.0,84.70438806855844,7.733035594072291,,178.53240424431613,0.43174393170661507,,,,,,,,,,,,,,,,
32,2025-05-16 04:31:10.235820,40.3742716,1.0040144,4.441022872924805,92.36229173081878,23.670000000000016,49.0,1011.0,,9.3,61.0,89.5230845732487,8.134245064222064,,181.88537630406748,0.03696551263145537,,,,,,,,,,,,,,,,
33,2025-05-16 04:31:15.235648,40.3741968,1.0037714,4.509659767150879,80.92628060722382,23.670000000000016,49.0,1011.0,,7.6,57.0,93.32586093286461,6.384649771858021,,174.25214154008842,-0.2616262476503697,,,,,,,,,,,,,,,,
34,2025-05-16 04:31:20.236795,40.3739456,1.0033337,4.361451148986816,88.47605069686492,23.670000000000016,49.0,1011.0,,7.7,50.0,89.96063647373971,5.898543604074705,,175.75977211033654,0.003397612315039707,,,,,,,,,,,,,,,,
35,2025-05-16 04:31:25.235500,40.3739456,1.0033337,4.361451148986816,88.47605069686492,23.670000000000016,49.0,1011.0,,8.6,54.0,84.30777402534233,6.992023562942276,,172.78382472220724,0.43258938673513114,,,,,,,,,,,,,,,,
36,2025-05-16 04:31:30.239787,40.3736892,1.0028277,5.054747104644775,84.97740240774178,23.670000000000016,49.0,1011.0,,7.9,55.0,90.16057673331224,6.471326564467238,,169.45652533659987,-0.012750071390822806,,,,,,,,,,,,,,,,
37,2025-05-16 04:31:35.236186,40.3735791,1.00263,4.610546112060547,83.12341585943352,23.670000000000016,49.0,1011.0,,8.0,52.0,91.1764116280795,6.30541508026359,,176.15381403582128,-0.10377807088598032,,,,,,,,,,,,,,,,
38,2025-05-16 04:31:40.235798,40.3735,1.0024592,4.291078090667725,80.02665590107392,23.670000000000016,49.0,1011.0,,7.8,52.0,85.24677837860177,6.167695540379259,,165.2734342796757,0.35557693406405716,,,,,,,,,,,,,,,,
39,2025-05-16 04:31:45.235856,40.3735,1.0024592,4.291078090667725,80.02665590107392,23.670000000000016,49.0,1011.0,,7.3,61.0,96.71712916123363,6.428853277395761,,176.74378506230755,-0.5019173221126146,,,,,,,,,,,,,,,,
40,2025-05-16 04:31:50.235960,40.3733924,1.0021711,4.703256607055664,83.03824340048347,23.670000000000016,49.0,1011.0,,7.9,58.0,94.41181593658915,6.7194904179246056,,177.45005933707262,-0.36179634808491046,,,,,,,,,,,,,,,,
41,2025-05-16 04:31:55.236018,40.3732272,1.0017951,4.728966236114502,87.068095991926,23.670000000000016,49.0,1011.0,,7.9,55.0,91.74996688815699,6.474320718130849,,178.818062880083,-0.14441286622491947,,,,,,,,,,,,,,,,
42,2025-05-16 04:32:00.235560,40.3731083,1.0015559,4.650222301483154,81.73395047657783,23.670000000000016,49.0,1011.0,,7.6,59.0,96.44531777352574,6.555908481202589,,178.17926825010358,-0.5220102970274993,,,,,,,,,,,,,,,,
43,2025-05-16 04:32:05.235531,40.3729868,1.0013252,4.012899875640869,83.57537630700243,23.670000000000016,49.0,1011.0,,8.0,50.0,79.5580631553358,6.231555849731656,,163.13343946233823,0.7272939935334941,,,,,,,,,,,,,,,,
44,2025-05-16 04:32:10.235792,40.3729868,1.0013252,4.012899875640869,83.57537630700243,23.670000000000016,49.0,1011.0,,8.0,55.0,84.97935457018396,6.578456388109613,,168.5547308771864,0.3511877152650007,,,,,,,,,,,,,,,,
45,2025-05-16 04:32:15.238574,40.3727597,1.0007942,4.233384609222412,86.36111677131632,23.670000000000016,49.0,1011.0,,7.5,52.0,91.36069815577979,5.911747683564032,,174.7230681833262,-0.11298181184405445,,,,,,,,,,,,,,,,
46,2025-05-16 04:32:20.235484,40.372671,1.0005585,4.4591383934021,84.25248711037165,23.670000000000016,49.0,1011.0,,8.2,53.0,83.88587832269232,6.586275742875143,,170.24699509400864,0.4508941639467775,,,,,,,,,,,,,,,,
47,2025-05-16 04:32:25.235430,40.3725953,1.0003639,4.549562454223633,79.06152285059444,23.670000000000016,49.0,1011.0,,7.5,51.0,88.32600930309209,5.831083276966317,,167.38753215368655,0.13290406075359448,,,,,,,,,,,,,,,,
48,2025-05-16 04:32:30.238627,40.3724621,1.0000819,4.161298751831055,79.16670093362347,23.670000000000016,49.0,1011.0,,6.7,55.0,97.33625884967213,5.533617816966571,,176.3977817002666,-0.5809440479805079,,,,,,,,,,,,,,,,
49,2025-05-16 04:32:35.236253,40.3724621,1.0000819,4.161298751831055,79.16670093362347,23.670000000000016,49.0,1011.0,,7.3,56.0,90.74967696895716,6.052492364786997,,169.91637790258062,-0.05444625850583759,,,,,,,,,,,,,,,,
50,2025-05-16 04:32:40.235706,40.3723228,0.9998599,4.95352029800415,77.53611621268799,23.670000000000016,49.0,1011.0,,7.9,52.0,90.82638744059862,6.22593252694621,,168.3625036532866,-0.07144304640113722,,,,,,,,,,,,,,,,
51,2025-05-16 04:32:45.235729,40.3720903,0.9993685,4.639647006988525,78.0702096850263,23.670000000000016,49.0,1011.0,,8.0,50.0,84.22803633501441,6.159584396204836,,162.87781489187296,0.4548590682445649,,,,,,,,,,,,,,,,
52,2025-05-16 04:32:50.236126,40.3719794,0.9991671,4.689861297607422,75.7082619681442,23.670000000000016,49.0,1011.0,,8.6,56.0,89.04219459313113,7.1307194524527535,,164.7504565612753,0.0783960936249811,,,,,,,,,,,,,,,,
53,2025-05-16 04:32:55.235704,40.3718625,0.9989516,4.41084098815918,77.28395928890946,23.670000000000016,49.0,1011.0,,7.4,58.0,94.459542005536,6.294612933184965,,171.74350129444545,-0.3429655045731138,,,,,,,,,,,,,,,,
54,2025-05-16 04:33:00.236044,40.3717678,0.9987364,4.300419807434082,76.9390620565805,23.670000000000016,49.0,1011.0,,8.1,54.0,85.97905146799191,6.5692078965623475,,162.9181135245724,0.30155059437567633,,,,,,,,,,,,,,,,
55,2025-05-16 04:33:05.235920,40.3717678,0.9987364,4.300419807434082,76.9390620565805,23.670000000000016,49.0,1011.0,,7.7,53.0,86.89525091264917,6.158533017867532,,163.83431296922967,0.23291752592222265,,,,,,,,,,,,,,,,
56,2025-05-16 04:33:10.236185,40.3714651,0.99819,4.702054500579834,69.2373885597983,23.670000000000016,49.0,1011.0,,7.9,54.0,94.84804035639912,6.4141819648537854,,166.3714522502657,-0.4382512887824523,,,,,,,,,,,,,,,,
57,2025-05-16 04:33:15.235774,40.3713473,0.9979434,4.630270957946777,70.62322711220472,23.670000000000016,49.0,1011.0,,8.3,55.0,89.50592990714549,6.799214756463045,,158.74331846694378,0.040546018093339374,,,,,,,,,,,,,,,,
58,2025-05-16 04:33:20.235909,40.3712733,0.9977594,4.6098527908325195,69.24507252261456,23.670000000000016,49.0,1011.0,,8.8,56.0,87.55867444144982,7.302158320634195,,156.80374696406437,0.19636256715653946,,,,,,,,,,,,,,,,
59,2025-05-16 04:33:25.236115,40.3711745,0.997533,4.3110857009887695,66.66283071443203,23.670000000000016,49.0,1011.0,,7.6,54.0,88.54584213416365,6.150509934618059,,155.20867284859568,0.1094029305862984,,,,,,,,,,,,,,,,
60,2025-05-16 04:33:30.236202,40.3711745,0.997533,4.3110857009887695,66.66283071443203,23.670000000000016,49.0,1011.0,,7.7,56.0,90.04757312411901,6.383591509132146,,156.71040383855103,-0.0035795270318049817,,,,,,,,,,,,,,,,
61,2025-05-16 04:33:35.235580,40.3711023,0.9970077,4.8476948738098145,72.43075471377855,23.670000000000016,49.0,1011.0,,8.3,55.0,86.73937359517588,6.80998639023051,,153.73600248453562,0.24874699152648344,,,,,,,,,,,,,,,,
62,2025-05-16 04:33:40.238354,40.3709628,0.9967508,4.680410861968994,69.01299635499588,23.670000000000016,49.0,1011.0,,8.7,55.0,88.85513992468648,7.128045722036088,,161.28589463846504,0.09685814659776251,,,,,,,,,,,,,,,,
63,2025-05-16 04:33:45.236083,40.3708509,0.9965713,4.401573181152344,71.59551820093438,23.670000000000016,49.0,1011.0,,8.4,55.0,86.53636672602691,6.89346915478944,,158.13188492696128,0.2659210087550612,,,,,,,,,,,,,,,,
64,2025-05-16 04:33:50.235616,40.3708509,0.9965713,4.401573181152344,71.59551820093438,23.670000000000016,49.0,1011.0,,8.2,55.0,87.42779950295814,6.723821268584323,,159.02331770389253,0.19753507514431748,,,,,,,,,,,,,,,,
65,2025-05-16 04:33:55.235876,40.3705934,0.9961634,4.759548187255859,67.99236801751005,23.670000000000016,49.0,1011.0,,8.1,56.0,91.96237998154747,6.7191449390643365,,159.95474799905753,-0.16298261749280096,,,,,,,,,,,,,,,,
66,2025-05-16 04:34:00.236159,40.3705934,0.9961634,4.759548187255859,67.99236801751005,23.670000000000016,49.0,1011.0,,7.9,49.0,85.93879994245,5.977214641002088,,153.93116795996005,0.3370805994599666,,,,,,,,,,,,,,,,
67,2025-05-16 04:34:05.236219,40.370366,0.9957163,4.869839191436768,72.0782964620384,23.670000000000016,49.0,1011.0,,8.4,52.0,87.39017871249516,6.62616312403459,,159.46847517453355,0.22174435251764107,,,,,,,,,,,,,,,,
68,2025-05-16 04:34:10.236285,40.370366,0.9957163,4.869839191436768,72.0782964620384,23.670000000000016,49.0,1011.0,,8.4,54.0,89.43043763111523,6.7960785383958475,,161.50873409315363,0.048409001292764355,,,,,,,,,,,,,,,,
69,2025-05-16 04:34:15.236460,40.3702057,0.9954463,4.501220226287842,71.94318849006636,23.670000000000016,49.0,1011.0,,8.4,55.0,87.36374562854219,6.888167153476719,,159.30693411860855,0.20703401040304842,,,,,,,,,,,,,,,,
70,2025-05-16 04:34:20.236055,40.3700301,0.9950226,4.671087265014648,65.61432154475422,23.670000000000016,49.0,1011.0,,8.5,51.0,84.13862878565602,6.6404576909415,,149.75295033041024,0.4770202380835879,,,,,,,,,,,,,,,,
71,2025-05-16 04:34:25.235869,40.3699237,0.9947881,4.669997215270996,68.31277902166451,23.670000000000016,49.0,1011.0,,8.3,58.0,92.21027316947672,7.044039841246358,,160.52305219114123,-0.18010767492024068,,,,,,,,,,,,,,,,
72,2025-05-16 04:34:30.236093,40.3698103,0.9945511,4.7795867919921875,63.57224524708214,23.670000000000016,49.0,1011.0,,8.1,57.0,93.10086060196598,6.80319244061013,,156.6731058490481,-0.2585460661939996,,,,,,,,,,,,,,,,
73,2025-05-16 04:34:35.235879,40.3696939,0.9943121,4.859752178192139,65.61237494084075,23.670000000000016,49.0,1011.0,,8.1,58.0,94.72200381324849,6.892584072446697,,160.33437875408924,-0.40006087493623343,,,,,,,,,,,,,,,,
74,2025-05-16 04:34:40.236262,40.3696939,0.9943121,4.859752178192139,65.61237494084075,23.670000000000016,49.0,1011.0,,8.5,57.0,91.85051933583489,7.132419555018942,,157.46289427667563,-0.15693131377027514,,,,,,,,,,,,,,,,
75,2025-05-16 04:34:45.235555,40.3694384,0.993753,4.969908237457275,68.84827951297186,23.670000000000016,49.0,1011.0,,8.1,59.0,95.10028490795955,6.97065458257705,,164.9831126839457,-0.4259602546840509,,,,,,,,,,,,,,,,
76,2025-05-16 04:34:50.242839,40.3693242,0.9935575,4.810286521911621,64.99286995293143,23.670000000000016,49.0,1011.0,,6.9,53.0,98.43715925651193,5.570876484279542,,167.2854387694838,-0.7292077570532598,,,,,,,,,,,,,,,,
77,2025-05-16 04:34:55.235803,40.3692291,0.9933307,4.670445919036865,63.73772024010404,23.670000000000016,49.0,1011.0,,7.9,52.0,89.50817326280306,6.225514315551819,,154.50104321573448,0.041290972754688696,,,,,,,,,,,,,,,,
78,2025-05-16 04:35:00.235925,40.3692291,0.9933307,4.670445919036865,63.73772024010404,23.670000000000016,49.0,1011.0,,8.8,59.0,91.04894730100482,7.5443365195802485,,154.78666754110884,-0.0854998050505907,,,,,,,,,,,,,,,,
79,2025-05-16 04:35:05.239424,40.369057,0.9929459,4.848458766937256,64.8846387753434,23.670000000000016,49.0,1011.0,,8.3,63.0,92.97161779497974,7.405311795673751,,160.9397044899904,-0.21524607011462976,,,,,,,,,,,,,,,,
80,2025-05-16 04:35:10.236004,40.3689705,0.9927571,4.740560054779053,68.09403538330568,23.670000000000016,49.0,1011.0,,7.9,60.0,96.59140404049872,6.887124595955286,,164.68543942380438,-0.5441599559256552,,,,,,,,,,,,,,,,
81,2025-05-16 04:35:15.236982,40.3689705,0.9927571,4.740560054779053,68.09403538330568,23.670000000000016,49.0,1011.0,,7.9,59.0,95.66532734922717,6.804860073810929,,163.75936273253285,-0.4679765776246151,,,,,,,,,,,,,,,,
82,2025-05-16 04:35:20.236118,40.3687262,0.9922635,4.730034828186035,63.05442811553596,23.670000000000016,49.0,1011.0,,7.7,60.0,97.51793712308302,6.726214485044349,,160.57236523861897,-0.6188615300020723,,,,,,,,,,,,,,,,
83,2025-05-16 04:35:25.235914,40.3686088,0.9920342,4.430961608886719,66.52658210086862,23.670000000000016,49.0,1011.0,,8.1,62.0,95.02014516461787,7.179415794234303,,161.54672726548648,-0.3877357215053697,,,,,,,,,,,,,,,,
84,2025-05-16 04:35:30.235979,40.3685073,0.991815,4.728749752044678,68.99545642920728,23.670000000000016,49.0,1011.0,,8.0,61.0,96.92863134933064,7.048431050453906,,165.9240877785379,-0.5704428711087048,,,,,,,,,,,,,,,,
85,2025-05-16 04:35:35.235815,40.3683815,0.9915718,5.1079535484313965,64.55980180860678,23.670000000000016,49.0,1011.0,,7.8,56.0,96.58295096516487,6.509410111100116,,161.14275277377163,-0.5855837408696395,,,,,,,,,,,,,,,,
86,2025-05-16 04:35:40.236011,40.3682596,0.9913138,4.412727355957031,64.82908201663453,23.670000000000016,49.0,1011.0,,8.2,61.0,93.48915470587262,7.185200544832429,,158.31823672250715,-0.26855684565738064,,,,,,,,,,,,,,,,
87,2025-05-16 04:35:45.235738,40.3681381,0.9910489,4.81896448135376,69.31174199910306,23.670000000000016,49.0,1011.0,,8.3,59.0,91.11051522397499,7.115825146549191,,155.93959724060952,-0.08552277558868863,,,,,,,,,,,,,,,,
88,2025-05-16 04:35:50.238060,40.3679935,0.9908203,4.471317291259766,65.2180954408126,23.670000000000016,49.0,1011.0,,8.3,56.0,88.58489208668139,6.883111113808888,,153.802987527494,0.11042267447872448,,,,,,,,,,,,,,,,
89,2025-05-16 04:35:55.235838,40.3679253,0.9905758,4.420112133026123,66.40680790358329,23.670000000000016,49.0,1011.0,,7.9,60.0,93.93082984620538,6.857733256522768,,160.33763774978866,-0.303008044399381,,,,,,,,,,,,,,,,
90,2025-05-16 04:36:00.235983,40.3678504,0.9903622,4.59925651550293,66.63103618384564,23.670000000000016,49.0,1011.0,,7.5,56.0,93.72958230829387,6.230977966959413,,160.3606184921395,-0.29917028594061285,,,,,,,,,,,,,,,,
91,2025-05-16 04:36:05.235814,40.3677522,0.9901191,4.649832725524902,64.35312028432219,23.670000000000016,49.0,1011.0,,7.5,54.0,92.2787143022144,6.072429320297236,,156.63183458653657,-0.18488006256925793,,,,,,,,,,,,,,,,
92,2025-05-16 04:36:10.235832,40.3676469,0.9898924,4.620057106018066,67.85433672457326,23.670000000000016,49.0,1011.0,,7.6,54.0,91.42442203973636,6.15042973307864,,159.2787587643096,-0.11484673638395498,,,,,,,,,,,,,,,,
93,2025-05-16 04:36:15.236236,40.3675412,0.9896732,4.440586090087891,69.26643735433836,23.670000000000016,49.0,1011.0,,8.3,56.0,88.32919007357889,6.883938598283421,,157.59562742791724,0.12947417573031172,,,,,,,,,,,,,,,,
94,2025-05-16 04:36:20.236030,40.367419,0.989425,5.176035404205322,64.86422333991425,23.670000000000016,49.0,1011.0,,7.8,60.0,100.69725853696025,6.874464804825568,,165.5614818768745,-0.9607736189950264,,,,,,,,,,,,,,,,
95,2025-05-16 04:36:25.235965,40.367419,0.989425,5.176035404205322,64.86422333991425,23.670000000000016,49.0,1011.0,,7.7,58.0,99.52487673245464,6.621251925485678,,164.38910007236888,-0.8565086855159029,,,,,,,,,,,,,,,,
96,2025-05-16 04:36:30.235771,40.367164,0.988962,4.728952884674072,69.24822123982194,23.670000000000016,49.0,1011.0,,8.0,60.0,96.0062931478991,6.966446174921231,,165.25451438772103,-0.4948267395190084,,,,,,,,,,,,,,,,
97,2025-05-16 04:36:35.235859,40.3670645,0.9886881,5.376440048217773,65.68842226705968,23.670000000000016,49.0,1011.0,,8.1,59.0,99.84292719742149,7.046783096474932,,165.53134946448117,-0.9190902730725794,,,,,,,,,,,,,,,,
98,2025-05-16 04:36:40.236029,40.3670645,0.9886881,5.376440048217773,65.68842226705968,23.670000000000016,49.0,1011.0,,8.0,55.0,96.85520687142218,6.600402898482121,,162.54362913848186,-0.6417355231692962,,,,,,,,,,,,,,,,
99,2025-05-16 04:36:45.235558,40.3669521,0.988442,4.558413028717041,67.4137758627291,23.670000000000016,49.0,1011.0,,8.6,58.0,90.00869943564288,7.293213711012321,,157.42247529837198,-0.0006921211468205571,,,,,,,,,,,,,,,,
100,2025-05-16 04:36:50.235936,40.3667417,0.9880661,4.848840236663818,68.50701594128134,23.670000000000016,49.0,1011.0,,8.6,65.0,98.85534172470324,7.888273994070044,,167.36235766598458,-0.746431871855898,,,,,,,,,,,,,,,,
101,2025-05-16 04:36:55.236243,40.3667417,0.9880661,4.848840236663818,68.50701594128134,23.670000000000016,49.0,1011.0,,8.2,66.0,101.42303615214789,7.642457407776458,,169.93005209342923,-0.9603198347845228,,,,,,,,,,,,,,,,
102,2025-05-16 04:37:00.237169,40.3665753,0.9877599,4.710587978363037,70.32061558102731,23.670000000000016,49.0,1011.0,,8.6,61.0,94.11561861569936,7.5411762448806,,164.43623419672667,-0.3380757916718452,,,,,,,,,,,,,,,,
103,2025-05-16 04:37:05.235533,40.3663808,0.9873553,4.499309539794922,66.36254144757243,23.670000000000016,49.0,1011.0,,8.3,54.0,86.76691094006391,6.725545700629117,,153.12945238763632,0.2537525463205424,,,,,,,,,,,,,,,,
104,2025-05-16 04:37:10.236184,40.3663808,0.9873553,4.499309539794922,66.36254144757243,23.670000000000016,49.0,1011.0,,9.0,60.0,89.99492439118396,7.79422866464253,,156.35746583875638,0.00039857621853670017,,,,,,,,,,,,,,,,
105,2025-05-16 04:37:15.235955,40.3661913,0.9869298,4.151206016540527,62.432109089688595,23.670000000000016,49.0,1011.0,,8.6,63.0,91.8454087299359,7.666632388178023,,154.2775178196245,-0.13368083034627384,,,,,,,,,,,,,,,,
106,2025-05-16 04:37:20.235855,40.366085,0.9867284,4.618324279785156,68.75029361913884,23.670000000000016,49.0,1011.0,,7.9,65.0,100.13319172113478,7.273284397070273,,168.88348534027364,-0.8125342299745613,,,,,,,,,,,,,,,,
107,2025-05-16 04:37:25.237283,40.366085,0.9867284,4.618324279785156,68.75029361913884,23.670000000000016,49.0,1011.0,,8.3,61.0,94.68100975210004,7.283638217607019,,163.43130337123887,-0.37689302201794694,,,,,,,,,,,,,,,,
108,2025-05-16 04:37:30.236312,40.3659658,0.9864508,4.441413879394531,65.0824615442745,23.670000000000016,49.0,1011.0,,8.2,56.0,88.78679159429895,6.799632375006931,,153.86925313857344,0.09403760719328001,,,,,,,,,,,,,,,,
109,2025-05-16 04:37:35.235868,40.3657946,0.9860151,4.67954683303833,62.80720258833818,23.670000000000016,49.0,1011.0,,8.4,59.0,92.80855937169805,7.208864407886683,,155.61576196003622,-0.22929302223230577,,,,,,,,,,,,,,,,
110,2025-05-16 04:37:40.236089,40.3657946,0.9860151,4.67954683303833,62.80720258833818,23.670000000000016,49.0,1011.0,,7.9,65.0,100.60724061181368,7.284305030629619,,163.41444320015185,-0.8613902279686897,,,,,,,,,,,,,,,,
111,2025-05-16 04:37:45.235434,40.3655733,0.9855304,4.6199259757995605,58.82645222683886,23.670000000000016,49.0,1011.0,,7.2,66.0,104.42124689002966,6.791522229340762,,163.24769911686852,-1.150588166079982,,,,,,,,,,,,,,,,
112,2025-05-16 04:37:50.236134,40.3655733,0.9855304,4.6199259757995605,58.82645222683886,23.670000000000016,49.0,1011.0,,7.5,56.0,93.91920029414888,6.232356594295478,,152.74565252098773,-0.3157701810522595,,,,,,,,,,,,,,,,
113,2025-05-16 04:37:55.235844,40.3653717,0.9850472,4.360136032104492,58.49128801407716,23.670000000000016,49.0,1011.0,,8.1,62.0,94.456617099009,7.173565097763243,,152.94790511308616,-0.3388010259932325,,,,,,,,,,,,,,,,
114,2025-05-16 04:38:00.235448,40.3652667,0.9848206,4.439761638641357,57.42377725812836,23.670000000000016,49.0,1011.0,,7.7,59.0,94.1074367635539,6.617184490521702,,151.53121402168227,-0.31800639649541684,,,,,,,,,,,,,,,,
115,2025-05-16 04:38:05.235426,40.3652667,0.9848206,4.439761638641357,57.42377725812836,23.670000000000016,49.0,1011.0,,8.4,57.0,88.90049954167391,7.046130108026424,,146.32427679980228,0.08519336674216044,,,,,,,,,,,,,,,,
116,2025-05-16 04:38:10.235418,40.3651318,0.9845379,4.559001445770264,59.75585655777,23.670000000000016,49.0,1011.0,,8.2,63.0,96.52970178237352,7.3539583443073,,156.28555834014352,-0.5184417122953245,,,,,,,,,,,,,,,,
117,2025-05-16 04:38:15.235415,40.3650172,0.9843123,4.3711676597595215,61.13082827920693,23.670000000000016,49.0,1011.0,,7.9,61.0,94.47842827753388,6.930656347401912,,155.6092565567408,-0.34131717678394824,,,,,,,,,,,,,,,,
118,2025-05-16 04:38:20.235818,40.3648342,0.9839108,4.879424571990967,61.99666403953277,23.670000000000016,49.0,1011.0,,8.3,56.0,91.98197996115175,6.885130855596879,,153.9786440006845,-0.1687557652264823,,,,,,,,,,,,,,,,
119,2025-05-16 04:38:25.235922,40.3648342,0.9839108,4.879424571990967,61.99666403953277,23.670000000000016,49.0,1011.0,,7.9,53.0,91.13579081430878,6.310460376859904,,153.13245485384155,-0.09671991017836785,,,,,,,,,,,,,,,,
120,2025-05-16 04:38:30.235382,40.3647004,0.9836155,4.820286750793457,57.19346327931553,23.670000000000016,49.0,1011.0,,7.9,56.0,93.51816779400686,6.561763184451133,,150.7116310733224,-0.2957970548138509,,,,,,,,,,,,,,,,
121,2025-05-16 04:38:35.236119,40.3644757,0.9831855,4.660648345947266,58.2128553525616,23.670000000000016,49.0,1011.0,,7.9,69.0,103.93178724029967,7.598819417660726,,162.14464259286126,-1.1221282287063878,,,,,,,,,,,,,,,,
122,2025-05-16 04:38:40.235730,40.3643412,0.982913,4.779025077819824,54.88597607578052,23.670000000000016,49.0,1011.0,,8.4,61.0,94.57781977385906,7.370317958244002,,152.79067512642067,-0.37198054692211874,,,,,,,,,,,,,,,,
123,2025-05-16 04:38:45.236063,40.3643412,0.982913,4.779025077819824,54.88597607578052,23.670000000000016,49.0,1011.0,,7.8,48.0,85.65724264890865,5.813219960028072,,140.54321872468915,0.3618814556158753,,,,,,,,,,,,,,,,
124,2025-05-16 04:38:50.235452,40.3641373,0.982443,4.76163911819458,55.319232050307356,23.670000000000016,49.0,1011.0,,8.3,58.0,91.96944740034536,7.042959510489938,,147.8726845303509,-0.1594736932510873,,,,,,,,,,,,,,,,
125,2025-05-16 04:38:55.235841,40.3641373,0.982443,4.76163911819458,55.319232050307356,23.670000000000016,49.0,1011.0,,8.3,57.0,91.98399234042469,6.9651410481406675,,147.30322439073205,-0.16484927559564144,,,,,,,,,,,,,,,,
126,2025-05-16 04:39:00.235423,40.3640298,0.9822035,4.859727382659912,53.06777288853395,23.670000000000016,49.0,1011.0,,8.9,62.0,94.95603324967449,7.887723526637547,,148.02380613820844,-0.41983803337421105,,,,,,,,,,,,,,,,
127,2025-05-16 04:39:05.236019,40.3638381,0.9817398,4.555508136749268,54.61072286732359,23.670000000000016,49.0,1011.0,,7.7,63.0,97.7669351677005,6.9242735521691285,,154.8321684755382,-0.5988896751888863,,,,,,,,,,,,,,,,
128,2025-05-16 04:39:10.238369,40.36372,0.9815042,4.609855651855469,53.94841649898038,23.670000000000016,49.0,1011.0,,7.6,62.0,98.3717403683395,6.782676110171211,,152.9824632356631,-0.6632595640225076,,,,,,,,,,,,,,,,
129,2025-05-16 04:39:15.235904,40.3636268,0.9813281,4.331188201904297,54.408409249013225,23.670000000000016,49.0,1011.0,,7.9,53.0,86.16299956084033,6.323394659345355,,140.57140880985355,0.28983551868223456,,,,,,,,,,,,,,,,
130,2025-05-16 04:39:20.235821,40.3636268,0.9813281,4.331188201904297,54.408409249013225,23.670000000000016,49.0,1011.0,,8.1,58.0,90.32397827769928,6.869299395421242,,144.7323875267125,-0.024490519693602737,,,,,,,,,,,,,,,,
131,2025-05-16 04:39:25.235803,40.3634164,0.9808704,4.352099895477295,55.37042773323118,23.670000000000016,49.0,1011.0,,7.7,57.0,91.40492112324432,6.459705240554127,,146.7753488564755,-0.10670496901323696,,,,,,,,,,,,,,,,
132,2025-05-16 04:39:30.236595,40.3634164,0.9808704,4.352099895477295,55.37042773323118,23.670000000000016,49.0,1011.0,,7.9,58.0,91.41712387399392,6.701629699067076,,146.7875516072251,-0.10763159025573715,,,,,,,,,,,,,,,,
133,2025-05-16 04:39:35.236329,40.363193,0.9803837,4.619678974151611,52.59511355268532,23.670000000000016,49.0,1011.0,,8.3,61.0,94.69163057041061,7.283748896883564,,147.28674412309593,-0.3778570551372353,,,,,,,,,,,,,,,,
134,2025-05-16 04:39:40.235848,40.363193,0.9803837,4.619678974151611,52.59511355268532,23.670000000000016,49.0,1011.0,,7.9,57.0,92.73951819070795,6.633078120070079,,145.3346317433933,-0.22079938741471875,,,,,,,,,,,,,,,,
135,2025-05-16 04:39:45.235426,40.3629535,0.9798829,4.89185905456543,53.527642695161745,23.670000000000016,49.0,1011.0,,7.5,59.0,99.09438489482072,6.510597511504863,,152.62202758998245,-0.7732135912837226,,,,,,,,,,,,,,,,
136,2025-05-16 04:39:50.235790,40.3628309,0.979642,4.760500907897949,54.88289566046485,23.670000000000016,49.0,1011.0,,7.4,57.0,96.71015842432305,6.24896795545031,,151.5930540847879,-0.5562494040538792,,,,,,,,,,,,,,,,
137,2025-05-16 04:39:55.235777,40.3628309,0.979642,4.760500907897949,54.88289566046485,23.670000000000016,49.0,1011.0,,8.0,60.0,96.26421263231542,6.969817905147422,,151.14710829278027,-0.5194346985495333,,,,,,,,,,,,,,,,
138,2025-05-16 04:40:00.235506,40.362634,0.9791832,4.400045871734619,51.87996201073372,23.670000000000016,49.0,1011.0,,8.0,60.0,93.88708358068294,6.94417771080187,,148.25482588337792,-0.303073720887623,,,,,,,,,,,,,,,,
139,2025-05-16 04:40:05.237402,40.3625402,0.9789689,4.56247091293335,55.45621149411196,23.670000000000016,49.0,1011.0,,7.4,60.0,96.23402088833518,6.446709565548357,,148.1139828990689,-0.4777993977597097,,,,,,,,,,,,,,,,
140,2025-05-16 04:40:10.235870,40.3624589,0.9787762,4.878634929656982,52.133030764766445,23.670000000000016,49.0,1011.0,,7.7,60.0,98.76905752616868,6.747265358536777,,150.90208829093513,-0.7437582533108028,,,,,,,,,,,,,,,,
141,2025-05-16 04:40:15.235994,40.3623531,0.9785242,4.3018927574157715,53.92504017654601,23.670000000000016,49.0,1011.0,,7.7,60.0,98.76905752616868,6.747265358536777,,150.90208829093513,-0.7437582533108028,,,,,,,,,,,,,,,,
142,2025-05-16 04:40:20.235930,40.3622565,0.9783049,4.539173603057861,53.53487928058737,23.670000000000016,49.0,1011.0,,8.3,59.0,92.1279967419792,7.1193983531583,,145.66287602256656,-0.1685486462901557,,,,,,,,,,,,,,,,
143,2025-05-16 04:40:25.235485,40.3622565,0.9783049,4.539173603057861,53.53487928058737,23.670000000000016,49.0,1011.0,,8.5,57.0,89.2746030231345,7.129271195066175,,142.80948230372186,0.05746697005084381,,,,,,,,,,,,,,,,
144,2025-05-16 04:40:30.235905,40.3620295,0.9778258,4.849602222442627,55.05657712577451,23.670000000000016,49.0,1011.0,,8.6,55.0,89.32371689136133,7.045198341839488,,144.38029401713584,0.05724030531772552,,,,,,,,,,,,,,,,
145,2025-05-16 04:40:35.235831,40.3620295,0.9778258,4.849602222442627,55.05657712577451,23.670000000000016,49.0,1011.0,,8.4,55.0,90.26279369284605,6.880949549302436,,145.31937081862054,-0.022243181247920393,,,,,,,,,,,,,,,,
146,2025-05-16 04:40:40.236141,40.3618283,0.9773618,4.693060874938965,49.73532700757932,23.670000000000016,49.0,1011.0,,7.8,58.0,94.83640172712565,6.638411245820332,,144.57172873470498,-0.39567631847336326,,,,,,,,,,,,,,,,
147,2025-05-16 04:40:45.236123,40.361717,0.9771316,4.789640426635742,47.029212888609436,23.670000000000016,49.0,1011.0,,8.1,57.0,93.18540047855421,6.803743686232409,,140.21461336716365,-0.266146384360362,,,,,,,,,,,,,,,,
148,2025-05-16 04:40:50.235933,40.3616146,0.9768981,4.381319522857666,47.05739766421949,23.670000000000016,49.0,1011.0,,8.7,66.0,98.94525436637728,8.045702451719551,,145.97446725498673,-0.7447443793741197,,,,,,,,,,,,,,,,
149,2025-05-16 04:40:55.235986,40.3615112,0.9766808,4.678858757019043,48.1954711044837,23.670000000000016,49.0,1011.0,,8.2,60.0,94.66006138839025,7.124961576077278,,142.85553249287395,-0.38012813619225766,,,,,,,,,,,,,,,,
150,2025-05-16 04:41:00.235826,40.3613934,0.9764361,4.899280548095703,45.970106680434334,23.670000000000016,49.0,1011.0,,8.4,60.0,95.49075198329632,7.3081456803312985,,141.46085866373065,-0.46878808069842304,,,,,,,,,,,,,,,,
151,2025-05-16 04:41:05.235600,40.3612782,0.9761712,4.690767288208008,46.484658981557246,23.670000000000016,49.0,1011.0,,8.4,60.0,93.85949742826084,7.291148917089475,,140.34415640981808,-0.31573558129541407,,,,,,,,,,,,,,,,
152,2025-05-16 04:41:10.235528,40.361147,0.9758769,4.321093559265137,46.680005806914195,23.670000000000016,49.0,1011.0,,7.7,61.0,98.09384350964994,6.802331180864198,,144.5785024912072,-0.6604358864175536,,,,,,,,,,,,,,,,
153,2025-05-16 04:41:15.238475,40.3610496,0.9756506,4.6389384269714355,44.91625971792014,23.670000000000016,49.0,1011.0,,7.8,59.0,92.6016369192498,6.692803396104528,,139.281642726164,-0.19614104071539512,,,,,,,,,,,,,,,,
154,2025-05-16 04:41:20.235220,40.3609417,0.9754239,4.630003929138184,45.45684186996997,23.670000000000016,49.0,1011.0,,8.2,62.0,96.22140930713061,7.283063578769325,,141.13766902505074,-0.5027255867280138,,,,,,,,,,,,,,,,
155,2025-05-16 04:41:25.235386,40.3609417,0.9754239,4.630003929138184,45.45684186996997,23.670000000000016,49.0,1011.0,,8.3,62.0,95.71479991354023,7.365070290945467,,141.1716417835102,-0.4610408662868836,,,,,,,,,,,,,,,,
156,2025-05-16 04:41:30.235745,40.3608286,0.975195,4.8594865798950195,44.1699147020291,23.670000000000016,49.0,1011.0,,8.4,58.0,93.2793198693074,7.135287837943112,,137.4492345713365,-0.2779805412602825,,,,,,,,,,,,,,,,
157,2025-05-16 04:41:35.236006,40.3606485,0.9747794,4.560319900512695,42.85804026814475,23.670000000000016,49.0,1011.0,,7.7,59.0,95.14715437243738,6.626910781351102,,138.00519464058215,-0.40912457387075757,,,,,,,,,,,,,,,,
158,2025-05-16 04:41:40.235982,40.3605519,0.974555,4.390509605407715,43.30369986620432,23.670000000000016,49.0,1011.0,,7.5,61.0,96.56086842649093,6.602889911083878,,139.86456829269525,-0.5016538108525889,,,,,,,,,,,,,,,,
159,2025-05-16 04:41:45.235519,40.3605519,0.974555,4.390509605407715,43.30369986620432,23.670000000000016,49.0,1011.0,,8.2,62.0,94.27207666508468,7.260342714968138,,137.575776531289,-0.3270610713856077,,,,,,,,,,,,,,,,
160,2025-05-16 04:41:50.236188,40.3604291,0.9742933,4.719552040100098,43.870841208841746,23.670000000000016,49.0,1011.0,,7.2,65.0,104.41036604647789,6.7373867037683075,,148.28120725531963,-1.1745318883414377,,,,,,,,,,,,,,,,
161,2025-05-16 04:41:55.236001,40.3602186,0.973854,4.759578227996826,44.52630714273119,23.670000000000016,49.0,1011.0,,8.3,59.0,93.89795613569719,7.1309846709106,,138.42426327842838,-0.32355470514523627,,,,,,,,,,,,,,,,
162,2025-05-16 04:42:00.235864,40.3601118,0.9736075,4.580576419830322,42.66121470683249,23.670000000000016,49.0,1011.0,,8.1,58.0,92.40271467184425,6.875233975808114,,135.06392937867673,-0.19203146898731244,,,,,,,,,,,,,,,,
163,2025-05-16 04:42:05.236192,40.3600067,0.9733783,4.619851589202881,43.43611674364336,23.670000000000016,49.0,1011.0,,7.9,61.0,96.19974580641401,6.950143999019789,,138.8609605132465,-0.4946790991658695,,,,,,,,,,,,,,,,
164,2025-05-16 04:42:10.235502,40.3598911,0.9731525,4.510356903076172,42.81387968006603,23.670000000000016,49.0,1011.0,,8.4,67.0,99.02565118682571,7.8291800616010105,,141.83953086689175,-0.7075696141181876,,,,,,,,,,,,,,,,
165,2025-05-16 04:42:15.235898,40.3597786,0.972921,4.69938325881958,42.508481431707246,23.670000000000016,49.0,1011.0,,7.9,63.0,98.98410146676662,7.1263800360263545,,141.49258289847387,-0.7338575390501424,,,,,,,,,,,,,,,,
166,2025-05-16 04:42:20.235722,40.3597786,0.972921,4.69938325881958,42.508481431707246,23.670000000000016,49.0,1011.0,,7.8,58.0,94.89077121875867,6.638947280932644,,137.3992526504659,-0.40065267783910996,,,,,,,,,,,,,,,,
167,2025-05-16 04:42:25.236250,40.3595854,0.9724578,4.5605645179748535,41.94716624043184,23.670000000000016,49.0,1011.0,,7.5,60.0,97.11342694261162,6.5455721551137,,139.06059318304347,-0.5647530410794617,,,,,,,,,,,,,,,,
168,2025-05-16 04:42:30.235565,40.3594939,0.9722232,4.659635543823242,40.038644046695616,23.670000000000016,49.0,1011.0,,7.1,59.0,99.35741260264652,6.167963146240553,,139.39605664934214,-0.757622293863662,,,,,,,,,,,,,,,,
169,2025-05-16 04:42:35.236002,40.3593886,0.9719858,4.719723701477051,41.017048154732436,23.670000000000016,49.0,1011.0,,8.0,57.0,93.09357329145968,6.719156168844718,,134.1106214461921,-0.25470843016562916,,,,,,,,,,,,,,,,
170,2025-05-16 04:42:40.235902,40.3593886,0.9719858,4.719723701477051,41.017048154732436,23.670000000000016,49.0,1011.0,,8.3,60.0,94.53180507622452,7.210553730194701,,135.54885323095695,-0.37291705433028705,,,,,,,,,,,,,,,,
171,2025-05-16 04:42:45.236132,40.3591564,0.9715393,4.619593620300293,38.87575994427134,23.670000000000016,49.0,1011.0,,7.4,60.0,98.16585593638159,6.474229871304925,,137.04161588065293,-0.6561628033068028,,,,,,,,,,,,,,,,
172,2025-05-16 04:42:50.235786,40.3590394,0.9712992,4.869232177734375,37.64933117690385,23.670000000000016,49.0,1011.0,,7.4,60.0,98.16585593638159,6.474229871304925,,137.04161588065293,-0.6561628033068028,,,,,,,,,,,,,,,,
173,2025-05-16 04:42:55.235402,40.3589289,0.9710355,4.620880126953125,37.33853707910076,23.670000000000016,49.0,1011.0,,7.6,56.0,93.3699541257378,6.311599626956404,,130.70849120483857,-0.27162868379850086,,,,,,,,,,,,,,,,
174,2025-05-16 04:43:00.235893,40.3588199,0.9707912,4.440638065338135,38.53522378772743,23.670000000000016,49.0,1011.0,,7.5,60.0,96.06949377415401,6.531805335226547,,134.60471756188144,-0.4695292533860605,,,,,,,,,,,,,,,,
175,2025-05-16 04:43:05.235556,40.3588199,0.9707912,4.440638065338135,38.53522378772743,23.670000000000016,49.0,1011.0,,6.8,56.0,96.45805185634359,5.673456586796938,,134.99327564407102,-0.49946412587244327,,,,,,,,,,,,,,,,
176,2025-05-16 04:43:10.235801,40.3585958,0.9703314,4.729397773742676,38.30767945062304,23.670000000000016,49.0,1011.0,,8.1,60.0,95.53195516132614,7.047629483377123,,133.83963461194918,-0.4559181674069293,,,,,,,,,,,,,,,,
177,2025-05-16 04:43:15.235777,40.3584763,0.9700961,4.67020320892334,38.696358195531786,23.670000000000016,49.0,1011.0,,7.1,61.0,101.18651645630068,6.330065868940125,,139.88287465183248,-0.9060357471192583,,,,,,,,,,,,,,,,
178,2025-05-16 04:43:20.236032,40.3583555,0.9698653,4.639065265655518,37.70399659592605,23.670000000000016,49.0,1011.0,,7.0,57.0,98.01454475852022,5.928600351161695,,135.71854135444627,-0.6467992619289414,,,,,,,,,,,,,,,,
179,2025-05-16 04:43:25.236002,40.3582497,0.9696312,4.470602035522461,36.62015144257716,23.670000000000016,49.0,1011.0,,7.1,59.0,97.6166573710843,6.1400613011518255,,134.23680881366147,-0.5925539652637345,,,,,,,,,,,,,,,,
180,2025-05-16 04:43:30.235661,40.3582497,0.9696312,4.470602035522461,36.62015144257716,23.670000000000016,49.0,1011.0,,8.1,63.0,96.27253071036591,7.260618896049649,,132.89268215294308,-0.48844798323941035,,,,,,,,,,,,,,,,
181,2025-05-16 04:43:35.235669,40.3581112,0.9691338,4.559678077697754,36.15105746547527,23.670000000000016,49.0,1011.0,,8.0,63.0,97.08757339074126,7.182939028321491,,134.602636708941,-0.5574837525424527,,,,,,,,,,,,,,,,
182,2025-05-16 04:43:40.235879,40.3580301,0.9689471,4.719337463378906,35.295265498323936,23.670000000000016,49.0,1011.0,,6.9,59.0,101.1485453626915,6.028211595638924,,136.44381086101544,-0.9124995830443471,,,,,,,,,,,,,,,,
183,2025-05-16 04:43:45.235843,40.3580301,0.9689471,4.719337463378906,35.295265498323936,23.670000000000016,49.0,1011.0,,7.4,56.0,95.41289665061291,6.1623574886479835,,130.70816214893685,-0.4451864340274854,,,,,,,,,,,,,,,,
184,2025-05-16 04:43:50.236102,40.3578147,0.968505,4.3210954666137695,36.25038890657476,23.670000000000016,49.0,1011.0,,7.4,59.0,94.59519838363764,6.363492862438502,,130.8455872902124,-0.34618624842830964,,,,,,,,,,,,,,,,
185,2025-05-16 04:43:55.235404,40.3578147,0.968505,4.3210954666137695,36.25038890657476,23.670000000000016,49.0,1011.0,,7.8,58.0,91.62559958980708,6.617438404559528,,127.87598849638184,-0.12258195471918443,,,,,,,,,,,,,,,,
186,2025-05-16 04:44:00.236025,40.3575929,0.968024,4.3803791999816895,36.26025852992543,23.670000000000016,49.0,1011.0,,7.2,59.0,96.21517814298187,6.208093758951599,,132.4754366729073,-0.47423172749894094,,,,,,,,,,,,,,,,
187,2025-05-16 04:44:05.235673,40.3575929,0.968024,4.3803791999816895,36.26025852992543,23.670000000000016,49.0,1011.0,,7.3,58.0,94.72754257356331,6.21188465958343,,130.98780110348875,-0.3610203026452314,,,,,,,,,,,,,,,,
188,2025-05-16 04:44:10.235484,40.3574727,0.967731,4.549475193023682,36.01678277658199,23.670000000000016,49.0,1011.0,,7.3,57.0,95.35253231269596,6.1491077856239285,,131.36931508927796,-0.42439092573404225,,,,,,,,,,,,,,,,
189,2025-05-16 04:44:15.236042,40.3572775,0.9672891,4.739450931549072,35.541797761320964,23.670000000000016,49.0,1011.0,,7.8,55.0,92.37994910833604,6.394902037837311,,127.921746869657,-0.19681045864374663,,,,,,,,,,,,,,,,
190,2025-05-16 04:44:20.236126,40.3571756,0.9670487,4.680135726928711,36.313991628125926,23.670000000000016,49.0,1011.0,,7.4,59.0,97.79969716011144,6.402268239832707,,134.11368878823737,-0.6351427910069601,,,,,,,,,,,,,,,,
191,2025-05-16 04:44:25.236003,40.3570797,0.9668148,4.6600213050842285,36.51478894444054,23.670000000000016,49.0,1011.0,,7.9,58.0,94.04407237945385,6.716302896332065,,130.5588613238944,-0.3286423518457069,,,,,,,,,,,,,,,,
192,2025-05-16 04:44:30.235874,40.3569721,0.9665746,4.689914226531982,36.04347174076381,23.670000000000016,49.0,1011.0,,7.8,59.0,95.491041079525,6.716726843669941,,132.00583002396553,-0.44591794453876427,,,,,,,,,,,,,,,,
193,2025-05-16 04:44:35.235939,40.3569721,0.9665746,4.689914226531982,36.04347174076381,23.670000000000016,49.0,1011.0,,7.2,59.0,99.03761669786648,6.249185560388509,,135.0810884386303,-0.7367052499416329,,,,,,,,,,,,,,,,
194,2025-05-16 04:44:40.235678,40.3567274,0.9660474,4.472869873046875,37.370898515388284,23.670000000000016,49.0,1011.0,,8.0,63.0,97.58242443820151,7.190929222350742,,133.3689991039028,-0.6044450889070077,,,,,,,,,,,,,,,,
195,2025-05-16 04:44:45.238761,40.3566101,0.9657879,4.769032955169678,36.20782658276183,23.670000000000016,49.0,1011.0,,7.9,56.0,90.48329395204291,6.54962982625331,,127.8541924674312,-0.037728526288335104,,,,,,,,,,,,,,,,
196,2025-05-16 04:44:50.235778,40.3564878,0.9656035,5.048027038574219,36.14936699365569,23.670000000000016,49.0,1011.0,,8.2,59.0,96.69215137607375,7.076990072220056,,132.84151836972944,-0.5882702518661064,,,,,,,,,,,,,,,,
197,2025-05-16 04:44:55.235936,40.3563753,0.9653503,5.079565525054932,34.64928328209705,23.670000000000016,49.0,1011.0,,7.6,67.0,106.7837955853153,7.307111022952899,,141.43307886741235,-1.4667806030148327,,,,,,,,,,,,,,,,
198,2025-05-16 04:45:00.235963,40.3563753,0.9653503,5.079565525054932,34.64928328209705,23.670000000000016,49.0,1011.0,,8.4,60.0,96.89410493287221,7.327594114910101,,131.54338821496927,-0.609724098801382,,,,,,,,,,,,,,,,
199,2025-05-16 04:45:05.235877,40.3561915,0.9648638,4.786879539489746,33.49658982191444,23.670000000000016,49.0,1011.0,,7.9,60.0,93.63254231027246,6.855373791952625,,127.84267516458895,-0.2777801009634221,,,,,,,,,,,,,,,,
200,2025-05-16 04:45:10.238709,40.3560601,0.9646202,4.650569915771484,33.876003415214065,23.670000000000016,49.0,1011.0,,7.9,61.0,97.8846375105993,6.975439538025314,,131.38122733251373,-0.6566591556197298,,,,,,,,,,,,,,,,
201,2025-05-16 04:45:15.236436,40.3560276,0.9644489,4.410456657409668,34.52853919794957,23.670000000000016,49.0,1011.0,,7.8,65.0,98.95558146099245,7.156442644268828,,133.484120658942,-0.6865701114413582,,,,,,,,,,,,,,,,
202,2025-05-16 04:45:20.235391,40.3560276,0.9644489,4.410456657409668,34.52853919794957,23.670000000000016,49.0,1011.0,,7.8,57.0,91.42099206729269,6.54364278855141,,125.94953126524226,-0.1093724793133924,,,,,,,,,,,,,,,,
203,2025-05-16 04:45:25.238450,40.3558131,0.9638868,4.739970684051514,33.65343487092002,23.670000000000016,49.0,1011.0,,8.3,58.0,92.60720061853561,7.04609288412725,,127.31220458388162,-0.2146533961238403,,,,,,,,,,,,,,,,
204,2025-05-16 04:45:30.235823,40.3557186,0.9637031,4.510901927947998,34.06673986288125,23.670000000000016,49.0,1011.0,,7.6,58.0,94.290285775644,6.46327672137999,,128.35702563852524,-0.33745902958693447,,,,,,,,,,,,,,,,
205,2025-05-16 04:45:35.236121,40.3556118,0.9634827,4.459510326385498,33.69328219453788,23.670000000000016,49.0,1011.0,,7.3,54.0,91.63599691855165,5.908232398748903,,125.32927911308954,-0.12731747223447804,,,,,,,,,,,,,,,,
206,2025-05-16 04:45:40.242395,40.3554822,0.9632178,4.579486846923828,33.011482466303455,23.670000000000016,49.0,1011.0,,8.1,61.0,94.29897233605158,7.104408034766994,,127.99225453058946,-0.334288645328105,,,,,,,,,,,,,,,,
207,2025-05-16 04:45:45.236299,40.3553942,0.9630312,4.350985527038574,32.595732266619365,23.670000000000016,49.0,1011.0,,8.0,65.0,97.62035051019197,7.315065277341236,,130.21608277681133,-0.5769774259164672,,,,,,,,,,,,,,,,
208,2025-05-16 04:45:50.235818,40.355297,0.9627968,4.6889472007751465,32.04946056699091,23.670000000000016,49.0,1011.0,,7.3,57.0,96.6434790256585,6.163682677030419,,128.6929395926494,-0.5424687110923585,,,,,,,,,,,,,,,,
209,2025-05-16 04:45:55.236207,40.3551963,0.9625427,4.670112133026123,32.928372724482735,23.670000000000016,49.0,1011.0,,8.0,63.0,98.2867595173014,7.203260558749891,,131.21513224178415,-0.6730917154246657,,,,,,,,,,,,,,,,
210,2025-05-16 04:46:00.237844,40.3550619,0.962238,5.107528209686279,33.72807859326451,23.670000000000016,49.0,1011.0,,7.8,60.0,96.50399661988348,6.798755231469511,,129.4323693443662,-0.5289953666207462,,,,,,,,,,,,,,,,
211,2025-05-16 04:46:05.236326,40.354992,0.9620806,4.480629920959473,32.93947861207318,23.670000000000016,49.0,1011.0,,7.7,58.0,93.50753072844789,6.542225460724275,,126.44700934052108,-0.27412372816246144,,,,,,,,,,,,,,,,
212,2025-05-16 04:46:10.236131,40.354992,0.9620806,4.480629920959473,32.93947861207318,23.670000000000016,49.0,1011.0,,7.4,57.0,94.14994265494103,6.222477025567638,,127.08942126701422,-0.3242490736192196,,,,,,,,,,,,,,,,
213,2025-05-16 04:46:15.235898,40.3547972,0.9615938,4.578888893127441,34.113243205845286,23.670000000000016,49.0,1011.0,,6.8,51.0,93.24383254326379,5.293073272869974,,127.35707574910907,-0.2590978837979616,,,,,,,,,,,,,,,,
214,2025-05-16 04:46:20.235786,40.3546937,0.9613791,4.540071487426758,33.326883526701714,23.670000000000016,49.0,1011.0,,7.1,52.0,91.72888336556535,5.597424420970345,,125.05576689226706,-0.13697453901081785,,,,,,,,,,,,,,,,
215,2025-05-16 04:46:25.235914,40.3545775,0.9611324,4.579939365386963,33.41393428767353,23.670000000000016,49.0,1011.0,,7.3,59.0,97.46732035940536,6.310842617503423,,130.8812546470789,-0.5952120492342879,,,,,,,,,,,,,,,,
216,2025-05-16 04:46:30.235906,40.354476,0.9608999,4.520187854766846,32.46514929497247,23.670000000000016,49.0,1011.0,,7.9,57.0,92.39655012905298,6.6312975532419305,,125.81048441672651,-0.19151243100317594,,,,,,,,,,,,,,,,
217,2025-05-16 04:46:35.235987,40.3543739,0.9606657,4.651378154754639,32.433467462507366,23.670000000000016,49.0,1011.0,,7.9,57.0,93.01295467029601,6.6346687487273295,,125.44642213280338,-0.24448456032488594,,,,,,,,,,,,,,,,
218,2025-05-16 04:46:40.236094,40.3543739,0.9606657,4.651378154754639,32.433467462507366,23.670000000000016,49.0,1011.0,,7.7,56.0,93.09883623303982,6.3929372626254395,,125.53230369554718,-0.251446670780654,,,,,,,,,,,,,,,,
219,2025-05-16 04:46:45.235437,40.3542434,0.9603782,4.440569877624512,32.88976849529382,23.670000000000016,49.0,1011.0,,7.5,56.0,92.27139839838114,6.222670921241323,,125.16116689367496,-0.17599309523599,,,,,,,,,,,,,,,,
220,2025-05-16 04:46:50.235487,40.354081,0.9599509,4.669960021972656,32.52218820473125,23.670000000000016,49.0,1011.0,,6.7,63.0,105.25611700786193,6.187806745476081,,137.77830521259318,-1.2288262668594452,,,,,,,,,,,,,,,,
221,2025-05-16 04:46:55.235755,40.354081,0.9599509,4.669960021972656,32.52218820473125,23.670000000000016,49.0,1011.0,,7.1,57.0,97.68048258588449,6.008464265007695,,130.20267079061574,-0.6241336471265275,,,,,,,,,,,,,,,,
222,2025-05-16 04:47:00.236203,40.3538815,0.9594616,4.634573936462402,31.74904152653707,23.670000000000016,49.0,1011.0,,7.8,48.0,84.24055785021605,5.825939013304539,,115.98959937675312,0.4650888919660797,,,,,,,,,,,,,,,,
223,2025-05-16 04:47:05.236175,40.3537753,0.9592259,4.669871807098389,31.206666449830113,23.670000000000016,49.0,1011.0,,7.6,55.0,92.8570173707398,6.233303343243478,,124.0636838205699,-0.23276368113610743,,,,,,,,,,,,,,,,
224,2025-05-16 04:47:10.236250,40.3537753,0.9592259,4.669871807098389,31.206666449830113,23.670000000000016,49.0,1011.0,,8.8,58.0,90.05053541523291,7.462826148993918,,121.25720186506302,-0.00411887022505898,,,,,,,,,,,,,,,,
225,2025-05-16 04:47:15.240623,40.3535008,0.9587108,4.828796863555908,29.483238967506647,23.670000000000016,49.0,1011.0,,7.8,62.0,97.59611868027125,6.947963093433684,,127.99349309081947,-0.6054695861291048,,,,,,,,,,,,,,,,
226,2025-05-16 04:47:20.236007,40.3534161,0.9585091,4.531344890594482,28.95945225062588,23.670000000000016,49.0,1011.0,,6.9,58.0,98.50368421361115,5.9165765947757984,,127.46313646423704,-0.6700635910271661,,,,,,,,,,,,,,,,
227,2025-05-16 04:47:25.235764,40.3534161,0.9585091,4.531344890594482,28.95945225062588,23.670000000000016,49.0,1011.0,,7.0,57.0,96.98116470257567,5.914543447980206,,125.94061695320156,-0.5507534751297776,,,,,,,,,,,,,,,,
228,2025-05-16 04:47:30.235900,40.353228,0.9580485,4.768868923187256,29.337301730605567,23.670000000000016,49.0,1011.0,,7.7,58.0,96.01877118287365,6.566165695224375,,125.35607291347921,-0.5000363262579972,,,,,,,,,,,,,,,,
229,2025-05-16 04:47:35.236163,40.3531267,0.9577997,4.801614761352539,29.220563552406297,23.670000000000016,49.0,1011.0,,7.4,56.0,96.1734727145848,6.170662573837392,,125.3940362669911,-0.5163611557383491,,,,,,,,,,,,,,,,
230,2025-05-16 04:47:40.236258,40.3530256,0.9575413,4.82993221282959,29.424799868968016,23.670000000000016,49.0,1011.0,,7.8,61.0,98.73691993859626,6.902124498342268,,128.16171980756428,-0.7336558311558904,,,,,,,,,,,,,,,,
231,2025-05-16 04:47:45.235887,40.352928,0.9572789,4.312053680419922,29.517072309560305,23.670000000000016,49.0,1011.0,,8.1,61.0,93.11142890884575,7.094878448908516,,122.62850121840606,-0.23404961561536353,,,,,,,,,,,,,,,,
232,2025-05-16 04:47:50.235826,40.352928,0.9572789,4.312053680419922,29.517072309560305,23.670000000000016,49.0,1011.0,,7.0,55.0,92.9652122469646,5.74175178631466,,122.4822845565249,-0.2230608892373167,,,,,,,,,,,,,,,,
233,2025-05-16 04:47:55.235877,40.3528169,0.9569831,4.805464267730713,29.33257523969992,23.670000000000016,49.0,1011.0,,8.1,57.0,93.31843310792938,6.804641313023389,,122.6510083476293,-0.2781653031509565,,,,,,,,,,,,,,,,
234,2025-05-16 04:48:00.235745,40.3526151,0.9565363,4.9394402503967285,29.6114382031332,23.670000000000016,49.0,1011.0,,7.7,63.0,101.88341948020572,7.011005790361762,,131.49485768333892,-1.0171345314913471,,,,,,,,,,,,,,,,
235,2025-05-16 04:48:05.236225,40.3526151,0.9565363,4.9394402503967285,29.6114382031332,23.670000000000016,49.0,1011.0,,7.4,58.0,99.21440682936432,6.357594100575346,,128.8258450324975,-0.7909495774509728,,,,,,,,,,,,,,,,
236,2025-05-16 04:48:10.236251,40.3523997,0.9560871,4.440589427947998,29.47912377853171,23.670000000000016,49.0,1011.0,,7.4,62.0,99.71077183005481,6.628790995968969,,130.0198284795402,-0.7745877295504897,,,,,,,,,,,,,,,,
237,2025-05-16 04:48:15.235775,40.3523041,0.9558733,4.509692192077637,30.356748445364993,23.670000000000016,49.0,1011.0,,8.1,58.0,91.81227549812581,6.872627213818093,,122.1690239434908,-0.1426185668457043,,,,,,,,,,,,,,,,
238,2025-05-16 04:48:20.235593,40.3522123,0.9556396,4.330530643463135,29.029786123604083,23.670000000000016,49.0,1011.0,,7.9,62.0,95.09329809204571,7.002937385818023,,124.1230842156498,-0.3844549356221334,,,,,,,,,,,,,,,,
239,2025-05-16 04:48:25.235696,40.3522123,0.9556396,4.330530643463135,29.029786123604083,23.670000000000016,49.0,1011.0,,7.1,59.0,96.31741156266251,6.123069793617255,,125.3471976862666,-0.47651582851172514,,,,,,,,,,,,,,,,
240,2025-05-16 04:48:30.235446,40.3521061,0.9553589,4.728485584259033,29.143402905352662,23.670000000000016,49.0,1011.0,,8.4,59.0,93.19692035557621,7.211428015975246,,122.34032326092887,-0.26369742176673555,,,,,,,,,,,,,,,,
241,2025-05-16 04:48:35.235607,40.35199,0.9551193,4.660289764404297,30.46123326419326,23.670000000000016,49.0,1011.0,,7.7,60.0,96.92815678115626,6.717445161837823,,127.38939004534953,-0.5621460249065562,,,,,,,,,,,,,,,,
242,2025-05-16 04:48:40.235772,40.3517787,0.9546679,4.849806308746338,28.647864143331773,23.670000000000016,49.0,1011.0,,7.4,60.0,100.17158652633614,6.510918103281047,,128.8194506696679,-0.8564595348210947,,,,,,,,,,,,,,,,
243,2025-05-16 04:48:45.235973,40.3516659,0.9544162,4.481256008148193,27.863719153026583,23.670000000000016,49.0,1011.0,,7.9,57.0,91.54418376058531,6.627904467719862,,119.40790291361189,-0.12076011743843777,,,,,,,,,,,,,,,,
244,2025-05-16 04:48:50.235940,40.3515717,0.9541773,4.719184398651123,27.67726523396899,23.670000000000016,49.0,1011.0,,7.8,63.0,99.62067081582748,7.048989232916142,,127.29793604979648,-0.7886911319369405,,,,,,,,,,,,,,,,
245,2025-05-16 04:48:55.236010,40.3514669,0.9539336,4.799694061279297,27.27638606365531,23.670000000000016,49.0,1011.0,,7.7,63.0,100.76138998957994,6.98356816373493,,128.03777605323523,-0.8961956900781045,,,,,,,,,,,,,,,,
246,2025-05-16 04:49:00.235373,40.3514669,0.9539336,4.799694061279297,27.27638606365531,23.670000000000016,49.0,1011.0,,7.3,61.0,101.16868893604713,6.507977442856382,,128.44507499970246,-0.929692334128323,,,,,,,,,,,,,,,,
247,2025-05-16 04:49:05.239639,40.3512524,0.953484,4.600058078765869,27.22331037116243,23.670000000000016,49.0,1011.0,,7.9,65.0,99.99148071588958,7.2700929327885015,,127.214791087052,-0.7981181043135132,,,,,,,,,,,,,,,,
248,2025-05-16 04:49:10.236043,40.3512524,0.953484,4.600058078765869,27.22331037116243,23.670000000000016,49.0,1011.0,,7.7,63.0,99.14410234162055,6.94906045962095,,126.36741271278298,-0.7310323214572152,,,,,,,,,,,,,,,,
249,2025-05-16 04:49:15.236113,40.3510803,0.9530144,5.075323104858398,27.327250482404395,23.670000000000016,49.0,1011.0,,7.5,62.0,103.20889962121547,6.802066345860743,,130.53615010361986,-1.1597219425683487,,,,,,,,,,,,,,,,
250,2025-05-16 04:49:20.236280,40.3510803,0.9530144,5.075323104858398,27.327250482404395,23.670000000000016,49.0,1011.0,,7.2,61.0,104.12508216968635,6.493593911891773,,131.45233265209075,-1.2385796470741406,,,,,,,,,,,,,,,,
251,2025-05-16 04:49:25.235951,40.3508645,0.9525764,4.642141819000244,26.198525863566644,23.670000000000016,49.0,1011.0,,6.8,57.0,99.34598883410331,5.779681163710282,,125.54451469766995,-0.7538646834511745,,,,,,,,,,,,,,,,
252,2025-05-16 04:49:30.236164,40.350782,0.9523565,4.628701686859131,26.551853256878697,23.670000000000016,49.0,1011.0,,7.9,58.0,93.77746888751831,6.714166803729074,,120.32932214439701,-0.30494589231501645,,,,,,,,,,,,,,,,
253,2025-05-16 04:49:35.235226,40.350782,0.9523565,4.628701686859131,26.551853256878697,23.670000000000016,49.0,1011.0,,7.2,63.0,101.96895414905086,6.557813079195925,,128.52080740592956,-0.9599077875172829,,,,,,,,,,,,,,,,
254,2025-05-16 04:49:40.236049,40.3505455,0.9518653,5.038949489593506,23.448879533921687,23.670000000000016,49.0,1011.0,,7.8,59.0,98.68798590776956,6.763512311035037,,122.13686544169124,-0.7611511790551854,,,,,,,,,,,,,,,,
255,2025-05-16 04:49:45.235493,40.3505455,0.9518653,5.038949489593506,23.448879533921687,23.670000000000016,49.0,1011.0,,8.1,61.0,98.9205315882508,7.171159369664836,,122.36941112217248,-0.7813617077882772,,,,,,,,,,,,,,,,
256,2025-05-16 04:49:50.235681,40.3503036,0.9512745,4.880181789398193,23.105872556445522,23.670000000000016,49.0,1011.0,,7.7,56.0,95.14163734466518,6.409379355575912,,118.2475099011107,-0.437352644478687,,,,,,,,,,,,,,,,
257,2025-05-16 04:49:55.236123,40.3502329,0.9510829,4.740461826324463,23.344522781140352,23.670000000000016,49.0,1011.0,,8.1,60.0,95.62147108808927,7.048704670619369,,118.96599386922962,-0.46435594668456887,,,,,,,,,,,,,,,,
258,2025-05-16 04:50:00.235828,40.3501251,0.9507988,4.462998390197754,23.23783864139934,23.670000000000016,49.0,1011.0,,8.2,54.0,89.31447007337938,6.634414224142812,,112.65899285451974,0.05671710796361087,,,,,,,,,,,,,,,,
259,2025-05-16 04:50:05.235457,40.3501251,0.9507988,4.462998390197754,23.23783864139934,23.670000000000016,49.0,1011.0,,8.3,60.0,92.49334138407066,7.194822304426037,,115.73118002547,-0.19415508159634823,,,,,,,,,,,,,,,,
260,2025-05-16 04:50:10.236287,40.3499146,0.9503359,4.521001815795898,23.204871025822982,23.670000000000016,49.0,1011.0,,7.7,58.0,95.9359881671501,6.565172429440261,,118.92914723436478,-0.4921971418868962,,,,,,,,,,,,,,,,
261,2025-05-16 04:50:15.236202,40.3499146,0.9503359,4.521001815795898,23.204871025822982,23.670000000000016,49.0,1011.0,,7.7,53.0,88.94752347831596,6.150531075183463,,112.15239450413894,0.08304242855502406,,,,,,,,,,,,,,,,
262,2025-05-16 04:50:20.236123,40.3496959,0.9498652,4.71935510635376,23.15347726741322,23.670000000000016,49.0,1011.0,,7.6,61.0,99.26429349990863,6.734958992469153,,122.32455746817139,-0.7677242818550435,,,,,,,,,,,,,,,,
263,2025-05-16 04:50:25.235444,40.3496959,0.9498652,4.71935510635376,23.15347726741322,23.670000000000016,49.0,1011.0,,7.4,58.0,97.24641515224693,6.3260833279982265,,120.39989241966015,-0.5952848312407272,,,,,,,,,,,,,,,,
264,2025-05-16 04:50:30.238173,40.3494862,0.9493641,4.876670837402344,22.913204872790512,23.670000000000016,49.0,1011.0,,8.2,57.0,93.43853814918337,6.889501747177233,,116.48784137137555,-0.29264708226017416,,,,,,,,,,,,,,,,
265,2025-05-16 04:50:35.235526,40.3494862,0.9493641,4.876670837402344,22.913204872790512,23.670000000000016,49.0,1011.0,,7.8,55.0,93.60704319897964,6.402068428691721,,116.52024807177015,-0.3068069847876138,,,,,,,,,,,,,,,,
266,2025-05-16 04:50:40.235404,40.3493628,0.9490626,5.247440338134766,23.332245516107257,23.670000000000016,49.0,1011.0,,7.4,50.0,94.94846406051549,5.689937042695007,,118.28070957662274,-0.45264241181102405,,,,,,,,,,,,,,,,
267,2025-05-16 04:50:45.235795,40.3491933,0.9487007,4.489956378936768,23.753546952039276,23.670000000000016,49.0,1011.0,,8.1,57.0,90.66104843575162,6.793683760017037,,114.4145953877909,-0.05180159547729953,,,,,,,,,,,,,,,,
268,2025-05-16 04:50:50.236204,40.349059,0.9484714,4.699352741241455,23.375009330500706,23.670000000000016,49.0,1011.0,,8.5,61.0,94.44930125237778,7.456739373383723,,117.82431058287848,-0.36456137172979497,,,,,,,,,,,,,,,,
269,2025-05-16 04:50:55.235492,40.3489527,0.9482221,4.799670219421387,22.932213289250654,23.670000000000016,49.0,1011.0,,8.3,59.0,94.21921449526322,7.133822251007496,,117.15142778451387,-0.35312445046263047,,,,,,,,,,,,,,,,
270,2025-05-16 04:51:00.235880,40.3489527,0.9482221,4.799670219421387,22.932213289250654,23.670000000000016,49.0,1011.0,,7.4,57.0,97.066569777829,6.253665758265253,,119.99878306707966,-0.5904672488723243,,,,,,,,,,,,,,,,
271,2025-05-16 04:51:05.235398,40.3487666,0.947692,4.799904823303223,22.2779119026147,23.670000000000016,49.0,1011.0,,7.0,49.0,92.0108406266359,5.286222285607165,,114.53953487745866,-0.16764972662309882,,,,,,,,,,,,,,,,
272,2025-05-16 04:51:10.236038,40.3486805,0.9474876,4.949390411376953,22.202571500974873,23.670000000000016,49.0,1011.0,,6.9,50.0,95.55584626576325,5.310654494837189,,117.75841776673812,-0.4791797896768098,,,,,,,,,,,,,,,,
273,2025-05-16 04:51:15.235499,40.3486805,0.9474876,4.949390411376953,22.202571500974873,23.670000000000016,49.0,1011.0,,7.8,55.0,94.25607150428792,6.407054510588706,,116.45864300526279,-0.367314882221343,,,,,,,,,,,,,,,,
274,2025-05-16 04:51:20.235543,40.3484048,0.9469377,4.819560527801514,20.690623750827925,23.670000000000016,49.0,1011.0,,7.9,62.0,98.34118089152217,7.049860973787676,,120.13432182534251,-0.6863906763553365,,,,,,,,,,,,,,,,
275,2025-05-16 04:51:25.235617,40.3484048,0.9469377,4.819560527801514,20.690623750827925,23.670000000000016,49.0,1011.0,,7.2,55.0,96.67093291544982,5.938097355871891,,117.36155666627775,-0.5598732633088379,,,,,,,,,,,,,,,,
276,2025-05-16 04:51:30.236870,40.3481888,0.9464848,4.670352458953857,20.392429644496218,23.670000000000016,49.0,1011.0,,7.3,55.0,95.37770238320033,6.0062463382058695,,115.9578495317506,-0.44517585881449107,,,,,,,,,,,,,,,,
277,2025-05-16 04:51:35.235497,40.3480819,0.9462223,4.7896552085876465,20.229515972413072,23.670000000000016,49.0,1011.0,,7.0,56.0,97.42223176676356,5.852298759145696,,117.81466141125978,-0.6033178711287661,,,,,,,,,,,,,,,,
278,2025-05-16 04:51:40.236449,40.3480819,0.9462223,4.7896552085876465,20.229515972413072,23.670000000000016,49.0,1011.0,,7.4,57.0,96.97549186867808,6.2524415864864045,,117.20500784109115,-0.5816785897925496,,,,,,,,,,,,,,,,
279,2025-05-16 04:51:45.235809,40.347886,0.9457325,4.540922164916992,20.318217931616736,23.670000000000016,49.0,1011.0,,7.4,54.0,93.73311791249851,5.999455698501835,,113.89881430485428,-0.3086321583642131,,,,,,,,,,,,,,,,
280,2025-05-16 04:51:50.235482,40.3477816,0.9454987,4.672792434692383,20.412631636513822,23.670000000000016,49.0,1011.0,,8.5,60.0,92.263205186891,7.366962447714797,,112.58142311850773,-0.17932152041130536,,,,,,,,,,,,,,,,
281,2025-05-16 04:51:55.236641,40.3477816,0.9454987,4.672792434692383,20.412631636513822,23.670000000000016,49.0,1011.0,,8.0,60.0,95.54655722671845,6.960793752164999,,115.95918886323227,-0.4516466815255111,,,,,,,,,,,,,,,,
282,2025-05-16 04:52:00.237977,40.347569,0.9450257,4.798995494842529,20.5063418319264,23.670000000000016,49.0,1011.0,,8.0,69.0,102.33926322680921,7.645253655559915,,122.57530202987965,-0.9618061766296454,,,,,,,,,,,,,,,,
283,2025-05-16 04:52:05.235877,40.3474767,0.944827,4.8199381828308105,20.46306746089249,23.670000000000016,49.0,1011.0,,7.2,62.0,102.76071930208853,6.518215995552069,,123.22378676298102,-1.0646274885990281,,,,,,,,,,,,,,,,
284,2025-05-16 04:52:10.235544,40.3474767,0.944827,4.8199381828308105,20.46306746089249,23.670000000000016,49.0,1011.0,,7.2,62.0,102.76071930208853,6.518215995552069,,123.22378676298102,-1.0646274885990281,,,,,,,,,,,,,,,,
285,2025-05-16 04:52:15.235764,40.3472699,0.9443448,4.709532260894775,20.271279164093116,23.670000000000016,49.0,1011.0,,7.6,67.0,103.96697550472234,7.2089700457885515,,124.23825466881546,-1.1367049060676566,,,,,,,,,,,,,,,,
286,2025-05-16 04:52:20.235898,40.3471704,0.9441159,4.321308612823486,19.97617059571896,23.670000000000016,49.0,1011.0,,7.4,63.0,98.29913921213135,6.663225862045141,,118.2753098078503,-0.6237434530951331,,,,,,,,,,,,,,,,
287,2025-05-16 04:52:25.236269,40.3470729,0.9439096,4.578968048095703,19.61131042799334,23.670000000000016,49.0,1011.0,,7.7,67.0,102.49222979664536,7.259759634667698,,122.1035402246387,-0.9904638075038763,,,,,,,,,,,,,,,,
288,2025-05-16 04:52:30.235482,40.3469667,0.9436795,4.484452247619629,19.70597684988972,23.670000000000016,49.0,1011.0,,7.2,63.0,100.73058508903485,6.529423438331227,,120.43656193892457,-0.8349651773385877,,,,,,,,,,,,,,,,
289,2025-05-16 04:52:35.235779,40.3468682,0.943434,4.430256366729736,19.529126176805164,23.670000000000016,49.0,1011.0,,7.5,63.0,99.17649434289864,6.769182462222169,,118.88247119278836,-0.7151634057784357,,,,,,,,,,,,,,,,
290,2025-05-16 04:52:40.236245,40.3467706,0.9431882,4.609433174133301,19.622057730652358,23.670000000000016,49.0,1011.0,,7.1,66.0,104.8650650725335,6.710764028890139,,124.48712280318585,-1.182520199631522,,,,,,,,,,,,,,,,
291,2025-05-16 04:52:45.235767,40.3466603,0.9429444,4.859171390533447,19.685781688061283,23.670000000000016,49.0,1011.0,,7.1,63.0,102.3585863131656,6.476218204274845,,121.98064404381796,-0.9865538816887603,,,,,,,,,,,,,,,,
292,2025-05-16 04:52:50.242337,40.3465379,0.94265,4.662081241607666,19.59169070960248,23.670000000000016,49.0,1011.0,,7.6,63.0,101.752744912567,6.916652250501773,,121.43852660062828,-0.9897580839022779,,,,,,,,,,,,,,,,
293,2025-05-16 04:52:55.235832,40.3464655,0.9424596,4.78943395614624,19.524544827419376,23.670000000000016,49.0,1011.0,,7.6,62.0,100.31622747942559,6.820662090124349,,119.84077230684497,-0.8576959841542885,,,,,,,,,,,,,,,,
294,2025-05-16 04:53:00.235671,40.3463409,0.9421755,4.7799973487854,18.96412780601983,23.670000000000016,49.0,1011.0,,7.7,60.0,98.0189744281801,6.73424354756795,,117.54351925559948,-0.6681310019962865,,,,,,,,,,,,,,,,
295,2025-05-16 04:53:05.237481,40.3462361,0.941936,4.650387287139893,19.219834720619474,23.670000000000016,49.0,1011.0,,7.9,68.0,103.95830518008881,7.547622273618304,,122.92243298610865,-1.1530105779439543,,,,,,,,,,,,,,,,
296,2025-05-16 04:53:10.236560,40.3461362,0.9416904,4.540371894836426,19.699568424900953,23.670000000000016,49.0,1011.0,,7.8,67.0,102.58311288262445,7.3566368122653305,,121.80294760324392,-1.0131128862524115,,,,,,,,,,,,,,,,
297,2025-05-16 04:53:15.239830,40.3460535,0.9414695,4.350815296173096,19.785316327288587,23.670000000000016,49.0,1011.0,,7.1,65.0,103.4572833963,6.6164485215197395,,123.15685182120095,-1.0566369507647624,,,,,,,,,,,,,,,,
298,2025-05-16 04:53:20.239228,40.3459728,0.9412529,4.788203239440918,20.06288496987415,23.670000000000016,49.0,1011.0,,6.8,61.0,100.05063546230328,6.0401060441865395,,119.83595178959186,-0.7592974940614534,,,,,,,,,,,,,,,,
299,2025-05-16 04:53:25.236325,40.3458674,0.9410222,4.5508809089660645,20.8035353155447,23.670000000000016,49.0,1011.0,,7.9,65.0,101.44492947757871,7.305086762630265,,121.50781444745286,-0.9501039017605305,,,,,,,,,,,,,,,,
300,2025-05-16 04:53:30.241749,40.3457642,0.9407843,4.719534397125244,20.201206545850663,23.670000000000016,49.0,1011.0,,7.2,63.0,101.30220263116628,6.542117439691203,,122.10573794671097,-0.8918991251595758,,,,,,,,,,,,,,,,
301,2025-05-16 04:53:35.236143,40.3457642,0.9407843,4.719534397125244,20.201206545850663,23.670000000000016,49.0,1011.0,,7.9,62.0,98.24469600490863,7.0481307691340325,,118.4459025507593,-0.6767859860263624,,,,,,,,,,,,,,,,
302,2025-05-16 04:53:40.235925,40.3456497,0.9405253,4.441437721252441,20.09203963234635,23.670000000000016,49.0,1011.0,,7.8,62.0,96.45799617523222,6.930971157548391,,116.55003580757858,-0.4995497788928306,,,,,,,,,,,,,,,,
303,2025-05-16 04:53:45.238671,40.3454539,0.940046,3.633859157562256,20.0869033300905,23.670000000000016,49.0,1011.0,,7.6,65.0,99.86921600990007,6.991401021393259,,120.15742721294565,-0.7559113966405088,,,,,,,,,,,,,,,,
304,2025-05-16 04:53:50.235823,40.3453544,0.93985,4.674868106842041,20.00159426735704,23.670000000000016,49.0,1011.0,,7.9,65.0,92.36076835202518,7.1659134502059985,,112.44767168211567,-0.14968419363065583,,,,,,,,,,,,,,,,
305,2025-05-16 04:53:55.238945,40.3452341,0.9396137,4.460930824279785,19.17512259476528,23.670000000000016,49.0,1011.0,,8.5,65.0,97.99956408774582,7.779315718769767,,118.00115835510286,-0.650580670241008,,,,,,,,,,,,,,,,
306,2025-05-16 04:54:00.236092,40.3452341,0.9396137,4.460930824279785,19.17512259476528,23.670000000000016,49.0,1011.0,,8.1,66.0,98.95742196524824,7.491076995862649,,118.13254456001353,-0.694568910631906,,,,,,,,,,,,,,,,
307,2025-05-16 04:54:05.235481,40.3450058,0.9391002,4.929749011993408,19.1665763205663,23.670000000000016,49.0,1011.0,,7.3,66.0,105.57576660104397,6.923125159251646,,124.67636841686982,-1.296410909169532,,,,,,,,,,,,,,,,
308,2025-05-16 04:54:10.235399,40.3450058,0.9391002,4.929749011993408,19.1665763205663,23.670000000000016,49.0,1011.0,,7.1,60.0,102.64732739336345,6.301682897139206,,121.81390371392976,-1.079365058461006,,,,,,,,,,,,,,,,
309,2025-05-16 04:54:15.236353,40.3447944,0.9386077,4.351592540740967,19.148247507928573,23.670000000000016,49.0,1011.0,,7.1,60.0,100.33299552689313,6.250145818846049,,119.6725685863048,-0.8378461388558017,,,,,,,,,,,,,,,,
310,2025-05-16 04:54:20.237373,40.3447944,0.9386077,4.351592540740967,19.148247507928573,23.670000000000016,49.0,1011.0,,7.7,59.0,93.34529120034622,6.611454123564593,,112.4935387082748,-0.25392925715571557,,,,,,,,,,,,,,,,
311,2025-05-16 04:54:25.235478,40.3445789,0.9381813,4.2398529052734375,19.404121762162884,23.670000000000016,49.0,1011.0,,8.0,62.0,94.48740339980134,7.085300312658541,,113.60097915995563,-0.33722389744003894,,,,,,,,,,,,,,,,
312,2025-05-16 04:54:30.235786,40.3444925,0.9379603,4.668367862701416,19.239382722024054,23.670000000000016,49.0,1011.0,,7.7,61.0,94.30375478301748,6.7536154698060855,,113.70787654518037,-0.3181758416342795,,,,,,,,,,,,,,,,
313,2025-05-16 04:54:35.235749,40.3444925,0.9379603,4.668367862701416,19.239382722024054,23.670000000000016,49.0,1011.0,,7.9,63.0,98.73763231628841,7.12160255069046,,117.97701503831246,-0.7091719398553717,,,,,,,,,,,,,,,,
314,2025-05-16 04:54:40.235475,40.3443152,0.9374988,4.5899128913879395,19.127818412121062,23.670000000000016,49.0,1011.0,,7.6,61.0,97.75615955073198,6.708483038496733,,116.88397796285304,-0.6194429486244885,,,,,,,,,,,,,,,,
315,2025-05-16 04:54:45.235755,40.344227,0.9372547,4.85897159576416,19.26859031846232,23.670000000000016,49.0,1011.0,,7.2,67.0,107.15353568199257,6.9361707027534445,,126.42212600045488,-1.4330723563569714,,,,,,,,,,,,,,,,
316,2025-05-16 04:54:50.235980,40.3441248,0.9370018,4.650965213775635,19.595664172152134,23.670000000000016,49.0,1011.0,,7.3,61.0,99.87859534058346,6.480811701117113,,119.47425951273559,-0.7979245657843131,,,,,,,,,,,,,,,,
317,2025-05-16 04:54:55.235781,40.3441248,0.9370018,4.650965213775635,19.595664172152134,23.670000000000016,49.0,1011.0,,7.8,63.0,99.07309945120673,7.037909539177692,,118.66876362335887,-0.7334314290295371,,,,,,,,,,,,,,,,
318,2025-05-16 04:55:00.237855,40.3438933,0.9364783,4.959111213684082,19.029467103167466,23.670000000000016,49.0,1011.0,,7.4,61.0,100.43344353931434,6.580996460932806,,119.70869329221742,-0.8655106327076654,,,,,,,,,,,,,,,,
319,2025-05-16 04:55:05.235373,40.3438933,0.9364783,4.959111213684082,19.029467103167466,23.670000000000016,49.0,1011.0,,7.3,56.0,98.24544267320589,6.115188220795647,,117.27490977637335,-0.7112055010723213,,,,,,,,,,,,,,,,
320,2025-05-16 04:55:10.236646,40.3437511,0.9362141,4.990159034729004,19.24355767515422,23.670000000000016,49.0,1011.0,,7.3,60.0,101.9686027496944,6.462470598646138,,121.21216042484862,-1.034837468587892,,,,,,,,,,,,,,,,
321,2025-05-16 04:55:15.238888,40.3435602,0.9356921,4.460616111755371,19.377533543271316,23.670000000000016,49.0,1011.0,,7.6,54.0,91.72393333867268,6.151313359392427,,110.94052030434182,-0.13995641054236604,,,,,,,,,,,,,,,,
322,2025-05-16 04:55:20.235707,40.3435602,0.9356921,4.460616111755371,19.377533543271316,23.670000000000016,49.0,1011.0,,7.6,63.0,98.48558635542209,6.846599196906135,,117.8631198986934,-0.6582112082448305,,,,,,,,,,,,,,,,
323,2025-05-16 04:55:25.237174,40.3433783,0.9352047,4.422070503234863,18.998324855646793,23.670000000000016,49.0,1011.0,,6.9,57.0,100.00731868779748,5.876230450979061,,119.4443926976111,-0.8304910458279238,,,,,,,,,,,,,,,,
324,2025-05-16 04:55:30.235495,40.3433783,0.9352047,4.422070503234863,18.998324855646793,23.670000000000016,49.0,1011.0,,7.7,61.0,95.84179429935897,6.769728782336274,,114.84011915500577,-0.45008710968395277,,,,,,,,,,,,,,,,
325,2025-05-16 04:55:35.243964,40.3431957,0.9347593,4.619375228881836,19.508097731897987,23.670000000000016,49.0,1011.0,,7.8,58.0,91.70547327210916,6.617706650841218,,111.05959463445296,-0.12887794664713728,,,,,,,,,,,,,,,,
326,2025-05-16 04:55:40.235739,40.3431957,0.9347593,4.619375228881836,19.508097731897987,23.670000000000016,49.0,1011.0,,6.8,60.0,101.69839164260664,6.013890250811917,,121.20648937450463,-0.9366236316414999,,,,,,,,,,,,,,,,
327,2025-05-16 04:55:45.235845,40.3429604,0.9342918,4.480761528015137,19.24186549578735,23.670000000000016,49.0,1011.0,,7.2,51.0,91.62336318805541,5.5976975781029505,,110.72500660772968,-0.13285523086981152,,,,,,,,,,,,,,,,
328,2025-05-16 04:55:50.236589,40.3428502,0.9340528,4.719125270843506,19.47926408831678,23.670000000000016,49.0,1011.0,,7.2,55.0,93.40592125425368,5.9083306413825865,,112.64778675004104,-0.2661999666038345,,,,,,,,,,,,,,,,
329,2025-05-16 04:55:55.245564,40.3427471,0.9338154,4.400817394256592,19.38909363844156,23.670000000000016,49.0,1011.0,,7.1,51.0,92.60405748867856,5.523440080031286,,112.08332157699535,-0.21440747118563874,,,,,,,,,,,,,,,,
330,2025-05-16 04:56:00.235163,40.3426475,0.9335849,4.519350051879883,19.22929111752536,23.670000000000016,49.0,1011.0,,7.4,53.0,89.48992938670773,5.910136970646861,,108.8790230251493,0.03917737041474062,,,,,,,,,,,,,,,,
331,2025-05-16 04:56:05.235849,40.3426475,0.9335849,4.519350051879883,19.22929111752536,23.670000000000016,49.0,1011.0,,6.8,54.0,95.42459700445124,5.526064193385065,,114.6538881219766,-0.42723991213236145,,,,,,,,,,,,,,,,
332,2025-05-16 04:56:10.235651,40.3424312,0.9330939,4.659799575805664,19.307457509934277,23.670000000000016,49.0,1011.0,,7.3,46.0,84.54788770371651,5.275045065873252,,103.68916841869168,0.4341943193219231,,,,,,,,,,,,,,,,
333,2025-05-16 04:56:15.235926,40.342323,0.9328263,4.630341053009033,19.464097653264766,23.670000000000016,49.0,1011.0,,7.5,50.0,88.39376398548247,5.747591723706682,,107.70122149541675,0.13061620962975162,,,,,,,,,,,,,,,,
334,2025-05-16 04:56:20.235843,40.342323,0.9328263,4.630341053009033,19.464097653264766,23.670000000000016,49.0,1011.0,,6.8,50.0,92.85066750364052,5.215556212449429,,112.31476515690528,-0.23028079600282203,,,,,,,,,,,,,,,,
335,2025-05-16 04:56:25.236195,40.3422205,0.9325739,4.580268383026123,19.42450987683537,23.670000000000016,49.0,1011.0,,6.9,51.0,92.54088991763292,5.367584341178412,,111.9653997944683,-0.20305410978729657,,,,,,,,,,,,,,,,
336,2025-05-16 04:56:30.235572,40.3420267,0.9321043,4.529997825622559,19.025838565170897,23.670000000000016,49.0,1011.0,,6.6,50.0,93.25772090635499,5.0640767620208065,,112.50191549664932,-0.2574377956183184,,,,,,,,,,,,,,,,
337,2025-05-16 04:56:35.240034,40.3419334,0.9318782,4.5000386238098145,18.960350711408815,23.670000000000016,49.0,1011.0,,6.8,53.0,94.60744449049116,5.448328014206437,,113.63328305566206,-0.3638876404093781,,,,,,,,,,,,,,,,
338,2025-05-16 04:56:40.236672,40.3418322,0.9316569,4.460117816925049,19.3445095786343,23.670000000000016,49.0,1011.0,,7.2,49.0,87.64380779541332,5.438506931907626,,106.60415850682213,0.18500433676074476,,,,,,,,,,,,,,,,
339,2025-05-16 04:56:45.239535,40.3417308,0.9314304,4.599283695220947,19.085213399625818,23.670000000000016,49.0,1011.0,,6.8,53.0,93.87423075693695,5.443160350587069,,113.21874033557125,-0.30135485010115304,,,,,,,,,,,,,,,,
340,2025-05-16 04:56:50.235996,40.3417308,0.9314304,4.599283695220947,19.085213399625818,23.670000000000016,49.0,1011.0,,7.0,51.0,92.04282576443272,5.443481268303126,,111.12803916405853,-0.16394828415094928,,,,,,,,,,,,,,,,
341,2025-05-16 04:56:55.235749,40.3416234,0.9312029,4.291511058807373,19.327640718931665,23.670000000000016,49.0,1011.0,,6.9,47.0,85.30684663502655,5.063316976900761,,104.6344873539582,0.3511289180377403,,,,,,,,,,,,,,,,
342,2025-05-16 04:57:00.242162,40.341435,0.9306996,4.690620422363281,19.125226355331044,23.670000000000016,49.0,1011.0,,6.7,44.0,91.04487133816481,4.654985110005268,,110.58879170471222,-0.08943500082064713,,,,,,,,,,,,,,,,
343,2025-05-16 04:57:05.236276,40.341435,0.9306996,4.690620422363281,19.125226355331044,23.670000000000016,49.0,1011.0,,6.8,45.0,88.59770480351806,4.809766587828247,,107.7229311588491,0.1147899179467378,,,,,,,,,,,,,,,,
344,2025-05-16 04:57:10.236790,40.3413377,0.9304912,4.580292224884033,19.600023540389895,23.670000000000016,49.0,1011.0,,6.2,43.0,90.62192265859545,4.228638943923827,,110.22194619898535,-0.04971625492009844,,,,,,,,,,,,,,,,
345,2025-05-16 04:57:15.236130,40.3412178,0.9302267,4.72755765914917,19.201190011732635,23.670000000000016,49.0,1011.0,,6.3,44.0,92.56064807352982,4.380721926754195,,111.76183808526245,-0.21121244980460205,,,,,,,,,,,,,,,,
346,2025-05-16 04:57:20.236596,40.3411277,0.9299747,4.560441017150879,18.359731196554574,23.670000000000016,49.0,1011.0,,6.3,44.0,90.37443361978157,4.376441187045695,,108.73416481633615,-0.029802723655264814,,,,,,,,,,,,,,,,
347,2025-05-16 04:57:25.236432,40.3409293,0.9295061,4.460702896118164,17.64274404126353,23.670000000000016,49.0,1011.0,,6.0,43.0,94.07100003870342,4.102341009882777,,112.07308886993778,-0.3321997243352641,,,,,,,,,,,,,,,,
348,2025-05-16 04:57:30.236029,40.3409293,0.9295061,4.460702896118164,17.64274404126353,23.670000000000016,49.0,1011.0,,6.6,42.0,84.25823604989861,4.438530510680242,,101.90098009116214,0.4462711891684699,,,,,,,,,,,,,,,,
349,2025-05-16 04:57:35.236007,40.3408252,0.9292762,4.499825954437256,17.75450642665245,23.670000000000016,49.0,1011.0,,7.1,48.0,87.27642336917891,5.282295106742878,,105.03092979583137,0.213820388619479,,,,,,,,,,,,,,,,
350,2025-05-16 04:57:40.235865,40.3407137,0.9290331,4.699179172515869,17.036518648648002,23.670000000000016,49.0,1011.0,,6.9,46.0,88.91545606593084,4.9643339607701265,,105.95197471457884,0.08894480483344483,,,,,,,,,,,,,,,,
351,2025-05-16 04:57:45.235615,40.340481,0.9285177,4.670220375061035,17.03075909163039,23.670000000000016,49.0,1011.0,,6.2,44.0,93.06185220494568,4.313038954368285,,110.04337587794403,-0.25052665474149827,,,,,,,,,,,,,,,,
352,2025-05-16 04:57:50.236172,40.340481,0.9285177,4.670220375061035,17.03075909163039,23.670000000000016,49.0,1011.0,,6.1,45.0,94.72964571145484,4.328089126874828,,111.76040480308522,-0.38507915896526745,,,,,,,,,,,,,,,,
353,2025-05-16 04:57:55.237565,40.34027,0.9280333,4.600610733032227,17.21691760500638,23.670000000000016,49.0,1011.0,,5.9,42.0,92.98407749252118,3.9532309991809838,,110.02605346231601,-0.23896661825939208,,,,,,,,,,,,,,,,
354,2025-05-16 04:58:00.235329,40.3401708,0.9277898,4.540348529815674,17.025318845956473,23.670000000000016,49.0,1011.0,,5.9,39.0,90.23840339632883,3.7130224494654716,,107.45532100133522,-0.019142737360280958,,,,,,,,,,,,,,,,
355,2025-05-16 04:58:05.236845,40.3400665,0.9275513,4.430520057678223,16.781076403878696,23.670000000000016,49.0,1011.0,,6.7,43.0,85.49872195634887,4.583526517829535,,102.52404080230535,0.35633260497649655,,,,,,,,,,,,,,,,
356,2025-05-16 04:58:10.235953,40.3399502,0.9273183,4.5897064208984375,16.60423939117248,23.670000000000016,49.0,1011.0,,6.5,44.0,86.8917779943168,4.521931623052553,,103.6728543981955,0.24023211716341927,,,,,,,,,,,,,,,,
357,2025-05-16 04:58:15.235204,40.3398404,0.9270692,4.5302019119262695,16.490911184916335,23.670000000000016,49.0,1011.0,,6.4,35.0,79.91540564173621,3.728493307458246,,96.5196450329087,0.8036668074762052,,,,,,,,,,,,,,,,
358,2025-05-16 04:58:20.235826,40.3398404,0.9270692,4.5302019119262695,16.490911184916335,23.670000000000016,49.0,1011.0,,6.7,39.0,80.88263568379617,4.270399577199918,,97.37354686871251,0.7178436089404971,,,,,,,,,,,,,,,,
359,2025-05-16 04:58:25.235703,40.3396458,0.9266298,4.540724277496338,16.401157376580493,23.670000000000016,49.0,1011.0,,6.0,44.0,93.08570881283208,4.174001991163835,,109.48686618941258,-0.24442604373498988,,,,,,,,,,,,,,,,
360,2025-05-16 04:58:30.235685,40.3395447,0.9263675,4.5296735763549805,16.319131927290517,23.670000000000016,49.0,1011.0,,5.9,42.0,92.26532449048779,3.950958251551267,,108.66648186706828,-0.1794815307386295,,,,,,,,,,,,,,,,
361,2025-05-16 04:58:35.235843,40.3394621,0.926152,4.60369348526001,16.466414711458086,23.670000000000016,49.0,1011.0,,5.9,38.0,88.11432781725772,3.6343708044276917,,104.43345974454823,0.14905002900023465,,,,,,,,,,,,,,,,
362,2025-05-16 04:58:40.243382,40.3393682,0.9258502,4.879306316375732,16.472749711913274,23.670000000000016,49.0,1011.0,,6.1,30.0,77.44821421208357,3.1246799021125278,,93.91462892354166,1.0004835693540124,,,,,,,,,,,,,,,,
363,2025-05-16 04:58:45.235244,40.3393011,0.9256259,4.222585678100586,16.27800906584516,23.670000000000016,49.0,1011.0,,5.8,31.0,88.23091105184659,2.9886453394051458,,104.70366076375987,0.15063160796573336,,,,,,,,,,,,,,,,
364,2025-05-16 04:58:50.235824,40.3393011,0.9256259,4.222585678100586,16.27800906584516,23.670000000000016,49.0,1011.0,,6.1,37.0,79.97302923436409,3.7280136848691248,,96.25103830020925,0.7352017213317706,,,,,,,,,,,,,,,,
365,2025-05-16 04:58:55.235437,40.339075,0.9251414,4.719773292541504,16.49083263774088,23.670000000000016,49.0,1011.0,,6.5,40.0,85.89151161824483,4.188884142787655,,102.32649721423711,0.3352405240694742,,,,,,,,,,,,,,,,
366,2025-05-16 04:59:00.235462,40.339075,0.9251414,4.719773292541504,16.49083263774088,23.670000000000016,49.0,1011.0,,6.6,43.0,88.6362001028839,4.502464604123111,,105.12703274062478,0.11233320465241642,,,,,,,,,,,,,,,,
367,2025-05-16 04:59:05.235606,40.3388519,0.9247019,4.500537872314453,16.34142737228873,23.670000000000016,49.0,1011.0,,6.6,42.0,87.08711907192344,4.421975380263154,,103.523040403832,0.23782788640934063,,,,,,,,,,,,,,,,
368,2025-05-16 04:59:10.235542,40.3388519,0.9247019,4.500537872314453,16.34142737228873,23.670000000000016,49.0,1011.0,,6.0,43.0,91.5736409753463,4.093534017667792,,107.91506834763503,-0.12359270615229989,,,,,,,,,,,,,,,,
369,2025-05-16 04:59:15.236719,40.3388519,0.9247019,4.500537872314453,16.34142737228873,23.670000000000016,49.0,1011.0,,6.3,39.0,84.30357476860323,3.9843943402711535,,100.64500214089196,0.4467128874643749,,,,,,,,,,,,,,,,
370,2025-05-16 04:59:20.237600,40.3388519,0.9247019,4.500537872314453,16.34142737228873,23.670000000000016,49.0,1011.0,,6.4,41.0,85.51149432970463,4.211694827587851,,101.85292170199337,0.3522080374508292,,,,,,,,,,,,,,,,
371,2025-05-16 04:59:25.235760,40.3388519,0.9247019,4.500537872314453,16.34142737228873,23.670000000000016,49.0,1011.0,,7.0,52.0,91.98217608093455,5.519377875534804,,108.32360345322328,-0.15566729727789305,,,,,,,,,,,,,,,,
372,2025-05-16 04:59:30.236716,40.3388519,0.9247019,4.500537872314453,16.34142737228873,23.670000000000016,49.0,1011.0,,6.5,53.0,96.47042242021938,5.2244094585350025,,112.81184979250811,-0.5071669221781001,,,,,,,,,,,,,,,,
373,2025-05-16 04:59:35.236217,40.3388519,0.9247019,4.500537872314453,16.34142737228873,23.670000000000016,49.0,1011.0,,6.4,52.0,96.3395321845903,5.074298126481812,,112.68095955687903,-0.4969497742193408,,,,,,,,,,,,,,,,
374,2025-05-16 04:59:40.236939,40.3388519,0.9247019,4.500537872314453,16.34142737228873,23.670000000000016,49.0,1011.0,,5.7,42.0,93.96873099145677,3.8232126306335217,,110.3101583637455,-0.3114914326355059,,,,,,,,,,,,,,,,
375,2025-05-16 04:59:45.237546,40.3388519,0.9247019,4.500537872314453,16.34142737228873,23.670000000000016,49.0,1011.0,,6.0,34.0,81.96398322233459,3.388430495947855,,98.30541059462332,0.6291552444550251,,,,,,,,,,,,,,,,
376,2025-05-16 04:59:50.236077,40.3388519,0.9247019,4.500537872314453,16.34142737228873,23.670000000000016,49.0,1011.0,,6.3,33.0,77.14393989884346,3.5194511087483735,,93.48536727113219,1.0013809732250893,,,,,,,,,,,,,,,,
377,2025-05-16 04:59:55.235596,40.3388519,0.9247019,4.500537872314453,16.34142737228873,23.670000000000016,49.0,1011.0,,6.6,46.0,88.9838701977582,4.748389402713305,,105.32529757004693,0.07981200316365848,,,,,,,,,,,,,,,,
378,2025-05-16 05:00:00.236406,40.3388519,0.9247019,4.500537872314453,16.34142737228873,23.670000000000016,49.0,1011.0,,6.4,42.0,86.58446239027958,4.29005627173933,,102.92588976256832,0.2681288891626386,,,,,,,,,,,,,,,,
379,2025-05-16 05:00:05.235540,40.3388519,0.9247019,4.500537872314453,16.34142737228873,23.670000000000016,49.0,1011.0,,6.0,40.0,88.57813857044803,3.857913529686838,,104.91956594273677,0.11167462032158156,,,,,,,,,,,,,,,,
380,2025-05-16 05:00:10.236224,40.3388519,0.9247019,4.500537872314453,16.34142737228873,23.670000000000016,49.0,1011.0,,6.2,38.0,84.23860401007153,3.836480856097187,,100.58003138236026,0.45179079874122047,,,,,,,,,,,,,,,,
381,2025-05-16 05:00:15.236722,40.3388519,0.9247019,4.500537872314453,16.34142737228873,23.670000000000016,49.0,1011.0,,6.7,42.0,83.90733827746521,4.508641919212995,,100.24876564975395,0.47767232143937066,,,,,,,,,,,,,,,,
382,2025-05-16 05:00:20.237573,40.3388519,0.9247019,4.500537872314453,16.34142737228873,23.670000000000016,49.0,1011.0,,6.4,45.0,89.68417540649853,4.525552151873984,,106.02560277878726,0.02480764479082079,,,,,,,,,,,,,,,,
383,2025-05-16 05:00:25.237657,40.3388519,0.9247019,4.500537872314453,16.34142737228873,23.670000000000016,49.0,1011.0,,6.2,39.0,85.3440252115664,3.914704743036883,,101.68545258385514,0.3653207358480047,,,,,,,,,,,,,,,,
384,2025-05-16 05:00:30.238133,40.3388519,0.9247019,4.500537872314453,16.34142737228873,23.670000000000016,49.0,1011.0,,6.5,45.0,88.80772968653625,4.5971893706515035,,105.14915705882498,0.093645125403015,,,,,,,,,,,,,,,,
385,2025-05-16 05:00:35.238058,40.3388519,0.9247019,4.500537872314453,16.34142737228873,23.670000000000016,49.0,1011.0,,6.4,49.0,93.57487220088079,4.8395582709202625,,109.91629957316952,-0.2806212102135647,,,,,,,,,,,,,,,,
386,2025-05-16 05:00:40.235578,40.3388519,0.9247019,4.500537872314453,16.34142737228873,23.670000000000016,49.0,1011.0,,5.5,42.0,96.4067450566452,3.7033465125080998,,112.74817242893394,-0.502196664460045,,,,,,,,,,,,,,,,
387,2025-05-16 05:00:45.235765,40.3388519,0.9247019,4.500537872314453,16.34142737228873,23.670000000000016,49.0,1011.0,,7.1,42.0,80.72569356730656,4.813752258929016,,97.0671209395953,0.7253123627796195,,,,,,,,,,,,,,,,
388,2025-05-16 05:00:50.237713,40.3388519,0.9247019,4.500537872314453,16.34142737228873,23.670000000000016,49.0,1011.0,,7.1,52.0,91.32431817477105,5.596371197097049,,107.66574554705979,-0.1040148763218276,,,,,,,,,,,,,,,,
389,2025-05-16 05:00:55.238268,40.3388519,0.9247019,4.500537872314453,16.34142737228873,23.670000000000016,49.0,1011.0,,6.9,52.0,92.65855526430875,5.44313270922074,,108.99998263659748,-0.20875247322885498,,,,,,,,,,,,,,,,
390,2025-05-16 05:01:00.237715,40.3388519,0.9247019,4.500537872314453,16.34142737228873,23.670000000000016,49.0,1011.0,,6.1,45.0,92.48490575736484,4.317411121080722,,108.82633312965358,-0.19512618572984777,,,,,,,,,,,,,,,,
391,2025-05-16 05:01:05.235847,40.3388519,0.9247019,4.500537872314453,16.34142737228873,23.670000000000016,49.0,1011.0,,6.8,48.0,89.43821233171396,5.053627736400353,,105.77963970400269,0.044127267085368925,,,,,,,,,,,,,,,,
392,2025-05-16 05:01:10.236184,40.3388519,0.9247019,4.500537872314453,16.34142737228873,23.670000000000016,49.0,1011.0,,5.8,47.0,97.3206461530478,4.276712702491515,,113.66207352533654,-0.5734676398687444,,,,,,,,,,,,,,,,
393,2025-05-16 05:01:15.236085,40.3388519,0.9247019,4.500537872314453,16.34142737228873,23.670000000000016,49.0,1011.0,,5.1,39.0,99.50002911027707,3.2541631574389114,,115.8414564825658,-0.7428052561406105,,,,,,,,,,,,,,,,
394,2025-05-16 05:01:20.238413,40.3388519,0.9247019,4.500537872314453,16.34142737228873,23.670000000000016,49.0,1011.0,,6.0,46.0,94.40642109372601,4.328834194709376,,110.74784846601474,-0.3457797747348064,,,,,,,,,,,,,,,,
395,2025-05-16 05:01:25.238606,40.3388519,0.9247019,4.500537872314453,16.34142737228873,23.670000000000016,49.0,1011.0,,5.7,41.0,93.04144393772226,3.744811342174375,,109.382871310011,-0.23879081817458137,,,,,,,,,,,,,,,,
396,2025-05-16 05:01:30.236403,40.3388519,0.9247019,4.500537872314453,16.34142737228873,23.670000000000016,49.0,1011.0,,5.6,39.0,92.41319412242919,3.5273223588693248,,108.75462149471792,-0.1894984392558743,,,,,,,,,,,,,,,,
397,2025-05-16 05:01:35.235947,40.3388519,0.9247019,4.500537872314453,16.34142737228873,23.670000000000016,49.0,1011.0,,6.4,45.0,89.68417540649853,4.525552151873984,,106.02560277878726,0.02480764479082079,,,,,,,,,,,,,,,,
398,2025-05-16 05:01:40.235889,40.3388519,0.9247019,4.500537872314453,16.34142737228873,23.670000000000016,49.0,1011.0,,6.8,48.0,89.43821233171396,5.053627736400353,,105.77963970400269,0.044127267085368925,,,,,,,,,,,,,,,,
399,2025-05-16 05:01:45.237725,40.3388519,0.9247019,4.500537872314453,16.34142737228873,23.670000000000016,49.0,1011.0,,6.1,53.0,99.66268971307424,4.941785834441723,,116.00411708536298,-0.7554038786536211,,,,,,,,,,,,,,,,
400,2025-05-16 05:01:50.235840,40.3388519,0.9247019,4.500537872314453,16.34142737228873,23.670000000000016,49.0,1011.0,,5.8,50.0,99.86160164434462,4.509691492513783,,116.20302901663335,-0.7708020060051447,,,,,,,,,,,,,,,,
401,2025-05-16 05:01:55.237206,40.3388519,0.9247019,4.500537872314453,16.34142737228873,23.670000000000016,49.0,1011.0,,6.1,51.0,97.94591117936159,4.78654594091756,,114.28733855165032,-0.62214624681001,,,,,,,,,,,,,,,,
402,2025-05-16 05:02:00.237777,40.3388519,0.9247019,4.500537872314453,16.34142737228873,23.670000000000016,49.0,1011.0,,6.1,50.0,97.06977172633772,4.708671083108475,,113.41119909862645,-0.5539168501014705,,,,,,,,,,,,,,,,
403,2025-05-16 05:02:05.237225,40.3388519,0.9247019,4.500537872314453,16.34142737228873,23.670000000000016,49.0,1011.0,,6.2,52.0,97.96320824410843,4.933236725610081,,114.30463561639716,-0.6234918445236403,,,,,,,,,,,,,,,,
404,2025-05-16 05:02:10.236495,40.3388519,0.9247019,4.500537872314453,16.34142737228873,23.670000000000016,49.0,1011.0,,6.2,50.0,96.1916125328781,4.777342919725586,,112.53303990516683,-0.48540020998275923,,,,,,,,,,,,,,,,
405,2025-05-16 05:02:15.238255,40.3388519,0.9247019,4.500537872314453,16.34142737228873,23.670000000000016,49.0,1011.0,,6.3,51.0,96.24558328536462,4.925252272018009,,112.58701065765335,-0.4896146244686851,,,,,,,,,,,,,,,,
406,2025-05-16 05:02:20.237589,40.3388519,0.9247019,4.500537872314453,16.34142737228873,23.670000000000016,49.0,1011.0,,7.5,55.0,91.85257263118486,6.14685318054377,,108.19400000347359,-0.14549275139344786,,,,,,,,,,,,,,,,
407,2025-05-16 05:02:25.237533,40.3388519,0.9247019,4.500537872314453,16.34142737228873,23.670000000000016,49.0,1011.0,,6.8,67.0,106.41107569632497,6.5252768411452085,,122.7525030686137,-1.2715229865105908,,,,,,,,,,,,,,,,
408,2025-05-16 05:02:30.238172,40.3388519,0.9247019,4.500537872314453,16.34142737228873,23.670000000000016,49.0,1011.0,,6.3,53.0,98.02217154490788,5.081126913585158,,114.36359891719661,-0.6280783732277043,,,,,,,,,,,,,,,,
409,2025-05-16 05:02:35.236683,40.3388519,0.9247019,4.500537872314453,16.34142737228873,23.670000000000016,49.0,1011.0,,6.3,49.0,94.418137046775,4.768841364411469,,110.75956441906374,-0.34669732607750875,,,,,,,,,,,,,,,,
410,2025-05-16 05:02:40.236106,40.3388519,0.9247019,4.500537872314453,16.34142737228873,23.670000000000016,49.0,1011.0,,6.7,60.0,101.21555997233273,5.915339161504593,,117.55698734462146,-0.8753579679049605,,,,,,,,,,,,,,,,
411,2025-05-16 05:02:45.236181,40.3388519,0.9247019,4.500537872314453,16.34142737228873,23.670000000000016,49.0,1011.0,,6.3,61.0,104.70669803063558,5.696740298161375,,121.04812540292431,-1.142556135921619,,,,,,,,,,,,,,,,
412,2025-05-16 05:02:50.236656,40.3388519,0.9247019,4.500537872314453,16.34142737228873,23.670000000000016,49.0,1011.0,,6.0,55.0,102.16031994911638,5.0277242810794815,,118.50174732140512,-0.9480285765239042,,,,,,,,,,,,,,,,
413,2025-05-16 05:02:55.238228,40.3388519,0.9247019,4.500537872314453,16.34142737228873,23.670000000000016,49.0,1011.0,,5.6,55.0,105.68948414307076,4.764780522346043,,122.03091151535949,-1.2170523397533568,,,,,,,,,,,,,,,,
414,2025-05-16 05:03:00.238491,40.3388519,0.9247019,4.500537872314453,16.34142737228873,23.670000000000016,49.0,1011.0,,5.6,53.0,104.18426207779375,4.61299669816839,,120.52568945008248,-1.102816709308403,,,,,,,,,,,,,,,,
415,2025-05-16 05:03:05.238177,40.3388519,0.9247019,4.500537872314453,16.34142737228873,23.670000000000016,49.0,1011.0,,5.9,58.0,105.35555512505995,5.188715146191804,,121.69698249734869,-1.1917792420666982,,,,,,,,,,,,,,,,
416,2025-05-16 05:03:10.237793,40.3388519,0.9247019,4.500537872314453,16.34142737228873,23.670000000000016,49.0,1011.0,,5.9,55.0,103.00733378084746,4.960271357642563,,119.3487611531362,-1.0129620293960995,,,,,,,,,,,,,,,,
417,2025-05-16 05:03:15.236234,40.3388519,0.9247019,4.500537872314453,16.34142737228873,23.670000000000016,49.0,1011.0,,5.9,54.0,102.20690854427944,4.883616859779294,,118.54833591656818,-0.9516056480398546,,,,,,,,,,,,,,,,
418,2025-05-16 05:03:20.237773,40.3388519,0.9247019,4.500537872314453,16.34142737228873,23.670000000000016,49.0,1011.0,,5.8,56.0,104.65265579046624,4.970058610936255,,120.99408316275498,-1.1384497268681677,,,,,,,,,,,,,,,,
419,2025-05-16 05:03:25.237780,40.3388519,0.9247019,4.500537872314453,16.34142737228873,23.670000000000016,49.0,1011.0,,5.8,60.0,107.67422807581367,5.271785416793144,,124.01565544810241,-1.3663836330437333,,,,,,,,,,,,,,,,
420,2025-05-16 05:03:30.235727,40.3388519,0.9247019,4.500537872314453,16.34142737228873,23.670000000000016,49.0,1011.0,,5.3,53.0,107.20812290888846,4.4311210003346355,,123.54955028117719,-1.3314547784694013,,,,,,,,,,,,,,,,
421,2025-05-16 05:03:35.237224,40.3388519,0.9247019,4.500537872314453,16.34142737228873,23.670000000000016,49.0,1011.0,,5.3,50.0,105.07739661079374,4.204783863517832,,121.41882398308248,-1.1706961402291942,,,,,,,,,,,,,,,,
422,2025-05-16 05:03:40.237788,40.3388519,0.9247019,4.500537872314453,16.34142737228873,23.670000000000016,49.0,1011.0,,5.6,52.0,103.41894447596721,4.536716206065992,,119.76037184825594,-1.044437721478745,,,,,,,,,,,,,,,,
423,2025-05-16 05:03:45.237791,40.3388519,0.9247019,4.500537872314453,16.34142737228873,23.670000000000016,49.0,1011.0,,5.6,54.0,104.94096176769456,4.6890215937185316,,121.2823891399833,-1.1603449066083145,,,,,,,,,,,,,,,,
424,2025-05-16 05:03:50.237794,40.3388519,0.9247019,4.500537872314453,16.34142737228873,23.670000000000016,49.0,1011.0,,5.5,53.0,105.1652612277946,4.550981959761781,,121.50668860008334,-1.1773588681479668,,,,,,,,,,,,,,,,
425,2025-05-16 05:03:55.237774,40.3388519,0.9247019,4.500537872314453,16.34142737228873,23.670000000000016,49.0,1011.0,,6.0,56.0,102.9670795494009,5.104391742425516,,119.30850692168964,-1.0098809731421143,,,,,,,,,,,,,,,,
426,2025-05-16 05:04:00.235687,40.3388519,0.9247019,4.500537872314453,16.34142737228873,23.670000000000016,49.0,1011.0,,6.0,57.0,103.76477460580742,5.180812474335041,,120.10620197809615,-1.0708415995877576,,,,,,,,,,,,,,,,
427,2025-05-16 05:04:05.236367,40.3388519,0.9247019,4.500537872314453,16.34142737228873,23.670000000000016,49.0,1011.0,,5.5,56.0,107.35480966551681,4.777183678710854,,123.69623703780555,-1.3424567593494048,,,,,,,,,,,,,,,,
428,2025-05-16 05:04:10.236023,40.3388519,0.9247019,4.500537872314453,16.34142737228873,23.670000000000016,49.0,1011.0,,5.8,55.0,103.87750533753513,4.893932205940557,,120.21893270982386,-1.0794401242066607,,,,,,,,,,,,,,,,
429,2025-05-16 05:04:15.235962,40.3388519,0.9247019,4.500537872314453,16.34142737228873,23.670000000000016,49.0,1011.0,,6.0,62.0,107.63127847719986,5.558808016169118,,123.97270584948859,-1.363168835538147,,,,,,,,,,,,,,,,
430,2025-05-16 05:04:20.237635,40.3388519,0.9247019,4.500537872314453,16.34142737228873,23.670000000000016,49.0,1011.0,,5.9,62.0,108.37743847227742,5.489346178761599,,124.71886584456615,-1.4189087464270314,,,,,,,,,,,,,,,,
431,2025-05-16 05:04:25.238762,40.3388519,0.9247019,4.500537872314453,16.34142737228873,23.670000000000016,49.0,1011.0,,5.9,59.0,106.12198382865014,5.264318614094373,,122.46341120093888,-1.2497240930297278,,,,,,,,,,,,,,,,
432,2025-05-16 05:04:30.235967,40.3388519,0.9247019,4.500537872314453,16.34142737228873,23.670000000000016,49.0,1011.0,,5.6,61.0,110.03020827932686,5.213205895050492,,126.37163565161559,-1.5415041308444473,,,,,,,,,,,,,,,,
433,2025-05-16 05:04:35.238406,40.3388519,0.9247019,4.500537872314453,16.34142737228873,23.670000000000016,49.0,1011.0,,5.9,58.0,105.35555512505995,5.188715146191804,,121.69698249734869,-1.1917792420666982,,,,,,,,,,,,,,,,
434,2025-05-16 05:04:40.238357,40.3388519,0.9247019,4.500537872314453,16.34142737228873,23.670000000000016,49.0,1011.0,,5.5,70.0,116.8770195615081,5.794205765304612,,133.21844693379683,-2.0345896008740025,,,,,,,,,,,,,,,,
435,2025-05-16 05:04:45.238486,40.3388519,0.9247019,4.500537872314453,16.34142737228873,23.670000000000016,49.0,1011.0,,5.8,66.0,112.00656887214477,5.714949747108609,,128.3479962444335,-1.6864095578325602,,,,,,,,,,,,,,,,
436,2025-05-16 05:04:50.237720,40.3388519,0.9247019,4.500537872314453,16.34142737228873,23.670000000000016,49.0,1011.0,,5.7,61.0,109.21072723056103,5.279311971538809,,125.55215460284977,-1.4808725187358216,,,,,,,,,,,,,,,,
437,2025-05-16 05:04:55.236024,40.3388519,0.9247019,4.500537872314453,16.34142737228873,23.670000000000016,49.0,1011.0,,5.4,62.0,112.40203233958856,5.157111208668775,,128.74345971187728,-1.7151692529896365,,,,,,,,,,,,,,,,
438,2025-05-16 05:05:00.236068,40.3388519,0.9247019,4.500537872314453,16.34142737228873,23.670000000000016,49.0,1011.0,,6.6,55.0,97.5329874338872,5.453469398208642,,113.87441480617593,-0.5900069430524982,,,,,,,,,,,,,,,,
439,2025-05-16 05:05:05.237788,40.3388519,0.9247019,4.500537872314453,16.34142737228873,23.670000000000016,49.0,1011.0,,6.5,67.0,108.14452489831473,6.296374988720166,,124.48595227060346,-1.401534944339859,,,,,,,,,,,,,,,,
440,2025-05-16 05:05:10.237567,40.3388519,0.9247019,4.500537872314453,16.34142737228873,23.670000000000016,49.0,1011.0,,6.1,67.0,110.65816699402077,6.000928110876465,,126.99959436630951,-1.587752675915733,,,,,,,,,,,,,,,,
441,2025-05-16 05:05:15.236033,40.3388519,0.9247019,4.500537872314453,16.34142737228873,23.670000000000016,49.0,1011.0,,6.0,66.0,110.59856236272617,5.85563294149219,,126.9399897350149,-1.5833709584347504,,,,,,,,,,,,,,,,
442,2025-05-16 05:05:20.237550,40.3388519,0.9247019,4.500537872314453,16.34142737228873,23.670000000000016,49.0,1011.0,,6.0,59.0,105.33464173404478,5.33286609604415,,121.67606910633351,-1.190195076142108,,,,,,,,,,,,,,,,
443,2025-05-16 05:05:25.235667,40.3388519,0.9247019,4.500537872314453,16.34142737228873,23.670000000000016,49.0,1011.0,,6.6,66.0,106.76248201462454,6.296967265757672,,123.10390938691327,-1.2979770416666998,,,,,,,,,,,,,,,,
444,2025-05-16 05:05:30.237783,40.3388519,0.9247019,4.500537872314453,16.34142737228873,23.670000000000016,49.0,1011.0,,6.5,62.0,104.16942882283091,5.919245898958203,,120.51085619511964,-1.1016870539848398,,,,,,,,,,,,,,,,
445,2025-05-16 05:05:35.238116,40.3388519,0.9247019,4.500537872314453,16.34142737228873,23.670000000000016,49.0,1011.0,,6.7,63.0,103.73201925276338,6.145400058116872,,120.07344662505211,-1.0683424097912355,,,,,,,,,,,,,,,,
446,2025-05-16 05:05:40.237789,40.3388519,0.9247019,4.500537872314453,16.34142737228873,23.670000000000016,49.0,1011.0,,6.7,65.0,105.36856139117005,6.297452972487691,,121.70998876345878,-1.1927643720772643,,,,,,,,,,,,,,,,
447,2025-05-16 05:05:45.237786,40.3388519,0.9247019,4.500537872314453,16.34142737228873,23.670000000000016,49.0,1011.0,,5.8,65.0,111.29900689824647,5.641943905001745,,127.64043427053521,-1.6347532408971495,,,,,,,,,,,,,,,,
448,2025-05-16 05:05:50.236259,40.3388519,0.9247019,4.500537872314453,16.34142737228873,23.670000000000016,49.0,1011.0,,6.0,62.0,107.63127847719986,5.558808016169118,,123.97270584948859,-1.363168835538147,,,,,,,,,,,,,,,,
449,2025-05-16 05:05:55.237907,40.3388519,0.9247019,4.500537872314453,16.34142737228873,23.670000000000016,49.0,1011.0,,6.3,66.0,108.61084056638579,6.072900208776369,,124.95226793867452,-1.4362954672531791,,,,,,,,,,,,,,,,
450,2025-05-16 05:06:00.238220,40.3388519,0.9247019,4.500537872314453,16.34142737228873,23.670000000000016,49.0,1011.0,,6.5,67.0,108.14452489831473,6.296374988720166,,124.48595227060346,-1.401534944339859,,,,,,,,,,,,,,,,
451,2025-05-16 05:06:05.236173,40.3388519,0.9247019,4.500537872314453,16.34142737228873,23.670000000000016,49.0,1011.0,,6.6,67.0,107.55289087217773,6.3720199270128814,,123.89431824446646,-1.3572995132247485,,,,,,,,,,,,,,,,
452,2025-05-16 05:06:10.238242,40.3388519,0.9247019,4.500537872314453,16.34142737228873,23.670000000000016,49.0,1011.0,,6.6,66.0,106.76248201462454,6.296967265757672,,123.10390938691327,-1.2979770416666998,,,,,,,,,,,,,,,,
453,2025-05-16 05:06:15.238363,40.3388519,0.9247019,4.500537872314453,16.34142737228873,23.670000000000016,49.0,1011.0,,6.5,72.0,111.95449662016118,6.665222143131066,,128.2959239924499,-1.6826166387070056,,,,,,,,,,,,,,,,
454,2025-05-16 05:06:20.236670,40.3388519,0.9247019,4.500537872314453,16.34142737228873,23.670000000000016,49.0,1011.0,,6.5,65.0,106.5761982975665,6.146439435778436,,122.91762566985524,-1.2839595218292503,,,,,,,,,,,,,,,,
455,2025-05-16 05:06:25.238192,40.3388519,0.9247019,4.500537872314453,16.34142737228873,23.670000000000016,49.0,1011.0,,6.4,71.0,111.77180779641584,6.51612415343401,,128.11323516870456,-1.6692986974195414,,,,,,,,,,,,,,,,
456,2025-05-16 05:06:30.236651,40.3388519,0.9247019,4.500537872314453,16.34142737228873,23.670000000000016,49.0,1011.0,,6.6,66.0,106.76248201462454,6.296967265757672,,123.10390938691327,-1.2979770416666998,,,,,,,,,,,,,,,,
457,2025-05-16 05:06:35.236470,40.3388519,0.9247019,4.500537872314453,16.34142737228873,23.670000000000016,49.0,1011.0,,6.6,65.0,105.96505190126616,6.221600745723981,,122.3064792735549,-1.2378773252137956,,,,,,,,,,,,,,,,
458,2025-05-16 05:06:40.238244,40.3388519,0.9247019,4.500537872314453,16.34142737228873,23.670000000000016,49.0,1011.0,,7.2,61.0,99.11109429250841,6.377728649173615,,115.45252166479715,-0.7126568377759748,,,,,,,,,,,,,,,,
459,2025-05-16 05:06:45.237555,40.3388519,0.9247019,4.500537872314453,16.34142737228873,23.670000000000016,49.0,1011.0,,6.4,73.0,113.24880585882258,6.661247483575781,,129.5902332311113,-1.7764734935862794,,,,,,,,,,,,,,,,
460,2025-05-16 05:06:50.238266,40.3388519,0.9247019,4.500537872314453,16.34142737228873,23.670000000000016,49.0,1011.0,,6.6,71.0,110.64959942642066,6.668866564814779,,126.9910267987094,-1.5871229536311109,,,,,,,,,,,,,,,,
461,2025-05-16 05:06:55.236412,40.3388519,0.9247019,4.500537872314453,16.34142737228873,23.670000000000016,49.0,1011.0,,6.2,61.0,105.4105443680205,5.624876072950581,,121.75197174030923,-1.195943857402284,,,,,,,,,,,,,,,,
462,2025-05-16 05:07:00.236595,40.3388519,0.9247019,4.500537872314453,16.34142737228873,23.670000000000016,49.0,1011.0,,5.9,62.0,108.37743847227742,5.489346178761599,,124.71886584456615,-1.4189087464270314,,,,,,,,,,,,,,,,
463,2025-05-16 05:07:05.238226,40.3388519,0.9247019,4.500537872314453,16.34142737228873,23.670000000000016,49.0,1011.0,,6.7,61.0,102.06305719218354,5.992272255102478,,118.40448456447227,-0.9405587262669252,,,,,,,,,,,,,,,,
464,2025-05-16 05:07:10.236711,40.3388519,0.9247019,4.500537872314453,16.34142737228873,23.670000000000016,49.0,1011.0,,6.7,65.0,105.36856139117005,6.297452972487691,,121.70998876345878,-1.1927643720772643,,,,,,,,,,,,,,,,
465,2025-05-16 05:07:15.236056,40.3388519,0.9247019,4.500537872314453,16.34142737228873,23.670000000000016,49.0,1011.0,,6.4,65.0,107.2024031379454,6.071994699947579,,123.54383051023413,-1.3310255999126406,,,,,,,,,,,,,,,,
466,2025-05-16 05:07:20.238342,40.3388519,0.9247019,4.500537872314453,16.34142737228873,23.670000000000016,49.0,1011.0,,6.1,70.0,112.83950112251992,6.219782224558291,,129.18092849480865,-1.7468884983839794,,,,,,,,,,,,,,,,
467,2025-05-16 05:07:25.238281,40.3388519,0.9247019,4.500537872314453,16.34142737228873,23.670000000000016,49.0,1011.0,,6.3,69.0,110.87339880565085,6.294676296110686,,127.21482617793959,-1.6035606807476308,,,,,,,,,,,,,,,,
468,2025-05-16 05:07:30.238450,40.3388519,0.9247019,4.500537872314453,16.34142737228873,23.670000000000016,49.0,1011.0,,6.4,72.0,112.51293344956497,6.5888796281734665,,128.8543608218537,-1.7232198170382318,,,,,,,,,,,,,,,,
469,2025-05-16 05:07:35.238182,40.3388519,0.9247019,4.500537872314453,16.34142737228873,23.670000000000016,49.0,1011.0,,5.6,65.0,112.80389509799437,5.5056638858710425,,129.1453224702831,-1.7443106192526499,,,,,,,,,,,,,,,,
470,2025-05-16 05:07:40.235973,40.3388519,0.9247019,4.500537872314453,16.34142737228873,23.670000000000016,49.0,1011.0,,6.1,66.0,109.91982766935374,5.927253192857914,,126.26125504164247,-1.5333554144678485,,,,,,,,,,,,,,,,
471,2025-05-16 05:07:45.238168,40.3388519,0.9247019,4.500537872314453,16.34142737228873,23.670000000000016,49.0,1011.0,,5.9,65.0,110.5737429264625,5.711490972477082,,126.91517029875124,-1.5815459007010104,,,,,,,,,,,,,,,,
472,2025-05-16 05:07:50.237217,40.3388519,0.9247019,4.500537872314453,16.34142737228873,23.670000000000016,49.0,1011.0,,6.5,65.0,106.5761982975665,6.146439435778436,,122.91762566985524,-1.2839595218292503,,,,,,,,,,,,,,,,
473,2025-05-16 05:07:55.238343,40.3388519,0.9247019,4.500537872314453,16.34142737228873,23.670000000000016,49.0,1011.0,,6.0,68.0,112.04654544792241,6.001971943410975,,128.38797282021113,-1.6893204884014144,,,,,,,,,,,,,,,,
474,2025-05-16 05:08:00.237821,40.3388519,0.9247019,4.500537872314453,16.34142737228873,23.670000000000016,49.0,1011.0,,6.2,62.0,106.19411471882346,5.700455836273887,,122.53554209111219,-1.2551661035935264,,,,,,,,,,,,,,,,
475,2025-05-16 05:08:05.237902,40.3388519,0.9247019,4.500537872314453,16.34142737228873,23.670000000000016,49.0,1011.0,,6.3,71.0,112.35276019404239,6.440723588603758,,128.69418756633112,-1.7115904122903973,,,,,,,,,,,,,,,,
476,2025-05-16 05:08:10.235676,40.3388519,0.9247019,4.500537872314453,16.34142737228873,23.670000000000016,49.0,1011.0,,6.2,69.0,111.48821228945916,6.220572270993095,,127.82963966174789,-1.6485911283778474,,,,,,,,,,,,,,,,
477,2025-05-16 05:08:15.238301,40.3388519,0.9247019,4.500537872314453,16.34142737228873,23.670000000000016,49.0,1011.0,,6.0,66.0,110.59856236272617,5.85563294149219,,126.9399897350149,-1.5833709584347504,,,,,,,,,,,,,,,,
478,2025-05-16 05:08:20.235711,40.3388519,0.9247019,4.500537872314453,16.34142737228873,23.670000000000016,49.0,1011.0,,5.6,61.0,110.03020827932686,5.213205895050492,,126.37163565161559,-1.5415041308444473,,,,,,,,,,,,,,,,
479,2025-05-16 05:08:25.236187,40.3388519,0.9247019,4.500537872314453,16.34142737228873,23.670000000000016,49.0,1011.0,,6.0,65.0,109.86603933268674,5.781931098706389,,126.20746670497547,-1.529382490763478,,,,,,,,,,,,,,,,
480,2025-05-16 05:08:30.236224,40.3388519,0.9247019,4.500537872314453,16.34142737228873,23.670000000000016,49.0,1011.0,,6.8,75.0,112.64794379326409,7.11710772028347,,128.98937116555283,-1.7330118084311332,,,,,,,,,,,,,,,,
481,2025-05-16 05:08:35.236230,40.3388519,0.9247019,4.500537872314453,16.34142737228873,23.670000000000016,49.0,1011.0,,6.5,72.0,111.95449662016118,6.665222143131066,,128.2959239924499,-1.6826166387070056,,,,,,,,,,,,,,,,
482,2025-05-16 05:08:40.238172,40.3388519,0.9247019,4.500537872314453,16.34142737228873,23.670000000000016,49.0,1011.0,,5.8,63.0,109.86727053707986,5.494879840565276,,126.2086979093686,-1.5294734452881351,,,,,,,,,,,,,,,,
483,2025-05-16 05:08:45.236488,40.3388519,0.9247019,4.500537872314453,16.34142737228873,23.670000000000016,49.0,1011.0,,6.3,69.0,110.87339880565085,6.294676296110686,,127.21482617793959,-1.6035606807476308,,,,,,,,,,,,,,,,
484,2025-05-16 05:08:50.237779,40.3388519,0.9247019,4.500537872314453,16.34142737228873,23.670000000000016,49.0,1011.0,,6.5,68.0,108.91868563197394,6.370850496488323,,125.26011300426268,-1.4591911393141803,,,,,,,,,,,,,,,,
485,2025-05-16 05:08:55.238148,40.3388519,0.9247019,4.500537872314453,16.34142737228873,23.670000000000016,49.0,1011.0,,5.9,67.0,112.00876420328339,5.857861238418904,,128.35019157557213,-1.6865694341746316,,,,,,,,,,,,,,,,
486,2025-05-16 05:09:00.236541,40.3388519,0.9247019,4.500537872314453,16.34142737228873,23.670000000000016,49.0,1011.0,,6.1,71.0,113.55612427588191,6.291980059445393,,129.89755164817063,-1.7986272997335462,,,,,,,,,,,,,,,,
487,2025-05-16 05:09:05.235668,40.3388519,0.9247019,4.500537872314453,16.34142737228873,23.670000000000016,49.0,1011.0,,5.8,69.0,114.09878030988882,5.931761812646395,,130.44020768217754,-1.8376192462438599,,,,,,,,,,,,,,,,
488,2025-05-16 05:09:10.236488,40.3388519,0.9247019,4.500537872314453,16.34142737228873,23.670000000000016,49.0,1011.0,,6.7,73.0,111.63741327473979,6.892947125831299,,127.97884064702852,-1.6594905489633804,,,,,,,,,,,,,,,,
489,2025-05-16 05:09:15.236560,40.3388519,0.9247019,4.500537872314453,16.34142737228873,23.670000000000016,49.0,1011.0,,5.7,71.0,116.13884380252838,6.0034322279660675,,132.48027117481712,-1.982702456856393,,,,,,,,,,,,,,,,
490,2025-05-16 05:09:20.238500,40.3388519,0.9247019,4.500537872314453,16.34142737228873,23.670000000000016,49.0,1011.0,,5.4,68.0,116.32897400549376,5.5863033038456615,,132.6704013777825,-1.9960987194645365,,,,,,,,,,,,,,,,
491,2025-05-16 05:09:25.237567,40.3388519,0.9247019,4.500537872314453,16.34142737228873,23.670000000000016,49.0,1011.0,,5.8,60.0,107.67422807581367,5.271785416793144,,124.01565544810241,-1.3663836330437333,,,,,,,,,,,,,,,,
492,2025-05-16 05:09:30.236529,40.3388519,0.9247019,4.500537872314453,16.34142737228873,23.670000000000016,49.0,1011.0,,5.7,67.0,113.42615028199349,5.718211117581609,,129.7675776542822,-1.7892640814235008,,,,,,,,,,,,,,,,
493,2025-05-16 05:09:35.237182,40.3388519,0.9247019,4.500537872314453,16.34142737228873,23.670000000000016,49.0,1011.0,,6.0,69.0,112.76246976070213,6.074591244710143,,129.10389713299085,-1.7413105736841463,,,,,,,,,,,,,,,,
494,2025-05-16 05:09:40.237429,40.3388519,0.9247019,4.500537872314453,16.34142737228873,23.670000000000016,49.0,1011.0,,5.8,65.0,111.29900689824647,5.641943905001745,,127.64043427053521,-1.6347532408971495,,,,,,,,,,,,,,,,
495,2025-05-16 05:09:45.238042,40.3388519,0.9247019,4.500537872314453,16.34142737228873,23.670000000000016,49.0,1011.0,,5.7,65.0,112.04225180553696,5.5733233286510035,,128.38367917782568,-1.6890078823382328,,,,,,,,,,,,,,,,
496,2025-05-16 05:09:50.237696,40.3388519,0.9247019,4.500537872314453,16.34142737228873,23.670000000000016,49.0,1011.0,,5.7,73.0,117.470558129665,6.143645492645356,,133.81198550195373,-2.076065514357538,,,,,,,,,,,,,,,,
497,2025-05-16 05:09:55.237751,40.3388519,0.9247019,4.500537872314453,16.34142737228873,23.670000000000016,49.0,1011.0,,5.5,67.0,114.9135362305017,5.582234183720454,,131.25496360279044,-1.8958519945079597,,,,,,,,,,,,,,,,
498,2025-05-16 05:10:00.238132,40.3388519,0.9247019,4.500537872314453,16.34142737228873,23.670000000000016,49.0,1011.0,,5.2,66.0,116.66424430646676,5.31575874277996,,133.00567167875548,-2.01966767027778,,,,,,,,,,,,,,,,
499,2025-05-16 05:10:05.236486,40.3388519,0.9247019,4.500537872314453,16.34142737228873,23.670000000000016,49.0,1011.0,,5.1,60.0,113.8274483362737,4.828260348338,,130.16887570856244,-1.818143375130259,,,,,,,,,,,,,,,,
500,2025-05-16 05:10:10.238216,40.3388519,0.9247019,4.500537872314453,16.34142737228873,23.670000000000016,49.0,1011.0,,5.5,69.0,116.22633610060392,5.723941589452273,,132.56776347289264,-1.988869741574078,,,,,,,,,,,,,,,,
501,2025-05-16 05:10:15.236559,40.3388519,0.9247019,4.500537872314453,16.34142737228873,23.670000000000016,49.0,1011.0,,5.6,68.0,114.83267371943263,5.721224706144843,,131.17410109172135,-1.8900894816375804,,,,,,,,,,,,,,,,
502,2025-05-16 05:10:20.238229,40.3388519,0.9247019,4.500537872314453,16.34142737228873,23.670000000000016,49.0,1011.0,,5.7,70.0,115.46708395878115,5.932715281170721,,131.80851133106987,-1.9351975157521926,,,,,,,,,,,,,,,,
503,2025-05-16 05:10:25.238180,40.3388519,0.9247019,4.500537872314453,16.34142737228873,23.670000000000016,49.0,1011.0,,5.6,67.0,114.16089398333486,5.649746758357009,,130.5023213556236,-1.8420719072862703,,,,,,,,,,,,,,,,
504,2025-05-16 05:10:30.236660,40.3388519,0.9247019,4.500537872314453,16.34142737228873,23.670000000000016,49.0,1011.0,,5.8,70.0,114.78671943054437,6.003270415849203,,131.1281468028331,-1.886812958328348,,,,,,,,,,,,,,,,
505,2025-05-16 05:10:35.238224,40.3388519,0.9247019,4.500537872314453,16.34142737228873,23.670000000000016,49.0,1011.0,,5.6,63.0,111.42760664141454,5.360129199688212,,127.76903401370328,-1.644160571587731,,,,,,,,,,,,,,,,
506,2025-05-16 05:10:40.238438,40.3388519,0.9247019,4.500537872314453,16.34142737228873,23.670000000000016,49.0,1011.0,,6.0,68.0,112.04654544792241,6.001971943410975,,128.38797282021113,-1.6893204884014144,,,,,,,,,,,,,,,,
507,2025-05-16 05:10:45.238210,40.3388519,0.9247019,4.500537872314453,16.34142737228873,23.670000000000016,49.0,1011.0,,6.4,74.0,113.97962188232454,6.733218528050702,,130.32104925461326,-1.8290712520326273,,,,,,,,,,,,,,,,
508,2025-05-16 05:10:50.238192,40.3388519,0.9247019,4.500537872314453,16.34142737228873,23.670000000000016,49.0,1011.0,,6.0,73.0,115.57726274765865,6.361201300176165,,131.91869011994737,-1.9430074568474256,,,,,,,,,,,,,,,,
509,2025-05-16 05:10:55.236768,40.3388519,0.9247019,4.500537872314453,16.34142737228873,23.670000000000016,49.0,1011.0,,5.7,69.0,114.79116808994452,5.861601138579843,,131.13259546223324,-1.8871301991470257,,,,,,,,,,,,,,,,
510,2025-05-16 05:11:00.237556,40.3388519,0.9247019,4.500537872314453,16.34142737228873,23.670000000000016,49.0,1011.0,,5.7,68.0,114.11091915733068,5.790097227683205,,130.4523465296194,-1.8384895977541518,,,,,,,,,,,,,,,,
511,2025-05-16 05:11:05.238240,40.3388519,0.9247019,4.500537872314453,16.34142737228873,23.670000000000016,49.0,1011.0,,5.8,66.0,112.00656887214477,5.714949747108609,,128.3479962444335,-1.6864095578325602,,,,,,,,,,,,,,,,
512,2025-05-16 05:11:10.237613,40.3388519,0.9247019,4.500537872314453,16.34142737228873,23.670000000000016,49.0,1011.0,,6.0,70.0,113.47330543776009,6.146832179469164,,129.8147328100488,-1.7926621664004476,,,,,,,,,,,,,,,,
513,2025-05-16 05:11:15.238068,40.3388519,0.9247019,4.500537872314453,16.34142737228873,23.670000000000016,49.0,1011.0,,5.9,71.0,114.81717337345147,6.146145604532977,,131.1586007457402,-1.888984448654397,,,,,,,,,,,,,,,,
514,2025-05-16 05:11:20.238258,40.3388519,0.9247019,4.500537872314453,16.34142737228873,23.670000000000016,49.0,1011.0,,6.4,71.0,111.77180779641584,6.51612415343401,,128.11323516870456,-1.6692986974195414,,,,,,,,,,,,,,,,
515,2025-05-16 05:11:25.236467,40.3388519,0.9247019,4.500537872314453,16.34142737228873,23.670000000000016,49.0,1011.0,,5.6,67.0,114.16089398333486,5.649746758357009,,130.5023213556236,-1.8420719072862703,,,,,,,,,,,,,,,,
516,2025-05-16 05:11:30.238237,40.3388519,0.9247019,4.500537872314453,16.34142737228873,23.670000000000016,49.0,1011.0,,5.3,59.0,111.29561614603845,4.875919247165651,,127.63704351832719,-1.6345050888899237,,,,,,,,,,,,,,,,
517,2025-05-16 05:11:35.238309,40.3388519,0.9247019,4.500537872314453,16.34142737228873,23.670000000000016,49.0,1011.0,,6.6,65.0,105.96505190126616,6.221600745723981,,122.3064792735549,-1.2378773252137956,,,,,,,,,,,,,,,,
518,2025-05-16 05:11:40.238137,40.3388519,0.9247019,4.500537872314453,16.34142737228873,23.670000000000016,49.0,1011.0,,6.5,74.0,113.43904706052894,6.8101489319037265,,129.78047443281767,-1.7901935668850415,,,,,,,,,,,,,,,,
519,2025-05-16 05:11:45.237754,40.3388519,0.9247019,4.500537872314453,16.34142737228873,23.670000000000016,49.0,1011.0,,6.0,74.0,116.26967714682125,6.431846145049528,,132.61110451910997,-1.9919231116440095,,,,,,,,,,,,,,,,
520,2025-05-16 05:11:50.237829,40.3388519,0.9247019,4.500537872314453,16.34142737228873,23.670000000000016,49.0,1011.0,,5.7,73.0,117.470558129665,6.143645492645356,,133.81198550195373,-2.076065514357538,,,,,,,,,,,,,,,,
521,2025-05-16 05:11:55.236479,40.3388519,0.9247019,4.500537872314453,16.34142737228873,23.670000000000016,49.0,1011.0,,4.9,70.0,121.52714660867821,5.401846904573207,,137.86857398096694,-2.3533424372929934,,,,,,,,,,,,,,,,
522,2025-05-16 05:12:00.238205,40.3388519,0.9247019,4.500537872314453,16.34142737228873,23.670000000000016,49.0,1011.0,,5.1,68.0,118.71109951967563,5.3915065889869,,135.05252689196436,-2.162028744140566,,,,,,,,,,,,,,,,
523,2025-05-16 05:12:05.238284,40.3388519,0.9247019,4.500537872314453,16.34142737228873,23.670000000000016,49.0,1011.0,,5.4,65.0,114.38401891997262,5.373373113899958,,130.72544629226135,-1.8580488771258068,,,,,,,,,,,,,,,,
524,2025-05-16 05:12:10.236216,40.3388519,0.9247019,4.500537872314453,16.34142737228873,23.670000000000016,49.0,1011.0,,5.9,72.0,115.50762370841028,6.217240339646888,,131.849051080699,-1.9380719792503602,,,,,,,,,,,,,,,,
525,2025-05-16 05:12:15.237789,40.3388519,0.9247019,4.500537872314453,16.34142737228873,23.670000000000016,49.0,1011.0,,5.8,73.0,116.82475932184653,6.215401350944446,,133.16618669413526,-2.030927181365573,,,,,,,,,,,,,,,,
526,2025-05-16 05:12:20.236300,40.3388519,0.9247019,4.500537872314453,16.34142737228873,23.670000000000016,49.0,1011.0,,5.7,65.0,112.04225180553696,5.5733233286510035,,128.38367917782568,-1.6890078823382328,,,,,,,,,,,,,,,,
527,2025-05-16 05:12:25.237732,40.3388519,0.9247019,4.500537872314453,16.34142737228873,23.670000000000016,49.0,1011.0,,5.6,67.0,114.16089398333486,5.649746758357009,,130.5023213556236,-1.8420719072862703,,,,,,,,,,,,,,,,
528,2025-05-16 05:12:30.236769,40.3388519,0.9247019,4.500537872314453,16.34142737228873,23.670000000000016,49.0,1011.0,,6.0,67.0,111.32531828026046,5.928982900990608,,127.6667456525492,-1.6366786432402334,,,,,,,,,,,,,,,,
529,2025-05-16 05:12:35.235639,40.3388519,0.9247019,4.500537872314453,16.34142737228873,23.670000000000016,49.0,1011.0,,6.1,72.0,114.26784549971427,6.36378663740255,,130.609272872003,-1.849733723641083,,,,,,,,,,,,,,,,
530,2025-05-16 05:12:40.238485,40.3388519,0.9247019,4.500537872314453,16.34142737228873,23.670000000000016,49.0,1011.0,,5.9,75.0,117.5538691829947,6.428056249623744,,133.89529655528344,-2.0818694834873455,,,,,,,,,,,,,,,,
531,2025-05-16 05:12:45.236550,40.3388519,0.9247019,4.500537872314453,16.34142737228873,23.670000000000016,49.0,1011.0,,5.3,71.0,118.97591002083156,5.728296776800654,,135.31733739312028,-2.180248865980737,,,,,,,,,,,,,,,,
532,2025-05-16 05:12:50.238485,40.3388519,0.9247019,4.500537872314453,16.34142737228873,23.670000000000016,49.0,1011.0,,5.3,68.0,117.10428712330702,5.520323435699609,,133.44571449559575,-2.050496881076494,,,,,,,,,,,,,,,,
533,2025-05-16 05:12:55.238249,40.3388519,0.9247019,4.500537872314453,16.34142737228873,23.670000000000016,49.0,1011.0,,6.1,70.0,112.83950112251992,6.219782224558291,,129.18092849480865,-1.7468884983839794,,,,,,,,,,,,,,,,
534,2025-05-16 05:13:00.236474,40.3388519,0.9247019,4.500537872314453,16.34142737228873,23.670000000000016,49.0,1011.0,,5.5,65.0,113.58434912512082,5.439001445365113,,129.92577649740954,-1.800659372825889,,,,,,,,,,,,,,,,
535,2025-05-16 05:13:05.238176,40.3388519,0.9247019,4.500537872314453,16.34142737228873,23.670000000000016,49.0,1011.0,,5.6,60.0,109.32296230748598,5.139244015920607,,125.66438967977471,-1.4891947286307785,,,,,,,,,,,,,,,,
536,2025-05-16 05:13:10.238271,40.3388519,0.9247019,4.500537872314453,16.34142737228873,23.670000000000016,49.0,1011.0,,5.5,61.0,110.87056202757677,5.148193519628549,,127.2119893998655,-1.6033524762364824,,,,,,,,,,,,,,,,
537,2025-05-16 05:13:15.238345,40.3388519,0.9247019,4.500537872314453,16.34142737228873,23.670000000000016,49.0,1011.0,,5.8,72.0,116.14953647674825,6.145097719174789,,132.49096384903697,-1.9834564259474015,,,,,,,,,,,,,,,,
538,2025-05-16 05:13:20.236545,40.3388519,0.9247019,4.500537872314453,16.34142737228873,23.670000000000016,49.0,1011.0,,5.7,72.0,116.80661545449114,6.073744686392559,,133.14804282677986,-2.029655256242115,,,,,,,,,,,,,,,,
539,2025-05-16 05:13:25.238301,40.3388519,0.9247019,4.500537872314453,16.34142737228873,23.670000000000016,49.0,1011.0,,5.5,68.0,115.57189642908807,5.653282088342978,,131.9133238013768,-1.9426272355846836,,,,,,,,,,,,,,,,
540,2025-05-16 05:13:30.237562,40.3388519,0.9247019,4.500537872314453,16.34142737228873,23.670000000000016,49.0,1011.0,,6.3,78.0,117.37394647076317,6.939368790711173,,133.7153738430519,-2.0693294462225618,,,,,,,,,,,,,,,,
541,2025-05-16 05:13:35.238221,40.3388519,0.9247019,4.500537872314453,16.34142737228873,23.670000000000016,49.0,1011.0,,6.2,78.0,117.90361501161296,6.8623598055785955,,134.24504238390168,-2.106186797277685,,,,,,,,,,,,,,,,
542,2025-05-16 05:13:40.237508,40.3388519,0.9247019,4.500537872314453,16.34142737228873,23.670000000000016,49.0,1011.0,,5.5,75.0,120.07925962878136,6.139362106927313,,136.4206870010701,-2.2556584656295473,,,,,,,,,,,,,,,,
543,2025-05-16 05:13:45.236358,40.3388519,0.9247019,4.500537872314453,16.34142737228873,23.670000000000016,49.0,1011.0,,5.8,72.0,116.14953647674825,6.145097719174789,,132.49096384903697,-1.9834564259474015,,,,,,,,,,,,,,,,
544,2025-05-16 05:13:50.237761,40.3388519,0.9247019,4.500537872314453,16.34142737228873,23.670000000000016,49.0,1011.0,,5.7,73.0,117.470558129665,6.143645492645356,,133.81198550195373,-2.076065514357538,,,,,,,,,,,,,,,,
545,2025-05-16 05:13:55.236592,40.3388519,0.9247019,4.500537872314453,16.34142737228873,23.670000000000016,49.0,1011.0,,5.8,80.0,121.44987994692352,6.69547032101369,,137.79130731921225,-2.3481669286939093,,,,,,,,,,,,,,,,
546,2025-05-16 05:14:00.238177,40.3388519,0.9247019,4.500537872314453,16.34142737228873,23.670000000000016,49.0,1011.0,,5.6,75.0,119.42598029964044,6.210378579206178,,135.76740767192916,-2.211108621393424,,,,,,,,,,,,,,,,
547,2025-05-16 05:14:05.238234,40.3388519,0.9247019,4.500537872314453,16.34142737228873,23.670000000000016,49.0,1011.0,,5.6,75.0,119.42598029964044,6.210378579206178,,135.76740767192916,-2.211108621393424,,,,,,,,,,,,,,,,
548,2025-05-16 05:14:10.238316,40.3388519,0.9247019,4.500537872314453,16.34142737228873,23.670000000000016,49.0,1011.0,,5.5,62.0,111.55647577663461,5.221419453455028,,127.89790314892335,-1.6535792999381604,,,,,,,,,,,,,,,,
549,2025-05-16 05:14:15.238110,40.3388519,0.9247019,4.500537872314453,16.34142737228873,23.670000000000016,49.0,1011.0,,5.5,67.0,114.9135362305017,5.582234183720454,,131.25496360279044,-1.8958519945079597,,,,,,,,,,,,,,,,
550,2025-05-16 05:14:20.238217,40.3388519,0.9247019,4.500537872314453,16.34142737228873,23.670000000000016,49.0,1011.0,,5.1,74.0,122.26321797716369,5.797548988975488,,138.60464534945243,-2.402430360888597,,,,,,,,,,,,,,,,
551,2025-05-16 05:14:25.236695,40.3388519,0.9247019,4.500537872314453,16.34142737228873,23.670000000000016,49.0,1011.0,,5.2,73.0,120.93438511177143,5.797431316471066,,137.27581248406017,-2.3135290049166737,,,,,,,,,,,,,,,,
552,2025-05-16 05:14:30.238153,40.3388519,0.9247019,4.500537872314453,16.34142737228873,23.670000000000016,49.0,1011.0,,5.7,68.0,114.11091915733068,5.790097227683205,,130.4523465296194,-1.8384895977541518,,,,,,,,,,,,,,,,
553,2025-05-16 05:14:35.236562,40.3388519,0.9247019,4.500537872314453,16.34142737228873,23.670000000000016,49.0,1011.0,,6.0,73.0,115.57726274765865,6.361201300176165,,131.91869011994737,-1.9430074568474256,,,,,,,,,,,,,,,,
554,2025-05-16 05:14:40.236224,40.3388519,0.9247019,4.500537872314453,16.34142737228873,23.670000000000016,49.0,1011.0,,5.3,74.0,120.82170909553209,5.932568392864857,,137.1631364678208,-2.30593286619857,,,,,,,,,,,,,,,,
555,2025-05-16 05:14:45.237156,40.3388519,0.9247019,4.500537872314453,16.34142737228873,23.670000000000016,49.0,1011.0,,5.5,66.0,114.25108175285699,5.510804915047271,,130.5925091251457,-1.8485332239048327,,,,,,,,,,,,,,,,
556,2025-05-16 05:14:50.235877,40.3388519,0.9247019,4.500537872314453,16.34142737228873,23.670000000000016,49.0,1011.0,,6.1,75.0,116.37545284794835,6.576775591618038,,132.71688022023707,-1.9993702047669675,,,,,,,,,,,,,,,,
557,2025-05-16 05:14:55.235656,40.3388519,0.9247019,4.500537872314453,16.34142737228873,23.670000000000016,49.0,1011.0,,5.2,71.0,119.72768261562545,5.661839835683766,,136.06910998791417,-2.2317190346678486,,,,,,,,,,,,,,,,
558,2025-05-16 05:15:00.237787,40.3388519,0.9247019,4.500537872314453,16.34142737228873,23.670000000000016,49.0,1011.0,,5.5,70.0,116.8770195615081,5.794205765304612,,133.21844693379683,-2.0345896008740025,,,,,,,,,,,,,,,,
559,2025-05-16 05:15:05.237231,40.3388519,0.9247019,4.500537872314453,16.34142737228873,23.670000000000016,49.0,1011.0,,6.0,75.0,116.95792277074126,6.502072143971861,,133.29935014302998,-2.0402559920954912,,,,,,,,,,,,,,,,
560,2025-05-16 05:15:10.237219,40.3388519,0.9247019,4.500537872314453,16.34142737228873,23.670000000000016,49.0,1011.0,,5.9,79.0,120.22934972938896,6.703109162269837,,136.5707771016777,-2.265852520530659,,,,,,,,,,,,,,,,
561,2025-05-16 05:15:15.238217,40.3388519,0.9247019,4.500537872314453,16.34142737228873,23.670000000000016,49.0,1011.0,,5.5,80.0,123.20779207581332,6.473656535498636,,139.54921944810204,-2.4648411531214167,,,,,,,,,,,,,,,,
562,2025-05-16 05:15:20.238320,40.3388519,0.9247019,4.500537872314453,16.34142737228873,23.670000000000016,49.0,1011.0,,5.7,77.0,120.09095105581767,6.418993122751583,,136.4323784281064,-2.2564530991155802,,,,,,,,,,,,,,,,
563,2025-05-16 05:15:25.237195,40.3388519,0.9247019,4.500537872314453,16.34142737228873,23.670000000000016,49.0,1011.0,,5.5,73.0,118.8080471907433,6.002558780325331,,135.14947456303202,-2.1687045478616986,,,,,,,,,,,,,,,,
564,2025-05-16 05:15:30.236184,40.3388519,0.9247019,4.500537872314453,16.34142737228873,23.670000000000016,49.0,1011.0,,6.2,76.0,116.50944401253864,6.722647234487354,,132.85087138482737,-2.008794009072884,,,,,,,,,,,,,,,,
565,2025-05-16 05:15:35.236315,40.3388519,0.9247019,4.500537872314453,16.34142737228873,23.670000000000016,49.0,1011.0,,6.3,78.0,117.37394647076317,6.939368790711173,,133.7153738430519,-2.0693294462225618,,,,,,,,,,,,,,,,
566,2025-05-16 05:15:40.237747,40.3388519,0.9247019,4.500537872314453,16.34142737228873,23.670000000000016,49.0,1011.0,,6.1,82.0,121.15308664362774,7.058563921766414,,137.49451401591648,-2.3282473702932664,,,,,,,,,,,,,,,,
567,2025-05-16 05:15:45.237775,40.3388519,0.9247019,4.500537872314453,16.34142737228873,23.670000000000016,49.0,1011.0,,5.3,80.0,124.44742399076844,6.329362765683726,,140.78885136305718,-2.5457281682826007,,,,,,,,,,,,,,,,
568,2025-05-16 05:15:50.235696,40.3388519,0.9247019,4.500537872314453,16.34142737228873,23.670000000000016,49.0,1011.0,,5.8,73.0,116.82475932184653,6.215401350944446,,133.16618669413526,-2.030927181365573,,,,,,,,,,,,,,,,
569,2025-05-16 05:15:55.237713,40.3388519,0.9247019,4.500537872314453,16.34142737228873,23.670000000000016,49.0,1011.0,,6.2,75.0,115.80612379034909,6.6521434289701515,,132.14755116263782,-1.9592071050520667,,,,,,,,,,,,,,,,
570,2025-05-16 05:16:00.238076,40.3388519,0.9247019,4.500537872314453,16.34142737228873,23.670000000000016,49.0,1011.0,,5.6,77.0,120.70773001732874,6.34633381235422,,137.04915738961748,-2.298239807460272,,,,,,,,,,,,,,,,
571,2025-05-16 05:16:05.236480,40.3388519,0.9247019,4.500537872314453,16.34142737228873,23.670000000000016,49.0,1011.0,,5.0,72.0,121.86134038409102,5.598876161910028,,138.20276775637976,-2.3756781403310994,,,,,,,,,,,,,,,,
572,2025-05-16 05:16:10.236178,40.3388519,0.9247019,4.500537872314453,16.34142737228873,23.670000000000016,49.0,1011.0,,5.8,71.0,115.47024583213897,6.074384919804705,,131.8116732044277,-1.9354217426546847,,,,,,,,,,,,,,,,
573,2025-05-16 05:16:15.236063,40.3388519,0.9247019,4.500537872314453,16.34142737228873,23.670000000000016,49.0,1011.0,,6.0,76.0,117.64215746958213,6.5718716740876655,,133.98358484187085,-2.0880153936224306,,,,,,,,,,,,,,,,
574,2025-05-16 05:16:20.237723,40.3388519,0.9247019,4.500537872314453,16.34142737228873,23.670000000000016,49.0,1011.0,,5.3,76.0,122.03939875082246,6.066612515669646,,138.38082612311118,-2.387545642695351,,,,,,,,,,,,,,,,
575,2025-05-16 05:16:25.237775,40.3388519,0.9247019,4.500537872314453,16.34142737228873,23.670000000000016,49.0,1011.0,,6.2,78.0,117.90361501161296,6.8623598055785955,,134.24504238390168,-2.106186797277685,,,,,,,,,,,,,,,,
576,2025-05-16 05:16:30.236920,40.3388519,0.9247019,4.500537872314453,16.34142737228873,23.670000000000016,49.0,1011.0,,5.9,79.0,120.22934972938896,6.703109162269837,,136.5707771016777,-2.265852520530659,,,,,,,,,,,,,,,,
577,2025-05-16 05:16:35.237721,40.3388519,0.9247019,4.500537872314453,16.34142737228873,23.670000000000016,49.0,1011.0,,5.6,80.0,122.60860708141495,6.546902084161219,,138.95003445370367,-2.425327859764368,,,,,,,,,,,,,,,,
578,2025-05-16 05:16:40.237796,40.3388519,0.9247019,4.500537872314453,16.34142737228873,23.670000000000016,49.0,1011.0,,5.9,75.0,117.5538691829947,6.428056249623744,,133.89529655528344,-2.0818694834873455,,,,,,,,,,,,,,,,
579,2025-05-16 05:16:45.236255,40.3388519,0.9247019,4.500537872314453,16.34142737228873,23.670000000000016,49.0,1011.0,,5.9,77.0,118.89868403932707,6.5664687933573145,,135.2401114116158,-2.1749401735653606,,,,,,,,,,,,,,,,
580,2025-05-16 05:16:50.237220,40.3388519,0.9247019,4.500537872314453,16.34142737228873,23.670000000000016,49.0,1011.0,,5.3,74.0,120.82170909553209,5.932568392864857,,137.1631364678208,-2.30593286619857,,,,,,,,,,,,,,,,
581,2025-05-16 05:16:55.237224,40.3388519,0.9247019,4.500537872314453,16.34142737228873,23.670000000000016,49.0,1011.0,,5.7,77.0,120.09095105581767,6.418993122751583,,136.4323784281064,-2.2564530991155802,,,,,,,,,,,,,,,,
582,2025-05-16 05:17:00.236009,40.3388519,0.9247019,4.500537872314453,16.34142737228873,23.670000000000016,49.0,1011.0,,5.4,80.0,123.82062225380734,6.401135132116326,,140.16204962609606,-2.504975403413169,,,,,,,,,,,,,,,,
583,2025-05-16 05:17:05.238200,40.3388519,0.9247019,4.500537872314453,16.34142737228873,23.670000000000016,49.0,1011.0,,6.0,78.0,118.99918833141166,6.710161538790971,,135.3406157037004,-2.1818482943766915,,,,,,,,,,,,,,,,
584,2025-05-16 05:17:10.236396,40.3388519,0.9247019,4.500537872314453,16.34142737228873,23.670000000000016,49.0,1011.0,,5.4,77.0,121.98426086769882,6.203298570408093,,138.32568823998756,-2.383873189245678,,,,,,,,,,,,,,,,
585,2025-05-16 05:17:15.237700,40.3388519,0.9247019,4.500537872314453,16.34142737228873,23.670000000000016,49.0,1011.0,,5.8,79.0,120.799076967238,6.628229104619116,,137.14050433952673,-2.3044060277101766,,,,,,,,,,,,,,,,
586,2025-05-16 05:17:20.237541,40.3388519,0.9247019,4.500537872314453,16.34142737228873,23.670000000000016,49.0,1011.0,,5.0,81.0,126.97766625942953,6.181783625754673,,143.31909363171826,-2.707090053778723,,,,,,,,,,,,,,,,
587,2025-05-16 05:17:25.238061,40.3388519,0.9247019,4.500537872314453,16.34142737228873,23.670000000000016,49.0,1011.0,,5.5,77.0,121.33872047039897,6.274426906557184,,137.6801478426877,-2.3407137084638348,,,,,,,,,,,,,,,,
588,2025-05-16 05:17:30.237562,40.3388519,0.9247019,4.500537872314453,16.34142737228873,23.670000000000016,49.0,1011.0,,5.6,78.0,121.34414493424003,6.413644784953982,,137.68557230652877,-2.341077622364737,,,,,,,,,,,,,,,,
589,2025-05-16 05:17:35.237553,40.3388519,0.9247019,4.500537872314453,16.34142737228873,23.670000000000016,49.0,1011.0,,5.6,73.0,118.13153436903828,6.072688525297603,,134.472961741327,-2.1219915164473937,,,,,,,,,,,,,,,,
590,2025-05-16 05:17:40.236140,40.3388519,0.9247019,4.500537872314453,16.34142737228873,23.670000000000016,49.0,1011.0,,5.6,75.0,119.42598029964044,6.210378579206178,,135.76740767192916,-2.211108621393424,,,,,,,,,,,,,,,,
591,2025-05-16 05:17:45.237325,40.3388519,0.9247019,4.500537872314453,16.34142737228873,23.670000000000016,49.0,1011.0,,5.2,74.0,121.53416686167134,5.864594701068004,,137.87559423396007,-2.353812458932913,,,,,,,,,,,,,,,,
592,2025-05-16 05:17:50.236203,40.3388519,0.9247019,4.500537872314453,16.34142737228873,23.670000000000016,49.0,1011.0,,5.3,70.0,118.35506782592392,5.659375433203017,,134.69649519821266,-2.137459488209453,,,,,,,,,,,,,,,,
593,2025-05-16 05:17:55.235642,40.3388519,0.9247019,4.500537872314453,16.34142737228873,23.670000000000016,49.0,1011.0,,5.4,76.0,121.36729301827776,6.136451065935581,,137.7087203905665,-2.3426303343604675,,,,,,,,,,,,,,,,
594,2025-05-16 05:18:00.235691,40.3388519,0.9247019,4.500537872314453,16.34142737228873,23.670000000000016,49.0,1011.0,,5.4,74.0,120.1254974851985,6.0014385329055315,,136.46692485748721,-2.2588005738729082,,,,,,,,,,,,,,,,
595,2025-05-16 05:18:05.237201,40.3388519,0.9247019,4.500537872314453,16.34142737228873,23.670000000000016,49.0,1011.0,,5.8,78.0,120.14517218729824,6.560529982563794,,136.48659955958698,-2.2601371284844083,,,,,,,,,,,,,,,,
596,2025-05-16 05:18:10.236079,40.3388519,0.9247019,4.500537872314453,16.34142737228873,23.670000000000016,49.0,1011.0,,5.2,70.0,119.12055794701521,5.593423389621796,,135.46198531930395,-2.190181633770581,,,,,,,,,,,,,,,,
597,2025-05-16 05:18:15.237800,40.3388519,0.9247019,4.500537872314453,16.34142737228873,23.670000000000016,49.0,1011.0,,5.6,68.0,114.83267371943263,5.721224706144843,,131.17410109172135,-1.8900894816375804,,,,,,,,,,,,,,,,
598,2025-05-16 05:18:20.236133,40.3388519,0.9247019,4.500537872314453,16.34142737228873,23.670000000000016,49.0,1011.0,,5.3,72.0,119.59388727161563,5.796806764467868,,135.93531464390435,-2.2225865766876707,,,,,,,,,,,,,,,,
599,2025-05-16 05:18:25.237417,40.3388519,0.9247019,4.500537872314453,16.34142737228873,23.670000000000016,49.0,1011.0,,5.5,76.0,120.71040154798226,6.207114946089222,,137.051828920271,-2.2984202275872256,,,,,,,,,,,,,,,,
600,2025-05-16 05:18:30.238185,40.3388519,0.9247019,4.500537872314453,16.34142737228873,23.670000000000016,49.0,1011.0,,5.9,74.0,116.87580848629517,6.358203213594567,,133.2172358585839,-2.034504747362003,,,,,,,,,,,,,,,,
601,2025-05-16 05:18:35.238367,40.3388519,0.9247019,4.500537872314453,16.34142737228873,23.670000000000016,49.0,1011.0,,6.0,73.0,115.57726274765865,6.361201300176165,,131.91869011994737,-1.9430074568474256,,,,,,,,,,,,,,,,
602,2025-05-16 05:18:40.236650,40.3388519,0.9247019,4.500537872314453,16.34142737228873,23.670000000000016,49.0,1011.0,,6.1,76.0,117.06937737706484,6.646934749944378,,133.41080474935356,-2.0480555123835593,,,,,,,,,,,,,,,,
603,2025-05-16 05:18:45.237616,40.3388519,0.9247019,4.500537872314453,16.34142737228873,23.670000000000016,49.0,1011.0,,6.1,76.0,117.06937737706484,6.646934749944378,,133.41080474935356,-2.0480555123835593,,,,,,,,,,,,,,,,
604,2025-05-16 05:18:50.237593,40.3388519,0.9247019,4.500537872314453,16.34142737228873,23.670000000000016,49.0,1011.0,,5.5,72.0,118.16773166719213,5.933521011172973,,134.50915903948086,-2.1244984792919688,,,,,,,,,,,,,,,,
605,2025-05-16 05:18:55.238110,40.3388519,0.9247019,4.500537872314453,16.34142737228873,23.670000000000016,49.0,1011.0,,6.3,78.0,117.37394647076317,6.939368790711173,,133.7153738430519,-2.0693294462225618,,,,,,,,,,,,,,,,
606,2025-05-16 05:19:00.237814,40.3388519,0.9247019,4.500537872314453,16.34142737228873,23.670000000000016,49.0,1011.0,,6.3,77.0,116.67009444768749,6.869395302538801,,133.01152181997622,-2.0200783140563843,,,,,,,,,,,,,,,,
607,2025-05-16 05:19:05.236510,40.3388519,0.9247019,4.500537872314453,16.34142737228873,23.670000000000016,49.0,1011.0,,6.2,76.0,116.50944401253864,6.722647234487354,,132.85087138482737,-2.008794009072884,,,,,,,,,,,,,,,,
608,2025-05-16 05:19:10.237811,40.3388519,0.9247019,4.500537872314453,16.34142737228873,23.670000000000016,49.0,1011.0,,6.2,78.0,117.90361501161296,6.8623598055785955,,134.24504238390168,-2.106186797277685,,,,,,,,,,,,,,,,
609,2025-05-16 05:19:15.238137,40.3388519,0.9247019,4.500537872314453,16.34142737228873,23.670000000000016,49.0,1011.0,,5.9,79.0,120.22934972938896,6.703109162269837,,136.5707771016777,-2.265852520530659,,,,,,,,,,,,,,,,
610,2025-05-16 05:19:20.236218,40.3388519,0.9247019,4.500537872314453,16.34142737228873,23.670000000000016,49.0,1011.0,,5.7,76.0,119.44088630357737,6.350808176338572,,135.7823136758661,-2.212128350645969,,,,,,,,,,,,,,,,
611,2025-05-16 05:19:25.238181,40.3388519,0.9247019,4.500537872314453,16.34142737228873,23.670000000000016,49.0,1011.0,,5.8,77.0,119.48804702515508,6.492379576244274,,135.82947439744382,-2.2153536591903187,,,,,,,,,,,,,,,,
612,2025-05-16 05:19:30.238355,40.3388519,0.9247019,4.500537872314453,16.34142737228873,23.670000000000016,49.0,1011.0,,6.0,77.0,118.32253157335721,6.64123725417464,,134.66395894564593,-2.135210076145552,,,,,,,,,,,,,,,,
613,2025-05-16 05:19:35.236607,40.3388519,0.9247019,4.500537872314453,16.34142737228873,23.670000000000016,49.0,1011.0,,5.5,76.0,120.71040154798226,6.207114946089222,,137.051828920271,-2.2984202275872256,,,,,,,,,,,,,,,,
614,2025-05-16 05:19:40.238207,40.3388519,0.9247019,4.500537872314453,16.34142737228873,23.670000000000016,49.0,1011.0,,5.8,75.0,118.16363174876442,6.354751933100055,,134.50505912105314,-2.1242145685303906,,,,,,,,,,,,,,,,
615,2025-05-16 05:19:45.236633,40.3388519,0.9247019,4.500537872314453,16.34142737228873,23.670000000000016,49.0,1011.0,,6.2,76.0,116.50944401253864,6.722647234487354,,132.85087138482737,-2.008794009072884,,,,,,,,,,,,,,,,
616,2025-05-16 05:19:50.238235,40.3388519,0.9247019,4.500537872314453,16.34142737228873,23.670000000000016,49.0,1011.0,,5.6,76.0,120.06838045525592,6.27857628951871,,136.40980782754465,-2.25491895437443,,,,,,,,,,,,,,,,
617,2025-05-16 05:19:55.238163,40.3388519,0.9247019,4.500537872314453,16.34142737228873,23.670000000000016,49.0,1011.0,,5.5,74.0,119.44518129127934,6.071174613900304,,135.78660866356807,-2.2124221457160473,,,,,,,,,,,,,,,,
618,2025-05-16 05:20:00.236744,40.3388519,0.9247019,4.500537872314453,16.34142737228873,23.670000000000016,49.0,1011.0,,5.8,74.0,117.49607388183549,6.285288487980491,,133.83750125412422,-2.077843568137414,,,,,,,,,,,,,,,,
619,2025-05-16 05:20:05.237275,40.3388519,0.9247019,4.500537872314453,16.34142737228873,23.670000000000016,49.0,1011.0,,5.6,72.0,117.47922546933663,6.00320939604446,,133.82065284162536,-2.076669540239752,,,,,,,,,,,,,,,,
620,2025-05-16 05:20:10.236233,40.3388519,0.9247019,4.500537872314453,16.34142737228873,23.670000000000016,49.0,1011.0,,6.0,74.0,116.26967714682125,6.431846145049528,,132.61110451910997,-1.9919231116440095,,,,,,,,,,,,,,,,
621,2025-05-16 05:20:15.235922,40.3388519,0.9247019,4.500537872314453,16.34142737228873,23.670000000000016,49.0,1011.0,,5.3,73.0,120.20911664692464,5.864899307168016,,136.55054401921336,-2.264479203495697,,,,,,,,,,,,,,,,
622,2025-05-16 05:20:20.236188,40.3388519,0.9247019,4.500537872314453,16.34142737228873,23.670000000000016,49.0,1011.0,,5.5,71.0,117.52410232218224,5.864067806518201,,133.86552969447098,-2.0797962425048047,,,,,,,,,,,,,,,,
623,2025-05-16 05:20:25.237453,40.3388519,0.9247019,4.500537872314453,16.34142737228873,23.670000000000016,49.0,1011.0,,5.0,63.0,116.59661923420303,4.982251174183087,,132.93804660649175,-2.014919280547662,,,,,,,,,,,,,,,,
624,2025-05-16 05:20:30.236022,40.3388519,0.9247019,4.500537872314453,16.34142737228873,23.670000000000016,49.0,1011.0,,5.4,58.0,109.6921245428853,4.863916794752022,,126.03355191517403,-1.5165275588518372,,,,,,,,,,,,,,,,
625,2025-05-16 05:20:35.242777,40.3388519,0.9247019,4.500537872314453,16.34142737228873,23.670000000000016,49.0,1011.0,,5.5,61.0,110.87056202757677,5.148193519628549,,127.2119893998655,-1.6033524762364824,,,,,,,,,,,,,,,,
626,2025-05-16 05:20:40.237603,40.3388519,0.9247019,4.500537872314453,16.34142737228873,23.670000000000016,49.0,1011.0,,5.9,62.0,108.37743847227742,5.489346178761599,,124.71886584456615,-1.4189087464270314,,,,,,,,,,,,,,,,
627,2025-05-16 05:20:45.237565,40.3388519,0.9247019,4.500537872314453,16.34142737228873,23.670000000000016,49.0,1011.0,,5.5,61.0,110.87056202757677,5.148193519628549,,127.2119893998655,-1.6033524762364824,,,,,,,,,,,,,,,,
628,2025-05-16 05:20:50.238334,40.3388519,0.9247019,4.500537872314453,16.34142737228873,23.670000000000016,49.0,1011.0,,5.8,64.0,110.58598931518823,5.568584392858605,,126.92741668747696,-1.5824464565111815,,,,,,,,,,,,,,,,
629,2025-05-16 05:20:55.236621,40.3388519,0.9247019,4.500537872314453,16.34142737228873,23.670000000000016,49.0,1011.0,,5.7,65.0,112.04225180553696,5.5733233286510035,,128.38367917782568,-1.6890078823382328,,,,,,,,,,,,,,,,
630,2025-05-16 05:21:00.236698,40.3388519,0.9247019,4.500537872314453,16.34142737228873,23.670000000000016,49.0,1011.0,,5.9,60.0,106.88088227435557,5.339631793811389,,123.2223096466443,-1.30687932918836,,,,,,,,,,,,,,,,
631,2025-05-16 05:21:05.237551,40.3388519,0.9247019,4.500537872314453,16.34142737228873,23.670000000000016,49.0,1011.0,,5.1,65.0,116.90221026223129,5.183082511081641,,133.24363763452,-2.036354371330649,,,,,,,,,,,,,,,,
632,2025-05-16 05:21:10.236588,40.3388519,0.9247019,4.500537872314453,16.34142737228873,23.670000000000016,49.0,1011.0,,5.9,68.0,112.71824869444869,5.930501955287591,,129.0596760667374,-1.7381070554597695,,,,,,,,,,,,,,,,
633,2025-05-16 05:21:15.236175,40.3388519,0.9247019,4.500537872314453,16.34142737228873,23.670000000000016,49.0,1011.0,,5.3,64.0,114.56240788008003,5.237560318377498,,130.90383525236876,-1.8708022473763195,,,,,,,,,,,,,,,,
634,2025-05-16 05:21:20.237206,40.3388519,0.9247019,4.500537872314453,16.34142737228873,23.670000000000016,49.0,1011.0,,5.1,59.0,113.20214339316301,4.756234629368814,,129.54357076545173,-1.7731052296701058,,,,,,,,,,,,,,,,
635,2025-05-16 05:21:25.236028,40.3388519,0.9247019,4.500537872314453,16.34142737228873,23.670000000000016,49.0,1011.0,,5.1,63.0,115.6820065273495,5.042240223858735,,132.02343389963823,-1.9504254797467135,,,,,,,,,,,,,,,,
636,2025-05-16 05:21:30.237544,40.3388519,0.9247019,4.500537872314453,16.34142737228873,23.670000000000016,49.0,1011.0,,5.4,64.0,113.72772253710919,5.301646621474481,,130.0691499093979,-1.8109749112048488,,,,,,,,,,,,,,,,
637,2025-05-16 05:21:35.238293,40.3388519,0.9247019,4.500537872314453,16.34142737228873,23.670000000000016,49.0,1011.0,,5.3,68.0,117.10428712330702,5.520323435699609,,133.44571449559575,-2.050496881076494,,,,,,,,,,,,,,,,
638,2025-05-16 05:21:40.238179,40.3388519,0.9247019,4.500537872314453,16.34142737228873,23.670000000000016,49.0,1011.0,,5.8,73.0,116.82475932184653,6.215401350944446,,133.16618669413526,-2.030927181365573,,,,,,,,,,,,,,,,
639,2025-05-16 05:21:45.238196,40.3388519,0.9247019,4.500537872314453,16.34142737228873,23.670000000000016,49.0,1011.0,,5.5,71.0,117.52410232218224,5.864067806518201,,133.86552969447098,-2.0797962425048047,,,,,,,,,,,,,,,,
640,2025-05-16 05:21:50.238168,40.3388519,0.9247019,4.500537872314453,16.34142737228873,23.670000000000016,49.0,1011.0,,4.5,68.0,124.00507628410774,5.033036925371556,,140.34650365639646,-2.5169993989682338,,,,,,,,,,,,,,,,
641,2025-05-16 05:21:55.236347,40.3388519,0.9247019,4.500537872314453,16.34142737228873,23.670000000000016,49.0,1011.0,,4.8,67.0,120.71496066065768,5.139381170940578,,137.05638803294642,-2.29872811282754,,,,,,,,,,,,,,,,
642,2025-05-16 05:22:00.237213,40.3388519,0.9247019,4.500537872314453,16.34142737228873,23.670000000000016,49.0,1011.0,,5.2,63.0,114.78912210031885,5.10348373050696,,131.13054947260758,-1.8869842978585036,,,,,,,,,,,,,,,,
643,2025-05-16 05:22:05.237216,40.3388519,0.9247019,4.500537872314453,16.34142737228873,23.670000000000016,49.0,1011.0,,4.5,60.0,120.0059305365288,4.5002689602646715,,136.34735790881751,-2.2506723524439085,,,,,,,,,,,,,,,,
644,2025-05-16 05:22:10.237220,40.3388519,0.9247019,4.500537872314453,16.34142737228873,23.670000000000016,49.0,1011.0,,5.3,61.0,112.61559976430591,5.021619075383736,,128.95702713659463,-1.7306668444446158,,,,,,,,,,,,,,,,
645,2025-05-16 05:22:15.237574,40.3388519,0.9247019,4.500537872314453,16.34142737228873,23.670000000000016,49.0,1011.0,,5.2,67.0,117.282742670544,5.385762585455476,,133.62417004283273,-2.062965031826546,,,,,,,,,,,,,,,,
646,2025-05-16 05:22:20.236331,40.3388519,0.9247019,4.500537872314453,16.34142737228873,23.670000000000016,49.0,1011.0,,4.9,66.0,119.25622713337377,5.130848975673909,,135.5976545056625,-2.1994851591150373,,,,,,,,,,,,,,,,
647,2025-05-16 05:22:25.238211,40.3388519,0.9247019,4.500537872314453,16.34142737228873,23.670000000000016,49.0,1011.0,,4.8,65.0,119.60665808543835,5.00355373831218,,135.94808545772707,-2.223458797088898,,,,,,,,,,,,,,,,
648,2025-05-16 05:22:30.237587,40.3388519,0.9247019,4.500537872314453,16.34142737228873,23.670000000000016,49.0,1011.0,,5.1,62.0,115.06720933781413,4.971269530769042,,131.40863671010285,-1.9067927991380258,,,,,,,,,,,,,,,,
649,2025-05-16 05:22:35.238248,40.3388519,0.9247019,4.500537872314453,16.34142737228873,23.670000000000016,49.0,1011.0,,5.4,71.0,118.24150385213541,5.795717177474587,,134.58293122442413,-2.129605188237201,,,,,,,,,,,,,,,,
650,2025-05-16 05:22:40.238193,40.3388519,0.9247019,4.500537872314453,16.34142737228873,23.670000000000016,49.0,1011.0,,5.6,73.0,118.13153436903828,6.072688525297603,,134.472961741327,-2.1219915164473937,,,,,,,,,,,,,,,,
651,2025-05-16 05:22:45.238165,40.3388519,0.9247019,4.500537872314453,16.34142737228873,23.670000000000016,49.0,1011.0,,5.4,70.0,117.60734349830342,5.7263142921355215,,133.94877087059214,-2.085592520240851,,,,,,,,,,,,,,,,
652,2025-05-16 05:22:50.237557,40.3388519,0.9247019,4.500537872314453,16.34142737228873,23.670000000000016,49.0,1011.0,,5.9,70.0,114.12225265254246,6.074652316320988,,130.46368002483118,-1.8393021312744258,,,,,,,,,,,,,,,,
653,2025-05-16 05:22:55.236201,40.3388519,0.9247019,4.500537872314453,16.34142737228873,23.670000000000016,49.0,1011.0,,5.6,75.0,119.42598029964044,6.210378579206178,,135.76740767192916,-2.211108621393424,,,,,,,,,,,,,,,,
654,2025-05-16 05:23:00.238133,40.3388519,0.9247019,4.500537872314453,16.34142737228873,23.670000000000016,49.0,1011.0,,5.8,76.0,118.82757707560754,6.42378461360522,,135.16900444789627,-2.17004862235573,,,,,,,,,,,,,,,,
655,2025-05-16 05:23:05.237701,40.3388519,0.9247019,4.500537872314453,16.34142737228873,23.670000000000016,49.0,1011.0,,5.3,76.0,122.03939875082246,6.066612515669646,,138.38082612311118,-2.387545642695351,,,,,,,,,,,,,,,,
656,2025-05-16 05:23:10.237781,40.3388519,0.9247019,4.500537872314453,16.34142737228873,23.670000000000016,49.0,1011.0,,5.2,72.0,120.33225676555479,5.729844430859802,,136.6736841378435,-2.2728329413023376,,,,,,,,,,,,,,,,
657,2025-05-16 05:23:15.236575,40.3388519,0.9247019,4.500537872314453,16.34142737228873,23.670000000000016,49.0,1011.0,,5.4,72.0,118.87249828412205,5.864709722339698,,135.21392565641077,-2.173139206732426,,,,,,,,,,,,,,,,
658,2025-05-16 05:23:20.237549,40.3388519,0.9247019,4.500537872314453,16.34142737228873,23.670000000000016,49.0,1011.0,,4.9,75.0,124.33027422496863,5.731453304132136,,140.67170159725737,-2.538134446337375,,,,,,,,,,,,,,,,
659,2025-05-16 05:23:25.238334,40.3388519,0.9247019,4.500537872314453,16.34142737228873,23.670000000000016,49.0,1011.0,,5.0,71.0,121.28473912655481,5.531954722211413,,137.62616649884353,-2.337091090506731,,,,,,,,,,,,,,,,
660,2025-05-16 05:23:30.236028,40.3388519,0.9247019,4.500537872314453,16.34142737228873,23.670000000000016,49.0,1011.0,,4.6,65.0,121.51715873141154,4.890434930471529,,137.85858610370028,-2.35267366568295,,,,,,,,,,,,,,,,
661,2025-05-16 05:23:35.237575,40.3388519,0.9247019,4.500537872314453,16.34142737228873,23.670000000000016,49.0,1011.0,,4.7,65.0,120.55098593892095,4.946306896127347,,136.89241331120968,-2.2876454621661444,,,,,,,,,,,,,,,,
662,2025-05-16 05:23:40.236572,40.3388519,0.9247019,4.500537872314453,16.34142737228873,23.670000000000016,49.0,1011.0,,5.0,71.0,121.28473912655481,5.531954722211413,,137.62616649884353,-2.337091090506731,,,,,,,,,,,,,,,,
663,2025-05-16 05:23:45.246331,40.3388519,0.9247019,4.500537872314453,16.34142737228873,23.670000000000016,49.0,1011.0,,4.1,68.0,127.94970328127715,4.820809643707495,,144.2911306535659,-2.7676934719701434,,,,,,,,,,,,,,,,
664,2025-05-16 05:23:50.237185,40.3388519,0.9247019,4.500537872314453,16.34142737228873,23.670000000000016,49.0,1011.0,,4.4,63.0,122.55600889137635,4.651308255528471,,138.89743626366507,-2.421846541917082,,,,,,,,,,,,,,,,
665,2025-05-16 05:23:55.238360,40.3388519,0.9247019,4.500537872314453,16.34142737228873,23.670000000000016,49.0,1011.0,,4.6,70.0,124.10576581238193,5.2204898951464385,,140.44719318467065,-2.523552043454697,,,,,,,,,,,,,,,,
666,2025-05-16 05:24:00.236310,40.3388519,0.9247019,4.500537872314453,16.34142737228873,23.670000000000016,49.0,1011.0,,4.6,68.0,123.07170101522321,5.089624196340646,,139.41312838751193,-2.455890124273499,,,,,,,,,,,,,,,,
667,2025-05-16 05:24:05.236204,40.3388519,0.9247019,4.500537872314453,16.34142737228873,23.670000000000016,49.0,1011.0,,4.5,69.0,124.50498194635261,5.097960805828739,,140.84640931864135,-2.5494552143459495,,,,,,,,,,,,,,,,
668,2025-05-16 05:24:10.238361,40.3388519,0.9247019,4.500537872314453,16.34142737228873,23.670000000000016,49.0,1011.0,,4.6,67.0,122.55400042156609,5.023608157179639,,138.89542779385482,-2.421713566796055,,,,,,,,,,,,,,,,
669,2025-05-16 05:24:15.238307,40.3388519,0.9247019,4.500537872314453,16.34142737228873,23.670000000000016,49.0,1011.0,,4.3,62.0,123.17184087932219,4.535870371254092,,139.51326825161092,-2.462477907936895,,,,,,,,,,,,,,,,
670,2025-05-16 05:24:20.238165,40.3388519,0.9247019,4.500537872314453,16.34142737228873,23.670000000000016,49.0,1011.0,,4.9,70.0,121.52714660867821,5.401846904573207,,137.86857398096694,-2.3533424372929934,,,,,,,,,,,,,,,,
671,2025-05-16 05:24:25.236616,40.3388519,0.9247019,4.500537872314453,16.34142737228873,23.670000000000016,49.0,1011.0,,4.6,74.0,126.16906230892616,5.4774164200332365,,142.5104896812149,-2.6560817680546065,,,,,,,,,,,,,,,,
672,2025-05-16 05:24:30.238215,40.3388519,0.9247019,4.500537872314453,16.34142737228873,23.670000000000016,49.0,1011.0,,4.6,68.0,123.07170101522321,5.089624196340646,,139.41312838751193,-2.455890124273499,,,,,,,,,,,,,,,,
673,2025-05-16 05:24:35.236424,40.3388519,0.9247019,4.500537872314453,16.34142737228873,23.670000000000016,49.0,1011.0,,4.5,68.0,124.00507628410774,5.033036925371556,,140.34650365639646,-2.5169993989682338,,,,,,,,,,,,,,,,
674,2025-05-16 05:24:40.235607,40.3388519,0.9247019,4.500537872314453,16.34142737228873,23.670000000000016,49.0,1011.0,,4.5,77.0,128.50430455401292,5.602966578939412,,144.84573192630165,-2.801915305266026,,,,,,,,,,,,,,,,
675,2025-05-16 05:24:45.237408,40.3388519,0.9247019,4.500537872314453,16.34142737228873,23.670000000000016,49.0,1011.0,,4.7,77.0,126.93880494957648,5.729596337344836,,143.2802323218652,-2.704650860571326,,,,,,,,,,,,,,,,
676,2025-05-16 05:24:50.238372,40.3388519,0.9247019,4.500537872314453,16.34142737228873,23.670000000000016,49.0,1011.0,,4.4,71.0,126.40726000579612,5.16921669303792,,142.74868737808484,-2.671163156780823,,,,,,,,,,,,,,,,
677,2025-05-16 05:24:55.236603,40.3388519,0.9247019,4.500537872314453,16.34142737228873,23.670000000000016,49.0,1011.0,,4.4,74.0,127.85879426674447,5.3570791651795995,,144.2002216390332,-2.7620590819797908,,,,,,,,,,,,,,,,
678,2025-05-16 05:25:00.238242,40.3388519,0.9247019,4.500537872314453,16.34142737228873,23.670000000000016,49.0,1011.0,,5.0,79.0,125.85090832775921,6.055362089869817,,142.19233570004795,-2.6358664193651506,,,,,,,,,,,,,,,,
679,2025-05-16 05:25:05.238545,40.3388519,0.9247019,4.500537872314453,16.34142737228873,23.670000000000016,49.0,1011.0,,4.5,67.0,123.50517309496533,4.967729759680314,,139.84660046725406,-2.484352138645577,,,,,,,,,,,,,,,,
680,2025-05-16 05:25:10.235988,40.3388519,0.9247019,4.500537872314453,16.34142737228873,23.670000000000016,49.0,1011.0,,4.3,65.0,124.54850665945543,4.7315493767553045,,140.88993403174416,-2.5522718587133193,,,,,,,,,,,,,,,,
681,2025-05-16 05:25:15.237555,40.3388519,0.9247019,4.500537872314453,16.34142737228873,23.670000000000016,49.0,1011.0,,4.8,68.0,121.26700095214301,5.206717007445417,,137.60842832443174,-2.3359002516340497,,,,,,,,,,,,,,,,
682,2025-05-16 05:25:20.236574,40.3388519,0.9247019,4.500537872314453,16.34142737228873,23.670000000000016,49.0,1011.0,,4.8,71.0,122.91539757136503,5.406349579176205,,139.25682494365375,-2.4455925874871722,,,,,,,,,,,,,,,,
683,2025-05-16 05:25:25.236110,40.3388519,0.9247019,4.500537872314453,16.34142737228873,23.670000000000016,49.0,1011.0,,4.9,70.0,121.52714660867821,5.401846904573207,,137.86857398096694,-2.3533424372929934,,,,,,,,,,,,,,,,
684,2025-05-16 05:25:30.236272,40.3388519,0.9247019,4.500537872314453,16.34142737228873,23.670000000000016,49.0,1011.0,,4.8,72.0,123.46246902113442,5.472084735359428,,139.80389639342314,-2.4815544536068384,,,,,,,,,,,,,,,,
685,2025-05-16 05:25:35.236560,40.3388519,0.9247019,4.500537872314453,16.34142737228873,23.670000000000016,49.0,1011.0,,4.7,67.0,121.62400481161654,5.080840370307867,,137.96543218390528,-2.359824188614871,,,,,,,,,,,,,,,,
686,2025-05-16 05:25:40.237614,40.3388519,0.9247019,4.500537872314453,16.34142737228873,23.670000000000016,49.0,1011.0,,4.9,77.0,125.44206878796663,5.860316876510921,,141.78349616025537,-2.6097697170487133,,,,,,,,,,,,,,,,
687,2025-05-16 05:25:45.238245,40.3388519,0.9247019,4.500537872314453,16.34142737228873,23.670000000000016,49.0,1011.0,,4.9,79.0,126.54908410296174,5.987416693486987,,142.89051147525046,-2.680120780343772,,,,,,,,,,,,,,,,
688,2025-05-16 05:25:50.238135,40.3388519,0.9247019,4.500537872314453,16.34142737228873,23.670000000000016,49.0,1011.0,,4.8,79.0,127.26317871647234,5.920380670485702,,143.60460608876107,-2.724972448515745,,,,,,,,,,,,,,,,
689,2025-05-16 05:25:55.237556,40.3388519,0.9247019,4.500537872314453,16.34142737228873,23.670000000000016,49.0,1011.0,,5.2,78.0,123.91163860210779,6.128899654788389,,140.25306597439652,-2.5109117339321663,,,,,,,,,,,,,,,,
690,2025-05-16 05:26:00.238544,40.3388519,0.9247019,4.500537872314453,16.34142737228873,23.670000000000016,49.0,1011.0,,4.8,77.0,126.18199568029469,5.794462359962056,,142.5234230525834,-2.65690182008149,,,,,,,,,,,,,,,,
691,2025-05-16 05:26:05.236935,40.3388519,0.9247019,4.500537872314453,16.34142737228873,23.670000000000016,49.0,1011.0,,4.5,72.0,126.00471272738189,5.290383441942334,,142.3461400996706,-2.645649262488699,,,,,,,,,,,,,,,,
692,2025-05-16 05:26:10.238227,40.3388519,0.9247019,4.500537872314453,16.34142737228873,23.670000000000016,49.0,1011.0,,4.8,72.0,123.46246902113442,5.472084735359428,,139.80389639342314,-2.4815544536068384,,,,,,,,,,,,,,,,
693,2025-05-16 05:26:15.238258,40.3388519,0.9247019,4.500537872314453,16.34142737228873,23.670000000000016,49.0,1011.0,,4.4,68.0,124.95941838872325,4.9778154771275895,,141.30084576101197,-2.5787906544983428,,,,,,,,,,,,,,,,
694,2025-05-16 05:26:20.237219,40.3388519,0.9247019,4.500537872314453,16.34142737228873,23.670000000000016,49.0,1011.0,,4.7,70.0,123.22660954972257,5.27974050723137,,139.5680369220113,-2.4660777294045264,,,,,,,,,,,,,,,,
695,2025-05-16 05:26:25.238332,40.3388519,0.9247019,4.500537872314453,16.34142737228873,23.670000000000016,49.0,1011.0,,5.1,73.0,121.67661084635364,5.730914050583814,,138.01803821864237,-2.3633417598154502,,,,,,,,,,,,,,,,
696,2025-05-16 05:26:30.237572,40.3388519,0.9247019,4.500537872314453,16.34142737228873,23.670000000000016,49.0,1011.0,,4.8,71.0,122.91539757136503,5.406349579176205,,139.25682494365375,-2.4455925874871722,,,,,,,,,,,,,,,,
697,2025-05-16 05:26:35.235996,40.3388519,0.9247019,4.500537872314453,16.34142737228873,23.670000000000016,49.0,1011.0,,4.6,72.0,125.1381741416488,5.349767137502618,,141.47960151393752,-2.5902856005969572,,,,,,,,,,,,,,,,
698,2025-05-16 05:26:40.237766,40.3388519,0.9247019,4.500537872314453,16.34142737228873,23.670000000000016,49.0,1011.0,,4.8,59.0,116.24278656114777,4.587214499747868,,132.5842139334365,-1.9900288080966442,,,,,,,,,,,,,,,,
699,2025-05-16 05:26:45.235610,40.3388519,0.9247019,4.500537872314453,16.34142737228873,23.670000000000016,49.0,1011.0,,4.9,68.0,120.39517214935557,5.267135441911853,,136.7365995216443,-2.2770970262797836,,,,,,,,,,,,,,,,
700,2025-05-16 05:26:50.236237,40.3388519,0.9247019,4.500537872314453,16.34142737228873,23.670000000000016,49.0,1011.0,,5.3,69.0,117.73123706999037,5.590048902390957,,134.0726644422791,-2.09421136380799,,,,,,,,,,,,,,,,
701,2025-05-16 05:26:55.238235,40.3388519,0.9247019,4.500537872314453,16.34142737228873,23.670000000000016,49.0,1011.0,,4.9,72.0,122.65273555296265,5.534940181580919,,138.99416292525137,-2.428247015502343,,,,,,,,,,,,,,,,
702,2025-05-16 05:27:00.237703,40.3388519,0.9247019,4.500537872314453,16.34142737228873,23.670000000000016,49.0,1011.0,,4.9,74.0,123.7724615616686,5.666372810107214,,140.11388893395733,-2.5018316755196492,,,,,,,,,,,,,,,,
703,2025-05-16 05:27:05.237713,40.3388519,0.9247019,4.500537872314453,16.34142737228873,23.670000000000016,49.0,1011.0,,4.8,59.0,116.24278656114777,4.587214499747868,,132.5842139334365,-1.9900288080966442,,,,,,,,,,,,,,,,
704,2025-05-16 05:27:10.237600,40.3388519,0.9247019,4.500537872314453,16.34142737228873,23.670000000000016,49.0,1011.0,,4.9,71.0,122.09070524723924,5.468598486854557,,138.43213261952798,-2.3909609211048437,,,,,,,,,,,,,,,,
705,2025-05-16 05:27:15.236379,40.3388519,0.9247019,4.500537872314453,16.34142737228873,23.670000000000016,49.0,1011.0,,4.8,71.0,122.91539757136503,5.406349579176205,,139.25682494365375,-2.4455925874871722,,,,,,,,,,,,,,,,
706,2025-05-16 05:27:20.237585,40.3388519,0.9247019,4.500537872314453,16.34142737228873,23.670000000000016,49.0,1011.0,,4.7,68.0,122.15908836369411,5.1475322464068896,,138.50051573598284,-2.3955099441242096,,,,,,,,,,,,,,,,
707,2025-05-16 05:27:25.238231,40.3388519,0.9247019,4.500537872314453,16.34142737228873,23.670000000000016,49.0,1011.0,,5.2,71.0,119.72768261562545,5.661839835683766,,136.06910998791417,-2.2317190346678486,,,,,,,,,,,,,,,,
708,2025-05-16 05:27:30.238182,40.3388519,0.9247019,4.500537872314453,16.34142737228873,23.670000000000016,49.0,1011.0,,4.7,66.0,121.08798521967276,5.013763524306094,,137.4294125919615,-2.3238696544851574,,,,,,,,,,,,,,,,
709,2025-05-16 05:27:35.238237,40.3388519,0.9247019,4.500537872314453,16.34142737228873,23.670000000000016,49.0,1011.0,,4.8,59.0,116.24278656114777,4.587214499747868,,132.5842139334365,-1.9900288080966442,,,,,,,,,,,,,,,,
710,2025-05-16 05:27:40.236545,40.3388519,0.9247019,4.500537872314453,16.34142737228873,23.670000000000016,49.0,1011.0,,5.0,63.0,116.59661923420303,4.982251174183087,,132.93804660649175,-2.014919280547662,,,,,,,,,,,,,,,,
711,2025-05-16 05:27:45.238407,40.3388519,0.9247019,4.500537872314453,16.34142737228873,23.670000000000016,49.0,1011.0,,4.6,61.0,119.43704470080914,4.619667067847126,,135.77847207309787,-2.2118655584645532,,,,,,,,,,,,,,,,
712,2025-05-16 05:27:50.236047,40.3388519,0.9247019,4.500537872314453,16.34142737228873,23.670000000000016,49.0,1011.0,,4.6,59.0,118.39333224352067,4.482155308712955,,134.7347596158094,-2.140104038147359,,,,,,,,,,,,,,,,
713,2025-05-16 05:27:55.236,40.3388519,0.9247019,4.500537872314453,16.34142737228873,23.670000000000016,49.0,1011.0,,4.9,60.0,115.79056511319247,4.712982661308641,,132.1319924854812,-1.9581067905740677,,,,,,,,,,,,,,,,
714,2025-05-16 05:28:00.238159,40.3388519,0.9247019,4.500537872314453,16.34142737228873,23.670000000000016,49.0,1011.0,,5.1,58.0,112.57297565396286,4.683870153734101,,128.9144030262516,-1.727575725415438,,,,,,,,,,,,,,,,
715,2025-05-16 05:28:05.236570,40.3388519,0.9247019,4.500537872314453,16.34142737228873,23.670000000000016,49.0,1011.0,,4.8,65.0,119.60665808543835,5.00355373831218,,135.94808545772707,-2.223458797088898,,,,,,,,,,,,,,,,
716,2025-05-16 05:28:10.237577,40.3388519,0.9247019,4.500537872314453,16.34142737228873,23.670000000000016,49.0,1011.0,,4.8,65.0,119.60665808543835,5.00355373831218,,135.94808545772707,-2.223458797088898,,,,,,,,,,,,,,,,
717,2025-05-16 05:28:15.235596,40.3388519,0.9247019,4.500537872314453,16.34142737228873,23.670000000000016,49.0,1011.0,,4.7,55.0,115.11525306270919,4.252018094995046,,131.4566804349979,-1.9102104762234005,,,,,,,,,,,,,,,,
718,2025-05-16 05:28:20.238383,40.3388519,0.9247019,4.500537872314453,16.34142737228873,23.670000000000016,49.0,1011.0,,5.1,57.0,111.9397444704881,4.611173536217461,,128.2811718427768,-1.6815418460665819,,,,,,,,,,,,,,,,
719,2025-05-16 05:28:25.236621,40.3388519,0.9247019,4.500537872314453,16.34142737228873,23.670000000000016,49.0,1011.0,,5.1,55.0,110.66021831057336,4.464810847123679,,127.00164568286209,-1.5879034438675736,,,,,,,,,,,,,,,,
720,2025-05-16 05:28:30.236742,40.3388519,0.9247019,4.500537872314453,16.34142737228873,23.670000000000016,49.0,1011.0,,5.0,57.0,112.96954465241956,4.554465402424024,,129.3109720247083,-1.7562979217604242,,,,,,,,,,,,,,,,
721,2025-05-16 05:28:35.237203,40.3388519,0.9247019,4.500537872314453,16.34142737228873,23.670000000000016,49.0,1011.0,,5.1,60.0,113.8274483362737,4.828260348338,,130.16887570856244,-1.818143375130259,,,,,,,,,,,,,,,,
722,2025-05-16 05:28:40.237607,40.3388519,0.9247019,4.500537872314453,16.34142737228873,23.670000000000016,49.0,1011.0,,4.9,60.0,115.79056511319247,4.712982661308641,,132.1319924854812,-1.9581067905740677,,,,,,,,,,,,,,,,
723,2025-05-16 05:28:45.236180,40.3388519,0.9247019,4.500537872314453,16.34142737228873,23.670000000000016,49.0,1011.0,,4.5,58.0,119.00617705384988,4.363547373248259,,135.34760442613862,-2.1823284119109894,,,,,,,,,,,,,,,,
724,2025-05-16 05:28:50.238495,40.3388519,0.9247019,4.500537872314453,16.34142737228873,23.670000000000016,49.0,1011.0,,4.5,54.0,117.00671997220404,4.086158714681195,,133.34814734449276,-2.043671740122905,,,,,,,,,,,,,,,,
725,2025-05-16 05:28:55.236508,40.3388519,0.9247019,4.500537872314453,16.34142737228873,23.670000000000016,49.0,1011.0,,5.1,52.0,108.70456677293178,4.242947291754863,,125.04599414522052,-1.4432706817436274,,,,,,,,,,,,,,,,
726,2025-05-16 05:29:00.236896,40.3388519,0.9247019,4.500537872314453,16.34142737228873,23.670000000000016,49.0,1011.0,,4.8,49.0,110.45860462601051,3.8664846408926437,,126.80003199829925,-1.573075512797982,,,,,,,,,,,,,,,,
727,2025-05-16 05:29:05.235904,40.3388519,0.9247019,4.500537872314453,16.34142737228873,23.670000000000016,49.0,1011.0,,5.0,56.0,112.35331735536454,4.481980894664874,,128.69474472765327,-1.7116308883133768,,,,,,,,,,,,,,,,
728,2025-05-16 05:29:10.237746,40.3388519,0.9247019,4.500537872314453,16.34142737228873,23.670000000000016,49.0,1011.0,,5.1,50.0,107.37323185429183,4.093575861200015,,123.71465922658057,-1.3438378626151681,,,,,,,,,,,,,,,,
729,2025-05-16 05:29:15.236226,40.3388519,0.9247019,4.500537872314453,16.34142737228873,23.670000000000016,49.0,1011.0,,4.7,57.0,116.21348092364221,4.393615397844125,,132.55490829593094,-1.9879638774119033,,,,,,,,,,,,,,,,
730,2025-05-16 05:29:20.236235,40.3388519,0.9247019,4.500537872314453,16.34142737228873,23.670000000000016,49.0,1011.0,,4.8,56.0,114.53461023844599,4.374336552683249,,130.87603761073473,-1.8688161300996016,,,,,,,,,,,,,,,,
731,2025-05-16 05:29:25.237746,40.3388519,0.9247019,4.500537872314453,16.34142737228873,23.670000000000016,49.0,1011.0,,4.9,55.0,112.83333076845784,4.355123062598723,,129.17475814074658,-1.7464418125350223,,,,,,,,,,,,,,,,
732,2025-05-16 05:29:30.237245,40.3388519,0.9247019,4.500537872314453,16.34142737228873,23.670000000000016,49.0,1011.0,,4.3,50.0,117.79764067703945,3.7237061244675913,,134.1390680493282,-2.0988268030642487,,,,,,,,,,,,,,,,
733,2025-05-16 05:29:35.237229,40.3388519,0.9247019,4.500537872314453,16.34142737228873,23.670000000000016,49.0,1011.0,,4.5,51.0,115.50717855869097,3.8748314616871897,,131.8486059309797,-1.9380404212571736,,,,,,,,,,,,,,,,
734,2025-05-16 05:29:40.238196,40.3388519,0.9247019,4.500537872314453,16.34142737228873,23.670000000000016,49.0,1011.0,,4.4,53.0,117.7978530665218,3.9724196236662976,,134.13928043881052,-2.0988415608565343,,,,,,,,,,,,,,,,
735,2025-05-16 05:29:45.237576,40.3388519,0.9247019,4.500537872314453,16.34142737228873,23.670000000000016,49.0,1011.0,,4.6,50.0,113.65735480096043,3.847109734937151,,129.99878217324917,-1.8059134532345098,,,,,,,,,,,,,,,,
736,2025-05-16 05:29:50.238257,40.3388519,0.9247019,4.500537872314453,16.34142737228873,23.670000000000016,49.0,1011.0,,4.9,53.0,111.62851897016425,4.209706208592887,,127.96994634245299,-1.6588411174981446,,,,,,,,,,,,,,,,
737,2025-05-16 05:29:55.238164,40.3388519,0.9247019,4.500537872314453,16.34142737228873,23.670000000000016,49.0,1011.0,,4.4,49.0,115.91985209516449,3.692126525921778,,132.26127946745322,-1.9672456132750222,,,,,,,,,,,,,,,,
738,2025-05-16 05:30:00.236543,40.3388519,0.9247019,4.500537872314453,16.34142737228873,23.670000000000016,49.0,1011.0,,4.5,49.0,114.5075132753761,3.7324622680110364,,130.84894064766482,-1.8668796523010955,,,,,,,,,,,,,,,,
739,2025-05-16 05:30:05.236686,40.3388519,0.9247019,4.500537872314453,16.34142737228873,23.670000000000016,49.0,1011.0,,4.7,47.0,110.64564177235566,3.6732631713438457,,126.9870691446444,-1.586832051271574,,,,,,,,,,,,,,,,
740,2025-05-16 05:30:10.238393,40.3388519,0.9247019,4.500537872314453,16.34142737228873,23.670000000000016,49.0,1011.0,,4.7,44.0,108.9285460052672,3.4515403233856143,,125.26997337755593,-1.4599238021081702,,,,,,,,,,,,,,,,
741,2025-05-16 05:30:15.238173,40.3388519,0.9247019,4.500537872314453,16.34142737228873,23.670000000000016,49.0,1011.0,,5.1,47.0,105.32800782550015,3.867476537394499,,121.66943519778889,-1.1896925318690037,,,,,,,,,,,,,,,,
742,2025-05-16 05:30:20.236528,40.3388519,0.9247019,4.500537872314453,16.34142737228873,23.670000000000016,49.0,1011.0,,4.8,48.0,109.86364384283951,3.792748850093565,,126.20507121512824,-1.5292055232890798,,,,,,,,,,,,,,,,
743,2025-05-16 05:30:25.237595,40.3388519,0.9247019,4.500537872314453,16.34142737228873,23.670000000000016,49.0,1011.0,,4.6,50.0,113.65735480096043,3.847109734937151,,129.99878217324917,-1.8059134532345098,,,,,,,,,,,,,,,,
744,2025-05-16 05:30:30.238140,40.3388519,0.9247019,4.500537872314453,16.34142737228873,23.670000000000016,49.0,1011.0,,4.3,51.0,118.23516568773869,3.7930503500450268,,134.57659306002742,-2.1291665819729584,,,,,,,,,,,,,,,,
745,2025-05-16 05:30:35.236425,40.3388519,0.9247019,4.500537872314453,16.34142737228873,23.670000000000016,49.0,1011.0,,4.6,51.0,114.18737332622064,3.9189109208724022,,130.52880069850937,-1.8439694391742294,,,,,,,,,,,,,,,,
746,2025-05-16 05:30:40.235724,40.3388519,0.9247019,4.500537872314453,16.34142737228873,23.670000000000016,49.0,1011.0,,4.2,47.0,118.04216296039915,3.4802617393335047,,134.38359033268787,-2.1157981809186746,,,,,,,,,,,,,,,,
747,2025-05-16 05:30:45.237906,40.3388519,0.9247019,4.500537872314453,16.34142737228873,23.670000000000016,49.0,1011.0,,4.0,43.0,120.00181648826083,3.1500731551157948,,136.34324386054956,-2.2503925027412133,,,,,,,,,,,,,,,,
748,2025-05-16 05:30:50.238175,40.3388519,0.9247019,4.500537872314453,16.34142737228873,23.670000000000016,49.0,1011.0,,4.1,38.0,116.70266990716077,2.825556364483329,,133.0440972794495,-2.022364524853277,,,,,,,,,,,,,,,,
749,2025-05-16 05:30:55.236926,40.3388519,0.9247019,4.500537872314453,16.34142737228873,23.670000000000016,49.0,1011.0,,4.1,40.0,117.29157391967968,2.9655391599920145,,133.6330012919684,-2.063581525865909,,,,,,,,,,,,,,,,
750,2025-05-16 05:31:00.238111,40.3388519,0.9247019,4.500537872314453,16.34142737228873,23.670000000000016,49.0,1011.0,,4.3,40.0,113.582428166708,3.015854389421502,,129.92385553899672,-1.800521085570853,,,,,,,,,,,,,,,,
751,2025-05-16 05:31:05.238193,40.3388519,0.9247019,4.500537872314453,16.34142737228873,23.670000000000016,49.0,1011.0,,4.2,40.0,115.42139500442066,2.9891303256665713,,131.76282237670938,-1.9319567876955441,,,,,,,,,,,,,,,,
752,2025-05-16 05:31:10.235978,40.3388519,0.9247019,4.500537872314453,16.34142737228873,23.670000000000016,49.0,1011.0,,4.2,39.0,115.07128329253523,2.9180837123990764,,131.41271066482395,-1.9070826593173724,,,,,,,,,,,,,,,,
753,2025-05-16 05:31:15.238197,40.3388519,0.9247019,4.500537872314453,16.34142737228873,23.670000000000016,49.0,1011.0,,4.2,39.0,115.07128329253523,2.9180837123990764,,131.41271066482395,-1.9070826593173724,,,,,,,,,,,,,,,,
754,2025-05-16 05:31:20.238321,40.3388519,0.9247019,4.500537872314453,16.34142737228873,23.670000000000016,49.0,1011.0,,4.3,44.0,115.22805115138927,3.3019787121583084,,131.569478523678,-1.9182292891590274,,,,,,,,,,,,,,,,
755,2025-05-16 05:31:25.238184,40.3388519,0.9247019,4.500537872314453,16.34142737228873,23.670000000000016,49.0,1011.0,,4.1,38.0,116.70266990716077,2.825556364483329,,133.0440972794495,-2.022364524853277,,,,,,,,,,,,,,,,
756,2025-05-16 05:31:30.236586,40.3388519,0.9247019,4.500537872314453,16.34142737228873,23.670000000000016,49.0,1011.0,,4.2,33.0,113.15141113244836,2.4878312746833013,,129.49283850473708,-1.7694418590645393,,,,,,,,,,,,,,,,
757,2025-05-16 05:31:35.237623,40.3388519,0.9247019,4.500537872314453,16.34142737228873,23.670000000000016,49.0,1011.0,,4.3,34.0,111.26254063978926,2.580165150058904,,127.603968012078,-1.6320841597141402,,,,,,,,,,,,,,,,
758,2025-05-16 05:31:40.238138,40.3388519,0.9247019,4.500537872314453,16.34142737228873,23.670000000000016,49.0,1011.0,,4.3,31.0,110.19728579876278,2.3597672772012497,,126.53871317105151,-1.5538275349304906,,,,,,,,,,,,,,,,
759,2025-05-16 05:31:45.238177,40.3388519,0.9247019,4.500537872314453,16.34142737228873,23.670000000000016,49.0,1011.0,,4.5,31.0,105.5123465336693,2.4052891806728844,,121.85377390595804,-1.2036509433719962,,,,,,,,,,,,,,,,
760,2025-05-16 05:31:50.238410,40.3388519,0.9247019,4.500537872314453,16.34142737228873,23.670000000000016,49.0,1011.0,,4.5,33.0,106.5115592195674,2.5562909183486977,,122.85298659185614,-1.279092366293165,,,,,,,,,,,,,,,,
761,2025-05-16 05:31:55.238176,40.3388519,0.9247019,4.500537872314453,16.34142737228873,23.670000000000016,49.0,1011.0,,4.9,34.0,99.08714786842259,2.774871926801625,,115.42857524071133,-0.7107995349600282,,,,,,,,,,,,,,,,
762,2025-05-16 05:32:00.236933,40.3388519,0.9247019,4.500537872314453,16.34142737228873,23.670000000000016,49.0,1011.0,,5.1,33.0,94.59657394220218,2.7866217675011806,,110.93800131449092,-0.36067004835224126,,,,,,,,,,,,,,,,
763,2025-05-16 05:32:05.236535,40.3388519,0.9247019,4.500537872314453,16.34142737228873,23.670000000000016,49.0,1011.0,,4.9,27.0,93.46269865865956,2.228622174251251,,109.8041260309483,-0.2718266805606328,,,,,,,,,,,,,,,,
764,2025-05-16 05:32:10.238216,40.3388519,0.9247019,4.500537872314453,16.34142737228873,23.670000000000016,49.0,1011.0,,5.3,26.0,83.54001769057557,2.338213143720457,,99.8814450628643,0.5063520750354834,,,,,,,,,,,,,,,,
765,2025-05-16 05:32:15.236039,40.3388519,0.9247019,4.500537872314453,16.34142737228873,23.670000000000016,49.0,1011.0,,5.5,25.0,78.2339585924927,2.3742879828035415,,94.57538596478143,0.9177310137063069,,,,,,,,,,,,,,,,
766,2025-05-16 05:32:20.237338,40.3388519,0.9247019,4.500537872314453,16.34142737228873,23.670000000000016,49.0,1011.0,,6.3,35.0,79.64736138841519,3.6733320948364967,,95.98878876070393,0.8087738907761176,,,,,,,,,,,,,,,,
767,2025-05-16 05:32:25.236228,40.3388519,0.9247019,4.500537872314453,16.34142737228873,23.670000000000016,49.0,1011.0,,7.0,40.0,79.15767633012085,4.581295967984906,,95.49910370240958,0.8465820771890034,,,,,,,,,,,,,,,,
768,2025-05-16 05:32:30.238369,40.3388519,0.9247019,4.500537872314453,16.34142737228873,23.670000000000016,49.0,1011.0,,7.6,42.0,77.28584663142031,5.213219674890814,,93.62727400370905,0.9905106752873318,,,,,,,,,,,,,,,,
769,2025-05-16 05:32:35.236905,40.3388519,0.9247019,4.500537872314453,16.34142737228873,23.670000000000016,49.0,1011.0,,7.3,43.0,80.44163686679977,5.048679002481527,,96.7830642390885,0.7473241204339215,,,,,,,,,,,,,,,,
770,2025-05-16 05:32:40.237722,40.3388519,0.9247019,4.500537872314453,16.34142737228873,23.670000000000016,49.0,1011.0,,7.5,45.0,81.39245725438796,5.363714050229589,,97.7338846266767,0.6735752856664392,,,,,,,,,,,,,,,,
771,2025-05-16 05:32:45.235726,40.3388519,0.9247019,4.500537872314453,16.34142737228873,23.670000000000016,49.0,1011.0,,7.2,44.0,82.27217035991458,5.047380561392294,,98.61359773220332,0.6051761160106912,,,,,,,,,,,,,,,,
772,2025-05-16 05:32:50.237208,40.3388519,0.9247019,4.500537872314453,16.34142737228873,23.670000000000016,49.0,1011.0,,7.3,45.0,82.69902134867026,5.204072708180631,,99.04044872095899,0.5719353323479924,,,,,,,,,,,,,,,,
773,2025-05-16 05:32:55.237726,40.3388519,0.9247019,4.500537872314453,16.34142737228873,23.670000000000016,49.0,1011.0,,8.0,48.0,81.83969024640514,6.005970277403335,,98.18111761869388,0.6388210008032708,,,,,,,,,,,,,,,,
774,2025-05-16 05:33:00.237581,40.3388519,0.9247019,4.500537872314453,16.34142737228873,23.670000000000016,49.0,1011.0,,7.3,55.0,93.00039490427315,5.988018454626461,,109.34182227656189,-0.23557093005483923,,,,,,,,,,,,,,,,
775,2025-05-16 05:33:05.238139,40.3388519,0.9247019,4.500537872314453,16.34142737228873,23.670000000000016,49.0,1011.0,,7.3,46.0,83.79991943224154,5.282076399807246,,100.14134680453027,0.4860614820575108,,,,,,,,,,,,,,,,
776,2025-05-16 05:33:10.236168,40.3388519,0.9247019,4.500537872314453,16.34142737228873,23.670000000000016,49.0,1011.0,,7.2,50.0,88.67541118607554,5.5169942369151235,,105.01683855836427,0.10403612913238057,,,,,,,,,,,,,,,,
777,2025-05-16 05:33:15.238334,40.3388519,0.9247019,4.500537872314453,16.34142737228873,23.670000000000016,49.0,1011.0,,7.4,47.0,84.23649623015581,5.439514804193099,,100.57792360244454,0.4519555265331044,,,,,,,,,,,,,,,,
778,2025-05-16 05:33:20.238205,40.3388519,0.9247019,4.500537872314453,16.34142737228873,23.670000000000016,49.0,1011.0,,7.4,43.0,79.76240539543727,5.128436668582247,,96.103832767726,0.7998827641243328,,,,,,,,,,,,,,,,
779,2025-05-16 05:33:25.238400,40.3388519,0.9247019,4.500537872314453,16.34142737228873,23.670000000000016,49.0,1011.0,,7.3,44.0,81.57985813369478,5.12626251070147,,97.92128550598352,0.6590173169180326,,,,,,,,,,,,,,,,
780,2025-05-16 05:33:30.238213,40.3388519,0.9247019,4.500537872314453,16.34142737228873,23.670000000000016,49.0,1011.0,,7.8,48.0,82.93226951055651,5.8409124310529945,,99.27369688284524,0.553757731261491,,,,,,,,,,,,,,,,
781,2025-05-16 05:33:35.238163,40.3388519,0.9247019,4.500537872314453,16.34142737228873,23.670000000000016,49.0,1011.0,,7.4,53.0,90.45668399280906,5.91009051060536,,106.7981113650978,-0.035871784274993324,,,,,,,,,,,,,,,,
782,2025-05-16 05:33:40.238147,40.3388519,0.9247019,4.500537872314453,16.34142737228873,23.670000000000016,49.0,1011.0,,7.0,50.0,90.0109478007128,5.362311199721086,,106.35237517300153,-0.0008599410261174256,,,,,,,,,,,,,,,,
783,2025-05-16 05:33:45.236734,40.3388519,0.9247019,4.500537872314453,16.34142737228873,23.670000000000016,49.0,1011.0,,7.1,53.0,92.29907134817446,5.674880141980242,,108.6404987204632,-0.1805417660559941,,,,,,,,,,,,,,,,
784,2025-05-16 05:33:50.237749,40.3388519,0.9247019,4.500537872314453,16.34142737228873,23.670000000000016,49.0,1011.0,,7.0,50.0,90.0109478007128,5.362311199721086,,106.35237517300153,-0.0008599410261174256,,,,,,,,,,,,,,,,
785,2025-05-16 05:33:55.236424,40.3388519,0.9247019,4.500537872314453,16.34142737228873,23.670000000000016,49.0,1011.0,,7.2,48.0,86.6073014729108,5.360036864589714,,102.94872884519954,0.26633806279997524,,,,,,,,,,,,,,,,
786,2025-05-16 05:34:00.238140,40.3388519,0.9247019,4.500537872314453,16.34142737228873,23.670000000000016,49.0,1011.0,,7.1,45.0,84.08750702820066,5.047307905352183,,100.4289344004894,0.46359780859318306,,,,,,,,,,,,,,,,
787,2025-05-16 05:34:05.236504,40.3388519,0.9247019,4.500537872314453,16.34142737228873,23.670000000000016,49.0,1011.0,,7.2,41.0,78.82255012188689,4.814957408254456,,95.16397749417563,0.872421426008474,,,,,,,,,,,,,,,,
788,2025-05-16 05:34:10.236896,40.3388519,0.9247019,4.500537872314453,16.34142737228873,23.670000000000016,49.0,1011.0,,7.3,47.0,84.8833098995692,5.360241897032203,,101.22473727185793,0.40137793665117116,,,,,,,,,,,,,,,,
789,2025-05-16 05:34:15.236464,40.3388519,0.9247019,4.500537872314453,16.34142737228873,23.670000000000016,49.0,1011.0,,7.3,43.0,80.44163686679977,5.048679002481527,,96.7830642390885,0.7473241204339215,,,,,,,,,,,,,,,,
790,2025-05-16 05:34:20.238222,40.3388519,0.9247019,4.500537872314453,16.34142737228873,23.670000000000016,49.0,1011.0,,8.3,44.0,75.696892544573,5.95010380578767,,92.03831991686174,1.1118649348053522,,,,,,,,,,,,,,,,
791,2025-05-16 05:34:25.235957,40.3388519,0.9247019,4.500537872314453,16.34142737228873,23.670000000000016,49.0,1011.0,,8.1,44.0,76.73847321927855,5.780891082302433,,93.07990059156728,1.0324063353279263,,,,,,,,,,,,,,,,
792,2025-05-16 05:34:30.236368,40.3388519,0.9247019,4.500537872314453,16.34142737228873,23.670000000000016,49.0,1011.0,,8.0,44.0,77.28237606074826,5.697032991684464,,93.623803433037,0.9907765996791428,,,,,,,,,,,,,,,,
793,2025-05-16 05:34:35.235842,40.2876146,0.8292694,4.579999923706055,-111.54410620342338,23.670000000000016,49.0,1011.0,,7.9,46.0,80.92392213533806,5.754836385043851,,329.37981593191466,0.7224756990345436,,,,,,,,,,,,,,,,