id,Time,Latitude,Longitude,SpeedOverGround (m/s),CourseOverGround (deg),Temperature (C),Humidity (%),Pressure (hPa),Device1_MAC,Device1_WindSpeed (m/s),Device1_WindAngle (deg),Device1_TrueWindAngle (deg),Device1_TrueWindSpeed (m/s),Device1_CrossWindSpeed (m/s),Device1_TrueWindDirection (deg),Device1_VelocityMadeGood (m/s),Device2_MAC,Device2_WindSpeed (m/s),Device2_WindAngle (deg),Device2_TrueWindAngle (deg),Device2_TrueWindSpeed (m/s),Device2_CrossWindSpeed (m/s),Device2_TrueWindDirection (deg),Device2_VelocityMadeGood (m/s),Device3_MAC,Device3_WindSpeed (m/s),Device3_WindAngle (deg),Device3_TrueWindAngle (deg),Device3_TrueWindSpeed (m/s),Device3_CrossWindSpeed (m/s),Device3_TrueWindDirection (deg),Device3_VelocityMadeGood (m/s)
1,2025-05-16 05:35:01.099446,40.2870802,0.8282457,4.565001964569092,-104.57354298558852,23.670000000000016,49.0,1011.0,,7.9,44.0,78.48720091766512,5.600482017563177,,333.9136579320766,0.9111142757380261,,,,,,,,,,,,,,,,
2,2025-05-16 05:35:06.100052,40.2869235,0.8280232,4.984737873077393,-108.37887359863441,23.670000000000016,49.0,1011.0,,7.5,46.0,87.60974939977207,5.39974659980765,,339.23087580113764,0.20789169945989408,,,,,,,,,,,,,,,,
3,2025-05-16 05:35:11.101076,40.2867325,0.8277741,3.930387258529663,-105.84985262446462,23.670000000000016,49.0,1011.0,,8.1,50.0,78.37787690490899,6.334839813204306,,332.52802428044436,0.7918006480699751,,,,,,,,,,,,,,,,
4,2025-05-16 05:35:16.099749,40.2866184,0.8275544,5.14674711227417,-148.465404101601,23.670000000000016,49.0,1011.0,,7.4,52.0,95.78572701339458,5.861137075490972,,307.3203229117936,-0.5188356437550047,,,,,,,,,,,,,,,,
5,2025-05-16 05:35:21.099764,40.2865111,0.8273023,5.44706916809082,27.618418031627453,23.670000000000016,49.0,1011.0,,7.5,47.0,93.46456550055511,5.495195986058328,,121.08298353218257,-0.32917310468413047,,,,,,,,,,,,,,,,
6,2025-05-16 05:35:26.099911,40.2864103,0.8272364,4.715877532958984,117.97602704293269,23.670000000000016,49.0,1011.0,,6.9,47.0,90.11454789186863,5.046350626179628,,208.0905749348013,-0.009428154646765092,,,,,,,,,,,,,,,,
7,2025-05-16 05:35:31.100030,40.28621,0.8270262,4.591274261474609,117.74056310148566,23.670000000000016,49.0,1011.0,,7.1,46.0,86.1824331241654,5.118670390778246,,203.92299622565105,0.3056862278267406,,,,,,,,,,,,,,,,
8,2025-05-16 05:35:36.099795,40.2860913,0.8268023,4.420874118804932,114.29323002359683,23.670000000000016,49.0,1011.0,,7.0,50.0,89.15980846877557,5.362887698674602,,203.4530384923724,0.06482585466568704,,,,,,,,,,,,,,,,
9,2025-05-16 05:35:41.099717,40.2859445,0.8265641,5.086847305297852,116.39725613704091,23.670000000000016,49.0,1011.0,,7.0,54.0,99.74261693885917,5.745988333904537,,216.13987307590008,-0.8608090432774115,,,,,,,,,,,,,,,,
10,2025-05-16 05:35:46.100099,40.2857828,0.8263811,4.612362384796143,114.03761702409827,23.670000000000016,49.0,1011.0,,6.8,49.0,91.68712799544635,5.134250844903009,,205.72474501954463,-0.13579571286957337,,,,,,,,,,,,,,,,
11,2025-05-16 05:35:51.100713,40.2856969,0.8261836,4.74854850769043,112.50748389528617,23.670000000000016,49.0,1011.0,,7.4,50.0,89.91833471589544,5.668734637267216,,202.42581861118163,0.006768237293510759,,,,,,,,,,,,,,,,
12,2025-05-16 05:35:56.100658,40.2855597,0.8258998,4.651158332824707,113.4544759633301,23.670000000000016,49.0,1011.0,,7.4,45.0,83.65945197779676,5.264794677270637,,197.11392794112686,0.5136632576127367,,,,,,,,,,,,,,,,
13,2025-05-16 05:36:01.100137,40.2854203,0.8256879,4.590371608734131,113.43619837711114,23.670000000000016,49.0,1011.0,,7.8,49.0,84.88540279299522,5.910267130773172,,198.32160117010636,0.40922269921132015,,,,,,,,,,,,,,,,
14,2025-05-16 05:36:06.099808,40.285283,0.8255204,4.440418720245361,116.46542142495764,23.670000000000016,49.0,1011.0,,7.3,60.0,97.12653815307866,6.371205675012721,,213.5919595780363,-0.5508831862036659,,,,,,,,,,,,,,,,
15,2025-05-16 05:36:11.099472,40.2851742,0.8252795,4.6092705726623535,114.09283910353783,23.670000000000016,49.0,1011.0,,7.8,57.0,93.15941665777204,6.551588498497945,,207.25225576130987,-0.2540366406120342,,,,,,,,,,,,,,,,
16,2025-05-16 05:36:16.099695,40.2850648,0.8250585,4.60988187789917,114.32795470533718,23.670000000000016,49.0,1011.0,,7.9,62.0,97.3606174078586,7.033243734328239,,211.6885721131958,-0.5905901080964086,,,,,,,,,,,,,,,,
17,2025-05-16 05:36:21.100066,40.2849279,0.8248576,4.828751087188721,113.7882468175011,23.670000000000016,49.0,1011.0,,7.9,65.0,101.75628756166581,7.313240491509638,,215.54453437916692,-0.9838541181155571,,,,,,,,,,,,,,,,
18,2025-05-16 05:36:26.100227,40.284775,0.8246389,4.969354152679443,113.09882801324753,23.670000000000016,49.0,1011.0,,7.6,55.0,95.59774093372475,6.255385928755969,,208.69656894697226,-0.4847289904650747,,,,,,,,,,,,,,,,
19,2025-05-16 05:36:31.100089,40.2846321,0.8244026,4.731386184692383,114.20020967729043,23.670000000000016,49.0,1011.0,,8.0,53.0,89.2545162166762,6.389624922339894,,203.4547258939666,0.06155902206125678,,,,,,,,,,,,,,,,
20,2025-05-16 05:36:36.100304,40.28448,0.8241433,4.700065612792969,115.24382843152253,23.670000000000016,49.0,1011.0,,8.4,56.0,90.02340914312288,6.963916190694065,,205.2672375746454,-0.0019202898798259948,,,,,,,,,,,,,,,,
21,2025-05-16 05:36:41.100074,40.2843751,0.8239765,4.560837745666504,115.05957724847227,23.670000000000016,49.0,1011.0,,7.9,53.0,88.24331503568128,6.3121871249971795,,203.30289228415353,0.1398130886942224,,,,,,,,,,,,,,,,
22,2025-05-16 05:36:46.099941,40.284243,0.8237752,4.5301289558410645,108.98378247228742,23.670000000000016,49.0,1011.0,,9.2,55.0,84.340941684505,7.573107965613113,,193.3247241567924,0.44671008358387876,,,,,,,,,,,,,,,,
23,2025-05-16 05:36:51.101320,40.2840848,0.8235303,5.119538307189941,111.5926142069088,23.670000000000016,49.0,1011.0,,9.2,57.0,90.80831319428358,7.716537115645719,,202.4009274011924,-0.0722226511204928,,,,,,,,,,,,,,,,
24,2025-05-16 05:36:56.099925,40.2839957,0.8233659,4.731308460235596,113.94220611158237,23.670000000000016,49.0,1011.0,,9.5,55.0,84.73096359698717,7.8149667864813495,,198.67316970856953,0.4344877314158116,,,,,,,,,,,,,,,,
25,2025-05-16 05:37:01.099836,40.2838524,0.8231087,4.690029621124268,113.79136138376263,23.670000000000016,49.0,1011.0,,9.3,60.0,90.28476522683346,8.054135730825957,,204.07612661059608,-0.023309777121913247,,,,,,,,,,,,,,,,
26,2025-05-16 05:37:06.099719,40.2837294,0.8229402,4.8791985511779785,114.22013333909935,23.670000000000016,49.0,1011.0,,8.2,58.0,94.39000613068926,6.974456615299492,,208.6101394697886,-0.37347881475698497,,,,,,,,,,,,,,,,
27,2025-05-16 05:37:11.100828,40.2836061,0.8227304,4.800148963928223,111.93410317484194,23.670000000000016,49.0,1011.0,,8.8,48.0,80.55255680318399,6.629594418017529,,192.48665997802593,0.787910022692885,,,,,,,,,,,,,,,,
28,2025-05-16 05:37:16.100014,40.2834643,0.822518,4.799996852874756,114.20073560185652,23.670000000000016,49.0,1011.0,,8.5,51.0,85.24714227259796,6.628533740375191,,199.4478778744545,0.3977177209632527,,,,,,,,,,,,,,,,
29,2025-05-16 05:37:21.100130,40.2832971,0.8222693,4.6901469230651855,113.69347794276717,23.670000000000016,49.0,1011.0,,8.8,46.0,77.33207507266381,6.4881277229442995,,191.025553015431,1.0285494568506364,,,,,,,,,,,,,,,,
30,2025-05-16 05:37:26.100281,40.2831895,0.8221069,4.480818748474121,113.52815321390702,23.670000000000016,49.0,1011.0,,8.8,46.0,75.54177855514035,6.537224445761614,,189.06993176904737,1.1187438958549851,,,,,,,,,,,,,,,,
31,2025-05-16 05:37:31.100165,40.2830228,0.8218608,4.669839382171631,111.77823142779307,23.670000000000016,49.0,1011.0,,9.1,51.0,81.4995683162966,7.150579151072183,,193.2777997440897,0.6902810066433882,,,,,,,,,,,,,,,,
32,2025-05-16 05:37:36.101511,40.2829089,0.821688,4.6301727294921875,113.47568370070299,23.670000000000016,49.0,1011.0,,8.7,53.0,85.01853258603772,6.974472658116863,,198.4942162867407,0.4020541703407722,,,,,,,,,,,,,,,,
33,2025-05-16 05:37:41.100208,40.2827781,0.8214725,4.739667892456055,113.14159865783014,23.670000000000016,49.0,1011.0,,8.6,55.0,88.42996436662932,7.047353293244864,,201.57156302445946,0.12986150638753902,,,,,,,,,,,,,,,,
34,2025-05-16 05:37:46.099813,40.2826444,0.8212466,4.690183162689209,115.96814267224569,23.670000000000016,49.0,1011.0,,8.6,57.0,90.04994683942093,7.212569624836625,,206.01808951166663,-0.004088604738471565,,,,,,,,,,,,,,,,
35,2025-05-16 05:37:51.099812,40.282508,0.8210187,4.6900506019592285,112.50257298927292,23.670000000000016,49.0,1011.0,,8.1,50.0,85.24141077585197,6.226421983283261,,197.74398376512488,0.3890753509926692,,,,,,,,,,,,,,,,
36,2025-05-16 05:37:56.100134,40.2823724,0.8207964,4.799694061279297,110.9099914408794,23.670000000000016,49.0,1011.0,,9.5,54.0,84.17354975275754,7.725572132334328,,195.08354119363693,0.48724366411065567,,,,,,,,,,,,,,,,
37,2025-05-16 05:38:01.099791,40.2822345,0.8205779,4.82990837097168,115.10975181811517,23.670000000000016,49.0,1011.0,,9.8,52.0,81.14155770778122,7.815732851762716,,196.25130952589637,0.7437757494022224,,,,,,,,,,,,,,,,
38,2025-05-16 05:38:06.099820,40.2821018,0.8203642,4.743716716766357,113.57263823597131,23.670000000000016,49.0,1011.0,,9.2,56.0,86.99148799865411,7.637672300226601,,200.5641262346254,0.24897072013091337,,,,,,,,,,,,,,,,
39,2025-05-16 05:38:11.099870,40.2819733,0.8201554,4.9094319343566895,112.5698640129759,23.670000000000016,49.0,1011.0,,8.6,53.0,87.7806324168617,6.873421255414432,,200.35049642983762,0.19012062773520774,,,,,,,,,,,,,,,,
40,2025-05-16 05:38:16.100030,40.2818378,0.8199381,4.999435901641846,112.7076630794809,23.670000000000016,49.0,1011.0,,8.9,53.0,87.12694078441599,7.11680160388895,,199.8346038638969,0.2505883818869698,,,,,,,,,,,,,,,,
41,2025-05-16 05:38:21.099449,40.2816781,0.8196558,4.650572299957275,116.10228758754475,23.670000000000016,49.0,1011.0,,8.9,50.0,81.0786812919226,6.901285693626316,,197.18096887946734,0.7212013456429041,,,,,,,,,,,,,,,,
42,2025-05-16 05:38:26.099524,40.2815765,0.8194647,4.620164394378662,111.14418496714079,23.670000000000016,49.0,1011.0,,8.6,55.0,87.4592960552537,7.051639473039207,,198.60348102239448,0.2048078125827714,,,,,,,,,,,,,,,,
43,2025-05-16 05:38:31.099772,40.2814277,0.8192714,4.95890998840332,114.88596750014888,23.670000000000016,49.0,1011.0,,9.1,52.0,84.87127535362994,7.1997228554144455,,199.75724285377882,0.44329501706695773,,,,,,,,,,,,,,,,
44,2025-05-16 05:38:36.099979,40.2813381,0.8190457,4.531092643737793,116.87053360500944,23.670000000000016,49.0,1011.0,,9.4,57.0,85.7307107669619,7.9054395168904295,,202.60124437197135,0.33731366151481673,,,,,,,,,,,,,,,,
45,2025-05-16 05:38:41.099353,40.2811938,0.818793,4.699707508087158,112.68316319092806,23.670000000000016,49.0,1011.0,,9.4,59.0,88.99283125237527,8.058617653083356,,201.67599444330332,0.08260913454139965,,,,,,,,,,,,,,,,
46,2025-05-16 05:38:46.100112,40.2810809,0.8186186,4.809683799743652,114.61535540523298,23.670000000000016,49.0,1011.0,,9.4,55.0,85.67805033711298,7.721987951911663,,200.29340574234595,0.3624613151350992,,,,,,,,,,,,,,,,
47,2025-05-16 05:38:51.099842,40.2809325,0.8183983,4.88977575302124,114.02789766490935,23.670000000000016,49.0,1011.0,,9.9,58.0,87.56905931275558,8.403238471123387,,201.59695697766495,0.20740077141541985,,,,,,,,,,,,,,,,
48,2025-05-16 05:38:56.100187,40.2807827,0.8181798,4.968418598175049,111.39435430587085,23.670000000000016,49.0,1011.0,,9.7,61.0,91.79427036505878,8.48797284225472,,203.18862467092964,-0.15556519716926248,,,,,,,,,,,,,,,,
49,2025-05-16 05:39:01.099938,40.2806288,0.8179643,4.890200614929199,110.89715751542894,23.670000000000016,49.0,1011.0,,8.8,57.0,90.75592763974944,7.380943376074844,,201.6530851551784,-0.06451662928103337,,,,,,,,,,,,,,,,
50,2025-05-16 05:39:06.099891,40.2804866,0.8177585,4.431422710418701,115.53841449042517,23.670000000000016,49.0,1011.0,,8.9,58.0,87.83859767468358,7.55300163981525,,203.37701216510874,0.16712951425992997,,,,,,,,,,,,,,,,
51,2025-05-16 05:39:11.099868,40.2803634,0.81757,4.709044933319092,113.66378711044513,23.670000000000016,49.0,1011.0,,8.6,56.0,89.19632133550601,7.130424575859654,,202.86010844595114,0.06605084830063646,,,,,,,,,,,,,,,,
52,2025-05-16 05:39:16.100446,40.2802126,0.8173179,4.690010070800781,110.66949365001408,23.670000000000016,49.0,1011.0,,8.8,59.0,91.19749578661589,7.544720029288716,,201.86698943662998,-0.09801521983728827,,,,,,,,,,,,,,,,
53,2025-05-16 05:39:21.100088,40.280105,0.8171449,4.3613057136535645,115.88159051508329,23.670000000000016,49.0,1011.0,,8.8,58.0,87.68278534831975,7.468930648100887,,203.56437586340303,0.17633631707249903,,,,,,,,,,,,,,,,
54,2025-05-16 05:39:26.100305,40.2799726,0.8169385,4.698930263519287,110.37198427014665,23.670000000000016,49.0,1011.0,,8.8,59.0,91.26522062026427,7.544911720700849,,201.63720489041094,-0.10375459333015526,,,,,,,,,,,,,,,,
55,2025-05-16 05:39:31.101083,40.2798276,0.8167169,4.7498979568481445,115.34193726876059,23.670000000000016,49.0,1011.0,,8.2,59.0,94.28451546868988,7.048469797421009,,209.62645273745045,-0.35486121310023283,,,,,,,,,,,,,,,,
56,2025-05-16 05:39:36.099794,40.2796679,0.8164578,4.730010986328125,112.39049641518218,23.670000000000016,49.0,1011.0,,8.5,49.0,82.4830052139201,6.470639449011365,,194.8735016291023,0.6187812853130472,,,,,,,,,,,,,,,,
57,2025-05-16 05:39:41.100200,40.2795659,0.8162863,4.4810471534729,116.41179077959471,23.670000000000016,49.0,1011.0,,8.7,48.0,78.28744600561242,6.60284201615758,,194.69923678520712,0.9096608466945475,,,,,,,,,,,,,,,,
58,2025-05-16 05:39:46.100006,40.2794317,0.8160797,4.779098987579346,115.89642568596057,23.670000000000016,49.0,1011.0,,9.0,58.0,90.07375965872336,7.632439189902486,,205.97018534468393,-0.00615236612467775,,,,,,,,,,,,,,,,
59,2025-05-16 05:39:51.099978,40.2792911,0.8158595,4.580634593963623,111.82064007234969,23.670000000000016,49.0,1011.0,,8.9,56.0,86.9264762723278,7.389063168292484,,198.7471163446775,0.24560164995895561,,,,,,,,,,,,,,,,
60,2025-05-16 05:39:56.100098,40.2791589,0.8156472,4.609922885894775,113.08420457823453,23.670000000000016,49.0,1011.0,,10.5,56.0,81.75352649243784,8.795841607473488,,194.83773107067236,0.6612091213908808,,,,,,,,,,,,,,,,
61,2025-05-16 05:40:01.099989,40.2790222,0.8154433,4.310929775238037,113.31041361335619,23.670000000000016,49.0,1011.0,,9.6,55.0,81.35650414521533,7.954198825808505,,194.66691775857151,0.6478720068595403,,,,,,,,,,,,,,,,
62,2025-05-16 05:40:06.102619,40.2788956,0.8152489,4.519276142120361,111.47158325481618,23.670000000000016,49.0,1011.0,,9.9,52.0,78.5805710861815,7.958859299605268,,190.05215434099767,0.8947702971112247,,,,,,,,,,,,,,,,
63,2025-05-16 05:40:11.100268,40.2787709,0.8150431,4.579793930053711,112.89608067792487,23.670000000000016,49.0,1011.0,,10.1,59.0,85.88998399003295,8.679711620066682,,198.78606466795782,0.32824211218890875,,,,,,,,,,,,,,,,
64,2025-05-16 05:40:16.100031,40.2786474,0.8148408,4.510169506072998,114.0474729870706,23.670000000000016,49.0,1011.0,,8.7,58.0,89.22247890628975,7.378697831270202,,203.26995189336037,0.06120248870132959,,,,,,,,,,,,,,,,
65,2025-05-16 05:40:21.099849,40.2785214,0.8146356,4.51995325088501,113.6010654832969,23.670000000000016,49.0,1011.0,,8.3,57.0,89.99546685561648,6.960965735733814,,203.5965323389134,0.00035761099413908373,,,,,,,,,,,,,,,,
66,2025-05-16 05:40:26.100777,40.2783868,0.8144267,4.729371547698975,111.95762634634346,23.670000000000016,49.0,1011.0,,9.2,55.0,85.84455897718108,7.556062691085558,,197.80218532352455,0.3427023824398807,,,,,,,,,,,,,,,,
67,2025-05-16 05:40:31.100537,40.278241,0.8142157,4.460871696472168,116.35556466234716,23.670000000000016,49.0,1011.0,,9.2,50.0,78.35235917947304,7.195786550637999,,194.70792384182022,0.9006159044643712,,,,,,,,,,,,,,,,
68,2025-05-16 05:40:36.100049,40.2780782,0.813963,4.390076637268066,116.1515878929739,23.670000000000016,49.0,1011.0,,8.9,57.0,86.49477908772519,7.478157957760261,,202.6463669806991,0.2684070529383617,,,,,,,,,,,,,,,,
69,2025-05-16 05:40:41.100003,40.2779414,0.8137582,4.589653491973877,110.516586205065,23.670000000000016,49.0,1011.0,,9.1,55.0,85.16994164048774,7.480849421379922,,195.68652784555275,0.3864516201680969,,,,,,,,,,,,,,,,
70,2025-05-16 05:40:46.100830,40.2778285,0.8135891,4.679650783538818,112.81458969093745,23.670000000000016,49.0,1011.0,,9.7,53.0,81.49860203006664,7.83282956854549,,194.3131917210041,0.6918093518697918,,,,,,,,,,,,,,,,
71,2025-05-16 05:40:51.102714,40.2776932,0.8133744,4.351044178009033,116.50160776718037,23.670000000000016,49.0,1011.0,,10.4,55.0,79.27120497610018,8.670751526090218,,195.77281274328055,0.809992218757054,,,,,,,,,,,,,,,,
72,2025-05-16 05:40:56.099298,40.2775644,0.8131655,4.607478618621826,114.42314705179965,23.670000000000016,49.0,1011.0,,10.2,54.0,80.45256410048336,8.367880041119713,,194.875711152283,0.7642153289437974,,,,,,,,,,,,,,,,
73,2025-05-16 05:41:01.104248,40.2774252,0.8129326,4.400733470916748,112.83605014530963,23.670000000000016,49.0,1011.0,,9.8,54.0,80.26951889539853,8.044091303928756,,193.10556904070816,0.7437844474842369,,,,,,,,,,,,,,,,
74,2025-05-16 05:41:06.099880,40.2772636,0.8126798,4.709524154663086,116.83079556441831,23.670000000000016,49.0,1011.0,,9.2,55.0,85.69448558579933,7.557526808619593,,202.52528115021764,0.35356611421780737,,,,,,,,,,,,,,,,
75,2025-05-16 05:41:11.100056,40.2771521,0.8125186,4.2319159507751465,109.82923694812993,23.670000000000016,49.0,1011.0,,9.0,55.0,82.8082215006477,7.430829143153238,,192.63745844877764,0.5297972459839297,,,,,,,,,,,,,,,,
76,2025-05-16 05:41:16.099968,40.2770249,0.8123291,4.638762950897217,115.57484671945802,23.670000000000016,49.0,1011.0,,9.1,53.0,83.42438478927653,7.315708856948801,,198.99923150873457,0.5312049972000833,,,,,,,,,,,,,,,,
77,2025-05-16 05:41:21.100016,40.2768941,0.812112,4.49044942855835,114.40465089952724,23.670000000000016,49.0,1011.0,,8.6,56.0,87.44129685252169,7.136838506252016,,201.84594775204891,0.20046691982254075,,,,,,,,,,,,,,,,
78,2025-05-16 05:41:26.099356,40.2767524,0.8118662,4.699620723724365,111.6563671926217,23.670000000000016,49.0,1011.0,,8.4,57.0,91.01369841586497,7.0459355018081915,,202.67006560848665,-0.083143114367133,,,,,,,,,,,,,,,,
79,2025-05-16 05:41:31.099877,40.2766403,0.811701,4.645313739776611,114.26566338010666,23.670000000000016,49.0,1011.0,,8.5,57.0,90.12764834711568,7.128717519105361,,204.39331172722234,-0.010349211324590686,,,,,,,,,,,,,,,,
80,2025-05-16 05:41:36.100113,40.2764798,0.8114494,4.520066738128662,115.32278541832787,23.670000000000016,49.0,1011.0,,8.0,53.0,87.36127900338319,6.395865712993497,,202.68406442171107,0.20809524337020796,,,,,,,,,,,,,,,,
81,2025-05-16 05:41:41.100358,40.2763394,0.8112406,4.709566116333008,115.03901837907053,23.670000000000016,49.0,1011.0,,7.8,51.0,88.11846468542139,6.065008455066012,,203.1574830644919,0.1546295812909461,,,,,,,,,,,,,,,,
82,2025-05-16 05:41:46.100089,40.2762306,0.8110703,4.630300998687744,113.10732476857503,23.670000000000016,49.0,1011.0,,8.6,51.0,83.32766299146826,6.7290319194873485,,196.43498776004327,0.5380002781011717,,,,,,,,,,,,,,,,
83,2025-05-16 05:41:51.099791,40.2760946,0.8108658,4.809523582458496,114.39905014440784,23.670000000000016,49.0,1011.0,,8.2,49.0,84.73617141569326,6.2148276403311336,,199.13522156010112,0.441235109656196,,,,,,,,,,,,,,,,
84,2025-05-16 05:41:56.100059,40.2759526,0.8106453,4.391318321228027,112.46496596770284,23.670000000000016,49.0,1011.0,,8.0,52.0,85.15844597969158,6.326660125058362,,197.6234119473944,0.3706296032142473,,,,,,,,,,,,,,,,
85,2025-05-16 05:42:01.099911,40.2758225,0.8104294,4.778769016265869,112.38075656542574,23.670000000000016,49.0,1011.0,,7.8,50.0,87.74798761529115,5.979765087756574,,200.1287441807169,0.18778130507359936,,,,,,,,,,,,,,,,
86,2025-05-16 05:42:06.099965,40.2756622,0.810163,4.620279788970947,114.08148732913726,23.670000000000016,49.0,1011.0,,7.6,49.0,86.35121551283099,5.747443431102117,,200.43270284196825,0.2940358368398579,,,,,,,,,,,,,,,,
87,2025-05-16 05:42:11.102302,40.2755507,0.8099952,4.858415126800537,114.70678431746276,23.670000000000016,49.0,1011.0,,8.0,47.0,84.16834375037328,5.881266798966992,,198.87512806783604,0.4936439285549983,,,,,,,,,,,,,,,,
88,2025-05-16 05:42:16.100081,40.2754094,0.809765,4.710476875305176,113.81985693297993,23.670000000000016,49.0,1011.0,,7.8,47.0,83.90527452576136,5.736985909803662,,197.7251314587413,0.500123267526538,,,,,,,,,,,,,,,,
89,2025-05-16 05:42:21.100100,40.2752813,0.8095348,4.590402126312256,116.27036488264042,23.670000000000016,49.0,1011.0,,7.6,43.0,79.42265605940904,5.272782601138377,,195.69302094204946,0.8426264301093956,,,,,,,,,,,,,,,,
90,2025-05-16 05:42:26.100710,40.2751508,0.8093123,4.78936243057251,113.19348760495474,23.670000000000016,49.0,1011.0,,7.9,46.0,82.99324090512005,5.725544114470392,,196.18672851007477,0.5842372330138671,,,,,,,,,,,,,,,,
91,2025-05-16 05:42:31.100184,40.2750163,0.8090932,4.829862117767334,110.45050412484512,23.670000000000016,49.0,1011.0,,7.6,48.0,87.40950806796965,5.653678258512386,,197.8600121928148,0.2182962984198765,,,,,,,,,,,,,,,,
92,2025-05-16 05:42:36.099668,40.2748908,0.808877,4.3514628410339355,115.12171830954104,23.670000000000016,49.0,1011.0,,7.6,46.0,80.36668674130719,5.545175519824718,,195.48840505084823,0.7281825046443973,,,,,,,,,,,,,,,,
93,2025-05-16 05:42:41.100333,40.2747757,0.8086796,4.5393853187561035,116.57960852750192,23.670000000000016,49.0,1011.0,,7.9,53.0,88.04870370292177,6.312881167662412,,204.6283122304237,0.1545658978052194,,,,,,,,,,,,,,,,
94,2025-05-16 05:42:46.100402,40.2746334,0.8084585,5.067233085632324,111.89881841758965,23.670000000000016,49.0,1011.0,,7.6,47.0,88.80489514856657,5.559497494954068,,200.70371356615624,0.10568729103117053,,,,,,,,,,,,,,,,
95,2025-05-16 05:42:51.100257,40.2744691,0.8082374,4.661362171173096,114.34825402755045,23.670000000000016,49.0,1011.0,,7.7,47.0,84.01873074047224,5.662248705445859,,198.3669847680227,0.4857294860205185,,,,,,,,,,,,,,,,
96,2025-05-16 05:42:56.100275,40.2743466,0.8080456,4.37105655670166,113.42048894202011,23.670000000000016,49.0,1011.0,,7.3,47.0,83.5080231555047,5.373337485407417,,196.92851209752482,0.4942094983289734,,,,,,,,,,,,,,,,
97,2025-05-16 05:43:01.099762,40.2741992,0.8078157,4.569507598876953,114.00748222948017,23.670000000000016,49.0,1011.0,,8.3,47.0,79.81032263934961,6.167512842574596,,193.8178048688298,0.8083798035774099,,,,,,,,,,,,,,,,
98,2025-05-16 05:43:06.100470,40.2740864,0.8076523,4.818987846374512,112.29861671046717,23.670000000000016,49.0,1011.0,,8.5,52.0,86.46197672511359,6.710881910987879,,198.76059343558074,0.29738417142575446,,,,,,,,,,,,,,,,
99,2025-05-16 05:43:11.100267,40.2739575,0.807461,4.8099141120910645,115.5746008326479,23.670000000000016,49.0,1011.0,,8.4,55.0,89.93232008223588,6.880881972549286,,205.50692091488378,0.005681649130548015,,,,,,,,,,,,,,,,
100,2025-05-16 05:43:16.100050,40.2738149,0.8072355,4.731685161590576,116.05431233881458,23.670000000000016,49.0,1011.0,,7.8,50.0,87.29734562210876,5.981800263249392,,203.35165796092335,0.2231118580280978,,,,,,,,,,,,,,,,
101,2025-05-16 05:43:21.100036,40.2736792,0.807016,4.650254249572754,108.7847849108191,23.670000000000016,49.0,1011.0,,8.6,53.0,85.62595194716006,6.888328334299506,,194.41073685797915,0.35466283952287864,,,,,,,,,,,,,,,,
102,2025-05-16 05:43:26.100094,40.2735474,0.8068068,4.909193992614746,114.50284852922452,23.670000000000016,49.0,1011.0,,9.0,55.0,88.03458022510927,7.376708055467965,,202.5374287543338,0.1683672844710223,,,,,,,,,,,,,,,,
103,2025-05-16 05:43:31.099796,40.2733835,0.8065564,4.750146389007568,113.85079768992009,23.670000000000016,49.0,1011.0,,8.7,52.0,84.94764487179323,6.882434277759339,,198.79844256171333,0.4183263844545041,,,,,,,,,,,,,,,,
104,2025-05-16 05:43:36.099809,40.2732811,0.8063833,4.600602149963379,113.3213214254607,23.670000000000016,49.0,1011.0,,8.9,52.0,82.85790693385603,7.068138348749474,,196.1792283593167,0.5719950389850511,,,,,,,,,,,,,,,,
105,2025-05-16 05:43:41.099816,40.2731517,0.8061729,4.619933605194092,110.73298025834934,23.670000000000016,49.0,1011.0,,8.6,55.0,87.45742269964366,7.051649707489459,,198.190402957993,0.20494848768453544,,,,,,,,,,,,,,,,
106,2025-05-16 05:43:46.099918,40.2730149,0.8059649,4.510341167449951,112.4678892886676,23.670000000000016,49.0,1011.0,,8.4,59.0,91.46403480682058,7.202556531399193,,203.93192409548817,-0.11523672376317283,,,,,,,,,,,,,,,,
107,2025-05-16 05:43:51.100292,40.2728725,0.8057637,4.799078464508057,110.87399634395342,23.670000000000016,49.0,1011.0,,8.8,61.0,93.95963444450545,7.715069703462165,,204.8336307884589,-0.33139393643391873,,,,,,,,,,,,,,,,
108,2025-05-16 05:43:56.100149,40.2727286,0.8055613,4.5706682205200195,110.96211261443575,23.670000000000016,49.0,1011.0,,8.6,67.0,98.69299855855957,8.00833862495246,,209.6551111729953,-0.6908109179788072,,,,,,,,,,,,,,,,
109,2025-05-16 05:44:01.100519,40.2726078,0.8053517,4.629741668701172,110.36575513762361,23.670000000000016,49.0,1011.0,,8.6,60.0,92.5350344216239,7.455114322938168,,202.90078955924753,-0.20477469256181832,,,,,,,,,,,,,,,,
110,2025-05-16 05:44:06.099875,40.2724457,0.8050671,4.620077133178711,111.08889458580954,23.670000000000016,49.0,1011.0,,8.5,58.0,90.92006204877367,7.209338308025961,,202.00895663458323,-0.0741865279716869,,,,,,,,,,,,,,,,
111,2025-05-16 05:44:11.100011,40.2723104,0.8048414,4.709815979003906,108.31480642421968,23.670000000000016,49.0,1011.0,,9.1,67.0,97.84505978689445,8.455733048614753,,206.15986621111415,-0.6428648990578838,,,,,,,,,,,,,,,,
112,2025-05-16 05:44:16.109417,40.2722038,0.8046612,4.789709091186523,108.4277572625242,23.670000000000016,49.0,1011.0,,8.4,66.0,100.14495279212542,7.795664812420181,,208.57271005464963,-0.8436549904534318,,,,,,,,,,,,,,,,
113,2025-05-16 05:44:21.099951,40.2720428,0.8044002,4.664920330047607,110.54021865959324,23.670000000000016,49.0,1011.0,,8.4,58.0,91.71747719308401,7.12680562260552,,202.25769585267724,-0.13981299432188976,,,,,,,,,,,,,,,,
114,2025-05-16 05:44:26.100132,40.2719352,0.8042338,4.908960819244385,107.82873601193573,23.670000000000016,49.0,1011.0,,8.1,53.0,90.3034319363736,6.4690383478290165,,198.13216794830933,-0.025997177051188425,,,,,,,,,,,,,,,,
115,2025-05-16 05:44:31.099950,40.2717956,0.804012,4.7106032371521,105.52976263920114,23.670000000000016,49.0,1011.0,,8.3,58.0,92.5402372769018,7.0457227303189445,,198.06999991610294,-0.20877855707697565,,,,,,,,,,,,,,,,
116,2025-05-16 05:44:36.100468,40.2716585,0.8037999,4.979126453399658,107.04572995567464,23.670000000000016,49.0,1011.0,,9.3,59.0,91.36012771110856,7.973902542525856,,198.40585766678322,-0.11818692206184832,,,,,,,,,,,,,,,,
117,2025-05-16 05:44:41.100305,40.271516,0.8035909,4.700829029083252,113.96383049049463,23.670000000000016,49.0,1011.0,,8.0,57.0,92.93266490184982,6.7181629767328,,206.89649539234443,-0.24050528052139256,,,,,,,,,,,,,,,,
118,2025-05-16 05:44:46.100297,40.271368,0.8033607,4.659974098205566,112.6245260169035,23.670000000000016,49.0,1011.0,,8.1,54.0,89.11623163909212,6.553817282310087,,201.74075765599562,0.07187570186689435,,,,,,,,,,,,,,,,
119,2025-05-16 05:44:51.099796,40.2712565,0.803162,5.067597389221191,107.5991528633641,23.670000000000016,49.0,1011.0,,8.0,53.0,92.2683500315105,6.394094420426622,,199.86750289487458,-0.2005746699937823,,,,,,,,,,,,,,,,
120,2025-05-16 05:44:56.100244,40.2711205,0.8029242,4.970150470733643,107.62611162001814,23.670000000000016,49.0,1011.0,,9.1,56.0,89.10007191517441,7.545172590720628,,196.72618353519255,0.0780614929838074,,,,,,,,,,,,,,,,
121,2025-05-16 05:45:01.101448,40.2710145,0.8027806,4.521675109863281,110.3960743473493,23.670000000000016,49.0,1011.0,,8.0,60.0,94.3060926348696,6.947815838107028,,204.7021669822189,-0.33950890677992895,,,,,,,,,,,,,,,,
122,2025-05-16 05:45:06.099768,40.2709107,0.8025731,4.779054164886475,111.11338081398404,23.670000000000016,49.0,1011.0,,8.9,59.0,91.46583845963491,7.631286277999368,,202.57921927361895,-0.12225258624351859,,,,,,,,,,,,,,,,
123,2025-05-16 05:45:11.100025,40.2707461,0.8023283,5.27843713760376,103.14593782640748,23.670000000000016,49.0,1011.0,,8.9,69.0,104.11245048316793,8.567439212849608,,207.25838830957542,-1.2870189524328535,,,,,,,,,,,,,,,,
124,2025-05-16 05:45:16.099850,40.2706379,0.8021254,4.9512176513671875,106.30995465752419,23.670000000000016,49.0,1011.0,,8.8,59.0,93.17848996931798,7.554694006846558,,199.48844462684218,-0.2745285093303681,,,,,,,,,,,,,,,,
125,2025-05-16 05:45:21.100231,40.2704975,0.8019313,4.81033992767334,101.45853276176666,23.670000000000016,49.0,1011.0,,8.9,58.0,90.71398255286732,7.548214110999267,,192.17251531463398,-0.05994176052439844,,,,,,,,,,,,,,,,
126,2025-05-16 05:45:26.102439,40.2703366,0.8017226,5.088536739349365,105.63439430709657,23.670000000000016,49.0,1011.0,,9.2,51.0,84.39863125882437,7.184046173516578,,190.03302556592092,0.49667515051481853,,,,,,,,,,,,,,,,
127,2025-05-16 05:45:31.099852,40.2702058,0.8015238,4.5911359786987305,105.96432659495403,23.670000000000016,49.0,1011.0,,8.5,51.0,83.45326807081915,6.649098153417625,,189.41759466577318,0.5234517532079489,,,,,,,,,,,,,,,,
128,2025-05-16 05:45:36.099689,40.270062,0.8012786,4.679817199707031,100.55612816862457,23.670000000000016,49.0,1011.0,,7.6,54.0,91.98080738334949,6.152205337503331,,192.53693555197407,-0.1617565920098134,,,,,,,,,,,,,,,,
129,2025-05-16 05:45:41.099662,40.2699413,0.8011116,4.908997535705566,101.67178492803279,23.670000000000016,49.0,1011.0,,8.1,55.0,92.27011783378376,6.640342968677827,,193.94190276181655,-0.19444865720140556,,,,,,,,,,,,,,,,
130,2025-05-16 05:45:46.099973,40.2697778,0.8008568,4.422445297241211,99.58728632542578,23.670000000000016,49.0,1011.0,,8.6,59.0,89.94650879226101,7.371641998616683,,189.5337951176868,0.004128784140030191,,,,,,,,,,,,,,,,
131,2025-05-16 05:45:51.100174,40.2696357,0.8006308,4.669495105743408,102.72898209833488,23.670000000000016,49.0,1011.0,,8.5,58.0,91.31270839040678,7.210301142072221,,194.04169048874166,-0.10697383309889646,,,,,,,,,,,,,,,,
132,2025-05-16 05:45:56.100111,40.2695047,0.8003977,4.568871974945068,102.49891400633217,23.670000000000016,49.0,1011.0,,8.8,56.0,87.23749386639982,7.304018709103837,,189.736407872732,0.22020203546393674,,,,,,,,,,,,,,,,
133,2025-05-16 05:46:01.101576,40.2693933,0.8002409,4.869558811187744,98.34628193436947,23.670000000000016,49.0,1011.0,,8.8,55.0,88.58617067213235,7.210733199891195,,186.93245260650184,0.12014892635306754,,,,,,,,,,,,,,,,
134,2025-05-16 05:46:06.100233,40.2692796,0.8000432,4.879777431488037,102.91318547006095,23.670000000000016,49.0,1011.0,,8.1,54.0,91.03787479970444,6.554112922428734,,193.95106026976538,-0.08838907679194873,,,,,,,,,,,,,,,,
135,2025-05-16 05:46:11.099877,40.2691366,0.7998255,4.809993743896484,104.59063894908107,23.670000000000016,49.0,1011.0,,8.8,55.0,88.1131237391429,7.212448694833942,,192.70376268822397,0.15837506128128298,,,,,,,,,,,,,,,,
136,2025-05-16 05:46:16.099795,40.2690266,0.7996581,4.541055679321289,98.42952144978442,23.670000000000016,49.0,1011.0,,8.6,55.0,86.81750206597937,7.0555889265919856,,185.24702351576377,0.2521035630951045,,,,,,,,,,,,,,,,
137,2025-05-16 05:46:21.099852,40.2688878,0.7994731,4.8788347244262695,100.9682481227648,23.670000000000016,49.0,1011.0,,8.3,53.0,88.99545467255003,6.629693667622689,,189.96370279531482,0.08553438982820694,,,,,,,,,,,,,,,,
138,2025-05-16 05:46:26.100213,40.268714,0.7992231,4.730093955993652,106.42057640132171,23.670000000000016,49.0,1011.0,,7.6,49.0,87.44492176789917,5.741500844371715,,193.86549816922087,0.21086639949943148,,,,,,,,,,,,,,,,
139,2025-05-16 05:46:31.099998,40.2686051,0.7990658,4.321593284606934,102.17868058709612,23.670000000000016,49.0,1011.0,,7.9,52.0,85.02292200101971,6.248846314264295,,187.20160258811583,0.37492930594641033,,,,,,,,,,,,,,,,
140,2025-05-16 05:46:36.102305,40.2684548,0.7988255,4.758584499359131,100.21342342701918,23.670000000000016,49.0,1011.0,,8.4,53.0,87.467943748023,6.7150944948358,,187.68136717504217,0.210226340824857,,,,,,,,,,,,,,,,
141,2025-05-16 05:46:41.099784,40.2683369,0.7985975,4.530455589294434,104.47459403508255,23.670000000000016,49.0,1011.0,,8.2,53.0,86.46613659910915,6.56128718977123,,190.9407306341917,0.27925027976884836,,,,,,,,,,,,,,,,
142,2025-05-16 05:46:46.099782,40.2682149,0.7983745,4.569908618927002,101.20813119660482,23.670000000000016,49.0,1011.0,,9.2,52.0,81.41728433234526,7.331804541079484,,182.6254155289501,0.6819997266723711,,,,,,,,,,,,,,,,
143,2025-05-16 05:46:51.101858,40.2681153,0.798201,4.878777027130127,99.9660408054705,23.670000000000016,49.0,1011.0,,9.1,52.0,84.23678333688865,7.207328155873684,,184.20282414235913,0.4899149463135327,,,,,,,,,,,,,,,,
144,2025-05-16 05:46:56.099781,40.2679775,0.7979846,4.580881595611572,104.26375292559342,23.670000000000016,49.0,1011.0,,10.0,51.0,77.57429052521178,7.957866061385253,,181.8380434508052,0.9856845688923963,,,,,,,,,,,,,,,,
145,2025-05-16 05:47:01.099376,40.2678156,0.797729,4.699772357940674,103.21204722738403,23.670000000000016,49.0,1011.0,,9.7,56.0,84.85264855654884,8.074225710059647,,188.06469578393288,0.4216515125447389,,,,,,,,,,,,,,,,
146,2025-05-16 05:47:06.100024,40.2677072,0.7975524,4.7896013259887695,96.82022642849186,23.670000000000016,49.0,1011.0,,9.7,58.0,87.55938774425786,8.233535197928614,,184.3796141727497,0.20395961162601306,,,,,,,,,,,,,,,,
147,2025-05-16 05:47:11.101576,40.2675265,0.7973019,4.62028169631958,103.99085271730557,23.670000000000016,49.0,1011.0,,9.7,59.0,87.41356574075064,8.323001606349871,,191.40441845805623,0.2084969744991897,,,,,,,,,,,,,,,,
148,2025-05-16 05:47:16.099835,40.267393,0.7971005,4.410510540008545,100.10146296614434,23.670000000000016,49.0,1011.0,,10.1,59.0,84.77709438646096,8.693484335639944,,184.8785573526053,0.40149188823163695,,,,,,,,,,,,,,,,
149,2025-05-16 05:47:21.099861,40.2672601,0.7969094,4.639516353607178,102.30364572815067,23.670000000000016,49.0,1011.0,,10.1,59.0,86.28339257513379,8.675635714783224,,188.58703830328446,0.30074066734369137,,,,,,,,,,,,,,,,
150,2025-05-16 05:47:26.099738,40.2671531,0.7967461,4.779429912567139,103.43557199816188,23.670000000000016,49.0,1011.0,,9.3,59.0,89.92507686973576,7.9716627121504535,,193.36064886789762,0.006249845118049768,,,,,,,,,,,,,,,,
151,2025-05-16 05:47:31.100060,40.2670046,0.7964761,4.560112476348877,102.76393217631784,23.670000000000016,49.0,1011.0,,9.3,54.0,83.1314980737248,7.578245321738206,,185.89543025004264,0.5453486721319583,,,,,,,,,,,,,,,,
152,2025-05-16 05:47:36.099912,40.2669089,0.7963016,4.569953441619873,100.57908443442498,23.670000000000016,49.0,1011.0,,9.7,56.0,83.93655092156021,8.086906398859186,,184.51563535598518,0.4827229383178214,,,,,,,,,,,,,,,,
153,2025-05-16 05:47:41.100282,40.2667563,0.7960495,4.6797919273376465,102.71386688970165,23.670000000000016,49.0,1011.0,,8.6,61.0,93.88217495097639,7.539028608025987,,196.59604184067803,-0.31684485390617084,,,,,,,,,,,,,,,,
154,2025-05-16 05:47:46.100133,40.2666492,0.7958921,4.3711771965026855,100.79879795964595,23.670000000000016,49.0,1011.0,,7.7,55.0,89.58795371765358,6.307633851308983,,190.38675167729951,0.031435330897784976,,,,,,,,,,,,,,,,
155,2025-05-16 05:47:51.100436,40.2664922,0.795668,4.539306163787842,98.637528030768,23.670000000000016,49.0,1011.0,,8.3,52.0,85.01334135294077,6.565339291667353,,183.65086938370877,0.39457363180469723,,,,,,,,,,,,,,,,
156,2025-05-16 05:47:56.099857,40.2663868,0.7955067,4.691407203674316,95.5003606732786,23.670000000000016,49.0,1011.0,,9.7,56.0,84.79353320953084,8.07498050823125,,180.29389388280944,0.4257216617420711,,,,,,,,,,,,,,,,
157,2025-05-16 05:48:01.099905,40.2662508,0.7953055,4.492373466491699,101.30718259994835,23.670000000000016,49.0,1011.0,,9.4,59.0,87.5199302745269,8.064926768521305,,188.82711287447523,0.1943933866943709,,,,,,,,,,,,,,,,
158,2025-05-16 05:48:06.100297,40.2661153,0.7951223,4.569706439971924,95.02306022388895,23.670000000000016,49.0,1011.0,,8.9,55.0,85.80198214880615,7.310066025991242,,180.8250423726951,0.3345193963186249,,,,,,,,,,,,,,,,
159,2025-05-16 05:48:11.100394,40.2659511,0.7948709,4.510101318359375,91.33333739273469,23.670000000000016,49.0,1011.0,,9.9,55.0,81.80212188727522,8.193328666353242,,173.1354592800099,0.6431056224147351,,,,,,,,,,,,,,,,
160,2025-05-16 05:48:16.100170,40.2658254,0.7946533,4.679635524749756,94.80829175562707,23.670000000000016,49.0,1011.0,,10.1,61.0,88.59318292653609,8.836322523950047,,183.40147468216315,0.11489030661397318,,,,,,,,,,,,,,,,
161,2025-05-16 05:48:21.099806,40.2656841,0.7944321,4.6700334548950195,94.39504482027378,23.670000000000016,49.0,1011.0,,9.0,60.0,91.24972653207051,7.796083079071408,,185.6447713523443,-0.10185395855295303,,,,,,,,,,,,,,,,
162,2025-05-16 05:48:26.099270,40.2655677,0.7942645,4.689937114715576,93.16404665635156,23.670000000000016,49.0,1011.0,,9.3,60.0,90.28410715974684,8.054135271593829,,183.4481538160984,-0.023255452043353903,,,,,,,,,,,,,,,,
163,2025-05-16 05:48:31.100236,40.2653967,0.7940194,4.550230026245117,92.4397733967634,23.670000000000016,49.0,1011.0,,9.7,56.0,83.79762824337763,8.089013555368078,,176.23740164014103,0.4916091656226023,,,,,,,,,,,,,,,,
164,2025-05-16 05:48:36.099769,40.2652887,0.7938525,4.7392497062683105,95.69834736674977,23.670000000000016,49.0,1011.0,,9.6,55.0,84.42868078689239,7.901183847651006,,180.12702815364216,0.4601086474792086,,,,,,,,,,,,,,,,
165,2025-05-16 05:48:41.101967,40.2651299,0.7935867,4.520130157470703,94.20314382535311,23.670000000000016,49.0,1011.0,,9.6,52.0,79.58680852147319,7.69158453202965,,173.78995234682628,0.8169936047527045,,,,,,,,,,,,,,,,
166,2025-05-16 05:48:46.100285,40.2650347,0.7934132,4.40047025680542,94.23961703552096,23.670000000000016,49.0,1011.0,,9.7,54.0,80.58644638399285,7.954585280896317,,174.82606341951382,0.7197379953558226,,,,,,,,,,,,,,,,
167,2025-05-16 05:48:51.099807,40.2649054,0.7932112,4.603573322296143,91.17423496620842,23.670000000000016,49.0,1011.0,,10.0,59.0,86.34991177062477,8.58909637280331,,177.5241467368332,0.29307717287244184,,,,,,,,,,,,,,,,
168,2025-05-16 05:48:56.099891,40.2647588,0.7930066,4.789424896240234,94.27464907577397,23.670000000000016,49.0,1011.0,,9.0,54.0,86.06660945523498,7.298344405358126,,180.34125853100895,0.32853876425256445,,,,,,,,,,,,,,,,
169,2025-05-16 05:49:01.099907,40.2646163,0.79279,4.411211013793945,94.43780180447806,23.670000000000016,49.0,1011.0,,9.6,52.0,78.79090486789033,7.712015244946917,,173.2287066723684,0.8574955983233636,,,,,,,,,,,,,,,,
170,2025-05-16 05:49:06.099489,40.2644885,0.7925862,4.629283905029297,90.09140409595128,23.670000000000016,49.0,1011.0,,10.0,54.0,81.22667056008687,8.18594975017198,,171.31807465603816,0.7060852782570014,,,,,,,,,,,,,,,,
171,2025-05-16 05:49:11.099832,40.264311,0.7923432,4.819794178009033,92.14185420554578,23.670000000000016,49.0,1011.0,,10.6,61.0,88.02815724108638,9.276461885553196,,180.17001144663215,0.165841190610659,,,,,,,,,,,,,,,,
172,2025-05-16 05:49:16.100234,40.2641961,0.7921891,4.998350143432617,97.18325781306721,23.670000000000016,49.0,1011.0,,9.6,57.0,88.36236179636037,8.054527264815402,,185.5456196094276,0.14284428547683317,,,,,,,,,,,,,,,,
173,2025-05-16 05:49:21.100629,40.2640705,0.7919211,4.501546859741211,94.4107815761215,23.670000000000016,49.0,1011.0,,8.7,49.0,79.59084025531385,6.675840328817986,,174.00162183143533,0.8133232101736106,,,,,,,,,,,,,,,,
174,2025-05-16 05:49:26.100030,40.2639566,0.7917832,4.569416046142578,94.6736482365186,23.670000000000016,49.0,1011.0,,8.5,53.0,85.40142723074901,6.810325117168375,,180.0750754672676,0.3663487946515983,,,,,,,,,,,,,,,,
175,2025-05-16 05:49:31.100193,40.2638289,0.7915519,4.609864711761475,92.4598404925449,23.670000000000016,49.0,1011.0,,8.5,52.0,84.68393156171744,6.727025999602854,,177.14377205426234,0.42710319093926197,,,,,,,,,,,,,,,,
176,2025-05-16 05:49:36.099255,40.2636825,0.7913744,4.659834384918213,97.7312985316907,23.670000000000016,49.0,1011.0,,8.9,50.0,81.15466237793433,6.899855415248093,,178.88596090962503,0.7165323154419999,,,,,,,,,,,,,,,,
177,2025-05-16 05:49:41.100045,40.2635418,0.7911773,4.709785461425781,90.98430789595787,23.670000000000016,49.0,1011.0,,10.0,53.0,80.69616449009219,8.092816948533738,,171.68047238605004,0.7614304650187558,,,,,,,,,,,,,,,,
178,2025-05-16 05:49:46.099844,40.2633979,0.7909689,4.949158668518066,97.08685652312165,23.670000000000016,49.0,1011.0,,9.6,56.0,86.98569723612822,7.969787383545165,,184.07255375924987,0.2602527103471804,,,,,,,,,,,,,,,,
179,2025-05-16 05:49:51.100028,40.2632544,0.7907346,4.775612831115723,90.53342661827783,23.670000000000016,49.0,1011.0,,10.5,53.0,79.57101195444189,8.526531031769688,,170.10443857271972,0.8644659004127117,,,,,,,,,,,,,,,,
180,2025-05-16 05:49:56.100159,40.26308,0.7904551,4.809990882873535,90.57426431932532,23.670000000000016,49.0,1011.0,,10.3,54.0,81.50779722781218,8.42524973981612,,172.0820615471375,0.7103145246744392,,,,,,,,,,,,,,,,
181,2025-05-16 05:50:01.100133,40.2629734,0.7902781,4.312015056610107,95.66716755318866,23.670000000000016,49.0,1011.0,,10.1,57.0,82.01076024311065,8.553592293095566,,177.67792779629931,0.5993145735587466,,,,,,,,,,,,,,,,
182,2025-05-16 05:50:06.100300,40.262833,0.7900536,5.079378604888916,94.10511695038508,23.670000000000016,49.0,1011.0,,9.1,58.0,91.90820349559947,7.7215195772611525,,186.01332044598456,-0.16913455749839476,,,,,,,,,,,,,,,,
183,2025-05-16 05:50:11.099973,40.2627308,0.7898218,4.630881309509277,97.12877339405803,23.670000000000016,49.0,1011.0,,9.4,57.0,86.45257642179855,7.898637706742442,,183.58134981585658,0.2865342634338231,,,,,,,,,,,,,,,,
184,2025-05-16 05:50:16.099555,40.2626184,0.7896359,4.5304789543151855,90.25849784380647,23.670000000000016,49.0,1011.0,,9.1,56.0,85.76856214265695,7.5648626536770855,,176.02705998646343,0.33428323203267307,,,,,,,,,,,,,,,,
185,2025-05-16 05:50:21.099744,40.2624892,0.7894527,4.559836387634277,96.26753435104361,23.670000000000016,49.0,1011.0,,9.9,53.0,79.97185775439571,8.02915827882094,,176.23939210543932,0.7940128347749988,,,,,,,,,,,,,,,,
186,2025-05-16 05:50:26.100106,40.2623346,0.7892359,4.271035671234131,92.19738364349799,23.670000000000016,49.0,1011.0,,9.9,53.0,77.95593561657395,8.084451234554386,,170.15331926007195,0.8912109253357358,,,,,,,,,,,,,,,,
187,2025-05-16 05:50:31.099898,40.2621988,0.7890395,4.559014797210693,91.60912677104147,23.670000000000016,49.0,1011.0,,10.0,52.0,78.5392861413002,8.04042414301268,,170.14841291234166,0.9058579137228577,,,,,,,,,,,,,,,,
188,2025-05-16 05:50:36.099934,40.2620532,0.7888524,4.400502681732178,93.53334815458497,23.670000000000016,49.0,1011.0,,9.0,52.0,80.86470987246149,7.183207106450197,,174.39805802704646,0.6986511501873862,,,,,,,,,,,,,,,,
189,2025-05-16 05:50:41.100846,40.2619098,0.788618,4.62908411026001,91.46155370383417,23.670000000000016,49.0,1011.0,,9.8,61.0,89.18419506173915,8.572142049221124,,180.64574876557333,0.06590890477695785,,,,,,,,,,,,,,,,
190,2025-05-16 05:50:46.102240,40.2618183,0.7884403,4.629956245422363,87.3252048028528,23.670000000000016,49.0,1011.0,,9.3,56.0,85.76786980566361,7.731130283746932,,173.09307460851642,0.3416789982386017,,,,,,,,,,,,,,,,
191,2025-05-16 05:50:51.102244,40.2616921,0.788227,4.629977226257324,95.17214276290281,23.670000000000016,49.0,1011.0,,8.1,50.0,84.69097617294621,6.231693093383427,,179.863118935849,0.4283997939408233,,,,,,,,,,,,,,,,
192,2025-05-16 05:50:56.099777,40.2615293,0.7879775,4.600009918212891,99.67280029383433,23.670000000000016,49.0,1011.0,,8.4,48.0,80.71383537794658,6.325311572855812,,180.3866356717809,0.7422829808840332,,,,,,,,,,,,,,,,
193,2025-05-16 05:51:01.101999,40.261421,0.7878046,4.6099629402160645,86.47043394898238,23.670000000000016,49.0,1011.0,,8.6,46.0,77.56512667030786,6.33493090685475,,164.03556061929024,0.9926621363464274,,,,,,,,,,,,,,,,
194,2025-05-16 05:51:06.100128,40.2612481,0.7875504,4.659948348999023,92.61933223985386,23.670000000000016,49.0,1011.0,,8.4,46.0,78.99408097093006,6.1556727406098855,,171.6134132107839,0.8896326166690045,,,,,,,,,,,,,,,,
195,2025-05-16 05:51:11.099552,40.2611288,0.7873803,4.490701198577881,95.84673322646829,23.670000000000016,49.0,1011.0,,8.5,53.0,84.74196533679734,6.817087550887144,,180.5886985632656,0.41153351975804714,,,,,,,,,,,,,,,,
196,2025-05-16 05:51:16.100888,40.2609904,0.787171,4.420269012451172,89.83313415286558,23.670000000000016,49.0,1011.0,,9.0,53.0,82.11026357203595,7.256408255965036,,171.94339772490153,0.6067575561978423,,,,,,,,,,,,,,,,
197,2025-05-16 05:51:21.100035,40.2608273,0.7869045,4.938388347625732,91.71543183528355,23.670000000000016,49.0,1011.0,,9.2,51.0,83.2094499309442,7.200252448909269,,174.92488176622777,0.5839159987566981,,,,,,,,,,,,,,,,
198,2025-05-16 05:51:26.102388,40.2606835,0.7866744,4.630645275115967,98.40950899551629,23.670000000000016,49.0,1011.0,,10.2,53.0,79.51305057914567,8.284462628168221,,177.92255957466196,0.842830967155803,,,,,,,,,,,,,,,,
199,2025-05-16 05:51:31.100338,40.2605798,0.7865066,4.620018482208252,94.78308152740054,23.670000000000016,49.0,1011.0,,8.9,53.0,84.08716132099161,7.145873812552076,,178.87024284839214,0.4759331648978118,,,,,,,,,,,,,,,,
200,2025-05-16 05:51:36.100153,40.2604363,0.7862595,4.679757595062256,94.58333264512352,23.670000000000016,49.0,1011.0,,9.5,49.0,77.77976792361176,7.335965096544588,,172.36310056873526,0.9905639382459911,,,,,,,,,,,,,,,,
201,2025-05-16 05:51:41.102186,40.2603325,0.7860956,4.789527893066406,100.50545499517224,23.670000000000016,49.0,1011.0,,9.1,52.0,83.53178195719238,7.216836655977021,,184.03723695236462,0.5395501944772056,,,,,,,,,,,,,,,,
202,2025-05-16 05:51:46.099920,40.2601886,0.7858847,4.620530605316162,101.18408210053721,23.670000000000016,49.0,1011.0,,9.2,51.0,80.71247421439266,7.244714703188085,,181.89655631492985,0.745702642368531,,,,,,,,,,,,,,,,
203,2025-05-16 05:51:51.100186,40.2600447,0.7856675,4.809439182281494,96.56852029719856,23.670000000000016,49.0,1011.0,,9.7,50.0,79.13951042707588,7.566149329704063,,175.70803072427444,0.9061861242098018,,,,,,,,,,,,,,,,
204,2025-05-16 05:51:56.104548,40.2599035,0.7854463,4.5807342529296875,95.9342416101145,23.670000000000016,49.0,1011.0,,10.1,52.0,78.37432345477168,8.125605073448206,,174.30856506488618,0.923095311597725,,,,,,,,,,,,,,,,
205,2025-05-16 05:52:01.100159,40.2597655,0.7852516,4.540082931518555,96.36532899957984,23.670000000000016,49.0,1011.0,,10.1,57.0,83.52890508832436,8.524886158390315,,179.8942340879042,0.5116762147511407,,,,,,,,,,,,,,,,
206,2025-05-16 05:52:06.099480,40.2596249,0.7850664,4.529994487762451,101.78048738867355,23.670000000000016,49.0,1011.0,,10.3,55.0,80.72521558052875,8.549029728721056,,182.5057029692023,0.7300969252889055,,,,,,,,,,,,,,,,
207,2025-05-16 05:52:11.101350,40.2594887,0.784875,4.639614105224609,98.03400568551649,23.670000000000016,49.0,1011.0,,9.8,51.0,78.65737751172166,7.767745187002558,,176.69138319723817,0.9124987575622163,,,,,,,,,,,,,,,,
208,2025-05-16 05:52:16.100193,40.2593517,0.7846602,4.650203704833984,98.61841033128113,23.670000000000016,49.0,1011.0,,9.1,50.0,80.23941505418172,7.073393527855742,,178.85782538546283,0.7883563567979284,,,,,,,,,,,,,,,,
209,2025-05-16 05:52:21.099365,40.2592097,0.7844323,4.610201358795166,97.99899413583101,23.670000000000016,49.0,1011.0,,10.7,49.0,73.3853323338917,8.42723454716532,,171.3843264697227,1.3182118756799013,,,,,,,,,,,,,,,,
210,2025-05-16 05:52:26.099928,40.2590668,0.7842137,4.84930944442749,101.89744754802085,23.670000000000016,49.0,1011.0,,10.7,58.0,84.83120324770043,9.111164181445119,,186.72865079572128,0.4368753000385055,,,,,,,,,,,,,,,,
211,2025-05-16 05:52:31.099902,40.2589299,0.7839911,4.626997947692871,95.35883232348677,23.670000000000016,49.0,1011.0,,9.9,54.0,81.53441003279352,8.09749486682975,,176.89324235628027,0.6811654132008583,,,,,,,,,,,,,,,,
212,2025-05-16 05:52:36.099344,40.2587935,0.7837397,4.490306377410889,96.58521327953007,23.670000000000016,49.0,1011.0,,10.0,50.0,75.80576927924326,7.901682434842185,,172.39098255877332,1.101066986643402,,,,,,,,,,,,,,,,
213,2025-05-16 05:52:41.099815,40.2586749,0.7835512,4.629274368286133,100.70060716013785,23.670000000000016,49.0,1011.0,,10.0,50.0,76.78680936193537,7.868759563069316,,177.4874165220732,1.058136395467567,,,,,,,,,,,,,,,,
214,2025-05-16 05:52:46.100191,40.2585716,0.7833872,4.560207843780518,98.96265869563894,23.670000000000016,49.0,1011.0,,10.3,52.0,77.6230666716144,8.309637972094222,,176.58572536725333,0.9774445799447086,,,,,,,,,,,,,,,,
215,2025-05-16 05:52:51.099909,40.2584527,0.7831695,4.799215793609619,93.51929162527308,23.670000000000016,49.0,1011.0,,10.3,59.0,86.72192978151777,8.843292805692249,,180.24122140679086,0.274428328101693,,,,,,,,,,,,,,,,
216,2025-05-16 05:52:56.099784,40.2583228,0.7829502,4.520849704742432,100.31489954751807,23.670000000000016,49.0,1011.0,,10.5,51.0,75.65354000537945,8.422693219361769,,175.9684395528975,1.1201973281105366,,,,,,,,,,,,,,,,
217,2025-05-16 05:53:01.099754,40.2581827,0.7827589,4.639602184295654,99.7029419186416,23.670000000000016,49.0,1011.0,,10.4,56.0,82.23302032042169,8.70182222340255,,181.9359622390633,0.627017036410425,,,,,,,,,,,,,,,,
218,2025-05-16 05:53:06.102126,40.2580413,0.7825517,4.719730377197266,96.39846224724359,23.670000000000016,49.0,1011.0,,9.4,52.0,81.79940061567608,7.483825151000273,,178.19786286291966,0.6732189804347775,,,,,,,,,,,,,,,,
219,2025-05-16 05:53:11.099827,40.2579027,0.7823274,4.540610313415527,98.40210507045599,23.670000000000016,49.0,1011.0,,10.6,58.0,83.17094522891128,9.053541640565447,,181.57305029936725,0.5399125630818608,,,,,,,,,,,,,,,,
220,2025-05-16 05:53:16.099391,40.2577646,0.7821178,4.201101303100586,95.85329703826068,23.670000000000016,49.0,1011.0,,10.8,54.0,76.1946061556648,8.99729913635033,,172.0479031939255,1.002487291949351,,,,,,,,,,,,,,,,
221,2025-05-16 05:53:21.100668,40.2576254,0.7819215,4.827917098999023,100.88203064487173,23.670000000000016,49.0,1011.0,,10.5,54.0,81.01050726534822,8.6003160199541,,181.89253791021997,0.7543781421524416,,,,,,,,,,,,,,,,
222,2025-05-16 05:53:26.100518,40.2574753,0.7816977,4.431408405303955,100.23163271134644,23.670000000000016,49.0,1011.0,,9.6,54.0,81.13515207037177,7.860459497393594,,181.3667847817182,0.6828987566691299,,,,,,,,,,,,,,,,
223,2025-05-16 05:53:31.100534,40.2573503,0.7814772,4.828701496124268,95.5054628245886,23.670000000000016,49.0,1011.0,,10.1,57.0,85.46299995706939,8.497199056720573,,180.968462781658,0.3819641041985602,,,,,,,,,,,,,,,,
224,2025-05-16 05:53:36.099789,40.2572187,0.7812453,4.8698835372924805,94.98648456088353,23.670000000000016,49.0,1011.0,,9.2,56.0,87.93738756084903,7.632090557297234,,182.92387212173256,0.17527491572174875,,,,,,,,,,,,,,,,
225,2025-05-16 05:53:41.099837,40.2570779,0.7810332,4.7104949951171875,96.57823282619832,23.670000000000016,49.0,1011.0,,9.0,55.0,86.49396408644566,7.3861926802342825,,183.07219691264396,0.28806414723088836,,,,,,,,,,,,,,,,
226,2025-05-16 05:53:46.100694,40.2569439,0.7808305,4.470788478851318,93.06424393219933,23.670000000000016,49.0,1011.0,,9.1,46.0,74.21399142367935,6.802554225128209,,167.27823535587868,1.2162568532299196,,,,,,,,,,,,,,,,
227,2025-05-16 05:53:51.099917,40.2567952,0.7805895,4.400237560272217,91.61543786583456,23.670000000000016,49.0,1011.0,,9.0,51.0,79.75897958466082,7.107547016254053,,171.3744174504954,0.7823152488106047,,,,,,,,,,,,,,,,
228,2025-05-16 05:53:56.100027,40.2566919,0.7804307,4.509551525115967,95.40797553456501,23.670000000000016,49.0,1011.0,,9.6,58.0,85.94130870987064,8.16173076096125,,181.34928424443564,0.31917838143006394,,,,,,,,,,,,,,,,
229,2025-05-16 05:54:01.102340,40.2565498,0.7802346,4.729264736175537,91.53583884124724,23.670000000000016,49.0,1011.0,,8.2,58.0,93.16006500325456,6.964584533147636,,184.6959038445018,-0.2607034667257866,,,,,,,,,,,,,,,,
230,2025-05-16 05:54:06.099831,40.2563674,0.7799766,4.779850006103516,95.58476815104163,23.670000000000016,49.0,1011.0,,8.6,52.0,85.65560011934072,6.7964204230938625,,181.24036827038236,0.362080554565251,,,,,,,,,,,,,,,,
231,2025-05-16 05:54:11.100022,40.256256,0.7798018,4.8098907470703125,94.32275409809837,23.670000000000016,49.0,1011.0,,9.6,53.0,82.80751291017712,7.727709258354593,,177.1302670082755,0.6022134314593669,,,,,,,,,,,,,,,,
232,2025-05-16 05:54:16.100040,40.2561246,0.7795764,4.660473823547363,87.12766890186685,23.670000000000016,49.0,1011.0,,9.4,56.0,85.6270120367065,7.815706183571614,,172.75468093857336,0.3553562826981744,,,,,,,,,,,,,,,,
233,2025-05-16 05:54:21.099996,40.2559996,0.7793673,4.350916862487793,91.2580345571353,23.670000000000016,49.0,1011.0,,9.6,57.0,83.77908641160316,8.098928178783545,,175.03712096873846,0.4714750299077404,,,,,,,,,,,,,,,,
234,2025-05-16 05:54:26.099982,40.2558766,0.7791862,4.310065746307373,87.56803851841426,23.670000000000016,49.0,1011.0,,8.4,53.0,83.66160267264314,6.749798501700501,,171.2296411910574,0.47583297837196437,,,,,,,,,,,,,,,,
235,2025-05-16 05:54:31.099627,40.2557618,0.7789995,4.389644622802734,85.1773561956939,23.670000000000016,49.0,1011.0,,9.2,48.0,75.51409259082159,7.061420640383383,,160.69144878651548,1.0980339095211171,,,,,,,,,,,,,,,,
236,2025-05-16 05:54:36.099819,40.2555778,0.7787251,4.73957633972168,88.48554465981124,23.670000000000016,49.0,1011.0,,9.4,54.0,84.10201602946879,7.645230282831118,,172.58756068928002,0.48702718995632494,,,,,,,,,,,,,,,,
237,2025-05-16 05:54:41.099608,40.2554411,0.7784835,4.789403915405273,96.87519579093212,23.670000000000016,49.0,1011.0,,8.8,54.0,86.91977146215164,7.12964995374607,,183.79496725308377,0.2573549680528966,,,,,,,,,,,,,,,,
238,2025-05-16 05:54:46.100277,40.2553353,0.7783407,4.680083751678467,88.60260727199609,23.670000000000016,49.0,1011.0,,9.3,56.0,86.13852638028573,7.72759270155979,,174.7411336522818,0.31517752709015356,,,,,,,,,,,,,,,,
239,2025-05-16 05:54:51.100170,40.2551791,0.7781472,4.749663352966309,91.06265699592709,23.670000000000016,49.0,1011.0,,8.5,56.0,89.97173493286203,7.046820224185941,,181.03439192878912,0.002343096633818718,,,,,,,,,,,,,,,,
240,2025-05-16 05:54:56.100575,40.255039,0.777871,4.779860019683838,89.3993215179214,23.670000000000016,49.0,1011.0,,8.4,52.0,86.61347255084608,6.630869515034822,,176.01279406876748,0.2823541964081479,,,,,,,,,,,,,,,,
241,2025-05-16 05:55:01.100134,40.2549429,0.7776955,4.988458156585693,85.29212386431763,23.670000000000016,49.0,1011.0,,9.1,51.0,84.03960999120281,7.110468002273127,,169.33173385552044,0.5180059882337347,,,,,,,,,,,,,,,,
242,2025-05-16 05:55:06.100127,40.2547738,0.77743,4.840536117553711,87.71935452928672,23.670000000000016,49.0,1011.0,,10.1,54.0,82.35976155720206,8.2442607852361,,170.0791160864888,0.6435612892473749,,,,,,,,,,,,,,,,
243,2025-05-16 05:55:11.102616,40.2546601,0.7772634,4.581104755401611,88.22071773512234,23.670000000000016,49.0,1011.0,,9.3,67.0,96.31451833297149,8.612948884498167,,184.5352360680938,-0.5038581665428729,,,,,,,,,,,,,,,,
244,2025-05-16 05:55:16.099820,40.2545008,0.7770485,4.549179553985596,91.32850161880232,23.670000000000016,49.0,1011.0,,9.4,60.0,88.93861074784999,8.142035790079529,,180.26711236665233,0.0842675354200353,,,,,,,,,,,,,,,,
245,2025-05-16 05:55:21.099581,40.2543607,0.7768642,4.758875370025635,81.8342449743503,23.670000000000016,49.0,1011.0,,9.3,55.0,85.68073070552448,7.63981214153624,,167.5149756798748,0.3584103609580139,,,,,,,,,,,,,,,,
246,2025-05-16 05:55:26.099573,40.2542111,0.776659,5.008360385894775,93.3309696494775,23.670000000000016,49.0,1011.0,,8.5,51.0,87.04609938634984,6.614529263168559,,180.37706903582733,0.25809311107735294,,,,,,,,,,,,,,,,
247,2025-05-16 05:55:31.099723,40.254116,0.7764797,4.84035587310791,97.95536971760214,23.670000000000016,49.0,1011.0,,9.2,52.0,83.51770440142872,7.296346019772892,,181.47307411903085,0.5464577584316791,,,,,,,,,,,,,,,,
248,2025-05-16 05:55:36.100233,40.2539708,0.776269,4.600760459899902,93.11280657719811,23.670000000000016,49.0,1011.0,,9.8,49.0,76.11273868748671,7.618853994306316,,169.22554526468483,1.1042387094331194,,,,,,,,,,,,,,,,
249,2025-05-16 05:55:41.100302,40.2538394,0.7759751,4.510515213012695,94.09717344038036,23.670000000000016,49.0,1011.0,,10.1,57.0,83.33152442753591,8.528269103135472,,177.42869786791627,0.5237802952536599,,,,,,,,,,,,,,,,
250,2025-05-16 05:55:46.100110,40.2537344,0.7758296,4.3504719734191895,99.4258138232575,23.670000000000016,49.0,1011.0,,10.0,55.0,80.40135718977011,8.3078301723331,,179.82717101302762,0.7254211500558969,,,,,,,,,,,,,,,,
251,2025-05-16 05:55:51.099340,40.253577,0.7756198,4.888147830963135,94.06420411725671,23.670000000000016,49.0,1011.0,,10.4,65.0,92.99359289580903,9.438480915736537,,187.05779701306574,-0.25528002106980935,,,,,,,,,,,,,,,,
252,2025-05-16 05:55:56.099939,40.2534051,0.7753788,4.820212364196777,94.5982361178925,23.670000000000016,49.0,1011.0,,10.2,63.0,91.19456309875,9.090242163247233,,185.7927992166425,-0.10048961235707103,,,,,,,,,,,,,,,,
253,2025-05-16 05:56:01.099878,40.2532798,0.7751734,4.471395015716553,97.84474797380462,23.670000000000016,49.0,1011.0,,9.9,59.0,85.77104164048467,8.509123779899134,,183.61578961428927,0.32973072533249387,,,,,,,,,,,,,,,,
254,2025-05-16 05:56:06.099463,40.2531626,0.7749767,4.6593403816223145,94.80982171800115,23.670000000000016,49.0,1011.0,,10.4,62.0,88.60782838963864,9.185366314588348,,183.4176501076398,0.11320141210408075,,,,,,,,,,,,,,,,
255,2025-05-16 05:56:11.100017,40.2530269,0.7747682,4.689891338348389,98.58009297003736,23.670000000000016,49.0,1011.0,,9.5,67.0,96.38097303191209,8.799308870481902,,194.96106600194946,-0.5212294225986377,,,,,,,,,,,,,,,,
256,2025-05-16 05:56:16.100209,40.2529059,0.7746015,5.098116874694824,94.95525010580906,23.670000000000016,49.0,1011.0,,9.1,59.0,93.01815217042451,7.811057123931378,,187.97340227623357,-0.26842775534950286,,,,,,,,,,,,,,,,
257,2025-05-16 05:56:21.100260,40.2527114,0.7742965,4.610924243927002,93.86274085749801,23.670000000000016,49.0,1011.0,,9.9,54.0,81.42194885753281,8.09987676677091,,175.28468971503082,0.6877495979690488,,,,,,,,,,,,,,,,
258,2025-05-16 05:56:26.100281,40.2526183,0.7741391,4.769193649291992,96.2831618238646,23.670000000000016,49.0,1011.0,,9.5,61.0,91.12732067854245,8.310495760576002,,187.41048250240704,-0.09383001302985387,,,,,,,,,,,,,,,,
259,2025-05-16 05:56:31.100694,40.2524969,0.7739172,4.969221591949463,96.56770067449816,23.670000000000016,49.0,1011.0,,9.2,57.0,89.69214752526095,7.71588060183523,,186.25984819975912,0.026699694408699792,,,,,,,,,,,,,,,,
260,2025-05-16 05:56:36.099878,40.2523492,0.7737261,4.739232063293457,94.12546408392255,23.670000000000016,49.0,1011.0,,9.4,55.0,85.15716995106222,7.727616579330564,,179.28263403498477,0.4000988784592565,,,,,,,,,,,,,,,,
261,2025-05-16 05:56:41.100071,40.2522339,0.7735104,4.670144557952881,95.02464482777638,23.670000000000016,49.0,1011.0,,9.3,53.0,82.88773402572774,7.484903172666655,,177.91237885350412,0.5782288764427574,,,,,,,,,,,,,,,,
262,2025-05-16 05:56:46.099454,40.2521004,0.7733113,4.889132022857666,98.28638117534847,23.670000000000016,49.0,1011.0,,9.5,54.0,84.83417614854594,7.717005743521696,,183.1205573238944,0.44021027347456004,,,,,,,,,,,,,,,,
263,2025-05-16 05:56:51.099787,40.2519363,0.7730517,4.820219039916992,96.95217885306735,23.670000000000016,49.0,1011.0,,10.6,60.0,87.00818885256521,9.19239847752795,,183.96036770563256,0.2515827968549621,,,,,,,,,,,,,,,,
264,2025-05-16 05:56:56.099843,40.251804,0.7728258,4.949554443359375,100.77547969381953,23.670000000000016,49.0,1011.0,,9.9,61.0,90.99206464595665,8.66003321635204,,191.76754433977618,-0.08569623574287374,,,,,,,,,,,,,,,,
265,2025-05-16 05:57:01.100373,40.2516768,0.7726264,4.740644931793213,95.71473299056862,23.670000000000016,49.0,1011.0,,8.9,59.0,91.17752120599245,7.630400342458145,,186.89225419656105,-0.09742108466114208,,,,,,,,,,,,,,,,
266,2025-05-16 05:57:06.099968,40.2515151,0.7724212,4.471238136291504,97.58592478539614,23.670000000000016,49.0,1011.0,,8.7,49.0,79.33520630464973,6.681382900270184,,176.9211310900459,0.8274598412929244,,,,,,,,,,,,,,,,
267,2025-05-16 05:57:11.100102,40.251387,0.7722542,4.818605422973633,95.95539470597403,23.670000000000016,49.0,1011.0,,8.9,49.0,81.36262671797445,6.793968165466133,,177.3180214239485,0.7236594361969012,,,,,,,,,,,,,,,,
268,2025-05-16 05:57:16.102512,40.2512536,0.7720398,4.431073188781738,96.77751725561178,23.670000000000016,49.0,1011.0,,9.4,50.0,77.38820223840072,7.378856108443477,,174.1657194940125,0.9674990755144233,,,,,,,,,,,,,,,,
269,2025-05-16 05:57:21.099906,40.2511186,0.7718417,4.758472442626953,104.18037680639507,23.670000000000016,49.0,1011.0,,9.4,54.0,84.24291527669041,7.643311677092225,,188.42329208308547,0.47732755956129314,,,,,,,,,,,,,,,,
270,2025-05-16 05:57:26.100064,40.2509925,0.7715954,5.0288615226745605,95.81732243190221,23.670000000000016,49.0,1011.0,,8.4,54.0,90.77110999745926,6.796358251414543,,186.5884324293615,-0.06767842878322052,,,,,,,,,,,,,,,,
271,2025-05-16 05:57:31.099667,40.2508409,0.7714268,4.701482772827148,102.8135466704488,23.670000000000016,49.0,1011.0,,10.7,51.0,76.26648214134319,8.56019428243564,,179.08002881179198,1.1161623763011468,,,,,,,,,,,,,,,,
272,2025-05-16 05:57:36.100133,40.2507105,0.7712337,4.553182601928711,95.77693552333993,23.670000000000016,49.0,1011.0,,10.4,50.0,75.01949941729632,8.247151089580957,,170.79643494063623,1.1769535254206027,,,,,,,,,,,,,,,,
273,2025-05-16 05:57:41.099959,40.2505357,0.7709423,4.689598560333252,94.31238587093829,23.670000000000016,49.0,1011.0,,10.8,53.0,78.14850248556358,8.813131336137406,,172.46088835650187,0.9631299448189964,,,,,,,,,,,,,,,,
274,2025-05-16 05:57:46.100301,40.2504055,0.7706905,5.027948379516602,95.34614866219806,23.670000000000016,49.0,1011.0,,10.3,56.0,85.10212793230482,8.570382022904194,,180.4482765945029,0.4292858273255566,,,,,,,,,,,,,,,,
275,2025-05-16 05:57:51.100022,40.2502526,0.7704779,4.502200603485107,94.28490118971816,23.670000000000016,49.0,1011.0,,9.9,52.0,78.46012917233563,7.962257673053429,,172.7450303620538,0.900664300429498,,,,,,,,,,,,,,,,
276,2025-05-16 05:57:56.099419,40.2501784,0.7703731,4.330256462097168,97.74515015532748,23.670000000000016,49.0,1011.0,,10.5,56.0,79.95939769548224,8.84028838146469,,177.70454785080972,0.7549629451564628,,,,,,,,,,,,,,,,
277,2025-05-16 05:58:01.099882,40.2500214,0.7701212,4.678659915924072,96.09703233879257,23.670000000000016,49.0,1011.0,,10.3,50.0,76.17247759298517,8.125745218543196,,172.26950993177775,1.1181993494564515,,,,,,,,,,,,,,,,
278,2025-05-16 05:58:06.100164,40.2498641,0.7699035,4.729957580566406,95.43138259285065,23.670000000000016,49.0,1011.0,,10.6,53.0,78.9755581402942,8.624699221410213,,174.40694073314484,0.9044990570521835,,,,,,,,,,,,,,,,
279,2025-05-16 05:58:11.100143,40.2497358,0.7697096,4.400995254516602,93.81529153333393,23.670000000000016,49.0,1011.0,,11.3,53.0,75.11032245413577,9.338133477945531,,168.92561398746972,1.1308739571819648,,,,,,,,,,,,,,,,
280,2025-05-16 05:58:16.099921,40.2496054,0.7695257,4.87764835357666,95.10334226739327,23.670000000000016,49.0,1011.0,,11.5,49.0,72.91826191965302,9.079695638139098,,168.0216041870463,1.4327393061680385,,,,,,,,,,,,,,,,
281,2025-05-16 05:58:21.099818,40.249466,0.7693047,4.710809707641602,93.99202950829718,23.670000000000016,49.0,1011.0,,10.8,58.0,83.69280470743433,9.214694444990736,,177.6848342157315,0.5175254719938871,,,,,,,,,,,,,,,,
282,2025-05-16 05:58:26.099898,40.2493555,0.769133,4.749842643737793,94.42824636982921,23.670000000000016,49.0,1011.0,,10.9,55.0,80.45020098961352,9.054232862784174,,174.87844735944273,0.7880215995362146,,,,,,,,,,,,,,,,
283,2025-05-16 05:58:31.099946,40.2491964,0.7688683,4.769784450531006,94.008654188737,23.670000000000016,49.0,1011.0,,10.2,55.0,82.6301825221074,8.424950443275256,,176.6388367108444,0.6118354281868538,,,,,,,,,,,,,,,,
284,2025-05-16 05:58:36.099927,40.2490681,0.7686564,4.9782795906066895,95.7371496714246,23.670000000000016,49.0,1011.0,,9.9,53.0,82.9365136563296,7.966956723247597,,178.67366332775418,0.6121743362296447,,,,,,,,,,,,,,,,
285,2025-05-16 05:58:41.099948,40.2489236,0.7684076,5.828898906707764,94.29597292636275,23.670000000000016,49.0,1011.0,,10.9,53.0,85.20068689072754,8.73575582190282,,179.4966598170903,0.4876800547760771,,,,,,,,,,,,,,,,
286,2025-05-16 05:58:46.100100,40.2488213,0.7682211,4.652074813842773,228.0184326171875,23.670000000000016,49.0,1011.0,,10.5,57.0,83.09367090142509,8.870404037448374,,311.11210351861257,0.5593957218257675,,,,,,,,,,,,,,,,
287,2025-05-16 05:58:51.100118,40.2487219,0.7680749,4.530384063720703,93.25203315323965,23.670000000000016,49.0,1011.0,,11.0,58.0,82.07416548313714,9.418500325981778,,175.32619863637677,0.6246998692671382,,,,,,,,,,,,,,,,
288,2025-05-16 05:58:56.100047,40.2485392,0.7678603,4.89863395690918,92.47858253162741,23.670000000000016,49.0,1011.0,,9.7,60.0,90.33170729288811,8.400587197438321,,182.8102898245155,-0.028359916655209157,,,,,,,,,,,,,,,,
289,2025-05-16 05:59:01.100112,40.2483472,0.7675996,4.900476455688477,96.8799632629728,23.670000000000016,49.0,1011.0,,10.6,50.0,76.74298542763052,8.342385743327943,,173.62294869060332,1.1237750922604735,,,,,,,,,,,,,,,,
290,2025-05-16 05:59:06.100266,40.2482364,0.7674136,4.70091438293457,96.87965590446015,23.670000000000016,49.0,1011.0,,10.1,51.0,78.09202466718197,8.021801183333158,,174.97168057164214,0.9699884965814712,,,,,,,,,,,,,,,,
291,2025-05-16 05:59:11.100231,40.2481117,0.7671666,4.997132301330566,96.5132777271915,23.670000000000016,49.0,1011.0,,10.0,54.0,83.787075548409,8.137967671812923,,180.30035327560051,0.5408076862982645,,,,,,,,,,,,,,,,
292,2025-05-16 05:59:16.099870,40.2479945,0.7670132,4.97983455657959,92.61877216434192,23.670000000000016,49.0,1011.0,,10.0,53.0,82.5924563679173,8.053568602282962,,175.2112285322592,0.6420309472800898,,,,,,,,,,,,,,,,
293,2025-05-16 05:59:21.099952,40.247828,0.7667317,4.8604230880737305,99.66446063285775,23.670000000000016,49.0,1011.0,,10.0,55.0,83.90055130636705,8.238156924626201,,183.5650119392248,0.51644184299993,,,,,,,,,,,,,,,,
294,2025-05-16 05:59:26.099910,40.2477291,0.766547,4.541378498077393,93.5368930227642,23.670000000000016,49.0,1011.0,,10.2,56.0,82.17315838261527,8.535700524829203,,175.7100514053795,0.618443551113342,,,,,,,,,,,,,,,,
295,2025-05-16 05:59:31.099822,40.2476146,0.7664008,4.679172992706299,101.27357806923189,23.670000000000016,49.0,1011.0,,9.5,57.0,86.44560604136517,7.982726031298409,,187.71918411059704,0.2900904525221093,,,,,,,,,,,,,,,,
296,2025-05-16 05:59:36.102568,40.2474725,0.7661635,4.709752559661865,101.22884716035747,23.670000000000016,49.0,1011.0,,9.6,53.0,82.07213128725427,7.740884454321848,,183.30097844761173,0.6495988120570576,,,,,,,,,,,,,,,,
297,2025-05-16 05:59:41.100355,40.2473444,0.7659847,5.0478973388671875,97.34554310774672,23.670000000000016,49.0,1011.0,,9.6,53.0,84.5645126490499,7.701530940640286,,181.91005575679662,0.47816165924573784,,,,,,,,,,,,,,,,
298,2025-05-16 05:59:46.099859,40.2471998,0.7657168,4.431231498718262,99.88859329047172,23.670000000000016,49.0,1011.0,,10.7,53.0,76.77532008280775,8.778193691960668,,176.66391337327946,1.013733778025912,,,,,,,,,,,,,,,,
299,2025-05-16 05:59:51.101253,40.2471065,0.7655219,4.161249160766602,100.52205918504455,23.670000000000016,49.0,1011.0,,9.9,55.0,79.40350735633008,8.250300854080123,,179.92556654137462,0.7652170182945301,,,,,,,,,,,,,,,,
300,2025-05-16 05:59:56.100392,40.2469214,0.7652787,4.519772529602051,95.36398911631014,23.670000000000016,49.0,1011.0,,9.8,57.0,84.31844662316766,8.259546631550155,,179.6824357394778,0.44745468798908794,,,,,,,,,,,,,,,,
301,2025-05-16 06:00:01.100080,40.2468181,0.7651027,4.609543323516846,100.49574246617249,23.670000000000016,49.0,1011.0,,10.4,56.0,82.0370104689606,8.705935459475096,,182.5327529351331,0.6385757266310934,,,,,,,,,,,,,,,,
302,2025-05-16 06:00:06.099780,40.2466603,0.7648387,4.611754417419434,101.75259289610322,23.670000000000016,49.0,1011.0,,10.5,62.0,88.03735569376876,9.276391549651422,,189.78994858987198,0.15794293477608606,,,,,,,,,,,,,,,,
303,2025-05-16 06:00:11.099792,40.246558,0.7646626,4.8944993019104,97.89834446822171,23.670000000000016,49.0,1011.0,,9.8,54.0,83.76786163892892,7.975499926577276,,181.66620610715063,0.5313320533376076,,,,,,,,,,,,,,,,
304,2025-05-16 06:00:16.099699,40.2463871,0.7644103,4.989241123199463,99.13005980200678,23.670000000000016,49.0,1011.0,,9.1,56.0,89.24502817851409,7.544896898109947,,188.37508798052087,0.0657400508491221,,,,,,,,,,,,,,,,
305,2025-05-16 06:00:21.099932,40.2462392,0.7641995,4.790602684020996,101.40195147468228,23.670000000000016,49.0,1011.0,,9.1,53.0,84.60839887887663,7.299879640759524,,186.01035035355892,0.45013640482376716,,,,,,,,,,,,,,,,
306,2025-05-16 06:00:26.100178,40.246083,0.7639946,5.008967399597168,100.07678549267308,23.670000000000016,49.0,1011.0,,8.7,53.0,88.13022983760983,6.95183030152099,,188.2070153302829,0.16343185535830743,,,,,,,,,,,,,,,,
307,2025-05-16 06:00:31.102035,40.2459887,0.7638397,4.392307758331299,99.04041356915036,23.670000000000016,49.0,1011.0,,9.2,60.0,88.50677206780408,7.97014027901952,,187.54718563695445,0.11445824194939923,,,,,,,,,,,,,,,,
308,2025-05-16 06:00:36.100049,40.2458168,0.7635931,4.7187652587890625,98.6942869027708,23.670000000000016,49.0,1011.0,,9.1,56.0,87.19306619168275,7.5533042261594465,,185.88735309445354,0.2310809676801662,,,,,,,,,,,,,,,,
309,2025-05-16 06:00:41.099977,40.2457308,0.7634169,4.530635356903076,102.58242672931392,23.670000000000016,49.0,1011.0,,10.7,53.0,77.40854325967764,8.755987785622285,,179.99096998899157,0.9876681868614482,,,,,,,,,,,,,,,,
310,2025-05-16 06:00:46.099803,40.2456094,0.7632121,5.066930770874023,98.09418648229348,23.670000000000016,49.0,1011.0,,10.6,58.0,86.49743658191328,9.006132679744425,,184.59162306420677,0.3095549952617248,,,,,,,,,,,,,,,,
311,2025-05-16 06:00:51.099819,40.2454623,0.7629848,5.159422874450684,99.46013552383681,23.670000000000016,49.0,1011.0,,10.5,67.0,96.23959303898019,9.722898479032255,,195.699728562817,-0.5607586695720602,,,,,,,,,,,,,,,,
312,2025-05-16 06:00:56.100179,40.2452988,0.7627678,4.66087007522583,98.09262919916272,23.670000000000016,49.0,1011.0,,10.7,70.0,95.68680238250177,10.104440845663008,,193.77943158166448,-0.46184815192642287,,,,,,,,,,,,,,,,
313,2025-05-16 06:01:01.100237,40.2452197,0.7626052,4.838992118835449,97.61900339154651,23.670000000000016,49.0,1011.0,,9.8,61.0,90.58727648601055,8.57172340131213,,188.20627987755705,-0.0495983570015474,,,,,,,,,,,,,,,,
314,2025-05-16 06:01:06.100161,40.2450952,0.7623903,4.481134414672852,98.92272940975104,23.670000000000016,49.0,1011.0,,9.2,53.0,81.82459619787518,7.4228827170117535,,180.74732560762624,0.6372353496466954,,,,,,,,,,,,,,,,
315,2025-05-16 06:01:11.100157,40.2449283,0.762194,4.649547100067139,100.72130946351216,23.670000000000016,49.0,1011.0,,8.9,54.0,85.38084211727679,7.223713823521658,,186.10215158078893,0.3744383077929101,,,,,,,,,,,,,,,,
316,2025-05-16 06:01:16.101813,40.2448005,0.7619969,4.450547695159912,101.66722236166723,23.670000000000016,49.0,1011.0,,9.4,55.0,83.03206493009948,7.757323262250307,,184.69928729176672,0.5399131075805595,,,,,,,,,,,,,,,,
317,2025-05-16 06:01:21.100188,40.2446821,0.7617863,4.738982200622559,99.47197907185762,23.670000000000016,49.0,1011.0,,10.6,60.0,86.50277990599074,9.196996301576853,,185.97475897784835,0.28907844238518393,,,,,,,,,,,,,,,,
318,2025-05-16 06:01:26.100453,40.2445579,0.7615588,4.586593151092529,98.73434596225292,23.670000000000016,49.0,1011.0,,9.6,59.0,87.51045965444557,8.236580035458264,,186.2448056166985,0.19922786955950822,,,,,,,,,,,,,,,,
319,2025-05-16 06:01:31.099823,40.2444274,0.7613406,4.619909763336182,100.90582702394006,23.670000000000016,49.0,1011.0,,9.7,56.0,84.28873702043056,8.081782203654862,,185.19456404437062,0.45975194604711855,,,,,,,,,,,,,,,,
320,2025-05-16 06:01:36.099814,40.2442769,0.7611179,4.91448974609375,100.00639356308693,23.670000000000016,49.0,1011.0,,10.2,60.0,88.79691610145709,8.835406841470535,,188.80330966454403,0.10318576800995052,,,,,,,,,,,,,,,,
321,2025-05-16 06:01:41.099840,40.2440899,0.7608471,4.719243049621582,94.29188847323908,23.670000000000016,49.0,1011.0,,10.3,54.0,80.89842650281722,8.439128198483797,,175.1903149760563,0.7465143313273602,,,,,,,,,,,,,,,,
322,2025-05-16 06:01:46.100431,40.2439692,0.7606816,4.789697647094727,102.34932603331973,23.670000000000016,49.0,1011.0,,11.5,53.0,76.93598879449489,9.428331111172294,,179.2853148278146,1.0826607947256022,,,,,,,,,,,,,,,,
323,2025-05-16 06:01:51.100792,40.2438098,0.7604313,4.570531368255615,96.87613835703759,23.670000000000016,49.0,1011.0,,11.1,57.0,80.99686210408879,9.425365964425344,,177.87300046112637,0.7152358592404938,,,,,,,,,,,,,,,,
324,2025-05-16 06:01:56.103360,40.2436952,0.7602542,4.749327182769775,93.29988545856477,23.670000000000016,49.0,1011.0,,10.9,65.0,90.82809905076596,9.87978675900647,,184.12798450933073,-0.06863989707060439,,,,,,,,,,,,,,,,
325,2025-05-16 06:02:01.099906,40.2435903,0.7601116,4.829533100128174,95.971664216577,23.670000000000016,49.0,1011.0,,11.5,65.0,89.83191017385327,10.422584403013525,,185.80357439043027,0.014168481894957197,,,,,,,,,,,,,,,,
326,2025-05-16 06:02:06.099892,40.2434217,0.7598715,4.879477500915527,95.17320827241333,23.670000000000016,49.0,1011.0,,11.2,63.0,88.82192228879072,9.981382903681737,,183.99513056120406,0.10032150191384542,,,,,,,,,,,,,,,,
327,2025-05-16 06:02:11.100006,40.2432867,0.7596593,4.640638828277588,93.96229769484012,23.670000000000016,49.0,1011.0,,10.2,59.0,85.99105295536603,8.76455205300027,,179.95335065020615,0.3244374921468119,,,,,,,,,,,,,,,,
328,2025-05-16 06:02:16.100121,40.2431529,0.7594499,4.719820976257324,95.84064069772865,23.670000000000016,49.0,1011.0,,10.0,60.0,88.14699681406215,8.664785068617997,,183.9876375117908,0.15261715355842093,,,,,,,,,,,,,,,,
329,2025-05-16 06:02:21.099796,40.2430204,0.7592675,4.998295783996582,95.9375679122403,23.670000000000016,49.0,1011.0,,10.2,58.0,87.30692104287894,8.659654668004947,,183.24448895511924,0.23484887345508862,,,,,,,,,,,,,,,,
330,2025-05-16 06:02:26.099924,40.242877,0.7589844,4.67071008682251,97.16617550995302,23.670000000000016,49.0,1011.0,,9.5,57.0,86.38498463646552,7.9832551668619605,,183.55116014641854,0.29449792893658555,,,,,,,,,,,,,,,,
331,2025-05-16 06:02:31.100205,40.2427857,0.758817,4.560341835021973,99.23178180931578,23.670000000000016,49.0,1011.0,,10.4,53.0,78.44239281150683,8.477705310408679,,177.6741746208226,0.9136785515885147,,,,,,,,,,,,,,,,
332,2025-05-16 06:02:36.099736,40.2426339,0.7585494,4.859445571899414,94.35089447747882,23.670000000000016,49.0,1011.0,,9.9,63.0,92.36908135256144,8.828510475618563,,186.71997583004026,-0.20087241750206106,,,,,,,,,,,,,,,,
333,2025-05-16 06:02:41.100251,40.242463,0.7583208,4.810239315032959,97.1542909807972,23.670000000000016,49.0,1011.0,,10.1,59.0,87.40980465287342,8.666243883893982,,184.5640956336706,0.21738452826049684,,,,,,,,,,,,,,,,
334,2025-05-16 06:02:46.099926,40.2423185,0.7581079,4.899792671203613,93.99612762179919,23.670000000000016,49.0,1011.0,,10.0,56.0,85.22763002678325,8.319217656515542,,179.22375764858242,0.4076494715478019,,,,,,,,,,,,,,,,
335,2025-05-16 06:02:51.102244,40.2421797,0.7578873,4.650787353515625,96.3827869630984,23.670000000000016,49.0,1011.0,,10.0,62.0,89.71494526115747,8.829585203554247,,186.09773222425588,0.023138240140122855,,,,,,,,,,,,,,,,
336,2025-05-16 06:02:56.100088,40.2420708,0.7577202,4.371274948120117,95.2760299401787,23.670000000000016,49.0,1011.0,,10.2,60.0,85.28400634520139,8.863466601800749,,180.56003628538008,0.3593918391595107,,,,,,,,,,,,,,,,
337,2025-05-16 06:03:01.100162,40.2419174,0.7574988,4.4098005294799805,97.10623376979699,23.670000000000016,49.0,1011.0,,8.8,52.0,81.72923151513713,7.007376187423027,,178.83546528493412,0.6343557146319155,,,,,,,,,,,,,,,,
338,2025-05-16 06:03:06.101603,40.2417887,0.7573074,4.708803176879883,95.06688271760375,23.670000000000016,49.0,1011.0,,10.8,51.0,76.03083327669299,8.648962761796213,,171.09771599429672,1.1367036908356891,,,,,,,,,,,,,,,,
339,2025-05-16 06:03:11.099795,40.241682,0.7571388,4.650187015533447,99.16514648377314,23.670000000000016,49.0,1011.0,,11.1,57.0,81.47573666819385,9.413229546363455,,180.640883151967,0.6892889504138058,,,,,,,,,,,,,,,,
340,2025-05-16 06:03:16.100135,40.24155,0.7569198,4.790133476257324,100.56365503708993,23.670000000000016,49.0,1011.0,,11.7,62.0,86.10871235585067,10.354357672620502,,186.6723673929406,0.32507561936384766,,,,,,,,,,,,,,,,
341,2025-05-16 06:03:21.099856,40.2413863,0.7565996,4.650500774383545,95.88956534275344,23.670000000000016,49.0,1011.0,,11.2,61.0,85.45102574404979,9.826695738158186,,181.34059108680322,0.36883676925975745,,,,,,,,,,,,,,,,
342,2025-05-16 06:03:26.099581,40.2412758,0.7564369,4.470742702484131,96.01546621972429,23.670000000000016,49.0,1011.0,,10.8,58.0,82.21369716793463,9.244148113737996,,178.2291633876589,0.6056904974735977,,,,,,,,,,,,,,,,
343,2025-05-16 06:03:31.099423,40.2411625,0.7562433,4.7190728187561035,98.18877777210898,23.670000000000016,49.0,1011.0,,10.8,66.0,91.8943064185142,9.871685762590433,,190.0830841906232,-0.155993015687584,,,,,,,,,,,,,,,,
344,2025-05-16 06:03:36.100131,40.2410474,0.7560655,4.729753494262695,97.18047792607503,23.670000000000016,49.0,1011.0,,9.6,62.0,91.50585543985223,8.479225238030551,,188.68633336592725,-0.12429371166427768,,,,,,,,,,,,,,,,
345,2025-05-16 06:03:41.100062,40.2409374,0.7558875,4.889377593994141,94.87198326963743,23.670000000000016,49.0,1011.0,,11.2,62.0,87.86476191552826,9.895884067548002,,182.7367451851657,0.18216994259367197,,,,,,,,,,,,,,,,
346,2025-05-16 06:03:46.101258,40.2407908,0.755649,4.959833145141602,97.83157936908482,23.670000000000016,49.0,1011.0,,10.4,68.0,96.29623855212763,9.70122837070948,,194.12781792121245,-0.5439402272071175,,,,,,,,,,,,,,,,
347,2025-05-16 06:03:51.100540,40.2406403,0.7554044,4.760776042938232,97.31214348270535,23.670000000000016,49.0,1011.0,,9.4,63.0,93.37049070369437,8.389973965826158,,190.68263418639972,-0.27989667771232846,,,,,,,,,,,,,,,,
348,2025-05-16 06:03:56.100017,40.2404589,0.7551482,4.750059127807617,96.10243501842606,23.670000000000016,49.0,1011.0,,9.8,65.0,93.91861214986123,8.90262948657195,,190.02104716828728,-0.32461608682955606,,,,,,,,,,,,,,,,
349,2025-05-16 06:04:01.099973,40.2403446,0.7549811,4.680292129516602,96.30210876862222,23.670000000000016,49.0,1011.0,,9.8,65.0,93.47042267726236,8.89813388879946,,189.77253144588457,-0.28331339939506756,,,,,,,,,,,,,,,,
350,2025-05-16 06:04:06.099893,40.2402173,0.7547688,4.729772567749023,97.03186667011389,23.670000000000016,49.0,1011.0,,9.4,66.0,96.02562792098946,8.635035517490833,,193.05749459110336,-0.49649980672291355,,,,,,,,,,,,,,,,
351,2025-05-16 06:04:11.100313,40.2400753,0.7544927,4.869373321533203,92.39101950646786,23.670000000000016,49.0,1011.0,,8.6,57.0,91.4730876473105,7.214951351784279,,183.86410715377838,-0.12517891424357325,,,,,,,,,,,,,,,,
352,2025-05-16 06:04:16.099897,40.239928,0.7543162,4.630729675292969,91.68045443654391,23.670000000000016,49.0,1011.0,,8.9,50.0,80.9160099898539,6.904390675063694,,172.5964644263978,0.7311095616965109,,,,,,,,,,,,,,,,
353,2025-05-16 06:04:21.100157,40.2397945,0.7541621,4.739600658416748,97.27279476289691,23.670000000000016,49.0,1011.0,,10.3,54.0,81.03495208240204,8.435931875290331,,178.30774684529894,0.7385810588807789,,,,,,,,,,,,,,,,
354,2025-05-16 06:04:26.099962,40.239645,0.753914,4.729942321777344,96.04555320301819,23.670000000000016,49.0,1011.0,,9.8,54.0,82.59546503644847,7.995037441126809,,178.64101823946666,0.6095669982419958,,,,,,,,,,,,,,,,
355,2025-05-16 06:04:31.099823,40.2395532,0.7537274,4.570642471313477,98.1442449387205,23.670000000000016,49.0,1011.0,,9.4,62.0,91.08790462228846,8.301203727077429,,189.23214956100895,-0.08677993977663888,,,,,,,,,,,,,,,,
356,2025-05-16 06:04:36.099785,40.2393943,0.7534808,5.0967488288879395,95.39081809936994,23.670000000000016,49.0,1011.0,,9.9,60.0,90.98059357732008,8.57490730088553,,186.37141167669,-0.08722449065986279,,,,,,,,,,,,,,,,
357,2025-05-16 06:04:41.100105,40.2392459,0.7532517,4.651233673095703,91.2096358366766,23.670000000000016,49.0,1011.0,,9.6,57.0,85.89871719904771,8.071908140602806,,177.1083530357243,0.332655190965154,,,,,,,,,,,,,,,,
358,2025-05-16 06:04:46.099646,40.2391251,0.7530646,4.809462070465088,95.9732351600861,23.670000000000016,49.0,1011.0,,10.1,61.0,89.4349832388915,8.834088584105393,,185.40821839897762,0.04742727407353101,,,,,,,,,,,,,,,,
359,2025-05-16 06:04:51.099965,40.2389749,0.7528135,4.760058403015137,97.25507042200073,23.670000000000016,49.0,1011.0,,9.8,54.0,82.80959264462034,7.991212064824029,,180.06466306662105,0.5958028430262649,,,,,,,,,,,,,,,,
360,2025-05-16 06:04:56.102865,40.2388801,0.7526565,4.670251846313477,93.42797199607001,23.670000000000016,49.0,1011.0,,11.1,60.0,84.7709921996048,9.653054273851092,,178.19896419567482,0.42563165216787047,,,,,,,,,,,,,,,,
361,2025-05-16 06:05:01.100096,40.2387456,0.7524436,4.719804763793945,93.67671382526355,23.670000000000016,49.0,1011.0,,11.0,60.0,85.3179676283589,9.558174752880312,,178.99468145362243,0.3852586176482084,,,,,,,,,,,,,,,,
362,2025-05-16 06:05:06.100038,40.23861,0.7522153,4.690157890319824,94.4411622575497,23.670000000000016,49.0,1011.0,,10.4,63.0,89.80620098341952,9.266520859894982,,184.2473632409692,0.015864104848363557,,,,,,,,,,,,,,,,
363,2025-05-16 06:05:11.099796,40.2384545,0.7520051,4.977562427520752,95.4577471230469,23.670000000000016,49.0,1011.0,,11.2,65.0,91.37834570799212,10.153585131833701,,186.83609283103902,-0.1197320314790924,,,,,,,,,,,,,,,,
364,2025-05-16 06:05:16.100155,40.2382743,0.7517992,5.049715042114258,95.00399033572627,23.670000000000016,49.0,1011.0,,11.1,69.0,95.90517247222202,10.418025640302336,,190.9091628079483,-0.5195264737435294,,,,,,,,,,,,,,,,
365,2025-05-16 06:05:21.100389,40.2381398,0.7515363,4.830221176147461,90.1446522507207,23.670000000000016,49.0,1011.0,,9.4,68.0,98.54098773099665,8.81326851094154,,188.68563998171734,-0.7173694095873082,,,,,,,,,,,,,,,,
366,2025-05-16 06:05:26.099925,40.2380081,0.7513238,5.098361492156982,94.33623689151997,23.670000000000016,49.0,1011.0,,9.0,58.0,92.4688967230011,7.639524228102951,,186.80513361452108,-0.21962233748386356,,,,,,,,,,,,,,,,
367,2025-05-16 06:05:31.100770,40.237905,0.7510746,4.840673923492432,90.3236783390559,23.670000000000016,49.0,1011.0,,9.7,57.0,86.88775860495713,8.14712075079418,,177.21143694401303,0.2628106032417533,,,,,,,,,,,,,,,,
368,2025-05-16 06:05:36.100467,40.237905,0.7510746,4.840673923492432,90.3236783390559,23.670000000000016,49.0,1011.0,,9.8,57.0,86.54101458246333,8.233971856468692,,176.86469292151924,0.2920573155422824,,,,,,,,,,,,,,,,
369,2025-05-16 06:05:41.100218,40.237905,0.7510746,4.840673923492432,90.3236783390559,23.670000000000016,49.0,1011.0,,9.5,53.0,83.4095490401821,7.637506696308386,,173.733227379238,0.5555718487531316,,,,,,,,,,,,,,,,
370,2025-05-16 06:05:46.100356,40.237905,0.7510746,4.840673923492432,90.3236783390559,23.670000000000016,49.0,1011.0,,10.5,51.0,77.78035598296741,8.349197152874188,,168.10403432202332,1.0245765284730581,,,,,,,,,,,,,,,,
371,2025-05-16 06:05:51.100820,40.237905,0.7510746,4.840673923492432,90.3236783390559,23.670000000000016,49.0,1011.0,,11.2,53.0,78.00983136350182,9.144214649296343,,168.3335097025577,1.005620226523759,,,,,,,,,,,,,,,,
372,2025-05-16 06:05:56.100610,40.237905,0.7510746,4.840673923492432,90.3236783390559,23.670000000000016,49.0,1011.0,,10.9,52.0,77.71743545899164,8.79052930366936,,168.04111379804755,1.0297713540522226,,,,,,,,,,,,,,,,
373,2025-05-16 06:06:01.100284,40.237905,0.7510746,4.840673923492432,90.3236783390559,23.670000000000016,49.0,1011.0,,11.1,57.0,82.62566607142207,9.386884499096803,,172.94934441047798,0.6213070677581514,,,,,,,,,,,,,,,,
374,2025-05-16 06:06:06.100807,40.237905,0.7510746,4.840673923492432,90.3236783390559,23.670000000000016,49.0,1011.0,,11.3,58.0,83.17219475953233,9.651391827542922,,173.49587309858822,0.5754875543420014,,,,,,,,,,,,,,,,
375,2025-05-16 06:06:11.100368,40.237905,0.7510746,4.840673923492432,90.3236783390559,23.670000000000016,49.0,1011.0,,10.6,63.0,90.17213323319686,9.444711779255423,,180.49581157225276,-0.014542774475612735,,,,,,,,,,,,,,,,
376,2025-05-16 06:06:16.100157,40.237905,0.7510746,4.840673923492432,90.3236783390559,23.670000000000016,49.0,1011.0,,10.5,67.0,94.36636479941836,9.693435013105978,,184.69004313847427,-0.3685384168371869,,,,,,,,,,,,,,,,
377,2025-05-16 06:06:21.099880,40.237905,0.7510746,4.840673923492432,90.3236783390559,23.670000000000016,49.0,1011.0,,10.0,69.0,97.66832057046398,9.42004651081893,,187.99199890951988,-0.645931009236259,,,,,,,,,,,,,,,,
378,2025-05-16 06:06:26.101391,40.237905,0.7510746,4.840673923492432,90.3236783390559,23.670000000000016,49.0,1011.0,,10.0,59.0,87.93072155792021,8.577266257795824,,178.2543998969761,0.17478643073324265,,,,,,,,,,,,,,,,
379,2025-05-16 06:06:31.100631,40.237905,0.7510746,4.840673923492432,90.3236783390559,23.670000000000016,49.0,1011.0,,10.9,61.0,87.33496572032895,9.543676900756484,,177.65864405938487,0.22507610143669976,,,,,,,,,,,,,,,,
380,2025-05-16 06:06:36.100245,40.237905,0.7510746,4.840673923492432,90.3236783390559,23.670000000000016,49.0,1011.0,,10.7,63.0,89.89768720971706,9.53378500903422,,180.22136554877295,0.00864396290552782,,,,,,,,,,,,,,,,
381,2025-05-16 06:06:41.099720,40.237905,0.7510746,4.840673923492432,90.3236783390559,23.670000000000016,49.0,1011.0,,10.2,56.0,84.17219711174494,8.500115629243473,,174.49587545080084,0.4915174463723679,,,,,,,,,,,,,,,,
382,2025-05-16 06:06:46.101482,40.237905,0.7510746,4.840673923492432,90.3236783390559,23.670000000000016,49.0,1011.0,,10.2,63.0,91.32349797160812,9.090691754321456,,181.647176310664,-0.11180670627740977,,,,,,,,,,,,,,,,
383,2025-05-16 06:06:51.101221,40.237905,0.7510746,4.840673923492432,90.3236783390559,23.670000000000016,49.0,1011.0,,9.7,65.0,94.81980506726948,8.822382578935324,,185.1434834063254,-0.4067245065871528,,,,,,,,,,,,,,,,
384,2025-05-16 06:06:56.101212,40.237905,0.7510746,4.840673923492432,90.3236783390559,23.670000000000016,49.0,1011.0,,8.8,61.0,94.26768708340659,7.7180535752020205,,184.5913654224625,-0.3602252154049575,,,,,,,,,,,,,,,,
385,2025-05-16 06:07:01.101202,40.237905,0.7510746,4.840673923492432,90.3236783390559,23.670000000000016,49.0,1011.0,,8.8,56.0,89.36998551264698,7.295971705496205,,179.69366385170287,0.053226141107024706,,,,,,,,,,,,,,,,
386,2025-05-16 06:07:06.100397,40.237905,0.7510746,4.840673923492432,90.3236783390559,23.670000000000016,49.0,1011.0,,9.2,59.0,90.74339698549274,7.886602986282454,,181.06707532454863,-0.06280465103555986,,,,,,,,,,,,,,,,
387,2025-05-16 06:07:11.101577,40.237905,0.7510746,4.840673923492432,90.3236783390559,23.670000000000016,49.0,1011.0,,8.3,59.0,94.54750360332507,7.136956154070196,,184.87118194238099,-0.38379577094471823,,,,,,,,,,,,,,,,
388,2025-05-16 06:07:16.103892,40.237905,0.7510746,4.840673923492432,90.3236783390559,23.670000000000016,49.0,1011.0,,8.6,56.0,90.25406197543418,7.12979321788608,,180.5777403144901,-0.021464532984359897,,,,,,,,,,,,,,,,
389,2025-05-16 06:07:21.100652,40.237905,0.7510746,4.840673923492432,90.3236783390559,23.670000000000016,49.0,1011.0,,11.0,57.0,82.89220796384686,9.296821209116937,,173.21588630290276,0.5989677074359775,,,,,,,,,,,,,,,,
390,2025-05-16 06:07:26.102231,40.237905,0.7510746,4.840673923492432,90.3236783390559,23.670000000000016,49.0,1011.0,,10.4,57.0,84.60596487711149,8.760969613216478,,174.9296432161674,0.4550459455246653,,,,,,,,,,,,,,,,
391,2025-05-16 06:07:31.101817,40.237905,0.7510746,4.840673923492432,90.3236783390559,23.670000000000016,49.0,1011.0,,10.7,62.0,88.89230213293503,9.449305093237443,,179.21598047199092,0.09357879779979486,,,,,,,,,,,,,,,,
392,2025-05-16 06:07:36.102251,40.237905,0.7510746,4.840673923492432,90.3236783390559,23.670000000000016,49.0,1011.0,,9.5,61.0,91.61994250958617,8.312209308509386,,181.94362084864207,-0.13684374019075732,,,,,,,,,,,,,,,,
393,2025-05-16 06:07:41.100587,40.237905,0.7510746,4.840673923492432,90.3236783390559,23.670000000000016,49.0,1011.0,,9.7,60.0,89.9363909276646,8.400451593557515,,180.2600692667205,0.005374055770204697,,,,,,,,,,,,,,,,
394,2025-05-16 06:07:46.100638,40.237905,0.7510746,4.840673923492432,90.3236783390559,23.670000000000016,49.0,1011.0,,9.8,56.0,85.50000599178803,8.149690921460488,,175.82368433084395,0.37979439409068794,,,,,,,,,,,,,,,,
395,2025-05-16 06:07:51.102280,40.237905,0.7510746,4.840673923492432,90.3236783390559,23.670000000000016,49.0,1011.0,,9.3,60.0,91.35618594146383,8.056292977858986,,181.67986428051972,-0.1145676171256988,,,,,,,,,,,,,,,,
396,2025-05-16 06:07:56.100383,40.237905,0.7510746,4.840673923492432,90.3236783390559,23.670000000000016,49.0,1011.0,,9.4,58.0,88.98978651799035,7.972891344530927,,179.31346485704626,0.0853441691299179,,,,,,,,,,,,,,,,
397,2025-05-16 06:08:01.102394,40.237905,0.7510746,4.840673923492432,90.3236783390559,23.670000000000016,49.0,1011.0,,9.9,61.0,90.2716876763159,8.6588324478074,,180.5953660153718,-0.022953636946894215,,,,,,,,,,,,,,,,
398,2025-05-16 06:08:06.102330,40.237905,0.7510746,4.840673923492432,90.3236783390559,23.670000000000016,49.0,1011.0,,9.8,63.0,92.56762104004729,8.740639138585358,,182.8912993791032,-0.21685465584633132,,,,,,,,,,,,,,,,
399,2025-05-16 06:08:11.100395,40.237905,0.7510746,4.840673923492432,90.3236783390559,23.670000000000016,49.0,1011.0,,9.6,59.0,89.2780512368627,8.229459372290567,,179.6017295759186,0.06099273116405996,,,,,,,,,,,,,,,,
400,2025-05-16 06:08:16.100471,40.237905,0.7510746,4.840673923492432,90.3236783390559,23.670000000000016,49.0,1011.0,,9.3,53.0,84.18650754294191,7.465707243918067,,174.5101858819978,0.49031465307548755,,,,,,,,,,,,,,,,
401,2025-05-16 06:08:21.100609,40.237905,0.7510746,4.840673923492432,90.3236783390559,23.670000000000016,49.0,1011.0,,11.2,59.0,84.48018341778554,9.644997726694804,,174.80386175684146,0.46562451713248815,,,,,,,,,,,,,,,,
402,2025-05-16 06:08:26.100717,40.237905,0.7510746,4.840673923492432,90.3236783390559,23.670000000000016,49.0,1011.0,,11.4,61.0,86.06325715102447,9.994246519845714,,176.38693549008036,0.33233683268575026,,,,,,,,,,,,,,,,
403,2025-05-16 06:08:31.100616,40.237905,0.7510746,4.840673923492432,90.3236783390559,23.670000000000016,49.0,1011.0,,9.7,57.0,86.88775860495713,8.14712075079418,,177.21143694401303,0.2628106032417533,,,,,,,,,,,,,,,,
404,2025-05-16 06:08:36.100543,40.237905,0.7510746,4.840673923492432,90.3236783390559,23.670000000000016,49.0,1011.0,,10.9,60.0,86.30671202871973,9.459322294303758,,176.63039036777565,0.3118139712006988,,,,,,,,,,,,,,,,
405,2025-05-16 06:08:41.101622,40.237905,0.7510746,4.840673923492432,90.3236783390559,23.670000000000016,49.0,1011.0,,10.4,61.0,88.7319324257543,9.098273136844025,,179.05561076481018,0.1071248282220155,,,,,,,,,,,,,,,,
406,2025-05-16 06:08:46.102281,40.237905,0.7510746,4.840673923492432,90.3236783390559,23.670000000000016,49.0,1011.0,,11.0,62.0,88.09222753652955,9.717810015327721,,178.41590587558545,0.16114970695437092,,,,,,,,,,,,,,,,
407,2025-05-16 06:08:51.100038,40.237905,0.7510746,4.840673923492432,90.3236783390559,23.670000000000016,49.0,1011.0,,11.1,61.0,86.81214448631223,9.723324877396568,,177.13582282536814,0.2691892619566064,,,,,,,,,,,,,,,,
408,2025-05-16 06:08:56.101646,40.237905,0.7510746,4.840673923492432,90.3236783390559,23.670000000000016,49.0,1011.0,,10.9,58.0,84.22145636426254,9.290936298345086,,174.54513470331844,0.48737707243387635,,,,,,,,,,,,,,,,
409,2025-05-16 06:09:01.101213,40.237905,0.7510746,4.840673923492432,90.3236783390559,23.670000000000016,49.0,1011.0,,11.0,63.0,89.10435974384313,9.802269360424866,,179.42803808289904,0.0756657105386856,,,,,,,,,,,,,,,,
410,2025-05-16 06:09:06.099700,40.237905,0.7510746,4.840673923492432,90.3236783390559,23.670000000000016,49.0,1011.0,,11.2,57.0,82.36419582482108,9.477147070953428,,172.68787416387698,0.6432083025969495,,,,,,,,,,,,,,,,
411,2025-05-16 06:09:11.100047,40.237905,0.7510746,4.840673923492432,90.3236783390559,23.670000000000016,49.0,1011.0,,11.8,61.0,85.12590576727553,10.357968877641042,,175.44958410633143,0.4112947623656332,,,,,,,,,,,,,,,,
412,2025-05-16 06:09:16.100186,40.237905,0.7510746,4.840673923492432,90.3236783390559,23.670000000000016,49.0,1011.0,,11.3,59.0,84.22699662454191,9.735366190964951,,174.55067496359783,0.4869113759190457,,,,,,,,,,,,,,,,
413,2025-05-16 06:09:21.100431,40.237905,0.7510746,4.840673923492432,90.3236783390559,23.670000000000016,49.0,1011.0,,11.3,59.0,84.22699662454191,9.735366190964951,,174.55067496359783,0.4869113759190457,,,,,,,,,,,,,,,,
414,2025-05-16 06:09:26.101788,40.237905,0.7510746,4.840673923492432,90.3236783390559,23.670000000000016,49.0,1011.0,,11.7,61.0,85.3540133831851,10.26678529664945,,175.677691722241,0.3920894129124564,,,,,,,,,,,,,,,,
415,2025-05-16 06:09:31.100451,40.237905,0.7510746,4.840673923492432,90.3236783390559,23.670000000000016,49.0,1011.0,,11.7,59.0,83.25970191058124,10.098655839720706,,173.58338024963714,0.5681462156656998,,,,,,,,,,,,,,,,
416,2025-05-16 06:09:36.100225,40.237905,0.7510746,4.840673923492432,90.3236783390559,23.670000000000016,49.0,1011.0,,11.4,61.0,86.06325715102447,9.994246519845714,,176.38693549008036,0.33233683268575026,,,,,,,,,,,,,,,,
417,2025-05-16 06:09:41.101215,40.237905,0.7510746,4.840673923492432,90.3236783390559,23.670000000000016,49.0,1011.0,,11.0,60.0,86.04079900012177,9.549068586787032,,176.36447733917765,0.3342297226815337,,,,,,,,,,,,,,,,
418,2025-05-16 06:09:46.100694,40.237905,0.7510746,4.840673923492432,90.3236783390559,23.670000000000016,49.0,1011.0,,11.0,59.0,85.00103565799299,9.464841979635851,,175.3247139970489,0.4218053658012836,,,,,,,,,,,,,,,,
419,2025-05-16 06:09:51.101548,40.237905,0.7510746,4.840673923492432,90.3236783390559,23.670000000000016,49.0,1011.0,,10.0,59.0,87.93072155792021,8.577266257795824,,178.2543998969761,0.17478643073324265,,,,,,,,,,,,,,,,
420,2025-05-16 06:09:56.102214,40.237905,0.7510746,4.840673923492432,90.3236783390559,23.670000000000016,49.0,1011.0,,10.6,61.0,88.15705374304503,9.275766920205774,,178.48073208210093,0.15567575345956447,,,,,,,,,,,,,,,,
421,2025-05-16 06:10:01.100520,40.237905,0.7510746,4.840673923492432,90.3236783390559,23.670000000000016,49.0,1011.0,,10.7,62.0,88.89230213293503,9.449305093237443,,179.21598047199092,0.09357879779979486,,,,,,,,,,,,,,,,
422,2025-05-16 06:10:06.101581,40.237905,0.7510746,4.840673923492432,90.3236783390559,23.670000000000016,49.0,1011.0,,10.7,66.0,92.86149909169652,9.787139702162724,,183.18517743075242,-0.2416552602280845,,,,,,,,,,,,,,,,
423,2025-05-16 06:10:11.101564,40.237905,0.7510746,4.840673923492432,90.3236783390559,23.670000000000016,49.0,1011.0,,10.5,65.0,92.42604744335277,9.524768913227327,,182.7497257824087,-0.2049050701135955,,,,,,,,,,,,,,,,
424,2025-05-16 06:10:16.101587,40.237905,0.7510746,4.840673923492432,90.3236783390559,23.670000000000016,49.0,1011.0,,10.9,66.0,92.3419588146633,9.965969685128664,,182.66563715371922,-0.19780693314602693,,,,,,,,,,,,,,,,
425,2025-05-16 06:10:21.100386,40.237905,0.7510746,4.840673923492432,90.3236783390559,23.670000000000016,49.0,1011.0,,9.9,69.0,97.96285385848215,9.332428662661599,,188.28653219753807,-0.6705836835016183,,,,,,,,,,,,,,,,
426,2025-05-16 06:10:26.102253,40.237905,0.7510746,4.840673923492432,90.3236783390559,23.670000000000016,49.0,1011.0,,9.1,62.0,94.04706758520022,8.05490873634454,,184.37074592425614,-0.34163508020805283,,,,,,,,,,,,,,,,
427,2025-05-16 06:10:31.100178,40.237905,0.7510746,4.840673923492432,90.3236783390559,23.670000000000016,49.0,1011.0,,9.4,66.0,96.75639770101591,8.647380536931468,,187.08007604007182,-0.5694969789993668,,,,,,,,,,,,,,,,
428,2025-05-16 06:10:36.101256,40.237905,0.7510746,4.840673923492432,90.3236783390559,23.670000000000016,49.0,1011.0,,10.9,65.0,91.35770439387473,9.881529086686013,,181.68138273293062,-0.11469586866143361,,,,,,,,,,,,,,,,
429,2025-05-16 06:10:41.101550,40.237905,0.7510746,4.840673923492432,90.3236783390559,23.670000000000016,49.0,1011.0,,10.9,74.0,99.94014652533687,10.63743511432835,,190.26382486439277,-0.8355938087547081,,,,,,,,,,,,,,,,
430,2025-05-16 06:10:46.099822,40.237905,0.7510746,4.840673923492432,90.3236783390559,23.670000000000016,49.0,1011.0,,10.8,73.0,99.25552856184535,10.46432800298149,,189.57920690090126,-0.7785633527026119,,,,,,,,,,,,,,,,
431,2025-05-16 06:10:51.102273,40.237905,0.7510746,4.840673923492432,90.3236783390559,23.670000000000016,49.0,1011.0,,10.6,68.0,95.05780584592465,9.866566709107314,,185.38148418498054,-0.42675749868853374,,,,,,,,,,,,,,,,
432,2025-05-16 06:10:56.101772,40.237905,0.7510746,4.840673923492432,90.3236783390559,23.670000000000016,49.0,1011.0,,10.2,67.0,95.20445966408484,9.428018007204576,,185.52813800314073,-0.43909799341846395,,,,,,,,,,,,,,,,
433,2025-05-16 06:11:01.102282,40.237905,0.7510746,4.840673923492432,90.3236783390559,23.670000000000016,49.0,1011.0,,9.6,71.0,100.70065078622198,9.237614082762581,,191.0243291252779,-0.8988055696448364,,,,,,,,,,,,,,,,
434,2025-05-16 06:11:06.100678,40.237905,0.7510746,4.840673923492432,90.3236783390559,23.670000000000016,49.0,1011.0,,9.8,65.0,94.50000548093861,8.909280718961634,,184.82368381999453,-0.37979536038403444,,,,,,,,,,,,,,,,
435,2025-05-16 06:11:11.101904,40.237905,0.7510746,4.840673923492432,90.3236783390559,23.670000000000016,49.0,1011.0,,9.3,56.0,87.32800362226529,7.718441074554391,,177.65168196132117,0.22566366131474094,,,,,,,,,,,,,,,,
436,2025-05-16 06:11:16.100222,40.237905,0.7510746,4.840673923492432,90.3236783390559,23.670000000000016,49.0,1011.0,,9.3,62.0,93.30779809259987,8.225115880649952,,183.63147643165576,-0.27930641649127586,,,,,,,,,,,,,,,,
437,2025-05-16 06:11:21.100141,40.237905,0.7510746,4.840673923492432,90.3236783390559,23.670000000000016,49.0,1011.0,,9.7,66.0,95.76941535414704,8.90650674919082,,186.09309369320295,-0.48660977592302157,,,,,,,,,,,,,,,,
438,2025-05-16 06:11:26.100891,40.237905,0.7510746,4.840673923492432,90.3236783390559,23.670000000000016,49.0,1011.0,,10.2,56.0,84.17219711174494,8.500115629243473,,174.49587545080084,0.4915174463723679,,,,,,,,,,,,,,,,
439,2025-05-16 06:11:31.102065,40.237905,0.7510746,4.840673923492432,90.3236783390559,23.670000000000016,49.0,1011.0,,10.2,57.0,85.22455692033733,8.584238845320405,,175.54823525939324,0.40298968479216046,,,,,,,,,,,,,,,,
440,2025-05-16 06:11:36.102342,40.237905,0.7510746,4.840673923492432,90.3236783390559,23.670000000000016,49.0,1011.0,,9.6,65.0,95.14595680815596,8.735764752380952,,185.46963514721187,-0.43417548763853725,,,,,,,,,,,,,,,,
441,2025-05-16 06:11:41.102218,40.237905,0.7510746,4.840673923492432,90.3236783390559,23.670000000000016,49.0,1011.0,,9.7,60.0,89.9363909276646,8.400451593557515,,180.2600692667205,0.005374055770204697,,,,,,,,,,,,,,,,
442,2025-05-16 06:11:46.102235,40.237905,0.7510746,4.840673923492432,90.3236783390559,23.670000000000016,49.0,1011.0,,10.9,61.0,87.33496572032895,9.543676900756484,,177.65864405938487,0.22507610143669976,,,,,,,,,,,,,,,,
443,2025-05-16 06:11:51.100636,40.237905,0.7510746,4.840673923492432,90.3236783390559,23.670000000000016,49.0,1011.0,,11.7,56.0,80.04837421731061,9.847911158840263,,170.3720525563665,0.8365490665103716,,,,,,,,,,,,,,,,
444,2025-05-16 06:11:56.100465,40.237905,0.7510746,4.840673923492432,90.3236783390559,23.670000000000016,49.0,1011.0,,11.2,61.0,86.55792262501986,9.813444125997867,,176.88160096407574,0.29063141742595383,,,,,,,,,,,,,,,,
445,2025-05-16 06:12:01.102304,40.237905,0.7510746,4.840673923492432,90.3236783390559,23.670000000000016,49.0,1011.0,,11.6,66.0,90.66245065598189,10.597835652542047,,180.9861289950378,-0.055966359111560005,,,,,,,,,,,,,,,,
446,2025-05-16 06:12:06.100646,40.237905,0.7510746,4.840673923492432,90.3236783390559,23.670000000000016,49.0,1011.0,,11.8,72.0,96.07444510079503,11.285834133024052,,186.39812343985093,-0.5122428690440208,,,,,,,,,,,,,,,,
447,2025-05-16 06:12:11.100519,40.237905,0.7510746,4.840673923492432,90.3236783390559,23.670000000000016,49.0,1011.0,,10.8,68.0,94.53887386192932,10.045088316084538,,184.86255220098522,-0.3830689720863242,,,,,,,,,,,,,,,,
448,2025-05-16 06:12:16.100114,40.237905,0.7510746,4.840673923492432,90.3236783390559,23.670000000000016,49.0,1011.0,,11.0,70.0,95.95630118003682,10.392725738383268,,186.2799795190927,-0.5023163590410423,,,,,,,,,,,,,,,,
449,2025-05-16 06:12:21.100433,40.237905,0.7510746,4.840673923492432,90.3236783390559,23.670000000000016,49.0,1011.0,,10.3,62.0,90.03223674259871,9.094361645905787,,180.35591508165462,-0.0027235435553714174,,,,,,,,,,,,,,,,
450,2025-05-16 06:12:26.100512,40.237905,0.7510746,4.840673923492432,90.3236783390559,23.670000000000016,49.0,1011.0,,11.6,67.0,91.65325765038887,10.682303028224032,,181.97693598944477,-0.139657244907793,,,,,,,,,,,,,,,,
451,2025-05-16 06:12:31.102264,40.237905,0.7510746,4.840673923492432,90.3236783390559,23.670000000000016,49.0,1011.0,,11.9,71.0,94.90912123564908,11.293097682845577,,185.23279957470498,-0.414243264807846,,,,,,,,,,,,,,,,
452,2025-05-16 06:12:36.100650,40.237905,0.7510746,4.840673923492432,90.3236783390559,23.670000000000016,49.0,1011.0,,11.2,70.0,95.48192259065347,10.572913745870233,,185.80560092970939,-0.4624377605941822,,,,,,,,,,,,,,,,
453,2025-05-16 06:12:41.100610,40.237905,0.7510746,4.840673923492432,90.3236783390559,23.670000000000016,49.0,1011.0,,10.2,66.0,94.24694850531786,9.343820578944982,,184.57062684437375,-0.358477936754849,,,,,,,,,,,,,,,,
454,2025-05-16 06:12:46.100542,40.237905,0.7510746,4.840673923492432,90.3236783390559,23.670000000000016,49.0,1011.0,,11.1,68.0,93.79425809128955,10.314348755832722,,184.11793643034545,-0.32032629722700134,,,,,,,,,,,,,,,,
455,2025-05-16 06:12:51.100086,40.237905,0.7510746,4.840673923492432,90.3236783390559,23.670000000000016,49.0,1011.0,,10.4,66.0,93.67729247625657,9.520474317321035,,184.00097081531248,-0.3104653751123434,,,,,,,,,,,,,,,,
456,2025-05-16 06:12:56.099853,40.237905,0.7510746,4.840673923492432,90.3236783390559,23.670000000000016,49.0,1011.0,,10.3,61.0,89.0278506280946,9.009879862125496,,179.3515289671505,0.08212877747166338,,,,,,,,,,,,,,,,
457,2025-05-16 06:13:01.100177,40.237905,0.7510746,4.840673923492432,90.3236783390559,23.670000000000016,49.0,1011.0,,10.4,66.0,93.67729247625657,9.520474317321035,,184.00097081531248,-0.3104653751123434,,,,,,,,,,,,,,,,
458,2025-05-16 06:13:06.100237,40.237905,0.7510746,4.840673923492432,90.3236783390559,23.670000000000016,49.0,1011.0,,11.4,71.0,95.9804819344899,10.837897607464855,,186.3041602735458,-0.5043482130677407,,,,,,,,,,,,,,,,
459,2025-05-16 06:13:11.101576,40.237905,0.7510746,4.840673923492432,90.3236783390559,23.670000000000016,49.0,1011.0,,9.1,63.0,94.9999182937661,8.139130206232954,,185.323596632822,-0.4218856544606048,,,,,,,,,,,,,,,,
460,2025-05-16 06:13:16.100649,40.237905,0.7510746,4.840673923492432,90.3236783390559,23.670000000000016,49.0,1011.0,,9.0,59.0,91.5246391019123,7.717237796956141,,181.8483174409682,-0.1287949976824702,,,,,,,,,,,,,,,,
461,2025-05-16 06:13:21.102059,40.237905,0.7510746,4.840673923492432,90.3236783390559,23.670000000000016,49.0,1011.0,,9.5,56.0,86.57284106827275,7.889967326862336,,176.89651940732864,0.28937328624408354,,,,,,,,,,,,,,,,
462,2025-05-16 06:13:26.100069,40.237905,0.7510746,4.840673923492432,90.3236783390559,23.670000000000016,49.0,1011.0,,10.5,53.0,80.00156755970677,8.51499430167039,,170.32524589876266,0.8404437808098952,,,,,,,,,,,,,,,,
463,2025-05-16 06:13:31.100376,40.237905,0.7510746,4.840673923492432,90.3236783390559,23.670000000000016,49.0,1011.0,,10.1,62.0,90.6361104727083,8.91832031535321,,180.9597888117642,-0.05374113324743654,,,,,,,,,,,,,,,,
464,2025-05-16 06:13:36.102254,40.237905,0.7510746,4.840673923492432,90.3236783390559,23.670000000000016,49.0,1011.0,,10.4,58.0,85.65265353796005,8.84514916006713,,175.97633187701595,0.3669362825383318,,,,,,,,,,,,,,,,
465,2025-05-16 06:13:41.100550,40.237905,0.7510746,4.840673923492432,90.3236783390559,23.670000000000016,49.0,1011.0,,10.3,57.0,84.91210944312462,8.672477878819015,,175.23578778218052,0.42928927071700934,,,,,,,,,,,,,,,,
466,2025-05-16 06:13:46.103194,40.237905,0.7510746,4.840673923492432,90.3236783390559,23.670000000000016,49.0,1011.0,,10.6,63.0,90.17213323319686,9.444711779255423,,180.49581157225276,-0.014542774475612735,,,,,,,,,,,,,,,,
467,2025-05-16 06:13:51.101712,40.237905,0.7510746,4.840673923492432,90.3236783390559,23.670000000000016,49.0,1011.0,,10.0,65.0,93.8788098809863,9.083885735167607,,184.2024882200422,-0.3274537051985178,,,,,,,,,,,,,,,,
468,2025-05-16 06:13:56.102437,40.237905,0.7510746,4.840673923492432,90.3236783390559,23.670000000000016,49.0,1011.0,,10.5,66.0,93.40033250128342,9.609144360160078,,183.7240108403393,-0.28711085821817683,,,,,,,,,,,,,,,,
469,2025-05-16 06:14:01.100494,40.237905,0.7510746,4.840673923492432,90.3236783390559,23.670000000000016,49.0,1011.0,,10.6,63.0,90.17213323319686,9.444711779255423,,180.49581157225276,-0.014542774475612735,,,,,,,,,,,,,,,,
470,2025-05-16 06:14:06.101640,40.237905,0.7510746,4.840673923492432,90.3236783390559,23.670000000000016,49.0,1011.0,,9.7,67.0,96.71061845695915,8.990490839156033,,187.03429679601504,-0.565655966092001,,,,,,,,,,,,,,,,
471,2025-05-16 06:14:11.100543,40.237905,0.7510746,4.840673923492432,90.3236783390559,23.670000000000016,49.0,1011.0,,10.7,66.0,92.86149909169652,9.787139702162724,,183.18517743075242,-0.2416552602280845,,,,,,,,,,,,,,,,
472,2025-05-16 06:14:16.100876,40.237905,0.7510746,4.840673923492432,90.3236783390559,23.670000000000016,49.0,1011.0,,11.1,67.0,92.8214487780046,10.23000488619527,,183.1451271170605,-0.23827574177102237,,,,,,,,,,,,,,,,
473,2025-05-16 06:14:21.102280,40.237905,0.7510746,4.840673923492432,90.3236783390559,23.670000000000016,49.0,1011.0,,10.1,69.0,97.37922329953985,9.507908696885767,,187.70290163859573,-0.6217167307132418,,,,,,,,,,,,,,,,
474,2025-05-16 06:14:26.102066,40.237905,0.7510746,4.840673923492432,90.3236783390559,23.670000000000016,49.0,1011.0,,10.1,58.0,86.58240997327948,8.580545640120691,,176.90608831233538,0.28856629239702597,,,,,,,,,,,,,,,,
475,2025-05-16 06:14:31.100248,40.237905,0.7510746,4.840673923492432,90.3236783390559,23.670000000000016,49.0,1011.0,,9.8,60.0,89.59949819376595,8.487256304799201,,179.92317653282186,0.033836399092946126,,,,,,,,,,,,,,,,
476,2025-05-16 06:14:36.101797,40.237905,0.7510746,4.840673923492432,90.3236783390559,23.670000000000016,49.0,1011.0,,10.3,65.0,92.99070079316817,9.347701628211162,,183.31437913222408,-0.25255672203910395,,,,,,,,,,,,,,,,
477,2025-05-16 06:14:41.100782,40.237905,0.7510746,4.840673923492432,90.3236783390559,23.670000000000016,49.0,1011.0,,11.1,68.0,93.79425809128955,10.314348755832722,,184.11793643034545,-0.32032629722700134,,,,,,,,,,,,,,,,
478,2025-05-16 06:14:46.102028,40.237905,0.7510746,4.840673923492432,90.3236783390559,23.670000000000016,49.0,1011.0,,10.8,68.0,94.53887386192932,10.045088316084538,,184.86255220098522,-0.3830689720863242,,,,,,,,,,,,,,,,
479,2025-05-16 06:14:51.100626,40.237905,0.7510746,4.840673923492432,90.3236783390559,23.670000000000016,49.0,1011.0,,11.0,72.0,97.84527656142913,10.560464615189508,,188.16895490048503,-0.6607444573118753,,,,,,,,,,,,,,,,
480,2025-05-16 06:14:56.100585,40.237905,0.7510746,4.840673923492432,90.3236783390559,23.670000000000016,49.0,1011.0,,10.6,71.0,97.89391509035309,10.118378100805135,,188.217593429409,-0.6648150173080619,,,,,,,,,,,,,,,,
481,2025-05-16 06:15:01.100558,40.237905,0.7510746,4.840673923492432,90.3236783390559,23.670000000000016,49.0,1011.0,,10.3,73.0,100.52062114559497,10.018354986773076,,190.8442994846509,-0.8838557177282079,,,,,,,,,,,,,,,,
482,2025-05-16 06:15:06.100572,40.237905,0.7510746,4.840673923492432,90.3236783390559,23.670000000000016,49.0,1011.0,,10.2,66.0,94.24694850531786,9.343820578944982,,184.57062684437375,-0.358477936754849,,,,,,,,,,,,,,,,
483,2025-05-16 06:15:11.102338,40.237905,0.7510746,4.840673923492432,90.3236783390559,23.670000000000016,49.0,1011.0,,10.9,67.0,93.31807871487274,10.050351275726088,,183.64175705392864,-0.28017353048497223,,,,,,,,,,,,,,,,
484,2025-05-16 06:15:16.101661,40.237905,0.7510746,4.840673923492432,90.3236783390559,23.670000000000016,49.0,1011.0,,9.5,65.0,95.47863008042785,8.649435660711134,,185.80230841948375,-0.4621608620477186,,,,,,,,,,,,,,,,
485,2025-05-16 06:15:21.100562,40.237905,0.7510746,4.840673923492432,90.3236783390559,23.670000000000016,49.0,1011.0,,9.7,68.0,97.64366245365426,9.074313510576703,,187.96734079271016,-0.6438663215787386,,,,,,,,,,,,,,,,
486,2025-05-16 06:15:26.100205,40.237905,0.7510746,4.840673923492432,90.3236783390559,23.670000000000016,49.0,1011.0,,9.1,58.0,90.13667250090907,7.717259630856938,,180.46035083996497,-0.01154686068362579,,,,,,,,,,,,,,,,
487,2025-05-16 06:15:31.101796,40.237905,0.7510746,4.840673923492432,90.3236783390559,23.670000000000016,49.0,1011.0,,9.6,57.0,87.24196180683886,8.060574453655509,,177.56564014589475,0.2329248036282113,,,,,,,,,,,,,,,,
488,2025-05-16 06:15:36.100272,40.237905,0.7510746,4.840673923492432,90.3236783390559,23.670000000000016,49.0,1011.0,,9.6,68.0,97.95897554691763,8.98753778083287,,188.28265388597353,-0.6702591793923666,,,,,,,,,,,,,,,,
489,2025-05-16 06:15:41.100187,40.237905,0.7510746,4.840673923492432,90.3236783390559,23.670000000000016,49.0,1011.0,,9.0,65.0,97.24611067728381,8.22243847334727,,187.5697890163397,-0.6105620926266135,,,,,,,,,,,,,,,,
490,2025-05-16 06:15:46.101696,40.237905,0.7510746,4.840673923492432,90.3236783390559,23.670000000000016,49.0,1011.0,,9.6,65.0,95.14595680815596,8.735764752380952,,185.46963514721187,-0.43417548763853725,,,,,,,,,,,,,,,,
491,2025-05-16 06:15:51.100318,40.237905,0.7510746,4.840673923492432,90.3236783390559,23.670000000000016,49.0,1011.0,,9.9,75.0,103.40123072277561,9.830336906915557,,193.7249090618315,-1.1219171807595107,,,,,,,,,,,,,,,,
492,2025-05-16 06:15:56.102487,40.237905,0.7510746,4.840673923492432,90.3236783390559,23.670000000000016,49.0,1011.0,,10.1,67.0,95.49438662957944,9.340010917612927,,185.81806496863533,-0.4634859665089689,,,,,,,,,,,,,,,,
493,2025-05-16 06:16:01.101414,40.237905,0.7510746,4.840673923492432,90.3236783390559,23.670000000000016,49.0,1011.0,,9.7,63.0,92.89433036641759,8.653802432785872,,183.2180087054735,-0.2444255350250951,,,,,,,,,,,,,,,,
494,2025-05-16 06:16:06.100579,40.237905,0.7510746,4.840673923492432,90.3236783390559,23.670000000000016,49.0,1011.0,,10.8,59.0,85.54205389432067,9.285498707716577,,175.86573223337658,0.376252796718791,,,,,,,,,,,,,,,,
495,2025-05-16 06:16:11.102257,40.237905,0.7510746,4.840673923492432,90.3236783390559,23.670000000000016,49.0,1011.0,,9.9,66.0,95.14284093846094,9.080655851238681,,185.46651927751685,-0.4339133016003432,,,,,,,,,,,,,,,,
496,2025-05-16 06:16:16.100493,40.237905,0.7510746,4.840673923492432,90.3236783390559,23.670000000000016,49.0,1011.0,,9.4,65.0,95.81799934265209,8.563404036282618,,186.141677681708,-0.49069346060245217,,,,,,,,,,,,,,,,
497,2025-05-16 06:16:21.100935,40.237905,0.7510746,4.840673923492432,90.3236783390559,23.670000000000016,49.0,1011.0,,10.0,65.0,93.8788098809863,9.083885735167607,,184.2024882200422,-0.3274537051985178,,,,,,,,,,,,,,,,
498,2025-05-16 06:16:26.101176,40.237905,0.7510746,4.840673923492432,90.3236783390559,23.670000000000016,49.0,1011.0,,10.0,66.0,94.83849824843739,9.168126024235384,,185.1621765874933,-0.4082982067464591,,,,,,,,,,,,,,,,
499,2025-05-16 06:16:31.102242,40.237905,0.7510746,4.840673923492432,90.3236783390559,23.670000000000016,49.0,1011.0,,11.0,61.0,87.07111766054726,9.633400631589861,,177.39479599960316,0.24734091417715565,,,,,,,,,,,,,,,,
500,2025-05-16 06:16:36.102249,40.237905,0.7510746,4.840673923492432,90.3236783390559,23.670000000000016,49.0,1011.0,,10.3,70.0,97.7536903377488,9.768142067865414,,188.0773686768047,-0.6530783133035307,,,,,,,,,,,,,,,,
501,2025-05-16 06:16:41.100573,40.237905,0.7510746,4.840673923492432,90.3236783390559,23.670000000000016,49.0,1011.0,,10.8,73.0,99.25552856184535,10.46432800298149,,189.57920690090126,-0.7785633527026119,,,,,,,,,,,,,,,,
502,2025-05-16 06:16:46.101546,40.237905,0.7510746,4.840673923492432,90.3236783390559,23.670000000000016,49.0,1011.0,,9.1,71.0,102.31258960821773,8.806786202562991,,192.63626794727364,-1.0322498374005156,,,,,,,,,,,,,,,,
503,2025-05-16 06:16:51.100065,40.237905,0.7510746,4.840673923492432,90.3236783390559,23.670000000000016,49.0,1011.0,,8.8,58.0,91.3616112410374,7.46493107995058,,181.6852895800933,-0.11502584843711029,,,,,,,,,,,,,,,,
504,2025-05-16 06:16:56.101177,40.237905,0.7510746,4.840673923492432,90.3236783390559,23.670000000000016,49.0,1011.0,,8.8,60.0,93.30935496032455,7.633753566028066,,183.63303329938046,-0.27943773030687574,,,,,,,,,,,,,,,,
505,2025-05-16 06:17:01.099506,40.237905,0.7510746,4.840673923492432,90.3236783390559,23.670000000000016,49.0,1011.0,,9.2,70.0,101.08706515282331,8.80959346587767,,191.4107434918792,-0.930863673286438,,,,,,,,,,,,,,,,
506,2025-05-16 06:17:06.100071,40.237905,0.7510746,4.840673923492432,90.3236783390559,23.670000000000016,49.0,1011.0,,9.5,61.0,91.61994250958617,8.312209308509386,,181.94362084864207,-0.13684374019075732,,,,,,,,,,,,,,,,
507,2025-05-16 06:17:11.100561,40.237905,0.7510746,4.840673923492432,90.3236783390559,23.670000000000016,49.0,1011.0,,10.3,60.0,88.01391736127364,8.925423386126148,,178.33759570032953,0.1677619769538254,,,,,,,,,,,,,,,,
508,2025-05-16 06:17:16.101239,40.237905,0.7510746,4.840673923492432,90.3236783390559,23.670000000000016,49.0,1011.0,,10.5,61.0,88.4417163883654,9.186904430508715,,178.76539472742132,0.13163644889390652,,,,,,,,,,,,,,,,
509,2025-05-16 06:17:21.101583,40.237905,0.7510746,4.840673923492432,90.3236783390559,23.670000000000016,49.0,1011.0,,10.1,70.0,98.31004015364495,9.591602715586392,,188.63371849270084,-0.6996206517923624,,,,,,,,,,,,,,,,
510,2025-05-16 06:17:26.099860,40.237905,0.7510746,4.840673923492432,90.3236783390559,23.670000000000016,49.0,1011.0,,9.8,63.0,92.56762104004729,8.740639138585358,,182.8912993791032,-0.21685465584633132,,,,,,,,,,,,,,,,
511,2025-05-16 06:17:31.100232,40.237905,0.7510746,4.840673923492432,90.3236783390559,23.670000000000016,49.0,1011.0,,10.7,61.0,87.87780025915178,9.364854024525249,,178.2014785982077,0.1792545327968323,,,,,,,,,,,,,,,,
512,2025-05-16 06:17:36.101232,40.237905,0.7510746,4.840673923492432,90.3236783390559,23.670000000000016,49.0,1011.0,,11.8,55.0,78.72239233597115,9.85630796329071,,169.04607067502707,0.9466561601308846,,,,,,,,,,,,,,,,
513,2025-05-16 06:17:41.102088,40.237905,0.7510746,4.840673923492432,90.3236783390559,23.670000000000016,49.0,1011.0,,11.1,65.0,90.85203235375046,10.061128873607661,,181.17571069280638,-0.0719818950297385,,,,,,,,,,,,,,,,
514,2025-05-16 06:17:46.100078,40.237905,0.7510746,4.840673923492432,90.3236783390559,23.670000000000016,49.0,1011.0,,10.6,66.0,93.1284434016864,9.698034823716766,,183.4521217407423,-0.2641774116479663,,,,,,,,,,,,,,,,
515,2025-05-16 06:17:51.101238,40.237905,0.7510746,4.840673923492432,90.3236783390559,23.670000000000016,49.0,1011.0,,10.8,70.0,96.44738439175121,10.213275256689025,,186.7710627308071,-0.5435629229322919,,,,,,,,,,,,,,,,
516,2025-05-16 06:17:56.100400,40.237905,0.7510746,4.840673923492432,90.3236783390559,23.670000000000016,49.0,1011.0,,10.1,72.0,100.14954836980313,9.758378133712894,,190.47322670885904,-0.8530140770314294,,,,,,,,,,,,,,,,
517,2025-05-16 06:18:01.101672,40.237905,0.7510746,4.840673923492432,90.3236783390559,23.670000000000016,49.0,1011.0,,9.5,67.0,97.35474721993668,8.81734009341017,,187.6784255589926,-0.6196659219601307,,,,,,,,,,,,,,,,
518,2025-05-16 06:18:06.101198,40.237905,0.7510746,4.840673923492432,90.3236783390559,23.670000000000016,49.0,1011.0,,10.2,65.0,93.28111161868209,9.259518193183789,,183.60478995773798,-0.2770555171681677,,,,,,,,,,,,,,,,
519,2025-05-16 06:18:11.101517,40.237905,0.7510746,4.840673923492432,90.3236783390559,23.670000000000016,49.0,1011.0,,11.8,58.0,81.9663942334151,10.106146537866563,,172.290072572471,0.6765030603086147,,,,,,,,,,,,,,,,
520,2025-05-16 06:18:16.102259,40.237905,0.7510746,4.840673923492432,90.3236783390559,23.670000000000016,49.0,1011.0,,11.1,71.0,96.6674631733249,10.566721635173922,,186.9911415123808,-0.5620347804608727,,,,,,,,,,,,,,,,
521,2025-05-16 06:18:21.100543,40.237905,0.7510746,4.840673923492432,90.3236783390559,23.670000000000016,49.0,1011.0,,11.2,68.0,93.55463229808359,10.404475987923885,,183.8783106371395,-0.30012297707798746,,,,,,,,,,,,,,,,
522,2025-05-16 06:18:26.101859,40.237905,0.7510746,4.840673923492432,90.3236783390559,23.670000000000016,49.0,1011.0,,10.8,70.0,96.44738439175121,10.213275256689025,,186.7710627308071,-0.5435629229322919,,,,,,,,,,,,,,,,
523,2025-05-16 06:18:31.101768,40.237905,0.7510746,4.840673923492432,90.3236783390559,23.670000000000016,49.0,1011.0,,10.5,63.0,90.45179859204843,9.355859371961865,,180.77547693110432,-0.03817012382885594,,,,,,,,,,,,,,,,
524,2025-05-16 06:18:36.100084,40.237905,0.7510746,4.840673923492432,90.3236783390559,23.670000000000016,49.0,1011.0,,10.0,69.0,97.66832057046398,9.42004651081893,,187.99199890951988,-0.645931009236259,,,,,,,,,,,,,,,,
525,2025-05-16 06:18:41.099832,40.237905,0.7510746,4.840673923492432,90.3236783390559,23.670000000000016,49.0,1011.0,,9.4,66.0,96.75639770101591,8.647380536931468,,187.08007604007182,-0.5694969789993668,,,,,,,,,,,,,,,,
526,2025-05-16 06:18:46.101789,40.237905,0.7510746,4.840673923492432,90.3236783390559,23.670000000000016,49.0,1011.0,,10.5,67.0,94.36636479941836,9.693435013105978,,184.69004313847427,-0.3685384168371869,,,,,,,,,,,,,,,,
527,2025-05-16 06:18:51.101213,40.237905,0.7510746,4.840673923492432,90.3236783390559,23.670000000000016,49.0,1011.0,,9.2,65.0,96.51754987011937,8.392269750687317,,186.84122820917526,-0.549453001145828,,,,,,,,,,,,,,,,
528,2025-05-16 06:18:56.101781,40.237905,0.7510746,4.840673923492432,90.3236783390559,23.670000000000016,49.0,1011.0,,9.8,58.0,87.57105393254702,8.318344985665851,,177.89473227160292,0.20514974263206762,,,,,,,,,,,,,,,,
529,2025-05-16 06:19:01.102323,40.237905,0.7510746,4.840673923492432,90.3236783390559,23.670000000000016,49.0,1011.0,,9.8,67.0,96.39778874639677,9.077480109148881,,186.72146708545267,-0.5393990979778287,,,,,,,,,,,,,,,,
530,2025-05-16 06:19:06.100266,40.237905,0.7510746,4.840673923492432,90.3236783390559,23.670000000000016,49.0,1011.0,,10.4,63.0,90.73681989128647,9.267234138762609,,181.06049823034238,-0.06224902699937752,,,,,,,,,,,,,,,,
531,2025-05-16 06:19:11.100233,40.237905,0.7510746,4.840673923492432,90.3236783390559,23.670000000000016,49.0,1011.0,,10.8,65.0,91.61748633639631,9.792025762367137,,181.94116467545223,-0.136636311493652,,,,,,,,,,,,,,,,
532,2025-05-16 06:19:16.100102,40.237905,0.7510746,4.840673923492432,90.3236783390559,23.670000000000016,49.0,1011.0,,10.5,74.0,100.91548154526232,10.279223816031093,,191.2391598843182,-0.9166337182118328,,,,,,,,,,,,,,,,
533,2025-05-16 06:19:21.100464,40.237905,0.7510746,4.840673923492432,90.3236783390559,23.670000000000016,49.0,1011.0,,10.0,71.0,99.51613245271061,9.587113148470362,,189.83981079176652,-0.800285879467337,,,,,,,,,,,,,,,,
534,2025-05-16 06:19:26.100099,40.237905,0.7510746,4.840673923492432,90.3236783390559,23.670000000000016,49.0,1011.0,,8.7,61.0,94.67936271796242,7.634638959833372,,185.00304105701832,-0.3948998840880898,,,,,,,,,,,,,,,,
535,2025-05-16 06:19:31.101805,40.237905,0.7510746,4.840673923492432,90.3236783390559,23.670000000000016,49.0,1011.0,,9.7,55.0,84.80074840267805,7.978602130777022,,175.12442674173394,0.43865979844886777,,,,,,,,,,,,,,,,
536,2025-05-16 06:19:36.100243,40.237905,0.7510746,4.840673923492432,90.3236783390559,23.670000000000016,49.0,1011.0,,9.5,71.0,101.01087643840194,9.15088562911665,,191.33455477745784,-0.9245461322843925,,,,,,,,,,,,,,,,
537,2025-05-16 06:19:41.102233,40.237905,0.7510746,4.840673923492432,90.3236783390559,23.670000000000016,49.0,1011.0,,9.7,60.0,89.9363909276646,8.400451593557515,,180.2600692667205,0.005374055770204697,,,,,,,,,,,,,,,,
538,2025-05-16 06:19:46.101531,40.237905,0.7510746,4.840673923492432,90.3236783390559,23.670000000000016,49.0,1011.0,,10.4,60.0,87.7153633493418,9.01382911027596,,178.0390416883977,0.19296797701634857,,,,,,,,,,,,,,,,
539,2025-05-16 06:19:51.101711,40.237905,0.7510746,4.840673923492432,90.3236783390559,23.670000000000016,49.0,1011.0,,10.3,61.0,89.0278506280946,9.009879862125496,,179.3515289671505,0.08212877747166338,,,,,,,,,,,,,,,,
540,2025-05-16 06:19:56.100078,40.237905,0.7510746,4.840673923492432,90.3236783390559,23.670000000000016,49.0,1011.0,,9.9,65.0,94.18639362197366,8.996451049687401,,184.51007196102955,-0.3533757638364566,,,,,,,,,,,,,,,,
541,2025-05-16 06:20:01.101079,40.237905,0.7510746,4.840673923492432,90.3236783390559,23.670000000000016,49.0,1011.0,,8.9,66.0,98.53858510041124,8.221682894174831,,188.86226343946714,-0.7187210816851112,,,,,,,,,,,,,,,,
542,2025-05-16 06:20:06.099911,40.237905,0.7510746,4.840673923492432,90.3236783390559,23.670000000000016,49.0,1011.0,,9.5,72.0,101.90626341222529,9.233686393225087,,192.2299417512812,-0.998685013579288,,,,,,,,,,,,,,,,
543,2025-05-16 06:20:11.101532,40.237905,0.7510746,4.840673923492432,90.3236783390559,23.670000000000016,49.0,1011.0,,9.6,72.0,101.59976915491107,9.32050397280709,,191.923447493967,-0.9733335447110971,,,,,,,,,,,,,,,,
544,2025-05-16 06:20:16.103303,40.237905,0.7510746,4.840673923492432,90.3236783390559,23.670000000000016,49.0,1011.0,,10.5,72.0,99.08032170978178,10.112826676812793,,189.4040000488377,-0.7639499777180917,,,,,,,,,,,,,,,,
545,2025-05-16 06:20:21.101777,40.237905,0.7510746,4.840673923492432,90.3236783390559,23.670000000000016,49.0,1011.0,,9.0,68.0,99.98552785151776,8.473007341191105,,190.30920619057366,-0.8393700645288483,,,,,,,,,,,,,,,,
546,2025-05-16 06:20:26.101214,40.237905,0.7510746,4.840673923492432,90.3236783390559,23.670000000000016,49.0,1011.0,,9.9,70.0,98.88719708159918,9.416001585029951,,189.2108754206551,-0.747833873841759,,,,,,,,,,,,,,,,
547,2025-05-16 06:20:31.099946,40.237905,0.7510746,4.840673923492432,90.3236783390559,23.670000000000016,49.0,1011.0,,8.7,60.0,93.7260860386835,7.5503815068641025,,184.0497643777394,-0.3145791327535212,,,,,,,,,,,,,,,,
548,2025-05-16 06:20:36.102254,40.237905,0.7510746,4.840673923492432,90.3236783390559,23.670000000000016,49.0,1011.0,,9.6,62.0,92.25480743558283,8.482864846208543,,182.57848577463875,-0.19044981213301235,,,,,,,,,,,,,,,,
549,2025-05-16 06:20:41.102163,40.237905,0.7510746,4.840673923492432,90.3236783390559,23.670000000000016,49.0,1011.0,,10.2,61.0,89.3296244547153,8.92173168097155,,179.65330279377122,0.05663585362717657,,,,,,,,,,,,,,,,
550,2025-05-16 06:20:46.101424,40.237905,0.7510746,4.840673923492432,90.3236783390559,23.670000000000016,49.0,1011.0,,10.3,63.0,91.02733795775252,9.178842660018073,,181.35101629680844,-0.08679071370769824,,,,,,,,,,,,,,,,
551,2025-05-16 06:20:51.102365,40.237905,0.7510746,4.840673923492432,90.3236783390559,23.670000000000016,49.0,1011.0,,9.4,66.0,96.75639770101591,8.647380536931468,,187.08007604007182,-0.5694969789993668,,,,,,,,,,,,,,,,
552,2025-05-16 06:20:56.100851,40.237905,0.7510746,4.840673923492432,90.3236783390559,23.670000000000016,49.0,1011.0,,10.0,67.0,95.7898215593433,9.252247529010647,,186.1134998983992,-0.48832504444622793,,,,,,,,,,,,,,,,
553,2025-05-16 06:21:01.101219,40.237905,0.7510746,4.840673923492432,90.3236783390559,23.670000000000016,49.0,1011.0,,10.5,67.0,94.36636479941836,9.693435013105978,,184.69004313847427,-0.3685384168371869,,,,,,,,,,,,,,,,
554,2025-05-16 06:21:06.101762,40.237905,0.7510746,4.840673923492432,90.3236783390559,23.670000000000016,49.0,1011.0,,9.6,67.0,97.02955127934162,8.903774813297082,,187.3532296183975,-0.5924077248521884,,,,,,,,,,,,,,,,
555,2025-05-16 06:21:11.100515,40.237905,0.7510746,4.840673923492432,90.3236783390559,23.670000000000016,49.0,1011.0,,10.2,66.0,94.24694850531786,9.343820578944982,,184.57062684437375,-0.358477936754849,,,,,,,,,,,,,,,,
556,2025-05-16 06:21:16.101907,40.237905,0.7510746,4.840673923492432,90.3236783390559,23.670000000000016,49.0,1011.0,,9.7,71.0,100.39620486670546,9.324608307426832,,190.71988320576136,-0.8735189502565034,,,,,,,,,,,,,,,,
557,2025-05-16 06:21:21.102206,40.237905,0.7510746,4.840673923492432,90.3236783390559,23.670000000000016,49.0,1011.0,,9.0,66.0,98.16756226094267,8.306159986419349,,188.49124059999858,-0.6877075430916645,,,,,,,,,,,,,,,,
558,2025-05-16 06:21:26.099772,40.237905,0.7510746,4.840673923492432,90.3236783390559,23.670000000000016,49.0,1011.0,,9.1,68.0,99.63088781387775,8.557989467755553,,189.95456615293364,-0.8098460401254688,,,,,,,,,,,,,,,,
559,2025-05-16 06:21:31.102482,40.237905,0.7510746,4.840673923492432,90.3236783390559,23.670000000000016,49.0,1011.0,,9.6,71.0,100.70065078622198,9.237614082762581,,191.0243291252779,-0.8988055696448364,,,,,,,,,,,,,,,,
560,2025-05-16 06:21:36.100648,40.237905,0.7510746,4.840673923492432,90.3236783390559,23.670000000000016,49.0,1011.0,,8.5,67.0,100.98991760762704,7.970463618410666,,191.31359594668294,-0.9228079463287826,,,,,,,,,,,,,,,,
561,2025-05-16 06:21:41.100461,40.237905,0.7510746,4.840673923492432,90.3236783390559,23.670000000000016,49.0,1011.0,,10.1,68.0,96.44074611741368,9.424037722419277,,186.76442445646958,-0.543005627132283,,,,,,,,,,,,,,,,
562,2025-05-16 06:21:46.100487,40.237905,0.7510746,4.840673923492432,90.3236783390559,23.670000000000016,49.0,1011.0,,8.2,66.0,101.363013057441,7.640844250407102,,191.68669139649688,-0.9537313165218851,,,,,,,,,,,,,,,,
563,2025-05-16 06:21:51.101720,40.237905,0.7510746,4.840673923492432,90.3236783390559,23.670000000000016,49.0,1011.0,,9.1,65.0,96.87810664287137,8.30718622688461,,187.2017849819273,-0.5797069415965791,,,,,,,,,,,,,,,,
564,2025-05-16 06:21:56.100195,40.237905,0.7510746,4.840673923492432,90.3236783390559,23.670000000000016,49.0,1011.0,,9.5,67.0,97.35474721993668,8.81734009341017,,187.6784255589926,-0.6196659219601307,,,,,,,,,,,,,,,,
565,2025-05-16 06:22:01.100665,40.237905,0.7510746,4.840673923492432,90.3236783390559,23.670000000000016,49.0,1011.0,,9.7,67.0,96.71061845695915,8.990490839156033,,187.03429679601504,-0.565655966092001,,,,,,,,,,,,,,,,
566,2025-05-16 06:22:06.102299,40.237905,0.7510746,4.840673923492432,90.3236783390559,23.670000000000016,49.0,1011.0,,10.3,59.0,86.99016785163401,8.841019037974586,,177.3138461906899,0.2541708324168987,,,,,,,,,,,,,,,,
567,2025-05-16 06:22:11.100590,40.237905,0.7510746,4.840673923492432,90.3236783390559,23.670000000000016,49.0,1011.0,,10.3,62.0,90.03223674259871,9.094361645905787,,180.35591508165462,-0.0027235435553714174,,,,,,,,,,,,,,,,
568,2025-05-16 06:22:16.100609,40.237905,0.7510746,4.840673923492432,90.3236783390559,23.670000000000016,49.0,1011.0,,10.1,61.0,89.63741219843772,8.83383593036278,,179.96109053749362,0.030633279026145713,,,,,,,,,,,,,,,,
569,2025-05-16 06:22:21.100821,40.237905,0.7510746,4.840673923492432,90.3236783390559,23.670000000000016,49.0,1011.0,,9.0,66.0,98.16756226094267,8.306159986419349,,188.49124059999858,-0.6877075430916645,,,,,,,,,,,,,,,,
570,2025-05-16 06:22:26.101273,40.237905,0.7510746,4.840673923492432,90.3236783390559,23.670000000000016,49.0,1011.0,,9.2,70.0,101.08706515282331,8.80959346587767,,191.4107434918792,-0.930863673286438,,,,,,,,,,,,,,,,
571,2025-05-16 06:22:31.100661,40.237905,0.7510746,4.840673923492432,90.3236783390559,23.670000000000016,49.0,1011.0,,10.4,60.0,87.7153633493418,9.01382911027596,,178.0390416883977,0.19296797701634857,,,,,,,,,,,,,,,,
572,2025-05-16 06:22:36.102527,40.237905,0.7510746,4.840673923492432,90.3236783390559,23.670000000000016,49.0,1011.0,,9.4,68.0,98.6081764103834,8.814826981241602,,188.9318547494393,-0.7245348530372051,,,,,,,,,,,,,,,,
573,2025-05-16 06:22:41.100112,40.237905,0.7510746,4.840673923492432,90.3236783390559,23.670000000000016,49.0,1011.0,,9.3,68.0,98.94238918727278,8.728908544765966,,189.2660675263287,-0.7524404883554717,,,,,,,,,,,,,,,,
574,2025-05-16 06:22:46.101600,40.237905,0.7510746,4.840673923492432,90.3236783390559,23.670000000000016,49.0,1011.0,,10.9,67.0,93.31807871487274,10.050351275726088,,183.64175705392864,-0.28017353048497223,,,,,,,,,,,,,,,,
575,2025-05-16 06:22:51.101610,40.237905,0.7510746,4.840673923492432,90.3236783390559,23.670000000000016,49.0,1011.0,,10.0,67.0,95.7898215593433,9.252247529010647,,186.1134998983992,-0.48832504444622793,,,,,,,,,,,,,,,,
576,2025-05-16 06:22:56.099998,40.237905,0.7510746,4.840673923492432,90.3236783390559,23.670000000000016,49.0,1011.0,,9.0,67.0,99.08061193601492,8.389689404717748,,189.40429027507082,-0.7639741903916247,,,,,,,,,,,,,,,,
577,2025-05-16 06:23:01.101807,40.237905,0.7510746,4.840673923492432,90.3236783390559,23.670000000000016,49.0,1011.0,,10.0,57.0,85.86907644701684,8.408550680308299,,176.19275478607273,0.34870167559555193,,,,,,,,,,,,,,,,
578,2025-05-16 06:23:06.101731,40.237905,0.7510746,4.840673923492432,90.3236783390559,23.670000000000016,49.0,1011.0,,9.9,65.0,94.18639362197366,8.996451049687401,,184.51007196102955,-0.3533757638364566,,,,,,,,,,,,,,,,
579,2025-05-16 06:23:11.100977,40.237905,0.7510746,4.840673923492432,90.3236783390559,23.670000000000016,49.0,1011.0,,10.8,60.0,86.57771317400335,9.36978365064324,,176.90139151305925,0.2889623980905528,,,,,,,,,,,,,,,,
580,2025-05-16 06:23:16.100233,40.237905,0.7510746,4.840673923492432,90.3236783390559,23.670000000000016,49.0,1011.0,,11.9,77.0,100.57044670247186,11.79516655695701,,190.89412504152776,-0.8879941643376412,,,,,,,,,,,,,,,,
581,2025-05-16 06:23:21.100128,40.237905,0.7510746,4.840673923492432,90.3236783390559,23.670000000000016,49.0,1011.0,,10.6,75.0,101.57564861240873,10.45138850392247,,191.89932695146462,-0.9713372383909705,,,,,,,,,,,,,,,,
582,2025-05-16 06:23:26.100592,40.237905,0.7510746,4.840673923492432,90.3236783390559,23.670000000000016,49.0,1011.0,,9.4,63.0,93.91485452010997,8.395050239864691,,184.23853285916587,-0.3304919211252528,,,,,,,,,,,,,,,,
583,2025-05-16 06:23:31.100862,40.237905,0.7510746,4.840673923492432,90.3236783390559,23.670000000000016,49.0,1011.0,,10.7,68.0,94.79601354793154,9.955725435727997,,185.11969188698743,-0.40472153622584234,,,,,,,,,,,,,,,,
584,2025-05-16 06:23:36.102289,40.237905,0.7510746,4.840673923492432,90.3236783390559,23.670000000000016,49.0,1011.0,,10.2,68.0,96.15387735304985,9.512087957957398,,186.47755569210574,-0.5189155838934054,,,,,,,,,,,,,,,,
585,2025-05-16 06:23:41.102179,40.237905,0.7510746,4.840673923492432,90.3236783390559,23.670000000000016,49.0,1011.0,,10.1,68.0,96.44074611741368,9.424037722419277,,186.76442445646958,-0.543005627132283,,,,,,,,,,,,,,,,
586,2025-05-16 06:23:46.100061,40.237905,0.7510746,4.840673923492432,90.3236783390559,23.670000000000016,49.0,1011.0,,10.1,66.0,94.53991618987342,9.255849982788664,,184.86359452892933,-0.3831567576536897,,,,,,,,,,,,,,,,
587,2025-05-16 06:23:51.100430,40.237905,0.7510746,4.840673923492432,90.3236783390559,23.670000000000016,49.0,1011.0,,9.6,62.0,92.25480743558283,8.482864846208543,,182.57848577463875,-0.19044981213301235,,,,,,,,,,,,,,,,
588,2025-05-16 06:23:56.101797,40.237905,0.7510746,4.840673923492432,90.3236783390559,23.670000000000016,49.0,1011.0,,9.9,62.0,91.26423125793264,8.74330948485534,,181.58790959698854,-0.1068007934967819,,,,,,,,,,,,,,,,
589,2025-05-16 06:24:01.100378,40.237905,0.7510746,4.840673923492432,90.3236783390559,23.670000000000016,49.0,1011.0,,9.9,66.0,95.14284093846094,9.080655851238681,,185.46651927751685,-0.4339133016003432,,,,,,,,,,,,,,,,
590,2025-05-16 06:24:06.102137,40.237905,0.7510746,4.840673923492432,90.3236783390559,23.670000000000016,49.0,1011.0,,10.2,71.0,98.95579426646532,9.763316588707609,,189.27947260552122,-0.7535592393844817,,,,,,,,,,,,,,,,
591,2025-05-16 06:24:11.101187,40.237905,0.7510746,4.840673923492432,90.3236783390559,23.670000000000016,49.0,1011.0,,10.5,72.0,99.08032170978178,10.112826676812793,,189.4040000488377,-0.7639499777180917,,,,,,,,,,,,,,,,
592,2025-05-16 06:24:16.100421,40.237905,0.7510746,4.840673923492432,90.3236783390559,23.670000000000016,49.0,1011.0,,10.1,71.0,99.23341214226797,9.67509920706001,,189.55709048132388,-0.7767191001548376,,,,,,,,,,,,,,,,
593,2025-05-16 06:24:21.102185,40.237905,0.7510746,4.840673923492432,90.3236783390559,23.670000000000016,49.0,1011.0,,10.3,72.0,99.60539870742231,9.935170033667829,,189.9290770464782,-0.8077228460651544,,,,,,,,,,,,,,,,
594,2025-05-16 06:24:26.101467,40.237905,0.7510746,4.840673923492432,90.3236783390559,23.670000000000016,49.0,1011.0,,10.2,70.0,98.029328579824,9.679758315982022,,188.35300691887988,-0.676145243615765,,,,,,,,,,,,,,,,
595,2025-05-16 06:24:31.100270,40.237905,0.7510746,4.840673923492432,90.3236783390559,23.670000000000016,49.0,1011.0,,10.0,71.0,99.51613245271061,9.587113148470362,,189.83981079176652,-0.800285879467337,,,,,,,,,,,,,,,,
596,2025-05-16 06:24:36.101813,40.237905,0.7510746,4.840673923492432,90.3236783390559,23.670000000000016,49.0,1011.0,,10.1,71.0,99.23341214226797,9.67509920706001,,189.55709048132388,-0.7767191001548376,,,,,,,,,,,,,,,,
597,2025-05-16 06:24:41.100296,40.237905,0.7510746,4.840673923492432,90.3236783390559,23.670000000000016,49.0,1011.0,,9.4,72.0,102.21856671940124,9.147138050218084,,192.54224505845713,-1.024487574169729,,,,,,,,,,,,,,,,
598,2025-05-16 06:24:46.100564,40.237905,0.7510746,4.840673923492432,90.3236783390559,23.670000000000016,49.0,1011.0,,9.6,60.0,90.28030663005484,8.313943370510305,,180.60398496911074,-0.023681806820372128,,,,,,,,,,,,,,,,
599,2025-05-16 06:24:51.102348,40.237905,0.7510746,4.840673923492432,90.3236783390559,23.670000000000016,49.0,1011.0,,9.8,71.0,100.09739537005613,9.411860933514342,,190.42107370911202,-0.8486764933227716,,,,,,,,,,,,,,,,
600,2025-05-16 06:24:56.101698,40.237905,0.7510746,4.840673923492432,90.3236783390559,23.670000000000016,49.0,1011.0,,9.0,63.0,95.37687885517428,8.054499643598863,,185.70055719423019,-0.45360288445235464,,,,,,,,,,,,,,,,
601,2025-05-16 06:25:01.102265,40.237905,0.7510746,4.840673923492432,90.3236783390559,23.670000000000016,49.0,1011.0,,8.2,58.0,94.07432114076968,6.971613562521096,,184.3979994798256,-0.34393183555727247,,,,,,,,,,,,,,,,
602,2025-05-16 06:25:06.102250,40.237905,0.7510746,4.840673923492432,90.3236783390559,23.670000000000016,49.0,1011.0,,9.1,61.0,93.08464088928328,7.970587670789265,,183.40831922833917,-0.2604821641028562,,,,,,,,,,,,,,,,
603,2025-05-16 06:25:11.100466,40.237905,0.7510746,4.840673923492432,90.3236783390559,23.670000000000016,49.0,1011.0,,9.2,62.0,93.67356826566797,8.13984293463208,,183.99724660472387,-0.31015137973836654,,,,,,,,,,,,,,,,
604,2025-05-16 06:25:16.102180,40.237905,0.7510746,4.840673923492432,90.3236783390559,23.670000000000016,49.0,1011.0,,9.7,67.0,96.71061845695915,8.990490839156033,,187.03429679601504,-0.565655966092001,,,,,,,,,,,,,,,,
605,2025-05-16 06:25:21.101210,40.237905,0.7510746,4.840673923492432,90.3236783390559,23.670000000000016,49.0,1011.0,,9.8,57.0,86.54101458246333,8.233971856468692,,176.86469292151924,0.2920573155422824,,,,,,,,,,,,,,,,
606,2025-05-16 06:25:26.101026,40.237905,0.7510746,4.840673923492432,90.3236783390559,23.670000000000016,49.0,1011.0,,9.7,60.0,89.9363909276646,8.400451593557515,,180.2600692667205,0.005374055770204697,,,,,,,,,,,,,,,,
607,2025-05-16 06:25:31.100638,40.237905,0.7510746,4.840673923492432,90.3236783390559,23.670000000000016,49.0,1011.0,,8.9,61.0,93.86483514119355,7.801858107679973,,184.18851348024947,-0.32627573429845935,,,,,,,,,,,,,,,,
608,2025-05-16 06:25:36.100369,40.237905,0.7510746,4.840673923492432,90.3236783390559,23.670000000000016,49.0,1011.0,,9.1,59.0,91.12977814948047,7.801739097086232,,181.45345648853637,-0.09544391026481018,,,,,,,,,,,,,,,,
609,2025-05-16 06:25:41.101862,40.237905,0.7510746,4.840673923492432,90.3236783390559,23.670000000000016,49.0,1011.0,,8.8,57.0,90.37147379679853,7.380456116131652,,180.6951521358544,-0.03138400313174283,,,,,,,,,,,,,,,,
610,2025-05-16 06:25:46.101609,40.237905,0.7510746,4.840673923492432,90.3236783390559,23.670000000000016,49.0,1011.0,,8.5,56.0,90.71168062474982,7.047363012575762,,181.03535896380572,-0.06012528821690379,,,,,,,,,,,,,,,,
611,2025-05-16 06:25:51.100190,40.237905,0.7510746,4.840673923492432,90.3236783390559,23.670000000000016,49.0,1011.0,,7.6,50.0,89.56195084888003,5.822107924211294,,179.88562918793593,0.03700852774167731,,,,,,,,,,,,,,,,
612,2025-05-16 06:25:56.101224,40.237905,0.7510746,4.840673923492432,90.3236783390559,23.670000000000016,49.0,1011.0,,8.5,48.0,82.36342574995287,6.373255974317644,,172.68710408900876,0.6432727859422533,,,,,,,,,,,,,,,,
613,2025-05-16 06:26:01.100074,40.237905,0.7510746,4.840673923492432,90.3236783390559,23.670000000000016,49.0,1011.0,,8.8,52.0,85.24232776940549,6.958470703090044,,175.5660061084614,0.40149349469680684,,,,,,,,,,,,,,,,
614,2025-05-16 06:26:06.101224,40.237905,0.7510746,4.840673923492432,90.3236783390559,23.670000000000016,49.0,1011.0,,9.0,52.0,84.36084789694821,7.126585995133948,,174.6845262360041,0.4756588936841718,,,,,,,,,,,,,,,,
615,2025-05-16 06:26:11.102298,40.237905,0.7510746,4.840673923492432,90.3236783390559,23.670000000000016,49.0,1011.0,,8.4,59.0,94.08604203892222,7.218553654947498,,184.40972037797812,-0.34491957398713174,,,,,,,,,,,,,,,,
616,2025-05-16 06:26:16.102783,40.237905,0.7510746,4.840673923492432,90.3236783390559,23.670000000000016,49.0,1011.0,,8.6,54.0,88.23595609449855,6.960845067040881,,178.55963443355444,0.1490129358643302,,,,,,,,,,,,,,,,
617,2025-05-16 06:26:21.101805,40.237905,0.7510746,4.840673923492432,90.3236783390559,23.670000000000016,49.0,1011.0,,8.5,57.0,91.69732795935487,7.13182897066756,,182.02100629841078,-0.1433789641369726,,,,,,,,,,,,,,,,
618,2025-05-16 06:26:26.101564,40.237905,0.7510746,4.840673923492432,90.3236783390559,23.670000000000016,49.0,1011.0,,8.5,57.0,91.69732795935487,7.13182897066756,,182.02100629841078,-0.1433789641369726,,,,,,,,,,,,,,,,
619,2025-05-16 06:26:31.102160,40.237905,0.7510746,4.840673923492432,90.3236783390559,23.670000000000016,49.0,1011.0,,8.3,59.0,94.54750360332507,7.136956154070196,,184.87118194238099,-0.38379577094471823,,,,,,,,,,,,,,,,
620,2025-05-16 06:26:36.100548,40.237905,0.7510746,4.840673923492432,90.3236783390559,23.670000000000016,49.0,1011.0,,7.8,51.0,89.35705094151692,6.0621201780019405,,179.68072928057282,0.054318859948695924,,,,,,,,,,,,,,,,
621,2025-05-16 06:26:41.100236,40.237905,0.7510746,4.840673923492432,90.3236783390559,23.670000000000016,49.0,1011.0,,9.2,50.0,81.34340695605819,7.128818974794648,,171.66708529511408,0.7285790274487487,,,,,,,,,,,,,,,,
622,2025-05-16 06:26:46.101779,40.237905,0.7510746,4.840673923492432,90.3236783390559,23.670000000000016,49.0,1011.0,,8.9,58.0,90.94420636380761,7.5486530424722895,,181.2678847028635,-0.07976832306570951,,,,,,,,,,,,,,,,
623,2025-05-16 06:26:51.101773,40.237905,0.7510746,4.840673923492432,90.3236783390559,23.670000000000016,49.0,1011.0,,8.9,59.0,91.92822332441798,7.633111127877875,,182.2519016634739,-0.16287654420694442,,,,,,,,,,,,,,,,
624,2025-05-16 06:26:56.101239,40.237905,0.7510746,4.840673923492432,90.3236783390559,23.670000000000016,49.0,1011.0,,9.9,56.0,85.15747354438882,8.23687367962681,,175.48115188344474,0.40863731884962523,,,,,,,,,,,,,,,,
625,2025-05-16 06:27:01.100218,40.237905,0.7510746,4.840673923492432,90.3236783390559,23.670000000000016,49.0,1011.0,,9.9,60.0,89.26943807914138,8.574348499507384,,179.59311641819727,0.06172036134737629,,,,,,,,,,,,,,,,
626,2025-05-16 06:27:06.102088,40.237905,0.7510746,4.840673923492432,90.3236783390559,23.670000000000016,49.0,1011.0,,9.0,65.0,97.24611067728381,8.22243847334727,,187.5697890163397,-0.6105620926266135,,,,,,,,,,,,,,,,
627,2025-05-16 06:27:11.100154,40.237905,0.7510746,4.840673923492432,90.3236783390559,23.670000000000016,49.0,1011.0,,9.1,60.0,92.11232071652276,7.886189912105748,,182.43599905557866,-0.17842046633053307,,,,,,,,,,,,,,,,
628,2025-05-16 06:27:16.100556,40.237905,0.7510746,4.840673923492432,90.3236783390559,23.670000000000016,49.0,1011.0,,8.7,59.0,92.76257271418027,7.4660322824149485,,183.08625105323617,-0.23330746130359212,,,,,,,,,,,,,,,,
629,2025-05-16 06:27:21.102219,40.237905,0.7510746,4.840673923492432,90.3236783390559,23.670000000000016,49.0,1011.0,,7.9,58.0,95.57807849086917,6.731455673439891,,185.9017568299251,-0.47052374882746645,,,,,,,,,,,,,,,,
630,2025-05-16 06:27:26.101592,40.237905,0.7510746,4.840673923492432,90.3236783390559,23.670000000000016,49.0,1011.0,,9.5,66.0,96.42089969689927,8.733465191899946,,186.74457803595516,-0.5413394388104591,,,,,,,,,,,,,,,,
631,2025-05-16 06:27:31.101541,40.237905,0.7510746,4.840673923492432,90.3236783390559,23.670000000000016,49.0,1011.0,,8.9,62.0,94.81811941257547,7.886100319648436,,185.14179775163137,-0.406582596290422,,,,,,,,,,,,,,,,
632,2025-05-16 06:27:36.101588,40.237905,0.7510746,4.840673923492432,90.3236783390559,23.670000000000016,49.0,1011.0,,9.0,59.0,91.5246391019123,7.717237796956141,,181.8483174409682,-0.1287949976824702,,,,,,,,,,,,,,,,
633,2025-05-16 06:27:41.102310,40.237905,0.7510746,4.840673923492432,90.3236783390559,23.670000000000016,49.0,1011.0,,9.3,65.0,96.16424426697472,8.477678935207527,,186.48792260603062,-0.51978638430386,,,,,,,,,,,,,,,,
634,2025-05-16 06:27:46.102254,40.237905,0.7510746,4.840673923492432,90.3236783390559,23.670000000000016,49.0,1011.0,,9.3,60.0,91.35618594146383,8.056292977858986,,181.67986428051972,-0.1145676171256988,,,,,,,,,,,,,,,,
635,2025-05-16 06:27:51.102507,40.237905,0.7510746,4.840673923492432,90.3236783390559,23.670000000000016,49.0,1011.0,,9.3,62.0,93.30779809259987,8.225115880649952,,183.63147643165576,-0.27930641649127586,,,,,,,,,,,,,,,,
636,2025-05-16 06:27:56.102526,40.237905,0.7510746,4.840673923492432,90.3236783390559,23.670000000000016,49.0,1011.0,,9.6,66.0,96.0919620816726,8.819843443381227,,186.4156404207285,-0.513714469962318,,,,,,,,,,,,,,,,
637,2025-05-16 06:28:01.101741,40.237905,0.7510746,4.840673923492432,90.3236783390559,23.670000000000016,49.0,1011.0,,9.3,66.0,97.09863062358455,8.561598334591173,,187.42230896264044,-0.5981996396087094,,,,,,,,,,,,,,,,
638,2025-05-16 06:28:06.101229,40.237905,0.7510746,4.840673923492432,90.3236783390559,23.670000000000016,49.0,1011.0,,8.6,62.0,96.03824791427562,7.635713031710824,,186.36192625333152,-0.50920179320017,,,,,,,,,,,,,,,,
639,2025-05-16 06:28:11.100502,40.237905,0.7510746,4.840673923492432,90.3236783390559,23.670000000000016,49.0,1011.0,,8.5,60.0,94.58766154431854,7.384876145467434,,184.91133988337444,-0.3871777674283249,,,,,,,,,,,,,,,,
640,2025-05-16 06:28:16.100059,40.237905,0.7510746,4.840673923492432,90.3236783390559,23.670000000000016,49.0,1011.0,,8.4,57.0,92.15996914861346,7.0498417330998135,,182.48364748766937,-0.18244327977305563,,,,,,,,,,,,,,,,
641,2025-05-16 06:28:21.100514,40.237905,0.7510746,4.840673923492432,90.3236783390559,23.670000000000016,49.0,1011.0,,8.7,58.0,91.78846175839486,7.3816142747503495,,182.11214009745078,-0.15107490392764922,,,,,,,,,,,,,,,,
642,2025-05-16 06:28:26.100598,40.237905,0.7510746,4.840673923492432,90.3236783390559,23.670000000000016,49.0,1011.0,,8.5,57.0,91.69732795935487,7.13182897066756,,182.02100629841078,-0.1433789641369726,,,,,,,,,,,,,,,,
643,2025-05-16 06:28:31.100619,40.237905,0.7510746,4.840673923492432,90.3236783390559,23.670000000000016,49.0,1011.0,,8.6,59.0,93.19386247754043,7.3831066847111675,,183.51754081659635,-0.26969597768734666,,,,,,,,,,,,,,,,
644,2025-05-16 06:28:36.101791,40.237905,0.7510746,4.840673923492432,90.3236783390559,23.670000000000016,49.0,1011.0,,8.6,60.0,94.15209991831223,7.4674177793628695,,184.47577825736812,-0.3504861037499711,,,,,,,,,,,,,,,,
645,2025-05-16 06:28:41.101227,40.237905,0.7510746,4.840673923492432,90.3236783390559,23.670000000000016,49.0,1011.0,,9.3,57.0,88.35151503041308,7.802865659975942,,178.67519336946899,0.13925418900492126,,,,,,,,,,,,,,,,
646,2025-05-16 06:28:46.100192,40.237905,0.7510746,4.840673923492432,90.3236783390559,23.670000000000016,49.0,1011.0,,8.9,56.0,88.9429289323589,7.3796903069298665,,179.26660727141478,0.0893023206534873,,,,,,,,,,,,,,,,
647,2025-05-16 06:28:51.100044,40.237905,0.7510746,4.840673923492432,90.3236783390559,23.670000000000016,49.0,1011.0,,8.9,58.0,90.94420636380761,7.5486530424722895,,181.2678847028635,-0.07976832306570951,,,,,,,,,,,,,,,,
648,2025-05-16 06:28:56.101192,40.237905,0.7510746,4.840673923492432,90.3236783390559,23.670000000000016,49.0,1011.0,,8.6,49.0,82.96086684093989,6.539794896661091,,173.2845451799958,0.5932111632420844,,,,,,,,,,,,,,,,
649,2025-05-16 06:29:01.100559,40.237905,0.7510746,4.840673923492432,90.3236783390559,23.670000000000016,49.0,1011.0,,8.6,49.0,82.96086684093989,6.539794896661091,,173.2845451799958,0.5932111632420844,,,,,,,,,,,,,,,,
650,2025-05-16 06:29:06.101539,40.237905,0.7510746,4.840673923492432,90.3236783390559,23.670000000000016,49.0,1011.0,,9.3,54.0,85.2458817469915,7.54983288600533,,175.5695600860474,0.4011942682229417,,,,,,,,,,,,,,,,
651,2025-05-16 06:29:11.099689,40.237905,0.7510746,4.840673923492432,90.3236783390559,23.670000000000016,49.0,1011.0,,9.9,59.0,88.25719343869329,8.48988355237499,,178.5808717777492,0.1472195241614218,,,,,,,,,,,,,,,,
652,2025-05-16 06:29:16.100599,40.237905,0.7510746,4.840673923492432,90.3236783390559,23.670000000000016,49.0,1011.0,,9.7,58.0,87.91456019631622,8.231518485269786,,178.23823853537212,0.17615093729496434,,,,,,,,,,,,,,,,
653,2025-05-16 06:29:21.101358,40.237905,0.7510746,4.840673923492432,90.3236783390559,23.670000000000016,49.0,1011.0,,9.1,58.0,90.13667250090907,7.717259630856938,,180.46035083996497,-0.01154686068362579,,,,,,,,,,,,,,,,
654,2025-05-16 06:29:26.101220,40.237905,0.7510746,4.840673923492432,90.3236783390559,23.670000000000016,49.0,1011.0,,8.3,58.0,93.59594863399391,7.052684764849633,,183.91962697304982,-0.30360682270002254,,,,,,,,,,,,,,,,
655,2025-05-16 06:29:31.101257,40.237905,0.7510746,4.840673923492432,90.3236783390559,23.670000000000016,49.0,1011.0,,8.3,58.0,93.59594863399391,7.052684764849633,,183.91962697304982,-0.30360682270002254,,,,,,,,,,,,,,,,
656,2025-05-16 06:29:36.100226,40.237905,0.7510746,4.840673923492432,90.3236783390559,23.670000000000016,49.0,1011.0,,8.4,52.0,87.1383031945734,6.6275551816042,,177.46198153362928,0.24167194338141457,,,,,,,,,,,,,,,,
657,2025-05-16 06:29:41.106778,40.237905,0.7510746,4.840673923492432,90.3236783390559,23.670000000000016,49.0,1011.0,,9.0,48.0,79.98194564682356,6.791858997105544,,170.30562398587946,0.8420763251071302,,,,,,,,,,,,,,,,
658,2025-05-16 06:29:46.102245,40.237905,0.7510746,4.840673923492432,90.3236783390559,23.670000000000016,49.0,1011.0,,9.3,53.0,84.18650754294191,7.465707243918067,,174.5101858819978,0.49031465307548755,,,,,,,,,,,,,,,,
659,2025-05-16 06:29:51.100523,40.237905,0.7510746,4.840673923492432,90.3236783390559,23.670000000000016,49.0,1011.0,,8.8,56.0,89.36998551264698,7.295971705496205,,179.69366385170287,0.053226141107024706,,,,,,,,,,,,,,,,
660,2025-05-16 06:29:56.100563,40.237905,0.7510746,4.840673923492432,90.3236783390559,23.670000000000016,49.0,1011.0,,8.5,59.0,93.63492495953233,7.300608919370446,,183.95860329858823,-0.3068932110088531,,,,,,,,,,,,,,,,
661,2025-05-16 06:30:01.102545,40.237905,0.7510746,4.840673923492432,90.3236783390559,23.670000000000016,49.0,1011.0,,7.6,61.0,99.86665797831756,6.746901783596082,,190.19033631737346,-0.8294775935737622,,,,,,,,,,,,,,,,
662,2025-05-16 06:30:06.100365,40.237905,0.7510746,4.840673923492432,90.3236783390559,23.670000000000016,49.0,1011.0,,8.6,49.0,82.96086684093989,6.539794896661091,,173.2845451799958,0.5932111632420844,,,,,,,,,,,,,,,,
663,2025-05-16 06:30:11.102246,40.237905,0.7510746,4.840673923492432,90.3236783390559,23.670000000000016,49.0,1011.0,,8.6,55.0,89.25111279080309,7.0453093798713295,,179.574791129859,0.06326845708610555,,,,,,,,,,,,,,,,
664,2025-05-16 06:30:16.102199,40.237905,0.7510746,4.840673923492432,90.3236783390559,23.670000000000016,49.0,1011.0,,8.5,54.0,88.70459830450078,6.878402386893668,,179.0282766435567,0.10943359269475349,,,,,,,,,,,,,,,,
665,2025-05-16 06:30:21.101582,40.237905,0.7510746,4.840673923492432,90.3236783390559,23.670000000000016,49.0,1011.0,,7.8,55.0,93.28541398158436,6.399904581774771,,183.60909232064026,-0.277418408667636,,,,,,,,,,,,,,,,
666,2025-05-16 06:30:26.100646,40.237905,0.7510746,4.840673923492432,90.3236783390559,23.670000000000016,49.0,1011.0,,8.5,48.0,82.36342574995287,6.373255974317644,,172.68710408900876,0.6432727859422533,,,,,,,,,,,,,,,,
667,2025-05-16 06:30:31.101565,40.237905,0.7510746,4.840673923492432,90.3236783390559,23.670000000000016,49.0,1011.0,,9.1,50.0,81.76653696149747,7.043604547353788,,172.09021530055338,0.6932182862669531,,,,,,,,,,,,,,,,
668,2025-05-16 06:30:36.102236,40.237905,0.7510746,4.840673923492432,90.3236783390559,23.670000000000016,49.0,1011.0,,8.9,54.0,86.89473843699713,7.210838924932108,,177.21841677605303,0.26222177505788474,,,,,,,,,,,,,,,,
669,2025-05-16 06:30:41.102168,40.237905,0.7510746,4.840673923492432,90.3236783390559,23.670000000000016,49.0,1011.0,,8.6,54.0,88.23595609449855,6.960845067040881,,178.55963443355444,0.1490129358643302,,,,,,,,,,,,,,,,
670,2025-05-16 06:30:46.100563,40.237905,0.7510746,4.840673923492432,90.3236783390559,23.670000000000016,49.0,1011.0,,8.2,48.0,83.94686576384109,6.127953782523392,,174.270544102897,0.510452479547056,,,,,,,,,,,,,,,,
671,2025-05-16 06:30:51.101406,40.237905,0.7510746,4.840673923492432,90.3236783390559,23.670000000000016,49.0,1011.0,,8.5,48.0,82.36342574995287,6.373255974317644,,172.68710408900876,0.6432727859422533,,,,,,,,,,,,,,,,
672,2025-05-16 06:30:56.101532,40.237905,0.7510746,4.840673923492432,90.3236783390559,23.670000000000016,49.0,1011.0,,8.4,47.0,81.77406254360805,6.207233832629321,,172.09774088266397,0.6925890296161313,,,,,,,,,,,,,,,,
673,2025-05-16 06:31:01.102174,40.237905,0.7510746,4.840673923492432,90.3236783390559,23.670000000000016,49.0,1011.0,,8.3,45.0,80.0620114371109,5.958391251878376,,170.3856897761668,0.8354142280285146,,,,,,,,,,,,,,,,
674,2025-05-16 06:31:06.102233,40.237905,0.7510746,4.840673923492432,90.3236783390559,23.670000000000016,49.0,1011.0,,8.5,53.0,87.68227567865902,6.793959752223416,,178.00595401771494,0.19576115760166213,,,,,,,,,,,,,,,,
675,2025-05-16 06:31:11.100535,40.237905,0.7510746,4.840673923492432,90.3236783390559,23.670000000000016,49.0,1011.0,,8.9,50.0,82.64414679502094,6.8743708881412875,,172.96782513407686,0.6197585929932182,,,,,,,,,,,,,,,,
676,2025-05-16 06:31:16.102444,40.237905,0.7510746,4.840673923492432,90.3236783390559,23.670000000000016,49.0,1011.0,,8.9,51.0,83.72718958236844,6.958258724586839,,174.05086792142436,0.5289047001172392,,,,,,,,,,,,,,,,
677,2025-05-16 06:31:21.100730,40.237905,0.7510746,4.840673923492432,90.3236783390559,23.670000000000016,49.0,1011.0,,8.3,49.0,84.4868340320372,6.293200933605896,,174.8105123710931,0.4650652376618414,,,,,,,,,,,,,,,,
678,2025-05-16 06:31:26.102380,40.237905,0.7510746,4.840673923492432,90.3236783390559,23.670000000000016,49.0,1011.0,,8.2,51.0,87.1275192544294,6.380613858192381,,177.4511975934853,0.24258189163798619,,,,,,,,,,,,,,,,
679,2025-05-16 06:31:31.100625,40.237905,0.7510746,4.840673923492432,90.3236783390559,23.670000000000016,49.0,1011.0,,7.9,52.0,89.78783928714618,6.225327632704682,,180.1115176262021,0.01792450494745702,,,,,,,,,,,,,,,,
680,2025-05-16 06:31:36.102744,40.237905,0.7510746,4.840673923492432,90.3236783390559,23.670000000000016,49.0,1011.0,,8.5,50.0,84.53447152453728,6.541115752237332,,174.85814986359318,0.46105900818143764,,,,,,,,,,,,,,,,
681,2025-05-16 06:31:41.100195,40.237905,0.7510746,4.840673923492432,90.3236783390559,23.670000000000016,49.0,1011.0,,8.4,49.0,83.96507494373941,6.3748901499521455,,174.2887532827953,0.5089226159067384,,,,,,,,,,,,,,,,
682,2025-05-16 06:31:46.102182,40.237905,0.7510746,4.840673923492432,90.3236783390559,23.670000000000016,49.0,1011.0,,8.5,56.0,90.71168062474982,7.047363012575762,,181.03535896380572,-0.06012528821690379,,,,,,,,,,,,,,,,
683,2025-05-16 06:31:51.101770,40.237905,0.7510746,4.840673923492432,90.3236783390559,23.670000000000016,49.0,1011.0,,8.0,58.0,95.06505637373598,6.810981002080396,,185.3887347127919,-0.4273676760000866,,,,,,,,,,,,,,,,
684,2025-05-16 06:31:56.101238,40.237905,0.7510746,4.840673923492432,90.3236783390559,23.670000000000016,49.0,1011.0,,8.1,48.0,84.50306834355754,6.047282544768777,,174.82674668261345,0.463699996538666,,,,,,,,,,,,,,,,
685,2025-05-16 06:32:01.100246,40.237905,0.7510746,4.840673923492432,90.3236783390559,23.670000000000016,49.0,1011.0,,8.0,50.0,87.18227560998056,6.135773830962238,,177.50595394903647,0.23796146518339184,,,,,,,,,,,,,,,,
686,2025-05-16 06:32:06.101086,40.237905,0.7510746,4.840673923492432,90.3236783390559,23.670000000000016,49.0,1011.0,,8.2,54.0,90.17994516563651,6.633972071244788,,180.50362350469243,-0.015202767924648626,,,,,,,,,,,,,,,,
687,2025-05-16 06:32:11.101659,40.237905,0.7510746,4.840673923492432,90.3236783390559,23.670000000000016,49.0,1011.0,,8.5,54.0,88.70459830450078,6.878402386893668,,179.0282766435567,0.10943359269475349,,,,,,,,,,,,,,,,
688,2025-05-16 06:32:16.102267,40.237905,0.7510746,4.840673923492432,90.3236783390559,23.670000000000016,49.0,1011.0,,7.7,55.0,93.84696799550846,6.321714795491532,,184.17064633456437,-0.3247696330784006,,,,,,,,,,,,,,,,
689,2025-05-16 06:32:21.102297,40.237905,0.7510746,4.840673923492432,90.3236783390559,23.670000000000016,49.0,1011.0,,7.7,51.0,89.95123476143645,5.984026070617815,,180.27491310049237,0.004119964719807298,,,,,,,,,,,,,,,,
690,2025-05-16 06:32:26.102429,40.237905,0.7510746,4.840673923492432,90.3236783390559,23.670000000000016,49.0,1011.0,,7.3,54.0,95.31899507816019,5.93136439448378,,185.6426734172161,-0.44873382072767143,,,,,,,,,,,,,,,,
691,2025-05-16 06:32:31.100796,40.237905,0.7510746,4.840673923492432,90.3236783390559,23.670000000000016,49.0,1011.0,,7.9,55.0,92.73746690257136,6.478694263206657,,183.06114524162726,-0.2311888220052976,,,,,,,,,,,,,,,,
692,2025-05-16 06:32:36.102215,40.237905,0.7510746,4.840673923492432,90.3236783390559,23.670000000000016,49.0,1011.0,,7.6,57.0,96.27986228023794,6.412374008195178,,186.60354061929382,-0.5294969106510379,,,,,,,,,,,,,,,,
693,2025-05-16 06:32:41.102329,40.237905,0.7510746,4.840673923492432,90.3236783390559,23.670000000000016,49.0,1011.0,,8.2,56.0,92.15064107798749,6.8028999503623915,,182.47431941704338,-0.18165574874348966,,,,,,,,,,,,,,,,
694,2025-05-16 06:32:46.100641,40.237905,0.7510746,4.840673923492432,90.3236783390559,23.670000000000016,49.0,1011.0,,8.0,53.0,90.23453916601173,6.389137610364155,,180.55821750506763,-0.01981514980509056,,,,,,,,,,,,,,,,
695,2025-05-16 06:32:51.100183,40.237905,0.7510746,4.840673923492432,90.3236783390559,23.670000000000016,49.0,1011.0,,7.8,54.0,92.32266062954557,6.31552110571759,,182.64633896860147,-0.1961778631458166,,,,,,,,,,,,,,,,
696,2025-05-16 06:32:56.101211,40.237905,0.7510746,4.840673923492432,90.3236783390559,23.670000000000016,49.0,1011.0,,8.6,55.0,89.25111279080309,7.0453093798713295,,179.574791129859,0.06326845708610555,,,,,,,,,,,,,,,,
697,2025-05-16 06:33:01.100304,40.237905,0.7510746,4.840673923492432,90.3236783390559,23.670000000000016,49.0,1011.0,,7.9,53.0,90.78398530620169,6.309811206528877,,181.1076636452576,-0.06623347896305903,,,,,,,,,,,,,,,,
698,2025-05-16 06:33:06.100219,40.237905,0.7510746,4.840673923492432,90.3236783390559,23.670000000000016,49.0,1011.0,,8.2,52.0,88.15851384792447,6.46502701192592,,178.48219218698037,0.15555245923786326,,,,,,,,,,,,,,,,
699,2025-05-16 06:33:11.101588,40.237905,0.7510746,4.840673923492432,90.3236783390559,23.670000000000016,49.0,1011.0,,8.5,56.0,90.71168062474982,7.047363012575762,,181.03535896380572,-0.06012528821690379,,,,,,,,,,,,,,,,
700,2025-05-16 06:33:16.102204,40.237905,0.7510746,4.840673923492432,90.3236783390559,23.670000000000016,49.0,1011.0,,8.2,60.0,95.95439673228118,7.139929821849908,,186.27807507133707,-0.5021563288043203,,,,,,,,,,,,,,,,
701,2025-05-16 06:33:21.101574,40.237905,0.7510746,4.840673923492432,90.3236783390559,23.670000000000016,49.0,1011.0,,7.7,58.0,96.64114322579245,6.57408259980494,,186.96482156484836,-0.559826101276555,,,,,,,,,,,,,,,,
702,2025-05-16 06:33:26.102223,40.237905,0.7510746,4.840673923492432,90.3236783390559,23.670000000000016,49.0,1011.0,,9.0,55.0,87.50287434383175,7.379375790623727,,177.82655268288767,0.2109046208984115,,,,,,,,,,,,,,,,
703,2025-05-16 06:33:31.100549,40.237905,0.7510746,4.840673923492432,90.3236783390559,23.670000000000016,49.0,1011.0,,8.7,59.0,92.76257271418027,7.4660322824149485,,183.08625105323617,-0.23330746130359212,,,,,,,,,,,,,,,,
704,2025-05-16 06:33:36.100177,40.237905,0.7510746,4.840673923492432,90.3236783390559,23.670000000000016,49.0,1011.0,,9.1,58.0,90.13667250090907,7.717259630856938,,180.46035083996497,-0.01154686068362579,,,,,,,,,,,,,,,,
705,2025-05-16 06:33:41.101589,40.237905,0.7510746,4.840673923492432,90.3236783390559,23.670000000000016,49.0,1011.0,,8.4,53.0,88.16802183378569,6.711968949026753,,178.4917001728416,0.15474958313255507,,,,,,,,,,,,,,,,
706,2025-05-16 06:33:46.100656,40.237905,0.7510746,4.840673923492432,90.3236783390559,23.670000000000016,49.0,1011.0,,7.6,44.0,83.23448187127961,5.3164240751101,,173.55816021033553,0.5702621662930937,,,,,,,,,,,,,,,,
707,2025-05-16 06:33:51.101395,40.237905,0.7510746,4.840673923492432,90.3236783390559,23.670000000000016,49.0,1011.0,,7.8,47.0,85.2011161137794,5.7246266136614565,,175.5247944528353,0.40496318917242186,,,,,,,,,,,,,,,,
708,2025-05-16 06:33:56.101629,40.237905,0.7510746,4.840673923492432,90.3236783390559,23.670000000000016,49.0,1011.0,,7.4,58.0,98.33367103023654,6.342528032844321,,188.65734936929243,-0.7015961013423028,,,,,,,,,,,,,,,,
709,2025-05-16 06:34:01.101287,40.237905,0.7510746,4.840673923492432,90.3236783390559,23.670000000000016,49.0,1011.0,,7.4,44.0,84.63841461456578,5.1630611764593795,,174.96209295362166,0.4523164741736845,,,,,,,,,,,,,,,,
710,2025-05-16 06:34:06.100386,40.237905,0.7510746,4.840673923492432,90.3236783390559,23.670000000000016,49.0,1011.0,,7.6,48.0,87.51897494969461,5.653199912781887,,177.8426532887505,0.20954563336655185,,,,,,,,,,,,,,,,
711,2025-05-16 06:34:11.100560,40.237905,0.7510746,4.840673923492432,90.3236783390559,23.670000000000016,49.0,1011.0,,9.1,54.0,86.05137494370554,7.379572298172963,,176.37505328276143,0.33333833342053176,,,,,,,,,,,,,,,,
712,2025-05-16 06:34:16.100540,40.237905,0.7510746,4.840673923492432,90.3236783390559,23.670000000000016,49.0,1011.0,,8.2,55.0,91.17139504505434,6.7184508226943445,,181.49507338411024,-0.09895923373066218,,,,,,,,,,,,,,,,
713,2025-05-16 06:34:21.100474,40.237905,0.7510746,4.840673923492432,90.3236783390559,23.670000000000016,49.0,1011.0,,8.0,52.0,89.23098190826126,6.304653903637766,,179.55466024731714,0.0649690795312959,,,,,,,,,,,,,,,,
714,2025-05-16 06:34:26.100729,40.237905,0.7510746,4.840673923492432,90.3236783390559,23.670000000000016,49.0,1011.0,,7.8,53.0,91.34736916166727,6.231079803686118,,181.67104750072318,-0.11382293263565021,,,,,,,,,,,,,,,,
715,2025-05-16 06:34:31.100827,40.237905,0.7510746,4.840673923492432,90.3236783390559,23.670000000000016,49.0,1011.0,,8.2,51.0,87.1275192544294,6.380613858192381,,177.4511975934853,0.24258189163798619,,,,,,,,,,,,,,,,
716,2025-05-16 06:34:36.102380,40.237905,0.7510746,4.840673923492432,90.3236783390559,23.670000000000016,49.0,1011.0,,7.8,54.0,92.32266062954557,6.31552110571759,,182.64633896860147,-0.1961778631458166,,,,,,,,,,,,,,,,
717,2025-05-16 06:34:41.102234,40.237905,0.7510746,4.840673923492432,90.3236783390559,23.670000000000016,49.0,1011.0,,8.1,55.0,91.68083513310167,6.637987703866071,,182.00451347215756,-0.14198616164646807,,,,,,,,,,,,,,,,
718,2025-05-16 06:34:46.101371,40.237905,0.7510746,4.840673923492432,90.3236783390559,23.670000000000016,49.0,1011.0,,8.0,51.0,88.21374710518187,6.220190280847321,,178.53742544423778,0.15088837734214952,,,,,,,,,,,,,,,,
719,2025-05-16 06:34:51.100538,40.237905,0.7510746,4.840673923492432,90.3236783390559,23.670000000000016,49.0,1011.0,,7.5,55.0,95.01251063879393,6.167226001612575,,185.33618897784982,-0.42294546909597525,,,,,,,,,,,,,,,,
720,2025-05-16 06:34:56.100234,40.237905,0.7510746,4.840673923492432,90.3236783390559,23.670000000000016,49.0,1011.0,,8.1,48.0,84.50306834355754,6.047282544768777,,174.82674668261345,0.463699996538666,,,,,,,,,,,,,,,,
721,2025-05-16 06:35:01.102250,40.237905,0.7510746,4.840673923492432,90.3236783390559,23.670000000000016,49.0,1011.0,,8.0,52.0,89.23098190826126,6.304653903637766,,179.55466024731714,0.0649690795312959,,,,,,,,,,,,,,,,
722,2025-05-16 06:35:06.102378,40.237905,0.7510746,4.840673923492432,90.3236783390559,23.670000000000016,49.0,1011.0,,8.1,47.0,83.41826178067322,5.9632667942487325,,173.74194011972912,0.5548406046005596,,,,,,,,,,,,,,,,
723,2025-05-16 06:35:11.101446,40.237905,0.7510746,4.840673923492432,90.3236783390559,23.670000000000016,49.0,1011.0,,9.6,56.0,86.20747108682755,7.976227825090543,,176.53114942588346,0.32018052647673617,,,,,,,,,,,,,,,,
724,2025-05-16 06:35:16.102048,40.237905,0.7510746,4.840673923492432,90.3236783390559,23.670000000000016,49.0,1011.0,,9.1,57.0,89.13265097857537,7.632776722624415,,179.4563293176313,0.07327578872231466,,,,,,,,,,,,,,,,
725,2025-05-16 06:35:21.101782,40.237905,0.7510746,4.840673923492432,90.3236783390559,23.670000000000016,49.0,1011.0,,8.5,69.0,102.74272629055987,8.135816088821702,,193.06640462961576,-1.0677249384103191,,,,,,,,,,,,,,,,
726,2025-05-16 06:35:26.099959,40.237905,0.7510746,4.840673923492432,90.3236783390559,23.670000000000016,49.0,1011.0,,8.5,65.0,99.2051103301044,7.804117608492407,,189.5287886691603,-0.7743588889286175,,,,,,,,,,,,,,,,
727,2025-05-16 06:35:31.100220,40.237905,0.7510746,4.840673923492432,90.3236783390559,23.670000000000016,49.0,1011.0,,7.9,61.0,98.3218525859205,6.983022304528402,,188.6455309249764,-0.7006081401727374,,,,,,,,,,,,,,,,
728,2025-05-16 06:35:36.099794,40.237905,0.7510746,4.840673923492432,90.3236783390559,23.670000000000016,49.0,1011.0,,7.5,56.0,95.93812571346257,6.251325174959838,,186.26180405251847,-0.5007890568343775,,,,,,,,,,,,,,,,
729,2025-05-16 06:35:41.102306,40.237905,0.7510746,4.840673923492432,90.3236783390559,23.670000000000016,49.0,1011.0,,8.0,54.0,91.22495324482476,6.473615383957414,,181.54863158388065,-0.10348314608788538,,,,,,,,,,,,,,,,
730,2025-05-16 06:35:46.100269,40.237905,0.7510746,4.840673923492432,90.3236783390559,23.670000000000016,49.0,1011.0,,8.4,58.0,93.12848073423866,7.134236407602156,,183.45215907329458,-0.26418056101414283,,,,,,,,,,,,,,,,
731,2025-05-16 06:35:51.100894,40.237905,0.7510746,4.840673923492432,90.3236783390559,23.670000000000016,49.0,1011.0,,8.1,58.0,94.56391523248728,6.891039757388873,,184.88759357154316,-0.38517793819152224,,,,,,,,,,,,,,,,
732,2025-05-16 06:35:56.102208,40.237905,0.7510746,4.840673923492432,90.3236783390559,23.670000000000016,49.0,1011.0,,8.0,55.0,92.20273478848011,6.558062218094001,,182.52641312753602,-0.18605374642822906,,,,,,,,,,,,,,,,
733,2025-05-16 06:36:01.102234,40.237905,0.7510746,4.840673923492432,90.3236783390559,23.670000000000016,49.0,1011.0,,7.3,53.0,94.38854160572023,5.847182724119638,,184.71221994477614,-0.3704065741741425,,,,,,,,,,,,,,,,
734,2025-05-16 06:36:06.100641,40.237905,0.7510746,4.840673923492432,90.3236783390559,23.670000000000016,49.0,1011.0,,7.7,55.0,93.84696799550846,6.321714795491532,,184.17064633456437,-0.3247696330784006,,,,,,,,,,,,,,,,
735,2025-05-16 06:36:11.100415,40.237905,0.7510746,4.840673923492432,90.3236783390559,23.670000000000016,49.0,1011.0,,7.8,57.0,95.17528056093917,6.568407145661097,,185.49895889999507,-0.43664288293551423,,,,,,,,,,,,,,,,
736,2025-05-16 06:36:16.101573,40.237905,0.7510746,4.840673923492432,90.3236783390559,23.670000000000016,49.0,1011.0,,8.4,57.0,92.15996914861346,7.0498417330998135,,182.48364748766937,-0.18244327977305563,,,,,,,,,,,,,,,,
737,2025-05-16 06:36:21.101224,40.237905,0.7510746,4.840673923492432,90.3236783390559,23.670000000000016,49.0,1011.0,,7.8,59.0,97.02069161110641,6.736414070107574,,187.34436995016233,-0.5916648289848664,,,,,,,,,,,,,,,,
738,2025-05-16 06:36:26.100585,40.237905,0.7510746,4.840673923492432,90.3236783390559,23.670000000000016,49.0,1011.0,,8.7,61.0,94.67936271796242,7.634638959833372,,185.00304105701832,-0.3948998840880898,,,,,,,,,,,,,,,,
739,2025-05-16 06:36:31.102197,40.237905,0.7510746,4.840673923492432,90.3236783390559,23.670000000000016,49.0,1011.0,,8.5,65.0,99.2051103301044,7.804117608492407,,189.5287886691603,-0.7743588889286175,,,,,,,,,,,,,,,,
740,2025-05-16 06:36:36.102220,40.237905,0.7510746,4.840673923492432,90.3236783390559,23.670000000000016,49.0,1011.0,,8.4,63.0,97.81435894975385,7.554608426454494,,188.13803728880976,-0.6581567137096372,,,,,,,,,,,,,,,,
741,2025-05-16 06:36:41.100535,40.237905,0.7510746,4.840673923492432,90.3236783390559,23.670000000000016,49.0,1011.0,,7.1,65.0,105.95835383871811,6.6927103482028105,,196.282032177774,-1.3308880043870661,,,,,,,,,,,,,,,,
742,2025-05-16 06:36:46.099619,40.237905,0.7510746,4.840673923492432,90.3236783390559,23.670000000000016,49.0,1011.0,,7.4,61.0,100.95748948222798,6.592374821877612,,191.28116782128387,-0.9201183301536118,,,,,,,,,,,,,,,,
743,2025-05-16 06:36:51.101535,40.237905,0.7510746,4.840673923492432,90.3236783390559,23.670000000000016,49.0,1011.0,,7.5,59.0,98.64905394330204,6.502703541699943,,188.97273228235792,-0.7279493309287206,,,,,,,,,,,,,,,,
744,2025-05-16 06:36:56.101200,40.237905,0.7510746,4.840673923492432,90.3236783390559,23.670000000000016,49.0,1011.0,,7.3,49.0,90.53497523217212,5.509620101109545,,180.85865357122802,-0.04519709916384669,,,,,,,,,,,,,,,,
745,2025-05-16 06:37:01.100214,40.237905,0.7510746,4.840673923492432,90.3236783390559,23.670000000000016,49.0,1011.0,,7.0,51.0,94.57632248942471,5.457420337751298,,184.90000082848061,-0.38622284115814653,,,,,,,,,,,,,,,,
746,2025-05-16 06:37:06.100546,40.237905,0.7510746,4.840673923492432,90.3236783390559,23.670000000000016,49.0,1011.0,,7.5,56.0,95.93812571346257,6.251325174959838,,186.26180405251847,-0.5007890568343775,,,,,,,,,,,,,,,,
747,2025-05-16 06:37:11.102093,40.237905,0.7510746,4.840673923492432,90.3236783390559,23.670000000000016,49.0,1011.0,,7.5,60.0,99.53219098214646,6.58612705672965,,189.85586932120236,-0.8016238944385902,,,,,,,,,,,,,,,,
748,2025-05-16 06:37:16.100509,40.237905,0.7510746,4.840673923492432,90.3236783390559,23.670000000000016,49.0,1011.0,,8.6,58.0,92.22503318167477,7.298716501823052,,182.54871152073068,-0.18793623556131459,,,,,,,,,,,,,,,,
749,2025-05-16 06:37:21.102253,40.237905,0.7510746,4.840673923492432,90.3236783390559,23.670000000000016,49.0,1011.0,,8.4,56.0,91.18010042574312,6.965392991944352,,181.50377876479902,-0.09969455904450149,,,,,,,,,,,,,,,,
750,2025-05-16 06:37:26.101152,40.237905,0.7510746,4.840673923492432,90.3236783390559,23.670000000000016,49.0,1011.0,,7.6,56.0,95.35689402283916,6.328324607815253,,185.68057236189506,-0.45192185372380594,,,,,,,,,,,,,,,,
751,2025-05-16 06:37:31.100241,40.237905,0.7510746,4.840673923492432,90.3236783390559,23.670000000000016,49.0,1011.0,,8.5,63.0,97.38602445412766,7.636922448364703,,187.70970279318357,-0.6222865676704354,,,,,,,,,,,,,,,,
752,2025-05-16 06:37:36.101545,40.237905,0.7510746,4.840673923492432,90.3236783390559,23.670000000000016,49.0,1011.0,,7.9,59.0,96.50287580311792,6.815471241827576,,186.82655414217382,-0.5482212466760037,,,,,,,,,,,,,,,,
753,2025-05-16 06:37:41.100441,40.237905,0.7510746,4.840673923492432,90.3236783390559,23.670000000000016,49.0,1011.0,,9.0,56.0,88.5254757043845,7.46380967904381,,178.84915404344042,0.12456246349990964,,,,,,,,,,,,,,,,
754,2025-05-16 06:37:46.101797,40.237905,0.7510746,4.840673923492432,90.3236783390559,23.670000000000016,49.0,1011.0,,8.8,54.0,87.33134770373577,7.127078879175756,,177.6550260427917,0.2253814410426996,,,,,,,,,,,,,,,,
755,2025-05-16 06:37:51.100542,40.237905,0.7510746,4.840673923492432,90.3236783390559,23.670000000000016,49.0,1011.0,,8.6,50.0,84.04409144112252,6.623736878836342,,174.36776978017843,0.5022833672351991,,,,,,,,,,,,,,,,
756,2025-05-16 06:37:56.100549,40.237905,0.7510746,4.840673923492432,90.3236783390559,23.670000000000016,49.0,1011.0,,8.5,56.0,90.71168062474982,7.047363012575762,,181.03535896380572,-0.06012528821690379,,,,,,,,,,,,,,,,
757,2025-05-16 06:38:01.100650,40.237905,0.7510746,4.840673923492432,90.3236783390559,23.670000000000016,49.0,1011.0,,8.8,57.0,90.37147379679853,7.380456116131652,,180.6951521358544,-0.03138400313174283,,,,,,,,,,,,,,,,
758,2025-05-16 06:38:06.101831,40.237905,0.7510746,4.840673923492432,90.3236783390559,23.670000000000016,49.0,1011.0,,9.0,61.0,93.47056479216884,7.886040126391368,,183.79424313122473,-0.2930338189104122,,,,,,,,,,,,,,,,
759,2025-05-16 06:38:11.100253,40.237905,0.7510746,4.840673923492432,90.3236783390559,23.670000000000016,49.0,1011.0,,8.0,54.0,91.22495324482476,6.473615383957414,,181.54863158388065,-0.10348314608788538,,,,,,,,,,,,,,,,
760,2025-05-16 06:38:16.101847,40.237905,0.7510746,4.840673923492432,90.3236783390559,23.670000000000016,49.0,1011.0,,8.2,58.0,94.07432114076968,6.971613562521096,,184.3979994798256,-0.34393183555727247,,,,,,,,,,,,,,,,
761,2025-05-16 06:38:21.101204,40.237905,0.7510746,4.840673923492432,90.3236783390559,23.670000000000016,49.0,1011.0,,8.8,60.0,93.30935496032455,7.633753566028066,,183.63303329938046,-0.27943773030687574,,,,,,,,,,,,,,,,
762,2025-05-16 06:38:26.101199,40.237905,0.7510746,4.840673923492432,90.3236783390559,23.670000000000016,49.0,1011.0,,8.3,63.0,98.25210532501248,7.472725906372972,,188.57578366406838,-0.6947770221641463,,,,,,,,,,,,,,,,
763,2025-05-16 06:38:31.100174,40.237905,0.7510746,4.840673923492432,90.3236783390559,23.670000000000016,49.0,1011.0,,7.4,62.0,101.8134421559804,6.675196963907197,,192.1371204950363,-0.9910103486138436,,,,,,,,,,,,,,,,
764,2025-05-16 06:38:36.101765,40.237905,0.7510746,4.840673923492432,90.3236783390559,23.670000000000016,49.0,1011.0,,7.8,57.0,95.17528056093917,6.568407145661097,,185.49895889999507,-0.43664288293551423,,,,,,,,,,,,,,,,
765,2025-05-16 06:38:41.101626,40.237905,0.7510746,4.840673923492432,90.3236783390559,23.670000000000016,49.0,1011.0,,7.5,58.0,97.75594636892762,6.419083156855819,,188.07962470798353,-0.6532671725285495,,,,,,,,,,,,,,,,
766,2025-05-16 06:38:46.100197,40.237905,0.7510746,4.840673923492432,90.3236783390559,23.670000000000016,49.0,1011.0,,7.1,53.0,95.71815689053447,5.698668434378192,,186.0418352295904,-0.4823009113319132,,,,,,,,,,,,,,,,
767,2025-05-16 06:38:51.101445,40.237905,0.7510746,4.840673923492432,90.3236783390559,23.670000000000016,49.0,1011.0,,8.0,56.0,93.16837175399938,6.642454059837657,,183.4920500930553,-0.2675456946043414,,,,,,,,,,,,,,,,
768,2025-05-16 06:38:56.101774,40.237905,0.7510746,4.840673923492432,90.3236783390559,23.670000000000016,49.0,1011.0,,8.1,56.0,92.65343387236905,6.722411906142557,,182.97711221142495,-0.22409708832880154,,,,,,,,,,,,,,,,
769,2025-05-16 06:39:01.099876,40.237905,0.7510746,4.840673923492432,90.3236783390559,23.670000000000016,49.0,1011.0,,8.0,55.0,92.20273478848011,6.558062218094001,,182.52641312753602,-0.18605374642822906,,,,,,,,,,,,,,,,
770,2025-05-16 06:39:06.101436,40.237905,0.7510746,4.840673923492432,90.3236783390559,23.670000000000016,49.0,1011.0,,8.0,57.0,94.12233042133902,6.7267677558665895,,184.44600876039493,-0.3479775610554701,,,,,,,,,,,,,,,,
771,2025-05-16 06:39:11.102178,40.237905,0.7510746,4.840673923492432,90.3236783390559,23.670000000000016,49.0,1011.0,,7.9,56.0,93.69581388193835,6.563045789742775,,184.01949222099427,-0.31202693102043044,,,,,,,,,,,,,,,,
772,2025-05-16 06:39:16.101861,40.237905,0.7510746,4.840673923492432,90.3236783390559,23.670000000000016,49.0,1011.0,,8.3,56.0,91.65964346694534,6.883899594955905,,181.98332180600124,-0.1401965296260274,,,,,,,,,,,,,,,,
773,2025-05-16 06:39:21.102700,40.237905,0.7510746,4.840673923492432,90.3236783390559,23.670000000000016,49.0,1011.0,,8.4,57.0,92.15996914861346,7.0498417330998135,,182.48364748766937,-0.18244327977305563,,,,,,,,,,,,,,,,
774,2025-05-16 06:39:26.100629,40.188748,0.6695065,4.729040622711182,-152.11776579799528,23.670000000000016,49.0,1011.0,,8.6,57.0,90.35862124209682,7.212708168565238,,298.24085544410156,-0.029599446294055528,,,,,,,,,,,,,,,,
775,2025-05-16 06:39:31.100244,40.184036,0.6612624,4.650000095367432,-137.19866555620646,23.670000000000016,49.0,1011.0,,9.4,58.0,87.62059372145671,7.978531058882583,,310.4219281652503,0.19305190597078992,,,,,,,,,,,,,,,,
776,2025-05-16 06:39:36.110268,40.184029,0.6610945,4.42106294631958,-124.27582470313726,23.670000000000016,49.0,1011.0,,8.8,58.0,88.14095958582564,7.466753278314109,,323.8651348826884,0.1434223032175184,,,,,,,,,,,,,,,,
777,2025-05-16 06:39:41.099939,40.1838882,0.6609042,5.0630903244018555,-127.49341753810356,23.670000000000016,49.0,1011.0,,8.2,58.0,95.89288257433118,6.990937448012086,,328.39946503622764,-0.5198222762768506,,,,,,,,,,,,,,,,
778,2025-05-16 06:39:46.107543,40.1838425,0.660712,3.9939846992492676,-142.0371715642435,23.670000000000016,49.0,1011.0,,8.5,54.0,81.70819102097187,6.949289431886444,,299.67101945672835,0.5759914515361435,,,,,,,,,,,,,,,,
779,2025-05-16 06:39:51.100125,40.1837469,0.6604993,4.742644309997559,-123.38949837530139,23.670000000000016,49.0,1011.0,,9.1,62.0,93.350943262113,8.048584240524713,,329.9614448868116,-0.27721542041560987,,,,,,,,,,,,,,,,