id,Time,Latitude,Longitude,SpeedOverGround (m/s),CourseOverGround (deg),Temperature (C),Humidity (%),Pressure (hPa),Device1_MAC,Device1_WindSpeed (m/s),Device1_WindAngle (deg),Device1_TrueWindAngle (deg),Device1_TrueWindSpeed (m/s),Device1_CrossWindSpeed (m/s),Device1_TrueWindDirection (deg),Device1_VelocityMadeGood (m/s),Device2_MAC,Device2_WindSpeed (m/s),Device2_WindAngle (deg),Device2_TrueWindAngle (deg),Device2_TrueWindSpeed (m/s),Device2_CrossWindSpeed (m/s),Device2_TrueWindDirection (deg),Device2_VelocityMadeGood (m/s),Device3_MAC,Device3_WindSpeed (m/s),Device3_WindAngle (deg),Device3_TrueWindAngle (deg),Device3_TrueWindSpeed (m/s),Device3_CrossWindSpeed (m/s),Device3_TrueWindDirection (deg),Device3_VelocityMadeGood (m/s)
1,2025-05-16 06:40:21.146698,40.1828862,0.6590307,5.202234745025635,-127.14932626809664,23.670000000000016,49.0,1011.0,,7.7,62.0,103.14154447920306,6.9815332625554225,,335.99221821110643,-1.1827669093189106,,,,,,,,,,,,,,,,
2,2025-05-16 06:40:26.146850,40.1828101,0.6588194,5.042986869812012,-145.02368543920988,23.670000000000016,49.0,1011.0,,8.2,62.0,99.35930786374958,7.337852422083359,,314.3356224245397,-0.820116980081879,,,,,,,,,,,,,,,,
3,2025-05-16 06:40:31.148021,40.1826359,0.6584566,4.534093379974365,126.73045808705645,23.670000000000016,49.0,1011.0,,8.6,60.0,91.80027863473073,7.451496474571253,,218.53073672178718,-0.14244135363409213,,,,,,,,,,,,,,,,
4,2025-05-16 06:40:36.146928,40.1826359,0.6584566,4.534093379974365,126.73045808705645,23.670000000000016,49.0,1011.0,,8.2,66.0,99.09237448762543,7.5863969892047205,,225.82283257468188,-0.7165075906000972,,,,,,,,,,,,,,,,
5,2025-05-16 06:40:41.147093,40.1824932,0.6582095,4.47458028793335,136.16486178381166,23.670000000000016,49.0,1011.0,,8.0,61.0,94.86953509494892,7.022304153957324,,231.03439687876056,-0.3798343297934308,,,,,,,,,,,,,,,,
6,2025-05-16 06:40:46.147343,40.1824096,0.6580098,5.057244300842285,134.64037722144315,23.670000000000016,49.0,1011.0,,8.8,62.0,96.7955316923796,7.824910858087008,,231.43590891382274,-0.5984061687892008,,,,,,,,,,,,,,,,
7,2025-05-16 06:40:51.147080,40.1822842,0.6577576,4.894993782043457,137.3500771897273,23.670000000000016,49.0,1011.0,,8.1,65.0,101.33670079453876,7.487175779904232,,238.68677798426606,-0.962229665029513,,,,,,,,,,,,,,,,
8,2025-05-16 06:40:56.147016,40.1821223,0.6575614,4.472618579864502,136.36122972244954,23.670000000000016,49.0,1011.0,,7.4,66.0,102.20933200153529,6.916681612619418,,238.57056172398484,-0.9458872205006238,,,,,,,,,,,,,,,,
9,2025-05-16 06:41:01.147082,40.1819461,0.6573365,4.898189544677734,133.75338153506863,23.670000000000016,49.0,1011.0,,8.2,58.0,94.54552830638075,6.975935981809729,,228.29890984144936,-0.3881875960459245,,,,,,,,,,,,,,,,
10,2025-05-16 06:41:06.147146,40.1818555,0.6571527,4.62056303024292,134.9776246419017,23.670000000000016,49.0,1011.0,,8.0,58.0,93.21602029981128,6.795086234565094,,228.193644941713,-0.2592166993925674,,,,,,,,,,,,,,,,
11,2025-05-16 06:41:11.147183,40.1817481,0.6569099,4.649039268493652,136.40850829188435,23.670000000000016,49.0,1011.0,,7.8,57.0,93.50655787376611,6.553900613325023,,229.91506616565044,-0.28434817593664996,,,,,,,,,,,,,,,,
12,2025-05-16 06:41:16.147457,40.1816237,0.6566662,4.6598687171936035,132.10382254861884,23.670000000000016,49.0,1011.0,,8.3,66.0,99.6108940954528,7.69036690273437,,231.71471664407164,-0.777994061368979,,,,,,,,,,,,,,,,
13,2025-05-16 06:41:21.146855,40.181482,0.656454,4.391515254974365,132.68507164698693,23.670000000000016,49.0,1011.0,,8.7,65.0,95.1795051363156,7.917205642041958,,227.86457678330254,-0.3964499406026883,,,,,,,,,,,,,,,,
14,2025-05-16 06:41:26.146861,40.1813675,0.6562465,4.519260406494141,134.95184750797407,23.670000000000016,49.0,1011.0,,8.3,64.0,96.73357696815836,7.5118062228037195,,231.68542447613243,-0.5298956811805842,,,,,,,,,,,,,,,,
15,2025-05-16 06:41:31.147436,40.1812251,0.6560017,5.047377109527588,130.68974116399443,23.670000000000016,49.0,1011.0,,7.7,58.0,98.4234982644795,6.6011816576490325,,229.11323942847395,-0.7393839064975553,,,,,,,,,,,,,,,,
16,2025-05-16 06:41:36.147314,40.1811049,0.6557852,4.85076904296875,134.34712987961782,23.670000000000016,49.0,1011.0,,8.3,57.0,92.71637798389781,6.968796070738886,,227.06350786351564,-0.22988755527107588,,,,,,,,,,,,,,,,
17,2025-05-16 06:41:41.146927,40.1809572,0.6555855,4.610166072845459,134.53726868573264,23.670000000000016,49.0,1011.0,,8.6,58.0,90.41526615989999,7.293405187578348,,224.9525348456326,-0.03341309284723236,,,,,,,,,,,,,,,,
18,2025-05-16 06:41:46.147246,40.1809177,0.6553482,4.400423526763916,132.3489580379306,23.670000000000016,49.0,1011.0,,8.6,56.0,86.71971836312129,7.141423860118184,,219.0686764010519,0.2517941873833691,,,,,,,,,,,,,,,,
19,2025-05-16 06:41:51.146850,40.1808153,0.6551547,4.698803424835205,133.14263967986443,23.670000000000016,49.0,1011.0,,8.7,62.0,94.57295262343656,7.706175692912293,,227.71559230330098,-0.37462793902984953,,,,,,,,,,,,,,,,
20,2025-05-16 06:41:56.146967,40.1806998,0.6549153,4.610332489013672,133.20049138213443,23.670000000000016,49.0,1011.0,,8.3,65.0,98.33883788803949,7.602732929471135,,231.53932927017394,-0.6686223066385536,,,,,,,,,,,,,,,,
21,2025-05-16 06:42:01.147099,40.1805822,0.6546955,4.311002254486084,131.88186872135012,23.670000000000016,49.0,1011.0,,8.4,63.0,93.80278279725027,7.500970077102757,,225.6846515186004,-0.28591585432852207,,,,,,,,,,,,,,,,
22,2025-05-16 06:42:06.146977,40.1804405,0.6544571,4.519518852233887,133.1056337149413,23.670000000000016,49.0,1011.0,,8.0,65.0,98.92453149198393,7.339315460990282,,232.03016520692523,-0.7011282010107162,,,,,,,,,,,,,,,,
23,2025-05-16 06:42:11.147357,40.1803393,0.6542914,4.549844264984131,134.0566829153522,23.670000000000016,49.0,1011.0,,7.9,58.0,93.10550676667506,6.709432975762355,,227.16218968202728,-0.24648682711376546,,,,,,,,,,,,,,,,
24,2025-05-16 06:42:16.147047,40.1802198,0.6540799,4.470202445983887,131.393100384344,23.670000000000016,49.0,1011.0,,8.8,62.0,92.497128403317,7.777324113746185,,223.890228787661,-0.19476366382774693,,,,,,,,,,,,,,,,
25,2025-05-16 06:42:21.146843,40.1800766,0.6538173,4.092611789703369,131.69216704734217,23.670000000000016,49.0,1011.0,,8.7,65.0,93.01886976963983,7.895835237627151,,224.71103681698202,-0.21553675187860957,,,,,,,,,,,,,,,,
26,2025-05-16 06:42:26.146973,40.1799747,0.6536493,4.80717658996582,130.67185972874734,23.670000000000016,49.0,1011.0,,8.4,65.0,99.37700897060715,7.716090748969899,,230.0488686993545,-0.7832336092643729,,,,,,,,,,,,,,,,
27,2025-05-16 06:42:31.147120,40.1798403,0.6534132,4.819950580596924,127.46914304579333,23.670000000000016,49.0,1011.0,,8.8,63.0,96.0052533310024,7.884123058275192,,223.4743963767957,-0.5042615354080165,,,,,,,,,,,,,,,,
28,2025-05-16 06:42:36.146994,40.1796968,0.6531398,4.030965328216553,126.0439694339568,23.670000000000016,49.0,1011.0,,8.7,62.0,89.60142900189442,7.681829923492444,,215.64539843585123,0.028040685197586093,,,,,,,,,,,,,,,,
29,2025-05-16 06:42:41.147765,40.1795874,0.6529459,4.528622627258301,129.36939729553924,23.670000000000016,49.0,1011.0,,8.4,61.0,93.55338964115587,7.36095713807836,,222.9227869366951,-0.280677689818839,,,,,,,,,,,,,,,,
30,2025-05-16 06:42:46.147023,40.1794677,0.6527331,4.4701457023620605,127.41765707982977,23.670000000000016,49.0,1011.0,,8.1,66.0,99.02702937930087,7.492517285687297,,226.44468645913065,-0.7013676095713437,,,,,,,,,,,,,,,,
31,2025-05-16 06:42:51.146835,40.1793542,0.6525057,4.5896687507629395,129.06063176391964,23.670000000000016,49.0,1011.0,,8.6,58.0,90.25424397615261,7.293285430935832,,219.31487574007224,-0.020366103976310758,,,,,,,,,,,,,,,,
32,2025-05-16 06:42:56.146817,40.1792312,0.6522684,4.490297317504883,127.14574724897156,23.670000000000016,49.0,1011.0,,8.2,63.0,95.99733982016555,7.346462543284301,,223.1430870691371,-0.4691565402298444,,,,,,,,,,,,,,,,
33,2025-05-16 06:43:01.146877,40.1791246,0.6520937,4.93803071975708,130.29509283375108,23.670000000000016,49.0,1011.0,,7.8,57.0,96.01986498208164,6.577903657425285,,226.3149578158327,-0.5178674141831612,,,,,,,,,,,,,,,,
34,2025-05-16 06:43:06.147189,40.1789641,0.6518315,4.331297397613525,129.8199575543283,23.670000000000016,49.0,1011.0,,7.9,60.0,93.18991935681595,6.8522177216888585,,223.00987691114426,-0.24101867352709,,,,,,,,,,,,,,,,
35,2025-05-16 06:43:11.147183,40.1788804,0.6516701,4.608704090118408,126.71976201081621,23.670000000000016,49.0,1011.0,,8.3,57.0,90.72593706795067,6.961524468699125,,217.4456990787669,-0.05839068168374055,,,,,,,,,,,,,,,,
36,2025-05-16 06:43:16.146802,40.1787416,0.6514001,4.889221668243408,128.6406570922339,23.670000000000016,49.0,1011.0,,7.8,65.0,102.6975782902071,7.2464203896221875,,231.338235382441,-1.074675229073005,,,,,,,,,,,,,,,,
37,2025-05-16 06:43:21.147087,40.1786232,0.6511816,4.441288471221924,129.73601452942887,23.670000000000016,49.0,1011.0,,7.6,55.0,90.75561828934393,6.226096962770964,,220.4916328187728,-0.058570134612071605,,,,,,,,,,,,,,,,
38,2025-05-16 06:43:26.147327,40.1785319,0.6509773,4.599535942077637,124.53515332554431,23.670000000000016,49.0,1011.0,,7.9,61.0,96.3550845459337,6.952217082552372,,220.890237871478,-0.5091219938430126,,,,,,,,,,,,,,,,
39,2025-05-16 06:43:31.146843,40.1784297,0.6507551,4.550103664398193,124.99384150944569,23.670000000000016,49.0,1011.0,,7.7,61.0,96.91758134197893,6.783956021426377,,221.91142285142462,-0.5480211423786404,,,,,,,,,,,,,,,,
40,2025-05-16 06:43:36.147119,40.1782978,0.6505316,4.629840850830078,129.22260286989734,23.670000000000016,49.0,1011.0,,8.0,55.0,90.36046988624523,6.553346049656557,,219.58307275614257,-0.029127925465205772,,,,,,,,,,,,,,,,
41,2025-05-16 06:43:41.146968,40.1781912,0.6503454,4.430897235870361,123.48191083477167,23.670000000000016,49.0,1011.0,,8.5,61.0,92.38790065153262,7.440728661106053,,215.8698114863043,-0.18461184704995923,,,,,,,,,,,,,,,,
42,2025-05-16 06:43:46.146846,40.1780229,0.6500779,4.549860954284668,124.9387628639787,23.670000000000016,49.0,1011.0,,8.7,63.0,94.42702748167238,7.7749537118552805,,219.36579034565108,-0.3512007998510163,,,,,,,,,,,,,,,,
43,2025-05-16 06:43:51.147046,40.1778923,0.6498536,4.520106792449951,126.01663501689842,23.670000000000016,49.0,1011.0,,8.6,65.0,96.48220178757599,7.844396407399534,,222.49883680447442,-0.5102955024062161,,,,,,,,,,,,,,,,
44,2025-05-16 06:43:56.147216,40.1777762,0.6496425,4.270607948303223,122.53878465379796,23.670000000000016,49.0,1011.0,,8.5,67.0,96.91840348917441,7.881680111341896,,219.45718814297237,-0.5144191029755244,,,,,,,,,,,,,,,,
45,2025-05-16 06:44:01.147154,40.1776828,0.6494457,4.529415130615234,127.02778988200544,23.670000000000016,49.0,1011.0,,8.2,63.0,96.30058213029741,7.350652612602629,,223.32837201230285,-0.4970779903323913,,,,,,,,,,,,,,,,
46,2025-05-16 06:44:06.146970,40.1775853,0.6492265,4.559882640838623,128.10906346913183,23.670000000000016,49.0,1011.0,,8.2,68.0,101.07443530176556,7.747171820597661,,229.1834987708974,-0.8758809814958353,,,,,,,,,,,,,,,,
47,2025-05-16 06:44:11.147215,40.1774711,0.6489818,4.619872570037842,123.93984769786434,23.670000000000016,49.0,1011.0,,7.4,65.0,102.54610328429618,6.8707403779503045,,226.48595098216052,-1.0035523936285524,,,,,,,,,,,,,,,,
48,2025-05-16 06:44:16.146867,40.1773517,0.6487751,4.5002641677856445,126.46510523780145,23.670000000000016,49.0,1011.0,,7.8,65.0,99.66441047070018,7.170971620946804,,226.12951570850163,-0.7554911761629074,,,,,,,,,,,,,,,,
49,2025-05-16 06:44:21.146853,40.177222,0.6485448,4.260669708251953,126.67255174327308,23.670000000000016,49.0,1011.0,,8.6,66.0,95.54508949631781,7.893428523735578,,222.21764123959088,-0.41170450854113116,,,,,,,,,,,,,,,,
50,2025-05-16 06:44:26.147502,40.1770847,0.648328,4.858672142028809,122.89618113230804,23.670000000000016,49.0,1011.0,,8.6,67.0,100.71800139004006,8.05689905985427,,223.6141825223481,-0.9035931402540607,,,,,,,,,,,,,,,,
51,2025-05-16 06:44:31.147153,40.1769479,0.6481057,4.660441875457764,125.35793157334238,23.670000000000016,49.0,1011.0,,8.0,67.0,101.77140653845771,7.522236573148961,,227.1293381118001,-0.9507652011369971,,,,,,,,,,,,,,,,
52,2025-05-16 06:44:36.146975,40.1768185,0.6478877,4.66996431350708,128.5358136884742,23.670000000000016,49.0,1011.0,,7.5,73.0,109.05397789089892,7.588022488067198,,237.58979157937313,-1.524550830287304,,,,,,,,,,,,,,,,
53,2025-05-16 06:44:41.147127,40.1767242,0.6477151,4.361392498016357,121.44661008475624,23.670000000000016,49.0,1011.0,,7.9,58.0,91.49654417782867,6.701865952492098,,212.94315426258493,-0.1139049764460335,,,,,,,,,,,,,,,,
54,2025-05-16 06:44:46.147025,40.1765958,0.6474634,4.737541198730469,124.55472864770556,23.670000000000016,49.0,1011.0,,8.3,55.0,89.80496965768668,6.799001356495138,,214.35969830539224,0.016126187745152204,,,,,,,,,,,,,,,,
55,2025-05-16 06:44:51.146946,40.176478,0.6472487,4.48084020614624,123.82010082133567,23.670000000000016,49.0,1011.0,,8.1,59.0,92.54852349737223,6.949929155769572,,216.3686243187079,-0.19924262256209932,,,,,,,,,,,,,,,,
56,2025-05-16 06:44:56.147019,40.1763511,0.6470282,4.938987731933594,126.47642969144533,23.670000000000016,49.0,1011.0,,8.5,62.0,97.20278460611978,7.5647509477602775,,223.67921429756512,-0.6192574469754685,,,,,,,,,,,,,,,,
57,2025-05-16 06:45:01.146879,40.1762083,0.6467847,4.353006362915039,127.0623506392057,23.670000000000016,49.0,1011.0,,8.2,65.0,96.8103165769169,7.484533431252781,,223.8726672161226,-0.5161915001177318,,,,,,,,,,,,,,,,
58,2025-05-16 06:45:06.147899,40.1760778,0.6465598,4.419944763183594,124.42608886487754,23.670000000000016,49.0,1011.0,,8.2,62.0,94.50365078908906,7.262594739695212,,218.9297396539666,-0.34706563172862837,,,,,,,,,,,,,,,,
59,2025-05-16 06:45:11.147110,40.1759483,0.6463347,4.659501552581787,123.70501213382096,23.670000000000016,49.0,1011.0,,7.8,66.0,101.78712467229333,7.279147642960403,,225.49213680611427,-0.9518247057352247,,,,,,,,,,,,,,,,
60,2025-05-16 06:45:16.146917,40.1758415,0.646155,4.72971773147583,127.31021820418547,23.670000000000016,49.0,1011.0,,7.6,61.0,98.93579529405785,6.728776815212819,,226.24601349824331,-0.7346556082845616,,,,,,,,,,,,,,,,
61,2025-05-16 06:45:21.146933,40.175673,0.6459001,4.510500907897949,128.303355030262,23.670000000000016,49.0,1011.0,,8.1,69.0,102.00266399608869,7.731017478910616,,230.30601902635067,-0.9379910043492335,,,,,,,,,,,,,,,,
62,2025-05-16 06:45:26.148615,40.1755495,0.6456847,4.67914342880249,125.29479330465479,23.670000000000016,49.0,1011.0,,7.8,66.0,101.93838637295315,7.283185389125077,,227.23317967760795,-0.9679262497370151,,,,,,,,,,,,,,,,
63,2025-05-16 06:45:31.147010,40.1754312,0.6454674,4.829592704772949,126.66775695047573,23.670000000000016,49.0,1011.0,,7.4,62.0,101.72031081061617,6.672937168893882,,228.38806776109192,-0.9810564540480995,,,,,,,,,,,,,,,,
64,2025-05-16 06:45:36.147165,40.1753018,0.6452336,4.47108793258667,125.5480020775655,23.670000000000016,49.0,1011.0,,7.4,64.0,100.45366522118923,6.763334039049111,,226.00166729875474,-0.8112355948505907,,,,,,,,,,,,,,,,
65,2025-05-16 06:45:41.146924,40.1751815,0.6450222,4.589674949645996,122.45627596862421,23.670000000000016,49.0,1011.0,,7.6,57.0,94.04214880411193,6.389791145426337,,216.49842477273614,-0.3235275560247546,,,,,,,,,,,,,,,,
66,2025-05-16 06:45:46.146876,40.1750657,0.6448115,4.550071716308594,124.81601070421523,23.670000000000016,49.0,1011.0,,7.3,57.0,95.35806627444173,6.149163460080322,,220.17407697865696,-0.4248841258051534,,,,,,,,,,,,,,,,
67,2025-05-16 06:45:51.146997,40.1749521,0.644602,4.5399861335754395,126.69966759427803,23.670000000000016,49.0,1011.0,,8.1,61.0,94.94559274101084,7.11089340722467,,221.64526033528887,-0.3913909844516305,,,,,,,,,,,,,,,,
68,2025-05-16 06:45:56.147180,40.1748398,0.644375,4.559915542602539,127.33247096050137,23.670000000000016,49.0,1011.0,,8.3,60.0,93.26390987568858,7.199689628870618,,220.59638083618995,-0.25961956003940667,,,,,,,,,,,,,,,,
69,2025-05-16 06:46:01.147304,40.1747323,0.6441458,4.879268646240234,122.15667655087077,23.670000000000016,49.0,1011.0,,8.5,61.0,95.82472611471843,7.472849795847767,,217.9814026655892,-0.4951756555843802,,,,,,,,,,,,,,,,
70,2025-05-16 06:46:06.146875,40.1746025,0.6439291,4.8799238204956055,127.29150348585964,23.670000000000016,49.0,1011.0,,8.8,60.0,93.60336725376644,7.636119883388362,,220.89487073962607,-0.3066991769936118,,,,,,,,,,,,,,,,
71,2025-05-16 06:46:11.147019,40.1744875,0.6437118,4.4311933517456055,126.99727259679382,23.670000000000016,49.0,1011.0,,8.9,67.0,96.6399035860159,8.247815609993939,,223.63717618280972,-0.512374261057247,,,,,,,,,,,,,,,,
72,2025-05-16 06:46:16.146856,40.1743757,0.6434957,4.629432678222656,125.41731323798648,23.670000000000016,49.0,1011.0,,8.9,65.0,96.14289700188016,8.112721691070767,,221.56021023986665,-0.4953886294295535,,,,,,,,,,,,,,,,
73,2025-05-16 06:46:21.147735,40.1742384,0.6432741,4.5502424240112305,129.2417683807084,23.670000000000016,49.0,1011.0,,9.1,68.0,97.7036333112919,8.514216423628138,,226.9454016920003,-0.6099555677740659,,,,,,,,,,,,,,,,
74,2025-05-16 06:46:26.147182,40.1741099,0.6430539,4.589906215667725,125.90433304656507,23.670000000000016,49.0,1011.0,,8.8,69.0,99.91646305296055,8.340109960679031,,225.82079609952564,-0.790437613353081,,,,,,,,,,,,,,,,
75,2025-05-16 06:46:31.146938,40.1739848,0.6428477,4.380544185638428,123.50190962866147,23.670000000000016,49.0,1011.0,,8.6,67.0,97.34378661984334,7.981816198450239,,220.8456962485048,-0.5599325370276499,,,,,,,,,,,,,,,,
76,2025-05-16 06:46:36.147016,40.1738602,0.6426435,4.519618034362793,126.93737183777282,23.670000000000016,49.0,1011.0,,8.2,69.0,101.66879331733472,7.816910688642636,,228.60616515510753,-0.9141104753516424,,,,,,,,,,,,,,,,
77,2025-05-16 06:46:41.147324,40.1737446,0.6424315,4.4003119468688965,125.83850368334448,23.670000000000016,49.0,1011.0,,7.6,67.0,101.55847000885167,7.140643855328621,,227.39697369219616,-0.8816809907837126,,,,,,,,,,,,,,,,
78,2025-05-16 06:46:46.146844,40.1736375,0.6422089,4.45983362197876,125.04704868308008,23.670000000000016,49.0,1011.0,,7.1,65.0,102.77710829468221,6.598170553078333,,227.8241569777623,-0.9863317777660137,,,,,,,,,,,,,,,,
79,2025-05-16 06:46:51.147055,40.1735355,0.6419864,4.440064430236816,123.19847164459448,23.670000000000016,49.0,1011.0,,7.5,61.0,96.98768443457271,6.60873534727095,,220.18615607916718,-0.5401604588290041,,,,,,,,,,,,,,,,
80,2025-05-16 06:46:56.146843,40.1734168,0.6417813,4.549612522125244,127.11345411457575,23.670000000000016,49.0,1011.0,,8.3,63.0,96.03224605471371,7.4365308970849595,,223.14570016928946,-0.4781104242816684,,,,,,,,,,,,,,,,
81,2025-05-16 06:47:01.146811,40.1732904,0.6415816,4.201735973358154,127.96595734564171,23.670000000000016,49.0,1011.0,,8.1,71.0,101.54635433165332,7.816890179779946,,229.51231167729503,-0.8410222588621754,,,,,,,,,,,,,,,,
82,2025-05-16 06:47:06.146916,40.1731667,0.641371,4.598946571350098,122.96576709957213,23.670000000000016,49.0,1011.0,,8.3,63.0,96.40997358648187,7.441877041416896,,219.375740686054,-0.5134352142054303,,,,,,,,,,,,,,,,
83,2025-05-16 06:47:11.147012,40.1730409,0.6411548,4.839480400085449,122.70066013712726,23.670000000000016,49.0,1011.0,,8.5,65.0,99.1964604274323,7.803926770402332,,221.89712056455954,-0.7734467490390756,,,,,,,,,,,,,,,,
84,2025-05-16 06:47:16.146907,40.1729178,0.6409582,4.201625823974609,126.84862035969766,23.670000000000016,49.0,1011.0,,8.0,66.0,97.3887587017256,7.369557424637241,,224.23737906142327,-0.5403334108702071,,,,,,,,,,,,,,,,
85,2025-05-16 06:47:21.147143,40.1728401,0.6408076,4.448853492736816,121.9650897446519,23.670000000000016,49.0,1011.0,,8.0,65.0,98.37874870176226,7.328685402062569,,220.34383844641417,-0.6482695463750816,,,,,,,,,,,,,,,,
86,2025-05-16 06:47:26.147389,40.1727194,0.6405416,4.687711238861084,121.84094422629776,23.670000000000016,49.0,1011.0,,8.3,68.0,101.59136496782413,7.855841617953128,,223.4323091941219,-0.9419031661412777,,,,,,,,,,,,,,,,
87,2025-05-16 06:47:31.147040,40.1725927,0.6403148,4.590209007263184,124.69618186541653,23.670000000000016,49.0,1011.0,,7.8,58.0,93.95076691373693,6.630531798083296,,218.64694877915346,-0.3162620121184045,,,,,,,,,,,,,,,,
88,2025-05-16 06:47:36.147105,40.1724643,0.6400916,4.729379177093506,118.59536127611275,23.670000000000016,49.0,1011.0,,9.2,69.0,99.46818994708926,8.707562328441206,,218.063551223202,-0.7779828954057882,,,,,,,,,,,,,,,,
89,2025-05-16 06:47:41.147025,40.1723279,0.6398876,4.580282211303711,120.49229605392206,23.670000000000016,49.0,1011.0,,8.4,65.0,97.70718979998603,7.682385170458356,,218.19948585390807,-0.6142641141423395,,,,,,,,,,,,,,,,
90,2025-05-16 06:47:46.147061,40.1722125,0.6396887,4.420360565185547,125.45483829728653,23.670000000000016,49.0,1011.0,,9.0,59.0,88.40373694328642,7.717500605767439,,213.85857524057295,0.12313551827332483,,,,,,,,,,,,,,,,
91,2025-05-16 06:47:51.146887,40.1721053,0.6394813,4.290325164794922,118.81517042398211,23.670000000000016,49.0,1011.0,,8.4,63.0,93.64516122359711,7.499627102557691,,212.4603316475792,-0.27276667500542257,,,,,,,,,,,,,,,,
92,2025-05-16 06:47:56.146941,40.1719768,0.6392771,4.529504299163818,124.8162702514037,23.670000000000016,49.0,1011.0,,9.2,66.0,95.3530828953224,8.441433902179206,,220.1693531467261,-0.422571307415096,,,,,,,,,,,,,,,,
93,2025-05-16 06:48:01.146806,40.1718504,0.6390592,4.390415191650391,120.43153469106562,23.670000000000016,49.0,1011.0,,8.9,69.0,98.224416709833,8.395207487318835,,218.65595140089863,-0.628052036006118,,,,,,,,,,,,,,,,
94,2025-05-16 06:48:06.146750,40.1717383,0.6388533,4.619349002838135,118.05878161491655,23.670000000000016,49.0,1011.0,,9.4,71.0,99.94895124900157,9.023570365030038,,218.00773286391814,-0.7980880494093678,,,,,,,,,,,,,,,,
95,2025-05-16 06:48:11.147021,40.1716118,0.6386451,4.560124397277832,116.00074999534334,23.670000000000016,49.0,1011.0,,8.4,71.0,102.94324063426093,8.149412797587706,,218.9439906296043,-1.0214026383019061,,,,,,,,,,,,,,,,
96,2025-05-16 06:48:16.147003,40.171486,0.6384356,4.420437812805176,115.63518461058591,23.670000000000016,49.0,1011.0,,8.2,72.0,103.59863416149679,8.023591950394366,,219.2338187720827,-1.0393286664142578,,,,,,,,,,,,,,,,
97,2025-05-16 06:48:21.146916,40.1713941,0.6382643,4.220837116241455,117.17897128754888,23.670000000000016,49.0,1011.0,,8.9,71.0,98.93660519590968,8.518523187049462,,216.11557648345854,-0.6556713531708996,,,,,,,,,,,,,,,,
98,2025-05-16 06:48:26.147072,40.1712638,0.6380071,4.569399356842041,117.34277288422412,23.670000000000016,49.0,1011.0,,7.9,71.0,104.9709292452233,7.732045396663738,,222.31370212944742,-1.1804080008540612,,,,,,,,,,,,,,,,
99,2025-05-16 06:48:31.146921,40.1711417,0.637786,4.430388450622559,114.09627468869034,23.670000000000016,49.0,1011.0,,9.1,71.0,99.68040869507212,8.728504001257916,,213.77668338376247,-0.7449801203912488,,,,,,,,,,,,,,,,
100,2025-05-16 06:48:36.146925,40.171025,0.637582,4.410034656524658,116.38586338150533,23.670000000000016,49.0,1011.0,,8.2,75.0,106.11039723475837,8.244357461291237,,222.4962606162637,-1.2237360956287797,,,,,,,,,,,,,,,,
101,2025-05-16 06:48:41.146937,40.1709097,0.6373516,4.340494632720947,116.74786340751601,23.670000000000016,49.0,1011.0,,8.6,72.0,101.62704124384729,8.350434961246643,,218.3749046513633,-0.874784233784902,,,,,,,,,,,,,,,,
102,2025-05-16 06:48:46.146882,40.1707864,0.6371222,4.87802791595459,113.47299260617,23.670000000000016,49.0,1011.0,,8.0,75.0,109.96679544851638,8.221601541900421,,223.43978805468637,-1.665727055916194,,,,,,,,,,,,,,,,
103,2025-05-16 06:48:51.147245,40.1706608,0.6368697,4.471119403839111,112.22711146004632,23.670000000000016,49.0,1011.0,,7.8,63.0,97.6217506662072,7.011798292570787,,209.84886212625352,-0.5930164896426432,,,,,,,,,,,,,,,,
104,2025-05-16 06:48:56.146918,40.1705683,0.6366878,4.191274642944336,112.27791440709287,23.670000000000016,49.0,1011.0,,7.1,61.0,96.87870186253919,6.254822565594818,,209.15661626963205,-0.5019797439342031,,,,,,,,,,,,,,,,
105,2025-05-16 06:49:01.146993,40.1704599,0.6364829,4.3991780281066895,111.50472333266909,23.670000000000016,49.0,1011.0,,7.9,62.0,95.65222703536634,7.009365262167806,,207.15695036803544,-0.43327523065782747,,,,,,,,,,,,,,,,
106,2025-05-16 06:49:06.146871,40.1703223,0.636251,4.55967378616333,113.96537411324705,23.670000000000016,49.0,1011.0,,8.7,60.0,91.59406054041831,7.537337931697374,,205.55943465366536,-0.12684107772241873,,,,,,,,,,,,,,,,
107,2025-05-16 06:49:11.147123,40.1702238,0.6360934,4.569906234741211,113.76258579678937,23.670000000000016,49.0,1011.0,,8.6,69.0,100.49926376743743,8.16550467825722,,214.2618495642268,-0.8327415255286919,,,,,,,,,,,,,,,,
108,2025-05-16 06:49:16.146929,40.1700971,0.6358861,4.221192836761475,112.78206433010985,23.670000000000016,49.0,1011.0,,8.6,65.0,94.30455693526586,7.816295432226334,,207.0866212653757,-0.31683444490517976,,,,,,,,,,,,,,,,
109,2025-05-16 06:49:21.147082,40.1699794,0.6356895,4.349536895751953,111.85075437640027,23.670000000000016,49.0,1011.0,,7.9,63.0,96.18662188414126,7.0801854516874565,,208.03737626054152,-0.4687375269395178,,,,,,,,,,,,,,,,
110,2025-05-16 06:49:26.147082,40.1698349,0.6354311,4.4298624992370605,110.50867001581696,23.670000000000016,49.0,1011.0,,8.3,63.0,95.11324768025,7.424901658026547,,205.62191769606696,-0.394809700083655,,,,,,,,,,,,,,,,
111,2025-05-16 06:49:31.146981,40.1696986,0.6352057,4.60964822769165,112.83811286243898,23.670000000000016,49.0,1011.0,,9.2,63.0,93.02324909751755,8.208684738544719,,205.86136195995653,-0.24311823678255803,,,,,,,,,,,,,,,,
112,2025-05-16 06:49:36.147024,40.1695982,0.6350246,4.082396984100342,106.61665747201444,23.670000000000016,49.0,1011.0,,8.8,71.0,98.32399046379892,8.409151704113286,,204.94064793581336,-0.5910107147740566,,,,,,,,,,,,,,,,
113,2025-05-16 06:49:41.147217,40.169486,0.6348364,4.189639568328857,109.19193248724356,23.670000000000016,49.0,1011.0,,7.8,65.0,97.20135134390829,7.125407772344439,,206.39328383115185,-0.5251991095683478,,,,,,,,,,,,,,,,
114,2025-05-16 06:49:46.146882,40.1693601,0.6346591,4.299487113952637,110.8861199297302,23.670000000000016,49.0,1011.0,,8.4,69.0,99.33562465355685,7.94733770769605,,210.22174458328703,-0.6974515549073148,,,,,,,,,,,,,,,,
115,2025-05-16 06:49:51.146993,40.1692166,0.6344176,4.568772792816162,108.64637112728879,23.670000000000016,49.0,1011.0,,8.1,70.0,103.29376083260325,7.821084653713353,,211.94013195989203,-1.0505608058548188,,,,,,,,,,,,,,,,
116,2025-05-16 06:49:56.147093,40.1691081,0.6341811,4.540123462677002,104.09797740424804,23.670000000000016,49.0,1011.0,,7.8,70.0,104.32990052041097,7.564973740111879,,208.42787792465901,-1.1237017687705206,,,,,,,,,,,,,,,,
117,2025-05-16 06:50:01.146853,40.1690242,0.6339995,4.579820156097412,111.63895021023818,23.670000000000016,49.0,1011.0,,8.5,68.0,100.0424412722318,8.003688437272656,,211.68139148246996,-0.7986181223393778,,,,,,,,,,,,,,,,
118,2025-05-16 06:50:06.146805,40.1689232,0.6337709,4.390684604644775,107.11832120617353,23.670000000000016,49.0,1011.0,,8.2,65.0,97.09654355537042,7.489094869996773,,204.21486476154394,-0.5424322571894559,,,,,,,,,,,,,,,,
119,2025-05-16 06:50:11.146908,40.1688253,0.6335365,4.200750350952148,109.75624954665918,23.670000000000016,49.0,1011.0,,8.5,69.0,98.27856472953741,8.018993738870446,,208.03481427619658,-0.6048492124421111,,,,,,,,,,,,,,,,
120,2025-05-16 06:50:16.147007,40.1687202,0.6333044,4.489070415496826,111.11874934267166,23.670000000000016,49.0,1011.0,,8.9,70.0,99.80335646272742,8.48719497668929,,210.9221058053991,-0.7643415641600929,,,,,,,,,,,,,,,,
121,2025-05-16 06:50:21.146904,40.168552,0.6330275,4.430252552032471,109.25055600088977,23.670000000000016,49.0,1011.0,,7.4,69.0,104.43523784546665,7.133706044813069,,213.68579384635643,-1.1043978760555748,,,,,,,,,,,,,,,,
122,2025-05-16 06:50:26.146775,40.1684103,0.6328141,4.4998779296875,108.66797501563353,23.670000000000016,49.0,1011.0,,8.1,75.0,107.07636298768672,8.184833829644113,,215.74433800332025,-1.3213711268415513,,,,,,,,,,,,,,,,
123,2025-05-16 06:50:31.146898,40.1683098,0.6326476,4.4502129554748535,107.29320819987171,23.670000000000016,49.0,1011.0,,8.2,68.0,100.27633587016247,7.726855625632797,,207.56954407003417,-0.7938994723642657,,,,,,,,,,,,,,,,
124,2025-05-16 06:50:36.147111,40.1681817,0.632419,4.499270439147949,111.00298446642911,23.670000000000016,49.0,1011.0,,8.3,69.0,101.13259614376136,7.897321618366478,,212.13558061019046,-0.868720047857646,,,,,,,,,,,,,,,,
125,2025-05-16 06:50:41.146929,40.1680765,0.6322212,4.380132675170898,109.68001780533267,23.670000000000016,49.0,1011.0,,8.8,67.0,96.6310267386993,8.15499654380674,,206.31104454403197,-0.505796099194225,,,,,,,,,,,,,,,,
126,2025-05-16 06:50:46.146886,40.1679689,0.632027,4.201502799987793,106.19165578109957,23.670000000000016,49.0,1011.0,,8.4,68.0,97.71287330826581,7.859448252855101,,203.90452908936538,-0.5638788075481305,,,,,,,,,,,,,,,,
127,2025-05-16 06:50:51.147068,40.167857,0.6318313,4.3756561279296875,108.26097770337081,23.670000000000016,49.0,1011.0,,8.1,69.0,101.02169356796993,7.704104680966406,,209.28267127134075,-0.8365407804635547,,,,,,,,,,,,,,,,
128,2025-05-16 06:50:56.147017,40.167734,0.6316234,4.4697442054748535,111.08726900078707,23.670000000000016,49.0,1011.0,,8.0,66.0,99.44546722808603,7.408810512200889,,210.5327362288731,-0.7335243930301044,,,,,,,,,,,,,,,,
129,2025-05-16 06:51:01.147053,40.1676415,0.631449,4.191244602203369,107.16771713425106,23.670000000000016,49.0,1011.0,,8.4,73.0,102.19001611265661,8.218259486289982,,209.35773324690769,-0.8850000613731458,,,,,,,,,,,,,,,,
130,2025-05-16 06:51:06.147076,40.1675003,0.6312006,4.469394683837891,108.68580863955644,23.670000000000016,49.0,1011.0,,8.0,70.0,102.98315687454186,7.714759923315496,,211.66896551409832,-1.0041148181092745,,,,,,,,,,,,,,,,
131,2025-05-16 06:51:11.146856,40.1673974,0.6310252,4.330692291259766,110.84607453062641,23.670000000000016,49.0,1011.0,,8.0,66.0,98.38153839274773,7.387264433179366,,209.22761292337412,-0.631260164818522,,,,,,,,,,,,,,,,
132,2025-05-16 06:51:16.147070,40.1672848,0.6308067,4.579031467437744,104.61901838508247,23.670000000000016,49.0,1011.0,,8.6,67.0,98.75213681705675,8.009606912828852,,203.37115520213922,-0.6967465569342667,,,,,,,,,,,,,,,,
133,2025-05-16 06:51:21.146907,40.1671599,0.6305829,4.450455188751221,111.64743330518733,23.670000000000016,49.0,1011.0,,8.2,73.0,104.67112059099827,8.105990488133711,,216.31855389618562,-1.1271684322568296,,,,,,,,,,,,,,,,
134,2025-05-16 06:51:26.147037,40.1670326,0.6303695,4.190924644470215,109.72272014802358,23.670000000000016,49.0,1011.0,,9.0,75.0,102.08654158438992,8.89041108797656,,211.80926173241352,-0.8775330260006914,,,,,,,,,,,,,,,,
135,2025-05-16 06:51:31.147136,40.1668572,0.6300431,4.8821868896484375,106.97502383738667,23.670000000000016,49.0,1011.0,,8.7,77.0,109.03770175412448,8.967504953358509,,216.01272559151116,-1.592521780724944,,,,,,,,,,,,,,,,
136,2025-05-16 06:51:36.147469,40.1667515,0.6299005,4.4200215339660645,109.21960841376044,23.670000000000016,49.0,1011.0,,8.9,74.0,102.9473347595047,8.778407606246146,,212.16694317326514,-0.9903294106411988,,,,,,,,,,,,,,,,
137,2025-05-16 06:51:41.147004,40.1666515,0.6297309,4.549361228942871,108.44725062241541,23.670000000000016,49.0,1011.0,,8.4,74.0,105.46522481444828,8.37794283071518,,213.9124754368637,-1.2131029106345255,,,,,,,,,,,,,,,,
138,2025-05-16 06:51:46.147521,40.1664907,0.6294865,4.270906448364258,107.62349565756601,23.670000000000016,49.0,1011.0,,7.5,74.0,106.99616483519785,7.538721475498745,,214.61966049276384,-1.248418809276946,,,,,,,,,,,,,,,,
139,2025-05-16 06:51:51.146866,40.1664017,0.6292969,4.548863887786865,106.45884595124129,23.670000000000016,49.0,1011.0,,7.9,75.0,108.1682109328901,8.031208344162522,,214.62705688413138,-1.4183712562703323,,,,,,,,,,,,,,,,
140,2025-05-16 06:51:56.147351,40.1662767,0.6290675,4.2111005783081055,110.22163814613634,23.670000000000016,49.0,1011.0,,7.5,75.0,107.39774369253551,7.591750300359017,,217.61938183867187,-1.2591326075835234,,,,,,,,,,,,,,,,
141,2025-05-16 06:52:01.146809,40.1661491,0.6288629,4.876392841339111,111.77497342755898,23.670000000000016,49.0,1011.0,,7.4,70.0,108.63889718861684,7.3386240795641475,,220.4138706161758,-1.5585081260614617,,,,,,,,,,,,,,,,
142,2025-05-16 06:52:06.147050,40.1660193,0.6285686,4.5306925773620605,109.5849415720861,23.670000000000016,49.0,1011.0,,7.8,69.0,103.40463689514165,7.4858638172652965,,212.98957846722774,-1.050335185428884,,,,,,,,,,,,,,,,
143,2025-05-16 06:52:11.146933,40.1659211,0.6283851,3.7827625274658203,107.78666204664846,23.670000000000016,49.0,1011.0,,8.2,70.0,97.23490061438596,7.767321561355755,,205.0215626610344,-0.476391798526871,,,,,,,,,,,,,,,,
144,2025-05-16 06:52:16.146603,40.165824,0.6282677,4.626320838928223,108.45022175470436,23.670000000000016,49.0,1011.0,,8.9,72.0,102.49713933008013,8.669818635067134,,210.9473610847845,-1.0010935868628175,,,,,,,,,,,,,,,,
145,2025-05-16 06:52:21.146999,40.1656705,0.6280182,4.540268421173096,111.97966053660592,23.670000000000016,49.0,1011.0,,8.5,69.0,100.6632223818562,8.074872364323989,,212.64288291846213,-0.840112414430762,,,,,,,,,,,,,,,,
146,2025-05-16 06:52:26.146894,40.1655186,0.6277774,4.440597057342529,110.8409313981814,23.670000000000016,49.0,1011.0,,8.9,68.0,97.63789207200826,8.325804030725642,,208.47882347018964,-0.5902081617257275,,,,,,,,,,,,,,,,
147,2025-05-16 06:52:31.147016,40.1654385,0.6275746,4.569601535797119,108.66425256253588,23.670000000000016,49.0,1011.0,,9.1,68.0,97.83269366707505,8.516833100417392,,206.49694622961093,-0.6227493324839758,,,,,,,,,,,,,,,,
148,2025-05-16 06:52:36.147094,40.165331,0.6273767,4.370404243469238,106.73283898979635,23.670000000000016,49.0,1011.0,,8.7,69.0,98.76712115069988,8.218170745506137,,205.49996014049623,-0.6661314295285161,,,,,,,,,,,,,,,,
149,2025-05-16 06:52:41.147080,40.1652495,0.6271981,4.2902631759643555,110.25227837475302,23.670000000000016,49.0,1011.0,,8.5,71.0,100.72990064676414,8.17992762959148,,210.98217902151714,-0.7987585426255461,,,,,,,,,,,,,,,,
150,2025-05-16 06:52:46.146919,40.1651047,0.6269957,3.6147632598876953,111.67777300548053,23.670000000000016,49.0,1011.0,,8.7,75.0,99.21301268565583,8.513377873478118,,210.89078569113636,-0.5787430317382871,,,,,,,,,,,,,,,,
151,2025-05-16 06:52:51.147175,40.165002,0.6268233,4.417847633361816,103.40041701450382,23.670000000000016,49.0,1011.0,,9.9,72.0,98.21067643318182,9.512970922151256,,201.61109344768562,-0.6309276868146547,,,,,,,,,,,,,,,,
152,2025-05-16 06:52:56.146866,40.1648965,0.6265956,4.469872951507568,110.68765512301714,23.670000000000016,49.0,1011.0,,9.1,74.0,102.63916578372242,8.96471974514174,,213.32682090673956,-0.9780542398470663,,,,,,,,,,,,,,,,
153,2025-05-16 06:53:01.147119,40.164768,0.6263562,4.619612216949463,107.42131522794448,23.670000000000016,49.0,1011.0,,8.2,74.0,106.66377439796676,8.227884224656973,,214.08508962591122,-1.3246963164613947,,,,,,,,,,,,,,,,
154,2025-05-16 06:53:06.147201,40.1646672,0.6261488,4.868969917297363,100.24352407069144,23.670000000000016,49.0,1011.0,,8.1,75.0,109.51244207505077,8.300717879350936,,209.7559661457422,-1.62629219306958,,,,,,,,,,,,,,,,
155,2025-05-16 06:53:11.146821,40.1645081,0.6258473,4.3121185302734375,107.31238054087194,23.670000000000016,49.0,1011.0,,8.7,71.0,100.19718309891121,8.358032472509255,,207.50956363978315,-0.763401737946084,,,,,,,,,,,,,,,,
156,2025-05-16 06:53:16.147170,40.1644123,0.6256742,4.091181755065918,98.97569752676449,23.670000000000016,49.0,1011.0,,9.2,70.0,96.23556642828976,8.696623670171459,,195.21126395505425,-0.4443696603821411,,,,,,,,,,,,,,,,
157,2025-05-16 06:53:21.147158,40.1642929,0.6254683,4.4188737869262695,107.10011192184628,23.670000000000016,49.0,1011.0,,9.2,68.0,96.50405781878688,8.58534817193608,,203.60416974063315,-0.5005416557388225,,,,,,,,,,,,,,,,
158,2025-05-16 06:53:26.146836,40.1641602,0.6252386,4.88842248916626,101.02668039111427,23.670000000000016,49.0,1011.0,,9.4,73.0,103.39145631441667,9.240510256539483,,204.41813670553094,-1.132172556109128,,,,,,,,,,,,,,,,
159,2025-05-16 06:53:31.146815,40.1640264,0.6249901,4.451627254486084,98.2060376601416,23.670000000000016,49.0,1011.0,,8.3,68.0,99.89487573521234,7.811829307207093,,198.10091339535393,-0.7649720614604643,,,,,,,,,,,,,,,,
160,2025-05-16 06:53:36.146826,40.1639004,0.624756,5.036822319030762,101.4958324248241,23.670000000000016,49.0,1011.0,,9.2,66.0,98.75832898291313,8.503777475930832,,200.25416140773723,-0.7669421307503818,,,,,,,,,,,,,,,,
161,2025-05-16 06:53:41.146839,40.1637868,0.6245451,4.461552143096924,104.54976026689855,23.670000000000016,49.0,1011.0,,8.3,67.0,99.06141627232793,7.736744165628406,,203.61117653922648,-0.7026636513497025,,,,,,,,,,,,,,,,
162,2025-05-16 06:53:46.146910,40.1636763,0.6243775,4.88720178604126,91.62609296093979,23.670000000000016,49.0,1011.0,,9.6,71.0,100.98395164635531,9.246366302035321,,192.6100446072951,-0.9311782881189079,,,,,,,,,,,,,,,,
163,2025-05-16 06:53:51.147137,40.163538,0.6241367,4.501650333404541,97.61918780665411,23.670000000000016,49.0,1011.0,,8.6,74.0,104.45592131736078,8.537136534880357,,202.0751091240149,-1.123770005377986,,,,,,,,,,,,,,,,
164,2025-05-16 06:53:56.146936,40.1634249,0.6239544,4.639277935028076,99.55135270020234,23.670000000000016,49.0,1011.0,,8.9,67.0,98.07125179173453,8.274458070852967,,197.62260449193687,-0.6513753548835718,,,,,,,,,,,,,,,,
165,2025-05-16 06:54:01.146813,40.1633057,0.623683,4.450686454772949,95.68636721494556,23.670000000000016,49.0,1011.0,,10.1,69.0,95.03753852478096,9.46572478289992,,190.72390573972652,-0.39080766417754015,,,,,,,,,,,,,,,,
166,2025-05-16 06:54:06.146881,40.1632153,0.6235106,4.698897838592529,100.50177352320961,23.670000000000016,49.0,1011.0,,9.7,72.0,100.44976001349748,9.380835715999273,,200.95153353670707,-0.8522545385176233,,,,,,,,,,,,,,,,
167,2025-05-16 06:54:11.146852,40.1630828,0.6232693,4.580113410949707,97.61065690038076,23.670000000000016,49.0,1011.0,,9.4,73.0,101.51794900602596,9.174009059317747,,199.12860590640673,-0.9145337098050195,,,,,,,,,,,,,,,,
168,2025-05-16 06:54:16.146865,40.1629523,0.623053,4.599974632263184,88.81321615505342,23.670000000000016,49.0,1011.0,,8.4,74.0,105.79829086434792,8.3915808540762,,194.61150701940136,-1.2523501955983287,,,,,,,,,,,,,,,,
169,2025-05-16 06:54:21.146949,40.1628461,0.6229037,4.520214080810547,93.62583574613612,23.670000000000016,49.0,1011.0,,8.8,73.0,103.0289288757868,8.637851577657253,,196.65476462192294,-1.0190505738446933,,,,,,,,,,,,,,,,
170,2025-05-16 06:54:26.147005,40.1627071,0.6226779,4.6696014404296875,94.11836068718574,23.670000000000016,49.0,1011.0,,8.0,68.0,102.70844940596814,7.603746563445719,,196.82681009315388,-1.0272659197163092,,,,,,,,,,,,,,,,
171,2025-05-16 06:54:31.147052,40.1625924,0.6224544,4.709693431854248,92.39039112906421,23.670000000000016,49.0,1011.0,,8.8,71.0,102.50045394260579,8.52259767474085,,194.89084507167001,-1.0194006575628682,,,,,,,,,,,,,,,,
172,2025-05-16 06:54:36.146946,40.1624903,0.6222472,3.9627115726470947,90.4270191011982,23.670000000000016,49.0,1011.0,,9.5,71.0,95.53099705651157,9.024442466672902,,185.95801615770978,-0.38194297696165885,,,,,,,,,,,,,,,,
173,2025-05-16 06:54:41.147045,40.1623996,0.6221099,4.577281475067139,93.49404724610072,23.670000000000016,49.0,1011.0,,8.7,74.0,104.60541610746559,8.642248077464906,,198.0994633535663,-1.1542111124106245,,,,,,,,,,,,,,,,
174,2025-05-16 06:54:46.147389,40.1622574,0.6218729,4.500103950500488,93.51817830443838,23.670000000000016,49.0,1011.0,,8.0,73.0,105.77416451683594,7.949823051509543,,199.2923428212743,-1.2233367956491337,,,,,,,,,,,,,,,,
175,2025-05-16 06:54:51.146955,40.1621338,0.6216683,4.559789180755615,91.20715647800787,23.670000000000016,49.0,1011.0,,9.0,70.0,99.9367101969693,8.586032954075607,,191.14386667497718,-0.7868383066824002,,,,,,,,,,,,,,,,
176,2025-05-16 06:54:56.147079,40.1620389,0.6214904,4.709315299987793,95.40240210020228,23.670000000000016,49.0,1011.0,,9.1,71.0,101.47504028830811,8.77971265697087,,196.8774423885104,-0.9368760446056265,,,,,,,,,,,,,,,,
177,2025-05-16 06:55:01.146959,40.161893,0.6212093,4.570233345031738,95.76242137135365,23.670000000000016,49.0,1011.0,,8.4,73.0,104.74605893395092,8.306549023012138,,200.50848030530457,-1.1632863085623448,,,,,,,,,,,,,,,,
178,2025-05-16 06:55:06.146877,40.1617549,0.6209875,4.500174045562744,91.82717373010496,23.670000000000016,49.0,1011.0,,8.4,68.0,99.85855180386298,7.905075119274679,,191.68572553396794,-0.7705036889548154,,,,,,,,,,,,,,,,
179,2025-05-16 06:55:11.146983,40.1616233,0.620775,4.599653244018555,90.53372714660131,23.670000000000016,49.0,1011.0,,8.4,71.0,103.21379757804719,8.158357652506053,,193.74752472464849,-1.0514131815577308,,,,,,,,,,,,,,,,
180,2025-05-16 06:55:16.147059,40.161521,0.6206037,4.311267852783203,92.7137117938051,23.670000000000016,49.0,1011.0,,8.6,70.0,99.62092128356295,8.196641676744484,,192.33463307736804,-0.720536882129387,,,,,,,,,,,,,,,,
181,2025-05-16 06:55:21.146971,40.1613876,0.6203466,4.579537868499756,93.39007127636562,23.670000000000016,49.0,1011.0,,9.5,74.0,102.11952248313925,9.340161916113585,,195.50959375950487,-0.9614818174220314,,,,,,,,,,,,,,,,
182,2025-05-16 06:55:26.146768,40.1612659,0.6201187,4.450362205505371,90.76823486156452,23.670000000000016,49.0,1011.0,,9.4,75.0,102.52731311340783,9.301137566344924,,193.29554797497235,-0.9653057843826701,,,,,,,,,,,,,,,,
183,2025-05-16 06:55:31.147048,40.1611371,0.6199205,5.522559642791748,92.17950903844006,23.670000000000016,49.0,1011.0,,8.1,75.0,113.64858748338499,8.541270307936228,,205.82809652182505,-2.215242119562932,,,,,,,,,,,,,,,,
184,2025-05-16 06:55:36.146875,40.1609487,0.6196056,4.635365009307861,94.45230912627517,23.670000000000016,49.0,1011.0,,7.7,71.0,106.29655676588077,7.585252099123323,,200.74886589215595,-1.300725270492399,,,,,,,,,,,,,,,,
185,2025-05-16 06:55:41.147078,40.1608745,0.6194072,4.539799690246582,87.08158561553678,23.670000000000016,49.0,1011.0,,8.1,70.0,103.0870216887194,7.814473340396648,,190.16860730425617,-1.0279499408028856,,,,,,,,,,,,,,,,
186,2025-05-16 06:55:46.146883,40.1607797,0.6191918,4.410247325897217,88.88034325421631,23.670000000000016,49.0,1011.0,,8.2,64.0,96.31486950428533,7.415102734177075,,185.19521275850164,-0.48509307907669086,,,,,,,,,,,,,,,,
187,2025-05-16 06:55:51.146834,40.1606854,0.6190163,4.668749809265137,91.49732340451753,23.670000000000016,49.0,1011.0,,8.5,69.0,101.55642553651614,8.099630222920373,,193.0537489410337,-0.9353040887399623,,,,,,,,,,,,,,,,
188,2025-05-16 06:55:56.146872,40.1605532,0.618745,4.341387748718262,88.41538495665687,23.670000000000016,49.0,1011.0,,8.3,69.0,100.00448771020301,7.868362691073631,,188.41987266685987,-0.7542089433971542,,,,,,,,,,,,,,,,
189,2025-05-16 06:56:01.146885,40.1604545,0.6185826,4.429566860198975,88.82414445772545,23.670000000000016,49.0,1011.0,,8.5,67.0,98.06260730763434,7.902403329551145,,186.8867517653598,-0.6212692862154732,,,,,,,,,,,,,,,,
190,2025-05-16 06:56:06.146805,40.1603218,0.6183884,4.4200263023376465,92.1352016012942,23.670000000000016,49.0,1011.0,,9.2,69.0,97.44941020377972,8.662050015781709,,189.5846118050739,-0.5730596666593254,,,,,,,,,,,,,,,,
191,2025-05-16 06:56:11.146866,40.1602026,0.6181764,4.559365272521973,89.54785764180166,23.670000000000016,49.0,1011.0,,8.6,73.0,103.96352656525987,8.474650792614877,,193.51138420706152,-1.1001938723715599,,,,,,,,,,,,,,,,
192,2025-05-16 06:56:16.147111,40.16009,0.6178874,4.440280914306641,86.5723130506423,23.670000000000016,49.0,1011.0,,7.9,70.0,103.17906640678703,7.624380595525192,,189.75137945742932,-1.0123625040726032,,,,,,,,,,,,,,,,
193,2025-05-16 06:56:21.146841,40.1600065,0.6177107,4.320522785186768,89.40740163170952,23.670000000000016,49.0,1011.0,,9.0,70.0,98.35680542390998,8.547994638343715,,187.7642070556195,-0.6279326279824976,,,,,,,,,,,,,,,,
194,2025-05-16 06:56:26.146850,40.1598991,0.6175057,4.469347953796387,87.64824542983771,23.670000000000016,49.0,1011.0,,8.5,71.0,101.95716560343077,8.2151540416507,,189.60541103326847,-0.9259611556289726,,,,,,,,,,,,,,,,
195,2025-05-16 06:56:31.146900,40.1597883,0.6172937,4.231098175048828,89.08917628808946,23.670000000000016,49.0,1011.0,,7.5,61.0,95.18311835010242,6.586579937634223,,184.27229463819188,-0.38223380642334714,,,,,,,,,,,,,,,,
196,2025-05-16 06:56:36.147211,40.1596656,0.6170953,4.55885648727417,90.65519523080081,23.670000000000016,49.0,1011.0,,8.8,60.0,91.19412941368122,7.622679016169387,,181.84932464448204,-0.09500648341865503,,,,,,,,,,,,,,,,
197,2025-05-16 06:56:41.147001,40.1595318,0.6168822,4.091665267944336,88.96210744877054,23.670000000000016,49.0,1011.0,,8.4,63.0,92.12830573479864,7.489621377674393,,181.09041318356918,-0.15195381255213972,,,,,,,,,,,,,,,,
198,2025-05-16 06:56:46.146818,40.1594177,0.6166899,4.189629077911377,83.97680018490242,23.670000000000016,49.0,1011.0,,8.1,65.0,95.9601734870266,7.380992407996933,,179.93697367192902,-0.4350391100816568,,,,,,,,,,,,,,,,
199,2025-05-16 06:56:51.146887,40.1592789,0.6164743,4.289709091186523,91.09637080967028,23.670000000000016,49.0,1011.0,,8.1,67.0,98.57865896813408,7.540451811844578,,189.67502977780435,-0.6398832493432419,,,,,,,,,,,,,,,,
200,2025-05-16 06:56:56.147128,40.1591799,0.6163137,4.678191661834717,86.95543202156664,23.670000000000016,49.0,1011.0,,8.3,71.0,104.13257387975251,8.09274437263957,,191.08800590131915,-1.1422570548659978,,,,,,,,,,,,,,,,
201,2025-05-16 06:57:01.146843,40.1590211,0.6160317,4.441565990447998,86.32631012730594,23.670000000000016,49.0,1011.0,,8.5,69.0,99.97343981425118,8.05719276190321,,186.29974994155714,-0.7692420931382644,,,,,,,,,,,,,,,,
202,2025-05-16 06:57:06.146947,40.1589244,0.6158473,4.131457805633545,88.15711501357117,23.670000000000016,49.0,1011.0,,8.2,68.0,97.93469652715451,7.676401091358303,,186.0918115407257,-0.5703243753765342,,,,,,,,,,,,,,,,
203,2025-05-16 06:57:11.146987,40.1588129,0.6156361,4.409125328063965,87.07211897334714,23.670000000000016,49.0,1011.0,,7.8,69.0,102.49618188302533,7.458618812495599,,189.56830085637247,-0.9540225279274422,,,,,,,,,,,,,,,,
204,2025-05-16 06:57:16.147381,40.1586622,0.6153627,4.2103657722473145,85.81927786445921,23.670000000000016,49.0,1011.0,,7.9,71.0,102.37131482020736,7.647166528457551,,188.19059268466657,-0.9020554082830996,,,,,,,,,,,,,,,,
205,2025-05-16 06:57:21.146724,40.1585382,0.6151518,4.369431495666504,87.62299422047617,23.670000000000016,49.0,1011.0,,7.5,65.0,100.01018301127816,6.902384257842923,,187.63317723175433,-0.7595085731663433,,,,,,,,,,,,,,,,
206,2025-05-16 06:57:26.147139,40.1584231,0.6149495,4.439633846282959,89.29132256676516,23.670000000000016,49.0,1011.0,,8.2,62.0,94.65846819412292,7.264167296591608,,183.94979076088808,-0.3605695593210117,,,,,,,,,,,,,,,,
207,2025-05-16 06:57:31.146958,40.1583129,0.6147256,4.629085063934326,87.3343845770973,23.670000000000016,49.0,1011.0,,8.3,65.0,98.47861681029441,7.6054751901851505,,185.8130013873917,-0.6825136587822448,,,,,,,,,,,,,,,,
208,2025-05-16 06:57:36.149372,40.1582173,0.6145408,4.490623950958252,86.24281106470254,23.670000000000016,49.0,1011.0,,8.3,69.0,101.0710325142508,7.895656710539459,,187.31384357895334,-0.8623157552829017,,,,,,,,,,,,,,,,
209,2025-05-16 06:57:41.147130,40.1580616,0.6142878,4.430165767669678,90.06925379247292,23.670000000000016,49.0,1011.0,,7.7,63.0,97.75600014559997,6.924093435159151,,187.82525393807288,-0.5978716712432707,,,,,,,,,,,,,,,,
210,2025-05-16 06:57:46.146842,40.1579358,0.6140823,4.380180358886719,85.63876279488494,23.670000000000016,49.0,1011.0,,6.9,65.0,103.17710231857973,6.422631071989521,,188.81586511346467,-0.9985136713830518,,,,,,,,,,,,,,,,
211,2025-05-16 06:57:51.146949,40.1578426,0.6139192,4.340189456939697,89.02371575508405,23.670000000000016,49.0,1011.0,,7.7,69.0,102.40187625118821,7.360320554077636,,191.42559200627227,-0.9321308141468412,,,,,,,,,,,,,,,,
212,2025-05-16 06:57:56.146828,40.1576884,0.6136675,4.459860324859619,89.27692452799477,23.670000000000016,49.0,1011.0,,7.8,69.0,102.87612159170978,7.469760807358844,,192.15304611970453,-0.9938524819820196,,,,,,,,,,,,,,,,
213,2025-05-16 06:58:01.146819,40.1575947,0.6134857,4.350454807281494,88.28639683418118,23.670000000000016,49.0,1011.0,,8.1,66.0,98.12088560609426,7.47467250163503,,186.40728244027542,-0.6145544192663907,,,,,,,,,,,,,,,,
214,2025-05-16 06:58:06.146908,40.1574918,0.613272,4.6987481117248535,85.70669585636989,23.670000000000016,49.0,1011.0,,8.2,67.0,101.20132157780694,7.694719002125282,,186.90801743417683,-0.9127646074681871,,,,,,,,,,,,,,,,
215,2025-05-16 06:58:11.147015,40.1573721,0.613063,4.670001983642578,85.79016076802745,23.670000000000016,49.0,1011.0,,8.7,74.0,105.1986377812688,8.666093050188163,,190.98879854929623,-1.2243168379829756,,,,,,,,,,,,,,,,
216,2025-05-16 06:58:16.147335,40.1572604,0.6128588,4.07207727432251,91.28901629521049,23.670000000000016,49.0,1011.0,,7.7,70.0,101.2444031362821,7.377244306101045,,192.53341943149258,-0.7940327305051608,,,,,,,,,,,,,,,,
217,2025-05-16 06:58:21.146881,40.1571781,0.6126599,4.139580726623535,85.4708835752752,23.670000000000016,49.0,1011.0,,8.3,72.0,101.28191427389427,8.049310244359214,,186.75279784916947,-0.8098534909444971,,,,,,,,,,,,,,,,
218,2025-05-16 06:58:26.146819,40.1570586,0.6123937,4.458474159240723,82.99942743543028,23.670000000000016,49.0,1011.0,,7.8,68.0,101.99489426553022,7.393461996199822,,184.99432170096048,-0.9265802762569603,,,,,,,,,,,,,,,,
219,2025-05-16 06:58:31.146872,40.1569323,0.6121723,4.499992847442627,83.86061183693134,23.670000000000016,49.0,1011.0,,8.0,70.0,103.20439501404607,7.721691812594298,,187.0650068509774,-1.0279133421142843,,,,,,,,,,,,,,,,
220,2025-05-16 06:58:36.147162,40.1568297,0.6120022,4.3904852867126465,86.65917939650652,23.670000000000016,49.0,1011.0,,7.4,71.0,105.81042821042699,7.271946686530261,,192.4696076069335,-1.1962113045193237,,,,,,,,,,,,,,,,
221,2025-05-16 06:58:41.146897,40.156688,0.6117475,4.61948823928833,85.9604510444142,23.670000000000016,49.0,1011.0,,7.6,73.0,108.25614273852506,7.65313238423453,,194.21659378293924,-1.4471268607068508,,,,,,,,,,,,,,,,
222,2025-05-16 06:58:46.146801,40.156572,0.6115181,4.560146331787109,83.94312735229425,23.670000000000016,49.0,1011.0,,7.2,66.0,103.93175344307954,6.776881478230532,,187.8748807953738,-1.097928094588793,,,,,,,,,,,,,,,,
223,2025-05-16 06:58:51.146807,40.1564537,0.6112926,4.330680847167969,86.64116135747602,23.670000000000016,49.0,1011.0,,7.6,69.0,102.76230618002668,7.274939376169414,,189.4034675375027,-0.9566773554542654,,,,,,,,,,,,,,,,
224,2025-05-16 06:58:56.146887,40.1563417,0.6110935,4.529594898223877,83.68293129586263,23.670000000000016,49.0,1011.0,,7.4,63.0,100.06287900448395,6.69646270656179,,183.7458103003466,-0.7914508888403101,,,,,,,,,,,,,,,,
225,2025-05-16 06:59:01.146970,40.1562199,0.6108949,4.490077972412109,86.85771250511127,23.670000000000016,49.0,1011.0,,8.2,71.0,103.21337932489183,7.96409739124595,,190.0710918300031,-1.02633397436602,,,,,,,,,,,,,,,,
226,2025-05-16 06:59:06.147041,40.1561134,0.6106853,4.440138816833496,85.87183617012246,23.670000000000016,49.0,1011.0,,7.7,73.0,106.5550280026906,7.681991929471821,,192.42686417281305,-1.2651557627032173,,,,,,,,,,,,,,,,
227,2025-05-16 06:59:11.146924,40.156012,0.6104604,4.390120506286621,82.18087024453926,23.670000000000016,49.0,1011.0,,8.2,74.0,105.1208263671593,8.165036818493636,,187.30169661169856,-1.1451867715230422,,,,,,,,,,,,,,,,
228,2025-05-16 06:59:16.147078,40.1558953,0.6102374,4.390028476715088,84.33213394628316,23.670000000000016,49.0,1011.0,,8.0,70.0,102.40747899377268,7.6973176708131,,186.73961294005585,-0.9432538692564503,,,,,,,,,,,,,,,,
229,2025-05-16 06:59:21.147350,40.1557658,0.610023,4.429880142211914,86.03895723873433,23.670000000000016,49.0,1011.0,,7.5,73.0,107.32311133091449,7.513072869400708,,193.3620685696488,-1.319040980955467,,,,,,,,,,,,,,,,
230,2025-05-16 06:59:26.146935,40.1556408,0.6098093,4.529820919036865,86.63205671531239,23.670000000000016,49.0,1011.0,,7.5,68.0,103.8950342542572,7.1635023424003945,,190.5270909695696,-1.0878089112830236,,,,,,,,,,,,,,,,
231,2025-05-16 06:59:31.147013,40.1555194,0.609597,4.569847106933594,86.18459053221734,23.670000000000016,49.0,1011.0,,7.7,71.0,105.82040293926109,7.567128489322145,,192.00499347147843,-1.24584485259277,,,,,,,,,,,,,,,,
232,2025-05-16 06:59:36.146959,40.1553998,0.6093913,4.560011386871338,81.86748067485158,23.670000000000016,49.0,1011.0,,7.7,66.0,101.47649240211346,7.177810146596996,,183.34397307696503,-0.9072866294159402,,,,,,,,,,,,,,,,
233,2025-05-16 06:59:41.147177,40.1552774,0.609183,4.599833965301514,84.48416712701848,23.670000000000016,49.0,1011.0,,7.6,68.0,103.96868499830657,7.261330794119716,,188.45285212532505,-1.1103610252153233,,,,,,,,,,,,,,,,
234,2025-05-16 06:59:46.146979,40.1551573,0.6089642,4.490268230438232,85.57642365833024,23.670000000000016,49.0,1011.0,,6.9,66.0,104.95569957821932,6.524476019940415,,190.53212323654958,-1.1588130655891726,,,,,,,,,,,,,,,,
235,2025-05-16 06:59:51.147279,40.1550371,0.6087486,4.519952774047852,84.04275249152806,23.670000000000016,49.0,1011.0,,6.8,67.0,106.5744669644961,6.530788628118697,,190.61721945602415,-1.2893674978452594,,,,,,,,,,,,,,,,
236,2025-05-16 06:59:56.146873,40.1549147,0.6085225,4.649747848510742,86.01899942597956,23.670000000000016,49.0,1011.0,,7.2,65.0,103.83395010860275,6.720354958455681,,189.8529495345823,-1.1117958734879154,,,,,,,,,,,,,,,,
237,2025-05-16 07:00:01.147531,40.1548162,0.6083394,4.560439586639404,86.04326025791144,23.670000000000016,49.0,1011.0,,7.6,61.0,97.50659063010384,6.704568999140183,,183.54985088801527,-0.5957769014416806,,,,,,,,,,,,,,,,
238,2025-05-16 07:00:06.147012,40.1547019,0.6081219,4.4702839851379395,83.54952404099393,23.670000000000016,49.0,1011.0,,7.4,63.0,99.56245224971525,6.686354409841123,,183.11197629070918,-0.7426150031148695,,,,,,,,,,,,,,,,
239,2025-05-16 07:00:11.146998,40.1545708,0.6078771,4.569583415985107,82.96685426327849,23.670000000000016,49.0,1011.0,,7.4,67.0,103.84005545292368,7.015412391286126,,186.80690971620217,-1.0931006446967622,,,,,,,,,,,,,,,,
240,2025-05-16 07:00:16.146914,40.1544656,0.6076654,4.559957504272461,86.41809420937257,23.670000000000016,49.0,1011.0,,7.3,73.0,109.1604204733631,7.390429975688495,,195.57851468273566,-1.4966428028610694,,,,,,,,,,,,,,,,
241,2025-05-16 07:00:21.147097,40.1543828,0.6074874,4.609755039215088,81.06701665507192,23.670000000000016,49.0,1011.0,,6.9,62.0,102.67702773019465,6.244564570051845,,183.7440443852666,-1.0116340418440726,,,,,,,,,,,,,,,,
242,2025-05-16 07:00:26.147058,40.154235,0.6072198,4.709839820861816,84.01473505555268,23.670000000000016,49.0,1011.0,,6.9,62.0,103.56973764593816,6.267289386490213,,187.58447270149082,-1.1050636517636228,,,,,,,,,,,,,,,,
243,2025-05-16 07:00:31.146919,40.1541186,0.6070088,4.162261962890625,85.26868265508614,23.670000000000016,49.0,1011.0,,7.6,68.0,100.57263574494594,7.168292744469579,,185.8413184000321,-0.7636996638138506,,,,,,,,,,,,,,,,
244,2025-05-16 07:00:36.146933,40.1540239,0.6068073,4.628683090209961,85.13192860752415,23.670000000000016,49.0,1011.0,,7.2,67.0,105.31852321377417,6.87177495128409,,190.45045182129832,-1.2228280356846273,,,,,,,,,,,,,,,,
245,2025-05-16 07:00:41.146902,40.153925,0.6066289,4.868913173675537,84.84407711514314,23.670000000000016,49.0,1011.0,,7.2,58.0,99.78919687172733,6.196162580631209,,184.63327398687045,-0.8278306197511465,,,,,,,,,,,,,,,,
246,2025-05-16 07:00:46.146822,40.1537776,0.6063591,4.750141620635986,84.23412073169348,23.670000000000016,49.0,1011.0,,6.9,66.0,107.13702836643705,6.596321971425515,,191.37114909813053,-1.3996670452715,,,,,,,,,,,,,,,,
247,2025-05-16 07:00:51.146957,40.1536442,0.6061436,4.819577693939209,86.37231828155514,23.670000000000016,49.0,1011.0,,7.5,67.0,105.30333548638329,7.157579456771501,,191.67565376793843,-1.2720272920398215,,,,,,,,,,,,,,,,
248,2025-05-16 07:00:56.147093,40.1535222,0.6059278,4.580455780029297,85.6979258934756,23.670000000000016,49.0,1011.0,,7.5,72.0,107.60096034121489,7.483247622698561,,193.29888623469049,-1.3850650934327962,,,,,,,,,,,,,,,,
249,2025-05-16 07:01:01.147232,40.1533997,0.6057317,4.639803409576416,84.96083236881533,23.670000000000016,49.0,1011.0,,7.7,72.0,107.15346215653193,7.664045464120154,,192.11429452534725,-1.368426678430831,,,,,,,,,,,,,,,,
250,2025-05-16 07:01:06.147073,40.153275,0.6055084,4.620046615600586,83.8293705516677,23.670000000000016,49.0,1011.0,,5.9,71.0,115.82008878961949,6.19725569414289,,199.64945934128718,-2.0122462344486447,,,,,,,,,,,,,,,,
251,2025-05-16 07:01:11.146922,40.1531561,0.6053087,4.25137996673584,85.05072448848186,23.670000000000016,49.0,1011.0,,6.5,60.0,100.08690752280276,5.717539841381069,,185.1376320112846,-0.7445941519916037,,,,,,,,,,,,,,,,
252,2025-05-16 07:01:16.146951,40.1530595,0.6051093,4.529192924499512,85.31863865867562,23.670000000000016,49.0,1011.0,,7.1,66.0,104.20090270823397,6.690628418825496,,189.5195413669096,-1.111113654458621,,,,,,,,,,,,,,,,
253,2025-05-16 07:01:21.146894,40.1529519,0.6048831,4.679372787475586,85.45754421582616,23.670000000000016,49.0,1011.0,,6.8,66.0,107.12080362147165,6.500155792439538,,192.57834783729783,-1.3775481374601912,,,,,,,,,,,,,,,,
254,2025-05-16 07:01:26.146780,40.1528326,0.604664,4.4506049156188965,83.21984447013575,23.670000000000016,49.0,1011.0,,6.9,60.0,99.50593714568826,6.0587713438584805,,182.72578161582402,-0.7350165410285714,,,,,,,,,,,,,,,,
255,2025-05-16 07:01:31.146934,40.1527111,0.6044614,4.4997878074646,84.45234527567538,23.670000000000016,49.0,1011.0,,6.9,60.0,99.96403282923617,6.067087805586906,,184.41637810491156,-0.7785979909676355,,,,,,,,,,,,,,,,
256,2025-05-16 07:01:36.146932,40.152589,0.6042489,4.569799900054932,84.54683411265334,23.670000000000016,49.0,1011.0,,7.1,65.0,103.70486344553672,6.623358852183139,,188.25169755819007,-1.0826797952074985,,,,,,,,,,,,,,,,
257,2025-05-16 07:01:41.146306,40.1524658,0.6040207,4.52018928527832,83.81107930507041,23.670000000000016,49.0,1011.0,,6.8,62.0,102.47014617682318,6.1491094246253954,,186.28122548189359,-0.9760484861995339,,,,,,,,,,,,,,,,
258,2025-05-16 07:01:46.146975,40.1523465,0.6037968,4.410338878631592,86.3209894099425,23.670000000000016,49.0,1011.0,,6.9,63.0,101.7413349455002,6.279332137516344,,188.06232435544268,-0.8974761065969822,,,,,,,,,,,,,,,,
259,2025-05-16 07:01:51.147016,40.1522572,0.6036274,4.579211711883545,81.21221964663724,23.670000000000016,49.0,1011.0,,6.8,68.0,107.86276170720906,6.624175455356976,,189.07498135384628,-1.404618619405394,,,,,,,,,,,,,,,,
260,2025-05-16 07:01:56.146999,40.152118,0.6033712,4.450340270996094,78.66460689754666,23.670000000000016,49.0,1011.0,,5.6,63.0,110.92641790509224,5.341995118574656,,189.5910248026389,-1.5895222662667157,,,,,,,,,,,,,,,,
261,2025-05-16 07:02:01.146824,40.1520046,0.6031765,4.559595584869385,84.36381236365368,23.670000000000016,49.0,1011.0,,6.2,59.0,104.41864885829752,5.487274530748981,,188.7824612219512,-1.1353627017879595,,,,,,,,,,,,,,,,
262,2025-05-16 07:02:06.146871,40.151896,0.6029607,4.709511756896973,79.03521979210073,23.670000000000016,49.0,1011.0,,6.9,65.0,106.00234233040372,6.505613476833653,,185.03756212250445,-1.298302439767158,,,,,,,,,,,,,,,,
263,2025-05-16 07:02:11.146864,40.1517593,0.6027091,4.550843238830566,79.50594959950884,23.670000000000016,49.0,1011.0,,6.3,65.0,108.30029431755297,6.013898818602839,,187.8062439170618,-1.4289526398114114,,,,,,,,,,,,,,,,
264,2025-05-16 07:02:16.146809,40.1516327,0.6024832,4.599910259246826,82.25417866490102,23.670000000000016,49.0,1011.0,,6.3,65.0,108.7429810581674,6.029485700393964,,190.99715972306842,-1.4780590824864963,,,,,,,,,,,,,,,,
265,2025-05-16 07:02:21.146910,40.1515209,0.6022739,4.142632484436035,80.76570285983682,23.670000000000016,49.0,1011.0,,6.5,67.0,104.99700413215636,6.194262090743697,,185.76270699199318,-1.071982954174183,,,,,,,,,,,,,,,,
266,2025-05-16 07:02:26.146893,40.1514267,0.6020998,4.419082164764404,76.40920330152758,23.670000000000016,49.0,1011.0,,6.7,62.0,102.1499563575851,6.051297339027784,,178.55915965911268,-0.9300887093801353,,,,,,,,,,,,,,,,
267,2025-05-16 07:02:31.147345,40.1513311,0.6019025,4.827417373657227,82.68236322396912,23.670000000000016,49.0,1011.0,,6.7,58.0,102.6662333551427,5.8236468727108,,185.3485965791118,-1.058513820205506,,,,,,,,,,,,,,,,
268,2025-05-16 07:02:36.146909,40.1512286,0.6016769,4.460843086242676,82.44996603745943,23.670000000000016,49.0,1011.0,,6.9,59.0,98.71932499456106,5.983608054393469,,181.1692910320205,-0.6762380084988526,,,,,,,,,,,,,,,,
269,2025-05-16 07:02:41.147084,40.151088,0.6014085,4.759275913238525,77.51713511698452,23.670000000000016,49.0,1011.0,,6.8,66.0,107.79144345107512,6.52412517229637,,185.30857856805966,-1.4542115594821374,,,,,,,,,,,,,,,,
270,2025-05-16 07:02:46.146866,40.1509238,0.6011748,4.849732875823975,80.35488747182806,23.670000000000016,49.0,1011.0,,6.5,63.0,108.15206508855226,6.0948654203489685,,188.50695256038034,-1.510885982611162,,,,,,,,,,,,,,,,
271,2025-05-16 07:02:51.146902,40.150816,0.6009448,4.191892147064209,76.25012136556882,23.670000000000016,49.0,1011.0,,6.7,61.0,99.14818678868694,5.935448306365109,,175.39830815425574,-0.666462410401824,,,,,,,,,,,,,,,,
272,2025-05-16 07:02:56.146998,40.1507384,0.6007474,4.279605865478516,81.71582998470979,23.670000000000016,49.0,1011.0,,6.3,60.0,101.69728980296615,5.571670253283432,,183.41311978767595,-0.8676514703525248,,,,,,,,,,,,,,,,
273,2025-05-16 07:03:01.147246,40.1506421,0.6005874,4.946852684020996,79.47134786117356,23.670000000000016,49.0,1011.0,,6.0,61.0,111.2240941580355,5.629562169791556,,190.69544201920905,-1.790842794946923,,,,,,,,,,,,,,,,
274,2025-05-16 07:03:06.147115,40.1504954,0.6002926,4.930324077606201,77.62010704891163,23.670000000000016,49.0,1011.0,,6.8,60.0,104.56684480321772,6.084561757637214,,182.18695185212937,-1.2400225269949865,,,,,,,,,,,,,,,,
275,2025-05-16 07:03:11.146835,40.1503754,0.6000973,4.153469085693359,79.63111281604932,23.670000000000016,49.0,1011.0,,6.7,67.0,103.98136302126963,6.355673368073089,,183.61247583731895,-1.003504166177066,,,,,,,,,,,,,,,,
276,2025-05-16 07:03:16.147010,40.1502681,0.5999271,4.6483378410339355,80.87524543374548,23.670000000000016,49.0,1011.0,,6.9,61.0,102.18517033947244,6.173972126293488,,183.06041577321793,-0.9811330738797911,,,,,,,,,,,,,,,,
277,2025-05-16 07:03:21.146999,40.1501615,0.5997112,4.411079406738281,77.10011791720939,23.670000000000016,49.0,1011.0,,7.2,71.0,106.88952857834958,7.114610389703972,,183.989646495559,-1.2815390816216576,,,,,,,,,,,,,,,,
278,2025-05-16 07:03:26.146911,40.150051,0.5994959,4.569159507751465,81.41188656664421,23.670000000000016,49.0,1011.0,,6.8,66.0,106.18780089362487,6.468568006071358,,187.59968746026908,-1.273820623125392,,,,,,,,,,,,,,,,
279,2025-05-16 07:03:31.146948,40.1499192,0.599322,4.340876579284668,80.5752908461552,23.670000000000016,49.0,1011.0,,6.5,66.0,105.94989164030135,6.1757989842887735,,186.52518248645654,-1.1928580098224486,,,,,,,,,,,,,,,,
280,2025-05-16 07:03:36.146844,40.1497577,0.5990276,4.589807510375977,79.92526857303426,23.670000000000016,49.0,1011.0,,6.7,65.0,106.14873574622979,6.321697893819854,,186.07400431926405,-1.2765713827300167,,,,,,,,,,,,,,,,
281,2025-05-16 07:03:41.147049,40.1496581,0.5988023,4.55014181137085,79.9989663141787,23.670000000000016,49.0,1011.0,,7.0,70.0,108.14743007316468,6.922169337780225,,188.14639638734337,-1.4172015944052057,,,,,,,,,,,,,,,,
282,2025-05-16 07:03:46.147315,40.1495769,0.5985547,4.599676609039307,81.32974671168564,23.670000000000016,49.0,1011.0,,6.2,67.0,110.88074412437476,6.108296668406124,,192.2104908360604,-1.6394351964432985,,,,,,,,,,,,,,,,
283,2025-05-16 07:03:51.146983,40.1494661,0.598297,4.519920825958252,81.35518916634393,23.670000000000016,49.0,1011.0,,6.1,59.0,104.76620365853111,5.40730266929574,,186.12139282487504,-1.1520167440457527,,,,,,,,,,,,,,,,
284,2025-05-16 07:03:56.147104,40.1493346,0.5980686,4.659332752227783,81.57126903092646,23.670000000000016,49.0,1011.0,,6.7,66.0,107.53686640521444,6.419093038502518,,189.1081354361409,-1.4039473353029006,,,,,,,,,,,,,,,,
285,2025-05-16 07:04:01.146968,40.1492081,0.5978409,4.440678119659424,78.8498211372699,23.670000000000016,49.0,1011.0,,6.5,70.0,109.95373547777956,6.4980923656165395,,188.80355661504944,-1.5154314102025896,,,,,,,,,,,,,,,,
286,2025-05-16 07:04:06.147071,40.1490783,0.5976524,4.270440101623535,80.69807715686453,23.670000000000016,49.0,1011.0,,6.1,62.0,104.63706025289112,5.56664049174931,,185.33513740975565,-1.0791198967981155,,,,,,,,,,,,,,,,
287,2025-05-16 07:04:11.147113,40.1489649,0.5974724,4.349582195281982,78.22360890359562,23.670000000000016,49.0,1011.0,,6.4,65.0,105.83187756764072,6.029074603963608,,184.05548647123635,-1.1866336704696152,,,,,,,,,,,,,,,,
288,2025-05-16 07:04:16.146922,40.148859,0.5972701,4.896763801574707,79.68519425389748,23.670000000000016,49.0,1011.0,,6.3,64.0,110.65909928260803,6.05153998511477,,190.34429353650552,-1.7276124731297378,,,,,,,,,,,,,,,,
289,2025-05-16 07:04:21.146990,40.1487663,0.5971008,2.0415892601013184,80.17605262878962,23.670000000000016,49.0,1011.0,,6.0,61.0,80.61578879963248,5.318900388266018,,160.79184142842212,0.3328894784864546,,,,,,,,,,,,,,,,
290,2025-05-16 07:04:26.147429,40.1487044,0.5970061,4.502283096313477,82.07388899156936,23.670000000000016,49.0,1011.0,,6.4,61.0,104.03730312815911,5.769865774421014,,186.11119211972846,-1.092044826246381,,,,,,,,,,,,,,,,
291,2025-05-16 07:04:31.146851,40.1485446,0.5967306,5.778177738189697,79.42914412229204,23.670000000000016,49.0,1011.0,,6.4,61.0,115.54579620550277,6.204070533974118,,194.9749403277948,-2.4917374000930317,,,,,,,,,,,,,,,,
292,2025-05-16 07:04:36.147193,40.1484237,0.5964447,4.666395664215088,231.0197296142578,23.670000000000016,49.0,1011.0,,6.5,63.0,106.49931240018236,6.040261385111771,,337.5190420144402,-1.325274278273761,,,,,,,,,,,,,,,,
293,2025-05-16 07:04:41.146966,40.1482914,0.5961932,4.550623893737793,81.31659176734419,23.670000000000016,49.0,1011.0,,6.3,61.0,105.19284482381441,5.709661213722757,,186.5094365911586,-1.1925759242086447,,,,,,,,,,,,,,,,
294,2025-05-16 07:04:46.147008,40.1481812,0.5960077,4.340517997741699,81.3613226762186,23.670000000000016,49.0,1011.0,,6.1,66.0,108.45236252077692,5.874660356944788,,189.81368519699552,-1.3738437473322334,,,,,,,,,,,,,,,,
295,2025-05-16 07:04:51.147647,40.1480429,0.5958194,4.6776933670043945,79.29989645262789,23.670000000000016,49.0,1011.0,,6.0,62.0,109.35432513010113,5.61500552562755,,188.654221582729,-1.5502302009399311,,,,,,,,,,,,,,,,
296,2025-05-16 07:04:56.146947,40.1479256,0.5955671,4.6005120277404785,81.90312743212988,23.670000000000016,49.0,1011.0,,5.7,65.0,112.98844350223999,5.611607826620014,,194.89157093436987,-1.7967090662956668,,,,,,,,,,,,,,,,
297,2025-05-16 07:05:01.147206,40.1478322,0.5953305,4.400678634643555,82.84354202800307,23.670000000000016,49.0,1011.0,,5.8,68.0,112.5041654615,5.8209194251184195,,195.34770748950308,-1.6843623804954408,,,,,,,,,,,,,,,,
298,2025-05-16 07:05:06.146845,40.1477322,0.5951132,4.837386608123779,79.54108409259938,23.670000000000016,49.0,1011.0,,6.2,67.0,112.93464278765457,6.197003456925743,,192.47572688025394,-1.8850369540696577,,,,,,,,,,,,,,,,
299,2025-05-16 07:05:11.147038,40.1476073,0.5948736,4.62124490737915,80.20013587580308,23.670000000000016,49.0,1011.0,,5.9,60.0,108.11202057508257,5.375924063864811,,188.31215645088565,-1.436633390921992,,,,,,,,,,,,,,,,
300,2025-05-16 07:05:16.147159,40.1474766,0.5946531,4.450498104095459,79.1449194603603,23.670000000000016,49.0,1011.0,,6.0,61.0,106.37138865337307,5.469479118299523,,185.51630811373337,-1.254427972323812,,,,,,,,,,,,,,,,
301,2025-05-16 07:05:21.146872,40.1473589,0.5944414,4.450000762939453,80.99682963116088,23.670000000000016,49.0,1011.0,,6.3,68.0,109.68700948904021,6.203894865020233,,190.68383912020107,-1.499124234943452,,,,,,,,,,,,,,,,
302,2025-05-16 07:05:26.146911,40.1472518,0.5942313,4.410096168518066,81.89042328027365,23.670000000000016,49.0,1011.0,,5.8,61.0,107.48720328243812,5.318598165922344,,189.37762656271178,-1.3252020764089514,,,,,,,,,,,,,,,,
303,2025-05-16 07:05:31.147515,40.1471418,0.5940028,4.559443473815918,82.84315953740956,23.670000000000016,49.0,1011.0,,5.9,66.0,111.83558283853132,5.8065058807758305,,194.67874237594089,-1.6958594151785715,,,,,,,,,,,,,,,,
304,2025-05-16 07:05:36.147027,40.1470331,0.5937665,4.360830783843994,81.9668735876536,23.670000000000016,49.0,1011.0,,6.1,65.0,107.87381100003618,5.8088424899317905,,189.8406845876898,-1.338433278670376,,,,,,,,,,,,,,,,
305,2025-05-16 07:05:41.147192,40.1469097,0.5935232,4.9368367195129395,76.67687158491121,23.670000000000016,49.0,1011.0,,6.5,67.0,111.83253922211546,6.4455931939238775,,188.50941080702665,-1.8359852774295808,,,,,,,,,,,,,,,,
306,2025-05-16 07:05:46.146829,40.1467617,0.593276,4.491477012634277,76.92739609347811,23.670000000000016,49.0,1011.0,,6.2,65.0,108.41849939460344,5.922493662233613,,185.34589548808157,-1.4191063674249658,,,,,,,,,,,,,,,,
307,2025-05-16 07:05:51.146943,40.1466475,0.5930948,4.381324291229248,72.95488977030699,23.670000000000016,49.0,1011.0,,5.7,62.0,108.71866071018708,5.313874377256053,,181.67355048049407,-1.406061037699032,,,,,,,,,,,,,,,,
308,2025-05-16 07:05:56.146979,40.1465536,0.5928778,4.77729606628418,74.19870819930134,23.670000000000016,49.0,1011.0,,6.1,56.0,105.11796433823545,5.238426385546274,,179.3166725375368,-1.2459532444456067,,,,,,,,,,,,,,,,
309,2025-05-16 07:06:01.147121,40.1464576,0.5926644,4.381718158721924,76.66434501797342,23.670000000000016,49.0,1011.0,,5.7,65.0,110.90104453388443,5.529828311020051,,187.56538955185783,-1.563199994598316,,,,,,,,,,,,,,,,
310,2025-05-16 07:06:06.147114,40.1462944,0.5924967,4.987164497375488,78.225391582969,23.670000000000016,49.0,1011.0,,6.1,59.0,109.44004908981773,5.54482989636548,,187.66544067278673,-1.659829845779065,,,,,,,,,,,,,,,,
311,2025-05-16 07:06:11.146848,40.1461919,0.5921791,4.731823921203613,75.81766110808029,23.670000000000016,49.0,1011.0,,5.8,61.0,110.73042412226249,5.423962207175134,,186.5480852303428,-1.6749308855897989,,,,,,,,,,,,,,,,
312,2025-05-16 07:06:16.146549,40.1460758,0.5919778,3.834449529647827,74.45081731175569,23.670000000000016,49.0,1011.0,,5.7,60.0,101.27846275350736,5.033551517211662,,175.72928006526303,-0.7499321349970409,,,,,,,,,,,,,,,,
313,2025-05-16 07:06:21.147051,40.1459762,0.5918109,4.705347061157227,79.10305040074812,23.670000000000016,49.0,1011.0,,6.0,56.0,105.18629574444655,5.154214852559824,,184.28934614519466,-1.2326049724119217,,,,,,,,,,,,,,,,
314,2025-05-16 07:06:26.146911,40.145858,0.5915903,4.958588600158691,74.3546482482419,23.670000000000016,49.0,1011.0,,6.1,59.0,109.16112655386803,5.535384846375572,,183.51577480210995,-1.6275369105461406,,,,,,,,,,,,,,,,
315,2025-05-16 07:06:31.146917,40.1457465,0.5913599,4.343149662017822,73.25123118782633,23.670000000000016,49.0,1011.0,,6.5,62.0,102.68298375082635,5.882698412850922,,175.9342149386527,-0.9535666131324925,,,,,,,,,,,,,,,,
316,2025-05-16 07:06:36.146791,40.1456547,0.5911501,4.728399276733398,74.58442947229946,23.670000000000016,49.0,1011.0,,6.2,63.0,109.10665305914956,5.846308251590941,,183.691082531449,-1.5477356918281324,,,,,,,,,,,,,,,,
317,2025-05-16 07:06:41.147252,40.1455448,0.5909035,4.86940336227417,77.56796538478775,23.670000000000016,49.0,1011.0,,6.1,65.0,112.51292817869458,5.984540411046427,,190.08089356348233,-1.8644550377488962,,,,,,,,,,,,,,,,
318,2025-05-16 07:06:46.146907,40.1454216,0.5906439,4.521404266357422,76.43904439801138,23.670000000000016,49.0,1011.0,,5.8,65.0,111.49617264079225,5.649556761765086,,187.93521703880361,-1.6568191925194364,,,,,,,,,,,,,,,,
319,2025-05-16 07:06:51.146887,40.1452719,0.5904074,4.181645393371582,74.97304674550568,23.670000000000016,49.0,1011.0,,5.8,67.0,109.73606045101795,5.672118609776666,,184.70910719652363,-1.4120903335545094,,,,,,,,,,,,,,,,
320,2025-05-16 07:06:56.147057,40.1451603,0.5902651,4.000389099121094,74.43789459384601,23.670000000000016,49.0,1011.0,,5.7,62.0,104.74334778493328,5.204145197075522,,179.1812423787793,-1.01805769971269,,,,,,,,,,,,,,,,
321,2025-05-16 07:07:01.147034,40.1450743,0.5900887,4.019600868225098,76.15975796284955,23.670000000000016,49.0,1011.0,,5.9,61.0,102.66100455250309,5.288860494316001,,178.82076251535264,-0.8810249843220431,,,,,,,,,,,,,,,,
322,2025-05-16 07:07:06.146818,40.1449816,0.5898889,4.5084428787231445,78.47961122387687,23.670000000000016,49.0,1011.0,,5.7,54.0,104.0972429990989,4.754587270485366,,182.57685422297578,-1.0981139591433922,,,,,,,,,,,,,,,,
323,2025-05-16 07:07:11.146927,40.1448675,0.5896583,4.699429988861084,75.29209854201532,23.670000000000016,49.0,1011.0,,5.8,58.0,108.29160701828857,5.180438961020513,,183.58370556030388,-1.4749319665814384,,,,,,,,,,,,,,,,
324,2025-05-16 07:07:16.146862,40.1447623,0.5894281,5.1457695960998535,72.93446750468866,23.670000000000016,49.0,1011.0,,5.9,57.0,111.332094337841,5.312101117904069,,184.26656184252965,-1.8718923625111665,,,,,,,,,,,,,,,,
325,2025-05-16 07:07:21.146807,40.144596,0.5891388,4.880910873413086,71.65272103523324,23.670000000000016,49.0,1011.0,,5.7,61.0,113.01312600556838,5.416394365115235,,184.66584704080162,-1.908153051574781,,,,,,,,,,,,,,,,
326,2025-05-16 07:07:26.147136,40.1444365,0.5888933,4.880221843719482,71.72357058749378,23.670000000000016,49.0,1011.0,,5.4,62.0,116.19002845681888,5.313418032323286,,187.91359904431266,-2.1538844008596536,,,,,,,,,,,,,,,,
327,2025-05-16 07:07:31.147113,40.1443286,0.5886993,4.37209939956665,70.95153381503972,23.670000000000016,49.0,1011.0,,5.3,51.0,104.12762937395979,4.247336734819149,,175.07916318899953,-1.0671537323989986,,,,,,,,,,,,,,,,
328,2025-05-16 07:07:36.147051,40.1442298,0.5884871,4.479507923126221,74.80362390314352,23.670000000000016,49.0,1011.0,,5.8,54.0,102.8497952637067,4.812828936743586,,177.6534191668502,-0.996224230462181,,,,,,,,,,,,,,,,
329,2025-05-16 07:07:41.146958,40.1441387,0.5882633,4.609546661376953,72.85428791402188,23.670000000000016,49.0,1011.0,,5.9,57.0,105.75699244929491,5.141357766816489,,178.61128036331678,-1.2517588440247402,,,,,,,,,,,,,,,,
330,2025-05-16 07:07:46.147034,40.1440597,0.5880767,4.420772075653076,70.36350233882582,23.670000000000016,49.0,1011.0,,5.5,57.0,107.17043187205805,4.827861880223816,,177.53393421088387,-1.305078354769343,,,,,,,,,,,,,,,,
331,2025-05-16 07:07:51.146812,40.143956,0.5878598,4.380123615264893,70.3489540358937,23.670000000000016,49.0,1011.0,,5.7,58.0,105.70926068104367,5.02143479631592,,176.05821471693736,-1.185944932252404,,,,,,,,,,,,,,,,
332,2025-05-16 07:07:56.146855,40.1438576,0.5876545,3.982152223587036,72.77813130477624,23.670000000000016,49.0,1011.0,,6.0,60.0,100.70350297373821,5.288158752372792,,173.48163427851443,-0.7395919533057083,,,,,,,,,,,,,,,,
333,2025-05-16 07:08:01.146840,40.1437703,0.587462,4.199045658111572,73.80523466159525,23.670000000000016,49.0,1011.0,,5.8,53.0,98.69649213777001,4.6859597547836165,,172.50172679936526,-0.6348969660146129,,,,,,,,,,,,,,,,
334,2025-05-16 07:08:06.146808,40.1436652,0.5872395,4.66842794418335,70.0412130326496,23.670000000000016,49.0,1011.0,,5.7,58.0,108.82446043919312,5.107041667651432,,178.8656734718427,-1.5063607335159537,,,,,,,,,,,,,,,,
335,2025-05-16 07:08:11.146836,40.1435454,0.586996,4.241537094116211,72.85870704641488,23.670000000000016,49.0,1011.0,,5.5,55.0,103.56288423762422,4.634580226809152,,176.4215912840391,-0.9946931920781514,,,,,,,,,,,,,,,,
336,2025-05-16 07:08:16.147105,40.1434424,0.5867735,4.379499912261963,74.37383424962046,23.670000000000016,49.0,1011.0,,5.6,54.0,103.50271242215841,4.659283026394984,,177.87654667177887,-1.0225755494539839,,,,,,,,,,,,,,,,
337,2025-05-16 07:08:21.146884,40.1433356,0.5865414,4.867832183837891,69.99531416142712,23.670000000000016,49.0,1011.0,,5.8,57.0,109.35743367935035,5.155748021446496,,179.35274784077745,-1.613493111130518,,,,,,,,,,,,,,,,
338,2025-05-16 07:08:26.146795,40.1431889,0.5862652,4.461583137512207,68.53019760332435,23.670000000000016,49.0,1011.0,,5.6,54.0,104.48008380765825,4.679129520299791,,173.0102814109826,-1.115589674893776,,,,,,,,,,,,,,,,
339,2025-05-16 07:08:31.147084,40.1430623,0.58607,4.290877819061279,72.47769860394405,23.670000000000016,49.0,1011.0,,5.7,54.0,101.5274693735329,4.70632817191647,,174.00516797747696,-0.8574792306291761,,,,,,,,,,,,,,,,
340,2025-05-16 07:08:36.154021,40.1429408,0.5858825,4.4194655418396,65.54054867152891,23.670000000000016,49.0,1011.0,,6.2,61.0,104.61141198926482,5.603877494978172,,170.15196066079375,-1.1148636515901464,,,,,,,,,,,,,,,,
341,2025-05-16 07:08:41.146798,40.142798,0.5857013,4.728847503662109,68.1125520261456,23.670000000000016,49.0,1011.0,,5.9,57.0,107.02831163803474,5.175028734952483,,175.14086366418033,-1.3848156072709097,,,,,,,,,,,,,,,,
342,2025-05-16 07:08:46.146863,40.1426712,0.5854651,4.540780067443848,69.70764708415368,23.670000000000016,49.0,1011.0,,6.0,59.0,105.75076914983163,5.343649326684962,,175.4584162339853,-1.2326100518695802,,,,,,,,,,,,,,,,
343,2025-05-16 07:08:51.146797,40.1425643,0.5852515,4.240943431854248,70.95185483393071,23.670000000000016,49.0,1011.0,,5.8,56.0,101.72112580362862,4.91081843761994,,172.67298063755933,-0.861540599285185,,,,,,,,,,,,,,,,
344,2025-05-16 07:08:56.147660,40.1424218,0.5850466,4.489282608032227,68.61600526986723,23.670000000000016,49.0,1011.0,,5.9,55.0,102.8805962802073,4.9577501992076956,,171.49660155007453,-1.00075084199587,,,,,,,,,,,,,,,,
345,2025-05-16 07:09:01.146939,40.1423048,0.584818,4.390697956085205,66.67941441373684,23.670000000000016,49.0,1011.0,,5.5,52.0,103.04973493394661,4.44895596142402,,169.72914934768346,-0.9914053729403031,,,,,,,,,,,,,,,,
346,2025-05-16 07:09:06.146843,40.1422809,0.5845558,4.549341678619385,71.2071194937816,23.670000000000016,49.0,1011.0,,5.8,44.0,95.34807656244287,4.046634194671804,,166.55519605622447,-0.4240262214495639,,,,,,,,,,,,,,,,
347,2025-05-16 07:09:11.147138,40.1421339,0.5843144,4.2409772872924805,68.88066827001605,23.670000000000016,49.0,1011.0,,6.0,53.0,97.49098492512839,4.833061371352517,,166.37165319514443,-0.5528970315035491,,,,,,,,,,,,,,,,
348,2025-05-16 07:09:16.147979,40.1420242,0.5841056,4.409148216247559,69.17478987605514,23.670000000000016,49.0,1011.0,,5.6,58.0,106.88589162698267,4.9630505852720885,,176.0606815030378,-1.2807102090126816,,,,,,,,,,,,,,,,
349,2025-05-16 07:09:21.146835,40.1418753,0.5839273,4.499739170074463,69.04165582875325,23.670000000000016,49.0,1011.0,,6.2,50.0,96.1820892170912,4.777256842626709,,165.22374504584445,-0.4845705068455645,,,,,,,,,,,,,,,,
350,2025-05-16 07:09:26.146891,40.1417752,0.5837052,4.460087776184082,69.91035343834132,23.670000000000016,49.0,1011.0,,6.5,53.0,96.029258225863,5.2200058624075885,,165.93961166420434,-0.468471138132066,,,,,,,,,,,,,,,,
351,2025-05-16 07:09:31.146992,40.1416773,0.5834675,4.360359191894531,67.20195803618866,23.670000000000016,49.0,1011.0,,6.5,59.0,100.30082285363075,5.66285875057049,,167.5027808898194,-0.7797034943139165,,,,,,,,,,,,,,,,
352,2025-05-16 07:09:36.147166,40.1415901,0.5832849,4.479537487030029,70.27522897399257,23.670000000000016,49.0,1011.0,,6.1,58.0,103.55318799493561,5.3212760636032375,,173.8284169689282,-1.0497702909270723,,,,,,,,,,,,,,,,
353,2025-05-16 07:09:41.146946,40.1414488,0.5830069,4.470063209533691,71.98032422858373,23.670000000000016,49.0,1011.0,,6.1,53.0,99.31401813355409,4.936762150559785,,171.2943423621378,-0.7234585554842227,,,,,,,,,,,,,,,,
354,2025-05-16 07:09:46.146975,40.1413285,0.5827704,4.400261878967285,72.09079570821952,23.670000000000016,49.0,1011.0,,5.9,55.0,101.87376158722971,4.938668198857828,,173.96455729544923,-0.905380542062993,,,,,,,,,,,,,,,,
355,2025-05-16 07:09:51.147488,40.1412144,0.5825544,4.44985294342041,68.51769152695407,23.670000000000016,49.0,1011.0,,5.6,55.0,105.10104162595056,4.75132469213023,,173.6187331529046,-1.1592848586374578,,,,,,,,,,,,,,,,
356,2025-05-16 07:09:56.147133,40.1410941,0.5823384,4.729360580444336,68.98497208883131,23.670000000000016,49.0,1011.0,,5.6,49.0,104.02139844667482,4.356164223965288,,173.00637053550614,-1.1458496205325164,,,,,,,,,,,,,,,,
357,2025-05-16 07:10:01.146941,40.1409708,0.5821118,4.620242595672607,69.09426877592986,23.670000000000016,49.0,1011.0,,6.2,49.0,96.73619561681244,4.711725633167736,,165.8304643927423,-0.5419458265106973,,,,,,,,,,,,,,,,
358,2025-05-16 07:10:06.147043,40.14088,0.5819313,4.122242450714111,69.58187598077707,23.670000000000016,49.0,1011.0,,6.0,48.0,91.38056195563105,4.460163644443416,,160.96243793640812,-0.09931727043109605,,,,,,,,,,,,,,,,
359,2025-05-16 07:10:11.147588,40.1407746,0.5817249,4.289413928985596,69.61277575658221,23.670000000000016,49.0,1011.0,,6.4,54.0,95.81813554881701,5.204518947433987,,165.4309113053992,-0.4348230234233781,,,,,,,,,,,,,,,,
360,2025-05-16 07:10:16.146848,40.1406447,0.5814719,4.339895725250244,69.82766033805997,23.670000000000016,49.0,1011.0,,5.8,53.0,100.39068675972906,4.709314953171587,,170.21834709778904,-0.7827404099661882,,,,,,,,,,,,,,,,
361,2025-05-16 07:10:21.146853,40.1405282,0.5812629,4.479612827301025,71.02981461311724,23.670000000000016,49.0,1011.0,,5.8,53.0,102.05330953275514,4.736508295461657,,173.08312414587238,-0.9354403457909787,,,,,,,,,,,,,,,,
362,2025-05-16 07:10:26.147229,40.1404226,0.5810857,4.693550109863281,68.52324447074928,23.670000000000016,49.0,1011.0,,5.9,48.0,99.65192241186688,4.447511199326347,,168.17516688261617,-0.7869309584865288,,,,,,,,,,,,,,,,
363,2025-05-16 07:10:31.146867,40.1402815,0.5808567,4.480939865112305,69.92393185441131,23.670000000000016,49.0,1011.0,,5.9,44.0,93.30721635122386,4.105321558360552,,163.23114820563518,-0.2585043756158532,,,,,,,,,,,,,,,,
364,2025-05-16 07:10:36.148405,40.1401588,0.5806391,4.260853290557861,69.70852817855662,23.670000000000016,49.0,1011.0,,6.4,44.0,85.58930593761842,4.459019333417371,,155.29783411617504,0.3276814476505916,,,,,,,,,,,,,,,,
365,2025-05-16 07:10:41.147187,40.1401588,0.5806391,4.260853290557861,69.70852817855662,23.670000000000016,49.0,1011.0,,6.1,44.0,88.28168239483016,4.2393223785141885,,157.99021057338678,0.12776511322438164,,,,,,,,,,,,,,,,
366,2025-05-16 07:10:46.146695,40.1401588,0.5806391,4.260853290557861,69.70852817855662,23.670000000000016,49.0,1011.0,,6.6,47.0,87.14956361066564,4.832913959111685,,156.85809178922227,0.21188789180742124,,,,,,,,,,,,,,,,
367,2025-05-16 07:10:51.147173,40.1401588,0.5806391,4.260853290557861,69.70852817855662,23.670000000000016,49.0,1011.0,,6.8,48.0,86.72420069794035,5.061655347728147,,156.43272887649698,0.24347512896779613,,,,,,,,,,,,,,,,
368,2025-05-16 07:10:56.147346,40.1401588,0.5806391,4.260853290557861,69.70852817855662,23.670000000000016,49.0,1011.0,,6.9,52.0,90.13476618888917,5.4372892406147955,,159.8432943674458,-0.010022002227607138,,,,,,,,,,,,,,,,
369,2025-05-16 07:11:01.148487,40.1401588,0.5806391,4.260853290557861,69.70852817855662,23.670000000000016,49.0,1011.0,,6.8,51.0,89.79914798006811,5.284625008549581,,159.50767615862475,0.014936514426207203,,,,,,,,,,,,,,,,
370,2025-05-16 07:11:06.147534,40.1401588,0.5806391,4.260853290557861,69.70852817855662,23.670000000000016,49.0,1011.0,,7.3,45.0,80.09855636703733,5.2399282661977695,,149.80708454559397,0.7326704309079647,,,,,,,,,,,,,,,,
371,2025-05-16 07:11:11.147185,40.1401588,0.5806391,4.260853290557861,69.70852817855662,23.670000000000016,49.0,1011.0,,7.0,53.0,90.49345169940092,5.5906559060448275,,160.20197987795754,-0.03669553540292328,,,,,,,,,,,,,,,,
372,2025-05-16 07:11:16.147274,40.1401588,0.5806391,4.260853290557861,69.70852817855662,23.670000000000016,49.0,1011.0,,6.8,52.0,90.79499681814761,5.35898898400693,,160.50352499670424,-0.05911877186689273,,,,,,,,,,,,,,,,
373,2025-05-16 07:11:21.147836,40.1401588,0.5806391,4.260853290557861,69.70852817855662,23.670000000000016,49.0,1011.0,,6.8,51.0,89.79914798006811,5.284625008549581,,159.50767615862475,0.014936514426207203,,,,,,,,,,,,,,,,
374,2025-05-16 07:11:26.149141,40.1401588,0.5806391,4.260853290557861,69.70852817855662,23.670000000000016,49.0,1011.0,,7.1,49.0,85.76100533638497,5.373136764918727,,155.4695335149416,0.3149492270435584,,,,,,,,,,,,,,,,
375,2025-05-16 07:11:31.148422,40.1401588,0.5806391,4.260853290557861,69.70852817855662,23.670000000000016,49.0,1011.0,,7.1,55.0,91.85595900976223,5.8190321452485465,,161.56448718831885,-0.13799596144223397,,,,,,,,,,,,,,,,
376,2025-05-16 07:11:36.149164,40.1401588,0.5806391,4.260853290557861,69.70852817855662,23.670000000000016,49.0,1011.0,,6.8,52.0,90.79499681814761,5.35898898400693,,160.50352499670424,-0.05911877186689273,,,,,,,,,,,,,,,,
377,2025-05-16 07:11:41.149152,40.1401588,0.5806391,4.260853290557861,69.70852817855662,23.670000000000016,49.0,1011.0,,6.6,50.0,90.20914063336255,5.055927006896948,,159.91766881191916,-0.015552900834325284,,,,,,,,,,,,,,,,
378,2025-05-16 07:11:46.148268,40.1401588,0.5806391,4.260853290557861,69.70852817855662,23.670000000000016,49.0,1011.0,,6.7,52.0,91.47471339656259,5.281421359379483,,161.1832415751192,-0.10965630842070002,,,,,,,,,,,,,,,,
379,2025-05-16 07:11:51.148257,40.1401588,0.5806391,4.260853290557861,69.70852817855662,23.670000000000016,49.0,1011.0,,5.9,47.0,93.1446367946155,4.321493986511481,,162.8531649731721,-0.23373641678296259,,,,,,,,,,,,,,,,
380,2025-05-16 07:11:56.148773,40.1401588,0.5806391,4.260853290557861,69.70852817855662,23.670000000000016,49.0,1011.0,,7.5,53.0,87.5836354659717,5.99509699154979,,157.29216364452833,0.17964190581811423,,,,,,,,,,,,,,,,
381,2025-05-16 07:12:01.149182,40.1401588,0.5806391,4.260853290557861,69.70852817855662,23.670000000000016,49.0,1011.0,,7.5,54.0,88.60711115466275,6.069420884077925,,158.31563933321937,0.10357325618653336,,,,,,,,,,,,,,,,
382,2025-05-16 07:12:06.148446,40.1401588,0.5806391,4.260853290557861,69.70852817855662,23.670000000000016,49.0,1011.0,,7.0,58.0,95.3069007481529,5.961891930698261,,165.01542892670952,-0.3940885050924124,,,,,,,,,,,,,,,,
383,2025-05-16 07:12:11.149154,40.1401588,0.5806391,4.260853290557861,69.70852817855662,23.670000000000016,49.0,1011.0,,6.9,54.0,92.10455553440859,5.585985136010243,,161.8130837129652,-0.15647201530451058,,,,,,,,,,,,,,,,
384,2025-05-16 07:12:16.147411,40.1401588,0.5806391,4.260853290557861,69.70852817855662,23.670000000000016,49.0,1011.0,,7.2,59.0,95.11637677632962,6.196292974493479,,164.82490495488622,-0.3799785943626986,,,,,,,,,,,,,,,,
385,2025-05-16 07:12:21.148426,40.1401588,0.5806391,4.260853290557861,69.70852817855662,23.670000000000016,49.0,1011.0,,7.3,60.0,95.51899438156653,6.351428323029817,,165.22752256012313,-0.4097906991541039,,,,,,,,,,,,,,,,
386,2025-05-16 07:12:26.149050,40.1401588,0.5806391,4.260853290557861,69.70852817855662,23.670000000000016,49.0,1011.0,,6.5,55.0,95.71227251586558,5.351060190550212,,165.4208006944222,-0.4240950171485878,,,,,,,,,,,,,,,,
387,2025-05-16 07:12:31.148501,40.1401588,0.5806391,4.260853290557861,69.70852817855662,23.670000000000016,49.0,1011.0,,6.8,59.0,97.41521055202817,5.87789485842948,,167.1237387305848,-0.5499008476766739,,,,,,,,,,,,,,,,
388,2025-05-16 07:12:36.148400,40.1401588,0.5806391,4.260853290557861,69.70852817855662,23.670000000000016,49.0,1011.0,,7.1,59.0,95.66858984110186,6.115794875648288,,165.3771180196585,-0.42086252313342565,,,,,,,,,,,,,,,,
389,2025-05-16 07:12:41.149139,40.1401588,0.5806391,4.260853290557861,69.70852817855662,23.670000000000016,49.0,1011.0,,6.8,61.0,99.20823258677856,6.025057220463226,,168.9167607653352,-0.6818346260354797,,,,,,,,,,,,,,,,
390,2025-05-16 07:12:46.147351,40.1401588,0.5806391,4.260853290557861,69.70852817855662,23.670000000000016,49.0,1011.0,,7.1,59.0,95.66858984110186,6.115794875648288,,165.3771180196585,-0.42086252313342565,,,,,,,,,,,,,,,,
391,2025-05-16 07:12:51.149174,40.1401588,0.5806391,4.260853290557861,69.70852817855662,23.670000000000016,49.0,1011.0,,6.9,60.0,97.72752941109505,6.03033855258629,,167.43605758965168,-0.5729242033602535,,,,,,,,,,,,,,,,
392,2025-05-16 07:12:56.148791,40.1401588,0.5806391,4.260853290557861,69.70852817855662,23.670000000000016,49.0,1011.0,,7.4,54.0,89.15061050303507,5.987383670131355,,158.85913868159167,0.06316331678892113,,,,,,,,,,,,,,,,
393,2025-05-16 07:13:01.147247,40.1401588,0.5806391,4.260853290557861,69.70852817855662,23.670000000000016,49.0,1011.0,,8.1,55.0,86.67816927730956,6.6462985950836035,,156.38669745586617,0.24689262560062977,,,,,,,,,,,,,,,,
394,2025-05-16 07:13:06.148807,40.1401588,0.5806391,4.260853290557861,69.70852817855662,23.670000000000016,49.0,1011.0,,7.2,61.0,96.97326505683779,6.344190443017887,,166.68179323539442,-0.5172939873014735,,,,,,,,,,,,,,,,
395,2025-05-16 07:13:11.147516,40.1401588,0.5806391,4.260853290557861,69.70852817855662,23.670000000000016,49.0,1011.0,,7.1,53.0,89.87840872186351,5.670324889761872,,159.58693690042014,0.009042240337444335,,,,,,,,,,,,,,,,
396,2025-05-16 07:13:16.149147,40.1401588,0.5806391,4.260853290557861,69.70852817855662,23.670000000000016,49.0,1011.0,,7.3,54.0,89.70915856349902,5.905900148040937,,159.41768674205565,0.021628597784288713,,,,,,,,,,,,,,,,
397,2025-05-16 07:13:21.148417,40.1401588,0.5806391,4.260853290557861,69.70852817855662,23.670000000000016,49.0,1011.0,,8.1,57.0,88.72897473226773,6.794903455281403,,158.43750291082435,0.09451320965780328,,,,,,,,,,,,,,,,
398,2025-05-16 07:13:26.148864,40.1401588,0.5806391,4.260853290557861,69.70852817855662,23.670000000000016,49.0,1011.0,,8.2,59.0,90.30601715609382,7.028872119570184,,160.01454533465045,-0.022757138804537932,,,,,,,,,,,,,,,,
399,2025-05-16 07:13:31.147510,40.1401588,0.5806391,4.260853290557861,69.70852817855662,23.670000000000016,49.0,1011.0,,7.4,60.0,95.0015481898642,6.433082963364422,,164.7100763684208,-0.37147252758945887,,,,,,,,,,,,,,,,
400,2025-05-16 07:13:36.149130,40.1401588,0.5806391,4.260853290557861,69.70852817855662,23.670000000000016,49.0,1011.0,,8.1,60.0,91.72169659500697,7.017974003239045,,161.4302247735636,-0.12801628169094997,,,,,,,,,,,,,,,,
401,2025-05-16 07:13:41.147178,40.1401588,0.5806391,4.260853290557861,69.70852817855662,23.670000000000016,49.0,1011.0,,8.1,61.0,92.6984071970181,7.09228366458803,,162.40693537557473,-0.20059535667241638,,,,,,,,,,,,,,,,
402,2025-05-16 07:13:46.148031,40.1401588,0.5806391,4.260853290557861,69.70852817855662,23.670000000000016,49.0,1011.0,,7.8,63.0,95.91248139143622,6.987019027767175,,165.62100956999285,-0.4389071815651208,,,,,,,,,,,,,,,,
403,2025-05-16 07:13:51.148765,40.1401588,0.5806391,4.260853290557861,69.70852817855662,23.670000000000016,49.0,1011.0,,7.8,61.0,94.01918216670958,6.838852913933347,,163.7277103452662,-0.2986451085788195,,,,,,,,,,,,,,,,
404,2025-05-16 07:13:56.147171,40.1401588,0.5806391,4.260853290557861,69.70852817855662,23.670000000000016,49.0,1011.0,,7.9,59.0,91.6245515784221,6.774344564532934,,161.33307975697872,-0.12079508409146811,,,,,,,,,,,,,,,,
405,2025-05-16 07:14:01.149239,40.1401588,0.5806391,4.260853290557861,69.70852817855662,23.670000000000016,49.0,1011.0,,7.7,61.0,94.48137176968908,6.75522388315582,,164.18989994824568,-0.3329216435322097,,,,,,,,,,,,,,,,
406,2025-05-16 07:14:06.147179,40.1401588,0.5806391,4.260853290557861,69.70852817855662,23.670000000000016,49.0,1011.0,,7.6,56.0,90.09991308578267,6.300695131249149,,159.8084412643393,-0.007430124665143223,,,,,,,,,,,,,,,,
407,2025-05-16 07:14:11.147553,40.1401588,0.5806391,4.260853290557861,69.70852817855662,23.670000000000016,49.0,1011.0,,8.3,55.0,85.79541867721039,6.817309953091848,,155.50394685576703,0.3123969915644888,,,,,,,,,,,,,,,,
408,2025-05-16 07:14:16.149127,40.1401588,0.5806391,4.260853290557861,69.70852817855662,23.670000000000016,49.0,1011.0,,8.2,59.0,90.30601715609382,7.028872119570184,,160.01454533465045,-0.022757138804537932,,,,,,,,,,,,,,,,
409,2025-05-16 07:14:21.147607,40.1401588,0.5806391,4.260853290557861,69.70852817855662,23.670000000000016,49.0,1011.0,,7.3,62.0,97.37013891122602,6.499212932972078,,167.07866708978264,-0.5465769151619689,,,,,,,,,,,,,,,,
410,2025-05-16 07:14:26.148657,40.1401588,0.5806391,4.260853290557861,69.70852817855662,23.670000000000016,49.0,1011.0,,7.4,55.0,90.1548967556618,6.061747279432575,,159.86342493421841,-0.011519025532441395,,,,,,,,,,,,,,,,
411,2025-05-16 07:14:31.148830,40.1401588,0.5806391,4.260853290557861,69.70852817855662,23.670000000000016,49.0,1011.0,,6.7,59.0,98.02904701185615,5.79987485227055,,167.73757519041277,-0.5951351745939418,,,,,,,,,,,,,,,,
412,2025-05-16 07:14:36.149164,40.1401588,0.5806391,4.260853290557861,69.70852817855662,23.670000000000016,49.0,1011.0,,7.5,56.0,90.61650811888849,6.218141757913591,,160.3250362974451,-0.04584630805825974,,,,,,,,,,,,,,,,
413,2025-05-16 07:14:41.147251,40.1401588,0.5806391,4.260853290557861,69.70852817855662,23.670000000000016,49.0,1011.0,,7.8,59.0,92.08626665952754,6.690339648647559,,161.79479483808416,-0.15511285576830547,,,,,,,,,,,,,,,,
414,2025-05-16 07:14:46.147238,40.1401588,0.5806391,4.260853290557861,69.70852817855662,23.670000000000016,49.0,1011.0,,7.3,56.0,91.69173938167376,6.054613322965612,,161.40026756023036,-0.12578947432636106,,,,,,,,,,,,,,,,
415,2025-05-16 07:14:51.148792,40.1401588,0.5806391,4.260853290557861,69.70852817855662,23.670000000000016,49.0,1011.0,,6.9,55.0,93.0703485316795,5.660274297763406,,162.77887671023612,-0.22822002553830764,,,,,,,,,,,,,,,,
416,2025-05-16 07:14:56.148104,40.1401588,0.5806391,4.260853290557861,69.70852817855662,23.670000000000016,49.0,1011.0,,7.7,59.0,92.5596922438877,6.606780225610215,,162.2682204224443,-0.1902905520774816,,,,,,,,,,,,,,,,
417,2025-05-16 07:15:01.148736,40.1401588,0.5806391,4.260853290557861,69.70852817855662,23.670000000000016,49.0,1011.0,,7.5,62.0,96.37460616009704,6.663304658115497,,166.08313433865368,-0.4730760526492613,,,,,,,,,,,,,,,,
418,2025-05-16 07:15:06.148684,40.1401588,0.5806391,4.260853290557861,69.70852817855662,23.670000000000016,49.0,1011.0,,6.9,57.0,94.96621887690537,5.80863304275793,,164.67474705546198,-0.3688551641611749,,,,,,,,,,,,,,,,
419,2025-05-16 07:15:11.148432,40.1401588,0.5806391,4.260853290557861,69.70852817855662,23.670000000000016,49.0,1011.0,,7.4,58.0,93.09616546103149,6.2847298112754695,,162.8046936395881,-0.23013714600765647,,,,,,,,,,,,,,,,
420,2025-05-16 07:15:16.149122,40.1401588,0.5806391,4.260853290557861,69.70852817855662,23.670000000000016,49.0,1011.0,,7.3,57.0,92.66515251452608,6.128924555402131,,162.3736806930827,-0.19812505012224257,,,,,,,,,,,,,,,,
421,2025-05-16 07:15:21.148997,40.1401588,0.5806391,4.260853290557861,69.70852817855662,23.670000000000016,49.0,1011.0,,7.7,62.0,95.42719747052935,6.829311033011738,,165.13572564908597,-0.40299525989272317,,,,,,,,,,,,,,,,
422,2025-05-16 07:15:26.147314,40.1401588,0.5806391,4.260853290557861,69.70852817855662,23.670000000000016,49.0,1011.0,,8.1,60.0,91.72169659500697,7.017974003239045,,161.4302247735636,-0.12801628169094997,,,,,,,,,,,,,,,,
423,2025-05-16 07:15:31.148709,40.1401588,0.5806391,4.260853290557861,69.70852817855662,23.670000000000016,49.0,1011.0,,7.4,63.0,97.78407884148629,6.6547685479014484,,167.4926070200429,-0.5770910839730271,,,,,,,,,,,,,,,,
424,2025-05-16 07:15:36.147160,40.1401588,0.5806391,4.260853290557861,69.70852817855662,23.670000000000016,49.0,1011.0,,7.5,50.0,84.43241099282915,5.772565741134271,,154.14093917138575,0.41338758315183954,,,,,,,,,,,,,,,,
425,2025-05-16 07:15:41.149036,40.1401588,0.5806391,4.260853290557861,69.70852817855662,23.670000000000016,49.0,1011.0,,7.9,59.0,91.6245515784221,6.774344564532934,,161.33307975697872,-0.12079508409146811,,,,,,,,,,,,,,,,
426,2025-05-16 07:15:46.147530,40.1401588,0.5806391,4.260853290557861,69.70852817855662,23.670000000000016,49.0,1011.0,,8.4,58.0,88.46840962002705,7.126149894526391,,158.17693779858365,0.11388456186772634,,,,,,,,,,,,,,,,
427,2025-05-16 07:15:51.149062,40.1401588,0.5806391,4.260853290557861,69.70852817855662,23.670000000000016,49.0,1011.0,,7.6,59.0,93.04521240509452,6.523683413897609,,162.75374058365114,-0.22635341578110496,,,,,,,,,,,,,,,,
428,2025-05-16 07:15:56.148710,40.1401588,0.5806391,4.260853290557861,69.70852817855662,23.670000000000016,49.0,1011.0,,7.7,56.0,89.59671978911939,6.383747438016697,,159.305247967676,0.029990055815590368,,,,,,,,,,,,,,,,
429,2025-05-16 07:16:01.147629,40.1401588,0.5806391,4.260853290557861,69.70852817855662,23.670000000000016,49.0,1011.0,,7.1,65.0,101.081212638351,6.557036382756495,,170.78974081690762,-0.8189368078460588,,,,,,,,,,,,,,,,
430,2025-05-16 07:16:06.149079,40.1401588,0.5806391,4.260853290557861,69.70852817855662,23.670000000000016,49.0,1011.0,,6.7,59.0,98.02904701185615,5.79987485227055,,167.73757519041277,-0.5951351745939418,,,,,,,,,,,,,,,,
431,2025-05-16 07:16:11.147575,40.1401588,0.5806391,4.260853290557861,69.70852817855662,23.670000000000016,49.0,1011.0,,6.8,53.0,91.77727396387462,5.433335225115024,,161.48580214243123,-0.13214741706859123,,,,,,,,,,,,,,,,
432,2025-05-16 07:16:16.149526,40.1401588,0.5806391,4.260853290557861,69.70852817855662,23.670000000000016,49.0,1011.0,,6.8,51.0,89.79914798006811,5.284625008549581,,159.50767615862475,0.014936514426207203,,,,,,,,,,,,,,,,
433,2025-05-16 07:16:21.147139,40.1401588,0.5806391,4.260853290557861,69.70852817855662,23.670000000000016,49.0,1011.0,,7.3,51.0,86.63887415986015,5.682941106677755,,156.34740233841677,0.24980987494645235,,,,,,,,,,,,,,,,
434,2025-05-16 07:16:26.147269,40.1401588,0.5806391,4.260853290557861,69.70852817855662,23.670000000000016,49.0,1011.0,,7.2,53.0,89.28047587638298,5.750629117854157,,158.98900405493958,0.053506666194097545,,,,,,,,,,,,,,,,
435,2025-05-16 07:16:31.148095,40.1401588,0.5806391,4.260853290557861,69.70852817855662,23.670000000000016,49.0,1011.0,,7.0,53.0,90.49345169940092,5.5906559060448275,,160.20197987795754,-0.03669553540292328,,,,,,,,,,,,,,,,
436,2025-05-16 07:16:36.147211,40.1401588,0.5806391,4.260853290557861,69.70852817855662,23.670000000000016,49.0,1011.0,,7.1,54.0,90.87351025752531,5.744688263881572,,160.58203843608192,-0.06495687655748932,,,,,,,,,,,,,,,,
437,2025-05-16 07:16:41.148311,40.1401588,0.5806391,4.260853290557861,69.70852817855662,23.670000000000016,49.0,1011.0,,7.1,51.0,87.84820075401704,5.5216298649561555,,157.55672893257366,0.15998291391997677,,,,,,,,,,,,,,,,
438,2025-05-16 07:16:46.148769,40.1401588,0.5806391,4.260853290557861,69.70852817855662,23.670000000000016,49.0,1011.0,,6.6,57.0,96.86326833551223,5.575176592730069,,166.57179651406886,-0.509173540008251,,,,,,,,,,,,,,,,
439,2025-05-16 07:16:51.148468,40.1401588,0.5806391,4.260853290557861,69.70852817855662,23.670000000000016,49.0,1011.0,,6.5,51.0,91.9305556660331,5.054317619263709,,161.63908384458972,-0.14354038164589172,,,,,,,,,,,,,,,,
440,2025-05-16 07:16:56.148715,40.1401588,0.5806391,4.260853290557861,69.70852817855662,23.670000000000016,49.0,1011.0,,6.3,45.0,87.50744749389001,4.458991449384863,,157.21597567244663,0.18530249602551924,,,,,,,,,,,,,,,,
441,2025-05-16 07:17:01.148705,40.1401588,0.5806391,4.260853290557861,69.70852817855662,23.670000000000016,49.0,1011.0,,6.7,51.0,90.48863314019351,5.207067298661659,,160.19716131875015,-0.03633721197982669,,,,,,,,,,,,,,,,
442,2025-05-16 07:17:06.148377,40.1401588,0.5806391,4.260853290557861,69.70852817855662,23.670000000000016,49.0,1011.0,,6.6,51.0,91.19886169850754,5.13028636867335,,160.90738987706416,-0.08914794638353678,,,,,,,,,,,,,,,,
443,2025-05-16 07:17:11.149090,40.1401588,0.5806391,4.260853290557861,69.70852817855662,23.670000000000016,49.0,1011.0,,5.9,48.0,94.08301977190658,4.395711100815857,,163.7915479504632,-0.3033805889789351,,,,,,,,,,,,,,,,
444,2025-05-16 07:17:16.148796,40.1401588,0.5806391,4.260853290557861,69.70852817855662,23.670000000000016,49.0,1011.0,,6.4,48.0,89.74000213441961,4.7561758520810224,,159.44853031297623,0.019334913819800823,,,,,,,,,,,,,,,,
445,2025-05-16 07:17:21.148479,40.1401588,0.5806391,4.260853290557861,69.70852817855662,23.670000000000016,49.0,1011.0,,6.9,53.0,91.12620189167163,5.5116497134827815,,160.83473007022826,-0.0837456456579893,,,,,,,,,,,,,,,,
446,2025-05-16 07:17:26.148723,40.1401588,0.5806391,4.260853290557861,69.70852817855662,23.670000000000016,49.0,1011.0,,6.5,49.0,89.95876623499021,4.905613541799901,,159.6672944135468,0.003066386558513461,,,,,,,,,,,,,,,,
447,2025-05-16 07:17:31.147194,40.1401588,0.5806391,4.260853290557861,69.70852817855662,23.670000000000016,49.0,1011.0,,6.7,47.0,86.39709460174204,4.909773756992383,,156.10562278029866,0.26775682766915876,,,,,,,,,,,,,,,,
448,2025-05-16 07:17:36.149094,40.1401588,0.5806391,4.260853290557861,69.70852817855662,23.670000000000016,49.0,1011.0,,6.8,51.0,89.79914798006811,5.284625008549581,,159.50767615862475,0.014936514426207203,,,,,,,,,,,,,,,,
449,2025-05-16 07:17:41.147193,40.1401588,0.5806391,4.260853290557861,69.70852817855662,23.670000000000016,49.0,1011.0,,6.6,56.0,95.949108838067,5.501275941321849,,165.65763701662362,-0.4416164357188068,,,,,,,,,,,,,,,,
450,2025-05-16 07:17:46.148289,40.1401588,0.5806391,4.260853290557861,69.70852817855662,23.670000000000016,49.0,1011.0,,6.3,47.0,89.55561801765478,4.607666905295238,,159.2641461962114,0.033046543125684065,,,,,,,,,,,,,,,,
451,2025-05-16 07:17:51.148492,40.1401588,0.5806391,4.260853290557861,69.70852817855662,23.670000000000016,49.0,1011.0,,6.9,48.0,86.02686282237592,5.140052664127238,,155.73539100093254,0.2952292558714528,,,,,,,,,,,,,,,,
452,2025-05-16 07:17:56.148779,40.1401588,0.5806391,4.260853290557861,69.70852817855662,23.670000000000016,49.0,1011.0,,6.3,49.0,91.53824503173001,4.756384417861989,,161.24677321028662,-0.11437926359064031,,,,,,,,,,,,,,,,
453,2025-05-16 07:18:01.148728,40.1401588,0.5806391,4.260853290557861,69.70852817855662,23.670000000000016,49.0,1011.0,,6.3,49.0,91.53824503173001,4.756384417861989,,161.24677321028662,-0.11437926359064031,,,,,,,,,,,,,,,,
454,2025-05-16 07:18:06.147190,40.1401588,0.5806391,4.260853290557861,69.70852817855662,23.670000000000016,49.0,1011.0,,5.6,50.0,98.76267845952624,4.340512101445562,,168.47120663808286,-0.6491072867388701,,,,,,,,,,,,,,,,
455,2025-05-16 07:18:11.148820,40.1401588,0.5806391,4.260853290557861,69.70852817855662,23.670000000000016,49.0,1011.0,,6.0,43.0,88.21856315476103,4.093968838473148,,157.92709133331766,0.13245684429263488,,,,,,,,,,,,,,,,
456,2025-05-16 07:18:16.147187,40.1401588,0.5806391,4.260853290557861,69.70852817855662,23.670000000000016,49.0,1011.0,,6.4,43.0,84.5061263485223,4.384931948104167,,154.21465452707892,0.40793119359405144,,,,,,,,,,,,,,,,
457,2025-05-16 07:18:21.147205,40.1401588,0.5806391,4.260853290557861,69.70852817855662,23.670000000000016,49.0,1011.0,,5.7,41.0,89.37197152508392,3.7397611237817743,,159.08049970364056,0.04670297939237067,,,,,,,,,,,,,,,,
458,2025-05-16 07:18:26.148782,40.1401588,0.5806391,4.260853290557861,69.70852817855662,23.670000000000016,49.0,1011.0,,6.1,41.0,85.103039438772,4.0166214439878845,,154.81156761732862,0.3637237729251799,,,,,,,,,,,,,,,,
459,2025-05-16 07:18:31.148808,40.1401588,0.5806391,4.260853290557861,69.70852817855662,23.670000000000016,49.0,1011.0,,6.0,44.0,89.24142276703108,4.1683155470803355,,158.94995094558772,0.056410644899473526,,,,,,,,,,,,,,,,
460,2025-05-16 07:18:36.147249,40.1401588,0.5806391,4.260853290557861,69.70852817855662,23.670000000000016,49.0,1011.0,,5.4,39.0,91.08337917965339,3.398937709165429,,160.79190735821,-0.08056168740129067,,,,,,,,,,,,,,,,
461,2025-05-16 07:18:41.147388,40.1401588,0.5806391,4.260853290557861,69.70852817855662,23.670000000000016,49.0,1011.0,,5.5,39.0,89.77736573282905,3.4612882811697725,,159.4858939113857,0.016556360185681115,,,,,,,,,,,,,,,,
462,2025-05-16 07:18:46.149138,40.1401588,0.5806391,4.260853290557861,69.70852817855662,23.670000000000016,49.0,1011.0,,5.8,39.0,86.13504312092398,3.6583785491789365,,155.8435712994806,0.28720314191122703,,,,,,,,,,,,,,,,
463,2025-05-16 07:18:51.149168,40.1401588,0.5806391,4.260853290557861,69.70852817855662,23.670000000000016,49.0,1011.0,,5.9,38.0,83.896595675706,3.653109888321951,,153.60512385426262,0.4530273494875664,,,,,,,,,,,,,,,,
464,2025-05-16 07:18:56.148458,40.1401588,0.5806391,4.260853290557861,69.70852817855662,23.670000000000016,49.0,1011.0,,6.5,40.0,80.24329536390933,4.239437691882727,,149.95182354246595,0.7220647805142502,,,,,,,,,,,,,,,,
465,2025-05-16 07:19:01.147222,40.1401588,0.5806391,4.260853290557861,69.70852817855662,23.670000000000016,49.0,1011.0,,6.1,50.0,94.15968742622316,4.6852130795656075,,163.86821560477978,-0.30906730552145045,,,,,,,,,,,,,,,,
466,2025-05-16 07:19:06.148444,40.1401588,0.5806391,4.260853290557861,69.70852817855662,23.670000000000016,49.0,1011.0,,5.9,45.0,91.22105533066953,4.172877586271002,,160.92958350922615,-0.09079802821844031,,,,,,,,,,,,,,,,
467,2025-05-16 07:19:11.147236,40.1401588,0.5806391,4.260853290557861,69.70852817855662,23.670000000000016,49.0,1011.0,,5.7,43.0,91.357744686411,3.8884823962636896,,161.06627286496763,-0.1009604814547706,,,,,,,,,,,,,,,,
468,2025-05-16 07:19:16.146968,40.1401588,0.5806391,4.260853290557861,69.70852817855662,23.670000000000016,49.0,1011.0,,5.7,37.0,85.14502383493081,3.442697651105338,,154.85355201348744,0.36061286395842074,,,,,,,,,,,,,,,,
469,2025-05-16 07:19:21.148067,40.1401588,0.5806391,4.260853290557861,69.70852817855662,23.670000000000016,49.0,1011.0,,5.7,31.0,77.98143259973206,3.001509597993738,,147.68996077828868,0.8872317738137098,,,,,,,,,,,,,,,,
470,2025-05-16 07:19:26.148277,40.1401588,0.5806391,4.260853290557861,69.70852817855662,23.670000000000016,49.0,1011.0,,5.7,35.0,82.8811930460947,3.294784146673637,,152.58972122465133,0.5280356023752257,,,,,,,,,,,,,,,,
471,2025-05-16 07:19:31.147069,40.1401588,0.5806391,4.260853290557861,69.70852817855662,23.670000000000016,49.0,1011.0,,6.0,34.0,77.99654571571399,3.4301575962994386,,147.7050738942706,0.8861324779144091,,,,,,,,,,,,,,,,
472,2025-05-16 07:19:36.148536,40.1401588,0.5806391,4.260853290557861,69.70852817855662,23.670000000000016,49.0,1011.0,,6.2,40.0,83.01004184313693,4.015125618839613,,152.71857002169355,0.5185261803195377,,,,,,,,,,,,,,,,
473,2025-05-16 07:19:41.147048,40.1401588,0.5806391,4.260853290557861,69.70852817855662,23.670000000000016,49.0,1011.0,,5.6,34.0,83.0493992540858,3.1546643419965523,,152.75792743264242,0.5156209620099831,,,,,,,,,,,,,,,,
474,2025-05-16 07:19:46.148396,40.1401588,0.5806391,4.260853290557861,69.70852817855662,23.670000000000016,49.0,1011.0,,5.6,30.0,78.12279951422673,2.8612567552974935,,147.83132769278336,0.8769466436934513,,,,,,,,,,,,,,,,
475,2025-05-16 07:19:51.147034,40.1401588,0.5806391,4.260853290557861,69.70852817855662,23.670000000000016,49.0,1011.0,,5.6,33.0,81.87006955914681,3.0809423190747496,,151.57859773770343,0.6025629950760618,,,,,,,,,,,,,,,,
476,2025-05-16 07:19:56.148625,40.1401588,0.5806391,4.260853290557861,69.70852817855662,23.670000000000016,49.0,1011.0,,5.5,31.0,80.90314885214885,2.868791646730485,,150.61167703070547,0.6736571002632247,,,,,,,,,,,,,,,,
477,2025-05-16 07:20:01.149142,40.1401588,0.5806391,4.260853290557861,69.70852817855662,23.670000000000016,49.0,1011.0,,5.3,28.0,80.44653590657532,2.523193037714887,,150.15506408513193,0.7071647070652336,,,,,,,,,,,,,,,,
478,2025-05-16 07:20:06.148042,40.1401588,0.5806391,4.260853290557861,69.70852817855662,23.670000000000016,49.0,1011.0,,5.5,31.0,80.90314885214885,2.868791646730485,,150.61167703070547,0.6736571002632247,,,,,,,,,,,,,,,,
479,2025-05-16 07:20:11.149143,40.1401588,0.5806391,4.260853290557861,69.70852817855662,23.670000000000016,49.0,1011.0,,5.5,22.0,67.85126612853531,2.2244847963392695,,137.55979430709192,1.6063936779785672,,,,,,,,,,,,,,,,
480,2025-05-16 07:20:16.149164,40.1401588,0.5806391,4.260853290557861,69.70852817855662,23.670000000000016,49.0,1011.0,,5.6,25.0,71.00945553389859,2.5028887664338044,,140.7179837124552,1.3865332635399144,,,,,,,,,,,,,,,,
481,2025-05-16 07:20:21.149182,40.1401588,0.5806391,4.260853290557861,69.70852817855662,23.670000000000016,49.0,1011.0,,5.2,24.0,76.96683174560827,2.1709550440400314,,146.6753599241649,0.9608866486095833,,,,,,,,,,,,,,,,
482,2025-05-16 07:20:26.148479,40.1401588,0.5806391,4.260853290557861,69.70852817855662,23.670000000000016,49.0,1011.0,,5.6,23.0,67.77690281910172,2.3636721568389842,,137.48543099765834,1.6115143441708164,,,,,,,,,,,,,,,,
483,2025-05-16 07:20:31.147549,40.1401588,0.5806391,4.260853290557861,69.70852817855662,23.670000000000016,49.0,1011.0,,5.6,23.0,67.77690281910172,2.3636721568389842,,137.48543099765834,1.6115143441708164,,,,,,,,,,,,,,,,
484,2025-05-16 07:20:36.147956,40.1401588,0.5806391,4.260853290557861,69.70852817855662,23.670000000000016,49.0,1011.0,,5.8,24.0,66.25623473610625,2.5772205959362617,,135.96476291466286,1.715620162699276,,,,,,,,,,,,,,,,
485,2025-05-16 07:20:41.147619,40.1401588,0.5806391,4.260853290557861,69.70852817855662,23.670000000000016,49.0,1011.0,,5.3,22.0,71.78828350436095,2.09011252333882,,141.49681168291755,1.3316409556821995,,,,,,,,,,,,,,,,
486,2025-05-16 07:20:46.149117,40.1401588,0.5806391,4.260853290557861,69.70852817855662,23.670000000000016,49.0,1011.0,,5.3,24.0,74.91774037999853,2.232610393550277,,144.62626855855515,1.1086977112655008,,,,,,,,,,,,,,,,
487,2025-05-16 07:20:51.148750,40.1401588,0.5806391,4.260853290557861,69.70852817855662,23.670000000000016,49.0,1011.0,,5.4,26.0,75.94477053257287,2.440260521095126,,145.65329871112948,1.0347784144088787,,,,,,,,,,,,,,,,
488,2025-05-16 07:20:56.149125,40.1401588,0.5806391,4.260853290557861,69.70852817855662,23.670000000000016,49.0,1011.0,,5.6,30.0,78.12279951422673,2.8612567552974935,,147.83132769278336,0.8769466436934513,,,,,,,,,,,,,,,,
489,2025-05-16 07:21:01.147609,40.1401588,0.5806391,4.260853290557861,69.70852817855662,23.670000000000016,49.0,1011.0,,5.7,33.0,80.49886106217738,3.1476205495009784,,150.20738924073402,0.7033271709646438,,,,,,,,,,,,,,,,
490,2025-05-16 07:21:06.148979,40.1401588,0.5806391,4.260853290557861,69.70852817855662,23.670000000000016,49.0,1011.0,,5.3,36.0,89.50459210002381,3.1153782922946394,,159.21312027858045,0.036841004639681325,,,,,,,,,,,,,,,,
491,2025-05-16 07:21:11.148792,40.1401588,0.5806391,4.260853290557861,69.70852817855662,23.670000000000016,49.0,1011.0,,5.0,36.0,94.19897353908848,2.946836191182079,,163.90750171764512,-0.3119810844627714,,,,,,,,,,,,,,,,
492,2025-05-16 07:21:16.147166,40.1401588,0.5806391,4.260853290557861,69.70852817855662,23.670000000000016,49.0,1011.0,,5.3,32.0,85.2413433486227,2.8182867917278607,,154.9498715271793,0.35347516827643544,,,,,,,,,,,,,,,,
493,2025-05-16 07:21:21.147280,40.1401588,0.5806391,4.260853290557861,69.70852817855662,23.670000000000016,49.0,1011.0,,5.3,36.0,89.50459210002381,3.1153782922946394,,159.21312027858045,0.036841004639681325,,,,,,,,,,,,,,,,
494,2025-05-16 07:21:26.148383,40.1401588,0.5806391,4.260853290557861,69.70852817855662,23.670000000000016,49.0,1011.0,,5.0,33.0,91.41991261021153,2.724031621037988,,161.12844078876816,-0.10558229787608285,,,,,,,,,,,,,,,,
495,2025-05-16 07:21:31.148116,40.1401588,0.5806391,4.260853290557861,69.70852817855662,23.670000000000016,49.0,1011.0,,5.3,33.0,86.35073275172086,2.8924517148848436,,156.05926093027747,0.27119766690114433,,,,,,,,,,,,,,,,
496,2025-05-16 07:21:36.147249,40.1401588,0.5806391,4.260853290557861,69.70852817855662,23.670000000000016,49.0,1011.0,,5.1,36.0,92.57599775818056,3.000737074976839,,162.28452593673717,-0.1915019090446622,,,,,,,,,,,,,,,,
497,2025-05-16 07:21:41.149193,40.1401588,0.5806391,4.260853290557861,69.70852817855662,23.670000000000016,49.0,1011.0,,5.1,29.0,85.38222021723637,2.480581169950088,,155.09074839579299,0.3430337850354499,,,,,,,,,,,,,,,,
498,2025-05-16 07:21:46.149125,40.1401588,0.5806391,4.260853290557861,69.70852817855662,23.670000000000016,49.0,1011.0,,5.2,30.0,84.67194518140776,2.611282438357223,,154.38047335996438,0.3956548769135347,,,,,,,,,,,,,,,,
499,2025-05-16 07:21:51.147731,40.1401588,0.5806391,4.260853290557861,69.70852817855662,23.670000000000016,49.0,1011.0,,5.4,25.0,74.49264007936131,2.3683559664463156,,144.2011682579179,1.1391909258972228,,,,,,,,,,,,,,,,
500,2025-05-16 07:21:56.149204,40.1401588,0.5806391,4.260853290557861,69.70852817855662,23.670000000000016,49.0,1011.0,,5.3,27.0,79.14294516294697,2.450004308239995,,148.8514733415036,0.8025716756336583,,,,,,,,,,,,,,,,
501,2025-05-16 07:22:01.147434,40.1401588,0.5806391,4.260853290557861,69.70852817855662,23.670000000000016,49.0,1011.0,,5.3,29.0,81.70473885311577,2.5966579362423325,,151.41326703167238,0.6147318739856555,,,,,,,,,,,,,,,,
502,2025-05-16 07:22:06.149091,40.1401588,0.5806391,4.260853290557861,69.70852817855662,23.670000000000016,49.0,1011.0,,5.0,25.0,82.70020261240748,2.130358091289941,,152.4087307909641,0.5413887103414153,,,,,,,,,,,,,,,,
503,2025-05-16 07:22:11.149176,40.1401588,0.5806391,4.260853290557861,69.70852817855662,23.670000000000016,49.0,1011.0,,5.2,30.0,84.67194518140776,2.611282438357223,,154.38047335996438,0.3956548769135347,,,,,,,,,,,,,,,,
504,2025-05-16 07:22:16.148498,40.1401588,0.5806391,4.260853290557861,69.70852817855662,23.670000000000016,49.0,1011.0,,4.9,24.0,83.82814949086152,2.004628570285591,,153.53667766941814,0.4580882360853861,,,,,,,,,,,,,,,,
505,2025-05-16 07:22:21.149196,40.1401588,0.5806391,4.260853290557861,69.70852817855662,23.670000000000016,49.0,1011.0,,5.1,29.0,85.38222021723637,2.480581169950088,,155.09074839579299,0.3430337850354499,,,,,,,,,,,,,,,,
506,2025-05-16 07:22:26.149205,40.1401588,0.5806391,4.260853290557861,69.70852817855662,23.670000000000016,49.0,1011.0,,5.1,30.0,86.50197913822375,2.554759756054797,,156.21050731678037,0.2599719644942969,,,,,,,,,,,,,,,,
507,2025-05-16 07:22:31.149118,40.1401588,0.5806391,4.260853290557861,69.70852817855662,23.670000000000016,49.0,1011.0,,5.4,28.0,78.68931946891607,2.5853589836400395,,148.3978476474727,0.8356766293186487,,,,,,,,,,,,,,,,
508,2025-05-16 07:22:36.148010,40.1401588,0.5806391,4.260853290557861,69.70852817855662,23.670000000000016,49.0,1011.0,,4.9,25.0,85.03073332083532,2.0786424657586466,,154.73926149939194,0.369080965380706,,,,,,,,,,,,,,,,
509,2025-05-16 07:22:41.147298,40.1401588,0.5806391,4.260853290557861,69.70852817855662,23.670000000000016,49.0,1011.0,,5.2,30.0,84.67194518140776,2.611282438357223,,154.38047335996438,0.3956548769135347,,,,,,,,,,,,,,,,
510,2025-05-16 07:22:46.148782,40.1401588,0.5806391,4.260853290557861,69.70852817855662,23.670000000000016,49.0,1011.0,,5.0,28.0,86.24925351739302,2.3523964800659645,,155.95778169594962,0.27872853237706263,,,,,,,,,,,,,,,,
511,2025-05-16 07:22:51.147185,40.1401588,0.5806391,4.260853290557861,69.70852817855662,23.670000000000016,49.0,1011.0,,5.0,27.0,85.1106304201796,2.2782427348051515,,154.81915859873624,0.3631613199879931,,,,,,,,,,,,,,,,
512,2025-05-16 07:22:56.149131,40.1401588,0.5806391,4.260853290557861,69.70852817855662,23.670000000000016,49.0,1011.0,,5.1,22.0,76.24180720421366,1.9669285984221627,,145.95033538277028,1.0133365106005956,,,,,,,,,,,,,,,,
513,2025-05-16 07:23:01.149172,40.1401588,0.5806391,4.260853290557861,69.70852817855662,23.670000000000016,49.0,1011.0,,5.2,31.0,85.80548766015754,2.685390843174179,,155.51401583871416,0.3116502128531974,,,,,,,,,,,,,,,,
514,2025-05-16 07:23:06.148860,40.1401588,0.5806391,4.260853290557861,69.70852817855662,23.670000000000016,49.0,1011.0,,5.4,32.0,83.64685632051106,2.8792462097250096,,153.35538449906767,0.4714898105893007,,,,,,,,,,,,,,,,
515,2025-05-16 07:23:11.147201,40.1401588,0.5806391,4.260853290557861,69.70852817855662,23.670000000000016,49.0,1011.0,,5.0,33.0,91.41991261021153,2.724031621037988,,161.12844078876816,-0.10558229787608285,,,,,,,,,,,,,,,,
516,2025-05-16 07:23:16.148316,40.1401588,0.5806391,4.260853290557861,69.70852817855662,23.670000000000016,49.0,1011.0,,4.9,28.0,88.36681011738624,2.3013455261458153,,158.07533829594286,0.1214372199395403,,,,,,,,,,,,,,,,
517,2025-05-16 07:23:21.147212,40.1401588,0.5806391,4.260853290557861,69.70852817855662,23.670000000000016,49.0,1011.0,,5.3,27.0,79.14294516294697,2.450004308239995,,148.8514733415036,0.8025716756336583,,,,,,,,,,,,,,,,
518,2025-05-16 07:23:26.148443,40.1401588,0.5806391,4.260853290557861,69.70852817855662,23.670000000000016,49.0,1011.0,,5.0,25.0,82.70020261240748,2.130358091289941,,152.4087307909641,0.5413887103414153,,,,,,,,,,,,,,,,
519,2025-05-16 07:23:31.148311,40.1401588,0.5806391,4.260853290557861,69.70852817855662,23.670000000000016,49.0,1011.0,,5.0,27.0,85.1106304201796,2.2782427348051515,,154.81915859873624,0.3631613199879931,,,,,,,,,,,,,,,,
520,2025-05-16 07:23:36.147356,40.1401588,0.5806391,4.260853290557861,69.70852817855662,23.670000000000016,49.0,1011.0,,5.4,32.0,83.64685632051106,2.8792462097250096,,153.35538449906767,0.4714898105893007,,,,,,,,,,,,,,,,
521,2025-05-16 07:23:41.147937,40.1401588,0.5806391,4.260853290557861,69.70852817855662,23.670000000000016,49.0,1011.0,,5.2,25.0,78.37894583864122,2.2436059793250664,,148.08747401719785,0.8582971968718054,,,,,,,,,,,,,,,,
522,2025-05-16 07:23:46.148794,40.1401588,0.5806391,4.260853290557861,69.70852817855662,23.670000000000016,49.0,1011.0,,5.3,33.0,86.35073275172086,2.8924517148848436,,156.05926093027747,0.27119766690114433,,,,,,,,,,,,,,,,
523,2025-05-16 07:23:51.148780,40.1401588,0.5806391,4.260853290557861,69.70852817855662,23.670000000000016,49.0,1011.0,,5.2,28.0,82.29068965368174,2.4635188525476113,,151.99921783223834,0.571581600963275,,,,,,,,,,,,,,,,
524,2025-05-16 07:23:56.148787,40.1401588,0.5806391,4.260853290557861,69.70852817855662,23.670000000000016,49.0,1011.0,,5.4,26.0,75.94477053257287,2.440260521095126,,145.65329871112948,1.0347784144088787,,,,,,,,,,,,,,,,
525,2025-05-16 07:24:01.148757,40.1401588,0.5806391,4.260853290557861,69.70852817855662,23.670000000000016,49.0,1011.0,,4.9,25.0,85.03073332083532,2.0786424657586466,,154.73926149939194,0.369080965380706,,,,,,,,,,,,,,,,
526,2025-05-16 07:24:06.148078,40.1401588,0.5806391,4.260853290557861,69.70852817855662,23.670000000000016,49.0,1011.0,,5.0,25.0,82.70020261240748,2.130358091289941,,152.4087307909641,0.5413887103414153,,,,,,,,,,,,,,,,
527,2025-05-16 07:24:11.148077,40.1401588,0.5806391,4.260853290557861,69.70852817855662,23.670000000000016,49.0,1011.0,,5.2,27.0,81.03612231776363,2.3899394817638884,,150.74465049632025,0.6638909759142408,,,,,,,,,,,,,,,,
528,2025-05-16 07:24:16.147376,40.1401588,0.5806391,4.260853290557861,69.70852817855662,23.670000000000016,49.0,1011.0,,5.0,24.0,81.41905196146789,2.056705878571635,,151.12758014002452,0.6357472384936442,,,,,,,,,,,,,,,,
529,2025-05-16 07:24:21.147177,40.1401588,0.5806391,4.260853290557861,69.70852817855662,23.670000000000016,49.0,1011.0,,4.7,28.0,92.87985729890464,2.209306518634433,,162.58838547746126,-0.21407306975290413,,,,,,,,,,,,,,,,
530,2025-05-16 07:24:26.148036,40.1401588,0.5806391,4.260853290557861,69.70852817855662,23.670000000000016,49.0,1011.0,,5.3,31.0,84.09904128813714,2.7442432759966247,,153.80756946669376,0.4380548363767794,,,,,,,,,,,,,,,,
531,2025-05-16 07:24:31.148055,40.1401588,0.5806391,4.260853290557861,69.70852817855662,23.670000000000016,49.0,1011.0,,5.3,31.0,84.09904128813714,2.7442432759966247,,153.80756946669376,0.4380548363767794,,,,,,,,,,,,,,,,
532,2025-05-16 07:24:36.148048,40.1401588,0.5806391,4.260853290557861,69.70852817855662,23.670000000000016,49.0,1011.0,,5.2,30.0,84.67194518140776,2.611282438357223,,154.38047335996438,0.3956548769135347,,,,,,,,,,,,,,,,
533,2025-05-16 07:24:41.149116,40.1401588,0.5806391,4.260853290557861,69.70852817855662,23.670000000000016,49.0,1011.0,,5.5,30.0,79.64904730102727,2.7954948860657693,,149.3575754795839,0.7655777872565352,,,,,,,,,,,,,,,,
534,2025-05-16 07:24:46.149100,40.1401588,0.5806391,4.260853290557861,69.70852817855662,23.670000000000016,49.0,1011.0,,5.5,30.0,79.64904730102727,2.7954948860657693,,149.3575754795839,0.7655777872565352,,,,,,,,,,,,,,,,
535,2025-05-16 07:24:51.148407,40.1401588,0.5806391,4.260853290557861,69.70852817855662,23.670000000000016,49.0,1011.0,,5.4,28.0,78.68931946891607,2.5853589836400395,,148.3978476474727,0.8356766293186487,,,,,,,,,,,,,,,,
536,2025-05-16 07:24:56.147540,40.1401588,0.5806391,4.260853290557861,69.70852817855662,23.670000000000016,49.0,1011.0,,5.2,28.0,82.29068965368174,2.4635188525476113,,151.99921783223834,0.571581600963275,,,,,,,,,,,,,,,,
537,2025-05-16 07:25:01.148725,40.1401588,0.5806391,4.260853290557861,69.70852817855662,23.670000000000016,49.0,1011.0,,5.2,31.0,85.80548766015754,2.685390843174179,,155.51401583871416,0.3116502128531974,,,,,,,,,,,,,,,,
538,2025-05-16 07:25:06.148771,40.1401588,0.5806391,4.260853290557861,69.70852817855662,23.670000000000016,49.0,1011.0,,5.4,35.0,86.99549015293321,3.101576144994267,,156.70401833148983,0.22333074997701033,,,,,,,,,,,,,,,,
539,2025-05-16 07:25:11.148747,40.1401588,0.5806391,4.260853290557861,69.70852817855662,23.670000000000016,49.0,1011.0,,5.2,29.0,83.50142748046916,2.537313084599656,,153.20995565902578,0.4822368122236966,,,,,,,,,,,,,,,,
540,2025-05-16 07:25:16.148467,40.1401588,0.5806391,4.260853290557861,69.70852817855662,23.670000000000016,49.0,1011.0,,5.2,32.0,86.90497728370946,2.7596054327819415,,156.61350546226606,0.23005228874742678,,,,,,,,,,,,,,,,
541,2025-05-16 07:25:21.149112,40.1401588,0.5806391,4.260853290557861,69.70852817855662,23.670000000000016,49.0,1011.0,,5.2,32.0,86.90497728370946,2.7596054327819415,,156.61350546226606,0.23005228874742678,,,,,,,,,,,,,,,,
542,2025-05-16 07:25:26.149102,40.1401588,0.5806391,4.260853290557861,69.70852817855662,23.670000000000016,49.0,1011.0,,5.0,32.0,90.44572947560144,2.6496764997001767,,160.15425765415807,-0.03314674767674801,,,,,,,,,,,,,,,,
543,2025-05-16 07:25:31.147905,40.1401588,0.5806391,4.260853290557861,69.70852817855662,23.670000000000016,49.0,1011.0,,4.9,29.0,89.40227935850548,2.3756964123329416,,159.1108075370621,0.04444923847892725,,,,,,,,,,,,,,,,
544,2025-05-16 07:25:36.148997,40.1401588,0.5806391,4.260853290557861,69.70852817855662,23.670000000000016,49.0,1011.0,,5.1,30.0,86.50197913822375,2.554759756054797,,156.21050731678037,0.2599719644942969,,,,,,,,,,,,,,,,
545,2025-05-16 07:25:41.147549,40.1401588,0.5806391,4.260853290557861,69.70852817855662,23.670000000000016,49.0,1011.0,,5.0,29.0,87.34881982522523,2.4266454607423142,,157.05734800378184,0.19708710227252588,,,,,,,,,,,,,,,,
546,2025-05-16 07:25:46.148401,40.1401588,0.5806391,4.260853290557861,69.70852817855662,23.670000000000016,49.0,1011.0,,5.1,31.0,87.58674289480923,2.629025827821926,,157.29527107336585,0.17941102422889119,,,,,,,,,,,,,,,,
547,2025-05-16 07:25:51.149127,40.1401588,0.5806391,4.260853290557861,69.70852817855662,23.670000000000016,49.0,1011.0,,4.8,29.0,91.54285507033009,2.327930131039576,,161.25138324888673,-0.11472196943066598,,,,,,,,,,,,,,,,
548,2025-05-16 07:25:56.147672,40.1401588,0.5806391,4.260853290557861,69.70852817855662,23.670000000000016,49.0,1011.0,,4.8,30.0,92.47962902987538,2.402249305548894,,162.18815720843202,-0.18434233441593748,,,,,,,,,,,,,,,,
549,2025-05-16 07:26:01.148886,40.1401588,0.5806391,4.260853290557861,69.70852817855662,23.670000000000016,49.0,1011.0,,5.0,32.0,90.44572947560144,2.6496764997001767,,160.15425765415807,-0.03314674767674801,,,,,,,,,,,,,,,,
550,2025-05-16 07:26:06.149154,40.1401588,0.5806391,4.260853290557861,69.70852817855662,23.670000000000016,49.0,1011.0,,5.3,33.0,86.35073275172086,2.8924517148848436,,156.05926093027747,0.27119766690114433,,,,,,,,,,,,,,,,
551,2025-05-16 07:26:11.148390,40.1401588,0.5806391,4.260853290557861,69.70852817855662,23.670000000000016,49.0,1011.0,,5.2,35.0,90.02425573682196,2.982597736294299,,159.73278391537858,-0.0018038001026250586,,,,,,,,,,,,,,,,
552,2025-05-16 07:26:16.147198,40.1401588,0.5806391,4.260853290557861,69.70852817855662,23.670000000000016,49.0,1011.0,,5.4,32.0,83.64685632051106,2.8792462097250096,,153.35538449906767,0.4714898105893007,,,,,,,,,,,,,,,,
553,2025-05-16 07:26:21.148575,40.1401588,0.5806391,4.260853290557861,69.70852817855662,23.670000000000016,49.0,1011.0,,5.2,31.0,85.80548766015754,2.685390843174179,,155.51401583871416,0.3116502128531974,,,,,,,,,,,,,,,,
554,2025-05-16 07:26:26.147085,40.1401588,0.5806391,4.260853290557861,69.70852817855662,23.670000000000016,49.0,1011.0,,5.1,29.0,85.38222021723637,2.480581169950088,,155.09074839579299,0.3430337850354499,,,,,,,,,,,,,,,,
555,2025-05-16 07:26:31.148082,40.1401588,0.5806391,4.260853290557861,69.70852817855662,23.670000000000016,49.0,1011.0,,5.0,27.0,85.1106304201796,2.2782427348051515,,154.81915859873624,0.3631613199879931,,,,,,,,,,,,,,,,
556,2025-05-16 07:26:36.148786,40.1401588,0.5806391,4.260853290557861,69.70852817855662,23.670000000000016,49.0,1011.0,,5.1,31.0,87.58674289480923,2.629025827821926,,157.29527107336585,0.17941102422889119,,,,,,,,,,,,,,,,
557,2025-05-16 07:26:41.147189,40.1401588,0.5806391,4.260853290557861,69.70852817855662,23.670000000000016,49.0,1011.0,,5.1,29.0,85.38222021723637,2.480581169950088,,155.09074839579299,0.3430337850354499,,,,,,,,,,,,,,,,
558,2025-05-16 07:26:46.148073,40.1401588,0.5806391,4.260853290557861,69.70852817855662,23.670000000000016,49.0,1011.0,,4.9,29.0,89.40227935850548,2.3756964123329416,,159.1108075370621,0.04444923847892725,,,,,,,,,,,,,,,,
559,2025-05-16 07:26:51.148791,40.1401588,0.5806391,4.260853290557861,69.70852817855662,23.670000000000016,49.0,1011.0,,5.3,31.0,84.09904128813714,2.7442432759966247,,153.80756946669376,0.4380548363767794,,,,,,,,,,,,,,,,
560,2025-05-16 07:26:56.149251,40.1401588,0.5806391,4.260853290557861,69.70852817855662,23.670000000000016,49.0,1011.0,,5.5,30.0,79.64904730102727,2.7954948860657693,,149.3575754795839,0.7655777872565352,,,,,,,,,,,,,,,,
561,2025-05-16 07:27:01.148670,40.1401588,0.5806391,4.260853290557861,69.70852817855662,23.670000000000016,49.0,1011.0,,5.2,29.0,83.50142748046916,2.537313084599656,,153.20995565902578,0.4822368122236966,,,,,,,,,,,,,,,,
562,2025-05-16 07:27:06.148279,40.1401588,0.5806391,4.260853290557861,69.70852817855662,23.670000000000016,49.0,1011.0,,5.2,31.0,85.80548766015754,2.685390843174179,,155.51401583871416,0.3116502128531974,,,,,,,,,,,,,,,,
563,2025-05-16 07:27:11.148998,40.1401588,0.5806391,4.260853290557861,69.70852817855662,23.670000000000016,49.0,1011.0,,5.1,33.0,89.6624039998651,2.777707296060906,,159.37093217842173,0.02510549148753735,,,,,,,,,,,,,,,,
564,2025-05-16 07:27:16.148053,40.1401588,0.5806391,4.260853290557861,69.70852817855662,23.670000000000016,49.0,1011.0,,5.2,33.0,87.97305065834661,2.8338961471382698,,157.6815788369032,0.150704510544549,,,,,,,,,,,,,,,,
565,2025-05-16 07:27:21.148064,40.1401588,0.5806391,4.260853290557861,69.70852817855662,23.670000000000016,49.0,1011.0,,5.1,32.0,88.63936385429521,2.7033504857586435,,158.34789203285183,0.10117544698190241,,,,,,,,,,,,,,,,
566,2025-05-16 07:27:26.148794,40.1401588,0.5806391,4.260853290557861,69.70852817855662,23.670000000000016,49.0,1011.0,,5.3,31.0,84.09904128813714,2.7442432759966247,,153.80756946669376,0.4380548363767794,,,,,,,,,,,,,,,,
567,2025-05-16 07:27:31.148742,40.1401588,0.5806391,4.260853290557861,69.70852817855662,23.670000000000016,49.0,1011.0,,5.4,32.0,83.64685632051106,2.8792462097250096,,153.35538449906767,0.4714898105893007,,,,,,,,,,,,,,,,
568,2025-05-16 07:27:36.148059,40.1401588,0.5806391,4.260853290557861,69.70852817855662,23.670000000000016,49.0,1011.0,,5.5,33.0,83.30108047782122,3.016106102790576,,153.00960865637785,0.4970370920103978,,,,,,,,,,,,,,,,
569,2025-05-16 07:27:41.149114,40.1401588,0.5806391,4.260853290557861,69.70852817855662,23.670000000000016,49.0,1011.0,,5.2,35.0,90.02425573682196,2.982597736294299,,159.73278391537858,-0.0018038001026250586,,,,,,,,,,,,,,,,
570,2025-05-16 07:27:46.149195,40.1401588,0.5806391,4.260853290557861,69.70852817855662,23.670000000000016,49.0,1011.0,,5.0,30.0,88.41276924396806,2.500959585727345,,158.12129742252466,0.11802077695891139,,,,,,,,,,,,,,,,
571,2025-05-16 07:27:51.148467,40.1401588,0.5806391,4.260853290557861,69.70852817855662,23.670000000000016,49.0,1011.0,,5.2,30.0,84.67194518140776,2.611282438357223,,154.38047335996438,0.3956548769135347,,,,,,,,,,,,,,,,
572,2025-05-16 07:27:56.148408,40.1401588,0.5806391,4.260853290557861,69.70852817855662,23.670000000000016,49.0,1011.0,,5.1,33.0,89.6624039998651,2.777707296060906,,159.37093217842173,0.02510549148753735,,,,,,,,,,,,,,,,
573,2025-05-16 07:28:01.149148,40.1401588,0.5806391,4.260853290557861,69.70852817855662,23.670000000000016,49.0,1011.0,,5.0,34.0,92.36890138900777,2.798355959038314,,162.0774295675644,-0.1761153426459956,,,,,,,,,,,,,,,,
574,2025-05-16 07:28:06.148423,40.1401588,0.5806391,4.260853290557861,69.70852817855662,23.670000000000016,49.0,1011.0,,5.5,32.0,82.11961248363176,2.942342099757257,,151.8281406621884,0.5841863535552014,,,,,,,,,,,,,,,,
575,2025-05-16 07:28:11.148424,40.1401588,0.5806391,4.260853290557861,69.70852817855662,23.670000000000016,49.0,1011.0,,5.3,36.0,89.50459210002381,3.1153782922946394,,159.21312027858045,0.036841004639681325,,,,,,,,,,,,,,,,
576,2025-05-16 07:28:16.148814,40.1401588,0.5806391,4.260853290557861,69.70852817855662,23.670000000000016,49.0,1011.0,,5.6,39.0,88.51819936144906,3.5253731121598544,,158.2267275400057,0.11018318227409131,,,,,,,,,,,,,,,,
577,2025-05-16 07:28:21.148787,40.1401588,0.5806391,4.260853290557861,69.70852817855662,23.670000000000016,49.0,1011.0,,5.3,37.0,90.50448504081108,3.189743267048196,,160.2130132193677,-0.037516008860258424,,,,,,,,,,,,,,,,
578,2025-05-16 07:28:26.148771,40.1401588,0.5806391,4.260853290557861,69.70852817855662,23.670000000000016,49.0,1011.0,,5.1,36.0,92.57599775818056,3.000737074976839,,162.28452593673717,-0.1915019090446622,,,,,,,,,,,,,,,,
579,2025-05-16 07:28:31.148051,40.1401588,0.5806391,4.260853290557861,69.70852817855662,23.670000000000016,49.0,1011.0,,5.2,33.0,87.97305065834661,2.8338961471382698,,157.6815788369032,0.150704510544549,,,,,,,,,,,,,,,,
580,2025-05-16 07:28:36.148767,40.1401588,0.5806391,4.260853290557861,69.70852817855662,23.670000000000016,49.0,1011.0,,5.3,33.0,86.35073275172086,2.8924517148848436,,156.05926093027747,0.27119766690114433,,,,,,,,,,,,,,,,
581,2025-05-16 07:28:41.148275,40.1401588,0.5806391,4.260853290557861,69.70852817855662,23.670000000000016,49.0,1011.0,,5.1,32.0,88.63936385429521,2.7033504857586435,,158.34789203285183,0.10117544698190241,,,,,,,,,,,,,,,,
582,2025-05-16 07:28:46.148266,40.1401588,0.5806391,4.260853290557861,69.70852817855662,23.670000000000016,49.0,1011.0,,5.3,38.0,91.4816013217393,3.2640970744075357,,161.19012950029594,-0.11016836485234408,,,,,,,,,,,,,,,,
583,2025-05-16 07:28:51.148794,40.1401588,0.5806391,4.260853290557861,69.70852817855662,23.670000000000016,49.0,1011.0,,5.1,38.0,94.40722609452486,3.1491854496291425,,164.11575427308148,-0.3274243122227878,,,,,,,,,,,,,,,,
584,2025-05-16 07:28:56.147226,40.1401588,0.5806391,4.260853290557861,69.70852817855662,23.670000000000016,49.0,1011.0,,5.1,35.0,91.62874058135385,2.926422148840298,,161.33726875991047,-0.12110647760811222,,,,,,,,,,,,,,,,
585,2025-05-16 07:29:01.148787,40.1401588,0.5806391,4.260853290557861,69.70852817855662,23.670000000000016,49.0,1011.0,,5.6,38.0,87.47550307166323,3.451053575888923,,157.18403125021985,0.1876757958405301,,,,,,,,,,,,,,,,
586,2025-05-16 07:29:06.148058,40.1401588,0.5806391,4.260853290557861,69.70852817855662,23.670000000000016,49.0,1011.0,,5.2,37.0,91.97561024178643,3.1312993880923576,,161.68413842034306,-0.14688896006295926,,,,,,,,,,,,,,,,
587,2025-05-16 07:29:11.147521,40.1401588,0.5806391,4.260853290557861,69.70852817855662,23.670000000000016,49.0,1011.0,,5.1,38.0,94.40722609452486,3.1491854496291425,,164.11575427308148,-0.3274243122227878,,,,,,,,,,,,,,,,
588,2025-05-16 07:29:16.148704,40.1401588,0.5806391,4.260853290557861,69.70852817855662,23.670000000000016,49.0,1011.0,,5.0,37.0,95.08343146018841,3.02095735723696,,164.79195963874503,-0.37753828474894274,,,,,,,,,,,,,,,,
589,2025-05-16 07:29:21.149106,40.1401588,0.5806391,4.260853290557861,69.70852817855662,23.670000000000016,49.0,1011.0,,4.9,41.0,99.92980326211712,3.263578425630661,,169.63833144067374,-0.7347479175366995,,,,,,,,,,,,,,,,
590,2025-05-16 07:29:26.148789,40.1401588,0.5806391,4.260853290557861,69.70852817855662,23.670000000000016,49.0,1011.0,,5.0,44.0,100.82528078876108,3.536220752531718,,170.5338089673177,-0.8002509416644489,,,,,,,,,,,,,,,,
591,2025-05-16 07:29:31.148795,40.1401588,0.5806391,4.260853290557861,69.70852817855662,23.670000000000016,49.0,1011.0,,5.0,44.0,100.82528078876108,3.536220752531718,,170.5338089673177,-0.8002509416644489,,,,,,,,,,,,,,,,
592,2025-05-16 07:29:36.148089,40.1401588,0.5806391,4.260853290557861,69.70852817855662,23.670000000000016,49.0,1011.0,,4.7,43.0,104.40815016575552,3.3094828898581774,,174.11667834431213,-1.060218166322431,,,,,,,,,,,,,,,,
593,2025-05-16 07:29:41.147534,40.1401588,0.5806391,4.260853290557861,69.70852817855662,23.670000000000016,49.0,1011.0,,4.8,42.0,102.18869312100516,3.2858990312686553,,171.89722129956178,-0.8996020801447867,,,,,,,,,,,,,,,,
594,2025-05-16 07:29:46.148414,40.1401588,0.5806391,4.260853290557861,69.70852817855662,23.670000000000016,49.0,1011.0,,4.8,38.0,99.195612147822,2.993647929141972,,168.90414032637864,-0.6809081735410104,,,,,,,,,,,,,,,,
595,2025-05-16 07:29:51.148408,40.1401588,0.5806391,4.260853290557861,69.70852817855662,23.670000000000016,49.0,1011.0,,4.9,37.0,96.72153886182976,2.969302460584369,,166.43006704038638,-0.4987076772076773,,,,,,,,,,,,,,,,
596,2025-05-16 07:29:56.147520,40.1401588,0.5806391,4.260853290557861,69.70852817855662,23.670000000000016,49.0,1011.0,,5.0,39.0,96.79845449364525,3.168883319480363,,166.50698267220187,-0.5043878132854129,,,,,,,,,,,,,,,,
597,2025-05-16 07:30:01.149105,40.1401588,0.5806391,4.260853290557861,69.70852817855662,23.670000000000016,49.0,1011.0,,5.4,41.0,92.99605712002156,3.5475678065308576,,162.7045852985782,-0.2227030167940721,,,,,,,,,,,,,,,,
598,2025-05-16 07:30:06.147605,40.1401588,0.5806391,4.260853290557861,69.70852817855662,23.670000000000016,49.0,1011.0,,5.4,43.0,94.83538648861108,3.695945053936278,,164.5439146671677,-0.3591612654720435,,,,,,,,,,,,,,,,
599,2025-05-16 07:30:11.149380,40.1401588,0.5806391,4.260853290557861,69.70852817855662,23.670000000000016,49.0,1011.0,,4.9,44.0,102.20249310194707,3.482507355583965,,171.9110212805037,-0.900605168183819,,,,,,,,,,,,,,,,
600,2025-05-16 07:30:16.149170,40.1401588,0.5806391,4.260853290557861,69.70852817855662,23.670000000000016,49.0,1011.0,,4.8,41.0,101.45734726795597,3.213111498205975,,171.1658754465126,-0.8463690517117167,,,,,,,,,,,,,,,,
601,2025-05-16 07:30:21.149138,40.1401588,0.5806391,4.260853290557861,69.70852817855662,23.670000000000016,49.0,1011.0,,4.8,38.0,99.195612147822,2.993647929141972,,168.90414032637864,-0.6809081735410104,,,,,,,,,,,,,,,,
602,2025-05-16 07:30:26.147517,40.1401588,0.5806391,4.260853290557861,69.70852817855662,23.670000000000016,49.0,1011.0,,5.0,43.0,100.04580431184057,3.463085690912168,,169.7543324903972,-0.7432437031181933,,,,,,,,,,,,,,,,
603,2025-05-16 07:30:31.147528,40.1401588,0.5806391,4.260853290557861,69.70852817855662,23.670000000000016,49.0,1011.0,,5.2,43.0,97.35579826947324,3.5758196503960207,,167.06432644802987,-0.5455192539400023,,,,,,,,,,,,,,,,
604,2025-05-16 07:30:36.148307,40.1401588,0.5806391,4.260853290557861,69.70852817855662,23.670000000000016,49.0,1011.0,,5.3,43.0,96.07477114007786,3.6350031646392242,,165.78329931863448,-0.4509100298018979,,,,,,,,,,,,,,,,
605,2025-05-16 07:30:41.148726,40.1401588,0.5806391,4.260853290557861,69.70852817855662,23.670000000000016,49.0,1011.0,,5.2,39.0,93.84074145036766,3.279832239861333,,163.54926962892426,-0.2854064092879812,,,,,,,,,,,,,,,,
606,2025-05-16 07:30:46.148792,40.1401588,0.5806391,4.260853290557861,69.70852817855662,23.670000000000016,49.0,1011.0,,5.4,37.0,89.08719446881133,3.2502135870571687,,158.79572264736794,0.06787875058554776,,,,,,,,,,,,,,,,
607,2025-05-16 07:30:51.147187,40.1401588,0.5806391,4.260853290557861,69.70852817855662,23.670000000000016,49.0,1011.0,,5.5,42.0,92.70003199121078,3.6843084749647828,,162.40856016976738,-0.20071605192738756,,,,,,,,,,,,,,,,
608,2025-05-16 07:30:56.148785,40.1401588,0.5806391,4.260853290557861,69.70852817855662,23.670000000000016,49.0,1011.0,,5.0,39.0,96.79845449364525,3.168883319480363,,166.50698267220187,-0.5043878132854129,,,,,,,,,,,,,,,,
609,2025-05-16 07:31:01.148813,40.1401588,0.5806391,4.260853290557861,69.70852817855662,23.670000000000016,49.0,1011.0,,5.0,44.0,100.82528078876108,3.536220752531718,,170.5338089673177,-0.8002509416644489,,,,,,,,,,,,,,,,
610,2025-05-16 07:31:06.147808,40.1401588,0.5806391,4.260853290557861,69.70852817855662,23.670000000000016,49.0,1011.0,,5.3,37.0,90.50448504081108,3.189743267048196,,160.2130132193677,-0.037516008860258424,,,,,,,,,,,,,,,,
611,2025-05-16 07:31:11.148778,40.1401588,0.5806391,4.260853290557861,69.70852817855662,23.670000000000016,49.0,1011.0,,4.8,38.0,99.195612147822,2.993647929141972,,168.90414032637864,-0.6809081735410104,,,,,,,,,,,,,,,,
612,2025-05-16 07:31:16.148995,40.1401588,0.5806391,4.260853290557861,69.70852817855662,23.670000000000016,49.0,1011.0,,5.0,37.0,95.08343146018841,3.02095735723696,,164.79195963874503,-0.37753828474894274,,,,,,,,,,,,,,,,
613,2025-05-16 07:31:21.147189,40.1401588,0.5806391,4.260853290557861,69.70852817855662,23.670000000000016,49.0,1011.0,,5.0,35.0,93.29466395122468,2.872630141507649,,163.0031921297813,-0.2448757104556532,,,,,,,,,,,,,,,,
614,2025-05-16 07:31:26.148793,40.1401588,0.5806391,4.260853290557861,69.70852817855662,23.670000000000016,49.0,1011.0,,5.4,37.0,89.08719446881133,3.2502135870571687,,158.79572264736794,0.06787875058554776,,,,,,,,,,,,,,,,
615,2025-05-16 07:31:31.148821,40.1401588,0.5806391,4.260853290557861,69.70852817855662,23.670000000000016,49.0,1011.0,,5.4,38.0,90.09642812787436,3.324576675105539,,159.804956306431,-0.007170962948543121,,,,,,,,,,,,,,,,
616,2025-05-16 07:31:36.147207,40.1401588,0.5806391,4.260853290557861,69.70852817855662,23.670000000000016,49.0,1011.0,,5.1,35.0,91.62874058135385,2.926422148840298,,161.33726875991047,-0.12110647760811222,,,,,,,,,,,,,,,,
617,2025-05-16 07:31:41.149212,40.1401588,0.5806391,4.260853290557861,69.70852817855662,23.670000000000016,49.0,1011.0,,5.1,38.0,94.40722609452486,3.1491854496291425,,164.11575427308148,-0.3274243122227878,,,,,,,,,,,,,,,,
618,2025-05-16 07:31:46.148391,40.1401588,0.5806391,4.260853290557861,69.70852817855662,23.670000000000016,49.0,1011.0,,5.3,38.0,91.4816013217393,3.2640970744075357,,161.19012950029594,-0.11016836485234408,,,,,,,,,,,,,,,,
619,2025-05-16 07:31:51.148448,40.1401588,0.5806391,4.260853290557861,69.70852817855662,23.670000000000016,49.0,1011.0,,5.1,39.0,95.29414887780803,3.2232841182646847,,165.00267705636463,-0.3931442556294991,,,,,,,,,,,,,,,,
620,2025-05-16 07:31:56.149108,40.1401588,0.5806391,4.260853290557861,69.70852817855662,23.670000000000016,49.0,1011.0,,5.2,35.0,90.02425573682196,2.982597736294299,,159.73278391537858,-0.0018038001026250586,,,,,,,,,,,,,,,,
621,2025-05-16 07:32:01.147528,40.1401588,0.5806391,4.260853290557861,69.70852817855662,23.670000000000016,49.0,1011.0,,5.2,39.0,93.84074145036766,3.279832239861333,,163.54926962892426,-0.2854064092879812,,,,,,,,,,,,,,,,
622,2025-05-16 07:32:06.149105,40.1401588,0.5806391,4.260853290557861,69.70852817855662,23.670000000000016,49.0,1011.0,,5.2,37.0,91.97561024178643,3.1312993880923576,,161.68413842034306,-0.14688896006295926,,,,,,,,,,,,,,,,
623,2025-05-16 07:32:11.148427,40.1401588,0.5806391,4.260853290557861,69.70852817855662,23.670000000000016,49.0,1011.0,,5.3,35.0,88.48025169943944,3.0410248140836806,,158.18877987799607,0.11300422694456812,,,,,,,,,,,,,,,,
624,2025-05-16 07:32:16.149066,40.1401588,0.5806391,4.260853290557861,69.70852817855662,23.670000000000016,49.0,1011.0,,4.8,37.0,98.41620662210225,2.9201593878794805,,168.12473480065887,-0.6236306191702891,,,,,,,,,,,,,,,,
625,2025-05-16 07:32:21.147522,40.1401588,0.5806391,4.260853290557861,69.70852817855662,23.670000000000016,49.0,1011.0,,5.2,38.0,92.91819769972037,3.20559656751374,,162.626725878277,-0.21692063989079355,,,,,,,,,,,,,,,,
626,2025-05-16 07:32:26.148409,40.1401588,0.5806391,4.260853290557861,69.70852817855662,23.670000000000016,49.0,1011.0,,5.0,38.0,95.949486964373,3.0949779706253064,,165.65801514292963,-0.4416444039763831,,,,,,,,,,,,,,,,
627,2025-05-16 07:32:31.149121,40.1401588,0.5806391,4.260853290557861,69.70852817855662,23.670000000000016,49.0,1011.0,,5.2,39.0,93.84074145036766,3.279832239861333,,163.54926962892426,-0.2854064092879812,,,,,,,,,,,,,,,,
628,2025-05-16 07:32:36.146552,40.1235377,0.5488347,4.5223774909973145,67.0016012670755,23.670000000000016,49.0,1011.0,,4.6,35.0,105.95412431401856,2.744150563753204,,172.95572558109404,-1.2430550600502266,,,,,,,,,,,,,,,,
629,2025-05-16 07:32:41.148351,40.1099198,0.5229607,4.429999828338623,-166.35209859435528,23.670000000000016,49.0,1011.0,,5.0,32.0,94.0964270081479,2.656382742588424,,287.74432841379263,-0.31645811562598397,,,,,,,,,,,,,,,,