id,Time,Latitude,Longitude,SpeedOverGround (m/s),CourseOverGround (deg),Temperature (C),Humidity (%),Pressure (hPa),Device1_MAC,Device1_WindSpeed (m/s),Device1_WindAngle (deg),Device1_TrueWindAngle (deg),Device1_TrueWindSpeed (m/s),Device1_CrossWindSpeed (m/s),Device1_TrueWindDirection (deg),Device1_VelocityMadeGood (m/s),Device2_MAC,Device2_WindSpeed (m/s),Device2_WindAngle (deg),Device2_TrueWindAngle (deg),Device2_TrueWindSpeed (m/s),Device2_CrossWindSpeed (m/s),Device2_TrueWindDirection (deg),Device2_VelocityMadeGood (m/s),Device3_MAC,Device3_WindSpeed (m/s),Device3_WindAngle (deg),Device3_TrueWindAngle (deg),Device3_TrueWindSpeed (m/s),Device3_CrossWindSpeed (m/s),Device3_TrueWindDirection (deg),Device3_VelocityMadeGood (m/s)
1,2025-05-16 07:33:10.236921,40.1092711,0.5219013,4.329471588134766,-167.48540456257882,23.670000000000016,49.0,1011.0,,4.9,34.0,95.56942213817514,2.7530414084986354,,288.0840175755963,-0.42018278806710935,,,,,,,,,,,,,,,,
2,2025-05-16 07:33:15.236892,40.1091391,0.5217068,4.480030536651611,-163.4267285728388,23.670000000000016,49.0,1011.0,,4.9,36.0,100.15426481597798,2.9259783633045213,,296.7275362431392,-0.7898252170663935,,,,,,,,,,,,,,,,
3,2025-05-16 07:33:20.236487,40.1089878,0.5214709,4.42780876159668,-167.24642990389842,23.670000000000016,49.0,1011.0,,4.9,35.0,98.37888237559095,2.8408474371571866,,291.13245247169255,-0.6452132104185287,,,,,,,,,,,,,,,,
4,2025-05-16 07:33:25.236807,40.1088455,0.5211847,5.134852409362793,140.27220970157717,23.670000000000016,49.0,1011.0,,4.7,32.0,114.7658316559344,2.742891221645138,,255.0380413575116,-2.151044384589067,,,,,,,,,,,,,,,,
5,2025-05-16 07:33:30.237622,40.1087723,0.5210268,4.453872203826904,129.9566023188636,23.670000000000016,49.0,1011.0,,4.8,35.0,100.7346794859246,2.8022048120473557,,230.6912818047882,-0.8295841540016451,,,,,,,,,,,,,,,,
6,2025-05-16 07:33:35.237040,40.1086613,0.5208313,4.645808696746826,121.78612512801924,23.670000000000016,49.0,1011.0,,4.7,32.0,104.84154353676648,2.5765806362633374,,226.62766866478572,-1.1900085981452055,,,,,,,,,,,,,,,,
7,2025-05-16 07:33:40.237071,40.1085493,0.5206449,4.5604071617126465,124.87134889687067,23.670000000000016,49.0,1011.0,,4.7,32.0,102.99074037774488,2.556038758592623,,227.86208927461556,-1.0251502639406884,,,,,,,,,,,,,,,,
8,2025-05-16 07:33:45.237174,40.1084232,0.52039,4.937840938568115,119.43349378916503,23.670000000000016,49.0,1011.0,,5.2,36.0,103.44957937782378,3.1426711397235008,,222.88307316698882,-1.1484903615599698,,,,,,,,,,,,,,,,
9,2025-05-16 07:33:50.237009,40.1083594,0.5202055,4.550565719604492,121.90427374028212,23.670000000000016,49.0,1011.0,,4.9,35.0,100.81149635999644,2.861313910070401,,222.71577010027858,-0.853587864513916,,,,,,,,,,,,,,,,
10,2025-05-16 07:33:55.237408,40.1082109,0.5200146,4.699113845825195,126.26090990237475,23.670000000000016,49.0,1011.0,,4.5,32.0,110.31676920060968,2.5428330619324653,,236.57767910298443,-1.6315799572341874,,,,,,,,,,,,,,,,
11,2025-05-16 07:34:00.236818,40.108071,0.5198155,4.193002223968506,121.81265358275557,23.670000000000016,49.0,1011.0,,4.7,36.0,98.0481052335086,2.7900704503230043,,219.86075881626417,-0.587039077739277,,,,,,,,,,,,,,,,
12,2025-05-16 07:34:05.236830,40.1079703,0.519643,3.9609549045562744,122.58361801550993,23.670000000000016,49.0,1011.0,,4.5,30.0,91.6252511635106,2.2509055112589027,,214.20886917902052,-0.11234131642008684,,,,,,,,,,,,,,,,
13,2025-05-16 07:34:10.238122,40.1078781,0.5195047,2.4201319217681885,123.18298077555689,23.670000000000016,49.0,1011.0,,4.9,29.0,51.85787393333727,3.0205010853725156,,175.04085470889416,1.4947080665240795,,,,,,,,,,,,,,,,
14,2025-05-16 07:34:15.236934,40.1078477,0.519454,3.401749610900879,123.38152071435081,23.670000000000016,49.0,1011.0,,4.8,33.0,76.57796054130971,2.6876767932014394,,199.95948125566053,0.7896211796669008,,,,,,,,,,,,,,,,
15,2025-05-16 07:34:20.237208,40.1077388,0.519279,4.266533374786377,122.87347758350693,23.670000000000016,49.0,1011.0,,4.6,26.0,93.74750726146436,2.02082827540959,,216.6209848449713,-0.2788594089303558,,,,,,,,,,,,,,,,
16,2025-05-16 07:34:25.237102,40.1075938,0.519073,3.7524662017822266,120.0938501385002,23.670000000000016,49.0,1011.0,,4.9,33.0,82.38028237080185,2.692506189630729,,202.47413250930205,0.4975676255826457,,,,,,,,,,,,,,,,
17,2025-05-16 07:34:30.237636,40.1074749,0.5188522,4.098926067352295,124.06478551816221,23.670000000000016,49.0,1011.0,,4.7,32.0,92.60003669522719,2.493187176527664,,216.6648222133894,-0.18594215700111308,,,,,,,,,,,,,,,,
18,2025-05-16 07:34:35.237292,40.1073438,0.5185982,4.328688144683838,125.10622544204908,23.670000000000016,49.0,1011.0,,4.9,34.0,95.55319378263357,2.7529654843686187,,220.65941922468267,-0.41888647444853416,,,,,,,,,,,,,,,,
19,2025-05-16 07:34:40.236883,40.1070379,0.5181595,5.20203971862793,118.07697723886547,23.670000000000016,49.0,1011.0,,4.7,36.0,116.86894221748354,3.0969266990062874,,234.945919456349,-2.3510682732453922,,,,,,,,,,,,,,,,
20,2025-05-16 07:34:45.237280,40.1068927,0.5179747,4.492266654968262,119.75683494447343,23.670000000000016,49.0,1011.0,,4.7,32.0,101.49377321488691,2.5415886307809785,,221.25060815936035,-0.8951355094110377,,,,,,,,,,,,,,,,
21,2025-05-16 07:34:50.236902,40.1067954,0.5177516,5.112813472747803,123.38169829926923,23.670000000000016,49.0,1011.0,,4.8,31.0,111.99170639099582,2.666179097922086,,235.37340469026503,-1.9146074240220512,,,,,,,,,,,,,,,,
22,2025-05-16 07:34:55.237192,40.1066944,0.5175646,3.905442237854004,122.73777538507711,23.670000000000016,49.0,1011.0,,5.1,36.0,85.79226738843879,3.0058066862796116,,208.5300427735159,0.28655320705851306,,,,,,,,,,,,,,,,
23,2025-05-16 07:35:00.237736,40.1066003,0.5173775,4.653680324554443,118.83858431245692,23.670000000000016,49.0,1011.0,,4.5,32.0,109.35083613987945,2.527417240764575,,228.18942045233638,-1.5420046888857202,,,,,,,,,,,,,,,,
24,2025-05-16 07:35:05.237125,40.1064774,0.5172123,4.151538848876953,121.86256860521001,23.670000000000016,49.0,1011.0,,4.5,32.0,98.00432553239531,2.4080974360579166,,219.86689413760533,-0.5780929030515213,,,,,,,,,,,,,,,,
25,2025-05-16 07:35:10.237682,40.1063494,0.5169747,5.371249675750732,122.58749756295849,23.670000000000016,49.0,1011.0,,4.4,29.0,125.52408010351085,2.6210066534689997,,248.11157766646934,-3.120938082154055,,,,,,,,,,,,,,,,
26,2025-05-16 07:35:15.237053,40.1062035,0.516532,5.600983142852783,119.92533571129765,23.670000000000016,49.0,1011.0,,4.9,32.0,119.10498646306586,2.9718616851555804,,239.0303221743635,-2.7243821815632527,,,,,,,,,,,,,,,,
27,2025-05-16 07:35:20.236878,40.1060365,0.5164026,4.463642120361328,231.97666931152344,23.670000000000016,49.0,1011.0,,5.0,33.0,95.6682969540762,2.7365760096840455,,327.64496626559963,-0.44087012874906734,,,,,,,,,,,,,,,,
28,2025-05-16 07:35:25.237067,40.1059381,0.5162317,4.509524822235107,120.33555687284861,23.670000000000016,49.0,1011.0,,4.7,35.0,103.74698975862974,2.775309215103729,,224.08254663147835,-1.0716202953932727,,,,,,,,,,,,,,,,
29,2025-05-16 07:35:30.236964,40.1058655,0.5160983,4.798148155212402,122.23551059427106,23.670000000000016,49.0,1011.0,,4.6,37.0,112.10559299247295,2.9879906168760413,,234.341103586744,-1.8056137099233558,,,,,,,,,,,,,,,,
30,2025-05-16 07:35:35.237042,40.1057553,0.5158145,5.225008964538574,119.39157008803949,23.670000000000016,49.0,1011.0,,4.4,36.0,122.7781824023548,3.0760450998749533,,242.16975249039427,-2.8287576369866336,,,,,,,,,,,,,,,,
31,2025-05-16 07:35:40.237184,40.1056017,0.515565,4.144774436950684,122.2603041809582,23.670000000000016,49.0,1011.0,,4.5,31.0,97.07176842283151,2.3354376651794073,,219.3320726037897,-0.5102735681355481,,,,,,,,,,,,,,,,
32,2025-05-16 07:35:45.236294,40.1054735,0.5153497,4.219831466674805,122.10785435868351,23.670000000000016,49.0,1011.0,,4.5,31.0,98.89133650296031,2.3458609672722575,,220.99919086164383,-0.6522213651196357,,,,,,,,,,,,,,,,
33,2025-05-16 07:35:50.237152,40.1053559,0.5150788,4.539125919342041,122.26199806787237,23.670000000000016,49.0,1011.0,,4.5,27.0,104.53290400770413,2.1104849768302527,,226.7949020755765,-1.1390298916720556,,,,,,,,,,,,,,,,
34,2025-05-16 07:35:55.236892,40.1052003,0.5148834,4.569919109344482,121.58728466090183,23.670000000000016,49.0,1011.0,,4.6,33.0,105.86550935224801,2.6045574366646047,,227.45279401314986,-1.249325512124386,,,,,,,,,,,,,,,,
35,2025-05-16 07:36:00.236905,40.1051051,0.5146581,4.551546573638916,120.75177494049085,23.670000000000016,49.0,1011.0,,4.5,33.0,107.60139044934606,2.5712531696645446,,228.3531653898369,-1.3763559259778257,,,,,,,,,,,,,,,,
36,2025-05-16 07:36:05.236818,40.1050016,0.5144184,5.090112686157227,121.97077246204137,23.670000000000016,49.0,1011.0,,4.7,33.0,114.16162256929718,2.805588494801983,,236.13239503133855,-2.083444165386968,,,,,,,,,,,,,,,,
37,2025-05-16 07:36:10.237432,40.1049076,0.5142595,4.8243184089660645,121.4041399684971,23.670000000000016,49.0,1011.0,,4.7,32.0,108.6063217839624,2.6279764299768384,,230.0104617524595,-1.539265751267406,,,,,,,,,,,,,,,,
38,2025-05-16 07:36:15.236830,40.1047553,0.5140093,4.810133457183838,119.62121470831366,23.670000000000016,49.0,1011.0,,4.6,29.0,109.43501147336286,2.364876050067486,,229.05622618167652,-1.6005114957052642,,,,,,,,,,,,,,,,
39,2025-05-16 07:36:20.236923,40.1046671,0.5138368,4.030553817749023,123.68650232117022,23.670000000000016,49.0,1011.0,,4.5,26.0,89.59281667770513,1.9727199764894225,,213.27931899887534,0.028643653923315904,,,,,,,,,,,,,,,,
40,2025-05-16 07:36:25.237403,40.1046176,0.5136437,4.8467116355896,121.05967986827503,23.670000000000016,49.0,1011.0,,5.0,29.0,101.05524111577361,2.4698822978989985,,222.11492098404864,-0.9293827985122465,,,,,,,,,,,,,,,,
41,2025-05-16 07:36:30.236934,40.1044818,0.5134051,4.3716559410095215,120.54180126502631,23.670000000000016,49.0,1011.0,,4.7,22.0,90.45206369956742,1.7607057925868264,,210.99386496459374,-0.03449200744498041,,,,,,,,,,,,,,,,
42,2025-05-16 07:36:35.236806,40.1043799,0.5131943,4.867513179779053,124.98933358459348,23.670000000000016,49.0,1011.0,,4.7,23.0,106.41859724736976,1.9145054705478382,,231.40793083196326,-1.375816322575701,,,,,,,,,,,,,,,,
43,2025-05-16 07:36:40.236835,40.1042744,0.5129709,4.790133953094482,122.47583763040713,23.670000000000016,49.0,1011.0,,5.1,25.0,94.45598977281672,2.1618878605698155,,216.93182740322385,-0.37216139643884893,,,,,,,,,,,,,,,,
44,2025-05-16 07:36:45.237259,40.1041813,0.5127672,4.281528949737549,117.60248399722468,23.670000000000016,49.0,1011.0,,4.9,22.0,81.88680468224044,1.854129957657395,,199.48928867946512,0.6042488940493962,,,,,,,,,,,,,,,,
45,2025-05-16 07:36:50.237142,40.1041062,0.5125872,4.468952655792236,122.98168144033826,23.670000000000016,49.0,1011.0,,4.9,21.0,86.5588511934699,1.7591747841210554,,209.54053263380817,0.26824117981878076,,,,,,,,,,,,,,,,
46,2025-05-16 07:36:55.236921,40.1040034,0.5123793,4.410095691680908,123.26436930970675,23.670000000000016,49.0,1011.0,,5.0,23.0,84.37470112907275,1.9631095552624611,,207.6390704387795,0.43228786180193396,,,,,,,,,,,,,,,,
47,2025-05-16 07:37:00.237615,40.1038667,0.5121365,4.3801493644714355,120.81566452998715,23.670000000000016,49.0,1011.0,,5.3,21.0,73.35551701437818,1.982412245207794,,194.1711815443653,1.2546162502263167,,,,,,,,,,,,,,,,
48,2025-05-16 07:37:05.236868,40.1037444,0.5119341,4.738921642303467,120.49945409217223,23.670000000000016,49.0,1011.0,,4.9,22.0,96.08625587175638,1.845977332158599,,216.5857099639286,-0.5024467555531679,,,,,,,,,,,,,,,,
49,2025-05-16 07:37:10.236933,40.1036136,0.5116997,4.958922386169434,122.10580530193252,23.670000000000016,49.0,1011.0,,5.0,22.0,99.78437939679587,1.9006797486665878,,221.89018469872838,-0.8427234365208093,,,,,,,,,,,,,,,,
50,2025-05-16 07:37:15.237060,40.1034936,0.5114591,4.303427696228027,120.6767111615124,23.670000000000016,49.0,1011.0,,5.2,20.0,71.85143580787705,1.871613671209474,,192.52814696938947,1.3404401790453038,,,,,,,,,,,,,,,,
51,2025-05-16 07:37:20.237167,40.1033863,0.5112549,4.624929904937744,119.3815023892029,23.670000000000016,49.0,1011.0,,5.2,23.0,85.44986350304718,2.038225751018069,,204.83136589225006,0.36690223385518395,,,,,,,,,,,,,,,,
52,2025-05-16 07:37:25.236894,40.1032924,0.5110471,4.321614742279053,122.43391392928159,23.670000000000016,49.0,1011.0,,5.1,20.0,74.89483708196329,1.8067266677756177,,197.3287510112449,1.126176095102107,,,,,,,,,,,,,,,,
53,2025-05-16 07:37:30.237004,40.1032142,0.5108789,4.698429107666016,121.821710413595,23.670000000000016,49.0,1011.0,,5.2,24.0,88.59141663237575,2.115669860440653,,210.41312704597075,0.11549650798493899,,,,,,,,,,,,,,,,
54,2025-05-16 07:37:35.236839,40.1031028,0.510652,4.441469669342041,119.4757043582357,23.670000000000016,49.0,1011.0,,5.7,30.0,80.14935661913307,2.8926460890504604,,199.62506097736878,0.7598485339177448,,,,,,,,,,,,,,,,
55,2025-05-16 07:37:40.236983,40.1029707,0.5104065,4.479851245880127,119.13347089968305,23.670000000000016,49.0,1011.0,,5.5,30.0,84.118479211534,2.7645528318392816,,203.25195011121704,0.4590580482896794,,,,,,,,,,,,,,,,
56,2025-05-16 07:37:45.236816,40.1028394,0.5101931,4.539669513702393,123.47375558890266,23.670000000000016,49.0,1011.0,,5.5,31.0,86.4698808957193,2.8380945014392065,,209.94363648462195,0.2795221065501954,,,,,,,,,,,,,,,,
57,2025-05-16 07:37:50.236906,40.1027403,0.5100149,4.550014972686768,119.17091399671305,23.670000000000016,49.0,1011.0,,5.4,32.0,89.41046219713922,2.861715512226034,,208.5813761938523,0.04681598751978853,,,,,,,,,,,,,,,,
58,2025-05-16 07:37:55.237323,40.1025992,0.5097583,4.500184535980225,121.74985682352647,23.670000000000016,49.0,1011.0,,5.1,32.0,93.70782623820851,2.7082571870764487,,215.457683061735,-0.2910207082157552,,,,,,,,,,,,,,,,
59,2025-05-16 07:38:00.237081,40.1025068,0.5095402,4.589577674865723,123.17280379369356,23.670000000000016,49.0,1011.0,,5.1,28.0,92.07012165451064,2.395868593841468,,215.2429254482042,-0.16578737970516502,,,,,,,,,,,,,,,,
60,2025-05-16 07:38:05.237022,40.10244,0.5093641,4.530155658721924,118.02867414105515,23.670000000000016,49.0,1011.0,,5.5,25.0,78.9354200666422,2.3684259419251856,,196.96409420769734,0.8694061723580838,,,,,,,,,,,,,,,,
61,2025-05-16 07:38:10.236973,40.1023352,0.5091582,4.280767917633057,125.51540841484619,23.670000000000016,49.0,1011.0,,5.4,26.0,76.39924619144729,2.4355007309996966,,201.91465460629348,1.0066435542909522,,,,,,,,,,,,,,,,
62,2025-05-16 07:38:15.236952,40.1021852,0.5089038,4.459616661071777,123.64012533670584,23.670000000000016,49.0,1011.0,,5.6,26.0,76.84771739043057,2.5210076242908688,,200.4878427271364,1.014741039507464,,,,,,,,,,,,,,,,
63,2025-05-16 07:38:20.237172,40.1020504,0.5086847,4.420286655426025,118.82159080180192,23.670000000000016,49.0,1011.0,,5.5,20.0,68.31478271801576,2.0243803609135673,,187.13637351981768,1.6333269591752397,,,,,,,,,,,,,,,,
64,2025-05-16 07:38:25.236892,40.1019347,0.5084639,4.1612043380737305,124.65056986213918,23.670000000000016,49.0,1011.0,,5.5,23.0,67.24063675751292,2.3304773888105488,,191.8912066196521,1.6098104261952786,,,,,,,,,,,,,,,,
65,2025-05-16 07:38:30.236965,40.1018557,0.5082939,4.249632835388184,119.72726022536727,23.670000000000016,49.0,1011.0,,5.7,22.0,64.13280172355022,2.3730154600400457,,183.8600619489175,1.8540583782486246,,,,,,,,,,,,,,,,
66,2025-05-16 07:38:35.236925,40.1017318,0.508047,4.369709014892578,121.84042513192084,23.670000000000016,49.0,1011.0,,5.6,23.0,70.26131936815906,2.3246864914087375,,192.10174450007992,1.4757852009692476,,,,,,,,,,,,,,,,
67,2025-05-16 07:38:40.237059,40.1016133,0.5078307,4.589385032653809,123.844580219321,23.670000000000016,49.0,1011.0,,5.6,25.0,78.39692010750593,2.416035301593608,,202.24150032682695,0.9230656606227293,,,,,,,,,,,,,,,,
68,2025-05-16 07:38:45.237114,40.1015169,0.5076387,4.550225257873535,120.33342585382756,23.670000000000016,49.0,1011.0,,5.6,27.0,80.19405358391191,2.5800406033471006,,200.5274794377395,0.7749569100777579,,,,,,,,,,,,,,,,
69,2025-05-16 07:38:50.236891,40.1013883,0.5073528,4.31233024597168,120.62956919586098,23.670000000000016,49.0,1011.0,,5.9,21.0,60.50942768131952,2.4290920628078485,,181.1389968771805,2.1228754064101465,,,,,,,,,,,,,,,,
70,2025-05-16 07:38:55.237322,40.1012689,0.5071318,4.6586174964904785,124.36780003050066,23.670000000000016,49.0,1011.0,,6.1,25.0,71.35455841617478,2.720770653527097,,195.72235844667546,1.4894107413632853,,,,,,,,,,,,,,,,
71,2025-05-16 07:39:00.236792,40.1011418,0.5068927,4.739762783050537,119.68801395839638,23.670000000000016,49.0,1011.0,,6.2,27.0,74.42667020454645,2.9220151712184426,,194.11468416294284,1.2724910145619426,,,,,,,,,,,,,,,,
72,2025-05-16 07:39:05.237631,40.1010433,0.5067015,4.41135311126709,123.50469634584283,23.670000000000016,49.0,1011.0,,6.1,23.0,63.20470636009534,2.6701757417586776,,186.70940270593817,1.9886566022135386,,,,,,,,,,,,,,,,
73,2025-05-16 07:39:10.236932,40.1009109,0.5064298,4.539697647094727,123.70308602047501,23.670000000000016,49.0,1011.0,,6.0,26.0,72.03046458002358,2.7651068913429864,,195.73355060049857,1.4005478733316372,,,,,,,,,,,,,,,,
74,2025-05-16 07:39:15.236703,40.1008002,0.5062142,4.350597858428955,121.9612648387167,23.670000000000016,49.0,1011.0,,5.5,29.0,80.21598055226374,2.705807985194449,,202.17724539098043,0.739317320996787,,,,,,,,,,,,,,,,
75,2025-05-16 07:39:20.237029,40.1006998,0.5059949,4.588625907897949,120.59069175910527,23.670000000000016,49.0,1011.0,,5.5,30.0,86.36890362440127,2.755531721990992,,206.95959538350655,0.29060765181681375,,,,,,,,,,,,,,,,
76,2025-05-16 07:39:25.236957,40.1005996,0.5057677,4.401449680328369,122.87648286674174,23.670000000000016,49.0,1011.0,,5.3,31.0,87.03183044076086,2.7333687323214044,,209.9083133075026,0.22791218578966038,,,,,,,,,,,,,,,,
77,2025-05-16 07:39:30.236905,40.1005006,0.5055512,4.4198479652404785,123.9969344189473,23.670000000000016,49.0,1011.0,,5.3,28.0,84.03976889158248,2.5017230753419586,,208.0367033105298,0.45894880234641633,,,,,,,,,,,,,,,,
78,2025-05-16 07:39:35.236926,40.1003903,0.5053464,4.310247898101807,119.20436826326778,23.670000000000016,49.0,1011.0,,5.3,30.0,83.97518366021498,2.664718498007961,,203.17955192348276,0.45240020382744933,,,,,,,,,,,,,,,,
79,2025-05-16 07:39:40.236974,40.1003011,0.505183,4.568897724151611,123.42452358536522,23.670000000000016,49.0,1011.0,,5.5,26.0,81.17167444785125,2.439948281207549,,204.59619803321647,0.7012087095512274,,,,,,,,,,,,,,,,
80,2025-05-16 07:39:45.237078,40.1001663,0.5049236,4.431018829345703,124.74642473695114,23.670000000000016,49.0,1011.0,,5.3,26.0,81.85346364297779,2.34705143355417,,206.59988837992893,0.6278988308687866,,,,,,,,,,,,,,,,
81,2025-05-16 07:39:50.237078,40.1000552,0.5047086,4.390090465545654,118.76740008092705,23.670000000000016,49.0,1011.0,,5.4,27.0,80.24791937092171,2.48749320252919,,199.01531945184877,0.7436167600246554,,,,,,,,,,,,,,,,
82,2025-05-16 07:39:55.236827,40.0999565,0.5045423,4.061420440673828,123.9946804565212,23.670000000000016,49.0,1011.0,,5.3,25.0,71.67135738559938,2.35958218647085,,195.66603784212057,1.2771828724434033,,,,,,,,,,,,,,,,
83,2025-05-16 07:40:00.237167,40.0998145,0.5043069,4.498985290527344,124.16632311036362,23.670000000000016,49.0,1011.0,,5.4,25.0,80.17847554987942,2.3160833958741684,,204.34479866024304,0.7674354613713805,,,,,,,,,,,,,,,,
84,2025-05-16 07:40:05.237023,40.0997208,0.5041337,4.40039587020874,118.97341224667296,23.670000000000016,49.0,1011.0,,5.3,24.0,78.42824779885379,2.2004295554574145,,197.40166004552674,0.8826971868480988,,,,,,,,,,,,,,,,
85,2025-05-16 07:40:10.237105,40.0996114,0.503915,4.18074369430542,121.93786461062024,23.670000000000016,49.0,1011.0,,5.5,23.0,67.6850490207137,2.322988239173298,,189.62291363133394,1.5874182397524002,,,,,,,,,,,,,,,,
86,2025-05-16 07:40:15.237138,40.099504,0.5036475,4.33626651763916,121.16774712132296,23.670000000000016,49.0,1011.0,,5.6,23.0,69.4893014512394,2.3361931230265767,,190.65704857256236,1.5193509282160762,,,,,,,,,,,,,,,,
87,2025-05-16 07:40:20.236895,40.0994304,0.5034637,4.424230098724365,123.46307317304077,23.670000000000016,49.0,1011.0,,5.4,25.0,78.36685050566489,2.3299997238643106,,201.82992367870565,0.8921222774736541,,,,,,,,,,,,,,,,
88,2025-05-16 07:40:25.237013,40.0993169,0.5031826,4.649412631988525,123.2360923265429,23.670000000000016,49.0,1011.0,,5.6,22.0,75.49258181741662,2.166887670321139,,198.72867414395952,1.1647027372138044,,,,,,,,,,,,,,,,
89,2025-05-16 07:40:30.237072,40.0992346,0.5029641,3.9422504901885986,120.81179864291691,23.670000000000016,49.0,1011.0,,5.4,25.0,67.360446931482,2.472671004431623,,188.17224557439891,1.517500541519855,,,,,,,,,,,,,,,,
90,2025-05-16 07:40:35.237062,40.0991573,0.5027724,4.319433212280273,122.40786358778716,23.670000000000016,49.0,1011.0,,5.4,25.0,75.86705455086326,2.3533709762608566,,198.27491813865043,1.0546874723147968,,,,,,,,,,,,,,,,
91,2025-05-16 07:40:40.236880,40.0990538,0.5025528,4.668252944946289,122.80630950320902,23.670000000000016,49.0,1011.0,,5.2,26.0,89.86235909175355,2.279536540883347,,212.66866859496258,0.011214472736216863,,,,,,,,,,,,,,,,
92,2025-05-16 07:40:45.237229,40.0989372,0.5023131,4.580561637878418,119.28310668401969,23.670000000000016,49.0,1011.0,,5.3,25.0,84.3177245614949,2.250937337077925,,203.6008312455146,0.4535302143940669,,,,,,,,,,,,,,,,
93,2025-05-16 07:40:50.237105,40.0988185,0.5021044,4.370644569396973,124.30944289423206,23.670000000000016,49.0,1011.0,,5.6,24.0,71.88330546306764,2.3965329178959136,,196.1927483572997,1.3590666693535818,,,,,,,,,,,,,,,,
94,2025-05-16 07:40:55.237207,40.0986746,0.5019165,4.379951477050781,121.31123573540658,23.670000000000016,49.0,1011.0,,5.7,28.0,76.28960707853282,2.7544734791624315,,197.6008428139394,1.0381114493450265,,,,,,,,,,,,,,,,
95,2025-05-16 07:41:00.237201,40.098564,0.5016772,4.419922351837158,121.03138922473283,23.670000000000016,49.0,1011.0,,5.5,23.0,73.34606680331773,2.243112536639747,,194.37745602805057,1.2667069660742025,,,,,,,,,,,,,,,,
96,2025-05-16 07:41:05.236923,40.0984778,0.5015232,4.041459560394287,123.03353623651701,23.670000000000016,49.0,1011.0,,5.5,23.0,64.58070895390907,2.3793656369252303,,187.61424519042606,1.7347530912031137,,,,,,,,,,,,,,,,
97,2025-05-16 07:41:10.237121,40.098348,0.5012426,4.390522480010986,123.55608668915801,23.670000000000016,49.0,1011.0,,5.8,24.0,68.94756196924784,2.5277978509559187,,192.50364865840584,1.5771732645087717,,,,,,,,,,,,,,,,
98,2025-05-16 07:41:15.237233,40.0982446,0.5010318,4.429834365844727,121.41307385593149,23.670000000000016,49.0,1011.0,,5.7,24.0,71.46335091591794,2.445257612260184,,192.87642477184943,1.4082938882048233,,,,,,,,,,,,,,,,
99,2025-05-16 07:41:20.237035,40.0981607,0.5008673,4.370201587677002,123.40927860313775,23.670000000000016,49.0,1011.0,,5.8,26.0,71.66070350223974,2.678598955911843,,195.0699821053775,1.3750557357970996,,,,,,,,,,,,,,,,
100,2025-05-16 07:41:25.236822,40.0980463,0.5006134,4.468254566192627,121.38959166556498,23.670000000000016,49.0,1011.0,,5.6,25.0,75.61332262856367,2.4432812160931996,,197.00291429412863,1.1102033599430594,,,,,,,,,,,,,,,,
101,2025-05-16 07:41:30.236795,40.0979381,0.5004133,4.4399824142456055,119.33442872544316,23.670000000000016,49.0,1011.0,,5.8,25.0,71.57471248902222,2.583631641179899,,190.90914121446536,1.4033354423102344,,,,,,,,,,,,,,,,
102,2025-05-16 07:41:35.236939,40.0978191,0.5002333,4.390026569366455,123.83817350187952,23.670000000000016,49.0,1011.0,,5.4,23.0,74.61203752043419,2.1883996503755743,,198.4502110223137,1.1649091813777337,,,,,,,,,,,,,,,,
103,2025-05-16 07:41:40.236946,40.097713,0.5000403,4.469666004180908,120.61377779849991,23.670000000000016,49.0,1011.0,,5.6,25.0,75.64538798733714,2.44293090619823,,196.25916578583707,1.1081308900047198,,,,,,,,,,,,,,,,
104,2025-05-16 07:41:45.236890,40.0976131,0.4998268,4.509822368621826,123.19265232342163,23.670000000000016,49.0,1011.0,,5.8,29.0,78.67845408030247,2.867698619573377,,201.8711064037241,0.885345272358256,,,,,,,,,,,,,,,,
105,2025-05-16 07:41:50.237416,40.0974944,0.4996008,4.553720951080322,122.56020412703512,23.670000000000016,49.0,1011.0,,5.8,29.0,79.54099483577704,2.859404679057934,,202.10119896281216,0.8266459126434722,,,,,,,,,,,,,,,,
106,2025-05-16 07:41:55.237253,40.0973671,0.4993769,4.311426162719727,122.91512807706566,23.670000000000016,49.0,1011.0,,6.0,31.0,74.93854720489246,3.200161440253434,,197.85367528195812,1.1203452284524504,,,,,,,,,,,,,,,,
107,2025-05-16 07:42:00.237087,40.097236,0.4991465,4.429731845855713,120.87174038307295,23.670000000000016,49.0,1011.0,,6.0,33.0,79.5570625962348,3.3228745913848976,,200.42880297930776,0.8029162818203844,,,,,,,,,,,,,,,,
108,2025-05-16 07:42:05.237087,40.0971026,0.4989281,3.8335206508636475,122.16069270210274,23.670000000000016,49.0,1011.0,,5.9,31.0,68.06418564317136,3.275889453027406,,190.22487834527408,1.4320794162139387,,,,,,,,,,,,,,,,
109,2025-05-16 07:42:10.237188,40.0969919,0.4987265,4.233078479766846,121.09294288953298,23.670000000000016,49.0,1011.0,,5.8,31.0,76.11392737341916,3.0771510439993985,,197.20687026295212,1.0159052882276132,,,,,,,,,,,,,,,,
110,2025-05-16 07:42:15.236765,40.0968578,0.4985055,4.566253185272217,119.7009230159277,23.670000000000016,49.0,1011.0,,5.6,29.0,83.03606989853014,2.7351116773150097,,202.73699291445786,0.5536329623621443,,,,,,,,,,,,,,,,
111,2025-05-16 07:42:20.237223,40.0967193,0.4982853,4.500252723693848,124.03266996868481,23.670000000000016,49.0,1011.0,,5.9,26.0,72.75935971138787,2.7080676485866704,,196.7920296800727,1.3338099285175906,,,,,,,,,,,,,,,,
112,2025-05-16 07:42:25.236833,40.0966086,0.4980647,4.49998140335083,120.02151843518976,23.670000000000016,49.0,1011.0,,5.8,28.0,77.15040786322791,2.7928764300842435,,197.17192629841767,1.0007618947194112,,,,,,,,,,,,,,,,
113,2025-05-16 07:42:30.236970,40.0965063,0.4978605,4.201545238494873,120.82041834164947,23.670000000000016,49.0,1011.0,,5.6,28.0,74.2198217881478,2.732004161674956,,195.04024012979727,1.1425990774560508,,,,,,,,,,,,,,,,
114,2025-05-16 07:42:35.237445,40.0964036,0.4976604,4.538473129272461,118.7988189511091,23.670000000000016,49.0,1011.0,,5.7,29.0,80.81447325765956,2.7993114686342393,,199.61329220876866,0.7244847531067361,,,,,,,,,,,,,,,,
115,2025-05-16 07:42:40.237221,40.0963168,0.497458,4.08119010925293,120.82492626650168,23.670000000000016,49.0,1011.0,,5.9,30.0,70.78162227460453,3.1241036831192712,,191.6065485411062,1.3434034719481185,,,,,,,,,,,,,,,,
116,2025-05-16 07:42:45.237133,40.0962296,0.4972733,4.698031425476074,121.47558374721544,23.670000000000016,49.0,1011.0,,5.9,30.0,82.05861337463318,2.9785646610960024,,203.53419712184862,0.6490799638182975,,,,,,,,,,,,,,,,
117,2025-05-16 07:42:50.237119,40.0961008,0.4970485,4.460729598999023,116.52412007068473,23.670000000000016,49.0,1011.0,,5.7,29.0,79.25095994839279,2.812769023335191,,195.7750800190775,0.8319598635992012,,,,,,,,,,,,,,,,
118,2025-05-16 07:42:55.236929,40.0959885,0.4968722,4.609465599060059,122.01891163531161,23.670000000000016,49.0,1011.0,,5.7,29.0,82.25442806201318,2.788859507483514,,204.2733396973248,0.621237737021644,,,,,,,,,,,,,,,,
119,2025-05-16 07:43:00.237171,40.0958299,0.4965924,4.390649318695068,120.54241598205161,23.670000000000016,49.0,1011.0,,5.7,31.0,80.42533355921115,2.9771902452872703,,200.96774954126278,0.7303088558906086,,,,,,,,,,,,,,,,
120,2025-05-16 07:43:05.236915,40.0957314,0.4964165,4.449786186218262,119.14728154218481,23.670000000000016,49.0,1011.0,,5.8,31.0,80.09198412926736,3.032449013805296,,199.2392656714522,0.7656609978390522,,,,,,,,,,,,,,,,
121,2025-05-16 07:43:10.237096,40.0955807,0.4961621,4.4301323890686035,118.13180999752234,23.670000000000016,49.0,1011.0,,5.6,33.0,85.00775107341413,3.0615928109992923,,203.13956107093645,0.38551443981740185,,,,,,,,,,,,,,,,
122,2025-05-16 07:43:15.237192,40.0954523,0.495953,4.280460357666016,120.29613302095929,23.670000000000016,49.0,1011.0,,5.4,31.0,82.86296835259614,2.802923089862818,,203.15910137355542,0.5318164614551588,,,,,,,,,,,,,,,,
123,2025-05-16 07:43:20.236862,40.0953306,0.4957396,4.6588616371154785,120.93358091581824,23.670000000000016,49.0,1011.0,,5.7,29.0,83.26228922876561,2.782632686198017,,204.19587014458386,0.5465981182145179,,,,,,,,,,,,,,,,
124,2025-05-16 07:43:25.236979,40.0952077,0.4955346,4.6499714851379395,118.84158959569172,23.670000000000016,49.0,1011.0,,5.7,28.0,81.85844537768047,2.70323323714635,,200.70003497337217,0.6585253547617926,,,,,,,,,,,,,,,,
125,2025-05-16 07:43:30.236930,40.095107,0.495358,4.390659332275391,120.96248627638573,23.670000000000016,49.0,1011.0,,5.6,27.0,76.74286848356367,2.6119534708686367,,197.7053547599494,1.0068727779004207,,,,,,,,,,,,,,,,
126,2025-05-16 07:43:35.236881,40.0950097,0.4951652,4.449490547180176,118.08959942845165,23.670000000000016,49.0,1011.0,,5.8,25.0,71.77499204811092,2.580642192727149,,189.86459147656257,1.3915760510914905,,,,,,,,,,,,,,,,
127,2025-05-16 07:43:40.238054,40.0948975,0.4949474,4.390172958374023,120.96971261652762,23.670000000000016,49.0,1011.0,,5.9,29.0,74.93185029684675,2.9622261082055843,,195.90156291337436,1.1413034711794199,,,,,,,,,,,,,,,,
128,2025-05-16 07:43:45.236901,40.0947777,0.4947273,4.350142955780029,122.2360023678913,23.670000000000016,49.0,1011.0,,5.9,33.0,79.45776488310088,3.268542297107733,,201.69376725099218,0.7959033482447234,,,,,,,,,,,,,,,,
129,2025-05-16 07:43:50.237527,40.094664,0.4944915,4.489318370819092,118.47487673915373,23.670000000000016,49.0,1011.0,,5.5,29.0,83.1335949751126,2.685715906126232,,201.60847171426633,0.5367192096585183,,,,,,,,,,,,,,,,
130,2025-05-16 07:43:55.237072,40.0945485,0.4942724,4.395336627960205,121.34702592665745,23.670000000000016,49.0,1011.0,,5.6,28.0,78.20136436328185,2.6857853309437565,,199.5483902899393,0.8987265339822214,,,,,,,,,,,,,,,,
131,2025-05-16 07:44:00.236810,40.0944284,0.4940818,3.9646077156066895,120.53484813245124,23.670000000000016,49.0,1011.0,,5.9,29.0,67.3148836704154,3.1002146178481347,,187.84973180286664,1.5290159155518601,,,,,,,,,,,,,,,,
132,2025-05-16 07:44:05.237166,40.0943237,0.4939052,4.060513973236084,118.19400570010447,23.670000000000016,49.0,1011.0,,5.9,28.0,67.4725672837373,2.998693961255001,,185.66657298384177,1.555687395985974,,,,,,,,,,,,,,,,
133,2025-05-16 07:44:10.236855,40.0942168,0.4937139,4.555270195007324,120.97432982440654,23.670000000000016,49.0,1011.0,,6.1,30.0,76.58449492018275,3.135559613176751,,197.5588247445893,1.0568734421186698,,,,,,,,,,,,,,,,
134,2025-05-16 07:44:15.236856,40.0940915,0.4935187,4.408632278442383,119.10763912424206,23.670000000000016,49.0,1011.0,,5.9,29.0,75.27717212765805,2.957480994680544,,194.3848112519001,1.1204243766062068,,,,,,,,,,,,,,,,
135,2025-05-16 07:44:20.236863,40.0939775,0.4933133,4.422016143798828,120.97823669261179,23.670000000000016,49.0,1011.0,,5.8,31.0,79.57594342821938,3.0373505120383255,,200.55418012083118,0.800084657951018,,,,,,,,,,,,,,,,
136,2025-05-16 07:44:25.237172,40.0938724,0.4930875,4.487325191497803,120.31113211637664,23.670000000000016,49.0,1011.0,,5.8,30.0,79.53555263336294,2.949049183729352,,199.84668474973958,0.8150121002077548,,,,,,,,,,,,,,,,
137,2025-05-16 07:44:30.236857,40.0937551,0.4928658,4.435202121734619,118.5836679922537,23.670000000000016,49.0,1011.0,,5.9,30.0,77.12385319712133,3.026094000889193,,195.70752118937503,0.988359455354905,,,,,,,,,,,,,,,,
138,2025-05-16 07:44:35.238084,40.0936228,0.4926544,4.395160675048828,120.96280046508755,23.670000000000016,49.0,1011.0,,5.9,31.0,77.70760897018236,3.110025533349891,,198.6704094352699,0.9357324819367094,,,,,,,,,,,,,,,,
139,2025-05-16 07:44:40.236888,40.0934974,0.4924522,4.320226669311523,120.85101758913113,23.670000000000016,49.0,1011.0,,5.8,30.0,76.37878313835097,2.9839263301484356,,197.2298007274821,1.0174220993107272,,,,,,,,,,,,,,,,
140,2025-05-16 07:44:45.237217,40.0933938,0.4922424,4.429643154144287,118.5845559168458,23.670000000000016,49.0,1011.0,,5.7,34.0,84.69670478859912,3.2011022389441726,,203.28126070544494,0.4094224093938699,,,,,,,,,,,,,,,,
141,2025-05-16 07:44:50.237094,40.0932828,0.4920194,4.479863166809082,119.02179730675334,23.670000000000016,49.0,1011.0,,5.9,33.0,81.70849997673612,3.247313848939012,,200.73029728348945,0.6460383825430178,,,,,,,,,,,,,,,,
142,2025-05-16 07:44:55.237101,40.0931714,0.4918172,4.260595321655273,120.89650664900341,23.670000000000016,49.0,1011.0,,5.6,32.0,80.65263330935818,3.007481884144313,,201.5491399583616,0.6920042051753298,,,,,,,,,,,,,,,,
143,2025-05-16 07:45:00.236375,40.0930611,0.4916186,4.339747905731201,120.96434408783998,23.670000000000016,49.0,1011.0,,5.6,27.0,75.66080368766487,2.6240965064376187,,196.62514777550484,1.074790051693099,,,,,,,,,,,,,,,,
144,2025-05-16 07:45:05.236884,40.0929562,0.4914597,4.310154438018799,118.6626796205724,23.670000000000016,49.0,1011.0,,5.8,29.0,74.82534131322174,2.9134820296045327,,193.48802093379413,1.1282360963267488,,,,,,,,,,,,,,,,
145,2025-05-16 07:45:10.236809,40.0928081,0.4912175,4.211170196533203,119.09690206686679,23.670000000000016,49.0,1011.0,,5.8,28.0,71.52186847702407,2.8709476487128502,,190.61877054389086,1.3346995682099219,,,,,,,,,,,,,,,,
146,2025-05-16 07:45:15.236908,40.0927004,0.491007,4.618789196014404,120.91121887647563,23.670000000000016,49.0,1011.0,,5.9,30.0,80.55479929114377,2.9905427686677837,,201.46601816761938,0.7579627950896978,,,,,,,,,,,,,,,,
147,2025-05-16 07:45:20.236876,40.0925886,0.4907872,4.400668621063232,120.97155676760352,23.670000000000016,49.0,1011.0,,6.1,34.0,79.10662879806259,3.4736702220361435,,200.0781855656661,0.8316464296864216,,,,,,,,,,,,,,,,
148,2025-05-16 07:45:25.236907,40.0924802,0.4905702,4.101254940032959,118.39357016727391,23.670000000000016,49.0,1011.0,,5.8,36.0,80.1644206605163,3.4600096421881052,,198.5579908277902,0.7005820350481297,,,,,,,,,,,,,,,,
149,2025-05-16 07:45:30.236883,40.0923539,0.4903773,4.817227363586426,123.14601579176878,23.670000000000016,49.0,1011.0,,5.8,29.0,84.80678269331524,2.8234858659651976,,207.95279848508403,0.4360298243191696,,,,,,,,,,,,,,,,
150,2025-05-16 07:45:35.237010,40.0922141,0.490156,4.2834553718566895,120.21173920357462,23.670000000000016,49.0,1011.0,,5.7,32.0,79.67257536189955,3.0702803698755923,,199.88431456547417,0.7679084577965979,,,,,,,,,,,,,,,,
151,2025-05-16 07:45:40.237349,40.0920879,0.4899523,4.369797229766846,119.02885972235514,23.670000000000016,49.0,1011.0,,5.4,31.0,84.68158611872028,2.793230572631983,,203.7104458410754,0.4050390900425913,,,,,,,,,,,,,,,,
152,2025-05-16 07:45:45.237559,40.0919585,0.4897425,4.389978885650635,123.02337291503203,23.670000000000016,49.0,1011.0,,5.3,32.0,87.86556317105526,2.8105220713140358,,210.88893608608728,0.16350184180702354,,,,,,,,,,,,,,,,
153,2025-05-16 07:45:50.236927,40.0918311,0.4895295,4.739015102386475,117.31270639149773,23.670000000000016,49.0,1011.0,,5.2,30.0,95.17955248586576,2.610660161293532,,212.4922588773635,-0.4278248566265792,,,,,,,,,,,,,,,,
154,2025-05-16 07:45:55.237299,40.0917107,0.4893011,4.580445289611816,118.53910783810854,23.670000000000016,49.0,1011.0,,5.5,30.0,86.19917788634349,2.7560619106240045,,204.73828572445203,0.3036295533182634,,,,,,,,,,,,,,,,
155,2025-05-16 07:46:00.236878,40.0916046,0.4890662,4.5303263664245605,121.62994602245773,23.670000000000016,49.0,1011.0,,5.4,27.0,83.45870098711957,2.467612857622405,,205.0886470095773,0.5160918558815484,,,,,,,,,,,,,,,,
156,2025-05-16 07:46:05.236966,40.0914964,0.4888366,4.350588321685791,119.1942049417828,23.670000000000016,49.0,1011.0,,5.3,26.0,79.91994973730435,2.3597924064697136,,199.11415467908716,0.7614570340438143,,,,,,,,,,,,,,,,
157,2025-05-16 07:46:10.236886,40.0913887,0.488609,4.668389797210693,119.2556356631779,23.670000000000016,49.0,1011.0,,5.6,28.0,84.00445325038015,2.6435006559840524,,203.26008891355804,0.4876187522925553,,,,,,,,,,,,,,,,
158,2025-05-16 07:46:15.237174,40.0912736,0.4883767,4.420782089233398,121.2431524097599,23.670000000000016,49.0,1011.0,,5.3,35.0,91.49382651523545,3.0409886240364012,,212.73697892499536,-0.11524641796838929,,,,,,,,,,,,,,,,
159,2025-05-16 07:46:20.237222,40.0911678,0.4881758,4.489705562591553,121.24037935295688,23.670000000000016,49.0,1011.0,,5.6,31.0,83.85683560298948,2.900871162390067,,205.09721495594636,0.4804574737044705,,,,,,,,,,,,,,,,
160,2025-05-16 07:46:25.237092,40.091067,0.4879517,4.4799933433532715,119.42486043005412,23.670000000000016,49.0,1011.0,,6.2,32.0,76.67942774337703,3.3763356644074207,,196.10428817343114,1.0321866392369183,,,,,,,,,,,,,,,,
161,2025-05-16 07:46:30.237193,40.0909425,0.4877274,4.6992340087890625,121.06898258592457,23.670000000000016,49.0,1011.0,,6.0,36.0,87.48559434560674,3.5301102228540926,,208.5545769315313,0.20615808760278903,,,,,,,,,,,,,,,,
162,2025-05-16 07:46:35.237872,40.0908062,0.4874972,4.4907660484313965,120.13763165107999,23.670000000000016,49.0,1011.0,,5.8,36.0,86.61689126372832,3.415106076069236,,206.75452291480832,0.2650094531667104,,,,,,,,,,,,,,,,
163,2025-05-16 07:46:40.236883,40.0906653,0.4872973,4.440199851989746,119.79793902289856,23.670000000000016,49.0,1011.0,,6.1,36.0,82.14271203289016,3.6194709052157923,,201.94065105578872,0.6070024812679962,,,,,,,,,,,,,,,,
164,2025-05-16 07:46:45.237753,40.0905557,0.4871313,4.838164806365967,119.98387043248465,23.670000000000016,49.0,1011.0,,5.8,39.0,95.17722130583242,3.665010219364164,,215.16109173831705,-0.4365797651387154,,,,,,,,,,,,,,,,
165,2025-05-16 07:46:50.236820,40.0903992,0.4868659,4.082780838012695,118.58026655804703,23.670000000000016,49.0,1011.0,,5.8,36.0,79.8632739629332,3.4632132502951634,,198.44354052098024,0.7185602289018981,,,,,,,,,,,,,,,,
166,2025-05-16 07:46:55.236654,40.0902798,0.4866726,4.389115810394287,120.05081994672912,23.670000000000016,49.0,1011.0,,5.8,36.0,84.91794422545969,3.4226092296292934,,204.9687641721888,0.3887981778877417,,,,,,,,,,,,,,,,
167,2025-05-16 07:47:00.236936,40.0901547,0.486464,4.459756374359131,121.82270762121382,23.670000000000016,49.0,1011.0,,5.9,38.0,87.01351388141232,3.6373427577554027,,208.83622150262613,0.2323551637199189,,,,,,,,,,,,,,,,
168,2025-05-16 07:47:05.239598,40.0900209,0.4862669,4.400203227996826,118.79019925237654,23.670000000000016,49.0,1011.0,,5.6,37.0,88.7734777049607,3.37093647158771,,207.56367695733724,0.0941873070285145,,,,,,,,,,,,,,,,
169,2025-05-16 07:47:10.237091,40.0898835,0.4860757,4.598823070526123,120.00713405679771,23.670000000000016,49.0,1011.0,,5.6,32.0,87.10160270328245,2.9713489124268335,,207.10873676008015,0.23253950433708623,,,,,,,,,,,,,,,,
170,2025-05-16 07:47:15.236995,40.0897627,0.4858602,4.560057640075684,121.77262867421929,23.670000000000016,49.0,1011.0,,5.8,34.0,85.62106603978698,3.2528141551271226,,207.39369471400627,0.3481715037149872,,,,,,,,,,,,,,,,
171,2025-05-16 07:47:20.237302,40.0896513,0.4856346,4.410470485687256,116.78459616487234,23.670000000000016,49.0,1011.0,,6.2,34.0,78.11658685190424,3.542925720876551,,194.9011830167766,0.9082080656267347,,,,,,,,,,,,,,,,
172,2025-05-16 07:47:25.236887,40.0895407,0.4854243,4.30029821395874,120.779983621763,23.670000000000016,49.0,1011.0,,6.3,35.0,76.60757711447454,3.714542907137773,,197.38756073623753,0.9960318735094997,,,,,,,,,,,,,,,,
173,2025-05-16 07:47:30.237042,40.0894606,0.4851752,4.786879539489746,123.10563571339566,23.670000000000016,49.0,1011.0,,6.2,39.0,89.5385434012793,3.9019129743757555,,212.64417911467496,0.03855280945376816,,,,,,,,,,,,,,,,
174,2025-05-16 07:47:35.237413,40.0893927,0.4849642,4.530397415161133,118.83068861377637,23.670000000000016,49.0,1011.0,,6.1,39.0,86.86595163059447,3.8446045399299873,,205.69664024437083,0.24768674807392985,,,,,,,,,,,,,,,,
175,2025-05-16 07:47:40.237344,40.0893062,0.4847554,4.2315897941589355,117.57725327843066,23.670000000000016,49.0,1011.0,,6.0,34.0,77.51928719265021,3.4363627593796773,,195.09654047108086,0.9144929159127815,,,,,,,,,,,,,,,,
176,2025-05-16 07:47:45.236995,40.0891516,0.4845376,4.489536762237549,121.77146754206039,23.670000000000016,49.0,1011.0,,6.3,37.0,81.86644065303761,3.8299603740069084,,203.63790819509802,0.6351845344243321,,,,,,,,,,,,,,,,
177,2025-05-16 07:47:50.236849,40.0890563,0.4843722,4.728318214416504,118.77700332690009,23.670000000000016,49.0,1011.0,,6.4,35.0,82.02533214374888,3.706735158466881,,200.80233547064898,0.6559844607584582,,,,,,,,,,,,,,,,
178,2025-05-16 07:47:55.236871,40.0889269,0.4841261,4.829667091369629,119.14221354182067,23.670000000000016,49.0,1011.0,,6.3,38.0,88.00952216469169,3.8810090438928015,,207.15173570651234,0.16775077989221307,,,,,,,,,,,,,,,,
179,2025-05-16 07:48:00.236922,40.0888241,0.4839679,4.561305046081543,121.43868706531903,23.670000000000016,49.0,1011.0,,6.2,38.0,85.14290769533743,3.8308578192328513,,206.58159476065646,0.3862091449280328,,,,,,,,,,,,,,,,
180,2025-05-16 07:48:05.237294,40.0886875,0.4837127,4.589916706085205,121.39415423193054,23.670000000000016,49.0,1011.0,,6.3,38.0,84.48422451511972,3.8967099538734034,,205.87837874705025,0.44118194672997463,,,,,,,,,,,,,,,,
181,2025-05-16 07:48:10.236890,40.088598,0.4835301,4.799014568328857,119.27650872128144,23.670000000000016,49.0,1011.0,,6.4,39.0,87.51606490479772,4.031438391620711,,206.79257362607916,0.20798577388898626,,,,,,,,,,,,,,,,
182,2025-05-16 07:48:15.236870,40.0884616,0.4832775,4.909420490264893,118.97983262449277,23.670000000000016,49.0,1011.0,,6.2,35.0,87.27400135046067,3.560202641337409,,206.25383397495344,0.23349058605226203,,,,,,,,,,,,,,,,
183,2025-05-16 07:48:20.236568,40.0883447,0.4830693,4.740302562713623,120.22345980819036,23.670000000000016,49.0,1011.0,,6.4,43.0,90.78281966453373,4.36519692715181,,211.0062794727241,-0.06476369890302557,,,,,,,,,,,,,,,,
184,2025-05-16 07:48:25.237217,40.0882577,0.4828855,5.168764591217041,121.45594012316248,23.670000000000016,49.0,1011.0,,6.4,43.0,96.3807003743883,4.391996118752285,,217.83664049755077,-0.5744264305028189,,,,,,,,,,,,,,,,
185,2025-05-16 07:48:30.237224,40.0881058,0.4826052,4.842020034790039,120.06157066448272,23.670000000000016,49.0,1011.0,,6.1,40.0,92.47016162952538,3.9246511966828024,,212.5317322940081,-0.2086867024407692,,,,,,,,,,,,,,,,
186,2025-05-16 07:48:35.237010,40.0879724,0.4824223,4.233882904052734,118.90683156264369,23.670000000000016,49.0,1011.0,,6.5,38.0,77.4862258832681,4.099179929261737,,196.39305744591178,0.9173736688916514,,,,,,,,,,,,,,,,
187,2025-05-16 07:48:40.237046,40.0878257,0.4822225,4.481800556182861,118.33356012522617,23.670000000000016,49.0,1011.0,,6.8,40.0,80.55286808008466,4.431052000671354,,198.88642820531084,0.7356313964446426,,,,,,,,,,,,,,,,
188,2025-05-16 07:48:45.237297,40.0877187,0.4820183,4.519827365875244,121.74485712505403,23.670000000000016,49.0,1011.0,,6.7,43.0,85.24308254769036,4.5851826851465205,,206.9879396727444,0.37482261477308637,,,,,,,,,,,,,,,,
189,2025-05-16 07:48:50.237238,40.087617,0.4818024,4.410280704498291,120.17002040812417,23.670000000000016,49.0,1011.0,,6.7,44.0,84.97428114152032,4.672173367669459,,205.1443015496445,0.38635339978523797,,,,,,,,,,,,,,,,
190,2025-05-16 07:48:55.237233,40.0875055,0.4815811,4.539750099182129,120.00556311328862,23.670000000000016,49.0,1011.0,,6.5,44.0,88.27530027053155,4.517325854296385,,208.28086338382016,0.13663350872809057,,,,,,,,,,,,,,,,
191,2025-05-16 07:49:00.236871,40.0874057,0.4813986,4.729156970977783,120.54117288762268,23.670000000000016,49.0,1011.0,,6.6,40.0,85.59595072137306,4.254961731341771,,206.13712360899575,0.3631495655890122,,,,,,,,,,,,,,,,
192,2025-05-16 07:49:05.237023,40.0872549,0.4811326,4.580334186553955,121.45546200992058,23.670000000000016,49.0,1011.0,,6.7,43.0,85.99734458209504,4.580561844344139,,207.45280659201563,0.31971972316456304,,,,,,,,,,,,,,,,
193,2025-05-16 07:49:10.236825,40.0871618,0.4809695,4.639686107635498,118.00997308310765,23.670000000000016,49.0,1011.0,,6.6,43.0,87.61788364985901,4.505082234137172,,205.62785673296668,0.1928429711126646,,,,,,,,,,,,,,,,
194,2025-05-16 07:49:15.236948,40.0870166,0.4807093,4.719764709472656,120.94819752064207,23.670000000000016,49.0,1011.0,,6.6,43.0,88.63609091062257,4.502464808413055,,209.58428843126464,0.11234199258239826,,,,,,,,,,,,,,,,
195,2025-05-16 07:49:20.237097,40.0869251,0.4805235,4.421603679656982,121.23214214481784,23.670000000000016,49.0,1011.0,,6.8,45.0,85.40173210476995,4.823852634537077,,206.6338742495878,0.3544746201229803,,,,,,,,,,,,,,,,
196,2025-05-16 07:49:25.237127,40.086788,0.4802606,4.410168170928955,117.77273329247643,23.670000000000016,49.0,1011.0,,7.2,46.0,83.48611470451051,5.21289899296934,,201.25884799698696,0.5003071036154135,,,,,,,,,,,,,,,,
197,2025-05-16 07:49:30.236953,40.0866683,0.4800562,4.699351787567139,120.33679996727756,23.670000000000016,49.0,1011.0,,7.0,44.0,86.04690390445663,4.874205201984797,,206.38370387173418,0.32397245240596806,,,,,,,,,,,,,,,,
198,2025-05-16 07:49:35.236910,40.0865456,0.4798454,4.420713424682617,120.12345217836304,23.670000000000016,49.0,1011.0,,7.2,46.0,83.6012972641286,5.2117132284536964,,203.72474944249166,0.4926727369759063,,,,,,,,,,,,,,,,
199,2025-05-16 07:49:40.237050,40.0864501,0.4796805,4.569340229034424,119.50307975642912,23.670000000000016,49.0,1011.0,,6.9,42.0,83.10439655722064,4.650641329897002,,202.60747631364976,0.5485980029440899,,,,,,,,,,,,,,,,
200,2025-05-16 07:49:45.237098,40.0863097,0.4794724,4.91884708404541,119.58318421501502,23.670000000000016,49.0,1011.0,,7.1,46.0,89.85161091954015,5.107329711020661,,209.43479513455517,0.012739199744907125,,,,,,,,,,,,,,,,
201,2025-05-16 07:49:50.237006,40.0861524,0.4792007,4.441006660461426,121.4276904607553,23.670000000000016,49.0,1011.0,,7.0,46.0,85.2139050489268,5.052997710162861,,206.6415955096821,0.37053984561428216,,,,,,,,,,,,,,,,
202,2025-05-16 07:49:55.237476,40.086063,0.4790243,4.499729633331299,119.30391144023154,23.670000000000016,49.0,1011.0,,7.3,49.0,86.99204627948086,5.51698090129175,,206.29595771971242,0.23612144108494496,,,,,,,,,,,,,,,,
203,2025-05-16 07:50:00.237124,40.0859016,0.4787738,4.579837322235107,116.0928892472468,23.670000000000016,49.0,1011.0,,7.0,48.0,88.85383369077145,5.203054809994619,,204.94672293801824,0.09161067688764196,,,,,,,,,,,,,,,,
204,2025-05-16 07:50:05.236965,40.0857902,0.4786123,4.350965976715088,122.67969145637532,23.670000000000016,49.0,1011.0,,6.5,45.0,86.94590239701016,4.6027314522486344,,209.62559385338548,0.2318143335199765,,,,,,,,,,,,,,,,
205,2025-05-16 07:50:10.237010,40.0856522,0.4783636,4.599560737609863,120.56240111556308,23.670000000000016,49.0,1011.0,,7.2,47.0,86.62185414706336,5.274912464309727,,207.18425526262644,0.2710319397955981,,,,,,,,,,,,,,,,
206,2025-05-16 07:50:15.237348,40.0855597,0.4781822,4.818758964538574,111.09588186933046,23.670000000000016,49.0,1011.0,,7.1,47.0,89.74147955812988,5.19266413867927,,200.83736142746034,0.021742325184432327,,,,,,,,,,,,,,,,
207,2025-05-16 07:50:20.237014,40.0854122,0.4779257,4.370941638946533,115.33386398516163,23.670000000000016,49.0,1011.0,,6.5,51.0,93.17669854775508,5.059222834770629,,208.5105625329167,-0.24221768668668203,,,,,,,,,,,,,,,,
208,2025-05-16 07:50:25.237371,40.0853244,0.4777728,4.240481376647949,114.7534891510073,23.670000000000016,49.0,1011.0,,6.6,51.0,90.97137731910912,5.129900569169779,,205.7248664701164,-0.07188854299625183,,,,,,,,,,,,,,,,
209,2025-05-16 07:50:30.236833,40.0852046,0.47755,4.6587605476379395,116.15922404446597,23.670000000000016,49.0,1011.0,,6.5,46.0,91.7576554270403,4.677909651252029,,207.91687947150626,-0.1428937971415092,,,,,,,,,,,,,,,,
210,2025-05-16 07:50:35.237098,40.08509,0.4773505,4.420585632324219,114.79594560688811,23.670000000000016,49.0,1011.0,,6.6,49.0,91.04198189180664,4.981907042644685,,205.83792749869474,-0.08038840422028826,,,,,,,,,,,,,,,,
211,2025-05-16 07:50:40.237131,40.0849867,0.477192,4.5676655769348145,116.1073555879089,23.670000000000016,49.0,1011.0,,6.9,51.0,92.40648095515502,5.367040396835724,,208.51383654306392,-0.19179019457311763,,,,,,,,,,,,,,,,
212,2025-05-16 07:50:45.236864,40.0848244,0.4769291,4.498277187347412,117.05072765569271,23.670000000000016,49.0,1011.0,,6.7,51.0,93.09820215548937,5.214499627871964,,210.1489298111821,-0.2431205488763017,,,,,,,,,,,,,,,,
213,2025-05-16 07:50:50.236924,40.0847046,0.4766947,4.454427242279053,113.82518448053254,23.670000000000016,49.0,1011.0,,6.2,46.0,91.89480273230335,4.462346687067365,,205.7199872128359,-0.14728349280305525,,,,,,,,,,,,,,,,
214,2025-05-16 07:50:55.236900,40.0845954,0.4764693,4.477223873138428,114.52307271935693,23.670000000000016,49.0,1011.0,,7.1,49.0,88.06755707731396,5.361487193481243,,202.5906297966709,0.15097690300410652,,,,,,,,,,,,,,,,
215,2025-05-16 07:51:00.237138,40.0845055,0.4762955,4.562832355499268,117.48587900771423,23.670000000000016,49.0,1011.0,,6.6,52.0,95.48558811381389,5.224799114703518,,212.97146712152812,-0.43618565932714437,,,,,,,,,,,,,,,,
216,2025-05-16 07:51:05.237107,40.0843609,0.4760259,4.666558265686035,115.61536340161453,23.670000000000016,49.0,1011.0,,6.6,49.0,93.86556418543717,4.992441147521226,,209.4809275870517,-0.31459906743871785,,,,,,,,,,,,,,,,
217,2025-05-16 07:51:10.237117,40.0842696,0.4758443,4.4926981925964355,113.19293435963196,23.670000000000016,49.0,1011.0,,6.9,56.0,96.3270491187015,5.755415257373317,,209.51998347833347,-0.49511126301995534,,,,,,,,,,,,,,,,
218,2025-05-16 07:51:15.236915,40.0841558,0.475634,4.3703789710998535,116.91624123093517,23.670000000000016,49.0,1011.0,,6.9,51.0,90.29990428476067,5.3623805933426505,,207.21614551569584,-0.022875845402904955,,,,,,,,,,,,,,,,
219,2025-05-16 07:51:20.237380,40.08403,0.4753868,4.619359493255615,116.3440762841632,23.670000000000016,49.0,1011.0,,6.6,49.0,93.3247909156603,4.9894814439024024,,209.6688671998235,-0.2679043140088575,,,,,,,,,,,,,,,,
220,2025-05-16 07:51:25.236932,40.08394,0.475219,4.311392307281494,114.77422560532747,23.670000000000016,49.0,1011.0,,6.8,50.0,89.34488040727199,5.209442740915359,,204.11910601259945,0.04929535915658957,,,,,,,,,,,,,,,,
221,2025-05-16 07:51:30.238062,40.083808,0.4749871,4.499490737915039,116.62308951175822,23.670000000000016,49.0,1011.0,,6.8,51.0,92.38508599517971,5.2891745687706075,,209.00817550693793,-0.18724892644008478,,,,,,,,,,,,,,,,
222,2025-05-16 07:51:35.237305,40.0837205,0.4748197,4.619399547576904,113.91590988327782,23.670000000000016,49.0,1011.0,,6.8,52.0,94.61879302505537,5.375931356357464,,208.5347029083332,-0.3719811380860911,,,,,,,,,,,,,,,,
223,2025-05-16 07:51:40.239976,40.0835818,0.474544,4.669890880584717,116.86695458588436,23.670000000000016,49.0,1011.0,,6.6,52.0,96.65178246506886,5.236117992919951,,213.51873705095323,-0.5409362890607199,,,,,,,,,,,,,,,,
224,2025-05-16 07:51:45.237122,40.0834808,0.4743589,4.699888229370117,115.6331355538349,23.670000000000016,49.0,1011.0,,6.3,40.0,88.21513622477298,4.051527647081648,,203.84827177860788,0.1463860622073848,,,,,,,,,,,,,,,,
225,2025-05-16 07:51:50.237161,40.0833356,0.4740995,4.410626411437988,113.42663611227312,23.670000000000016,49.0,1011.0,,7.1,41.0,78.49850100098377,4.753471240560258,,191.92513711325688,0.8794505531610962,,,,,,,,,,,,,,,,
226,2025-05-16 07:51:55.236892,40.0832287,0.4739348,4.619138717651367,119.01514470250174,23.670000000000016,49.0,1011.0,,6.9,41.0,82.59467561035078,4.564882117335777,,201.60982031285252,0.5953503970322032,,,,,,,,,,,,,,,,
227,2025-05-16 07:52:00.237078,40.0830864,0.4737201,4.560245037078857,113.53955279963178,23.670000000000016,49.0,1011.0,,6.4,44.0,89.43902561265327,4.446026668950231,,202.97857841228506,0.044647962140397374,,,,,,,,,,,,,,,,
228,2025-05-16 07:52:05.236945,40.0829434,0.4734581,4.460238456726074,112.98160830671176,23.670000000000016,49.0,1011.0,,6.4,42.0,86.0475164365859,4.2926456915419955,,199.02912474329764,0.3074404534746968,,,,,,,,,,,,,,,,
229,2025-05-16 07:52:10.237065,40.0828513,0.4732877,4.599339962005615,117.21862736586996,23.670000000000016,49.0,1011.0,,6.8,44.0,86.46062837431101,4.732704020183759,,203.67925574018096,0.283937529134806,,,,,,,,,,,,,,,,
230,2025-05-16 07:52:15.236905,40.0826901,0.4730615,4.579982280731201,115.8545293055917,23.670000000000016,49.0,1011.0,,6.8,45.0,87.28110871925374,4.813744997952197,,203.13563802484543,0.2172551104979819,,,,,,,,,,,,,,,,
231,2025-05-16 07:52:20.236791,40.0825698,0.472865,4.400460243225098,115.41558036839166,23.670000000000016,49.0,1011.0,,6.2,48.0,93.12873154651618,4.614375984918728,,208.54431191490784,-0.24017506263508384,,,,,,,,,,,,,,,,
232,2025-05-16 07:52:25.236880,40.0824587,0.4726695,4.4855875968933105,115.71941450343051,23.670000000000016,49.0,1011.0,,6.7,40.0,81.45741247318463,4.354992471050642,,197.17682697661513,0.666309359461303,,,,,,,,,,,,,,,,
233,2025-05-16 07:52:30.237002,40.0823558,0.472465,4.547863006591797,115.72184605077504,23.670000000000016,49.0,1011.0,,7.2,46.0,84.9939409913031,5.199078573306703,,200.71578704207815,0.3968514808608114,,,,,,,,,,,,,,,,
234,2025-05-16 07:52:35.236891,40.0822492,0.4722451,4.448221206665039,114.09288008467284,23.670000000000016,49.0,1011.0,,7.1,47.0,85.66124045231619,5.207535120940177,,199.75412053698903,0.33652255619518556,,,,,,,,,,,,,,,,
235,2025-05-16 07:52:40.237304,40.0821373,0.472035,4.529751300811768,117.28575446503285,23.670000000000016,49.0,1011.0,,6.4,46.0,91.04452219345245,4.604539850513149,,208.3302766584853,-0.08257438385344862,,,,,,,,,,,,,,,,
236,2025-05-16 07:52:45.237088,40.0820165,0.4718414,4.50002908706665,114.19606375246423,23.670000000000016,49.0,1011.0,,6.8,46.0,87.38216680754563,4.896620744609951,,201.57823056000984,0.20553393901551978,,,,,,,,,,,,,,,,
237,2025-05-16 07:52:50.237103,40.0818952,0.4716363,4.73944091796875,115.5645331338113,23.670000000000016,49.0,1011.0,,6.5,46.0,92.74475655787458,4.6810789622051034,,208.30928969168588,-0.22695627252512154,,,,,,,,,,,,,,,,
238,2025-05-16 07:52:55.237426,40.0817783,0.4714361,4.4208245277404785,117.36262141395218,23.670000000000016,49.0,1011.0,,7.1,47.0,85.36079533520571,5.2096793948246125,,202.72341674915788,0.3575604961189216,,,,,,,,,,,,,,,,
239,2025-05-16 07:53:00.237057,40.0816574,0.4712377,4.410013198852539,113.82704912217595,23.670000000000016,49.0,1011.0,,7.2,48.0,85.64239527716515,5.3661549745186585,,199.4694443993411,0.33507831887743983,,,,,,,,,,,,,,,,
240,2025-05-16 07:53:05.237375,40.0815276,0.4710292,4.459888935089111,117.06206576971493,23.670000000000016,49.0,1011.0,,7.3,44.0,81.1309562678009,5.132372289524279,,198.19302203751585,0.6876104236241236,,,,,,,,,,,,,,,,
241,2025-05-16 07:53:10.236863,40.0814282,0.470849,4.52975606918335,114.42104335353528,23.670000000000016,49.0,1011.0,,7.5,49.0,86.051593751616,5.673788815387748,,200.47263710515128,0.3119106603402576,,,,,,,,,,,,,,,,
242,2025-05-16 07:53:15.237011,40.0812752,0.4705894,4.729517459869385,115.56132294490139,23.670000000000016,49.0,1011.0,,7.8,51.0,88.30686190940577,6.064386174790125,,203.86818485430717,0.1397408468849438,,,,,,,,,,,,,,,,
243,2025-05-16 07:53:20.237144,40.0811408,0.4703979,4.410806655883789,115.38506308318004,23.670000000000016,49.0,1011.0,,7.2,50.0,87.74420448074228,5.519797502534713,,203.12926756392233,0.17361326883302242,,,,,,,,,,,,,,,,
244,2025-05-16 07:53:25.236931,40.0810187,0.470215,4.5995378494262695,113.9334293184989,23.670000000000016,49.0,1011.0,,7.7,53.0,89.6791407869011,6.149589854392768,,203.61257010539998,0.025757505943132555,,,,,,,,,,,,,,,,
245,2025-05-16 07:53:30.236928,40.080908,0.4700038,4.599950790405273,119.15122939152508,23.670000000000016,49.0,1011.0,,7.1,52.0,92.3413137075911,5.599550867301063,,211.49254309911618,-0.1879183919849414,,,,,,,,,,,,,,,,
246,2025-05-16 07:53:35.237046,40.0808084,0.4697798,4.639834403991699,113.97864517080438,23.670000000000016,49.0,1011.0,,7.1,49.0,89.80555851097662,5.358468875815131,,203.784203681781,0.015745916824965605,,,,,,,,,,,,,,,,
247,2025-05-16 07:53:40.236896,40.0806987,0.4695406,4.344311237335205,115.82331534108475,23.670000000000016,49.0,1011.0,,7.7,48.0,81.96279421425025,5.778979260657667,,197.786109555335,0.6074047216127813,,,,,,,,,,,,,,,,
248,2025-05-16 07:53:45.236998,40.0805731,0.4693208,4.2505059242248535,117.8682193370732,23.670000000000016,49.0,1011.0,,7.9,50.0,82.21366701862826,6.10806634153668,,200.08188635570144,0.5758553167373045,,,,,,,,,,,,,,,,
249,2025-05-16 07:53:50.236861,40.0804343,0.4691174,4.658921241760254,113.9991630590711,23.670000000000016,49.0,1011.0,,7.7,51.0,88.21157182392781,5.986940238202362,,202.2107348829989,0.14539976832901366,,,,,,,,,,,,,,,,
250,2025-05-16 07:53:55.237691,40.0803069,0.4688966,4.620110511779785,116.57699939523897,23.670000000000016,49.0,1011.0,,7.0,48.0,89.29729111443821,5.2024050463577005,,205.87429050967717,0.05666231169241838,,,,,,,,,,,,,,,,
251,2025-05-16 07:54:00.236888,40.0801836,0.468675,4.3806986808776855,115.23404760063106,23.670000000000016,49.0,1011.0,,8.0,53.0,86.11555478113786,6.403795474854788,,201.34960238176893,0.2967679556998984,,,,,,,,,,,,,,,,
252,2025-05-16 07:54:05.236894,40.0800621,0.4684707,4.509659767150879,116.08239807668167,23.670000000000016,49.0,1011.0,,6.8,51.0,92.49513916412238,5.289607516670194,,208.57753724080405,-0.19632637103296907,,,,,,,,,,,,,,,,
253,2025-05-16 07:54:10.236915,40.0799181,0.4682754,4.460148811340332,114.49435177389702,23.670000000000016,49.0,1011.0,,7.1,53.0,91.89150656090023,5.673403446349627,,206.38585833479726,-0.1472162256878823,,,,,,,,,,,,,,,,
254,2025-05-16 07:54:15.236820,40.0797873,0.4680833,4.4898834228515625,116.10287498381336,23.670000000000016,49.0,1011.0,,6.9,50.0,90.59235990276206,5.285989157516578,,206.6952348865754,-0.04641841948183716,,,,,,,,,,,,,,,,
255,2025-05-16 07:54:20.236884,40.0796731,0.4678747,4.569756031036377,115.35089847695164,23.670000000000016,49.0,1011.0,,7.0,51.0,91.73217056819298,5.4425087091188935,,207.0830690451446,-0.1381321842911463,,,,,,,,,,,,,,,,
256,2025-05-16 07:54:25.237139,40.079584,0.4677015,4.341000556945801,114.62292325483334,23.670000000000016,49.0,1011.0,,7.4,52.0,87.88949054738556,5.835237877557192,,202.5124138022189,0.15986606853627855,,,,,,,,,,,,,,,,
257,2025-05-16 07:54:30.237333,40.0794527,0.46746,4.569572925567627,116.43617455493165,23.670000000000016,49.0,1011.0,,7.1,54.0,93.94675755694449,5.757675325872869,,210.38293211187613,-0.3145211978149245,,,,,,,,,,,,,,,,
258,2025-05-16 07:54:35.237174,40.0793504,0.4672927,4.639699935913086,116.17873106473553,23.670000000000016,49.0,1011.0,,6.8,53.0,95.7553566904619,5.458235631057958,,211.93408775519742,-0.46527413277668367,,,,,,,,,,,,,,,,
259,2025-05-16 07:54:40.236929,40.0791756,0.4669692,4.071193695068359,115.5259015838657,23.670000000000016,49.0,1011.0,,7.2,55.0,89.4311633823138,5.898185398567028,,204.9570649661795,0.0404184396680865,,,,,,,,,,,,,,,,
260,2025-05-16 07:54:45.236841,40.0790853,0.466813,4.607646942138672,114.14909937173123,23.670000000000016,49.0,1011.0,,6.6,49.0,93.19050036913234,4.988815865850755,,207.33959974086355,-0.256443027320246,,,,,,,,,,,,,,,,
261,2025-05-16 07:54:50.236933,40.0789496,0.4665308,4.929191589355469,117.65884671825563,23.670000000000016,49.0,1011.0,,6.3,49.0,99.50422888211861,4.820844071532656,,217.16307560037424,-0.8139100923159869,,,,,,,,,,,,,,,,
262,2025-05-16 07:54:55.237078,40.0788333,0.4663158,4.4607720375061035,115.28905794420635,23.670000000000016,49.0,1011.0,,7.4,46.0,82.72337071872363,5.3663339608212235,,198.01242866292998,0.5650014231887714,,,,,,,,,,,,,,,,
263,2025-05-16 07:55:00.236957,40.0787083,0.4660688,4.699403762817383,115.63902317689946,23.670000000000016,49.0,1011.0,,7.3,48.0,88.04424241878338,5.428119226917494,,203.68326559568283,0.1603802219148371,,,,,,,,,,,,,,,,
264,2025-05-16 07:55:05.236821,40.0785997,0.465895,4.7463698387146,115.55162407627998,23.670000000000016,49.0,1011.0,,6.9,54.0,97.0529936308778,5.624779922874553,,212.6046177071578,-0.5827939863006908,,,,,,,,,,,,,,,,
265,2025-05-16 07:55:10.237157,40.078478,0.4657423,4.198022365570068,115.31865998406919,23.670000000000016,49.0,1011.0,,7.1,54.0,90.24684697766072,5.74407396896198,,205.5655069617299,-0.01808625235816014,,,,,,,,,,,,,,,,
266,2025-05-16 07:55:15.237167,40.0783349,0.4654938,4.063528537750244,114.76697194442892,23.670000000000016,49.0,1011.0,,7.1,52.0,86.8524170716376,5.603329451146484,,201.61938901606652,0.2231204595949805,,,,,,,,,,,,,,,,
267,2025-05-16 07:55:20.237207,40.0782151,0.4652728,4.498865604400635,112.75078889390036,23.670000000000016,49.0,1011.0,,6.7,52.0,94.0512189802993,5.2928974459625815,,206.80200787419966,-0.3178367930123791,,,,,,,,,,,,,,,,
268,2025-05-16 07:55:25.236918,40.0781202,0.4651562,4.26084041595459,118.16247754689569,23.670000000000016,49.0,1011.0,,6.6,43.0,82.83180624331636,4.536647047695938,,200.99428379021205,0.5316781825522092,,,,,,,,,,,,,,,,
269,2025-05-16 07:55:30.237572,40.0779984,0.46493,5.3640828132629395,117.00592161473743,23.670000000000016,49.0,1011.0,,6.7,48.0,100.03306819552708,5.0563959322043655,,217.03898981026452,-0.9345118912232508,,,,,,,,,,,,,,,,
270,2025-05-16 07:55:35.237201,40.0778385,0.4646935,4.102439880371094,115.09615974166685,23.670000000000016,49.0,1011.0,,6.9,50.0,86.39734231139835,5.296172876027173,,201.49350205306519,0.25778424903145675,,,,,,,,,,,,,,,,
271,2025-05-16 07:55:40.236938,40.0777536,0.4645068,4.339067459106445,115.71918227699874,23.670000000000016,49.0,1011.0,,6.8,49.0,88.63671000370903,5.133478235369775,,204.35589228070776,0.10323359170061995,,,,,,,,,,,,,,,,
272,2025-05-16 07:55:45.237400,40.0776226,0.4642722,4.439708709716797,116.31741122564347,23.670000000000016,49.0,1011.0,,6.8,45.0,85.61614771562566,4.822434944021176,,201.93355894126913,0.33936256492233835,,,,,,,,,,,,,,,,
273,2025-05-16 07:55:50.236815,40.077522,0.4640452,4.469902992248535,116.44943878229981,23.670000000000016,49.0,1011.0,,7.5,45.0,81.06917776070205,5.368384487360952,,197.51861654300185,0.6939159493224398,,,,,,,,,,,,,,,,
274,2025-05-16 07:55:55.237163,40.0773529,0.4636968,6.9378180503845215,115.3825905547005,23.670000000000016,49.0,1011.0,,7.2,50.0,112.72258759349324,5.979623163140589,,228.10517814819374,-2.6798689147307426,,,,,,,,,,,,,,,,
275,2025-05-16 07:56:00.236892,40.0772305,0.4635179,4.4550933837890625,231.02293395996094,23.670000000000016,49.0,1011.0,,7.8,48.0,82.4903060655913,5.8466779795633785,,313.51324002555225,0.5822536805350139,,,,,,,,,,,,,,,,
276,2025-05-16 07:56:05.237281,40.0771001,0.463366,4.499721050262451,117.82936922107417,23.670000000000016,49.0,1011.0,,7.6,51.0,87.2556760333542,5.913090826588618,,205.0850452544284,0.21544294016944898,,,,,,,,,,,,,,,,
277,2025-05-16 07:56:10.237304,40.0769879,0.4632196,4.688973426818848,111.9659318563742,23.670000000000016,49.0,1011.0,,7.7,49.0,86.42880098489898,5.822570236214664,,198.3947328412732,0.2920706757455097,,,,,,,,,,,,,,,,
278,2025-05-16 07:56:15.237050,40.0768913,0.4629393,4.460407257080078,115.91072810208257,23.670000000000016,49.0,1011.0,,7.7,51.0,86.31534874851359,5.996419282730173,,202.22607685059614,0.2866479747830388,,,,,,,,,,,,,,,,
279,2025-05-16 07:56:20.236994,40.0767657,0.4627362,4.489899635314941,119.40800352318254,23.670000000000016,49.0,1011.0,,7.2,55.0,93.49437293106025,5.908880573228134,,212.9023764542428,-0.27366167955119475,,,,,,,,,,,,,,,,
280,2025-05-16 07:56:25.236888,40.076647,0.4625348,4.4700236320495605,112.69967175815198,23.670000000000016,49.0,1011.0,,7.0,56.0,95.46950335761616,5.829805688326197,,208.16917511576816,-0.4260644265270828,,,,,,,,,,,,,,,,
281,2025-05-16 07:56:30.237065,40.0765294,0.4623502,4.489883899688721,118.082823880795,23.670000000000016,49.0,1011.0,,6.5,55.0,98.14060421392273,5.378686321408776,,216.22342809471775,-0.6357801485440149,,,,,,,,,,,,,,,,
282,2025-05-16 07:56:35.237183,40.0763995,0.4621562,4.599648952484131,113.08015427605672,23.670000000000016,49.0,1011.0,,6.5,47.0,92.0078642450504,4.756719555969492,,205.08801852110713,-0.1611563812193773,,,,,,,,,,,,,,,,
283,2025-05-16 07:56:40.237212,40.0762999,0.4619888,4.291280269622803,108.90970224054946,23.670000000000016,49.0,1011.0,,6.2,54.0,97.35011096143467,5.0574628796288135,,206.25981320198412,-0.5489923765574801,,,,,,,,,,,,,,,,
284,2025-05-16 07:56:45.236954,40.0761813,0.4617968,4.8975348472595215,111.93747728829192,23.670000000000016,49.0,1011.0,,6.5,52.0,99.91944039241714,5.199802082418839,,211.85691768070905,-0.8436656950957704,,,,,,,,,,,,,,,,
285,2025-05-16 07:56:50.237083,40.076039,0.4615539,4.410950183868408,105.77176990187303,23.670000000000016,49.0,1011.0,,6.2,53.0,97.81613263473429,4.997973393829769,,203.58790253660732,-0.5998650950604928,,,,,,,,,,,,,,,,
286,2025-05-16 07:56:55.236814,40.075955,0.4614093,3.9919469356536865,110.84602671930223,23.670000000000016,49.0,1011.0,,7.1,50.0,83.99799914563944,5.468894689845586,,194.84402586494167,0.4174107194622919,,,,,,,,,,,,,,,,
287,2025-05-16 07:57:00.237213,40.0758131,0.4611986,4.448957920074463,111.31204369618303,23.670000000000016,49.0,1011.0,,7.0,57.0,96.18768414282867,5.9050961462814335,,207.4997278390117,-0.47953385780073193,,,,,,,,,,,,,,,,
288,2025-05-16 07:57:05.236801,40.0757096,0.4610271,4.589384078979492,105.47793516377908,23.670000000000016,49.0,1011.0,,7.0,54.0,94.79338859906045,5.682995189349553,,200.27132376283953,-0.38350204437349694,,,,,,,,,,,,,,,,
289,2025-05-16 07:57:10.236940,40.0755699,0.4607474,4.450216293334961,109.44913009062955,23.670000000000016,49.0,1011.0,,7.4,54.0,90.96275059905136,5.9875710231947386,,200.4118806896809,-0.07477421243075875,,,,,,,,,,,,,,,,
290,2025-05-16 07:57:15.237411,40.0754491,0.4605267,4.499880790710449,108.1305620713586,23.670000000000016,49.0,1011.0,,8.0,60.0,94.12682955845831,6.946213414870097,,202.2573916298169,-0.3238316811498609,,,,,,,,,,,,,,,,
291,2025-05-16 07:57:20.237175,40.0753181,0.4603029,4.380375862121582,111.84383539477105,23.670000000000016,49.0,1011.0,,7.5,58.0,93.65223093386763,6.373304432133461,,205.49606632863868,-0.2790312400720207,,,,,,,,,,,,,,,,
292,2025-05-16 07:57:25.237191,40.0751911,0.4600915,4.759188175201416,105.37527742055379,23.670000000000016,49.0,1011.0,,7.2,55.0,96.09168889813105,5.931387198725913,,201.46696631868485,-0.5050442659917378,,,,,,,,,,,,,,,,
293,2025-05-16 07:57:30.237426,40.0750644,0.459855,4.610320568084717,104.01940290803621,23.670000000000016,49.0,1011.0,,7.4,58.0,96.26473091527376,6.313256689489883,,200.28413382330996,-0.503089457654145,,,,,,,,,,,,,,,,
294,2025-05-16 07:57:35.236897,40.0749605,0.4596791,4.18179178237915,107.39174050883831,23.670000000000016,49.0,1011.0,,7.2,58.0,93.43378278858044,6.1169280981918,,200.82552329741875,-0.2504681942009366,,,,,,,,,,,,,,,,
295,2025-05-16 07:57:40.237284,40.0748181,0.4594435,4.579311847686768,102.95823056763719,23.670000000000016,49.0,1011.0,,7.6,56.0,92.99311541715312,6.309292586389848,,195.9513459847903,-0.23911317296863405,,,,,,,,,,,,,,,,
296,2025-05-16 07:57:45.237075,40.0747205,0.4592868,4.171686172485352,106.12267087048244,23.670000000000016,49.0,1011.0,,7.7,57.0,89.8045030473573,6.45780096461938,,195.92717391783975,0.014234038851826811,,,,,,,,,,,,,,,,
297,2025-05-16 07:57:50.237767,40.0745941,0.4590531,4.529417991638184,105.51207244925081,23.670000000000016,49.0,1011.0,,7.4,58.0,95.53390410717111,6.3049412978932,,201.04597655642192,-0.4367932905810994,,,,,,,,,,,,,,,,
298,2025-05-16 07:57:55.237109,40.0744754,0.4588386,4.460177898406982,105.8540941719392,23.670000000000016,49.0,1011.0,,7.4,55.0,92.03806493614552,6.06556207679309,,197.8921591080847,-0.15861928115703958,,,,,,,,,,,,,,,,
299,2025-05-16 07:58:00.236903,40.0743537,0.4586131,4.529847621917725,105.95979817953432,23.670000000000016,49.0,1011.0,,7.0,53.0,93.24687171567224,5.599436985747616,,199.20666989520657,-0.25656276179777343,,,,,,,,,,,,,,,,
300,2025-05-16 07:58:05.237350,40.0742527,0.4584277,4.589818954467773,104.35320791315308,23.670000000000016,49.0,1011.0,,7.0,59.0,99.31847490587556,6.080410905182724,,203.67168281902866,-0.7431927670343083,,,,,,,,,,,,,,,,
301,2025-05-16 07:58:10.237050,40.0740781,0.4581577,4.470340728759766,105.81434247096972,23.670000000000016,49.0,1011.0,,7.2,62.0,99.7305192590013,6.450015288224841,,205.54486172997102,-0.7555519649182891,,,,,,,,,,,,,,,,
302,2025-05-16 07:58:15.237276,40.0739674,0.4579985,4.709005355834961,104.6722392190952,23.670000000000016,49.0,1011.0,,6.9,58.0,100.19720840366162,5.945444712037044,,204.8694476227568,-0.8336671809513106,,,,,,,,,,,,,,,,
303,2025-05-16 07:58:20.237160,40.0738051,0.4577483,4.510209560394287,101.7002326659259,23.670000000000016,49.0,1011.0,,7.7,59.0,94.71536638774154,6.622603240230048,,196.41559905366745,-0.370765375641542,,,,,,,,,,,,,,,,
304,2025-05-16 07:58:25.237111,40.0736782,0.4575587,4.1816182136535645,108.86781952055894,23.670000000000016,49.0,1011.0,,7.4,58.0,92.37440687181822,6.280948510211172,,201.24222639237718,-0.1732417539441042,,,,,,,,,,,,,,,,
305,2025-05-16 07:58:30.238099,40.0735562,0.4573565,4.479227542877197,104.81674553136517,23.670000000000016,49.0,1011.0,,7.3,59.0,96.5589099421992,6.298545666395002,,201.37565547356436,-0.5116384983060596,,,,,,,,,,,,,,,,
306,2025-05-16 07:58:35.236947,40.0734605,0.4571723,4.589590072631836,106.07531033877757,23.670000000000016,49.0,1011.0,,6.4,56.0,100.78554011232522,5.401256307061364,,206.8608504511028,-0.8588656232848394,,,,,,,,,,,,,,,,
307,2025-05-16 07:58:40.236820,40.07332,0.4568976,4.60934591293335,106.83308567624464,23.670000000000016,49.0,1011.0,,7.0,52.0,93.11010416236674,5.524211787619626,,199.94318983861137,-0.2500796245487148,,,,,,,,,,,,,,,,
308,2025-05-16 07:58:45.237035,40.0732253,0.4567256,4.509822368621826,104.82613704147394,23.670000000000016,49.0,1011.0,,7.0,56.0,95.85860837600086,5.833733666723597,,200.6847454174748,-0.4603352327706303,,,,,,,,,,,,,,,,
309,2025-05-16 07:58:50.237103,40.0730892,0.4564796,4.516238689422607,105.17176510404408,23.670000000000016,49.0,1011.0,,6.7,58.0,99.6466030244709,5.763416578928925,,204.81836812851498,-0.7567891755389622,,,,,,,,,,,,,,,,
310,2025-05-16 07:58:55.236988,40.0729762,0.4562832,4.490034580230713,101.93058762587376,23.670000000000016,49.0,1011.0,,6.8,56.0,96.95324051980178,5.679224602942126,,198.88382814567552,-0.543560349693891,,,,,,,,,,,,,,,,
311,2025-05-16 07:59:00.236911,40.0728772,0.4561282,4.151342391967773,106.623590114022,23.670000000000016,49.0,1011.0,,6.5,47.0,86.60937715505597,4.762135079080532,,193.23296726907796,0.24552283738383934,,,,,,,,,,,,,,,,
312,2025-05-16 07:59:05.237392,40.072722,0.4559039,4.669030666351318,107.15136566137805,23.670000000000016,49.0,1011.0,,7.7,50.0,87.27804086985483,5.905204773336949,,194.42940653123287,0.22172890883085275,,,,,,,,,,,,,,,,
313,2025-05-16 07:59:10.237174,40.0726169,0.4557259,4.670014381408691,103.34888323721607,23.670000000000016,49.0,1011.0,,7.7,54.0,91.32484232647353,6.231096562341408,,194.6737255636896,-0.10797446952750323,,,,,,,,,,,,,,,,
314,2025-05-16 07:59:15.236884,40.0724872,0.4555209,4.340970039367676,105.5920198134858,23.670000000000016,49.0,1011.0,,7.8,61.0,94.68816826454265,6.844934909596826,,200.28018807802846,-0.35479919556979495,,,,,,,,,,,,,,,,
315,2025-05-16 07:59:20.236583,40.0723564,0.4553214,4.659023284912109,106.03116682617177,23.670000000000016,49.0,1011.0,,7.4,63.0,101.14944871930629,6.720285990194524,,207.18061554547808,-0.9009097065977356,,,,,,,,,,,,,,,,
316,2025-05-16 07:59:25.237140,40.072198,0.4550458,4.460362434387207,103.68848024274911,23.670000000000016,49.0,1011.0,,7.3,54.0,91.64425693381392,5.908256787533453,,195.33273717656303,-0.12798456193701313,,,,,,,,,,,,,,,,
317,2025-05-16 07:59:30.236921,40.072071,0.4548331,4.436633110046387,106.23349751995507,23.670000000000016,49.0,1011.0,,7.6,59.0,94.58428601957182,6.535379232817044,,200.81778353952689,-0.3546003150530505,,,,,,,,,,,,,,,,
318,2025-05-16 07:59:35.236847,40.0719706,0.4546654,4.463950157165527,104.55993724876186,23.670000000000016,49.0,1011.0,,7.4,56.0,93.0410473788453,6.143529451017033,,197.60098462760715,-0.2368186841433686,,,,,,,,,,,,,,,,
319,2025-05-16 07:59:40.236988,40.071818,0.4544143,4.648519515991211,104.95573305078575,23.670000000000016,49.0,1011.0,,6.4,56.0,101.39833796787975,5.412593545677567,,206.3540710186655,-0.9186818202156983,,,,,,,,,,,,,,,,
320,2025-05-16 07:59:45.237279,40.0717154,0.454243,4.485251426696777,106.05351520513605,23.670000000000016,49.0,1011.0,,7.1,51.0,90.17732214905892,5.517762751246662,,196.230837354195,-0.01388118215992652,,,,,,,,,,,,,,,,
321,2025-05-16 07:59:50.237190,40.0715983,0.4540299,4.56995964050293,103.16202975209202,23.670000000000016,49.0,1011.0,,7.4,53.0,91.12958278557113,5.911051487375013,,194.29161253766316,-0.09009063823067764,,,,,,,,,,,,,,,,
322,2025-05-16 07:59:55.236912,40.0714753,0.4538092,4.635998249053955,105.6391003074347,23.670000000000016,49.0,1011.0,,7.5,57.0,95.00812877779684,6.31413458636968,,200.64722908523154,-0.404709091175677,,,,,,,,,,,,,,,,
323,2025-05-16 08:00:00.237040,40.0713457,0.4535932,4.575675964355469,107.64565962142271,23.670000000000016,49.0,1011.0,,7.8,61.0,96.63998231515946,6.868102765323817,,204.28564193658218,-0.5290868798966178,,,,,,,,,,,,,,,,
324,2025-05-16 08:00:05.236906,40.0711858,0.4533307,4.599972724914551,104.81994205989673,23.670000000000016,49.0,1011.0,,7.3,56.0,94.89085833936066,6.074090578231619,,199.71080039925738,-0.39218425879211793,,,,,,,,,,,,,,,,
325,2025-05-16 08:00:10.236941,40.0710854,0.4531566,4.480534553527832,106.23750001080869,23.670000000000016,49.0,1011.0,,8.0,61.0,94.91793777931558,7.022812100506045,,201.15543779012427,-0.3841110659918009,,,,,,,,,,,,,,,,
326,2025-05-16 08:00:15.237240,40.070957,0.4529597,4.28064489364624,105.61606207936426,23.670000000000016,49.0,1011.0,,7.9,62.0,94.68651011232491,6.998685029908493,,200.30257219168917,-0.3497451901638786,,,,,,,,,,,,,,,,
327,2025-05-16 08:00:20.237076,40.0708313,0.4527707,4.379671096801758,103.38599848516591,23.670000000000016,49.0,1011.0,,7.4,60.0,96.05394762378081,6.444528904414015,,199.43994610894674,-0.4619012346977558,,,,,,,,,,,,,,,,
328,2025-05-16 08:00:25.237033,40.0706977,0.4525219,4.370007514953613,108.01963296904842,23.670000000000016,49.0,1011.0,,7.1,56.0,93.88507205634133,5.899724533907779,,201.90470502538975,-0.29609138839151106,,,,,,,,,,,,,,,,
329,2025-05-16 08:00:30.237286,40.0706057,0.4523537,4.708569526672363,103.38883984386064,23.670000000000016,49.0,1011.0,,7.6,61.0,98.75781684596029,6.725524363552566,,202.14665668982093,-0.7169184461293783,,,,,,,,,,,,,,,,
330,2025-05-16 08:00:35.237445,40.0704501,0.4520745,4.460358142852783,106.5409994665782,23.670000000000016,49.0,1011.0,,7.6,60.0,95.72937191526863,6.614837328070281,,202.27037138184681,-0.4452768335169039,,,,,,,,,,,,,,,,
331,2025-05-16 08:00:40.236829,40.0703484,0.4518948,4.788603782653809,103.01753710020041,23.670000000000016,49.0,1011.0,,7.8,62.0,99.29139148618201,6.978549898462411,,202.30892858638242,-0.7731466443303395,,,,,,,,,,,,,,,,
332,2025-05-16 08:00:45.237086,40.0701919,0.451633,4.530430793762207,104.14489397365686,23.670000000000016,49.0,1011.0,,7.6,62.0,98.16204809897782,6.779070372808331,,202.30694207263468,-0.6432001599759102,,,,,,,,,,,,,,,,
333,2025-05-16 08:00:50.237206,40.0700928,0.4514708,4.579773902893066,107.79631310394568,23.670000000000016,49.0,1011.0,,7.6,62.0,98.57443163304316,6.7862515506266226,,206.37074473698885,-0.6828172401851874,,,,,,,,,,,,,,,,
334,2025-05-16 08:00:55.236866,40.06997,0.4512652,4.769352912902832,104.93261969063444,23.670000000000016,49.0,1011.0,,7.4,63.0,102.0693432316103,6.742489281032786,,207.00196292224473,-0.9972495581481194,,,,,,,,,,,,,,,,
335,2025-05-16 08:01:00.237091,40.0698501,0.4510614,3.9924044609069824,101.55052174950839,23.670000000000016,49.0,1011.0,,6.8,57.0,92.89959454383839,5.71027063482706,,194.45011629334678,-0.20195926339908696,,,,,,,,,,,,,,,,
336,2025-05-16 08:01:05.236916,40.0697111,0.4508577,4.439022064208984,107.20132166496752,23.670000000000016,49.0,1011.0,,7.4,61.0,97.49435633187888,6.5279494474576785,,204.6956779968464,-0.5789751388195165,,,,,,,,,,,,,,,,
337,2025-05-16 08:01:10.237098,40.0696103,0.4507056,4.449923515319824,102.93725505669607,23.670000000000016,49.0,1011.0,,7.3,65.0,101.65592176907734,6.755352156232335,,204.5931768257734,-0.8990354437483341,,,,,,,,,,,,,,,,
338,2025-05-16 08:01:15.237235,40.0694842,0.4505114,4.589497089385986,105.04290675516263,23.670000000000016,49.0,1011.0,,7.2,65.0,103.33411135867964,6.706203655577875,,208.37701811384227,-1.0584715088215706,,,,,,,,,,,,,,,,
339,2025-05-16 08:01:20.237359,40.0693591,0.4503127,4.400566101074219,108.67817248806436,23.670000000000016,49.0,1011.0,,6.6,66.0,105.88755749620827,6.268865800654337,,214.56572998427265,-1.2046565452845237,,,,,,,,,,,,,,,,
340,2025-05-16 08:01:25.236946,40.069211,0.4500831,5.007062911987305,104.81378122926539,23.670000000000016,49.0,1011.0,,6.8,68.0,111.31246032081224,6.767676675941913,,216.12624155007762,-1.8198362432303046,,,,,,,,,,,,,,,,
341,2025-05-16 08:01:30.236830,40.0690531,0.4498707,4.740955352783203,104.3153481745837,23.670000000000016,49.0,1011.0,,6.5,57.0,102.42248257850798,5.5820458729774405,,206.73783075309169,-1.0198674504116003,,,,,,,,,,,,,,,,
342,2025-05-16 08:01:35.236834,40.0688954,0.4496023,4.490434646606445,104.57133000429744,23.670000000000016,49.0,1011.0,,7.4,60.0,97.0313443003383,6.457150062570627,,201.60267430463574,-0.5496844720357421,,,,,,,,,,,,,,,,
343,2025-05-16 08:01:40.237008,40.0688199,0.449418,4.479915618896484,105.0268079992889,23.670000000000016,49.0,1011.0,,8.0,61.0,94.91290673845758,7.022759067026809,,199.9397147377465,-0.38366607870981423,,,,,,,,,,,,,,,,
344,2025-05-16 08:01:45.237178,40.0687388,0.4492499,4.360395431518555,104.57708785376776,23.670000000000016,49.0,1011.0,,8.0,59.0,92.00523492657585,6.861540178186913,,196.58232278034362,-0.15257375761912528,,,,,,,,,,,,,,,,
345,2025-05-16 08:01:50.237287,40.0685692,0.4489878,4.469848155975342,103.32106387672661,23.670000000000016,49.0,1011.0,,7.9,59.0,93.38936710467594,6.783487237774844,,196.71043098140257,-0.2642624299906839,,,,,,,,,,,,,,,,
346,2025-05-16 08:01:55.237544,40.0684902,0.4487876,4.669064044952393,104.82224383364702,23.670000000000016,49.0,1011.0,,7.8,62.0,98.32022146447454,6.960249382783657,,203.14246529812158,-0.6756389038064885,,,,,,,,,,,,,,,,
347,2025-05-16 08:02:00.237075,40.0682992,0.4485137,4.470381259918213,105.01283343224706,23.670000000000016,49.0,1011.0,,7.4,62.0,98.66981880797718,6.609334220567002,,203.68265224022423,-0.6738657140735286,,,,,,,,,,,,,,,,
348,2025-05-16 08:02:05.237278,40.0682234,0.4483468,4.62927770614624,106.49723161437676,23.670000000000016,49.0,1011.0,,7.6,70.0,105.86710747054741,7.424550994333299,,212.36433908492415,-1.265677181180561,,,,,,,,,,,,,,,,
349,2025-05-16 08:02:10.237306,40.0681086,0.448094,4.580020904541016,105.57491018961493,23.670000000000016,49.0,1011.0,,7.7,71.0,105.89449043298934,7.569908427829681,,211.46940062260427,-1.254315377313228,,,,,,,,,,,,,,,,
350,2025-05-16 08:02:15.237044,40.0680157,0.4479197,4.848878383636475,104.27916866255015,23.670000000000016,49.0,1011.0,,7.4,74.0,111.54979753637453,7.647937482577208,,215.82896619892466,-1.7810402725419663,,,,,,,,,,,,,,,,
351,2025-05-16 08:02:20.236834,40.0678875,0.4476867,4.939695835113525,106.29716854339792,23.670000000000016,49.0,1011.0,,6.8,61.0,105.44296905895514,6.170182404181112,,211.74013760235306,-1.3153376011465219,,,,,,,,,,,,,,,,
352,2025-05-16 08:02:25.237264,40.0677391,0.4474031,4.530710220336914,102.69744028474776,23.670000000000016,49.0,1011.0,,6.7,65.0,105.63292288117835,6.305516579833299,,208.3303631659261,-1.2209050792492755,,,,,,,,,,,,,,,,
353,2025-05-16 08:02:30.237101,40.0676048,0.4472404,5.175752639770508,106.46992451807506,23.670000000000016,49.0,1011.0,,7.1,60.0,104.81023217385057,6.3600763867834775,,211.28015669192564,-1.3230176817359889,,,,,,,,,,,,,,,,
354,2025-05-16 08:02:35.236877,40.0675005,0.447034,4.7710113525390625,106.17841204429891,23.670000000000016,49.0,1011.0,,7.2,67.0,106.45669411243522,6.9107394082510005,,212.63510615673414,-1.351582471226319,,,,,,,,,,,,,,,,
355,2025-05-16 08:02:40.236784,40.0673345,0.4468827,4.61042594909668,103.2091170762301,23.670000000000016,49.0,1011.0,,7.2,68.0,105.99227125518848,6.944483106947918,,209.20138833141857,-1.270207788189336,,,,,,,,,,,,,,,,
356,2025-05-16 08:02:45.237171,40.0672848,0.4467258,4.15094518661499,103.63574435216744,23.670000000000016,49.0,1011.0,,7.0,67.0,102.39257350944528,6.597249198218712,,206.02831786161272,-0.8908290844048491,,,,,,,,,,,,,,,,
357,2025-05-16 08:02:50.237100,40.0671727,0.4465121,4.199902534484863,104.62264521553175,23.670000000000016,49.0,1011.0,,6.8,61.0,98.6351770869156,6.015604576506435,,203.25782230244735,-0.6305833124144217,,,,,,,,,,,,,,,,
358,2025-05-16 08:02:55.236875,40.0670378,0.4462551,4.489640712738037,106.30274880794983,23.670000000000016,49.0,1011.0,,7.3,59.0,96.65299725804591,6.299743601724552,,202.95574606599575,-0.5201515800698843,,,,,,,,,,,,,,,,
359,2025-05-16 08:03:00.236961,40.066931,0.44609,4.52982759475708,104.29411311645413,23.670000000000016,49.0,1011.0,,7.0,58.0,97.86835055045313,5.992757074384507,,202.16246366690726,-0.6201215315883327,,,,,,,,,,,,,,,,
360,2025-05-16 08:03:05.240108,40.0667583,0.4458327,4.609871864318848,106.28782484461334,23.670000000000016,49.0,1011.0,,7.6,68.0,104.04552145094146,7.26376038968509,,210.3333462955548,-1.118782333960033,,,,,,,,,,,,,,,,
361,2025-05-16 08:03:10.237405,40.0666505,0.4456531,4.361109733581543,103.52109962694877,23.670000000000016,49.0,1011.0,,7.4,68.0,103.03961250132166,7.04276304360386,,206.56071212827044,-0.9839738545001342,,,,,,,,,,,,,,,,
362,2025-05-16 08:03:15.236792,40.066497,0.4454155,4.809503078460693,105.5687903401186,23.670000000000016,49.0,1011.0,,7.8,68.0,104.62795074901757,7.474305550316567,,210.19674108913617,-1.2145986807059905,,,,,,,,,,,,,,,,
363,2025-05-16 08:03:20.237073,40.0663949,0.4452426,4.341885566711426,106.32248805465116,23.670000000000016,49.0,1011.0,,7.5,63.0,97.981382559607,6.747914366733495,,204.30387061425816,-0.60287654325435,,,,,,,,,,,,,,,,
364,2025-05-16 08:03:25.237174,40.0662609,0.444988,4.490612983703613,103.68893103523432,23.670000000000016,49.0,1011.0,,7.3,62.0,99.36904067891696,6.532661370195812,,203.05797171415128,-0.731039694681879,,,,,,,,,,,,,,,,
365,2025-05-16 08:03:30.237783,40.0662609,0.444988,4.490612983703613,103.68893103523432,23.670000000000016,49.0,1011.0,,7.1,57.0,95.97931157882532,5.987133590960651,,199.66824261405964,-0.46778425103740784,,,,,,,,,,,,,,,,
366,2025-05-16 08:03:35.237658,40.0662609,0.444988,4.490612983703613,103.68893103523432,23.670000000000016,49.0,1011.0,,6.6,59.0,100.9189110579562,5.761610970409444,,204.60784209319053,-0.850609837603576,,,,,,,,,,,,,,,,
367,2025-05-16 08:03:40.237035,40.0662609,0.444988,4.490612983703613,103.68893103523432,23.670000000000016,49.0,1011.0,,7.3,55.0,92.90555160010445,5.987507160991993,,196.59448263533875,-0.22762786741170812,,,,,,,,,,,,,,,,
368,2025-05-16 08:03:45.237736,40.0662609,0.444988,4.490612983703613,103.68893103523432,23.670000000000016,49.0,1011.0,,7.1,58.0,96.89576116179258,6.0650144194245135,,200.5846921970269,-0.5391582298872172,,,,,,,,,,,,,,,,
369,2025-05-16 08:03:50.237595,40.0662609,0.444988,4.490612983703613,103.68893103523432,23.670000000000016,49.0,1011.0,,7.2,57.0,95.38506925523652,6.0651971123447685,,199.07400029047085,-0.42143898098527216,,,,,,,,,,,,,,,,
370,2025-05-16 08:03:55.237127,40.0662609,0.444988,4.490612983703613,103.68893103523432,23.670000000000016,49.0,1011.0,,7.4,48.0,85.20862072197163,5.5185566461277515,,188.89755175720595,0.3750915175416988,,,,,,,,,,,,,,,,
371,2025-05-16 08:04:00.237669,40.0662609,0.444988,4.490612983703613,103.68893103523432,23.670000000000016,49.0,1011.0,,8.2,51.0,83.99975722193327,6.407701782893688,,187.6886882571676,0.4694157980442781,,,,,,,,,,,,,,,,
372,2025-05-16 08:04:05.237339,40.0662609,0.444988,4.490612983703613,103.68893103523432,23.670000000000016,49.0,1011.0,,7.9,51.0,85.5201024345968,6.158267835184962,,189.20903346983113,0.3507587211485031,,,,,,,,,,,,,,,,
373,2025-05-16 08:04:10.238489,40.0662609,0.444988,4.490612983703613,103.68893103523432,23.670000000000016,49.0,1011.0,,8.6,55.0,86.40867688296915,7.058569015257045,,190.09760791820347,0.28128920173922106,,,,,,,,,,,,,,,,
374,2025-05-16 08:04:15.238827,40.0662609,0.444988,4.490612983703613,103.68893103523432,23.670000000000016,49.0,1011.0,,8.4,56.0,88.30063119265388,6.966979778620033,,191.9895622278882,0.1331701722880301,,,,,,,,,,,,,,,,
375,2025-05-16 08:04:20.238507,40.0662609,0.444988,4.490612983703613,103.68893103523432,23.670000000000016,49.0,1011.0,,8.4,59.0,91.30713927536523,7.202079489681322,,194.99607031059955,-0.10243943761033912,,,,,,,,,,,,,,,,
376,2025-05-16 08:04:25.237124,40.0662609,0.444988,4.490612983703613,103.68893103523432,23.670000000000016,49.0,1011.0,,7.4,54.0,91.34920709419131,5.988386001495815,,195.03813812942565,-0.10573565832280789,,,,,,,,,,,,,,,,
377,2025-05-16 08:04:30.238846,40.0662609,0.444988,4.490612983703613,103.68893103523432,23.670000000000016,49.0,1011.0,,8.4,53.0,85.18896215869883,6.732257910681396,,188.87789319393315,0.37662687035611825,,,,,,,,,,,,,,,,
378,2025-05-16 08:04:35.238942,40.0662609,0.444988,4.490612983703613,103.68893103523432,23.670000000000016,49.0,1011.0,,8.1,56.0,89.66852988939243,6.7153167150427695,,193.35746092462676,0.025979150505152485,,,,,,,,,,,,,,,,
379,2025-05-16 08:04:40.239098,40.0662609,0.444988,4.490612983703613,103.68893103523432,23.670000000000016,49.0,1011.0,,8.2,56.0,89.20132161578509,6.798768623860404,,192.8902526510194,0.06259517545697407,,,,,,,,,,,,,,,,
380,2025-05-16 08:04:45.238615,40.0662609,0.444988,4.490612983703613,103.68893103523432,23.670000000000016,49.0,1011.0,,7.8,56.0,91.14202944514058,6.4677778201608955,,194.8309604803749,-0.08950175257750971,,,,,,,,,,,,,,,,
381,2025-05-16 08:04:50.239074,40.0662609,0.444988,4.490612983703613,103.68893103523432,23.670000000000016,49.0,1011.0,,8.2,58.0,91.19678479763802,6.955511683953282,,194.88571583287234,-0.09379236311458071,,,,,,,,,,,,,,,,
382,2025-05-16 08:04:55.239147,40.0662609,0.444988,4.490612983703613,103.68893103523432,23.670000000000016,49.0,1011.0,,7.5,51.0,87.74721413208108,5.833102963692647,,191.4361451673154,0.17651881497467634,,,,,,,,,,,,,,,,
383,2025-05-16 08:05:00.238139,40.0662609,0.444988,4.490612983703613,103.68893103523432,23.670000000000016,49.0,1011.0,,7.1,47.0,86.12659466132496,5.204499703471798,,189.8155256965593,0.3033507586760097,,,,,,,,,,,,,,,,
384,2025-05-16 08:05:05.238608,40.0662609,0.444988,4.490612983703613,103.68893103523432,23.670000000000016,49.0,1011.0,,7.2,49.0,87.54459787643023,5.43890258974111,,191.23352891166456,0.1923856527461344,,,,,,,,,,,,,,,,
385,2025-05-16 08:05:10.238546,40.0662609,0.444988,4.490612983703613,103.68893103523432,23.670000000000016,49.0,1011.0,,7.3,51.0,88.95557259788734,5.67410820416945,,192.64450363312164,0.0818534899710656,,,,,,,,,,,,,,,,
386,2025-05-16 08:05:15.237343,40.0662609,0.444988,4.490612983703613,103.68893103523432,23.670000000000016,49.0,1011.0,,7.4,51.0,88.3430451309557,5.753285761096132,,192.03197616619002,0.12984736408055347,,,,,,,,,,,,,,,,
387,2025-05-16 08:05:20.237766,40.0662609,0.444988,4.490612983703613,103.68893103523432,23.670000000000016,49.0,1011.0,,7.2,54.0,92.54160139390885,5.830658053525405,,196.23053242914318,-0.19913518210385067,,,,,,,,,,,,,,,,
388,2025-05-16 08:05:25.238558,40.0662609,0.444988,4.490612983703613,103.68893103523432,23.670000000000016,49.0,1011.0,,7.5,52.0,88.7704492670802,5.911441765716265,,192.4593803023145,0.0963598497869892,,,,,,,,,,,,,,,,
389,2025-05-16 08:05:30.236394,40.0662609,0.444988,4.490612983703613,103.68893103523432,23.670000000000016,49.0,1011.0,,7.8,52.0,87.09833491605642,6.154374484921803,,190.78726595129075,0.227323648958257,,,,,,,,,,,,,,,,
390,2025-05-16 08:05:35.237126,40.0662609,0.444988,4.490612983703613,103.68893103523432,23.670000000000016,49.0,1011.0,,7.4,57.0,94.24161369556263,6.22320743369263,,197.93054473079695,-0.3321370672776818,,,,,,,,,,,,,,,,
391,2025-05-16 08:05:40.236412,40.0662609,0.444988,4.490612983703613,103.68893103523432,23.670000000000016,49.0,1011.0,,7.5,56.0,92.73165598443822,6.22485512109299,,196.42058701967255,-0.21401512133002476,,,,,,,,,,,,,,,,
392,2025-05-16 08:05:45.238373,40.0662609,0.444988,4.490612983703613,103.68893103523432,23.670000000000016,49.0,1011.0,,7.8,56.0,91.14202944514058,6.4677778201608955,,194.8309604803749,-0.08950175257750971,,,,,,,,,,,,,,,,
393,2025-05-16 08:05:50.238117,40.0662609,0.444988,4.490612983703613,103.68893103523432,23.670000000000016,49.0,1011.0,,7.8,54.0,89.14555695589617,6.311034307817678,,192.8344879911305,0.06696533047631696,,,,,,,,,,,,,,,,
394,2025-05-16 08:05:55.238999,40.0662609,0.444988,4.490612983703613,103.68893103523432,23.670000000000016,49.0,1011.0,,7.2,52.0,90.5841831394,5.673972347328874,,194.27311417463432,-0.04578513392868567,,,,,,,,,,,,,,,,
395,2025-05-16 08:06:00.236663,40.0662609,0.444988,4.490612983703613,103.68893103523432,23.670000000000016,49.0,1011.0,,6.5,51.0,94.52787391011098,5.067263445189682,,198.2168049453453,-0.3545073027309903,,,,,,,,,,,,,,,,
396,2025-05-16 08:06:05.237191,40.0662609,0.444988,4.490612983703613,103.68893103523432,23.670000000000016,49.0,1011.0,,7.3,48.0,85.84563068760446,5.439248916372782,,189.53456172283876,0.32531754942096164,,,,,,,,,,,,,,,,
397,2025-05-16 08:06:10.238797,40.0662609,0.444988,4.490612983703613,103.68893103523432,23.670000000000016,49.0,1011.0,,7.4,49.0,86.26865995619899,5.5967149742709115,,189.9575909914333,0.2922407646630613,,,,,,,,,,,,,,,,
398,2025-05-16 08:06:15.238792,40.0662609,0.444988,4.490612983703613,103.68893103523432,23.670000000000016,49.0,1011.0,,7.5,49.0,85.65744571383995,5.676618453313214,,189.34637674907427,0.3400261967442308,,,,,,,,,,,,,,,,
399,2025-05-16 08:06:20.238762,40.0662609,0.444988,4.490612983703613,103.68893103523432,23.670000000000016,49.0,1011.0,,7.4,49.0,86.26865995619899,5.5967149742709115,,189.9575909914333,0.2922407646630613,,,,,,,,,,,,,,,,
400,2025-05-16 08:06:25.237260,40.0662609,0.444988,4.490612983703613,103.68893103523432,23.670000000000016,49.0,1011.0,,7.2,45.0,83.27246102224683,5.126467333160963,,186.96139205748113,0.5260667202282074,,,,,,,,,,,,,,,,
401,2025-05-16 08:06:30.238219,40.0662609,0.444988,4.490612983703613,103.68893103523432,23.670000000000016,49.0,1011.0,,7.4,45.0,81.92930874642124,5.284934262692583,,185.61823978165557,0.6304586337669423,,,,,,,,,,,,,,,,
402,2025-05-16 08:06:35.237293,40.0662609,0.444988,4.490612983703613,103.68893103523432,23.670000000000016,49.0,1011.0,,7.5,48.0,84.58973441945233,5.598527140130613,,188.27866545468663,0.4234050110993,,,,,,,,,,,,,,,,
403,2025-05-16 08:06:40.238547,40.0662609,0.444988,4.490612983703613,103.68893103523432,23.670000000000016,49.0,1011.0,,7.5,50.0,86.70973831328602,5.75481964809278,,190.39866934852034,0.2577357788702325,,,,,,,,,,,,,,,,
404,2025-05-16 08:06:45.237588,40.0662609,0.444988,4.490612983703613,103.68893103523432,23.670000000000016,49.0,1011.0,,7.4,50.0,87.31326321536423,5.67496707120307,,191.00219425059856,0.21049846998027735,,,,,,,,,,,,,,,,
405,2025-05-16 08:06:50.239147,40.0662609,0.444988,4.490612983703613,103.68893103523432,23.670000000000016,49.0,1011.0,,7.4,47.0,84.13250251688585,5.440520448367169,,187.82143355212017,0.4590675036420826,,,,,,,,,,,,,,,,
406,2025-05-16 08:06:55.238565,40.0662609,0.444988,4.490612983703613,103.68893103523432,23.670000000000016,49.0,1011.0,,7.0,42.0,81.36382332143796,4.737630604062993,,185.05275435667227,0.6743087234955413,,,,,,,,,,,,,,,,
407,2025-05-16 08:07:00.239120,40.0662609,0.444988,4.490612983703613,103.68893103523432,23.670000000000016,49.0,1011.0,,7.7,41.0,75.34910015120019,5.221430064201728,,179.03803118643452,1.1358059927454216,,,,,,,,,,,,,,,,
408,2025-05-16 08:07:05.237546,40.0662609,0.444988,4.490612983703613,103.68893103523432,23.670000000000016,49.0,1011.0,,7.6,45.0,80.66500780141136,5.446135602791903,,184.35393883664568,0.728406580854113,,,,,,,,,,,,,,,,
409,2025-05-16 08:07:10.237475,40.0662609,0.444988,4.490612983703613,103.68893103523432,23.670000000000016,49.0,1011.0,,7.6,48.0,83.98834759230559,5.679132400379245,,187.67727862753992,0.4703051305159262,,,,,,,,,,,,,,,,
410,2025-05-16 08:07:15.239110,40.0662609,0.444988,4.490612983703613,103.68893103523432,23.670000000000016,49.0,1011.0,,7.1,47.0,86.12659466132496,5.204499703471798,,189.8155256965593,0.3033507586760097,,,,,,,,,,,,,,,,
411,2025-05-16 08:07:20.238732,40.0662609,0.444988,4.490612983703613,103.68893103523432,23.670000000000016,49.0,1011.0,,7.6,45.0,80.66500780141136,5.446135602791903,,184.35393883664568,0.728406580854113,,,,,,,,,,,,,,,,
412,2025-05-16 08:07:25.236697,40.0662609,0.444988,4.490612983703613,103.68893103523432,23.670000000000016,49.0,1011.0,,7.4,47.0,84.13250251688585,5.440520448367169,,187.82143355212017,0.4590675036420826,,,,,,,,,,,,,,,,
413,2025-05-16 08:07:30.238778,40.0662609,0.444988,4.490612983703613,103.68893103523432,23.670000000000016,49.0,1011.0,,7.4,49.0,86.26865995619899,5.5967149742709115,,189.9575909914333,0.2922407646630613,,,,,,,,,,,,,,,,
414,2025-05-16 08:07:35.238779,40.0662609,0.444988,4.490612983703613,103.68893103523432,23.670000000000016,49.0,1011.0,,6.8,42.0,82.9492526127876,4.584758888030934,,186.63818364802194,0.5512155701806855,,,,,,,,,,,,,,,,
415,2025-05-16 08:07:40.239114,40.0662609,0.444988,4.490612983703613,103.68893103523432,23.670000000000016,49.0,1011.0,,6.8,38.0,78.28847742728951,4.275505466931768,,181.97740846252384,0.9115235722552631,,,,,,,,,,,,,,,,
416,2025-05-16 08:07:45.237741,40.0662609,0.444988,4.490612983703613,103.68893103523432,23.670000000000016,49.0,1011.0,,7.3,44.0,81.47015549200172,5.127725219023831,,185.15908652723604,0.6660681702909118,,,,,,,,,,,,,,,,
417,2025-05-16 08:07:50.239111,40.0662609,0.444988,4.490612983703613,103.68893103523432,23.670000000000016,49.0,1011.0,,7.0,42.0,81.36382332143796,4.737630604062993,,185.05275435667227,0.6743087234955413,,,,,,,,,,,,,,,,
418,2025-05-16 08:07:55.238576,40.0662609,0.444988,4.490612983703613,103.68893103523432,23.670000000000016,49.0,1011.0,,7.0,42.0,81.36382332143796,4.737630604062993,,185.05275435667227,0.6743087234955413,,,,,,,,,,,,,,,,
419,2025-05-16 08:08:00.239113,40.0662609,0.444988,4.490612983703613,103.68893103523432,23.670000000000016,49.0,1011.0,,7.3,46.0,83.69291365174256,5.283157508927079,,187.38184468697688,0.49332636379400346,,,,,,,,,,,,,,,,
420,2025-05-16 08:08:05.239148,40.0662609,0.444988,4.490612983703613,103.68893103523432,23.670000000000016,49.0,1011.0,,7.6,47.0,82.89743018387216,5.601270076766233,,186.5863612191065,0.5552462631213437,,,,,,,,,,,,,,,,
421,2025-05-16 08:08:10.239115,40.0662609,0.444988,4.490612983703613,103.68893103523432,23.670000000000016,49.0,1011.0,,7.4,49.0,86.26865995619899,5.5967149742709115,,189.9575909914333,0.2922407646630613,,,,,,,,,,,,,,,,
422,2025-05-16 08:08:15.239147,40.0662609,0.444988,4.490612983703613,103.68893103523432,23.670000000000016,49.0,1011.0,,6.7,38.0,79.17070217912251,4.199723474474518,,182.85963321435685,0.8437124267362548,,,,,,,,,,,,,,,,
423,2025-05-16 08:08:20.239094,40.0662609,0.444988,4.490612983703613,103.68893103523432,23.670000000000016,49.0,1011.0,,7.4,42.0,78.48609890689299,5.053256682467805,,182.1750299421273,0.8963518480188273,,,,,,,,,,,,,,,,
424,2025-05-16 08:08:25.239111,40.0662609,0.444988,4.490612983703613,103.68893103523432,23.670000000000016,49.0,1011.0,,7.0,42.0,81.36382332143796,4.737630604062993,,185.05275435667227,0.6743087234955413,,,,,,,,,,,,,,,,
425,2025-05-16 08:08:30.239109,40.0662609,0.444988,4.490612983703613,103.68893103523432,23.670000000000016,49.0,1011.0,,6.9,38.0,77.43717602002448,4.352265701157795,,181.12610705525879,0.9767531305425847,,,,,,,,,,,,,,,,
426,2025-05-16 08:08:35.238593,40.0662609,0.444988,4.490612983703613,103.68893103523432,23.670000000000016,49.0,1011.0,,7.1,33.0,69.26429785956239,4.134772883798219,,172.95322889479672,1.5899359649860192,,,,,,,,,,,,,,,,
427,2025-05-16 08:08:40.236663,40.0662609,0.444988,4.490612983703613,103.68893103523432,23.670000000000016,49.0,1011.0,,7.2,30.0,64.14246605682699,4.000527725951282,,167.8313970920613,1.9585132284967965,,,,,,,,,,,,,,,,
428,2025-05-16 08:08:45.238737,40.0662609,0.444988,4.490612983703613,103.68893103523432,23.670000000000016,49.0,1011.0,,7.2,30.0,64.14246605682699,4.000527725951282,,167.8313970920613,1.9585132284967965,,,,,,,,,,,,,,,,
429,2025-05-16 08:08:50.237186,40.0662609,0.444988,4.490612983703613,103.68893103523432,23.670000000000016,49.0,1011.0,,6.7,31.0,70.05227423746085,3.6709993733183524,,173.74120527269517,1.5320294949439317,,,,,,,,,,,,,,,,
430,2025-05-16 08:08:55.237185,40.0662609,0.444988,4.490612983703613,103.68893103523432,23.670000000000016,49.0,1011.0,,7.0,33.0,70.10020005967293,4.054574674227396,,173.78913109490725,1.528498083965882,,,,,,,,,,,,,,,,
431,2025-05-16 08:09:00.238762,40.0662609,0.444988,4.490612983703613,103.68893103523432,23.670000000000016,49.0,1011.0,,6.8,31.0,69.08940624473485,3.7491859218977006,,172.77833727996915,1.6027479303498429,,,,,,,,,,,,,,,,
432,2025-05-16 08:09:05.240661,40.0662609,0.444988,4.490612983703613,103.68893103523432,23.670000000000016,49.0,1011.0,,6.4,31.0,73.19899482523321,3.443219476703044,,176.88792586046753,1.298005358985175,,,,,,,,,,,,,,,,
433,2025-05-16 08:09:10.238399,40.0662609,0.444988,4.490612983703613,103.68893103523432,23.670000000000016,49.0,1011.0,,6.7,28.0,65.62580485596222,3.4532488445159397,,169.31473589119653,1.8532500877787212,,,,,,,,,,,,,,,,
434,2025-05-16 08:09:15.238788,40.0662609,0.444988,4.490612983703613,103.68893103523432,23.670000000000016,49.0,1011.0,,6.9,32.0,69.5848597507316,3.9014965139054048,,173.2737907859659,1.566414315508582,,,,,,,,,,,,,,,,
435,2025-05-16 08:09:20.238801,40.0662609,0.444988,4.490612983703613,103.68893103523432,23.670000000000016,49.0,1011.0,,6.9,27.0,62.11799695863021,3.5439415256795193,,165.80692799386452,2.1000450184209534,,,,,,,,,,,,,,,,
436,2025-05-16 08:09:25.236806,40.0662609,0.444988,4.490612983703613,103.68893103523432,23.670000000000016,49.0,1011.0,,7.4,29.0,61.08634010029247,4.098468189664985,,164.7752711355268,2.1711713627270472,,,,,,,,,,,,,,,,
437,2025-05-16 08:09:30.239024,40.0662609,0.444988,4.490612983703613,103.68893103523432,23.670000000000016,49.0,1011.0,,6.8,31.0,69.08940624473485,3.7491859218977006,,172.77833727996915,1.6027479303498429,,,,,,,,,,,,,,,,
438,2025-05-16 08:09:35.238941,40.0662609,0.444988,4.490612983703613,103.68893103523432,23.670000000000016,49.0,1011.0,,7.0,28.0,62.78495646435212,3.6953947052375042,,166.47388749958645,2.05369848335587,,,,,,,,,,,,,,,,
439,2025-05-16 08:09:40.237126,40.0662609,0.444988,4.490612983703613,103.68893103523432,23.670000000000016,49.0,1011.0,,6.7,29.0,67.14139495233552,3.52506050436759,,170.83032598756984,1.7444159406487443,,,,,,,,,,,,,,,,
440,2025-05-16 08:09:45.238789,40.0662609,0.444988,4.490612983703613,103.68893103523432,23.670000000000016,49.0,1011.0,,7.1,29.0,63.460085022844616,3.8475951800190344,,167.14901605807893,2.0065008971669465,,,,,,,,,,,,,,,,
441,2025-05-16 08:09:50.238810,40.0662609,0.444988,4.490612983703613,103.68893103523432,23.670000000000016,49.0,1011.0,,6.8,29.0,66.15955514386366,3.604238593228206,,169.84848617909796,1.8150656310960356,,,,,,,,,,,,,,,,
442,2025-05-16 08:09:55.237320,40.0662609,0.444988,4.490612983703613,103.68893103523432,23.670000000000016,49.0,1011.0,,7.0,27.0,61.20901435963604,3.6261947609331044,,164.89794539487036,2.1627501582868223,,,,,,,,,,,,,,,,
443,2025-05-16 08:10:00.238820,40.0662609,0.444988,4.490612983703613,103.68893103523432,23.670000000000016,49.0,1011.0,,7.1,30.0,64.96322019723404,3.91816526841266,,168.65215123246836,1.9004272331307932,,,,,,,,,,,,,,,,
444,2025-05-16 08:10:05.239012,40.0662609,0.444988,4.490612983703613,103.68893103523432,23.670000000000016,49.0,1011.0,,6.9,26.0,60.5037517045137,3.475187076459789,,164.19268273974802,2.2110277052846325,,,,,,,,,,,,,,,,
445,2025-05-16 08:10:10.239004,40.0662609,0.444988,4.490612983703613,103.68893103523432,23.670000000000016,49.0,1011.0,,7.2,29.0,62.63522103951761,3.9304545470936394,,166.32415207475194,2.0641279385639595,,,,,,,,,,,,,,,,
446,2025-05-16 08:10:15.238761,40.0662609,0.444988,4.490612983703613,103.68893103523432,23.670000000000016,49.0,1011.0,,7.0,28.0,62.78495646435212,3.6953947052375042,,166.47388749958645,2.05369848335587,,,,,,,,,,,,,,,,
447,2025-05-16 08:10:20.239083,40.0662609,0.444988,4.490612983703613,103.68893103523432,23.670000000000016,49.0,1011.0,,6.8,28.0,64.63567905245849,3.5329778370754377,,168.3246100876928,1.92365523648147,,,,,,,,,,,,,,,,
448,2025-05-16 08:10:25.236629,40.0662609,0.444988,4.490612983703613,103.68893103523432,23.670000000000016,49.0,1011.0,,7.2,22.0,50.98733136516667,3.471227657298867,,154.676262400401,2.826805891070122,,,,,,,,,,,,,,,,
449,2025-05-16 08:10:30.238389,40.0662609,0.444988,4.490612983703613,103.68893103523432,23.670000000000016,49.0,1011.0,,7.7,26.0,54.24866684242683,4.159219551071411,,157.93759787766115,2.6237239328897304,,,,,,,,,,,,,,,,
450,2025-05-16 08:10:35.238801,40.0662609,0.444988,4.490612983703613,103.68893103523432,23.670000000000016,49.0,1011.0,,7.6,30.0,61.17554729618011,4.337399468361622,,164.86447833141443,2.16504855264613,,,,,,,,,,,,,,,,
451,2025-05-16 08:10:40.238376,40.0662609,0.444988,4.490612983703613,103.68893103523432,23.670000000000016,49.0,1011.0,,7.4,31.0,64.07851995550794,4.2376110186364455,,167.76745099074225,1.9630220674049614,,,,,,,,,,,,,,,,
452,2025-05-16 08:10:45.237253,40.0662609,0.444988,4.490612983703613,103.68893103523432,23.670000000000016,49.0,1011.0,,7.0,30.0,65.81903633516255,3.8366412465965025,,169.50796737039687,1.839444721086193,,,,,,,,,,,,,,,,
453,2025-05-16 08:10:50.238785,40.0662609,0.444988,4.490612983703613,103.68893103523432,23.670000000000016,49.0,1011.0,,7.2,30.0,64.14246605682699,4.000527725951282,,167.8313970920613,1.9585132284967965,,,,,,,,,,,,,,,,
454,2025-05-16 08:10:55.239026,40.0662609,0.444988,4.490612983703613,103.68893103523432,23.670000000000016,49.0,1011.0,,6.9,21.0,51.72511766810473,3.1497932094791516,,155.41404870333906,2.7816425718641367,,,,,,,,,,,,,,,,
455,2025-05-16 08:11:00.237243,40.0662609,0.444988,4.490612983703613,103.68893103523432,23.670000000000016,49.0,1011.0,,7.0,25.0,57.93078201398405,3.4910341948524213,,161.61971304921838,2.3842612749983916,,,,,,,,,,,,,,,,
456,2025-05-16 08:11:05.238370,40.0662609,0.444988,4.490612983703613,103.68893103523432,23.670000000000016,49.0,1011.0,,7.0,23.0,54.47251393469932,3.3607693046008653,,158.16144496993365,2.6094657386678626,,,,,,,,,,,,,,,,
457,2025-05-16 08:11:10.238794,40.0662609,0.444988,4.490612983703613,103.68893103523432,23.670000000000016,49.0,1011.0,,7.1,21.0,49.9631190581639,3.3232902233565174,,153.6520500933982,2.888724100440347,,,,,,,,,,,,,,,,
458,2025-05-16 08:11:15.238803,40.0662609,0.444988,4.490612983703613,103.68893103523432,23.670000000000016,49.0,1011.0,,7.2,21.0,49.1497159343912,3.4111271204317557,,152.83864696962553,2.9372412829210477,,,,,,,,,,,,,,,,
459,2025-05-16 08:11:20.238788,40.0662609,0.444988,4.490612983703613,103.68893103523432,23.670000000000016,49.0,1011.0,,6.9,22.0,53.581516553251966,3.212101455769318,,157.2704475884863,2.665980434347021,,,,,,,,,,,,,,,,
460,2025-05-16 08:11:25.237271,40.0662609,0.444988,4.490612983703613,103.68893103523432,23.670000000000016,49.0,1011.0,,6.9,23.0,55.385692716360964,3.275896293847308,,159.07462375159528,2.5508894365703347,,,,,,,,,,,,,,,,
461,2025-05-16 08:11:30.238793,40.0662609,0.444988,4.490612983703613,103.68893103523432,23.670000000000016,49.0,1011.0,,7.4,22.0,49.4646429649066,3.6474610219380548,,153.1535740001409,2.918526475811745,,,,,,,,,,,,,,,,
462,2025-05-16 08:11:35.238386,40.0662609,0.444988,4.490612983703613,103.68893103523432,23.670000000000016,49.0,1011.0,,7.1,21.0,49.9631190581639,3.3232902233565174,,153.6520500933982,2.888724100440347,,,,,,,,,,,,,,,,
463,2025-05-16 08:11:40.238787,40.0662609,0.444988,4.490612983703613,103.68893103523432,23.670000000000016,49.0,1011.0,,7.5,21.0,46.9445919747198,3.6783663766690102,,150.6335230099541,3.065765277303276,,,,,,,,,,,,,,,,
464,2025-05-16 08:11:45.237582,40.0662609,0.444988,4.490612983703613,103.68893103523432,23.670000000000016,49.0,1011.0,,7.0,23.0,54.47251393469932,3.3607693046008653,,158.16144496993365,2.6094657386678626,,,,,,,,,,,,,,,,
465,2025-05-16 08:11:50.239144,40.0662609,0.444988,4.490612983703613,103.68893103523432,23.670000000000016,49.0,1011.0,,6.8,24.0,58.10102217629426,3.2577982289605156,,161.78995321152857,2.3729440320353308,,,,,,,,,,,,,,,,
466,2025-05-16 08:11:55.239157,40.0662609,0.444988,4.490612983703613,103.68893103523432,23.670000000000016,49.0,1011.0,,7.7,25.0,52.60040757528678,4.096277728334718,,156.2893386105211,2.7274644549095903,,,,,,,,,,,,,,,,
467,2025-05-16 08:12:00.239149,40.0662609,0.444988,4.490612983703613,103.68893103523432,23.670000000000016,49.0,1011.0,,7.6,31.0,62.65906232896714,4.406547912070556,,166.34799336420144,2.0624682735695297,,,,,,,,,,,,,,,,
468,2025-05-16 08:12:05.239111,40.0662609,0.444988,4.490612983703613,103.68893103523432,23.670000000000016,49.0,1011.0,,7.3,29.0,61.84457360296976,4.014094820035075,,165.53350463820408,2.1189631248186944,,,,,,,,,,,,,,,,
469,2025-05-16 08:12:10.239066,40.0662609,0.444988,4.490612983703613,103.68893103523432,23.670000000000016,49.0,1011.0,,7.5,27.0,57.22843528535476,4.049459590875526,,160.91736632058908,2.4307282997485617,,,,,,,,,,,,,,,,
470,2025-05-16 08:12:15.238556,40.0662609,0.444988,4.490612983703613,103.68893103523432,23.670000000000016,49.0,1011.0,,7.4,32.0,65.5259342819573,4.308528664940138,,169.21486531719162,1.8603770591606839,,,,,,,,,,,,,,,,
471,2025-05-16 08:12:20.237497,40.0662609,0.444988,4.490612983703613,103.68893103523432,23.670000000000016,49.0,1011.0,,7.0,27.0,61.20901435963604,3.6261947609331044,,164.89794539487036,2.1627501582868223,,,,,,,,,,,,,,,,
472,2025-05-16 08:12:25.237198,40.0662609,0.444988,4.490612983703613,103.68893103523432,23.670000000000016,49.0,1011.0,,7.7,26.0,54.24866684242683,4.159219551071411,,157.93759787766115,2.6237239328897304,,,,,,,,,,,,,,,,
473,2025-05-16 08:12:30.237546,40.0662609,0.444988,4.490612983703613,103.68893103523432,23.670000000000016,49.0,1011.0,,8.1,23.0,46.8633982859935,4.337139842857364,,150.55232932122783,3.070412066370584,,,,,,,,,,,,,,,,
474,2025-05-16 08:12:35.238805,40.0662609,0.444988,4.490612983703613,103.68893103523432,23.670000000000016,49.0,1011.0,,8.1,26.0,51.84577093142787,4.515550719771114,,155.5347019666622,2.7742127464174584,,,,,,,,,,,,,,,,
475,2025-05-16 08:12:40.239140,40.0662609,0.444988,4.490612983703613,103.68893103523432,23.670000000000016,49.0,1011.0,,7.3,21.0,48.3772983257915,3.499616915439897,,152.06622936102582,2.9827659684196104,,,,,,,,,,,,,,,,
476,2025-05-16 08:12:45.238363,40.0662609,0.444988,4.490612983703613,103.68893103523432,23.670000000000016,49.0,1011.0,,7.8,22.0,46.82559372426377,4.0066286104503135,,150.5145247594981,3.0725735527738722,,,,,,,,,,,,,,,,
477,2025-05-16 08:12:50.238791,40.0662609,0.444988,4.490612983703613,103.68893103523432,23.670000000000016,49.0,1011.0,,8.0,22.0,45.67697861778995,4.188988336083047,,149.36590965302426,3.1376038367455097,,,,,,,,,,,,,,,,
478,2025-05-16 08:12:55.238773,40.0662609,0.444988,4.490612983703613,103.68893103523432,23.670000000000016,49.0,1011.0,,7.8,27.0,55.22082929780476,4.311313453981609,,158.9097603330391,2.561513047921835,,,,,,,,,,,,,,,,
479,2025-05-16 08:13:00.238084,40.0662609,0.444988,4.490612983703613,103.68893103523432,23.670000000000016,49.0,1011.0,,7.0,26.0,59.59153355489802,3.5580469324610977,,163.28046459013234,2.2729741012450173,,,,,,,,,,,,,,,,
480,2025-05-16 08:13:05.237111,40.0662609,0.444988,4.490612983703613,103.68893103523432,23.670000000000016,49.0,1011.0,,7.3,23.0,51.99273668369335,3.6200264765415673,,155.68166771892766,2.7651459829731317,,,,,,,,,,,,,,,,
481,2025-05-16 08:13:10.237390,40.0662609,0.444988,4.490612983703613,103.68893103523432,23.670000000000016,49.0,1011.0,,7.2,20.0,47.26479960065195,3.352692089304853,,150.95373063588627,3.0473795744753236,,,,,,,,,,,,,,,,
482,2025-05-16 08:13:15.236733,40.0662609,0.444988,4.490612983703613,103.68893103523432,23.670000000000016,49.0,1011.0,,7.6,18.0,40.62749293879403,3.606804474417918,,144.31642397402834,3.408190919176328,,,,,,,,,,,,,,,,
483,2025-05-16 08:13:20.236871,40.0662609,0.444988,4.490612983703613,103.68893103523432,23.670000000000016,49.0,1011.0,,7.2,22.0,50.98733136516667,3.471227657298867,,154.676262400401,2.826805891070122,,,,,,,,,,,,,,,,
484,2025-05-16 08:13:25.237011,40.0662609,0.444988,4.490612983703613,103.68893103523432,23.670000000000016,49.0,1011.0,,7.1,23.0,53.604529944649435,3.4464538455421447,,157.29346097988375,2.664528780052642,,,,,,,,,,,,,,,,
485,2025-05-16 08:13:30.238405,40.0662609,0.444988,4.490612983703613,103.68893103523432,23.670000000000016,49.0,1011.0,,7.0,23.0,54.47251393469932,3.3607693046008653,,158.16144496993365,2.6094657386678626,,,,,,,,,,,,,,,,
486,2025-05-16 08:13:35.237419,40.0662609,0.444988,4.490612983703613,103.68893103523432,23.670000000000016,49.0,1011.0,,7.5,18.0,41.2546941578482,3.5147124867822845,,144.9436251930825,3.375979010387717,,,,,,,,,,,,,,,,
487,2025-05-16 08:13:40.237249,40.0662609,0.444988,4.490612983703613,103.68893103523432,23.670000000000016,49.0,1011.0,,7.6,23.0,49.847826514055434,3.885152900849144,,153.53675754928975,2.8956366122293913,,,,,,,,,,,,,,,,
488,2025-05-16 08:13:45.242482,40.0662609,0.444988,4.490612983703613,103.68893103523432,23.670000000000016,49.0,1011.0,,7.8,21.0,45.04056911530483,3.9503126674066156,,148.72950015053914,3.173093748649707,,,,,,,,,,,,,,,,
489,2025-05-16 08:13:50.237553,40.0662609,0.444988,4.490612983703613,103.68893103523432,23.670000000000016,49.0,1011.0,,7.9,20.0,42.65251328166441,3.9878352534500454,,146.34144431689873,3.302739876120051,,,,,,,,,,,,,,,,
490,2025-05-16 08:13:55.237272,40.0662609,0.444988,4.490612983703613,103.68893103523432,23.670000000000016,49.0,1011.0,,7.3,22.0,50.20713788691142,3.5590303001909085,,153.89606892214573,2.874055097510435,,,,,,,,,,,,,,,,
491,2025-05-16 08:14:00.237657,40.0662609,0.444988,4.490612983703613,103.68893103523432,23.670000000000016,49.0,1011.0,,7.1,21.0,49.9631190581639,3.3232902233565174,,153.6520500933982,2.888724100440347,,,,,,,,,,,,,,,,
492,2025-05-16 08:14:05.237826,40.0662609,0.444988,4.490612983703613,103.68893103523432,23.670000000000016,49.0,1011.0,,6.9,24.0,57.13951682546854,3.341073701964626,,160.82844786070285,2.4365852119722713,,,,,,,,,,,,,,,,
493,2025-05-16 08:14:10.236550,40.0662609,0.444988,4.490612983703613,103.68893103523432,23.670000000000016,49.0,1011.0,,7.3,22.0,50.20713788691142,3.5590303001909085,,153.89606892214573,2.874055097510435,,,,,,,,,,,,,,,,
494,2025-05-16 08:14:15.238046,40.0662609,0.444988,4.490612983703613,103.68893103523432,23.670000000000016,49.0,1011.0,,7.3,20.0,46.5021895766283,3.4418868472059034,,150.19112061186263,3.091009511090798,,,,,,,,,,,,,,,,
495,2025-05-16 08:14:20.237415,40.0662609,0.444988,4.490612983703613,103.68893103523432,23.670000000000016,49.0,1011.0,,7.2,20.0,47.26479960065195,3.352692089304853,,150.95373063588627,3.0473795744753236,,,,,,,,,,,,,,,,
496,2025-05-16 08:14:25.238220,40.0662609,0.444988,4.490612983703613,103.68893103523432,23.670000000000016,49.0,1011.0,,7.1,20.0,48.068943786813804,3.264123683686889,,151.7578748220481,3.0007888037593777,,,,,,,,,,,,,,,,
497,2025-05-16 08:14:30.238122,40.0662609,0.444988,4.490612983703613,103.68893103523432,23.670000000000016,49.0,1011.0,,7.1,18.0,44.127399660498064,3.151168871544663,,147.81633069573238,3.223332452450023,,,,,,,,,,,,,,,,
498,2025-05-16 08:14:35.238398,40.0662609,0.444988,4.490612983703613,103.68893103523432,23.670000000000016,49.0,1011.0,,7.3,19.0,44.58090645162249,3.385944223903665,,148.2698374868568,3.198483984215536,,,,,,,,,,,,,,,,
499,2025-05-16 08:14:40.237735,40.0662609,0.444988,4.490612983703613,103.68893103523432,23.670000000000016,49.0,1011.0,,7.3,19.0,44.58090645162249,3.385944223903665,,148.2698374868568,3.198483984215536,,,,,,,,,,,,,,,,
500,2025-05-16 08:14:45.237288,40.0662609,0.444988,4.490612983703613,103.68893103523432,23.670000000000016,49.0,1011.0,,7.3,19.0,44.58090645162249,3.385944223903665,,148.2698374868568,3.198483984215536,,,,,,,,,,,,,,,,
501,2025-05-16 08:14:50.237393,40.0662609,0.444988,4.490612983703613,103.68893103523432,23.670000000000016,49.0,1011.0,,7.1,23.0,53.604529944649435,3.4464538455421447,,157.29346097988375,2.664528780052642,,,,,,,,,,,,,,,,
502,2025-05-16 08:14:55.236676,40.0662609,0.444988,4.490612983703613,103.68893103523432,23.670000000000016,49.0,1011.0,,7.0,18.0,44.95152019993955,3.061703872854828,,148.64045123517388,3.1780285151144976,,,,,,,,,,,,,,,,
503,2025-05-16 08:15:00.237910,40.0662609,0.444988,4.490612983703613,103.68893103523432,23.670000000000016,49.0,1011.0,,7.7,19.0,41.941598426729435,3.750713517965775,,145.63052946196376,3.3402368664950624,,,,,,,,,,,,,,,,
504,2025-05-16 08:15:05.239148,40.0662609,0.444988,4.490612983703613,103.68893103523432,23.670000000000016,49.0,1011.0,,7.9,20.0,42.65251328166441,3.9878352534500454,,146.34144431689873,3.302739876120051,,,,,,,,,,,,,,,,
505,2025-05-16 08:15:10.238802,40.0662609,0.444988,4.490612983703613,103.68893103523432,23.670000000000016,49.0,1011.0,,7.5,18.0,41.2546941578482,3.5147124867822845,,144.9436251930825,3.375979010387717,,,,,,,,,,,,,,,,
506,2025-05-16 08:15:15.236516,40.0662609,0.444988,4.490612983703613,103.68893103523432,23.670000000000016,49.0,1011.0,,7.4,23.0,51.24372385213715,3.7078114139700804,,154.93265488737148,2.811163678724512,,,,,,,,,,,,,,,,
507,2025-05-16 08:15:20.236775,40.0662609,0.444988,4.490612983703613,103.68893103523432,23.670000000000016,49.0,1011.0,,7.4,24.0,52.98133240502035,3.769667676157447,,156.67026344025467,2.703686689791229,,,,,,,,,,,,,,,,
508,2025-05-16 08:15:25.237778,40.0662609,0.444988,4.490612983703613,103.68893103523432,23.670000000000016,49.0,1011.0,,7.1,21.0,49.9631190581639,3.3232902233565174,,153.6520500933982,2.888724100440347,,,,,,,,,,,,,,,,
509,2025-05-16 08:15:30.238818,40.0662609,0.444988,4.490612983703613,103.68893103523432,23.670000000000016,49.0,1011.0,,7.4,16.0,37.8725379042252,3.3225174239042663,,141.56146893945953,3.544792997769364,,,,,,,,,,,,,,,,
510,2025-05-16 08:15:35.238784,40.0662609,0.444988,4.490612983703613,103.68893103523432,23.670000000000016,49.0,1011.0,,7.5,17.0,39.2726621164774,3.464056389095107,,142.96159315171172,3.476373600554088,,,,,,,,,,,,,,,,
511,2025-05-16 08:15:40.238834,40.0662609,0.444988,4.490612983703613,103.68893103523432,23.670000000000016,49.0,1011.0,,7.7,22.0,47.43989260751677,3.916094686444469,,151.1288236427511,3.037285783683675,,,,,,,,,,,,,,,,
512,2025-05-16 08:15:45.237408,40.0662609,0.444988,4.490612983703613,103.68893103523432,23.670000000000016,49.0,1011.0,,7.7,22.0,47.43989260751677,3.916094686444469,,151.1288236427511,3.037285783683675,,,,,,,,,,,,,,,,
513,2025-05-16 08:15:50.237532,40.0662609,0.444988,4.490612983703613,103.68893103523432,23.670000000000016,49.0,1011.0,,7.5,27.0,57.22843528535476,4.049459590875526,,160.91736632058908,2.4307282997485617,,,,,,,,,,,,,,,,
514,2025-05-16 08:15:55.239200,40.0662609,0.444988,4.490612983703613,103.68893103523432,23.670000000000016,49.0,1011.0,,7.0,19.0,46.96187969606035,3.118043149563221,,150.65081073129465,3.064775089904011,,,,,,,,,,,,,,,,
515,2025-05-16 08:16:00.239202,40.0662609,0.444988,4.490612983703613,103.68893103523432,23.670000000000016,49.0,1011.0,,7.5,22.0,48.75741090669094,3.7364752288002383,,152.44634194192525,2.9604301568270204,,,,,,,,,,,,,,,,
516,2025-05-16 08:16:05.237497,40.0662609,0.444988,4.490612983703613,103.68893103523432,23.670000000000016,49.0,1011.0,,7.2,21.0,49.1497159343912,3.4111271204317557,,152.83864696962553,2.9372412829210477,,,,,,,,,,,,,,,,
517,2025-05-16 08:16:10.237304,40.0662609,0.444988,4.490612983703613,103.68893103523432,23.670000000000016,49.0,1011.0,,7.8,19.0,41.360441818557966,3.8430014696155594,,145.04937285379228,3.370508044291316,,,,,,,,,,,,,,,,
518,2025-05-16 08:16:15.237157,40.0662609,0.444988,4.490612983703613,103.68893103523432,23.670000000000016,49.0,1011.0,,7.5,19.0,43.19379030275401,3.567384909232377,,146.88272133798833,3.273849126782314,,,,,,,,,,,,,,,,
519,2025-05-16 08:16:20.238616,40.0662609,0.444988,4.490612983703613,103.68893103523432,23.670000000000016,49.0,1011.0,,7.6,21.0,46.279412525911766,3.7685420953065027,,149.96834356114607,3.1036518784849676,,,,,,,,,,,,,,,,
520,2025-05-16 08:16:25.239160,40.0662609,0.444988,4.490612983703613,103.68893103523432,23.670000000000016,49.0,1011.0,,7.3,17.0,40.59698156356202,3.2798543394841,,144.28591259879633,3.409747541696934,,,,,,,,,,,,,,,,
521,2025-05-16 08:16:30.239142,40.0662609,0.444988,4.490612983703613,103.68893103523432,23.670000000000016,49.0,1011.0,,7.6,19.0,42.55200916121841,3.6588308914508527,,146.24094019645273,3.308071930151223,,,,,,,,,,,,,,,,
522,2025-05-16 08:16:35.238621,40.0662609,0.444988,4.490612983703613,103.68893103523432,23.670000000000016,49.0,1011.0,,7.6,20.0,44.435858156126706,3.7127762575751837,,148.12478919136103,3.206453316867612,,,,,,,,,,,,,,,,
523,2025-05-16 08:16:40.237018,40.0662609,0.444988,4.490612983703613,103.68893103523432,23.670000000000016,49.0,1011.0,,7.9,18.0,38.92519948942292,3.8854269356783124,,142.61413052465724,3.493548200432,,,,,,,,,,,,,,,,
524,2025-05-16 08:16:45.238750,40.0662609,0.444988,4.490612983703613,103.68893103523432,23.670000000000016,49.0,1011.0,,7.8,20.0,43.21896103728232,3.89573987650322,,146.90789207251663,3.272498505226385,,,,,,,,,,,,,,,,
525,2025-05-16 08:16:50.238772,40.0662609,0.444988,4.490612983703613,103.68893103523432,23.670000000000016,49.0,1011.0,,7.5,21.0,46.9445919747198,3.6783663766690102,,150.6335230099541,3.065765277303276,,,,,,,,,,,,,,,,
526,2025-05-16 08:16:55.238801,40.0662609,0.444988,4.490612983703613,103.68893103523432,23.670000000000016,49.0,1011.0,,7.3,20.0,46.5021895766283,3.4418868472059034,,150.19112061186263,3.091009511090798,,,,,,,,,,,,,,,,
527,2025-05-16 08:17:00.238779,40.0662609,0.444988,4.490612983703613,103.68893103523432,23.670000000000016,49.0,1011.0,,7.3,19.0,44.58090645162249,3.385944223903665,,148.2698374868568,3.198483984215536,,,,,,,,,,,,,,,,
528,2025-05-16 08:17:05.237193,40.0662609,0.444988,4.490612983703613,103.68893103523432,23.670000000000016,49.0,1011.0,,7.5,20.0,45.09026187625918,3.621970004780869,,148.7791929114935,3.1703366240949373,,,,,,,,,,,,,,,,
529,2025-05-16 08:17:10.238780,40.0662609,0.444988,4.490612983703613,103.68893103523432,23.670000000000016,49.0,1011.0,,7.2,20.0,47.26479960065195,3.352692089304853,,150.95373063588627,3.0473795744753236,,,,,,,,,,,,,,,,
530,2025-05-16 08:17:15.238810,40.0662609,0.444988,4.490612983703613,103.68893103523432,23.670000000000016,49.0,1011.0,,7.1,16.0,39.97517604786455,3.0461639128021294,,143.66410708309888,3.441259408074473,,,,,,,,,,,,,,,,
531,2025-05-16 08:17:20.238789,40.0662609,0.444988,4.490612983703613,103.68893103523432,23.670000000000016,49.0,1011.0,,7.4,18.0,41.9155631759695,3.4230643015879063,,145.60449421120381,3.3416003618709027,,,,,,,,,,,,,,,,
532,2025-05-16 08:17:25.236832,40.0662609,0.444988,4.490612983703613,103.68893103523432,23.670000000000016,49.0,1011.0,,7.2,16.0,39.233182618365596,3.1377991862377783,,142.92211365359992,3.4783314676696326,,,,,,,,,,,,,,,,
533,2025-05-16 08:17:30.238605,40.0662609,0.444988,4.490612983703613,103.68893103523432,23.670000000000016,49.0,1011.0,,7.3,18.0,42.612694785162304,3.331896541141049,,146.30162582039662,3.3048535868077753,,,,,,,,,,,,,,,,
534,2025-05-16 08:17:35.238820,40.0662609,0.444988,4.490612983703613,103.68893103523432,23.670000000000016,49.0,1011.0,,7.0,16.0,40.76305375628383,2.955071138595735,,144.45198479151816,3.401263227453737,,,,,,,,,,,,,,,,
535,2025-05-16 08:17:40.238755,40.0662609,0.444988,4.490612983703613,103.68893103523432,23.670000000000016,49.0,1011.0,,7.1,17.0,42.07799955526173,3.0976123562567874,,145.76693059049603,3.3330821203707157,,,,,,,,,,,,,,,,
536,2025-05-16 08:17:45.238561,40.0662609,0.444988,4.490612983703613,103.68893103523432,23.670000000000016,49.0,1011.0,,7.6,19.0,42.55200916121841,3.6588308914508527,,146.24094019645273,3.308071930151223,,,,,,,,,,,,,,,,
537,2025-05-16 08:17:50.238108,40.0662609,0.444988,4.490612983703613,103.68893103523432,23.670000000000016,49.0,1011.0,,7.1,24.0,55.35459875724401,3.510245268445252,,159.04352979247832,2.5528947146602756,,,,,,,,,,,,,,,,
538,2025-05-16 08:17:55.239105,40.0662609,0.444988,4.490612983703613,103.68893103523432,23.670000000000016,49.0,1011.0,,7.1,16.0,39.97517604786455,3.0461639128021294,,143.66410708309888,3.441259408074473,,,,,,,,,,,,,,,,
539,2025-05-16 08:18:00.238560,40.0662609,0.444988,4.490612983703613,103.68893103523432,23.670000000000016,49.0,1011.0,,7.4,18.0,41.9155631759695,3.4230643015879063,,145.60449421120381,3.3416003618709027,,,,,,,,,,,,,,,,
540,2025-05-16 08:18:05.239154,40.0662609,0.444988,4.490612983703613,103.68893103523432,23.670000000000016,49.0,1011.0,,7.2,18.0,43.3489333671934,3.2412497449178272,,147.03786440242772,3.2655143521190353,,,,,,,,,,,,,,,,
541,2025-05-16 08:18:10.238322,40.0662609,0.444988,4.490612983703613,103.68893103523432,23.670000000000016,49.0,1011.0,,7.2,17.0,41.3163286556599,3.188467249154946,,145.0052596908942,3.3727916818589274,,,,,,,,,,,,,,,,
542,2025-05-16 08:18:15.237275,40.0662609,0.444988,4.490612983703613,103.68893103523432,23.670000000000016,49.0,1011.0,,7.6,22.0,48.083188824542624,3.8260321959333004,,151.77211985977695,2.999958114659121,,,,,,,,,,,,,,,,
543,2025-05-16 08:18:20.238608,40.0662609,0.444988,4.490612983703613,103.68893103523432,23.670000000000016,49.0,1011.0,,7.1,24.0,55.35459875724401,3.510245268445252,,159.04352979247832,2.5528947146602756,,,,,,,,,,,,,,,,
544,2025-05-16 08:18:25.238183,40.0662609,0.444988,4.490612983703613,103.68893103523432,23.670000000000016,49.0,1011.0,,7.6,17.0,38.66210297432582,3.5567974016142117,,142.35103400956012,3.506467259442802,,,,,,,,,,,,,,,,
545,2025-05-16 08:18:30.237570,40.0662609,0.444988,4.490612983703613,103.68893103523432,23.670000000000016,49.0,1011.0,,7.6,17.0,38.66210297432582,3.5567974016142117,,142.35103400956012,3.506467259442802,,,,,,,,,,,,,,,,
546,2025-05-16 08:18:35.239182,40.0662609,0.444988,4.490612983703613,103.68893103523432,23.670000000000016,49.0,1011.0,,7.6,22.0,48.083188824542624,3.8260321959333004,,151.77211985977695,2.999958114659121,,,,,,,,,,,,,,,,
547,2025-05-16 08:18:40.238798,40.0662609,0.444988,4.490612983703613,103.68893103523432,23.670000000000016,49.0,1011.0,,7.3,22.0,50.20713788691142,3.5590303001909085,,153.89606892214573,2.874055097510435,,,,,,,,,,,,,,,,
548,2025-05-16 08:18:45.238780,40.0662609,0.444988,4.490612983703613,103.68893103523432,23.670000000000016,49.0,1011.0,,7.3,22.0,50.20713788691142,3.5590303001909085,,153.89606892214573,2.874055097510435,,,,,,,,,,,,,,,,
549,2025-05-16 08:18:50.238803,40.0662609,0.444988,4.490612983703613,103.68893103523432,23.670000000000016,49.0,1011.0,,7.2,24.0,54.52551694706231,3.596018079207002,,158.21444798229663,2.6060838115616693,,,,,,,,,,,,,,,,
550,2025-05-16 08:18:55.238799,40.0662609,0.444988,4.490612983703613,103.68893103523432,23.670000000000016,49.0,1011.0,,7.1,21.0,49.9631190581639,3.3232902233565174,,153.6520500933982,2.888724100440347,,,,,,,,,,,,,,,,
551,2025-05-16 08:19:00.238796,40.0662609,0.444988,4.490612983703613,103.68893103523432,23.670000000000016,49.0,1011.0,,7.4,22.0,49.4646429649066,3.6474610219380548,,153.1535740001409,2.918526475811745,,,,,,,,,,,,,,,,
552,2025-05-16 08:19:05.237180,40.0662609,0.444988,4.490612983703613,103.68893103523432,23.670000000000016,49.0,1011.0,,7.2,23.0,52.77883692163036,3.5328908701171473,,156.4677679568647,2.716341635794571,,,,,,,,,,,,,,,,
553,2025-05-16 08:19:10.237618,40.0662609,0.444988,4.490612983703613,103.68893103523432,23.670000000000016,49.0,1011.0,,7.0,23.0,54.47251393469932,3.3607693046008653,,158.16144496993365,2.6094657386678626,,,,,,,,,,,,,,,,
554,2025-05-16 08:19:15.239529,40.0662609,0.444988,4.490612983703613,103.68893103523432,23.670000000000016,49.0,1011.0,,7.3,25.0,55.43579297732468,3.7463840219883773,,159.124724012559,2.5476568443524528,,,,,,,,,,,,,,,,
555,2025-05-16 08:19:20.239140,40.0662609,0.444988,4.490612983703613,103.68893103523432,23.670000000000016,49.0,1011.0,,6.9,25.0,58.844896322328985,3.4075350699249727,,162.5338273575633,2.3232482502626985,,,,,,,,,,,,,,,,
556,2025-05-16 08:19:25.237722,40.0662609,0.444988,4.490612983703613,103.68893103523432,23.670000000000016,49.0,1011.0,,6.8,26.0,61.4602764701177,3.3932510162365594,,165.14920750535202,2.1454708923289134,,,,,,,,,,,,,,,,
557,2025-05-16 08:19:30.237405,40.0662609,0.444988,4.490612983703613,103.68893103523432,23.670000000000016,49.0,1011.0,,6.6,26.0,63.51734300026712,3.2324305011531274,,167.20627403550145,2.0024851394622747,,,,,,,,,,,,,,,,
558,2025-05-16 08:19:35.236798,40.0662609,0.444988,4.490612983703613,103.68893103523432,23.670000000000016,49.0,1011.0,,6.5,25.0,62.98821660997946,3.083374331041783,,166.67714764521378,2.039518464988923,,,,,,,,,,,,,,,,
559,2025-05-16 08:19:40.238540,40.0662609,0.444988,4.490612983703613,103.68893103523432,23.670000000000016,49.0,1011.0,,6.8,22.0,54.541045717579834,3.1273504014221,,158.22997675281414,2.605092555331851,,,,,,,,,,,,,,,,
560,2025-05-16 08:19:45.238435,40.0662609,0.444988,4.490612983703613,103.68893103523432,23.670000000000016,49.0,1011.0,,6.9,21.0,51.72511766810473,3.1497932094791516,,155.41404870333906,2.7816425718641367,,,,,,,,,,,,,,,,
561,2025-05-16 08:19:50.238242,40.0662609,0.444988,4.490612983703613,103.68893103523432,23.670000000000016,49.0,1011.0,,7.2,20.0,47.26479960065195,3.352692089304853,,150.95373063588627,3.0473795744753236,,,,,,,,,,,,,,,,
562,2025-05-16 08:19:55.237783,40.0662609,0.444988,4.490612983703613,103.68893103523432,23.670000000000016,49.0,1011.0,,7.3,21.0,48.3772983257915,3.499616915439897,,152.06622936102582,2.9827659684196104,,,,,,,,,,,,,,,,
563,2025-05-16 08:20:00.239348,40.0662609,0.444988,4.490612983703613,103.68893103523432,23.670000000000016,49.0,1011.0,,7.2,24.0,54.52551694706231,3.596018079207002,,158.21444798229663,2.6060838115616693,,,,,,,,,,,,,,,,
564,2025-05-16 08:20:05.239210,40.0662609,0.444988,4.490612983703613,103.68893103523432,23.670000000000016,49.0,1011.0,,7.1,25.0,57.059583934130096,3.57538029396723,,160.7485149693644,2.4418452511982447,,,,,,,,,,,,,,,,
565,2025-05-16 08:20:10.237560,40.0662609,0.444988,4.490612983703613,103.68893103523432,23.670000000000016,49.0,1011.0,,7.4,23.0,51.24372385213715,3.7078114139700804,,154.93265488737148,2.811163678724512,,,,,,,,,,,,,,,,
566,2025-05-16 08:20:15.238818,40.0662609,0.444988,4.490612983703613,103.68893103523432,23.670000000000016,49.0,1011.0,,7.0,25.0,57.93078201398405,3.4910341948524213,,161.61971304921838,2.3842612749983916,,,,,,,,,,,,,,,,
567,2025-05-16 08:20:20.237330,40.0662609,0.444988,4.490612983703613,103.68893103523432,23.670000000000016,49.0,1011.0,,7.1,23.0,53.604529944649435,3.4464538455421447,,157.29346097988375,2.664528780052642,,,,,,,,,,,,,,,,
568,2025-05-16 08:20:25.238819,40.0662609,0.444988,4.490612983703613,103.68893103523432,23.670000000000016,49.0,1011.0,,7.6,23.0,49.847826514055434,3.885152900849144,,153.53675754928975,2.8956366122293913,,,,,,,,,,,,,,,,
569,2025-05-16 08:20:30.238804,40.0662609,0.444988,4.490612983703613,103.68893103523432,23.670000000000016,49.0,1011.0,,7.2,24.0,54.52551694706231,3.596018079207002,,158.21444798229663,2.6060838115616693,,,,,,,,,,,,,,,,
570,2025-05-16 08:20:35.239163,40.0662609,0.444988,4.490612983703613,103.68893103523432,23.670000000000016,49.0,1011.0,,7.3,26.0,57.09570930421935,3.8115634909055234,,160.78464033945366,2.4394685841859927,,,,,,,,,,,,,,,,
571,2025-05-16 08:20:40.238791,40.0662609,0.444988,4.490612983703613,103.68893103523432,23.670000000000016,49.0,1011.0,,7.0,24.0,56.22501956813324,3.4252441757195853,,159.91395060336757,2.496478570567705,,,,,,,,,,,,,,,,
572,2025-05-16 08:20:45.239130,40.0662609,0.444988,4.490612983703613,103.68893103523432,23.670000000000016,49.0,1011.0,,6.8,24.0,58.10102217629426,3.2577982289605156,,161.78995321152857,2.3729440320353308,,,,,,,,,,,,,,,,
573,2025-05-16 08:20:50.239,40.0662609,0.444988,4.490612983703613,103.68893103523432,23.670000000000016,49.0,1011.0,,7.0,26.0,59.59153355489802,3.5580469324610977,,163.28046459013234,2.2729741012450173,,,,,,,,,,,,,,,,
574,2025-05-16 08:20:55.237241,40.0662609,0.444988,4.490612983703613,103.68893103523432,23.670000000000016,49.0,1011.0,,7.1,27.0,60.34056155980483,3.709320065861358,,164.02949259503916,2.2221511472295497,,,,,,,,,,,,,,,,
575,2025-05-16 08:21:00.238797,40.0662609,0.444988,4.490612983703613,103.68893103523432,23.670000000000016,49.0,1011.0,,7.0,26.0,59.59153355489802,3.5580469324610977,,163.28046459013234,2.2729741012450173,,,,,,,,,,,,,,,,
576,2025-05-16 08:21:05.238805,40.0662609,0.444988,4.490612983703613,103.68893103523432,23.670000000000016,49.0,1011.0,,6.7,25.0,60.813051253815956,3.2433387518185604,,164.50198228905026,2.1898959465118537,,,,,,,,,,,,,,,,
577,2025-05-16 08:21:10.239145,40.0662609,0.444988,4.490612983703613,103.68893103523432,23.670000000000016,49.0,1011.0,,6.8,24.0,58.10102217629426,3.2577982289605156,,161.78995321152857,2.3729440320353308,,,,,,,,,,,,,,,,
578,2025-05-16 08:21:15.237285,40.0662609,0.444988,4.490612983703613,103.68893103523432,23.670000000000016,49.0,1011.0,,6.9,23.0,55.385692716360964,3.275896293847308,,159.07462375159528,2.5508894365703347,,,,,,,,,,,,,,,,
579,2025-05-16 08:21:20.238753,40.0662609,0.444988,4.490612983703613,103.68893103523432,23.670000000000016,49.0,1011.0,,6.8,25.0,59.804676563122214,3.3249467297850472,,163.49360759835653,2.25855111303621,,,,,,,,,,,,,,,,
580,2025-05-16 08:21:25.236841,40.0662609,0.444988,4.490612983703613,103.68893103523432,23.670000000000016,49.0,1011.0,,7.1,26.0,58.72104505542047,3.6417675283848796,,162.4099760906548,2.33154974437996,,,,,,,,,,,,,,,,
581,2025-05-16 08:21:30.238975,40.0662609,0.444988,4.490612983703613,103.68893103523432,23.670000000000016,49.0,1011.0,,7.1,28.0,61.91971683714581,3.7779553785894495,,165.60864787238012,2.1137687700724954,,,,,,,,,,,,,,,,
582,2025-05-16 08:21:35.239128,40.0662609,0.444988,4.490612983703613,103.68893103523432,23.670000000000016,49.0,1011.0,,6.9,30.0,66.71180281856044,3.7560102555205934,,170.40073385379475,1.7753921160644082,,,,,,,,,,,,,,,,
583,2025-05-16 08:21:40.237474,40.0662609,0.444988,4.490612983703613,103.68893103523432,23.670000000000016,49.0,1011.0,,6.8,26.0,61.4602764701177,3.3932510162365594,,165.14920750535202,2.1454708923289134,,,,,,,,,,,,,,,,
584,2025-05-16 08:21:45.239119,40.0662609,0.444988,4.490612983703613,103.68893103523432,23.670000000000016,49.0,1011.0,,7.0,25.0,57.93078201398405,3.4910341948524213,,161.61971304921838,2.3842612749983916,,,,,,,,,,,,,,,,
585,2025-05-16 08:21:50.239147,40.0662609,0.444988,4.490612983703613,103.68893103523432,23.670000000000016,49.0,1011.0,,7.1,23.0,53.604529944649435,3.4464538455421447,,157.29346097988375,2.664528780052642,,,,,,,,,,,,,,,,
586,2025-05-16 08:21:55.238793,40.0662609,0.444988,4.490612983703613,103.68893103523432,23.670000000000016,49.0,1011.0,,7.0,24.0,56.22501956813324,3.4252441757195853,,159.91395060336757,2.496478570567705,,,,,,,,,,,,,,,,
587,2025-05-16 08:22:00.238811,40.0662609,0.444988,4.490612983703613,103.68893103523432,23.670000000000016,49.0,1011.0,,7.1,28.0,61.91971683714581,3.7779553785894495,,165.60864787238012,2.1137687700724954,,,,,,,,,,,,,,,,
588,2025-05-16 08:22:05.238796,40.0662609,0.444988,4.490612983703613,103.68893103523432,23.670000000000016,49.0,1011.0,,7.2,24.0,54.52551694706231,3.596018079207002,,158.21444798229663,2.6060838115616693,,,,,,,,,,,,,,,,
589,2025-05-16 08:22:10.239217,40.0662609,0.444988,4.490612983703613,103.68893103523432,23.670000000000016,49.0,1011.0,,7.4,27.0,57.956255756612826,3.963376852048108,,161.64518679184715,2.38256916567021,,,,,,,,,,,,,,,,
590,2025-05-16 08:22:15.237330,40.0662609,0.444988,4.490612983703613,103.68893103523432,23.670000000000016,49.0,1011.0,,6.9,26.0,60.5037517045137,3.475187076459789,,164.19268273974802,2.2110277052846325,,,,,,,,,,,,,,,,
591,2025-05-16 08:22:20.237523,40.0662609,0.444988,4.490612983703613,103.68893103523432,23.670000000000016,49.0,1011.0,,6.8,22.0,54.541045717579834,3.1273504014221,,158.22997675281414,2.605092555331851,,,,,,,,,,,,,,,,
592,2025-05-16 08:22:25.239139,40.0662609,0.444988,4.490612983703613,103.68893103523432,23.670000000000016,49.0,1011.0,,7.1,25.0,57.059583934130096,3.57538029396723,,160.7485149693644,2.4418452511982447,,,,,,,,,,,,,,,,
593,2025-05-16 08:22:30.239165,40.0662609,0.444988,4.490612983703613,103.68893103523432,23.670000000000016,49.0,1011.0,,7.4,24.0,52.98133240502035,3.769667676157447,,156.67026344025467,2.703686689791229,,,,,,,,,,,,,,,,
594,2025-05-16 08:22:35.239127,40.0662609,0.444988,4.490612983703613,103.68893103523432,23.670000000000016,49.0,1011.0,,7.1,25.0,57.059583934130096,3.57538029396723,,160.7485149693644,2.4418452511982447,,,,,,,,,,,,,,,,
595,2025-05-16 08:22:40.239158,40.0662609,0.444988,4.490612983703613,103.68893103523432,23.670000000000016,49.0,1011.0,,6.7,22.0,55.55372715862804,3.0435251443670643,,159.24265819386235,2.5400397553497682,,,,,,,,,,,,,,,,
596,2025-05-16 08:22:45.237520,40.0662609,0.444988,4.490612983703613,103.68893103523432,23.670000000000016,49.0,1011.0,,6.9,24.0,57.13951682546854,3.341073701964626,,160.82844786070285,2.4365852119722713,,,,,,,,,,,,,,,,
597,2025-05-16 08:22:50.238853,40.0662609,0.444988,4.490612983703613,103.68893103523432,23.670000000000016,49.0,1011.0,,7.2,26.0,57.88986237441204,3.7262908485518422,,161.57879340964635,2.38697840098885,,,,,,,,,,,,,,,,
598,2025-05-16 08:22:55.238770,40.0662609,0.444988,4.490612983703613,103.68893103523432,23.670000000000016,49.0,1011.0,,7.0,27.0,61.20901435963604,3.6261947609331044,,164.89794539487036,2.1627501582868223,,,,,,,,,,,,,,,,
599,2025-05-16 08:23:00.238380,40.0662609,0.444988,4.490612983703613,103.68893103523432,23.670000000000016,49.0,1011.0,,6.8,28.0,64.63567905245849,3.5329778370754377,,168.3246100876928,1.92365523648147,,,,,,,,,,,,,,,,
600,2025-05-16 08:23:05.238778,40.0662609,0.444988,4.490612983703613,103.68893103523432,23.670000000000016,49.0,1011.0,,6.9,26.0,60.5037517045137,3.475187076459789,,164.19268273974802,2.2110277052846325,,,,,,,,,,,,,,,,
601,2025-05-16 08:23:10.238642,40.0662609,0.444988,4.490612983703613,103.68893103523432,23.670000000000016,49.0,1011.0,,6.9,28.0,63.68952367995039,3.6137151537416194,,167.37845471518472,1.9903973066770504,,,,,,,,,,,,,,,,
602,2025-05-16 08:23:15.239087,40.0662609,0.444988,4.490612983703613,103.68893103523432,23.670000000000016,49.0,1011.0,,6.8,28.0,64.63567905245849,3.5329778370754377,,168.3246100876928,1.92365523648147,,,,,,,,,,,,,,,,
603,2025-05-16 08:23:20.239082,40.0662609,0.444988,4.490612983703613,103.68893103523432,23.670000000000016,49.0,1011.0,,6.5,27.0,66.20958129567087,3.2249734743565885,,169.8985123309052,1.811478639001826,,,,,,,,,,,,,,,,
604,2025-05-16 08:23:25.237995,40.0662609,0.444988,4.490612983703613,103.68893103523432,23.670000000000016,49.0,1011.0,,6.6,26.0,63.51734300026712,3.2324305011531274,,167.20627403550145,2.0024851394622747,,,,,,,,,,,,,,,,
605,2025-05-16 08:23:30.237504,40.0662609,0.444988,4.490612983703613,103.68893103523432,23.670000000000016,49.0,1011.0,,6.4,27.0,67.36018611458378,3.1481243627786677,,171.0491171498181,1.7286019821443024,,,,,,,,,,,,,,,,
606,2025-05-16 08:23:35.237573,40.0662609,0.444988,4.490612983703613,103.68893103523432,23.670000000000016,49.0,1011.0,,6.3,27.0,68.567855735708,3.0726080284894093,,172.2567867709423,1.6408658117729917,,,,,,,,,,,,,,,,
607,2025-05-16 08:23:40.239081,40.0662609,0.444988,4.490612983703613,103.68893103523432,23.670000000000016,49.0,1011.0,,6.5,25.0,62.98821660997946,3.083374331041783,,166.67714764521378,2.039518464988923,,,,,,,,,,,,,,,,
608,2025-05-16 08:23:45.238529,40.0662609,0.444988,4.490612983703613,103.68893103523432,23.670000000000016,49.0,1011.0,,6.7,31.0,70.05227423746085,3.6709993733183524,,173.74120527269517,1.5320294949439317,,,,,,,,,,,,,,,,
609,2025-05-16 08:23:50.239087,40.0662609,0.444988,4.490612983703613,103.68893103523432,23.670000000000016,49.0,1011.0,,6.3,27.0,68.567855735708,3.0726080284894093,,172.2567867709423,1.6408658117729917,,,,,,,,,,,,,,,,
610,2025-05-16 08:23:55.239204,40.0662609,0.444988,4.490612983703613,103.68893103523432,23.670000000000016,49.0,1011.0,,6.8,26.0,61.4602764701177,3.3932510162365594,,165.14920750535202,2.1454708923289134,,,,,,,,,,,,,,,,
611,2025-05-16 08:24:00.237294,40.0662609,0.444988,4.490612983703613,103.68893103523432,23.670000000000016,49.0,1011.0,,6.9,28.0,63.68952367995039,3.6137151537416194,,167.37845471518472,1.9903973066770504,,,,,,,,,,,,,,,,
612,2025-05-16 08:24:05.239114,40.0662609,0.444988,4.490612983703613,103.68893103523432,23.670000000000016,49.0,1011.0,,6.8,29.0,66.15955514386366,3.604238593228206,,169.84848617909796,1.8150656310960356,,,,,,,,,,,,,,,,
613,2025-05-16 08:24:10.238618,40.0662609,0.444988,4.490612983703613,103.68893103523432,23.670000000000016,49.0,1011.0,,6.6,23.0,58.428778098441526,3.0268259209819046,,162.11770913367585,2.351096535813903,,,,,,,,,,,,,,,,
614,2025-05-16 08:24:15.237633,40.0662609,0.444988,4.490612983703613,103.68893103523432,23.670000000000016,49.0,1011.0,,6.8,25.0,59.804676563122214,3.3249467297850472,,163.49360759835653,2.25855111303621,,,,,,,,,,,,,,,,
615,2025-05-16 08:24:20.239138,40.0662609,0.444988,4.490612983703613,103.68893103523432,23.670000000000016,49.0,1011.0,,6.8,23.0,56.347188303647464,3.191899550007436,,160.03611933888178,2.488513821372896,,,,,,,,,,,,,,,,
616,2025-05-16 08:24:25.237750,40.0662609,0.444988,4.490612983703613,103.68893103523432,23.670000000000016,49.0,1011.0,,6.9,25.0,58.844896322328985,3.4075350699249727,,162.5338273575633,2.3232482502626985,,,,,,,,,,,,,,,,
617,2025-05-16 08:24:30.239117,40.0662609,0.444988,4.490612983703613,103.68893103523432,23.670000000000016,49.0,1011.0,,6.8,25.0,59.804676563122214,3.3249467297850472,,163.49360759835653,2.25855111303621,,,,,,,,,,,,,,,,
618,2025-05-16 08:24:35.237435,40.0662609,0.444988,4.490612983703613,103.68893103523432,23.670000000000016,49.0,1011.0,,7.1,26.0,58.72104505542047,3.6417675283848796,,162.4099760906548,2.33154974437996,,,,,,,,,,,,,,,,
619,2025-05-16 08:24:40.239358,40.0662609,0.444988,4.490612983703613,103.68893103523432,23.670000000000016,49.0,1011.0,,6.9,28.0,63.68952367995039,3.6137151537416194,,167.37845471518472,1.9903973066770504,,,,,,,,,,,,,,,,
620,2025-05-16 08:24:45.238802,40.0662609,0.444988,4.490612983703613,103.68893103523432,23.670000000000016,49.0,1011.0,,6.5,29.0,69.24191483928313,3.3700271518973812,,172.93084587451744,1.5915764981340428,,,,,,,,,,,,,,,,
621,2025-05-16 08:24:50.238995,40.0662609,0.444988,4.490612983703613,103.68893103523432,23.670000000000016,49.0,1011.0,,6.3,30.0,72.96182517014351,3.2946008781820226,,176.65075620537783,1.315789135717546,,,,,,,,,,,,,,,,
622,2025-05-16 08:24:55.238500,40.0662609,0.444988,4.490612983703613,103.68893103523432,23.670000000000016,49.0,1011.0,,6.4,23.0,60.747027575990714,2.8662043846380265,,164.43595861122503,2.1944121506992476,,,,,,,,,,,,,,,,
623,2025-05-16 08:25:00.237266,40.0662609,0.444988,4.490612983703613,103.68893103523432,23.670000000000016,49.0,1011.0,,6.6,25.0,61.873132223572775,3.1627870244750382,,165.5620632588071,2.116989409147385,,,,,,,,,,,,,,,,
624,2025-05-16 08:25:05.238089,40.0662609,0.444988,4.490612983703613,103.68893103523432,23.670000000000016,49.0,1011.0,,6.5,24.0,61.29998763658628,3.01407975285895,,164.9889186718206,2.156498722647869,,,,,,,,,,,,,,,,
625,2025-05-16 08:25:10.236703,40.0662609,0.444988,4.490612983703613,103.68893103523432,23.670000000000016,49.0,1011.0,,6.8,27.0,63.069923223875755,3.4626225076743,,166.75885425911008,2.03381113140744,,,,,,,,,,,,,,,,
626,2025-05-16 08:25:15.237588,40.0662609,0.444988,4.490612983703613,103.68893103523432,23.670000000000016,49.0,1011.0,,6.6,27.0,65.11295507966393,3.3030623392673997,,168.80188611489825,1.8897878591469193,,,,,,,,,,,,,,,,
627,2025-05-16 08:25:20.237760,40.0662609,0.444988,4.490612983703613,103.68893103523432,23.670000000000016,49.0,1011.0,,6.4,28.0,68.88562736435561,3.2208559633743272,,172.57455839958993,1.6176572334007089,,,,,,,,,,,,,,,,
628,2025-05-16 08:25:25.236669,40.0662609,0.444988,4.490612983703613,103.68893103523432,23.670000000000016,49.0,1011.0,,6.2,22.0,61.5594917134954,2.641338516735887,,165.24842274872972,2.1386364903657813,,,,,,,,,,,,,,,,
629,2025-05-16 08:25:30.236749,40.0662609,0.444988,4.490612983703613,103.68893103523432,23.670000000000016,49.0,1011.0,,6.7,25.0,60.813051253815956,3.2433387518185604,,164.50198228905026,2.1898959465118537,,,,,,,,,,,,,,,,
630,2025-05-16 08:25:35.237230,40.0662609,0.444988,4.490612983703613,103.68893103523432,23.670000000000016,49.0,1011.0,,6.4,28.0,68.88562736435561,3.2208559633743272,,172.57455839958993,1.6176572334007089,,,,,,,,,,,,,,,,
631,2025-05-16 08:25:40.237182,40.0662609,0.444988,4.490612983703613,103.68893103523432,23.670000000000016,49.0,1011.0,,6.4,26.0,65.7865218723351,3.076208938024153,,169.47545290756943,1.8417691757132353,,,,,,,,,,,,,,,,
632,2025-05-16 08:25:45.237195,40.0662609,0.444988,4.490612983703613,103.68893103523432,23.670000000000016,49.0,1011.0,,6.2,26.0,68.2940694266332,2.9253232156420426,,171.9830004618675,1.6608214543030582,,,,,,,,,,,,,,,,
633,2025-05-16 08:25:50.237049,40.0662609,0.444988,4.490612983703613,103.68893103523432,23.670000000000016,49.0,1011.0,,6.4,28.0,68.88562736435561,3.2208559633743272,,172.57455839958993,1.6176572334007089,,,,,,,,,,,,,,,,
634,2025-05-16 08:25:55.237359,40.0662609,0.444988,4.490612983703613,103.68893103523432,23.670000000000016,49.0,1011.0,,6.4,29.0,70.36555448773446,3.2943282664394906,,174.05448552296878,1.508926175452971,,,,,,,,,,,,,,,,
635,2025-05-16 08:26:00.237003,40.0662609,0.444988,4.490612983703613,103.68893103523432,23.670000000000016,49.0,1011.0,,6.3,30.0,72.96182517014351,3.2946008781820226,,176.65075620537783,1.315789135717546,,,,,,,,,,,,,,,,
636,2025-05-16 08:26:05.236753,40.0662609,0.444988,4.490612983703613,103.68893103523432,23.670000000000016,49.0,1011.0,,6.1,33.0,79.34125535216715,3.3806266702380268,,183.03018638740147,0.8305794893750378,,,,,,,,,,,,,,,,
637,2025-05-16 08:26:10.237246,40.0662609,0.444988,4.490612983703613,103.68893103523432,23.670000000000016,49.0,1011.0,,5.8,31.0,80.85358938282198,3.025691374947895,,184.5425204180563,0.7138181325966918,,,,,,,,,,,,,,,,
638,2025-05-16 08:26:15.237190,40.0662609,0.444988,4.490612983703613,103.68893103523432,23.670000000000016,49.0,1011.0,,5.7,30.0,81.11111206172681,2.884645013421865,,184.80004309696113,0.693884023598479,,,,,,,,,,,,,,,,
639,2025-05-16 08:26:20.238737,40.0662609,0.444988,4.490612983703613,103.68893103523432,23.670000000000016,49.0,1011.0,,5.7,31.0,82.33227649781003,2.9622035072529873,,186.02120753304433,0.5991731161480021,,,,,,,,,,,,,,,,
640,2025-05-16 08:26:25.238522,40.0662609,0.444988,4.490612983703613,103.68893103523432,23.670000000000016,49.0,1011.0,,5.7,30.0,81.11111206172681,2.884645013421865,,184.80004309696113,0.693884023598479,,,,,,,,,,,,,,,,
641,2025-05-16 08:26:30.237476,40.0662609,0.444988,4.490612983703613,103.68893103523432,23.670000000000016,49.0,1011.0,,5.8,30.0,79.59837998230522,2.9484538098754944,,183.28731101753954,0.8107665016846758,,,,,,,,,,,,,,,,
642,2025-05-16 08:26:35.237554,40.0662609,0.444988,4.490612983703613,103.68893103523432,23.670000000000016,49.0,1011.0,,5.8,29.0,78.30262417121506,2.871531483769956,,181.9915552064494,0.9104378617931473,,,,,,,,,,,,,,,,
643,2025-05-16 08:26:40.237248,40.0662609,0.444988,4.490612983703613,103.68893103523432,23.670000000000016,49.0,1011.0,,5.9,31.0,79.43658025746994,3.091110961205739,,183.12551129270426,0.8232360662525452,,,,,,,,,,,,,,,,
644,2025-05-16 08:26:45.236610,40.0662609,0.444988,4.490612983703613,103.68893103523432,23.670000000000016,49.0,1011.0,,5.6,29.0,81.46887742392919,2.7453095467279045,,185.1578084591635,0.666167231960542,,,,,,,,,,,,,,,,
645,2025-05-16 08:26:50.237273,40.0662609,0.444988,4.490612983703613,103.68893103523432,23.670000000000016,49.0,1011.0,,6.1,27.0,71.1672658642723,2.925984668991199,,174.8561968995066,1.449598973863679,,,,,,,,,,,,,,,,
646,2025-05-16 08:26:55.237772,40.0662609,0.444988,4.490612983703613,103.68893103523432,23.670000000000016,49.0,1011.0,,6.0,31.0,78.079097114833,3.158342231699796,,181.76802815006732,0.9275862063403854,,,,,,,,,,,,,,,,
647,2025-05-16 08:27:00.239145,40.0662609,0.444988,4.490612983703613,103.68893103523432,23.670000000000016,49.0,1011.0,,5.7,31.0,82.33227649781003,2.9622035072529873,,186.02120753304433,0.5991731161480021,,,,,,,,,,,,,,,,
648,2025-05-16 08:27:05.238544,40.0662609,0.444988,4.490612983703613,103.68893103523432,23.670000000000016,49.0,1011.0,,5.7,28.0,78.54621826238595,2.7303625090809778,,182.23514929762027,0.8917342630148798,,,,,,,,,,,,,,,,
649,2025-05-16 08:27:10.238762,40.0662609,0.444988,4.490612983703613,103.68893103523432,23.670000000000016,49.0,1011.0,,5.8,32.0,82.07113746328568,3.103197993861722,,185.76006849852,0.6194508454004287,,,,,,,,,,,,,,,,
650,2025-05-16 08:27:15.239071,40.0662609,0.444988,4.490612983703613,103.68893103523432,23.670000000000016,49.0,1011.0,,5.6,30.0,82.69112168755949,2.8229370942247263,,186.3800527227938,0.5712881805338985,,,,,,,,,,,,,,,,
651,2025-05-16 08:27:20.238763,40.0662609,0.444988,4.490612983703613,103.68893103523432,23.670000000000016,49.0,1011.0,,5.9,28.0,75.45274932146634,2.861623500956426,,179.14168035670065,1.1279446732263758,,,,,,,,,,,,,,,,
652,2025-05-16 08:27:25.236841,40.0662609,0.444988,4.490612983703613,103.68893103523432,23.670000000000016,49.0,1011.0,,5.7,30.0,81.11111206172681,2.884645013421865,,184.80004309696113,0.693884023598479,,,,,,,,,,,,,,,,
653,2025-05-16 08:27:30.237267,40.0662609,0.444988,4.490612983703613,103.68893103523432,23.670000000000016,49.0,1011.0,,5.7,32.0,83.51658913702231,3.0399817347129656,,187.20552017225663,0.5070599681572049,,,,,,,,,,,,,,,,
654,2025-05-16 08:27:35.238588,40.0662609,0.444988,4.490612983703613,103.68893103523432,23.670000000000016,49.0,1011.0,,5.7,30.0,81.11111206172681,2.884645013421865,,184.80004309696113,0.693884023598479,,,,,,,,,,,,,,,,
655,2025-05-16 08:27:40.237249,40.0662609,0.444988,4.490612983703613,103.68893103523432,23.670000000000016,49.0,1011.0,,5.6,28.0,80.20466954604547,2.6679345224123097,,183.89360058127977,0.7639843445309147,,,,,,,,,,,,,,,,
656,2025-05-16 08:27:45.238385,40.0662609,0.444988,4.490612983703613,103.68893103523432,23.670000000000016,49.0,1011.0,,5.8,26.0,74.13904085926389,2.6431846108744534,,177.8279718944982,1.2273017398664707,,,,,,,,,,,,,,,,
657,2025-05-16 08:27:50.238399,40.0662609,0.444988,4.490612983703613,103.68893103523432,23.670000000000016,49.0,1011.0,,5.8,30.0,79.59837998230522,2.9484538098754944,,183.28731101753954,0.8107665016846758,,,,,,,,,,,,,,,,
658,2025-05-16 08:27:55.237626,40.0662609,0.444988,4.490612983703613,103.68893103523432,23.670000000000016,49.0,1011.0,,5.8,32.0,82.07113746328568,3.103197993861722,,185.76006849852,0.6194508454004287,,,,,,,,,,,,,,,,
659,2025-05-16 08:28:00.239015,40.0662609,0.444988,4.490612983703613,103.68893103523432,23.670000000000016,49.0,1011.0,,5.7,29.0,79.85016564375364,2.807349067148354,,183.53909667898796,0.7913490876086702,,,,,,,,,,,,,,,,
660,2025-05-16 08:28:05.237104,40.0662609,0.444988,4.490612983703613,103.68893103523432,23.670000000000016,49.0,1011.0,,5.8,29.0,78.30262417121506,2.871531483769956,,181.9915552064494,0.9104378617931473,,,,,,,,,,,,,,,,
661,2025-05-16 08:28:10.239115,40.0662609,0.444988,4.490612983703613,103.68893103523432,23.670000000000016,49.0,1011.0,,5.8,35.0,85.5231341266018,3.336924515651204,,189.2120651618361,0.3505218347712584,,,,,,,,,,,,,,,,
662,2025-05-16 08:28:15.238572,40.0662609,0.444988,4.490612983703613,103.68893103523432,23.670000000000016,49.0,1011.0,,6.1,32.0,78.07820685869237,3.3037681992331587,,181.7671378939267,0.9276544761449886,,,,,,,,,,,,,,,,
663,2025-05-16 08:28:20.238595,40.0662609,0.444988,4.490612983703613,103.68893103523432,23.670000000000016,49.0,1011.0,,6.1,35.0,81.76747846260855,3.535246574105846,,185.45640949784286,0.643014086226123,,,,,,,,,,,,,,,,
664,2025-05-16 08:28:25.237420,40.0662609,0.444988,4.490612983703613,103.68893103523432,23.670000000000016,49.0,1011.0,,6.0,31.0,78.079097114833,3.158342231699796,,181.76802815006732,0.9275862063403854,,,,,,,,,,,,,,,,
665,2025-05-16 08:28:30.237074,40.0662609,0.444988,4.490612983703613,103.68893103523432,23.670000000000016,49.0,1011.0,,5.9,31.0,79.43658025746994,3.091110961205739,,183.12551129270426,0.8232360662525452,,,,,,,,,,,,,,,,
666,2025-05-16 08:28:35.239147,40.0662609,0.444988,4.490612983703613,103.68893103523432,23.670000000000016,49.0,1011.0,,6.0,31.0,78.079097114833,3.158342231699796,,181.76802815006732,0.9275862063403854,,,,,,,,,,,,,,,,
667,2025-05-16 08:28:40.238815,40.0662609,0.444988,4.490612983703613,103.68893103523432,23.670000000000016,49.0,1011.0,,5.7,30.0,81.11111206172681,2.884645013421865,,184.80004309696113,0.693884023598479,,,,,,,,,,,,,,,,
668,2025-05-16 08:28:45.238779,40.0662609,0.444988,4.490612983703613,103.68893103523432,23.670000000000016,49.0,1011.0,,6.3,35.0,79.49514973680881,3.6751286259725,,183.18408077204313,0.8187229925262259,,,,,,,,,,,,,,,,
669,2025-05-16 08:28:50.237616,40.0662609,0.444988,4.490612983703613,103.68893103523432,23.670000000000016,49.0,1011.0,,6.3,36.0,80.70306097901918,3.7523364734918316,,184.3919920142535,0.7254634623996041,,,,,,,,,,,,,,,,
670,2025-05-16 08:28:55.237342,40.0662609,0.444988,4.490612983703613,103.68893103523432,23.670000000000016,49.0,1011.0,,6.0,37.0,85.2317480822756,3.6234305680426524,,188.9206791175099,0.3732851918048386,,,,,,,,,,,,,,,,
671,2025-05-16 08:29:00.236761,40.0662609,0.444988,4.490612983703613,103.68893103523432,23.670000000000016,49.0,1011.0,,6.2,33.0,78.13982250313953,3.4504213793725955,,181.82875353837386,0.922928917238383,,,,,,,,,,,,,,,,
672,2025-05-16 08:29:05.238655,40.0662609,0.444988,4.490612983703613,103.68893103523432,23.670000000000016,49.0,1011.0,,5.7,33.0,84.66671977276249,3.117940447907447,,188.35565080799682,0.4173977080996031,,,,,,,,,,,,,,,,
673,2025-05-16 08:29:10.236505,40.0662609,0.444988,4.490612983703613,103.68893103523432,23.670000000000016,49.0,1011.0,,5.6,34.0,87.22112852132493,3.1351669543609546,,190.91005955655925,0.21771140400939817,,,,,,,,,,,,,,,,
674,2025-05-16 08:29:15.237494,40.0662609,0.444988,4.490612983703613,103.68893103523432,23.670000000000016,49.0,1011.0,,5.5,31.0,85.48254979702156,2.841536954234017,,189.1714808322559,0.3536928783065658,,,,,,,,,,,,,,,,
675,2025-05-16 08:29:20.237439,40.0662609,0.444988,4.490612983703613,103.68893103523432,23.670000000000016,49.0,1011.0,,5.8,32.0,82.07113746328568,3.103197993861722,,185.76006849852,0.6194508454004287,,,,,,,,,,,,,,,,
676,2025-05-16 08:29:25.236409,40.0662609,0.444988,4.490612983703613,103.68893103523432,23.670000000000016,49.0,1011.0,,6.0,32.0,79.35394873106767,3.235202539648074,,183.042879766302,0.8296017779818993,,,,,,,,,,,,,,,,
677,2025-05-16 08:29:30.236870,40.0662609,0.444988,4.490612983703613,103.68893103523432,23.670000000000016,49.0,1011.0,,5.8,31.0,80.85358938282198,3.025691374947895,,184.5425204180563,0.7138181325966918,,,,,,,,,,,,,,,,
678,2025-05-16 08:29:35.238696,40.0662609,0.444988,4.490612983703613,103.68893103523432,23.670000000000016,49.0,1011.0,,5.7,32.0,83.51658913702231,3.0399817347129656,,187.20552017225663,0.5070599681572049,,,,,,,,,,,,,,,,
679,2025-05-16 08:29:40.238498,40.0662609,0.444988,4.490612983703613,103.68893103523432,23.670000000000016,49.0,1011.0,,5.9,34.0,83.07506351536699,3.323483067406944,,186.7639945506013,0.541428263400146,,,,,,,,,,,,,,,,
680,2025-05-16 08:29:45.239395,40.0662609,0.444988,4.490612983703613,103.68893103523432,23.670000000000016,49.0,1011.0,,5.7,31.0,82.33227649781003,2.9622035072529873,,186.02120753304433,0.5991731161480021,,,,,,,,,,,,,,,,
681,2025-05-16 08:29:50.237589,40.0662609,0.444988,4.490612983703613,103.68893103523432,23.670000000000016,49.0,1011.0,,6.1,31.0,76.77889724488124,3.2272719641503147,,180.46782828011555,1.0270455625742758,,,,,,,,,,,,,,,,
682,2025-05-16 08:29:55.237068,40.0662609,0.444988,4.490612983703613,103.68893103523432,23.670000000000016,49.0,1011.0,,6.1,31.0,76.77889724488124,3.2272719641503147,,180.46782828011555,1.0270455625742758,,,,,,,,,,,,,,,,
683,2025-05-16 08:30:00.238623,40.0662609,0.444988,4.490612983703613,103.68893103523432,23.670000000000016,49.0,1011.0,,5.9,33.0,81.89627670469197,3.245781055479709,,185.5852077399263,0.6330218058830583,,,,,,,,,,,,,,,,
684,2025-05-16 08:30:05.237703,40.0662609,0.444988,4.490612983703613,103.68893103523432,23.670000000000016,49.0,1011.0,,5.9,33.0,81.89627670469197,3.245781055479709,,185.5852077399263,0.6330218058830583,,,,,,,,,,,,,,,,
685,2025-05-16 08:30:10.239171,40.0662609,0.444988,4.490612983703613,103.68893103523432,23.670000000000016,49.0,1011.0,,6.5,35.0,77.39248571058086,3.8203628748010203,,181.08141674581518,0.980171619930827,,,,,,,,,,,,,,,,
686,2025-05-16 08:30:15.238796,40.0662609,0.444988,4.490612983703613,103.68893103523432,23.670000000000016,49.0,1011.0,,6.5,36.0,78.63417816196839,3.8970291406026605,,182.3231091972027,0.8849765627900238,,,,,,,,,,,,,,,,
687,2025-05-16 08:30:20.237371,40.0662609,0.444988,4.490612983703613,103.68893103523432,23.670000000000016,49.0,1011.0,,6.2,38.0,84.09116848442703,3.8374898805725506,,187.78009951966135,0.4622900069467333,,,,,,,,,,,,,,,,
688,2025-05-16 08:30:25.238344,40.0662609,0.444988,4.490612983703613,103.68893103523432,23.670000000000016,49.0,1011.0,,5.7,36.0,87.93533287105518,3.3525524116812155,,191.6242639062895,0.1617852943541318,,,,,,,,,,,,,,,,
689,2025-05-16 08:30:30.236699,40.0662609,0.444988,4.490612983703613,103.68893103523432,23.670000000000016,49.0,1011.0,,5.7,34.0,85.78510346441733,3.196043562634619,,189.47403449965165,0.3300487829701616,,,,,,,,,,,,,,,,
690,2025-05-16 08:30:35.237523,40.0662609,0.444988,4.490612983703613,103.68893103523432,23.670000000000016,49.0,1011.0,,6.0,34.0,81.79787734413325,3.3898321967144494,,185.48680837936757,0.6406560054684196,,,,,,,,,,,,,,,,
691,2025-05-16 08:30:40.236741,40.0662609,0.444988,4.490612983703613,103.68893103523432,23.670000000000016,49.0,1011.0,,5.9,34.0,83.07506351536699,3.323483067406944,,186.7639945506013,0.541428263400146,,,,,,,,,,,,,,,,
692,2025-05-16 08:30:45.237657,40.0662609,0.444988,4.490612983703613,103.68893103523432,23.670000000000016,49.0,1011.0,,6.2,30.0,74.1737712946026,3.2221408924825226,,177.8627023298369,1.2246831164331649,,,,,,,,,,,,,,,,
693,2025-05-16 08:30:50.237040,40.0662609,0.444988,4.490612983703613,103.68893103523432,23.670000000000016,49.0,1011.0,,5.9,31.0,79.43658025746994,3.091110961205739,,183.12551129270426,0.8232360662525452,,,,,,,,,,,,,,,,
694,2025-05-16 08:30:55.239137,40.0662609,0.444988,4.490612983703613,103.68893103523432,23.670000000000016,49.0,1011.0,,6.0,33.0,80.5927647226377,3.312380665294647,,184.281695757872,0.7339931381863358,,,,,,,,,,,,,,,,
695,2025-05-16 08:31:00.239121,40.0662609,0.444988,4.490612983703613,103.68893103523432,23.670000000000016,49.0,1011.0,,5.7,36.0,87.93533287105518,3.3525524116812155,,191.6242639062895,0.1617852943541318,,,,,,,,,,,,,,,,
696,2025-05-16 08:31:05.237606,40.0662609,0.444988,4.490612983703613,103.68893103523432,23.670000000000016,49.0,1011.0,,5.9,36.0,85.3415002668396,3.47942736459302,,189.0304313020739,0.3647123476323329,,,,,,,,,,,,,,,,
697,2025-05-16 08:31:10.238536,40.0662609,0.444988,4.490612983703613,103.68893103523432,23.670000000000016,49.0,1011.0,,5.7,31.0,82.33227649781003,2.9622035072529873,,186.02120753304433,0.5991731161480021,,,,,,,,,,,,,,,,
698,2025-05-16 08:31:15.238540,40.0662609,0.444988,4.490612983703613,103.68893103523432,23.670000000000016,49.0,1011.0,,5.7,31.0,82.33227649781003,2.9622035072529873,,186.02120753304433,0.5991731161480021,,,,,,,,,,,,,,,,
699,2025-05-16 08:31:20.237063,40.0662609,0.444988,4.490612983703613,103.68893103523432,23.670000000000016,49.0,1011.0,,5.8,32.0,82.07113746328568,3.103197993861722,,185.76006849852,0.6194508454004287,,,,,,,,,,,,,,,,
700,2025-05-16 08:31:25.236702,40.0662609,0.444988,4.490612983703613,103.68893103523432,23.670000000000016,49.0,1011.0,,5.8,36.0,86.61432775447034,3.415115112155684,,190.30325878970467,0.2652009876432873,,,,,,,,,,,,,,,,
701,2025-05-16 08:31:30.239133,40.0662609,0.444988,4.490612983703613,103.68893103523432,23.670000000000016,49.0,1011.0,,5.9,32.0,80.68424349130068,3.1683097435109437,,184.373174526535,0.726918889354205,,,,,,,,,,,,,,,,
702,2025-05-16 08:31:35.239173,40.0662609,0.444988,4.490612983703613,103.68893103523432,23.670000000000016,49.0,1011.0,,5.5,30.0,84.34043120359027,2.763470792760484,,188.0293622388246,0.44285327975319455,,,,,,,,,,,,,,,,
703,2025-05-16 08:31:40.237695,40.0662609,0.444988,4.490612983703613,103.68893103523432,23.670000000000016,49.0,1011.0,,5.9,34.0,83.07506351536699,3.323483067406944,,186.7639945506013,0.541428263400146,,,,,,,,,,,,,,,,
704,2025-05-16 08:31:45.238559,40.0662609,0.444988,4.490612983703613,103.68893103523432,23.670000000000016,49.0,1011.0,,5.7,34.0,85.78510346441733,3.196043562634619,,189.47403449965165,0.3300487829701616,,,,,,,,,,,,,,,,
705,2025-05-16 08:31:50.239135,40.0662609,0.444988,4.490612983703613,103.68893103523432,23.670000000000016,49.0,1011.0,,6.0,36.0,84.11545130367662,3.5453939614213996,,187.80438233891095,0.4603968874026617,,,,,,,,,,,,,,,,
706,2025-05-16 08:31:55.239196,40.0662609,0.444988,4.490612983703613,103.68893103523432,23.670000000000016,49.0,1011.0,,6.0,36.0,84.11545130367662,3.5453939614213996,,187.80438233891095,0.4603968874026617,,,,,,,,,,,,,,,,
707,2025-05-16 08:32:00.237180,40.0662609,0.444988,4.490612983703613,103.68893103523432,23.670000000000016,49.0,1011.0,,6.3,36.0,80.70306097901918,3.7523364734918316,,184.3919920142535,0.7254634623996041,,,,,,,,,,,,,,,,
708,2025-05-16 08:32:05.238785,40.0662609,0.444988,4.490612983703613,103.68893103523432,23.670000000000016,49.0,1011.0,,5.7,36.0,87.93533287105518,3.3525524116812155,,191.6242639062895,0.1617852943541318,,,,,,,,,,,,,,,,
709,2025-05-16 08:32:10.238102,40.0662609,0.444988,4.490612983703613,103.68893103523432,23.670000000000016,49.0,1011.0,,5.6,39.0,92.25210429615014,3.5269184039598445,,195.94103533138446,-0.1764654373915457,,,,,,,,,,,,,,,,
710,2025-05-16 08:32:15.239061,40.0662609,0.444988,4.490612983703613,103.68893103523432,23.670000000000016,49.0,1011.0,,5.2,31.0,90.71328394643506,2.6784055383979823,,194.40221498166937,-0.055902885734692216,,,,,,,,,,,,,,,,
711,2025-05-16 08:32:20.239185,40.0662609,0.444988,4.490612983703613,103.68893103523432,23.670000000000016,49.0,1011.0,,5.8,32.0,82.07113746328568,3.103197993861722,,185.76006849852,0.6194508454004287,,,,,,,,,,,,,,,,
712,2025-05-16 08:32:25.239166,40.0662609,0.444988,4.490612983703613,103.68893103523432,23.670000000000016,49.0,1011.0,,6.2,37.0,82.95784477909488,3.759614858620474,,186.6467758143292,0.5505472370315709,,,,,,,,,,,,,,,,
713,2025-05-16 08:32:30.239190,40.0662609,0.444988,4.490612983703613,103.68893103523432,23.670000000000016,49.0,1011.0,,5.9,38.0,87.49911308248609,3.63586569833972,,191.1880441177204,0.19594723409060621,,,,,,,,,,,,,,,,
714,2025-05-16 08:32:35.238589,40.0662609,0.444988,4.490612983703613,103.68893103523432,23.670000000000016,49.0,1011.0,,6.2,35.0,80.6092695008095,3.604479071736278,,184.29820053604382,0.7327169262025023,,,,,,,,,,,,,,,,
715,2025-05-16 08:32:40.239167,40.0662609,0.444988,4.490612983703613,103.68893103523432,23.670000000000016,49.0,1011.0,,5.8,37.0,87.67904105037763,3.4933929463620252,,191.36797208561194,0.1818576914205677,,,,,,,,,,,,,,,,
716,2025-05-16 08:32:45.237362,40.0662609,0.444988,4.490612983703613,103.68893103523432,23.670000000000016,49.0,1011.0,,5.8,37.0,87.67904105037763,3.4933929463620252,,191.36797208561194,0.1818576914205677,,,,,,,,,,,,,,,,
717,2025-05-16 08:32:50.239099,40.0662609,0.444988,4.490612983703613,103.68893103523432,23.670000000000016,49.0,1011.0,,5.7,37.0,88.97107147431142,3.430898843717923,,192.66000250954573,0.08063894914604104,,,,,,,,,,,,,,,,
718,2025-05-16 08:32:55.238794,40.0662609,0.444988,4.490612983703613,103.68893103523432,23.670000000000016,49.0,1011.0,,5.5,38.0,92.64711329066122,3.389755217345186,,196.33604432589556,-0.20739630338670645,,,,,,,,,,,,,,,,
719,2025-05-16 08:33:00.238777,40.0662609,0.444988,4.490612983703613,103.68893103523432,23.670000000000016,49.0,1011.0,,6.1,40.0,87.33866408169823,3.9252380407518728,,191.02759511693256,0.20850981991825585,,,,,,,,,,,,,,,,
720,2025-05-16 08:33:05.238768,40.0662609,0.444988,4.490612983703613,103.68893103523432,23.670000000000016,49.0,1011.0,,5.7,38.0,89.98288423629563,3.509270565935483,,193.67181527152997,0.0013414647680312561,,,,,,,,,,,,,,,,
721,2025-05-16 08:33:10.239117,40.0662609,0.444988,4.490612983703613,103.68893103523432,23.670000000000016,49.0,1011.0,,5.8,42.0,92.66098762275949,3.885146801023166,,196.3499186579938,-0.20848255135190594,,,,,,,,,,,,,,,,
722,2025-05-16 08:33:15.238944,40.0662609,0.444988,4.490612983703613,103.68893103523432,23.670000000000016,49.0,1011.0,,5.6,39.0,92.25210429615014,3.5269184039598445,,195.94103533138446,-0.1764654373915457,,,,,,,,,,,,,,,,
723,2025-05-16 08:33:20.239144,40.0662609,0.444988,4.490612983703613,103.68893103523432,23.670000000000016,49.0,1011.0,,5.7,41.0,92.88978562498389,3.7442978613947364,,196.57871666021822,-0.22639377354732437,,,,,,,,,,,,,,,,
724,2025-05-16 08:33:25.237101,40.0662609,0.444988,4.490612983703613,103.68893103523432,23.670000000000016,49.0,1011.0,,5.8,41.0,91.7054674918909,3.8068286994387357,,195.39439852712522,-0.1336479516963704,,,,,,,,,,,,,,,,
725,2025-05-16 08:33:30.238601,40.0662609,0.444988,4.490612983703613,103.68893103523432,23.670000000000016,49.0,1011.0,,5.7,39.0,90.97233536066324,3.587642830500321,,194.66126639589754,-0.07620408085210333,,,,,,,,,,,,,,,,
726,2025-05-16 08:33:35.239196,40.0662609,0.444988,4.490612983703613,103.68893103523432,23.670000000000016,49.0,1011.0,,5.5,35.0,89.732595035208,3.1547047574346676,,193.42152607044233,0.020958050622641732,,,,,,,,,,,,,,,,
727,2025-05-16 08:33:40.239159,40.0662609,0.444988,4.490612983703613,103.68893103523432,23.670000000000016,49.0,1011.0,,5.3,42.0,98.8463007005872,3.5890864391320365,,202.53523173582153,-0.6905861033215678,,,,,,,,,,,,,,,,
728,2025-05-16 08:33:45.237633,40.0662609,0.444988,4.490612983703613,103.68893103523432,23.670000000000016,49.0,1011.0,,5.6,40.0,93.19229819691722,3.6052049593510893,,196.88122923215155,-0.25007007766095457,,,,,,,,,,,,,,,,
729,2025-05-16 08:33:50.238669,40.0662609,0.444988,4.490612983703613,103.68893103523432,23.670000000000016,49.0,1011.0,,5.2,39.0,97.82031106725383,3.303186767954827,,201.50924210248814,-0.6110232446678489,,,,,,,,,,,,,,,,
730,2025-05-16 08:33:55.238980,40.0662609,0.444988,4.490612983703613,103.68893103523432,23.670000000000016,49.0,1011.0,,5.3,42.0,98.8463007005872,3.5890864391320365,,202.53523173582153,-0.6905861033215678,,,,,,,,,,,,,,,,
731,2025-05-16 08:34:00.239176,40.0662609,0.444988,4.490612983703613,103.68893103523432,23.670000000000016,49.0,1011.0,,5.4,37.0,93.13477522249481,3.2546712076988755,,196.82370625772913,-0.2455685286812264,,,,,,,,,,,,,,,,
732,2025-05-16 08:34:05.239173,40.0662609,0.444988,4.490612983703613,103.68893103523432,23.670000000000016,49.0,1011.0,,5.6,40.0,93.19229819691722,3.6052049593510893,,196.88122923215155,-0.25007007766095457,,,,,,,,,,,,,,,,
733,2025-05-16 08:34:10.239147,40.0662609,0.444988,4.490612983703613,103.68893103523432,23.670000000000016,49.0,1011.0,,5.5,40.0,94.4860172987617,3.5461957959766557,,198.174948333996,-0.3512368938619058,,,,,,,,,,,,,,,,
734,2025-05-16 08:34:15.239186,40.0662609,0.444988,4.490612983703613,103.68893103523432,23.670000000000016,49.0,1011.0,,5.4,38.0,94.04935856166824,3.3328922421536213,,197.73828959690258,-0.3171083121861449,,,,,,,,,,,,,,,,
735,2025-05-16 08:34:20.239098,40.0662609,0.444988,4.490612983703613,103.68893103523432,23.670000000000016,49.0,1011.0,,5.5,41.0,95.37833075931592,3.624280608727027,,199.06726179455023,-0.4209131727901504,,,,,,,,,,,,,,,,
736,2025-05-16 08:34:25.239123,40.0662609,0.444988,4.490612983703613,103.68893103523432,23.670000000000016,49.0,1011.0,,5.8,38.0,88.71899190115336,3.5717292227508315,,192.40792293638768,0.10039190336326022,,,,,,,,,,,,,,,,
737,2025-05-16 08:34:30.236287,40.0237517,0.3707821,5.350741386413574,107.64864441409,23.670000000000016,49.0,1011.0,,5.6,42.0,95.01776031658302,3.761547020352785,,198.70669135181734,-0.3927693765018066,,,,,,,,,,,,,,,,
738,2025-05-16 08:34:35.236859,40.016436,0.3582278,5.259995460510254,-72.16950680821473,23.670000000000016,49.0,1011.0,,5.6,39.0,104.44755891040755,3.6392813679505456,,32.27805210219282,-1.3123361666701292,,,,,,,,,,,,,,,,
739,2025-05-16 08:34:40.236698,40.009729,0.3467755,7.809999942779541,148.90753590695425,23.670000000000016,49.0,1011.0,,5.6,39.0,134.45668328770324,4.937366510975376,,283.3642191946575,-5.469888355447123,,,,,,,,,,,,,,,,
740,2025-05-16 08:34:45.236976,40.0094023,0.3462351,4.876060962677002,231.02040100097656,23.670000000000016,49.0,1011.0,,5.5,42.0,102.09693337622102,3.763795465664876,,333.1173343771976,-1.0218577084319902,,,,,,,,,,,,,,,,
741,2025-05-16 08:34:50.236617,40.0094023,0.3462351,4.876060962677002,231.02040100097656,23.670000000000016,49.0,1011.0,,5.6,40.0,99.24966299755961,3.6470318312759398,,330.27006399853616,-0.7837622420863888,,,,,,,,,,,,,,,,
742,2025-05-16 08:34:55.239070,40.009148,0.3458087,5.109554767608643,176.99513158550093,23.670000000000016,49.0,1011.0,,5.7,40.0,101.46507840491483,3.7384870076879007,,278.46020999041576,-1.0156294530684908,,,,,,,,,,,,,,,,