id,Time,Latitude,Longitude,SpeedOverGround (m/s),CourseOverGround (deg),Temperature (C),Humidity (%),Pressure (hPa),Device1_MAC,Device1_WindSpeed (m/s),Device1_WindAngle (deg),Device1_TrueWindAngle (deg),Device1_TrueWindSpeed (m/s),Device1_CrossWindSpeed (m/s),Device1_TrueWindDirection (deg),Device1_VelocityMadeGood (m/s),Device2_MAC,Device2_WindSpeed (m/s),Device2_WindAngle (deg),Device2_TrueWindAngle (deg),Device2_TrueWindSpeed (m/s),Device2_CrossWindSpeed (m/s),Device2_TrueWindDirection (deg),Device2_VelocityMadeGood (m/s),Device3_MAC,Device3_WindSpeed (m/s),Device3_WindAngle (deg),Device3_TrueWindAngle (deg),Device3_TrueWindSpeed (m/s),Device3_CrossWindSpeed (m/s),Device3_TrueWindDirection (deg),Device3_VelocityMadeGood (m/s)
1,2025-05-16 08:35:16.094219,40.0085738,0.3448354,5.036430358886719,176.06242827320065,23.670000000000016,49.0,1011.0,,5.4,40.0,104.53271830298421,3.585781961084943,,280.59514657618485,-1.263805653929899,,,,,,,,,,,,,,,,
2,2025-05-16 08:35:21.093679,40.0084686,0.3446057,5.128101348876953,95.64730536308225,23.670000000000016,49.0,1011.0,,5.5,42.0,105.7914661826898,3.824562934898123,,201.43877154577206,-1.3955457485019171,,,,,,,,,,,,,,,,
3,2025-05-16 08:35:26.094103,40.0083386,0.3444277,4.9456658363342285,88.91133182248066,23.670000000000016,49.0,1011.0,,5.3,40.0,104.572151896357,3.5200074362624756,,193.48348371883765,-1.2443244900255188,,,,,,,,,,,,,,,,
4,2025-05-16 08:35:31.097052,40.008277,0.3441953,4.798409938812256,88.98032356328696,23.670000000000016,49.0,1011.0,,5.8,40.0,95.44472647177462,3.745065128333256,,184.4250500350616,-0.45529925909029034,,,,,,,,,,,,,,,,
5,2025-05-16 08:35:36.093717,40.0081027,0.3439084,4.997507095336914,88.69579837303174,23.670000000000016,49.0,1011.0,,5.3,39.0,104.75797530225525,3.4491849949096993,,193.45377367528698,-1.2730477359163723,,,,,,,,,,,,,,,,
6,2025-05-16 08:35:41.094296,40.0079746,0.3437045,5.113123893737793,88.92293631388051,23.670000000000016,49.0,1011.0,,5.5,41.0,104.93143635116213,3.734417824848166,,193.85437266504266,-1.3174627083481352,,,,,,,,,,,,,,,,
7,2025-05-16 08:35:46.094067,40.0077914,0.3433984,5.221991062164307,89.00433167821956,23.670000000000016,49.0,1011.0,,5.4,39.0,106.7905203052828,3.549661757729842,,195.79485198350235,-1.5084943268598434,,,,,,,,,,,,,,,,
8,2025-05-16 08:35:51.094427,40.0076423,0.3431761,5.0298237800598145,88.5296745120387,23.670000000000016,49.0,1011.0,,5.7,41.0,101.01604617029535,3.809735771798324,,189.54572068233404,-0.9611183488872467,,,,,,,,,,,,,,,,
9,2025-05-16 08:35:56.097159,40.0075434,0.343007,4.96948766708374,89.02118858509115,23.670000000000016,49.0,1011.0,,5.1,37.0,106.28165103937872,3.1974916157842888,,195.30283962446987,-1.3932421686933507,,,,,,,,,,,,,,,,
10,2025-05-16 08:36:01.093911,40.0073592,0.3427469,5.149632453918457,88.86940812135512,23.670000000000016,49.0,1011.0,,5.2,38.0,108.19025601633889,3.3698472668693906,,197.05966413769403,-1.607578052423535,,,,,,,,,,,,,,,,
11,2025-05-16 08:36:06.094293,40.0072607,0.3425346,4.791254997253418,88.9221440119368,23.670000000000016,49.0,1011.0,,5.4,41.0,101.4230898282692,3.6143130928792107,,190.345233840206,-0.9489193943349912,,,,,,,,,,,,,,,,
12,2025-05-16 08:36:11.093988,40.0071573,0.3422926,4.948404788970947,88.86950374400351,23.670000000000016,49.0,1011.0,,5.7,38.0,97.41555535389928,3.538868947101344,,186.28505909790277,-0.6386649870110773,,,,,,,,,,,,,,,,
13,2025-05-16 08:36:16.094101,40.0069809,0.3420438,4.651061058044434,88.81956140079237,23.670000000000016,49.0,1011.0,,5.4,40.0,98.43005370961869,3.508965460351479,,187.24961511041107,-0.6818544698809546,,,,,,,,,,,,,,,,
14,2025-05-16 08:36:21.094253,40.0068856,0.341909,5.087058067321777,88.6664490501682,23.670000000000016,49.0,1011.0,,5.7,39.0,100.38400973295992,3.6468551064360426,,189.05045878312814,-0.916914951712725,,,,,,,,,,,,,,,,
15,2025-05-16 08:36:26.094330,40.0067774,0.3416912,5.019898414611816,88.94840608929549,23.670000000000016,49.0,1011.0,,5.4,42.0,105.57150832671181,3.7509806125358756,,194.51991441600728,-1.3475457077619792,,,,,,,,,,,,,,,,
16,2025-05-16 08:36:31.094104,40.0066414,0.3414745,4.811230659484863,88.88065061272897,23.670000000000016,49.0,1011.0,,5.3,42.0,103.82263376782537,3.652158823183743,,192.70328438055435,-1.149485131263635,,,,,,,,,,,,,,,,
17,2025-05-16 08:36:36.094067,40.0064851,0.3412059,5.308394432067871,88.70423365665671,23.670000000000016,49.0,1011.0,,5.6,40.0,105.79938719214394,3.740939937079026,,194.50362084880067,-1.44531631637014,,,,,,,,,,,,,,,,
18,2025-05-16 08:36:41.097026,40.006325,0.3408803,5.042118072509766,88.86630038528277,23.670000000000016,49.0,1011.0,,5.5,40.0,103.19491576600609,3.6311985371465063,,192.06121615128887,-1.1509364453358846,,,,,,,,,,,,,,,,
19,2025-05-16 08:36:46.094181,40.0061719,0.3406095,5.535072326660156,88.91272518107135,23.670000000000016,49.0,1011.0,,5.5,42.0,111.47437815105157,3.9547517900814326,,200.38710333212293,-2.026307620962143,,,,,,,,,,,,,,,,
20,2025-05-16 08:36:51.094096,40.0060589,0.3404833,4.803276538848877,88.69036154245241,23.670000000000016,49.0,1011.0,,5.5,37.0,97.0744490720154,3.3353749736928524,,185.76481061446782,-0.591566428799984,,,,,,,,,,,,,,,,
21,2025-05-16 08:36:56.093868,40.0058838,0.340163,5.009682655334473,88.73620577216154,23.670000000000016,49.0,1011.0,,5.6,40.0,101.30858028513241,3.6708796270354402,,190.04478605729395,-0.9823636670385006,,,,,,,,,,,,,,,,
22,2025-05-16 08:37:01.094080,40.0057232,0.3399277,4.890743255615234,88.97331578919854,23.670000000000016,49.0,1011.0,,5.3,38.0,102.34752832305978,3.340271222471276,,191.32084411225833,-1.04584043729936,,,,,,,,,,,,,,,,
23,2025-05-16 08:37:06.097047,40.0055952,0.3397035,5.029717922210693,88.78790347398936,23.670000000000016,49.0,1011.0,,5.4,39.0,103.77487097183892,3.498964517604967,,192.56277444582827,-1.1976136125842538,,,,,,,,,,,,,,,,
24,2025-05-16 08:37:11.094050,40.0054891,0.3394599,5.019871711730957,88.71383690262975,23.670000000000016,49.0,1011.0,,5.4,39.0,103.61817124286856,3.496633138028009,,192.33200814549832,-1.181930585496567,,,,,,,,,,,,,,,,
25,2025-05-16 08:37:16.093862,40.0053899,0.3392328,4.9499831199646,88.83150740165073,23.670000000000016,49.0,1011.0,,5.4,39.0,102.50005271719019,3.4808406262797056,,191.3315601188409,-1.071376881949553,,,,,,,,,,,,,,,,
26,2025-05-16 08:37:21.093503,40.0052119,0.339006,5.128994464874268,88.73870562139776,23.670000000000016,49.0,1011.0,,5.4,41.0,106.56185630526004,3.6960587951991424,,195.3005619266578,-1.4620214987269318,,,,,,,,,,,,,,,,
27,2025-05-16 08:37:26.094161,40.005069,0.3387559,5.010725975036621,88.84847359154904,23.670000000000016,49.0,1011.0,,5.4,35.0,100.73681774275305,3.1525027197476194,,189.5852913343021,-0.9334882025722767,,,,,,,,,,,,,,,,
28,2025-05-16 08:37:31.093878,40.0049484,0.338465,5.198848247528076,88.7589912832327,23.670000000000016,49.0,1011.0,,5.4,34.0,103.44784558476151,3.1047681658585224,,192.2068368679942,-1.2090449372535133,,,,,,,,,,,,,,,,
29,2025-05-16 08:37:36.094327,40.0048423,0.3382876,5.070422649383545,88.80086717303405,23.670000000000016,49.0,1011.0,,5.9,35.0,94.01324599237881,3.3924195370400687,,182.81411316541286,-0.3548641511441068,,,,,,,,,,,,,,,,
30,2025-05-16 08:37:41.094142,40.0047141,0.3380783,5.268665313720703,88.9195895211872,23.670000000000016,49.0,1011.0,,5.7,35.0,100.39074465268074,3.323895518295238,,189.31033417386794,-0.9502578480244732,,,,,,,,,,,,,,,,
31,2025-05-16 08:37:46.094411,40.0045836,0.3378251,5.558415412902832,88.89327963250432,23.670000000000016,49.0,1011.0,,5.8,39.0,106.06280652247308,3.798349754253734,,194.9560861549774,-1.5379629989248618,,,,,,,,,,,,,,,,
32,2025-05-16 08:37:51.096994,40.0043888,0.3375107,5.301102638244629,88.7476941503455,23.670000000000016,49.0,1011.0,,5.8,36.0,100.12510306951093,3.4630877192645855,,188.8727972198564,-0.9319235110071165,,,,,,,,,,,,,,,,
33,2025-05-16 08:37:56.094134,40.0042459,0.3372658,5.033889293670654,88.76845109523316,23.670000000000016,49.0,1011.0,,5.6,39.0,100.95045531162464,3.5895534525841173,,189.7189064068578,-0.9562380809441001,,,,,,,,,,,,,,,,
34,2025-05-16 08:38:01.094210,40.00411,0.3370383,5.190051078796387,88.91866061546008,23.670000000000016,49.0,1011.0,,5.9,39.0,99.25287171229755,3.761939502429546,,188.17153232775763,-0.8345188720340142,,,,,,,,,,,,,,,,
35,2025-05-16 08:38:06.097110,40.0040221,0.336847,5.1330718994140625,88.82339996710591,23.670000000000016,49.0,1011.0,,6.0,40.0,97.9239071338538,3.893904553072461,,186.74730710095972,-0.7076341648698579,,,,,,,,,,,,,,,,
36,2025-05-16 08:38:11.097050,40.0038801,0.3365937,5.078561305999756,88.6941454672526,23.670000000000016,49.0,1011.0,,5.6,41.0,103.05912061376479,3.771470479702451,,191.7532660810174,-1.147533112700896,,,,,,,,,,,,,,,,
37,2025-05-16 08:38:16.093595,40.0036856,0.33633,5.145172119140625,88.80820279620264,23.670000000000016,49.0,1011.0,,5.7,40.0,101.9990284467319,3.7457293432570093,,190.80723124293453,-1.0696560955403749,,,,,,,,,,,,,,,,
38,2025-05-16 08:38:21.093816,40.0035537,0.3360656,5.01156759262085,88.79676222934287,23.670000000000016,49.0,1011.0,,5.8,40.0,98.67026349659064,3.771265181601024,,187.46702572593352,-0.7554826471980766,,,,,,,,,,,,,,,,
39,2025-05-16 08:38:26.094417,40.0034227,0.3358139,5.078066825866699,88.77371034089408,23.670000000000016,49.0,1011.0,,5.7,42.0,102.45113609421887,3.905910536373767,,191.22484643511297,-1.0948663220105375,,,,,,,,,,,,,,,,
40,2025-05-16 08:38:31.094388,40.0033154,0.3356231,4.960144519805908,88.76511113272903,23.670000000000016,49.0,1011.0,,5.6,42.0,103.74334308522985,3.8575750070698374,,192.51705342612394,-1.2064117491013766,,,,,,,,,,,,,,,,
41,2025-05-16 08:38:36.094138,40.0031781,0.3353917,5.0096211433410645,89.04452734148508,23.670000000000016,49.0,1011.0,,5.6,40.0,101.30763883114923,3.6708675654600884,,190.35216617263433,-0.9822708875160495,,,,,,,,,,,,,,,,
42,2025-05-16 08:38:41.093870,40.0030346,0.3351493,4.8010993003845215,88.80862626793119,23.670000000000016,49.0,1011.0,,5.6,37.0,95.57125378038278,3.3861595562509246,,184.37988004831396,-0.4661078398853061,,,,,,,,,,,,,,,,
43,2025-05-16 08:38:46.094418,40.0028831,0.334913,5.058712959289551,88.6853550137908,23.670000000000016,49.0,1011.0,,5.4,42.0,106.14103377864545,3.761585852317107,,194.82638879243626,-1.4063356977907338,,,,,,,,,,,,,,,,
44,2025-05-16 08:38:51.096949,40.0027722,0.3346737,4.68202018737793,89.10059636438172,23.670000000000016,49.0,1011.0,,5.4,43.0,101.25235696230948,3.754972016938812,,190.3529533266912,-0.9136057275603124,,,,,,,,,,,,,,,,
45,2025-05-16 08:38:56.097023,40.0026521,0.334451,4.620275497436523,88.80355826756703,23.670000000000016,49.0,1011.0,,5.1,38.0,100.84326749738321,3.196953636015843,,189.64682576495022,-0.8691802972114935,,,,,,,,,,,,,,,,
46,2025-05-16 08:39:01.094129,40.0024955,0.3342333,4.6202192306518555,88.62231236775158,23.670000000000016,49.0,1011.0,,5.4,41.0,98.74227320835118,3.5843618128446333,,187.36458557610274,-0.7022275662329034,,,,,,,,,,,,,,,,
47,2025-05-16 08:39:06.093832,40.0023472,0.3340172,5.005739212036133,88.935811220466,23.670000000000016,49.0,1011.0,,5.5,38.0,101.2196459809922,3.4521131849531956,,190.1554572014582,-0.9739701655719313,,,,,,,,,,,,,,,,
48,2025-05-16 08:39:11.093731,40.0022532,0.3338012,4.7573676109313965,88.93302450328463,23.670000000000016,49.0,1011.0,,5.4,37.0,97.79253200991504,3.2800910558095033,,186.72555651319965,-0.6450345200700975,,,,,,,,,,,,,,,,
49,2025-05-16 08:39:16.094005,40.0021902,0.3336254,4.541699409484863,88.68439195711782,23.670000000000016,49.0,1011.0,,5.8,40.0,91.51560528696382,3.729472861499963,,180.19999724408166,-0.12012439613510417,,,,,,,,,,,,,,,,
50,2025-05-16 08:39:21.093761,40.0020185,0.3333909,4.603273868560791,88.84180049672993,23.670000000000016,49.0,1011.0,,5.4,39.0,96.82425835069874,3.4225780907825083,,185.66605884742867,-0.5469811056411914,,,,,,,,,,,,,,,,
51,2025-05-16 08:39:26.094089,40.0018704,0.3331489,5.034966945648193,88.81624875904491,23.670000000000016,49.0,1011.0,,5.4,35.0,101.16904965362666,3.157108599027524,,189.98529841267157,-0.9752953781381382,,,,,,,,,,,,,,,,
52,2025-05-16 08:39:31.094202,40.0017414,0.3329123,4.651232719421387,88.8797558579477,23.670000000000016,49.0,1011.0,,5.7,32.0,86.539738563107,3.0260566108184666,,175.4194944210547,0.28073096382791296,,,,,,,,,,,,,,,,
53,2025-05-16 08:39:36.094340,40.001591,0.3326895,4.33825159072876,89.0635425881344,23.670000000000016,49.0,1011.0,,5.7,32.0,80.6817087521216,3.0609316293864435,,169.745251340256,0.7024447482714635,,,,,,,,,,,,,,,,
54,2025-05-16 08:39:41.093893,40.0014578,0.3324322,4.9670610427856445,88.79058090814401,23.670000000000016,49.0,1011.0,,5.8,34.0,92.80032369456379,3.2471964429168136,,181.59090460270778,-0.2426678165850038,,,,,,,,,,,,,,,,
55,2025-05-16 08:39:46.097125,40.0013518,0.3322604,4.423040866851807,88.63005780227037,23.670000000000016,49.0,1011.0,,5.5,34.0,87.45567561610065,3.0785959154473197,,176.08573341837103,0.19634871102826046,,,,,,,,,,,,,,,,
56,2025-05-16 08:39:51.093963,40.00128,0.3320766,4.828309535980225,89.05750470090811,23.670000000000016,49.0,1011.0,,5.7,34.0,91.84717987367362,3.1890567223786963,,180.90468457458172,-0.15563469705956018,,,,,,,,,,,,,,,,
57,2025-05-16 08:39:56.094084,40.0011779,0.3318937,4.630519866943359,88.65763127594971,23.670000000000016,49.0,1011.0,,5.3,33.0,93.67822996598483,2.892545338490376,,182.33586124193454,-0.2970623745307425,,,,,,,,,,,,,,,,
58,2025-05-16 08:40:01.094218,40.0010213,0.3316155,4.739748001098633,88.53642956912783,23.670000000000016,49.0,1011.0,,5.5,35.0,94.24962522377143,3.163367541759541,,182.78605479289928,-0.3512246504464511,,,,,,,,,,,,,,,,
59,2025-05-16 08:40:06.094326,40.0009143,0.3314355,4.511314868927002,88.89978197259417,23.670000000000016,49.0,1011.0,,5.7,37.0,89.31676908023128,3.430589538468002,,178.21655105282545,0.053794481650066554,,,,,,,,,,,,,,,,
60,2025-05-16 08:40:11.094083,40.0007856,0.3312294,4.749469757080078,88.82831770330833,23.670000000000016,49.0,1011.0,,5.8,34.0,88.95874894616364,3.2438544950032173,,177.78706664947197,0.08630859409564443,,,,,,,,,,,,,,,,
61,2025-05-16 08:40:16.094274,40.0006352,0.3309957,4.650226593017578,88.87230412156322,23.670000000000016,49.0,1011.0,,5.5,28.0,85.43891827962089,2.5902967444522718,,174.31122240118412,0.3697945830675844,,,,,,,,,,,,,,,,
62,2025-05-16 08:40:21.097221,40.0004924,0.3307586,4.680065155029297,88.9807470350155,23.670000000000016,49.0,1011.0,,5.5,27.0,84.9540924007681,2.5066622032065187,,173.9348394357836,0.4116300036472099,,,,,,,,,,,,,,,,
63,2025-05-16 08:40:26.094050,40.0003528,0.3304934,4.781396389007568,88.68866765553825,23.670000000000016,49.0,1011.0,,5.3,22.0,86.17681638682583,1.9898432015096073,,174.86548404236407,0.3188122068183119,,,,,,,,,,,,,,,,
64,2025-05-16 08:40:31.094130,40.0002361,0.3302552,4.615355491638184,88.94584476835674,23.670000000000016,49.0,1011.0,,5.4,26.0,84.25557267056408,2.379151678615352,,173.20141743892083,0.46195688061938084,,,,,,,,,,,,,,,,
65,2025-05-16 08:40:36.094077,40.0001198,0.330069,4.694567680358887,88.74510550865007,23.670000000000016,49.0,1011.0,,5.3,24.0,86.0930666526638,2.1607256460738875,,174.83817216131388,0.31986915586438414,,,,,,,,,,,,,,,,
66,2025-05-16 08:40:41.097300,39.9999453,0.329801,4.789796829223633,88.84557076115178,23.670000000000016,49.0,1011.0,,5.4,27.0,89.49429644945381,2.4516441915560687,,178.33986721060558,0.042275117548166354,,,,,,,,,,,,,,,,
67,2025-05-16 08:40:46.094078,39.9998369,0.3296264,4.630417346954346,88.7885796627172,23.670000000000016,49.0,1011.0,,5.3,26.0,86.71900983093023,2.3271816533636667,,175.50758949364743,0.2650117027798417,,,,,,,,,,,,,,,,
68,2025-05-16 08:40:51.094400,39.9996874,0.329379,4.445920944213867,88.84986011995055,23.670000000000016,49.0,1011.0,,5.3,24.0,79.59423477734201,2.191751280546654,,168.44409489729256,0.8030138531833394,,,,,,,,,,,,,,,,
69,2025-05-16 08:40:56.094059,39.9995644,0.3291805,4.56937313079834,88.80241079578647,23.670000000000016,49.0,1011.0,,5.2,25.0,86.2658862303388,2.2022903816592105,,175.06829702612526,0.29758706601669577,,,,,,,,,,,,,,,,
70,2025-05-16 08:41:01.094668,39.9994217,0.328927,4.839068412780762,88.73459384751742,23.670000000000016,49.0,1011.0,,5.4,26.0,89.65099644505437,2.367248109075614,,178.3855902925718,0.029475847075428756,,,,,,,,,,,,,,,,
71,2025-05-16 08:41:06.094138,39.9992914,0.3287385,4.94959020614624,89.03728734096487,23.670000000000016,49.0,1011.0,,5.6,23.0,84.64149799382493,2.197698561305908,,173.67878533478978,0.46222850135732474,,,,,,,,,,,,,,,,
72,2025-05-16 08:41:11.093839,39.9992131,0.3285607,4.580585479736328,88.85085049738021,23.670000000000016,49.0,1011.0,,5.5,21.0,74.29792333957009,2.047429836062972,,163.14877383695028,1.2396683001819189,,,,,,,,,,,,,,,,
73,2025-05-16 08:41:16.094353,39.9991003,0.3283348,4.789566993713379,88.76953026512203,23.670000000000016,49.0,1011.0,,5.6,17.0,70.93812856708315,1.7322679360427395,,159.7076588322052,1.5642198581790032,,,,,,,,,,,,,,,,
74,2025-05-16 08:41:21.094095,39.9989734,0.3281154,4.642237186431885,88.78418785108087,23.670000000000016,49.0,1011.0,,5.7,16.0,61.95543185549328,1.7801549034362623,,150.73961970657416,2.1825860237446006,,,,,,,,,,,,,,,,
75,2025-05-16 08:41:26.093996,39.9988714,0.3279451,4.639139175415039,88.93029242761662,23.670000000000016,49.0,1011.0,,5.6,19.0,70.2172766300289,1.937529075715216,,159.1475690576455,1.5701361254776613,,,,,,,,,,,,,,,,
76,2025-05-16 08:41:31.097435,39.9987426,0.327727,4.749670028686523,88.86315849826457,23.670000000000016,49.0,1011.0,,5.7,15.0,62.86387470745921,1.6577440649645765,,151.72703320572379,2.166353475626879,,,,,,,,,,,,,,,,
77,2025-05-16 08:41:36.093837,39.9986132,0.3275032,4.630539894104004,88.80674113572026,23.670000000000016,49.0,1011.0,,6.0,13.0,47.99063646894883,1.8164763228800713,,136.7973776046691,3.0989982956884083,,,,,,,,,,,,,,,,
78,2025-05-16 08:41:41.094151,39.9984715,0.3272373,4.550175189971924,88.68608584403198,23.670000000000016,49.0,1011.0,,5.9,8.0,32.42954803410775,1.5311938235527984,,121.11563387813973,3.8405821112797174,,,,,,,,,,,,,,,,
79,2025-05-16 08:41:46.097352,39.9983812,0.3270591,4.639664173126221,88.97650548754092,23.670000000000016,49.0,1011.0,,6.0,6.0,25.288706500863157,1.4681663228101491,,114.26521198840408,4.195030160342385,,,,,,,,,,,,,,,,
80,2025-05-16 08:41:51.094025,39.9982241,0.3267823,4.719870090484619,89.03533390686225,23.670000000000016,49.0,1011.0,,6.1,7.0,29.117694692165966,1.5277333397716835,,118.15302859902822,4.123382282598361,,,,,,,,,,,,,,,,
81,2025-05-16 08:41:56.094193,39.9980834,0.3265552,4.680154800415039,88.6834630513907,23.670000000000016,49.0,1011.0,,6.1,4.0,16.849478479515092,1.4680081667344727,,105.53294153090579,4.4792336189134,,,,,,,,,,,,,,,,
82,2025-05-16 08:42:01.097158,39.9979462,0.3263385,4.57033109664917,88.86858166846555,23.670000000000016,49.0,1011.0,,6.2,4.0,14.99564524542297,1.6714877012579101,,103.86422691388853,4.414690733422259,,,,,,,,,,,,,,,,
83,2025-05-16 08:42:06.094329,39.9978223,0.3261185,4.889265060424805,89.06810515449996,23.670000000000016,49.0,1011.0,,6.4,5.0,20.569692894001964,1.5875974670418018,,109.63779804850192,4.577552482064081,,,,,,,,,,,,,,,,
84,2025-05-16 08:42:11.094283,39.9977135,0.3259313,4.700688362121582,88.74323403681748,23.670000000000016,49.0,1011.0,,6.4,4.0,14.850341775868895,1.7419036259899128,,103.59357581268638,4.543678663904907,,,,,,,,,,,,,,,,
85,2025-05-16 08:42:16.094158,39.9975569,0.3256802,4.610138893127441,88.82154898584085,23.670000000000016,49.0,1011.0,,6.3,3.0,11.09582784108479,1.7132535723452438,,99.91737682692563,4.523960093572245,,,,,,,,,,,,,,,,
86,2025-05-16 08:42:21.094160,39.997439,0.325482,4.699759006500244,89.01749345275017,23.670000000000016,49.0,1011.0,,6.5,2.0,7.197601963732646,1.8105485896055837,,96.21509541648282,4.6627246521937264,,,,,,,,,,,,,,,,
87,2025-05-16 08:42:26.093892,39.997322,0.325276,4.65010404586792,88.64541206752456,23.670000000000016,49.0,1011.0,,6.5,1.0,3.5110127077368207,1.8523828100361317,,92.15642477526139,4.641376014321265,,,,,,,,,,,,,,,,
88,2025-05-16 08:42:31.094068,39.9972061,0.3250809,4.390744686126709,88.95504503316874,23.670000000000016,49.0,1011.0,,6.6,3.0,8.922203132211694,2.2271592294662135,,97.87724816538044,4.33761596661507,,,,,,,,,,,,,,,,
89,2025-05-16 08:42:36.093889,39.9970812,0.3248702,4.7681427001953125,89.05623428572248,23.670000000000016,49.0,1011.0,,6.5,3.0,11.168975096956277,1.7562115951709332,,100.22520938267876,4.677834968388911,,,,,,,,,,,,,,,,
90,2025-05-16 08:42:41.093518,39.9969456,0.3246264,4.690403938293457,88.65140897361583,23.670000000000016,49.0,1011.0,,6.5,2.0,7.160699015751407,1.8198303168365428,,95.81210798936723,4.653820841661812,,,,,,,,,,,,,,,,
91,2025-05-16 08:42:46.094243,39.9968035,0.3243861,4.550487041473389,89.00644903686226,23.670000000000016,49.0,1011.0,,6.4,3.0,10.312974232461832,1.8709683651283775,,99.31942326932409,4.476971758130749,,,,,,,,,,,,,,,,
92,2025-05-16 08:42:51.094318,39.996711,0.3242263,4.639666557312012,88.85284491261784,23.670000000000016,49.0,1011.0,,6.6,359.0,356.6355419403598,1.9627111104849582,,85.48838685297767,4.631669744114041,,,,,,,,,,,,,,,,
93,2025-05-16 08:42:56.096876,39.9965941,0.3239534,4.958624839782715,88.82955396754811,23.670000000000016,49.0,1011.0,,6.7,356.0,344.8407901307311,1.7872452334665991,,73.6703440982792,4.78607911589108,,,,,,,,,,,,,,,,
94,2025-05-16 08:43:01.093857,39.9964558,0.323736,4.844105243682861,88.69392690119916,23.670000000000016,49.0,1011.0,,6.5,359.0,356.07861528467845,1.6587882905871139,,84.77254218587763,4.832764339522951,,,,,,,,,,,,,,,,
95,2025-05-16 08:43:06.093826,39.9963137,0.3235149,4.7302446365356445,88.96759892086322,23.670000000000016,49.0,1011.0,,6.5,358.0,352.6794715388066,1.7803072853988402,,81.6470704596698,4.69168771736474,,,,,,,,,,,,,,,,
96,2025-05-16 08:43:11.094120,39.9961841,0.3232848,4.6701884269714355,89.03339413313796,23.670000000000016,49.0,1011.0,,6.4,356.0,345.402498455991,1.7714020675822857,,74.43589258912897,4.519435498175941,,,,,,,,,,,,,,,,
97,2025-05-16 08:43:16.094121,39.9960625,0.323058,4.6045684814453125,88.70848886450963,23.670000000000016,49.0,1011.0,,6.5,357.0,349.7780974425921,1.9169496225755644,,78.48658630710179,4.531484040995704,,,,,,,,,,,,,,,,
98,2025-05-16 08:43:21.094167,39.9959383,0.3228344,4.662627696990967,88.9104780488344,23.670000000000016,49.0,1011.0,,6.5,359.0,356.4651036051373,1.8398828250823993,,85.37558165397172,4.653756727266672,,,,,,,,,,,,,,,,
99,2025-05-16 08:43:26.093855,39.9958083,0.322606,4.3509840965271,88.84464185542465,23.670000000000016,49.0,1011.0,,6.3,357.0,350.35621394006387,1.9681959214811926,,79.20085579548851,4.289497306174147,,,,,,,,,,,,,,,,
100,2025-05-16 08:43:31.094404,39.9956747,0.3223787,4.570160388946533,88.73596671554058,23.670000000000016,49.0,1011.0,,6.4,356.0,346.1756092184748,1.86837130119634,,74.91157593401539,4.4377749458985445,,,,,,,,,,,,,,,,
101,2025-05-16 08:43:36.097057,39.995547,0.3221504,4.589993476867676,88.67183806942333,23.670000000000016,49.0,1011.0,,6.1,359.0,355.96468593887823,1.5128279659015516,,84.63652400830154,4.578614270804639,,,,,,,,,,,,,,,,
102,2025-05-16 08:43:41.094053,39.9954186,0.3219424,4.749505043029785,88.7991254747957,23.670000000000016,49.0,1011.0,,6.5,359.0,356.29004554357675,1.7531789522106804,,85.08917101837244,4.7395519398646915,,,,,,,,,,,,,,,,
103,2025-05-16 08:43:46.094037,39.9953017,0.3217214,4.700173377990723,88.76258396273613,23.670000000000016,49.0,1011.0,,6.2,354.0,336.1491663720964,1.6027337930333854,,64.9117503348325,4.29878457214542,,,,,,,,,,,,,,,,
104,2025-05-16 08:43:51.094117,39.9951876,0.3215021,4.590244770050049,88.87858789559962,23.670000000000016,49.0,1011.0,,6.3,356.0,345.4600119847236,1.7504717010947402,,74.33859988032327,4.443231434408852,,,,,,,,,,,,,,,,
105,2025-05-16 08:43:56.094770,39.9950563,0.3212617,4.420583724975586,88.95145235366532,23.670000000000016,49.0,1011.0,,6.3,357.0,350.004541017701,1.899615636110969,,78.95599337136633,4.353485950290801,,,,,,,,,,,,,,,,
106,2025-05-16 08:44:01.093828,39.9948965,0.3210165,4.620203018188477,88.68056022099344,23.670000000000016,49.0,1011.0,,6.5,354.0,339.77522680753344,1.9653666617256496,,68.45578702852686,4.335338104477882,,,,,,,,,,,,,,,,
107,2025-05-16 08:44:06.093473,39.9947849,0.3207899,4.759526252746582,88.91277982258471,23.670000000000016,49.0,1011.0,,6.4,354.0,337.3783191361199,1.7392213359419255,,66.2910989587046,4.393350828387815,,,,,,,,,,,,,,,,
108,2025-05-16 08:44:11.094251,39.9946604,0.3205693,4.650490760803223,88.8420805344859,23.670000000000016,49.0,1011.0,,6.4,353.0,335.37726939642346,1.8720262966817467,,64.21934993090935,4.227625770073992,,,,,,,,,,,,,,,,
109,2025-05-16 08:44:16.094299,39.9945437,0.3203585,4.828291893005371,88.85273562959112,23.670000000000016,49.0,1011.0,,6.4,353.0,332.8972644832538,1.7119959478038835,,61.75000011284493,4.2981022500432795,,,,,,,,,,,,,,,,
110,2025-05-16 08:44:21.093856,39.9944528,0.3201838,4.511441230773926,88.91780001162466,23.670000000000016,49.0,1011.0,,6.5,353.0,337.78969671772495,2.095596517280584,,66.7074967293496,4.176704130228016,,,,,,,,,,,,,,,,
111,2025-05-16 08:44:26.094252,39.9943107,0.3199254,4.639041423797607,88.8661569513102,23.670000000000016,49.0,1011.0,,6.6,353.0,337.1820100334614,2.074077512239164,,66.04816698477157,4.275996686923315,,,,,,,,,,,,,,,,
112,2025-05-16 08:44:31.094111,39.9941791,0.3196987,4.859541416168213,88.82569491066704,23.670000000000016,49.0,1011.0,,6.6,352.0,331.27805755370224,1.911402633084149,,60.10375246436928,4.2616340787649225,,,,,,,,,,,,,,,,
113,2025-05-16 08:44:36.097075,39.994047,0.3194684,4.732343673706055,88.84225128921516,23.670000000000016,49.0,1011.0,,6.5,354.0,338.58128951799216,1.8605441266627023,,67.4235408072073,4.405511987528133,,,,,,,,,,,,,,,,
114,2025-05-16 08:44:41.094553,39.9939157,0.3192472,4.617303848266602,88.91863329470341,23.670000000000016,49.0,1011.0,,6.4,352.0,332.6280667702898,1.9373118489631271,,61.54670006499322,4.100353792073439,,,,,,,,,,,,,,,,
115,2025-05-16 08:44:46.093859,39.9937967,0.3190336,4.722088813781738,88.86594521544593,23.670000000000016,49.0,1011.0,,6.5,351.0,329.0835902756565,1.9790770386956413,,57.94953549110244,4.05116400123398,,,,,,,,,,,,,,,,
116,2025-05-16 08:44:51.094147,39.9936807,0.3188101,4.660285472869873,88.8587530262499,23.670000000000016,49.0,1011.0,,6.4,353.0,335.2517719847064,1.863126678345034,,64.11052501095628,4.232266779037675,,,,,,,,,,,,,,,,
117,2025-05-16 08:44:56.094275,39.9935524,0.3185774,4.810251712799072,88.81571600428965,23.670000000000016,49.0,1011.0,,6.3,354.0,335.6521067725345,1.5973018946907207,,64.46782277682416,4.382422998202796,,,,,,,,,,,,,,,,
118,2025-05-16 08:45:01.097020,39.993421,0.3183535,4.671823024749756,88.73854852704685,23.670000000000016,49.0,1011.0,,6.4,353.0,335.1023982356525,1.852655076023036,,63.84094676269933,4.237631439849545,,,,,,,,,,,,,,,,
119,2025-05-16 08:45:06.094038,39.9933006,0.318129,4.767125129699707,88.8749952160962,23.670000000000016,49.0,1011.0,,6.3,353.0,332.67447162696635,1.6725509135974939,,61.54946684306253,4.23517494266817,,,,,,,,,,,,,,,,
120,2025-05-16 08:45:11.097144,39.9931767,0.3179189,4.451803207397461,88.79642071988437,23.670000000000016,49.0,1011.0,,6.5,352.0,335.499134081599,2.181359772596706,,64.29555480148338,4.050940602994681,,,,,,,,,,,,,,,,
121,2025-05-16 08:45:16.096871,39.9930478,0.3177135,4.702168941497803,88.63080912307908,23.670000000000016,49.0,1011.0,,6.4,353.0,334.701345021676,1.8251741718460373,,63.332154144755066,4.251196057728522,,,,,,,,,,,,,,,,
122,2025-05-16 08:45:21.093821,39.9929213,0.3175005,4.779769420623779,89.06303032394665,23.670000000000016,49.0,1011.0,,6.3,350.0,322.47693652773006,1.7961223588647792,,51.539966851676695,3.790874460875474,,,,,,,,,,,,,,,,
123,2025-05-16 08:45:26.094129,39.9927951,0.317272,4.600520133972168,88.70822248713199,23.670000000000016,49.0,1011.0,,6.5,350.0,327.92016173955983,2.125234776998557,,56.62838422669182,3.8980614798126507,,,,,,,,,,,,,,,,
124,2025-05-16 08:45:31.097045,39.9926738,0.3170513,4.849437713623047,88.95199876879892,23.670000000000016,49.0,1011.0,,6.6,351.0,328.26315633647164,1.9627963150134111,,57.21515510527058,4.124315998461009,,,,,,,,,,,,,,,,
125,2025-05-16 08:45:36.097182,39.9925601,0.3168361,4.929778099060059,88.81909694792881,23.670000000000016,49.0,1011.0,,6.5,351.0,325.6926234807325,1.8040553078702275,,54.511720428661306,4.072123586254801,,,,,,,,,,,,,,,,
126,2025-05-16 08:45:41.093811,39.9924735,0.3166306,4.986138343811035,88.8550169127739,23.670000000000016,49.0,1011.0,,6.5,350.0,321.4236478962895,1.8101203004572366,,50.2786648090634,3.898052773256363,,,,,,,,,,,,,,,,
127,2025-05-16 08:45:46.093509,39.9923254,0.3164017,4.712151050567627,88.9442806550368,23.670000000000016,49.0,1011.0,,6.6,350.0,327.33469667860686,2.123425864551384,,56.27897733364364,3.9668667872112833,,,,,,,,,,,,,,,,
128,2025-05-16 08:45:51.093651,39.992237,0.316194,4.360605716705322,88.7430018103857,23.670000000000016,49.0,1011.0,,6.7,347.0,325.1893152004429,2.6401471503933456,,53.93231701082857,3.5802437763535604,,,,,,,,,,,,,,,,
129,2025-05-16 08:45:56.096770,39.9921299,0.3159707,4.8154377937316895,88.8033397015136,23.670000000000016,49.0,1011.0,,6.6,350.0,325.76665821272536,2.037238055854521,,54.56999791423897,3.981179301030316,,,,,,,,,,,,,,,,
130,2025-05-16 08:46:01.097205,39.9919994,0.3157186,4.820061206817627,89.21067169304564,23.670000000000016,49.0,1011.0,,6.4,347.0,314.5228888247081,2.019279859978642,,43.733560517753745,3.3797986797532844,,,,,,,,,,,,,,,,
131,2025-05-16 08:46:06.094064,39.9918745,0.3154654,4.969365119934082,88.85885547908745,23.670000000000016,49.0,1011.0,,6.4,348.0,314.12895710005273,1.853834083467306,,42.987812579140154,3.460047911020005,,,,,,,,,,,,,,,,
132,2025-05-16 08:46:11.097283,39.9916898,0.3152443,4.880701065063477,88.83687593033835,23.670000000000016,49.0,1011.0,,6.5,352.0,329.8278577671403,1.7998920676091674,,58.66473369747865,4.2194601364685855,,,,,,,,,,,,,,,,
133,2025-05-16 08:46:16.094,39.9915334,0.3149515,4.939911365509033,89.04056583176647,23.670000000000016,49.0,1011.0,,6.4,353.0,331.0911103862882,1.6134348773453866,,60.13167621805468,4.324346706958231,,,,,,,,,,,,,,,,
134,2025-05-16 08:46:21.094279,39.9914118,0.3147758,4.67780065536499,88.72905456410054,23.670000000000016,49.0,1011.0,,6.3,349.0,321.41131579735685,1.9272856086820465,,50.14037036145737,3.6563732816102466,,,,,,,,,,,,,,,,
135,2025-05-16 08:46:26.093892,39.9912883,0.3145642,4.428170204162598,88.71114580809676,23.670000000000016,49.0,1011.0,,6.2,350.0,327.3098120548914,1.9933832127674038,,56.020957862988155,3.7267626001015612,,,,,,,,,,,,,,,,
136,2025-05-16 08:46:31.094409,39.9911394,0.3143225,4.579530715942383,88.7499481127716,23.670000000000016,49.0,1011.0,,6.1,351.0,326.56670560793543,1.7319591903823506,,55.31665372070705,3.8217458754521325,,,,,,,,,,,,,,,,
137,2025-05-16 08:46:36.094471,39.991042,0.3141419,4.560089588165283,88.95195095747474,23.670000000000016,49.0,1011.0,,6.2,347.0,316.7190992294449,2.0343435520456183,,45.671050186919615,3.319751289445453,,,,,,,,,,,,,,,,
138,2025-05-16 08:46:41.094092,39.9909281,0.3139121,4.586132526397705,88.79995192768527,23.670000000000016,49.0,1011.0,,6.3,345.0,312.5966376791233,2.215023033578061,,41.39658960680856,3.1040447892820993,,,,,,,,,,,,,,,,
139,2025-05-16 08:46:46.094075,39.9907991,0.3136526,4.55024528503418,88.58904251630445,23.670000000000016,49.0,1011.0,,6.2,349.0,322.39397646580744,1.9386440650590697,,50.9830189821119,3.6048203192496735,,,,,,,,,,,,,,,,
140,2025-05-16 08:46:51.094371,39.9906785,0.3134449,4.545720100402832,88.87545283877058,23.670000000000016,49.0,1011.0,,6.2,350.0,325.39039344233396,1.8955163669155084,,54.26584628110453,3.7413146937446866,,,,,,,,,,,,,,,,
141,2025-05-16 08:46:56.094293,39.9905877,0.3132794,4.221602439880371,88.90546468998362,23.670000000000016,49.0,1011.0,,6.2,348.0,325.028566760204,2.248996102136226,,53.934031450187604,3.459341116107821,,,,,,,,,,,,,,,,
142,2025-05-16 08:47:01.094178,39.990464,0.3130298,4.319752216339111,88.7696053972029,23.670000000000016,49.0,1011.0,,6.3,349.0,327.18894907638503,2.218421302182117,,55.958554473587924,3.630588044663372,,,,,,,,,,,,,,,,
143,2025-05-16 08:47:06.094041,39.9903718,0.3128547,4.519272327423096,88.87994027305528,23.670000000000016,49.0,1011.0,,6.0,351.0,326.2901541366217,1.6912218483012953,,55.170094409677006,3.75939629185503,,,,,,,,,,,,,,,,
144,2025-05-16 08:47:11.094330,39.9902356,0.3126336,4.649690628051758,88.83391845842775,23.670000000000016,49.0,1011.0,,6.0,351.0,323.6717640377469,1.584386407470694,,52.5056824961747,3.7459601771575035,,,,,,,,,,,,,,,,
145,2025-05-16 08:47:16.093869,39.9900965,0.3124118,4.360854148864746,88.90754106749131,23.670000000000016,49.0,1011.0,,6.1,351.0,330.1677866523227,1.9182383516292312,,59.07532771981403,3.782979499482222,,,,,,,,,,,,,,,,
146,2025-05-16 08:47:21.097136,39.9899531,0.3121621,4.160694599151611,88.87120446110684,23.670000000000016,49.0,1011.0,,6.0,349.0,326.49058836619724,2.073732986861168,,55.3617928273041,3.4691669667589946,,,,,,,,,,,,,,,,
147,2025-05-16 08:47:26.094463,39.9898347,0.3119652,4.418517112731934,88.84197125145919,23.670000000000016,49.0,1011.0,,6.0,348.0,319.3009891932212,1.9130474442796515,,48.1429604446804,3.3498792825957038,,,,,,,,,,,,,,,,
148,2025-05-16 08:47:31.093885,39.9897346,0.3118011,4.549641132354736,88.76533652897164,23.670000000000016,49.0,1011.0,,5.8,349.0,315.9445639690003,1.5915520952775155,,44.709900497971944,3.269678550166744,,,,,,,,,,,,,,,,
149,2025-05-16 08:47:36.094316,39.989582,0.3115393,4.534257411956787,88.90795770903068,23.670000000000016,49.0,1011.0,,5.9,349.0,318.1600453092228,1.6876837252400714,,47.068003018253535,3.378071730843044,,,,,,,,,,,,,,,,
150,2025-05-16 08:47:41.094355,39.989455,0.3113145,4.380550861358643,88.91798442673226,23.670000000000016,49.0,1011.0,,6.0,348.0,320.03143789945824,1.9419892043432179,,48.94942232619053,3.3572411350438958,,,,,,,,,,,,,,,,
151,2025-05-16 08:47:46.093869,39.9893647,0.3111503,4.599178791046143,88.82307211802576,23.670000000000016,49.0,1011.0,,6.0,347.0,312.73593977482267,1.8376125578920437,,41.559011892848446,3.1210971229504034,,,,,,,,,,,,,,,,
152,2025-05-16 08:47:51.094109,39.9892567,0.3109413,4.560046195983887,88.931392088073,23.670000000000016,49.0,1011.0,,6.0,349.0,319.27234789766493,1.7546616951561782,,48.20373998573791,3.45569207429616,,,,,,,,,,,,,,,,
153,2025-05-16 08:47:56.093842,39.9891218,0.3107012,4.530040740966797,88.85990732821963,23.670000000000016,49.0,1011.0,,6.1,346.0,313.26114307860894,2.026431156210588,,42.121050406828545,3.1045485102609707,,,,,,,,,,,,,,,,
154,2025-05-16 08:48:01.094120,39.9890034,0.3104927,4.589738845825195,88.68678252332732,23.670000000000016,49.0,1011.0,,6.1,347.0,314.615748284722,1.9277012753323384,,43.30253080804931,3.2235972656247354,,,,,,,,,,,,,,,,
155,2025-05-16 08:48:06.093961,39.9888709,0.3102733,4.649721145629883,88.8229286840532,23.670000000000016,49.0,1011.0,,6.1,346.0,310.69464989446783,1.9463635706527296,,39.51757857852101,3.0317465597551374,,,,,,,,,,,,,,,,
156,2025-05-16 08:48:11.094044,39.988732,0.3100545,4.401210308074951,88.82396004261786,23.670000000000016,49.0,1011.0,,6.1,348.0,320.9877902966892,2.0147570268522803,,49.811750339307025,3.4197925018217274,,,,,,,,,,,,,,,,
157,2025-05-16 08:48:16.094164,39.9886005,0.3098359,4.750211715698242,88.94163737182801,23.670000000000016,49.0,1011.0,,6.2,346.0,310.1575140488201,1.9625355470715662,,39.09915142064807,3.0633694509292875,,,,,,,,,,,,,,,,
158,2025-05-16 08:48:21.097125,39.9884769,0.3096121,4.3644118309021,88.99836209288496,23.670000000000016,49.0,1011.0,,6.1,348.0,321.6372873808295,2.043481173239063,,50.635649473714466,3.4221245216392937,,,,,,,,,,,,,,,,
159,2025-05-16 08:48:26.094519,39.9883863,0.3094525,4.364507675170898,88.82386441996948,23.670000000000016,49.0,1011.0,,6.2,350.0,328.272148783817,2.0472505681803534,,57.09601320378647,3.7122563551098477,,,,,,,,,,,,,,,,
160,2025-05-16 08:48:31.094139,39.9882638,0.3092481,4.626349925994873,88.99220809244278,23.670000000000016,49.0,1011.0,,6.0,348.0,314.886456597101,1.7607034601402713,,43.878664689543825,3.264834183599944,,,,,,,,,,,,,,,,
161,2025-05-16 08:48:36.093865,39.9881391,0.3090327,4.4505205154418945,88.91058050167196,23.670000000000016,49.0,1011.0,,6.0,348.0,318.6679607930288,1.8888994912425479,,47.578541294700756,3.341873379750225,,,,,,,,,,,,,,,,
162,2025-05-16 08:48:41.094138,39.9879879,0.3087879,4.524899482727051,88.84365830818417,23.670000000000016,49.0,1011.0,,6.0,346.0,311.7792863481088,1.9464911429958378,,40.62294465629299,3.014772747280961,,,,,,,,,,,,,,,,
163,2025-05-16 08:48:46.093983,39.9878848,0.308621,4.318050861358643,88.85952483762611,23.670000000000016,49.0,1011.0,,6.0,347.0,318.548489202202,2.038874510837923,,47.40801403982812,3.2364491825324504,,,,,,,,,,,,,,,,
164,2025-05-16 08:48:51.094265,39.987737,0.3083666,4.504083633422852,89.04469126602517,23.670000000000016,49.0,1011.0,,6.0,346.0,312.23296240566657,1.9604214274663856,,41.27765367169172,3.027404792551063,,,,,,,,,,,,,,,,
165,2025-05-16 08:48:56.094299,39.9876307,0.3081885,4.589740753173828,88.69656335421878,23.670000000000016,49.0,1011.0,,5.9,347.0,311.13044477405776,1.7620639716364264,,39.82700812827653,3.019019328973449,,,,,,,,,,,,,,,,
166,2025-05-16 08:49:01.094134,39.9874739,0.3079199,4.5408034324646,88.85475736558544,23.670000000000016,49.0,1011.0,,6.0,349.0,319.67893321883474,1.7692887848753733,,48.533690584420185,3.4620468654287193,,,,,,,,,,,,,,,,
167,2025-05-16 08:49:06.093857,39.9873646,0.3077128,4.2541279792785645,89.09498194888397,23.670000000000016,49.0,1011.0,,5.6,351.0,325.54800815552244,1.5485398584832162,,54.64299010440641,3.5079560216324346,,,,,,,,,,,,,,,,
168,2025-05-16 08:49:11.094068,39.9872731,0.3075524,4.758464336395264,88.62371255653143,23.670000000000016,49.0,1011.0,,6.0,346.0,306.22440221089744,1.7993252985085204,,34.848114767428854,2.8120111571236452,,,,,,,,,,,,,,,,
169,2025-05-16 08:49:16.094278,39.98714,0.3073177,4.28071403503418,88.57532749645105,23.670000000000016,49.0,1011.0,,5.8,346.0,313.8304370031748,1.9450536393477313,,42.40576449962583,2.964507882206487,,,,,,,,,,,,,,,,
170,2025-05-16 08:49:21.093869,39.9870524,0.3071789,4.469475269317627,89.15692493446682,23.670000000000016,49.0,1011.0,,6.1,346.0,314.4829919829877,2.0684084708676425,,43.639916917454514,3.1317501830686774,,,,,,,,,,,,,,,,
171,2025-05-16 08:49:26.094162,39.9868912,0.3069415,4.758340835571289,88.9853915636511,23.670000000000016,49.0,1011.0,,5.9,346.0,304.10062399572473,1.7237267010221327,,33.086015559375824,2.6677543334637983,,,,,,,,,,,,,,,,
172,2025-05-16 08:49:31.094405,39.9867816,0.30677,4.759941101074219,88.80454181480752,23.670000000000016,49.0,1011.0,,6.0,345.0,303.6986919725897,1.8665580065957483,,32.50323378739722,2.640936388657555,,,,,,,,,,,,,,,,
173,2025-05-16 08:49:36.094469,39.9866102,0.3064857,4.739665508270264,89.09301485440301,23.670000000000016,49.0,1011.0,,6.0,345.0,304.21337453010284,1.8778831862950909,,33.30638938450585,2.665002190069813,,,,,,,,,,,,,,,,
174,2025-05-16 08:49:41.094422,39.9864771,0.3062506,4.5864105224609375,88.88866925481456,23.670000000000016,49.0,1011.0,,6.1,345.0,309.59231243732836,2.0487914785334103,,38.480981692142905,2.923013913920172,,,,,,,,,,,,,,,,
175,2025-05-16 08:49:46.093983,39.9863899,0.3060777,4.977515697479248,88.84902683687181,23.670000000000016,49.0,1011.0,,6.0,346.0,300.18369883625166,1.6792010045919838,,29.03272567312348,2.5025656382236185,,,,,,,,,,,,,,,,
176,2025-05-16 08:49:51.094210,39.9862417,0.3058648,5.098598003387451,88.8264803824216,23.670000000000016,49.0,1011.0,,5.9,348.0,298.7318199335767,1.398914233087628,,27.55830031599828,2.4509498888945878,,,,,,,,,,,,,,,,
177,2025-05-16 08:49:56.096805,39.9860984,0.305651,4.800509452819824,88.90935789781054,23.670000000000016,49.0,1011.0,,5.7,348.0,303.1805773117729,1.4159708492232148,,32.089935209583416,2.627220592718832,,,,,,,,,,,,,,,,
178,2025-05-16 08:50:01.094129,39.9859728,0.3054654,4.441810607910156,88.79176253087041,23.670000000000016,49.0,1011.0,,6.0,346.0,313.55212538224396,2.0028088473820627,,42.34388791311437,3.0604706136407307,,,,,,,,,,,,,,,,
179,2025-05-16 08:50:06.094210,39.9858745,0.3053246,4.35971736907959,88.95954612783179,23.670000000000016,49.0,1011.0,,6.2,346.0,317.8334079645047,2.2343831171016113,,46.792954092336515,3.2314056701450475,,,,,,,,,,,,,,,,
180,2025-05-16 08:50:11.094084,39.9857479,0.3051187,4.586915493011475,89.07571398523537,23.670000000000016,49.0,1011.0,,6.0,345.0,307.89376657674376,1.9678292831355693,,36.96948056197914,2.8172805099073197,,,,,,,,,,,,,,,,
181,2025-05-16 08:50:16.093870,39.9856419,0.3049352,4.719508171081543,88.69282041055362,23.670000000000016,49.0,1011.0,,6.0,346.0,307.212367281577,1.8226173692260983,,35.905187692130596,2.8542218252061438,,,,,,,,,,,,,,,,
182,2025-05-16 08:50:21.097279,39.985505,0.3047147,4.670168399810791,89.02840126485468,23.670000000000016,49.0,1011.0,,6.2,348.0,317.24708354342505,1.8989099749327376,,46.275484808279714,3.429248409991368,,,,,,,,,,,,,,,,
183,2025-05-16 08:50:26.093853,39.9853465,0.30447,4.350915431976318,88.93523065438654,23.670000000000016,49.0,1011.0,,6.2,349.0,325.7144034000293,2.100083812833917,,54.649634054415856,3.5949000679377625,,,,,,,,,,,,,,,,
184,2025-05-16 08:50:31.094134,39.9852466,0.3043174,4.5783305168151855,88.93928095656436,23.670000000000016,49.0,1011.0,,6.0,348.0,315.9725467878798,1.7949134231298032,,44.91182774444417,3.291851108244969,,,,,,,,,,,,,,,,
185,2025-05-16 08:50:36.097032,39.985091,0.304058,4.480256080627441,89.06281858808238,23.670000000000016,49.0,1011.0,,6.1,350.0,325.25286519544966,1.8584846728124622,,54.31568378353205,3.6813163899314905,,,,,,,,,,,,,,,,
186,2025-05-16 08:50:41.094116,39.9849915,0.3038914,4.390308856964111,88.69567542962668,23.670000000000016,49.0,1011.0,,6.1,346.0,316.00634283020435,2.124631079510404,,44.70201825983099,3.158461496179764,,,,,,,,,,,,,,,,
187,2025-05-16 08:50:46.094215,39.9848695,0.3036926,4.320204257965088,88.79043747417144,23.670000000000016,49.0,1011.0,,6.0,345.0,313.5327922567598,2.142008968046101,,42.323229730931246,2.9756254386503604,,,,,,,,,,,,,,,,
188,2025-05-16 08:50:51.094139,39.9847621,0.3034895,4.519354343414307,88.89528087793113,23.670000000000016,49.0,1011.0,,6.0,348.0,317.2505430617175,1.8377748466062085,,46.14582393964861,3.318692699045714,,,,,,,,,,,,,,,,
189,2025-05-16 08:50:56.094269,39.9846563,0.3032785,4.254942893981934,88.85158815781057,23.670000000000016,49.0,1011.0,,6.1,345.0,316.040482012508,2.2744310094446263,,44.89207017031856,3.0628373633613464,,,,,,,,,,,,,,,,
190,2025-05-16 08:51:01.094404,39.9845317,0.3030396,4.766886234283447,88.83653442087986,23.670000000000016,49.0,1011.0,,5.9,349.0,312.30945012214875,1.5223022355941103,,41.14598454302859,3.208755562620403,,,,,,,,,,,,,,,,
191,2025-05-16 08:51:06.096964,39.9843999,0.30283,4.653196811676025,88.98189450679607,23.670000000000016,49.0,1011.0,,6.0,349.0,317.2054625278195,1.6851666994436132,,46.187357034615616,3.4144908722365352,,,,,,,,,,,,,,,,
192,2025-05-16 08:51:11.093823,39.9842657,0.3026308,4.457041263580322,88.86119140378361,23.670000000000016,49.0,1011.0,,6.1,346.0,314.7276942392624,2.077139891443779,,43.58888564304601,3.1365901497029496,,,,,,,,,,,,,,,,
193,2025-05-16 08:51:16.093465,39.9841322,0.3024402,4.449613094329834,88.77944769979689,23.670000000000016,49.0,1011.0,,6.1,348.0,320.10490229010776,1.9773822457480543,,48.88434998990465,3.4138323012659146,,,,,,,,,,,,,,,,
194,2025-05-16 08:51:21.094202,39.9839984,0.3022405,4.489898681640625,89.12179044137626,23.670000000000016,49.0,1011.0,,6.3,346.0,316.79919461491613,2.2264138078029876,,45.92098505629241,3.272952075204614,,,,,,,,,,,,,,,,
195,2025-05-16 08:51:26.094292,39.9838697,0.3020322,4.4700822830200195,88.69145437271962,23.670000000000016,49.0,1011.0,,6.5,343.0,312.5734667029661,2.580647846683763,,41.26492107568572,3.024167186254156,,,,,,,,,,,,,,,,
196,2025-05-16 08:51:31.094002,39.9837639,0.3018731,4.091506004333496,88.91751997386869,23.670000000000016,49.0,1011.0,,6.5,344.0,320.2823888485719,2.8038040899500163,,49.19990882244059,3.147199425405845,,,,,,,,,,,,,,,,
197,2025-05-16 08:51:36.093771,39.9836066,0.3016437,4.5489821434021,89.1769032377891,23.670000000000016,49.0,1011.0,,6.4,343.0,310.02268256738205,2.443462467862742,,39.19958580517118,2.925408680342793,,,,,,,,,,,,,,,,
198,2025-05-16 08:51:41.094276,39.9834782,0.3014237,4.3607048988342285,88.69594863719348,23.670000000000016,49.0,1011.0,,6.3,340.0,305.89295842120407,2.659783319649803,,34.58890705839758,2.556562667590984,,,,,,,,,,,,,,,,
199,2025-05-16 08:51:46.094110,39.9833462,0.3012156,4.718920707702637,88.8143841174015,23.670000000000016,49.0,1011.0,,6.3,343.0,305.33379565162767,2.257844340659881,,34.148179769029184,2.729135500138946,,,,,,,,,,,,,,,,
200,2025-05-16 08:51:51.094451,39.9831989,0.3009843,4.730048179626465,89.04577043591402,23.670000000000016,49.0,1011.0,,6.3,343.0,305.1027784594148,2.251427191402811,,34.14854889532887,2.7199902059886636,,,,,,,,,,,,,,,,
201,2025-05-16 08:51:56.093840,39.9830956,0.3007961,4.441999912261963,88.84350121383326,23.670000000000016,49.0,1011.0,,6.3,342.0,308.51974839168264,2.4882708655009513,,37.363249605515875,2.7664080044983677,,,,,,,,,,,,,,,,
202,2025-05-16 08:52:01.094414,39.9829521,0.3005464,4.029312610626221,88.96184107139291,23.670000000000016,49.0,1011.0,,6.4,345.0,322.4216103895249,2.716162931482843,,51.383451460917854,3.1933096896393995,,,,,,,,,,,,,,,,
203,2025-05-16 08:52:06.094131,39.9828358,0.3003437,4.438808917999268,88.77383328429914,23.670000000000016,49.0,1011.0,,6.3,343.0,310.72843676959354,2.430609638326876,,39.50227005389269,2.896210060545567,,,,,,,,,,,,,,,,
204,2025-05-16 08:52:11.097085,39.9827106,0.3001281,4.418570041656494,88.66960459756474,23.670000000000016,49.0,1011.0,,6.4,343.0,312.28556736468636,2.5293016886105226,,40.955171962251086,2.972929607940384,,,,,,,,,,,,,,,,
205,2025-05-16 08:52:16.094330,39.9826104,0.2999588,4.429981231689453,88.97269424198406,23.670000000000016,49.0,1011.0,,6.4,343.0,312.0937507117769,2.5216380724180487,,41.06644495376099,2.9696188129507495,,,,,,,,,,,,,,,,
206,2025-05-16 08:52:21.094303,39.9824895,0.2997542,4.768954277038574,88.79897521063396,23.670000000000016,49.0,1011.0,,6.4,344.0,308.0981071650009,2.24165062423764,,36.89708237563485,2.9424918940829565,,,,,,,,,,,,,,,,
207,2025-05-16 08:52:26.093909,39.9823416,0.2994951,4.5503387451171875,88.84721000655259,23.670000000000016,49.0,1011.0,,6.4,343.0,309.9983137739923,2.4425902706706006,,38.84552378054491,2.9247987773217354,,,,,,,,,,,,,,,,
208,2025-05-16 08:52:31.093971,39.9821777,0.2992992,4.540062427520752,88.98263899741559,23.670000000000016,49.0,1011.0,,6.3,342.0,306.70923834401583,2.4284113735470223,,35.69187734143145,2.7138423700819985,,,,,,,,,,,,,,,,
209,2025-05-16 08:52:36.093819,39.9820281,0.2990889,4.340664386749268,88.84109015705626,23.670000000000016,49.0,1011.0,,5.7,349.0,319.0782599701319,1.6604053532411815,,47.91935012718818,3.279827640664251,,,,,,,,,,,,,,,,
210,2025-05-16 08:52:41.093883,39.9819349,0.2989312,4.346353054046631,88.92544982349509,23.670000000000016,49.0,1011.0,,5.9,345.0,311.5337668974282,2.0399460342242364,,40.45921672092334,2.8818986163777827,,,,,,,,,,,,,,,,
211,2025-05-16 08:52:46.097103,39.981817,0.2986878,4.489779472351074,88.88717344338633,23.670000000000016,49.0,1011.0,,5.7,344.0,302.20044354694113,1.856716232642701,,31.087616990327433,2.3925263766479112,,,,,,,,,,,,,,,,
212,2025-05-16 08:52:51.093667,39.9817235,0.2985509,4.350445747375488,88.84479894977557,23.670000000000016,49.0,1011.0,,5.8,347.0,314.91610004210935,1.842451243904319,,43.760898991884915,3.071721775657956,,,,,,,,,,,,,,,,
213,2025-05-16 08:52:56.093432,39.9816021,0.2982792,4.5797200202941895,88.85606193171692,23.670000000000016,49.0,1011.0,,6.0,346.0,310.55312416681517,1.9104037022311675,,39.409186098532075,2.9775178452939968,,,,,,,,,,,,,,,,
214,2025-05-16 08:53:01.094025,39.9814951,0.298111,4.4250407218933105,88.97543314784123,23.670000000000016,49.0,1011.0,,5.9,346.0,312.3203135210745,1.9304216632695015,,41.29574666891574,2.9792679574690206,,,,,,,,,,,,,,,,
215,2025-05-16 08:53:06.095255,39.9813552,0.2979113,4.334288597106934,88.7788739639066,23.670000000000016,49.0,1011.0,,5.8,346.0,312.6699880180303,1.9083432336095476,,41.44886198193694,2.9376708189223733,,,,,,,,,,,,,,,,
216,2025-05-16 08:53:11.095163,39.9812189,0.2977105,4.3599629402160645,88.98428507300557,23.670000000000016,49.0,1011.0,,5.5,346.0,306.2793647861266,1.6505421401195373,,35.263649859132215,2.579889842441501,,,,,,,,,,,,,,,,
217,2025-05-16 08:53:16.094056,39.981067,0.2974535,4.749227046966553,89.0183745471531,23.670000000000016,49.0,1011.0,,5.7,348.0,304.88306670702036,1.4446743828530166,,33.90144125417345,2.716099377491374,,,,,,,,,,,,,,,,
218,2025-05-16 08:53:21.093896,39.9809315,0.2972218,4.50071382522583,88.88516536777034,23.670000000000016,49.0,1011.0,,5.8,341.0,297.50739065759547,2.1289730022172293,,26.39255602536582,2.0787133068463675,,,,,,,,,,,,,,,,
219,2025-05-16 08:53:26.094143,39.9808291,0.2970465,4.958221435546875,88.78444739826934,23.670000000000016,49.0,1011.0,,5.5,344.0,282.234148736979,1.551234346651029,,11.018596135248345,1.050683349324702,,,,,,,,,,,,,,,,
220,2025-05-16 08:53:31.094278,39.9806824,0.2968252,4.7438788414001465,89.19800852232444,23.670000000000016,49.0,1011.0,,5.5,346.0,294.01220068665646,1.4566287922066592,,23.210209208980928,1.9304321491925727,,,,,,,,,,,,,,,,
221,2025-05-16 08:53:36.094291,39.9805327,0.2966305,4.670207500457764,88.72133645033841,23.670000000000016,49.0,1011.0,,5.6,346.0,299.40253793568127,1.555067669894049,,28.12387438601968,2.292802616494554,,,,,,,,,,,,,,,,
222,2025-05-16 08:53:41.094234,39.9803904,0.296406,4.390532493591309,88.82923977884629,23.670000000000016,49.0,1011.0,,5.8,344.0,306.5419417572231,1.9898611336682097,,35.3711815360694,2.6141716412785283,,,,,,,,,,,,,,,,
223,2025-05-16 08:53:46.093894,39.9802979,0.2962441,4.6536478996276855,88.7194035068033,23.670000000000016,49.0,1011.0,,5.5,343.0,290.65006381677136,1.718451909366208,,19.369467323574668,1.6411527813911206,,,,,,,,,,,,,,,,
224,2025-05-16 08:53:51.094210,39.9801717,0.2960274,4.58024263381958,88.97279669482161,23.670000000000016,49.0,1011.0,,5.7,343.0,297.5854052291504,1.8802642109380352,,26.558201923972035,2.120974240218066,,,,,,,,,,,,,,,,
225,2025-05-16 08:53:56.094338,39.980055,0.2958141,4.8690505027771,88.94030548493986,23.670000000000016,49.0,1011.0,,5.8,343.0,291.7785328910674,1.8260934876852606,,20.718838376007284,1.806514786929876,,,,,,,,,,,,,,,,
226,2025-05-16 08:54:01.094076,39.979938,0.2955931,4.609417915344238,88.76121792490213,23.670000000000016,49.0,1011.0,,5.8,341.0,294.851859407817,2.081001317409638,,23.613077332719172,1.9372164570945845,,,,,,,,,,,,,,,,
227,2025-05-16 08:54:06.094172,39.9798084,0.295348,4.436279296875,89.0158678677277,23.670000000000016,49.0,1011.0,,5.7,344.0,303.57606347173464,1.8857690445498425,,32.59193133946235,2.4534555643171845,,,,,,,,,,,,,,,,
228,2025-05-16 08:54:11.094386,39.9797157,0.295199,4.400089263916016,88.77340298238143,23.670000000000016,49.0,1011.0,,5.9,346.0,312.8631454200161,1.9473082436799372,,41.63654840239752,2.9931586618351402,,,,,,,,,,,,,,,,
229,2025-05-16 08:54:16.094113,39.9795667,0.2949805,4.24643611907959,88.77756939777514,23.670000000000016,49.0,1011.0,,6.0,344.0,312.6068472877671,2.246994233900384,,41.38441668554225,2.8746841012070514,,,,,,,,,,,,,,,,
230,2025-05-16 08:54:21.097143,39.9794374,0.294798,4.409508228302002,88.94415088144258,23.670000000000016,49.0,1011.0,,5.9,343.0,305.54981505033015,2.120171047651491,,34.49396593177272,2.563734639542226,,,,,,,,,,,,,,,,
231,2025-05-16 08:54:26.097171,39.9793056,0.2946064,4.669230937957764,88.74072052720291,23.670000000000016,49.0,1011.0,,5.9,342.0,297.3242808216989,2.052176390646846,,26.065001348901774,2.1432988289366715,,,,,,,,,,,,,,,,
232,2025-05-16 08:54:31.094540,39.9791963,0.2944372,4.6060075759887695,88.92074382315694,23.670000000000016,49.0,1011.0,,5.9,342.0,298.8702512617368,2.081955394077445,,27.79099508489378,2.223908344373836,,,,,,,,,,,,,,,,
233,2025-05-16 08:54:36.097094,39.9790352,0.2941715,4.719746112823486,88.91415269060788,23.670000000000016,49.0,1011.0,,5.8,341.0,292.0349657294584,2.037094734365591,,20.94911842006627,1.7707182567418236,,,,,,,,,,,,,,,,
234,2025-05-16 08:54:41.094016,39.978905,0.2939492,4.480682849884033,88.79316954983945,23.670000000000016,49.0,1011.0,,6.0,341.0,301.40133987963463,2.288600535268057,,30.194509429474067,2.3345683582727674,,,,,,,,,,,,,,,,
235,2025-05-16 08:54:46.094275,39.9788013,0.2937887,4.403023719787598,89.02641367980621,23.670000000000016,49.0,1011.0,,5.9,344.0,307.9528546780116,2.0624288857956015,,36.97926835781777,2.7079162076695917,,,,,,,,,,,,,,,,
236,2025-05-16 08:54:51.094468,39.9786419,0.293552,4.868024826049805,89.01784862258701,23.670000000000016,49.0,1011.0,,5.8,345.0,296.0673308765896,1.6711418964474878,,25.085179499176604,2.1391418257478074,,,,,,,,,,,,,,,,
237,2025-05-16 08:54:56.094142,39.9785084,0.2933403,4.6710920333862305,88.66681788038338,23.670000000000016,49.0,1011.0,,5.9,344.0,301.5966747278157,1.9093001219247454,,30.263492608199044,2.447355487159545,,,,,,,,,,,,,,,,
238,2025-05-16 08:55:01.094104,39.9783969,0.2931808,4.789255619049072,88.93204095604415,23.670000000000016,49.0,1011.0,,5.9,347.0,305.8656265303615,1.6377372049518626,,34.79766748640566,2.8059591719397643,,,,,,,,,,,,,,,,
239,2025-05-16 08:55:06.094226,39.9782205,0.2929181,4.540908336639404,89.0210861322536,23.670000000000016,49.0,1011.0,,5.9,347.0,312.30485881564266,1.7945617152749194,,41.32594494789623,3.056372939123962,,,,,,,,,,,,,,,,
240,2025-05-16 08:55:11.093784,39.9780821,0.2926921,4.71437406539917,88.88558200930972,23.670000000000016,49.0,1011.0,,5.8,344.0,298.30373145979934,1.815779501907318,,27.189313469109038,2.235299485267361,,,,,,,,,,,,,,,,
241,2025-05-16 08:55:16.093901,39.9779469,0.292468,4.321178436279297,88.73037962079951,23.670000000000016,49.0,1011.0,,5.9,347.0,317.0871056274629,1.949242290192308,,45.817485248262415,3.1647865116715206,,,,,,,,,,,,,,,,
242,2025-05-16 08:55:21.096881,39.9778261,0.2922762,4.270123481750488,88.94717665524489,23.670000000000016,49.0,1011.0,,5.9,345.0,313.0973449521311,2.0912695737986113,,42.044521607376,2.917518901722033,,,,,,,,,,,,,,,,
243,2025-05-16 08:55:26.094171,39.9777292,0.2921255,4.578707218170166,88.91913189851282,23.670000000000016,49.0,1011.0,,5.8,343.0,299.71575981312253,1.9525218868176697,,28.634891711635362,2.2696540693379763,,,,,,,,,,,,,,,,
244,2025-05-16 08:55:31.093789,39.9775751,0.2918797,4.3507819175720215,88.59315429018478,23.670000000000016,49.0,1011.0,,5.9,344.0,309.079542128893,2.0949633023763576,,37.672696419077795,2.7427271528788277,,,,,,,,,,,,,,,,
245,2025-05-16 08:55:36.094220,39.9774776,0.2917247,4.559199333190918,89.03555247291568,23.670000000000016,49.0,1011.0,,5.9,348.0,314.652090531206,1.7243473748754143,,43.687643004121696,3.204205756914306,,,,,,,,,,,,,,,,
246,2025-05-16 08:55:41.094238,39.9773284,0.2914784,4.460302829742432,89.13276655537248,23.670000000000016,49.0,1011.0,,5.8,345.0,307.26367658344293,1.8862050937569266,,36.396443138815414,2.700641898645506,,,,,,,,,,,,,,,,
247,2025-05-16 08:55:46.094216,39.9772028,0.2912604,4.499941825866699,88.72643860164843,23.670000000000016,49.0,1011.0,,5.8,339.0,293.75572138217626,2.270948738242205,,22.48215998382466,1.812747961555591,,,,,,,,,,,,,,,,
248,2025-05-16 08:55:51.094540,39.9771016,0.2910843,4.808659553527832,89.1806393512651,23.670000000000016,49.0,1011.0,,5.9,345.0,300.24338814546445,1.7676161804082373,,29.424027496729536,2.42199817809062,,,,,,,,,,,,,,,,
249,2025-05-16 08:55:56.093809,39.9769568,0.290839,3.9677906036376953,89.12503478123202,23.670000000000016,49.0,1011.0,,5.9,348.0,325.77455648972307,2.1809541343641,,54.89959127095506,3.2806918229064306,,,,,,,,,,,,,,,,
250,2025-05-16 08:56:01.094165,39.9768694,0.290646,4.534488201141357,88.86169000759301,23.670000000000016,49.0,1011.0,,6.0,344.0,306.708004590976,2.0629167275954026,,35.56969459856896,2.7104320739480086,,,,,,,,,,,,,,,,
251,2025-05-16 08:56:06.094216,39.9767728,0.2904386,4.161066055297852,88.77373766165076,23.670000000000016,49.0,1011.0,,5.9,345.0,315.2030899093919,2.1672454723934163,,43.97682757104269,2.9527288230308297,,,,,,,,,,,,,,,,
252,2025-05-16 08:56:11.093849,39.976662,0.2902147,4.5389885902404785,88.79212453089643,23.670000000000016,49.0,1011.0,,5.8,347.0,310.44981197864655,1.7145331680201963,,39.241936509542995,2.94481284520313,,,,,,,,,,,,,,,,
253,2025-05-16 08:56:16.097103,39.9765468,0.2900047,4.602390766143799,88.94792797605359,23.670000000000016,49.0,1011.0,,5.9,346.0,308.1788932754776,1.8157576077210158,,37.12682125153117,2.8448245244265182,,,,,,,,,,,,,,,,
254,2025-05-16 08:56:21.097193,39.9764393,0.2898439,4.252962112426758,88.79838098417616,23.670000000000016,49.0,1011.0,,5.9,348.0,321.06071285518067,1.951767258565874,,49.85909383935683,3.308006572500089,,,,,,,,,,,,,,,,
255,2025-05-16 08:56:26.094009,39.9763084,0.2896621,4.4992995262146,88.83333789234828,23.670000000000016,49.0,1011.0,,5.9,345.0,308.15378609301433,1.9419111200415131,,36.98712398536259,2.7795517683202275,,,,,,,,,,,,,,,,
256,2025-05-16 08:56:31.094268,39.9761517,0.2894185,4.447831153869629,88.84367196856252,23.670000000000016,49.0,1011.0,,5.8,348.0,315.46039763574566,1.719253228138332,,44.30406960430821,3.170262002650599,,,,,,,,,,,,,,,,
257,2025-05-16 08:56:36.094172,39.976031,0.2892096,4.482281684875488,88.96647193965018,23.670000000000016,49.0,1011.0,,5.7,349.0,315.6608258005121,1.5561658912518832,,44.62729774016225,3.2057953051224595,,,,,,,,,,,,,,,,
258,2025-05-16 08:56:41.094207,39.9759305,0.2890407,4.5218024253845215,88.78127136030528,23.670000000000016,49.0,1011.0,,5.6,348.0,309.38391852259065,1.5063887308171853,,38.1651898828959,2.8691451418268388,,,,,,,,,,,,,,,,
259,2025-05-16 08:56:46.093883,39.9757947,0.2887548,4.508892059326172,88.83908208144027,23.670000000000016,49.0,1011.0,,5.7,349.0,314.9676257632635,1.5372462581718924,,43.806707844703794,3.1864661523822124,,,,,,,,,,,,,,,,
260,2025-05-16 08:56:51.094369,39.9757063,0.2885974,4.502471446990967,88.88707782073794,23.670000000000016,49.0,1011.0,,5.8,345.0,306.23036752567,1.8609753030998997,,35.11744534640792,2.661110487007793,,,,,,,,,,,,,,,,
261,2025-05-16 08:56:56.093828,39.9754998,0.2883252,3.617997169494629,88.98886812993865,23.670000000000016,49.0,1011.0,,5.7,345.0,321.99296810867224,2.3958570066423377,,50.98183623861087,2.8507472790280013,,,,,,,,,,,,,,,,
262,2025-05-16 08:57:01.094143,39.9754337,0.2881842,4.024283409118652,88.76595807618611,23.670000000000016,49.0,1011.0,,5.9,345.0,317.6403186183544,2.2663577577802294,,46.40627669454051,2.9736623687434536,,,,,,,,,,,,,,,,
263,2025-05-16 08:57:06.094049,39.9752635,0.2879334,4.42951774597168,88.77843683179972,23.670000000000016,49.0,1011.0,,5.8,346.0,310.495200045555,1.8451283577762185,,39.27363687735476,2.876459471428113,,,,,,,,,,,,,,,,
264,2025-05-16 08:57:11.097171,39.9751561,0.2877868,4.539435863494873,88.92400182339104,23.670000000000016,49.0,1011.0,,5.9,350.0,321.1269564648584,1.632456031034439,,50.05095828824943,3.534125614594408,,,,,,,,,,,,,,,,
265,2025-05-16 08:57:16.094027,39.9750503,0.2875616,4.604078769683838,88.88163415996945,23.670000000000016,49.0,1011.0,,6.0,350.0,321.39177619743305,1.6697160546304917,,50.2734103574025,3.5977694968365523,,,,,,,,,,,,,,,,
266,2025-05-16 08:57:21.094690,39.9749341,0.2873347,4.527858734130859,88.84234008167437,23.670000000000016,49.0,1011.0,,5.9,350.0,321.3805678079086,1.6414853524887076,,50.222907889582984,3.537656033211477,,,,,,,,,,,,,,,,
267,2025-05-16 08:57:26.094241,39.9748113,0.2871123,4.743229389190674,88.8426269496195,23.670000000000016,49.0,1011.0,,6.0,350.0,318.2080029491068,1.563392502539941,,47.0506298987263,3.536405229830389,,,,,,,,,,,,,,,,
268,2025-05-16 08:57:31.094124,39.9746412,0.2868859,4.9886932373046875,88.87806197103353,23.670000000000016,49.0,1011.0,,5.9,350.0,308.7297511405932,1.3133147533863472,,37.60781311162668,3.121165022120381,,,,,,,,,,,,,,,,
269,2025-05-16 08:57:36.094808,39.9745465,0.2867157,4.969733238220215,88.83216309981104,23.670000000000016,49.0,1011.0,,5.9,351.0,312.89858437211507,1.2599155015411698,,41.73074747192612,3.3829111791537576,,,,,,,,,,,,,,,,
270,2025-05-16 08:57:41.097223,39.9744616,0.2864903,1.4475346803665161,88.85319325226551,23.670000000000016,49.0,1011.0,,5.8,349.0,345.39093606073624,4.387762495006341,,74.24412931300174,1.4007348449855241,,,,,,,,,,,,,,,,
271,2025-05-16 08:57:46.093876,39.9744566,0.286372,4.551709175109863,88.72583071481229,23.670000000000016,49.0,1011.0,,5.7,351.0,320.4068573892074,1.399077367256643,,49.13268810401968,3.507499419026251,,,,,,,,,,,,,,,,
272,2025-05-16 08:57:51.097310,39.9743603,0.2861754,4.121785640716553,89.00826586718148,23.670000000000016,49.0,1011.0,,5.8,350.0,327.6500742417901,1.8822289943907873,,56.65834010897157,3.4820675868135074,,,,,,,,,,,,,,,,
273,2025-05-16 08:57:56.093806,39.9741799,0.2859189,4.478851795196533,88.92266993650288,23.670000000000016,49.0,1011.0,,5.6,349.0,313.6200348628138,1.4760120148543503,,42.54270479931665,3.089837696738009,,,,,,,,,,,,,,,,
274,2025-05-16 08:58:01.094363,39.974049,0.2857347,4.4793291091918945,88.77077335955097,23.670000000000016,49.0,1011.0,,5.7,348.0,312.76616318811574,1.6142849898478229,,41.5369365476667,3.041499724290892,,,,,,,,,,,,,,,,
275,2025-05-16 08:58:06.094229,39.9738659,0.285464,4.453500270843506,88.71943082755999,23.670000000000016,49.0,1011.0,,5.7,343.0,300.9011634358481,1.9422061888310516,,29.620594263408066,2.2871337010336337,,,,,,,,,,,,,,,,
276,2025-05-16 08:58:11.094215,39.9737474,0.285284,4.719031810760498,88.93032657856247,23.670000000000016,49.0,1011.0,,5.6,347.0,300.3446046442769,1.4597013125353535,,29.27493122283937,2.3840530893009277,,,,,,,,,,,,,,,,
277,2025-05-16 08:58:16.094170,39.9735448,0.2849712,5.2862725257873535,88.95061907058658,23.670000000000016,49.0,1011.0,,5.7,345.0,278.46293133268256,1.4915091759175405,,7.4135504032691415,0.7779781709461875,,,,,,,,,,,,,,,,
278,2025-05-16 08:58:21.097481,39.9734249,0.284757,4.441913604736328,88.75284411297969,23.670000000000016,49.0,1011.0,,5.7,347.0,310.9331987931301,1.6972404951048783,,39.686042906109776,2.910247032853181,,,,,,,,,,,,,,,,
279,2025-05-16 08:58:26.097081,39.9733583,0.284605,4.250543594360352,88.94751133451422,23.670000000000016,49.0,1011.0,,5.6,347.0,313.7500845551341,1.743896083077475,,42.69759588964831,2.9393109209173462,,,,,,,,,,,,,,,,
280,2025-05-16 08:58:31.094084,39.9732108,0.2843922,4.644683361053467,88.95307110849862,23.670000000000016,49.0,1011.0,,5.6,348.0,305.5799002649199,1.4315731220168089,,34.53297137341849,2.702451852746249,,,,,,,,,,,,,,,,
281,2025-05-16 08:58:36.094140,39.9730697,0.284198,4.67977237701416,88.64742697332971,23.670000000000016,49.0,1011.0,,5.5,348.0,301.47423831067096,1.3407759516565907,,30.121665284000642,2.4433800213597356,,,,,,,,,,,,,,,,
282,2025-05-16 08:58:41.094224,39.9729098,0.2839347,4.722784996032715,88.83872691160343,23.670000000000016,49.0,1011.0,,5.8,349.0,311.2532096208479,1.4720510072724209,,40.091936532451314,3.114147426937557,,,,,,,,,,,,,,,,
283,2025-05-16 08:58:46.094098,39.9728172,0.2837519,4.496828556060791,88.90493193522836,23.670000000000016,49.0,1011.0,,5.7,350.0,318.44443939263374,1.4921241659073405,,47.349371327862116,3.3650344389419726,,,,,,,,,,,,,,,,
284,2025-05-16 08:58:51.093544,39.9726966,0.2835231,4.83897590637207,88.66338912542003,23.670000000000016,49.0,1011.0,,5.6,350.0,304.80362300060546,1.1842823746991646,,33.46701212602545,2.761920456761527,,,,,,,,,,,,,,,,
285,2025-05-16 08:58:56.094231,39.9725425,0.2832465,4.511185646057129,88.98395722392542,23.670000000000016,49.0,1011.0,,5.6,353.0,326.90421854806596,1.2498497777956536,,55.88817577199137,3.779286026043059,,,,,,,,,,,,,,,,
286,2025-05-16 08:59:01.093819,39.9724631,0.2830887,4.479980945587158,88.97384854395379,23.670000000000016,49.0,1011.0,,5.6,355.0,336.04809862760675,1.202238203813672,,65.02194717156056,4.094194477117361,,,,,,,,,,,,,,,,
287,2025-05-16 08:59:06.093665,39.9723562,0.2828506,4.479825973510742,88.89465933071666,23.670000000000016,49.0,1011.0,,5.8,348.0,314.7025125416364,1.6965968382868881,,43.597171872353044,3.151225492725261,,,,,,,,,,,,,,,,
288,2025-05-16 08:59:11.093850,39.9722718,0.2826856,4.489896774291992,88.90565593528038,23.670000000000016,49.0,1011.0,,5.9,348.0,316.2448287622349,1.77373851158137,,45.15048469751525,3.2430593837866577,,,,,,,,,,,,,,,,
289,2025-05-16 08:59:16.094024,39.9721225,0.2824285,4.621178150177002,88.73076894158221,23.670000000000016,49.0,1011.0,,5.9,348.0,313.1494351863059,1.6813668599671292,,41.88020412788808,3.160439949059876,,,,,,,,,,,,,,,,
290,2025-05-16 08:59:21.094231,39.9720202,0.2822424,4.550333499908447,88.90797136940901,23.670000000000016,49.0,1011.0,,5.9,348.0,314.8609024009381,1.7305897762885876,,43.76887377034711,3.209750865870061,,,,,,,,,,,,,,,,
291,2025-05-16 08:59:26.094211,39.9718867,0.2820238,4.4304399490356445,89.1190037241949,23.670000000000016,49.0,1011.0,,5.9,350.0,323.4080047084429,1.7186754002545839,,52.527008432637786,3.557203624587161,,,,,,,,,,,,,,,,
292,2025-05-16 08:59:31.094151,39.9717269,0.2817699,4.669553756713867,88.89728212335795,23.670000000000016,49.0,1011.0,,5.8,347.0,306.9612854881755,1.6328505406345102,,35.85856761153349,2.8076871081985173,,,,,,,,,,,,,,,,
293,2025-05-16 08:59:36.094298,39.9716245,0.2815412,4.560304641723633,88.75005739579832,23.670000000000016,49.0,1011.0,,5.9,345.0,306.7106810044053,1.9048278874801727,,35.46073840020358,2.726034294754567,,,,,,,,,,,,,,,,
294,2025-05-16 08:59:41.097107,39.9715323,0.2813054,4.201096534729004,88.9092281242163,23.670000000000016,49.0,1011.0,,5.7,346.0,313.9558474133637,1.9155478438971212,,42.86507553757997,2.9159972169896498,,,,,,,,,,,,,,,,
295,2025-05-16 08:59:46.093980,39.9714657,0.2811893,4.2891645431518555,88.96220990160809,23.670000000000016,49.0,1011.0,,5.8,350.0,324.7049032759188,1.7431303807103218,,53.667113177526915,3.5007605089873612,,,,,,,,,,,,,,,,
296,2025-05-16 08:59:51.097167,39.9713681,0.2809525,4.449338912963867,88.76059637768765,23.670000000000016,49.0,1011.0,,5.5,347.0,306.32586150923555,1.5356717321021782,,35.0864578869232,2.6356855438520173,,,,,,,,,,,,,,,,
297,2025-05-16 08:59:56.094179,39.9712453,0.2807696,4.705686092376709,88.7035984490639,23.670000000000016,49.0,1011.0,,5.5,347.0,297.8373638626545,1.399144492330498,,26.54096231171843,2.1973831592445667,,,,,,,,,,,,,,,,
298,2025-05-16 09:00:01.093869,39.9711056,0.280538,4.500869274139404,88.96574110940898,23.670000000000016,49.0,1011.0,,5.6,347.0,307.18323280451455,1.5811662205731578,,36.148973913923555,2.720172315883407,,,,,,,,,,,,,,,,
299,2025-05-16 09:00:06.093831,39.9709836,0.2803052,4.485226154327393,88.7885113608255,23.670000000000016,49.0,1011.0,,5.6,346.0,304.99474729834606,1.6537536223695288,,33.783258659171565,2.572283194411677,,,,,,,,,,,,,,,,
300,2025-05-16 09:00:11.094017,39.970875,0.2800822,4.376616477966309,88.91252027539625,23.670000000000016,49.0,1011.0,,5.6,345.0,305.46672979701265,1.7795838422256698,,34.37925007240892,2.5394447114048764,,,,,,,,,,,,,,,,
301,2025-05-16 09:00:16.094382,39.9707816,0.2798771,4.409808158874512,89.05541466302208,23.670000000000016,49.0,1011.0,,5.7,345.0,306.60845791230935,1.8378154086340772,,35.663872575331425,2.629759898709045,,,,,,,,,,,,,,,,
302,2025-05-16 09:00:21.093907,39.9706386,0.2796603,4.921997547149658,88.83913672295363,23.670000000000016,49.0,1011.0,,5.8,344.0,292.22777584177413,1.727037470077087,,21.066912564727772,1.8619404136365996,,,,,,,,,,,,,,,,
303,2025-05-16 09:00:26.094631,39.9705158,0.2794177,4.76095724105835,88.76257030235779,23.670000000000016,49.0,1011.0,,5.8,346.0,301.7046323586122,1.6492697987286657,,30.467202660969974,2.502075550700532,,,,,,,,,,,,,,,,
304,2025-05-16 09:00:31.094235,39.9704208,0.2791696,4.8466081619262695,88.95411612744162,23.670000000000016,49.0,1011.0,,5.7,346.0,296.3852760258285,1.5393109983704147,,25.339392153270126,2.153856817129651,,,,,,,,,,,,,,,,
305,2025-05-16 09:00:36.094090,39.9703538,0.2789992,4.182590007781982,88.71407595925069,23.670000000000016,49.0,1011.0,,5.7,345.0,311.8893355560267,1.9817269456795186,,40.6034115152774,2.7926902754442544,,,,,,,,,,,,,,,,
306,2025-05-16 09:00:41.094427,39.9702696,0.2788039,4.528855800628662,88.86175830948471,23.670000000000016,49.0,1011.0,,5.7,345.0,303.5124873160088,1.7694046330085964,,32.37424562549347,2.5004660371986427,,,,,,,,,,,,,,,,
307,2025-05-16 09:00:46.093867,39.9701774,0.2785917,4.739223003387451,89.07681364569173,23.670000000000016,49.0,1011.0,,5.5,348.0,299.25724740709006,1.3107169658900142,,28.334061052781806,2.3162080439572184,,,,,,,,,,,,,,,,
308,2025-05-16 09:00:51.094010,39.9700279,0.2783255,4.480632305145264,88.97436763833072,23.670000000000016,49.0,1011.0,,5.6,347.0,307.7629656160123,1.593478324969445,,36.737333254343014,2.743922159753535,,,,,,,,,,,,,,,,
309,2025-05-16 09:00:56.093847,39.9699276,0.2781514,4.310758113861084,88.81066166430385,23.670000000000016,49.0,1011.0,,5.7,345.0,309.00868178644606,1.898548907796276,,37.8193434507499,2.7133555754550858,,,,,,,,,,,,,,,,
310,2025-05-16 09:01:01.093855,39.9697928,0.2778859,4.289888381958008,88.80891313587632,23.670000000000016,49.0,1011.0,,5.7,346.0,311.98119595650934,1.8550186492346605,,40.79010909238565,2.8694491793183663,,,,,,,,,,,,,,,,
311,2025-05-16 09:01:06.094112,39.9696953,0.2776942,4.827663898468018,88.94580378722172,23.670000000000016,49.0,1011.0,,5.4,345.0,285.5281830227324,1.4505702749940352,,14.473986809954113,1.2924252017875253,,,,,,,,,,,,,,,,
312,2025-05-16 09:01:11.094153,39.9695746,0.2774378,4.620718002319336,88.66545184254937,23.670000000000016,49.0,1011.0,,5.4,347.0,297.8156049282498,1.3734301674263245,,26.48105677079917,2.1561542984539854,,,,,,,,,,,,,,,,
313,2025-05-16 09:01:16.093962,39.96948,0.2772105,4.470448017120361,89.04351647348793,23.670000000000016,49.0,1011.0,,5.6,346.0,305.41203560358656,1.6622729894952297,,34.45555207707446,2.5904117702214258,,,,,,,,,,,,,,,,
314,2025-05-16 09:01:21.093736,39.969366,0.2769456,4.420101165771484,89.02562137786249,23.670000000000016,49.0,1011.0,,5.7,348.0,314.2715766473502,1.655072482471263,,43.29719802521265,3.085496517609256,,,,,,,,,,,,,,,,
315,2025-05-16 09:01:26.094054,39.9692588,0.2767332,4.508316993713379,88.86488653612457,23.670000000000016,49.0,1011.0,,5.6,350.0,315.9893613415321,1.3995985843140282,,44.85424787765669,3.2424302899069306,,,,,,,,,,,,,,,,
316,2025-05-16 09:01:31.100388,39.9691558,0.2765168,4.554999351501465,89.04049752987477,23.670000000000016,49.0,1011.0,,5.6,350.0,314.629200667967,1.3664091324883159,,43.66969819784174,3.199959215198136,,,,,,,,,,,,,,,,
317,2025-05-16 09:01:36.093540,39.9690669,0.276345,4.540497779846191,88.72745629983476,23.670000000000016,49.0,1011.0,,5.8,348.0,313.2089436540665,1.6544808184626998,,41.93639995390129,3.108701236593604,,,,,,,,,,,,,,,,
318,2025-05-16 09:01:41.093483,39.9689275,0.2760856,4.68913459777832,88.80129747495175,23.670000000000016,49.0,1011.0,,5.7,345.0,298.9669498334349,1.6862154285171493,,27.768247308386663,2.270971467531906,,,,,,,,,,,,,,,,
319,2025-05-16 09:01:46.094013,39.9688326,0.2758624,4.393016815185547,88.93658986203137,23.670000000000016,49.0,1011.0,,5.9,347.0,315.6097847945831,1.8972592359733889,,44.54637465661449,3.1392153552751902,,,,,,,,,,,,,,,,
320,2025-05-16 09:01:51.094415,39.96874,0.2756371,4.618968963623047,89.00875764080173,23.670000000000016,49.0,1011.0,,5.5,345.0,295.97832231068713,1.5835020512175788,,24.98707995148885,2.0232518682087637,,,,,,,,,,,,,,,,
321,2025-05-16 09:01:56.093860,39.9686402,0.2754507,4.590194225311279,88.8277986089314,23.670000000000016,49.0,1011.0,,5.6,344.0,297.18779702033703,1.7352955673718045,,26.015595629268432,2.0972986978820476,,,,,,,,,,,,,,,,
322,2025-05-16 09:02:01.097067,39.9685131,0.27523,4.6498284339904785,89.11985749784115,23.670000000000016,49.0,1011.0,,5.5,348.0,302.55287371464857,1.3566505348462377,,31.672731212489737,2.501968888223851,,,,,,,,,,,,,,,,
323,2025-05-16 09:02:06.093837,39.9683747,0.2749696,4.594740390777588,88.84128140235302,23.670000000000016,49.0,1011.0,,5.7,347.0,306.79842733412784,1.6012794406921664,,35.639708736480884,2.752256935979756,,,,,,,,,,,,,,,,
324,2025-05-16 09:02:11.094443,39.968292,0.2748048,4.2911553382873535,88.93425393733523,23.670000000000016,49.0,1011.0,,5.7,348.0,317.30020145955996,1.7475252599499425,,46.234455396895214,3.1536429204006335,,,,,,,,,,,,,,,,
325,2025-05-16 09:02:16.094198,39.9681912,0.2746081,4.258945465087891,88.77571841651006,23.670000000000016,49.0,1011.0,,5.7,348.0,318.0067680626607,1.7713315295589693,,46.78248647917076,3.1653498937575013,,,,,,,,,,,,,,,,
326,2025-05-16 09:02:21.094786,39.9680507,0.2743614,4.647772789001465,88.9738690345213,23.670000000000016,49.0,1011.0,,5.7,349.0,311.0616377131868,1.4424488273139384,,40.035506747708155,3.0529850749711556,,,,,,,,,,,,,,,,
327,2025-05-16 09:02:26.095063,39.9679389,0.2741427,4.340925216674805,89.03853726558299,23.670000000000016,49.0,1011.0,,5.7,350.0,322.1225267322135,1.6121092141691777,,51.161063997796475,3.42640313935588,,,,,,,,,,,,,,,,
328,2025-05-16 09:02:31.097339,39.9678501,0.2739358,4.1604790687561035,88.7632055099506,23.670000000000016,49.0,1011.0,,5.7,348.0,320.05226129176344,1.8456901757548188,,48.815466801714024,3.189549862763243,,,,,,,,,,,,,,,,
329,2025-05-16 09:02:36.094025,39.9677514,0.2737278,4.429136753082275,89.01426277327276,23.670000000000016,49.0,1011.0,,5.9,350.0,323.4338869881113,1.719721912746547,,52.44814976138406,3.5573496140938032,,,,,,,,,,,,,,,,
330,2025-05-16 09:02:41.094199,39.9676278,0.2735014,4.559681415557861,88.92741008778687,23.670000000000016,49.0,1011.0,,5.8,350.0,318.8427774804459,1.5303408585742677,,47.77018756823276,3.4330136931008757,,,,,,,,,,,,,,,,
331,2025-05-16 09:02:46.093314,39.9675071,0.2732701,4.631996154785156,88.72656154505349,23.670000000000016,49.0,1011.0,,5.8,349.0,313.80436536826636,1.5334358948659652,,42.53092691331983,3.2062592284797256,,,,,,,,,,,,,,,,
332,2025-05-16 09:02:51.094137,39.9673913,0.2730405,4.576601982116699,88.92017691745583,23.670000000000016,49.0,1011.0,,5.9,349.0,317.18293879737547,1.6563774098354527,,46.10311571483129,3.357063464955458,,,,,,,,,,,,,,,,
333,2025-05-16 09:02:56.097009,39.9672741,0.2728179,4.30341911315918,88.90578570887462,23.670000000000016,49.0,1011.0,,5.7,348.0,317.0261096870881,1.7385322964883616,,45.93189539596267,3.1486586164309553,,,,,,,,,,,,,,,,
334,2025-05-16 09:03:01.094093,39.9671623,0.2726029,4.351682186126709,88.76763830272193,23.670000000000016,49.0,1011.0,,5.8,345.0,309.79946367177644,1.9538864340137447,,38.56710197449837,2.7855226804466193,,,,,,,,,,,,,,,,
335,2025-05-16 09:03:06.094374,39.9670526,0.2723849,4.55932092666626,89.0636108900261,23.670000000000016,49.0,1011.0,,6.0,349.0,319.2877950779823,1.7552113822010602,,48.35140596800841,3.4559443422254605,,,,,,,,,,,,,,,,
336,2025-05-16 09:03:11.094506,39.966941,0.2721613,4.623493671417236,88.90035570848445,23.670000000000016,49.0,1011.0,,5.9,347.0,310.2932883929063,1.740047860672394,,39.19364410139076,2.990015374897001,,,,,,,,,,,,,,,,
337,2025-05-16 09:03:16.096956,39.966817,0.2719294,4.719510555267334,88.96440239233166,23.670000000000016,49.0,1011.0,,5.8,346.0,302.9134744390033,1.671423700726936,,31.877876831335016,2.5644493755952147,,,,,,,,,,,,,,,,
338,2025-05-16 09:03:21.093905,39.9666978,0.2716977,4.328816890716553,88.77674977507473,23.670000000000016,49.0,1011.0,,5.8,347.0,315.3884734914839,1.8577858811075052,,44.165223266558655,3.0816188407511333,,,,,,,,,,,,,,,,
339,2025-05-16 09:03:26.096807,39.9665928,0.2714938,4.110606670379639,88.99873775328932,23.670000000000016,49.0,1011.0,,5.8,346.0,317.2348058304299,2.0665042502705764,,46.23354358371921,3.017770949034092,,,,,,,,,,,,,,,,
340,2025-05-16 09:03:31.093780,39.9664873,0.2712853,4.446259498596191,88.81164521154433,23.670000000000016,49.0,1011.0,,5.8,345.0,307.6016485896945,1.894741069371214,,36.41329380123881,2.7129650898929683,,,,,,,,,,,,,,,,
341,2025-05-16 09:03:36.094292,39.9663956,0.2711013,4.515966892242432,89.08546066518097,23.670000000000016,49.0,1011.0,,5.6,342.0,295.08170871656745,1.910662681149652,,24.16716938174841,1.9143649005146535,,,,,,,,,,,,,,,,
342,2025-05-16 09:03:41.094040,39.9662792,0.2708775,4.310734272003174,89.0010873383638,23.670000000000016,49.0,1011.0,,5.5,349.0,316.03892398480787,1.5118057420274018,,45.040011323171655,3.102916325072467,,,,,,,,,,,,,,,,
343,2025-05-16 09:03:46.096948,39.9661683,0.2706542,4.778356075286865,88.76793200085625,23.670000000000016,49.0,1011.0,,5.4,348.0,294.16046780976643,1.230512678886109,,22.928399810622693,1.9557505775668367,,,,,,,,,,,,,,,,
344,2025-05-16 09:03:51.093868,39.9660273,0.2703537,4.550629138946533,88.82694483528516,23.670000000000016,49.0,1011.0,,5.5,348.0,305.94653869487666,1.4125044584851478,,34.7734835301618,2.67135638022117,,,,,,,,,,,,,,,,
345,2025-05-16 09:03:56.094100,39.9659334,0.2701719,4.241410732269287,88.9394517112936,23.670000000000016,49.0,1011.0,,5.6,346.0,311.3490698245952,1.8046691338043963,,40.288521535888776,2.8020660763350715,,,,,,,,,,,,,,,,
346,2025-05-16 09:04:01.094055,39.9658266,0.2699636,4.344401836395264,88.61953248075937,23.670000000000016,49.0,1011.0,,5.7,346.0,310.7046698430021,1.8190067663874991,,39.32420232376148,2.833245939000037,,,,,,,,,,,,,,,,
347,2025-05-16 09:04:06.093651,39.9657009,0.2697074,4.404184341430664,88.87511132931209,23.670000000000016,49.0,1011.0,,6.0,343.0,307.24371921260166,2.2036176009294755,,36.11883054191378,2.665441987442793,,,,,,,,,,,,,,,,
348,2025-05-16 09:04:11.093823,39.9656196,0.2695421,4.26650333404541,88.83794827003804,23.670000000000016,49.0,1011.0,,6.0,344.0,312.22794919257467,2.2334582897580155,,41.065897462612725,2.8674395727977378,,,,,,,,,,,,,,,,
349,2025-05-16 09:04:16.093834,39.9655005,0.2693026,4.430281639099121,88.80249958824568,23.670000000000016,49.0,1011.0,,5.9,343.0,305.0904607482485,2.1081609192302224,,33.892960336494184,2.5468317050513765,,,,,,,,,,,,,,,,
350,2025-05-16 09:04:21.094147,39.9654171,0.2691223,4.487313270568848,88.97749586497058,23.670000000000016,49.0,1011.0,,5.7,344.0,302.26479607776287,1.8580316011696318,,31.24229194273346,2.395475452416435,,,,,,,,,,,,,,,,
351,2025-05-16 09:04:26.094504,39.9652942,0.2688943,4.749238014221191,88.86829480052042,23.670000000000016,49.0,1011.0,,5.7,343.0,292.83385870040576,1.808221848513545,,21.70215350092616,1.842990680682701,,,,,,,,,,,,,,,,
352,2025-05-16 09:04:31.094132,39.9651315,0.2686163,4.845419406890869,88.81652196661172,23.670000000000016,49.0,1011.0,,5.9,342.0,292.7842737154057,1.9775060949633674,,21.600795682017406,1.876449441700847,,,,,,,,,,,,,,,,
353,2025-05-16 09:04:36.094195,39.9650245,0.268426,4.54233455657959,89.05887756893128,23.670000000000016,49.0,1011.0,,5.7,345.0,303.1470492747944,1.7619985986538316,,32.205926843725706,2.483701667280491,,,,,,,,,,,,,,,,
354,2025-05-16 09:04:41.096917,39.964883,0.2681561,4.409147262573242,88.96404722249483,23.670000000000016,49.0,1011.0,,5.8,346.0,310.9727968736621,1.8584211945788114,,39.93684409615696,2.891080641952784,,,,,,,,,,,,,,,,
355,2025-05-16 09:04:46.097108,39.9647759,0.2679343,4.629286766052246,88.930388050265,23.670000000000016,49.0,1011.0,,5.5,351.0,313.02395745991396,1.176893265013248,,41.95434551017894,3.158581369031918,,,,,,,,,,,,,,,,
356,2025-05-16 09:04:51.094161,39.9646691,0.2677305,4.319680690765381,88.9362415223837,23.670000000000016,49.0,1011.0,,5.7,349.0,319.54805983495174,1.676317089831599,,48.484301357335426,3.2870629939334237,,,,,,,,,,,,,,,,
357,2025-05-16 09:04:56.094320,39.9645824,0.2675776,4.598058700561523,88.87905234846319,23.670000000000016,49.0,1011.0,,5.7,346.0,304.0716240935227,1.6647250108501517,,32.95067644198588,2.575965029822109,,,,,,,,,,,,,,,,
358,2025-05-16 09:05:01.094139,39.9644732,0.2673652,4.392467498779297,89.05626160647917,23.670000000000016,49.0,1011.0,,5.9,346.0,313.02708356694285,1.952500938218877,,42.083345173422,2.9971738116291538,,,,,,,,,,,,,,,,
359,2025-05-16 09:05:06.094151,39.9643572,0.2671402,4.4496169090271,88.74596611248549,23.670000000000016,49.0,1011.0,,5.7,344.0,303.23711500620186,1.8784256333114926,,31.983081118687323,2.438857929889382,,,,,,,,,,,,,,,,
360,2025-05-16 09:05:11.094041,39.9642637,0.2669519,3.843076229095459,88.76745388761435,23.670000000000016,49.0,1011.0,,6.0,344.0,319.3257086208973,2.5374812746958515,,48.093162508511625,2.9146922236307593,,,,,,,,,,,,,,,,
361,2025-05-16 09:05:16.093979,39.9641617,0.2667368,4.4569196701049805,89.1140859879925,23.670000000000016,49.0,1011.0,,5.7,345.0,305.41132026097154,1.8101158676164686,,34.52540624896403,2.5825273860356406,,,,,,,,,,,,,,,,
362,2025-05-16 09:05:21.093275,39.9640548,0.2664904,4.280645847320557,88.7925411724358,23.670000000000016,49.0,1011.0,,5.7,344.0,307.3383620327021,1.97609988599933,,36.130903205137884,2.5963010379866427,,,,,,,,,,,,,,,,
363,2025-05-16 09:05:26.093880,39.9640548,0.2664904,4.280645847320557,88.7925411724358,23.670000000000016,49.0,1011.0,,5.6,345.0,307.90546530208223,1.8369326189041804,,36.698006474518024,2.629859577861592,,,,,,,,,,,,,,,,
364,2025-05-16 09:05:31.094639,39.9640548,0.2664904,4.280645847320557,88.7925411724358,23.670000000000016,49.0,1011.0,,5.9,349.0,323.3111595779363,1.8842368795256519,,52.10370075037207,3.432615785258704,,,,,,,,,,,,,,,,
365,2025-05-16 09:05:36.094658,39.9640548,0.2664904,4.280645847320557,88.7925411724358,23.670000000000016,49.0,1011.0,,6.0,345.0,314.2902381840864,2.169445169783045,,43.08277935652217,2.9891464798852865,,,,,,,,,,,,,,,,
366,2025-05-16 09:05:41.095006,39.9640548,0.2664904,4.280645847320557,88.7925411724358,23.670000000000016,49.0,1011.0,,5.7,347.0,314.7991675793804,1.807011542357162,,43.59170875181621,3.0162453753299503,,,,,,,,,,,,,,,,
367,2025-05-16 09:05:46.095036,39.9640548,0.2664904,4.280645847320557,88.7925411724358,23.670000000000016,49.0,1011.0,,5.6,346.0,310.40041350877124,1.7789924988579828,,39.19295468120703,2.774395289794951,,,,,,,,,,,,,,,,
368,2025-05-16 09:05:51.094450,39.9640548,0.2664904,4.280645847320557,88.7925411724358,23.670000000000016,49.0,1011.0,,5.6,346.0,310.40041350877124,1.7789924988579828,,39.19295468120703,2.774395289794951,,,,,,,,,,,,,,,,
369,2025-05-16 09:05:56.094592,39.9640548,0.2664904,4.280645847320557,88.7925411724358,23.670000000000016,49.0,1011.0,,5.6,349.0,318.7042922373516,1.6191193946185338,,47.49683340978737,3.2161073329126,,,,,,,,,,,,,,,,
370,2025-05-16 09:06:01.094260,39.9640548,0.2664904,4.280645847320557,88.7925411724358,23.670000000000016,49.0,1011.0,,5.7,346.0,312.19270076966006,1.8612135387219089,,40.985241942095854,2.8749939409006635,,,,,,,,,,,,,,,,
371,2025-05-16 09:06:06.094717,39.9640548,0.2664904,4.280645847320557,88.7925411724358,23.670000000000016,49.0,1011.0,,5.6,345.0,307.90546530208223,1.8369326189041804,,36.698006474518024,2.629859577861592,,,,,,,,,,,,,,,,
372,2025-05-16 09:06:11.094627,39.9640548,0.2664904,4.280645847320557,88.7925411724358,23.670000000000016,49.0,1011.0,,5.6,347.0,313.02706738825833,1.7232171507175997,,41.81960856069412,2.9208720958638152,,,,,,,,,,,,,,,,
373,2025-05-16 09:06:16.094333,39.9640548,0.2664904,4.280645847320557,88.7925411724358,23.670000000000016,49.0,1011.0,,5.9,348.0,320.54426274978795,1.9303129231913432,,49.33680392222374,3.305154049137797,,,,,,,,,,,,,,,,
374,2025-05-16 09:06:21.094804,39.9640548,0.2664904,4.280645847320557,88.7925411724358,23.670000000000016,49.0,1011.0,,5.8,349.0,321.9270861745705,1.79464433341345,,50.71962734700628,3.369838419002697,,,,,,,,,,,,,,,,
375,2025-05-16 09:06:26.096116,39.9640548,0.2664904,4.280645847320557,88.7925411724358,23.670000000000016,49.0,1011.0,,5.9,348.0,320.54426274978795,1.9303129231913432,,49.33680392222374,3.305154049137797,,,,,,,,,,,,,,,,
376,2025-05-16 09:06:31.094338,39.9640548,0.2664904,4.280645847320557,88.7925411724358,23.670000000000016,49.0,1011.0,,6.1,347.0,320.47292244364684,2.1560482779731323,,49.26546361608263,3.3017644127734584,,,,,,,,,,,,,,,,
377,2025-05-16 09:06:36.095561,39.9640548,0.2664904,4.280645847320557,88.7925411724358,23.670000000000016,49.0,1011.0,,5.8,346.0,313.8318859692672,1.9451008617679655,,42.624427141702995,2.964538753246033,,,,,,,,,,,,,,,,
378,2025-05-16 09:06:41.094153,39.9640548,0.2664904,4.280645847320557,88.7925411724358,23.670000000000016,49.0,1011.0,,5.9,347.0,317.8860987908392,1.979120371675624,,46.678639963274975,3.1754394184710786,,,,,,,,,,,,,,,,
379,2025-05-16 09:06:46.095830,39.9640548,0.2664904,4.280645847320557,88.7925411724358,23.670000000000016,49.0,1011.0,,6.2,350.0,329.4646816217775,2.1190386883577315,,58.257222794213305,3.6869893534531224,,,,,,,,,,,,,,,,
380,2025-05-16 09:06:51.095801,39.9640548,0.2664904,4.280645847320557,88.7925411724358,23.670000000000016,49.0,1011.0,,6.2,348.0,324.1475221502131,2.2008738951495754,,52.94006332264888,3.4695820739944003,,,,,,,,,,,,,,,,
381,2025-05-16 09:06:56.096014,39.9640548,0.2664904,4.280645847320557,88.7925411724358,23.670000000000016,49.0,1011.0,,6.1,347.0,320.47292244364684,2.1560482779731323,,49.26546361608263,3.3017644127734584,,,,,,,,,,,,,,,,
382,2025-05-16 09:07:01.096098,39.9640548,0.2664904,4.280645847320557,88.7925411724358,23.670000000000016,49.0,1011.0,,6.0,347.0,319.23486010231863,2.06705849246367,,48.027401274754425,3.24212894009013,,,,,,,,,,,,,,,,
383,2025-05-16 09:07:06.096121,39.9640548,0.2664904,4.280645847320557,88.7925411724358,23.670000000000016,49.0,1011.0,,6.1,350.0,328.47245577368705,2.0256968199671452,,57.264996946122835,3.648774924678025,,,,,,,,,,,,,,,,
384,2025-05-16 09:07:11.094609,39.9640548,0.2664904,4.280645847320557,88.7925411724358,23.670000000000016,49.0,1011.0,,6.0,349.0,324.56892802747603,1.974828841412876,,53.361469199911824,3.48792814041675,,,,,,,,,,,,,,,,
385,2025-05-16 09:07:16.095267,39.9640548,0.2664904,4.280645847320557,88.7925411724358,23.670000000000016,49.0,1011.0,,6.0,347.0,319.23486010231863,2.06705849246367,,48.027401274754425,3.24212894009013,,,,,,,,,,,,,,,,
386,2025-05-16 09:07:21.095958,39.9640548,0.2664904,4.280645847320557,88.7925411724358,23.670000000000016,49.0,1011.0,,5.9,346.0,315.3344150930568,2.0304479525905683,,44.126956265492595,3.0444888345608896,,,,,,,,,,,,,,,,
387,2025-05-16 09:07:26.094385,39.9640548,0.2664904,4.280645847320557,88.7925411724358,23.670000000000016,49.0,1011.0,,5.7,345.0,309.70781161577423,1.9176454758295087,,38.50035278821002,2.7347878142884663,,,,,,,,,,,,,,,,
388,2025-05-16 09:07:31.094940,39.9640548,0.2664904,4.280645847320557,88.7925411724358,23.670000000000016,49.0,1011.0,,5.7,344.0,307.3383620327021,1.97609988599933,,36.130903205137884,2.5963010379866427,,,,,,,,,,,,,,,,
389,2025-05-16 09:07:36.095483,39.9640548,0.2664904,4.280645847320557,88.7925411724358,23.670000000000016,49.0,1011.0,,5.6,345.0,307.90546530208223,1.8369326189041804,,36.698006474518024,2.629859577861592,,,,,,,,,,,,,,,,
390,2025-05-16 09:07:41.094705,39.9640548,0.2664904,4.280645847320557,88.7925411724358,23.670000000000016,49.0,1011.0,,5.6,343.0,303.2796518852592,1.958465385820946,,32.07219305769502,2.348901473819468,,,,,,,,,,,,,,,,
391,2025-05-16 09:07:46.094451,39.9640548,0.2664904,4.280645847320557,88.7925411724358,23.670000000000016,49.0,1011.0,,5.6,347.0,313.02706738825833,1.7232171507175997,,41.81960856069412,2.9208720958638152,,,,,,,,,,,,,,,,
392,2025-05-16 09:07:51.094152,39.9640548,0.2664904,4.280645847320557,88.7925411724358,23.670000000000016,49.0,1011.0,,5.6,350.0,321.7670718929905,1.5713245446965418,,50.55961306542628,3.3624531420694423,,,,,,,,,,,,,,,,
393,2025-05-16 09:07:56.096170,39.9640548,0.2664904,4.280645847320557,88.7925411724358,23.670000000000016,49.0,1011.0,,6.0,345.0,314.2902381840864,2.169445169783045,,43.08277935652217,2.9891464798852865,,,,,,,,,,,,,,,,
394,2025-05-16 09:08:01.116438,39.9640548,0.2664904,4.280645847320557,88.7925411724358,23.670000000000016,49.0,1011.0,,5.8,347.0,316.41281251545297,1.8923805325295264,,45.20535368788876,3.1005833256576896,,,,,,,,,,,,,,,,
395,2025-05-16 09:08:06.094196,39.9640548,0.2664904,4.280645847320557,88.7925411724358,23.670000000000016,49.0,1011.0,,5.9,346.0,315.3344150930568,2.0304479525905683,,44.126956265492595,3.0444888345608896,,,,,,,,,,,,,,,,
396,2025-05-16 09:08:11.096072,39.9640548,0.2664904,4.280645847320557,88.7925411724358,23.670000000000016,49.0,1011.0,,5.7,345.0,309.70781161577423,1.9176454758295087,,38.50035278821002,2.7347878142884663,,,,,,,,,,,,,,,,
397,2025-05-16 09:08:16.096032,39.9640548,0.2664904,4.280645847320557,88.7925411724358,23.670000000000016,49.0,1011.0,,5.6,344.0,305.53448799073743,1.896822326109618,,34.32702916317322,2.4878809319866497,,,,,,,,,,,,,,,,
398,2025-05-16 09:08:21.095722,39.9640548,0.2664904,4.280645847320557,88.7925411724358,23.670000000000016,49.0,1011.0,,5.6,343.0,303.2796518852592,1.958465385820946,,32.07219305769502,2.348901473819468,,,,,,,,,,,,,,,,
399,2025-05-16 09:08:26.095936,39.9640548,0.2664904,4.280645847320557,88.7925411724358,23.670000000000016,49.0,1011.0,,5.6,350.0,321.7670718929905,1.5713245446965418,,50.55961306542628,3.3624531420694423,,,,,,,,,,,,,,,,
400,2025-05-16 09:08:31.095640,39.9640548,0.2664904,4.280645847320557,88.7925411724358,23.670000000000016,49.0,1011.0,,5.6,343.0,303.2796518852592,1.958465385820946,,32.07219305769502,2.348901473819468,,,,,,,,,,,,,,,,
401,2025-05-16 09:08:36.094451,39.9640548,0.2664904,4.280645847320557,88.7925411724358,23.670000000000016,49.0,1011.0,,5.6,345.0,307.90546530208223,1.8369326189041804,,36.698006474518024,2.629859577861592,,,,,,,,,,,,,,,,
402,2025-05-16 09:08:41.096036,39.9640548,0.2664904,4.280645847320557,88.7925411724358,23.670000000000016,49.0,1011.0,,5.5,344.0,303.5753951945731,1.8195876220202318,,32.367936367008895,2.367341894215262,,,,,,,,,,,,,,,,
403,2025-05-16 09:08:46.094338,39.9640548,0.2664904,4.280645847320557,88.7925411724358,23.670000000000016,49.0,1011.0,,5.6,344.0,305.53448799073743,1.896822326109618,,34.32702916317322,2.4878809319866497,,,,,,,,,,,,,,,,
404,2025-05-16 09:08:51.095636,39.9640548,0.2664904,4.280645847320557,88.7925411724358,23.670000000000016,49.0,1011.0,,5.7,345.0,309.70781161577423,1.9176454758295087,,38.50035278821002,2.7347878142884663,,,,,,,,,,,,,,,,
405,2025-05-16 09:08:56.095831,39.9640548,0.2664904,4.280645847320557,88.7925411724358,23.670000000000016,49.0,1011.0,,5.7,346.0,312.19270076966006,1.8612135387219089,,40.985241942095854,2.8749939409006635,,,,,,,,,,,,,,,,
406,2025-05-16 09:09:01.095982,39.9640548,0.2664904,4.280645847320557,88.7925411724358,23.670000000000016,49.0,1011.0,,5.6,348.0,315.79280281408285,1.6698413279494986,,44.58534398651864,3.0684655175809175,,,,,,,,,,,,,,,,
407,2025-05-16 09:09:06.094651,39.9640548,0.2664904,4.280645847320557,88.7925411724358,23.670000000000016,49.0,1011.0,,5.7,345.0,309.70781161577423,1.9176454758295087,,38.50035278821002,2.7347878142884663,,,,,,,,,,,,,,,,
408,2025-05-16 09:09:11.094353,39.9640548,0.2664904,4.280645847320557,88.7925411724358,23.670000000000016,49.0,1011.0,,5.4,346.0,306.28064848158846,1.6205589342987394,,35.07318965402425,2.5330334172124482,,,,,,,,,,,,,,,,
409,2025-05-16 09:09:16.095550,39.9640548,0.2664904,4.280645847320557,88.7925411724358,23.670000000000016,49.0,1011.0,,5.6,347.0,313.02706738825833,1.7232171507175997,,41.81960856069412,2.9208720958638152,,,,,,,,,,,,,,,,
410,2025-05-16 09:09:21.094052,39.9640548,0.2664904,4.280645847320557,88.7925411724358,23.670000000000016,49.0,1011.0,,5.5,346.0,308.4365715787445,1.6986797182706985,,37.22911275118031,2.661054419886926,,,,,,,,,,,,,,,,
411,2025-05-16 09:09:26.094664,39.9640548,0.2664904,4.280645847320557,88.7925411724358,23.670000000000016,49.0,1011.0,,5.5,347.0,311.07591050710437,1.6412385514734178,,39.86845167954016,2.812634134960559,,,,,,,,,,,,,,,,
412,2025-05-16 09:09:31.096007,39.9640548,0.2664904,4.280645847320557,88.7925411724358,23.670000000000016,49.0,1011.0,,5.3,345.0,301.44400581362265,1.6078536228987268,,30.236546986058443,2.233063307156848,,,,,,,,,,,,,,,,
413,2025-05-16 09:09:36.095963,39.9640548,0.2664904,4.280645847320557,88.7925411724358,23.670000000000016,49.0,1011.0,,5.1,346.0,298.42688139027155,1.4029635356448877,,27.219422562707337,2.037745209407683,,,,,,,,,,,,,,,,
414,2025-05-16 09:09:41.095598,39.9640548,0.2664904,4.280645847320557,88.7925411724358,23.670000000000016,49.0,1011.0,,5.2,344.0,296.6052623117466,1.6030569691540129,,25.39780348418242,1.9170496126246923,,,,,,,,,,,,,,,,
415,2025-05-16 09:09:46.095907,39.9640548,0.2664904,4.280645847320557,88.7925411724358,23.670000000000016,49.0,1011.0,,5.2,345.0,298.87435881277526,1.5369289339762455,,27.666899985211046,2.0670834029018663,,,,,,,,,,,,,,,,
416,2025-05-16 09:09:51.094793,39.9640548,0.2664904,4.280645847320557,88.7925411724358,23.670000000000016,49.0,1011.0,,5.1,346.0,298.42688139027155,1.4029635356448877,,27.219422562707337,2.037745209407683,,,,,,,,,,,,,,,,
417,2025-05-16 09:09:56.094670,39.9640548,0.2664904,4.280645847320557,88.7925411724358,23.670000000000016,49.0,1011.0,,5.0,348.0,300.407659973519,1.205360617701367,,29.200201145954793,2.1666449170508364,,,,,,,,,,,,,,,,
418,2025-05-16 09:10:01.096454,39.9640548,0.2664904,4.280645847320557,88.7925411724358,23.670000000000016,49.0,1011.0,,5.0,346.0,295.2633247209677,1.3375369739264962,,24.055865893403507,1.8268900480748058,,,,,,,,,,,,,,,,
419,2025-05-16 09:10:06.094144,39.9640548,0.2664904,4.280645847320557,88.7925411724358,23.670000000000016,49.0,1011.0,,5.0,347.0,297.72773703593356,1.270667995354782,,26.520278208369348,1.9916587156919465,,,,,,,,,,,,,,,,
420,2025-05-16 09:10:11.096122,39.9640548,0.2664904,4.280645847320557,88.7925411724358,23.670000000000016,49.0,1011.0,,5.0,346.0,295.2633247209677,1.3375369739264962,,24.055865893403507,1.8268900480748058,,,,,,,,,,,,,,,,
421,2025-05-16 09:10:16.094280,39.9640548,0.2664904,4.280645847320557,88.7925411724358,23.670000000000016,49.0,1011.0,,4.9,345.0,289.6320792936626,1.3464851927770114,,18.424620466098418,1.438206961437761,,,,,,,,,,,,,,,,
422,2025-05-16 09:10:21.094606,39.9640548,0.2664904,4.280645847320557,88.7925411724358,23.670000000000016,49.0,1011.0,,5.2,346.0,301.30065425021894,1.472279935364861,,30.09319542265473,2.2239190946103857,,,,,,,,,,,,,,,,
423,2025-05-16 09:10:26.096099,39.9640548,0.2664904,4.280645847320557,88.7925411724358,23.670000000000016,49.0,1011.0,,5.3,345.0,301.44400581362265,1.6078536228987268,,30.236546986058443,2.233063307156848,,,,,,,,,,,,,,,,
424,2025-05-16 09:10:31.096103,39.9640548,0.2664904,4.280645847320557,88.7925411724358,23.670000000000016,49.0,1011.0,,5.2,343.0,294.4776304917915,1.6704694709475074,,23.27017166422729,1.7736339931697684,,,,,,,,,,,,,,,,
425,2025-05-16 09:10:36.095561,39.9640548,0.2664904,4.280645847320557,88.7925411724358,23.670000000000016,49.0,1011.0,,5.1,343.0,291.8037325373796,1.6059852582900178,,20.596273709815364,1.5899531000085236,,,,,,,,,,,,,,,,
426,2025-05-16 09:10:41.096153,39.9640548,0.2664904,4.280645847320557,88.7925411724358,23.670000000000016,49.0,1011.0,,5.1,342.0,289.8756693244732,1.675810363470009,,18.668210496909012,1.4553349417781798,,,,,,,,,,,,,,,,
427,2025-05-16 09:10:46.094180,39.9640548,0.2664904,4.280645847320557,88.7925411724358,23.670000000000016,49.0,1011.0,,5.1,342.0,289.8756693244732,1.675810363470009,,18.668210496909012,1.4553349417781798,,,,,,,,,,,,,,,,
428,2025-05-16 09:10:51.094695,39.9640548,0.2664904,4.280645847320557,88.7925411724358,23.670000000000016,49.0,1011.0,,5.1,344.0,293.8606707037145,1.5371258321082841,,22.653211876150294,1.7315808487784508,,,,,,,,,,,,,,,,
429,2025-05-16 09:10:56.094623,39.9640548,0.2664904,4.280645847320557,88.7925411724358,23.670000000000016,49.0,1011.0,,4.9,347.0,294.1304277951771,1.2078012207040598,,22.922968967612917,1.7499929908246257,,,,,,,,,,,,,,,,
430,2025-05-16 09:11:01.096141,39.9640548,0.2664904,4.280645847320557,88.7925411724358,23.670000000000016,49.0,1011.0,,5.1,343.0,291.8037325373796,1.6059852582900178,,20.596273709815364,1.5899531000085236,,,,,,,,,,,,,,,,
431,2025-05-16 09:11:06.095592,39.9640548,0.2664904,4.280645847320557,88.7925411724358,23.670000000000016,49.0,1011.0,,5.3,345.0,301.44400581362265,1.6078536228987268,,30.236546986058443,2.233063307156848,,,,,,,,,,,,,,,,
432,2025-05-16 09:11:11.095615,39.9640548,0.2664904,4.280645847320557,88.7925411724358,23.670000000000016,49.0,1011.0,,5.3,344.0,299.1277468701078,1.6723718094287263,,27.920288042543575,2.083640617939505,,,,,,,,,,,,,,,,
433,2025-05-16 09:11:16.095801,39.9640548,0.2664904,4.280645847320557,88.7925411724358,23.670000000000016,49.0,1011.0,,5.2,343.0,294.4776304917915,1.6704694709475074,,23.27017166422729,1.7736339931697684,,,,,,,,,,,,,,,,
434,2025-05-16 09:11:21.094789,39.9640548,0.2664904,4.280645847320557,88.7925411724358,23.670000000000016,49.0,1011.0,,5.1,347.0,300.9744508460834,1.3380622257965673,,29.766992018519204,2.203059206085815,,,,,,,,,,,,,,,,
435,2025-05-16 09:11:26.096133,39.9640548,0.2664904,4.280645847320557,88.7925411724358,23.670000000000016,49.0,1011.0,,5.2,342.0,292.4772640837373,1.7389977426392145,,21.269805256173072,1.6365627859512095,,,,,,,,,,,,,,,,
436,2025-05-16 09:11:31.096156,39.9640548,0.2664904,4.280645847320557,88.7925411724358,23.670000000000016,49.0,1011.0,,5.1,345.0,296.0623830761324,1.4693902897182063,,24.85492424856818,1.8806995476195285,,,,,,,,,,,,,,,,
437,2025-05-16 09:11:36.094203,39.9640548,0.2664904,4.280645847320557,88.7925411724358,23.670000000000016,49.0,1011.0,,5.3,347.0,306.54046904589495,1.4839262958358523,,35.33301021833074,2.54865551596805,,,,,,,,,,,,,,,,
438,2025-05-16 09:11:41.095602,39.9640548,0.2664904,4.280645847320557,88.7925411724358,23.670000000000016,49.0,1011.0,,5.3,346.0,303.9101035504649,1.5449626965744876,,32.702644722900686,2.388135782298088,,,,,,,,,,,,,,,,
439,2025-05-16 09:11:46.096136,39.9640548,0.2664904,4.280645847320557,88.7925411724358,23.670000000000016,49.0,1011.0,,5.7,346.0,312.19270076966006,1.8612135387219089,,40.985241942095854,2.8749939409006635,,,,,,,,,,,,,,,,
440,2025-05-16 09:11:51.095838,39.9640548,0.2664904,4.280645847320557,88.7925411724358,23.670000000000016,49.0,1011.0,,5.4,349.0,314.71421967656227,1.4499472213176527,,43.506760848998056,3.011738653933086,,,,,,,,,,,,,,,,
441,2025-05-16 09:11:56.095536,39.9640548,0.2664904,4.280645847320557,88.7925411724358,23.670000000000016,49.0,1011.0,,5.4,346.0,306.28064848158846,1.6205589342987394,,35.07318965402425,2.5330334172124482,,,,,,,,,,,,,,,,
442,2025-05-16 09:12:01.096110,39.9640548,0.2664904,4.280645847320557,88.7925411724358,23.670000000000016,49.0,1011.0,,5.6,347.0,313.02706738825833,1.7232171507175997,,41.81960856069412,2.9208720958638152,,,,,,,,,,,,,,,,
443,2025-05-16 09:12:06.095814,39.9640548,0.2664904,4.280645847320557,88.7925411724358,23.670000000000016,49.0,1011.0,,5.5,349.0,316.81927008079293,1.5336059726404092,,45.61181125322872,3.121441889671033,,,,,,,,,,,,,,,,
444,2025-05-16 09:12:11.095698,39.9640548,0.2664904,4.280645847320557,88.7925411724358,23.670000000000016,49.0,1011.0,,5.4,348.0,311.7296126883302,1.5043973699083764,,40.52215386076597,2.8492670403140123,,,,,,,,,,,,,,,,
445,2025-05-16 09:12:16.095790,39.9640548,0.2664904,4.280645847320557,88.7925411724358,23.670000000000016,49.0,1011.0,,5.3,350.0,315.57010977522856,1.314697210680193,,44.36265094766435,3.0568416471685174,,,,,,,,,,,,,,,,
446,2025-05-16 09:12:21.095209,39.9640548,0.2664904,4.280645847320557,88.7925411724358,23.670000000000016,49.0,1011.0,,5.3,350.0,315.57010977522856,1.314697210680193,,44.36265094766435,3.0568416471685174,,,,,,,,,,,,,,,,
447,2025-05-16 09:12:26.094128,39.9640548,0.2664904,4.280645847320557,88.7925411724358,23.670000000000016,49.0,1011.0,,5.2,349.0,309.70237811981696,1.289630286238528,,38.494919292252746,2.734475504295462,,,,,,,,,,,,,,,,
448,2025-05-16 09:12:31.094334,39.9640548,0.2664904,4.280645847320557,88.7925411724358,23.670000000000016,49.0,1011.0,,5.2,352.0,320.2044191907061,1.130692332059487,,48.99696036314191,3.288961006081995,,,,,,,,,,,,,,,,
449,2025-05-16 09:12:36.095789,39.9640548,0.2664904,4.280645847320557,88.7925411724358,23.670000000000016,49.0,1011.0,,5.2,353.0,324.2592785680473,1.0849183482131324,,53.0518197404831,3.47446576046233,,,,,,,,,,,,,,,,
450,2025-05-16 09:12:41.096097,39.9640548,0.2664904,4.280645847320557,88.7925411724358,23.670000000000016,49.0,1011.0,,5.4,350.0,317.88743745976353,1.398322606590525,,46.67997863219932,3.17550648750819,,,,,,,,,,,,,,,,
451,2025-05-16 09:12:46.095792,39.9640548,0.2664904,4.280645847320557,88.7925411724358,23.670000000000016,49.0,1011.0,,5.3,349.0,312.3550357643687,1.368483324668308,,41.14757693680451,2.8839681045566365,,,,,,,,,,,,,,,,
452,2025-05-16 09:12:51.094370,39.9640548,0.2664904,4.280645847320557,88.7925411724358,23.670000000000016,49.0,1011.0,,5.3,350.0,315.57010977522856,1.314697210680193,,44.36265094766435,3.0568416471685174,,,,,,,,,,,,,,,,
453,2025-05-16 09:12:56.094407,39.9640548,0.2664904,4.280645847320557,88.7925411724358,23.670000000000016,49.0,1011.0,,5.3,351.0,319.00977929259955,1.2640104975269562,,47.802320465035336,3.2311237161164184,,,,,,,,,,,,,,,,
454,2025-05-16 09:13:01.097104,39.9640548,0.2664904,4.280645847320557,88.7925411724358,23.670000000000016,49.0,1011.0,,5.3,355.0,335.18881781329287,1.1007942026488653,,63.98135898572866,3.885523394221851,,,,,,,,,,,,,,,,
455,2025-05-16 09:13:06.094379,39.9640548,0.2664904,4.280645847320557,88.7925411724358,23.670000000000016,49.0,1011.0,,5.3,351.0,319.00977929259955,1.2640104975269562,,47.802320465035336,3.2311237161164184,,,,,,,,,,,,,,,,
456,2025-05-16 09:13:11.094270,39.9640548,0.2664904,4.280645847320557,88.7925411724358,23.670000000000016,49.0,1011.0,,5.2,350.0,312.942957194832,1.2335118156865934,,41.73549836726778,2.9162751580025312,,,,,,,,,,,,,,,,
457,2025-05-16 09:13:16.093792,39.9640548,0.2664904,4.280645847320557,88.7925411724358,23.670000000000016,49.0,1011.0,,5.1,351.0,313.4798070231285,1.0994999478419942,,42.27234819556429,2.9455076406440823,,,,,,,,,,,,,,,,
458,2025-05-16 09:13:21.094050,39.9640548,0.2664904,4.280645847320557,88.7925411724358,23.670000000000016,49.0,1011.0,,5.2,349.0,309.70237811981696,1.289630286238528,,38.494919292252746,2.734475504295462,,,,,,,,,,,,,,,,
459,2025-05-16 09:13:26.095985,39.9640548,0.2664904,4.280645847320557,88.7925411724358,23.670000000000016,49.0,1011.0,,5.5,349.0,316.81927008079293,1.5336059726404092,,45.61181125322872,3.121441889671033,,,,,,,,,,,,,,,,
460,2025-05-16 09:13:31.095921,39.9640548,0.2664904,4.280645847320557,88.7925411724358,23.670000000000016,49.0,1011.0,,5.2,351.0,316.4373969651182,1.1803860964029709,,45.22993813755397,3.101849392987049,,,,,,,,,,,,,,,,
461,2025-05-16 09:13:36.093704,39.9640548,0.2664904,4.280645847320557,88.7925411724358,23.670000000000016,49.0,1011.0,,5.1,353.0,321.49873665530174,0.9983964817390918,,50.29127782773753,3.350009599100509,,,,,,,,,,,,,,,,
462,2025-05-16 09:13:41.093618,39.9640548,0.2664904,4.280645847320557,88.7925411724358,23.670000000000016,49.0,1011.0,,5.1,352.0,317.3199296266949,1.0470255627331515,,46.112470799130676,3.146918678660806,,,,,,,,,,,,,,,,
463,2025-05-16 09:13:46.095971,39.9640548,0.2664904,4.280645847320557,88.7925411724358,23.670000000000016,49.0,1011.0,,5.2,351.0,316.4373969651182,1.1803860964029709,,45.22993813755397,3.101849392987049,,,,,,,,,,,,,,,,
464,2025-05-16 09:13:51.095313,39.9640548,0.2664904,4.280645847320557,88.7925411724358,23.670000000000016,49.0,1011.0,,5.1,350.0,309.9529765631927,1.1552809368749217,,38.74551773562848,2.748853929803183,,,,,,,,,,,,,,,,
465,2025-05-16 09:13:56.094487,39.9640548,0.2664904,4.280645847320557,88.7925411724358,23.670000000000016,49.0,1011.0,,5.2,352.0,320.2044191907061,1.130692332059487,,48.99696036314191,3.288961006081995,,,,,,,,,,,,,,,,
466,2025-05-16 09:14:01.095992,39.9640548,0.2664904,4.280645847320557,88.7925411724358,23.670000000000016,49.0,1011.0,,5.0,353.0,318.2237036528489,0.9146273816196853,,47.01624482528467,3.1922988530409735,,,,,,,,,,,,,,,,
467,2025-05-16 09:14:06.094279,39.9640548,0.2664904,4.280645847320557,88.7925411724358,23.670000000000016,49.0,1011.0,,5.1,352.0,317.3199296266949,1.0470255627331515,,46.112470799130676,3.146918678660806,,,,,,,,,,,,,,,,
468,2025-05-16 09:14:11.095814,39.9640548,0.2664904,4.280645847320557,88.7925411724358,23.670000000000016,49.0,1011.0,,5.0,352.0,313.9447741166474,0.9664677481712599,,42.7373152890832,2.9706170911688643,,,,,,,,,,,,,,,,
469,2025-05-16 09:14:16.094160,39.9640548,0.2664904,4.280645847320557,88.7925411724358,23.670000000000016,49.0,1011.0,,5.2,353.0,324.2592785680473,1.0849183482131324,,53.0518197404831,3.47446576046233,,,,,,,,,,,,,,,,
470,2025-05-16 09:14:21.096041,39.9640548,0.2664904,4.280645847320557,88.7925411724358,23.670000000000016,49.0,1011.0,,5.2,354.0,328.6112536988952,1.0435948671855466,,57.403794871331,3.6541866594123493,,,,,,,,,,,,,,,,
471,2025-05-16 09:14:26.096064,39.9640548,0.2664904,4.280645847320557,88.7925411724358,23.670000000000016,49.0,1011.0,,5.2,356.0,338.1953885883693,0.9765538462882684,,66.98792976080512,3.9743910408118275,,,,,,,,,,,,,,,,
472,2025-05-16 09:14:31.095822,39.9640548,0.2664904,4.280645847320557,88.7925411724358,23.670000000000016,49.0,1011.0,,5.3,356.0,339.8295809200082,1.072200416370101,,68.62212209244399,4.018118844853559,,,,,,,,,,,,,,,,
473,2025-05-16 09:14:36.095419,39.9640548,0.2664904,4.280645847320557,88.7925411724358,23.670000000000016,49.0,1011.0,,5.0,355.0,328.10807043541206,0.82484052706621,,56.90061160784785,3.634465716695513,,,,,,,,,,,,,,,,
474,2025-05-16 09:14:41.096146,39.9640548,0.2664904,4.280645847320557,88.7925411724358,23.670000000000016,49.0,1011.0,,5.2,359.0,354.357577365749,0.9230343841107294,,83.15011853818481,4.259905584743208,,,,,,,,,,,,,,,,
475,2025-05-16 09:14:46.094673,39.9640548,0.2664904,4.280645847320557,88.7925411724358,23.670000000000016,49.0,1011.0,,5.1,356.0,336.2083744528325,0.8818736284392498,,65.0009156252683,3.9168707457026213,,,,,,,,,,,,,,,,
476,2025-05-16 09:14:51.095582,39.9640548,0.2664904,4.280645847320557,88.7925411724358,23.670000000000016,49.0,1011.0,,5.2,353.0,324.2592785680473,1.0849183482131324,,53.0518197404831,3.47446576046233,,,,,,,,,,,,,,,,
477,2025-05-16 09:14:56.094701,39.9640548,0.2664904,4.280645847320557,88.7925411724358,23.670000000000016,49.0,1011.0,,5.5,355.0,338.1991432795989,1.2907382374368834,,66.99168445203469,3.974495228641308,,,,,,,,,,,,,,,,
478,2025-05-16 09:15:01.094183,39.9640548,0.2664904,4.280645847320557,88.7925411724358,23.670000000000016,49.0,1011.0,,5.6,352.0,328.3597569348569,1.4856902883252339,,57.152298107292665,3.64436504098046,,,,,,,,,,,,,,,,
479,2025-05-16 09:15:06.094649,39.9640548,0.2664904,4.280645847320557,88.7925411724358,23.670000000000016,49.0,1011.0,,5.6,356.0,343.34414715189735,1.3628949656358753,,72.13668832433314,4.101045467302803,,,,,,,,,,,,,,,,
480,2025-05-16 09:15:11.094389,39.9640548,0.2664904,4.280645847320557,88.7925411724358,23.670000000000016,49.0,1011.0,,5.6,357.0,347.4047328377638,1.3440237778565791,,76.19727401019958,4.177631154815669,,,,,,,,,,,,,,,,
481,2025-05-16 09:15:16.094509,39.9640548,0.2664904,4.280645847320557,88.7925411724358,23.670000000000016,49.0,1011.0,,5.4,358.0,350.41551850634505,1.1318641173142605,,79.20805967878084,4.220893039893377,,,,,,,,,,,,,,,,
482,2025-05-16 09:15:21.093899,39.9640548,0.2664904,4.280645847320557,88.7925411724358,23.670000000000016,49.0,1011.0,,5.3,357.0,344.6734638579207,1.0494129492336013,,73.46600503035648,4.128405123133891,,,,,,,,,,,,,,,,
483,2025-05-16 09:15:26.095599,39.9640548,0.2664904,4.280645847320557,88.7925411724358,23.670000000000016,49.0,1011.0,,5.3,358.0,349.6832968196367,1.0328233240828257,,78.47583799207251,4.211440092511936,,,,,,,,,,,,,,,,
484,2025-05-16 09:15:31.096066,39.9640548,0.2664904,4.280645847320557,88.7925411724358,23.670000000000016,49.0,1011.0,,5.5,2.0,8.97017387595275,1.2310600072123572,,97.76271504838856,4.228292011546018,,,,,,,,,,,,,,,,
485,2025-05-16 09:15:36.095202,39.9640548,0.2664904,4.280645847320557,88.7925411724358,23.670000000000016,49.0,1011.0,,5.3,356.0,339.8295809200082,1.072200416370101,,68.62212209244399,4.018118844853559,,,,,,,,,,,,,,,,
486,2025-05-16 09:15:41.094582,39.9640548,0.2664904,4.280645847320557,88.7925411724358,23.670000000000016,49.0,1011.0,,5.7,357.0,348.0667243717728,1.4427210545535494,,76.8592655442086,4.1881370797297865,,,,,,,,,,,,,,,,
487,2025-05-16 09:15:46.095541,39.9640548,0.2664904,4.280645847320557,88.7925411724358,23.670000000000016,49.0,1011.0,,5.6,359.0,355.76072182476963,1.3221185146843826,,84.55326299720542,4.268934152866222,,,,,,,,,,,,,,,,
488,2025-05-16 09:15:51.096139,39.9640548,0.2664904,4.280645847320557,88.7925411724358,23.670000000000016,49.0,1011.0,,5.6,357.0,347.4047328377638,1.3440237778565791,,76.19727401019958,4.177631154815669,,,,,,,,,,,,,,,,
489,2025-05-16 09:15:56.096159,39.9640548,0.2664904,4.280645847320557,88.7925411724358,23.670000000000016,49.0,1011.0,,5.5,358.0,351.0298261240473,1.2310600072123576,,79.8223672964831,4.228292011546019,,,,,,,,,,,,,,,,
490,2025-05-16 09:16:01.095567,39.9640548,0.2664904,4.280645847320557,88.7925411724358,23.670000000000016,49.0,1011.0,,5.2,357.0,343.38845995878114,0.9519576735396039,,72.18100113121693,4.101993152997804,,,,,,,,,,,,,,,,
491,2025-05-16 09:16:06.094618,39.9640548,0.2664904,4.280645847320557,88.7925411724358,23.670000000000016,49.0,1011.0,,5.4,357.0,345.73964592947283,1.147306264180321,,74.53218710190862,4.148743784987155,,,,,,,,,,,,,,,,
492,2025-05-16 09:16:11.094177,39.9640548,0.2664904,4.280645847320557,88.7925411724358,23.670000000000016,49.0,1011.0,,5.4,3.0,14.260354070527258,1.1473062641803211,,103.05289524296306,4.148743784987153,,,,,,,,,,,,,,,,
493,2025-05-16 09:16:16.095976,39.9640548,0.2664904,4.280645847320557,88.7925411724358,23.670000000000016,49.0,1011.0,,5.4,358.0,350.41551850634505,1.1318641173142605,,79.20805967878084,4.220893039893377,,,,,,,,,,,,,,,,
494,2025-05-16 09:16:21.094461,39.9640548,0.2664904,4.280645847320557,88.7925411724358,23.670000000000016,49.0,1011.0,,5.4,356.0,341.1951843706411,1.1685760784082548,,69.98772554307686,4.052154264397251,,,,,,,,,,,,,,,,
495,2025-05-16 09:16:26.096407,39.9640548,0.2664904,4.280645847320557,88.7925411724358,23.670000000000016,49.0,1011.0,,5.3,357.0,344.6734638579207,1.0494129492336013,,73.46600503035648,4.128405123133891,,,,,,,,,,,,,,,,
496,2025-05-16 09:16:31.095526,39.9640548,0.2664904,4.280645847320557,88.7925411724358,23.670000000000016,49.0,1011.0,,5.2,357.0,343.38845995878114,0.9519576735396039,,72.18100113121693,4.101993152997804,,,,,,,,,,,,,,,,
497,2025-05-16 09:16:36.095119,39.9640548,0.2664904,4.280645847320557,88.7925411724358,23.670000000000016,49.0,1011.0,,5.3,1.0,5.1889935542368235,1.022738332813347,,93.98153472667263,4.263102864456187,,,,,,,,,,,,,,,,
498,2025-05-16 09:16:41.094269,39.9640548,0.2664904,4.280645847320557,88.7925411724358,23.670000000000016,49.0,1011.0,,5.2,359.0,354.357577365749,0.9230343841107294,,83.15011853818481,4.259905584743208,,,,,,,,,,,,,,,,
499,2025-05-16 09:16:46.095222,39.9640548,0.2664904,4.280645847320557,88.7925411724358,23.670000000000016,49.0,1011.0,,5.3,359.0,354.81100644576316,1.022738332813344,,83.60354761819895,4.263102864456186,,,,,,,,,,,,,,,,
500,2025-05-16 09:16:51.096141,39.9640548,0.2664904,4.280645847320557,88.7925411724358,23.670000000000016,49.0,1011.0,,5.2,358.0,348.7959332336462,0.9339869685790136,,77.58847440608201,4.199062586641582,,,,,,,,,,,,,,,,
501,2025-05-16 09:16:56.095601,39.9640548,0.2664904,4.280645847320557,88.7925411724358,23.670000000000016,49.0,1011.0,,5.4,359.0,355.18386265831117,1.1224949534679223,,83.97640383074696,4.265531965052999,,,,,,,,,,,,,,,,
502,2025-05-16 09:17:01.095899,39.9640548,0.2664904,4.280645847320557,88.7925411724358,23.670000000000016,49.0,1011.0,,5.4,355.0,336.81355327227914,1.1953562385680334,,65.60609444471493,3.9348916620885452,,,,,,,,,,,,,,,,
503,2025-05-16 09:17:06.094451,39.9640548,0.2664904,4.280645847320557,88.7925411724358,23.670000000000016,49.0,1011.0,,5.6,357.0,347.4047328377638,1.3440237778565791,,76.19727401019958,4.177631154815669,,,,,,,,,,,,,,,,
504,2025-05-16 09:17:11.093834,39.9640548,0.2664904,4.280645847320557,88.7925411724358,23.670000000000016,49.0,1011.0,,5.7,2.0,7.997536158772046,1.429787908728379,,96.79007733120785,4.23901251083185,,,,,,,,,,,,,,,,
505,2025-05-16 09:17:16.096336,39.9640548,0.2664904,4.280645847320557,88.7925411724358,23.670000000000016,49.0,1011.0,,6.0,3.0,10.398845657546518,1.7397058425713277,,99.19138682998232,4.210336699648072,,,,,,,,,,,,,,,,
506,2025-05-16 09:17:21.093631,39.9640548,0.2664904,4.280645847320557,88.7925411724358,23.670000000000016,49.0,1011.0,,5.7,3.0,11.933275628227285,1.4427210545535505,,100.7258168006631,4.188137079729786,,,,,,,,,,,,,,,,
507,2025-05-16 09:17:26.095815,39.9640548,0.2664904,4.280645847320557,88.7925411724358,23.670000000000016,49.0,1011.0,,5.6,4.0,16.65585284810258,1.3628949656358762,,105.44839402053839,4.101045467302805,,,,,,,,,,,,,,,,
508,2025-05-16 09:17:31.094407,39.9640548,0.2664904,4.280645847320557,88.7925411724358,23.670000000000016,49.0,1011.0,,5.5,2.0,8.97017387595275,1.2310600072123572,,97.76271504838856,4.228292011546018,,,,,,,,,,,,,,,,
509,2025-05-16 09:17:36.094825,39.9640548,0.2664904,4.280645847320557,88.7925411724358,23.670000000000016,49.0,1011.0,,5.7,3.0,11.933275628227285,1.4427210545535505,,100.7258168006631,4.188137079729786,,,,,,,,,,,,,,,,
510,2025-05-16 09:17:41.096117,39.9640548,0.2664904,4.280645847320557,88.7925411724358,23.670000000000016,49.0,1011.0,,5.5,2.0,8.97017387595275,1.2310600072123572,,97.76271504838856,4.228292011546018,,,,,,,,,,,,,,,,
511,2025-05-16 09:17:46.094369,39.9640548,0.2664904,4.280645847320557,88.7925411724358,23.670000000000016,49.0,1011.0,,5.7,2.0,7.997536158772046,1.429787908728379,,96.79007733120785,4.23901251083185,,,,,,,,,,,,,,,,
512,2025-05-16 09:17:51.096117,39.9640548,0.2664904,4.280645847320557,88.7925411724358,23.670000000000016,49.0,1011.0,,5.6,1.0,4.239278175230329,1.3221185146843994,,93.03181934766613,4.268934152866222,,,,,,,,,,,,,,,,
513,2025-05-16 09:17:56.094716,39.9640548,0.2664904,4.280645847320557,88.7925411724358,23.670000000000016,49.0,1011.0,,5.5,2.0,8.97017387595275,1.2310600072123572,,97.76271504838856,4.228292011546018,,,,,,,,,,,,,,,,
514,2025-05-16 09:18:01.095595,39.9640548,0.2664904,4.280645847320557,88.7925411724358,23.670000000000016,49.0,1011.0,,5.5,1.0,4.504154822813965,1.2222913497673666,,93.29669599524976,4.267425678863978,,,,,,,,,,,,,,,,
515,2025-05-16 09:18:06.096182,39.9640548,0.2664904,4.280645847320557,88.7925411724358,23.670000000000016,49.0,1011.0,,5.5,2.0,8.97017387595275,1.2310600072123572,,97.76271504838856,4.228292011546018,,,,,,,,,,,,,,,,
516,2025-05-16 09:18:11.095244,39.9640548,0.2664904,4.280645847320557,88.7925411724358,23.670000000000016,49.0,1011.0,,5.6,2.0,8.447532973673905,1.3303763011463254,,97.2400741461097,4.234204268919231,,,,,,,,,,,,,,,,
517,2025-05-16 09:18:16.094262,39.9640548,0.2664904,4.280645847320557,88.7925411724358,23.670000000000016,49.0,1011.0,,5.4,1.0,4.816137341688796,1.1224949534679338,,93.6086785141246,4.2655319650529995,,,,,,,,,,,,,,,,
518,2025-05-16 09:18:21.094570,39.9640548,0.2664904,4.280645847320557,88.7925411724358,23.670000000000016,49.0,1011.0,,5.4,1.0,4.816137341688796,1.1224949534679338,,93.6086785141246,4.2655319650529995,,,,,,,,,,,,,,,,
519,2025-05-16 09:18:26.094609,39.9640548,0.2664904,4.280645847320557,88.7925411724358,23.670000000000016,49.0,1011.0,,5.6,2.0,8.447532973673905,1.3303763011463254,,97.2400741461097,4.234204268919231,,,,,,,,,,,,,,,,
520,2025-05-16 09:18:31.096,39.9640548,0.2664904,4.280645847320557,88.7925411724358,23.670000000000016,49.0,1011.0,,5.5,2.0,8.97017387595275,1.2310600072123572,,97.76271504838856,4.228292011546018,,,,,,,,,,,,,,,,
521,2025-05-16 09:18:36.094465,39.9640548,0.2664904,4.280645847320557,88.7925411724358,23.670000000000016,49.0,1011.0,,5.5,2.0,8.97017387595275,1.2310600072123572,,97.76271504838856,4.228292011546018,,,,,,,,,,,,,,,,
522,2025-05-16 09:18:41.096146,39.9640548,0.2664904,4.280645847320557,88.7925411724358,23.670000000000016,49.0,1011.0,,5.6,3.0,12.595267162236292,1.3440237778565791,,101.3878083346721,4.177631154815667,,,,,,,,,,,,,,,,
523,2025-05-16 09:18:46.095124,39.9640548,0.2664904,4.280645847320557,88.7925411724358,23.670000000000016,49.0,1011.0,,5.5,2.0,8.97017387595275,1.2310600072123572,,97.76271504838856,4.228292011546018,,,,,,,,,,,,,,,,
524,2025-05-16 09:18:51.095558,39.9640548,0.2664904,4.280645847320557,88.7925411724358,23.670000000000016,49.0,1011.0,,5.5,3.0,13.362067687444027,1.2455343390029996,,102.15460885987983,4.16476487853646,,,,,,,,,,,,,,,,
525,2025-05-16 09:18:56.096163,39.9640548,0.2664904,4.280645847320557,88.7925411724358,23.670000000000016,49.0,1011.0,,5.7,5.0,19.56732302197917,1.4833281897739303,,108.35986419441497,4.033432619204435,,,,,,,,,,,,,,,,
526,2025-05-16 09:19:01.096154,39.9640548,0.2664904,4.280645847320557,88.7925411724358,23.670000000000016,49.0,1011.0,,5.7,6.0,23.22996089463843,1.5105939975183422,,112.02250206707424,3.933610528044787,,,,,,,,,,,,,,,,
527,2025-05-16 09:19:06.095058,39.9640548,0.2664904,4.280645847320557,88.7925411724358,23.670000000000016,49.0,1011.0,,5.8,3.0,11.356124908696883,1.5415862502825917,,100.14866608113269,4.196840416935784,,,,,,,,,,,,,,,,
528,2025-05-16 09:19:11.096108,39.9640548,0.2664904,4.280645847320557,88.7925411724358,23.670000000000016,49.0,1011.0,,5.5,1.0,4.504154822813965,1.2222913497673666,,93.29669599524976,4.267425678863978,,,,,,,,,,,,,,,,
529,2025-05-16 09:19:16.095606,39.9640548,0.2664904,4.280645847320557,88.7925411724358,23.670000000000016,49.0,1011.0,,5.4,4.0,18.804815629358846,1.168576078408255,,107.59735680179465,4.052154264397253,,,,,,,,,,,,,,,,
530,2025-05-16 09:19:21.093529,39.9640548,0.2664904,4.280645847320557,88.7925411724358,23.670000000000016,49.0,1011.0,,5.6,2.0,8.447532973673905,1.3303763011463254,,97.2400741461097,4.234204268919231,,,,,,,,,,,,,,,,
531,2025-05-16 09:19:26.095235,39.9640548,0.2664904,4.280645847320557,88.7925411724358,23.670000000000016,49.0,1011.0,,5.5,3.0,13.362067687444027,1.2455343390029996,,102.15460885987983,4.16476487853646,,,,,,,,,,,,,,,,
532,2025-05-16 09:19:31.094326,39.9640548,0.2664904,4.280645847320557,88.7925411724358,23.670000000000016,49.0,1011.0,,5.6,5.0,20.606548402941847,1.386771018618373,,109.39908957537764,4.006767203286792,,,,,,,,,,,,,,,,
533,2025-05-16 09:19:36.095792,39.9640548,0.2664904,4.280645847320557,88.7925411724358,23.670000000000016,49.0,1011.0,,5.4,4.0,18.804815629358846,1.168576078408255,,107.59735680179465,4.052154264397253,,,,,,,,,,,,,,,,
534,2025-05-16 09:19:41.094609,39.9640548,0.2664904,4.280645847320557,88.7925411724358,23.670000000000016,49.0,1011.0,,5.4,8.0,35.163723947531196,1.3049407616060669,,123.956265119967,3.4994694806205198,,,,,,,,,,,,,,,,
535,2025-05-16 09:19:46.095659,39.9640548,0.2664904,4.280645847320557,88.7925411724358,23.670000000000016,49.0,1011.0,,5.3,8.0,37.3138779500509,1.2168269271098382,,126.1064191224867,3.4045118392296287,,,,,,,,,,,,,,,,
536,2025-05-16 09:19:51.096008,39.9640548,0.2664904,4.280645847320557,88.7925411724358,23.670000000000016,49.0,1011.0,,5.3,8.0,37.3138779500509,1.2168269271098382,,126.1064191224867,3.4045118392296287,,,,,,,,,,,,,,,,
537,2025-05-16 09:19:56.095454,39.9640548,0.2664904,4.280645847320557,88.7925411724358,23.670000000000016,49.0,1011.0,,5.4,6.0,27.38215046973437,1.227278223641644,,116.17469164217017,3.8010367624336423,,,,,,,,,,,,,,,,
538,2025-05-16 09:20:01.095451,39.9640548,0.2664904,4.280645847320557,88.7925411724358,23.670000000000016,49.0,1011.0,,5.5,8.0,33.28783953093709,1.3946587439450815,,122.0803807033729,3.578294031098061,,,,,,,,,,,,,,,,
539,2025-05-16 09:20:06.095806,39.9640548,0.2664904,4.280645847320557,88.7925411724358,23.670000000000016,49.0,1011.0,,5.4,5.0,23.186446727720828,1.1953562385680336,,111.97898790015662,3.9348916620885466,,,,,,,,,,,,,,,,
540,2025-05-16 09:20:11.096041,39.9640548,0.2664904,4.280645847320557,88.7925411724358,23.670000000000016,49.0,1011.0,,6.0,7.0,23.588154594438915,1.8273111729023133,,112.38069576687472,3.9229785325594575,,,,,,,,,,,,,,,,
541,2025-05-16 09:20:16.095799,39.9640548,0.2664904,4.280645847320557,88.7925411724358,23.670000000000016,49.0,1011.0,,5.8,8.0,28.889037984941147,1.6708323896629544,,117.68157915737694,3.7479493254248286,,,,,,,,,,,,,,,,
542,2025-05-16 09:20:21.095763,39.9640548,0.2664904,4.280645847320557,88.7925411724358,23.670000000000016,49.0,1011.0,,5.6,10.0,38.232928107009485,1.5713245446965431,,127.02546927944529,3.362453142069445,,,,,,,,,,,,,,,,
543,2025-05-16 09:20:26.094381,39.9640548,0.2664904,4.280645847320557,88.7925411724358,23.670000000000016,49.0,1011.0,,5.6,7.0,28.11000485383696,1.4484671112771488,,116.90254602627276,3.7757205780535066,,,,,,,,,,,,,,,,
544,2025-05-16 09:20:31.095826,39.9640548,0.2664904,4.280645847320557,88.7925411724358,23.670000000000016,49.0,1011.0,,5.7,6.0,23.22996089463843,1.5105939975183422,,112.02250206707424,3.933610528044787,,,,,,,,,,,,,,,,
545,2025-05-16 09:20:36.095846,39.9640548,0.2664904,4.280645847320557,88.7925411724358,23.670000000000016,49.0,1011.0,,5.7,5.0,19.56732302197917,1.4833281897739303,,108.35986419441497,4.033432619204435,,,,,,,,,,,,,,,,
546,2025-05-16 09:20:41.093710,39.9640548,0.2664904,4.280645847320557,88.7925411724358,23.670000000000016,49.0,1011.0,,5.7,7.0,26.771798504279865,1.5421767927160897,,115.56433967671566,3.821793300709876,,,,,,,,,,,,,,,,
547,2025-05-16 09:20:46.094249,39.9640548,0.2664904,4.280645847320557,88.7925411724358,23.670000000000016,49.0,1011.0,,5.6,6.0,24.429111770404273,1.4153916170565515,,113.22165294284008,3.8974152337877324,,,,,,,,,,,,,,,,
548,2025-05-16 09:20:51.095730,39.9640548,0.2664904,4.280645847320557,88.7925411724358,23.670000000000016,49.0,1011.0,,5.4,3.0,14.260354070527258,1.1473062641803211,,103.05289524296306,4.148743784987153,,,,,,,,,,,,,,,,
549,2025-05-16 09:20:56.096135,39.9640548,0.2664904,4.280645847320557,88.7925411724358,23.670000000000016,49.0,1011.0,,5.9,4.0,14.382377248981266,1.656910269702926,,103.17491842141708,4.1464887203680245,,,,,,,,,,,,,,,,
550,2025-05-16 09:21:01.096153,39.9640548,0.2664904,4.280645847320557,88.7925411724358,23.670000000000016,49.0,1011.0,,6.0,5.0,17.13134198822109,1.7752882864685655,,105.9238831606569,4.090722261970484,,,,,,,,,,,,,,,,
551,2025-05-16 09:21:06.093345,39.9640548,0.2664904,4.280645847320557,88.7925411724358,23.670000000000016,49.0,1011.0,,6.0,7.0,23.588154594438915,1.8273111729023133,,112.38069576687472,3.9229785325594575,,,,,,,,,,,,,,,,
552,2025-05-16 09:21:11.096120,39.9640548,0.2664904,4.280645847320557,88.7925411724358,23.670000000000016,49.0,1011.0,,6.0,7.0,23.588154594438915,1.8273111729023133,,112.38069576687472,3.9229785325594575,,,,,,,,,,,,,,,,
553,2025-05-16 09:21:16.093774,39.9640548,0.2664904,4.280645847320557,88.7925411724358,23.670000000000016,49.0,1011.0,,6.0,10.0,32.61526450698276,1.933021016464426,,121.40780567941857,3.6056257953211546,,,,,,,,,,,,,,,,
554,2025-05-16 09:21:21.094151,39.9640548,0.2664904,4.280645847320557,88.7925411724358,23.670000000000016,49.0,1011.0,,5.8,8.0,28.889037984941147,1.6708323896629544,,117.68157915737694,3.7479493254248286,,,,,,,,,,,,,,,,
555,2025-05-16 09:21:26.094626,39.9640548,0.2664904,4.280645847320557,88.7925411724358,23.670000000000016,49.0,1011.0,,5.8,10.0,35.1339563946666,1.7500901512292106,,123.9264975671024,3.5007498281678426,,,,,,,,,,,,,,,,
556,2025-05-16 09:21:31.096126,39.9640548,0.2664904,4.280645847320557,88.7925411724358,23.670000000000016,49.0,1011.0,,5.6,11.0,41.29570776264842,1.6191193946185363,,130.0882489350842,3.2161073329126015,,,,,,,,,,,,,,,,
557,2025-05-16 09:21:36.096202,39.9640548,0.2664904,4.280645847320557,88.7925411724358,23.670000000000016,49.0,1011.0,,5.5,6.0,25.800504762316116,1.3208984192319535,,114.59304593475193,3.853929396708564,,,,,,,,,,,,,,,,
558,2025-05-16 09:21:41.094627,39.9640548,0.2664904,4.280645847320557,88.7925411724358,23.670000000000016,49.0,1011.0,,5.6,4.0,16.65585284810258,1.3628949656358762,,105.44839402053839,4.101045467302805,,,,,,,,,,,,,,,,
559,2025-05-16 09:21:46.094745,39.9640548,0.2664904,4.280645847320557,88.7925411724358,23.670000000000016,49.0,1011.0,,5.5,4.0,17.647846088568297,1.2655142706393385,,106.4403872610041,4.079189385754413,,,,,,,,,,,,,,,,
560,2025-05-16 09:21:51.094264,39.9640548,0.2664904,4.280645847320557,88.7925411724358,23.670000000000016,49.0,1011.0,,5.9,7.0,24.532778244333713,1.7317083573954122,,113.32531941676952,3.8942057527024247,,,,,,,,,,,,,,,,
561,2025-05-16 09:21:56.094277,39.9640548,0.2664904,4.280645847320557,88.7925411724358,23.670000000000016,49.0,1011.0,,5.6,7.0,28.11000485383696,1.4484671112771488,,116.90254602627276,3.7757205780535066,,,,,,,,,,,,,,,,
562,2025-05-16 09:22:01.095772,39.9640548,0.2664904,4.280645847320557,88.7925411724358,23.670000000000016,49.0,1011.0,,5.9,7.0,24.532778244333713,1.7317083573954122,,113.32531941676952,3.8942057527024247,,,,,,,,,,,,,,,,
563,2025-05-16 09:22:06.096172,39.9640548,0.2664904,4.280645847320557,88.7925411724358,23.670000000000016,49.0,1011.0,,5.9,9.0,30.825573466551866,1.8011634422005502,,119.61811463898766,3.6759244258587187,,,,,,,,,,,,,,,,
564,2025-05-16 09:22:11.093803,39.9640548,0.2664904,4.280645847320557,88.7925411724358,23.670000000000016,49.0,1011.0,,5.8,7.0,25.58746953898785,1.6366311580599335,,114.38001071142365,3.8608300715920634,,,,,,,,,,,,,,,,
565,2025-05-16 09:22:16.096007,39.9640548,0.2664904,4.280645847320557,88.7925411724358,23.670000000000016,49.0,1011.0,,5.8,7.0,25.58746953898785,1.6366311580599335,,114.38001071142365,3.8608300715920634,,,,,,,,,,,,,,,,
566,2025-05-16 09:22:21.095430,39.9640548,0.2664904,4.280645847320557,88.7925411724358,23.670000000000016,49.0,1011.0,,5.7,6.0,23.22996089463843,1.5105939975183422,,112.02250206707424,3.933610528044787,,,,,,,,,,,,,,,,
567,2025-05-16 09:22:26.094595,39.9640548,0.2664904,4.280645847320557,88.7925411724358,23.670000000000016,49.0,1011.0,,5.8,6.0,22.173398353518596,1.6063794760401207,,110.9659395259544,3.964074584720434,,,,,,,,,,,,,,,,
568,2025-05-16 09:22:31.095783,39.9640548,0.2664904,4.280645847320557,88.7925411724358,23.670000000000016,49.0,1011.0,,5.6,8.0,31.640243065143014,1.485690288325235,,120.43278423757882,3.6443650409804658,,,,,,,,,,,,,,,,
569,2025-05-16 09:22:36.094652,39.9640548,0.2664904,4.280645847320557,88.7925411724358,23.670000000000016,49.0,1011.0,,5.6,7.0,28.11000485383696,1.4484671112771488,,116.90254602627276,3.7757205780535066,,,,,,,,,,,,,,,,
570,2025-05-16 09:22:41.094268,39.9640548,0.2664904,4.280645847320557,88.7925411724358,23.670000000000016,49.0,1011.0,,6.0,5.0,17.13134198822109,1.7752882864685655,,105.9238831606569,4.090722261970484,,,,,,,,,,,,,,,,
571,2025-05-16 09:22:46.095112,39.9640548,0.2664904,4.280645847320557,88.7925411724358,23.670000000000016,49.0,1011.0,,6.1,6.0,19.64781261836686,1.8963484405974522,,108.44035379080266,4.031414637292005,,,,,,,,,,,,,,,,
572,2025-05-16 09:22:51.095616,39.9640548,0.2664904,4.280645847320557,88.7925411724358,23.670000000000016,49.0,1011.0,,6.0,4.0,13.79413320787237,1.7553654776173602,,102.58667438030818,4.15718645373401,,,,,,,,,,,,,,,,
573,2025-05-16 09:22:56.094712,39.9640548,0.2664904,4.280645847320557,88.7925411724358,23.670000000000016,49.0,1011.0,,6.3,6.0,18.354770653913683,2.091233846217434,,107.1473118263495,4.062867517419927,,,,,,,,,,,,,,,,
574,2025-05-16 09:23:01.094546,39.9640548,0.2664904,4.280645847320557,88.7925411724358,23.670000000000016,49.0,1011.0,,6.0,6.0,20.399177302743094,1.7993267108704585,,109.1917184751789,4.012193680596356,,,,,,,,,,,,,,,,
575,2025-05-16 09:23:06.096093,39.9640548,0.2664904,4.280645847320557,88.7925411724358,23.670000000000016,49.0,1011.0,,6.1,4.0,13.268420436050675,1.8539860512351827,,102.06096160848648,4.166376236042922,,,,,,,,,,,,,,,,
576,2025-05-16 09:23:11.094043,39.9640548,0.2664904,4.280645847320557,88.7925411724358,23.670000000000016,49.0,1011.0,,5.9,6.0,21.2360253720287,1.7026496459188014,,110.0285665444645,3.9899739049773415,,,,,,,,,,,,,,,,
577,2025-05-16 09:23:16.095550,39.9640548,0.2664904,4.280645847320557,88.7925411724358,23.670000000000016,49.0,1011.0,,6.1,5.0,16.48852067278752,1.873173019390001,,105.28106184522332,4.104611215854003,,,,,,,,,,,,,,,,
578,2025-05-16 09:23:21.093651,39.9640548,0.2664904,4.280645847320557,88.7925411724358,23.670000000000016,49.0,1011.0,,6.0,6.0,20.399177302743094,1.7993267108704585,,109.1917184751789,4.012193680596356,,,,,,,,,,,,,,,,
579,2025-05-16 09:23:26.094247,39.9640548,0.2664904,4.280645847320557,88.7925411724358,23.670000000000016,49.0,1011.0,,6.2,8.0,24.898647098127174,2.0495100286147965,,113.69118827056298,3.8827767491290426,,,,,,,,,,,,,,,,
580,2025-05-16 09:23:31.096063,39.9640548,0.2664904,4.280645847320557,88.7925411724358,23.670000000000016,49.0,1011.0,,5.9,8.0,27.731240167465483,1.7646199293639049,,116.52378133990129,3.788971044753331,,,,,,,,,,,,,,,,
581,2025-05-16 09:23:36.096179,39.9640548,0.2664904,4.280645847320557,88.7925411724358,23.670000000000016,49.0,1011.0,,5.9,10.0,33.81205185655656,1.8411118634567878,,122.60459302899235,3.556649244404626,,,,,,,,,,,,,,,,
582,2025-05-16 09:23:41.095867,39.9640548,0.2664904,4.280645847320557,88.7925411724358,23.670000000000016,49.0,1011.0,,5.8,8.0,28.889037984941147,1.6708323896629544,,117.68157915737694,3.7479493254248286,,,,,,,,,,,,,,,,
583,2025-05-16 09:23:46.096020,39.9640548,0.2664904,4.280645847320557,88.7925411724358,23.670000000000016,49.0,1011.0,,5.7,10.0,36.60002534698784,1.660101858651343,,125.39256651942364,3.4365761622570434,,,,,,,,,,,,,,,,
584,2025-05-16 09:23:51.094361,39.9640548,0.2664904,4.280645847320557,88.7925411724358,23.670000000000016,49.0,1011.0,,5.5,8.0,33.28783953093709,1.3946587439450815,,122.0803807033729,3.578294031098061,,,,,,,,,,,,,,,,
585,2025-05-16 09:23:56.095159,39.9640548,0.2664904,4.280645847320557,88.7925411724358,23.670000000000016,49.0,1011.0,,5.8,9.0,32.07229816742178,1.7087359492451826,,120.86483933985758,3.627328315720864,,,,,,,,,,,,,,,,
586,2025-05-16 09:24:01.096156,39.9640548,0.2664904,4.280645847320557,88.7925411724358,23.670000000000016,49.0,1011.0,,5.6,9.0,35.01497999626027,1.5267469147468542,,123.80752116869607,3.5058577439153438,,,,,,,,,,,,,,,,
587,2025-05-16 09:24:06.096116,39.9640548,0.2664904,4.280645847320557,88.7925411724358,23.670000000000016,49.0,1011.0,,5.8,9.0,32.07229816742178,1.7087359492451826,,120.86483933985758,3.627328315720864,,,,,,,,,,,,,,,,
588,2025-05-16 09:24:11.094320,39.9640548,0.2664904,4.280645847320557,88.7925411724358,23.670000000000016,49.0,1011.0,,5.9,10.0,33.81205185655656,1.8411118634567878,,122.60459302899235,3.556649244404626,,,,,,,,,,,,,,,,
589,2025-05-16 09:24:16.095999,39.9640548,0.2664904,4.280645847320557,88.7925411724358,23.670000000000016,49.0,1011.0,,6.0,7.0,23.588154594438915,1.8273111729023133,,112.38069576687472,3.9229785325594575,,,,,,,,,,,,,,,,
590,2025-05-16 09:24:21.094510,39.9640548,0.2664904,4.280645847320557,88.7925411724358,23.670000000000016,49.0,1011.0,,5.9,9.0,30.825573466551866,1.8011634422005502,,119.61811463898766,3.6759244258587187,,,,,,,,,,,,,,,,
591,2025-05-16 09:24:26.096012,39.9640548,0.2664904,4.280645847320557,88.7925411724358,23.670000000000016,49.0,1011.0,,5.9,9.0,30.825573466551866,1.8011634422005502,,119.61811463898766,3.6759244258587187,,,,,,,,,,,,,,,,
592,2025-05-16 09:24:31.093792,39.9640548,0.2664904,4.280645847320557,88.7925411724358,23.670000000000016,49.0,1011.0,,5.9,8.0,27.731240167465483,1.7646199293639049,,116.52378133990129,3.788971044753331,,,,,,,,,,,,,,,,
593,2025-05-16 09:24:36.096478,39.9640548,0.2664904,4.280645847320557,88.7925411724358,23.670000000000016,49.0,1011.0,,5.7,8.0,30.18394073337933,1.5778080534670151,,118.97648190581513,3.7002577248145636,,,,,,,,,,,,,,,,
594,2025-05-16 09:24:41.095973,39.9640548,0.2664904,4.280645847320557,88.7925411724358,23.670000000000016,49.0,1011.0,,6.0,10.0,32.61526450698276,1.933021016464426,,121.40780567941857,3.6056257953211546,,,,,,,,,,,,,,,,
595,2025-05-16 09:24:46.096162,39.9640548,0.2664904,4.280645847320557,88.7925411724358,23.670000000000016,49.0,1011.0,,5.7,7.0,26.771798504279865,1.5421767927160897,,115.56433967671566,3.821793300709876,,,,,,,,,,,,,,,,
596,2025-05-16 09:24:51.094509,39.9640548,0.2664904,4.280645847320557,88.7925411724358,23.670000000000016,49.0,1011.0,,5.8,7.0,25.58746953898785,1.6366311580599335,,114.38001071142365,3.8608300715920634,,,,,,,,,,,,,,,,
597,2025-05-16 09:24:56.096112,39.9640548,0.2664904,4.280645847320557,88.7925411724358,23.670000000000016,49.0,1011.0,,6.1,6.0,19.64781261836686,1.8963484405974522,,108.44035379080266,4.031414637292005,,,,,,,,,,,,,,,,
598,2025-05-16 09:25:01.096146,39.9640548,0.2664904,4.280645847320557,88.7925411724358,23.670000000000016,49.0,1011.0,,6.1,7.0,22.73766503895334,1.9233612271630476,,111.53020621138914,3.9479720463283807,,,,,,,,,,,,,,,,
599,2025-05-16 09:25:06.095585,39.9640548,0.2664904,4.280645847320557,88.7925411724358,23.670000000000016,49.0,1011.0,,6.1,8.0,25.750998780819128,1.9540442002757175,,114.54353995325494,3.85553775883371,,,,,,,,,,,,,,,,
600,2025-05-16 09:25:11.095771,39.9640548,0.2664904,4.280645847320557,88.7925411724358,23.670000000000016,49.0,1011.0,,6.1,4.0,13.268420436050675,1.8539860512351827,,102.06096160848648,4.166376236042922,,,,,,,,,,,,,,,,
601,2025-05-16 09:25:16.095787,39.9640548,0.2664904,4.280645847320557,88.7925411724358,23.670000000000016,49.0,1011.0,,6.1,8.0,25.750998780819128,1.9540442002757175,,114.54353995325494,3.85553775883371,,,,,,,,,,,,,,,,
602,2025-05-16 09:25:21.094898,39.9640548,0.2664904,4.280645847320557,88.7925411724358,23.670000000000016,49.0,1011.0,,6.0,8.0,26.69067891075261,1.8590551675164788,,115.48322008318841,3.8245193747919033,,,,,,,,,,,,,,,,
603,2025-05-16 09:25:26.096235,39.9640548,0.2664904,4.280645847320557,88.7925411724358,23.670000000000016,49.0,1011.0,,6.5,9.0,25.421768253907658,2.368682535330796,,114.21430942634346,3.8661605984438805,,,,,,,,,,,,,,,,
604,2025-05-16 09:25:31.096184,39.9640548,0.2664904,4.280645847320557,88.7925411724358,23.670000000000016,49.0,1011.0,,6.4,10.0,28.79295820113046,2.3073967312580916,,117.58549937356626,3.751411974341644,,,,,,,,,,,,,,,,
605,2025-05-16 09:25:36.096142,39.9640548,0.2664904,4.280645847320557,88.7925411724358,23.670000000000016,49.0,1011.0,,6.6,11.0,29.80940724317766,2.533288566497204,,118.60194841561346,3.7142472471449053,,,,,,,,,,,,,,,,
606,2025-05-16 09:25:41.095797,39.9640548,0.2664904,4.280645847320557,88.7925411724358,23.670000000000016,49.0,1011.0,,6.4,12.0,33.90930785160817,2.3851634150078214,,122.70184902404398,3.5526007373104744,,,,,,,,,,,,,,,,
607,2025-05-16 09:25:46.094328,39.9640548,0.2664904,4.280645847320557,88.7925411724358,23.670000000000016,49.0,1011.0,,6.1,11.0,34.284135657166175,2.0662887715872817,,123.07667682960198,3.5369020156368247,,,,,,,,,,,,,,,,
608,2025-05-16 09:25:51.093654,39.9640548,0.2664904,4.280645847320557,88.7925411724358,23.670000000000016,49.0,1011.0,,6.5,11.0,30.5668940742449,2.4388420667263198,,119.3594352466807,3.6857902257515938,,,,,,,,,,,,,,,,
609,2025-05-16 09:25:56.095781,39.9640548,0.2664904,4.280645847320557,88.7925411724358,23.670000000000016,49.0,1011.0,,6.4,12.0,33.90930785160817,2.3851634150078214,,122.70184902404398,3.5526007373104744,,,,,,,,,,,,,,,,
610,2025-05-16 09:26:01.095231,39.9640548,0.2664904,4.280645847320557,88.7925411724358,23.670000000000016,49.0,1011.0,,6.3,13.0,37.33632066101673,2.3367008598278796,,126.12886183345253,3.403495178811323,,,,,,,,,,,,,,,,
611,2025-05-16 09:26:06.095775,39.9640548,0.2664904,4.280645847320557,88.7925411724358,23.670000000000016,49.0,1011.0,,6.3,12.0,34.84184605332848,2.292689514374181,,123.63438722576429,3.513263749734838,,,,,,,,,,,,,,,,
612,2025-05-16 09:26:11.095810,39.9640548,0.2664904,4.280645847320557,88.7925411724358,23.670000000000016,49.0,1011.0,,6.2,11.0,33.2348089908757,2.1585063405742493,,122.0273501633115,3.580467014844598,,,,,,,,,,,,,,,,
613,2025-05-16 09:26:16.093694,39.9640548,0.2664904,4.280645847320557,88.7925411724358,23.670000000000016,49.0,1011.0,,6.2,9.0,27.755672167587008,2.08264815783906,,116.54821334002281,3.788121320703218,,,,,,,,,,,,,,,,
614,2025-05-16 09:26:21.096630,39.9640548,0.2664904,4.280645847320557,88.7925411724358,23.670000000000016,49.0,1011.0,,6.2,10.0,30.53531837822249,2.1190386883577292,,119.3278595506583,3.686989353453121,,,,,,,,,,,,,,,,
615,2025-05-16 09:26:26.095234,39.9640548,0.2664904,4.280645847320557,88.7925411724358,23.670000000000016,49.0,1011.0,,6.4,8.0,23.412532448706514,2.241628113429059,,112.20507362114232,3.928210577257979,,,,,,,,,,,,,,,,
616,2025-05-16 09:26:31.095214,39.9640548,0.2664904,4.280645847320557,88.7925411724358,23.670000000000016,49.0,1011.0,,6.5,10.0,28.02459070444054,2.402281630398977,,116.81713187687635,3.7787230831569194,,,,,,,,,,,,,,,,
617,2025-05-16 09:26:36.094119,39.9640548,0.2664904,4.280645847320557,88.7925411724358,23.670000000000016,49.0,1011.0,,6.3,11.0,32.271762034517984,2.25138845093662,,121.06430320695378,3.6193934383083675,,,,,,,,,,,,,,,,
618,2025-05-16 09:26:41.094427,39.9640548,0.2664904,4.280645847320557,88.7925411724358,23.670000000000016,49.0,1011.0,,6.2,12.0,35.85247784978683,2.2008738951495754,,124.64501902222264,3.4695820739944048,,,,,,,,,,,,,,,,
619,2025-05-16 09:26:46.095780,39.9640548,0.2664904,4.280645847320557,88.7925411724358,23.670000000000016,49.0,1011.0,,6.4,13.0,36.36388799846932,2.4281647954793097,,125.15642917090513,3.447065637179658,,,,,,,,,,,,,,,,
620,2025-05-16 09:26:51.096116,39.9640548,0.2664904,4.280645847320557,88.7925411724358,23.670000000000016,49.0,1011.0,,6.3,13.0,37.33632066101673,2.3367008598278796,,126.12886183345253,3.403495178811323,,,,,,,,,,,,,,,,
621,2025-05-16 09:26:56.095557,39.9640548,0.2664904,4.280645847320557,88.7925411724358,23.670000000000016,49.0,1011.0,,6.2,14.0,40.840504724138306,2.293604906117334,,129.63304589657412,3.2384495744734467,,,,,,,,,,,,,,,,
622,2025-05-16 09:27:01.095554,39.9640548,0.2664904,4.280645847320557,88.7925411724358,23.670000000000016,49.0,1011.0,,6.0,13.0,40.76513989768128,2.0670584924636697,,129.5576810701171,3.2421289400901334,,,,,,,,,,,,,,,,
623,2025-05-16 09:27:06.096102,39.9640548,0.2664904,4.280645847320557,88.7925411724358,23.670000000000016,49.0,1011.0,,6.0,10.0,32.61526450698276,1.933021016464426,,121.40780567941857,3.6056257953211546,,,,,,,,,,,,,,,,
624,2025-05-16 09:27:11.094866,39.9640548,0.2664904,4.280645847320557,88.7925411724358,23.670000000000016,49.0,1011.0,,6.0,10.0,32.61526450698276,1.933021016464426,,121.40780567941857,3.6056257953211546,,,,,,,,,,,,,,,,
625,2025-05-16 09:27:16.095583,39.9640548,0.2664904,4.280645847320557,88.7925411724358,23.670000000000016,49.0,1011.0,,6.4,11.0,31.385256465940557,2.344856134546926,,120.17779763837636,3.654322451941446,,,,,,,,,,,,,,,,
626,2025-05-16 09:27:21.094958,39.9640548,0.2664904,4.280645847320557,88.7925411724358,23.670000000000016,49.0,1011.0,,6.3,10.0,29.627064123928964,2.212962340187624,,118.41960529636476,3.721000694781884,,,,,,,,,,,,,,,,
627,2025-05-16 09:27:26.096142,39.9640548,0.2664904,4.280645847320557,88.7925411724358,23.670000000000016,49.0,1011.0,,6.5,11.0,30.5668940742449,2.4388420667263198,,119.3594352466807,3.6857902257515938,,,,,,,,,,,,,,,,
628,2025-05-16 09:27:31.096119,39.9640548,0.2664904,4.280645847320557,88.7925411724358,23.670000000000016,49.0,1011.0,,6.5,12.0,33.0465897292442,2.478221907590647,,121.83913090168,3.588154727403995,,,,,,,,,,,,,,,,
629,2025-05-16 09:27:36.096130,39.9640548,0.2664904,4.280645847320557,88.7925411724358,23.670000000000016,49.0,1011.0,,6.4,13.0,36.36388799846932,2.4281647954793097,,125.15642917090513,3.447065637179658,,,,,,,,,,,,,,,,
630,2025-05-16 09:27:41.096126,39.9640548,0.2664904,4.280645847320557,88.7925411724358,23.670000000000016,49.0,1011.0,,6.1,15.0,44.412649670979604,2.255999793721223,,133.2051908434154,3.0577432008072094,,,,,,,,,,,,,,,,
631,2025-05-16 09:27:46.096544,39.9640548,0.2664904,4.280645847320557,88.7925411724358,23.670000000000016,49.0,1011.0,,6.4,12.0,33.90930785160817,2.3851634150078214,,122.70184902404398,3.5526007373104744,,,,,,,,,,,,,,,,
632,2025-05-16 09:27:51.094066,39.9640548,0.2664904,4.280645847320557,88.7925411724358,23.670000000000016,49.0,1011.0,,6.2,12.0,35.85247784978683,2.2008738951495754,,124.64501902222264,3.4695820739944048,,,,,,,,,,,,,,,,
633,2025-05-16 09:27:56.095578,39.9640548,0.2664904,4.280645847320557,88.7925411724358,23.670000000000016,49.0,1011.0,,6.2,13.0,38.38764879302232,2.245964724263413,,127.18018996545813,3.3552872456900613,,,,,,,,,,,,,,,,
634,2025-05-16 09:28:01.094615,39.9640548,0.2664904,4.280645847320557,88.7925411724358,23.670000000000016,49.0,1011.0,,6.1,13.0,39.527077556353134,2.156048277973131,,128.31961872878895,3.3017644127734602,,,,,,,,,,,,,,,,
635,2025-05-16 09:28:06.095014,39.9640548,0.2664904,4.280645847320557,88.7925411724358,23.670000000000016,49.0,1011.0,,6.1,12.0,36.950725983210766,2.1098025015106048,,125.74326715564658,3.4208899942297046,,,,,,,,,,,,,,,,
636,2025-05-16 09:28:11.094604,39.9640548,0.2664904,4.280645847320557,88.7925411724358,23.670000000000016,49.0,1011.0,,6.3,13.0,37.33632066101673,2.3367008598278796,,126.12886183345253,3.403495178811323,,,,,,,,,,,,,,,,
637,2025-05-16 09:28:16.096034,39.9640548,0.2664904,4.280645847320557,88.7925411724358,23.670000000000016,49.0,1011.0,,6.2,11.0,33.2348089908757,2.1585063405742493,,122.0273501633115,3.580467014844598,,,,,,,,,,,,,,,,
638,2025-05-16 09:28:21.096009,39.9640548,0.2664904,4.280645847320557,88.7925411724358,23.670000000000016,49.0,1011.0,,6.4,13.0,36.36388799846932,2.4281647954793097,,125.15642917090513,3.447065637179658,,,,,,,,,,,,,,,,
639,2025-05-16 09:28:26.095444,39.9640548,0.2664904,4.280645847320557,88.7925411724358,23.670000000000016,49.0,1011.0,,6.3,12.0,34.84184605332848,2.292689514374181,,123.63438722576429,3.513263749734838,,,,,,,,,,,,,,,,
640,2025-05-16 09:28:31.095764,39.9640548,0.2664904,4.280645847320557,88.7925411724358,23.670000000000016,49.0,1011.0,,6.0,12.0,38.147577896183556,2.0195760169921693,,126.94011906861937,3.36639565111751,,,,,,,,,,,,,,,,
641,2025-05-16 09:28:36.096002,39.9640548,0.2664904,4.280645847320557,88.7925411724358,23.670000000000016,49.0,1011.0,,6.1,14.0,42.01389278684043,2.2048405701176548,,130.80643395927623,3.1804451941466527,,,,,,,,,,,,,,,,
642,2025-05-16 09:28:41.096113,39.9640548,0.2664904,4.280645847320557,88.7925411724358,23.670000000000016,49.0,1011.0,,6.2,13.0,38.38764879302232,2.245964724263413,,127.18018996545813,3.3552872456900613,,,,,,,,,,,,,,,,
643,2025-05-16 09:28:46.096126,39.9640548,0.2664904,4.280645847320557,88.7925411724358,23.670000000000016,49.0,1011.0,,6.2,13.0,38.38764879302232,2.245964724263413,,127.18018996545813,3.3552872456900613,,,,,,,,,,,,,,,,
644,2025-05-16 09:28:51.094635,39.9640548,0.2664904,4.280645847320557,88.7925411724358,23.670000000000016,49.0,1011.0,,6.1,12.0,36.950725983210766,2.1098025015106048,,125.74326715564658,3.4208899942297046,,,,,,,,,,,,,,,,
645,2025-05-16 09:28:56.096141,39.9640548,0.2664904,4.280645847320557,88.7925411724358,23.670000000000016,49.0,1011.0,,6.0,12.0,38.147577896183556,2.0195760169921693,,126.94011906861937,3.36639565111751,,,,,,,,,,,,,,,,
646,2025-05-16 09:29:01.096117,39.9640548,0.2664904,4.280645847320557,88.7925411724358,23.670000000000016,49.0,1011.0,,6.0,10.0,32.61526450698276,1.933021016464426,,121.40780567941857,3.6056257953211546,,,,,,,,,,,,,,,,
647,2025-05-16 09:29:06.094336,39.9640548,0.2664904,4.280645847320557,88.7925411724358,23.670000000000016,49.0,1011.0,,6.0,10.0,32.61526450698276,1.933021016464426,,121.40780567941857,3.6056257953211546,,,,,,,,,,,,,,,,
648,2025-05-16 09:29:11.096161,39.9640548,0.2664904,4.280645847320557,88.7925411724358,23.670000000000016,49.0,1011.0,,5.9,11.0,36.688840422063755,1.8842368795256526,,125.48138159449957,3.4326157852587036,,,,,,,,,,,,,,,,
649,2025-05-16 09:29:16.095876,39.9640548,0.2664904,4.280645847320557,88.7925411724358,23.670000000000016,49.0,1011.0,,6.0,12.0,38.147577896183556,2.0195760169921693,,126.94011906861937,3.36639565111751,,,,,,,,,,,,,,,,
650,2025-05-16 09:29:21.094088,39.9640548,0.2664904,4.280645847320557,88.7925411724358,23.670000000000016,49.0,1011.0,,6.0,12.0,38.147577896183556,2.0195760169921693,,126.94011906861937,3.36639565111751,,,,,,,,,,,,,,,,
651,2025-05-16 09:29:26.096137,39.9640548,0.2664904,4.280645847320557,88.7925411724358,23.670000000000016,49.0,1011.0,,6.4,10.0,28.79295820113046,2.3073967312580916,,117.58549937356626,3.751411974341644,,,,,,,,,,,,,,,,
652,2025-05-16 09:29:31.096162,39.9640548,0.2664904,4.280645847320557,88.7925411724358,23.670000000000016,49.0,1011.0,,6.7,11.0,29.106484617020534,2.6281459806976133,,117.89902578945635,3.7400737969551456,,,,,,,,,,,,,,,,
653,2025-05-16 09:29:36.095573,39.9640548,0.2664904,4.280645847320557,88.7925411724358,23.670000000000016,49.0,1011.0,,6.4,12.0,33.90930785160817,2.3851634150078214,,122.70184902404398,3.5526007373104744,,,,,,,,,,,,,,,,
654,2025-05-16 09:29:41.096192,39.9640548,0.2664904,4.280645847320557,88.7925411724358,23.670000000000016,49.0,1011.0,,6.6,10.0,27.314731151716273,2.4975656924461873,,116.10727232415208,3.8033507585391355,,,,,,,,,,,,,,,,
655,2025-05-16 09:29:46.094743,39.9640548,0.2664904,4.280645847320557,88.7925411724358,23.670000000000016,49.0,1011.0,,6.5,12.0,33.0465897292442,2.478221907590647,,121.83913090168,3.588154727403995,,,,,,,,,,,,,,,,
656,2025-05-16 09:29:51.095237,39.9640548,0.2664904,4.280645847320557,88.7925411724358,23.670000000000016,49.0,1011.0,,6.5,12.0,33.0465897292442,2.478221907590647,,121.83913090168,3.588154727403995,,,,,,,,,,,,,,,,
657,2025-05-16 09:29:56.093362,39.9640548,0.2664904,4.280645847320557,88.7925411724358,23.670000000000016,49.0,1011.0,,6.6,9.0,24.76457747653923,2.464765334561898,,113.55711864897503,3.886983216348474,,,,,,,,,,,,,,,,
658,2025-05-16 09:30:01.094746,39.9640548,0.2664904,4.280645847320557,88.7925411724358,23.670000000000016,49.0,1011.0,,6.3,11.0,32.271762034517984,2.25138845093662,,121.06430320695378,3.6193934383083675,,,,,,,,,,,,,,,,
659,2025-05-16 09:30:06.095694,39.9640548,0.2664904,4.280645847320557,88.7925411724358,23.670000000000016,49.0,1011.0,,6.4,12.0,33.90930785160817,2.3851634150078214,,122.70184902404398,3.5526007373104744,,,,,,,,,,,,,,,,
660,2025-05-16 09:30:11.094564,39.9640548,0.2664904,4.280645847320557,88.7925411724358,23.670000000000016,49.0,1011.0,,6.4,10.0,28.79295820113046,2.3073967312580916,,117.58549937356626,3.751411974341644,,,,,,,,,,,,,,,,
661,2025-05-16 09:30:16.096114,39.9640548,0.2664904,4.280645847320557,88.7925411724358,23.670000000000016,49.0,1011.0,,6.6,13.0,34.624469319629846,2.61296976740538,,123.41701049206566,3.5225168607139947,,,,,,,,,,,,,,,,
662,2025-05-16 09:30:21.094522,39.9640548,0.2664904,4.280645847320557,88.7925411724358,23.670000000000016,49.0,1011.0,,6.5,12.0,33.0465897292442,2.478221907590647,,121.83913090168,3.588154727403995,,,,,,,,,,,,,,,,
663,2025-05-16 09:30:26.095875,39.9640548,0.2664904,4.280645847320557,88.7925411724358,23.670000000000016,49.0,1011.0,,6.3,11.0,32.271762034517984,2.25138845093662,,121.06430320695378,3.6193934383083675,,,,,,,,,,,,,,,,
664,2025-05-16 09:30:31.095959,39.9640548,0.2664904,4.280645847320557,88.7925411724358,23.670000000000016,49.0,1011.0,,6.3,11.0,32.271762034517984,2.25138845093662,,121.06430320695378,3.6193934383083675,,,,,,,,,,,,,,,,
665,2025-05-16 09:30:36.094597,39.9640548,0.2664904,4.280645847320557,88.7925411724358,23.670000000000016,49.0,1011.0,,6.5,10.0,28.02459070444054,2.402281630398977,,116.81713187687635,3.7787230831569194,,,,,,,,,,,,,,,,
666,2025-05-16 09:30:41.096048,39.9640548,0.2664904,4.280645847320557,88.7925411724358,23.670000000000016,49.0,1011.0,,6.7,11.0,29.106484617020534,2.6281459806976133,,117.89902578945635,3.7400737969551456,,,,,,,,,,,,,,,,
667,2025-05-16 09:30:46.095967,39.9640548,0.2664904,4.280645847320557,88.7925411724358,23.670000000000016,49.0,1011.0,,6.7,11.0,29.106484617020534,2.6281459806976133,,117.89902578945635,3.7400737969551456,,,,,,,,,,,,,,,,
668,2025-05-16 09:30:51.096239,39.9640548,0.2664904,4.280645847320557,88.7925411724358,23.670000000000016,49.0,1011.0,,6.6,12.0,32.24648412277028,2.571801533989875,,121.03902529520609,3.6204014488424954,,,,,,,,,,,,,,,,
669,2025-05-16 09:30:56.095266,39.9640548,0.2664904,4.280645847320557,88.7925411724358,23.670000000000016,49.0,1011.0,,6.4,11.0,31.385256465940557,2.344856134546926,,120.17779763837636,3.654322451941446,,,,,,,,,,,,,,,,
670,2025-05-16 09:31:01.093684,39.9640548,0.2664904,4.280645847320557,88.7925411724358,23.670000000000016,49.0,1011.0,,6.5,12.0,33.0465897292442,2.478221907590647,,121.83913090168,3.588154727403995,,,,,,,,,,,,,,,,
671,2025-05-16 09:31:06.095235,39.9640548,0.2664904,4.280645847320557,88.7925411724358,23.670000000000016,49.0,1011.0,,6.3,11.0,32.271762034517984,2.25138845093662,,121.06430320695378,3.6193934383083675,,,,,,,,,,,,,,,,
672,2025-05-16 09:31:11.095273,39.9640548,0.2664904,4.280645847320557,88.7925411724358,23.670000000000016,49.0,1011.0,,6.7,11.0,29.106484617020534,2.6281459806976133,,117.89902578945635,3.7400737969551456,,,,,,,,,,,,,,,,
673,2025-05-16 09:31:16.094547,39.9640548,0.2664904,4.280645847320557,88.7925411724358,23.670000000000016,49.0,1011.0,,6.7,11.0,29.106484617020534,2.6281459806976133,,117.89902578945635,3.7400737969551456,,,,,,,,,,,,,,,,
674,2025-05-16 09:31:21.094429,39.9640548,0.2664904,4.280645847320557,88.7925411724358,23.670000000000016,49.0,1011.0,,6.4,11.0,31.385256465940557,2.344856134546926,,120.17779763837636,3.654322451941446,,,,,,,,,,,,,,,,
675,2025-05-16 09:31:26.094418,39.9640548,0.2664904,4.280645847320557,88.7925411724358,23.670000000000016,49.0,1011.0,,6.4,10.0,28.79295820113046,2.3073967312580916,,117.58549937356626,3.751411974341644,,,,,,,,,,,,,,,,
676,2025-05-16 09:31:31.095350,39.9640548,0.2664904,4.280645847320557,88.7925411724358,23.670000000000016,49.0,1011.0,,6.7,11.0,29.106484617020534,2.6281459806976133,,117.89902578945635,3.7400737969551456,,,,,,,,,,,,,,,,
677,2025-05-16 09:31:36.095599,39.9640548,0.2664904,4.280645847320557,88.7925411724358,23.670000000000016,49.0,1011.0,,6.5,11.0,30.5668940742449,2.4388420667263198,,119.3594352466807,3.6857902257515938,,,,,,,,,,,,,,,,
678,2025-05-16 09:31:41.094556,39.9640548,0.2664904,4.280645847320557,88.7925411724358,23.670000000000016,49.0,1011.0,,6.7,11.0,29.106484617020534,2.6281459806976133,,117.89902578945635,3.7400737969551456,,,,,,,,,,,,,,,,
679,2025-05-16 09:31:46.096021,39.9640548,0.2664904,4.280645847320557,88.7925411724358,23.670000000000016,49.0,1011.0,,6.7,11.0,29.106484617020534,2.6281459806976133,,117.89902578945635,3.7400737969551456,,,,,,,,,,,,,,,,
680,2025-05-16 09:31:51.096051,39.9640548,0.2664904,4.280645847320557,88.7925411724358,23.670000000000016,49.0,1011.0,,6.5,13.0,35.46229319021682,2.5202772942058975,,124.25483436265262,3.486575372188335,,,,,,,,,,,,,,,,
681,2025-05-16 09:31:56.095608,39.9640548,0.2664904,4.280645847320557,88.7925411724358,23.670000000000016,49.0,1011.0,,6.4,13.0,36.36388799846932,2.4281647954793097,,125.15642917090513,3.447065637179658,,,,,,,,,,,,,,,,
682,2025-05-16 09:32:01.096121,39.9640548,0.2664904,4.280645847320557,88.7925411724358,23.670000000000016,49.0,1011.0,,6.3,15.0,42.098256932353245,2.4322048676911674,,130.89079810478904,3.17622310863628,,,,,,,,,,,,,,,,
683,2025-05-16 09:32:06.094560,39.9640548,0.2664904,4.280645847320557,88.7925411724358,23.670000000000016,49.0,1011.0,,6.3,14.0,39.75497134765505,2.3832593209917916,,128.54751252009086,3.2909020853415227,,,,,,,,,,,,,,,,
684,2025-05-16 09:32:11.096086,39.9640548,0.2664904,4.280645847320557,88.7925411724358,23.670000000000016,49.0,1011.0,,6.1,14.0,42.01389278684043,2.2048405701176548,,130.80643395927623,3.1804451941466527,,,,,,,,,,,,,,,,
685,2025-05-16 09:32:16.095549,39.9640548,0.2664904,4.280645847320557,88.7925411724358,23.670000000000016,49.0,1011.0,,6.3,9.0,26.90963186889192,2.177575383454572,,115.70217304132773,3.817143761245305,,,,,,,,,,,,,,,,
686,2025-05-16 09:32:21.095616,39.9640548,0.2664904,4.280645847320557,88.7925411724358,23.670000000000016,49.0,1011.0,,6.4,12.0,33.90930785160817,2.3851634150078214,,122.70184902404398,3.5526007373104744,,,,,,,,,,,,,,,,
687,2025-05-16 09:32:26.094144,39.9640548,0.2664904,4.280645847320557,88.7925411724358,23.670000000000016,49.0,1011.0,,6.5,11.0,30.5668940742449,2.4388420667263198,,119.3594352466807,3.6857902257515938,,,,,,,,,,,,,,,,
688,2025-05-16 09:32:31.094608,39.9640548,0.2664904,4.280645847320557,88.7925411724358,23.670000000000016,49.0,1011.0,,6.5,10.0,28.02459070444054,2.402281630398977,,116.81713187687635,3.7787230831569194,,,,,,,,,,,,,,,,
689,2025-05-16 09:32:36.094381,39.9640548,0.2664904,4.280645847320557,88.7925411724358,23.670000000000016,49.0,1011.0,,6.3,12.0,34.84184605332848,2.292689514374181,,123.63438722576429,3.513263749734838,,,,,,,,,,,,,,,,
690,2025-05-16 09:32:41.095203,39.9640548,0.2664904,4.280645847320557,88.7925411724358,23.670000000000016,49.0,1011.0,,6.4,12.0,33.90930785160817,2.3851634150078214,,122.70184902404398,3.5526007373104744,,,,,,,,,,,,,,,,
691,2025-05-16 09:32:46.095789,39.9640548,0.2664904,4.280645847320557,88.7925411724358,23.670000000000016,49.0,1011.0,,6.3,11.0,32.271762034517984,2.25138845093662,,121.06430320695378,3.6193934383083675,,,,,,,,,,,,,,,,
692,2025-05-16 09:32:51.096168,39.9640548,0.2664904,4.280645847320557,88.7925411724358,23.670000000000016,49.0,1011.0,,6.5,13.0,35.46229319021682,2.5202772942058975,,124.25483436265262,3.486575372188335,,,,,,,,,,,,,,,,
693,2025-05-16 09:32:56.095226,39.9640548,0.2664904,4.280645847320557,88.7925411724358,23.670000000000016,49.0,1011.0,,6.3,14.0,39.75497134765505,2.3832593209917916,,128.54751252009086,3.2909020853415227,,,,,,,,,,,,,,,,
694,2025-05-16 09:33:01.094443,39.9640548,0.2664904,4.280645847320557,88.7925411724358,23.670000000000016,49.0,1011.0,,6.1,12.0,36.950725983210766,2.1098025015106048,,125.74326715564658,3.4208899942297046,,,,,,,,,,,,,,,,
695,2025-05-16 09:33:06.096147,39.9640548,0.2664904,4.280645847320557,88.7925411724358,23.670000000000016,49.0,1011.0,,6.1,13.0,39.527077556353134,2.156048277973131,,128.31961872878895,3.3017644127734602,,,,,,,,,,,,,,,,
696,2025-05-16 09:33:11.095597,39.9640548,0.2664904,4.280645847320557,88.7925411724358,23.670000000000016,49.0,1011.0,,6.3,13.0,37.33632066101673,2.3367008598278796,,126.12886183345253,3.403495178811323,,,,,,,,,,,,,,,,
697,2025-05-16 09:33:16.096222,39.9640548,0.2664904,4.280645847320557,88.7925411724358,23.670000000000016,49.0,1011.0,,6.1,14.0,42.01389278684043,2.2048405701176548,,130.80643395927623,3.1804451941466527,,,,,,,,,,,,,,,,
698,2025-05-16 09:33:21.094964,39.9640548,0.2664904,4.280645847320557,88.7925411724358,23.670000000000016,49.0,1011.0,,6.1,14.0,42.01389278684043,2.2048405701176548,,130.80643395927623,3.1804451941466527,,,,,,,,,,,,,,,,
699,2025-05-16 09:33:26.095628,39.9640548,0.2664904,4.280645847320557,88.7925411724358,23.670000000000016,49.0,1011.0,,6.2,13.0,38.38764879302232,2.245964724263413,,127.18018996545813,3.3552872456900613,,,,,,,,,,,,,,,,
700,2025-05-16 09:33:31.096200,39.9640548,0.2664904,4.280645847320557,88.7925411724358,23.670000000000016,49.0,1011.0,,6.1,13.0,39.527077556353134,2.156048277973131,,128.31961872878895,3.3017644127734602,,,,,,,,,,,,,,,,
701,2025-05-16 09:33:36.095563,39.9640548,0.2664904,4.280645847320557,88.7925411724358,23.670000000000016,49.0,1011.0,,6.3,12.0,34.84184605332848,2.292689514374181,,123.63438722576429,3.513263749734838,,,,,,,,,,,,,,,,
702,2025-05-16 09:33:41.095630,39.9640548,0.2664904,4.280645847320557,88.7925411724358,23.670000000000016,49.0,1011.0,,6.3,14.0,39.75497134765505,2.3832593209917916,,128.54751252009086,3.2909020853415227,,,,,,,,,,,,,,,,
703,2025-05-16 09:33:46.095629,39.9640548,0.2664904,4.280645847320557,88.7925411724358,23.670000000000016,49.0,1011.0,,6.2,11.0,33.2348089908757,2.1585063405742493,,122.0273501633115,3.580467014844598,,,,,,,,,,,,,,,,
704,2025-05-16 09:33:51.096206,39.9640548,0.2664904,4.280645847320557,88.7925411724358,23.670000000000016,49.0,1011.0,,6.3,13.0,37.33632066101673,2.3367008598278796,,126.12886183345253,3.403495178811323,,,,,,,,,,,,,,,,
705,2025-05-16 09:33:56.096181,39.9640548,0.2664904,4.280645847320557,88.7925411724358,23.670000000000016,49.0,1011.0,,6.1,14.0,42.01389278684043,2.2048405701176548,,130.80643395927623,3.1804451941466527,,,,,,,,,,,,,,,,
706,2025-05-16 09:34:01.095634,39.9640548,0.2664904,4.280645847320557,88.7925411724358,23.670000000000016,49.0,1011.0,,6.1,11.0,34.284135657166175,2.0662887715872817,,123.07667682960198,3.5369020156368247,,,,,,,,,,,,,,,,
707,2025-05-16 09:34:06.094700,39.9640548,0.2664904,4.280645847320557,88.7925411724358,23.670000000000016,49.0,1011.0,,6.1,10.0,31.52754422631295,2.025696819967145,,120.32008539874876,3.648774924678025,,,,,,,,,,,,,,,,
708,2025-05-16 09:34:11.094869,39.9640548,0.2664904,4.280645847320557,88.7925411724358,23.670000000000016,49.0,1011.0,,6.2,12.0,35.85247784978683,2.2008738951495754,,124.64501902222264,3.4695820739944048,,,,,,,,,,,,,,,,
709,2025-05-16 09:34:16.094652,39.9640548,0.2664904,4.280645847320557,88.7925411724358,23.670000000000016,49.0,1011.0,,6.4,12.0,33.90930785160817,2.3851634150078214,,122.70184902404398,3.5526007373104744,,,,,,,,,,,,,,,,
710,2025-05-16 09:34:21.095542,39.9640548,0.2664904,4.280645847320557,88.7925411724358,23.670000000000016,49.0,1011.0,,6.3,14.0,39.75497134765505,2.3832593209917916,,128.54751252009086,3.2909020853415227,,,,,,,,,,,,,,,,
711,2025-05-16 09:34:26.095221,39.9640548,0.2664904,4.280645847320557,88.7925411724358,23.670000000000016,49.0,1011.0,,6.0,14.0,43.2851359613856,2.1170782729762245,,132.0776771338214,3.1160989379388564,,,,,,,,,,,,,,,,
712,2025-05-16 09:34:31.095453,39.9640548,0.2664904,4.280645847320557,88.7925411724358,23.670000000000016,49.0,1011.0,,6.1,9.0,28.682295696085063,1.9882183351114961,,117.47483686852087,3.7553871016148537,,,,,,,,,,,,,,,,
713,2025-05-16 09:34:36.096037,39.9640548,0.2664904,4.280645847320557,88.7925411724358,23.670000000000016,49.0,1011.0,,6.5,11.0,30.5668940742449,2.4388420667263198,,119.3594352466807,3.6857902257515938,,,,,,,,,,,,,,,,
714,2025-05-16 09:34:41.094507,39.9640548,0.2664904,4.280645847320557,88.7925411724358,23.670000000000016,49.0,1011.0,,6.1,10.0,31.52754422631295,2.025696819967145,,120.32008539874876,3.648774924678025,,,,,,,,,,,,,,,,
715,2025-05-16 09:34:46.095778,39.9640548,0.2664904,4.280645847320557,88.7925411724358,23.670000000000016,49.0,1011.0,,6.5,10.0,28.02459070444054,2.402281630398977,,116.81713187687635,3.7787230831569194,,,,,,,,,,,,,,,,
716,2025-05-16 09:34:51.094291,39.9640548,0.2664904,4.280645847320557,88.7925411724358,23.670000000000016,49.0,1011.0,,6.3,11.0,32.271762034517984,2.25138845093662,,121.06430320695378,3.6193934383083675,,,,,,,,,,,,,,,,
717,2025-05-16 09:34:56.095515,39.9640548,0.2664904,4.280645847320557,88.7925411724358,23.670000000000016,49.0,1011.0,,6.4,8.0,23.412532448706514,2.241628113429059,,112.20507362114232,3.928210577257979,,,,,,,,,,,,,,,,
718,2025-05-16 09:35:01.095781,39.9640548,0.2664904,4.280645847320557,88.7925411724358,23.670000000000016,49.0,1011.0,,6.3,11.0,32.271762034517984,2.25138845093662,,121.06430320695378,3.6193934383083675,,,,,,,,,,,,,,,,
719,2025-05-16 09:35:06.094408,39.9640548,0.2664904,4.280645847320557,88.7925411724358,23.670000000000016,49.0,1011.0,,6.7,12.0,31.502694182324344,2.6658474144637636,,120.29523535476015,3.649745403100725,,,,,,,,,,,,,,,,
720,2025-05-16 09:35:11.095579,39.9640548,0.2664904,4.280645847320557,88.7925411724358,23.670000000000016,49.0,1011.0,,6.5,11.0,30.5668940742449,2.4388420667263198,,119.3594352466807,3.6857902257515938,,,,,,,,,,,,,,,,
721,2025-05-16 09:35:16.095790,39.9640548,0.2664904,4.280645847320557,88.7925411724358,23.670000000000016,49.0,1011.0,,6.3,11.0,32.271762034517984,2.25138845093662,,121.06430320695378,3.6193934383083675,,,,,,,,,,,,,,,,
722,2025-05-16 09:35:21.093748,39.9640548,0.2664904,4.280645847320557,88.7925411724358,23.670000000000016,49.0,1011.0,,6.2,9.0,27.755672167587008,2.08264815783906,,116.54821334002281,3.788121320703218,,,,,,,,,,,,,,,,
723,2025-05-16 09:35:26.094421,39.9640548,0.2664904,4.280645847320557,88.7925411724358,23.670000000000016,49.0,1011.0,,6.2,7.0,21.968231049377962,2.019794716721147,,110.76077222181377,3.969834235965231,,,,,,,,,,,,,,,,
724,2025-05-16 09:35:31.095234,39.9640548,0.2664904,4.280645847320557,88.7925411724358,23.670000000000016,49.0,1011.0,,6.0,8.0,26.69067891075261,1.8590551675164788,,115.48322008318841,3.8245193747919033,,,,,,,,,,,,,,,,
725,2025-05-16 09:35:36.095227,39.9640548,0.2664904,4.280645847320557,88.7925411724358,23.670000000000016,49.0,1011.0,,6.0,9.0,29.70102921844023,1.8943603001532292,,118.49357039087603,3.71826578657744,,,,,,,,,,,,,,,,
726,2025-05-16 09:35:41.094373,39.9640548,0.2664904,4.280645847320557,88.7925411724358,23.670000000000016,49.0,1011.0,,6.0,10.0,32.61526450698276,1.933021016464426,,121.40780567941857,3.6056257953211546,,,,,,,,,,,,,,,,
727,2025-05-16 09:35:46.095510,39.9640548,0.2664904,4.280645847320557,88.7925411724358,23.670000000000016,49.0,1011.0,,6.6,11.0,29.80940724317766,2.533288566497204,,118.60194841561346,3.7142472471449053,,,,,,,,,,,,,,,,
728,2025-05-16 09:35:51.096202,39.9640548,0.2664904,4.280645847320557,88.7925411724358,23.670000000000016,49.0,1011.0,,6.3,12.0,34.84184605332848,2.292689514374181,,123.63438722576429,3.513263749734838,,,,,,,,,,,,,,,,
729,2025-05-16 09:35:56.095060,39.9640548,0.2664904,4.280645847320557,88.7925411724358,23.670000000000016,49.0,1011.0,,6.1,9.0,28.682295696085063,1.9882183351114961,,117.47483686852087,3.7553871016148537,,,,,,,,,,,,,,,,
730,2025-05-16 09:36:01.096014,39.9640548,0.2664904,4.280645847320557,88.7925411724358,23.670000000000016,49.0,1011.0,,6.4,9.0,26.134426282569244,2.272937692041783,,114.92696745500504,3.8430057803784066,,,,,,,,,,,,,,,,
731,2025-05-16 09:36:06.096107,39.9640548,0.2664904,4.280645847320557,88.7925411724358,23.670000000000016,49.0,1011.0,,6.4,11.0,31.385256465940557,2.344856134546926,,120.17779763837636,3.654322451941446,,,,,,,,,,,,,,,,
732,2025-05-16 09:36:11.096105,39.9640548,0.2664904,4.280645847320557,88.7925411724358,23.670000000000016,49.0,1011.0,,6.3,12.0,34.84184605332848,2.292689514374181,,123.63438722576429,3.513263749734838,,,,,,,,,,,,,,,,
733,2025-05-16 09:36:16.094065,39.9235965,0.1838818,3.9100000858306885,76.46982123041145,23.670000000000016,49.0,1011.0,,6.3,12.0,30.180165855970372,2.6055095308999143,,106.64998708638183,3.3799951994630226,,,,,,,,,,,,,,,,
734,2025-05-16 09:36:21.095923,39.9235815,0.1836544,4.523684024810791,63.11441083682701,23.670000000000016,49.0,1011.0,,6.3,13.0,41.270220013915726,2.148526058175877,,104.38463085074274,3.40003291219447,,,,,,,,,,,,,,,,
735,2025-05-16 09:36:26.094521,39.9234807,0.1834152,4.690293788909912,92.06920831353354,23.670000000000016,49.0,1011.0,,6.2,11.0,40.28318052712572,1.82969103814565,,132.35238884065927,3.5780289146282405,,,,,,,,,,,,,,,,
736,2025-05-16 09:36:31.093398,39.9233864,0.1832287,4.0572509765625,154.11677092276125,23.670000000000016,49.0,1011.0,,6.3,9.0,24.473815005257112,2.378930848750702,,178.59058592801836,3.692709802655989,,,,,,,,,,,,,,,,