id,Time,Latitude,Longitude,SpeedOverGround (m/s),CourseOverGround (deg),Temperature (C),Humidity (%),Pressure (hPa),Device1_MAC,Device1_WindSpeed (m/s),Device1_WindAngle (deg),Device1_TrueWindAngle (deg),Device1_TrueWindSpeed (m/s),Device1_CrossWindSpeed (m/s),Device1_TrueWindDirection (deg),Device1_VelocityMadeGood (m/s),Device2_MAC,Device2_WindSpeed (m/s),Device2_WindAngle (deg),Device2_TrueWindAngle (deg),Device2_TrueWindSpeed (m/s),Device2_CrossWindSpeed (m/s),Device2_TrueWindDirection (deg),Device2_VelocityMadeGood (m/s),Device3_MAC,Device3_WindSpeed (m/s),Device3_WindAngle (deg),Device3_TrueWindAngle (deg),Device3_TrueWindSpeed (m/s),Device3_CrossWindSpeed (m/s),Device3_TrueWindDirection (deg),Device3_VelocityMadeGood (m/s)
1,2025-05-16 09:36:52.238196,39.9229692,0.1823369,4.542550086975098,-98.07679682066663,23.670000000000016,49.0,1011.0,,6.0,9.0,34.152575790280174,1.6719079529031122,,296.07577896961357,3.7591670290566217,,,,,,,,,,,,,,,,
2,2025-05-16 09:36:57.238333,39.9228818,0.1821291,4.3121185302734375,-153.29836399603195,23.670000000000016,49.0,1011.0,,6.3,10.0,30.0349270903489,2.1856597257039683,,236.73656309431695,3.7330891795272807,,,,,,,,,,,,,,,,
3,2025-05-16 09:37:02.240846,39.9227837,0.1818742,4.6142377853393555,-39.58279380639438,23.670000000000016,49.0,1011.0,,6.4,9.0,30.39272393953796,1.9789140746491085,,350.80993013314355,3.9801396501501523,,,,,,,,,,,,,,,,
4,2025-05-16 09:37:07.237970,39.9225697,0.1816294,4.609306812286377,-48.50191778688008,23.670000000000016,49.0,1011.0,,6.3,10.0,34.44586816545019,1.9341064143214335,,345.9439503785701,3.8011153314564936,,,,,,,,,,,,,,,,
5,2025-05-16 09:37:12.238096,39.9224044,0.18133,5.047842502593994,-64.18438729106619,23.670000000000016,49.0,1011.0,,6.3,10.0,43.41010931861733,1.5919070579030614,,339.2257220275511,3.667022496710034,,,,,,,,,,,,,,,,
6,2025-05-16 09:37:17.238028,39.9223474,0.1811109,4.520937919616699,-49.99738770565437,23.670000000000016,49.0,1011.0,,6.3,10.0,33.019211477727914,2.0076031169152997,,343.02182377207356,3.790751748610171,,,,,,,,,,,,,,,,
7,2025-05-16 09:37:22.237987,39.9223062,0.1809115,4.417491436004639,-76.4159173774817,23.670000000000016,49.0,1011.0,,6.2,10.0,32.525155522882834,2.0023788054832576,,316.10923814540115,3.724632045477829,,,,,,,,,,,,,,,,
8,2025-05-16 09:37:27.238173,39.9222189,0.180763,4.444819927215576,-72.98568026308541,23.670000000000016,49.0,1011.0,,6.3,12.0,37.33063166159273,2.159983992273126,,324.3449513985073,3.534295861073343,,,,,,,,,,,,,,,,
9,2025-05-16 09:37:32.240605,39.9221287,0.1805147,4.741235256195068,-73.83930364517526,23.670000000000016,49.0,1011.0,,6.1,10.0,39.91695159841678,1.6507597756449173,,326.0776479532415,3.6364105140117227,,,,,,,,,,,,,,,,
10,2025-05-16 09:37:37.237868,39.9220221,0.1802495,4.601930618286133,-73.7436536760384,23.670000000000016,49.0,1011.0,,6.4,9.0,30.213409896237003,1.9895397085467688,,316.4697562201986,3.976790778444591,,,,,,,,,,,,,,,,
11,2025-05-16 09:37:42.238218,39.9219169,0.1799891,4.468985557556152,-72.54676547683123,23.670000000000016,49.0,1011.0,,6.5,12.0,35.58101592224414,2.3226223116892997,,323.0342504454129,3.6345973253218546,,,,,,,,,,,,,,,,
12,2025-05-16 09:37:47.237983,39.9218398,0.1797361,4.934336185455322,-73.47381339249871,23.670000000000016,49.0,1011.0,,6.2,11.0,45.76716609252921,1.651078373482024,,332.2933527000305,3.44207361566835,,,,,,,,,,,,,,,,
13,2025-05-16 09:37:52.237819,39.9217377,0.1794803,4.806613922119141,-74.59251641627677,23.670000000000016,49.0,1011.0,,6.5,13.0,43.76168731658971,2.1140170418666493,,329.16917090031296,3.471446601354709,,,,,,,,,,,,,,,,
14,2025-05-16 09:37:57.238116,39.921598,0.1791688,4.401435375213623,-73.17191220099498,23.670000000000016,49.0,1011.0,,6.3,13.0,39.208926084345606,2.24185966974426,,326.0370138833506,3.4104346639896144,,,,,,,,,,,,,,,,
15,2025-05-16 09:38:02.238329,39.9215153,0.1789591,4.5095906257629395,-73.87353655329537,23.670000000000016,49.0,1011.0,,6.2,13.0,42.32322707566534,2.07139620684766,,328.44969052236996,3.3342028185204686,,,,,,,,,,,,,,,,
16,2025-05-16 09:38:07.237788,39.921418,0.1787369,4.367460250854492,-73.69217454026402,23.670000000000016,49.0,1011.0,,6.6,11.0,30.815302836690663,2.458339955857163,,317.12312829642667,3.750875784023123,,,,,,,,,,,,,,,,
17,2025-05-16 09:38:12.238158,39.9213277,0.1785315,4.265113830566406,-73.84676904193809,23.670000000000016,49.0,1011.0,,6.7,12.0,31.329121955733815,2.679102547621589,,317.4823529137957,3.6432374656522417,,,,,,,,,,,,,,,,
18,2025-05-16 09:38:17.238114,39.9212354,0.1783126,4.549206733703613,-73.53555147240645,23.670000000000016,49.0,1011.0,,6.5,12.0,36.76558114171503,2.2578614732504945,,323.2300296693086,3.644328905161988,,,,,,,,,,,,,,,,
19,2025-05-16 09:38:22.238172,39.9211423,0.1780754,4.549996852874756,-74.14552834642362,23.670000000000016,49.0,1011.0,,6.4,12.0,37.885834485469424,2.166839748885882,,323.7403061390458,3.591021013316661,,,,,,,,,,,,,,,,
20,2025-05-16 09:38:27.237831,39.9210359,0.1778449,4.5400495529174805,-117.76363548050196,23.670000000000016,49.0,1011.0,,6.3,13.0,41.55974750017616,2.1362528859409364,,283.7961120196742,3.397157181128813,,,,,,,,,,,,,,,,
21,2025-05-16 09:38:32.238147,39.9209359,0.1776316,4.418256759643555,-166.65134284227187,23.670000000000016,49.0,1011.0,,6.5,14.0,39.78057641705797,2.4575982838937906,,233.1292335747861,3.3954324411441483,,,,,,,,,,,,,,,,
22,2025-05-16 09:38:37.238053,39.9208509,0.1774258,4.48712158203125,-167.1384446131205,23.670000000000016,49.0,1011.0,,6.3,16.0,47.90426738642519,2.340235887456273,,240.7658227733047,3.0080377740113997,,,,,,,,,,,,,,,,
23,2025-05-16 09:38:42.237583,39.9207538,0.1772036,4.579312801361084,-166.52721098429606,23.670000000000016,49.0,1011.0,,6.4,13.0,40.99168574267986,2.1948133753815102,,234.4644747583838,3.4564871630371665,,,,,,,,,,,,,,,,
24,2025-05-16 09:38:47.237688,39.9206589,0.176979,4.352898597717285,-166.44147844983405,23.670000000000016,49.0,1011.0,,6.5,15.0,41.142197332209825,2.5569949022681624,,234.70071888237578,3.2780767088927525,,,,,,,,,,,,,,,,
25,2025-05-16 09:38:52.237791,39.9205739,0.1767661,4.4459381103515625,-166.69337582642413,23.670000000000016,49.0,1011.0,,6.4,15.0,43.65678123939897,2.399468943812903,,236.96340541297485,3.2165832248847406,,,,,,,,,,,,,,,,
26,2025-05-16 09:38:57.238094,39.9204803,0.1765333,4.6392340660095215,-166.4414921102124,23.670000000000016,49.0,1011.0,,6.4,15.0,47.03639184054984,2.2635582470245015,,240.59489973033743,3.1617943478856723,,,,,,,,,,,,,,,,
27,2025-05-16 09:39:02.237679,39.9203773,0.1762993,4.470745086669922,-166.2925530051711,23.670000000000016,49.0,1011.0,,6.4,16.0,46.37582363241619,2.436974513047733,,240.0832706272451,3.0844790358458014,,,,,,,,,,,,,,,,
28,2025-05-16 09:39:07.241069,39.9202834,0.1760647,4.629297733306885,-166.7695324356698,23.670000000000016,49.0,1011.0,,6.3,14.0,45.7722844122258,2.126939384276437,,239.002751976556,3.228989846526883,,,,,,,,,,,,,,,,
29,2025-05-16 09:39:12.237842,39.9201916,0.1758209,4.381290435791016,-166.20564567817186,23.670000000000016,49.0,1011.0,,6.1,17.0,50.84617793716616,2.299902070638153,,244.6405322589943,2.7663666086421195,,,,,,,,,,,,,,,,
30,2025-05-16 09:39:17.238117,39.9200877,0.1755988,4.519223213195801,-165.84980648279253,23.670000000000016,49.0,1011.0,,5.9,18.0,59.08039713959408,2.125216591729407,,253.23059065680155,2.3221341358714027,,,,,,,,,,,,,,,,
31,2025-05-16 09:39:22.237887,39.9199844,0.1753735,4.576653957366943,-166.21582266003517,23.670000000000016,49.0,1011.0,,6.1,15.0,50.19806785761024,2.0550232917159734,,243.98224519757508,2.9296791607086456,,,,,,,,,,,,,,,,
32,2025-05-16 09:39:27.238201,39.9198833,0.1751346,4.57005500793457,-166.3822060682167,23.670000000000016,49.0,1011.0,,6.2,15.0,48.520317676724524,2.1418821617795025,,242.1381116085078,3.026996130060168,,,,,,,,,,,,,,,,
33,2025-05-16 09:39:32.241082,39.919733,0.174864,4.550316333770752,-166.08001117857864,23.670000000000016,49.0,1011.0,,6.4,13.0,40.500075924984124,2.2167816467760244,,234.42006474640547,3.460083769514814,,,,,,,,,,,,,,,,
34,2025-05-16 09:39:37.240715,39.9196431,0.1746714,4.199761390686035,-165.86302972902567,23.670000000000016,49.0,1011.0,,6.3,15.0,40.85182291841141,2.492810671832877,,234.98879318938575,3.1767152224308255,,,,,,,,,,,,,,,,
35,2025-05-16 09:39:42.238076,39.9195719,0.1745081,4.020415306091309,-166.26829217323922,23.670000000000016,49.0,1011.0,,6.1,13.0,35.50722966207975,2.3625826762008657,,229.23893748884052,3.272787873296735,,,,,,,,,,,,,,,,
36,2025-05-16 09:39:47.238022,39.919471,0.1743035,4.493212699890137,-166.51382381352283,23.670000000000016,49.0,1011.0,,6.1,14.0,45.98992542078572,2.0518456060421184,,239.47610160726288,3.12181608713318,,,,,,,,,,,,,,,,
37,2025-05-16 09:39:52.237765,39.9193739,0.1740869,4.428466320037842,-167.05702875821396,23.670000000000016,49.0,1011.0,,6.2,15.0,45.8038070806451,2.238179188413836,,238.74677832243114,3.087161216666295,,,,,,,,,,,,,,,,
38,2025-05-16 09:39:57.237862,39.9192769,0.1738603,4.449944496154785,-166.48945369856423,23.670000000000016,49.0,1011.0,,6.0,12.0,41.32050274396754,1.889332059514522,,234.8310490454033,3.34203251525762,,,,,,,,,,,,,,,,
39,2025-05-16 09:40:02.238242,39.9191723,0.1736297,4.400230407714844,-166.13872348468408,23.670000000000016,49.0,1011.0,,6.2,14.0,42.873435267227165,2.204522766146769,,236.7347117825431,3.224745952026081,,,,,,,,,,,,,,,,
40,2025-05-16 09:40:07.238361,39.9190907,0.1734382,4.8372321128845215,-166.87902036806508,23.670000000000016,49.0,1011.0,,6.1,14.0,53.76195701848198,1.8296331957667258,,246.8829366504169,2.8594878687261387,,,,,,,,,,,,,,,,
41,2025-05-16 09:40:12.238198,39.9189619,0.1731355,4.542242050170898,-166.50307309576922,23.670000000000016,49.0,1011.0,,6.2,14.0,45.50722321540836,2.1026695020474886,,239.00415011963912,3.183291075887851,,,,,,,,,,,,,,,,
42,2025-05-16 09:40:17.237821,39.9188596,0.1729106,4.679184913635254,-166.53113151287965,23.670000000000016,49.0,1011.0,,6.3,15.0,49.22646577185976,2.1531320151826665,,242.6953342589801,3.0558393485425173,,,,,,,,,,,,,,,,
43,2025-05-16 09:40:22.237837,39.9187516,0.1726765,4.600306987762451,-166.70008307218907,23.670000000000016,49.0,1011.0,,6.1,16.0,53.07891936077695,2.1031447500246276,,246.37883628858788,2.7634706975474908,,,,,,,,,,,,,,,,
44,2025-05-16 09:40:27.238173,39.9186492,0.1724458,4.5042853355407715,-166.76226511439287,23.670000000000016,49.0,1011.0,,6.2,14.0,44.77868406593586,2.1294424452265104,,238.016418951543,3.1972896283307772,,,,,,,,,,,,,,,,
45,2025-05-16 09:40:32.237787,39.9185544,0.1722158,4.6673359870910645,-166.57536381794466,23.670000000000016,49.0,1011.0,,6.2,15.0,50.52957120251034,2.0787257225617277,,243.95420738456568,2.966931620676719,,,,,,,,,,,,,,,,
46,2025-05-16 09:40:37.238104,39.9184557,0.1719811,4.505474090576172,-166.3730262939722,23.670000000000016,49.0,1011.0,,6.0,16.0,52.65137038123938,2.0803895782021966,,246.2783440872672,2.733305949331471,,,,,,,,,,,,,,,,
47,2025-05-16 09:40:42.237871,39.9183727,0.171796,4.46763801574707,-166.1158286905862,23.670000000000016,49.0,1011.0,,5.8,16.0,55.28329416903574,1.9449384586213057,,249.16746547844954,2.5444056876337573,,,,,,,,,,,,,,,,
48,2025-05-16 09:40:47.240795,39.9182412,0.1715102,4.434184551239014,-166.41057867402893,23.670000000000016,49.0,1011.0,,5.7,16.0,56.37094297864877,1.8869283371694714,,249.96036430461984,2.4557129789682564,,,,,,,,,,,,,,,,
49,2025-05-16 09:40:52.238501,39.9181565,0.1713283,4.320100784301758,-166.27258153203798,23.670000000000016,49.0,1011.0,,6.0,12.0,38.84973803530707,1.9886971065018189,,232.5771565032691,3.3644673661756523,,,,,,,,,,,,,,,,
50,2025-05-16 09:40:57.238210,39.9180523,0.1711092,4.648105621337891,-166.59528064956442,23.670000000000016,49.0,1011.0,,6.0,12.0,45.61953770840522,1.745418439654293,,239.02425705884082,3.2509764837965296,,,,,,,,,,,,,,,,
51,2025-05-16 09:41:02.238130,39.9179328,0.1708473,4.470222473144531,-166.54768789142776,23.670000000000016,49.0,1011.0,,5.9,14.0,48.6869936081277,1.9002956026115443,,242.13930571669994,2.951116565200403,,,,,,,,,,,,,,,,
52,2025-05-16 09:41:07.238154,39.917859,0.1706774,4.584536075592041,-166.34884742431035,23.670000000000016,49.0,1011.0,,5.8,14.0,53.37079242989652,1.748440505017506,,247.02194500558616,2.7352903185897874,,,,,,,,,,,,,,,,
53,2025-05-16 09:41:12.238060,39.9177292,0.1704174,4.352717876434326,-166.08415027321567,23.670000000000016,49.0,1011.0,,5.7,13.0,46.868800632949075,1.7569723163285353,,240.7846503597334,2.9758281535350224,,,,,,,,,,,,,,,,
54,2025-05-16 09:41:17.237615,39.9176487,0.1702594,4.17620849609375,-165.93870822502942,23.670000000000016,49.0,1011.0,,5.8,12.0,38.851814669692146,1.9223207026076787,,232.91310644466273,3.2523100064724733,,,,,,,,,,,,,,,,
55,2025-05-16 09:41:22.238187,39.9175301,0.1700153,4.319582939147949,-166.09222355681462,23.670000000000016,49.0,1011.0,,5.9,14.0,45.448593627938784,2.0029420758994694,,239.35637007112416,3.0303987365590674,,,,,,,,,,,,,,,,
56,2025-05-16 09:41:27.238053,39.9174298,0.1697872,4.518960475921631,-166.6142549150787,23.670000000000016,49.0,1011.0,,6.4,13.0,39.97935466070465,2.240717339015609,,233.36509974562594,3.462770996030764,,,,,,,,,,,,,,,,
57,2025-05-16 09:41:32.237905,39.9173413,0.1695929,4.569874286651611,-166.0598621205271,23.670000000000016,49.0,1011.0,,6.5,13.0,39.66286251839427,2.290855262584943,,233.60300039786716,3.517950573599289,,,,,,,,,,,,,,,,
58,2025-05-16 09:41:37.238080,39.9172334,0.1693608,4.480273723602295,-166.36716599166434,23.670000000000016,49.0,1011.0,,6.4,15.0,44.22867925444286,2.374745834392137,,237.86151326277852,3.2103919002218158,,,,,,,,,,,,,,,,
59,2025-05-16 09:41:42.238125,39.9171417,0.1691402,4.260992050170898,-166.12304137034974,23.670000000000016,49.0,1011.0,,6.3,14.0,39.454714051402476,2.398401825030926,,233.33167268105274,3.290027398529276,,,,,,,,,,,,,,,,
60,2025-05-16 09:41:47.238073,39.9170517,0.168883,4.441153526306152,-166.58686585650696,23.670000000000016,49.0,1011.0,,6.3,16.0,47.08007840658877,2.3712968887121466,,240.4932125500818,3.024316881120752,,,,,,,,,,,,,,,,
61,2025-05-16 09:41:52.238145,39.9169734,0.1686685,4.847628593444824,-166.209989678484,23.670000000000016,49.0,1011.0,,6.2,14.0,52.08686463454844,1.901170685591569,,245.87687495606446,2.978703366851888,,,,,,,,,,,,,,,,
62,2025-05-16 09:41:57.238258,39.9168756,0.1684423,4.35189151763916,-166.02177698571512,23.670000000000016,49.0,1011.0,,6.0,13.0,42.08894946221709,2.0136350070295914,,236.06717247650198,3.2295610256477154,,,,,,,,,,,,,,,,
63,2025-05-16 09:42:02.243231,39.9167815,0.1682152,4.35998010635376,-166.02849789185842,23.670000000000016,49.0,1011.0,,5.9,13.0,43.70090528975315,1.9210060289482687,,237.67240739789474,3.1520747791650963,,,,,,,,,,,,,,,,
64,2025-05-16 09:42:07.238088,39.9166893,0.1679808,4.459589958190918,-166.37237059581187,23.670000000000016,49.0,1011.0,,5.7,14.0,52.16191936958868,1.7460705349758652,,245.7895487737768,2.7356555477937436,,,,,,,,,,,,,,,,
65,2025-05-16 09:42:12.237991,39.9165796,0.1677305,4.711132526397705,-166.62033378344,23.670000000000016,49.0,1011.0,,6.3,15.0,49.87654568643417,2.132405213479725,,243.25621190299415,3.0360266994266536,,,,,,,,,,,,,,,,
66,2025-05-16 09:42:17.237818,39.9164737,0.1675046,4.4819769859313965,-166.1070177465569,23.670000000000016,49.0,1011.0,,6.1,15.0,48.228977316994744,2.1168793907961185,,242.12195957043787,2.9856929963426095,,,,,,,,,,,,,,,,
67,2025-05-16 09:42:22.238168,39.9163834,0.1672842,4.362085342407227,-166.12722144612178,23.670000000000016,49.0,1011.0,,6.0,15.0,47.29040508099215,2.113380673221549,,241.16318363487036,2.958727160248489,,,,,,,,,,,,,,,,
68,2025-05-16 09:42:27.237858,39.9162884,0.1670734,4.559058666229248,-166.7436323583371,23.670000000000016,49.0,1011.0,,5.9,13.0,48.12664910096758,1.782395725991549,,241.3830167426305,3.0431091692088392,,,,,,,,,,,,,,,,
69,2025-05-16 09:42:32.237971,39.9161931,0.1668601,4.539919376373291,-166.16929541140905,23.670000000000016,49.0,1011.0,,5.9,17.0,57.421230715993175,2.047100228728032,,251.25193530458412,2.4445585441096833,,,,,,,,,,,,,,,,
70,2025-05-16 09:42:37.238109,39.9160891,0.1666385,4.59965705871582,-166.51536743627526,23.670000000000016,49.0,1011.0,,5.8,17.0,60.820997767646794,1.9422223285780629,,254.30563033137153,2.2425155041225304,,,,,,,,,,,,,,,,
71,2025-05-16 09:42:42.237972,39.9159837,0.1664105,4.3513641357421875,-166.78118473839382,23.670000000000016,49.0,1011.0,,6.0,13.0,42.078893092723696,2.014026410863617,,235.29770835432987,3.2296815236256133,,,,,,,,,,,,,,,,
72,2025-05-16 09:42:47.238058,39.9158819,0.1662029,4.389850616455078,-166.55222313703666,23.670000000000016,49.0,1011.0,,6.0,12.0,40.14546141130183,1.9348711218080656,,233.59323827426516,3.3556460585001946,,,,,,,,,,,,,,,,
73,2025-05-16 09:42:52.237813,39.9157739,0.165984,4.657891750335693,-165.7587054196429,23.670000000000016,49.0,1011.0,,6.4,15.0,47.38393959593461,2.2508838164557514,,241.6252341762917,3.153775948624443,,,,,,,,,,,,,,,,
74,2025-05-16 09:42:57.238079,39.9156639,0.1657519,4.272233963012695,-166.34485859383506,23.670000000000016,49.0,1011.0,,6.1,14.0,41.86799916845201,2.211097621539605,,235.52314057461695,3.181466104492105,,,,,,,,,,,,,,,,
75,2025-05-16 09:43:02.238220,39.9155568,0.1655202,4.190988063812256,-166.2110551879945,23.670000000000016,49.0,1011.0,,5.9,14.0,42.941757736600145,2.0951627206892574,,236.73070254860565,3.0679985129240723,,,,,,,,,,,,,,,,
76,2025-05-16 09:43:07.237847,39.9154598,0.1652843,4.329653739929199,-166.25403073825223,23.670000000000016,49.0,1011.0,,5.9,14.0,45.65461383002116,1.995889819205033,,239.40058309176894,3.0263500033089246,,,,,,,,,,,,,,,,
77,2025-05-16 09:43:12.238211,39.9153627,0.1650592,4.3698201179504395,-166.55521475989312,23.670000000000016,49.0,1011.0,,5.9,15.0,48.963405193428514,2.0244621475560125,,242.4081904335354,2.8689657556432797,,,,,,,,,,,,,,,,
78,2025-05-16 09:43:17.237902,39.9152628,0.164864,4.101271629333496,-166.38523867220817,23.670000000000016,49.0,1011.0,,5.7,14.0,43.970652127968634,1.9861371471396416,,237.58541345576046,2.9516668252395943,,,,,,,,,,,,,,,,
79,2025-05-16 09:43:22.238036,39.9151665,0.1646553,4.598583221435547,-166.3491752733905,23.670000000000016,49.0,1011.0,,6.0,12.0,44.480431609801684,1.7804072305530418,,238.13125633641118,3.281042181932954,,,,,,,,,,,,,,,,
80,2025-05-16 09:43:27.238322,39.9150723,0.1644135,4.400570392608643,-166.28554523108266,23.670000000000016,49.0,1011.0,,6.2,14.0,42.87944796022201,2.2042736174884565,,236.59390272913936,3.2246808940031744,,,,,,,,,,,,,,,,
81,2025-05-16 09:43:32.237804,39.9149766,0.1641733,4.529668807983398,-166.14906439108748,23.670000000000016,49.0,1011.0,,6.1,13.0,44.14074483434762,1.9703554231037443,,237.99168044326015,3.2506318013553273,,,,,,,,,,,,,,,,
82,2025-05-16 09:43:37.240990,39.9148731,0.1639372,4.270798683166504,-166.27580538132622,23.670000000000016,49.0,1011.0,,6.2,16.0,45.33601310553837,2.4027727932034617,,239.06020772421215,3.0021485079473447,,,,,,,,,,,,,,,,
83,2025-05-16 09:43:42.238017,39.9147615,0.1637187,4.4992523193359375,-166.33147142306183,23.670000000000016,49.0,1011.0,,6.1,16.0,50.94071612861069,2.165357400243808,,244.60924470554886,2.835087615277074,,,,,,,,,,,,,,,,
84,2025-05-16 09:43:47.238022,39.9146425,0.1635105,4.3904523849487305,-166.41795527833253,23.670000000000016,49.0,1011.0,,6.0,15.0,47.86068283395973,2.0942435321444925,,241.4427275556272,2.9457108722534424,,,,,,,,,,,,,,,,
85,2025-05-16 09:43:52.238104,39.9145341,0.1632971,4.37008810043335,-165.97814573729707,23.670000000000016,49.0,1011.0,,6.0,14.0,44.996943330081784,2.0528848769349834,,239.01879759278472,3.0902837804149113,,,,,,,,,,,,,,,,
86,2025-05-16 09:43:57.238113,39.9144295,0.1630818,4.290375709533691,-166.54383566473587,23.670000000000016,49.0,1011.0,,6.2,15.0,43.37531828170431,2.336543049071733,,236.83148261696846,3.118547902780463,,,,,,,,,,,,,,,,
87,2025-05-16 09:44:02.237807,39.914336,0.16284,4.699182510375977,-166.81218013684733,23.670000000000016,49.0,1011.0,,6.0,14.0,52.28218963897618,1.8349811399899576,,245.47000950212885,2.874832803490132,,,,,,,,,,,,,,,,
88,2025-05-16 09:44:07.238151,39.9142426,0.1625827,4.438335418701172,-166.50381075619958,23.670000000000016,49.0,1011.0,,5.9,14.0,47.9728018037067,1.9214958246284963,,241.46899104750713,2.9713914442790212,,,,,,,,,,,,,,,,
89,2025-05-16 09:44:12.238298,39.9141456,0.1623419,4.3802642822265625,-166.05397449746255,23.670000000000016,49.0,1011.0,,5.9,15.0,49.18712092687736,2.0176205062633557,,243.1331464294148,2.862900202167131,,,,,,,,,,,,,,,,
90,2025-05-16 09:44:17.241092,39.9140717,0.162154,4.419802188873291,-166.02567019354203,23.670000000000016,49.0,1011.0,,5.8,14.0,49.27615818674119,1.8514522301480443,,243.25048799319916,2.8835400332896812,,,,,,,,,,,,,,,,
91,2025-05-16 09:44:22.238136,39.9139596,0.1618814,3.8614184856414795,-166.67938759900395,23.670000000000016,49.0,1011.0,,5.8,15.0,40.769841934872176,2.2987744911401466,,234.09045433586823,2.924402365140463,,,,,,,,,,,,,,,,
92,2025-05-16 09:44:27.237869,39.913867,0.1616649,4.4895524978637695,-166.15476076885525,23.670000000000016,49.0,1011.0,,6.1,13.0,43.34009147801369,1.9993393461421038,,237.18533070915845,3.26521872664763,,,,,,,,,,,,,,,,
93,2025-05-16 09:44:32.241061,39.9137556,0.1614216,4.624962329864502,-166.3799247850339,23.670000000000016,49.0,1011.0,,6.1,14.0,48.75731410891005,1.9625967802466864,,242.37738932387617,3.049005645468183,,,,,,,,,,,,,,,,
94,2025-05-16 09:44:37.238139,39.913636,0.1611931,4.560537338256836,-166.14776665514518,23.670000000000016,49.0,1011.0,,6.0,14.0,49.012591881011865,1.922930614359798,,242.8648252258667,2.9912252040755734,,,,,,,,,,,,,,,,
95,2025-05-16 09:44:42.237828,39.9135249,0.1609687,4.331160068511963,-166.3649393499949,23.670000000000016,49.0,1011.0,,5.9,16.0,50.50632898760057,2.1073879376096283,,244.14138963760567,2.754587405134783,,,,,,,,,,,,,,,,
96,2025-05-16 09:44:47.238186,39.913426,0.1607365,4.509115695953369,-166.1607166938115,23.670000000000016,49.0,1011.0,,6.0,17.0,54.99150594287744,2.1417420331962673,,248.83078924906593,2.5868700646479414,,,,,,,,,,,,,,,,
97,2025-05-16 09:44:52.238093,39.9133213,0.1605078,4.450384140014648,-166.12556854034264,23.670000000000016,49.0,1011.0,,5.9,17.0,55.35904046577379,2.0966691369846493,,249.23347192543116,2.5297409470094645,,,,,,,,,,,,,,,,
98,2025-05-16 09:44:57.238055,39.9132211,0.1602782,4.67831563949585,-166.1105011430336,23.670000000000016,49.0,1011.0,,6.3,13.0,44.14335482778936,2.034861725575093,,238.03285368475576,3.357156990894978,,,,,,,,,,,,,,,,
99,2025-05-16 09:45:02.237780,39.9130916,0.1600547,4.73710298538208,-166.8260590812408,23.670000000000016,49.0,1011.0,,6.2,15.0,52.04603029040868,2.0350890062864577,,245.21997120916788,2.913451943808256,,,,,,,,,,,,,,,,
100,2025-05-16 09:45:07.238234,39.9129695,0.1598271,4.671764850616455,-166.90747493614734,23.670000000000016,49.0,1011.0,,6.2,15.0,50.62393310021405,2.0759131984050576,,243.71645816406672,2.9638034920454475,,,,,,,,,,,,,,,,
101,2025-05-16 09:45:12.238170,39.9128642,0.1596038,4.439554691314697,-166.2656967013546,23.670000000000016,49.0,1011.0,,6.0,18.0,55.65780562909247,2.2455370924773415,,249.39210892773787,2.5045049014810608,,,,,,,,,,,,,,,,
102,2025-05-16 09:45:17.237878,39.9127611,0.1593796,4.479269027709961,-166.25969979526334,23.670000000000016,49.0,1011.0,,6.3,13.0,40.50095220387412,2.182105359126034,,234.24125240861076,3.4060145439139515,,,,,,,,,,,,,,,,
103,2025-05-16 09:45:22.238104,39.9126584,0.1591542,4.41341495513916,-166.6248007271572,23.670000000000016,49.0,1011.0,,6.2,13.0,40.592014215780715,2.143482869253667,,233.9672134886235,3.3513796235685716,,,,,,,,,,,,,,,,
104,2025-05-16 09:45:27.237881,39.9125689,0.1589404,4.33296537399292,-165.9026311658334,23.670000000000016,49.0,1011.0,,6.0,15.0,46.71569219460003,2.1332395604688212,,240.8130610287666,2.9707634061135817,,,,,,,,,,,,,,,,
105,2025-05-16 09:45:32.238055,39.912484,0.1587372,3.8560373783111572,-166.3077433458852,23.670000000000016,49.0,1011.0,,6.0,15.0,38.68322117341056,2.4846068447084217,,232.37547782752534,3.0100747319744725,,,,,,,,,,,,,,,,
106,2025-05-16 09:45:37.240771,39.9124014,0.1585423,4.382761001586914,-166.3239445545965,23.670000000000016,49.0,1011.0,,6.1,16.0,48.62699749662748,2.240588017249586,,242.303052942031,2.8968224501756805,,,,,,,,,,,,,,,,
107,2025-05-16 09:45:42.241199,39.9122895,0.1583081,4.817507743835449,-166.51053166234288,23.670000000000016,49.0,1011.0,,6.2,14.0,51.37763834154182,1.9198260051670948,,244.86710667919894,3.007013973374301,,,,,,,,,,,,,,,,
108,2025-05-16 09:45:47.237903,39.9121278,0.158047,4.560993671417236,-166.24329368087697,23.670000000000016,49.0,1011.0,,6.2,16.0,50.6986315612326,2.2084469033694756,,244.45533788035561,2.8889304480948415,,,,,,,,,,,,,,,,
109,2025-05-16 09:45:52.237882,39.9120275,0.1577855,4.490358829498291,-166.2952850808391,23.670000000000016,49.0,1011.0,,6.1,14.0,45.932665214909875,2.0538294575784892,,239.63738013407078,3.123059242867862,,,,,,,,,,,,,,,,
110,2025-05-16 09:45:57.238126,39.9119303,0.1575636,4.384859085083008,-166.37978818125052,23.670000000000016,49.0,1011.0,,6.5,12.0,34.40822350326424,2.3915428239627925,,228.0284353220137,3.6176508218333057,,,,,,,,,,,,,,,,
111,2025-05-16 09:46:02.238132,39.9118593,0.1573666,3.991877317428589,-166.15245216491581,23.670000000000016,49.0,1011.0,,6.2,14.0,36.54144668695697,2.519155792325012,,230.38899452204114,3.2071794896180315,,,,,,,,,,,,,,,,
112,2025-05-16 09:46:07.238094,39.9117763,0.1571637,4.1388139724731445,-166.14145556035209,23.670000000000016,49.0,1011.0,,6.4,17.0,43.35926273134057,2.725398554144528,,237.2178071709885,3.009178528656798,,,,,,,,,,,,,,,,
113,2025-05-16 09:46:12.237461,39.9116665,0.1569262,4.578235626220703,-166.7939708525201,23.670000000000016,49.0,1011.0,,6.4,14.0,43.49843746253682,2.2493416671359205,,236.70446661001674,3.32102073099305,,,,,,,,,,,,,,,,
114,2025-05-16 09:46:17.238083,39.9115532,0.156709,3.7947208881378174,-166.28370108000678,23.670000000000016,49.0,1011.0,,6.1,14.0,34.789947686593706,2.5864046096446027,,228.50624660658693,3.116411971318517,,,,,,,,,,,,,,,,
115,2025-05-16 09:46:22.240761,39.9114663,0.156509,4.475078582763672,-166.10065201025043,23.670000000000016,49.0,1011.0,,6.0,14.0,47.145583269517886,1.9800335448300126,,241.04493125926746,3.0436703637949094,,,,,,,,,,,,,,,,
116,2025-05-16 09:46:27.238054,39.9113796,0.1562917,4.360393047332764,-166.55136253320123,23.670000000000016,49.0,1011.0,,6.3,15.0,43.38887431282398,2.373634910139679,,236.83751177962276,3.1687328413224853,,,,,,,,,,,,,,,,
117,2025-05-16 09:46:32.238097,39.9112545,0.1560491,5.41815185546875,-166.32326153567948,23.670000000000016,49.0,1011.0,,6.1,15.0,73.28887601669119,1.64841416879654,,266.9656144810117,1.5579704713837976,,,,,,,,,,,,,,,,
118,2025-05-16 09:46:37.238152,39.9111598,0.1558053,4.534085750579834,-165.71698662419246,23.670000000000016,49.0,1011.0,,6.1,16.0,51.66370116573972,2.1435786676488053,,245.94671454154727,2.8123849812367276,,,,,,,,,,,,,,,,
119,2025-05-16 09:46:42.241095,39.9110711,0.1555882,4.599289894104004,-166.45533007347086,23.670000000000016,49.0,1011.0,,6.1,15.0,50.68635606594835,2.0406073253033488,,244.2310259924775,2.913949701749503,,,,,,,,,,,,,,,,
120,2025-05-16 09:46:47.238212,39.9109754,0.1553751,4.321881294250488,-166.51677445524427,23.670000000000016,49.0,1011.0,,6.2,18.0,50.58345590086476,2.4799750329306027,,244.06668144562047,2.744194141818495,,,,,,,,,,,,,,,,
121,2025-05-16 09:46:52.238338,39.9108601,0.1551214,4.697962760925293,-166.06669230969712,23.670000000000016,49.0,1011.0,,6.2,15.0,51.18735777406608,2.059392613779012,,245.12066546436895,2.944569160374067,,,,,,,,,,,,,,,,
122,2025-05-16 09:46:57.238050,39.9107587,0.1548929,4.353770732879639,-166.2319419064764,23.670000000000016,49.0,1011.0,,6.2,18.0,51.15730125662094,2.4598500914835237,,244.92535935014453,2.7306171988812777,,,,,,,,,,,,,,,,
123,2025-05-16 09:47:02.238075,39.910683,0.1547031,3.7785239219665527,-165.64768752487353,23.670000000000016,49.0,1011.0,,6.4,18.0,40.59012057354536,3.039620636681796,,234.94243304867183,2.869348751235421,,,,,,,,,,,,,,,,
124,2025-05-16 09:47:07.237839,39.9106163,0.1545253,3.9635910987854004,-165.97478528422542,23.670000000000016,49.0,1011.0,,6.2,17.0,42.68417069950657,2.673776686533784,,236.70938541528116,2.91364344499095,,,,,,,,,,,,,,,,
125,2025-05-16 09:47:12.241198,39.9105069,0.1543008,4.944123268127441,-166.61174140546413,23.670000000000016,49.0,1011.0,,6.3,17.0,59.60148347989095,2.1355183419205663,,252.98974207442683,2.5017828953114924,,,,,,,,,,,,,,,,
126,2025-05-16 09:47:17.238087,39.9103507,0.1540317,4.950682640075684,-166.190947111078,23.670000000000016,49.0,1011.0,,5.9,17.0,68.15513213271814,1.8584387603373402,,261.9641850216401,1.8421233234734695,,,,,,,,,,,,,,,,
127,2025-05-16 09:47:22.238156,39.9102215,0.1537861,4.583841800689697,-166.36816319928315,23.670000000000016,49.0,1011.0,,6.0,17.0,56.661848051554216,2.0997640531187076,,250.29368485227107,2.519184298770888,,,,,,,,,,,,,,,,
128,2025-05-16 09:47:27.237882,39.9101143,0.1535794,4.4505181312561035,-166.60905031093117,23.670000000000016,49.0,1011.0,,6.1,15.0,47.600190114630195,2.1379646198647277,,240.991139803699,3.000984096822717,,,,,,,,,,,,,,,,
129,2025-05-16 09:47:32.237797,39.910044,0.1534122,3.429093837738037,-167.0418520778782,23.670000000000016,49.0,1011.0,,6.1,17.0,36.566629984256814,2.9936145127269524,,229.52477790637863,2.7541267472940016,,,,,,,,,,,,,,,,
130,2025-05-16 09:47:37.238321,39.9099299,0.1531774,4.278285503387451,-166.40851595689958,23.670000000000016,49.0,1011.0,,6.0,16.0,47.99665703835458,2.2255568076687395,,241.588141081455,2.8629172716315714,,,,,,,,,,,,,,,,
131,2025-05-16 09:47:42.237495,39.9098331,0.1529515,4.172592639923096,-166.58532223375454,23.670000000000016,49.0,1011.0,,6.1,15.0,42.55635766583505,2.334409222526868,,235.9710354320805,3.073583694016603,,,,,,,,,,,,,,,,
132,2025-05-16 09:47:47.238145,39.9097374,0.1527025,4.536876201629639,-166.21386922593257,23.670000000000016,49.0,1011.0,,6.0,15.0,50.97430383375003,1.9989534619269052,,244.76043460781744,2.856729685224331,,,,,,,,,,,,,,,,
133,2025-05-16 09:47:52.237893,39.9096353,0.1524267,4.488682270050049,-166.37567640737015,23.670000000000016,49.0,1011.0,,6.1,17.0,52.982839723354445,2.2336473415964084,,246.60716331598428,2.7024299689335187,,,,,,,,,,,,,,,,
134,2025-05-16 09:47:57.237852,39.9095623,0.1522255,4.304832935333252,-166.18727246930453,23.670000000000016,49.0,1011.0,,6.2,17.0,48.13837578437512,2.4339488903897846,,241.95110331507058,2.8727608564535068,,,,,,,,,,,,,,,,
135,2025-05-16 09:48:02.238871,39.9094581,0.1519745,4.127112865447998,-166.1764807704159,23.670000000000016,49.0,1011.0,,6.1,17.0,46.26597112994883,2.4682733098933216,,240.08949035953293,2.8531212907152934,,,,,,,,,,,,,,,,
136,2025-05-16 09:48:07.237909,39.9093621,0.1517844,4.358191967010498,-166.592370988978,23.670000000000016,49.0,1011.0,,6.0,17.0,51.81627136343726,2.2317528438181506,,245.22390037445928,2.6941697545283003,,,,,,,,,,,,,,,,
137,2025-05-16 09:48:12.238134,39.9092424,0.1515624,4.663333892822266,-166.75443771760405,23.670000000000016,49.0,1011.0,,6.1,18.0,58.877631472506216,2.201938950451442,,252.12319375490216,2.410326103810389,,,,,,,,,,,,,,,,
138,2025-05-16 09:48:17.241148,39.9091107,0.151303,4.7993550300598145,-166.22242062277343,23.670000000000016,49.0,1011.0,,6.0,16.0,59.65357825383868,1.9163963153000636,,253.43115763106525,2.4247637046538406,,,,,,,,,,,,,,,,
139,2025-05-16 09:48:22.237881,39.9089919,0.1510585,4.591739654541016,-166.3361022913191,23.670000000000016,49.0,1011.0,,6.1,16.0,52.892781422731076,2.1083023962378484,,246.55667913141198,2.7702354206344846,,,,,,,,,,,,,,,,
140,2025-05-16 09:48:27.238073,39.9088875,0.1508401,4.262287616729736,-166.14051299424662,23.670000000000016,49.0,1011.0,,6.0,16.0,47.69207163994424,2.2362937757176264,,241.5515586456976,2.8690091079024707,,,,,,,,,,,,,,,,
141,2025-05-16 09:48:32.238417,39.9088135,0.1506739,4.369521617889404,-166.74061341472395,23.670000000000016,49.0,1011.0,,6.2,15.0,44.741586201424376,2.279662322917694,,238.00097278670043,3.103622054461958,,,,,,,,,,,,,,,,
142,2025-05-16 09:48:37.238142,39.9086902,0.1504102,4.290503025054932,-166.50427520906317,23.670000000000016,49.0,1011.0,,6.2,17.0,47.88813131388819,2.4435350311927446,,241.383856104825,2.8771268191037556,,,,,,,,,,,,,,,,
143,2025-05-16 09:48:42.241204,39.9085768,0.1501889,4.280252456665039,-166.2044299044996,23.670000000000016,49.0,1011.0,,5.8,14.0,46.159755984646026,1.945373323094517,,239.95532608014645,2.964716695779594,,,,,,,,,,,,,,,,
144,2025-05-16 09:48:47.238033,39.908469,0.1499728,4.478470325469971,-165.92358618620702,23.670000000000016,49.0,1011.0,,6.1,16.0,50.51629978379888,2.1785124045578845,,244.59271359759185,2.8476742251073643,,,,,,,,,,,,,,,,
145,2025-05-16 09:48:52.238148,39.9083605,0.1497405,4.440384387969971,-166.40369384334556,23.670000000000016,49.0,1011.0,,5.7,13.0,49.027823934955485,1.6982427982659816,,242.6241300916099,2.9115265188545365,,,,,,,,,,,,,,,,
146,2025-05-16 09:48:57.237698,39.9082602,0.1495098,4.450004577636719,-166.54148607966138,23.670000000000016,49.0,1011.0,,5.8,13.0,47.36209870014356,1.7735575144755094,,240.82061262048217,3.0142673453196704,,,,,,,,,,,,,,,,
147,2025-05-16 09:49:02.237751,39.9081705,0.1492866,4.553248405456543,-166.44287180842474,23.670000000000016,49.0,1011.0,,5.7,11.0,46.226224498940205,1.506226275508961,,239.78335269051547,3.1499952960146733,,,,,,,,,,,,,,,,
148,2025-05-16 09:49:07.238190,39.908078,0.1490454,4.817085266113281,-166.57447589335254,23.670000000000016,49.0,1011.0,,6.1,13.0,50.614135405659496,1.7754158753982974,,244.03965951230697,3.0566325779708206,,,,,,,,,,,,,,,,
149,2025-05-16 09:49:12.238138,39.907979,0.1488249,4.35118293762207,-166.2268875664906,23.670000000000016,49.0,1011.0,,6.0,13.0,42.07543882272518,2.0141609038939037,,235.84855125623457,3.2297228268653715,,,,,,,,,,,,,,,,
150,2025-05-16 09:49:17.238129,39.907874,0.1486259,4.687893390655518,-166.01022030563945,23.670000000000016,49.0,1011.0,,6.0,12.0,46.568051439098404,1.7178254775631228,,240.55783113345896,3.2228917695966786,,,,,,,,,,,,,,,,
151,2025-05-16 09:49:22.238102,39.9077823,0.148398,4.420714855194092,-166.2077766971929,23.670000000000016,49.0,1011.0,,6.1,12.0,39.364009513368096,1.9996394563695006,,233.1562328161752,3.417796685811846,,,,,,,,,,,,,,,,
152,2025-05-16 09:49:27.237891,39.907709,0.1481628,4.868576526641846,-166.23740605781242,23.670000000000016,49.0,1011.0,,6.1,9.0,39.5310122169041,1.4992247642445833,,233.29360615909167,3.7550365959239707,,,,,,,,,,,,,,,,
153,2025-05-16 09:49:32.238183,39.90763,0.1479078,4.580998420715332,-165.6817701688319,23.670000000000016,49.0,1011.0,,6.4,10.0,32.84095138406217,2.049290410484804,,227.1591812152303,3.8488596350691884,,,,,,,,,,,,,,,,
154,2025-05-16 09:49:37.237956,39.9075694,0.147713,4.818411827087402,-166.70058850618767,23.670000000000016,49.0,1011.0,,6.1,9.0,38.34163003251089,1.5382472224764343,,231.64104152632322,3.7792049214331978,,,,,,,,,,,,,,,,
155,2025-05-16 09:49:42.237899,39.9075006,0.1474173,4.871324062347412,-166.51704766281108,23.670000000000016,49.0,1011.0,,6.0,8.0,37.96144645780819,1.3574969845946412,,231.4443987949971,3.840672920362056,,,,,,,,,,,,,,,,
156,2025-05-16 09:49:47.238107,39.9074305,0.147152,4.659764289855957,-166.17802439316833,23.670000000000016,49.0,1011.0,,6.1,10.0,38.169169751149546,1.7140434179827555,,231.99114535798122,3.6634579359236357,,,,,,,,,,,,,,,,
157,2025-05-16 09:49:52.237697,39.9073506,0.1468842,4.518731594085693,-166.50823671878177,23.670000000000016,49.0,1011.0,,6.0,10.0,36.851503978160075,1.737225468310482,,230.3432672593783,3.6158554781847903,,,,,,,,,,,,,,,,
158,2025-05-16 09:49:57.238366,39.9072827,0.1467016,4.510006904602051,-166.14838137217046,23.670000000000016,49.0,1011.0,,5.9,6.0,24.429759215301395,1.4911790716979516,,218.28137784313094,4.106221354966956,,,,,,,,,,,,,,,,
159,2025-05-16 09:50:02.237578,39.907181,0.1463997,4.529971599578857,-166.0156981173538,23.670000000000016,49.0,1011.0,,6.0,9.0,33.91207753089631,1.6823320443412215,,227.89637941354252,3.759399412897971,,,,,,,,,,,,,,,,
160,2025-05-16 09:50:07.238136,39.9071046,0.1461694,4.390395164489746,-166.18051058202622,23.670000000000016,49.0,1011.0,,6.3,10.0,31.09474008882234,2.1182564105856336,,224.91422950679612,3.75955904087987,,,,,,,,,,,,,,,,
161,2025-05-16 09:50:12.237834,39.9070505,0.1459818,4.439679145812988,-166.50448011473827,23.670000000000016,49.0,1011.0,,5.7,6.0,25.862094384561978,1.3658947111941477,,219.3576142698237,3.9950300088005304,,,,,,,,,,,,,,,,
162,2025-05-16 09:50:17.237851,39.9069755,0.1457371,4.539653778076172,-165.83329108537944,23.670000000000016,49.0,1011.0,,6.1,10.0,35.818854253588654,1.8099956734164404,,229.9855631682092,3.6810748868421745,,,,,,,,,,,,,,,,
163,2025-05-16 09:50:22.238101,39.9068922,0.1454485,4.44021463394165,-166.49013671748122,23.670000000000016,49.0,1011.0,,6.2,10.0,32.87812037436683,1.9832572496587464,,226.3879836568856,3.7290131395590547,,,,,,,,,,,,,,,,
164,2025-05-16 09:50:27.238075,39.906825,0.1452474,2.7743945121765137,-166.4415604121041,23.670000000000016,49.0,1011.0,,6.6,9.0,15.41567311842916,3.8840874130579475,,208.97411270632506,2.674579360479973,,,,,,,,,,,,,,,,
165,2025-05-16 09:50:32.237743,39.9067399,0.1450522,4.504141330718994,-166.40123497524434,23.670000000000016,49.0,1011.0,,6.4,6.0,19.774192796408204,1.9773996332824872,,213.37295782116388,4.23854674620761,,,,,,,,,,,,,,,,
166,2025-05-16 09:50:37.238137,39.9066518,0.1447644,4.380613327026367,-166.48472720765858,23.670000000000016,49.0,1011.0,,6.6,10.0,28.405757805505754,2.409181427619343,,221.92103059784716,3.8531908628897344,,,,,,,,,,,,,,,,
167,2025-05-16 09:50:42.238086,39.9065882,0.1445071,4.490487098693848,-166.6206069910068,23.670000000000016,49.0,1011.0,,6.4,7.0,22.73017947508981,2.0185820683960345,,216.109572484083,4.141732038395764,,,,,,,,,,,,,,,,
168,2025-05-16 09:50:47.237888,39.9065281,0.144257,4.104711055755615,-166.32716840388474,23.670000000000016,49.0,1011.0,,6.4,10.0,26.82136696253677,2.4630380782641716,,220.49419855865204,3.663116444081823,,,,,,,,,,,,,,,,
169,2025-05-16 09:50:52.238157,39.9064428,0.143986,4.52439546585083,-166.49206283082717,23.670000000000016,49.0,1011.0,,6.3,8.0,27.087875788419044,1.9255034128773163,,220.59581295759187,4.028110823342027,,,,,,,,,,,,,,,,
170,2025-05-16 09:50:57.238090,39.9063613,0.1437337,4.57981014251709,-166.03553298670352,23.670000000000016,49.0,1011.0,,6.0,11.0,41.152344642078454,1.7397319823505182,,235.11681165537493,3.4484253349970504,,,,,,,,,,,,,,,,
171,2025-05-16 09:51:02.238045,39.9062714,0.1435109,4.897456169128418,-165.96910256683597,23.670000000000016,49.0,1011.0,,5.9,8.0,40.98398427623006,1.2519993102284062,,235.0148817093941,3.697055071445984,,,,,,,,,,,,,,,,
172,2025-05-16 09:51:07.238265,39.9061842,0.1432481,4.581111907958984,-166.6049385370508,23.670000000000016,49.0,1011.0,,6.3,9.0,30.982807172238793,1.9144790416038537,,224.377868635188,3.927487154264628,,,,,,,,,,,,,,,,
173,2025-05-16 09:51:12.238032,39.9061116,0.1430384,4.530332088470459,-166.33025564938958,23.670000000000016,49.0,1011.0,,6.2,8.0,28.198840934900154,1.826059432913068,,221.86858528551056,3.992640615311857,,,,,,,,,,,,,,,,
174,2025-05-16 09:51:17.238,39.906048,0.1427405,4.440242290496826,-167.19064091875774,23.670000000000016,49.0,1011.0,,6.0,8.0,29.08219304018593,1.717960914938765,,221.8915521214282,3.8804313242776836,,,,,,,,,,,,,,,,
175,2025-05-16 09:51:22.237822,39.9059905,0.1425351,4.589218616485596,-166.12331457791652,23.670000000000016,49.0,1011.0,,6.3,9.0,31.108155264022106,1.9075335484838316,,224.9848406861056,3.9292593997692853,,,,,,,,,,,,,,,,
176,2025-05-16 09:51:27.238087,39.9059173,0.1422918,4.550043106079102,-165.92329931826188,23.670000000000016,49.0,1011.0,,6.1,10.0,36.01221999074751,1.80158152544349,,230.08892067248564,3.6804917103982344,,,,,,,,,,,,,,,,
177,2025-05-16 09:51:32.241001,39.9058378,0.1419859,5.836790561676025,-166.66518080553033,23.670000000000016,49.0,1011.0,,6.0,10.0,86.04378335921052,1.0443777509627286,,279.3786025536802,0.402704410185061,,,,,,,,,,,,,,,,
178,2025-05-16 09:51:37.237298,39.9057666,0.1417598,4.374093055725098,248.99761962890625,23.670000000000016,49.0,1011.0,,5.8,7.0,27.07673987580435,1.5528731433453258,,276.0743595047106,3.8946822515316066,,,,,,,,,,,,,,,,
179,2025-05-16 09:51:42.238671,39.90571,0.1415823,4.579339504241943,-165.94447290468892,23.670000000000016,49.0,1011.0,,5.8,7.0,30.97754038038455,1.3733036779880732,,225.03306747569562,3.9261843122389237,,,,,,,,,,,,,,,,
180,2025-05-16 09:51:47.237841,39.9056288,0.141279,4.470829486846924,-166.6926518263721,23.670000000000016,49.0,1011.0,,5.6,8.0,35.95023196590873,1.327529987004781,,229.25758013953663,3.6192582944299807,,,,,,,,,,,,,,,,
181,2025-05-16 09:51:52.241141,39.9055657,0.14102,4.539882659912109,-166.62256042510944,23.670000000000016,49.0,1011.0,,6.2,6.0,21.72893784174396,1.750536200845991,,215.10637741663453,4.217304514074437,,,,,,,,,,,,,,,,
182,2025-05-16 09:51:57.237896,39.9054875,0.1407928,4.380018711090088,-166.341962593627,23.670000000000016,49.0,1011.0,,6.4,8.0,24.464462007371903,2.150799324073564,,218.12249941374492,3.986773234981469,,,,,,,,,,,,,,,,
183,2025-05-16 09:52:02.238120,39.9054213,0.1405777,4.489558219909668,-165.69806700019154,23.670000000000016,49.0,1011.0,,6.5,9.0,27.77749378544218,2.1818425706261544,,222.07942678525063,3.972199969970927,,,,,,,,,,,,,,,,
184,2025-05-16 09:52:07.238230,39.9053551,0.1403371,4.596844673156738,-166.24892175675305,23.670000000000016,49.0,1011.0,,6.3,9.0,31.226906947696662,1.9010082509978459,,224.97798519094363,3.9308579204387595,,,,,,,,,,,,,,,,
185,2025-05-16 09:52:12.241050,39.9052908,0.14008,4.535362243652344,-166.44396463869194,23.670000000000016,49.0,1011.0,,6.3,9.0,30.29216398115625,1.9538431705023915,,223.8481993424643,3.916124491199333,,,,,,,,,,,,,,,,
186,2025-05-16 09:52:17.238114,39.9052147,0.139823,4.470251560211182,-166.3908804084626,23.670000000000016,49.0,1011.0,,6.4,11.0,33.97518907010795,2.185224764791227,,227.58430866164534,3.707088620085383,,,,,,,,,,,,,,,,
187,2025-05-16 09:52:22.240957,39.905114,0.1395662,4.56913948059082,-166.45414162055528,23.670000000000016,49.0,1011.0,,6.4,7.0,23.624876251611404,1.9462755338341224,,217.17073463105612,4.186194521287584,,,,,,,,,,,,,,,,
188,2025-05-16 09:52:27.241122,39.9050145,0.1393088,4.511063575744629,-166.52320849344244,23.670000000000016,49.0,1011.0,,6.7,8.0,23.704668461051117,2.319422536270763,,217.18145996760867,4.130464418233245,,,,,,,,,,,,,,,,
189,2025-05-16 09:52:32.237645,39.9049318,0.1390606,4.390413761138916,-166.21154696161474,23.670000000000016,49.0,1011.0,,6.5,10.0,29.30615947386924,2.3059612642635074,,223.09461251225449,3.8285139319887125,,,,,,,,,,,,,,,,
190,2025-05-16 09:52:37.238048,39.9048609,0.1388213,4.542809009552002,-166.1015672555992,23.670000000000016,49.0,1011.0,,6.0,8.0,30.83585350419426,1.629088469867871,,224.73428624859505,3.900634402350015,,,,,,,,,,,,,,,,
191,2025-05-16 09:52:42.238162,39.9047913,0.1385755,4.459786415100098,-166.93426293807215,23.670000000000016,49.0,1011.0,,6.0,7.0,26.056197004085476,1.6646827766614227,,219.12193406601332,4.006510000520193,,,,,,,,,,,,,,,,
192,2025-05-16 09:52:47.237812,39.904721,0.1383385,4.496890544891357,-166.24815677556603,23.670000000000016,49.0,1011.0,,6.2,7.0,24.51428942298662,1.82104891605076,,218.2661326474206,4.091531024035843,,,,,,,,,,,,,,,,
193,2025-05-16 09:52:52.238046,39.904649,0.1380959,4.629486083984375,-166.09137661335754,23.670000000000016,49.0,1011.0,,6.2,8.0,29.742465751327217,1.7393049130343785,,223.65108913796968,4.019616374593983,,,,,,,,,,,,,,,,
194,2025-05-16 09:52:57.237849,39.9045654,0.1378528,4.435276508331299,-166.01442770216818,23.670000000000016,49.0,1011.0,,6.4,9.0,27.96243270004441,2.1352026261102166,,221.94800499787624,3.9174811410224026,,,,,,,,,,,,,,,,
195,2025-05-16 09:53:02.238123,39.9044772,0.1376009,4.748133182525635,-166.62351665159323,23.670000000000016,49.0,1011.0,,6.3,8.0,30.465347715557694,1.7293113633696624,,223.84183106396446,4.092586734044895,,,,,,,,,,,,,,,,
196,2025-05-16 09:53:07.238100,39.9043815,0.1373448,4.5753655433654785,-166.48694018894966,23.670000000000016,49.0,1011.0,,6.5,8.0,25.91965183420623,2.0695580808514964,,219.43271164525657,4.115119950525422,,,,,,,,,,,,,,,,
197,2025-05-16 09:53:12.238196,39.9043137,0.1371088,4.261101722717285,-166.378039652823,23.670000000000016,49.0,1011.0,,6.5,8.0,22.577400717281908,2.3562171448485176,,216.1993610644589,3.934538231231169,,,,,,,,,,,,,,,,
198,2025-05-16 09:53:17.238103,39.9042594,0.1368841,4.4825005531311035,-166.15563503306902,23.670000000000016,49.0,1011.0,,6.3,6.0,20.271226279280977,1.900711679370581,,214.11559124621195,4.204868122969827,,,,,,,,,,,,,,,,
199,2025-05-16 09:53:22.238121,39.904207,0.1366936,4.56549596786499,-166.0702030269305,23.670000000000016,49.0,1011.0,,6.3,7.0,24.463959460996993,1.853992643401811,,218.3937564340665,4.1556146138064625,,,,,,,,,,,,,,,,
200,2025-05-16 09:53:27.237886,39.904133,0.1364167,4.390444755554199,-166.30923232712428,23.670000000000016,49.0,1011.0,,6.4,7.0,21.68105344329398,2.111208507288731,,215.3718211161697,4.079841812806403,,,,,,,,,,,,,,,,
201,2025-05-16 09:53:32.237594,39.9040634,0.1361727,4.755768299102783,-166.44061784599864,23.670000000000016,49.0,1011.0,,6.2,9.0,35.33811808956393,1.6768549608607184,,228.89750024356528,3.879532108968879,,,,,,,,,,,,,,,,
202,2025-05-16 09:53:37.238230,39.903982,0.1359151,4.670996189117432,-166.08130891452095,23.670000000000016,49.0,1011.0,,6.3,10.0,35.507342619518504,1.8835568231273714,,229.42603370499756,3.8023828427745068,,,,,,,,,,,,,,,,
203,2025-05-16 09:53:42.237886,39.903907,0.1356579,4.59060001373291,-166.41593354233822,23.670000000000016,49.0,1011.0,,5.9,9.0,36.73304172333915,1.5431913650827873,,230.31710818100092,3.679048555342381,,,,,,,,,,,,,,,,
204,2025-05-16 09:53:47.237845,39.9038336,0.1353966,4.490260124206543,-166.30199232660405,23.670000000000016,49.0,1011.0,,5.9,7.0,27.765338152141908,1.5434730935371146,,221.46334582553786,3.973264865401647,,,,,,,,,,,,,,,,
205,2025-05-16 09:53:52.237815,39.9037649,0.1351536,4.450198173522949,-166.02986392969243,23.670000000000016,49.0,1011.0,,6.3,11.0,34.73083974579926,2.109970733920302,,228.70097581610685,3.6573397607503964,,,,,,,,,,,,,,,,
206,2025-05-16 09:53:57.237852,39.9036866,0.1349206,4.574519157409668,-166.82069055255317,23.670000000000016,49.0,1011.0,,5.8,6.0,26.925285422144185,1.3388411977272725,,220.104594869591,4.0786311118523155,,,,,,,,,,,,,,,,
207,2025-05-16 09:54:02.238157,39.9036024,0.1346845,4.4421868324279785,-166.48935807591585,23.670000000000016,49.0,1011.0,,6.3,12.0,37.288317408696905,2.1620782856079255,,230.79895933278107,3.534190629089346,,,,,,,,,,,,,,,,
208,2025-05-16 09:54:07.238010,39.9035027,0.1344556,4.764039516448975,-166.4695505273228,23.670000000000016,49.0,1011.0,,6.1,10.0,40.43026824031023,1.6333350196853405,,233.96071771298742,3.6263669291387157,,,,,,,,,,,,,,,,
209,2025-05-16 09:54:12.238205,39.9034441,0.1342066,4.470948219299316,-166.33559685732052,23.670000000000016,49.0,1011.0,,6.2,11.0,36.22105610906521,2.0020500898583022,,229.8854592517447,3.606907122654664,,,,,,,,,,,,,,,,
210,2025-05-16 09:54:17.237816,39.9033519,0.1339114,4.599597454071045,-166.42990810938005,23.670000000000016,49.0,1011.0,,6.1,10.0,36.95982845155773,1.761738371820123,,230.5299203421777,3.675341746794273,,,,,,,,,,,,,,,,
211,2025-05-16 09:54:22.241133,39.9033316,0.1336858,4.228248119354248,-165.53839083777498,23.670000000000016,49.0,1011.0,,6.0,6.0,19.83307912335711,1.8485286456672625,,214.29468828558214,3.9774497738488663,,,,,,,,,,,,,,,,
212,2025-05-16 09:54:27.237853,39.9032457,0.1334496,4.444574356079102,-165.9363723003333,23.670000000000016,49.0,1011.0,,6.1,8.0,28.008823346225135,1.8077987792473706,,222.07245104589185,3.9240048532786376,,,,,,,,,,,,,,,,
213,2025-05-16 09:54:32.237823,39.903173,0.1332084,4.379124164581299,-166.0070237771079,23.670000000000016,49.0,1011.0,,6.6,9.0,25.75951082784757,2.3757015892289486,,219.7524870507397,3.943953566196245,,,,,,,,,,,,,,,,
214,2025-05-16 09:54:37.237823,39.9030988,0.13296,4.57021427154541,-166.81661975980785,23.670000000000016,49.0,1011.0,,6.7,11.0,32.50038816035456,2.3793180833807974,,225.6837684005467,3.8544629863438575,,,,,,,,,,,,,,,,
215,2025-05-16 09:54:42.238153,39.9030124,0.1327033,4.432134628295898,-166.84343508248932,23.670000000000016,49.0,1011.0,,6.4,9.0,27.92295223041764,2.1379782156273444,,221.07951714792833,3.916137139229402,,,,,,,,,,,,,,,,
216,2025-05-16 09:54:47.238528,39.9029426,0.1324531,4.539677619934082,-166.74517598108952,23.670000000000016,49.0,1011.0,,6.6,10.0,30.31558137457587,2.27052959415656,,223.57040539348634,3.9189144495030463,,,,,,,,,,,,,,,,
217,2025-05-16 09:54:52.238017,39.9028904,0.132246,4.380582332611084,-166.51151520958337,23.670000000000016,49.0,1011.0,,6.8,6.0,16.61411059901161,2.4859495109616283,,210.10259538942825,4.19770260098565,,,,,,,,,,,,,,,,
218,2025-05-16 09:54:57.237451,39.9028278,0.1320002,4.5495381355285645,-166.19258635647878,23.670000000000016,49.0,1011.0,,7.1,7.0,19.10863851034177,2.6431798990412076,,212.91605215386298,4.298856612620122,,,,,,,,,,,,,,,,
219,2025-05-16 09:55:02.237992,39.9027383,0.1316967,4.440368175506592,-166.18613865790232,23.670000000000016,49.0,1011.0,,6.9,8.0,21.8695428149116,2.5780095132364487,,215.68340415700928,4.120814393143381,,,,,,,,,,,,,,,,
220,2025-05-16 09:55:07.237456,39.9026802,0.1314981,4.469886779785156,-165.91772588389915,23.670000000000016,49.0,1011.0,,7.1,9.0,23.596332761143216,2.774697465747438,,217.67860687724408,4.096152180568159,,,,,,,,,,,,,,,,
221,2025-05-16 09:55:12.237872,39.9025985,0.1312015,4.603699684143066,-165.98496226608876,23.670000000000016,49.0,1011.0,,7.3,10.0,26.11892021161719,2.8794387154640697,,220.13395794552844,4.133580231151251,,,,,,,,,,,,,,,,
222,2025-05-16 09:55:17.237826,39.9025322,0.1309448,4.6089348793029785,-166.2693167016147,23.670000000000016,49.0,1011.0,,7.4,9.0,23.207371530790795,2.9376606896437805,,216.93805482917608,4.2360012915385346,,,,,,,,,,,,,,,,
223,2025-05-16 09:55:22.238141,39.9024839,0.1307486,4.490377902984619,-165.99228422887902,23.670000000000016,49.0,1011.0,,7.2,9.0,23.254928327913934,2.8527428129327794,,217.26264409903493,4.125567265464263,,,,,,,,,,,,,,,,
224,2025-05-16 09:55:27.237906,39.9024084,0.1304732,4.450034141540527,-166.46414101750017,23.670000000000016,49.0,1011.0,,7.0,10.0,26.44726688346711,2.7292508364498884,,219.98312586596694,3.984314252176021,,,,,,,,,,,,,,,,
225,2025-05-16 09:55:32.237876,39.9023424,0.1302419,4.454602241516113,-165.9979532858901,23.670000000000016,49.0,1011.0,,7.0,10.0,26.490041963874056,2.7251615720341382,,220.49208867798396,3.9869220047690863,,,,,,,,,,,,,,,,
226,2025-05-16 09:55:37.238357,39.9022882,0.1300525,4.598495006561279,-166.07854951809625,23.670000000000016,49.0,1011.0,,6.7,8.0,24.60391625062448,2.2396435469099623,,218.52536673252823,4.180986854639069,,,,,,,,,,,,,,,,
227,2025-05-16 09:55:42.237816,39.9022018,0.1297524,4.4789652824401855,-166.29359119392495,23.670000000000016,49.0,1011.0,,6.9,8.0,22.19357236401217,2.542230724877037,,215.89998117008722,4.147132031300301,,,,,,,,,,,,,,,,
228,2025-05-16 09:55:47.237882,39.9021436,0.1295547,4.519768238067627,-166.62474608564384,23.670000000000016,49.0,1011.0,,7.0,10.0,27.114503914528935,2.6669956296369084,,220.4897578288851,4.023034223827008,,,,,,,,,,,,,,,,
229,2025-05-16 09:55:52.241305,39.9020652,0.1293044,4.659457206726074,-166.6345269165353,23.670000000000016,49.0,1011.0,,6.8,8.0,24.523648430354978,2.280048789887248,,217.88912151381967,4.239127719582285,,,,,,,,,,,,,,,,
230,2025-05-16 09:55:57.241051,39.9019802,0.1290471,4.415278434753418,-166.26250017282305,23.670000000000016,49.0,1011.0,,6.6,7.0,20.638688712385274,2.2819796422663763,,214.37618853956224,4.131913560182832,,,,,,,,,,,,,,,,
231,2025-05-16 09:56:02.238054,39.9019007,0.1288018,4.487017631530762,-166.29823572256055,23.670000000000016,49.0,1011.0,,6.5,9.0,27.746433268777974,2.1840907129666727,,221.44819754621741,3.971085181783268,,,,,,,,,,,,,,,,
232,2025-05-16 09:56:07.238001,39.9018115,0.1285025,4.73983907699585,-166.71939884716187,23.670000000000016,49.0,1011.0,,6.3,7.0,26.902584756519488,1.696838422301133,,220.18318590935763,4.226880032965221,,,,,,,,,,,,,,,,
233,2025-05-16 09:56:12.238106,39.9017416,0.1282512,4.545736789703369,-166.346784707181,23.670000000000016,49.0,1011.0,,6.2,9.0,31.57744919858323,1.8521770302452911,,225.23066449140222,3.872663642057255,,,,,,,,,,,,,,,,
234,2025-05-16 09:56:17.240901,39.9016672,0.1280022,4.47017240524292,-166.3113223650103,23.670000000000016,49.0,1011.0,,6.3,8.0,26.371176273837886,1.9739331294663995,,220.05985390882756,4.004985384705975,,,,,,,,,,,,,,,,
235,2025-05-16 09:56:22.240799,39.9016021,0.1278017,4.579643249511719,-166.2409850769375,23.670000000000016,49.0,1011.0,,6.7,7.0,21.523139663509433,2.225608837601938,,215.28215458657192,4.260302324649023,,,,,,,,,,,,,,,,
236,2025-05-16 09:56:27.238031,39.9015224,0.1275432,4.500251293182373,-166.50177535982692,23.670000000000016,49.0,1011.0,,6.7,9.0,26.336864621012186,2.362483628019967,,219.83508926118526,4.033130469039369,,,,,,,,,,,,,,,,
237,2025-05-16 09:56:32.241253,39.9014436,0.1272922,4.519969940185547,-166.25092983236905,23.670000000000016,49.0,1011.0,,6.4,8.0,26.105170538999314,2.024243042764637,,219.85424070663026,4.05887818223532,,,,,,,,,,,,,,,,
238,2025-05-16 09:56:37.237883,39.9013557,0.127,4.480072975158691,-166.45084946937533,23.670000000000016,49.0,1011.0,,6.4,8.0,25.616920127727955,2.0601448340399546,,219.16607065835262,4.039703695829679,,,,,,,,,,,,,,,,
239,2025-05-16 09:56:42.238104,39.9013065,0.1268024,4.559719085693359,-166.25556070062632,23.670000000000016,49.0,1011.0,,6.4,11.0,35.331923777937654,2.1116231521969406,,229.07636307731133,3.719889485565836,,,,,,,,,,,,,,,,
240,2025-05-16 09:56:47.238153,39.9012413,0.1265497,4.480221748352051,-166.5863331017517,23.670000000000016,49.0,1011.0,,6.4,8.0,25.618709148441184,2.060010685528659,,219.03237604668948,4.039777360870759,,,,,,,,,,,,,,,,
241,2025-05-16 09:56:52.241172,39.9011688,0.1263034,4.539783000946045,-166.26680319200017,23.670000000000016,49.0,1011.0,,6.5,10.0,31.230807065195602,2.1769368946888803,,224.96400387319542,3.8819030772316285,,,,,,,,,,,,,,,,
242,2025-05-16 09:56:57.238335,39.9010976,0.1260565,4.496920108795166,-166.5494774009903,23.670000000000016,49.0,1011.0,,6.6,9.0,27.051658952087685,2.2701887745945095,,220.50218155109738,4.004942819362388,,,,,,,,,,,,,,,,
243,2025-05-16 09:57:02.238147,39.9010312,0.125812,4.545131206512451,-166.93194067375433,23.670000000000016,49.0,1011.0,,6.8,10.0,28.75860735902934,2.454286771310374,,221.82666668527503,3.984509672705274,,,,,,,,,,,,,,,,
244,2025-05-16 09:57:07.238058,39.900955,0.1255239,4.461979866027832,-166.3185896862872,23.670000000000016,49.0,1011.0,,6.5,10.0,30.200678730883656,2.243827883061929,,223.88208904459646,3.85635017663216,,,,,,,,,,,,,,,,
245,2025-05-16 09:57:12.237523,39.9008838,0.1252972,4.4896626472473145,-166.04527283645996,23.670000000000016,49.0,1011.0,,6.9,8.0,22.284998192750233,2.53232912000301,,216.23972535629028,4.154325434182112,,,,,,,,,,,,,,,,
246,2025-05-16 09:57:17.238105,39.9008208,0.1251032,4.514974594116211,-166.5697494024469,23.670000000000016,49.0,1011.0,,6.8,8.0,23.09908447686605,2.4122431987571065,,216.52933507441915,4.152998995884562,,,,,,,,,,,,,,,,
247,2025-05-16 09:57:22.240966,39.9007436,0.1248479,4.539919376373291,-166.04122936447132,23.670000000000016,49.0,1011.0,,6.7,8.0,23.994534935399017,2.2930306488682692,,217.95330557092768,4.14759883579599,,,,,,,,,,,,,,,,
248,2025-05-16 09:57:27.238118,39.9006704,0.1245961,4.4472784996032715,-166.32444998859506,23.670000000000016,49.0,1011.0,,6.7,8.0,23.08680142176414,2.37796432147242,,216.76235143316907,4.091104197207433,,,,,,,,,,,,,,,,
249,2025-05-16 09:57:32.238025,39.9005791,0.1242994,4.459359169006348,-166.08449178267418,23.670000000000016,49.0,1011.0,,6.8,6.0,17.149487359054,2.410566670084666,,211.06499557637983,4.261090221195665,,,,,,,,,,,,,,,,
250,2025-05-16 09:57:37.238119,39.9005239,0.1240998,4.4116010665893555,-166.50751271872974,23.670000000000016,49.0,1011.0,,6.6,9.0,26.104150124783764,2.34649449277234,,219.59663740605401,3.9615988194140073,,,,,,,,,,,,,,,,
251,2025-05-16 09:57:42.237905,39.9004582,0.1238575,4.569689750671387,-166.3428641785974,23.670000000000016,49.0,1011.0,,7.1,11.0,29.445109250074342,2.755843713460167,,223.10224507147694,3.9794094459101452,,,,,,,,,,,,,,,,
252,2025-05-16 09:57:47.238284,39.9003879,0.1236173,4.492258071899414,-166.0789729898248,23.670000000000016,49.0,1011.0,,6.7,12.0,34.050082265209916,2.4878820488142046,,227.97110927538512,3.7220535305260545,,,,,,,,,,,,,,,,
253,2025-05-16 09:57:52.237872,39.9003142,0.123335,4.416321277618408,-165.98307713387783,23.670000000000016,49.0,1011.0,,6.6,10.0,28.81506982174137,2.3778333622141727,,222.83199268786353,3.8694921113523058,,,,,,,,,,,,,,,,
254,2025-05-16 09:57:57.238137,39.9002525,0.1230843,4.4727864265441895,-166.7786165872659,23.670000000000016,49.0,1011.0,,6.7,11.0,31.282061445601094,2.4620441251097933,,224.5034448583352,3.8225391894012124,,,,,,,,,,,,,,,,
255,2025-05-16 09:58:02.237802,39.9001989,0.1228819,4.721645832061768,-166.73027250832055,23.670000000000016,49.0,1011.0,,6.5,8.0,27.809338923798663,1.93904694921471,,221.0790664154781,4.1763190860010155,,,,,,,,,,,,,,,,
256,2025-05-16 09:58:07.237852,39.9001184,0.1226277,4.528232097625732,-166.63847476587557,23.670000000000016,49.0,1011.0,,6.7,8.0,23.87633200530433,2.303712865057983,,217.23785723942876,4.140711586666904,,,,,,,,,,,,,,,,
257,2025-05-16 09:58:12.238223,39.9000363,0.1223421,4.351359844207764,-165.98035871858815,23.670000000000016,49.0,1011.0,,6.8,8.0,21.664279851539792,2.563544352451839,,215.68392113295164,4.043992419986422,,,,,,,,,,,,,,,,
258,2025-05-16 09:58:17.237881,39.8999591,0.1221029,4.49716329574585,-166.1735437890728,23.670000000000016,49.0,1011.0,,6.9,10.0,27.53733840775062,2.5916149485739415,,221.36379461867782,3.98767846687598,,,,,,,,,,,,,,,,
259,2025-05-16 09:58:22.237831,39.8998869,0.1218619,4.281147480010986,-166.4567780735749,23.670000000000016,49.0,1011.0,,6.9,8.0,20.623066552824955,2.7264169557522937,,214.16628847925006,4.006802186232992,,,,,,,,,,,,,,,,
260,2025-05-16 09:58:27.238290,39.899834,0.1216266,4.439195156097412,-166.69904488343525,23.670000000000016,49.0,1011.0,,7.2,11.0,27.594306331128173,2.9658919145537213,,220.89526144769292,3.9342349939912853,,,,,,,,,,,,,,,,
261,2025-05-16 09:58:32.238117,39.8997767,0.121383,4.300699234008789,-166.55651249583542,23.670000000000016,49.0,1011.0,,6.8,12.0,31.02423756378303,2.7431078059685094,,224.4677250679476,3.68548141262206,,,,,,,,,,,,,,,,
262,2025-05-16 09:58:37.238156,39.899695,0.1210849,4.648678302764893,-166.37379127515925,23.670000000000016,49.0,1011.0,,6.9,8.0,23.73320702224276,2.3859526207566266,,217.35941574708352,4.255537170404457,,,,,,,,,,,,,,,,
263,2025-05-16 09:58:42.238047,39.8995943,0.1208185,4.725759029388428,-166.5615531754429,23.670000000000016,49.0,1011.0,,6.8,8.0,25.233955530434883,2.2198986390390076,,218.672402354992,4.274801401915049,,,,,,,,,,,,,,,,
264,2025-05-16 09:58:47.238179,39.8994959,0.1205839,4.681159019470215,-166.29498455251561,23.670000000000016,49.0,1011.0,,6.8,9.0,27.59598569833109,2.2963653156963866,,221.30100114581546,4.148611817349545,,,,,,,,,,,,,,,,
265,2025-05-16 09:58:52.237876,39.8994103,0.1203402,4.532797813415527,-166.22877269870153,23.670000000000016,49.0,1011.0,,7.1,10.0,26.62528376292978,2.7510701769619343,,220.39651106422824,4.0521243425253655,,,,,,,,,,,,,,,,
266,2025-05-16 09:58:57.238072,39.8993442,0.1200991,4.49417781829834,-166.604665329484,23.670000000000016,49.0,1011.0,,7.3,10.0,25.19128190148955,2.978166775534854,,218.58661657200557,4.066744782999144,,,,,,,,,,,,,,,,
267,2025-05-16 09:59:02.238188,39.8992933,0.1198999,4.553858280181885,-166.38508840804644,23.670000000000016,49.0,1011.0,,6.9,9.0,25.51785098979858,2.505610821491826,,219.13276258175213,4.109634464896715,,,,,,,,,,,,,,,,
268,2025-05-16 09:59:07.237988,39.8992174,0.1195932,4.540042877197266,-166.32100757325338,23.670000000000016,49.0,1011.0,,6.9,9.0,25.382430611040906,2.518085580629695,,219.06142303778753,4.101777922231986,,,,,,,,,,,,,,,,
269,2025-05-16 09:59:12.238104,39.8991441,0.1193428,4.622951030731201,-165.90515833582631,23.670000000000016,49.0,1011.0,,6.7,8.0,24.86701030864188,2.2174313199613556,,218.96185197281557,4.1943400774730515,,,,,,,,,,,,,,,,
270,2025-05-16 09:59:17.237563,39.8990721,0.1190951,4.431069374084473,-165.97466234082037,23.670000000000016,49.0,1011.0,,7.0,8.0,21.283844547778692,2.6838637514720585,,215.30918220695833,4.128842150319513,,,,,,,,,,,,,,,,
271,2025-05-16 09:59:22.237864,39.8990149,0.1189029,4.626070976257324,-166.2475693792974,23.670000000000016,49.0,1011.0,,6.6,9.0,28.612813352534026,2.1559676820336104,,222.36524397323663,4.0611162269693155,,,,,,,,,,,,,,,,
272,2025-05-16 09:59:27.237869,39.8989338,0.1186541,4.759700298309326,-166.24314341671524,23.670000000000016,49.0,1011.0,,6.8,10.0,31.366852204587428,2.268533943098072,,225.12370878787218,4.06407999214338,,,,,,,,,,,,,,,,
273,2025-05-16 09:59:32.238097,39.898852,0.118372,4.3598952293396,-166.47815656567704,23.670000000000016,49.0,1011.0,,6.8,10.0,26.80793546242012,2.61819195668384,,220.32977889674308,3.8913083540570947,,,,,,,,,,,,,,,,
274,2025-05-16 09:59:37.238109,39.8987952,0.1181426,4.528748512268066,-166.42656131668676,23.670000000000016,49.0,1011.0,,7.5,9.0,22.172619714517573,3.1088070930099607,,215.7460583978308,4.193852270491647,,,,,,,,,,,,,,,,
275,2025-05-16 09:59:42.238005,39.8987155,0.1179038,4.463802337646484,-165.86234671010868,23.670000000000016,49.0,1011.0,,7.2,10.0,25.45273500140789,2.9091779507570594,,219.5903882912992,4.030546212401343,,,,,,,,,,,,,,,,
276,2025-05-16 09:59:47.238163,39.8986248,0.1176505,4.643070220947266,-166.22158733969468,23.670000000000016,49.0,1011.0,,6.9,11.0,31.718884060767518,2.5041882229218135,,225.49729672107284,3.949571379353543,,,,,,,,,,,,,,,,
277,2025-05-16 09:59:52.237629,39.8985447,0.117438,4.69942045211792,-166.23464666138773,23.670000000000016,49.0,1011.0,,7.2,10.0,27.603389963278026,2.698329587852855,,221.3687433018903,4.164514400076915,,,,,,,,,,,,,,,,
278,2025-05-16 09:59:57.238158,39.8984358,0.1171274,4.425276756286621,-166.3019376850907,23.670000000000016,49.0,1011.0,,7.1,11.0,28.0338408810169,2.8824768104149467,,221.73190319592618,3.906059709886759,,,,,,,,,,,,,,,,
279,2025-05-16 10:00:02.238081,39.8983705,0.116928,4.3193793296813965,-166.27263617355135,23.670000000000016,49.0,1011.0,,7.1,11.0,27.075691122348907,2.976365475144233,,220.80305494879755,3.846001264945645,,,,,,,,,,,,,,,,
280,2025-05-16 10:00:07.238071,39.8982814,0.1166339,4.463935852050781,-166.8324111571689,23.670000000000016,49.0,1011.0,,7.1,9.0,23.547240391281,2.7801518471272035,,216.7148292341121,4.0922283506210535,,,,,,,,,,,,,,,,
281,2025-05-16 10:00:12.238119,39.8982235,0.1163738,4.401027679443359,-166.54300238165712,23.670000000000016,49.0,1011.0,,7.3,9.0,22.123030034040454,3.03234665583199,,215.58002765238334,4.077012282893804,,,,,,,,,,,,,,,,
282,2025-05-16 10:00:17.238120,39.8981772,0.116122,4.627117156982422,-166.30691006280648,23.670000000000016,49.0,1011.0,,6.8,10.0,29.707154891095858,2.3827399397476414,,223.40024482828937,4.018973467393751,,,,,,,,,,,,,,,,
283,2025-05-16 10:00:22.237844,39.8981112,0.1158725,4.3508501052856445,-166.15351767442633,23.670000000000016,49.0,1011.0,,7.1,10.0,25.022280317438156,2.914864256389697,,218.86876264301182,3.9424940077012063,,,,,,,,,,,,,,,,
284,2025-05-16 10:00:27.238124,39.8980426,0.1156411,4.24033260345459,-166.17471858161005,23.670000000000016,49.0,1011.0,,6.8,8.0,20.783712682710828,2.667043922868436,,214.6089941011008,3.964399675658006,,,,,,,,,,,,,,,,
285,2025-05-16 10:00:32.238007,39.8979745,0.1154067,4.419119834899902,-166.1103098977368,23.670000000000016,49.0,1011.0,,6.6,8.0,23.458944175110375,2.3073632190330042,,217.34863427737355,4.053859987437964,,,,,,,,,,,,,,,,
286,2025-05-16 10:00:37.238094,39.8979152,0.115214,4.484423637390137,-165.60207552159616,23.670000000000016,49.0,1011.0,,6.8,8.0,22.81767683584511,2.4403742512301343,,217.21560131424894,4.133488571308294,,,,,,,,,,,,,,,,
287,2025-05-16 10:00:42.238194,39.8978336,0.1149254,4.543660640716553,-166.39266991802515,23.670000000000016,49.0,1011.0,,7.0,9.0,24.79750241609514,2.6108931574466894,,218.40483249807,4.124715873755758,,,,,,,,,,,,,,,,
288,2025-05-16 10:00:47.238121,39.8977835,0.1147258,4.271159648895264,-165.93466475304078,23.670000000000016,49.0,1011.0,,7.2,8.0,19.316407755279123,3.0293011247569352,,213.38174300223835,4.030720113893384,,,,,,,,,,,,,,,,
289,2025-05-16 10:00:52.238279,39.8977067,0.1144378,4.548130035400391,-165.6118426921093,23.670000000000016,49.0,1011.0,,6.8,9.0,26.133839221283765,2.415046731896534,,220.5219965291745,4.0831637341354865,,,,,,,,,,,,,,,,
290,2025-05-16 10:00:57.238337,39.8976464,0.1142397,4.669490814208984,-166.5988323479328,23.670000000000016,49.0,1011.0,,7.0,8.0,23.297319022527322,2.4632249908761517,,216.6984866745945,4.288763360756968,,,,,,,,,,,,,,,,
291,2025-05-16 10:01:02.238002,39.8975488,0.1139272,4.729825019836426,-166.41809188211593,23.670000000000016,49.0,1011.0,,6.9,7.0,21.647408493089042,2.279513970847506,,215.22931661097311,4.396237881136721,,,,,,,,,,,,,,,,
292,2025-05-16 10:01:07.238088,39.8974831,0.1137156,4.74993371963501,-166.03721321323934,23.670000000000016,49.0,1011.0,,6.7,8.0,26.32205119543675,2.102899731069884,,220.28483798219742,4.257440836475498,,,,,,,,,,,,,,,,
293,2025-05-16 10:01:12.237869,39.8973809,0.1134017,4.640817642211914,-166.00128641820507,23.670000000000016,49.0,1011.0,,6.9,8.0,23.657461955478485,2.3931505924120935,,217.6561755372734,4.250806848152758,,,,,,,,,,,,,,,,
294,2025-05-16 10:01:17.241058,39.8973032,0.113149,4.391271114349365,-166.06217072446657,23.670000000000016,49.0,1011.0,,6.8,7.0,19.363536813485016,2.4994255865713044,,213.30136608901844,4.1428738364407325,,,,,,,,,,,,,,,,
295,2025-05-16 10:01:22.238106,39.8972533,0.112959,4.389965534210205,-166.15514325944878,23.670000000000016,49.0,1011.0,,6.6,8.0,23.1740496860575,2.3341366423188394,,217.01890642660874,4.035755319944445,,,,,,,,,,,,,,,,
296,2025-05-16 10:01:27.237562,39.8971728,0.1126702,4.419839859008789,-165.90130610913442,23.670000000000016,49.0,1011.0,,6.9,7.0,19.097383494362703,2.570181469633515,,213.19607738522828,4.176588907734011,,,,,,,,,,,,,,,,
297,2025-05-16 10:01:32.238142,39.8971063,0.1124342,4.679351806640625,-166.21134205593964,23.670000000000016,49.0,1011.0,,6.9,8.0,24.033195232889106,2.35790551003943,,217.82185317694947,4.273697183708984,,,,,,,,,,,,,,,,
298,2025-05-16 10:01:37.238164,39.8970405,0.1122322,4.617464065551758,-166.46136796069715,23.670000000000016,49.0,1011.0,,6.9,8.0,23.435093316376427,2.41455973703525,,216.97372535567928,4.236575009062993,,,,,,,,,,,,,,,,
299,2025-05-16 10:01:42.238022,39.896947,0.1119353,4.358709335327148,-165.97677969946307,23.670000000000016,49.0,1011.0,,6.9,6.0,16.071488804773836,2.605315195973153,,210.09470910531076,4.188358033126875,,,,,,,,,,,,,,,,
300,2025-05-16 10:01:47.237884,39.8968951,0.111697,4.519439697265625,-166.69325288301908,23.670000000000016,49.0,1011.0,,6.9,6.0,17.111592277776182,2.451270538268818,,210.41833939475708,4.319379937954576,,,,,,,,,,,,,,,,
301,2025-05-16 10:01:52.238088,39.8968351,0.1114628,4.513260841369629,-165.65242767615752,23.670000000000016,49.0,1011.0,,6.6,7.0,21.54204827075634,2.1905578406962465,,215.88962059459882,4.198002121340473,,,,,,,,,,,,,,,,
302,2025-05-16 10:01:57.238007,39.8967811,0.1112853,4.26094388961792,-166.01416815497973,23.670000000000016,49.0,1011.0,,6.6,7.0,19.35436170157501,2.4270189860143176,,213.3401935465953,4.020144902759861,,,,,,,,,,,,,,,,
303,2025-05-16 10:02:02.238109,39.8967034,0.1109899,4.629072189331055,-166.64729937028324,23.670000000000016,49.0,1011.0,,6.8,8.0,24.210521887020008,2.3077272384138916,,217.56322251673677,4.221921320397734,,,,,,,,,,,,,,,,
304,2025-05-16 10:02:07.237852,39.8966265,0.1107139,4.509110927581787,-166.79536421111075,23.670000000000016,49.0,1011.0,,6.7,6.0,18.009702311559977,2.265169627019154,,211.21433810044923,4.2881833156921765,,,,,,,,,,,,,,,,
305,2025-05-16 10:02:12.241511,39.8965522,0.1104459,4.554024696350098,-166.38600365339522,23.670000000000016,49.0,1011.0,,6.8,8.0,23.468466957510095,2.3763732149232433,,217.08246330411487,4.177312991863118,,,,,,,,,,,,,,,,
306,2025-05-16 10:02:17.238110,39.8964892,0.1101967,4.467523574829102,-166.28717081610515,23.670000000000016,49.0,1011.0,,6.8,7.0,19.960252085516096,2.4276180882482534,,213.67308126941094,4.199157936878741,,,,,,,,,,,,,,,,
307,2025-05-16 10:02:22.238171,39.896441,0.1100006,4.440078258514404,-166.72592850800842,23.670000000000016,49.0,1011.0,,6.8,7.0,19.741455364983214,2.453432643965464,,213.0155268569748,4.17911887049975,,,,,,,,,,,,,,,,
308,2025-05-16 10:02:27.237979,39.8963654,0.1096992,4.68110990524292,-167.0859477791598,23.670000000000016,49.0,1011.0,,6.3,6.0,22.569676389430676,1.7157839674787438,,215.48372861027087,4.3225999639617445,,,,,,,,,,,,,,,,
309,2025-05-16 10:02:32.241012,39.8963035,0.1094475,4.558746337890625,-166.1601292975429,23.670000000000016,49.0,1011.0,,6.9,5.0,14.562053532753865,2.391832543272276,,208.40192423521097,4.412300721277914,,,,,,,,,,,,,,,,
310,2025-05-16 10:02:37.241093,39.8962387,0.109198,4.460881233215332,-166.38713746479743,23.670000000000016,49.0,1011.0,,6.3,7.0,23.190716740192055,1.9496966596873846,,216.8035792753946,4.1004382602047516,,,,,,,,,,,,,,,,
311,2025-05-16 10:02:42.238831,39.8961541,0.1089493,4.625394344329834,-166.24246039779823,23.670000000000016,49.0,1011.0,,6.5,5.0,17.026903632290768,1.9346730083645594,,210.78444323449253,4.4226511240297866,,,,,,,,,,,,,,,,
312,2025-05-16 10:02:47.238052,39.8960739,0.1087032,4.395486831665039,-166.6559873709075,23.670000000000016,49.0,1011.0,,6.4,4.0,12.651143907463624,2.038412374888649,,205.99515653655612,4.288771672982798,,,,,,,,,,,,,,,,
313,2025-05-16 10:02:52.237769,39.8959993,0.1084666,4.5096659660339355,-166.39283384256524,23.670000000000016,49.0,1011.0,,6.6,2.0,6.300149886356823,2.09898998889015,,199.90731604379158,4.482430597795227,,,,,,,,,,,,,,,,
314,2025-05-16 10:02:57.237463,39.8959431,0.1082218,4.311147212982178,-166.76439613341392,23.670000000000016,49.0,1011.0,,6.5,1.0,2.968127045575499,2.1908017790439893,,196.20373091216157,4.305363783565496,,,,,,,,,,,,,,,,
315,2025-05-16 10:03:02.239925,39.8958931,0.1079994,4.369630336761475,-166.81784919385845,23.670000000000016,49.0,1011.0,,6.7,2.0,5.739801188847063,2.338010201266784,,198.9219519949886,4.347722479527892,,,,,,,,,,,,,,,,
316,2025-05-16 10:03:07.237861,39.8958289,0.1077629,4.495763301849365,-166.25812885175424,23.670000000000016,49.0,1011.0,,6.5,3.0,9.67533308718424,2.024119926746626,,203.41720423543,4.431815185162578,,,,,,,,,,,,,,,,
317,2025-05-16 10:03:12.237832,39.8957595,0.1075145,4.490012168884277,-166.21990711315885,23.670000000000016,49.0,1011.0,,6.5,357.0,350.3519505545968,2.0297894852447755,,184.13204344143793,4.42650469408011,,,,,,,,,,,,,,,,
318,2025-05-16 10:03:17.237601,39.8956899,0.1072652,4.433297157287598,-166.30095413785023,23.670000000000016,49.0,1011.0,,6.7,1.0,2.954395119671356,2.268697782077932,,196.65344098182112,4.4274047533957335,,,,,,,,,,,,,,,,
319,2025-05-16 10:03:22.237858,39.895619,0.1070082,4.533299446105957,-165.9722854349892,23.670000000000016,49.0,1011.0,,6.1,357.0,348.422301809991,1.5907061084611043,,182.45001637500178,4.441062410362091,,,,,,,,,,,,,,,,
320,2025-05-16 10:03:27.237768,39.8955419,0.1067481,4.553350448608398,-166.32656734723776,23.670000000000016,49.0,1011.0,,6.4,2.0,6.9110138542571,1.8562378416835696,,200.58444650701935,4.520266851159348,,,,,,,,,,,,,,,,
321,2025-05-16 10:03:32.238132,39.8954608,0.1065016,4.53441858291626,-166.0670201587773,23.670000000000016,49.0,1011.0,,6.2,0.0,0.0,6.2,,193.9329798412227,4.53441858291626,,,,,,,,,,,,,,,,
322,2025-05-16 10:03:37.241166,39.8953994,0.1062374,4.591567516326904,-166.27655670213494,23.670000000000016,49.0,1011.0,,6.3,2.0,7.349705506250973,1.7187159430933656,,201.07314880411604,4.553842452230607,,,,,,,,,,,,,,,,
323,2025-05-16 10:03:42.237864,39.8953653,0.1060482,4.479228496551514,-166.06964295141856,23.670000000000016,49.0,1011.0,,6.5,2.0,6.417535297960431,2.029529402060882,,200.34789234654187,4.45116056547509,,,,,,,,,,,,,,,,
324,2025-05-16 10:03:47.238186,39.8952901,0.1057422,4.430160045623779,-166.31206002544067,23.670000000000016,49.0,1011.0,,6.4,356.0,347.1318042401226,2.0045953532250436,,180.81974421468195,4.318896432671544,,,,,,,,,,,,,,,,
325,2025-05-16 10:03:52.238607,39.8952033,0.1055276,4.538835525512695,-166.10044710457532,23.670000000000016,49.0,1011.0,,6.4,2.0,6.857519142825418,1.8706481180248908,,200.7570720382501,4.506365341621536,,,,,,,,,,,,,,,,
326,2025-05-16 10:03:57.238021,39.8951437,0.1052918,4.4337053298950195,-166.03484996778653,23.670000000000016,49.0,1011.0,,6.6,3.0,9.096941964193617,2.184728576587472,,203.06209199640708,4.3779392779725175,,,,,,,,,,,,,,,,
327,2025-05-16 10:04:02.238696,39.8950802,0.1050483,4.469886302947998,-166.19926628148707,23.670000000000016,49.0,1011.0,,7.0,3.0,8.269894324871716,2.547005467920887,,202.07062804338466,4.423406205620063,,,,,,,,,,,,,,,,
328,2025-05-16 10:04:07.238140,39.8950134,0.1047923,4.621527194976807,-165.87413561661612,23.670000000000016,49.0,1011.0,,6.7,7.0,21.925768734310964,2.1866994727302957,,216.05163311769485,4.287244780518461,,,,,,,,,,,,,,,,
329,2025-05-16 10:04:12.238187,39.894943,0.1045261,4.600104331970215,-166.08673208472194,23.670000000000016,49.0,1011.0,,6.8,8.0,23.91892240270204,2.334177452235546,,217.8321903179801,4.205047850510015,,,,,,,,,,,,,,,,
330,2025-05-16 10:04:17.241108,39.894872,0.1042769,4.4808268547058105,-166.59260321540975,23.670000000000016,49.0,1011.0,,6.7,3.0,9.015748608401779,2.237636342876533,,202.423145392992,4.425467605188553,,,,,,,,,,,,,,,,
331,2025-05-16 10:04:22.238279,39.8947962,0.1040234,4.589990139007568,-165.78960519544805,23.670000000000016,49.0,1011.0,,6.8,3.0,9.186055828584719,2.2292808984898835,,203.39645063313668,4.531124187428886,,,,,,,,,,,,,,,,
332,2025-05-16 10:04:27.238525,39.8947117,0.1037655,4.540221214294434,-166.61351725464834,23.670000000000016,49.0,1011.0,,6.7,5.0,15.301739492137557,2.2127257014873187,,208.6882222374892,4.379267679274818,,,,,,,,,,,,,,,,
333,2025-05-16 10:04:32.238459,39.8946324,0.1035133,4.510159015655518,-166.490368943913,23.670000000000016,49.0,1011.0,,6.7,5.0,15.098969818674005,2.2417362156624945,,208.60860087476098,4.354456214893877,,,,,,,,,,,,,,,,
334,2025-05-16 10:04:37.237894,39.8945789,0.1033278,4.934628486633301,-166.46027513042995,23.670000000000016,49.0,1011.0,,6.8,6.0,21.246635179034307,1.9614412238890164,,214.78636004860437,4.5992176070315836,,,,,,,,,,,,,,,,
335,2025-05-16 10:04:42.238104,39.894446,0.1029929,4.709727764129639,-166.62266970813616,23.670000000000016,49.0,1011.0,,7.0,8.0,23.673114727211612,2.4263209536762873,,217.05044501907545,4.3134093586883395,,,,,,,,,,,,,,,,
336,2025-05-16 10:04:47.237876,39.8943744,0.1027489,4.545768737792969,-166.31897217688072,23.670000000000016,49.0,1011.0,,6.9,9.0,25.438393090959647,2.512913654451344,,219.11942091407892,4.105045852098854,,,,,,,,,,,,,,,,
337,2025-05-16 10:04:52.238193,39.8942905,0.1025237,4.444827556610107,-166.40182237151296,23.670000000000016,49.0,1011.0,,6.6,6.0,18.033683214116703,2.228492338411414,,211.63186084260374,4.226474007774528,,,,,,,,,,,,,,,,
338,2025-05-16 10:04:57.238065,39.8942533,0.1022956,4.933443546295166,-166.403912409399,23.670000000000016,49.0,1011.0,,6.5,5.0,20.17486856327529,1.6426050257067404,,213.77095615387628,4.630749104915244,,,,,,,,,,,,,,,,
339,2025-05-16 10:05:02.238268,39.8942101,0.1020285,4.4708333015441895,-166.30718327037326,23.670000000000016,49.0,1011.0,,6.7,6.0,17.715092023122505,2.3016022355242876,,211.40790875274925,4.258832485615696,,,,,,,,,,,,,,,,
340,2025-05-16 10:05:07.237817,39.8941451,0.1018387,4.472342014312744,-166.02613464640558,23.670000000000016,49.0,1011.0,,6.5,8.0,24.726521784153835,2.1626871554939524,,218.70038713774827,4.06229378341625,,,,,,,,,,,,,,,,
341,2025-05-16 10:05:12.238272,39.8940784,0.1016175,4.503036975860596,-166.09690906658525,23.670000000000016,49.0,1011.0,,6.5,10.0,30.73650717483416,2.2084400759136833,,224.6395981082489,3.870480936200598,,,,,,,,,,,,,,,,
342,2025-05-16 10:05:17.238108,39.8939968,0.1013425,4.610489845275879,-166.6235986138633,23.670000000000016,49.0,1011.0,,6.5,11.0,35.01803038242998,2.1613533997644114,,228.39443176856668,3.775859808422336,,,,,,,,,,,,,,,,
343,2025-05-16 10:05:22.237896,39.8939279,0.1010717,4.510495185852051,-166.36126470822143,23.670000000000016,49.0,1011.0,,6.5,11.0,33.552771954751435,2.243979927148632,,227.19150724653002,3.758943442599277,,,,,,,,,,,,,,,,
344,2025-05-16 10:05:27.237804,39.8938655,0.1008155,4.6368937492370605,-166.74800367940588,23.670000000000016,49.0,1011.0,,6.5,6.0,20.394336606023987,1.9497135585133258,,213.6463329266181,4.346236739246573,,,,,,,,,,,,,,,,
345,2025-05-16 10:05:32.238028,39.8937948,0.1006034,5.096296787261963,-166.6347318222104,23.670000000000016,49.0,1011.0,,6.5,7.0,30.306450930843994,1.5697815179861736,,223.6717191086336,4.399830448906484,,,,,,,,,,,,,,,,
346,2025-05-16 10:05:37.241229,39.8937315,0.1003217,4.481714248657227,-166.78306987060475,23.670000000000016,49.0,1011.0,,6.5,7.0,21.907057017366455,2.123147572173608,,215.1239871467617,4.158091036997484,,,,,,,,,,,,,,,,
347,2025-05-16 10:05:42.238114,39.8936684,0.1000345,4.742429256439209,-165.9223840729131,23.670000000000016,49.0,1011.0,,6.6,8.0,27.12136586127077,2.0148917112883598,,221.19898178835766,4.2209653362896296,,,,,,,,,,,,,,,,
348,2025-05-16 10:05:47.237869,39.8935817,0.0997888,4.5110883712768555,-166.20164318731824,23.670000000000016,49.0,1011.0,,6.6,10.0,29.95534769219996,2.295254865961804,,223.7537045048817,3.90847375445842,,,,,,,,,,,,,,,,
349,2025-05-16 10:05:52.237902,39.8934802,0.0995268,5.060998916625977,-166.2498233417235,23.670000000000016,49.0,1011.0,,6.1,8.0,40.91230524708851,1.2963076149705381,,234.662481905365,3.824661839044063,,,,,,,,,,,,,,,,
350,2025-05-16 10:05:57.238056,39.8934337,0.0993004,4.545754909515381,-166.19893843240692,23.670000000000016,49.0,1011.0,,6.1,5.0,19.14952131345736,1.6207137419178932,,212.95058288105045,4.294218932488225,,,,,,,,,,,,,,,,
351,2025-05-16 10:06:02.238066,39.8933794,0.0991232,4.679173946380615,-166.49730841610975,23.670000000000016,49.0,1011.0,,6.2,5.0,19.84499229860335,1.5917607193774446,,213.3476838824936,4.401298769717086,,,,,,,,,,,,,,,,
352,2025-05-16 10:06:07.241024,39.8933473,0.0988796,4.5169572830200195,-166.50611936013905,23.670000000000016,49.0,1011.0,,6.3,2.0,7.044662040423987,1.792738574239857,,200.53854268028493,4.482858108472419,,,,,,,,,,,,,,,,
353,2025-05-16 10:06:12.238125,39.893264,0.0986423,4.589242935180664,-166.62250578359607,23.670000000000016,49.0,1011.0,,6.4,8.0,26.995226164424675,1.962273494315412,,220.3727203808286,4.089218975309152,,,,,,,,,,,,,,,,
354,2025-05-16 10:06:17.238380,39.8931755,0.0983916,4.649781227111816,-166.37552614320842,23.670000000000016,49.0,1011.0,,6.5,8.0,26.850201747424162,2.0028921773387385,,220.47467560421575,4.148490281697104,,,,,,,,,,,,,,,,
355,2025-05-16 10:06:22.238099,39.8930958,0.0981268,4.741220951080322,-166.5248067577082,23.670000000000016,49.0,1011.0,,6.5,7.0,24.85153999391079,1.8848682152806384,,218.32673323620259,4.302182925199113,,,,,,,,,,,,,,,,
356,2025-05-16 10:06:27.238453,39.8930275,0.0978633,4.252451419830322,-166.24445481303587,23.670000000000016,49.0,1011.0,,6.6,5.0,13.911243840189039,2.392610479808928,,207.66678902715316,4.127724128222688,,,,,,,,,,,,,,,,
357,2025-05-16 10:06:32.238090,39.8929634,0.09765,3.5782127380371094,-166.55412192962592,23.670000000000016,49.0,1011.0,,6.7,3.0,6.427563234058005,3.132294182545745,,199.87344130443208,3.5557207364914762,,,,,,,,,,,,,,,,
358,2025-05-16 10:06:37.237883,39.8928939,0.097483,4.457516193389893,-166.476025546656,23.670000000000016,49.0,1011.0,,6.6,6.0,18.13522646435073,2.2164305157104764,,211.65920091769473,4.23608703760221,,,,,,,,,,,,,,,,
359,2025-05-16 10:06:42.238173,39.8928179,0.097235,4.9276018142700195,-166.42652033555174,23.670000000000016,49.0,1011.0,,6.5,6.0,23.85084317179522,1.6802847951087574,,217.42432283624348,4.506790578423593,,,,,,,,,,,,,,,,
360,2025-05-16 10:06:47.238141,39.8927282,0.0968959,5.238266468048096,-165.99772105945834,23.670000000000016,49.0,1011.0,,6.7,6.0,26.172120106610148,1.5878250094275965,,220.1743990471518,4.701203237295384,,,,,,,,,,,,,,,,
361,2025-05-16 10:06:52.238123,39.8926085,0.0966045,4.882344722747803,-166.30755210058845,23.670000000000016,49.0,1011.0,,6.4,6.0,24.28602385179921,1.6265381273229937,,217.97847175121075,4.4502749383588425,,,,,,,,,,,,,,,,
362,2025-05-16 10:06:57.240715,39.8925878,0.0963282,4.352323532104492,-166.3450088579968,23.670000000000016,49.0,1011.0,,6.4,4.0,12.390808514884707,2.0805492175868046,,206.0457996568879,4.250943615168386,,,,,,,,,,,,,,,,
363,2025-05-16 10:07:02.238361,39.8925385,0.0961402,4.479043483734131,-166.10742755790707,23.670000000000016,49.0,1011.0,,6.0,4.0,15.528024786615891,1.5634057125701133,,209.42059722870883,4.315556717052994,,,,,,,,,,,,,,,,
364,2025-05-16 10:07:07.238228,39.8923949,0.0958734,4.479984760284424,-166.2843977593021,23.670000000000016,49.0,1011.0,,6.3,2.0,6.9026492994593776,1.829437605454032,,200.61825154015727,4.447512871402714,,,,,,,,,,,,,,,,
365,2025-05-16 10:07:12.238044,39.8923189,0.0956142,4.543622016906738,-166.2999569302314,23.670000000000016,49.0,1011.0,,6.2,3.0,11.139552382616131,1.6795241248792445,,204.83959545238474,4.458018036062924,,,,,,,,,,,,,,,,
366,2025-05-16 10:07:17.238099,39.892263,0.0953676,4.599738121032715,-166.23789783143266,23.670000000000016,49.0,1011.0,,6.2,1.0,3.870558022883862,1.6029738160606222,,197.6326601914512,4.5892465664536015,,,,,,,,,,,,,,,,
367,2025-05-16 10:07:22.238121,39.8922034,0.0951037,4.52425479888916,-166.59385997021704,23.670000000000016,49.0,1011.0,,6.4,6.0,19.973264956297395,1.9584840123045029,,213.37940498608035,4.2521304191495455,,,,,,,,,,,,,,,,
368,2025-05-16 10:07:27.240926,39.8921567,0.094889,4.699275016784668,-166.26926206010137,23.670000000000016,49.0,1011.0,,6.0,3.0,13.655540565701138,1.3301006725172937,,207.38627850559976,4.566438754820852,,,,,,,,,,,,,,,,
369,2025-05-16 10:07:32.240906,39.8920908,0.0945713,4.809765815734863,-166.5056275865188,23.670000000000016,49.0,1011.0,,6.4,7.0,26.822961052830856,1.7285083029031956,,220.31733346631205,4.292259348613056,,,,,,,,,,,,,,,,
370,2025-05-16 10:07:37.238212,39.8920299,0.0943105,4.662600517272949,-166.50926124715727,23.670000000000016,49.0,1011.0,,6.1,7.0,28.10579894036094,1.578011388723387,,221.5965376932037,4.112782888051958,,,,,,,,,,,,,,,,
371,2025-05-16 10:07:42.238160,39.8919527,0.0940555,4.5603132247924805,-166.71498654495807,23.670000000000016,49.0,1011.0,,6.2,6.0,21.979213453753673,1.7315738349768102,,215.2642269087956,4.2288682844421235,,,,,,,,,,,,,,,,
372,2025-05-16 10:07:47.238018,39.8918905,0.0938392,4.487314224243164,-165.95628913195304,23.670000000000016,49.0,1011.0,,6.3,3.0,10.357319359567096,1.833934580300104,,204.40103022761406,4.414196444628633,,,,,,,,,,,,,,,,
373,2025-05-16 10:07:52.238131,39.8918507,0.0936343,4.465247631072998,-167.12198385722078,23.670000000000016,49.0,1011.0,,6.3,1.0,3.431220391370197,1.8370860754722462,,196.30923653414942,4.457243066385206,,,,,,,,,,,,,,,,
374,2025-05-16 10:07:57.238217,39.8917665,0.0933581,4.526071548461914,-166.39933618265508,23.670000000000016,49.0,1011.0,,6.5,1.0,3.290787582833158,1.9761971019721445,,196.89145140017808,4.518608324680208,,,,,,,,,,,,,,,,
375,2025-05-16 10:08:02.237907,39.8917065,0.0931671,4.400524616241455,-166.58779476223407,23.670000000000016,49.0,1011.0,,6.3,4.0,13.12928410446203,1.934702015590219,,206.54148934222798,4.285494892521051,,,,,,,,,,,,,,,,
376,2025-05-16 10:08:07.238182,39.8916274,0.0928834,4.3886399269104,-166.4010164091909,23.670000000000016,49.0,1011.0,,6.4,3.0,9.49531411221547,2.0304075128773675,,203.09429770302458,4.328511594864417,,,,,,,,,,,,,,,,
377,2025-05-16 10:08:12.238013,39.8915692,0.0926909,4.745771408081055,-166.47883958459403,23.670000000000016,49.0,1011.0,,6.3,5.0,19.73883622667772,1.625783222843457,,213.2599966420837,4.466918605900645,,,,,,,,,,,,,,,,
378,2025-05-16 10:08:17.237798,39.8914617,0.0923821,4.91806173324585,-166.51942456864225,23.670000000000016,49.0,1011.0,,6.4,1.0,4.313125780787248,1.4851696191501134,,197.793701212145,4.904133441226821,,,,,,,,,,,,,,,,
379,2025-05-16 10:08:22.237850,39.8913831,0.092185,4.523669242858887,-166.3298185172827,23.670000000000016,49.0,1011.0,,6.3,2.0,7.071068760028113,1.7860774736666567,,200.74125024274542,4.489263225058168,,,,,,,,,,,,,,,,
380,2025-05-16 10:08:27.308174,39.8913129,0.0919106,4.620612621307373,-166.571962383738,23.670000000000016,49.0,1011.0,,6.3,4.0,14.79379505668678,1.7210933377224502,,208.22183267294878,4.467444150069178,,,,,,,,,,,,,,,,
381,2025-05-16 10:08:32.238519,39.8913129,0.0919106,4.620612621307373,-166.571962383738,23.670000000000016,49.0,1011.0,,6.4,2.0,7.170152998675864,1.7894826832667117,,200.59819061493786,4.584478766833119,,,,,,,,,,,,,,,,
382,2025-05-16 10:08:37.238978,39.8913129,0.0919106,4.620612621307373,-166.571962383738,23.670000000000016,49.0,1011.0,,6.4,4.0,14.204032931480546,1.8194204761170516,,207.63207054774256,4.479351625658076,,,,,,,,,,,,,,,,
383,2025-05-16 10:08:42.237693,39.8913129,0.0919106,4.620612621307373,-166.571962383738,23.670000000000016,49.0,1011.0,,6.3,4.0,14.79379505668678,1.7210933377224502,,208.22183267294878,4.467444150069178,,,,,,,,,,,,,,,,
384,2025-05-16 10:08:47.237730,39.8913129,0.0919106,4.620612621307373,-166.571962383738,23.670000000000016,49.0,1011.0,,6.2,6.0,22.750844070744204,1.6758089880892835,,216.1788816870062,4.261107125203364,,,,,,,,,,,,,,,,
385,2025-05-16 10:08:52.238967,39.8913129,0.0919106,4.620612621307373,-166.571962383738,23.670000000000016,49.0,1011.0,,6.0,5.0,21.080999724882002,1.453858126778024,,214.509037341144,4.311368255305198,,,,,,,,,,,,,,,,
386,2025-05-16 10:08:57.239732,39.8913129,0.0919106,4.620612621307373,-166.571962383738,23.670000000000016,49.0,1011.0,,6.1,2.0,8.209106979565195,1.4909483542622712,,201.6371445958272,4.573267735851686,,,,,,,,,,,,,,,,
387,2025-05-16 10:09:02.238233,39.8913129,0.0919106,4.620612621307373,-166.571962383738,23.670000000000016,49.0,1011.0,,6.3,3.0,11.163644183261987,1.7029768258079991,,204.591681799524,4.533182337126138,,,,,,,,,,,,,,,,
388,2025-05-16 10:09:07.237511,39.8913129,0.0919106,4.620612621307373,-166.571962383738,23.670000000000016,49.0,1011.0,,6.3,4.0,14.79379505668678,1.7210933377224502,,208.22183267294878,4.467444150069178,,,,,,,,,,,,,,,,
389,2025-05-16 10:09:12.238901,39.8913129,0.0919106,4.620612621307373,-166.571962383738,23.670000000000016,49.0,1011.0,,5.9,3.0,13.652013338294235,1.3082638323659812,,207.08005095455624,4.490067086656081,,,,,,,,,,,,,,,,
390,2025-05-16 10:09:17.239643,39.8913129,0.0919106,4.620612621307373,-166.571962383738,23.670000000000016,49.0,1011.0,,6.2,4.0,15.454946976386976,1.6229706360224805,,208.88298459264897,4.453532614074834,,,,,,,,,,,,,,,,
391,2025-05-16 10:09:22.238600,39.8913129,0.0919106,4.620612621307373,-166.571962383738,23.670000000000016,49.0,1011.0,,6.5,7.0,23.39560826708489,1.994952233672171,,216.8236458833469,4.240729252458354,,,,,,,,,,,,,,,,
392,2025-05-16 10:09:27.238667,39.8913129,0.0919106,4.620612621307373,-166.571962383738,23.670000000000016,49.0,1011.0,,6.7,7.0,21.916824072471094,2.187547920488144,,215.3448616887331,4.286665659693978,,,,,,,,,,,,,,,,
393,2025-05-16 10:09:32.238618,39.8913129,0.0919106,4.620612621307373,-166.571962383738,23.670000000000016,49.0,1011.0,,6.6,9.0,28.543500797911786,2.1607610213890416,,221.97153841417378,4.058998343320855,,,,,,,,,,,,,,,,
394,2025-05-16 10:09:37.239616,39.8913129,0.0919106,4.620612621307373,-166.571962383738,23.670000000000016,49.0,1011.0,,6.8,9.0,26.912202451223227,2.3501910787349614,,220.34024006748524,4.120205602106626,,,,,,,,,,,,,,,,
395,2025-05-16 10:09:42.239807,39.8913129,0.0919106,4.620612621307373,-166.571962383738,23.670000000000016,49.0,1011.0,,6.4,9.0,30.486363259505406,1.973417917356338,,223.9144008757674,3.9818126178577318,,,,,,,,,,,,,,,,
396,2025-05-16 10:09:47.239785,39.8913129,0.0919106,4.620612621307373,-166.571962383738,23.670000000000016,49.0,1011.0,,6.6,9.0,28.543500797911786,2.1607610213890416,,221.97153841417378,4.058998343320855,,,,,,,,,,,,,,,,
397,2025-05-16 10:09:52.238920,39.8913129,0.0919106,4.620612621307373,-166.571962383738,23.670000000000016,49.0,1011.0,,6.3,7.0,25.18892120065668,1.803968659604475,,218.61695881691867,4.181235632521299,,,,,,,,,,,,,,,,
398,2025-05-16 10:09:57.238200,39.8913129,0.0919106,4.620612621307373,-166.571962383738,23.670000000000016,49.0,1011.0,,6.3,5.0,18.35007051120062,1.7441002194911792,,211.77810812746262,4.385657789966007,,,,,,,,,,,,,,,,
399,2025-05-16 10:10:02.239802,39.8913129,0.0919106,4.620612621307373,-166.571962383738,23.670000000000016,49.0,1011.0,,6.1,6.0,23.795835257723212,1.58031511064783,,217.22387287398521,4.227809714923036,,,,,,,,,,,,,,,,
400,2025-05-16 10:10:07.238338,39.8913129,0.0919106,4.620612621307373,-166.571962383738,23.670000000000016,49.0,1011.0,,6.3,4.0,14.79379505668678,1.7210933377224502,,208.22183267294878,4.467444150069178,,,,,,,,,,,,,,,,
401,2025-05-16 10:10:12.238638,39.8913129,0.0919106,4.620612621307373,-166.571962383738,23.670000000000016,49.0,1011.0,,6.4,4.0,14.204032931480546,1.8194204761170516,,207.63207054774256,4.479351625658076,,,,,,,,,,,,,,,,
402,2025-05-16 10:10:17.240122,39.8913129,0.0919106,4.620612621307373,-166.571962383738,23.670000000000016,49.0,1011.0,,6.3,7.0,25.18892120065668,1.803968659604475,,218.61695881691867,4.181235632521299,,,,,,,,,,,,,,,,
403,2025-05-16 10:10:22.240136,39.8913129,0.0919106,4.620612621307373,-166.571962383738,23.670000000000016,49.0,1011.0,,6.5,9.0,29.470906758045807,2.066792982871923,,222.8989443743078,4.022731330029107,,,,,,,,,,,,,,,,
404,2025-05-16 10:10:27.240116,39.8913129,0.0919106,4.620612621307373,-166.571962383738,23.670000000000016,49.0,1011.0,,6.6,8.0,25.623187239259057,2.124039827554864,,219.05122485552107,4.166210441343187,,,,,,,,,,,,,,,,
405,2025-05-16 10:10:32.240170,39.8913129,0.0919106,4.620612621307373,-166.571962383738,23.670000000000016,49.0,1011.0,,6.3,6.0,21.818799525405417,1.7718001242182464,,215.2468371416674,4.289610073919044,,,,,,,,,,,,,,,,
406,2025-05-16 10:10:37.238222,39.8913129,0.0919106,4.620612621307373,-166.571962383738,23.670000000000016,49.0,1011.0,,6.1,4.0,16.201073241974868,1.5250918312120827,,209.62911085823686,4.437120976324705,,,,,,,,,,,,,,,,
407,2025-05-16 10:10:42.240192,39.8913129,0.0919106,4.620612621307373,-166.571962383738,23.670000000000016,49.0,1011.0,,6.0,7.0,28.716799324775945,1.5218428598700784,,222.14483694103794,4.0523018633902925,,,,,,,,,,,,,,,,
408,2025-05-16 10:10:47.240182,39.8913129,0.0919106,4.620612621307373,-166.571962383738,23.670000000000016,49.0,1011.0,,6.0,7.0,28.716799324775945,1.5218428598700784,,222.14483694103794,4.0523018633902925,,,,,,,,,,,,,,,,
409,2025-05-16 10:10:52.238618,39.8913129,0.0919106,4.620612621307373,-166.571962383738,23.670000000000016,49.0,1011.0,,6.1,5.0,20.057156194597564,1.55019272793484,,213.48519381085956,4.340376931067173,,,,,,,,,,,,,,,,
410,2025-05-16 10:10:57.239563,39.8913129,0.0919106,4.620612621307373,-166.571962383738,23.670000000000016,49.0,1011.0,,6.1,6.0,23.795835257723212,1.58031511064783,,217.22387287398521,4.227809714923036,,,,,,,,,,,,,,,,
411,2025-05-16 10:11:02.240178,39.8913129,0.0919106,4.620612621307373,-166.571962383738,23.670000000000016,49.0,1011.0,,6.3,6.0,21.818799525405417,1.7718001242182464,,215.2468371416674,4.289610073919044,,,,,,,,,,,,,,,,
412,2025-05-16 10:11:07.238596,39.8913129,0.0919106,4.620612621307373,-166.571962383738,23.670000000000016,49.0,1011.0,,6.2,5.0,19.153368715847858,1.646964339227058,,212.58140633210985,4.364832658088064,,,,,,,,,,,,,,,,
413,2025-05-16 10:11:12.239823,39.8913129,0.0919106,4.620612621307373,-166.571962383738,23.670000000000016,49.0,1011.0,,6.3,4.0,14.79379505668678,1.7210933377224502,,208.22183267294878,4.467444150069178,,,,,,,,,,,,,,,,
414,2025-05-16 10:11:17.239218,39.8913129,0.0919106,4.620612621307373,-166.571962383738,23.670000000000016,49.0,1011.0,,6.0,3.0,12.899091766829072,1.4066620804647665,,206.32712938309106,4.50401022789031,,,,,,,,,,,,,,,,
415,2025-05-16 10:11:22.239221,39.8913129,0.0919106,4.620612621307373,-166.571962383738,23.670000000000016,49.0,1011.0,,6.1,2.0,8.209106979565195,1.4909483542622712,,201.6371445958272,4.573267735851686,,,,,,,,,,,,,,,,
416,2025-05-16 10:11:27.239818,39.8913129,0.0919106,4.620612621307373,-166.571962383738,23.670000000000016,49.0,1011.0,,6.2,3.0,11.670869088179124,1.6040530277077956,,205.09890670444113,4.525085092997609,,,,,,,,,,,,,,,,
417,2025-05-16 10:11:32.238128,39.8913129,0.0919106,4.620612621307373,-166.571962383738,23.670000000000016,49.0,1011.0,,6.5,4.0,13.674797169724362,1.917920608543374,,207.10283478598637,4.489633060520437,,,,,,,,,,,,,,,,
418,2025-05-16 10:11:37.239789,39.8913129,0.0919106,4.620612621307373,-166.571962383738,23.670000000000016,49.0,1011.0,,6.4,3.0,10.712143259052791,1.802019429079395,,204.1401808753148,4.540091165774676,,,,,,,,,,,,,,,,
419,2025-05-16 10:11:42.240122,39.8913129,0.0919106,4.620612621307373,-166.571962383738,23.670000000000016,49.0,1011.0,,6.1,4.0,16.201073241974868,1.5250918312120827,,209.62911085823686,4.437120976324705,,,,,,,,,,,,,,,,
420,2025-05-16 10:11:47.239607,39.8913129,0.0919106,4.620612621307373,-166.571962383738,23.670000000000016,49.0,1011.0,,6.0,5.0,21.080999724882002,1.453858126778024,,214.509037341144,4.311368255305198,,,,,,,,,,,,,,,,
421,2025-05-16 10:11:52.240167,39.8913129,0.0919106,4.620612621307373,-166.571962383738,23.670000000000016,49.0,1011.0,,6.0,4.0,17.049370977757498,1.427507093456433,,210.4774085940195,4.417548101778132,,,,,,,,,,,,,,,,
422,2025-05-16 10:11:57.240088,39.8913129,0.0919106,4.620612621307373,-166.571962383738,23.670000000000016,49.0,1011.0,,6.1,6.0,23.795835257723212,1.58031511064783,,217.22387287398521,4.227809714923036,,,,,,,,,,,,,,,,
423,2025-05-16 10:12:02.239929,39.8913129,0.0919106,4.620612621307373,-166.571962383738,23.670000000000016,49.0,1011.0,,6.0,4.0,17.049370977757498,1.427507093456433,,210.4774085940195,4.417548101778132,,,,,,,,,,,,,,,,
424,2025-05-16 10:12:07.239555,39.8913129,0.0919106,4.620612621307373,-166.571962383738,23.670000000000016,49.0,1011.0,,6.1,4.0,16.201073241974868,1.5250918312120827,,209.62911085823686,4.437120976324705,,,,,,,,,,,,,,,,
425,2025-05-16 10:12:12.239765,39.8913129,0.0919106,4.620612621307373,-166.571962383738,23.670000000000016,49.0,1011.0,,6.4,1.0,3.5938117348510703,1.7819167592760132,,197.02184935111308,4.6115262066179925,,,,,,,,,,,,,,,,
426,2025-05-16 10:12:17.239785,39.8913129,0.0919106,4.620612621307373,-166.571962383738,23.670000000000016,49.0,1011.0,,5.9,4.0,18.021907359501935,1.3302811394991074,,211.44994497576394,4.393917476011771,,,,,,,,,,,,,,,,
427,2025-05-16 10:12:22.239379,39.8913129,0.0919106,4.620612621307373,-166.571962383738,23.670000000000016,49.0,1011.0,,6.1,3.0,12.244716026240184,1.5052714579629831,,205.6727536425022,4.515496779581963,,,,,,,,,,,,,,,,
428,2025-05-16 10:12:27.237841,39.8913129,0.0919106,4.620612621307373,-166.571962383738,23.670000000000016,49.0,1011.0,,6.5,3.0,10.307709586923359,1.9011622698549884,,203.73574720318535,4.546040414744106,,,,,,,,,,,,,,,,
429,2025-05-16 10:12:32.239778,39.8913129,0.0919106,4.620612621307373,-166.571962383738,23.670000000000016,49.0,1011.0,,6.4,7.0,24.247183352184845,1.8992284406396127,,217.67522096844684,4.212992495176425,,,,,,,,,,,,,,,,
430,2025-05-16 10:12:37.238273,39.8913129,0.0919106,4.620612621307373,-166.571962383738,23.670000000000016,49.0,1011.0,,6.6,10.0,31.37909443344469,2.201040944388532,,224.8071320497067,3.944805708683551,,,,,,,,,,,,,,,,
431,2025-05-16 10:12:42.239737,39.8913129,0.0919106,4.620612621307373,-166.571962383738,23.670000000000016,49.0,1011.0,,6.3,5.0,18.35007051120062,1.7441002194911792,,211.77810812746262,4.385657789966007,,,,,,,,,,,,,,,,
432,2025-05-16 10:12:47.238158,39.8913129,0.0919106,4.620612621307373,-166.571962383738,23.670000000000016,49.0,1011.0,,6.9,5.0,14.944230606686022,2.3320055362907124,,208.37226822294804,4.464330992893665,,,,,,,,,,,,,,,,
433,2025-05-16 10:12:52.239794,39.8913129,0.0919106,4.620612621307373,-166.571962383738,23.670000000000016,49.0,1011.0,,7.0,6.0,17.356790340465604,2.452724014134601,,210.7848279567276,4.410215700916446,,,,,,,,,,,,,,,,
434,2025-05-16 10:12:57.238168,39.8913129,0.0919106,4.620612621307373,-166.571962383738,23.670000000000016,49.0,1011.0,,6.9,5.0,14.944230606686022,2.3320055362907124,,208.37226822294804,4.464330992893665,,,,,,,,,,,,,,,,
435,2025-05-16 10:13:02.239785,39.8913129,0.0919106,4.620612621307373,-166.571962383738,23.670000000000016,49.0,1011.0,,7.0,10.0,28.136196812714758,2.577644105063985,,221.56423442897676,4.074590792067949,,,,,,,,,,,,,,,,
436,2025-05-16 10:13:07.239208,39.8913129,0.0919106,4.620612621307373,-166.571962383738,23.670000000000016,49.0,1011.0,,6.4,6.0,20.982751328241015,1.8682118712284106,,214.41078894450303,4.314211802277275,,,,,,,,,,,,,,,,
437,2025-05-16 10:13:12.239965,39.8913129,0.0919106,4.620612621307373,-166.571962383738,23.670000000000016,49.0,1011.0,,6.8,8.0,24.124676653025166,2.3154453425372203,,217.55271426928718,4.217040132793328,,,,,,,,,,,,,,,,
438,2025-05-16 10:13:17.238996,39.8913129,0.0919106,4.620612621307373,-166.571962383738,23.670000000000016,49.0,1011.0,,6.5,9.0,29.470906758045807,2.066792982871923,,222.8989443743078,4.022731330029107,,,,,,,,,,,,,,,,
439,2025-05-16 10:13:22.238288,39.8913129,0.0919106,4.620612621307373,-166.571962383738,23.670000000000016,49.0,1011.0,,6.8,7.0,21.271153840062265,2.2843230177300264,,214.69919145632426,4.3058287295183035,,,,,,,,,,,,,,,,
440,2025-05-16 10:13:27.239771,39.8913129,0.0919106,4.620612621307373,-166.571962383738,23.670000000000016,49.0,1011.0,,6.8,7.0,21.271153840062265,2.2843230177300264,,214.69919145632426,4.3058287295183035,,,,,,,,,,,,,,,,
441,2025-05-16 10:13:32.237709,39.8913129,0.0919106,4.620612621307373,-166.571962383738,23.670000000000016,49.0,1011.0,,6.9,5.0,14.944230606686022,2.3320055362907124,,208.37226822294804,4.464330992893665,,,,,,,,,,,,,,,,
442,2025-05-16 10:13:37.239210,39.8913129,0.0919106,4.620612621307373,-166.571962383738,23.670000000000016,49.0,1011.0,,7.0,5.0,14.537145583854425,2.430564515135135,,207.96518320011643,4.4726842275100225,,,,,,,,,,,,,,,,
443,2025-05-16 10:13:42.239786,39.8913129,0.0919106,4.620612621307373,-166.571962383738,23.670000000000016,49.0,1011.0,,7.0,6.0,17.356790340465604,2.452724014134601,,210.7848279567276,4.410215700916446,,,,,,,,,,,,,,,,
444,2025-05-16 10:13:47.238279,39.8913129,0.0919106,4.620612621307373,-166.571962383738,23.670000000000016,49.0,1011.0,,7.2,6.0,16.50495512513831,2.649100775876689,,209.9329927414003,4.43022105780341,,,,,,,,,,,,,,,,
445,2025-05-16 10:13:52.240125,39.8913129,0.0919106,4.620612621307373,-166.571962383738,23.670000000000016,49.0,1011.0,,7.1,7.0,19.626127528583552,2.576126721267577,,213.05416514484557,4.352175289877185,,,,,,,,,,,,,,,,
446,2025-05-16 10:13:57.240174,39.8913129,0.0919106,4.620612621307373,-166.571962383738,23.670000000000016,49.0,1011.0,,6.6,8.0,25.623187239259057,2.124039827554864,,219.05122485552107,4.166210441343187,,,,,,,,,,,,,,,,
447,2025-05-16 10:14:02.238169,39.8913129,0.0919106,4.620612621307373,-166.571962383738,23.670000000000016,49.0,1011.0,,6.9,6.0,17.83593393159453,2.3547643563409033,,211.26397154785653,4.398534353159386,,,,,,,,,,,,,,,,
448,2025-05-16 10:14:07.239614,39.8913129,0.0919106,4.620612621307373,-166.571962383738,23.670000000000016,49.0,1011.0,,7.3,7.0,18.722350256301038,2.771634964028859,,212.15038787256304,4.376113547565847,,,,,,,,,,,,,,,,
449,2025-05-16 10:14:12.239761,39.8913129,0.0919106,4.620612621307373,-166.571962383738,23.670000000000016,49.0,1011.0,,7.3,6.0,16.124742873976516,2.747485184012727,,209.55278049023852,4.438834522088651,,,,,,,,,,,,,,,,
450,2025-05-16 10:14:17.239418,39.8913129,0.0919106,4.620612621307373,-166.571962383738,23.670000000000016,49.0,1011.0,,7.3,7.0,18.722350256301038,2.771634964028859,,212.15038787256304,4.376113547565847,,,,,,,,,,,,,,,,
451,2025-05-16 10:14:22.239994,39.8913129,0.0919106,4.620612621307373,-166.571962383738,23.670000000000016,49.0,1011.0,,7.0,8.0,22.855717574449066,2.5081923928429646,,216.28375519071108,4.257829260874598,,,,,,,,,,,,,,,,
452,2025-05-16 10:14:27.238069,39.8913129,0.0919106,4.620612621307373,-166.571962383738,23.670000000000016,49.0,1011.0,,6.8,7.0,21.271153840062265,2.2843230177300264,,214.69919145632426,4.3058287295183035,,,,,,,,,,,,,,,,
453,2025-05-16 10:14:32.240313,39.8913129,0.0919106,4.620612621307373,-166.571962383738,23.670000000000016,49.0,1011.0,,6.8,7.0,21.271153840062265,2.2843230177300264,,214.69919145632426,4.3058287295183035,,,,,,,,,,,,,,,,
454,2025-05-16 10:14:37.238702,39.8913129,0.0919106,4.620612621307373,-166.571962383738,23.670000000000016,49.0,1011.0,,7.1,6.0,16.91447823428563,2.550842018850151,,210.34251585054764,4.42072535892478,,,,,,,,,,,,,,,,
455,2025-05-16 10:14:42.239614,39.8913129,0.0919106,4.620612621307373,-166.571962383738,23.670000000000016,49.0,1011.0,,7.3,8.0,21.281171849155253,2.7992216770688825,,214.70920946541725,4.305535571531216,,,,,,,,,,,,,,,,
456,2025-05-16 10:14:47.239862,39.8913129,0.0919106,4.620612621307373,-166.571962383738,23.670000000000016,49.0,1011.0,,7.3,9.0,23.79741790025281,2.8301365504323948,,217.2254555165148,4.2277582164834975,,,,,,,,,,,,,,,,
457,2025-05-16 10:14:52.239198,39.8913129,0.0919106,4.620612621307373,-166.571962383738,23.670000000000016,49.0,1011.0,,7.1,8.0,22.291794412653754,2.604976017573735,,215.71983202891576,4.275286759151556,,,,,,,,,,,,,,,,
458,2025-05-16 10:14:57.238713,39.8913129,0.0919106,4.620612621307373,-166.571962383738,23.670000000000016,49.0,1011.0,,6.9,6.0,17.83593393159453,2.3547643563409033,,211.26397154785653,4.398534353159386,,,,,,,,,,,,,,,,
459,2025-05-16 10:15:02.238612,39.8913129,0.0919106,4.620612621307373,-166.571962383738,23.670000000000016,49.0,1011.0,,7.2,6.0,16.50495512513831,2.649100775876689,,209.9329927414003,4.43022105780341,,,,,,,,,,,,,,,,
460,2025-05-16 10:15:07.239569,39.8913129,0.0919106,4.620612621307373,-166.571962383738,23.670000000000016,49.0,1011.0,,7.0,5.0,14.537145583854425,2.430564515135135,,207.96518320011643,4.4726842275100225,,,,,,,,,,,,,,,,
461,2025-05-16 10:15:12.239968,39.8913129,0.0919106,4.620612621307373,-166.571962383738,23.670000000000016,49.0,1011.0,,7.0,6.0,17.356790340465604,2.452724014134601,,210.7848279567276,4.410215700916446,,,,,,,,,,,,,,,,
462,2025-05-16 10:15:17.240118,39.8913129,0.0919106,4.620612621307373,-166.571962383738,23.670000000000016,49.0,1011.0,,7.0,9.0,25.525197706479606,2.5412414331536053,,218.95323532274162,4.169621726169429,,,,,,,,,,,,,,,,
463,2025-05-16 10:15:22.238590,39.8913129,0.0919106,4.620612621307373,-166.571962383738,23.670000000000016,49.0,1011.0,,6.6,11.0,34.12732840807011,2.244676104295842,,227.5553660243321,3.8249100076745624,,,,,,,,,,,,,,,,
464,2025-05-16 10:15:27.239734,39.8913129,0.0919106,4.620612621307373,-166.571962383738,23.670000000000016,49.0,1011.0,,7.0,10.0,28.136196812714758,2.577644105063985,,221.56423442897676,4.074590792067949,,,,,,,,,,,,,,,,
465,2025-05-16 10:15:32.239600,39.8913129,0.0919106,4.620612621307373,-166.571962383738,23.670000000000016,49.0,1011.0,,6.9,6.0,17.83593393159453,2.3547643563409033,,211.26397154785653,4.398534353159386,,,,,,,,,,,,,,,,
466,2025-05-16 10:15:37.239587,39.8913129,0.0919106,4.620612621307373,-166.571962383738,23.670000000000016,49.0,1011.0,,6.6,6.0,19.545923782024648,2.0620609658874502,,212.97396139828666,4.354343512110898,,,,,,,,,,,,,,,,
467,2025-05-16 10:15:42.239203,39.8913129,0.0919106,4.620612621307373,-166.571962383738,23.670000000000016,49.0,1011.0,,6.8,6.0,18.356633079799188,2.256983663714608,,211.7846706960612,4.38549114550515,,,,,,,,,,,,,,,,
468,2025-05-16 10:15:47.239782,39.8913129,0.0919106,4.620612621307373,-166.571962383738,23.670000000000016,49.0,1011.0,,6.7,6.0,18.924440544429082,2.159406247711545,,212.35247816069108,4.37085510916817,,,,,,,,,,,,,,,,
469,2025-05-16 10:15:52.238150,39.8913129,0.0919106,4.620612621307373,-166.571962383738,23.670000000000016,49.0,1011.0,,6.5,9.0,29.470906758045807,2.066792982871923,,222.8989443743078,4.022731330029107,,,,,,,,,,,,,,,,
470,2025-05-16 10:15:57.240,39.8913129,0.0919106,4.620612621307373,-166.571962383738,23.670000000000016,49.0,1011.0,,6.5,7.0,23.39560826708489,1.994952233672171,,216.8236458833469,4.240729252458354,,,,,,,,,,,,,,,,
471,2025-05-16 10:16:02.239356,39.8913129,0.0919106,4.620612621307373,-166.571962383738,23.670000000000016,49.0,1011.0,,6.7,6.0,18.924440544429082,2.159406247711545,,212.35247816069108,4.37085510916817,,,,,,,,,,,,,,,,
472,2025-05-16 10:16:07.239425,39.8913129,0.0919106,4.620612621307373,-166.571962383738,23.670000000000016,49.0,1011.0,,6.5,9.0,29.470906758045807,2.066792982871923,,222.8989443743078,4.022731330029107,,,,,,,,,,,,,,,,
473,2025-05-16 10:16:12.240144,39.8913129,0.0919106,4.620612621307373,-166.571962383738,23.670000000000016,49.0,1011.0,,6.6,6.0,19.545923782024648,2.0620609658874502,,212.97396139828666,4.354343512110898,,,,,,,,,,,,,,,,
474,2025-05-16 10:16:17.238535,39.8913129,0.0919106,4.620612621307373,-166.571962383738,23.670000000000016,49.0,1011.0,,6.8,5.0,15.387219130951456,2.2335746641531755,,208.81525674721345,4.454984993978971,,,,,,,,,,,,,,,,
475,2025-05-16 10:16:22.240182,39.8913129,0.0919106,4.620612621307373,-166.571962383738,23.670000000000016,49.0,1011.0,,6.9,9.0,26.191611831282184,2.4455373773612616,,219.6196494475442,4.146181965459345,,,,,,,,,,,,,,,,
476,2025-05-16 10:16:27.238958,39.8913129,0.0919106,4.620612621307373,-166.571962383738,23.670000000000016,49.0,1011.0,,6.7,8.0,24.841626453522355,2.2195531445897623,,218.26966406978437,4.193078883361685,,,,,,,,,,,,,,,,
477,2025-05-16 10:16:32.238566,39.8913129,0.0919106,4.620612621307373,-166.571962383738,23.670000000000016,49.0,1011.0,,6.7,6.0,18.924440544429082,2.159406247711545,,212.35247816069108,4.37085510916817,,,,,,,,,,,,,,,,
478,2025-05-16 10:16:37.239578,39.8913129,0.0919106,4.620612621307373,-166.571962383738,23.670000000000016,49.0,1011.0,,6.7,4.0,12.764373525342984,2.1153431504600304,,206.192411141605,4.50642307265151,,,,,,,,,,,,,,,,
479,2025-05-16 10:16:42.238519,39.8913129,0.0919106,4.620612621307373,-166.571962383738,23.670000000000016,49.0,1011.0,,6.5,4.0,13.674797169724362,1.917920608543374,,207.10283478598637,4.489633060520437,,,,,,,,,,,,,,,,
480,2025-05-16 10:16:47.240159,39.8913129,0.0919106,4.620612621307373,-166.571962383738,23.670000000000016,49.0,1011.0,,6.5,4.0,13.674797169724362,1.917920608543374,,207.10283478598637,4.489633060520437,,,,,,,,,,,,,,,,
481,2025-05-16 10:16:52.238403,39.8913129,0.0919106,4.620612621307373,-166.571962383738,23.670000000000016,49.0,1011.0,,6.3,5.0,18.35007051120062,1.7441002194911792,,211.77810812746262,4.385657789966007,,,,,,,,,,,,,,,,
482,2025-05-16 10:16:57.240140,39.8913129,0.0919106,4.620612621307373,-166.571962383738,23.670000000000016,49.0,1011.0,,6.3,6.0,21.818799525405417,1.7718001242182464,,215.2468371416674,4.289610073919044,,,,,,,,,,,,,,,,
483,2025-05-16 10:17:02.238567,39.8913129,0.0919106,4.620612621307373,-166.571962383738,23.670000000000016,49.0,1011.0,,6.2,6.0,22.750844070744204,1.6758089880892835,,216.1788816870062,4.261107125203364,,,,,,,,,,,,,,,,
484,2025-05-16 10:17:07.240114,39.8913129,0.0919106,4.620612621307373,-166.571962383738,23.670000000000016,49.0,1011.0,,6.6,4.0,13.197302906601436,2.016568385261649,,206.62534052286344,4.498580629345758,,,,,,,,,,,,,,,,
485,2025-05-16 10:17:12.239910,39.8913129,0.0919106,4.620612621307373,-166.571962383738,23.670000000000016,49.0,1011.0,,6.6,4.0,13.197302906601436,2.016568385261649,,206.62534052286344,4.498580629345758,,,,,,,,,,,,,,,,
486,2025-05-16 10:17:17.239218,39.8913129,0.0919106,4.620612621307373,-166.571962383738,23.670000000000016,49.0,1011.0,,6.7,5.0,15.871019392837926,2.1352896148774327,,209.29905700909993,4.4444737454270555,,,,,,,,,,,,,,,,
487,2025-05-16 10:17:22.239795,39.8913129,0.0919106,4.620612621307373,-166.571962383738,23.670000000000016,49.0,1011.0,,6.8,5.0,15.387219130951456,2.2335746641531755,,208.81525674721345,4.454984993978971,,,,,,,,,,,,,,,,
488,2025-05-16 10:17:27.239774,39.8913129,0.0919106,4.620612621307373,-166.571962383738,23.670000000000016,49.0,1011.0,,6.9,6.0,17.83593393159453,2.3547643563409033,,211.26397154785653,4.398534353159386,,,,,,,,,,,,,,,,
489,2025-05-16 10:17:32.239923,39.8913129,0.0919106,4.620612621307373,-166.571962383738,23.670000000000016,49.0,1011.0,,6.6,8.0,25.623187239259057,2.124039827554864,,219.05122485552107,4.166210441343187,,,,,,,,,,,,,,,,
490,2025-05-16 10:17:37.239781,39.8913129,0.0919106,4.620612621307373,-166.571962383738,23.670000000000016,49.0,1011.0,,6.7,7.0,21.916824072471094,2.187547920488144,,215.3448616887331,4.286665659693978,,,,,,,,,,,,,,,,
491,2025-05-16 10:17:42.237676,39.8913129,0.0919106,4.620612621307373,-166.571962383738,23.670000000000016,49.0,1011.0,,6.6,6.0,19.545923782024648,2.0620609658874502,,212.97396139828666,4.354343512110898,,,,,,,,,,,,,,,,
492,2025-05-16 10:17:47.238819,39.8913129,0.0919106,4.620612621307373,-166.571962383738,23.670000000000016,49.0,1011.0,,6.6,6.0,19.545923782024648,2.0620609658874502,,212.97396139828666,4.354343512110898,,,,,,,,,,,,,,,,
493,2025-05-16 10:17:52.240098,39.8913129,0.0919106,4.620612621307373,-166.571962383738,23.670000000000016,49.0,1011.0,,6.6,5.0,16.401463985146158,2.037171494612039,,209.82950160140817,4.432584923046569,,,,,,,,,,,,,,,,
494,2025-05-16 10:17:57.239314,39.8913129,0.0919106,4.620612621307373,-166.571962383738,23.670000000000016,49.0,1011.0,,6.5,6.0,20.22890206597649,1.9649823183473494,,213.6569396822385,4.335607331756493,,,,,,,,,,,,,,,,
495,2025-05-16 10:18:02.240211,39.8913129,0.0919106,4.620612621307373,-166.571962383738,23.670000000000016,49.0,1011.0,,6.9,6.0,17.83593393159453,2.3547643563409033,,211.26397154785653,4.398534353159386,,,,,,,,,,,,,,,,
496,2025-05-16 10:18:07.240158,39.8913129,0.0919106,4.620612621307373,-166.571962383738,23.670000000000016,49.0,1011.0,,6.7,6.0,18.924440544429082,2.159406247711545,,212.35247816069108,4.37085510916817,,,,,,,,,,,,,,,,
497,2025-05-16 10:18:12.238344,39.8913129,0.0919106,4.620612621307373,-166.571962383738,23.670000000000016,49.0,1011.0,,6.7,8.0,24.841626453522355,2.2195531445897623,,218.26966406978437,4.193078883361685,,,,,,,,,,,,,,,,
498,2025-05-16 10:18:17.240136,39.8913129,0.0919106,4.620612621307373,-166.571962383738,23.670000000000016,49.0,1011.0,,6.6,8.0,25.623187239259057,2.124039827554864,,219.05122485552107,4.166210441343187,,,,,,,,,,,,,,,,
499,2025-05-16 10:18:22.240497,39.8913129,0.0919106,4.620612621307373,-166.571962383738,23.670000000000016,49.0,1011.0,,6.5,8.0,26.478170690471565,2.028958899638012,,219.90620830673356,4.135930203019153,,,,,,,,,,,,,,,,
500,2025-05-16 10:18:27.238602,39.8913129,0.0919106,4.620612621307373,-166.571962383738,23.670000000000016,49.0,1011.0,,6.8,8.0,24.124676653025166,2.3154453425372203,,217.55271426928718,4.217040132793328,,,,,,,,,,,,,,,,
501,2025-05-16 10:18:32.239166,39.8913129,0.0919106,4.620612621307373,-166.571962383738,23.670000000000016,49.0,1011.0,,6.7,6.0,18.924440544429082,2.159406247711545,,212.35247816069108,4.37085510916817,,,,,,,,,,,,,,,,
502,2025-05-16 10:18:37.238293,39.8913129,0.0919106,4.620612621307373,-166.571962383738,23.670000000000016,49.0,1011.0,,6.8,5.0,15.387219130951456,2.2335746641531755,,208.81525674721345,4.454984993978971,,,,,,,,,,,,,,,,
503,2025-05-16 10:18:42.239200,39.8913129,0.0919106,4.620612621307373,-166.571962383738,23.670000000000016,49.0,1011.0,,6.4,6.0,20.982751328241015,1.8682118712284106,,214.41078894450303,4.314211802277275,,,,,,,,,,,,,,,,
504,2025-05-16 10:18:47.239776,39.8913129,0.0919106,4.620612621307373,-166.571962383738,23.670000000000016,49.0,1011.0,,6.4,7.0,24.247183352184845,1.8992284406396127,,217.67522096844684,4.212992495176425,,,,,,,,,,,,,,,,
505,2025-05-16 10:18:52.238146,39.8913129,0.0919106,4.620612621307373,-166.571962383738,23.670000000000016,49.0,1011.0,,6.4,8.0,27.416992580008802,1.9343741219839787,,220.8450301962708,4.101620151881135,,,,,,,,,,,,,,,,
506,2025-05-16 10:18:57.238124,39.8913129,0.0919106,4.620612621307373,-166.571962383738,23.670000000000016,49.0,1011.0,,6.4,6.0,20.982751328241015,1.8682118712284106,,214.41078894450303,4.314211802277275,,,,,,,,,,,,,,,,
507,2025-05-16 10:19:02.240144,39.8913129,0.0919106,4.620612621307373,-166.571962383738,23.670000000000016,49.0,1011.0,,6.5,7.0,23.39560826708489,1.994952233672171,,216.8236458833469,4.240729252458354,,,,,,,,,,,,,,,,
508,2025-05-16 10:19:07.240079,39.8913129,0.0919106,4.620612621307373,-166.571962383738,23.670000000000016,49.0,1011.0,,6.1,4.0,16.201073241974868,1.5250918312120827,,209.62911085823686,4.437120976324705,,,,,,,,,,,,,,,,
509,2025-05-16 10:19:12.238582,39.8913129,0.0919106,4.620612621307373,-166.571962383738,23.670000000000016,49.0,1011.0,,6.2,5.0,19.153368715847858,1.646964339227058,,212.58140633210985,4.364832658088064,,,,,,,,,,,,,,,,
510,2025-05-16 10:19:17.239573,39.8913129,0.0919106,4.620612621307373,-166.571962383738,23.670000000000016,49.0,1011.0,,6.3,6.0,21.818799525405417,1.7718001242182464,,215.2468371416674,4.289610073919044,,,,,,,,,,,,,,,,
511,2025-05-16 10:19:22.239978,39.8913129,0.0919106,4.620612621307373,-166.571962383738,23.670000000000016,49.0,1011.0,,6.3,7.0,25.18892120065668,1.803968659604475,,218.61695881691867,4.181235632521299,,,,,,,,,,,,,,,,
512,2025-05-16 10:19:27.239592,39.8913129,0.0919106,4.620612621307373,-166.571962383738,23.670000000000016,49.0,1011.0,,6.5,7.0,23.39560826708489,1.994952233672171,,216.8236458833469,4.240729252458354,,,,,,,,,,,,,,,,
513,2025-05-16 10:19:32.239561,39.8913129,0.0919106,4.620612621307373,-166.571962383738,23.670000000000016,49.0,1011.0,,6.5,8.0,26.478170690471565,2.028958899638012,,219.90620830673356,4.135930203019153,,,,,,,,,,,,,,,,
514,2025-05-16 10:19:37.240119,39.8913129,0.0919106,4.620612621307373,-166.571962383738,23.670000000000016,49.0,1011.0,,6.5,7.0,23.39560826708489,1.994952233672171,,216.8236458833469,4.240729252458354,,,,,,,,,,,,,,,,
515,2025-05-16 10:19:42.239572,39.8913129,0.0919106,4.620612621307373,-166.571962383738,23.670000000000016,49.0,1011.0,,6.6,9.0,28.543500797911786,2.1607610213890416,,221.97153841417378,4.058998343320855,,,,,,,,,,,,,,,,
516,2025-05-16 10:19:47.240156,39.8913129,0.0919106,4.620612621307373,-166.571962383738,23.670000000000016,49.0,1011.0,,6.3,13.0,43.03449432193079,2.07665827584455,,236.4625319381928,3.377404354954974,,,,,,,,,,,,,,,,
517,2025-05-16 10:19:52.238663,39.8913129,0.0919106,4.620612621307373,-166.571962383738,23.670000000000016,49.0,1011.0,,6.5,10.0,32.36984986892597,2.10823724127544,,225.79788748518797,3.9026145673148314,,,,,,,,,,,,,,,,
518,2025-05-16 10:19:57.240177,39.8913129,0.0919106,4.620612621307373,-166.571962383738,23.670000000000016,49.0,1011.0,,6.3,9.0,31.6022957547313,1.8807241475127154,,225.0303333709933,3.935403207417343,,,,,,,,,,,,,,,,
519,2025-05-16 10:20:02.239588,39.8913129,0.0919106,4.620612621307373,-166.571962383738,23.670000000000016,49.0,1011.0,,6.2,9.0,32.833405858327225,1.788817587551016,,226.2614434745892,3.8824726285533115,,,,,,,,,,,,,,,,
520,2025-05-16 10:20:07.240145,39.8913129,0.0919106,4.620612621307373,-166.571962383738,23.670000000000016,49.0,1011.0,,6.4,10.0,33.45148793458731,2.016121844563614,,226.8795255508493,3.855221288734447,,,,,,,,,,,,,,,,
521,2025-05-16 10:20:12.238279,39.8913129,0.0919106,4.620612621307373,-166.571962383738,23.670000000000016,49.0,1011.0,,6.1,12.0,43.29486831425627,1.8494428817535273,,236.72290593051827,3.363039798004424,,,,,,,,,,,,,,,,
522,2025-05-16 10:20:17.238823,39.8913129,0.0919106,4.620612621307373,-166.571962383738,23.670000000000016,49.0,1011.0,,6.1,14.0,48.66197059478083,1.9654670461651136,,242.09000821104283,3.051915400378114,,,,,,,,,,,,,,,,
523,2025-05-16 10:20:22.239859,39.8913129,0.0919106,4.620612621307373,-166.571962383738,23.670000000000016,49.0,1011.0,,5.8,13.0,51.69104748570975,1.6627375661253343,,245.11908510197176,2.864325370421265,,,,,,,,,,,,,,,,
524,2025-05-16 10:20:27.238095,39.8913129,0.0919106,4.620612621307373,-166.571962383738,23.670000000000016,49.0,1011.0,,5.8,13.0,51.69104748570975,1.6627375661253343,,245.11908510197176,2.864325370421265,,,,,,,,,,,,,,,,
525,2025-05-16 10:20:32.240134,39.8913129,0.0919106,4.620612621307373,-166.571962383738,23.670000000000016,49.0,1011.0,,6.0,13.0,47.75881990466877,1.8231350926730867,,241.18685752093077,3.106220017155314,,,,,,,,,,,,,,,,
526,2025-05-16 10:20:37.239780,39.8913129,0.0919106,4.620612621307373,-166.571962383738,23.670000000000016,49.0,1011.0,,6.3,7.0,25.18892120065668,1.803968659604475,,218.61695881691867,4.181235632521299,,,,,,,,,,,,,,,,
527,2025-05-16 10:20:42.239825,39.8913129,0.0919106,4.620612621307373,-166.571962383738,23.670000000000016,49.0,1011.0,,6.4,8.0,27.416992580008802,1.9343741219839787,,220.8450301962708,4.101620151881135,,,,,,,,,,,,,,,,
528,2025-05-16 10:20:47.239223,39.8913129,0.0919106,4.620612621307373,-166.571962383738,23.670000000000016,49.0,1011.0,,6.8,9.0,26.912202451223227,2.3501910787349614,,220.34024006748524,4.120205602106626,,,,,,,,,,,,,,,,
529,2025-05-16 10:20:52.238161,39.8913129,0.0919106,4.620612621307373,-166.571962383738,23.670000000000016,49.0,1011.0,,6.9,8.0,23.46484300185215,2.4116712269495424,,216.89288061811416,4.238509102830216,,,,,,,,,,,,,,,,
530,2025-05-16 10:20:57.238237,39.8913129,0.0919106,4.620612621307373,-166.571962383738,23.670000000000016,49.0,1011.0,,6.7,9.0,27.693597461345725,2.255247912993117,,221.12163507760772,4.091300949318631,,,,,,,,,,,,,,,,
531,2025-05-16 10:21:02.238142,39.8913129,0.0919106,4.620612621307373,-166.571962383738,23.670000000000016,49.0,1011.0,,6.5,9.0,29.470906758045807,2.066792982871923,,222.8989443743078,4.022731330029107,,,,,,,,,,,,,,,,
532,2025-05-16 10:21:07.237669,39.8913129,0.0919106,4.620612621307373,-166.571962383738,23.670000000000016,49.0,1011.0,,6.8,7.0,21.271153840062265,2.2843230177300264,,214.69919145632426,4.3058287295183035,,,,,,,,,,,,,,,,
533,2025-05-16 10:21:12.239596,39.8913129,0.0919106,4.620612621307373,-166.571962383738,23.670000000000016,49.0,1011.0,,6.8,9.0,26.912202451223227,2.3501910787349614,,220.34024006748524,4.120205602106626,,,,,,,,,,,,,,,,
534,2025-05-16 10:21:17.240122,39.8913129,0.0919106,4.620612621307373,-166.571962383738,23.670000000000016,49.0,1011.0,,6.7,9.0,27.693597461345725,2.255247912993117,,221.12163507760772,4.091300949318631,,,,,,,,,,,,,,,,
535,2025-05-16 10:21:22.240064,39.8913129,0.0919106,4.620612621307373,-166.571962383738,23.670000000000016,49.0,1011.0,,6.5,12.0,37.878194604729984,2.20107384094834,,231.306232220992,3.6471318344300734,,,,,,,,,,,,,,,,
536,2025-05-16 10:21:27.240165,39.8913129,0.0919106,4.620612621307373,-166.571962383738,23.670000000000016,49.0,1011.0,,6.9,15.0,41.14002175653024,2.71446641354287,,234.56805937279225,3.4798019602139325,,,,,,,,,,,,,,,,
537,2025-05-16 10:21:32.240151,39.8913129,0.0919106,4.620612621307373,-166.571962383738,23.670000000000016,49.0,1011.0,,6.8,13.0,37.33953077740282,2.5219680758215235,,230.76756839366482,3.6736420666855816,,,,,,,,,,,,,,,,
538,2025-05-16 10:21:37.240160,39.8913129,0.0919106,4.620612621307373,-166.571962383738,23.670000000000016,49.0,1011.0,,6.9,12.0,33.97831058649163,2.5669073091456505,,227.40634820275363,3.8316393038392915,,,,,,,,,,,,,,,,
539,2025-05-16 10:21:42.239602,39.8913129,0.0919106,4.620612621307373,-166.571962383738,23.670000000000016,49.0,1011.0,,6.8,13.0,37.33953077740282,2.5219680758215235,,230.76756839366482,3.6736420666855816,,,,,,,,,,,,,,,,
540,2025-05-16 10:21:47.240197,39.8913129,0.0919106,4.620612621307373,-166.571962383738,23.670000000000016,49.0,1011.0,,6.7,12.0,35.77858170946549,2.382618222360901,,229.2066193257275,3.748621840176422,,,,,,,,,,,,,,,,
541,2025-05-16 10:21:52.239628,39.8913129,0.0919106,4.620612621307373,-166.571962383738,23.670000000000016,49.0,1011.0,,6.6,12.0,36.786804264331536,2.2914619402068728,,230.21484188059355,3.7005068429954564,,,,,,,,,,,,,,,,
542,2025-05-16 10:21:57.240485,39.8913129,0.0919106,4.620612621307373,-166.571962383738,23.670000000000016,49.0,1011.0,,6.4,10.0,33.45148793458731,2.016121844563614,,226.8795255508493,3.855221288734447,,,,,,,,,,,,,,,,
543,2025-05-16 10:22:02.237799,39.8913129,0.0919106,4.620612621307373,-166.571962383738,23.670000000000016,49.0,1011.0,,6.5,11.0,35.172609512879276,2.1530709704624464,,228.6006471291413,3.776982882378839,,,,,,,,,,,,,,,,
544,2025-05-16 10:22:07.239812,39.8913129,0.0919106,4.620612621307373,-166.571962383738,23.670000000000016,49.0,1011.0,,6.4,9.0,30.486363259505406,1.973417917356338,,223.9144008757674,3.9818126178577318,,,,,,,,,,,,,,,,
545,2025-05-16 10:22:12.240133,39.8913129,0.0919106,4.620612621307373,-166.571962383738,23.670000000000016,49.0,1011.0,,6.3,7.0,25.18892120065668,1.803968659604475,,218.61695881691867,4.181235632521299,,,,,,,,,,,,,,,,
546,2025-05-16 10:22:17.240074,39.8913129,0.0919106,4.620612621307373,-166.571962383738,23.670000000000016,49.0,1011.0,,6.3,6.0,21.818799525405417,1.7718001242182464,,215.2468371416674,4.289610073919044,,,,,,,,,,,,,,,,
547,2025-05-16 10:22:22.238599,39.8913129,0.0919106,4.620612621307373,-166.571962383738,23.670000000000016,49.0,1011.0,,6.2,6.0,22.750844070744204,1.6758089880892835,,216.1788816870062,4.261107125203364,,,,,,,,,,,,,,,,
548,2025-05-16 10:22:27.238747,39.8913129,0.0919106,4.620612621307373,-166.571962383738,23.670000000000016,49.0,1011.0,,6.6,6.0,19.545923782024648,2.0620609658874502,,212.97396139828666,4.354343512110898,,,,,,,,,,,,,,,,
549,2025-05-16 10:22:32.239204,39.8913129,0.0919106,4.620612621307373,-166.571962383738,23.670000000000016,49.0,1011.0,,6.3,8.0,28.45203318664612,1.840361994603856,,221.8800708029081,4.0625178026053,,,,,,,,,,,,,,,,
550,2025-05-16 10:22:37.239636,39.8913129,0.0919106,4.620612621307373,-166.571962383738,23.670000000000016,49.0,1011.0,,6.5,6.0,20.22890206597649,1.9649823183473494,,213.6569396822385,4.335607331756493,,,,,,,,,,,,,,,,
551,2025-05-16 10:22:42.239523,39.8913129,0.0919106,4.620612621307373,-166.571962383738,23.670000000000016,49.0,1011.0,,6.6,5.0,16.401463985146158,2.037171494612039,,209.82950160140817,4.432584923046569,,,,,,,,,,,,,,,,
552,2025-05-16 10:22:47.240116,39.8913129,0.0919106,4.620612621307373,-166.571962383738,23.670000000000016,49.0,1011.0,,6.2,4.0,15.454946976386976,1.6229706360224805,,208.88298459264897,4.453532614074834,,,,,,,,,,,,,,,,
553,2025-05-16 10:22:52.240310,39.8913129,0.0919106,4.620612621307373,-166.571962383738,23.670000000000016,49.0,1011.0,,6.5,3.0,10.307709586923359,1.9011622698549884,,203.73574720318535,4.546040414744106,,,,,,,,,,,,,,,,
554,2025-05-16 10:22:57.238215,39.8913129,0.0919106,4.620612621307373,-166.571962383738,23.670000000000016,49.0,1011.0,,6.5,5.0,16.98553453399873,1.9392456413554982,,210.41357215026073,4.419054755311625,,,,,,,,,,,,,,,,
555,2025-05-16 10:23:02.240137,39.8913129,0.0919106,4.620612621307373,-166.571962383738,23.670000000000016,49.0,1011.0,,6.2,5.0,19.153368715847858,1.646964339227058,,212.58140633210985,4.364832658088064,,,,,,,,,,,,,,,,
556,2025-05-16 10:23:07.238471,39.8913129,0.0919106,4.620612621307373,-166.571962383738,23.670000000000016,49.0,1011.0,,6.2,7.0,26.23534139059668,1.7092504731419431,,219.6633790068587,4.1446242217018945,,,,,,,,,,,,,,,,
557,2025-05-16 10:23:12.239214,39.8913129,0.0919106,4.620612621307373,-166.571962383738,23.670000000000016,49.0,1011.0,,6.3,8.0,28.45203318664612,1.840361994603856,,221.8800708029081,4.0625178026053,,,,,,,,,,,,,,,,
558,2025-05-16 10:23:17.237904,39.8913129,0.0919106,4.620612621307373,-166.571962383738,23.670000000000016,49.0,1011.0,,6.4,5.0,17.63165393510132,1.8415427273274823,,211.05969155136333,4.40355228976398,,,,,,,,,,,,,,,,
559,2025-05-16 10:23:22.240020,39.8913129,0.0919106,4.620612621307373,-166.571962383738,23.670000000000016,49.0,1011.0,,6.6,4.0,13.197302906601436,2.016568385261649,,206.62534052286344,4.498580629345758,,,,,,,,,,,,,,,,
560,2025-05-16 10:23:27.237633,39.8913129,0.0919106,4.620612621307373,-166.571962383738,23.670000000000016,49.0,1011.0,,6.4,3.0,10.712143259052791,1.802019429079395,,204.1401808753148,4.540091165774676,,,,,,,,,,,,,,,,
561,2025-05-16 10:23:32.239959,39.8913129,0.0919106,4.620612621307373,-166.571962383738,23.670000000000016,49.0,1011.0,,6.6,7.0,22.622166770527123,2.091076316047023,,216.05020438678912,4.2651094815137975,,,,,,,,,,,,,,,,
562,2025-05-16 10:23:37.239785,39.8913129,0.0919106,4.620612621307373,-166.571962383738,23.670000000000016,49.0,1011.0,,6.4,9.0,30.486363259505406,1.973417917356338,,223.9144008757674,3.9818126178577318,,,,,,,,,,,,,,,,
563,2025-05-16 10:23:42.239812,39.8913129,0.0919106,4.620612621307373,-166.571962383738,23.670000000000016,49.0,1011.0,,6.4,7.0,24.247183352184845,1.8992284406396127,,217.67522096844684,4.212992495176425,,,,,,,,,,,,,,,,
564,2025-05-16 10:23:47.239806,39.8913129,0.0919106,4.620612621307373,-166.571962383738,23.670000000000016,49.0,1011.0,,6.7,6.0,18.924440544429082,2.159406247711545,,212.35247816069108,4.37085510916817,,,,,,,,,,,,,,,,
565,2025-05-16 10:23:52.239687,39.8913129,0.0919106,4.620612621307373,-166.571962383738,23.670000000000016,49.0,1011.0,,6.7,5.0,15.871019392837926,2.1352896148774327,,209.29905700909993,4.4444737454270555,,,,,,,,,,,,,,,,
566,2025-05-16 10:23:57.237678,39.8913129,0.0919106,4.620612621307373,-166.571962383738,23.670000000000016,49.0,1011.0,,6.8,4.0,12.370091490291001,2.2142279096695443,,205.798129106553,4.513341576215242,,,,,,,,,,,,,,,,
567,2025-05-16 10:24:02.238566,39.8913129,0.0919106,4.620612621307373,-166.571962383738,23.670000000000016,49.0,1011.0,,7.0,7.0,20.131418308077013,2.478641389779819,,213.559455924339,4.338319361841167,,,,,,,,,,,,,,,,
568,2025-05-16 10:24:07.240284,39.8913129,0.0919106,4.620612621307373,-166.571962383738,23.670000000000016,49.0,1011.0,,7.5,9.0,22.829529142986388,3.0239349875790253,,216.2575667592484,4.258649127792692,,,,,,,,,,,,,,,,
569,2025-05-16 10:24:12.240177,39.8913129,0.0919106,4.620612621307373,-166.571962383738,23.670000000000016,49.0,1011.0,,7.4,8.0,20.82675910771768,2.89663821869272,,214.2547967239797,4.318700532287249,,,,,,,,,,,,,,,,
570,2025-05-16 10:24:17.238570,39.8913129,0.0919106,4.620612621307373,-166.571962383738,23.670000000000016,49.0,1011.0,,7.4,6.0,15.77083357059982,2.845982212170064,,209.19887118686182,4.4466764661412705,,,,,,,,,,,,,,,,
571,2025-05-16 10:24:22.239734,39.8913129,0.0919106,4.620612621307373,-166.571962383738,23.670000000000016,49.0,1011.0,,7.4,7.0,18.316692596339195,2.8696212500478993,,211.7447302126012,4.386504470697713,,,,,,,,,,,,,,,,
572,2025-05-16 10:24:27.239124,39.8913129,0.0919106,4.620612621307373,-166.571962383738,23.670000000000016,49.0,1011.0,,7.3,6.0,16.124742873976516,2.747485184012727,,209.55278049023852,4.438834522088651,,,,,,,,,,,,,,,,
573,2025-05-16 10:24:32.239791,39.8913129,0.0919106,4.620612621307373,-166.571962383738,23.670000000000016,49.0,1011.0,,7.2,6.0,16.50495512513831,2.649100775876689,,209.9329927414003,4.43022105780341,,,,,,,,,,,,,,,,
574,2025-05-16 10:24:37.239206,39.8913129,0.0919106,4.620612621307373,-166.571962383738,23.670000000000016,49.0,1011.0,,7.1,5.0,14.161805720186024,2.5292366245920226,,207.58984333644804,4.480186013495868,,,,,,,,,,,,,,,,
575,2025-05-16 10:24:42.239827,39.8913129,0.0919106,4.620612621307373,-166.571962383738,23.670000000000016,49.0,1011.0,,7.1,6.0,16.91447823428563,2.550842018850151,,210.34251585054764,4.42072535892478,,,,,,,,,,,,,,,,
576,2025-05-16 10:24:47.239234,39.8913129,0.0919106,4.620612621307373,-166.571962383738,23.670000000000016,49.0,1011.0,,7.2,5.0,13.814665825373382,2.6280091217728305,,207.2427034416354,4.486953044475086,,,,,,,,,,,,,,,,
577,2025-05-16 10:24:52.240533,39.8913129,0.0919106,4.620612621307373,-166.571962383738,23.670000000000016,49.0,1011.0,,7.0,3.0,8.787914700642679,2.3979444830985712,,202.2159523169047,4.566369533187374,,,,,,,,,,,,,,,,
578,2025-05-16 10:24:57.239821,39.8913129,0.0919106,4.620612621307373,-166.571962383738,23.670000000000016,49.0,1011.0,,6.9,4.0,12.009535706541978,2.3132085569012046,,205.43757332280398,4.519481201492691,,,,,,,,,,,,,,,,
579,2025-05-16 10:25:02.238329,39.8913129,0.0919106,4.620612621307373,-166.571962383738,23.670000000000016,49.0,1011.0,,7.0,4.0,11.67858155909223,2.412273288722142,,205.10661917535424,4.524959233764341,,,,,,,,,,,,,,,,
580,2025-05-16 10:25:07.239809,39.8913129,0.0919106,4.620612621307373,-166.571962383738,23.670000000000016,49.0,1011.0,,7.0,7.0,20.131418308077013,2.478641389779819,,213.559455924339,4.338319361841167,,,,,,,,,,,,,,,,
581,2025-05-16 10:25:12.239274,39.8913129,0.0919106,4.620612621307373,-166.571962383738,23.670000000000016,49.0,1011.0,,7.1,5.0,14.161805720186024,2.5292366245920226,,207.58984333644804,4.480186013495868,,,,,,,,,,,,,,,,
582,2025-05-16 10:25:17.239802,39.8913129,0.0919106,4.620612621307373,-166.571962383738,23.670000000000016,49.0,1011.0,,7.0,6.0,17.356790340465604,2.452724014134601,,210.7848279567276,4.410215700916446,,,,,,,,,,,,,,,,
583,2025-05-16 10:25:22.238074,39.8913129,0.0919106,4.620612621307373,-166.571962383738,23.670000000000016,49.0,1011.0,,6.9,7.0,20.678035969166753,2.381364607579113,,214.10607358542876,4.322950283223394,,,,,,,,,,,,,,,,
584,2025-05-16 10:25:27.240035,39.8913129,0.0919106,4.620612621307373,-166.571962383738,23.670000000000016,49.0,1011.0,,7.0,6.0,17.356790340465604,2.452724014134601,,210.7848279567276,4.410215700916446,,,,,,,,,,,,,,,,
585,2025-05-16 10:25:32.239637,39.8913129,0.0919106,4.620612621307373,-166.571962383738,23.670000000000016,49.0,1011.0,,6.6,4.0,13.197302906601436,2.016568385261649,,206.62534052286344,4.498580629345758,,,,,,,,,,,,,,,,
586,2025-05-16 10:25:37.238223,39.8913129,0.0919106,4.620612621307373,-166.571962383738,23.670000000000016,49.0,1011.0,,6.6,3.0,9.94338261456522,2.0003904443534797,,203.37142023082723,4.551205772190935,,,,,,,,,,,,,,,,
587,2025-05-16 10:25:42.240155,39.8913129,0.0919106,4.620612621307373,-166.571962383738,23.670000000000016,49.0,1011.0,,6.6,2.0,6.6509114181566025,1.9887506445339316,,200.0789490344186,4.589517023628404,,,,,,,,,,,,,,,,
588,2025-05-16 10:25:47.237702,39.8913129,0.0919106,4.620612621307373,-166.571962383738,23.670000000000016,49.0,1011.0,,6.4,3.0,10.712143259052791,1.802019429079395,,204.1401808753148,4.540091165774676,,,,,,,,,,,,,,,,
589,2025-05-16 10:25:52.240130,39.8913129,0.0919106,4.620612621307373,-166.571962383738,23.670000000000016,49.0,1011.0,,6.9,2.0,6.041718402182089,2.2878921313663763,,199.4697560184441,4.594947530697168,,,,,,,,,,,,,,,,
590,2025-05-16 10:25:57.239569,39.8913129,0.0919106,4.620612621307373,-166.571962383738,23.670000000000016,49.0,1011.0,,6.9,4.0,12.009535706541978,2.3132085569012046,,205.43757332280398,4.519481201492691,,,,,,,,,,,,,,,,
591,2025-05-16 10:26:02.238625,39.8913129,0.0919106,4.620612621307373,-166.571962383738,23.670000000000016,49.0,1011.0,,7.4,5.0,13.19324414774692,2.8258131619072633,,206.62128176400893,4.498655346457238,,,,,,,,,,,,,,,,
592,2025-05-16 10:26:07.240402,39.8913129,0.0919106,4.620612621307373,-166.571962383738,23.670000000000016,49.0,1011.0,,7.4,4.0,10.588435962880414,2.809195042450399,,204.01647357914243,4.541934937174741,,,,,,,,,,,,,,,,
593,2025-05-16 10:26:12.239554,39.8913129,0.0919106,4.620612621307373,-166.571962383738,23.670000000000016,49.0,1011.0,,7.1,4.0,11.373746958802688,2.511412154793341,,204.8017845750647,4.529871361246866,,,,,,,,,,,,,,,,
594,2025-05-16 10:26:17.239539,39.8913129,0.0919106,4.620612621307373,-166.571962383738,23.670000000000016,49.0,1011.0,,7.3,1.0,2.7234430672605594,2.6813040397657737,,196.15148068352255,4.615393719451683,,,,,,,,,,,,,,,,
595,2025-05-16 10:26:22.238489,39.8913129,0.0919106,4.620612621307373,-166.571962383738,23.670000000000016,49.0,1011.0,,7.5,4.0,10.362415206045448,2.908557267493506,,203.79045282230746,4.545248931665523,,,,,,,,,,,,,,,,
596,2025-05-16 10:26:27.238696,39.8913129,0.0919106,4.620612621307373,-166.571962383738,23.670000000000016,49.0,1011.0,,7.3,3.0,8.145079699290493,2.696584803903726,,201.5731173155525,4.57400215329019,,,,,,,,,,,,,,,,
597,2025-05-16 10:26:32.239546,39.8913129,0.0919106,4.620612621307373,-166.571962383738,23.670000000000016,49.0,1011.0,,7.3,5.0,13.492685741300248,2.7268710979921225,,206.92072335756225,4.493082389701764,,,,,,,,,,,,,,,,
598,2025-05-16 10:26:37.239604,39.8913129,0.0919106,4.620612621307373,-166.571962383738,23.670000000000016,49.0,1011.0,,7.1,1.0,2.862331083866168,2.4814018025128735,,196.29036870012817,4.614847961162076,,,,,,,,,,,,,,,,
599,2025-05-16 10:26:42.238548,39.8913129,0.0919106,4.620612621307373,-166.571962383738,23.670000000000016,49.0,1011.0,,7.4,2.0,5.317164911254306,2.7868714602264912,,198.7452025275163,4.600730036165003,,,,,,,,,,,,,,,,
600,2025-05-16 10:26:47.240142,39.8913129,0.0919106,4.620612621307373,-166.571962383738,23.670000000000016,49.0,1011.0,,7.3,2.0,5.440546334563236,2.687045237731138,,198.86858395082524,4.599797306552614,,,,,,,,,,,,,,,,
601,2025-05-16 10:26:52.240103,39.8913129,0.0919106,4.620612621307373,-166.571962383738,23.670000000000016,49.0,1011.0,,7.1,2.0,5.717015292342158,2.48743467395445,,199.14505290860416,4.597629836497762,,,,,,,,,,,,,,,,
602,2025-05-16 10:26:57.238258,39.8913129,0.0919106,4.620612621307373,-166.571962383738,23.670000000000016,49.0,1011.0,,7.1,1.0,2.862331083866168,2.4814018025128735,,196.29036870012817,4.614847961162076,,,,,,,,,,,,,,,,
603,2025-05-16 10:27:02.237640,39.8913129,0.0919106,4.620612621307373,-166.571962383738,23.670000000000016,49.0,1011.0,,7.4,2.0,5.317164911254306,2.7868714602264912,,198.7452025275163,4.600730036165003,,,,,,,,,,,,,,,,
604,2025-05-16 10:27:07.237715,39.8913129,0.0919106,4.620612621307373,-166.571962383738,23.670000000000016,49.0,1011.0,,7.4,4.0,10.588435962880414,2.809195042450399,,204.01647357914243,4.541934937174741,,,,,,,,,,,,,,,,
605,2025-05-16 10:27:12.237693,39.8913129,0.0919106,4.620612621307373,-166.571962383738,23.670000000000016,49.0,1011.0,,7.6,3.0,7.630483590961234,2.9954968645061415,,201.05852120722324,4.579697255512288,,,,,,,,,,,,,,,,
606,2025-05-16 10:27:17.239191,39.8913129,0.0919106,4.620612621307373,-166.571962383738,23.670000000000016,49.0,1011.0,,7.2,2.0,5.5734482744933445,2.5872324370651807,,199.00148589075536,4.598768742132402,,,,,,,,,,,,,,,,
607,2025-05-16 10:27:22.238153,39.8913129,0.0919106,4.620612621307373,-166.571962383738,23.670000000000016,49.0,1011.0,,7.3,4.0,10.83102775204289,2.709879738063391,,204.2590653683049,4.538299331804724,,,,,,,,,,,,,,,,
608,2025-05-16 10:27:27.239100,39.8913129,0.0919106,4.620612621307373,-166.571962383738,23.670000000000016,49.0,1011.0,,7.3,7.0,18.722350256301038,2.771634964028859,,212.15038787256304,4.376113547565847,,,,,,,,,,,,,,,,
609,2025-05-16 10:27:32.238355,39.8913129,0.0919106,4.620612621307373,-166.571962383738,23.670000000000016,49.0,1011.0,,7.3,6.0,16.124742873976516,2.747485184012727,,209.55278049023852,4.438834522088651,,,,,,,,,,,,,,,,
610,2025-05-16 10:27:37.238160,39.8913129,0.0919106,4.620612621307373,-166.571962383738,23.670000000000016,49.0,1011.0,,7.5,7.0,17.93784099839213,2.9677418795484343,,211.36587861465412,4.396010198865324,,,,,,,,,,,,,,,,
611,2025-05-16 10:27:42.238583,39.8913129,0.0919106,4.620612621307373,-166.571962383738,23.670000000000016,49.0,1011.0,,7.4,6.0,15.77083357059982,2.845982212170064,,209.19887118686182,4.4466764661412705,,,,,,,,,,,,,,,,
612,2025-05-16 10:27:47.240186,39.8913129,0.0919106,4.620612621307373,-166.571962383738,23.670000000000016,49.0,1011.0,,7.6,6.0,15.131800935570956,3.043270376293624,,208.55983855183297,4.460406251128521,,,,,,,,,,,,,,,,
613,2025-05-16 10:27:52.240126,39.8913129,0.0919106,4.620612621307373,-166.571962383738,23.670000000000016,49.0,1011.0,,7.1,6.0,16.91447823428563,2.550842018850151,,210.34251585054764,4.42072535892478,,,,,,,,,,,,,,,,
614,2025-05-16 10:27:57.238163,39.8913129,0.0919106,4.620612621307373,-166.571962383738,23.670000000000016,49.0,1011.0,,7.3,7.0,18.722350256301038,2.771634964028859,,212.15038787256304,4.376113547565847,,,,,,,,,,,,,,,,
615,2025-05-16 10:28:02.239593,39.8913129,0.0919106,4.620612621307373,-166.571962383738,23.670000000000016,49.0,1011.0,,7.0,7.0,20.131418308077013,2.478641389779819,,213.559455924339,4.338319361841167,,,,,,,,,,,,,,,,
616,2025-05-16 10:28:07.240173,39.8913129,0.0919106,4.620612621307373,-166.571962383738,23.670000000000016,49.0,1011.0,,7.3,4.0,10.83102775204289,2.709879738063391,,204.2590653683049,4.538299331804724,,,,,,,,,,,,,,,,
617,2025-05-16 10:28:12.240120,39.8913129,0.0919106,4.620612621307373,-166.571962383738,23.670000000000016,49.0,1011.0,,7.2,5.0,13.814665825373382,2.6280091217728305,,207.2427034416354,4.486953044475086,,,,,,,,,,,,,,,,
618,2025-05-16 10:28:17.239537,39.8913129,0.0919106,4.620612621307373,-166.571962383738,23.670000000000016,49.0,1011.0,,7.1,4.0,11.373746958802688,2.511412154793341,,204.8017845750647,4.529871361246866,,,,,,,,,,,,,,,,
619,2025-05-16 10:28:22.240109,39.8913129,0.0919106,4.620612621307373,-166.571962383738,23.670000000000016,49.0,1011.0,,7.3,6.0,16.124742873976516,2.747485184012727,,209.55278049023852,4.438834522088651,,,,,,,,,,,,,,,,
620,2025-05-16 10:28:27.237573,39.8913129,0.0919106,4.620612621307373,-166.571962383738,23.670000000000016,49.0,1011.0,,7.1,6.0,16.91447823428563,2.550842018850151,,210.34251585054764,4.42072535892478,,,,,,,,,,,,,,,,
621,2025-05-16 10:28:32.239773,39.8913129,0.0919106,4.620612621307373,-166.571962383738,23.670000000000016,49.0,1011.0,,7.3,7.0,18.722350256301038,2.771634964028859,,212.15038787256304,4.376113547565847,,,,,,,,,,,,,,,,
622,2025-05-16 10:28:37.238146,39.8913129,0.0919106,4.620612621307373,-166.571962383738,23.670000000000016,49.0,1011.0,,7.1,7.0,19.626127528583552,2.576126721267577,,213.05416514484557,4.352175289877185,,,,,,,,,,,,,,,,
623,2025-05-16 10:28:42.238507,39.8913129,0.0919106,4.620612621307373,-166.571962383738,23.670000000000016,49.0,1011.0,,7.2,7.0,19.157718002426197,2.6737977913312836,,212.5857556186882,4.364717565883246,,,,,,,,,,,,,,,,
624,2025-05-16 10:28:47.240154,39.8913129,0.0919106,4.620612621307373,-166.571962383738,23.670000000000016,49.0,1011.0,,7.2,8.0,21.7683200157931,2.701993897985953,,215.1963576320551,4.291121455963822,,,,,,,,,,,,,,,,
625,2025-05-16 10:28:52.240104,39.8913129,0.0919106,4.620612621307373,-166.571962383738,23.670000000000016,49.0,1011.0,,6.7,7.0,21.916824072471094,2.187547920488144,,215.3448616887331,4.286665659693978,,,,,,,,,,,,,,,,
626,2025-05-16 10:28:57.238622,39.8913129,0.0919106,4.620612621307373,-166.571962383738,23.670000000000016,49.0,1011.0,,6.8,6.0,18.356633079799188,2.256983663714608,,211.7846706960612,4.38549114550515,,,,,,,,,,,,,,,,
627,2025-05-16 10:29:02.240117,39.8913129,0.0919106,4.620612621307373,-166.571962383738,23.670000000000016,49.0,1011.0,,6.6,6.0,19.545923782024648,2.0620609658874502,,212.97396139828666,4.354343512110898,,,,,,,,,,,,,,,,
628,2025-05-16 10:29:07.239893,39.8913129,0.0919106,4.620612621307373,-166.571962383738,23.670000000000016,49.0,1011.0,,6.6,7.0,22.622166770527123,2.091076316047023,,216.05020438678912,4.2651094815137975,,,,,,,,,,,,,,,,
629,2025-05-16 10:29:12.238909,39.8913129,0.0919106,4.620612621307373,-166.571962383738,23.670000000000016,49.0,1011.0,,6.6,8.0,25.623187239259057,2.124039827554864,,219.05122485552107,4.166210441343187,,,,,,,,,,,,,,,,
630,2025-05-16 10:29:17.239876,39.8913129,0.0919106,4.620612621307373,-166.571962383738,23.670000000000016,49.0,1011.0,,6.4,8.0,27.416992580008802,1.9343741219839787,,220.8450301962708,4.101620151881135,,,,,,,,,,,,,,,,
631,2025-05-16 10:29:22.238397,39.8913129,0.0919106,4.620612621307373,-166.571962383738,23.670000000000016,49.0,1011.0,,6.3,9.0,31.6022957547313,1.8807241475127154,,225.0303333709933,3.935403207417343,,,,,,,,,,,,,,,,
632,2025-05-16 10:29:27.239802,39.8913129,0.0919106,4.620612621307373,-166.571962383738,23.670000000000016,49.0,1011.0,,6.3,8.0,28.45203318664612,1.840361994603856,,221.8800708029081,4.0625178026053,,,,,,,,,,,,,,,,
633,2025-05-16 10:29:32.240155,39.8913129,0.0919106,4.620612621307373,-166.571962383738,23.670000000000016,49.0,1011.0,,6.3,8.0,28.45203318664612,1.840361994603856,,221.8800708029081,4.0625178026053,,,,,,,,,,,,,,,,
634,2025-05-16 10:29:37.239630,39.8913129,0.0919106,4.620612621307373,-166.571962383738,23.670000000000016,49.0,1011.0,,6.4,9.0,30.486363259505406,1.973417917356338,,223.9144008757674,3.9818126178577318,,,,,,,,,,,,,,,,
635,2025-05-16 10:29:42.239589,39.8913129,0.0919106,4.620612621307373,-166.571962383738,23.670000000000016,49.0,1011.0,,6.2,10.0,35.93836932602533,1.834370013213914,,229.36640694228734,3.741073382024386,,,,,,,,,,,,,,,,
636,2025-05-16 10:29:47.240305,39.8913129,0.0919106,4.620612621307373,-166.571962383738,23.670000000000016,49.0,1011.0,,6.4,9.0,30.486363259505406,1.973417917356338,,223.9144008757674,3.9818126178577318,,,,,,,,,,,,,,,,
637,2025-05-16 10:29:52.238484,39.8913129,0.0919106,4.620612621307373,-166.571962383738,23.670000000000016,49.0,1011.0,,6.3,10.0,34.636226251523276,1.9247935782188443,,228.0642638677853,3.80173459914737,,,,,,,,,,,,,,,,
638,2025-05-16 10:29:57.240103,39.8913129,0.0919106,4.620612621307373,-166.571962383738,23.670000000000016,49.0,1011.0,,6.2,11.0,38.91244798531611,1.8833868364736202,,232.3404856015781,3.5953296385382765,,,,,,,,,,,,,,,,
639,2025-05-16 10:30:02.240171,39.8913129,0.0919106,4.620612621307373,-166.571962383738,23.670000000000016,49.0,1011.0,,6.1,12.0,43.29486831425627,1.8494428817535273,,236.72290593051827,3.363039798004424,,,,,,,,,,,,,,,,
640,2025-05-16 10:30:07.238794,39.8913129,0.0919106,4.620612621307373,-166.571962383738,23.670000000000016,49.0,1011.0,,6.1,11.0,40.406320996026615,1.795630743347152,,233.8343586122886,3.5184431109171217,,,,,,,,,,,,,,,,
641,2025-05-16 10:30:12.238603,39.8913129,0.0919106,4.620612621307373,-166.571962383738,23.670000000000016,49.0,1011.0,,6.3,11.0,37.55242149304892,1.972308846289235,,230.9804591093109,3.6632033684407,,,,,,,,,,,,,,,,
642,2025-05-16 10:30:17.238567,39.8913129,0.0919106,4.620612621307373,-166.571962383738,23.670000000000016,49.0,1011.0,,6.0,11.0,42.05245712696974,1.7092201605132047,,235.48049474323176,3.4309522312177343,,,,,,,,,,,,,,,,
643,2025-05-16 10:30:22.239079,39.8913129,0.0919106,4.620612621307373,-166.571962383738,23.670000000000016,49.0,1011.0,,6.0,9.0,35.71439230147252,1.6079049867826918,,229.14242991773452,3.751645979230018,,,,,,,,,,,,,,,,
644,2025-05-16 10:30:27.238940,39.8913129,0.0919106,4.620612621307373,-166.571962383738,23.670000000000016,49.0,1011.0,,6.0,6.0,24.974787147894954,1.4854143978442171,,218.40282476415695,4.18855609873963,,,,,,,,,,,,,,,,
645,2025-05-16 10:30:32.240286,39.8913129,0.0919106,4.620612621307373,-166.571962383738,23.670000000000016,49.0,1011.0,,6.1,7.0,27.404095251884737,1.6151691660741756,,220.83213286814674,4.102098977343188,,,,,,,,,,,,,,,,
646,2025-05-16 10:30:37.240115,39.8913129,0.0919106,4.620612621307373,-166.571962383738,23.670000000000016,49.0,1011.0,,5.9,6.0,26.314002100067253,1.3912282406937886,,219.74203971632926,4.141816076262217,,,,,,,,,,,,,,,,
647,2025-05-16 10:30:42.239531,39.8913129,0.0919106,4.620612621307373,-166.571962383738,23.670000000000016,49.0,1011.0,,6.0,6.0,24.974787147894954,1.4854143978442171,,218.40282476415695,4.18855609873963,,,,,,,,,,,,,,,,
648,2025-05-16 10:30:47.240133,39.8913129,0.0919106,4.620612621307373,-166.571962383738,23.670000000000016,49.0,1011.0,,6.2,5.0,19.153368715847858,1.646964339227058,,212.58140633210985,4.364832658088064,,,,,,,,,,,,,,,,
649,2025-05-16 10:30:52.239132,39.8913129,0.0919106,4.620612621307373,-166.571962383738,23.670000000000016,49.0,1011.0,,6.0,4.0,17.049370977757498,1.427507093456433,,210.4774085940195,4.417548101778132,,,,,,,,,,,,,,,,
650,2025-05-16 10:30:57.238383,39.8913129,0.0919106,4.620612621307373,-166.571962383738,23.670000000000016,49.0,1011.0,,6.0,5.0,21.080999724882002,1.453858126778024,,214.509037341144,4.311368255305198,,,,,,,,,,,,,,,,
651,2025-05-16 10:31:02.238154,39.8913129,0.0919106,4.620612621307373,-166.571962383738,23.670000000000016,49.0,1011.0,,5.9,4.0,18.021907359501935,1.3302811394991074,,211.44994497576394,4.393917476011771,,,,,,,,,,,,,,,,
652,2025-05-16 10:31:07.240182,39.8913129,0.0919106,4.620612621307373,-166.571962383738,23.670000000000016,49.0,1011.0,,5.7,6.0,29.61542266657846,1.2056683567490705,,223.04346028284047,4.016984755022878,,,,,,,,,,,,,,,,
653,2025-05-16 10:31:12.238289,39.8913129,0.0919106,4.620612621307373,-166.571962383738,23.670000000000016,49.0,1011.0,,5.7,6.0,29.61542266657846,1.2056683567490705,,223.04346028284047,4.016984755022878,,,,,,,,,,,,,,,,
654,2025-05-16 10:31:17.237707,39.8913129,0.0919106,4.620612621307373,-166.571962383738,23.670000000000016,49.0,1011.0,,5.4,9.0,49.83806238860385,1.1053636060080332,,243.26610000486585,2.9800647798241546,,,,,,,,,,,,,,,,
655,2025-05-16 10:31:22.239835,39.8913129,0.0919106,4.620612621307373,-166.571962383738,23.670000000000016,49.0,1011.0,,5.5,8.0,42.82597268820919,1.126039293377565,,236.2540103044712,3.388857990333796,,,,,,,,,,,,,,,,
656,2025-05-16 10:31:27.239820,39.8913129,0.0919106,4.620612621307373,-166.571962383738,23.670000000000016,49.0,1011.0,,5.5,9.0,46.66886632204255,1.1828286684861322,,240.09690393830454,3.1707277413314885,,,,,,,,,,,,,,,,
657,2025-05-16 10:31:32.238196,39.8913129,0.0919106,4.620612621307373,-166.571962383738,23.670000000000016,49.0,1011.0,,5.2,9.0,57.64371417977956,0.9629739282430724,,251.07175179604155,2.4728708003696562,,,,,,,,,,,,,,,,
658,2025-05-16 10:31:37.239813,39.8913129,0.0919106,4.620612621307373,-166.571962383738,23.670000000000016,49.0,1011.0,,5.5,8.0,42.82597268820919,1.126039293377565,,236.2540103044712,3.388857990333796,,,,,,,,,,,,,,,,
659,2025-05-16 10:31:42.240135,39.8913129,0.0919106,4.620612621307373,-166.571962383738,23.670000000000016,49.0,1011.0,,5.4,7.0,41.68045158006853,0.9896520705491835,,235.10848919633054,3.4509743304443785,,,,,,,,,,,,,,,,
660,2025-05-16 10:31:47.238557,39.8913129,0.0919106,4.620612621307373,-166.571962383738,23.670000000000016,49.0,1011.0,,5.6,9.0,43.89656932077756,1.2634629462308224,,237.32460693703956,3.3295793962206357,,,,,,,,,,,,,,,,
661,2025-05-16 10:31:52.239544,39.8913129,0.0919106,4.620612621307373,-166.571962383738,23.670000000000016,49.0,1011.0,,5.3,7.0,45.26850067533559,0.9092004596584163,,238.6965382915976,3.251919565787246,,,,,,,,,,,,,,,,
662,2025-05-16 10:31:57.240106,39.8913129,0.0919106,4.620612621307373,-166.571962383738,23.670000000000016,49.0,1011.0,,5.6,4.0,22.02292278940887,1.0417591539424407,,215.45096040567088,4.283464577785333,,,,,,,,,,,,,,,,
663,2025-05-16 10:32:02.240161,39.8913129,0.0919106,4.620612621307373,-166.571962383738,23.670000000000016,49.0,1011.0,,5.4,4.0,26.179013928192852,0.8538178677564031,,219.60705154445486,4.146630282592733,,,,,,,,,,,,,,,,
664,2025-05-16 10:32:07.238626,39.8913129,0.0919106,4.620612621307373,-166.571962383738,23.670000000000016,49.0,1011.0,,5.7,3.0,15.556620452656274,1.1123247493406963,,208.98465806891826,4.451340609695478,,,,,,,,,,,,,,,,
665,2025-05-16 10:32:12.240566,39.8913129,0.0919106,4.620612621307373,-166.571962383738,23.670000000000016,49.0,1011.0,,5.7,2.0,10.47518531636072,1.0941504879274948,,203.90322293262273,4.543604295427555,,,,,,,,,,,,,,,,
666,2025-05-16 10:32:17.240914,39.8913129,0.0919106,4.620612621307373,-166.571962383738,23.670000000000016,49.0,1011.0,,5.6,0.0,0.0,5.6,,193.428037616262,4.620612621307373,,,,,,,,,,,,,,,,
667,2025-05-16 10:32:22.240146,39.8913129,0.0919106,4.620612621307373,-166.571962383738,23.670000000000016,49.0,1011.0,,5.8,3.0,14.527223845161789,1.2101282169821432,,207.9552614614238,4.472885001093384,,,,,,,,,,,,,,,,
668,2025-05-16 10:32:27.237756,39.8913129,0.0919106,4.620612621307373,-166.571962383738,23.670000000000016,49.0,1011.0,,6.0,357.0,347.100908233171,1.406662080464764,,180.52894584943303,4.504010227890311,,,,,,,,,,,,,,,,
669,2025-05-16 10:32:32.240216,39.8913129,0.0919106,4.620612621307373,-166.571962383738,23.670000000000016,49.0,1011.0,,6.2,357.0,348.329130911821,1.6040530277077985,,181.75716852808299,4.525085092997611,,,,,,,,,,,,,,,,
670,2025-05-16 10:32:37.238651,39.8913129,0.0919106,4.620612621307373,-166.571962383738,23.670000000000016,49.0,1011.0,,6.1,0.0,0.0,6.1,,193.428037616262,4.620612621307373,,,,,,,,,,,,,,,,
671,2025-05-16 10:32:42.238303,39.8913129,0.0919106,4.620612621307373,-166.571962383738,23.670000000000016,49.0,1011.0,,6.0,1.0,4.34407660038362,1.382445094999616,,197.77211421664563,4.607338334521725,,,,,,,,,,,,,,,,
672,2025-05-16 10:32:47.239573,39.8913129,0.0919106,4.620612621307373,-166.571962383738,23.670000000000016,49.0,1011.0,,5.9,358.0,350.8317910146757,1.2923026513377833,,184.25982863093768,4.561583483929046,,,,,,,,,,,,,,,,
673,2025-05-16 10:32:52.240193,39.8913129,0.0919106,4.620612621307373,-166.571962383738,23.670000000000016,49.0,1011.0,,6.0,358.0,351.34556924284516,1.3915770078820686,,184.77360685910716,4.568001757336579,,,,,,,,,,,,,,,,
674,2025-05-16 10:32:57.240182,39.8913129,0.0919106,4.620612621307373,-166.571962383738,23.670000000000016,49.0,1011.0,,6.0,356.0,342.9506290222424,1.4275070934564316,,176.37866663850443,4.417548101778129,,,,,,,,,,,,,,,,
675,2025-05-16 10:33:02.239115,39.8913129,0.0919106,4.620612621307373,-166.571962383738,23.670000000000016,49.0,1011.0,,5.7,356.0,339.5360125446951,1.137273373725187,,172.9640501609571,4.32901556684563,,,,,,,,,,,,,,,,
676,2025-05-16 10:33:07.240136,39.8913129,0.0919106,4.620612621307373,-166.571962383738,23.670000000000016,49.0,1011.0,,5.8,353.0,328.11279774115206,1.338086021277826,,161.54083535741407,3.923314583859578,,,,,,,,,,,,,,,,
677,2025-05-16 10:33:12.240024,39.8913129,0.0919106,4.620612621307373,-166.571962383738,23.670000000000016,49.0,1011.0,,5.8,353.0,328.11279774115206,1.338086021277826,,161.54083535741407,3.923314583859578,,,,,,,,,,,,,,,,
678,2025-05-16 10:33:17.239792,39.8913129,0.0919106,4.620612621307373,-166.571962383738,23.670000000000016,49.0,1011.0,,5.9,353.0,329.7998778429865,1.429419443423915,,163.22791545924852,3.9934741027553247,,,,,,,,,,,,,,,,
679,2025-05-16 10:33:22.239896,39.8913129,0.0919106,4.620612621307373,-166.571962383738,23.670000000000016,49.0,1011.0,,6.0,354.0,335.02521285210486,1.4854143978442187,,168.45325046836686,4.188556098739624,,,,,,,,,,,,,,,,
680,2025-05-16 10:33:27.238297,39.8913129,0.0919106,4.620612621307373,-166.571962383738,23.670000000000016,49.0,1011.0,,6.0,358.0,351.34556924284516,1.3915770078820686,,184.77360685910716,4.568001757336579,,,,,,,,,,,,,,,,
681,2025-05-16 10:33:32.239770,39.8913129,0.0919106,4.620612621307373,-166.571962383738,23.670000000000016,49.0,1011.0,,5.7,358.0,349.5248146836393,1.0941504879274915,,182.9528522999013,4.543604295427555,,,,,,,,,,,,,,,,
682,2025-05-16 10:33:37.239762,39.8913129,0.0919106,4.620612621307373,-166.571962383738,23.670000000000016,49.0,1011.0,,5.8,358.0,350.2325656662857,1.193149494591236,,183.66060328254773,4.553634450934583,,,,,,,,,,,,,,,,
683,2025-05-16 10:33:42.240008,39.8913129,0.0919106,4.620612621307373,-166.571962383738,23.670000000000016,49.0,1011.0,,6.0,1.0,4.34407660038362,1.382445094999616,,197.77211421664563,4.607338334521725,,,,,,,,,,,,,,,,
684,2025-05-16 10:33:47.238598,39.8913129,0.0919106,4.620612621307373,-166.571962383738,23.670000000000016,49.0,1011.0,,5.9,358.0,350.8317910146757,1.2923026513377833,,184.25982863093768,4.561583483929046,,,,,,,,,,,,,,,,
685,2025-05-16 10:33:52.238976,39.8913129,0.0919106,4.620612621307373,-166.571962383738,23.670000000000016,49.0,1011.0,,5.7,358.0,349.5248146836393,1.0941504879274915,,182.9528522999013,4.543604295427555,,,,,,,,,,,,,,,,
686,2025-05-16 10:33:57.238491,39.8913129,0.0919106,4.620612621307373,-166.571962383738,23.670000000000016,49.0,1011.0,,5.7,356.0,339.5360125446951,1.137273373725187,,172.9640501609571,4.32901556684563,,,,,,,,,,,,,,,,
687,2025-05-16 10:34:02.239989,39.8913129,0.0919106,4.620612621307373,-166.571962383738,23.670000000000016,49.0,1011.0,,5.8,358.0,350.2325656662857,1.193149494591236,,183.66060328254773,4.553634450934583,,,,,,,,,,,,,,,,
688,2025-05-16 10:34:07.238530,39.8913129,0.0919106,4.620612621307373,-166.571962383738,23.670000000000016,49.0,1011.0,,5.6,356.0,337.97707721059106,1.0417591539424416,,171.40511482685307,4.28346457778533,,,,,,,,,,,,,,,,
689,2025-05-16 10:34:12.239216,39.8913129,0.0919106,4.620612621307373,-166.571962383738,23.670000000000016,49.0,1011.0,,5.8,359.0,355.09080495095236,1.1828431817186813,,188.51884256721436,4.6036622519361154,,,,,,,,,,,,,,,,
690,2025-05-16 10:34:17.238097,39.8913129,0.0919106,4.620612621307373,-166.571962383738,23.670000000000016,49.0,1011.0,,6.0,2.0,8.65443075715486,1.3915770078820737,,202.08246837341687,4.568001757336579,,,,,,,,,,,,,,,,
691,2025-05-16 10:34:22.239729,39.8913129,0.0919106,4.620612621307373,-166.571962383738,23.670000000000016,49.0,1011.0,,6.0,355.0,338.919000275118,1.4538581267780246,,172.34703789137998,4.311368255305197,,,,,,,,,,,,,,,,
692,2025-05-16 10:34:27.238389,39.8913129,0.0919106,4.620612621307373,-166.571962383738,23.670000000000016,49.0,1011.0,,6.1,356.0,343.79892675802506,1.5250918312120831,,177.22696437428706,4.437120976324703,,,,,,,,,,,,,,,,
693,2025-05-16 10:34:32.239785,39.8913129,0.0919106,4.620612621307373,-166.571962383738,23.670000000000016,49.0,1011.0,,6.0,356.0,342.9506290222424,1.4275070934564316,,176.37866663850443,4.417548101778129,,,,,,,,,,,,,,,,
694,2025-05-16 10:34:37.239796,39.8913129,0.0919106,4.620612621307373,-166.571962383738,23.670000000000016,49.0,1011.0,,6.3,350.0,325.3637737484767,1.924793578218844,,158.79181136473872,3.8017345991473697,,,,,,,,,,,,,,,,
695,2025-05-16 10:34:42.239565,39.8913129,0.0919106,4.620612621307373,-166.571962383738,23.670000000000016,49.0,1011.0,,6.6,350.0,328.6209055665553,2.2010409443885295,,162.04894318281728,3.9448057086835484,,,,,,,,,,,,,,,,
696,2025-05-16 10:34:47.241655,39.8913129,0.0919106,4.620612621307373,-166.571962383738,23.670000000000016,49.0,1011.0,,6.9,349.0,328.54921564593275,2.52331913186635,,161.97725326219475,3.9417922432702213,,,,,,,,,,,,,,,,
697,2025-05-16 10:34:52.238603,39.8913129,0.0919106,4.620612621307373,-166.571962383738,23.670000000000016,49.0,1011.0,,7.0,342.0,313.277022708849,2.97112244739339,,146.70506032511102,3.167552118715818,,,,,,,,,,,,,,,,
698,2025-05-16 10:34:57.239559,39.8913129,0.0919106,4.620612621307373,-166.571962383738,23.670000000000016,49.0,1011.0,,6.9,329.0,290.00537989219436,3.781964559733222,,123.43341750845636,1.580750279899545,,,,,,,,,,,,,,,,
699,2025-05-16 10:35:02.238569,39.8913129,0.0919106,4.620612621307373,-166.571962383738,23.670000000000016,49.0,1011.0,,6.8,330.0,290.4578841517739,3.6288755014792113,,123.8859217680359,1.6149908689070667,,,,,,,,,,,,,,,,
700,2025-05-16 10:35:07.240146,39.8913129,0.0919106,4.620612621307373,-166.571962383738,23.670000000000016,49.0,1011.0,,6.9,331.0,292.9174580080212,3.6318607848568756,,126.34549562428319,1.7992878881436607,,,,,,,,,,,,,,,,
701,2025-05-16 10:35:12.238183,39.8913129,0.0919106,4.620612621307373,-166.571962383738,23.670000000000016,49.0,1011.0,,6.7,331.0,290.8840361153243,3.4766254189432275,,124.31207373158631,1.6471453377991654,,,,,,,,,,,,,,,,
702,2025-05-16 10:35:17.239593,39.8913129,0.0919106,4.620612621307373,-166.571962383738,23.670000000000016,49.0,1011.0,,7.1,331.0,294.78204889184883,3.791292816114341,,128.21008650811083,1.9368113330463268,,,,,,,,,,,,,,,,
703,2025-05-16 10:35:22.240105,39.8913129,0.0919106,4.620612621307373,-166.571962383738,23.670000000000016,49.0,1011.0,,6.8,328.0,287.6437976618075,3.781327462512395,,121.07183527806953,1.4005004499170424,,,,,,,,,,,,,,,,
704,2025-05-16 10:35:27.238444,39.8913129,0.0919106,4.620612621307373,-166.571962383738,23.670000000000016,49.0,1011.0,,7.1,330.0,293.2904174866011,3.864944586740732,,126.71845510286309,1.8269527580921359,,,,,,,,,,,,,,,,
705,2025-05-16 10:35:32.240086,39.8913129,0.0919106,4.620612621307373,-166.571962383738,23.670000000000016,49.0,1011.0,,6.8,331.0,291.92295235987615,3.5536837974293207,,125.35098997613815,1.7251493338508188,,,,,,,,,,,,,,,,
706,2025-05-16 10:35:37.238298,39.8913129,0.0919106,4.620612621307373,-166.571962383738,23.670000000000016,49.0,1011.0,,6.7,325.0,282.723510690974,3.939704521457358,,116.15154830723603,1.0176736914850122,,,,,,,,,,,,,,,,
707,2025-05-16 10:35:42.238479,39.8913129,0.0919106,4.620612621307373,-166.571962383738,23.670000000000016,49.0,1011.0,,7.0,323.0,282.9645673618731,4.322900247577103,,116.3926049781351,1.036627257167931,,,,,,,,,,,,,,,,
708,2025-05-16 10:35:47.237443,39.8913129,0.0919106,4.620612621307373,-166.571962383738,23.670000000000016,49.0,1011.0,,6.8,327.0,286.29080377495256,3.8584613982240334,,119.71884139121457,1.296140301783744,,,,,,,,,,,,,,,,
709,2025-05-16 10:35:52.239569,39.8913129,0.0919106,4.620612621307373,-166.571962383738,23.670000000000016,49.0,1011.0,,6.3,326.0,279.70223039497,3.574035038717901,,113.130268011232,0.7787014516551123,,,,,,,,,,,,,,,,
710,2025-05-16 10:35:57.238106,39.867908,0.0084527,4.570000171661377,167.83220058749703,23.670000000000016,49.0,1011.0,,6.7,326.0,284.7236262001871,3.8737961735041493,,92.55582678768411,1.1614965313236196,,,,,,,,,,,,,,,,